Point_ID Label
0 53776
1 16932
2 39968
3 58314
4 49680
5 292
6 49920
7 2848
8 27521
9 39968
10 54564
11 18980
12 40736
13 58312
14 40736
15 18977
16 58344
17 53776
18 58177
19 49680
20 19274
21 60360
22 53792
23 25360
24 19275
25 18980
26 292
27 16420
28 27464
29 27464
30 18980
31 39968
32 18980
33 19208
34 18980
35 27466
36 19273
37 49680
38 60360
39 25443
40 16932
41 292
42 27403
43 40224
44 18980
45 58314
46 39968
47 58312
48 27153
49 59177
50 55072
51 18763
52 54057
53 27465
54 40480
55 53776
56 2340
57 25418
58 19274
59 40488
60 55844
61 19274
62 53284
63 16932
64 17185
65 39968
66 21008
67 40224
68 16932
69 18980
70 53812
71 18468
72 55136
73 18980
74 63328
75 60360
76 18980
77 18980
78 39968
79 56864
80 18980
81 39968
82 18980
83 2340
84 18980
85 28449
86 56872
87 58312
88 18980
89 60360
90 18980
91 2720
92 18980
93 39968
94 56888
95 18980
96 58153
97 18980
98 18980
99 18980
100 60201
101 10773
102 2912
103 54021
104 27552
105 18980
106 56096
107 11793
108 2400
109 40488
110 53796
111 53776
112 58312
113 55096
114 27466
115 58304
116 16928
117 58312
118 19274
119 19200
120 10769
121 21040
122 17226
123 2080
124 39968
125 17152
126 58313
127 58312
128 17226
129 16420
130 58312
131 27153
132 26384
133 28177
134 56872
135 39968
136 18980
137 15009
138 18761
139 18980
140 2340
141 18468
142 28177
143 16420
144 52920
145 16676
146 2592
147 40488
148 49976
149 16912
150 53032
151 52000
152 19211
153 58312
154 16420
155 19275
156 16932
157 26953
158 58312
159 18980
160 18763
161 27464
162 2340
163 2852
164 17060
165 39968
166 16932
167 37400
168 16676
169 58145
170 25377
171 2720
172 16676
173 18980
174 16932
175 18980
176 55081
177 19105
178 25345
179 26952
180 58312
181 63233
182 56097
183 18980
184 2080
185 28177
186 25416
187 58312
188 27465
189 18760
190 17226
191 39968
192 58312
193 18980
194 58312
195 27465
196 2596
197 58312
198 39968
199 2596
200 58314
201 54064
202 61217
203 18976
204 11793
205 40736
206 58312
207 2720
208 39200
209 19274
210 58312
211 28177
212 2596
213 58313
214 16932
215 49680
216 27153
217 53776
218 2721
219 18980
220 27401
221 28177
222 18980
223 19209
224 3605
225 58312
226 18761
227 2340
228 18980
229 28177
230 18980
231 19274
232 58312
233 53776
234 16932
235 53776
236 54048
237 39968
238 53776
239 40504
240 55056
241 19274
242 56872
243 26385
244 25418
245 16676
246 39968
247 53776
248 18762
249 40480
250 19274
251 18980
252 39968
253 53776
254 53796
255 54016
256 40480
257 60360
258 27393
259 28177
260 53776
261 21264
262 49994
263 18980
264 18980
265 19274
266 58312
267 18761
268 54040
269 19274
270 18980
271 28177
272 58312
273 55088
274 27560
275 11793
276 39968
277 58312
278 28177
279 53776
280 18980
281 58344
282 28177
283 18762
284 39968
285 40480
286 18468
287 39968
288 18468
289 18596
290 60360
291 26384
292 18980
293 56872
294 27153
295 18980
296 58337
297 49953
298 54072
299 40480
300 18980
301 40736
302 16932
303 53776
304 40504
305 39968
306 58312
307 17168
308 25418
309 49921
310 2848
311 17226
312 58312
313 54048
314 58312
315 49944
316 17226
317 16917
318 2336
319 39456
320 18761
321 2592
322 40480
323 49680
324 19104
325 27466
326 39968
327 27153
328 53776
329 58312
330 17226
331 58128
332 58312
333 27624
334 2608
335 18763
336 18980
337 38948
338 25360
339 37688
340 58312
341 58208
342 58313
343 18980
344 16928
345 28177
346 27466
347 19274
348 27425
349 53776
350 39968
351 27560
352 39968
353 40488
354 60225
355 16420
356 49680
357 16932
358 2340
359 18980
360 27153
361 40480
362 2608
363 18980
364 40496
365 50960
366 25440
367 25417
368 27465
369 49936
370 17177
371 27466
372 39968
373 18980
374 39968
375 18980
376 39968
377 63265
378 11793
379 27403
380 17168
381 17168
382 16912
383 18980
384 27401
385 58312
386 11793
387 54064
388 39968
389 58314
390 21040
391 18980
392 39968
393 39968
394 27157
395 17152
396 39968
397 39968
398 18980
399 50976
400 11793
401 16932
402 19108
403 19232
404 2592
405 19104
406 16932
407 54056
408 16420
409 56872
410 39968
411 55141
412 39968
413 18980
414 39968
415 3873
416 18980
417 18980
418 53776
419 18980
420 40224
421 25418
422 39968
423 6944
424 39968
425 28177
426 16932
427 53813
428 18980
429 55076
430 18596
431 18980
432 39968
433 18980
434 40504
435 39968
436 19274
437 39968
438 56872
439 40488
440 16932
441 27584
442 25361
443 40488
444 16932
445 39968
446 28177
447 40224
448 39968
449 39976
450 53796
451 18976
452 18980
453 56360
454 18980
455 18980
456 18980
457 18980
458 21028
459 6944
460 39968
461 16932
462 18468
463 18980
464 58240
465 18980
466 39968
467 53796
468 18980
469 16932
470 16932
471 59201
472 18468
473 18976
474 39968
475 39968
476 16420
477 39968
478 58312
479 18980
480 18980
481 16932
482 18980
483 57128
484 25418
485 40480
486 16932
487 39968
488 57120
489 27465
490 18762
491 56888
492 56376
493 19224
494 39968
495 2592
496 18980
497 39968
498 16932
499 28177
500 52001
501 2336
502 16932
503 55072
504 16420
505 53776
506 54032
507 60192
508 19360
509 58312
510 58312
511 19274
512 28177
513 18980
514 18763
515 39968
516 16932
517 18762
518 39968
519 40480
520 18980
521 39968
522 58312
523 28177
524 53776
525 18761
526 58128
527 26384
528 18980
529 17200
530 39968
531 49944
532 58312
533 54040
534 19236
535 25105
536 27153
537 27465
538 25417
539 55064
540 11793
541 58312
542 28177
543 16932
544 53776
545 27153
546 27467
547 61281
548 53776
549 18980
550 39968
551 26385
552 53776
553 40480
554 39968
555 18980
556 53776
557 18761
558 58312
559 17168
560 19273
561 27153
562 58184
563 40224
564 58312
565 58209
566 49680
567 56616
568 19104
569 18980
570 19273
571 56352
572 11793
573 19275
574 58312
575 28177
576 18761
577 18980
578 58312
579 27153
580 60360
581 16932
582 18761
583 40480
584 38948
585 19274
586 53776
587 58312
588 58312
589 17168
590 27467
591 49944
592 58337
593 17256
594 16932
595 25376
596 18760
597 17226
598 39968
599 39968
600 62240
601 25488
602 58314
603 25434
604 39968
605 27153
606 28177
607 39968
608 18980
609 58312
610 39968
611 16912
612 3605
613 2340
614 2596
615 25105
616 10769
617 16932
618 39968
619 39968
620 27465
621 18980
622 2340
623 52009
624 19275
625 27153
626 49952
627 27560
628 19233
629 26401
630 10769
631 53796
632 25418
633 58312
634 27153
635 38712
636 18980
637 52000
638 40480
639 55144
640 18980
641 58312
642 39968
643 18980
644 18761
645 16932
646 18980
647 19105
648 16932
649 18980
650 17060
651 39968
652 27153
653 27466
654 18468
655 39968
656 18763
657 58312
658 16932
659 18980
660 58314
661 16932
662 27465
663 18980
664 2976
665 19273
666 39968
667 38457
668 39968
669 39968
670 55072
671 27153
672 18976
673 2720
674 18980
675 56872
676 39968
677 39968
678 16932
679 18980
680 28177
681 39968
682 18980
683 53776
684 18980
685 25418
686 2408
687 17060
688 25417
689 25418
690 49680
691 18980
692 39968
693 54040
694 58313
695 21008
696 16932
697 39968
698 39968
699 63336
700 40488
701 55136
702 18980
703 53776
704 18763
705 2593
706 18980
707 16912
708 18980
709 18980
710 2977
711 58312
712 53776
713 18468
714 18763
715 55144
716 17188
717 39968
718 54021
719 2592
720 26384
721 18980
722 18980
723 18980
724 39968
725 16932
726 49956
727 52920
728 16932
729 17060
730 19104
731 11793
732 18980
733 39968
734 16932
735 58336
736 26953
737 17226
738 16676
739 58312
740 58312
741 17200
742 26953
743 39968
744 25347
745 39968
746 18980
747 55080
748 28177
749 53776
750 19275
751 17040
752 18980
753 56872
754 58312
755 11793
756 17226
757 17226
758 49680
759 58128
760 27409
761 28177
762 49944
763 16932
764 39472
765 49680
766 55136
767 51748
768 19274
769 55088
770 60360
771 54064
772 27466
773 18980
774 16420
775 39968
776 53776
777 58312
778 19273
779 16932
780 54048
781 40488
782 27153
783 54840
784 40736
785 16932
786 39456
787 2080
788 27153
789 17184
790 60360
791 11797
792 16932
793 28177
794 18192
795 58344
796 19274
797 25417
798 58312
799 27153
800 18980
801 28177
802 58344
803 58337
804 25409
805 18762
806 53808
807 18192
808 17224
809 25418
810 40480
811 18980
812 39968
813 18980
814 53776
815 58312
816 19274
817 58306
818 40760
819 58344
820 11793
821 28177
822 26384
823 39712
824 39968
825 2584
826 58312
827 53776
828 25416
829 28177
830 58312
831 39968
832 58312
833 2584
834 56872
835 39968
836 40736
837 3605
838 2589
839 27497
840 56352
841 18761
842 55136
843 25416
844 27153
845 27153
846 40504
847 19232
848 40480
849 16932
850 53776
851 25488
852 16932
853 64296
854 28177
855 19273
856 16912
857 19108
858 11793
859 25105
860 52008
861 53776
862 18761
863 39968
864 18980
865 27456
866 40480
867 18980
868 53808
869 18761
870 17184
871 18792
872 54032
873 18980
874 18689
875 39968
876 39968
877 40232
878 27153
879 18980
880 19208
881 38948
882 39968
883 19274
884 49976
885 53792
886 28177
887 58314
888 18980
889 62248
890 53776
891 58312
892 58144
893 39968
894 39968
895 27153
896 16932
897 53796
898 28177
899 17256
900 16932
901 49680
902 27153
903 39968
904 16932
905 16932
906 60256
907 39968
908 16929
909 16932
910 39968
911 58312
912 16932
913 19275
914 49680
915 19274
916 39968
917 26953
918 39968
919 53776
920 16912
921 18980
922 11793
923 18761
924 39968
925 55332
926 21028
927 27153
928 18720
929 25416
930 55136
931 28177
932 53025
933 39968
934 18980
935 17185
936 49680
937 3360
938 27465
939 19274
940 27153
941 28177
942 58312
943 16932
944 40496
945 39976
946 16932
947 40224
948 26953
949 39968
950 18689
951 39968
952 54328
953 25419
954 28177
955 18793
956 40496
957 52001
958 18980
959 16932
960 19232
961 39968
962 18980
963 39968
964 39968
965 39968
966 18980
967 39968
968 58312
969 18981
970 26384
971 2592
972 53776
973 2340
974 16932
975 58312
976 18720
977 27425
978 39968
979 40488
980 39968
981 2592
982 18980
983 2340
984 53776
985 58312
986 2340
987 58312
988 39968
989 39968
990 21024
991 16420
992 19275
993 16932
994 27153
995 28177
996 28177
997 26952
998 2340
999 11793
1000 53776
1001 21008
1002 18980
1003 16932
1004 18596
1005 40488
1006 55088
1007 19273
1008 39968
1009 6688
1010 10769
1011 40224
1012 39968
1013 17184
1014 40480
1015 18980
1016 40480
1017 58344
1018 40480
1019 18980
1020 18763
1021 11793
1022 58312
1023 18761
1024 21008
1025 27466
1026 55096
1027 26952
1028 17060
1029 51000
1030 17192
1031 58312
1032 27456
1033 58312
1034 39968
1035 56872
1036 39968
1037 51977
1038 39968
1039 24906
1040 58312
1041 53776
1042 49680
1043 53025
1044 39968
1045 18596
1046 40480
1047 18980
1048 26384
1049 58113
1050 39968
1051 56360
1052 39968
1053 18980
1054 27425
1055 19360
1056 40480
1057 18980
1058 18980
1059 18980
1060 2400
1061 16932
1062 27153
1063 58312
1064 56868
1065 53776
1066 58145
1067 54800
1068 16932
1069 60360
1070 63336
1071 28177
1072 25353
1073 18720
1074 25418
1075 18980
1076 18980
1077 40488
1078 55136
1079 28177
1080 49680
1081 25418
1082 25488
1083 18763
1084 26384
1085 18980
1086 39968
1087 28177
1088 19275
1089 53776
1090 28177
1091 53776
1092 40480
1093 28177
1094 49680
1095 16944
1096 63336
1097 49944
1098 25109
1099 38944
1100 53776
1101 25409
1102 39968
1103 19274
1104 39968
1105 19274
1106 39968
1107 53776
1108 53776
1109 18980
1110 58306
1111 18762
1112 39968
1113 53776
1114 39968
1115 18980
1116 18762
1117 40736
1118 39968
1119 17226
1120 58312
1121 28177
1122 28177
1123 39968
1124 18980
1125 39968
1126 55840
1127 37400
1128 25418
1129 25360
1130 53776
1131 17208
1132 58312
1133 54040
1134 18980
1135 25369
1136 19209
1137 18980
1138 18980
1139 39968
1140 55096
1141 25361
1142 11793
1143 27464
1144 17225
1145 18980
1146 58312
1147 292
1148 10769
1149 18596
1150 60360
1151 18980
1152 16932
1153 58113
1154 39968
1155 18980
1156 27465
1157 16912
1158 27153
1159 27488
1160 27153
1161 55136
1162 25488
1163 18763
1164 19274
1165 3360
1166 57120
1167 40488
1168 18468
1169 26953
1170 49680
1171 21008
1172 27465
1173 18980
1174 38712
1175 18762
1176 59137
1177 39968
1178 39968
1179 19274
1180 16912
1181 63273
1182 17226
1183 19208
1184 28177
1185 18761
1186 27153
1187 27153
1188 11793
1189 58145
1190 39968
1191 58312
1192 19304
1193 25376
1194 25418
1195 17168
1196 18980
1197 18980
1198 53776
1199 27153
1200 11797
1201 25368
1202 58336
1203 17224
1204 39968
1205 19224
1206 49944
1207 38457
1208 49952
1209 58336
1210 27584
1211 39968
1212 49680
1213 25353
1214 39968
1215 56888
1216 39968
1217 53796
1218 39968
1219 58312
1220 2852
1221 55073
1222 18763
1223 53776
1224 39972
1225 21040
1226 58312
1227 53776
1228 49680
1229 58314
1230 27153
1231 19108
1232 18763
1233 19233
1234 53776
1235 19273
1236 27153
1237 58312
1238 39968
1239 27153
1240 53776
1241 63233
1242 292
1243 58312
1244 56104
1245 18761
1246 17226
1247 27466
1248 25377
1249 40480
1250 53776
1251 17152
1252 18980
1253 11793
1254 54048
1255 58312
1256 58312
1257 53284
1258 39968
1259 58312
1260 49680
1261 28177
1262 53776
1263 58315
1264 21008
1265 19233
1266 49928
1267 2581
1268 24906
1269 55056
1270 56360
1271 58312
1272 39968
1273 39968
1274 18721
1275 39968
1276 17169
1277 58312
1278 2608
1279 18760
1280 28177
1281 58312
1282 21008
1283 28177
1284 60257
1285 53776
1286 59169
1287 2852
1288 2848
1289 2340
1290 16932
1291 25443
1292 49680
1293 18980
1294 58312
1295 18980
1296 59201
1297 58312
1298 59168
1299 55073
1300 53792
1301 18980
1302 18980
1303 18980
1304 58312
1305 60160
1306 40488
1307 2721
1308 19274
1309 18763
1310 28177
1311 56616
1312 58312
1313 18980
1314 18980
1315 25368
1316 39968
1317 39968
1318 27409
1319 2596
1320 63328
1321 27560
1322 39968
1323 60256
1324 58145
1325 52009
1326 17176
1327 18980
1328 51968
1329 40480
1330 39968
1331 39712
1332 18980
1333 18980
1334 18976
1335 40480
1336 39968
1337 49680
1338 18980
1339 18980
1340 18980
1341 40480
1342 18980
1343 18980
1344 56360
1345 18761
1346 17256
1347 18980
1348 58312
1349 11169
1350 18763
1351 18980
1352 16932
1353 16932
1354 53776
1355 39968
1356 40488
1357 39968
1358 19274
1359 55136
1360 55136
1361 39968
1362 18980
1363 21281
1364 58312
1365 39968
1366 18980
1367 39968
1368 58312
1369 18980
1370 18596
1371 53776
1372 18980
1373 18980
1374 54832
1375 49680
1376 40224
1377 53776
1378 53776
1379 40736
1380 18980
1381 49680
1382 39968
1383 53776
1384 39968
1385 55080
1386 58312
1387 39968
1388 19275
1389 39968
1390 18468
1391 52000
1392 55144
1393 40480
1394 18980
1395 55080
1396 60384
1397 19273
1398 18724
1399 54048
1400 39968
1401 53776
1402 54800
1403 27466
1404 49680
1405 16932
1406 18762
1407 11797
1408 40744
1409 10769
1410 18980
1411 49936
1412 40736
1413 18980
1414 55088
1415 17160
1416 40496
1417 18761
1418 57120
1419 53776
1420 21296
1421 39968
1422 49944
1423 58184
1424 39968
1425 28177
1426 53776
1427 39968
1428 16932
1429 2848
1430 21028
1431 28177
1432 58312
1433 18760
1434 39972
1435 19273
1436 2408
1437 58314
1438 27153
1439 11793
1440 19272
1441 53776
1442 25419
1443 16932
1444 39968
1445 16420
1446 27153
1447 53776
1448 27466
1449 28177
1450 49680
1451 21028
1452 27153
1453 56096
1454 19209
1455 58312
1456 11793
1457 39968
1458 39472
1459 16932
1460 26385
1461 11793
1462 292
1463 55072
1464 53776
1465 40488
1466 58344
1467 54040
1468 39968
1469 39968
1470 25432
1471 25109
1472 16912
1473 49936
1474 27584
1475 2608
1476 60360
1477 58312
1478 6944
1479 17168
1480 19273
1481 39968
1482 18980
1483 49680
1484 54040
1485 39968
1486 21008
1487 26953
1488 19273
1489 17153
1490 27153
1491 40488
1492 55136
1493 54048
1494 55072
1495 25418
1496 18980
1497 49952
1498 21008
1499 18980
1500 54564
1501 28177
1502 21028
1503 39968
1504 28177
1505 62312
1506 19275
1507 18976
1508 49921
1509 3872
1510 54840
1511 49680
1512 53776
1513 53776
1514 38457
1515 18980
1516 40480
1517 49680
1518 49952
1519 11793
1520 39968
1521 39712
1522 18980
1523 39968
1524 17226
1525 17224
1526 25419
1527 17188
1528 26384
1529 40736
1530 18763
1531 39968
1532 19241
1533 62312
1534 27466
1535 2408
1536 40488
1537 27153
1538 39968
1539 49680
1540 18468
1541 49680
1542 63264
1543 18980
1544 39968
1545 58312
1546 58312
1547 39968
1548 52008
1549 18980
1550 2852
1551 58312
1552 40480
1553 58312
1554 58312
1555 16932
1556 2584
1557 55041
1558 63336
1559 39968
1560 16420
1561 27560
1562 49944
1563 53776
1564 16932
1565 39968
1566 55136
1567 53776
1568 40488
1569 18980
1570 53776
1571 18980
1572 18763
1573 10773
1574 28177
1575 39968
1576 57121
1577 18762
1578 18980
1579 18596
1580 58312
1581 17226
1582 18761
1583 39976
1584 63337
1585 19248
1586 10773
1587 55072
1588 2852
1589 18980
1590 25504
1591 18980
1592 27153
1593 39968
1594 17184
1595 16932
1596 58312
1597 58312
1598 18980
1599 39968
1600 54832
1601 18980
1602 25345
1603 55136
1604 39208
1605 27488
1606 58312
1607 18980
1608 56376
1609 58336
1610 40504
1611 60193
1612 58312
1613 40480
1614 10913
1615 27153
1616 58152
1617 6944
1618 18980
1619 18980
1620 53284
1621 53776
1622 40480
1623 39968
1624 27425
1625 58312
1626 39968
1627 18980
1628 17060
1629 40480
1630 39968
1631 56872
1632 58312
1633 58312
1634 18763
1635 39968
1636 11793
1637 18792
1638 16932
1639 53776
1640 18980
1641 15009
1642 40480
1643 39968
1644 58312
1645 25417
1646 16932
1647 18980
1648 16676
1649 55096
1650 18980
1651 39968
1652 59168
1653 18980
1654 55844
1655 16932
1656 40480
1657 16932
1658 18980
1659 2596
1660 3873
1661 10913
1662 18980
1663 18976
1664 27465
1665 58312
1666 18961
1667 18980
1668 2340
1669 25418
1670 11793
1671 18980
1672 54072
1673 53776
1674 27464
1675 18976
1676 20264
1677 39968
1678 19200
1679 18980
1680 39968
1681 18980
1682 17185
1683 16420
1684 49952
1685 40488
1686 52000
1687 55136
1688 16933
1689 17226
1690 54832
1691 16932
1692 55096
1693 18980
1694 39968
1695 58312
1696 55136
1697 17184
1698 53776
1699 2596
1700 18980
1701 39968
1702 19236
1703 55072
1704 792
1705 40224
1706 19233
1707 39968
1708 55077
1709 27464
1710 58314
1711 49936
1712 16932
1713 16917
1714 39968
1715 2864
1716 25443
1717 58312
1718 28177
1719 49680
1720 54832
1721 49680
1722 18721
1723 39968
1724 53776
1725 58312
1726 17225
1727 18761
1728 39968
1729 39968
1730 19275
1731 60360
1732 2864
1733 17168
1734 39968
1735 18761
1736 18761
1737 21024
1738 58312
1739 17224
1740 19273
1741 16932
1742 18980
1743 27153
1744 53776
1745 58314
1746 27153
1747 17225
1748 18980
1749 10773
1750 19275
1751 18980
1752 39968
1753 58312
1754 28177
1755 49928
1756 51748
1757 55136
1758 53776
1759 55072
1760 18763
1761 39448
1762 10773
1763 58312
1764 58304
1765 27153
1766 39968
1767 49680
1768 40736
1769 21024
1770 27409
1771 53776
1772 25418
1773 25360
1774 53792
1775 39968
1776 58312
1777 28177
1778 51748
1779 18980
1780 53776
1781 55076
1782 11793
1783 39968
1784 40224
1785 58312
1786 18980
1787 10769
1788 58145
1789 18980
1790 40480
1791 18980
1792 18980
1793 39968
1794 18763
1795 18689
1796 25360
1797 11793
1798 18980
1799 40480
1800 18763
1801 25417
1802 52920
1803 17184
1804 62248
1805 21008
1806 40488
1807 19104
1808 18980
1809 18763
1810 49680
1811 57120
1812 16929
1813 58312
1814 2720
1815 60360
1816 60360
1817 58312
1818 18721
1819 60225
1820 27153
1821 19273
1822 26976
1823 18980
1824 58128
1825 18761
1826 60169
1827 49952
1828 18980
1829 39968
1830 58312
1831 18980
1832 58312
1833 58312
1834 40480
1835 28177
1836 27425
1837 60200
1838 40480
1839 28177
1840 25418
1841 25419
1842 60193
1843 27465
1844 58312
1845 60360
1846 292
1847 58345
1848 6688
1849 58312
1850 39968
1851 18980
1852 58312
1853 54040
1854 39968
1855 21024
1856 18980
1857 10773
1858 39968
1859 39968
1860 39968
1861 55072
1862 39968
1863 56888
1864 27464
1865 40736
1866 27552
1867 50016
1868 17168
1869 21024
1870 39968
1871 21024
1872 18761
1873 54048
1874 54056
1875 18980
1876 40480
1877 58312
1878 18977
1879 39968
1880 49680
1881 2849
1882 60360
1883 39968
1884 58312
1885 18980
1886 55136
1887 18468
1888 56888
1889 27553
1890 58312
1891 21008
1892 16932
1893 40224
1894 19274
1895 19273
1896 49952
1897 39968
1898 21028
1899 40480
1900 18980
1901 19104
1902 55056
1903 61281
1904 18980
1905 58312
1906 40224
1907 39968
1908 2592
1909 18980
1910 2340
1911 39968
1912 2340
1913 18980
1914 16912
1915 28177
1916 18721
1917 10769
1918 56376
1919 18980
1920 18980
1921 40504
1922 18980
1923 18980
1924 25377
1925 28177
1926 53808
1927 18980
1928 40480
1929 16929
1930 18720
1931 60360
1932 18980
1933 55064
1934 56376
1935 18980
1936 18980
1937 2336
1938 27553
1939 16676
1940 28177
1941 25360
1942 28177
1943 39968
1944 17168
1945 18980
1946 16932
1947 2592
1948 11797
1949 18980
1950 40480
1951 49952
1952 19105
1953 18980
1954 39968
1955 49936
1956 40480
1957 18980
1958 16932
1959 18980
1960 40480
1961 27553
1962 39968
1963 55041
1964 18980
1965 39968
1966 2721
1967 55136
1968 56888
1969 40480
1970 16932
1971 40224
1972 27157
1973 58208
1974 19236
1975 39968
1976 27153
1977 54800
1978 3605
1979 40480
1980 40480
1981 60161
1982 2589
1983 16420
1984 16928
1985 21040
1986 55072
1987 54072
1988 19274
1989 39968
1990 53284
1991 53776
1992 49680
1993 16912
1994 25360
1995 39968
1996 16932
1997 58208
1998 28177
1999 60360
2000 39972
2001 55096
2002 19274
2003 58312
2004 39208
2005 25418
2006 18980
2007 53776
2008 16912
2009 18762
2010 18980
2011 27153
2012 18763
2013 58312
2014 28177
2015 39968
2016 39968
2017 25440
2018 39968
2019 16932
2020 49976
2021 10592
2022 25418
2023 40224
2024 58312
2025 2608
2026 53776
2027 38457
2028 58345
2029 53776
2030 25434
2031 21008
2032 58345
2033 39968
2034 3360
2035 17226
2036 53776
2037 25418
2038 54836
2039 28177
2040 18980
2041 21040
2042 18762
2043 16932
2044 18980
2045 40480
2046 58313
2047 38448
2048 20264
2049 18720
2050 19241
2051 53776
2052 26953
2053 18980
2054 18980
2055 58312
2056 58314
2057 39968
2058 21028
2059 16912
2060 60360
2061 18762
2062 17176
2063 58144
2064 55096
2065 40736
2066 58312
2067 40224
2068 39968
2069 16932
2070 58312
2071 19273
2072 27465
2073 58312
2074 39968
2075 17188
2076 10769
2077 18980
2078 18720
2079 27424
2080 40224
2081 40480
2082 17176
2083 53776
2084 38948
2085 60360
2086 58312
2087 58312
2088 49936
2089 53776
2090 58312
2091 25418
2092 10913
2093 19200
2094 19232
2095 39968
2096 21281
2097 56360
2098 39968
2099 18721
2100 25360
2101 19201
2102 2848
2103 16714
2104 56888
2105 54056
2106 27425
2107 49956
2108 27488
2109 52001
2110 28177
2111 27153
2112 18761
2113 40744
2114 19275
2115 39968
2116 18980
2117 27465
2118 58312
2119 60264
2120 55081
2121 19232
2122 27465
2123 39968
2124 40488
2125 39968
2126 39968
2127 16932
2128 27465
2129 55844
2130 58312
2131 21028
2132 40480
2133 27521
2134 39968
2135 49945
2136 58312
2137 25344
2138 18980
2139 19274
2140 53792
2141 18980
2142 10913
2143 53776
2144 27393
2145 10913
2146 18980
2147 39968
2148 40480
2149 16932
2150 58153
2151 2592
2152 58184
2153 56360
2154 58312
2155 53776
2156 39968
2157 11793
2158 40224
2159 50977
2160 28177
2161 39968
2162 39968
2163 18980
2164 18980
2165 40480
2166 25417
2167 51968
2168 27465
2169 40480
2170 17224
2171 49952
2172 18976
2173 2592
2174 39968
2175 39968
2176 27464
2177 11169
2178 40480
2179 2721
2180 18980
2181 55144
2182 2721
2183 18976
2184 16932
2185 27153
2186 61217
2187 18980
2188 39968
2189 18468
2190 16912
2191 39968
2192 18980
2193 56360
2194 2848
2195 19232
2196 19104
2197 49960
2198 40480
2199 60193
2200 39968
2201 25418
2202 18980
2203 18724
2204 10913
2205 25361
2206 56872
2207 10913
2208 18980
2209 16932
2210 16932
2211 40480
2212 18980
2213 27409
2214 53776
2215 16932
2216 19272
2217 18980
2218 10773
2219 39968
2220 2608
2221 27153
2222 53776
2223 60352
2224 53776
2225 53776
2226 55072
2227 58313
2228 53776
2229 28177
2230 18761
2231 39968
2232 25377
2233 49944
2234 19273
2235 53776
2236 27153
2237 28177
2238 27153
2239 27466
2240 49680
2241 19232
2242 49994
2243 19274
2244 18980
2245 28177
2246 53776
2247 60353
2248 53776
2249 18761
2250 18980
2251 40480
2252 58337
2253 25417
2254 16933
2255 11797
2256 28177
2257 40480
2258 39968
2259 53776
2260 55072
2261 53776
2262 28177
2263 54057
2264 39456
2265 19274
2266 40480
2267 19209
2268 58312
2269 52000
2270 39968
2271 53776
2272 16912
2273 11793
2274 27153
2275 19273
2276 39472
2277 51984
2278 18980
2279 39968
2280 39968
2281 39968
2282 2596
2283 49936
2284 26953
2285 54064
2286 17168
2287 18980
2288 39968
2289 19274
2290 53792
2291 55080
2292 18980
2293 21040
2294 19275
2295 40480
2296 58312
2297 58312
2298 27392
2299 27153
2300 18763
2301 27465
2302 27464
2303 39968
2304 17226
2305 39968
2306 19233
2307 26953
2308 53776
2309 28177
2310 21028
2311 39968
2312 55144
2313 53776
2314 58312
2315 17184
2316 53776
2317 18980
2318 39968
2319 56360
2320 16932
2321 39968
2322 60361
2323 39968
2324 18468
2325 58312
2326 63296
2327 18980
2328 60201
2329 64289
2330 56880
2331 18763
2332 39968
2333 40760
2334 25360
2335 17208
2336 21028
2337 20264
2338 58312
2339 52000
2340 536
2341 58312
2342 56608
2343 16932
2344 39968
2345 58312
2346 39968
2347 19104
2348 53776
2349 54057
2350 18980
2351 17226
2352 59177
2353 55136
2354 18980
2355 54832
2356 27424
2357 25416
2358 54056
2359 28488
2360 39968
2361 63337
2362 19274
2363 58312
2364 54564
2365 20297
2366 50977
2367 27401
2368 58312
2369 39968
2370 2596
2371 2848
2372 25419
2373 16714
2374 25443
2375 16932
2376 18980
2377 52001
2378 19232
2379 50960
2380 53776
2381 18980
2382 16932
2383 40224
2384 39968
2385 26385
2386 39968
2387 27553
2388 54049
2389 18760
2390 2976
2391 60160
2392 53792
2393 10913
2394 40480
2395 58312
2396 19274
2397 26953
2398 53776
2399 292
2400 19232
2401 27153
2402 25377
2403 2592
2404 18980
2405 17185
2406 16932
2407 20265
2408 25353
2409 16912
2410 18980
2411 40488
2412 39968
2413 54032
2414 17184
2415 53776
2416 39968
2417 55136
2418 18980
2419 18792
2420 19273
2421 16420
2422 36640
2423 18980
2424 40224
2425 19233
2426 54049
2427 19232
2428 18980
2429 16932
2430 16420
2431 2720
2432 56872
2433 25368
2434 28488
2435 18980
2436 18980
2437 17224
2438 18721
2439 10913
2440 10913
2441 58312
2442 17226
2443 16932
2444 39968
2445 39968
2446 16933
2447 18980
2448 27464
2449 54032
2450 40224
2451 56104
2452 16932
2453 18980
2454 18720
2455 53808
2456 18980
2457 39968
2458 39968
2459 55136
2460 55144
2461 21024
2462 39976
2463 55072
2464 39968
2465 3360
2466 63336
2467 18762
2468 39968
2469 26953
2470 2336
2471 19233
2472 18468
2473 18468
2474 2592
2475 18468
2476 58312
2477 2912
2478 18980
2479 25360
2480 51992
2481 18980
2482 25344
2483 39968
2484 55080
2485 53776
2486 57120
2487 39968
2488 63264
2489 25418
2490 2721
2491 37400
2492 40488
2493 18761
2494 59233
2495 53776
2496 16917
2497 39968
2498 18762
2499 49680
2500 18763
2501 49680
2502 53776
2503 18980
2504 39968
2505 17224
2506 19233
2507 39968
2508 27153
2509 60353
2510 18980
2511 55072
2512 19275
2513 40736
2514 18761
2515 19233
2516 53776
2517 27466
2518 18762
2519 39968
2520 19211
2521 27456
2522 55840
2523 27457
2524 28177
2525 18976
2526 26464
2527 58312
2528 17226
2529 27153
2530 55080
2531 49944
2532 17188
2533 40480
2534 24906
2535 40224
2536 28177
2537 53812
2538 54032
2539 19273
2540 53776
2541 58212
2542 28177
2543 17226
2544 39968
2545 18721
2546 55136
2547 16932
2548 19201
2549 58312
2550 18761
2551 39968
2552 53776
2553 58219
2554 53776
2555 18980
2556 18762
2557 28177
2558 18980
2559 17256
2560 19232
2561 53776
2562 58312
2563 25432
2564 18980
2565 53812
2566 39968
2567 52001
2568 59233
2569 25418
2570 53776
2571 60360
2572 18785
2573 27153
2574 58312
2575 27488
2576 18980
2577 53776
2578 39968
2579 39968
2580 58312
2581 57120
2582 11797
2583 17176
2584 40736
2585 39712
2586 27425
2587 58312
2588 17224
2589 18980
2590 39968
2591 18980
2592 54032
2593 60233
2594 57120
2595 18762
2596 53776
2597 2848
2598 56376
2599 39968
2600 60360
2601 27560
2602 39968
2603 18980
2604 58344
2605 16932
2606 27153
2607 26953
2608 19274
2609 18980
2610 56616
2611 27592
2612 58314
2613 58312
2614 53024
2615 28177
2616 52000
2617 38944
2618 2340
2619 16932
2620 10769
2621 25344
2622 58312
2623 17226
2624 55840
2625 19104
2626 58312
2627 18980
2628 60224
2629 39968
2630 17160
2631 39968
2632 55072
2633 27464
2634 58312
2635 39968
2636 17226
2637 60257
2638 18980
2639 55840
2640 60257
2641 39968
2642 58145
2643 53776
2644 39968
2645 49936
2646 55136
2647 25544
2648 40480
2649 25345
2650 10913
2651 19233
2652 58315
2653 27153
2654 55077
2655 49944
2656 18980
2657 18976
2658 56864
2659 38448
2660 17168
2661 56616
2662 27593
2663 17226
2664 18980
2665 19200
2666 16714
2667 39968
2668 39968
2669 16932
2670 19273
2671 17060
2672 39968
2673 39968
2674 27393
2675 39968
2676 49952
2677 27424
2678 49680
2679 40480
2680 16932
2681 19233
2682 52920
2683 39968
2684 59233
2685 2852
2686 2340
2687 18980
2688 56872
2689 58312
2690 53284
2691 2976
2692 39968
2693 55136
2694 55136
2695 39968
2696 18980
2697 60160
2698 39968
2699 18980
2700 39968
2701 39968
2702 28177
2703 16932
2704 49680
2705 39968
2706 40480
2707 40488
2708 18762
2709 51976
2710 39472
2711 56888
2712 18980
2713 18980
2714 18980
2715 27465
2716 40480
2717 19232
2718 10769
2719 55072
2720 39968
2721 39968
2722 53776
2723 2340
2724 16932
2725 18980
2726 39968
2727 2720
2728 39968
2729 18980
2730 39968
2731 56868
2732 18980
2733 39968
2734 2721
2735 2581
2736 18980
2737 21008
2738 52920
2739 39968
2740 18760
2741 54840
2742 19275
2743 27153
2744 49680
2745 39968
2746 18980
2747 18980
2748 56376
2749 53796
2750 39968
2751 53048
2752 16932
2753 62241
2754 18980
2755 21028
2756 18980
2757 2977
2758 3360
2759 2721
2760 40480
2761 39968
2762 18980
2763 19105
2764 16932
2765 55332
2766 58312
2767 56872
2768 53813
2769 40480
2770 18468
2771 58312
2772 53776
2773 21008
2774 39968
2775 25419
2776 17168
2777 53776
2778 49921
2779 2592
2780 53776
2781 18980
2782 40232
2783 18763
2784 26384
2785 17224
2786 39968
2787 58344
2788 2593
2789 18763
2790 20256
2791 58313
2792 39968
2793 55332
2794 53776
2795 49944
2796 39448
2797 39712
2798 16420
2799 53776
2800 24906
2801 27465
2802 55088
2803 27393
2804 17226
2805 52920
2806 58314
2807 27153
2808 53776
2809 40752
2810 18763
2811 25109
2812 39968
2813 39968
2814 3872
2815 18981
2816 11793
2817 33560
2818 53776
2819 19305
2820 18980
2821 58312
2822 19236
2823 27403
2824 39968
2825 18980
2826 62248
2827 53776
2828 18763
2829 2864
2830 53776
2831 18980
2832 27464
2833 56872
2834 55077
2835 18980
2836 60360
2837 38948
2838 49680
2839 56872
2840 40496
2841 28177
2842 25347
2843 16932
2844 49680
2845 27467
2846 17200
2847 53284
2848 28177
2849 16932
2850 26385
2851 27465
2852 18980
2853 18980
2854 25377
2855 17184
2856 27153
2857 39968
2858 18980
2859 37400
2860 20297
2861 792
2862 58314
2863 40736
2864 58312
2865 58312
2866 60360
2867 19275
2868 28177
2869 18720
2870 2584
2871 27153
2872 39972
2873 18980
2874 49953
2875 39968
2876 39968
2877 19104
2878 19232
2879 18980
2880 58312
2881 40496
2882 60192
2883 58312
2884 54800
2885 19233
2886 18980
2887 55072
2888 39968
2889 53784
2890 16932
2891 40488
2892 39968
2893 40496
2894 55136
2895 54049
2896 16420
2897 55077
2898 17168
2899 19232
2900 51968
2901 58187
2902 25105
2903 16944
2904 40224
2905 39968
2906 55080
2907 39968
2908 58312
2909 53776
2910 11793
2911 25417
2912 11169
2913 16676
2914 53796
2915 11169
2916 16676
2917 39968
2918 55144
2919 39720
2920 55048
2921 39968
2922 26401
2923 53776
2924 53776
2925 55141
2926 28177
2927 11793
2928 63296
2929 19274
2930 39968
2931 56097
2932 56872
2933 55136
2934 40736
2935 18980
2936 18980
2937 19233
2938 40224
2939 27464
2940 16932
2941 27433
2942 21028
2943 54049
2944 18980
2945 53776
2946 40488
2947 16932
2948 56868
2949 45729
2950 21028
2951 2721
2952 39968
2953 55096
2954 40504
2955 40480
2956 39968
2957 20297
2958 56608
2959 53048
2960 39968
2961 18468
2962 58176
2963 39968
2964 53796
2965 40480
2966 19104
2967 40736
2968 18980
2969 28177
2970 21040
2971 55056
2972 3605
2973 55144
2974 40480
2975 60360
2976 18980
2977 2721
2978 55072
2979 18980
2980 54064
2981 18980
2982 55136
2983 2848
2984 2976
2985 2976
2986 2080
2987 18980
2988 2340
2989 49953
2990 17060
2991 58312
2992 58312
2993 54048
2994 55056
2995 2340
2996 19296
2997 10913
2998 55136
2999 55072
3000 2721
3001 39968
3002 18980
3003 2080
3004 15009
3005 40480
3006 18980
3007 40488
3008 2721
3009 40488
3010 63264
3011 58312
3012 58312
3013 18980
3014 16932
3015 55048
3016 21264
3017 49680
3018 40480
3019 16912
3020 39968
3021 27153
3022 27153
3023 27153
3024 49680
3025 55136
3026 19275
3027 27465
3028 39968
3029 49680
3030 58240
3031 49960
3032 27153
3033 19201
3034 800
3035 18980
3036 57128
3037 49952
3038 27153
3039 58209
3040 58312
3041 19275
3042 18980
3043 40480
3044 27466
3045 11797
3046 60352
3047 61216
3048 17168
3049 17225
3050 53776
3051 60353
3052 16932
3053 18980
3054 39968
3055 18761
3056 39968
3057 58153
3058 53776
3059 58312
3060 19273
3061 19273
3062 58312
3063 39968
3064 58312
3065 18980
3066 15009
3067 18763
3068 58128
3069 49936
3070 53776
3071 18980
3072 16932
3073 39968
3074 27489
3075 19104
3076 18761
3077 17176
3078 16932
3079 39968
3080 19233
3081 2336
3082 2340
3083 21040
3084 18980
3085 2340
3086 49680
3087 39968
3088 18762
3089 64288
3090 49680
3091 58344
3092 18980
3093 26953
3094 18763
3095 11793
3096 53808
3097 19272
3098 58312
3099 25449
3100 60360
3101 27458
3102 28177
3103 25488
3104 19274
3105 19232
3106 18763
3107 28177
3108 58312
3109 2596
3110 60360
3111 20296
3112 19236
3113 18980
3114 18980
3115 56888
3116 54056
3117 16714
3118 27153
3119 40480
3120 27409
3121 55144
3122 18980
3123 58314
3124 27393
3125 58312
3126 18980
3127 10913
3128 61217
3129 58312
3130 27465
3131 63336
3132 3605
3133 53776
3134 18980
3135 60353
3136 19275
3137 26384
3138 18980
3139 18721
3140 15009
3141 17060
3142 53796
3143 18762
3144 55080
3145 55141
3146 25385
3147 26384
3148 58312
3149 56872
3150 56872
3151 40752
3152 2976
3153 18980
3154 11793
3155 19232
3156 55136
3157 16912
3158 18980
3159 19360
3160 10913
3161 55088
3162 10913
3163 40480
3164 58112
3165 54021
3166 27393
3167 19233
3168 18980
3169 39972
3170 58312
3171 18980
3172 39456
3173 28177
3174 40224
3175 19105
3176 2721
3177 18980
3178 57120
3179 11793
3180 55080
3181 2977
3182 18980
3183 28177
3184 16420
3185 28177
3186 52001
3187 49680
3188 39968
3189 2721
3190 55072
3191 2721
3192 11169
3193 2720
3194 19104
3195 38457
3196 10913
3197 16676
3198 40480
3199 37656
3200 53776
3201 25376
3202 11169
3203 55136
3204 10913
3205 2721
3206 56872
3207 57120
3208 39968
3209 11793
3210 40480
3211 54564
3212 49994
3213 40480
3214 39472
3215 28177
3216 21028
3217 54032
3218 63336
3219 27157
3220 27467
3221 49680
3222 16932
3223 39968
3224 27392
3225 21296
3226 54328
3227 27457
3228 55088
3229 17168
3230 53776
3231 39968
3232 28177
3233 19233
3234 10769
3235 49680
3236 25416
3237 2589
3238 53808
3239 17226
3240 39968
3241 49994
3242 58344
3243 39968
3244 39968
3245 25488
3246 58312
3247 28177
3248 53776
3249 17226
3250 18980
3251 37688
3252 60352
3253 39968
3254 53776
3255 19233
3256 58312
3257 55080
3258 58312
3259 58312
3260 18980
3261 39968
3262 55072
3263 55136
3264 18980
3265 55144
3266 39472
3267 19274
3268 39968
3269 60360
3270 53284
3271 19985
3272 18980
3273 39968
3274 39968
3275 27465
3276 58344
3277 18761
3278 39968
3279 56888
3280 16917
3281 18192
3282 55080
3283 16932
3284 21280
3285 17044
3286 49680
3287 53776
3288 39968
3289 18761
3290 11793
3291 2400
3292 18980
3293 19240
3294 58312
3295 58312
3296 18763
3297 11797
3298 40480
3299 2336
3300 24906
3301 2852
3302 58112
3303 16912
3304 21264
3305 2340
3306 2852
3307 19240
3308 58312
3309 53776
3310 56872
3311 40488
3312 18980
3313 58312
3314 56352
3315 39968
3316 39968
3317 39968
3318 55136
3319 56872
3320 64289
3321 53792
3322 52000
3323 18980
3324 18980
3325 58312
3326 45729
3327 52016
3328 39968
3329 58312
3330 54048
3331 16932
3332 27467
3333 53776
3334 58312
3335 39968
3336 58312
3337 40224
3338 18980
3339 18980
3340 2976
3341 10913
3342 25352
3343 55072
3344 55080
3345 28177
3346 27153
3347 19240
3348 51000
3349 16928
3350 45729
3351 28177
3352 11797
3353 55840
3354 18980
3355 16714
3356 18762
3357 18980
3358 40480
3359 2721
3360 18976
3361 2849
3362 39968
3363 2336
3364 40480
3365 40224
3366 11169
3367 18980
3368 40480
3369 2720
3370 17168
3371 39968
3372 27456
3373 56360
3374 2581
3375 27153
3376 39968
3377 39968
3378 28177
3379 37656
3380 21040
3381 60257
3382 49953
3383 56888
3384 16932
3385 55332
3386 2852
3387 58312
3388 54048
3389 53792
3390 53776
3391 2721
3392 16912
3393 39968
3394 40488
3395 58312
3396 58312
3397 63296
3398 63337
3399 39968
3400 16932
3401 11793
3402 52920
3403 11797
3404 39968
3405 25418
3406 18980
3407 40488
3408 60360
3409 39968
3410 2592
3411 40480
3412 19233
3413 2721
3414 59201
3415 39968
3416 60193
3417 19233
3418 18980
3419 18980
3420 2336
3421 27553
3422 60192
3423 18980
3424 16932
3425 58312
3426 39968
3427 55136
3428 16932
3429 40736
3430 19232
3431 2340
3432 18980
3433 55136
3434 63328
3435 39968
3436 39968
3437 39968
3438 816
3439 25376
3440 55080
3441 19275
3442 27465
3443 39968
3444 27157
3445 56880
3446 39968
3447 55076
3448 54072
3449 19274
3450 39712
3451 26953
3452 56616
3453 40488
3454 18761
3455 40480
3456 60360
3457 40752
3458 49680
3459 40736
3460 58176
3461 49944
3462 28177
3463 25544
3464 38712
3465 27466
3466 27153
3467 53776
3468 18981
3469 19232
3470 28177
3471 27466
3472 28177
3473 51992
3474 39968
3475 25360
3476 18980
3477 53776
3478 17168
3479 40480
3480 39972
3481 52008
3482 40480
3483 49680
3484 28177
3485 2581
3486 55056
3487 18793
3488 18763
3489 27157
3490 58312
3491 55096
3492 18977
3493 18976
3494 25418
3495 18762
3496 21008
3497 49952
3498 28488
3499 19209
3500 56608
3501 18980
3502 18980
3503 3605
3504 18980
3505 63336
3506 18980
3507 2592
3508 25360
3509 18785
3510 2596
3511 58312
3512 18961
3513 49680
3514 28181
3515 25361
3516 27464
3517 24906
3518 55073
3519 49680
3520 40480
3521 19233
3522 55840
3523 18980
3524 16714
3525 52001
3526 56888
3527 39968
3528 39968
3529 39968
3530 19274
3531 28177
3532 3872
3533 19274
3534 60360
3535 58312
3536 39968
3537 58312
3538 17226
3539 17060
3540 28449
3541 25416
3542 18980
3543 16932
3544 63272
3545 40736
3546 38457
3547 28177
3548 49680
3549 39968
3550 25416
3551 58312
3552 40488
3553 18980
3554 38944
3555 39968
3556 49680
3557 54800
3558 40480
3559 58312
3560 58217
3561 16932
3562 39968
3563 18980
3564 55136
3565 25360
3566 16917
3567 18980
3568 16932
3569 18980
3570 28488
3571 2721
3572 18762
3573 18980
3574 11169
3575 27157
3576 51560
3577 16932
3578 16932
3579 58312
3580 61281
3581 57120
3582 27457
3583 11169
3584 17224
3585 11169
3586 2721
3587 40232
3588 18980
3589 57129
3590 27464
3591 19273
3592 55141
3593 10769
3594 63296
3595 18980
3596 39968
3597 55072
3598 10769
3599 58176
3600 16714
3601 39968
3602 21008
3603 25347
3604 40480
3605 25345
3606 39968
3607 40480
3608 10913
3609 40480
3610 18980
3611 16932
3612 25360
3613 39200
3614 54052
3615 58312
3616 55072
3617 27553
3618 39968
3619 49960
3620 16932
3621 38456
3622 16912
3623 10913
3624 40480
3625 54840
3626 40224
3627 27153
3628 39968
3629 55141
3630 27464
3631 52009
3632 60352
3633 39968
3634 2608
3635 27560
3636 55072
3637 40480
3638 55073
3639 19273
3640 40480
3641 26953
3642 40224
3643 39968
3644 16944
3645 18980
3646 18980
3647 27488
3648 27153
3649 60360
3650 54040
3651 55136
3652 10913
3653 16932
3654 18980
3655 21028
3656 2592
3657 40480
3658 292
3659 55081
3660 18761
3661 39968
3662 16932
3663 28177
3664 18980
3665 2336
3666 58312
3667 56872
3668 27496
3669 63273
3670 39968
3671 18980
3672 18980
3673 18980
3674 53796
3675 39968
3676 39968
3677 55077
3678 18762
3679 53776
3680 18980
3681 27153
3682 40496
3683 16420
3684 40480
3685 49944
3686 16932
3687 17224
3688 40480
3689 53776
3690 24904
3691 25347
3692 28177
3693 53776
3694 21008
3695 2592
3696 16917
3697 55144
3698 18761
3699 58312
3700 28177
3701 40480
3702 53776
3703 38704
3704 37656
3705 19360
3706 18763
3707 39968
3708 56888
3709 27401
3710 28177
3711 53776
3712 18980
3713 18980
3714 16714
3715 49680
3716 19211
3717 26953
3718 49680
3719 27466
3720 19274
3721 25440
3722 58312
3723 18980
3724 25440
3725 19104
3726 28177
3727 54832
3728 19200
3729 40480
3730 16932
3731 58312
3732 18980
3733 18980
3734 2856
3735 18980
3736 38704
3737 17226
3738 55072
3739 52000
3740 11793
3741 19241
3742 52008
3743 39968
3744 26953
3745 18763
3746 55144
3747 17226
3748 60360
3749 58312
3750 16912
3751 60161
3752 40224
3753 28177
3754 39208
3755 28177
3756 28177
3757 54049
3758 26952
3759 58312
3760 25440
3761 60360
3762 58312
3763 10913
3764 27466
3765 58312
3766 39968
3767 16929
3768 26384
3769 18980
3770 19240
3771 18980
3772 18761
3773 18689
3774 58312
3775 2721
3776 60360
3777 19233
3778 11169
3779 19274
3780 53776
3781 55072
3782 19274
3783 56360
3784 39968
3785 39972
3786 11169
3787 19274
3788 54328
3789 16932
3790 51992
3791 59137
3792 55048
3793 39968
3794 54021
3795 25377
3796 2848
3797 63328
3798 16912
3799 58304
3800 16420
3801 40480
3802 18760
3803 39968
3804 55048
3805 39968
3806 54048
3807 39968
3808 2721
3809 10913
3810 16912
3811 53796
3812 18468
3813 11169
3814 19236
3815 58312
3816 18760
3817 18980
3818 39968
3819 54048
3820 63233
3821 45729
3822 53776
3823 18980
3824 18980
3825 38712
3826 55072
3827 39968
3828 27465
3829 19108
3830 39968
3831 17176
3832 19236
3833 39976
3834 2976
3835 40480
3836 17184
3837 39968
3838 39968
3839 17184
3840 58336
3841 27584
3842 57121
3843 58312
3844 25376
3845 57120
3846 11169
3847 55136
3848 15009
3849 40488
3850 55136
3851 18980
3852 40480
3853 39968
3854 53796
3855 18980
3856 39968
3857 58208
3858 58152
3859 40480
3860 49936
3861 39968
3862 17193
3863 18976
3864 10913
3865 63296
3866 39968
3867 18980
3868 39968
3869 16932
3870 16932
3871 39968
3872 18980
3873 824
3874 40480
3875 16932
3876 40480
3877 55080
3878 17200
3879 39968
3880 18763
3881 54040
3882 39976
3883 39968
3884 28177
3885 21024
3886 28177
3887 18763
3888 18980
3889 16932
3890 39968
3891 27465
3892 63273
3893 49680
3894 18761
3895 40496
3896 18761
3897 54840
3898 54072
3899 60225
3900 25360
3901 27464
3902 19275
3903 58312
3904 19272
3905 58144
3906 19275
3907 58344
3908 25417
3909 55088
3910 54052
3911 18980
3912 21008
3913 10769
3914 58344
3915 58312
3916 53776
3917 51748
3918 21028
3919 25418
3920 27458
3921 58216
3922 27464
3923 27153
3924 40736
3925 25418
3926 27393
3927 39968
3928 39968
3929 18762
3930 58312
3931 39968
3932 58312
3933 58312
3934 58312
3935 27153
3936 2720
3937 40480
3938 53813
3939 28177
3940 21008
3941 16932
3942 54072
3943 16714
3944 58312
3945 2340
3946 27457
3947 60360
3948 39968
3949 60360
3950 2721
3951 58312
3952 57144
3953 11797
3954 18721
3955 56097
3956 2592
3957 58312
3958 56872
3959 19275
3960 18980
3961 16714
3962 28177
3963 56888
3964 19233
3965 11169
3966 55136
3967 60360
3968 53776
3969 39968
3970 16932
3971 18761
3972 18980
3973 18980
3974 39968
3975 53776
3976 40736
3977 18980
3978 19232
3979 11169
3980 40224
3981 40488
3982 10913
3983 39968
3984 55096
3985 39968
3986 17256
3987 53284
3988 58312
3989 40480
3990 49936
3991 17184
3992 18980
3993 18980
3994 10913
3995 18980
3996 27153
3997 53284
3998 39456
3999 40480
4000 2721
4001 17226
4002 55144
4003 21028
4004 53776
4005 17168
4006 56888
4007 2721
4008 2336
4009 54832
4010 39968
4011 25384
4012 53796
4013 55141
4014 16932
4015 58312
4016 53776
4017 39968
4018 60161
4019 60224
4020 57120
4021 54048
4022 39968
4023 39968
4024 28177
4025 16932
4026 16932
4027 39968
4028 56868
4029 18468
4030 52008
4031 39968
4032 63336
4033 27457
4034 17224
4035 2721
4036 21024
4037 55136
4038 19108
4039 56872
4040 39968
4041 18980
4042 27153
4043 63265
4044 25384
4045 63328
4046 54840
4047 39968
4048 53808
4049 18762
4050 19304
4051 59177
4052 59176
4053 18980
4054 27456
4055 19241
4056 2721
4057 16944
4058 17160
4059 19104
4060 56360
4061 18980
4062 11793
4063 18980
4064 28177
4065 40224
4066 53776
4067 56360
4068 39968
4069 16928
4070 18976
4071 39968
4072 18980
4073 18980
4074 18980
4075 55080
4076 58113
4077 2721
4078 55077
4079 39968
4080 18980
4081 28177
4082 16928
4083 21028
4084 63296
4085 39968
4086 39968
4087 39968
4088 16932
4089 16932
4090 18980
4091 39968
4092 10913
4093 55136
4094 39968
4095 27553
4096 40480
4097 58128
4098 17168
4099 39968
4100 54832
4101 58345
4102 11793
4103 19275
4104 16932
4105 2856
4106 18761
4107 28177
4108 53776
4109 28177
4110 27153
4111 2589
4112 58144
4113 18980
4114 18980
4115 53776
4116 25418
4117 39968
4118 58312
4119 60360
4120 25418
4121 61216
4122 16912
4123 18763
4124 18980
4125 58312
4126 58344
4127 49680
4128 19201
4129 49680
4130 40480
4131 19209
4132 18763
4133 39968
4134 18468
4135 39968
4136 39968
4137 55076
4138 39968
4139 53813
4140 39968
4141 39968
4142 18961
4143 19274
4144 18720
4145 19274
4146 53024
4147 39968
4148 55056
4149 18468
4150 25441
4151 39968
4152 16714
4153 18763
4154 52009
4155 39968
4156 49944
4157 55056
4158 58314
4159 53776
4160 49944
4161 19274
4162 49952
4163 15009
4164 21008
4165 2589
4166 54040
4167 27552
4168 18762
4169 18980
4170 49952
4171 58312
4172 58312
4173 25504
4174 49680
4175 39968
4176 2721
4177 2340
4178 18980
4179 16712
4180 16714
4181 19232
4182 39968
4183 55072
4184 60360
4185 53796
4186 58312
4187 49680
4188 27464
4189 18980
4190 18980
4191 56872
4192 2721
4193 25416
4194 25344
4195 20296
4196 19233
4197 37688
4198 25418
4199 56888
4200 55136
4201 18761
4202 17226
4203 27153
4204 2848
4205 18980
4206 16932
4207 63337
4208 55141
4209 17060
4210 58312
4211 39968
4212 17189
4213 26953
4214 55136
4215 53808
4216 56872
4217 18980
4218 45729
4219 18980
4220 19201
4221 18980
4222 16932
4223 18980
4224 40488
4225 25376
4226 55144
4227 27553
4228 11169
4229 53284
4230 28177
4231 40480
4232 18980
4233 49953
4234 58145
4235 40736
4236 55144
4237 39968
4238 39968
4239 18976
4240 55136
4241 18980
4242 40488
4243 10913
4244 16932
4245 56868
4246 56872
4247 25418
4248 21028
4249 57129
4250 39968
4251 56352
4252 2592
4253 18980
4254 54056
4255 26384
4256 27153
4257 54056
4258 2852
4259 16712
4260 40224
4261 39968
4262 56376
4263 40224
4264 53796
4265 54832
4266 54800
4267 53776
4268 53776
4269 55056
4270 21296
4271 27153
4272 54056
4273 16932
4274 58128
4275 56376
4276 2592
4277 27424
4278 18980
4279 39976
4280 63296
4281 39972
4282 18980
4283 39968
4284 53776
4285 28177
4286 18980
4287 53776
4288 27153
4289 25361
4290 18217
4291 18721
4292 28513
4293 56888
4294 39968
4295 39968
4296 55136
4297 18980
4298 39968
4299 39968
4300 60360
4301 16917
4302 21264
4303 10773
4304 39968
4305 25361
4306 54832
4307 54021
4308 11793
4309 37688
4310 2592
4311 28177
4312 39968
4313 54040
4314 49680
4315 53776
4316 27153
4317 63337
4318 20296
4319 58312
4320 18980
4321 27393
4322 39968
4323 40480
4324 58312
4325 18980
4326 2849
4327 11797
4328 58344
4329 49952
4330 18980
4331 49680
4332 53776
4333 19273
4334 19274
4335 25576
4336 39968
4337 16932
4338 18980
4339 39968
4340 40736
4341 16917
4342 40480
4343 28177
4344 25353
4345 27497
4346 20264
4347 49960
4348 18976
4349 27153
4350 19241
4351 58144
4352 40480
4353 40504
4354 40736
4355 18468
4356 16932
4357 39968
4358 18761
4359 18760
4360 27465
4361 18762
4362 28177
4363 20297
4364 51000
4365 58314
4366 39968
4367 39968
4368 58312
4369 27157
4370 55096
4371 49944
4372 27456
4373 52008
4374 28177
4375 18980
4376 58312
4377 58312
4378 60256
4379 16932
4380 39968
4381 27553
4382 60161
4383 18980
4384 27153
4385 54072
4386 824
4387 39968
4388 39968
4389 18720
4390 58312
4391 39968
4392 39968
4393 39472
4394 53776
4395 17226
4396 39968
4397 2721
4398 19360
4399 25376
4400 54564
4401 19273
4402 11793
4403 53776
4404 18980
4405 11169
4406 54048
4407 18980
4408 40480
4409 54040
4410 55136
4411 58312
4412 18720
4413 58312
4414 53808
4415 19236
4416 25432
4417 53284
4418 10913
4419 28177
4420 26953
4421 58144
4422 56864
4423 39968
4424 49952
4425 39968
4426 52000
4427 18980
4428 55136
4429 53776
4430 54049
4431 2589
4432 39968
4433 2721
4434 27466
4435 19104
4436 2721
4437 16676
4438 17188
4439 55136
4440 2721
4441 18980
4442 39968
4443 18980
4444 58128
4445 39968
4446 10769
4447 10913
4448 2976
4449 54564
4450 18980
4451 56120
4452 18980
4453 59201
4454 16714
4455 49953
4456 53808
4457 16932
4458 55136
4459 63336
4460 55144
4461 2720
4462 60360
4463 18980
4464 50960
4465 39968
4466 54040
4467 18980
4468 53796
4469 40480
4470 40488
4471 2340
4472 19985
4473 18980
4474 18980
4475 55136
4476 39968
4477 18980
4478 54832
4479 39968
4480 39968
4481 54048
4482 19104
4483 54800
4484 19108
4485 45729
4486 16928
4487 55136
4488 2721
4489 39968
4490 16714
4491 19232
4492 17044
4493 27458
4494 58314
4495 17060
4496 18980
4497 18980
4498 54072
4499 39968
4500 21008
4501 25353
4502 39968
4503 16912
4504 27153
4505 40480
4506 18762
4507 21264
4508 40480
4509 39968
4510 40480
4511 40480
4512 39968
4513 60193
4514 58120
4515 54016
4516 53776
4517 28177
4518 39968
4519 27153
4520 54064
4521 58145
4522 56868
4523 39968
4524 18980
4525 58314
4526 49994
4527 58312
4528 56872
4529 18980
4530 58128
4531 26385
4532 53776
4533 58312
4534 60360
4535 19273
4536 18980
4537 18980
4538 58312
4539 56888
4540 60360
4541 18980
4542 18980
4543 39968
4544 55096
4545 2864
4546 39972
4547 18980
4548 56616
4549 58185
4550 39968
4551 58312
4552 25416
4553 2336
4554 18761
4555 58312
4556 18762
4557 27465
4558 39968
4559 18976
4560 56376
4561 40480
4562 58312
4563 55073
4564 49953
4565 28177
4566 27153
4567 11793
4568 27137
4569 53776
4570 18980
4571 52000
4572 58312
4573 58312
4574 18980
4575 40488
4576 58312
4577 3360
4578 18980
4579 28177
4580 58217
4581 39968
4582 19304
4583 58304
4584 11793
4585 3605
4586 27425
4587 49680
4588 18976
4589 3605
4590 39968
4591 2721
4592 39968
4593 55072
4594 55840
4595 58312
4596 27153
4597 55144
4598 18763
4599 38457
4600 28177
4601 60360
4602 58312
4603 39968
4604 11169
4605 21040
4606 18980
4607 50960
4608 19232
4609 60360
4610 17184
4611 18192
4612 58312
4613 17160
4614 58312
4615 18761
4616 16932
4617 10913
4618 18763
4619 55072
4620 39968
4621 52001
4622 40488
4623 18980
4624 40480
4625 56360
4626 58145
4627 40224
4628 2721
4629 17225
4630 58312
4631 19108
4632 2721
4633 40488
4634 58312
4635 40480
4636 39968
4637 39968
4638 58312
4639 2721
4640 55072
4641 18980
4642 39968
4643 18980
4644 39968
4645 55144
4646 56868
4647 58144
4648 63233
4649 63328
4650 45729
4651 10913
4652 2336
4653 54564
4654 25384
4655 53784
4656 52009
4657 2721
4658 27153
4659 21028
4660 58312
4661 18980
4662 39456
4663 39968
4664 39968
4665 39968
4666 49961
4667 40488
4668 18980
4669 40480
4670 17184
4671 11169
4672 59176
4673 55080
4674 54057
4675 16912
4676 39968
4677 19274
4678 59176
4679 40736
4680 54056
4681 17152
4682 39968
4683 40488
4684 56096
4685 39968
4686 26384
4687 17152
4688 56376
4689 60168
4690 19274
4691 39968
4692 53776
4693 61216
4694 28177
4695 40744
4696 792
4697 49680
4698 28177
4699 17226
4700 19274
4701 18980
4702 40480
4703 39968
4704 2589
4705 49680
4706 58209
4707 16714
4708 53776
4709 54048
4710 19274
4711 18980
4712 25369
4713 816
4714 16932
4715 16928
4716 27465
4717 18763
4718 53796
4719 60192
4720 53776
4721 52000
4722 56120
4723 27592
4724 2340
4725 49680
4726 55096
4727 39472
4728 53776
4729 10773
4730 39968
4731 19273
4732 18980
4733 39968
4734 56888
4735 18760
4736 58144
4737 27466
4738 17153
4739 39968
4740 25432
4741 39968
4742 39968
4743 39472
4744 54049
4745 60193
4746 56888
4747 2852
4748 58312
4749 25105
4750 52920
4751 53776
4752 39968
4753 28449
4754 40224
4755 58272
4756 54056
4757 62240
4758 19274
4759 18980
4760 39968
4761 25377
4762 19104
4763 56872
4764 40736
4765 56360
4766 792
4767 39968
4768 38712
4769 16420
4770 27488
4771 19200
4772 58144
4773 56096
4774 40480
4775 18980
4776 40480
4777 25360
4778 16932
4779 26384
4780 17224
4781 55136
4782 2721
4783 28177
4784 39968
4785 18980
4786 18980
4787 49680
4788 39968
4789 55080
4790 16932
4791 58272
4792 39968
4793 10913
4794 2581
4795 18980
4796 53796
4797 55136
4798 55080
4799 58312
4800 55856
4801 39968
4802 16714
4803 55048
4804 49680
4805 39968
4806 18980
4807 15009
4808 18980
4809 55136
4810 39968
4811 39968
4812 49952
4813 55088
4814 52920
4815 3605
4816 40480
4817 17226
4818 27464
4819 18761
4820 11797
4821 2592
4822 39968
4823 39968
4824 60361
4825 21028
4826 39968
4827 25418
4828 10913
4829 2721
4830 2592
4831 55840
4832 18980
4833 17168
4834 28177
4835 53808
4836 18980
4837 16676
4838 55072
4839 40224
4840 54040
4841 39480
4842 58312
4843 3605
4844 52009
4845 52001
4846 2340
4847 56868
4848 54048
4849 28177
4850 53776
4851 17176
4852 25368
4853 18721
4854 3605
4855 27409
4856 58312
4857 39968
4858 58312
4859 25109
4860 40480
4861 18980
4862 37688
4863 49953
4864 60193
4865 49680
4866 26976
4867 58314
4868 54040
4869 56872
4870 17168
4871 53776
4872 58312
4873 25488
4874 27153
4875 39968
4876 27584
4877 16932
4878 54016
4879 19201
4880 51968
4881 16932
4882 27466
4883 2848
4884 19275
4885 16932
4886 39968
4887 25418
4888 2840
4889 58312
4890 19274
4891 19216
4892 18762
4893 27424
4894 56864
4895 11793
4896 28177
4897 16932
4898 55080
4899 25418
4900 25417
4901 2721
4902 19104
4903 27153
4904 27153
4905 18761
4906 27464
4907 18980
4908 18980
4909 19209
4910 56888
4911 16932
4912 2977
4913 18760
4914 58336
4915 17224
4916 16714
4917 17060
4918 17152
4919 19224
4920 18976
4921 54560
4922 2581
4923 17226
4924 58208
4925 26384
4926 40752
4927 56880
4928 39968
4929 56872
4930 45729
4931 39968
4932 55080
4933 49953
4934 53776
4935 17060
4936 27465
4937 2721
4938 17169
4939 16932
4940 24904
4941 58312
4942 56888
4943 26401
4944 58145
4945 54052
4946 40488
4947 55144
4948 54560
4949 39968
4950 25377
4951 11169
4952 55096
4953 36640
4954 63296
4955 19361
4956 49920
4957 18980
4958 58344
4959 49968
4960 40480
4961 16676
4962 39968
4963 19209
4964 40488
4965 21028
4966 18980
4967 39968
4968 55080
4969 27424
4970 39968
4971 39968
4972 39976
4973 28177
4974 39976
4975 18980
4976 39968
4977 27457
4978 55136
4979 3360
4980 18980
4981 39968
4982 16917
4983 2976
4984 38944
4985 63336
4986 39968
4987 17176
4988 55048
4989 39968
4990 816
4991 26384
4992 39968
4993 55136
4994 39968
4995 39968
4996 60169
4997 17200
4998 27153
4999 2581
5000 18976
5001 45729
5002 25504
5003 53776
5004 18961
5005 58209
5006 39968
5007 58312
5008 824
5009 53776
5010 39968
5011 25408
5012 27153
5013 25448
5014 16714
5015 56864
5016 53776
5017 58346
5018 17226
5019 58312
5020 28177
5021 10773
5022 40480
5023 40480
5024 53776
5025 18763
5026 16932
5027 16932
5028 58344
5029 60360
5030 18980
5031 10769
5032 27467
5033 6688
5034 28177
5035 27467
5036 28177
5037 51992
5038 27409
5039 11793
5040 19275
5041 40480
5042 17184
5043 54040
5044 28177
5045 18689
5046 19273
5047 58312
5048 56616
5049 58240
5050 27153
5051 58153
5052 2592
5053 18980
5054 27153
5055 10913
5056 16932
5057 40480
5058 27153
5059 27465
5060 55081
5061 49936
5062 11169
5063 25417
5064 16928
5065 19105
5066 39968
5067 55073
5068 27409
5069 28177
5070 16932
5071 26953
5072 10913
5073 58312
5074 39972
5075 2840
5076 27157
5077 56376
5078 18980
5079 27466
5080 55080
5081 39968
5082 56616
5083 53776
5084 16917
5085 49680
5086 25361
5087 49680
5088 55073
5089 18980
5090 38457
5091 2400
5092 2721
5093 55072
5094 59169
5095 54040
5096 58312
5097 2721
5098 18761
5099 27489
5100 18980
5101 2721
5102 55088
5103 39968
5104 55136
5105 39968
5106 40736
5107 16932
5108 58337
5109 39968
5110 26384
5111 39968
5112 51560
5113 18976
5114 55072
5115 2400
5116 18980
5117 45729
5118 17193
5119 2340
5120 40504
5121 18980
5122 18980
5123 19232
5124 19236
5125 18980
5126 53808
5127 40480
5128 56376
5129 60320
5130 11793
5131 26385
5132 56872
5133 39972
5134 39968
5135 39968
5136 18980
5137 792
5138 18980
5139 28177
5140 18980
5141 39968
5142 25416
5143 11169
5144 18980
5145 56872
5146 16932
5147 18980
5148 39968
5149 19211
5150 2721
5151 55856
5152 56888
5153 40480
5154 58312
5155 39968
5156 52920
5157 39968
5158 16912
5159 2581
5160 56880
5161 39968
5162 2864
5163 40480
5164 27157
5165 18980
5166 39968
5167 27465
5168 38712
5169 3605
5170 19236
5171 19233
5172 20257
5173 2080
5174 28177
5175 55840
5176 25417
5177 37656
5178 27465
5179 58312
5180 27153
5181 49928
5182 25419
5183 18980
5184 16932
5185 52016
5186 58177
5187 18980
5188 2340
5189 39968
5190 27153
5191 49944
5192 39456
5193 17200
5194 16932
5195 17226
5196 27153
5197 49956
5198 53776
5199 16676
5200 27465
5201 18980
5202 11793
5203 19275
5204 2593
5205 824
5206 28177
5207 60360
5208 38457
5209 17176
5210 55072
5211 39968
5212 19274
5213 40744
5214 56880
5215 55073
5216 54056
5217 58314
5218 28177
5219 63265
5220 16932
5221 18761
5222 58312
5223 16932
5224 53792
5225 26953
5226 18761
5227 28177
5228 18976
5229 18980
5230 18980
5231 55141
5232 18762
5233 18980
5234 2340
5235 18217
5236 11169
5237 16932
5238 39968
5239 16932
5240 39968
5241 16932
5242 27464
5243 55064
5244 17208
5245 55144
5246 58312
5247 17225
5248 19105
5249 2721
5250 54049
5251 63336
5252 18980
5253 11169
5254 2849
5255 55077
5256 53776
5257 53784
5258 17185
5259 16714
5260 55144
5261 16932
5262 39968
5263 58312
5264 52000
5265 55080
5266 19361
5267 20256
5268 10913
5269 53796
5270 18980
5271 53284
5272 55136
5273 55072
5274 55072
5275 39968
5276 25418
5277 16714
5278 55080
5279 55073
5280 17044
5281 26953
5282 19105
5283 55136
5284 38948
5285 58336
5286 17177
5287 18980
5288 25376
5289 40736
5290 18468
5291 58312
5292 2976
5293 58312
5294 26385
5295 27153
5296 10913
5297 58345
5298 18720
5299 39968
5300 54072
5301 40488
5302 18763
5303 39968
5304 53776
5305 19236
5306 16420
5307 49680
5308 60256
5309 53796
5310 25360
5311 39968
5312 10913
5313 39968
5314 39968
5315 2872
5316 20296
5317 58145
5318 17168
5319 39968
5320 18980
5321 39968
5322 51760
5323 19275
5324 18192
5325 39968
5326 58145
5327 55088
5328 39968
5329 2581
5330 2581
5331 27465
5332 53776
5333 16944
5334 17168
5335 27153
5336 39968
5337 58312
5338 58336
5339 39968
5340 17224
5341 2581
5342 25369
5343 2592
5344 17184
5345 27153
5346 26953
5347 19274
5348 40224
5349 18761
5350 27466
5351 58312
5352 25344
5353 49953
5354 17184
5355 49680
5356 51744
5357 28449
5358 26953
5359 39968
5360 19200
5361 39968
5362 53776
5363 16932
5364 16932
5365 39968
5366 49952
5367 19274
5368 18721
5369 25361
5370 58312
5371 40480
5372 16912
5373 58312
5374 58216
5375 18724
5376 792
5377 19272
5378 25419
5379 56872
5380 18980
5381 11797
5382 39480
5383 19274
5384 10773
5385 58312
5386 25440
5387 25418
5388 18761
5389 19296
5390 18980
5391 27465
5392 39968
5393 27467
5394 27157
5395 52000
5396 25504
5397 18763
5398 27465
5399 40736
5400 56096
5401 11169
5402 18980
5403 18980
5404 18980
5405 53776
5406 16714
5407 21028
5408 39968
5409 27393
5410 63272
5411 55136
5412 56608
5413 39968
5414 38704
5415 18980
5416 58312
5417 56888
5418 38457
5419 16944
5420 25419
5421 56864
5422 2721
5423 55077
5424 56096
5425 58312
5426 39968
5427 2721
5428 60360
5429 2976
5430 39968
5431 55136
5432 54564
5433 58312
5434 53813
5435 55136
5436 18763
5437 18980
5438 19275
5439 52001
5440 58273
5441 53776
5442 17168
5443 39480
5444 2721
5445 18980
5446 63296
5447 58312
5448 40232
5449 25347
5450 2848
5451 16932
5452 27153
5453 40480
5454 19232
5455 27392
5456 18724
5457 54056
5458 53776
5459 40480
5460 25418
5461 59137
5462 56872
5463 60361
5464 53776
5465 18980
5466 39968
5467 40480
5468 53776
5469 16932
5470 16932
5471 18976
5472 40488
5473 18980
5474 39968
5475 53048
5476 18468
5477 16932
5478 18793
5479 37400
5480 53796
5481 49680
5482 16932
5483 3605
5484 18980
5485 39968
5486 21008
5487 27409
5488 58216
5489 16932
5490 19233
5491 39968
5492 18761
5493 25345
5494 11793
5495 55096
5496 27401
5497 18762
5498 40496
5499 39968
5500 16912
5501 39968
5502 39968
5503 58128
5504 17176
5505 39712
5506 10769
5507 52016
5508 18760
5509 25361
5510 54032
5511 16932
5512 19273
5513 54032
5514 49680
5515 18762
5516 39968
5517 55080
5518 19236
5519 60320
5520 16932
5521 27153
5522 39968
5523 19273
5524 54800
5525 18761
5526 39968
5527 39968
5528 16928
5529 25360
5530 49921
5531 39456
5532 53776
5533 58312
5534 27153
5535 19108
5536 26953
5537 49952
5538 58145
5539 18980
5540 18763
5541 58314
5542 19273
5543 55096
5544 16932
5545 28177
5546 55088
5547 53792
5548 27464
5549 10773
5550 18761
5551 16912
5552 54040
5553 18980
5554 49953
5555 25109
5556 2721
5557 55072
5558 11793
5559 16928
5560 40736
5561 18980
5562 25377
5563 56872
5564 27552
5565 54564
5566 17224
5567 19360
5568 53776
5569 25360
5570 55080
5571 27424
5572 50976
5573 2721
5574 19274
5575 10769
5576 55136
5577 2721
5578 60161
5579 18980
5580 55081
5581 53808
5582 25360
5583 55096
5584 18763
5585 2721
5586 39968
5587 54564
5588 58217
5589 39712
5590 2721
5591 54040
5592 49944
5593 18760
5594 58312
5595 54560
5596 39968
5597 45729
5598 39712
5599 27465
5600 39968
5601 17168
5602 18980
5603 16932
5604 55136
5605 18980
5606 16932
5607 55136
5608 53284
5609 55136
5610 39968
5611 17168
5612 18763
5613 49921
5614 55064
5615 17040
5616 18793
5617 21040
5618 3605
5619 53776
5620 2977
5621 10769
5622 18689
5623 16928
5624 17176
5625 25360
5626 18763
5627 27553
5628 58312
5629 39968
5630 39968
5631 18980
5632 40480
5633 18468
5634 40488
5635 11797
5636 39968
5637 58144
5638 39968
5639 53776
5640 58336
5641 16912
5642 21028
5643 18763
5644 53776
5645 25345
5646 56360
5647 53776
5648 18980
5649 18980
5650 39968
5651 56376
5652 6688
5653 18976
5654 39968
5655 16912
5656 55088
5657 38704
5658 40504
5659 39968
5660 39472
5661 39968
5662 58209
5663 25432
5664 39456
5665 40496
5666 54040
5667 27465
5668 40496
5669 25409
5670 58216
5671 11793
5672 16714
5673 40480
5674 38704
5675 58113
5676 49936
5677 18980
5678 18980
5679 11793
5680 17060
5681 18761
5682 27424
5683 11793
5684 40480
5685 18980
5686 16912
5687 50992
5688 63272
5689 50992
5690 2852
5691 63233
5692 53776
5693 39736
5694 18761
5695 25416
5696 51748
5697 28177
5698 16912
5699 53776
5700 2721
5701 25417
5702 28177
5703 49680
5704 39968
5705 58209
5706 39968
5707 58176
5708 53284
5709 57120
5710 39968
5711 2592
5712 49680
5713 56888
5714 58144
5715 55081
5716 27464
5717 52920
5718 58144
5719 54840
5720 25347
5721 17200
5722 2852
5723 18762
5724 40224
5725 39968
5726 54048
5727 16912
5728 54040
5729 33560
5730 18793
5731 38712
5732 39968
5733 54832
5734 49680
5735 40744
5736 18689
5737 56868
5738 28177
5739 49956
5740 16714
5741 16932
5742 16932
5743 19211
5744 18980
5745 2340
5746 55144
5747 55136
5748 25360
5749 2849
5750 40488
5751 27465
5752 49945
5753 58312
5754 2340
5755 27153
5756 18980
5757 39968
5758 21024
5759 39968
5760 2589
5761 39968
5762 58121
5763 53784
5764 49976
5765 21264
5766 40736
5767 53776
5768 58304
5769 11793
5770 49976
5771 18763
5772 39480
5773 39968
5774 18980
5775 54832
5776 26953
5777 39976
5778 18763
5779 58312
5780 27466
5781 27424
5782 11793
5783 27153
5784 19104
5785 25434
5786 53776
5787 27424
5788 53776
5789 40480
5790 39968
5791 18980
5792 21024
5793 21296
5794 56097
5795 57144
5796 25345
5797 18980
5798 49944
5799 27465
5800 57121
5801 16929
5802 28177
5803 2584
5804 58312
5805 58312
5806 58312
5807 18761
5808 18980
5809 19273
5810 49952
5811 2581
5812 39968
5813 25345
5814 25368
5815 25377
5816 6688
5817 53776
5818 17153
5819 52008
5820 17184
5821 58312
5822 53776
5823 2721
5824 60353
5825 28512
5826 39968
5827 56616
5828 28177
5829 18980
5830 37656
5831 58312
5832 39968
5833 55080
5834 18761
5835 40480
5836 2336
5837 18980
5838 18980
5839 54564
5840 18980
5841 60200
5842 17184
5843 18981
5844 56096
5845 39968
5846 27153
5847 25360
5848 54064
5849 18980
5850 58312
5851 18980
5852 58209
5853 60192
5854 16912
5855 17224
5856 37656
5857 17226
5858 37656
5859 39968
5860 39968
5861 58312
5862 11793
5863 25419
5864 19233
5865 10913
5866 21024
5867 18980
5868 27467
5869 18980
5870 17184
5871 40480
5872 62240
5873 58153
5874 19104
5875 39968
5876 49680
5877 16932
5878 39968
5879 53776
5880 39968
5881 2720
5882 17060
5883 3360
5884 49680
5885 18980
5886 40480
5887 55141
5888 2340
5889 55081
5890 25418
5891 38712
5892 40480
5893 25345
5894 21040
5895 59177
5896 25353
5897 53024
5898 25105
5899 39712
5900 27392
5901 18980
5902 18976
5903 17226
5904 28181
5905 27153
5906 28177
5907 18762
5908 39968
5909 39968
5910 2340
5911 58208
5912 26976
5913 17044
5914 18761
5915 53776
5916 19275
5917 25376
5918 19233
5919 25345
5920 19273
5921 58312
5922 58128
5923 51969
5924 53776
5925 25418
5926 19200
5927 58120
5928 25417
5929 10773
5930 55072
5931 39968
5932 792
5933 21024
5934 18762
5935 19360
5936 11793
5937 53792
5938 18980
5939 19233
5940 49976
5941 40480
5942 52001
5943 52024
5944 2080
5945 18980
5946 2721
5947 2721
5948 27153
5949 40744
5950 27465
5951 27458
5952 16917
5953 18761
5954 58312
5955 63273
5956 19233
5957 39712
5958 536
5959 49680
5960 56888
5961 28177
5962 52920
5963 55332
5964 55096
5965 53776
5966 39712
5967 3360
5968 27465
5969 58152
5970 37400
5971 25361
5972 39968
5973 19209
5974 55840
5975 2720
5976 54064
5977 19108
5978 27153
5979 18761
5980 18980
5981 39712
5982 11793
5983 18762
5984 19233
5985 40224
5986 45729
5987 16420
5988 54836
5989 27466
5990 51000
5991 40496
5992 18980
5993 19272
5994 16944
5995 54328
5996 16912
5997 55144
5998 54328
5999 45729
6000 18980
6001 40488
6002 60160
6003 55136
6004 39480
6005 37400
6006 2584
6007 50976
6008 816
6009 17168
6010 49952
6011 16912
6012 28177
6013 27465
6014 54840
6015 27392
6016 27409
6017 58241
6018 58312
6019 26401
6020 10913
6021 27425
6022 39968
6023 27424
6024 10913
6025 40224
6026 27153
6027 58312
6028 16912
6029 28177
6030 58144
6031 61217
6032 49956
6033 17168
6034 25449
6035 58312
6036 18980
6037 40736
6038 17226
6039 16932
6040 25419
6041 27401
6042 40480
6043 27424
6044 60360
6045 16912
6046 26953
6047 59233
6048 11793
6049 19236
6050 27153
6051 16714
6052 53776
6053 2977
6054 39968
6055 55072
6056 58121
6057 56608
6058 292
6059 49976
6060 49952
6061 2721
6062 2592
6063 58312
6064 58305
6065 19985
6066 39968
6067 55144
6068 28177
6069 18980
6070 2608
6071 39968
6072 19273
6073 27458
6074 18980
6075 55144
6076 53813
6077 39968
6078 18980
6079 39968
6080 40480
6081 25440
6082 45729
6083 27489
6084 39968
6085 40736
6086 40496
6087 39968
6088 49944
6089 56096
6090 54049
6091 18976
6092 21008
6093 2336
6094 55096
6095 39968
6096 49921
6097 57824
6098 54560
6099 53808
6100 55332
6101 16928
6102 16932
6103 18980
6104 55064
6105 40480
6106 18980
6107 18980
6108 21028
6109 59137
6110 57128
6111 53776
6112 39968
6113 17184
6114 2864
6115 40496
6116 26384
6117 58312
6118 53784
6119 39968
6120 54072
6121 18980
6122 62241
6123 16932
6124 2721
6125 27393
6126 28177
6127 18980
6128 18980
6129 16932
6130 54840
6131 19240
6132 10769
6133 53808
6134 58312
6135 39968
6136 28177
6137 54040
6138 54032
6139 19275
6140 18980
6141 60360
6142 2584
6143 55073
6144 59233
6145 11169
6146 18980
6147 10913
6148 18761
6149 58345
6150 18689
6151 53776
6152 2721
6153 2721
6154 11793
6155 58314
6156 39968
6157 25418
6158 55144
6159 2721
6160 39968
6161 17040
6162 40480
6163 60360
6164 55332
6165 54064
6166 11169
6167 39968
6168 54040
6169 49944
6170 57128
6171 51992
6172 54800
6173 27521
6174 19105
6175 60360
6176 53776
6177 60360
6178 49994
6179 27153
6180 40480
6181 49680
6182 16928
6183 39712
6184 17168
6185 16932
6186 19232
6187 27425
6188 53792
6189 19236
6190 39968
6191 2400
6192 27400
6193 60257
6194 18980
6195 55080
6196 39968
6197 25376
6198 39968
6199 536
6200 55096
6201 40480
6202 26385
6203 40736
6204 11793
6205 40224
6206 49994
6207 21264
6208 39968
6209 62241
6210 63336
6211 39968
6212 28177
6213 58312
6214 2720
6215 53776
6216 56872
6217 56097
6218 39968
6219 27153
6220 58144
6221 55088
6222 58153
6223 20296
6224 58185
6225 40488
6226 53776
6227 58336
6228 17224
6229 27153
6230 27465
6231 16420
6232 18763
6233 50960
6234 55136
6235 53776
6236 27157
6237 2721
6238 28177
6239 49944
6240 63265
6241 56888
6242 58312
6243 39968
6244 55073
6245 39968
6246 18980
6247 54040
6248 39968
6249 18760
6250 27465
6251 49976
6252 39968
6253 54056
6254 40480
6255 25377
6256 2721
6257 55136
6258 21040
6259 49680
6260 53808
6261 25353
6262 39968
6263 49680
6264 20265
6265 51000
6266 56864
6267 18762
6268 54040
6269 63265
6270 40224
6271 40480
6272 25377
6273 2596
6274 39968
6275 49680
6276 28449
6277 28177
6278 39968
6279 39968
6280 38944
6281 54832
6282 54040
6283 40736
6284 53776
6285 39968
6286 10773
6287 39972
6288 18980
6289 39968
6290 16912
6291 39968
6292 63336
6293 25361
6294 19274
6295 39968
6296 40480
6297 27424
6298 39968
6299 16917
6300 26953
6301 6688
6302 25434
6303 27393
6304 39968
6305 49968
6306 40736
6307 52009
6308 17060
6309 25361
6310 2721
6311 39968
6312 18721
6313 27393
6314 16714
6315 28177
6316 58346
6317 58312
6318 11793
6319 19274
6320 40480
6321 19275
6322 2592
6323 2592
6324 56376
6325 40736
6326 54049
6327 17185
6328 18980
6329 19200
6330 56096
6331 2589
6332 19273
6333 53776
6334 27465
6335 53776
6336 17185
6337 55096
6338 11169
6339 40736
6340 52016
6341 39968
6342 55136
6343 63337
6344 56104
6345 25105
6346 19104
6347 25418
6348 55332
6349 59233
6350 58312
6351 18762
6352 39968
6353 16932
6354 18980
6355 17184
6356 39976
6357 19273
6358 56872
6359 11793
6360 18760
6361 19108
6362 27465
6363 53776
6364 45729
6365 49953
6366 10773
6367 51760
6368 16932
6369 60193
6370 25418
6371 55096
6372 21008
6373 18761
6374 53776
6375 19105
6376 17188
6377 2592
6378 16714
6379 56104
6380 54032
6381 39968
6382 54040
6383 55041
6384 27153
6385 21028
6386 21008
6387 25417
6388 16929
6389 59176
6390 19233
6391 27153
6392 17225
6393 58312
6394 18980
6395 49680
6396 55056
6397 28177
6398 10769
6399 56376
6400 21008
6401 40488
6402 16912
6403 58144
6404 17188
6405 49953
6406 53284
6407 58312
6408 18980
6409 17168
6410 53776
6411 55332
6412 60200
6413 58312
6414 40488
6415 25345
6416 2720
6417 27153
6418 39968
6419 58312
6420 53284
6421 11169
6422 27153
6423 16932
6424 39968
6425 53776
6426 19274
6427 39968
6428 18980
6429 16928
6430 56888
6431 55096
6432 57120
6433 16932
6434 17185
6435 56888
6436 55144
6437 25418
6438 2721
6439 19209
6440 40480
6441 49976
6442 39968
6443 17168
6444 53776
6445 18980
6446 16912
6447 19200
6448 39968
6449 58184
6450 39968
6451 55840
6452 56864
6453 58128
6454 56880
6455 39968
6456 39968
6457 39968
6458 54048
6459 55096
6460 17176
6461 28177
6462 58312
6463 18980
6464 16917
6465 39968
6466 40496
6467 51000
6468 2721
6469 39968
6470 27153
6471 18977
6472 21008
6473 11793
6474 51968
6475 17184
6476 27153
6477 21280
6478 19240
6479 53284
6480 17160
6481 55332
6482 58312
6483 17226
6484 19108
6485 54048
6486 20296
6487 2721
6488 58314
6489 19273
6490 11169
6491 18760
6492 55076
6493 40480
6494 55080
6495 49944
6496 16420
6497 39968
6498 58216
6499 16932
6500 63272
6501 11169
6502 40480
6503 56352
6504 54040
6505 39456
6506 18961
6507 17224
6508 21040
6509 54072
6510 39968
6511 58209
6512 54040
6513 792
6514 56864
6515 19274
6516 56864
6517 39968
6518 28177
6519 16944
6520 18689
6521 25504
6522 39976
6523 11169
6524 17153
6525 25105
6526 54832
6527 39968
6528 40496
6529 40736
6530 53048
6531 58312
6532 10769
6533 37688
6534 10773
6535 20265
6536 58312
6537 18980
6538 27392
6539 39968
6540 25369
6541 2720
6542 18980
6543 60360
6544 53776
6545 58336
6546 55073
6547 56105
6548 21296
6549 59744
6550 54048
6551 19200
6552 19273
6553 58312
6554 49952
6555 58208
6556 54056
6557 39968
6558 27466
6559 58312
6560 53776
6561 39968
6562 27458
6563 10913
6564 17168
6565 40736
6566 2584
6567 55840
6568 2720
6569 55144
6570 2340
6571 55136
6572 18980
6573 18596
6574 55332
6575 18724
6576 25344
6577 10913
6578 53792
6579 63265
6580 49680
6581 39480
6582 27153
6583 38457
6584 18763
6585 37400
6586 60360
6587 53796
6588 40496
6589 20296
6590 39968
6591 49961
6592 53776
6593 58312
6594 58312
6595 2856
6596 27466
6597 53776
6598 28177
6599 54048
6600 39968
6601 17224
6602 62240
6603 40480
6604 39968
6605 18980
6606 17184
6607 53808
6608 55144
6609 17226
6610 27466
6611 18763
6612 25377
6613 53776
6614 56888
6615 25417
6616 24906
6617 17184
6618 18596
6619 11793
6620 49994
6621 16932
6622 26384
6623 57120
6624 27153
6625 40496
6626 19985
6627 55076
6628 25347
6629 49680
6630 39448
6631 40736
6632 28181
6633 38704
6634 39968
6635 27465
6636 55088
6637 18980
6638 63264
6639 18980
6640 25376
6641 54056
6642 2721
6643 58144
6644 16714
6645 55081
6646 26952
6647 27560
6648 16928
6649 18724
6650 53776
6651 18980
6652 54049
6653 55080
6654 40736
6655 55072
6656 17226
6657 2721
6658 53776
6659 16932
6660 20264
6661 39968
6662 28488
6663 40736
6664 39968
6665 52000
6666 49968
6667 60169
6668 58312
6669 25418
6670 18980
6671 57128
6672 25105
6673 54064
6674 18468
6675 10913
6676 39968
6677 39448
6678 26385
6679 10769
6680 25361
6681 55080
6682 53792
6683 62240
6684 39968
6685 17208
6686 17185
6687 25434
6688 25368
6689 16932
6690 53776
6691 49944
6692 39456
6693 53776
6694 54832
6695 16714
6696 39968
6697 53796
6698 17153
6699 39968
6700 57144
6701 49936
6702 27465
6703 40480
6704 17192
6705 27137
6706 21028
6707 2840
6708 27403
6709 54048
6710 58144
6711 18980
6712 54072
6713 16912
6714 63273
6715 55056
6716 40480
6717 40224
6718 58185
6719 57120
6720 53776
6721 60225
6722 25360
6723 27465
6724 40496
6725 25488
6726 60320
6727 18980
6728 39472
6729 2608
6730 53776
6731 39720
6732 28177
6733 49953
6734 57824
6735 16420
6736 10769
6737 28177
6738 39968
6739 58312
6740 2872
6741 28177
6742 16714
6743 18980
6744 55081
6745 18763
6746 25434
6747 18980
6748 19232
6749 16932
6750 2592
6751 39968
6752 52000
6753 58346
6754 17176
6755 54057
6756 19232
6757 17184
6758 58121
6759 55136
6760 58312
6761 55077
6762 39968
6763 28177
6764 40480
6765 39968
6766 26953
6767 39968
6768 40736
6769 54049
6770 11169
6771 18980
6772 39968
6773 18980
6774 28449
6775 49952
6776 11169
6777 19274
6778 39968
6779 2721
6780 58185
6781 50960
6782 55136
6783 19211
6784 40480
6785 50960
6786 54049
6787 39968
6788 27153
6789 38944
6790 54328
6791 18762
6792 55840
6793 39968
6794 53284
6795 58312
6796 52008
6797 54052
6798 55096
6799 52000
6800 50960
6801 58312
6802 39968
6803 52001
6804 53776
6805 18785
6806 53284
6807 17185
6808 19104
6809 27624
6810 18785
6811 40480
6812 40480
6813 25368
6814 40480
6815 53776
6816 26953
6817 53776
6818 38704
6819 17168
6820 17226
6821 16932
6822 3605
6823 816
6824 58336
6825 53784
6826 55840
6827 55136
6828 28177
6829 18980
6830 27153
6831 39968
6832 17176
6833 21281
6834 21280
6835 62240
6836 25345
6837 52001
6838 27153
6839 39968
6840 18980
6841 18980
6842 51977
6843 27153
6844 21024
6845 19209
6846 56888
6847 18980
6848 27465
6849 38948
6850 58313
6851 2721
6852 55136
6853 28177
6854 49680
6855 2592
6856 55332
6857 18980
6858 39968
6859 39968
6860 25418
6861 16912
6862 11169
6863 49680
6864 2721
6865 11169
6866 17060
6867 10913
6868 53776
6869 18980
6870 39968
6871 56868
6872 27433
6873 54832
6874 25344
6875 20296
6876 51984
6877 16928
6878 39968
6879 53776
6880 55856
6881 18468
6882 55840
6883 40224
6884 19108
6885 54057
6886 40488
6887 52024
6888 55136
6889 18980
6890 16932
6891 18980
6892 39968
6893 55080
6894 55064
6895 49944
6896 39968
6897 18980
6898 39968
6899 55072
6900 39968
6901 39968
6902 52024
6903 2336
6904 58312
6905 17169
6906 54832
6907 18760
6908 25360
6909 27496
6910 58312
6911 18980
6912 18981
6913 38944
6914 2848
6915 53776
6916 19200
6917 28177
6918 52008
6919 49944
6920 16932
6921 27497
6922 60360
6923 58312
6924 50992
6925 25448
6926 25418
6927 28177
6928 60233
6929 19105
6930 60360
6931 17153
6932 18980
6933 40736
6934 52000
6935 39968
6936 27465
6937 49960
6938 18976
6939 39968
6940 55136
6941 55136
6942 55041
6943 55080
6944 39472
6945 58312
6946 40224
6947 11169
6948 40504
6949 54032
6950 28488
6951 40736
6952 2721
6953 50960
6954 39968
6955 51760
6956 40480
6957 54040
6958 19256
6959 2592
6960 39968
6961 54040
6962 54072
6963 49944
6964 58128
6965 17176
6966 51984
6967 2852
6968 55096
6969 25416
6970 27104
6971 19104
6972 19200
6973 40480
6974 27153
6975 40480
6976 27137
6977 39968
6978 40480
6979 53776
6980 58144
6981 52008
6982 55080
6983 25360
6984 2596
6985 40480
6986 63273
6987 25418
6988 27465
6989 58312
6990 19233
6991 40504
6992 39972
6993 17226
6994 19104
6995 19233
6996 53776
6997 39968
6998 55080
6999 2720
7000 18976
7001 55144
7002 53808
7003 10773
7004 26952
7005 2336
7006 55144
7007 2720
7008 39968
7009 54840
7010 55041
7011 39968
7012 19361
7013 58313
7014 2721
7015 25448
7016 18980
7017 40736
7018 2848
7019 17208
7020 39968
7021 52000
7022 2721
7023 39968
7024 39968
7025 11797
7026 2592
7027 38712
7028 60233
7029 25440
7030 39976
7031 39968
7032 55144
7033 39968
7034 25345
7035 10913
7036 16912
7037 56888
7038 19273
7039 18980
7040 63296
7041 53776
7042 21028
7043 39968
7044 18209
7045 27403
7046 39968
7047 37400
7048 816
7049 63264
7050 55088
7051 40480
7052 28177
7053 18980
7054 56105
7055 60193
7056 39968
7057 58314
7058 25418
7059 53776
7060 2721
7061 58312
7062 17184
7063 40488
7064 19985
7065 25360
7066 25369
7067 58312
7068 58306
7069 56097
7070 2720
7071 58208
7072 39968
7073 39968
7074 17193
7075 56864
7076 6944
7077 52000
7078 18689
7079 25417
7080 17189
7081 40736
7082 17168
7083 39968
7084 10913
7085 16932
7086 18980
7087 17152
7088 11797
7089 49944
7090 51000
7091 17176
7092 55136
7093 19232
7094 40736
7095 49952
7096 28177
7097 49944
7098 25384
7099 28177
7100 25418
7101 27424
7102 40504
7103 27488
7104 49976
7105 56096
7106 16932
7107 58145
7108 51760
7109 26385
7110 19216
7111 40480
7112 38704
7113 19274
7114 3873
7115 15009
7116 55136
7117 19273
7118 58314
7119 40232
7120 55096
7121 55080
7122 17184
7123 39968
7124 25419
7125 55072
7126 39968
7127 53776
7128 39968
7129 25418
7130 45729
7131 58312
7132 18468
7133 58145
7134 18980
7135 11793
7136 55136
7137 3873
7138 2592
7139 53776
7140 19104
7141 2856
7142 58145
7143 27153
7144 25105
7145 55136
7146 39968
7147 56097
7148 18980
7149 40480
7150 16932
7151 40496
7152 16932
7153 39968
7154 16932
7155 39968
7156 18980
7157 55080
7158 58314
7159 39968
7160 39968
7161 60352
7162 27153
7163 54832
7164 55332
7165 25377
7166 16932
7167 27153
7168 53776
7169 49952
7170 25488
7171 55856
7172 39968
7173 28177
7174 39968
7175 40480
7176 25376
7177 18793
7178 25416
7179 55080
7180 49960
7181 53776
7182 39968
7183 58312
7184 40480
7185 57120
7186 17184
7187 18761
7188 2720
7189 39968
7190 2592
7191 53796
7192 11169
7193 2720
7194 40480
7195 25105
7196 54564
7197 16714
7198 55096
7199 40224
7200 54836
7201 28177
7202 60384
7203 49936
7204 39972
7205 21024
7206 2721
7207 27467
7208 2721
7209 2721
7210 55088
7211 25418
7212 19240
7213 19241
7214 58145
7215 58208
7216 18980
7217 18980
7218 55136
7219 25418
7220 18596
7221 18721
7222 58336
7223 39968
7224 10769
7225 39968
7226 18792
7227 18980
7228 40736
7229 39472
7230 25360
7231 2336
7232 28177
7233 27409
7234 53808
7235 58216
7236 28177
7237 38457
7238 16912
7239 56616
7240 18980
7241 58208
7242 58312
7243 54040
7244 2593
7245 27465
7246 40232
7247 21008
7248 25416
7249 58121
7250 16932
7251 58312
7252 2872
7253 25369
7254 58312
7255 58113
7256 55144
7257 56616
7258 59233
7259 53776
7260 19241
7261 25416
7262 56360
7263 18721
7264 25360
7265 27409
7266 55096
7267 536
7268 17060
7269 2721
7270 63264
7271 17153
7272 58152
7273 25443
7274 16932
7275 25360
7276 55073
7277 50960
7278 27153
7279 2840
7280 55077
7281 58344
7282 17176
7283 51000
7284 40736
7285 49680
7286 19305
7287 18980
7288 56096
7289 55080
7290 58144
7291 27392
7292 39968
7293 39968
7294 536
7295 11169
7296 27464
7297 58312
7298 40480
7299 50016
7300 2721
7301 2720
7302 40480
7303 58241
7304 2721
7305 55136
7306 58144
7307 27457
7308 55136
7309 27465
7310 59201
7311 16912
7312 2977
7313 2608
7314 27153
7315 55136
7316 27424
7317 49961
7318 39972
7319 39976
7320 55136
7321 27456
7322 39968
7323 55088
7324 49944
7325 27393
7326 40736
7327 57128
7328 19104
7329 28177
7330 16912
7331 64289
7332 2336
7333 27552
7334 18596
7335 27392
7336 39968
7337 55072
7338 58312
7339 39968
7340 49961
7341 27466
7342 27553
7343 58176
7344 19360
7345 18980
7346 53796
7347 2720
7348 10913
7349 54832
7350 25434
7351 39968
7352 53776
7353 50016
7354 53776
7355 16912
7356 18980
7357 40480
7358 19274
7359 63296
7360 28177
7361 19236
7362 55144
7363 53808
7364 27553
7365 25360
7366 38712
7367 57128
7368 17152
7369 38704
7370 49944
7371 17226
7372 27432
7373 25416
7374 27464
7375 27153
7376 40480
7377 28177
7378 25360
7379 2721
7380 17184
7381 18980
7382 25544
7383 63273
7384 2848
7385 27456
7386 18980
7387 62240
7388 55080
7389 40736
7390 17060
7391 25384
7392 61280
7393 39968
7394 27153
7395 58312
7396 27466
7397 2721
7398 2721
7399 55072
7400 40496
7401 63233
7402 25344
7403 49680
7404 40736
7405 17224
7406 54064
7407 26385
7408 3873
7409 40480
7410 40480
7411 39968
7412 55064
7413 49956
7414 55840
7415 56096
7416 19233
7417 39972
7418 27489
7419 27560
7420 37400
7421 39712
7422 17168
7423 40736
7424 39472
7425 21008
7426 18961
7427 58312
7428 27616
7429 27153
7430 55080
7431 58312
7432 61217
7433 49952
7434 17224
7435 60193
7436 19233
7437 25416
7438 18980
7439 53776
7440 49976
7441 39472
7442 49944
7443 17176
7444 58312
7445 39968
7446 58209
7447 56872
7448 25109
7449 40736
7450 11169
7451 2721
7452 49936
7453 21028
7454 28177
7455 49945
7456 27153
7457 25360
7458 55072
7459 49936
7460 49952
7461 20297
7462 39968
7463 40224
7464 56104
7465 27592
7466 27457
7467 16928
7468 60384
7469 54049
7470 52001
7471 40504
7472 58144
7473 54040
7474 16912
7475 53776
7476 21040
7477 16932
7478 25360
7479 55048
7480 27392
7481 55072
7482 52000
7483 49952
7484 24904
7485 49680
7486 39968
7487 10913
7488 58144
7489 25432
7490 58304
7491 55141
7492 19272
7493 2721
7494 17188
7495 60225
7496 27465
7497 18980
7498 39968
7499 10913
7500 40480
7501 2721
7502 40480
7503 39968
7504 39968
7505 27409
7506 25416
7507 54832
7508 2977
7509 53776
7510 54064
7511 39968
7512 39968
7513 39968
7514 18976
7515 56888
7516 49953
7517 2581
7518 60192
7519 58208
7520 58312
7521 11793
7522 18981
7523 27392
7524 17185
7525 19201
7526 54040
7527 16912
7528 26384
7529 39968
7530 19201
7531 40496
7532 11793
7533 25416
7534 55072
7535 25369
7536 45729
7537 27153
7538 40232
7539 19273
7540 54564
7541 49921
7542 18980
7543 25441
7544 54040
7545 59177
7546 19232
7547 60192
7548 58112
7549 55088
7550 40224
7551 58312
7552 55077
7553 27153
7554 58312
7555 28177
7556 54040
7557 40480
7558 55144
7559 2721
7560 58113
7561 55144
7562 3360
7563 25347
7564 52001
7565 27153
7566 17169
7567 55136
7568 2721
7569 40744
7570 39968
7571 2977
7572 2840
7573 58144
7574 55048
7575 3873
7576 39968
7577 54040
7578 792
7579 18980
7580 53813
7581 49961
7582 17224
7583 27424
7584 56880
7585 20297
7586 3360
7587 53776
7588 40480
7589 40736
7590 60360
7591 2592
7592 39968
7593 17168
7594 40480
7595 25419
7596 58312
7597 28177
7598 18760
7599 55073
7600 18976
7601 37400
7602 19201
7603 27403
7604 28181
7605 18720
7606 40480
7607 28177
7608 60360
7609 54049
7610 55144
7611 58312
7612 21264
7613 55136
7614 55080
7615 40480
7616 2721
7617 58184
7618 25384
7619 25376
7620 18980
7621 61217
7622 58344
7623 63296
7624 55136
7625 53776
7626 11169
7627 55136
7628 49944
7629 39968
7630 25416
7631 18792
7632 27465
7633 25360
7634 27464
7635 27465
7636 56105
7637 49953
7638 54056
7639 19232
7640 18468
7641 60360
7642 54560
7643 20297
7644 49680
7645 40480
7646 53776
7647 58120
7648 58336
7649 27400
7650 39200
7651 25360
7652 51969
7653 27153
7654 52000
7655 27552
7656 19232
7657 64488
7658 58312
7659 58312
7660 16932
7661 28177
7662 58344
7663 16932
7664 17168
7665 55048
7666 56888
7667 16928
7668 18980
7669 55136
7670 55072
7671 55048
7672 38457
7673 10913
7674 2584
7675 25416
7676 27424
7677 53808
7678 27153
7679 55136
7680 54832
7681 40760
7682 55856
7683 56888
7684 27393
7685 27464
7686 49921
7687 19201
7688 27458
7689 38948
7690 6688
7691 40480
7692 49952
7693 55840
7694 27157
7695 54064
7696 18761
7697 52000
7698 17184
7699 16714
7700 52008
7701 52008
7702 54832
7703 49953
7704 63336
7705 39968
7706 55077
7707 27592
7708 60352
7709 58208
7710 55080
7711 55136
7712 49921
7713 18980
7714 39968
7715 2977
7716 49952
7717 40736
7718 49945
7719 19273
7720 27392
7721 17060
7722 40480
7723 27393
7724 17225
7725 58144
7726 55096
7727 56097
7728 54832
7729 59168
7730 39968
7731 16932
7732 27153
7733 49944
7734 40480
7735 25368
7736 64296
7737 25418
7738 54056
7739 19304
7740 18792
7741 53284
7742 53808
7743 36640
7744 49680
7745 39968
7746 28448
7747 49944
7748 40736
7749 27393
7750 39968
7751 60360
7752 28449
7753 58312
7754 11793
7755 27465
7756 21040
7757 28181
7758 21008
7759 55096
7760 11793
7761 55840
7762 11797
7763 39448
7764 39968
7765 55136
7766 19233
7767 38704
7768 18763
7769 792
7770 55144
7771 2721
7772 27424
7773 53024
7774 536
7775 57128
7776 59169
7777 17184
7778 40480
7779 26953
7780 37656
7781 25345
7782 39968
7783 27465
7784 2848
7785 39968
7786 20257
7787 19232
7788 49680
7789 27153
7790 18721
7791 17160
7792 55088
7793 40752
7794 54832
7795 27465
7796 58312
7797 55088
7798 17168
7799 3605
7800 58312
7801 19305
7802 3605
7803 25360
7804 39968
7805 19272
7806 52016
7807 19233
7808 39968
7809 58312
7810 33560
7811 55144
7812 58137
7813 56868
7814 18721
7815 60360
7816 16714
7817 10913
7818 25432
7819 2976
7820 39456
7821 55141
7822 40224
7823 39720
7824 2408
7825 11169
7826 55141
7827 49680
7828 16932
7829 58145
7830 53776
7831 17192
7832 54072
7833 62240
7834 19105
7835 39968
7836 49968
7837 60360
7838 58312
7839 3872
7840 27153
7841 53796
7842 56096
7843 56608
7844 55088
7845 51560
7846 39968
7847 49680
7848 27424
7849 53813
7850 58313
7851 19233
7852 28488
7853 16932
7854 53776
7855 40504
7856 17225
7857 10913
7858 40224
7859 53776
7860 58145
7861 40480
7862 49944
7863 53776
7864 58312
7865 28181
7866 63265
7867 38456
7868 21028
7869 58176
7870 56104
7871 25360
7872 58313
7873 28177
7874 25416
7875 51000
7876 25440
7877 27392
7878 39968
7879 21008
7880 39456
7881 58208
7882 18980
7883 58313
7884 17169
7885 40480
7886 24906
7887 18980
7888 19224
7889 39968
7890 40232
7891 40224
7892 59176
7893 62248
7894 17184
7895 18977
7896 55088
7897 58312
7898 39456
7899 39976
7900 55144
7901 40496
7902 63337
7903 60392
7904 40480
7905 19233
7906 18980
7907 58312
7908 27465
7909 19274
7910 27552
7911 19201
7912 28177
7913 18761
7914 55080
7915 18762
7916 27465
7917 55080
7918 19233
7919 27424
7920 16712
7921 39968
7922 25385
7923 2721
7924 56888
7925 27464
7926 39456
7927 25109
7928 49952
7929 10913
7930 60360
7931 59201
7932 19208
7933 25345
7934 27464
7935 49953
7936 21024
7937 27465
7938 16932
7939 25449
7940 18980
7941 18980
7942 60352
7943 60233
7944 18980
7945 25384
7946 16928
7947 2848
7948 62305
7949 54057
7950 55144
7951 17200
7952 25368
7953 54064
7954 28177
7955 39712
7956 52008
7957 40496
7958 19273
7959 54040
7960 19201
7961 39200
7962 55072
7963 63265
7964 18762
7965 63272
7966 37688
7967 63233
7968 55144
7969 58344
7970 55144
7971 38457
7972 18761
7973 53032
7974 18980
7975 53776
7976 54049
7977 19232
7978 11793
7979 21008
7980 49994
7981 27153
7982 59137
7983 40224
7984 25377
7985 58217
7986 60256
7987 26953
7988 16932
7989 55144
7990 38456
7991 56864
7992 55073
7993 17185
7994 60224
7995 18980
7996 56097
7997 54564
7998 21280
7999 39472
8000 49944
8001 36640
8002 25434
8003 17226
8004 40744
8005 38457
8006 25369
8007 19211
8008 55332
8009 27464
8010 56352
8011 53808
8012 39968
8013 27137
8014 53776
8015 2721
8016 55072
8017 26953
8018 49952
8019 2720
8020 18980
8021 39972
8022 2721
8023 16932
8024 27401
8025 10769
8026 17169
8027 58312
8028 49952
8029 49961
8030 25416
8031 28448
8032 16932
8033 18763
8034 19232
8035 39968
8036 53812
8037 18980
8038 2592
8039 49944
8040 27153
8041 58315
8042 60201
8043 27425
8044 16912
8045 18980
8046 18980
8047 40480
8048 53776
8049 39456
8050 19273
8051 39456
8052 40480
8053 10769
8054 28177
8055 2848
8056 40224
8057 19232
8058 2589
8059 60200
8060 2848
8061 55144
8062 3605
8063 39208
8064 49680
8065 15009
8066 55072
8067 53776
8068 55088
8069 55072
8070 63273
8071 824
8072 39968
8073 17224
8074 63265
8075 2720
8076 2608
8077 17168
8078 16932
8079 10773
8080 19273
8081 2721
8082 56888
8083 49936
8084 18761
8085 28417
8086 26953
8087 17185
8088 58346
8089 40480
8090 19200
8091 60161
8092 17226
8093 2721
8094 18981
8095 51760
8096 40480
8097 19273
8098 25360
8099 27433
8100 18980
8101 40496
8102 26384
8103 58312
8104 58336
8105 49944
8106 52008
8107 49961
8108 2581
8109 55136
8110 54021
8111 18762
8112 37656
8113 19232
8114 21040
8115 58145
8116 39736
8117 55076
8118 45729
8119 18980
8120 55080
8121 16714
8122 39968
8123 18761
8124 39972
8125 2721
8126 58240
8127 39968
8128 38712
8129 2721
8130 56868
8131 37400
8132 17176
8133 54064
8134 58312
8135 60360
8136 40736
8137 19104
8138 39456
8139 58313
8140 27401
8141 25419
8142 18980
8143 11169
8144 19208
8145 17184
8146 25440
8147 18980
8148 53784
8149 28488
8150 21008
8151 25376
8152 53776
8153 18980
8154 50976
8155 39456
8156 38448
8157 20264
8158 49944
8159 3605
8160 58312
8161 27153
8162 2721
8163 10913
8164 40496
8165 55080
8166 55073
8167 2400
8168 56104
8169 49680
8170 27153
8171 49944
8172 25418
8173 54056
8174 18980
8175 25376
8176 54057
8177 56097
8178 25377
8179 54056
8180 39720
8181 19201
8182 19240
8183 17184
8184 25361
8185 59169
8186 20257
8187 18980
8188 17168
8189 17168
8190 53808
8191 27153
8192 25418
8193 17184
8194 18980
8195 2872
8196 54032
8197 38948
8198 17200
8199 17168
8200 18977
8201 25418
8202 19209
8203 54048
8204 55041
8205 2608
8206 28177
8207 27488
8208 2721
8209 16912
8210 58312
8211 2848
8212 2720
8213 54564
8214 39968
8215 27153
8216 27153
8217 3360
8218 39968
8219 17168
8220 49944
8221 52000
8222 27465
8223 2336
8224 18980
8225 53808
8226 27553
8227 25352
8228 55332
8229 17225
8230 27424
8231 18980
8232 39968
8233 17192
8234 19108
8235 17188
8236 25416
8237 49953
8238 58219
8239 52000
8240 58219
8241 25376
8242 53784
8243 54064
8244 54072
8245 19273
8246 53776
8247 17225
8248 39968
8249 53776
8250 63272
8251 25408
8252 49952
8253 52009
8254 54049
8255 27409
8256 11169
8257 63337
8258 57128
8259 3360
8260 53796
8261 2720
8262 53776
8263 19104
8264 58312
8265 59177
8266 19105
8267 49953
8268 58208
8269 62240
8270 51748
8271 27153
8272 25416
8273 50960
8274 19211
8275 25417
8276 40480
8277 21008
8278 17225
8279 25432
8280 62248
8281 27465
8282 27153
8283 19985
8284 58336
8285 54049
8286 53776
8287 11169
8288 15009
8289 19209
8290 49680
8291 58312
8292 3360
8293 57824
8294 27553
8295 39720
8296 18980
8297 2589
8298 18596
8299 49944
8300 39968
8301 55072
8302 55072
8303 39968
8304 6944
8305 54049
8306 39968
8307 58112
8308 19361
8309 25418
8310 17256
8311 2848
8312 54072
8313 60392
8314 58312
8315 20264
8316 55856
8317 19201
8318 52000
8319 25353
8320 19232
8321 58340
8322 58304
8323 17185
8324 25417
8325 2848
8326 25417
8327 26384
8328 53776
8329 60360
8330 53776
8331 26952
8332 18980
8333 39968
8334 27153
8335 28177
8336 38948
8337 55072
8338 27153
8339 60168
8340 55136
8341 27488
8342 39968
8343 40480
8344 2592
8345 49936
8346 21024
8347 52000
8348 39972
8349 58128
8350 53776
8351 54564
8352 27593
8353 40488
8354 52008
8355 25416
8356 39968
8357 2720
8358 37688
8359 19208
8360 11793
8361 2592
8362 27153
8363 2080
8364 28489
8365 17168
8366 25418
8367 27424
8368 54832
8369 27424
8370 17153
8371 56096
8372 26401
8373 40744
8374 54056
8375 25418
8376 49953
8377 54056
8378 18980
8379 2592
8380 49960
8381 18980
8382 58144
8383 19240
8384 2589
8385 18977
8386 27153
8387 49952
8388 27497
8389 55141
8390 2720
8391 27153
8392 33560
8393 52024
8394 2721
8395 63233
8396 53784
8397 63336
8398 55136
8399 54832
8400 55072
8401 2976
8402 18976
8403 19233
8404 2720
8405 39968
8406 17200
8407 19233
8408 2720
8409 17184
8410 18980
8411 800
8412 54064
8413 27465
8414 56880
8415 55072
8416 60360
8417 25384
8418 51969
8419 39968
8420 27392
8421 62241
8422 18980
8423 40504
8424 28177
8425 39472
8426 54840
8427 19272
8428 21008
8429 40232
8430 16932
8431 27153
8432 54560
8433 39972
8434 27153
8435 52008
8436 28177
8437 53808
8438 50016
8439 54832
8440 54049
8441 16932
8442 58314
8443 39968
8444 40480
8445 18980
8446 58312
8447 54072
8448 49936
8449 2592
8450 2864
8451 55072
8452 18980
8453 49680
8454 2080
8455 55072
8456 39968
8457 2872
8458 27392
8459 18980
8460 39968
8461 2581
8462 40480
8463 49944
8464 40488
8465 49680
8466 19256
8467 49936
8468 60360
8469 2408
8470 19216
8471 27553
8472 2720
8473 21296
8474 2849
8475 25360
8476 40736
8477 40224
8478 19208
8479 55073
8480 20296
8481 49944
8482 58209
8483 54057
8484 18976
8485 18980
8486 10773
8487 40480
8488 39968
8489 16932
8490 55072
8491 28177
8492 19241
8493 25418
8494 2848
8495 25408
8496 26952
8497 19233
8498 21024
8499 60192
8500 58346
8501 53796
8502 37656
8503 54064
8504 40736
8505 53776
8506 16933
8507 56872
8508 18980
8509 2721
8510 25376
8511 2400
8512 53284
8513 18793
8514 25443
8515 54048
8516 27137
8517 62304
8518 27153
8519 27153
8520 25345
8521 27465
8522 27592
8523 58153
8524 18980
8525 54048
8526 2596
8527 19201
8528 17188
8529 25441
8530 54836
8531 58313
8532 63337
8533 40480
8534 27393
8535 57129
8536 10913
8537 40232
8538 55840
8539 49976
8540 11793
8541 2408
8542 55080
8543 63296
8544 53776
8545 63336
8546 60288
8547 11793
8548 10913
8549 21281
8550 27424
8551 40224
8552 25369
8553 62240
8554 58184
8555 49921
8556 58145
8557 27465
8558 27488
8559 25504
8560 60384
8561 2581
8562 25377
8563 27137
8564 54072
8565 27401
8566 25417
8567 55088
8568 18980
8569 56096
8570 19240
8571 25105
8572 18961
8573 27153
8574 49968
8575 17208
8576 40736
8577 63336
8578 40480
8579 63273
8580 16917
8581 25418
8582 27157
8583 17225
8584 2720
8585 56360
8586 54112
8587 20265
8588 54040
8589 50016
8590 58312
8591 58313
8592 11169
8593 18980
8594 58209
8595 55072
8596 17192
8597 21296
8598 40224
8599 45729
8600 39968
8601 25417
8602 16912
8603 56096
8604 27425
8605 51760
8606 19104
8607 53792
8608 58312
8609 58185
8610 60192
8611 58208
8612 49936
8613 2080
8614 16932
8615 792
8616 40480
8617 3873
8618 27458
8619 10913
8620 18980
8621 63296
8622 25418
8623 27400
8624 49944
8625 58113
8626 27458
8627 39968
8628 40232
8629 49976
8630 19233
8631 19233
8632 27425
8633 2872
8634 25345
8635 60193
8636 27153
8637 2872
8638 55840
8639 25418
8640 58304
8641 39736
8642 58312
8643 55840
8644 27153
8645 55136
8646 57120
8647 49976
8648 17208
8649 17176
8650 58144
8651 19108
8652 58344
8653 19232
8654 25417
8655 52009
8656 58314
8657 25368
8658 63264
8659 27153
8660 39720
8661 27400
8662 55856
8663 58344
8664 37400
8665 49960
8666 21280
8667 17224
8668 55072
8669 39456
8670 18980
8671 53784
8672 49944
8673 27153
8674 17176
8675 21264
8676 19275
8677 39736
8678 15009
8679 40480
8680 63328
8681 49952
8682 27458
8683 56608
8684 49936
8685 53024
8686 18961
8687 17226
8688 25488
8689 39968
8690 16714
8691 19233
8692 49920
8693 28177
8694 58144
8695 27464
8696 40480
8697 20265
8698 52000
8699 17226
8700 55081
8701 58312
8702 27552
8703 59169
8704 25544
8705 38704
8706 49994
8707 55088
8708 53776
8709 58272
8710 28177
8711 55077
8712 25345
8713 49952
8714 38457
8715 11793
8716 49968
8717 18980
8718 28449
8719 55041
8720 27153
8721 792
8722 55072
8723 53784
8724 58112
8725 54832
8726 38457
8727 39968
8728 58113
8729 55073
8730 11797
8731 27465
8732 49953
8733 49952
8734 18980
8735 55081
8736 58315
8737 58144
8738 39968
8739 3605
8740 21008
8741 18980
8742 49953
8743 37400
8744 25109
8745 52920
8746 25377
8747 824
8748 58336
8749 2589
8750 54040
8751 53284
8752 63328
8753 59201
8754 40504
8755 18761
8756 40480
8757 27153
8758 50016
8759 54040
8760 25434
8761 16932
8762 57120
8763 49936
8764 19232
8765 25418
8766 40736
8767 16676
8768 52008
8769 61281
8770 58112
8771 18761
8772 40496
8773 28177
8774 58313
8775 27153
8776 58209
8777 16932
8778 27153
8779 58216
8780 53796
8781 25377
8782 27153
8783 53784
8784 58312
8785 55072
8786 2721
8787 39480
8788 3605
8789 54040
8790 57120
8791 536
8792 58346
8793 27464
8794 39968
8795 39968
8796 2848
8797 55080
8798 19240
8799 60257
8800 40224
8801 53808
8802 55073
8803 51744
8804 16676
8805 38944
8806 49960
8807 58241
8808 49680
8809 27465
8810 16912
8811 53808
8812 17224
8813 53796
8814 54564
8815 55081
8816 55064
8817 37400
8818 2912
8819 54040
8820 61216
8821 37656
8822 55072
8823 2840
8824 19209
8825 25418
8826 2584
8827 2840
8828 2400
8829 792
8830 58346
8831 49953
8832 49944
8833 59168
8834 16676
8835 27465
8836 56096
8837 53813
8838 39968
8839 27488
8840 27465
8841 16944
8842 55856
8843 58312
8844 40736
8845 61217
8846 19232
8847 58336
8848 17184
8849 27520
8850 40504
8851 27409
8852 54056
8853 10773
8854 2592
8855 792
8856 55840
8857 2589
8858 18976
8859 25361
8860 2584
8861 58152
8862 2581
8863 56096
8864 54049
8865 18980
8866 10592
8867 39968
8868 27432
8869 27464
8870 19200
8871 53284
8872 28488
8873 39968
8874 19232
8875 53776
8876 53032
8877 49945
8878 18961
8879 27458
8880 54056
8881 27393
8882 51977
8883 21024
8884 53776
8885 58145
8886 54056
8887 40224
8888 16944
8889 28177
8890 10769
8891 58312
8892 53776
8893 59169
8894 17185
8895 49680
8896 2593
8897 58187
8898 2721
8899 792
8900 55072
8901 27409
8902 17224
8903 40480
8904 60360
8905 58144
8906 26385
8907 27464
8908 54832
8909 38704
8910 60224
8911 27393
8912 33560
8913 58208
8914 54049
8915 58314
8916 54057
8917 53776
8918 52000
8919 37688
8920 58312
8921 59169
8922 53776
8923 19233
8924 792
8925 38457
8926 58312
8927 54832
8928 816
8929 19273
8930 25105
8931 53776
8932 17169
8933 55088
8934 55144
8935 53812
8936 25432
8937 40224
8938 2592
8939 25369
8940 19232
8941 49952
8942 11793
8943 40232
8944 17226
8945 55073
8946 18980
8947 2840
8948 38457
8949 53784
8950 58216
8951 11797
8952 25417
8953 19233
8954 40480
8955 27464
8956 27153
8957 58152
8958 39472
8959 60392
8960 26385
8961 2721
8962 58187
8963 63265
8964 25416
8965 40224
8966 58144
8967 17152
8968 27153
8969 24906
8970 52008
8971 27489
8972 39480
8973 19272
8974 25448
8975 25416
8976 58312
8977 19232
8978 58209
8979 25419
8980 25369
8981 54032
8982 39968
8983 19236
8984 64289
8985 60360
8986 27153
8987 25418
8988 11797
8989 40736
8990 2589
8991 25361
8992 56120
8993 2848
8994 25416
8995 52016
8996 17177
8997 55064
8998 27153
8999 49944
9000 50984
9001 39968
9002 25105
9003 2872
9004 58312
9005 2581
9006 55048
9007 19248
9008 49944
9009 18721
9010 2408
9011 49928
9012 49921
9013 49976
9014 17208
9015 58145
9016 27401
9017 18761
9018 27457
9019 25345
9020 2721
9021 51969
9022 49960
9023 58145
9024 27464
9025 25418
9026 2408
9027 54048
9028 28177
9029 49944
9030 61217
9031 25105
9032 21008
9033 55840
9034 53792
9035 49944
9036 60360
9037 17185
9038 49928
9039 54056
9040 792
9041 18976
9042 27153
9043 58312
9044 19233
9045 27458
9046 55080
9047 49968
9048 49944
9049 2864
9050 39968
9051 54040
9052 27153
9053 54040
9054 28181
9055 53784
9056 63233
9057 19233
9058 3872
9059 25345
9060 57128
9061 27520
9062 27153
9063 19256
9064 27592
9065 27456
9066 25418
9067 58344
9068 52000
9069 16933
9070 17184
9071 18761
9072 57128
9073 19240
9074 55136
9075 824
9076 17184
9077 19232
9078 62305
9079 17226
9080 58314
9081 49994
9082 49944
9083 53776
9084 17224
9085 27153
9086 10913
9087 27153
9088 19360
9089 37656
9090 17208
9091 792
9092 38456
9093 11797
9094 55136
9095 28181
9096 25369
9097 27409
9098 18980
9099 10913
9100 55081
9101 27153
9102 16917
9103 52008
9104 58145
9105 2581
9106 18760
9107 27153
9108 58314
9109 2848
9110 27393
9111 58315
9112 28177
9113 58153
9114 52001
9115 54832
9116 25368
9117 11169
9118 49945
9119 28177
9120 28488
9121 19272
9122 54049
9123 60193
9124 57129
9125 56616
9126 27465
9127 39968
9128 56864
9129 54560
9130 10913
9131 55088
9132 16912
9133 54040
9134 55840
9135 54072
9136 25369
9137 25418
9138 53808
9139 17225
9140 54832
9141 56880
9142 38457
9143 2849
9144 19248
9145 56608
9146 49976
9147 25544
9148 49994
9149 16712
9150 61281
9151 3605
9152 17184
9153 49960
9154 55080
9155 53812
9156 25434
9157 58145
9158 19240
9159 16932
9160 54048
9161 18761
9162 49952
9163 56888
9164 25384
9165 16929
9166 39968
9167 40504
9168 18980
9169 19256
9170 19241
9171 58312
9172 58209
9173 19105
9174 25434
9175 39968
9176 17226
9177 27424
9178 27465
9179 27400
9180 18793
9181 56888
9182 55056
9183 40232
9184 57128
9185 58144
9186 39472
9187 52000
9188 49960
9189 58208
9190 11793
9191 25418
9192 38704
9193 2848
9194 27457
9195 17153
9196 25344
9197 52008
9198 39968
9199 17185
9200 25377
9201 25418
9202 56608
9203 17193
9204 49952
9205 25416
9206 25384
9207 49952
9208 19200
9209 62312
9210 60225
9211 49680
9212 60361
9213 58312
9214 55088
9215 53776
9216 38704
9217 18760
9218 59169
9219 26384
9220 39968
9221 25377
9222 52001
9223 58209
9224 53776
9225 27467
9226 56376
9227 58345
9228 64488
9229 54832
9230 18980
9231 39968
9232 54048
9233 38456
9234 49953
9235 27425
9236 40480
9237 38457
9238 27153
9239 56104
9240 19272
9241 17060
9242 52001
9243 37688
9244 25416
9245 2584
9246 40480
9247 49944
9248 55080
9249 17208
9250 39968
9251 17168
9252 49952
9253 39972
9254 19304
9255 38704
9256 60353
9257 2976
9258 20297
9259 58344
9260 64289
9261 25377
9262 57120
9263 25418
9264 39968
9265 19232
9266 27392
9267 25418
9268 51560
9269 27153
9270 27432
9271 27153
9272 27393
9273 59169
9274 19232
9275 58144
9276 56864
9277 51968
9278 58312
9279 49952
9280 27153
9281 28177
9282 27392
9283 27489
9284 19201
9285 17188
9286 54049
9287 60193
9288 49952
9289 27464
9290 54832
9291 10913
9292 39968
9293 27521
9294 52000
9295 26385
9296 25448
9297 52001
9298 49952
9299 55072
9300 55136
9301 2720
9302 25109
9303 17176
9304 39480
9305 54072
9306 49944
9307 19224
9308 54048
9309 60169
9310 27153
9311 17188
9312 58314
9313 27465
9314 27488
9315 58112
9316 39448
9317 3605
9318 27465
9319 50016
9320 64296
9321 6944
9322 60192
9323 56104
9324 19201
9325 25368
9326 27425
9327 54052
9328 19108
9329 49952
9330 27400
9331 28417
9332 54048
9333 55072
9334 52000
9335 19240
9336 58312
9337 54056
9338 18762
9339 58346
9340 19232
9341 60264
9342 19232
9343 19274
9344 63264
9345 58312
9346 53776
9347 37688
9348 58187
9349 19209
9350 11793
9351 25418
9352 49953
9353 58314
9354 27424
9355 19233
9356 19233
9357 25105
9358 17176
9359 25440
9360 55840
9361 25434
9362 58315
9363 19233
9364 52016
9365 25418
9366 27393
9367 2840
9368 56097
9369 27393
9370 49945
9371 18977
9372 51968
9373 63272
9374 60161
9375 25376
9376 53025
9377 28177
9378 56097
9379 54048
9380 54057
9381 52000
9382 25377
9383 19273
9384 58185
9385 58144
9386 2849
9387 28489
9388 58144
9389 11793
9390 19296
9391 20296
9392 28513
9393 11169
9394 39456
9395 2592
9396 16912
9397 18760
9398 18980
9399 58113
9400 27424
9401 64288
9402 19232
9403 24906
9404 54072
9405 27424
9406 56888
9407 19233
9408 59232
9409 58272
9410 54057
9411 58336
9412 25344
9413 61217
9414 19209
9415 26953
9416 19209
9417 49936
9418 17168
9419 58346
9420 55073
9421 60352
9422 27153
9423 19233
9424 62305
9425 58144
9426 58312
9427 27425
9428 27153
9429 2340
9430 2589
9431 27425
9432 17160
9433 27457
9434 63265
9435 59169
9436 25376
9437 62241
9438 27401
9439 17168
9440 16912
9441 21008
9442 27153
9443 54048
9444 17256
9445 3605
9446 27616
9447 17193
9448 20257
9449 57128
9450 3605
9451 27616
9452 19233
9453 2976
9454 58152
9455 58120
9456 2977
9457 16933
9458 21040
9459 58312
9460 54056
9461 58314
9462 2720
9463 52008
9464 11169
9465 25416
9466 52000
9467 27488
9468 54048
9469 58208
9470 19233
9471 57128
9472 58312
9473 58176
9474 39200
9475 50016
9476 17152
9477 25344
9478 16917
9479 54040
9480 58312
9481 3605
9482 16712
9483 25344
9484 37688
9485 27465
9486 54048
9487 18977
9488 19208
9489 49952
9490 52000
9491 27457
9492 25576
9493 58313
9494 19240
9495 25345
9496 25368
9497 49952
9498 64488
9499 27393
9500 17184
9501 64289
9502 27393
9503 49960
9504 54049
9505 58304
9506 51984
9507 51976
9508 52009
9509 49960
9510 18724
9511 58145
9512 19272
9513 64288
9514 58312
9515 40736
9516 11793
9517 38457
9518 27153
9519 27464
9520 11797
9521 2872
9522 52024
9523 39968
9524 57120
9525 45729
9526 17169
9527 20264
9528 19272
9529 39208
9530 16932
9531 16917
9532 25384
9533 39968
9534 18980
9535 39968
9536 55080
9537 26384
9538 53784
9539 18785
9540 58312
9541 60169
9542 58152
9543 25384
9544 25416
9545 58112
9546 25376
9547 51000
9548 54048
9549 58312
9550 19201
9551 27466
9552 27425
9553 54049
9554 27393
9555 27157
9556 58112
9557 27392
9558 27616
9559 54049
9560 50976
9561 54049
9562 64289
9563 17226
9564 38457
9565 25416
9566 54560
9567 536
9568 2976
9569 40480
9570 25504
9571 2848
9572 51984
9573 27553
9574 19275
9575 19233
9576 52008
9577 56352
9578 26401
9579 27393
9580 58128
9581 49680
9582 25376
9583 56104
9584 19272
9585 10773
9586 60257
9587 62240
9588 19232
9589 19240
9590 54056
9591 27457
9592 18760
9593 52000
9594 54056
9595 40736
9596 27425
9597 54112
9598 27153
9599 16932
9600 25384
9601 51744
9602 49953
9603 54021
9604 58145
9605 49953
9606 56096
9607 17185
9608 49953
9609 49976
9610 27153
9611 21280
9612 25376
9613 19232
9614 59744
9615 54049
9616 52000
9617 62241
9618 17152
9619 55088
9620 16944
9621 58240
9622 27153
9623 25418
9624 25416
9625 40224
9626 49960
9627 27457
9628 56096
9629 38457
9630 61281
9631 2872
9632 37400
9633 55840
9634 2721
9635 38456
9636 10913
9637 536
9638 40224
9639 20264
9640 54064
9641 11169
9642 25416
9643 40496
9644 27393
9645 51992
9646 49953
9647 40224
9648 2721
9649 19304
9650 53792
9651 27584
9652 17224
9653 25417
9654 51992
9655 49920
9656 17152
9657 19296
9658 17177
9659 25377
9660 25416
9661 17226
9662 40480
9663 58144
9664 49952
9665 17224
9666 18977
9667 18760
9668 39472
9669 16917
9670 17168
9671 19232
9672 58208
9673 18980
9674 49961
9675 28177
9676 58153
9677 49920
9678 49952
9679 49961
9680 54049
9681 54016
9682 2608
9683 27425
9684 25377
9685 25105
9686 52008
9687 27153
9688 56104
9689 54064
9690 54056
9691 52000
9692 40496
9693 2589
9694 25418
9695 19232
9696 19275
9697 25360
9698 2581
9699 2912
9700 2720
9701 53784
9702 16714
9703 49680
9704 55136
9705 39968
9706 26953
9707 2849
9708 18760
9709 27425
9710 49976
9711 55844
9712 60360
9713 39208
9714 2721
9715 18980
9716 58216
9717 25417
9718 54040
9719 27392
9720 58145
9721 60360
9722 17226
9723 19232
9724 51000
9725 58314
9726 54049
9727 27464
9728 17185
9729 20296
9730 25568
9731 28177
9732 27153
9733 54048
9734 58240
9735 25376
9736 25376
9737 51969
9738 25441
9739 58312
9740 25417
9741 25377
9742 25352
9743 58208
9744 60233
9745 63337
9746 28449
9747 62312
9748 58344
9749 18981
9750 40736
9751 27153
9752 49953
9753 18761
9754 3605
9755 19256
9756 19232
9757 16917
9758 27424
9759 25360
9760 58145
9761 17208
9762 19240
9763 58312
9764 25416
9765 58144
9766 49952
9767 51977
9768 27465
9769 17176
9770 25418
9771 25345
9772 55080
9773 25345
9774 58344
9775 58113
9776 56096
9777 54048
9778 25377
9779 54049
9780 25105
9781 24906
9782 56096
9783 54016
9784 54056
9785 56096
9786 25376
9787 49953
9788 54048
9789 60360
9790 18980
9791 17184
9792 58144
9793 52001
9794 25376
9795 27392
9796 38457
9797 27153
9798 18961
9799 19241
9800 19296
9801 58153
9802 54040
9803 63272
9804 56105
9805 54072
9806 27153
9807 54040
9808 11797
9809 57144
9810 27425
9811 27457
9812 25360
9813 18980
9814 54032
9815 55332
9816 52000
9817 59177
9818 49952
9819 52008
9820 60200
9821 27592
9822 11793
9823 54072
9824 52000
9825 49994
9826 58144
9827 19304
9828 19232
9829 54048
9830 58312
9831 18760
9832 40480
9833 40224
9834 58209
9835 58312
9836 51977
9837 19240
9838 17168
9839 59176
9840 58312
9841 25376
9842 17188
9843 49953
9844 27425
9845 55081
9846 18720
9847 58345
9848 60193
9849 49944
9850 49953
9851 54048
9852 25440
9853 17168
9854 25488
9855 21008
9856 55072
9857 40224
9858 39968
9859 39968
9860 18761
9861 25416
9862 2848
9863 55072
9864 19105
9865 55072
9866 25360
9867 2864
9868 19240
9869 17208
9870 58137
9871 57824
9872 60233
9873 56864
9874 27458
9875 18793
9876 25576
9877 54072
9878 59232
9879 60361
9880 27425
9881 25449
9882 58209
9883 19201
9884 27584
9885 60353
9886 27392
9887 58145
9888 54048
9889 50977
9890 58145
9891 52000
9892 52001
9893 17193
9894 27400
9895 19273
9896 58153
9897 58144
9898 17152
9899 25417
9900 18209
9901 25376
9902 17184
9903 54049
9904 58313
9905 19200
9906 39456
9907 55072
9908 54016
9909 49936
9910 25360
9911 55088
9912 10769
9913 19211
9914 53776
9915 54056
9916 16714
9917 19232
9918 53776
9919 49961
9920 19273
9921 2856
9922 55840
9923 54032
9924 49961
9925 2720
9926 26952
9927 55096
9928 54832
9929 25360
9930 54048
9931 55844
9932 17168
9933 49961
9934 19105
9935 25416
9936 17184
9937 58305
9938 2840
9939 19272
9940 58312
9941 27153
9942 51977
9943 19273
9944 56352
9945 63265
9946 27464
9947 17184
9948 17225
9949 27465
9950 49952
9951 25544
9952 55080
9953 49976
9954 20296
9955 60192
9956 18720
9957 27488
9958 55072
9959 27497
9960 52001
9961 17185
9962 27153
9963 55081
9964 25376
9965 19233
9966 18761
9967 49920
9968 18980
9969 58145
9970 62248
9971 17184
9972 58144
9973 58112
9974 55081
9975 58312
9976 25416
9977 58112
9978 19232
9979 18980
9980 56616
9981 27153
9982 19256
9983 59168
9984 40232
9985 2977
9986 55096
9987 25408
9988 58152
9989 25376
9990 58112
9991 58336
9992 27458
9993 25105
9994 54048
9995 2864
9996 25376
9997 27497
9998 49952
9999 17226
10000 58312
10001 60160
10002 56096
10003 17224
10004 58144
10005 54056
10006 58144
10007 27424
10008 58145
10009 54048
10010 58312
10011 58312
10012 11793
10013 19272
10014 49953
10015 54048
10016 58145
10017 56104
10018 58113
10019 25344
10020 25352
10021 49952
10022 61280
10023 17168
10024 39712
10025 49960
10026 55072
10027 25416
10028 19304
10029 55840
10030 3605
10031 17185
10032 54800
10033 25432
10034 58152
10035 60256
10036 17169
10037 18792
10038 39200
10039 25361
10040 54040
10041 25418
10042 54048
10043 2864
10044 58312
10045 25416
10046 25416
10047 54057
10048 18976
10049 26401
10050 19232
10051 18980
10052 58217
10053 54056
10054 58312
10055 58152
10056 25441
10057 54056
10058 19233
10059 27153
10060 17152
10061 52001
10062 17184
10063 60256
10064 49953
10065 17168
10066 25441
10067 19224
10068 58312
10069 2864
10070 15009
10071 45729
10072 55080
10073 25417
10074 2872
10075 49961
10076 62240
10077 64288
10078 52001
10079 17044
10080 26952
10081 25434
10082 27457
10083 62304
10084 54840
10085 27464
10086 52001
10087 18977
10088 58312
10089 58312
10090 25416
10091 49960
10092 39968
10093 27424
10094 17160
10095 25376
10096 19216
10097 25416
10098 56608
10099 19216
10100 40232
10101 58145
10102 54048
10103 19232
10104 27153
10105 58145
10106 49952
10107 49952
10108 58144
10109 18720
10110 58344
10111 58145
10112 51977
10113 60256
10114 27393
10115 49961
10116 53048
10117 57120
10118 53025
10119 58312
10120 60360
10121 58344
10122 18981
10123 15009
10124 58217
10125 27409
10126 49680
10127 40736
10128 25418
10129 49944
10130 19232
10131 15009
10132 51976
10133 11797
10134 25432
10135 54056
10136 58144
10137 24904
10138 11169
10139 49920
10140 63337
10141 2720
10142 18980
10143 25345
10144 27393
10145 25416
10146 27464
10147 56096
10148 27153
10149 57129
10150 25434
10151 59232
10152 27457
10153 58312
10154 17185
10155 25344
10156 49953
10157 27465
10158 25440
10159 2592
10160 17060
10161 56104
10162 63265
10163 58313
10164 49952
10165 2581
10166 39968
10167 50976
10168 60352
10169 58312
10170 51976
10171 54056
10172 25344
10173 58112
10174 2336
10175 58304
10176 58314
10177 57121
10178 2852
10179 16932
10180 19233
10181 28177
10182 49960
10183 58145
10184 58144
10185 55844
10186 60193
10187 58344
10188 19200
10189 60193
10190 27456
10191 49953
10192 27489
10193 33560
10194 27153
10195 27425
10196 55840
10197 2408
10198 24904
10199 27465
10200 49944
10201 58145
10202 40736
10203 24904
10204 54052
10205 39448
10206 2848
10207 18761
10208 61217
10209 37688
10210 40488
10211 40224
10212 52009
10213 10913
10214 27424
10215 17224
10216 19275
10217 27465
10218 27488
10219 28177
10220 39972
10221 17185
10222 28449
10223 25368
10224 49960
10225 56120
10226 51992
10227 27465
10228 58344
10229 20296
10230 54048
10231 27392
10232 39712
10233 56097
10234 55072
10235 18980
10236 17200
10237 62240
10238 19208
10239 52001
10240 58144
10241 25377
10242 60352
10243 55073
10244 58312
10245 49961
10246 27400
10247 17185
10248 2596
10249 58145
10250 54048
10251 58217
10252 40480
10253 54056
10254 19232
10255 25376
10256 50977
10257 19201
10258 27466
10259 58273
10260 58314
10261 56880
10262 10773
10263 49952
10264 27465
10265 19272
10266 58344
10267 51560
10268 27464
10269 53784
10270 27465
10271 19304
10272 11797
10273 58121
10274 10773
10275 40480
10276 19273
10277 24906
10278 25360
10279 26952
10280 49928
10281 49994
10282 3872
10283 19272
10284 19272
10285 16932
10286 58312
10287 18761
10288 20264
10289 58152
10290 25376
10291 18976
10292 25418
10293 49976
10294 57120
10295 25416
10296 27552
10297 49953
10298 60169
10299 21280
10300 18761
10301 27153
10302 60192
10303 49952
10304 40224
10305 6944
10306 55840
10307 53025
10308 38712
10309 25384
10310 49945
10311 25377
10312 28449
10313 16912
10314 25418
10315 18980
10316 58344
10317 58144
10318 25441
10319 49953
10320 25418
10321 25376
10322 25385
10323 59169
10324 25377
10325 58336
10326 17184
10327 58120
10328 17184
10329 18209
10330 52000
10331 49920
10332 19233
10333 61217
10334 49920
10335 59169
10336 54048
10337 25377
10338 25352
10339 60200
10340 16912
10341 28177
10342 54048
10343 60360
10344 57129
10345 58144
10346 58314
10347 52001
10348 27393
10349 39208
10350 19201
10351 60193
10352 50976
10353 58314
10354 18981
10355 52001
10356 52001
10357 2721
10358 17168
10359 55073
10360 27488
10361 25347
10362 57129
10363 58312
10364 37688
10365 55844
10366 38457
10367 18468
10368 18976
10369 40496
10370 54052
10371 60264
10372 19305
10373 2581
10374 18980
10375 49680
10376 27392
10377 58344
10378 49953
10379 54800
10380 49960
10381 19224
10382 25360
10383 2581
10384 25345
10385 19273
10386 58185
10387 56096
10388 51976
10389 63337
10390 56097
10391 19200
10392 25416
10393 49994
10394 64288
10395 49952
10396 19240
10397 58312
10398 19236
10399 53813
10400 27464
10401 60192
10402 27393
10403 19240
10404 25377
10405 53025
10406 54049
10407 60352
10408 60320
10409 2852
10410 27137
10411 54048
10412 25384
10413 63264
10414 58306
10415 58177
10416 49952
10417 53025
10418 27432
10419 62241
10420 53025
10421 18977
10422 33560
10423 27400
10424 27153
10425 56105
10426 19216
10427 27458
10428 39972
10429 19209
10430 58113
10431 28448
10432 60193
10433 56097
10434 27424
10435 58314
10436 52001
10437 56104
10438 49952
10439 25434
10440 10769
10441 2721
10442 27153
10443 28489
10444 25360
10445 27488
10446 25360
10447 28449
10448 37688
10449 37656
10450 54048
10451 58144
10452 17226
10453 25409
10454 19208
10455 18761
10456 49961
10457 18720
10458 58346
10459 27465
10460 27464
10461 62240
10462 49953
10463 816
10464 19241
10465 28449
10466 58314
10467 40736
10468 38944
10469 52008
10470 39472
10471 17153
10472 57120
10473 20296
10474 52000
10475 800
10476 58152
10477 58312
10478 58312
10479 16932
10480 53048
10481 38948
10482 60360
10483 27393
10484 49952
10485 60384
10486 60192
10487 27424
10488 58306
10489 19216
10490 28177
10491 54049
10492 55080
10493 58314
10494 53776
10495 19233
10496 49952
10497 49953
10498 58240
10499 58315
10500 54112
10501 2872
10502 2848
10503 27465
10504 3605
10505 62241
10506 39736
10507 19985
10508 54832
10509 50977
10510 19241
10511 58144
10512 53792
10513 17224
10514 39208
10515 55096
10516 38712
10517 25417
10518 21040
10519 58144
10520 25434
10521 61281
10522 54049
10523 58312
10524 26953
10525 55072
10526 58314
10527 58314
10528 49680
10529 58314
10530 6944
10531 55073
10532 17224
10533 60256
10534 58217
10535 51992
10536 27153
10537 27424
10538 49952
10539 25418
10540 26401
10541 25352
10542 60193
10543 60288
10544 18980
10545 52001
10546 58145
10547 58346
10548 27489
10549 17200
10550 27153
10551 52009
10552 56608
10553 17184
10554 19233
10555 52001
10556 19232
10557 19360
10558 25376
10559 49953
10560 27465
10561 19256
10562 50977
10563 54048
10564 58144
10565 11793
10566 60233
10567 53808
10568 39456
10569 60320
10570 54056
10571 2584
10572 16912
10573 58152
10574 63233
10575 27424
10576 11169
10577 58344
10578 17168
10579 17192
10580 52001
10581 27425
10582 62304
10583 63264
10584 25417
10585 58152
10586 25417
10587 58336
10588 27457
10589 19304
10590 58346
10591 54049
10592 58336
10593 27584
10594 49953
10595 54056
10596 60224
10597 49961
10598 39456
10599 20257
10600 19201
10601 27488
10602 18980
10603 19200
10604 58152
10605 58209
10606 28177
10607 58345
10608 51977
10609 58144
10610 52001
10611 58153
10612 56105
10613 27425
10614 18724
10615 6688
10616 27464
10617 56104
10618 28177
10619 58209
10620 18977
10621 54049
10622 19232
10623 27153
10624 17184
10625 58240
10626 58144
10627 25443
10628 64289
10629 25377
10630 50016
10631 62304
10632 25376
10633 27464
10634 58312
10635 49968
10636 56104
10637 52001
10638 49953
10639 19232
10640 58312
10641 10769
10642 54032
10643 59177
10644 17226
10645 2720
10646 17168
10647 58137
10648 27392
10649 27488
10650 62304
10651 27457
10652 49976
10653 25345
10654 18209
10655 2720
10656 27465
10657 55076
10658 28513
10659 52008
10660 54040
10661 40488
10662 25416
10663 18980
10664 11797
10665 56864
10666 10913
10667 40736
10668 58344
10669 17226
10670 40752
10671 25345
10672 58312
10673 49944
10674 59168
10675 27157
10676 55072
10677 52001
10678 61281
10679 40224
10680 58314
10681 58312
10682 58346
10683 58144
10684 53812
10685 58145
10686 10769
10687 6944
10688 17226
10689 51976
10690 58315
10691 59233
10692 58314
10693 18980
10694 58314
10695 59233
10696 58344
10697 52009
10698 58112
10699 58344
10700 19233
10701 27153
10702 60161
10703 54056
10704 25376
10705 49960
10706 60320
10707 49960
10708 17184
10709 58314
10710 55840
10711 58312
10712 58312
10713 52001
10714 25384
10715 28177
10716 58312
10717 58208
10718 27393
10719 16676
10720 60288
10721 55072
10722 51984
10723 58217
10724 58344
10725 58145
10726 27393
10727 49952
10728 58209
10729 16714
10730 28177
10731 60225
10732 49976
10733 18980
10734 27488
10735 54040
10736 17176
10737 19272
10738 58312
10739 2721
10740 56096
10741 55080
10742 40736
10743 2720
10744 19304
10745 36640
10746 18761
10747 51000
10748 2589
10749 2408
10750 40744
10751 10913
10752 40760
10753 40232
10754 58313
10755 40480
10756 18760
10757 19273
10758 55072
10759 19200
10760 40224
10761 18762
10762 39200
10763 52001
10764 49952
10765 58336
10766 17153
10767 27433
10768 19240
10769 55136
10770 54040
10771 27393
10772 39712
10773 17184
10774 58314
10775 27401
10776 49952
10777 53776
10778 58312
10779 38944
10780 58144
10781 49953
10782 18761
10783 27624
10784 49936
10785 49944
10786 58273
10787 58312
10788 26401
10789 27425
10790 19232
10791 27393
10792 54048
10793 20257
10794 25416
10795 57129
10796 49952
10797 27425
10798 27465
10799 25377
10800 49976
10801 17188
10802 59169
10803 58312
10804 27424
10805 58185
10806 54049
10807 19200
10808 49953
10809 17153
10810 60360
10811 58312
10812 58314
10813 56096
10814 38948
10815 55332
10816 58344
10817 27616
10818 49956
10819 54049
10820 19201
10821 17168
10822 2848
10823 62240
10824 17185
10825 27153
10826 49961
10827 52000
10828 25409
10829 27424
10830 27433
10831 60352
10832 58314
10833 54057
10834 19208
10835 49953
10836 25544
10837 56104
10838 60192
10839 27425
10840 63264
10841 19233
10842 58312
10843 58312
10844 17208
10845 53792
10846 25344
10847 54832
10848 40504
10849 45729
10850 18721
10851 39448
10852 19208
10853 38712
10854 17168
10855 40496
10856 38712
10857 27393
10858 53032
10859 25360
10860 62240
10861 19201
10862 2848
10863 49944
10864 19232
10865 19211
10866 60233
10867 51969
10868 54072
10869 25441
10870 27489
10871 55080
10872 19233
10873 54048
10874 16928
10875 58208
10876 11793
10877 55844
10878 25417
10879 55073
10880 57120
10881 53776
10882 58152
10883 58176
10884 52000
10885 19233
10886 18980
10887 49920
10888 49952
10889 19232
10890 27458
10891 25376
10892 19233
10893 58306
10894 58346
10895 60360
10896 58112
10897 49952
10898 25344
10899 55080
10900 56104
10901 58145
10902 58306
10903 58312
10904 19232
10905 27465
10906 27153
10907 19216
10908 58312
10909 52024
10910 16917
10911 19233
10912 25377
10913 52000
10914 27392
10915 40480
10916 17185
10917 60257
10918 58304
10919 27488
10920 17185
10921 27592
10922 52001
10923 17184
10924 55081
10925 52009
10926 49953
10927 49952
10928 19232
10929 60352
10930 25440
10931 57120
10932 2840
10933 17168
10934 27153
10935 18980
10936 27465
10937 2848
10938 58346
10939 17184
10940 59176
10941 38457
10942 17168
10943 54048
10944 37656
10945 11797
10946 18720
10947 55056
10948 58346
10949 18980
10950 27393
10951 17168
10952 50977
10953 25376
10954 54064
10955 39968
10956 16929
10957 58184
10958 56096
10959 54049
10960 58314
10961 60360
10962 60360
10963 58128
10964 27400
10965 52000
10966 27153
10967 25377
10968 37688
10969 54048
10970 28177
10971 58145
10972 49952
10973 58144
10974 64289
10975 2848
10976 58312
10977 18980
10978 27584
10979 58314
10980 18980
10981 52000
10982 58144
10983 16928
10984 27400
10985 816
10986 58153
10987 25440
10988 51976
10989 54048
10990 62241
10991 49953
10992 57824
10993 56104
10994 58144
10995 49952
10996 49952
10997 19201
10998 63337
10999 26976
11000 25344
11001 60360
11002 19233
11003 19232
11004 58145
11005 55080
11006 49952
11007 51976
11008 49952
11009 27593
11010 17192
11011 58336
11012 56097
11013 2848
11014 58113
11015 19104
11016 10773
11017 54016
11018 49976
11019 56105
11020 19200
11021 53796
11022 52008
11023 25568
11024 54056
11025 25384
11026 58144
11027 60201
11028 50992
11029 27153
11030 52008
11031 39200
11032 58208
11033 58344
11034 19273
11035 6944
11036 54040
11037 50992
11038 40480
11039 11793
11040 18761
11041 25576
11042 21024
11043 40480
11044 60200
11045 25377
11046 27153
11047 58312
11048 52001
11049 51000
11050 18760
11051 54057
11052 63336
11053 58312
11054 17168
11055 55072
11056 19240
11057 55072
11058 25440
11059 49920
11060 52000
11061 19240
11062 27464
11063 19272
11064 25416
11065 25441
11066 27425
11067 58312
11068 58312
11069 60264
11070 27403
11071 58313
11072 19240
11073 16932
11074 49928
11075 54048
11076 58314
11077 49952
11078 27488
11079 52000
11080 58144
11081 58314
11082 2840
11083 58144
11084 52001
11085 27424
11086 58314
11087 49928
11088 58144
11089 27393
11090 60352
11091 19233
11092 59177
11093 58312
11094 58312
11095 58312
11096 60360
11097 58314
11098 19232
11099 19232
11100 49945
11101 49952
11102 58346
11103 58272
11104 27520
11105 51969
11106 27425
11107 54049
11108 58340
11109 49960
11110 27393
11111 58306
11112 52001
11113 58312
11114 27424
11115 60352
11116 54057
11117 55072
11118 25440
11119 55072
11120 54056
11121 60192
11122 53024
11123 25344
11124 19233
11125 19232
11126 17256
11127 25345
11128 45729
11129 62304
11130 60360
11131 51984
11132 49961
11133 60352
11134 17176
11135 51748
11136 27552
11137 27465
11138 19304
11139 60353
11140 25408
11141 27153
11142 19208
11143 27464
11144 17168
11145 40488
11146 18760
11147 16932
11148 16932
11149 52000
11150 40736
11151 19224
11152 49953
11153 58346
11154 54832
11155 2408
11156 64488
11157 49680
11158 39200
11159 17189
11160 60352
11161 25434
11162 2608
11163 17184
11164 58314
11165 60360
11166 60264
11167 58153
11168 58216
11169 25434
11170 27488
11171 40480
11172 49994
11173 58345
11174 60320
11175 55073
11176 18785
11177 58312
11178 40736
11179 60360
11180 17176
11181 38457
11182 58314
11183 39968
11184 27489
11185 25345
11186 58153
11187 17224
11188 25417
11189 27457
11190 49953
11191 63272
11192 16714
11193 19208
11194 16932
11195 25441
11196 25105
11197 17189
11198 49953
11199 60360
11200 52016
11201 49960
11202 60257
11203 16932
11204 17184
11205 21281
11206 39456
11207 59233
11208 19201
11209 27488
11210 58312
11211 52001
11212 54057
11213 27458
11214 60360
11215 19201
11216 17168
11217 2340
11218 58120
11219 58314
11220 62304
11221 58144
11222 60384
11223 58209
11224 58344
11225 54056
11226 17185
11227 58144
11228 58144
11229 19233
11230 58346
11231 27584
11232 60384
11233 54049
11234 58314
11235 58272
11236 39968
11237 56104
11238 49944
11239 56096
11240 39480
11241 17168
11242 50976
11243 17176
11244 54057
11245 27488
11246 53776
11247 49953
11248 24904
11249 11793
11250 25360
11251 25345
11252 27593
11253 58152
11254 54048
11255 17168
11256 49960
11257 27465
11258 25376
11259 25345
11260 27425
11261 39968
11262 38457
11263 27153
11264 62241
11265 54049
11266 17177
11267 49952
11268 58344
11269 2592
11270 18792
11271 58314
11272 27424
11273 49680
11274 54832
11275 58314
11276 27425
11277 18980
11278 39968
11279 58312
11280 56096
11281 18761
11282 25376
11283 58152
11284 25376
11285 58113
11286 19240
11287 60201
11288 18980
11289 54056
11290 58344
11291 18689
11292 58144
11293 25344
11294 19233
11295 59169
11296 58336
11297 18724
11298 53024
11299 58112
11300 58312
11301 54048
11302 53024
11303 62240
11304 18785
11305 18980
11306 19232
11307 17184
11308 58145
11309 57120
11310 27401
11311 60360
11312 58112
11313 27467
11314 2340
11315 58344
11316 58315
11317 52000
11318 49920
11319 17185
11320 55840
11321 58208
11322 2849
11323 27392
11324 62312
11325 55840
11326 60352
11327 56097
11328 49960
11329 58216
11330 54057
11331 18980
11332 58336
11333 58315
11334 19233
11335 25385
11336 55080
11337 60384
11338 17256
11339 25344
11340 60384
11341 60320
11342 18217
11343 59233
11344 26952
11345 27153
11346 17176
11347 50977
11348 55088
11349 19209
11350 58346
11351 16932
11352 27584
11353 19104
11354 54040
11355 27465
11356 25360
11357 17226
11358 2581
11359 49952
11360 25360
11361 16712
11362 2856
11363 10769
11364 25488
11365 56105
11366 49953
11367 51992
11368 16912
11369 27465
11370 49953
11371 53792
11372 58128
11373 25417
11374 27153
11375 55072
11376 54049
11377 17188
11378 19209
11379 58314
11380 53776
11381 58120
11382 58312
11383 49976
11384 58344
11385 16917
11386 25441
11387 58216
11388 49945
11389 27400
11390 18976
11391 25448
11392 25418
11393 60193
11394 58152
11395 17184
11396 2584
11397 49936
11398 49961
11399 18761
11400 54056
11401 58305
11402 58312
11403 58208
11404 27457
11405 58312
11406 2589
11407 17153
11408 39472
11409 17168
11410 25368
11411 53776
11412 25344
11413 56880
11414 63265
11415 60225
11416 27456
11417 58345
11418 56096
11419 25384
11420 54049
11421 58312
11422 27153
11423 49960
11424 60193
11425 52001
11426 58344
11427 19240
11428 39968
11429 27552
11430 18976
11431 28177
11432 27392
11433 19105
11434 58145
11435 17177
11436 19216
11437 52000
11438 58312
11439 26401
11440 27458
11441 52008
11442 27616
11443 58336
11444 58212
11445 58187
11446 58208
11447 58312
11448 27153
11449 63233
11450 56888
11451 55856
11452 58208
11453 17168
11454 52001
11455 53776
11456 54560
11457 60225
11458 54048
11459 58120
11460 27424
11461 25441
11462 56096
11463 17184
11464 58314
11465 18760
11466 27393
11467 27465
11468 19240
11469 27488
11470 28449
11471 49952
11472 49952
11473 58184
11474 63265
11475 51976
11476 58336
11477 18980
11478 49956
11479 50016
11480 17200
11481 25376
11482 2848
11483 59169
11484 58144
11485 25504
11486 39456
11487 39968
11488 58312
11489 49952
11490 54048
11491 49953
11492 40752
11493 53813
11494 60264
11495 17226
11496 60360
11497 19209
11498 57120
11499 37656
11500 55088
11501 2848
11502 40224
11503 27153
11504 52001
11505 55088
11506 27433
11507 19208
11508 27392
11509 27464
11510 38456
11511 40760
11512 54832
11513 54112
11514 2721
11515 17168
11516 40224
11517 28177
11518 49944
11519 55056
11520 55088
11521 17185
11522 60384
11523 59137
11524 40224
11525 27425
11526 25360
11527 49952
11528 27153
11529 49952
11530 54048
11531 60192
11532 27592
11533 58314
11534 58314
11535 57128
11536 58314
11537 27153
11538 18961
11539 25377
11540 27424
11541 56096
11542 27489
11543 59137
11544 18980
11545 49994
11546 28417
11547 58312
11548 28177
11549 51560
11550 60192
11551 27401
11552 19241
11553 27392
11554 28177
11555 58336
11556 52009
11557 27457
11558 52009
11559 58336
11560 27457
11561 27465
11562 18980
11563 58312
11564 19233
11565 58344
11566 19233
11567 63265
11568 63328
11569 62305
11570 49960
11571 54056
11572 27153
11573 54049
11574 27584
11575 63264
11576 60168
11577 17184
11578 19208
11579 54049
11580 16917
11581 18976
11582 19232
11583 58137
11584 25345
11585 60360
11586 17160
11587 27400
11588 25504
11589 49960
11590 58312
11591 58312
11592 27433
11593 58337
11594 25377
11595 27489
11596 2592
11597 60360
11598 16932
11599 58312
11600 19232
11601 17184
11602 60225
11603 39968
11604 2856
11605 58344
11606 59169
11607 25376
11608 56097
11609 49960
11610 27153
11611 19232
11612 27409
11613 60256
11614 58209
11615 58344
11616 56105
11617 58312
11618 60384
11619 27592
11620 49952
11621 52000
11622 2592
11623 19209
11624 58336
11625 60224
11626 54049
11627 58312
11628 27457
11629 58304
11630 59169
11631 27424
11632 27464
11633 58312
11634 27424
11635 58314
11636 54048
11637 27616
11638 58344
11639 25377
11640 58315
11641 58336
11642 60192
11643 17152
11644 27552
11645 18724
11646 19273
11647 55840
11648 54064
11649 2584
11650 58144
11651 824
11652 49976
11653 40480
11654 17225
11655 53784
11656 53776
11657 27400
11658 38712
11659 49928
11660 18785
11661 17189
11662 51976
11663 19240
11664 27425
11665 58144
11666 28449
11667 27393
11668 17168
11669 39208
11670 58312
11671 39968
11672 25416
11673 25416
11674 25434
11675 25504
11676 27624
11677 58336
11678 19985
11679 59169
11680 60192
11681 58113
11682 26953
11683 52000
11684 28177
11685 59201
11686 2592
11687 27457
11688 25376
11689 55096
11690 49952
11691 19273
11692 55072
11693 19273
11694 58153
11695 28513
11696 25376
11697 58346
11698 25352
11699 55073
11700 58336
11701 58314
11702 58313
11703 39736
11704 58312
11705 58240
11706 17208
11707 27433
11708 28177
11709 64289
11710 49952
11711 58152
11712 58217
11713 56376
11714 25345
11715 17185
11716 56120
11717 49960
11718 64488
11719 58344
11720 49952
11721 27425
11722 18976
11723 27465
11724 28177
11725 58240
11726 52001
11727 58344
11728 27424
11729 25441
11730 49953
11731 60360
11732 27584
11733 19233
11734 58344
11735 28449
11736 25449
11737 60160
11738 58187
11739 49976
11740 27488
11741 56097
11742 51969
11743 54049
11744 19209
11745 28449
11746 27521
11747 58312
11748 56097
11749 27488
11750 27153
11751 18721
11752 17192
11753 57120
11754 27432
11755 27104
11756 54048
11757 19232
11758 54056
11759 27424
11760 17189
11761 59233
11762 55844
11763 52000
11764 58145
11765 16928
11766 58344
11767 21281
11768 60352
11769 25344
11770 52009
11771 56105
11772 28513
11773 54056
11774 58144
11775 60256
11776 27393
11777 63272
11778 27393
11779 60160
11780 19108
11781 25576
11782 58336
11783 18976
11784 60256
11785 54056
11786 58315
11787 54049
11788 19200
11789 52008
11790 54056
11791 58304
11792 17200
11793 17044
11794 27592
11795 49952
11796 62240
11797 64296
11798 27153
11799 51984
11800 58212
11801 2721
11802 39448
11803 39736
11804 2721
11805 49976
11806 53808
11807 2400
11808 3872
11809 16928
11810 17208
11811 53808
11812 55096
11813 18761
11814 19201
11815 27153
11816 56104
11817 25376
11818 36640
11819 53776
11820 16912
11821 40224
11822 25377
11823 38712
11824 16912
11825 40496
11826 54072
11827 27393
11828 17168
11829 62312
11830 27465
11831 51560
11832 25360
11833 49928
11834 25376
11835 25417
11836 6688
11837 58312
11838 58312
11839 18721
11840 58144
11841 27489
11842 2864
11843 52008
11844 54072
11845 19208
11846 17224
11847 54057
11848 27425
11849 19233
11850 58144
11851 60353
11852 27425
11853 19232
11854 17185
11855 25418
11856 19200
11857 58337
11858 20296
11859 19273
11860 28417
11861 27489
11862 58312
11863 17184
11864 63296
11865 27392
11866 58185
11867 26976
11868 58315
11869 27425
11870 17224
11871 19233
11872 60360
11873 40224
11874 57129
11875 53025
11876 25377
11877 56608
11878 19200
11879 58337
11880 54049
11881 58312
11882 63264
11883 58312
11884 52001
11885 39968
11886 58306
11887 50977
11888 58153
11889 60192
11890 25377
11891 49953
11892 49952
11893 60257
11894 56097
11895 58314
11896 27616
11897 58312
11898 51560
11899 27616
11900 19233
11901 58314
11902 10769
11903 54049
11904 60352
11905 58120
11906 56608
11907 52001
11908 27489
11909 19232
11910 59169
11911 20257
11912 58185
11913 25418
11914 58314
11915 58312
11916 19274
11917 56097
11918 57824
11919 25440
11920 51968
11921 21281
11922 17185
11923 58312
11924 50984
11925 61216
11926 54056
11927 19233
11928 54056
11929 49952
11930 56104
11931 58312
11932 54048
11933 51984
11934 62304
11935 60352
11936 28177
11937 51560
11938 58336
11939 54048
11940 50976
11941 51984
11942 60361
11943 60224
11944 58314
11945 58312
11946 19233
11947 19232
11948 63337
11949 58312
11950 51992
11951 58145
11952 19232
11953 17188
11954 49680
11955 51977
11956 53284
11957 27456
11958 58217
11959 39968
11960 52009
11961 64352
11962 60192
11963 58145
11964 58312
11965 17208
11966 27153
11967 54800
11968 40224
11969 17169
11970 40224
11971 39968
11972 26385
11973 19209
11974 27393
11975 58145
11976 40480
11977 2864
11978 57121
11979 60160
11980 25416
11981 58312
11982 60168
11983 58340
11984 40752
11985 58176
11986 17168
11987 25376
11988 17153
11989 52000
11990 25353
11991 27593
11992 56105
11993 25376
11994 19233
11995 49928
11996 52001
11997 49952
11998 58344
11999 49953
12000 27592
12001 19201
12002 27424
12003 21264
12004 25377
12005 58336
12006 27392
12007 58314
12008 49920
12009 58306
12010 62305
12011 18217
12012 27465
12013 39968
12014 58312
12015 25376
12016 60360
12017 19240
12018 58344
12019 60353
12020 53284
12021 58153
12022 58144
12023 62240
12024 58346
12025 27424
12026 58312
12027 57824
12028 49953
12029 18976
12030 60384
12031 58144
12032 60232
12033 60353
12034 58344
12035 60352
12036 58344
12037 2848
12038 25504
12039 59177
12040 60160
12041 58304
12042 26401
12043 58153
12044 25385
12045 58340
12046 60256
12047 27425
12048 50977
12049 27153
12050 51992
12051 19200
12052 55072
12053 58144
12054 49952
12055 39968
12056 58314
12057 58312
12058 58346
12059 60360
12060 54048
12061 49976
12062 54056
12063 52920
12064 27433
12065 27433
12066 60320
12067 58312
12068 58346
12069 49952
12070 17185
12071 52001
12072 52000
12073 18961
12074 49928
12075 60360
12076 57824
12077 55072
12078 26976
12079 28177
12080 27488
12081 58346
12082 27616
12083 19209
12084 58315
12085 58312
12086 49961
12087 60192
12088 40224
12089 58272
12090 49953
12091 17185
12092 54048
12093 49960
12094 58312
12095 49961
12096 27403
12097 58346
12098 19224
12099 19232
12100 58312
12101 18192
12102 58312
12103 58112
12104 19272
12105 49953
12106 58312
12107 27465
12108 52001
12109 19272
12110 49953
12111 58312
12112 25408
12113 824
12114 40504
12115 57128
12116 40736
12117 17226
12118 33560
12119 27393
12120 49952
12121 58145
12122 55844
12123 54840
12124 54048
12125 21296
12126 53048
12127 54832
12128 55076
12129 58312
12130 54832
12131 56097
12132 17224
12133 60200
12134 55332
12135 40736
12136 17224
12137 56105
12138 17226
12139 19208
12140 58312
12141 19304
12142 16912
12143 58314
12144 21281
12145 27616
12146 54056
12147 17152
12148 16932
12149 17060
12150 25377
12151 19272
12152 27393
12153 49960
12154 58337
12155 19273
12156 17184
12157 58241
12158 56096
12159 25568
12160 27403
12161 58121
12162 60225
12163 27465
12164 58144
12165 62241
12166 58312
12167 58336
12168 58217
12169 58145
12170 57144
12171 56888
12172 21008
12173 58312
12174 25376
12175 27458
12176 58314
12177 58145
12178 58219
12179 52001
12180 49945
12181 40480
12182 59232
12183 57824
12184 56608
12185 25376
12186 27401
12187 62241
12188 25441
12189 58346
12190 49953
12191 25385
12192 27153
12193 58145
12194 27521
12195 54048
12196 40480
12197 58145
12198 19236
12199 27584
12200 58346
12201 26976
12202 27464
12203 54048
12204 49952
12205 58312
12206 58208
12207 39968
12208 54056
12209 58312
12210 49952
12211 60360
12212 58312
12213 59169
12214 58344
12215 27401
12216 55080
12217 58312
12218 59177
12219 52001
12220 27592
12221 25376
12222 54048
12223 58144
12224 50016
12225 27400
12226 39200
12227 19232
12228 52016
12229 19236
12230 58152
12231 25361
12232 60384
12233 58336
12234 27392
12235 25441
12236 59168
12237 27584
12238 51744
12239 58345
12240 60360
12241 25376
12242 57824
12243 60256
12244 58346
12245 19232
12246 59201
12247 39712
12248 59169
12249 60360
12250 2592
12251 60352
12252 49953
12253 58312
12254 39968
12255 54832
12256 2856
12257 60320
12258 25448
12259 27153
12260 39448
12261 54048
12262 18980
12263 49953
12264 50992
12265 54048
12266 17168
12267 25368
12268 17168
12269 55088
12270 19232
12271 11793
12272 55840
12273 17040
12274 39968
12275 57120
12276 49953
12277 26464
12278 27465
12279 17168
12280 54056
12281 58344
12282 25434
12283 54049
12284 60320
12285 49953
12286 56104
12287 58344
12288 54048
12289 49952
12290 62248
12291 25109
12292 50960
12293 27425
12294 11797
12295 26952
12296 58112
12297 58312
12298 17184
12299 25448
12300 27465
12301 58209
12302 58272
12303 27393
12304 60360
12305 58313
12306 58177
12307 27488
12308 60352
12309 19232
12310 61280
12311 27392
12312 25448
12313 19232
12314 27457
12315 18980
12316 58121
12317 39968
12318 40480
12319 19232
12320 58312
12321 58336
12322 58312
12323 58217
12324 57120
12325 25418
12326 40480
12327 54057
12328 59744
12329 52016
12330 52000
12331 25352
12332 49953
12333 58112
12334 26401
12335 59168
12336 50976
12337 17184
12338 39456
12339 60256
12340 58312
12341 58145
12342 52000
12343 58216
12344 2581
12345 27432
12346 25504
12347 54049
12348 62241
12349 49953
12350 27401
12351 49953
12352 54048
12353 59232
12354 59169
12355 54049
12356 58304
12357 2596
12358 17185
12359 58312
12360 39968
12361 58152
12362 19360
12363 19200
12364 55081
12365 58344
12366 49961
12367 64352
12368 58152
12369 58312
12370 27393
12371 39968
12372 58240
12373 27465
12374 58312
12375 58219
12376 19360
12377 53024
12378 25441
12379 25377
12380 60384
12381 25449
12382 40480
12383 58121
12384 2720
12385 17184
12386 49952
12387 49961
12388 27616
12389 27153
12390 27425
12391 56104
12392 27458
12393 27521
12394 27393
12395 19232
12396 57128
12397 58152
12398 52024
12399 27424
12400 40736
12401 60192
12402 27424
12403 18980
12404 59168
12405 17177
12406 58273
12407 54056
12408 49953
12409 61216
12410 17188
12411 19240
12412 18980
12413 19233
12414 27424
12415 27393
12416 52000
12417 58145
12418 58304
12419 58314
12420 57120
12421 39968
12422 27584
12423 2080
12424 27153
12425 60360
12426 19236
12427 58312
12428 19304
12429 58312
12430 2976
12431 39448
12432 28177
12433 50976
12434 19272
12435 25368
12436 62240
12437 40224
12438 49680
12439 60161
12440 27464
12441 27153
12442 55072
12443 39968
12444 49961
12445 25417
12446 64296
12447 49936
12448 49920
12449 49968
12450 58144
12451 58312
12452 18689
12453 19273
12454 58344
12455 18217
12456 58209
12457 56864
12458 25377
12459 27153
12460 52000
12461 58145
12462 27465
12463 25419
12464 17160
12465 58145
12466 58152
12467 54072
12468 52009
12469 49952
12470 25441
12471 58344
12472 2976
12473 27457
12474 27465
12475 58272
12476 60360
12477 58312
12478 52008
12479 60392
12480 39968
12481 25408
12482 38948
12483 19241
12484 16912
12485 25345
12486 58312
12487 19224
12488 16917
12489 58144
12490 58312
12491 59169
12492 38948
12493 58312
12494 54056
12495 55856
12496 58209
12497 52000
12498 58212
12499 58312
12500 58187
12501 58304
12502 58336
12503 58112
12504 52009
12505 54056
12506 52000
12507 19232
12508 54048
12509 27584
12510 57128
12511 19201
12512 27392
12513 55072
12514 18980
12515 49953
12516 60384
12517 19232
12518 37688
12519 50977
12520 49960
12521 40480
12522 27424
12523 60352
12524 800
12525 58209
12526 19360
12527 40224
12528 49952
12529 17184
12530 57120
12531 60360
12532 58312
12533 27424
12534 18980
12535 27496
12536 40736
12537 58187
12538 52000
12539 27424
12540 19236
12541 25345
12542 58144
12543 56104
12544 54049
12545 58345
12546 58314
12547 38948
12548 58152
12549 25576
12550 17184
12551 63265
12552 40480
12553 51992
12554 25441
12555 60360
12556 60352
12557 54057
12558 19233
12559 58113
12560 58217
12561 60384
12562 56864
12563 28448
12564 39968
12565 62241
12566 27458
12567 2852
12568 49944
12569 49921
12570 58185
12571 62241
12572 52001
12573 60193
12574 39968
12575 62305
12576 54048
12577 54056
12578 60168
12579 58145
12580 25544
12581 55088
12582 17168
12583 25434
12584 58312
12585 49952
12586 58312
12587 58208
12588 40480
12589 45729
12590 40736
12591 53024
12592 18792
12593 17200
12594 63272
12595 25504
12596 53808
12597 56616
12598 18724
12599 11793
12600 19272
12601 25360
12602 58144
12603 17169
12604 16928
12605 2864
12606 25417
12607 28489
12608 17168
12609 58145
12610 50960
12611 19201
12612 27616
12613 17169
12614 27457
12615 56097
12616 19232
12617 25360
12618 58185
12619 25377
12620 25418
12621 17185
12622 25376
12623 58112
12624 58176
12625 28448
12626 54048
12627 25408
12628 25344
12629 26384
12630 20257
12631 27157
12632 27458
12633 52000
12634 25369
12635 58144
12636 18980
12637 54056
12638 17152
12639 56096
12640 60288
12641 58312
12642 2080
12643 64352
12644 54049
12645 39456
12646 25441
12647 56097
12648 60360
12649 25440
12650 58344
12651 54048
12652 2848
12653 10769
12654 18977
12655 39972
12656 27584
12657 2848
12658 58314
12659 58314
12660 58184
12661 60360
12662 27424
12663 58153
12664 27424
12665 58241
12666 11793
12667 54048
12668 19240
12669 25448
12670 25376
12671 58313
12672 25377
12673 54048
12674 53284
12675 19232
12676 58314
12677 25376
12678 27425
12679 39968
12680 52016
12681 25377
12682 58144
12683 58209
12684 59168
12685 19232
12686 54057
12687 58187
12688 40480
12689 58304
12690 54049
12691 58344
12692 60256
12693 58208
12694 2848
12695 58112
12696 40232
12697 55072
12698 58152
12699 27425
12700 58217
12701 58312
12702 57128
12703 27521
12704 19233
12705 59168
12706 62240
12707 39200
12708 25376
12709 58208
12710 27425
12711 58216
12712 58312
12713 16932
12714 25576
12715 49952
12716 60360
12717 58209
12718 49952
12719 25376
12720 27488
12721 17192
12722 19201
12723 39968
12724 27425
12725 49953
12726 59176
12727 19233
12728 58337
12729 58216
12730 61217
12731 58208
12732 58312
12733 25377
12734 40736
12735 49961
12736 25376
12737 20256
12738 53025
12739 58312
12740 58144
12741 60288
12742 28448
12743 60168
12744 58313
12745 63336
12746 58273
12747 58144
12748 58120
12749 56097
12750 56096
12751 57120
12752 58152
12753 60360
12754 58312
12755 25376
12756 25376
12757 19233
12758 54048
12759 60352
12760 54049
12761 27584
12762 62241
12763 38704
12764 18980
12765 28177
12766 19201
12767 54048
12768 17176
12769 27425
12770 792
12771 37656
12772 27392
12773 19233
12774 27496
12775 37400
12776 54032
12777 58177
12778 60193
12779 11793
12780 49952
12781 54836
12782 59168
12783 27457
12784 63265
12785 20265
12786 25376
12787 27584
12788 27153
12789 19256
12790 25416
12791 25377
12792 19208
12793 51977
12794 58312
12795 25419
12796 20256
12797 49944
12798 19985
12799 53776
12800 25449
12801 49952
12802 25376
12803 16928
12804 27393
12805 11797
12806 19209
12807 25408
12808 17224
12809 49944
12810 58344
12811 26384
12812 25443
12813 54032
12814 58315
12815 45729
12816 27616
12817 60200
12818 58314
12819 2408
12820 60161
12821 58344
12822 39712
12823 27488
12824 49953
12825 62240
12826 16932
12827 58344
12828 58336
12829 62240
12830 27616
12831 58312
12832 18980
12833 58336
12834 19201
12835 27425
12836 49952
12837 16932
12838 49953
12839 19233
12840 25440
12841 17177
12842 49952
12843 39968
12844 49952
12845 20257
12846 25440
12847 58336
12848 27465
12849 19240
12850 58144
12851 62240
12852 58312
12853 27584
12854 58312
12855 27137
12856 25544
12857 60224
12858 58314
12859 62241
12860 60169
12861 27521
12862 10769
12863 60256
12864 62248
12865 19208
12866 25376
12867 58346
12868 27393
12869 58144
12870 52000
12871 58144
12872 58345
12873 27584
12874 49960
12875 60361
12876 18980
12877 39720
12878 58216
12879 60257
12880 52000
12881 39472
12882 27489
12883 28512
12884 20257
12885 25376
12886 52000
12887 39208
12888 60352
12889 40224
12890 25345
12891 52001
12892 18760
12893 17185
12894 19208
12895 60192
12896 25384
12897 56105
12898 58312
12899 49952
12900 56096
12901 17184
12902 27496
12903 52016
12904 60288
12905 49952
12906 49961
12907 17185
12908 54056
12909 2608
12910 62304
12911 60360
12912 62240
12913 58216
12914 58314
12915 27488
12916 27433
12917 17185
12918 49956
12919 18980
12920 58337
12921 58241
12922 60160
12923 58340
12924 19360
12925 60360
12926 27409
12927 49952
12928 54048
12929 40480
12930 58315
12931 49953
12932 52000
12933 27457
12934 19201
12935 19232
12936 19232
12937 16917
12938 17060
12939 58113
12940 16932
12941 58177
12942 17152
12943 25377
12944 27465
12945 58312
12946 40736
12947 28488
12948 58312
12949 52024
12950 57129
12951 52000
12952 58312
12953 52001
12954 60360
12955 58312
12956 27425
12957 49944
12958 54072
12959 17256
12960 26953
12961 54048
12962 20265
12963 18981
12964 18977
12965 27425
12966 11793
12967 62248
12968 58306
12969 58185
12970 58337
12971 58304
12972 60384
12973 58336
12974 58345
12975 17185
12976 39712
12977 25440
12978 64352
12979 58344
12980 58346
12981 58240
12982 38457
12983 49945
12984 62304
12985 49952
12986 58345
12987 58313
12988 60360
12989 27458
12990 60360
12991 58312
12992 56352
12993 25417
12994 17189
12995 58312
12996 19201
12997 17225
12998 20256
12999 19233
13000 49952
13001 11793
13002 21008
13003 27400
13004 60168
13005 27624
13006 18761
13007 17177
13008 17185
13009 16912
13010 58144
13011 58312
13012 58312
13013 27466
13014 52000
13015 50016
13016 58337
13017 59233
13018 49953
13019 52001
13020 56105
13021 58208
13022 25441
13023 52001
13024 17153
13025 60352
13026 39968
13027 58209
13028 60193
13029 58185
13030 49952
13031 58144
13032 25408
13033 62240
13034 40224
13035 55072
13036 40232
13037 27392
13038 54056
13039 49952
13040 58336
13041 49952
13042 59744
13043 56097
13044 27488
13045 49952
13046 58312
13047 57120
13048 54057
13049 18976
13050 58216
13051 58312
13052 56888
13053 58312
13054 17169
13055 53025
13056 27489
13057 64488
13058 40480
13059 58312
13060 27432
13061 25361
13062 53796
13063 27424
13064 58312
13065 59177
13066 17160
13067 25440
13068 27521
13069 52009
13070 58344
13071 25408
13072 58314
13073 58345
13074 58312
13075 58314
13076 28177
13077 27425
13078 27425
13079 60257
13080 19233
13081 58144
13082 58305
13083 61216
13084 25344
13085 49952
13086 40224
13087 49953
13088 49920
13089 58336
13090 25576
13091 19233
13092 54016
13093 27424
13094 25377
13095 58145
13096 60360
13097 58145
13098 59169
13099 38704
13100 53284
13101 39968
13102 58336
13103 60360
13104 27393
13105 58314
13106 25419
13107 38448
13108 18760
13109 54072
13110 27465
13111 17208
13112 10913
13113 39448
13114 17226
13115 54040
13116 49921
13117 17184
13118 54832
13119 62241
13120 27464
13121 39456
13122 25109
13123 40760
13124 53776
13125 40736
13126 52001
13127 56097
13128 17185
13129 25368
13130 16917
13131 58145
13132 27552
13133 2592
13134 2584
13135 27409
13136 50977
13137 25418
13138 56096
13139 39200
13140 27153
13141 27464
13142 53776
13143 25345
13144 60264
13145 17177
13146 25376
13147 60233
13148 27552
13149 27520
13150 60264
13151 60256
13152 62312
13153 58312
13154 58344
13155 58187
13156 58314
13157 39968
13158 58336
13159 58344
13160 58312
13161 58336
13162 27488
13163 56096
13164 60192
13165 58336
13166 27624
13167 62304
13168 58336
13169 19241
13170 58345
13171 50977
13172 18980
13173 40224
13174 58312
13175 26464
13176 60320
13177 27465
13178 58145
13179 58208
13180 49945
13181 25417
13182 62304
13183 19201
13184 19104
13185 53813
13186 19233
13187 39968
13188 2336
13189 58312
13190 25344
13191 27401
13192 19233
13193 17044
13194 2848
13195 59177
13196 52001
13197 58145
13198 58137
13199 27456
13200 25376
13201 27425
13202 60193
13203 25345
13204 58344
13205 58312
13206 27424
13207 28512
13208 19200
13209 18976
13210 62312
13211 39968
13212 58312
13213 60256
13214 53776
13215 17184
13216 58312
13217 25576
13218 58340
13219 2856
13220 25377
13221 64289
13222 27400
13223 27392
13224 40224
13225 60320
13226 60192
13227 25568
13228 62241
13229 58208
13230 19248
13231 60288
13232 52000
13233 40224
13234 60233
13235 27616
13236 2848
13237 56888
13238 58312
13239 27425
13240 58304
13241 40736
13242 27465
13243 40224
13244 58209
13245 56616
13246 62312
13247 19232
13248 27409
13249 39968
13250 19304
13251 58144
13252 25576
13253 19201
13254 19232
13255 51560
13256 60224
13257 25441
13258 25384
13259 2849
13260 58312
13261 58314
13262 58312
13263 38944
13264 56105
13265 52001
13266 27488
13267 58241
13268 18596
13269 60384
13270 58312
13271 39968
13272 39968
13273 25440
13274 58273
13275 51560
13276 17188
13277 27520
13278 58315
13279 28181
13280 16932
13281 40480
13282 52000
13283 54048
13284 49945
13285 27456
13286 25449
13287 27457
13288 27584
13289 58315
13290 58144
13291 51744
13292 19240
13293 60201
13294 52001
13295 39968
13296 38704
13297 59168
13298 39208
13299 60360
13300 17224
13301 49976
13302 39480
13303 19233
13304 17256
13305 17176
13306 27392
13307 58112
13308 25352
13309 17168
13310 49680
13311 54049
13312 49680
13313 49952
13314 52000
13315 58121
13316 53808
13317 17176
13318 25418
13319 33560
13320 28489
13321 60232
13322 28448
13323 25416
13324 54049
13325 59232
13326 58144
13327 58312
13328 16932
13329 60192
13330 28177
13331 20256
13332 27401
13333 56104
13334 62312
13335 27137
13336 60360
13337 2720
13338 19232
13339 58187
13340 58185
13341 26976
13342 21280
13343 60288
13344 2400
13345 60384
13346 27104
13347 27520
13348 25417
13349 27393
13350 60352
13351 63265
13352 58312
13353 59744
13354 60392
13355 58306
13356 60257
13357 58304
13358 60256
13359 58187
13360 58312
13361 25345
13362 54048
13363 19201
13364 54057
13365 58184
13366 60192
13367 60232
13368 51760
13369 39968
13370 60392
13371 27464
13372 17192
13373 58312
13374 27153
13375 58208
13376 60352
13377 58304
13378 58208
13379 58304
13380 27392
13381 25418
13382 27520
13383 49952
13384 49960
13385 52008
13386 58314
13387 25576
13388 39968
13389 16928
13390 2592
13391 58185
13392 27616
13393 58145
13394 19305
13395 27425
13396 58240
13397 27520
13398 39200
13399 60256
13400 27424
13401 39968
13402 60232
13403 58312
13404 51984
13405 58312
13406 58312
13407 19304
13408 19296
13409 60192
13410 25376
13411 19240
13412 58315
13413 58144
13414 39968
13415 58312
13416 49953
13417 55073
13418 19201
13419 16917
13420 60160
13421 60161
13422 26401
13423 27592
13424 60360
13425 62312
13426 58312
13427 27458
13428 27424
13429 27584
13430 18468
13431 25576
13432 58337
13433 58312
13434 60233
13435 60192
13436 21280
13437 19232
13438 49953
13439 54049
13440 27616
13441 27458
13442 53796
13443 25441
13444 40232
13445 27424
13446 58336
13447 25347
13448 19240
13449 60233
13450 26464
13451 19232
13452 60169
13453 52001
13454 27488
13455 58209
13456 19248
13457 54057
13458 60225
13459 51976
13460 58305
13461 51968
13462 25441
13463 39712
13464 18192
13465 38704
13466 62240
13467 10913
13468 18977
13469 49953
13470 27424
13471 59177
13472 49953
13473 2856
13474 58312
13475 16932
13476 50984
13477 33560
13478 2856
13479 57136
13480 17208
13481 25360
13482 17256
13483 49976
13484 49968
13485 55072
13486 58177
13487 2592
13488 60161
13489 18721
13490 10769
13491 25360
13492 55072
13493 40224
13494 55088
13495 25360
13496 16912
13497 39968
13498 58144
13499 55088
13500 26953
13501 49952
13502 19275
13503 53808
13504 54112
13505 2872
13506 49994
13507 58314
13508 58336
13509 51000
13510 49953
13511 27465
13512 54048
13513 60192
13514 18760
13515 38944
13516 2608
13517 57128
13518 56104
13519 25419
13520 58314
13521 26952
13522 16714
13523 52008
13524 27424
13525 58315
13526 28181
13527 60193
13528 58208
13529 25344
13530 49953
13531 61280
13532 60360
13533 18980
13534 59169
13535 58128
13536 58312
13537 63273
13538 58144
13539 49952
13540 58185
13541 49953
13542 25416
13543 58314
13544 58145
13545 58313
13546 60392
13547 60264
13548 27153
13549 58312
13550 49953
13551 60192
13552 58144
13553 18980
13554 25440
13555 25360
13556 2848
13557 52920
13558 58312
13559 54049
13560 25376
13561 57128
13562 58312
13563 16912
13564 54040
13565 27425
13566 17184
13567 27153
13568 54040
13569 28512
13570 25345
13571 50977
13572 54056
13573 27424
13574 60360
13575 38948
13576 27153
13577 58312
13578 52008
13579 49952
13580 60256
13581 54048
13582 55072
13583 63337
13584 58336
13585 28513
13586 58315
13587 19233
13588 27616
13589 58312
13590 58314
13591 60352
13592 49960
13593 38944
13594 27465
13595 49952
13596 40488
13597 58152
13598 60224
13599 39968
13600 19233
13601 18976
13602 58314
13603 40224
13604 19248
13605 40224
13606 54800
13607 39968
13608 27401
13609 25417
13610 58312
13611 58312
13612 25376
13613 58312
13614 17184
13615 62304
13616 54056
13617 58344
13618 25418
13619 62312
13620 58144
13621 56105
13622 19296
13623 58312
13624 18762
13625 58312
13626 58217
13627 56096
13628 28181
13629 58314
13630 19232
13631 63264
13632 58313
13633 25440
13634 58144
13635 16676
13636 27137
13637 64296
13638 57120
13639 40480
13640 60192
13641 49952
13642 58177
13643 28417
13644 58112
13645 62304
13646 58312
13647 2400
13648 52001
13649 58306
13650 27458
13651 60193
13652 40736
13653 58145
13654 25345
13655 2848
13656 54049
13657 62241
13658 18976
13659 62304
13660 62305
13661 25376
13662 27392
13663 52001
13664 50992
13665 21008
13666 58312
13667 54056
13668 27592
13669 62241
13670 39472
13671 3872
13672 49952
13673 2721
13674 2977
13675 6944
13676 19232
13677 55840
13678 40496
13679 19200
13680 19233
13681 19209
13682 27153
13683 17208
13684 25360
13685 39968
13686 17184
13687 28489
13688 49928
13689 40480
13690 25376
13691 49952
13692 2592
13693 17226
13694 58344
13695 58184
13696 39968
13697 17192
13698 40232
13699 49960
13700 16932
13701 17184
13702 54056
13703 53776
13704 39712
13705 25417
13706 49961
13707 16928
13708 25376
13709 39968
13710 39200
13711 25361
13712 58345
13713 59177
13714 25504
13715 58217
13716 61280
13717 58241
13718 27488
13719 60256
13720 60360
13721 25440
13722 58314
13723 58145
13724 49945
13725 58344
13726 58344
13727 60264
13728 28449
13729 60360
13730 27593
13731 27465
13732 25409
13733 60360
13734 19232
13735 56096
13736 58312
13737 25416
13738 17153
13739 60200
13740 21008
13741 25344
13742 60352
13743 39720
13744 56104
13745 58312
13746 49952
13747 25416
13748 58145
13749 60352
13750 58346
13751 58314
13752 62312
13753 58312
13754 60352
13755 58337
13756 58344
13757 25441
13758 19233
13759 25568
13760 28177
13761 39712
13762 60352
13763 17153
13764 25377
13765 63264
13766 62240
13767 39968
13768 58304
13769 27401
13770 58312
13771 58314
13772 56096
13773 27465
13774 49960
13775 60161
13776 50977
13777 49952
13778 2856
13779 19200
13780 52000
13781 25440
13782 18977
13783 27489
13784 58312
13785 58314
13786 19200
13787 58312
13788 18761
13789 58144
13790 49952
13791 60352
13792 58144
13793 58312
13794 18689
13795 58344
13796 19209
13797 40736
13798 11797
13799 58312
13800 58336
13801 19233
13802 56105
13803 27424
13804 25544
13805 17176
13806 25385
13807 60192
13808 60352
13809 58144
13810 58305
13811 58336
13812 27392
13813 19201
13814 62240
13815 58346
13816 39208
13817 25384
13818 60360
13819 58312
13820 58312
13821 25345
13822 25441
13823 59233
13824 17177
13825 49976
13826 27424
13827 54048
13828 27433
13829 51969
13830 55088
13831 19240
13832 27552
13833 17176
13834 50977
13835 55072
13836 27401
13837 25376
13838 63336
13839 40752
13840 58336
13841 27153
13842 60256
13843 17256
13844 58312
13845 56864
13846 54048
13847 49952
13848 49952
13849 27393
13850 40232
13851 54832
13852 55072
13853 63265
13854 20297
13855 57121
13856 49952
13857 40736
13858 17225
13859 58312
13860 53025
13861 39968
13862 57128
13863 49944
13864 58152
13865 40232
13866 40224
13867 58312
13868 26385
13869 18793
13870 52000
13871 58313
13872 18720
13873 27496
13874 58209
13875 60360
13876 58315
13877 27456
13878 25544
13879 56097
13880 27593
13881 60352
13882 58344
13883 60392
13884 19232
13885 57120
13886 25409
13887 27616
13888 27489
13889 19232
13890 60232
13891 62240
13892 19201
13893 60360
13894 49936
13895 58312
13896 19233
13897 60169
13898 60360
13899 25434
13900 54056
13901 27465
13902 58304
13903 60256
13904 27593
13905 19236
13906 19216
13907 58340
13908 57128
13909 58312
13910 49960
13911 25440
13912 19232
13913 49953
13914 55332
13915 49945
13916 16912
13917 58312
13918 58312
13919 24906
13920 58217
13921 19233
13922 27497
13923 25344
13924 52000
13925 40480
13926 27393
13927 19232
13928 58312
13929 25376
13930 56105
13931 49953
13932 58336
13933 25352
13934 52000
13935 54048
13936 49960
13937 27400
13938 54016
13939 58152
13940 60360
13941 27521
13942 60200
13943 40480
13944 25377
13945 54048
13946 19211
13947 25385
13948 2336
13949 18980
13950 58314
13951 54049
13952 25440
13953 58145
13954 49952
13955 19232
13956 28177
13957 25345
13958 26401
13959 20257
13960 60384
13961 19233
13962 60384
13963 49953
13964 57824
13965 27467
13966 58312
13967 64289
13968 61217
13969 19240
13970 27592
13971 52008
13972 18976
13973 18976
13974 55840
13975 58312
13976 49961
13977 50977
13978 18980
13979 19232
13980 58177
13981 17185
13982 16912
13983 25376
13984 27425
13985 49953
13986 54056
13987 56864
13988 2848
13989 62240
13990 51748
13991 51969
13992 19236
13993 56096
13994 21281
13995 50976
13996 58314
13997 27392
13998 58145
13999 60352
14000 27488
14001 51560
14002 17185
14003 60360
14004 54049
14005 60392
14006 49953
14007 54048
14008 52001
14009 51969
14010 58344
14011 39968
14012 58304
14013 2872
14014 50992
14015 60392
14016 60360
14017 39712
14018 53284
14019 60193
14020 17169
14021 25419
14022 19360
14023 27488
14024 40232
14025 37400
14026 39208
14027 49944
14028 55088
14029 17169
14030 40736
14031 18721
14032 55840
14033 40488
14034 19209
14035 49952
14036 55081
14037 27464
14038 39968
14039 40480
14040 17226
14041 60392
14042 58312
14043 49952
14044 52000
14045 40232
14046 19232
14047 55072
14048 50960
14049 54057
14050 49945
14051 25434
14052 52000
14053 19240
14054 49680
14055 58185
14056 62305
14057 58337
14058 27465
14059 19104
14060 56097
14061 60201
14062 27153
14063 25440
14064 58312
14065 60193
14066 2848
14067 52000
14068 60361
14069 58312
14070 27153
14071 58145
14072 58314
14073 25376
14074 28177
14075 28417
14076 49953
14077 58312
14078 58208
14079 18792
14080 18217
14081 54049
14082 27425
14083 58315
14084 27425
14085 2592
14086 17185
14087 58313
14088 25417
14089 27457
14090 19241
14091 26401
14092 64289
14093 25409
14094 52009
14095 39720
14096 49952
14097 39972
14098 58344
14099 27465
14100 28449
14101 54048
14102 49921
14103 18980
14104 27137
14105 27592
14106 58312
14107 25568
14108 25568
14109 58305
14110 61281
14111 60360
14112 60320
14113 58145
14114 57824
14115 49953
14116 58208
14117 58152
14118 18468
14119 17060
14120 17185
14121 25504
14122 60161
14123 53792
14124 39712
14125 19216
14126 60384
14127 27425
14128 27616
14129 58217
14130 58313
14131 25443
14132 54056
14133 49920
14134 17184
14135 40736
14136 39200
14137 51968
14138 25376
14139 25376
14140 58144
14141 27392
14142 2592
14143 17168
14144 17185
14145 58314
14146 25417
14147 49994
14148 50016
14149 25345
14150 52008
14151 58144
14152 56872
14153 19200
14154 19232
14155 62248
14156 54072
14157 27104
14158 56097
14159 28177
14160 60353
14161 60193
14162 25360
14163 58340
14164 19241
14165 60264
14166 27457
14167 58273
14168 58312
14169 60360
14170 27520
14171 39968
14172 25576
14173 55073
14174 56105
14175 54048
14176 59168
14177 60225
14178 17160
14179 26384
14180 60257
14181 49952
14182 19232
14183 60360
14184 58209
14185 27425
14186 25440
14187 19201
14188 27488
14189 19248
14190 60360
14191 25344
14192 27584
14193 27393
14194 25345
14195 38704
14196 40224
14197 57824
14198 27584
14199 56105
14200 2584
14201 39480
14202 28489
14203 18721
14204 57120
14205 39448
14206 54032
14207 17168
14208 49944
14209 50992
14210 39720
14211 27393
14212 59201
14213 19985
14214 56864
14215 53808
14216 40736
14217 19233
14218 54048
14219 56096
14220 51748
14221 25416
14222 58344
14223 27465
14224 19272
14225 17188
14226 19200
14227 2408
14228 19232
14229 25376
14230 54832
14231 49960
14232 24906
14233 49994
14234 56104
14235 25344
14236 16714
14237 25434
14238 25568
14239 27488
14240 58187
14241 58313
14242 58313
14243 58185
14244 58144
14245 25369
14246 6688
14247 60353
14248 50984
14249 58314
14250 58306
14251 58208
14252 62305
14253 18976
14254 58305
14255 27401
14256 56120
14257 64289
14258 11793
14259 60384
14260 17188
14261 58344
14262 58312
14263 58312
14264 58312
14265 27488
14266 55840
14267 60384
14268 18720
14269 17200
14270 56104
14271 25376
14272 49953
14273 60384
14274 40736
14275 25418
14276 25417
14277 26953
14278 60360
14279 25418
14280 25443
14281 57128
14282 25417
14283 28177
14284 60360
14285 58312
14286 55088
14287 40736
14288 52009
14289 19241
14290 2608
14291 56616
14292 49956
14293 27393
14294 27137
14295 58346
14296 19274
14297 20296
14298 60360
14299 60233
14300 39712
14301 58120
14302 60192
14303 40744
14304 63265
14305 60352
14306 17192
14307 53776
14308 54560
14309 58313
14310 58312
14311 19208
14312 58314
14313 19233
14314 60224
14315 25576
14316 58313
14317 54048
14318 25376
14319 52008
14320 58314
14321 49928
14322 27496
14323 25443
14324 54049
14325 52001
14326 62240
14327 60353
14328 60192
14329 58314
14330 60352
14331 54057
14332 62241
14333 63273
14334 62305
14335 55073
14336 58346
14337 60360
14338 27464
14339 27425
14340 58344
14341 62240
14342 2592
14343 51984
14344 60193
14345 54049
14346 39968
14347 60160
14348 10592
14349 60264
14350 17184
14351 58209
14352 58113
14353 27457
14354 25376
14355 58312
14356 19209
14357 58145
14358 19240
14359 19233
14360 49936
14361 27409
14362 58313
14363 51969
14364 40480
14365 21281
14366 58312
14367 49952
14368 19232
14369 60352
14370 19233
14371 56097
14372 27425
14373 28488
14374 58121
14375 28449
14376 55072
14377 2581
14378 16932
14379 19233
14380 49952
14381 39968
14382 16932
14383 58336
14384 40480
14385 49953
14386 54048
14387 39968
14388 55073
14389 25409
14390 58313
14391 19240
14392 58314
14393 27458
14394 58336
14395 58209
14396 49952
14397 54016
14398 27425
14399 60256
14400 26976
14401 54040
14402 54048
14403 17185
14404 58313
14405 27409
14406 58304
14407 40480
14408 26385
14409 52001
14410 25417
14411 27489
14412 55081
14413 58177
14414 62304
14415 62240
14416 58113
14417 51984
14418 54049
14419 60360
14420 58219
14421 27592
14422 27584
14423 60168
14424 49952
14425 58304
14426 58145
14427 49968
14428 39968
14429 58337
14430 19232
14431 60384
14432 52001
14433 25377
14434 55088
14435 38448
14436 58313
14437 53792
14438 17176
14439 54049
14440 19304
14441 2589
14442 60193
14443 19361
14444 49976
14445 55072
14446 28489
14447 57120
14448 58304
14449 19209
14450 60256
14451 19233
14452 52000
14453 40736
14454 54048
14455 38457
14456 54832
14457 38448
14458 53776
14459 2581
14460 25360
14461 55088
14462 40752
14463 25360
14464 16912
14465 17168
14466 52000
14467 27465
14468 17188
14469 27464
14470 54040
14471 40736
14472 27489
14473 60192
14474 25360
14475 18761
14476 40224
14477 16912
14478 18760
14479 2408
14480 18961
14481 52009
14482 19233
14483 27584
14484 53024
14485 25377
14486 27433
14487 51744
14488 25361
14489 58315
14490 60384
14491 25345
14492 27616
14493 27552
14494 58312
14495 58144
14496 19201
14497 19233
14498 58185
14499 58144
14500 58216
14501 52001
14502 58209
14503 58344
14504 27401
14505 56097
14506 25416
14507 18980
14508 25360
14509 39200
14510 27489
14511 58152
14512 25419
14513 58112
14514 39720
14515 25384
14516 58208
14517 20296
14518 49952
14519 19233
14520 49960
14521 52008
14522 19233
14523 25344
14524 58312
14525 19211
14526 58219
14527 27153
14528 18980
14529 27153
14530 27153
14531 17160
14532 52024
14533 61217
14534 20264
14535 55080
14536 49953
14537 60200
14538 54056
14539 58312
14540 54048
14541 17224
14542 18762
14543 60352
14544 53776
14545 18980
14546 60257
14547 60360
14548 54048
14549 27153
14550 58312
14551 27584
14552 53776
14553 57129
14554 56096
14555 27488
14556 64352
14557 16932
14558 25384
14559 58345
14560 54049
14561 58209
14562 58314
14563 58304
14564 54057
14565 58312
14566 58315
14567 58176
14568 58305
14569 58336
14570 61217
14571 52008
14572 58312
14573 55844
14574 55840
14575 58144
14576 54048
14577 27488
14578 55080
14579 58312
14580 25376
14581 27424
14582 27624
14583 58219
14584 40736
14585 58217
14586 25576
14587 58315
14588 60264
14589 27425
14590 54064
14591 25448
14592 56864
14593 25449
14594 58313
14595 19232
14596 25417
14597 27489
14598 59169
14599 58209
14600 58314
14601 16928
14602 58312
14603 58144
14604 58137
14605 19273
14606 20296
14607 60384
14608 54072
14609 16712
14610 49961
14611 52000
14612 17185
14613 18763
14614 18793
14615 60360
14616 18976
14617 49960
14618 18981
14619 40232
14620 58208
14621 62304
14622 58306
14623 58217
14624 60264
14625 58314
14626 19104
14627 58208
14628 58336
14629 49953
14630 17060
14631 55072
14632 52008
14633 59176
14634 60256
14635 49961
14636 64296
14637 49960
14638 58312
14639 58306
14640 58346
14641 58312
14642 58184
14643 54049
14644 56360
14645 18596
14646 58336
14647 60360
14648 60392
14649 58336
14650 27457
14651 52008
14652 27466
14653 58312
14654 27400
14655 25344
14656 25352
14657 58145
14658 27520
14659 49968
14660 58313
14661 25377
14662 49952
14663 17044
14664 58344
14665 49953
14666 21281
14667 58312
14668 2589
14669 59169
14670 49944
14671 20296
14672 18980
14673 27496
14674 25377
14675 58312
14676 53024
14677 49936
14678 25360
14679 53796
14680 55844
14681 52000
14682 18961
14683 54832
14684 17168
14685 25369
14686 62304
14687 40752
14688 56120
14689 56868
14690 39480
14691 55073
14692 58312
14693 17160
14694 3872
14695 25416
14696 25434
14697 58145
14698 25443
14699 800
14700 38944
14701 58314
14702 58208
14703 50016
14704 27153
14705 61217
14706 11797
14707 25443
14708 27153
14709 49960
14710 27488
14711 58112
14712 58344
14713 58336
14714 18793
14715 27616
14716 58313
14717 51977
14718 58344
14719 52024
14720 58144
14721 54048
14722 49952
14723 58313
14724 58314
14725 60392
14726 28449
14727 64488
14728 27465
14729 60257
14730 40736
14731 27488
14732 18792
14733 58336
14734 49952
14735 25384
14736 50976
14737 49994
14738 62305
14739 58312
14740 63273
14741 17168
14742 27393
14743 60360
14744 27392
14745 58312
14746 11793
14747 27153
14748 56097
14749 11793
14750 27458
14751 27553
14752 51969
14753 27552
14754 58312
14755 58312
14756 27424
14757 53025
14758 18976
14759 28177
14760 58208
14761 25360
14762 25377
14763 60232
14764 54016
14765 57121
14766 18980
14767 61280
14768 27393
14769 40232
14770 27432
14771 60384
14772 49945
14773 27424
14774 17226
14775 60392
14776 58208
14777 52000
14778 58216
14779 54048
14780 18980
14781 60201
14782 25441
14783 58152
14784 25345
14785 25376
14786 53776
14787 54048
14788 17152
14789 25418
14790 39968
14791 17192
14792 27616
14793 49928
14794 52000
14795 25344
14796 25376
14797 58337
14798 27424
14799 40480
14800 58312
14801 54057
14802 60256
14803 2852
14804 49960
14805 53025
14806 17185
14807 19232
14808 25376
14809 25376
14810 17184
14811 59744
14812 60256
14813 58312
14814 17169
14815 58313
14816 58208
14817 58144
14818 49952
14819 2408
14820 60224
14821 18762
14822 58144
14823 2596
14824 58344
14825 17176
14826 27465
14827 19208
14828 60224
14829 58314
14830 59233
14831 19224
14832 58144
14833 27584
14834 19200
14835 60288
14836 2589
14837 28449
14838 58315
14839 18217
14840 27616
14841 25409
14842 60392
14843 40224
14844 58144
14845 59233
14846 27465
14847 25344
14848 2593
14849 52009
14850 17168
14851 49952
14852 60352
14853 19985
14854 27392
14855 58217
14856 60193
14857 52000
14858 58208
14859 27496
14860 58315
14861 19360
14862 58304
14863 18209
14864 58304
14865 60233
14866 27424
14867 25376
14868 18468
14869 18761
14870 54057
14871 17192
14872 58314
14873 58312
14874 39968
14875 60257
14876 27393
14877 40480
14878 58208
14879 54056
14880 58145
14881 58144
14882 58112
14883 27425
14884 58112
14885 60192
14886 58340
14887 49952
14888 63265
14889 54049
14890 2408
14891 64352
14892 25440
14893 25377
14894 25440
14895 58336
14896 25440
14897 51560
14898 40480
14899 55088
14900 58312
14901 55844
14902 58312
14903 62312
14904 58113
14905 49953
14906 2581
14907 2589
14908 25416
14909 25417
14910 40480
14911 58187
14912 27465
14913 25361
14914 25105
14915 18793
14916 60360
14917 17225
14918 55840
14919 40736
14920 39448
14921 25376
14922 38457
14923 27552
14924 20256
14925 17168
14926 28488
14927 25109
14928 51560
14929 19201
14930 56888
14931 40736
14932 21024
14933 17152
14934 25368
14935 19233
14936 56352
14937 52000
14938 17200
14939 19232
14940 58312
14941 19233
14942 28488
14943 49960
14944 38448
14945 27466
14946 19208
14947 2608
14948 25416
14949 27488
14950 19248
14951 18760
14952 25105
14953 53813
14954 37688
14955 27584
14956 55080
14957 25440
14958 21008
14959 58304
14960 61281
14961 58312
14962 58312
14963 58208
14964 58187
14965 58346
14966 27496
14967 27392
14968 51984
14969 49920
14970 58344
14971 25344
14972 58336
14973 49680
14974 53776
14975 60256
14976 19296
14977 27425
14978 18760
14979 18720
14980 27584
14981 19232
14982 56104
14983 58313
14984 51744
14985 54112
14986 60392
14987 54056
14988 54049
14989 58314
14990 21024
14991 19233
14992 19272
14993 60193
14994 2976
14995 2408
14996 60224
14997 18720
14998 2592
14999 25441
15000 49921
15001 18689
15002 17188
15003 25418
15004 64488
15005 60192
15006 28489
15007 54049
15008 16929
15009 60360
15010 27424
15011 58313
15012 27584
15013 40480
15014 58337
15015 16917
15016 2340
15017 49953
15018 59169
15019 17224
15020 58145
15021 25416
15022 60257
15023 58313
15024 49952
15025 58313
15026 60360
15027 58340
15028 50977
15029 60192
15030 2581
15031 58312
15032 19241
15033 39968
15034 2596
15035 58312
15036 19233
15037 58312
15038 58312
15039 60352
15040 27464
15041 58313
15042 58314
15043 54048
15044 60257
15045 39968
15046 27425
15047 58312
15048 25504
15049 58315
15050 60352
15051 54048
15052 27153
15053 27624
15054 28489
15055 58312
15056 27393
15057 57128
15058 57120
15059 57120
15060 54016
15061 63273
15062 58344
15063 27552
15064 49953
15065 58144
15066 27393
15067 58312
15068 18217
15069 58336
15070 58336
15071 58208
15072 57120
15073 55073
15074 27488
15075 55840
15076 55081
15077 55840
15078 27616
15079 38457
15080 28513
15081 19201
15082 52024
15083 19275
15084 19275
15085 40480
15086 60193
15087 19232
15088 51976
15089 19256
15090 18721
15091 60264
15092 58337
15093 20257
15094 58217
15095 27393
15096 18760
15097 27584
15098 58145
15099 2596
15100 60360
15101 49945
15102 27403
15103 27409
15104 25568
15105 17060
15106 18793
15107 60161
15108 58312
15109 49928
15110 27153
15111 27584
15112 39456
15113 59176
15114 52000
15115 17184
15116 58212
15117 60256
15118 59744
15119 58312
15120 25441
15121 58305
15122 60232
15123 60201
15124 55080
15125 58112
15126 2912
15127 58312
15128 58153
15129 27488
15130 58208
15131 54056
15132 49953
15133 27592
15134 27584
15135 28177
15136 17184
15137 25352
15138 25376
15139 58304
15140 54064
15141 60161
15142 49952
15143 25441
15144 19201
15145 39968
15146 60384
15147 27400
15148 64488
15149 60360
15150 19232
15151 60160
15152 40504
15153 60257
15154 27401
15155 63337
15156 58315
15157 25416
15158 19232
15159 25353
15160 2408
15161 40752
15162 17168
15163 58304
15164 49976
15165 17185
15166 2589
15167 10769
15168 57129
15169 54832
15170 58272
15171 16912
15172 27153
15173 28489
15174 17060
15175 11793
15176 17256
15177 25416
15178 17224
15179 19233
15180 54048
15181 56096
15182 36640
15183 25345
15184 52000
15185 49936
15186 39968
15187 54032
15188 25418
15189 56097
15190 38704
15191 19304
15192 58312
15193 38948
15194 54052
15195 58152
15196 56097
15197 50960
15198 17185
15199 17184
15200 51976
15201 10773
15202 27393
15203 57824
15204 58312
15205 25416
15206 18980
15207 2912
15208 58337
15209 58312
15210 58313
15211 2848
15212 27489
15213 49952
15214 18763
15215 58304
15216 60392
15217 58344
15218 58314
15219 58336
15220 64488
15221 56104
15222 60233
15223 27496
15224 27153
15225 16932
15226 64488
15227 52000
15228 27497
15229 16932
15230 54056
15231 58344
15232 56104
15233 19296
15234 19304
15235 60353
15236 55072
15237 49952
15238 18792
15239 19240
15240 60160
15241 55081
15242 25368
15243 49953
15244 58273
15245 19241
15246 19241
15247 60256
15248 27584
15249 27424
15250 18760
15251 27488
15252 27424
15253 49952
15254 60392
15255 18761
15256 55840
15257 27433
15258 2976
15259 60264
15260 18761
15261 52008
15262 54048
15263 19272
15264 58312
15265 18721
15266 19273
15267 60360
15268 25109
15269 27592
15270 16714
15271 58212
15272 19240
15273 25384
15274 50016
15275 19233
15276 40736
15277 64288
15278 60193
15279 2336
15280 56097
15281 49960
15282 52008
15283 18689
15284 52001
15285 58144
15286 49952
15287 52001
15288 27425
15289 58344
15290 27393
15291 57824
15292 18689
15293 58312
15294 64289
15295 18468
15296 58312
15297 27393
15298 51560
15299 58344
15300 54056
15301 19240
15302 60384
15303 60193
15304 49956
15305 19248
15306 17185
15307 2852
15308 39720
15309 57129
15310 11793
15311 27488
15312 27488
15313 19200
15314 19200
15315 17188
15316 60353
15317 27616
15318 27424
15319 16933
15320 54048
15321 58312
15322 18976
15323 27584
15324 27489
15325 27496
15326 54056
15327 27489
15328 60392
15329 2849
15330 54056
15331 58144
15332 52001
15333 58312
15334 58312
15335 2408
15336 39720
15337 58314
15338 52000
15339 27401
15340 27104
15341 58312
15342 27432
15343 18980
15344 61217
15345 49953
15346 56616
15347 55073
15348 27425
15349 26952
15350 27392
15351 58185
15352 60161
15353 54072
15354 19200
15355 40480
15356 26401
15357 63265
15358 16917
15359 27425
15360 49968
15361 39200
15362 60192
15363 58344
15364 58314
15365 25441
15366 58314
15367 39208
15368 57120
15369 50016
15370 58314
15371 60193
15372 49920
15373 49928
15374 59744
15375 58145
15376 52008
15377 27424
15378 2581
15379 58121
15380 18980
15381 17184
15382 27496
15383 49952
15384 58344
15385 64488
15386 54064
15387 27392
15388 58340
15389 56096
15390 58344
15391 27392
15392 18980
15393 60192
15394 58312
15395 17153
15396 52008
15397 49952
15398 58145
15399 40224
15400 27425
15401 50977
15402 53792
15403 27456
15404 27624
15405 58313
15406 58312
15407 60200
15408 49960
15409 27393
15410 58145
15411 17256
15412 52000
15413 39972
15414 27584
15415 60192
15416 19360
15417 816
15418 58312
15419 2589
15420 54056
15421 38457
15422 10773
15423 19272
15424 25409
15425 38704
15426 19273
15427 39456
15428 28489
15429 60352
15430 19240
15431 25418
15432 25416
15433 25488
15434 40480
15435 51969
15436 25345
15437 56104
15438 53776
15439 56105
15440 62248
15441 40480
15442 39968
15443 39480
15444 57136
15445 58209
15446 19200
15447 54072
15448 17200
15449 55072
15450 53776
15451 39736
15452 19216
15453 54057
15454 28513
15455 25443
15456 56104
15457 58176
15458 25105
15459 51968
15460 58312
15461 16676
15462 54048
15463 58209
15464 27392
15465 17040
15466 60384
15467 58336
15468 58145
15469 61280
15470 49921
15471 64288
15472 58312
15473 58344
15474 49952
15475 10773
15476 60360
15477 64488
15478 18980
15479 60264
15480 27457
15481 60233
15482 55072
15483 25345
15484 21024
15485 59744
15486 27521
15487 52000
15488 25377
15489 60233
15490 28512
15491 27433
15492 19240
15493 27488
15494 60392
15495 28489
15496 39208
15497 25418
15498 18760
15499 17184
15500 18209
15501 2849
15502 27425
15503 59169
15504 18793
15505 52009
15506 27456
15507 19232
15508 17226
15509 19273
15510 60264
15511 58212
15512 58304
15513 17192
15514 60360
15515 58144
15516 18793
15517 40736
15518 19201
15519 2584
15520 49952
15521 60256
15522 54032
15523 27456
15524 25568
15525 58336
15526 63265
15527 58312
15528 17176
15529 25417
15530 27457
15531 54056
15532 55073
15533 59169
15534 19273
15535 58144
15536 27392
15537 25418
15538 60360
15539 50016
15540 27153
15541 18976
15542 25417
15543 17153
15544 20265
15545 27425
15546 19241
15547 25368
15548 16714
15549 63328
15550 51977
15551 25504
15552 58144
15553 55073
15554 53024
15555 58144
15556 58340
15557 27425
15558 58344
15559 54048
15560 27392
15561 25504
15562 58344
15563 58208
15564 49953
15565 25408
15566 58336
15567 6944
15568 49968
15569 57824
15570 25344
15571 58312
15572 58144
15573 49944
15574 60361
15575 39712
15576 58304
15577 58314
15578 16714
15579 60352
15580 58113
15581 58314
15582 62241
15583 25376
15584 60360
15585 2408
15586 27456
15587 58209
15588 17224
15589 60360
15590 17226
15591 16420
15592 60201
15593 57121
15594 10592
15595 17153
15596 2408
15597 18689
15598 58112
15599 18761
15600 49968
15601 40736
15602 57824
15603 18980
15604 64289
15605 62240
15606 58212
15607 27464
15608 19233
15609 58346
15610 58112
15611 25449
15612 27400
15613 58340
15614 53776
15615 17185
15616 58344
15617 40480
15618 49953
15619 27104
15620 49944
15621 58314
15622 39200
15623 27153
15624 27393
15625 27432
15626 27616
15627 64352
15628 63265
15629 27552
15630 51969
15631 58314
15632 17185
15633 49953
15634 27401
15635 27592
15636 52024
15637 58336
15638 27393
15639 20296
15640 60352
15641 58314
15642 58336
15643 60264
15644 52000
15645 58212
15646 58305
15647 58208
15648 58314
15649 49961
15650 27456
15651 54057
15652 58345
15653 17226
15654 38712
15655 54057
15656 58314
15657 54049
15658 25109
15659 55080
15660 54049
15661 57136
15662 15009
15663 27584
15664 25377
15665 19272
15666 58315
15667 18976
15668 61216
15669 58187
15670 19200
15671 25368
15672 25345
15673 40496
15674 38448
15675 54832
15676 58344
15677 25360
15678 55088
15679 49968
15680 25360
15681 49680
15682 39736
15683 58144
15684 56880
15685 21296
15686 27464
15687 18761
15688 17168
15689 53776
15690 19232
15691 2872
15692 25416
15693 18763
15694 18792
15695 27153
15696 60201
15697 27433
15698 49953
15699 58312
15700 51992
15701 62240
15702 19200
15703 27616
15704 26401
15705 17189
15706 58144
15707 63337
15708 27153
15709 27488
15710 27457
15711 58315
15712 58185
15713 60360
15714 58344
15715 2581
15716 18762
15717 58137
15718 60392
15719 60168
15720 27403
15721 54064
15722 58208
15723 26385
15724 28512
15725 27153
15726 27137
15727 58145
15728 18760
15729 50976
15730 19232
15731 51968
15732 2408
15733 54112
15734 59168
15735 18792
15736 58336
15737 27489
15738 20257
15739 18760
15740 27464
15741 27488
15742 19232
15743 17225
15744 2408
15745 58314
15746 19296
15747 27424
15748 27425
15749 17192
15750 27497
15751 20296
15752 58216
15753 49976
15754 25434
15755 54056
15756 60160
15757 55072
15758 27432
15759 16712
15760 27464
15761 27457
15762 20264
15763 25344
15764 54064
15765 56096
15766 60288
15767 18793
15768 40744
15769 25417
15770 59177
15771 19201
15772 19201
15773 49928
15774 18980
15775 18760
15776 26952
15777 49968
15778 19216
15779 39968
15780 27153
15781 19236
15782 58336
15783 54049
15784 25417
15785 25434
15786 55073
15787 54040
15788 18760
15789 49960
15790 55840
15791 49680
15792 18761
15793 2408
15794 59168
15795 49952
15796 56104
15797 51969
15798 49953
15799 52008
15800 27432
15801 49921
15802 19233
15803 25377
15804 60233
15805 40224
15806 58340
15807 56097
15808 27392
15809 60192
15810 58209
15811 63337
15812 18762
15813 27424
15814 27393
15815 17185
15816 62305
15817 58113
15818 60264
15819 16714
15820 58208
15821 19236
15822 58344
15823 27616
15824 18217
15825 17185
15826 58314
15827 19273
15828 49960
15829 27137
15830 58315
15831 39720
15832 55072
15833 18980
15834 17185
15835 27400
15836 58346
15837 58145
15838 17226
15839 17185
15840 58184
15841 60384
15842 54072
15843 17192
15844 58208
15845 49952
15846 58314
15847 54072
15848 58312
15849 56104
15850 40744
15851 25417
15852 27466
15853 59169
15854 25416
15855 58312
15856 25418
15857 20297
15858 58312
15859 27488
15860 25352
15861 60200
15862 28177
15863 16917
15864 58344
15865 27464
15866 20265
15867 58144
15868 49952
15869 53025
15870 51984
15871 55080
15872 2408
15873 27153
15874 62241
15875 27488
15876 54049
15877 18724
15878 60192
15879 54056
15880 51977
15881 49961
15882 52001
15883 64289
15884 58216
15885 26976
15886 58144
15887 64352
15888 58144
15889 19233
15890 19232
15891 58209
15892 10592
15893 27425
15894 18793
15895 58314
15896 49953
15897 58337
15898 60233
15899 19272
15900 6688
15901 17226
15902 60360
15903 2592
15904 27552
15905 53813
15906 25376
15907 27464
15908 58312
15909 58314
15910 56097
15911 19304
15912 58312
15913 52000
15914 49952
15915 63265
15916 58312
15917 39968
15918 58312
15919 52000
15920 58120
15921 58241
15922 60232
15923 58144
15924 49960
15925 58217
15926 58312
15927 53025
15928 19232
15929 58344
15930 58144
15931 58336
15932 58336
15933 54832
15934 58345
15935 52000
15936 19275
15937 28489
15938 58344
15939 54056
15940 25418
15941 27489
15942 17208
15943 39480
15944 58153
15945 52000
15946 20264
15947 58312
15948 58145
15949 39968
15950 40480
15951 2080
15952 52008
15953 17169
15954 49945
15955 19232
15956 2872
15957 58313
15958 20265
15959 16712
15960 51748
15961 25418
15962 54840
15963 53808
15964 58312
15965 53808
15966 28489
15967 49952
15968 55081
15969 54040
15970 25376
15971 49952
15972 40736
15973 19216
15974 25377
15975 20256
15976 26384
15977 19233
15978 64488
15979 792
15980 60192
15981 19273
15982 62240
15983 64296
15984 60392
15985 25376
15986 17168
15987 53776
15988 60256
15989 58217
15990 16912
15991 49976
15992 26401
15993 58344
15994 2856
15995 51968
15996 58312
15997 54112
15998 19232
15999 18792
16000 19275
16001 19200
16002 49961
16003 2849
16004 21281
16005 20256
16006 27433
16007 55064
16008 58145
16009 27593
16010 63336
16011 27401
16012 19985
16013 25377
16014 2336
16015 25377
16016 25377
16017 54048
16018 58144
16019 18760
16020 19296
16021 27425
16022 27465
16023 58145
16024 25504
16025 60193
16026 60225
16027 27403
16028 25434
16029 58121
16030 54049
16031 28489
16032 20297
16033 49920
16034 27465
16035 19256
16036 54049
16037 18793
16038 28489
16039 2336
16040 49936
16041 27425
16042 27393
16043 64296
16044 19232
16045 18721
16046 54049
16047 58346
16048 62248
16049 36640
16050 18763
16051 19240
16052 17184
16053 27392
16054 17185
16055 17168
16056 51000
16057 19232
16058 18217
16059 17224
16060 19240
16061 49921
16062 60392
16063 17185
16064 28417
16065 27424
16066 27584
16067 27584
16068 25417
16069 39456
16070 60360
16071 60352
16072 19248
16073 3605
16074 25345
16075 58312
16076 58312
16077 59169
16078 58217
16079 17185
16080 58346
16081 60360
16082 58336
16083 49961
16084 18981
16085 27584
16086 19232
16087 40480
16088 60192
16089 55073
16090 58336
16091 64296
16092 62304
16093 64488
16094 2400
16095 49952
16096 51968
16097 19200
16098 58145
16099 63273
16100 19232
16101 19224
16102 18977
16103 56376
16104 49952
16105 19240
16106 57824
16107 54049
16108 25440
16109 58312
16110 56105
16111 54072
16112 19240
16113 39968
16114 58208
16115 17192
16116 58346
16117 26464
16118 27584
16119 17226
16120 60201
16121 52000
16122 54048
16123 27104
16124 58185
16125 63273
16126 56104
16127 27457
16128 2336
16129 27489
16130 60360
16131 18760
16132 17226
16133 54057
16134 60192
16135 54072
16136 39200
16137 40496
16138 18980
16139 54048
16140 54057
16141 27489
16142 25385
16143 18760
16144 58145
16145 19232
16146 40480
16147 52008
16148 18721
16149 60192
16150 58314
16151 58314
16152 18596
16153 58145
16154 58312
16155 27624
16156 54049
16157 62241
16158 3605
16159 51977
16160 54048
16161 60360
16162 58312
16163 58185
16164 58208
16165 27488
16166 18980
16167 19200
16168 57129
16169 2608
16170 60384
16171 58314
16172 54064
16173 58216
16174 58344
16175 56105
16176 60384
16177 58304
16178 58209
16179 58337
16180 60256
16181 52001
16182 27457
16183 58219
16184 56097
16185 54064
16186 26976
16187 54048
16188 63265
16189 18980
16190 58346
16191 60201
16192 19274
16193 49945
16194 58241
16195 58241
16196 39968
16197 27592
16198 58312
16199 58340
16200 58312
16201 49961
16202 62312
16203 49945
16204 19304
16205 58312
16206 52000
16207 40504
16208 58185
16209 27624
16210 49952
16211 53808
16212 58313
16213 58344
16214 17224
16215 19200
16216 53776
16217 60360
16218 2408
16219 58336
16220 27464
16221 16933
16222 58144
16223 57136
16224 57120
16225 51560
16226 60264
16227 54832
16228 55072
16229 51968
16230 40224
16231 49936
16232 2608
16233 49960
16234 27464
16235 40504
16236 55081
16237 59168
16238 57120
16239 26385
16240 27153
16241 18760
16242 54040
16243 53776
16244 28177
16245 54049
16246 25409
16247 58209
16248 60360
16249 60192
16250 62240
16251 19232
16252 58336
16253 25369
16254 27425
16255 28448
16256 58217
16257 49928
16258 56097
16259 58315
16260 21281
16261 60352
16262 58312
16263 28177
16264 25408
16265 18689
16266 58314
16267 19201
16268 25440
16269 17177
16270 17160
16271 51560
16272 17192
16273 2408
16274 52000
16275 17168
16276 25344
16277 58272
16278 18720
16279 58208
16280 2840
16281 58208
16282 55072
16283 56097
16284 40232
16285 19233
16286 19233
16287 59233
16288 49960
16289 55072
16290 19233
16291 53048
16292 58315
16293 58145
16294 27424
16295 39968
16296 3605
16297 52001
16298 17256
16299 27424
16300 58144
16301 57121
16302 17160
16303 24904
16304 18760
16305 53796
16306 18763
16307 58209
16308 17256
16309 56097
16310 54049
16311 17224
16312 27400
16313 39968
16314 20296
16315 28181
16316 19224
16317 18760
16318 27425
16319 25345
16320 58344
16321 18468
16322 20296
16323 56105
16324 52001
16325 54049
16326 27401
16327 58144
16328 18793
16329 16712
16330 40736
16331 27393
16332 39208
16333 17176
16334 51968
16335 25384
16336 18761
16337 53776
16338 50016
16339 25419
16340 27153
16341 16714
16342 25418
16343 19296
16344 58145
16345 2400
16346 25384
16347 17184
16348 56096
16349 28181
16350 63337
16351 17184
16352 27457
16353 11797
16354 58312
16355 2336
16356 58144
16357 25418
16358 58212
16359 19240
16360 58345
16361 16929
16362 56120
16363 60360
16364 62312
16365 27104
16366 58336
16367 59744
16368 27497
16369 60256
16370 54072
16371 55073
16372 39968
16373 58312
16374 16928
16375 60360
16376 55072
16377 58313
16378 58145
16379 19232
16380 25345
16381 800
16382 58185
16383 50984
16384 58312
16385 27393
16386 38948
16387 58208
16388 58314
16389 58314
16390 52016
16391 27393
16392 17193
16393 49953
16394 58314
16395 54056
16396 19224
16397 58312
16398 27552
16399 56888
16400 60352
16401 2856
16402 27456
16403 58344
16404 17185
16405 17060
16406 58344
16407 58240
16408 58314
16409 21008
16410 27465
16411 2848
16412 16714
16413 2408
16414 18762
16415 49953
16416 25419
16417 58345
16418 25376
16419 55081
16420 58312
16421 28181
16422 18761
16423 58144
16424 27425
16425 58312
16426 39968
16427 58208
16428 19233
16429 49994
16430 49936
16431 27488
16432 58346
16433 18721
16434 49944
16435 25376
16436 55080
16437 49960
16438 19232
16439 52000
16440 58209
16441 49952
16442 62305
16443 51977
16444 17185
16445 40224
16446 60361
16447 60360
16448 60225
16449 40224
16450 27552
16451 19232
16452 60360
16453 52000
16454 27488
16455 51969
16456 54072
16457 19232
16458 52001
16459 27616
16460 57128
16461 27392
16462 27489
16463 49953
16464 27489
16465 27456
16466 52009
16467 25504
16468 60320
16469 19240
16470 2400
16471 58315
16472 27489
16473 55073
16474 60257
16475 60256
16476 58336
16477 54048
16478 25376
16479 39472
16480 52001
16481 19201
16482 19232
16483 25376
16484 38448
16485 27592
16486 27489
16487 57128
16488 58314
16489 18720
16490 54064
16491 16912
16492 16929
16493 54048
16494 54032
16495 39208
16496 56864
16497 58314
16498 49956
16499 17169
16500 39968
16501 54052
16502 17168
16503 40752
16504 39480
16505 60360
16506 39456
16507 55096
16508 28448
16509 58344
16510 55096
16511 56097
16512 54064
16513 49994
16514 54112
16515 26401
16516 17153
16517 18760
16518 19201
16519 17160
16520 18980
16521 17192
16522 16917
16523 63264
16524 58312
16525 58144
16526 25376
16527 49953
16528 58346
16529 59168
16530 49968
16531 17060
16532 49952
16533 17189
16534 10592
16535 16420
16536 27153
16537 58312
16538 58312
16539 25376
16540 16932
16541 17176
16542 58337
16543 58313
16544 58185
16545 27409
16546 55136
16547 18980
16548 49952
16549 27584
16550 58208
16551 21296
16552 10592
16553 60192
16554 54049
16555 49953
16556 54056
16557 62305
16558 19233
16559 19201
16560 60256
16561 27153
16562 54048
16563 52000
16564 57120
16565 18468
16566 62240
16567 54048
16568 26952
16569 17225
16570 60256
16571 19209
16572 2408
16573 19305
16574 19233
16575 27457
16576 52001
16577 2408
16578 56096
16579 17256
16580 18761
16581 27153
16582 56104
16583 59233
16584 19272
16585 27409
16586 52009
16587 55073
16588 25418
16589 63337
16590 27425
16591 28417
16592 58304
16593 18793
16594 54056
16595 17185
16596 19272
16597 58144
16598 792
16599 19272
16600 49952
16601 2840
16602 17188
16603 52000
16604 61216
16605 17185
16606 18761
16607 17224
16608 27465
16609 52001
16610 54056
16611 26952
16612 17208
16613 58208
16614 27466
16615 27496
16616 19233
16617 25443
16618 39968
16619 60392
16620 27464
16621 27465
16622 58312
16623 49961
16624 18763
16625 58314
16626 27153
16627 62305
16628 18762
16629 25345
16630 54056
16631 18760
16632 27465
16633 25408
16634 17192
16635 38457
16636 52000
16637 58120
16638 52000
16639 58209
16640 58113
16641 2400
16642 27465
16643 58144
16644 58312
16645 17185
16646 58145
16647 27153
16648 25417
16649 58185
16650 19233
16651 55072
16652 27424
16653 52009
16654 60192
16655 56104
16656 58217
16657 16928
16658 27616
16659 58346
16660 56097
16661 52000
16662 19224
16663 19232
16664 52000
16665 58153
16666 60360
16667 27489
16668 58144
16669 58312
16670 62240
16671 58336
16672 17185
16673 54049
16674 27458
16675 18720
16676 58113
16677 40224
16678 18977
16679 58144
16680 54072
16681 63337
16682 58314
16683 60352
16684 27616
16685 58145
16686 58344
16687 56105
16688 19275
16689 58313
16690 49953
16691 27425
16692 25419
16693 19233
16694 52000
16695 25377
16696 52008
16697 60360
16698 27488
16699 39968
16700 27425
16701 59232
16702 58313
16703 58304
16704 58345
16705 58345
16706 58336
16707 27456
16708 25418
16709 19233
16710 58208
16711 27489
16712 55080
16713 25441
16714 58216
16715 25345
16716 19274
16717 25376
16718 52001
16719 54049
16720 58112
16721 27488
16722 18792
16723 27616
16724 54049
16725 49952
16726 27520
16727 18792
16728 63272
16729 58144
16730 18763
16731 58312
16732 58128
16733 27465
16734 58312
16735 50016
16736 25419
16737 28449
16738 64289
16739 25416
16740 27465
16741 25419
16742 19209
16743 61216
16744 25419
16745 16917
16746 52008
16747 17184
16748 62248
16749 27392
16750 17177
16751 3873
16752 54049
16753 58336
16754 39968
16755 25361
16756 49968
16757 54049
16758 40480
16759 19240
16760 54048
16761 27153
16762 58312
16763 56096
16764 56872
16765 58209
16766 27433
16767 58314
16768 58314
16769 60160
16770 60384
16771 59177
16772 19200
16773 25385
16774 62241
16775 60352
16776 52000
16777 60360
16778 17184
16779 54049
16780 58306
16781 58312
16782 40736
16783 58336
16784 62241
16785 25440
16786 49953
16787 37400
16788 49953
16789 28177
16790 58145
16791 19273
16792 26464
16793 58314
16794 27425
16795 58208
16796 52009
16797 49960
16798 50016
16799 27488
16800 19200
16801 18980
16802 25440
16803 27465
16804 58112
16805 50977
16806 62240
16807 27616
16808 18976
16809 2848
16810 25441
16811 60352
16812 27458
16813 58144
16814 27457
16815 50984
16816 19232
16817 27432
16818 58216
16819 27584
16820 58145
16821 19200
16822 60224
16823 27393
16824 2400
16825 39968
16826 19232
16827 49921
16828 54048
16829 58312
16830 18980
16831 2400
16832 61216
16833 18792
16834 19232
16835 19273
16836 27425
16837 54832
16838 58345
16839 27424
16840 50992
16841 58312
16842 49680
16843 2608
16844 54040
16845 17185
16846 2589
16847 49944
16848 27465
16849 56872
16850 57136
16851 25109
16852 28181
16853 36640
16854 59177
16855 27520
16856 56104
16857 17226
16858 17176
16859 17176
16860 3873
16861 56888
16862 17177
16863 40504
16864 57128
16865 58312
16866 25360
16867 58314
16868 53776
16869 19248
16870 54048
16871 40736
16872 40480
16873 27153
16874 2848
16875 54048
16876 40480
16877 39712
16878 56880
16879 40736
16880 52000
16881 25345
16882 49953
16883 39480
16884 58273
16885 25345
16886 59169
16887 27400
16888 52000
16889 16932
16890 16932
16891 19232
16892 17176
16893 18980
16894 51560
16895 39736
16896 50960
16897 53776
16898 59232
16899 27137
16900 62240
16901 58336
16902 27153
16903 25440
16904 19232
16905 19200
16906 2912
16907 25417
16908 60160
16909 62241
16910 58176
16911 52000
16912 53776
16913 39208
16914 28177
16915 27424
16916 50976
16917 17184
16918 58312
16919 58313
16920 49680
16921 21024
16922 27616
16923 27457
16924 25448
16925 28177
16926 56104
16927 49960
16928 58344
16929 27153
16930 54048
16931 49953
16932 17226
16933 58312
16934 49952
16935 58184
16936 53776
16937 2856
16938 27489
16939 18217
16940 60384
16941 58144
16942 19200
16943 19233
16944 16932
16945 18976
16946 54048
16947 25377
16948 19273
16949 17208
16950 59201
16951 49952
16952 19209
16953 18981
16954 54049
16955 58144
16956 2408
16957 54048
16958 54056
16959 25417
16960 17185
16961 25432
16962 27465
16963 27401
16964 38457
16965 18793
16966 27153
16967 27153
16968 58312
16969 19248
16970 64289
16971 20264
16972 58336
16973 56096
16974 60392
16975 49944
16976 54056
16977 19275
16978 18793
16979 28488
16980 18760
16981 60360
16982 17184
16983 17152
16984 28512
16985 62241
16986 62241
16987 18760
16988 49944
16989 16712
16990 58144
16991 37688
16992 17224
16993 19305
16994 25369
16995 28181
16996 58312
16997 18468
16998 2408
16999 58145
17000 19211
17001 19273
17002 792
17003 25344
17004 56096
17005 19272
17006 54049
17007 27464
17008 60193
17009 27464
17010 27489
17011 19232
17012 55088
17013 17224
17014 19232
17015 17226
17016 60392
17017 58306
17018 25376
17019 25344
17020 27392
17021 18981
17022 19108
17023 59169
17024 18689
17025 20265
17026 52001
17027 40224
17028 56097
17029 51968
17030 58112
17031 25418
17032 17226
17033 28489
17034 19240
17035 25418
17036 39200
17037 37400
17038 19273
17039 2408
17040 27466
17041 40224
17042 39712
17043 54064
17044 58312
17045 28177
17046 25377
17047 18793
17048 25419
17049 19241
17050 38457
17051 19274
17052 54049
17053 50992
17054 19232
17055 40480
17056 25416
17057 49953
17058 51977
17059 58312
17060 27465
17061 58314
17062 62304
17063 19233
17064 58144
17065 53796
17066 25441
17067 27153
17068 25376
17069 55080
17070 27393
17071 49952
17072 50016
17073 39968
17074 18720
17075 58144
17076 17184
17077 2848
17078 17185
17079 59232
17080 10773
17081 2849
17082 17184
17083 58344
17084 27488
17085 19232
17086 19232
17087 54049
17088 58184
17089 25488
17090 58304
17091 27424
17092 58312
17093 28489
17094 16912
17095 59744
17096 54056
17097 49960
17098 25353
17099 58336
17100 16932
17101 58336
17102 58153
17103 58312
17104 27153
17105 25544
17106 58153
17107 19273
17108 27488
17109 53776
17110 49952
17111 27393
17112 58144
17113 27401
17114 18976
17115 27425
17116 26384
17117 52000
17118 58313
17119 39968
17120 49952
17121 58305
17122 49952
17123 17193
17124 17192
17125 11793
17126 58113
17127 62248
17128 27616
17129 49961
17130 25417
17131 58145
17132 55073
17133 60193
17134 40480
17135 49952
17136 64352
17137 58340
17138 49952
17139 64488
17140 54048
17141 27425
17142 58344
17143 27104
17144 19201
17145 56888
17146 53032
17147 58144
17148 60256
17149 50016
17150 39208
17151 60360
17152 58336
17153 17189
17154 26401
17155 52000
17156 27488
17157 27488
17158 18209
17159 58145
17160 27489
17161 2408
17162 49952
17163 17152
17164 27465
17165 58176
17166 2408
17167 58184
17168 64296
17169 19104
17170 39968
17171 27464
17172 61217
17173 18760
17174 58153
17175 19201
17176 58312
17177 49680
17178 19232
17179 18980
17180 27153
17181 54049
17182 27157
17183 54016
17184 58217
17185 27403
17186 39208
17187 3605
17188 18763
17189 2976
17190 18689
17191 58144
17192 49952
17193 58145
17194 51969
17195 2589
17196 27456
17197 27153
17198 51968
17199 58209
17200 27584
17201 2589
17202 53032
17203 56105
17204 58208
17205 54056
17206 58112
17207 60257
17208 54072
17209 62241
17210 40736
17211 25344
17212 53792
17213 17184
17214 58340
17215 17184
17216 2856
17217 58336
17218 58312
17219 27157
17220 6688
17221 49960
17222 51976
17223 18209
17224 21008
17225 51976
17226 58312
17227 58144
17228 18785
17229 25419
17230 60352
17231 54049
17232 27104
17233 58144
17234 63328
17235 58312
17236 58113
17237 39968
17238 55073
17239 60160
17240 49968
17241 54056
17242 55136
17243 27488
17244 18980
17245 58209
17246 58306
17247 60193
17248 60384
17249 40736
17250 62240
17251 40224
17252 27457
17253 58144
17254 58145
17255 58344
17256 27489
17257 60360
17258 60360
17259 52000
17260 40224
17261 58346
17262 52000
17263 58209
17264 60384
17265 16712
17266 39720
17267 60352
17268 54057
17269 58337
17270 58312
17271 27616
17272 58113
17273 17184
17274 58312
17275 55840
17276 2408
17277 58113
17278 27488
17279 19236
17280 60264
17281 25434
17282 58312
