# .PCD v0.7 - Point Cloud Data file
VERSION 0.7
FIELDS x y z label edge
SIZE 4 4 4 4 4
TYPE F F F I F
COUNT 1 1 1 1 1
WIDTH 12129
HEIGHT 1
VIEWPOINT 0 0 0 1 0 0 0
POINTS 12129
DATA ascii
0.181264 0.245208 0.280764 1 0.0
0.180826 0.304274 0.281927 1 0.0
0.180654 0.244644 0.309178 1 0.0
0.181702 0.186142 0.2796 1 0.0
0.181874 0.245772 0.25235 1 0.0
0.729814 0.786898 0.908653 14 2e-06
0.734615 0.783252 0.935907 14 2e-06
0.725319 0.737682 0.902861 14 2e-06
0.725014 0.790544 0.881399 14 2e-06
0.73431 0.836114 0.914446 14 2e-06
0.951054 0.850336 0.207942 12 0.0
0.955198 0.879249 0.214979 12 0.0
0.958024 0.840097 0.24591 12 0.0
0.94691 0.821422 0.200906 12 0.0
0.944083 0.860574 0.169975 12 0.0
0.714454 0.051288 0.526071 8 0.0
0.745377 0.050159 0.483679 8 0.0
0.792466 0.050232 0.583006 8 0.0
0.683531 0.052418 0.568463 8 0.0
0.636442 0.052344 0.469136 8 0.0
0.862592 0.164838 0.095395 10 0.0
0.895615 0.137878 0.101629 10 0.0
0.882255 0.18947 0.097762 10 0.0
0.829569 0.191798 0.08916 10 0.0
0.842929 0.140206 0.093027 10 0.0
0.751622 0.061506 0.930868 14 0.997819
0.023246 0.443346 0.066906 4 0.0
0.023145 0.445378 0.047608 4 0.0
0.024129 0.487568 0.071559 4 0.0
0.023348 0.441313 0.086203 4 0.0
0.022364 0.399124 0.062252 4 0.0
0.285266 0.0522 0.229597 8 0.0
0.250286 0.05258 0.237023 8 0.0
0.299107 0.052263 0.294786 8 0.0
0.320247 0.05182 0.22217 8 0.0
0.271425 0.052137 0.164407 8 0.0
0.724278 0.203301 0.859071 14 0.0
0.720325 0.249676 0.849941 14 0.0
0.731465 0.212208 0.901201 14 0.0
0.728231 0.156927 0.868201 14 0.0
0.717091 0.194394 0.816941 14 0.0
0.071114 0.134745 0.132905 4 0.000575
0.066002 0.154183 0.107132 4 0.000575
0.055707 0.150154 0.147583 4 0.000575
0.076226 0.115307 0.158677 4 0.000575
0.086521 0.119335 0.118227 4 0.000575
0.020827 0.052663 0.099417 4 0.029651
0.015062 0.499848 0.05674 4 0.0
0.149528 0.90812 0.21617 3 0.0
0.162049 0.902482 0.217606 3 0.0
0.155638 0.921649 0.216011 3 0.0
0.137006 0.913759 0.214734 3 0.0
0.143418 0.894592 0.216328 3 0.0
0.753755 0.077273 0.900023 14 0.39326
0.245629 0.05282 0.279784 8 0.010605
0.268487 0.053081 0.279007 8 0.010605
0.247599 0.053264 0.337879 8 0.010605
0.222772 0.052559 0.280561 8 0.010605
0.243659 0.052376 0.221688 8 0.010605
0.295564 0.149925 0.340092 2 0.000153
0.302326 0.164668 0.30163 2 0.000153
0.329637 0.177567 0.356677 2 0.000153
0.288802 0.135183 0.378554 2 0.000153
0.261492 0.122284 0.323507 2 0.000153
0.013375 0.054597 0.103641 4 0.999982
0.873179 0.047877 0.261045 8 0.0
0.907891 0.047429 0.266676 8 0.0
0.863653 0.047744 0.319751 8 0.0
0.838468 0.048324 0.255413 8 0.0
0.882706 0.04801 0.202338 8 0.0
0.026762 0.062287 0.085119 4 0.013758
0.026496 0.063717 0.074203 4 0.013758
0.030104 0.063809 0.085236 4 0.013758
0.027029 0.060858 0.096034 4 0.013758
0.023421 0.060765 0.085001 4 0.013758
0.68828 0.051794 0.439307 8 0.0
0.736608 0.0512 0.39555 8 0.0
0.765898 0.05131 0.525041 8 0.0
0.639951 0.052389 0.483063 8 0.0
0.610662 0.052279 0.353573 8 0.0
0.790687 0.049022 0.284723 8 0.0
0.830914 0.048878 0.225142 8 0.0
0.835868 0.048629 0.315228 8 0.0
0.75046 0.049166 0.344304 8 0.0
0.745506 0.049415 0.254217 8 0.0
0.78036 0.951531 0.0911 17 0.141228
0.530679 0.953361 0.466072 17 0.003716
0.492445 0.924493 0.626308 6 1e-06
0.176521 0.125035 0.26743 1 1e-06
0.177316 0.148881 0.270517 1 1e-06
0.177051 0.121691 0.29313 1 1e-06
0.175727 0.10119 0.264343 1 1e-06
0.175991 0.128379 0.24173 1 1e-06
0.037779 0.140859 0.106032 4 9e-06
0.043911 0.162836 0.13588 4 9e-06
0.037854 0.123093 0.119098 4 9e-06
0.031647 0.118882 0.076185 4 9e-06
0.037704 0.158625 0.092966 4 9e-06
0.985329 0.904198 0.173016 18 0.0
0.984732 0.920567 0.174703 18 0.0
0.986693 0.901245 0.202157 18 0.0
0.985927 0.887829 0.17133 18 0.0
0.983966 0.907152 0.143875 18 0.0
0.56693 0.181516 0.539054 15 0.000538
0.796435 0.901402 0.987157 11 0.000309
0.809299 0.909521 0.984735 11 0.000309
0.805264 0.887017 0.985826 11 0.000309
0.783572 0.893283 0.989579 11 0.000309
0.787606 0.915788 0.988488 11 0.000309
0.522124 0.052479 0.367812 8 0.0
0.90159 0.070236 0.906791 8 0.776586
0.984889 0.708847 0.130548 18 0.0
0.699852 0.951472 0.350702 17 0.0
0.614868 0.951893 0.323978 17 0.0
0.674998 0.95112 0.429735 17 0.0
0.784836 0.95105 0.377426 17 0.0
0.724706 0.951823 0.27167 17 0.0
0.015906 0.095327 0.04569 4 0.0
0.015047 0.111745 0.044054 4 0.0
0.01598 0.096895 0.061385 4 0.0
0.016766 0.07891 0.047326 4 0.0
0.015832 0.093759 0.029994 4 0.0
0.986484 0.841648 0.155561 18 0.0
0.984644 0.876888 0.147199 18 0.0
0.987203 0.847014 0.178016 18 0.0
0.988324 0.806408 0.163924 18 0.0
0.985764 0.836282 0.133106 18 0.0
0.094889 0.9286 0.215952 3 0.007479
0.095157 0.936647 0.215828 3 0.007479
0.120639 0.92775 0.216468 3 0.007479
0.094621 0.920552 0.216075 3 0.007479
0.069139 0.92945 0.215436 3 0.007479
0.542321 0.948835 0.670245 17 0.003973
0.529078 0.948247 0.662069 17 0.003973
0.535747 0.948946 0.680886 17 0.003973
0.555564 0.949422 0.678421 17 0.003973
0.548895 0.948723 0.659604 17 0.003973
0.514639 0.606937 0.541558 7 0.0
0.524723 0.618555 0.590908 7 0.0
0.523777 0.504877 0.563717 7 0.0
0.504554 0.595319 0.492207 7 0.0
0.254063 0.949695 0.429821 17 0.009618
0.280228 0.949826 0.42904 17 0.009618
0.254441 0.949936 0.442518 17 0.009618
0.227898 0.949565 0.430602 17 0.009618
0.253685 0.949454 0.417124 17 0.009618
0.690443 0.052261 0.328713 8 0.0
0.73832 0.051539 0.271876 8 0.0
0.767286 0.051761 0.393447 8 0.0
0.642566 0.052984 0.38555 8 0.0
0.6136 0.052762 0.263979 8 0.0
0.735359 0.051268 0.569812 8 0.0
0.81454 0.048181 0.254116 8 0.0
0.76808 0.048493 0.277586 8 0.0
0.841526 0.047829 0.307539 8 0.0
0.861 0.047868 0.230646 8 0.0
0.787555 0.048533 0.200693 8 0.0
0.350782 0.052343 0.318652 8 0.0
0.364142 0.05236 0.275903 8 0.0
0.40454 0.052111 0.335452 8 0.0
0.337422 0.052326 0.361401 8 0.0
0.297024 0.052575 0.301851 8 0.0
0.563609 0.952732 0.164427 17 0.0
0.174966 0.056252 0.215506 9 0.999982
0.17414 0.05872 0.216006 9 0.999982
0.181818 0.058644 0.215009 9 0.999982
0.175791 0.053784 0.215006 9 0.999982
0.168114 0.05386 0.216003 9 0.999982
0.923105 0.049101 0.466711 8 0.0
0.301641 0.094291 0.23607 8 0.0
0.276728 0.094618 0.225335 8 0.0
0.277549 0.10349 0.292262 8 0.0
0.326553 0.093964 0.246804 8 0.0
0.325732 0.085091 0.179878 8 0.0
0.015546 0.564416 0.078286 4 0.0
0.015849 0.572119 0.064403 4 0.0
0.014731 0.593062 0.094161 4 0.0
0.015243 0.556714 0.092168 4 0.0
0.016362 0.53577 0.06241 4 0.0
0.285024 0.690359 0.089169 5 0.0
0.214433 0.63719 0.093334 5 0.0
0.332103 0.627811 0.08861 5 0.0
0.355615 0.743529 0.085004 5 0.0
0.237945 0.752908 0.089729 5 0.0
0.984058 0.774887 0.126034 18 0.0
0.175807 0.563178 0.355565 1 0.0
0.094829 0.520253 0.1172 4 6e-06
0.263482 0.946577 0.083241 17 0.030087
0.733423 0.049639 0.520587 8 0.0
0.66216 0.05027 0.469078 8 0.0
0.699896 0.050803 0.566987 8 0.0
0.804687 0.049008 0.572096 8 0.0
0.76695 0.048475 0.474187 8 0.0
0.986714 0.905471 0.366861 13 0.0
0.178139 0.097425 0.146918 8 0.99992
0.153861 0.098232 0.115632 8 0.99992
0.163026 0.097503 0.158647 8 0.99992
0.202416 0.096617 0.178205 8 0.99992
0.193251 0.097347 0.13519 8 0.99992
0.373524 0.14972 0.249749 8 0.848321
0.396772 0.159424 0.22877 8 0.848321
0.350277 0.140016 0.270728 8 0.848321
0.384269 0.850893 0.466057 2 0.0
0.352133 0.835267 0.465556 2 0.0
0.370821 0.878571 0.465342 2 0.0
0.416404 0.866518 0.466559 2 0.0
0.397716 0.823214 0.466772 2 0.0
0.01946 0.773323 0.00353 4 0.999974
0.278555 0.054061 0.35161 8 0.0
0.246321 0.054689 0.36005 8 0.0
0.28784 0.05325 0.387132 8 0.0
0.310789 0.053432 0.34317 8 0.0
0.269269 0.054872 0.316088 8 0.0
0.946396 0.049076 0.215231 8 0.0
0.960215 0.049372 0.215298 8 0.0
0.946198 0.047944 0.260907 8 0.0
0.932576 0.048781 0.215164 8 0.0
0.946593 0.050209 0.169555 8 0.0
0.017218 0.947287 0.036098 4 1.0
0.412238 0.95438 0.292924 17 0.0
0.484912 0.955055 0.327933 17 0.0
0.390661 0.953036 0.337743 17 0.0
0.339563 0.953706 0.257916 17 0.0
0.433815 0.955725 0.248106 17 0.0
0.177495 0.778453 0.453793 1 0.000331
0.945183 0.905389 0.849376 17 2e-06
0.015058 0.555442 0.056904 4 0.0
0.589644 0.053311 0.595747 8 0.0
0.562735 0.05307 0.56985 8 0.0
0.568016 0.053522 0.618218 8 0.0
0.616552 0.053553 0.621644 8 0.0
0.611271 0.053101 0.573277 8 0.0
0.908671 0.057159 0.630084 8 0.0
0.277774 0.326945 0.189344 1 3e-06
0.273999 0.385708 0.167706 1 3e-06
0.290172 0.343721 0.232739 1 3e-06
0.281549 0.268183 0.210982 1 3e-06
0.265375 0.31017 0.145949 1 3e-06
0.642476 0.052535 0.673805 8 0.0
0.823627 0.118563 0.195101 8 0.997859
0.469044 0.715439 0.503564 6 8.8e-05
0.466984 0.789153 0.487858 6 8.8e-05
0.475217 0.721317 0.530341 6 8.8e-05
0.471104 0.641726 0.519269 6 8.8e-05
0.46287 0.709562 0.476787 6 8.8e-05
0.97403 0.843732 0.171266 12 0.0
0.972937 0.847757 0.199953 12 0.0
0.97419 0.80871 0.176186 12 0.0
0.975123 0.839708 0.142579 12 0.0
0.973871 0.878754 0.166347 12 0.0
0.729289 0.952759 0.340652 17 0.0
0.753834 0.95111 0.273036 17 0.0
0.788276 0.951694 0.36209 17 0.0
0.704745 0.954408 0.408268 17 0.0
0.670303 0.953824 0.319214 17 0.0
0.662413 0.05158 0.326521 8 0.0
0.622429 0.052286 0.37676 8 0.0
0.754232 0.050169 0.399616 8 0.0
0.702397 0.050875 0.276281 8 0.0
0.570594 0.052992 0.253425 8 0.0
0.058923 0.05162 0.071262 8 1.6e-05
0.043222 0.051175 0.070944 8 1.6e-05
0.058432 0.052268 0.094586 8 1.6e-05
0.074623 0.052065 0.071581 8 1.6e-05
0.059413 0.050972 0.047939 8 1.6e-05
0.060063 0.837303 0.096909 4 0.0
0.050028 0.865594 0.073853 4 0.0
0.067767 0.856206 0.116752 4 0.0
0.070098 0.809011 0.119964 4 0.0
0.052359 0.818399 0.077065 4 0.0
0.392154 0.954445 0.18075 17 0.0
0.500661 0.956764 0.215837 17 0.0
0.379859 0.954734 0.218756 17 0.0
0.283646 0.952126 0.145664 17 0.0
0.404449 0.954156 0.142745 17 0.0
0.01691 0.693873 0.159753 4 0.0
0.884296 0.047609 0.575097 8 0.0
0.402971 0.908846 0.467502 2 1.4e-05
0.402843 0.922683 0.467438 2 1.4e-05
0.375411 0.908583 0.466087 2 1.4e-05
0.4031 0.895009 0.467566 2 1.4e-05
0.430531 0.909108 0.468916 2 1.4e-05
0.176538 0.13252 0.38681 1 0.0
0.177026 0.143547 0.410286 1 0.0
0.176752 0.107946 0.398349 1 0.0
0.17605 0.121493 0.363335 1 0.0
0.176324 0.157094 0.375272 1 0.0
0.511854 0.95324 0.45607 17 1.5e-05
0.916338 0.047165 0.166435 8 0.0
0.918216 0.046708 0.196247 8 0.0
0.893052 0.046695 0.167894 8 0.0
0.91446 0.047623 0.136622 8 0.0
0.939624 0.047636 0.164975 8 0.0
0.765713 0.049268 0.326577 8 0.0
0.832272 0.04851 0.316167 8 0.0
0.778347 0.04938 0.407349 8 0.0
0.699154 0.050025 0.336987 8 0.0
0.753079 0.049155 0.245805 8 0.0
0.987329 0.181551 0.771656 12 0.0
0.988571 0.221721 0.778729 12 0.0
0.986091 0.171083 0.831324 12 0.0
0.986088 0.14138 0.764583 12 0.0
0.988568 0.192019 0.711987 12 0.0
0.889111 0.074721 0.44521 8 0.0
0.639261 0.05218 0.534214 8 0.0
0.690749 0.052 0.521034 8 0.0
0.652717 0.051801 0.586787 8 0.0
0.587774 0.05236 0.547393 8 0.0
0.625805 0.052558 0.48164 8 0.0
0.016501 0.399735 0.024035 4 1e-06
0.654925 0.259196 0.574597 15 1e-06
0.492445 0.953883 0.263378 17 0.0
0.467208 0.953608 0.315486 17 0.0
0.597094 0.955283 0.314069 17 0.0
0.517682 0.954159 0.21127 17 0.0
0.387796 0.952484 0.212687 17 0.0
0.174461 0.885296 0.235785 1 0.999848
0.172176 0.890223 0.230237 1 0.999848
0.174352 0.900602 0.249422 1 0.999848
0.176747 0.88037 0.241332 1 0.999848
0.174571 0.869991 0.222147 1 0.999848
0.688491 0.050521 0.233236 8 0.0
0.778062 0.049829 0.244357 8 0.0
0.681667 0.050307 0.288188 8 0.0
0.598921 0.051213 0.222115 8 0.0
0.695316 0.050735 0.178283 8 0.0
0.853866 0.950679 0.779142 17 0.0
0.892829 0.948945 0.774601 17 0.0
0.861168 0.951973 0.841296 17 0.0
0.814903 0.952413 0.783683 17 0.0
0.846564 0.949385 0.716987 17 0.0
0.174423 0.74721 0.301566 1 0.0
0.174157 0.809151 0.284613 1 0.0
0.174174 0.754925 0.329758 1 0.0
0.174688 0.685269 0.318518 1 0.0
0.174672 0.739495 0.273373 1 0.0
0.181916 0.730861 0.275406 1 0.00016
0.18369 0.799671 0.25999 1 0.00016
0.180742 0.736658 0.301146 1 0.00016
0.180142 0.662051 0.290822 1 0.00016
0.18309 0.725064 0.249666 1 0.00016
0.894567 0.04755 0.449374 8 0.0
0.513455 0.61978 0.502468 6 0.001098
0.518991 0.673162 0.516626 6 0.001098
0.529439 0.60084 0.56763 6 0.001098
0.507919 0.566399 0.488311 6 0.001098
0.497471 0.63872 0.437306 6 0.001098
0.573621 0.053055 0.345824 8 0.0
0.673203 0.053441 0.417782 8 0.0
0.541243 0.052759 0.390633 8 0.0
0.474038 0.05267 0.273866 8 0.0
0.605998 0.053352 0.301016 8 0.0
0.062137 0.162322 0.103879 4 3e-06
0.068993 0.143252 0.124223 4 3e-06
0.050942 0.133056 0.080219 4 3e-06
0.055282 0.181391 0.083535 4 3e-06
0.073333 0.191587 0.127538 4 3e-06
0.857179 0.047871 0.7603 8 0.0
0.898067 0.047742 0.760504 8 0.0
0.856826 0.048639 0.831705 8 0.0
0.81629 0.047999 0.760097 8 0.0
0.857532 0.047102 0.688895 8 0.0
0.904274 0.444498 0.272213 12 0.0
0.906024 0.444541 0.213232 12 0.0
0.891491 0.569721 0.271924 12 0.0
0.902524 0.444456 0.331194 12 0.0
0.917057 0.319275 0.272502 12 0.0
0.889994 0.047818 0.428226 8 0.0
0.015828 0.588789 0.04506 4 0.0
0.175637 0.410263 0.221602 1 0.330963
0.857375 0.060192 0.639375 8 0.0
0.818224 0.060134 0.642953 8 0.0
0.86702 0.057 0.744835 8 0.0
0.896526 0.06025 0.635796 8 0.0
0.84773 0.063384 0.533914 8 0.0
0.342896 0.895467 0.140145 17 0.000426
0.332445 0.909947 0.167242 17 0.000426
0.359188 0.884239 0.152429 17 0.000426
0.353348 0.880988 0.113049 17 0.000426
0.326604 0.906695 0.127861 17 0.000426
0.017157 0.342879 0.02559 4 1e-06
0.653069 0.669991 0.107536 5 0.0
0.670635 0.754888 0.116296 5 0.0
0.551309 0.691508 0.103057 5 0.0
0.635504 0.585095 0.098776 5 0.0
0.017335 0.056702 0.100385 4 0.366148
0.046332 0.216846 0.085881 4 0.975569
0.138841 0.112793 0.216011 3 0.0
0.123455 0.121109 0.215178 3 0.0
0.12904 0.094626 0.215677 3 0.0
0.154226 0.104477 0.216845 3 0.0
0.148641 0.13096 0.216345 3 0.0
0.67489 0.063006 0.600394 8 0.0
0.689557 0.062785 0.577866 8 0.0
0.735202 0.060046 0.639688 8 0.0
0.660224 0.063226 0.622922 8 0.0
0.614578 0.065966 0.561101 8 0.0
0.626323 0.162921 0.615896 15 1e-06
0.628265 0.197415 0.594163 15 1e-06
0.584747 0.162953 0.612232 15 1e-06
0.624381 0.128427 0.637628 15 1e-06
0.667898 0.162889 0.619559 15 1e-06
0.099038 0.949067 0.097179 17 0.0
0.117649 0.950434 0.082605 17 0.0
0.119786 0.949683 0.123732 17 0.0
0.080428 0.9477 0.111753 17 0.0
0.07829 0.948451 0.070626 17 0.0
0.478179 0.670897 0.562827 6 0.0
0.471499 0.755876 0.536571 6 0.0
0.486406 0.683461 0.601401 6 0.0
0.484859 0.585917 0.589083 6 0.0
0.469953 0.658332 0.524253 6 0.0
0.37716 0.051644 0.414637 8 0.0
0.017759 0.655142 0.093968 4 0.0
0.020301 0.727576 0.096193 4 0.0
0.018547 0.654333 0.119419 4 0.0
0.015217 0.582709 0.091743 4 0.0
0.01697 0.655952 0.068518 4 0.0
0.561375 0.135959 0.390537 9 3e-06
0.882297 0.815763 0.367448 12 4e-06
0.887596 0.849804 0.361039 12 4e-06
0.879787 0.833281 0.458416 12 4e-06
0.876997 0.781722 0.373857 12 4e-06
0.904901 0.948193 0.952022 17 0.000447
0.905403 0.9491 0.960806 17 0.000447
0.879131 0.947769 0.953538 17 0.000447
0.904399 0.947286 0.943238 17 0.000447
0.930671 0.948617 0.950506 17 0.000447
0.014924 0.629153 0.04 4 0.0
0.350827 0.268317 0.219539 1 2.2e-05
0.315911 0.253661 0.189355 1 2.2e-05
0.333407 0.330921 0.20929 1 2.2e-05
0.385743 0.282974 0.249723 1 2.2e-05
0.368247 0.205714 0.229788 1 2.2e-05
0.58834 0.053505 0.595584 8 3e-06
0.559073 0.053117 0.611296 8 3e-06
0.604924 0.05367 0.626478 8 3e-06
0.617607 0.053893 0.579871 8 3e-06
0.571756 0.05334 0.564689 8 3e-06
0.083266 0.391541 0.111254 4 0.000525
0.10011 0.399241 0.108529 4 0.000525
0.098062 0.369824 0.141349 4 0.000525
0.066421 0.38384 0.113979 4 0.000525
0.068469 0.413258 0.08116 4 0.000525
0.757342 0.049053 0.488441 8 0.0
0.706293 0.048834 0.383914 8 0.0
0.709408 0.049949 0.511849 8 0.0
0.808391 0.049273 0.592968 8 0.0
0.805276 0.048157 0.465033 8 0.0
0.940202 0.201911 0.077723 10 0.0
0.925151 0.202498 0.07627 10 0.0
0.942194 0.252291 0.077427 10 0.0
0.955253 0.201325 0.079175 10 0.0
0.938211 0.151531 0.078019 10 0.0
0.865993 0.08444 0.934616 8 0.825761
0.828663 0.097715 0.93299 8 0.825761
0.86473 0.082708 0.949463 8 0.825761
0.903322 0.071165 0.936242 8 0.825761
0.867256 0.086172 0.919769 8 0.825761
0.050647 0.791753 0.081885 4 0.0
0.040432 0.840082 0.065022 4 0.0
0.053823 0.799029 0.100811 4 0.0
0.060862 0.743424 0.098749 4 0.0
0.047472 0.784478 0.062959 4 0.0
0.177585 0.914261 0.424146 1 0.0
0.178075 0.924 0.418023 1 0.0
0.177202 0.922271 0.436858 1 0.0
0.177095 0.904521 0.430268 1 0.0
0.177967 0.90625 0.411433 1 0.0
0.212207 0.048866 0.025105 8 0.876422
0.923523 0.047103 0.244802 8 0.0
0.904145 0.046636 0.247072 8 0.0
0.929847 0.046593 0.298675 8 0.0
0.942901 0.04757 0.242531 8 0.0
0.917198 0.047613 0.190929 8 0.0
0.869738 0.058632 0.979798 11 2.4e-05
0.983717 0.050098 0.205375 9 0.999881
0.014387 0.652529 0.033411 4 2e-06
0.978153 0.069373 0.947363 13 0.0
0.977768 0.076155 0.951322 13 0.0
0.978164 0.066091 0.952986 13 0.0
0.978539 0.06259 0.943403 13 0.0
0.978142 0.072655 0.941739 13 0.0
0.864555 0.588948 0.202685 12 4e-06
0.836139 0.588579 0.222775 12 4e-06
0.872624 0.487791 0.21224 12 4e-06
0.89297 0.589316 0.182595 12 4e-06
0.982193 0.798197 0.92898 13 0.0
0.357378 0.05097 0.067728 8 1e-06
0.178581 0.306632 0.448576 1 3e-06
0.016388 0.758059 0.106801 4 0.0
0.016715 0.817723 0.097138 4 0.0
0.016804 0.763305 0.139203 4 0.0
0.01606 0.698396 0.116464 4 0.0
0.015971 0.752814 0.074399 4 0.0
0.019063 0.926167 0.20292 4 0.127713
0.018407 0.934963 0.204683 4 0.127713
0.017847 0.925104 0.20777 4 0.127713
0.01972 0.917371 0.201157 4 0.127713
0.02028 0.92723 0.19807 4 0.127713
0.90458 0.047352 0.305174 8 0.0
0.93064 0.047577 0.304665 8 0.0
0.905992 0.047058 0.377299 8 0.0
0.87852 0.047127 0.305683 8 0.0
0.903168 0.047646 0.233049 8 0.0
0.89175 0.949618 0.514724 17 0.0
0.962916 0.923957 0.964836 11 3e-06
0.964024 0.933475 0.964472 11 3e-06
0.955737 0.92483 0.965826 11 3e-06
0.961809 0.914439 0.965201 11 3e-06
0.970095 0.923084 0.963847 11 3e-06
0.176354 0.219316 0.345412 1 0.0
0.176536 0.272293 0.333014 1 0.0
0.175916 0.227611 0.380849 1 0.0
0.176172 0.166339 0.35781 1 0.0
0.176792 0.211021 0.309975 1 0.0
0.378804 0.955349 0.148048 17 0.0
0.279513 0.95064 0.128667 17 0.0
0.37218 0.957034 0.181573 17 0.0
0.478094 0.960059 0.167429 17 0.0
0.385427 0.953665 0.114523 17 0.0
0.166093 0.053887 0.015249 8 0.998945
0.208706 0.355739 0.281214 1 0.0
0.20577 0.441455 0.280229 1 0.0
0.208465 0.356117 0.3148 1 0.0
0.211642 0.270024 0.2822 1 0.0
0.208947 0.355362 0.247629 1 0.0
0.962006 0.912148 0.966384 11 0.0
0.962079 0.925512 0.966024 11 0.0
0.969687 0.912105 0.966349 11 0.0
0.961933 0.898785 0.966745 11 0.0
0.954324 0.912191 0.96642 11 0.0
0.475361 0.051215 0.186788 8 0.0
0.016601 0.635584 0.043683 4 0.0
0.344268 0.058701 0.190618 8 0.0
0.316173 0.059797 0.142105 8 0.0
0.304984 0.059058 0.213376 8 0.0
0.372362 0.057605 0.23913 8 0.0
0.383552 0.058344 0.167859 8 0.0
0.912389 0.946931 0.243067 17 0.0
0.887841 0.946579 0.243715 17 0.0
0.913791 0.94681 0.2961 17 0.0
0.936937 0.947282 0.242419 17 0.0
0.910987 0.947051 0.190034 17 0.0
0.478991 0.578375 0.553173 6 0.0
0.476468 0.685103 0.548016 6 0.0
0.486546 0.58047 0.592849 6 0.0
0.481514 0.471647 0.558329 6 0.0
0.471436 0.57628 0.513496 6 0.0
0.458495 0.180044 0.033018 10 0.0
0.658629 0.887031 0.674117 16 9e-06
0.657351 0.909394 0.670655 16 9e-06
0.708708 0.890677 0.679185 16 9e-06
0.659907 0.864667 0.677579 16 9e-06
0.60855 0.883384 0.669048 16 9e-06
0.571047 0.053582 0.628493 8 0.0
0.546642 0.052984 0.625932 8 0.0
0.568514 0.053076 0.652757 8 0.0
0.595452 0.054181 0.631053 8 0.0
0.57358 0.054089 0.604229 8 0.0
0.191529 0.146658 0.256685 1 0.0
0.19628 0.166751 0.196714 1 0.0
0.193035 0.170603 0.264826 1 0.0
0.186778 0.126566 0.316656 1 0.0
0.190023 0.122714 0.248543 1 0.0
0.581854 0.051798 0.268931 8 0.0
0.458132 0.052098 0.238331 8 0.0
0.565891 0.052145 0.333478 8 0.0
0.705576 0.051497 0.29953 8 0.0
0.597817 0.051451 0.204384 8 0.0
0.306509 0.051048 0.125995 8 0.014731
0.716487 0.053305 0.740055 14 0.999909
0.059561 0.94642 0.107161 17 0.0
0.074477 0.94715 0.106113 17 0.0
0.062011 0.94591 0.141697 17 0.0
0.044644 0.945691 0.108209 17 0.0
0.05711 0.946931 0.072625 17 0.0
0.915287 0.871457 0.475563 12 2e-06
0.477754 0.053783 0.235894 8 0.0
0.404335 0.056473 0.226952 8 0.0
0.47139 0.053521 0.288071 8 0.0
0.551172 0.051093 0.244836 8 0.0
0.484118 0.054045 0.183717 8 0.0
0.18281 0.552563 0.252919 1 0.0
0.897087 0.046865 0.115556 8 7.2e-05
0.867542 0.045752 0.114694 8 7.2e-05
0.896678 0.046603 0.129896 8 7.2e-05
0.926632 0.047977 0.116419 8 7.2e-05
0.897496 0.047126 0.101217 8 7.2e-05
0.018771 0.458497 0.109241 4 0.0
0.851199 0.948799 0.234614 17 0.0
0.894714 0.947935 0.231126 17 0.0
0.85515 0.947442 0.284252 17 0.0
0.807684 0.949663 0.238102 17 0.0
0.847247 0.950155 0.184976 17 0.0
0.714174 0.050508 0.231708 8 0.0
0.630557 0.050837 0.223547 8 0.0
0.708884 0.050435 0.285907 8 0.0
0.797792 0.050178 0.23987 8 0.0
0.719465 0.05058 0.177509 8 0.0
0.149778 0.781131 0.126453 3 0.0
0.189662 0.789954 0.136222 3 0.0
0.161879 0.728939 0.124184 3 0.0
0.109893 0.772308 0.116683 3 0.0
0.137676 0.833323 0.128721 3 0.0
0.172509 0.78457 0.090163 5 0.0
0.142666 0.825223 0.102545 5 0.0
0.209413 0.810416 0.094255 5 0.0
0.202353 0.743917 0.077782 5 0.0
0.135606 0.758724 0.086072 5 0.0
0.282487 0.909126 0.428379 2 0.0
0.247769 0.909724 0.432679 2 0.0
0.283433 0.923283 0.43405 2 0.0
0.317204 0.908529 0.424079 2 0.0
0.281541 0.89497 0.422708 2 0.0
0.178674 0.846657 0.30287 1 0.0
0.178042 0.869587 0.323783 1 0.0
0.178638 0.823883 0.327839 1 0.0
0.179305 0.823727 0.281957 1 0.0
0.178709 0.869431 0.277901 1 0.0
0.398828 0.052584 0.2108 8 0.0
0.496847 0.052557 0.253241 8 0.0
0.382285 0.052827 0.249005 8 0.0
0.300808 0.052612 0.168358 8 0.0
0.41537 0.052341 0.172594 8 0.0
0.073862 0.050674 0.024587 8 0.281914
0.055028 0.05481 0.020776 8 0.281914
0.072524 0.051158 0.031724 8 0.281914
0.092696 0.046537 0.028398 8 0.281914
0.0752 0.050189 0.01745 8 0.281914
0.647237 0.052524 0.576522 8 0.0
0.663122 0.05271 0.543494 8 0.0
0.700945 0.052019 0.60235 8 0.0
0.631352 0.052339 0.609549 8 0.0
0.593529 0.05303 0.550693 8 0.0
0.176996 0.048764 0.020895 8 0.992817
0.583671 0.053489 0.467602 8 0.0
0.622221 0.054014 0.463649 8 0.0
0.591309 0.052892 0.542014 8 0.0
0.545121 0.052965 0.471555 8 0.0
0.576033 0.054087 0.39319 8 0.0
0.017897 0.310348 0.0285 4 9.1e-05
0.283536 0.05079 0.1296 8 0.0
0.366848 0.051225 0.137335 8 0.0
0.28042 0.050912 0.16315 8 0.0
0.200224 0.050355 0.121864 8 0.0
0.286652 0.050668 0.096049 8 0.0
0.019526 0.79381 0.003765 4 0.999978
0.94036 0.643226 0.88094 12 0.0
0.116288 0.949419 0.105449 17 0.0
0.086536 0.948946 0.118615 17 0.0
0.129026 0.95076 0.134283 17 0.0
0.146041 0.949892 0.092284 17 0.0
0.10355 0.948078 0.076615 17 0.0
0.469904 0.051157 0.257614 8 0.0
0.563004 0.050286 0.255827 8 0.0
0.471186 0.051511 0.324256 8 0.0
0.376804 0.052029 0.259401 8 0.0
0.468621 0.050804 0.190973 8 0.0
0.02176 0.73796 0.020571 4 0.000329
0.703701 0.95208 0.415235 17 0.0
0.770721 0.950329 0.507237 17 0.0
0.646046 0.952174 0.457237 17 0.0
0.636681 0.95383 0.323234 17 0.0
0.761356 0.951985 0.373234 17 0.0
0.978327 0.942207 0.610089 17 1.2e-05
0.463201 0.947742 0.214127 17 0.0
0.461266 0.946784 0.159257 17 0.0
0.371679 0.948123 0.217348 17 0.0
0.465136 0.948699 0.268996 17 0.0
0.554723 0.94736 0.210906 17 0.0
0.354385 0.05201 0.17013 8 0.0
0.460149 0.050315 0.203667 8 0.0
0.342624 0.052604 0.207249 8 0.0
0.24862 0.053704 0.136593 8 0.0
0.366145 0.051415 0.133011 8 0.0
0.697347 0.897217 0.156396 17 0.0
0.539042 0.052404 0.330491 8 0.0
0.509646 0.052994 0.375491 8 0.0
0.670299 0.052016 0.416242 8 0.0
0.568438 0.051815 0.285492 8 0.0
0.407785 0.052792 0.244741 8 0.0
0.980806 0.922675 0.929002 13 1e-06
0.981055 0.932156 0.931257 13 1e-06
0.979821 0.919767 0.941336 13 1e-06
0.980556 0.913194 0.926747 13 1e-06
0.98179 0.925583 0.916667 13 1e-06
0.716958 0.503947 0.866518 14 0.0
0.716606 0.615062 0.860805 14 0.0
0.726755 0.506035 0.90652 14 0.0
0.71731 0.392833 0.872232 14 0.0
0.707162 0.501859 0.826517 14 0.0
0.019554 0.906286 0.194402 4 0.0
0.018504 0.90645 0.202276 4 0.0
0.018877 0.891388 0.194621 4 0.0
0.020603 0.906123 0.186528 4 0.0
0.020231 0.921184 0.194183 4 0.0
0.803258 0.048577 0.225526 8 0.0
0.860501 0.048466 0.224566 8 0.0
0.804087 0.048502 0.27502 8 0.0
0.746015 0.048688 0.226485 8 0.0
0.802429 0.048651 0.176032 8 0.0
0.974673 0.100983 0.963827 11 0.381849
0.134242 0.450418 0.098896 4 0.00113
0.124411 0.532495 0.118101 4 0.00113
0.171607 0.449484 0.122014 4 0.00113
0.144072 0.368342 0.07969 4 0.00113
0.096876 0.451353 0.075777 4 0.00113
0.889126 0.333123 0.375952 12 0.0
0.891382 0.408504 0.346996 12 0.0
0.893565 0.364273 0.457389 12 0.0
0.886869 0.257743 0.404908 12 0.0
0.884686 0.301974 0.294514 12 0.0
0.645615 0.051321 0.344307 8 0.0
0.689948 0.050741 0.289173 8 0.0
0.738509 0.050101 0.419016 8 0.0
0.601281 0.0519 0.399442 8 0.0
0.55272 0.052541 0.269599 8 0.0
0.866067 0.173203 0.978444 11 0.0
0.852297 0.211849 0.979842 11 0.0
0.831896 0.160887 0.982343 11 0.0
0.879836 0.134557 0.977046 11 0.0
0.900237 0.185519 0.974545 11 0.0
0.130609 0.950355 0.060109 17 0.007629
0.127444 0.950492 0.076902 17 0.007629
0.092138 0.948938 0.05287 17 0.007629
0.133773 0.950217 0.043316 17 0.007629
0.16908 0.951772 0.067347 17 0.007629
0.194877 0.150223 0.260885 1 1e-06
0.198986 0.181836 0.266321 1 1e-06
0.194462 0.14471 0.293254 1 1e-06
0.190767 0.11861 0.255449 1 1e-06
0.195292 0.155735 0.228515 1 1e-06
0.017423 0.546257 0.031886 4 0.0
0.017271 0.401345 0.135262 4 0.0
0.986029 0.113252 0.153879 12 0.0
0.985296 0.12658 0.143088 12 0.0
0.987069 0.129648 0.17406 12 0.0
0.986761 0.099924 0.16467 12 0.0
0.984989 0.096856 0.133699 12 0.0
0.946304 0.945415 0.742329 17 0.0
0.224667 0.948074 0.428193 17 0.003714
0.241947 0.948611 0.426688 17 0.003714
0.225792 0.94876 0.441345 17 0.003714
0.207388 0.947537 0.429698 17 0.003714
0.223543 0.947389 0.415041 17 0.003714
0.829212 0.914555 0.230247 17 0.0
0.85216 0.913078 0.254169 17 0.0
0.785946 0.90237 0.270998 17 0.0
0.806265 0.916033 0.206325 17 0.0
0.872478 0.926741 0.189497 17 0.0
0.361352 0.053816 0.134183 8 0.0
0.185667 0.051318 0.165265 8 0.002459
0.192894 0.051134 0.147902 8 0.002459
0.131466 0.052373 0.142695 8 0.002459
0.17844 0.051501 0.182628 8 0.002459
0.239867 0.050262 0.187835 8 0.002459
0.118254 0.94935 0.10272 17 0.00648
0.088015 0.948526 0.079176 17 0.00648
0.102541 0.948518 0.122931 17 0.00648
0.148493 0.950175 0.126264 17 0.00648
0.133967 0.950183 0.082509 17 0.00648
0.84222 0.047718 0.351588 8 0.0
0.797652 0.048217 0.348742 8 0.0
0.836632 0.047559 0.439063 8 0.0
0.886788 0.047218 0.354434 8 0.0
0.847807 0.047876 0.264114 8 0.0
0.94906 0.049258 0.378182 8 2e-06
0.813542 0.162846 0.892241 11 5.2e-05
0.8307 0.198706 0.888957 11 5.2e-05
0.823019 0.160969 0.921265 11 5.2e-05
0.796384 0.126986 0.895525 11 5.2e-05
0.804065 0.164723 0.863217 11 5.2e-05
0.925042 0.775386 0.511764 12 0.0
0.90831 0.802203 0.396514 12 0.0
0.926777 0.821227 0.522178 12 0.0
0.941775 0.748569 0.627013 12 0.0
0.923308 0.729545 0.501349 12 0.0
0.479973 0.454132 0.530781 7 0.0
0.473564 0.459095 0.486778 7 0.0
0.480861 0.512473 0.537232 7 0.0
0.486382 0.449169 0.574784 7 0.0
0.479085 0.395791 0.52433 7 0.0
0.988025 0.343965 0.25646 12 0.0
0.989399 0.433688 0.264582 12 0.0
0.990624 0.339456 0.305839 12 0.0
0.986651 0.254243 0.248338 12 0.0
0.985426 0.348475 0.207081 12 0.0
0.983285 0.88704 0.904715 13 0.0
0.982432 0.908369 0.903783 13 0.0
0.982326 0.887856 0.924267 13 0.0
0.984137 0.865712 0.905647 13 0.0
0.984243 0.886225 0.885163 13 0.0
0.395946 0.145048 0.403798 7 1.1e-05
0.38973 0.169142 0.391903 7 1.1e-05
0.35652 0.126648 0.387132 7 1.1e-05
0.402162 0.120953 0.415693 7 1.1e-05
0.435372 0.163447 0.420464 7 1.1e-05
0.934343 0.059278 0.22018 8 0.0
0.916838 0.058667 0.218435 8 0.0
0.929608 0.059001 0.267771 8 0.0
0.951848 0.059889 0.221925 8 0.0
0.939078 0.059555 0.172589 8 0.0
0.681981 0.050391 0.116712 8 3.7e-05
0.743804 0.053448 0.916982 14 0.951874
0.015436 0.803449 0.09835 4 0.0
0.015754 0.84931 0.100603 4 0.0
0.015504 0.801951 0.128828 4 0.0
0.015117 0.757588 0.096097 4 0.0
0.015368 0.804946 0.067872 4 0.0
0.363223 0.051207 0.4307 8 0.0
0.809062 0.047125 0.784119 8 0.0
0.78123 0.047865 0.789091 8 0.0
0.820406 0.047558 0.847557 8 0.0
0.836894 0.046386 0.779147 8 0.0
0.797718 0.046692 0.720681 8 0.0
0.105849 0.081375 0.111831 8 3.9e-05
0.13415 0.079818 0.111876 8 3.9e-05
0.106075 0.086475 0.146911 8 3.9e-05
0.077549 0.082933 0.111787 8 3.9e-05
0.105624 0.076276 0.076752 8 3.9e-05
0.988831 0.740974 0.839236 12 0.0
0.987444 0.807741 0.849764 12 0.0
0.987823 0.734885 0.877721 12 0.0
0.990219 0.674207 0.828708 12 0.0
0.98984 0.747063 0.800751 12 0.0
0.020116 0.899531 0.061166 4 0.0
0.020608 0.91688 0.062794 4 0.0
0.021468 0.897553 0.081838 4 0.0
0.019623 0.882182 0.059539 4 0.0
0.018763 0.901509 0.040494 4 0.0
0.01562 0.060799 0.140984 4 0.360096
0.473094 0.063035 0.412099 8 5e-06
0.504429 0.179517 0.68245 6 5.9e-05
0.189586 0.596861 0.013682 5 0.0
0.164843 0.704964 0.012741 5 0.0
0.238374 0.608055 0.016771 5 0.0
0.214329 0.488758 0.014623 5 0.0
0.140797 0.585667 0.010594 5 0.0
0.483251 0.210246 0.583509 6 0.0
0.476437 0.228019 0.553377 6 0.0
0.489194 0.257995 0.610329 6 0.0
0.490065 0.192474 0.61364 6 0.0
0.477309 0.162497 0.556688 6 0.0
0.858173 0.047415 0.446438 8 0.0
0.818583 0.047762 0.447466 8 0.0
0.861109 0.048737 0.559073 8 0.0
0.897762 0.047068 0.44541 8 0.0
0.855237 0.046093 0.333803 8 0.0
0.314252 0.95089 0.427203 17 1e-06
0.314246 0.950712 0.440653 17 1e-06
0.358493 0.951291 0.427226 17 1e-06
0.314257 0.951067 0.413752 17 1e-06
0.27001 0.950488 0.42718 17 1e-06
0.989503 0.603105 0.300154 12 0.0
0.98957 0.704262 0.30773 12 0.0
0.992546 0.598155 0.366227 12 0.0
0.989437 0.501948 0.292578 12 0.0
0.986461 0.608056 0.234081 12 0.0
0.871245 0.950076 0.110907 17 0.010108
0.598803 0.052715 0.414392 8 0.0
0.627212 0.052326 0.378576 8 0.0
0.712082 0.052147 0.504249 8 0.0
0.570395 0.053104 0.450207 8 0.0
0.485525 0.053283 0.324534 8 0.0
0.856202 0.046499 0.139379 8 0.011014
0.897824 0.046857 0.142754 8 0.011014
0.854353 0.045696 0.16227 8 0.011014
0.81458 0.046141 0.136004 8 0.011014
0.858051 0.047301 0.116488 8 0.011014
0.030584 0.944283 0.193167 17 2e-06
0.035844 0.945298 0.194069 17 2e-06
0.028664 0.946292 0.202113 17 2e-06
0.025323 0.943268 0.192266 17 2e-06
0.032504 0.942274 0.184221 17 2e-06
0.247184 0.062414 0.252724 9 0.0
0.270923 0.063171 0.249979 9 0.0
0.254008 0.062261 0.311692 9 0.0
0.223445 0.061657 0.255469 9 0.0
0.24036 0.062567 0.193756 9 0.0
0.755411 0.952416 0.435551 17 0.0
0.820705 0.950841 0.417053 17 0.0
0.781089 0.950129 0.52638 17 0.0
0.690117 0.95399 0.45405 17 0.0
0.729733 0.954703 0.344722 17 0.0
0.015098 0.63654 0.108273 4 0.0
0.01592 0.733309 0.107094 4 0.0
0.015387 0.636947 0.141855 4 0.0
0.014277 0.539771 0.109453 4 0.0
0.014809 0.636133 0.074691 4 0.0
0.033552 0.059812 0.192383 4 0.073219
0.026932 0.062282 0.190936 4 0.073219
0.031641 0.059947 0.20136 4 0.073219
0.040173 0.057342 0.19383 4 0.073219
0.035464 0.059677 0.183406 4 0.073219
0.988105 0.713147 0.308898 12 0.0
0.988411 0.773884 0.354528 12 0.0
0.989575 0.67237 0.363166 12 0.0
0.987799 0.65241 0.263268 12 0.0
0.986635 0.753924 0.25463 12 0.0
0.696885 0.052864 0.623409 8 0.0
0.68979 0.051479 0.308781 8 0.0
0.605699 0.052073 0.266467 8 0.0
0.655874 0.052122 0.37619 8 0.0
0.77388 0.050884 0.351095 8 0.0
0.723705 0.050835 0.241372 8 0.0
0.802891 0.139776 0.511049 8 5.7e-05
0.81648 0.149426 0.528477 8 5.7e-05
0.75051 0.139806 0.551875 8 5.7e-05
0.789302 0.130126 0.493621 8 5.7e-05
0.855273 0.139746 0.470222 8 5.7e-05
0.016484 0.904708 0.006332 4 0.999181
0.503859 0.894734 0.671358 6 0.007261
0.505562 0.913183 0.676016 6 0.007261
0.507485 0.891168 0.684156 6 0.007261
0.502156 0.876285 0.666699 6 0.007261
0.500233 0.898301 0.658559 6 0.007261
0.934398 0.047441 0.591353 8 0.0
0.714179 0.051078 0.170271 8 0.0
0.6308 0.050884 0.167393 8 0.0
0.712953 0.050986 0.205808 8 0.0
0.797557 0.051271 0.173148 8 0.0
0.715405 0.051169 0.134733 8 0.0
0.511092 0.053359 0.668621 15 0.017603
0.882735 0.047145 0.845726 8 0.0
0.915867 0.04764 0.84302 8 0.0
0.886191 0.048327 0.888251 8 0.0
0.849603 0.046649 0.848432 8 0.0
0.879279 0.045963 0.8032 8 0.0
0.087599 0.218427 0.112784 4 1e-06
0.083796 0.252443 0.089616 4 1e-06
0.068389 0.228565 0.130822 4 1e-06
0.091402 0.184411 0.135952 4 1e-06
0.106809 0.208289 0.094746 4 1e-06
0.015765 0.202591 0.111512 4 0.0
0.015377 0.249702 0.127017 4 0.0
0.015978 0.192488 0.142212 4 0.0
0.016154 0.155479 0.096007 4 0.0
0.015553 0.212693 0.080812 4 0.0
0.53247 0.051956 0.292954 8 0.0
0.41519 0.052759 0.230273 8 0.0
0.503734 0.052226 0.346723 8 0.0
0.649749 0.051153 0.355634 8 0.0
0.561205 0.051686 0.239185 8 0.0
0.859069 0.050444 0.444762 8 0.0
0.819591 0.050677 0.443958 8 0.0
0.856764 0.049186 0.557607 8 0.0
0.898547 0.05021 0.445565 8 0.0
0.861374 0.051701 0.331917 8 0.0
0.111677 0.855463 0.181692 3 0.0
0.131798 0.881173 0.182355 3 0.0
0.088562 0.873599 0.179928 3 0.0
0.091556 0.829753 0.181029 3 0.0
0.134793 0.837327 0.183456 3 0.0
0.426603 0.052475 0.289044 8 0.0
0.347358 0.052528 0.274168 8 0.0
0.416212 0.05263 0.344396 8 0.0
0.505848 0.052421 0.30392 8 0.0
0.436994 0.052319 0.233692 8 0.0
0.625147 0.073346 0.583023 8 0.0
0.581323 0.074322 0.560833 8 0.0
0.608616 0.071993 0.615613 8 0.0
0.668972 0.07237 0.605213 8 0.0
0.641679 0.074699 0.550434 8 0.0
0.405857 0.91055 0.193758 17 0.0
0.31749 0.898503 0.165968 17 0.0
0.392104 0.911758 0.236966 17 0.0
0.494225 0.922598 0.221547 17 0.0
0.41961 0.909343 0.150549 17 0.0
0.016721 0.54691 0.113064 4 0.0
0.017455 0.548029 0.145407 4 0.0
0.016498 0.443076 0.116662 4 0.0
0.015987 0.54579 0.080721 4 0.0
0.016944 0.650743 0.109466 4 0.0
0.529538 0.667961 0.372442 6 2e-06
0.54337 0.573422 0.490614 6 2e-06
0.179508 0.777524 0.294224 1 0.0
0.179931 0.78384 0.262611 1 0.0
0.179982 0.823313 0.30338 1 0.0
0.179084 0.771207 0.325838 1 0.0
0.179033 0.731735 0.285069 1 0.0
0.284858 0.05315 0.301924 8 0.0
0.320337 0.053053 0.304701 8 0.0
0.280852 0.05325 0.35309 8 0.0
0.249378 0.053248 0.299146 8 0.0
0.288863 0.053051 0.250757 8 0.0
0.185556 0.082489 0.311179 1 0.292392
0.41659 0.052556 0.286524 8 0.0
0.500598 0.051709 0.346915 8 0.0
0.390457 0.053237 0.322887 8 0.0
0.332583 0.053403 0.226133 8 0.0
0.442724 0.051876 0.250161 8 0.0
0.660302 0.94368 0.209696 17 0.0
0.760317 0.944461 0.202274 17 0.0
0.663674 0.943505 0.255115 17 0.0
0.560288 0.942899 0.217118 17 0.0
0.65693 0.943856 0.164276 17 0.0
0.176744 0.259478 0.227758 1 0.0
0.614628 0.881476 0.7107 16 0.00075
0.649254 0.879985 0.712392 16 0.00075
0.615728 0.904366 0.708378 16 0.00075
0.580002 0.882968 0.709009 16 0.00075
0.613529 0.858586 0.713023 16 0.00075
0.982341 0.894429 0.139575 18 5.2e-05
0.982442 0.906733 0.12684 18 5.2e-05
0.982525 0.908725 0.153388 18 5.2e-05
0.98224 0.882125 0.152311 18 5.2e-05
0.982156 0.880133 0.125763 18 5.2e-05
0.568231 0.052912 0.540967 8 0.006278
0.597532 0.053342 0.533311 8 0.006278
0.581474 0.053011 0.591655 8 0.006278
0.53893 0.052482 0.548622 8 0.006278
0.554988 0.052812 0.490278 8 0.006278
0.120887 0.951073 0.015294 17 0.957512
0.944423 0.149025 0.895587 12 3e-06
0.943867 0.152705 0.907973 12 3e-06
0.941679 0.123532 0.903036 12 3e-06
0.94498 0.145346 0.8832 12 3e-06
0.947167 0.174518 0.888137 12 3e-06
0.018818 0.299986 0.190084 4 0.0
0.116839 0.243581 0.008639 10 0.0
0.117224 0.305027 0.007029 10 0.0
0.084154 0.243786 0.008629 10 0.0
0.116455 0.182136 0.01025 10 0.0
0.149525 0.243377 0.00865 10 0.0
0.171134 0.82478 0.127366 3 1e-06
0.188004 0.856499 0.137435 3 1e-06
0.126921 0.850427 0.120653 3 1e-06
0.154263 0.793062 0.117297 3 1e-06
0.215347 0.799134 0.134079 3 1e-06
0.020249 0.178008 0.017173 4 0.999701
0.739392 0.130227 0.926475 14 0.0
0.743911 0.13861 0.94779 14 0.0
0.742518 0.104884 0.935779 14 0.0
0.734873 0.121844 0.90516 14 0.0
0.736266 0.15557 0.91717 14 0.0
0.611859 0.051268 0.201915 8 0.0
0.497601 0.051522 0.196234 8 0.0
0.609511 0.051617 0.249147 8 0.0
0.726116 0.051014 0.207597 8 0.0
0.614206 0.050919 0.154683 8 0.0
0.986442 0.917333 0.296482 13 0.0
0.419705 0.953403 0.115042 17 1e-06
0.278628 0.109532 0.313182 8 0.0
0.303353 0.119163 0.325642 8 0.0
0.258512 0.098978 0.361254 8 0.0
0.253903 0.0999 0.300721 8 0.0
0.298744 0.120085 0.265109 8 0.0
0.243934 0.051536 0.141986 8 0.0
0.232073 0.052747 0.172139 8 0.0
0.314639 0.051107 0.169813 8 0.0
0.255794 0.050325 0.111832 8 0.0
0.173229 0.051965 0.114158 8 0.0
0.21121 0.102832 0.466374 2 0.0
0.21308 0.120315 0.466882 2 0.0
0.223442 0.101506 0.466965 2 0.0
0.209339 0.085348 0.465867 2 0.0
0.198977 0.104157 0.465784 2 0.0
0.421522 0.955583 0.23093 17 0.0
0.32888 0.952947 0.181621 17 0.0
0.398795 0.955561 0.273629 17 0.0
0.514164 0.958219 0.280239 17 0.0
0.444248 0.955605 0.188231 17 0.0
0.9368 0.04835 0.324865 8 0.0
0.929426 0.16952 0.325554 12 0.0
0.930143 0.147274 0.245217 12 0.0
0.929874 0.199872 0.317153 12 0.0
0.928709 0.191766 0.405891 12 0.0
0.928978 0.139168 0.333955 12 0.0
0.367847 0.051877 0.259999 8 0.0
0.416736 0.051223 0.229896 8 0.0
0.402414 0.051714 0.316139 8 0.0
0.318959 0.052531 0.290103 8 0.0
0.33328 0.05204 0.203859 8 0.0
0.50095 0.684912 0.084859 5 0.0
0.364348 0.683303 0.07603 5 0.0
0.499436 0.769113 0.092947 5 0.0
0.637553 0.686521 0.093689 5 0.0
0.502465 0.60071 0.076772 5 0.0
0.926074 0.078622 0.971645 11 0.0
0.927629 0.088087 0.970723 11 0.0
0.907956 0.081878 0.974521 11 0.0
0.92452 0.069158 0.972567 11 0.0
0.944193 0.075366 0.96877 11 0.0
0.140101 0.929256 0.215591 3 0.0
0.120706 0.928968 0.213978 3 0.0
0.140158 0.921211 0.216337 3 0.0
0.159496 0.929544 0.217204 3 0.0
0.140044 0.937301 0.214845 3 0.0
0.425729 0.272217 0.363797 2 4e-06
0.481659 0.317604 0.340403 2 4e-06
0.395703 0.308508 0.362422 2 4e-06
0.369798 0.226829 0.387191 2 4e-06
0.455754 0.235925 0.365172 2 4e-06
0.848694 0.890825 0.483918 17 0.0
0.176947 0.884215 0.374362 1 2e-06
0.177241 0.903976 0.36925 1 2e-06
0.176711 0.891611 0.402937 1 2e-06
0.176653 0.864454 0.379474 1 2e-06
0.177183 0.876819 0.345787 1 2e-06
0.025127 0.076037 0.037899 4 1e-06
0.024234 0.086023 0.03819 4 1e-06
0.025978 0.075741 0.050665 4 1e-06
0.026019 0.066051 0.037608 4 1e-06
0.024276 0.076333 0.025132 4 1e-06
0.373832 0.815963 0.336985 2 0.004752
0.466058 0.495509 0.443379 6 0.999938
0.980706 0.058716 0.936163 13 0.0
0.278392 0.050877 0.152586 8 0.0
0.344369 0.051421 0.179103 8 0.0
0.267425 0.05169 0.179858 8 0.0
0.212416 0.050332 0.126069 8 0.0
0.28936 0.050063 0.125313 8 0.0
0.984225 0.156744 0.097098 18 0.029708
0.947553 0.754157 0.89129 13 2e-06
0.948114 0.766113 0.867031 13 2e-06
0.946393 0.771192 0.899659 13 2e-06
0.946992 0.742201 0.915548 13 2e-06
0.948713 0.737122 0.882921 13 2e-06
0.170496 0.796522 0.157562 3 0.0
0.153432 0.833371 0.15405 3 0.0
0.212036 0.815784 0.157827 3 0.0
0.187561 0.759673 0.161073 3 0.0
0.128957 0.77726 0.157296 3 0.0
0.016311 0.070973 0.132584 4 0.033219
0.72703 0.884289 0.217261 17 2e-06
0.667117 0.88797 0.21429 17 2e-06
0.723925 0.871121 0.263538 17 2e-06
0.786942 0.880608 0.220233 17 2e-06
0.730134 0.897456 0.170985 17 2e-06
0.016027 0.255277 0.136259 4 0.0
0.015357 0.319104 0.135573 4 0.0
0.016243 0.255561 0.162491 4 0.0
0.016698 0.19145 0.136945 4 0.0
0.015811 0.254993 0.110027 4 0.0
0.388066 0.10297 0.243647 8 0.0
0.328477 0.108399 0.215134 8 0.0
0.361363 0.108002 0.300411 8 0.0
0.447654 0.097542 0.272161 8 0.0
0.414768 0.097939 0.186884 8 0.0
0.97898 0.940641 0.953945 17 0.007598
0.97953 0.943742 0.952137 17 0.007598
0.97881 0.943323 0.958491 17 0.007598
0.978431 0.93754 0.955754 17 0.007598
0.979151 0.93796 0.949399 17 0.007598
0.78664 0.049254 0.617724 8 0.0
0.819731 0.048839 0.602456 8 0.0
0.836466 0.049202 0.725716 8 0.0
0.753548 0.049669 0.632993 8 0.0
0.736814 0.049306 0.509733 8 0.0
0.519919 0.054057 0.28136 8 0.0
0.497132 0.054832 0.324854 8 0.0
0.648476 0.054202 0.34871 8 0.0
0.542707 0.053283 0.237865 8 0.0
0.391362 0.053913 0.214009 8 0.0
0.040854 0.210296 0.109425 4 0.996759
0.038715 0.220774 0.080036 4 0.996759
0.052674 0.266114 0.128465 4 0.996759
0.042994 0.199819 0.138813 4 0.996759
0.029035 0.154479 0.090385 4 0.996759
0.607374 0.051448 0.144295 8 0.0
0.639313 0.050891 0.200362 8 0.0
0.629601 0.051677 0.24255 8 0.0
0.747569 0.050732 0.225287 8 0.0
0.649025 0.050106 0.158174 8 0.0
0.531056 0.051051 0.175437 8 0.0
0.269213 0.784553 0.108765 5 0.0
0.342682 0.782957 0.08715 5 0.0
0.267666 0.745123 0.106419 5 0.0
0.195744 0.786149 0.13038 5 0.0
0.27076 0.823983 0.11111 5 0.0
0.067651 0.343927 0.084289 4 0.03741
0.054198 0.391833 0.099717 4 0.03741
0.076928 0.340319 0.10358 4 0.03741
0.081104 0.29602 0.06886 4 0.03741
0.058374 0.347534 0.064997 4 0.03741
0.864481 0.051143 0.917639 8 0.0
0.825297 0.051199 0.92429 8 0.0
0.868255 0.052427 0.939861 8 0.0
0.903665 0.051086 0.910987 8 0.0
0.860707 0.049858 0.895416 8 0.0
0.481999 0.331778 0.563986 7 0.0
0.474346 0.335821 0.520481 7 0.0
0.483957 0.423239 0.572143 7 0.0
0.489652 0.327734 0.607491 7 0.0
0.480042 0.240316 0.555829 7 0.0
0.490504 0.052014 0.327392 8 0.0
0.392677 0.052377 0.2985 8 0.0
0.477021 0.052037 0.373046 8 0.0
0.588332 0.051651 0.356283 8 0.0
0.503987 0.051991 0.281738 8 0.0
0.988859 0.827879 0.220148 12 0.0
0.987253 0.861512 0.204609 12 0.0
0.989719 0.846715 0.260829 12 0.0
0.990464 0.794245 0.235688 12 0.0
0.987998 0.809042 0.179468 12 0.0
0.176074 0.853063 0.392798 1 0.0
0.176336 0.883716 0.394329 1 0.0
0.176483 0.851873 0.416544 1 0.0
0.175813 0.822409 0.391266 1 0.0
0.175665 0.854252 0.369051 1 0.0
0.828861 0.047368 0.557809 8 0.0
0.782497 0.047334 0.563531 8 0.0
0.844598 0.04828 0.685312 8 0.0
0.875226 0.047403 0.552086 8 0.0
0.813124 0.046457 0.430305 8 0.0
0.587392 0.051602 0.258573 8 0.0
0.4684 0.051509 0.212127 8 0.0
0.56707 0.051973 0.310637 8 0.0
0.706384 0.051695 0.305019 8 0.0
0.607715 0.051232 0.20651 8 0.0
0.83333 0.07493 0.826895 8 0.0
0.802126 0.074974 0.820745 8 0.0
0.823097 0.071984 0.878788 8 0.0
0.864535 0.074885 0.833046 8 0.0
0.843563 0.077876 0.775003 8 0.0
0.866281 0.119594 0.385016 8 3e-06
0.830807 0.119236 0.38178 8 3e-06
0.856877 0.101835 0.490074 8 3e-06
0.901754 0.119952 0.388252 8 3e-06
0.890344 0.938047 0.570716 17 0.0
0.138967 0.112976 0.216072 3 0.0
0.132076 0.132458 0.21623 3 0.0
0.155187 0.118709 0.216616 3 0.0
0.145857 0.093495 0.215914 3 0.0
0.122746 0.107243 0.215527 3 0.0
0.638782 0.052376 0.463465 8 0.0
0.666407 0.052247 0.43429 8 0.0
0.707089 0.051787 0.528147 8 0.0
0.611156 0.052505 0.49264 8 0.0
0.570475 0.052965 0.398783 8 0.0
0.262919 0.907901 0.132004 17 0.97869
0.627465 0.052069 0.381792 8 0.0
0.667562 0.052 0.33923 8 0.0
0.731303 0.050895 0.479614 8 0.0
0.587369 0.052138 0.424355 8 0.0
0.523628 0.053244 0.283971 8 0.0
0.220214 0.947388 0.41962 17 0.008095
0.223853 0.94775 0.403605 17 0.008095
0.235783 0.948237 0.423177 17 0.008095
0.216575 0.947026 0.435634 17 0.008095
0.204644 0.946539 0.416062 17 0.008095
0.040329 0.946087 0.107317 17 4e-06
0.486575 0.050931 0.358725 8 0.0
0.408092 0.050822 0.330389 8 0.0
0.473847 0.05082 0.393977 8 0.0
0.565057 0.05104 0.387061 8 0.0
0.499302 0.051043 0.323473 8 0.0
0.239671 0.109626 0.28361 2 0.0
0.233837 0.10518 0.333362 2 0.0
0.219979 0.092546 0.279775 2 0.0
0.245504 0.114072 0.233858 2 0.0
0.259362 0.126706 0.287445 2 0.0
0.91171 0.682211 0.976168 11 0.0
0.838521 0.949152 0.492357 17 0.0
0.885136 0.948378 0.491382 17 0.0
0.841209 0.948866 0.620998 17 0.0
0.791906 0.949927 0.493333 17 0.0
0.835833 0.949438 0.363716 17 0.0
0.882876 0.948106 0.166989 17 0.0
0.852905 0.947636 0.186757 17 0.0
0.896741 0.947475 0.187994 17 0.0
0.912847 0.948576 0.147221 17 0.0
0.869012 0.948737 0.145984 17 0.0
0.783063 0.04958 0.719137 8 0.0
0.015423 0.257486 0.108351 4 0.0
0.015257 0.263974 0.140032 4 0.0
0.015798 0.194087 0.121337 4 0.0
0.015589 0.250998 0.07667 4 0.0
0.015048 0.320886 0.095365 4 0.0
0.662569 0.952489 0.091318 17 0.221316
0.205534 0.051033 0.122264 8 0.000285
0.266425 0.049692 0.134862 8 0.000285
0.198911 0.051724 0.154348 8 0.000285
0.144643 0.052375 0.109666 8 0.000285
0.212157 0.050343 0.09018 8 0.000285
0.373675 0.855135 0.255966 17 0.0
0.414201 0.861799 0.291015 17 0.0
0.327141 0.833418 0.313901 17 0.0
0.333148 0.848472 0.220918 17 0.0
0.420208 0.876852 0.198031 17 0.0
0.885429 0.888346 0.507097 17 6.5e-05
0.017077 0.601608 0.054475 4 0.0
0.92954 0.048833 0.86765 8 0.0
0.910592 0.048382 0.869484 8 0.0
0.932844 0.050416 0.902175 8 0.0
0.948488 0.049285 0.865816 8 0.0
0.926236 0.047251 0.833125 8 0.0
0.177334 0.887136 0.406673 1 2.2e-05
0.177797 0.897076 0.391203 1 2.2e-05
0.178341 0.905134 0.418268 1 2.2e-05
0.176872 0.877195 0.422142 1 2.2e-05
0.176328 0.869137 0.395077 1 2.2e-05
0.306529 0.952371 0.213535 17 0.0
0.287313 0.951258 0.239007 17 0.0
0.385241 0.95298 0.272944 17 0.0
0.325746 0.953484 0.188063 17 0.0
0.227817 0.951762 0.154127 17 0.0
0.984666 0.895761 0.139307 18 1e-06
0.984665 0.90557 0.155155 18 1e-06
0.984942 0.880146 0.148972 18 1e-06
0.984666 0.885951 0.123459 18 1e-06
0.98439 0.911375 0.129642 18 1e-06
0.784464 0.048787 0.422256 8 0.0
0.843123 0.04772 0.411242 8 0.0
0.804898 0.04866 0.531097 8 0.0
0.725805 0.049855 0.43327 8 0.0
0.76403 0.048915 0.313415 8 0.0
0.347385 0.95436 0.291533 17 0.0
0.29542 0.951935 0.295779 17 0.0
0.352059 0.951943 0.34737 17 0.0
0.399349 0.956785 0.287288 17 0.0
0.34271 0.956778 0.235696 17 0.0
0.802323 0.113711 0.987705 11 0.0
0.808276 0.13452 0.985476 11 0.0
0.786281 0.118539 0.989926 11 0.0
0.796369 0.092903 0.989935 11 0.0
0.818364 0.108884 0.985485 11 0.0
0.395731 0.745293 0.398474 2 0.0
0.343717 0.771418 0.394865 2 0.0
0.425716 0.80614 0.406799 2 0.0
0.447745 0.719167 0.402083 2 0.0
0.365746 0.684445 0.39015 2 0.0
0.98615 0.86593 0.876483 13 0.0
0.985713 0.889926 0.864124 13 0.0
0.985448 0.879026 0.901935 13 0.0
0.986586 0.841933 0.888843 13 0.0
0.986852 0.852833 0.851032 13 0.0
0.495262 0.953269 0.198139 17 0.0
0.271608 0.049958 0.092442 8 6e-06
0.016224 0.875671 0.211851 4 0.999881
0.95781 0.824439 0.96652 11 1e-06
0.358104 0.051509 0.197811 8 0.0
0.345863 0.05178 0.222947 8 0.0
0.431699 0.051529 0.233653 8 0.0
0.370346 0.051238 0.172675 8 0.0
0.28451 0.051489 0.161969 8 0.0
0.190421 0.052001 0.204901 8 3e-06
0.866024 0.048473 0.522512 8 0.0
0.750327 0.953729 0.304425 17 0.0
0.685966 0.955195 0.337819 17 0.0
0.784916 0.953956 0.371079 17 0.0
0.814688 0.952262 0.271031 17 0.0
0.715738 0.953501 0.237771 17 0.0
0.084786 0.051537 0.089661 8 0.004273
0.063104 0.051886 0.097379 8 0.004273
0.094419 0.052772 0.116667 8 0.004273
0.106468 0.051187 0.081943 8 0.004273
0.075154 0.050301 0.062655 8 0.004273
0.517878 0.051745 0.171447 8 0.0
0.068436 0.104006 0.113085 4 2e-06
0.085568 0.119739 0.1131 4 2e-06
0.067756 0.104713 0.147404 4 2e-06
0.051303 0.088274 0.11307 4 2e-06
0.069115 0.103299 0.078766 4 2e-06
0.861033 0.078953 0.450963 8 0.0
0.823854 0.081194 0.454995 8 0.0
0.873007 0.069362 0.56668 8 0.0
0.898211 0.076712 0.44693 8 0.0
0.104623 0.949489 0.029123 17 0.033182
0.019066 0.918926 0.106741 4 2e-06
0.018908 0.929475 0.106438 4 2e-06
0.019053 0.919932 0.141762 4 2e-06
0.019223 0.908377 0.107044 4 2e-06
0.019079 0.917919 0.07172 4 2e-06
0.01601 0.200451 0.110497 4 0.0
0.015593 0.247666 0.121971 4 0.0
0.01673 0.192738 0.142263 4 0.0
0.016426 0.153236 0.099023 4 0.0
0.01529 0.208164 0.078731 4 0.0
0.547169 0.952819 0.321524 17 0.0
0.4233 0.952396 0.245136 17 0.0
0.51828 0.952921 0.368369 17 0.0
0.671038 0.953242 0.397911 17 0.0
0.576058 0.952717 0.274678 17 0.0
0.177576 0.63614 0.298613 1 0.0
0.869674 0.046904 0.189713 8 0.0
0.850107 0.046183 0.222295 8 0.0
0.90181 0.046845 0.209012 8 0.0
0.889241 0.047624 0.157131 8 0.0
0.837537 0.046962 0.170415 8 0.0
0.604529 0.053037 0.657431 8 0.0
0.605564 0.053985 0.641863 8 0.0
0.57066 0.053348 0.655197 8 0.0
0.603494 0.05209 0.672998 8 0.0
0.638397 0.052726 0.659664 8 0.0
0.01725 0.454239 0.152689 4 0.0
0.018907 0.519123 0.154203 4 0.0
0.017753 0.453713 0.174647 4 0.0
0.015593 0.389354 0.151174 4 0.0
0.016747 0.454764 0.13073 4 0.0
0.540239 0.123676 0.226313 9 0.0
0.194176 0.157326 0.166946 1 2.8e-05
0.193348 0.178114 0.152431 1 2.8e-05
0.200331 0.185541 0.207003 1 2.8e-05
0.195005 0.136538 0.181462 1 2.8e-05
0.188021 0.129112 0.12689 1 2.8e-05
0.035566 0.05276 0.104093 8 0.0
0.014213 0.721157 0.023682 4 0.0
0.550625 0.946428 0.305604 17 0.0
0.579551 0.94762 0.25223 17 0.0
0.675934 0.945957 0.373504 17 0.0
0.521699 0.945237 0.358978 17 0.0
0.425316 0.946899 0.237704 17 0.0
0.687279 0.814078 0.718205 16 0.000217
0.674791 0.813089 0.711722 16 0.000217
0.68858 0.847921 0.710539 16 0.000217
0.699766 0.815066 0.724688 16 0.000217
0.685977 0.780234 0.72587 16 0.000217
0.462081 0.058949 0.19253 8 0.0
0.351804 0.057448 0.166825 8 0.0
0.45144 0.059811 0.23813 8 0.0
0.572358 0.060451 0.218234 8 0.0
0.472722 0.058088 0.14693 8 0.0
0.979396 0.664496 0.476539 12 0.0
0.980309 0.699363 0.381599 12 0.0
0.979209 0.746089 0.506502 12 0.0
0.978483 0.629629 0.571478 12 0.0
0.979583 0.582904 0.446575 12 0.0
0.105803 0.089634 0.216953 3 0.0
0.107532 0.102166 0.217387 3 0.0
0.133509 0.085796 0.217406 3 0.0
0.104074 0.077101 0.216519 3 0.0
0.078097 0.093471 0.216499 3 0.0
0.016484 0.801505 0.032893 4 0.0
0.984518 0.078966 0.265971 12 0.0
0.312601 0.953164 0.148066 17 0.0
0.220115 0.951735 0.123793 17 0.0
0.303625 0.953496 0.182247 17 0.0
0.405086 0.954593 0.172338 17 0.0
0.321577 0.952832 0.113885 17 0.0
0.017157 0.791984 0.018506 4 0.025223
0.698235 0.907677 0.37156 17 0.0
0.651838 0.910024 0.418721 17 0.0
0.773297 0.91883 0.444852 17 0.0
0.744632 0.90533 0.3244 17 0.0
0.623174 0.896524 0.298268 17 0.0
0.231082 0.186787 0.256172 1 0.0
0.236809 0.226616 0.263234 1 0.0
0.230258 0.175302 0.321607 1 0.0
0.225354 0.146958 0.249109 1 0.0
0.231905 0.198272 0.190737 1 0.0
0.240926 0.098753 0.46819 2 0.0
0.262315 0.104212 0.470007 2 0.0
0.244752 0.083849 0.467915 2 0.0
0.219536 0.093295 0.466373 2 0.0
0.237099 0.113658 0.468464 2 0.0
0.982735 0.127592 0.108457 18 0.001011
0.982438 0.128484 0.099051 18 0.001011
0.984893 0.155517 0.111037 18 0.001011
0.983033 0.1267 0.117862 18 0.001011
0.980578 0.099667 0.105877 18 0.001011
0.56728 0.949336 0.629186 17 0.003772
0.584467 0.949113 0.650215 17 0.003772
0.549371 0.948635 0.643816 17 0.003772
0.550092 0.949559 0.608158 17 0.003772
0.585188 0.950037 0.614557 17 0.003772
0.980007 0.272833 0.945591 13 0.0
0.912956 0.049743 0.904423 8 0.0
0.894347 0.049018 0.88732 8 0.0
0.897073 0.050174 0.921688 8 0.0
0.931565 0.050468 0.921526 8 0.0
0.92884 0.049313 0.887159 8 0.0
0.262738 0.053993 0.389312 8 2e-06
0.234635 0.054576 0.38455 8 2e-06
0.258633 0.05356 0.413482 8 2e-06
0.290841 0.053411 0.394075 8 2e-06
0.266843 0.054427 0.365143 8 2e-06
0.85694 0.049408 0.746325 8 0.0
0.819927 0.049948 0.754579 8 0.0
0.873049 0.051264 0.818442 8 0.0
0.893953 0.048867 0.738071 8 0.0
0.840831 0.047551 0.674207 8 0.0
0.015534 0.060564 0.047088 4 0.994683
0.015035 0.065689 0.046932 4 0.994683
0.017136 0.061077 0.058809 4 0.994683
0.016033 0.05544 0.047244 4 0.994683
0.013932 0.060051 0.035366 4 0.994683
0.177263 0.806379 0.233946 1 0.058606
0.391826 0.076117 0.236431 9 0.0
0.333593 0.077186 0.187465 9 0.0
0.351656 0.073867 0.284154 9 0.0
0.450058 0.075048 0.285397 9 0.0
0.431996 0.078367 0.188709 9 0.0
0.913934 0.947066 0.803822 17 0.0
0.936525 0.946725 0.805073 17 0.0
0.910839 0.945367 0.859225 17 0.0
0.891344 0.947408 0.80257 17 0.0
0.91703 0.948766 0.748418 17 0.0
0.341948 0.952544 0.235941 17 0.0
0.289679 0.951435 0.244942 17 0.0
0.352931 0.953023 0.299784 17 0.0
0.394217 0.953653 0.226941 17 0.0
0.330964 0.952065 0.172099 17 0.0
0.01667 0.745186 0.10684 4 0.0
0.017232 0.760696 0.082394 4 0.0
0.017135 0.782268 0.130377 4 0.0
0.016108 0.729677 0.131285 4 0.0
0.016205 0.708104 0.083303 4 0.0
0.721473 0.050718 0.40127 8 0.0
0.803679 0.0502 0.406836 8 0.0
0.714985 0.051663 0.497177 8 0.0
0.639266 0.051236 0.395704 8 0.0
0.72796 0.049774 0.305364 8 0.0
0.447252 0.611013 0.03733 5 0.0
0.578607 0.587769 0.045094 5 0.0
0.430056 0.512887 0.034488 5 0.0
0.315897 0.634258 0.029567 5 0.0
0.464448 0.709139 0.040172 5 0.0
0.936539 0.048973 0.540923 8 0.0
0.015301 0.292081 0.110247 4 0.0
0.014892 0.368837 0.121019 4 0.0
0.015739 0.287524 0.142735 4 0.0
0.01571 0.215325 0.099476 4 0.0
0.014863 0.296638 0.07776 4 0.0
0.172672 0.070333 0.274223 1 0.140677
0.443812 0.059099 0.353194 8 0.0
0.457426 0.058563 0.321231 8 0.0
0.525178 0.058391 0.387863 8 0.0
0.430198 0.059634 0.385157 8 0.0
0.362446 0.059807 0.318525 8 0.0
0.771001 0.79549 0.743129 14 8.6e-05
0.771213 0.83864 0.743408 14 8.6e-05
0.794967 0.794903 0.815819 14 8.6e-05
0.770789 0.75234 0.74285 14 8.6e-05
0.747035 0.796077 0.670438 14 8.6e-05
0.787163 0.952559 0.394252 17 0.0
0.848509 0.950955 0.386638 17 0.0
0.799665 0.95231 0.495028 17 0.0
0.725817 0.954162 0.401866 17 0.0
0.774661 0.952808 0.293476 17 0.0
0.835261 0.915853 0.697074 17 0.0
0.873515 0.915438 0.689528 17 0.0
0.851983 0.907857 0.782291 17 0.0
0.797006 0.916269 0.704619 17 0.0
0.818538 0.923849 0.611856 17 0.0
0.761645 0.047971 0.779549 8 0.0
0.013885 0.676406 0.026697 4 0.001411
0.015263 0.468741 0.040807 4 0.0
0.494247 0.906501 0.634929 6 1.1e-05
0.500435 0.906122 0.659674 6 1.1e-05
0.493974 0.891499 0.634768 6 1.1e-05
0.48806 0.906881 0.610184 6 1.1e-05
0.49452 0.921503 0.635091 6 1.1e-05
0.173313 0.057123 0.345526 1 0.852773
0.988362 0.798428 0.249311 12 0.0
0.98714 0.836598 0.226295 12 0.0
0.988899 0.826643 0.296075 12 0.0
0.989583 0.760257 0.272326 12 0.0
0.987824 0.770213 0.202546 12 0.0
0.646994 0.951103 0.679074 17 3e-06
0.194645 0.887964 0.01962 5 0.0
0.196223 0.908692 0.019884 5 0.0
0.138229 0.892304 0.015909 5 0.0
0.193068 0.867236 0.019356 5 0.0
0.251061 0.883624 0.023331 5 0.0
0.017264 0.764369 0.163938 4 0.0
0.989401 0.282694 0.725667 12 0.0
0.990631 0.353874 0.744402 12 0.0
0.987231 0.263555 0.798528 12 0.0
0.98817 0.211514 0.706933 12 0.0
0.991571 0.301833 0.652807 12 0.0
0.782417 0.05933 0.991323 11 0.432218
0.782312 0.062368 0.990795 11 0.432218
0.786068 0.059398 0.990987 11 0.432218
0.782522 0.056292 0.991851 11 0.432218
0.778766 0.059262 0.99166 11 0.432218
0.176675 0.762459 0.2426 1 0.0
0.015109 0.085781 0.070694 4 0.0
0.015616 0.082402 0.046445 4 0.0
0.014391 0.098748 0.068872 4 0.0
0.014601 0.08916 0.094943 4 0.0
0.015826 0.072814 0.072516 4 0.0
0.016133 0.573375 0.045222 4 0.0
0.981072 0.068744 0.923328 13 0.0
0.980083 0.071258 0.937409 13 0.0
0.981588 0.061915 0.924584 13 0.0
0.982061 0.06623 0.909248 13 0.0
0.980556 0.075574 0.922073 13 0.0
0.04369 0.929542 0.207005 17 0.999949
0.041769 0.932717 0.210824 17 0.999949
0.034789 0.921134 0.20952 17 0.999949
0.04561 0.926366 0.203186 17 0.999949
0.05259 0.937949 0.204489 17 0.999949
0.858433 0.950727 0.431839 17 0.0
0.81872 0.951579 0.430411 17 0.0
0.85449 0.949922 0.541031 17 0.0
0.898146 0.949876 0.433266 17 0.0
0.862376 0.951532 0.322646 17 0.0
0.178422 0.290443 0.32749 1 0.0
0.179171 0.352537 0.318366 1 0.0
0.177395 0.29614 0.366175 1 0.0
0.177673 0.228349 0.336614 1 0.0
0.179449 0.284746 0.288805 1 0.0
0.964474 0.178379 0.964901 11 0.011061
0.016221 0.408667 0.109599 4 0.0
0.176733 0.843943 0.257653 1 0.0
0.178379 0.848431 0.277396 1 0.0
0.17706 0.809636 0.265426 1 0.0
0.175087 0.839454 0.23791 1 0.0
0.176406 0.878249 0.249881 1 0.0
0.984954 0.261426 0.104407 18 0.000812
0.037057 0.857822 0.216605 3 0.010907
0.01437 0.797355 0.008265 4 0.988537
0.988793 0.120527 0.592594 12 0.0
0.020121 0.817455 0.205792 4 0.87287
0.986861 0.142993 0.190166 12 0.0
0.986782 0.16157 0.176301 12 0.0
0.987516 0.165558 0.220397 12 0.0
0.986941 0.124416 0.20403 12 0.0
0.986207 0.120428 0.159935 12 0.0
0.907916 0.946559 0.875131 17 0.0
0.88305 0.946736 0.879996 17 0.0
0.914066 0.946076 0.906581 17 0.0
0.932782 0.946382 0.870266 17 0.0
0.901766 0.947043 0.84368 17 0.0
0.987135 0.775363 0.818007 12 0.0
0.986731 0.8306 0.804709 12 0.0
0.98623 0.78605 0.862427 12 0.0
0.98754 0.720125 0.831305 12 0.0
0.98804 0.764676 0.773588 12 0.0
0.012672 0.6999 0.041248 4 0.0
0.960808 0.946769 0.170068 17 0.0
0.951331 0.946361 0.169908 17 0.0
0.960225 0.948129 0.20101 17 0.0
0.970285 0.947178 0.170229 17 0.0
0.961391 0.94541 0.139126 17 0.0
0.015527 0.630951 0.110189 4 0.0
0.015564 0.72743 0.114268 4 0.0
0.015922 0.629505 0.144367 4 0.0
0.015491 0.534471 0.10611 4 0.0
0.015133 0.632396 0.076012 4 0.0
0.576993 0.641196 0.721054 16 0.010352
0.884532 0.077761 0.978116 11 0.0
0.883496 0.087551 0.978052 11 0.0
0.853653 0.074519 0.981819 11 0.0
0.885568 0.067972 0.97818 11 0.0
0.915411 0.081004 0.974413 11 0.0
0.016081 0.203264 0.138546 4 0.0
0.016284 0.251263 0.133064 4 0.0
0.016297 0.206132 0.163663 4 0.0
0.015878 0.155265 0.144029 4 0.0
0.015865 0.200396 0.11343 4 0.0
0.017217 0.345257 0.11019 4 0.0
0.0166 0.437831 0.11878 4 0.0
0.017586 0.342177 0.143413 4 0.0
0.017833 0.252683 0.101601 4 0.0
0.016847 0.348337 0.076968 4 0.0
0.955581 0.227089 0.078628 10 0.005371
0.89325 0.053277 0.979752 11 0.999625
0.171388 0.191226 0.214449 3 0.998059
0.925412 0.730289 0.973936 11 0.0
0.015509 0.2958 0.11028 4 0.0
0.015268 0.302138 0.140544 4 0.0
0.016655 0.219442 0.12628 4 0.0
0.015751 0.289463 0.080016 4 0.0
0.014364 0.372159 0.094281 4 0.0
0.243306 0.051049 0.143525 8 3e-06
0.314476 0.050586 0.174235 8 3e-06
0.23051 0.05152 0.173188 8 3e-06
0.172137 0.051511 0.112815 8 3e-06
0.256103 0.050577 0.113861 8 3e-06
0.01761 0.774121 0.168895 4 0.0
0.982807 0.911062 0.905481 13 0.0
0.983092 0.924548 0.902457 13 0.0
0.980935 0.915463 0.924936 13 0.0
0.982521 0.897575 0.908505 13 0.0
0.984678 0.90666 0.886026 13 0.0
0.021604 0.053303 0.14921 4 0.108543
0.015378 0.945901 0.055459 4 0.999976
0.938575 0.771115 0.970961 11 0.0
0.618071 0.053224 0.63033 8 0.0
0.61878 0.053636 0.605971 8 0.0
0.577467 0.053281 0.629149 8 0.0
0.617361 0.052812 0.65469 8 0.0
0.658674 0.053166 0.631512 8 0.0
0.01642 0.495667 0.11156 4 0.0
0.16389 0.261908 0.212207 3 0.067124
0.850954 0.242811 0.066195 10 0.0
0.835086 0.301577 0.063502 10 0.0
0.890087 0.253579 0.070584 10 0.0
0.866821 0.184046 0.068887 10 0.0
0.81182 0.232044 0.061805 10 0.0
0.987019 0.423432 0.329699 12 0.0
0.987839 0.538854 0.319906 12 0.0
0.987189 0.429678 0.403333 12 0.0
0.986198 0.30801 0.339493 12 0.0
0.986849 0.417185 0.256066 12 0.0
0.330933 0.204035 0.473789 2 0.0
0.291248 0.233036 0.471851 2 0.0
0.357999 0.241291 0.477067 2 0.0
0.370617 0.175034 0.475727 2 0.0
0.303866 0.166779 0.470511 2 0.0
0.016004 0.614594 0.109278 4 0.0
0.015464 0.687273 0.093838 4 0.0
0.015942 0.62087 0.138825 4 0.0
0.016543 0.541915 0.124719 4 0.0
0.016065 0.608317 0.079732 4 0.0
0.0199 0.533368 0.197607 4 9e-06
0.987344 0.722413 0.739361 12 0.0
0.98668 0.78031 0.780609 12 0.0
0.986856 0.681132 0.797296 12 0.0
0.988008 0.664517 0.698112 12 0.0
0.987832 0.763695 0.681425 12 0.0
0.302691 0.739144 0.024653 5 0.0
0.286769 0.803154 0.025354 5 0.0
0.215289 0.717475 0.018179 5 0.0
0.318612 0.675134 0.023951 5 0.0
0.390092 0.760813 0.031127 5 0.0
0.912509 0.050177 0.976042 11 0.999999
0.190336 0.436311 0.308259 1 0.0
0.187834 0.552768 0.309713 1 0.0
0.191208 0.435825 0.34864 1 0.0
0.192837 0.319854 0.306805 1 0.0
0.189463 0.436796 0.267878 1 0.0
0.956065 0.947533 0.126839 17 3.6e-05
0.945271 0.946602 0.128102 17 3.6e-05
0.958034 0.946943 0.143233 17 3.6e-05
0.96686 0.948463 0.125576 17 3.6e-05
0.954097 0.948123 0.110446 17 3.6e-05
0.014017 0.433272 0.085152 4 0.0
0.336448 0.874953 0.467092 2 0.0
0.333761 0.899053 0.466659 2 0.0
0.386556 0.88054 0.467153 2 0.0
0.339134 0.850854 0.467525 2 0.0
0.286339 0.869367 0.467032 2 0.0
0.473637 0.403419 0.463111 7 0.99999
0.01493 0.489163 0.067202 4 0.0
0.408263 0.572327 0.030233 5 0.0
0.453611 0.680914 0.035944 5 0.0
0.298521 0.618511 0.023483 5 0.0
0.362915 0.463739 0.024521 5 0.0
0.8603 0.948344 0.853293 17 0.0
0.897732 0.948428 0.84302 17 0.0
0.870945 0.947348 0.892072 17 0.0
0.822869 0.94826 0.863565 17 0.0
0.849655 0.949339 0.814513 17 0.0
0.181791 0.290829 0.251633 1 0.0
0.339795 0.116139 0.472288 2 0.0
0.33946 0.137281 0.474056 2 0.0
0.389141 0.116719 0.474713 2 0.0
0.34013 0.094997 0.470519 2 0.0
0.290449 0.11556 0.469862 2 0.0
0.190894 0.793832 0.018005 5 0.0
0.137002 0.792641 0.014322 5 0.0
0.192124 0.743532 0.016281 5 0.0
0.244786 0.795023 0.021689 5 0.0
0.189665 0.844132 0.019729 5 0.0
0.179912 0.911431 0.39034 1 0.008902
0.180655 0.923825 0.388329 1 0.008902
0.181067 0.915427 0.415387 1 0.008902
0.179169 0.899037 0.392352 1 0.008902
0.178758 0.907435 0.365293 1 0.008902
0.518239 0.520969 0.036585 10 0.0
0.65397 0.425256 0.047683 10 0.0
0.73086 0.572548 0.057686 10 0.0
0.990444 0.631934 0.708511 12 0.0
0.989024 0.732485 0.718066 12 0.0
0.989036 0.624372 0.787883 12 0.0
0.991865 0.531383 0.698957 12 0.0
0.991853 0.639496 0.62914 12 0.0
0.964733 0.143409 0.827856 12 0.0
0.961185 0.169802 0.835941 12 0.0
0.959732 0.133554 0.857832 12 0.0
0.968282 0.117017 0.819771 12 0.0
0.969735 0.153264 0.797881 12 0.0
0.681156 0.050379 0.705646 14 0.999999
0.887764 0.375291 0.071079 10 0.0
0.987458 0.10546 0.700434 12 0.0
0.181008 0.440155 0.339655 1 0.0
0.185853 0.070513 0.385675 1 0.999934
0.184565 0.078631 0.385851 1 0.999934
0.194257 0.071431 0.404912 1 0.999934
0.187142 0.062394 0.3855 1 0.999934
0.17745 0.069594 0.366438 1 0.999934
0.988424 0.229015 0.293433 12 0.0
0.987295 0.218752 0.228885 12 0.0
0.98917 0.282546 0.284909 12 0.0
0.989553 0.239277 0.357981 12 0.0
0.987678 0.175483 0.301957 12 0.0
0.192395 0.122247 0.372535 1 0.0
0.191693 0.122562 0.402337 1 0.0
0.192207 0.098407 0.372783 1 0.0
0.193098 0.121931 0.342734 1 0.0
0.192584 0.146086 0.372288 1 0.0
0.694448 0.253821 0.745279 14 0.0
0.015591 0.552077 0.109846 4 0.0
0.015887 0.550307 0.143276 4 0.0
0.014741 0.441796 0.104013 4 0.0
0.015295 0.553848 0.076416 4 0.0
0.016442 0.662359 0.115679 4 0.0
0.871298 0.763402 0.980515 11 0.0
0.872656 0.821626 0.978217 11 0.0
0.906621 0.762397 0.975923 11 0.0
0.86994 0.705178 0.982813 11 0.0
0.835975 0.764407 0.985107 11 0.0
0.881111 0.053013 0.967619 8 0.0
0.201379 0.878037 0.019989 5 0.0
0.260904 0.868741 0.025928 5 0.0
0.197878 0.855446 0.019722 5 0.0
0.141855 0.887333 0.014051 5 0.0
0.204881 0.900628 0.020256 5 0.0
0.175304 0.676313 0.429693 1 2e-06
0.01538 0.629549 0.109682 4 0.0
0.015502 0.724233 0.112204 4 0.0
0.01568 0.628654 0.143261 4 0.0
0.015258 0.534866 0.107159 4 0.0
0.01508 0.630444 0.076102 4 0.0
0.17517 0.126783 0.30914 1 0.0
0.174258 0.126404 0.341969 1 0.0
0.175267 0.102561 0.308863 1 0.0
0.176082 0.127162 0.276311 1 0.0
0.175073 0.151005 0.309416 1 0.0
0.532712 0.953914 0.465468 17 0.0
0.556 0.954728 0.460391 17 0.0
0.549107 0.95305 0.540525 17 0.0
0.509424 0.953099 0.470546 17 0.0
0.516317 0.954777 0.390411 17 0.0
0.065485 0.053991 0.214658 3 1.0
0.181381 0.667468 0.258117 1 0.0
0.86327 0.461208 0.982144 11 0.0
0.982816 0.947257 0.964186 11 1.0
0.983869 0.947699 0.964886 11 1.0
0.98281 0.944634 0.965852 11 1.0
0.981764 0.946815 0.963487 11 1.0
0.982822 0.94988 0.96252 11 1.0
0.177214 0.914205 0.29768 1 0.0
0.983363 0.052068 0.135059 8 0.880163
0.177728 0.447363 0.410634 1 0.0
0.015936 0.70844 0.108401 4 0.0
0.017141 0.78325 0.112361 4 0.0
0.016175 0.706662 0.141903 4 0.0
0.01473 0.63363 0.10444 4 0.0
0.015696 0.710217 0.074899 4 0.0
0.177752 0.173295 0.28557 1 0.0
0.178706 0.213675 0.279132 1 0.0
0.177304 0.178419 0.317635 1 0.0
0.176798 0.132915 0.292009 1 0.0
0.1782 0.168172 0.253506 1 0.0
0.905445 0.053186 0.965273 11 0.0
0.92424 0.104804 0.971912 11 0.0
0.916351 0.120832 0.972973 11 0.0
0.907048 0.096152 0.974764 11 0.0
0.93213 0.088776 0.970851 11 0.0
0.941433 0.113455 0.96906 11 0.0
0.567275 0.053078 0.682281 8 0.0
0.546507 0.052702 0.683027 8 0.0
0.567587 0.051929 0.690402 8 0.0
0.588042 0.053454 0.681535 8 0.0
0.566962 0.054228 0.67416 8 0.0
0.018142 0.849427 0.182631 4 0.0
0.018732 0.880733 0.185045 4 0.0
0.017399 0.84858 0.193801 4 0.0
0.017552 0.818122 0.180216 4 0.0
0.018885 0.850275 0.17146 4 0.0
0.014164 0.46556 0.068718 4 0.0
0.210128 0.779899 0.474503 2 0.0
0.616518 0.146472 0.702924 15 0.0
0.647451 0.12325 0.704959 15 0.0
0.601242 0.126014 0.70169 15 0.0
0.585584 0.169694 0.700888 15 0.0
0.631794 0.166929 0.704158 15 0.0
0.036715 0.685706 0.070082 4 8e-06
0.959677 0.051042 0.425176 8 0.002757
0.383798 0.95273 0.09761 17 0.000209
0.989329 0.278 0.310366 12 0.0
0.98931 0.335307 0.275099 12 0.0
0.991505 0.316045 0.372185 12 0.0
0.989348 0.220694 0.345633 12 0.0
0.987153 0.239956 0.248547 12 0.0
0.935384 0.875742 0.899178 11 0.0
0.933173 0.885972 0.88932 11 0.0
0.949178 0.895677 0.916773 11 0.0
0.937595 0.865512 0.909035 11 0.0
0.921591 0.855806 0.881582 11 0.0
0.797565 0.048472 0.17247 8 0.0
0.738844 0.048871 0.170293 8 0.0
0.796318 0.048248 0.206055 8 0.0
0.856286 0.048072 0.174648 8 0.0
0.798812 0.048695 0.138886 8 0.0
0.018723 0.901757 0.059902 4 0.0
0.019376 0.915831 0.066528 4 0.0
0.018927 0.892595 0.079343 4 0.0
0.01807 0.887684 0.053276 4 0.0
0.018519 0.91092 0.040461 4 0.0
0.019027 0.880074 0.133143 4 0.0
0.020112 0.902486 0.131658 4 0.0
0.019994 0.881896 0.161349 4 0.0
0.017943 0.857663 0.134627 4 0.0
0.018061 0.878253 0.104936 4 0.0
0.019049 0.170417 0.201389 4 0.011772
0.516055 0.301814 0.594664 6 0.17003
0.503316 0.323221 0.569655 6 0.17003
0.532442 0.342269 0.620943 6 0.17003
0.528794 0.280408 0.619673 6 0.17003
0.499668 0.26136 0.568385 6 0.17003
0.01519 0.637148 0.109135 4 0.0
0.015747 0.731513 0.106947 4 0.0
0.01554 0.637919 0.142493 4 0.0
0.014634 0.542783 0.111322 4 0.0
0.01484 0.636377 0.075776 4 0.0
0.018342 0.6166 0.194375 4 0.0
0.334624 0.053319 0.374401 8 0.0
0.285007 0.053195 0.370471 8 0.0
0.332302 0.052381 0.403743 8 0.0
0.38424 0.053443 0.378331 8 0.0
0.336946 0.054256 0.345059 8 0.0
0.014084 0.510757 0.074594 4 0.0
0.623473 0.936496 0.705868 16 0.025869
0.795986 0.047332 0.853648 8 0.0
0.775336 0.047806 0.852591 8 0.0
0.793654 0.047586 0.8993 8 0.0
0.816635 0.046859 0.854705 8 0.0
0.798317 0.047079 0.807996 8 0.0
0.016281 0.309817 0.050427 4 0.0
0.924435 0.827806 0.930394 11 0.0
0.921795 0.866173 0.928641 11 0.0
0.94313 0.829012 0.928637 11 0.0
0.927075 0.789439 0.932147 11 0.0
0.905741 0.8266 0.932151 11 0.0
0.018237 0.150332 0.022182 4 9e-05
0.153869 0.777427 0.21198 3 0.0
0.30818 0.686041 0.471399 2 0.0
0.326238 0.766469 0.46995 2 0.0
0.273216 0.693893 0.471499 2 0.0
0.290122 0.605613 0.472847 2 0.0
0.343144 0.678189 0.471298 2 0.0
0.015387 0.061743 0.103724 4 0.15696
0.014824 0.285314 0.065827 4 0.0
0.178692 0.776022 0.357635 1 0.001938
0.181334 0.829904 0.36946 1 0.001938
0.17853 0.768748 0.390815 1 0.001938
0.176049 0.72214 0.34581 1 0.001938
0.178853 0.783296 0.324455 1 0.001938
0.157961 0.184921 0.212685 3 2.9e-05
0.920809 0.848991 0.971967 11 0.0
0.901116 0.846489 0.974249 11 0.0
0.91652 0.881888 0.971018 11 0.0
0.940502 0.851493 0.969684 11 0.0
0.925098 0.816094 0.972915 11 0.0
0.015364 0.389249 0.060659 4 0.0
0.341926 0.050491 0.145633 8 0.0
0.445228 0.049956 0.161984 8 0.0
0.336277 0.050802 0.181331 8 0.0
0.238623 0.051027 0.129282 8 0.0
0.347575 0.050181 0.109934 8 0.0
0.015621 0.616529 0.038502 4 0.0
0.801893 0.114126 0.987757 11 0.0
0.802685 0.136473 0.988769 11 0.0
0.78516 0.114647 0.989361 11 0.0
0.8011 0.091779 0.986746 11 0.0
0.818625 0.113605 0.986153 11 0.0
0.982746 0.913337 0.904864 13 0.0
0.982778 0.926465 0.903697 13 0.0
0.980739 0.915085 0.924479 13 0.0
0.982714 0.900208 0.906031 13 0.0
0.984752 0.911588 0.885249 13 0.0
0.17316 0.082328 0.277511 1 4.6e-05
0.172769 0.093495 0.277443 1 4.6e-05
0.172642 0.082498 0.308486 1 4.6e-05
0.173551 0.071161 0.277579 1 4.6e-05
0.173679 0.082158 0.246536 1 4.6e-05
0.173665 0.10046 0.24884 1 0.001705
0.1729 0.102234 0.227925 1 0.001705
0.17371 0.116749 0.25022 1 0.001705
0.17443 0.098687 0.269755 1 0.001705
0.173619 0.084172 0.247461 1 0.001705
0.183763 0.050735 0.080968 8 3.9e-05
0.128735 0.052983 0.072562 8 3.9e-05
0.180486 0.051057 0.102504 8 3.9e-05
0.238791 0.048488 0.089374 8 3.9e-05
0.187039 0.050414 0.059432 8 3.9e-05
0.020105 0.935313 0.084214 4 0.005393
0.904285 0.947156 0.976261 11 0.999991
0.954421 0.572463 0.118669 12 3e-06
0.158009 0.184927 0.212633 3 0.0
0.020643 0.160473 0.209438 4 0.986911
0.014331 0.825925 0.044188 4 0.0
0.016172 0.86653 0.041245 4 0.0
0.013353 0.827086 0.059594 4 0.0
0.01249 0.78532 0.047132 4 0.0
0.015309 0.824764 0.028783 4 0.0
0.330984 0.092006 0.471472 2 0.0
0.014237 0.574923 0.08073 4 0.0
0.321478 0.19433 0.018536 10 0.0
0.226277 0.177923 0.014145 10 0.0
0.328535 0.152983 0.020038 10 0.0
0.41668 0.210736 0.022927 10 0.0
0.314422 0.235676 0.017034 10 0.0
0.424568 0.289638 0.471232 2 0.0
0.424868 0.36243 0.472223 2 0.0
0.449044 0.289527 0.471986 2 0.0
0.424268 0.216847 0.470241 2 0.0
0.400092 0.289749 0.470478 2 0.0
0.980971 0.948335 0.123937 17 1.0
0.013942 0.506676 0.050702 4 0.0
0.498076 0.755314 0.656611 6 0.017829
0.503337 0.755589 0.675849 6 0.017829
0.498151 0.697593 0.657413 6 0.017829
0.492815 0.75504 0.637373 6 0.017829
0.498001 0.813036 0.655809 6 0.017829
0.987627 0.778327 0.345485 12 0.0
0.98684 0.829935 0.337913 12 0.0
0.988082 0.790196 0.426337 12 0.0
0.988415 0.72672 0.353056 12 0.0
0.987172 0.766459 0.264633 12 0.0
0.039002 0.522509 0.216821 3 0.0
0.98824 0.339718 0.774685 12 0.0
0.98977 0.430457 0.777804 12 0.0
0.985967 0.337691 0.834757 12 0.0
0.986711 0.248978 0.771565 12 0.0
0.990514 0.341745 0.714612 12 0.0
0.454014 0.953803 0.136151 17 0.0
0.015859 0.116559 0.014696 4 0.618188
0.898061 0.066203 0.975593 11 0.0
0.470359 0.377522 0.495818 7 0.0
0.180012 0.345087 0.296883 1 0.0
0.96293 0.218479 0.964237 11 2.6e-05
0.015741 0.384807 0.110125 4 0.0
0.015695 0.388733 0.141473 4 0.0
0.015829 0.284248 0.122717 4 0.0
0.015787 0.380882 0.078778 4 0.0
0.015653 0.485366 0.097533 4 0.0
0.0831 0.895275 0.216408 3 0.0
0.104694 0.894639 0.216607 3 0.0
0.082559 0.877043 0.216878 3 0.0
0.061507 0.895912 0.216208 3 0.0
0.083642 0.913507 0.215937 3 0.0
0.148951 0.948641 0.015632 17 0.999907
0.01647 0.908129 0.212113 4 0.997815
0.988055 0.196764 0.231753 12 0.0
0.988219 0.230533 0.203676 12 0.0
0.989485 0.22763 0.268885 12 0.0
0.987892 0.162995 0.25983 12 0.0
0.986626 0.165897 0.194621 12 0.0
0.017413 0.821098 0.127786 4 0.0
0.01835 0.860545 0.132621 4 0.0
0.018354 0.81756 0.156469 4 0.0
0.016476 0.781652 0.122951 4 0.0
0.016472 0.824636 0.099103 4 0.0
0.475334 0.15702 0.549481 6 0.0
0.477465 0.190143 0.557866 6 0.0
0.482788 0.148286 0.582086 6 0.0
0.473204 0.123896 0.541095 6 0.0
0.467881 0.165753 0.516876 6 0.0
0.884845 0.049826 0.976124 11 0.999996
0.017556 0.170508 0.036757 4 0.0
0.865974 0.104862 0.977519 11 0.0
0.869541 0.121539 0.976687 11 0.0
0.829704 0.112843 0.981969 11 0.0
0.862406 0.088184 0.978351 11 0.0
0.902243 0.09688 0.973069 11 0.0
0.017323 0.116705 0.153355 4 0.0
0.017108 0.138852 0.15228 4 0.0
0.018076 0.117763 0.17503 4 0.0
0.017537 0.094558 0.154429 4 0.0
0.016569 0.115646 0.131679 4 0.0
0.930784 0.293102 0.07546 10 0.0
0.825201 0.054259 0.985048 8 0.980102
0.863557 0.893041 0.960615 11 0.0
0.863462 0.912922 0.959833 11 0.0
0.900061 0.893132 0.958486 11 0.0
0.863652 0.87316 0.961396 11 0.0
0.827053 0.892951 0.962744 11 0.0
0.870572 0.050445 0.982079 11 0.999997
0.184845 0.051972 0.168007 8 0.002579
0.178102 0.309436 0.373195 1 0.0
0.177951 0.391453 0.371575 1 0.0
0.177952 0.310041 0.403852 1 0.0
0.178253 0.22742 0.374815 1 0.0
0.178251 0.308831 0.342538 1 0.0
0.047667 0.051947 0.110836 8 0.0
0.035634 0.051649 0.110932 8 0.0
0.04791 0.053297 0.145499 8 0.0
0.0597 0.052245 0.11074 8 0.0
0.047424 0.050597 0.076174 8 0.0
0.982524 0.14154 0.857561 12 0.0
0.985016 0.158712 0.825778 12 0.0
0.981687 0.165978 0.870698 12 0.0
0.980032 0.124369 0.889344 12 0.0
0.983361 0.117103 0.844424 12 0.0
0.018055 0.949795 0.048989 4 0.999618
0.864896 0.928571 0.97976 11 5.9e-05
0.764908 0.273558 0.05653 10 0.0
0.808975 0.316896 0.061008 10 0.0
0.816073 0.220863 0.063005 10 0.0
0.72084 0.23022 0.052052 10 0.0
0.713742 0.326254 0.050055 10 0.0
0.349658 0.218444 0.468469 2 0.0
0.399262 0.23377 0.468978 2 0.0
0.36466 0.16991 0.467804 2 0.0
0.300055 0.203119 0.467961 2 0.0
0.334657 0.266978 0.469135 2 0.0
0.982908 0.049175 0.149069 8 1.0
0.015757 0.716859 0.108636 4 0.0
0.018107 0.786437 0.096292 4 0.0
0.016608 0.72242 0.140147 4 0.0
0.013406 0.64728 0.12098 4 0.0
0.014905 0.711297 0.077125 4 0.0
0.017799 0.615133 0.166707 4 0.0
0.84392 0.948586 0.611204 17 0.0
0.886099 0.947144 0.608527 17 0.0
0.851032 0.94485 0.725262 17 0.0
0.80174 0.950028 0.613881 17 0.0
0.836808 0.952322 0.497146 17 0.0
0.280246 0.680067 0.020222 5 0.0
0.248191 0.759543 0.01956 5 0.0
0.205291 0.649793 0.015131 5 0.0
0.312301 0.600591 0.020885 5 0.0
0.3552 0.710341 0.025314 5 0.0
0.918309 0.051334 0.974593 11 0.998038
0.970888 0.946707 0.133816 17 7e-06
0.34014 0.91898 0.466946 2 0.0
0.195889 0.91056 0.020797 5 0.0
0.988453 0.258181 0.215663 12 0.0
0.989587 0.322272 0.220752 12 0.0
0.989338 0.254939 0.25631 12 0.0
0.987319 0.194091 0.210575 12 0.0
0.987568 0.261424 0.175016 12 0.0
0.825153 0.94904 0.814971 17 0.0
0.855841 0.948906 0.809175 17 0.0
0.835251 0.947629 0.868469 17 0.0
0.794465 0.949174 0.820767 17 0.0
0.815055 0.950451 0.761473 17 0.0
0.188328 0.741292 0.015117 5 0.0
0.161898 0.804438 0.014219 5 0.0
0.14046 0.721209 0.011739 5 0.0
0.214758 0.678146 0.016015 5 0.0
0.236196 0.761375 0.018494 5 0.0
0.017595 0.293116 0.028912 4 6.9e-05
0.987877 0.359969 0.745816 12 0.0
0.98884 0.456817 0.759795 12 0.0
0.985061 0.350329 0.812793 12 0.0
0.986914 0.26312 0.731837 12 0.0
0.990692 0.369608 0.678839 12 0.0
0.822698 0.373586 0.064045 10 0.0
0.805941 0.473375 0.06161 10 0.0
0.773908 0.365256 0.058433 10 0.0
0.839456 0.273798 0.06648 10 0.0
0.871489 0.381916 0.069657 10 0.0
0.988775 0.212166 0.657331 12 0.0
0.987321 0.198271 0.75297 12 0.0
0.987428 0.162614 0.650111 12 0.0
0.99023 0.226061 0.561692 12 0.0
0.990123 0.261717 0.664551 12 0.0
0.669179 0.100754 0.704743 15 0.0
0.675667 0.111657 0.70574 15 0.0
0.688831 0.088888 0.706634 15 0.0
0.662691 0.089851 0.703747 15 0.0
0.649527 0.112621 0.702853 15 0.0
0.179579 0.472551 0.27709 1 0.0
0.456923 0.571183 0.481518 7 0.018445
0.876005 0.62796 0.981146 11 0.0
0.979817 0.581052 0.670761 12 0.0
0.97817 0.698315 0.683929 12 0.0
0.978131 0.570838 0.761511 12 0.0
0.981463 0.463789 0.657594 12 0.0
0.981502 0.591266 0.580012 12 0.0
0.939549 0.226181 0.362683 12 0.0
0.93931 0.276133 0.34896 12 0.0
0.947138 0.25011 0.449654 12 0.0
0.939789 0.176228 0.376406 12 0.0
0.931961 0.202251 0.275711 12 0.0
0.988965 0.461923 0.211169 12 0.0
0.600042 0.950689 0.626024 17 0.002543
0.594621 0.950248 0.651716 17 0.002543
0.634205 0.951019 0.633239 17 0.002543
0.605464 0.95113 0.600332 17 0.002543
0.56588 0.950359 0.61881 17 0.002543
0.987304 0.484977 0.620272 12 0.0
0.988297 0.618332 0.64822 12 0.0
0.9863 0.463692 0.721869 12 0.0
0.986311 0.351622 0.592324 12 0.0
0.988308 0.506262 0.518676 12 0.0
0.71124 0.052036 0.566342 8 0.0
0.628828 0.052443 0.503821 8 0.0
0.686788 0.052066 0.598572 8 0.0
0.793651 0.051629 0.628864 8 0.0
0.735691 0.052005 0.534113 8 0.0
0.183451 0.847527 0.293107 1 8e-06
0.184358 0.875728 0.307999 1 8e-06
0.183954 0.830932 0.324502 1 8e-06
0.182544 0.819327 0.278214 1 8e-06
0.182947 0.864123 0.261712 1 8e-06
0.628047 0.905534 0.688963 16 0.0
0.59011 0.907746 0.690764 16 0.0
0.628899 0.921418 0.687406 16 0.0
0.665984 0.903322 0.687162 16 0.0
0.627195 0.889651 0.69052 16 0.0
0.635651 0.299433 0.671392 15 9e-06
0.618583 0.355349 0.669035 15 9e-06
0.675951 0.312175 0.681843 15 9e-06
0.652719 0.243516 0.673749 15 9e-06
0.595351 0.286691 0.660941 15 9e-06
0.533571 0.746081 0.04528 5 0.0
0.528904 0.810183 0.048376 5 0.0
0.398985 0.736855 0.033461 5 0.0
0.538237 0.68198 0.042183 5 0.0
0.668157 0.755308 0.057099 5 0.0
0.462291 0.592766 0.48319 6 0.0
0.46312 0.623004 0.488972 6 0.0
0.469484 0.58494 0.523085 6 0.0
0.461461 0.562528 0.477408 6 0.0
0.455097 0.600592 0.443295 6 0.0
0.988436 0.49237 0.351009 12 0.0
0.990524 0.627768 0.376146 12 0.0
0.99166 0.477942 0.428454 12 0.0
0.986349 0.356971 0.325872 12 0.0
0.985213 0.506797 0.273564 12 0.0
0.855129 0.950291 0.728574 17 0.0
0.815265 0.950543 0.733655 17 0.0
0.865124 0.949683 0.807024 17 0.0
0.894993 0.950039 0.723493 17 0.0
0.845134 0.950899 0.650124 17 0.0
0.8636 0.558163 0.982436 11 0.0
0.982563 0.87395 0.719921 12 0.0
0.43634 0.052715 0.34764 8 0.0
0.437401 0.052765 0.308923 8 0.0
0.518575 0.052789 0.349894 8 0.0
0.435279 0.052666 0.386357 8 0.0
0.354105 0.052642 0.345386 8 0.0
0.508224 0.208257 0.539915 6 0.0
0.516258 0.259435 0.55021 6 0.0
0.519319 0.197187 0.586289 6 0.0
0.500189 0.157079 0.52962 6 0.0
0.497128 0.219327 0.493542 6 0.0
0.854683 0.048472 0.706652 8 0.0
0.896829 0.049043 0.7066 8 0.0
0.854774 0.049764 0.794547 8 0.0
0.812538 0.047902 0.706704 8 0.0
0.854593 0.047181 0.618758 8 0.0
0.98564 0.778888 0.598784 12 0.0
0.985382 0.829548 0.605932 12 0.0
0.985432 0.763824 0.705537 12 0.0
0.985898 0.728228 0.591635 12 0.0
0.985848 0.793952 0.49203 12 0.0
0.508902 0.412746 0.039856 10 0.0
0.507244 0.52221 0.039085 10 0.0
0.364567 0.410475 0.02789 10 0.0
0.51056 0.303281 0.040627 10 0.0
0.653237 0.415016 0.051821 10 0.0
0.17538 0.610585 0.33634 1 0.0
0.176447 0.710413 0.340409 1 0.0
0.175334 0.608945 0.376587 1 0.0
0.174314 0.510757 0.332271 1 0.0
0.175426 0.612225 0.296093 1 0.0
0.384456 0.251953 0.46907 2 0.0
0.373344 0.315054 0.469987 2 0.0
0.427449 0.259541 0.467957 2 0.0
0.395569 0.188853 0.468153 2 0.0
0.341464 0.244366 0.470183 2 0.0
0.707007 0.405067 0.803112 14 0.0
0.455851 0.896094 0.49022 6 0.117835
0.450189 0.903224 0.481319 6 0.117835
0.463809 0.912363 0.498191 6 0.117835
0.461513 0.888963 0.499121 6 0.117835
0.447893 0.879824 0.48225 6 0.117835
0.394977 0.234477 0.473553 2 0.0
0.381489 0.290266 0.474018 2 0.0
0.429164 0.242736 0.47428 2 0.0
0.408466 0.178688 0.473087 2 0.0
0.360791 0.226217 0.472825 2 0.0
0.987814 0.437458 0.775582 12 0.0
0.989505 0.559333 0.774618 12 0.0
0.984776 0.437979 0.836047 12 0.0
0.986123 0.315583 0.776546 12 0.0
0.990852 0.436938 0.715117 12 0.0
0.911971 0.948051 0.515515 17 0.0
0.220579 0.660649 0.016267 5 0.0
0.161095 0.674114 0.012739 5 0.0
0.200795 0.572503 0.013386 5 0.0
0.280062 0.647183 0.019795 5 0.0
0.240362 0.748795 0.019147 5 0.0
0.462945 0.082358 0.497517 7 0.000194
0.469627 0.081272 0.511288 7 0.000194
0.463989 0.071519 0.496155 7 0.000194
0.456263 0.083445 0.483746 7 0.000194
0.461901 0.093198 0.498879 7 0.000194
0.989898 0.421086 0.730251 12 0.0
0.991656 0.538652 0.728773 12 0.0
0.987927 0.422032 0.803196 12 0.0
0.98814 0.303521 0.731728 12 0.0
0.991869 0.42014 0.657305 12 0.0
0.582536 0.95357 0.281915 17 0.0
0.7047 0.953175 0.323574 17 0.0
0.561329 0.953614 0.344105 17 0.0
0.460373 0.953966 0.240257 17 0.0
0.603743 0.953526 0.219725 17 0.0
0.01682 0.616695 0.045822 4 0.0
0.986622 0.315399 0.485921 12 0.0
0.98783 0.397354 0.476886 12 0.0
0.986961 0.328186 0.601967 12 0.0
0.985415 0.233444 0.494955 12 0.0
0.986283 0.302611 0.369875 12 0.0
0.619064 0.952855 0.113973 17 0.0
0.925262 0.296245 0.493276 12 0.0
0.925271 0.360934 0.474432 12 0.0
0.933577 0.333111 0.619836 12 0.0
0.925253 0.231556 0.51212 12 0.0
0.916947 0.259379 0.366716 12 0.0
0.152242 0.730185 0.013177 5 0.0
0.14528 0.801071 0.014434 5 0.0
0.194883 0.734322 0.016039 5 0.0
0.159204 0.6593 0.01192 5 0.0
0.109602 0.726048 0.010315 5 0.0
0.899977 0.047581 0.703366 8 0.0
0.871998 0.046186 0.703451 8 0.0
0.900145 0.04941 0.78892 8 0.0
0.927957 0.048976 0.703282 8 0.0
0.89981 0.045753 0.617813 8 0.0
0.707912 0.19606 0.688996 15 0.0
0.483225 0.072532 0.431708 8 0.596918
0.988027 0.486591 0.181629 12 0.0
0.604012 0.668688 0.724722 16 0.001339
0.63705 0.671819 0.732648 16 0.001339
0.610013 0.590809 0.73048 16 0.001339
0.570974 0.665556 0.716796 16 0.001339
0.598012 0.746567 0.718964 16 0.001339
0.044028 0.665296 0.192455 3 0.0
0.665014 0.311886 0.72489 15 0.0
0.316418 0.411914 0.020142 10 0.0
0.295997 0.518067 0.019723 10 0.0
0.225553 0.394412 0.014532 10 0.0
0.336839 0.305761 0.02056 10 0.0
0.407283 0.429416 0.025751 10 0.0
0.876546 0.851129 0.977195 11 0.0
0.859796 0.876852 0.97835 11 0.0
0.906145 0.870602 0.972772 11 0.0
0.893295 0.825406 0.976039 11 0.0
0.846946 0.831656 0.981617 11 0.0
0.722888 0.952468 0.146243 17 0.0
0.863198 0.764261 0.981625 11 0.0
0.855073 0.823374 0.980964 11 0.0
0.826017 0.759205 0.986519 11 0.0
0.871323 0.705147 0.982286 11 0.0
0.900379 0.769316 0.976731 11 0.0
0.666763 0.409478 0.735801 15 0.0
0.71667 0.192479 0.052894 10 0.0
0.634956 0.185962 0.043522 10 0.0
0.713437 0.235077 0.051456 10 0.0
0.798383 0.198997 0.062267 10 0.0
0.719902 0.149882 0.054333 10 0.0
0.019334 0.239543 0.198397 4 0.0
0.940854 0.946479 0.859299 17 0.0
0.956085 0.947009 0.860059 17 0.0
0.939074 0.946157 0.895243 17 0.0
0.925623 0.945949 0.85854 17 0.0
0.942635 0.946801 0.823355 17 0.0
0.985717 0.241877 0.470519 12 0.0
0.98717 0.299935 0.466375 12 0.0
0.985435 0.250269 0.587987 12 0.0
0.984264 0.183818 0.474664 12 0.0
0.985998 0.233484 0.353051 12 0.0
0.982819 0.11576 0.563865 12 0.0
0.987575 0.363556 0.395436 12 0.0
0.986496 0.372498 0.298752 12 0.0
0.988703 0.457421 0.404104 12 0.0
0.988655 0.354615 0.49212 12 0.0
0.986448 0.269691 0.386768 12 0.0
0.989757 0.344157 0.634978 12 0.0
0.990787 0.434052 0.647025 12 0.0
0.988599 0.330449 0.737365 12 0.0
0.988727 0.254261 0.622931 12 0.0
0.990915 0.357865 0.532591 12 0.0
0.631811 0.817179 0.719377 16 0.0
0.632568 0.859405 0.713974 16 0.0
0.658325 0.81721 0.723334 16 0.0
0.631055 0.774953 0.724781 16 0.0
0.605298 0.817147 0.715421 16 0.0
0.469881 0.105768 0.528441 6 0.0
0.469211 0.122319 0.524578 6 0.0
0.47621 0.113026 0.558441 6 0.0
0.470552 0.089217 0.532304 6 0.0
0.463552 0.09851 0.498441 6 0.0
0.987542 0.813143 0.702794 12 0.0
0.987852 0.852591 0.695017 12 0.0
0.985819 0.828943 0.782872 12 0.0
0.987233 0.773695 0.71057 12 0.0
0.989265 0.797344 0.622715 12 0.0
0.65037 0.423308 0.728512 15 0.0
0.270831 0.804989 0.411804 2 0.0
0.268392 0.850814 0.40715 2 0.0
0.240356 0.803579 0.413896 2 0.0
0.273271 0.759165 0.416459 2 0.0
0.301307 0.806399 0.409713 2 0.0
0.014188 0.356712 0.073814 4 0.0
0.986374 0.14275 0.190543 12 0.0
0.987324 0.171922 0.192502 12 0.0
0.98721 0.140481 0.22394 12 0.0
0.985423 0.113579 0.188585 12 0.0
0.985538 0.145019 0.157147 12 0.0
0.66539 0.188004 0.711308 15 0.0
0.679657 0.190393 0.716222 15 0.0
0.673205 0.144691 0.709679 15 0.0
0.651123 0.185614 0.706394 15 0.0
0.657575 0.231316 0.712936 15 0.0
0.640831 0.536509 0.732634 16 1.3e-05
0.663843 0.8388 0.720369 16 0.000215
0.66955 0.875118 0.715243 16 0.000215
0.681495 0.836615 0.724542 16 0.000215
0.658135 0.802481 0.725495 16 0.000215
0.646191 0.840984 0.716195 16 0.000215
0.987243 0.594176 0.212017 12 0.0
0.985736 0.705153 0.224469 12 0.0
0.989104 0.589901 0.250347 12 0.0
0.988749 0.483199 0.199565 12 0.0
0.985381 0.598452 0.173688 12 0.0
0.806348 0.863661 0.082304 5 0.0
0.864257 0.860858 0.089042 5 0.0
0.80516 0.835075 0.080628 5 0.0
0.748439 0.866464 0.075566 5 0.0
0.807537 0.892247 0.08398 5 0.0
0.974519 0.342629 0.952748 13 0.0
0.227551 0.491963 0.016576 5 0.0
0.22758 0.624365 0.017714 5 0.0
0.293436 0.491918 0.020105 5 0.0
0.161666 0.492007 0.013047 5 0.0
0.572734 0.889015 0.052614 5 0.0
0.907265 0.047267 0.534702 8 0.0
0.943785 0.495309 0.968812 11 0.0
0.978511 0.699775 0.653989 12 0.0
0.977934 0.76921 0.619698 12 0.0
0.976135 0.739259 0.733981 12 0.0
0.979088 0.630339 0.68828 12 0.0
0.980886 0.66029 0.573997 12 0.0
0.371441 0.701203 0.464266 2 0.0
0.331229 0.710513 0.464785 2 0.0
0.389297 0.778495 0.461217 2 0.0
0.411652 0.691892 0.463747 2 0.0
0.353584 0.62391 0.467316 2 0.0
0.988543 0.502908 0.267932 12 0.0
0.988091 0.63958 0.281633 12 0.0
0.989379 0.497329 0.323614 12 0.0
0.988995 0.366235 0.254231 12 0.0
0.987707 0.508487 0.212251 12 0.0
0.720095 0.954643 0.493212 17 0.0
0.678071 0.954765 0.526323 17 0.0
0.79425 0.951349 0.587341 17 0.0
0.762118 0.954521 0.460102 17 0.0
0.645939 0.957937 0.399083 17 0.0
0.986165 0.417897 0.521581 12 0.0
0.987107 0.531232 0.535841 12 0.0
0.985379 0.402644 0.642865 12 0.0
0.985222 0.304562 0.507321 12 0.0
0.986951 0.43315 0.400297 12 0.0
0.690326 0.053164 0.509692 8 0.0
0.639703 0.053043 0.461791 8 0.0
0.66758 0.053542 0.53373 8 0.0
0.740949 0.053284 0.557594 8 0.0
0.713072 0.052785 0.485655 8 0.0
0.986781 0.752247 0.471092 12 0.0
0.986317 0.811507 0.462845 12 0.0
0.988481 0.766886 0.576178 12 0.0
0.987245 0.692987 0.479339 12 0.0
0.985081 0.737609 0.366006 12 0.0
0.128245 0.88374 0.21506 3 0.0
0.11581 0.900646 0.213415 3 0.0
0.146633 0.897402 0.216454 3 0.0
0.14068 0.866835 0.216704 3 0.0
0.109857 0.870079 0.213665 3 0.0
0.502813 0.918229 0.664933 6 0.006484
0.497559 0.919829 0.648986 6 0.006484
0.503117 0.929596 0.665973 6 0.006484
0.508067 0.916628 0.680879 6 0.006484
0.502508 0.906861 0.663892 6 0.006484
0.474603 0.622603 0.529403 6 0.0
0.480659 0.642384 0.560125 6 0.0
0.480625 0.575577 0.558494 6 0.0
0.468546 0.602822 0.498681 6 0.0
0.468581 0.669629 0.500312 6 0.0
0.828404 0.949329 0.594443 17 0.0
0.87186 0.947888 0.583978 17 0.0
0.856566 0.945742 0.711877 17 0.0
0.784948 0.95077 0.604909 17 0.0
0.800242 0.952917 0.47701 17 0.0
0.799422 0.949088 0.841721 17 0.0
0.777536 0.949124 0.846473 17 0.0
0.809468 0.947904 0.887997 17 0.0
0.821307 0.949053 0.836968 17 0.0
0.789375 0.950273 0.795444 17 0.0
0.86347 0.596643 0.982792 11 0.0
0.826647 0.594672 0.987643 11 0.0
0.857555 0.706333 0.982462 11 0.0
0.900292 0.598614 0.97794 11 0.0
0.869384 0.486953 0.983121 11 0.0
0.872222 0.888669 0.869047 17 0.0
0.908542 0.891371 0.874105 17 0.0
0.86845 0.87786 0.901909 17 0.0
0.835902 0.885966 0.863989 17 0.0
0.875994 0.899477 0.836185 17 0.0
0.039797 0.385856 0.010073 5 0.0
0.986585 0.31076 0.626491 12 0.0
0.989061 0.387704 0.610787 12 0.0
0.985538 0.332184 0.731292 12 0.0
0.984109 0.233816 0.642196 12 0.0
0.987632 0.289336 0.52169 12 0.0
0.689481 0.358732 0.753042 15 0.0
0.598455 0.299724 0.707689 15 0.0
0.584818 0.37769 0.70995 15 0.0
0.626086 0.304463 0.710924 15 0.0
0.612093 0.221757 0.705428 15 0.0
0.570825 0.294984 0.704454 15 0.0
0.983289 0.066775 0.291682 12 0.0
0.286348 0.684213 0.021712 5 0.0
0.220078 0.743908 0.019021 5 0.0
0.233991 0.625869 0.01683 5 0.0
0.352618 0.624519 0.024403 5 0.0
0.338705 0.742557 0.026594 5 0.0
0.989748 0.415458 0.794911 12 0.0
0.99089 0.529269 0.788305 12 0.0
0.98824 0.418557 0.848035 12 0.0
0.988606 0.301647 0.801517 12 0.0
0.991256 0.412359 0.741787 12 0.0
0.348563 0.951785 0.091732 17 0.001312
0.984678 0.109447 0.452122 12 0.0
0.018213 0.196983 0.032382 4 0.425726
0.712836 0.95193 0.088607 17 0.886856
0.929606 0.049687 0.671352 8 0.0
0.969672 0.946349 0.641273 17 0.0
0.176232 0.494974 0.33097 1 0.0
0.78863 0.085869 0.692084 8 1e-06
0.988222 0.105769 0.363796 12 0.0
0.064211 0.903157 0.209132 3 0.0
0.051739 0.91223 0.208684 3 0.0
0.054458 0.889797 0.210085 3 0.0
0.076683 0.894084 0.209579 3 0.0
0.073964 0.916517 0.208179 3 0.0
0.754136 0.952889 0.222697 17 0.0
0.827523 0.951555 0.231923 17 0.0
0.748029 0.952875 0.271266 17 0.0
0.680748 0.954222 0.21347 17 0.0
0.760242 0.952902 0.174127 17 0.0
0.430962 0.652639 0.032333 5 0.0
0.449652 0.742621 0.036013 5 0.0
0.308902 0.678329 0.024101 5 0.0
0.412273 0.562657 0.028653 5 0.0
0.553023 0.62695 0.040565 5 0.0
0.176324 0.788013 0.431191 1 0.0
0.86329 0.562344 0.982806 11 0.0
0.017736 0.244085 0.019705 4 0.00537
0.081207 0.782222 0.035982 5 0.0
0.986716 0.497989 0.725176 12 0.0
0.987371 0.637789 0.736361 12 0.0
0.984864 0.49206 0.799385 12 0.0
0.98606 0.358189 0.713991 12 0.0
0.988567 0.503918 0.650967 12 0.0
0.213866 0.858113 0.469743 2 0.0
0.213742 0.888235 0.467578 2 0.0
0.200986 0.857979 0.468627 2 0.0
0.21399 0.827991 0.471909 2 0.0
0.226746 0.858246 0.470859 2 0.0
0.624393 0.174946 0.69382 15 0.0
0.646144 0.144397 0.695102 15 0.0
0.600697 0.157957 0.691029 15 0.0
0.602643 0.205494 0.692538 15 0.0
0.64809 0.191934 0.696612 15 0.0
0.275725 0.507097 0.046847 5 0.0
0.28165 0.641471 0.049028 5 0.0
0.193904 0.510744 0.0444 5 0.0
0.357546 0.503449 0.049294 5 0.0
0.829187 0.949802 0.318195 17 0.0
0.779062 0.952493 0.317775 17 0.0
0.828514 0.949276 0.395019 17 0.0
0.879312 0.94711 0.318616 17 0.0
0.82986 0.950327 0.241372 17 0.0
0.470664 0.074877 0.532101 7 0.040477
0.863296 0.500404 0.982396 11 0.0
0.082014 0.370819 0.217943 3 0.0
0.987096 0.400486 0.690713 12 0.0
0.983943 0.385653 0.773137 12 0.0
0.986005 0.290453 0.670871 12 0.0
0.990249 0.415318 0.60829 12 0.0
0.988187 0.510518 0.710556 12 0.0
0.397308 0.765189 0.085741 5 0.0
0.405723 0.820108 0.090715 5 0.0
0.282565 0.782884 0.084492 5 0.0
0.388894 0.710271 0.080767 5 0.0
0.512052 0.747495 0.08699 5 0.0
0.989074 0.252246 0.388902 12 0.0
0.987457 0.244946 0.292351 12 0.0
0.990085 0.314601 0.38417 12 0.0
0.99069 0.259547 0.485454 12 0.0
0.988062 0.189892 0.393634 12 0.0
0.979127 0.272028 0.54269 12 0.0
0.981991 0.341543 0.534315 12 0.0
0.979759 0.287699 0.672973 12 0.0
0.976263 0.202512 0.551066 12 0.0
0.978495 0.256357 0.412407 12 0.0
0.783054 0.500126 0.060547 10 0.0
0.845613 0.502272 0.067496 10 0.0
0.788055 0.364393 0.057427 10 0.0
0.720494 0.49798 0.053597 10 0.0
0.778052 0.635859 0.063666 10 0.0
0.179232 0.464442 0.245114 1 0.0
0.762141 0.048115 0.127587 8 0.000929
0.610895 0.23158 0.043175 10 0.0
0.617446 0.285765 0.042831 10 0.0
0.498048 0.245159 0.032899 10 0.0
0.604344 0.177395 0.043519 10 0.0
0.723742 0.218001 0.053451 10 0.0
0.451018 0.085794 0.459641 7 0.000241
0.706725 0.529471 0.80917 14 0.0
0.988292 0.785979 0.769471 12 0.0
0.988138 0.836719 0.767901 12 0.0
0.986988 0.787863 0.83051 12 0.0
0.988446 0.735239 0.77104 12 0.0
0.989596 0.784095 0.708431 12 0.0
0.69961 0.454523 0.783953 14 0.0
0.453116 0.313296 0.477011 7 0.002029
0.855711 0.047898 0.817185 8 0.0
0.817894 0.048576 0.826815 8 0.0
0.868245 0.049144 0.866316 8 0.0
0.893529 0.04722 0.807555 8 0.0
0.843178 0.046652 0.768054 8 0.0
0.863427 0.55615 0.982366 11 0.0
0.864989 0.252883 0.978374 11 0.0
0.864277 0.317931 0.979292 11 0.0
0.82886 0.252412 0.983763 11 0.0
0.8657 0.187834 0.977457 11 0.0
0.901117 0.253354 0.972985 11 0.0
0.208925 0.927876 0.445415 2 1e-06
0.221209 0.929124 0.447195 2 1e-06
0.209184 0.919838 0.449265 2 1e-06
0.196641 0.926627 0.443635 2 1e-06
0.208666 0.935913 0.441566 2 1e-06
0.65189 0.770217 0.727903 16 2.6e-05
0.657649 0.82619 0.721086 16 2.6e-05
0.672454 0.768756 0.733276 16 2.6e-05
0.646131 0.714245 0.734719 16 2.6e-05
0.631326 0.771679 0.722529 16 2.6e-05
0.667532 0.768712 0.056931 5 0.0
0.766344 0.778005 0.066704 5 0.0
0.673075 0.711447 0.055339 5 0.0
0.568719 0.759418 0.047157 5 0.0
0.661989 0.825976 0.058522 5 0.0
0.70083 0.28947 0.76592 14 0.0
0.845014 0.738689 0.930092 11 0.0
0.85944 0.775971 0.924102 11 0.0
0.871905 0.728335 0.930411 11 0.0
0.830588 0.701406 0.936083 11 0.0
0.818124 0.749043 0.929773 11 0.0
0.967397 0.66662 0.929725 12 1.6e-05
0.971267 0.944849 0.563944 17 0.0
0.174893 0.746387 0.374167 1 0.006757
0.175848 0.807186 0.367748 1 0.006757
0.175758 0.7494 0.402833 1 0.006757
0.173937 0.685587 0.380587 1 0.006757
0.174027 0.743374 0.345502 1 0.006757
0.016573 0.611896 0.135951 4 0.0
0.519248 0.951652 0.5196 17 0.042891
0.115414 0.055622 0.21494 3 0.999967
0.176611 0.667844 0.340428 1 0.0
0.177018 0.756119 0.330883 1 0.0
0.176124 0.671702 0.376088 1 0.0
0.176204 0.57957 0.349973 1 0.0
0.177098 0.663986 0.304769 1 0.0
0.823793 0.947992 0.892059 17 0.0
0.828444 0.946969 0.922659 17 0.0
0.796696 0.948686 0.8962 17 0.0
0.819142 0.949015 0.861458 17 0.0
0.850889 0.947298 0.887917 17 0.0
0.019646 0.050533 0.065632 8 0.989392
0.826119 0.106811 0.946753 11 0.0
0.824439 0.122829 0.939985 11 0.0
0.849523 0.103029 0.931991 11 0.0
0.8278 0.090793 0.953521 11 0.0
0.802716 0.110593 0.961514 11 0.0
0.178577 0.293602 0.419754 1 0.0
0.883176 0.158199 0.976543 11 0.0
0.870972 0.192019 0.97793 11 0.0
0.854858 0.147845 0.979849 11 0.0
0.89538 0.124378 0.975156 11 0.0
0.911493 0.168552 0.973237 11 0.0
0.020216 0.913287 0.199579 4 0.00026
0.021876 0.926065 0.197795 4 0.00026
0.019639 0.914207 0.205633 4 0.00026
0.018555 0.900509 0.201362 4 0.00026
0.020792 0.912367 0.193525 4 0.00026
0.013722 0.386077 0.054698 4 0.0
0.977926 0.940032 0.962834 11 0.690655
0.977786 0.944742 0.96321 11 0.690655
0.980783 0.940028 0.963954 11 0.690655
0.978066 0.935323 0.962458 11 0.690655
0.975069 0.940037 0.961715 11 0.690655
0.176613 0.890845 0.264318 1 0.0
0.176414 0.910187 0.269328 1 0.0
0.177396 0.885245 0.285974 1 0.0
0.176812 0.871502 0.259309 1 0.0
0.175831 0.896445 0.242663 1 0.0
0.233669 0.919573 0.465916 1 0.0
0.234945 0.930311 0.465483 1 0.0
0.25334 0.917257 0.466416 1 0.0
0.232393 0.908836 0.46635 1 0.0
0.213998 0.92189 0.465417 1 0.0
0.020706 0.933717 0.191664 4 0.016762
0.019148 0.937587 0.20024 4 0.016762
0.02066 0.92851 0.194005 4 0.016762
0.022265 0.929847 0.183088 4 0.016762
0.020752 0.938924 0.189322 4 0.016762
0.986677 0.196617 0.166367 12 0.0
0.987728 0.24242 0.173897 12 0.0
0.987097 0.192489 0.191417 12 0.0
0.985625 0.150813 0.158837 12 0.0
0.986256 0.200744 0.141317 12 0.0
0.928902 0.945866 0.716215 17 0.0
0.118059 0.052098 0.204126 8 0.034808
0.98818 0.845597 0.819887 12 0.0
0.987923 0.878341 0.816556 12 0.0
0.987311 0.850212 0.865318 12 0.0
0.988438 0.812853 0.823219 12 0.0
0.98905 0.840982 0.774457 12 0.0
0.017932 0.881983 0.081416 4 0.0
0.019007 0.90417 0.085177 4 0.0
0.018217 0.877441 0.108122 4 0.0
0.016857 0.859795 0.077654 4 0.0
0.017648 0.886524 0.054709 4 0.0
0.505937 0.131088 0.680534 7 1e-06
0.505014 0.158652 0.682736 7 1e-06
0.508115 0.13042 0.689811 7 1e-06
0.506859 0.103524 0.678333 7 1e-06
0.503759 0.131756 0.671258 7 1e-06
0.51519 0.052325 0.592805 8 0.0
0.52606 0.053231 0.591014 8 0.0
0.521102 0.051496 0.628278 8 0.0
0.50432 0.051418 0.594595 8 0.0
0.509277 0.053154 0.557332 8 0.0
0.015365 0.151364 0.108857 4 0.0
0.014878 0.182908 0.119297 4 0.0
0.0161 0.140496 0.141732 4 0.0
0.015852 0.119821 0.098418 4 0.0
0.01463 0.162233 0.075983 4 0.0
0.593521 0.925338 0.707994 16 0.010622
0.01705 0.332764 0.142123 4 0.0
0.18015 0.309043 0.011188 10 0.0
0.187743 0.389831 0.009273 10 0.0
0.128514 0.313844 0.009014 10 0.0
0.172558 0.228254 0.013102 10 0.0
0.231787 0.304242 0.013362 10 0.0
0.018949 0.223614 0.03095 4 2e-06
0.172534 0.689948 0.213888 3 0.857753
0.273777 0.716204 0.470794 2 0.0
0.279039 0.788493 0.469343 2 0.0
0.244991 0.718312 0.471435 2 0.0
0.268516 0.643914 0.472245 2 0.0
0.302564 0.714095 0.470154 2 0.0
0.015527 0.086957 0.109955 4 0.0
0.015399 0.099645 0.110111 4 0.0
0.016 0.086533 0.144875 4 0.0
0.015655 0.074269 0.109799 4 0.0
0.015054 0.087381 0.075035 4 0.0
0.014684 0.199605 0.061677 4 0.0
0.014246 0.242842 0.060296 4 0.0
0.013835 0.200246 0.081993 4 0.0
0.015121 0.156367 0.063059 4 0.0
0.015533 0.198964 0.041362 4 0.0
0.175705 0.787574 0.406739 1 2e-06
0.17578 0.838729 0.411539 1 2e-06
0.176228 0.78575 0.426178 1 2e-06
0.17563 0.73642 0.401939 1 2e-06
0.175182 0.789399 0.3873 1 2e-06
0.727248 0.233945 0.874866 14 0.0
0.724594 0.291182 0.871911 14 0.0
0.733642 0.236185 0.912512 14 0.0
0.729902 0.176708 0.87782 14 0.0
0.720854 0.231705 0.837219 14 0.0
0.142909 0.075145 0.215196 3 5.1e-05
0.14089 0.082734 0.215136 3 5.1e-05
0.158537 0.079307 0.215903 3 5.1e-05
0.144928 0.067555 0.215255 3 5.1e-05
0.127282 0.070982 0.214489 3 5.1e-05
0.925629 0.918475 0.969626 11 0.0
0.907194 0.914808 0.972052 11 0.0
0.923723 0.92849 0.970281 11 0.0
0.944064 0.922141 0.967201 11 0.0
0.927535 0.908459 0.968972 11 0.0
0.354105 0.051145 0.12939 8 1e-06
0.44231 0.051036 0.134165 8 1e-06
0.352403 0.051138 0.16083 8 1e-06
0.265901 0.051254 0.124615 8 1e-06
0.355807 0.051152 0.09795 8 1e-06
0.723063 0.80433 0.856815 14 0.0
0.725986 0.848073 0.858641 14 0.0
0.729078 0.802269 0.896549 14 0.0
0.72014 0.760587 0.854989 14 0.0
0.717048 0.806391 0.81708 14 0.0
0.860295 0.048529 0.865887 8 0.0
0.822534 0.047767 0.847888 8 0.0
0.844775 0.04919 0.898419 8 0.0
0.898055 0.049291 0.883887 8 0.0
0.875814 0.047867 0.833356 8 0.0
0.104283 0.844676 0.215253 3 0.0
0.13173 0.841588 0.215187 3 0.0
0.100511 0.811133 0.215768 3 0.0
0.076835 0.847763 0.21532 3 0.0
0.108055 0.878218 0.214739 3 0.0
0.98513 0.805179 0.903764 13 0.0
0.982328 0.853374 0.907048 13 0.0
0.983363 0.803713 0.92378 13 0.0
0.987932 0.756985 0.900481 13 0.0
0.986897 0.806646 0.883748 13 0.0
0.174303 0.096065 0.283668 1 1e-06
0.17435 0.110944 0.282441 1 1e-06
0.174005 0.098626 0.314707 1 1e-06
0.174257 0.081185 0.284896 1 1e-06
0.174602 0.093503 0.25263 1 1e-06
0.11676 0.051369 0.092019 8 0.002087
0.104049 0.052559 0.11375 8 0.002087
0.148113 0.051046 0.110376 8 0.002087
0.129472 0.050178 0.070288 8 0.002087
0.085408 0.051691 0.073662 8 0.002087
0.981236 0.113022 0.899578 13 0.0
0.982298 0.126708 0.882097 13 0.0
0.980323 0.130341 0.913082 13 0.0
0.980175 0.099336 0.917058 13 0.0
0.98215 0.095704 0.886074 13 0.0
0.019321 0.935492 0.103666 4 0.000206
0.931577 0.949239 0.972221 11 0.999999
0.018515 0.465853 0.173625 4 0.0
0.86492 0.064646 0.94717 8 0.0
0.180316 0.240936 0.216992 1 0.999998
0.013125 0.699572 0.068802 4 0.0
0.017082 0.694526 0.018705 4 3.7e-05
0.175339 0.060308 0.311249 1 0.279357
0.607561 0.951099 0.585361 17 0.0
0.570572 0.950691 0.573268 17 0.0
0.595438 0.949357 0.622502 17 0.0
0.644551 0.951507 0.597454 17 0.0
0.619685 0.952842 0.54822 17 0.0
0.021636 0.753743 0.201816 4 0.426412
0.988418 0.373559 0.698658 12 0.0
0.989432 0.472239 0.733983 12 0.0
0.986573 0.346788 0.773496 12 0.0
0.987403 0.274879 0.663333 12 0.0
0.990263 0.40033 0.62382 12 0.0
0.855778 0.065255 0.981049 11 0.0
0.165389 0.951761 0.172243 17 0.013492
0.979663 0.090228 0.960331 13 0.999989
0.979373 0.098245 0.962736 13 0.999989
0.977203 0.089253 0.963283 13 0.999989
0.979952 0.082212 0.957925 13 0.999989
0.982123 0.091203 0.957378 13 0.999989
0.842158 0.074274 0.981695 11 0.0
0.841336 0.083381 0.980964 11 0.0
0.87049 0.076517 0.977777 11 0.0
0.84298 0.065166 0.982425 11 0.0
0.813826 0.07203 0.985612 11 0.0
0.981875 0.057882 0.093729 18 0.789938
0.981029 0.062417 0.094175 18 0.789938
0.98057 0.057229 0.097898 18 0.789938
0.982721 0.053348 0.093283 18 0.789938
0.98318 0.058536 0.08956 18 0.789938
0.01543 0.420194 0.064657 4 0.0
0.953422 0.90497 0.928762 11 0.0
0.953571 0.912202 0.930322 11 0.0
0.962852 0.902346 0.940025 11 0.0
0.953273 0.897738 0.927202 11 0.0
0.943992 0.907594 0.917499 11 0.0
0.01579 0.805301 0.105731 4 0.0
0.015963 0.818395 0.133041 4 0.0
0.015753 0.762131 0.126431 4 0.0
0.015618 0.792206 0.078422 4 0.0
0.015827 0.84847 0.085032 4 0.0
0.808167 0.950872 0.259202 17 0.0
0.753749 0.951812 0.245918 17 0.0
0.794313 0.951476 0.316001 17 0.0
0.862585 0.949933 0.272485 17 0.0
0.822022 0.950269 0.202403 17 0.0
0.82218 0.053844 0.971566 8 0.109054
0.015621 0.111438 0.009342 4 0.985656
0.865604 0.193795 0.978614 11 0.0
0.876543 0.238519 0.97664 11 0.0
0.831067 0.202447 0.983252 11 0.0
0.854666 0.14907 0.980587 11 0.0
0.900141 0.185143 0.973976 11 0.0
0.194139 0.824118 0.469544 2 0.0
0.016695 0.354763 0.09865 4 0.0
0.193516 0.051665 0.197477 8 8.4e-05
0.176663 0.934204 0.349814 1 0.008429
0.139066 0.61032 0.212802 3 0.0
0.787797 0.321409 0.991565 11 0.0
0.982748 0.913328 0.905563 13 0.0
0.984716 0.918743 0.885637 13 0.0
0.982323 0.924995 0.908692 13 0.0
0.980781 0.907912 0.925489 13 0.0
0.983173 0.90166 0.902433 13 0.0
0.906649 0.677013 0.976673 11 0.0
0.336253 0.299855 0.473813 2 0.0
0.32648 0.374617 0.474482 2 0.0
0.385125 0.306216 0.476869 2 0.0
0.346026 0.225093 0.473144 2 0.0
0.287382 0.293493 0.470757 2 0.0
0.021267 0.586329 0.205785 4 0.001089
0.0159 0.754333 0.107537 4 0.0
0.015992 0.815301 0.098089 4 0.0
0.016282 0.759358 0.139969 4 0.0
0.015809 0.693365 0.116986 4 0.0
0.015519 0.749307 0.075105 4 0.0
0.929024 0.953128 0.971223 11 0.999987
0.334611 0.739951 0.468432 2 0.0
0.356833 0.802794 0.467422 2 0.0
0.377028 0.724941 0.467771 2 0.0
0.312388 0.677108 0.469443 2 0.0
0.292194 0.754961 0.469094 2 0.0
0.862827 0.535165 0.982044 11 0.0
0.112413 0.905814 0.215309 3 0.0
0.111668 0.92092 0.214873 3 0.0
0.142077 0.907284 0.215537 3 0.0
0.113158 0.890709 0.215745 3 0.0
0.08275 0.904345 0.215081 3 0.0
0.020096 0.8607 0.203929 4 0.0
0.133547 0.05207 0.212978 3 0.999961
0.304016 0.798116 0.027323 5 0.0
0.393664 0.773639 0.032789 5 0.0
0.292493 0.755401 0.025035 5 0.0
0.214367 0.822592 0.021856 5 0.0
0.315538 0.84083 0.02961 5 0.0
0.016702 0.323334 0.043955 4 0.0
0.140692 0.951035 0.188251 17 3e-06
0.159081 0.050563 0.202922 8 0.999992
0.864281 0.284689 0.980436 11 0.0
0.865212 0.35919 0.980821 11 0.0
0.828229 0.285117 0.984706 11 0.0
0.86335 0.210188 0.980052 11 0.0
0.900333 0.284261 0.976166 11 0.0
0.019124 0.88105 0.082808 4 0.0
0.019793 0.903733 0.081406 4 0.0
0.019929 0.882709 0.110045 4 0.0
0.018455 0.858367 0.084209 4 0.0
0.01832 0.879391 0.05557 4 0.0
0.977942 0.050274 0.143758 8 0.997316
0.607803 0.81069 0.717858 16 1.6e-05
0.640402 0.814866 0.721893 16 1.6e-05
0.602836 0.854819 0.712317 16 1.6e-05
0.575204 0.806514 0.713824 16 1.6e-05
0.61277 0.766561 0.7234 16 1.6e-05
0.865055 0.88358 0.97814 11 0.0
0.827926 0.883278 0.982868 11 0.0
0.864816 0.905451 0.977666 11 0.0
0.902183 0.883882 0.973412 11 0.0
0.865293 0.861708 0.978614 11 0.0
0.048004 0.771867 0.2178 3 0.0
0.98758 0.826463 0.847126 12 0.0
0.987196 0.863452 0.832356 12 0.0
0.98658 0.840353 0.88194 12 0.0
0.987964 0.789474 0.861896 12 0.0
0.98858 0.812572 0.812312 12 0.0
0.012516 0.702615 0.043457 4 2e-06
0.015695 0.394621 0.110962 4 0.0
0.855985 0.835894 0.980149 11 0.0
0.889196 0.845924 0.975259 11 0.0
0.845454 0.87089 0.980406 11 0.0
0.822774 0.825864 0.985039 11 0.0
0.866516 0.800898 0.979892 11 0.0
0.319637 0.950774 0.047743 17 0.074274
0.987275 0.683498 0.400482 12 0.0
0.986085 0.753121 0.367096 12 0.0
0.987384 0.727842 0.492954 12 0.0
0.988464 0.613874 0.433868 12 0.0
0.987165 0.639154 0.308011 12 0.0
0.185707 0.324392 0.217126 1 1.0
0.131692 0.070772 0.214652 3 4e-06
0.132396 0.077922 0.214912 3 4e-06
0.153408 0.068587 0.215962 3 4e-06
0.130989 0.063622 0.214392 3 4e-06
0.109977 0.072957 0.213342 3 4e-06
0.011882 0.063439 0.054686 4 0.999999
0.012173 0.064725 0.044324 4 0.999999
0.010717 0.067046 0.055101 4 0.999999
0.011591 0.062152 0.065047 4 0.999999
0.013047 0.059831 0.05427 4 0.999999
0.866737 0.150761 0.979368 11 0.0
0.87257 0.183183 0.978986 11 0.0
0.90292 0.144207 0.975617 11 0.0
0.860904 0.118338 0.979751 11 0.0
0.830554 0.157315 0.983119 11 0.0
0.346183 0.135097 0.470299 2 0.0
0.299534 0.145731 0.469643 2 0.0
0.351818 0.159891 0.471531 2 0.0
0.392832 0.124462 0.470955 2 0.0
0.340548 0.110302 0.469067 2 0.0
0.015806 0.772646 0.105881 4 0.0
0.015847 0.827175 0.115203 4 0.0
0.015793 0.767158 0.137988 4 0.0
0.015764 0.718118 0.09656 4 0.0
0.015818 0.778135 0.073775 4 0.0
0.865602 0.219837 0.979522 11 0.0
0.859101 0.273419 0.980857 11 0.0
0.829853 0.215369 0.984789 11 0.0
0.872102 0.166255 0.978188 11 0.0
0.90135 0.224305 0.974255 11 0.0
0.896855 0.165297 0.072274 10 0.0
0.923826 0.171043 0.075168 10 0.0
0.904488 0.128444 0.0743 10 0.0
0.869884 0.159552 0.06938 10 0.0
0.889222 0.20215 0.070247 10 0.0
0.864132 0.813302 0.980478 11 0.0
0.826758 0.810489 0.985502 11 0.0
0.860695 0.856347 0.979009 11 0.0
0.901506 0.816114 0.975455 11 0.0
0.86757 0.770256 0.981948 11 0.0
0.566556 0.053862 0.701341 15 0.999993
0.029975 0.47653 0.217679 3 0.0
0.817882 0.240562 0.984866 11 0.0
0.815546 0.300932 0.986334 11 0.0
0.796417 0.239645 0.98842 11 0.0
0.820218 0.180193 0.983398 11 0.0
0.839347 0.241479 0.981313 11 0.0
0.177387 0.048325 0.041946 8 0.054253
0.985874 0.129987 0.807245 12 0.0
0.986547 0.154391 0.810035 12 0.0
0.983417 0.124668 0.854349 12 0.0
0.985201 0.105583 0.804454 12 0.0
0.988332 0.135306 0.76014 12 0.0
0.019436 0.919182 0.10116 4 7.5e-05
0.018922 0.929161 0.102133 4 7.5e-05
0.020667 0.916103 0.133375 4 7.5e-05
0.019949 0.909203 0.100186 4 7.5e-05
0.018204 0.922261 0.068945 4 7.5e-05
0.545567 0.067518 0.703067 15 8.5e-05
0.545794 0.074 0.702495 15 8.5e-05
0.558898 0.06714 0.704059 15 8.5e-05
0.545341 0.061035 0.703639 15 8.5e-05
0.532237 0.067896 0.702075 15 8.5e-05
0.398121 0.758623 0.466763 2 0.0
0.406556 0.817593 0.465335 2 0.0
0.427092 0.754507 0.467885 2 0.0
0.389686 0.699654 0.46819 2 0.0
0.36915 0.76274 0.465641 2 0.0
0.181325 0.18934 0.332803 1 0.0
0.180356 0.184219 0.366016 1 0.0
0.180655 0.145688 0.326053 1 0.0
0.182294 0.19446 0.299591 1 0.0
0.181994 0.232991 0.339553 1 0.0
0.985692 0.186341 0.127276 12 0.018675
0.77078 0.949588 0.781885 17 0.004372
0.019954 0.794811 0.0041 4 0.990572
0.014217 0.634895 0.069147 4 0.0
0.94343 0.94705 0.964759 11 0.002833
0.175287 0.708097 0.391548 1 0.001307
0.156287 0.500349 0.212648 3 0.0
0.865364 0.706783 0.981836 11 0.0
0.829914 0.7017 0.987008 11 0.0
0.854436 0.782667 0.981508 11 0.0
0.900814 0.711866 0.976663 11 0.0
0.876292 0.630898 0.982163 11 0.0
0.021988 0.294938 0.197211 4 0.824393
0.013186 0.664918 0.031763 4 0.000964
0.014245 0.450098 0.037711 4 0.0
0.496379 0.67124 0.652895 6 0.007599
0.056432 0.60851 0.195811 4 0.0
0.044147 0.609794 0.19629 4 0.0
0.053078 0.575489 0.19832 4 0.0
0.068717 0.607226 0.195332 4 0.0
0.059785 0.641532 0.193302 4 0.0
0.018561 0.228532 0.025431 4 0.000463
0.471768 0.87878 0.047053 5 0.0
0.475462 0.900656 0.049014 5 0.0
0.531335 0.868351 0.051179 5 0.0
0.468074 0.856904 0.045091 5 0.0
0.4122 0.889209 0.042926 5 0.0
0.566911 0.052791 0.092227 9 0.0
0.6786 0.052372 0.66738 8 0.0
0.965611 0.066729 0.471314 13 0.997196
0.280234 0.843288 0.027149 5 0.0
0.361887 0.824755 0.032774 5 0.0
0.27394 0.81507 0.025541 5 0.0
0.198581 0.861821 0.021523 5 0.0
0.286528 0.871506 0.028756 5 0.0
0.028756 0.122361 0.213827 3 2e-06
0.863302 0.512281 0.982275 11 0.0
0.700408 0.125826 0.724591 14 0.0
0.984459 0.076237 0.335169 12 0.0
0.014928 0.351038 0.04356 4 0.0
0.970009 0.944399 0.57907 17 0.0
0.098698 0.688314 0.215248 3 0.0
0.073497 0.688657 0.215749 3 0.0
0.097593 0.60644 0.215749 3 0.0
0.123899 0.68797 0.214746 3 0.0
0.099803 0.770187 0.214746 3 0.0
0.342799 0.335695 0.463686 2 0.0
0.323908 0.422777 0.464095 2 0.0
0.39068 0.346086 0.462819 2 0.0
0.36169 0.248614 0.463278 2 0.0
0.294919 0.325304 0.464554 2 0.0
0.014934 0.321178 0.209629 4 0.999952
0.195238 0.051616 0.316193 8 0.001686
0.108739 0.343778 0.215392 3 0.0
0.838916 0.61372 0.067162 10 0.0
0.842179 0.717966 0.068239 10 0.0
0.884093 0.612255 0.072075 10 0.0
0.835652 0.509474 0.066085 10 0.0
0.793738 0.615185 0.062249 10 0.0
0.857199 0.047927 0.814316 8 0.0
0.818748 0.048094 0.822287 8 0.0
0.868328 0.048827 0.867981 8 0.0
0.89565 0.04776 0.806345 8 0.0
0.84607 0.047026 0.760651 8 0.0
0.878561 0.938708 0.450438 17 0.0
0.985034 0.495861 0.143001 12 0.0
0.177844 0.751786 0.449276 1 1.5e-05
0.987302 0.69703 0.561753 12 0.0
0.986792 0.773596 0.552633 12 0.0
0.986379 0.711585 0.684 12 0.0
0.987812 0.620463 0.570873 12 0.0
0.988225 0.682474 0.439505 12 0.0
0.103857 0.578365 0.130899 4 0.0
0.077748 0.579114 0.133623 4 0.0
0.100914 0.50836 0.121926 4 0.0
0.129966 0.577617 0.128174 4 0.0
0.1068 0.64837 0.139871 4 0.0
0.676959 0.881182 0.715262 16 0.001355
0.686023 0.903672 0.712867 16 0.001355
0.663427 0.886204 0.711203 16 0.001355
0.667896 0.858693 0.717657 16 0.001355
0.690491 0.876161 0.719321 16 0.001355
0.176532 0.756006 0.457737 1 0.992274
0.723391 0.682244 0.873796 14 0.0
0.725427 0.761324 0.869173 14 0.0
0.730453 0.684212 0.910573 14 0.0
0.721356 0.603164 0.878418 14 0.0
0.71633 0.680276 0.837018 14 0.0
0.986214 0.396424 0.133881 12 0.044147
0.789038 0.952444 0.155161 17 0.0
0.727163 0.953523 0.153825 17 0.0
0.788435 0.952502 0.183136 17 0.0
0.850912 0.951364 0.156497 17 0.0
0.789641 0.952385 0.127185 17 0.0
0.166787 0.601577 0.21123 3 0.006914
0.985625 0.828164 0.464577 12 0.0
0.98516 0.866525 0.464779 12 0.0
0.987934 0.827627 0.571917 12 0.0
0.986089 0.789804 0.464375 12 0.0
0.983316 0.828702 0.357236 12 0.0
0.893855 0.948241 0.292104 17 0.0
0.923594 0.948161 0.29333 17 0.0
0.891037 0.948052 0.360409 17 0.0
0.864116 0.94832 0.290877 17 0.0
0.896672 0.94843 0.223799 17 0.0
0.936333 0.45644 0.968889 11 0.0
0.108719 0.723931 0.214583 3 0.0
0.11478 0.794302 0.213888 3 0.0
0.081666 0.726269 0.215351 3 0.0
0.102659 0.653561 0.215278 3 0.0
0.135773 0.721594 0.213814 3 0.0
0.017421 0.607466 0.148784 4 0.0
0.850771 0.505067 0.067349 10 0.0
0.892932 0.505401 0.072052 10 0.0
0.851942 0.3687 0.066517 10 0.0
0.808609 0.504734 0.062647 10 0.0
0.849599 0.641434 0.068182 10 0.0
0.179815 0.514525 0.449786 1 0.0
0.934048 0.298795 0.96857 11 0.0
0.401944 0.823399 0.03689 5 0.0
0.404312 0.864036 0.038974 5 0.0
0.285478 0.830607 0.028705 5 0.0
0.399575 0.782763 0.034806 5 0.0
0.518409 0.816192 0.045075 5 0.0
0.407403 0.604836 0.472314 2 0.0
0.863489 0.500061 0.982402 11 0.0
0.850646 0.36454 0.982756 11 0.0
0.981577 0.068685 0.867377 13 0.0
0.982391 0.531298 0.892655 12 0.0
0.678638 0.81838 0.728468 16 0.012693
0.17736 0.563749 0.366366 1 0.0
0.988456 0.190111 0.587056 12 0.0
0.989542 0.234185 0.589004 12 0.0
0.987104 0.184994 0.703591 12 0.0
0.98737 0.146038 0.585108 12 0.0
0.989808 0.195229 0.470522 12 0.0
0.985686 0.362261 0.152875 12 0.000151
0.43143 0.422444 0.469304 2 0.0
0.944037 0.556406 0.970529 11 0.0
0.016493 0.555145 0.03223 4 1e-06
0.989441 0.502727 0.776114 12 0.0
0.99043 0.635553 0.77779 12 0.0
0.987769 0.501992 0.835369 12 0.0
0.988453 0.3699 0.774438 12 0.0
0.991113 0.503462 0.716859 12 0.0
0.177754 0.332904 0.411033 1 0.0
0.154603 0.618148 0.013125 5 0.0
0.195978 0.624198 0.015754 5 0.0
0.169635 0.516053 0.011508 5 0.0
0.113228 0.612098 0.010496 5 0.0
0.139571 0.720243 0.014742 5 0.0
0.943009 0.184967 0.277625 12 0.0
0.942605 0.224437 0.277965 12 0.0
0.939835 0.184477 0.330849 12 0.0
0.943413 0.145497 0.277286 12 0.0
0.946183 0.185458 0.224402 12 0.0
0.578129 0.952871 0.134524 17 0.0
0.986935 0.34413 0.163128 12 0.0
0.508145 0.949838 0.559024 17 3.2e-05
0.419937 0.954526 0.35065 17 0.0
0.493568 0.9582 0.348605 17 0.0
0.420969 0.954256 0.387317 17 0.0
0.346306 0.950852 0.352696 17 0.0
0.418904 0.954796 0.313984 17 0.0
0.985071 0.256731 0.517687 12 0.0
0.98694 0.321874 0.513284 12 0.0
0.985367 0.265989 0.654787 12 0.0
0.983202 0.191588 0.522089 12 0.0
0.984775 0.247474 0.380586 12 0.0
0.788474 0.391735 0.988687 11 0.0
0.78454 0.503033 0.060687 10 0.0
0.846674 0.505065 0.067205 10 0.0
0.789132 0.366203 0.059559 10 0.0
0.722405 0.501001 0.054168 10 0.0
0.779947 0.639863 0.061814 10 0.0
0.45878 0.635602 0.466757 2 0.998507
0.963357 0.947113 0.200903 17 0.0
0.864298 0.410226 0.980714 11 0.0
0.178215 0.443247 0.279741 1 0.0
0.981891 0.831443 0.908979 13 0.0
0.980216 0.871215 0.907032 13 0.0
0.98011 0.832266 0.927329 13 0.0
0.983566 0.79167 0.910925 13 0.0
0.983671 0.830619 0.890629 13 0.0
0.543296 0.364799 0.040638 10 0.0
0.67591 0.351921 0.051571 10 0.0
0.534069 0.26965 0.040485 10 0.0
0.410682 0.377676 0.029705 10 0.0
0.552522 0.459947 0.040791 10 0.0
0.014153 0.534663 0.058126 4 0.0
0.204508 0.05249 0.211533 8 0.005122
0.176934 0.55816 0.304944 1 0.0
0.407164 0.058256 0.053616 9 0.999743
0.989004 0.644817 0.802123 12 0.0
0.987763 0.640146 0.852023 12 0.0
0.990421 0.547804 0.793077 12 0.0
0.990244 0.649488 0.752223 12 0.0
0.987587 0.74183 0.811169 12 0.0
0.899839 0.048667 0.379671 8 0.0
0.984669 0.570025 0.137863 18 0.0
0.251391 0.253331 0.0145 10 0.0
0.258807 0.314775 0.013753 10 0.0
0.178596 0.262078 0.011301 10 0.0
0.243974 0.191886 0.015248 10 0.0
0.324185 0.244583 0.0177 10 0.0
0.174374 0.608344 0.374215 1 0.000265
0.985398 0.575963 0.568342 12 0.0
0.985491 0.684062 0.531317 12 0.0
0.984586 0.616196 0.685805 12 0.0
0.985304 0.467865 0.605367 12 0.0
0.986209 0.53573 0.450878 12 0.0
0.986417 0.440449 0.851943 12 0.0
0.801327 0.951665 0.719341 17 0.0
0.82912 0.951916 0.716645 17 0.0
0.809505 0.950681 0.803586 17 0.0
0.773533 0.951414 0.722036 17 0.0
0.793149 0.952649 0.635095 17 0.0
0.73013 0.473441 0.891324 14 0.0
0.031279 0.441426 0.21761 3 0.0
0.08362 0.502115 0.007393 5 0.0
0.016249 0.532666 0.080259 4 0.0
0.984166 0.079044 0.468751 12 0.0
0.829831 0.891303 0.97829 11 0.0
0.828205 0.910516 0.977768 11 0.0
0.857543 0.893547 0.974587 11 0.0
0.831456 0.87209 0.978811 11 0.0
0.802119 0.889059 0.981993 11 0.0
0.503939 0.953828 0.313717 17 0.0
0.474492 0.952995 0.356347 17 0.0
0.61915 0.954034 0.393303 17 0.0
0.533386 0.95466 0.271087 17 0.0
0.388729 0.953621 0.23413 17 0.0
0.829267 0.949894 0.507478 17 0.0
0.873381 0.948179 0.501022 17 0.0
0.847878 0.947808 0.635199 17 0.0
0.785153 0.951609 0.513934 17 0.0
0.810656 0.951981 0.379758 17 0.0
0.015658 0.464504 0.109597 4 0.0
0.961109 0.606482 0.912741 13 0.0
0.9874 0.165307 0.67948 12 0.0
0.989708 0.202231 0.680075 12 0.0
0.98461 0.164293 0.753172 12 0.0
0.985092 0.128383 0.678884 12 0.0
0.99019 0.166322 0.605787 12 0.0
0.886487 0.948434 0.493571 17 0.0
0.017296 0.645055 0.144417 4 0.0
0.01653 0.3409 0.043683 4 0.999873
0.981935 0.061209 0.447093 12 0.0
0.89994 0.35684 0.975058 11 0.0
0.863172 0.482027 0.982035 11 0.0
0.987601 0.835599 0.545444 12 0.0
0.628483 0.684389 0.725705 16 1e-05
0.177982 0.482054 0.246396 1 0.0
0.784912 0.365476 0.98356 11 0.0
0.727128 0.41768 0.053517 10 0.0
0.804375 0.430668 0.062067 10 0.0
0.745709 0.306417 0.054664 10 0.0
0.649882 0.404692 0.044966 10 0.0
0.708548 0.528944 0.05237 10 0.0
0.107395 0.457491 0.215902 3 0.0
0.444775 0.427089 0.439096 6 0.0
0.428849 0.448495 0.39624 6 0.0
0.450766 0.460182 0.453399 6 0.0
0.4607 0.405682 0.481952 6 0.0
0.438783 0.393996 0.424792 6 0.0
0.019296 0.611065 0.040952 4 0.0
0.983917 0.618945 0.904192 13 0.0
0.985992 0.856722 0.547917 12 0.0
0.022135 0.08937 0.218049 3 0.999984
0.949805 0.121766 0.21309 12 0.0
0.648165 0.954022 0.23413 17 0.0
0.744949 0.953038 0.242931 17 0.0
0.643226 0.954653 0.288519 17 0.0
0.551382 0.955005 0.225329 17 0.0
0.653105 0.95339 0.179741 17 0.0
0.985204 0.189462 0.465958 12 0.0
0.986899 0.233891 0.462855 12 0.0
0.986791 0.197281 0.578768 12 0.0
0.983508 0.145033 0.469061 12 0.0
0.983616 0.181643 0.353148 12 0.0
0.014649 0.455166 0.049539 4 0.0
0.471601 0.537604 0.505787 7 0.0
0.200306 0.923523 0.465032 2 0.0
0.196113 0.932746 0.463855 2 0.0
0.191918 0.919746 0.465316 2 0.0
0.204499 0.9143 0.466209 2 0.0
0.208693 0.9273 0.464749 2 0.0
0.177211 0.394001 0.367987 1 0.0
0.17491 0.058586 0.422958 1 0.68607
0.640037 0.358621 0.045649 10 0.0
0.745748 0.349596 0.056018 10 0.0
0.63217 0.265129 0.044475 10 0.0
0.534326 0.367646 0.03528 10 0.0
0.647903 0.452112 0.046823 10 0.0
0.712324 0.113062 0.764866 14 0.0
0.709175 0.131507 0.757438 14 0.0
0.715588 0.123721 0.789952 14 0.0
0.715473 0.094616 0.772294 14 0.0
0.709059 0.102402 0.739781 14 0.0
0.985234 0.25417 0.139767 12 0.000199
0.301054 0.623658 0.421304 2 0.0
0.300906 0.708072 0.409709 2 0.0
0.260503 0.623441 0.420244 2 0.0
0.301203 0.539243 0.432899 2 0.0
0.341605 0.623875 0.422364 2 0.0
0.987097 0.914857 0.631032 13 0.0
0.014064 0.762167 0.091401 4 0.0
0.014573 0.819941 0.100134 4 0.0
0.013926 0.758139 0.118054 4 0.0
0.013555 0.704392 0.082669 4 0.0
0.014202 0.766194 0.064749 4 0.0
0.078048 0.300955 0.218142 3 0.0
0.150382 0.659526 0.010686 5 0.0
0.131668 0.749108 0.009022 5 0.0
0.188066 0.667447 0.013292 5 0.0
0.169095 0.569945 0.01235 5 0.0
0.112698 0.651606 0.008079 5 0.0
0.714833 0.15188 0.052252 10 0.0
0.720446 0.179533 0.052346 10 0.0
0.631511 0.168826 0.041809 10 0.0
0.709221 0.124226 0.052157 10 0.0
0.798156 0.134933 0.062694 10 0.0
0.754463 0.951167 0.118198 17 0.0
0.487405 0.823112 0.607271 6 0.000213
0.496751 0.83395 0.640733 6 0.000213
0.490071 0.78463 0.618991 6 0.000213
0.478059 0.812273 0.573809 6 0.000213
0.484738 0.861593 0.595552 6 0.000213
0.979993 0.645319 0.941024 13 0.0
0.015638 0.717462 0.108394 4 0.0
0.015869 0.788973 0.111907 4 0.0
0.015925 0.715814 0.141916 4 0.0
0.015408 0.645951 0.104881 4 0.0
0.015352 0.71911 0.074871 4 0.0
0.59382 0.951737 0.538197 17 0.0
0.630899 0.952903 0.533662 17 0.0
0.600498 0.949541 0.592236 17 0.0
0.556741 0.95057 0.542731 17 0.0
0.587142 0.953932 0.484158 17 0.0
0.127087 0.091638 0.216614 3 0.0
0.128916 0.105417 0.217301 3 0.0
0.147128 0.088908 0.217997 3 0.0
0.125258 0.077858 0.215927 3 0.0
0.107046 0.094367 0.215231 3 0.0
0.138169 0.950732 0.201772 17 0.019865
0.016052 0.069505 0.0585 4 0.046656
0.016148 0.07067 0.038047 4 0.046656
0.015708 0.077181 0.058936 4 0.046656
0.015956 0.06834 0.078953 4 0.046656
0.016396 0.06183 0.058064 4 0.046656
0.807621 0.948448 0.938378 17 0.0
0.812627 0.948688 0.954996 17 0.0
0.787329 0.948556 0.944488 17 0.0
0.802616 0.948207 0.921759 17 0.0
0.827914 0.94834 0.932267 17 0.0
0.970762 0.074552 0.927942 13 0.969403
0.971118 0.081705 0.932026 13 0.969403
0.970141 0.073184 0.930393 13 0.969403
0.970406 0.067399 0.923859 13 0.969403
0.971383 0.07592 0.925492 13 0.969403
0.17616 0.911355 0.348159 1 0.0
0.175766 0.924317 0.347667 1 0.0
0.176401 0.912814 0.386441 1 0.0
0.176555 0.898392 0.34865 1 0.0
0.17592 0.909895 0.309876 1 0.0
0.870929 0.079333 0.979088 11 0.0
0.176655 0.176236 0.418209 1 0.0
0.176271 0.217011 0.417626 1 0.0
0.176478 0.17647 0.434673 1 0.0
0.177038 0.13546 0.418792 1 0.0
0.176831 0.176002 0.401745 1 0.0
0.984922 0.216392 0.824136 12 0.0
0.985444 0.267191 0.833454 12 0.0
0.982305 0.208411 0.867793 12 0.0
0.9844 0.165594 0.814817 12 0.0
0.987539 0.224374 0.780479 12 0.0
0.941286 0.094567 0.967841 11 0.0
0.930768 0.107837 0.968835 11 0.0
0.932735 0.087644 0.969777 11 0.0
0.951804 0.081297 0.966847 11 0.0
0.949837 0.10149 0.965904 11 0.0
0.058875 0.930121 0.215763 3 0.001078
0.058744 0.937908 0.215437 3 0.001078
0.073428 0.930387 0.216249 3 0.001078
0.059007 0.922335 0.216089 3 0.001078
0.044323 0.929856 0.215277 3 0.001078
0.168587 0.947414 0.017349 17 0.999845
0.019918 0.793125 0.199747 4 0.216137
0.985582 0.159762 0.147551 12 0.0
0.986763 0.1956 0.157725 12 0.0
0.985551 0.154591 0.165767 12 0.0
0.984402 0.123923 0.137377 12 0.0
0.985613 0.164932 0.129336 12 0.0
0.014273 0.842712 0.071119 4 0.0
0.014884 0.877287 0.063368 4 0.0
0.013888 0.847764 0.093625 4 0.0
0.013661 0.808137 0.078869 4 0.0
0.014657 0.83766 0.048612 4 0.0
0.01658 0.682856 0.145001 4 0.0
0.016564 0.615261 0.112033 4 0.0
0.016845 0.618263 0.14301 4 0.0
0.016916 0.515895 0.121662 4 0.0
0.016283 0.612258 0.081056 4 0.0
0.016212 0.714626 0.102404 4 0.0
0.571878 0.810834 0.71561 16 0.006407
0.593586 0.811797 0.718643 16 0.006407
0.570373 0.855128 0.712309 16 0.006407
0.55017 0.80987 0.712577 16 0.006407
0.573383 0.766539 0.718911 16 0.006407
0.015175 0.250629 0.119038 4 0.0
0.015168 0.312258 0.112985 4 0.0
0.01524 0.253633 0.149618 4 0.0
0.015182 0.189 0.125091 4 0.0
0.01511 0.247626 0.088458 4 0.0
0.16793 0.23677 0.010541 10 0.0
0.181772 0.294205 0.009976 10 0.0
0.121754 0.247881 0.008674 10 0.0
0.154088 0.179336 0.011106 10 0.0
0.214106 0.22566 0.012409 10 0.0
0.014331 0.332764 0.060455 4 0.0
0.986548 0.767615 0.867723 12 0.0
0.985167 0.825886 0.873046 12 0.0
0.986286 0.76483 0.898138 12 0.0
0.98793 0.709344 0.8624 12 0.0
0.986811 0.7704 0.837308 12 0.0
0.237963 0.04914 0.062897 9 2.2e-05
0.273653 0.298246 0.470734 2 0.0
0.273835 0.372851 0.471463 2 0.0
0.304591 0.298153 0.472551 2 0.0
0.27347 0.223642 0.470005 2 0.0
0.242714 0.29834 0.468917 2 0.0
0.470668 0.496856 0.524712 6 0.022014
0.4705 0.519559 0.524726 6 0.022014
0.478378 0.496895 0.554991 6 0.022014
0.470837 0.474153 0.524699 6 0.022014
0.462958 0.496817 0.494434 6 0.022014
0.018733 0.146356 0.195464 4 0.0
0.016284 0.219061 0.11082 4 0.0
0.015529 0.272245 0.100614 4 0.0
0.016245 0.224591 0.139634 4 0.0
0.017039 0.165878 0.121027 4 0.0
0.016323 0.213532 0.082007 4 0.0
0.174883 0.748785 0.35763 1 1e-06
0.175156 0.810926 0.354059 1 1e-06
0.175553 0.750745 0.39179 1 1e-06
0.174611 0.686644 0.361202 1 1e-06
0.174214 0.746825 0.323471 1 1e-06
0.245201 0.054593 0.409587 8 0.0
0.222178 0.054981 0.412054 8 0.0
0.247112 0.053482 0.427595 8 0.0
0.268225 0.054205 0.407121 8 0.0
0.243291 0.055705 0.391579 8 0.0
0.724672 0.172635 0.855455 14 0.0
0.722823 0.211074 0.85821 14 0.0
0.732864 0.169854 0.899749 14 0.0
0.726522 0.134195 0.8527 14 0.0
0.71648 0.175415 0.811161 14 0.0
0.982513 0.179952 0.966217 11 0.999999
0.049009 0.685031 0.218181 3 0.0
0.986858 0.86888 0.855026 12 0.0
0.98658 0.893404 0.848258 12 0.0
0.985802 0.878163 0.888703 12 0.0
0.987137 0.844357 0.861795 12 0.0
0.987915 0.859598 0.821349 12 0.0
0.025007 0.94865 0.208142 17 0.830841
0.029304 0.948384 0.209009 17 0.830841
0.024407 0.950218 0.2116 17 0.830841
0.020711 0.948916 0.207276 17 0.830841
0.025608 0.947082 0.204685 17 0.830841
0.179647 0.196895 0.245798 1 0.0
0.177997 0.242908 0.245786 1 0.0
0.18121 0.196956 0.266632 1 0.0
0.181297 0.150882 0.245809 1 0.0
0.178084 0.196834 0.224964 1 0.0
0.019346 0.939824 0.156334 4 0.111732
0.015961 0.40722 0.109839 4 0.0
0.016965 0.836625 0.019661 4 0.154216
0.318872 0.128592 0.471523 2 0.0
0.320903 0.153134 0.473367 2 0.0
0.363274 0.124772 0.47346 2 0.0
0.316841 0.104051 0.469679 2 0.0
0.274471 0.132412 0.469586 2 0.0
0.016605 0.662323 0.108332 4 0.0
0.017133 0.670254 0.078744 4 0.0
0.01745 0.726085 0.125438 4 0.0
0.016077 0.654392 0.13792 4 0.0
0.01576 0.598562 0.091227 4 0.0
0.561183 0.949259 0.654587 17 0.004461
0.540489 0.948769 0.648764 17 0.004461
0.556367 0.949186 0.671708 17 0.004461
0.581878 0.949748 0.660411 17 0.004461
0.566 0.949331 0.637467 17 0.004461
0.85096 0.080471 0.980493 11 0.0
0.196276 0.952169 0.098201 17 0.002463
0.138626 0.951038 0.085664 17 0.002463
0.190725 0.952703 0.123674 17 0.002463
0.253925 0.953301 0.110738 17 0.002463
0.201826 0.951635 0.072727 17 0.002463
0.976143 0.939023 0.962301 11 0.186424
0.976614 0.943908 0.963045 11 0.186424
0.979263 0.938573 0.963282 11 0.186424
0.975672 0.934138 0.961558 11 0.186424
0.973023 0.939473 0.961321 11 0.186424
0.161832 0.857862 0.214559 3 0.0
0.018581 0.726329 0.002674 4 0.999962
0.020551 0.897812 0.177136 4 0.0
0.020371 0.900247 0.190586 4 0.0
0.019586 0.880819 0.180199 4 0.0
0.020732 0.895378 0.163687 4 0.0
0.021517 0.914806 0.174073 4 0.0
0.336895 0.145602 0.473821 2 0.0
0.287172 0.134409 0.470018 2 0.0
0.3306 0.173206 0.474876 2 0.0
0.386618 0.156795 0.477625 2 0.0
0.343189 0.117999 0.472767 2 0.0
0.620881 0.342339 0.714648 15 0.0
0.015781 0.094191 0.031254 4 0.017793
0.015098 0.109634 0.030487 4 0.017793
0.015425 0.094735 0.042535 4 0.017793
0.016463 0.078748 0.03202 4 0.017793
0.016136 0.093647 0.019972 4 0.017793
0.865689 0.194974 0.979145 11 0.0
0.874124 0.241553 0.978148 11 0.0
0.829758 0.20157 0.983337 11 0.0
0.857254 0.148394 0.980142 11 0.0
0.90162 0.188377 0.974954 11 0.0
0.104617 0.875398 0.215496 3 0.0
0.131724 0.883592 0.215488 3 0.0
0.111521 0.852561 0.215716 3 0.0
0.077511 0.867204 0.215505 3 0.0
0.097714 0.898235 0.215276 3 0.0
0.813241 0.309494 0.986226 11 0.0
0.984651 0.888949 0.88807 13 0.0
0.984641 0.906437 0.879553 13 0.0
0.983579 0.900282 0.911342 13 0.0
0.984661 0.87146 0.896587 13 0.0
0.985723 0.877615 0.864798 13 0.0
0.759687 0.91978 0.993607 11 0.12602
0.763518 0.920137 0.992082 11 0.12602
0.758888 0.930688 0.994149 11 0.12602
0.755856 0.919424 0.995131 11 0.12602
0.760486 0.908872 0.993064 11 0.12602
0.806192 0.875668 0.986549 11 2.5e-05
0.824335 0.870987 0.983661 11 2.5e-05
0.812122 0.899749 0.984768 11 2.5e-05
0.788049 0.88035 0.989438 11 2.5e-05
0.800262 0.851588 0.988331 11 2.5e-05
0.015198 0.471179 0.115353 4 0.0
0.01878 0.83571 0.200781 4 0.001674
0.638774 0.073387 0.702551 15 2e-06
0.928844 0.94689 0.942562 17 1e-05
0.910576 0.946792 0.944838 17 1e-05
0.930197 0.947971 0.953467 17 1e-05
0.947112 0.946988 0.940286 17 1e-05
0.927491 0.945808 0.931657 17 1e-05
0.920994 0.07546 0.957126 11 3e-06
0.625145 0.953831 0.457021 17 0.0
0.660369 0.955475 0.426681 17 0.0
0.700028 0.952346 0.543879 17 0.0
0.58992 0.952187 0.487361 17 0.0
0.550261 0.955316 0.370163 17 0.0
0.014795 0.349711 0.059588 4 0.0
0.127508 0.949599 0.137483 17 0.0
0.092183 0.948677 0.137567 17 0.0
0.127574 0.949421 0.163008 17 0.0
0.162833 0.950522 0.137399 17 0.0
0.127443 0.949778 0.111958 17 0.0
0.022398 0.522022 0.031411 4 4.2e-05
0.019308 0.27371 0.192027 4 0.0
0.015152 0.105347 0.109428 4 0.0
0.014703 0.123504 0.110552 4 0.0
0.015416 0.103223 0.143826 4 0.0
0.015602 0.08719 0.108303 4 0.0
0.014888 0.107472 0.075029 4 0.0
0.026097 0.80748 0.211617 3 0.364963
0.737658 0.944601 0.893245 14 0.931705
0.017887 0.946248 0.096327 4 0.7664
0.015082 0.352354 0.094695 4 0.0
0.825384 0.912866 0.983433 11 0.000821
0.826923 0.925192 0.983602 11 0.000821
0.800255 0.915956 0.986865 11 0.000821
0.823845 0.900539 0.983264 11 0.000821
0.850513 0.909775 0.980001 11 0.000821
0.98495 0.92458 0.131704 18 0.99957
0.984946 0.92628 0.131794 18 0.99957
0.984999 0.924516 0.132913 18 0.99957
0.984954 0.92288 0.131614 18 0.99957
0.984901 0.924644 0.130495 18 0.99957
0.047811 0.050515 0.017551 8 0.74091
0.034423 0.053098 0.017248 8 0.74091
0.047712 0.050734 0.023823 8 0.74091
0.061199 0.047932 0.017853 8 0.74091
0.04791 0.050296 0.011279 8 0.74091
0.874596 0.052649 0.965232 8 0.0
0.861656 0.335537 0.979665 11 0.0
0.84436 0.42444 0.983612 11 0.0
0.829406 0.329115 0.983005 11 0.0
0.878952 0.246635 0.975718 11 0.0
0.893905 0.34196 0.976325 11 0.0
0.39009 0.178583 0.470046 2 0.0
0.362759 0.154169 0.470261 2 0.0
0.359804 0.2125 0.47152 2 0.0
0.417421 0.202998 0.469832 2 0.0
0.420375 0.144667 0.468573 2 0.0
0.726787 0.111375 0.846605 14 0.0
0.725038 0.131819 0.844725 14 0.0
0.733962 0.116369 0.894224 14 0.0
0.728537 0.090932 0.848485 14 0.0
0.719612 0.106381 0.798986 14 0.0
0.983814 0.150025 0.839413 12 0.0
0.986049 0.163948 0.800615 12 0.0
0.983889 0.17913 0.849862 12 0.0
0.981578 0.136102 0.878211 12 0.0
0.983738 0.12092 0.828964 12 0.0
0.022958 0.049855 0.025527 8 0.999999
0.019632 0.04909 0.025469 8 0.999999
0.022989 0.048881 0.036563 8 0.999999
0.026284 0.050619 0.025586 8 0.999999
0.022927 0.050828 0.014492 8 0.999999
0.101616 0.112294 0.217605 3 0.0
0.128727 0.112423 0.218479 3 0.0
0.101509 0.132252 0.218007 3 0.0
0.074506 0.112165 0.21673 3 0.0
0.101724 0.092337 0.217203 3 0.0
0.866146 0.147006 0.978958 11 0.0
0.902397 0.152717 0.973964 11 0.0
0.870972 0.115838 0.978348 11 0.0
0.829895 0.141296 0.983952 11 0.0
0.86132 0.178175 0.979567 11 0.0
0.971689 0.946073 0.849185 17 0.000162
0.847494 0.178249 0.065847 10 0.0
0.867026 0.211321 0.06772 10 0.0
0.886228 0.155077 0.071084 10 0.0
0.827963 0.145176 0.063973 10 0.0
0.808761 0.20142 0.06061 10 0.0
0.691653 0.055695 0.700454 15 0.999935
0.984528 0.100479 0.393646 12 0.0
0.794635 0.108138 0.060305 10 0.0
0.020239 0.253524 0.016609 4 0.999642
0.016892 0.415399 0.164285 4 0.0
0.979216 0.05825 0.557913 13 1e-06
0.779424 0.048827 0.615989 8 0.0
0.721898 0.049169 0.561692 8 0.0
0.753572 0.049435 0.643382 8 0.0
0.83695 0.048486 0.670286 8 0.0
0.805276 0.048219 0.588596 8 0.0
0.929806 0.267119 0.963491 11 0.0
0.04359 0.224389 0.21895 3 0.0
0.070835 0.671143 0.037019 5 0.0
0.021238 0.70407 0.204587 4 0.0
0.01428 0.401914 0.048678 4 0.0
0.709381 0.101346 0.736523 14 0.0
0.706825 0.118183 0.733747 14 0.0
0.712343 0.104247 0.751392 14 0.0
0.711938 0.08451 0.739299 14 0.0
0.706419 0.098445 0.721654 14 0.0
0.983095 0.072753 0.115565 12 0.0
0.982756 0.082629 0.11387 12 0.0
0.984945 0.074982 0.128177 12 0.0
0.983434 0.062878 0.11726 12 0.0
0.981245 0.070525 0.102952 12 0.0
0.01665 0.295961 0.043057 4 0.0
0.957805 0.051509 0.290955 8 0.016656
0.920129 0.048983 0.625592 8 0.0
0.05927 0.929012 0.206407 3 0.0
0.044737 0.928673 0.205692 3 0.0
0.059404 0.920736 0.207622 3 0.0
0.073804 0.929351 0.207122 3 0.0
0.059137 0.937287 0.205192 3 0.0
0.266285 0.934285 0.46556 2 0.007333
0.753492 0.949262 0.816726 17 0.008572
0.981659 0.05649 0.752605 13 0.0
0.974657 0.286987 0.960301 11 0.059661
0.981786 0.786895 0.927178 13 0.0
0.172045 0.800916 0.214144 3 0.664265
0.4842 0.04967 0.143645 8 0.0
0.981058 0.06876 0.923322 13 0.0
0.980678 0.075156 0.921703 13 0.0
0.979923 0.072299 0.937564 13 0.0
0.981437 0.062363 0.924942 13 0.0
0.982193 0.065221 0.909081 13 0.0
0.016993 0.914456 0.212619 4 0.999993
0.203416 0.085202 0.117847 9 0.338654
0.260134 0.080121 0.141086 9 0.338654
0.191938 0.084721 0.145756 9 0.338654
0.146699 0.090282 0.094607 9 0.338654
0.214895 0.085682 0.089938 9 0.338654
0.171561 0.682269 0.214619 3 0.999994
0.976475 0.257688 0.96045 11 0.999954
0.864844 0.928469 0.979777 11 0.0
0.174836 0.948195 0.398542 1 0.995836
0.397027 0.458875 0.468112 2 0.0
0.941628 0.949621 0.968522 11 0.999998
0.462204 0.109865 0.49604 6 1e-06
0.464307 0.102563 0.505379 6 1e-06
0.459798 0.091194 0.481982 6 1e-06
0.460101 0.117168 0.486701 6 1e-06
0.464609 0.128537 0.510099 6 1e-06
0.971923 0.947182 0.468543 17 0.0
0.155834 0.499653 0.21308 3 0.0
0.176829 0.053522 0.209097 8 0.79791
0.982582 0.290345 0.895265 12 0.0
0.982162 0.06611 0.563514 12 0.0
0.016798 0.364802 0.047347 4 0.0
0.784429 0.949779 0.145826 17 0.0
0.785309 0.949758 0.120751 17 0.0
0.848318 0.947502 0.148072 17 0.0
0.783548 0.949801 0.170901 17 0.0
0.720539 0.952057 0.143581 17 0.0
0.595758 0.050264 0.102207 8 0.999925
0.047297 0.720065 0.191914 3 0.0
0.019726 0.661077 0.186702 4 0.0
0.762562 0.069688 0.798437 8 0.0
0.176471 0.578687 0.4148 1 0.0
0.120246 0.056704 0.015587 8 0.999836
0.185265 0.741133 0.01536 5 0.0
0.158689 0.804745 0.014803 5 0.0
0.232042 0.760703 0.018497 5 0.0
0.21184 0.677521 0.015917 5 0.0
0.138488 0.721563 0.012223 5 0.0
0.976499 0.94713 0.337651 17 0.0
0.438696 0.053087 0.375913 8 0.0
0.446313 0.053061 0.348462 8 0.0
0.367589 0.047242 0.356188 8 0.0
0.43108 0.053112 0.403363 8 0.0
0.509804 0.058931 0.395637 8 0.0
0.984855 0.083419 0.289609 12 0.0
0.977412 0.925726 0.507825 13 2e-06
0.175496 0.506355 0.399884 1 0.0
0.167282 0.949937 0.035362 17 0.001403
0.654079 0.051187 0.103898 8 0.0
0.186948 0.541055 0.441476 1 3e-06
0.181903 0.618187 0.446498 1 1.7e-05
0.014897 0.540445 0.046729 4 0.0
0.983488 0.11548 0.330589 12 0.0
0.626921 0.135959 0.048669 10 0.0
0.018633 0.458636 0.18463 4 0.0
0.08868 0.720787 0.006854 5 0.0
0.809769 0.951251 0.630219 17 0.0
0.84609 0.949394 0.615611 17 0.0
0.851851 0.952927 0.734637 17 0.0
0.773448 0.953108 0.644827 17 0.0
0.767688 0.949575 0.5258 17 0.0
0.982091 0.074882 0.645067 12 0.0
0.672595 0.727336 0.736093 16 0.00233
0.847087 0.046975 0.654471 8 0.0
0.803267 0.046827 0.655121 8 0.0
0.848629 0.047983 0.758775 8 0.0
0.890907 0.047123 0.653822 8 0.0
0.845544 0.045968 0.550167 8 0.0
0.175646 0.716838 0.419347 1 0.0
0.470757 0.081398 0.530035 7 0.023374
0.470854 0.092035 0.530901 7 0.023374
0.4768 0.07899 0.558927 7 0.023374
0.47066 0.070761 0.529169 7 0.023374
0.464714 0.083806 0.501143 7 0.023374
0.926436 0.721006 0.973271 11 0.0
0.922968 0.132775 0.075344 10 0.0
0.921942 0.1607 0.07428 10 0.0
0.943181 0.133607 0.077664 10 0.0
0.923995 0.104851 0.076408 10 0.0
0.902755 0.131944 0.073024 10 0.0
0.309712 0.952706 0.223443 17 0.0
0.271956 0.94959 0.239391 17 0.0
0.335323 0.951285 0.283797 17 0.0
0.347468 0.955822 0.207495 17 0.0
0.284101 0.954127 0.163088 17 0.0
0.479277 0.770972 0.574592 6 0.0
0.473829 0.824355 0.550254 6 0.0
0.490085 0.789014 0.611745 6 0.0
0.484726 0.717589 0.598931 6 0.0
0.468469 0.75293 0.537439 6 0.0
0.982853 0.398129 0.145686 12 0.0
0.732042 0.651317 0.936637 14 5.8e-05
0.177325 0.258886 0.389784 1 0.0
0.178143 0.324118 0.391429 1 0.0
0.177123 0.258247 0.415231 1 0.0
0.176507 0.193654 0.388139 1 0.0
0.177526 0.259525 0.364337 1 0.0
0.932929 0.9472 0.147984 17 0.0
0.914816 0.947257 0.1475 17 0.0
0.932312 0.946724 0.171031 17 0.0
0.951042 0.947143 0.148468 17 0.0
0.933546 0.947676 0.124937 17 0.0
0.725556 0.870525 0.84243 14 0.0
0.728189 0.888706 0.848832 14 0.0
0.731904 0.85332 0.88868 14 0.0
0.722923 0.852343 0.836028 14 0.0
0.719208 0.887729 0.79618 14 0.0
0.8503 0.048702 0.735607 8 0.0
0.808399 0.048359 0.740815 8 0.0
0.859812 0.049477 0.812185 8 0.0
0.8922 0.049044 0.730399 8 0.0
0.840788 0.047926 0.65903 8 0.0
0.986139 0.372222 0.157813 12 0.0
0.456806 0.288566 0.03299 10 0.0
0.450778 0.361101 0.03122 10 0.0
0.324035 0.277316 0.024183 10 0.0
0.462835 0.216031 0.03476 10 0.0
0.589577 0.299816 0.041797 10 0.0
0.116268 0.545262 0.010819 5 0.0
0.021798 0.532263 0.210164 4 0.0
0.129806 0.052652 0.16891 8 0.0
0.130119 0.053252 0.153375 8 0.0
0.167401 0.05165 0.169629 8 0.0
0.129493 0.052052 0.184444 8 0.0
0.09221 0.053654 0.168191 8 0.0
0.50145 0.950534 0.135256 17 0.0
0.988152 0.646689 0.858716 12 0.0
0.988183 0.739147 0.858449 12 0.0
0.986891 0.646788 0.892793 12 0.0
0.988121 0.554231 0.858984 12 0.0
0.989413 0.64659 0.82464 12 0.0
0.017615 0.498606 0.065755 4 0.0
0.476238 0.951887 0.457721 17 0.0
0.390788 0.88767 0.466939 2 0.0
0.393668 0.907827 0.466967 2 0.0
0.423125 0.883046 0.468919 2 0.0
0.387907 0.867513 0.466911 2 0.0
0.35845 0.892294 0.464959 2 0.0
0.987152 0.827974 0.653842 12 0.0
0.987125 0.864289 0.65151 12 0.0
0.985853 0.834179 0.750462 12 0.0
0.987178 0.79166 0.656174 12 0.0
0.98845 0.82177 0.557222 12 0.0
0.969237 0.762232 0.961024 11 7e-06
0.926573 0.910147 0.800049 17 0.000643
0.937276 0.91168 0.801775 17 0.000643
0.923349 0.908418 0.821591 17 0.000643
0.915871 0.908614 0.798324 17 0.000643
0.929798 0.911876 0.778508 17 0.000643
0.884058 0.446351 0.978245 11 0.0
0.431481 0.876669 0.041507 5 0.0
0.113979 0.635636 0.009596 5 0.0
0.017691 0.569969 0.178168 4 0.0
0.984463 0.793207 0.540951 12 0.0
0.984636 0.841255 0.542469 12 0.0
0.983385 0.789004 0.674166 12 0.0
0.984289 0.745159 0.539434 12 0.0
0.98554 0.79741 0.407736 12 0.0
0.639987 0.95225 0.088319 17 7.2e-05
0.34353 0.432926 0.471876 2 0.0
0.348067 0.532673 0.473652 2 0.0
0.392496 0.430654 0.474369 2 0.0
0.338992 0.333178 0.4701 2 0.0
0.294563 0.435197 0.469383 2 0.0
0.985641 0.380759 0.14497 12 4.7e-05
0.532704 0.953377 0.396698 17 0.0
0.342891 0.639225 0.472463 2 0.0
0.369041 0.732282 0.4733 2 0.0
0.383848 0.627712 0.472871 2 0.0
0.316741 0.546167 0.471626 2 0.0
0.301934 0.650738 0.472054 2 0.0
0.033507 0.116852 0.215887 3 0.0
0.017396 0.371362 0.179593 4 0.0
0.87246 0.04715 0.615662 8 0.0
0.836998 0.047223 0.615896 8 0.0
0.873184 0.047593 0.725412 8 0.0
0.907922 0.047077 0.615428 8 0.0
0.871736 0.046707 0.505912 8 0.0
0.726768 0.39522 0.903077 14 0.0
0.342897 0.072939 0.469692 2 0.0
0.281831 0.949463 0.362409 17 0.0
0.247499 0.948107 0.359277 17 0.0
0.278806 0.948041 0.396175 17 0.0
0.316162 0.95082 0.365542 17 0.0
0.284855 0.950885 0.328643 17 0.0
0.988671 0.799382 0.250322 12 0.0
0.987584 0.846391 0.244628 12 0.0
0.989581 0.805704 0.302343 12 0.0
0.989759 0.752373 0.256016 12 0.0
0.987761 0.79306 0.198301 12 0.0
0.134026 0.052769 0.136271 8 0.007378
0.138282 0.052584 0.111389 8 0.007378
0.173067 0.051463 0.142957 8 0.007378
0.129771 0.052955 0.161152 8 0.007378
0.094986 0.054075 0.129584 8 0.007378
0.561329 0.953376 0.164799 17 0.0
0.016333 0.354558 0.040934 4 0.0
0.983632 0.771276 0.104598 18 0.0
0.987546 0.612813 0.303258 12 0.0
0.98594 0.717391 0.311172 12 0.0
0.988455 0.607689 0.371154 12 0.0
0.989152 0.508235 0.295344 12 0.0
0.986636 0.617937 0.235361 12 0.0
0.987214 0.200129 0.488178 12 0.0
0.988444 0.247462 0.487525 12 0.0
0.987392 0.201817 0.610751 12 0.0
0.985984 0.152797 0.488832 12 0.0
0.987036 0.198442 0.365605 12 0.0
0.97817 0.060004 0.580154 13 4e-05
0.025274 0.45582 0.024945 4 0.017745
0.725993 0.858771 0.854074 14 0.0
0.728525 0.887151 0.856773 14 0.0
0.731227 0.854764 0.891299 14 0.0
0.723462 0.830392 0.851376 14 0.0
0.720759 0.862778 0.81685 14 0.0
0.480248 0.082689 0.416261 8 0.00516
0.488749 0.083196 0.410981 8 0.00516
0.495639 0.07875 0.440664 8 0.00516
0.471746 0.082183 0.421541 8 0.00516
0.464857 0.086629 0.391859 8 0.00516
0.978274 0.672888 0.124679 18 0.005896
0.458291 0.680062 0.461359 2 0.0
0.84427 0.947598 0.549709 17 0.0
0.801889 0.949282 0.554328 17 0.0
0.858135 0.943963 0.678242 17 0.0
0.88665 0.945915 0.545089 17 0.0
0.830405 0.951234 0.421176 17 0.0
0.947357 0.422062 0.206973 12 0.0
0.987954 0.470455 0.197959 12 0.0
0.976906 0.402279 0.963395 11 0.006509
0.922174 0.537316 0.957106 11 0.0
0.9836 0.484621 0.116772 18 0.0
0.97085 0.623049 0.9524 13 0.0
0.980945 0.547708 0.94458 13 0.0
0.175528 0.433191 0.341684 1 0.0
0.365497 0.830357 0.033628 5 0.0
0.367455 0.869411 0.035482 5 0.0
0.47284 0.824595 0.041618 5 0.0
0.363538 0.791304 0.031773 5 0.0
0.258154 0.83612 0.025637 5 0.0
0.987023 0.477475 0.199865 12 0.0
0.204676 0.174952 0.464173 2 0.0
0.253771 0.384605 0.468567 2 0.0
0.984006 0.488481 0.129219 18 0.0
0.969717 0.517176 0.931402 13 0.0
0.175864 0.717639 0.385531 1 0.001825
0.176388 0.790616 0.381306 1 0.001825
0.176605 0.71912 0.411188 1 0.001825
0.17534 0.644662 0.389757 1 0.001825
0.175123 0.716159 0.359874 1 0.001825
0.912236 0.457187 0.076023 10 0.0
0.985603 0.250872 0.111441 18 0.000371
0.968258 0.94164 0.446763 17 0.0
0.984449 0.7089 0.909752 13 0.0
0.982208 0.754934 0.908577 13 0.0
0.98252 0.709291 0.928738 13 0.0
0.98669 0.662866 0.910928 13 0.0
0.986379 0.708509 0.890767 13 0.0
0.95287 0.484886 0.966669 11 0.0
0.535015 0.948833 0.617479 17 0.002928
0.520492 0.948587 0.620441 17 0.002928
0.541164 0.947659 0.647531 17 0.002928
0.549537 0.949079 0.614517 17 0.002928
0.528866 0.950008 0.587427 17 0.002928
0.015471 0.630461 0.109381 4 0.0
0.016036 0.72682 0.117708 4 0.0
0.015621 0.627659 0.14179 4 0.0
0.014906 0.534102 0.101053 4 0.0
0.015321 0.633263 0.076972 4 0.0
0.176718 0.189116 0.389563 1 0.0
0.176625 0.192586 0.414007 1 0.0
0.176917 0.145076 0.395816 1 0.0
0.176811 0.185646 0.365119 1 0.0
0.17652 0.233155 0.383311 1 0.0
0.85565 0.950613 0.728844 17 0.0
0.89561 0.950155 0.72319 17 0.0
0.866818 0.948763 0.807917 17 0.0
0.815691 0.951071 0.734498 17 0.0
0.844483 0.952463 0.649772 17 0.0
0.015281 0.062012 0.101643 4 0.155395
0.780594 0.949057 0.871063 17 0.0
0.789557 0.947656 0.909939 17 0.0
0.765606 0.949199 0.874523 17 0.0
0.771631 0.950458 0.832186 17 0.0
0.795581 0.948914 0.867602 17 0.0
0.175831 0.882127 0.353411 1 0.0
0.175293 0.881634 0.317101 1 0.0
0.175916 0.903863 0.353115 1 0.0
0.176369 0.882619 0.389722 1 0.0
0.175745 0.86039 0.353707 1 0.0
0.016657 0.051308 0.07448 4 0.999998
0.866231 0.108917 0.979388 11 0.0
0.868809 0.127842 0.978842 11 0.0
0.902751 0.103807 0.974704 11 0.0
0.863653 0.089991 0.979935 11 0.0
0.829711 0.114026 0.984072 11 0.0
0.953788 0.121146 0.965836 11 0.0
0.951963 0.144603 0.965646 11 0.0
0.944219 0.120413 0.967256 11 0.0
0.955612 0.097688 0.966027 11 0.0
0.963357 0.121879 0.964416 11 0.0
0.981213 0.919862 0.939136 13 1e-06
0.981573 0.930853 0.938474 13 1e-06
0.980797 0.920438 0.948469 13 1e-06
0.980854 0.908871 0.939797 13 1e-06
0.98163 0.919286 0.929802 13 1e-06
0.019195 0.630158 0.196352 4 0.0
0.018259 0.372392 0.180241 4 0.0
0.01915 0.194768 0.017416 4 0.002742
0.046117 0.155237 0.109562 4 0.0
0.048176 0.185739 0.124405 4 0.0
0.052379 0.140619 0.138733 4 0.0
0.044057 0.124736 0.094719 4 0.0
0.039854 0.169856 0.080391 4 0.0
0.256399 0.134944 0.469733 2 0.0
0.275722 0.156398 0.471835 2 0.0
0.273858 0.119143 0.47051 2 0.0
0.237076 0.11349 0.467631 2 0.0
0.23894 0.150745 0.468956 2 0.0
0.484154 0.499839 0.527358 6 0.257608
0.486392 0.515495 0.527492 6 0.257608
0.490358 0.498724 0.554088 6 0.257608
0.481915 0.484183 0.527225 6 0.257608
0.477949 0.500954 0.500629 6 0.257608
0.015509 0.075247 0.104313 4 0.00086
0.016475 0.14839 0.139017 4 0.0
0.015979 0.17898 0.128491 4 0.0
0.016479 0.156353 0.162158 4 0.0
0.016971 0.1178 0.149544 4 0.0
0.016471 0.140427 0.115877 4 0.0
0.820328 0.056033 0.980224 11 2.7e-05
0.176271 0.810937 0.330226 1 1e-06
0.176612 0.852259 0.343148 1 1e-06
0.175556 0.798637 0.369576 1 1e-06
0.17593 0.769615 0.317303 1 1e-06
0.176986 0.823237 0.290876 1 1e-06
0.158438 0.379396 0.212824 3 5.4e-05
0.698408 0.954403 0.179112 17 0.0
0.784224 0.953232 0.187161 17 0.0
0.694984 0.955476 0.21578 17 0.0
0.612592 0.955573 0.171064 17 0.0
0.701833 0.95333 0.142444 17 0.0
0.177574 0.927779 0.409815 1 0.049199
0.176899 0.935714 0.40896 1 0.049199
0.176997 0.929759 0.428659 1 0.049199
0.17825 0.919843 0.410669 1 0.049199
0.178151 0.925799 0.39097 1 0.049199
0.176264 0.144184 0.240346 1 4.2e-05
0.176379 0.174823 0.240555 1 4.2e-05
0.177939 0.144061 0.257547 1 4.2e-05
0.176149 0.113544 0.240138 1 4.2e-05
0.17459 0.144307 0.223146 1 4.2e-05
0.980933 0.151355 0.919826 12 0.0
0.981648 0.182763 0.920591 12 0.0
0.979656 0.151002 0.935529 12 0.0
0.980219 0.119946 0.919062 12 0.0
0.982211 0.151708 0.904123 12 0.0
0.017889 0.904918 0.031085 4 0.003221
0.01959 0.921088 0.03019 4 0.003221
0.017872 0.905599 0.043352 4 0.003221
0.016189 0.888747 0.031981 4 0.003221
0.017907 0.904237 0.018819 4 0.003221
0.018141 0.545499 0.177322 4 0.0
0.985496 0.461825 0.152462 12 0.0
0.670434 0.952851 0.546301 17 0.0
0.607017 0.954145 0.498659 17 0.0
0.64555 0.951703 0.579394 17 0.0
0.733852 0.951556 0.593942 17 0.0
0.695318 0.953998 0.513207 17 0.0
0.148184 0.1115 0.214361 3 1.6e-05
0.159844 0.114683 0.214835 3 1.6e-05
0.153617 0.091627 0.214166 3 1.6e-05
0.136524 0.108317 0.213887 3 1.6e-05
0.142751 0.131373 0.214557 3 1.6e-05
0.147325 0.052195 0.21333 3 0.98725
0.04886 0.944644 0.200606 17 1.7e-05
0.03718 0.942634 0.199983 17 1.7e-05
0.048274 0.946221 0.206497 17 1.7e-05
0.060539 0.946655 0.201229 17 1.7e-05
0.049445 0.943068 0.194715 17 1.7e-05
0.014723 0.10958 0.002763 4 1.0
0.743931 0.950104 0.918421 17 0.999842
0.749053 0.95114 0.917708 17 0.999842
0.745591 0.947042 0.925909 17 0.999842
0.738808 0.949068 0.919133 17 0.999842
0.74227 0.953167 0.910932 17 0.999842
0.865678 0.184136 0.979085 11 0.0
0.86894 0.228099 0.97932 11 0.0
0.90213 0.18146 0.973732 11 0.0
0.862416 0.140172 0.97885 11 0.0
0.829226 0.186812 0.984439 11 0.0
0.016298 0.061496 0.045411 4 0.360547
0.016321 0.066348 0.045596 4 0.360547
0.015943 0.060942 0.060019 4 0.360547
0.016275 0.056644 0.045227 4 0.360547
0.016653 0.062049 0.030804 4 0.360547
0.716715 0.138476 0.797512 14 0.0
0.713604 0.166933 0.791444 14 0.0
0.721858 0.14689 0.834339 14 0.0
0.719826 0.110018 0.803579 14 0.0
0.711572 0.130061 0.760684 14 0.0
0.285434 0.051159 0.133925 8 0.0
0.369738 0.05014 0.145516 8 0.0
0.280733 0.051825 0.168171 8 0.0
0.201129 0.052179 0.122333 8 0.0
0.290134 0.050494 0.099678 8 0.0
0.297328 0.050889 0.08033 8 0.0
0.687277 0.079686 0.705374 15 0.002066
0.688466 0.089517 0.705332 15 0.002066
0.67109 0.081638 0.704058 15 0.002066
0.686087 0.069854 0.705417 15 0.002066
0.703463 0.077734 0.70669 15 0.002066
0.970722 0.946584 0.902399 17 4e-06
0.855842 0.9498 0.143944 17 0.0
0.813119 0.951297 0.14023 17 0.0
0.853832 0.94944 0.166921 17 0.0
0.898565 0.948302 0.147658 17 0.0
0.857852 0.95016 0.120966 17 0.0
0.412495 0.905927 0.03936 5 0.0
0.198171 0.058722 0.207744 8 0.990744
0.952608 0.948586 0.969789 11 1.0
0.022164 0.527178 0.036544 4 0.0
0.0603 0.053422 0.144548 8 0.0
0.075658 0.053613 0.146411 8 0.0
0.057483 0.053249 0.167797 8 0.0
0.044942 0.053231 0.142686 8 0.0
0.063117 0.053596 0.1213 8 0.0
0.968117 0.055372 0.965978 11 1e-06
0.967943 0.058156 0.964934 11 1e-06
0.97392 0.055151 0.964426 11 1e-06
0.96829 0.052588 0.967023 11 1e-06
0.962313 0.055593 0.967531 11 1e-06
0.971253 0.948552 0.607525 17 0.0
0.020862 0.936162 0.179843 4 7e-06
0.020329 0.941702 0.179458 4 7e-06
0.020872 0.937088 0.193162 4 7e-06
0.021395 0.930621 0.180228 4 7e-06
0.020852 0.935235 0.166524 4 7e-06
0.014674 0.530446 0.075208 4 0.0
0.614854 0.899875 0.709496 16 0.006423
0.649391 0.900876 0.710578 16 0.006423
0.614411 0.916971 0.707831 16 0.006423
0.580318 0.898875 0.708414 16 0.006423
0.615298 0.882779 0.711161 16 0.006423
0.892504 0.063913 0.977024 11 0.0
0.176808 0.941 0.348511 1 0.162289
0.98484 0.18524 0.102234 18 0.004341
0.25614 0.116006 0.015073 10 0.0
0.931742 0.242053 0.969473 11 0.0
0.01518 0.92672 0.211506 4 0.999871
0.238696 0.054891 0.351853 8 3e-06
0.217813 0.054894 0.349982 8 3e-06
0.23545 0.054668 0.388084 8 3e-06
0.259579 0.054888 0.353723 8 3e-06
0.241942 0.055114 0.315621 8 3e-06
0.864405 0.29634 0.980241 11 0.0
0.858385 0.374449 0.981389 11 0.0
0.828862 0.293541 0.984281 11 0.0
0.870424 0.218231 0.979093 11 0.0
0.899948 0.299138 0.976201 11 0.0
0.016925 0.940083 0.212434 3 1.0
0.016719 0.945808 0.21243 3 1.0
0.015719 0.940041 0.214617 3 1.0
0.017132 0.934357 0.212438 3 1.0
0.018132 0.940125 0.210251 3 1.0
0.016445 0.776303 0.126004 4 0.0
0.01643 0.828858 0.124305 4 0.0
0.017021 0.777252 0.155336 4 0.0
0.01646 0.723749 0.127703 4 0.0
0.015869 0.775355 0.096672 4 0.0
0.954976 0.944726 0.755454 17 0.0
0.975731 0.948391 0.146709 17 3e-06
0.935733 0.057283 0.969658 11 1e-05
0.84779 0.949034 0.975089 17 0.0
0.456349 0.143123 0.484931 6 0.026919
0.189474 0.870362 0.018053 5 0.0
0.244461 0.862852 0.021917 5 0.0
0.185963 0.844403 0.017558 5 0.0
0.134487 0.877873 0.01419 5 0.0
0.192985 0.896321 0.018549 5 0.0
0.018545 0.213504 0.208432 4 0.995125
0.988772 0.178436 0.280791 12 0.0
0.989763 0.21738 0.278842 12 0.0
0.990249 0.181506 0.342885 12 0.0
0.987782 0.139492 0.282739 12 0.0
0.987296 0.175367 0.218696 12 0.0
0.016186 0.76756 0.130946 4 0.0
0.015712 0.824344 0.131086 4 0.0
0.016291 0.767493 0.158394 4 0.0
0.01666 0.710775 0.130806 4 0.0
0.016081 0.767626 0.103498 4 0.0
0.969556 0.93945 0.740537 17 0.0
0.285003 0.840075 0.469014 2 0.0
0.266069 0.8087 0.470402 2 0.0
0.257256 0.856804 0.46865 2 0.0
0.303938 0.871451 0.467626 2 0.0
0.31275 0.823346 0.469378 2 0.0
0.945002 0.063473 0.59757 8 0.003333
0.939558 0.945771 0.271792 17 0.0
0.982521 0.08094 0.493684 12 0.0
0.016495 0.431401 0.11074 4 0.0
0.975175 0.687279 0.118494 18 9e-06
0.499307 0.949048 0.604211 17 0.999984
0.020845 0.930582 0.13937 4 0.0
0.947931 0.948933 0.970045 11 0.999997
0.128229 0.052156 0.189829 8 0.000151
0.744258 0.70909 0.984425 14 0.026181
0.765825 0.748905 0.994948 11 0.0
0.853362 0.946917 0.91819 17 0.0
0.817618 0.947942 0.916624 17 0.0
0.852463 0.947001 0.938777 17 0.0
0.889106 0.945892 0.919755 17 0.0
0.854261 0.946834 0.897602 17 0.0
0.927057 0.948189 0.964568 17 0.0
0.161957 0.053482 0.208429 8 0.202998
0.864603 0.813724 0.980273 11 0.0
0.827146 0.813564 0.98514 11 0.0
0.86421 0.856675 0.978658 11 0.0
0.902059 0.813883 0.975406 11 0.0
0.864995 0.770772 0.981889 11 0.0
0.778944 0.842473 0.991176 11 1e-06
0.521645 0.930873 0.704169 16 0.14958
0.519972 0.938972 0.702622 16 0.14958
0.515729 0.92959 0.703852 16 0.14958
0.523319 0.922774 0.705717 16 0.14958
0.527562 0.932156 0.704487 16 0.14958
0.018573 0.721646 0.175035 4 0.0
0.982499 0.076448 0.53931 12 0.0
0.982704 0.090402 0.571365 12 0.0
0.968113 0.883081 0.448077 12 0.0
0.017856 0.489578 0.016331 4 0.000263
0.982155 0.554279 0.911827 13 0.0
0.98616 0.098777 0.313914 12 0.0
0.458271 0.862234 0.042195 5 0.0
0.015403 0.55037 0.04227 4 0.0
0.248448 0.951672 0.211436 17 0.003126
0.224079 0.951218 0.212161 17 0.003126
0.250234 0.951174 0.271145 17 0.003126
0.272817 0.952126 0.210711 17 0.003126
0.246662 0.95217 0.151727 17 0.003126
0.013493 0.601303 0.023938 4 0.002946
0.051549 0.167645 0.218057 3 0.0
0.118527 0.394747 0.216024 3 0.0
0.02121 0.860135 0.003924 4 0.998648
0.473123 0.074581 0.533596 7 0.001348
0.478919 0.919585 0.567933 6 0.0
0.979821 0.065879 0.436256 12 0.0
0.951075 0.050814 0.907765 8 0.0
0.938667 0.050428 0.908417 8 0.0
0.95222 0.05222 0.930376 8 0.0
0.963484 0.051199 0.907113 8 0.0
0.949931 0.049408 0.885154 8 0.0
0.952485 0.946269 0.926643 17 0.0
0.941478 0.945466 0.925043 17 0.0
0.950316 0.94578 0.941803 17 0.0
0.963491 0.947073 0.928244 17 0.0
0.954653 0.946758 0.911483 17 0.0
0.982734 0.849713 0.104974 18 0.0
0.979017 0.863544 0.104149 18 0.0
0.983934 0.850567 0.113891 18 0.0
0.98645 0.835882 0.105798 18 0.0
0.981533 0.848859 0.096057 18 0.0
0.01418 0.576004 0.033041 4 0.0
0.176289 0.846745 0.42765 1 0.0
0.175068 0.879351 0.424199 1 0.0
0.176272 0.848107 0.440527 1 0.0
0.177509 0.814139 0.431101 1 0.0
0.176305 0.845383 0.414773 1 0.0
0.016836 0.460377 0.164308 4 0.0
0.01714 0.644654 0.172266 4 0.0
0.017764 0.164646 0.170361 4 0.0
0.017306 0.20074 0.168769 4 0.0
0.018088 0.165343 0.186052 4 0.0
0.018222 0.128553 0.171954 4 0.0
0.017439 0.16395 0.154671 4 0.0
0.588546 0.950163 0.693734 17 3.6e-05
0.797962 0.948122 0.91529 17 0.0
0.779101 0.948544 0.917957 17 0.0
0.801429 0.947407 0.939919 17 0.0
0.816823 0.9477 0.912622 17 0.0
0.794495 0.948838 0.89066 17 0.0
0.305917 0.15599 0.471701 2 0.0
0.346455 0.160492 0.47354 2 0.0
0.309535 0.12381 0.470732 2 0.0
0.265379 0.151488 0.469862 2 0.0
0.3023 0.18817 0.47267 2 0.0
0.865009 0.883534 0.978147 11 0.0
0.827891 0.882389 0.983007 11 0.0
0.864265 0.905408 0.977628 11 0.0
0.902127 0.88468 0.973287 11 0.0
0.865752 0.861661 0.978666 11 0.0
0.976875 0.945589 0.935483 11 4e-06
0.962177 0.72574 0.968023 11 0.0
0.411611 0.835674 0.467648 2 0.0
0.389409 0.841018 0.465669 2 0.0
0.420344 0.871866 0.4674 2 0.0
0.433813 0.83033 0.469627 2 0.0
0.402878 0.799482 0.467896 2 0.0
0.176379 0.514693 0.43477 1 0.0
0.925516 0.503945 0.971512 11 0.0
0.365486 0.953133 0.108923 17 0.023799
0.76607 0.567971 0.994512 11 1e-06
0.019193 0.051599 0.198276 3 0.99974
0.021513 0.053162 0.19842 3 0.99974
0.019078 0.051082 0.205754 3 0.99974
0.016872 0.050036 0.198133 3 0.99974
0.019307 0.052115 0.190798 3 0.99974
0.023664 0.354185 0.216471 3 0.041881
0.055141 0.681286 0.004869 5 0.0
0.176482 0.13487 0.436656 1 3e-06
0.175904 0.163172 0.436142 1 3e-06
0.176106 0.135055 0.447256 1 3e-06
0.177059 0.106567 0.43717 1 3e-06
0.176857 0.134685 0.426055 1 3e-06
0.985338 0.256071 0.163122 12 0.0
0.986565 0.320591 0.167018 12 0.0
0.98561 0.25457 0.187909 12 0.0
0.984111 0.191551 0.159227 12 0.0
0.985067 0.257573 0.138336 12 0.0
0.983425 0.895784 0.111226 18 1e-06
0.981788 0.915189 0.108638 18 1e-06
0.984315 0.897234 0.121531 18 1e-06
0.985063 0.876379 0.113815 18 1e-06
0.982535 0.894334 0.100921 18 1e-06
0.834658 0.948994 0.18993 17 0.0
0.786818 0.950253 0.197231 17 0.0
0.840154 0.947661 0.226168 17 0.0
0.882498 0.947736 0.182628 17 0.0
0.829162 0.950328 0.153691 17 0.0
0.019631 0.644299 0.189605 4 4e-06
0.983538 0.707704 0.129359 12 0.0
0.976074 0.943221 0.274832 17 0.997083
0.015112 0.459216 0.034583 4 0.0
0.692196 0.877535 0.06065 5 0.0
0.920647 0.946889 0.214322 17 0.0
0.942701 0.947506 0.214449 17 0.0
0.920398 0.946882 0.257749 17 0.0
0.898593 0.946271 0.214195 17 0.0
0.920896 0.946895 0.170895 17 0.0
0.976967 0.463908 0.097516 18 0.000519
0.973304 0.946843 0.181396 17 0.0
0.984434 0.717263 0.819784 12 0.0
0.983686 0.790316 0.834868 12 0.0
0.982631 0.708291 0.863146 12 0.0
0.985182 0.64421 0.8047 12 0.0
0.986237 0.726235 0.776422 12 0.0
0.983997 0.595365 0.114994 18 0.0
0.526099 0.838527 0.04823 5 0.0
0.917837 0.541204 0.195934 12 0.0
0.016406 0.415042 0.138935 4 0.0
0.923011 0.947614 0.52833 17 0.0
0.179699 0.443526 0.446531 1 0.0
0.93706 0.946729 0.331349 17 0.0
0.985641 0.413654 0.178373 12 0.0
0.772084 0.217262 0.057917 10 0.0
0.707902 0.23057 0.050417 10 0.0
0.782253 0.266558 0.058371 10 0.0
0.836266 0.203953 0.065416 10 0.0
0.761915 0.167965 0.057462 10 0.0
0.7208 0.942723 0.106092 17 0.0
0.976958 0.948301 0.279296 17 0.0
0.013504 0.500976 0.059385 4 0.0
0.159958 0.643132 0.011832 5 0.0
0.201092 0.651234 0.014791 5 0.0
0.178546 0.548035 0.013796 5 0.0
0.118824 0.635031 0.008874 5 0.0
0.14137 0.73823 0.009868 5 0.0
0.11678 0.369329 0.213558 3 0.0
0.977106 0.754754 0.118581 18 0.000158
0.731393 0.95185 0.581525 17 0.0
0.654895 0.954322 0.508597 17 0.0
0.704648 0.950793 0.609544 17 0.0
0.807891 0.949378 0.654453 17 0.0
0.758139 0.952907 0.553506 17 0.0
0.984209 0.44985 0.109086 18 1e-06
0.978664 0.575277 0.946054 13 0.0
0.570716 0.950028 0.1079 17 0.0
0.026236 0.236299 0.216519 3 0.003468
0.950507 0.499293 0.969885 11 0.0
0.604739 0.953182 0.367266 17 0.0
0.640652 0.954044 0.323583 17 0.0
0.713709 0.952291 0.456836 17 0.0
0.568826 0.952321 0.410949 17 0.0
0.495769 0.954074 0.277696 17 0.0
0.046177 0.261349 0.217856 3 0.0
0.180067 0.306825 0.439302 1 0.0
0.984928 0.452985 0.127832 18 0.0
0.339053 0.796704 0.467198 2 0.0
0.311438 0.832777 0.467546 2 0.0
0.380276 0.828269 0.466342 2 0.0
0.366668 0.76063 0.46685 2 0.0
0.297831 0.765139 0.468055 2 0.0
0.979298 0.945514 0.374411 17 1.5e-05
0.420157 0.867019 0.039262 5 0.0
0.548898 0.885833 0.05058 5 0.0
0.98697 0.207522 0.634148 12 0.0
0.988583 0.257214 0.63661 12 0.0
0.986121 0.202485 0.736378 12 0.0
0.985357 0.15783 0.631686 12 0.0
0.987818 0.212559 0.531919 12 0.0
0.44967 0.052236 0.454008 8 0.0
0.439192 0.051932 0.449608 8 0.0
0.448023 0.050651 0.458038 8 0.0
0.460147 0.05254 0.458407 8 0.0
0.451316 0.053821 0.449977 8 0.0
0.183098 0.945857 0.255095 1 1.9e-05
0.709305 0.95165 0.623208 17 2e-06
0.64049 0.951532 0.610589 17 2e-06
0.704257 0.950895 0.650742 17 2e-06
0.778119 0.951768 0.635827 17 2e-06
0.714352 0.952404 0.595675 17 2e-06
0.078283 0.279636 0.218003 3 0.0
0.976216 0.615343 0.95881 11 1e-06
0.385711 0.052544 0.412501 8 0.0
0.971462 0.720643 0.963523 11 0.000235
0.938796 0.335153 0.968634 11 0.0
0.502515 0.90483 0.047163 5 0.0
0.966871 0.940441 0.535424 17 0.0
0.80551 0.437624 0.989655 11 0.0
0.97479 0.51959 0.959952 11 2.7e-05
0.795481 0.440159 0.991427 11 0.0
0.983468 0.485946 0.130238 12 0.0
0.737835 0.319349 0.943332 14 0.0
0.544753 0.054155 0.651252 8 0.0
0.557492 0.054676 0.643123 8 0.0
0.554824 0.054497 0.667057 8 0.0
0.532014 0.053635 0.65938 8 0.0
0.534682 0.053813 0.635446 8 0.0
0.168048 0.503543 0.213812 3 2.2e-05
0.437909 0.492897 0.465956 2 0.0
0.018814 0.313289 0.010805 4 0.989
0.985168 0.195527 0.398045 12 0.0
0.986499 0.239174 0.392774 12 0.0
0.985844 0.207338 0.496017 12 0.0
0.983837 0.15188 0.403316 12 0.0
0.984492 0.183716 0.300073 12 0.0
0.552998 0.954658 0.402264 17 0.0
0.886006 0.588414 0.211799 12 0.0
0.019644 0.593092 0.02251 4 0.048516
0.175568 0.664566 0.446164 1 0.0
0.985085 0.099648 0.584476 12 0.0
0.441637 0.052491 0.432007 8 0.0
0.94155 0.947709 0.47216 17 0.0
0.458862 0.505715 0.467213 6 0.99997
0.201883 0.949667 0.25367 17 0.0
0.059167 0.681129 0.005605 5 0.0
0.647562 0.951629 0.606897 17 0.0
0.598042 0.95094 0.605663 17 0.0
0.646772 0.950675 0.639099 17 0.0
0.697081 0.952319 0.608132 17 0.0
0.648351 0.952584 0.574695 17 0.0
0.158989 0.369545 0.212277 3 0.02044
0.980858 0.483236 0.898772 12 0.0
0.266203 0.528577 0.018933 10 0.0
0.342028 0.531799 0.024233 10 0.0
0.271483 0.405152 0.018412 10 0.0
0.190378 0.525356 0.013633 10 0.0
0.973775 0.949045 0.27368 17 0.0
0.943557 0.946338 0.514812 17 0.0
0.684759 0.839851 0.069383 5 0.0
0.684229 0.875487 0.071034 5 0.0
0.779032 0.840709 0.081087 5 0.0
0.685288 0.804216 0.067732 5 0.0
0.590485 0.838994 0.057679 5 0.0
0.954611 0.945181 0.300534 17 0.0
0.870702 0.569616 0.980938 11 0.0
0.480438 0.423591 0.574294 6 0.0
0.4743 0.436815 0.543742 6 0.0
0.486535 0.489378 0.601545 6 0.0
0.486575 0.410366 0.604847 6 0.0
0.474341 0.357803 0.547043 6 0.0
0.502608 0.954609 0.399271 17 4.8e-05
0.982654 0.517307 0.108412 18 0.0
0.017945 0.947055 0.030617 4 0.999999
0.175681 0.149985 0.350053 1 0.0
0.175546 0.150011 0.386264 1 0.0
0.176297 0.118055 0.350078 1 0.0
0.175816 0.14996 0.313841 1 0.0
0.175065 0.181915 0.350027 1 0.0
0.960221 0.951062 0.965928 11 1.0
0.018021 0.051625 0.088659 4 0.999967
0.862775 0.947984 0.894474 17 0.0
0.86291 0.947861 0.921929 17 0.0
0.824051 0.948932 0.894668 17 0.0
0.862641 0.948107 0.867019 17 0.0
0.901499 0.947037 0.89428 17 0.0
0.012674 0.63588 0.039194 4 8e-06
0.016625 0.052265 0.089117 4 0.999898
0.827356 0.116771 0.970103 11 0.0
0.81577 0.132629 0.968687 11 0.0
0.849162 0.131918 0.961316 11 0.0
0.838943 0.100913 0.97152 11 0.0
0.805551 0.101624 0.978891 11 0.0
0.177752 0.214625 0.44993 1 3.6e-05
0.866234 0.056809 0.97003 11 0.000771
0.486755 0.078003 0.6054 6 0.057309
0.015902 0.295902 0.112436 4 0.0
0.015694 0.372804 0.108112 4 0.0
0.015585 0.29776 0.145492 4 0.0
0.016109 0.219 0.116759 4 0.0
0.016218 0.294044 0.079379 4 0.0
0.016323 0.275802 0.049473 4 0.0
0.017025 0.134075 0.022271 4 1e-06
0.01421 0.123699 0.064631 4 0.0
0.013262 0.148572 0.062193 4 0.0
0.01376 0.125771 0.08594 4 0.0
0.015158 0.098826 0.06707 4 0.0
0.01466 0.121627 0.043322 4 0.0
0.986703 0.907925 0.81503 12 0.0
0.986073 0.922557 0.814807 12 0.0
0.985711 0.908603 0.862375 12 0.0
0.987332 0.893293 0.815252 12 0.0
0.987695 0.907247 0.767685 12 0.0
0.036131 0.899984 0.216954 3 0.000144
0.035391 0.917386 0.215949 3 0.000144
0.028927 0.899662 0.216682 3 0.000144
0.03687 0.882581 0.217959 3 0.000144
0.043335 0.900306 0.217225 3 0.000144
0.202537 0.054426 0.338601 8 0.0
0.016226 0.547501 0.110147 4 0.0
0.0237 0.294468 0.211975 3 0.999651
0.037709 0.94616 0.165441 17 0.043728
0.029793 0.945893 0.165473 17 0.043728
0.037829 0.944887 0.184593 17 0.043728
0.045624 0.946428 0.165409 17 0.043728
0.037589 0.947434 0.146289 17 0.043728
0.95824 0.049038 0.332637 8 2e-05
0.11528 0.066435 0.215256 3 0.055956
0.796286 0.056424 0.989536 11 0.0
0.277099 0.953693 0.119628 17 4e-05
0.195555 0.952454 0.103818 17 4e-05
0.271443 0.954349 0.14875 17 4e-05
0.358643 0.954932 0.135438 17 4e-05
0.282755 0.953037 0.090506 17 4e-05
0.871784 0.092829 0.978762 11 0.0
0.873796 0.106579 0.978318 11 0.0
0.90605 0.087665 0.974183 11 0.0
0.869771 0.079079 0.979206 11 0.0
0.837517 0.097993 0.983341 11 0.0
0.892395 0.051606 0.944323 8 0.0
0.863159 0.05269 0.950954 8 0.0
0.895134 0.051806 0.956364 8 0.0
0.921631 0.050522 0.937692 8 0.0
0.889657 0.051407 0.932283 8 0.0
0.017673 0.947561 0.024139 4 1.0
0.019492 0.793739 0.003696 4 0.999532
0.847959 0.051537 0.985723 11 1.0
0.049449 0.054681 0.169888 9 0.0
0.037539 0.054475 0.168185 9 0.0
0.047225 0.054385 0.185474 9 0.0
0.061359 0.054888 0.171592 9 0.0
0.051673 0.054978 0.154303 9 0.0
0.669083 0.100297 0.704671 15 0.0
0.675973 0.11161 0.705479 15 0.0
0.65019 0.11193 0.702917 15 0.0
0.662192 0.088985 0.703863 15 0.0
0.687975 0.088665 0.706425 15 0.0
0.332288 0.052061 0.439553 8 0.0
0.98573 0.572656 0.164179 12 0.0
0.552854 0.95135 0.506453 17 1e-06
0.579618 0.952031 0.500754 17 1e-06
0.566512 0.948924 0.57031 17 1e-06
0.526089 0.950669 0.512152 17 1e-06
0.539196 0.953776 0.442596 17 1e-06
0.976535 0.847157 0.965227 11 1.0
0.28336 0.084633 0.47054 2 0.0
0.018787 0.903322 0.116306 4 0.0
0.018974 0.9184 0.114943 4 0.0
0.019145 0.906293 0.149203 4 0.0
0.0186 0.888244 0.11767 4 0.0
0.018429 0.900351 0.08341 4 0.0
0.873205 0.069938 0.979044 11 0.0
0.903861 0.917209 0.973898 11 0.0
0.90374 0.928588 0.974597 11 0.0
0.878484 0.916767 0.976692 11 0.0
0.903983 0.905829 0.973199 11 0.0
0.929239 0.917651 0.971103 11 0.0
0.823098 0.92567 0.985149 11 0.004243
0.823572 0.934205 0.986171 11 0.004243
0.798852 0.926647 0.988234 11 0.004243
0.822624 0.917136 0.984128 11 0.004243
0.847345 0.924693 0.982065 11 0.004243
0.03948 0.053308 0.214742 3 0.99999
0.865417 0.052326 0.960702 8 0.0
0.020226 0.756138 0.197552 4 0.05827
0.648984 0.055122 0.697713 15 2e-06
0.910761 0.062757 0.972369 11 3.7e-05
0.860986 0.346925 0.980233 11 0.0
0.843932 0.440238 0.984127 11 0.0
0.82864 0.340876 0.983518 11 0.0
0.87804 0.253613 0.976339 11 0.0
0.893331 0.352974 0.976948 11 0.0
0.020259 0.9498 0.211553 17 0.999995
0.98659 0.24476 0.800659 12 0.0
0.988115 0.304386 0.788185 12 0.0
0.984339 0.255306 0.850792 12 0.0
0.985065 0.185134 0.813133 12 0.0
0.988841 0.234215 0.750526 12 0.0
0.014041 0.946237 0.099202 4 0.999636
0.854081 0.077617 0.981896 11 0.0
0.923053 0.945959 0.920151 17 0.0
0.902435 0.946063 0.924306 17 0.0
0.926615 0.945927 0.937826 17 0.0
0.943671 0.945856 0.915996 17 0.0
0.919492 0.945992 0.902476 17 0.0
0.98526 0.453452 0.84287 12 0.0
0.500901 0.914882 0.048942 5 0.0
0.016798 0.507191 0.164936 4 0.0
0.733994 0.050842 0.650344 8 0.0
0.44095 0.135734 0.468545 2 0.0
0.439016 0.164212 0.469505 2 0.0
0.451423 0.136438 0.468746 2 0.0
0.442884 0.107256 0.467585 2 0.0
0.430477 0.135029 0.468344 2 0.0
0.981629 0.070854 0.434766 12 0.0
0.686374 0.122005 0.710805 15 0.0
0.680057 0.144795 0.711613 15 0.0
0.695233 0.124314 0.714916 15 0.0
0.69269 0.099215 0.709996 15 0.0
0.677515 0.119695 0.706693 15 0.0
0.016672 0.28565 0.042623 4 0.0
0.7472 0.259968 0.978018 14 0.0
0.090223 0.745218 0.007661 5 0.0
0.089398 0.810168 0.006766 5 0.0
0.114543 0.745547 0.0091 5 0.0
0.091049 0.680268 0.008557 5 0.0
0.065904 0.744889 0.006223 5 0.0
0.981794 0.06311 0.234645 12 0.0
0.707515 0.947584 0.701203 17 0.999428
0.525886 0.05372 0.664488 8 0.0
0.534469 0.05515 0.663864 8 0.0
0.526949 0.053538 0.678691 8 0.0
0.517303 0.05229 0.665111 8 0.0
0.524824 0.053902 0.650285 8 0.0
0.878712 0.929887 0.977451 11 0.012471
0.835266 0.058498 0.983917 11 0.000358
0.17536 0.047431 0.025593 8 0.696227
0.984403 0.134074 0.763221 12 0.0
0.985274 0.160797 0.76453 12 0.0
0.982185 0.131081 0.825801 12 0.0
0.983532 0.107352 0.761912 12 0.0
0.986621 0.137068 0.700641 12 0.0
0.020081 0.93529 0.025977 4 0.000289
0.020761 0.941958 0.025357 4 0.000289
0.020688 0.936218 0.036622 4 0.000289
0.0194 0.928623 0.026597 4 0.000289
0.019473 0.934362 0.015333 4 0.000289
0.94282 0.946733 0.827241 17 0.0
0.176223 0.914655 0.46193 1 0.999545
0.327695 0.055773 0.449317 2 0.996353
0.760144 0.950115 0.75128 17 6.7e-05
0.295715 0.947724 0.054419 17 6.9e-05
0.864602 0.813811 0.980216 11 0.0
0.827723 0.807776 0.98537 11 0.0
0.857479 0.856575 0.979324 11 0.0
0.901481 0.819846 0.975062 11 0.0
0.871725 0.771047 0.981107 11 0.0
0.804598 0.950581 0.755235 17 0.0
0.832097 0.950553 0.752571 17 0.0
0.811705 0.948934 0.828631 17 0.0
0.777098 0.950608 0.757899 17 0.0
0.79749 0.952227 0.681839 17 0.0
0.946677 0.215843 0.870465 12 0.0
0.951293 0.263386 0.879103 12 0.0
0.945492 0.210471 0.900672 12 0.0
0.942061 0.168301 0.861828 12 0.0
0.947861 0.221216 0.840259 12 0.0
0.982608 0.079756 0.645183 12 0.0
0.798917 0.93833 0.108103 17 4e-06
0.338009 0.900085 0.467162 2 0.0
0.594748 0.892635 0.054835 5 0.0
0.990171 0.607428 0.215301 12 0.0
0.989399 0.71366 0.224779 12 0.0
0.991683 0.603805 0.256035 12 0.0
0.990943 0.501196 0.205824 12 0.0
0.98866 0.611051 0.174567 12 0.0
0.020384 0.429164 0.200825 4 0.319081
0.277114 0.373159 0.016886 10 0.0
0.297914 0.469912 0.01861 10 0.0
0.198471 0.390146 0.01236 10 0.0
0.256314 0.276406 0.015162 10 0.0
0.355756 0.356172 0.021412 10 0.0
0.175065 0.78787 0.381452 1 0.0045
0.17579 0.838714 0.384945 1 0.0045
0.175566 0.786003 0.408527 1 0.0045
0.17434 0.737027 0.377959 1 0.0045
0.174563 0.789737 0.354377 1 0.0045
0.987777 0.258256 0.559313 12 0.0
0.989921 0.321217 0.551058 12 0.0
0.987088 0.274904 0.686104 12 0.0
0.985634 0.195295 0.567568 12 0.0
0.988467 0.241609 0.432522 12 0.0
0.175325 0.949513 0.351293 1 1.0
0.391099 0.874714 0.067534 5 0.0
0.121061 0.743954 0.036741 5 0.0
0.107817 0.807477 0.043483 5 0.0
0.151495 0.750153 0.038119 5 0.0
0.134305 0.680432 0.029999 5 0.0
0.090627 0.737755 0.035363 5 0.0
0.985454 0.14832 0.39587 12 0.0
0.985429 0.177184 0.392217 12 0.0
0.986924 0.160361 0.491007 12 0.0
0.985479 0.119456 0.399523 12 0.0
0.983984 0.136279 0.300733 12 0.0
0.089695 0.140442 0.217315 3 0.0
0.0993 0.167407 0.217747 3 0.0
0.110443 0.133048 0.217583 3 0.0
0.08009 0.113478 0.216883 3 0.0
0.068946 0.147837 0.217047 3 0.0
0.08622 0.872024 0.009167 5 0.0
0.067924 0.895892 0.007324 5 0.0
0.102405 0.884546 0.010658 5 0.0
0.104515 0.848156 0.011009 5 0.0
0.070034 0.859502 0.007675 5 0.0
0.988684 0.148155 0.368554 12 0.0
0.989378 0.177554 0.365751 12 0.0
0.99024 0.156543 0.456898 12 0.0
0.987989 0.118756 0.371358 12 0.0
0.987128 0.139767 0.280211 12 0.0
0.980284 0.069657 0.629311 12 0.0
0.902586 0.947635 0.23136 17 0.0
0.875297 0.94728 0.232969 17 0.0
0.90545 0.947909 0.27999 17 0.0
0.929874 0.94799 0.229751 17 0.0
0.899722 0.947361 0.182731 17 0.0
0.489091 0.880166 0.610802 6 0.0
0.489675 0.903102 0.610946 6 0.0
0.497538 0.87975 0.642804 6 0.0
0.488507 0.85723 0.610658 6 0.0
0.480644 0.880582 0.578801 6 0.0
0.982637 0.071267 0.467927 12 0.0
0.17781 0.248774 0.444537 1 0.0
0.017022 0.053035 0.017912 4 1.0
0.844884 0.947422 0.986665 11 0.999999
0.712891 0.944929 0.122683 17 0.0
0.715006 0.944464 0.104965 17 0.0
0.771894 0.943797 0.129754 17 0.0
0.710777 0.945394 0.140402 17 0.0
0.653888 0.94606 0.115613 17 0.0
0.056774 0.945189 0.213014 3 0.590285
0.797963 0.051344 0.992878 11 1.0
0.248239 0.052473 0.241774 8 0.0
0.224501 0.052135 0.240108 8 0.0
0.243334 0.052393 0.311664 8 0.0
0.271976 0.052811 0.24344 8 0.0
0.253143 0.052553 0.171884 8 0.0
0.987873 0.345791 0.839694 12 0.0
0.988185 0.436837 0.836222 12 0.0
0.986979 0.347296 0.87907 12 0.0
0.987561 0.254745 0.843165 12 0.0
0.988767 0.344286 0.800317 12 0.0
0.973902 0.928894 0.413562 17 1.2e-05
0.027119 0.083059 0.213618 3 3e-06
0.027065 0.095267 0.21429 3 3e-06
0.031446 0.083078 0.213608 3 3e-06
0.027172 0.070851 0.212945 3 3e-06
0.022792 0.083039 0.213628 3 3e-06
0.175497 0.61303 0.373195 1 2e-06
0.100264 0.273214 0.216436 3 0.0
0.100946 0.340836 0.216594 3 0.0
0.126447 0.27295 0.216377 3 0.0
0.099583 0.205591 0.216279 3 0.0
0.074082 0.273478 0.216495 3 0.0
0.105287 0.707222 0.00802 5 0.0
0.101896 0.783814 0.008405 5 0.0
0.134171 0.708493 0.009557 5 0.0
0.108679 0.630629 0.007635 5 0.0
0.076403 0.705951 0.006484 5 0.0
0.403773 0.05439 0.450167 9 0.0
0.154265 0.891253 0.063299 3 0.0
0.159868 0.904704 0.057922 3 0.0
0.196815 0.87922 0.077536 3 0.0
0.148662 0.877802 0.068677 3 0.0
0.111714 0.903286 0.049062 3 0.0
0.512617 0.054593 0.417998 8 0.0
0.471866 0.053044 0.471055 9 0.999164
0.137403 0.516643 0.010334 5 0.0
0.280208 0.419939 0.470501 2 0.0
0.212559 0.052701 0.239948 8 2e-06
0.986388 0.417725 0.167558 12 0.0
0.062294 0.722438 0.217245 3 0.0
0.712753 0.854205 0.77906 14 0.0
0.715211 0.883897 0.77634 14 0.0
0.718674 0.855666 0.800365 14 0.0
0.710295 0.824512 0.78178 14 0.0
0.706832 0.852743 0.757755 14 0.0
0.864021 0.745728 0.981103 11 0.0
0.855027 0.810151 0.980104 11 0.0
0.90042 0.75073 0.975977 11 0.0
0.873016 0.681305 0.982102 11 0.0
0.827623 0.740726 0.986229 11 0.0
0.041878 0.921202 0.216247 3 0.0
0.034439 0.917169 0.216408 3 0.0
0.047245 0.911333 0.217042 3 0.0
0.049317 0.925235 0.216086 3 0.0
0.036511 0.931071 0.215452 3 0.0
0.86481 0.241226 0.978854 11 0.0
0.861567 0.301093 0.980506 11 0.0
0.828814 0.23914 0.983785 11 0.0
0.868053 0.181359 0.977203 11 0.0
0.900805 0.243312 0.973924 11 0.0
0.016083 0.809468 0.09879 4 0.0
0.016558 0.852173 0.076768 4 0.0
0.016341 0.821066 0.121287 4 0.0
0.015607 0.766763 0.120812 4 0.0
0.015824 0.79787 0.076292 4 0.0
0.971939 0.056285 0.615084 13 0.999989
0.747421 0.05066 0.719605 8 7e-06
0.019173 0.940686 0.108496 4 0.053979
0.017841 0.751801 0.19319 4 0.0
0.98467 0.316743 0.852902 12 0.0
0.986218 0.400472 0.847368 12 0.0
0.982625 0.319131 0.888447 12 0.0
0.983123 0.233014 0.858436 12 0.0
0.986715 0.314356 0.817357 12 0.0
0.44792 0.778218 0.474041 2 0.004651
0.417421 0.053365 0.4508 8 0.0
0.511663 0.899998 0.075003 5 0.0
0.457802 0.051137 0.449711 8 0.0
0.467709 0.071902 0.510299 6 0.001514
0.466353 0.079025 0.509645 6 0.001514
0.474546 0.074944 0.529249 6 0.001514
0.469064 0.064779 0.510953 6 0.001514
0.460872 0.06886 0.49135 6 0.001514
0.722031 0.866656 0.724886 14 0.547915
0.729091 0.895284 0.727107 14 0.547915
0.7291 0.864059 0.735892 14 0.547915
0.714972 0.838027 0.722665 14 0.547915
0.714962 0.869253 0.713881 14 0.547915
0.193062 0.758008 0.46904 2 0.0
0.176884 0.189147 0.44581 1 0.003147
0.110638 0.920122 0.215701 3 0.0
0.080323 0.919627 0.214949 3 0.0
0.110804 0.909415 0.216032 3 0.0
0.140953 0.920617 0.216452 3 0.0
0.110471 0.93083 0.215369 3 0.0
0.008919 0.369777 0.056976 4 1.0
0.857973 0.890065 0.646151 17 0.0
0.89446 0.889169 0.640103 17 0.0
0.873899 0.8797 0.743762 17 0.0
0.821487 0.890962 0.652199 17 0.0
0.842047 0.900431 0.54854 17 0.0
0.855356 0.949434 0.345537 17 0.0
0.814172 0.950313 0.342557 17 0.0
0.849108 0.951915 0.432613 17 0.0
0.896539 0.948556 0.348517 17 0.0
0.861603 0.946954 0.258462 17 0.0
0.965046 0.18531 0.962851 11 0.0
0.986652 0.533865 0.873655 12 0.0
0.06964 0.330976 0.21882 3 0.0
0.017658 0.570782 0.209846 4 0.171366
0.764826 0.267398 0.993198 11 0.0
0.782763 0.867985 0.988139 11 0.0
0.784691 0.895319 0.985511 11 0.0
0.771311 0.869043 0.990739 11 0.0
0.780834 0.840651 0.990768 11 0.0
0.794214 0.866927 0.98554 11 0.0
0.572525 0.941783 0.106597 17 0.0
0.494609 0.050383 0.557308 8 0.0
0.985541 0.228835 0.134845 12 0.009817
0.734698 0.706718 0.96123 14 0.014969
0.978011 0.945482 0.36902 17 2.1e-05
0.977428 0.345294 0.962078 11 8.9e-05
0.017646 0.817603 0.17201 4 0.0
0.017289 0.859074 0.175133 4 0.0
0.017303 0.81651 0.186486 4 0.0
0.018002 0.776132 0.168888 4 0.0
0.017989 0.818696 0.157535 4 0.0
0.177374 0.403248 0.375022 1 0.0
0.984107 0.7124 0.124313 18 0.0
0.743042 0.30855 0.965128 14 0.0
0.912205 0.469033 0.975262 11 0.0
0.947444 0.285304 0.077575 10 0.0
0.976436 0.311688 0.945033 13 0.0
0.988747 0.70028 0.23685 12 0.0
0.988062 0.777537 0.236769 12 0.0
0.990118 0.700343 0.285533 12 0.0
0.989431 0.623024 0.236931 12 0.0
0.987375 0.700217 0.188168 12 0.0
0.906876 0.63153 0.976598 11 0.0
0.97969 0.478748 0.962137 11 0.989195
0.909494 0.429195 0.970092 11 0.0
0.529416 0.952548 0.389205 17 0.0
0.930933 0.946472 0.24013 17 0.0
0.949169 0.94662 0.240479 17 0.0
0.929942 0.947793 0.291286 17 0.0
0.912696 0.946324 0.23978 17 0.0
0.931924 0.945151 0.188973 17 0.0
0.702818 0.732078 0.767822 14 0.0
0.019301 0.685483 0.18824 4 0.0
0.713893 0.05855 0.73382 14 0.995833
0.72475 0.951986 0.485071 17 0.0
0.650734 0.953757 0.444559 17 0.0
0.691469 0.95082 0.545826 17 0.0
0.798766 0.950215 0.525582 17 0.0
0.758032 0.953153 0.424316 17 0.0
0.275319 0.070236 0.413999 9 0.0
0.244199 0.072557 0.414588 9 0.0
0.27558 0.069306 0.431468 9 0.0
0.306438 0.067916 0.41341 9 0.0
0.275057 0.071167 0.39653 9 0.0
0.971574 0.669722 0.913242 13 0.0
0.804098 0.508082 0.990526 11 0.0
0.986559 0.215602 0.539557 12 0.0
0.987664 0.267841 0.538647 12 0.0
0.985808 0.217926 0.672032 12 0.0
0.985455 0.163363 0.540467 12 0.0
0.98731 0.213278 0.407082 12 0.0
0.977084 0.946201 0.177041 17 0.005343
0.759596 0.050537 0.590341 8 0.0
0.70264 0.050122 0.52563 8 0.0
0.729856 0.051039 0.616514 8 0.0
0.816552 0.050952 0.655052 8 0.0
0.789336 0.050035 0.564168 8 0.0
0.177814 0.370408 0.395048 1 0.0
0.488047 0.664862 0.615324 6 8e-06
0.481077 0.661298 0.585271 6 8e-06
0.486669 0.731502 0.607739 6 8e-06
0.495018 0.668427 0.645377 6 8e-06
0.489425 0.598223 0.622909 6 8e-06
0.625902 0.175755 0.045024 10 0.0
0.629592 0.213097 0.043997 10 0.0
0.517154 0.186208 0.034383 10 0.0
0.622212 0.138413 0.046051 10 0.0
0.73465 0.165302 0.055666 10 0.0
0.174601 0.62189 0.358771 1 0.0
0.175837 0.902421 0.238889 1 0.00536
0.176104 0.918786 0.244581 1 0.00536
0.177301 0.898628 0.249726 1 0.00536
0.17557 0.886055 0.233197 1 0.00536
0.174373 0.906214 0.228052 1 0.00536
0.493414 0.523854 0.63246 7 0.0
0.690632 0.812871 0.735212 16 0.000819
0.487851 0.55395 0.616891 6 0.000411
0.698144 0.951727 0.653813 17 0.015013
0.989736 0.25333 0.625375 12 0.0
0.992535 0.316586 0.619631 12 0.0
0.988286 0.262966 0.730797 12 0.0
0.986937 0.190074 0.631118 12 0.0
0.991186 0.243694 0.519952 12 0.0
0.669353 0.052089 0.667309 8 0.000107
0.050533 0.625553 0.216577 3 0.0
0.313971 0.953257 0.198607 17 1e-06
0.271095 0.952191 0.213737 17 1e-06
0.332379 0.954314 0.250844 17 1e-06
0.356846 0.954323 0.183476 17 1e-06
0.295562 0.9522 0.146369 17 1e-06
0.988231 0.521476 0.825341 12 0.0
0.175939 0.597881 0.436873 1 0.0
0.953223 0.276381 0.965597 11 0.00061
0.972881 0.948877 0.309149 17 0.0
0.505811 0.948756 0.614183 6 0.098101
0.307035 0.448908 0.466001 2 0.0
0.018639 0.675148 0.188401 4 0.0
0.01487 0.638665 0.037087 4 1e-06
0.977151 0.21688 0.963577 11 0.986615
0.88165 0.072013 0.97811 11 0.0
0.178604 0.325939 0.440271 1 0.0
0.812124 0.05605 0.980895 11 0.0
0.945068 0.179895 0.968223 11 0.0
0.020256 0.818754 0.005245 4 1.0
0.946368 0.94755 0.663724 17 0.0
0.202912 0.063548 0.464119 2 0.01019
0.192322 0.063464 0.462627 2 0.01019
0.202689 0.068956 0.465395 2 0.01019
0.213502 0.063632 0.465611 2 0.01019
0.203135 0.05814 0.462842 2 0.01019
0.584905 0.052467 0.476892 8 0.0
0.613483 0.05232 0.456315 8 0.0
0.636616 0.05325 0.548703 8 0.0
0.556328 0.052614 0.497469 8 0.0
0.533194 0.051684 0.405081 8 0.0
0.016554 0.287583 0.109573 4 0.0
0.017126 0.36081 0.098183 4 0.0
0.016403 0.292575 0.141662 4 0.0
0.015981 0.214355 0.120963 4 0.0
0.016705 0.28259 0.077484 4 0.0
0.021305 0.142299 0.018032 4 0.375572
0.256486 0.135837 0.469289 2 0.0
0.276054 0.151111 0.471271 2 0.0
0.273693 0.113759 0.469541 2 0.0
0.236917 0.120563 0.467307 2 0.0
0.239278 0.157916 0.469037 2 0.0
0.765792 0.082431 0.059932 10 0.0
0.176484 0.731993 0.448408 1 0.000286
0.726243 0.080387 0.836979 14 0.004285
0.328713 0.951416 0.444436 17 0.012917
0.017276 0.947631 0.198747 4 0.999951
0.01589 0.884302 0.009744 4 0.986777
0.01772 0.075703 0.182357 4 0.000108
0.01755 0.085273 0.184093 4 0.000108
0.0171 0.073432 0.194811 4 0.000108
0.01789 0.066133 0.18062 4 0.000108
0.01834 0.077973 0.169903 4 0.000108
0.634179 0.951075 0.647253 17 9.2e-05
0.590777 0.950157 0.647672 17 9.2e-05
0.634371 0.950998 0.667042 17 9.2e-05
0.677581 0.951994 0.646835 17 9.2e-05
0.633987 0.951152 0.627464 17 9.2e-05
0.154968 0.952364 0.196288 3 0.0998
0.886144 0.0685 0.977567 11 0.0
0.885437 0.05153 0.96085 8 0.0
0.663641 0.054427 0.699526 15 0.999792
0.849151 0.127773 0.982434 11 0.0
0.843941 0.152152 0.983486 11 0.0
0.818461 0.121093 0.985224 11 0.0
0.854362 0.103393 0.981381 11 0.0
0.879842 0.134453 0.979644 11 0.0
0.035757 0.052606 0.036175 8 0.999999
0.032391 0.05497 0.033588 8 0.999999
0.033547 0.053952 0.040279 8 0.999999
0.039122 0.050241 0.038763 8 0.999999
0.037966 0.051259 0.032071 8 0.999999
0.622675 0.107552 0.702423 15 0.0
0.624481 0.125668 0.702095 15 0.0
0.587054 0.111058 0.699998 15 0.0
0.62087 0.089435 0.702751 15 0.0
0.658296 0.104045 0.704848 15 0.0
0.016674 0.050622 0.096593 4 0.999906
0.984984 0.774452 0.129085 18 0.0
0.981966 0.79466 0.128678 18 0.0
0.98681 0.774997 0.142569 18 0.0
0.988003 0.754244 0.129493 18 0.0
0.983159 0.773908 0.115602 18 0.0
0.97843 0.066118 0.946373 13 0.0
0.978944 0.069602 0.952787 13 0.0
0.977852 0.060569 0.949434 13 0.0
0.977916 0.062634 0.93996 13 0.0
0.979008 0.071666 0.943313 13 0.0
0.615552 0.854814 0.713178 16 3e-06
0.648136 0.868585 0.714429 16 3e-06
0.603584 0.883567 0.70842 16 3e-06
0.582967 0.841044 0.711928 16 3e-06
0.62752 0.826062 0.717937 16 3e-06
0.913737 0.950241 0.972422 17 0.999995
0.669207 0.052126 0.667608 8 0.0
0.983069 0.928748 0.113177 18 0.027632
0.983421 0.936135 0.109793 18 0.027632
0.982772 0.933587 0.123711 18 0.027632
0.982716 0.92136 0.116561 18 0.027632
0.983366 0.923908 0.102643 18 0.027632
0.150134 0.048206 0.058743 8 0.000238
0.195052 0.046524 0.06682 8 0.000238
0.147313 0.048315 0.074461 8 0.000238
0.105217 0.049888 0.050667 8 0.000238
0.152956 0.048098 0.043026 8 0.000238
0.865327 0.39006 0.980399 11 0.0
0.018922 0.950508 0.055532 4 0.999969
0.637656 0.066124 0.702726 15 0.000106
0.894409 0.94717 0.9316 17 0.0
0.866671 0.94771 0.935079 17 0.0
0.896354 0.947506 0.947048 17 0.0
0.922147 0.94663 0.928121 17 0.0
0.892465 0.946835 0.916152 17 0.0
0.970201 0.948929 0.217183 17 0.0
0.962954 0.943558 0.963221 11 0.0
0.955468 0.941646 0.961891 11 0.0
0.962194 0.945904 0.964127 11 0.0
0.97044 0.945471 0.964551 11 0.0
0.963714 0.941213 0.962315 11 0.0
0.460923 0.316198 0.46021 6 0.999632
0.950887 0.048668 0.684179 8 0.0
0.458711 0.378984 0.469135 6 0.998447
0.987381 0.096687 0.187889 12 0.0
0.987696 0.111297 0.18519 12 0.0
0.988262 0.102734 0.220719 12 0.0
0.987066 0.082078 0.190588 12 0.0
0.986501 0.090641 0.155058 12 0.0
0.143746 0.59797 0.211406 3 0.0
0.756501 0.056687 0.928114 11 0.910826
0.71663 0.050205 0.685294 8 0.0
0.948521 0.945029 0.372718 17 0.0
0.01654 0.501437 0.022789 4 0.0
0.021141 0.286698 0.021573 4 0.990432
0.139407 0.833886 0.012557 5 0.0
0.106093 0.860902 0.009861 5 0.0
0.160414 0.859982 0.014482 5 0.0
0.172721 0.80687 0.015252 5 0.0
0.1184 0.80779 0.010631 5 0.0
0.95863 0.74755 0.962626 11 0.0
0.627611 0.052377 0.685213 8 0.0
0.677885 0.049007 0.090219 8 0.0
0.493502 0.068755 0.632427 7 0.214508
0.016867 0.716606 0.212095 4 0.998421
0.030293 0.052954 0.083749 8 0.000301
0.865293 0.947428 0.915514 17 0.0
0.827725 0.948208 0.921713 17 0.0
0.868751 0.947729 0.936438 17 0.0
0.902861 0.946649 0.909316 17 0.0
0.861835 0.947128 0.894591 17 0.0
0.936981 0.948704 0.95988 17 0.0
0.376157 0.051086 0.424113 8 0.0
0.014922 0.592431 0.040872 4 0.0
0.982732 0.097578 0.113075 12 0.0
0.983543 0.116225 0.112823 12 0.0
0.983932 0.09768 0.124475 12 0.0
0.981922 0.07893 0.113327 12 0.0
0.981533 0.097476 0.101674 12 0.0
0.019635 0.919223 0.100442 4 0.0
0.978048 0.945096 0.328395 17 0.000318
0.962475 0.049452 0.614511 8 0.07229
0.493894 0.951003 0.508159 17 0.051287
0.196604 0.949824 0.252548 17 0.000388
0.987564 0.899563 0.745904 12 0.0
0.175577 0.496962 0.37898 1 0.0
0.925999 0.386192 0.970744 11 0.0
0.097848 0.262219 0.217165 3 0.0
0.091425 0.328293 0.21778 3 0.0
0.122439 0.26461 0.217053 3 0.0
0.104271 0.196144 0.216551 3 0.0
0.073258 0.259827 0.217277 3 0.0
0.517558 0.949729 0.611077 17 0.004551
0.507891 0.95025 0.612811 17 0.004551
0.523277 0.949483 0.643033 17 0.004551
0.527225 0.949208 0.609343 17 0.004551
0.51184 0.949975 0.579121 17 0.004551
0.989394 0.194694 0.38212 12 0.0
0.990225 0.23937 0.379535 12 0.0
0.991299 0.200051 0.475303 12 0.0
0.988563 0.150018 0.384706 12 0.0
0.987489 0.189337 0.288937 12 0.0
0.71568 0.08183 0.75642 14 0.006867
0.714082 0.091795 0.755107 14 0.006867
0.716671 0.086266 0.788878 14 0.006867
0.717277 0.071865 0.757733 14 0.006867
0.714688 0.077395 0.723962 14 0.006867
0.015654 0.718376 0.107579 4 0.0
0.016016 0.788883 0.109882 4 0.0
0.015876 0.71728 0.141118 4 0.0
0.015293 0.647869 0.105277 4 0.0
0.015433 0.719473 0.07404 4 0.0
0.587494 0.05281 0.690564 8 1e-06
0.018476 0.940336 0.204727 4 0.609594
0.01947 0.944006 0.202963 4 0.609594
0.017487 0.942739 0.209168 4 0.609594
0.017483 0.936666 0.206491 4 0.609594
0.019465 0.937934 0.200286 4 0.609594
0.77592 0.947944 0.93643 17 0.005514
0.764421 0.948305 0.937116 17 0.005514
0.777078 0.947186 0.956243 17 0.005514
0.787418 0.947583 0.935744 17 0.005514
0.774761 0.948702 0.916617 17 0.005514
0.983416 0.528159 0.144527 12 0.0
0.162062 0.05235 0.209995 3 0.987956
0.95075 0.72688 0.969432 11 0.0
0.979605 0.064054 0.533113 12 0.0
0.045424 0.088757 0.216222 3 1e-06
0.048662 0.102031 0.216734 3 1e-06
0.054922 0.086431 0.216454 3 1e-06
0.042186 0.075484 0.215711 3 1e-06
0.035926 0.091083 0.215991 3 1e-06
0.970485 0.94603 0.468386 17 0.0
0.936027 0.946276 0.194865 17 0.0
0.9529 0.946604 0.194185 17 0.0
0.937538 0.946332 0.232391 17 0.0
0.919153 0.945947 0.195545 17 0.0
0.934515 0.946219 0.157339 17 0.0
0.262078 0.888948 0.025884 5 0.0
0.595703 0.08198 0.392632 9 0.0
0.481781 0.087744 0.331594 9 0.0
0.573391 0.08273 0.434346 9 0.0
0.618015 0.08123 0.350917 9 0.0
0.45311 0.14303 0.031749 10 0.0
0.276564 0.849703 0.026415 5 0.0
0.357783 0.836669 0.031596 5 0.0
0.271756 0.819288 0.025273 5 0.0
0.195344 0.862736 0.021234 5 0.0
0.281371 0.880117 0.027557 5 0.0
0.981108 0.940787 0.833708 17 0.038068
0.179423 0.358078 0.453142 1 0.000162
0.504057 0.845388 0.045715 5 0.0
0.329541 0.064432 0.467953 2 0.0
0.020324 0.93281 0.081027 4 0.003446
0.466981 0.210811 0.51039 6 0.0
0.468763 0.259577 0.517768 6 0.0
0.473228 0.207224 0.532589 6 0.0
0.465199 0.162044 0.503012 6 0.0
0.460734 0.214398 0.488191 6 0.0
0.099025 0.052892 0.13651 8 0.001209
0.126128 0.052111 0.144984 8 0.001209
0.091428 0.052848 0.160807 8 0.001209
0.071922 0.053674 0.128037 8 0.001209
0.106623 0.052937 0.112213 8 0.001209
0.955586 0.07066 0.47808 8 0.004605
0.016417 0.810933 0.21158 4 1.0
0.982014 0.645883 0.146704 12 0.0
0.177786 0.415489 0.411695 1 3e-06
0.195515 0.414529 0.466989 2 0.0
0.017271 0.225626 0.029502 4 0.0
0.47754 0.123408 0.560744 7 0.0
0.477071 0.14689 0.558024 7 0.0
0.486611 0.128148 0.600098 7 0.0
0.478009 0.099925 0.563464 7 0.0
0.468469 0.118667 0.521389 7 0.0
0.984031 0.168068 0.546092 12 0.0
0.984837 0.205687 0.54559 12 0.0
0.983024 0.169751 0.670507 12 0.0
0.983225 0.130448 0.546594 12 0.0
0.985038 0.166385 0.421677 12 0.0
0.983134 0.351699 0.8905 12 0.0
0.987756 0.728212 0.159709 18 0.0
0.987954 0.797891 0.16865 18 0.0
0.988512 0.725128 0.183729 18 0.0
0.987557 0.658534 0.150768 18 0.0
0.986999 0.731297 0.135688 18 0.0
0.039321 0.299052 0.058584 4 0.0
0.855227 0.924408 0.968517 11 0.0
0.947029 0.679566 0.922702 12 0.000201
0.910784 0.299926 0.974083 11 0.0
0.465557 0.150182 0.50807 6 0.0
0.466514 0.18203 0.511601 6 0.0
0.471024 0.147963 0.526601 6 0.0
0.4646 0.118334 0.504538 6 0.0
0.460091 0.152401 0.489538 6 0.0
0.175177 0.10744 0.349999 1 0.0
0.174863 0.126423 0.348567 1 0.0
0.175373 0.110233 0.38699 1 0.0
0.175491 0.088458 0.35143 1 0.0
0.17498 0.104647 0.313008 1 0.0
0.17746 0.342124 0.389156 1 0.0
0.954456 0.61043 0.134097 12 0.0
0.977642 0.748531 0.116114 18 0.000341
0.985329 0.378332 0.858553 12 0.0
0.985708 0.480057 0.856542 12 0.0
0.982809 0.379015 0.892647 12 0.0
0.984951 0.276607 0.860563 12 0.0
0.98785 0.377649 0.824459 12 0.0
0.467987 0.901326 0.519881 6 0.0
0.468206 0.918161 0.520461 6 0.0
0.47463 0.900192 0.550299 6 0.0
0.467767 0.884492 0.519301 6 0.0
0.461343 0.902461 0.489463 6 0.0
0.945817 0.368558 0.967259 11 0.0
0.975534 0.945735 0.513653 17 0.0
0.035652 0.667392 0.216401 3 0.0
0.194948 0.949569 0.232551 17 0.0
0.965939 0.3449 0.965319 11 0.003007
0.487655 0.05089 0.536043 9 0.0
0.0202 0.144008 0.210383 4 0.982258
0.967986 0.937819 0.607574 17 0.0
0.0163 0.623021 0.210822 4 0.975125
0.520503 0.052985 0.44867 8 0.0
0.982126 0.653772 0.793567 12 0.0
0.980889 0.747928 0.814752 12 0.0
0.980294 0.642659 0.842852 12 0.0
0.983362 0.559616 0.772382 12 0.0
0.983958 0.664885 0.744282 12 0.0
0.983825 0.067823 0.620207 13 0.0
0.900386 0.491773 0.975859 11 0.0
0.08136 0.238173 0.007477 10 0.0
0.081975 0.298636 0.007046 10 0.0
0.103257 0.237957 0.008277 10 0.0
0.080746 0.177711 0.007907 10 0.0
0.059464 0.23839 0.006676 10 0.0
0.460947 0.953111 0.099035 17 0.006145
0.448468 0.953362 0.084966 17 2.5e-05
0.28275 0.19337 0.470676 2 0.0
0.275655 0.237239 0.471548 2 0.0
0.315856 0.198685 0.472634 2 0.0
0.289845 0.1495 0.469805 2 0.0
0.249644 0.188054 0.468718 2 0.0
0.030619 0.92919 0.16716 4 0.0
0.025726 0.936557 0.166789 4 0.0
0.030131 0.929736 0.184452 4 0.0
0.035513 0.921822 0.167531 4 0.0
0.031108 0.928644 0.149869 4 0.0
0.015084 0.842555 0.209254 4 0.999734
0.929633 0.946223 0.572809 17 0.0
0.976005 0.60592 0.951856 13 0.0
0.96492 0.947116 0.524588 17 0.0
0.041694 0.404196 0.219913 3 0.0
0.956168 0.930458 0.401582 17 0.0
0.835849 0.889415 0.681311 17 0.0
0.7984 0.887157 0.688731 17 0.0
0.853367 0.882152 0.767514 17 0.0
0.873299 0.891672 0.673891 17 0.0
0.818332 0.896678 0.595107 17 0.0
0.984157 0.924581 0.639488 13 0.0
0.984579 0.685769 0.895647 13 0.0
0.372922 0.952521 0.408697 17 4.1e-05
0.482814 0.951743 0.438595 17 0.000163
0.017524 0.878865 0.208669 4 0.952625
0.97845 0.76274 0.962877 11 0.000406
0.750808 0.048806 0.780527 8 0.0
0.973475 0.94267 0.429149 17 0.0
0.951084 0.946052 0.507124 17 0.0
0.987532 0.773261 0.626527 12 0.0
0.989099 0.786648 0.520289 12 0.0
0.98668 0.826053 0.633167 12 0.0
0.985965 0.759873 0.732764 12 0.0
0.988384 0.720469 0.619887 12 0.0
0.179497 0.420405 0.442642 1 0.0
0.178961 0.634209 0.449254 1 0.0
0.982097 0.370986 0.912738 12 0.0
0.933489 0.341068 0.970467 11 0.0
0.605138 0.950778 0.668314 17 0.0
0.571682 0.950445 0.667113 17 0.0
0.604658 0.950927 0.681669 17 0.0
0.638595 0.95111 0.669515 17 0.0
0.605619 0.950628 0.654959 17 0.0
0.786951 0.950811 0.087618 17 0.055036
0.015911 0.055459 0.118198 4 0.990104
0.015805 0.691202 0.108028 4 0.0
0.015716 0.769458 0.102059 4 0.0
0.01604 0.693738 0.141264 4 0.0
0.015894 0.612946 0.113997 4 0.0
0.01557 0.688667 0.074792 4 0.0
0.975286 0.354246 0.955883 13 0.0
0.865695 0.146025 0.978732 11 0.0
0.859113 0.176157 0.979307 11 0.0
0.901404 0.153936 0.972881 11 0.0
0.872277 0.115893 0.978157 11 0.0
0.829986 0.138114 0.984583 11 0.0
0.177149 0.22591 0.433546 1 0.0
0.020411 0.910871 0.152854 4 0.0
0.021132 0.914267 0.174359 4 0.0
0.019966 0.89796 0.154908 4 0.0
0.019691 0.907476 0.131349 4 0.0
0.020856 0.923783 0.150801 4 0.0
0.01609 0.262276 0.109711 4 0.0
0.01595 0.328508 0.117181 4 0.0
0.015955 0.258521 0.143001 4 0.0
0.01623 0.196045 0.10224 4 0.0
0.016225 0.266031 0.076421 4 0.0
0.016581 0.26955 0.047171 4 0.0
0.227481 0.121791 0.466901 2 0.0
0.227147 0.144743 0.467585 2 0.0
0.244862 0.12202 0.46772 2 0.0
0.227815 0.09884 0.466216 2 0.0
0.2101 0.121563 0.466081 2 0.0
0.017409 0.223929 0.165281 4 0.0
0.020369 0.269941 0.162758 4 0.0
0.017977 0.224791 0.181661 4 0.0
0.014448 0.177917 0.167804 4 0.0
0.016841 0.223067 0.148901 4 0.0
0.908051 0.24415 0.073011 10 0.0
0.910737 0.305833 0.072498 10 0.0
0.93296 0.24309 0.075992 10 0.0
0.905364 0.182467 0.073524 10 0.0
0.883141 0.24521 0.07003 10 0.0
0.721449 0.061901 0.785173 14 0.907343
0.020497 0.943841 0.187385 4 0.068118
0.01864 0.946915 0.187291 4 0.068118
0.020202 0.944 0.198459 4 0.068118
0.022355 0.940767 0.187479 4 0.068118
0.020792 0.943681 0.176311 4 0.068118
0.013403 0.672079 0.048206 4 0.0
0.555493 0.950601 0.579727 17 0.004662
0.53274 0.94978 0.58592 17 0.004662
0.566776 0.949628 0.621051 17 0.004662
0.578246 0.951422 0.573534 17 0.004662
0.544211 0.951573 0.538402 17 0.004662
0.973771 0.646928 0.941438 13 0.0
0.866752 0.089483 0.978082 11 0.0
0.866029 0.102731 0.977074 11 0.0
0.902671 0.091099 0.973561 11 0.0
0.867475 0.076235 0.97909 11 0.0
0.830833 0.087868 0.982603 11 0.0
0.877668 0.066698 0.978595 11 0.0
0.219732 0.053841 0.317584 8 5e-06
0.20433 0.053457 0.317269 8 5e-06
0.218764 0.054313 0.364298 8 5e-06
0.235133 0.054226 0.317899 8 5e-06
0.2207 0.05337 0.270871 8 5e-06
0.103528 0.678097 0.215248 3 0.0
0.129987 0.679011 0.21485 3 0.0
0.106438 0.593948 0.215399 3 0.0
0.07707 0.677183 0.215646 3 0.0
0.100619 0.762247 0.215097 3 0.0
0.815515 0.222145 0.985992 11 0.0
0.821979 0.27791 0.985854 11 0.0
0.795427 0.224483 0.989846 11 0.0
0.809052 0.16638 0.98613 11 0.0
0.835604 0.219807 0.982138 11 0.0
0.777261 0.886874 0.990575 11 0.002385
0.778547 0.907859 0.988793 11 0.002385
0.767799 0.887662 0.993021 11 0.002385
0.775975 0.86589 0.992358 11 0.002385
0.786723 0.886087 0.98813 11 0.002385
0.019118 0.543765 0.187987 4 0.0
0.973656 0.123774 0.964667 11 0.979961
0.021758 0.813863 0.003005 4 0.999998
0.323515 0.090174 0.470185 2 2.6e-05
0.018108 0.335458 0.155914 4 0.0
0.017428 0.111634 0.180937 4 0.0
0.017216 0.13252 0.17935 4 0.0
0.017109 0.112614 0.193883 4 0.0
0.01764 0.090748 0.182523 4 0.0
0.017747 0.110654 0.167991 4 0.0
0.936548 0.943066 0.97104 11 0.996342
0.101595 0.073503 0.217384 3 0.00013
0.101766 0.0818 0.217878 3 0.00013
0.129185 0.072895 0.218038 3 0.00013
0.101423 0.065206 0.21689 3 0.00013
0.074004 0.074112 0.216729 3 0.00013
0.017394 0.142995 0.00458 4 1.0
0.082899 0.947693 0.010804 17 0.999701
0.710198 0.05152 0.631949 8 4.5e-05
0.958987 0.946226 0.830518 17 0.0
0.88589 0.074987 0.97728 11 0.0
0.801043 0.935378 0.988676 11 0.0
0.984507 0.083832 0.376004 12 0.0
0.930877 0.091194 0.076748 10 0.0
0.938106 0.102584 0.076685 10 0.0
0.947538 0.080638 0.080188 10 0.0
0.923648 0.079804 0.076812 10 0.0
0.914216 0.10175 0.073309 10 0.0
0.696465 0.055118 0.679767 8 1e-06
0.703487 0.144148 0.738725 14 4e-06
0.700376 0.174637 0.744523 14 4e-06
0.708192 0.142466 0.750096 14 4e-06
0.706599 0.113659 0.732927 14 4e-06
0.698782 0.14583 0.727355 14 4e-06
0.941236 0.778151 0.969129 11 0.0
0.018155 0.735733 0.204801 4 0.0
0.023082 0.373525 0.209322 4 0.0
0.016565 0.926978 0.015701 4 0.968932
0.01741 0.927773 0.023267 4 0.968932
0.016623 0.917323 0.01671 4 0.968932
0.015721 0.926183 0.008136 4 0.968932
0.016508 0.936633 0.014693 4 0.968932
0.479973 0.357909 0.569306 7 0.0
0.485243 0.444461 0.591559 7 0.0
0.486307 0.348315 0.605122 7 0.0
0.474704 0.271358 0.547053 7 0.0
0.47364 0.367503 0.53349 7 0.0
0.334225 0.916264 0.105311 17 0.000711
0.733743 0.717157 0.949827 14 0.001353
0.016192 0.351604 0.109703 4 0.0
0.174482 0.851969 0.215644 3 0.998163
0.3533 0.050599 0.080799 8 0.0
0.792111 0.730694 0.988991 11 0.0
0.861913 0.949138 0.963752 17 0.0
0.176282 0.07441 0.188171 8 0.171756
0.176064 0.08075 0.189104 8 0.171756
0.195364 0.074474 0.192202 8 0.171756
0.176501 0.06807 0.187238 8 0.171756
0.1572 0.074346 0.18414 8 0.171756
0.278309 0.932608 0.44416 2 1e-06
0.020679 0.93708 0.085965 4 0.00545
0.770473 0.061631 0.994639 11 0.285585
0.983483 0.104021 0.423038 12 0.0
0.978523 0.157765 0.960752 11 0.832283
0.020134 0.430318 0.198734 4 0.0
0.029273 0.376388 0.218305 3 0.009195
0.439056 0.069364 0.444607 8 0.605702
0.113775 0.696793 0.008148 5 0.0
0.111372 0.776212 0.008705 5 0.0
0.144751 0.697713 0.010581 5 0.0
0.116178 0.617374 0.007591 5 0.0
0.082798 0.695873 0.005714 5 0.0
0.297424 0.950281 0.400137 17 0.0
0.258262 0.949522 0.399595 17 0.0
0.297127 0.950112 0.421862 17 0.0
0.336586 0.95104 0.400679 17 0.0
0.297722 0.95045 0.378412 17 0.0
0.733888 0.348099 0.931003 14 0.0
0.985324 0.924326 0.851469 13 0.0
0.15097 0.744796 0.011402 5 0.0
0.139461 0.809966 0.01173 5 0.0
0.192256 0.752072 0.014478 5 0.0
0.162478 0.679627 0.011075 5 0.0
0.109683 0.737521 0.008327 5 0.0
0.916958 0.910926 0.694813 17 0.0
0.931449 0.920373 0.689797 17 0.0
0.931423 0.910079 0.735012 17 0.0
0.902467 0.901479 0.699829 17 0.0
0.902493 0.911772 0.654614 17 0.0
0.933453 0.734309 0.971174 11 0.0
0.148408 0.485048 0.209802 3 0.0
0.508383 0.952245 0.486541 17 0.000908
0.020089 0.559609 0.012477 4 0.999918
0.987212 0.450357 0.168773 12 0.0
0.06328 0.950335 0.010811 17 0.941314
0.979608 0.944851 0.176272 17 0.259337
0.83295 0.60759 0.986238 11 0.0
0.251216 0.081847 0.206964 9 0.695391
0.275303 0.075499 0.236758 9 0.695391
0.233602 0.086368 0.222167 9 0.695391
0.227129 0.088196 0.17717 9 0.695391
0.26883 0.077327 0.19176 9 0.695391
0.336813 0.842401 0.467436 2 0.0
0.288151 0.827568 0.468183 2 0.0
0.327209 0.873883 0.466994 2 0.0
0.385474 0.857234 0.466689 2 0.0
0.346416 0.810918 0.467877 2 0.0
0.965582 0.078048 0.647358 12 0.0
0.041519 0.204195 0.217499 3 0.0
0.976968 0.948452 0.195242 17 0.0
0.735479 0.37548 0.944484 14 0.0
0.178576 0.336435 0.33676 1 0.0
0.178686 0.42397 0.331343 1 0.0
0.17785 0.338623 0.372105 1 0.0
0.178465 0.248899 0.342177 1 0.0
0.179301 0.334247 0.301415 1 0.0
0.356525 0.949185 0.460352 17 0.661814
0.946682 0.378268 0.966877 11 0.00087
0.987167 0.880235 0.400434 12 0.0
0.144727 0.593802 0.009944 5 0.0
0.129349 0.702593 0.009387 5 0.0
0.181987 0.599082 0.012562 5 0.0
0.160106 0.485011 0.010501 5 0.0
0.107468 0.588521 0.007326 5 0.0
0.481894 0.259461 0.564396 6 0.0
0.484817 0.323662 0.58404 6 0.0
0.489167 0.247386 0.602777 6 0.0
0.478971 0.195259 0.544752 6 0.0
0.474621 0.271536 0.526015 6 0.0
0.769382 0.909323 0.99193 11 3e-05
0.768756 0.923611 0.991066 11 3e-05
0.762434 0.909162 0.994307 11 3e-05
0.770008 0.895034 0.992795 11 3e-05
0.77633 0.909483 0.989554 11 3e-05
0.296492 0.108102 0.471089 2 0.0
0.258337 0.102962 0.468806 2 0.0
0.294057 0.12578 0.471989 2 0.0
0.334647 0.113242 0.473372 2 0.0
0.298927 0.090425 0.470189 2 0.0
0.772636 0.951673 0.993442 17 1.0
0.204542 0.082922 0.446998 8 0.0
0.214649 0.083238 0.452256 8 0.0
0.205759 0.071911 0.44532 8 0.0
0.194434 0.082606 0.44174 8 0.0
0.203325 0.093933 0.448675 8 0.0
0.020912 0.698315 0.193725 4 0.0
0.5132 0.887987 0.70758 6 0.949266
0.975142 0.709547 0.932479 13 0.0
0.175288 0.668164 0.418198 1 0.0
0.479736 0.901879 0.573485 6 0.0
0.49042 0.900972 0.615736 6 0.0
0.479173 0.885508 0.573276 6 0.0
0.469053 0.902785 0.531235 6 0.0
0.4803 0.918249 0.573694 6 0.0
0.950231 0.321911 0.965905 11 0.000992
0.980436 0.388983 0.947481 13 0.0
0.249649 0.953007 0.173764 17 0.0
0.23404 0.951933 0.197281 17 0.0
0.321352 0.954135 0.221407 17 0.0
0.265258 0.954081 0.150247 17 0.0
0.177946 0.951879 0.126121 17 0.0
0.962585 0.946517 0.381144 17 0.0
0.952093 0.280113 0.966011 11 2e-06
0.504874 0.080484 0.67653 7 0.022871
0.505153 0.091961 0.677261 7 0.022871
0.508247 0.079671 0.688008 7 0.022871
0.504596 0.069007 0.675798 7 0.022871
0.501502 0.081297 0.665052 7 0.022871
0.020668 0.270324 0.208877 4 0.99469
0.022858 0.750093 0.016232 4 0.178062
0.161815 0.722287 0.212367 3 0.0
0.959134 0.693262 0.965853 11 0.0
0.822693 0.941101 0.985735 11 0.001391
0.978277 0.945672 0.310165 17 0.0
0.988747 0.874886 0.307135 12 0.0
0.987596 0.899015 0.306192 12 0.0
0.989131 0.87758 0.375613 12 0.0
0.989899 0.850757 0.308077 12 0.0
0.988364 0.872192 0.238656 12 0.0
0.701978 0.205797 0.752948 14 0.0
0.698037 0.253766 0.758997 14 0.0
0.708591 0.204274 0.769337 14 0.0
0.705918 0.157828 0.7469 14 0.0
0.695365 0.20732 0.736559 14 0.0
0.015269 0.151044 0.109415 4 0.0
0.014695 0.18277 0.10528 4 0.0
0.01586 0.155472 0.143313 4 0.0
0.015844 0.119318 0.11355 4 0.0
0.014679 0.146615 0.075517 4 0.0
0.741129 0.055713 0.919152 14 0.964381
0.104506 0.405067 0.216177 3 0.0
0.923817 0.059033 0.71531 8 0.0
0.962857 0.049691 0.18728 8 0.062276
0.919379 0.66544 0.973368 11 0.0
0.188011 0.074582 0.115936 8 0.986814
0.206876 0.071868 0.090034 8 0.986814
0.237408 0.084598 0.150864 8 0.986814
0.169146 0.077296 0.141838 8 0.986814
0.138614 0.064566 0.081008 8 0.986814
0.045428 0.194671 0.036918 4 1e-05
0.046511 0.210052 0.044755 4 1e-05
0.042032 0.190684 0.045212 4 1e-05
0.044346 0.179289 0.029082 4 1e-05
0.048825 0.198657 0.028625 4 1e-05
0.913577 0.047133 0.771799 8 0.0
0.88992 0.046191 0.773027 8 0.0
0.916868 0.049627 0.837157 8 0.0
0.937234 0.048074 0.770572 8 0.0
0.910286 0.044638 0.706442 8 0.0
0.228511 0.872647 0.022822 5 0.0
0.295518 0.864539 0.026931 5 0.0
0.225576 0.84805 0.022158 5 0.0
0.161504 0.880754 0.018714 5 0.0
0.231447 0.897244 0.023487 5 0.0
0.014003 0.507725 0.047558 4 0.0
0.621341 0.839769 0.055502 5 0.0
0.618743 0.875199 0.056708 5 0.0
0.733102 0.847603 0.06616 5 0.0
0.62394 0.80434 0.054295 5 0.0
0.509581 0.831936 0.044843 5 0.0
0.17914 0.713469 0.365277 1 0.002171
0.181012 0.786748 0.364567 1 0.002171
0.180175 0.71377 0.399162 1 0.002171
0.177268 0.640189 0.365986 1 0.002171
0.178105 0.713167 0.331391 1 0.002171
0.463931 0.26953 0.494758 6 0.0
0.975345 0.29443 0.962226 11 0.003312
0.947587 0.354699 0.967158 11 0.0
0.973379 0.596988 0.945234 13 0.0
0.954455 0.179626 0.48432 12 0.0
0.957359 0.216155 0.478078 12 0.0
0.962916 0.195875 0.583336 12 0.0
0.951551 0.143096 0.490563 12 0.0
0.945994 0.163377 0.385305 12 0.0
0.215079 0.820945 0.358691 1 0.989219
0.218894 0.860412 0.353892 1 0.989219
0.218392 0.824611 0.391473 1 0.989219
0.211264 0.781478 0.363491 1 0.989219
0.211767 0.817279 0.32591 1 0.989219
0.889458 0.94753 0.608209 17 0.0
0.690203 0.16059 0.048056 10 0.0
0.60056 0.172711 0.037557 10 0.0
0.694579 0.192258 0.047261 10 0.0
0.779847 0.148469 0.058555 10 0.0
0.685828 0.128921 0.048851 10 0.0
0.903504 0.573792 0.977013 11 0.0
0.949984 0.048519 0.337751 8 1e-06
0.985889 0.104251 0.604685 12 0.0
0.134945 0.334871 0.010311 10 0.0
0.143836 0.423446 0.0096 10 0.0
0.097637 0.338604 0.008814 10 0.0
0.126054 0.246296 0.011022 10 0.0
0.172253 0.331138 0.011808 10 0.0
0.482488 0.956018 0.338599 17 0.0
0.574189 0.959526 0.360046 17 0.0
0.472703 0.953652 0.380825 17 0.0
0.390786 0.95251 0.317152 17 0.0
0.492273 0.958383 0.296373 17 0.0
0.461652 0.954503 0.384981 17 2.9e-05
0.020472 0.558063 0.055652 4 0.0
0.210144 0.876694 0.040991 5 0.0
0.213283 0.898076 0.04133 5 0.0
0.27083 0.867761 0.042565 5 0.0
0.207005 0.855313 0.040651 5 0.0
0.149458 0.885628 0.039417 5 0.0
0.410759 0.411942 0.028326 10 0.0
0.458169 0.500368 0.031756 10 0.0
0.30128 0.470845 0.02305 10 0.0
0.363349 0.323516 0.024896 10 0.0
0.520237 0.35304 0.033603 10 0.0
0.920784 0.498083 0.974565 11 0.0
0.987297 0.838956 0.54972 12 0.0
0.975038 0.639482 0.944373 13 0.0
0.308017 0.25329 0.471932 2 0.0
0.295378 0.31352 0.472116 2 0.0
0.347666 0.261603 0.47448 2 0.0
0.320657 0.193061 0.471748 2 0.0
0.268368 0.244978 0.469384 2 0.0
0.986454 0.896195 0.631685 12 0.0
0.209548 0.225824 0.465622 2 0.0
0.933994 0.946501 0.278819 17 0.0
0.338464 0.506211 0.466046 2 0.0
0.341441 0.644098 0.464214 2 0.0
0.388632 0.505125 0.465777 2 0.0
0.335488 0.368325 0.467877 2 0.0
0.288296 0.507298 0.466314 2 0.0
0.948249 0.406394 0.968286 11 1e-06
0.176135 0.737709 0.441868 1 0.0
0.936947 0.04891 0.413221 8 0.0
0.988438 0.862268 0.761197 12 0.0
0.987941 0.889465 0.762718 12 0.0
0.987362 0.858741 0.823879 12 0.0
0.988935 0.835071 0.759675 12 0.0
0.989514 0.865795 0.698514 12 0.0
0.925662 0.25405 0.233987 12 0.0
0.929901 0.253181 0.281659 12 0.0
0.922699 0.19981 0.233263 12 0.0
0.921424 0.254918 0.186315 12 0.0
0.928626 0.308289 0.234712 12 0.0
0.982838 0.30179 0.892183 12 0.0
0.382902 0.360593 0.467065 2 0.0
0.379968 0.457605 0.467218 2 0.0
0.419452 0.361698 0.467566 2 0.0
0.385836 0.263581 0.466912 2 0.0
0.346352 0.359489 0.466564 2 0.0
0.951247 0.948553 0.408726 17 0.0
0.953742 0.272405 0.966645 11 0.0
0.57949 0.932811 0.099846 17 1e-06
0.92782 0.048432 0.37411 8 0.0
0.892418 0.057835 0.96942 11 0.0
0.721383 0.053041 0.770467 14 0.986094
0.250784 0.064099 0.467013 2 8.1e-05
0.017521 0.194441 0.192915 4 0.0
0.016519 0.266413 0.046849 4 0.0
0.016162 0.072982 0.026327 4 0.201133
0.01518 0.078368 0.034148 4 0.201133
0.01659 0.065533 0.031509 4 0.201133
0.017144 0.067597 0.018505 4 0.201133
0.015735 0.080431 0.021144 4 0.201133
0.193144 0.145358 0.465677 2 0.0
0.143221 0.844191 0.214501 3 0.0
0.158621 0.842024 0.215317 3 0.0
0.138375 0.809991 0.215121 3 0.0
0.127821 0.846358 0.213685 3 0.0
0.148066 0.87839 0.213881 3 0.0
0.020694 0.917368 0.109446 4 0.0
0.976944 0.941763 0.203007 17 0.016242
0.978891 0.666811 0.918021 13 0.0
0.83328 0.072396 0.983101 11 0.0
0.865403 0.216722 0.979318 11 0.0
0.855162 0.269394 0.980522 11 0.0
0.900288 0.2236 0.975154 11 0.0
0.875644 0.164051 0.978113 11 0.0
0.830518 0.209844 0.983481 11 0.0
0.479236 0.216263 0.56717 6 0.0
0.485694 0.263948 0.601284 6 0.0
0.485702 0.196243 0.593929 6 0.0
0.472777 0.168578 0.533055 6 0.0
0.472769 0.236282 0.54041 6 0.0
0.039695 0.602775 0.217509 3 0.0
0.643083 0.121859 0.679054 15 0.01438
0.645718 0.143684 0.675121 15 0.01438
0.600864 0.126068 0.674119 15 0.01438
0.640447 0.100035 0.682987 15 0.01438
0.685302 0.11765 0.683989 15 0.01438
0.865087 0.94558 0.984017 11 0.999997
0.016749 0.057109 0.094429 4 0.933918
0.985663 0.648797 0.13491 18 0.0
0.925025 0.946377 0.971686 11 0.999748
0.586864 0.055696 0.699316 15 2e-06
0.959303 0.057537 0.967586 11 0.009918
0.95871 0.060488 0.967105 11 0.009918
0.951015 0.056176 0.969462 11 0.009918
0.959897 0.054586 0.968067 11 0.009918
0.967592 0.058898 0.965711 11 0.009918
0.802181 0.314959 0.988477 11 0.0
0.981673 0.213227 0.897759 12 0.0
0.98259 0.261413 0.898416 12 0.0
0.980299 0.212957 0.919525 12 0.0
0.980757 0.165041 0.897103 12 0.0
0.983047 0.213498 0.875994 12 0.0
0.015515 0.950135 0.066251 4 0.999999
0.619968 0.070492 0.702576 15 0.000157
0.80637 0.099027 0.98556 11 0.0
0.822672 0.109896 0.983582 11 0.0
0.81519 0.085721 0.985127 11 0.0
0.790069 0.088158 0.987538 11 0.0
0.797551 0.112333 0.985993 11 0.0
0.839123 0.948413 0.944146 17 0.0
0.809902 0.949493 0.949544 17 0.0
0.8417 0.949021 0.957974 17 0.0
0.868344 0.947333 0.938747 17 0.0
0.836546 0.947805 0.930318 17 0.0
0.016419 0.284893 0.162327 4 0.0
0.988673 0.138012 0.237633 12 0.0
0.989297 0.163362 0.231747 12 0.0
0.990062 0.149131 0.285662 12 0.0
0.98805 0.112662 0.24352 12 0.0
0.987285 0.126893 0.189605 12 0.0
0.907611 0.050103 0.082225 9 0.902695
0.748543 0.050848 0.722427 8 0.0
0.986715 0.115511 0.535747 12 0.0
0.958506 0.815663 0.968272 11 0.0
0.972358 0.94748 0.783542 17 4.5e-05
0.539014 0.054101 0.682794 8 0.0
0.550952 0.054009 0.68165 8 0.0
0.539806 0.05342 0.691108 8 0.0
0.527076 0.054192 0.683937 8 0.0
0.538223 0.054781 0.674479 8 0.0
0.098162 0.948723 0.17385 17 0.0
0.071504 0.947656 0.17481 17 0.0
0.098669 0.949183 0.188457 17 0.0
0.124819 0.949791 0.172891 17 0.0
0.097654 0.948264 0.159244 17 0.0
0.988856 0.231288 0.719511 12 0.0
0.990856 0.287102 0.725591 12 0.0
0.985947 0.222963 0.796887 12 0.0
0.986856 0.175474 0.713431 12 0.0
0.991766 0.239613 0.642135 12 0.0
0.366076 0.048468 0.058431 8 0.000702
0.014616 0.562917 0.035779 4 0.0
0.181748 0.348095 0.217595 1 1.0
0.019824 0.935939 0.095627 4 0.029438
0.987243 0.200793 0.715206 12 0.0
0.989517 0.247728 0.718659 12 0.0
0.985001 0.195174 0.793075 12 0.0
0.984968 0.153858 0.711753 12 0.0
0.989484 0.206413 0.637337 12 0.0
0.985359 0.128338 0.503437 12 0.0
0.58793 0.723817 0.72059 16 0.018972
0.582651 0.79422 0.71508 16 0.018972
0.559843 0.721275 0.715026 16 0.018972
0.593209 0.653414 0.7261 16 0.018972
0.616016 0.726358 0.726153 16 0.018972
0.177714 0.295196 0.417557 1 0.0
0.975724 0.059137 0.39499 12 1e-06
0.982852 0.086701 0.536 12 0.0
0.911906 0.207409 0.909051 13 0.0
0.178013 0.889687 0.3104 1 0.0
0.177531 0.909224 0.311329 1 0.0
0.178869 0.887942 0.347549 1 0.0
0.178495 0.870149 0.309472 1 0.0
0.177157 0.891431 0.273252 1 0.0
0.442881 0.063846 0.451743 8 0.00067
0.760671 0.917991 0.145879 17 0.0
0.763314 0.918569 0.120759 17 0.0
0.830462 0.909796 0.153032 17 0.0
0.758029 0.917413 0.170998 17 0.0
0.69088 0.926185 0.138725 17 0.0
0.319826 0.951118 0.343254 17 0.0
0.275798 0.949439 0.359068 17 0.0
0.332919 0.950392 0.37963 17 0.0
0.363854 0.952798 0.327441 17 0.0
0.306733 0.951845 0.306879 17 0.0
0.976876 0.545589 0.116566 18 2e-05
0.937814 0.126251 0.330468 13 0.0
0.028917 0.394152 0.219268 3 1e-05
0.982712 0.930601 0.765145 13 0.047138
0.987672 0.156997 0.6897 12 0.0
0.988966 0.191084 0.690605 12 0.0
0.986518 0.154784 0.7747 12 0.0
0.986378 0.122911 0.688795 12 0.0
0.988826 0.159211 0.6047 12 0.0
0.123656 0.806048 0.010194 5 0.0
0.111877 0.851887 0.009847 5 0.0
0.156059 0.814392 0.012508 5 0.0
0.135434 0.760208 0.010542 5 0.0
0.091252 0.797703 0.007881 5 0.0
0.471098 0.065754 0.512249 7 0.026705
0.971599 0.495458 0.11356 12 0.003522
0.109099 0.293834 0.215452 3 0.0
0.107314 0.368444 0.215802 3 0.0
0.136468 0.294491 0.214939 3 0.0
0.110883 0.219224 0.215101 3 0.0
0.081729 0.293176 0.215964 3 0.0
0.986636 0.148279 0.365166 12 0.0
0.988123 0.175516 0.364287 12 0.0
0.990046 0.15008 0.426776 12 0.0
0.985148 0.121042 0.366044 12 0.0
0.983225 0.146478 0.303556 12 0.0
0.169593 0.951734 0.152633 17 0.017567
0.120166 0.950508 0.146344 17 0.017567
0.166867 0.951013 0.174204 17 0.017567
0.219021 0.95296 0.158922 17 0.017567
0.17232 0.952455 0.131062 17 0.017567
0.276668 0.949785 0.453007 17 0.000203
0.900435 0.94201 0.085328 17 0.232728
0.019199 0.91974 0.200791 4 0.040805
0.018251 0.930434 0.203126 4 0.040805
0.018232 0.918507 0.206041 4 0.040805
0.020147 0.909045 0.198455 4 0.040805
0.020167 0.920972 0.195541 4 0.040805
0.024297 0.289778 0.210369 3 0.97533
0.966034 0.945416 0.742035 17 0.0
0.476159 0.064658 0.559753 7 0.553833
0.235215 0.800488 0.472733 2 0.0
0.238476 0.847059 0.471025 2 0.0
0.218162 0.801691 0.472966 2 0.0
0.231954 0.753918 0.474442 2 0.0
0.252269 0.799286 0.472501 2 0.0
0.141424 0.309492 0.214644 3 0.0
0.721944 0.058831 0.713067 14 3.5e-05
0.725502 0.061061 0.710539 14 3.5e-05
0.724567 0.061476 0.719094 14 3.5e-05
0.718387 0.0566 0.715594 14 3.5e-05
0.719322 0.056185 0.70704 14 3.5e-05
0.018425 0.294347 0.034374 4 0.000163
0.115139 0.902384 0.032661 5 0.0
0.131445 0.896543 0.034153 5 0.0
0.111987 0.8937 0.033119 5 0.0
0.098834 0.908224 0.031168 5 0.0
0.118292 0.911067 0.032202 5 0.0
0.106265 0.644417 0.008778 5 0.0
0.135275 0.644964 0.010459 5 0.0
0.108057 0.5492 0.008786 5 0.0
0.077254 0.643871 0.007097 5 0.0
0.104472 0.739635 0.00877 5 0.0
0.319544 0.834919 0.03061 5 0.0
0.413119 0.820087 0.037147 5 0.0
0.314151 0.80011 0.028834 5 0.0
0.225969 0.849751 0.024073 5 0.0
0.324938 0.869728 0.032386 5 0.0
0.213837 0.857614 0.469865 2 0.0
0.216146 0.887532 0.468211 2 0.0
0.201344 0.858508 0.468606 2 0.0
0.211528 0.827695 0.471518 2 0.0
0.22633 0.856719 0.471123 2 0.0
0.01937 0.711783 0.146401 4 0.0
0.972775 0.105566 0.964461 11 0.051435
0.922327 0.945854 0.133237 17 0.0
0.914762 0.9472 0.122567 17 0.0
0.902609 0.944635 0.147064 17 0.0
0.929892 0.944508 0.143907 17 0.0
0.942045 0.947074 0.11941 17 0.0
0.020112 0.448454 0.192474 4 0.0
0.938623 0.945975 0.58606 17 0.0
0.065255 0.151574 0.21797 3 0.0
0.065599 0.184023 0.218419 3 0.0
0.080782 0.151403 0.218395 3 0.0
0.064911 0.119125 0.217521 3 0.0
0.049728 0.151744 0.217545 3 0.0
0.94943 0.162849 0.943117 12 2e-06
0.232559 0.915945 0.051599 17 0.003841
0.497798 0.051801 0.508537 9 0.0
0.975325 0.612871 0.094846 18 0.0
0.671804 0.102306 0.062728 10 0.0
0.62212 0.103062 0.051324 10 0.0
0.672431 0.120132 0.06118 10 0.0
0.721488 0.10155 0.074132 10 0.0
0.671178 0.084481 0.064275 10 0.0
0.864923 0.420098 0.981189 11 0.0
0.975678 0.613863 0.948427 13 0.0
0.960249 0.818183 0.960298 11 0.000138
0.814521 0.9491 0.989005 11 0.999998
0.894356 0.29875 0.975985 11 0.0
0.894432 0.377655 0.978763 11 0.0
0.866405 0.298654 0.979475 11 0.0
0.89428 0.219845 0.973207 11 0.0
0.922306 0.298846 0.972495 11 0.0
0.960107 0.948087 0.410598 17 0.0
0.897521 0.393505 0.976803 11 0.0
0.016097 0.396049 0.043091 4 0.0
0.018201 0.659713 0.174666 4 0.0
0.973843 0.052929 0.322059 9 0.117848
0.958065 0.751964 0.915536 12 0.0
0.973983 0.134385 0.952731 13 0.0
0.178915 0.715501 0.442713 1 0.0
0.918762 0.431473 0.973886 11 0.0
0.174977 0.668702 0.419925 1 0.0
0.015927 0.709224 0.107834 4 0.0
0.015669 0.782863 0.104238 4 0.0
0.016049 0.710875 0.141631 4 0.0
0.016185 0.635586 0.11143 4 0.0
0.015805 0.707574 0.074038 4 0.0
0.195123 0.888029 0.019904 5 0.0
0.252396 0.883762 0.023569 5 0.0
0.193594 0.867162 0.019505 5 0.0
0.137849 0.892295 0.016239 5 0.0
0.196652 0.908895 0.020304 5 0.0
0.91661 0.653889 0.973914 11 0.0
0.970986 0.512739 0.940858 13 0.0
0.982522 0.948624 0.962724 17 0.996528
0.98453 0.948973 0.958989 17 0.996528
0.982909 0.950098 0.96307 17 0.996528
0.980514 0.948274 0.966459 17 0.996528
0.982135 0.947149 0.962378 17 0.996528
0.355507 0.952229 0.380537 17 0.0
0.298524 0.950755 0.386781 17 0.0
0.358525 0.951372 0.407882 17 0.0
0.412489 0.953702 0.374293 17 0.0
0.352488 0.953085 0.353192 17 0.0
0.939108 0.410234 0.078371 10 0.0
0.98247 0.517019 0.140886 18 0.977205
0.020724 0.471423 0.05395 4 0.0
0.961558 0.646128 0.918275 12 0.0
0.174825 0.591058 0.393809 1 5e-06
0.255321 0.951684 0.08188 17 0.003352
0.794807 0.941686 0.98741 11 0.012763
0.183941 0.946365 0.320085 17 0.011892
0.850051 0.945973 0.328337 17 0.0
0.893457 0.945707 0.328667 17 0.0
0.849431 0.946427 0.410371 17 0.0
0.806644 0.946239 0.328008 17 0.0
0.850671 0.945518 0.246304 17 0.0
0.937525 0.266271 0.968123 11 0.000314
0.02074 0.377715 0.039869 4 0.0
0.174758 0.617566 0.407203 1 0.0
0.973916 0.758503 0.177401 12 0.0
0.971441 0.819875 0.171748 12 0.0
0.971138 0.761197 0.207867 12 0.0
0.976391 0.69713 0.183053 12 0.0
0.976694 0.755809 0.146934 12 0.0
0.640172 0.95328 0.133083 17 1e-06
0.188528 0.213934 0.461148 2 0.0
0.935422 0.947102 0.371696 17 0.0
0.962108 0.937497 0.440691 17 0.0
0.863912 0.264276 0.979031 11 0.0
0.860914 0.332898 0.98046 11 0.0
0.828122 0.262617 0.983571 11 0.0
0.866911 0.195653 0.977603 11 0.0
0.899702 0.265934 0.974492 11 0.0
0.988194 0.629286 0.181655 12 0.0
0.916649 0.047255 0.625644 8 0.0
0.493077 0.536885 0.647163 6 0.009708
0.492332 0.584283 0.646798 6 0.009708
0.497283 0.537095 0.665823 6 0.009708
0.493822 0.489487 0.647528 6 0.009708
0.488871 0.536675 0.628503 6 0.009708
0.986103 0.384831 0.162401 12 0.0
0.741789 0.576256 0.975825 14 0.0
0.984493 0.697157 0.108025 18 0.0
0.974449 0.439698 0.107162 18 0.000485
0.183937 0.483625 0.216701 1 1.0
0.989068 0.824855 0.371298 12 0.0
0.987966 0.863689 0.369828 12 0.0
0.990168 0.82825 0.460177 12 0.0
0.99017 0.786022 0.372767 12 0.0
0.987968 0.82146 0.282418 12 0.0
0.986502 0.90365 0.683611 12 0.0
0.51002 0.951867 0.497683 17 0.000483
0.984606 0.406001 0.138251 12 0.0
0.985095 0.445564 0.136235 12 0.0
0.882639 0.630919 0.978403 11 0.0
0.850911 0.630236 0.982523 11 0.0
0.880279 0.730032 0.976643 11 0.0
0.914367 0.631601 0.974282 11 0.0
0.884999 0.531805 0.980163 11 0.0
0.476103 0.954412 0.403951 17 0.000189
0.019429 0.161564 0.210349 4 1.0
0.958278 0.945713 0.646036 17 0.0
0.0159 0.050926 0.08385 4 0.999039
0.017219 0.672766 0.163178 4 0.0
0.954379 0.944408 0.966003 11 0.999923
0.95393 0.941391 0.966861 11 0.999923
0.96131 0.942842 0.964124 11 0.999923
0.954828 0.947426 0.965145 11 0.999923
0.947448 0.945975 0.967882 11 0.999923
0.01584 0.065895 0.090382 4 0.100616
0.981229 0.055127 0.89513 13 0.0
0.926853 0.103101 0.970623 11 0.0
0.912174 0.115278 0.971791 11 0.0
0.916339 0.090283 0.972128 11 0.0
0.941531 0.090923 0.969454 11 0.0
0.937367 0.115919 0.969118 11 0.0
0.977869 0.05419 0.207304 9 0.995706
0.016833 0.609809 0.152369 4 0.0
0.530477 0.05213 0.531459 8 0.0
0.549636 0.052704 0.528888 8 0.0
0.53794 0.0515 0.586941 8 0.0
0.511318 0.051555 0.534029 8 0.0
0.523015 0.05276 0.475977 8 0.0
0.014517 0.260724 0.092977 4 0.0
0.01444 0.32481 0.084782 4 0.0
0.014696 0.264152 0.119782 4 0.0
0.014595 0.196639 0.101171 4 0.0
0.014338 0.257297 0.066171 4 0.0
0.244933 0.198859 0.468373 2 0.0
0.242768 0.244014 0.468737 2 0.0
0.267065 0.199909 0.469842 2 0.0
0.247097 0.153704 0.468009 2 0.0
0.222801 0.19781 0.466905 2 0.0
0.897327 0.054988 0.970955 8 0.999956
0.057338 0.819551 0.217316 3 0.0
0.070478 0.820143 0.217467 3 0.0
0.059191 0.778315 0.217873 3 0.0
0.044198 0.818958 0.217164 3 0.0
0.055484 0.860786 0.216759 3 0.0
0.928764 0.157864 0.907293 13 1e-06
0.581961 0.053297 0.669813 8 0.0
0.555726 0.053593 0.667605 8 0.0
0.580963 0.052353 0.681552 8 0.0
0.608196 0.053002 0.67202 8 0.0
0.58296 0.054241 0.658073 8 0.0
0.492027 0.055765 0.615789 7 0.961504
0.076398 0.858699 0.216731 3 0.0
0.095669 0.859707 0.216679 3 0.0
0.077937 0.829304 0.217391 3 0.0
0.057127 0.857691 0.216783 3 0.0
0.074859 0.888094 0.216072 3 0.0
0.381592 0.051489 0.40838 8 0.0
0.176602 0.102447 0.44726 1 0.016693
0.176304 0.120695 0.447067 1 0.016693
0.17603 0.102511 0.454289 1 0.016693
0.1769 0.084198 0.447453 1 0.016693
0.177174 0.102382 0.440231 1 0.016693
0.981767 0.729679 0.92546 13 0.0
0.984959 0.737446 0.110782 18 0.0
0.866993 0.092139 0.977849 11 0.0
0.869243 0.105578 0.977665 11 0.0
0.902732 0.086098 0.973687 11 0.0
0.864743 0.0787 0.978034 11 0.0
0.831255 0.09818 0.982012 11 0.0
0.958733 0.885055 0.966895 11 2e-06
0.958267 0.906765 0.965601 11 2e-06
0.950206 0.884901 0.967379 11 2e-06
0.959198 0.863345 0.968189 11 2e-06
0.967259 0.885209 0.96641 11 2e-06
0.935787 0.075137 0.936831 8 0.998248
0.919195 0.089121 0.931396 8 0.998248
0.930556 0.07374 0.949203 8 0.998248
0.952378 0.061154 0.942266 8 0.998248
0.941017 0.076535 0.924459 8 0.998248
0.981574 0.126886 0.8807 12 0.0
0.983487 0.138381 0.855112 12 0.0
0.981355 0.148968 0.890603 12 0.0
0.979661 0.115392 0.906288 12 0.0
0.981794 0.104805 0.870797 12 0.0
0.644159 0.0661 0.701685 15 0.003826
0.01821 0.379545 0.180615 4 0.0
0.01568 0.749767 0.108085 4 0.0
0.015441 0.811451 0.10748 4 0.0
0.01576 0.750095 0.14158 4 0.0
0.015919 0.688082 0.108689 4 0.0
0.015601 0.749438 0.07459 4 0.0
0.401853 0.908691 0.467687 2 4e-06
0.399928 0.922226 0.467588 2 4e-06
0.373143 0.904603 0.467194 2 4e-06
0.403779 0.895157 0.467785 2 4e-06
0.430564 0.91278 0.468179 2 4e-06
0.754074 0.05106 0.731791 8 0.0
0.199248 0.05708 0.399251 9 0.0
0.190467 0.056213 0.398985 9 0.0
0.198513 0.057639 0.421683 9 0.0
0.208029 0.057946 0.399517 9 0.0
0.199983 0.05652 0.376819 9 0.0
0.980791 0.086038 0.476108 12 0.0
0.017616 0.318583 0.043225 4 0.0
0.01712 0.79692 0.132122 4 0.0
0.017522 0.844291 0.136381 4 0.0
0.017871 0.794477 0.15922 4 0.0
0.016717 0.749549 0.127862 4 0.0
0.016368 0.799363 0.105023 4 0.0
0.084238 0.947686 0.133498 17 0.0
0.062705 0.946044 0.129357 17 0.0
0.079078 0.946592 0.160764 17 0.0
0.105771 0.949328 0.137639 17 0.0
0.089398 0.948779 0.106233 17 0.0
0.506042 0.264094 0.686548 6 3e-06
0.541095 0.052862 0.58464 8 0.0
0.560128 0.053631 0.583161 8 0.0
0.544094 0.052491 0.623055 8 0.0
0.522062 0.052094 0.586118 8 0.0
0.538096 0.053234 0.546225 8 0.0
0.069454 0.052196 0.109583 8 0.005007
0.050457 0.051779 0.110393 8 0.005007
0.070911 0.053078 0.14422 8 0.005007
0.08845 0.052614 0.108773 8 0.005007
0.067996 0.051315 0.074946 8 0.005007
0.795757 0.811808 0.989073 11 0.0
0.798933 0.856501 0.986279 11 0.0
0.779849 0.813081 0.991342 11 0.0
0.792581 0.767116 0.991867 11 0.0
0.811666 0.810536 0.986805 11 0.0
0.725691 0.110623 0.845572 14 0.0
0.724373 0.13056 0.846298 14 0.0
0.733689 0.109421 0.893064 14 0.0
0.727009 0.090685 0.844846 14 0.0
0.717692 0.111824 0.798079 14 0.0
0.855877 0.080756 0.979119 11 0.0
0.977171 0.063572 0.49761 13 0.0
0.552824 0.857016 0.711506 16 0.012274
0.551412 0.887893 0.709284 16 0.012274
0.537909 0.856235 0.710126 16 0.012274
0.554236 0.826139 0.713727 16 0.012274
0.567739 0.857797 0.712885 16 0.012274
0.089583 0.744368 0.007487 5 0.0
0.087198 0.810161 0.008145 5 0.0
0.113468 0.745218 0.009029 5 0.0
0.091967 0.678574 0.00683 5 0.0
0.065698 0.743518 0.005945 5 0.0
0.28631 0.951847 0.288723 17 0.0
0.251973 0.951343 0.283684 17 0.0
0.278019 0.950156 0.345397 17 0.0
0.320647 0.95235 0.293761 17 0.0
0.294601 0.953537 0.232048 17 0.0
0.076594 0.444444 0.218244 3 0.0
0.022378 0.860847 0.00201 4 0.600256
0.964763 0.936396 0.53357 17 0.0
0.985755 0.251196 0.105549 18 0.000192
0.982396 0.842923 0.106575 18 1e-06
0.024943 0.882886 0.216722 3 0.999999
0.01697 0.89576 0.211963 4 0.971084
0.343112 0.051526 0.199947 8 0.0
0.32021 0.051866 0.235538 8 0.0
0.413966 0.050516 0.24555 8 0.0
0.366014 0.051186 0.164357 8 0.0
0.272258 0.052536 0.154344 8 0.0
0.095919 0.795306 0.215697 3 0.0
0.120765 0.795419 0.215609 3 0.0
0.096138 0.747261 0.21617 3 0.0
0.071072 0.795194 0.215785 3 0.0
0.095699 0.843351 0.215224 3 0.0
0.504016 0.9342 0.675199 6 0.036876
0.503632 0.940717 0.674916 6 0.036876
0.507669 0.934966 0.687882 6 0.036876
0.5044 0.927683 0.675482 6 0.036876
0.500363 0.933434 0.662516 6 0.036876
0.979156 0.945949 0.900391 17 0.341566
0.976064 0.070693 0.497354 12 0.0
0.972663 0.428675 0.937034 12 0.0
0.03324 0.088552 0.215018 3 2e-06
0.032365 0.102273 0.216066 3 2e-06
0.039405 0.088908 0.215492 3 2e-06
0.034115 0.07483 0.213971 3 2e-06
0.027075 0.088195 0.214544 3 2e-06
0.971781 0.935647 0.11913 17 0.281884
0.973515 0.941927 0.11801 17 0.281884
0.976575 0.936767 0.132836 17 0.281884
0.970046 0.929367 0.12025 17 0.281884
0.966987 0.934527 0.105424 17 0.281884
0.057575 0.670307 0.004795 5 0.0
0.442755 0.05223 0.374681 8 1e-06
0.360084 0.053197 0.361335 8 1e-06
0.438054 0.051873 0.403779 8 1e-06
0.525427 0.051262 0.388026 8 1e-06
0.447457 0.052586 0.345582 8 1e-06
0.986229 0.36099 0.184762 12 0.0
0.988332 0.437627 0.194625 12 0.0
0.986711 0.357625 0.210808 12 0.0
0.984125 0.284353 0.174899 12 0.0
0.985746 0.364355 0.158717 12 0.0
0.946678 0.339799 0.967496 11 1e-06
0.517163 0.09323 0.427433 9 0.008907
0.975711 0.940779 0.684349 17 0.010511
0.032628 0.689155 0.214983 3 1e-06
0.059607 0.946437 0.107325 17 0.0
0.044576 0.945679 0.108222 17 0.0
0.06169 0.946748 0.142501 17 0.0
0.074638 0.947195 0.106428 17 0.0
0.057524 0.946126 0.072149 17 0.0
0.019289 0.423745 0.202383 4 0.73829
0.975675 0.893497 0.962837 11 9e-06
0.013192 0.633772 0.032265 4 6.7e-05
0.202784 0.60675 0.014544 5 0.0
0.187991 0.713023 0.014478 5 0.0
0.258929 0.614567 0.018265 5 0.0
0.217577 0.500476 0.01461 5 0.0
0.146638 0.598932 0.010823 5 0.0
0.947733 0.931423 0.941031 17 0.0
0.949367 0.929955 0.931861 17 0.0
0.959169 0.9377 0.942064 17 0.0
0.946098 0.932892 0.9502 17 0.0
0.936296 0.925147 0.939998 17 0.0
0.135762 0.165736 0.215166 3 0.0
0.13386 0.201343 0.215198 3 0.0
0.153965 0.166708 0.215507 3 0.0
0.137664 0.130129 0.215134 3 0.0
0.117559 0.164764 0.214825 3 0.0
0.317868 0.846709 0.03126 5 0.0
0.321677 0.879312 0.033042 5 0.0
0.407193 0.836099 0.034464 5 0.0
0.31406 0.814106 0.029478 5 0.0
0.228543 0.857318 0.028056 5 0.0
0.764793 0.11663 0.991873 11 0.0
0.813343 0.078662 0.075653 10 0.0
0.089208 0.653128 0.216644 3 0.0
0.870076 0.054658 0.970218 11 3e-06
0.887122 0.927469 0.505533 17 0.837735
0.38282 0.051842 0.373894 8 6e-06
0.318166 0.051537 0.376228 8 6e-06
0.383865 0.052495 0.402937 8 6e-06
0.447474 0.052146 0.37156 8 6e-06
0.381774 0.051189 0.344851 8 6e-06
0.175943 0.453241 0.408515 1 0.0
0.920807 0.048457 0.506093 8 0.0
0.02786 0.310575 0.216609 3 0.0
0.139748 0.565234 0.215777 3 0.0
0.922043 0.234602 0.972005 11 0.0
0.020964 0.730465 0.202121 4 0.469993
0.288176 0.56477 0.470385 2 0.0
0.984372 0.089182 0.615852 12 0.0
0.974998 0.495319 0.114838 18 1e-05
0.209056 0.178998 0.465038 2 0.0
0.920485 0.362337 0.972018 11 0.0
0.914042 0.948381 0.404918 17 0.0
0.21954 0.144706 0.013779 10 0.0
0.282907 0.157589 0.015265 10 0.0
0.214078 0.171679 0.01286 10 0.0
0.156173 0.131822 0.012293 10 0.0
0.225003 0.117732 0.014697 10 0.0
0.013955 0.532137 0.072246 4 0.0
0.982473 0.607643 0.12305 18 0.0
0.921377 0.948011 0.304728 17 0.0
0.250668 0.750112 0.089416 5 0.0
0.229467 0.802926 0.091819 5 0.0
0.320736 0.778464 0.084472 5 0.0
0.271869 0.697298 0.087014 5 0.0
0.1806 0.72176 0.094361 5 0.0
0.981801 0.587715 0.165791 12 0.0
0.913104 0.479919 0.975049 11 0.0
0.335361 0.54217 0.471415 2 0.0
0.33099 0.642553 0.468928 2 0.0
0.383545 0.544295 0.472495 2 0.0
0.339732 0.441788 0.473902 2 0.0
0.287178 0.540046 0.470335 2 0.0
0.939559 0.65308 0.86125 12 0.0
0.949997 0.740812 0.852447 12 0.0
0.936857 0.65694 0.896516 12 0.0
0.929122 0.565349 0.870053 12 0.0
0.942261 0.64922 0.825984 12 0.0
0.946719 0.930465 0.567822 17 0.0
0.98628 0.561292 0.151142 12 0.0
0.949641 0.729434 0.969879 11 0.0
0.161104 0.499714 0.211461 3 0.0
0.959888 0.894337 0.53178 12 0.0
0.021401 0.139524 0.216976 3 1.0
0.284353 0.791255 0.470858 2 0.0
0.285906 0.840465 0.46969 2 0.0
0.316446 0.790222 0.470041 2 0.0
0.282799 0.742045 0.472027 2 0.0
0.25226 0.792287 0.471676 2 0.0
0.330304 0.39507 0.471987 2 0.0
0.315748 0.493951 0.46954 2 0.0
0.375677 0.401787 0.47352 2 0.0
0.34486 0.296189 0.474433 2 0.0
0.284931 0.388353 0.470453 2 0.0
0.980998 0.858501 0.943418 13 0.0
0.983029 0.892542 0.101315 18 9.6e-05
0.980014 0.907496 0.101656 18 9.6e-05
0.983988 0.892573 0.108447 18 9.6e-05
0.986043 0.877588 0.100974 18 9.6e-05
0.982069 0.892512 0.094183 18 9.6e-05
0.777474 0.04941 0.661881 8 0.0
0.236914 0.582665 0.469213 2 0.0
0.016007 0.059084 0.056774 4 0.939391
0.015277 0.678993 0.109409 4 0.0
0.01531 0.761719 0.108222 4 0.0
0.015542 0.679475 0.143002 4 0.0
0.015243 0.596266 0.110596 4 0.0
0.015012 0.678511 0.075816 4 0.0
0.014892 0.105833 0.21067 4 0.999999
0.017191 0.896048 0.014796 4 0.598758
0.01794 0.914719 0.014922 4 0.598758
0.01808 0.895968 0.021243 4 0.598758
0.016441 0.877376 0.014669 4 0.598758
0.016301 0.896127 0.008348 4 0.598758
0.049319 0.054586 0.204763 8 0.515225
0.061076 0.05201 0.205694 8 0.515225
0.048887 0.054118 0.208922 8 0.515225
0.037562 0.057163 0.203832 8 0.515225
0.049751 0.055055 0.200605 8 0.515225
0.865714 0.152828 0.97807 11 0.0
0.854679 0.183509 0.978923 11 0.0
0.90026 0.165398 0.97284 11 0.0
0.876748 0.122147 0.977217 11 0.0
0.831167 0.140258 0.9833 11 0.0
0.938221 0.098959 0.922244 8 0.956939
0.923582 0.11552 0.917397 8 0.956939
0.933039 0.098875 0.93761 8 0.956939
0.95286 0.082398 0.927091 8 0.956939
0.943403 0.099042 0.906879 8 0.956939
0.653592 0.053066 0.637947 8 0.0
0.603884 0.053666 0.640261 8 0.0
0.654597 0.052414 0.659716 8 0.0
0.703299 0.052467 0.635633 8 0.0
0.652586 0.053719 0.616178 8 0.0
0.017719 0.277843 0.164925 4 0.0
0.017646 0.318818 0.032447 4 0.0
0.027002 0.278761 0.061108 4 1e-06
0.139524 0.948973 0.014199 17 0.999889
0.86583 0.052256 0.964236 8 0.0
0.54914 0.761161 0.71415 16 0.01603
0.021881 0.302969 0.033596 4 0.999999
0.102281 0.546432 0.215442 3 0.0
0.016748 0.527547 0.154722 4 0.0
0.98418 0.797248 0.110695 18 1.6e-05
0.981357 0.810917 0.110105 18 1.6e-05
0.985369 0.797938 0.120988 18 1.6e-05
0.987003 0.783579 0.111285 18 1.6e-05
0.982991 0.796558 0.100401 18 1.6e-05
0.896558 0.132865 0.964001 11 0.0
0.896977 0.160629 0.962134 11 0.0
0.919851 0.132242 0.959957 11 0.0
0.896138 0.105102 0.965868 11 0.0
0.873265 0.133489 0.968045 11 0.0
0.109439 0.934595 0.215737 3 0.02926
0.02324 0.772607 0.015277 4 0.000678
0.122686 0.072389 0.216477 3 0.016837
0.863461 0.062742 0.979594 11 0.028685
0.918084 0.921183 0.959064 11 0.0
0.901537 0.924952 0.964755 11 0.0
0.920685 0.930514 0.960447 11 0.0
0.934631 0.917414 0.953373 11 0.0
0.915483 0.911852 0.95768 11 0.0
0.022807 0.446894 0.21125 3 0.998427
0.188007 0.090542 0.23965 1 0.999998
0.022098 0.361752 0.038003 4 0.0009
0.640386 0.052415 0.096929 8 0.0
0.964967 0.945806 0.760938 17 0.0
0.076118 0.946737 0.214195 3 0.999989
0.950243 0.858703 0.969264 11 0.0
0.946495 0.887735 0.96893 11 0.0
0.939536 0.857332 0.970286 11 0.0
0.953992 0.82967 0.969597 11 0.0
0.960951 0.860074 0.968241 11 0.0
0.811672 0.068588 0.985529 11 0.0
0.811396 0.075461 0.984889 11 0.0
0.792064 0.068005 0.987723 11 0.0
0.811948 0.061715 0.986168 11 0.0
0.83128 0.069172 0.983334 11 0.0
0.233499 0.047554 0.04148 8 0.007079
0.1863 0.071488 0.227676 1 0.046164
0.186928 0.078061 0.226907 1 0.046164
0.187661 0.072701 0.239159 1 0.046164
0.185671 0.064916 0.228444 1 0.046164
0.184938 0.070276 0.216193 1 0.046164
0.700038 0.061859 0.699941 14 0.999909
0.701525 0.066867 0.697758 14 0.999909
0.694723 0.063127 0.699232 14 0.999909
0.698552 0.056851 0.702125 14 0.999909
0.705354 0.06059 0.70065 14 0.999909
0.985705 0.148477 0.500541 12 0.0
0.579373 0.872844 0.712051 16 0.007449
0.597757 0.884361 0.71217 16 0.007449
0.564928 0.895934 0.709021 16 0.007449
0.560989 0.861327 0.711932 16 0.007449
0.593818 0.849755 0.71508 16 0.007449
0.332536 0.87009 0.032533 5 0.0
0.965761 0.093487 0.188944 12 0.0
0.976675 0.071563 0.527383 12 0.0
0.315937 0.922138 0.467087 2 0.0
0.319555 0.052003 0.086629 9 1.4e-05
0.988744 0.124245 0.405209 12 0.0
0.868505 0.94809 0.374559 17 0.0
0.832145 0.948887 0.371778 17 0.0
0.861881 0.948865 0.461376 17 0.0
0.904864 0.947293 0.37734 17 0.0
0.875128 0.947315 0.287742 17 0.0
0.029132 0.713301 0.020543 4 0.999792
0.178095 0.336738 0.414723 1 0.0
0.156534 0.734328 0.012864 5 0.0
0.148911 0.80334 0.014129 5 0.0
0.19998 0.739072 0.015842 5 0.0
0.164157 0.665316 0.011599 5 0.0
0.113088 0.729584 0.009886 5 0.0
0.946696 0.929206 0.575726 17 0.0
0.057517 0.858874 0.007559 5 0.0
0.052793 0.890049 0.007809 5 0.0
0.071393 0.860966 0.008846 5 0.0
0.062241 0.827699 0.007309 5 0.0
0.043642 0.856781 0.006272 5 0.0
0.042257 0.212649 0.216441 3 0.0
0.98258 0.115277 0.357518 12 0.0
0.975517 0.924142 0.128416 18 0.28673
0.972558 0.914105 0.128818 18 0.28673
0.977019 0.924388 0.145608 18 0.28673
0.978476 0.93418 0.128014 18 0.28673
0.974015 0.923897 0.111224 18 0.28673
0.02008 0.496091 0.029066 4 7e-06
0.575687 0.907377 0.708807 16 0.006651
0.577978 0.922036 0.707761 16 0.006651
0.553236 0.910801 0.707631 16 0.006651
0.573396 0.892718 0.709853 16 0.006651
0.598138 0.903953 0.709984 16 0.006651
0.190637 0.052437 0.213658 8 1e-06
0.986745 0.138194 0.772922 12 0.0
0.987585 0.161441 0.774523 12 0.0
0.985036 0.135047 0.819526 12 0.0
0.985906 0.114948 0.771321 12 0.0
0.988455 0.141342 0.726319 12 0.0
0.967531 0.950334 0.966208 11 0.999873
0.887375 0.947571 0.697524 17 0.0
0.916036 0.946384 0.700388 17 0.0
0.878351 0.944622 0.78659 17 0.0
0.858714 0.948759 0.694659 17 0.0
0.896398 0.95052 0.608457 17 0.0
0.984367 0.117306 0.627788 12 0.0
0.106528 0.252133 0.216209 3 0.0
0.099988 0.314074 0.216825 3 0.0
0.13348 0.254983 0.215841 3 0.0
0.113068 0.190193 0.215594 3 0.0
0.079576 0.249284 0.216578 3 0.0
0.989011 0.161746 0.442522 12 0.0
0.989687 0.196584 0.441893 12 0.0
0.990034 0.163627 0.54793 12 0.0
0.988335 0.126908 0.44315 12 0.0
0.987988 0.159865 0.337114 12 0.0
0.297144 0.053974 0.450361 9 0.0
0.37807 0.067775 0.062641 8 0.999667
0.095604 0.622392 0.007755 5 0.0
0.501693 0.050723 0.131576 8 0.0
0.23916 0.850152 0.46967 2 0.0
0.235344 0.882463 0.467507 2 0.0
0.2191 0.84775 0.469182 2 0.0
0.242976 0.81784 0.471833 2 0.0
0.259219 0.852553 0.470158 2 0.0
0.320818 0.142343 0.459058 2 0.0
0.276617 0.139972 0.458262 2 0.0
0.319227 0.171891 0.459412 2 0.0
0.365019 0.144714 0.459854 2 0.0
0.322409 0.112795 0.458704 2 0.0
0.652414 0.061948 0.701023 15 0.993922
0.045622 0.077034 0.21702 3 0.999739
0.046589 0.077237 0.217021 3 0.999739
0.045858 0.075909 0.216962 3 0.999739
0.044654 0.076831 0.217019 3 0.999739
0.045386 0.078159 0.217078 3 0.999739
0.899823 0.282827 0.974326 11 0.0
0.90653 0.35627 0.97374 11 0.0
0.874771 0.285143 0.977925 11 0.0
0.893116 0.209383 0.974913 11 0.0
0.924875 0.28051 0.970728 11 0.0
0.958559 0.571846 0.969519 11 0.0
0.98342 0.949735 0.850007 17 0.999998
0.077192 0.215344 0.217792 3 0.0
0.075763 0.267124 0.218777 3 0.0
0.096357 0.215877 0.217605 3 0.0
0.078621 0.163564 0.216807 3 0.0
0.058027 0.214812 0.217979 3 0.0
0.703578 0.904962 0.671344 16 0.003931
0.654204 0.90429 0.669566 16 0.003931
0.703522 0.889022 0.678924 16 0.003931
0.752952 0.905634 0.673122 16 0.003931
0.703634 0.920901 0.663763 16 0.003931
0.036824 0.426135 0.054852 4 0.0
0.952798 0.802142 0.142299 18 0.0
0.016739 0.08638 0.161665 4 0.004269
0.017028 0.098893 0.162553 4 0.004269
0.017148 0.085006 0.180878 4 0.004269
0.01645 0.073867 0.160776 4 0.004269
0.016329 0.087754 0.142451 4 0.004269
0.016391 0.89828 0.00135 4 1.0
0.950868 0.620234 0.956598 11 0.0
0.501649 0.943856 0.668769 6 0.999882
0.016988 0.344077 0.055314 4 0.0
0.185398 0.081757 0.462581 2 0.991124
0.181753 0.093697 0.463801 2 0.991124
0.189288 0.082504 0.466895 2 0.991124
0.189042 0.069818 0.461362 2 0.991124
0.181507 0.08101 0.458268 2 0.991124
0.065609 0.314457 0.00715 5 0.0
0.200628 0.949928 0.25672 17 0.052634
0.981084 0.800794 0.94499 13 0.0
0.026551 0.347206 0.217502 3 1e-06
0.645933 0.952152 0.092021 17 0.999927
0.970219 0.942727 0.47132 17 0.0
0.026195 0.383877 0.218243 3 0.447095
0.555305 0.056778 0.686131 8 0.0
0.539802 0.055111 0.689985 8 0.0
0.556915 0.055399 0.692013 8 0.0
0.570808 0.058445 0.682277 8 0.0
0.553694 0.058157 0.680248 8 0.0
0.846732 0.934991 0.98246 11 1.8e-05
0.968176 0.947643 0.509329 17 0.0
0.740845 0.507953 0.977905 14 0.0
0.217773 0.295842 0.465464 2 0.0
0.865982 0.085464 0.978228 11 0.0
0.06536 0.240111 0.088839 4 0.0
0.059531 0.299283 0.09641 4 0.0
0.06696 0.237212 0.112722 4 0.0
0.071189 0.180939 0.081268 4 0.0
0.06376 0.243009 0.064956 4 0.0
0.018732 0.909812 0.207869 4 0.728811
0.025724 0.538898 0.051897 4 0.0
0.177324 0.621662 0.452815 1 0.0
0.277871 0.41189 0.460935 2 0.0
0.921036 0.94655 0.58563 17 0.0
0.78244 0.917447 0.988716 11 3.9e-05
0.775101 0.909653 0.990068 11 3.9e-05
0.791243 0.908837 0.986869 11 3.9e-05
0.789779 0.92524 0.987364 11 3.9e-05
0.773637 0.926056 0.990562 11 3.9e-05
0.254201 0.048045 0.043453 8 0.018017
0.9856 0.083849 0.228495 12 0.0
0.653695 0.953626 0.139361 17 0.0
0.911864 0.946388 0.372506 17 0.0
0.777868 0.148247 0.058282 10 0.0
0.713264 0.149616 0.050359 10 0.0
0.778585 0.178318 0.057624 10 0.0
0.842471 0.146879 0.066204 10 0.0
0.77715 0.118177 0.05894 10 0.0
0.969606 0.221197 0.963199 11 0.080927
0.940066 0.637663 0.971176 11 0.0
0.941301 0.496194 0.95149 11 0.0
0.983498 0.635362 0.893846 13 0.0
0.983196 0.522071 0.131576 12 0.0
0.250119 0.063325 0.045123 8 0.015646
0.366926 0.809991 0.032843 5 0.0
0.475101 0.798299 0.040689 5 0.0
0.362327 0.765896 0.030546 5 0.0
0.25875 0.821682 0.024997 5 0.0
0.371525 0.854086 0.03514 5 0.0
0.975524 0.225928 0.959952 11 0.99107
0.9845 0.10293 0.142909 12 0.0
0.984352 0.121456 0.141879 12 0.0
0.98506 0.104031 0.162638 12 0.0
0.984648 0.084404 0.143938 12 0.0
0.98394 0.101829 0.123179 12 0.0
0.959342 0.943923 0.305268 17 0.0
0.760117 0.047758 0.100196 8 0.0
0.35944 0.051474 0.09957 8 0.0
0.979498 0.722077 0.92488 13 0.0
0.983682 0.931666 0.84409 13 1e-06
0.174405 0.528228 0.371435 1 0.0
0.020224 0.924035 0.206821 4 0.370643
0.020397 0.933449 0.2079 4 0.370643
0.018363 0.923646 0.210513 4 0.370643
0.020052 0.914622 0.205743 4 0.370643
0.022085 0.924424 0.20313 4 0.370643
0.934259 0.525607 0.973238 11 0.0
0.168706 0.581174 0.214424 3 0.959911
0.976609 0.193303 0.961633 11 0.996135
0.495505 0.929872 0.118114 17 0.0
0.205957 0.258438 0.466784 2 0.0
0.483297 0.050049 0.116263 8 0.0
0.018092 0.050511 0.060372 4 0.99979
0.040952 0.05226 0.064733 8 0.0
0.044958 0.052673 0.042642 8 0.0
0.049567 0.052987 0.066308 8 0.0
0.036946 0.051847 0.086824 8 0.0
0.032337 0.051533 0.063157 8 0.0
0.984611 0.098239 0.824317 12 0.0
0.984897 0.114397 0.824834 12 0.0
0.984324 0.096836 0.868343 12 0.0
0.984325 0.082082 0.8238 12 0.0
0.984898 0.099643 0.780291 12 0.0
0.880568 0.092247 0.977519 11 0.0
0.879443 0.106352 0.97692 11 0.0
0.848199 0.089849 0.981855 11 0.0
0.881693 0.078143 0.978118 11 0.0
0.912937 0.094645 0.973183 11 0.0
0.016061 0.329568 0.110671 4 0.0
0.01486 0.416048 0.121016 4 0.0
0.016611 0.32568 0.143244 4 0.0
0.017263 0.243088 0.100326 4 0.0
0.015512 0.333457 0.078098 4 0.0
0.864381 0.051899 0.96299 8 0.0
0.896492 0.239187 0.97541 11 0.0
0.901842 0.300181 0.975436 11 0.0
0.871117 0.241411 0.978654 11 0.0
0.891143 0.178193 0.975383 11 0.0
0.921868 0.236963 0.972165 11 0.0
0.620973 0.090191 0.70268 15 0.0
0.621688 0.103273 0.702116 15 0.0
0.584894 0.092071 0.700572 15 0.0
0.620259 0.077109 0.703244 15 0.0
0.657052 0.088312 0.704788 15 0.0
0.116525 0.052955 0.214761 3 0.95728
0.36726 0.109604 0.470812 2 0.0
0.324362 0.117778 0.471298 2 0.0
0.370588 0.127009 0.471828 2 0.0
0.410159 0.10143 0.470327 2 0.0
0.363933 0.092199 0.469797 2 0.0
0.784207 0.180838 0.990658 11 0.0
0.983092 0.270634 0.873894 12 0.0
0.984177 0.340362 0.871868 12 0.0
0.981226 0.271506 0.902904 12 0.0
0.982007 0.200906 0.875921 12 0.0
0.984959 0.269762 0.844885 12 0.0
0.575376 0.066198 0.703086 15 0.005899
0.918408 0.062355 0.972955 11 0.0
0.116564 0.133967 0.007584 10 0.0
0.08431 0.121981 0.007204 10 0.0
0.107492 0.158396 0.007115 10 0.0
0.148819 0.145953 0.007964 10 0.0
0.125637 0.109538 0.008053 10 0.0
0.017564 0.777966 0.170533 4 0.0
0.220107 0.0547 0.380909 9 0.0
0.204662 0.054573 0.380843 9 0.0
0.219993 0.054356 0.408229 9 0.0
0.235553 0.054827 0.380975 9 0.0
0.220221 0.055043 0.353589 9 0.0
0.045885 0.846321 0.041598 4 0.0
0.041296 0.870195 0.03399 4 0.0
0.054549 0.851838 0.053686 4 0.0
0.050475 0.822447 0.049206 4 0.0
0.037222 0.840804 0.02951 4 0.0
0.017804 0.758802 0.15687 4 0.0
0.018894 0.817571 0.157742 4 0.0
0.018245 0.758499 0.176702 4 0.0
0.016715 0.700033 0.155997 4 0.0
0.017363 0.759104 0.137037 4 0.0
0.087141 0.949061 0.194769 17 0.00102
0.063448 0.948381 0.19486 17 0.00102
0.087161 0.949458 0.202867 17 0.00102
0.110833 0.949741 0.194678 17 0.00102
0.087121 0.948665 0.186671 17 0.00102
0.169148 0.782186 0.2135 3 0.658288
0.475892 0.365781 0.541276 6 0.0
0.47844 0.422979 0.558582 6 0.0
0.482662 0.353327 0.58144 6 0.0
0.473343 0.308583 0.523969 6 0.0
0.469122 0.378236 0.501111 6 0.0
0.019108 0.23381 0.029949 4 0.000109
0.983435 0.131822 0.454354 12 0.0
0.017752 0.379153 0.180997 4 0.0
0.95688 0.945363 0.666466 17 0.0
0.97397 0.941855 0.955086 17 3e-06
0.976436 0.942234 0.952898 17 3e-06
0.976905 0.945197 0.958972 17 3e-06
0.971504 0.941475 0.957274 17 3e-06
0.971035 0.938512 0.9512 17 3e-06
0.047042 0.694308 0.015966 5 1e-06
0.949317 0.946635 0.340007 17 0.0
0.2392 0.948592 0.356507 17 0.000839
0.218408 0.948188 0.353502 17 0.000839
0.234099 0.946943 0.392023 17 0.000839
0.259993 0.948996 0.359512 17 0.000839
0.244302 0.950241 0.320991 17 0.000839
0.984662 0.865302 0.530644 12 0.0
0.966792 0.074951 0.334449 9 2e-06
0.964435 0.12483 0.641436 12 0.0
0.96567 0.149519 0.643633 12 0.0
0.958509 0.119228 0.707721 12 0.0
0.963201 0.100141 0.639239 12 0.0
0.970362 0.130432 0.575152 12 0.0
0.467821 0.08244 0.516095 6 0.091847
0.468659 0.090855 0.519088 6 0.091847
0.475934 0.074566 0.535963 6 0.091847
0.466983 0.074024 0.513103 6 0.091847
0.459708 0.090313 0.496228 6 0.091847
0.108817 0.319161 0.216012 3 0.0
0.139797 0.056665 0.187376 9 0.999999
0.985171 0.696719 0.128351 18 0.0
0.843434 0.054646 0.972124 8 1e-06
0.765169 0.61003 0.995756 11 0.0
0.974971 0.94261 0.803128 17 1e-06
0.060272 0.643705 0.004167 5 0.0
0.261152 0.054093 0.460105 8 0.431097
0.967771 0.291686 0.964474 11 2e-06
0.974749 0.934352 0.34853 17 0.525572
0.214735 0.909549 0.023028 5 0.0
0.418179 0.886165 0.039407 5 0.0
0.649628 0.898638 0.059488 5 0.0
0.506441 0.256228 0.68594 6 0.0435
0.042043 0.917205 0.190696 17 0.0
0.045884 0.92865 0.194001 17 0.0
0.03424 0.917375 0.199173 17 0.0
0.038201 0.90576 0.18739 17 0.0
0.049845 0.917035 0.182218 17 0.0
0.549496 0.059305 0.703206 15 1e-06
0.913421 0.951082 0.101881 17 0.35534
0.889493 0.951679 0.100781 17 0.35534
0.912992 0.950597 0.110951 17 0.35534
0.937348 0.950485 0.10298 17 0.35534
0.91385 0.951566 0.09281 17 0.35534
0.019287 0.763063 0.191918 4 0.0
0.964231 0.199329 0.964034 11 0.001848
0.947337 0.439607 0.967874 11 0.0
0.036657 0.149556 0.216538 3 0.0
0.984878 0.286186 0.113838 18 1.9e-05
0.771929 0.081463 0.06099 10 0.0
0.020984 0.569948 0.180217 4 0.0
0.180895 0.629289 0.439484 1 6e-05
0.321073 0.951743 0.046839 17 0.962066
0.789322 0.946895 0.99222 11 1.0
0.882873 0.945285 0.840478 17 0.0
0.914565 0.944664 0.844911 17 0.0
0.876703 0.944638 0.884502 17 0.0
0.851181 0.945907 0.836046 17 0.0
0.889042 0.945933 0.796455 17 0.0
0.959908 0.16606 0.906823 12 0.0
0.959705 0.198306 0.897275 12 0.0
0.958576 0.170951 0.923371 12 0.0
0.960112 0.133814 0.916371 12 0.0
0.961241 0.161169 0.890275 12 0.0
0.178536 0.712128 0.450716 1 0.0
0.984898 0.853125 0.518814 12 0.0
0.020191 0.406549 0.016318 4 0.999803
0.984361 0.925909 0.708112 12 0.0
0.601666 0.140052 0.043386 10 0.0
0.97084 0.487548 0.913061 13 0.489065
0.30941 0.209417 0.450721 2 0.0
0.285864 0.256361 0.446346 2 0.0
0.344659 0.227243 0.452285 2 0.0
0.332956 0.162473 0.455096 2 0.0
0.274161 0.191591 0.449157 2 0.0
0.175031 0.100536 0.461032 1 0.999792
0.018 0.948918 0.086294 4 0.999999
0.260131 0.906164 0.075403 17 0.00043
0.058125 0.78954 0.005182 5 0.0
0.040151 0.327607 0.219292 3 5.8e-05
0.904931 0.94809 0.391261 17 0.0
0.172081 0.646581 0.402098 1 0.040479
0.17359 0.678589 0.413527 1 0.040479
0.173277 0.640142 0.419972 1 0.040479
0.170572 0.614572 0.390669 1 0.040479
0.170885 0.653019 0.384224 1 0.040479
0.174536 0.617048 0.398959 1 0.0
0.98852 0.154821 0.559043 12 0.0
0.959865 0.945259 0.6532 17 0.0
0.094113 0.455763 0.007909 5 0.0
0.556311 0.888928 0.077311 5 0.0
0.672404 0.951114 0.662744 17 0.001529
0.020471 0.944469 0.209599 3 0.46264
0.020469 0.947413 0.210344 3 0.46264
0.018213 0.943764 0.212378 3 0.46264
0.020474 0.941525 0.208855 3 0.46264
0.022729 0.945173 0.206821 3 0.46264
0.889851 0.317671 0.976026 11 0.0
0.897982 0.398108 0.975216 11 0.0
0.861908 0.320536 0.980127 11 0.0
0.88172 0.237233 0.976836 11 0.0
0.917793 0.314805 0.971924 11 0.0
0.955744 0.946468 0.243623 17 0.0
0.975422 0.377735 0.957366 13 0.000852
0.333387 0.171328 0.471685 2 0.0
0.321846 0.205698 0.472291 2 0.0
0.381016 0.187291 0.47341 2 0.0
0.344929 0.136958 0.47108 2 0.0
0.285758 0.155364 0.469961 2 0.0
0.963286 0.941155 0.404937 17 0.0
0.028936 0.641601 0.15382 4 0.0
0.216097 0.895674 0.467647 2 0.0
0.211421 0.91382 0.466245 2 0.0
0.229361 0.899121 0.46802 2 0.0
0.220772 0.877528 0.469049 2 0.0
0.202832 0.892228 0.467274 2 0.0
0.546502 0.946512 0.103931 17 0.0
0.916331 0.947406 0.325521 17 0.0
0.631757 0.051175 0.20431 8 0.0
0.523947 0.051754 0.204019 8 0.0
0.631629 0.05095 0.25158 8 0.0
0.739567 0.050596 0.204601 8 0.0
0.631886 0.0514 0.157041 8 0.0
0.972606 0.058828 0.686932 13 0.999964
0.915112 0.947353 0.439231 17 0.0
0.096163 0.933918 0.03482 17 0.0
0.097166 0.939524 0.025323 17 0.0
0.069488 0.934159 0.032147 17 0.0
0.095161 0.928311 0.044317 17 0.0
0.122838 0.933676 0.037492 17 0.0
0.530685 0.174845 0.039168 10 0.0
0.956326 0.936337 0.456475 17 0.0
0.961394 0.947324 0.339397 17 0.0
0.666857 0.164039 0.046419 10 0.0
0.218547 0.300705 0.46576 2 0.0
0.515929 0.095856 0.037299 10 0.0
0.177922 0.294899 0.421519 1 0.0
0.984941 0.106922 0.777551 12 0.0
0.985493 0.125365 0.777648 12 0.0
0.984619 0.106629 0.834806 12 0.0
0.984389 0.088479 0.777453 12 0.0
0.985263 0.107215 0.720295 12 0.0
0.925421 0.103432 0.970765 11 0.0
0.909897 0.116078 0.973137 11 0.0
0.915851 0.091238 0.973145 11 0.0
0.940945 0.090787 0.968393 11 0.0
0.934991 0.115627 0.968385 11 0.0
0.020381 0.709193 0.014266 4 0.006031
0.863905 0.316005 0.979441 11 0.0
0.845705 0.398795 0.983538 11 0.0
0.832246 0.308886 0.982677 11 0.0
0.882104 0.233216 0.975343 11 0.0
0.895563 0.323125 0.976205 11 0.0
0.979378 0.237206 0.943627 13 0.0
0.234772 0.055154 0.433796 8 0.0
0.21469 0.057004 0.434925 8 0.0
0.235273 0.054024 0.444558 8 0.0
0.254854 0.053305 0.432666 8 0.0
0.234271 0.056284 0.423033 8 0.0
0.430091 0.059883 0.455817 8 0.152815
0.810702 0.211022 0.987011 11 0.0
0.81952 0.262127 0.985139 11 0.0
0.792896 0.214219 0.990409 11 0.0
0.801885 0.159918 0.988884 11 0.0
0.828508 0.207825 0.983614 11 0.0
0.938666 0.945836 0.892673 17 0.0
0.922243 0.945294 0.89213 17 0.0
0.937803 0.946143 0.918471 17 0.0
0.955089 0.946378 0.893216 17 0.0
0.939529 0.945528 0.866875 17 0.0
0.909233 0.948134 0.136357 17 0.0
0.883277 0.948872 0.136861 17 0.0
0.909597 0.9475 0.15599 17 0.0
0.935189 0.947395 0.135853 17 0.0
0.90887 0.948767 0.116724 17 0.0
0.973816 0.071588 0.962446 11 0.95322
0.97723 0.067481 0.963898 11 0.95322
0.971677 0.069573 0.961774 11 0.95322
0.970403 0.075695 0.960995 11 0.95322
0.975956 0.073603 0.963118 11 0.95322
0.770186 0.948417 0.961687 17 0.024098
0.761808 0.948867 0.960685 17 0.024098
0.768752 0.949274 0.974065 17 0.024098
0.778563 0.947968 0.962689 17 0.024098
0.77162 0.947561 0.949308 17 0.024098
0.462634 0.08433 0.496617 6 0.0
0.466308 0.090488 0.511433 6 0.0
0.463891 0.074499 0.500392 6 0.0
0.45896 0.078172 0.481802 6 0.0
0.461376 0.094162 0.492843 6 0.0
0.047703 0.945337 0.206309 17 4e-06
0.036247 0.945139 0.207931 17 4e-06
0.048184 0.947573 0.209977 17 4e-06
0.059159 0.945535 0.204686 17 4e-06
0.047222 0.9431 0.20264 17 4e-06
0.090735 0.051203 0.043737 8 0.001319
0.064292 0.053508 0.042094 8 0.001319
0.089897 0.0515 0.057636 8 0.001319
0.117177 0.048898 0.04538 8 0.001319
0.091572 0.050907 0.029838 8 0.001319
0.762216 0.90618 0.994099 11 1.7e-05
0.983127 0.103315 0.683702 12 0.0
0.98 0.079388 0.475746 12 0.0
0.969649 0.93948 0.702679 17 0.0
0.956145 0.687412 0.968047 11 0.0
0.654214 0.894236 0.71052 16 0.003818
0.647907 0.909961 0.708076 16 0.003818
0.62875 0.883919 0.709845 16 0.003818
0.66052 0.878511 0.712964 16 0.003818
0.679677 0.904553 0.711195 16 0.003818
0.648086 0.923824 0.634217 17 0.360541
0.639868 0.921552 0.654079 17 0.360541
0.684828 0.918952 0.648862 17 0.360541
0.656304 0.926096 0.614355 17 0.360541
0.611344 0.928697 0.619572 17 0.360541
0.014946 0.529589 0.049013 4 0.0
0.017417 0.064215 0.169859 4 0.113049
0.016984 0.070165 0.169965 4 0.113049
0.018567 0.063993 0.186874 4 0.113049
0.017849 0.058265 0.169752 4 0.113049
0.016266 0.064437 0.152843 4 0.113049
0.141112 0.504404 0.213628 3 0.0
0.946897 0.050288 0.707037 8 0.0
0.945798 0.939377 0.352496 17 0.0
0.977169 0.072295 0.396583 12 0.0
0.983409 0.052306 0.817999 12 0.999996
0.976477 0.948025 0.181299 17 1e-06
0.987207 0.702197 0.126044 18 0.0
0.98281 0.720575 0.12479 18 0.0
0.988805 0.703431 0.138534 18 0.0
0.991604 0.683818 0.127297 18 0.0
0.985609 0.700962 0.113554 18 0.0
0.022049 0.357382 0.036608 4 0.050078
0.013959 0.512437 0.043564 4 0.0
0.349527 0.051917 0.421749 8 0.0
0.983335 0.938412 0.181035 17 0.1641
0.227205 0.911959 0.055166 17 0.0
0.639914 0.903082 0.083872 5 0.0
0.728735 0.926331 0.654197 17 0.21753
0.703782 0.924603 0.649999 17 0.21753
0.725443 0.92289 0.67518 17 0.21753
0.753688 0.92806 0.658396 17 0.21753
0.732027 0.929773 0.633215 17 0.21753
0.477974 0.123621 0.560992 6 0.0
0.477721 0.147311 0.558669 6 0.0
0.486725 0.127617 0.600783 6 0.0
0.478226 0.099931 0.563316 6 0.0
0.469222 0.119625 0.521202 6 0.0
0.021194 0.666725 0.199435 4 0.086958
0.957412 0.049125 0.378456 8 0.0
0.893444 0.290163 0.975923 11 0.0
0.893621 0.367536 0.978555 11 0.0
0.865124 0.290109 0.979427 11 0.0
0.893267 0.212791 0.973291 11 0.0
0.921764 0.290218 0.97242 11 0.0
0.966621 0.509614 0.967965 11 0.0
0.085506 0.052199 0.199038 8 0.019138
0.088735 0.945464 0.21373 3 0.979488
0.313221 0.954217 0.18117 17 0.0
0.297762 0.953342 0.212664 17 0.0
0.404636 0.956595 0.226107 17 0.0
0.32868 0.955091 0.149677 17 0.0
0.221807 0.951838 0.136233 17 0.0
0.141815 0.101237 0.215876 3 0.0
0.155782 0.10532 0.21755 3 0.0
0.146491 0.085217 0.215942 3 0.0
0.127849 0.097153 0.214201 3 0.0
0.137139 0.117256 0.215809 3 0.0
0.92143 0.94659 0.430273 17 0.0
0.917943 0.191727 0.970851 11 0.0
0.912786 0.237741 0.972826 11 0.0
0.898588 0.18943 0.973842 11 0.0
0.923101 0.145714 0.968876 11 0.0
0.937298 0.194025 0.96786 11 0.0
0.224376 0.952245 0.043804 17 0.009629
0.266333 0.832058 0.421882 2 0.0
0.259892 0.869349 0.423301 2 0.0
0.237823 0.827011 0.425095 2 0.0
0.272774 0.794767 0.420462 2 0.0
0.294844 0.837105 0.418668 2 0.0
0.707527 0.800805 0.773254 14 0.0
0.70988 0.846261 0.765469 14 0.0
0.713377 0.803384 0.790081 14 0.0
0.705175 0.755349 0.78104 14 0.0
0.701678 0.798226 0.756428 14 0.0
0.254694 0.061216 0.053608 8 0.999996
0.014157 0.068036 0.036346 4 1.0
0.541658 0.053199 0.621591 8 0.0
0.556476 0.054128 0.615247 8 0.0
0.552712 0.053754 0.64749 8 0.0
0.526841 0.052271 0.627935 8 0.0
0.530605 0.052645 0.595692 8 0.0
0.456957 0.896914 0.102147 17 0.0
0.017938 0.849658 0.210206 4 0.999997
0.987911 0.875544 0.304761 12 0.0
0.987088 0.899419 0.304864 12 0.0
0.987544 0.875239 0.372956 12 0.0
0.988735 0.851668 0.304659 12 0.0
0.988278 0.875849 0.236567 12 0.0
0.693832 0.952024 0.678002 17 0.014926
0.968259 0.558339 0.966509 11 0.0
0.947928 0.946593 0.26683 17 0.0
0.019511 0.335186 0.203336 4 0.000465
0.259763 0.612281 0.470882 2 0.0
0.769824 0.616374 0.973602 11 7e-06
0.975151 0.775352 0.964406 11 1e-06
0.982537 0.117128 0.882381 12 0.0
0.982733 0.139949 0.884239 12 0.0
0.981338 0.115002 0.908605 12 0.0
0.98234 0.094307 0.880522 12 0.0
0.983735 0.119253 0.856157 12 0.0
0.759874 0.853682 0.066801 5 0.0
0.759063 0.885436 0.067867 5 0.0
0.830013 0.855272 0.072785 5 0.0
0.760685 0.821928 0.065734 5 0.0
0.689735 0.852092 0.060817 5 0.0
0.986207 0.922229 0.457092 13 0.0
0.191162 0.572084 0.430634 1 0.0
0.955182 0.897896 0.824544 12 0.0
0.955016 0.904743 0.819902 12 0.0
0.954179 0.906198 0.836824 12 0.0
0.955349 0.89105 0.829186 12 0.0
0.956186 0.889595 0.812265 12 0.0
0.252472 0.218543 0.458557 2 0.0
0.245703 0.270481 0.459162 2 0.0
0.275664 0.221562 0.458898 2 0.0
0.259242 0.166605 0.457953 2 0.0
0.229281 0.215525 0.458217 2 0.0
0.950387 0.947164 0.404002 17 0.0
0.927581 0.935529 0.57735 17 0.0
0.988602 0.131102 0.307193 12 0.0
0.989379 0.156794 0.305626 12 0.0
0.990146 0.135295 0.376673 12 0.0
0.987826 0.105411 0.308761 12 0.0
0.987059 0.12691 0.237714 12 0.0
0.951238 0.377164 0.964283 11 0.0
0.963019 0.182169 0.965285 11 9e-06
0.973279 0.306453 0.960416 13 0.0
0.50091 0.95179 0.089895 17 2e-06
0.98297 0.06944 0.401125 12 0.0
0.926433 0.297478 0.970416 11 0.0
0.013946 0.65886 0.049058 4 0.0
0.488727 0.051499 0.424593 8 0.0
0.029653 0.348235 0.218582 3 1.3e-05
0.877808 0.069602 0.977534 11 0.0
0.953804 0.121505 0.965922 11 0.0
0.956925 0.146484 0.967279 11 0.0
0.944693 0.122578 0.967126 11 0.0
0.950684 0.096526 0.964565 11 0.0
0.962916 0.120432 0.964718 11 0.0
0.018375 0.591981 0.189935 4 0.0
0.963713 0.097313 0.942141 13 0.0
0.962838 0.096615 0.950276 13 0.0
0.965598 0.080987 0.940943 13 0.0
0.964588 0.098011 0.934005 13 0.0
0.961828 0.113639 0.943338 13 0.0
0.476446 0.294708 0.554698 6 0.0
0.478482 0.359266 0.573277 6 0.0
0.485371 0.282761 0.595232 6 0.0
0.47441 0.230149 0.53612 6 0.0
0.467522 0.306654 0.514165 6 0.0
0.104668 0.623448 0.215743 3 0.0
0.659944 0.141379 0.706246 15 0.0
0.676615 0.149796 0.71006 15 0.0
0.646161 0.169125 0.705261 15 0.0
0.643272 0.132962 0.702431 15 0.0
0.673727 0.113633 0.707231 15 0.0
0.243304 0.052701 0.455069 8 0.362524
0.945819 0.633254 0.960739 11 0.0
0.979919 0.947315 0.169355 17 0.97077
0.981475 0.049791 0.123656 8 0.999999
0.637371 0.06512 0.703123 15 0.0
0.866288 0.074459 0.979312 11 0.0
0.800977 0.952298 0.120225 17 0.0
0.016903 0.752359 0.151825 4 0.0
0.016838 0.814925 0.150536 4 0.0
0.016812 0.752798 0.173133 4 0.0
0.016968 0.689794 0.153114 4 0.0
0.016994 0.75192 0.130516 4 0.0
0.471951 0.077567 0.533421 6 0.000601
0.017104 0.294913 0.175984 4 0.0
0.976841 0.941903 0.76834 17 1.6e-05
0.098095 0.948801 0.173114 17 0.0
0.071517 0.947652 0.174419 17 0.0
0.098819 0.948982 0.188007 17 0.0
0.124674 0.949949 0.171809 17 0.0
0.097372 0.948619 0.158221 17 0.0
0.961352 0.938512 0.961536 11 0.412388
0.960937 0.940814 0.961313 11 0.412388
0.956404 0.937774 0.963125 11 0.412388
0.961767 0.93621 0.961759 11 0.412388
0.9663 0.93925 0.959947 11 0.412388
0.023887 0.174859 0.192718 4 0.0
0.490348 0.053832 0.609019 6 0.894809
0.757275 0.888195 0.995087 11 0.807095
0.358191 0.052 0.430341 8 0.0
0.776741 0.063257 0.99027 11 4e-06
0.775265 0.067294 0.989954 11 4e-06
0.768101 0.060348 0.993461 11 4e-06
0.778217 0.05922 0.990587 11 4e-06
0.78538 0.066166 0.98708 11 4e-06
0.960018 0.946625 0.621992 17 0.0
0.117989 0.833218 0.028668 5 0.0
0.131606 0.869717 0.030842 5 0.0
0.148168 0.821853 0.030431 5 0.0
0.104372 0.79672 0.026493 5 0.0
0.08781 0.844583 0.026904 5 0.0
0.628289 0.915832 0.707842 16 0.001864
0.627801 0.927867 0.706558 16 0.001864
0.590167 0.914108 0.706147 16 0.001864
0.628776 0.903798 0.709127 16 0.001864
0.66641 0.917557 0.709538 16 0.001864
0.213678 0.841195 0.070927 5 0.0
0.272561 0.841448 0.069326 5 0.0
0.213751 0.810277 0.068731 5 0.0
0.154794 0.840943 0.072527 5 0.0
0.213605 0.872113 0.073122 5 0.0
0.086157 0.871971 0.009185 5 0.0
0.068383 0.89582 0.007639 5 0.0
0.102269 0.88408 0.010746 5 0.0
0.103931 0.848123 0.010731 5 0.0
0.070046 0.859863 0.007623 5 0.0
0.014379 0.597148 0.040162 4 0.0
0.975861 0.946145 0.32969 17 0.0
0.986764 0.218181 0.722844 12 0.0
0.989511 0.270774 0.723834 12 0.0
0.984474 0.216879 0.798305 12 0.0
0.984017 0.165587 0.721853 12 0.0
0.989054 0.219483 0.647382 12 0.0
0.789268 0.753407 0.991935 11 0.0
0.984702 0.89588 0.138962 18 0.003284
0.985102 0.877855 0.133187 18 0.003284
0.985288 0.890319 0.156356 18 0.003284
0.984302 0.913905 0.144738 18 0.003284
0.984115 0.90144 0.121569 18 0.003284
0.018517 0.522947 0.194351 4 0.0
0.459212 0.62919 0.458592 2 1.0
0.087384 0.60174 0.006805 5 0.0
0.492129 0.05149 0.454459 8 0.0
0.489542 0.458152 0.635324 6 0.0
0.609112 0.740421 0.722366 16 3.1e-05
0.641507 0.745065 0.728408 16 3.1e-05
0.601131 0.805157 0.715398 16 3.1e-05
0.576717 0.735777 0.716324 16 3.1e-05
0.617093 0.675684 0.729333 16 3.1e-05
0.901796 0.94699 0.975166 11 0.704991
0.016741 0.684893 0.210043 4 0.696503
0.914784 0.554812 0.974756 11 0.0
0.041347 0.054315 0.208478 9 0.789013
0.566672 0.910034 0.052653 5 0.0
0.144314 0.243889 0.213945 3 0.0
0.736659 0.789447 0.092598 5 0.0
0.749738 0.836306 0.095181 5 0.0
0.814375 0.767287 0.101118 5 0.0
0.723581 0.742589 0.090015 5 0.0
0.658943 0.811608 0.084078 5 0.0
0.987857 0.894939 0.546972 12 0.0
0.970678 0.941718 0.420574 17 0.0
0.977632 0.606575 0.903193 13 0.0
0.018724 0.73899 0.168614 4 0.0
0.019344 0.919697 0.20323 4 0.07672
0.019792 0.930382 0.204348 4 0.07672
0.017968 0.919231 0.208233 4 0.07672
0.018895 0.909012 0.202112 4 0.07672
0.02072 0.920163 0.198227 4 0.07672
0.548053 0.061448 0.704034 15 0.999987
0.809587 0.933166 0.122146 17 1e-06
0.812246 0.935763 0.105002 17 1e-06
0.864231 0.928892 0.129975 17 1e-06
0.806928 0.93057 0.13929 17 1e-06
0.754943 0.93744 0.114317 17 1e-06
0.832411 0.946753 0.988259 11 0.999997
0.924452 0.896241 0.970185 11 0.0
0.923005 0.914277 0.969928 11 0.0
0.943379 0.897725 0.967793 11 0.0
0.925899 0.878205 0.970441 11 0.0
0.905524 0.894756 0.972576 11 0.0
0.201742 0.075267 0.465736 2 0.0
0.210087 0.082329 0.466722 2 0.0
0.20677 0.069298 0.465927 2 0.0
0.193396 0.068206 0.464751 2 0.0
0.196713 0.081236 0.465546 2 0.0
0.178388 0.281319 0.448336 1 0.00025
0.983651 0.610732 0.123796 12 0.0
0.181661 0.490076 0.444075 1 3e-06
0.102686 0.313884 0.009037 10 0.0
0.130561 0.314601 0.01038 10 0.0
0.104768 0.229815 0.010727 10 0.0
0.074812 0.313167 0.007693 10 0.0
0.100605 0.397952 0.007347 10 0.0
0.967666 0.919644 0.291385 17 0.0
0.18116 0.947991 0.285444 1 0.871336
0.021884 0.682145 0.20142 3 0.984924
0.312695 0.051773 0.447779 8 2.9e-05
0.24176 0.949505 0.055314 17 0.0
0.960031 0.946968 0.451995 17 0.0
0.493998 0.051992 0.48844 8 0.0
0.191601 0.565778 0.43728 1 0.038455
0.58634 0.172287 0.703328 15 0.0
0.58157 0.210639 0.70348 15 0.0
0.611387 0.175397 0.70445 15 0.0
0.591109 0.133935 0.703176 15 0.0
0.561292 0.169176 0.702206 15 0.0
0.504571 0.911286 0.048126 5 0.0
0.968188 0.92205 0.341843 17 0.132131
0.448521 0.858052 0.041593 5 0.0
0.901526 0.381751 0.93037 11 0.0
0.870082 0.948404 0.347231 17 0.0
0.833439 0.948944 0.345712 17 0.0
0.866559 0.947209 0.431771 17 0.0
0.906725 0.947864 0.34875 17 0.0
0.873605 0.949599 0.262691 17 0.0
0.026023 0.808752 0.212321 3 0.210696
0.330247 0.078227 0.459608 2 0.000978
0.974758 0.937419 0.539785 17 2e-05
0.522378 0.949065 0.654881 17 0.020118
0.513795 0.949603 0.65691 17 0.020118
0.526705 0.948532 0.673328 17 0.020118
0.530961 0.948527 0.652853 17 0.020118
0.518051 0.949598 0.636434 17 0.020118
0.941203 0.600325 0.940908 11 0.0
0.081873 0.671012 0.029418 5 1e-06
0.071327 0.699366 0.035109 5 1e-06
0.10211 0.679463 0.024812 5 1e-06
0.09242 0.642658 0.023727 5 1e-06
0.061637 0.66256 0.034024 5 1e-06
0.924453 0.521478 0.973544 11 0.0
0.864728 0.367871 0.980797 11 0.0
0.853029 0.465609 0.983199 11 0.0
0.830893 0.363731 0.984485 11 0.0
0.876426 0.270134 0.978395 11 0.0
0.898562 0.372012 0.977108 11 0.0
0.014058 0.614384 0.043638 4 0.0
0.954676 0.39159 0.88886 12 0.0
0.295546 0.506504 0.465807 2 0.0
0.983477 0.854566 0.906031 13 0.0
0.983278 0.884883 0.900293 13 0.0
0.982676 0.858039 0.924407 13 0.0
0.983676 0.82425 0.911769 13 0.0
0.984278 0.851094 0.887654 13 0.0
0.956143 0.934531 0.662886 17 1e-06
0.176933 0.57181 0.446863 1 0.0
0.575584 0.937784 0.111139 17 0.437456
0.984388 0.697184 0.10531 18 0.0
0.96844 0.948743 0.424245 17 0.0
0.533583 0.952152 0.106182 17 0.0
0.988146 0.891797 0.629922 12 0.0
0.191538 0.729752 0.471295 2 0.0
0.178271 0.154472 0.453352 1 3e-06
0.952965 0.130398 0.965887 11 0.0
0.953879 0.158659 0.967287 11 0.0
0.943099 0.130626 0.967726 11 0.0
0.952051 0.102136 0.964488 11 0.0
0.962831 0.13017 0.964048 11 0.0
0.021669 0.27966 0.114091 4 0.0
0.022621 0.349321 0.107591 4 0.0
0.021197 0.282613 0.145658 4 0.0
0.020716 0.21 0.120591 4 0.0
0.02214 0.276708 0.082523 4 0.0
0.600745 0.050276 0.691455 8 1.0
0.865467 0.092601 0.977268 11 0.0
0.86771 0.104141 0.976179 11 0.0
0.901895 0.085157 0.973426 11 0.0
0.863224 0.081062 0.978358 11 0.0
0.829039 0.100046 0.981111 11 0.0
0.974897 0.946384 0.963096 11 0.950688
0.974901 0.949266 0.963398 11 0.950688
0.978986 0.946271 0.964117 11 0.950688
0.974892 0.943502 0.962793 11 0.950688
0.970808 0.946497 0.962074 11 0.950688
0.978951 0.111585 0.94757 12 0.0
0.978678 0.111001 0.954134 12 0.0
0.97902 0.090905 0.945734 12 0.0
0.979223 0.112168 0.941007 12 0.0
0.978881 0.132265 0.949407 12 0.0
0.464745 0.341431 0.456147 2 1.0
0.967723 0.054241 0.303066 8 0.999999
0.016823 0.615917 0.024293 4 0.243976
0.867059 0.102452 0.957085 11 0.0
0.867246 0.118151 0.954464 11 0.0
0.903157 0.100333 0.946969 11 0.0
0.866872 0.086753 0.959705 11 0.0
0.83096 0.104571 0.9672 11 0.0
0.926673 0.077189 0.970962 11 0.0
0.927328 0.086785 0.97015 11 0.0
0.908607 0.078724 0.974529 11 0.0
0.926018 0.067593 0.971774 11 0.0
0.944739 0.075654 0.967394 11 0.0
0.943934 0.936916 0.967851 11 0.000294
0.943792 0.942153 0.968317 11 0.000294
0.930238 0.936365 0.96987 11 0.000294
0.944076 0.931678 0.967384 11 0.000294
0.95763 0.937466 0.965831 11 0.000294
0.93165 0.052487 0.933667 8 0.0
0.914726 0.053778 0.931348 8 0.0
0.929676 0.052005 0.947801 8 0.0
0.948574 0.051196 0.935986 8 0.0
0.933623 0.052968 0.919533 8 0.0
0.555915 0.081271 0.702692 15 1e-06
0.571452 0.083946 0.70159 15 1e-06
0.55777 0.070863 0.703587 15 1e-06
0.540377 0.078596 0.703793 15 1e-06
0.554059 0.091679 0.701797 15 1e-06
0.842115 0.11914 0.982205 11 0.0
0.871108 0.126357 0.977043 11 0.0
0.847573 0.097128 0.982079 11 0.0
0.813123 0.111923 0.987367 11 0.0
0.836658 0.141153 0.982331 11 0.0
0.890156 0.949186 0.174694 17 0.0
0.86038 0.948607 0.171725 17 0.0
0.887059 0.948333 0.205909 17 0.0
0.919931 0.949764 0.177663 17 0.0
0.893252 0.950038 0.143479 17 0.0
0.019105 0.270068 0.194026 4 0.0
0.054242 0.051171 0.034599 8 0.028907
0.04758 0.051503 0.043396 8 0.028907
0.067233 0.050638 0.044457 8 0.028907
0.060903 0.050839 0.025803 8 0.028907
0.04125 0.051704 0.024741 8 0.028907
0.017641 0.923811 0.037457 4 0.013591
0.017267 0.933795 0.035836 4 0.013591
0.01739 0.926061 0.05137 4 0.013591
0.018014 0.913827 0.039078 4 0.013591
0.017892 0.921561 0.023544 4 0.013591
0.959594 0.947105 0.894548 17 0.0
0.949457 0.94582 0.894422 17 0.0
0.959304 0.946939 0.919454 17 0.0
0.969731 0.948389 0.894675 17 0.0
0.959884 0.947271 0.869643 17 0.0
0.280575 0.052435 0.431691 8 0.0
0.246494 0.053533 0.429625 8 0.0
0.279845 0.051576 0.443269 8 0.0
0.314656 0.051336 0.433758 8 0.0
0.281305 0.053294 0.420114 8 0.0
0.981486 0.069945 0.965427 11 0.999437
0.985497 0.154177 0.648535 12 0.0
0.986837 0.187686 0.649023 12 0.0
0.985083 0.152774 0.745853 12 0.0
0.984157 0.120668 0.648046 12 0.0
0.985911 0.155581 0.551216 12 0.0
0.947581 0.946879 0.694522 17 0.0
0.572648 0.05393 0.122289 8 0.0
0.225541 0.948538 0.307026 17 0.006752
0.209023 0.948452 0.306225 17 0.006752
0.223108 0.946696 0.357382 17 0.006752
0.24206 0.948625 0.307827 17 0.006752
0.227975 0.950381 0.25667 17 0.006752
0.606999 0.835774 0.095035 5 0.0
0.948615 0.947162 0.369791 17 0.0
0.026772 0.178631 0.21521 3 0.0
0.01721 0.565305 0.039021 4 0.0
0.018724 0.095832 0.193395 4 0.015712
0.019484 0.111817 0.191737 4 0.015712
0.018106 0.096774 0.20219 4 0.015712
0.017965 0.079847 0.195053 4 0.015712
0.019342 0.09489 0.184599 4 0.015712
0.926432 0.946982 0.084513 17 0.9997
0.983282 0.064469 0.766606 12 0.0
0.982927 0.136766 0.783958 12 0.0
0.984521 0.164714 0.785185 12 0.0
0.982325 0.134341 0.839963 12 0.0
0.981334 0.108818 0.782731 12 0.0
0.98353 0.139191 0.727953 12 0.0
0.260442 0.079255 0.152132 8 0.526208
0.304768 0.068694 0.156937 8 0.526208
0.25792 0.080375 0.17785 8 0.526208
0.216116 0.089816 0.147326 8 0.526208
0.262963 0.078135 0.126413 8 0.526208
0.071979 0.394565 0.006955 5 0.0
0.955125 0.805762 0.967528 11 0.0
0.969978 0.8703 0.964723 11 0.000241
0.034633 0.16159 0.216751 3 0.0
0.208372 0.257677 0.348938 1 0.0
0.20926 0.314776 0.349787 1 0.0
0.209218 0.257108 0.386273 1 0.0
0.207484 0.200578 0.348088 1 0.0
0.207526 0.258246 0.311602 1 0.0
0.212552 0.859623 0.061047 5 0.0
0.27356 0.855793 0.060975 5 0.0
0.210798 0.831697 0.059457 5 0.0
0.151545 0.863452 0.06112 5 0.0
0.214307 0.887549 0.062638 5 0.0
0.018256 0.790188 0.206805 4 0.993483
0.904549 0.238566 0.974396 11 0.0
0.91429 0.298676 0.974012 11 0.0
0.881782 0.242276 0.977556 11 0.0
0.894807 0.178456 0.974779 11 0.0
0.927315 0.234857 0.971235 11 0.0
0.079713 0.05374 0.158864 9 1e-06
0.101143 0.053227 0.153881 9 1e-06
0.083957 0.053409 0.177149 9 1e-06
0.058283 0.054253 0.163847 9 1e-06
0.075469 0.05407 0.140579 9 1e-06
0.981767 0.598609 0.946026 13 0.0
0.983372 0.674066 0.114586 18 0.0
0.963325 0.947901 0.36096 17 0.0
0.981903 0.426125 0.949154 13 0.0
0.025708 0.509839 0.040517 4 0.0
0.900345 0.055801 0.975065 11 0.0
0.940995 0.595604 0.970535 11 0.0
0.179992 0.589817 0.395637 1 0.0
0.984668 0.073965 0.565529 12 0.0
0.300255 0.052919 0.408074 8 0.0
0.260057 0.053711 0.408742 8 0.0
0.300557 0.051981 0.427383 8 0.0
0.340452 0.052126 0.407405 8 0.0
0.299952 0.053857 0.388765 8 0.0
0.346389 0.882433 0.12036 17 0.0
0.205474 0.878137 0.021707 5 0.0
0.209553 0.896274 0.022078 5 0.0
0.263793 0.864939 0.025744 5 0.0
0.201395 0.86 0.021337 5 0.0
0.147155 0.891335 0.017671 5 0.0
0.098775 0.685959 0.215603 3 0.0
0.123329 0.684019 0.215352 3 0.0
0.092339 0.604381 0.21643 3 0.0
0.074222 0.687899 0.215855 3 0.0
0.105211 0.767537 0.214776 3 0.0
0.375949 0.891768 0.10627 17 0.0
0.968559 0.066589 0.600623 13 1.9e-05
0.949642 0.946622 0.681417 17 0.0
0.481593 0.874279 0.047258 5 0.0
0.399231 0.816005 0.035048 5 0.0
0.513593 0.80826 0.043859 5 0.0
0.396451 0.773067 0.033384 5 0.0
0.284869 0.82375 0.026236 5 0.0
0.402011 0.858943 0.036711 5 0.0
0.066165 0.527451 0.006183 5 0.0
0.965901 0.944294 0.273973 17 0.0
0.797607 0.947734 0.993152 11 0.999997
0.980288 0.788278 0.109031 18 0.000428
0.51656 0.184631 0.038035 10 0.0
0.379156 0.522364 0.466244 2 0.0
0.387158 0.636957 0.462251 2 0.0
0.420463 0.519446 0.465278 2 0.0
0.371154 0.407771 0.470236 2 0.0
0.337849 0.525282 0.467209 2 0.0
0.851763 0.947384 0.650466 17 0.0
0.891608 0.945606 0.649296 17 0.0
0.854685 0.944206 0.754741 17 0.0
0.811918 0.949161 0.651637 17 0.0
0.848842 0.950561 0.546192 17 0.0
0.966483 0.496944 0.943822 13 0.0
0.549085 0.054723 0.671382 8 0.0
0.533843 0.054383 0.671757 8 0.0
0.549381 0.054315 0.683006 8 0.0
0.564328 0.055064 0.671007 8 0.0
0.54879 0.055131 0.659758 8 0.0
0.987957 0.852983 0.469356 12 0.0
0.176414 0.536723 0.423617 1 0.0
0.014205 0.31872 0.061015 4 0.0
0.927291 0.947751 0.498497 17 0.0
0.510094 0.951253 0.099221 17 0.0
0.882379 0.89893 0.515464 17 0.0
0.50166 0.951655 0.127326 17 0.0
0.984007 0.572734 0.874865 12 0.0
0.019193 0.146547 0.017397 4 0.999999
0.983889 0.528201 0.81887 12 0.0
0.981912 0.662015 0.821005 12 0.0
0.981512 0.527418 0.865806 12 0.0
0.985866 0.394388 0.816735 12 0.0
0.986267 0.528985 0.771934 12 0.0
0.692974 0.940767 0.109007 17 0.0
0.965807 0.945377 0.880697 17 0.0
0.982356 0.067023 0.838069 12 0.0
0.888433 0.067755 0.977432 11 0.0
0.333046 0.097285 0.47136 2 0.0
0.878475 0.091918 0.976705 11 0.0
0.877098 0.105715 0.976048 11 0.0
0.911392 0.094982 0.972034 11 0.0
0.879853 0.078122 0.977363 11 0.0
0.845558 0.088855 0.981377 11 0.0
0.019296 0.786517 0.004781 4 0.999983
0.026668 0.928747 0.017152 4 0.999809
0.021475 0.929586 0.017725 4 0.999809
0.029008 0.938063 0.024719 4 0.999809
0.031861 0.927908 0.016579 4 0.999809
0.024328 0.919431 0.009585 4 0.999809
0.896637 0.071784 0.975799 11 6e-06
0.96995 0.174053 0.963641 11 0.041746
0.146556 0.049526 0.017099 9 0.907891
0.018266 0.944573 0.139037 4 0.349182
0.761828 0.851428 0.994018 11 0.0
0.776607 0.098864 0.964344 11 0.0
0.785031 0.115219 0.964293 11 0.0
0.778361 0.097992 0.974317 11 0.0
0.768183 0.08251 0.964395 11 0.0
0.774853 0.099737 0.954372 11 0.0
0.975556 0.875389 0.964078 11 0.000143
0.707053 0.916775 0.713416 16 2e-06
0.707168 0.928499 0.711231 16 2e-06
0.671321 0.916503 0.710078 16 2e-06
0.706938 0.905051 0.715602 16 2e-06
0.742786 0.917047 0.716755 16 2e-06
0.216298 0.948204 0.378236 17 0.009309
0.201884 0.9483 0.379053 17 0.009309
0.21794 0.946864 0.407388 17 0.009309
0.230713 0.948108 0.37742 17 0.009309
0.214656 0.949544 0.349085 17 0.009309
0.042091 0.322932 0.219705 3 0.0
0.963189 0.109728 0.586056 12 0.0
0.017884 0.164284 0.169548 4 0.0
0.017339 0.201669 0.166733 4 0.0
0.018428 0.165504 0.185636 4 0.0
0.018429 0.1269 0.172363 4 0.0
0.017341 0.163065 0.15346 4 0.0
0.986442 0.729846 0.127952 18 1e-06
0.161545 0.055142 0.185086 8 0.994787
0.822646 0.784196 0.985826 11 0.0
0.823595 0.83689 0.983444 11 0.0
0.797543 0.784791 0.988977 11 0.0
0.821697 0.731503 0.988208 11 0.0
0.84775 0.783602 0.982676 11 0.0
0.966681 0.938158 0.696891 17 0.0
0.028212 0.22992 0.216465 3 0.0
0.972404 0.896198 0.866487 13 0.0
0.972969 0.896764 0.854942 13 0.0
0.972801 0.917585 0.867554 13 0.0
0.97184 0.895633 0.878031 13 0.0
0.972008 0.874812 0.865419 13 0.0
0.984031 0.092597 0.36805 12 0.0
0.981672 0.622397 0.10043 18 0.0
0.662382 0.906982 0.072579 5 0.0
0.983187 0.912683 0.670253 13 0.0
0.965752 0.947117 0.582612 17 0.0
0.015931 0.577998 0.036664 4 0.0
0.954277 0.510722 0.967191 11 0.0
0.01485 0.502695 0.052802 4 0.0
0.964179 0.948691 0.300229 17 0.0
0.17639 0.469042 0.393104 1 3e-06
0.45368 0.948711 0.442711 17 0.000136
0.97354 0.615058 0.943867 13 1e-06
0.724558 0.052556 0.725095 8 0.040203
0.015946 0.527763 0.047611 4 0.0
0.050084 0.193857 0.006995 10 0.0
0.987584 0.872003 0.678602 12 0.0
0.957722 0.102557 0.943689 12 0.0
0.176399 0.894886 0.446414 1 0.02834
0.17589 0.913795 0.448513 1 0.02834
0.176071 0.894141 0.453049 1 0.02834
0.176908 0.875978 0.444315 1 0.02834
0.176727 0.895631 0.43978 1 0.02834
0.888414 0.079436 0.071478 10 0.0
0.734003 0.95013 0.719039 17 1e-06
0.973018 0.942075 0.440706 17 1e-06
0.817492 0.945857 0.984712 11 0.005255
0.926637 0.947355 0.281236 17 0.0
0.906718 0.94732 0.281103 17 0.0
0.926202 0.948828 0.345729 17 0.0
0.946556 0.947389 0.28137 17 0.0
0.927072 0.945882 0.216743 17 0.0
0.97392 0.945034 0.515411 17 1e-06
0.027184 0.331986 0.05194 4 0.000107
0.305037 0.952702 0.073497 17 0.006295
0.803352 0.595972 0.990319 11 0.0
0.468771 0.080184 0.523225 7 0.019746
0.468508 0.090554 0.523491 7 0.019746
0.473722 0.079531 0.553614 7 0.019746
0.469035 0.069814 0.52296 7 0.019746
0.463821 0.080837 0.492837 7 0.019746
0.015991 0.511789 0.049269 4 0.0
0.221777 0.88473 0.435062 2 0.0
0.219209 0.907171 0.429923 2 0.0
0.205206 0.88257 0.433906 2 0.0
0.224344 0.86229 0.440201 2 0.0
0.238348 0.886891 0.436218 2 0.0
0.985738 0.635968 0.183242 12 0.0
0.985763 0.22558 0.104084 18 0.00154
0.86003 0.944505 0.537349 17 0.0
0.897361 0.942817 0.532717 17 0.0
0.87151 0.940991 0.631149 17 0.0
0.822699 0.946193 0.541981 17 0.0
0.848549 0.94802 0.443549 17 0.0
0.535022 0.052377 0.085466 9 0.0
0.017673 0.445164 0.033066 4 0.0
0.307165 0.049145 0.057611 8 0.0
0.600249 0.954221 0.146676 17 0.0
0.380874 0.952261 0.430243 17 0.0
0.175383 0.619958 0.415868 1 0.0
0.940889 0.408936 0.078511 10 0.0
0.391111 0.947595 0.452513 17 0.746094
0.980865 0.057448 0.913948 13 4e-06
0.979172 0.101222 0.954599 13 0.0
0.016123 0.324216 0.110428 4 0.0
0.015644 0.404233 0.110799 4 0.0
0.016185 0.324057 0.144635 4 0.0
0.016602 0.244198 0.110057 4 0.0
0.016061 0.324374 0.076222 4 0.0
0.056655 0.866903 0.217209 3 0.0
0.069656 0.867768 0.217261 3 0.0
0.058446 0.839966 0.217473 3 0.0
0.043654 0.866038 0.217156 3 0.0
0.054864 0.89384 0.216944 3 0.0
0.012368 0.701365 0.041552 4 0.0
0.547774 0.914532 0.70719 16 0.029839
0.534937 0.921716 0.705885 16 0.029839
0.553721 0.925125 0.707008 16 0.029839
0.56061 0.907348 0.708496 16 0.029839
0.541827 0.903939 0.707372 16 0.029839
0.178184 0.443164 0.443954 1 0.0
0.966696 0.828687 0.965774 11 2.4e-05
0.172131 0.097465 0.222835 3 0.961564
0.828561 0.951597 0.082927 17 0.988208
0.788584 0.06662 0.908183 8 0.0
0.80313 0.068155 0.910189 8 0.0
0.78553 0.06099 0.934645 8 0.0
0.774038 0.065086 0.906178 8 0.0
0.791639 0.07225 0.881722 8 0.0
0.056585 0.947086 0.183476 17 9.5e-05
0.042516 0.945763 0.183439 17 9.5e-05
0.05648 0.947856 0.195577 17 9.5e-05
0.070654 0.948409 0.183514 17 9.5e-05
0.05669 0.946316 0.171376 17 9.5e-05
0.483932 0.161406 0.588977 6 0.0
0.491854 0.186804 0.622871 6 0.0
0.48807 0.136293 0.606829 6 0.0
0.476011 0.136008 0.555084 6 0.0
0.479795 0.18652 0.571126 6 0.0
0.193021 0.05576 0.186077 8 0.029415
0.326506 0.05225 0.450087 9 0.0
0.814159 0.055769 0.98625 11 5e-05
0.980373 0.105005 0.658703 12 0.0
0.978485 0.071444 0.391799 12 0.0
0.966651 0.061652 0.713756 8 0.00014
0.022296 0.805889 0.004065 4 0.999732
0.252101 0.951201 0.211231 17 1e-06
0.22868 0.950288 0.221817 17 1e-06
0.279378 0.950302 0.271505 17 1e-06
0.275523 0.952115 0.200646 17 1e-06
0.224824 0.952101 0.150957 17 1e-06
0.981754 0.100006 0.456724 12 0.0
0.975495 0.068445 0.44678 12 0.0
0.204324 0.052375 0.266223 8 0.011843
0.022425 0.484429 0.050598 4 4.3e-05
0.955315 0.166375 0.768335 12 0.0
0.958746 0.199582 0.779165 12 0.0
0.949753 0.147178 0.828955 12 0.0
0.951884 0.133167 0.757504 12 0.0
0.960878 0.185571 0.707715 12 0.0
0.177966 0.381607 0.403595 1 0.0
0.77721 0.944094 0.112381 17 0.0
0.23236 0.862767 0.024344 5 0.0
0.236893 0.888856 0.025327 5 0.0
0.300111 0.850845 0.028397 5 0.0
0.227828 0.836679 0.023361 5 0.0
0.16461 0.87469 0.020292 5 0.0
0.514873 0.903489 0.047084 5 0.0
0.521649 0.052119 0.453767 8 0.0
0.981927 0.925101 0.658257 13 0.0
0.969186 0.71736 0.967151 11 0.0
0.948496 0.454608 0.966972 11 0.0
0.948079 0.463001 0.927007 13 0.0
0.860307 0.066788 0.068274 10 0.0
0.247399 0.953234 0.168151 17 2.8e-05
0.232701 0.952811 0.19198 17 2.8e-05
0.303456 0.953529 0.202733 17 2.8e-05
0.262096 0.953656 0.144323 17 2.8e-05
0.191341 0.952938 0.13357 17 2.8e-05
0.963981 0.939328 0.384383 17 0.0
0.984962 0.389417 0.881121 12 0.0
0.981944 0.084211 0.688132 12 0.0
0.702047 0.898565 0.722801 16 0.0
0.703975 0.915702 0.71827 16 0.0
0.707448 0.899511 0.728679 16 0.0
0.700119 0.881428 0.727332 16 0.0
0.696647 0.897618 0.716923 16 0.0
0.962899 0.612727 0.124151 12 0.0
0.9649 0.096923 0.961215 11 0.025987
0.968168 0.108018 0.962672 11 0.025987
0.97036 0.095154 0.962434 11 0.025987
0.961631 0.085828 0.959758 11 0.025987
0.959439 0.098692 0.959996 11 0.025987
0.981587 0.436193 0.94621 13 0.0
0.948713 0.108912 0.936322 12 0.0
0.952143 0.127678 0.935168 12 0.0
0.949031 0.109424 0.945601 12 0.0
0.945284 0.090145 0.937476 12 0.0
0.948396 0.108399 0.927043 12 0.0
0.826264 0.070916 0.984626 11 1e-06
0.399685 0.834526 0.054299 5 0.0
0.850928 0.947289 0.692994 17 0.0
0.808563 0.948569 0.694942 17 0.0
0.854979 0.943803 0.783356 17 0.0
0.893293 0.946009 0.691045 17 0.0
0.846877 0.950776 0.602631 17 0.0
0.209351 0.288354 0.465826 2 0.0
0.267159 0.487671 0.468561 2 0.0
0.18011 0.655917 0.452016 1 0.038248
0.04236 0.318974 0.219082 3 1e-06
0.907862 0.94053 0.972851 11 0.07978
0.017645 0.717038 0.170587 4 0.0
0.968213 0.941576 0.332742 17 0.0
0.022926 0.54401 0.043974 4 0.0
0.940291 0.35909 0.969002 11 0.0
0.024967 0.269972 0.216169 3 0.0
0.935188 0.945974 0.576016 17 0.0
0.316986 0.372861 0.470565 2 0.0
0.29996 0.468849 0.469821 2 0.0
0.357698 0.380094 0.472042 2 0.0
0.334013 0.276874 0.471308 2 0.0
0.276275 0.365628 0.469088 2 0.0
0.989344 0.841436 0.597036 12 0.0
0.251508 0.333639 0.01374 10 0.0
0.293596 0.415072 0.016036 10 0.0
0.19098 0.365011 0.010579 10 0.0
0.209419 0.252205 0.011445 10 0.0
0.312036 0.302266 0.016902 10 0.0
0.964384 0.942968 0.336911 17 0.0
0.973613 0.943037 0.716858 17 0.0
0.019119 0.948863 0.009394 4 1.0
0.019622 0.588089 0.193261 4 0.0
0.869059 0.056979 0.97269 11 0.000881
0.617896 0.070804 0.703051 15 0.0
0.982859 0.82632 0.926036 13 0.0
0.98435 0.826546 0.911443 13 0.0
0.97856 0.86895 0.926257 13 0.0
0.981367 0.826095 0.94063 13 0.0
0.987157 0.783691 0.925816 13 0.0
0.017456 0.39457 0.102956 4 0.0
0.015486 0.949606 0.070694 4 0.999997
0.768953 0.929442 0.992011 11 0.030202
0.763861 0.935748 0.994277 11 0.030202
0.77385 0.933827 0.990812 11 0.030202
0.774045 0.923136 0.989745 11 0.030202
0.764056 0.925057 0.993209 11 0.030202
0.489553 0.766345 0.620727 6 2e-06
0.490912 0.823541 0.618143 6 2e-06
0.497775 0.767538 0.651438 6 2e-06
0.488194 0.70915 0.623311 6 2e-06
0.481331 0.765153 0.590016 6 2e-06
0.02019 0.74666 0.194868 4 0.0
0.317599 0.054111 0.458364 7 0.9999
0.482671 0.09653 0.589399 6 0.0
0.482489 0.112819 0.589535 6 0.0
0.492011 0.096308 0.628792 6 0.0
0.482854 0.080242 0.589264 6 0.0
0.473332 0.096753 0.550007 6 0.0
0.020142 0.106447 0.210952 4 0.946302
0.970416 0.15556 0.963775 11 0.02381
0.782415 0.917534 0.988658 11 0.000574
0.789317 0.925169 0.987444 11 0.000574
0.773386 0.925996 0.990545 11 0.000574
0.775512 0.909898 0.989872 11 0.000574
0.791444 0.909071 0.986771 11 0.000574
0.014926 0.081073 0.013578 4 1.0
0.013418 0.094353 0.011409 4 1.0
0.014144 0.081874 0.019025 4 1.0
0.016434 0.067793 0.015747 4 1.0
0.015708 0.080272 0.008131 4 1.0
0.789029 0.948237 0.954556 17 1e-06
0.775765 0.948606 0.961471 17 1e-06
0.795167 0.948754 0.966301 17 1e-06
0.802292 0.947868 0.94764 17 1e-06
0.78289 0.94772 0.942811 17 1e-06
0.762472 0.951168 0.751525 17 0.018258
0.259806 0.860703 0.024477 5 0.0
0.336394 0.847864 0.030787 5 0.0
0.255455 0.834319 0.0236 5 0.0
0.183218 0.873542 0.018166 5 0.0
0.264157 0.887087 0.025353 5 0.0
0.21838 0.950696 0.262609 17 0.001466
0.023175 0.813122 0.002127 4 0.693849
0.494285 0.092195 0.532544 6 2e-06
0.499159 0.106372 0.531949 6 2e-06
0.505286 0.090087 0.572465 6 2e-06
0.489411 0.078018 0.533139 6 2e-06
0.483284 0.094303 0.492623 6 2e-06
0.982616 0.060999 0.484412 12 0.0
0.981817 0.141937 0.402644 12 0.0
0.021795 0.923036 0.175539 4 0.0
0.022016 0.932644 0.17606 4 0.0
0.022231 0.922229 0.19024 4 0.0
0.021574 0.913429 0.175017 4 0.0
0.02136 0.923844 0.160837 4 0.0
0.788628 0.754556 0.991803 11 0.0
0.983587 0.916225 0.965129 11 1.0
0.078285 0.055328 0.214332 3 0.749317
0.175839 0.926139 0.341204 1 1e-06
0.257553 0.609778 0.47059 2 0.0
0.600812 0.208426 0.70431 15 0.0
0.593032 0.257823 0.705354 15 0.0
0.629769 0.212943 0.70636 15 0.0
0.608592 0.159029 0.703265 15 0.0
0.571855 0.203909 0.702259 15 0.0
0.024155 0.501957 0.211931 3 0.999999
0.803751 0.075226 0.701767 8 0.000224
0.833052 0.074437 0.698918 8 0.000224
0.80963 0.068184 0.764189 8 0.000224
0.77445 0.076014 0.704615 8 0.000224
0.797872 0.082268 0.639345 8 0.000224
0.194906 0.948504 0.241516 17 0.0
0.016987 0.298478 0.025323 4 5.9e-05
0.082774 0.781837 0.217526 3 0.0
0.103276 0.781658 0.217533 3 0.0
0.082316 0.729539 0.218091 3 0.0
0.062272 0.782017 0.217519 3 0.0
0.083232 0.834135 0.21696 3 0.0
0.015182 0.464612 0.04516 4 0.0
0.933475 0.703631 0.972016 11 0.0
0.981742 0.854883 0.943165 13 0.0
0.083746 0.947406 0.012281 17 0.999993
0.016913 0.94453 0.188371 4 0.999021
0.945671 0.132874 0.933797 12 0.0
0.951378 0.151039 0.932675 12 0.0
0.946842 0.133202 0.945063 12 0.0
0.939965 0.114709 0.934918 12 0.0
0.944501 0.132546 0.92253 12 0.0
0.751152 0.948768 0.863527 17 0.054472
0.51964 0.883545 0.047409 5 0.0
0.296027 0.566929 0.472571 2 0.0
0.279936 0.665997 0.469896 2 0.0
0.329943 0.57246 0.473396 2 0.0
0.312118 0.467861 0.475246 2 0.0
0.262111 0.561398 0.471746 2 0.0
0.019579 0.1432 0.018836 4 1.0
0.971144 0.949519 0.218653 17 9.7e-05
0.017591 0.658815 0.210033 4 0.0
0.945081 0.6526 0.941533 11 0.0
0.175949 0.657838 0.428721 1 0.0
0.193295 0.139346 0.44369 1 0.999821
0.176812 0.821087 0.355348 1 1e-06
0.1769 0.861267 0.355401 1 1e-06
0.176511 0.821042 0.390231 1 1e-06
0.176723 0.780907 0.355295 1 1e-06
0.177113 0.821132 0.320465 1 1e-06
0.023787 0.060289 0.01652 8 7.6e-05
0.021868 0.064124 0.016266 8 7.6e-05
0.025117 0.061338 0.022307 8 7.6e-05
0.025707 0.056455 0.016774 8 7.6e-05
0.022458 0.059241 0.010733 8 7.6e-05
0.029678 0.428158 0.065192 4 0.0
0.01684 0.419571 0.101411 4 0.0
0.988324 0.883567 0.483251 12 0.0
0.97136 0.49537 0.863164 12 0.0
0.96761 0.947827 0.275546 17 0.0
0.758768 0.949769 0.706215 17 0.0
0.322722 0.896106 0.066834 5 0.0
0.079555 0.495298 0.218086 3 0.0
0.982684 0.78606 0.931857 13 0.0
0.976536 0.94279 0.753613 17 1e-06
0.481434 0.933815 0.088055 17 0.0
0.679585 0.050468 0.156594 8 0.0
0.773852 0.050609 0.164615 8 0.0
0.676861 0.050663 0.188609 8 0.0
0.585319 0.050328 0.148572 8 0.0
0.68231 0.050273 0.124578 8 0.0
0.974286 0.945981 0.379064 17 0.0
0.460417 0.94514 0.464732 17 0.999893
0.246294 0.751613 0.472609 2 0.0
0.79176 0.052187 0.991713 11 0.999306
0.175467 0.137343 0.458376 1 0.999969
0.652444 0.086739 0.702419 15 0.0
0.65405 0.098163 0.702113 15 0.0
0.623937 0.09069 0.700287 15 0.0
0.650837 0.075314 0.702725 15 0.0
0.68095 0.082787 0.704551 15 0.0
0.027798 0.949427 0.022695 4 0.500979
0.022293 0.948869 0.022428 4 0.500979
0.027474 0.948369 0.031595 4 0.500979
0.033304 0.949985 0.022962 4 0.500979
0.028123 0.950485 0.013796 4 0.500979
0.060873 0.94983 0.212531 17 0.999984
0.059684 0.95239 0.209526 17 0.999984
0.06461 0.951447 0.212431 17 0.999984
0.062061 0.94727 0.215536 17 0.999984
0.057135 0.948214 0.212632 17 0.999984
0.017259 0.367332 0.159054 4 0.0
0.314015 0.952549 0.051971 17 0.061434
0.985914 0.097765 0.32757 12 0.0
0.478436 0.071761 0.529382 7 0.998724
0.477155 0.079084 0.530916 7 0.998724
0.490673 0.069952 0.548238 7 0.998724
0.479717 0.064439 0.527848 7 0.998724
0.466199 0.073571 0.510527 7 0.998724
0.494262 0.05917 0.630947 7 1.0
0.301106 0.051503 0.084031 8 4e-06
0.249347 0.053051 0.44715 8 0.0
0.576216 0.091452 0.702711 15 1.6e-05
0.576574 0.105115 0.701643 15 1.6e-05
0.598621 0.090927 0.703505 15 1.6e-05
0.575858 0.077789 0.70378 15 1.6e-05
0.553812 0.091978 0.701917 15 1.6e-05
0.984387 0.068096 0.393199 12 0.0
0.97492 0.944389 0.674959 17 0.0
0.029034 0.772693 0.023682 4 0.612421
0.207073 0.948939 0.33124 17 0.004664
0.193166 0.787994 0.351544 1 0.003525
0.199359 0.839511 0.356697 1 0.003525
0.1926 0.784298 0.389168 1 0.003525
0.186972 0.736477 0.346391 1 0.003525
0.193731 0.791689 0.313919 1 0.003525
0.978989 0.456554 0.176142 12 0.0
0.027982 0.208709 0.212043 3 0.0
0.983135 0.922329 0.127086 18 2e-06
0.982454 0.933521 0.126635 18 2e-06
0.984595 0.923063 0.14312 18 2e-06
0.983816 0.911136 0.127537 18 2e-06
0.981676 0.921594 0.111052 18 2e-06
0.97036 0.946865 0.699594 17 0.0
0.020227 0.802763 0.208546 4 0.998056
0.972011 0.05195 0.743206 12 0.746716
0.178014 0.367883 0.423282 1 0.0
0.967112 0.939165 0.391148 17 0.0
0.563249 0.056531 0.700891 15 0.940543
0.327679 0.072454 0.468155 2 0.0
0.017543 0.816984 0.172394 4 0.0
0.017325 0.858857 0.175231 4 0.0
0.017126 0.816003 0.186843 4 0.0
0.017761 0.775112 0.169557 4 0.0
0.01796 0.817966 0.157945 4 0.0
0.961698 0.049486 0.364539 8 2.3e-05
0.878374 0.223782 0.977735 11 0.0
0.872563 0.279675 0.978591 11 0.0
0.846268 0.220395 0.980904 11 0.0
0.884186 0.16789 0.97688 11 0.0
0.91048 0.227169 0.974567 11 0.0
0.949344 0.526785 0.968762 11 0.0
0.034093 0.129673 0.215621 3 0.0
0.020162 0.597699 0.028287 4 0.74256
0.020929 0.94407 0.078133 4 6.1e-05
0.785426 0.660194 0.992138 11 0.0
0.959188 0.669373 0.960338 11 0.0
0.150013 0.059174 0.214785 3 0.062731
0.944593 0.185394 0.967786 11 0.0
0.978386 0.065057 0.644235 13 0.0
0.914025 0.27573 0.971996 11 0.0
0.961195 0.946775 0.362718 17 0.0
0.176277 0.845214 0.446488 1 0.000417
0.97153 0.536155 0.966524 11 0.0
0.441668 0.052582 0.431966 8 1e-06
0.984851 0.285935 0.11186 18 0.001002
0.957833 0.917605 0.359316 12 0.0
0.178317 0.407578 0.441531 1 0.0
0.943974 0.731576 0.971111 11 0.0
0.966935 0.946666 0.401374 17 0.0
0.94052 0.049093 0.413642 8 0.0
0.972172 0.944622 0.529746 17 2.3e-05
0.033189 0.141829 0.143964 4 0.0
0.031672 0.16781 0.130539 4 0.0
0.033422 0.152369 0.164334 4 0.0
0.034706 0.115849 0.15739 4 0.0
0.032957 0.13129 0.123594 4 0.0
0.953858 0.854409 0.963629 11 0.0
0.469811 0.949113 0.52471 6 0.999998
0.986985 0.099508 0.212102 12 0.0
0.985511 0.094741 0.171246 12 0.0
0.987699 0.115355 0.210227 12 0.0
0.98846 0.104276 0.252958 12 0.0
0.986272 0.083662 0.213977 12 0.0
0.175746 0.638316 0.429007 1 0.0
0.9347 0.94738 0.22977 17 0.0
0.91805 0.946717 0.228809 17 0.0
0.932062 0.945887 0.276475 17 0.0
0.95135 0.948043 0.230732 17 0.0
0.937338 0.948873 0.183066 17 0.0
0.956915 0.837251 0.966365 11 0.0
0.969874 0.938792 0.371517 17 0.0
0.983439 0.618699 0.89823 13 0.0
0.825077 0.950703 0.387971 17 0.0
0.875961 0.948604 0.38361 17 0.0
0.833467 0.949377 0.486484 17 0.0
0.774194 0.952802 0.392333 17 0.0
0.816688 0.952029 0.289458 17 0.0
0.986192 0.245605 0.802396 12 0.0
0.987559 0.308582 0.809342 12 0.0
0.984187 0.24008 0.852873 12 0.0
0.984825 0.182627 0.795449 12 0.0
0.988197 0.251129 0.751918 12 0.0
0.839712 0.951408 0.297198 17 0.0
0.885193 0.950127 0.302819 17 0.0
0.831267 0.950515 0.365336 17 0.0
0.794231 0.952689 0.291578 17 0.0
0.848157 0.952301 0.229061 17 0.0
0.017612 0.276835 0.154864 4 0.0
0.016689 0.167029 0.029063 4 8e-06
0.022544 0.75842 0.21136 3 0.039056
0.97828 0.058101 0.897568 13 0.999995
0.97612 0.060312 0.896474 13 0.999995
0.976773 0.061181 0.906772 13 0.999995
0.98044 0.05589 0.898661 13 0.999995
0.979787 0.055021 0.888363 13 0.999995
0.926186 0.206928 0.969943 11 0.0
0.980831 0.747189 0.92952 13 0.0
0.044693 0.716386 0.058242 4 0.0
0.017687 0.366097 0.165334 4 0.0
0.984675 0.078275 0.260238 12 0.0
0.020732 0.769571 0.004206 4 0.999996
0.904989 0.047512 0.703499 8 0.0
0.019422 0.885037 0.159837 4 0.0
0.02022 0.905962 0.159368 4 0.0
0.019502 0.885461 0.178891 4 0.0
0.018623 0.864113 0.160306 4 0.0
0.019341 0.884614 0.140783 4 0.0
0.036898 0.051561 0.038515 8 0.001538
0.028502 0.051989 0.039083 8 0.001538
0.037864 0.050348 0.053718 8 0.001538
0.045294 0.051132 0.037948 8 0.001538
0.035933 0.052774 0.023312 8 0.001538
0.016387 0.943315 0.072792 4 0.846238
0.204282 0.052465 0.209839 8 1e-06
0.512495 0.049721 0.59251 9 0.0
0.98422 0.112102 0.726979 12 0.0
0.953851 0.945568 0.718778 17 0.0
0.973743 0.93768 0.630644 17 1e-06
0.055394 0.851254 0.005566 5 0.0
0.050186 0.884286 0.005341 5 0.0
0.067923 0.853238 0.006821 5 0.0
0.060602 0.818223 0.005791 5 0.0
0.042865 0.849271 0.004311 5 0.0
0.461048 0.109259 0.495745 7 0.006321
0.461006 0.128519 0.498165 7 0.006321
0.465658 0.107863 0.506938 7 0.006321
0.461091 0.09 0.493325 7 0.006321
0.456438 0.110656 0.484552 7 0.006321
0.020238 0.913243 0.200945 4 0.003594
0.021959 0.926065 0.198993 4 0.003594
0.019617 0.914165 0.206452 4 0.003594
0.018517 0.900422 0.202896 4 0.003594
0.020858 0.912322 0.195438 4 0.003594
0.021827 0.355347 0.21089 4 0.999883
0.986964 0.130038 0.728275 12 0.0
0.987982 0.155433 0.730159 12 0.0
0.98601 0.124678 0.80103 12 0.0
0.985946 0.104642 0.726391 12 0.0
0.987917 0.135397 0.655521 12 0.0
0.049153 0.110028 0.217536 3 0.0
0.049275 0.129853 0.218463 3 0.0
0.060072 0.10995 0.217768 3 0.0
0.04903 0.090203 0.216609 3 0.0
0.038233 0.110107 0.217304 3 0.0
0.097436 0.831297 0.009262 5 0.0
0.085562 0.869685 0.008674 5 0.0
0.121261 0.838695 0.011153 5 0.0
0.10931 0.792908 0.00985 5 0.0
0.073611 0.823899 0.007371 5 0.0
0.940402 0.04785 0.722471 8 0.0
0.123479 0.822213 0.215493 3 0.0
0.144115 0.819695 0.21582 3 0.0
0.118494 0.781464 0.216308 3 0.0
0.102843 0.824731 0.215166 3 0.0
0.128464 0.862962 0.214679 3 0.0
0.155355 0.051379 0.180712 8 4.4e-05
0.197402 0.879016 0.020088 5 0.0
0.254971 0.870545 0.024742 5 0.0
0.194109 0.856514 0.019862 5 0.0
0.139832 0.887487 0.015434 5 0.0
0.200695 0.901517 0.020314 5 0.0
0.983525 0.907483 0.681519 12 0.0
0.955752 0.944855 0.517935 17 0.0
0.106901 0.158352 0.216824 3 0.0
0.104268 0.192282 0.216894 3 0.0
0.134321 0.16048 0.217073 3 0.0
0.109535 0.124422 0.216753 3 0.0
0.079482 0.156224 0.216575 3 0.0
0.735985 0.051208 0.748775 8 0.968483
0.944908 0.180552 0.967912 11 0.0
0.947075 0.213783 0.965303 11 0.0
0.932714 0.181456 0.96929 11 0.0
0.942741 0.147321 0.970521 11 0.0
0.957102 0.179649 0.966534 11 0.0
0.254303 0.267995 0.468788 2 0.0
0.253757 0.336376 0.470641 2 0.0
0.279665 0.268158 0.470251 2 0.0
0.254849 0.199613 0.466934 2 0.0
0.228941 0.267832 0.467324 2 0.0
0.940734 0.756159 0.969565 11 0.0
0.06868 0.331432 0.219037 3 0.0
0.55199 0.28778 0.704154 15 2e-06
0.70605 0.103441 0.053019 10 0.0
0.105319 0.495721 0.21378 3 0.0
0.221791 0.302322 0.465792 2 0.0
0.954047 0.94596 0.251493 17 0.0
0.224015 0.711855 0.472596 2 0.0
0.12588 0.049351 0.20907 8 0.999973
0.177892 0.78387 0.432478 1 0.012828
0.958352 0.488629 0.968192 11 1.3e-05
0.96086 0.180901 0.90163 12 0.0
0.96142 0.197245 0.903674 12 0.0
0.960959 0.178218 0.923062 12 0.0
0.9603 0.164557 0.899586 12 0.0
0.960762 0.183585 0.880198 12 0.0
0.929387 0.94783 0.449195 17 0.0
0.250544 0.50887 0.469862 2 0.0
0.111232 0.644364 0.050212 5 0.0
0.141377 0.642123 0.052352 5 0.0
0.104402 0.554049 0.051831 5 0.0
0.081087 0.646605 0.048071 5 0.0
0.118062 0.734679 0.048592 5 0.0
0.968682 0.128923 0.924638 13 0.0
0.968171 0.155831 0.92391 13 0.0
0.968108 0.12929 0.938622 13 0.0
0.969192 0.102014 0.925366 13 0.0
0.969256 0.128555 0.910653 13 0.0
0.881841 0.610813 0.978353 11 0.0
0.682584 0.127961 0.049146 10 0.0
0.257207 0.088478 0.013419 10 0.0
0.211891 0.66225 0.473034 2 0.0
0.955782 0.311589 0.960816 11 0.0
0.176405 0.711542 0.452342 1 0.999486
0.05461 0.89763 0.217145 3 0.0
0.067393 0.898265 0.217329 3 0.0
0.055476 0.880031 0.217711 3 0.0
0.041827 0.896994 0.216962 3 0.0
0.053743 0.915228 0.21658 3 0.0
0.029525 0.944749 0.067608 4 0.000114
0.033227 0.364255 0.166451 4 0.0
0.926582 0.942134 0.112547 17 0.999989
0.916473 0.945771 0.116861 17 0.999989
0.929485 0.944898 0.117019 17 0.999989
0.93669 0.938497 0.108232 17 0.999989
0.923678 0.939369 0.108075 17 0.999989
0.800303 0.94782 0.982438 17 1e-06
0.214345 0.896988 0.023095 5 0.0
0.313676 0.07805 0.469861 2 0.000146
0.491085 0.342029 0.633615 6 0.0
0.492565 0.408721 0.64305 6 0.0
0.496316 0.338646 0.656703 6 0.0
0.489605 0.275336 0.62418 6 0.0
0.485854 0.345411 0.610528 6 0.0
0.020282 0.949178 0.072919 4 0.996252
0.020708 0.055604 0.109166 4 6.2e-05
0.016676 0.827626 0.006126 4 0.999949
0.930606 0.932775 0.969142 11 0.0
0.913039 0.934496 0.973614 11 0.0
0.931319 0.938993 0.969549 11 0.0
0.948173 0.931053 0.96467 11 0.0
0.929893 0.926556 0.968736 11 0.0
0.963682 0.947822 0.252973 17 0.0
0.021602 0.101249 0.212606 4 0.000671
0.980954 0.077815 0.480329 12 0.0
0.207378 0.441249 0.419135 2 0.0
0.019178 0.803654 0.002314 4 1.0
0.744522 0.047182 0.941791 14 1.0
0.985951 0.099612 0.323082 12 0.0
0.069262 0.082374 0.216161 3 0.0
0.069057 0.093532 0.21653 3 0.0
0.086783 0.082655 0.217398 3 0.0
0.069466 0.071216 0.215792 3 0.0
0.05174 0.082093 0.214924 3 0.0
0.495142 0.0504 0.521245 8 0.012317
0.47822 0.254441 0.56352 6 0.0
0.48207 0.316316 0.584525 6 0.0
0.486406 0.241523 0.60007 6 0.0
0.474369 0.192565 0.542514 6 0.0
0.470033 0.267358 0.526969 6 0.0
0.819455 0.926994 0.977625 11 0.0
0.820902 0.934153 0.97884 11 0.0
0.79745 0.930242 0.984697 11 0.0
0.818008 0.919834 0.97641 11 0.0
0.84146 0.923745 0.970553 11 0.0
0.627781 0.08014 0.702537 15 0.0
0.628323 0.090154 0.702069 15 0.0
0.661044 0.078456 0.705003 15 0.0
0.62724 0.070127 0.703005 15 0.0
0.594519 0.081825 0.700071 15 0.0
0.063529 0.407064 0.129546 4 0.0
0.022221 0.255595 0.206776 4 0.999919
0.980994 0.896915 0.936957 13 0.0
0.98102 0.914659 0.936967 13 0.0
0.980585 0.89691 0.946809 13 0.0
0.980968 0.879171 0.936947 13 0.0
0.981403 0.89692 0.927105 13 0.0
0.037107 0.495511 0.217609 3 1e-06
0.216028 0.895957 0.467488 2 0.0
0.211323 0.914036 0.466087 2 0.0
0.202791 0.892489 0.46719 2 0.0
0.220733 0.877878 0.468888 2 0.0
0.229265 0.899425 0.467785 2 0.0
0.06998 0.051315 0.209948 9 0.221669
0.527713 0.779936 0.710303 16 0.05903
0.972169 0.948149 0.368244 17 0.0
0.204064 0.932043 0.047581 17 0.0
0.944006 0.946577 0.519212 17 0.0
0.985271 0.081549 0.162674 12 0.0
0.985275 0.093241 0.162121 12 0.0
0.986003 0.082773 0.188566 12 0.0
0.985266 0.069858 0.163227 12 0.0
0.984538 0.080325 0.136782 12 0.0
0.959506 0.576868 0.969615 11 0.0
0.126644 0.067395 0.215348 3 0.020229
0.126681 0.07378 0.215602 3 0.020229
0.147526 0.067217 0.216815 3 0.020229
0.126608 0.061009 0.215093 3 0.020229
0.105763 0.067573 0.213881 3 0.020229
0.977209 0.298935 0.961901 11 0.999972
0.022652 0.35488 0.21519 3 0.890657
0.176534 0.796697 0.448795 1 1e-06
0.961125 0.942791 0.303211 17 0.0
0.98103 0.775463 0.932854 13 0.0
0.953107 0.51877 0.9698 11 0.0
0.016993 0.558289 0.162097 4 0.0
0.251709 0.263341 0.468781 2 0.0
0.252849 0.328266 0.469404 2 0.0
0.276573 0.262889 0.470502 2 0.0
0.25057 0.198417 0.468158 2 0.0
0.226846 0.263794 0.46706 2 0.0
0.985585 0.22181 0.14201 18 0.009308
0.934314 0.412413 0.970541 11 0.0
0.960732 0.319626 0.963586 11 0.0
0.952601 0.948206 0.444837 17 0.0
0.015646 0.197371 0.109008 4 0.0
0.015039 0.243257 0.120193 4 0.0
0.016486 0.189637 0.140782 4 0.0
0.016253 0.151486 0.097823 4 0.0
0.014806 0.205105 0.077234 4 0.0
0.764472 0.824785 0.992935 11 0.0
0.981537 0.302961 0.899555 12 0.0
0.98405 0.158355 0.593291 12 0.0
0.985249 0.192627 0.592597 12 0.0
0.983204 0.160591 0.702281 12 0.0
0.982852 0.124082 0.593985 12 0.0
0.984897 0.156118 0.484301 12 0.0
0.621735 0.951432 0.084937 17 5e-06
0.421045 0.95395 0.130694 17 0.0
0.018442 0.85639 0.180592 4 0.0
0.019475 0.886304 0.183232 4 0.0
0.017804 0.855351 0.192607 4 0.0
0.01741 0.826475 0.177952 4 0.0
0.019081 0.857428 0.168577 4 0.0
0.97146 0.500292 0.952675 13 4e-05
0.970195 0.118836 0.96466 11 0.00191
0.981038 0.194535 0.964157 11 0.999304
0.014894 0.392847 0.026144 4 1e-06
0.87455 0.07488 0.978433 11 0.0
0.016529 0.527442 0.157357 4 0.0
0.933985 0.932588 0.969493 11 0.000595
0.933282 0.938719 0.970118 11 0.000595
0.917538 0.930635 0.970156 11 0.000595
0.934688 0.926458 0.968869 11 0.000595
0.950432 0.934541 0.968831 11 0.000595
0.187444 0.908291 0.019314 5 0.0
0.019884 0.884876 0.202805 4 2e-06
0.319661 0.077172 0.469439 2 0.0
0.487801 0.124026 0.608639 6 0.0
0.488701 0.148679 0.611578 6 0.0
0.495347 0.119919 0.640782 6 0.0
0.486901 0.099373 0.6057 6 0.0
0.480255 0.128133 0.576496 6 0.0
0.970927 0.06702 0.964823 11 0.018775
0.967942 0.073411 0.963941 11 0.018775
0.967288 0.065325 0.964858 11 0.018775
0.973912 0.060628 0.965705 11 0.018775
0.974566 0.068715 0.964788 11 0.018775
0.982481 0.941721 0.963712 11 0.999999
0.983965 0.941907 0.965181 11 0.999999
0.982289 0.936907 0.964515 11 0.999999
0.980998 0.941536 0.962243 11 0.999999
0.982674 0.946535 0.962908 11 0.999999
0.237401 0.950336 0.457705 17 0.999991
0.176561 0.879813 0.435216 1 3e-05
0.176341 0.903082 0.437038 1 3e-05
0.176191 0.879011 0.44541 1 3e-05
0.176782 0.856543 0.433395 1 3e-05
0.176931 0.880614 0.425023 1 3e-05
0.966849 0.438351 0.109917 18 0.013955
0.253938 0.948492 0.396567 17 0.004824
0.228662 0.947411 0.389845 17 0.004824
0.248187 0.948544 0.418182 17 0.004824
0.279213 0.949573 0.403288 17 0.004824
0.259688 0.94844 0.374951 17 0.004824
0.97337 0.947096 0.205326 17 0.0
0.489779 0.094557 0.531774 6 6e-06
0.49172 0.107394 0.534524 6 6e-06
0.496202 0.086075 0.566843 6 6e-06
0.487838 0.08172 0.529025 6 6e-06
0.483356 0.103039 0.496706 6 6e-06
0.979293 0.075348 0.449786 12 0.0
0.985391 0.132214 0.73711 12 0.0
0.986357 0.158606 0.738839 12 0.0
0.984727 0.127676 0.806712 12 0.0
0.984424 0.105821 0.73538 12 0.0
0.986054 0.136751 0.667507 12 0.0
0.951405 0.944507 0.568356 17 0.0
0.96029 0.808943 0.966303 11 0.0
0.022288 0.184215 0.207845 3 0.999936
0.977805 0.364294 0.961777 11 0.999577
0.981097 0.76778 0.923726 13 0.0
0.986076 0.911124 0.566562 13 0.0
0.976517 0.940004 0.328411 17 0.0
0.173225 0.947948 0.385824 1 1.0
0.938462 0.650251 0.971439 11 0.0
0.033761 0.293698 0.070384 4 0.999941
0.033418 0.061558 0.21501 3 0.999883
0.944813 0.208088 0.967323 11 0.0
0.212816 0.607329 0.470662 2 0.0
0.205008 0.180964 0.465848 2 0.0
0.984603 0.262136 0.139598 12 0.0
0.024637 0.35264 0.210035 3 0.00013
0.09991 0.051189 0.214052 3 0.999999
0.019747 0.599941 0.198239 4 0.582838
0.232386 0.435437 0.468052 2 0.0
0.937071 0.348124 0.957436 11 0.0
0.822827 0.783609 0.985824 11 0.0
0.822461 0.836671 0.983983 11 0.0
0.797534 0.783541 0.988885 11 0.0
0.823193 0.730546 0.987666 11 0.0
0.848119 0.783677 0.982763 11 0.0
0.965306 0.236315 0.963569 11 2e-06
0.985024 0.081688 0.738618 12 0.0
0.020098 0.787003 0.199324 4 0.0
0.934838 0.063019 0.867274 8 0.0
0.924595 0.06347 0.871233 8 0.0
0.947099 0.059563 0.899395 8 0.0
0.945082 0.062568 0.863316 8 0.0
0.922578 0.066476 0.835153 8 0.0
0.954026 0.885137 0.966183 11 0.0
0.951893 0.906602 0.965632 11 0.0
0.963614 0.886085 0.966007 11 0.0
0.956159 0.863672 0.966734 11 0.0
0.944438 0.884188 0.966359 11 0.0
0.70092 0.938134 0.703224 16 0.998275
0.707741 0.939296 0.702533 16 0.998275
0.701753 0.935302 0.706682 16 0.998275
0.6941 0.936972 0.703915 16 0.998275
0.700087 0.940966 0.699766 16 0.998275
0.95215 0.946029 0.600258 17 0.0
0.020852 0.339616 0.025867 4 1.0
0.968762 0.478283 0.939679 13 0.0
0.968239 0.468174 0.935119 11 0.999913
0.975652 0.729157 0.96446 11 0.0
0.352244 0.056788 0.042135 8 1.0
0.019699 0.156544 0.208014 4 0.999126
0.964286 0.944849 0.459871 17 0.0
0.961507 0.546505 0.940002 13 0.0
0.980901 0.0758 0.869963 13 0.0
0.981227 0.08543 0.869456 13 0.0
0.979202 0.077426 0.899731 13 0.0
0.980575 0.06617 0.870471 13 0.0
0.9826 0.074174 0.840196 13 0.0
0.952665 0.122153 0.96639 11 0.0
0.954654 0.146429 0.966302 11 0.0
0.942825 0.122965 0.968172 11 0.0
0.950676 0.097877 0.966478 11 0.0
0.962505 0.12134 0.964607 11 0.0
0.97624 0.256043 0.96112 11 0.998741
0.955099 0.071839 0.967359 11 1.5e-05
0.945564 0.073255 0.96876 11 1.5e-05
0.954153 0.06425 0.968591 11 1.5e-05
0.964633 0.070424 0.965958 11 1.5e-05
0.956044 0.079429 0.966127 11 1.5e-05
0.013938 0.609714 0.029163 4 0.002539
0.017034 0.50574 0.170764 4 0.0
0.924201 0.178452 0.970971 11 0.0
0.920668 0.219992 0.972778 11 0.0
0.906137 0.176819 0.973197 11 0.0
0.927734 0.136913 0.969164 11 0.0
0.942265 0.180086 0.968745 11 0.0
0.018754 0.800481 0.188711 4 0.0
0.308486 0.879285 0.030385 5 0.0
0.9332 0.947522 0.11576 17 0.0
0.951888 0.947 0.11517 17 0.0
0.933586 0.946572 0.128825 17 0.0
0.914512 0.948044 0.116351 17 0.0
0.932814 0.948471 0.102696 17 0.0
0.055489 0.946502 0.156941 17 1.2e-05
0.041968 0.945738 0.156619 17 1.2e-05
0.055035 0.945606 0.178157 17 1.2e-05
0.069009 0.947267 0.157262 17 1.2e-05
0.055943 0.947399 0.135724 17 1.2e-05
0.072116 0.049981 0.013819 8 0.922795
0.984959 0.083241 0.307625 12 0.0
0.981488 0.904711 0.171315 18 0.0
0.98183 0.921016 0.172096 18 0.0
0.981348 0.903365 0.199458 18 0.0
0.981146 0.888406 0.170533 18 0.0
0.981628 0.906056 0.143172 18 0.0
0.202061 0.947485 0.404524 17 0.000197
0.192017 0.947564 0.404691 17 0.000197
0.20241 0.947083 0.425734 17 0.000197
0.212105 0.947406 0.404357 17 0.000197
0.201712 0.947887 0.383314 17 0.000197
0.038674 0.358743 0.200662 3 0.0
0.978007 0.774608 0.114151 18 4.3e-05
0.96492 0.071922 0.773458 8 0.0
0.064758 0.05442 0.188898 8 1.8e-05
0.081699 0.053672 0.189394 8 1.8e-05
0.064429 0.053227 0.198327 8 1.8e-05
0.047816 0.055167 0.188402 8 1.8e-05
0.065087 0.055612 0.179468 8 1.8e-05
0.966118 0.70128 0.915302 13 0.0
0.086178 0.053637 0.179409 8 0.0
0.109765 0.053248 0.178425 8 0.0
0.086669 0.052511 0.191624 8 0.0
0.062591 0.054027 0.180392 8 0.0
0.085687 0.054764 0.167193 8 0.0
0.965309 0.947165 0.230481 17 0.0
0.022065 0.473193 0.025106 4 0.392439
0.984528 0.100515 0.754119 12 0.0
0.01903 0.134022 0.204071 4 0.0788
0.01902 0.602861 0.169611 4 0.0
0.967711 0.93873 0.454905 17 5e-05
0.970537 0.249033 0.963752 11 1.4e-05
0.971467 0.941853 0.434721 17 0.0
0.967723 0.945826 0.719142 17 0.0
0.987253 0.888133 0.58629 12 0.0
0.974071 0.948645 0.318163 17 0.0
0.220617 0.232135 0.46615 2 0.0
0.017566 0.826144 0.210516 4 0.001719
0.025044 0.533331 0.210593 3 0.124859
0.773943 0.950946 0.089642 17 0.030727
0.972198 0.729974 0.908535 13 0.0
0.019666 0.052577 0.21276 3 1.0
0.022245 0.054554 0.212535 3 1.0
0.020041 0.052357 0.215115 3 1.0
0.017088 0.050601 0.212985 3 1.0
0.019291 0.052798 0.210405 3 1.0
0.968996 0.94783 0.965653 11 1.0
0.876718 0.090718 0.960259 11 3e-06
0.019697 0.443794 0.204587 4 0.01806
0.370348 0.058063 0.070357 9 0.0
0.050755 0.939122 0.214164 4 0.999493
0.050219 0.940888 0.213995 4 0.999493
0.053454 0.939904 0.213764 4 0.999493
0.051292 0.937357 0.214333 4 0.999493
0.048057 0.938341 0.214564 4 0.999493
0.498618 0.085219 0.651531 6 0.032595
0.498297 0.098157 0.650936 6 0.032595
0.504774 0.086297 0.671653 6 0.032595
0.49894 0.07228 0.652127 6 0.032595
0.492463 0.08414 0.63141 6 0.032595
0.966128 0.936462 0.963666 11 0.297363
0.964612 0.939991 0.963736 11 0.297363
0.959982 0.933766 0.966431 11 0.297363
0.967645 0.932933 0.963596 11 0.297363
0.972275 0.939158 0.960901 11 0.297363
0.032731 0.050521 0.091584 8 0.021042
0.020054 0.802424 0.003737 4 0.998068
0.771172 0.94866 0.896963 17 8.6e-05
0.776108 0.948327 0.928821 17 8.6e-05
0.759717 0.948983 0.898742 17 8.6e-05
0.766236 0.948994 0.865106 17 8.6e-05
0.782628 0.948338 0.895185 17 8.6e-05
0.980166 0.948275 0.230459 17 0.986361
0.705637 0.939214 0.703615 16 0.965559
0.985703 0.926029 0.77336 13 0.0
0.983405 0.054317 0.165936 18 1.0
0.977973 0.948149 0.834917 17 0.612654
0.756363 0.059506 0.974897 11 0.997444
0.756968 0.06188 0.974528 11 0.997444
0.751469 0.060354 0.972331 11 0.997444
0.755758 0.057131 0.975265 11 0.997444
0.761257 0.058657 0.977463 11 0.997444
0.053548 0.167916 0.006423 10 0.0
0.067175 0.167683 0.007687 10 0.0
0.054273 0.206748 0.005754 10 0.0
0.039921 0.168148 0.00516 10 0.0
0.052824 0.129084 0.007093 10 0.0
0.929997 0.944455 0.680513 17 0.0
0.985019 0.09526 0.677078 12 0.0
0.38392 0.064499 0.069672 9 0.974373
0.132872 0.590661 0.009925 5 0.0
0.167935 0.593893 0.012531 5 0.0
0.143003 0.47943 0.011577 5 0.0
0.097809 0.587429 0.007319 5 0.0
0.122742 0.701892 0.008273 5 0.0
0.177857 0.142759 0.215695 3 0.994869
0.03406 0.754819 0.216742 3 0.000361
0.465418 0.056919 0.473889 7 0.999373
0.046378 0.489236 0.219078 3 0.0
0.967387 0.944389 0.508345 17 0.0
0.958028 0.441685 0.965591 11 0.006594
0.016709 0.073093 0.006771 4 1.0
0.970126 0.937047 0.486882 17 1e-06
0.01694 0.339145 0.172248 4 0.0
0.293216 0.95084 0.048947 17 0.006695
0.783926 0.164522 0.98918 11 1e-06
0.968469 0.552795 0.963319 11 0.0
0.208345 0.34761 0.46545 2 0.0
0.543968 0.140727 0.039619 10 0.0
0.972573 0.946953 0.371822 17 0.0
0.983378 0.430718 0.138163 12 0.0
0.177861 0.52919 0.430893 1 0.0
0.972776 0.921296 0.963834 11 8e-06
0.971425 0.932244 0.962179 11 8e-06
0.976802 0.921766 0.963653 11 8e-06
0.974127 0.910348 0.965489 11 8e-06
0.968749 0.920827 0.964015 11 8e-06
0.963958 0.736192 0.914437 13 0.0
0.979252 0.130883 0.937929 12 0.0
0.979708 0.15698 0.939331 12 0.0
0.97875 0.130359 0.947852 12 0.0
0.978797 0.104787 0.936527 12 0.0
0.979755 0.131408 0.928005 12 0.0
0.019825 0.779778 0.198735 4 0.0
0.01846 0.876857 0.195764 4 0.0
0.979239 0.299142 0.950684 13 0.0
0.080086 0.409836 0.217829 3 0.0
0.984654 0.464301 0.869711 12 0.0
0.646998 0.126954 0.046345 10 0.0
0.945087 0.429581 0.968482 11 0.0
0.970692 0.122787 0.964209 11 2.9e-05
0.025355 0.768076 0.213807 3 0.094701
0.940189 0.240919 0.968045 11 0.001195
0.70918 0.069038 0.708049 14 0.999857
0.707689 0.076009 0.711248 14 0.999857
0.709753 0.065716 0.715557 14 0.999857
0.71067 0.062067 0.704851 14 0.999857
0.708606 0.07236 0.700542 14 0.999857
0.502946 0.063709 0.671547 7 0.62795
0.502702 0.069731 0.671033 7 0.62795
0.507191 0.065001 0.68466 7 0.62795
0.503191 0.057687 0.672061 7 0.62795
0.498702 0.062417 0.658434 7 0.62795
0.647626 0.060416 0.702332 15 0.96885
0.017784 0.051531 0.079649 4 0.999555
0.865199 0.098939 0.978571 11 0.0
0.867952 0.11472 0.977985 11 0.0
0.901715 0.092379 0.973406 11 0.0
0.862447 0.083158 0.979156 11 0.0
0.828684 0.1055 0.983735 11 0.0
0.019553 0.074859 0.192837 4 0.757343
0.021821 0.08334 0.191154 4 0.757343
0.020878 0.076116 0.200955 4 0.757343
0.017286 0.066377 0.194521 4 0.757343
0.018229 0.073601 0.18472 4 0.757343
0.869692 0.055713 0.978205 11 2.1e-05
0.984616 0.077336 0.368571 12 0.0
0.176037 0.118823 0.219432 1 0.994535
0.306832 0.066489 0.466944 2 0.000238
0.506924 0.10701 0.685532 7 0.004924
0.507238 0.126568 0.683842 7 0.004924
0.508418 0.107684 0.693611 7 0.004924
0.506611 0.087451 0.687222 7 0.004924
0.505431 0.106336 0.677453 7 0.004924
0.945473 0.918747 0.967982 11 0.0
0.933562 0.911377 0.968372 11 0.0
0.940515 0.926803 0.968782 11 0.0
0.957385 0.926116 0.967592 11 0.0
0.950432 0.91069 0.967182 11 0.0
0.193934 0.948039 0.306851 17 3e-06
0.04201 0.319173 0.219258 3 0.0
0.977229 0.070974 0.372543 12 0.0
0.199571 0.082996 0.213685 3 0.999983
0.980438 0.069138 0.884992 13 0.0
0.980581 0.077138 0.885426 13 0.0
0.979612 0.067743 0.910951 13 0.0
0.980295 0.061138 0.884557 13 0.0
0.981264 0.070533 0.859033 13 0.0
0.972567 0.938233 0.730951 17 0.0
0.967345 0.924339 0.51187 17 3e-06
0.961321 0.946937 0.482894 17 0.0
0.964957 0.376638 0.964422 11 1e-06
0.016619 0.057797 0.063298 4 0.989288
0.039491 0.940245 0.213435 3 0.40681
0.038618 0.944354 0.212179 3 0.40681
0.048252 0.942402 0.214406 3 0.40681
0.040363 0.936136 0.214691 3 0.40681
0.030729 0.938088 0.212464 3 0.40681
0.977251 0.742681 0.963906 11 2e-06
0.026709 0.426346 0.050123 4 0.978269
0.503882 0.797741 0.681345 6 0.004622
0.976337 0.548382 0.958522 11 0.0
0.475378 0.913578 0.148705 17 1.0
0.27326 0.570155 0.470887 2 0.0
0.018767 0.177083 0.193728 4 0.0
0.018435 0.871784 0.202298 4 0.995806
0.286439 0.334734 0.469545 2 0.0
0.285062 0.419999 0.468142 2 0.0
0.321397 0.33532 0.470818 2 0.0
0.287816 0.24947 0.470949 2 0.0
0.251481 0.334149 0.468272 2 0.0
0.982903 0.948733 0.962392 17 0.996132
0.9842 0.950475 0.962166 17 0.996132
0.982709 0.949362 0.966114 17 0.996132
0.981607 0.946992 0.962618 17 0.996132
0.983098 0.948105 0.95867 17 0.996132
0.968649 0.943968 0.389035 17 0.0
0.020466 0.795974 0.003229 4 0.999999
0.960197 0.450723 0.945811 12 0.995744
0.982636 0.925158 0.96473 11 1.0
0.881757 0.625077 0.97968 11 0.0
0.983985 0.463396 0.886675 12 0.0
0.933605 0.946795 0.62608 17 0.0
0.171426 0.557891 0.21417 3 0.999998
0.982622 0.882284 0.966097 11 1.0
0.963343 0.620033 0.952067 13 0.000924
0.484273 0.505355 0.595994 6 1e-05
0.481347 0.59312 0.581526 6 1e-05
0.49019 0.511253 0.630576 6 1e-05
0.487198 0.417591 0.610462 6 1e-05
0.478355 0.499457 0.561412 6 1e-05
0.016056 0.568269 0.051223 4 0.0
0.018724 0.264792 0.019474 4 0.000699
0.184816 0.056847 0.239074 8 0.999956
0.959671 0.941698 0.963519 11 0.992449
0.960887 0.944142 0.962525 11 0.992449
0.956052 0.943849 0.964377 11 0.992449
0.958454 0.939255 0.964513 11 0.992449
0.963289 0.939548 0.962661 11 0.992449
0.0324 0.054364 0.161714 8 1e-06
0.026184 0.053204 0.161458 8 1e-06
0.031873 0.053236 0.179583 8 1e-06
0.038617 0.055523 0.161971 8 1e-06
0.032927 0.055492 0.143846 8 1e-06
0.019577 0.941051 0.100827 4 3.9e-05
0.247508 0.95157 0.207985 17 6.6e-05
0.224107 0.951052 0.207417 17 6.6e-05
0.246112 0.951216 0.265763 17 6.6e-05
0.27091 0.952089 0.208554 17 6.6e-05
0.248904 0.951925 0.150208 17 6.6e-05
0.020558 0.819388 0.208826 4 0.995173
0.97164 0.942439 0.733035 17 0.0
0.031093 0.752176 0.216794 3 0.009049
0.977498 0.590633 0.90028 12 0.0
0.807818 0.202028 0.987297 11 0.0
0.824445 0.198773 0.984117 11 0.0
0.816944 0.250516 0.985381 11 0.0
0.791191 0.205283 0.990478 11 0.0
0.798692 0.153541 0.989213 11 0.0
0.984915 0.301571 0.114431 18 2e-06
0.019386 0.212051 0.01791 4 1.0
0.021025 0.798779 0.218446 4 0.999999
0.516112 0.897678 0.08344 5 0.0
0.962291 0.790373 0.965424 11 0.0
0.01971 0.299173 0.04125 4 1.0
0.984882 0.902935 0.687588 12 0.0
0.49424 0.05437 0.616698 7 0.680309
0.963444 0.208183 0.956977 11 0.999741
0.985371 0.90333 0.688103 12 0.0
0.530411 0.054385 0.69811 15 2.1e-05
0.538215 0.056334 0.697323 15 2.1e-05
0.530969 0.053478 0.701399 15 2.1e-05
0.522606 0.052436 0.698896 15 2.1e-05
0.529852 0.055293 0.694821 15 2.1e-05
0.923712 0.178239 0.970254 11 0.0
0.919176 0.218826 0.972055 11 0.0
0.905736 0.176117 0.972802 11 0.0
0.928248 0.137653 0.968453 11 0.0
0.941688 0.180361 0.967706 11 0.0
0.069707 0.915936 0.216425 3 0.0
0.087406 0.914372 0.216705 3 0.0
0.068651 0.904062 0.216856 3 0.0
0.052008 0.9175 0.216144 3 0.0
0.070763 0.927811 0.215994 3 0.0
0.966247 0.077459 0.964611 11 3e-06
0.972076 0.078461 0.964064 11 3e-06
0.968022 0.067697 0.965642 11 3e-06
0.960418 0.076457 0.965157 11 3e-06
0.964472 0.087221 0.96358 11 3e-06
0.982657 0.088792 0.966586 11 1.0
0.187853 0.895337 0.207632 3 0.999999
0.50192 0.145245 0.66432 7 0.0
0.500924 0.177393 0.665165 7 0.0
0.505393 0.144967 0.678976 7 0.0
0.502917 0.113097 0.663475 7 0.0
0.498448 0.145522 0.649664 7 0.0
0.176436 0.886332 0.451519 1 0.000272
0.176641 0.872124 0.433138 1 1.3e-05
0.176826 0.897497 0.432334 1 1.3e-05
0.176445 0.872469 0.443949 1 1.3e-05
0.176456 0.846752 0.433943 1 1.3e-05
0.176836 0.87178 0.422327 1 1.3e-05
0.764212 0.813673 0.993368 11 0.99998
0.756497 0.816985 0.991787 11 0.99998
0.759336 0.80231 0.993358 11 0.99998
0.771927 0.810361 0.99495 11 0.99998
0.769088 0.825036 0.993378 11 0.99998
0.977628 0.131075 0.772451 12 0.0
0.978591 0.158426 0.77314 12 0.0
0.977021 0.12959 0.832273 12 0.0
0.976664 0.103723 0.771763 12 0.0
0.978235 0.132559 0.712629 12 0.0
0.963871 0.075433 0.772169 8 8e-06
0.032985 0.708543 0.216717 3 0.0
0.209838 0.913494 0.171004 17 0.999971
0.197222 0.913985 0.173014 17 0.999971
0.213303 0.90739 0.19425 17 0.999971
0.222453 0.913002 0.168994 17 0.999971
0.206373 0.919598 0.147759 17 0.999971
0.957372 0.576166 0.969738 11 0.0
0.026709 0.477824 0.207998 3 0.999985
0.984716 0.326899 0.115485 18 0.0
0.47102 0.052823 0.520944 7 0.999956
0.018186 0.381444 0.197246 4 0.999273
0.968911 0.931352 0.496871 17 0.002538
0.021486 0.56734 0.208311 3 0.848339
0.971435 0.9348 0.536116 17 0.97058
0.235956 0.627006 0.472604 2 0.0
0.960579 0.796415 0.956064 11 0.0
0.01703 0.712666 0.008441 4 0.998735
0.926251 0.104393 0.971276 11 0.0
0.917638 0.12056 0.972142 11 0.0
0.910065 0.095673 0.973074 11 0.0
0.934864 0.088226 0.97041 11 0.0
0.942437 0.113112 0.969478 11 0.0
0.040097 0.948376 0.195356 17 0.030943
0.049275 0.947975 0.19488 17 0.030943
0.040554 0.949213 0.203474 17 0.030943
0.030919 0.948776 0.195832 17 0.030943
0.039639 0.947539 0.187237 17 0.030943
0.987022 0.103956 0.324514 12 0.0
0.509724 0.950885 0.65513 17 0.998899
0.750871 0.950715 0.751833 17 0.048367
0.982843 0.060743 0.770434 12 0.0
0.97693 0.074877 0.393919 12 0.0
0.455931 0.058928 0.45446 7 0.999913
0.985105 0.853347 0.123659 18 2e-06
0.981231 0.868739 0.123096 18 2e-06
0.987124 0.854394 0.138351 18 2e-06
0.988979 0.837956 0.124223 18 2e-06
0.983086 0.852301 0.108967 18 2e-06
0.580281 0.927547 0.081218 17 0.001589
0.015236 0.048642 0.135946 4 1.0
0.967819 0.947596 0.220737 17 0.0
0.179255 0.427785 0.444084 1 0.0
0.975827 0.946255 0.41219 17 0.0
0.977092 0.942621 0.785414 17 0.0
0.874997 0.051102 0.075093 8 0.350309
0.793747 0.684901 0.991829 11 0.0
0.978769 0.920272 0.959276 11 0.0
0.974472 0.288874 0.95814 11 0.0
0.955386 0.942725 0.684852 17 0.0
0.183143 0.333167 0.407845 1 0.0
0.933914 0.145608 0.948748 11 0.0
0.927454 0.175495 0.945461 11 0.0
0.919948 0.142957 0.952086 11 0.0
0.940374 0.115721 0.952035 11 0.0
0.94788 0.148259 0.94541 11 0.0
0.178601 0.366898 0.439728 1 0.0
0.242388 0.356103 0.468206 2 0.0
0.958181 0.945602 0.597222 17 0.0
0.01672 0.319491 0.035933 4 0.0
0.777639 0.074674 0.989702 11 0.0
0.782394 0.082375 0.987671 11 0.0
0.769914 0.079553 0.990116 11 0.0
0.772883 0.066974 0.991732 11 0.0
0.785363 0.069795 0.989287 11 0.0
0.179296 0.286155 0.448194 1 6.3e-05
0.984368 0.735725 0.108845 18 0.070226
0.022558 0.589132 0.037281 4 0.898119
0.016839 0.483526 0.120906 4 0.0
0.025256 0.788925 0.003211 4 0.96598
0.982235 0.052925 0.246928 8 0.123865
0.979247 0.081877 0.401614 12 0.0
0.981839 0.06604 0.830723 12 0.0
0.130551 0.052511 0.012812 9 1.0
0.976285 0.059551 0.46823 13 0.000267
0.727156 0.065258 0.679688 8 0.986085
0.827027 0.08561 0.068953 10 0.0
0.971592 0.471132 0.959605 11 0.0
0.95265 0.70019 0.966827 11 0.0
0.979768 0.946551 0.963431 11 1.0
0.978583 0.949635 0.96121 11 1.0
0.982075 0.946833 0.962591 11 1.0
0.980952 0.943467 0.965651 11 1.0
0.97746 0.946269 0.964271 11 1.0
0.984728 0.289076 0.116369 18 0.000482
0.970888 0.850928 0.964781 11 0.0
0.945443 0.941375 0.59407 17 0.0
0.87462 0.050583 0.073598 9 0.435995
0.974165 0.359506 0.950848 13 0.0
0.705379 0.930736 0.705331 16 0.999482
0.694976 0.924096 0.706176 16 0.999482
0.707732 0.927287 0.707191 16 0.999482
0.715782 0.937375 0.704485 16 0.999482
0.703027 0.934185 0.70347 16 0.999482
0.923382 0.721248 0.973816 11 0.0
0.956042 0.824956 0.968265 11 0.0
0.739473 0.952339 0.087676 17 1.0
0.971145 0.09384 0.37127 12 0.0
0.17932 0.501032 0.453599 1 0.0
0.177603 0.468278 0.436814 1 0.0
0.183459 0.947088 0.430832 1 0.012605
0.817322 0.053164 0.98314 8 0.83895
0.176939 0.92538 0.378015 1 5.4e-05
0.176196 0.933999 0.377484 1 5.4e-05
0.177203 0.927175 0.406794 1 5.4e-05
0.177682 0.91676 0.378546 1 5.4e-05
0.176675 0.923584 0.349236 1 5.4e-05
0.824816 0.0704 0.984723 11 0.000315
0.824464 0.078068 0.984222 11 0.000315
0.801169 0.069508 0.987704 11 0.000315
0.825168 0.062733 0.985223 11 0.000315
0.848462 0.071292 0.981741 11 0.000315
0.466839 0.07094 0.501655 7 0.139641
0.464949 0.077558 0.501312 7 0.139641
0.472667 0.073447 0.517917 7 0.139641
0.46873 0.064322 0.501998 7 0.139641
0.461012 0.068433 0.485392 7 0.139641
0.50049 0.10813 0.660329 7 2e-06
0.500496 0.127928 0.659974 7 2e-06
0.50495 0.108418 0.67644 7 2e-06
0.500484 0.088333 0.660684 7 2e-06
0.496029 0.107843 0.644218 7 2e-06
0.967254 0.940903 0.6821 17 0.0
0.974678 0.066354 0.562338 12 0.0
0.978546 0.09496 0.271498 12 0.0
0.016003 0.06353 0.027096 4 0.99999
0.020839 0.462977 0.175006 4 0.0
0.904091 0.933172 0.645781 17 0.0
0.880554 0.933805 0.652213 17 0.0
0.919193 0.923099 0.702042 17 0.0
0.927629 0.932539 0.63935 17 0.0
0.88899 0.943245 0.58952 17 0.0
0.788253 0.071548 0.984378 11 0.337458
0.792072 0.076315 0.983216 11 0.337458
0.780208 0.077342 0.981702 11 0.337458
0.784433 0.066781 0.98554 11 0.337458
0.796298 0.065754 0.987053 11 0.337458
0.80091 0.583157 0.99111 11 0.0
0.25274 0.949422 0.297253 17 1.3e-05
0.227548 0.948798 0.29661 17 1.3e-05
0.2514 0.947114 0.351957 17 1.3e-05
0.277932 0.950046 0.297896 17 1.3e-05
0.254079 0.951729 0.24255 17 1.3e-05
0.958842 0.048527 0.46508 8 8.7e-05
0.452779 0.068627 0.466333 6 0.697318
0.450566 0.076085 0.467362 6 0.697318
0.456868 0.067682 0.481984 6 0.697318
0.454992 0.061169 0.465304 6 0.697318
0.44869 0.069573 0.450682 6 0.697318
0.684359 0.940188 0.093948 17 0.001417
0.977849 0.068319 0.923035 13 0.0
0.975517 0.071698 0.937431 13 0.0
0.978686 0.062721 0.924484 13 0.0
0.980181 0.064939 0.908639 13 0.0
0.977013 0.073916 0.921586 13 0.0
0.400199 0.950123 0.075461 17 0.000111
0.959444 0.937958 0.531671 17 0.0
0.952106 0.945208 0.706711 17 0.0
0.025567 0.230891 0.21619 3 0.0
0.203469 0.92728 0.198979 17 0.999987
0.192117 0.932807 0.194999 17 0.999987
0.198236 0.922395 0.20712 17 0.999987
0.21482 0.921753 0.202958 17 0.999987
0.208701 0.932164 0.190837 17 0.999987
0.837692 0.94457 0.985904 11 1.0
0.022969 0.107236 0.028854 4 0.999982
0.895155 0.066766 0.976703 11 0.0
0.484452 0.345389 0.597242 6 0.0
0.486855 0.411257 0.609136 6 0.0
0.491378 0.338899 0.631786 6 0.0
0.48205 0.279521 0.585348 6 0.0
0.477527 0.351879 0.562698 6 0.0
0.036506 0.052581 0.057388 8 0.00047
0.028589 0.052631 0.058242 8 0.00047
0.038715 0.050551 0.077984 8 0.00047
0.044423 0.052531 0.056534 8 0.00047
0.034297 0.054612 0.036791 8 0.00047
0.828469 0.069903 0.983859 11 0.0
0.984182 0.078483 0.451043 12 0.0
0.01346 0.076695 0.045149 4 0.999999
0.189426 0.926313 0.155273 17 0.999558
0.183735 0.925221 0.162223 17 0.999558
0.208216 0.917973 0.169351 17 0.999558
0.195117 0.927405 0.148324 17 0.999558
0.170635 0.934653 0.141196 17 0.999558
0.946962 0.940005 0.479478 17 0.0
0.963666 0.207129 0.964429 11 2e-06
0.960518 0.44722 0.953411 11 0.0
0.029606 0.764495 0.218387 3 0.99999
0.501941 0.266013 0.670122 7 2.3e-05
0.974518 0.928921 0.945836 13 0.0
0.974844 0.934509 0.945033 13 0.0
0.972192 0.929928 0.951899 13 0.0
0.974192 0.923332 0.94664 13 0.0
0.976844 0.927913 0.939774 13 0.0
0.539618 0.071878 0.703039 15 1.1e-05
0.538397 0.079609 0.701947 15 1.1e-05
0.55061 0.07364 0.703221 15 1.1e-05
0.540839 0.064146 0.70413 15 1.1e-05
0.528626 0.070116 0.702857 15 1.1e-05
0.024982 0.327972 0.210405 3 0.999997
0.974773 0.369301 0.958719 13 0.001407
0.958946 0.920988 0.949349 11 0.0
0.964455 0.929575 0.949687 11 0.0
0.952489 0.925124 0.949507 11 0.0
0.953436 0.912401 0.949011 11 0.0
0.965402 0.916852 0.94919 11 0.0
0.979963 0.060065 0.900622 13 0.0
0.757856 0.209523 0.993423 11 0.002895
0.963014 0.945234 0.688343 17 0.0
0.037175 0.920895 0.205549 3 0.0
0.033764 0.931562 0.203346 3 0.0
0.030389 0.918743 0.205639 3 0.0
0.040586 0.910228 0.207752 3 0.0
0.043961 0.923046 0.205458 3 0.0
0.800104 0.424274 0.990428 11 0.0
0.978058 0.630294 0.962883 11 0.012907
0.978353 0.075686 0.952188 13 0.0
0.978097 0.075462 0.957403 13 0.0
0.978752 0.066225 0.951801 13 0.0
0.978608 0.075911 0.946972 13 0.0
0.977953 0.085148 0.952575 13 0.0
0.956851 0.939086 0.924817 17 0.0
0.96615 0.94124 0.923209 17 0.0
0.959223 0.939614 0.939242 17 0.0
0.947551 0.936933 0.926426 17 0.0
0.954478 0.938559 0.910392 17 0.0
0.793183 0.712537 0.989461 11 0.0
0.022028 0.623177 0.040649 4 1.0
0.159432 0.049226 0.016872 8 0.981397
0.969654 0.94195 0.350516 17 0.0
0.368565 0.951894 0.095825 17 0.000107
0.98037 0.157169 0.962289 11 0.99505
0.018821 0.395151 0.199752 4 0.0
0.474774 0.060307 0.549433 7 0.882529
0.862541 0.080273 0.976865 11 1.1e-05
0.979401 0.073769 0.51635 12 0.0
0.026223 0.622504 0.21185 3 0.999997
0.81369 0.049314 0.991019 11 1.0
0.744534 0.944496 0.940827 14 0.999999
0.985156 0.921775 0.716722 12 0.0
0.976324 0.928134 0.958157 17 1e-06
0.758364 0.078918 0.991679 11 0.351162
0.983755 0.314437 0.111611 18 0.0
0.035068 0.438425 0.053106 4 0.012815
0.259997 0.613396 0.470652 2 0.0
0.97241 0.946956 0.65313 17 0.0
0.982475 0.052033 0.955585 11 0.962812
0.969925 0.937334 0.531706 17 1e-06
0.758082 0.101805 0.993878 11 0.028232
0.016148 0.710421 0.212644 4 1.0
0.980506 0.072179 0.936995 13 0.0
0.980949 0.080712 0.936185 13 0.0
0.980252 0.073163 0.94721 13 0.0
0.980062 0.063646 0.937805 13 0.0
0.980759 0.071196 0.92678 13 0.0
0.982407 0.147496 0.964573 11 0.951944
0.013588 0.14522 0.040674 4 0.999997
0.019294 0.748659 0.188069 4 0.0
0.982602 0.064137 0.73042 12 0.0
0.954972 0.946486 0.96809 11 0.999995
0.561266 0.919064 0.062014 5 0.0
0.968661 0.049095 0.123766 8 0.330892
0.966214 0.049315 0.106387 8 0.330892
0.962309 0.049296 0.124663 8 0.330892
0.971107 0.048875 0.141144 8 0.330892
0.975013 0.048894 0.122869 8 0.330892
0.777765 0.043614 0.999369 11 1.0
0.015734 0.594275 0.211066 4 0.999528
0.979474 0.777629 0.949734 13 0.0
0.979695 0.447128 0.119439 18 0.0
0.966924 0.946753 0.553539 17 0.0
0.495363 0.161839 0.639743 7 0.0
0.496691 0.197929 0.646029 7 0.0
0.500359 0.157948 0.661027 7 0.0
0.494036 0.125748 0.633458 7 0.0
0.490368 0.165729 0.61846 7 0.0
0.967548 0.938789 0.53441 17 0.0
0.974465 0.935039 0.717116 17 4e-06
0.496346 0.337707 0.662521 6 1e-06
0.020259 0.763474 0.199778 4 0.0
0.228273 0.562498 0.438521 2 0.0
0.982944 0.948571 0.800795 17 1.0
0.036938 0.488346 0.064168 4 0.000178
0.956586 0.237215 0.964566 11 0.038432
0.935191 0.227582 0.969507 11 0.0
0.975358 0.579482 0.101192 18 0.0
0.530312 0.943985 0.080666 17 0.0
0.506493 0.465898 0.696137 7 0.999534
0.979161 0.138111 0.961296 11 0.879972
0.505505 0.061983 0.638939 7 0.999987
0.28605 0.062631 0.4662 2 0.998249
0.017355 0.743224 0.210258 4 0.942362
0.767593 0.208893 0.992401 11 0.0
0.985159 0.929433 0.570843 13 0.0
0.967252 0.734677 0.956992 11 0.0
0.916119 0.94408 0.633327 17 0.0
0.972696 0.946827 0.738365 17 6e-06
0.02023 0.851141 0.002009 4 0.861793
0.972174 0.410232 0.955806 13 2e-06
0.803843 0.064861 0.086175 8 0.000133
0.717331 0.084959 0.052503 10 0.0
0.739383 0.083544 0.057947 10 0.0
0.716514 0.075249 0.053286 10 0.0
0.695278 0.086374 0.047059 10 0.0
0.718147 0.094668 0.051719 10 0.0
0.983953 0.127111 0.966634 11 0.999998
0.922206 0.206651 0.970864 11 0.0
0.566424 0.067197 0.69944 15 0.000734
0.950203 0.210378 0.966864 11 0.0
0.298886 0.108706 0.470497 2 0.0
0.259918 0.102183 0.46841 2 0.0
0.295893 0.126329 0.471307 2 0.0
0.337855 0.115228 0.472584 2 0.0
0.301879 0.091082 0.469687 2 0.0
0.193774 0.09341 0.464505 2 0.0
0.194457 0.108435 0.465425 2 0.0
0.200911 0.093041 0.465245 2 0.0
0.193092 0.078385 0.463585 2 0.0
0.186637 0.09378 0.463764 2 0.0
0.019303 0.433578 0.192204 4 0.0
0.974205 0.059273 0.504792 13 0.0
0.982 0.115595 0.523946 12 0.0
0.464722 0.078318 0.494367 6 0.999973
0.467131 0.074541 0.494311 6 0.999973
0.465829 0.078841 0.506631 6 0.999973
0.462312 0.082094 0.494424 6 0.999973
0.463615 0.077794 0.482104 6 0.999973
0.020074 0.469918 0.198314 4 0.210702
0.985397 0.893335 0.443819 12 0.0
0.171601 0.931556 0.189634 1 6.4e-05
0.19341 0.947798 0.349889 17 1e-06
0.015279 0.600231 0.210664 4 0.999915
0.981723 0.056058 0.551206 8 0.0
0.176279 0.053294 0.457784 1 1.0
0.175483 0.055595 0.45635 1 1.0
0.174577 0.05437 0.460456 1 1.0
0.177076 0.050992 0.459218 1 1.0
0.177982 0.052217 0.455111 1 1.0
0.937986 0.939252 0.661954 17 0.0
0.795065 0.401564 0.991305 11 0.0
0.971071 0.314226 0.962057 11 0.995246
0.024673 0.671582 0.185925 4 0.000306
0.983967 0.936843 0.396079 17 0.001231
0.978815 0.666394 0.934186 13 0.0
0.976106 0.249971 0.960928 11 0.914833
0.976032 0.567594 0.956345 11 2e-06
0.224988 0.051565 0.027333 8 0.991302
0.235996 0.626955 0.472695 2 0.0
0.188465 0.546277 0.467356 2 0.0
0.300084 0.915493 0.085636 17 1e-06
0.017909 0.94742 0.017122 4 0.999451
0.017909 0.947421 0.017122 4 0.999451
0.017909 0.94742 0.017123 4 0.999451
0.017909 0.94742 0.017122 4 0.999451
0.017909 0.94742 0.017121 4 0.999451
0.94485 0.287649 0.87681 12 0.0
0.953291 0.359618 0.864638 12 0.0
0.943308 0.292218 0.902756 12 0.0
0.936408 0.21568 0.888983 12 0.0
0.946391 0.28308 0.850864 12 0.0
0.031661 0.522449 0.219616 3 0.0
0.767274 0.349427 0.993396 11 0.0
0.978492 0.059092 0.900406 13 0.0
0.978818 0.943832 0.202421 17 0.999233
0.50877 0.171553 0.692328 6 0.0
0.490889 0.198368 0.620823 6 0.0
0.49178 0.245729 0.625442 6 0.0
0.497261 0.195572 0.648259 6 0.0
0.489998 0.151006 0.616205 6 0.0
0.484517 0.201163 0.593387 6 0.0
0.975511 0.934478 0.386383 17 0.226014
0.871561 0.055385 0.967873 8 0.000227
0.555217 0.117606 0.70186 15 0.000672
0.555636 0.139906 0.701287 15 0.000672
0.570846 0.117312 0.701847 15 0.000672
0.554799 0.095306 0.702432 15 0.000672
0.539589 0.1179 0.701873 15 0.000672
0.021659 0.273402 0.206091 4 1.0
0.240944 0.135939 0.014999 10 0.0
0.310243 0.140148 0.017715 10 0.0
0.239373 0.16281 0.013449 10 0.0
0.171645 0.131731 0.012283 10 0.0
0.242515 0.109068 0.016549 10 0.0
0.775692 0.439652 0.995257 11 0.0
0.765737 0.851154 0.994334 11 0.0
0.973031 0.453955 0.945963 13 3.8e-05
0.974108 0.479205 0.947601 13 0.0
0.241887 0.556554 0.471047 2 0.0
0.940252 0.693831 0.945215 11 0.0
0.949929 0.76812 0.945684 11 0.0
0.975621 0.95231 0.965619 11 1.0
0.975919 0.95177 0.967359 11 1.0
0.970965 0.952426 0.966452 11 1.0
0.975323 0.952849 0.963879 11 1.0
0.980276 0.952194 0.964786 11 1.0
0.017382 0.222529 0.009122 4 0.999989
0.974591 0.063122 0.950671 13 0.000211
0.973127 0.063649 0.955779 13 0.000211
0.977109 0.058307 0.95189 13 0.000211
0.976055 0.062594 0.945563 13 0.000211
0.972072 0.067936 0.949452 13 0.000211
0.486197 0.26147 0.602108 7 0.0
0.488854 0.328467 0.616052 7 0.0
0.492873 0.254719 0.633273 7 0.0
0.48354 0.194473 0.588164 7 0.0
0.479522 0.268221 0.570942 7 0.0
0.735265 0.050327 0.723093 8 0.999619
0.739634 0.050157 0.722937 8 0.999619
0.735607 0.046915 0.736354 8 0.999619
0.730897 0.050497 0.723249 8 0.999619
0.734924 0.05374 0.709832 8 0.999619
0.940264 0.550252 0.950782 11 0.0
0.975678 0.578969 0.949228 13 1.4e-05
0.73684 0.950323 0.891728 14 1.0
0.51927 0.058044 0.704601 15 0.993758
0.523363 0.059366 0.703435 15 0.993758
0.520584 0.054359 0.705039 15 0.993758
0.515176 0.056722 0.705766 15 0.993758
0.517955 0.061728 0.704162 15 0.993758
0.975819 0.12546 0.962299 11 1.0
0.018332 0.856892 0.181543 4 0.0
0.017688 0.886351 0.184872 4 0.0
0.017862 0.855595 0.192928 4 0.0
0.018975 0.827433 0.178214 4 0.0
0.018802 0.858189 0.170157 4 0.0
0.0189 0.152175 0.212767 4 1.0
0.01944 0.7161 0.19464 4 0.0
0.039302 0.29515 0.05033 4 0.999987
0.203165 0.71884 0.470773 2 0.0
0.176913 0.121049 0.414431 1 0.0
0.177154 0.122276 0.432365 1 0.0
0.177323 0.097326 0.416049 1 0.0
0.176672 0.119821 0.396497 1 0.0
0.176503 0.144772 0.412813 1 0.0
0.470881 0.073067 0.491707 6 0.999999
0.899495 0.061388 0.972694 11 0.816005
0.984194 0.109179 0.803878 12 0.0
0.984745 0.129037 0.804831 12 0.0
0.982917 0.106802 0.854168 12 0.0
0.983643 0.089322 0.802926 12 0.0
0.985472 0.111556 0.753589 12 0.0
0.088926 0.712486 0.00909 5 0.0
0.178234 0.408254 0.450097 1 0.0
0.179039 0.126664 0.221003 1 0.999991
0.178057 0.128562 0.210461 1 0.999991
0.176894 0.14771 0.224993 1 0.999991
0.180021 0.124765 0.231546 1 0.999991
0.181184 0.105618 0.217013 1 0.999991
0.028939 0.565916 0.193026 4 2e-06
0.025692 0.343889 0.212624 4 1.0
0.961586 0.615176 0.95712 11 0.0
0.937784 0.901054 0.808569 17 1e-06
0.028854 0.150123 0.221186 3 1.0
0.634116 0.051197 0.104834 8 0.0
0.79676 0.082723 0.062683 10 0.0
0.452945 0.902314 0.042737 5 0.0
0.236384 0.05596 0.036406 8 1.0
0.976106 0.389399 0.962443 11 0.999709
0.981539 0.098151 0.965851 11 1.0
0.987106 0.098529 0.273781 12 0.0
0.853671 0.948453 0.077305 17 1.0
0.016321 0.869251 0.003357 4 0.999874
0.017401 0.188801 0.002066 4 1.0
0.025246 0.432736 0.214266 3 0.999989
0.640527 0.134486 0.04612 10 0.0
0.972416 0.942277 0.606238 17 0.0
0.259659 0.94282 0.050092 17 8.8e-05
0.015441 0.183481 0.212238 4 1.0
0.972533 0.384654 0.949596 13 0.000162
0.974335 0.513489 0.944145 13 0.0
0.179317 0.607602 0.433579 1 0.0
0.982723 0.202251 0.965118 11 0.999994
0.982626 0.064629 0.435252 12 0.0
0.070126 0.798434 0.005921 5 0.0
0.062626 0.846708 0.005536 5 0.0
0.086272 0.800957 0.007636 5 0.0
0.077627 0.750161 0.006306 5 0.0
0.053981 0.795912 0.004206 5 0.0
0.751242 0.78574 0.986349 14 0.941429
0.944198 0.939135 0.108984 17 0.014689
0.93137 0.935453 0.116769 17 0.014689
0.947407 0.938633 0.114037 17 0.014689
0.957025 0.942816 0.1012 17 0.014689
0.940988 0.939637 0.103932 17 0.014689
0.866114 0.09019 0.976892 11 0.0
0.902414 0.088061 0.971751 11 0.0
0.865568 0.077385 0.97833 11 0.0
0.829815 0.092318 0.982033 11 0.0
0.866661 0.102994 0.975453 11 0.0
0.836504 0.938945 0.988336 11 0.999992
0.956856 0.502465 0.954257 11 1e-06
0.009013 0.651784 0.055422 4 1.0
0.951039 0.804681 0.951694 11 0.0
0.984357 0.747332 0.103701 18 0.999181
0.014645 0.057825 0.049592 4 0.999999
0.014095 0.250151 0.211733 4 1.0
0.971925 0.659017 0.938897 13 0.0
0.025705 0.352091 0.217077 3 2.5e-05
0.019484 0.497974 0.0173 4 1.0
0.19299 0.808769 0.469565 2 0.0
0.020748 0.18368 0.017735 4 1.0
0.286024 0.062556 0.441188 9 0.0
0.224346 0.192473 0.203271 1 0.002405
0.212243 0.202842 0.14734 1 0.002405
0.228764 0.214996 0.20649 1 0.002405
0.236449 0.182104 0.259202 1 0.002405
0.219928 0.16995 0.200052 1 0.002405
0.96351 0.944434 0.690776 17 0.0
0.986145 0.085594 0.389133 12 0.0
0.021016 0.518596 0.216329 3 0.999825
0.018413 0.196146 0.211071 4 0.998253
0.014917 0.052763 0.054592 4 1.0
0.017662 0.591268 0.212349 4 1.0
0.207151 0.052599 0.021131 9 1.0
0.027588 0.572969 0.21492 3 0.005849
0.957654 0.844374 0.967405 11 0.0
0.201597 0.610641 0.469771 2 0.0
0.961847 0.69428 0.966699 11 0.0
0.975082 0.945135 0.512531 17 0.0
0.975555 0.255699 0.95915 11 0.757244
0.027281 0.177061 0.215023 3 0.001311
0.205985 0.188462 0.466303 2 0.0
0.982702 0.931461 0.67708 13 0.0
0.984329 0.925509 0.579096 13 0.0
0.474582 0.06893 0.485612 7 0.999995
0.962718 0.097692 0.965341 11 0.005979
0.960129 0.114376 0.965556 11 0.005979
0.956171 0.096667 0.966062 11 0.005979
0.965308 0.081008 0.965126 11 0.005979
0.969265 0.098718 0.964619 11 0.005979
0.984336 0.06752 0.246002 12 0.0
0.08777 0.950804 0.210666 3 0.996994
0.864626 0.950143 0.964411 17 0.015067
0.975105 0.943999 0.605944 17 0.0
0.974255 0.075136 0.408522 12 0.0
0.239574 0.093287 0.013368 10 0.0
0.01505 0.13558 0.00717 4 1.0
0.973833 0.946293 0.348379 17 0.0
0.015411 0.302925 0.211798 4 1.0
0.974445 0.812266 0.949466 13 0.0
0.955436 0.946856 0.481464 17 0.0
0.928115 0.901144 0.782741 17 0.0
0.974922 0.254041 0.958253 11 0.001188
0.979617 0.938251 0.965169 11 0.999999
0.979207 0.944934 0.964778 11 0.999999
0.982483 0.938468 0.965879 11 0.999999
0.980027 0.931567 0.965559 11 0.999999
0.976752 0.938033 0.964458 11 0.999999
0.978417 0.691584 0.964199 11 0.999995
0.882667 0.049546 0.07633 9 0.435709
0.715418 0.948415 0.747398 14 0.999999
0.017078 0.688307 0.210272 3 1.0
0.625637 0.067255 0.696952 15 0.999999
0.186705 0.221661 0.217376 1 0.999999
0.964458 0.690424 0.91285 12 0.0
0.034903 0.366876 0.04558 4 0.007283
0.945895 0.460632 0.965961 11 0.0
0.982245 0.070388 0.532094 12 0.0
0.952415 0.604519 0.952175 11 0.0
0.018927 0.052168 0.037224 4 0.999998
0.951106 0.642169 0.9695 11 0.0
0.956578 0.639446 0.950622 11 0.0
0.86483 0.883581 0.978277 11 0.0
0.863399 0.905226 0.978193 11 0.0
0.827753 0.881149 0.983284 11 0.0
0.866261 0.861936 0.978361 11 0.0
0.901908 0.886013 0.97327 11 0.0
0.975983 0.24101 0.960344 11 0.06844
0.177524 0.553578 0.449501 1 1e-06
0.965062 0.813671 0.934689 11 0.0
0.978252 0.055028 0.373361 12 0.999994
0.972854 0.068812 0.462111 12 0.0
0.527761 0.076746 0.702615 15 0.001051
0.531313 0.086144 0.701754 15 0.001051
0.534004 0.074396 0.702713 15 0.001051
0.524209 0.067349 0.703475 15 0.001051
0.521518 0.079097 0.702517 15 0.001051
0.981775 0.048879 0.187828 8 1.0
0.036542 0.890477 0.185673 3 0.0
0.03487 0.909798 0.186372 3 0.0
0.030164 0.88957 0.195468 3 0.0
0.038215 0.871156 0.184973 3 0.0
0.042921 0.891384 0.175878 3 0.0
0.788882 0.387457 0.991667 11 0.0
0.028497 0.660257 0.214778 3 0.999998
0.982832 0.079192 0.83149 12 0.0
0.025875 0.799641 0.215933 3 0.999995
0.976795 0.945178 0.307199 17 0.0
0.976111 0.415076 0.114464 18 0.0
0.960317 0.947388 0.119689 17 0.999976
0.485308 0.05372 0.468594 8 0.99956
0.490181 0.051564 0.465316 8 0.99956
0.492234 0.051827 0.480134 8 0.99956
0.480435 0.055876 0.471873 8 0.99956
0.478382 0.055613 0.457054 8 0.99956
0.033979 0.592179 0.2162 3 0.0
0.922988 0.594549 0.97356 11 0.0
0.978395 0.064298 0.618267 12 0.0
0.731809 0.049633 0.844435 14 1.0
0.972915 0.948752 0.287091 17 0.0
0.015445 0.730859 0.212998 4 0.999998
0.96346 0.656728 0.962942 11 0.999959
0.964774 0.631219 0.962049 11 0.999993
0.978517 0.944154 0.386478 17 0.999998
0.215665 0.594177 0.470319 2 0.0
0.957151 0.941185 0.37661 17 0.0
0.174163 0.94297 0.042735 17 4e-06
0.495341 0.453123 0.661539 6 0.0
0.022458 0.566115 0.214682 3 0.79407
0.979168 0.143676 0.961087 11 1.0
0.849731 0.064366 0.981701 11 2e-06
0.095338 0.060908 0.213916 3 0.999827
0.813147 0.949089 0.962809 17 0.0
0.791312 0.949031 0.966339 17 0.0
0.814699 0.949603 0.97242 17 0.0
0.834982 0.949147 0.959279 17 0.0
0.811594 0.948574 0.953198 17 0.0
0.963866 0.940636 0.965551 11 0.975589
0.960586 0.940391 0.967277 11 0.975589
0.964124 0.938842 0.965788 11 0.975589
0.967145 0.94088 0.963826 11 0.975589
0.963608 0.942429 0.965315 11 0.975589
0.013631 0.165281 0.005561 4 1.0
0.020457 0.534878 0.016595 4 0.999801
0.983632 0.293325 0.111497 18 0.0
0.97409 0.755486 0.113325 18 0.0
0.866091 0.906617 0.977684 11 0.0
0.866282 0.921488 0.977462 11 0.0
0.828802 0.907162 0.982166 11 0.0
0.865901 0.891746 0.977907 11 0.0
0.90338 0.906072 0.973202 11 0.0
0.929532 0.944815 0.699456 17 0.0
0.973177 0.146211 0.964535 11 0.999999
0.018695 0.129453 0.209099 4 0.999999
0.015521 0.24013 0.211959 4 1.0
0.024212 0.468907 0.215386 3 0.999999
0.027736 0.497217 0.220458 3 0.999991
0.015371 0.439855 0.210504 4 0.998684
0.0215 0.256387 0.008082 4 0.999862
0.778538 0.515068 0.994704 11 0.0
0.966105 0.064335 0.771647 8 0.999997
0.736901 0.115228 0.052569 10 0.0
0.980862 0.059978 0.826068 12 0.0
0.186271 0.947849 0.019249 17 1.0
0.013469 0.091841 0.003153 4 1.0
0.986168 0.929526 0.151451 18 0.999996
0.022049 0.818515 0.004768 4 1.0
0.19796 0.604619 0.469891 2 0.0
0.306381 0.050419 0.050744 8 1.0
0.018107 0.943408 0.212892 3 0.999335
0.017595 0.948159 0.213623 3 0.999335
0.016603 0.94288 0.21527 3 0.999335
0.018618 0.938657 0.212162 3 0.999335
0.01961 0.943935 0.210515 3 0.999335
0.975306 0.491589 0.945521 13 0.0
0.01879 0.290923 0.213315 4 1.0
0.01503 0.871069 0.211156 4 0.999969
0.47608 0.049672 0.544792 7 1.0
0.97612 0.061236 0.742479 13 0.0
0.471767 0.063875 0.473094 7 0.000162
0.468009 0.055799 0.516692 7 0.98409
0.753458 0.296869 0.994495 11 0.0
0.025153 0.862885 0.211912 3 0.643946
0.019293 0.905337 0.20487 4 0.999999
0.020501 0.518784 0.209733 4 1.0
0.015501 0.653948 0.210535 4 1.0
0.975843 0.648039 0.94891 13 0.0
0.941515 0.65483 0.971099 11 0.0
0.977484 0.10672 0.958314 13 1e-06
0.189183 0.055363 0.217837 8 0.924152
0.028813 0.742657 0.21519 3 0.999998
0.98351 0.05848 0.805133 12 0.0
0.016095 0.053329 0.037436 4 1.0
0.129386 0.051028 0.215071 3 0.999999
0.01556 0.949825 0.077381 4 1.0
0.970823 0.942864 0.600759 17 0.000115
0.020608 0.684622 0.197708 4 1.7e-05
0.279044 0.950067 0.44371 17 0.000162
0.278914 0.051413 0.458473 8 0.999986
0.017866 0.772864 0.207709 4 0.0
0.019822 0.225758 0.216807 3 1.0
0.463684 0.864883 0.051146 5 0.0
0.471083 0.878648 0.052279 5 0.0
0.509389 0.840455 0.049455 5 0.0
0.456285 0.851119 0.050012 5 0.0
0.417979 0.889312 0.052837 5 0.0
0.488726 0.053861 0.590617 7 1.0
0.024627 0.791934 0.210224 3 0.353391
0.980497 0.105142 0.468017 12 0.0
0.977957 0.92023 0.964631 11 1.0
0.960278 0.723506 0.955129 11 0.0
0.029148 0.051987 0.015384 9 0.999994
0.970415 0.72481 0.960083 11 1e-06
0.016911 0.701936 0.210905 4 1.0
0.971308 0.938769 0.461424 17 0.0
0.168126 0.087197 0.22969 3 0.999126
0.963262 0.584068 0.968646 11 0.0
0.968707 0.485998 0.957893 11 5e-06
0.681453 0.056755 0.091024 8 1e-06
0.976538 0.057163 0.449448 13 1.0
0.326069 0.059081 0.051389 8 0.02894
0.954306 0.456741 0.967255 11 0.0
0.541255 0.061601 0.704188 15 1.0
0.050255 0.6985 0.004407 5 0.0
0.475607 0.054271 0.460873 9 0.009906
0.767113 0.341783 0.991712 11 0.0
0.196972 0.892929 0.46764 2 0.00033
0.196642 0.912149 0.466812 2 0.00033
0.188518 0.892737 0.466556 2 0.00033
0.197302 0.873708 0.468467 2 0.00033
0.205425 0.89312 0.468723 2 0.00033
0.577236 0.082871 0.104031 9 3e-06
0.533575 0.166028 0.703467 15 9.1e-05
0.751653 0.304932 0.99394 11 0.000127
0.02318 0.460829 0.211852 3 0.999997
0.920832 0.049413 0.081572 9 1.0
0.965285 0.549397 0.964183 11 0.0
0.716465 0.05867 0.081471 9 0.99711
0.970962 0.674491 0.962093 11 0.0
0.982935 0.947327 0.866271 17 0.911799
0.017347 0.728594 0.21214 4 0.99984
0.026643 0.74617 0.213644 3 0.999997
0.960479 0.734842 0.968387 11 0.0
0.175652 0.052845 0.016209 8 1.0
0.979779 0.072448 0.385237 12 0.0
0.798754 0.052379 0.987947 8 0.999999
0.541826 0.181391 0.702401 15 4e-06
0.477144 0.053817 0.51427 7 0.997567
0.473838 0.056645 0.516347 7 0.997567
0.483471 0.051252 0.527834 7 0.997567
0.480451 0.05099 0.512193 7 0.997567
0.470817 0.056383 0.500706 7 0.997567
0.972232 0.938348 0.711059 17 0.0
0.974252 0.482739 0.945905 13 8e-06
0.303525 0.061234 0.055061 8 0.999996
0.879431 0.122604 0.069571 10 0.0
0.912621 0.114078 0.074184 10 0.0
0.873844 0.100675 0.069242 10 0.0
0.84624 0.131129 0.064958 10 0.0
0.885018 0.144532 0.0699 10 0.0
0.252169 0.067767 0.05054 8 0.992701
0.186793 0.20391 0.461655 2 1e-06
0.395106 0.956356 0.084792 17 1.0
0.068329 0.049522 0.21292 9 0.999997
0.974665 0.064643 0.887871 13 0.0
0.978526 0.052159 0.158712 8 0.999998
0.760012 0.076452 0.992243 11 0.999991
0.981433 0.051282 0.964362 11 1.0
0.979771 0.052662 0.963085 11 1.0
0.98048 0.050806 0.965088 11 1.0
0.983094 0.049903 0.965639 11 1.0
0.982385 0.051758 0.963637 11 1.0
0.973743 0.053006 0.96761 11 0.999999
0.973393 0.055407 0.967247 11 0.999999
0.968379 0.052401 0.968782 11 0.999999
0.974093 0.050604 0.967974 11 0.999999
0.979107 0.05361 0.966438 11 0.999999
0.020683 0.869887 0.218346 4 0.999997
0.014564 0.067067 0.016587 4 1.0
0.728658 0.063781 0.781142 14 0.999278
0.18123 0.850558 0.205607 3 0.99971
0.489824 0.051936 0.604488 7 0.999698
0.966516 0.684808 0.9669 11 1e-06
0.975962 0.211367 0.95965 11 0.894803
0.969648 0.946077 0.39528 17 0.0
0.64035 0.944807 0.705662 16 0.999948
0.205604 0.938838 0.033973 17 0.999977
0.963367 0.313517 0.962057 11 0.222589
0.02193 0.888023 0.214052 3 0.84919
0.505811 0.051 0.681265 15 1.0
0.016661 0.573676 0.211343 4 0.999982
0.929986 0.949429 0.084532 17 1.0
0.961637 0.29077 0.965522 11 0.023844
0.522316 0.084488 0.435754 9 0.99999
0.966355 0.547186 0.964467 11 0.971798
0.198967 0.871041 0.19891 1 0.999996
0.980086 0.923317 0.962173 11 0.386212
0.222808 0.073125 0.177091 8 0.998641
0.248198 0.068667 0.189607 8 0.998641
0.218431 0.07343 0.186079 8 0.998641
0.197418 0.077582 0.164575 8 0.998641
0.227185 0.07282 0.168103 8 0.998641
0.51106 0.86381 0.706166 6 0.697352
0.594932 0.055009 0.704665 15 0.999999
0.983123 0.906807 0.96483 11 1.0
0.020683 0.640953 0.202253 4 0.000683
0.427344 0.058319 0.45901 8 1.0
0.575139 0.950355 0.681776 17 1e-06
0.551177 0.950151 0.682257 17 1e-06
0.575322 0.950666 0.69103 17 1e-06
0.599101 0.95056 0.681295 17 1e-06
0.574956 0.950045 0.672521 17 1e-06
0.987581 0.214237 0.966327 11 1.0
0.016399 0.738383 0.012833 4 0.970272
0.978947 0.071443 0.356873 12 0.0
0.9818 0.077136 0.787764 12 0.0
0.175899 0.055301 0.460589 1 0.999998
0.177502 0.058288 0.459735 1 0.999998
0.176138 0.055834 0.462901 1 0.999998
0.174296 0.052314 0.461443 1 0.999998
0.17566 0.054768 0.458277 1 0.999998
0.976451 0.793651 0.963831 11 7e-06
0.950534 0.932623 0.714565 17 0.0
0.568608 0.059421 0.703487 15 0.662016
0.020122 0.505412 0.207723 4 0.980304
0.95134 0.199013 0.963286 11 0.0
0.432721 0.161703 0.030022 10 0.0
0.218805 0.616976 0.469231 2 0.0
0.979419 0.062147 0.957949 13 0.000206
0.9787 0.067228 0.958339 13 0.000206
0.979404 0.061856 0.961713 13 0.000206
0.980138 0.057065 0.957558 13 0.000206
0.979434 0.062438 0.954184 13 0.000206
0.943891 0.942583 0.967264 11 0.998382
0.497111 0.238316 0.649561 7 0.0
0.673503 0.939881 0.704838 16 0.267229
0.964446 0.41686 0.947449 12 0.0
0.01557 0.172642 0.005584 4 1.0
0.977845 0.37857 0.9508 13 0.0
0.029414 0.685721 0.213986 3 0.999994
0.019787 0.550814 0.188919 4 0.810971
0.988777 0.706818 0.124986 18 1.0
0.970195 0.348989 0.947501 13 0.0
0.01712 0.874058 0.21052 4 1.0
0.972818 0.624537 0.101587 12 0.001507
0.94449 0.400044 0.944261 11 0.0
0.979587 0.217688 0.962217 11 1e-06
0.562408 0.934428 0.704852 16 0.004017
0.562721 0.940919 0.704246 16 0.004017
0.542675 0.93519 0.702814 16 0.004017
0.562094 0.927938 0.705457 16 0.004017
0.58214 0.933667 0.70689 16 0.004017
0.968572 0.563733 0.946547 11 0.000768
0.015638 0.723666 0.210424 4 0.999999
0.183661 0.593324 0.464365 2 0.000193
0.471387 0.071723 0.550208 6 1.0
0.422743 0.060334 0.457544 9 0.999995
0.192875 0.758138 0.463277 2 0.0
0.033971 0.65865 0.216069 3 0.958061
0.571158 0.076379 0.704552 15 0.999996
0.57294 0.075738 0.704564 15 0.999996
0.570479 0.074496 0.704653 15 0.999996
0.569375 0.077021 0.70454 15 0.999996
0.571836 0.078262 0.704451 15 0.999996
0.962834 0.07602 0.315919 9 0.999477
0.975941 0.888542 0.964334 11 1.0
0.184007 0.85429 0.205272 3 0.999956
0.51569 0.177291 0.703404 15 7e-06
0.933535 0.049779 0.084997 9 0.949275
0.974792 0.721186 0.938736 13 0.0
0.975646 0.254831 0.960572 11 0.995594
0.217542 0.394764 0.46757 2 0.0
0.015744 0.21665 0.005085 4 0.999999
0.984235 0.189041 0.966737 11 1.0
0.981648 0.432306 0.95129 13 0.999998
0.980914 0.888055 0.958756 11 1.0
0.771808 0.944431 0.993094 11 1.0
0.771551 0.948299 0.990833 11 1.0
0.761379 0.943628 0.992907 11 1.0
0.772066 0.940563 0.995354 11 1.0
0.782238 0.945235 0.99328 11 1.0
0.974452 0.47118 0.959731 11 0.995364
0.237502 0.054606 0.028773 8 1.0
0.202545 0.656442 0.465981 2 0.012005
0.503798 0.04875 0.08573 8 0.0
0.500445 0.536829 0.676741 6 0.0
0.026168 0.558364 0.213317 3 0.002546
0.705332 0.057378 0.698341 14 0.999998
0.16861 0.056312 0.21262 3 0.998015
0.162103 0.059295 0.212076 3 0.998015
0.168959 0.057642 0.215741 3 0.998015
0.175117 0.053329 0.213163 3 0.998015
0.168261 0.054982 0.209499 3 0.998015
0.979215 0.918031 0.962761 11 0.246919
0.018822 0.112961 0.215463 3 1.0
0.966287 0.653067 0.968493 11 0.0
0.0182 0.948803 0.159626 4 1.0
0.968313 0.288665 0.962613 11 0.989652
0.972208 0.234791 0.959422 11 0.0
0.760183 0.667375 0.9916 11 1.0
0.029158 0.574426 0.220576 3 0.999991
0.671345 0.06266 0.097892 9 0.0
0.969473 0.473306 0.101983 18 7.8e-05
0.983336 0.427895 0.101754 18 1.4e-05
0.560732 0.053085 0.136874 9 0.0
0.28754 0.052615 0.059753 8 0.001028
0.895793 0.046735 0.085301 8 1.0
0.851568 0.947557 0.076879 17 1.0
0.018273 0.9475 0.031455 4 0.999999
0.523689 0.163655 0.702631 15 2e-06
0.018426 0.674993 0.213839 3 0.999999
0.972477 0.716428 0.937049 13 0.0
0.980538 0.328404 0.963254 11 0.99998
0.766095 0.49741 0.992809 11 0.999999
0.021161 0.670485 0.023918 4 1.0
0.975033 0.295072 0.962341 11 1.0
0.693581 0.9432 0.702371 16 0.96804
0.981193 0.057692 0.488781 12 2e-06
0.426468 0.05909 0.454748 6 1.0
0.024267 0.629992 0.212391 3 0.999998
0.962265 0.751292 0.967526 11 2e-06
0.749162 0.049086 0.89069 8 0.011942
0.01723 0.710092 0.00782 4 1.0
0.767355 0.673307 0.995546 11 0.0
0.015351 0.086624 0.024372 4 0.999998
0.971624 0.701387 0.927262 13 0.0
0.970745 0.543327 0.947953 13 0.00015
0.77156 0.846405 0.99044 11 0.999999
0.777575 0.859472 0.990315 11 0.999999
0.765674 0.849098 0.988699 11 0.999999
0.765544 0.833338 0.990565 11 0.999999
0.777446 0.843712 0.992181 11 0.999999
0.969381 0.572878 0.961666 11 0.997741
0.257529 0.050982 0.025884 8 1.0
0.504768 0.539913 0.690618 7 0.0
0.625203 0.928868 0.706928 16 0.015675
0.017751 0.815821 0.211552 4 1.0
0.970474 0.332906 0.953928 13 1e-06
0.959779 0.947337 0.967248 11 0.999971
0.959108 0.295607 0.964499 11 0.007118
0.712536 0.057826 0.693702 8 0.999973
0.970708 0.541263 0.954208 13 0.000146
0.976522 0.210274 0.962715 11 0.009877
0.01992 0.150836 0.216535 3 1.0
0.018944 0.220398 0.21682 3 1.0
0.975885 0.530204 0.960028 11 0.999838
0.01989 0.400893 0.21498 3 0.999997
0.554421 0.058124 0.085745 9 7e-06
0.966918 0.435204 0.947211 13 2e-05
0.741692 0.066968 0.06262 10 0.0
0.019444 0.661197 0.02025 4 0.999982
0.977784 0.946356 0.237294 17 0.999966
0.967426 0.696621 0.967721 11 0.0
0.015939 0.866923 0.213462 4 1.0
0.479055 0.053243 0.573177 7 0.999883
0.506869 0.395602 0.696846 7 3e-06
0.489249 0.048108 0.61487 7 1.0
0.746801 0.296281 0.968731 14 1e-06
0.01714 0.312264 0.217494 3 1.0
0.175324 0.052748 0.211217 8 0.999994
0.97313 0.398885 0.094824 18 1.0
0.378135 0.05315 0.042197 8 1.0
0.971255 0.941799 0.716562 17 0.0
0.020814 0.232357 0.208203 4 1.0
0.020086 0.536612 0.01643 4 1.0
0.979854 0.721247 0.96307 11 1.0
0.016964 0.757185 0.210039 4 0.999995
0.979713 0.159222 0.961962 11 0.999982
0.974323 0.934936 0.31112 17 0.999999
0.704421 0.940791 0.702982 16 0.899591
0.982154 0.931515 0.965151 11 1.0
0.962864 0.637254 0.941956 13 0.000119
0.191484 0.062761 0.199323 9 0.999977
0.745413 0.95103 0.946426 14 1.0
0.079898 0.057659 0.213952 3 1.0
0.984411 0.497003 0.458466 12 0.0
0.985778 0.632205 0.505064 12 0.0
0.985035 0.462435 0.558744 12 0.0
0.983044 0.361801 0.411868 12 0.0
0.983786 0.531571 0.358188 12 0.0
0.288068 0.052028 0.073281 9 3e-06
0.212511 0.929223 0.034472 17 0.0
0.230112 0.050261 0.034675 8 0.032867
0.985514 0.579917 0.415148 12 0.0
0.984298 0.688723 0.462082 12 0.0
0.985819 0.54096 0.505469 12 0.0
0.98673 0.47111 0.368214 12 0.0
0.985209 0.618873 0.324826 12 0.0
0.392322 0.054649 0.120512 8 0.0
0.458655 0.055584 0.123857 8 0.0
0.390891 0.056251 0.14845 8 0.0
0.325989 0.053715 0.117168 8 0.0
0.393753 0.053047 0.092574 8 0.0
0.019794 0.30398 0.020153 4 1.0
0.183026 0.173885 0.461413 2 1e-05
0.683666 0.0656 0.696642 8 1.0
0.167983 0.049649 0.018861 8 0.644801
0.851722 0.057293 0.980429 11 0.999974
0.015716 0.057355 0.031651 4 0.999998
0.076721 0.050051 0.008948 8 0.999855
0.016549 0.451617 0.212702 4 0.994745
0.01662 0.525453 0.209958 4 0.996867
0.595987 0.053935 0.120848 8 6.5e-05
0.971574 0.33503 0.962887 11 0.181509
0.606769 0.050712 0.11529 8 0.0
0.492558 0.049478 0.064116 8 6e-06
0.754484 0.274223 0.989904 11 6e-06
0.494554 0.95171 0.086585 17 1.0
0.288734 0.050045 0.055156 8 1e-06
0.979035 0.060515 0.28465 12 0.0
0.027957 0.657529 0.217312 3 0.999989
0.014992 0.854886 0.212749 4 1.0
0.809718 0.94428 0.987248 11 0.999956
0.544415 0.930905 0.706195 16 0.034775
0.545268 0.93852 0.706012 16 0.034775
0.530901 0.932396 0.705182 16 0.034775
0.543561 0.92329 0.706377 16 0.034775
0.557929 0.929414 0.707207 16 0.034775
0.782027 0.640768 0.990143 11 1.0
0.978103 0.44094 0.957438 13 0.0
0.459889 0.575539 0.45966 2 1.0
0.016039 0.701272 0.211189 4 1.0
0.527492 0.941608 0.674067 6 0.0
0.520914 0.944171 0.678538 6 0.0
0.534562 0.940253 0.685245 6 0.0
0.534071 0.939045 0.669596 6 0.0
0.520423 0.942963 0.662888 6 0.0
0.681679 0.050712 0.099774 8 0.0
0.378307 0.047748 0.04319 8 1.0
0.959892 0.370146 0.962286 11 1e-06
0.463584 0.050323 0.09182 9 0.936007
0.513804 0.050507 0.097792 9 0.936007
0.461537 0.05131 0.109 9 0.936007
0.413364 0.05014 0.085848 9 0.936007
0.465631 0.049337 0.074639 9 0.936007
0.977173 0.948324 0.105087 17 1.0
0.981664 0.047289 0.120402 8 1.0
0.95829 0.651339 0.933824 12 0.0
0.017006 0.831903 0.211749 4 1.0
0.019788 0.069286 0.214512 3 1.0
0.019479 0.077832 0.217149 3 1.0
0.022571 0.068623 0.216988 3 1.0
0.020097 0.060741 0.211875 3 1.0
0.017005 0.06995 0.212037 3 1.0
0.536236 0.94291 0.703667 16 0.999731
0.536045 0.947082 0.69984 16 0.999731
0.522395 0.941241 0.70254 16 0.999731
0.536428 0.938739 0.707493 16 0.999731
0.550077 0.94458 0.704793 16 0.999731
0.769764 0.440136 0.989817 11 1.0
0.415082 0.951135 0.070069 17 1.0
0.019388 0.607904 0.017211 4 1.0
0.013834 0.215192 0.006026 4 1.0
0.964191 0.6369 0.966026 11 0.0
0.027665 0.80815 0.214646 3 0.999999
0.508772 0.130245 0.698201 7 0.014472
0.984374 0.8089 0.953146 12 1.0
0.177704 0.159413 0.454897 1 0.999988
0.019595 0.943608 0.043437 4 0.999869
0.017302 0.949941 0.059814 4 0.999998
0.517559 0.305885 0.704604 15 0.149787
0.960126 0.737383 0.964806 11 0.0
0.756487 0.599112 0.992235 11 1.0
0.024312 0.462305 0.211642 3 1.0
0.028039 0.530529 0.213341 3 1.0
0.331285 0.079375 0.020411 10 0.0
0.974367 0.783716 0.961899 11 1e-06
0.343256 0.058426 0.032695 8 1.0
0.298434 0.947638 0.054538 17 1.0
0.870969 0.050876 0.073145 9 1.0
0.95956 0.065531 0.965817 11 1e-05
0.960761 0.071135 0.964526 11 1e-05
0.951434 0.067482 0.966728 11 1e-05
0.95836 0.059928 0.967109 11 1e-05
0.967687 0.063581 0.964907 11 1e-05
0.69032 0.943806 0.702202 16 0.935994
0.464414 0.049152 0.491245 6 1.0
0.980332 0.050787 0.206048 9 1.0
0.408408 0.052995 0.450855 7 0.999999
0.976359 0.514335 0.949116 13 2e-06
0.972286 0.628869 0.947941 13 0.0
0.974977 0.546488 0.957519 11 0.1617
0.978815 0.946878 0.229655 17 0.989904
0.984206 0.871384 0.967199 11 1.0
0.317721 0.058897 0.065722 9 0.000261
0.800017 0.048512 0.090829 8 1e-06
0.976818 0.870877 0.961245 11 0.0
0.978197 0.057986 0.451665 13 0.199137
0.012601 0.152923 0.008298 4 1.0
0.631628 0.066009 0.089819 9 0.000702
0.466789 0.056752 0.089793 9 0.0
0.97947 0.522115 0.962309 11 0.999979
0.580436 0.054068 0.695421 8 1.0
0.98097 0.248859 0.963831 11 1.0
0.9875 0.248487 0.972564 11 1.0
0.980475 0.21491 0.962757 11 1.0
0.97444 0.24923 0.955099 11 1.0
0.981465 0.282808 0.964906 11 1.0
0.972117 0.730553 0.961735 11 0.000114
0.017975 0.950112 0.0679 4 0.999999
0.979075 0.901075 0.964158 11 0.999951
0.9437 0.559594 0.97016 11 0.0
0.559849 0.056129 0.705123 15 1.0
0.874825 0.049997 0.980451 11 1.0
0.977591 0.938725 0.326098 17 0.999998
0.529138 0.054316 0.099663 8 0.0
0.595784 0.052213 0.084649 8 0.0
0.858407 0.051365 0.072342 9 1.0
0.028827 0.587703 0.206054 3 0.999814
0.016029 0.721811 0.209839 4 0.999997
0.932485 0.944175 0.972329 11 0.999995
0.980812 0.058758 0.739603 12 0.0
0.974771 0.443882 0.952734 13 9e-06
0.731849 0.051909 0.718836 8 0.985942
0.016063 0.786052 0.213579 4 1.0
0.019138 0.948716 0.198877 4 1.0
0.016994 0.95026 0.198845 4 1.0
0.018915 0.948571 0.206935 4 1.0
0.021281 0.947171 0.198908 4 1.0
0.01936 0.94886 0.190819 4 1.0
0.345699 0.052202 0.447192 8 0.999998
0.983153 0.861275 0.964079 11 0.999998
0.971042 0.717237 0.951118 13 0.0
0.025534 0.643134 0.212428 3 0.999999
0.016305 0.11467 0.212921 4 0.999994
0.754431 0.42627 0.993544 11 0.999999
0.016809 0.531429 0.210587 4 1.0
0.698513 0.945639 0.690167 17 0.997722
0.500896 0.08628 0.035552 10 0.0
0.39979 0.095734 0.025649 10 0.0
0.764855 0.770605 0.99283 11 3e-06
0.309531 0.094986 0.01656 10 0.0
0.223426 0.67626 0.447341 2 0.0
0.322237 0.047259 0.053109 8 1.0
0.496927 0.074853 0.083456 9 2.9e-05
0.975133 0.55327 0.95823 13 0.0
0.763056 0.784317 0.992014 11 0.0
0.975663 0.439412 0.961416 11 1.0
0.739319 0.050651 0.087956 8 1.0
0.75583 0.05182 0.091805 8 1.0
0.736957 0.049586 0.098413 8 1.0
0.722807 0.049481 0.084107 8 1.0
0.741681 0.051715 0.077499 8 1.0
0.584637 0.047957 0.058407 8 1.0
0.49075 0.049339 0.620978 15 1.0
0.974757 0.394095 0.950136 13 1.6e-05
0.951849 0.575456 0.970255 11 0.0
0.186326 0.053304 0.257271 8 0.989898
0.956439 0.702572 0.959853 11 0.0
0.02495 0.802492 0.21209 3 1.0
0.017651 0.123651 0.212539 4 0.999967
0.873989 0.050183 0.075033 8 1.0
0.435607 0.051704 0.08474 9 0.0
0.970785 0.702862 0.958875 11 0.000115
0.224646 0.441949 0.467719 2 0.0
0.645021 0.050664 0.090678 8 0.0
0.479247 0.053173 0.574545 6 0.999995
0.984764 0.715095 0.949053 13 1.0
0.973584 0.938781 0.32287 17 0.999978
0.019191 0.885147 0.209035 17 1.0
0.894433 0.049234 0.078488 9 1.0
0.562994 0.06046 0.101124 8 0.0
0.695722 0.050521 0.098572 8 0.0
0.439267 0.055594 0.063323 9 1e-06
0.955976 0.405409 0.962577 11 0.035519
0.1521 0.944371 0.016991 17 1.0
0.301459 0.049845 0.046414 9 0.000127
0.687905 0.057018 0.701985 15 1.0
0.981749 0.048852 0.248993 8 1.0
0.503684 0.052016 0.66292 15 0.999026
0.972423 0.765373 0.957408 11 3e-06
0.175286 0.092603 0.462079 1 1.0
0.965314 0.721919 0.965339 11 0.005012
0.026436 0.7979 0.01123 4 1.0
0.017121 0.050925 0.06836 4 0.999833
0.98148 0.049571 0.270155 9 1.0
0.978746 0.737829 0.961546 11 1.0
0.472031 0.102245 0.034391 10 0.0
0.978591 0.371646 0.963101 11 0.999121
0.955775 0.637317 0.97014 11 0.0
0.462605 0.947931 0.060787 17 1.0
0.637745 0.051058 0.117193 8 0.0
0.958244 0.190576 0.939954 12 0.0
0.638543 0.050908 0.13267 8 0.0
0.709083 0.055324 0.087981 8 0.0
0.175168 0.915762 0.230738 1 0.429627
0.176073 0.928888 0.229399 1 0.429627
0.176729 0.916439 0.238429 1 0.429627
0.174264 0.902636 0.232077 1 0.429627
0.173608 0.915085 0.223047 1 0.429627
0.976231 0.923546 0.962127 11 0.063948
0.98028 0.369177 0.954617 13 0.999996
0.840473 0.069058 0.979003 11 0.932729
0.712807 0.061015 0.732817 14 0.970694
0.977326 0.940942 0.30419 17 1.0
0.978029 0.689837 0.964299 11 0.999973
0.6373 0.942165 0.705289 16 0.999828
0.019536 0.752953 0.002615 4 1.0
0.024526 0.790078 0.211264 3 0.999991
0.018698 0.613784 0.215892 4 1.0
0.017627 0.054527 0.07608 4 1.0
0.016599 0.628283 0.210306 4 0.999997
0.019798 0.475704 0.21318 3 1.0
0.435008 0.897736 0.038959 5 0.0
0.276563 0.054898 0.046554 8 0.001257
0.968105 0.437326 0.964913 11 1e-06
0.882159 0.049924 0.075858 9 1.0
0.959192 0.772958 0.967204 11 0.0
0.979925 0.950182 0.963904 17 1.0
0.176857 0.949838 0.26388 17 1.0
0.971961 0.900051 0.963708 11 0.003629
0.535246 0.861071 0.708619 16 0.016015
0.034899 0.698128 0.219785 3 0.999998
0.525896 0.063009 0.70445 15 1.0
0.525893 0.063021 0.704449 15 1.0
0.52593 0.063018 0.704449 15 1.0
0.5259 0.062997 0.70445 15 1.0
0.525863 0.062999 0.704451 15 1.0
0.017298 0.147237 0.212309 4 0.99999
0.01529 0.674842 0.212557 4 1.0
0.418084 0.060651 0.062149 9 0.000227
0.202012 0.520523 0.469228 2 0.0
0.024626 0.328014 0.215144 4 1.0
0.975801 0.942655 0.788267 17 1.0
0.660137 0.056238 0.08435 8 0.0
0.021435 0.682612 0.004377 4 0.998933
0.570527 0.055724 0.702492 15 1.0
0.893191 0.941931 0.979236 11 0.99991
0.016894 0.052902 0.058766 4 0.999196
0.025976 0.751888 0.211278 3 1.0
0.697875 0.945578 0.70352 16 0.999992
0.967678 0.82633 0.965908 11 3.7e-05
0.022688 0.127077 0.217314 3 1.0
0.80406 0.047532 0.990903 11 1.0
0.480462 0.049483 0.546714 8 0.999999
0.018369 0.664848 0.006113 4 1.0
0.98317 0.669032 0.097989 18 0.0
0.329251 0.05069 0.11533 8 0.0
0.983169 0.653015 0.104956 18 0.0
0.261014 0.051101 0.027242 9 1.0
0.706058 0.091773 0.054595 10 0.0
0.155396 0.05265 0.204852 8 0.857286
0.14567 0.05464 0.203707 8 0.857286
0.154724 0.051536 0.208622 8 0.857286
0.165122 0.050659 0.205997 8 0.857286
0.156067 0.053763 0.201083 8 0.857286
0.607585 0.943021 0.70377 16 0.999994
0.026276 0.841926 0.216163 3 0.999994
0.754349 0.418036 0.993895 11 0.999998
0.017246 0.639752 0.214431 4 1.0
0.019862 0.638169 0.020994 4 0.999998
0.572802 0.052114 0.099569 8 0.0
0.663982 0.055372 0.06595 8 1.0
0.372674 0.051277 0.046486 8 1.0
0.536284 0.052405 0.087406 8 0.0
0.719403 0.078984 0.055007 10 1e-06
0.347932 0.084496 0.021234 10 0.0
0.961195 0.051601 0.969616 11 1.0
0.76234 0.337012 0.985995 11 0.999858
0.982386 0.927 0.964339 11 0.999986
0.01859 0.949284 0.046489 4 0.995333
0.01759 0.948414 0.131878 4 1.0
0.162104 0.929327 0.20934 3 0.999991
0.435604 0.055662 0.442475 8 0.985426
0.425905 0.055724 0.4431 8 0.985426
0.436128 0.058233 0.45036 8 0.985426
0.445304 0.055599 0.441851 8 0.985426
0.43508 0.05309 0.434591 8 0.985426
0.976657 0.381609 0.962928 11 0.99999
0.578873 0.061637 0.085088 8 0.0
0.385334 0.051946 0.11414 8 0.0
0.595145 0.10481 0.042829 10 0.0
0.510876 0.05063 0.106953 8 0.0
0.487063 0.109454 0.035111 10 0.0
0.151458 0.053365 0.014973 8 0.68761
0.769397 0.439781 0.990808 11 1.0
0.979799 0.885748 0.965802 11 1.0
0.23885 0.04728 0.032908 8 0.999999
0.014559 0.80123 0.212714 4 1.0
0.527512 0.857243 0.711026 16 0.041098
0.400289 0.054806 0.456579 9 0.999977
0.01532 0.69408 0.210333 4 1.0
0.015897 0.756703 0.211288 4 1.0
0.590992 0.055322 0.082204 8 0.0
0.97486 0.354574 0.952916 13 0.0
0.873372 0.051539 0.076005 9 1.0
0.408555 0.047095 0.059206 8 1.0
0.329134 0.048248 0.06871 8 4.9e-05
0.713701 0.058257 0.082167 8 1.0
0.954068 0.046644 0.970585 11 1.0
0.625485 0.056613 0.703133 15 0.999999
0.103299 0.051806 0.215522 3 1.0
0.979502 0.068288 0.966012 11 1.0
0.758966 0.279169 0.990114 11 0.000334
0.953349 0.731592 0.969866 11 2e-06
0.944403 0.937834 0.965157 11 0.11623
0.872207 0.050681 0.073395 9 1.0
0.018446 0.74103 0.004047 4 1.0
0.315611 0.055308 0.458339 7 1.0
0.386517 0.05299 0.101705 8 0.0
0.96036 0.660844 0.96762 11 0.0
0.775999 0.497815 0.994584 11 0.0
0.655844 0.047313 0.063452 8 1.0
0.370223 0.051898 0.092745 8 0.0
0.595596 0.059761 0.702581 15 1.0
0.955896 0.777216 0.968097 11 3e-06
0.01094 0.952395 0.110093 17 1.0
0.029883 0.680175 0.215565 3 0.999999
0.985695 0.131463 0.966322 11 1.0
0.016601 0.73535 0.211277 4 0.999997
0.930369 0.7311 0.961874 11 0.0
0.200413 0.053677 0.017303 8 1.0
0.595958 0.953124 0.693871 17 0.999959
0.126909 0.052309 0.213192 3 0.999999
0.983413 0.215698 0.965129 11 1.0
0.975898 0.811213 0.964248 11 1.0
0.022158 0.947066 0.02158 4 0.631652
0.01923 0.948547 0.021193 4 0.631652
0.020475 0.946036 0.030394 4 0.631652
0.025087 0.945584 0.021966 4 0.631652
0.023842 0.948095 0.012765 4 0.631652
0.326211 0.053594 0.460124 7 1.0
0.018218 0.73329 0.21397 4 0.999998
0.173387 0.948071 0.408808 1 1.0
0.3594 0.050244 0.072787 8 8e-06
0.415444 0.057205 0.45791 8 1.0
0.586652 0.056139 0.70391 15 1.0
0.320724 0.054841 0.459194 7 1.0
0.020787 0.318514 0.218844 3 1.0
0.453906 0.05528 0.210912 9 0.0
0.465341 0.054371 0.178118 9 0.0
0.514011 0.055941 0.231853 9 0.0
0.44247 0.05619 0.243706 9 0.0
0.393801 0.054619 0.189971 9 0.0
0.548778 0.053492 0.146319 8 0.0
0.636809 0.053202 0.152706 8 0.0
0.546397 0.052064 0.179075 8 0.0
0.460748 0.053783 0.139931 8 0.0
0.55116 0.05492 0.113562 8 0.0
0.024966 0.244687 0.212382 3 1.0
0.437005 0.053132 0.352344 8 0.0
0.441691 0.052769 0.31586 8 0.0
0.502519 0.052395 0.360766 8 0.0
0.432319 0.053496 0.388829 8 0.0
0.371491 0.05387 0.343923 8 0.0
0.43246 0.054927 0.126321 8 0.0
0.976524 0.609916 0.958887 11 0.0
0.018738 0.230813 0.216253 3 1.0
0.636215 0.052031 0.094687 9 0.0
0.59797 0.94781 0.083455 17 1.0
0.014442 0.199389 0.003049 4 1.0
0.373355 0.052234 0.44782 8 0.999999
0.969547 0.942101 0.362132 17 0.999979
0.966764 0.684414 0.964171 11 0.217662
0.535109 0.05206 0.226911 8 0.0
0.672016 0.050799 0.26812 8 0.0
0.520718 0.052211 0.274727 8 0.0
0.398202 0.05332 0.185702 8 0.0
0.5495 0.051908 0.179095 8 0.0
0.955973 0.261186 0.966265 11 0.005481
0.443019 0.055556 0.067495 9 1.8e-05
0.469041 0.052833 0.245833 8 0.0
0.559218 0.053689 0.283557 8 0.0
0.445588 0.052693 0.301897 8 0.0
0.378865 0.051977 0.208108 8 0.0
0.492494 0.052973 0.189768 8 0.0
0.976417 0.946215 0.763645 17 0.999999
0.789604 0.360009 0.991703 11 0.0
0.224754 0.056521 0.026063 8 1.0
0.023598 0.46015 0.209596 3 0.999999
0.025789 0.357623 0.194311 4 1.0
0.032665 0.729007 0.213837 3 0.999998
0.017522 0.948527 0.039735 4 1.0
0.476481 0.069331 0.536897 6 1.0
0.019196 0.796241 0.002581 4 1.0
0.172658 0.884934 0.46207 1 1.0
0.977924 0.185457 0.961947 11 0.999999
0.764697 0.553404 0.991588 11 1.0
0.976534 0.265109 0.963572 11 0.999894
0.052838 0.050873 0.213201 3 1.0
0.018665 0.51262 0.00837 4 1.0
0.019207 0.608803 0.008982 4 1.0
0.024283 0.381194 0.016134 4 1.0
0.226093 0.935803 0.02873 17 1.0
0.809309 0.047414 0.074047 8 1.0
0.277783 0.04947 0.042005 8 1.0
0.210602 0.937562 0.031447 17 1.0
0.912399 0.951811 0.974177 11 1.0
0.015897 0.949614 0.127319 4 1.0
0.543435 0.896529 0.708447 16 0.016634
0.539222 0.915011 0.706126 16 0.016634
0.531749 0.893816 0.708049 16 0.016634
0.547648 0.878048 0.710767 16 0.016634
0.555121 0.899243 0.708844 16 0.016634
0.018871 0.950892 0.090143 4 0.999999
0.018987 0.332501 0.216932 3 1.0
0.817431 0.046505 0.076096 9 0.993811
0.197818 0.937909 0.029784 17 0.002047
0.207001 0.117239 0.013004 10 0.0
0.146662 0.110963 0.012701 10 0.0
0.204763 0.138848 0.011067 10 0.0
0.267339 0.123515 0.013306 10 0.0
0.209239 0.09563 0.01494 10 0.0
0.690463 0.941113 0.065086 17 0.999982
0.49832 0.478717 0.698932 7 1.0
0.033653 0.331955 0.21799 3 0.999999
0.983429 0.826074 0.966492 11 1.0
0.06499 0.071697 0.215873 3 0.999998
0.066157 0.073489 0.216015 3 0.999998
0.06684 0.070489 0.215901 3 0.999998
0.063822 0.069905 0.21573 3 0.999998
0.063139 0.072905 0.215844 3 0.999998
0.976928 0.369627 0.961732 11 1.0
0.031546 0.698797 0.214013 3 1.0
0.018923 0.950404 0.063085 4 1.0
0.026375 0.686464 0.21073 3 1.0
0.181201 0.406125 0.454159 1 0.999998
0.02128 0.366599 0.213157 4 0.997175
0.025048 0.90805 0.215321 3 0.999999
0.028135 0.920141 0.216037 3 0.999999
0.028211 0.907062 0.218373 3 0.999999
0.021961 0.89596 0.214605 3 0.999999
0.021885 0.909039 0.212269 3 0.999999
0.978711 0.060862 0.321006 13 3e-06
0.555617 0.063275 0.702773 15 0.999999
0.020447 0.631399 0.006735 4 1.0
0.223301 0.948523 0.029474 17 1.0
0.979566 0.797596 0.104194 18 0.006452
0.017417 0.153302 0.00476 4 1.0
0.694523 0.079385 0.053277 10 0.0
0.981052 0.933204 0.390204 17 1.0
0.215275 0.060112 0.021209 9 0.999848
0.971861 0.051469 0.965409 11 0.999996
0.971526 0.053453 0.96434 11 0.999996
0.966327 0.051724 0.967619 11 0.999996
0.972196 0.049485 0.966477 11 0.999996
0.977394 0.051213 0.963199 11 0.999996
0.91991 0.947118 0.97568 11 1.0
0.028965 0.742183 0.215136 3 0.999999
0.51104 0.075463 0.697439 7 0.106503
0.513923 0.06487 0.695815 7 0.106503
0.513453 0.075348 0.702472 7 0.106503
0.508156 0.086057 0.699064 7 0.106503
0.508627 0.075578 0.692407 7 0.106503
0.801276 0.949219 0.989128 11 1.0
0.566034 0.943364 0.703997 16 1.0
0.020653 0.180182 0.216073 3 1.0
0.236215 0.053733 0.020785 8 1.0
0.285252 0.054768 0.463541 2 1.0
0.983454 0.835341 0.966803 11 1.0
0.928182 0.044755 0.075296 9 1.0
0.682025 0.050637 0.097686 8 0.0
0.983349 0.515187 0.965657 11 1.0
0.970992 0.943109 0.591344 17 0.999999
0.981106 0.785359 0.110624 18 0.008334
0.626108 0.049325 0.078681 8 0.0
0.485596 0.047049 0.074798 8 0.0
0.976877 0.457359 0.96441 11 1.0
0.734988 0.049829 0.870344 14 1.0
0.976993 0.360324 0.961475 11 1.0
0.979127 0.942075 0.175997 17 1.0
0.813565 0.051492 0.985802 8 1.0
0.313577 0.05457 0.453433 7 1.0
0.275876 0.936228 0.045471 17 1.0
0.963617 0.065553 0.747071 13 1.0
0.353895 0.048564 0.066109 8 1e-06
0.755933 0.056906 0.997077 11 1.0
0.757592 0.060579 0.996226 11 1.0
0.753525 0.057947 0.996874 11 1.0
0.754274 0.053232 0.997927 11 1.0
0.758342 0.055865 0.997279 11 1.0
0.187979 0.051104 0.016057 8 1.0
0.841951 0.054651 0.980883 8 1.0
0.980812 0.945221 0.962993 11 0.999982
0.980372 0.948542 0.961946 11 0.999982
0.982881 0.945967 0.964493 11 0.999982
0.981251 0.9419 0.964039 11 0.999982
0.978742 0.944475 0.961493 11 0.999982
0.982564 0.920025 0.965107 11 1.0
0.983518 0.89208 0.96636 11 1.0
0.017227 0.894202 0.212575 4 1.0
0.020612 0.422636 0.016758 4 0.999997
0.983121 0.731973 0.960916 13 1.0
0.235089 0.047269 0.028304 8 1.0
0.775523 0.046645 0.075984 8 1.0
0.474182 0.050809 0.066817 8 0.0
0.977717 0.944299 0.434838 17 0.999998
0.544066 0.082433 0.03845 10 0.0
0.275828 0.051061 0.025408 8 1.0
0.025101 0.646826 0.016349 4 1.0
0.440464 0.052679 0.049155 8 1.0
0.265791 0.046845 0.04588 8 1.0
0.247673 0.057033 0.463065 2 1.0
0.018434 0.050716 0.079861 4 1.0
0.833197 0.939314 0.983033 11 0.993408
0.02158 0.650742 0.004131 4 1.0
0.313542 0.059196 0.459607 2 1.0
0.021148 0.629346 0.003329 4 1.0
0.977762 0.944764 0.401377 17 1.0
0.218973 0.05143 0.020979 9 0.89192
0.187477 0.541641 0.466394 2 0.0
0.983361 0.765975 0.114268 18 0.606672
0.390915 0.049619 0.061858 8 3.8e-05
0.185884 0.665515 0.468332 1 3.8e-05
0.964103 0.059095 0.617579 8 0.443088
0.981926 0.679734 0.118976 18 1.0
0.287781 0.048731 0.051601 8 0.002681
0.792408 0.043231 0.088169 9 1.0
0.774538 0.043568 0.077424 9 1.0
0.278238 0.948107 0.02988 17 1.0
0.851737 0.951852 0.982065 11 1.0
0.974353 0.283027 0.960941 11 0.999999
0.672378 0.059869 0.701148 15 1.0
0.586876 0.055394 0.702566 15 1.0
0.188677 0.052491 0.016275 8 1.0
0.97755 0.445277 0.961198 11 1.0
0.188055 0.948685 0.018303 17 1.0
0.727921 0.048356 0.089045 8 0.0
0.383719 0.951966 0.078601 17 0.999567
0.023437 0.392161 0.009366 4 0.999999
0.980094 0.537253 0.963925 11 1.0
0.641738 0.048504 0.087805 8 0.0
0.215888 0.941072 0.022578 3 0.003788
0.187148 0.232275 0.464559 2 0.000293
0.018163 0.207906 0.003118 4 1.0
0.022041 0.769897 0.211648 3 0.999998
0.975193 0.288215 0.961241 11 1.0
0.796408 0.951055 0.98965 11 1.0
0.310662 0.054852 0.462042 7 1.0
0.020935 0.685287 0.005287 4 1.0
0.334045 0.054553 0.463051 2 1.0
0.018485 0.526564 0.005854 4 1.0
0.960895 0.748158 0.967146 11 0.00041
0.28008 0.054031 0.082485 8 0.015506
0.451755 0.951509 0.073699 17 6e-06
0.02024 0.72212 0.006324 4 0.999995
0.97176 0.524999 0.958425 11 0.0
0.181084 0.934671 0.037634 17 3e-06
0.286109 0.052582 0.051934 8 2.3e-05
0.185699 0.242564 0.465087 2 1.0
0.02452 0.376519 0.018633 4 1.0
0.184243 0.944579 0.019625 17 1.0
0.263073 0.052865 0.073979 9 9.2e-05
0.951025 0.575988 0.971428 11 0.0
0.965404 0.565939 0.961791 11 0.0
0.307489 0.048034 0.057064 9 1.0
0.432557 0.910258 0.060362 5 0.0
0.019329 0.295527 0.018377 4 1.0
0.170315 0.942831 0.026973 17 1.0
0.33699 0.94939 0.034233 17 1.0
0.865308 0.951592 0.977084 17 0.999999
0.797405 0.067736 0.989163 11 0.999954
0.016105 0.2037 0.004881 4 0.999999
0.324816 0.047318 0.044131 8 1.0
0.796536 0.078675 0.062303 10 0.0
0.772456 0.078294 0.056139 10 0.0
0.796588 0.087371 0.061561 10 0.0
0.820616 0.079056 0.068466 10 0.0
0.796484 0.069979 0.063044 10 0.0
0.667272 0.055854 0.098278 8 0.000173
0.977701 0.939517 0.352808 17 0.938509
0.192341 0.428402 0.467129 2 1.0
0.458709 0.04782 0.063925 8 0.0
0.201155 0.050502 0.02211 9 1.0
0.980494 0.777706 0.103336 18 0.276815
0.976079 0.382743 0.960709 11 0.999993
0.919071 0.949873 0.083697 17 1.0
0.80829 0.056031 0.988437 11 1.0
0.868943 0.937582 0.980577 11 0.999674
0.178639 0.089412 0.456998 1 0.534211
0.019893 0.542327 0.00693 4 1.0
0.960351 0.489952 0.964422 11 0.076998
0.607532 0.04979 0.085057 8 0.0
0.193575 0.147633 0.46482 2 0.0
0.981918 0.767986 0.112035 18 0.113916
0.171287 0.051551 0.021217 8 0.99999
0.770408 0.574986 0.989933 11 1.0
0.972379 0.938756 0.923797 17 1.0
0.975041 0.940679 0.924135 17 1.0
0.972027 0.937822 0.931874 17 1.0
0.969717 0.936833 0.923458 17 1.0
0.972732 0.93969 0.915719 17 1.0
0.167046 0.049042 0.017195 8 1.0
0.984822 0.210337 0.96694 11 1.0
0.724548 0.052564 0.760764 14 0.999942
0.526127 0.101536 0.701949 15 0.001023
0.526558 0.119115 0.701842 15 0.001023
0.532584 0.101379 0.702133 15 0.001023
0.525695 0.083958 0.702055 15 0.001023
0.519669 0.101694 0.701765 15 0.001023
0.017518 0.099445 0.209347 4 1.0
0.661589 0.947364 0.704199 16 0.983704
0.973393 0.943753 0.257729 17 0.999991
0.977619 0.365543 0.962533 11 1.0
0.978923 0.055259 0.773691 12 1.0
0.977818 0.945259 0.78304 17 1.0
0.982124 0.943503 0.799583 17 1.0
0.666143 0.952336 0.086205 17 0.006131
0.657251 0.934151 0.069771 17 1.0
0.392966 0.051569 0.07797 9 0.0
0.61761 0.048538 0.083726 8 0.0
0.581253 0.951361 0.084887 17 0.0
0.977961 0.367138 0.962497 11 1.0
0.021619 0.581109 0.005601 4 1.0
0.443662 0.049059 0.070793 8 0.0
0.259888 0.941935 0.028936 17 1.0
0.096724 0.051184 0.214348 3 1.0
0.190639 0.947733 0.017952 17 0.999995
0.816751 0.057522 0.986409 11 0.999991
0.976059 0.25402 0.961169 11 0.999999
0.41354 0.05626 0.447417 8 1.0
0.016832 0.879087 0.213104 4 1.0
0.023026 0.234659 0.21793 3 1.0
0.979983 0.669892 0.963178 11 1.0
0.077464 0.040686 -0.004722 8 1.0
0.343997 0.952377 0.080026 17 0.009129
0.109188 0.048761 0.010082 9 1.0
0.658568 0.948111 0.10891 17 0.0
0.655689 0.051013 0.126508 9 1e-06
0.030509 0.313334 0.012398 4 0.999992
0.980908 0.677778 0.118195 18 1.0
0.449567 0.050407 0.086581 8 0.0
0.578706 0.051409 0.096567 8 0.0
0.715185 0.950665 0.098843 17 0.0
0.538896 0.950989 0.074818 17 0.000114
0.581349 0.056514 0.114002 8 0.0
0.026694 0.34596 0.213183 3 1.0
0.763144 0.450576 0.985219 11 1.0
0.473577 0.047962 0.081954 8 0.0
0.494381 0.047888 0.068711 8 0.0
0.576911 0.051328 0.092584 8 0.0
0.6091 0.951873 0.100236 17 0.0
0.017099 0.050425 0.076443 4 1.0
0.976665 0.258362 0.961273 11 1.0
0.972807 0.866763 0.966004 11 1.0
0.018682 0.696627 0.006883 4 1.0
0.974797 0.946572 0.272388 17 0.999996
0.754085 0.48496 0.996415 11 1.0
0.987236 0.449847 0.082726 12 1.0
0.090536 0.037536 -0.001377 8 1.0
0.222552 0.916696 0.023959 5 0.0
0.166142 0.050646 0.017106 8 1.0
0.328673 0.050368 0.069366 8 0.0
0.83142 0.949939 0.073862 17 1.0
0.018956 0.545358 0.216086 3 1.0
0.11599 0.941117 0.020969 17 0.292394
0.451795 0.050526 0.094283 8 1e-06
0.189643 0.049975 0.020588 8 1.0
0.401223 0.048221 0.059244 8 0.0
0.532971 0.046977 0.070337 8 1.0
0.981247 0.073929 0.966515 11 1.0
0.980929 0.056686 0.96463 11 1.0
0.892596 0.052363 0.977081 8 0.99999
0.027674 0.722557 0.212259 3 0.999999
0.018749 0.051926 0.093571 4 0.999998
0.780986 0.05074 0.99447 11 1.0
0.522329 0.146247 0.702671 15 0.00075
0.176648 0.05107 0.288964 9 1.0
0.019388 0.727003 0.004499 4 1.0
0.366814 0.054077 0.449455 8 0.999996
0.027878 0.688387 0.212941 3 1.0
0.191872 0.050044 0.302321 8 0.996566
0.02107 0.856146 0.21247 3 1.0
0.47844 0.946042 0.561439 6 1.0
0.938353 0.952496 0.077516 17 1.0
0.700327 0.951512 0.089905 17 0.001257
0.376586 0.947784 0.064628 17 2.5e-05
0.978855 0.448174 0.961135 11 1.0
0.181153 0.343902 0.459528 2 0.017489
0.771671 0.952233 0.13039 17 0.0
0.663271 0.949315 0.108029 17 0.0
0.375595 0.949184 0.068022 17 2.3e-05
0.021054 0.628383 0.003557 4 1.0
0.188491 0.947178 0.017889 17 0.999999
0.477912 0.947486 0.56641 17 0.999991
0.981337 0.948671 0.171935 17 1.0
0.796987 0.048533 0.09318 8 2e-06
0.979628 0.819396 0.961399 11 0.999998
0.976065 0.950078 0.328792 17 1.0
0.974862 0.952009 0.415003 17 1.0
0.325392 0.057604 0.04269 8 1e-06
0.658755 0.952969 0.110471 17 0.0
0.975639 0.945583 0.38356 17 1.0
0.3876 0.951089 0.060677 17 0.069075
0.551268 0.952401 0.092778 17 7e-06
0.552693 0.05128 0.098284 8 0.0
0.793742 0.077859 0.063059 10 0.0
0.984187 0.30326 0.100526 18 1.0
0.190631 0.775576 0.468762 2 0.000104
0.249331 0.937563 0.024768 3 1.2e-05
0.881595 0.047897 0.077072 8 1.0
0.682188 0.047721 0.080976 9 1.0
0.095285 0.05247 0.215848 3 1.0
0.161202 0.94763 0.01633 17 1.0
0.016271 0.777876 0.208763 4 1.0
0.028603 0.672099 0.212206 3 0.999999
0.014633 0.740355 0.210657 4 1.0
0.497861 0.951203 0.559213 17 0.999973
0.289524 0.051574 0.459974 8 1.0
0.501451 0.949067 0.08612 17 0.0
0.5191 0.949491 0.099342 17 0.0
0.021541 0.254411 0.213783 4 1.0
0.354019 0.051398 0.068692 8 0.0
0.376182 0.048381 0.069143 8 0.0
0.450826 0.05162 0.097758 8 0.0
0.50167 0.490785 0.677809 7 0.0
0.569276 0.949402 0.083332 17 3e-06
0.019943 0.801048 0.000131 4 0.997781
0.39924 0.050366 0.078141 8 0.0
0.135138 0.052682 0.012694 8 0.999572
0.391666 0.051818 0.069797 9 0.0
0.982641 0.929243 0.965502 11 1.0
0.9785 0.95034 0.212256 17 1.0
0.980428 0.947624 0.163072 17 0.999998
0.186047 0.859308 0.464092 2 0.999787
0.020081 0.605613 0.012619 4 1.0
0.752955 0.049236 0.159949 8 0.0
0.826149 0.049303 0.173143 8 0.0
0.747608 0.04933 0.189614 8 0.0
0.679761 0.049169 0.146755 8 0.0
0.758303 0.049142 0.130283 8 0.0
0.687412 0.052813 0.083004 8 0.0
0.448111 0.049977 0.0803 8 0.0
0.476586 0.050807 0.106706 8 0.0
0.353159 0.051237 0.110783 9 0.0
0.45406 0.049902 0.059232 8 1.0
0.240342 0.057621 0.028895 8 1.0
0.976072 0.219046 0.961249 11 1.0
0.846974 0.059237 0.981532 11 0.999999
0.732183 0.059415 0.787741 14 1.0
0.733045 0.062638 0.807284 14 0.999629
0.982049 0.921395 0.965034 11 1.0
0.688027 0.060716 0.701056 15 1.0
0.975619 0.946935 0.250376 17 0.999999
0.979961 0.949065 0.149871 17 1.0
0.364911 0.055166 0.451196 8 1.0
0.985224 0.71049 0.126703 18 0.0
0.984514 0.750487 0.122136 18 0.0
0.98653 0.712239 0.141818 18 0.0
0.985934 0.670493 0.13127 18 0.0
0.983919 0.708741 0.111588 18 0.0
0.964937 0.644028 0.962155 11 0.999997
0.017837 0.178458 0.001382 4 0.999997
0.792659 0.950287 0.070368 17 1.0
0.97574 0.458846 0.129651 12 0.0
0.973128 0.942941 0.60182 17 0.225791
0.428066 0.951846 0.070917 17 0.003271
0.782015 0.060676 0.086822 9 0.0
0.441111 0.051422 0.072784 8 0.0
0.211818 0.92644 0.023613 5 0.0
0.977615 0.940598 0.798369 17 1.0
0.664049 0.046488 0.066971 8 1.0
0.339777 0.946661 0.46792 17 0.999977
0.459352 0.951778 0.068399 17 0.999955
0.769257 0.899972 0.993681 11 0.999907
0.770521 0.906146 0.992154 11 0.999907
0.763542 0.900815 0.99236 11 0.999907
0.767993 0.893799 0.995208 11 0.999907
0.774972 0.899129 0.995001 11 0.999907
0.982439 0.934282 0.964477 11 1.0
0.735744 0.054373 0.844272 14 1.0
0.028133 0.811143 0.008461 4 1.0
0.983334 0.127872 0.966299 11 1.0
0.981291 0.879225 0.963836 11 1.0
0.970056 0.769928 0.966486 11 0.022599
0.982113 0.643469 0.964365 11 0.999999
0.982039 0.844775 0.965111 11 1.0
0.882014 0.954805 0.086104 17 1.0
0.019956 0.933435 0.032843 4 1.0
0.570615 0.952245 0.097567 17 0.0
0.587094 0.950366 0.130803 17 0.0
0.458261 0.046827 0.046861 9 1.0
0.785364 0.048772 0.074438 8 1.0
0.535157 0.951079 0.070152 17 0.000299
0.375337 0.946638 0.061065 17 0.00011
0.972991 0.941446 0.677863 17 1e-06
0.980237 0.948596 0.307999 17 1.0
0.528439 0.050019 0.050535 8 1.0
0.624663 0.048639 0.088656 8 0.0
0.937119 0.95226 0.968701 11 0.999999
0.976194 0.277092 0.960912 11 1.0
0.766536 0.852316 0.99184 11 0.999968
0.876748 0.949172 0.980342 11 1.0
0.47345 0.055519 0.553842 6 0.999808
0.837569 0.948777 0.986716 11 1.0
0.742264 0.949935 0.935248 14 1.0
0.021011 0.130738 0.216014 4 0.999636
0.982886 0.130847 0.96452 11 0.999999
0.017639 0.889942 0.21353 4 1.0
0.975797 0.948618 0.213616 17 1.0
0.719099 0.948503 0.767406 14 0.999999
0.017454 0.205381 0.003855 4 1.0
0.979078 0.468847 0.962834 11 1.0
0.976681 0.940989 0.355152 17 1.0
0.018861 0.924077 0.035447 4 1.0
0.963368 0.755905 0.966398 11 0.004209
0.979108 0.052325 0.273098 8 1.0
0.021617 0.307441 0.015354 4 1.0
0.966586 0.05161 0.318425 8 1.0
0.31978 0.052669 0.046844 8 1e-05
0.361661 0.054521 0.0661 8 0.0
0.707099 0.047982 0.082198 8 0.0
0.022397 0.595535 0.210422 4 0.999998
0.649597 0.952202 0.100832 17 0.0
0.853916 0.946985 0.074443 17 0.828117
0.322504 0.950933 0.040473 17 1.0
0.167631 0.073809 0.218895 3 0.240553
0.020327 0.236501 0.212153 4 1.0
0.487242 0.054049 0.592752 15 1.0
0.740118 0.050402 0.908452 14 1.0
0.407611 0.891037 0.040354 5 0.0
0.579346 0.053044 0.080928 8 0.0
0.548136 0.054643 0.127598 8 1e-06
0.606068 0.052916 0.128163 8 1e-06
0.547847 0.053843 0.154801 8 1e-06
0.490203 0.05637 0.127034 8 1e-06
0.548424 0.055443 0.100396 8 1e-06
0.977811 0.235033 0.962527 11 1.0
0.984767 0.809767 0.085461 18 1.0
0.028071 0.888838 0.212458 3 0.965948
0.916291 0.045581 0.078123 9 1.0
0.307199 0.950407 0.044814 17 0.002372
0.788543 0.507708 0.991899 11 0.0
0.981958 0.795378 0.965607 11 1.0
0.980091 0.807499 0.964165 11 1.0
0.979045 0.219024 0.955274 13 0.999991
0.01991 0.537823 0.005918 4 1.0
0.977073 0.945345 0.386869 17 1.0
0.976902 0.811407 0.965488 11 1.0
0.024013 0.734898 0.015994 4 1.0
0.019359 0.766339 0.003895 4 0.999992
0.158585 0.947785 0.0165 17 0.999998
0.015952 0.058257 0.113268 4 0.999999
0.016616 0.94978 0.074842 4 0.999999
0.014026 0.750522 0.210871 4 1.0
0.982539 0.133323 0.96636 11 1.0
0.02027 0.550662 0.215263 3 0.999998
0.085916 0.042735 0.002897 9 1.0
0.024014 0.940518 0.031477 4 1.0
0.002096 0.943384 0.013162 4 1.0
0.563459 0.051905 0.113491 8 0.0
0.705622 0.096311 0.054378 10 0.0
0.974523 0.939072 0.311277 17 1.0
0.019292 0.222505 0.003272 4 1.0
0.019653 0.272999 0.010182 4 1.0
0.563491 0.051095 0.105338 8 0.0
0.764795 0.549645 0.991929 11 1.0
0.9752 0.938988 0.258272 17 1.0
0.978297 0.052788 0.353997 9 1.0
0.752355 0.95143 0.066199 17 1.0
0.209647 0.05058 0.024604 8 1.0
0.975116 0.29274 0.961351 11 0.999999
0.684069 0.053388 0.678285 8 0.999454
0.016496 0.949678 0.061019 4 0.999998
0.410504 0.054378 0.448748 8 1.0
0.400698 0.055958 0.448484 8 1.0
0.410522 0.055377 0.454065 8 1.0
0.420311 0.052797 0.449013 8 1.0
0.410487 0.053379 0.443432 8 1.0
0.705245 0.122818 0.050846 10 0.0
0.01915 0.776576 0.0026 4 0.999843
0.653151 0.047629 0.080734 8 0.0
0.715663 0.94453 0.704691 17 0.934641
0.595121 0.062344 0.079086 8 0.0
0.462588 0.950829 0.090175 17 0.0
0.336207 0.951024 0.45899 17 1.0
0.022033 0.42924 0.011088 4 1.0
0.978864 0.92337 0.347493 17 0.000113
0.965542 0.938083 0.35402 17 0.133743
0.016708 0.617734 0.006596 4 1.0
0.021588 0.659016 0.009963 4 1.0
0.385888 0.946064 0.034497 17 1.0
0.162568 0.947186 0.016015 17 0.999999
0.977111 0.367721 0.960448 11 0.999999
0.02035 0.768463 0.00213 4 0.971909
0.983148 0.949312 0.890502 17 1.0
0.441997 0.949146 0.448258 2 0.999999
0.02032 0.764637 0.004188 4 1.0
0.975785 0.944071 0.285831 17 0.999998
0.985604 0.937374 0.466029 17 0.999714
0.365248 0.055256 0.450309 8 1.0
0.216562 0.919824 0.023087 5 0.0
0.98192 0.715668 0.115398 18 0.018095
0.979403 0.944064 0.409373 17 1.0
0.017472 0.281185 0.017747 4 1.0
0.978983 0.944232 0.441437 17 1.0
0.020562 0.364252 0.008683 4 0.99988
0.021659 0.424558 0.011278 4 0.999831
0.41421 0.939052 0.049232 17 0.103098
0.976419 0.94237 0.442131 17 1.0
0.826688 0.081832 0.064823 10 0.0
0.70295 0.065675 0.087867 9 0.0
0.757294 0.048471 0.068628 8 1.0
0.019397 0.786552 0.003679 4 0.999984
0.982053 0.050734 0.965805 11 1.0
0.98258 0.051323 0.96489 11 1.0
0.979921 0.052066 0.965434 11 1.0
0.981525 0.050145 0.96672 11 1.0
0.984184 0.049402 0.966177 11 1.0
0.017274 0.048723 0.108118 4 1.0
0.886093 0.058148 0.975013 11 0.999973
0.016946 0.949768 0.090144 4 1.0
0.981744 0.937915 0.963537 11 1.0
0.020629 0.718152 0.006176 4 1.0
0.165778 0.947304 0.018359 17 1.0
0.016938 0.88567 0.213995 3 1.0
0.724272 0.052238 0.770498 14 0.875468
0.138703 0.087685 0.008181 10 0.0
0.098113 0.083769 0.008228 10 0.0
0.137402 0.101143 0.006529 10 0.0
0.179292 0.091601 0.008134 10 0.0
0.140003 0.074226 0.009833 10 0.0
0.072773 0.968633 -0.000776 4 1.0
0.945127 0.953701 0.078544 17 1.0
0.305265 0.047592 0.049611 9 1.0
0.993174 0.960593 0.425588 17 1.0
0.639505 0.95181 0.101542 17 0.0
0.981289 0.943314 0.653001 17 1.0
0.447769 0.056783 0.066758 8 0.0
0.25327 0.95078 0.043098 17 0.002232
0.012065 0.424299 8.4e-05 4 1.0
0.414211 0.950685 0.065399 17 0.002613
0.692478 0.952424 0.091049 17 0.073939
0.807023 0.943474 0.071724 17 1.0
0.033322 0.298718 0.028941 4 0.074916
0.483715 0.094406 0.035439 10 0.0
0.018246 0.148541 0.004894 4 0.999846
0.020748 0.576061 0.013778 4 1.0
0.024868 0.608324 0.005852 4 1.0
0.978152 0.945054 0.358486 17 1.0
0.702368 0.951736 0.086761 17 0.001408
0.707591 0.950602 0.104297 17 0.0
0.724267 0.951455 0.085866 17 6e-05
0.524633 0.952129 0.081203 17 0.000288
0.981899 0.942556 0.637207 17 1.0
0.96797 0.046779 0.957514 8 1.0
0.961152 0.046693 0.961536 8 1.0
0.970092 0.046234 0.961098 8 1.0
0.974789 0.046866 0.953491 8 1.0
0.965849 0.047325 0.953929 8 1.0
0.11194 0.052535 0.213712 3 1.0
0.113783 0.048091 0.210935 3 1.0
0.937064 0.050743 0.971806 11 1.0
0.868831 0.947804 0.981904 11 1.0
0.016793 0.791084 0.208212 4 1.0
0.016941 0.949836 0.082403 4 1.0
0.977555 0.367978 0.961384 11 1.0
0.029038 0.869335 0.213376 3 0.999893
0.944677 0.048926 0.085232 9 1.0
0.978297 0.944174 0.302191 17 1.0
0.979848 0.690097 0.964938 11 1.0
0.983558 0.713564 0.969521 11 1.0
0.238852 0.048897 0.062953 8 0.002102
0.000735 0.953526 0.030195 4 1.0
0.016356 0.951022 0.020889 4 1.0
0.004353 0.948841 0.037528 4 1.0
-0.014886 0.956029 0.039502 4 1.0
-0.002883 0.958211 0.022863 4 1.0
0.127823 0.952386 0.014341 17 1.0
0.198525 0.411407 0.467872 2 0.0
0.565707 0.951926 0.087717 17 0.0
0.020119 0.295504 0.005074 4 1.0
0.986145 0.599318 0.082252 12 1.0
0.721094 0.050821 0.1176 8 0.0
0.295286 0.948065 0.027969 17 1.0
0.500532 0.049168 0.104967 8 0.0
0.249425 0.946741 0.02654 17 1.0
0.511499 0.443764 0.699129 7 0.999997
0.76179 0.826542 0.992012 11 1.0
0.09131 0.0463 0.010524 9 1.0
0.980286 0.061457 0.344694 13 1.0
0.967756 0.46642 0.963 11 5e-05
0.984887 0.539199 0.96677 11 1.0
0.75106 0.442881 0.990779 11 1.0
0.977016 0.363134 0.961209 11 1.0
0.753373 0.431649 0.993868 11 1.0
0.422245 0.053789 0.068633 9 0.0
0.021514 0.690456 0.002367 4 0.998469
0.021201 0.383647 0.020657 4 1.0
0.418698 0.047453 0.042771 9 1.0
0.773892 0.5851 0.993953 11 0.0
0.178624 0.599277 0.452768 1 0.0
0.814211 0.066391 0.063314 10 6.6e-05
0.777441 0.626912 0.992208 11 0.0
0.760153 0.497961 0.99653 11 0.0
0.178423 0.218271 0.458676 2 0.910148
0.971353 0.519331 0.962613 11 0.0
0.983161 0.593517 0.966623 11 1.0
0.977098 0.939368 0.333455 17 0.999999
0.425402 0.052645 0.106535 9 0.0
0.975228 0.946255 0.501364 17 1.0
0.339466 0.94894 0.029898 17 1.0
0.378747 0.049411 0.069274 8 1.0
0.714832 0.065163 0.74929 14 0.995017
0.714656 0.070573 0.74652 14 0.995017
0.716869 0.072298 0.763094 14 0.995017
0.715008 0.059752 0.752061 14 0.995017
0.712795 0.058028 0.735487 14 0.995017
0.983731 0.912386 0.965328 11 1.0
0.018146 0.768003 0.003027 4 1.0
0.986368 0.952349 0.132857 17 1.0
0.016927 0.940387 0.016438 4 0.992889
0.016135 0.944556 0.015128 4 0.992889
0.016964 0.94318 0.025304 4 0.992889
0.017719 0.936219 0.017748 4 0.992889
0.016891 0.937595 0.007572 4 0.992889
0.977179 0.723192 0.966081 11 1.0
0.249958 0.952724 0.045033 17 1.0
0.017605 0.344948 0.040112 4 0.0
0.978135 0.945241 0.302208 17 0.999999
0.977993 0.675329 0.961679 11 1.0
0.018328 0.757968 0.013908 4 0.99818
0.977085 0.346387 0.9614 11 1.0
0.019178 0.398732 0.025137 4 1.0
0.020218 0.675435 0.009351 4 1.0
0.481459 0.949095 0.065665 17 1.0
0.021188 0.251541 0.010643 4 1.0
0.018277 0.550979 0.000522 4 1.0
0.178971 0.670671 0.211465 1 1.0
0.024521 0.456981 0.010326 4 0.999917
0.018697 0.491423 0.003981 4 1.0
0.75112 0.411037 0.99183 14 0.999157
0.182941 0.241183 0.460298 1 1.0
0.021116 0.758105 0.000985 4 0.975561
0.02043 0.424848 0.01501 4 1.0
0.021142 0.682651 0.002438 4 0.999834
0.020846 0.285242 0.006378 4 1.0
0.733076 0.045417 0.076148 9 1.0
0.02017 0.501016 0.016196 4 0.999987
0.973454 0.05541 0.602414 13 1.0
0.974811 0.94315 0.563741 17 1.0
0.229141 0.059559 0.023001 8 1.0
0.021875 0.389054 0.030903 4 1.0
0.021393 0.54995 0.015833 4 1.0
0.981757 0.089977 0.963475 11 0.999999
0.983537 0.090649 0.965253 11 0.999999
0.98225 0.084902 0.964901 11 0.999999
0.979978 0.089306 0.961698 11 0.999999
0.981265 0.095053 0.962049 11 0.999999
0.976513 0.325599 0.961314 11 0.999999
0.777784 0.062576 0.985726 11 0.568949
0.176784 0.95185 0.289078 17 0.999994
0.873786 0.060308 0.978417 11 0.999999
0.039855 0.328626 0.220277 3 1e-06
0.981394 0.924003 0.964017 11 1.0
0.678108 0.05779 0.697868 15 1.0
0.018444 0.189358 0.215575 3 1.0
0.022786 0.867118 0.21452 3 0.999999
0.987006 0.469149 0.96678 11 1.0
0.614336 0.945145 0.070644 17 1.0
0.769612 0.941207 0.088171 17 1.0
0.752217 0.408297 0.99772 14 1.0
0.970169 0.945944 0.232495 17 0.999999
0.981233 0.645975 0.967994 11 1.0
0.985819 0.95195 0.30653 17 1.0
0.977005 0.944269 0.434279 17 0.999998
0.972399 0.939171 0.254633 17 1.0
0.723837 0.053819 0.081079 8 0.0
0.984203 0.939719 0.440074 17 1.0
0.014684 0.309889 0.033518 4 0.0
0.156367 0.04989 0.016477 8 1.0
0.826269 0.951115 0.074471 17 1.0
0.019104 0.658694 0.004568 4 1.0
0.381961 0.950503 0.035191 17 1.0
0.636275 0.052351 0.073666 8 1.0
0.97314 0.944013 0.276378 17 1.0
0.983726 0.938094 0.374787 17 1.0
0.185484 0.599549 0.466952 2 0.999986
0.021889 0.65105 0.003201 4 1.0
0.557667 0.047253 0.058763 9 0.999999
0.977708 0.936769 0.448413 17 1.0
0.559793 0.04876 0.066354 8 0.0
0.98214 0.610518 0.966135 11 1.0
0.015831 0.343998 0.035125 4 0.0
0.017413 0.543261 0.008059 4 1.0
0.625627 0.047032 0.065462 8 1.0
0.252136 0.9528 0.032163 17 1.0
0.025211 0.724918 0.02027 4 0.978359
0.018918 0.751962 0.006648 4 1.0
0.230413 0.945491 0.03423 17 1.0
0.977099 0.202911 0.961797 11 1.0
0.975057 0.289837 0.961408 11 1.0
0.017185 0.809136 0.213083 4 1.0
0.020823 0.708179 0.006345 4 1.0
0.348583 0.059609 0.450834 8 1.0
0.967787 0.365923 0.962009 11 1.0
0.98054 0.671124 0.965199 11 1.0
0.237761 0.052173 0.460032 8 1.0
0.159882 0.950296 0.02064 17 1.0
0.024087 0.477299 0.032421 4 0.994029
0.019006 0.694786 0.006138 4 1.0
0.330521 0.049109 0.073454 8 4e-06
0.272704 0.95156 0.038455 17 1.0
0.530549 0.947981 0.06987 17 0.998279
0.978856 0.942729 0.326366 17 1.0
0.976834 0.938914 0.460894 17 0.999999
0.018073 0.863411 0.002051 4 0.999997
0.01827 0.209226 0.001279 4 0.047459
0.981292 0.938775 0.730114 17 1.0
0.019966 0.663836 0.010744 4 1.0
0.020163 0.792767 0.002156 4 0.989331
0.013118 0.593504 0.036907 4 0.0
0.023188 0.706345 0.017968 4 1.0
0.510127 0.220244 0.703883 6 0.164522
0.022585 0.582177 0.012692 4 1.0
0.780477 0.585452 0.988733 11 1.0
0.501069 0.054477 0.099069 8 0.0
0.342996 0.051843 0.032421 8 1.0
0.972857 0.944611 0.445327 17 1.0
0.022693 0.35576 0.002603 4 0.090005
0.977402 0.941477 0.411489 17 1.0
0.973712 0.685506 0.965235 11 0.000649
0.022671 0.42364 0.011884 4 1.0
0.020454 0.674053 0.007944 4 1.0
0.610726 0.949967 0.070397 17 1.0
0.170014 0.953233 0.023574 17 1.0
0.021099 0.485986 0.018211 4 1.0
0.585744 0.945377 0.080923 17 1.0
0.567717 0.061549 0.704228 15 0.999999
0.016382 0.191384 0.005389 4 1.0
0.982149 0.572111 0.965546 11 1.0
0.979953 0.267792 0.965259 11 1.0
0.98332 0.816272 0.96623 11 1.0
0.982828 0.708432 0.967135 11 1.0
0.736822 0.948117 0.73761 17 1.0
0.147734 0.954011 0.019401 17 1.0
0.014241 0.798882 0.007405 4 1.0
0.299179 0.048786 0.033676 8 0.999955
0.974924 0.060242 0.393408 13 0.0
0.019206 0.225494 0.019099 4 1.0
0.453136 0.055067 0.051637 8 1.0
0.982095 0.609841 0.12161 12 1.0
0.976732 0.947346 0.280134 17 1.0
0.020102 0.620923 0.0054 4 1.0
0.514681 0.048796 0.073234 8 0.0
0.657814 0.949161 0.073973 17 1.0
0.708599 0.049003 0.08641 8 0.0
0.019233 0.340964 0.002205 4 1.0
0.972842 0.936064 0.559885 17 1.0
0.270997 0.950366 0.037097 17 1.0
0.243221 0.955022 0.048091 17 1.0
0.017542 0.390418 0.025335 4 1.0
0.977263 0.454314 0.958723 11 0.999987
0.161961 0.947363 0.016555 17 1.0
0.02051 0.797299 0.003514 4 1.0
0.624205 0.057267 0.078765 8 0.0
0.68032 0.055555 0.072955 8 0.0
0.020908 0.560858 0.002478 4 1.0
0.637279 0.94858 0.057745 17 1.0
0.02111 0.681754 0.002384 4 0.999969
0.021178 0.227125 0.013279 4 1.0
0.546161 0.055223 0.704799 15 1.0
0.964347 0.060023 0.969277 11 0.999749
0.870547 0.065432 0.982552 11 0.999886
0.756832 0.60964 1.000195 11 1.0
0.019735 0.670877 0.004127 4 1.0
0.982737 0.733231 0.96711 11 1.0
0.98268 0.947759 0.635355 17 1.0
0.023088 0.312663 0.005584 4 1.0
0.049957 0.19525 0.007127 10 0.0
0.177715 0.69592 0.454873 1 1.0
0.191821 0.051203 0.019706 8 1.0
0.18123 0.951168 0.029343 17 1.0
0.9766 0.939237 0.324117 17 1.0
0.019523 0.410466 0.024006 4 1.0
0.854583 0.050899 0.076588 8 1.0
0.021521 0.803583 0.003569 4 0.999599
0.979461 0.93968 0.38392 17 1.0
0.018439 0.74672 0.002788 4 0.254595
0.02234 0.267152 0.010694 4 1.0
0.980906 0.948641 0.271574 17 0.997293
0.020927 0.659197 0.003948 4 1.0
0.984036 0.747121 0.103326 18 1.0
0.641032 0.048685 0.074768 8 0.0
0.393708 0.047652 0.061147 8 4.4e-05
0.186855 0.295383 0.460107 2 0.044306
0.021585 0.258415 0.005754 4 0.999982
0.018569 0.65865 0.006547 4 1.0
0.772992 0.047465 0.063828 9 1.0
0.980128 0.051875 0.965408 11 1.0
0.981315 0.05313 0.964136 11 1.0
0.978043 0.053636 0.965201 11 1.0
0.978941 0.05062 0.966681 11 1.0
0.982213 0.050114 0.965616 11 1.0
0.983121 0.209615 0.966511 11 1.0
0.018665 0.947364 0.076158 4 0.999886
0.983307 0.903842 0.964752 11 1.0
0.020049 0.701814 0.003994 4 1.0
0.299733 0.060559 0.465433 2 1.0
0.983031 0.891178 0.964591 11 1.0
0.817789 0.039214 0.063843 9 1.0
0.977276 0.249822 0.960852 11 1.0
0.982847 0.833005 0.965051 11 1.0
0.977932 0.597407 0.962678 11 0.984859
0.182406 0.057864 0.271859 8 0.992323
0.975817 0.949495 0.513541 17 1.0
0.01961 0.57427 0.032379 4 0.0
0.764876 0.796582 0.990582 11 0.999964
0.017851 0.722915 0.018898 4 0.999997
0.016536 0.811846 0.002528 4 1.0
0.698516 0.047773 0.079405 8 0.0
0.977695 0.942188 0.445365 17 0.999977
0.238569 0.052205 0.027134 8 0.999703
0.973396 0.934725 0.353078 17 1.0
0.018509 0.152875 0.000559 4 0.999507
0.020734 0.776674 0.004497 4 1.0
0.483572 0.949215 0.047278 17 1.0
0.982134 0.947573 0.526064 17 1.0
0.982019 0.584405 0.965513 11 1.0
0.017044 0.675525 0.005536 4 1.0
0.020572 0.422401 0.009114 4 0.99973
0.019723 0.679356 0.011268 4 1.0
0.982767 0.951805 0.313496 17 1.0
0.885638 0.048563 0.072088 9 1.0
0.020625 0.283948 0.006133 4 1.0
0.020398 0.684297 0.01737 4 1.0
0.590824 0.04822 0.072733 8 0.0
0.980439 0.051214 0.222413 8 1.0
0.506452 0.523384 0.697324 7 1.0
0.145984 0.04934 0.010482 8 1.0
0.017075 0.713162 0.006678 4 1.0
0.979839 0.940744 0.555755 13 0.044874
0.021289 0.701679 0.005445 4 0.999999
0.021472 0.800698 0.004155 4 1.0
0.023305 0.79413 0.210001 4 0.999972
0.975698 0.29536 0.961724 11 1.0
0.019643 0.06041 0.127154 4 0.999999
0.751227 0.6045 0.994951 14 0.999997
0.477043 0.058011 0.51037 7 0.999999
0.019946 0.791704 0.003069 4 1.0
0.977687 0.943569 0.301504 17 1.0
0.976099 0.591174 0.959555 11 1.0
0.267495 0.059503 0.464107 2 1.0
0.007797 0.939831 0.002982 4 1.0
0.011006 0.93914 0.003182 4 1.0
0.006272 0.934455 0.008873 4 1.0
0.004587 0.940522 0.002782 4 1.0
0.009322 0.945208 -0.002909 4 1.0
0.018206 0.245433 0.001465 4 1.0
0.014706 0.468894 0.043787 4 0.0
0.02103 0.509096 0.018117 4 0.999998
0.98199 0.073608 0.353707 12 3e-06
0.185858 0.401043 0.463194 2 0.0
0.978426 0.577294 0.964096 11 1e-06
0.028831 0.624703 0.015686 4 1.0
0.979103 0.945021 0.306205 17 1.0
0.975116 0.397462 0.961728 11 0.959274
0.972627 0.945061 0.488447 17 1.0
0.580726 0.05049 0.059638 8 1.0
0.981316 0.70002 0.960144 11 1.0
0.395892 0.051381 0.044304 8 1.0
0.020789 0.558066 0.004342 4 1.0
0.246421 0.05967 0.027505 8 1.0
0.715144 0.051559 0.063174 8 1.0
0.180177 0.615898 0.469387 1 1.0
0.021101 0.232415 0.008565 4 1.0
0.97972 0.923759 0.490511 13 0.002345
0.020356 0.523901 0.005864 4 0.999963
0.032206 0.703486 0.21121 3 0.999999
0.6547 0.052181 0.077042 8 0.0
0.979076 0.509039 0.963898 11 2e-06
0.148761 0.05281 0.014061 8 0.999198
0.017658 0.61341 0.025143 4 1.0
0.161405 0.053995 0.014359 8 1.0
0.232725 0.052229 0.027012 8 1.0
0.970845 0.053686 0.373599 8 1.0
0.636977 0.047357 0.064149 8 1.0
0.019808 0.305734 0.005876 4 1.0
0.01868 0.459855 0.00306 4 1.0
0.022493 0.051486 0.111443 4 0.974468
0.732373 0.059476 0.848467 14 0.997513
0.526065 0.915651 0.706545 16 0.086034
0.525357 0.92844 0.704688 16 0.086034
0.518732 0.915139 0.705812 16 0.086034
0.526772 0.902861 0.708403 16 0.086034
0.533397 0.916163 0.707279 16 0.086034
0.891238 0.953745 0.976351 11 1.0
0.983892 0.138167 0.966507 11 1.0
0.984345 0.046238 0.18622 9 1.0
0.735438 0.049355 0.878829 14 1.0
0.985407 0.952895 0.874665 17 1.0
0.019611 0.390321 0.004569 4 1.0
0.01518 0.248253 0.002105 4 1.0
0.983957 0.668984 0.132065 18 0.0
0.984398 0.933609 0.646361 13 0.0
0.434222 0.056341 0.044616 9 1.0
0.981597 0.516865 0.117693 12 1.0
0.665522 0.048563 0.078722 8 3.4e-05
0.978555 0.939315 0.355321 17 1.0
0.768976 0.429836 0.991073 11 1.0
0.978798 0.943636 0.756919 17 1.0
0.199384 0.65892 0.470387 2 0.0
0.771145 0.950775 0.072464 17 0.924117
0.28946 0.055012 0.034424 9 1.0
0.022708 0.493451 0.020051 4 1.0
0.019159 0.505565 0.011121 4 1.0
0.018749 0.629681 0.004149 4 1.0
0.019963 0.334328 0.003862 4 1.0
0.323501 0.948625 0.047682 17 1.0
0.977952 0.939304 0.308023 17 0.999956
0.021356 0.804929 0.002886 4 1.0
0.018429 0.284078 0.005595 4 0.996558
0.1912 0.703271 0.462519 2 0.0
0.976863 0.942399 0.296307 17 1.0
0.977962 0.637807 0.956797 11 1.0
0.5594 0.047861 0.076181 8 2e-06
0.017387 0.730369 0.005871 4 1.0
0.725227 0.949708 0.086164 17 0.031341
0.775326 0.493251 0.990696 11 0.847392
0.983374 0.725821 0.106325 18 1.0
0.018177 0.409548 0.008052 4 1.0
0.017536 0.532903 0.006547 4 1.0
0.013405 0.296151 0.000506 4 1.0
0.016668 0.788767 0.009613 4 1.0
0.815153 0.940228 0.078985 17 1.0
0.01977 0.485466 0.007298 4 1.0
0.328647 0.954639 0.059588 17 1.0
0.323126 0.951587 0.040582 17 1.0
0.018435 0.74701 0.002813 4 1.0
0.514384 0.161358 0.702783 15 0.011935
0.891531 0.050627 0.976103 8 1.0
0.179441 0.246324 0.463019 1 1.0
0.754906 0.406791 0.99528 14 1.0
0.976109 0.648548 0.960312 11 1.0
0.986246 0.949357 0.605018 17 1.0
0.973983 0.94398 0.497755 17 1.0
0.982207 0.946482 0.705895 17 1.0
0.381227 0.950621 0.060594 17 1.5e-05
0.486401 0.945056 0.608434 6 0.999957
0.976783 0.055304 0.604682 13 1.0
0.727021 0.048057 0.089456 8 0.0
0.023335 0.409048 0.029533 4 1.0
0.180753 0.415917 0.461444 1 1.0
0.65045 0.048566 0.059278 8 1.0
0.017414 0.551614 0.006593 4 1.0
0.012114 0.327987 0.00104 4 1.0
0.01994 0.346029 0.003655 4 1.0
0.977257 0.937993 0.40937 17 1.0
0.016346 0.494626 0.003725 4 1.0
0.018966 0.394121 0.011893 4 1.0
0.532436 0.947886 0.084976 17 0.0
0.984593 0.936909 0.60321 13 0.0
0.982961 0.744973 0.963293 12 1.0
0.01699 0.584985 0.211455 4 1.0
0.750124 0.085785 0.05741 10 0.0
0.023875 0.492204 0.021439 4 1.0
0.792427 0.047655 0.084113 8 3.9e-05
0.409318 0.051049 0.044183 8 1.0
0.500067 0.470721 0.678523 6 0.0
0.980068 0.697554 0.963496 11 1.0
0.977996 0.945414 0.62777 17 1.0
0.793612 0.949351 0.0702 17 1.0
0.576098 0.048385 0.055216 8 1.0
0.167148 0.046602 0.020621 8 1.0
0.980386 0.43116 0.952954 13 1.0
0.01788 0.542844 0.004046 4 1.0
0.018256 0.670865 0.007677 4 1.0
0.019586 0.342763 0.004639 4 1.0
0.978331 0.943296 0.566055 17 1.0
0.371199 0.060148 0.033735 9 1.0
0.965503 0.050893 0.967776 11 1.0
0.516174 0.172152 0.702989 15 4.8e-05
0.018152 0.948339 0.077167 4 0.999997
0.982432 0.910481 0.964764 11 1.0
0.753767 0.605918 0.993192 14 0.999965
0.01561 0.95 0.074797 4 1.0
0.659833 0.945162 0.704404 16 0.999689
0.014978 0.222193 0.004781 4 0.999999
0.982067 0.394144 0.96439 11 1.0
0.981121 0.36981 0.964851 11 1.0
0.992521 0.056727 0.081207 8 1.0
0.983761 0.692074 0.966344 11 1.0
0.236614 0.94822 0.021491 17 1.0
0.981377 0.685844 0.964168 11 1.0
0.010711 0.880782 -0.005563 4 1.0
0.015183 0.876979 -0.002341 4 1.0
0.56117 0.950708 0.074888 17 0.000196
0.01697 0.730886 0.015068 4 0.959058
0.97863 0.690867 0.963265 11 0.999896
0.983997 0.933597 0.682932 13 0.0
0.453884 0.049012 0.057587 8 1e-06
0.282345 0.048663 0.032884 8 1.0
0.967563 0.670373 0.963642 11 0.003916
0.976321 0.70594 0.960689 11 1.0
0.022284 0.356615 0.032488 4 1.0
0.020241 0.331235 0.008394 4 1.0
0.022664 0.40829 0.020429 4 0.999999
0.348923 0.059925 0.033491 8 1.0
0.978721 0.939605 0.442739 17 1.0
0.022064 0.662895 0.030653 4 0.999924
0.01843 0.578816 0.003732 4 1.0
0.021965 0.419687 0.02853 4 1.0
0.416024 0.943475 0.069553 17 0.001779
0.977216 0.944051 0.296377 17 0.999394
0.97069 0.59478 0.962585 11 0.999704
0.984522 0.937719 0.615297 13 3e-06
0.981317 0.923335 0.561827 13 0.0
0.455677 0.053743 0.063808 8 0.0
0.262129 0.057783 0.029818 8 1.0
0.970879 0.694037 0.966456 11 1.0
0.975217 0.057639 0.588616 13 1.0
0.287693 0.948275 0.029978 17 1.0
0.980194 0.949457 0.736486 17 1.0
0.029719 0.241847 0.013798 4 1.0
0.019025 0.489698 0.003063 4 1.0
0.531701 0.048009 0.04222 8 1.0
0.981051 0.051326 0.169901 9 1.0
0.978559 0.936617 0.35842 17 1.0
0.017215 0.19059 0.004435 4 1.0
0.978635 0.944596 0.334122 17 1.0
0.019802 0.502289 0.015166 4 1.0
0.940919 0.056603 0.972189 11 0.999999
0.851672 0.058318 0.98107 11 1.0
0.018388 0.94167 0.09819 4 0.999996
0.482068 0.947337 0.569312 6 1.0
0.982957 0.867662 0.965972 11 1.0
0.147227 0.048494 0.012536 9 1.0
0.980175 0.406126 0.96354 11 1.0
0.281367 0.953344 0.054103 17 1.0
0.293375 0.952469 0.058349 17 1.0
0.014508 0.479093 0.006282 4 1.0
0.011761 0.178474 -0.006988 4 1.0
0.012011 0.126693 0.000577 4 1.0
0.015421 0.47861 0.000561 4 1.0
0.986208 0.950951 0.676523 17 1.0
0.014292 0.18951 -0.003864 4 1.0
0.503527 0.051117 0.076177 8 0.0
0.181336 0.42173 0.455633 1 1.0
0.57372 0.047974 0.05585 8 1.0
0.020344 0.655202 0.015335 4 1.0
0.978986 0.778067 0.963386 11 1.0
0.977307 0.942599 0.759388 17 0.999966
0.984095 0.642979 0.968537 11 1.0
0.980712 0.940294 0.616436 17 1.0
0.968123 0.939875 0.252172 17 1.0
0.979045 0.943049 0.395639 17 0.999999
0.018326 0.636449 0.002443 4 1.0
0.978153 0.939825 0.362918 17 1.0
0.529005 0.954635 0.07538 17 1.0
0.972588 0.941312 0.724202 17 0.0
0.975001 0.943958 0.377236 17 0.999998
0.637747 0.048883 0.086666 8 1e-06
0.192311 0.445252 0.462338 2 1.0
0.980836 0.946629 0.354421 17 1.0
0.425186 0.056066 0.047529 8 1.0
0.427646 0.936805 0.050965 17 0.605861
0.975554 0.938492 0.578225 17 0.999684
0.133367 0.949517 0.017225 17 1.0
0.976852 0.946797 0.235334 17 1.0
0.020828 0.36099 0.021184 4 1.0
0.022815 0.382536 0.013497 4 1.0
0.596631 0.954427 0.064318 17 1.0
0.986749 0.953862 0.149446 17 1.0
0.693203 0.046803 0.070499 8 1.0
0.019001 0.555951 0.004345 4 1.0
0.021399 0.332829 0.009491 4 1.0
0.017889 0.693964 0.026168 4 1.0
0.013674 0.865643 -0.001893 4 1.0
0.019158 0.492593 0.002059 4 1.0
0.979813 0.947478 0.289209 17 1.0
0.976565 0.279643 0.961915 11 0.999998
0.018035 0.158377 0.004923 4 1.0
0.663121 0.952716 0.690652 17 0.998501
0.017681 0.950014 0.094678 4 1.0
0.390986 0.950292 0.463877 2 0.999913
0.018692 0.788189 0.002541 4 1.0
0.178662 0.051438 0.265026 3 1.0
0.29093 0.049694 0.467581 7 1.0
0.983962 0.364363 0.965761 11 1.0
0.984962 0.948894 0.545921 17 1.0
0.984916 0.947105 0.764143 17 1.0
0.980996 0.94494 0.622102 17 1.0
0.700064 0.050501 0.093391 9 0.0
0.976035 0.435371 0.95995 11 1.0
0.75178 0.385897 0.992813 14 0.996369
0.37958 0.048169 0.059102 8 1.1e-05
0.775648 0.496128 0.991432 11 0.999287
0.981473 0.511284 0.097182 18 1.0
0.014498 0.236064 0.001626 4 0.745431
0.182913 0.491643 0.463257 1 1.0
0.156551 0.050685 0.015654 8 1.0
0.980178 0.051394 0.286016 9 1.0
0.979771 0.943132 0.371046 17 0.999976
0.016074 0.791795 0.023771 4 1.0
0.016713 0.169973 0.002534 4 1.0
0.978307 0.638533 0.963413 11 1.0
0.981024 0.948008 0.313477 17 1.0
0.689876 0.938796 0.072941 17 1.0
0.979212 0.945567 0.6696 17 1.0
0.975496 0.946837 0.38946 17 1.0
0.866893 0.051812 0.072364 8 0.995526
0.845531 0.949272 0.076199 17 1.0
0.410051 0.049911 0.039403 8 1.0
0.014415 0.234873 0.003081 4 1.0
0.019226 0.381167 0.005184 4 1.0
0.316305 0.949137 0.032567 17 1.0
0.020072 0.49662 0.005149 4 1.0
0.020734 0.345336 0.019512 4 1.0
0.84618 0.047824 0.096817 8 0.002073
0.971724 0.545805 0.958508 11 0.999999
0.980038 0.054471 0.267615 9 0.993725
0.016702 0.536326 0.211335 4 0.999664
0.01888 0.668263 0.211648 3 0.99999
0.475347 0.047827 0.063765 8 0.0
0.982773 0.68462 0.96379 12 1.0
0.46571 0.048357 0.049804 8 0.999755
0.016303 0.189258 0.005007 4 0.000128
0.687385 0.953018 0.076925 17 1.0
0.13826 0.051645 0.014689 8 1.0
0.979647 0.052642 0.22155 8 1.0
0.982441 0.941008 0.371065 17 0.999965
0.979105 0.052563 0.230836 9 1.0
0.213782 0.048868 0.015307 8 1.0
0.016771 0.251645 0.008561 4 1.0
0.01879 0.340735 0.013345 4 1.0
0.472403 0.049345 0.043891 8 1.0
0.520841 0.050383 0.049524 9 1.0
0.021489 0.685824 0.00316 4 0.999843
0.0206 0.344755 0.013206 4 1.0
0.977783 0.941597 0.72401 17 0.007238
0.014089 0.388687 -0.000714 4 1.0
0.983097 0.938292 0.591264 13 1.0
0.018481 0.521903 0.003892 4 1.0
0.346841 0.951632 0.036943 17 1.0
0.013959 0.127934 0.001607 4 1.0
0.15905 0.949149 0.014521 17 1.0
0.017454 0.947088 0.046402 4 0.999981
0.018832 0.750756 0.002858 4 0.999999
0.976007 0.243556 0.960426 11 1.0
0.112374 0.05481 0.014032 8 0.999999
0.982451 0.05134 0.224668 8 1.0
0.979154 0.293167 0.9634 11 1.0
0.976465 0.946801 0.233891 17 0.999998
0.178345 0.406403 0.460772 1 0.573573
0.982461 0.369628 0.96553 11 1.0
0.987987 0.38901 0.969519 11 1.0
0.978994 0.371898 0.959301 11 1.0
0.976936 0.350246 0.961541 11 1.0
0.985929 0.367357 0.971759 11 1.0
0.985082 0.471241 0.968813 11 1.0
0.983897 0.805889 0.967829 11 1.0
0.98463 0.042845 0.138712 8 1.0
0.950622 0.04883 0.372689 8 1e-06
0.980185 0.057672 0.738189 12 0.999959
0.239615 0.049789 0.067859 8 0.000104
0.945185 0.04949 0.470552 8 1e-06
0.181494 0.421888 0.458974 1 1.0
0.01784 0.254149 0.006271 4 0.322843
0.406028 0.059324 0.092299 8 0.0
0.021276 0.677673 0.006668 4 1.0
0.022197 0.68545 0.006723 4 1.0
0.02021 0.629106 0.006124 4 1.0
0.020317 0.676226 0.009484 4 1.0
0.022307 0.563267 0.025747 4 1.0
0.985034 0.930134 0.673526 13 0.094854
0.020838 0.269381 0.01107 4 1.0
0.834431 0.949333 0.079492 17 1.0
0.377886 0.95237 0.049371 17 1.0
0.018782 0.323251 0.009179 4 1.0
0.019783 0.414095 0.013914 4 1.0
0.37337 0.051822 0.028244 9 1.0
0.019787 0.296855 0.014698 4 1.0
0.971384 0.061513 0.548222 13 1.0
0.01997 0.415193 0.014846 4 1.0
0.018221 0.530722 0.003071 4 1.0
0.946376 0.048538 0.410285 8 2e-06
0.018321 0.165552 0.014377 4 0.998021
0.975469 0.054846 0.570056 13 0.992953
0.977019 0.937886 0.549325 17 0.00511
0.019741 0.775543 0.00207 4 0.99816
0.77864 0.046948 0.085428 8 0.0
0.681244 0.050405 0.113059 8 0.0
0.366891 0.052752 0.078056 8 1.0
0.978284 0.939737 0.804826 17 1.0
0.022632 0.474158 0.022239 4 1.0
0.019824 0.673589 0.005706 4 1.0
0.981769 0.049565 0.204999 8 1.0
0.984305 0.956989 0.210568 17 1.0
0.019939 0.303108 0.010906 4 1.0
0.01831 0.422183 0.005188 4 1.0
0.510508 0.951083 0.043606 17 1.0
0.975771 0.937028 0.616804 17 0.0
0.415247 0.052792 0.033653 9 1.0
0.976564 0.284612 0.961657 11 0.999995
0.025298 0.067044 0.123698 4 0.999987
0.835418 0.060198 0.98428 11 0.999999
0.017841 0.053136 0.098399 4 0.999721
0.982764 0.885618 0.966369 11 1.0
0.856247 0.951714 0.97904 17 1.0
0.179769 0.37569 0.463805 1 1.0
0.980393 0.369506 0.963954 11 1.0
0.97872 0.346061 0.963331 11 1.0
0.178252 0.056168 0.276813 9 0.999994
0.982644 0.770463 0.966306 11 1.0
0.980006 0.051481 0.24193 8 1.0
0.978698 0.762961 0.963883 11 1.0
0.984511 0.952265 0.302393 17 1.0
0.977299 0.946599 0.233422 17 0.999998
0.979964 0.188711 0.960866 11 0.999866
0.019288 0.742003 0.003102 4 1.0
0.3666 0.081749 0.023319 10 0.0
0.020256 0.600078 0.004296 4 1.0
0.016853 0.802508 0.001261 4 1.0
0.018756 0.492155 0.003349 4 1.0
0.178363 0.640107 0.461776 1 1.0
0.579309 0.048643 0.057068 8 1.0
0.180506 0.247142 0.459249 1 1.0
0.021997 0.499291 0.012034 4 1.0
0.167827 0.051235 0.017196 8 1.0
0.980201 0.054918 0.579427 12 1.0
0.181045 0.506574 0.447424 1 0.05547
0.139302 0.054152 0.014145 8 0.999996
0.97814 0.940894 0.341207 17 0.939475
0.610602 0.049049 0.0709 8 0.0
0.978441 0.942784 0.652902 17 1.0
0.976502 0.941571 0.531474 17 1.0
0.566055 0.047891 0.05848 9 1.0
0.02096 0.702197 0.003741 4 1.0
0.020071 0.370516 0.016363 4 1.0
0.309793 0.946727 0.030079 17 1.0
0.196182 0.049344 0.026138 9 1.0
0.019414 0.374808 0.002053 4 1.0
0.018075 0.277689 0.002392 4 1.0
0.976313 0.304698 0.961401 11 1.0
0.518726 0.090766 0.703172 15 0.007828
0.016342 0.949777 0.086105 4 1.0
0.153355 0.055471 0.211583 3 1.0
0.753636 0.607297 0.993037 14 0.999893
0.016826 0.195324 0.003137 4 1.0
0.015079 0.663072 0.21171 4 1.0
0.977777 0.05652 0.65518 13 1.0
0.981939 0.815602 0.961145 12 1.0
0.019378 0.946004 0.088835 4 1.0
0.759592 0.50041 0.997886 11 1.0
0.868001 0.051541 0.071849 8 0.9996
0.987674 0.048966 0.441233 8 1.0
0.986192 0.047469 0.243691 8 1.0
0.503925 0.717174 0.678254 6 0.026167
0.954707 0.669437 0.969216 11 0.0
0.022155 0.579282 0.014938 4 1.0
0.980279 0.051457 0.307781 8 1.0
0.01979 0.662856 0.003728 4 1.0
0.981056 0.669768 0.965746 11 1.0
0.978935 0.706422 0.96673 11 1.0
0.965411 0.625773 0.964005 11 1.0
0.017636 0.486436 0.003467 4 1.0
0.972076 0.613769 0.965815 11 1.0
0.910076 0.048285 0.078213 8 1.0
0.977375 0.942856 0.322504 17 1.0
0.01374 0.581899 0.004117 4 1.0
0.971521 0.945215 0.421999 17 1.0
0.18884 0.050522 0.01913 8 1.0
0.97384 0.945688 0.277821 17 1.0
0.016454 0.602158 0.003882 4 1.0
0.97812 0.942437 0.382954 17 1.0
0.954354 0.639713 0.970434 11 0.0
0.635862 0.95005 0.078795 17 1.0
0.580774 0.950419 0.075059 17 0.065312
0.971863 0.945965 0.535187 17 1.0
0.97428 0.940377 0.426316 17 1.0
0.277798 0.942589 0.044442 17 0.999973
0.019554 0.207036 0.012101 4 1.0
0.980238 0.469318 0.957613 13 1.0
0.468062 0.05783 0.044622 8 1.0
0.979257 0.617844 0.963865 11 1.0
0.97706 0.940392 0.401948 17 0.999999
0.024646 0.167084 0.007741 4 1.0
0.759631 0.950178 0.083371 17 1.0
0.264766 0.947433 0.027426 17 1.0
0.022748 0.44472 0.018961 4 1.0
0.793617 0.941265 0.075345 17 1.0
0.979228 0.940907 0.74142 13 1.0
0.97602 0.050583 0.220679 8 1.0
0.952222 0.067295 0.97027 11 0.999964
0.021179 0.805717 0.004063 4 1.0
0.016979 0.137075 0.214851 3 1.0
0.132296 0.052471 0.013183 9 0.996176
0.753652 0.616288 0.999331 11 1.0
0.018113 0.689802 0.003543 4 1.0
0.023667 0.731795 0.019137 4 0.99748
0.756302 0.461577 0.996109 11 1.0
0.984127 0.797661 0.969183 11 1.0
0.016202 0.527777 0.001123 4 1.0
0.017106 0.190501 0.005777 4 1.0
0.98616 0.047577 0.28621 9 1.0
0.020134 0.273856 0.008115 4 1.0
0.981042 0.450093 0.949375 13 0.999995
0.981754 0.052572 0.261488 8 0.008919
0.020752 0.510271 0.006106 4 1.0
0.976441 0.939709 0.332585 17 0.999986
0.019467 0.202468 0.000971 4 0.993626
0.020914 0.561876 0.017957 4 0.966539
0.985437 0.050477 0.544022 8 1.0
0.986958 0.04647 0.197996 8 1.0
0.391732 0.945082 0.0345 17 1.0
0.017239 0.682313 0.007752 4 1.0
0.951645 0.050788 0.563298 8 1.4e-05
0.033683 0.335373 0.218365 3 0.999995
0.981423 0.783046 0.966816 11 1.0
0.020845 0.286725 0.002839 4 0.980086
0.978366 0.943688 0.576102 17 1.0
0.474588 0.054847 0.038742 9 1.0
0.021774 0.69108 0.007172 4 1.0
0.019752 0.462484 0.019113 4 1e-05
0.979301 0.942769 0.61606 17 1.0
0.014111 0.237925 -0.00172 4 1.0
0.649932 0.048042 0.061409 8 1.0
0.91523 0.054531 0.976017 11 0.969666
0.653729 0.050847 0.692272 8 0.999998
0.858513 0.057529 0.981084 11 0.999939
0.982059 0.948389 0.874531 17 0.988938
0.021003 0.795305 0.213144 4 0.999943
0.752307 0.609097 0.994412 14 1.0
0.731883 0.049433 0.826747 14 0.999692
0.977022 0.345838 0.961088 11 1.0
0.018477 0.948911 0.180612 4 1.0
0.188456 0.947206 0.273451 17 0.99998
0.012915 0.128224 -0.000258 4 1.0
0.983 0.050259 0.249629 8 1.0
0.986581 0.954674 0.185502 17 1.0
0.976501 0.062879 0.446283 13 0.0
0.019166 0.342743 0.015619 4 1.0
0.979178 0.348116 0.963104 11 1.0
0.754138 0.335165 0.998264 11 1.0
0.727037 0.052662 0.093333 9 0.0
0.543122 0.054682 0.069765 8 0.0
0.022525 0.74714 0.002959 4 0.980187
0.981589 0.946996 0.302066 17 1.0
0.981121 0.820828 0.963086 11 1.0
0.772268 0.044999 0.073551 8 1.0
0.017561 0.662298 0.002342 4 1.0
0.978671 0.942102 0.693864 17 6.3e-05
0.020313 0.5521 0.014936 4 1.0
0.977431 0.693625 0.962081 11 1.0
0.152387 0.054022 0.013274 8 0.999857
0.974899 0.943197 0.594081 17 1.0
0.073768 0.954583 0.000363 4 1.0
0.877947 0.046665 0.081699 9 1.0
0.977374 0.944363 0.375992 17 1.0
0.017336 0.294126 0.020998 4 8.9e-05
0.97959 0.525133 0.094765 18 0.0
0.984917 0.943029 0.693231 13 0.712812
0.672173 0.047646 0.06596 8 1.0
0.981399 0.934881 0.806567 13 0.02742
0.019674 0.25559 0.019755 4 1.0
0.960716 0.953406 0.459906 17 1.0
0.981363 0.940041 0.438963 17 1.0
0.506567 0.947164 0.045931 17 1.0
0.019498 0.702142 0.005312 4 1.0
0.014892 0.720833 0.000648 4 1.0
0.981968 0.948075 0.198141 17 1.0
0.977517 0.940893 0.381381 17 1.0
0.019929 0.27317 0.002932 4 1.0
0.018364 0.457074 0.006121 4 1.0
0.01509 0.354852 0.001874 4 1.0
0.977978 0.05717 0.279944 9 1.0
0.019019 0.374031 0.002219 4 1.0
0.980732 0.944322 0.601363 17 1.0
0.973212 0.168 0.964128 11 0.999967
0.101068 0.050604 0.011361 8 0.408615
0.98615 0.297849 0.084982 12 1.0
0.982756 0.887076 0.964418 11 1.0
0.979195 0.327653 0.965332 11 1.0
0.982527 0.561382 0.965585 11 1.0
0.015278 0.881609 -0.000476 4 1.0
0.480622 0.947081 0.58193 6 0.999999
0.985329 0.949101 0.786243 17 1.0
0.98685 0.949798 0.809801 17 1.0
-0.007098 0.955117 0.014247 4 1.0
0.983243 0.938465 0.725947 17 0.999924
0.963949 0.941257 0.693653 17 0.0
0.014268 0.682248 0.017938 4 0.999996
0.017359 0.761143 0.002727 4 0.219726
0.022597 0.491968 0.020125 4 1.0
0.178422 0.341061 0.45521 1 0.999996
0.425961 0.950521 0.049242 17 1.0
0.026361 0.564409 0.017327 4 1.0
0.17986 0.480935 0.464723 1 1.0
0.135398 0.950556 0.011923 17 1.0
0.018492 0.477385 0.00361 4 1.0
0.979904 0.938535 0.378451 17 7e-06
0.982487 0.941412 0.492464 13 0.999859
0.982954 0.062418 0.557651 12 0.0
0.180587 0.716011 0.4688 1 1.0
0.020747 0.482892 0.006838 4 1.0
0.063613 0.95587 0.001123 4 1.0
0.06846 0.597492 0.005474 5 0.0
0.971701 0.942744 0.730044 17 3e-06
0.968405 0.945283 0.735654 17 0.0
0.022281 0.529168 0.011426 4 0.999998
0.459442 0.048539 0.047794 8 0.999432
0.020355 0.450771 0.014844 4 1.0
0.023671 0.687542 0.004327 4 0.999995
0.019835 0.487019 0.008875 4 1.0
0.981484 0.947418 0.409798 17 1.0
0.018442 0.503237 0.002633 4 1.0
0.982241 0.053101 0.23833 8 0.999964
0.017918 0.543342 0.009727 4 1.0
0.53605 0.048626 0.065848 8 1.0
0.979395 0.629971 0.96126 11 1.0
0.015718 0.149967 0.006836 4 1.0
0.02296 0.229911 0.005499 4 1.0
0.020658 0.277067 0.003417 4 1.0
0.948123 0.056191 0.45468 8 0.0
0.977008 0.939354 0.524493 17 1.0
0.020994 0.322299 0.012247 4 1.0
0.976066 0.250922 0.959945 11 1.0
0.92628 0.06119 0.973673 11 0.999557
0.92541 0.06456 0.973821 11 0.999557
0.917919 0.059058 0.973063 11 0.999557
0.927151 0.05782 0.973526 11 0.999557
0.934642 0.063323 0.974283 11 0.999557
0.346395 0.047398 0.465614 7 1.0
0.020285 0.943427 0.081395 4 0.999995
0.98286 0.901358 0.964405 11 1.0
0.982479 0.878948 0.965655 11 1.0
0.976493 0.82211 0.96335 11 1.0
0.980992 0.948018 0.412104 17 1.0
0.971367 0.956729 0.327404 17 1.0
0.185271 0.946684 0.327798 17 0.999998
0.094476 0.95967 -0.008645 4 1.0
0.403864 0.052447 0.447915 9 1.0
0.384554 0.053637 0.44915 9 1.0
0.404322 0.052963 0.454586 9 1.0
0.423174 0.051257 0.446681 9 1.0
0.403405 0.051932 0.441245 9 1.0
0.010509 0.282731 -0.014991 4 1.0
0.932987 0.046351 0.080495 8 1.0
0.0709 0.955946 0.001522 4 1.0
0.072595 0.955021 0.002472 4 1.0
0.069082 0.953926 0.002797 4 1.0
0.069205 0.956872 0.000571 4 1.0
0.072718 0.957967 0.000247 4 1.0
0.014136 0.480469 0.000402 4 1.0
-0.008014 0.955369 0.014733 4 1.0
0.021482 0.522624 0.011133 4 1.0
0.979557 0.636447 0.963379 11 1.0
0.01546 0.841564 -0.003813 4 1.0
-0.010596 0.956914 0.017918 4 1.0
-0.009429 0.956337 0.018985 4 1.0
-0.012016 0.956974 0.019505 4 1.0
-0.011763 0.957491 0.016851 4 1.0
-0.009175 0.956854 0.016331 4 1.0
0.973422 0.053656 0.714107 13 0.002631
0.479457 0.05022 0.079853 8 0.0
0.98127 0.054116 0.807621 13 0.999998
0.512823 0.534878 0.697532 7 0.988636
0.326724 0.04991 0.047158 9 1.0
0.404969 0.048074 0.055308 9 0.0
0.019333 0.665553 0.007584 4 1.0
0.192111 0.322034 0.467484 2 1.0
0.981219 0.94532 0.644452 17 1.0
0.02053 0.338239 0.009141 4 1.0
0.017567 0.770752 0.002848 4 1.0
0.985974 0.954365 0.163107 17 1.0
0.977765 0.055116 0.60381 13 1.0
0.399498 0.950698 0.038949 17 1.0
0.983411 0.052168 0.399707 8 0.931262
0.01698 0.257021 0.001458 4 1.0
0.982683 0.947275 0.626662 17 1.0
0.01819 0.494887 0.003523 4 1.0
0.015656 0.83779 -0.003213 4 1.0
0.36834 0.95086 0.031256 17 1.0
0.019922 0.499537 0.01145 4 1.0
0.462133 0.949767 0.044212 17 1.0
0.329663 0.951031 0.048084 17 1.0
0.756627 0.047268 0.090913 8 0.0
0.964471 0.04794 0.323593 8 0.000104
0.765585 0.195076 0.99324 11 0.0
0.979812 0.940684 0.310518 17 1.0
0.019176 0.377846 0.021192 4 1.0
0.971035 0.055484 0.670548 13 1.0
0.971655 0.056292 0.602897 13 1.0
0.375594 0.050735 0.066602 9 0.0
0.757977 0.447044 0.99387 11 1.0
0.022651 0.432399 0.020771 4 1.0
0.019615 0.195458 0.008274 4 1.0
0.021317 0.386761 0.005874 4 1.0
0.981711 0.599463 0.117362 18 1.0
0.020193 0.694997 0.011162 4 1.0
0.979044 0.945125 0.569347 17 1.0
0.97925 0.940728 0.618508 17 0.99497
0.014331 0.151148 -0.001351 4 1.0
0.979982 0.934741 0.329858 17 9e-05
0.97291 0.495356 0.966466 11 1.0
0.987491 0.04645 0.287547 9 1.0
0.211487 0.949333 0.025585 17 1.0
0.977159 0.944733 0.598342 17 1.0
0.016885 0.646792 0.004986 4 1.0
0.984882 0.949902 0.693491 17 1.0
0.018855 0.490378 0.00312 4 1.0
0.695402 0.050809 0.0585 8 1.0
0.02062 0.314441 0.00482 4 1.0
0.150081 0.948036 0.015523 17 1.0
0.752987 0.316744 0.997241 11 1.0
0.183096 0.409512 0.460203 1 0.883168
0.049686 0.956235 0.002821 4 1.0
0.984792 0.947914 0.733113 17 1.0
0.01341 0.846346 -0.00434 4 1.0
0.093549 0.959132 0.001246 4 1.0
0.095826 0.959042 0.001088 4 1.0
0.093603 0.957763 0.002805 4 1.0
0.091271 0.959222 0.001404 4 1.0
0.093495 0.960501 -0.000313 4 1.0
0.002092 0.955427 0.002268 4 1.0
0.002118 0.955415 0.002265 4 1.0
0.002091 0.955423 0.002277 4 1.0
0.002066 0.955438 0.002271 4 1.0
0.002092 0.95543 0.002258 4 1.0
0.117135 0.952917 0.008708 17 1.0
0.100993 0.952709 0.006756 17 1.0
-0.01026 0.956071 0.017027 4 1.0
-0.008959 0.955609 0.017162 4 1.0
-0.0105 0.955867 0.018633 4 1.0
-0.011562 0.956533 0.016892 4 1.0
-0.010021 0.956275 0.01542 4 1.0
-0.008983 0.955925 0.015582 4 1.0
-0.00821 0.955534 0.014846 4 1.0
0.018984 0.66139 0.015692 4 2e-06
0.97379 0.942725 0.448016 17 0.120317
0.974102 0.946584 0.350764 17 1.0
0.021324 0.687324 0.003649 4 0.999959
0.978135 0.940703 0.571334 17 1.0
0.020072 0.189679 0.00889 4 1.0
0.018901 0.584343 0.01135 4 1.0
0.529422 0.046101 0.051206 8 1.0
0.01867 0.162926 0.009021 4 1.0
0.019349 0.381812 0.004177 4 1.0
0.021262 0.283195 0.006703 4 1.0
0.970689 0.944304 0.422992 17 0.002078
0.969103 0.942849 0.564567 17 0.0
0.018451 0.316442 0.02502 4 1.0
0.269626 0.942185 0.047842 17 1.0
0.604743 0.052847 0.087087 9 0.0
0.981283 0.070155 0.54031 12 0.0
0.948424 0.56553 0.961589 11 1.0
0.020983 0.437329 0.010473 4 1.0
0.021352 0.491126 0.001749 4 1.0
0.016883 0.637556 0.006229 4 1.0
0.976009 0.945276 0.325194 17 1.0
0.978425 0.571503 0.96555 11 1.0
0.020829 0.411077 0.020791 4 1.0
0.019656 0.228583 0.005092 4 1.0
0.982835 0.947675 0.718787 17 1.0
0.019612 0.217645 0.003055 4 0.346674
0.983837 0.164551 0.967501 11 1.0
0.975001 0.178832 0.961892 11 0.999996
0.691162 0.947224 0.697545 17 0.997152
0.021545 0.945602 0.0799 4 1.0
0.982119 0.053446 0.173555 8 1.0
0.976568 0.241783 0.960297 11 0.999999
0.979749 0.051816 0.205831 8 1.0
0.976374 0.498905 0.959317 11 0.981241
0.178386 0.172518 0.466901 2 1.0
0.503896 0.944075 0.66996 6 1.0
0.975351 0.521105 0.960775 11 1.0
0.016507 0.735478 0.009867 4 1.0
0.984061 0.042312 0.135584 9 1.0
0.985771 0.045862 0.728518 8 1.0
0.985744 0.952023 0.306651 17 1.0
0.953097 0.045429 0.084024 8 1.0
0.07264 0.955483 0.001648 4 1.0
0.986487 0.046891 0.134408 8 1.0
0.1157 0.959631 0.010024 17 1.0
0.118115 0.959333 0.010781 17 1.0
0.11534 0.959156 0.010985 17 1.0
0.113285 0.95993 0.009267 17 1.0
0.11606 0.960107 0.009063 17 1.0
0.992431 0.041115 0.224003 12 1.0
0.001082 0.958529 -0.002088 4 1.0
-0.007621 0.955231 0.014498 4 1.0
-0.007619 0.95523 0.014498 4 1.0
-0.007621 0.95523 0.014499 4 1.0
-0.007623 0.955232 0.014497 4 1.0
-0.007621 0.955231 0.014497 4 1.0
0.978184 0.942186 0.733249 17 0.0
0.975899 0.386619 0.964783 11 1.0
0.019448 0.543611 0.007265 4 1.0
0.021695 0.796068 0.006627 4 0.99736
0.183774 0.411448 0.468409 1 1.0
0.357989 0.048671 0.069435 8 0.0
0.020134 0.305089 0.007212 4 1.0
0.019054 0.651882 0.002677 4 1.0
0.981179 0.742058 0.966304 11 1.0
0.285 0.952937 0.033233 17 1.0
0.014015 0.451396 0.029283 4 0.0
0.980989 0.95163 0.304364 17 1.0
0.019067 0.314286 0.015712 4 1.0
0.016707 0.746188 0.005598 4 1.0
0.015887 0.579351 0.004215 4 1.0
0.407409 0.945324 0.04916 17 1.0
0.516023 0.051437 0.048184 8 1.0
0.322671 0.953419 0.059325 17 1.0
0.178978 0.324954 0.456076 1 1.0
0.021275 0.265471 0.004328 4 1.0
0.019264 0.518008 0.001395 4 0.999999
0.302261 0.949949 0.039007 17 1.0
0.018534 0.530845 0.003436 4 1.0
0.019325 0.308826 0.002923 4 1.0
0.974474 0.934234 0.487475 17 0.986841
0.968327 0.048863 0.438409 8 0.000156
0.175395 0.665019 0.451185 1 0.833322
0.973174 0.939884 0.764593 17 1.2e-05
0.019935 0.768301 0.006573 4 1.0
0.9735 0.942885 0.260706 17 0.999985
0.977696 0.94541 0.363054 17 1.0
0.018067 0.587872 0.006634 4 1.0
0.02744 0.426295 0.017295 4 1.0
0.013165 0.503125 0.033914 4 0.0
0.971997 0.744601 0.966079 11 0.008728
0.02012 0.241563 0.014941 4 1.0
0.246692 0.048688 0.016721 8 1.0
0.431429 0.949027 0.047401 17 1.0
0.016359 0.189752 0.002657 4 1.0
0.016793 0.453951 0.001023 4 1.0
0.015927 0.686362 0.006031 4 1.0
0.019769 0.560424 0.003993 4 1.0
0.976017 0.222181 0.961252 11 0.999999
0.028991 0.503887 0.215611 3 0.999993
0.016994 0.948432 0.169707 4 1.0
0.179494 0.241005 0.458027 1 1.0
0.976202 0.226336 0.961562 11 1.0
0.167742 0.053786 0.016121 8 0.917824
0.978331 0.743193 0.963114 11 1.0
0.985379 0.952216 0.367675 17 1.0
0.983559 0.605394 0.967927 11 1.0
0.980534 0.947323 0.6393 17 1.0
0.983794 0.773908 0.967875 11 1.0
0.983023 0.046873 0.14231 8 1.0
-0.007716 0.9553 0.01442 4 1.0
0.013152 0.23938 0.001812 4 1.0
-0.007509 0.955236 0.014377 4 1.0
-0.010545 0.956392 0.018199 4 1.0
-0.008156 0.955447 0.014854 4 1.0
-0.010749 0.961673 0.008507 4 1.0
0.0177 0.583574 0.000221 4 1.0
0.98407 0.044221 0.166506 8 1.0
0.014465 0.55079 0.023255 4 8.5e-05
0.971236 0.944777 0.721023 17 0.0
0.503184 0.373465 0.687203 6 0.0
0.019736 0.256771 0.006436 4 0.99999
0.981223 0.05737 0.779941 12 0.999987
0.017341 0.683923 0.00929 4 1.0
0.98183 0.938853 0.438014 17 1.0
0.981644 0.946996 0.312281 17 1.0
0.219339 0.944234 0.023744 17 1.0
0.184408 0.54747 0.462165 2 1.0
0.508406 0.60394 0.703299 7 1.0
0.98433 0.932163 0.425003 13 0.032026
0.981643 0.717785 0.966221 11 0.99994
0.52163 0.954495 0.102613 17 1.0
0.018899 0.561552 0.008209 4 1.0
0.751164 0.046877 0.066477 8 1.0
0.954413 0.048512 0.551709 8 0.0
0.016057 0.422213 0.046499 4 1e-06
0.978466 0.925748 0.513221 13 0.0
0.979532 0.941709 0.746954 17 0.000106
0.976983 0.942318 0.736889 17 0.000904
0.496132 0.559776 0.658638 6 1e-06
0.981054 0.943552 0.273495 17 0.961862
0.238654 0.056868 0.022487 8 1.0
0.017702 0.199146 0.003875 4 0.999999
0.47054 0.948245 0.045288 17 1.0
0.978225 0.943812 0.349925 17 1.0
0.979691 0.560694 0.964714 11 0.999862
0.976024 0.944746 0.593577 17 1.0
0.823872 0.949033 0.073527 17 1.0
0.984811 0.952087 0.596699 17 1.0
0.632177 0.047036 0.053244 8 1.0
0.018433 0.274942 0.005027 4 1.0
0.012061 0.669817 0.003824 4 1.0
0.983124 0.951105 0.251437 17 1.0
0.962273 0.048683 0.473636 8 1.5e-05
0.981202 0.944979 0.714047 17 1.0
0.019257 0.29514 0.004114 4 1.0
0.159128 0.947806 0.016071 17 1.0
0.021073 0.944013 0.079287 4 0.999983
0.983538 0.895104 0.962351 11 1.0
0.976307 0.499501 0.959406 11 0.99952
0.983342 0.649 0.967866 11 1.0
0.979176 0.352651 0.962302 11 0.999995
0.978239 0.764754 0.963882 11 1.0
0.987218 0.596769 0.969507 11 1.0
0.977069 0.617308 0.961263 11 1.0
0.786102 0.042071 1.002731 11 1.0
0.181194 0.741519 0.468182 1 1.0
0.977295 0.945542 0.205826 17 0.995413
0.982838 0.04448 0.219089 9 1.0
-0.006195 0.954805 0.013746 4 1.0
0.018154 0.64296 0.006593 4 1.0
0.97872 0.053982 0.604989 13 0.902957
0.979839 0.076128 0.45137 12 0.0
0.016667 0.386454 0.030544 4 0.0
0.9769 0.316862 0.961757 11 1.0
0.980924 0.947862 0.203567 17 0.999998
0.585948 0.952117 0.072249 17 0.001029
0.255788 0.949787 0.03226 17 1.0
0.017562 0.62929 0.013268 4 1.0
0.981859 0.049657 0.453886 8 1.0
0.01968 0.68525 0.007582 4 1.0
0.018332 0.251437 0.012681 4 1.0
0.980625 0.050506 0.34818 9 1.0
0.984257 0.948155 0.7755 17 1.0
0.980542 0.054742 0.401802 12 1.0
0.376091 0.055386 0.042296 8 1.0
0.019298 0.341898 0.003068 4 1.0
0.980103 0.945052 0.336191 17 1.0
0.976869 0.37601 0.963245 11 1.0
0.44225 0.949039 0.043298 17 1.0
0.978314 0.956129 0.385773 17 1.0
0.980044 0.681696 0.100741 18 0.99959
0.021366 0.243221 0.006047 4 1.0
0.444756 0.051632 0.053083 8 1.0
0.018964 0.311234 0.004509 4 1.0
0.016337 0.829497 -0.003832 4 1.0
0.015346 0.778134 -0.002372 4 1.0
0.985596 0.047563 0.572475 8 1.0
0.01858 0.516564 0.004664 4 1.0
0.983901 0.060145 0.598932 12 0.0
0.018049 0.275551 0.022223 4 0.0
0.176132 0.703732 0.457887 1 0.999996
0.023573 0.662703 0.024727 4 1.0
0.978869 0.943796 0.390034 17 0.999998
0.982278 0.253884 0.960645 11 1.0
0.7634 0.952237 0.084464 17 0.999215
0.870381 0.048171 0.987999 11 1.0
0.018306 0.74446 0.006354 4 1.0
0.980341 0.051106 0.268887 9 1.0
0.308571 0.05675 0.030995 8 1.0
0.981238 0.94524 0.721382 17 0.999998
0.982005 0.714021 0.107148 18 1.0
0.980058 0.937728 0.288173 17 0.013327
0.689785 0.948944 0.084389 17 1.0
0.019225 0.380849 0.009017 4 0.001967
0.983338 0.938099 0.554059 13 0.999999
0.636411 0.04639 0.055372 9 1.0
0.179352 0.69657 0.452817 1 1.0
0.551633 0.951235 0.067464 17 1.0
0.977105 0.533382 0.964643 11 0.999999
0.984994 0.957594 0.244272 17 1.0
0.020534 0.298698 0.004174 4 1.0
0.015761 0.833513 0.003444 4 1.0
0.013529 0.218963 -0.000707 4 1.0
0.014365 0.580891 0.001151 4 1.0
0.952108 0.054801 0.971114 11 0.999861
0.855668 0.052489 0.984589 11 1.0
0.982997 0.253159 0.0999 18 0.999988
0.023093 0.769043 0.00711 4 0.999966
0.653544 0.058382 0.70211 15 1.0
0.9828 0.946713 0.793611 17 1.0
0.281872 0.061588 0.466219 2 1.0
0.510728 0.138879 0.699468 6 0.001309
0.98079 0.050259 0.20259 8 1.0
0.891014 0.048536 0.975797 8 1.0
0.982969 0.853334 0.965407 11 1.0
0.979611 0.186114 0.961004 11 0.999998
0.228954 0.053049 0.457337 9 1.0
0.23891 0.049296 0.065698 9 0.005506
0.976121 0.530154 0.959926 11 1.0
0.983537 0.713629 0.968604 11 1.0
0.014089 0.191063 -0.004472 4 1.0
0.015833 0.849452 -0.000424 4 1.0
-0.00895 0.955774 0.015503 4 1.0
0.015151 0.243393 -0.000261 4 1.0
-0.009651 0.956132 0.01641 4 1.0
-0.007137 0.955051 0.014168 4 1.0
-0.010198 0.956316 0.016907 4 1.0
0.983912 0.053786 0.796525 8 0.312633
0.975414 0.065409 0.415952 13 0.0
0.978019 0.057631 0.574237 13 0.0
0.022 0.136705 0.214554 4 1.0
0.982634 0.047928 0.200735 8 1.0
0.17742 0.949523 0.019331 17 1.0
0.979041 0.94639 0.206373 17 1.0
0.682176 0.050533 0.060186 8 1.0
0.983142 0.951266 0.254019 17 1.0
0.628151 0.054704 0.092865 8 0.0
0.975951 0.723499 0.966445 11 1.0
0.018127 0.547582 0.004286 4 1.0
0.981739 0.726043 0.95492 12 1.0
0.488126 0.944271 0.606111 6 0.999965
0.654198 0.044632 0.089821 8 1.0
0.974191 0.954704 0.243913 17 1.0
0.017565 0.68665 0.005057 4 1.0
0.020959 0.400357 0.022769 4 0.999948
0.013982 0.807252 -0.002022 4 1.0
0.910712 0.049798 0.078648 9 1.0
0.017764 0.558105 0.002665 4 1.0
0.971091 0.062862 0.588117 13 6.8e-05
0.014248 0.61567 0.000104 4 1.0
0.017632 0.61293 0.002589 4 1.0
0.018438 0.804046 0.003032 4 1.0
0.985801 0.660174 0.127086 18 0.0
0.465742 0.048888 0.094219 8 0.0
0.22468 0.952069 0.029501 17 1.0
0.18554 0.472336 0.463173 2 0.0
0.020593 0.392115 0.012308 4 1.0
0.97611 0.720591 0.965153 11 1.0
0.015804 0.532196 0.00414 4 1.0
0.015882 0.425743 0.003971 4 1.0
0.01845 0.500647 0.004035 4 1.0
0.017973 0.637188 0.002616 4 1.0
0.01777 0.534747 0.004388 4 1.0
0.017568 0.546451 0.002259 4 1.0
0.017446 0.349739 -0.001004 4 1.0
0.954589 0.05807 0.968905 11 0.999998
0.976871 0.177075 0.964868 11 0.999961
0.81423 0.94978 0.986168 11 1.0
0.92726 0.05749 0.973167 11 0.999965
0.017111 0.944001 0.08683 4 1.0
0.021801 0.397694 0.216128 3 0.999974
0.979876 0.14319 0.961656 11 1.0
0.860385 0.952424 0.981013 11 1.0
0.982089 0.754013 0.958863 12 1.0
0.732574 0.948143 0.86449 14 1.0
0.982468 0.95044 0.540926 17 1.0
0.008932 0.892047 -0.01145 4 1.0
0.016971 0.803224 0.000831 4 1.0
0.095333 0.951747 0.007458 3 1.0
0.016396 0.294355 -0.000655 4 1.0
0.011966 0.924203 -0.008323 4 1.0
0.983204 0.045801 0.142331 8 1.0
0.98667 0.948512 0.649403 17 1.0
0.180489 0.746983 0.46915 1 1.0
0.8445 0.051923 0.071499 9 0.669465
0.977733 0.941676 0.428454 17 1.0
0.974484 0.94607 0.778667 17 1.0
-0.007118 0.955345 0.014153 4 1.0
-0.007425 0.95584 0.014004 4 1.0
-0.010414 0.9565 0.017438 4 1.0
0.980778 0.054319 0.641015 13 1.0
0.0183 0.532272 0.004065 4 1.0
0.01627 0.334274 0.000618 4 1.0
0.523799 0.950353 0.06246 17 0.999565
0.954616 0.951747 0.456526 17 0.989603
0.984963 0.562065 0.138269 12 0.0
0.424427 0.057118 0.082246 8 0.0
0.981178 0.063965 0.56772 13 0.081597
0.021178 0.456313 0.025791 4 1.0
0.65853 0.048258 0.074727 8 6.3e-05
0.698655 0.052726 0.100752 8 0.0
0.018373 0.263782 0.011068 4 0.001682
0.029279 0.624705 0.012978 4 0.999997
0.978428 0.942583 0.374109 17 0.99988
0.01309 0.78441 0.010153 4 1.0
0.018373 0.614927 0.004654 4 0.032765
0.019875 0.357464 0.009958 4 0.999966
0.463355 0.049173 0.049782 8 1.0
0.017503 0.685648 0.003293 4 1.0
0.983633 0.586474 0.115033 18 1.0
0.93632 0.047547 0.974639 11 1.0
0.015586 0.19059 0.007349 4 1.0
0.528619 0.046683 0.043762 9 1.0
0.015527 0.61606 -0.000146 4 1.0
0.019103 0.634141 0.005304 4 1.0
0.021204 0.324425 0.004811 4 0.771294
0.017552 0.092871 0.015215 4 1.0
0.11333 0.364055 0.010036 5 0.0
0.983722 0.064798 0.59664 13 0.0
0.021043 0.690093 0.02099 4 0.999728
0.658605 0.054812 0.083019 9 5e-06
0.016274 0.176648 0.006061 4 0.999565
0.241355 0.949675 0.027749 17 1.0
0.018085 0.50387 0.004905 4 1.0
0.441434 0.951908 0.041631 17 1.0
0.981295 0.948956 0.666523 17 1.0
0.566278 0.047149 0.062795 8 1.0
0.022798 0.386104 0.011627 4 1.0
0.01876 0.273538 0.005051 4 1.0
0.019053 0.209213 0.01109 4 1.0
0.27217 0.952502 0.041353 17 1.0
0.018865 0.34189 0.001474 4 1.0
0.018601 0.491189 0.002783 4 1.0
0.979241 0.05249 0.810738 12 0.993281
0.976127 0.24462 0.961387 11 1.0
0.976074 0.226955 0.960239 11 0.999997
0.523701 0.164641 0.702632 15 2.9e-05
0.982829 0.896673 0.966103 11 1.0
0.286429 0.053211 0.468352 7 1.0
0.557918 0.053895 0.703164 15 1.0
0.976716 0.283277 0.96141 11 1.0
0.016518 0.949403 0.105917 4 1.0
0.980443 0.385478 0.964553 11 1.0
0.975661 0.527689 0.961406 11 1.0
0.982064 0.566354 0.965664 11 1.0
0.977577 0.271385 0.963004 11 1.0
0.988363 0.044306 0.290562 13 1.0
0.016313 0.143728 0.003659 4 1.0
0.987028 0.951298 0.822729 17 1.0
0.018448 0.767558 0.003016 4 1.0
0.985292 0.049231 0.746763 13 1.0
-0.006959 0.959823 0.001749 4 1.0
-0.010731 0.957076 0.018169 4 1.0
0.910729 0.036681 0.987945 11 1.0
0.180467 0.735896 0.470662 1 1.0
-0.010328 0.956417 0.017183 4 1.0
-0.008712 0.955663 0.01532 4 1.0
-0.00699 0.954891 0.015475 4 1.0
-0.008956 0.955464 0.017052 4 1.0
-0.010434 0.956435 0.015166 4 1.0
-0.008468 0.955862 0.013589 4 1.0
0.957431 0.040885 0.980232 11 1.0
0.96936 0.039091 0.980154 11 1.0
0.957063 0.038197 0.985792 11 1.0
0.945502 0.04268 0.98031 11 1.0
0.957799 0.043574 0.974672 11 1.0
0.973274 0.949542 0.767912 17 1.0
0.765208 0.790198 0.993541 11 1.0
0.972649 0.951933 0.607966 17 1.0
0.817176 0.048937 0.07384 9 1.0
0.019756 0.382385 0.002439 4 1.0
0.022581 0.707203 0.002542 4 1.0
0.983048 0.804338 0.090185 18 1.0
0.019594 0.272617 0.008245 4 1.0
0.979133 0.945175 0.635365 17 1.0
0.01918 0.577068 0.008535 4 1.0
0.014128 0.290156 0.030441 4 1.0
0.01922 0.762325 0.006523 4 1.0
0.576793 0.04818 0.04637 8 1.0
0.586858 0.054248 0.047787 8 1.0
0.312296 0.945406 0.027472 17 1.0
0.986762 0.049379 0.328494 8 1.0
0.984694 0.616893 0.128742 18 1.0
0.01806 0.222429 0.002093 4 0.967826
0.98246 0.593933 0.116191 18 1.0
0.137813 0.94959 0.01336 17 1.0
0.979497 0.947734 0.280149 17 1.0
0.982087 0.073301 0.264435 12 0.0
0.67939 0.046752 0.063765 8 1.0
0.017401 0.280075 0.001328 4 1.0
0.98107 0.77435 0.111006 18 0.002047
0.017466 0.638124 0.007872 4 1.0
0.017347 0.420164 0.008541 4 1.0
0.615996 0.049278 0.055633 8 1.0
0.01961 0.50199 0.008638 4 1.0
0.018255 0.554879 0.003212 4 1.0
0.026969 0.370026 0.029818 4 1.0
0.9757 0.94076 0.479621 17 0.100643
0.350501 0.94505 0.032697 17 0.998098
0.252384 0.952389 0.035775 17 1.0
0.986211 0.951822 0.229195 17 1.0
0.438136 0.949673 0.044358 17 1.0
0.212271 0.952749 0.023882 17 1.0
0.016363 0.477691 0.001536 4 1.0
0.305948 0.951849 0.031767 17 1.0
0.983029 0.687304 0.121961 18 1.0
0.970225 0.051485 0.967343 11 1.0
0.970031 0.053201 0.966476 11 1.0
0.964015 0.051586 0.968937 11 1.0
0.97042 0.049769 0.968209 11 1.0
0.976436 0.051384 0.965748 11 1.0
0.962018 0.053347 0.969303 11 1.0
0.933056 0.050975 0.973379 11 0.999999
0.027456 0.950767 0.072736 17 1.0
0.645562 0.05971 0.704294 15 0.999985
0.751969 0.710067 0.997598 14 1.0
0.754931 0.697987 0.999298 11 1.0
0.01621 0.948583 0.101005 4 1.0
0.977921 0.213503 0.960736 11 1.0
0.070203 0.043657 0.008333 9 1.0
0.979052 0.757827 0.964327 11 1.0
0.012287 0.881205 -0.001927 4 1.0
0.885517 0.953306 0.077987 17 1.0
0.266466 0.048473 0.035066 8 1.0
0.085028 0.953305 0.014781 17 1.0
0.984192 0.736214 0.970305 11 1.0
0.991703 0.040203 0.141489 18 1.0
-0.006624 0.954906 0.013936 4 1.0
0.994966 0.039632 0.196836 12 1.0
-0.009358 0.955973 0.015982 4 1.0
0.007904 0.045834 0.01625 8 1.0
0.001744 0.058916 -0.001635 8 1.0
0.012163 0.052295 0.019509 8 1.0
0.014064 0.032753 0.034136 8 1.0
0.003645 0.039373 0.012992 8 1.0
-0.010188 0.95633 0.016937 4 1.0
0.985494 0.047667 0.727196 8 1.0
0.974693 0.060256 0.606736 13 0.0
0.182782 0.727231 0.462692 2 1.0
0.975204 0.586296 0.957307 11 1.0
0.017622 0.501632 0.004524 4 1.0
0.022066 0.320965 0.009662 4 1.0
0.022353 0.672208 0.026004 4 0.999908
0.026177 0.424737 0.018038 4 1.0
0.980836 0.934051 0.465396 17 0.79703
0.017547 0.336467 0.000701 4 1.0
0.020145 0.341764 0.006387 4 1.0
0.458452 0.047057 0.04221 9 1.0
0.019828 0.510973 0.012347 4 1.0
0.973043 0.943766 0.367127 17 1.0
0.753539 0.403255 0.9922 11 1.0
0.175824 0.746549 0.450404 1 0.025566
0.021454 0.540947 0.019088 4 1.0
0.020914 0.54238 0.024934 4 1.0
0.019997 0.259131 0.013325 4 1.0
0.020916 0.38628 0.006623 4 1.0
0.309533 0.951817 0.025166 17 1.0
0.983502 0.940385 0.827522 17 1.0
0.984827 0.053074 0.76043 8 0.995847
0.019853 0.513101 0.011049 4 1.0
0.980392 0.948866 0.418064 17 1.0
0.020286 0.473254 0.004852 4 0.003351
0.018569 0.534525 0.003992 4 1.0
0.017439 0.495217 0.004996 4 1.0
0.30383 0.948403 0.027863 17 1.0
0.013148 0.4785 0.003846 4 1.0
0.019471 0.42643 0.002124 4 1.0
0.018685 0.393311 0.002665 4 1.0
0.013022 0.687947 0.000309 4 1.0
0.986941 0.047485 0.751411 8 1.0
0.93072 0.04922 0.972355 11 0.998072
0.464737 0.0486 0.49991 7 1.0
0.1754 0.947226 0.355002 1 1.0
0.016592 0.804723 0.211434 4 1.0
0.840702 0.05552 0.984599 11 0.998834
0.527473 0.897503 0.70539 16 0.06022
0.526354 0.916211 0.702293 16 0.06022
0.520076 0.896912 0.704492 16 0.06022
0.528592 0.878795 0.708487 16 0.06022
0.534869 0.898094 0.706288 16 0.06022
0.983291 0.88683 0.965022 11 1.0
0.846154 0.93849 0.981255 11 0.999998
0.01511 0.477037 0.210604 4 1.0
0.983141 0.951587 0.855146 17 1.0
0.896832 0.050739 0.978435 11 1.0
0.983001 0.092807 0.96389 11 1.0
0.264559 0.054072 0.459627 8 1.0
0.983937 0.877735 0.964752 11 1.0
0.022207 0.461562 0.212471 4 1.0
0.977695 0.668935 0.96295 11 1.0
0.011231 0.843856 -0.004933 4 1.0
0.130561 0.058 0.213144 3 1.0
0.008125 0.959303 -0.002784 4 1.0
0.01002 0.958686 -0.002949 4 1.0
0.00794 0.958371 -0.001424 4 1.0
0.006231 0.959921 -0.00262 4 1.0
0.008311 0.960235 -0.004145 4 1.0
0.979293 0.939802 0.220412 17 0.015398
-0.002554 0.95396 0.009621 4 1.0
0.988513 0.045138 0.610078 13 1.0
0.020047 0.338838 0.001541 4 1.0
0.019472 0.231374 0.019569 4 1.0
0.959369 0.033657 0.982767 11 1.0
-0.00963 0.956122 0.016324 4 1.0
0.995307 0.039064 0.192648 18 1.0
-0.00778 0.955314 0.014532 4 1.0
-0.005711 0.954449 0.014416 4 1.0
-0.007799 0.955144 0.015475 4 1.0
-0.009849 0.95618 0.014648 4 1.0
-0.007762 0.955485 0.013589 4 1.0
0.878217 0.043942 0.980801 11 1.0
0.986822 0.927637 0.544011 13 0.986054
0.178082 0.050351 0.020815 9 1.0
0.985188 0.5988 0.110457 18 0.0
0.948375 0.048859 0.506946 8 0.0
0.022173 0.32731 0.022216 4 0.999935
0.506661 0.048042 0.057992 8 1.0
0.021105 0.839873 0.004384 4 1.0
0.01945 0.326753 0.006601 4 1.0
0.022849 0.652712 0.020553 4 0.999986
0.982355 0.938646 0.513655 17 0.066201
0.332283 0.948803 0.034236 17 1.0
0.69411 0.051198 0.067578 8 1.0
0.980035 0.947095 0.290889 17 0.999979
0.237035 0.94825 0.022781 17 1.0
0.018918 0.238169 0.001224 4 1.0
0.402523 0.951868 0.055293 17 1.0
0.020199 0.723489 -0.000801 4 0.998795
0.845631 0.04 0.983223 8 1.0
0.987209 0.047278 0.564396 8 1.0
0.01553 0.334833 0.00363 4 1.0
0.01819 0.65309 0.006504 4 1.0
0.015588 0.488763 0.007402 4 1.0
0.015401 0.489101 0.000396 4 1.0
0.015117 0.651378 0.004314 4 1.0
0.982253 0.654273 0.129045 12 0.0
0.931254 0.050592 0.409761 8 0.0
0.978095 0.934611 0.582251 17 0.000374
0.018022 0.445334 0.006586 4 1.0
0.018152 0.873791 0.215277 4 1.0
0.596152 0.048874 0.058595 9 1.0
0.02918 0.680628 0.213596 3 1.0
0.018636 0.666259 0.012304 4 1.0
0.014922 0.422763 0.001727 4 1.0
0.020946 0.225026 0.014943 4 1.0
0.976967 0.935519 0.562313 17 0.065177
0.979648 0.052461 0.248613 8 1.0
0.931593 0.041974 0.980651 11 1.0
0.018983 0.675137 0.010103 4 1.0
0.01814 0.682122 0.008777 4 1.0
0.977582 0.441914 0.963346 11 1.0
0.43082 0.948919 0.041967 17 1.0
0.262359 0.952925 0.041128 17 1.0
0.020099 0.44051 0.006368 4 0.000983
0.987924 0.050643 0.338818 13 1.0
0.013108 0.145572 0.003249 4 1.0
0.052099 0.68796 0.004365 5 0.0
0.263894 0.95217 0.028315 17 1.0
0.02097 0.190086 0.00756 4 1.0
0.015582 0.553501 -0.00073 4 1.0
