Point_ID Label
0 19233
1 52001
2 54049
3 23337
4 27393
5 54056
6 58144
7 54064
8 19217
9 60257
10 50024
11 25344
12 55073
13 17168
14 62248
15 18977
16 49953
17 49953
18 58144
19 54072
20 49960
21 53537
22 58145
23 19240
24 61281
25 59169
26 19240
27 25376
28 59169
29 52001
30 62241
31 49953
32 60161
33 19240
34 59233
35 19232
36 49952
37 17185
38 19344
39 27425
40 17184
41 17192
42 25377
43 49953
44 58152
45 50977
46 17192
47 53024
48 49504
49 54048
50 57185
51 58208
52 25344
53 51968
54 54049
55 55073
56 49952
57 19233
58 54049
59 27520
60 54049
61 53808
62 19201
63 55073
64 17185
65 27432
66 49953
67 40737
68 53813
69 49504
70 58272
71 27393
72 55073
73 58144
74 53809
75 57128
76 62241
77 27520
78 19233
79 53604
80 49960
81 25377
82 49952
83 58145
84 59233
85 58145
86 27425
87 56097
88 54072
89 59168
90 49953
91 61217
92 55649
93 27520
94 55841
95 58144
96 51976
97 27393
98 51041
99 28512
100 54057
101 27488
102 25512
103 53813
104 19233
105 50016
106 49953
107 28449
108 25376
109 49960
110 49952
111 61281
112 50977
113 53793
114 53600
115 53793
116 27408
117 58112
118 52000
119 52008
120 8992
121 25233
122 50985
123 63265
124 58145
125 49960
126 53793
127 56104
128 54048
129 25381
130 19241
131 27425
132 62305
133 17248
134 57121
135 51745
136 59169
137 50977
138 27424
139 28513
140 25504
141 52064
142 17192
143 53809
144 50016
145 17192
146 27520
147 49953
148 19200
149 28521
150 52008
151 52000
152 59169
153 27424
154 55073
155 19224
156 55072
157 49952
158 54056
159 57121
160 60160
161 53025
162 52065
163 58112
164 27393
165 55136
166 19233
167 25441
168 54048
169 60193
170 58144
171 53025
172 50977
173 54049
174 62248
175 62240
176 50976
177 19200
178 58145
179 27265
180 53025
181 19209
182 54049
183 20264
184 49960
185 17189
186 27392
187 49952
188 19201
189 49953
190 54048
191 26401
192 17192
193 25344
194 18945
195 19233
196 63265
197 54056
198 17185
199 19233
200 55080
201 49961
202 25344
203 27432
204 49953
205 19304
206 52000
207 55081
208 49953
209 53793
210 51553
211 60257
212 52001
213 54057
214 49952
215 51713
216 58209
217 27424
218 56097
219 54048
220 59177
221 55080
222 19200
223 25472
224 60161
225 56097
226 54048
227 57121
228 62241
229 51041
230 25344
231 19209
232 60193
233 28457
234 58208
235 58152
236 54049
237 49953
238 19201
239 49952
240 27393
241 54048
242 19241
243 58209
244 27424
245 54049
246 55144
247 62240
248 19216
249 62241
250 52008
251 52001
252 27392
253 60192
254 54048
255 53536
256 17184
257 49960
258 55841
259 53024
260 19201
261 19201
262 55072
263 52001
264 54056
265 28448
266 27408
267 27392
268 58144
269 53604
270 61217
271 54072
272 60200
273 49952
274 19233
275 59176
276 59168
277 49953
278 61281
279 49697
280 19240
281 49920
282 28513
283 19233
284 19232
285 25376
286 64033
287 58240
288 50017
289 62240
290 19217
291 55137
292 58144
293 53777
294 19200
295 19200
296 59937
297 49961
298 53793
299 25377
300 53032
301 59233
302 52001
303 54121
304 58145
305 17184
306 49944
307 19233
308 59169
309 27392
310 54048
311 51976
312 27401
313 58144
314 17184
315 28513
316 51000
317 58145
318 19233
319 54048
320 60321
321 49953
322 51969
323 19201
324 27432
325 60257
326 57121
327 55081
328 19224
329 52009
330 17152
331 59176
332 60200
333 53797
334 54049
335 19240
336 49953
337 53601
338 27400
339 23336
340 49952
341 25472
342 19208
343 52993
344 58145
345 17192
346 27400
347 19201
348 19233
349 53025
350 55073
351 17160
352 19241
353 19216
354 25376
355 27416
356 27425
357 50984
358 17184
359 52000
360 19233
361 54048
362 54056
363 54056
364 54048
365 27392
366 22313
367 50977
368 27425
369 63328
370 58145
371 49952
372 54048
373 58144
374 49953
375 49928
376 19232
377 59169
378 27392
379 27424
380 54048
381 25512
382 54057
383 53536
384 25376
385 50977
386 58144
387 56160
388 58144
389 17248
390 19233
391 52001
392 19200
393 52000
394 57121
395 27400
396 17248
397 55081
398 49953
399 49504
400 50017
401 63273
402 52072
403 49953
404 58144
405 19241
406 53793
407 54056
408 54048
409 49952
410 17169
411 60193
412 49976
413 58113
414 53793
415 49961
416 59233
417 49952
418 25441
419 63264
420 53600
421 27392
422 54048
423 62241
424 17161
425 54048
426 17168
427 56097
428 53601
429 25376
430 54033
431 23329
432 20257
433 49953
434 53536
435 52009
436 49504
437 55073
438 50016
439 59169
440 51041
441 60160
442 54056
443 25376
444 53601
445 54072
446 57121
447 58209
448 27401
449 56105
450 49953
451 25344
452 52000
453 27432
454 58208
455 54049
456 27528
457 49921
458 57121
459 57121
460 50016
461 52000
462 49976
463 50016
464 25473
465 50977
466 54048
467 52024
468 53604
469 54064
470 51041
471 52008
472 19237
473 58152
474 52001
475 59233
476 54049
477 49960
478 17160
479 57121
480 52001
481 19233
482 58145
483 27520
484 59240
485 19232
486 59169
487 49929
488 51041
489 54016
490 58176
491 28449
492 55073
493 49944
494 49952
495 55841
496 19233
497 53025
498 17185
499 19233
500 50017
501 25376
502 51985
503 56168
504 19233
505 57121
506 49928
507 60192
508 55073
509 60193
510 49960
511 52001
512 28417
513 54048
514 54049
515 58145
516 56104
517 58209
518 54048
519 54048
520 58144
521 49928
522 62240
523 25480
524 54057
525 49952
526 51041
527 49952
528 54048
529 59233
530 25473
531 55073
532 54049
533 53600
534 19201
535 58145
536 57120
537 58144
538 58145
539 49952
540 27392
541 27392
542 26465
543 52001
544 52001
545 53536
546 49944
547 55073
548 51488
549 52008
550 54057
551 27152
552 27425
553 25344
554 52008
555 58217
556 54048
557 49953
558 52001
559 49953
560 52008
561 51744
562 49952
563 53600
564 52000
565 49952
566 58145
567 51553
568 49968
569 53792
570 54072
571 54061
572 49960
573 62305
574 49960
575 49961
576 49952
577 25368
578 58113
579 51968
580 51713
581 53537
582 58145
583 56097
584 19297
585 49928
586 54032
587 54056
588 49953
589 27392
590 52001
591 19241
592 25385
593 59168
594 59169
595 59233
596 58145
597 25440
598 61281
599 51969
600 54049
601 52008
602 55073
603 19241
604 19233
605 49952
606 52065
607 19216
608 50017
609 25381
610 25440
611 25360
612 17152
613 49953
614 808
615 53537
616 19232
617 18977
618 50977
619 54049
620 53793
621 49953
622 27520
623 53545
624 2849
625 27392
626 59168
627 60161
628 19233
629 57121
630 19232
631 49921
632 55081
633 25360
634 25409
635 54049
636 18977
637 19232
638 27432
639 55080
640 49960
641 25360
642 50985
643 53809
644 54112
645 56097
646 52001
647 27424
648 63265
649 54113
650 53601
651 19233
652 49953
653 49953
654 49976
655 25345
656 54049
657 58208
658 55096
659 53024
660 17152
661 49953
662 61185
663 53793
664 58153
665 25504
666 53797
667 52008
668 51041
669 63265
670 27552
671 52008
672 55080
673 17185
674 53600
675 19233
676 27392
677 49921
678 61281
679 55081
680 2848
681 52009
682 19232
683 27392
684 53025
685 62240
686 11041
687 25376
688 49953
689 56089
690 53809
691 55072
692 27425
693 52009
694 58145
695 62241
696 52000
697 49953
698 53600
699 63329
700 55081
701 61217
702 21281
703 50016
704 55649
705 49952
706 19233
707 52001
708 52001
709 59168
710 57121
711 56097
712 59168
713 59169
714 58208
715 58144
716 27296
717 53025
718 60193
719 57121
720 63329
721 51488
722 58144
723 20256
724 52001
725 49952
726 49952
727 49953
728 58144
729 59176
730 50977
731 52001
732 19201
733 53777
734 31521
735 50976
736 11040
737 58208
738 19233
739 59169
740 54048
741 19344
742 58209
743 49952
744 50977
745 25381
746 27408
747 51553
748 49960
749 49952
750 55137
751 58144
752 49953
753 49960
754 56097
755 60256
756 53604
757 49960
758 52065
759 52000
760 25344
761 54049
762 59169
763 49960
764 54048
765 60192
766 27392
767 49928
768 27433
769 18976
770 49953
771 54048
772 51041
773 57129
774 27552
775 59176
776 54048
777 27432
778 58209
779 27392
780 58145
781 19232
782 59240
783 27424
784 55072
785 49960
786 60193
787 19233
788 19233
789 17168
790 54048
791 27392
792 53809
793 52016
794 58145
795 27425
796 49953
797 51041
798 50016
799 19201
800 49952
801 59240
802 27432
803 11048
804 27424
805 17296
806 51993
807 54817
808 49952
809 27392
810 49953
811 49960
812 19209
813 49953
814 17152
815 57129
816 19256
817 54049
818 49953
819 25360
820 49953
821 18944
822 52065
823 56104
824 58208
825 19201
826 17160
827 52008
828 54017
829 50016
830 49960
831 19209
832 53797
833 49953
834 2817
835 19200
836 50984
837 61225
838 54032
839 54049
840 19201
841 57185
842 58112
843 53604
844 55072
845 28449
846 27392
847 63265
848 59169
849 62209
850 50017
851 19201
852 52001
853 52000
854 58144
855 60193
856 27393
857 19233
858 19233
859 25440
860 54056
861 62240
862 52000
863 63329
864 54049
865 54049
866 59169
867 58145
868 53540
869 51969
870 49952
871 52001
872 27416
873 55081
874 55073
875 49952
876 53777
877 60169
878 62240
879 54113
880 50976
881 19208
882 50977
883 55073
884 62241
885 54040
886 54057
887 54053
888 53600
889 26465
890 54048
891 27392
892 25376
893 50017
894 55073
895 19296
896 19201
897 25377
898 58145
899 27424
900 64289
901 25345
902 60161
903 54057
904 49505
905 49697
906 49953
907 53033
908 19233
909 49920
910 28513
911 62241
912 25376
913 19241
914 49920
915 49953
916 49952
917 27424
918 53793
919 17200
920 19201
921 17153
922 58209
923 49440
924 19241
925 49952
926 53601
927 55073
928 49953
929 27520
930 52000
931 56105
932 19233
933 26465
934 49976
935 27520
936 19217
937 19240
938 56097
939 55073
940 53600
941 58208
942 19233
943 54113
944 49953
945 56105
946 19232
947 56096
948 49969
949 49960
950 55081
951 52009
952 49952
953 19208
954 53809
955 53604
956 25377
957 54048
958 27392
959 27544
960 55081
961 54048
962 27392
963 49968
964 17184
965 18977
966 49953
967 55081
968 49960
969 19201
970 19233
971 25352
972 55081
973 53793
974 25441
975 54056
976 53600
977 19233
978 19233
979 27400
980 58144
981 55081
982 19233
983 54048
984 52000
985 54016
986 54048
987 58145
988 58144
989 49952
990 59169
991 59169
992 25344
993 54049
994 54048
995 49952
996 50976
997 27392
998 58144
999 54121
1000 62240
1001 58144
1002 49953
1003 58144
1004 55081
1005 49953
1006 53793
1007 63336
1008 27433
1009 55081
1010 55081
1011 25384
1012 27425
1013 50976
1014 55073
1015 49953
1016 19208
1017 55073
1018 49921
1019 58209
1020 55081
1021 63328
1022 17296
1023 53777
1024 49952
1025 17184
1026 2824
1027 25472
1028 53761
1029 59169
1030 25352
1031 55136
1032 49952
1033 25376
1034 27432
1035 49953
1036 57121
1037 56105
1038 25344
1039 54049
1040 27425
1041 59233
1042 54049
1043 28417
1044 27393
1045 51977
1046 62241
1047 26369
1048 50017
1049 49921
1050 54049
1051 25512
1052 27392
1053 49953
1054 27425
1055 27432
1056 19240
1057 27425
1058 27392
1059 58208
1060 25376
1061 55073
1062 27425
1063 58145
1064 25345
1065 60200
1066 54049
1067 27424
1068 27392
1069 57129
1070 27392
1071 54048
1072 50017
1073 19233
1074 54056
1075 11041
1076 25512
1077 25377
1078 25352
1079 54049
1080 54048
1081 25344
1082 27424
1083 56097
1084 53024
1085 17168
1086 19233
1087 25377
1088 49936
1089 17184
1090 17168
1091 49952
1092 57121
1093 18977
1094 23337
1095 49953
1096 27425
1097 58160
1098 54056
1099 55145
1100 19200
1101 19233
1102 27425
1103 27432
1104 57889
1105 2849
1106 49952
1107 19233
1108 25496
1109 19233
1110 54057
1111 19201
1112 54113
1113 49961
1114 58112
1115 49960
1116 19233
1117 27400
1118 62241
1119 49960
1120 54049
1121 59168
1122 60192
1123 49976
1124 25377
1125 56072
1126 52000
1127 19233
1128 25353
1129 55081
1130 54048
1131 49953
1132 19233
1133 19240
1134 18209
1135 28457
1136 55081
1137 55081
1138 49961
1139 54056
1140 11041
1141 17185
1142 27425
1143 27424
1144 54049
1145 51992
1146 55073
1147 54052
1148 63336
1149 50976
1150 59169
1151 51729
1152 25488
1153 25377
1154 55073
1155 54049
1156 53600
1157 25376
1158 19208
1159 27488
1160 63265
1161 54057
1162 55073
1163 54049
1164 17192
1165 57121
1166 63328
1167 60192
1168 49961
1169 55081
1170 49952
1171 54048
1172 59169
1173 54017
1174 54057
1175 27400
1176 50976
1177 11041
1178 17256
1179 62241
1180 27425
1181 59240
1182 55081
1183 56104
1184 49944
1185 19233
1186 62360
1187 49960
1188 58144
1189 58145
1190 19208
1191 49952
1192 57121
1193 49953
1194 52008
1195 60257
1196 27424
1197 56105
1198 25488
1199 60193
1200 26401
1201 27392
1202 26401
1203 19240
1204 58136
1205 17169
1206 51993
1207 19233
1208 19233
1209 49953
1210 51745
1211 56097
1212 56089
1213 55081
1214 52000
1215 49960
1216 54048
1217 56097
1218 39713
1219 57121
1220 25376
1221 55081
1222 27408
1223 11041
1224 49952
1225 54049
1226 55073
1227 49952
1228 54049
1229 49952
1230 62241
1231 52001
1232 49952
1233 55649
1234 56097
1235 25353
1236 49929
1237 20264
1238 49960
1239 19233
1240 56097
1241 19224
1242 19208
1243 19233
1244 55081
1245 2848
1246 19233
1247 26464
1248 62240
1249 49953
1250 56080
1251 17152
1252 27520
1253 49952
1254 54048
1255 55081
1256 49952
1257 58144
1258 56097
1259 27432
1260 55081
1261 25360
1262 56105
1263 26408
1264 49952
1265 57121
1266 19208
1267 58144
1268 54048
1269 50977
1270 58144
1271 63272
1272 19232
1273 54057
1274 62240
1275 19233
1276 53025
1277 18976
1278 52000
1279 54048
1280 26409
1281 27392
1282 25377
1283 17153
1284 53025
1285 58145
1286 55073
1287 58145
1288 54113
1289 27425
1290 25512
1291 52009
1292 58153
1293 49920
1294 18960
1295 55073
1296 49952
1297 8993
1298 27544
1299 54049
1300 54049
1301 54056
1302 27424
1303 25512
1304 58145
1305 55073
1306 49952
1307 27400
1308 49953
1309 50984
1310 49953
1311 19237
1312 49953
1313 52008
1314 19200
1315 19208
1316 54049
1317 55073
1318 27520
1319 59168
1320 11041
1321 54049
1322 50016
1323 56097
1324 49953
1325 27432
1326 19200
1327 27520
1328 60320
1329 60193
1330 51992
1331 27264
1332 52001
1333 27153
1334 54048
1335 62304
1336 27400
1337 27520
1338 25345
1339 49953
1340 54056
1341 58120
1342 54056
1343 17160
1344 50016
1345 52001
1346 49920
1347 27153
1348 25344
1349 19233
1350 19233
1351 17185
1352 49952
1353 49953
1354 27425
1355 53536
1356 17184
1357 19201
1358 11041
1359 49952
1360 55073
1361 50017
1362 25512
1363 49961
1364 49953
1365 53537
1366 25488
1367 19233
1368 54113
1369 54049
1370 49953
1371 53536
1372 25344
1373 54053
1374 25496
1375 49953
1376 54048
1377 50976
1378 50977
1379 17153
1380 59169
1381 27424
1382 49953
1383 60193
1384 59169
1385 54048
1386 49953
1387 54048
1388 49953
1389 25360
1390 49953
1391 27536
1392 27432
1393 53600
1394 19240
1395 49953
1396 27432
1397 63265
1398 49952
1399 55137
1400 60200
1401 50016
1402 52001
1403 19241
1404 49952
1405 49960
1406 60192
1407 19200
1408 49945
1409 53544
1410 62240
1411 54048
1412 57121
1413 49952
1414 49953
1415 52001
1416 27296
1417 54049
1418 11041
1419 27392
1420 49953
1421 49953
1422 27424
1423 50977
1424 49952
1425 54056
1426 54048
1427 58160
1428 50977
1429 27553
1430 27424
1431 55073
1432 17176
1433 49960
1434 56096
1435 62241
1436 52001
1437 49960
1438 49953
1439 58145
1440 17152
1441 49953
1442 54048
1443 49953
1444 27520
1445 49952
1446 26409
1447 18209
1448 27536
1449 62097
1450 58144
1451 27536
1452 25441
1453 49960
1454 2824
1455 52016
1456 27536
1457 25344
1458 27424
1459 49952
1460 54112
1461 19232
1462 54049
1463 49928
1464 54048
1465 62240
1466 19256
1467 58144
1468 49957
1469 27296
1470 49952
1471 27152
1472 53600
1473 53600
1474 37665
1475 53025
1476 49952
1477 27433
1478 54057
1479 49953
1480 19297
1481 49960
1482 27393
1483 27400
1484 54049
1485 27424
1486 27393
1487 49952
1488 49921
1489 19201
1490 27424
1491 25440
1492 27400
1493 49952
1494 54049
1495 27392
1496 25480
1497 17152
1498 54048
1499 54049
1500 19224
1501 27432
1502 52001
1503 62208
1504 53537
1505 55081
1506 49920
1507 54048
1508 51729
1509 55080
1510 26401
1511 27425
1512 49952
1513 19201
1514 27408
1515 58217
1516 54049
1517 51041
1518 49952
1519 27392
1520 54072
1521 54049
1522 25472
1523 52000
1524 58144
1525 11041
1526 19233
1527 19240
1528 63265
1529 59177
1530 62360
1531 54049
1532 18976
1533 54072
1534 27425
1535 58152
1536 54040
1537 49953
1538 27536
1539 53600
1540 52001
1541 19240
1542 49952
1543 19241
1544 27401
1545 58144
1546 54048
1547 54048
1548 27296
1549 54049
1550 57121
1551 27296
1552 49952
1553 27400
1554 53813
1555 49920
1556 19201
1557 49952
1558 25368
1559 58216
1560 49960
1561 27489
1562 49944
1563 49953
1564 49976
1565 25376
1566 51041
1567 53025
1568 27400
1569 27400
1570 8992
1571 57121
1572 54048
1573 54049
1574 54048
1575 58144
1576 50977
1577 56097
1578 49952
1579 49953
1580 27425
1581 27520
1582 58144
1583 19093
1584 19224
1585 52024
1586 17248
1587 54056
1588 19232
1589 49952
1590 25376
1591 28456
1592 62240
1593 54052
1594 17184
1595 54048
1596 62240
1597 49960
1598 19240
1599 26401
1600 56096
1601 19233
1602 55081
1603 50017
1604 54048
1605 19233
1606 62304
1607 55145
1608 27496
1609 56096
1610 50984
1611 49505
1612 49960
1613 25376
1614 19233
1615 49953
1616 17192
1617 19200
1618 50977
1619 52064
1620 55073
1621 59176
1622 19233
1623 19233
1624 55073
1625 27392
1626 54057
1627 54049
1628 54113
1629 60193
1630 57121
1631 19201
1632 49952
1633 55081
1634 49952
1635 49968
1636 25385
1637 61280
1638 18960
1639 55081
1640 54048
1641 49953
1642 55081
1643 27416
1644 55081
1645 54048
1646 54049
1647 27425
1648 56105
1649 55073
1650 25344
1651 29472
1652 59168
1653 19233
1654 25496
1655 26400
1656 49960
1657 58153
1658 58144
1659 49953
1660 20265
1661 49953
1662 54048
1663 49952
1664 52001
1665 51976
1666 52008
1667 37665
1668 62241
1669 53793
1670 17192
1671 19233
1672 49960
1673 18976
1674 57129
1675 19233
1676 57129
1677 49953
1678 27424
1679 17184
1680 55073
1681 63329
1682 62249
1683 49952
1684 49928
1685 49505
1686 21281
1687 19233
1688 55073
1689 54049
1690 28449
1691 62248
1692 17152
1693 55073
1694 61217
1695 26472
1696 57121
1697 19240
1698 27393
1699 28449
1700 49952
1701 49953
1702 55073
1703 28513
1704 27496
1705 25440
1706 54040
1707 27425
1708 54016
1709 58208
1710 55081
1711 49953
1712 49953
1713 17160
1714 54048
1715 27400
1716 25376
1717 26408
1718 27281
1719 54057
1720 49953
1721 58145
1722 25488
1723 19233
1724 58145
1725 50985
1726 25488
1727 52065
1728 26400
1729 53792
1730 19240
1731 25377
1732 52008
1733 55073
1734 50977
1735 19208
1736 49945
1737 55096
1738 27425
1739 54049
1740 54113
1741 51976
1742 27400
1743 62240
1744 58144
1745 58145
1746 49960
1747 63265
1748 55081
1749 49976
1750 54049
1751 23297
1752 27296
1753 55073
1754 49944
1755 49944
1756 17192
1757 17249
1758 23336
1759 55081
1760 17160
1761 19200
1762 59176
1763 50984
1764 51992
1765 19208
1766 54056
1767 62241
1768 54049
1769 56105
1770 54056
1771 19240
1772 58144
1773 58145
1774 25384
1775 27457
1776 60161
1777 49953
1778 56097
1779 19201
1780 25376
1781 59169
1782 27400
1783 50976
1784 54049
1785 27425
1786 55081
1787 19208
1788 25344
1789 19208
1790 54056
1791 55073
1792 17296
1793 54048
1794 27400
1795 17249
1796 54048
1797 56088
1798 55081
1799 56064
1800 11041
1801 62240
1802 49960
1803 53540
1804 11041
1805 19233
1806 58145
1807 52001
1808 49929
1809 54113
1810 49953
1811 28449
1812 18977
1813 54048
1814 19089
1815 25472
1816 58144
1817 27432
1818 28513
1819 54049
1820 54048
1821 52001
1822 52001
1823 19232
1824 25376
1825 56096
1826 27393
1827 53797
1828 57129
1829 54048
1830 53905
1831 54057
1832 27489
1833 25344
1834 52008
1835 17184
1836 19297
1837 58144
1838 57121
1839 27297
1840 58144
1841 54072
1842 56097
1843 52017
1844 50016
1845 58113
1846 17192
1847 53024
1848 51976
1849 49960
1850 49953
1851 19240
1852 54049
1853 54056
1854 49696
1855 54049
1856 28449
1857 54048
1858 49952
1859 62241
1860 2849
1861 62241
1862 54049
1863 52008
1864 27425
1865 52000
1866 58273
1867 62241
1868 25344
1869 49960
1870 59169
1871 58144
1872 19297
1873 54048
1874 50017
1875 57129
1876 49953
1877 58113
1878 27425
1879 49953
1880 53797
1881 27392
1882 19233
1883 49960
1884 55856
1885 54049
1886 28449
1887 54049
1888 54056
1889 49953
1890 58112
1891 53537
1892 49952
1893 54048
1894 58144
1895 50977
1896 17185
1897 52000
1898 26400
1899 49952
1900 53793
1901 53601
1902 62241
1903 54049
1904 50017
1905 49953
1906 17192
1907 19233
1908 62240
1909 55073
1910 27400
1911 25496
1912 61216
1913 51745
1914 19240
1915 27297
1916 19233
1917 49953
1918 11041
1919 54049
1920 19240
1921 19240
1922 17184
1923 53796
1924 25377
1925 27400
1926 53793
1927 49952
1928 50977
1929 56105
1930 19233
1931 25344
1932 55072
1933 27392
1934 49969
1935 54049
1936 58144
1937 19240
1938 56105
1939 52001
1940 19233
1941 25352
1942 54033
1943 52000
1944 55137
1945 27520
1946 54049
1947 54048
1948 51968
1949 65377
1950 54049
1951 54048
1952 19208
1953 27392
1954 52001
1955 49952
1956 54048
1957 19240
1958 19232
1959 19089
1960 19233
1961 19217
1962 19232
1963 57889
1964 25344
1965 49969
1966 53793
1967 57129
1968 62304
1969 58144
1970 54049
1971 19241
1972 51041
1973 19233
1974 60160
1975 52009
1976 61217
1977 54033
1978 54072
1979 49953
1980 58209
1981 53797
1982 27392
1983 19233
1984 52000
1985 62240
1986 19232
1987 49953
1988 49952
1989 62208
1990 56097
1991 54048
1992 49952
1993 27536
1994 17192
1995 61225
1996 49960
1997 58145
1998 50977
1999 18961
2000 55073
2001 49960
2002 49953
2003 26408
2004 54049
2005 17192
2006 58144
2007 49953
2008 53601
2009 55081
2010 53793
2011 50977
2012 53600
2013 55081
2014 27536
2015 49952
2016 27520
2017 53793
2018 61216
2019 25352
2020 11041
2021 11048
2022 17249
2023 17185
2024 54049
2025 52001
2026 49952
2027 55144
2028 49953
2029 62241
2030 18945
2031 55072
2032 25384
2033 25344
2034 52001
2035 49953
2036 29472
2037 62240
2038 58144
2039 19240
2040 55081
2041 53793
2042 56097
2043 27432
2044 55073
2045 54056
2046 54064
2047 55840
2048 19328
2049 54112
2050 19209
2051 55145
2052 54048
2053 57129
2054 27281
2055 27433
2056 27392
2057 25377
2058 27457
2059 17185
2060 19093
2061 27432
2062 58144
2063 8992
2064 53537
2065 58144
2066 49952
2067 18945
2068 25376
2069 19233
2070 27392
2071 54056
2072 49960
2073 52000
2074 11040
2075 57889
2076 55081
2077 27424
2078 27392
2079 62097
2080 62240
2081 20225
2082 62240
2083 25368
2084 25344
2085 54048
2086 19240
2087 53544
2088 49952
2089 54049
2090 53793
2091 53793
2092 53601
2093 27264
2094 61280
2095 55144
2096 54048
2097 58145
2098 50976
2099 17184
2100 63265
2101 17248
2102 52025
2103 19233
2104 17185
2105 17160
2106 19233
2107 19208
2108 62304
2109 53033
2110 54048
2111 54057
2112 61280
2113 62241
2114 49953
2115 25384
2116 19209
2117 49952
2118 49952
2119 54049
2120 17208
2121 55073
2122 62241
2123 55081
2124 52001
2125 54057
2126 27392
2127 57129
2128 54817
2129 28449
2130 25377
2131 49953
2132 55081
2133 55081
2134 19208
2135 19233
2136 27536
2137 58145
2138 25381
2139 52001
2140 49952
2141 27488
2142 49952
2143 25512
2144 27408
2145 58144
2146 53793
2147 60193
2148 28449
2149 17177
2150 19233
2151 17185
2152 52008
2153 27489
2154 55073
2155 51992
2156 50985
2157 51968
2158 27424
2159 49953
2160 57129
2161 17197
2162 25376
2163 52000
2164 27424
2165 27425
2166 58145
2167 19209
2168 54049
2169 27488
2170 27552
2171 58144
2172 54049
2173 52008
2174 49937
2175 58144
2176 27424
2177 55081
2178 27425
2179 49953
2180 49960
2181 63337
2182 49961
2183 2857
2184 19209
2185 19225
2186 55072
2187 49960
2188 62241
2189 53544
2190 58144
2191 19208
2192 54817
2193 18216
2194 54048
2195 27432
2196 60192
2197 25376
2198 54049
2199 18945
2200 60264
2201 49953
2202 49920
2203 49952
2204 54048
2205 17161
2206 27425
2207 17193
2208 52008
2209 49953
2210 27433
2211 28457
2212 54049
2213 53536
2214 27488
2215 55081
2216 19240
2217 49956
2218 57121
2219 56096
2220 49952
2221 27401
2222 54057
2223 55073
2224 58144
2225 25496
2226 52009
2227 25377
2228 54056
2229 25345
2230 19208
2231 55081
2232 19208
2233 56104
2234 52000
2235 55856
2236 49929
2237 62241
2238 19241
2239 25384
2240 27425
2241 19093
2242 58176
2243 49928
2244 17184
2245 25376
2246 55081
2247 55072
2248 19233
2249 62240
2250 19232
2251 19208
2252 54048
2253 58160
2254 55081
2255 25376
2256 62240
2257 62241
2258 27392
2259 28449
2260 55073
2261 58145
2262 63264
2263 58120
2264 62240
2265 54113
2266 52001
2267 58153
2268 19256
2269 20257
2270 55073
2271 54049
2272 25377
2273 49953
2274 59169
2275 27400
2276 58144
2277 27408
2278 54048
2279 55081
2280 54072
2281 52024
2282 55081
2283 49960
2284 58113
2285 61217
2286 58144
2287 59233
2288 25377
2289 49952
2290 58112
2291 52064
2292 53793
2293 49953
2294 49952
2295 19352
2296 56097
2297 17184
2298 11048
2299 19233
2300 64033
2301 11041
2302 19201
2303 25488
2304 49960
2305 58145
2306 58145
2307 53793
2308 49960
2309 49953
2310 20225
2311 58144
2312 27400
2313 58208
2314 58144
2315 58208
2316 25472
2317 8992
2318 2848
2319 52001
2320 58145
2321 63264
2322 49953
2323 55073
2324 25345
2325 25384
2326 55072
2327 27425
2328 27400
2329 54056
2330 58145
2331 23337
2332 11041
2333 25448
2334 49952
2335 11041
2336 58145
2337 58152
2338 52000
2339 62241
2340 56120
2341 19233
2342 51488
2343 49952
2344 58145
2345 53809
2346 19200
2347 53793
2348 52000
2349 53793
2350 53536
2351 25384
2352 51744
2353 52000
2354 49504
2355 54056
2356 27424
2357 25377
2358 27153
2359 54056
2360 27425
2361 26408
2362 49952
2363 55073
2364 49961
2365 17185
2366 55080
2367 56105
2368 25512
2369 17184
2370 54057
2371 60192
2372 63329
2373 54056
2374 28417
2375 49961
2376 54016
2377 19201
2378 56096
2379 52001
2380 63265
2381 17176
2382 54040
2383 27401
2384 19233
2385 52001
2386 54049
2387 54049
2388 49813
2389 25345
2390 27425
2391 55072
2392 49952
2393 60193
2394 27392
2395 55145
2396 58136
2397 27497
2398 25377
2399 52001
2400 53809
2401 49952
2402 62313
2403 58144
2404 49968
2405 27520
2406 19233
2407 19233
2408 25441
2409 19233
2410 55073
2411 58144
2412 19089
2413 27408
2414 60961
2415 27433
2416 49960
2417 58216
2418 59169
2419 19240
2420 58144
2421 17189
2422 27392
2423 54049
2424 49952
2425 53793
2426 54049
2427 53797
2428 54056
2429 49976
2430 19233
2431 52064
2432 54049
2433 49960
2434 27408
2435 55073
2436 62241
2437 54056
2438 27392
2439 27281
2440 25504
2441 52001
2442 54049
2443 54056
2444 53600
2445 62241
2446 52001
2447 49936
2448 55072
2449 17184
2450 25504
2451 54057
2452 49952
2453 49952
2454 27400
2455 58144
2456 27425
2457 49952
2458 62240
2459 27264
2460 27536
2461 58145
2462 2849
2463 52001
2464 17184
2465 58144
2466 27520
2467 49952
2468 56097
2469 49952
2470 27400
2471 53537
2472 19240
2473 19233
2474 62097
2475 19240
2476 27408
2477 55073
2478 54056
2479 56096
2480 53600
2481 27425
2482 25376
2483 54049
2484 55825
2485 60192
2486 62241
2487 50016
2488 54048
2489 27392
2490 27425
2491 27425
2492 59168
2493 51729
2494 27552
2495 62240
2496 63265
2497 49953
2498 54061
2499 59168
2500 55081
2501 52001
2502 49953
2503 50985
2504 55081
2505 51969
2506 49976
2507 25344
2508 27424
2509 55073
2510 53809
2511 17200
2512 53776
2513 49953
2514 27400
2515 54049
2516 53809
2517 52001
2518 55840
2519 52001
2520 54049
2521 53809
2522 54048
2523 27392
2524 55857
2525 49960
2526 59233
2527 49944
2528 54048
2529 49976
2530 54056
2531 19233
2532 27425
2533 54048
2534 54048
2535 58145
2536 17208
2537 55841
2538 49960
2539 27425
2540 59168
2541 19240
2542 53793
2543 25512
2544 25360
2545 49960
2546 54049
2547 53793
2548 18961
2549 26369
2550 49953
2551 19233
2552 27408
2553 19201
2554 27297
2555 52001
2556 62360
2557 23329
2558 27296
2559 2848
2560 53793
2561 56097
2562 53793
2563 49936
2564 17193
2565 27392
2566 62240
2567 49953
2568 25384
2569 64033
2570 59168
2571 59169
2572 53600
2573 27400
2574 49960
2575 19232
2576 25376
2577 54048
2578 19233
2579 19201
2580 49953
2581 50016
2582 53600
2583 17160
2584 51969
2585 57121
2586 19233
2587 53601
2588 54056
2589 60200
2590 54048
2591 19232
2592 56105
2593 19233
2594 27425
2595 25384
2596 19233
2597 19233
2598 19240
2599 54048
2600 19225
2601 59168
2602 65312
2603 62240
2604 58144
2605 56097
2606 17185
2607 49952
2608 57121
2609 28513
2610 50977
2611 54057
2612 49952
2613 19208
2614 55080
2615 19233
2616 56096
2617 55073
2618 55073
2619 19200
2620 54052
2621 19233
2622 56096
2623 62241
2624 19233
2625 58208
2626 49953
2627 19233
2628 51969
2629 19233
2630 49697
2631 55073
2632 63273
2633 53792
2634 17192
2635 19233
2636 17185
2637 17185
2638 52008
2639 54048
2640 49952
2641 62240
2642 59168
2643 19240
2644 54049
2645 55072
2646 57129
2647 63264
2648 49936
2649 27432
2650 58113
2651 20257
2652 19232
2653 49961
2654 19240
2655 25384
2656 19093
2657 49960
2658 49952
2659 19233
2660 27489
2661 59241
2662 25377
2663 56104
2664 49961
2665 19200
2666 49953
2667 58209
2668 55649
2669 58145
2670 49960
2671 49960
2672 49813
2673 58152
2674 58144
2675 52000
2676 53793
2677 60193
2678 52009
2679 54049
2680 60257
2681 19240
2682 54017
2683 55072
2684 54057
2685 54121
2686 49953
2687 26408
2688 18209
2689 63264
2690 62097
2691 49953
2692 54056
2693 56096
2694 54057
2695 20257
2696 19241
2697 27400
2698 58144
2699 58144
2700 61217
2701 58113
2702 49953
2703 27520
2704 27432
2705 52065
2706 58145
2707 54057
2708 49952
2709 52001
2710 19256
2711 17160
2712 19200
2713 27400
2714 49952
2715 28449
2716 56105
2717 27400
2718 49953
2719 63328
2720 52009
2721 25376
2722 21289
2723 62360
2724 59169
2725 56097
2726 49952
2727 55073
2728 54048
2729 59168
2730 56072
2731 27425
2732 63272
2733 54056
2734 56160
2735 54048
2736 59169
2737 55081
2738 49936
2739 59233
2740 28513
2741 55081
2742 25353
2743 58152
2744 55072
2745 25361
2746 53025
2747 49960
2748 58144
2749 58145
2750 27536
2751 17168
2752 54057
2753 25377
2754 23328
2755 49953
2756 62240
2757 50977
2758 19200
2759 49944
2760 27400
2761 27401
2762 56097
2763 54049
2764 25344
2765 25440
2766 49953
2767 61185
2768 54048
2769 27432
2770 49952
2771 19240
2772 27153
2773 26401
2774 51985
2775 49953
2776 57121
2777 49697
2778 53793
2779 54049
2780 54049
2781 53813
2782 54052
2783 49921
2784 63273
2785 59169
2786 53793
2787 25377
2788 54056
2789 49952
2790 58208
2791 62097
2792 19224
2793 54072
2794 25512
2795 49960
2796 57121
2797 52000
2798 58208
2799 55073
2800 56096
2801 55073
2802 63264
2803 56080
2804 62241
2805 58144
2806 52000
2807 62304
2808 19241
2809 27553
2810 52000
2811 58144
2812 53793
2813 49952
2814 17161
2815 18945
2816 49952
2817 19241
2818 57121
2819 2849
2820 26409
2821 63265
2822 25384
2823 54049
2824 27488
2825 55072
2826 55080
2827 57120
2828 49960
2829 27393
2830 49953
2831 19201
2832 60193
2833 49976
2834 55081
2835 55144
2836 19201
2837 54049
2838 27425
2839 25381
2840 60201
2841 54064
2842 54049
2843 27416
2844 11041
2845 19240
2846 54049
2847 19233
2848 19237
2849 54049
2850 19240
2851 52008
2852 11040
2853 51968
2854 25377
2855 19233
2856 25384
2857 50016
2858 62312
2859 61985
2860 54049
2861 19232
2862 49952
2863 17192
2864 56097
2865 54049
2866 58208
2867 49952
2868 63264
2869 25376
2870 58128
2871 49952
2872 49952
2873 25472
2874 19233
2875 49953
2876 62241
2877 60257
2878 57129
2879 56096
2880 49976
2881 53813
2882 54048
2883 58209
2884 62097
2885 54049
2886 27392
2887 27528
2888 18977
2889 27392
2890 58208
2891 54049
2892 62241
2893 54049
2894 53809
2895 54049
2896 62097
2897 19237
2898 49920
2899 54064
2900 27536
2901 55081
2902 54049
2903 54112
2904 19089
2905 11049
2906 58144
2907 25345
2908 49953
2909 19233
2910 53793
2911 49953
2912 56097
2913 62209
2914 25344
2915 58144
2916 58144
2917 49944
2918 60200
2919 54049
2920 49921
2921 17184
2922 28513
2923 55080
2924 49952
2925 54064
2926 25496
2927 19232
2928 62240
2929 55073
2930 54112
2931 19088
2932 52000
2933 53601
2934 54049
2935 53793
2936 56097
2937 50985
2938 53025
2939 54049
2940 55072
2941 49961
2942 27432
2943 54049
2944 25384
2945 61281
2946 62241
2947 19233
2948 25512
2949 49505
2950 53793
2951 27424
2952 53604
2953 62097
2954 62097
2955 54049
2956 59241
2957 27432
2958 19233
2959 54112
2960 25344
2961 58144
2962 27400
2963 27281
2964 49953
2965 27153
2966 58144
2967 27424
2968 58128
2969 17153
2970 27432
2971 49809
2972 27520
2973 19233
2974 19240
2975 19352
2976 19208
2977 19208
2978 19208
2979 53793
2980 63264
2981 56112
2982 17184
2983 56097
2984 58152
2985 52008
2986 54048
2987 25384
2988 54049
2989 27425
2990 52000
2991 60193
2992 49952
2993 49952
2994 56073
2995 59169
2996 54113
2997 53793
2998 54048
2999 19233
3000 54049
3001 56105
3002 19201
3003 27392
3004 27153
3005 53025
3006 50977
3007 50977
3008 52000
3009 17176
3010 49505
3011 25368
3012 49952
3013 54048
3014 49952
3015 53793
3016 53033
3017 27408
3018 51968
3019 52000
3020 54056
3021 50016
3022 27409
3023 49952
3024 17152
3025 49920
3026 19208
3027 58144
3028 50017
3029 53793
3030 54048
3031 49960
3032 27424
3033 27425
3034 58144
3035 19233
3036 58144
3037 58144
3038 49952
3039 55081
3040 8993
3041 49968
3042 25345
3043 19233
3044 26465
3045 60193
3046 52072
3047 58144
3048 62241
3049 49952
3050 56097
3051 19201
3052 54057
3053 53025
3054 57129
3055 11041
3056 55081
3057 25480
3058 62097
3059 49920
3060 49944
3061 27425
3062 54072
3063 54056
3064 19297
3065 51713
3066 62241
3067 49953
3068 19233
3069 54048
3070 49961
3071 49921
3072 54048
3073 27393
3074 58145
3075 58145
3076 19233
3077 54049
3078 53793
3079 62241
3080 52009
3081 54112
3082 25352
3083 28521
3084 27408
3085 53025
3086 62240
3087 58144
3088 17192
3089 49952
3090 60193
3091 50984
3092 17192
3093 52000
3094 53025
3095 19304
3096 49952
3097 49952
3098 52000
3099 49960
3100 50984
3101 27401
3102 17192
3103 52009
3104 53797
3105 50016
3106 19208
3107 51553
3108 28449
3109 17192
3110 27433
3111 19232
3112 27425
3113 55081
3114 27408
3115 27432
3116 54056
3117 54049
3118 54048
3119 19240
3120 27432
3121 49968
3122 27424
3123 49960
3124 27497
3125 27408
3126 57121
3127 60193
3128 50977
3129 54048
3130 62240
3131 17296
3132 25448
3133 19208
3134 60192
3135 54049
3136 55081
3137 49961
3138 49968
3139 19240
3140 54048
3141 54048
3142 54056
3143 49961
3144 17160
3145 25377
3146 49809
3147 20257
3148 55073
3149 53536
3150 49953
3151 27409
3152 49928
3153 26369
3154 54049
3155 49953
3156 55081
3157 25384
3158 62360
3159 27393
3160 19233
3161 62248
3162 53793
3163 56104
3164 58136
3165 49953
3166 54056
3167 19240
3168 49952
3169 51969
3170 49960
3171 49953
3172 62240
3173 59241
3174 19208
3175 54049
3176 17177
3177 59177
3178 58152
3179 55081
3180 52000
3181 50017
3182 58112
3183 27424
3184 27432
3185 54048
3186 52000
3187 25376
3188 27424
3189 53600
3190 53536
3191 56120
3192 62305
3193 54053
3194 53809
3195 58145
3196 25480
3197 53601
3198 27425
3199 62097
3200 54065
3201 49952
3202 58176
3203 49696
3204 27392
3205 19233
3206 54049
3207 62097
3208 19240
3209 27296
3210 49953
3211 58136
3212 58112
3213 49920
3214 52001
3215 62241
3216 62097
3217 49952
3218 19236
3219 58145
3220 53809
3221 27408
3222 58145
3223 27400
3224 25440
3225 49952
3226 54049
3227 49952
3228 49936
3229 53601
3230 19201
3231 49920
3232 19232
3233 19233
3234 49976
3235 27425
3236 49968
3237 58145
3238 52000
3239 55081
3240 49936
3241 19232
3242 56160
3243 17185
3244 20257
3245 54048
3246 49953
3247 25376
3248 19208
3249 58208
3250 49960
3251 27520
3252 49953
3253 54049
3254 19232
3255 59169
3256 25344
3257 49952
3258 62240
3259 17185
3260 49961
3261 54048
3262 26400
3263 58144
3264 18961
3265 62240
3266 27424
3267 49952
3268 58152
3269 25496
3270 19233
3271 62241
3272 49921
3273 17184
3274 54048
3275 26401
3276 27424
3277 27392
3278 58145
3279 49944
3280 49953
3281 49953
3282 49936
3283 49809
3284 58152
3285 27281
3286 19233
3287 50977
3288 59233
3289 54049
3290 54048
3291 62241
3292 49968
3293 19240
3294 19233
3295 54057
3296 62240
3297 27433
3298 55081
3299 53808
3300 52001
3301 49921
3302 60192
3303 26464
3304 58152
3305 57121
3306 49952
3307 19240
3308 54049
3309 55081
3310 54049
3311 25361
3312 53025
3313 53905
3314 54113
3315 53536
3316 19209
3317 19232
3318 56096
3319 17160
3320 11041
3321 19233
3322 2824
3323 58144
3324 54049
3325 63273
3326 55841
3327 56088
3328 17296
3329 49952
3330 53600
3331 49953
3332 27400
3333 54121
3334 54817
3335 63265
3336 55073
3337 25384
3338 62240
3339 27432
3340 54048
3341 2849
3342 62241
3343 54048
3344 53809
3345 49952
3346 58208
3347 27296
3348 17192
3349 54049
3350 55136
3351 27425
3352 27400
3353 53813
3354 54072
3355 54048
3356 56105
3357 60192
3358 25352
3359 27392
3360 63264
3361 62241
3362 17185
3363 51744
3364 49936
3365 54056
3366 52001
3367 54049
3368 19208
3369 11048
3370 26465
3371 27425
3372 52000
3373 54049
3374 53793
3375 54064
3376 25376
3377 17176
3378 49920
3379 54048
3380 54049
3381 27425
3382 19233
3383 53025
3384 52001
3385 49976
3386 55144
3387 56104
3388 54048
3389 53537
3390 56096
3391 54817
3392 58144
3393 19208
3394 54048
3395 49952
3396 51041
3397 19224
3398 19237
3399 49952
3400 57889
3401 27400
3402 27281
3403 19233
3404 18945
3405 27520
3406 49953
3407 25440
3408 49953
3409 58145
3410 58145
3411 25377
3412 52001
3413 49952
3414 57129
3415 49960
3416 55841
3417 51745
3418 50016
3419 25344
3420 62240
3421 58145
3422 52000
3423 52001
3424 51041
3425 62241
3426 49505
3427 54112
3428 52009
3429 27536
3430 19233
3431 25345
3432 17193
3433 53600
3434 58136
3435 50976
3436 49952
3437 25352
3438 25377
3439 17248
3440 20257
3441 55081
3442 62241
3443 55072
3444 22305
3445 49953
3446 25352
3447 19233
3448 56097
3449 19209
3450 54048
3451 57128
3452 51969
3453 49505
3454 49952
3455 2856
3456 59169
3457 54056
3458 19232
3459 25376
3460 27392
3461 27425
3462 53905
3463 49952
3464 56097
3465 49952
3466 25345
3467 54048
3468 19200
3469 51745
3470 49953
3471 52008
3472 27400
3473 54048
3474 25376
3475 19200
3476 58153
3477 19296
3478 2857
3479 49952
3480 50976
3481 52008
3482 8992
3483 54049
3484 58144
3485 27432
3486 52008
3487 49953
3488 65312
3489 17185
3490 54048
3491 27400
3492 51976
3493 53809
3494 25441
3495 53808
3496 59232
3497 58144
3498 25441
3499 25440
3500 17185
3501 19232
3502 49953
3503 17184
3504 54056
3505 54048
3506 52000
3507 58153
3508 55073
3509 27488
3510 27489
3511 53793
3512 40737
3513 56096
3514 27432
3515 58145
3516 49952
3517 25409
3518 55073
3519 58152
3520 27424
3521 27424
3522 27392
3523 49813
3524 27425
3525 56097
3526 54049
3527 54048
3528 52001
3529 60193
3530 19240
3531 54049
3532 27489
3533 55073
3534 25361
3535 55073
3536 54017
3537 17185
3538 62360
3539 27400
3540 54048
3541 58144
3542 58112
3543 61225
3544 62240
3545 53025
3546 49952
3547 49968
3548 28449
3549 19233
3550 54120
3551 61224
3552 58145
3553 17192
3554 19201
3555 54112
3556 52008
3557 25440
3558 51041
3559 59177
3560 27424
3561 27265
3562 56104
3563 25377
3564 40737
3565 27152
3566 49920
3567 49953
3568 53601
3569 58112
3570 53793
3571 54053
3572 51553
3573 49960
3574 55137
3575 53808
3576 54049
3577 51968
3578 53001
3579 49953
3580 54113
3581 18976
3582 27424
3583 49944
3584 54049
3585 62240
3586 58208
3587 19352
3588 54048
3589 27425
3590 27424
3591 27401
3592 49956
3593 54112
3594 63265
3595 62241
3596 17184
3597 49953
3598 49944
3599 27432
3600 25381
3601 56097
3602 52008
3603 53025
3604 55073
3605 54048
3606 55073
3607 27392
3608 54049
3609 55136
3610 25377
3611 53793
3612 49969
3613 49960
3614 49952
3615 17208
3616 58113
3617 19240
3618 53792
3619 49929
3620 62241
3621 53797
3622 52024
3623 62241
3624 54112
3625 54056
3626 54056
3627 27281
3628 49809
3629 58216
3630 63264
3631 49921
3632 27520
3633 27265
3634 56097
3635 54048
3636 55072
3637 27433
3638 26465
3639 49952
3640 28513
3641 62097
3642 25377
3643 19208
3644 55073
3645 54073
3646 21281
3647 53797
3648 49952
3649 54064
3650 17176
3651 27489
3652 49921
3653 56104
3654 27433
3655 55137
3656 27408
3657 53813
3658 49952
3659 55073
3660 54053
3661 19233
3662 54049
3663 11041
3664 50985
3665 51000
3666 25376
3667 63328
3668 27392
3669 54049
3670 49920
3671 57121
3672 53813
3673 28512
3674 17177
3675 58145
3676 55072
3677 63265
3678 53024
3679 49960
3680 52000
3681 19233
3682 53809
3683 25376
3684 53809
3685 54056
3686 51976
3687 17185
3688 59233
3689 56112
3690 58216
3691 56105
3692 19208
3693 49976
3694 50016
3695 56096
3696 18961
3697 52000
3698 49952
3699 49960
3700 19208
3701 49952
3702 19233
3703 52008
3704 54072
3705 19201
3706 18977
3707 54048
3708 54049
3709 53777
3710 49952
3711 54049
3712 53797
3713 54056
3714 49952
3715 19209
3716 62249
3717 56096
3718 54056
3719 60264
3720 26401
3721 49960
3722 58144
3723 54049
3724 27392
3725 27520
3726 11048
3727 19200
3728 25344
3729 58145
3730 27401
3731 60160
3732 51041
3733 55072
3734 53797
3735 50977
3736 54049
3737 54048
3738 19233
3739 19232
3740 27432
3741 27400
3742 25344
3743 53600
3744 53604
3745 58145
3746 25377
3747 25377
3748 55080
3749 53033
3750 58144
3751 27137
3752 59937
3753 18961
3754 53536
3755 49953
3756 19089
3757 53536
3758 19248
3759 53793
3760 25440
3761 49969
3762 62232
3763 54048
3764 52001
3765 62240
3766 58209
3767 49957
3768 53604
3769 58144
3770 58144
3771 25376
3772 53793
3773 53536
3774 55136
3775 54049
3776 11040
3777 49953
3778 19216
3779 19200
3780 60193
3781 55081
3782 27392
3783 27392
3784 19305
3785 53793
3786 49440
3787 19201
3788 49953
3789 54049
3790 19200
3791 49953
3792 27393
3793 58145
3794 53809
3795 25377
3796 63265
3797 18961
3798 56097
3799 25384
3800 51713
3801 55136
3802 52000
3803 21281
3804 53025
3805 54049
3806 58145
3807 55081
3808 26401
3809 53033
3810 8993
3811 19208
3812 19233
3813 49696
3814 58145
3815 55073
3816 55073
3817 58152
3818 53545
3819 54056
3820 27425
3821 55081
3822 27392
3823 28457
3824 49952
3825 27424
3826 49952
3827 6945
3828 61217
3829 49953
3830 49960
3831 58144
3832 55137
3833 54048
3834 53793
3835 11040
3836 54056
3837 19209
3838 19224
3839 54053
3840 58144
3841 54040
3842 53025
3843 26401
3844 50016
3845 58144
3846 62241
3847 28457
3848 50024
3849 19240
3850 58144
3851 57129
3852 49953
3853 54048
3854 49697
3855 17184
3856 58153
3857 49960
3858 49960
3859 54049
3860 58145
3861 49953
3862 25353
3863 49952
3864 27425
3865 27425
3866 55073
3867 18961
3868 55081
3869 27392
3870 58144
3871 54049
3872 54072
3873 25384
3874 25376
3875 54048
3876 58145
3877 60193
3878 61216
3879 25345
3880 49953
3881 49953
3882 8993
3883 59176
3884 55080
3885 19224
3886 49952
3887 49953
3888 25449
3889 19240
3890 19241
3891 58152
3892 56097
3893 49976
3894 27400
3895 58144
3896 11049
3897 25377
3898 49953
3899 27393
3900 25361
3901 54049
3902 54040
3903 49960
3904 27400
3905 60193
3906 25384
3907 58208
3908 25353
3909 55088
3910 55081
3911 49960
3912 55073
3913 54072
3914 54049
3915 17248
3916 57121
3917 51969
3918 54056
3919 27433
3920 25352
3921 54048
3922 27392
3923 64289
3924 49953
3925 60193
3926 27400
3927 54048
3928 52009
3929 59169
3930 49952
3931 17192
3932 58145
3933 60169
3934 58145
3935 56065
3936 27392
3937 27393
3938 57121
3939 58208
3940 27425
3941 54112
3942 49960
3943 19233
3944 49952
3945 54056
3946 49937
3947 60264
3948 25368
3949 54048
3950 49952
3951 60193
3952 49696
3953 25496
3954 52065
3955 56097
3956 25352
3957 62240
3958 54048
3959 55073
3960 49944
3961 27392
3962 27424
3963 54048
3964 27425
3965 56097
3966 49976
3967 51041
3968 54113
3969 28513
3970 22313
3971 54049
3972 25352
3973 52000
3974 53025
3975 49960
3976 63265
3977 27425
3978 49953
3979 62240
3980 54049
3981 27424
3982 57889
3983 62241
3984 49961
3985 58145
3986 49952
3987 53777
3988 19232
3989 51992
3990 58112
3991 19233
3992 58144
3993 51969
3994 51969
3995 54049
3996 19240
3997 58145
3998 54048
3999 27400
4000 25376
4001 19088
4002 54032
4003 49681
4004 58144
4005 27432
4006 25449
4007 19233
4008 49920
4009 49976
4010 54064
4011 8992
4012 55073
4013 28449
4014 25384
4015 58209
4016 56097
4017 27153
4018 49968
4019 60161
4020 25376
4021 53793
4022 19233
4023 54048
4024 63273
4025 49920
4026 49952
4027 27400
4028 58280
4029 59168
4030 49697
4031 49976
4032 54048
4033 54048
4034 49952
4035 21289
4036 19240
4037 53792
4038 49961
4039 52009
4040 62313
4041 62240
4042 19209
4043 20256
4044 17184
4045 49504
4046 59177
4047 20257
4048 27432
4049 52064
4050 53792
4051 17169
4052 55081
4053 27400
4054 49952
4055 55081
4056 59176
4057 54049
4058 25368
4059 50976
4060 49960
4061 55809
4062 27425
4063 60160
4064 54049
4065 57129
4066 27401
4067 49961
4068 19208
4069 58145
4070 26401
4071 54064
4072 58145
4073 17176
4074 53793
4075 27296
4076 49920
4077 25377
4078 54056
4079 58208
4080 17160
4081 50984
4082 58145
4083 19233
4084 25233
4085 18977
4086 49952
4087 49960
4088 62360
4089 25384
4090 54049
4091 25345
4092 19233
4093 53600
4094 27392
4095 17189
4096 25441
4097 62097
4098 27432
4099 52001
4100 54033
4101 25344
4102 54049
4103 53793
4104 54049
4105 19088
4106 49504
4107 49697
4108 54112
4109 27392
4110 49961
4111 52000
4112 52001
4113 27296
4114 54049
4115 25360
4116 19232
4117 19240
4118 49953
4119 54056
4120 27425
4121 51744
4122 49697
4123 25377
4124 53536
4125 11041
4126 52000
4127 49976
4128 27401
4129 25377
4130 19201
4131 27392
4132 57121
4133 53793
4134 54049
4135 60193
4136 27424
4137 54048
4138 56097
4139 53813
4140 62240
4141 11041
4142 49953
4143 19232
4144 19208
4145 54112
4146 11041
4147 49953
4148 49953
4149 49953
4150 19201
4151 53537
4152 58144
4153 49952
4154 2857
4155 17184
4156 54049
4157 51992
4158 19233
4159 55081
4160 55081
4161 53545
4162 25377
4163 62240
4164 54048
4165 62241
4166 53540
4167 57121
4168 808
4169 54048
4170 53793
4171 25376
4172 25384
4173 58144
4174 17192
4175 2849
4176 27425
4177 49952
4178 51041
4179 49961
4180 58144
4181 55825
4182 49952
4183 63272
4184 19233
4185 54048
4186 27432
4187 25345
4188 53797
4189 58145
4190 19232
4191 27400
4192 53024
4193 27393
4194 25344
4195 23336
4196 27425
4197 17256
4198 27424
4199 49953
4200 25377
4201 56080
4202 19248
4203 25384
4204 27432
4205 49697
4206 54048
4207 52001
4208 27400
4209 58176
4210 27425
4211 27432
4212 58176
4213 55081
4214 54049
4215 27488
4216 49928
4217 58145
4218 25473
4219 19232
4220 25361
4221 17185
4222 49953
4223 27432
4224 49952
4225 17192
4226 54049
4227 52009
4228 52001
4229 60193
4230 55825
4231 55081
4232 19233
4233 58145
4234 58209
4235 49953
4236 27488
4237 62305
4238 17296
4239 56065
4240 55073
4241 17192
4242 54048
4243 54049
4244 49952
4245 56097
4246 19233
4247 17168
4248 49953
4249 49697
4250 28449
4251 28457
4252 19224
4253 49952
4254 54057
4255 53033
4256 53793
4257 19233
4258 65377
4259 54048
4260 25361
4261 54048
4262 53793
4263 51745
4264 54048
4265 54064
4266 49952
4267 56097
4268 62232
4269 58112
4270 54017
4271 27424
4272 54049
4273 62240
4274 62241
4275 53808
4276 57121
4277 27488
4278 49952
4279 55073
4280 19200
4281 49953
4282 58152
4283 54049
4284 25376
4285 56104
4286 57121
4287 25381
4288 49960
4289 55096
4290 27153
4291 17160
4292 53537
4293 19201
4294 58208
4295 27425
4296 49697
4297 62240
4298 54049
4299 49952
4300 49960
4301 58144
4302 50977
4303 54048
4304 53793
4305 58272
4306 25488
4307 18977
4308 55073
4309 64033
4310 17184
4311 27408
4312 53797
4313 19089
4314 58208
4315 27297
4316 25377
4317 25377
4318 60161
4319 19208
4320 11041
4321 55081
4322 27424
4323 19232
4324 27432
4325 55073
4326 56065
4327 53600
4328 49952
4329 18961
4330 62240
4331 52008
4332 54048
4333 17185
4334 58144
4335 54049
4336 58209
4337 49696
4338 49696
4339 27400
4340 55073
4341 17160
4342 25345
4343 49968
4344 49928
4345 49953
4346 49952
4347 25384
4348 60192
4349 54048
4350 19240
4351 58208
4352 27424
4353 19241
4354 63273
4355 25368
4356 58128
4357 55073
4358 27425
4359 55840
4360 25384
4361 17184
4362 27425
4363 25377
4364 19089
4365 49953
4366 19240
4367 18217
4368 20264
4369 54049
4370 19233
4371 11041
4372 54121
4373 27544
4374 63329
4375 11048
4376 49697
4377 54048
4378 50016
4379 25376
4380 54053
4381 63337
4382 60161
4383 52000
4384 53793
4385 17184
4386 19233
4387 25377
4388 27400
4389 49960
4390 54048
4391 55136
4392 60200
4393 49953
4394 54049
4395 49960
4396 2849
4397 19201
4398 53793
4399 53793
4400 17192
4401 55081
4402 19233
4403 53809
4404 50017
4405 27392
4406 54049
4407 50017
4408 27393
4409 25384
4410 54113
4411 58112
4412 27520
4413 53796
4414 56105
4415 27424
4416 50016
4417 58144
4418 58144
4419 49952
4420 25368
4421 49952
4422 53808
4423 27392
4424 49952
4425 54057
4426 54048
4427 60160
4428 27425
4429 53905
4430 19233
4431 27393
4432 52001
4433 53761
4434 27392
4435 54048
4436 54048
4437 27392
4438 55073
4439 53797
4440 27432
4441 49953
4442 19233
4443 27520
4444 54040
4445 17200
4446 49953
4447 25384
4448 53536
4449 49953
4450 63273
4451 60193
4452 58209
4453 50977
4454 58113
4455 28456
4456 52025
4457 52008
4458 27424
4459 55073
4460 60193
4461 55073
4462 27425
4463 49928
4464 19344
4465 49960
4466 62241
4467 54016
4468 27489
4469 60193
4470 49952
4471 49953
4472 49953
4473 25440
4474 49960
4475 49952
4476 62241
4477 25377
4478 50977
4479 50977
4480 19233
4481 64033
4482 25377
4483 53808
4484 19233
4485 19233
4486 60201
4487 58144
4488 27425
4489 25384
4490 55073
4491 27400
4492 52001
4493 17184
4494 52000
4495 53001
4496 54048
4497 55073
4498 58153
4499 2848
4500 18976
4501 54049
4502 59233
4503 58280
4504 58144
4505 27392
4506 49953
4507 27432
4508 55073
4509 2848
4510 58144
4511 61281
4512 25353
4513 60193
4514 58120
4515 17184
4516 57121
4517 55073
4518 52001
4519 55137
4520 58144
4521 58145
4522 54056
4523 58209
4524 19208
4525 49953
4526 27432
4527 52009
4528 58120
4529 26464
4530 49952
4531 49952
4532 27424
4533 54048
4534 49960
4535 17176
4536 49952
4537 54049
4538 49953
4539 27424
4540 54048
4541 49953
4542 54049
4543 49504
4544 62232
4545 50016
4546 65313
4547 62241
4548 54049
4549 27488
4550 54052
4551 25377
4552 54048
4553 53536
4554 17193
4555 27520
4556 26408
4557 49953
4558 53809
4559 51985
4560 51553
4561 19240
4562 58272
4563 54056
4564 19233
4565 25440
4566 17192
4567 19233
4568 58209
4569 58208
4570 62241
4571 19241
4572 61217
4573 26408
4574 49936
4575 19233
4576 51976
4577 17185
4578 57121
4579 53813
4580 58145
4581 54056
4582 54049
4583 58145
4584 49952
4585 52001
4586 27489
4587 25368
4588 59241
4589 19201
4590 49960
4591 54049
4592 25504
4593 49952
4594 25105
4595 19240
4596 56065
4597 25376
4598 57120
4599 55073
4600 52000
4601 62241
4602 62241
4603 54048
4604 25377
4605 55649
4606 19089
4607 49960
4608 51984
4609 19224
4610 25376
4611 49960
4612 56073
4613 52008
4614 19201
4615 49936
4616 49953
4617 58152
4618 58272
4619 19232
4620 25512
4621 52000
4622 19201
4623 27281
4624 62241
4625 50977
4626 27297
4627 54049
4628 27392
4629 27425
4630 51968
4631 17184
4632 17192
4633 21288
4634 55072
4635 25504
4636 19201
4637 58216
4638 62248
4639 54048
4640 53033
4641 19233
4642 52025
4643 63329
4644 19233
4645 25344
4646 58144
4647 58144
4648 53025
4649 19201
4650 19232
4651 29473
4652 49952
4653 54049
4654 52001
4655 60200
4656 52009
4657 27488
4658 27400
4659 58145
4660 54048
4661 58145
4662 49952
4663 54072
4664 19224
4665 62241
4666 19208
4667 54056
4668 25377
4669 17184
4670 49953
4671 58144
4672 27424
4673 53797
4674 54072
4675 11041
4676 2856
4677 53905
4678 27392
4679 49952
4680 2856
4681 27408
4682 56168
4683 19233
4684 52001
4685 17193
4686 19209
4687 50977
4688 25441
4689 49953
4690 19201
4691 56097
4692 54112
4693 55072
4694 53797
4695 52009
4696 49952
4697 54049
4698 49920
4699 55072
4700 25472
4701 62241
4702 55073
4703 25512
4704 27265
4705 53793
4706 58144
4707 17192
4708 27425
4709 54049
4710 55073
4711 54048
4712 53797
4713 27425
4714 59169
4715 27408
4716 54048
4717 27433
4718 49952
4719 61985
4720 18961
4721 54048
4722 49944
4723 27392
4724 27425
4725 17185
4726 63272
4727 58113
4728 50976
4729 49952
4730 25377
4731 27265
4732 57185
4733 49953
4734 27425
4735 49944
4736 58144
4737 63329
4738 49953
4739 53536
4740 58216
4741 54121
4742 59177
4743 49953
4744 25385
4745 27425
4746 18976
4747 35617
4748 59169
4749 63265
4750 19233
4751 27520
4752 54057
4753 59169
4754 55081
4755 18944
4756 54056
4757 49952
4758 62241
4759 19232
4760 20257
4761 58145
4762 27393
4763 27400
4764 49952
4765 49953
4766 27425
4767 54064
4768 54048
4769 54057
4770 27488
4771 27425
4772 54056
4773 54048
4774 49921
4775 27425
4776 62312
4777 54049
4778 19208
4779 54048
4780 55081
4781 52000
4782 27424
4783 54072
4784 61217
4785 63265
4786 25376
4787 19233
4788 29472
4789 58144
4790 49952
4791 25352
4792 27392
4793 27424
4794 58208
4795 27392
4796 19240
4797 27393
4798 11041
4799 19201
4800 60193
4801 25376
4802 54053
4803 49929
4804 49953
4805 54112
4806 58145
4807 27432
4808 49953
4809 54048
4810 60201
4811 17208
4812 49953
4813 53025
4814 50977
4815 60192
4816 58144
4817 49936
4818 27393
4819 2857
4820 65377
4821 49952
4822 55072
4823 49952
4824 53601
4825 50976
4826 27297
4827 54048
4828 55857
4829 49952
4830 27425
4831 50017
4832 60193
4833 26400
4834 49953
4835 53604
4836 54048
4837 19233
4838 19233
4839 25496
4840 54049
4841 62097
4842 54048
4843 56096
4844 54048
4845 53537
4846 63265
4847 55080
4848 58144
4849 49953
4850 52064
4851 59168
4852 54049
4853 58208
4854 25504
4855 52008
4856 27393
4857 53536
4858 54049
4859 49960
4860 62240
4861 27392
4862 56097
4863 54049
4864 58153
4865 49952
4866 25488
4867 58153
4868 27281
4869 53025
4870 49441
4871 49961
4872 27425
4873 54057
4874 54049
4875 27425
4876 20257
4877 27489
4878 25344
4879 19233
4880 52000
4881 49953
4882 27432
4883 11048
4884 61185
4885 28417
4886 27392
4887 25377
4888 49936
4889 17185
4890 18961
4891 62241
4892 27408
4893 59169
4894 27425
4895 53809
4896 49968
4897 27152
4898 49960
4899 25360
4900 55073
4901 25233
4902 53793
4903 55081
4904 49953
4905 27400
4906 17152
4907 60201
4908 27392
4909 49960
4910 19216
4911 25381
4912 27408
4913 54049
4914 27552
4915 17193
4916 58208
4917 27424
4918 58145
4919 27137
4920 49960
4921 54049
4922 25376
4923 54049
4924 27392
4925 59169
4926 53025
4927 54064
4928 62241
4929 62240
4930 54057
4931 49953
4932 49953
4933 49961
4934 58176
4935 19208
4936 58208
4937 54048
4938 27425
4939 53793
4940 25377
4941 19209
4942 63265
4943 59169
4944 58145
4945 56105
4946 53793
4947 19233
4948 55073
4949 27425
4950 54048
4951 55857
4952 54048
4953 19232
4954 27432
4955 19240
4956 49936
4957 25441
4958 49809
4959 49953
4960 49952
4961 53600
4962 27392
4963 52000
4964 27401
4965 19233
4966 19240
4967 51992
4968 58213
4969 27424
4970 54817
4971 53797
4972 49952
4973 25376
4974 58144
4975 27296
4976 54056
4977 54049
4978 53537
4979 27416
4980 51713
4981 49953
4982 59233
4983 53793
4984 27424
4985 60193
4986 19233
4987 53813
4988 52009
4989 25105
4990 49920
4991 19209
4992 11041
4993 49953
4994 25345
4995 55080
4996 60161
4997 49952
4998 11041
4999 49953
5000 58145
5001 19201
5002 27425
5003 56104
5004 52001
5005 49952
5006 20265
5007 19240
5008 2848
5009 25384
5010 58121
5011 27393
5012 54049
5013 57129
5014 58272
5015 27497
5016 54056
5017 54049
5018 49952
5019 17193
5020 60256
5021 54073
5022 52001
5023 19344
5024 56097
5025 50977
5026 17160
5027 17185
5028 62241
5029 55073
5030 53813
5031 55825
5032 23337
5033 58144
5034 49952
5035 49952
5036 49953
5037 49976
5038 29473
5039 51041
5040 27425
5041 61217
5042 27432
5043 53540
5044 49952
5045 19240
5046 18961
5047 49928
5048 27408
5049 55073
5050 61217
5051 59177
5052 50977
5053 17184
5054 58112
5055 19232
5056 54049
5057 27392
5058 54056
5059 58273
5060 49952
5061 62240
5062 27393
5063 49968
5064 65377
5065 49969
5066 27425
5067 54048
5068 55073
5069 51976
5070 49952
5071 25368
5072 53797
5073 54048
5074 55081
5075 49505
5076 54049
5077 58120
5078 60193
5079 49961
5080 49953
5081 17160
5082 50016
5083 53793
5084 51985
5085 53793
5086 54033
5087 53797
5088 26401
5089 58145
5090 27424
5091 25376
5092 53793
5093 54049
5094 59169
5095 53809
5096 27425
5097 52000
5098 54112
5099 27488
5100 27400
5101 49952
5102 25488
5103 25376
5104 27408
5105 53536
5106 27488
5107 53540
5108 49952
5109 27153
5110 54048
5111 26401
5112 27432
5113 27281
5114 55073
5115 49944
5116 27264
5117 53905
5118 62097
5119 59233
5120 19232
5121 49960
5122 19209
5123 2824
5124 58145
5125 54056
5126 57128
5127 55073
5128 54049
5129 17184
5130 54057
5131 17184
5132 19209
5133 49953
5134 17176
5135 20265
5136 27153
5137 62241
5138 19200
5139 25377
5140 49920
5141 27432
5142 25377
5143 55073
5144 54040
5145 49960
5146 28449
5147 17185
5148 17192
5149 54049
5150 59169
5151 52016
5152 53601
5153 53793
5154 55080
5155 19233
5156 54049
5157 55073
5158 58144
5159 49956
5160 27425
5161 51977
5162 27520
5163 49952
5164 25345
5165 27392
5166 60168
5167 56096
5168 56096
5169 62097
5170 62240
5171 25344
5172 55073
5173 49976
5174 19201
5175 52993
5176 25344
5177 19201
5178 54049
5179 50016
5180 27281
5181 62097
5182 54113
5183 27400
5184 19233
5185 27400
5186 49952
5187 54112
5188 52024
5189 25377
5190 19201
5191 58120
5192 56096
5193 57121
5194 62312
5195 57129
5196 60192
5197 27433
5198 54017
5199 27424
5200 54049
5201 55081
5202 53793
5203 25377
5204 11041
5205 54112
5206 53600
5207 54048
5208 54049
5209 27408
5210 49953
5211 54049
5212 58208
5213 56168
5214 53793
5215 55073
5216 58144
5217 27392
5218 54048
5219 54049
5220 49961
5221 19201
5222 17041
5223 49952
5224 54817
5225 25488
5226 53761
5227 27424
5228 19088
5229 54049
5230 54056
5231 11041
5232 27400
5233 61985
5234 63265
5235 19233
5236 54048
5237 19240
5238 58112
5239 52000
5240 54056
5241 63329
5242 19241
5243 27457
5244 19240
5245 49697
5246 49953
5247 55073
5248 25376
5249 49953
5250 17185
5251 55072
5252 25377
5253 52000
5254 17185
5255 54048
5256 58145
5257 19232
5258 17185
5259 27432
5260 49952
5261 54048
5262 19240
5263 27425
5264 49952
5265 54049
5266 17184
5267 18208
5268 49952
5269 49921
5270 19233
5271 17185
5272 19201
5273 62240
5274 54073
5275 28424
5276 49928
5277 57129
5278 19240
5279 19232
5280 27425
5281 55145
5282 25376
5283 27425
5284 27400
5285 54049
5286 54049
5287 49953
5288 25233
5289 54040
5290 49953
5291 53537
5292 55137
5293 58144
5294 62360
5295 27425
5296 50976
5297 59177
5298 58144
5299 58144
5300 57185
5301 27553
5302 23336
5303 52001
5304 54048
5305 49953
5306 54048
5307 49952
5308 60256
5309 25448
5310 19201
5311 53809
5312 63337
5313 54049
5314 56096
5315 2849
5316 54056
5317 63265
5318 49944
5319 27400
5320 53024
5321 19209
5322 50984
5323 53792
5324 52009
5325 60257
5326 49953
5327 55073
5328 17184
5329 49441
5330 53905
5331 28449
5332 49953
5333 49953
5334 17169
5335 58144
5336 54049
5337 55080
5338 55073
5339 54056
5340 54040
5341 62304
5342 27400
5343 27281
5344 17185
5345 27400
5346 62240
5347 59168
5348 52000
5349 54049
5350 49952
5351 62240
5352 49920
5353 55073
5354 62241
5355 27424
5356 52065
5357 28457
5358 62241
5359 27408
5360 59137
5361 61216
5362 55073
5363 27401
5364 62241
5365 54049
5366 25376
5367 49960
5368 55073
5369 52001
5370 53024
5371 58120
5372 49953
5373 19233
5374 25377
5375 54048
5376 54072
5377 26472
5378 2857
5379 49952
5380 27425
5381 54049
5382 19232
5383 49953
5384 49921
5385 28513
5386 27488
5387 56105
5388 53813
5389 53604
5390 19208
5391 17185
5392 27425
5393 49953
5394 49944
5395 56104
5396 27425
5397 27392
5398 11040
5399 27425
5400 26408
5401 27400
5402 49960
5403 27425
5404 54048
5405 19201
5406 57128
5407 27392
5408 18976
5409 26409
5410 55081
5411 27425
5412 56097
5413 54049
5414 27408
5415 54032
5416 54072
5417 19240
5418 62241
5419 51713
5420 25377
5421 49952
5422 53537
5423 53905
5424 54048
5425 54056
5426 19233
5427 27400
5428 19208
5429 27401
5430 57184
5431 54025
5432 54049
5433 58160
5434 53601
5435 49952
5436 21280
5437 51977
5438 54048
5439 19241
5440 27401
5441 57129
5442 62304
5443 49953
5444 58112
5445 58145
5446 25376
5447 61217
5448 54056
5449 58145
5450 26408
5451 49953
5452 17192
5453 19240
5454 51488
5455 19208
5456 55081
5457 54056
5458 60192
5459 60200
5460 63329
5461 55073
5462 27424
5463 49952
5464 56096
5465 62240
5466 50985
5467 49952
5468 54072
5469 49953
5470 27400
5471 25345
5472 62304
5473 22313
5474 49961
5475 19233
5476 25376
5477 53032
5478 54056
5479 55137
5480 62312
5481 25440
5482 58145
5483 25345
5484 50977
5485 54120
5486 58152
5487 55081
5488 49504
5489 49960
5490 49952
5491 27425
5492 54056
5493 54072
5494 27424
5495 54049
5496 27456
5497 54048
5498 58145
5499 25384
5500 49952
5501 27400
5502 25377
5503 59168
5504 63272
5505 53001
5506 27393
5507 55857
5508 56097
5509 27433
5510 58145
5511 53537
5512 62360
5513 49953
5514 27392
5515 25512
5516 50984
5517 62360
5518 53797
5519 58144
5520 17168
5521 57129
5522 27425
5523 19233
5524 58208
5525 26409
5526 57121
5527 28449
5528 22305
5529 49952
5530 19241
5531 2849
5532 53793
5533 58152
5534 62304
5535 55081
5536 11040
5537 19089
5538 27137
5539 62240
5540 53793
5541 52001
5542 54072
5543 62209
5544 49505
5545 49957
5546 54056
5547 49952
5548 27488
5549 49953
5550 19208
5551 54064
5552 54057
5553 17184
5554 17185
5555 49960
5556 19240
5557 62305
5558 25504
5559 19240
5560 27425
5561 49809
5562 62241
5563 52001
5564 25472
5565 53793
5566 49697
5567 53793
5568 49953
5569 53793
5570 55081
5571 61280
5572 54057
5573 19225
5574 49505
5575 49960
5576 27432
5577 31521
5578 19233
5579 58120
5580 53797
5581 19201
5582 25376
5583 25344
5584 49953
5585 800
5586 58152
5587 57889
5588 58145
5589 25377
5590 54112
5591 54048
5592 17192
5593 60192
5594 50984
5595 52008
5596 49953
5597 49952
5598 27392
5599 19233
5600 49960
5601 17185
5602 53809
5603 49953
5604 49809
5605 56160
5606 62097
5607 27400
5608 27400
5609 25377
5610 53600
5611 63265
5612 53797
5613 54049
5614 63265
5615 49956
5616 58145
5617 60193
5618 50016
5619 49960
5620 6945
5621 56097
5622 17184
5623 25105
5624 27408
5625 11041
5626 17185
5627 25377
5628 25368
5629 49920
5630 27153
5631 27400
5632 53793
5633 49953
5634 17192
5635 57121
5636 53797
5637 27425
5638 54049
5639 53793
5640 64033
5641 51977
5642 62241
5643 25504
5644 58112
5645 54056
5646 53601
5647 19201
5648 25344
5649 53776
5650 60193
5651 58145
5652 53604
5653 49960
5654 55136
5655 49697
5656 51977
5657 58144
5658 54817
5659 62097
5660 25376
5661 49504
5662 55137
5663 50976
5664 49953
5665 62305
5666 27432
5667 53793
5668 27424
5669 49952
5670 55080
5671 19201
5672 2824
5673 60192
5674 57129
5675 25377
5676 53025
5677 27464
5678 58144
5679 2856
5680 54112
5681 53540
5682 49952
5683 17184
5684 19240
5685 49952
5686 50976
5687 61224
5688 54049
5689 19233
5690 27425
5691 19208
5692 54056
5693 19240
5694 63329
5695 2817
5696 25352
5697 55072
5698 54048
5699 49953
5700 27400
5701 49953
5702 27264
5703 58144
5704 17249
5705 55081
5706 25376
5707 55072
5708 55073
5709 19233
5710 54049
5711 54048
5712 60193
5713 54040
5714 62240
5715 55088
5716 62240
5717 27137
5718 53600
5719 59233
5720 62360
5721 49953
5722 27281
5723 25488
5724 54048
5725 49953
5726 62240
5727 55081
5728 51968
5729 49953
5730 54048
5731 19201
5732 20257
5733 55841
5734 52000
5735 55072
5736 27153
5737 27400
5738 27432
5739 58144
5740 19232
5741 52065
5742 62240
5743 27392
5744 18961
5745 49944
5746 18961
5747 53813
5748 27400
5749 25480
5750 49952
5751 51969
5752 52000
5753 56072
5754 27400
5755 55136
5756 49961
5757 51729
5758 27425
5759 53793
5760 53813
5761 49952
5762 53793
5763 54049
5764 49697
5765 54049
5766 54057
5767 49952
5768 54072
5769 19233
5770 49944
5771 19233
5772 51729
5773 60169
5774 21281
5775 25377
5776 52000
5777 57185
5778 19241
5779 59169
5780 56097
5781 27528
5782 49936
5783 58144
5784 49952
5785 17192
5786 17153
5787 54112
5788 63272
5789 27425
5790 62097
5791 54049
5792 49440
5793 58209
5794 27297
5795 25368
5796 49953
5797 19089
5798 49952
5799 49960
5800 60193
5801 17185
5802 65377
5803 49960
5804 11041
5805 18209
5806 53601
5807 25344
5808 25376
5809 27424
5810 49952
5811 49952
5812 53601
5813 54065
5814 19248
5815 25377
5816 25385
5817 49952
5818 27281
5819 53793
5820 19233
5821 19201
5822 62249
5823 52001
5824 55073
5825 49952
5826 27392
5827 55081
5828 58144
5829 17185
5830 19224
5831 49952
5832 53793
5833 62305
5834 49952
5835 27392
5836 53793
5837 50984
5838 54048
5839 27392
5840 11040
5841 18961
5842 54048
5843 55073
5844 62240
5845 62304
5846 25384
5847 54113
5848 54048
5849 58145
5850 54048
5851 60193
5852 52001
5853 58144
5854 27433
5855 58217
5856 27425
5857 55073
5858 54073
5859 49952
5860 27392
5861 2857
5862 55072
5863 58112
5864 19233
5865 19236
5866 17169
5867 60200
5868 25440
5869 55080
5870 25352
5871 27432
5872 55072
5873 49961
5874 17185
5875 19233
5876 53792
5877 58145
5878 56080
5879 17184
5880 27496
5881 54049
5882 25376
5883 19232
5884 49960
5885 27392
5886 49960
5887 53601
5888 19233
5889 49952
5890 27265
5891 28449
5892 54072
5893 53793
5894 27408
5895 28424
5896 49952
5897 50977
5898 54049
5899 54041
5900 19232
5901 49952
5902 19089
5903 56097
5904 58160
5905 59169
5906 55081
5907 52001
5908 53793
5909 49952
5910 27425
5911 54048
5912 19232
5913 27520
5914 17192
5915 50016
5916 54061
5917 27424
5918 52001
5919 58145
5920 19208
5921 55809
5922 57120
5923 61185
5924 58144
5925 27153
5926 17041
5927 53808
5928 25361
5929 59137
5930 53905
5931 51976
5932 57889
5933 27137
5934 54049
5935 59233
5936 53537
5937 27400
5938 55081
5939 28513
5940 54064
5941 57121
5942 27392
5943 19232
5944 17185
5945 57129
5946 58145
5947 49697
5948 54112
5949 19233
5950 54049
5951 54048
5952 17185
5953 49681
5954 19232
5955 56097
5956 19233
5957 57129
5958 19232
5959 19233
5960 49953
5961 49953
5962 27408
5963 49952
5964 54049
5965 49920
5966 19240
5967 55073
5968 19232
5969 49952
5970 27392
5971 17041
5972 25377
5973 49953
5974 54048
5975 62240
5976 19089
5977 17184
5978 19209
5979 49953
5980 54049
5981 49952
5982 55081
5983 27432
5984 59241
5985 50017
5986 49953
5987 27425
5988 20233
5989 27424
5990 52008
5991 55073
5992 57129
5993 60200
5994 8992
5995 53809
5996 52008
5997 19208
5998 57889
5999 49952
6000 49920
6001 63264
6002 27528
6003 51969
6004 61216
6005 27425
6006 27393
6007 17185
6008 55073
6009 25440
6010 49952
6011 54113
6012 49976
6013 17185
6014 19233
6015 27425
6016 27392
6017 62097
6018 62240
6019 26409
6020 53600
6021 27425
6022 49976
6023 25376
6024 54061
6025 50985
6026 54056
6027 62240
6028 54049
6029 58209
6030 25376
6031 50977
6032 49952
6033 54072
6034 19233
6035 17193
6036 49960
6037 52017
6038 19233
6039 58208
6040 49952
6041 52000
6042 27497
6043 19248
6044 54048
6045 25384
6046 11040
6047 49952
6048 54032
6049 27488
6050 19232
6051 62248
6052 27432
6053 58145
6054 58216
6055 54056
6056 54025
6057 49960
6058 54049
6059 49961
6060 54048
6061 53793
6062 51041
6063 51968
6064 27521
6065 58145
6066 62208
6067 54048
6068 18208
6069 58121
6070 58144
6071 52000
6072 53793
6073 49945
6074 54056
6075 58145
6076 28513
6077 49952
6078 17176
6079 49952
6080 37665
6081 62241
6082 53793
6083 27281
6084 17200
6085 19233
6086 62304
6087 27297
6088 49809
6089 60192
6090 49953
6091 58145
6092 52001
6093 19208
6094 54056
6095 11048
6096 25361
6097 49968
6098 55081
6099 55073
6100 25352
6101 54113
6102 49952
6103 53793
6104 54053
6105 29473
6106 49960
6107 55073
6108 18961
6109 49952
6110 55072
6111 17152
6112 19208
6113 49697
6114 58144
6115 50984
6116 54048
6117 63337
6118 56097
6119 27393
6120 54056
6121 55073
6122 27297
6123 55841
6124 54112
6125 49961
6126 62248
6127 11041
6128 17185
6129 49953
6130 49952
6131 62241
6132 49960
6133 27392
6134 27392
6135 49952
6136 49952
6137 51977
6138 17160
6139 19200
6140 55081
6141 27400
6142 55072
6143 53601
6144 57121
6145 19208
6146 49976
6147 54049
6148 52001
6149 62241
6150 19089
6151 50977
6152 27424
6153 54048
6154 53761
6155 23297
6156 27392
6157 27425
6158 54049
6159 27408
6160 49920
6161 59937
6162 54049
6163 27400
6164 19201
6165 54112
6166 27425
6167 52008
6168 53792
6169 49953
6170 55840
6171 19224
6172 58145
6173 50985
6174 28513
6175 59241
6176 19209
6177 26401
6178 65313
6179 50977
6180 19233
6181 19200
6182 60193
6183 35617
6184 21281
6185 49953
6186 57121
6187 19233
6188 808
6189 51968
6190 54049
6191 49960
6192 27400
6193 58144
6194 62241
6195 62240
6196 25377
6197 19232
6198 54049
6199 17197
6200 49952
6201 25376
6202 62305
6203 27432
6204 27432
6205 54113
6206 49961
6207 54048
6208 55073
6209 51041
6210 55073
6211 53793
6212 49952
6213 19089
6214 27297
6215 54033
6216 54112
6217 56097
6218 19093
6219 58144
6220 53793
6221 62240
6222 53809
6223 58113
6224 54072
6225 17184
6226 57120
6227 55081
6228 27432
6229 54049
6230 59169
6231 56096
6232 54056
6233 53033
6234 58145
6235 62241
6236 19233
6237 20257
6238 19233
6239 17169
6240 27425
6241 49953
6242 49953
6243 52000
6244 50977
6245 62304
6246 49953
6247 50985
6248 50016
6249 54049
6250 58144
6251 19233
6252 19232
6253 54057
6254 55081
6255 27432
6256 17184
6257 60168
6258 54056
6259 54032
6260 27137
6261 25353
6262 51969
6263 58145
6264 21280
6265 58120
6266 58152
6267 54049
6268 49953
6269 63273
6270 19233
6271 49953
6272 62097
6273 52000
6274 11041
6275 19240
6276 27489
6277 49953
6278 49953
6279 54049
6280 49440
6281 53600
6282 17176
6283 19233
6284 28448
6285 60160
6286 62241
6287 17184
6288 27393
6289 58144
6290 19233
6291 17256
6292 25376
6293 49960
6294 62097
6295 49956
6296 52000
6297 55841
6298 53792
6299 25440
6300 54113
6301 19089
6302 62240
6303 51744
6304 27425
6305 27425
6306 59937
6307 53793
6308 50017
6309 53545
6310 49921
6311 60257
6312 54049
6313 60193
6314 11041
6315 27425
6316 17192
6317 56096
6318 58145
6319 28456
6320 62248
6321 27424
6322 27433
6323 60192
6324 49953
6325 49953
6326 49953
6327 17153
6328 54025
6329 19200
6330 56105
6331 6945
6332 19233
6333 49960
6334 60161
6335 62241
6336 17184
6337 49953
6338 54056
6339 58145
6340 49697
6341 58144
6342 58145
6343 19200
6344 56104
6345 26401
6346 11041
6347 25384
6348 25377
6349 49953
6350 59168
6351 60193
6352 17176
6353 58145
6354 58145
6355 19232
6356 55825
6357 28457
6358 49953
6359 53793
6360 54049
6361 800
6362 25377
6363 60168
6364 55649
6365 54049
6366 62240
6367 19201
6368 20257
6369 52001
6370 58144
6371 53809
6372 58144
6373 54052
6374 49960
6375 56097
6376 25449
6377 54048
6378 27425
6379 55073
6380 54048
6381 52008
6382 54049
6383 19232
6384 51729
6385 58144
6386 19233
6387 54048
6388 27393
6389 59169
6390 27425
6391 60192
6392 55081
6393 51969
6394 58113
6395 27400
6396 27424
6397 27400
6398 19201
6399 49953
6400 51041
6401 58144
6402 25345
6403 58144
6404 25376
6405 49953
6406 58217
6407 49952
6408 54048
6409 21281
6410 27401
6411 53809
6412 27400
6413 49920
6414 19208
6415 53796
6416 27433
6417 56160
6418 54040
6419 56097
6420 27425
6421 25376
6422 11041
6423 58152
6424 58152
6425 58209
6426 52008
6427 27425
6428 19217
6429 49952
6430 62248
6431 55096
6432 54049
6433 58145
6434 19240
6435 27425
6436 27400
6437 25344
6438 56097
6439 27433
6440 19233
6441 58145
6442 52001
6443 27425
6444 53537
6445 19232
6446 56097
6447 19240
6448 49697
6449 25377
6450 25496
6451 27424
6452 49920
6453 27416
6454 61217
6455 55073
6456 54048
6457 19233
6458 54048
6459 53001
6460 49952
6461 58145
6462 11041
6463 53537
6464 27496
6465 27392
6466 58208
6467 62248
6468 55080
6469 54817
6470 58145
6471 27408
6472 53600
6473 55072
6474 60160
6475 54048
6476 25360
6477 54048
6478 55080
6479 60169
6480 17160
6481 54049
6482 55081
6483 49953
6484 53809
6485 54049
6486 61224
6487 49952
6488 27424
6489 49921
6490 27424
6491 60320
6492 54049
6493 64033
6494 55080
6495 17189
6496 55081
6497 25512
6498 25384
6499 58144
6500 54065
6501 27425
6502 52000
6503 51993
6504 19236
6505 60257
6506 55081
6507 58208
6508 55073
6509 58144
6510 50984
6511 25376
6512 55136
6513 49953
6514 28449
6515 17192
6516 49952
6517 19208
6518 53024
6519 55072
6520 27520
6521 53536
6522 54052
6523 58208
6524 17153
6525 54048
6526 49952
6527 49952
6528 56096
6529 62097
6530 27393
6531 58144
6532 27137
6533 57121
6534 54121
6535 54049
6536 25360
6537 19200
6538 27424
6539 49961
6540 49976
6541 62240
6542 62360
6543 19236
6544 54049
6545 52000
6546 58144
6547 54048
6548 52000
6549 19233
6550 49968
6551 56096
6552 60257
6553 49953
6554 54048
6555 17185
6556 62360
6557 51745
6558 49952
6559 49952
6560 58144
6561 54049
6562 49953
6563 62248
6564 58144
6565 17193
6566 19240
6567 57120
6568 25480
6569 19201
6570 17185
6571 25376
6572 55137
6573 27432
6574 58145
6575 49953
6576 27392
6577 62241
6578 27425
6579 27153
6580 49952
6581 25376
6582 58112
6583 19232
6584 49928
6585 58152
6586 49953
6587 25344
6588 27425
6589 49953
6590 17192
6591 52009
6592 60192
6593 23329
6594 54048
6595 2824
6596 53793
6597 54056
6598 55137
6599 53601
6600 11041
6601 25368
6602 49697
6603 19208
6604 58144
6605 51984
6606 27392
6607 29440
6608 27408
6609 11041
6610 25384
6611 19232
6612 49697
6613 52001
6614 54048
6615 60201
6616 58153
6617 17184
6618 49960
6619 55072
6620 58145
6621 58208
6622 25376
6623 19240
6624 52008
6625 19208
6626 25376
6627 27424
6628 54065
6629 54057
6630 17192
6631 58272
6632 17184
6633 54056
6634 55072
6635 64289
6636 18961
6637 27264
6638 63264
6639 2817
6640 58144
6641 58144
6642 51976
6643 58144
6644 54049
6645 58121
6646 58152
6647 50016
6648 64289
6649 51968
6650 27264
6651 25353
6652 55137
6653 54113
6654 27497
6655 53793
6656 19200
6657 58144
6658 50016
6659 51041
6660 58145
6661 53032
6662 17153
6663 27425
6664 54049
6665 58144
6666 19232
6667 27497
6668 52001
6669 25344
6670 49952
6671 59169
6672 52001
6673 17176
6674 49953
6675 19240
6676 21281
6677 49953
6678 17185
6679 49953
6680 62241
6681 62240
6682 27424
6683 62240
6684 23329
6685 49952
6686 49505
6687 54112
6688 60193
6689 49697
6690 56073
6691 53793
6692 53604
6693 49960
6694 58145
6695 57121
6696 54048
6697 55073
6698 19201
6699 53024
6700 27433
6701 49952
6702 19304
6703 54048
6704 19328
6705 51745
6706 19201
6707 27400
6708 54049
6709 25385
6710 58208
6711 62241
6712 54056
6713 51041
6714 61217
6715 27392
6716 27392
6717 27433
6718 27425
6719 49809
6720 19233
6721 55080
6722 25344
6723 20225
6724 49952
6725 59937
6726 27424
6727 11048
6728 27425
6729 49952
6730 58152
6731 54049
6732 57129
6733 27425
6734 54048
6735 25377
6736 60192
6737 2856
6738 27432
6739 58112
6740 27400
6741 65377
6742 58145
6743 53600
6744 60193
6745 55081
6746 27432
6747 27425
6748 53809
6749 54048
6750 54048
6751 54112
6752 49953
6753 19232
6754 49952
6755 56089
6756 49809
6757 62097
6758 25441
6759 57121
6760 25377
6761 58113
6762 19093
6763 27520
6764 25496
6765 63265
6766 60200
6767 27153
6768 53793
6769 54049
6770 17184
6771 17168
6772 27496
6773 54057
6774 63273
6775 58144
6776 19240
6777 54056
6778 55073
6779 53025
6780 50985
6781 58144
6782 58145
6783 19233
6784 62240
6785 55073
6786 25233
6787 2856
6788 20265
6789 17184
6790 55073
6791 55072
6792 27544
6793 58144
6794 55081
6795 25377
6796 50024
6797 53604
6798 8993
6799 49952
6800 62241
6801 27432
6802 59177
6803 52001
6804 54048
6805 56097
6806 56072
6807 17192
6808 53792
6809 19233
6810 54049
6811 49920
6812 52064
6813 25376
6814 58152
6815 49960
6816 17185
6817 25376
6818 61985
6819 17168
6820 54048
6821 25376
6822 65313
6823 62241
6824 57121
6825 27392
6826 53024
6827 60192
6828 52009
6829 60961
6830 49504
6831 25376
6832 49960
6833 19233
6834 27400
6835 61224
6836 28456
6837 52001
6838 27424
6839 54016
6840 50976
6841 64033
6842 17161
6843 53793
6844 57121
6845 17256
6846 27432
6847 19232
6848 25352
6849 54057
6850 52008
6851 27400
6852 59169
6853 55072
6854 27152
6855 25376
6856 54032
6857 19232
6858 49921
6859 54049
6860 58153
6861 27424
6862 52001
6863 58120
6864 27400
6865 19089
6866 17296
6867 21281
6868 49952
6869 52001
6870 61217
6871 27392
6872 52009
6873 54072
6874 27400
6875 28448
6876 53777
6877 11040
6878 27544
6879 54048
6880 25360
6881 52001
6882 54049
6883 56104
6884 52008
6885 27432
6886 54053
6887 56064
6888 27400
6889 49920
6890 53536
6891 52000
6892 49697
6893 55072
6894 55073
6895 20265
6896 19240
6897 19208
6898 25345
6899 27536
6900 55809
6901 49960
6902 62097
6903 49928
6904 54017
6905 39713
6906 49953
6907 25504
6908 27536
6909 25384
6910 64289
6911 25376
6912 27393
6913 27424
6914 49952
6915 53761
6916 49953
6917 62240
6918 17185
6919 19209
6920 17256
6921 19208
6922 19201
6923 19233
6924 49960
6925 25512
6926 50977
6927 55081
6928 17153
6929 19208
6930 25376
6931 58121
6932 60193
6933 55073
6934 27265
6935 58144
6936 17185
6937 58144
6938 27536
6939 49953
6940 49952
6941 25352
6942 51729
6943 50977
6944 58144
6945 49953
6946 49944
6947 55081
6948 53809
6949 49953
6950 57129
6951 58113
6952 54817
6953 54049
6954 58153
6955 49952
6956 55649
6957 60161
6958 54065
6959 62241
6960 54048
6961 64289
6962 55649
6963 18961
6964 49936
6965 25344
6966 52000
6967 19216
6968 54048
6969 25408
6970 53536
6971 56097
6972 19240
6973 56097
6974 27153
6975 58208
6976 60193
6977 17185
6978 58145
6979 53032
6980 49952
6981 49976
6982 54048
6983 55073
6984 58145
6985 19224
6986 49952
6987 19201
6988 28448
6989 54056
6990 51969
6991 37665
6992 19232
6993 27409
6994 52001
6995 51969
6996 17184
6997 56105
6998 49953
6999 56097
7000 25377
7001 17176
7002 52001
7003 54049
7004 53793
7005 62240
7006 19208
7007 25352
7008 53600
7009 53601
7010 25377
7011 49968
7012 54049
7013 49961
7014 19233
7015 64033
7016 53793
7017 55080
7018 25472
7019 49697
7020 25352
7021 54056
7022 11041
7023 11040
7024 63264
7025 19233
7026 52993
7027 800
7028 49960
7029 25376
7030 52000
7031 27456
7032 60192
7033 52001
7034 54048
7035 49960
7036 55841
7037 55073
7038 17192
7039 56097
7040 27393
7041 28457
7042 55073
7043 51969
7044 25480
7045 60320
7046 50977
7047 58145
7048 63329
7049 52001
7050 19232
7051 11049
7052 27528
7053 58144
7054 56073
7055 60193
7056 54048
7057 52001
7058 25376
7059 25376
7060 53540
7061 25408
7062 19232
7063 50976
7064 51744
7065 19200
7066 27425
7067 58145
7068 54049
7069 57121
7070 27425
7071 49952
7072 17152
7073 27392
7074 49953
7075 25360
7076 54064
7077 52000
7078 18960
7079 49504
7080 53813
7081 25376
7082 49953
7083 27137
7084 28449
7085 27408
7086 58144
7087 61185
7088 17185
7089 17160
7090 59169
7091 62240
7092 54024
7093 52008
7094 50017
7095 25384
7096 49953
7097 60192
7098 58216
7099 51744
7100 19240
7101 27496
7102 25440
7103 27488
7104 25377
7105 53792
7106 19200
7107 62305
7108 52000
7109 61985
7110 18945
7111 54049
7112 54072
7113 27425
7114 57129
7115 57129
7116 27520
7117 49960
7118 25409
7119 19240
7120 50016
7121 55080
7122 58145
7123 27400
7124 54056
7125 51745
7126 11041
7127 64033
7128 17192
7129 25344
7130 53536
7131 53797
7132 19201
7133 54049
7134 49953
7135 27425
7136 64033
7137 49956
7138 58144
7139 54049
7140 52008
7141 27408
7142 49952
7143 27520
7144 58113
7145 27392
7146 57129
7147 56104
7148 28448
7149 55073
7150 18977
7151 54049
7152 58145
7153 49952
7154 25376
7155 53793
7156 61224
7157 19224
7158 19240
7159 49929
7160 62240
7161 52000
7162 49953
7163 54064
7164 58153
7165 27400
7166 49960
7167 49961
7168 19232
7169 49952
7170 19209
7171 49968
7172 19233
7173 25440
7174 28417
7175 54049
7176 25376
7177 54057
7178 19201
7179 60256
7180 49976
7181 63264
7182 62241
7183 58145
7184 62241
7185 55073
7186 17192
7187 49953
7188 49952
7189 19233
7190 19200
7191 25384
7192 27424
7193 28449
7194 49952
7195 49952
7196 17152
7197 25352
7198 25377
7199 54049
7200 56097
7201 49960
7202 60192
7203 54065
7204 54053
7205 53796
7206 54048
7207 62241
7208 54049
7209 56097
7210 49961
7211 55144
7212 17184
7213 27433
7214 58144
7215 49957
7216 60192
7217 49953
7218 60192
7219 21288
7220 58145
7221 49952
7222 58144
7223 19232
7224 52000
7225 26401
7226 17185
7227 54112
7228 54049
7229 49960
7230 49953
7231 59169
7232 18960
7233 49953
7234 53536
7235 27400
7236 55081
7237 19233
7238 60193
7239 55081
7240 27425
7241 58208
7242 51553
7243 53537
7244 62240
7245 19232
7246 25377
7247 58152
7248 25377
7249 19201
7250 63273
7251 51977
7252 58216
7253 28449
7254 54049
7255 49952
7256 49952
7257 50976
7258 25488
7259 54057
7260 17161
7261 59176
7262 53600
7263 25377
7264 25377
7265 57129
7266 52024
7267 19089
7268 55081
7269 62240
7270 62208
7271 17153
7272 49952
7273 25377
7274 49976
7275 25376
7276 54064
7277 60193
7278 27424
7279 21280
7280 54048
7281 54048
7282 63272
7283 49976
7284 51968
7285 17153
7286 49953
7287 49952
7288 54048
7289 54056
7290 25384
7291 53793
7292 40737
7293 54049
7294 54048
7295 49961
7296 19200
7297 2856
7298 60193
7299 25440
7300 21280
7301 60192
7302 25376
7303 60193
7304 58144
7305 58144
7306 52000
7307 54048
7308 57120
7309 51968
7310 49953
7311 63272
7312 19208
7313 25360
7314 53792
7315 58208
7316 58208
7317 54049
7318 50985
7319 54048
7320 25440
7321 25376
7322 62240
7323 49952
7324 55856
7325 58145
7326 53792
7327 49952
7328 55081
7329 25377
7330 58145
7331 64289
7332 53793
7333 58145
7334 17185
7335 27392
7336 19240
7337 19201
7338 17185
7339 27425
7340 49961
7341 49952
7342 60192
7343 49505
7344 58144
7345 49961
7346 49960
7347 27393
7348 49937
7349 58152
7350 27424
7351 19233
7352 58144
7353 49504
7354 53024
7355 27392
7356 27425
7357 52000
7358 57121
7359 49952
7360 25344
7361 49952
7362 19233
7363 49952
7364 25376
7365 27424
7366 27392
7367 27392
7368 27456
7369 54057
7370 49936
7371 58213
7372 8993
7373 54040
7374 19201
7375 55073
7376 57129
7377 17185
7378 25376
7379 49952
7380 19240
7381 11041
7382 52008
7383 25344
7384 27424
7385 27424
7386 25408
7387 25352
7388 49920
7389 54056
7390 49961
7391 25376
7392 19240
7393 56089
7394 62240
7395 27425
7396 17197
7397 19200
7398 54049
7399 37665
7400 59177
7401 19216
7402 25344
7403 60193
7404 49952
7405 56096
7406 58209
7407 55145
7408 49961
7409 55081
7410 52008
7411 53808
7412 59241
7413 54040
7414 57120
7415 62240
7416 19233
7417 51488
7418 19208
7419 54049
7420 58144
7421 58144
7422 53600
7423 55088
7424 62240
7425 55073
7426 49953
7427 49952
7428 19089
7429 19200
7430 19208
7431 54048
7432 27432
7433 49952
7434 63265
7435 27425
7436 25345
7437 54064
7438 61216
7439 63265
7440 25384
7441 54057
7442 49697
7443 50977
7444 27424
7445 51985
7446 58113
7447 19201
7448 51744
7449 55073
7450 56097
7451 37665
7452 17184
7453 49944
7454 54072
7455 11041
7456 50024
7457 58152
7458 53032
7459 54072
7460 25376
7461 54049
7462 19233
7463 53793
7464 54056
7465 27424
7466 61224
7467 17193
7468 56097
7469 54049
7470 19256
7471 62248
7472 27392
7473 55857
7474 49968
7475 18961
7476 27488
7477 60192
7478 19216
7479 51968
7480 19233
7481 63265
7482 60161
7483 27432
7484 63337
7485 58145
7486 49960
7487 55080
7488 25504
7489 59137
7490 25384
7491 25440
7492 25376
7493 54049
7494 17184
7495 52001
7496 49952
7497 23297
7498 59168
7499 49952
7500 25376
7501 49952
7502 52000
7503 54112
7504 62312
7505 49921
7506 54049
7507 49953
7508 49960
7509 56088
7510 53793
7511 54061
7512 19232
7513 53793
7514 19232
7515 19089
7516 49953
7517 58208
7518 58144
7519 59233
7520 27433
7521 49697
7522 55073
7523 27392
7524 54049
7525 19201
7526 52000
7527 19241
7528 58113
7529 27281
7530 19201
7531 19233
7532 63273
7533 49920
7534 19233
7535 27425
7536 53600
7537 49945
7538 53601
7539 62241
7540 54048
7541 54017
7542 27432
7543 58152
7544 19241
7545 26408
7546 19240
7547 49953
7548 49953
7549 19233
7550 19233
7551 58153
7552 27400
7553 49920
7554 19233
7555 27425
7556 54113
7557 52009
7558 26408
7559 19232
7560 58144
7561 55073
7562 58145
7563 58145
7564 54121
7565 54113
7566 19201
7567 59169
7568 54057
7569 55081
7570 49936
7571 58272
7572 52008
7573 58144
7574 19200
7575 58144
7576 54049
7577 27264
7578 25473
7579 17184
7580 54053
7581 54057
7582 49952
7583 27424
7584 52024
7585 18209
7586 25377
7587 54052
7588 50017
7589 25376
7590 55073
7591 19304
7592 17153
7593 58153
7594 54048
7595 50977
7596 54049
7597 60192
7598 49440
7599 62240
7600 25345
7601 19233
7602 19209
7603 58153
7604 28512
7605 54048
7606 19328
7607 52001
7608 19089
7609 27552
7610 19240
7611 57121
7612 27400
7613 60193
7614 55073
7615 27392
7616 26369
7617 49961
7618 17192
7619 58144
7620 56065
7621 61217
7622 54016
7623 17192
7624 53600
7625 18944
7626 53797
7627 58144
7628 49936
7629 50977
7630 62209
7631 52008
7632 51969
7633 58128
7634 27401
7635 27400
7636 37665
7637 25385
7638 54056
7639 19240
7640 54049
7641 52001
7642 25344
7643 25488
7644 25377
7645 19233
7646 27408
7647 60264
7648 55073
7649 19296
7650 62240
7651 50017
7652 56097
7653 27425
7654 19233
7655 19233
7656 27392
7657 55073
7658 26465
7659 54049
7660 17185
7661 49961
7662 49953
7663 27432
7664 54056
7665 52000
7666 54040
7667 25368
7668 19232
7669 58144
7670 63264
7671 11049
7672 55073
7673 49952
7674 53797
7675 58272
7676 52000
7677 53025
7678 25384
7679 54048
7680 17185
7681 25344
7682 60193
7683 57128
7684 27393
7685 49952
7686 25353
7687 19201
7688 11048
7689 61217
7690 53537
7691 17153
7692 54048
7693 27393
7694 17153
7695 27409
7696 58145
7697 61217
7698 17193
7699 56104
7700 56104
7701 2848
7702 19200
7703 49953
7704 51553
7705 49952
7706 17152
7707 54056
7708 54048
7709 54048
7710 27424
7711 56160
7712 58145
7713 62240
7714 54040
7715 57120
7716 49952
7717 53600
7718 19209
7719 52000
7720 51713
7721 49953
7722 62240
7723 17041
7724 63264
7725 58144
7726 19089
7727 56097
7728 19089
7729 28449
7730 54049
7731 54048
7732 60193
7733 51985
7734 27392
7735 19240
7736 56096
7737 58152
7738 17185
7739 52000
7740 49952
7741 60257
7742 53808
7743 19233
7744 54048
7745 27400
7746 28448
7747 54057
7748 17200
7749 49952
7750 26465
7751 19232
7752 808
7753 25385
7754 49953
7755 60193
7756 26409
7757 55073
7758 26401
7759 55081
7760 49956
7761 49952
7762 27528
7763 56104
7764 52008
7765 49952
7766 25376
7767 27393
7768 49952
7769 19240
7770 49952
7771 62240
7772 27424
7773 19352
7774 49944
7775 28512
7776 49953
7777 58144
7778 52001
7779 49952
7780 62209
7781 25345
7782 58216
7783 19240
7784 23328
7785 54049
7786 20257
7787 49953
7788 25377
7789 49952
7790 54056
7791 25449
7792 25385
7793 27432
7794 53025
7795 25376
7796 49960
7797 53600
7798 17192
7799 54048
7800 19241
7801 27400
7802 54049
7803 58209
7804 60200
7805 49953
7806 19232
7807 19241
7808 58273
7809 62248
7810 49952
7811 54049
7812 51969
7813 53544
7814 62241
7815 25384
7816 54048
7817 51984
7818 62240
7819 49960
7820 55145
7821 51977
7822 28457
7823 54056
7824 55081
7825 59168
7826 25345
7827 59168
7828 51968
7829 61217
7830 54048
7831 54024
7832 58144
7833 54048
7834 21280
7835 19232
7836 53793
7837 54049
7838 60192
7839 20257
7840 53809
7841 58145
7842 58152
7843 19224
7844 58144
7845 52000
7846 51969
7847 51976
7848 25344
7849 51744
7850 58152
7851 19233
7852 58213
7853 27401
7854 52001
7855 25352
7856 49809
7857 49920
7858 54048
7859 21289
7860 58145
7861 57121
7862 49960
7863 49952
7864 58120
7865 11041
7866 63265
7867 54112
7868 54049
7869 27425
7870 49928
7871 49960
7872 58144
7873 27392
7874 62241
7875 17184
7876 17185
7877 27392
7878 49936
7879 49953
7880 25448
7881 58144
7882 25376
7883 27392
7884 54056
7885 18960
7886 27153
7887 55072
7888 25376
7889 27433
7890 49953
7891 25441
7892 27432
7893 62248
7894 49953
7895 63265
7896 54065
7897 25352
7898 54049
7899 54056
7900 49952
7901 52001
7902 49952
7903 51992
7904 52000
7905 19233
7906 49960
7907 25377
7908 56097
7909 28449
7910 52001
7911 49928
7912 59169
7913 52001
7914 49952
7915 55841
7916 17249
7917 52001
7918 19232
7919 27425
7920 53536
7921 19216
7922 25376
7923 49809
7924 27393
7925 58152
7926 17160
7927 17185
7928 54049
7929 59937
7930 60201
7931 17193
7932 19208
7933 25345
7934 53797
7935 58145
7936 50017
7937 58145
7938 49953
7939 58152
7940 19200
7941 55081
7942 27392
7943 27489
7944 63265
7945 25384
7946 27392
7947 58144
7948 54113
7949 25377
7950 49952
7951 19233
7952 27425
7953 58112
7954 54056
7955 58144
7956 52008
7957 54112
7958 49952
7959 63265
7960 19201
7961 25377
7962 59240
7963 59169
7964 2848
7965 49953
7966 55073
7967 62240
7968 49953
7969 55080
7970 27424
7971 55072
7972 27521
7973 19208
7974 19208
7975 25344
7976 54049
7977 19232
7978 60160
7979 27265
7980 54056
7981 19240
7982 54048
7983 51969
7984 17185
7985 53792
7986 54049
7987 60193
7988 49953
7989 58144
7990 52009
7991 58152
7992 55073
7993 17185
7994 59168
7995 2848
7996 54065
7997 17184
7998 58145
7999 25384
8000 52000
8001 27425
8002 54120
8003 54024
8004 29473
8005 59233
8006 53793
8007 25376
8008 58145
8009 55841
8010 50977
8011 49961
8012 25376
8013 51728
8014 62241
8015 58144
8016 53905
8017 59241
8018 49936
8019 52001
8020 27488
8021 2856
8022 51968
8023 54048
8024 58145
8025 65313
8026 19224
8027 54048
8028 49953
8029 54057
8030 49953
8031 27496
8032 49920
8033 54065
8034 49440
8035 51977
8036 54064
8037 52000
8038 17184
8039 17184
8040 49504
8041 60193
8042 60201
8043 27425
8044 27137
8045 27416
8046 53793
8047 52016
8048 61217
8049 19232
8050 63265
8051 25344
8052 59169
8053 27425
8054 49961
8055 54048
8056 53025
8057 56097
8058 27392
8059 62240
8060 49960
8061 51488
8062 54120
8063 49952
8064 27432
8065 50977
8066 19208
8067 25377
8068 25384
8069 25377
8070 50976
8071 57121
8072 49953
8073 52001
8074 63264
8075 17192
8076 52001
8077 55073
8078 60200
8079 62241
8080 54048
8081 53025
8082 52000
8083 54048
8084 27265
8085 25377
8086 53793
8087 17185
8088 49953
8089 49953
8090 52000
8091 64289
8092 54057
8093 58145
8094 49953
8095 51984
8096 54048
8097 49953
8098 53793
8099 27433
8100 11040
8101 25440
8102 49952
8103 27425
8104 25376
8105 49968
8106 52008
8107 62249
8108 49961
8109 53600
8110 58113
8111 49952
8112 19240
8113 19232
8114 19240
8115 58145
8116 2824
8117 54057
8118 54024
8119 19209
8120 54120
8121 11041
8122 53793
8123 55081
8124 26409
8125 27393
8126 58160
8127 52001
8128 62240
8129 61217
8130 49929
8131 54048
8132 26400
8133 54057
8134 27392
8135 54056
8136 19224
8137 28449
8138 53793
8139 25377
8140 27401
8141 19233
8142 11041
8143 8992
8144 56104
8145 58144
8146 25440
8147 56097
8148 55840
8149 62240
8150 17192
8151 25384
8152 17152
8153 60192
8154 59169
8155 58144
8156 18945
8157 28457
8158 54049
8159 49952
8160 54064
8161 58144
8162 25377
8163 58145
8164 58152
8165 27393
8166 49952
8167 27392
8168 60192
8169 49953
8170 53544
8171 54024
8172 25352
8173 49960
8174 17184
8175 25376
8176 53545
8177 56112
8178 58209
8179 50024
8180 2848
8181 52000
8182 19240
8183 49953
8184 49952
8185 59233
8186 20257
8187 27536
8188 58273
8189 19208
8190 27432
8191 54049
8192 49952
8193 17184
8194 25377
8195 27400
8196 58240
8197 62304
8198 58144
8199 27401
8200 17161
8201 52000
8202 49953
8203 49952
8204 17184
8205 19208
8206 55073
8207 28456
8208 57121
8209 49952
8210 27433
8211 54048
8212 54056
8213 52001
8214 53024
8215 58152
8216 17160
8217 59233
8218 49953
8219 58144
8220 53033
8221 19224
8222 17041
8223 49976
8224 26401
8225 51713
8226 57128
8227 61217
8228 49952
8229 53024
8230 17184
8231 59177
8232 59169
8233 17208
8234 19216
8235 19232
8236 52009
8237 19208
8238 63337
8239 52001
8240 17168
8241 25376
8242 55081
8243 27489
8244 54065
8245 49960
8246 19232
8247 17184
8248 50977
8249 53024
8250 53793
8251 61217
8252 49952
8253 52009
8254 53793
8255 59937
8256 58209
8257 8993
8258 19233
8259 19233
8260 17192
8261 19233
8262 60161
8263 49952
8264 19208
8265 58152
8266 19240
8267 49960
8268 26401
8269 54049
8270 60193
8271 49945
8272 54048
8273 58145
8274 50977
8275 54057
8276 51984
8277 19232
8278 62232
8279 19237
8280 62248
8281 27393
8282 57121
8283 27393
8284 49953
8285 18945
8286 55841
8287 17185
8288 27400
8289 25441
8290 62241
8291 54049
8292 54049
8293 27489
8294 19241
8295 54057
8296 53797
8297 54056
8298 49952
8299 49969
8300 53793
8301 62241
8302 11041
8303 54049
8304 19200
8305 54049
8306 19240
8307 49953
8308 27392
8309 19256
8310 51984
8311 53025
8312 54049
8313 27416
8314 27400
8315 19208
8316 49809
8317 19233
8318 52000
8319 17153
8320 19232
8321 54057
8322 49953
8323 17185
8324 19209
8325 59168
8326 17256
8327 25376
8328 54048
8329 49953
8330 25376
8331 49953
8332 17184
8333 49952
8334 54048
8335 58145
8336 19201
8337 52000
8338 60192
8339 52001
8340 19232
8341 58144
8342 27425
8343 58145
8344 19200
8345 50024
8346 62360
8347 52000
8348 57129
8349 54049
8350 27424
8351 25345
8352 64289
8353 58209
8354 52008
8355 2848
8356 58209
8357 54056
8358 19232
8359 19208
8360 28513
8361 27425
8362 58145
8363 58144
8364 60192
8365 27393
8366 19209
8367 27424
8368 61217
8369 27393
8370 17153
8371 53025
8372 59169
8373 49952
8374 54064
8375 25345
8376 49953
8377 11041
8378 49696
8379 54048
8380 49956
8381 25440
8382 58144
8383 27392
8384 49953
8385 52009
8386 27424
8387 49952
8388 27424
8389 54049
8390 53777
8391 58144
8392 62360
8393 26400
8394 49921
8395 25360
8396 17189
8397 62240
8398 62304
8399 63328
8400 49504
8401 49952
8402 28448
8403 2849
8404 19217
8405 49953
8406 27400
8407 59169
8408 19240
8409 25376
8410 54017
8411 17248
8412 17184
8413 27393
8414 37665
8415 63328
8416 52000
8417 25384
8418 54016
8419 54049
8420 27392
8421 62241
8422 54049
8423 62241
8424 54064
8425 59241
8426 54057
8427 19304
8428 60192
8429 53032
8430 52000
8431 49961
8432 49921
8433 53536
8434 19296
8435 52000
8436 49945
8437 56064
8438 49505
8439 27409
8440 58145
8441 49952
8442 25344
8443 25376
8444 54072
8445 27424
8446 54048
8447 26464
8448 49953
8449 51041
8450 52001
8451 26408
8452 19216
8453 54048
8454 55072
8455 54049
8456 49921
8457 49952
8458 19232
8459 52000
8460 55080
8461 60160
8462 52001
8463 60168
8464 58273
8465 58145
8466 53600
8467 62208
8468 50985
8469 27393
8470 19208
8471 19208
8472 25344
8473 8992
8474 49953
8475 49953
8476 58144
8477 27432
8478 19240
8479 57120
8480 27393
8481 52001
8482 49953
8483 21289
8484 52001
8485 59169
8486 63265
8487 49952
8488 58144
8489 25377
8490 49953
8491 27392
8492 58208
8493 54016
8494 49960
8495 27392
8496 58145
8497 19233
8498 49953
8499 51968
8500 54049
8501 17185
8502 19240
8503 54057
8504 26401
8505 58144
8506 54048
8507 49952
8508 49929
8509 54057
8510 25376
8511 49953
8512 49953
8513 57889
8514 27520
8515 53540
8516 58145
8517 54056
8518 58144
8519 27392
8520 59168
8521 59937
8522 28424
8523 49960
8524 54049
8525 62360
8526 17197
8527 56097
8528 49960
8529 25441
8530 49952
8531 49953
8532 17185
8533 52000
8534 27393
8535 54057
8536 27393
8537 17193
8538 19201
8539 58112
8540 28449
8541 27496
8542 53600
8543 53600
8544 58144
8545 27400
8546 49928
8547 11048
8548 28448
8549 2824
8550 27424
8551 49696
8552 50976
8553 62240
8554 60160
8555 49937
8556 58145
8557 49953
8558 59233
8559 49956
8560 49952
8561 19232
8562 60193
8563 27489
8564 54057
8565 27433
8566 25385
8567 26400
8568 49976
8569 56096
8570 19241
8571 51969
8572 19232
8573 19233
8574 2824
8575 17184
8576 63265
8577 58144
8578 56096
8579 58144
8580 53793
8581 27392
8582 27401
8583 54072
8584 19232
8585 27400
8586 63329
8587 20265
8588 27400
8589 27424
8590 56096
8591 58144
8592 54048
8593 62240
8594 19233
8595 49952
8596 19240
8597 28449
8598 27424
8599 27424
8600 25360
8601 29473
8602 54056
8603 62097
8604 64288
8605 56112
8606 19208
8607 27392
8608 49937
8609 49968
8610 60192
8611 49952
8612 19208
8613 52001
8614 17152
8615 27392
8616 40737
8617 17185
8618 17193
8619 54056
8620 53001
8621 58208
8622 49952
8623 49920
8624 25384
8625 53796
8626 49960
8627 58145
8628 17185
8629 59232
8630 19233
8631 17185
8632 27424
8633 18977
8634 49953
8635 60193
8636 61224
8637 58153
8638 27433
8639 25352
8640 55081
8641 58144
8642 49936
8643 27496
8644 54048
8645 54032
8646 55073
8647 58152
8648 59168
8649 19200
8650 58144
8651 25377
8652 49960
8653 17184
8654 58145
8655 52009
8656 27425
8657 49952
8658 62240
8659 49953
8660 54049
8661 808
8662 27424
8663 25440
8664 54048
8665 54053
8666 27393
8667 54049
8668 55072
8669 55081
8670 49960
8671 62241
8672 49952
8673 25376
8674 27433
8675 19233
8676 54053
8677 49937
8678 52072
8679 60168
8680 49936
8681 49952
8682 58144
8683 49952
8684 49920
8685 55081
8686 54048
8687 54048
8688 54064
8689 57129
8690 19241
8691 19201
8692 17160
8693 49952
8694 58145
8695 54048
8696 17208
8697 49976
8698 52000
8699 25344
8700 37665
8701 58144
8702 54048
8703 55137
8704 49952
8705 54049
8706 52001
8707 29440
8708 27408
8709 25376
8710 52000
8711 49952
8712 58145
8713 49953
8714 54049
8715 56072
8716 17184
8717 27401
8718 59169
8719 58145
8720 58213
8721 25376
8722 27392
8723 54065
8724 58144
8725 27432
8726 49920
8727 49441
8728 19208
8729 54048
8730 54048
8731 19224
8732 49953
8733 17153
8734 51729
8735 55081
8736 27401
8737 58112
8738 27432
8739 49952
8740 19240
8741 63264
8742 49953
8743 57121
8744 27425
8745 62240
8746 25377
8747 19201
8748 53601
8749 55080
8750 25376
8751 19232
8752 49952
8753 54017
8754 49928
8755 27497
8756 52000
8757 19217
8758 54121
8759 19232
8760 49952
8761 17184
8762 19240
8763 49952
8764 60192
8765 54049
8766 27392
8767 58209
8768 49956
8769 27425
8770 58112
8771 58145
8772 49953
8773 25376
8774 25353
8775 52001
8776 49952
8777 19256
8778 49953
8779 54048
8780 55649
8781 25377
8782 63264
8783 58145
8784 25440
8785 51977
8786 27425
8787 49952
8788 19233
8789 25345
8790 54048
8791 56096
8792 25352
8793 52001
8794 19233
8795 54048
8796 49953
8797 51969
8798 19240
8799 54049
8800 53033
8801 54049
8802 55073
8803 27392
8804 54048
8805 52001
8806 49960
8807 49921
8808 58145
8809 49952
8810 25377
8811 52000
8812 25345
8813 54056
8814 54048
8815 55081
8816 59168
8817 58144
8818 27488
8819 54056
8820 28449
8821 27400
8822 55081
8823 17184
8824 27489
8825 58145
8826 25345
8827 49952
8828 17184
8829 60193
8830 25105
8831 49953
8832 20257
8833 59232
8834 62240
8835 54049
8836 27392
8837 58144
8838 62240
8839 58144
8840 27425
8841 50977
8842 17185
8843 25376
8844 808
8845 58145
8846 49953
8847 58120
8848 17184
8849 19217
8850 19232
8851 49952
8852 55081
8853 17160
8854 49952
8855 27489
8856 52008
8857 49952
8858 51745
8859 17296
8860 27432
8861 58152
8862 58217
8863 25344
8864 55073
8865 57121
8866 58112
8867 49952
8868 56104
8869 28448
8870 49969
8871 49953
8872 25440
8873 51984
8874 19232
8875 27488
8876 50976
8877 54040
8878 21280
8879 52017
8880 54056
8881 27393
8882 51977
8883 52000
8884 65321
8885 62241
8886 54056
8887 62241
8888 61216
8889 59168
8890 54049
8891 54048
8892 25440
8893 59169
8894 49953
8895 49953
8896 55073
8897 59169
8898 52009
8899 25377
8900 58145
8901 49929
8902 27425
8903 58208
8904 19208
8905 58144
8906 27425
8907 59168
8908 27393
8909 54049
8910 58145
8911 54049
8912 25377
8913 59168
8914 52008
8915 58208
8916 54056
8917 60256
8918 58144
8919 54048
8920 27400
8921 59169
8922 54064
8923 19233
8924 58113
8925 58152
8926 19224
8927 17192
8928 58152
8929 49952
8930 55081
8931 60193
8932 56105
8933 51984
8934 17184
8935 63265
8936 27425
8937 2824
8938 58145
8939 17184
8940 51968
8941 58144
8942 17192
8943 58144
8944 19224
8945 57121
8946 19241
8947 27432
8948 54040
8949 55073
8950 49952
8951 54049
8952 49960
8953 64033
8954 25376
8955 19232
8956 27424
8957 58208
8958 59168
8959 19201
8960 57121
8961 6945
8962 56104
8963 27400
8964 58120
8965 17160
8966 59169
8967 49920
8968 49936
8969 25377
8970 56072
8971 27488
8972 11048
8973 19296
8974 58144
8975 11041
8976 58145
8977 19232
8978 27392
8979 19232
8980 25384
8981 54049
8982 57121
8983 17185
8984 54049
8985 55073
8986 17193
8987 27153
8988 28449
8989 54048
8990 62360
8991 17153
8992 17161
8993 25376
8994 58152
8995 19209
8996 54073
8997 54056
8998 26408
8999 54056
9000 19232
9001 60161
9002 11041
9003 25376
9004 49953
9005 27393
9006 60200
9007 19256
9008 50985
9009 55073
9010 54049
9011 49944
9012 58240
9013 49681
9014 59177
9015 27425
9016 27425
9017 49921
9018 26400
9019 25233
9020 60193
9021 51969
9022 27392
9023 58145
9024 58145
9025 19200
9026 25408
9027 54048
9028 52001
9029 53793
9030 61217
9031 49953
9032 49952
9033 19232
9034 49953
9035 63264
9036 58144
9037 17185
9038 58120
9039 54056
9040 60161
9041 51968
9042 58144
9043 52000
9044 27425
9045 58145
9046 55080
9047 49952
9048 49944
9049 49952
9050 52008
9051 28449
9052 60192
9053 54072
9054 52001
9055 50016
9056 17189
9057 19233
9058 25377
9059 19233
9060 19240
9061 27392
9062 58144
9063 56089
9064 49960
9065 19233
9066 58145
9067 58145
9068 56104
9069 19201
9070 49952
9071 54049
9072 54049
9073 18977
9074 59168
9075 49504
9076 54048
9077 64033
9078 58216
9079 49953
9080 17184
9081 52064
9082 59177
9083 27400
9084 49961
9085 25376
9086 54056
9087 56105
9088 54056
9089 58273
9090 25384
9091 19233
9092 55072
9093 53545
9094 27432
9095 56097
9096 51968
9097 25440
9098 54056
9099 11041
9100 54049
9101 60192
9102 17184
9103 52008
9104 58145
9105 25353
9106 27424
9107 27392
9108 63328
9109 27424
9110 19201
9111 49953
9112 54016
9113 58144
9114 52024
9115 53024
9116 52008
9117 58145
9118 54049
9119 54049
9120 49953
9121 28456
9122 54049
9123 19233
9124 52000
9125 56089
9126 60192
9127 58152
9128 54056
9129 59177
9130 25344
9131 58208
9132 27433
9133 49952
9134 49953
9135 25448
9136 19233
9137 60192
9138 49952
9139 28449
9140 19233
9141 54017
9142 49952
9143 19200
9144 27424
9145 17160
9146 27392
9147 49936
9148 49953
9149 49952
9150 63336
9151 53544
9152 17184
9153 49952
9154 55080
9155 19232
9156 27424
9157 59169
9158 2848
9159 25345
9160 58208
9161 49953
9162 54049
9163 49953
9164 25384
9165 49953
9166 51976
9167 18960
9168 11040
9169 52000
9170 19241
9171 54032
9172 27425
9173 25376
9174 58128
9175 19241
9176 54048
9177 27424
9178 62241
9179 19208
9180 25376
9181 49953
9182 54072
9183 57129
9184 56096
9185 25352
9186 19201
9187 54049
9188 58144
9189 49929
9190 55081
9191 55072
9192 19233
9193 17184
9194 49953
9195 17185
9196 26400
9197 52008
9198 58145
9199 17185
9200 49953
9201 49952
9202 58145
9203 17193
9204 54056
9205 49960
9206 25384
9207 58144
9208 52000
9209 27400
9210 57129
9211 52008
9212 22305
9213 55825
9214 19240
9215 63265
9216 49953
9217 52008
9218 58145
9219 25376
9220 49936
9221 58209
9222 52001
9223 49952
9224 27488
9225 62249
9226 19233
9227 54073
9228 49960
9229 49937
9230 58152
9231 25440
9232 55073
9233 63264
9234 49953
9235 28513
9236 54048
9237 25377
9238 51984
9239 54056
9240 25377
9241 54048
9242 52001
9243 19240
9244 54048
9245 19089
9246 25376
9247 56064
9248 19089
9249 25441
9250 56105
9251 27520
9252 54048
9253 25376
9254 54049
9255 54057
9256 55137
9257 63265
9258 57120
9259 55081
9260 61985
9261 54049
9262 54049
9263 27424
9264 57128
9265 49952
9266 49956
9267 54049
9268 53536
9269 54024
9270 27432
9271 58112
9272 17153
9273 59169
9274 28448
9275 58144
9276 58144
9277 60160
9278 58152
9279 50016
9280 19233
9281 59169
9282 49697
9283 60193
9284 19201
9285 62240
9286 56097
9287 49953
9288 49952
9289 52000
9290 19209
9291 25376
9292 27424
9293 19233
9294 51968
9295 49953
9296 25344
9297 52001
9298 49952
9299 58144
9300 17184
9301 21288
9302 25472
9303 25353
9304 54048
9305 54048
9306 56072
9307 19224
9308 54048
9309 27392
9310 49953
9311 19232
9312 54048
9313 17185
9314 27425
9315 25344
9316 54048
9317 54056
9318 63273
9319 49952
9320 51968
9321 62304
9322 61280
9323 58144
9324 52000
9325 49952
9326 52001
9327 58208
9328 51977
9329 49952
9330 27432
9331 49953
9332 54048
9333 55072
9334 58144
9335 52008
9336 17152
9337 54056
9338 56064
9339 64289
9340 17185
9341 27496
9342 19209
9343 62240
9344 63264
9345 58144
9346 51041
9347 52001
9348 49961
9349 49921
9350 49960
9351 37665
9352 49953
9353 49976
9354 25352
9355 19233
9356 19233
9357 62241
9358 49953
9359 25376
9360 57121
9361 27424
9362 65321
9363 19233
9364 53808
9365 49928
9366 25345
9367 2857
9368 56097
9369 27393
9370 49945
9371 19233
9372 51968
9373 63273
9374 62241
9375 25376
9376 53025
9377 49953
9378 54049
9379 54048
9380 62249
9381 52000
9382 49953
9383 56097
9384 25344
9385 58144
9386 52001
9387 54048
9388 49952
9389 62240
9390 49952
9391 54049
9392 61281
9393 19232
9394 8992
9395 25376
9396 19241
9397 54048
9398 19233
9399 58113
9400 27424
9401 58144
9402 51744
9403 54049
9404 49953
9405 20233
9406 25440
9407 27425
9408 50985
9409 55081
9410 25353
9411 19233
9412 49953
9413 55072
9414 19241
9415 49952
9416 49960
9417 17176
9418 25377
9419 19233
9420 55073
9421 27392
9422 63264
9423 19233
9424 62305
9425 17185
9426 11049
9427 27425
9428 53032
9429 19305
9430 52000
9431 27425
9432 17160
9433 27457
9434 63265
9435 59169
9436 11040
9437 62241
9438 19232
9439 61216
9440 25376
9441 25376
9442 25441
9443 54048
9444 58144
9445 52001
9446 19233
9447 17185
9448 20257
9449 58112
9450 62240
9451 25376
9452 19201
9453 19232
9454 58152
9455 27408
9456 19328
9457 62240
9458 49952
9459 58152
9460 54056
9461 49928
9462 49928
9463 17168
9464 50984
9465 54049
9466 54048
9467 54048
9468 62240
9469 63264
9470 19233
9471 25376
9472 27424
9473 27392
9474 49952
9475 50016
9476 55073
9477 25376
9478 19201
9479 49952
9480 17189
9481 52000
9482 19208
9483 49952
9484 58145
9485 20257
9486 54048
9487 52001
9488 19208
9489 17208
9490 37665
9491 55073
9492 52001
9493 56104
9494 49952
9495 25345
9496 58120
9497 54064
9498 50976
9499 27393
9500 49952
9501 56064
9502 60961
9503 54056
9504 54049
9505 49952
9506 58144
9507 56088
9508 51976
9509 49960
9510 58216
9511 58145
9512 58144
9513 64288
9514 51969
9515 17184
9516 52000
9517 49921
9518 27424
9519 49921
9520 54049
9521 25385
9522 56097
9523 55073
9524 27425
9525 62240
9526 58144
9527 27433
9528 56104
9529 49952
9530 55072
9531 52001
9532 49960
9533 49960
9534 25384
9535 56105
9536 55080
9537 60160
9538 51969
9539 27393
9540 53793
9541 54048
9542 49960
9543 25376
9544 17184
9545 49952
9546 25448
9547 59176
9548 54048
9549 62241
9550 19201
9551 808
9552 27425
9553 54049
9554 19240
9555 17184
9556 58112
9557 27408
9558 60192
9559 54049
9560 55073
9561 55073
9562 19200
9563 27393
9564 55073
9565 51976
9566 26401
9567 54048
9568 49960
9569 60192
9570 58144
9571 19241
9572 51984
9573 17168
9574 58144
9575 19200
9576 58144
9577 27425
9578 59169
9579 60193
9580 54072
9581 54049
9582 59177
9583 56104
9584 20256
9585 52000
9586 55073
9587 62240
9588 27424
9589 19240
9590 55073
9591 27425
9592 56088
9593 52000
9594 58145
9595 59169
9596 27425
9597 54048
9598 54048
9599 62241
9600 25384
9601 52008
9602 49953
9603 49953
9604 58145
9605 54049
9606 52000
9607 17185
9608 49953
9609 17208
9610 52000
9611 21280
9612 58144
9613 25440
9614 62240
9615 54049
9616 27400
9617 58209
9618 49936
9619 54049
9620 60193
9621 27425
9622 25353
9623 27401
9624 50976
9625 63336
9626 25384
9627 60192
9628 52001
9629 27393
9630 28513
9631 58144
9632 54048
9633 54048
9634 49953
9635 56097
9636 17177
9637 49960
9638 27393
9639 18208
9640 25376
9641 49960
9642 27137
9643 52000
9644 17185
9645 62312
9646 59233
9647 49953
9648 51041
9649 49952
9650 53797
9651 17296
9652 29472
9653 58145
9654 51992
9655 25377
9656 17152
9657 56168
9658 17169
9659 25377
9660 25377
9661 54049
9662 58208
9663 58145
9664 49952
9665 49920
9666 51745
9667 61216
9668 58144
9669 54049
9670 17168
9671 17153
9672 25376
9673 49952
9674 52009
9675 49952
9676 49961
9677 49952
9678 50984
9679 49961
9680 54049
9681 53793
9682 25377
9683 27425
9684 25377
9685 54024
9686 52008
9687 54064
9688 56104
9689 54064
9690 54056
9691 52000
9692 55072
9693 19233
9694 52000
9695 27424
9696 58145
9697 54048
9698 61281
9699 27520
9700 49952
9701 49697
9702 52000
9703 19209
9704 19240
9705 25384
9706 56097
9707 51992
9708 19233
9709 27425
9710 25352
9711 52000
9712 25441
9713 49920
9714 58112
9715 49952
9716 61216
9717 49944
9718 63264
9719 27392
9720 58145
9721 27432
9722 17168
9723 52000
9724 52001
9725 58112
9726 54049
9727 27393
9728 19233
9729 17160
9730 25376
9731 17192
9732 49929
9733 54048
9734 25473
9735 25376
9736 25376
9737 51969
9738 25377
9739 58112
9740 27488
9741 25441
9742 27400
9743 49952
9744 56104
9745 25376
9746 28417
9747 62312
9748 49952
9749 17184
9750 27401
9751 60257
9752 50017
9753 49953
9754 53032
9755 52008
9756 19232
9757 62248
9758 27424
9759 53033
9760 58145
9761 65312
9762 52008
9763 58145
9764 62241
9765 58144
9766 49952
9767 51977
9768 27400
9769 25440
9770 49952
9771 25345
9772 55072
9773 19224
9774 60193
9775 49921
9776 64289
9777 25376
9778 25377
9779 54049
9780 55080
9781 19200
9782 56096
9783 54016
9784 54056
9785 55840
9786 25377
9787 49953
9788 54048
9789 49952
9790 19093
9791 17184
9792 27393
9793 58144
9794 25376
9795 27392
9796 56104
9797 27393
9798 52001
9799 52009
9800 60192
9801 54049
9802 49953
9803 58144
9804 19233
9805 58209
9806 57121
9807 54049
9808 61217
9809 25384
9810 27425
9811 49953
9812 58144
9813 52001
9814 19208
9815 49952
9816 52000
9817 50977
9818 58144
9819 52008
9820 61224
9821 27392
9822 26400
9823 50977
9824 52000
9825 19232
9826 58144
9827 19232
9828 19296
9829 63264
9830 56104
9831 60160
9832 65313
9833 59176
9834 58208
9835 62241
9836 54025
9837 19240
9838 19240
9839 57128
9840 55073
9841 17152
9842 25441
9843 49953
9844 27425
9845 55081
9846 60256
9847 27400
9848 50017
9849 49928
9850 49953
9851 54048
9852 25440
9853 52000
9854 55080
9855 55073
9856 55072
9857 49953
9858 63265
9859 60192
9860 61185
9861 25376
9862 51976
9863 50977
9864 17185
9865 27393
9866 49953
9867 62249
9868 19240
9869 52001
9870 55080
9871 58145
9872 54072
9873 59169
9874 27425
9875 21281
9876 58144
9877 49952
9878 58144
9879 27432
9880 28449
9881 49928
9882 58145
9883 19201
9884 19233
9885 50984
9886 27400
9887 58145
9888 62304
9889 50977
9890 58145
9891 55080
9892 19233
9893 17193
9894 25352
9895 56097
9896 58145
9897 27424
9898 49920
9899 49952
9900 26400
9901 25376
9902 58145
9903 54049
9904 19233
9905 52000
9906 54072
9907 55072
9908 49960
9909 54056
9910 17185
9911 27153
9912 52024
9913 19233
9914 51728
9915 54056
9916 25377
9917 19200
9918 49952
9919 58213
9920 57129
9921 54057
9922 49952
9923 51713
9924 49961
9925 25377
9926 54057
9927 54048
9928 49961
9929 26400
9930 54048
9931 17184
9932 51985
9933 54057
9934 25376
9935 25377
9936 11041
9937 26401
9938 51992
9939 61185
9940 19240
9941 54048
9942 51977
9943 27393
9944 60257
9945 63265
9946 25353
9947 49976
9948 49960
9949 54057
9950 54056
9951 58145
9952 54056
9953 54056
9954 56105
9955 60193
9956 49952
9957 27488
9958 50976
9959 58209
9960 52001
9961 19233
9962 54048
9963 49952
9964 25376
9965 19233
9966 52001
9967 58120
9968 37665
9969 63265
9970 62248
9971 52000
9972 58128
9973 58112
9974 49953
9975 59168
9976 60192
9977 62240
9978 19232
9979 18209
9980 64033
9981 62248
9982 25377
9983 59168
9984 52008
9985 58144
9986 17184
9987 19240
9988 58152
9989 25376
9990 58112
9991 49952
9992 60192
9993 49953
9994 54032
9995 49952
9996 25376
9997 25376
9998 17168
9999 52001
10000 58144
10001 60193
10002 19233
10003 55137
10004 58144
10005 50976
10006 62240
10007 25376
10008 58145
10009 54048
10010 17185
10011 54048
10012 56097
10013 59136
10014 50977
10015 49809
10016 25473
10017 56104
10018 58113
10019 49952
10020 49952
10021 49952
10022 60192
10023 49961
10024 60192
10025 49960
10026 57121
10027 19200
10028 59169
10029 27392
10030 19216
10031 49921
10032 17184
10033 58216
10034 58152
10035 60256
10036 18944
10037 52064
10038 58144
10039 51976
10040 52008
10041 27424
10042 54049
10043 19233
10044 27432
10045 58152
10046 25377
10047 54057
10048 11040
10049 26401
10050 51488
10051 56096
10052 61217
10053 58152
10054 25376
10055 62248
10056 17193
10057 54056
10058 19201
10059 27425
10060 17152
10061 49953
10062 17184
10063 60256
10064 49953
10065 49968
10066 58145
10067 19216
10068 49952
10069 27425
10070 55081
10071 58145
10072 55081
10073 58145
10074 27137
10075 54057
10076 58144
10077 64288
10078 52001
10079 19216
10080 60192
10081 49952
10082 49952
10083 54048
10084 19240
10085 17184
10086 52001
10087 25105
10088 52000
10089 50024
10090 54048
10091 49960
10092 51729
10093 27424
10094 17160
10095 27400
10096 49952
10097 25440
10098 59168
10099 27488
10100 19200
10101 58145
10102 53796
10103 19232
10104 54016
10105 58145
10106 17184
10107 49952
10108 58144
10109 59136
10110 49952
10111 58145
10112 49968
10113 60256
10114 27393
10115 49960
10116 58145
10117 49921
10118 53025
10119 17185
10120 19296
10121 17152
10122 52008
10123 53025
10124 49953
10125 54048
10126 58112
10127 19233
10128 49960
10129 49944
10130 60192
10131 49952
10132 54048
10133 52001
10134 19201
10135 54057
10136 58144
10137 19240
10138 19233
10139 54016
10140 62313
10141 62313
10142 52000
10143 25344
10144 19208
10145 61281
10146 17192
10147 52000
10148 56097
10149 23336
10150 58112
10151 59232
10152 19217
10153 58120
10154 49953
10155 25345
10156 49953
10157 58144
10158 25376
10159 60192
10160 58144
10161 49960
10162 63265
10163 55081
10164 52008
10165 55072
10166 54049
10167 51000
10168 58144
10169 19232
10170 19200
10171 54056
10172 27416
10173 58112
10174 51488
10175 58145
10176 54049
10177 62240
10178 60193
10179 27408
10180 27392
10181 53792
10182 49960
10183 25377
10184 58144
10185 49952
10186 27425
10187 60192
10188 27392
10189 58145
10190 27400
10191 49953
10192 27497
10193 25376
10194 27392
10195 27424
10196 54049
10197 17296
10198 25377
10199 25376
10200 17168
10201 58145
10202 25344
10203 54048
10204 49952
10205 58144
10206 60193
10207 49953
10208 61217
10209 27424
10210 52000
10211 54057
10212 49953
10213 49952
10214 51976
10215 55080
10216 25377
10217 19209
10218 19297
10219 25376
10220 52008
10221 25377
10222 28449
10223 49956
10224 49960
10225 54056
10226 51992
10227 52009
10228 8992
10229 50977
10230 54056
10231 58112
10232 56097
10233 56096
10234 54072
10235 54056
10236 27424
10237 62305
10238 19240
10239 52001
10240 49952
10241 25377
10242 27400
10243 55073
10244 56104
10245 49953
10246 27400
10247 17161
10248 49952
10249 58145
10250 54048
10251 64289
10252 27392
10253 54056
10254 55081
10255 25376
10256 55081
10257 19201
10258 27424
10259 58273
10260 60160
10261 62240
10262 49960
10263 17184
10264 2849
10265 19224
10266 55073
10267 49952
10268 25440
10269 49953
10270 49952
10271 27424
10272 54048
10273 53001
10274 19240
10275 56097
10276 55081
10277 58152
10278 58144
10279 27425
10280 58121
10281 49953
10282 27424
10283 51745
10284 54049
10285 17168
10286 62304
10287 49953
10288 27424
10289 26369
10290 58144
10291 49920
10292 59232
10293 49968
10294 57121
10295 19201
10296 52008
10297 49953
10298 25353
10299 49952
10300 51968
10301 25384
10302 27424
10303 49953
10304 62240
10305 17192
10306 27392
10307 53025
10308 54048
10309 25384
10310 49937
10311 25377
10312 28513
10313 53793
10314 25376
10315 25377
10316 58208
10317 27424
10318 17184
10319 54049
10320 25448
10321 17184
10322 17193
10323 59169
10324 25377
10325 27489
10326 17184
10327 58113
10328 27408
10329 18209
10330 58240
10331 27536
10332 52008
10333 61217
10334 49920
10335 59169
10336 54048
10337 25377
10338 25352
10339 60192
10340 49929
10341 25377
10342 25368
10343 65313
10344 57129
10345 58272
10346 56096
10347 17185
10348 27392
10349 20265
10350 19208
10351 49960
10352 50976
10353 49960
10354 49953
10355 52001
10356 52001
10357 49952
10358 49953
10359 55073
10360 52001
10361 52016
10362 56105
10363 49952
10364 54049
10365 17184
10366 58144
10367 55072
10368 27393
10369 52000
10370 54056
10371 60201
10372 17184
10373 56096
10374 54049
10375 25377
10376 27400
10377 49960
10378 49952
10379 19240
10380 54048
10381 51993
10382 27424
10383 60192
10384 26401
10385 58152
10386 54049
10387 56096
10388 51976
10389 58145
10390 56097
10391 19201
10392 60161
10393 60192
10394 65312
10395 49952
10396 19240
10397 49952
10398 49960
10399 54048
10400 27432
10401 27424
10402 27393
10403 52072
10404 58145
10405 53025
10406 54049
10407 27393
10408 27433
10409 25377
10410 27392
10411 58209
10412 27544
10413 55136
10414 54113
10415 55072
10416 50977
10417 57120
10418 27432
10419 62241
10420 53025
10421 19232
10422 54056
10423 27400
10424 19216
10425 21289
10426 17296
10427 25376
10428 52000
10429 19209
10430 59169
10431 53024
10432 27425
10433 52001
10434 27489
10435 58152
10436 64257
10437 52008
10438 49952
10439 58144
10440 27496
10441 54056
10442 57121
10443 49960
10444 58144
10445 25344
10446 49961
10447 28449
10448 56104
10449 60192
10450 54120
10451 49952
10452 25352
10453 58209
10454 51976
10455 54016
10456 17192
10457 17176
10458 26400
10459 51976
10460 54049
10461 54056
10462 52001
10463 54048
10464 19201
10465 20257
10466 52009
10467 49920
10468 19233
10469 52008
10470 53032
10471 17153
10472 54049
10473 20257
10474 52000
10475 19232
10476 58120
10477 19233
10478 49952
10479 18216
10480 52009
10481 17185
10482 50977
10483 19209
10484 19232
10485 60193
10486 27425
10487 11048
10488 60320
10489 19208
10490 54049
10491 54049
10492 55072
10493 54057
10494 19233
10495 61217
10496 58113
10497 50977
10498 58112
10499 19225
10500 55072
10501 54048
10502 19233
10503 17184
10504 54040
10505 62241
10506 50977
10507 55081
10508 60193
10509 50977
10510 2857
10511 58145
10512 19233
10513 58240
10514 58152
10515 52000
10516 58120
10517 49945
10518 58113
10519 58144
10520 54056
10521 27552
10522 54049
10523 27408
10524 58217
10525 54056
10526 17192
10527 27424
10528 27425
10529 51976
10530 64296
10531 55073
10532 54049
10533 58144
10534 49953
10535 49953
10536 52009
10537 27392
10538 49952
10539 17177
10540 18209
10541 27408
10542 58153
10543 27393
10544 49952
10545 52001
10546 58145
10547 49953
10548 25376
10549 49969
10550 49952
10551 19240
10552 55073
10553 25344
10554 61217
10555 50976
10556 53793
10557 19241
10558 25376
10559 49953
10560 27401
10561 49952
10562 20257
10563 54057
10564 58144
10565 26464
10566 54056
10567 49960
10568 25376
10569 58120
10570 54048
10571 17248
10572 57129
10573 61216
10574 59137
10575 27424
10576 60192
10577 58145
10578 19208
10579 49952
10580 60193
10581 58145
10582 54073
10583 55072
10584 57128
10585 25376
10586 58144
10587 49952
10588 26401
10589 54056
10590 58145
10591 54049
10592 53601
10593 27425
10594 49953
10595 54056
10596 52000
10597 19236
10598 27424
10599 25344
10600 27393
10601 27392
10602 27400
10603 27392
10604 25352
10605 11041
10606 20257
10607 59169
10608 56073
10609 58144
10610 52001
10611 25376
10612 54065
10613 19233
10614 53544
10615 27424
10616 27464
10617 56096
10618 19201
10619 53025
10620 20233
10621 25360
10622 19240
10623 58120
10624 19209
10625 17185
10626 58145
10627 52000
10628 29473
10629 27457
10630 57184
10631 54113
10632 25376
10633 27464
10634 54049
10635 49681
10636 56104
10637 52001
10638 17185
10639 25376
10640 54056
10641 58152
10642 56097
10643 61225
10644 58280
10645 50976
10646 27425
10647 27400
10648 27424
10649 58145
10650 54112
10651 19201
10652 54048
10653 49953
10654 18217
10655 58145
10656 49952
10657 19232
10658 26401
10659 49952
10660 49697
10661 54049
10662 28456
10663 17160
10664 25376
10665 49953
10666 58152
10667 49952
10668 54057
10669 60192
10670 11048
10671 58113
10672 56160
10673 17184
10674 28424
10675 54056
10676 55072
10677 52001
10678 27424
10679 58144
10680 49960
10681 18216
10682 62240
10683 58144
10684 20257
10685 58145
10686 19232
10687 54048
10688 29440
10689 51968
10690 25360
10691 63329
10692 54057
10693 27401
10694 17192
10695 59233
10696 58208
10697 52008
10698 58112
10699 21281
10700 25353
10701 28513
10702 60169
10703 62240
10704 27425
10705 49960
10706 52001
10707 49960
10708 49952
10709 63265
10710 27520
10711 52001
10712 27416
10713 52001
10714 26472
10715 27425
10716 26401
10717 58145
10718 19201
10719 19233
10720 53776
10721 55072
10722 39713
10723 49952
10724 25377
10725 58145
10726 27401
10727 52008
10728 28457
10729 55073
10730 19241
10731 52001
10732 20257
10733 58208
10734 25377
10735 52001
10736 25344
10737 27425
10738 49976
10739 58209
10740 60192
10741 49953
10742 53025
10743 63273
10744 50977
10745 49952
10746 54056
10747 49936
10748 52000
10749 54048
10750 58144
10751 60193
10752 25344
10753 57121
10754 49944
10755 49977
10756 19233
10757 17189
10758 17192
10759 19200
10760 27392
10761 49968
10762 64257
10763 60193
10764 49952
10765 25376
10766 17153
10767 60169
10768 19232
10769 63328
10770 58152
10771 27393
10772 19208
10773 53024
10774 60193
10775 62248
10776 49952
10777 27393
10778 58144
10779 49928
10780 58144
10781 49953
10782 63265
10783 17168
10784 49936
10785 59169
10786 53025
10787 50017
10788 26401
10789 18945
10790 25385
10791 27424
10792 54049
10793 27392
10794 25440
10795 62209
10796 25384
10797 52001
10798 19233
10799 54048
10800 58152
10801 55073
10802 59169
10803 25352
10804 27424
10805 56097
10806 54049
10807 19200
10808 49953
10809 19217
10810 57129
10811 49952
10812 18977
10813 27424
10814 49953
10815 28449
10816 58208
10817 62241
10818 17192
10819 54049
10820 19201
10821 19233
10822 27392
10823 63265
10824 17184
10825 49952
10826 52009
10827 19233
10828 25345
10829 27424
10830 27433
10831 52016
10832 54056
10833 54049
10834 27400
10835 49953
10836 25344
10837 54072
10838 60192
10839 27425
10840 55072
10841 19233
10842 23336
10843 25352
10844 54048
10845 54057
10846 27392
10847 27425
10848 60192
10849 25384
10850 49952
10851 58152
10852 52009
10853 55072
10854 25360
10855 25377
10856 54049
10857 27424
10858 52001
10859 27392
10860 62240
10861 19201
10862 19232
10863 19224
10864 58144
10865 19209
10866 27392
10867 19201
10868 54072
10869 25441
10870 55072
10871 55080
10872 19233
10873 25376
10874 27432
10875 58144
10876 19201
10877 55649
10878 60257
10879 27424
10880 57184
10881 25345
10882 58152
10883 27392
10884 19232
10885 19233
10886 49952
10887 49920
10888 49952
10889 19240
10890 27137
10891 25472
10892 19233
10893 25376
10894 49952
10895 49960
10896 58112
10897 49960
10898 25344
10899 55080
10900 56096
10901 58145
10902 52000
10903 53025
10904 58144
10905 58145
10906 58209
10907 19200
10908 17192
10909 19256
10910 49953
10911 17189
10912 58145
10913 52000
10914 19216
10915 27424
10916 17185
10917 60193
10918 49952
10919 26400
10920 51969
10921 49953
10922 52001
10923 58145
10924 55073
10925 54057
10926 49953
10927 54049
10928 49920
10929 49953
10930 53536
10931 54049
10932 54017
10933 49952
10934 25384
10935 17152
10936 56096
10937 19233
10938 19232
10939 19232
10940 58152
10941 56104
10942 60160
10943 54049
10944 25480
10945 56105
10946 49960
10947 58152
10948 58144
10949 56104
10950 58145
10951 57129
10952 50977
10953 25376
10954 54064
10955 17185
10956 25345
10957 62240
10958 55841
10959 54049
10960 58144
10961 53032
10962 51993
10963 63264
10964 27392
10965 51968
10966 27408
10967 49809
10968 58144
10969 54057
10970 55080
10971 58145
10972 49952
10973 25384
10974 64289
10975 58144
10976 56097
10977 25344
10978 27424
10979 27528
10980 19088
10981 52000
10982 49952
10983 19208
10984 27432
10985 27553
10986 64257
10987 25344
10988 51976
10989 54048
10990 29473
10991 49953
10992 58209
10993 56104
10994 58144
10995 49952
10996 58112
10997 19201
10998 18945
10999 50977
11000 17168
11001 25377
11002 19233
11003 52000
11004 49953
11005 55080
11006 54064
11007 51976
11008 49952
11009 27401
11010 17192
11011 58144
11012 56097
11013 17184
11014 62241
11015 19241
11016 17185
11017 54016
11018 49976
11019 56097
11020 19200
11021 52000
11022 52008
11023 19304
11024 54056
11025 25384
11026 58144
11027 49968
11028 49968
11029 58144
11030 19217
11031 49953
11032 21281
11033 49952
11034 19236
11035 49953
11036 54049
11037 17152
11038 59233
11039 27425
11040 20257
11041 17185
11042 54048
11043 49504
11044 56104
11045 59169
11046 49952
11047 17184
11048 52001
11049 54048
11050 52016
11051 60169
11052 55072
11053 60193
11054 54057
11055 63265
11056 27432
11057 55072
11058 29440
11059 49936
11060 56088
11061 17185
11062 27393
11063 19233
11064 27424
11065 26465
11066 27425
11067 49953
11068 58145
11069 52008
11070 19233
11071 25376
11072 19240
11073 58144
11074 49960
11075 54049
11076 27408
11077 49952
11078 25376
11079 52000
11080 58144
11081 11041
11082 17152
11083 58144
11084 52001
11085 27424
11086 54049
11087 49928
11088 62241
11089 27393
11090 49929
11091 19233
11092 59177
11093 49953
11094 27424
11095 49960
11096 17185
11097 49961
11098 19232
11099 18209
11100 17176
11101 49952
11102 62240
11103 65313
11104 17160
11105 51969
11106 25377
11107 54049
11108 25377
11109 49960
11110 27424
11111 27393
11112 52001
11113 27400
11114 27425
11115 54048
11116 54049
11117 55072
11118 17184
11119 55072
11120 49960
11121 60192
11122 55073
11123 49960
11124 23329
11125 19232
11126 17256
11127 25377
11128 63337
11129 62304
11130 61225
11131 51984
11132 50985
11133 27400
11134 17161
11135 49937
11136 27425
11137 27425
11138 55073
11139 55825
11140 25377
11141 28449
11142 55073
11143 53025
11144 27425
11145 58144
11146 54049
11147 54048
11148 54049
11149 49952
11150 58145
11151 19216
11152 49953
11153 19232
11154 17185
11155 54057
11156 51745
11157 56097
11158 61224
11159 51969
11160 52001
11161 18208
11162 54048
11163 17184
11164 56104
11165 27432
11166 49960
11167 58144
11168 49952
11169 49960
11170 53793
11171 49968
11172 54048
11173 54041
11174 27393
11175 53793
11176 52009
11177 19232
11178 58144
11179 19201
11180 55080
11181 25384
11182 51969
11183 25376
11184 27489
11185 25345
11186 49953
11187 49960
11188 49952
11189 27393
11190 19297
11191 54056
11192 25440
11193 19208
11194 58144
11195 25377
11196 25345
11197 49944
11198 49953
11199 52008
11200 52016
11201 54061
11202 60256
11203 25345
11204 58144
11205 55073
11206 57121
11207 19232
11208 19209
11209 27425
11210 49960
11211 49953
11212 54057
11213 28448
11214 58145
11215 23329
11216 51553
11217 19208
11218 58144
11219 19241
11220 52001
11221 54048
11222 54048
11223 55073
11224 55073
11225 54056
11226 17185
11227 58144
11228 49952
11229 19233
11230 25360
11231 49953
11232 60193
11233 54049
11234 52001
11235 54032
11236 19200
11237 49961
11238 56104
11239 56096
11240 19232
11241 27424
11242 27392
11243 54049
11244 11041
11245 27488
11246 49960
11247 49953
11248 50024
11249 26401
11250 17185
11251 25345
11252 25353
11253 58152
11254 58144
11255 17184
11256 20256
11257 49953
11258 25376
11259 62240
11260 61217
11261 51969
11262 58216
11263 27408
11264 62241
11265 25376
11266 19201
11267 19200
11268 56120
11269 57121
11270 52000
11271 49952
11272 27424
11273 19200
11274 54048
11275 49928
11276 27425
11277 58144
11278 62240
11279 54016
11280 56105
11281 49952
11282 62240
11283 25352
11284 25345
11285 58113
11286 19240
11287 62241
11288 49952
11289 54057
11290 62240
11291 19201
11292 19233
11293 27392
11294 19233
11295 59169
11296 25377
11297 54049
11298 52001
11299 27400
11300 19200
11301 54048
11302 53024
11303 62248
11304 17185
11305 49952
11306 25377
11307 61224
11308 49953
11309 60193
11310 27401
11311 27424
11312 25360
11313 19233
11314 61217
11315 62304
11316 27464
11317 51744
11318 58176
11319 17185
11320 49953
11321 19232
11322 2849
11323 27392
11324 49952
11325 25360
11326 63336
11327 56097
11328 27400
11329 55080
11330 54057
11331 28520
11332 54048
11333 25344
11334 25344
11335 49961
11336 55080
11337 60192
11338 17256
11339 25344
11340 62241
11341 25384
11342 18217
11343 59169
11344 60200
11345 17184
11346 17176
11347 49952
11348 63272
11349 49968
11350 49952
11351 55073
11352 58113
11353 64289
11354 49968
11355 25409
11356 28513
11357 54049
11358 27392
11359 49952
11360 17192
11361 49953
11362 58144
11363 49944
11364 17152
11365 56105
11366 49953
11367 63265
11368 50017
11369 27432
11370 49953
11371 59168
11372 62241
11373 57121
11374 54112
11375 55072
11376 55081
11377 53793
11378 49953
11379 52017
11380 55073
11381 58120
11382 11040
11383 49944
11384 55081
11385 49952
11386 63265
11387 49961
11388 54041
11389 52008
11390 27424
11391 54048
11392 27424
11393 60193
11394 25352
11395 49952
11396 62209
11397 54048
11398 49961
11399 27137
11400 54056
11401 57121
11402 58144
11403 54049
11404 51992
11405 58144
11406 50017
11407 27425
11408 60192
11409 60192
11410 25344
11411 21281
11412 17152
11413 51968
11414 55073
11415 50977
11416 49953
11417 51729
11418 62240
11419 25344
11420 27424
11421 54056
11422 62241
11423 49976
11424 27425
11425 52001
11426 58160
11427 54056
11428 56096
11429 51992
11430 60192
11431 29472
11432 60160
11433 19201
11434 58145
11435 49952
11436 19216
11437 27392
11438 2857
11439 18208
11440 49928
11441 52001
11442 59169
11443 49953
11444 29440
11445 58145
11446 58144
11447 17152
11448 19208
11449 52008
11450 17193
11451 49960
11452 58208
11453 49953
11454 52001
11455 17192
11456 54048
11457 60160
11458 54048
11459 62241
11460 27424
11461 55073
11462 2856
11463 17184
11464 49936
11465 27496
11466 27425
11467 54049
11468 19208
11469 27432
11470 26369
11471 49952
11472 49952
11473 25361
11474 63265
11475 54040
11476 59169
11477 54049
11478 52009
11479 19297
11480 17200
11481 58144
11482 19241
11483 49953
11484 54048
11485 27400
11486 25345
11487 19232
11488 49953
11489 49952
11490 58145
11491 58145
11492 27425
11493 19232
11494 27424
11495 54048
11496 54040
11497 55080
11498 53025
11499 27400
11500 58112
11501 19233
11502 17185
11503 25376
11504 58145
11505 55080
11506 27392
11507 19208
11508 27392
11509 49952
11510 54072
11511 56096
11512 19216
11513 58144
11514 25360
11515 27520
11516 19297
11517 59168
11518 49944
11519 55073
11520 54072
11521 17185
11522 52001
11523 59137
11524 55081
11525 27432
11526 25345
11527 58113
11528 63265
11529 49952
11530 54048
11531 60192
11532 27424
11533 52025
11534 49953
11535 58144
11536 54049
11537 59169
11538 27425
11539 8993
11540 27424
11541 56096
11542 25440
11543 58145
11544 19209
11545 53025
11546 28417
11547 54049
11548 59169
11549 19233
11550 49952
11551 27425
11552 19241
11553 52000
11554 20233
11555 19241
11556 50985
11557 19232
11558 52009
11559 19233
11560 19201
11561 58145
11562 19232
11563 53024
11564 19233
11565 25376
11566 19233
11567 59169
11568 17185
11569 54113
11570 49960
11571 54057
11572 55073
11573 54049
11574 19216
11575 63264
11576 62240
11577 17184
11578 19208
11579 54057
11580 19216
11581 51976
11582 17152
11583 58145
11584 19208
11585 27432
11586 17160
11587 27416
11588 25504
11589 49960
11590 54016
11591 54048
11592 28457
11593 17184
11594 17185
11595 28449
11596 27392
11597 52001
11598 49961
11599 56064
11600 25376
11601 27392
11602 19201
11603 54048
11604 2856
11605 60256
11606 59169
11607 25344
11608 52000
11609 54056
11610 19200
11611 19232
11612 60192
11613 54056
11614 49953
11615 27424
11616 23336
11617 54048
11618 60192
11619 19208
11620 49952
11621 19233
11622 17197
11623 19209
11624 54048
11625 19233
11626 54049
11627 27425
11628 19232
11629 64289
11630 18209
11631 27424
11632 58120
11633 49953
11634 49952
11635 52001
11636 54048
11637 27432
11638 56097
11639 55073
11640 25376
11641 49953
11642 52064
11643 17185
11644 59169
11645 27425
11646 56080
11647 49960
11648 54064
11649 54049
11650 62240
11651 19241
11652 17184
11653 54049
11654 54049
11655 17168
11656 58144
11657 49929
11658 28456
11659 50016
11660 55136
11661 19201
11662 49928
11663 19240
11664 27425
11665 49953
11666 28417
11667 49953
11668 17185
11669 23336
11670 58112
11671 50977
11672 55072
11673 55073
11674 54064
11675 60193
11676 19241
11677 17185
11678 58145
11679 59169
11680 60192
11681 62208
11682 52000
11683 49953
11684 56097
11685 54048
11686 49921
11687 19201
11688 25384
11689 54049
11690 25376
11691 55073
11692 54064
11693 59232
11694 58153
11695 27392
11696 58152
11697 58145
11698 17176
11699 55073
11700 17169
11701 27489
11702 50977
11703 49952
11704 27416
11705 58144
11706 27520
11707 27433
11708 54048
11709 2817
11710 27392
11711 49961
11712 23337
11713 60256
11714 25345
11715 19233
11716 54056
11717 49960
11718 49953
11719 62305
11720 49952
11721 27425
11722 49952
11723 19201
11724 27400
11725 58272
11726 52000
11727 58144
11728 55073
11729 25441
11730 49969
11731 19233
11732 19232
11733 49953
11734 54048
11735 28449
11736 27424
11737 60160
11738 59177
11739 19233
11740 49953
11741 55073
11742 51713
11743 54049
11744 19209
11745 28449
11746 11048
11747 22313
11748 56097
11749 49953
11750 17177
11751 49960
11752 17185
11753 58144
11754 27400
11755 54049
11756 19240
11757 19232
11758 54040
11759 27424
11760 54049
11761 27425
11762 54048
11763 19201
11764 58144
11765 18976
11766 50985
11767 23329
11768 19217
11769 27392
11770 52009
11771 23337
11772 28521
11773 54056
11774 27520
11775 52000
11776 60161
11777 63272
11778 18945
11779 51744
11780 49953
11781 25344
11782 17185
11783 62240
11784 49953
11785 54056
11786 17160
11787 54049
11788 19208
11789 19208
11790 62248
11791 27392
11792 54057
11793 25377
11794 19232
11795 49952
11796 62240
11797 26409
11798 58113
11799 49944
11800 808
11801 27425
11802 51553
11803 19344
11804 59232
11805 50024
11806 50977
11807 25344
11808 58144
11809 27489
11810 25376
11811 55073
11812 27432
11813 63265
11814 19201
11815 54049
11816 53544
11817 25376
11818 52001
11819 54072
11820 49929
11821 28521
11822 25377
11823 25448
11824 58145
11825 25440
11826 49960
11827 54065
11828 27424
11829 62312
11830 19209
11831 54056
11832 51713
11833 52008
11834 27424
11835 18209
11836 25377
11837 27489
11838 50977
11839 54049
11840 62241
11841 27425
11842 25368
11843 52008
11844 54048
11845 19224
11846 19241
11847 54057
11848 27400
11849 27401
11850 55081
11851 56097
11852 51745
11853 27432
11854 17185
11855 63264
11856 19216
11857 25377
11858 56097
11859 19216
11860 27425
11861 27489
11862 60169
11863 49976
11864 25408
11865 27544
11866 26401
11867 49968
11868 25376
11869 27425
11870 19241
11871 19233
11872 25384
11873 49953
11874 49961
11875 65377
11876 49961
11877 55072
11878 19233
11879 25377
11880 54049
11881 27456
11882 58144
11883 6945
11884 51488
11885 56105
11886 49953
11887 50977
11888 49953
11889 35617
11890 25377
11891 27424
11892 58209
11893 60193
11894 56097
11895 56072
11896 27488
11897 54048
11898 58145
11899 19201
11900 19233
11901 58144
11902 25448
11903 54049
11904 25376
11905 25360
11906 52000
11907 52001
11908 19232
11909 19232
11910 59169
11911 20257
11912 25384
11913 62248
11914 17152
11915 58152
11916 20257
11917 56097
11918 58216
11919 25440
11920 51968
11921 57121
11922 54048
11923 25376
11924 50984
11925 28448
11926 54056
11927 19233
11928 54056
11929 49952
11930 56064
11931 58144
11932 54048
11933 56080
11934 62304
11935 25345
11936 52001
11937 52064
11938 52000
11939 54056
11940 59168
11941 19248
11942 19209
11943 49952
11944 49953
11945 61217
11946 27425
11947 49953
11948 52009
11949 58144
11950 51992
11951 58209
11952 19232
11953 49960
11954 49960
11955 19232
11956 54065
11957 25376
11958 62241
11959 60193
11960 60193
11961 58144
11962 60192
11963 58144
11964 56065
11965 54049
11966 27497
11967 19200
11968 49952
11969 49953
11970 54061
11971 58145
11972 27392
11973 27408
11974 27393
11975 58145
11976 25377
11977 58144
11978 56096
11979 60160
11980 49952
11981 49952
11982 60168
11983 49961
11984 25376
11985 25377
11986 19201
11987 58145
11988 49921
11989 52000
11990 25353
11991 27425
11992 52025
11993 25376
11994 19233
11995 54056
11996 27408
11997 49952
11998 56097
11999 49953
12000 58240
12001 19201
12002 27424
12003 56065
12004 25377
12005 60193
12006 25385
12007 27393
12008 54049
12009 49953
12010 27392
12011 28457
12012 19201
12013 59176
12014 27393
12015 25376
12016 55080
12017 25376
12018 55073
12019 55073
12020 54048
12021 63265
12022 50976
12023 6945
12024 54048
12025 27424
12026 49976
12027 60200
12028 58145
12029 27401
12030 58152
12031 25376
12032 51968
12033 58145
12034 27424
12035 25344
12036 25344
12037 25344
12038 25376
12039 59177
12040 20256
12041 17168
12042 26401
12043 17184
12044 25385
12045 55072
12046 27400
12047 61217
12048 49952
12049 60256
12050 51992
12051 25376
12052 55072
12053 58144
12054 25376
12055 49952
12056 49920
12057 62312
12058 58152
12059 60168
12060 54016
12061 17192
12062 49961
12063 60160
12064 27433
12065 27433
12066 58144
12067 49920
12068 54049
12069 49953
12070 25377
12071 52001
12072 52000
12073 55073
12074 51976
12075 58112
12076 52001
12077 55073
12078 25376
12079 52001
12080 52009
12081 63265
12082 19233
12083 19209
12084 58145
12085 54048
12086 62248
12087 60192
12088 49953
12089 49953
12090 25377
12091 54057
12092 54048
12093 54048
12094 49952
12095 49961
12096 25376
12097 25376
12098 52017
12099 49936
12100 26400
12101 19208
12102 25440
12103 27392
12104 25504
12105 49952
12106 27424
12107 53792
12108 19233
12109 17192
12110 49953
12111 53024
12112 25344
12113 25440
12114 27552
12115 51968
12116 25345
12117 62240
12118 27425
12119 27393
12120 49952
12121 63264
12122 19233
12123 54056
12124 54048
12125 54049
12126 28417
12127 17192
12128 25384
12129 28449
12130 59168
12131 52001
12132 21288
12133 65312
12134 52064
12135 49952
12136 56096
12137 54049
12138 54040
12139 17152
12140 55073
12141 23336
12142 49936
12143 52008
12144 19201
12145 17200
12146 52008
12147 17152
12148 54056
12149 62208
12150 27425
12151 27392
12152 60193
12153 49960
12154 56097
12155 55073
12156 49952
12157 62241
12158 56096
12159 27520
12160 17185
12161 49953
12162 57129
12163 19201
12164 58144
12165 62241
12166 19208
12167 49953
12168 28449
12169 58145
12170 19208
12171 58144
12172 59169
12173 28449
12174 25376
12175 58209
12176 18945
12177 62240
12178 49952
12179 57121
12180 52000
12181 19200
12182 59232
12183 17152
12184 52001
12185 58216
12186 27401
12187 62240
12188 49953
12189 60256
12190 49953
12191 25377
12192 19233
12193 58145
12194 19201
12195 56104
12196 49944
12197 58145
12198 56097
12199 27496
12200 27424
12201 56064
12202 60193
12203 54048
12204 49952
12205 17176
12206 60192
12207 25345
12208 49960
12209 25352
12210 25377
12211 25376
12212 49952
12213 58113
12214 49952
12215 19241
12216 55080
12217 17160
12218 59177
12219 52001
12220 27400
12221 58145
12222 54072
12223 58144
12224 49952
12225 27392
12226 11041
12227 27393
12228 19233
12229 19201
12230 54049
12231 63264
12232 27425
12233 17041
12234 27392
12235 54048
12236 59168
12237 17184
12238 51969
12239 56105
12240 56097
12241 25376
12242 25472
12243 25376
12244 27392
12245 19232
12246 54049
12247 54048
12248 59169
12249 19232
12250 58152
12251 58209
12252 54049
12253 25377
12254 52000
12255 49952
12256 19200
12257 17161
12258 25376
12259 49961
12260 25376
12261 54048
12262 27392
12263 49953
12264 49952
12265 49953
12266 17168
12267 54064
12268 8993
12269 58153
12270 55080
12271 18977
12272 56097
12273 58144
12274 27425
12275 58144
12276 49953
12277 27489
12278 49961
12279 25345
12280 54056
12281 62249
12282 54072
12283 51041
12284 52017
12285 49953
12286 49944
12287 27400
12288 58216
12289 49952
12290 62248
12291 58208
12292 2856
12293 26401
12294 27393
12295 49953
12296 58112
12297 49928
12298 17184
12299 25376
12300 27489
12301 63265
12302 49952
12303 49961
12304 25377
12305 54016
12306 27424
12307 59169
12308 49952
12309 19232
12310 51729
12311 27392
12312 17152
12313 19232
12314 19233
12315 49960
12316 58153
12317 25376
12318 54049
12319 19232
12320 58144
12321 62240
12322 19200
12323 64289
12324 27392
12325 49961
12326 58144
12327 54057
12328 49952
12329 49976
12330 52000
12331 58120
12332 58145
12333 49952
12334 26401
12335 59168
12336 59168
12337 25376
12338 54048
12339 19093
12340 54048
12341 17189
12342 52000
12343 52000
12344 55073
12345 27432
12346 25384
12347 54048
12348 49976
12349 49953
12350 19233
12351 27392
12352 54049
12353 26464
12354 59169
12355 58145
12356 25377
12357 58145
12358 25377
12359 27392
12360 49921
12361 58152
12362 58273
12363 19200
12364 57128
12365 17184
12366 49961
12367 49952
12368 58152
12369 54049
12370 49953
12371 18961
12372 49952
12373 28457
12374 54049
12375 37665
12376 49928
12377 53024
12378 25377
12379 25377
12380 58160
12381 27424
12382 19208
12383 58121
12384 60193
12385 17184
12386 49952
12387 49961
12388 25360
12389 57121
12390 27425
12391 52001
12392 19200
12393 27425
12394 27393
12395 19297
12396 59168
12397 49952
12398 49920
12399 27424
12400 57128
12401 60192
12402 52000
12403 25440
12404 61216
12405 17177
12406 59169
12407 54056
12408 49953
12409 61216
12410 56097
12411 19240
12412 58145
12413 19233
12414 27424
12415 60161
12416 49952
12417 58144
12418 59169
12419 17184
12420 57121
12421 19209
12422 20256
12423 19232
12424 49953
12425 54048
12426 58144
12427 58144
12428 54056
12429 53601
12430 60264
12431 25377
12432 56096
12433 58145
12434 58144
12435 26409
12436 25345
12437 19232
12438 17184
12439 54049
12440 49952
12441 52001
12442 55072
12443 56105
12444 49961
12445 25377
12446 65321
12447 49968
12448 19328
12449 60192
12450 58144
12451 62240
12452 54057
12453 64289
12454 57129
12455 17197
12456 19233
12457 56097
12458 25377
12459 25488
12460 49809
12461 58240
12462 62240
12463 17256
12464 17160
12465 58145
12466 58152
12467 54072
12468 27521
12469 49952
12470 17152
12471 54049
12472 17185
12473 56097
12474 19232
12475 54056
12476 19232
12477 54049
12478 58145
12479 19240
12480 25376
12481 54048
12482 17184
12483 27520
12484 17185
12485 58145
12486 25345
12487 19216
12488 58144
12489 58144
12490 55073
12491 59177
12492 17152
12493 63264
12494 54048
12495 49809
12496 59233
12497 52000
12498 27393
12499 19200
12500 19233
12501 49937
12502 25376
12503 25376
12504 19241
12505 54056
12506 27424
12507 27408
12508 54048
12509 25345
12510 55080
12511 27392
12512 27424
12513 55072
12514 54049
12515 58145
12516 61217
12517 27424
12518 52000
12519 50977
12520 49960
12521 27392
12522 27424
12523 55072
12524 55144
12525 58209
12526 52000
12527 49952
12528 49960
12529 19297
12530 61280
12531 54057
12532 54048
12533 27424
12534 25376
12535 25376
12536 62240
12537 17185
12538 60321
12539 49952
12540 27424
12541 25345
12542 58144
12543 56097
12544 17185
12545 17185
12546 52000
12547 49952
12548 49960
12549 25384
12550 18208
12551 60193
12552 54057
12553 56089
12554 17184
12555 2857
12556 19209
12557 54057
12558 19233
12559 58113
12560 58152
12561 28513
12562 49952
12563 27424
12564 58144
12565 27425
12566 58144
12567 19200
12568 58112
12569 49921
12570 17184
12571 54057
12572 49953
12573 58145
12574 53025
12575 25377
12576 19089
12577 54056
12578 51992
12579 58145
12580 25344
12581 58145
12582 62312
12583 56112
12584 49953
12585 49952
12586 62241
12587 25376
12588 63272
12589 49952
12590 49952
12591 53033
12592 8992
12593 27425
12594 25361
12595 25376
12596 25376
12597 19217
12598 25377
12599 54048
12600 56072
12601 56072
12602 58272
12603 19305
12604 49952
12605 27392
12606 58144
12607 25376
12608 27392
12609 58145
12610 58144
12611 19201
12612 25344
12613 49681
12614 62240
12615 57121
12616 19240
12617 27489
12618 53776
12619 25344
12620 49944
12621 17185
12622 11040
12623 49952
12624 58144
12625 28448
12626 56096
12627 58113
12628 25344
12629 49960
12630 19232
12631 54048
12632 60161
12633 49953
12634 27393
12635 49960
12636 28449
12637 54056
12638 49953
12639 49952
12640 49936
12641 19200
12642 60321
12643 52000
12644 54049
12645 56096
12646 25441
12647 56097
12648 25376
12649 58152
12650 49969
12651 57129
12652 27392
12653 25376
12654 54049
12655 58145
12656 27424
12657 58152
12658 2848
12659 25344
12660 17184
12661 27425
12662 25376
12663 58153
12664 60192
12665 49952
12666 57120
12667 25376
12668 19240
12669 49968
12670 25376
12671 17185
12672 25377
12673 53808
12674 19241
12675 19232
12676 19208
12677 50977
12678 27489
12679 27401
12680 18960
12681 17185
12682 25384
12683 58209
12684 59168
12685 52008
12686 54048
12687 58113
12688 53025
12689 58144
12690 54049
12691 19232
12692 61217
12693 58145
12694 49952
12695 27520
12696 11040
12697 54817
12698 59241
12699 27425
12700 25376
12701 27424
12702 19232
12703 27424
12704 26401
12705 59168
12706 62240
12707 49953
12708 25376
12709 25440
12710 20257
12711 49952
12712 49953
12713 25376
12714 25384
12715 49952
12716 28456
12717 58208
12718 49952
12719 54048
12720 27425
12721 27424
12722 19201
12723 19232
12724 27425
12725 49953
12726 18216
12727 54057
12728 49953
12729 58216
12730 61217
12731 52000
12732 58152
12733 25377
12734 56097
12735 49961
12736 25344
12737 27152
12738 6945
12739 58144
12740 58144
12741 19201
12742 28448
12743 54057
12744 25360
12745 63273
12746 54048
12747 58144
12748 58120
12749 52001
12750 19216
12751 59169
12752 58152
12753 60200
12754 54056
12755 25376
12756 25376
12757 19233
12758 54048
12759 27488
12760 54049
12761 19232
12762 56097
12763 25448
12764 19233
12765 25381
12766 17189
12767 54048
12768 54057
12769 27425
12770 27425
12771 25376
12772 27392
12773 19233
12774 49952
12775 54048
12776 17208
12777 58112
12778 60169
12779 11040
12780 58209
12781 17184
12782 59168
12783 19233
12784 58153
12785 63265
12786 25376
12787 27400
12788 58145
12789 58145
12790 19233
12791 25377
12792 17160
12793 52009
12794 25377
12795 62240
12796 19233
12797 49952
12798 55073
12799 25440
12800 27488
12801 49952
12802 25376
12803 62248
12804 27425
12805 57121
12806 54065
12807 25409
12808 22305
12809 51968
12810 28456
12811 27392
12812 27425
12813 51976
12814 25384
12815 21281
12816 49936
12817 52008
12818 54057
12819 19305
12820 60161
12821 54056
12822 49952
12823 19089
12824 49953
12825 62240
12826 19232
12827 28520
12828 54048
12829 58144
12830 56097
12831 49952
12832 52009
12833 58144
12834 19201
12835 27425
12836 51976
12837 54024
12838 49953
12839 19233
12840 25440
12841 56097
12842 50976
12843 19233
12844 49952
12845 25377
12846 54056
12847 27425
12848 60193
12849 19256
12850 58144
12851 62240
12852 25377
12853 25352
12854 58152
12855 17184
12856 19241
12857 27265
12858 54056
12859 64257
12860 56105
12861 2849
12862 54048
12863 54048
12864 52009
12865 19208
12866 25376
12867 27392
12868 27393
12869 59168
12870 19089
12871 27425
12872 54017
12873 19240
12874 49960
12875 27520
12876 35617
12877 54072
12878 49960
12879 58208
12880 19201
12881 19232
12882 62240
12883 28512
12884 50977
12885 25376
12886 27424
12887 60192
12888 54048
12889 58176
12890 25345
12891 54048
12892 35617
12893 17185
12894 19208
12895 60192
12896 17192
12897 23329
12898 58144
12899 49952
12900 56096
12901 17184
12902 19201
12903 52016
12904 19216
12905 19248
12906 49921
12907 17185
12908 54056
12909 27425
12910 62304
12911 27432
12912 62304
12913 55072
12914 28457
12915 19237
12916 19241
12917 49953
12918 49956
12919 49920
12920 28449
12921 56104
12922 60160
12923 54049
12924 27424
12925 54049
12926 49921
12927 49953
12928 17193
12929 21281
12930 19241
12931 59169
12932 49952
12933 55073
12934 19201
12935 19232
12936 51968
12937 25344
12938 49952
12939 25377
12940 52000
12941 58144
12942 19200
12943 2857
12944 56096
12945 27552
12946 27392
12947 57129
12948 19233
12949 19209
12950 57129
12951 52000
12952 19304
12953 49953
12954 27392
12955 59137
12956 55649
12957 17184
12958 18217
12959 53905
12960 27400
12961 54048
12962 17185
12963 55081
12964 54048
12965 27424
12966 60201
12967 58152
12968 58144
12969 55081
12970 58145
12971 49952
12972 49952
12973 62313
12974 60192
12975 17185
12976 27425
12977 49952
12978 62240
12979 61216
12980 50016
12981 62097
12982 63265
12983 54049
12984 62240
12985 49952
12986 58144
12987 17161
12988 19232
12989 49813
12990 49960
12991 58144
12992 52000
12993 58113
12994 50017
12995 27264
12996 27489
12997 49952
12998 27432
12999 27281
13000 19208
13001 58208
13002 58112
13003 19200
13004 52024
13005 54056
13006 19232
13007 19225
13008 25377
13009 19232
13010 58144
13011 17184
13012 52001
13013 27424
13014 19233
13015 58208
13016 58145
13017 58152
13018 49953
13019 49809
13020 65321
13021 54056
13022 25441
13023 52001
13024 17153
13025 25376
13026 52000
13027 58145
13028 60193
13029 49953
13030 52000
13031 58145
13032 59137
13033 60192
13034 49920
13035 55072
13036 19201
13037 17168
13038 54057
13039 58208
13040 58208
13041 49952
13042 54049
13043 23297
13044 27488
13045 49952
13046 49953
13047 57121
13048 54057
13049 49960
13050 21288
13051 25449
13052 54064
13053 54072
13054 49953
13055 53025
13056 27489
13057 63265
13058 19201
13059 58121
13060 11040
13061 49952
13062 17192
13063 27424
13064 61225
13065 61225
13066 49928
13067 25440
13068 27425
13069 52009
13070 58216
13071 58144
13072 25381
13073 49953
13074 49952
13075 54048
13076 58145
13077 27425
13078 27425
13079 60193
13080 19233
13081 58144
13082 27393
13083 27489
13084 25344
13085 17184
13086 49952
13087 49953
13088 49920
13089 49952
13090 54072
13091 27425
13092 54048
13093 58160
13094 25376
13095 58145
13096 19240
13097 58145
13098 59169
13099 54056
13100 54048
13101 49952
13102 51969
13103 27393
13104 25377
13105 25376
13106 51969
13107 49961
13108 19089
13109 23328
13110 58145
13111 58217
13112 17152
13113 58145
13114 54048
13115 54073
13116 49921
13117 59168
13118 52001
13119 62241
13120 58145
13121 54056
13122 17185
13123 54024
13124 58145
13125 25376
13126 27392
13127 56097
13128 17185
13129 58144
13130 59169
13131 58209
13132 19233
13133 60264
13134 28448
13135 25376
13136 17200
13137 49952
13138 54048
13139 17184
13140 51968
13141 17192
13142 27392
13143 58145
13144 52000
13145 17161
13146 25376
13147 58209
13148 60192
13149 51969
13150 61281
13151 56105
13152 62240
13153 51984
13154 63264
13155 49976
13156 49960
13157 55080
13158 19232
13159 19240
13160 49953
13161 62241
13162 19232
13163 49953
13164 58144
13165 54049
13166 62240
13167 59233
13168 26408
13169 19241
13170 56080
13171 54048
13172 60160
13173 25377
13174 58144
13175 65312
13176 60320
13177 19200
13178 59169
13179 28456
13180 49945
13181 54032
13182 62312
13183 19208
13184 19200
13185 25377
13186 17185
13187 55841
13188 49952
13189 49953
13190 25344
13191 19201
13192 19233
13193 25352
13194 19232
13195 59137
13196 52001
13197 58145
13198 26409
13199 19200
13200 25376
13201 49953
13202 60193
13203 27392
13204 56097
13205 58144
13206 27424
13207 61217
13208 19200
13209 19232
13210 58144
13211 25384
13212 19224
13213 6945
13214 17192
13215 58208
13216 25233
13217 49952
13218 19088
13219 54052
13220 25377
13221 54049
13222 19240
13223 27392
13224 58145
13225 17185
13226 60257
13227 8993
13228 62240
13229 54048
13230 55857
13231 27408
13232 52000
13233 54048
13234 25377
13235 27425
13236 26401
13237 53033
13238 26401
13239 19233
13240 56097
13241 27392
13242 52000
13243 63264
13244 63329
13245 58145
13246 56072
13247 19232
13248 49953
13249 55841
13250 56097
13251 58144
13252 54056
13253 19201
13254 19233
13255 49952
13256 27520
13257 49505
13258 25384
13259 6945
13260 49960
13261 54048
13262 19200
13263 27424
13264 27496
13265 52001
13266 58144
13267 18961
13268 49968
13269 27401
13270 27408
13271 25377
13272 28424
13273 25344
13274 49952
13275 56097
13276 56097
13277 27553
13278 58112
13279 25352
13280 54056
13281 54056
13282 52000
13283 54048
13284 19225
13285 19233
13286 49953
13287 27392
13288 61185
13289 56096
13290 58144
13291 52001
13292 19240
13293 19233
13294 52001
13295 19201
13296 49953
13297 59169
13298 17153
13299 49952
13300 18208
13301 60161
13302 56168
13303 19233
13304 56096
13305 60169
13306 27392
13307 58112
13308 58152
13309 19248
13310 54049
13311 54057
13312 20225
13313 49952
13314 52000
13315 23337
13316 52001
13317 49960
13318 49953
13319 27425
13320 27424
13321 60192
13322 59168
13323 60192
13324 62241
13325 59232
13326 58144
13327 25377
13328 59168
13329 60192
13330 28449
13331 18208
13332 49952
13333 53033
13334 62312
13335 64288
13336 56096
13337 54048
13338 27488
13339 27424
13340 57129
13341 51553
13342 27408
13343 25488
13344 50016
13345 55072
13346 19200
13347 19328
13348 17041
13349 19232
13350 52000
13351 59169
13352 56096
13353 19233
13354 49961
13355 49953
13356 17153
13357 49952
13358 61217
13359 62241
13360 49952
13361 49953
13362 58152
13363 19201
13364 54057
13365 49952
13366 60192
13367 52008
13368 51968
13369 54048
13370 25376
13371 56104
13372 17192
13373 25345
13374 58145
13375 58144
13376 58128
13377 56097
13378 58208
13379 27392
13380 27392
13381 17184
13382 25352
13383 50976
13384 49960
13385 58144
13386 54048
13387 49961
13388 19232
13389 28513
13390 62240
13391 19200
13392 19232
13393 52001
13394 19305
13395 27425
13396 54016
13397 19328
13398 54048
13399 58144
13400 27424
13401 19208
13402 51968
13403 17185
13404 51984
13405 58144
13406 51969
13407 19208
13408 19232
13409 58144
13410 25376
13411 19233
13412 17296
13413 58144
13414 54112
13415 19232
13416 17296
13417 27553
13418 19201
13419 49968
13420 60160
13421 50977
13422 25377
13423 27400
13424 27392
13425 62312
13426 28449
13427 19208
13428 27392
13429 25344
13430 56105
13431 56104
13432 17153
13433 25352
13434 19209
13435 60192
13436 25377
13437 19232
13438 49953
13439 54049
13440 25376
13441 58145
13442 62209
13443 2856
13444 19240
13445 20257
13446 17185
13447 27424
13448 19240
13449 19233
13450 26464
13451 19232
13452 56097
13453 52001
13454 27488
13455 49953
13456 19224
13457 54073
13458 49953
13459 51976
13460 54049
13461 27457
13462 59177
13463 58272
13464 49953
13465 25448
13466 54064
13467 25353
13468 27393
13469 49953
13470 27424
13471 59169
13472 49953
13473 19241
13474 56072
13475 25472
13476 19209
13477 27488
13478 50977
13479 25376
13480 59232
13481 52001
13482 54048
13483 49976
13484 49953
13485 50984
13486 58209
13487 52000
13488 60160
13489 58208
13490 19201
13491 52008
13492 27488
13493 25377
13494 19089
13495 27425
13496 49953
13497 50977
13498 58144
13499 58136
13500 54120
13501 27552
13502 49952
13503 55073
13504 54048
13505 51969
13506 17184
13507 62240
13508 58144
13509 54049
13510 17185
13511 63265
13512 54048
13513 60192
13514 62208
13515 17153
13516 49504
13517 58217
13518 56104
13519 25233
13520 27432
13521 49920
13522 19241
13523 25384
13524 58144
13525 51992
13526 54048
13527 27392
13528 54057
13529 49960
13530 49953
13531 27424
13532 54048
13533 27432
13534 59169
13535 54048
13536 62241
13537 54072
13538 54048
13539 49952
13540 56096
13541 19233
13542 27400
13543 55080
13544 58145
13545 52001
13546 19240
13547 52000
13548 58152
13549 19233
13550 49953
13551 60321
13552 58209
13553 55825
13554 25440
13555 25344
13556 49952
13557 25376
13558 61224
13559 54049
13560 25376
13561 58152
13562 50016
13563 49952
13564 50985
13565 19089
13566 59168
13567 58160
13568 54040
13569 28448
13570 49952
13571 18209
13572 54056
13573 27424
13574 51992
13575 49953
13576 54048
13577 19240
13578 54048
13579 17192
13580 52001
13581 54048
13582 58120
13583 27400
13584 27425
13585 55073
13586 58153
13587 19233
13588 28513
13589 55072
13590 27553
13591 52000
13592 49960
13593 49952
13594 27424
13595 49952
13596 53025
13597 58152
13598 17185
13599 63273
13600 49953
13601 51744
13602 58144
13603 52001
13604 19248
13605 59169
13606 58144
13607 27393
13608 19201
13609 17185
13610 19232
13611 60192
13612 25376
13613 49441
13614 17184
13615 62312
13616 54056
13617 52000
13618 49952
13619 49976
13620 58240
13621 19209
13622 62304
13623 27432
13624 49952
13625 17184
13626 25376
13627 56096
13628 49953
13629 58144
13630 19233
13631 63329
13632 49952
13633 17184
13634 58144
13635 25384
13636 27424
13637 54048
13638 60192
13639 28521
13640 52000
13641 49953
13642 54049
13643 63265
13644 25376
13645 63265
13646 25488
13647 62241
13648 52001
13649 54049
13650 19232
13651 53025
13652 17185
13653 58145
13654 49953
13655 19233
13656 54049
13657 62241
13658 19201
13659 49952
13660 54049
13661 25376
13662 27392
13663 52001
13664 19232
13665 49936
13666 54048
13667 27265
13668 17041
13669 62241
13670 2824
13671 49961
13672 49952
13673 19232
13674 25105
13675 39713
13676 49969
13677 49952
13678 19241
13679 19232
13680 49952
13681 58145
13682 25376
13683 27392
13684 60192
13685 58144
13686 17184
13687 53792
13688 49928
13689 63265
13690 25376
13691 17152
13692 18208
13693 61217
13694 25384
13695 49952
13696 60161
13697 17192
13698 58144
13699 49957
13700 49953
13701 25376
13702 54056
13703 19233
13704 19208
13705 49953
13706 49961
13707 19233
13708 25376
13709 27281
13710 23329
13711 51976
13712 59168
13713 58144
13714 52001
13715 56104
13716 61217
13717 49953
13718 27425
13719 61217
13720 18961
13721 58216
13722 49953
13723 49921
13724 20233
13725 52001
13726 25376
13727 27400
13728 28449
13729 55081
13730 27424
13731 19241
13732 60193
13733 60160
13734 29440
13735 56096
13736 60193
13737 58112
13738 17153
13739 25384
13740 19200
13741 49968
13742 51969
13743 19208
13744 56104
13745 58145
13746 49952
13747 17152
13748 58145
13749 52008
13750 58240
13751 58217
13752 54056
13753 54048
13754 27393
13755 62241
13756 27392
13757 65313
13758 27393
13759 27521
13760 52008
13761 49953
13762 56065
13763 17153
13764 25384
13765 63264
13766 62240
13767 19233
13768 62241
13769 27401
13770 49944
13771 27425
13772 60192
13773 53536
13774 49960
13775 54049
13776 50977
13777 49952
13778 54049
13779 19200
13780 27265
13781 54048
13782 27425
13783 49953
13784 56097
13785 58144
13786 27393
13787 55080
13788 52000
13789 58144
13790 58144
13791 23336
13792 58144
13793 49952
13794 49952
13795 58209
13796 51993
13797 59169
13798 49921
13799 58113
13800 27488
13801 19233
13802 56105
13803 25376
13804 54049
13805 17200
13806 25385
13807 25376
13808 19217
13809 58144
13810 17185
13811 25376
13812 25344
13813 19201
13814 62240
13815 63264
13816 27393
13817 25384
13818 19088
13819 50984
13820 54049
13821 25344
13822 17192
13823 55649
13824 49937
13825 49969
13826 27488
13827 54048
13828 19089
13829 51969
13830 58144
13831 49952
13832 17152
13833 18217
13834 49953
13835 54048
13836 27425
13837 25376
13838 56104
13839 60192
13840 58144
13841 25377
13842 18977
13843 17193
13844 19208
13845 54048
13846 26401
13847 49952
13848 17192
13849 60161
13850 58113
13851 23328
13852 17184
13853 25377
13854 55096
13855 57121
13856 49952
13857 56097
13858 54049
13859 54024
13860 57121
13861 19201
13862 61217
13863 49944
13864 58152
13865 58272
13866 17169
13867 49945
13868 19232
13869 52000
13870 60193
13871 19089
13872 49440
13873 58208
13874 51969
13875 56096
13876 25377
13877 49920
13878 17192
13879 56097
13880 50985
13881 60161
13882 27424
13883 49952
13884 19232
13885 55072
13886 58144
13887 58145
13888 60193
13889 17185
13890 56097
13891 62240
13892 52001
13893 54048
13894 49920
13895 49960
13896 19233
13897 60169
13898 54056
13899 27424
13900 54056
13901 19233
13902 62240
13903 57184
13904 53025
13905 25344
13906 19089
13907 54056
13908 17177
13909 27264
13910 49960
13911 25440
13912 49952
13913 49953
13914 62241
13915 51993
13916 17185
13917 58144
13918 53024
13919 52000
13920 26409
13921 19233
13922 58112
13923 19233
13924 19233
13925 49952
13926 58113
13927 27432
13928 17176
13929 25376
13930 21281
13931 49953
13932 54048
13933 25352
13934 19232
13935 54048
13936 49960
13937 19208
13938 60161
13939 58152
13940 52008
13941 17184
13942 60200
13943 52000
13944 58144
13945 54048
13946 60192
13947 49961
13948 54049
13949 63264
13950 54049
13951 54049
13952 58209
13953 58145
13954 49952
13955 25376
13956 55073
13957 63265
13958 63265
13959 20257
13960 53537
13961 19233
13962 58144
13963 49953
13964 49960
13965 56104
13966 54049
13967 23297
13968 61217
13969 19240
13970 27400
13971 51976
13972 27425
13973 54049
13974 53796
13975 57120
13976 49961
13977 50977
13978 49968
13979 19232
13980 49952
13981 17185
13982 17153
13983 50976
13984 28448
13985 49953
13986 54056
13987 60161
13988 25376
13989 49813
13990 27393
13991 27393
13992 53604
13993 49952
13994 29472
13995 17185
13996 27392
13997 27392
13998 58113
13999 52001
14000 28520
14001 51968
14002 17185
14003 27400
14004 54049
14005 64296
14006 49952
14007 20256
14008 52001
14009 56065
14010 58144
14011 52000
14012 58144
14013 49960
14014 49952
14015 19232
14016 26401
14017 54049
14018 17192
14019 60161
14020 17153
14021 58145
14022 58145
14023 27488
14024 19201
14025 53024
14026 19241
14027 49953
14028 54057
14029 17153
14030 49952
14031 55072
14032 51969
14033 19240
14034 19209
14035 49952
14036 54057
14037 54056
14038 63328
14039 49953
14040 52000
14041 49936
14042 17152
14043 49952
14044 52000
14045 54024
14046 51488
14047 800
14048 17184
14049 54057
14050 51729
14051 49953
14052 52000
14053 25385
14054 59176
14055 60193
14056 62240
14057 26401
14058 19240
14059 49960
14060 56097
14061 54064
14062 808
14063 25377
14064 52001
14065 60193
14066 19232
14067 19233
14068 51969
14069 25409
14070 17153
14071 58145
14072 59169
14073 25376
14074 55073
14075 58152
14076 49953
14077 19209
14078 62240
14079 2849
14080 17169
14081 54049
14082 27425
14083 27392
14084 25377
14085 49944
14086 17185
14087 55080
14088 19233
14089 27425
14090 17192
14091 59168
14092 64289
14093 25376
14094 52009
14095 19232
14096 49952
14097 54048
14098 54056
14099 19233
14100 27425
14101 49952
14102 54049
14103 19233
14104 58145
14105 27496
14106 49952
14107 17185
14108 58145
14109 59169
14110 28521
14111 19232
14112 60192
14113 54057
14114 51041
14115 49953
14116 58208
14117 58152
14118 17193
14119 52000
14120 17185
14121 19328
14122 54073
14123 64289
14124 56096
14125 51985
14126 61280
14127 56097
14128 27425
14129 59177
14130 54048
14131 27424
14132 56088
14133 49952
14134 17168
14135 60192
14136 49960
14137 60160
14138 25376
14139 25376
14140 58144
14141 27424
14142 25345
14143 800
14144 18945
14145 49928
14146 49921
14147 54056
14148 58144
14149 25376
14150 52008
14151 58144
14152 49953
14153 19200
14154 27424
14155 62248
14156 54072
14157 19233
14158 56097
14159 49953
14160 27264
14161 35617
14162 56097
14163 54048
14164 19241
14165 57121
14166 52001
14167 53601
14168 58216
14169 51041
14170 60320
14171 52016
14172 25384
14173 25360
14174 56096
14175 54056
14176 59168
14177 49977
14178 17160
14179 61217
14180 58145
14181 49952
14182 19232
14183 17184
14184 60192
14185 27425
14186 58144
14187 19201
14188 25440
14189 19256
14190 49952
14191 25344
14192 60193
14193 27393
14194 60161
14195 6945
14196 59233
14197 17184
14198 27393
14199 56105
14200 27425
14201 52001
14202 57129
14203 58209
14204 49953
14205 60160
14206 25344
14207 25376
14208 58152
14209 19232
14210 52000
14211 58144
14212 28512
14213 54049
14214 29440
14215 60193
14216 64288
14217 19233
14218 54048
14219 23328
14220 51976
14221 49952
14222 53544
14223 23328
14224 58144
14225 54048
14226 19208
14227 49952
14228 52000
14229 25376
14230 52001
14231 50976
14232 58144
14233 50977
14234 49960
14235 25353
14236 19241
14237 54056
14238 27424
14239 55073
14240 19233
14241 58145
14242 58145
14243 60193
14244 58144
14245 25352
14246 25376
14247 55073
14248 50984
14249 49953
14250 54048
14251 54048
14252 62241
14253 49505
14254 58145
14255 27401
14256 55081
14257 63329
14258 62241
14259 54064
14260 19240
14261 58144
14262 19233
14263 18208
14264 58144
14265 27488
14266 49960
14267 56096
14268 61280
14269 17200
14270 53808
14271 25376
14272 49953
14273 52000
14274 49953
14275 49944
14276 58120
14277 49953
14278 25377
14279 49920
14280 25344
14281 57120
14282 54049
14283 54056
14284 27425
14285 17184
14286 53025
14287 19232
14288 54057
14289 54057
14290 52000
14291 58152
14292 17184
14293 58145
14294 58153
14295 58144
14296 63336
14297 19208
14298 52024
14299 49953
14300 58209
14301 54025
14302 60192
14303 49960
14304 63265
14305 49936
14306 17192
14307 19233
14308 57129
14309 27425
14310 61217
14311 17160
14312 62240
14313 27425
14314 56088
14315 49961
14316 51969
14317 54048
14318 25376
14319 52000
14320 56104
14321 49928
14322 25376
14323 27424
14324 50977
14325 52001
14326 62241
14327 52000
14328 58144
14329 58144
14330 50977
14331 23329
14332 62241
14333 54049
14334 29472
14335 55073
14336 62249
14337 49952
14338 27425
14339 27425
14340 57185
14341 62240
14342 56097
14343 51984
14344 60193
14345 54048
14346 27392
14347 60160
14348 27424
14349 49920
14350 17184
14351 59168
14352 49937
14353 62240
14354 25376
14355 52001
14356 19088
14357 58153
14358 19240
14359 19233
14360 49936
14361 56097
14362 54056
14363 51969
14364 54049
14365 52065
14366 56097
14367 49952
14368 19200
14369 51969
14370 19233
14371 56097
14372 27425
14373 19200
14374 58144
14375 29473
14376 55072
14377 54057
14378 27497
14379 49953
14380 58209
14381 52001
14382 19241
14383 58152
14384 54056
14385 49921
14386 54048
14387 25344
14388 55073
14389 17185
14390 58144
14391 19240
14392 28449
14393 58121
14394 6945
14395 58112
14396 49952
14397 27265
14398 27393
14399 60200
14400 52065
14401 54040
14402 54048
14403 17185
14404 28449
14405 19200
14406 60192
14407 58144
14408 54056
14409 52001
14410 49953
14411 11041
14412 55081
14413 27393
14414 2824
14415 62240
14416 58209
14417 52024
14418 54049
14419 27393
14420 59169
14421 51984
14422 51968
14423 51984
14424 52008
14425 11048
14426 58145
14427 49968
14428 52017
14429 61217
14430 49953
14431 52001
14432 52001
14433 25377
14434 54049
14435 56097
14436 27433
14437 27520
14438 39713
14439 54049
14440 60200
14441 19201
14442 60193
14443 27392
14444 49960
14445 51968
14446 27425
14447 53025
14448 58145
14449 54049
14450 58144
14451 59169
14452 52000
14453 55073
14454 58209
14455 25376
14456 58144
14457 49953
14458 63265
14459 54049
14460 60193
14461 19208
14462 61216
14463 27425
14464 53813
14465 58112
14466 2848
14467 49952
14468 27544
14469 56096
14470 49920
14471 49960
14472 49952
14473 60192
14474 60192
14475 25344
14476 59176
14477 19208
14478 19201
14479 49960
14480 54048
14481 52001
14482 19240
14483 27392
14484 55073
14485 58145
14486 27433
14487 19088
14488 55072
14489 25352
14490 61216
14491 25345
14492 49952
14493 27553
14494 25441
14495 58144
14496 19201
14497 20257
14498 17185
14499 58144
14500 49952
14501 52001
14502 59169
14503 49961
14504 19201
14505 56097
14506 25376
14507 19233
14508 58144
14509 52008
14510 27425
14511 58152
14512 64289
14513 49952
14514 23297
14515 54049
14516 62240
14517 56160
14518 49952
14519 19233
14520 27544
14521 52024
14522 27433
14523 58112
14524 808
14525 27424
14526 58152
14527 64296
14528 25376
14529 54048
14530 19201
14531 54040
14532 49957
14533 61217
14534 26401
14535 26401
14536 49953
14537 58152
14538 49953
14539 58113
14540 54048
14541 53536
14542 58113
14543 19088
14544 49953
14545 26464
14546 52001
14547 17168
14548 54049
14549 49961
14550 19224
14551 27393
14552 58273
14553 57129
14554 56096
14555 27425
14556 49952
14557 58144
14558 25384
14559 20256
14560 54049
14561 58145
14562 17152
14563 27400
14564 49953
14565 50977
14566 17185
14567 26401
14568 51969
14569 49960
14570 61217
14571 58152
14572 25440
14573 17152
14574 54048
14575 58144
14576 23336
14577 27432
14578 55072
14579 54057
14580 17152
14581 60192
14582 17192
14583 19233
14584 52000
14585 17193
14586 19240
14587 17184
14588 49953
14589 49953
14590 54064
14591 25344
14592 61224
14593 17184
14594 25377
14595 19232
14596 51713
14597 27392
14598 59169
14599 58209
14600 37665
14601 63265
14602 58145
14603 58144
14604 55073
14605 20257
14606 25376
14607 56097
14608 55073
14609 49921
14610 19208
14611 49952
14612 18217
14613 55080
14614 49953
14615 19208
14616 27392
14617 49960
14618 49969
14619 52009
14620 49952
14621 62240
14622 55072
14623 55080
14624 60192
14625 17192
14626 52008
14627 58112
14628 53601
14629 49953
14630 54048
14631 63264
14632 52008
14633 59176
14634 64289
14635 49961
14636 60193
14637 58144
14638 17184
14639 53024
14640 19208
14641 55809
14642 17185
14643 54049
14644 17153
14645 17152
14646 25384
14647 27424
14648 63265
14649 62240
14650 25377
14651 52008
14652 49929
14653 60161
14654 27400
14655 58145
14656 49960
14657 58145
14658 27392
14659 54048
14660 53024
14661 27432
14662 54048
14663 54053
14664 58209
14665 54049
14666 21281
14667 49952
14668 52009
14669 59169
14670 27401
14671 19201
14672 25377
14673 52000
14674 25377
14675 55081
14676 53025
14677 58112
14678 58120
14679 58144
14680 54040
14681 52000
14682 49952
14683 27425
14684 17185
14685 19241
14686 62304
14687 27489
14688 51993
14689 25384
14690 49961
14691 55073
14692 27264
14693 17160
14694 28449
14695 58144
14696 18944
14697 58145
14698 62240
14699 25440
14700 62241
14701 60192
14702 54049
14703 55145
14704 26465
14705 61217
14706 59169
14707 19209
14708 49952
14709 54056
14710 17152
14711 49936
14712 55081
14713 49953
14714 17192
14715 19232
14716 17184
14717 51993
14718 62241
14719 17184
14720 58144
14721 54048
14722 49952
14723 17160
14724 19344
14725 19232
14726 19233
14727 55080
14728 25352
14729 49953
14730 53761
14731 17185
14732 27424
14733 62304
14734 49952
14735 25384
14736 50976
14737 60320
14738 62241
14739 58145
14740 63273
14741 55857
14742 27393
14743 54056
14744 27392
14745 61281
14746 58145
14747 28417
14748 56097
14749 58144
14750 53001
14751 60193
14752 52001
14753 17192
14754 58112
14755 54057
14756 19232
14757 20257
14758 63265
14759 18216
14760 59168
14761 25376
14762 25377
14763 56097
14764 58120
14765 52009
14766 58209
14767 20257
14768 27536
14769 50977
14770 27432
14771 60257
14772 55080
14773 27424
14774 56097
14775 52000
14776 57121
14777 64288
14778 25384
14779 57120
14780 54056
14781 50977
14782 62305
14783 58152
14784 27433
14785 58144
14786 17152
14787 63329
14788 27137
14789 25233
14790 58209
14791 17192
14792 25384
14793 19201
14794 58144
14795 62209
14796 25376
14797 58144
14798 27424
14799 58144
14800 54056
14801 54073
14802 58144
14803 26409
14804 49960
14805 53025
14806 17185
14807 52064
14808 58145
14809 25376
14810 17184
14811 19201
14812 49960
14813 19232
14814 25377
14815 25353
14816 58144
14817 58144
14818 49952
14819 54057
14820 52009
14821 52000
14822 58144
14823 56096
14824 49952
14825 19233
14826 19200
14827 19208
14828 56097
14829 27425
14830 28417
14831 27425
14832 58144
14833 19201
14834 27416
14835 58113
14836 54049
14837 28449
14838 49953
14839 18217
14840 51744
14841 25376
14842 51969
14843 27393
14844 58144
14845 59176
14846 60161
14847 25376
14848 27425
14849 52008
14850 49961
14851 17184
14852 53601
14853 54049
14854 27392
14855 55073
14856 52001
14857 52000
14858 49952
14859 25384
14860 60161
14861 25377
14862 54048
14863 50977
14864 62240
14865 52001
14866 27424
14867 25376
14868 53813
14869 49961
14870 54057
14871 17192
14872 19217
14873 19240
14874 49953
14875 58145
14876 27393
14877 58145
14878 58144
14879 54056
14880 58209
14881 58144
14882 25360
14883 27425
14884 25344
14885 52000
14886 49961
14887 49953
14888 55081
14889 62241
14890 55081
14891 56064
14892 19233
14893 25377
14894 49952
14895 62240
14896 58112
14897 49953
14898 58144
14899 54049
14900 59169
14901 27425
14902 17184
14903 54057
14904 49920
14905 49953
14906 49921
14907 58145
14908 49952
14909 27392
14910 27400
14911 52001
14912 56096
14913 17184
14914 55073
14915 49953
14916 63264
14917 17184
14918 55072
14919 27425
14920 49960
14921 25376
14922 54048
14923 19200
14924 49953
14925 19209
14926 49952
14927 17041
14928 17184
14929 27393
14930 51976
14931 63329
14932 2817
14933 58144
14934 25376
14935 52001
14936 27520
14937 56096
14938 19233
14939 60192
14940 49952
14941 61217
14942 27488
14943 49960
14944 54049
14945 25377
14946 27400
14947 58145
14948 49953
14949 25376
14950 19224
14951 19209
14952 49953
14953 27425
14954 11049
14955 58145
14956 55080
14957 19232
14958 22305
14959 58240
14960 52000
14961 19233
14962 61216
14963 27488
14964 54049
14965 62241
14966 58144
14967 27408
14968 49809
14969 49920
14970 25352
14971 25344
14972 58144
14973 52000
14974 25352
14975 49960
14976 49953
14977 25345
14978 63265
14979 58145
14980 19352
14981 19232
14982 54072
14983 25360
14984 19201
14985 56168
14986 27424
14987 54056
14988 54049
14989 19233
14990 60193
14991 19233
14992 19201
14993 60193
14994 52000
14995 17184
14996 55809
14997 56097
14998 19224
14999 25441
15000 49921
15001 27392
15002 17256
15003 54057
15004 52000
15005 60192
15006 55073
15007 54049
15008 25377
15009 51984
15010 27424
15011 59176
15012 49937
15013 59176
15014 25376
15015 59169
15016 49960
15017 49953
15018 49953
15019 19233
15020 58145
15021 55081
15022 60193
15023 17184
15024 49952
15025 54048
15026 19232
15027 19232
15028 49921
15029 60192
15030 25376
15031 58152
15032 19241
15033 19216
15034 54057
15035 17185
15036 52001
15037 52000
15038 51976
15039 51984
15040 27424
15041 65321
15042 17184
15043 29472
15044 60192
15045 58112
15046 27425
15047 26369
15048 54049
15049 54048
15050 19201
15051 54048
15052 54056
15053 17192
15054 57128
15055 51969
15056 27393
15057 28449
15058 25352
15059 55073
15060 19200
15061 64289
15062 62240
15063 19233
15064 58145
15065 58144
15066 27393
15067 60161
15068 28449
15069 27425
15070 59176
15071 58208
15072 58144
15073 19233
15074 28449
15075 52000
15076 55081
15077 27425
15078 25376
15079 19232
15080 27489
15081 19201
15082 52001
15083 58144
15084 49920
15085 51968
15086 60193
15087 19232
15088 51968
15089 52008
15090 54016
15091 27432
15092 52001
15093 22305
15094 58145
15095 25377
15096 51969
15097 27424
15098 58209
15099 27425
15100 51992
15101 55096
15102 17185
15103 19201
15104 17184
15105 25376
15106 19201
15107 60161
15108 56105
15109 49928
15110 25376
15111 27424
15112 19236
15113 17184
15114 49952
15115 54056
15116 59169
15117 58145
15118 19209
15119 25376
15120 8993
15121 49697
15122 56096
15123 60201
15124 63273
15125 58112
15126 28449
15127 52025
15128 58153
15129 27425
15130 58152
15131 54056
15132 49953
15133 27400
15134 60160
15135 50985
15136 25376
15137 25376
15138 25376
15139 49952
15140 53777
15141 51969
15142 49952
15143 58145
15144 19201
15145 51976
15146 58144
15147 27392
15148 62313
15149 52000
15150 19232
15151 27392
15152 54072
15153 53025
15154 59136
15155 63273
15156 19232
15157 17152
15158 19232
15159 25353
15160 52000
15161 19240
15162 49953
15163 58113
15164 27488
15165 17185
15166 56096
15167 19200
15168 57129
15169 49921
15170 49953
15171 11040
15172 52009
15173 56097
15174 19240
15175 25440
15176 40737
15177 60193
15178 19208
15179 59168
15180 54072
15181 54048
15182 49952
15183 55081
15184 52000
15185 58112
15186 54048
15187 49952
15188 56168
15189 55073
15190 56088
15191 25440
15192 54049
15193 55073
15194 58145
15195 58152
15196 56097
15197 54049
15198 17185
15199 25376
15200 56072
15201 58152
15202 27393
15203 808
15204 25376
15205 25376
15206 51968
15207 52008
15208 55073
15209 58144
15210 25377
15211 25344
15212 52001
15213 49960
15214 17193
15215 54064
15216 58113
15217 27424
15218 25376
15219 27520
15220 37665
15221 62241
15222 56104
15223 25384
15224 65313
15225 62240
15226 54056
15227 59169
15228 20265
15229 27393
15230 54056
15231 60256
15232 58144
15233 49953
15234 17256
15235 27392
15236 18208
15237 49952
15238 27424
15239 27392
15240 60160
15241 55081
15242 26465
15243 49953
15244 58145
15245 17185
15246 54065
15247 27424
15248 27424
15249 27424
15250 19233
15251 60192
15252 61217
15253 49952
15254 19241
15255 49929
15256 52000
15257 19237
15258 58272
15259 17184
15260 27424
15261 52008
15262 54048
15263 58144
15264 19232
15265 49952
15266 51041
15267 28448
15268 58113
15269 19208
15270 52065
15271 58216
15272 27400
15273 25448
15274 50016
15275 58153
15276 17160
15277 49952
15278 60193
15279 17256
15280 55857
15281 49960
15282 52001
15283 17185
15284 54049
15285 58144
15286 49952
15287 52001
15288 27425
15289 25345
15290 27393
15291 49952
15292 25376
15293 49960
15294 64289
15295 62241
15296 17185
15297 25344
15298 62240
15299 25376
15300 54056
15301 19240
15302 49960
15303 64289
15304 17189
15305 19240
15306 17185
15307 17192
15308 62240
15309 65321
15310 49952
15311 27489
15312 55072
15313 19200
15314 19200
15315 54056
15316 18209
15317 27424
15318 27424
15319 62241
15320 54048
15321 27424
15322 19232
15323 17192
15324 19241
15325 49960
15326 54056
15327 27489
15328 27424
15329 60193
15330 54056
15331 58144
15332 52000
15333 63272
15334 49960
15335 58145
15336 52009
15337 52000
15338 52000
15339 27401
15340 49952
15341 49952
15342 22313
15343 49961
15344 61217
15345 49953
15346 56097
15347 62241
15348 27425
15349 19200
15350 19233
15351 25345
15352 54048
15353 54072
15354 19200
15355 19232
15356 26401
15357 63265
15358 62241
15359 27425
15360 49968
15361 49952
15362 60192
15363 25385
15364 54053
15365 58145
15366 20257
15367 51976
15368 50976
15369 50016
15370 59169
15371 60193
15372 52008
15373 25368
15374 53600
15375 58145
15376 52008
15377 27488
15378 52001
15379 51993
15380 17185
15381 17184
15382 27496
15383 49952
15384 17184
15385 49936
15386 54064
15387 27392
15388 49957
15389 19233
15390 52000
15391 27424
15392 49929
15393 27425
15394 54056
15395 17153
15396 52008
15397 50976
15398 58145
15399 56064
15400 27425
15401 49953
15402 53536
15403 50017
15404 28513
15405 62241
15406 19208
15407 60200
15408 49960
15409 27393
15410 58145
15411 27424
15412 52000
15413 58145
15414 17152
15415 60193
15416 49952
15417 27425
15418 62240
15419 61217
15420 27424
15421 56096
15422 60192
15423 56073
15424 49920
15425 19232
15426 62249
15427 58208
15428 59136
15429 25376
15430 27432
15431 59169
15432 19232
15433 17185
15434 59169
15435 51969
15436 17184
15437 49944
15438 62249
15439 6945
15440 62248
15441 27424
15442 27424
15443 27392
15444 63264
15445 49953
15446 27393
15447 54072
15448 58144
15449 55072
15450 17184
15451 49976
15452 19216
15453 54057
15454 60200
15455 54049
15456 54056
15457 53600
15458 17193
15459 54016
15460 49952
15461 58144
15462 56104
15463 58145
15464 27392
15465 17184
15466 20256
15467 25376
15468 58145
15469 54057
15470 58112
15471 64288
15472 52008
15473 20265
15474 49952
15475 59233
15476 27425
15477 54048
15478 19233
15479 25376
15480 49953
15481 62240
15482 59169
15483 27424
15484 19201
15485 56096
15486 52001
15487 52000
15488 27489
15489 19209
15490 58120
15491 58152
15492 58144
15493 25377
15494 53024
15495 28449
15496 25384
15497 17152
15498 53600
15499 17184
15500 51000
15501 49953
15502 27393
15503 53025
15504 49953
15505 52009
15506 27489
15507 56072
15508 19201
15509 54049
15510 49960
15511 49953
15512 17152
15513 17248
15514 25344
15515 58152
15516 49952
15517 50977
15518 19201
15519 54048
15520 49953
15521 25409
15522 54032
15523 27392
15524 51744
15525 58144
15526 27297
15527 27424
15528 52000
15529 19201
15530 60192
15531 54048
15532 55073
15533 59169
15534 55857
15535 58144
15536 56064
15537 27400
15538 58152
15539 53792
15540 25344
15541 19200
15542 25384
15543 17153
15544 57128
15545 27425
15546 19241
15547 20257
15548 58144
15549 58144
15550 54025
15551 58145
15552 58144
15553 19233
15554 58145
15555 58144
15556 54049
15557 27425
15558 49952
15559 17184
15560 27392
15561 19241
15562 19232
15563 58144
15564 49953
15565 49937
15566 53025
15567 25377
15568 49952
15569 49960
15570 25344
15571 49953
15572 58144
15573 49944
15574 51969
15575 58145
15576 54056
15577 25376
15578 49953
15579 19200
15580 58113
15581 27425
15582 54049
15583 58144
15584 57120
15585 54048
15586 27464
15587 55073
15588 27392
15589 64257
15590 49953
15591 58144
15592 60201
15593 49953
15594 27489
15595 21289
15596 23337
15597 59169
15598 27392
15599 61217
15600 49968
15601 60192
15602 52008
15603 58152
15604 64289
15605 62240
15606 54056
15607 60192
15608 19233
15609 58144
15610 58112
15611 18208
15612 49937
15613 25440
15614 49952
15615 17185
15616 58152
15617 19233
15618 49953
15619 19232
15620 49936
15621 58144
15622 52000
15623 49952
15624 19232
15625 27392
15626 25377
15627 62241
15628 53793
15629 8992
15630 51976
15631 17192
15632 17184
15633 21281
15634 27401
15635 19240
15636 17192
15637 17185
15638 27393
15639 27425
15640 51969
15641 58280
15642 49952
15643 19232
15644 56104
15645 60169
15646 58145
15647 58144
15648 62313
15649 49960
15650 27425
15651 54057
15652 25377
15653 51968
15654 56105
15655 54057
15656 49953
15657 54056
15658 58209
15659 49952
15660 54049
15661 27528
15662 49952
15663 27424
15664 26400
15665 51968
15666 25377
15667 49960
15668 65313
15669 17185
15670 27400
15671 49968
15672 27392
15673 58136
15674 17185
15675 56097
15676 56096
15677 58112
15678 25472
15679 49953
15680 19240
15681 62312
15682 52001
15683 63265
15684 19233
15685 59169
15686 49953
15687 58153
15688 49952
15689 22305
15690 25376
15691 49952
15692 25105
15693 25377
15694 11040
15695 25449
15696 27416
15697 28457
15698 49953
15699 58144
15700 51992
15701 62240
15702 19200
15703 49952
15704 26401
15705 49504
15706 54049
15707 58145
15708 19233
15709 27424
15710 49952
15711 17193
15712 19233
15713 17177
15714 49953
15715 62208
15716 49953
15717 58273
15718 58144
15719 60160
15720 54065
15721 54056
15722 58208
15723 56097
15724 25376
15725 52001
15726 58120
15727 54049
15728 27424
15729 50976
15730 50016
15731 51968
15732 17184
15733 49952
15734 59168
15735 49952
15736 54113
15737 28449
15738 27425
15739 54049
15740 17152
15741 27425
15742 19232
15743 49953
15744 58144
15745 58144
15746 54049
15747 52016
15748 27425
15749 17192
15750 54056
15751 28457
15752 54056
15753 55096
15754 27520
15755 21288
15756 60160
15757 55072
15758 56168
15759 49952
15760 27424
15761 59233
15762 58145
15763 25344
15764 56112
15765 54048
15766 49944
15767 55080
15768 55081
15769 58152
15770 26408
15771 52001
15772 18209
15773 54052
15774 52000
15775 17152
15776 49960
15777 49968
15778 19216
15779 27425
15780 58209
15781 49920
15782 55072
15783 54049
15784 19232
15785 54048
15786 53537
15787 17184
15788 52008
15789 49960
15790 49968
15791 60193
15792 56104
15793 49960
15794 59168
15795 49952
15796 52001
15797 51969
15798 17169
15799 52008
15800 27424
15801 54049
15802 19232
15803 25377
15804 17153
15805 54057
15806 25384
15807 56097
15808 17184
15809 60161
15810 59169
15811 60193
15812 52008
15813 27424
15814 19233
15815 17185
15816 58209
15817 60161
15818 55096
15819 808
15820 54112
15821 54048
15822 50977
15823 17184
15824 26409
15825 17185
15826 27424
15827 54073
15828 49961
15829 54048
15830 50977
15831 52009
15832 55081
15833 63328
15834 49952
15835 27400
15836 55080
15837 58145
15838 49968
15839 17185
15840 25385
15841 60192
15842 54072
15843 25448
15844 58145
15845 27424
15846 54049
15847 54072
15848 54049
15849 51553
15850 60169
15851 52009
15852 17153
15853 54049
15854 54056
15855 54056
15856 58152
15857 63329
15858 53025
15859 27488
15860 25384
15861 60200
15862 50977
15863 54056
15864 25353
15865 52065
15866 17192
15867 58144
15868 49952
15869 53025
15870 49952
15871 63272
15872 52008
15873 25345
15874 62241
15875 17185
15876 17185
15877 49960
15878 60192
15879 54056
15880 51977
15881 49961
15882 52001
15883 2817
15884 49952
15885 20257
15886 58144
15887 28417
15888 58144
15889 27425
15890 27424
15891 53601
15892 18961
15893 19232
15894 52009
15895 27408
15896 49953
15897 51745
15898 20257
15899 27401
15900 28448
15901 54048
15902 19201
15903 58144
15904 51984
15905 54073
15906 25360
15907 56097
15908 52008
15909 49952
15910 57121
15911 58145
15912 58136
15913 52000
15914 58208
15915 63265
15916 52001
15917 52000
15918 61216
15919 52000
15920 58120
15921 58113
15922 57128
15923 58144
15924 52008
15925 55081
15926 49952
15927 53025
15928 19200
15929 58144
15930 58144
15931 25377
15932 63264
15933 49953
15934 55073
15935 27393
15936 27401
15937 59169
15938 54048
15939 58152
15940 58152
15941 25377
15942 25376
15943 25352
15944 29440
15945 52000
15946 27401
15947 58112
15948 49952
15949 25376
15950 54049
15951 19233
15952 19232
15953 51969
15954 56097
15955 19232
15956 25385
15957 54048
15958 20264
15959 62240
15960 50976
15961 27425
15962 54048
15963 49928
15964 19240
15965 53808
15966 63265
15967 17184
15968 55081
15969 49944
15970 25344
15971 54120
15972 25440
15973 19216
15974 25377
15975 27425
15976 28448
15977 19233
15978 54048
15979 49960
15980 51984
15981 60168
15982 63264
15983 64288
15984 60200
15985 25376
15986 51041
15987 19232
15988 49952
15989 63336
15990 49441
15991 54056
15992 26401
15993 54048
15994 59169
15995 53776
15996 51985
15997 49960
15998 19232
15999 58144
16000 27425
16001 19240
16002 49961
16003 2849
16004 54049
16005 27392
16006 58145
16007 25376
16008 37665
16009 49929
16010 63336
16011 58120
16012 28449
16013 58145
16014 2849
16015 49953
16016 25377
16017 55073
16018 58144
16019 54048
16020 58144
16021 62240
16022 27393
16023 58145
16024 49960
16025 62241
16026 60201
16027 27392
16028 19232
16029 19209
16030 19240
16031 28449
16032 55081
16033 2848
16034 52001
16035 58152
16036 21288
16037 58145
16038 27456
16039 25368
16040 17168
16041 27425
16042 27393
16043 29472
16044 19240
16045 62241
16046 52001
16047 54072
16048 25360
16049 52000
16050 19201
16051 25344
16052 17184
16053 17152
16054 17185
16055 26400
16056 59177
16057 50976
16058 21289
16059 25344
16060 58152
16061 49936
16062 19233
16063 17185
16064 58153
16065 27424
16066 52008
16067 25408
16068 49920
16069 23297
16070 27424
16071 25344
16072 19248
16073 26400
16074 58145
16075 49952
16076 27264
16077 59169
16078 25381
16079 17185
16080 17184
16081 58216
16082 62241
16083 49961
16084 49969
16085 27393
16086 19232
16087 52001
16088 58144
16089 29472
16090 58152
16091 58144
16092 8993
16093 54056
16094 25440
16095 49952
16096 51968
16097 17296
16098 59169
16099 52000
16100 19232
16101 19224
16102 65313
16103 54049
16104 49952
16105 19240
16106 58144
16107 54049
16108 17184
16109 50977
16110 56105
16111 58145
16112 51713
16113 56096
16114 49952
16115 49960
16116 58145
16117 25440
16118 17153
16119 58144
16120 57129
16121 52000
16122 54048
16123 51729
16124 27400
16125 63273
16126 56104
16127 17184
16128 19233
16129 27424
16130 27433
16131 19224
16132 59233
16133 54057
16134 27424
16135 19240
16136 60200
16137 55073
16138 27400
16139 63264
16140 8993
16141 59177
16142 25352
16143 63265
16144 58145
16145 27425
16146 54057
16147 51992
16148 52001
16149 27432
16150 2817
16151 57121
16152 54049
16153 58145
16154 49921
16155 52000
16156 54048
16157 62240
16158 49953
16159 51977
16160 54072
16161 20257
16162 27432
16163 57185
16164 59232
16165 58160
16166 49921
16167 19200
16168 56105
16169 19217
16170 55080
16171 49953
16172 49928
16173 62241
16174 19232
16175 56105
16176 21280
16177 19233
16178 58153
16179 55073
16180 56104
16181 52001
16182 52009
16183 54056
16184 56097
16185 54064
16186 58144
16187 54048
16188 50977
16189 56097
16190 58145
16191 61217
16192 19233
16193 54048
16194 58208
16195 52001
16196 58145
16197 27424
16198 51969
16199 19216
16200 62241
16201 54061
16202 54056
16203 49969
16204 25377
16205 58144
16206 27393
16207 54057
16208 19200
16209 19240
16210 58144
16211 49952
16212 49960
16213 49952
16214 54048
16215 25377
16216 58152
16217 20257
16218 53025
16219 59233
16220 49960
16221 27393
16222 58144
16223 25376
16224 60160
16225 56160
16226 26409
16227 49952
16228 54048
16229 52000
16230 57128
16231 49968
16232 17153
16233 49960
16234 25376
16235 54056
16236 27432
16237 58152
16238 64257
16239 27393
16240 23337
16241 60169
16242 54057
16243 54048
16244 17185
16245 54049
16246 58145
16247 25344
16248 58145
16249 62241
16250 62240
16251 52000
16252 58144
16253 58145
16254 63264
16255 27424
16256 54057
16257 51969
16258 52009
16259 19208
16260 54049
16261 60193
16262 19233
16263 28457
16264 59136
16265 57128
16266 17192
16267 19233
16268 25440
16269 19241
16270 17160
16271 19232
16272 50984
16273 49960
16274 52008
16275 27424
16276 25344
16277 54048
16278 17160
16279 58208
16280 54048
16281 58208
16282 55072
16283 56112
16284 54056
16285 19233
16286 19233
16287 49952
16288 49960
16289 52000
16290 19233
16291 19208
16292 61217
16293 58145
16294 27424
16295 27424
16296 27424
16297 52001
16298 49952
16299 27424
16300 49952
16301 57121
16302 51969
16303 52000
16304 25441
16305 19232
16306 60257
16307 58213
16308 19233
16309 57129
16310 54049
16311 17168
16312 58152
16313 56097
16314 19201
16315 58145
16316 49944
16317 51976
16318 27425
16319 54056
16320 54056
16321 19233
16322 54048
16323 56105
16324 52001
16325 54049
16326 50016
16327 58145
16328 49960
16329 54048
16330 49952
16331 27393
16332 54048
16333 54057
16334 51968
16335 21288
16336 17192
16337 25344
16338 49960
16339 55073
16340 25376
16341 60193
16342 27401
16343 17185
16344 58145
16345 56097
16346 25384
16347 17184
16348 56096
16349 49952
16350 59168
16351 17184
16352 58145
16353 58145
16354 52008
16355 25344
16356 58144
16357 29473
16358 49928
16359 19240
16360 27393
16361 17184
16362 49937
16363 60160
16364 54056
16365 59168
16366 54048
16367 49952
16368 19233
16369 27393
16370 55081
16371 55073
16372 49953
16373 54048
16374 27392
16375 19200
16376 54057
16377 21281
16378 58145
16379 19233
16380 58145
16381 58145
16382 17184
16383 54056
16384 25448
16385 51713
16386 54049
16387 58208
16388 58144
16389 49952
16390 51985
16391 27393
16392 19236
16393 49953
16394 49960
16395 54056
16396 19240
16397 58152
16398 52000
16399 25376
16400 49952
16401 27401
16402 27456
16403 19256
16404 17185
16405 49960
16406 49952
16407 17185
16408 50984
16409 49953
16410 27425
16411 2848
16412 60193
16413 18216
16414 17192
16415 49953
16416 51985
16417 62209
16418 25440
16419 63336
16420 62241
16421 19240
16422 19233
16423 58145
16424 60193
16425 19240
16426 25377
16427 58208
16428 19233
16429 54056
16430 49968
16431 52000
16432 62312
16433 59169
16434 49944
16435 25376
16436 55080
16437 58112
16438 49952
16439 52000
16440 58145
16441 55073
16442 25441
16443 56089
16444 17185
16445 27425
16446 19237
16447 19217
16448 49953
16449 54056
16450 58144
16451 56104
16452 51968
16453 52000
16454 25376
16455 56089
16456 54072
16457 25377
16458 19233
16459 52008
16460 49928
16461 27392
16462 27393
16463 60193
16464 27425
16465 54049
16466 52000
16467 25376
16468 58145
16469 19240
16470 19233
16471 27488
16472 54048
16473 55073
16474 60257
16475 58144
16476 49936
16477 54048
16478 63265
16479 54049
16480 19233
16481 19201
16482 19232
16483 58144
16484 58144
16485 17161
16486 27424
16487 52008
16488 58144
16489 58152
16490 54056
16491 17152
16492 19233
16493 54048
16494 58144
16495 58145
16496 60200
16497 25488
16498 58152
16499 59177
16500 58209
16501 56097
16502 54048
16503 49921
16504 25385
16505 27408
16506 62241
16507 59136
16508 53032
16509 58144
16510 59169
16511 56097
16512 58144
16513 55080
16514 58144
16515 26401
16516 17153
16517 21288
16518 51968
16519 49945
16520 25345
16521 17192
16522 55073
16523 63264
16524 52000
16525 58144
16526 25376
16527 49953
16528 54056
16529 59168
16530 49968
16531 49920
16532 54048
16533 49960
16534 25376
16535 58145
16536 19232
16537 55080
16538 49960
16539 58144
16540 49952
16541 58152
16542 58144
16543 25344
16544 27489
16545 49944
16546 58208
16547 25376
16548 49952
16549 19232
16550 25440
16551 17184
16552 27424
16553 60192
16554 25377
16555 49953
16556 54056
16557 25376
16558 19233
16559 19201
16560 19232
16561 19233
16562 54048
16563 60192
16564 19200
16565 27425
16566 62240
16567 54048
16568 27488
16569 52001
16570 52000
16571 58144
16572 55081
16573 49960
16574 19233
16575 56064
16576 54017
16577 59137
16578 23336
16579 18209
16580 62241
16581 60192
16582 56104
16583 58145
16584 21288
16585 17185
16586 58145
16587 55073
16588 54049
16589 55081
16590 27425
16591 59169
16592 58144
16593 54048
16594 54056
16595 17185
16596 17184
16597 62240
16598 58144
16599 17193
16600 54048
16601 60160
16602 19233
16603 52000
16604 28448
16605 17185
16606 58145
16607 49953
16608 58145
16609 52001
16610 54056
16611 19241
16612 25376
16613 58208
16614 28449
16615 25376
16616 19233
16617 49952
16618 52008
16619 53025
16620 17192
16621 52008
16622 63273
16623 49961
16624 19241
16625 58113
16626 19232
16627 62305
16628 54016
16629 17153
16630 25384
16631 49960
16632 49920
16633 58208
16634 52008
16635 63264
16636 49952
16637 58120
16638 49952
16639 49952
16640 19233
16641 49960
16642 58152
16643 58144
16644 54048
16645 17185
16646 58145
16647 27392
16648 25377
16649 62248
16650 52001
16651 55072
16652 27424
16653 52009
16654 60192
16655 28457
16656 27433
16657 17184
16658 28448
16659 25441
16660 55857
16661 52000
16662 19224
16663 27424
16664 52000
16665 49953
16666 27424
16667 27488
16668 58144
16669 58145
16670 58145
16671 54041
16672 17185
16673 54049
16674 25440
16675 17184
16676 58112
16677 49953
16678 19233
16679 49952
16680 49968
16681 63329
16682 54048
16683 19201
16684 58208
16685 58145
16686 17192
16687 54057
16688 25376
16689 60257
16690 27425
16691 27425
16692 25385
16693 19201
16694 49952
16695 25377
16696 54056
16697 19232
16698 63264
16699 19240
16700 25377
16701 25376
16702 25377
16703 49953
16704 27425
16705 49960
16706 19233
16707 25376
16708 25384
16709 19233
16710 63264
16711 19233
16712 55080
16713 49952
16714 54061
16715 25345
16716 19232
16717 59177
16718 52001
16719 54049
16720 58144
16721 60193
16722 52001
16723 19233
16724 54049
16725 58144
16726 17160
16727 62240
16728 63272
16729 58144
16730 25344
16731 19352
16732 58112
16733 62241
16734 49961
16735 50016
16736 49952
16737 60193
16738 64289
16739 25352
16740 61185
16741 19232
16742 54032
16743 61216
16744 51976
16745 25377
16746 60200
16747 25376
16748 8992
16749 27488
16750 2817
16751 27425
16752 54049
16753 25440
16754 50016
16755 54049
16756 54064
16757 54049
16758 49960
16759 19240
16760 54048
16761 49952
16762 25352
16763 57121
16764 54049
16765 58145
16766 25449
16767 55072
16768 58216
16769 60160
16770 60193
16771 59177
16772 19200
16773 58145
16774 65313
16775 19296
16776 52000
16777 60256
16778 25376
16779 54049
16780 19232
16781 60169
16782 57121
16783 52008
16784 62241
16785 59232
16786 49953
16787 65313
16788 49953
16789 58152
16790 58145
16791 52008
16792 26464
16793 54057
16794 27425
16795 54048
16796 52009
16797 49960
16798 53601
16799 19233
16800 19200
16801 58144
16802 17248
16803 55081
16804 58112
16805 50977
16806 62304
16807 19233
16808 27521
16809 49953
16810 61225
16811 54048
16812 17185
16813 49952
16814 27393
16815 50984
16816 17152
16817 27432
16818 54056
16819 19201
16820 49921
16821 19200
16822 49937
16823 27400
16824 49928
16825 58144
16826 17184
16827 49921
16828 54048
16829 49928
16830 19232
16831 49952
16832 61216
16833 49976
16834 19232
16835 51992
16836 27425
16837 19224
16838 52008
16839 27424
16840 54048
16841 21288
16842 58145
16843 58272
16844 2849
16845 17185
16846 54048
16847 49952
16848 56105
16849 60192
16850 25376
16851 58144
16852 27424
16853 52000
16854 59169
16855 27520
16856 54048
16857 17169
16858 27392
16859 27392
16860 49953
16861 49961
16862 17193
16863 27393
16864 17176
16865 52001
16866 17185
16867 55072
16868 58216
16869 60161
16870 54048
16871 59168
16872 19232
16873 19209
16874 49953
16875 54048
16876 58209
16877 54032
16878 27424
16879 19209
16880 56097
16881 60257
16882 54049
16883 49960
16884 49953
16885 17184
16886 59169
16887 27400
16888 49921
16889 58153
16890 58144
16891 19232
16892 19233
16893 27393
16894 56097
16895 23337
16896 60192
16897 54056
16898 63329
16899 25377
16900 62241
16901 49976
16902 54056
16903 62241
16904 19232
16905 19200
16906 27456
16907 25344
16908 60160
16909 49920
16910 54056
16911 52000
16912 62240
16913 25385
16914 59168
16915 27424
16916 50024
16917 17184
16918 17161
16919 27424
16920 61224
16921 49953
16922 25440
16923 58112
16924 17160
16925 60192
16926 52009
16927 49960
16928 49953
16929 49944
16930 54049
16931 49953
16932 17184
16933 27393
16934 49952
16935 17184
16936 52001
16937 19233
16938 57129
16939 59233
16940 55073
16941 58144
16942 19200
16943 19233
16944 53793
16945 58120
16946 54048
16947 25377
16948 49504
16949 54049
16950 49953
16951 49952
16952 19225
16953 20265
16954 62241
16955 60192
16956 27401
16957 62240
16958 55081
16959 49960
16960 17185
16961 49969
16962 49920
16963 27401
16964 58145
16965 52000
16966 54113
16967 27393
16968 58144
16969 19248
16970 55841
16971 61225
16972 25473
16973 54049
16974 51976
16975 58112
16976 49960
16977 27425
16978 58112
16979 27392
16980 27425
16981 19233
16982 17184
16983 17176
16984 27488
16985 62208
16986 62241
16987 49952
16988 49952
16989 19201
16990 25384
16991 19248
16992 50977
16993 56097
16994 62240
16995 27401
16996 27424
16997 17184
16998 25376
16999 25385
17000 54048
17001 55073
17002 17153
17003 58144
17004 55073
17005 58120
17006 54049
17007 51976
17008 60161
17009 28456
17010 52001
17011 19241
17012 54049
17013 25376
17014 19232
17015 27425
17016 62240
17017 54056
17018 25376
17019 25344
17020 27392
17021 20257
17022 27496
17023 26401
17024 19233
17025 49936
17026 52001
17027 25384
17028 53001
17029 51744
17030 58112
17031 25440
17032 27432
17033 63264
17034 18961
17035 27401
17036 27392
17037 27409
17038 49953
17039 61217
17040 58152
17041 25377
17042 60193
17043 58144
17044 25345
17045 55072
17046 25377
17047 50984
17048 17153
17049 19241
17050 49928
17051 54072
17052 54049
17053 55096
17054 25376
17055 60193
17056 25376
17057 49953
17058 51977
17059 52008
17060 52008
17061 52000
17062 62304
17063 19233
17064 58144
17065 56097
17066 25377
17067 26408
17068 58144
17069 50985
17070 11041
17071 49952
17072 50016
17073 19233
17074 51553
17075 58144
17076 17184
17077 49952
17078 17185
17079 63265
17080 25344
17081 35617
17082 17184
17083 25384
17084 19232
17085 19233
17086 19232
17087 54049
17088 17152
17089 49960
17090 54053
17091 19240
17092 19201
17093 19201
17094 26369
17095 49953
17096 54056
17097 49960
17098 25361
17099 58145
17100 19232
17101 49936
17102 62313
17103 49953
17104 18217
17105 28457
17106 58153
17107 19200
17108 27488
17109 54049
17110 49936
17111 19201
17112 58144
17113 27400
17114 27392
17115 27425
17116 58144
17117 52000
17118 58145
17119 50016
17120 49952
17121 28449
17122 49952
17123 17193
17124 49952
17125 19233
17126 58113
17127 62248
17128 27392
17129 49961
17130 49961
17131 58145
17132 55073
17133 60193
17134 52001
17135 58272
17136 49953
17137 49936
17138 49952
17139 54056
17140 54048
17141 27425
17142 58144
17143 25376
17144 19201
17145 51992
17146 49952
17147 49960
17148 58145
17149 55080
17150 54048
17151 19232
17152 58128
17153 52001
17154 60961
17155 18945
17156 49952
17157 58112
17158 18209
17159 49952
17160 25377
17161 55073
17162 54112
17163 49952
17164 27392
17165 58144
17166 52009
17167 50984
17168 57128
17169 52000
17170 60192
17171 27400
17172 59169
17173 19240
17174 54049
17175 49952
17176 52001
17177 58145
17178 58208
17179 63265
17180 19233
17181 54049
17182 49953
17183 56065
17184 58216
17185 54048
17186 49961
17187 27400
17188 58152
17189 49952
17190 27392
17191 58144
17192 49952
17193 58145
17194 51969
17195 58153
17196 52000
17197 26401
17198 51968
17199 58209
17200 19232
17201 37665
17202 53032
17203 56105
17204 27489
17205 54056
17206 58112
17207 53025
17208 54072
17209 62241
17210 58209
17211 26369
17212 25377
17213 17184
17214 58145
17215 27400
17216 19240
17217 65312
17218 52001
17219 51977
17220 63265
17221 49960
17222 51976
17223 18209
17224 49952
17225 19233
17226 27393
17227 25376
17228 17185
17229 25344
17230 18945
17231 54049
17232 49968
17233 49952
17234 59232
17235 17192
17236 49953
17237 49952
17238 55073
17239 58112
17240 49968
17241 62248
17242 55136
17243 25344
17244 25384
17245 49960
17246 17184
17247 52001
17248 49952
17249 58152
17250 62240
17251 17184
17252 27392
17253 58144
17254 58145
17255 58145
17256 17249
17257 49952
17258 52016
17259 52000
17260 62240
17261 62241
17262 56097
17263 54049
17264 49960
17265 55081
17266 51713
17267 21280
17268 54057
17269 59137
17270 58208
17271 25376
17272 58113
17273 25376
17274 54048
17275 19217
17276 27393
17277 62209
17278 27425
17279 19208
17280 54056
17281 49921
17282 25377
17283 52000
17284 49952
17285 55073
17286 54048
17287 53024
17288 61217
17289 50977
17290 61216
17291 55073
17292 49920
17293 49928
17294 52008
17295 53025
17296 22305
17297 54048
17298 61217
17299 19232
17300 25376
17301 17184
17302 19233
17303 49440
17304 59232
17305 54049
17306 54048
17307 19233
17308 54048
17309 19200
17310 58208
17311 49953
17312 58145
17313 49952
17314 19201
17315 52001
17316 58145
17317 17192
17318 63273
17319 49952
17320 58152
17321 49952
17322 58144
17323 52000
17324 25352
17325 58144
17326 58145
17327 54048
17328 49953
17329 17189
17330 49960
17331 54048
17332 62248
17333 59169
17334 54049
17335 49928
17336 800
17337 58145
17338 17184
17339 25385
17340 27400
17341 49953
17342 27424
17343 19200
17344 50977
17345 59176
17346 55840
17347 58112
17348 58113
17349 17152
17350 60193
17351 58121
17352 55072
17353 58144
17354 49952
17355 49952
17356 49952
17357 58153
17358 17184
17359 27425
17360 17192
17361 62240
17362 51969
17363 56112
17364 62240
17365 49953
17366 55857
17367 54057
17368 49921
17369 52008
17370 27393
17371 56104
17372 60193
17373 25361
17374 54112
17375 17169
17376 53793
17377 49697
17378 56073
17379 19240
17380 19240
17381 25376
17382 54049
17383 25384
17384 60193
17385 26409
17386 25384
17387 60264
17388 49952
17389 17152
17390 49952
17391 52001
17392 28449
17393 49928
17394 58144
17395 54072
17396 54032
17397 23337
17398 27392
17399 59177
17400 28417
17401 59937
17402 52024
17403 23328
17404 56080
17405 27520
17406 49953
17407 53540
17408 62241
17409 61224
17410 27424
17411 27433
17412 60193
17413 54072
17414 2848
17415 18944
17416 55073
17417 52000
17418 17193
17419 54048
17420 60161
17421 62241
17422 52000
17423 27425
17424 49944
17425 49960
17426 17184
17427 51041
17428 27425
17429 54053
17430 61217
17431 49952
17432 52000
17433 58144
17434 52000
17435 58145
17436 27392
17437 27393
17438 25377
17439 49952
17440 27456
17441 64289
17442 27497
17443 17184
17444 59169
17445 58112
17446 19233
17447 19232
17448 49953
17449 19232
17450 58145
17451 27424
17452 19232
17453 58113
17454 58145
17455 59169
17456 58145
17457 18209
17458 31521
17459 49952
17460 27392
17461 17160
17462 52001
17463 54048
17464 49960
17465 27401
17466 58121
17467 63264
17468 54056
17469 26401
17470 54049
17471 60169
17472 54049
17473 49952
17474 58145
17475 17192
17476 59233
17477 54056
17478 56105
17479 17153
17480 49928
17481 50985
17482 55072
17483 19209
17484 49952
17485 19209
17486 58209
17487 19232
17488 54048
17489 17185
17490 17184
17491 25377
17492 19232
17493 58145
17494 27425
17495 49953
17496 54032
17497 51985
17498 49960
17499 53793
17500 60192
17501 51969
17502 54049
17503 19093
17504 27425
17505 19224
17506 58209
17507 49952
17508 52001
17509 25384
17510 27392
17511 54048
17512 19209
17513 51985
17514 49953
17515 25368
17516 58144
17517 49920
17518 54072
17519 54049
17520 58144
17521 49960
17522 27424
17523 58112
17524 58144
17525 17193
17526 49952
17527 25377
17528 54056
17529 17192
17530 49961
17531 52009
17532 17152
17533 25504
17534 49960
17535 28456
17536 27392
17537 27424
17538 54064
17539 51969
17540 55073
17541 54048
17542 63264
17543 60200
17544 25377
17545 56072
17546 54048
17547 20257
17548 55080
17549 60192
17550 25377
17551 55073
17552 49952
17553 49977
17554 57121
17555 52001
17556 28448
17557 52000
17558 58144
17559 58112
17560 52000
17561 27392
17562 60193
17563 56088
17564 35617
17565 25376
17566 49960
17567 49961
17568 58113
17569 25344
17570 52001
17571 52001
17572 54016
17573 54048
17574 27424
17575 17185
17576 54025
17577 25376
17578 54057
17579 19232
17580 25376
17581 19201
17582 60192
17583 27425
17584 25473
17585 58240
17586 52000
17587 55080
17588 27432
17589 58145
17590 19232
17591 27392
17592 54048
17593 60193
17594 60192
17595 54049
17596 54048
17597 17192
17598 28512
17599 58144
17600 58152
17601 19232
17602 19208
17603 19232
17604 17184
17605 17192
17606 59168
17607 19232
17608 58113
17609 52000
17610 19216
17611 49953
17612 58144
17613 27401
17614 49953
17615 57121
17616 25377
17617 25440
17618 54048
17619 56097
17620 27425
17621 58144
17622 49960
17623 19209
17624 20265
17625 54016
17626 26400
17627 55072
17628 26401
17629 27400
17630 55073
17631 62240
17632 57121
17633 59177
17634 25377
17635 50977
17636 56097
17637 17184
17638 49953
17639 58208
17640 55073
17641 27488
17642 58112
17643 62241
17644 58145
17645 19208
17646 61280
17647 56104
17648 49953
17649 17192
17650 27488
17651 49960
17652 54072
17653 49953
17654 19201
17655 58144
17656 25376
17657 58145
17658 58144
17659 19232
17660 19233
17661 17185
17662 57129
17663 52000
17664 26400
17665 58145
17666 58113
17667 17185
17668 19240
17669 19240
17670 19200
17671 56104
17672 19233
17673 19216
17674 60192
17675 49952
17676 54048
17677 54056
17678 25345
17679 49953
17680 27488
17681 49952
17682 49960
17683 60320
17684 54072
17685 25384
17686 27393
17687 54048
17688 20256
17689 61281
17690 58145
17691 27456
17692 54049
17693 49952
17694 25345
17695 39713
17696 49953
17697 58152
17698 50977
17699 54048
17700 54057
17701 52000
17702 27520
17703 54064
17704 25345
17705 52001
17706 58145
17707 58113
17708 19232
17709 49968
17710 58144
17711 28449
17712 58121
17713 51968
17714 52064
17715 53001
17716 27424
17717 55073
17718 49920
17719 51968
17720 17193
17721 17192
17722 54056
17723 58209
17724 62241
17725 60192
17726 52017
17727 58121
17728 27408
17729 59169
17730 58144
17731 55072
17732 52017
17733 52001
17734 58145
17735 58145
17736 19200
17737 19225
17738 54048
17739 25440
17740 19241
17741 25345
17742 27392
17743 19201
17744 54049
17745 27393
17746 49920
17747 58113
17748 52024
17749 54052
17750 27488
17751 52009
17752 49928
17753 63265
17754 49960
17755 17160
17756 60192
17757 61224
17758 60160
17759 56097
17760 25376
17761 52024
17762 27392
17763 58145
17764 58145
17765 63272
17766 19201
17767 49953
17768 62241
17769 19233
17770 54049
17771 52000
17772 27392
17773 19256
17774 27392
17775 54057
17776 19233
17777 58144
17778 49952
17779 19200
17780 54048
17781 19240
17782 60193
17783 56160
17784 40737
17785 49961
17786 49961
17787 19201
17788 56097
17789 17161
17790 49952
17791 25376
17792 54049
17793 17185
17794 60193
17795 60193
17796 49953
17797 49953
17798 58144
17799 58144
17800 19233
17801 49936
17802 50977
17803 58144
17804 58145
17805 60264
17806 25377
17807 52008
17808 49953
17809 52017
17810 61217
17811 49953
17812 25352
17813 54049
17814 25376
17815 52000
17816 27520
17817 19232
17818 58113
17819 59233
17820 17185
17821 19233
17822 52000
17823 54048
17824 49921
17825 49953
17826 60192
17827 49952
17828 60193
17829 62241
17830 55072
17831 51968
17832 54048
17833 21281
17834 25377
17835 49920
17836 25440
17837 53776
17838 52008
17839 54048
17840 49952
17841 49952
17842 25377
17843 52064
17844 55073
17845 49953
17846 64289
17847 60264
17848 56080
17849 60192
17850 19216
17851 54049
17852 59136
17853 27528
17854 49953
17855 19233
17856 19201
17857 25376
17858 49969
17859 19208
17860 60192
17861 19236
17862 52000
17863 62241
17864 54049
17865 58145
17866 49681
17867 25376
17868 59169
17869 50977
17870 49960
17871 49960
17872 25376
17873 54056
17874 58209
17875 25377
17876 49953
17877 62304
17878 27425
17879 58145
17880 17185
17881 25360
17882 18945
17883 25377
17884 27424
17885 51976
17886 49961
17887 26401
17888 58145
17889 52000
17890 49961
17891 19233
17892 17200
17893 17296
17894 54025
17895 19208
17896 19232
17897 58144
17898 60193
17899 62241
17900 25377
17901 25352
17902 19233
17903 19224
17904 25377
17905 58152
17906 52000
17907 54049
17908 27424
17909 55072
17910 25384
17911 21280
17912 54049
17913 27416
17914 51728
17915 17185
17916 58209
17917 17189
17918 58144
17919 27425
17920 25448
17921 52000
17922 17184
17923 25361
17924 49952
17925 49976
17926 54049
17927 27393
17928 56160
17929 19208
17930 49936
17931 58144
17932 27424
17933 49953
17934 58145
17935 54056
17936 62241
17937 49952
17938 26400
17939 58209
17940 52008
17941 62240
17942 20265
17943 19224
17944 54048
17945 60168
17946 51744
17947 49952
17948 58145
17949 52000
17950 17193
17951 54048
17952 52000
17953 19200
17954 52000
17955 49929
17956 49957
17957 27425
17958 58144
17959 25345
17960 17184
17961 25344
17962 27424
17963 63273
17964 51984
17965 19232
17966 25376
17967 54048
17968 58144
17969 25377
17970 51976
17971 52000
17972 56104
17973 25384
17974 52001
17975 55073
17976 19233
17977 59168
17978 58145
17979 53032
17980 58145
17981 49953
17982 51729
17983 54048
17984 51969
17985 61281
17986 55073
17987 19232
17988 58145
17989 19209
17990 54065
17991 2848
17992 17248
17993 52001
17994 19240
17995 51968
17996 52001
17997 49960
17998 59169
17999 52000
18000 49961
18001 51976
18002 17161
18003 56065
18004 58145
18005 29473
18006 49960
18007 27153
18008 58145
18009 55073
18010 25384
18011 54049
18012 49697
18013 60200
18014 20257
18015 17161
18016 52000
18017 27497
18018 62241
18019 18977
18020 56105
18021 58216
18022 17184
18023 59168
18024 58153
18025 49961
18026 52000
18027 57121
18028 49960
18029 25384
18030 52000
18031 50977
18032 25376
18033 55096
18034 49960
18035 49952
18036 27393
18037 55136
18038 60193
18039 25377
18040 61216
18041 51969
18042 25377
18043 19208
18044 19200
18045 56097
18046 54049
18047 25376
18048 52000
18049 25377
18050 49960
18051 49952
18052 25440
18053 25440
18054 49969
18055 58144
18056 52000
18057 58144
18058 54056
18059 49936
18060 27393
18061 49952
18062 27393
18063 58144
18064 17192
18065 59169
18066 19240
18067 52008
18068 25441
18069 19241
18070 52001
18071 19241
18072 19328
18073 49952
18074 64296
18075 54048
18076 62249
18077 54072
18078 19233
18079 19200
18080 49960
18081 60256
18082 52009
18083 56097
18084 49952
18085 52008
18086 58145
18087 54049
18088 27425
18089 19201
18090 20225
18091 58145
18092 17184
18093 27424
18094 27392
18095 58113
18096 54048
18097 25352
18098 19232
18099 17192
18100 25377
18101 25376
18102 58144
18103 54057
18104 58113
18105 57121
18106 56104
18107 54056
18108 63337
18109 25344
18110 55080
18111 52001
18112 25377
18113 25384
18114 58145
18115 58152
18116 54048
18117 52000
18118 62240
18119 27424
18120 52064
18121 19232
18122 27393
18123 17184
18124 19217
18125 51744
18126 17185
18127 31521
18128 17189
18129 60161
18130 25376
18131 59168
18132 54048
18133 62240
18134 17161
18135 59169
18136 19201
18137 19208
18138 49961
18139 49952
18140 58144
18141 52008
18142 56096
18143 19233
18144 19232
18145 58112
18146 25440
18147 25376
18148 25377
18149 60192
18150 54064
18151 17185
18152 54049
18153 63265
18154 49952
18155 17185
18156 54048
18157 52000
18158 26401
18159 54048
18160 49920
18161 49952
18162 27393
18163 17153
18164 49952
18165 54048
18166 52001
18167 17193
18168 54049
18169 54048
18170 56104
18171 60256
18172 58145
18173 19208
18174 60193
18175 26401
18176 25344
18177 54056
18178 49960
18179 49921
18180 17152
18181 27425
18182 58145
18183 54049
18184 17152
18185 19232
18186 25441
18187 54048
18188 49936
18189 58144
18190 19233
18191 17185
18192 56112
18193 58152
18194 58144
18195 49976
18196 59169
18197 54056
18198 51977
18199 27392
18200 60264
18201 61217
18202 19200
18203 58145
18204 54032
18205 26408
18206 58145
18207 25352
18208 49960
18209 58209
18210 17152
18211 27424
18212 58112
18213 27401
18214 55137
18215 54064
18216 49944
18217 49952
18218 26409
18219 58144
18220 28457
18221 25376
18222 65313
18223 19200
18224 19209
18225 56096
18226 49960
18227 52008
18228 63264
18229 58145
18230 54057
18231 27425
18232 25377
18233 25377
18234 63272
18235 58144
18236 25376
18237 51744
18238 49952
18239 27425
18240 25377
18241 27424
18242 27281
18243 58145
18244 53777
18245 27432
18246 54049
18247 49953
18248 27392
18249 58144
18250 49961
18251 58144
18252 54049
18253 27425
18254 54064
18255 58145
18256 49953
18257 19232
18258 49952
18259 27392
18260 59168
18261 58144
18262 65313
18263 54048
18264 19200
18265 51969
18266 19233
18267 54049
18268 58145
18269 52000
18270 51745
18271 52008
18272 59937
18273 59169
18274 17200
18275 49960
18276 54056
18277 25377
18278 54049
18279 49920
18280 51984
18281 49960
18282 25376
18283 49952
18284 63265
18285 54049
18286 25376
18287 56104
18288 27424
18289 25344
18290 54056
18291 58145
18292 58144
18293 60192
18294 27424
18295 27392
18296 62241
18297 25345
18298 62241
18299 17184
18300 54057
18301 49960
18302 50984
18303 49952
18304 25441
18305 17168
18306 25376
18307 52000
18308 54048
18309 26400
18310 19200
18311 58152
18312 25384
18313 58145
18314 21280
18315 28449
18316 25440
18317 17200
18318 20256
18319 54048
18320 57129
18321 25376
18322 59169
18323 52001
18324 19240
18325 60192
18326 54048
18327 50984
18328 25376
18329 17185
18330 25376
18331 27424
18332 19201
18333 58208
18334 58144
18335 2856
18336 54048
18337 27393
18338 8992
18339 51968
18340 54048
18341 60192
18342 52000
18343 58152
18344 58145
18345 49921
18346 49921
18347 58208
18348 49952
18349 54120
18350 28449
18351 19240
18352 19241
18353 56104
18354 54057
18355 26401
18356 58272
18357 20265
18358 55072
18359 11040
18360 40737
18361 62248
18362 53024
18363 19201
18364 27425
18365 52008
18366 27425
18367 49952
18368 27393
18369 52000
18370 17184
18371 58208
18372 49937
18373 52001
18374 19201
18375 55136
18376 52000
18377 27496
18378 59176
18379 17184
18380 59232
18381 55081
18382 27433
18383 54064
18384 26400
18385 17169
18386 49920
18387 25377
18388 49944
18389 27424
18390 25376
18391 55080
18392 63265
18393 58144
18394 54049
18395 58145
18396 19232
18397 25377
18398 17184
18399 49952
18400 55081
18401 49921
18402 54056
18403 18977
18404 62249
18405 23337
18406 17185
18407 17184
18408 54049
18409 62241
18410 58208
18411 17185
18412 50016
18413 19232
18414 49961
18415 62241
18416 27424
18417 56065
18418 17185
18419 53808
18420 56104
18421 27432
18422 54065
18423 27425
18424 49921
18425 17192
18426 54048
18427 62241
18428 58145
18429 57128
18430 27400
18431 52000
18432 57121
18433 54048
18434 58113
18435 58144
18436 52024
18437 27488
18438 54048
18439 49953
18440 27425
18441 26472
18442 25441
18443 52008
18444 54056
18445 52000
18446 17184
18447 59168
18448 54056
18449 25384
18450 60256
18451 58145
18452 26400
18453 60257
18454 17161
18455 50977
18456 54064
18457 18209
18458 49920
18459 27400
18460 49968
18461 60193
18462 52000
18463 58144
18464 54048
18465 58112
18466 52000
18467 58145
18468 49952
18469 49953
18470 19201
18471 51992
18472 52000
18473 58144
18474 54048
18475 54048
18476 49937
18477 55088
18478 55073
18479 18217
18480 56097
18481 25344
18482 19088
18483 56097
18484 56104
18485 55081
18486 49969
18487 17185
18488 49953
18489 8992
18490 27425
18491 60193
18492 51977
18493 58145
18494 58144
18495 27425
18496 25384
18497 27432
18498 26409
18499 25344
18500 52000
18501 49961
18502 58145
18503 61280
18504 27425
18505 58144
18506 58145
18507 50977
18508 54049
18509 2849
18510 54048
18511 27425
18512 19200
18513 58144
18514 52993
18515 54048
18516 27392
18517 58145
18518 54048
18519 49952
18520 27488
18521 60193
18522 49961
18523 50976
18524 49953
18525 54049
18526 49953
18527 55073
18528 25376
18529 25440
18530 49960
18531 25381
18532 54048
18533 19232
18534 27424
18535 17153
18536 54057
18537 28448
18538 49953
18539 27392
18540 19236
18541 49953
18542 27424
18543 51969
18544 60192
18545 49952
18546 62240
18547 19240
18548 58144
18549 25344
18550 25376
18551 49952
18552 19232
18553 54049
18554 25376
18555 49960
18556 17168
18557 18961
18558 55080
18559 49960
18560 25376
18561 19201
18562 63273
18563 25377
18564 60160
18565 25344
18566 49960
18567 56097
18568 52008
18569 60193
18570 49952
18571 17184
18572 49960
18573 49953
18574 28417
18575 59169
18576 58144
18577 54056
18578 58120
18579 25377
18580 52008
18581 27425
18582 27425
18583 49952
18584 49953
18585 54056
18586 49953
18587 27425
18588 23336
18589 25441
18590 60192
18591 49976
18592 19232
18593 49936
18594 58144
18595 25376
18596 49952
18597 52000
18598 19241
18599 19236
18600 25376
18601 50016
18602 27392
18603 54048
18604 60193
18605 19233
18606 60200
18607 55081
18608 27401
18609 52016
18610 62248
18611 56097
18612 17185
18613 62240
18614 25440
18615 52000
18616 61217
18617 55081
18618 19201
18619 49953
18620 17160
18621 49921
18622 54049
18623 58144
18624 19233
18625 62240
18626 19232
18627 27401
18628 52008
18629 52000
18630 19200
18631 19233
18632 49936
18633 50984
18634 60193
18635 59177
18636 49920
18637 52001
18638 54049
18639 54064
18640 58209
18641 63265
18642 55073
18643 19208
18644 54056
18645 20257
18646 58145
18647 29440
18648 52001
18649 49960
18650 49952
18651 49952
18652 19233
18653 60320
18654 54048
18655 27432
18656 11041
18657 19232
18658 62304
18659 25345
18660 58145
18661 25368
18662 17185
18663 27432
18664 19232
18665 17161
18666 17185
18667 27392
18668 27393
18669 25376
18670 19217
18671 25441
18672 17160
18673 62241
18674 58145
18675 27393
18676 56097
18677 19241
18678 19233
18679 54048
18680 25384
18681 58112
18682 37665
18683 27425
18684 27425
18685 49953
18686 49960
18687 54057
18688 54073
18689 49920
18690 25352
18691 49936
18692 27424
18693 58145
18694 59169
18695 52001
18696 59177
18697 27425
18698 52001
18699 49953
18700 25376
18701 49952
18702 50976
18703 26400
18704 49952
18705 17184
18706 25377
18707 54048
18708 27425
18709 52000
18710 49976
18711 28449
18712 54049
18713 27424
18714 27432
18715 17185
18716 54057
18717 17184
18718 60193
18719 52000
18720 54113
18721 58113
18722 19233
18723 56096
18724 61216
18725 27392
18726 54048
18727 58145
18728 51977
18729 59169
18730 49952
18731 59169
18732 19232
18733 17184
18734 50024
18735 17169
18736 19201
18737 54024
18738 58145
18739 25376
18740 49952
18741 60192
18742 55080
18743 17184
18744 56096
18745 52000
18746 54049
18747 58145
18748 52009
18749 27392
18750 50977
18751 19233
18752 18960
18753 53025
18754 17153
18755 64289
18756 50977
18757 60192
18758 55825
18759 19201
18760 56104
18761 60193
18762 37665
18763 27425
18764 58112
18765 60192
18766 17192
18767 19200
18768 62241
18769 49961
18770 50016
18771 27488
18772 49953
18773 27425
18774 19201
18775 58144
18776 25376
18777 63329
18778 49961
18779 54072
18780 27425
18781 52001
18782 62249
18783 49953
18784 19200
18785 49921
18786 54049
18787 28449
18788 27425
18789 19233
18790 56080
18791 58112
18792 27425
18793 20265
18794 52000
18795 49968
18796 50976
18797 27425
18798 27425
18799 49944
18800 49937
18801 60192
18802 17184
18803 58145
18804 58176
18805 27488
18806 49953
18807 49952
18808 19201
18809 55073
18810 58136
18811 17193
18812 60193
18813 50984
18814 49960
18815 58144
18816 25376
18817 25385
18818 58144
18819 55072
18820 17152
18821 52008
18822 19208
18823 59168
18824 52001
18825 49952
18826 25385
18827 49976
18828 18209
18829 63265
18830 53540
18831 56105
18832 25344
18833 49952
18834 27424
18835 49929
18836 58145
18837 19233
18838 25384
18839 55081
18840 50016
18841 54049
18842 27425
18843 54048
18844 25376
18845 60169
18846 49928
18847 49960
18848 27464
18849 27392
18850 25376
18851 58144
18852 19224
18853 51969
18854 49952
18855 56097
18856 25377
18857 27393
18858 49953
18859 56105
18860 54049
18861 49929
18862 54049
18863 49936
18864 52000
18865 49960
18866 19240
18867 59169
18868 55080
18869 58152
18870 51993
18871 25352
18872 56105
18873 57120
18874 52001
18875 56104
18876 54049
18877 18209
18878 49952
18879 55072
18880 54057
18881 54053
18882 27425
18883 50984
18884 51969
18885 19232
18886 60193
18887 58144
18888 25448
18889 63264
18890 49952
18891 28449
18892 52000
18893 19233
18894 27424
18895 54061
18896 52024
18897 27425
18898 27393
18899 56168
18900 27424
18901 19241
18902 54056
18903 60161
18904 58144
18905 54048
18906 57121
18907 58144
18908 25376
18909 54048
18910 59168
18911 27400
18912 25344
18913 25376
18914 19201
18915 60193
18916 58145
18917 59168
18918 19233
18919 49920
18920 25377
18921 27424
18922 62240
18923 58144
18924 49968
18925 60193
18926 54017
18927 52001
18928 53813
18929 17160
18930 19241
18931 52001
18932 58145
18933 19208
18934 27432
18935 19236
18936 54057
18937 49953
18938 17184
18939 25376
18940 63264
18941 27528
18942 19232
18943 49952
18944 55841
18945 19233
18946 17185
18947 56097
18948 54017
18949 8993
18950 17184
18951 58144
18952 52008
18953 51000
18954 25377
18955 27401
18956 17153
18957 58144
18958 54049
18959 58216
18960 62249
18961 49952
18962 17184
18963 58144
18964 25440
18965 49961
18966 17193
18967 28449
18968 54057
18969 26464
18970 54056
18971 25440
18972 49920
18973 56104
18974 27400
18975 54048
18976 49944
18977 8993
18978 53024
18979 27489
18980 49952
18981 54048
18982 51968
18983 19240
18984 25384
18985 60200
18986 18217
18987 54048
18988 49953
18989 27393
18990 25377
18991 59169
18992 54049
18993 17184
18994 19232
18995 56097
18996 27456
18997 27392
18998 25344
18999 52000
19000 58145
19001 56097
19002 54065
19003 49976
19004 27425
19005 49921
19006 58144
19007 27425
19008 49960
19009 49953
19010 61224
19011 25376
19012 27392
19013 54056
19014 27488
19015 26401
19016 51969
19017 25345
19018 57121
19019 49953
19020 61216
19021 25440
19022 54048
19023 55144
19024 17192
19025 52001
19026 58144
19027 53025
19028 49952
19029 60200
19030 49953
19031 25377
19032 57121
19033 63264
19034 51977
19035 25377
19036 54057
19037 55080
19038 17192
19039 60193
19040 17185
19041 49960
19042 49953
19043 60256
19044 49952
19045 49961
19046 57121
19047 27425
19048 19216
19049 49952
19050 49929
19051 59168
19052 19201
19053 49952
19054 21280
19055 54048
19056 58145
19057 58208
19058 25440
19059 54040
19060 54056
19061 56064
19062 60193
19063 60257
19064 25377
19065 49953
19066 25384
19067 25381
19068 50984
19069 27392
19070 19232
19071 25376
19072 54072
19073 50976
19074 53793
19075 29440
19076 54072
19077 27393
19078 58145
19079 27424
19080 62241
19081 58145
19082 51969
19083 19232
19084 19232
19085 26400
19086 49960
19087 19209
19088 54048
19089 61217
19090 56096
19091 25344
19092 62241
19093 17184
19094 49952
19095 25376
19096 58144
19097 27393
19098 63264
19099 49976
19100 50017
19101 49952
19102 58152
19103 58144
19104 17192
19105 63265
19106 54048
19107 25376
19108 27392
19109 21281
19110 27425
19111 17192
19112 25376
19113 51992
19114 25448
19115 49952
19116 25377
19117 52000
19118 17184
19119 49952
19120 27401
19121 56105
19122 62304
19123 58144
19124 49953
19125 52001
19126 54049
19127 49952
19128 54057
19129 11048
19130 49952
19131 25377
19132 58152
19133 58145
19134 63265
19135 25344
19136 58145
19137 54056
19138 25376
19139 49953
19140 25344
19141 27393
19142 49952
19143 25385
19144 20256
19145 54056
19146 26401
19147 55073
19148 49952
19149 59232
19150 19200
19151 51993
19152 58144
19153 27392
19154 64257
19155 27424
19156 27392
19157 49953
19158 19216
19159 59169
19160 28521
19161 25376
19162 56112
19163 54056
19164 56168
19165 58145
19166 27456
19167 54056
19168 51977
19169 25384
19170 60257
19171 19232
19172 25345
19173 49953
19174 49953
19175 52001
19176 18944
19177 25376
19178 27425
19179 54048
19180 25377
19181 19233
19182 54112
19183 58145
19184 25345
19185 17193
19186 62240
19187 17184
19188 60192
19189 25352
19190 54049
19191 54048
19192 17184
19193 57185
19194 26409
19195 27392
19196 53001
19197 19232
19198 19248
19199 58144
19200 49953
19201 52000
19202 19248
19203 54017
19204 62241
19205 54056
19206 56105
19207 56065
19208 17185
19209 65313
19210 58160
19211 59169
19212 27424
19213 25344
19214 56096
19215 58209
19216 17160
19217 19232
19218 21281
19219 55073
19220 25376
19221 19232
19222 51976
19223 49920
19224 63265
19225 49952
19226 27432
19227 27424
19228 59168
19229 62241
19230 49960
19231 25345
19232 54049
19233 17152
19234 20257
19235 58144
19236 19232
19237 49952
19238 27392
19239 17184
19240 58120
19241 52009
19242 54049
19243 55072
19244 54049
19245 54049
19246 25385
19247 27392
19248 19240
19249 52000
19250 58144
19251 54049
19252 49952
19253 58144
19254 63328
19255 27425
19256 51968
19257 61217
19258 57121
19259 60193
19260 55840
19261 58152
19262 27425
19263 17185
19264 54057
19265 52000
19266 17197
19267 56104
19268 58145
19269 27393
19270 58144
19271 58112
19272 54049
19273 49952
19274 58145
19275 19200
19276 52000
19277 52001
19278 60160
19279 60193
19280 54049
19281 52001
19282 19201
19283 52008
19284 54048
19285 28520
19286 25377
19287 19297
19288 52000
19289 17193
19290 25377
19291 54072
19292 25376
19293 58112
19294 58145
19295 60160
19296 25376
19297 19233
19298 19200
19299 17193
19300 58152
19301 49952
19302 25376
19303 54048
19304 19237
19305 53600
19306 11040
19307 19200
19308 27424
19309 58144
19310 52000
19311 19232
19312 19240
19313 20257
19314 25376
19315 54056
19316 49960
19317 58208
19318 58144
19319 58144
19320 49952
19321 20257
19322 54048
19323 49953
19324 19240
19325 58144
19326 19240
19327 49960
19328 54048
19329 56104
19330 17185
19331 58144
19332 58217
19333 17192
19334 25376
19335 52001
19336 54049
19337 58144
19338 49936
19339 49952
19340 53600
19341 19216
19342 58145
19343 49952
19344 19209
19345 19232
19346 49952
19347 58152
19348 49960
19349 58144
19350 25376
19351 56104
19352 17184
19353 51969
19354 49953
19355 19233
19356 27424
19357 56073
19358 56096
19359 58145
19360 49953
19361 54048
19362 60160
19363 25344
19364 27393
19365 55137
19366 55080
19367 21280
19368 57121
19369 58144
19370 25352
19371 52008
19372 27392
19373 49952
19374 62312
19375 27424
19376 19236
19377 54057
19378 27488
19379 49921
19380 17185
19381 27393
19382 49960
19383 27488
19384 51041
19385 17184
19386 54049
19387 52000
19388 59937
19389 65313
19390 2856
19391 25376
19392 27432
19393 25441
19394 19201
19395 58144
19396 54048
19397 19200
19398 54049
19399 54048
19400 19208
19401 26401
19402 49953
19403 19232
19404 49921
19405 58145
19406 25376
19407 58145
19408 56096
19409 58144
19410 19232
19411 55857
19412 58273
19413 25376
19414 27425
19415 58112
19416 19200
19417 60160
19418 58145
19419 54049
19420 25472
19421 26369
19422 58208
19423 19240
19424 27456
19425 27400
19426 19233
19427 19232
19428 17169
19429 26408
19430 49953
19431 51968
19432 53025
19433 58144
19434 27392
19435 49952
19436 27392
19437 25376
19438 25376
19439 63273
19440 58144
19441 49952
19442 58144
19443 54064
19444 52001
19445 56096
19446 27456
19447 52000
19448 54048
19449 54048
19450 54049
19451 49952
19452 49920
19453 17152
19454 60193
19455 59168
19456 28417
19457 54056
19458 51969
19459 49928
19460 53792
19461 25345
19462 55072
19463 17192
19464 60193
19465 56096
19466 17161
19467 56097
19468 19208
19469 52000
19470 54024
19471 17185
19472 57121
19473 28512
19474 17184
19475 54072
19476 54056
19477 27392
19478 52001
19479 27425
19480 54048
19481 51969
19482 62241
19483 19232
19484 49952
19485 27425
19486 49952
19487 17177
19488 26400
19489 49953
19490 25376
19491 17192
19492 54049
19493 54056
19494 27401
19495 49952
19496 54072
19497 27425
19498 54048
19499 63265
19500 52001
19501 19224
19502 49953
19503 54048
19504 49504
19505 25377
19506 58145
19507 17184
19508 58152
19509 17184
19510 25376
19511 25377
19512 54049
19513 49944
19514 25377
19515 50985
19516 58128
19517 52008
19518 59169
19519 53032
19520 25384
19521 52993
19522 27488
19523 19209
19524 59169
19525 52000
19526 56105
19527 25345
19528 19232
19529 49952
19530 54048
19531 51488
19532 17152
19533 58144
19534 26401
19535 25376
19536 17189
19537 55841
19538 54049
19539 60192
19540 58144
19541 49952
19542 19208
19543 19201
19544 49961
19545 19232
19546 62248
19547 27433
19548 54056
19549 51984
19550 51968
19551 59177
19552 62249
19553 17184
19554 55073
19555 58145
19556 17192
19557 58113
19558 49960
19559 49952
19560 27425
19561 19208
19562 49968
19563 56065
19564 25440
19565 52000
19566 60257
19567 53025
19568 27400
19569 49920
19570 57121
19571 19232
19572 18976
19573 50024
19574 17185
19575 19201
19576 27393
19577 56097
19578 54049
19579 19209
19580 17152
19581 63265
19582 17152
19583 53797
19584 55073
19585 49952
19586 52000
19587 58144
19588 60193
19589 54056
19590 49960
19591 19233
19592 27432
19593 19233
19594 56089
19595 25376
19596 54048
19597 27424
19598 25377
19599 51745
19600 27424
19601 25376
19602 62248
19603 60160
19604 27425
19605 52008
19606 52001
19607 54072
19608 27432
19609 25353
19610 52009
19611 54024
19612 25376
19613 19201
19614 54065
19615 59169
19616 58144
19617 27433
19618 19232
19619 49968
19620 58145
19621 61225
19622 49952
19623 62240
19624 49953
19625 19201
19626 54072
19627 54048
19628 27392
19629 63265
19630 60192
19631 17185
19632 17185
19633 49952
19634 19224
19635 58144
19636 63265
19637 49952
19638 54049
19639 19200
19640 63329
19641 49920
19642 49952
19643 49952
19644 27425
19645 51969
19646 58145
19647 27424
19648 52000
19649 54049
19650 54056
19651 59169
19652 17160
19653 25377
19654 55081
19655 58153
19656 27425
19657 49960
19658 49953
19659 25377
19660 27393
19661 58144
19662 55081
19663 25344
19664 49960
19665 52024
19666 54048
19667 19208
19668 49952
19669 57120
19670 59169
19671 62241
19672 58145
19673 19209
19674 49953
19675 25377
19676 52000
19677 49953
19678 27401
19679 57128
19680 58145
19681 49920
19682 60192
19683 52000
19684 54057
19685 27424
19686 55080
19687 17153
19688 54048
19689 17192
19690 56104
19691 27433
19692 19200
19693 19201
19694 56168
19695 25376
19696 17184
19697 25345
19698 62248
19699 58128
19700 17185
19701 54064
19702 25377
19703 19201
19704 49953
19705 62248
19706 19232
19707 60161
19708 18209
19709 54048
19710 49952
19711 49960
19712 25376
19713 54056
19714 64288
19715 22313
19716 39713
19717 58208
19718 65321
19719 52000
19720 54056
19721 54024
19722 52001
19723 25352
19724 28456
19725 25377
19726 60169
19727 51968
19728 17189
19729 54049
19730 52001
19731 62248
19732 54049
19733 59232
19734 17184
19735 54048
19736 65377
19737 59136
19738 27425
19739 54072
19740 54056
19741 49953
19742 19233
19743 28449
19744 52001
19745 58153
19746 49920
19747 58152
19748 25377
19749 25376
19750 54048
19751 19233
19752 58145
19753 63264
19754 52008
19755 19208
19756 52009
19757 52001
19758 51969
19759 26401
19760 60192
19761 61217
19762 58144
19763 53601
19764 19232
19765 58128
19766 27425
19767 54048
19768 27392
19769 27424
19770 56097
19771 58144
19772 58144
19773 54049
19774 17160
19775 53537
19776 19200
19777 52000
19778 54049
19779 58152
19780 55073
19781 54049
19782 19297
19783 17184
19784 27425
19785 27432
19786 58145
19787 60320
19788 51992
19789 55825
19790 58144
19791 49952
19792 17176
19793 58145
19794 54057
19795 25345
19796 58144
19797 58153
19798 61217
19799 17184
19800 27432
19801 27393
19802 52001
19803 27464
19804 52001
19805 55073
19806 17185
19807 58144
19808 19200
19809 58144
19810 35617
19811 51969
19812 27432
19813 54048
19814 54049
19815 26401
19816 61225
19817 19216
19818 50976
19819 49953
19820 54049
19821 49977
19822 56096
19823 19201
19824 58145
19825 50984
19826 25376
19827 29473
19828 49960
19829 55081
19830 55072
19831 27488
19832 19232
19833 49956
19834 17189
19835 19233
19836 60161
19837 21280
19838 27425
19839 52001
19840 49921
19841 56096
19842 27393
19843 26401
19844 19200
19845 17192
19846 59937
19847 63265
19848 19233
19849 55081
19850 19201
19851 58145
19852 27392
19853 49953
19854 17192
19855 58144
19856 49944
19857 51976
19858 19201
19859 59169
19860 17185
19861 58144
19862 55144
19863 49952
19864 19233
19865 62240
19866 62312
19867 61281
19868 25440
19869 52008
19870 54057
19871 27393
19872 55080
19873 27424
19874 49960
19875 49952
19876 27425
19877 58208
19878 60192
19879 54121
19880 17168
19881 62241
19882 25344
19883 25408
19884 17192
19885 49937
19886 27432
19887 55081
19888 25376
19889 17185
19890 17184
19891 58272
19892 49960
19893 27433
19894 25352
19895 27401
19896 62249
19897 27433
19898 52009
19899 62304
19900 58144
19901 19201
19902 62240
19903 49961
19904 19232
19905 54049
19906 58153
19907 49928
19908 19233
19909 19200
19910 28448
19911 25376
19912 17192
19913 17185
19914 54048
19915 54048
19916 54024
19917 52072
19918 53032
19919 53537
19920 27464
19921 19201
19922 54064
19923 58145
19924 49953
19925 64033
19926 49952
19927 53792
19928 51976
19929 54064
19930 49953
19931 62240
19932 31521
19933 62241
19934 27489
19935 58144
19936 56096
19937 6945
19938 62304
19939 58145
19940 19233
19941 27400
19942 54056
19943 55073
19944 49960
19945 54048
19946 58144
19947 63265
19948 25376
19949 19232
19950 19201
19951 17192
19952 49952
19953 49952
19954 49960
19955 61216
19956 49952
19957 62240
19958 56065
19959 19233
19960 17185
19961 17185
19962 49944
19963 58216
19964 25376
19965 53025
19966 26401
19967 19200
19968 27424
19969 58121
19970 17208
19971 54048
19972 17197
19973 63264
19974 58152
19975 58144
19976 56064
19977 17184
19978 51728
19979 27425
19980 62241
19981 49952
19982 58144
19983 25376
19984 58144
19985 58145
19986 60192
19987 17192
19988 56105
19989 17152
19990 51744
19991 18209
19992 19201
19993 25353
19994 19224
19995 54048
19996 25377
19997 17192
19998 60192
19999 49929
20000 27393
20001 52024
20002 56096
20003 17168
20004 58145
20005 27425
20006 58152
20007 25352
20008 19232
20009 60192
20010 58152
20011 19208
20012 51969
20013 54057
20014 54057
20015 25352
20016 55081
20017 19232
20018 49944
20019 27489
20020 27425
20021 49953
20022 17185
20023 49952
20024 58209
20025 49960
20026 25376
20027 21289
20028 54048
20029 54048
20030 52001
20031 58145
20032 55081
20033 17184
20034 49961
20035 27392
20036 62313
20037 49952
20038 27432
20039 54057
20040 19208
20041 59169
20042 26400
20043 19240
20044 27520
20045 54057
20046 51976
20047 53024
20048 59168
20049 21281
20050 54048
20051 60192
20052 20256
20053 17189
20054 49928
20055 19200
20056 51969
20057 58209
20058 60200
20059 27433
20060 25376
20061 62240
20062 19224
20063 63265
20064 62208
20065 2817
20066 58144
20067 55072
20068 28449
20069 25376
20070 25376
20071 27488
20072 49952
20073 18961
20074 25376
20075 25384
20076 25345
20077 27432
20078 58145
20079 57120
20080 58113
20081 19200
20082 19201
20083 17153
20084 49952
20085 63265
20086 59233
20087 60200
20088 55073
20089 54049
20090 27432
20091 52000
20092 58113
20093 19232
20094 27424
20095 59169
20096 58145
20097 28512
20098 58144
20099 54048
20100 54049
20101 19241
20102 19233
20103 54064
20104 27408
20105 54048
20106 56097
20107 19233
20108 54049
20109 58112
20110 27393
20111 61281
20112 27488
20113 58144
20114 49953
20115 25376
20116 58145
20117 27425
20118 25376
20119 19200
20120 54048
20121 58144
20122 26400
20123 54048
20124 58145
20125 19233
20126 27425
20127 58144
20128 53537
20129 20233
20130 58145
20131 60193
20132 62241
20133 56096
20134 52000
20135 49921
20136 54072
20137 54057
20138 23297
20139 60193
20140 26401
20141 25377
20142 49953
20143 27488
20144 19233
20145 56089
20146 49953
20147 60193
20148 49953
20149 55080
20150 56105
20151 60160
20152 49976
20153 25377
20154 17192
20155 51976
20156 17153
20157 19328
20158 58144
20159 58144
20160 49952
20161 58145
20162 63273
20163 52000
20164 17184
20165 59241
20166 18961
20167 58209
20168 17184
20169 19200
20170 49968
20171 49960
20172 19208
20173 58145
20174 58145
20175 58144
20176 62249
20177 49809
20178 49952
20179 27392
20180 50977
20181 19232
20182 56105
20183 49961
20184 19232
20185 27424
20186 60192
20187 19241
20188 28457
20189 27393
20190 2849
20191 49952
20192 17185
20193 59168
20194 51969
20195 62304
20196 62241
20197 17185
20198 58145
20199 52008
20200 19240
20201 51969
20202 25384
20203 17192
20204 51968
20205 25376
20206 52001
20207 25381
20208 62304
20209 49952
20210 52000
20211 49952
20212 49953
20213 54057
20214 52008
20215 60193
20216 54056
20217 27425
20218 54049
20219 27432
20220 49952
20221 25376
20222 19352
20223 54056
20224 17197
20225 27425
20226 17160
20227 54056
20228 19225
20229 54048
20230 17185
20231 49952
20232 49928
20233 52001
20234 19200
20235 25377
20236 17185
20237 58145
20238 64289
20239 58144
20240 49944
20241 56096
20242 49969
20243 19232
20244 54072
20245 19201
20246 53025
20247 51968
20248 54048
20249 37665
20250 58208
20251 25352
20252 52000
20253 54049
20254 49960
20255 58144
20256 58153
20257 61185
20258 25376
20259 60192
20260 28449
20261 25384
20262 25440
20263 27400
20264 52001
20265 27433
20266 20264
20267 49960
20268 54048
20269 25440
20270 62241
20271 49944
20272 58113
20273 49960
20274 49952
20275 58144
20276 51976
20277 27425
20278 27457
20279 49944
20280 53033
20281 64289
20282 17153
20283 25376
20284 49960
20285 51976
20286 55072
20287 59169
20288 19200
20289 25344
20290 49961
20291 49952
20292 65313
20293 54056
20294 57121
20295 54048
20296 54049
20297 58145
20298 54049
20299 62241
20300 54048
20301 54057
20302 49920
20303 49952
20304 27425
20305 58144
20306 59168
20307 54056
20308 49952
20309 27424
20310 54048
20311 20256
20312 64289
20313 60160
20314 57121
20315 54049
20316 58240
20317 63264
20318 53024
20319 54056
20320 55072
20321 49960
20322 56089
20323 27408
20324 27393
20325 55072
20326 26369
20327 52016
20328 52009
20329 49961
20330 19232
20331 62208
20332 52000
20333 56096
20334 58208
20335 25377
20336 19233
20337 53777
20338 19297
20339 54072
20340 27424
20341 49952
20342 27400
20343 18961
20344 19200
20345 58113
20346 58144
20347 51041
20348 26401
20349 49953
20350 27424
20351 25376
20352 25377
20353 54121
20354 25345
20355 17208
20356 52001
20357 22305
20358 49953
20359 27425
20360 58152
20361 26400
20362 26401
20363 28448
20364 17184
20365 17185
20366 55073
20367 54121
20368 55145
20369 54049
20370 27456
20371 19240
20372 52000
20373 59169
20374 60160
20375 49953
20376 19233
20377 60192
20378 27392
20379 27393
20380 49953
20381 25345
20382 52001
20383 59168
20384 49953
20385 49960
20386 17184
20387 55073
20388 49976
20389 17184
20390 19200
20391 49944
20392 57129
20393 58145
20394 61985
20395 58144
20396 53792
20397 49952
20398 49953
20399 27425
20400 17193
20401 49953
20402 52009
20403 27425
20404 60200
20405 19201
20406 49960
20407 54048
20408 54049
20409 25377
20410 19233
20411 58145
20412 19328
20413 19241
20414 25345
20415 19200
20416 27392
20417 18960
20418 54072
20419 58112
20420 27424
20421 49952
20422 25344
20423 27432
20424 26401
20425 58144
20426 54056
20427 58208
20428 27401
20429 19240
20430 52001
20431 58144
20432 62240
20433 49953
20434 58112
20435 17185
20436 17152
20437 49952
20438 62240
20439 49952
20440 54049
20441 49961
20442 19241
20443 17153
20444 58153
20445 52000
20446 19233
20447 49953
20448 19232
20449 61216
20450 58216
20451 52000
20452 19224
20453 49960
20454 50977
20455 49960
20456 49953
20457 54057
20458 49952
20459 17161
20460 58144
20461 55073
20462 55073
20463 59169
20464 58144
20465 62248
20466 62241
20467 56097
20468 49961
20469 52000
20470 54049
20471 49952
20472 54056
20473 49960
20474 19209
20475 56097
20476 52000
20477 51968
20478 25488
20479 57184
20480 49944
20481 58152
20482 17184
20483 25440
20484 49952
20485 58153
20486 49920
20487 53025
20488 49952
20489 54064
20490 27536
20491 56096
20492 60193
20493 49952
20494 52008
20495 20257
20496 58144
20497 62304
20498 27424
20499 27400
20500 58152
20501 58121
20502 54056
20503 54048
20504 54049
20505 60193
20506 49936
20507 54056
20508 54048
20509 49960
20510 58144
20511 49953
20512 58144
20513 55081
20514 17160
20515 58128
20516 19200
20517 49952
20518 54056
20519 19208
20520 50976
20521 28449
20522 57121
20523 56096
20524 64288
20525 27424
20526 52000
20527 49920
20528 58145
20529 49952
20530 54048
20531 54048
20532 55080
20533 54048
20534 55080
20535 19240
20536 59176
20537 54048
20538 58145
20539 25376
20540 60160
20541 57128
20542 49953
20543 49952
20544 53796
20545 25377
20546 58144
20547 57121
20548 52001
20549 26369
20550 55073
20551 52025
20552 25345
20553 17192
20554 20265
20555 25352
20556 62312
20557 17152
20558 27425
20559 58152
20560 20265
20561 2824
20562 49960
20563 19241
20564 63264
20565 25385
20566 54048
20567 27392
20568 49953
20569 58144
20570 60192
20571 58113
20572 58144
20573 18945
20574 25384
20575 52000
20576 49945
20577 27392
20578 49952
20579 27400
20580 58145
20581 49952
20582 54056
20583 59168
20584 49953
20585 17184
20586 55073
20587 52009
20588 58144
20589 25376
20590 52001
20591 51968
20592 55072
20593 58145
20594 19209
20595 58208
20596 19233
20597 50977
20598 49968
20599 27489
20600 56104
20601 27433
20602 54056
20603 60200
20604 27409
20605 49968
20606 54048
20607 49960
20608 49953
20609 54057
20610 19240
20611 58144
20612 59240
20613 49960
20614 58145
20615 17184
20616 27392
20617 61281
20618 19241
20619 49921
20620 19232
20621 55081
20622 50976
20623 60193
20624 17184
20625 19241
20626 21281
20627 808
20628 27520
20629 27425
20630 49976
20631 54049
20632 49952
20633 54056
20634 54048
20635 25384
20636 49960
20637 49953
20638 27488
20639 27424
20640 49953
20641 17152
20642 19232
20643 19240
20644 55081
20645 59169
20646 54056
20647 52001
20648 27488
20649 58144
20650 49929
20651 63265
20652 55072
20653 51968
20654 54048
20655 800
20656 56096
20657 25345
20658 25441
20659 49952
20660 25345
20661 54049
20662 18208
20663 25345
20664 58144
20665 54056
20666 58208
20667 49969
20668 54048
20669 49920
20670 17184
20671 27488
20672 27400
20673 49960
20674 49952
20675 17185
20676 49952
20677 54048
20678 28449
20679 19233
20680 21281
20681 19233
20682 49921
20683 49952
20684 808
20685 58112
20686 58208
20687 59169
20688 27424
20689 28449
20690 17185
20691 58144
20692 56097
20693 51729
20694 49976
20695 19208
20696 49952
20697 27408
20698 49920
20699 25377
20700 49952
20701 55081
20702 27425
20703 52000
20704 49952
20705 17184
20706 54056
20707 58144
20708 25472
20709 57128
20710 25345
20711 56096
20712 17185
20713 49953
20714 58208
20715 58144
20716 53033
20717 52064
20718 49952
20719 51976
20720 54048
20721 17200
20722 56097
20723 19224
20724 25376
20725 49952
20726 55144
20727 49952
20728 58144
20729 56105
20730 27393
20731 49952
20732 58145
20733 60193
20734 27425
20735 52008
20736 28449
20737 55136
20738 25441
20739 26400
20740 54048
20741 27432
20742 27401
20743 53793
20744 27392
20745 19233
20746 54112
20747 61217
20748 54048
20749 58144
20750 25384
20751 54048
20752 49952
20753 25384
20754 52001
20755 58152
20756 26401
20757 49953
20758 60201
20759 53536
20760 56097
20761 17184
20762 58145
20763 23328
20764 62313
20765 54048
20766 25376
20767 54057
20768 60192
20769 27392
20770 58112
20771 50016
20772 27392
20773 19240
20774 49952
20775 51976
20776 58216
20777 49952
20778 65321
20779 62248
20780 27153
20781 49953
20782 51728
20783 49921
20784 54049
20785 62241
20786 54056
20787 54017
20788 17184
20789 54049
20790 25344
20791 17185
20792 49952
20793 50977
20794 27424
20795 49968
20796 58145
20797 27401
20798 27425
20799 17184
20800 50984
20801 28449
20802 25344
20803 52001
20804 49953
20805 19216
20806 49952
20807 49952
20808 52000
20809 25345
20810 19241
20811 49920
20812 27497
20813 55856
20814 52008
20815 50977
20816 59176
20817 54049
20818 50016
20819 17153
20820 60192
20821 27393
20822 26401
20823 27424
20824 19240
20825 52009
20826 58209
20827 49953
20828 25344
20829 27425
20830 51968
20831 58144
20832 55840
20833 49953
20834 52000
20835 20256
20836 39713
20837 60160
20838 25345
20839 58144
20840 56097
20841 49960
20842 54049
20843 55073
20844 27488
20845 52000
20846 54048
20847 25441
20848 27400
20849 19232
20850 25376
20851 49681
20852 25377
20853 58145
20854 27488
20855 54049
20856 52000
20857 49936
20858 25376
20859 62241
20860 55072
20861 49936
20862 27425
20863 17192
20864 54056
20865 52000
20866 59169
20867 17192
20868 58208
20869 25376
20870 56096
20871 58144
20872 27424
20873 51969
20874 57120
20875 19201
20876 2817
20877 62248
20878 58145
20879 27424
20880 27401
20881 49920
20882 54048
20883 58216
20884 25440
20885 56097
20886 19217
20887 58209
20888 49952
20889 60256
20890 52001
20891 52000
20892 27392
20893 60193
20894 52001
20895 49952
20896 19240
20897 49952
20898 56097
20899 60193
20900 49976
20901 27425
20902 59168
20903 25377
20904 62241
20905 20264
20906 58145
20907 27432
20908 49504
20909 25376
20910 60193
20911 25376
20912 61217
20913 17193
20914 54049
20915 49929
20916 58208
20917 19233
20918 19208
20919 54049
20920 17256
20921 25344
20922 65313
20923 54056
20924 19217
20925 27489
20926 54048
20927 25472
20928 28449
20929 54048
20930 55072
20931 19256
20932 27432
20933 25376
20934 49960
20935 58145
20936 58145
20937 26408
20938 27425
20939 58145
20940 58112
20941 49976
20942 58144
20943 49920
20944 19240
20945 50976
20946 49952
20947 19216
20948 19296
20949 37665
20950 49952
20951 52001
20952 59177
20953 27408
20954 49960
20955 49952
20956 25377
20957 49961
20958 27425
20959 27153
20960 49953
20961 58113
20962 58144
20963 19233
20964 19240
20965 58120
20966 52001
20967 56072
20968 54049
20969 53024
20970 19232
20971 56088
20972 56120
20973 52000
20974 17152
20975 54049
20976 19241
20977 63272
20978 27488
20979 54056
20980 25377
20981 58145
20982 58144
20983 19232
20984 49960
20985 55088
20986 62240
20987 27401
20988 49952
20989 56097
20990 27393
20991 25377
20992 51985
20993 27425
20994 54049
20995 54056
20996 49960
20997 19232
20998 60192
20999 49952
21000 19232
21001 19201
21002 17185
21003 52001
21004 49953
21005 59168
21006 49920
21007 54048
21008 50984
21009 54056
21010 58144
21011 51992
21012 54072
21013 58144
21014 27392
21015 26409
21016 49960
21017 17152
21018 64288
21019 19233
21020 54016
21021 19233
21022 49953
21023 60192
21024 49952
21025 56097
21026 19232
21027 52009
21028 54041
21029 51992
21030 27424
21031 62241
21032 62248
21033 49952
21034 51976
21035 54049
21036 58113
21037 54048
21038 28457
21039 25377
21040 55080
21041 58144
21042 19232
21043 26400
21044 19233
21045 25377
21046 60256
21047 50976
21048 58112
21049 49960
21050 27425
21051 19233
21052 53025
21053 54057
21054 55073
21055 19233
21056 27424
21057 62241
21058 27424
21059 17185
21060 58152
21061 27425
21062 49921
21063 54048
21064 51976
21065 55073
21066 54049
21067 52001
21068 63265
21069 58145
21070 54049
21071 56097
21072 52065
21073 49960
21074 59232
21075 55825
21076 18961
21077 25345
21078 59168
21079 61216
21080 19200
21081 58112
21082 58145
21083 19232
21084 49960
21085 25377
21086 60320
21087 19200
21088 25376
21089 19200
21090 28448
21091 27424
21092 58145
21093 27424
21094 61217
21095 23329
21096 49953
21097 54049
21098 19233
21099 54048
21100 58153
21101 49953
21102 59168
21103 19297
21104 60201
21105 58144
21106 51976
21107 27433
21108 49953
21109 27392
21110 25377
21111 19201
21112 58144
21113 19233
21114 54049
21115 25377
21116 27424
21117 27432
21118 49969
21119 54057
21120 26409
21121 49960
21122 54056
21123 19201
21124 27424
21125 25376
21126 55072
21127 52000
21128 19200
21129 54048
21130 27424
21131 54024
21132 53033
21133 20256
21134 19240
21135 60192
21136 58144
21137 27392
21138 18961
21139 55080
21140 58144
21141 17152
21142 58144
21143 54121
21144 25345
21145 51977
21146 54057
21147 60192
21148 54072
21149 54064
21150 55080
21151 25377
21152 52008
21153 60193
21154 27392
21155 23337
21156 58208
21157 62248
21158 25440
21159 49953
21160 58145
21161 54040
21162 52001
21163 62241
21164 19305
21165 58145
21166 17189
21167 19236
21168 52001
21169 27424
21170 62241
21171 49953
21172 49961
21173 55073
21174 27401
21175 58144
21176 27425
21177 58144
21178 58144
21179 54072
21180 55081
21181 26400
21182 52065
21183 49952
21184 60201
21185 17169
21186 60161
21187 58145
21188 60160
21189 54048
21190 27520
21191 52000
21192 63264
21193 19200
21194 59177
21195 56096
21196 56097
21197 60200
21198 56104
21199 54049
21200 54072
21201 25377
21202 55072
21203 62241
21204 59177
21205 53024
21206 23336
21207 49952
21208 58145
21209 17153
21210 56096
21211 53025
21212 49952
21213 54056
21214 52000
21215 52009
21216 54049
21217 27425
21218 59177
21219 29473
21220 49953
21221 58144
21222 25384
21223 54048
21224 28512
21225 27393
21226 25408
21227 52000
21228 58144
21229 17184
21230 53032
21231 19241
21232 19200
21233 19224
21234 25376
21235 58144
21236 52000
21237 25353
21238 59168
21239 55073
21240 54056
21241 19241
21242 49952
21243 19232
21244 60193
21245 51969
21246 54048
21247 49952
21248 49952
21249 27153
21250 57121
21251 58145
21252 58145
21253 49953
21254 25377
21255 19233
21256 52008
21257 35617
21258 61217
21259 55081
21260 58145
21261 54057
21262 27521
21263 54056
21264 56097
21265 21288
21266 55137
21267 55649
21268 8992
21269 17184
21270 62248
21271 17184
21272 19240
21273 49952
21274 63265
21275 27393
21276 50024
21277 25377
21278 20257
21279 17176
21280 25376
21281 49952
21282 17192
21283 55072
21284 25376
21285 55072
21286 27432
21287 25377
21288 58120
21289 27496
21290 63265
21291 17168
21292 19233
21293 17184
21294 49968
21295 58144
21296 61216
21297 58216
21298 25376
21299 54048
21300 18945
21301 54120
21302 25440
21303 54049
21304 27425
21305 56105
21306 18961
21307 58144
21308 58113
21309 58145
21310 54049
21311 25504
21312 54049
21313 49921
21314 56096
21315 59176
21316 26401
21317 49961
21318 28449
21319 61217
21320 55073
21321 55072
21322 19232
21323 28456
21324 26401
21325 54048
21326 49920
21327 55073
21328 52000
21329 54049
21330 25345
21331 27425
21332 54057
21333 19233
21334 58120
21335 63265
21336 51992
21337 27432
21338 54057
21339 27392
21340 49953
21341 17192
21342 61281
21343 25377
21344 54049
21345 60193
21346 11041
21347 57128
21348 59177
21349 26401
21350 62241
21351 54048
21352 27424
21353 19200
21354 27393
21355 52008
21356 27392
21357 52009
21358 54052
21359 54048
21360 49952
21361 54048
21362 58144
21363 54048
21364 19232
21365 57121
21366 58144
21367 49952
21368 49952
21369 17152
21370 19233
21371 55072
21372 54048
21373 52001
21374 25376
21375 49960
21376 49960
21377 54057
21378 19201
21379 50976
21380 58145
21381 50976
21382 58144
21383 52017
21384 58213
21385 58144
21386 49952
21387 63265
21388 27424
21389 54057
21390 17185
21391 55080
21392 58144
21393 54048
21394 51969
21395 25376
21396 25345
21397 56097
21398 25377
21399 52001
21400 11049
21401 57129
21402 19209
21403 27281
21404 54056
21405 49952
21406 25377
21407 52001
21408 54049
21409 17185
21410 52001
21411 54056
21412 54049
21413 62240
21414 25345
21415 58152
21416 53025
21417 51969
21418 17185
21419 25344
21420 51745
21421 61217
21422 58209
21423 60161
21424 18209
21425 55081
21426 49953
21427 8992
21428 19233
21429 26400
21430 54064
21431 27392
21432 19232
21433 63273
21434 49928
21435 19232
21436 49960
21437 49952
21438 58208
21439 19200
21440 59168
21441 52000
21442 49952
21443 35617
21444 17176
21445 62241
21446 27424
21447 20257
21448 54049
21449 49697
21450 58145
21451 60193
21452 19232
21453 60192
21454 49952
21455 54049
21456 58144
21457 25344
21458 54048
21459 58152
21460 54057
21461 49953
21462 56073
21463 54056
21464 52001
21465 49929
21466 55081
21467 58153
21468 54057
21469 52001
21470 27392
21471 52001
21472 27425
21473 59168
21474 25449
21475 21289
21476 63265
21477 55073
21478 49928
21479 17192
21480 52009
21481 58113
21482 63273
21483 52000
21484 49952
21485 27393
21486 17193
21487 62240
21488 49960
21489 27393
21490 19328
21491 54048
21492 61216
21493 49960
21494 17192
21495 52001
21496 58145
21497 60193
21498 60201
21499 60161
21500 17184
21501 49952
21502 27433
21503 50985
21504 58145
21505 19233
21506 20233
21507 58144
21508 60193
21509 58112
21510 54048
21511 17185
21512 61216
21513 27424
21514 54048
21515 58144
21516 19232
21517 27425
21518 58144
21519 63272
21520 56096
21521 27433
21522 54049
21523 58144
21524 27425
21525 54048
21526 62240
21527 54049
21528 56096
21529 56105
21530 19201
21531 19089
21532 52000
21533 49953
21534 19240
21535 49960
21536 52008
21537 27520
21538 19232
21539 54049
21540 18945
21541 64257
21542 58145
21543 49952
21544 25377
21545 54049
21546 52000
21547 49920
21548 53793
21549 63329
21550 49960
21551 54049
21552 49960
21553 27400
21554 54049
21555 49952
21556 60160
21557 49956
21558 25377
21559 28449
21560 60161
21561 49952
21562 25376
21563 54056
21564 27393
21565 19241
21566 58145
21567 17153
21568 17193
21569 52001
21570 58145
21571 64289
21572 58208
21573 17256
21574 49960
21575 53792
21576 52000
21577 19233
21578 54048
21579 62241
21580 52000
21581 52000
21582 49952
21583 59169
21584 19200
21585 58144
21586 52000
21587 17160
21588 17192
21589 27496
21590 53793
21591 62248
21592 27424
21593 19209
21594 19232
21595 27425
21596 56096
21597 65312
21598 49960
21599 27393
21600 58208
21601 18977
21602 27401
21603 56096
21604 54057
21605 49952
21606 63265
21607 62240
21608 53600
21609 63337
21610 62248
21611 20257
21612 62241
21613 28417
21614 18217
21615 58144
21616 57121
21617 63272
21618 17185
21619 60161
21620 25377
21621 19233
21622 19240
21623 17185
21624 51488
21625 25344
21626 60161
21627 55072
21628 59168
21629 49952
21630 55073
21631 54056
21632 27425
21633 19200
21634 49960
21635 64289
21636 17161
21637 27392
21638 54016
21639 52001
21640 49952
21641 51968
21642 19200
21643 27457
21644 60161
21645 58112
21646 19200
21647 25385
21648 27489
21649 49960
21650 55073
21651 49953
21652 49960
21653 58145
21654 25377
21655 51969
21656 27393
21657 55073
21658 55081
21659 27424
21660 49961
21661 57121
21662 25440
21663 60193
21664 27393
21665 19201
21666 60264
21667 37665
21668 58272
21669 54049
21670 58145
21671 54057
21672 58145
21673 52000
21674 54049
21675 28448
21676 62241
21677 2848
21678 58208
21679 52009
21680 58145
21681 49953
21682 19232
21683 56097
21684 25384
21685 55072
21686 49968
21687 55072
21688 27424
21689 17185
21690 61216
21691 27393
21692 49920
21693 49936
21694 19217
21695 40737
21696 19240
21697 17184
21698 25344
21699 56097
21700 19240
21701 19232
21702 17184
21703 19233
21704 49953
21705 27425
21706 62248
21707 17153
21708 56064
21709 60192
21710 59168
21711 58152
21712 62241
21713 59169
21714 58112
21715 17185
21716 17152
21717 27424
21718 17185
21719 25384
21720 54056
21721 19232
21722 60192
21723 60192
21724 62248
21725 60168
21726 55072
21727 52001
21728 17176
21729 27488
21730 19208
21731 50016
21732 25344
21733 49928
21734 17296
21735 58144
21736 27489
21737 19200
21738 19232
21739 17185
21740 27425
21741 59177
21742 56088
21743 58145
21744 52008
21745 49921
21746 27393
21747 54049
21748 55073
21749 27424
21750 27424
21751 25345
21752 60192
21753 26400
21754 27425
21755 17184
21756 25385
21757 19209
21758 49936
21759 27393
21760 62248
21761 23337
21762 25377
21763 49976
21764 49953
21765 58144
21766 20257
21767 49921
21768 54049
21769 57121
21770 58113
21771 49953
21772 56105
21773 28513
21774 19241
21775 59168
21776 19233
21777 52009
21778 25377
21779 27424
21780 58145
21781 55081
21782 27425
21783 52001
21784 51993
21785 58208
21786 60193
21787 60161
21788 25377
21789 27456
21790 19232
21791 52008
21792 25344
21793 58144
21794 25441
21795 54057
21796 58145
21797 49920
21798 60192
21799 50977
21800 52001
21801 25344
21802 52001
21803 25377
21804 25384
21805 62248
21806 25384
21807 49952
21808 49952
21809 25376
21810 17160
21811 58208
21812 58144
21813 59232
21814 63265
21815 17152
21816 17184
21817 58208
21818 49953
21819 58144
21820 19233
21821 54049
21822 49952
21823 19201
21824 27393
21825 17160
21826 28456
21827 27400
21828 54057
21829 49921
21830 58144
21831 49952
21832 54112
21833 17184
21834 49953
21835 29473
21836 25377
21837 56097
21838 56160
21839 54048
21840 56097
21841 54072
21842 53793
21843 58145
21844 58216
21845 60168
21846 49952
21847 54048
21848 49952
21849 49953
21850 58145
21851 58112
21852 54056
21853 62240
21854 56104
21855 49969
21856 65313
21857 52000
21858 21281
21859 55072
21860 55856
21861 49961
21862 28513
21863 17184
21864 17168
21865 58145
21866 62240
21867 59169
21868 62240
21869 25440
21870 49936
21871 58144
21872 54073
21873 25385
21874 52000
21875 54048
21876 49953
21877 58144
21878 60192
21879 54032
21880 63265
21881 60193
21882 55072
21883 52000
21884 58113
21885 27424
21886 49936
21887 54056
21888 49953
21889 54057
21890 62240
21891 59233
21892 19232
21893 21281
21894 19232
21895 49952
21896 27425
21897 55073
21898 52000
21899 54048
21900 54040
21901 52001
21902 19232
21903 54049
21904 25344
21905 49953
21906 49920
21907 54049
21908 61216
21909 49968
21910 17185
21911 54048
21912 27393
21913 49929
21914 60192
21915 19240
21916 60256
21917 63328
21918 25376
21919 49953
21920 59169
21921 51553
21922 58112
21923 58121
21924 58216
21925 56065
21926 58144
21927 59136
21928 52000
21929 57121
21930 27393
21931 27424
21932 54016
21933 25376
21934 19200
21935 19208
21936 54049
21937 25344
21938 17185
21939 54120
21940 61217
21941 49952
21942 55073
21943 19232
21944 52000
21945 58209
21946 49929
21947 49961
21948 64289
21949 25376
21950 19233
21951 60193
21952 25376
21953 49921
21954 62208
21955 54056
21956 54049
21957 58145
21958 57121
21959 60193
21960 58121
21961 54049
21962 50977
21963 56097
21964 49920
21965 58144
21966 27393
21967 27392
21968 56120
21969 58145
21970 58120
21971 54048
21972 19233
21973 58144
21974 17152
21975 27544
21976 56096
21977 27409
21978 19209
21979 25440
21980 25376
21981 57121
21982 27425
21983 2849
21984 27464
21985 54056
21986 29440
21987 60200
21988 25449
21989 49952
21990 55073
21991 63265
21992 55096
21993 19233
21994 52064
21995 25377
21996 19217
21997 58144
21998 54024
21999 49929
22000 55073
22001 52008
22002 58145
22003 27425
22004 17185
22005 63329
22006 19208
22007 18977
22008 59176
22009 17152
22010 25344
22011 21281
22012 49960
22013 55072
22014 57128
22015 27424
22016 27393
22017 49968
22018 49960
22019 19232
22020 49944
22021 60193
22022 25384
22023 27400
22024 27400
22025 17185
22026 49968
22027 25377
22028 49953
22029 65313
22030 27496
22031 19233
22032 17160
22033 60193
22034 8993
22035 55080
22036 52001
22037 27392
22038 50984
22039 17152
22040 25352
22041 27488
22042 60193
22043 54048
22044 25385
22045 49809
22046 58144
22047 54049
22048 28448
22049 60192
22050 19297
22051 27393
22052 58208
22053 52016
22054 49953
22055 808
22056 49960
22057 64289
22058 17152
22059 52001
22060 58145
22061 25377
22062 52000
22063 57121
22064 27424
22065 52001
22066 49953
22067 55080
22068 62248
22069 49921
22070 49952
22071 50976
22072 60200
22073 49952
22074 53025
22075 25377
22076 54056
22077 62240
22078 49953
22079 19241
22080 54112
22081 58112
22082 58208
22083 49952
22084 52001
22085 17185
22086 52000
22087 54048
22088 60193
22089 58144
22090 60161
22091 19241
22092 54048
22093 58145
22094 49952
22095 58145
22096 60161
22097 19233
22098 17185
22099 21281
22100 27393
22101 26401
22102 55073
22103 59176
22104 52000
22105 52008
22106 19216
22107 58144
22108 19240
22109 49952
22110 19328
22111 29440
22112 19233
22113 59168
22114 25376
22115 49921
22116 19232
22117 60193
22118 22313
22119 27456
22120 54056
22121 19232
22122 25384
22123 54025
22124 58152
22125 58144
22126 58112
22127 58240
22128 19240
22129 17153
22130 25376
22131 54048
22132 25105
22133 58208
22134 52017
22135 53793
22136 54048
22137 18945
22138 800
22139 27496
22140 27433
22141 55081
22142 49960
22143 27520
22144 25504
22145 52001
22146 19240
22147 27425
22148 22305
22149 54112
22150 28449
22151 54048
22152 18961
22153 27425
22154 53777
22155 25344
22156 19233
22157 54048
22158 62304
22159 54032
22160 19233
22161 25344
22162 49920
22163 52000
22164 58145
22165 49920
22166 54057
22167 53032
22168 58144
22169 58153
22170 49952
22171 54056
22172 58208
22173 58144
22174 54049
22175 25361
22176 58144
22177 56097
22178 17184
22179 27424
22180 55080
22181 25376
22182 19233
22183 19200
22184 49944
22185 25377
22186 58145
22187 2849
22188 49953
22189 19241
22190 63265
22191 54064
22192 49960
22193 27392
22194 49968
22195 58144
22196 19233
22197 25377
22198 27393
22199 49952
22200 19232
22201 55073
22202 49920
22203 27425
22204 55073
22205 58144
22206 49953
22207 27433
22208 26400
22209 19232
22210 56073
22211 58112
22212 25384
22213 49952
22214 27392
22215 37665
22216 58112
22217 19241
22218 55072
22219 27425
22220 25377
22221 19232
22222 52000
22223 52000
22224 18945
22225 17152
22226 50984
22227 17184
22228 54048
22229 58144
22230 27425
22231 19240
22232 58144
22233 49953
22234 27425
22235 17193
22236 62240
22237 54048
22238 54057
22239 51968
22240 27432
22241 56097
22242 26401
22243 60193
22244 17184
22245 58144
22246 49952
22247 52000
22248 58152
22249 49952
22250 52000
22251 54056
22252 27424
22253 49952
22254 54049
22255 63265
22256 60160
22257 52000
22258 55072
22259 21280
22260 49952
22261 27393
22262 51041
22263 17248
22264 20257
22265 25377
22266 54048
22267 27393
22268 62240
22269 27425
22270 49952
22271 52001
22272 52001
22273 49952
22274 58144
22275 57120
22276 25377
22277 19232
22278 27392
22279 51976
22280 49960
22281 54057
22282 17152
22283 56097
22284 52064
22285 27425
22286 54056
22287 58144
22288 54073
22289 28449
22290 27425
22291 19240
22292 49961
22293 19232
22294 60200
22295 59168
22296 49952
22297 28513
22298 55072
22299 27424
22300 22313
22301 19224
22302 50977
22303 54057
22304 17184
22305 55073
22306 27392
22307 58208
22308 49960
22309 56105
22310 59169
22311 49937
22312 17192
22313 27401
22314 58160
22315 27392
22316 55072
22317 25376
22318 58144
22319 60256
22320 52001
22321 19208
22322 19208
22323 56104
22324 49961
22325 17152
22326 27424
22327 49920
22328 49952
22329 25449
22330 49952
22331 58145
22332 58112
22333 51969
22334 49953
22335 27425
22336 19241
22337 64257
22338 19232
22339 27400
22340 56089
22341 58144
22342 49953
22343 54049
22344 54049
22345 60256
22346 25441
22347 54049
22348 19208
22349 51984
22350 51984
22351 17185
22352 27425
22353 27425
22354 49952
22355 25352
22356 25377
22357 62241
22358 19201
22359 27400
22360 52000
22361 58152
22362 58136
22363 58152
22364 54025
22365 60168
22366 54049
22367 19305
22368 60200
22369 54056
22370 49953
22371 54056
22372 19201
22373 54016
22374 58217
22375 60161
22376 19328
22377 58128
22378 25345
22379 54064
22380 55088
22381 60193
22382 62209
22383 19233
22384 19233
22385 49953
22386 19200
22387 63328
22388 49952
22389 17185
22390 54049
22391 58145
22392 56089
22393 58144
22394 2856
22395 64288
22396 25344
22397 27464
22398 60192
22399 17200
22400 54048
22401 25384
22402 49952
22403 59169
22404 52008
22405 49953
22406 49952
22407 49960
22408 60257
22409 62240
22410 54048
22411 17185
22412 49960
22413 52001
22414 54048
22415 63328
22416 17168
22417 49952
22418 25384
22419 54049
22420 53032
22421 27432
22422 49960
22423 49952
22424 27400
22425 54057
22426 50977
22427 27425
22428 17152
22429 52008
22430 27424
22431 19233
22432 60200
22433 56096
22434 25376
22435 49952
22436 58216
22437 49920
22438 25440
22439 58153
22440 60193
22441 49937
22442 49952
22443 27424
22444 49921
22445 54048
22446 53793
22447 58145
22448 49681
22449 54049
22450 58144
22451 19233
22452 25384
22453 27425
22454 63265
22455 54049
22456 63265
22457 19200
22458 19241
22459 54040
22460 49928
22461 58144
22462 51744
22463 19241
22464 17152
22465 54048
22466 27400
22467 19233
22468 59168
22469 55096
22470 58208
22471 49960
22472 54025
22473 56096
22474 25377
22475 55073
22476 62240
22477 49697
22478 58272
22479 56097
22480 25376
22481 62240
22482 27392
22483 60192
22484 55073
22485 56096
22486 50977
22487 37665
22488 49960
22489 58112
22490 6945
22491 25345
22492 54048
22493 58144
22494 19233
22495 58144
22496 27425
22497 59169
22498 58144
22499 51969
22500 52008
22501 58144
22502 19233
22503 49928
22504 58145
22505 49952
22506 58144
22507 50977
22508 54048
22509 52000
22510 49960
22511 49952
22512 57121
22513 58112
22514 58144
22515 49953
22516 58216
22517 62304
22518 58112
22519 19233
22520 58145
22521 52001
22522 58112
22523 57121
22524 17192
22525 54048
22526 54065
22527 27392
22528 49960
22529 54056
22530 55073
22531 54057
22532 52001
22533 59177
22534 27393
22535 27433
22536 59169
22537 58144
22538 51976
22539 17192
22540 58112
22541 52001
22542 28448
22543 56120
22544 58144
22545 52001
22546 59169
22547 27424
22548 62305
22549 21280
22550 57129
22551 19232
22552 58144
22553 25440
22554 49952
22555 25376
22556 25360
22557 49952
22558 27425
22559 27432
22560 49952
22561 27393
22562 54040
22563 60193
22564 17184
22565 58120
22566 54049
22567 50977
22568 59169
22569 27425
22570 60256
22571 25345
22572 62241
22573 49952
22574 49960
22575 58120
22576 53032
22577 49936
22578 27425
22579 54057
22580 52000
22581 51728
22582 19201
22583 19233
22584 54048
22585 54056
22586 49921
22587 26465
22588 49952
22589 19232
22590 49953
22591 27393
22592 17185
22593 54048
22594 19352
22595 58144
22596 54048
22597 58144
22598 50984
22599 61281
22600 49952
22601 54049
22602 51984
22603 54049
22604 27401
22605 58144
22606 27401
22607 25368
22608 26409
22609 54061
22610 56104
22611 52001
22612 27425
22613 25345
22614 49953
22615 27425
22616 54073
22617 11040
22618 51968
22619 17184
22620 52001
22621 55072
22622 58144
22623 57129
22624 54056
22625 27401
22626 27425
22627 52000
22628 27264
22629 58144
22630 19240
22631 49952
22632 57121
22633 52000
22634 17185
22635 49960
22636 19232
22637 62312
22638 63264
22639 49921
22640 55073
22641 58144
22642 25344
22643 58120
22644 58145
22645 54025
22646 58144
22647 54113
22648 25384
22649 19233
22650 60200
22651 54048
22652 54049
22653 49953
22654 27425
22655 56105
22656 19208
22657 54057
22658 49952
22659 58272
22660 54064
22661 54057
22662 54049
22663 49920
22664 53025
22665 49953
22666 62240
22667 49968
22668 25377
22669 60193
22670 55072
22671 26369
22672 55080
22673 19201
22674 58153
22675 19224
22676 17160
22677 58144
22678 27393
22679 54048
22680 19201
22681 59168
22682 54049
22683 58145
22684 28457
22685 27392
22686 49960
22687 49952
22688 56160
22689 17185
22690 58213
22691 19233
22692 54048
22693 55144
22694 49953
22695 17152
22696 58272
22697 25344
22698 27400
22699 52008
22700 19200
22701 49952
22702 60192
22703 58153
22704 51984
22705 53537
22706 58145
22707 58240
22708 58152
22709 28449
22710 54048
22711 59169
22712 49953
22713 25377
22714 54048
22715 59176
22716 49952
22717 60193
22718 49944
22719 25376
22720 54113
22721 52001
22722 27392
22723 54072
22724 58145
22725 49952
22726 58112
22727 27424
22728 17184
22729 17168
22730 27425
22731 49953
22732 19233
22733 17160
22734 52001
22735 25352
22736 27392
22737 17152
22738 23337
22739 49953
22740 60192
22741 54048
22742 58153
22743 17184
22744 53793
22745 60193
22746 49952
22747 58120
22748 49960
22749 65313
22750 54056
22751 54056
22752 49952
22753 49953
22754 54056
22755 27432
22756 54057
22757 60200
22758 60193
22759 59168
22760 58152
22761 49944
22762 25376
22763 18209
22764 58208
22765 52000
22766 58136
22767 60161
22768 61217
22769 25441
22770 54049
22771 17185
22772 60160
22773 49961
22774 49953
22775 63273
22776 60193
22777 49952
22778 19241
22779 49968
22780 63265
22781 49960
22782 54073
22783 25376
22784 52000
22785 19240
22786 19200
22787 19209
22788 60192
22789 19233
22790 52000
22791 54048
22792 54056
22793 60192
22794 51728
22795 27424
22796 58152
22797 54056
22798 52072
22799 52000
22800 49952
22801 58145
22802 58145
22803 57121
22804 58113
22805 54049
22806 54112
22807 27488
22808 19233
22809 19209
22810 62240
22811 56105
22812 54057
22813 18945
22814 52001
22815 27425
22816 27393
22817 55072
22818 52009
22819 58280
22820 49952
22821 54040
22822 49952
22823 17184
22824 27400
22825 64288
22826 62241
22827 58144
22828 25377
22829 58145
22830 19240
22831 27393
22832 60192
22833 50984
22834 25408
22835 49952
22836 50017
22837 49952
22838 58112
22839 27488
22840 54049
22841 52000
22842 49960
22843 25376
22844 52072
22845 62240
22846 62241
22847 49953
22848 52001
22849 56104
22850 59232
22851 35617
22852 51985
22853 57121
22854 49952
22855 49952
22856 28449
22857 58144
22858 54048
22859 19240
22860 58209
22861 27424
22862 58144
22863 51969
22864 49952
22865 54056
22866 58144
22867 27392
22868 49952
22869 19233
22870 25376
22871 19217
22872 54056
22873 19233
22874 49952
22875 25376
22876 63265
22877 58144
22878 28449
22879 53025
22880 49952
22881 49960
22882 54049
22883 62240
22884 62240
22885 19200
22886 58152
22887 52008
22888 28449
22889 19200
22890 58144
22891 54064
22892 57889
22893 49952
22894 53808
22895 35617
22896 63265
22897 56105
22898 27392
22899 49953
22900 54056
22901 63265
22902 25385
22903 54048
22904 27424
22905 52001
22906 56105
22907 51969
22908 58144
22909 55073
22910 25344
22911 28449
22912 8992
22913 49936
22914 19201
22915 27425
22916 25376
22917 49929
22918 53033
22919 27393
22920 25376
22921 55081
22922 25376
22923 50976
22924 27488
22925 19208
22926 26401
22927 50976
22928 56088
22929 61280
22930 50985
22931 52000
22932 27425
22933 17184
22934 52008
22935 19201
22936 58120
22937 64289
22938 19201
22939 27521
22940 17152
22941 25376
22942 22305
22943 54049
22944 49953
22945 54048
22946 49952
22947 58209
22948 52009
22949 25377
22950 49937
22951 63265
22952 62241
22953 27432
22954 27424
22955 52001
22956 49952
22957 19233
22958 49960
22959 49945
22960 51968
22961 19233
22962 56168
22963 25376
22964 49953
22965 54065
22966 52000
22967 51969
22968 52000
22969 59168
22970 49952
22971 60193
22972 49952
22973 52017
22974 62241
22975 27489
22976 27425
22977 59168
22978 54065
22979 60193
22980 58152
22981 27392
22982 54056
22983 56089
22984 49921
22985 65313
22986 58144
22987 39713
22988 17208
22989 49953
22990 62241
22991 49952
22992 58145
22993 49952
22994 51969
22995 58145
22996 19201
22997 27425
22998 57121
22999 19232
23000 19240
23001 54048
23002 60193
23003 58113
23004 55081
23005 54048
23006 49928
23007 25441
23008 54048
23009 25441
23010 58144
23011 27433
23012 58208
23013 54057
23014 49961
23015 61225
23016 55072
23017 61216
23018 18208
23019 25344
23020 54072
23021 50976
23022 25473
23023 19232
23024 17184
23025 27424
23026 54049
23027 49952
23028 49968
23029 54040
23030 55080
23031 49953
23032 49952
23033 17185
23034 60200
23035 25377
23036 54049
23037 54049
23038 26401
23039 49953
23040 54053
23041 19233
23042 26464
23043 57128
23044 60256
23045 19208
23046 25376
23047 49952
23048 54049
23049 58145
23050 52009
23051 27425
23052 52000
23053 58112
23054 53793
23055 49961
23056 27425
23057 19232
23058 49921
23059 51969
23060 50977
23061 27432
23062 49960
23063 49953
23064 58145
23065 17184
23066 25448
23067 25352
23068 27392
23069 20257
23070 60193
23071 52001
23072 62240
23073 49960
23074 19232
23075 58144
23076 23328
23077 56097
23078 25384
23079 49953
23080 56065
23081 54056
23082 56096
23083 62241
23084 49953
23085 51984
23086 27392
23087 60256
23088 17184
23089 49921
23090 58113
23091 60192
23092 54056
23093 54120
23094 54064
23095 49977
23096 27425
23097 27424
23098 17184
23099 49952
23100 54048
23101 56073
23102 19201
23103 17160
23104 59169
23105 49960
23106 56096
23107 19208
23108 49960
23109 27424
23110 60160
23111 25368
23112 52001
23113 49952
23114 54049
23115 25376
23116 39713
23117 27464
23118 18216
23119 27425
23120 49953
23121 19240
23122 19201
23123 59168
23124 58208
23125 26465
23126 27489
23127 28449
23128 52000
23129 17185
23130 59169
23131 17184
23132 54048
23133 56160
23134 54048
23135 25345
23136 54024
23137 62240
23138 49953
23139 27425
23140 49960
23141 58144
23142 50977
23143 17192
23144 49952
23145 58144
23146 58208
23147 20257
23148 61217
23149 19233
23150 54048
23151 54049
23152 20257
23153 49953
23154 25376
23155 53600
23156 49961
23157 55080
23158 19232
23159 60256
23160 27425
23161 28513
23162 49952
23163 53025
23164 19200
23165 49952
23166 60160
23167 25344
23168 52064
23169 18944
23170 60200
23171 58145
23172 60168
23173 19200
23174 19217
23175 52008
23176 54049
23177 58144
23178 52001
23179 49968
23180 54048
23181 54048
23182 27425
23183 49952
23184 27424
23185 49936
23186 2849
23187 60192
23188 20257
23189 55080
23190 25377
23191 54065
23192 63265
23193 19225
23194 56105
23195 62312
23196 54064
23197 49953
23198 54049
23199 49960
23200 54064
23201 17185
23202 19241
23203 28456
23204 55072
23205 49969
23206 25345
23207 54056
23208 54048
23209 54048
23210 52000
23211 49936
23212 52001
23213 53025
23214 25344
23215 27400
23216 28424
23217 58113
23218 27425
23219 55073
23220 20225
23221 19232
23222 27424
23223 57121
23224 51993
23225 17184
23226 49960
23227 19240
23228 58144
23229 17152
23230 58144
23231 58144
23232 58112
23233 25376
23234 27433
23235 54056
23236 51976
23237 25377
23238 58144
23239 51969
23240 25376
23241 52008
23242 54064
23243 54048
23244 57121
23245 63265
23246 53033
23247 19241
23248 22305
23249 17184
23250 54048
23251 49976
23252 27425
23253 60192
23254 49960
23255 49921
23256 19240
23257 54072
23258 50976
23259 18209
23260 53025
23261 54048
23262 53024
23263 59233
23264 17184
23265 49961
23266 19240
23267 54056
23268 49961
23269 18209
23270 59169
23271 54048
23272 49976
23273 60257
23274 63265
23275 53545
23276 62240
23277 49952
23278 58112
23279 58144
23280 55080
23281 25377
23282 52000
23283 54017
23284 50977
23285 17184
23286 19240
23287 49944
23288 49952
23289 60192
23290 54048
23291 54049
23292 60192
23293 56096
23294 58144
23295 18977
23296 17184
23297 17176
23298 62304
23299 49952
23300 52000
23301 17184
23302 52001
23303 17169
23304 62240
23305 19232
23306 17152
23307 52000
23308 53033
23309 49953
23310 52009
23311 51992
23312 17185
23313 62240
23314 25449
23315 52001
23316 49952
23317 55073
23318 52000
23319 49953
23320 53025
23321 27393
23322 54056
23323 54032
23324 50016
23325 19232
23326 27400
23327 49953
23328 49953
23329 62240
23330 19233
23331 54048
23332 52000
23333 19233
23334 59169
23335 52009
23336 27433
23337 62240
23338 19208
23339 55080
23340 27432
23341 49920
23342 54049
23343 27393
23344 51977
23345 49936
23346 54113
23347 49952
23348 52001
23349 55080
23350 64289
23351 49929
23352 62240
23353 25353
23354 59240
23355 52001
23356 61225
23357 49953
23358 57129
23359 56105
23360 58144
23361 54049
23362 52000
23363 54056
23364 19200
23365 54049
23366 51041
23367 27392
23368 18961
23369 19200
23370 50977
23371 17184
23372 58208
23373 59177
23374 49696
23375 25344
23376 60160
23377 55072
23378 54056
23379 49961
23380 19200
23381 17152
23382 61225
23383 27496
23384 51968
23385 27424
23386 59169
23387 54041
23388 58145
23389 19233
23390 51969
23391 11049
23392 58144
23393 54056
23394 19225
23395 54049
23396 58153
23397 53761
23398 59169
23399 17184
23400 25377
23401 49960
23402 63273
23403 61225
23404 59169
23405 27496
23406 52008
23407 58144
23408 58112
23409 54048
23410 25376
23411 58144
23412 19201
23413 58152
23414 54057
23415 19200
23416 11048
23417 54049
23418 52001
23419 52008
23420 60169
23421 25384
23422 25376
23423 58152
23424 17192
23425 52000
23426 51993
23427 49952
23428 19232
23429 62304
23430 18960
23431 22305
23432 52064
23433 58152
23434 26401
23435 55072
23436 58112
23437 52009
23438 27416
23439 54048
23440 49952
23441 58153
23442 57121
23443 49920
23444 25376
23445 52001
23446 49921
23447 49952
23448 52008
23449 51000
23450 57121
23451 27392
23452 27489
23453 54056
23454 51968
23455 25448
23456 54056
23457 49920
23458 17192
23459 60160
23460 49921
23461 54817
23462 49952
23463 61216
23464 58273
23465 50024
23466 64288
23467 58144
23468 25345
23469 54048
23470 52000
23471 50976
23472 27424
23473 56097
23474 19200
23475 51976
23476 28512
23477 49953
23478 17184
23479 27392
23480 60192
23481 54113
23482 53813
23483 55081
23484 19232
23485 27433
23486 54057
23487 58144
23488 59177
23489 27432
23490 58208
23491 17184
23492 57128
23493 19201
23494 49960
23495 49952
23496 63264
23497 49953
23498 49921
23499 58145
23500 49953
23501 19208
23502 27424
23503 62241
23504 58209
23505 54049
23506 52000
23507 25377
23508 62240
23509 27425
23510 25376
23511 58152
23512 57121
23513 19209
23514 19200
23515 27424
23516 25344
23517 60256
23518 58144
23519 28449
23520 51969
23521 25345
23522 52001
23523 19232
23524 62248
23525 54048
23526 17152
23527 19232
23528 18961
23529 54056
23530 53600
23531 54049
23532 49952
23533 27393
23534 25344
23535 17184
23536 54048
23537 56105
23538 25473
23539 57128
23540 17176
23541 27400
23542 27392
23543 58145
23544 27424
23545 28449
23546 54048
23547 54112
23548 19233
23549 56096
23550 11040
23551 28417
23552 52001
23553 58144
23554 60256
23555 25377
23556 58152
23557 25345
23558 19233
23559 49937
23560 28448
23561 55073
23562 59168
23563 57185
23564 52000
23565 60961
23566 49952
23567 59168
23568 56097
23569 62240
23570 17185
23571 52001
23572 54056
23573 17185
23574 50984
23575 25376
23576 49968
23577 60192
23578 51985
23579 63264
23580 60160
23581 54056
23582 19232
23583 49952
23584 54057
23585 55080
23586 58144
23587 52001
23588 55073
23589 50977
23590 58152
23591 55073
23592 17184
23593 27424
23594 19240
23595 58153
23596 53777
23597 58145
23598 25344
23599 58145
23600 27424
23601 52016
23602 55073
23603 52001
23604 25440
23605 53600
23606 17185
23607 54048
23608 58152
23609 56105
23610 58112
23611 54048
23612 27400
23613 49952
23614 60193
23615 25385
23616 50017
23617 49952
23618 59168
23619 49953
23620 6945
23621 19241
23622 58144
23623 27392
23624 49944
23625 58208
23626 53793
23627 64296
23628 17185
23629 58145
23630 58145
23631 54057
23632 25448
23633 27425
23634 17192
23635 62241
23636 62248
23637 27424
23638 19241
23639 62240
23640 54032
23641 55072
23642 54016
23643 52000
23644 25352
23645 52001
23646 52001
23647 17168
23648 27432
23649 55072
23650 25377
23651 52008
23652 19209
23653 50977
23654 64257
23655 25504
23656 25473
23657 51976
23658 19233
23659 19240
23660 26465
23661 60161
23662 25345
23663 26401
23664 27425
23665 25377
23666 17192
23667 58145
23668 17184
23669 49961
23670 55072
23671 52008
23672 50977
23673 49952
23674 58153
23675 25441
23676 58112
23677 19200
23678 58112
23679 17184
23680 49953
23681 58144
23682 26400
23683 50977
23684 55088
23685 52008
23686 58144
23687 60161
23688 56065
23689 55080
23690 19240
23691 63273
23692 59233
23693 49944
23694 19237
23695 17153
23696 27425
23697 52008
23698 54049
23699 19240
23700 54048
23701 17168
23702 37665
23703 50976
23704 54049
23705 27393
23706 54048
23707 59168
23708 62240
23709 54073
23710 49952
23711 60192
23712 62240
23713 19233
23714 58145
23715 58145
23716 59169
23717 25440
23718 49961
23719 49952
23720 63264
23721 54049
23722 49921
23723 27393
23724 49952
23725 59137
23726 19233
23727 49952
23728 19241
23729 19241
23730 49952
23731 52001
23732 49953
23733 61216
23734 49960
23735 25377
23736 62240
23737 27400
23738 25377
23739 49953
23740 25377
23741 60256
23742 54048
23743 58112
23744 58113
23745 27401
23746 49953
23747 55080
23748 25352
23749 49952
23750 53025
23751 58152
23752 52000
23753 25344
23754 27400
23755 19200
23756 25376
23757 27433
23758 54048
23759 58112
23760 19233
23761 51992
23762 58144
23763 27433
23764 49953
23765 27392
23766 58112
23767 58120
23768 54049
23769 63265
23770 17192
23771 19296
23772 54048
23773 19225
23774 55856
23775 59169
23776 62241
23777 19232
23778 17192
23779 19224
23780 17192
23781 19201
23782 56105
23783 25376
23784 25448
23785 49976
23786 25377
23787 54016
23788 63264
23789 19201
23790 49960
23791 19200
23792 27392
23793 56097
23794 55080
23795 54057
23796 25345
23797 55072
23798 19232
23799 35617
23800 55072
23801 54057
23802 59169
23803 27425
23804 52008
23805 49968
23806 54048
23807 17168
23808 54056
23809 19233
23810 58144
23811 54056
23812 54057
23813 19208
23814 60193
23815 25345
23816 60321
23817 55073
23818 61217
23819 19201
23820 52001
23821 57121
23822 25385
23823 25377
23824 19232
23825 49953
23826 58144
23827 60192
23828 52001
23829 49953
23830 25352
23831 54056
23832 60192
23833 49920
23834 26400
23835 59169
23836 54049
23837 49960
23838 19233
23839 49953
23840 55073
23841 49952
23842 58145
23843 19233
23844 49953
23845 49960
23846 63328
23847 26465
23848 49952
23849 58208
23850 25449
23851 49953
23852 56097
23853 56097
23854 54064
23855 49952
23856 27424
23857 17193
23858 54053
23859 19216
23860 60256
23861 49960
23862 58145
23863 27424
23864 59169
23865 49681
23866 56096
23867 27432
23868 59937
23869 55080
23870 23297
23871 27393
23872 27425
23873 54048
23874 55072
23875 49953
23876 62248
23877 56104
23878 27424
23879 27424
23880 63265
23881 17192
23882 26465
23883 58120
23884 54048
23885 19232
23886 25344
23887 27408
23888 27424
23889 27392
23890 52000
23891 58152
23892 25352
23893 58152
23894 19089
23895 49952
23896 65321
23897 18209
23898 52001
23899 19232
23900 19208
23901 19208
23902 61225
23903 56105
23904 49968
23905 58144
23906 27424
23907 52008
23908 62240
23909 62248
23910 58144
23911 49681
23912 49960
23913 54052
23914 56096
23915 49952
23916 49952
23917 52009
23918 19201
23919 25360
23920 56097
23921 52009
23922 19201
23923 52000
23924 54057
23925 25376
23926 59168
23927 49936
23928 58144
23929 17184
23930 17192
23931 54061
23932 25377
23933 54048
23934 49952
23935 19233
23936 54056
23937 20257
23938 63328
23939 56096
23940 54048
23941 49968
23942 55145
23943 49952
23944 49977
23945 49960
23946 54048
23947 57120
23948 58144
23949 49953
23950 49960
23951 59232
23952 51976
23953 19233
23954 54048
23955 17184
23956 49921
23957 2848
23958 27393
23959 17152
23960 49952
23961 53776
23962 54033
23963 19209
23964 49952
23965 50977
23966 53793
23967 25345
23968 25377
23969 54049
23970 54056
23971 17192
23972 49952
23973 17192
23974 17176
23975 19256
23976 25384
23977 19224
23978 25440
23979 25376
23980 62248
23981 25384
23982 19201
23983 52000
23984 17185
23985 19224
23986 54049
23987 52008
23988 27393
23989 54049
23990 19240
23991 58112
23992 25368
23993 52001
23994 58144
23995 27392
23996 55073
23997 19201
23998 52000
23999 60168
24000 61217
24001 49952
24002 55081
24003 52001
24004 52009
24005 58152
24006 65313
24007 27432
24008 25345
24009 58208
24010 49952
24011 58152
24012 61216
24013 27425
24014 19232
24015 49952
24016 27457
24017 52000
24018 58113
24019 27400
24020 19232
24021 63264
24022 60192
24023 58152
24024 58145
24025 64296
24026 62240
24027 58145
24028 58145
24029 27425
24030 17192
24031 54056
24032 51968
24033 54048
24034 56097
24035 52000
24036 17192
24037 49976
24038 55080
24039 63265
24040 19232
24041 52001
24042 19208
24043 25377
24044 49952
24045 25376
24046 59168
24047 52008
24048 54049
24049 18961
24050 49952
24051 55137
24052 27520
24053 50977
24054 18961
24055 54049
24056 58153
24057 27137
24058 54048
24059 62241
24060 55809
24061 56072
24062 21280
24063 58144
24064 27424
24065 54112
24066 19209
24067 27489
24068 27424
24069 25377
24070 54072
24071 49953
24072 58145
24073 25368
24074 54049
24075 54048
24076 49952
24077 53025
24078 54112
24079 19224
24080 49813
24081 49953
24082 54048
24083 25376
24084 19201
24085 51976
24086 49960
24087 17185
24088 63272
24089 60192
24090 49952
24091 61217
24092 52000
24093 58208
24094 64289
24095 63265
24096 19201
24097 49960
24098 19224
24099 27425
24100 19201
24101 52025
24102 27392
24103 25377
24104 63265
24105 19232
24106 52008
24107 19240
24108 58208
24109 60192
24110 54049
24111 55073
24112 54052
24113 49968
24114 53792
24115 54040
24116 25376
24117 25377
24118 58145
24119 19201
24120 27424
24121 54053
24122 57121
24123 54048
24124 49952
24125 50976
24126 54048
24127 49952
24128 27424
24129 60192
24130 25384
24131 58144
24132 49952
24133 49952
24134 27392
24135 17192
24136 27401
24137 25384
24138 54056
24139 60201
24140 61224
24141 58145
24142 49960
24143 19208
24144 49929
24145 27392
24146 62241
24147 25384
24148 25344
24149 52009
24150 58144
24151 25377
24152 60193
24153 27424
24154 27425
24155 19232
24156 25352
24157 17248
24158 51976
24159 27392
24160 58112
24161 27425
24162 58144
24163 63264
24164 49928
24165 54048
24166 54016
24167 49952
24168 17153
24169 49952
24170 52000
24171 54056
24172 54049
24173 26408
24174 18209
24175 19233
24176 52008
24177 17184
24178 58144
24179 49937
24180 27408
24181 54016
24182 49952
24183 53536
24184 59232
24185 49952
24186 49952
24187 51968
24188 27392
24189 59137
24190 59169
24191 62240
24192 19208
24193 27393
24194 63328
24195 49953
24196 19233
24197 58120
24198 58144
24199 54049
24200 58120
24201 58112
24202 49928
24203 49952
24204 52017
24205 59169
24206 60200
24207 28520
24208 49952
24209 58120
24210 19232
24211 60192
24212 58145
24213 52000
24214 54049
24215 25377
24216 25344
24217 28449
24218 49952
24219 19209
24220 25353
24221 27424
24222 19200
24223 53032
24224 62248
24225 19232
24226 54056
24227 49976
24228 17185
24229 17192
24230 26400
24231 54048
24232 54048
24233 55144
24234 60201
24235 27393
24236 49953
24237 25377
24238 25376
24239 52000
24240 58112
24241 62304
24242 54048
24243 54049
24244 54056
24245 54056
24246 27496
24247 27400
24248 17184
24249 19200
24250 25376
24251 25376
24252 58145
24253 62305
24254 49920
24255 19232
24256 25344
24257 52001
24258 62240
24259 27424
24260 58144
24261 54040
24262 58144
24263 63264
24264 56096
24265 61225
24266 54049
24267 52000
24268 25377
24269 54048
24270 59169
24271 27393
24272 49952
24273 63265
24274 56105
24275 55080
24276 59168
24277 27393
24278 49952
24279 19240
24280 17184
24281 62240
24282 27392
24283 57129
24284 54048
24285 25376
24286 60192
24287 60161
24288 49952
24289 49937
24290 58152
24291 58144
24292 49961
24293 58217
24294 49960
24295 49944
24296 49960
24297 60161
24298 49920
24299 52009
24300 52001
24301 54048
24302 17184
24303 52009
24304 26465
24305 17184
24306 52001
24307 55081
24308 53544
24309 58144
24310 25376
24311 49952
24312 51969
24313 27424
24314 18944
24315 58144
24316 49953
24317 61216
24318 58120
24319 56105
24320 54048
24321 58144
24322 27424
24323 63273
24324 21280
24325 27425
24326 27425
24327 58144
24328 52009
24329 54056
24330 19200
24331 49936
24332 54048
24333 19200
24334 54112
24335 49976
24336 27456
24337 54056
24338 19208
24339 52008
24340 54049
24341 55073
24342 17185
24343 54049
24344 60256
24345 52009
24346 63265
24347 61216
24348 50977
24349 60161
24350 49960
24351 49968
24352 17160
24353 19296
24354 64289
24355 59169
24356 25376
24357 54048
24358 50977
24359 27425
24360 63265
24361 17184
24362 63273
24363 56096
24364 56097
24365 54049
24366 55073
24367 25440
24368 17184
24369 49953
24370 60201
24371 53025
24372 59232
24373 60168
24374 59177
24375 61281
24376 58153
24377 19201
24378 60193
24379 17161
24380 54033
24381 19233
24382 58144
24383 19208
24384 25440
24385 52000
24386 58152
24387 49936
24388 49952
24389 53604
24390 58120
24391 56096
24392 55080
24393 21281
24394 54073
24395 54064
24396 17152
24397 54056
24398 19200
24399 63265
24400 19241
24401 19208
24402 54048
24403 54049
24404 17184
24405 27425
24406 65321
24407 27137
24408 52000
24409 55137
24410 27425
24411 19297
24412 54048
24413 52008
24414 49952
24415 49928
24416 25345
24417 56072
24418 25377
24419 25384
24420 55081
24421 51744
24422 51969
24423 62240
24424 62241
24425 50977
24426 19233
24427 27400
24428 60193
24429 27392
24430 17185
24431 17153
24432 17184
24433 19209
24434 63264
24435 25488
24436 49953
24437 57121
24438 25376
24439 58144
24440 62232
24441 49944
24442 35617
24443 49697
24444 56097
24445 17193
24446 59168
24447 49953
24448 63273
24449 49953
24450 51969
24451 49953
24452 17208
24453 25376
24454 60192
24455 17160
24456 58120
24457 63264
24458 58208
24459 58145
24460 19232
24461 58145
24462 25377
24463 27401
24464 19232
24465 26401
24466 61217
24467 49952
24468 17185
24469 27424
24470 55088
24471 54048
24472 49961
24473 54057
24474 55073
24475 58145
24476 62304
24477 27424
24478 25376
24479 51984
24480 49960
24481 49952
24482 19208
24483 58112
24484 60200
24485 49952
24486 54065
24487 58145
24488 25376
24489 19233
24490 51968
24491 58272
24492 18961
24493 58144
24494 62240
24495 51976
24496 19241
24497 57129
24498 54049
24499 17193
24500 17185
24501 54040
24502 55073
24503 58152
24504 58145
24505 54056
24506 19201
24507 52000
24508 54024
24509 58144
24510 27432
24511 17249
24512 56096
24513 58145
24514 25377
24515 49953
24516 53545
24517 27425
24518 25345
24519 25377
24520 51977
24521 53792
24522 25376
24523 58144
24524 52000
24525 54049
24526 55080
24527 50977
24528 25440
24529 19232
24530 49960
24531 27432
24532 19201
24533 20225
24534 54048
24535 58144
24536 27432
24537 62241
24538 35617
24539 57185
24540 19201
24541 56097
24542 25344
24543 54049
24544 54112
24545 59168
24546 57129
24547 51984
24548 27392
24549 63265
24550 49441
24551 49961
24552 27488
24553 27393
24554 60193
24555 49960
24556 19232
24557 28448
24558 25376
24559 49952
24560 49952
24561 52001
24562 26465
24563 62240
24564 54048
24565 27424
24566 50977
24567 27393
24568 60192
24569 25384
24570 19232
24571 60192
24572 19297
24573 59137
24574 49952
24575 49953
24576 52009
24577 55073
24578 58145
24579 53540
24580 55072
24581 55081
24582 56097
24583 60192
24584 58144
24585 54057
24586 51969
24587 17153
24588 27424
24589 59169
24590 59169
24591 28424
24592 58208
24593 27424
24594 54057
24595 51745
24596 56105
24597 58144
24598 52001
24599 56097
24600 27393
24601 27432
24602 53809
24603 28457
24604 49952
24605 63265
24606 27393
24607 19297
24608 58152
24609 59169
24610 54048
24611 27393
24612 27392
24613 53025
24614 49952
24615 55073
24616 49928
24617 49952
24618 63272
24619 20256
24620 54056
24621 27392
24622 27432
24623 60193
24624 54064
24625 17192
24626 56096
24627 53808
24628 52000
24629 49952
24630 56072
24631 52000
24632 25377
24633 17161
24634 49952
24635 20257
24636 25377
24637 27392
24638 25377
24639 55080
24640 49952
24641 27425
24642 27424
24643 19232
24644 58145
24645 19201
24646 49929
24647 25352
24648 54056
24649 56088
24650 54056
24651 56097
24652 25376
24653 17169
24654 58153
24655 17153
24656 19240
24657 58145
24658 54056
24659 58145
24660 18961
24661 56105
24662 59169
24663 58145
24664 54056
24665 49953
24666 52001
24667 58144
24668 27424
24669 27425
24670 19232
24671 58144
24672 25377
24673 54048
24674 49920
24675 27424
24676 60200
24677 19233
24678 27400
24679 49936
24680 27425
24681 18217
24682 27425
24683 19241
24684 62241
24685 19241
24686 26401
24687 63265
24688 25480
24689 52001
24690 27433
24691 62248
24692 52000
24693 25376
24694 52000
24695 25376
24696 20233
24697 17185
24698 19217
24699 49921
24700 52000
24701 62241
24702 54056
24703 19233
24704 52001
24705 53032
24706 27488
24707 55080
24708 25376
24709 52001
24710 49953
24711 17193
24712 56073
24713 49953
24714 21280
24715 54056
24716 52001
24717 17184
24718 59169
24719 27424
24720 25376
24721 60201
24722 53025
24723 54048
24724 58145
24725 52000
24726 27488
24727 58209
24728 27425
24729 25376
24730 27424
24731 27425
24732 25376
24733 49952
24734 63273
24735 54056
24736 19240
24737 49921
24738 54048
24739 58112
24740 19232
24741 58144
24742 49960
24743 54048
24744 54048
24745 26409
24746 17192
24747 51968
24748 23329
24749 54056
24750 17160
24751 49952
24752 54056
24753 28449
24754 54049
24755 58144
24756 52000
24757 54048
24758 54049
24759 51985
24760 25377
24761 54049
24762 2824
24763 54048
24764 58145
24765 19240
24766 17200
24767 19200
24768 49952
24769 49960
24770 58144
24771 54056
24772 49960
24773 60161
24774 26401
24775 60256
24776 25376
24777 58144
24778 19200
24779 25360
24780 54048
24781 19232
24782 51968
24783 27425
24784 58112
24785 58113
24786 25440
24787 25376
24788 63264
24789 54048
24790 54072
24791 60256
24792 49697
24793 27488
24794 49953
24795 51969
24796 51977
24797 55081
24798 50984
24799 61224
24800 52000
24801 58144
24802 27393
24803 58144
24804 27424
24805 27393
24806 17153
24807 60200
24808 54048
24809 6945
24810 27488
24811 58128
24812 19209
24813 52008
24814 56096
24815 58208
24816 19201
24817 19233
24818 52000
24819 19241
24820 60192
24821 64288
24822 62312
24823 49952
24824 53024
24825 27424
24826 19233
24827 54056
24828 62241
24829 25344
24830 50976
24831 25377
24832 60193
24833 25377
24834 25345
24835 25344
24836 19240
24837 60256
24838 25344
24839 60192
24840 55072
24841 58152
24842 27392
24843 51993
24844 54064
24845 59137
24846 19232
24847 17192
24848 60161
24849 27425
24850 26409
24851 54024
24852 26400
24853 54049
24854 49952
24855 58121
24856 58144
24857 58153
24858 56104
24859 19232
24860 50976
24861 49953
24862 62240
24863 60193
24864 49952
24865 59168
24866 27424
24867 19241
24868 49952
24869 49960
24870 49944
24871 51977
24872 19200
24873 58145
24874 54048
24875 65312
24876 49928
24877 17184
24878 19232
24879 58145
24880 27424
24881 54049
24882 17168
24883 25377
24884 49960
24885 27400
24886 25376
24887 62304
24888 19209
24889 59169
24890 49920
24891 58152
24892 52000
24893 54048
24894 25376
24895 56096
24896 18216
24897 55081
24898 49968
24899 58145
24900 19240
24901 49937
24902 27153
24903 19233
24904 58113
24905 54056
24906 18961
24907 58145
24908 18961
24909 55080
24910 51968
24911 58113
24912 25376
24913 49952
24914 27400
24915 28449
24916 58213
24917 65312
24918 19209
24919 51969
24920 27425
24921 25377
24922 62241
24923 58145
24924 18209
24925 27424
24926 19233
24927 25377
24928 29472
24929 19352
24930 25353
24931 52008
24932 55096
24933 25377
24934 54049
24935 25344
24936 55073
24937 54017
24938 53025
24939 25344
24940 63329
24941 17184
24942 56112
24943 52001
24944 54120
24945 62304
24946 49952
24947 51976
24948 17185
24949 58144
24950 60192
24951 54056
24952 25376
24953 49921
24954 17184
24955 17184
24956 55649
24957 27424
24958 54072
24959 49953
24960 56112
24961 25377
24962 27424
24963 59168
24964 27392
24965 59168
24966 20264
24967 54049
24968 49953
24969 52009
24970 27425
24971 60193
24972 49952
24973 58145
24974 54056
24975 19240
24976 23336
24977 25377
24978 19232
24979 60160
24980 53033
24981 58145
24982 20257
24983 27432
24984 17192
24985 20256
24986 17184
24987 59169
24988 65313
24989 54048
24990 49952
24991 28417
24992 28417
24993 61280
24994 62248
24995 25345
24996 49960
24997 58120
24998 52000
24999 27400
25000 58145
25001 28449
25002 56105
25003 50977
25004 57128
25005 49953
25006 58145
25007 62240
25008 54049
25009 19232
25010 49960
25011 65313
25012 54048
25013 54048
25014 27392
25015 58144
25016 27425
25017 17185
25018 17152
25019 17184
25020 49953
25021 28449
25022 52008
25023 60200
25024 17184
25025 54057
25026 49953
25027 52000
25028 63264
25029 27137
25030 27424
25031 19240
25032 51976
25033 58113
25034 19200
25035 58145
25036 54049
25037 58144
25038 62241
25039 49952
25040 19232
25041 49953
25042 27425
25043 25472
25044 58144
25045 56073
25046 19232
25047 17161
25048 49960
25049 52009
25050 27488
25051 49960
25052 17184
25053 20265
25054 56105
25055 60256
25056 27433
25057 54040
25058 19232
25059 25344
25060 49952
25061 55073
25062 11041
25063 58152
25064 25376
25065 19209
25066 27424
25067 19201
25068 19232
25069 25377
25070 54016
25071 49953
25072 58112
25073 26464
25074 60161
25075 59168
25076 60160
25077 49960
25078 58128
25079 65321
25080 19201
25081 52008
25082 52017
25083 60193
25084 25344
25085 58208
25086 58208
25087 60168
25088 17153
25089 17185
25090 50977
25091 19232
25092 58152
25093 60193
25094 49968
25095 58145
25096 59177
25097 19209
25098 54056
25099 52001
25100 58152
25101 19201
25102 25377
25103 62249
25104 19201
25105 49952
25106 19208
25107 49953
25108 56096
25109 23336
25110 19233
25111 49936
25112 54048
25113 27153
25114 55073
25115 58145
25116 54056
25117 49968
25118 26400
25119 18961
25120 49952
25121 62312
25122 26401
25123 54049
25124 49921
25125 49920
25126 49696
25127 59176
25128 17176
25129 28457
25130 27392
25131 53545
25132 27424
25133 49968
25134 49952
25135 19240
25136 54057
25137 58144
25138 25440
25139 49961
25140 58145
25141 55072
25142 51984
25143 49937
25144 49928
25145 19232
25146 49952
25147 19201
25148 11040
25149 19201
25150 27424
25151 19233
25152 28513
25153 18209
25154 17184
25155 25376
25156 54048
25157 25440
25158 49936
25159 52000
25160 49953
25161 49952
25162 19209
25163 49921
25164 58208
25165 58144
25166 49960
25167 49936
25168 19232
25169 19201
25170 49960
25171 56064
25172 52000
25173 54056
25174 58144
25175 27392
25176 19200
25177 56105
25178 49952
25179 17184
25180 58217
25181 62209
25182 51728
25183 28449
25184 60161
25185 60161
25186 25440
25187 54049
25188 49953
25189 25441
25190 49961
25191 52001
25192 55081
25193 19208
25194 19208
25195 62305
25196 58144
25197 25345
25198 17152
25199 49952
25200 25377
25201 60192
25202 19209
25203 52001
25204 52001
25205 59169
25206 19200
25207 25384
25208 27425
25209 49952
25210 59169
25211 58144
25212 65321
25213 59169
25214 59169
25215 52009
25216 27424
25217 55080
25218 58144
25219 60192
25220 58145
25221 52000
25222 54056
25223 27424
25224 25376
25225 19200
25226 20257
25227 58144
25228 54049
25229 19201
25230 23336
25231 60256
25232 65312
25233 56105
25234 55073
25235 60160
25236 54057
25237 27408
25238 59177
25239 49944
25240 57129
25241 54048
25242 49968
25243 52001
25244 27393
25245 56104
25246 58144
25247 25376
25248 58209
25249 54048
25250 25377
25251 17192
25252 52001
25253 25384
25254 54049
25255 27424
25256 17153
25257 27433
25258 57129
25259 17192
25260 28449
25261 23329
25262 19233
25263 19233
25264 51969
25265 55081
25266 54048
25267 27425
25268 54120
25269 27432
25270 17153
25271 19240
25272 19241
25273 50977
25274 62240
25275 25377
25276 27392
25277 49944
25278 17185
25279 25376
25280 59176
25281 58144
25282 17152
25283 58144
25284 17185
25285 26401
25286 52008
25287 25448
25288 54048
25289 54040
25290 19233
25291 49953
25292 49960
25293 27496
25294 52001
25295 25344
25296 19240
25297 25384
25298 54049
25299 19233
25300 58209
25301 58145
25302 19233
25303 20257
25304 25344
25305 63272
25306 49921
25307 52000
25308 19209
25309 27392
25310 55081
25311 58145
25312 800
25313 25376
25314 19233
25315 25377
25316 54049
25317 58145
25318 25440
25319 49976
25320 55073
25321 19240
25322 19201
25323 19208
25324 25376
25325 19201
25326 27488
25327 59169
25328 56065
25329 19232
25330 27393
25331 54049
25332 58208
25333 60200
25334 54048
25335 54049
25336 49953
25337 27424
25338 58144
25339 59168
25340 25344
25341 49696
25342 60193
25343 59137
25344 61216
25345 27553
25346 19232
25347 21280
25348 58145
25349 27496
25350 58145
25351 58120
25352 52008
25353 60193
25354 19256
25355 58145
25356 25352
25357 52000
25358 49441
25359 58145
25360 25376
25361 25344
25362 17160
25363 59168
25364 49976
25365 19241
25366 17192
25367 49960
25368 61281
25369 54057
25370 52008
25371 19233
25372 55081
25373 58145
25374 54052
25375 54057
25376 58144
25377 49920
25378 17193
25379 51000
25380 51968
25381 49952
25382 56065
25383 20256
25384 17185
25385 25440
25386 62240
25387 26401
25388 49968
25389 54048
25390 49953
25391 60193
25392 55145
25393 17192
25394 54052
25395 17193
25396 20257
25397 60193
25398 49953
25399 63264
25400 19241
25401 58144
25402 58144
25403 17152
25404 52000
25405 19240
25406 53024
25407 54048
25408 17184
25409 26409
25410 49952
25411 49952
25412 49952
25413 49953
25414 57129
25415 52008
25416 19201
25417 49952
25418 25473
25419 17152
25420 27432
25421 54072
25422 54056
25423 19233
25424 58112
25425 56097
25426 58145
25427 60192
25428 49952
25429 56105
25430 19208
25431 49953
25432 62241
25433 58217
25434 60257
25435 26369
25436 26465
25437 19208
25438 23329
25439 40737
25440 25376
25441 21288
25442 49953
25443 54049
25444 58144
25445 51976
25446 54061
25447 59233
25448 58136
25449 27425
25450 52993
25451 28456
25452 19232
25453 20256
25454 18960
25455 27392
25456 19233
25457 27489
25458 49953
25459 25344
25460 55073
25461 55080
25462 58145
25463 60161
25464 49968
25465 19224
25466 27432
25467 56096
25468 60193
25469 58144
25470 58144
25471 54049
25472 54048
25473 52000
25474 27392
25475 26401
25476 54112
25477 19233
25478 52000
25479 60161
25480 27393
25481 52009
25482 17192
25483 58145
25484 54048
25485 26400
25486 54048
25487 17168
25488 55073
25489 26401
25490 55073
25491 50024
25492 27425
25493 52000
25494 53600
25495 17160
25496 17192
25497 49952
25498 54112
25499 54049
25500 63336
25501 58145
25502 49952
25503 17185
25504 49960
25505 17184
25506 62240
25507 28417
25508 27432
25509 54048
25510 58144
25511 56073
25512 35617
25513 18217
25514 58145
25515 63265
25516 17176
25517 52017
25518 54056
25519 19225
25520 17200
25521 54049
25522 59169
25523 60193
25524 27400
25525 58144
25526 28513
25527 51968
25528 18976
25529 25376
25530 49952
25531 25344
25532 62248
25533 58273
25534 49960
25535 49952
25536 49952
25537 59169
25538 56088
25539 52001
25540 58112
25541 49961
25542 25376
25543 58145
25544 27392
25545 55073
25546 52001
25547 53001
25548 49952
25549 19232
25550 52000
25551 25376
25552 27393
25553 49920
25554 49952
25555 59169
25556 49960
25557 50977
25558 55073
25559 19201
25560 54048
25561 25344
25562 17168
25563 62240
25564 58144
25565 25376
25566 57184
25567 58144
25568 27401
25569 53793
25570 58144
25571 60192
25572 56104
25573 61216
25574 19233
25575 58144
25576 57121
25577 25377
25578 26401
25579 54048
25580 17152
25581 49953
25582 17208
25583 25384
25584 49953
25585 49952
25586 58144
25587 49952
25588 63265
25589 62312
25590 25441
25591 25368
25592 17192
25593 64257
25594 58145
25595 25377
25596 25440
25597 25377
25598 57129
25599 19208
25600 49952
25601 52000
25602 63264
25603 17184
25604 49961
25605 63265
25606 27425
25607 51985
25608 25345
25609 17184
25610 27424
25611 59177
25612 25376
25613 17185
25614 25377
25615 25344
25616 19232
25617 49953
25618 17160
25619 60160
25620 59176
25621 19200
25622 18961
25623 54048
25624 28448
25625 27433
25626 25377
25627 25376
25628 17152
25629 60192
25630 56104
25631 58144
25632 25377
25633 21289
25634 28449
25635 52000
25636 60160
25637 25441
25638 17193
25639 58112
25640 56080
25641 55072
25642 17192
25643 58213
25644 17169
25645 53033
25646 58113
25647 49953
25648 49952
25649 18208
25650 52000
25651 17192
25652 17184
25653 49953
25654 49953
25655 58209
25656 25376
25657 58145
25658 19241
25659 54064
25660 50977
25661 59177
25662 49960
25663 17160
25664 59168
25665 52001
25666 52008
25667 56104
25668 19248
25669 27464
25670 17153
25671 55073
25672 58144
25673 58113
25674 51992
25675 54056
25676 49952
25677 25472
25678 49960
25679 54049
25680 58217
25681 58113
25682 51976
25683 64033
25684 49952
25685 60192
25686 58144
25687 49952
25688 52001
25689 51488
25690 27424
25691 49952
25692 54056
25693 19209
25694 25377
25695 25381
25696 25376
25697 54056
25698 19241
25699 55840
25700 59168
25701 49953
25702 19232
25703 56097
25704 58144
25705 50977
25706 54048
25707 54057
25708 49920
25709 58145
25710 58113
25711 59176
25712 56097
25713 25377
25714 52008
25715 59177
25716 54049
25717 19232
25718 28457
25719 58145
25720 17184
25721 17184
25722 52001
25723 54049
25724 19208
25725 49953
25726 25440
25727 59232
25728 52008
25729 49936
25730 51992
25731 25376
25732 49952
25733 27392
25734 25376
25735 19233
25736 25368
25737 58145
25738 19201
25739 58144
25740 49960
25741 58145
25742 54049
25743 58144
25744 52017
25745 51968
25746 52000
25747 23328
25748 19232
25749 20257
25750 52009
25751 49953
25752 54049
25753 17152
25754 25376
25755 52001
25756 65313
25757 51745
25758 25376
25759 56120
25760 55080
25761 51976
25762 17177
25763 19201
25764 49960
25765 19241
25766 56096
25767 52000
25768 54048
25769 49953
25770 17185
25771 52001
25772 25408
25773 28449
25774 49953
25775 19232
25776 19201
25777 26409
25778 49952
25779 52001
25780 62240
25781 19233
25782 25376
25783 25352
25784 58144
25785 60192
25786 25361
25787 25376
25788 63265
25789 52001
25790 54049
25791 19233
25792 52008
25793 58144
25794 58144
25795 63272
25796 54056
25797 17152
25798 65321
25799 49920
25800 25440
25801 49952
25802 58208
25803 55081
25804 62209
25805 25376
25806 58144
25807 58113
25808 60160
25809 25376
25810 52000
25811 54048
25812 60193
25813 54032
25814 19248
25815 17249
25816 60192
25817 58144
25818 63272
25819 25377
25820 55081
25821 58128
25822 20265
25823 58112
25824 63265
25825 49953
25826 58144
25827 27425
25828 49952
25829 17185
25830 56097
25831 49960
25832 53025
25833 60169
25834 27424
25835 58145
25836 19232
25837 54048
25838 17184
25839 59169
25840 19201
25841 54072
25842 54049
25843 25376
25844 27425
25845 19208
25846 52001
25847 19236
25848 19233
25849 17153
25850 17168
25851 27400
25852 58113
25853 58152
25854 27392
25855 27392
25856 49961
25857 49952
25858 27488
25859 58144
25860 58152
25861 17168
25862 54048
25863 60193
25864 28417
25865 58145
25866 58208
25867 27393
25868 52001
25869 62248
25870 58144
25871 27497
25872 25504
25873 49952
25874 17160
25875 25376
25876 58113
25877 51976
25878 54048
25879 8992
25880 49920
25881 62248
25882 17152
25883 49961
25884 58216
25885 54057
25886 50977
25887 25376
25888 59168
25889 49957
25890 62240
25891 58145
25892 19233
25893 49929
25894 25376
25895 62240
25896 19208
25897 19233
25898 17192
25899 54048
25900 59169
25901 59169
25902 58120
25903 55073
25904 57120
25905 60193
25906 26464
25907 52009
25908 52008
25909 54048
25910 52001
25911 49953
25912 58144
25913 54056
25914 60169
25915 49953
25916 57129
25917 52000
25918 54049
25919 58144
25920 59168
25921 58144
25922 52000
25923 62312
25924 27424
25925 54048
25926 58145
25927 19233
25928 19201
25929 27424
25930 58145
25931 54024
25932 19233
25933 52009
25934 52000
25935 63272
25936 62241
25937 19232
25938 51968
25939 54056
25940 27488
25941 19233
25942 54056
25943 19232
25944 26401
25945 19233
25946 23328
25947 28457
25948 54057
25949 54025
25950 17184
25951 55073
25952 52009
25953 52009
25954 60192
25955 58144
25956 49920
25957 49960
25958 55856
25959 51969
25960 54061
25961 27393
25962 57129
25963 56073
25964 55073
25965 58145
25966 49953
25967 17153
25968 55081
25969 19240
25970 58208
25971 51977
25972 57121
25973 17152
25974 17192
25975 54048
25976 62241
25977 19233
25978 49960
25979 60193
25980 52001
25981 19232
25982 59177
25983 58144
25984 54048
25985 49952
25986 27425
25987 56097
25988 56080
25989 51969
25990 52000
25991 25376
25992 51976
25993 17184
25994 49953
25995 49961
25996 49952
25997 25352
25998 54048
25999 58144
26000 62249
26001 57121
26002 54049
26003 54049
26004 55072
26005 50984
26006 25384
26007 25376
26008 17184
26009 49960
26010 49960
26011 60192
26012 52001
26013 27456
26014 19232
26015 56096
26016 49952
26017 55136
26018 58145
26019 19217
26020 58144
26021 27425
26022 49920
26023 17185
26024 58213
26025 49976
26026 51977
26027 54049
26028 52001
26029 57129
26030 60193
26031 63328
26032 58145
26033 54016
26034 58145
26035 55073
26036 53793
26037 25345
26038 25105
26039 17185
26040 25376
26041 17041
26042 52001
26043 25377
26044 58208
26045 19232
26046 52009
26047 27425
26048 27393
26049 19201
26050 17184
26051 55072
26052 54048
26053 54064
26054 17184
26055 19328
26056 60192
26057 58208
26058 50976
26059 54049
26060 27425
26061 27425
26062 17185
26063 17200
26064 52000
26065 62241
26066 58145
26067 19216
26068 59168
26069 19200
26070 49953
26071 58145
26072 54024
26073 50977
26074 59233
26075 54056
26076 57121
26077 27424
26078 54056
26079 25377
26080 27424
26081 58216
26082 17185
26083 58153
26084 25504
26085 19240
26086 27456
26087 27488
26088 27424
26089 49960
26090 21288
26091 49960
26092 19208
26093 17184
26094 25377
26095 63273
26096 58145
26097 60193
26098 58145
26099 58145
26100 54033
26101 17184
26102 49952
26103 19201
26104 54048
26105 63264
26106 58144
26107 20225
26108 52000
26109 54049
26110 49953
26111 54049
26112 27393
26113 59168
26114 49921
26115 27424
26116 60256
26117 49953
26118 52000
26119 17153
26120 27425
26121 58144
26122 25345
26123 58145
26124 58144
26125 58144
26126 49956
26127 53600
26128 59168
26129 25376
26130 56096
26131 49936
26132 49944
26133 23336
26134 52000
26135 26400
26136 58113
26137 17193
26138 49944
26139 58152
26140 17152
26141 20264
26142 54056
26143 19209
26144 25384
26145 54049
26146 54056
26147 62241
26148 52001
26149 25376
26150 62240
26151 58145
26152 62208
26153 58152
26154 52008
26155 55081
26156 52000
26157 25345
26158 56097
26159 54056
26160 25377
26161 25376
26162 55072
26163 55073
26164 19233
26165 19200
26166 54048
26167 62240
26168 27400
26169 27424
26170 23297
26171 25352
26172 58152
26173 19233
26174 58144
26175 54052
26176 49952
26177 19201
26178 59169
26179 55081
26180 58113
26181 17185
26182 19201
26183 49952
26184 54048
26185 17192
26186 20257
26187 27425
26188 27425
26189 21289
26190 49952
26191 56097
26192 28449
26193 59168
26194 28449
26195 27424
26196 25376
26197 21280
26198 58112
26199 49960
26200 49952
26201 27424
26202 60193
26203 19233
26204 49952
26205 19232
26206 49952
26207 51977
26208 27424
26209 58145
26210 53032
26211 58145
26212 59169
26213 27425
26214 49960
26215 27488
26216 19241
26217 26465
26218 54048
26219 27425
26220 2848
26221 52001
26222 54049
26223 19328
26224 25377
26225 19201
26226 62241
26227 58144
26228 54065
26229 49969
26230 19208
26231 27153
26232 49952
26233 49920
26234 49952
26235 56097
26236 52000
26237 19201
26238 51969
26239 25377
26240 57129
26241 23336
26242 56097
26243 27424
26244 17184
26245 54120
26246 19200
26247 19232
26248 49952
26249 58144
26250 25472
26251 61217
26252 60192
26253 49921
26254 58144
26255 58145
26256 19233
26257 55080
26258 58144
26259 27392
26260 17184
26261 56096
26262 49953
26263 52000
26264 52000
26265 17184
26266 54056
26267 25381
26268 27392
26269 52000
26270 52001
26271 17184
26272 49952
26273 19088
26274 21281
26275 19233
26276 58145
26277 49929
26278 26400
26279 49953
26280 58208
26281 49968
26282 17153
26283 19240
26284 49952
26285 27425
26286 55072
26287 26464
26288 25376
26289 49952
26290 19232
26291 54040
26292 25440
26293 54049
26294 58144
26295 19201
26296 19233
26297 27425
26298 52001
26299 56080
26300 60193
26301 19200
26302 17192
26303 62240
26304 49921
26305 25376
26306 28457
26307 63264
26308 17152
26309 49440
26310 17152
26311 19240
26312 58145
26313 60193
26314 54056
26315 49952
26316 59232
26317 63328
26318 49921
26319 54049
26320 52001
26321 56097
26322 58144
26323 52001
26324 59169
26325 49953
26326 58145
26327 27432
26328 49953
26329 54064
26330 49936
26331 52000
26332 54049
26333 25353
26334 49960
26335 56097
26336 25377
26337 60192
26338 52008
26339 17185
26340 54056
26341 50984
26342 19233
26343 19216
26344 49960
26345 27488
26346 28417
26347 54048
26348 56105
26349 56064
26350 54049
26351 50984
26352 25376
26353 6945
26354 49952
26355 58145
26356 27425
26357 52008
26358 56105
26359 25344
26360 52008
26361 49960
26362 54049
26363 17184
26364 53600
26365 27424
26366 27392
26367 49952
26368 54049
26369 55080
26370 52000
26371 62304
26372 49960
26373 49952
26374 60192
26375 25344
26376 19233
26377 52001
26378 25345
26379 52009
26380 49953
26381 17185
26382 56097
26383 59168
26384 20257
26385 58144
26386 29472
26387 55073
26388 27392
26389 49952
26390 21281
26391 53792
26392 19241
26393 17184
26394 19217
26395 50977
26396 59240
26397 63328
26398 51984
26399 27392
26400 63265
26401 25345
26402 58280
26403 54048
26404 49960
26405 50984
26406 27392
26407 19200
26408 54057
26409 49929
26410 54056
26411 26472
26412 49952
26413 19240
26414 62241
26415 49960
26416 49968
26417 60193
26418 19232
26419 25377
26420 62240
26421 17185
26422 62241
26423 17185
26424 11040
26425 49936
26426 54056
26427 58152
26428 62241
26429 63264
26430 50977
26431 58152
26432 62240
26433 62241
26434 19201
26435 54048
26436 49952
26437 58145
26438 25368
26439 59169
26440 54049
26441 17185
26442 17248
26443 19200
26444 58144
26445 49968
26446 49952
26447 58145
26448 27425
26449 58152
26450 58144
26451 62240
26452 57128
26453 25440
26454 19233
26455 49952
26456 27393
26457 49960
26458 27425
26459 58209
26460 49920
26461 59177
26462 49953
26463 60160
26464 52009
26465 19233
26466 26465
26467 27488
26468 17184
26469 27424
26470 54057
26471 56096
26472 49960
26473 54056
26474 54056
26475 58128
26476 58145
26477 58152
26478 27424
26479 19208
26480 58144
26481 19225
26482 58208
26483 19240
26484 56096
26485 17192
26486 49952
26487 27488
26488 49968
26489 55080
26490 28457
26491 58144
26492 17184
26493 58144
26494 17184
26495 54048
26496 60192
26497 60193
26498 60192
26499 27425
26500 57120
26501 17185
26502 19200
26503 49977
26504 63264
26505 62241
26506 50984
26507 54048
26508 52008
26509 49953
26510 19232
26511 19200
26512 58145
26513 62240
26514 58145
26515 58145
26516 49952
26517 62304
26518 55073
26519 19201
26520 49952
26521 35617
26522 60192
26523 58145
26524 54056
26525 63273
26526 27496
26527 60192
26528 25377
26529 27401
26530 50016
26531 58145
26532 55072
26533 27393
26534 23329
26535 58209
26536 53544
26537 49921
26538 52065
26539 54049
26540 58144
26541 51977
26542 17193
26543 19201
26544 56105
26545 54048
26546 56073
26547 63328
26548 55073
26549 56120
26550 53025
26551 27521
26552 25344
26553 60168
26554 54057
26555 19240
26556 49960
26557 55081
26558 58217
26559 54049
26560 25385
26561 54064
26562 19233
26563 2817
26564 54048
26565 60193
26566 60193
26567 54048
26568 49441
26569 49953
26570 53793
26571 58208
26572 19232
26573 54048
26574 54048
26575 50977
26576 27457
26577 29440
26578 17185
26579 27392
26580 58144
26581 19208
26582 19232
26583 27425
26584 27424
26585 54056
26586 49961
26587 26401
26588 58144
26589 55081
26590 54048
26591 19232
26592 27416
26593 19232
26594 58209
26595 17184
26596 60193
26597 53793
26598 57184
26599 58145
26600 25385
26601 58145
26602 25344
26603 52000
26604 49928
26605 52001
26606 27401
26607 19232
26608 17192
26609 52000
26610 19224
26611 56104
26612 26401
26613 58145
26614 49976
26615 52000
26616 27520
26617 17185
26618 54048
26619 27392
26620 27424
26621 52008
26622 19208
26623 17184
26624 6945
26625 58145
26626 18961
26627 58208
26628 19200
26629 52008
26630 49681
26631 19208
26632 25344
26633 23329
26634 26401
26635 51968
26636 27424
26637 17184
26638 52001
26639 54057
26640 28449
26641 49952
26642 58145
26643 58152
26644 19233
26645 52000
26646 52000
26647 49968
26648 52000
26649 17185
26650 58144
26651 58113
26652 55080
26653 27425
26654 808
26655 49960
26656 60192
26657 25376
26658 53809
26659 49952
26660 62240
26661 25408
26662 17184
26663 58144
26664 54048
26665 54056
26666 25376
26667 60192
26668 19232
26669 27392
26670 54056
26671 27424
26672 27425
26673 27425
26674 58145
26675 56105
26676 17184
26677 19216
26678 55809
26679 54049
26680 64257
26681 58144
26682 28448
26683 27425
26684 49953
26685 51969
26686 27488
26687 54049
26688 60321
26689 25344
26690 17184
26691 60192
26692 54049
26693 64289
26694 20265
26695 49952
26696 19233
26697 19233
26698 49953
26699 55073
26700 27425
26701 51968
26702 49953
26703 52000
26704 19232
26705 49952
26706 19201
26707 52000
26708 52000
26709 58144
26710 26401
26711 54048
26712 25344
26713 28513
26714 27393
26715 27424
26716 60160
26717 55073
26718 58145
26719 58209
26720 55081
26721 51744
26722 27392
26723 17184
26724 25377
26725 27400
26726 49953
26727 52008
26728 54048
26729 27392
26730 19232
26731 51969
26732 50984
26733 17161
26734 63265
26735 58144
26736 58144
26737 17208
26738 58144
26739 58152
26740 49953
26741 51969
26742 49952
26743 58153
26744 25344
26745 52000
26746 52016
26747 58112
26748 19200
26749 52008
26750 19240
26751 54057
26752 58144
26753 20256
26754 58209
26755 58153
26756 19233
26757 58144
26758 55080
26759 58152
26760 27432
26761 19233
26762 53808
26763 55072
26764 53001
26765 19240
26766 54056
26767 49960
26768 60169
26769 25368
26770 58145
26771 27552
26772 17168
26773 27408
26774 17185
26775 54048
26776 49952
26777 17184
26778 25377
26779 49953
26780 55073
26781 56160
26782 52064
26783 49952
26784 19200
26785 27424
26786 58144
26787 60192
26788 53032
26789 58144
26790 19232
26791 56072
26792 25440
26793 55073
26794 17185
26795 54048
26796 25504
26797 54032
26798 58144
26799 52001
26800 57129
26801 51968
26802 58145
26803 25440
26804 58272
26805 58112
26806 54056
26807 17192
26808 17153
26809 54048
26810 27457
26811 52008
26812 25344
26813 19200
26814 19233
26815 2857
26816 55073
26817 27153
26818 50984
26819 58145
26820 58113
26821 25496
26822 58145
26823 58144
26824 58273
26825 17192
26826 19233
26827 49960
26828 17248
26829 25377
26830 54048
26831 52008
26832 19208
26833 19209
26834 54048
26835 54049
26836 27424
26837 63265
26838 62241
26839 58280
26840 52001
26841 56088
26842 59177
26843 54048
26844 53024
26845 50976
26846 54049
26847 58208
26848 25376
26849 49953
26850 49952
26851 55072
26852 58144
26853 27489
26854 27424
26855 63264
26856 49921
26857 51969
26858 60192
26859 49960
26860 58208
26861 25376
26862 52000
26863 27424
26864 54049
26865 26400
26866 54057
26867 19232
26868 54057
26869 27392
26870 27488
26871 63264
26872 58144
26873 27424
26874 49953
26875 27392
26876 60168
26877 54056
26878 51968
26879 58112
26880 58144
26881 17185
26882 17185
26883 50977
26884 50985
26885 17184
26886 19201
26887 49920
26888 25376
26889 27392
26890 59232
26891 58144
26892 62240
26893 55137
26894 17161
26895 21280
26896 58160
26897 58113
26898 59176
26899 19209
26900 19232
26901 54024
26902 51553
26903 59169
26904 58145
26905 54056
26906 51728
26907 27425
26908 19201
26909 54048
26910 19240
26911 51977
26912 49952
26913 27432
26914 49944
26915 17185
26916 53813
26917 58144
26918 60161
26919 25344
26920 56160
26921 26408
26922 49952
26923 52000
26924 49952
26925 49953
26926 19200
26927 19233
26928 17185
26929 49952
26930 49952
26931 49961
26932 52001
26933 17184
26934 54048
26935 25377
26936 56105
26937 53809
26938 52000
26939 49944
26940 25408
26941 27425
26942 25376
26943 58208
26944 58145
26945 58144
26946 49953
26947 61216
26948 27496
26949 17192
26950 52001
26951 52008
26952 58152
26953 51744
26954 25384
26955 17192
26956 51976
26957 49953
26958 49960
26959 58208
26960 49936
26961 49952
26962 54065
26963 52993
26964 27424
26965 52000
26966 50985
26967 54056
26968 49920
26969 25344
26970 56097
26971 17184
26972 49952
26973 19233
26974 25344
26975 27425
26976 63264
26977 49960
26978 28449
26979 28512
26980 53024
26981 49953
26982 58136
26983 58112
26984 17184
26985 49953
26986 2857
26987 19208
26988 54048
26989 19240
26990 49920
26991 49952
26992 27425
26993 51976
26994 27424
26995 49952
26996 58112
26997 49953
26998 17184
26999 49952
27000 63336
27001 19240
27002 27424
27003 54048
27004 17184
27005 51985
27006 60193
27007 54040
27008 49936
27009 58144
27010 54056
27011 27425
27012 19209
27013 20233
27014 52001
27015 52000
27016 25376
27017 25448
27018 19240
27019 59232
27020 58145
27021 49952
27022 19200
27023 56065
27024 55081
27025 52008
27026 49952
27027 19209
27028 25376
27029 19233
27030 27392
27031 56097
27032 49936
27033 58144
27034 19233
27035 51968
27036 58128
27037 58145
27038 53025
27039 27392
27040 52000
27041 17185
27042 49952
27043 49928
27044 49960
27045 23337
27046 64289
27047 58145
27048 27393
27049 49961
27050 60193
27051 58208
27052 61185
27053 60192
27054 25440
27055 54048
27056 58145
27057 22313
27058 27424
27059 61216
27060 60193
27061 28449
27062 25384
27063 25409
27064 27400
27065 54056
27066 17184
27067 49968
27068 25345
27069 49952
27070 60193
27071 27433
27072 58145
27073 58145
27074 58144
27075 19233
27076 17192
27077 49953
27078 58144
27079 27392
27080 49969
27081 27392
27082 58113
27083 25377
27084 19233
27085 26401
27086 27408
27087 63265
27088 54049
27089 49944
27090 57121
27091 27393
27092 51984
27093 58144
27094 58144
27095 27432
27096 58145
27097 62248
27098 57121
27099 54048
27100 19233
27101 27424
27102 19233
27103 17185
27104 55081
27105 25376
27106 27393
27107 54057
27108 64296
27109 60160
27110 58145
27111 54120
27112 62240
27113 49976
27114 57129
27115 55081
27116 17184
27117 54048
27118 54024
27119 17200
27120 54056
27121 49952
27122 27425
27123 49953
27124 19208
27125 59169
27126 58144
27127 58144
27128 19233
27129 58145
27130 56097
27131 17192
27132 58152
27133 49961
27134 49969
27135 49960
27136 49960
27137 52001
27138 27392
27139 19240
27140 55073
27141 53033
27142 58121
27143 52009
27144 54049
27145 52064
27146 25376
27147 58208
27148 25376
27149 53792
27150 62240
27151 59169
27152 54049
27153 25360
27154 49953
27155 52009
27156 19201
27157 54052
27158 58145
27159 19232
27160 25376
27161 60193
27162 56064
27163 18961
27164 53813
27165 51553
27166 54049
27167 54049
27168 27393
27169 19233
27170 18961
27171 55073
27172 53797
27173 28513
27174 49960
27175 53761
27176 54053
27177 54049
27178 2848
27179 50024
27180 52001
27181 49960
27182 49977
27183 27392
27184 27432
27185 19233
27186 17184
27187 58144
27188 60160
27189 58113
27190 55081
27191 54048
27192 27393
27193 25377
27194 56096
27195 8993
27196 25376
27197 58144
27198 27456
27199 54048
27200 63265
27201 18209
27202 52001
27203 52009
27204 49953
27205 28457
27206 60193
27207 63273
27208 52000
27209 58144
27210 6945
27211 27433
27212 58144
27213 19201
27214 52009
27215 25345
27216 58144
27217 49953
27218 58112
27219 56112
27220 62240
27221 49928
27222 56104
27223 58144
27224 63265
27225 55081
27226 19209
27227 2857
27228 58113
27229 17185
27230 58144
27231 19208
27232 49952
27233 51969
27234 49936
27235 17184
27236 27425
27237 58153
27238 25345
27239 62240
27240 26369
27241 25384
27242 27393
27243 58112
27244 49953
27245 49953
27246 50984
27247 54016
27248 60193
27249 58144
27250 56065
27251 49952
27252 49920
27253 19232
27254 58145
27255 19200
27256 60193
27257 25376
27258 58144
27259 19201
27260 17185
27261 49953
27262 49952
27263 49960
27264 49921
27265 28449
27266 62241
27267 60160
27268 53544
27269 49952
27270 49952
27271 52000
27272 49976
27273 58152
27274 28417
27275 27393
27276 54041
27277 58208
27278 2848
27279 52001
27280 27425
27281 27425
27282 58144
27283 52001
27284 25377
27285 56064
27286 49952
27287 60192
27288 19209
27289 17176
27290 25376
27291 17184
27292 19232
27293 58144
27294 60201
27295 54048
27296 52000
27297 56097
27298 25377
27299 17160
27300 27424
27301 27424
27302 54057
27303 25352
27304 49920
27305 58145
27306 52000
27307 25384
27308 2856
27309 58145
27310 60192
27311 54048
27312 25377
27313 60193
27314 27392
27315 58144
27316 60192
27317 17185
27318 58145
27319 58145
27320 58152
27321 59168
27322 54048
27323 60321
27324 17184
27325 54048
27326 58144
27327 56097
27328 52000
27329 19200
27330 49968
27331 60161
27332 54049
27333 52008
27334 49960
27335 57120
27336 58112
27337 52001
27338 58144
27339 25385
27340 49952
27341 49953
27342 49952
27343 56105
27344 52001
27345 17153
27346 25480
27347 19201
27348 59169
27349 49956
27350 54048
27351 49952
27352 25376
27353 58113
27354 25360
27355 60193
27356 58144
27357 52001
27358 58145
27359 52017
27360 49952
27361 49952
27362 54048
27363 49953
27364 17184
27365 54072
27366 59176
27367 26400
27368 25376
27369 54048
27370 17160
27371 25384
27372 49952
27373 19201
27374 52000
27375 27400
27376 25345
27377 49953
27378 56160
27379 54057
27380 58144
27381 49952
27382 56089
27383 19201
27384 17208
27385 59168
27386 53025
27387 52001
27388 60193
27389 49952
27390 54049
27391 63272
27392 27408
27393 53793
27394 19241
27395 58208
27396 59177
27397 27137
27398 25352
27399 58217
27400 49921
27401 56096
27402 17184
27403 53761
27404 25376
27405 54056
27406 2849
27407 52000
27408 49960
27409 50977
27410 17184
27411 27424
27412 59169
27413 54049
27414 59176
27415 27424
27416 58144
27417 25376
27418 27393
27419 59169
27420 17184
27421 25376
27422 25377
27423 27424
27424 49952
27425 49953
27426 49929
27427 49953
27428 19233
27429 58113
27430 58216
27431 58145
27432 52001
27433 17153
27434 19232
27435 56064
27436 27425
27437 55073
27438 17168
27439 58144
27440 52001
27441 52009
27442 19233
27443 50977
27444 59169
27445 60193
27446 58145
27447 56120
27448 27489
27449 27393
27450 54048
27451 17152
27452 54049
27453 27425
27454 49952
27455 58152
27456 54048
27457 54048
27458 19200
27459 63265
27460 54049
27461 56097
27462 19233
27463 49952
27464 54057
27465 49953
27466 20257
27467 27424
27468 17248
27469 52000
27470 54024
27471 63264
27472 62241
27473 54040
27474 52000
27475 25377
27476 19248
27477 49952
27478 58145
27479 52001
27480 54072
27481 54048
27482 49953
27483 52000
27484 60160
27485 25376
27486 58144
27487 58144
27488 19233
27489 58272
27490 52001
27491 18945
27492 64257
27493 17185
27494 55073
27495 60256
27496 19240
27497 49953
27498 54056
27499 49936
27500 52008
27501 26401
27502 26400
27503 25440
27504 52001
27505 58144
27506 52001
27507 55080
27508 17185
27509 17193
27510 56096
27511 19233
27512 60192
27513 25440
27514 25376
27515 58145
27516 25441
27517 27392
27518 25377
27519 19200
27520 25440
27521 50984
27522 17185
27523 59233
27524 11041
27525 808
27526 25377
27527 56096
27528 49944
27529 55073
27530 25344
27531 64289
27532 49944
27533 58145
27534 49953
27535 58152
27536 17193
27537 19232
27538 57120
27539 49953
27540 25376
27541 49953
27542 27424
27543 56097
27544 49952
27545 49928
27546 54049
27547 17185
27548 49920
27549 49936
27550 54048
27551 54048
27552 58145
27553 58144
27554 27401
27555 52009
27556 62241
27557 54048
27558 25385
27559 17168
27560 59168
27561 54072
27562 49961
27563 19241
27564 49961
27565 17185
27566 52001
27567 52001
27568 54056
27569 53025
27570 17185
27571 52000
27572 28449
27573 53024
27574 55073
27575 58145
27576 27393
27577 54049
27578 58112
27579 55841
27580 17184
27581 19236
27582 49952
27583 59169
27584 49969
27585 27393
27586 52001
27587 52001
27588 49952
27589 27392
27590 49952
27591 55073
27592 63272
27593 11040
27594 58113
27595 49953
27596 58145
27597 57121
27598 60193
27599 54065
27600 58145
27601 49953
27602 54056
27603 55072
27604 54048
27605 27392
27606 55080
27607 27392
27608 58152
27609 49952
27610 53025
27611 19200
27612 57121
27613 54056
27614 27432
27615 52008
27616 54056
27617 27424
27618 25440
27619 27424
27620 59168
27621 60160
27622 49953
27623 25377
27624 58144
27625 17161
27626 19200
27627 56104
27628 27425
27629 19233
27630 25345
27631 27400
27632 63264
27633 28449
27634 17184
27635 58144
27636 60192
27637 25376
27638 58144
27639 25377
27640 27424
27641 54048
27642 58145
27643 49952
27644 19224
27645 19233
27646 26401
27647 60161
27648 58145
27649 25344
27650 52000
27651 19233
27652 17185
27653 55080
27654 50977
27655 65312
27656 51728
27657 56097
27658 58144
27659 2849
27660 58208
27661 52000
27662 49920
27663 19232
27664 49960
27665 52008
27666 49952
27667 51728
27668 59176
27669 49960
27670 58145
27671 58112
27672 19240
27673 56105
27674 58152
27675 25376
27676 56064
27677 58152
27678 54048
27679 58145
27680 19232
27681 54024
27682 52009
27683 19240
27684 27392
27685 54048
27686 52008
27687 19232
27688 17184
27689 25376
27690 54048
27691 25352
27692 25377
27693 51977
27694 54072
27695 49953
27696 25361
27697 25440
27698 58144
27699 56096
27700 27401
27701 60193
27702 56097
27703 19233
27704 55080
27705 49952
27706 52001
27707 52001
27708 54048
27709 27489
27710 27393
27711 17184
27712 56104
27713 54025
27714 54049
27715 19232
27716 17184
27717 49952
27718 54049
27719 49953
27720 25377
27721 25376
27722 49976
27723 50976
27724 58144
27725 57121
27726 59168
27727 58152
27728 58209
27729 19233
27730 61281
27731 19232
27732 19232
27733 53032
27734 27425
27735 49953
27736 54056
27737 49953
27738 49953
27739 58145
27740 54049
27741 55073
27742 26401
27743 25448
27744 49952
27745 19237
27746 25376
27747 25376
27748 54049
27749 55080
27750 58144
27751 49952
27752 53777
27753 60192
27754 54056
27755 60161
27756 26400
27757 25376
27758 56104
27759 19224
27760 49953
27761 49952
27762 19208
27763 54056
27764 60193
27765 50985
27766 63265
27767 19200
27768 49921
27769 25377
27770 27424
27771 58145
27772 54049
27773 49960
27774 20257
27775 58145
27776 54048
27777 27433
27778 58208
27779 25377
27780 54056
27781 60200
27782 49952
27783 49960
27784 58240
27785 52000
27786 58153
27787 54048
27788 27488
27789 54049
27790 49505
27791 25376
27792 49929
27793 58144
27794 25384
27795 17152
27796 55073
27797 55080
27798 58144
27799 49960
27800 60193
27801 58112
27802 52001
27803 49952
27804 54017
27805 27425
27806 54049
27807 62241
27808 60193
27809 49953
27810 27424
27811 49961
27812 54057
27813 52009
27814 19232
27815 28448
27816 27424
27817 58145
27818 54048
27819 19201
27820 58144
27821 57121
27822 25352
27823 56105
27824 54057
27825 19200
27826 27425
27827 56097
27828 52008
27829 49953
27830 25376
27831 2857
27832 63273
27833 52001
27834 17184
27835 19241
27836 49953
27837 58145
27838 52009
27839 19232
27840 51969
27841 60192
27842 18209
27843 49952
27844 58145
27845 25352
27846 58144
27847 58113
27848 27393
27849 52008
27850 49953
27851 28448
27852 25377
27853 8992
27854 54049
27855 19208
27856 56096
27857 27392
27858 49953
27859 19232
27860 54057
27861 19200
27862 56096
27863 25376
27864 55841
27865 58112
27866 49920
27867 56097
27868 19201
27869 54049
27870 58144
27871 17185
27872 54049
27873 58145
27874 25345
27875 49952
27876 63265
27877 19201
27878 20256
27879 55080
27880 58272
27881 27393
27882 58145
27883 55073
27884 25345
27885 21280
27886 54048
27887 17184
27888 52000
27889 17169
27890 26401
27891 25376
27892 60320
27893 62305
27894 28448
27895 25376
27896 54048
27897 51968
27898 25377
27899 52000
27900 19240
27901 49953
27902 60320
27903 49952
27904 19216
27905 52000
27906 19232
27907 19233
27908 58145
27909 54049
27910 63265
27911 55072
27912 60193
27913 52001
27914 49952
27915 49953
27916 19233
27917 60192
27918 52008
27919 27425
27920 49960
27921 54057
27922 27393
27923 25441
27924 58145
27925 19233
27926 19224
27927 17169
27928 27393
27929 49952
27930 49952
27931 25488
27932 19224
27933 54057
27934 27424
27935 2848
27936 27392
27937 19240
27938 25345
27939 61217
27940 58145
27941 49920
27942 27489
27943 25377
27944 63273
27945 25376
27946 17153
27947 49928
27948 25377
27949 27432
27950 52000
27951 59169
27952 57120
27953 49960
27954 49921
27955 25385
27956 17160
27957 56089
27958 55073
27959 49960
27960 19304
27961 60193
27962 18209
27963 58176
27964 56096
27965 19208
27966 17189
27967 18961
27968 57121
27969 56104
27970 52000
27971 58145
27972 19200
27973 52009
27974 54048
27975 55072
27976 27488
27977 62241
27978 20264
27979 26401
27980 62241
27981 17185
27982 58152
27983 19232
27984 49953
27985 19233
27986 49960
27987 60161
27988 56104
27989 49952
27990 50984
27991 17185
27992 58144
27993 27488
27994 58112
27995 58145
27996 59177
27997 19233
27998 17152
27999 50976
28000 59169
28001 62241
28002 54049
28003 25384
28004 58145
28005 58144
28006 19216
28007 49952
28008 65313
28009 55072
28010 50016
28011 25344
28012 25377
28013 54064
28014 58113
28015 54056
28016 54056
28017 52008
28018 26472
28019 19232
28020 49953
28021 27464
28022 54056
28023 56097
28024 49952
28025 49920
28026 19233
28027 19232
28028 60161
28029 19233
28030 53544
28031 59232
28032 50984
28033 54056
28034 49697
28035 27393
28036 58145
28037 49960
28038 63264
28039 54056
28040 58145
28041 19233
28042 58145
28043 23337
28044 27393
28045 27488
28046 58152
28047 58120
28048 27433
28049 51992
28050 49960
28051 27400
28052 19208
28053 19216
28054 54049
28055 54056
28056 59169
28057 55073
28058 52009
28059 55073
28060 54048
28061 25377
28062 25344
28063 52064
28064 54049
28065 19241
28066 17185
28067 19232
28068 54048
28069 49960
28070 49952
28071 54040
28072 19233
28073 57121
28074 19241
28075 54064
28076 49969
28077 49952
28078 54049
28079 49960
28080 61217
28081 17152
28082 54049
28083 27425
28084 17160
28085 17184
28086 25377
28087 56112
28088 27424
28089 59168
28090 17184
28091 58152
28092 49952
28093 25376
28094 49968
28095 19208
28096 54048
28097 49952
28098 59233
28099 53792
28100 27392
28101 17192
28102 62240
28103 27408
28104 25440
28105 50985
28106 49960
28107 26464
28108 25473
28109 56064
28110 19232
28111 58112
28112 49960
28113 62304
28114 27424
28115 17197
28116 58144
28117 49976
28118 53033
28119 60161
28120 19240
28121 59169
28122 25344
28123 27424
28124 56105
28125 27425
28126 17185
28127 19216
28128 61216
28129 54056
28130 28521
28131 18217
28132 59169
28133 19233
28134 63265
28135 54032
28136 49968
28137 54056
28138 58145
28139 58145
28140 17184
28141 52024
28142 58152
28143 58112
28144 59169
28145 49936
28146 49952
28147 49960
28148 19233
28149 52001
28150 27489
28151 55080
28152 20256
28153 49976
28154 54049
28155 55073
28156 55073
28157 58112
28158 56097
28159 62241
28160 58153
28161 49952
28162 17168
28163 56097
28164 28449
28165 27425
28166 49953
28167 58144
28168 56073
28169 49952
28170 57121
28171 49953
28172 2824
28173 27393
28174 50984
28175 17161
28176 25345
28177 54049
28178 17184
28179 59169
28180 54025
28181 51968
28182 58145
28183 54056
28184 63265
28185 65313
28186 54112
28187 17184
28188 59177
28189 27400
28190 54048
28191 59168
28192 49953
28193 52008
28194 27400
28195 52016
28196 58145
28197 60192
28198 49921
28199 54049
28200 25377
28201 52000
28202 65313
28203 55081
28204 54048
28205 62248
28206 19240
28207 61217
28208 19233
28209 54049
28210 56105
28211 49952
28212 27424
28213 49961
28214 49960
28215 52001
28216 57889
28217 49960
28218 58145
28219 49953
28220 19201
28221 19232
28222 58144
28223 25376
28224 56105
28225 17184
28226 54048
28227 56097
28228 62240
28229 60192
28230 19241
28231 21281
28232 59169
28233 54033
28234 59176
28235 25377
28236 54049
28237 49952
28238 19241
28239 58144
28240 60168
28241 27489
28242 49952
28243 56120
28244 19201
28245 49953
28246 53600
28247 27432
28248 19216
28249 49953
28250 19241
28251 55073
28252 54049
28253 54049
28254 58144
28255 58144
28256 49960
28257 25376
28258 54049
28259 25376
28260 49952
28261 54049
28262 53025
28263 52008
28264 54065
28265 27400
28266 25376
28267 49952
28268 62241
28269 52000
28270 27489
28271 56104
28272 27488
28273 49952
28274 52008
28275 25344
28276 27393
28277 25377
28278 49937
28279 59169
28280 17185
28281 62240
28282 19233
28283 54056
28284 27392
28285 52009
28286 25376
28287 51976
28288 55072
28289 25377
28290 54057
28291 59168
28292 63264
28293 27496
28294 54048
28295 62240
28296 27489
28297 53024
28298 54049
28299 27408
28300 58144
28301 54016
28302 27392
28303 59169
28304 61217
28305 60193
28306 25376
28307 52001
28308 49928
28309 49952
28310 17192
28311 54056
28312 27424
28313 60192
28314 58144
28315 56097
28316 49953
28317 19201
28318 50977
28319 58208
28320 58152
28321 27400
28322 58145
28323 54049
28324 52001
28325 19208
28326 55081
28327 49952
28328 54048
28329 49961
28330 54048
28331 25377
28332 58144
28333 19208
28334 53545
28335 49953
28336 19232
28337 49953
28338 25376
28339 27393
28340 58152
28341 19240
28342 19237
28343 28417
28344 58145
28345 25376
28346 58144
28347 25377
28348 58144
28349 52000
28350 56097
28351 58144
28352 25360
28353 59168
28354 26400
28355 25384
28356 25376
28357 25448
28358 55137
28359 27392
28360 27424
28361 18209
28362 56065
28363 54057
28364 52000
28365 54112
28366 27432
28367 57121
28368 52009
28369 54061
28370 27425
28371 55073
28372 58145
28373 27400
28374 18216
28375 53545
28376 58145
28377 54049
28378 25344
28379 25377
28380 19233
28381 25345
28382 17192
28383 54072
28384 53032
28385 49953
28386 25376
28387 17185
28388 54057
28389 18977
28390 49953
28391 19201
28392 25376
28393 60168
28394 49960
28395 56104
28396 59169
28397 54048
28398 52009
28399 54048
28400 27424
28401 27425
28402 60200
28403 54120
28404 52001
28405 58145
28406 60192
28407 53024
28408 17160
28409 19201
28410 49960
28411 55073
28412 28448
28413 55073
28414 27392
28415 17184
28416 60192
28417 49952
28418 56097
28419 25376
28420 28449
28421 60160
28422 25384
28423 56097
28424 49952
28425 19224
28426 49976
28427 28512
28428 50985
28429 54057
28430 54056
28431 54072
28432 19241
28433 19248
28434 58112
28435 17185
28436 27488
28437 54048
28438 49953
28439 27425
28440 52009
28441 27425
28442 58145
28443 51968
28444 49952
28445 53025
28446 54049
28447 25377
28448 50984
28449 58144
28450 49952
28451 17184
28452 19232
28453 50976
28454 25352
28455 54072
28456 19232
28457 62241
28458 19209
28459 54033
28460 54025
28461 59168
28462 21288
28463 49960
28464 54049
28465 49920
28466 49952
28467 58209
28468 51969
28469 53792
28470 55072
28471 11040
28472 25377
28473 56097
28474 27424
28475 54049
28476 25345
28477 19209
28478 49960
28479 58153
28480 49953
28481 55080
28482 49953
28483 25376
28484 52000
28485 19232
28486 25376
28487 19232
28488 64288
28489 49952
28490 55072
28491 25376
28492 27424
28493 58145
28494 62248
28495 25376
28496 51969
28497 21281
28498 60200
28499 19201
28500 55073
28501 58153
28502 17185
28503 49952
28504 51969
28505 49697
28506 26409
28507 54049
28508 27401
28509 17152
28510 25384
28511 52001
28512 62241
28513 50977
28514 54048
28515 59241
28516 25344
28517 52001
28518 58144
28519 49937
28520 65313
28521 61280
28522 17184
28523 27424
28524 25376
28525 52009
28526 52001
28527 27392
28528 49961
28529 54040
28530 27400
28531 25376
28532 25344
28533 52000
28534 49953
28535 54056
28536 60320
28537 52001
28538 61281
28539 19241
28540 60321
28541 60193
28542 27425
28543 19200
28544 27425
28545 58144
28546 49953
28547 58145
28548 27392
28549 19216
28550 26401
28551 54048
28552 51976
28553 49953
28554 58145
28555 54056
28556 52001
28557 25384
28558 19241
28559 49953
28560 25385
28561 62248
28562 63265
28563 54032
28564 52001
28565 27425
28566 25377
28567 52000
28568 25376
28569 18961
28570 64296
28571 11049
28572 49960
28573 20257
28574 56096
28575 17192
28576 58112
28577 49953
28578 27425
28579 59169
28580 27432
28581 49952
28582 61217
28583 25384
28584 52000
28585 49960
28586 49961
28587 55080
28588 50976
28589 56097
28590 27425
28591 50977
28592 58145
28593 52001
28594 19200
28595 49953
28596 58153
28597 54056
28598 62240
28599 49952
28600 49952
28601 54064
28602 25360
28603 51713
28604 56096
28605 27424
28606 25377
28607 19200
28608 26401
28609 25376
28610 54048
28611 54048
28612 17184
28613 49960
28614 19201
28615 58145
28616 17192
28617 63264
28618 49921
28619 54048
28620 27425
28621 61224
28622 49953
28623 25360
28624 54041
28625 56096
28626 17185
28627 58152
28628 11040
28629 19201
28630 19240
28631 58152
28632 19241
28633 54056
28634 27488
28635 27425
28636 28449
28637 49921
28638 27393
28639 54048
28640 54072
28641 58144
28642 49952
28643 49952
28644 61225
28645 55080
28646 19209
28647 49920
28648 52000
28649 19233
28650 25344
28651 49944
28652 27393
28653 27401
28654 25344
28655 52000
28656 27424
28657 58152
28658 25440
28659 61216
28660 58136
28661 52008
28662 55080
28663 25344
28664 49960
28665 25440
28666 25344
28667 56097
28668 49953
28669 54057
28670 62241
28671 58145
28672 17168
28673 49953
28674 51993
28675 49953
28676 25376
28677 56105
28678 53025
28679 57121
28680 62240
28681 52008
28682 49960
28683 27433
28684 25377
28685 27425
28686 25377
28687 49960
28688 17185
28689 49928
28690 51745
28691 58152
28692 54049
28693 64289
28694 60193
28695 60200
28696 58144
28697 56097
28698 58144
28699 54121
28700 39713
28701 19232
28702 19217
28703 49952
28704 25345
28705 19200
28706 49920
28707 18977
28708 58272
28709 23328
28710 19232
28711 17248
28712 59168
28713 58144
28714 57128
28715 55073
28716 59168
28717 25353
28718 17184
28719 25377
28720 27424
28721 52000
28722 27392
28723 54040
28724 60201
28725 62241
28726 17153
28727 27432
28728 57129
28729 25441
28730 58144
28731 17184
28732 17192
28733 58209
28734 54056
28735 27424
28736 58280
28737 17200
28738 25344
28739 49953
28740 49953
28741 25376
28742 60264
28743 60193
28744 17184
28745 54048
28746 27424
28747 60193
28748 19216
28749 27392
28750 58144
28751 25344
28752 54017
28753 58145
28754 60193
28755 19209
28756 59169
28757 27488
28758 49441
28759 53033
28760 62208
28761 53537
28762 54048
28763 49953
28764 27424
28765 19208
28766 25377
28767 49929
28768 55073
28769 25377
28770 52000
28771 58128
28772 49929
28773 54057
28774 52008
28775 49944
28776 27425
28777 17185
28778 49960
28779 19233
28780 49952
28781 27425
28782 52000
28783 49952
28784 58144
28785 57121
28786 49952
28787 59136
28788 54056
28789 25376
28790 49961
28791 17184
28792 19233
28793 58113
28794 54049
28795 58145
28796 25377
28797 25376
28798 60200
28799 19208
28800 60160
28801 58112
28802 52008
28803 49928
28804 19232
28805 56096
28806 25440
28807 17192
28808 65377
28809 17185
28810 19200
28811 49960
28812 52000
28813 50976
28814 50977
28815 55080
28816 25384
28817 53792
28818 20257
28819 27425
28820 49960
28821 60257
28822 49976
28823 60192
28824 25376
28825 62240
28826 62209
28827 54048
28828 27392
28829 19200
28830 19208
28831 25377
28832 49936
28833 55072
28834 19232
28835 58144
28836 19233
28837 56096
28838 17184
28839 25376
28840 37665
28841 49960
28842 49953
28843 49936
28844 54056
28845 55073
28846 25385
28847 27393
28848 58144
28849 55072
28850 56105
28851 57120
28852 49953
28853 27393
28854 51984
28855 54049
28856 28449
28857 2856
28858 55081
28859 17192
28860 25385
28861 19233
28862 58145
28863 54049
28864 57120
28865 25345
28866 53025
28867 17185
28868 57121
28869 49953
28870 49953
28871 60193
28872 54048
28873 49920
28874 58145
28875 63265
28876 59169
28877 60192
28878 49960
28879 19208
28880 19232
28881 17152
28882 25384
28883 17185
28884 52000
28885 54048
28886 28449
28887 19232
28888 19233
28889 54057
28890 54040
28891 49960
28892 19200
28893 52001
28894 54056
28895 58145
28896 19232
28897 28449
28898 60193
28899 58113
28900 63265
28901 58152
28902 55072
28903 17153
28904 27489
28905 61217
28906 56088
28907 51984
28908 49961
28909 27425
28910 56097
28911 27393
28912 52001
28913 54056
28914 49953
28915 17184
28916 17208
28917 54056
28918 18217
28919 27424
28920 25376
28921 49952
28922 25376
28923 58145
28924 58112
28925 49952
28926 59168
28927 58144
28928 25352
28929 17192
28930 2824
28931 49960
28932 25376
28933 49936
28934 58145
28935 49960
28936 55073
28937 49953
28938 19233
28939 62249
28940 58144
28941 27424
28942 19209
28943 19201
28944 49953
28945 27424
28946 62305
28947 49961
28948 25345
28949 54049
28950 49960
28951 17249
28952 52000
28953 25376
28954 54056
28955 50985
28956 17256
28957 58113
28958 63329
28959 49952
28960 20264
28961 62240
28962 19232
28963 27433
28964 25440
28965 60193
28966 19233
28967 25377
28968 51976
28969 27425
28970 27425
28971 54016
28972 52017
28973 27432
28974 49952
28975 49952
28976 52000
28977 23329
28978 49952
28979 17185
28980 19208
28981 55081
28982 56168
28983 56096
28984 27425
28985 19240
28986 49961
28987 21280
28988 55072
28989 49960
28990 19241
28991 17184
28992 49953
28993 19232
28994 19217
28995 52009
28996 17152
28997 26400
28998 62241
28999 61217
29000 19201
29001 64257
29002 27424
29003 49952
29004 60161
29005 27425
29006 26401
29007 58145
29008 49944
29009 19232
29010 25385
29011 58145
29012 54057
29013 25344
29014 56088
29015 27424
29016 25377
29017 63265
29018 60192
29019 49961
29020 27392
29021 49952
29022 17160
29023 56105
29024 55081
29025 27393
29026 50976
29027 54049
29028 26400
29029 49952
29030 51969
29031 52008
29032 27152
29033 58144
29034 56065
29035 27424
29036 55072
29037 49952
29038 17184
29039 17184
29040 19225
29041 58144
29042 49952
29043 58152
29044 17185
29045 60193
29046 53001
29047 50977
29048 19233
29049 27392
29050 27425
29051 25377
29052 52001
29053 19201
29054 54072
29055 55073
29056 54048
29057 58216
29058 27424
29059 52008
29060 54048
29061 27424
29062 27425
29063 49961
29064 49960
29065 17192
29066 26400
29067 54057
29068 27424
29069 52001
29070 56097
29071 56096
29072 56097
29073 25377
29074 62240
29075 58152
29076 54040
29077 27392
29078 25440
29079 27392
29080 52024
29081 58152
29082 61217
29083 54048
29084 62241
29085 54048
29086 49952
29087 49953
29088 52008
29089 19240
29090 58112
29091 49960
29092 60201
29093 63273
29094 58144
29095 49921
29096 49960
29097 58144
29098 65321
29099 58144
29100 25376
29101 54056
29102 17185
29103 58153
29104 25376
29105 56104
29106 49937
29107 49920
29108 20257
29109 54056
29110 60256
29111 19208
29112 58152
29113 19201
29114 50977
29115 26464
29116 19233
29117 58272
29118 49936
29119 49921
29120 25504
29121 49952
29122 54048
29123 50984
29124 60257
29125 56088
29126 59233
29127 17185
29128 52000
29129 58145
29130 55081
29131 58120
29132 49952
29133 27400
29134 27424
29135 49953
29136 58144
29137 27489
29138 25377
29139 51993
29140 25345
29141 54048
29142 23329
29143 56065
29144 52993
29145 52000
29146 49953
29147 49960
29148 54064
29149 25384
29150 27392
29151 58144
29152 8992
29153 27392
29154 17184
29155 54049
29156 49952
29157 60200
29158 57128
29159 25376
29160 25376
29161 20265
29162 17185
29163 50985
29164 27425
29165 25377
29166 27425
29167 25480
29168 27425
29169 57121
29170 25344
29171 55081
29172 49952
29173 54049
29174 56105
29175 17192
29176 39713
29177 51745
29178 56073
29179 58145
29180 52001
29181 54053
29182 55073
29183 52000
29184 62241
29185 54052
29186 54057
29187 26401
29188 58144
29189 54057
29190 25352
29191 17152
29192 19233
29193 49961
29194 58144
29195 58145
29196 27424
29197 52000
29198 19233
29199 19233
29200 27424
29201 29473
29202 27408
29203 27488
29204 58144
29205 50976
29206 53540
29207 27393
29208 49968
29209 17184
29210 63264
29211 49960
29212 17169
29213 19233
29214 51984
29215 49960
29216 27425
29217 62241
29218 27392
29219 27424
29220 19200
29221 52000
29222 19233
29223 51976
29224 25352
29225 60193
29226 49960
29227 56096
29228 19233
29229 54049
29230 62240
29231 19200
29232 49952
29233 50976
29234 62241
29235 60160
29236 25440
29237 2857
29238 26409
29239 19233
29240 54048
29241 49952
29242 25377
29243 49961
29244 49960
29245 58152
29246 25344
29247 49441
29248 17193
29249 52000
29250 19248
29251 19232
29252 8992
29253 25376
29254 54056
29255 17184
29256 58145
29257 55073
29258 19233
29259 58144
29260 58208
29261 53024
29262 25377
29263 61217
29264 49953
29265 17192
29266 60320
29267 62241
29268 17185
29269 19200
29270 25377
29271 53544
29272 50984
29273 19201
29274 17184
29275 54056
29276 54048
29277 52000
29278 58145
29279 49960
29280 52000
29281 49921
29282 19232
29283 19232
29284 60200
29285 54056
29286 17152
29287 25344
29288 49945
29289 54064
29290 27393
29291 55072
29292 58209
29293 56105
29294 27425
29295 54056
29296 54040
29297 49440
29298 64296
29299 54056
29300 58144
29301 28449
29302 52008
29303 27393
29304 19241
29305 27392
29306 51969
29307 19201
29308 63336
29309 19200
29310 19233
29311 27392
29312 53809
29313 19201
29314 27401
29315 54048
29316 52001
29317 25385
29318 62304
29319 58144
29320 58144
29321 60192
29322 54057
29323 58144
29324 25353
29325 58144
29326 17185
29327 55072
29328 52000
29329 28449
29330 19240
29331 27425
29332 54049
29333 25376
29334 49952
29335 19232
29336 19233
29337 25344
29338 56097
29339 49952
29340 58273
29341 17192
29342 27489
29343 49952
29344 28520
29345 19233
29346 29472
29347 52008
29348 54053
29349 54048
29350 58144
29351 57889
29352 51968
29353 62305
29354 49952
29355 54048
29356 25377
29357 19232
29358 17152
29359 60161
29360 54049
29361 56097
29362 25440
29363 51969
29364 52001
29365 17184
29366 58112
29367 56065
29368 49921
29369 58144
29370 49953
29371 19240
29372 49681
29373 58128
29374 25376
29375 58112
29376 49952
29377 54048
29378 19233
29379 60168
29380 58113
29381 17192
29382 54049
29383 54049
29384 54064
29385 49952
29386 54049
29387 51968
29388 19232
29389 25377
29390 58112
29391 19209
29392 49953
29393 27433
29394 49953
29395 59168
29396 25440
29397 27152
29398 58145
29399 19240
29400 58280
29401 59169
29402 63265
29403 27393
29404 58145
29405 58145
29406 52008
29407 25377
29408 55080
29409 19201
29410 25376
29411 27425
29412 19344
29413 49952
29414 54056
29415 49921
29416 56104
29417 59169
29418 54064
29419 54120
29420 52000
29421 25345
29422 50976
29423 49969
29424 49953
29425 25384
29426 54048
29427 62240
29428 21288
29429 27392
29430 55073
29431 17248
29432 17168
29433 60192
29434 29473
29435 19232
29436 17184
29437 19200
29438 25360
29439 58145
29440 58209
29441 18209
29442 53797
29443 58145
29444 27433
29445 58144
29446 49921
29447 25377
29448 52001
29449 26401
29450 25345
29451 49952
29452 54049
29453 27457
29454 27521
29455 56097
29456 25345
29457 49961
29458 58145
29459 49952
29460 49952
29461 25376
29462 27425
29463 58216
29464 55073
29465 54049
29466 28449
29467 58145
29468 52000
29469 52000
29470 58144
29471 63265
29472 63265
29473 65313
29474 52000
29475 49952
29476 54033
29477 19233
29478 55081
29479 52001
29480 27432
29481 54040
29482 27497
29483 19240
29484 19233
29485 58144
29486 27464
29487 58136
29488 55080
29489 51968
29490 49952
29491 17153
29492 58152
29493 25344
29494 17168
29495 27425
29496 25376
29497 49969
29498 58120
29499 55072
29500 27433
29501 53793
29502 52008
29503 27424
29504 52064
29505 17192
29506 55081
29507 63273
29508 58145
29509 62240
29510 19233
29511 27424
29512 55081
29513 58144
29514 50976
29515 17184
29516 52001
29517 17185
29518 52000
29519 58280
29520 56097
29521 19233
29522 58144
29523 52008
29524 58145
29525 49960
29526 17200
29527 58152
29528 52008
29529 58209
29530 49952
29531 54017
29532 56105
29533 54048
29534 27392
29535 17184
29536 19240
29537 54056
29538 54112
29539 19232
29540 49976
29541 49952
29542 49952
29543 52000
29544 17153
29545 19233
29546 54056
29547 54112
29548 27528
29549 19240
29550 49953
29551 27425
29552 52001
29553 49960
29554 58144
29555 19208
29556 17184
29557 49440
29558 49944
29559 58112
29560 19217
29561 27488
29562 52001
29563 52001
29564 54057
29565 58144
29566 19232
29567 59232
29568 54056
29569 60161
29570 49960
29571 62240
29572 52008
29573 56097
29574 58209
29575 49952
29576 63265
29577 59232
29578 49952
29579 54057
29580 21288
29581 52001
29582 52000
29583 25344
29584 25377
29585 52001
29586 49952
29587 61216
29588 49952
29589 17185
29590 49952
29591 27424
29592 52000
29593 49960
29594 58216
29595 61217
29596 49952
29597 27488
29598 20257
29599 17184
29600 63265
29601 54048
29602 17193
29603 19200
29604 25376
29605 60201
29606 54048
29607 19233
29608 58145
29609 49929
29610 49952
29611 49953
29612 60192
29613 54065
29614 49952
29615 19233
29616 25377
29617 53544
29618 57120
29619 17200
29620 55073
29621 59168
29622 54049
29623 54049
29624 55073
29625 27392
29626 25361
29627 27425
29628 49953
29629 63273
29630 57121
29631 23328
29632 19217
29633 49952
29634 53793
29635 49681
29636 58145
29637 52001
29638 62232
29639 63264
29640 56065
29641 25345
29642 54049
29643 50016
29644 25376
29645 54064
29646 50976
29647 61225
29648 27424
29649 19232
29650 49952
29651 19232
29652 58153
29653 51713
29654 58144
29655 54048
29656 58144
29657 54049
29658 52001
29659 27425
29660 52001
29661 28448
29662 19209
29663 52000
29664 49952
29665 58145
29666 58145
29667 54057
29668 25440
29669 62240
29670 54056
29671 19233
29672 52000
29673 49952
29674 59169
29675 49960
29676 25377
29677 54057
29678 63329
29679 59169
29680 25345
29681 27433
