# .PCD v0.7 - Point Cloud Data file
VERSION 0.7
FIELDS x y z label edge
SIZE 4 4 4 4 4
TYPE F F F I F
COUNT 1 1 1 1 1
WIDTH 26653
HEIGHT 1
VIEWPOINT 0 0 0 1 0 0 0
POINTS 26653
DATA ascii
0.332846 0.952972 0.367405 12 0.0
0.345814 0.959453 0.342181 12 0.0
0.348652 0.96156 0.377739 12 0.0
0.319877 0.946492 0.392629 12 0.0
0.317039 0.944385 0.357072 12 0.0
0.701078 -0.001591 0.263808 1 0.251703
0.158573 0.152348 0.752389 3 0.0
0.804604 0.817553 0.447064 12 1e-06
0.792086 0.83547 0.451635 12 1e-06
0.806129 0.814723 0.462328 12 1e-06
0.817122 0.799636 0.442492 12 1e-06
0.80308 0.820382 0.4318 12 1e-06
0.303502 0.935724 0.639275 6 0.0
0.315857 0.945263 0.632784 6 0.0
0.315517 0.94126 0.670276 6 0.0
0.291147 0.926186 0.645767 6 0.0
0.291487 0.930188 0.608274 6 0.0
0.12842 0.213829 0.38072 12 0.0
0.127108 0.281243 0.380895 12 0.0
0.128064 0.213715 0.422123 12 0.0
0.129731 0.146415 0.380546 12 0.0
0.128775 0.213943 0.339317 12 0.0
0.278611 0.000219 0.476608 1 0.0
0.251796 0.000133 0.477917 1 0.0
0.281764 0.000405 0.541242 1 0.0
0.305426 0.000306 0.475299 1 0.0
0.275457 3.4e-05 0.411974 1 0.0
0.74967 0.877174 0.749173 4 1.6e-05
0.132978 0.43737 0.598813 12 0.0
0.133947 0.445329 0.644514 12 0.0
0.131044 0.352925 0.613561 12 0.0
0.13201 0.429411 0.553112 12 0.0
0.134913 0.521816 0.584065 12 0.0
0.621572 0.078771 0.436886 5 0.0
0.619437 0.10532 0.446397 5 0.0
0.633359 0.072036 0.458331 5 0.0
0.623707 0.052221 0.427375 5 0.0
0.609785 0.085505 0.415441 5 0.0
0.13245 0.130509 0.695513 12 0.0
0.130759 0.172447 0.702571 12 0.0
0.13285 0.127545 0.713223 12 0.0
0.134142 0.088572 0.688455 12 0.0
0.13205 0.133474 0.677803 12 0.0
0.74154 0.000726 0.462973 1 0.0
0.768941 0.00139 0.451269 1 0.0
0.769267 0.00059 0.52788 1 0.0
0.714139 6.2e-05 0.474678 1 0.0
0.713813 0.000862 0.398066 1 0.0
0.337894 0.00107 0.283481 1 0.0
0.814315 0.002099 0.4491 1 0.0
0.745761 0.643258 0.327405 5 0.0
0.748117 0.63734 0.301765 5 0.0
0.733228 0.67233 0.319543 5 0.0
0.743405 0.649177 0.353045 5 0.0
0.758294 0.614187 0.335268 5 0.0
0.146513 0.538024 0.518749 12 0.0
0.153581 0.61314 0.539286 12 0.0
0.146028 0.520095 0.584495 12 0.0
0.139444 0.462909 0.498213 12 0.0
0.146997 0.555954 0.453003 12 0.0
0.829372 0.046104 0.351773 12 1e-06
0.833834 0.033551 0.317835 12 1e-06
0.816821 0.054393 0.347056 12 1e-06
0.82491 0.058658 0.38571 12 1e-06
0.841923 0.037815 0.356489 12 1e-06
0.162818 0.400463 0.494266 12 0.0
0.167109 0.492408 0.477223 12 0.0
0.163951 0.41113 0.552098 12 0.0
0.158527 0.308517 0.511309 12 0.0
0.161686 0.389796 0.436434 12 0.0
0.289836 0.499941 0.693305 7 0.0
0.288798 0.502303 0.713901 7 0.0
0.293947 0.457856 0.698338 7 0.0
0.290874 0.497579 0.672708 7 0.0
0.285725 0.542027 0.688271 7 0.0
0.493652 0.93349 0.718317 3 7e-06
0.169595 0.000482 0.651092 1 0.0
0.184223 0.000446 0.650527 1 0.0
0.171016 -0.000122 0.687929 1 0.0
0.154967 0.000517 0.651657 1 0.0
0.168175 0.001085 0.614255 1 0.0
0.131467 0.354661 0.267349 12 0.000456
0.170234 0.00367 0.699257 1 0.0
0.180923 0.00314 0.701462 1 0.0
0.167049 0.004173 0.71482 1 0.0
0.159545 0.0042 0.697053 1 0.0
0.173418 0.003168 0.683695 1 0.0
0.42067 -0.000168 0.29764 1 0.0
0.135414 0.24005 0.707482 12 0.0
0.472378 0.075485 0.630921 5 0.0
0.519148 0.076199 0.635735 5 0.0
0.472318 0.049553 0.63535 5 0.0
0.425607 0.074771 0.626107 5 0.0
0.472438 0.101418 0.626492 5 0.0
0.720413 -0.001128 0.715718 1 0.0
0.656833 0.961223 0.57558 12 0.0
0.642815 0.968702 0.569637 12 0.0
0.647917 0.963741 0.599781 12 0.0
0.670851 0.953744 0.581523 12 0.0
0.66575 0.958704 0.551379 12 0.0
0.551651 0.971516 0.684021 12 1e-06
0.550736 0.978857 0.705294 12 1e-06
0.578768 0.968417 0.686257 12 1e-06
0.552566 0.964175 0.662749 12 1e-06
0.524533 0.974615 0.681785 12 1e-06
0.135197 0.591856 0.686666 12 0.0
0.137312 0.637927 0.688779 12 0.0
0.135547 0.590849 0.70828 12 0.0
0.133082 0.545785 0.684553 12 0.0
0.134846 0.592864 0.665052 12 0.0
0.67951 0.933377 0.480334 12 1e-06
0.667657 0.939031 0.473054 12 1e-06
0.666465 0.940007 0.506723 12 1e-06
0.691363 0.927723 0.487614 12 1e-06
0.692555 0.926748 0.453945 12 1e-06
0.44177 0.93358 0.372132 9 0.000508
0.4862 0.937456 0.369191 9 0.000508
0.444505 0.929202 0.407672 9 0.000508
0.39734 0.929704 0.375073 9 0.000508
0.439036 0.937959 0.336592 9 0.000508
0.715472 0.928292 0.659175 12 0.0
0.700458 0.93906 0.668219 12 0.0
0.724213 0.921518 0.681752 12 0.0
0.730487 0.917523 0.650131 12 0.0
0.706731 0.935066 0.636598 12 0.0
0.574664 0.061859 0.612248 5 0.0
0.569154 0.083396 0.611605 5 0.0
0.601191 0.068037 0.591836 5 0.0
0.580175 0.040322 0.612892 5 0.0
0.548138 0.055681 0.632661 5 0.0
0.25348 0.900012 0.751471 3 0.999999
0.61003 0.138723 0.429275 5 0.0
0.602308 0.183706 0.42694 5 0.0
0.623343 0.142389 0.455878 5 0.0
0.617751 0.09374 0.43161 5 0.0
0.596716 0.135057 0.402672 5 0.0
0.135397 0.059577 0.704034 12 0.0
0.134075 0.078991 0.698541 12 0.0
0.13492 0.06422 0.720557 12 0.0
0.136718 0.040164 0.709527 12 0.0
0.135873 0.054935 0.687511 12 0.0
0.31006 0.150967 0.49797 2 0.0
0.308824 0.17284 0.476181 2 0.0
0.336097 0.191396 0.537076 2 0.0
0.311295 0.129095 0.519759 2 0.0
0.284023 0.110539 0.458863 2 0.0
0.63136 0.073913 0.530179 5 0.0
0.625678 0.099653 0.522887 5 0.0
0.625154 0.079758 0.555646 5 0.0
0.637042 0.048173 0.53747 5 0.0
0.637567 0.068069 0.504711 5 0.0
0.512785 0.892571 0.345853 9 0.0032
0.476843 0.891499 0.370202 9 0.0032
0.524884 0.872586 0.362833 9 0.0032
0.548727 0.893642 0.321505 9 0.0032
0.500686 0.912555 0.328873 9 0.0032
0.134921 0.536853 0.615157 12 0.0
0.136993 0.546661 0.653608 12 0.0
0.134421 0.477478 0.630329 12 0.0
0.132849 0.527045 0.576707 12 0.0
0.135421 0.596228 0.599985 12 0.0
0.866347 0.362684 0.65316 12 0.0
0.865741 0.362122 0.684946 12 0.0
0.866437 0.265361 0.651441 12 0.0
0.866953 0.363246 0.621374 12 0.0
0.866257 0.460007 0.65488 12 0.0
0.266688 0.000235 0.355521 1 0.0
0.224736 0.000746 0.349853 1 0.0
0.262133 0.000335 0.389249 1 0.0
0.308641 -0.000276 0.361189 1 0.0
0.271244 0.000135 0.321793 1 0.0
0.343628 0.835439 0.639789 10 0.954261
0.367439 0.87335 0.62903 10 0.954261
0.362786 0.82906 0.659711 10 0.954261
0.319816 0.797528 0.650548 10 0.954261
0.32447 0.841818 0.619867 10 0.954261
0.251721 0.000565 0.38635 1 0.0
0.219641 0.000791 0.402297 1 0.0
0.272324 0.0004 0.427798 1 0.0
0.2838 0.00034 0.370403 1 0.0
0.231117 0.000731 0.344902 1 0.0
0.164215 0.767632 0.493283 12 0.0
0.171575 0.784985 0.48251 12 0.0
0.170174 0.781609 0.519868 12 0.0
0.156855 0.750278 0.504056 12 0.0
0.158257 0.753655 0.466698 12 0.0
0.79029 0.85206 0.322626 12 0.006992
0.778917 0.866808 0.332766 12 0.006992
0.797491 0.842569 0.344508 12 0.006992
0.801663 0.837313 0.312486 12 0.006992
0.783089 0.861552 0.300745 12 0.006992
0.82088 0.000513 0.335888 1 0.0
0.837019 0.000656 0.339113 1 0.0
0.815221 -0.00027 0.364234 1 0.0
0.804741 0.00037 0.332662 1 0.0
0.826539 0.001295 0.307541 1 0.0
0.181877 0.798985 0.607936 12 0.0
0.192751 0.819431 0.608721 12 0.0
0.179609 0.798462 0.652985 12 0.0
0.171003 0.778539 0.607151 12 0.0
0.184145 0.799508 0.562886 12 0.0
0.539248 0.082356 0.625515 5 0.0
0.526593 0.108011 0.624503 5 0.0
0.511178 0.069058 0.639408 5 0.0
0.551903 0.056701 0.626527 5 0.0
0.567318 0.095654 0.611622 5 0.0
0.636114 0.069335 0.477102 5 0.0
0.630308 0.093619 0.479848 5 0.0
0.639842 0.066796 0.507436 5 0.0
0.641921 0.045052 0.474355 5 0.0
0.632387 0.071875 0.446768 5 0.0
0.73639 0.12677 0.246117 13 0.0
0.759779 0.157689 0.246709 13 0.0
0.699938 0.154365 0.245098 13 0.0
0.713 0.095851 0.245524 13 0.0
0.772841 0.099175 0.247136 13 0.0
0.329828 0.456406 0.411666 7 0.0
0.311184 0.49742 0.410567 7 0.0
0.331295 0.458446 0.462928 7 0.0
0.348473 0.415391 0.412765 7 0.0
0.328361 0.454366 0.360404 7 0.0
0.217397 0.756408 0.337216 8 0.999896
0.212701 0.783264 0.318354 8 0.999896
0.245137 0.779985 0.363878 8 0.999896
0.222093 0.729552 0.356077 8 0.999896
0.189657 0.732832 0.310553 8 0.999896
0.317807 0.289321 0.386513 5 2e-06
0.277975 0.341067 0.388482 5 2e-06
0.294727 0.270133 0.423874 5 2e-06
0.357639 0.237575 0.384544 5 2e-06
0.340886 0.308508 0.349152 5 2e-06
0.13197 0.344328 0.439252 12 0.0
0.131882 0.353263 0.382659 12 0.0
0.131937 0.447193 0.455492 12 0.0
0.132059 0.335393 0.495845 12 0.0
0.132004 0.241463 0.423012 12 0.0
0.757815 0.044005 0.359165 1 3.6e-05
0.79299 0.035817 0.353728 1 3.6e-05
0.763293 0.045421 0.392468 1 3.6e-05
0.72264 0.052193 0.364603 1 3.6e-05
0.752337 0.042588 0.325862 1 3.6e-05
0.128465 0.466232 0.306724 12 0.32163
0.130487 0.498749 0.305139 12 0.32163
0.127582 0.467242 0.32631 12 0.32163
0.126442 0.433716 0.308309 12 0.32163
0.129348 0.465223 0.287139 12 0.32163
0.43247 9.9e-05 0.298187 1 2e-06
0.752471 0.013087 0.546674 1 0.0
0.789564 0.013257 0.543932 1 0.0
0.75726 0.00921 0.611208 1 0.0
0.715379 0.012918 0.549417 1 0.0
0.747683 0.016964 0.482141 1 0.0
0.323129 0.076586 0.35495 2 0.999997
0.284605 0.103965 0.381002 2 0.999997
0.333182 0.074579 0.371925 2 0.999997
0.361653 0.049208 0.328898 2 0.999997
0.313076 0.078594 0.337974 2 0.999997
0.499016 -0.00156 0.731046 1 0.0
0.865419 0.034569 0.501824 12 0.0
0.799628 -0.000571 0.518678 1 0.0
0.776948 -0.001306 0.518359 1 0.0
0.798615 -0.000382 0.59037 1 0.0
0.822309 0.000164 0.518997 1 0.0
0.800641 -0.00076 0.446986 1 0.0
0.139615 0.630564 0.679367 12 0.0
0.143126 0.670299 0.674528 12 0.0
0.140135 0.633456 0.703487 12 0.0
0.136105 0.590829 0.684206 12 0.0
0.139096 0.627673 0.655247 12 0.0
0.759178 -0.001455 0.344854 1 0.0
0.724908 -0.002512 0.334549 1 0.0
0.750355 -0.002516 0.374306 1 0.0
0.793448 -0.000398 0.355159 1 0.0
0.768001 -0.000394 0.315403 1 0.0
0.16788 0.536382 0.444291 12 0.0
0.167468 0.535496 0.39003 12 0.0
0.175071 0.605409 0.44311 12 0.0
0.168293 0.537268 0.498552 12 0.0
0.160689 0.467355 0.445473 12 0.0
0.229088 0.095225 0.644074 12 1e-06
0.223199 0.11907 0.648492 12 1e-06
0.201324 0.082882 0.673687 12 1e-06
0.234976 0.071381 0.639656 12 1e-06
0.256852 0.107568 0.614461 12 1e-06
0.133915 0.066664 0.68271 12 0.0
0.132803 0.08662 0.67439 12 0.0
0.133588 0.075716 0.704466 12 0.0
0.135027 0.046707 0.69103 12 0.0
0.134242 0.057612 0.660954 12 0.0
0.865274 0.614546 0.306268 9 1e-06
0.864935 0.643433 0.29885 9 1e-06
0.86454 0.61917 0.32431 9 1e-06
0.865613 0.585658 0.313685 9 1e-06
0.866009 0.609921 0.288226 9 1e-06
0.174875 0.764428 0.375165 12 0.0
0.184191 0.787458 0.367555 12 0.0
0.183252 0.774154 0.414851 12 0.0
0.16556 0.741398 0.382776 12 0.0
0.166498 0.754702 0.33548 12 0.0
0.864808 0.598158 0.371828 12 0.0
0.863608 0.63593 0.380046 12 0.0
0.865445 0.589685 0.410862 12 0.0
0.866009 0.560386 0.363609 12 0.0
0.864172 0.606631 0.332793 12 0.0
0.518576 0.893726 0.359865 10 0.001683
0.549224 0.912258 0.362958 10 0.001683
0.513039 0.898077 0.388671 10 0.001683
0.487929 0.875195 0.356773 10 0.001683
0.524114 0.889375 0.33106 10 0.001683
0.133504 0.06269 0.66445 12 0.0
0.133237 0.082777 0.666241 12 0.0
0.134735 0.060095 0.693727 12 0.0
0.133772 0.042602 0.662659 12 0.0
0.132274 0.065284 0.635173 12 0.0
0.866717 0.254263 0.632217 12 0.0
0.86748 0.334007 0.614126 12 0.0
0.866177 0.261881 0.665774 12 0.0
0.865953 0.174519 0.650308 12 0.0
0.867257 0.246645 0.59866 12 0.0
0.141874 0.529301 0.408241 12 0.0
0.149453 0.610201 0.398505 12 0.0
0.142778 0.535152 0.457555 12 0.0
0.134295 0.448402 0.417977 12 0.0
0.14097 0.523451 0.358927 12 0.0
0.135209 0.034165 0.335373 12 0.0
0.13527 0.033736 0.306101 12 0.0
0.135227 0.046766 0.335188 12 0.0
0.135148 0.034595 0.364645 12 0.0
0.13519 0.021565 0.335558 12 0.0
0.12662 0.246517 0.274379 12 0.010521
0.49267 0.993859 0.729741 12 0.0
0.529751 0.901969 0.395409 10 0.000125
0.566554 0.920259 0.370087 10 0.000125
0.563367 0.883129 0.430658 10 0.000125
0.492948 0.88368 0.42073 10 0.000125
0.496136 0.920809 0.36016 10 0.000125
0.131139 0.096464 0.534767 12 0.0
0.130889 0.126623 0.534007 12 0.0
0.130651 0.098127 0.600886 12 0.0
0.131389 0.066305 0.535528 12 0.0
0.131627 0.094801 0.468648 12 0.0
0.157618 0.756865 0.750181 3 1.0
0.466068 0.991144 0.390097 12 0.0
0.446692 0.990893 0.385375 12 0.0
0.458029 0.99274 0.423 12 0.0
0.485444 0.991396 0.394818 12 0.0
0.474107 0.989548 0.357193 12 0.0
0.215671 -0.001626 0.64171 1 0.0
0.190892 -0.001175 0.634708 1 0.0
0.205879 -0.001066 0.676402 1 0.0
0.240451 -0.002077 0.648711 1 0.0
0.225463 -0.002186 0.607018 1 0.0
0.155214 0.735075 0.370598 12 0.0
0.162097 0.756857 0.369692 12 0.0
0.15707 0.736165 0.410933 12 0.0
0.148331 0.713293 0.371503 12 0.0
0.153357 0.733985 0.330262 12 0.0
0.427024 0.000406 0.275373 1 0.005983
0.141884 0.548531 0.707911 12 0.0
0.835962 0.764393 0.450556 12 0.0
0.833612 0.767864 0.402561 12 0.0
0.827486 0.783615 0.452361 12 0.0
0.838312 0.760923 0.49855 12 0.0
0.844439 0.745172 0.448751 12 0.0
0.556981 0.862292 0.687188 3 3e-06
0.567546 0.88402 0.667468 3 3e-06
0.507688 0.880869 0.681246 3 3e-06
0.546416 0.840565 0.706907 3 3e-06
0.606274 0.843715 0.693129 3 3e-06
0.740325 0.010174 0.414554 1 0.0
0.76944 0.010223 0.398252 1 0.0
0.76916 0.012056 0.466059 1 0.0
0.711209 0.010125 0.430857 1 0.0
0.711489 0.008292 0.36305 1 0.0
0.614067 0.061435 0.574325 5 0.0
0.610304 0.083279 0.573269 5 0.0
0.598342 0.060069 0.602125 5 0.0
0.61783 0.039591 0.57538 5 0.0
0.629792 0.062801 0.546524 5 0.0
0.298377 0.000238 0.383738 1 0.0
0.32095 0.000252 0.401613 1 0.0
0.266984 0.000517 0.423382 1 0.0
0.275804 0.000224 0.365863 1 0.0
0.32977 -4.2e-05 0.344095 1 0.0
0.262681 0.078545 0.493859 2 0.999939
0.228077 0.105254 0.492126 2 0.999939
0.257272 0.075392 0.553272 2 0.999939
0.297284 0.051836 0.495591 2 0.999939
0.26809 0.081698 0.434445 2 0.999939
0.77659 -0.000937 0.315538 1 0.0
0.747231 -0.001731 0.32458 1 0.0
0.782698 -0.000934 0.33537 1 0.0
0.805948 -0.000144 0.306495 1 0.0
0.770482 -0.000941 0.295706 1 0.0
0.765789 0.876737 0.656001 12 0.0
0.752374 0.89188 0.662581 12 0.0
0.773024 0.870076 0.686081 12 0.0
0.779204 0.861594 0.649422 12 0.0
0.758554 0.883397 0.625922 12 0.0
0.820038 0.800971 0.689992 12 0.0
0.815363 0.813334 0.701316 12 0.0
0.827605 0.789336 0.705818 12 0.0
0.824712 0.788609 0.678668 12 0.0
0.81247 0.812606 0.674166 12 0.0
0.205897 0.747496 0.496688 12 1.1e-05
0.218322 0.779956 0.489046 12 1.1e-05
0.209674 0.758792 0.55081 12 1.1e-05
0.193472 0.715035 0.50433 12 1.1e-05
0.202119 0.736199 0.442565 12 1.1e-05
0.133274 0.362341 0.397292 12 0.0
0.133253 0.357041 0.442311 12 0.0
0.1321 0.255257 0.384686 12 0.0
0.133294 0.36764 0.352273 12 0.0
0.134447 0.469425 0.409898 12 0.0
0.823694 0.800515 0.648914 12 0.0
0.816847 0.813098 0.637049 12 0.0
0.816506 0.814514 0.667908 12 0.0
0.83054 0.787932 0.660779 12 0.0
0.830881 0.786516 0.62992 12 0.0
0.62167 -0.00132 0.665108 1 0.0
0.18812 0.758536 0.573535 12 0.0
0.196423 0.77866 0.574385 12 0.0
0.187647 0.756878 0.617416 12 0.0
0.179817 0.738412 0.572685 12 0.0
0.188593 0.760195 0.529654 12 0.0
0.365601 0.062146 0.578364 5 0.0
0.373381 0.08468 0.577564 5 0.0
0.385072 0.056365 0.604889 5 0.0
0.357821 0.039612 0.579164 5 0.0
0.346131 0.067927 0.551839 5 0.0
0.268378 -0.000675 0.615762 1 0.0
0.294274 -0.000767 0.590666 1 0.0
0.302366 -0.000892 0.650834 1 0.0
0.242482 -0.000584 0.640858 1 0.0
0.23439 -0.000459 0.58069 1 0.0
0.720109 0.514536 0.309784 8 0.0
0.726477 0.538145 0.300506 8 0.0
0.721491 0.521931 0.329549 8 0.0
0.713741 0.490928 0.319061 8 0.0
0.718726 0.507142 0.290018 8 0.0
0.677503 0.189933 0.244866 13 0.0
0.709624 0.23825 0.245577 13 0.0
0.625693 0.22439 0.243927 13 0.0
0.645382 0.141616 0.244156 13 0.0
0.729312 0.155477 0.245806 13 0.0
0.606262 0.745115 0.682979 7 0.0
0.586398 0.761038 0.693988 7 0.0
0.614159 0.740124 0.704447 7 0.0
0.626126 0.729192 0.671971 7 0.0
0.598365 0.750106 0.661512 7 0.0
0.129142 0.234423 0.553056 12 0.0
0.130349 0.245378 0.612502 12 0.0
0.130684 0.162382 0.566301 12 0.0
0.127935 0.223468 0.49361 12 0.0
0.1276 0.306464 0.539811 12 0.0
0.217393 0.838516 0.360755 12 0.0
0.229081 0.853247 0.351633 12 0.0
0.228561 0.850607 0.394591 12 0.0
0.205705 0.823784 0.369877 12 0.0
0.206224 0.826424 0.32692 12 0.0
0.504432 0.002478 0.649639 5 0.999966
0.201795 0.841178 0.416136 12 0.0
0.21447 0.858818 0.412555 12 0.0
0.203791 0.845552 0.444746 12 0.0
0.18912 0.823538 0.419717 12 0.0
0.199799 0.836804 0.387526 12 0.0
0.131644 0.496539 0.358652 12 0.0
0.135642 0.570281 0.34559 12 0.0
0.132296 0.502228 0.390967 12 0.0
0.127645 0.422797 0.371715 12 0.0
0.130991 0.49085 0.326338 12 0.0
0.430435 0.990351 0.41237 9 0.0
0.420676 0.989729 0.410609 9 0.0
0.426162 0.990181 0.436117 9 0.0
0.440194 0.990974 0.41413 9 0.0
0.434709 0.990521 0.388623 9 0.0
0.69476 0.000493 0.438635 1 0.0
0.676366 0.000393 0.445223 1 0.0
0.715187 -0.001394 0.495644 1 0.0
0.713155 0.000594 0.432047 1 0.0
0.674333 0.002381 0.381627 1 0.0
0.128191 0.245388 0.310245 12 1e-06
0.127642 0.282144 0.279053 12 0.00165
0.132689 0.369097 0.298054 12 2e-05
0.269763 0.913266 0.339207 12 1e-06
0.27771 0.920445 0.350818 12 1e-06
0.261955 0.905205 0.349534 12 1e-06
0.261817 0.906087 0.327595 12 1e-06
0.277571 0.921327 0.328879 12 1e-06
0.74608 -2e-06 0.617359 1 0.0
0.784455 0.000568 0.612753 1 0.0
0.751129 6.1e-05 0.659429 1 0.0
0.707705 -0.000572 0.621965 1 0.0
0.741031 -6.4e-05 0.575289 1 0.0
0.502015 0.847283 0.265091 13 0.0
0.303446 0.014142 0.625951 1 0.0
0.319601 0.015369 0.603186 1 0.0
0.348644 0.01248 0.657934 1 0.0
0.287292 0.012914 0.648716 1 0.0
0.258249 0.015804 0.593968 1 0.0
0.425393 0.184279 0.390738 2 0.0
0.416126 0.232761 0.396669 2 0.0
0.386489 0.175029 0.405571 2 0.0
0.43466 0.135797 0.384807 2 0.0
0.464297 0.19353 0.375906 2 0.0
0.154372 0.744924 0.268767 12 0.063092
0.667911 0.951821 0.494361 12 0.0
0.65283 0.95996 0.494607 12 0.0
0.667756 0.950084 0.542276 12 0.0
0.682992 0.943683 0.494114 12 0.0
0.668066 0.953559 0.446445 12 0.0
0.201717 0.030016 0.640373 1 0.0
0.183195 0.02745 0.633781 1 0.0
0.190576 0.020584 0.675347 1 0.0
0.220239 0.032581 0.646964 1 0.0
0.212857 0.039447 0.605398 1 0.0
0.131506 0.138777 0.654047 12 0.0
0.130982 0.182536 0.647883 12 0.0
0.131718 0.143133 0.684957 12 0.0
0.13203 0.095017 0.660212 12 0.0
0.131295 0.13442 0.623138 12 0.0
0.513099 0.880731 0.63346 11 0.000576
0.46065 0.898967 0.656351 11 0.000576
0.514252 0.859066 0.653359 11 0.000576
0.565549 0.862494 0.610568 11 0.000576
0.511947 0.902395 0.61356 11 0.000576
0.164298 0.35245 0.561442 12 0.0
0.170624 0.440582 0.561961 12 0.0
0.163992 0.352173 0.612292 12 0.0
0.157971 0.264318 0.560923 12 0.0
0.164603 0.352728 0.510592 12 0.0
0.707763 0.266676 0.401963 5 1e-06
0.731808 0.323319 0.380115 5 1e-06
0.740902 0.269833 0.446619 5 1e-06
0.683718 0.210033 0.423811 5 1e-06
0.674624 0.263519 0.357308 5 1e-06
0.135429 0.396962 0.52269 12 0.0
0.134746 0.49061 0.565552 12 0.0
0.13469 0.371353 0.578632 12 0.0
0.136112 0.303315 0.479829 12 0.0
0.136169 0.422572 0.466749 12 0.0
0.367279 0.041652 0.38801 2 0.0
0.36831 0.056336 0.390743 2 0.0
0.34896 0.039369 0.407179 2 0.0
0.366248 0.026967 0.385276 2 0.0
0.385598 0.043934 0.36884 2 0.0
0.491462 -0.002839 0.716857 1 0.0
0.32587 0.002045 0.556123 1 2e-06
0.263243 0.905007 0.322562 12 1e-06
0.279149 0.919457 0.321802 12 1e-06
0.265043 0.904308 0.346931 12 1e-06
0.247338 0.890557 0.323323 12 1e-06
0.261443 0.905706 0.298194 12 1e-06
0.158314 0.037127 0.679156 12 0.0
0.163291 0.044643 0.655679 12 0.0
0.158073 0.047191 0.682327 12 0.0
0.153336 0.029611 0.702634 12 0.0
0.158555 0.027063 0.675986 12 0.0
0.511323 0.929625 0.628511 10 0.0036
0.499769 0.950459 0.630058 10 0.0036
0.509161 0.925647 0.665947 10 0.0036
0.522877 0.908791 0.626964 10 0.0036
0.513485 0.933603 0.591075 10 0.0036
0.823927 0.763952 0.69669 12 0.853664
0.822858 0.78367 0.689333 12 0.853664
0.823122 0.767424 0.706113 12 0.853664
0.824995 0.744234 0.704047 12 0.853664
0.824731 0.76048 0.687267 12 0.853664
0.150758 0.730299 0.69862 12 0.0
0.157319 0.752654 0.696644 12 0.0
0.151204 0.731786 0.716914 12 0.0
0.144198 0.707944 0.700597 12 0.0
0.150313 0.728812 0.680326 12 0.0
0.179382 0.215424 0.442242 12 0.0
0.172611 0.276633 0.47147 12 0.0
0.18138 0.190965 0.493927 12 0.0
0.186152 0.154216 0.413014 12 0.0
0.177384 0.239884 0.390558 12 0.0
0.130859 0.502869 0.336383 12 5.8e-05
0.135215 0.574856 0.323262 12 5.8e-05
0.131314 0.507489 0.361883 12 5.8e-05
0.126502 0.430882 0.349503 12 5.8e-05
0.130404 0.498249 0.310883 12 5.8e-05
0.748805 0.897018 0.424352 12 0.0
0.741294 0.904468 0.426948 12 0.0
0.755804 0.892395 0.457878 12 0.0
0.756317 0.889568 0.421757 12 0.0
0.741807 0.901642 0.390826 12 0.0
0.454591 0.003696 0.293795 1 0.050246
0.405296 0.083447 0.613586 5 0.0
0.408702 0.112623 0.607275 5 0.0
0.435932 0.083819 0.631844 5 0.0
0.401889 0.054272 0.619896 5 0.0
0.374659 0.083075 0.595328 5 0.0
0.505393 0.883928 0.395227 10 9.4e-05
0.4965 0.905773 0.353755 10 9.4e-05
0.460294 0.880383 0.403031 10 9.4e-05
0.514286 0.862083 0.436698 10 9.4e-05
0.550493 0.887472 0.387423 10 9.4e-05
0.425829 0.187044 0.41253 5 0.0
0.420223 0.226157 0.428479 5 0.0
0.40838 0.176604 0.431999 5 0.0
0.431436 0.147932 0.396581 5 0.0
0.443279 0.197484 0.393061 5 0.0
0.185205 0.029039 0.467813 1 0.0
0.28452 0.879309 0.282814 13 0.000128
0.302642 0.891776 0.28538 13 0.000128
0.277763 0.888534 0.285714 13 0.000128
0.266398 0.866842 0.280248 13 0.000128
0.291277 0.870084 0.279914 13 0.000128
0.32486 0.86407 0.35205 9 0.006207
0.341275 0.875461 0.33482 9 0.006207
0.339459 0.878326 0.375382 9 0.006207
0.308446 0.85268 0.36928 9 0.006207
0.310262 0.849815 0.328719 9 0.006207
0.249334 -0.000931 0.597419 1 0.0
0.284245 -0.001064 0.589986 1 0.0
0.25958 -0.000808 0.645538 1 0.0
0.214422 -0.000797 0.604852 1 0.0
0.239088 -0.001053 0.5493 1 0.0
0.132171 0.462171 0.279205 12 0.000453
0.865239 0.076217 0.487516 12 0.0
0.865378 0.098919 0.484711 12 0.0
0.865061 0.085512 0.562734 12 0.0
0.8651 0.053516 0.490321 12 0.0
0.865417 0.066923 0.412298 12 0.0
0.354776 0.051827 0.529668 5 0.0
0.358118 0.06997 0.531781 5 0.0
0.353051 0.047701 0.567819 5 0.0
0.351433 0.033685 0.527554 5 0.0
0.3565 0.055954 0.491516 5 0.0
0.769739 0.000403 0.253931 13 0.916241
0.637337 -0.001622 0.694923 1 0.0
0.135556 0.645707 0.547012 12 0.0
0.136978 0.670849 0.550034 12 0.0
0.135415 0.638403 0.607845 12 0.0
0.134134 0.620565 0.54399 12 0.0
0.135697 0.653011 0.48618 12 0.0
0.65394 0.204783 0.245438 13 0.0
0.714047 0.248385 0.246651 13 0.0
0.622382 0.248304 0.244779 13 0.0
0.593832 0.16118 0.244226 13 0.0
0.685497 0.161262 0.246097 13 0.0
0.177765 0.790918 0.331575 12 2.4e-05
0.185438 0.804788 0.349029 12 2.4e-05
0.168581 0.770874 0.35154 12 2.4e-05
0.170092 0.777048 0.314121 12 2.4e-05
0.186948 0.810962 0.311609 12 2.4e-05
0.283671 0.712466 0.344174 8 0.0
0.316629 0.757335 0.348173 8 0.0
0.284209 0.709083 0.377691 8 0.0
0.250712 0.667597 0.340175 8 0.0
0.283132 0.715849 0.310656 8 0.0
0.137268 0.033332 0.70215 12 0.0
0.137746 0.02919 0.685111 12 0.0
0.136143 0.044344 0.699441 12 0.0
0.13679 0.037475 0.719189 12 0.0
0.138393 0.022321 0.704859 12 0.0
0.497938 -0.002416 0.697014 1 0.0
0.383411 -0.000116 0.653609 1 0.0
0.194495 -0.000406 0.713502 1 0.0
0.190893 0.000119 0.725529 1 0.0
0.21443 -0.000919 0.719495 1 0.0
0.198097 -0.00093 0.701475 1 0.0
0.17456 0.000108 0.707509 1 0.0
0.500718 0.312437 0.24872 13 1e-06
0.867793 0.200486 0.619874 12 0.0
0.86869 0.265155 0.620917 12 0.0
0.867319 0.19983 0.660925 12 0.0
0.866895 0.135816 0.618832 12 0.0
0.868267 0.201141 0.578824 12 0.0
0.200824 0.000365 0.322455 1 0.0
0.224249 -0.000284 0.320506 1 0.0
0.202911 6.9e-05 0.347633 1 0.0
0.177398 0.001014 0.324405 1 0.0
0.198736 0.000662 0.297278 1 0.0
0.604003 0.176461 0.447453 5 0.0
0.595212 0.232997 0.445164 5 0.0
0.612918 0.179283 0.482894 5 0.0
0.612795 0.119926 0.449742 5 0.0
0.595089 0.17364 0.412012 5 0.0
0.755613 -0.000459 0.450223 1 0.0
0.789458 -9.9e-05 0.444835 1 0.0
0.76534 -0.000661 0.51131 1 0.0
0.721768 -0.00082 0.455611 1 0.0
0.745887 -0.000258 0.389136 1 0.0
0.59841 0.093219 0.636081 2 0.0
0.595228 0.124431 0.624072 2 0.0
0.636521 0.089701 0.61684 2 0.0
0.601593 0.062006 0.64809 2 0.0
0.560299 0.096736 0.655322 2 0.0
0.77238 0.02481 0.68589 1 1e-06
0.763763 0.030345 0.673533 1 1e-06
0.758526 0.02991 0.697835 1 1e-06
0.780997 0.019276 0.698248 1 1e-06
0.786233 0.01971 0.673946 1 1e-06
0.259778 0.143646 0.351971 5 0.958134
0.224466 0.16335 0.342778 5 0.958134
0.287103 0.200724 0.369349 5 0.958134
0.29509 0.123943 0.361164 5 0.958134
0.232454 0.086568 0.334593 5 0.958134
0.624621 0.958068 0.25096 13 0.002696
0.301183 0.790395 0.257804 13 0.0
0.349992 0.848576 0.257317 13 0.0
0.278982 0.809021 0.258066 13 0.0
0.252375 0.732213 0.258291 13 0.0
0.323384 0.771768 0.257541 13 0.0
0.240302 0.683071 0.337185 8 3e-06
0.263466 0.715156 0.338111 8 3e-06
0.225385 0.693055 0.364422 8 3e-06
0.217139 0.650986 0.33626 8 3e-06
0.25522 0.673087 0.309949 8 3e-06
0.134383 0.58461 0.347699 12 0.0
0.138594 0.636705 0.343488 12 0.0
0.134173 0.587319 0.381003 12 0.0
0.130172 0.532515 0.35191 12 0.0
0.134593 0.581901 0.314395 12 0.0
0.353515 0.755007 0.31546 8 0.0
0.379777 0.775015 0.315879 8 0.0
0.358725 0.747673 0.339109 8 0.0
0.327253 0.735 0.315041 8 0.0
0.348305 0.762341 0.291811 8 0.0
0.268598 0.038437 0.412051 1 0.0
0.256257 0.04245 0.429018 1 0.0
0.297345 0.040641 0.432439 1 0.0
0.280939 0.034424 0.395084 1 0.0
0.23985 0.036233 0.391662 1 0.0
0.806997 0.823567 0.337927 12 0.0
0.798443 0.837626 0.334707 12 0.0
0.802699 0.827344 0.36584 12 0.0
0.815552 0.809508 0.341146 12 0.0
0.811296 0.81979 0.310013 12 0.0
0.340573 0.957463 0.669946 12 1e-06
0.334894 0.956494 0.675205 12 1e-06
0.35342 0.96604 0.685398 12 1e-06
0.346252 0.958431 0.664687 12 1e-06
0.327726 0.948885 0.654494 12 1e-06
0.770754 0.105349 0.314569 13 0.999306
0.779084 0.140349 0.315622 13 0.999306
0.740702 0.111832 0.336819 13 0.999306
0.762424 0.070348 0.313516 13 0.999306
0.800806 0.098866 0.292319 13 0.999306
0.573346 -0.000196 0.278492 1 1.5e-05
0.728276 -0.001705 0.279962 1 0.039098
0.662663 -0.001262 0.292256 1 0.000349
0.614706 0.806125 0.525829 5 1e-06
0.680873 0.771166 0.463548 5 1e-06
0.638588 0.799964 0.55466 5 1e-06
0.590823 0.812287 0.496998 5 1e-06
0.195111 0.012587 0.489191 1 0.0
0.26325 0.079342 0.614776 5 1e-06
0.235166 0.081934 0.575393 5 1e-06
0.240765 0.100022 0.632171 5 1e-06
0.291333 0.07675 0.654159 5 1e-06
0.285735 0.058662 0.597381 5 1e-06
0.793435 0.050697 0.449568 1 0.999909
0.862418 0.002429 0.294455 1 0.93706
0.207678 -0.000114 0.255114 1 0.988529
0.134019 0.001504 0.345847 1 0.999342
0.404652 0.099937 0.40237 5 0.0
0.434405 0.117036 0.387324 5 0.0
0.396969 0.127394 0.418379 5 0.0
0.3749 0.082839 0.417417 5 0.0
0.412336 0.072481 0.386362 5 0.0
0.490955 0.900956 0.362332 9 0.008161
0.499686 0.931756 0.327888 9 0.008161
0.515642 0.900666 0.368331 9 0.008161
0.482224 0.870156 0.396776 9 0.008161
0.466268 0.901245 0.356333 9 0.008161
0.638668 0.857458 0.342941 9 0.000244
0.614105 0.884974 0.345244 9 0.000244
0.63178 0.84926 0.367439 9 0.000244
0.66323 0.829942 0.340639 9 0.000244
0.645555 0.865656 0.318444 9 0.000244
0.69045 0.342585 0.380648 5 0.0
0.714423 0.389241 0.362092 5 0.0
0.705478 0.3498 0.418204 5 0.0
0.666477 0.295928 0.399204 5 0.0
0.675423 0.33537 0.343091 5 0.0
0.624609 0.199118 0.437391 5 0.0
0.632988 0.141562 0.448617 5 0.0
0.638985 0.208321 0.473846 5 0.0
0.616229 0.256673 0.426164 5 0.0
0.610233 0.189914 0.400936 5 0.0
0.746725 0.048735 0.379972 1 0.999083
0.717283 0.062862 0.347563 1 0.999083
0.718756 0.058435 0.409609 1 0.999083
0.776167 0.034607 0.412382 1 0.999083
0.774694 0.039035 0.350336 1 0.999083
0.601902 0.090984 0.581017 5 0.0
0.581609 0.103052 0.603086 5 0.0
0.60029 0.062509 0.595105 5 0.0
0.622195 0.078915 0.558947 5 0.0
0.603515 0.119459 0.566929 5 0.0
0.210474 0.838251 0.666545 6 0.0
0.217059 0.849736 0.686378 6 0.0
0.193907 0.815739 0.685083 6 0.0
0.203888 0.826766 0.646712 6 0.0
0.227041 0.860764 0.648007 6 0.0
0.808268 0.001202 0.416063 1 0.0
0.791219 -8.7e-05 0.412802 1 0.0
0.798425 0.002801 0.466889 1 0.0
0.825318 0.00249 0.419325 1 0.0
0.818111 -0.000398 0.365237 1 0.0
0.721494 0.914498 0.690568 12 0.0
0.700213 0.931427 0.690515 12 0.0
0.722355 0.915646 0.711685 12 0.0
0.742775 0.897569 0.690621 12 0.0
0.720633 0.913349 0.669451 12 0.0
0.404551 0.87522 0.425292 9 0.000888
0.412267 0.906749 0.416222 9 0.000888
0.444793 0.879697 0.475093 9 0.000888
0.396834 0.843691 0.434362 9 0.000888
0.364308 0.870743 0.375491 9 0.000888
0.136444 0.048073 0.733492 12 2.5e-05
0.133927 0.065794 0.73511 12 2.5e-05
0.136074 0.047368 0.740632 12 2.5e-05
0.138961 0.030351 0.731873 12 2.5e-05
0.136815 0.048777 0.726351 12 2.5e-05
0.386684 0.065915 0.401615 5 0.0
0.400288 0.076805 0.392996 5 0.0
0.379876 0.086006 0.416255 5 0.0
0.37308 0.055025 0.410234 5 0.0
0.393491 0.045824 0.386976 5 0.0
0.464763 0.261785 0.245587 13 0.0
0.846232 0.735885 0.656553 12 0.0
0.843777 0.738425 0.627314 12 0.0
0.84113 0.754144 0.658567 12 0.0
0.848687 0.733346 0.685792 12 0.0
0.851335 0.717627 0.654538 12 0.0
0.133352 0.348484 0.677177 12 0.0
0.34486 0.092199 0.568165 2 0.0
0.353884 0.122663 0.558306 2 0.0
0.365834 0.096049 0.599259 2 0.0
0.335836 0.061736 0.578024 2 0.0
0.323886 0.08835 0.537071 2 0.0
0.320968 0.079912 0.404365 5 1e-06
0.293458 0.054376 0.402243 5 1e-06
0.31854 0.080919 0.423725 5 1e-06
0.348477 0.105448 0.406488 5 1e-06
0.323395 0.078906 0.385006 5 1e-06
0.502815 0.993998 0.711014 12 0.0
0.476685 0.99442 0.7114 12 0.0
0.503036 0.995155 0.724659 12 0.0
0.528945 0.993577 0.710627 12 0.0
0.502595 0.992841 0.697369 12 0.0
0.730216 0.910844 0.61079 12 1.0
0.726951 0.918097 0.614031 12 1.0
0.737496 0.904076 0.63327 12 1.0
0.73348 0.903591 0.607549 12 1.0
0.722935 0.917613 0.58831 12 1.0
0.33597 0.950726 0.749449 3 0.999896
0.853577 0.71848 0.372974 9 0.0
0.848555 0.732795 0.360517 9 0.0
0.851273 0.73239 0.389888 9 0.0
0.8586 0.704165 0.385431 9 0.0
0.855881 0.70457 0.35606 9 0.0
0.403638 0.029872 0.614797 5 0.0
0.403505 0.041771 0.615455 5 0.0
0.434526 0.02945 0.62865 5 0.0
0.403771 0.017974 0.614139 5 0.0
0.37275 0.030294 0.600943 5 0.0
0.227974 0.020916 0.294775 1 6e-06
0.223324 0.024069 0.307431 1 6e-06
0.258376 0.027029 0.304425 1 6e-06
0.232625 0.017763 0.282119 1 6e-06
0.197573 0.014803 0.285125 1 6e-06
0.801762 0.000887 0.413955 1 0.0
0.818151 0.002039 0.418496 1 0.0
0.787599 0.001945 0.46481 1 0.0
0.785373 -0.000265 0.409415 1 0.0
0.815925 -0.00017 0.363101 1 0.0
0.129662 0.266728 0.348643 12 0.0
0.128339 0.339605 0.354665 12 0.0
0.12965 0.264112 0.380301 12 0.0
0.130986 0.193852 0.34262 12 0.0
0.129675 0.269345 0.316985 12 0.0
0.444212 0.17032 0.61145 5 0.0
0.442499 0.21454 0.607578 5 0.0
0.487008 0.173711 0.631243 5 0.0
0.445926 0.1261 0.615323 5 0.0
0.401417 0.166929 0.591658 5 0.0
0.848732 0.065341 0.748943 3 0.000177
0.855694 0.065188 0.74973 3 0.000177
0.848339 0.043015 0.74806 3 0.000177
0.841769 0.065494 0.748156 3 0.000177
0.849124 0.087667 0.749825 3 0.000177
0.157426 0.000514 0.55685 1 0.0
0.267948 0.90918 0.543499 6 0.0
0.283418 0.923391 0.546851 6 0.0
0.259463 0.903213 0.607955 6 0.0
0.252478 0.894969 0.540147 6 0.0
0.276433 0.915146 0.479043 6 0.0
0.191013 0.140542 0.388127 12 0.0
0.189191 0.181755 0.400086 12 0.0
0.184885 0.126957 0.434012 12 0.0
0.192834 0.099329 0.376169 12 0.0
0.197141 0.154127 0.342243 12 0.0
0.138902 0.004101 0.619888 1 0.998618
0.377025 0.972239 0.729454 10 1e-06
0.547258 0.026982 0.647589 2 0.0
0.545945 0.03778 0.646673 2 0.0
0.568468 0.028852 0.639224 2 0.0
0.548572 0.016184 0.648505 2 0.0
0.526049 0.025111 0.655954 2 0.0
0.828166 0.000574 0.646464 1 0.0
0.842479 0.000902 0.644797 1 0.0
0.832155 0.000982 0.680796 1 0.0
0.813853 0.000246 0.648131 1 0.0
0.824177 0.000166 0.612132 1 0.0
0.140894 0.465872 0.586101 12 0.0
0.141987 0.465945 0.637445 12 0.0
0.135389 0.370311 0.586354 12 0.0
0.139801 0.465799 0.534756 12 0.0
0.146399 0.561433 0.585848 12 0.0
0.743675 0.017441 0.382758 1 0.0
0.773658 0.016475 0.407291 1 0.0
0.717394 0.021807 0.415047 1 0.0
0.713691 0.018407 0.358224 1 0.0
0.769955 0.013075 0.350468 1 0.0
0.485133 0.958536 0.521912 12 1e-05
0.511248 0.960831 0.529678 12 1e-05
0.470701 0.958921 0.57033 12 1e-05
0.459019 0.956242 0.514146 12 1e-05
0.499566 0.958151 0.473494 12 1e-05
0.453049 0.989753 0.251185 13 0.999998
0.643357 0.969181 0.5959 12 0.0
0.626914 0.97643 0.60032 12 0.0
0.649116 0.966678 0.62143 12 0.0
0.659801 0.961932 0.59148 12 0.0
0.637599 0.971684 0.57037 12 0.0
0.708281 0.676955 0.301528 10 0.0
0.694481 0.699117 0.296055 10 0.0
0.706211 0.680109 0.319519 10 0.0
0.722081 0.654793 0.307002 10 0.0
0.710351 0.6738 0.283538 10 0.0
0.771523 0.870639 0.613417 12 0.0
0.763659 0.879205 0.619973 12 0.0
0.779873 0.860441 0.636755 12 0.0
0.779388 0.862074 0.606861 12 0.0
0.763174 0.880837 0.590079 12 0.0
0.791352 0.854425 0.438541 12 0.0
0.778849 0.870934 0.445116 12 0.0
0.797212 0.84715 0.467952 12 0.0
0.803855 0.837916 0.431966 12 0.0
0.785492 0.8617 0.409129 12 0.0
0.809001 0.043279 0.342609 1 0.999507
0.79785 0.059387 0.329651 1 0.999507
0.793552 0.053992 0.369221 1 0.999507
0.820152 0.027171 0.355566 1 0.999507
0.824451 0.032567 0.315996 1 0.999507
0.828094 0.000715 0.643628 1 1e-06
0.842518 0.000849 0.642346 1 1e-06
0.831243 0.001056 0.679094 1 1e-06
0.81367 0.00058 0.64491 1 1e-06
0.824945 0.000373 0.608161 1 1e-06
0.530867 0.920342 0.642257 9 0.000842
0.510135 0.936234 0.668108 9 0.000842
0.55214 0.908457 0.666624 9 0.000842
0.5516 0.90445 0.616405 9 0.000842
0.509594 0.932228 0.61789 9 0.000842
0.787427 -0.000608 0.406782 1 0.0
0.761251 -0.001294 0.40432 1 0.0
0.782958 -0.00033 0.454228 1 0.0
0.813603 7.8e-05 0.409243 1 0.0
0.791896 -0.000886 0.359335 1 0.0
0.240913 0.539342 0.389399 8 0.0
0.230207 0.612565 0.387497 8 0.0
0.227552 0.538567 0.434794 8 0.0
0.251619 0.466119 0.391301 8 0.0
0.254274 0.540116 0.344004 8 0.0
0.350164 7.8e-05 0.305818 1 0.0
0.590725 0.959404 0.392177 12 0.002311
0.609012 0.956446 0.406771 12 0.002311
0.575344 0.964652 0.412512 12 0.002311
0.572438 0.962362 0.377582 12 0.002311
0.606106 0.954156 0.371841 12 0.002311
0.555261 0.991518 0.74987 3 0.999994
0.255051 0.763105 0.650445 10 0.004108
0.235994 0.779018 0.660531 10 0.004108
0.262388 0.751835 0.682091 10 0.004108
0.274107 0.747192 0.64036 10 0.004108
0.247713 0.774375 0.6188 10 0.004108
0.268645 0.003465 0.615292 1 0.0
0.302741 0.00136 0.650477 1 0.0
0.243656 0.003824 0.63953 1 0.0
0.23455 0.00557 0.580107 1 0.0
0.293635 0.003107 0.591055 1 0.0
0.347052 0.822359 0.751072 3 0.0
0.285534 0.773414 0.751633 3 0.0
0.32997 0.843821 0.750342 3 0.0
0.408569 0.871304 0.750511 3 0.0
0.364134 0.800897 0.751802 3 0.0
0.263087 -0.001175 0.647764 1 0.0
0.273382 -0.001344 0.61793 1 0.0
0.302843 -0.001607 0.661486 1 0.0
0.252792 -0.001007 0.677598 1 0.0
0.223331 -0.000744 0.634042 1 0.0
0.284216 -8.5e-05 0.338533 1 0.0
0.332823 -0.000747 0.333997 1 0.0
0.286886 -6.5e-05 0.367151 1 0.0
0.235608 0.000577 0.343069 1 0.0
0.281545 -0.000105 0.309916 1 0.0
0.1294 0.344694 0.314874 12 0.0
0.293077 0.754208 0.247575 13 0.0
0.302126 0.639986 0.688295 7 0.0
0.315587 0.670169 0.680691 7 0.0
0.302758 0.645039 0.709476 7 0.0
0.288665 0.609802 0.695898 7 0.0
0.301494 0.634932 0.667114 7 0.0
0.654756 0.269776 0.488237 2 0.0
0.645164 0.308447 0.509391 2 0.0
0.605537 0.220222 0.556509 2 0.0
0.664347 0.231106 0.467084 2 0.0
0.150243 0.02493 0.291168 1 0.0
0.156517 0.033355 0.292053 1 0.0
0.150379 0.023162 0.307043 1 0.0
0.143969 0.016504 0.290284 1 0.0
0.150107 0.026698 0.275294 1 0.0
0.848398 0.117568 0.749048 3 0.000206
0.766556 0.65029 0.452023 5 0.0
0.760366 0.683406 0.504055 5 0.0
0.782951 0.601678 0.484912 5 0.0
0.772745 0.617174 0.399991 5 0.0
0.75016 0.698901 0.419133 5 0.0
0.133659 0.042667 0.275743 12 0.045571
0.133312 0.043778 0.265269 12 0.045571
0.131846 0.058529 0.277487 12 0.045571
0.134007 0.041555 0.286217 12 0.045571
0.135473 0.026804 0.273999 12 0.045571
0.751433 0.896857 0.499715 10 0.999598
0.74532 0.90267 0.514037 10 0.999598
0.753739 0.891869 0.502723 10 0.999598
0.757546 0.891045 0.485392 10 0.999598
0.749127 0.901845 0.496706 10 0.999598
0.480842 0.93595 0.289816 13 0.001687
0.484549 0.955375 0.277283 13 0.001687
0.499259 0.934449 0.292938 13 0.001687
0.477135 0.916524 0.30235 13 0.001687
0.462425 0.93745 0.286695 13 0.001687
0.258316 0.050462 0.494703 1 0.0
0.226925 0.061021 0.499719 1 0.0
0.268554 0.04641 0.567307 1 0.0
0.289706 0.039903 0.489687 1 0.0
0.248077 0.054514 0.4221 1 0.0
0.732868 0.467162 0.279194 8 2e-06
0.732837 0.467675 0.290032 8 2e-06
0.718375 0.440405 0.280421 8 2e-06
0.732899 0.466649 0.268356 8 2e-06
0.747361 0.493919 0.277968 8 2e-06
0.605625 0.749065 0.252016 14 0.598085
0.464278 -0.000267 0.30585 1 0.0
0.606124 0.02591 0.590187 5 0.0
0.833767 0.77736 0.60907 12 0.0
0.826267 0.794643 0.605975 12 0.0
0.831033 0.784151 0.653609 12 0.0
0.841267 0.760078 0.612166 12 0.0
0.836501 0.77057 0.564531 12 0.0
0.646119 0.956134 0.366947 12 1e-06
0.626543 0.965324 0.370075 12 1e-06
0.649621 0.954245 0.394407 12 1e-06
0.665696 0.946944 0.363818 12 1e-06
0.642617 0.958022 0.339486 12 1e-06
0.431126 0.853186 0.635653 11 7e-06
0.414902 0.852238 0.666692 11 7e-06
0.464133 0.873488 0.653525 11 7e-06
0.44735 0.854134 0.604613 11 7e-06
0.39812 0.832884 0.617781 11 7e-06
0.809734 0.822335 0.395681 12 0.0
0.798477 0.841119 0.397018 12 0.0
0.810177 0.819336 0.44154 12 0.0
0.82099 0.803551 0.394343 12 0.0
0.80929 0.825335 0.349822 12 0.0
0.376447 0.036281 0.433282 5 0.0
0.378645 0.049608 0.434743 5 0.0
0.360838 0.035694 0.462123 5 0.0
0.374249 0.022953 0.431821 5 0.0
0.392056 0.036868 0.404442 5 0.0
0.136942 0.376248 0.471193 12 0.0
0.137598 0.376037 0.512818 12 0.0
0.138658 0.316385 0.470862 12 0.0
0.136286 0.376459 0.429568 12 0.0
0.135226 0.43611 0.471524 12 0.0
0.817151 0.002054 0.4014 1 0.0
0.165137 0.552626 0.449666 12 0.0
0.171462 0.618431 0.413599 12 0.0
0.168901 0.579018 0.498477 12 0.0
0.158811 0.486822 0.485733 12 0.0
0.161372 0.526235 0.400855 12 0.0
0.737187 0.541078 0.339351 8 0.0
0.740029 0.571923 0.322614 8 0.0
0.738068 0.554828 0.36484 8 0.0
0.734345 0.510233 0.356088 8 0.0
0.736306 0.527328 0.313861 8 0.0
0.222582 0.820733 0.431214 12 4.8e-05
0.235039 0.843685 0.444524 12 4.8e-05
0.214693 0.811393 0.454704 12 4.8e-05
0.210125 0.79778 0.417904 12 4.8e-05
0.23047 0.830073 0.407725 12 4.8e-05
0.835534 0.000654 0.38503 1 0.0
0.615849 0.976551 0.749713 3 0.999994
0.278327 0.388629 0.38502 5 4e-06
0.237852 0.449276 0.376869 5 4e-06
0.260191 0.382166 0.426991 5 4e-06
0.318803 0.327983 0.39317 5 4e-06
0.296463 0.395092 0.343048 5 4e-06
0.555657 0.975888 0.631507 12 0.0
0.531093 0.979466 0.631306 12 0.0
0.555968 0.980141 0.669333 12 0.0
0.58022 0.97231 0.631707 12 0.0
0.555346 0.971635 0.59368 12 0.0
0.204868 0.843256 0.339275 12 2e-06
0.214742 0.859516 0.338997 12 2e-06
0.205597 0.843295 0.367475 12 2e-06
0.194995 0.826996 0.339553 12 2e-06
0.204139 0.843217 0.311075 12 2e-06
0.368095 0.07254 0.466892 5 0.0
0.372742 0.095795 0.4664 5 0.0
0.347875 0.07767 0.518506 5 0.0
0.363449 0.049285 0.467383 5 0.0
0.388316 0.06741 0.415278 5 0.0
0.76479 -0.000689 0.61767 1 0.0
0.793698 -0.000292 0.60534 1 0.0
0.782302 -0.000849 0.658724 1 0.0
0.735882 -0.001086 0.63 1 0.0
0.747278 -0.00053 0.576616 1 0.0
0.748863 0.450511 0.358059 8 0.0
0.772602 0.496252 0.368086 8 0.0
0.746589 0.444251 0.391996 8 0.0
0.725123 0.404769 0.348032 8 0.0
0.751136 0.45677 0.324122 8 0.0
0.752842 -0.00056 0.510997 1 0.0
0.784873 -0.000397 0.50361 1 0.0
0.770355 0.000413 0.586946 1 0.0
0.720812 -0.000722 0.518385 1 0.0
0.73533 -0.001533 0.435049 1 0.0
0.359731 0.029566 0.570141 5 0.0
0.361549 0.041577 0.570402 5 0.0
0.365165 0.02818 0.596033 5 0.0
0.357914 0.017555 0.56988 5 0.0
0.354298 0.030951 0.544249 5 0.0
0.555755 0.991162 0.346828 12 1e-06
0.534655 0.994304 0.346529 12 1e-06
0.555311 0.991271 0.379254 12 1e-06
0.576855 0.988021 0.347127 12 1e-06
0.556199 0.991053 0.314402 12 1e-06
0.327392 0.284944 0.506557 5 0.0
0.3145 0.31208 0.503648 5 0.0
0.280512 0.270266 0.577406 5 0.0
0.340284 0.257808 0.509466 5 0.0
0.374273 0.299622 0.435708 5 0.0
0.830276 0.029279 0.603575 1 0.999898
0.667485 0.039412 0.690545 2 0.980403
0.666484 0.053414 0.7022 2 0.980403
0.675718 0.04179 0.688396 2 0.980403
0.668486 0.025411 0.678891 2 0.980403
0.659251 0.037035 0.692694 2 0.980403
0.776772 -0.000771 0.315324 1 0.0
0.781273 -0.000874 0.33619 1 0.0
0.74727 -0.00152 0.321685 1 0.0
0.77227 -0.000669 0.294458 1 0.0
0.806274 -2.3e-05 0.308963 1 0.0
0.495474 0.000703 0.270316 1 2e-06
0.338777 0.776824 0.312459 7 0.000527
0.365005 0.79951 0.306394 7 0.000527
0.351987 0.767136 0.333344 7 0.000527
0.31255 0.754137 0.318525 7 0.000527
0.325568 0.786511 0.291574 7 0.000527
0.867463 0.226141 0.450882 12 0.0
0.869037 0.292131 0.478218 12 0.0
0.867724 0.20258 0.507744 12 0.0
0.865888 0.160151 0.423546 12 0.0
0.867201 0.249701 0.394021 12 0.0
0.157402 0.234923 0.515922 12 0.0
0.160752 0.303709 0.537527 12 0.0
0.164842 0.212346 0.586651 12 0.0
0.154052 0.166137 0.494318 12 0.0
0.149962 0.2575 0.445194 12 0.0
0.364393 0.298288 0.369613 5 0.0
0.381684 0.314273 0.33722 5 0.0
0.331779 0.337103 0.371358 5 0.0
0.347101 0.282303 0.402007 5 0.0
0.397006 0.259474 0.367869 5 0.0
0.382055 0.930508 0.746857 3 0.0
0.327949 0.058663 0.351055 1 0.00095
0.317369 0.06336 0.328375 1 0.00095
0.283898 0.06272 0.372445 1 0.00095
0.338529 0.053966 0.373734 1 0.00095
0.371999 0.054606 0.329665 1 0.00095
0.675892 0.683377 0.370597 7 0.0
0.653585 0.715862 0.370616 7 0.0
0.673051 0.681402 0.411816 7 0.0
0.698199 0.650892 0.370578 7 0.0
0.678733 0.685353 0.329378 7 0.0
0.192766 0.794615 0.455603 12 0.0
0.201977 0.812459 0.456018 12 0.0
0.19235 0.793792 0.500236 12 0.0
0.183556 0.776772 0.455188 12 0.0
0.193183 0.795438 0.41097 12 0.0
0.174421 0.127177 0.604768 12 0.0
0.176473 0.147924 0.645033 12 0.0
0.175926 0.092528 0.622544 12 0.0
0.172369 0.10643 0.564503 12 0.0
0.172917 0.161826 0.586991 12 0.0
0.138854 0.426304 0.700313 12 0.0
0.35649 0.09041 0.522172 5 0.0
0.353801 0.092119 0.489553 5 0.0
0.3635 0.120461 0.523169 5 0.0
0.35918 0.088701 0.554791 5 0.0
0.349481 0.060359 0.521175 5 0.0
0.136093 0.361573 0.525119 12 0.0
0.13654 0.371601 0.584198 12 0.0
0.136338 0.272774 0.54019 12 0.0
0.135646 0.351545 0.466039 12 0.0
0.135848 0.450372 0.510047 12 0.0
0.383137 0.063483 0.390505 5 0.0
0.343084 0.054333 0.40024 5 0.0
0.38048 0.082646 0.397588 5 0.0
0.423189 0.072633 0.380771 5 0.0
0.385793 0.044321 0.383422 5 0.0
0.495553 -0.002954 0.696366 1 0.0
0.504569 0.262538 0.245943 13 0.0
0.201742 0.840957 0.749423 3 1.0
0.473419 0.001581 0.647856 5 0.975429
0.225053 0.867413 0.662828 6 0.0
0.237115 0.88268 0.664436 6 0.0
0.222518 0.866404 0.691436 6 0.0
0.212991 0.852147 0.661221 6 0.0
0.227588 0.868423 0.634221 6 0.0
0.134006 0.462305 0.658537 12 0.0
0.136618 0.537393 0.656071 12 0.0
0.135637 0.463241 0.688752 12 0.0
0.131395 0.387217 0.661004 12 0.0
0.132376 0.461369 0.628322 12 0.0
0.178251 0.719411 0.252428 13 0.0
0.783017 0.73605 0.302955 10 0.946938
0.794611 0.749026 0.28438 10 0.946938
0.768186 0.759923 0.310374 10 0.946938
0.771424 0.723075 0.32153 10 0.946938
0.797849 0.712178 0.295536 10 0.946938
0.600496 0.852182 0.651592 10 1.1e-05
0.593819 0.855337 0.674476 10 1.1e-05
0.554975 0.860803 0.63712 10 1.1e-05
0.607174 0.849026 0.628707 10 1.1e-05
0.646018 0.84356 0.666064 10 1.1e-05
0.165303 0.609842 0.672818 12 0.0
0.174145 0.672903 0.667323 12 0.0
0.165671 0.612116 0.699508 12 0.0
0.156461 0.54678 0.678312 12 0.0
0.164935 0.607568 0.646127 12 0.0
0.866815 0.299038 0.667692 12 0.0
0.132879 0.473265 0.487068 12 0.0
0.134655 0.540309 0.431325 12 0.0
0.135379 0.51366 0.535733 12 0.0
0.131104 0.406221 0.542811 12 0.0
0.130379 0.43287 0.438404 12 0.0
0.667527 0.00042 0.510907 1 0.0
0.359047 0.349303 0.481477 5 0.0
0.420906 0.00107 0.641214 1 0.0
0.165089 0.550718 0.343311 12 0.998947
0.164521 0.579575 0.340699 12 0.998947
0.164096 0.553301 0.372059 12 0.998947
0.165657 0.521861 0.345924 12 0.998947
0.166082 0.548135 0.314563 12 0.998947
0.705576 0.728331 0.290536 9 9e-06
0.685937 0.756457 0.291677 9 9e-06
0.703388 0.726179 0.305931 9 9e-06
0.725215 0.700205 0.289395 9 9e-06
0.707763 0.730483 0.275141 9 9e-06
0.132399 0.603597 0.625673 12 0.0
0.133991 0.63586 0.60587 12 0.0
0.133325 0.624198 0.659311 12 0.0
0.130806 0.571333 0.645476 12 0.0
0.131473 0.582996 0.592036 12 0.0
0.854817 0.296425 0.25103 13 0.000198
0.13546 0.667796 0.675319 12 0.0
0.135936 0.682497 0.686524 12 0.0
0.134851 0.658307 0.687796 12 0.0
0.134984 0.653094 0.664115 12 0.0
0.136069 0.677284 0.662843 12 0.0
0.649908 0.963547 0.289535 10 0.000564
0.631036 0.97194 0.289799 10 0.000564
0.649627 0.962488 0.303095 10 0.000564
0.668781 0.955155 0.28927 10 0.000564
0.65019 0.964607 0.275975 10 0.000564
0.329836 0.000816 0.410324 1 0.002164
0.323106 0.030394 0.247668 13 2e-06
0.689115 0.792382 0.49918 5 1.4e-05
0.673961 0.808646 0.474233 5 1.4e-05
0.641861 0.820473 0.546199 5 1.4e-05
0.70427 0.776117 0.524127 5 1.4e-05
0.73637 0.764291 0.452161 5 1.4e-05
0.489796 0.000927 0.278662 1 2.8e-05
0.868123 0.227341 0.540233 12 0.0
0.868245 0.258847 0.592597 12 0.0
0.867663 0.163612 0.578579 12 0.0
0.868001 0.195834 0.48787 12 0.0
0.868583 0.291069 0.501888 12 0.0
0.138907 0.064348 0.32727 12 0.0
0.136578 0.086708 0.326003 12 0.0
0.138882 0.065878 0.354325 12 0.0
0.141236 0.041987 0.328538 12 0.0
0.138932 0.062817 0.300216 12 0.0
0.386471 0.120336 0.585994 5 0.0
0.392717 0.159566 0.572716 5 0.0
0.415741 0.126297 0.617377 5 0.0
0.380225 0.081106 0.599271 5 0.0
0.357201 0.114375 0.554611 5 0.0
0.258746 0.021095 0.617425 1 0.0
0.23287 0.023615 0.647212 1 0.0
0.286616 0.020896 0.641652 1 0.0
0.284622 0.018575 0.587637 1 0.0
0.230875 0.021294 0.593198 1 0.0
0.856358 0.658317 0.359587 12 0.0
0.853563 0.68871 0.351708 12 0.0
0.853312 0.667103 0.394557 12 0.0
0.859152 0.627925 0.367467 12 0.0
0.859403 0.649532 0.324618 12 0.0
0.150067 0.460053 0.497786 12 0.0
0.156 0.546521 0.512828 12 0.0
0.150331 0.45019 0.554378 12 0.0
0.144134 0.373585 0.482744 12 0.0
0.149803 0.469915 0.441194 12 0.0
0.130572 0.519718 0.406015 12 0.0
0.134362 0.586156 0.384042 12 0.0
0.131632 0.534223 0.450053 12 0.0
0.126782 0.453281 0.427989 12 0.0
0.129512 0.505214 0.361978 12 0.0
0.835561 0.000174 0.458082 1 0.003302
0.146916 0.560653 0.605857 12 0.0
0.151171 0.628843 0.61493 12 0.0
0.147117 0.554591 0.651326 12 0.0
0.142661 0.492463 0.596784 12 0.0
0.146715 0.566716 0.560389 12 0.0
0.701458 -0.001599 0.638685 1 0.0
0.684265 -0.001677 0.614239 1 0.0
0.663231 -0.001517 0.665571 1 0.0
0.718652 -0.001521 0.663131 1 0.0
0.739686 -0.001681 0.611798 1 0.0
0.866573 0.030407 0.466956 12 0.0
0.219782 0.028265 0.70003 1 0.0
0.197025 0.032215 0.704838 1 0.0
0.222698 0.02728 0.714643 1 0.0
0.242538 0.024315 0.695223 1 0.0
0.216866 0.029249 0.685417 1 0.0
0.475285 0.043976 0.635128 5 0.0
0.474645 0.060285 0.632875 5 0.0
0.444152 0.042242 0.631422 5 0.0
0.475925 0.027666 0.637381 5 0.0
0.506418 0.045709 0.638834 5 0.0
0.815612 0.000294 0.496367 1 0.0
0.633449 0.798455 0.619785 9 0.0
0.567837 0.833367 0.619918 9 0.0
0.629704 0.79126 0.660554 9 0.0
0.699061 0.763542 0.619651 9 0.0
0.637195 0.805649 0.579016 9 0.0
0.73913 0.610328 0.304157 10 0.0
0.72596 0.642327 0.313691 10 0.0
0.740185 0.60558 0.321549 10 0.0
0.7523 0.578329 0.294623 10 0.0
0.738075 0.615075 0.286765 10 0.0
0.501778 0.000602 0.271528 1 1e-05
0.270811 0.623491 0.315721 8 1e-06
0.280231 0.645788 0.326249 8 1e-06
0.271669 0.613096 0.336969 8 1e-06
0.261391 0.601195 0.305192 8 1e-06
0.269953 0.633887 0.294472 8 1e-06
0.617693 0.951123 0.656655 12 0.999999
0.610545 0.961771 0.670566 12 0.999999
0.634189 0.940545 0.673229 12 0.999999
0.624842 0.940474 0.642744 12 0.999999
0.601198 0.9617 0.640081 12 0.999999
0.283645 0.000406 0.546648 1 0.0
0.303003 0.001019 0.533046 1 0.0
0.326529 0.000171 0.607668 1 0.0
0.264287 -0.000208 0.56025 1 0.0
0.240761 0.000641 0.485628 1 0.0
0.367583 0.001346 0.609777 1 0.0
0.146615 0.034067 0.697244 12 0.0
0.144927 0.045926 0.695942 12 0.0
0.144718 0.035774 0.715248 12 0.0
0.148303 0.022208 0.698546 12 0.0
0.148512 0.032361 0.67924 12 0.0
0.63927 0.020503 0.367223 1 0.0
0.617455 0.021081 0.354353 1 0.0
0.629535 0.027903 0.384057 1 0.0
0.661085 0.019925 0.380094 1 0.0
0.649006 0.013102 0.350389 1 0.0
0.273974 0.02174 0.48343 1 0.0
0.30066 0.027003 0.49178 1 0.0
0.283598 0.02534 0.450401 1 0.0
0.247288 0.016477 0.47508 1 0.0
0.264349 0.018141 0.516459 1 0.0
0.429207 0.988236 0.618754 12 0.0
0.446535 0.991873 0.619363 12 0.0
0.427675 0.988583 0.660278 12 0.0
0.411878 0.984598 0.618145 12 0.0
0.430738 0.987888 0.57723 12 0.0
0.522459 0.937927 0.629851 10 0.000117
0.539328 0.945791 0.652168 10 0.000117
0.486295 0.943232 0.655316 10 0.000117
0.50559 0.930063 0.607534 10 0.000117
0.558623 0.932622 0.604385 10 0.000117
0.397865 0.288586 0.414674 5 0.0
0.414543 0.045341 0.357033 5 1e-06
0.734333 0.906544 0.331168 12 0.0
0.71645 0.921601 0.328564 12 0.0
0.730969 0.907275 0.358497 12 0.0
0.752216 0.891488 0.333772 12 0.0
0.737697 0.905813 0.303839 12 0.0
0.133144 0.325256 0.633602 12 0.0
0.132894 0.326068 0.670889 12 0.0
0.132914 0.227423 0.635732 12 0.0
0.133395 0.324443 0.596314 12 0.0
0.133375 0.423088 0.631472 12 0.0
0.501413 0.999317 0.29989 12 0.255582
0.490558 0.999721 0.293108 12 0.255582
0.489842 0.999169 0.318401 12 0.255582
0.512268 0.998913 0.306673 12 0.255582
0.512984 0.999465 0.28138 12 0.255582
0.470125 0.004552 0.268274 1 0.979108
0.132489 0.308689 0.305355 12 0.0
0.713209 0.927408 0.321103 9 2.9e-05
0.696348 0.939439 0.321907 9 2.9e-05
0.713686 0.926391 0.346338 9 2.9e-05
0.730071 0.915377 0.3203 9 2.9e-05
0.712732 0.928425 0.295869 9 2.9e-05
0.542162 0.993287 0.373566 12 0.0
0.555661 0.991341 0.364954 12 0.0
0.554664 0.992208 0.393406 12 0.0
0.528663 0.995233 0.382178 12 0.0
0.52966 0.994365 0.353726 12 0.0
0.687444 0.729624 0.588849 5 0.0
0.663749 0.776568 0.587656 5 0.0
0.680391 0.727305 0.637718 5 0.0
0.71114 0.68268 0.590042 5 0.0
0.694498 0.731943 0.53998 5 0.0
0.255774 0.001341 0.382773 1 0.0
0.218684 0.000887 0.392869 1 0.0
0.267221 0.000578 0.424797 1 0.0
0.292863 0.001795 0.372678 1 0.0
0.244326 0.002104 0.34075 1 0.0
0.408218 0.241388 0.566163 5 0.0
0.378075 0.271289 0.528022 5 0.0
0.421147 0.268822 0.577453 5 0.0
0.438361 0.211487 0.604304 5 0.0
0.395289 0.213955 0.554874 5 0.0
0.851299 0.72648 0.625197 12 0.0
0.848276 0.734329 0.599134 12 0.0
0.848718 0.739447 0.629401 12 0.0
0.854322 0.71863 0.65126 12 0.0
0.85388 0.713513 0.620992 12 0.0
0.333123 -0.001363 0.674532 1 0.0
0.270889 -0.001357 0.662622 1 0.0
0.328883 -0.001369 0.69669 1 0.0
0.395358 -0.001369 0.686441 1 0.0
0.337364 -0.001358 0.652373 1 0.0
0.478185 0.246186 0.371322 5 0.0
0.431209 0.231746 0.37793 5 0.0
0.488056 0.215141 0.373657 5 0.0
0.525161 0.260626 0.364714 5 0.0
0.468314 0.277231 0.368987 5 0.0
0.131864 0.623964 0.302998 12 0.196747
0.132648 0.634527 0.335263 12 0.196747
0.129951 0.601262 0.310477 12 0.196747
0.13108 0.6134 0.270733 12 0.196747
0.133778 0.646666 0.295519 12 0.196747
0.188394 0.124112 0.752045 3 0.0
0.206393 0.124501 0.751576 3 0.0
0.187563 0.163622 0.752964 3 0.0
0.170395 0.123722 0.752515 3 0.0
0.189225 0.084601 0.751126 3 0.0
0.135884 0.232259 0.732599 12 0.0
0.521393 2.7e-05 0.294155 1 0.000875
0.772511 0.277524 0.247829 13 0.0
0.803976 0.27859 0.248244 13 0.0
0.775411 0.191709 0.248269 13 0.0
0.741046 0.276459 0.247415 13 0.0
0.769611 0.36334 0.247389 13 0.0
0.171112 0.008623 0.694395 1 0.0
0.180317 0.008323 0.698755 1 0.0
0.162389 0.006201 0.712647 1 0.0
0.161906 0.008923 0.690036 1 0.0
0.179834 0.011045 0.676143 1 0.0
0.865793 0.551642 0.588799 12 0.0
0.862828 0.605114 0.59174 12 0.0
0.866281 0.548912 0.638927 12 0.0
0.868759 0.498169 0.585859 12 0.0
0.865306 0.554371 0.538672 12 0.0
0.493561 0.99073 0.370766 12 0.0
0.499818 0.990987 0.401068 12 0.0
0.473752 0.990939 0.374854 12 0.0
0.487304 0.990473 0.340463 12 0.0
0.51337 0.990521 0.366677 12 0.0
0.655778 0.960493 0.659319 12 0.0
0.641162 0.968156 0.652721 12 0.0
0.645857 0.964664 0.686136 12 0.0
0.670394 0.952831 0.665918 12 0.0
0.665698 0.956322 0.632502 12 0.0
0.623546 0.966949 0.388805 12 1e-05
0.135834 0.506782 0.529875 12 0.0
0.138796 0.528913 0.590161 12 0.0
0.133989 0.440384 0.554341 12 0.0
0.132872 0.484652 0.46959 12 0.0
0.137679 0.573181 0.50541 12 0.0
0.768796 0.874938 0.341571 12 0.0
0.75408 0.891751 0.352069 12 0.0
0.77775 0.865576 0.369116 12 0.0
0.783512 0.858125 0.331073 12 0.0
0.759842 0.8843 0.314026 12 0.0
0.13444 0.557058 0.643667 12 0.0
0.136743 0.61384 0.644507 12 0.0
0.134842 0.556537 0.677803 12 0.0
0.132137 0.500277 0.642828 12 0.0
0.134038 0.557579 0.609532 12 0.0
0.129554 0.242713 0.614762 12 0.0
0.12847 0.317594 0.601076 12 0.0
0.130163 0.250213 0.655751 12 0.0
0.130638 0.167832 0.628447 12 0.0
0.128945 0.235213 0.573773 12 0.0
0.150601 0.152369 0.247831 13 0.00243
0.21862 0.863982 0.507329 6 0.0
0.22747 0.876471 0.503056 6 0.0
0.228097 0.87346 0.554653 6 0.0
0.209771 0.851494 0.511602 6 0.0
0.209144 0.854505 0.460005 6 0.0
0.829058 0.789881 0.553814 12 0.0
0.822398 0.804437 0.541885 12 0.0
0.822581 0.802775 0.573164 12 0.0
0.835718 0.775325 0.565742 12 0.0
0.835535 0.776987 0.534463 12 0.0
0.130228 0.278773 0.505424 12 0.0
0.130264 0.294418 0.578582 12 0.0
0.131265 0.195771 0.523174 12 0.0
0.130193 0.263127 0.432266 12 0.0
0.129192 0.361774 0.487674 12 0.0
0.265832 0.906182 0.359003 12 0.0
0.270673 0.909666 0.3664 12 0.0
0.25795 0.896417 0.368761 12 0.0
0.260991 0.902698 0.351606 12 0.0
0.273714 0.915948 0.349245 12 0.0
0.163177 0.339207 0.370229 12 0.0
0.163009 0.346188 0.405038 12 0.0
0.163102 0.25028 0.388063 12 0.0
0.163346 0.332226 0.33542 12 0.0
0.163252 0.428133 0.352395 12 0.0
0.158299 0.755588 0.649065 12 0.0
0.163992 0.773952 0.649345 12 0.0
0.158886 0.754904 0.682004 12 0.0
0.152606 0.737225 0.648785 12 0.0
0.157712 0.756273 0.616125 12 0.0
0.688599 0.938347 0.449212 12 0.0
0.670939 0.948927 0.449164 12 0.0
0.689552 0.940194 0.504991 12 0.0
0.706259 0.927766 0.449261 12 0.0
0.687646 0.936499 0.393434 12 0.0
0.69691 0.84735 0.747944 3 0.0
0.657 0.884318 0.747691 3 0.0
0.681222 0.830405 0.746509 3 0.0
0.736819 0.810383 0.748197 3 0.0
0.712597 0.864296 0.749379 3 0.0
0.185342 0.807142 0.347466 12 0.0
0.194272 0.82199 0.365154 12 0.0
0.176105 0.789446 0.366984 12 0.0
0.176412 0.792293 0.329778 12 0.0
0.194579 0.824837 0.327947 12 0.0
0.843211 0.743688 0.731465 10 0.0
0.454011 -0.001576 0.728654 1 0.0
0.836129 0.770674 0.650234 12 0.0
0.827833 0.789852 0.649439 12 0.0
0.836429 0.772122 0.682032 12 0.0
0.844425 0.751495 0.651029 12 0.0
0.835829 0.769225 0.618436 12 0.0
0.551515 0.992555 0.668428 12 0.0
0.569622 0.989997 0.660939 12 0.0
0.561779 0.990841 0.693829 12 0.0
0.533408 0.995113 0.675917 12 0.0
0.541251 0.99427 0.643027 12 0.0
0.808634 0.000766 0.451822 1 0.0
0.82843 0.000894 0.451745 1 0.0
0.808882 0.000605 0.515695 1 0.0
0.788839 0.000637 0.451898 1 0.0
0.808387 0.000926 0.387949 1 0.0
0.131604 0.288747 0.444365 12 0.0
0.130596 0.37044 0.434603 12 0.0
0.13224 0.295708 0.502551 12 0.0
0.132613 0.207053 0.454128 12 0.0
0.130969 0.281785 0.38618 12 0.0
0.646289 0.081893 0.753361 3 0.0
0.714014 0.069218 0.753023 3 0.0
0.642018 0.059081 0.753051 3 0.0
0.578564 0.094568 0.753698 3 0.0
0.65056 0.104705 0.753671 3 0.0
0.762658 0.880847 0.678347 12 0.0
0.750635 0.893637 0.691712 12 0.0
0.773449 0.869394 0.699014 12 0.0
0.774681 0.868056 0.664982 12 0.0
0.751867 0.892299 0.65768 12 0.0
0.782484 0.864376 0.552298 12 0.0
0.772286 0.878027 0.556503 12 0.0
0.787803 0.859218 0.581944 12 0.0
0.792681 0.850725 0.548093 12 0.0
0.777165 0.869534 0.522652 12 0.0
0.579509 0.986914 0.7505 3 0.968037
0.837949 0.761036 0.5695 12 0.0
0.829859 0.781809 0.568279 12 0.0
0.835543 0.763403 0.625693 12 0.0
0.846039 0.740263 0.570721 12 0.0
0.840354 0.75867 0.513307 12 0.0
0.7857 0.860038 0.374114 12 0.0
0.773425 0.875596 0.374863 12 0.0
0.786222 0.85925 0.399038 12 0.0
0.797975 0.84448 0.373365 12 0.0
0.785178 0.860826 0.34919 12 0.0
0.359765 0.015341 0.507622 5 5.4e-05
0.591343 0.984476 0.749697 3 0.999992
0.135355 0.458736 0.691014 12 0.0
0.365419 0.951836 0.74726 3 2.3e-05
0.213349 0.849009 0.750645 4 0.999902
0.252695 0.893199 0.662842 6 0.0
0.272251 0.912211 0.664684 6 0.0
0.251677 0.891443 0.691774 6 0.0
0.233139 0.874187 0.661 6 0.0
0.253713 0.894955 0.63391 6 0.0
0.132483 0.465158 0.626789 12 0.0
0.135076 0.53931 0.619642 12 0.0
0.134564 0.468814 0.665474 12 0.0
0.12989 0.391007 0.633936 12 0.0
0.130402 0.461502 0.588103 12 0.0
0.867799 0.099413 0.648304 12 0.0
0.867871 0.131862 0.651707 12 0.0
0.867444 0.096012 0.680745 12 0.0
0.867727 0.066965 0.644901 12 0.0
0.868154 0.102815 0.615862 12 0.0
0.224443 0.523753 0.350491 8 2e-06
0.213546 0.578565 0.341569 8 2e-06
0.205052 0.525139 0.382689 8 2e-06
0.235341 0.468941 0.359413 8 2e-06
0.243835 0.522367 0.318292 8 2e-06
0.409369 0.034943 0.247771 13 0.0
0.864662 0.048681 0.496575 12 0.0
0.47858 0.998125 0.595967 12 0.0
0.495915 0.998946 0.59602 12 0.0
0.478471 0.998197 0.630635 12 0.0
0.461246 0.997305 0.595914 12 0.0
0.478689 0.998054 0.561299 12 0.0
0.138275 0.636413 0.750377 3 1.0
0.856754 0.673582 0.683383 12 0.0
0.85198 0.703709 0.682625 12 0.0
0.857365 0.674246 0.705931 12 0.0
0.861528 0.643456 0.684141 12 0.0
0.856142 0.672918 0.660834 12 0.0
0.855679 0.706675 0.565462 12 0.0
0.853107 0.716593 0.530015 12 0.0
0.851251 0.72825 0.571821 12 0.0
0.85825 0.696756 0.60091 12 0.0
0.860106 0.685099 0.559104 12 0.0
0.742668 0.903193 0.491354 12 2e-06
0.73339 0.913438 0.482211 12 2e-06
0.733331 0.910228 0.508713 12 2e-06
0.751947 0.892947 0.500496 12 2e-06
0.752005 0.896158 0.473994 12 2e-06
0.667404 0.911795 0.252107 13 0.0
0.280533 0.759959 0.748993 3 0.0
0.23932 0.696703 0.749457 3 0.0
0.259165 0.773874 0.748088 3 0.0
0.321746 0.823216 0.748529 3 0.0
0.301902 0.746044 0.749898 3 0.0
0.765558 0.874669 0.751368 3 0.999201
0.131022 0.320248 0.403198 12 0.0
0.130685 0.41839 0.396229 12 0.0
0.131104 0.323595 0.450329 12 0.0
0.131359 0.222106 0.410167 12 0.0
0.13094 0.316901 0.356067 12 0.0
0.354062 0.015082 0.549198 2 0.16182
0.137325 0.667153 0.532607 12 0.0
0.138896 0.684053 0.539149 12 0.0
0.135749 0.654494 0.565689 12 0.0
0.135754 0.650252 0.526065 12 0.0
0.138901 0.679811 0.499525 12 0.0
0.817121 0.499278 0.251437 13 0.0
0.71113 0.868911 0.250912 13 0.0
0.303456 0.643021 0.726765 7 0.0
0.380532 0.001543 0.744009 1 0.994438
0.133103 0.364233 0.62333 12 0.0
0.13323 0.366241 0.662429 12 0.0
0.133529 0.263613 0.628496 12 0.0
0.132976 0.362225 0.584231 12 0.0
0.132678 0.464853 0.618164 12 0.0
0.131453 0.292965 0.484942 12 0.0
0.131153 0.382834 0.492411 12 0.0
0.131954 0.287093 0.555618 12 0.0
0.131754 0.203096 0.477473 12 0.0
0.130953 0.298837 0.414267 12 0.0
0.130667 0.119343 0.452283 12 0.0
0.131235 0.1126 0.387278 12 0.0
0.130219 0.156048 0.448472 12 0.0
0.130098 0.126085 0.517288 12 0.0
0.131114 0.082637 0.456094 12 0.0
0.13157 0.329766 0.500944 12 0.0
0.132052 0.345769 0.574355 12 0.0
0.131126 0.237495 0.521062 12 0.0
0.131089 0.313763 0.427534 12 0.0
0.132015 0.422037 0.480827 12 0.0
0.325054 0.376897 0.548665 5 0.0
0.299858 0.411177 0.54542 5 0.0
0.320543 0.378152 0.596944 5 0.0
0.35025 0.342617 0.55191 5 0.0
0.329565 0.375643 0.500386 5 0.0
0.552623 0.771837 0.295174 7 0.0
0.559852 0.770447 0.280515 7 0.0
0.529917 0.778823 0.283314 7 0.0
0.545393 0.773227 0.309833 7 0.0
0.575328 0.76485 0.307034 7 0.0
0.72862 0.909259 0.381305 12 0.0
0.712786 0.921978 0.371831 12 0.0
0.719695 0.91687 0.406438 12 0.0
0.744454 0.896541 0.390779 12 0.0
0.737545 0.901648 0.356172 12 0.0
0.839275 0.758596 0.406357 12 0.0
0.832289 0.777406 0.406388 12 0.0
0.839854 0.758726 0.456783 12 0.0
0.846261 0.739787 0.406325 12 0.0
0.838696 0.758466 0.35593 12 0.0
0.623503 0.737677 0.312638 7 0.0
0.598631 0.756023 0.322624 7 0.0
0.628513 0.73321 0.333325 7 0.0
0.648375 0.719332 0.302653 7 0.0
0.618493 0.742144 0.291952 7 0.0
0.132525 0.352216 0.457995 12 0.0
0.133093 0.455698 0.464626 12 0.0
0.132939 0.348093 0.522289 12 0.0
0.131957 0.248734 0.451363 12 0.0
0.132112 0.356338 0.393701 12 0.0
0.866263 0.368879 0.500573 12 0.0
0.863992 0.47308 0.508415 12 0.0
0.867261 0.363161 0.576828 12 0.0
0.868535 0.264678 0.49273 12 0.0
0.865266 0.374596 0.424317 12 0.0
0.349815 0.692015 0.427652 7 0.0
0.367183 0.717114 0.38344 7 0.0
0.370852 0.718875 0.451165 7 0.0
0.332447 0.666916 0.471863 7 0.0
0.328778 0.665155 0.404139 7 0.0
0.129095 0.123358 0.364102 12 0.0
0.128429 0.143482 0.338715 12 0.0
0.127737 0.157666 0.391334 12 0.0
0.129761 0.103233 0.38949 12 0.0
0.130453 0.089049 0.336871 12 0.0
0.657444 0.920612 0.747256 3 0.0
0.146172 0.722889 0.414677 12 0.0
0.150921 0.737676 0.420209 12 0.0
0.144473 0.712454 0.444033 12 0.0
0.141424 0.708101 0.409146 12 0.0
0.147872 0.733324 0.385322 12 0.0
0.231975 0.855912 0.583447 6 0.0
0.233961 0.860368 0.623951 6 0.0
0.216604 0.838394 0.586128 6 0.0
0.229989 0.851456 0.542943 6 0.0
0.247347 0.873429 0.580766 6 0.0
0.646934 0.718739 0.27407 14 0.0
0.629209 0.738207 0.273298 14 0.0
0.645888 0.718257 0.285938 14 0.0
0.66466 0.699271 0.274841 14 0.0
0.64798 0.719221 0.262201 14 0.0
0.716888 0.923535 0.575603 12 0.0
0.703939 0.933203 0.579813 12 0.0
0.723859 0.917929 0.609918 12 0.0
0.729838 0.913866 0.571393 12 0.0
0.709917 0.92914 0.541287 12 0.0
0.156563 0.743464 0.639001 12 0.0
0.15779 0.750037 0.674161 12 0.0
0.149712 0.723942 0.64289 12 0.0
0.155335 0.736891 0.603841 12 0.0
0.163413 0.762986 0.635113 12 0.0
0.158811 0.18417 0.245404 13 0.0
0.129568 0.250135 0.504871 12 0.0
0.128465 0.325686 0.511938 12 0.0
0.130584 0.243174 0.579441 12 0.0
0.13067 0.174583 0.497803 12 0.0
0.128551 0.257095 0.430301 12 0.0
0.131172 0.382448 0.572853 12 0.0
0.131854 0.476562 0.576951 12 0.0
0.13147 0.380017 0.628629 12 0.0
0.130491 0.288334 0.568755 12 0.0
0.130875 0.384879 0.517077 12 0.0
0.342686 0.956898 0.446325 12 0.0
0.363537 0.96773 0.406223 12 0.0
0.355806 0.963343 0.454888 12 0.0
0.321834 0.946067 0.486426 12 0.0
0.329565 0.950453 0.437762 12 0.0
0.786526 -0.000298 0.290146 1 0.0
0.759506 -0.000844 0.288749 1 0.0
0.785766 -0.000576 0.304956 1 0.0
0.813547 0.000248 0.291542 1 0.0
0.787286 -1.9e-05 0.275336 1 0.0
0.867129 0.281322 0.680684 12 0.0
0.311141 0.938532 0.597936 6 0.0
0.330489 0.950981 0.595763 6 0.0
0.316445 0.939072 0.648268 6 0.0
0.291792 0.926083 0.600109 6 0.0
0.305836 0.937992 0.547604 6 0.0
0.13083 0.262075 0.548929 12 0.0
0.130362 0.338984 0.538427 12 0.0
0.131095 0.270568 0.611114 12 0.0
0.131297 0.185167 0.559431 12 0.0
0.130564 0.253582 0.486744 12 0.0
0.834151 0.595658 0.249621 13 0.0
0.571484 0.985868 0.747078 3 0.992605
0.516169 -0.000192 0.286317 1 6e-06
0.660199 0.954784 0.660238 12 0.0
0.639108 0.965265 0.649668 12 0.0
0.649158 0.959522 0.686964 12 0.0
0.681289 0.944304 0.670809 12 0.0
0.671239 0.950047 0.633513 12 0.0
0.86656 0.155898 0.499047 12 0.0
0.866683 0.203661 0.495097 12 0.0
0.866864 0.162211 0.575393 12 0.0
0.866438 0.108135 0.502996 12 0.0
0.866257 0.149586 0.4227 12 0.0
0.737031 -0.002392 0.37325 1 0.0
0.70116 -0.002896 0.350992 1 0.0
0.716806 -0.003878 0.405879 1 0.0
0.772902 -0.001888 0.395507 1 0.0
0.757256 -0.000906 0.340621 1 0.0
0.171365 0.785366 0.384359 12 0.0
0.179918 0.800665 0.378773 12 0.0
0.174342 0.796722 0.42002 12 0.0
0.162811 0.770067 0.389946 12 0.0
0.168387 0.774009 0.348699 12 0.0
0.131804 0.07398 0.450676 12 0.0
0.131632 0.096248 0.447565 12 0.0
0.13092 0.082896 0.514528 12 0.0
0.131977 0.051712 0.453788 12 0.0
0.132689 0.065064 0.386824 12 0.0
0.163942 0.762985 0.722339 12 0.0
0.84321 0.743471 0.503946 12 0.0
0.840555 0.751343 0.476753 12 0.0
0.83739 0.760276 0.509379 12 0.0
0.845866 0.735599 0.531138 12 0.0
0.849031 0.726666 0.498513 12 0.0
0.59483 0.850445 0.687609 3 1e-06
0.607 0.85953 0.667229 3 1e-06
0.582017 0.862512 0.685337 3 1e-06
0.582661 0.84136 0.70799 3 1e-06
0.607644 0.838378 0.689881 3 1e-06
0.828342 0.002697 0.490633 1 1e-06
0.331753 0.955519 0.249762 13 0.999999
0.15919 0.232969 0.748671 3 0.0
0.131199 0.287655 0.564686 12 0.0
0.131614 0.293597 0.622607 12 0.0
0.131723 0.199712 0.573704 12 0.0
0.130785 0.281713 0.506765 12 0.0
0.130676 0.375598 0.555668 12 0.0
0.632384 0.000289 0.589322 2 0.0
0.339893 0.955181 0.720599 10 0.0
0.338421 0.955251 0.73044 10 0.0
0.320096 0.944005 0.717717 10 0.0
0.341365 0.955111 0.710758 10 0.0
0.35969 0.966357 0.723481 10 0.0
0.472139 0.994243 0.494006 9 0.0
0.458919 0.994454 0.493546 9 0.0
0.471149 0.998794 0.524568 9 0.0
0.485358 0.994031 0.494465 9 0.0
0.473128 0.989691 0.463444 9 0.0
0.149397 0.722994 0.346314 12 0.0
0.154451 0.74379 0.344597 12 0.0
0.151249 0.725069 0.376902 12 0.0
0.144343 0.702199 0.348031 12 0.0
0.147544 0.720919 0.315726 12 0.0
0.263503 0.910721 0.327564 12 3e-06
0.276093 0.921545 0.324327 12 3e-06
0.268142 0.913143 0.353712 12 3e-06
0.250913 0.899897 0.3308 12 3e-06
0.258863 0.908299 0.301415 12 3e-06
0.478744 0.008277 0.27506 1 0.553407
0.758622 0.340352 0.750649 3 0.0
0.412081 0.986196 0.249454 13 0.999793
0.719746 0.897018 0.747686 3 2.5e-05
0.785403 0.824874 0.735974 3 0.015233
0.180362 0.805014 0.271725 12 0.013752
0.181406 0.804534 0.279969 12 0.013752
0.169912 0.786087 0.271944 12 0.013752
0.179318 0.805495 0.26348 12 0.013752
0.190811 0.823942 0.271506 12 0.013752
0.866918 0.273638 0.571451 12 0.0
0.867311 0.358962 0.573816 12 0.0
0.866782 0.272099 0.626973 12 0.0
0.866525 0.188314 0.569086 12 0.0
0.867054 0.275176 0.515929 12 0.0
0.249694 0.889611 0.631746 6 0.0
0.269326 0.908918 0.637196 6 0.0
0.244464 0.884222 0.669672 6 0.0
0.230062 0.870304 0.626296 6 0.0
0.254924 0.894999 0.593819 6 0.0
0.824949 0.793561 0.704014 12 0.0
0.814653 0.814474 0.704861 12 0.0
0.823862 0.792362 0.720399 12 0.0
0.835245 0.772648 0.703166 12 0.0
0.826036 0.79476 0.687629 12 0.0
0.614147 -0.000336 0.27513 1 0.001095
0.171437 0.220595 0.624937 12 0.0
0.172364 0.287158 0.601519 12 0.0
0.17501 0.231878 0.657151 12 0.0
0.170511 0.154032 0.648356 12 0.0
0.167865 0.209311 0.592724 12 0.0
0.741268 0.900841 0.644619 12 0.0
0.730033 0.910694 0.6484 12 0.0
0.748383 0.895855 0.678755 12 0.0
0.752503 0.890987 0.640838 12 0.0
0.734153 0.905827 0.610483 12 0.0
0.265172 -0.000729 0.615941 1 0.0
0.226814 -0.000968 0.620048 1 0.0
0.269771 -0.00077 0.658886 1 0.0
0.303531 -0.00049 0.611833 1 0.0
0.260574 -0.000688 0.572995 1 0.0
0.132483 0.428155 0.667733 12 0.0
0.34003 0.908418 0.746442 3 0.0
0.332783 0.920568 0.746372 3 0.0
0.37983 0.932159 0.746371 3 0.0
0.347278 0.896268 0.746513 3 0.0
0.300231 0.884678 0.746514 3 0.0
0.861326 0.001047 0.620914 1 0.998911
0.604467 0.066343 0.417269 5 0.0
0.591076 0.060218 0.402447 5 0.0
0.597422 0.089421 0.414096 5 0.0
0.617858 0.072469 0.43209 5 0.0
0.611512 0.043265 0.420441 5 0.0
0.847608 0.709978 0.290071 16 3e-06
0.840178 0.742492 0.292267 16 3e-06
0.848607 0.709262 0.304037 16 3e-06
0.855039 0.677463 0.287874 16 3e-06
0.84661 0.710693 0.276104 16 3e-06
0.744121 0.897097 0.253578 13 0.999744
0.381686 0.961332 0.725506 12 0.000861
0.48498 0.967901 0.745748 3 0.0
0.446167 0.963254 0.252393 13 0.0
0.478868 0.997676 0.34918 12 0.0
0.479896 0.997667 0.317648 12 0.0
0.460828 0.996881 0.348592 12 0.0
0.477839 0.997685 0.380711 12 0.0
0.496907 0.99847 0.349768 12 0.0
0.811561 0.055684 0.724007 3 0.0
0.51518 0.975474 0.746857 3 0.0
0.640238 0.967677 0.750563 3 0.999999
0.572425 0.97246 0.252348 13 0.001487
0.294699 0.926517 0.465359 12 0.0
0.312362 0.940561 0.46984 12 0.0
0.281486 0.920486 0.536344 12 0.0
0.277035 0.912473 0.460878 12 0.0
0.307912 0.932547 0.394374 12 0.0
0.133743 0.034176 0.636053 12 0.0
0.132437 0.046286 0.635944 12 0.0
0.136316 0.034794 0.673807 12 0.0
0.135049 0.022067 0.636163 12 0.0
0.131169 0.033558 0.5983 12 0.0
0.865282 0.298618 0.498243 12 0.0
0.86684 0.378333 0.526908 12 0.0
0.8666 0.27503 0.563767 12 0.0
0.863723 0.218902 0.469578 12 0.0
0.863963 0.322205 0.432719 12 0.0
0.447079 0.010309 0.249537 13 0.382679
0.39562 0.933681 0.743425 4 0.0
0.642509 0.722162 0.401721 8 0.0
0.618502 0.747799 0.402732 8 0.0
0.641179 0.718874 0.453527 8 0.0
0.666516 0.696525 0.400711 8 0.0
0.643839 0.72545 0.349916 8 0.0
0.363898 0.966005 0.251621 13 0.999994
0.761092 0.360682 0.247761 13 0.0
0.775365 0.442212 0.247842 13 0.0
0.788629 0.355859 0.250262 13 0.0
0.74682 0.279152 0.24768 13 0.0
0.733556 0.365505 0.245259 13 0.0
0.322609 -0.000208 0.635114 1 0.0
0.380513 3.1e-05 0.66563 1 0.0
0.31243 -0.000871 0.654434 1 0.0
0.264706 -0.000448 0.604598 1 0.0
0.332789 0.000455 0.615794 1 0.0
0.865174 0.179804 0.385606 12 0.0
0.866103 0.23656 0.399801 12 0.0
0.866465 0.169276 0.427615 12 0.0
0.864245 0.123048 0.37141 12 0.0
0.863884 0.190332 0.343596 12 0.0
0.160939 0.714424 0.748698 3 0.882335
0.171683 0.780545 0.522691 12 0.0
0.178306 0.793756 0.542389 12 0.0
0.163085 0.762243 0.537857 12 0.0
0.165061 0.767335 0.502993 12 0.0
0.180282 0.798848 0.507526 12 0.0
0.662183 0.916933 0.745722 3 0.0
0.214724 -0.001537 0.677815 1 0.0
0.188716 -0.000881 0.682794 1 0.0
0.219314 -0.001212 0.701744 1 0.0
0.240732 -0.002193 0.672836 1 0.0
0.210135 -0.001863 0.653886 1 0.0
0.317506 0.165834 0.753787 3 0.0
0.373815 0.150267 0.754547 3 0.0
0.331103 0.215079 0.755075 3 0.0
0.261198 0.181401 0.753027 3 0.0
0.303909 0.11659 0.752499 3 0.0
0.603877 0.965847 0.699056 12 0.0
0.568014 0.977454 0.688766 12 0.0
0.601059 0.968835 0.71225 12 0.0
0.639741 0.95424 0.709347 12 0.0
0.606696 0.962859 0.685863 12 0.0
0.342309 0.850048 0.751239 3 0.0
0.394394 0.887292 0.750976 3 0.0
0.325737 0.873218 0.750441 3 0.0
0.290225 0.812804 0.751502 3 0.0
0.358882 0.826878 0.752037 3 0.0
0.133426 0.042418 0.431962 12 0.0
0.135726 0.020447 0.49574 12 7e-06
0.828277 0.786542 0.415604 12 0.0
0.822319 0.801756 0.402792 12 0.0
0.820128 0.801151 0.436743 12 0.0
0.834235 0.771328 0.428416 12 0.0
0.836426 0.771932 0.394465 12 0.0
0.132292 0.208378 0.686011 12 0.0
0.282208 0.920185 0.365005 15 0.0
0.29371 0.930106 0.377198 15 0.0
0.268838 0.91055 0.385457 15 0.0
0.270705 0.910265 0.352812 15 0.0
0.295577 0.92982 0.344552 15 0.0
0.788658 0.000362 0.420136 1 0.0
0.808291 0.000885 0.426363 1 0.0
0.771674 0.001 0.473632 1 0.0
0.769025 -0.000161 0.41391 1 0.0
0.805641 -0.000276 0.366641 1 0.0
0.132081 0.294684 0.442394 12 0.0
0.132345 0.379621 0.437919 12 0.0
0.132367 0.297837 0.502268 12 0.0
0.131817 0.209746 0.446869 12 0.0
0.131795 0.29153 0.382521 12 0.0
0.769622 0.818762 0.484837 12 0.0
0.755697 0.838736 0.495691 12 0.0
0.778443 0.806315 0.51906 12 0.0
0.783547 0.798788 0.473984 12 0.0
0.760801 0.831208 0.450614 12 0.0
0.456025 0.99289 0.749032 3 0.999995
0.489295 0.038873 0.247635 13 0.0
0.432403 0.970544 0.747039 3 0.0
0.635155 0.000432 0.42666 1 0.006135
0.281766 0.899716 0.484667 12 0.0
0.30696 0.923518 0.475474 12 0.0
0.299497 0.908443 0.555852 12 0.0
0.256572 0.875915 0.493861 12 0.0
0.264035 0.89099 0.413482 12 0.0
0.867037 0.148771 0.396214 12 0.0
0.86794 0.194349 0.3869 12 0.0
0.868079 0.158252 0.442709 12 0.0
0.866134 0.103193 0.405529 12 0.0
0.865996 0.13929 0.349719 12 0.0
0.261764 0.812412 0.748734 3 0.0
0.29694 0.858544 0.749345 3 0.0
0.246189 0.824301 0.74777 3 0.0
0.226588 0.766281 0.748123 3 0.0
0.277339 0.800524 0.749698 3 0.0
0.831506 0.001985 0.421123 1 9e-06
0.867959 0.245243 0.64755 12 0.0
0.868232 0.321487 0.63609 12 0.0
0.867756 0.24962 0.676661 12 0.0
0.867687 0.169 0.659011 12 0.0
0.868163 0.240867 0.61844 12 0.0
0.181162 0.508361 0.376102 12 0.0
0.25187 0.045633 0.24458 13 0.0
0.214069 0.046479 0.24503 13 0.0
0.252214 0.061768 0.243134 13 0.0
0.289672 0.044786 0.244129 13 0.0
0.251526 0.029497 0.246025 13 0.0
0.174009 0.645677 0.745777 3 0.0
0.86 0.529419 0.539958 12 0.0
0.858329 0.552764 0.478168 12 0.0
0.856343 0.594643 0.5647 12 0.0
0.86167 0.506074 0.601749 12 0.0
0.863656 0.464195 0.515217 12 0.0
0.750223 0.895931 0.53811 12 0.0
0.741746 0.905228 0.530613 12 0.0
0.74239 0.90209 0.554603 12 0.0
0.758699 0.886634 0.545606 12 0.0
0.758055 0.889772 0.521616 12 0.0
0.643899 0.886804 0.252836 13 0.0
0.591637 0.915566 0.251997 13 0.0
0.633244 0.867409 0.251725 13 0.0
0.696162 0.858042 0.253676 13 0.0
0.654555 0.906198 0.253947 13 0.0
0.842956 0.743707 0.419819 12 0.0
0.836043 0.764689 0.418522 12 0.0
0.84073 0.746239 0.472655 12 0.0
0.849869 0.722724 0.421116 12 0.0
0.845182 0.741175 0.366983 12 0.0
0.308924 0.763071 0.752877 3 0.0
0.813078 0.337681 0.249685 13 0.0
0.401858 0.83253 0.640455 11 0.0
0.404373 0.827715 0.60546 11 0.0
0.453097 0.84835 0.64196 11 0.0
0.399343 0.837346 0.675449 11 0.0
0.350619 0.81671 0.638949 11 0.0
0.147526 0.730749 0.556986 12 0.0
0.151424 0.747492 0.564285 12 0.0
0.143091 0.719978 0.58406 12 0.0
0.143628 0.714006 0.549686 12 0.0
0.151961 0.74152 0.529912 12 0.0
0.231689 0.835183 0.578341 6 0.0
0.23675 0.84322 0.6201 6 0.0
0.217382 0.815376 0.583887 6 0.0
0.226628 0.827146 0.536582 6 0.0
0.245995 0.854991 0.572795 6 0.0
0.128078 0.218845 0.427599 12 0.0
0.128013 0.234862 0.375683 12 0.0
0.125923 0.286089 0.448348 12 0.0
0.128144 0.202828 0.479515 12 0.0
0.130233 0.151601 0.40685 12 0.0
0.829512 0.643725 0.74826 4 8e-06
0.83311 0.158583 0.249908 13 0.0
0.129993 0.172685 0.451282 12 0.0
0.12889 0.216943 0.428329 12 0.0
0.129204 0.203382 0.510508 12 0.0
0.131097 0.128428 0.474235 12 0.0
0.130782 0.141989 0.392056 12 0.0
0.135766 0.617404 0.446183 12 0.0
0.138248 0.650053 0.45931 12 0.0
0.132983 0.593193 0.506927 12 0.0
0.133285 0.584756 0.433057 12 0.0
0.13855 0.641616 0.38544 12 0.0
0.476042 0.000344 0.279345 1 0.0
0.86513 0.081219 0.498517 12 0.0
0.864997 0.107067 0.496549 12 0.0
0.865105 0.087065 0.575294 12 0.0
0.865264 0.055371 0.500486 12 0.0
0.865155 0.075373 0.421741 12 0.0
0.132437 0.05809 0.49668 12 0.0
0.58838 0.166532 0.574368 5 0.0
0.610528 0.162275 0.544517 5 0.0
0.591109 0.124589 0.582375 5 0.0
0.566231 0.17079 0.60422 5 0.0
0.585651 0.208476 0.566362 5 0.0
0.555722 0.766576 0.385547 8 0.0
0.524504 0.772656 0.384887 8 0.0
0.554552 0.765325 0.429368 8 0.0
0.58694 0.760496 0.386207 8 0.0
0.556892 0.767828 0.341725 8 0.0
0.830083 0.00243 0.564758 1 0.002889
0.626728 0.105972 0.487515 5 0.0
0.613959 0.141754 0.480637 5 0.0
0.625943 0.111754 0.519054 5 0.0
0.639497 0.07019 0.494393 5 0.0
0.627513 0.100189 0.455976 5 0.0
0.864727 0.386766 0.616796 12 0.0
0.864943 0.383223 0.658521 12 0.0
0.86905 0.277749 0.607518 12 0.0
0.864511 0.390308 0.575071 12 0.0
0.860405 0.495783 0.626074 12 0.0
0.567666 0.768382 0.606812 7 0.0
0.54142 0.777168 0.601008 7 0.0
0.559242 0.773582 0.652774 7 0.0
0.593912 0.759597 0.612617 7 0.0
0.57609 0.763182 0.560851 7 0.0
0.80657 0.163104 0.248957 13 0.0
0.804888 0.216127 0.248671 13 0.0
0.785403 0.162431 0.248787 13 0.0
0.808251 0.11008 0.249242 13 0.0
0.827737 0.163776 0.249127 13 0.0
0.254658 0.290544 0.589969 5 1e-06
0.218959 0.360927 0.599368 5 1e-06
0.245576 0.280863 0.62797 5 1e-06
0.290356 0.220162 0.580569 5 1e-06
0.263739 0.300225 0.551967 5 1e-06
0.667551 -0.003031 0.721211 1 0.0
0.685413 0.651879 0.698025 7 0.0
0.683524 0.651195 0.680588 7 0.0
0.671708 0.678753 0.698457 7 0.0
0.687303 0.652562 0.715463 7 0.0
0.699119 0.625004 0.697593 7 0.0
0.303447 0.596358 0.554972 7 0.0
0.309287 0.633521 0.55939 7 0.0
0.298638 0.589526 0.618781 7 0.0
0.297608 0.559195 0.550553 7 0.0
0.308257 0.603189 0.491162 7 0.0
0.450258 0.234497 0.610427 5 0.0
0.45266 0.264042 0.610794 5 0.0
0.523698 0.227981 0.654307 5 0.0
0.447855 0.204951 0.61006 5 0.0
0.376817 0.241012 0.566547 5 0.0
0.738797 0.001383 0.480371 1 0.0
0.71839 0.001196 0.493494 1 0.0
0.773967 0.001298 0.535061 1 0.0
0.759204 0.001569 0.467248 1 0.0
0.703626 0.001467 0.425682 1 0.0
0.66063 -0.000174 0.508828 1 0.0
0.274098 0.892459 0.749108 3 0.0
0.711525 0.286635 0.247107 13 0.0
0.750068 0.37297 0.247626 13 0.0
0.681042 0.300246 0.246626 13 0.0
0.672982 0.200299 0.246588 13 0.0
0.742008 0.273023 0.247588 13 0.0
0.524303 0.249239 0.379566 5 0.0
0.562316 0.260215 0.384028 5 0.0
0.516339 0.27911 0.373938 5 0.0
0.48629 0.238264 0.375103 5 0.0
0.532267 0.219368 0.385193 5 0.0
0.866652 0.260047 0.500379 12 0.0
0.867349 0.340351 0.489889 12 0.0
0.867138 0.270007 0.576663 12 0.0
0.865956 0.179744 0.510868 12 0.0
0.866167 0.250087 0.424094 12 0.0
0.213449 -0.000377 0.477583 1 0.0
0.188743 -5.8e-05 0.480399 1 0.0
0.221546 -0.000426 0.548627 1 0.0
0.238155 -0.000695 0.474767 1 0.0
0.205352 -0.000327 0.406539 1 0.0
0.857026 0.501673 0.280564 12 0.086378
0.511559 0.85266 0.74991 3 0.0
0.512275 0.877242 0.749076 3 0.0
0.431198 0.854974 0.749081 3 0.0
0.510843 0.828079 0.750744 3 0.0
0.59192 0.850347 0.750739 3 0.0
0.46125 0.084048 0.375095 5 0.0
0.493431 0.095682 0.375205 5 0.0
0.451774 0.110206 0.380653 5 0.0
0.429069 0.072413 0.374985 5 0.0
0.470726 0.057889 0.369537 5 0.0
0.135623 0.547577 0.566239 12 0.0
0.13959 0.60813 0.590784 12 0.0
0.135378 0.526709 0.617758 12 0.0
0.131657 0.487025 0.541693 12 0.0
0.135869 0.568445 0.514719 12 0.0
0.400254 0.916738 0.748123 3 0.0
0.393378 0.93576 0.748021 3 0.0
0.448354 0.934125 0.747901 3 0.0
0.407131 0.897715 0.748226 3 0.0
0.352154 0.899351 0.748345 3 0.0
0.721619 0.03817 0.750011 3 0.0
0.818766 0.360779 0.250902 13 0.0
0.401937 0.739816 0.51045 8 0.0
0.42541 0.757349 0.511297 8 0.0
0.399307 0.740169 0.576079 8 0.0
0.378465 0.722283 0.509604 8 0.0
0.404567 0.739463 0.444821 8 0.0
0.86256 0.44533 0.421331 12 0.0
0.858409 0.540596 0.416609 12 0.0
0.862438 0.448018 0.475662 12 0.0
0.86671 0.350064 0.426054 12 0.0
0.862681 0.442642 0.367 12 0.0
0.326884 0.26208 0.754663 3 0.0
0.297603 0.240177 0.754314 3 0.0
0.378545 0.193011 0.755084 3 0.0
0.356164 0.283983 0.755012 3 0.0
0.275222 0.331149 0.754241 3 0.0
0.131148 0.372997 0.445368 12 0.0
0.131964 0.473594 0.44381 12 0.0
0.131263 0.373909 0.50434 12 0.0
0.130332 0.272401 0.446925 12 0.0
0.131033 0.372085 0.386395 12 0.0
0.32157 0.708697 0.248422 14 0.0
0.497607 0.197703 0.751947 3 0.0
0.51279 0.235205 0.752236 3 0.0
0.605876 0.15387 0.751481 3 0.0
0.482423 0.160201 0.751658 3 0.0
0.389337 0.241535 0.752413 3 0.0
0.273604 0.884644 0.472847 6 0.0
0.599339 0.761812 0.699328 7 0.0
0.649012 -0.002275 0.505699 2 1.0
0.220668 0.795681 0.749816 3 0.0
0.315198 0.457533 0.71858 7 0.0
0.189959 0.817524 0.438445 12 0.0
0.20015 0.834767 0.438425 12 0.0
0.190393 0.817337 0.497799 12 0.0
0.179768 0.800281 0.438466 12 0.0
0.189524 0.817711 0.379092 12 0.0
0.857822 0.691191 0.483155 16 0.995185
0.814156 0.347051 0.249652 13 0.0
0.488902 0.985508 0.746219 3 0.415993
0.303836 0.620731 0.308464 7 0.0
0.305659 0.619541 0.329039 7 0.0
0.295245 0.588 0.307333 7 0.0
0.302013 0.621921 0.28789 7 0.0
0.312426 0.653462 0.309596 7 0.0
0.864736 0.108986 0.494203 12 0.0
0.864741 0.144765 0.493037 12 0.0
0.865538 0.111587 0.573987 12 0.0
0.864732 0.073207 0.495369 12 0.0
0.863934 0.106385 0.414419 12 0.0
0.615322 0.950707 0.513076 10 0.0
0.139667 0.469937 0.295847 12 0.0
0.144904 0.711287 0.626272 12 0.0
0.145269 0.714547 0.664805 12 0.0
0.140612 0.692195 0.627928 12 0.0
0.144539 0.708026 0.587739 12 0.0
0.149196 0.730378 0.624616 12 0.0
0.313557 0.000942 0.482865 1 0.0
0.132295 0.541955 0.449351 12 0.0
0.136496 0.598389 0.417804 12 0.0
0.134015 0.5727 0.504579 12 0.0
0.128093 0.485521 0.480899 12 0.0
0.130574 0.511209 0.394123 12 0.0
0.754891 0.000254 0.513587 1 0.0
0.787427 0.000674 0.50719 1 0.0
0.76943 0.000927 0.58758 1 0.0
0.722356 -0.000165 0.519984 1 0.0
0.740352 -0.000418 0.439594 1 0.0
0.663297 0.736981 0.454275 5 0.0
0.648803 0.759169 0.467904 5 0.0
0.680362 0.708983 0.518006 5 0.0
0.67779 0.714794 0.440647 5 0.0
0.646232 0.764979 0.390545 5 0.0
0.13217 0.317799 0.508582 12 0.0
0.130956 0.396142 0.514712 12 0.0
0.133095 0.312733 0.573516 12 0.0
0.133384 0.239457 0.502452 12 0.0
0.131245 0.322866 0.443648 12 0.0
0.781797 0.404486 0.248228 13 0.0
0.50211 0.18722 0.246217 13 0.0
0.515967 0.231836 0.246767 13 0.0
0.396196 0.220124 0.24544 13 0.0
0.488253 0.142603 0.245667 13 0.0
0.608024 0.154315 0.246994 13 0.0
0.130457 0.371795 0.256709 12 0.999132
0.249498 0.441918 0.370323 8 0.0
0.234784 0.499557 0.362608 8 0.0
0.238772 0.444625 0.411005 8 0.0
0.264212 0.384279 0.378037 8 0.0
0.260225 0.439211 0.32964 8 0.0
0.300362 0.642605 0.253406 7 0.902567
0.671039 0.677272 0.658627 7 0.0
0.65195 0.705757 0.660824 7 0.0
0.673588 0.676704 0.68814 7 0.0
0.690128 0.648787 0.656431 7 0.0
0.668491 0.67784 0.629114 7 0.0
0.670303 0.693999 0.324795 7 0.0
0.663573 0.698646 0.350235 7 0.0
0.686465 0.670655 0.333335 7 0.0
0.677034 0.689352 0.299355 7 0.0
0.654141 0.717343 0.316255 7 0.0
0.64345 0.214637 0.245589 13 0.0
0.70781 0.268681 0.246665 13 0.0
0.612946 0.250975 0.244989 13 0.0
0.579091 0.160593 0.244513 13 0.0
0.673954 0.178298 0.246189 13 0.0
0.571284 0.98001 0.455833 10 3e-06
0.555872 0.869581 0.24988 13 0.0
0.562633 0.900386 0.251168 13 0.0
0.481519 0.885917 0.249448 13 0.0
0.549111 0.838776 0.248593 13 0.0
0.630225 0.853244 0.250312 13 0.0
0.186146 0.809826 0.554624 12 0.0
0.195803 0.827534 0.55532 12 0.0
0.184568 0.808289 0.615625 12 0.0
0.176488 0.792118 0.553928 12 0.0
0.187724 0.811363 0.493623 12 0.0
0.717453 -0.001524 0.659443 1 0.0
0.669738 -0.002296 0.663324 1 0.0
0.719797 -0.001902 0.68819 1 0.0
0.765167 -0.000752 0.655562 1 0.0
0.715108 -0.001146 0.630696 1 0.0
0.864073 0.648648 0.610017 9 0.0
0.480941 0.808131 0.752713 3 0.0
0.29413 0.562291 0.579239 7 0.0
0.2954 0.598222 0.575631 7 0.0
0.287854 0.568277 0.636636 7 0.0
0.292859 0.526361 0.582847 7 0.0
0.300406 0.556306 0.521841 7 0.0
0.280389 0.777125 0.247726 13 0.0
0.25532 0.794286 0.248011 13 0.0
0.319809 0.834705 0.247996 13 0.0
0.305457 0.759964 0.24744 13 0.0
0.240968 0.719544 0.247455 13 0.0
0.867504 0.1881 0.338337 12 0.0
0.867729 0.247293 0.347535 12 0.0
0.867891 0.18381 0.365928 12 0.0
0.867278 0.128906 0.329138 12 0.0
0.867117 0.192389 0.310746 12 0.0
0.130375 0.384536 0.554781 12 0.0
0.131216 0.39041 0.614854 12 0.0
0.128692 0.302347 0.56284 12 0.0
0.129534 0.378662 0.494707 12 0.0
0.132057 0.466725 0.546721 12 0.0
0.717333 0.293301 0.751105 4 0.0
0.686644 0.30604 0.751799 4 0.0
0.754626 0.383146 0.750924 4 0.0
0.748021 0.280561 0.750412 4 0.0
0.680039 0.203455 0.751287 4 0.0
0.535149 0.241394 0.612163 5 0.0
0.66026 0.698819 0.457921 7 0.0
0.635302 0.73415 0.466856 7 0.0
0.665766 0.685618 0.525501 7 0.0
0.685217 0.663488 0.448986 7 0.0
0.654753 0.712021 0.390341 7 0.0
0.615143 0.860387 0.248738 13 0.0
0.629839 0.889842 0.249886 13 0.0
0.553323 0.891219 0.249019 13 0.0
0.600447 0.830931 0.24759 13 0.0
0.676963 0.829555 0.248457 13 0.0
0.653077 0.947007 0.251378 13 0.044151
0.432319 0.750528 0.34837 8 0.0
0.424041 0.748983 0.319515 8 0.0
0.466924 0.765042 0.337665 8 0.0
0.440596 0.752073 0.377224 8 0.0
0.397714 0.736014 0.359075 8 0.0
0.581751 0.293549 0.596391 2 0.0
0.578881 0.317991 0.604446 2 0.0
0.523757 0.27681 0.626522 2 0.0
0.584621 0.269107 0.588336 2 0.0
0.639745 0.310289 0.56626 2 0.0
0.636273 0.056 0.358203 5 0.0
0.629749 0.072751 0.36005 5 0.0
0.666364 0.063755 0.394164 5 0.0
0.642798 0.03925 0.356356 5 0.0
0.606183 0.048245 0.322243 5 0.0
0.601197 0.750647 0.492577 10 0.0
0.599889 0.751138 0.415382 10 0.0
0.579392 0.764497 0.493034 10 0.0
0.602505 0.750156 0.569771 10 0.0
0.623002 0.736797 0.492119 10 0.0
0.861439 0.383861 0.534459 12 0.0
0.85659 0.491315 0.541165 12 0.0
0.861046 0.379834 0.598702 12 0.0
0.866288 0.276408 0.527752 12 0.0
0.861832 0.387888 0.470216 12 0.0
0.864888 0.003334 0.641582 1 0.999915
0.377057 0.148214 0.508398 5 0.0
0.389877 0.194629 0.511585 5 0.0
0.375348 0.146076 0.546404 5 0.0
0.364236 0.101799 0.50521 5 0.0
0.378765 0.150352 0.470392 5 0.0
0.666943 0.69704 0.298915 7 0.0
0.66669 0.698656 0.280459 7 0.0
0.644696 0.726572 0.301805 7 0.0
0.667195 0.695424 0.317371 7 0.0
0.689189 0.667508 0.296025 7 0.0
0.300969 0.63033 0.660196 7 0.0
0.313992 0.663733 0.65323 7 0.0
0.299505 0.637558 0.692121 7 0.0
0.287947 0.596927 0.667162 7 0.0
0.302433 0.623102 0.628271 7 0.0
0.132626 0.329933 0.704559 12 0.0
0.297327 0.801701 0.753219 3 0.0
0.273928 0.821142 0.752626 3 0.0
0.339948 0.852984 0.752719 3 0.0
0.320726 0.78226 0.753812 3 0.0
0.254706 0.750418 0.753719 3 0.0
0.287755 0.788504 0.748901 3 0.0
0.327751 0.842977 0.749365 3 0.0
0.263771 0.806117 0.748459 3 0.0
0.247759 0.73403 0.748437 3 0.0
0.311739 0.77089 0.749343 3 0.0
0.482515 0.358888 0.311658 7 0.0
0.583219 0.244253 0.357972 5 0.0
0.621787 0.247288 0.383776 5 0.0
0.576332 0.281182 0.363921 5 0.0
0.54465 0.241218 0.332167 5 0.0
0.590105 0.207324 0.352022 5 0.0
0.866749 0.322401 0.530009 12 0.0
0.867741 0.421799 0.532839 12 0.0
0.867468 0.320449 0.598319 12 0.0
0.865757 0.223003 0.527179 12 0.0
0.866031 0.324353 0.461699 12 0.0
0.139838 0.003236 0.487151 1 4e-06
0.135751 0.649501 0.366449 12 0.0
0.13815 0.677928 0.3626 12 0.0
0.136092 0.654648 0.404676 12 0.0
0.133351 0.621074 0.370298 12 0.0
0.13541 0.644354 0.328223 12 0.0
0.214616 0.606791 0.246237 13 0.0
0.505475 0.857943 0.749326 3 0.0
0.503808 0.883724 0.74843 3 0.0
0.426841 0.852895 0.750365 3 0.0
0.507141 0.832161 0.750222 3 0.0
0.584108 0.862991 0.748287 3 0.0
0.866504 0.35505 0.547335 12 0.0
0.865779 0.350841 0.60853 12 0.0
0.867444 0.246785 0.539899 12 0.0
0.86723 0.359259 0.486139 12 0.0
0.865565 0.463315 0.55477 12 0.0
0.490289 0.160586 0.378784 5 0.0
0.541625 0.155096 0.37827 5 0.0
0.494512 0.199955 0.379969 5 0.0
0.438954 0.166076 0.379299 5 0.0
0.486067 0.121217 0.377599 5 0.0
0.13406 0.550112 0.556008 12 0.0
0.136419 0.603947 0.582061 12 0.0
0.132393 0.52501 0.608028 12 0.0
0.1317 0.496276 0.529955 12 0.0
0.135727 0.575213 0.503989 12 0.0
0.343827 0.952612 0.746812 4 0.151318
0.772897 0.35112 0.248177 13 0.0
0.867105 0.040278 0.540821 12 0.0
0.13037 0.388768 0.395544 12 0.0
0.131465 0.487738 0.391624 12 0.0
0.130342 0.39055 0.440523 12 0.0
0.129276 0.289798 0.399464 12 0.0
0.130399 0.386986 0.350566 12 0.0
0.29835 0.666539 0.280117 8 0.0
0.306176 0.68561 0.281937 8 0.0
0.29865 0.665302 0.291786 8 0.0
0.290523 0.647469 0.278297 8 0.0
0.298049 0.667776 0.268448 8 0.0
0.290503 0.505506 0.246809 8 0.802503
0.795099 0.701473 0.746257 4 0.0
0.289012 0.533079 0.721718 7 0.0
0.286445 0.56589 0.724773 7 0.0
0.289425 0.531977 0.733897 7 0.0
0.29158 0.500268 0.718663 7 0.0
0.288599 0.534181 0.709538 7 0.0
0.624571 0.826655 0.249408 13 0.0
0.157695 0.749535 0.559393 12 0.0
0.163801 0.768811 0.560118 12 0.0
0.15616 0.747922 0.615191 12 0.0
0.151589 0.730259 0.558667 12 0.0
0.15923 0.751149 0.503594 12 0.0
0.627994 -0.001928 0.717668 1 0.0
0.456249 0.164478 0.752412 3 0.0
0.456477 0.215705 0.753264 3 0.0
0.360077 0.16491 0.752105 3 0.0
0.456022 0.113251 0.75156 3 0.0
0.552422 0.164046 0.752719 3 0.0
0.528449 0.963307 0.747054 3 0.0
0.866378 0.199183 0.505201 12 0.0
0.867061 0.260807 0.505939 12 0.0
0.866291 0.198302 0.578799 12 0.0
0.865695 0.13756 0.504462 12 0.0
0.866465 0.200065 0.431603 12 0.0
0.169928 0.729666 0.600538 12 0.0
0.132536 0.442238 0.500501 12 0.0
0.134503 0.52531 0.474562 12 0.0
0.134077 0.464004 0.570325 12 0.0
0.130569 0.359166 0.52644 12 0.0
0.130994 0.420472 0.430677 12 0.0
0.564518 0.355837 0.701077 7 0.0
0.755091 0.000683 0.509857 1 0.0
0.789504 0.001363 0.505812 1 0.0
0.76357 0.000427 0.581953 1 0.0
0.720679 2e-06 0.513902 1 0.0
0.746612 0.000938 0.43776 1 0.0
0.133052 0.323185 0.499468 12 0.0
0.133568 0.418098 0.499455 12 0.0
0.13376 0.323191 0.576318 12 0.0
0.132537 0.228272 0.49948 12 0.0
0.132345 0.323178 0.422617 12 0.0
0.698701 0.501415 0.647801 7 0.0
0.707601 0.53845 0.649371 7 0.0
0.699843 0.499732 0.681033 7 0.0
0.689801 0.464381 0.646231 7 0.0
0.697559 0.503099 0.614569 7 0.0
0.266303 0.242237 0.754689 3 0.0
0.225582 0.237402 0.754164 3 0.0
0.274919 0.169595 0.755291 3 0.0
0.307024 0.247071 0.755213 3 0.0
0.257686 0.314878 0.754087 3 0.0
0.439883 0.802576 0.752291 3 0.0
0.237761 0.524195 0.289411 8 0.0
0.234672 0.559424 0.283962 8 0.0
0.241287 0.526634 0.303182 8 0.0
0.24085 0.488966 0.29486 8 0.0
0.234234 0.521756 0.27564 8 0.0
0.865409 0.621235 0.652461 12 0.0
0.866212 0.619448 0.620083 12 0.0
0.863499 0.65003 0.650824 12 0.0
0.864606 0.623023 0.684839 12 0.0
0.867319 0.592441 0.654098 12 0.0
0.830295 0.757592 0.566682 12 0.0
0.260446 0.895235 0.559009 6 0.0
0.270679 0.908146 0.518541 6 0.0
0.27266 0.904199 0.564958 6 0.0
0.250214 0.882323 0.599477 6 0.0
0.248232 0.88627 0.553061 6 0.0
0.68932 0.238351 0.246079 13 0.0
0.731856 0.306655 0.247162 13 0.0
0.651537 0.261892 0.245322 13 0.0
0.646784 0.170048 0.244995 13 0.0
0.727103 0.21481 0.246835 13 0.0
0.53347 0.831238 0.745744 3 0.0
0.383589 0.730193 0.302788 7 0.0
0.410709 0.750246 0.304153 7 0.0
0.384473 0.727764 0.320911 7 0.0
0.35647 0.710139 0.301423 7 0.0
0.382706 0.732621 0.284665 7 0.0
0.176057 0.793967 0.5143 12 0.0
0.421423 0.851154 0.751125 3 0.0
0.412962 0.876463 0.750085 3 0.0
0.343443 0.825104 0.751628 3 0.0
0.429885 0.825845 0.752166 3 0.0
0.499404 0.877203 0.750623 3 0.0
0.711499 0.785209 0.249064 13 0.0
0.669968 0.842814 0.249676 13 0.0
0.687976 0.768262 0.24789 13 0.0
0.75303 0.727603 0.248452 13 0.0
0.735022 0.802155 0.250238 13 0.0
0.475687 0.004032 0.354342 5 0.999948
0.290182 0.500797 0.244514 8 0.289814
0.129088 0.248949 0.307448 12 0.0
0.13249 0.54137 0.36535 12 0.0
0.136561 0.604334 0.361608 12 0.0
0.13234 0.543587 0.402492 12 0.0
0.128419 0.478405 0.369092 12 0.0
0.13264 0.539153 0.328207 12 0.0
0.374905 0.968592 0.334663 12 0.0
0.388002 0.973495 0.309179 12 0.0
0.394745 0.975579 0.346204 12 0.0
0.361808 0.963689 0.360146 12 0.0
0.355065 0.961605 0.323122 12 0.0
0.661969 -0.000201 0.267166 1 0.002748
0.867783 0.286378 0.622875 12 0.0
0.868148 0.3768 0.612737 12 0.0
0.867466 0.290695 0.661364 12 0.0
0.867418 0.195956 0.633013 12 0.0
0.8681 0.282062 0.584387 12 0.0
0.29631 0.924527 0.590156 6 0.0
0.317159 0.940313 0.574953 6 0.0
0.310215 0.93259 0.617595 6 0.0
0.275462 0.90874 0.60536 6 0.0
0.282406 0.916464 0.562717 6 0.0
0.830127 0.679634 0.253205 13 3.3e-05
0.612967 0.973624 0.744036 3 3e-06
0.685329 0.929807 0.550275 12 0.0
0.669183 0.938343 0.5401 12 0.0
0.672163 0.936559 0.576832 12 0.0
0.701476 0.921271 0.56045 12 0.0
0.698495 0.923055 0.523719 12 0.0
0.282259 0.904421 0.747622 3 0.007877
0.147588 0.499606 0.692708 12 0.0
0.867666 0.216342 0.481239 12 0.0
0.867777 0.27724 0.459079 12 0.0
0.869087 0.24107 0.549202 12 0.0
0.867555 0.155443 0.503399 12 0.0
0.866245 0.191614 0.413276 12 0.0
0.739124 -0.002109 0.374064 1 0.0
0.704096 -0.002329 0.349894 1 0.0
0.716447 -0.00353 0.406941 1 0.0
0.774152 -0.001889 0.398233 1 0.0
0.7618 -0.000688 0.341187 1 0.0
0.182173 0.803258 0.452881 12 0.0
0.191576 0.819804 0.448622 12 0.0
0.185821 0.811478 0.492866 12 0.0
0.17277 0.786712 0.457141 12 0.0
0.178526 0.795038 0.412897 12 0.0
0.130578 0.126605 0.595829 12 0.0
0.130303 0.166256 0.594369 12 0.0
0.130652 0.128419 0.645078 12 0.0
0.130852 0.086954 0.597289 12 0.0
0.130503 0.124791 0.54658 12 0.0
0.184683 0.726789 0.714528 10 0.0
0.137052 0.590146 0.639248 12 0.0
0.139515 0.639915 0.628739 12 0.0
0.137875 0.597197 0.672837 12 0.0
0.13459 0.540376 0.649757 12 0.0
0.13623 0.583094 0.605658 12 0.0
0.797784 0.774808 0.438046 12 0.0
0.789979 0.794968 0.402359 12 0.0
0.786774 0.792491 0.450443 12 0.0
0.805589 0.754647 0.473732 12 0.0
0.808794 0.757124 0.425648 12 0.0
0.227327 0.864577 0.434034 12 0.0
0.239335 0.877305 0.428361 12 0.0
0.238528 0.879957 0.492249 12 0.0
0.21532 0.851849 0.439707 12 0.0
0.216126 0.849197 0.375818 12 0.0
0.823786 0.792326 0.634622 12 0.0
0.814997 0.808986 0.625699 12 0.0
0.817462 0.806577 0.667463 12 0.0
0.832575 0.775665 0.643544 12 0.0
0.83011 0.778074 0.601781 12 0.0
0.227284 0.359098 0.752075 3 0.0
0.692044 0.932552 0.436797 12 0.0
0.678425 0.940732 0.434836 12 0.0
0.688079 0.933969 0.470244 12 0.0
0.705663 0.924372 0.438758 12 0.0
0.696008 0.931135 0.40335 12 0.0
0.145653 0.669045 0.687686 12 0.0
0.15105 0.704493 0.681915 12 0.0
0.145971 0.672346 0.70826 12 0.0
0.140255 0.633597 0.693457 12 0.0
0.145335 0.665744 0.667112 12 0.0
0.433823 0.000653 0.304222 1 0.001921
0.18274 0.802924 0.321741 12 0.004856
0.189939 0.814242 0.341063 12 0.004856
0.173307 0.78358 0.336587 12 0.004856
0.175541 0.791605 0.30242 12 0.004856
0.192173 0.822267 0.306896 12 0.004856
0.330875 0.692062 0.728943 7 0.0
0.3454 0.714789 0.728661 7 0.0
0.330332 0.692534 0.738993 7 0.0
0.31635 0.669336 0.729225 7 0.0
0.331417 0.69159 0.718892 7 0.0
0.840864 0.756774 0.712063 10 0.0
0.832922 0.778349 0.715534 10 0.0
0.840126 0.754325 0.725599 10 0.0
0.848805 0.7352 0.708591 10 0.0
0.841601 0.759224 0.698526 10 0.0
0.406836 0.317935 0.246606 14 0.0
0.262107 0.877264 0.638301 6 0.0
0.281591 0.895089 0.644621 6 0.0
0.256454 0.87483 0.662593 6 0.0
0.242623 0.85944 0.63198 6 0.0
0.26776 0.879698 0.614009 6 0.0
0.598236 0.953107 0.25199 13 0.000456
0.263862 0.874094 0.619909 6 1e-06
0.282506 0.894397 0.623946 6 1e-06
0.260174 0.87141 0.650441 6 1e-06
0.245218 0.853791 0.615872 6 1e-06
0.26755 0.876778 0.589377 6 1e-06
0.736301 0.885971 0.555755 12 0.0
0.718574 0.904688 0.564975 12 0.0
0.743005 0.880782 0.579175 12 0.0
0.754027 0.867254 0.546535 12 0.0
0.729597 0.891159 0.532335 12 0.0
0.797085 0.798463 0.31997 9 2.3e-05
0.786549 0.818244 0.324158 9 2.3e-05
0.807155 0.799288 0.341407 9 2.3e-05
0.80762 0.778682 0.315782 9 2.3e-05
0.787014 0.797638 0.298532 9 2.3e-05
0.397013 0.868975 0.738467 4 0.0
0.385611 0.894865 0.737138 4 0.0
0.458338 0.895882 0.736527 4 0.0
0.408415 0.843085 0.739797 4 0.0
0.335688 0.842068 0.740408 4 0.0
0.700314 0.004767 0.742604 1 0.998222
0.622937 0.001363 0.43896 2 0.559463
0.836892 0.462885 0.341952 12 0.000422
0.768603 0.871356 0.567018 10 0.0
0.758974 0.880962 0.577669 10 0.0
0.776559 0.861923 0.582716 10 0.0
0.778232 0.86175 0.556366 10 0.0
0.760648 0.880789 0.551319 10 0.0
0.788269 0.85304 0.500865 12 0.0
0.776647 0.86728 0.508379 12 0.0
0.796897 0.841607 0.535877 12 0.0
0.799891 0.8388 0.493351 12 0.0
0.77964 0.864473 0.465853 12 0.0
0.659031 0.836152 0.733346 3 0.0
0.677713 0.860696 0.732301 3 0.0
0.605089 0.87724 0.734031 3 0.0
0.64035 0.811608 0.73439 3 0.0
0.712973 0.795064 0.73266 3 0.0
0.475419 0.988608 0.746834 3 0.409183
0.131021 0.282619 0.319039 12 0.000594
0.12897 0.342994 0.319825 12 0.000594
0.130807 0.282313 0.342021 12 0.000594
0.133073 0.222244 0.318254 12 0.000594
0.131236 0.282925 0.296058 12 0.000594
0.774223 0.081124 0.74907 3 0.0
0.802328 0.091211 0.748358 3 0.0
0.765535 0.105372 0.749658 3 0.0
0.746117 0.071036 0.749783 3 0.0
0.782911 0.056876 0.748483 3 0.0
0.761987 0.052791 0.74873 3 0.0
0.795817 0.056289 0.74683 3 0.0
0.763754 0.035769 0.748863 3 0.0
0.728157 0.049293 0.750629 3 0.0
0.76022 0.069813 0.748596 3 0.0
0.503641 0.992434 0.745797 3 0.576969
0.758088 0.732473 0.404272 10 0.0
0.729874 0.768465 0.414622 10 0.0
0.752764 0.716986 0.443613 10 0.0
0.786303 0.69648 0.393922 10 0.0
0.763413 0.747959 0.36493 10 0.0
0.367054 0.044689 0.468954 5 0.0
0.369008 0.060031 0.469136 5 0.0
0.355435 0.045653 0.512306 5 0.0
0.3651 0.029346 0.468771 5 0.0
0.378673 0.043725 0.425602 5 0.0
0.25649 0.88848 0.399068 12 0.0
0.272596 0.900235 0.389645 12 0.0
0.271196 0.906506 0.446691 12 0.0
0.240385 0.876725 0.40849 12 0.0
0.241785 0.870455 0.351444 12 0.0
0.861586 0.280656 0.49976 12 0.0
0.86136 0.363112 0.528061 12 0.0
0.861448 0.256314 0.570679 12 0.0
0.861812 0.198199 0.471459 12 0.0
0.861724 0.304997 0.428841 12 0.0
0.395183 0.945065 0.251886 13 0.0
0.213319 0.85494 0.651533 6 0.0
0.226872 0.872423 0.652571 6 0.0
0.212091 0.854 0.683383 6 0.0
0.199766 0.837458 0.650494 6 0.0
0.214547 0.855881 0.619682 6 0.0
0.777325 -5.5e-05 0.264665 1 0.377336
0.21146 0.828481 0.253952 13 0.0
0.44473 0.99312 0.695081 12 0.0
0.463368 0.995568 0.69623 12 0.0
0.443689 0.992703 0.712867 12 0.0
0.426092 0.990672 0.693933 12 0.0
0.445771 0.993537 0.677296 12 0.0
0.855994 0.602408 0.701127 12 0.0
0.75312 0.732175 0.746579 3 0.0
0.725711 0.795817 0.747282 3 0.0
0.776806 0.74238 0.74624 3 0.0
0.780528 0.668533 0.745877 3 0.0
0.729433 0.721971 0.746918 3 0.0
0.853084 0.704105 0.667924 12 0.0
0.849553 0.714904 0.643659 12 0.0
0.848287 0.727687 0.679117 12 0.0
0.856615 0.693306 0.69219 12 0.0
0.85788 0.680523 0.656732 12 0.0
0.359618 0.00082 0.696951 1 0.0
0.364297 0.967692 0.31259 12 0.0
0.370068 0.971193 0.29234 12 0.0
0.386505 0.976033 0.32036 12 0.0
0.358526 0.964191 0.332839 12 0.0
0.342089 0.959352 0.304819 12 0.0
0.308846 0.171982 0.75388 3 0.0
0.340955 0.209966 0.755286 3 0.0
0.264207 0.209716 0.753888 3 0.0
0.276737 0.133997 0.752474 3 0.0
0.353486 0.134247 0.753872 3 0.0
0.307621 0.935374 0.563471 6 0.0
0.322658 0.945579 0.556393 6 0.0
0.321017 0.942148 0.601694 6 0.0
0.292585 0.925169 0.570549 6 0.0
0.294225 0.9286 0.525247 6 0.0
0.647313 0.967156 0.63967 12 0.0
0.632638 0.974049 0.632937 12 0.0
0.637322 0.970947 0.665325 12 0.0
0.661987 0.960264 0.646403 12 0.0
0.657303 0.963366 0.614015 12 0.0
0.832809 0.766429 0.551578 12 0.0
0.825118 0.783034 0.537289 12 0.0
0.82575 0.782453 0.573999 12 0.0
0.8405 0.749824 0.565866 12 0.0
0.839868 0.750405 0.529156 12 0.0
0.250536 0.890082 0.613952 6 0.0
0.271596 0.910081 0.620258 6 0.0
0.243828 0.883553 0.657061 6 0.0
0.229476 0.870083 0.607646 6 0.0
0.257244 0.896612 0.570842 6 0.0
0.556409 0.932511 0.250846 13 0.0
0.559541 0.95111 0.250008 13 0.0
0.505755 0.941039 0.250835 13 0.0
0.553278 0.913911 0.251684 13 0.0
0.607064 0.923982 0.250857 13 0.0
0.753508 0.88963 0.511323 12 0.0
0.739876 0.902571 0.514831 12 0.0
0.757206 0.882959 0.550306 12 0.0
0.767141 0.876688 0.507816 12 0.0
0.749811 0.8963 0.47234 12 0.0
0.864619 0.007063 0.381417 12 0.000361
0.865743 0.522386 0.437409 12 0.0
0.862515 0.588498 0.439379 12 0.0
0.866388 0.520635 0.497216 12 0.0
0.868971 0.456273 0.435439 12 0.0
0.865098 0.524136 0.377602 12 0.0
0.771779 0.87364 0.700796 12 0.0
0.759258 0.887903 0.710292 12 0.0
0.777053 0.8682 0.715921 12 0.0
0.7843 0.859377 0.6913 12 0.0
0.766506 0.879081 0.685671 12 0.0
0.710495 0.907675 0.746165 3 5.4e-05
0.483412 0.096903 0.753105 3 0.0
0.399419 0.933914 0.747769 3 0.0
0.394557 0.948115 0.747941 3 0.0
0.355253 0.918795 0.747653 3 0.0
0.404281 0.919713 0.747598 3 0.0
0.443585 0.949032 0.747886 3 0.0
0.505775 -5e-06 0.269459 1 0.0
0.131888 0.082478 0.551852 12 0.0
0.131962 0.105729 0.547331 12 0.0
0.131579 0.0937 0.609551 12 0.0
0.131813 0.059227 0.556374 12 0.0
0.132197 0.071257 0.494153 12 0.0
0.364773 0.915974 0.748203 3 0.0
0.867582 0.067436 0.315805 12 0.0
0.867387 0.089203 0.313924 12 0.0
0.868511 0.069355 0.337918 12 0.0
0.867778 0.045668 0.317686 12 0.0
0.866653 0.065516 0.293692 12 0.0
0.188247 0.002804 0.745007 1 0.514312
0.228758 0.093865 0.242699 13 0.0
0.203699 0.073952 0.244462 13 0.0
0.210204 0.117174 0.242234 13 0.0
0.253818 0.113778 0.240936 13 0.0
0.247313 0.070556 0.243164 13 0.0
0.698177 0.936576 0.337275 12 0.0
0.681239 0.947732 0.338063 12 0.0
0.698493 0.934967 0.366825 12 0.0
0.715116 0.925421 0.336486 12 0.0
0.697862 0.938186 0.307725 12 0.0
0.860043 0.606958 0.587928 12 0.0
0.858361 0.626189 0.539692 12 0.0
0.856191 0.650655 0.605484 12 0.0
0.861726 0.587727 0.636164 12 0.0
0.863896 0.563261 0.570372 12 0.0
0.684682 0.739101 0.748815 7 0.0
0.785472 0.396705 0.750665 3 0.0
0.296705 0.631904 0.746932 11 0.592693
0.696962 0.935646 0.574469 12 0.0
0.680195 0.946059 0.579888 12 0.0
0.70414 0.929671 0.608159 12 0.0
0.713728 0.925234 0.569049 12 0.0
0.689783 0.941622 0.540778 12 0.0
0.839432 0.739837 0.499211 12 0.0
0.867017 0.152806 0.460775 12 0.0
0.868114 0.201037 0.453851 12 0.0
0.867949 0.16242 0.527902 12 0.0
0.86592 0.104574 0.467699 12 0.0
0.866084 0.143191 0.393648 12 0.0
0.849366 0.25454 0.251447 13 0.000664
0.551882 0.989022 0.409841 12 0.0
0.537109 0.992061 0.414536 12 0.0
0.56398 0.987889 0.44864 12 0.0
0.566655 0.985982 0.405146 12 0.0
0.539784 0.990154 0.371042 12 0.0
0.254117 0.831346 0.747987 3 0.0
0.13511 0.610875 0.46875 12 0.0
0.136526 0.644939 0.477809 12 0.0
0.132861 0.592459 0.538342 12 0.0
0.133693 0.57681 0.45969 12 0.0
0.137358 0.62929 0.399157 12 0.0
0.82948 0.768598 0.251528 13 1e-06
0.868472 0.098447 0.604515 12 0.0
0.869335 0.129186 0.611114 12 0.0
0.868346 0.088771 0.649606 12 0.0
0.867608 0.067709 0.597916 12 0.0
0.868597 0.108124 0.559425 12 0.0
0.149735 0.093483 0.752293 3 0.0
0.308173 0.936374 0.654652 6 0.0
0.327429 0.949286 0.644128 6 0.0
0.319528 0.941972 0.682296 6 0.0
0.288917 0.923462 0.665176 6 0.0
0.296818 0.930777 0.627008 6 0.0
0.595104 -0.000238 0.294122 1 0.0
0.576572 0.976966 0.705878 12 0.0
0.550389 0.982931 0.704434 12 0.0
0.576717 0.981187 0.720689 12 0.0
0.602756 0.971002 0.707322 12 0.0
0.576428 0.972745 0.691067 12 0.0
0.861149 0.578397 0.696375 12 0.0
0.666389 0.953333 0.593575 12 0.0
0.650685 0.961111 0.588223 12 0.0
0.656483 0.958689 0.630427 12 0.0
0.682092 0.945555 0.598926 12 0.0
0.676294 0.947976 0.556723 12 0.0
0.868177 0.16681 0.301987 12 0.000702
0.867642 0.217854 0.302554 12 0.000702
0.868701 0.166616 0.320015 12 0.000702
0.868713 0.115767 0.301421 12 0.000702
0.867654 0.167005 0.28396 12 0.000702
0.209825 0.8428 0.554337 10 0.0
0.222087 0.858712 0.55272 10 0.0
0.211476 0.846324 0.601535 10 0.0
0.197563 0.826887 0.555955 10 0.0
0.208173 0.839275 0.507139 10 0.0
0.767067 0.210699 0.750654 3 0.0
0.755841 0.275827 0.75129 3 0.0
0.736956 0.205509 0.750713 3 0.0
0.778293 0.145572 0.750018 3 0.0
0.797178 0.21589 0.750596 3 0.0
0.7636 0.751153 0.706456 11 2e-06
0.178066 0.720439 0.356709 12 2e-06
0.253718 0.894091 0.678442 6 0.0
0.271496 0.911581 0.683377 6 0.0
0.250227 0.890974 0.702064 6 0.0
0.235939 0.876602 0.673507 6 0.0
0.257208 0.897208 0.654819 6 0.0
0.601805 0.000113 0.307853 1 1e-06
0.579985 0.005075 0.384304 5 0.999333
0.620417 0.971723 0.552769 12 0.0
0.600682 0.978708 0.553381 12 0.0
0.622191 0.971221 0.615694 12 0.0
0.640152 0.964738 0.552157 12 0.0
0.618643 0.972225 0.489844 12 0.0
0.593297 0.755435 0.261135 14 0.0
0.742875 0.750772 0.39174 10 0.0
0.707072 0.780688 0.412522 10 0.0
0.747226 0.730251 0.428775 10 0.0
0.778678 0.720855 0.370957 10 0.0
0.738524 0.771292 0.354704 10 0.0
0.352747 0.005442 0.747739 3 0.999981
0.524195 0.978291 0.71739 10 0.0
0.818755 0.806248 0.495514 12 0.0
0.562013 -0.001603 0.709238 1 0.0
0.711268 0.563498 0.733303 7 0.0
0.178726 0.793678 0.665322 12 0.0
0.186016 0.808922 0.689381 12 0.0
0.169822 0.777192 0.678466 12 0.0
0.171435 0.778433 0.641263 12 0.0
0.18763 0.810164 0.652178 12 0.0
0.664555 0.779138 0.748113 7 0.0
0.863271 0.016448 0.482696 12 0.0
0.791389 0.835798 0.248218 13 1.0
0.772667 0.869363 0.436554 12 0.0
0.761287 0.882582 0.443605 12 0.0
0.779641 0.861218 0.463078 12 0.0
0.784047 0.856144 0.429502 12 0.0
0.765692 0.877508 0.410029 12 0.0
0.62639 0.807716 0.748734 3 0.0
0.614974 0.935704 0.745721 4 0.0
0.499837 0.000412 0.266228 1 0.000208
0.577697 0.144021 0.753033 3 0.0
0.667861 0.150066 0.75221 3 0.0
0.580687 0.099292 0.752002 3 0.0
0.487534 0.137976 0.753856 3 0.0
0.574708 0.18875 0.754064 3 0.0
0.131764 0.092584 0.635795 12 0.0
0.131957 0.119499 0.644113 12 0.0
0.132078 0.081242 0.672483 12 0.0
0.131572 0.065669 0.627476 12 0.0
0.131451 0.103925 0.599106 12 0.0
0.745022 -0.00269 0.258171 1 0.919621
0.141128 0.001315 0.69687 1 0.080311
0.857656 0.617846 0.632334 12 0.0
0.852868 0.664927 0.633023 12 0.0
0.857543 0.617268 0.671035 12 0.0
0.862444 0.570765 0.631644 12 0.0
0.857769 0.618424 0.593632 12 0.0
0.700781 0.82094 0.474463 5 1e-06
0.662623 0.852659 0.428518 5 1e-06
0.673465 0.839943 0.510268 5 1e-06
0.738939 0.789222 0.520408 5 1e-06
0.728097 0.801937 0.438658 5 1e-06
0.663655 0.798447 0.24871 13 0.0
0.12809 0.153211 0.319589 12 0.0
0.128166 0.155165 0.296192 12 0.0
0.126121 0.20267 0.323714 12 0.0
0.128015 0.151257 0.342987 12 0.0
0.13006 0.103751 0.315465 12 0.0
0.829005 0.779972 0.439687 12 0.0
0.819582 0.800347 0.438639 12 0.0
0.826504 0.781893 0.499551 12 0.0
0.838428 0.759598 0.440734 12 0.0
0.831507 0.778052 0.379822 12 0.0
0.581413 0.012733 0.612948 2 0.002894
0.626459 0.957281 0.25337 13 0.008801
0.70783 0.587261 0.723659 7 0.0
0.706859 0.584837 0.713988 7 0.0
0.702785 0.612058 0.717951 7 0.0
0.7088 0.589685 0.73333 7 0.0
0.712875 0.562465 0.729368 7 0.0
0.267538 0.900423 0.746022 3 0.989208
0.251747 0.000886 0.381845 1 0.0
0.219679 0.00073 0.39822 1 0.0
0.271983 0.000639 0.421471 1 0.0
0.283815 0.001042 0.36547 1 0.0
0.231511 0.001132 0.342219 1 0.0
0.307469 0.52578 0.37804 7 0.0
0.299818 0.566069 0.393072 7 0.0
0.31433 0.513315 0.414941 7 0.0
0.315119 0.485491 0.363009 7 0.0
0.300607 0.538244 0.34114 7 0.0
0.331734 0.674345 0.574042 7 0.0
0.346354 0.699856 0.570942 7 0.0
0.331361 0.681535 0.631454 7 0.0
0.317114 0.648834 0.577142 7 0.0
0.332107 0.667155 0.51663 7 0.0
0.559737 0.148606 0.388783 5 0.0
0.528752 0.143417 0.377906 5 0.0
0.553042 0.193846 0.386272 5 0.0
0.590723 0.153796 0.39966 5 0.0
0.566433 0.103367 0.391294 5 0.0
0.867945 0.1643 0.560686 12 0.0
0.868026 0.21534 0.566043 12 0.0
0.868084 0.158172 0.619065 12 0.0
0.867863 0.11326 0.555329 12 0.0
0.867805 0.170428 0.502307 12 0.0
0.501186 0.769038 0.380038 8 0.0
0.49735 0.770013 0.337929 8 0.0
0.467627 0.765717 0.383018 8 0.0
0.505021 0.768064 0.422147 8 0.0
0.534745 0.77236 0.377058 8 0.0
0.323136 0.767927 0.247704 13 0.0
0.64563 0.082341 0.753428 3 0.0
0.714842 0.070557 0.752863 3 0.0
0.641691 0.059232 0.752874 3 0.0
0.576418 0.094125 0.753992 3 0.0
0.649569 0.105449 0.753981 3 0.0
0.648408 -0.000223 0.330232 1 0.007038
0.261976 0.761856 0.753387 3 0.0
0.292606 0.817856 0.75279 3 0.0
0.237576 0.77519 0.752298 3 0.0
0.231345 0.705855 0.753985 3 0.0
0.286375 0.748522 0.754477 3 0.0
0.293888 0.498173 0.73943 7 0.0
0.407416 0.872323 0.74951 3 0.0
0.39592 0.902086 0.748399 3 0.0
0.342619 0.84732 0.750181 3 0.0
0.418912 0.842559 0.750621 3 0.0
0.472213 0.897325 0.74884 3 0.0
0.147581 0.543028 0.745774 3 0.000315
0.134117 0.615563 0.60578 12 0.0
0.134904 0.625657 0.649806 12 0.0
0.13146 0.581498 0.613638 12 0.0
0.13333 0.605469 0.561754 12 0.0
0.136774 0.649627 0.597923 12 0.0
0.789483 0.557005 0.750916 3 0.0
0.458506 0.761042 0.304196 8 0.0
0.495012 0.769417 0.307023 8 0.0
0.457505 0.759357 0.322112 8 0.0
0.422001 0.752668 0.301369 8 0.0
0.459507 0.762727 0.28628 8 0.0
0.180732 0.775586 0.529232 12 0.0
0.189892 0.796193 0.52823 12 0.0
0.181477 0.777416 0.573682 12 0.0
0.171571 0.754978 0.530234 12 0.0
0.179986 0.773756 0.484782 12 0.0
0.864307 0.111247 0.250886 13 1.0
0.846692 0.645044 0.647566 12 0.0
0.844504 0.675459 0.659362 12 0.0
0.851956 0.633043 0.679486 12 0.0
0.84888 0.614629 0.635771 12 0.0
0.841429 0.657044 0.615646 12 0.0
0.863992 0.169962 0.300156 12 0.0
0.724106 0.341819 0.750954 3 0.0
0.612958 0.1177 0.543856 5 0.0
0.600901 0.129388 0.5724 5 0.0
0.619824 0.079962 0.56221 5 0.0
0.625016 0.106011 0.515312 5 0.0
0.606093 0.155438 0.525502 5 0.0
0.404343 0.380121 0.342192 7 0.0
0.395764 0.385769 0.329894 7 0.0
0.374955 0.39651 0.37022 7 0.0
0.412923 0.374473 0.354491 7 0.0
0.433731 0.363732 0.314165 7 0.0
0.383591 0.842541 0.750358 3 0.0
0.369455 0.86536 0.749119 3 0.0
0.441191 0.878198 0.749869 3 0.0
0.397728 0.819722 0.751598 3 0.0
0.325992 0.806884 0.750848 3 0.0
0.864875 0.02728 0.500841 12 0.0
0.467918 0.852799 0.751358 4 0.0
0.131459 0.084595 0.289614 12 0.0
0.129243 0.113287 0.293686 12 0.0
0.131528 0.082529 0.304209 12 0.0
0.133675 0.055903 0.285542 12 0.0
0.13139 0.086661 0.275019 12 0.0
0.751747 0.70448 0.737054 3 0.0
0.164386 0.765843 0.543439 12 0.0
0.173124 0.787449 0.544338 12 0.0
0.164185 0.763282 0.606962 12 0.0
0.155649 0.744237 0.54254 12 0.0
0.164587 0.768404 0.479916 12 0.0
0.857128 0.630892 0.657261 12 0.0
0.851982 0.675367 0.65659 12 0.0
0.857337 0.631393 0.688883 12 0.0
0.862274 0.586417 0.657931 12 0.0
0.856918 0.630391 0.625639 12 0.0
0.161758 0.75251 0.594483 12 0.0
0.162769 0.759798 0.643722 12 0.0
0.15421 0.732375 0.597618 12 0.0
0.160747 0.745223 0.545243 12 0.0
0.169306 0.772645 0.591348 12 0.0
0.864827 0.671369 0.246966 12 0.999988
0.129688 0.305169 0.341659 12 0.0
0.325478 0.675799 0.257828 7 0.999997
0.232332 0.870726 0.52429 6 0.0
0.238882 0.879665 0.491407 6 0.0
0.243352 0.882422 0.529665 6 0.0
0.225781 0.861787 0.557173 6 0.0
0.221311 0.85903 0.518915 6 0.0
0.84223 0.736093 0.530071 12 0.0
0.1362 0.445384 0.267625 15 1.2e-05
0.493557 -0.00196 0.69839 1 0.0
0.498846 0.00025 0.283678 1 0.0
0.134006 0.16949 0.730462 12 0.0
0.863159 0.446768 0.49841 12 0.0
0.863517 0.479848 0.434799 12 0.0
0.861667 0.520302 0.536641 12 0.0
0.862801 0.413689 0.562021 12 0.0
0.86465 0.373234 0.460179 12 0.0
0.246229 0.00021 0.535919 1 0.0
0.211758 3.1e-05 0.542072 1 0.0
0.25776 -0.000486 0.600494 1 0.0
0.280701 0.00039 0.529766 1 0.0
0.234699 0.000907 0.471344 1 0.0
0.866835 0.355516 0.663083 12 0.0
0.131707 0.080033 0.373592 12 0.0
0.130876 0.105666 0.370073 12 0.0
0.131536 0.085547 0.413795 12 0.0
0.132539 0.0544 0.377111 12 0.0
0.131879 0.074519 0.333388 12 0.0
0.165954 0.367533 0.750119 3 0.0
0.407036 0.840521 0.248372 13 0.0
0.832734 0.731825 0.49747 12 0.0
0.826842 0.749199 0.496657 12 0.0
0.831648 0.73305 0.531524 12 0.0
0.838627 0.71445 0.498284 12 0.0
0.833821 0.730599 0.463417 12 0.0
0.14329 0.331479 0.733007 12 9.4e-05
0.245725 0.874595 0.559771 6 0.0
0.322765 0.469123 0.32041 7 0.0
0.308022 0.50568 0.324997 7 0.0
0.327091 0.467818 0.344715 7 0.0
0.337508 0.432566 0.315824 7 0.0
0.318439 0.470427 0.296106 7 0.0
0.287544 0.465756 0.24568 7 0.000694
0.867044 0.372098 0.579867 12 0.0
0.863456 0.47826 0.58752 12 0.0
0.867296 0.368319 0.632403 12 0.0
0.870631 0.265935 0.572214 12 0.0
0.866791 0.375876 0.527331 12 0.0
0.131875 0.306052 0.645735 12 0.0
0.131834 0.305105 0.612201 12 0.0
0.13156 0.397945 0.643141 12 0.0
0.131916 0.306999 0.679269 12 0.0
0.132189 0.214159 0.648329 12 0.0
0.589981 0.981071 0.643141 12 0.0
0.610971 0.975487 0.641594 12 0.0
0.592558 0.981135 0.677871 12 0.0
0.568991 0.986656 0.644688 12 0.0
0.587404 0.981007 0.608411 12 0.0
0.286668 0.00207 0.733407 1 0.000949
0.138811 0.3726 0.686057 12 0.0
0.375563 0.1145 0.468359 5 0.0
0.390204 0.149051 0.463005 5 0.0
0.364873 0.126339 0.515522 5 0.0
0.360923 0.079949 0.473713 5 0.0
0.386254 0.102662 0.421197 5 0.0
0.304654 0.578675 0.499533 7 0.0
0.305707 0.626619 0.504021 7 0.0
0.303029 0.573432 0.555915 7 0.0
0.303602 0.530731 0.495044 7 0.0
0.306279 0.583918 0.44315 7 0.0
0.49623 0.346499 0.724547 7 5e-06
0.433665 0.045492 0.377142 5 0.0
0.430414 0.060633 0.380899 5 0.0
0.40797 0.038209 0.384259 5 0.0
0.436916 0.030351 0.373386 5 0.0
0.45936 0.052775 0.370026 5 0.0
0.19521 0.803645 0.611615 12 0.0
0.20575 0.821206 0.605144 12 0.0
0.199132 0.810723 0.637211 12 0.0
0.18467 0.786085 0.618086 12 0.0
0.191288 0.796568 0.586019 12 0.0
0.487352 0.868586 0.248128 13 0.0
0.568871 0.872665 0.248177 13 0.0
0.485853 0.898538 0.248727 13 0.0
0.405832 0.864507 0.24808 13 0.0
0.488851 0.838634 0.24753 13 0.0
0.860594 0.470198 0.590852 12 0.0
0.85621 0.559713 0.591809 12 0.0
0.860269 0.469639 0.641614 12 0.0
0.864978 0.380683 0.589894 12 0.0
0.86092 0.470757 0.540089 12 0.0
0.281401 0.801607 0.752366 3 0.0
0.319366 0.850346 0.75222 3 0.0
0.259866 0.81838 0.751962 3 0.0
0.243436 0.752868 0.752513 3 0.0
0.302936 0.784834 0.752771 3 0.0
0.512554 0.345585 0.243232 14 0.999994
0.304066 0.617649 0.337788 7 0.0
0.30239 0.626548 0.308926 7 0.0
0.312594 0.646077 0.346058 7 0.0
0.305742 0.60875 0.36665 7 0.0
0.295538 0.589221 0.329518 7 0.0
0.862478 0.501145 0.459462 12 0.0
0.858897 0.57642 0.470694 12 0.0
0.862497 0.4916 0.523441 12 0.0
0.866058 0.42587 0.44823 12 0.0
0.862458 0.51069 0.395483 12 0.0
0.580702 0.36214 0.717513 7 0.0
0.618036 0.380542 0.715381 7 0.0
0.581903 0.361316 0.731424 7 0.0
0.543369 0.343739 0.719646 7 0.0
0.579501 0.362965 0.703602 7 0.0
0.662229 0.408488 0.408122 7 0.0
0.668817 0.418554 0.43929 7 0.0
0.640823 0.365845 0.426418 7 0.0
0.655642 0.398421 0.376954 7 0.0
0.683636 0.45113 0.389826 7 0.0
0.822295 0.172303 0.740819 4 0.0
0.226942 0.419476 0.727818 7 0.997689
0.45502 0.360834 0.273243 7 4.7e-05
0.779352 0.445988 0.750838 3 0.0
0.519206 0.199291 0.244136 13 0.0
0.51449 0.245926 0.245125 13 0.0
0.412914 0.188563 0.243125 13 0.0
0.523923 0.152656 0.243147 13 0.0
0.625499 0.21002 0.245147 13 0.0
0.571629 0.034515 0.256549 13 0.0
0.865591 0.404741 0.466234 12 0.0
0.864872 0.491754 0.47318 12 0.0
0.867096 0.399405 0.533236 12 0.0
0.86631 0.317729 0.459287 12 0.0
0.864086 0.410078 0.399231 12 0.0
0.711738 0.527596 0.282121 7 0.0
0.712362 0.528742 0.269026 7 0.0
0.716908 0.559481 0.285158 7 0.0
0.711114 0.526449 0.295215 7 0.0
0.706568 0.495711 0.279083 7 0.0
0.299636 0.054757 0.750239 3 0.0
0.299603 0.072673 0.750708 3 0.0
0.245607 0.054696 0.748705 3 0.0
0.29967 0.036842 0.74977 3 0.0
0.353665 0.054818 0.751773 3 0.0
0.317166 0.640406 0.414764 7 0.0
0.331886 0.674626 0.416525 7 0.0
0.318828 0.637156 0.463999 7 0.0
0.302446 0.606186 0.413002 7 0.0
0.315503 0.643656 0.365528 7 0.0
0.671008 0.677205 0.608988 7 0.0
0.648061 0.712104 0.609929 7 0.0
0.672266 0.676865 0.652307 7 0.0
0.693955 0.642307 0.608048 7 0.0
0.66975 0.677545 0.565669 7 0.0
0.552111 0.12901 0.752835 3 0.0
0.45447 0.126775 0.753525 3 0.0
0.551197 0.169219 0.753769 3 0.0
0.649753 0.131244 0.752145 3 0.0
0.553025 0.088801 0.7519 3 0.0
0.859712 0.529941 0.689384 12 0.0
0.721372 0.390995 0.63476 2 0.0
0.762019 0.435386 0.649513 2 0.0
0.717098 0.383921 0.667822 2 0.0
0.680725 0.346605 0.620007 2 0.0
0.725646 0.39807 0.601698 2 0.0
0.753031 0.321239 0.246878 13 0.0
0.133239 0.537575 0.525656 12 0.0
0.136161 0.593604 0.500579 12 0.0
0.134509 0.566089 0.58951 12 0.0
0.130318 0.481546 0.550733 12 0.0
0.131969 0.509062 0.461801 12 0.0
0.58567 -0.000619 0.685488 1 0.0
0.490801 0.178473 0.623138 5 0.0
0.489826 0.21708 0.621075 5 0.0
0.543524 0.179717 0.621503 5 0.0
0.491776 0.139865 0.625201 5 0.0
0.438078 0.177228 0.624773 5 0.0
0.56663 0.230729 0.59027 5 0.0
0.526514 0.229378 0.622141 5 0.0
0.567815 0.201231 0.590511 5 0.0
0.606745 0.232079 0.558398 5 0.0
0.565445 0.260226 0.590028 5 0.0
0.831466 0.002855 0.41644 1 1.4e-05
0.651191 0.000747 0.554843 1 0.0
0.776703 0.644057 0.250426 13 0.0
0.386197 0.725909 0.378924 7 0.0
0.416834 0.75085 0.353367 7 0.0
0.403606 0.735836 0.409483 7 0.0
0.355559 0.700967 0.40448 7 0.0
0.368787 0.715981 0.348364 7 0.0
0.543761 -8.3e-05 0.28161 1 4.8e-05
0.305046 0.600631 0.400656 7 0.0
0.310222 0.631944 0.409326 7 0.0
0.306706 0.587132 0.448421 7 0.0
0.299871 0.569317 0.391987 7 0.0
0.303387 0.614129 0.352891 7 0.0
0.513038 0.199983 0.243979 13 0.0
0.404321 0.196504 0.242897 13 0.0
0.51455 0.153151 0.242619 13 0.0
0.621754 0.203462 0.24506 13 0.0
0.511525 0.246815 0.245338 13 0.0
0.317177 0.460518 0.654399 7 0.0
0.312377 0.465138 0.686624 7 0.0
0.335295 0.422866 0.662495 7 0.0
0.321977 0.455898 0.622173 7 0.0
0.299059 0.49817 0.646302 7 0.0
0.574854 0.838853 0.749344 3 0.0
0.579633 0.862523 0.748452 3 0.0
0.652722 0.823143 0.74964 3 0.0
0.570075 0.815183 0.750235 3 0.0
0.496986 0.854564 0.749048 3 0.0
0.204431 0.758715 0.74983 3 0.0
0.510358 -0.001873 0.723725 1 0.0
0.376983 0.721732 0.336665 7 0.0
0.405608 0.744746 0.337508 7 0.0
0.378523 0.718778 0.364992 7 0.0
0.348357 0.698718 0.335821 7 0.0
0.375443 0.724686 0.308338 7 0.0
0.133882 0.313664 0.726068 12 0.0
0.296937 0.542046 0.296802 7 0.0
0.293319 0.575944 0.292111 7 0.0
0.298741 0.544438 0.312696 7 0.0
0.300554 0.508148 0.301493 7 0.0
0.295132 0.539653 0.280909 7 0.0
0.570616 0.183075 0.752761 3 0.0
0.478295 0.170009 0.753636 3 0.0
0.563155 0.235812 0.753062 3 0.0
0.662937 0.196142 0.751886 3 0.0
0.578077 0.130338 0.752461 3 0.0
0.681221 0.705365 0.750687 11 0.0
0.516975 0.190603 0.657219 2 0.0
0.513342 0.238044 0.651906 2 0.0
0.611303 0.195938 0.640347 2 0.0
0.520609 0.143163 0.662531 2 0.0
0.422647 0.185269 0.674091 2 0.0
0.361461 0.093602 0.751895 3 0.0
0.358962 0.123389 0.753512 3 0.0
0.290918 0.087699 0.75157 3 0.0
0.363961 0.063814 0.750277 3 0.0
0.432005 0.099504 0.752219 3 0.0
0.456686 0.027123 0.749516 3 0.0
0.686786 0.463868 0.540724 7 0.0
0.708862 0.51514 0.531361 7 0.0
0.690643 0.473953 0.605043 7 0.0
0.664709 0.412597 0.550087 7 0.0
0.682929 0.453784 0.476405 7 0.0
0.136507 0.552246 0.486907 12 0.0
0.139961 0.585365 0.55277 12 0.0
0.132449 0.497166 0.514816 12 0.0
0.133052 0.519127 0.421044 12 0.0
0.140564 0.607325 0.458997 12 0.0
0.800444 0.432361 0.750397 3 0.0
0.851116 0.546903 0.46928 12 0.0
0.849788 0.581436 0.412251 12 0.0
0.846809 0.608006 0.506381 12 0.0
0.852443 0.51237 0.526309 12 0.0
0.855423 0.4858 0.43218 12 0.0
0.31944 -0.000886 0.63138 1 0.0
0.268278 -0.001352 0.600151 1 0.0
0.307277 -0.001473 0.651314 1 0.0
0.370601 -0.000421 0.662609 1 0.0
0.331602 -0.000299 0.611445 1 0.0
0.588631 0.001797 0.383123 5 0.839635
0.480136 0.838613 0.247134 13 0.0
0.537246 0.768594 0.342066 7 0.0
0.502119 0.7726 0.337714 7 0.0
0.533307 0.767387 0.372751 7 0.0
0.572372 0.764587 0.346417 7 0.0
0.541185 0.7698 0.311381 7 0.0
0.183191 0.245764 0.258214 13 0.0
0.865897 0.343836 0.574248 12 0.0
0.86516 0.434942 0.574636 12 0.0
0.866171 0.343603 0.629376 12 0.0
0.866633 0.25273 0.57386 12 0.0
0.865622 0.344069 0.519119 12 0.0
0.867191 0.399711 0.653497 12 0.0
0.825615 0.004011 0.461857 1 0.0
0.318752 0.638307 0.494072 7 0.0
0.333999 0.680725 0.493211 7 0.0
0.318446 0.63943 0.543991 7 0.0
0.303505 0.595888 0.494933 7 0.0
0.319058 0.637183 0.444153 7 0.0
0.676666 -0.00146 0.388149 1 0.0
0.693376 -0.001714 0.374704 1 0.0
0.710414 -0.00244 0.430108 1 0.0
0.659957 -0.001205 0.401594 1 0.0
0.642919 -0.00048 0.34619 1 0.0
0.469439 0.003554 0.651484 1 0.998204
0.505044 0.00329 0.359448 5 0.999957
0.189927 0.788607 0.575488 12 0.0
0.19855 0.805248 0.572001 12 0.0
0.192372 0.797722 0.625037 12 0.0
0.181304 0.771965 0.578975 12 0.0
0.187482 0.779491 0.52594 12 0.0
0.403193 0.824677 0.247976 13 0.0
0.845333 0.44761 0.749445 3 0.0
0.310295 0.741773 0.754195 3 0.0
0.130961 0.351857 0.365279 12 0.0
0.130759 0.44497 0.364398 12 0.0
0.130986 0.352205 0.402032 12 0.0
0.131162 0.258745 0.36616 12 0.0
0.130935 0.35151 0.328526 12 0.0
0.152483 0.632404 0.752169 3 1e-06
0.446296 0.758118 0.382953 7 0.0
0.443289 0.758514 0.341613 7 0.0
0.482408 0.769723 0.380437 7 0.0
0.449303 0.757722 0.424293 7 0.0
0.410184 0.746513 0.385469 7 0.0
0.852935 0.512839 0.510568 12 0.0
0.846774 0.594865 0.527035 12 0.0
0.85401 0.500017 0.57484 12 0.0
0.859096 0.430813 0.494101 12 0.0
0.851859 0.525661 0.446296 12 0.0
0.582456 0.109788 0.4029 5 0.0
0.585394 0.145629 0.409226 5 0.0
0.601344 0.105628 0.417697 5 0.0
0.579518 0.073947 0.396574 5 0.0
0.563568 0.113948 0.388104 5 0.0
0.664016 0.415742 0.48063 7 0.0
0.498941 0.353358 0.268078 7 0.022298
0.716937 0.502284 0.753198 7 0.0
0.856488 0.420814 0.481924 12 0.0
0.852839 0.523521 0.51038 12 0.0
0.85765 0.402876 0.546819 12 0.0
0.860137 0.318107 0.453469 12 0.0
0.855326 0.438752 0.417029 12 0.0
0.57269 -0.001505 0.692834 1 0.0
0.748664 0.368385 0.750473 3 0.0
0.738786 0.323501 0.745169 3 0.0
0.85605 0.193977 0.254321 13 0.999998
0.562761 0.125476 0.607274 5 0.0
0.567382 0.164602 0.595158 5 0.0
0.53319 0.135211 0.627432 5 0.0
0.55814 0.08635 0.61939 5 0.0
0.592331 0.115741 0.587115 5 0.0
0.135433 0.384702 0.699157 12 0.0
0.294568 0.584291 0.292518 7 0.0
0.296929 0.616919 0.29432 7 0.0
0.296078 0.583322 0.308093 7 0.0
0.292207 0.551663 0.290717 7 0.0
0.293058 0.58526 0.276944 7 0.0
0.647628 0.007411 0.716007 1 0.000339
0.67243 -0.000913 0.380765 1 5.9e-05
0.414546 0.180021 0.328157 2 0.0
0.343958 0.154028 0.31906 2 0.0
0.432247 0.133394 0.324037 2 0.0
0.485133 0.206014 0.337254 2 0.0
0.396845 0.226649 0.332276 2 0.0
0.545138 -0.002461 0.731124 1 0.0
0.626952 -0.00062 0.273989 1 2.2e-05
0.3951 0.196327 0.493085 5 0.0
0.386768 0.168759 0.496118 5 0.0
0.389693 0.204033 0.548275 5 0.0
0.403432 0.223895 0.490052 5 0.0
0.400507 0.188621 0.437894 5 0.0
0.787982 0.547565 0.750833 3 0.0
0.702338 -0.001489 0.267714 1 0.237926
0.397605 0.01401 0.744142 3 0.006997
0.773035 0.391035 0.248354 13 0.0
0.134925 0.452919 0.621147 12 0.0
0.136469 0.451742 0.662166 12 0.0
0.131366 0.371466 0.618943 12 0.0
0.133382 0.454097 0.580128 12 0.0
0.138485 0.534373 0.623351 12 0.0
0.303358 0.580959 0.365684 7 0.0
0.308855 0.584552 0.403722 7 0.0
0.302924 0.546149 0.369034 7 0.0
0.297861 0.577366 0.327645 7 0.0
0.303793 0.615769 0.362333 7 0.0
0.132668 0.408287 0.490419 12 0.0
0.134716 0.495855 0.459347 12 0.0
0.134217 0.432155 0.557788 12 0.0
0.130621 0.320719 0.521491 12 0.0
0.13112 0.384418 0.42305 12 0.0
0.696751 0.493515 0.718003 7 0.0
0.707031 0.522286 0.71398 7 0.0
0.698636 0.494475 0.729687 7 0.0
0.68647 0.464744 0.722026 7 0.0
0.694865 0.492555 0.706319 7 0.0
0.492345 0.771482 0.437755 7 0.0
0.52319 0.7744 0.417416 7 0.0
0.519799 0.772888 0.479593 7 0.0
0.461499 0.768564 0.458093 7 0.0
0.464891 0.770077 0.395916 7 0.0
0.262895 0.047072 0.350468 1 0.0
0.251634 0.056148 0.377628 1 0.0
0.300672 0.04332 0.367386 1 0.0
0.274157 0.037997 0.323308 1 0.0
0.225119 0.050825 0.333551 1 0.0
0.498688 0.113347 0.628253 5 0.0
0.520417 0.145811 0.621094 5 0.0
0.52889 0.093443 0.629665 5 0.0
0.476958 0.080883 0.635412 5 0.0
0.468485 0.133252 0.626841 5 0.0
0.459194 0.350623 0.715355 7 0.0
0.420686 0.355758 0.71754 7 0.0
0.45966 0.347935 0.729892 7 0.0
0.497701 0.345487 0.71317 7 0.0
0.458727 0.35331 0.700818 7 0.0
0.835947 0.003234 0.386261 1 0.0
0.665528 0.000313 0.533644 1 0.0
0.707468 0.469372 0.246713 14 3e-06
0.241549 0.508832 0.727864 7 0.0
0.226927 0.543869 0.733267 7 0.0
0.233165 0.503892 0.737203 7 0.0
0.256172 0.473794 0.722461 7 0.0
0.249934 0.513771 0.718525 7 0.0
0.416402 0.742729 0.417625 8 0.0
0.447612 0.760366 0.411753 8 0.0
0.42257 0.745973 0.460142 8 0.0
0.385193 0.725092 0.423498 8 0.0
0.410235 0.739485 0.375108 8 0.0
0.5972 0.750535 0.253337 14 0.98983
0.317097 0.641676 0.566208 7 0.0
0.328972 0.673426 0.566411 7 0.0
0.313749 0.642557 0.624473 7 0.0
0.305223 0.609926 0.566006 7 0.0
0.320445 0.640795 0.507944 7 0.0
0.357744 0.408685 0.271875 7 0.0
0.337987 0.729493 0.2479 14 0.0
0.475922 0.996573 0.519625 12 0.99935
0.692992 0.470107 0.405503 7 0.0
0.701832 0.486107 0.357502 7 0.0
0.706202 0.507433 0.420377 7 0.0
0.684152 0.454107 0.453504 7 0.0
0.679782 0.432781 0.390629 7 0.0
0.508689 0.000117 0.344151 1 2.2e-05
0.498765 0.778206 0.702055 7 0.0
0.474229 0.777774 0.70821 7 0.0
0.503202 0.77817 0.719742 7 0.0
0.523302 0.778638 0.695901 7 0.0
0.494328 0.778242 0.684368 7 0.0
0.187966 0.782733 0.749739 3 0.0
0.868193 0.358718 0.602012 12 0.0
0.868083 0.458783 0.610991 12 0.0
0.868446 0.354562 0.648322 12 0.0
0.868304 0.258652 0.593033 12 0.0
0.867941 0.362873 0.555703 12 0.0
0.753104 0.416135 0.750994 4 0.0
0.13363 0.26125 0.687312 12 0.0
0.177377 0.566179 0.244744 13 0.0
0.137236 0.459137 0.280689 12 1.2e-05
0.356157 0.711365 0.276237 7 0.0
0.37817 0.733635 0.277524 7 0.0
0.356735 0.710179 0.286869 7 0.0
0.334143 0.689094 0.27495 7 0.0
0.355579 0.712551 0.265605 7 0.0
0.133592 0.144592 0.727384 12 0.0
0.428816 0.372245 0.307279 7 0.0
0.389032 0.38679 0.313415 7 0.0
0.43172 0.372919 0.32451 7 0.0
0.4686 0.357701 0.301142 7 0.0
0.425912 0.371572 0.290047 7 0.0
0.394631 0.73792 0.284892 7 0.0
0.423427 0.755076 0.286774 7 0.0
0.39501 0.735899 0.297525 7 0.0
0.365835 0.720764 0.283011 7 0.0
0.394252 0.739941 0.27226 7 0.0
0.518624 0.189503 0.752554 3 0.0
0.411985 0.205442 0.753335 3 0.0
0.525808 0.237552 0.752777 3 0.0
0.625264 0.173565 0.751772 3 0.0
0.511441 0.141455 0.75233 3 0.0
0.559503 0.000523 0.342772 1 0.0
0.864689 0.465253 0.332109 12 0.0
0.609991 0.202542 0.752836 3 0.0
0.685974 0.248438 0.752552 3 0.0
0.635441 0.160403 0.7518 3 0.0
0.534009 0.156646 0.753119 3 0.0
0.584542 0.244681 0.753871 3 0.0
0.742142 0.482676 0.653279 7 0.0
0.777201 0.541462 0.654195 7 0.0
0.742054 0.482256 0.683624 7 0.0
0.707083 0.423891 0.652362 7 0.0
0.74223 0.483097 0.622934 7 0.0
0.293821 0.090204 0.751415 3 0.0
0.293652 0.119354 0.752819 3 0.0
0.242974 0.089969 0.750152 3 0.0
0.293991 0.061054 0.750012 3 0.0
0.344669 0.09044 0.752679 3 0.0
0.363605 0.399413 0.43484 7 0.0
0.366696 0.389944 0.448174 7 0.0
0.393873 0.365746 0.403916 7 0.0
0.360515 0.408883 0.421505 7 0.0
0.333338 0.433081 0.465763 7 0.0
0.133197 0.506118 0.590497 12 0.0
0.134927 0.519433 0.637166 12 0.0
0.131402 0.438892 0.609744 12 0.0
0.131466 0.492802 0.543828 12 0.0
0.134991 0.573343 0.571249 12 0.0
0.647004 0.220857 0.752608 3 0.0
0.6149 0.254339 0.753394 3 0.0
0.708994 0.280302 0.752278 3 0.0
0.679107 0.187374 0.751821 3 0.0
0.585014 0.161412 0.752937 3 0.0
0.325716 0.950739 0.324936 12 4e-06
0.334526 0.956278 0.301606 12 4e-06
0.342338 0.959559 0.333307 12 4e-06
0.316906 0.9452 0.348266 12 4e-06
0.309094 0.941919 0.316565 12 4e-06
0.80981 0.001124 0.270749 1 0.003437
0.789708 0.000142 0.272516 1 0.003437
0.810528 0.001473 0.279103 1 0.003437
0.829913 0.002106 0.268982 1 0.003437
0.809093 0.000775 0.262395 1 0.003437
0.723236 0.832048 0.742935 3 0.0
0.738823 0.845851 0.74621 3 0.0
0.68958 0.870104 0.742724 3 0.0
0.70765 0.818246 0.73966 3 0.0
0.756892 0.793992 0.743146 3 0.0
0.866734 0.154707 0.70655 12 0.0
0.294718 0.925846 0.681979 6 0.0
0.313565 0.937777 0.666061 6 0.0
0.303512 0.93454 0.698907 6 0.0
0.275871 0.913915 0.697896 6 0.0
0.285924 0.917152 0.66505 6 0.0
0.589723 0.983379 0.661715 12 0.0
0.567474 0.988762 0.661442 12 0.0
0.589393 0.983526 0.691603 12 0.0
0.611972 0.977995 0.661987 12 0.0
0.590053 0.983231 0.631826 12 0.0
0.673951 0.951565 0.680465 12 0.0
0.660825 0.958385 0.671895 12 0.0
0.664491 0.957199 0.699437 12 0.0
0.687077 0.944744 0.689035 12 0.0
0.683411 0.94593 0.661493 12 0.0
0.307711 0.930238 0.74844 3 0.000438
0.866516 0.197111 0.499201 12 0.0
0.866641 0.256846 0.493228 12 0.0
0.866592 0.204673 0.57482 12 0.0
0.866391 0.137377 0.505174 12 0.0
0.86644 0.18955 0.423582 12 0.0
0.131645 0.098348 0.41207 12 0.0
0.131472 0.10581 0.463041 12 0.0
0.132526 0.06789 0.416532 12 0.0
0.131818 0.090885 0.361099 12 0.0
0.130764 0.128806 0.407608 12 0.0
0.198185 0.762758 0.444318 12 0.0
0.206419 0.783257 0.434212 12 0.0
0.207523 0.780527 0.487968 12 0.0
0.189952 0.742259 0.454424 12 0.0
0.188847 0.744988 0.400667 12 0.0
0.838379 0.021942 0.720957 1 1.3e-05
0.847476 0.014841 0.729976 1 1.3e-05
0.83246 0.022191 0.727123 1 1.3e-05
0.829281 0.029043 0.711938 1 1.3e-05
0.844297 0.021693 0.714792 1 1.3e-05
0.137901 0.660342 0.652432 12 0.0
0.140774 0.68429 0.643761 12 0.0
0.137952 0.671134 0.682259 12 0.0
0.135029 0.636393 0.661102 12 0.0
0.137851 0.649549 0.622605 12 0.0
0.217319 0.861192 0.422423 12 0.0
0.223924 0.872664 0.418696 12 0.0
0.223102 0.867192 0.451144 12 0.0
0.210713 0.84972 0.426149 12 0.0
0.211536 0.855192 0.393701 12 0.0
0.80956 0.822716 0.592569 12 0.0
0.800145 0.839382 0.577334 12 0.0
0.801732 0.833898 0.609638 12 0.0
0.818975 0.80605 0.607804 12 0.0
0.817388 0.811534 0.575499 12 0.0
0.616244 0.738309 0.638855 7 0.0
0.594987 0.756044 0.63971 7 0.0
0.6179 0.738488 0.676315 7 0.0
0.637501 0.720575 0.637999 7 0.0
0.614587 0.73813 0.601395 7 0.0
0.454889 0.993188 0.394312 12 0.0
0.436584 0.991281 0.393644 12 0.0
0.453297 0.99327 0.437703 12 0.0
0.473194 0.995095 0.39498 12 0.0
0.456482 0.993106 0.350921 12 0.0
0.135548 0.619626 0.312184 12 0.011337
0.138259 0.659953 0.305358 12 0.011337
0.135225 0.623082 0.332477 12 0.011337
0.132836 0.579298 0.31901 12 0.011337
0.13587 0.616169 0.291891 12 0.011337
0.677007 0.947097 0.519569 12 0.0
0.660527 0.955138 0.519419 12 0.0
0.677879 0.949971 0.578083 12 0.0
0.693486 0.939056 0.519718 12 0.0
0.676134 0.944223 0.461054 12 0.0
0.856964 0.36419 0.251619 12 0.0071
0.703379 0.927802 0.50098 12 0.0
0.690053 0.935752 0.50033 12 0.0
0.702349 0.930034 0.549423 12 0.0
0.716704 0.919853 0.50163 12 0.0
0.704409 0.92557 0.452537 12 0.0
0.155437 0.657313 0.708651 12 0.0
0.149655 0.002237 0.734954 1 0.008819
0.153967 0.00134 0.729543 1 0.008819
0.154803 0.002675 0.738983 1 0.008819
0.145344 0.003133 0.740364 1 0.008819
0.144508 0.001799 0.730925 1 0.008819
0.752122 0.75171 0.24883 13 0.0
0.776029 0.763042 0.249241 13 0.0
0.778713 0.695608 0.248991 13 0.0
0.728215 0.740377 0.248419 13 0.0
0.725531 0.807811 0.248668 13 0.0
0.180494 0.793477 0.348987 12 0.0
0.189465 0.809436 0.379527 12 0.0
0.172102 0.777008 0.360058 12 0.0
0.171524 0.777518 0.318446 12 0.0
0.188887 0.809946 0.337916 12 0.0
0.486394 0.951582 0.277525 13 0.0
0.486491 0.965357 0.268761 13 0.0
0.443665 0.950796 0.275816 13 0.0
0.486297 0.937808 0.28629 13 0.0
0.529123 0.952368 0.279235 13 0.0
0.167556 0.348102 0.75027 3 0.0
0.732094 0.906401 0.558475 12 0.0
0.715728 0.919602 0.56298 12 0.0
0.737791 0.899893 0.598237 12 0.0
0.748459 0.8932 0.553969 12 0.0
0.726396 0.912909 0.518712 12 0.0
0.810023 0.8212 0.367714 12 0.0
0.799118 0.839199 0.369868 12 0.0
0.811004 0.817251 0.405682 12 0.0
0.820927 0.8032 0.365561 12 0.0
0.809041 0.825148 0.329747 12 0.0
0.441217 0.989871 0.724181 12 0.0
0.464292 0.993805 0.724004 12 0.0
0.441206 0.99038 0.734077 12 0.0
0.418142 0.985938 0.724358 12 0.0
0.441228 0.989363 0.714285 12 0.0
0.588622 -0.000734 0.393093 5 0.877845
0.784932 0.853793 0.694762 12 0.0
0.770164 0.872783 0.701778 12 0.0
0.789445 0.850753 0.712486 12 0.0
0.799699 0.834803 0.687745 12 0.0
0.780419 0.856833 0.677037 12 0.0
0.293867 0.019546 0.747365 3 1e-06
0.726905 0.917196 0.747856 3 0.999995
0.773808 0.207736 0.750435 3 0.0
0.80316 0.210887 0.750532 3 0.0
0.766868 0.27237 0.751164 3 0.0
0.744457 0.204586 0.750338 3 0.0
0.780749 0.143103 0.749706 3 0.0
0.44675 0.968034 0.747197 3 0.0
0.629967 0.971108 0.378785 12 0.0
0.613835 0.977278 0.378106 12 0.0
0.628219 0.971175 0.420928 12 0.0
0.646098 0.964939 0.379464 12 0.0
0.631715 0.971041 0.336642 12 0.0
0.603502 -0.000108 0.371438 1 3.1e-05
0.666438 0.950544 0.733052 12 0.0935
0.17071 0.034563 0.277193 1 0.0
0.172177 0.041433 0.287636 1 0.0
0.184682 0.028821 0.279008 1 0.0
0.169243 0.027693 0.26675 1 0.0
0.156738 0.040305 0.275378 1 0.0
0.385762 0.952367 0.74742 3 0.0
0.334996 0.042661 0.345634 1 3e-06
0.323357 0.04373 0.323456 1 3e-06
0.292054 0.051432 0.368592 1 3e-06
0.346634 0.041592 0.367812 1 3e-06
0.377937 0.03389 0.322676 1 3e-06
0.372646 0.92035 0.250732 13 0.0
0.137384 0.506216 0.682719 12 0.0
0.161399 0.011746 0.747924 3 0.0
0.160799 0.016064 0.747244 3 0.0
0.171744 0.013113 0.74747 3 0.0
0.162 0.007427 0.748603 3 0.0
0.151055 0.010378 0.748377 3 0.0
0.151372 0.138553 0.245979 13 1e-06
0.82506 -0.00325 0.249795 1 1.0
0.215699 0.803332 0.249196 13 2e-06
0.866305 0.388595 0.349654 12 0.0
0.387585 0.977214 0.603557 15 0.0
0.403572 0.982648 0.604116 15 0.0
0.386216 0.976929 0.645473 15 0.0
0.371598 0.97178 0.602998 15 0.0
0.388955 0.977499 0.56164 15 0.0
0.728314 0.892298 0.370087 12 0.0
0.708395 0.909073 0.370311 12 0.0
0.72833 0.891852 0.404867 12 0.0
0.748233 0.875523 0.369863 12 0.0
0.728298 0.892744 0.335307 12 0.0
0.854325 0.708187 0.718614 12 0.0
0.849461 0.730853 0.716938 12 0.0
0.854886 0.709145 0.729944 12 0.0
0.859189 0.685521 0.720291 12 0.0
0.853764 0.707228 0.707285 12 0.0
0.787975 0.843137 0.746131 3 0.985094
0.573366 0.760101 0.271423 14 0.007599
0.847227 0.735515 0.561214 12 0.0
0.844627 0.746983 0.534377 12 0.0
0.840767 0.755004 0.570168 12 0.0
0.849828 0.724047 0.58805 12 0.0
0.853688 0.716026 0.55226 12 0.0
0.336549 0.905482 0.583636 12 5e-06
0.365924 0.915939 0.565802 12 5e-06
0.353454 0.916105 0.617711 12 5e-06
0.307173 0.895024 0.601471 12 5e-06
0.319643 0.894858 0.549561 12 5e-06
0.658936 0.954163 0.711497 10 0.0
0.639184 0.963523 0.709486 10 0.0
0.658717 0.956513 0.724586 10 0.0
0.678687 0.944802 0.713507 10 0.0
0.659154 0.951813 0.698407 10 0.0
0.316986 0.87455 0.749262 3 0.0
0.356045 0.904882 0.749238 3 0.0
0.305391 0.889482 0.749318 3 0.0
0.277927 0.844218 0.749287 3 0.0
0.328581 0.859618 0.749206 3 0.0
0.660392 0.959279 0.253238 13 1.0
0.833331 0.597299 0.294592 13 0.994587
0.264152 0.865098 0.633289 6 1e-06
0.287443 0.887851 0.640691 6 1e-06
0.259549 0.85971 0.664334 6 1e-06
0.240861 0.842345 0.625887 6 1e-06
0.268755 0.870486 0.602244 6 1e-06
0.196139 0.832283 0.251917 13 0.999628
0.74483 0.89932 0.534082 12 0.0
0.733543 0.90934 0.536288 12 0.0
0.749168 0.895236 0.574834 12 0.0
0.756117 0.889299 0.531877 12 0.0
0.740492 0.903404 0.493331 12 0.0
0.859742 0.527063 0.31091 12 0.015296
0.681203 0.87569 0.747304 4 0.0
0.69252 0.8908 0.748699 4 0.0
0.63838 0.90785 0.746371 4 0.0
0.669886 0.86058 0.74591 4 0.0
0.724025 0.843531 0.748238 4 0.0
0.458202 0.073704 0.75211 3 0.0
0.649148 0.064377 0.427007 2 0.0
0.648413 0.084339 0.430666 2 0.0
0.666174 0.058964 0.459958 2 0.0
0.649882 0.044415 0.423348 2 0.0
0.632121 0.06979 0.394057 2 0.0
0.413906 0.982021 0.750279 3 0.999907
0.28615 0.882682 0.431724 12 5e-06
0.309639 0.899246 0.425566 12 5e-06
0.295405 0.891657 0.491154 12 5e-06
0.262662 0.866118 0.437883 12 5e-06
0.276896 0.873707 0.372294 12 5e-06
0.710751 0.025262 0.751749 3 0.0
0.24533 0.841955 0.748679 3 0.0
0.843399 -4e-05 0.403459 1 0.027724
0.866441 0.150939 0.433931 12 0.0
0.867363 0.195991 0.422488 12 0.0
0.867715 0.165867 0.492805 12 0.0
0.86552 0.105888 0.445373 12 0.0
0.865168 0.136012 0.375057 12 0.0
0.688793 0.92276 0.324175 12 0.0
0.659135 0.943101 0.314335 12 0.0
0.685589 0.924896 0.338244 12 0.0
0.718451 0.90242 0.334016 12 0.0
0.691996 0.920625 0.310107 12 0.0
0.85824 0.680031 0.658942 12 0.0
0.856317 0.692831 0.631273 12 0.0
0.85392 0.705282 0.670923 12 0.0
0.860164 0.667232 0.686611 12 0.0
0.86256 0.654781 0.646961 12 0.0
0.666275 0.908196 0.251767 13 0.0
0.729372 0.737109 0.485253 9 0.0
0.698661 0.777487 0.457946 9 0.0
0.711461 0.758656 0.537257 9 0.0
0.760082 0.696732 0.51256 9 0.0
0.747283 0.715562 0.433249 9 0.0
0.785168 0.786641 0.746478 3 0.000287
0.70779 0.866049 0.250541 13 0.0
0.671672 0.898062 0.250228 13 0.0
0.696589 0.853416 0.25095 13 0.0
0.743908 0.834036 0.250855 13 0.0
0.718991 0.878682 0.250133 13 0.0
0.286822 0.55917 0.68049 7 0.0
0.291487 0.599167 0.671781 7 0.0
0.285671 0.564674 0.705151 7 0.0
0.282158 0.519174 0.689199 7 0.0
0.287973 0.553666 0.655828 7 0.0
0.690922 0.937116 0.557854 12 0.0
0.673741 0.947872 0.558506 12 0.0
0.692708 0.936315 0.618042 12 0.0
0.708104 0.92636 0.557201 12 0.0
0.689137 0.937917 0.497666 12 0.0
0.303499 0.869883 0.249623 13 0.0
0.29229 0.88408 0.250933 13 0.0
0.345937 0.903529 0.248077 13 0.0
0.314707 0.855686 0.248313 13 0.0
0.26106 0.836237 0.25117 13 0.0
0.737564 0.68177 0.421928 10 0.0
0.717842 0.714502 0.400578 10 0.0
0.721519 0.703497 0.47006 10 0.0
0.757287 0.649038 0.443277 10 0.0
0.753609 0.660043 0.373795 10 0.0
0.136679 0.023133 0.527009 12 0.0
0.866385 0.031934 0.477491 12 0.0
0.555068 0.859074 0.74816 3 0.0
0.56206 0.886855 0.747123 3 0.0
0.634753 0.838994 0.74752 3 0.0
0.548076 0.831293 0.749198 3 0.0
0.475383 0.879154 0.748801 3 0.0
0.272885 0.825198 0.751859 3 0.0
0.308335 0.867296 0.751673 3 0.0
0.256839 0.83871 0.75179 3 0.0
0.237435 0.7831 0.752046 3 0.0
0.288931 0.811686 0.751929 3 0.0
0.147779 0.724332 0.353029 12 0.0
0.152777 0.742718 0.358505 12 0.0
0.145684 0.715174 0.385686 12 0.0
0.14278 0.705946 0.347552 12 0.0
0.149873 0.73349 0.320371 12 0.0
0.81021 0.709438 0.249395 13 0.0
0.20491 0.652347 0.261717 13 0.0
0.180611 0.04549 0.750087 3 0.0
0.195743 0.05137 0.749738 3 0.0
0.175191 0.059455 0.750382 3 0.0
0.165479 0.03961 0.750435 3 0.0
0.186031 0.031524 0.749791 3 0.0
0.312362 0.940829 0.680291 6 0.0
0.329798 0.950929 0.668569 6 0.0
0.321397 0.94757 0.699539 6 0.0
0.294926 0.930729 0.692012 6 0.0
0.303327 0.934088 0.661042 6 0.0
0.606453 0.976633 0.706574 12 0.0
0.583147 0.983856 0.706617 12 0.0
0.606734 0.977448 0.721634 12 0.0
0.629759 0.96941 0.70653 12 0.0
0.606173 0.975819 0.691513 12 0.0
0.295284 0.929928 0.749781 3 0.997364
0.127476 0.310376 0.28829 12 0.0
0.213977 0.795829 0.453091 12 0.0
0.228155 0.817364 0.443501 12 0.0
0.224449 0.80803 0.495971 12 0.0
0.199799 0.774294 0.462682 12 0.0
0.203505 0.783628 0.410212 12 0.0
0.3889 0.20857 0.753247 3 0.0
0.405273 0.253868 0.753379 3 0.0
0.312517 0.236184 0.751738 3 0.0
0.372526 0.163272 0.753116 3 0.0
0.465282 0.180956 0.754757 3 0.0
0.248818 0.894645 0.247997 13 0.99409
0.141773 0.63508 0.709048 12 0.0
0.145801 0.677143 0.706729 12 0.0
0.141799 0.635918 0.724299 12 0.0
0.137745 0.593017 0.711368 12 0.0
0.141748 0.634241 0.693798 12 0.0
0.812442 0.805166 0.249454 13 1.0
0.611471 0.948303 0.250861 13 0.003878
0.464264 0.000495 0.346962 1 0.000632
0.584627 0.077941 0.401828 5 0.0
0.565201 0.078904 0.389116 5 0.0
0.58403 0.104512 0.404754 5 0.0
0.604054 0.076978 0.41454 5 0.0
0.585225 0.05137 0.398902 5 0.0
0.613344 0.975753 0.668812 12 0.0
0.592382 0.982698 0.675812 12 0.0
0.621068 0.972891 0.694781 12 0.0
0.634307 0.968809 0.661811 12 0.0
0.60562 0.978616 0.642843 12 0.0
0.30779 0.070041 0.751177 3 0.0
0.3622 0.074082 0.7523 3 0.0
0.306123 0.092225 0.752098 3 0.0
0.25338 0.066 0.750053 3 0.0
0.309457 0.047857 0.750256 3 0.0
0.404929 0.024244 0.392733 5 2e-06
0.405815 0.033881 0.394631 5 2e-06
0.387546 0.022322 0.410609 5 2e-06
0.404043 0.014607 0.390836 5 2e-06
0.422312 0.026165 0.374858 5 2e-06
0.753552 0.037271 0.750132 3 0.0
0.790619 0.036354 0.748613 3 0.0
0.753253 0.024746 0.750374 3 0.0
0.716485 0.038187 0.751652 3 0.0
0.753852 0.049796 0.74989 3 0.0
0.39519 0.857169 0.249082 13 0.0
0.464673 0.889383 0.24857 13 0.0
0.381566 0.886562 0.249519 13 0.0
0.325706 0.824956 0.249595 13 0.0
0.408813 0.827776 0.248646 13 0.0
0.283609 0.024936 0.247726 13 1e-06
0.227208 0.638957 0.753819 3 0.0
0.85512 0.672811 0.660369 12 0.0
0.850975 0.703809 0.664291 12 0.0
0.85673 0.669261 0.690125 12 0.0
0.859265 0.641812 0.656447 12 0.0
0.85351 0.67636 0.630614 12 0.0
0.175372 0.789665 0.607437 12 0.0
0.18098 0.801936 0.630565 12 0.0
0.168236 0.776246 0.616287 12 0.0
0.169765 0.777393 0.584309 12 0.0
0.182508 0.803084 0.598587 12 0.0
0.755009 0.846759 0.748962 3 1e-06
0.732162 0.59425 0.539586 5 0.0
0.72059 0.663984 0.481029 5 0.0
0.725759 0.617354 0.568366 5 0.0
0.743734 0.524516 0.598143 5 0.0
0.738565 0.571146 0.510806 5 0.0
0.240749 0.051372 0.254818 13 0.0
0.204533 0.046132 0.253026 13 0.0
0.238189 0.068743 0.255761 13 0.0
0.276964 0.056612 0.256611 13 0.0
0.243309 0.034001 0.253875 13 0.0
0.144328 0.55171 0.722438 12 0.0
0.807697 0.826483 0.245899 13 1.0
0.683751 0.860864 0.746503 3 0.0
0.69794 0.878475 0.748275 3 0.0
0.641652 0.89486 0.745732 3 0.0
0.669563 0.843253 0.74473 3 0.0
0.725851 0.826869 0.747274 3 0.0
0.530389 0.922662 0.747647 4 0.0
0.532413 0.94378 0.747432 4 0.0
0.478618 0.927612 0.746544 4 0.0
0.528365 0.901543 0.747861 4 0.0
0.582159 0.917712 0.748749 4 0.0
0.590331 0.951329 0.746067 3 0.0
0.608231 0.042383 0.753007 3 0.0
0.717944 -0.001804 0.264352 1 0.284382
0.264953 -0.000541 0.744931 1 0.979663
0.738936 0.887803 0.472159 12 0.0
0.725106 0.90081 0.459157 12 0.0
0.727212 0.896802 0.493632 12 0.0
0.752767 0.874797 0.485161 12 0.0
0.750661 0.878805 0.450686 12 0.0
0.763796 0.759051 0.74799 3 0.0
0.73887 0.810589 0.74844 3 0.0
0.743591 0.749291 0.746607 3 0.0
0.788722 0.707512 0.747541 3 0.0
0.784002 0.768811 0.749373 3 0.0
0.127662 0.368648 0.289124 12 0.0
0.867069 0.168334 0.535875 12 0.0
0.867609 0.220777 0.534908 12 0.0
0.868271 0.169527 0.601232 12 0.0
0.866528 0.115891 0.536842 12 0.0
0.865866 0.167141 0.470518 12 0.0
0.701599 0.874224 0.250786 13 0.0
0.233037 0.252156 0.242503 13 0.0
0.237199 0.327391 0.241769 13 0.0
0.263506 0.250464 0.241877 13 0.0
0.228874 0.17692 0.243237 13 0.0
0.202567 0.253848 0.243128 13 0.0
0.258816 9e-06 0.353151 1 0.0
0.218328 0.000681 0.348754 1 0.0
0.255232 0.000107 0.386165 1 0.0
0.299303 -0.000662 0.357548 1 0.0
0.262399 -8.8e-05 0.320138 1 0.0
0.195873 0.033109 0.553547 1 0.0
0.214937 0.04349 0.549848 1 0.0
0.200936 0.030991 0.573691 1 0.0
0.17681 0.022728 0.557247 1 0.0
0.190811 0.035226 0.533403 1 0.0
0.294205 0.601704 0.267999 7 0.012283
0.235865 0.056718 0.306896 1 0.0
0.228225 0.067198 0.321847 1 0.0
0.267242 0.065193 0.316988 1 0.0
0.243504 0.046238 0.291945 1 0.0
0.204487 0.048243 0.296804 1 0.0
0.722732 0.289549 0.24714 13 0.0
0.755442 0.377249 0.248002 13 0.0
0.755533 0.27731 0.247664 13 0.0
0.690022 0.201849 0.246278 13 0.0
0.689931 0.301788 0.246617 13 0.0
0.80183 0.05725 0.632724 1 0.001984
0.821931 0.058087 0.62761 1 0.001984
0.811826 0.039955 0.669177 1 0.001984
0.78173 0.056413 0.637839 1 0.001984
0.791835 0.074545 0.596272 1 0.001984
0.621395 0.037756 0.561832 5 0.0
0.633786 0.03866 0.534021 5 0.0
0.622632 0.023111 0.561907 5 0.0
0.609003 0.036852 0.589643 5 0.0
0.620158 0.052402 0.561757 5 0.0
0.589247 0.758336 0.743318 11 0.0
0.768734 0.637969 0.749043 3 0.0
0.18686 0.797702 0.501923 12 0.0
0.511267 0.002454 0.299857 1 1.3e-05
0.445658 0.358575 0.360404 7 0.0
0.392923 0.746249 0.61851 7 0.0
0.415217 0.761833 0.614517 7 0.0
0.396 0.753236 0.662956 7 0.0
0.37063 0.730665 0.622503 7 0.0
0.389846 0.739262 0.574064 7 0.0
0.544639 0.112752 0.243927 13 0.0
0.640971 0.108349 0.246306 13 0.0
0.543055 0.078755 0.245175 13 0.0
0.448308 0.117155 0.241549 13 0.0
0.546224 0.146749 0.24268 13 0.0
0.139695 0.59951 0.551369 12 0.0
0.141187 0.611784 0.61207 12 0.0
0.134122 0.547771 0.561967 12 0.0
0.138202 0.587236 0.490667 12 0.0
0.145268 0.651249 0.54077 12 0.0
0.598981 0.848466 0.263949 13 0.0
0.525439 0.88236 0.263851 13 0.0
0.587172 0.822842 0.263007 13 0.0
0.672523 0.814573 0.264047 13 0.0
0.61079 0.874091 0.264891 13 0.0
0.498723 0.004781 0.355043 5 0.822338
0.758394 -0.001086 0.256333 1 0.454748
0.657324 0.83171 0.433335 5 0.0
0.599302 0.874097 0.442135 5 0.0
0.666007 0.832919 0.484758 5 0.0
0.715346 0.789322 0.424535 5 0.0
0.648641 0.8305 0.381912 5 0.0
0.624471 0.003883 0.573188 2 0.999681
0.261282 0.895419 0.424574 12 0.0
0.276695 0.9082 0.415636 12 0.0
0.279459 0.91304 0.481112 12 0.0
0.24587 0.882638 0.433513 12 0.0
0.243106 0.877798 0.368037 12 0.0
0.454407 0.914288 0.250251 13 0.0
0.517189 0.924615 0.249564 13 0.0
0.450534 0.937898 0.251192 13 0.0
0.391625 0.903961 0.250938 13 0.0
0.45828 0.890678 0.24931 13 0.0
0.564528 -0.000836 0.693981 1 0.0
0.317405 0.941709 0.668332 6 0.0
0.337126 0.9539 0.653823 6 0.0
0.328529 0.947041 0.687934 6 0.0
0.297684 0.929517 0.682842 6 0.0
0.306281 0.936376 0.648731 6 0.0
0.206403 0.008803 0.297344 1 0.0
0.181822 0.009727 0.297854 1 0.0
0.206796 0.009612 0.314817 1 0.0
0.230983 0.00788 0.296834 1 0.0
0.20601 0.007995 0.279871 1 0.0
0.278392 0.863923 0.689998 11 8e-06
0.295859 0.877166 0.692166 11 8e-06
0.270358 0.871382 0.709165 11 8e-06
0.260926 0.85068 0.68783 11 8e-06
0.286426 0.856464 0.670831 11 8e-06
0.553847 0.940054 0.486324 12 0.0
0.526812 0.944619 0.48636 12 0.0
0.554001 0.940466 0.550345 12 0.0
0.580881 0.935489 0.486289 12 0.0
0.553693 0.939642 0.422303 12 0.0
0.670473 0.914347 0.251558 13 9e-06
0.51412 0.988347 0.344507 12 0.0
0.488424 0.989696 0.347486 12 0.0
0.517821 0.988469 0.376377 12 0.0
0.539815 0.986998 0.341529 12 0.0
0.510419 0.988225 0.312638 12 0.0
0.866464 0.240802 0.44824 12 0.0
0.867141 0.316423 0.445249 12 0.0
0.866498 0.243227 0.509557 12 0.0
0.865787 0.165182 0.451231 12 0.0
0.866431 0.238377 0.386923 12 0.0
0.134841 0.359463 0.724545 10 0.0
0.828126 0.787619 0.728753 12 0.0
0.819174 0.806853 0.728457 12 0.0
0.826524 0.787016 0.738025 12 0.0
0.837078 0.768386 0.72905 12 0.0
0.829729 0.788222 0.719482 12 0.0
0.166868 0.177996 0.754636 3 0.0
0.412956 0.966585 0.746915 3 0.0
0.870684 0.09728 0.495815 12 0.0
0.872644 0.125909 0.496515 12 0.0
0.872025 0.095311 0.57258 12 0.0
0.868723 0.068651 0.495116 12 0.0
0.869342 0.099248 0.41905 12 0.0
0.324311 0.479803 0.445631 7 0.0
0.295441 0.54301 0.463052 7 0.0
0.326397 0.47006 0.484436 7 0.0
0.353181 0.416596 0.42821 7 0.0
0.322225 0.489545 0.406826 7 0.0
0.293096 0.757635 0.753489 3 0.0
0.398784 0.002422 0.600706 5 0.999149
0.356978 0.402302 0.439172 7 0.004913
0.34565 0.4316 0.423173 7 0.004913
0.343269 0.418906 0.479285 7 0.004913
0.368307 0.373005 0.45517 7 0.004913
0.370687 0.385698 0.399059 7 0.004913
0.131176 0.352577 0.269904 12 2e-06
0.175222 0.792042 0.474179 12 0.0
0.310493 0.010573 0.747832 3 6e-06
0.866411 0.500556 0.68599 12 0.0
0.600967 0.978935 0.565624 10 0.0
0.587787 0.983035 0.564227 10 0.0
0.597777 0.980215 0.599494 10 0.0
0.614147 0.974835 0.56702 10 0.0
0.604157 0.977655 0.531753 10 0.0
0.685266 -0.001394 0.730727 1 0.0
0.147328 -0.000542 0.419812 1 0.0
0.739216 0.000366 0.617008 1 0.0
0.764624 0.00048 0.580796 1 0.0
0.771648 0.000661 0.639765 1 0.0
0.713808 0.000251 0.65322 1 0.0
0.706784 7e-05 0.594251 1 0.0
0.814648 0.713975 0.499928 12 0.0
0.808914 0.737631 0.499303 12 0.0
0.815006 0.715414 0.551127 12 0.0
0.820383 0.690319 0.500553 12 0.0
0.81429 0.712537 0.448729 12 0.0
0.468753 0.996835 0.490398 12 0.999492
0.472581 0.999381 0.489969 12 0.999492
0.469522 0.996697 0.496424 12 0.999492
0.464926 0.994289 0.490827 12 0.999492
0.467985 0.996974 0.484372 12 0.999492
0.591131 0.979605 0.60435 12 0.0
0.609147 0.974568 0.603724 12 0.0
0.593136 0.980883 0.651744 12 0.0
0.573116 0.984642 0.604976 12 0.0
0.589127 0.978326 0.556957 12 0.0
0.157985 0.601897 0.75276 3 2e-06
0.628489 -0.00035 0.574837 5 0.999982
0.502235 0.001651 0.318704 1 3e-06
0.623055 0.89042 0.747632 3 0.0
0.63374 0.912559 0.748342 3 0.0
0.675023 0.865328 0.748026 3 0.0
0.612371 0.86828 0.746921 3 0.0
0.571088 0.915511 0.747237 3 0.0
0.452454 -0.003338 0.710773 1 0.0
0.652461 0.055835 0.261451 13 0.0
0.480885 0.998659 0.475594 12 0.99901
0.133839 0.474443 0.677005 12 0.0
0.129267 0.369429 0.27822 12 2e-06
0.690855 0.650166 0.733074 7 0.0
0.575281 0.005885 0.718956 1 0.0
0.559221 0.772854 0.747945 11 2e-06
0.1524 -0.000492 0.470395 1 0.0
0.129944 0.459844 0.347756 12 0.0
0.518625 0.777598 0.715109 7 0.0
0.494571 0.780852 0.714731 7 0.0
0.518304 0.776891 0.7295 7 0.0
0.54268 0.774343 0.715486 7 0.0
0.518947 0.778304 0.700717 7 0.0
0.7133 0.583793 0.274534 7 0.0
0.71367 0.58329 0.263464 7 0.0
0.710585 0.613124 0.27311 7 0.0
0.712929 0.584296 0.285603 7 0.0
0.716014 0.554463 0.275958 7 0.0
0.257284 0.721949 0.751886 3 0.0
0.351764 0.704452 0.294544 7 0.0
0.375092 0.729685 0.29554 7 0.0
0.352689 0.702956 0.310781 7 0.0
0.328436 0.679219 0.293548 7 0.0
0.350839 0.705948 0.278306 7 0.0
0.583619 0.030685 0.258288 13 0.0
0.661219 -0.000628 0.293765 1 0.00026
0.379762 0.014733 0.744786 3 0.0
0.137997 0.414214 0.697124 12 0.0
0.752489 0.376606 0.750653 3 0.0
0.648106 -0.000264 0.374034 1 0.000374
0.136187 0.026943 0.501882 12 0.0
0.133173 0.356589 0.687527 12 0.0
0.753974 0.000256 0.44717 1 0.0
0.788488 0.000463 0.440859 1 0.0
0.765138 0.000161 0.508219 1 0.0
0.719461 5e-05 0.45348 1 0.0
0.742811 0.000351 0.38612 1 0.0
0.47614 0.000794 0.352086 5 0.999988
0.262883 0.542608 0.753683 3 0.0
0.132624 0.406041 0.64544 12 0.0
0.132989 0.405189 0.679598 12 0.0
0.131769 0.312734 0.64312 12 0.0
0.132259 0.406894 0.611281 12 0.0
0.13348 0.499349 0.647759 12 0.0
0.223576 0.454422 0.300057 5 2e-06
0.212478 0.504558 0.301565 5 2e-06
0.235119 0.456487 0.316348 5 2e-06
0.234674 0.404286 0.29855 5 2e-06
0.212033 0.452357 0.283767 5 2e-06
0.595445 0.095016 0.752273 3 0.0
0.679678 0.089725 0.751738 3 0.0
0.593568 0.065255 0.750998 3 0.0
0.511212 0.100306 0.752807 3 0.0
0.597322 0.124776 0.753547 3 0.0
0.494547 -0.002079 0.729003 1 0.0
0.133709 0.364672 0.270094 12 0.0
0.490647 0.769141 0.282976 7 0.0
0.489329 0.770158 0.26993 7 0.0
0.455383 0.765904 0.286287 7 0.0
0.491966 0.768125 0.296023 7 0.0
0.525911 0.772379 0.279666 7 0.0
0.569998 0.040879 0.245664 13 0.0
0.185047 0.791216 0.746819 3 0.946796
0.13264 0.309088 0.702265 12 0.0
0.741613 0.522994 0.307303 8 0.0
0.743875 0.526093 0.287327 8 0.0
0.744356 0.549474 0.311722 8 0.0
0.739351 0.519895 0.32728 8 0.0
0.73887 0.496513 0.302885 8 0.0
0.324345 0.671514 0.293387 7 0.0
0.341908 0.703873 0.292747 7 0.0
0.325661 0.671112 0.309168 7 0.0
0.306783 0.639155 0.294027 7 0.0
0.323029 0.671916 0.277606 7 0.0
0.625571 -0.000454 0.329532 1 0.005749
0.60484 -0.00304 0.731521 1 0.0
0.610883 -3.6e-05 0.280269 1 9.4e-05
0.142667 0.477067 0.699744 12 0.0
0.755511 0.000343 0.569667 1 0.0
0.719571 2e-05 0.568682 1 0.0
0.753971 0.000393 0.625878 1 0.0
0.791451 0.000666 0.570651 1 0.0
0.757051 0.000293 0.513456 1 0.0
0.842734 0.74898 0.499326 12 0.0
0.834854 0.771572 0.4981 12 0.0
0.842899 0.753237 0.576693 12 0.0
0.850614 0.726387 0.500553 12 0.0
0.842569 0.744723 0.421959 12 0.0
0.668051 0.240848 0.246057 13 0.0
0.722381 0.307184 0.246486 13 0.0
0.700972 0.21388 0.24678 13 0.0
0.613721 0.174513 0.245629 13 0.0
0.635129 0.267816 0.245335 13 0.0
0.676874 -0.000889 0.551008 1 0.0
0.614139 0.000855 0.406531 5 0.786104
0.552663 0.991985 0.566697 12 0.0
0.133413 0.45128 0.410359 12 0.0
0.133975 0.452827 0.460258 12 0.0
0.13033 0.365691 0.413047 12 0.0
0.132852 0.449732 0.360459 12 0.0
0.136496 0.536868 0.40767 12 0.0
0.13958 0.335019 0.701561 12 0.0
0.283887 0.481653 0.522231 7 0.0
0.271252 0.515467 0.463682 7 0.0
0.249129 0.544142 0.56582 7 0.0
0.296523 0.44784 0.58078 7 0.0
0.318646 0.419165 0.478641 7 0.0
0.849765 0.000219 0.493777 1 0.00176
0.298765 0.568572 0.327181 7 0.0
0.29845 0.603414 0.331584 7 0.0
0.302569 0.565319 0.353195 7 0.0
0.29908 0.533731 0.322777 7 0.0
0.294962 0.571826 0.301166 7 0.0
0.322563 0.673025 0.629645 7 0.0
0.337901 0.698641 0.623909 7 0.0
0.322265 0.682478 0.671068 7 0.0
0.307226 0.647409 0.63538 7 0.0
0.322862 0.663572 0.588221 7 0.0
0.700767 0.623007 0.462084 7 0.0
0.688708 0.663267 0.465767 7 0.0
0.698882 0.616404 0.52811 7 0.0
0.712825 0.582747 0.458402 7 0.0
0.702651 0.629611 0.396059 7 0.0
0.167032 0.727656 0.751837 3 0.0
0.698562 0.644189 0.299022 7 0.0
0.685061 0.674464 0.297055 7 0.0
0.69765 0.644987 0.317561 7 0.0
0.712062 0.613914 0.30099 7 0.0
0.699474 0.64339 0.280483 7 0.0
0.374193 0.401296 0.31671 7 0.0
0.345929 0.424196 0.312306 7 0.0
0.373374 0.404707 0.339702 7 0.0
0.402457 0.378395 0.321114 7 0.0
0.375011 0.397884 0.293719 7 0.0
0.581217 0.180983 0.337436 2 0.0
0.51805 0.197122 0.326626 2 0.0
0.592085 0.231768 0.349752 2 0.0
0.644383 0.164843 0.348246 2 0.0
0.570349 0.130198 0.32512 2 0.0
0.3619 -0.000348 0.323386 1 1.5e-05
0.30917 0.516387 0.508307 7 0.0
0.304853 0.550874 0.454369 7 0.0
0.300007 0.555263 0.533897 7 0.0
0.313487 0.4819 0.562245 7 0.0
0.318332 0.477512 0.482717 7 0.0
0.694518 0.653423 0.324409 7 0.0
0.680129 0.684307 0.316271 7 0.0
0.68907 0.657731 0.350389 7 0.0
0.708907 0.622539 0.332548 7 0.0
0.699966 0.649115 0.298429 7 0.0
0.559276 0.987652 0.562983 12 0.0
0.575623 0.984984 0.560267 12 0.0
0.566463 0.986804 0.607064 12 0.0
0.542928 0.99032 0.5657 12 0.0
0.552088 0.9885 0.518903 12 0.0
0.57848 0.975043 0.746309 3 0.356036
0.698858 0.651355 0.74689 7 0.0
0.299423 0.516618 0.28008 7 0.0
0.28915 0.551753 0.280665 7 0.0
0.301531 0.517024 0.292764 7 0.0
0.309696 0.481484 0.279495 7 0.0
0.297316 0.516213 0.267396 7 0.0
0.139856 0.693515 0.268609 12 0.064412
0.138383 0.69369 0.275142 12 0.064412
0.135786 0.684081 0.267945 12 0.064412
0.141329 0.693339 0.262076 12 0.064412
0.143925 0.702949 0.269273 12 0.064412
0.780331 0.253933 0.749989 3 0.0
0.779673 0.330445 0.750678 3 0.0
0.753051 0.253698 0.750028 3 0.0
0.780989 0.177421 0.749301 3 0.0
0.807612 0.254168 0.749951 3 0.0
0.718845 0.508286 0.533934 5 0.0
0.709925 0.58157 0.486358 5 0.0
0.716503 0.527365 0.563762 5 0.0
0.727765 0.435002 0.58151 5 0.0
0.721188 0.489207 0.504107 5 0.0
0.730477 -6.6e-05 0.507119 1 0.0
0.566469 0.360208 0.312535 7 0.0
0.561202 0.359705 0.330805 7 0.0
0.526356 0.35205 0.300745 7 0.0
0.571737 0.36071 0.294265 7 0.0
0.606582 0.368366 0.324325 7 0.0
0.502667 0.117271 0.752215 3 0.0
0.50196 0.153467 0.753357 3 0.0
0.391486 0.115094 0.752414 3 0.0
0.503374 0.081075 0.751072 3 0.0
0.613849 0.119448 0.752016 3 0.0
0.490744 0.76612 0.333935 7 0.0
0.489925 0.767378 0.306433 7 0.0
0.456357 0.761125 0.33473 7 0.0
0.491562 0.764861 0.361437 7 0.0
0.52513 0.771114 0.333141 7 0.0
0.858293 0.511773 0.286268 12 0.000177
0.497078 0.0044 0.353125 5 0.945415
0.709507 0.517442 0.30549 7 0.0
0.716541 0.551843 0.308627 7 0.0
0.707758 0.515933 0.325957 7 0.0
0.702473 0.483041 0.302353 7 0.0
0.711256 0.518951 0.285022 7 0.0
0.705263 0.623032 0.365273 8 0.0
0.693967 0.654651 0.366402 8 0.0
0.701862 0.620437 0.403933 8 0.0
0.71656 0.591414 0.364144 8 0.0
0.708665 0.625628 0.326613 8 0.0
0.645125 0.039014 0.737737 3 0.0
0.708786 0.539277 0.439507 8 0.0
0.714591 0.554939 0.37911 8 0.0
0.712545 0.575322 0.449215 8 0.0
0.702981 0.523615 0.499903 8 0.0
0.705027 0.503233 0.429798 8 0.0
0.542875 0.350599 0.246603 14 0.999835
0.362114 -0.000422 0.650916 1 0.0
0.634669 0.000946 0.439236 5 0.999989
0.598932 0.375123 0.635144 7 0.0
0.351653 0.406958 0.446971 7 0.0
0.663751 0.31435 0.654874 5 0.0
0.725023 0.364841 0.660048 5 0.0
0.648407 0.33154 0.668827 5 0.0
0.60248 0.263858 0.649701 5 0.0
0.679095 0.297159 0.640921 5 0.0
0.622308 0.343011 0.39883 5 0.0
0.628281 0.363792 0.381691 5 0.0
0.640198 0.352176 0.416178 5 0.0
0.616335 0.32223 0.415968 5 0.0
0.604417 0.333846 0.381482 5 0.0
0.53707 0.137324 0.752601 3 0.0
0.639017 0.139088 0.752336 3 0.0
0.537809 0.094451 0.751659 3 0.0
0.435122 0.135559 0.752867 3 0.0
0.536331 0.180196 0.753544 3 0.0
0.481564 0.001165 0.651921 5 0.985095
0.533777 0.781121 0.482236 8 0.0
0.50787 0.784691 0.479258 8 0.0
0.525625 0.781038 0.553055 8 0.0
0.559683 0.77755 0.485213 8 0.0
0.541928 0.781203 0.411417 8 0.0
0.84911 0.734013 0.405583 12 0.0
0.844148 0.753116 0.408183 12 0.0
0.852177 0.729229 0.446584 12 0.0
0.854073 0.714911 0.402983 12 0.0
0.846044 0.738797 0.364583 12 0.0
0.729362 0.35988 0.246991 13 0.0
0.647573 0.000197 0.453071 1 0.0
0.578816 5e-06 0.268926 1 8.4e-05
0.536787 0.180416 0.614465 5 0.0
0.581493 0.192556 0.591027 5 0.0
0.546294 0.142027 0.612715 5 0.0
0.492082 0.168276 0.637903 5 0.0
0.527281 0.218805 0.616215 5 0.0
0.307598 0.521741 0.341882 7 0.0
0.298459 0.561472 0.345706 7 0.0
0.313496 0.520117 0.372852 7 0.0
0.316738 0.482009 0.338058 7 0.0
0.301701 0.523365 0.310911 7 0.0
0.687433 0.661066 0.425191 7 0.0
0.668521 0.69739 0.424467 7 0.0
0.683808 0.660326 0.482822 7 0.0
0.706345 0.624741 0.425914 7 0.0
0.691058 0.661805 0.367559 7 0.0
0.218831 0.764572 0.247203 13 0.0
0.202802 0.772345 0.247841 13 0.0
0.19622 0.71794 0.247225 13 0.0
0.23486 0.7568 0.246565 13 0.0
0.241442 0.811204 0.247182 13 0.0
0.371538 0.002179 0.569188 5 0.99645
0.336756 0.682125 0.367772 7 0.0
0.358799 0.712572 0.367862 7 0.0
0.340051 0.679626 0.405845 7 0.0
0.314712 0.651677 0.367681 7 0.0
0.333461 0.684623 0.329698 7 0.0
0.443821 0.02233 0.749344 3 0.0
0.302993 0.506089 0.578849 7 0.0
0.308066 0.512944 0.522019 7 0.0
0.293835 0.541169 0.582263 7 0.0
0.297919 0.499235 0.635678 7 0.0
0.312151 0.471009 0.575435 7 0.0
0.704669 0.498971 0.33456 7 0.0
0.713076 0.532955 0.333121 7 0.0
0.702834 0.500666 0.363862 7 0.0
0.696263 0.464987 0.335998 7 0.0
0.706504 0.497276 0.305257 7 0.0
0.396273 0.151884 0.444313 5 0.0
0.386206 0.187687 0.489847 5 0.0
0.379428 0.124223 0.462338 5 0.0
0.406341 0.116081 0.398779 5 0.0
0.413119 0.179546 0.426288 5 0.0
0.582116 0.987589 0.466788 9 0.89703
0.868092 0.31375 0.698029 12 0.0
0.60808 0.000685 0.61361 1 0.0
0.84326 0.002809 0.495495 1 4e-06
0.295762 0.481473 0.253196 8 0.999994
0.136746 0.436586 0.27823 12 1e-06
0.662028 0.689926 0.6865 7 0.0
0.641122 0.718114 0.68303 7 0.0
0.662336 0.692747 0.707556 7 0.0
0.682933 0.661739 0.68997 7 0.0
0.661719 0.687105 0.665444 7 0.0
0.35638 0.706496 0.516673 8 0.0
0.383506 0.735479 0.509582 8 0.0
0.363531 0.716248 0.583892 8 0.0
0.329255 0.677512 0.523763 8 0.0
0.349229 0.696743 0.449454 8 0.0
0.175106 0.427722 0.748845 3 0.0
0.86681 0.37144 0.685891 12 0.0
0.586917 0.24987 0.404785 5 0.0
0.608164 0.222342 0.423066 5 0.0
0.564826 0.224034 0.391555 5 0.0
0.56567 0.277399 0.386503 5 0.0
0.609008 0.275706 0.418015 5 0.0
0.517196 0.081902 0.751404 3 0.0
0.137986 0.421502 0.265628 12 2e-06
0.621883 0.737444 0.285623 7 0.0
0.620565 0.738875 0.271153 7 0.0
0.595381 0.755199 0.289792 7 0.0
0.6232 0.736013 0.300092 7 0.0
0.648384 0.719688 0.281453 7 0.0
0.865272 0.364207 0.464898 12 0.0
0.863618 0.474306 0.474185 12 0.0
0.865364 0.35864 0.530914 12 0.0
0.866925 0.254108 0.455611 12 0.0
0.865179 0.369774 0.398882 12 0.0
0.727923 0.569878 0.24713 13 0.0
0.715436 -0.001049 0.412139 1 0.0
0.759069 -0.000459 0.458588 1 0.0
0.696689 -0.001526 0.429756 1 0.0
0.671802 -0.001638 0.365691 1 0.0
0.734182 -0.000571 0.394523 1 0.0
0.264844 0.297662 0.243398 13 0.0
0.239671 0.378056 0.244387 13 0.0
0.297949 0.30803 0.243261 13 0.0
0.290017 0.217268 0.242408 13 0.0
0.231739 0.287294 0.243534 13 0.0
0.658767 0.403256 0.510506 5 0.0
0.656875 0.394112 0.488642 5 0.0
0.687479 0.464949 0.482218 5 0.0
0.660658 0.412401 0.532369 5 0.0
0.630054 0.341564 0.538794 5 0.0
0.651195 0.367147 0.487259 5 0.0
0.674145 0.422448 0.449871 5 0.0
0.655298 0.386734 0.51875 5 0.0
0.628245 0.311845 0.524647 5 0.0
0.647091 0.347559 0.455768 5 0.0
0.707363 0.558584 0.692729 7 0.0
0.706033 0.587887 0.688158 7 0.0
0.709029 0.56176 0.712603 7 0.0
0.708693 0.529282 0.697299 7 0.0
0.705697 0.555409 0.672854 7 0.0
0.43563 0.322981 0.375376 5 0.0
0.434718 0.339885 0.368787 5 0.0
0.398376 0.327006 0.390858 5 0.0
0.436542 0.306077 0.381965 5 0.0
0.472884 0.318956 0.359894 5 0.0
0.868213 0.336837 0.298121 12 0.018265
0.78486 0.474341 0.750287 3 0.0
0.69189 0.635598 0.627776 7 0.0
0.679066 0.665355 0.624132 7 0.0
0.691518 0.640168 0.666412 7 0.0
0.704714 0.60584 0.631419 7 0.0
0.692262 0.631027 0.589139 7 0.0
0.495234 0.345242 0.248908 14 0.997274
0.567583 0.000289 0.697252 1 0.0
0.639358 0.722548 0.469045 8 0.0
0.616587 0.748158 0.474296 8 0.0
0.645281 0.713236 0.540155 8 0.0
0.662129 0.696938 0.463795 8 0.0
0.633435 0.73186 0.397935 8 0.0
0.836442 0.378397 0.252003 13 0.0
0.362103 0.964326 0.389404 12 0.0
0.375356 0.969123 0.354638 12 0.0
0.379109 0.971964 0.396941 12 0.0
0.34885 0.959529 0.42417 12 0.0
0.345097 0.956688 0.381868 12 0.0
0.737626 0.833413 0.748434 3 0.0
0.750951 0.844488 0.749997 3 0.0
0.705527 0.872024 0.748503 3 0.0
0.724301 0.822338 0.74687 3 0.0
0.769725 0.794803 0.748365 3 0.0
0.235713 0.107452 0.752224 3 0.0
0.255351 0.137399 0.753937 3 0.0
0.208735 0.125122 0.752603 3 0.0
0.216075 0.077506 0.75051 3 0.0
0.262691 0.089783 0.751844 3 0.0
0.289802 0.926661 0.665008 6 0.0
0.300237 0.936094 0.657226 6 0.0
0.302472 0.933881 0.690749 6 0.0
0.279367 0.917229 0.67279 6 0.0
0.277132 0.919442 0.639267 6 0.0
0.820555 0.722035 0.250612 13 2.2e-05
0.862161 0.595185 0.707324 12 0.0
0.30155 0.919771 0.747911 4 0.005472
0.16264 0.760653 0.469406 12 0.0
0.139854 0.598926 0.626129 12 0.0
0.143126 0.649061 0.623292 12 0.0
0.140546 0.601121 0.665722 12 0.0
0.136582 0.548792 0.628965 12 0.0
0.139162 0.596732 0.586536 12 0.0
0.824599 0.738517 0.513176 12 0.0
0.213627 0.850109 0.444114 10 0.0
0.226351 0.867195 0.443253 10 0.0
0.214189 0.852078 0.491513 10 0.0
0.200904 0.833023 0.444974 10 0.0
0.213065 0.84814 0.396715 10 0.0
0.827679 0.793096 0.606295 12 0.0
0.821615 0.805194 0.594776 12 0.0
0.820222 0.808477 0.626374 12 0.0
0.833742 0.780998 0.617814 12 0.0
0.835135 0.777715 0.586215 12 0.0
0.171269 0.172029 0.754247 3 0.0
0.407293 0.975032 0.348723 12 0.0
0.381638 0.96849 0.335492 12 0.0
0.393233 0.971049 0.377955 12 0.0
0.432948 0.981573 0.361953 12 0.0
0.421353 0.979014 0.319491 12 0.0
0.225465 0.869366 0.350467 12 1e-06
0.230926 0.87895 0.360295 12 1e-06
0.219027 0.860603 0.362588 12 1e-06
0.220004 0.859781 0.340638 12 1e-06
0.231903 0.878128 0.338345 12 1e-06
0.694252 0.928635 0.361546 12 0.0
0.672729 0.942625 0.366835 12 0.0
0.698104 0.925561 0.385351 12 0.0
0.715775 0.914645 0.356257 12 0.0
0.6904 0.931709 0.337741 12 0.0
0.820242 0.33477 0.749037 3 0.0
0.796899 0.839163 0.748912 3 0.968411
0.194627 0.822133 0.333933 12 2.3e-05
0.203712 0.835896 0.350969 12 2.3e-05
0.183584 0.803505 0.354872 12 2.3e-05
0.185542 0.80837 0.316897 12 2.3e-05
0.20567 0.840761 0.312994 12 2.3e-05
0.820438 0.723279 0.305375 10 0.966585
0.321045 0.686347 0.746465 7 0.258351
0.226391 0.87378 0.612701 6 0.0
0.690723 0.768535 0.617046 5 0.0
0.642077 0.815769 0.626869 5 0.0
0.699859 0.769558 0.657369 5 0.0
0.739369 0.721301 0.607223 5 0.0
0.681587 0.767511 0.576722 5 0.0
0.35829 0.006009 0.485358 2 0.685892
0.458329 0.851026 0.751115 4 0.0
0.863791 0.133834 0.251143 13 0.99879
0.155334 -0.000167 0.628148 1 0.0
0.625851 0.053009 0.445948 5 0.0
0.616419 0.059119 0.426085 5 0.0
0.627298 0.071388 0.450915 5 0.0
0.635283 0.046899 0.465812 5 0.0
0.624405 0.034631 0.440982 5 0.0
0.858632 0.692184 0.290045 12 0.001769
0.855164 0.710588 0.290438 12 0.001769
0.861431 0.692398 0.30473 12 0.001769
0.862099 0.673781 0.289651 12 0.001769
0.855832 0.691971 0.27536 12 0.001769
0.791964 0.849292 0.627323 12 0.0
0.782066 0.861131 0.641131 12 0.0
0.795975 0.840902 0.637392 12 0.0
0.801861 0.837452 0.613515 12 0.0
0.787952 0.857681 0.617254 12 0.0
0.803273 0.813072 0.404112 12 0.0
0.793385 0.828775 0.409072 12 0.0
0.806951 0.805777 0.434535 12 0.0
0.81316 0.797369 0.399151 12 0.0
0.799595 0.820367 0.373689 12 0.0
0.459114 0.989602 0.250794 13 0.992638
0.825078 0.019875 0.746857 3 0.0
0.839799 0.017922 0.745248 3 0.0
0.824253 0.012456 0.748312 3 0.0
0.810357 0.021828 0.748466 3 0.0
0.825903 0.027294 0.745402 3 0.0
0.637924 0.94448 0.327639 9 0.000114
0.612387 0.955869 0.328703 9 0.000114
0.638689 0.944285 0.348093 9 0.000114
0.663462 0.933092 0.326575 9 0.000114
0.637159 0.944676 0.307186 9 0.000114
0.670867 0.954361 0.750623 3 1.0
0.269728 0.902494 0.53648 6 0.0
0.295916 0.924683 0.530893 6 0.0
0.277834 0.910066 0.604558 6 0.0
0.243539 0.880304 0.542066 6 0.0
0.261622 0.894921 0.468401 6 0.0
0.746075 -0.002001 0.432395 1 0.0
0.767059 -0.001359 0.486081 1 0.0
0.713928 -0.002794 0.44497 1 0.0
0.725092 -0.002643 0.378709 1 0.0
0.778222 -0.001208 0.419821 1 0.0
0.453339 0.059997 0.244455 13 0.0
0.698028 0.944062 0.250087 13 1.0
0.462212 0.879625 0.248151 13 0.0
0.534138 0.891099 0.248374 13 0.0
0.456855 0.913196 0.248389 13 0.0
0.390285 0.868151 0.247927 13 0.0
0.467568 0.846054 0.247912 13 0.0
0.867706 0.211699 0.68187 12 0.0
0.867314 0.275385 0.685348 12 0.0
0.867769 0.21048 0.704199 12 0.0
0.868099 0.148012 0.678393 12 0.0
0.867643 0.212918 0.659541 12 0.0
0.16411 0.224083 0.243958 13 4e-06
0.411338 0.984173 0.699153 12 0.0
0.432313 0.989597 0.700537 12 0.0
0.410149 0.984306 0.716645 12 0.0
0.390363 0.97875 0.697768 12 0.0
0.412527 0.984041 0.68166 12 0.0
0.175151 0.728502 0.751923 3 0.0
0.167768 0.770756 0.684129 10 0.0
0.170553 0.780726 0.702572 10 0.0
0.158698 0.752075 0.695597 10 0.0
0.164983 0.760786 0.665686 10 0.0
0.176838 0.789437 0.672661 10 0.0
0.782079 0.819709 0.747268 3 0.0
0.864177 0.634361 0.700832 12 0.0
0.864647 0.635726 0.682872 12 0.0
0.861247 0.665932 0.703155 12 0.0
0.863708 0.632995 0.718791 12 0.0
0.867108 0.60279 0.698508 12 0.0
0.423674 0.988721 0.388118 12 0.0
0.426439 0.989924 0.347279 12 0.0
0.439314 0.991485 0.389258 12 0.0
0.420909 0.987518 0.428957 12 0.0
0.408033 0.985957 0.386977 12 0.0
0.610356 0.976706 0.707373 12 0.0
0.5884 0.9839 0.703121 12 0.0
0.608158 0.978407 0.721599 12 0.0
0.632312 0.969511 0.711624 12 0.0
0.612554 0.975004 0.693146 12 0.0
0.180456 0.801335 0.745995 4 0.001567
0.829594 0.787523 0.482745 12 0.0
0.822606 0.803391 0.46949 12 0.0
0.822628 0.80125 0.502849 12 0.0
0.836581 0.771656 0.496001 12 0.0
0.836559 0.773797 0.462642 12 0.0
0.133118 0.292456 0.707388 12 0.0
0.700181 0.930495 0.425589 12 0.0
0.686914 0.939665 0.428192 12 0.0
0.705081 0.92643 0.464875 12 0.0
0.713449 0.921324 0.422985 12 0.0
0.695281 0.934559 0.386302 12 0.0
0.236933 0.878649 0.624645 6 0.0
0.252946 0.896724 0.628445 6 0.0
0.231728 0.87415 0.667973 6 0.0
0.220921 0.860575 0.620844 6 0.0
0.242139 0.883149 0.581317 6 0.0
0.53513 0.943479 0.250572 13 0.0
0.536734 0.960114 0.249899 13 0.0
0.48704 0.948126 0.250756 13 0.0
0.533525 0.926844 0.251246 13 0.0
0.583219 0.938833 0.250388 13 0.0
0.747212 0.89666 0.489603 12 0.0
0.733568 0.909078 0.490844 12 0.0
0.749815 0.893749 0.547335 12 0.0
0.760855 0.884242 0.488361 12 0.0
0.744608 0.899572 0.43187 12 0.0
0.791978 0.845697 0.490691 12 0.0
0.781296 0.86085 0.498553 12 0.0
0.796806 0.839402 0.509383 12 0.0
0.802659 0.830545 0.482829 12 0.0
0.787149 0.851992 0.471999 12 0.0
0.428308 0.110663 0.752364 3 0.0
0.517269 0.104549 0.753867 3 0.0
0.430682 0.145554 0.753777 3 0.0
0.339346 0.116777 0.750861 3 0.0
0.425934 0.075773 0.750951 3 0.0
0.521637 0.047738 0.244076 13 0.0
0.812208 0.16307 0.749784 3 0.0
0.830296 0.164097 0.750335 3 0.0
0.809241 0.214909 0.750544 3 0.0
0.794119 0.162043 0.749234 3 0.0
0.815174 0.111231 0.749024 3 0.0
0.604562 0.980031 0.749497 3 0.999952
0.785695 0.042483 0.748388 3 0.0
0.812658 0.036617 0.747174 3 0.0
0.782721 0.028643 0.749202 3 0.0
0.758733 0.048349 0.749603 3 0.0
0.78867 0.056323 0.747575 3 0.0
0.251693 0.87562 0.747479 3 0.003978
0.146221 0.687314 0.750998 3 0.994435
0.583452 0.878779 0.251588 13 0.0
0.519121 0.900197 0.251037 13 0.0
0.573422 0.848639 0.251099 13 0.0
0.647783 0.857361 0.252138 13 0.0
0.593482 0.908918 0.252076 13 0.0
0.581189 0.964208 0.36535 12 0.0
0.554493 0.971459 0.363192 12 0.0
0.579223 0.965008 0.392361 12 0.0
0.607885 0.956957 0.367508 12 0.0
0.583155 0.963407 0.338339 12 0.0
0.703616 0.821929 0.25061 13 0.0
0.660225 0.869104 0.251496 13 0.0
0.684681 0.804538 0.249287 13 0.0
0.747006 0.774755 0.249724 13 0.0
0.72255 0.839321 0.251934 13 0.0
0.285894 0.585858 0.741488 7 0.0
0.271806 0.86955 0.250117 13 1e-06
0.845294 0.068421 0.251471 13 0.072465
0.847775 0.093071 0.251661 13 0.072465
0.853934 0.067555 0.251052 13 0.072465
0.842813 0.043772 0.251281 13 0.072465
0.836653 0.069288 0.25189 13 0.072465
0.233381 0.848134 0.742716 3 0.524853
0.133885 0.594688 0.406602 12 0.0
0.136446 0.631063 0.427543 12 0.0
0.132225 0.56804 0.453092 12 0.0
0.131325 0.558314 0.385661 12 0.0
0.135545 0.621336 0.360112 12 0.0
0.85808 0.56147 0.315952 12 0.0
0.161715 0.155482 0.753127 3 0.0
0.322046 0.946794 0.660194 6 0.0
0.340488 0.957345 0.649798 6 0.0
0.333442 0.952681 0.686387 6 0.0
0.303603 0.936243 0.67059 6 0.0
0.310649 0.940907 0.634001 6 0.0
0.795747 0.428814 0.249048 13 0.0
0.377689 0.976347 0.249622 13 0.999998
0.470291 0.995719 0.750701 3 0.999994
0.578287 0.970851 0.591045 12 0.0
0.554973 0.977578 0.594243 12 0.0
0.583905 0.968247 0.637472 12 0.0
0.601601 0.964124 0.587846 12 0.0
0.572669 0.973455 0.544617 12 0.0
0.72095 0.922155 0.701229 12 0.0
0.707685 0.932413 0.702076 12 0.0
0.721854 0.92195 0.717862 12 0.0
0.734214 0.911898 0.700381 12 0.0
0.720045 0.92236 0.684595 12 0.0
0.650094 0.00672 0.748159 3 0.002045
0.378634 0.873807 0.248941 13 0.0
0.437043 0.902089 0.24805 13 0.0
0.365974 0.899975 0.249636 13 0.0
0.320225 0.845525 0.249833 13 0.0
0.391294 0.847639 0.248247 13 0.0
0.819631 0.336568 0.747514 3 0.0
0.202971 0.690047 0.752813 3 0.0
0.183749 0.694025 0.752334 3 0.0
0.213887 0.74281 0.752994 3 0.0
0.222194 0.686069 0.753291 3 0.0
0.192056 0.637284 0.752631 3 0.0
0.17099 0.780429 0.624448 12 0.0
0.176436 0.794523 0.651621 12 0.0
0.16391 0.765111 0.633813 12 0.0
0.165543 0.766334 0.597276 12 0.0
0.17807 0.795747 0.615084 12 0.0
0.833498 0.390174 0.249166 13 0.0
0.153501 0.745788 0.24773 13 1.0
0.795749 0.841141 0.248798 13 1.0
0.863652 0.028499 0.714864 12 0.0
0.863101 0.039169 0.717159 12 0.0
0.862593 0.02584 0.726973 12 0.0
0.864202 0.017828 0.712569 12 0.0
0.86471 0.031158 0.702755 12 0.0
0.693495 0.902492 0.747395 4 0.0
0.555278 0.934284 0.745851 3 0.0
0.748922 0.890668 0.503593 12 0.0
0.736236 0.9027 0.492503 12 0.0
0.739368 0.900357 0.525036 12 0.0
0.761609 0.878635 0.514683 12 0.0
0.758476 0.880978 0.482151 12 0.0
0.716306 0.727372 0.745897 3 0.0
0.131749 0.356421 0.390528 12 0.0
0.131619 0.460645 0.386599 12 0.0
0.131976 0.358058 0.433942 12 0.0
0.131878 0.252198 0.394458 12 0.0
0.131521 0.354784 0.347115 12 0.0
0.15578 0.749063 0.542823 12 0.0
0.160761 0.767095 0.551118 12 0.0
0.15008 0.736974 0.572525 12 0.0
0.150799 0.73103 0.534528 12 0.0
0.16148 0.761151 0.513122 12 0.0
0.674545 0.833777 0.250173 13 0.0
0.624343 0.877361 0.250702 13 0.0
0.655193 0.811503 0.248815 13 0.0
0.724748 0.790193 0.249644 13 0.0
0.693898 0.856052 0.251531 13 0.0
0.692707 0.935681 0.63339 12 0.0
0.673748 0.947773 0.637865 12 0.0
0.699752 0.932726 0.67122 12 0.0
0.711666 0.923589 0.628914 12 0.0
0.685662 0.938636 0.595559 12 0.0
0.266481 0.7506 0.751187 3 0.0
0.299862 0.81406 0.749704 3 0.0
0.244551 0.762111 0.750118 3 0.0
0.2331 0.68714 0.75267 3 0.0
0.288412 0.739089 0.752256 3 0.0
0.790168 0.635157 0.749547 3 0.0
0.433593 0.756205 0.281097 14 0.0
0.464642 0.765717 0.281416 14 0.0
0.43383 0.755053 0.292377 14 0.0
0.402545 0.746694 0.280777 14 0.0
0.433356 0.757358 0.269816 14 0.0
0.188317 0.767972 0.513966 12 0.0
0.198993 0.792372 0.512418 12 0.0
0.188365 0.770815 0.559139 12 0.0
0.17764 0.743571 0.515513 12 0.0
0.188268 0.765128 0.468793 12 0.0
0.60043 0.371825 0.308887 7 0.0
0.633223 0.385476 0.30855 7 0.0
0.600637 0.371855 0.330205 7 0.0
0.567637 0.358174 0.309224 7 0.0
0.600223 0.371796 0.287569 7 0.0
0.842627 0.000608 0.495167 1 0.0
0.370391 0.730632 0.650516 7 0.0
0.389981 0.747937 0.646964 7 0.0
0.371699 0.736728 0.687443 7 0.0
0.3508 0.713326 0.654067 7 0.0
0.369082 0.724535 0.613589 7 0.0
0.216962 0.624291 0.262142 13 0.0
0.227415 0.688689 0.268547 13 0.0
0.241955 0.620247 0.262021 13 0.0
0.20651 0.559893 0.255736 13 0.0
0.19197 0.628335 0.262263 13 0.0
0.510078 0.001932 0.74997 1 0.986791
0.129984 0.335432 0.288932 12 0.0
0.163783 0.764892 0.595493 12 0.0
0.171434 0.785421 0.595976 12 0.0
0.162938 0.764068 0.643879 12 0.0
0.156131 0.744364 0.59501 12 0.0
0.164628 0.765717 0.547106 12 0.0
0.865169 0.642328 0.537048 12 0.000245
0.23693 0.877485 0.570652 6 0.0
0.247672 0.889762 0.538862 6 0.0
0.246742 0.887755 0.577934 6 0.0
0.226187 0.865207 0.602441 6 0.0
0.227117 0.867214 0.563369 6 0.0
0.26563 0.884539 0.542794 6 0.0
0.264909 0.884398 0.506813 6 0.0
0.275983 0.895136 0.542546 6 0.0
0.266351 0.88468 0.578776 6 0.0
0.255277 0.873942 0.543043 6 0.0
0.315464 0.893879 0.747974 3 0.0
0.318423 0.672181 0.707252 7 0.0
0.335088 0.701754 0.707021 7 0.0
0.317919 0.672592 0.723524 7 0.0
0.301758 0.642609 0.707483 7 0.0
0.318927 0.67177 0.69098 7 0.0
0.226738 0.062047 0.750422 3 0.0
0.25726 0.056196 0.750722 3 0.0
0.230435 0.081335 0.750507 3 0.0
0.196217 0.067898 0.750121 3 0.0
0.223042 0.042759 0.750337 3 0.0
0.318122 0.689039 0.32743 7 0.0
0.328096 0.703931 0.323118 7 0.0
0.325021 0.692062 0.353821 7 0.0
0.308149 0.674148 0.331743 7 0.0
0.311224 0.686016 0.301039 7 0.0
0.486958 0.996194 0.709576 12 0.0
0.510391 0.997002 0.709689 12 0.0
0.486865 0.996905 0.72384 12 0.0
0.463525 0.995385 0.709463 12 0.0
0.487052 0.995482 0.695312 12 0.0
0.315993 0.922258 0.612138 6 0.0
0.339661 0.942208 0.598888 6 0.0
0.335762 0.927894 0.655938 6 0.0
0.292325 0.902307 0.625388 6 0.0
0.296224 0.916622 0.568339 6 0.0
0.142923 0.462779 0.687945 12 0.0
0.757647 0.885566 0.707177 12 0.0
0.741797 0.901928 0.710977 12 0.0
0.760067 0.884425 0.722188 12 0.0
0.773497 0.869203 0.703378 12 0.0
0.755226 0.886706 0.692166 12 0.0
0.749355 0.091594 0.28221 13 0.0
0.740413 0.119254 0.281035 13 0.0
0.785986 0.103456 0.282674 13 0.0
0.758297 0.063934 0.283385 13 0.0
0.712725 0.079733 0.281746 13 0.0
0.246159 0.835474 0.748452 3 0.0
0.173449 0.667455 0.752167 3 0.0
0.161167 0.668881 0.752265 3 0.0
0.17816 0.708025 0.752135 3 0.0
0.185731 0.666028 0.752069 3 0.0
0.168738 0.626884 0.752199 3 0.0
0.661439 0.90378 0.251271 13 0.0
0.565212 0.928219 0.251459 13 0.0
0.569071 0.946807 0.251383 13 0.0
0.512139 0.939239 0.252242 13 0.0
0.561354 0.90963 0.251535 13 0.0
0.618286 0.917198 0.250676 13 0.0
0.565253 0.004931 0.375125 5 0.997466
0.638759 0.969409 0.547875 12 0.0
0.624695 0.975756 0.553132 12 0.0
0.646956 0.966338 0.573514 12 0.0
0.652823 0.963062 0.542618 12 0.0
0.630562 0.97248 0.522236 12 0.0
0.501143 0.928135 0.748225 3 0.0
0.500691 0.948142 0.748028 3 0.0
0.448165 0.926932 0.747739 3 0.0
0.501596 0.908129 0.748421 3 0.0
0.554121 0.929338 0.74871 3 0.0
0.171957 0.521639 0.753456 3 0.0
0.28943 0.018434 0.748525 3 0.0
0.297102 0.060087 0.244651 13 0.0
0.295973 0.079765 0.243525 13 0.0
0.245235 0.057175 0.245766 13 0.0
0.298231 0.04041 0.245776 13 0.0
0.348969 0.063 0.243536 13 0.0
0.414108 -0.000339 0.266549 1 0.040372
0.851519 0.000135 0.470576 1 0.171837
0.538658 0.350528 0.691795 7 0.0
0.586302 0.072034 0.246148 13 0.0
0.291252 0.571276 0.257834 7 0.999999
0.643347 0.001287 0.751556 3 0.999993
0.471474 0.136234 0.243928 13 0.0
0.4724 0.177305 0.242736 13 0.0
0.375185 0.138388 0.243317 13 0.0
0.470548 0.095162 0.24512 13 0.0
0.567763 0.134079 0.244538 13 0.0
0.711124 0.52948 0.259803 7 0.988878
0.712562 0.529004 0.25622 7 0.988878
0.712499 0.542079 0.258679 7 0.988878
0.709686 0.529956 0.263386 7 0.988878
0.709749 0.516881 0.260926 7 0.988878
0.405186 0.7591 0.7477 7 0.23128
0.163412 0.206071 0.247303 13 1.7e-05
0.415205 0.016674 0.747837 3 0.0
0.140185 0.368779 0.706884 12 0.0
0.173318 0.425978 0.244937 13 0.000196
0.150955 0.006924 0.543085 1 0.00585
0.606459 0.183255 0.646012 2 0.0
0.663069 0.189111 0.617714 2 0.0
0.615863 0.128485 0.653491 2 0.0
0.549849 0.177399 0.674309 2 0.0
0.597055 0.238024 0.638532 2 0.0
0.409987 0.008478 0.746602 3 0.01101
0.61557 0.003613 0.301564 1 2e-06
0.669128 0.428112 0.28683 7 0.0
0.690969 0.457873 0.285559 7 0.0
0.669279 0.428638 0.301733 7 0.0
0.647287 0.39835 0.288101 7 0.0
0.668977 0.427586 0.271926 7 0.0
0.334555 0.690442 0.262859 14 1.3e-05
0.476256 0.001519 0.347733 5 0.999951
0.812061 0.036366 0.362709 1 0.0
0.25344 0.835341 0.334928 13 1e-05
0.273412 0.852722 0.325093 13 1e-05
0.254353 0.846631 0.356733 13 1e-05
0.233469 0.817961 0.344763 13 1e-05
0.252528 0.824051 0.313123 13 1e-05
0.13356 0.244332 0.707688 12 0.0
0.794876 0.773728 0.295144 5 8e-06
0.220766 0.820609 0.576333 6 0.0
0.236063 0.841515 0.582768 6 0.0
0.216961 0.81229 0.612409 6 0.0
0.20547 0.799704 0.569899 6 0.0
0.224571 0.828929 0.540258 6 0.0
0.680156 0.148143 0.752991 3 0.0
0.736904 0.126333 0.752045 3 0.0
0.695901 0.189085 0.753566 3 0.0
0.623409 0.169953 0.753936 3 0.0
0.664411 0.107201 0.752416 3 0.0
0.363999 0.915523 0.445292 12 0.0
0.397614 0.932006 0.433357 12 0.0
0.376205 0.92282 0.489752 12 0.0
0.330384 0.899039 0.457227 12 0.0
0.351792 0.908225 0.400832 12 0.0
0.866937 0.101895 0.328515 12 0.0
0.866853 0.134775 0.334544 12 0.0
0.866908 0.097209 0.35407 12 0.0
0.86702 0.069015 0.322486 12 0.0
0.866966 0.106581 0.30296 12 0.0
0.683911 0.947251 0.503303 12 0.986281
0.676244 0.954401 0.505526 12 0.986281
0.687344 0.944586 0.523711 12 0.986281
0.691578 0.940102 0.501079 12 0.986281
0.680478 0.949917 0.482895 12 0.986281
0.152399 0.739774 0.445154 12 0.0
0.158456 0.757745 0.454691 12 0.0
0.150074 0.728003 0.468812 12 0.0
0.146343 0.721803 0.435618 12 0.0
0.154725 0.751545 0.421496 12 0.0
0.673173 0.053363 0.562575 2 0.0
0.672084 0.06867 0.564983 2 0.0
0.657791 0.045949 0.60274 2 0.0
0.674262 0.038055 0.560166 2 0.0
0.688555 0.060777 0.52241 2 0.0
0.719601 0.884858 0.747287 4 5e-06
0.302263 0.871872 0.749838 3 0.0
0.33969 0.902805 0.749395 3 0.0
0.291047 0.88545 0.750433 3 0.0
0.264835 0.840938 0.750281 3 0.0
0.313478 0.858293 0.749243 3 0.0
0.57427 0.984405 0.509658 12 0.0
0.55557 0.987729 0.513553 12 0.0
0.580058 0.983286 0.538397 12 0.0
0.59297 0.981081 0.505762 12 0.0
0.568482 0.985524 0.480919 12 0.0
0.866855 0.361084 0.398873 12 0.0
0.865066 0.470759 0.402234 12 0.0
0.86726 0.359655 0.445735 12 0.0
0.868644 0.251408 0.395513 12 0.0
0.866451 0.362513 0.352012 12 0.0
0.237714 0.745411 0.468196 11 0.0
0.257125 0.786373 0.463413 11 0.0
0.243661 0.750469 0.535652 11 0.0
0.218303 0.704449 0.472979 11 0.0
0.231767 0.740353 0.40074 11 0.0
0.790746 0.078579 0.60311 2 0.0
0.775526 0.09874 0.613714 2 0.0
0.810872 0.070377 0.647597 2 0.0
0.805966 0.058418 0.592507 2 0.0
0.77062 0.086782 0.558624 2 0.0
0.866945 0.313244 0.343372 12 0.0
0.865081 0.401776 0.345929 12 0.0
0.867588 0.312381 0.373703 12 0.0
0.868808 0.224711 0.340814 12 0.0
0.866301 0.314106 0.31304 12 0.0
0.833225 0.268584 0.249926 13 0.0
0.563465 0.989627 0.363435 12 0.0
0.541856 0.993271 0.365886 12 0.0
0.567549 0.989037 0.400324 12 0.0
0.585075 0.985983 0.360985 12 0.0
0.559382 0.990217 0.326547 12 0.0
0.564856 0.127502 0.243344 13 0.0
0.653159 0.121592 0.244665 13 0.0
0.562225 0.088467 0.24457 13 0.0
0.476553 0.133412 0.242023 13 0.0
0.567487 0.166537 0.242118 13 0.0
0.40898 0.077634 0.75124 3 0.0
0.409218 0.103104 0.752537 3 0.0
0.493941 0.076807 0.751938 3 0.0
0.408743 0.052165 0.749943 3 0.0
0.32402 0.078462 0.750542 3 0.0
0.686321 -0.001538 0.662315 1 0.0
0.630266 -0.002588 0.677112 1 0.0
0.692528 -0.001925 0.685801 1 0.0
0.742376 -0.000487 0.647519 1 0.0
0.680115 -0.001151 0.63883 1 0.0
0.610348 0.020625 0.247639 13 6.6e-05
0.533795 0.027863 0.377148 5 5e-06
0.503803 0.028118 0.364369 5 5e-06
0.532808 0.03883 0.379683 5 5e-06
0.563787 0.027608 0.389927 5 5e-06
0.534782 0.016896 0.374613 5 5e-06
0.222158 0.395588 0.307895 5 0.0
0.204936 0.428979 0.308918 5 0.0
0.233198 0.400654 0.328415 5 0.0
0.23938 0.362198 0.306872 5 0.0
0.211117 0.390522 0.287375 5 0.0
0.14049 0.001322 0.506299 1 0.009356
0.145701 0.331487 0.325631 12 0.99983
0.153571 0.397214 0.334914 12 0.99983
0.146389 0.328169 0.348545 12 0.99983
0.137831 0.265761 0.316349 12 0.99983
0.145014 0.334806 0.302718 12 0.99983
0.709545 0.593693 0.740149 7 0.0
0.569925 0.005414 0.709464 1 0.0
0.135559 0.307826 0.702308 12 0.0
0.312979 0.630307 0.359065 7 0.0
0.322884 0.660401 0.359144 7 0.0
0.316938 0.62891 0.394772 7 0.0
0.303074 0.600213 0.358986 7 0.0
0.30902 0.631704 0.323358 7 0.0
0.151097 0.565042 0.751889 3 0.000399
0.469752 0.995757 0.55049 12 0.999917
0.475312 0.998547 0.550996 12 0.999917
0.467602 0.996474 0.570142 12 0.999917
0.464192 0.992966 0.549983 12 0.999917
0.471902 0.995039 0.530838 12 0.999917
0.168568 0.000402 0.489513 1 0.0
0.58269 -0.000138 0.284223 1 0.00023
0.205984 0.74202 0.752512 3 0.0
0.222902 0.786845 0.752756 3 0.0
0.190675 0.7478 0.752274 3 0.0
0.189065 0.697196 0.752269 3 0.0
0.221292 0.736241 0.752751 3 0.0
0.13032 0.202289 0.604865 12 0.0
0.130635 0.200359 0.650625 12 0.0
0.130966 0.139109 0.602197 12 0.0
0.130004 0.204218 0.559106 12 0.0
0.129673 0.265468 0.607533 12 0.0
0.674303 0.434991 0.268111 7 8e-05
0.134359 0.366649 0.738176 12 0.0
0.569843 0.085778 0.248693 13 0.0
0.701745 0.634019 0.742349 11 0.0
0.857182 0.367224 0.730862 12 0.029288
0.142919 -0.001374 0.542212 1 0.008793
0.708423 0.563662 0.713875 7 0.0
0.705755 0.591973 0.710249 7 0.0
0.709797 0.565528 0.727433 7 0.0
0.71109 0.535351 0.717501 7 0.0
0.707048 0.561796 0.700317 7 0.0
0.655086 0.414556 0.634233 7 0.0
0.677034 0.439507 0.614328 7 0.0
0.668541 0.428463 0.6665 7 0.0
0.633138 0.389605 0.654138 7 0.0
0.641631 0.400649 0.601965 7 0.0
0.430687 0.048723 0.751145 3 0.0
0.767942 -0.000634 0.564587 1 0.0
0.736172 -0.001578 0.563836 1 0.0
0.766562 -0.000426 0.622699 1 0.0
0.799713 0.00031 0.565338 1 0.0
0.769323 -0.000841 0.506475 1 0.0
0.713134 0.265102 0.246609 13 0.0
0.747389 0.344656 0.247054 13 0.0
0.749391 0.249486 0.247371 13 0.0
0.678879 0.185549 0.246165 13 0.0
0.676877 0.280719 0.245848 13 0.0
0.128195 0.251995 0.311637 12 0.0
0.351584 0.41924 0.289479 7 0.0
0.328244 0.448088 0.288262 7 0.0
0.352689 0.420804 0.305352 7 0.0
0.374924 0.390393 0.290696 7 0.0
0.350479 0.417676 0.273606 7 0.0
0.4536 0.01994 0.7413 3 0.0
0.654631 0.700809 0.709269 7 0.0
0.634096 0.726837 0.711996 7 0.0
0.656333 0.700678 0.723334 7 0.0
0.675166 0.674781 0.706542 7 0.0
0.65293 0.70094 0.695204 7 0.0
0.858921 0.410257 0.73376 12 0.0
0.419019 -0.000676 0.696681 1 0.0
0.71386 0.279544 0.751186 4 0.0
0.750581 0.364373 0.751822 4 0.0
0.745822 0.265715 0.750319 4 0.0
0.67714 0.194715 0.750549 4 0.0
0.681899 0.293373 0.752052 4 0.0
0.138755 0.37424 0.666263 12 0.0
0.733003 0.577206 0.257452 14 1.0
0.132557 0.211179 0.692863 12 0.0
0.35029 0.412886 0.695062 7 0.0
0.318541 0.450287 0.694224 7 0.0
0.348364 0.411707 0.715421 7 0.0
0.382038 0.375486 0.695899 7 0.0
0.352216 0.414066 0.674703 7 0.0
0.341618 0.937734 0.320004 12 6e-06
0.363592 0.949353 0.316733 12 6e-06
0.342731 0.941318 0.340212 12 6e-06
0.319643 0.926114 0.323275 12 6e-06
0.340505 0.934149 0.299796 12 6e-06
0.668332 0.931274 0.630103 12 2e-06
0.860977 0.536925 0.49906 12 0.0
0.860381 0.569085 0.425738 12 0.0
0.857541 0.593016 0.523691 12 0.0
0.861573 0.504765 0.572382 12 0.0
0.864413 0.480834 0.47443 12 0.0
0.187 0.763423 0.24847 13 0.013991
0.639479 0.719587 0.551419 7 0.0
0.628621 0.730411 0.493757 7 0.0
0.619977 0.740982 0.559107 7 0.0
0.650337 0.708763 0.60908 7 0.0
0.658981 0.698192 0.54373 7 0.0
0.129456 0.344656 0.299813 12 0.0
0.13061 0.42342 0.311491 12 0.002669
0.609833 0.741862 0.727647 7 0.0
0.131762 0.38687 0.414336 12 0.0
0.132252 0.483398 0.406403 12 0.0
0.132099 0.390992 0.46451 12 0.0
0.131271 0.290342 0.422268 12 0.0
0.131424 0.382748 0.364161 12 0.0
0.498421 0.775764 0.609523 7 0.0
0.527092 0.775588 0.609582 7 0.0
0.498328 0.77662 0.657217 7 0.0
0.469749 0.77594 0.609465 7 0.0
0.498513 0.774908 0.561829 7 0.0
0.161306 0.000135 0.552658 1 0.0
0.191898 0.061902 0.244345 13 0.0
0.210992 0.067742 0.242828 13 0.0
0.198161 0.04166 0.245248 13 0.0
0.172804 0.056062 0.245861 13 0.0
0.185635 0.082145 0.243441 13 0.0
0.692415 0.46603 0.30682 7 0.0
0.693978 0.465642 0.285694 7 0.0
0.707663 0.498475 0.307351 7 0.0
0.690853 0.466419 0.327947 7 0.0
0.677168 0.433586 0.306289 7 0.0
0.480201 0.350426 0.683455 7 0.0
0.478374 0.348782 0.698204 7 0.0
0.430898 0.354634 0.677818 7 0.0
0.482027 0.35207 0.668705 7 0.0
0.529504 0.346218 0.689091 7 0.0
0.367697 0.759754 0.754493 7 0.0
0.584839 0.365658 0.284177 7 0.0
0.623714 0.377791 0.282154 7 0.0
0.585352 0.366323 0.298023 7 0.0
0.545963 0.353526 0.286201 7 0.0
0.584326 0.364994 0.270331 7 0.0
0.774397 0.352671 0.247874 13 0.0
0.498617 0.148193 0.752363 3 0.0
0.610817 0.147818 0.752409 3 0.0
0.498466 0.102919 0.751313 3 0.0
0.386417 0.148568 0.752317 3 0.0
0.498768 0.193468 0.753413 3 0.0
0.604473 0.75881 0.750984 3 0.0
0.292169 0.586801 0.267017 7 0.0
0.667597 0.434063 0.703348 7 0.0
0.688136 0.465983 0.698245 7 0.0
0.669217 0.435698 0.720097 7 0.0
0.647057 0.402143 0.70845 7 0.0
0.665977 0.432428 0.686598 7 0.0
0.387662 0.768486 0.752904 11 0.0
0.475104 0.784167 0.248146 13 0.0
0.638392 0.395274 0.308073 7 0.0
0.668149 0.419874 0.308034 7 0.0
0.638536 0.395132 0.329104 7 0.0
0.608634 0.370673 0.308112 7 0.0
0.638247 0.395415 0.287042 7 0.0
0.577543 0.799678 0.248114 13 0.0
0.676857 0.669063 0.546711 7 0.0
0.653468 0.70716 0.550192 7 0.0
0.679245 0.665516 0.601574 7 0.0
0.700246 0.630967 0.54323 7 0.0
0.674469 0.67261 0.491847 7 0.0
0.865317 0.392603 0.515085 12 0.0
0.862781 0.46502 0.521174 12 0.0
0.864632 0.38711 0.580133 12 0.0
0.867853 0.320186 0.508996 12 0.0
0.866002 0.398096 0.450037 12 0.0
0.716464 0.59295 0.245348 7 0.99999
0.867737 0.288626 0.510857 12 0.0
0.867808 0.375968 0.526079 12 0.0
0.868399 0.276243 0.581906 12 0.0
0.867667 0.201284 0.495635 12 0.0
0.867076 0.301009 0.439808 12 0.0
0.24386 0.023323 0.574809 1 0.0
0.210254 0.02304 0.567659 1 0.0
0.233491 0.013945 0.623914 1 0.0
0.277466 0.023606 0.581959 1 0.0
0.254228 0.0327 0.525705 1 0.0
0.217453 0.802342 0.437416 12 1e-06
0.23154 0.826012 0.42991 12 1e-06
0.221534 0.813208 0.479338 12 1e-06
0.203366 0.778673 0.444922 12 1e-06
0.213372 0.791477 0.395493 12 1e-06
0.688767 0.928133 0.662642 12 0.0
0.67443 0.938853 0.668122 12 0.0
0.698476 0.92699 0.690278 12 0.0
0.703105 0.917414 0.657162 12 0.0
0.679059 0.929276 0.635006 12 0.0
0.85785 0.699569 0.493336 12 0.0
0.855917 0.707509 0.47519 12 0.0
0.853931 0.720179 0.502772 12 0.0
0.859782 0.691629 0.511482 12 0.0
0.861769 0.678959 0.4839 12 0.0
0.593276 0.756443 0.347609 8 0.0
0.589748 0.760805 0.313323 8 0.0
0.568535 0.767794 0.351598 8 0.0
0.596804 0.752081 0.381894 8 0.0
0.618017 0.745092 0.343619 8 0.0
0.130789 0.385782 0.332714 12 0.0
0.223087 0.793762 0.650704 10 1.8e-05
0.212531 0.791353 0.653452 10 1.8e-05
0.228673 0.801554 0.678999 10 1.8e-05
0.233643 0.796171 0.647957 10 1.8e-05
0.217501 0.78597 0.62241 10 1.8e-05
0.296433 0.512066 0.26431 7 0.0
0.136818 0.383986 0.699675 10 0.0
0.234009 0.859188 0.570956 6 0.0
0.724917 0.368295 0.752233 3 0.0
0.266475 0.283027 0.753716 3 0.0
0.242534 0.365178 0.751272 3 0.0
0.231968 0.272969 0.753679 3 0.0
0.290417 0.200875 0.756159 3 0.0
0.300983 0.293084 0.753752 3 0.0
0.331681 -0.001294 0.727749 1 0.0
0.610395 -0.000293 0.308951 1 2.7e-05
0.394682 0.748761 0.692541 7 0.0
0.420057 0.764383 0.688164 7 0.0
0.396892 0.751095 0.713682 7 0.0
0.369307 0.733139 0.696918 7 0.0
0.392473 0.746426 0.6714 7 0.0
0.506006 0.194339 0.244977 13 0.0
0.616291 0.210371 0.245638 13 0.0
0.512893 0.146993 0.244301 13 0.0
0.395721 0.178307 0.244316 13 0.0
0.499119 0.241686 0.245654 13 0.0
0.313801 0.469328 0.272342 7 1e-06
0.694962 0.487309 0.733519 7 0.0
0.23524 0.729312 0.753241 3 0.0
0.259314 0.720229 0.753862 3 0.0
0.256212 0.784903 0.753367 3 0.0
0.211166 0.738396 0.752621 3 0.0
0.214269 0.673721 0.753115 3 0.0
0.663563 0.423948 0.255706 7 0.761357
0.664383 0.424108 0.250871 7 0.761357
0.672434 0.437519 0.257658 7 0.761357
0.662744 0.423788 0.260542 7 0.761357
0.654693 0.410378 0.253755 7 0.761357
0.562805 0.768967 0.242319 8 0.999954
0.618068 0.171299 0.734275 3 0.0
0.69724 0.186663 0.735772 3 0.0
0.628392 0.118269 0.732523 3 0.0
0.538895 0.155935 0.732777 3 0.0
0.607743 0.22433 0.736026 3 0.0
0.322022 0.66254 0.323047 7 0.0
0.338245 0.693679 0.320778 7 0.0
0.325152 0.662721 0.347907 7 0.0
0.3058 0.631402 0.325316 7 0.0
0.318893 0.662359 0.298188 7 0.0
0.72053 0.630104 0.24091 13 0.983002
0.577367 0.870925 0.249502 13 0.0
0.58749 0.902311 0.25084 13 0.0
0.511191 0.892322 0.248222 13 0.0
0.567244 0.839538 0.248164 13 0.0
0.643542 0.849527 0.250782 13 0.0
0.69652 0.630974 0.528113 7 0.0
0.680861 0.671926 0.531282 7 0.0
0.697257 0.626727 0.586653 7 0.0
0.712179 0.590022 0.524945 7 0.0
0.695782 0.635221 0.469573 7 0.0
0.864738 0.379601 0.555615 12 0.0
0.863063 0.482861 0.555286 12 0.0
0.864054 0.379786 0.617114 12 0.0
0.866412 0.27634 0.555945 12 0.0
0.865421 0.379416 0.494116 12 0.0
0.787559 0.414924 0.248604 13 0.0
0.866993 0.314253 0.466735 12 0.0
0.866306 0.410184 0.476844 12 0.0
0.867315 0.307283 0.532904 12 0.0
0.86768 0.218321 0.456627 12 0.0
0.866671 0.321223 0.400567 12 0.0
0.341169 0.956102 0.379617 12 0.0
0.355183 0.963389 0.348355 12 0.0
0.356716 0.964471 0.388537 12 0.0
0.327156 0.948815 0.410879 12 0.0
0.325623 0.947733 0.370697 12 0.0
0.367679 0.006883 0.747762 3 0.999946
0.288772 0.915564 0.672884 6 0.0
0.304028 0.925507 0.661398 6 0.0
0.296815 0.924449 0.691258 6 0.0
0.273517 0.905621 0.684369 6 0.0
0.28073 0.906679 0.654509 6 0.0
0.867156 0.548585 0.708931 12 0.0
0.317178 0.901317 0.738024 4 1.2e-05
0.337573 0.91878 0.74142 4 1.2e-05
0.308605 0.910743 0.741038 4 1.2e-05
0.296782 0.883855 0.734627 4 1.2e-05
0.32575 0.891892 0.735009 4 1.2e-05
0.171023 0.78055 0.458268 12 0.0
0.179534 0.798691 0.455124 12 0.0
0.174468 0.788479 0.513348 12 0.0
0.162513 0.762408 0.461412 12 0.0
0.167579 0.77262 0.403189 12 0.0
0.818243 -0.002826 0.752177 1 1.0
0.171002 0.786375 0.748155 3 0.998262
0.157582 0.718231 0.321821 12 0.999424
0.163133 0.732472 0.325104 12 0.999424
0.160884 0.7114 0.345876 12 0.999424
0.152032 0.703989 0.318539 12 0.999424
0.15428 0.725062 0.297766 12 0.999424
0.456503 0.954838 0.449572 12 0.0
0.427129 0.949813 0.445386 12 0.0
0.450086 0.955841 0.493392 12 0.0
0.485877 0.959863 0.453759 12 0.0
0.462919 0.953835 0.405753 12 0.0
0.601015 0.937165 0.484224 12 4e-06
0.571869 0.946137 0.483871 12 4e-06
0.60049 0.937446 0.534873 12 4e-06
0.630161 0.928193 0.484576 12 4e-06
0.60154 0.936884 0.433574 12 4e-06
0.692479 0.918348 0.452827 12 0.0
0.676279 0.926479 0.450483 12 0.0
0.687013 0.918575 0.491374 12 0.0
0.708678 0.910218 0.455172 12 0.0
0.697944 0.918122 0.414281 12 0.0
0.158556 0.746693 0.744688 3 0.007474
0.815913 0.424672 0.749141 3 0.0
0.347574 0.711265 0.748568 11 0.999464
0.519231 0.245253 0.243771 13 0.0
0.518392 0.279013 0.245477 13 0.0
0.411653 0.242667 0.242045 13 0.0
0.52007 0.211493 0.242064 13 0.0
0.626808 0.247839 0.245497 13 0.0
0.440207 0.860547 0.749771 3 0.0
0.432965 0.888167 0.748773 3 0.0
0.518196 0.880984 0.749482 3 0.0
0.447449 0.832927 0.750768 3 0.0
0.362218 0.840109 0.750059 3 0.0
0.76227 0.702881 0.387753 5 0.0
0.739896 0.740751 0.354192 5 0.0
0.74222 0.715242 0.415068 5 0.0
0.784644 0.665012 0.421315 5 0.0
0.78232 0.690521 0.360439 5 0.0
0.711581 0.601739 0.289367 7 0.0
0.705373 0.629489 0.286655 7 0.0
0.710921 0.603095 0.304752 7 0.0
0.71779 0.573989 0.292079 7 0.0
0.712242 0.600383 0.273983 7 0.0
0.520806 0.966363 0.74702 3 0.0
0.455667 0.940163 0.74605 3 0.0
0.45299 0.956981 0.746035 3 0.0
0.405966 0.932253 0.746021 3 0.0
0.458344 0.923345 0.746065 3 0.0
0.505367 0.948073 0.746079 3 0.0
0.852702 0.001018 0.464204 1 0.032308
0.660702 -0.000104 0.338889 1 0.000197
0.667523 0.000157 0.318518 1 0.000197
0.725515 -0.000197 0.360589 1 0.000197
0.653881 -0.000364 0.35926 1 0.000197
0.59589 -1.1e-05 0.317189 1 0.000197
0.253124 0.886057 0.414937 12 0.0
0.265636 0.896216 0.40656 12 0.0
0.272192 0.906055 0.467672 12 0.0
0.240612 0.875898 0.423313 12 0.0
0.234056 0.866059 0.362201 12 0.0
0.783028 0.00273 0.749595 1 0.999992
0.385809 0.067003 0.244098 13 0.0
0.159724 0.004607 0.745358 1 0.605533
0.135584 0.364133 0.696061 12 0.0
0.866307 0.069216 0.560555 12 0.0
0.866396 0.092468 0.56105 12 0.0
0.866301 0.067962 0.619436 12 0.0
0.866217 0.045963 0.56006 12 0.0
0.866313 0.07047 0.501675 12 0.0
0.175939 0.683803 0.245177 13 0.0
0.867085 0.33496 0.394308 12 0.0
0.866381 0.432015 0.393063 12 0.0
0.868022 0.335556 0.440243 12 0.0
0.867788 0.237905 0.395553 12 0.0
0.866147 0.334364 0.348373 12 0.0
0.682631 0.852844 0.334299 9 1e-06
0.773452 0.767279 0.746539 3 0.0
0.830168 0.728016 0.566885 12 0.0
0.825988 0.73598 0.549113 12 0.0
0.820889 0.751925 0.579782 12 0.0
0.834348 0.720051 0.584657 12 0.0
0.839446 0.704107 0.553987 12 0.0
0.717894 0.834395 0.748 3 0.0
0.733839 0.849018 0.749548 3 0.0
0.681754 0.873789 0.748108 3 0.0
0.701949 0.819771 0.746452 3 0.0
0.754034 0.795001 0.747892 3 0.0
0.302728 0.934879 0.490344 10 0.0
0.865592 0.062027 0.355222 12 0.0
0.866291 0.082472 0.351202 12 0.0
0.864957 0.068786 0.389485 12 0.0
0.864892 0.041583 0.359242 12 0.0
0.866226 0.055269 0.320959 12 0.0
0.867683 0.49325 0.656353 12 0.0
0.865158 0.565151 0.662887 12 0.0
0.867706 0.490566 0.685893 12 0.0
0.870208 0.421348 0.649818 12 0.0
0.86766 0.495934 0.626813 12 0.0
0.661825 0.957494 0.614998 12 0.0
0.650848 0.963815 0.609283 12 0.0
0.65347 0.961441 0.63541 12 0.0
0.672801 0.951174 0.620713 12 0.0
0.67018 0.953547 0.594586 12 0.0
0.343995 0.833323 0.750642 3 0.0
0.401868 0.878477 0.749491 3 0.0
0.325009 0.857631 0.74965 3 0.0
0.286123 0.788168 0.751793 3 0.0
0.362981 0.809015 0.751634 3 0.0
0.135665 0.504965 0.545699 12 0.0
0.137666 0.525775 0.601766 12 0.0
0.134873 0.43917 0.570148 12 0.0
0.133663 0.484156 0.489633 12 0.0
0.136456 0.570761 0.52125 12 0.0
0.181186 0.800568 0.514859 12 0.0
0.190301 0.817889 0.512682 12 0.0
0.183679 0.80623 0.570359 12 0.0
0.17207 0.783247 0.517035 12 0.0
0.178692 0.794906 0.459358 12 0.0
0.164097 0.763386 0.723094 12 0.0
0.174197 0.789932 0.723965 12 0.0
0.16333 0.763345 0.733265 12 0.0
0.153997 0.73684 0.722223 12 0.0
0.164864 0.763428 0.712924 12 0.0
0.734859 0.663416 0.567479 5 0.0
0.728861 0.726223 0.530823 5 0.0
0.723877 0.68681 0.60936 5 0.0
0.740857 0.600609 0.604134 5 0.0
0.74584 0.640022 0.525598 5 0.0
0.131838 0.325925 0.615842 12 0.0
0.131561 0.423106 0.623598 12 0.0
0.132127 0.322578 0.657792 12 0.0
0.132115 0.228744 0.608086 12 0.0
0.131549 0.329272 0.573892 12 0.0
0.295999 0.916085 0.310309 12 0.000112
0.307325 0.921578 0.3202 12 0.000112
0.286168 0.913733 0.322872 12 0.000112
0.284673 0.910592 0.300417 12 0.000112
0.30583 0.918437 0.297746 12 0.000112
0.864071 0.062715 0.725941 12 0.0
0.864676 0.084982 0.727276 12 0.0
0.864104 0.062176 0.734916 12 0.0
0.863466 0.040449 0.724605 12 0.0
0.864039 0.063254 0.716966 12 0.0
0.280233 0.872557 0.581424 6 0.0
0.304445 0.894566 0.58357 6 0.0
0.275871 0.872802 0.628124 6 0.0
0.256022 0.850547 0.579278 6 0.0
0.284595 0.872312 0.534724 6 0.0
0.618678 0.806902 0.748106 3 0.0
0.417513 0.138153 0.752563 3 0.0
0.505833 0.132665 0.753983 3 0.0
0.42018 0.181438 0.753991 3 0.0
0.329194 0.14364 0.751143 3 0.0
0.414847 0.094867 0.751134 3 0.0
0.493138 0.968749 0.746902 3 0.0
0.739767 0.659797 0.617945 5 0.0
0.724419 0.733048 0.621524 5 0.0
0.7283 0.655412 0.658516 5 0.0
0.755115 0.586546 0.614367 5 0.0
0.751235 0.664182 0.577375 5 0.0
0.554495 0.94167 0.717028 3 1.8e-05
0.865707 0.077519 0.412485 12 0.0
0.866008 0.102032 0.409415 12 0.0
0.865394 0.084003 0.464224 12 0.0
0.865406 0.053006 0.415555 12 0.0
0.866021 0.071035 0.360747 12 0.0
0.17357 0.668683 0.706164 10 0.000206
0.859205 0.588376 0.536945 12 0.0
0.857441 0.60688 0.474412 12 0.0
0.855117 0.639874 0.552298 12 0.0
0.86097 0.569873 0.599478 12 0.0
0.863294 0.536879 0.521591 12 0.0
0.630634 0.935029 0.251582 13 0.0
0.69612 0.716341 0.749785 3 0.0
0.600021 0.96032 0.379163 12 0.0
0.588671 0.963761 0.377397 12 0.0
0.59507 0.961601 0.413483 12 0.0
0.611371 0.956879 0.380929 12 0.0
0.604972 0.959039 0.344843 12 0.0
0.793505 0.301557 0.749384 3 0.0
0.293087 0.521379 0.667497 7 0.0
0.287437 0.553593 0.665315 7 0.0
0.290101 0.522875 0.697316 7 0.0
0.298737 0.489166 0.669679 7 0.0
0.296073 0.519883 0.637678 7 0.0
0.83873 0.760336 0.458609 12 0.0
0.831209 0.780894 0.456593 12 0.0
0.836369 0.764977 0.514734 12 0.0
0.84625 0.739778 0.460625 12 0.0
0.841091 0.755695 0.402484 12 0.0
0.29592 0.931168 0.657086 6 0.0
0.308262 0.939103 0.649791 6 0.0
0.301822 0.93769 0.674166 6 0.0
0.283578 0.923233 0.66438 6 0.0
0.290017 0.924647 0.640005 6 0.0
0.674665 0.950719 0.649521 12 0.0
0.658628 0.959233 0.644803 12 0.0
0.667637 0.954837 0.680839 12 0.0
0.690703 0.942205 0.65424 12 0.0
0.681694 0.946601 0.618204 12 0.0
0.184837 0.805106 0.488069 12 0.0
0.193527 0.820421 0.486922 12 0.0
0.185634 0.807767 0.52965 12 0.0
0.176147 0.789792 0.489215 12 0.0
0.184041 0.802446 0.446487 12 0.0
0.565292 0.928794 0.25091 13 0.0
0.569155 0.947696 0.250245 13 0.0
0.513557 0.939376 0.251144 13 0.0
0.561428 0.909891 0.251575 13 0.0
0.617026 0.918212 0.250676 13 0.0
0.634722 0.962808 0.561771 12 0.0
0.6146 0.970954 0.565122 12 0.0
0.639269 0.960192 0.595428 12 0.0
0.654845 0.954661 0.55842 12 0.0
0.630176 0.965423 0.528115 12 0.0
0.654785 0.964812 0.383617 12 0.0
0.63789 0.972672 0.383979 12 0.0
0.655247 0.9642 0.418541 12 0.0
0.671679 0.956953 0.383256 12 0.0
0.654322 0.965425 0.348694 12 0.0
0.373519 0.018017 0.444929 5 4e-06
0.536052 0.011252 0.75069 3 0.0
0.867059 0.368011 0.322665 12 0.0
0.375653 0.973096 0.580091 15 0.0
0.395327 0.980022 0.579823 15 0.0
0.375891 0.97442 0.631811 15 0.0
0.355979 0.966169 0.580359 15 0.0
0.375416 0.971771 0.528371 15 0.0
0.728206 0.89842 0.474605 12 0.0
0.712055 0.911751 0.472529 12 0.0
0.725227 0.901076 0.514843 12 0.0
0.744357 0.885089 0.476681 12 0.0
0.731185 0.895764 0.434367 12 0.0
0.171996 0.783708 0.565679 12 0.0
0.17684 0.796717 0.591823 12 0.0
0.165533 0.769273 0.57406 12 0.0
0.167152 0.770699 0.539536 12 0.0
0.178459 0.798143 0.557299 12 0.0
0.755817 0.843731 0.74992 3 4e-06
0.783902 0.606205 0.24761 14 0.0
0.655958 0.963186 0.687143 12 0.0
0.639817 0.971005 0.680795 12 0.0
0.649157 0.965319 0.707063 12 0.0
0.672099 0.955366 0.693491 12 0.0
0.662759 0.961053 0.667223 12 0.0
0.235148 0.875947 0.6061 6 0.0
0.251465 0.894418 0.607975 6 0.0
0.231773 0.874289 0.651794 6 0.0
0.218831 0.857475 0.604225 6 0.0
0.238522 0.877604 0.560406 6 0.0
0.501454 0.015817 0.746323 1 0.0
0.866153 0.053043 0.579373 12 0.0
0.86632 0.070671 0.580399 12 0.0
0.864965 0.049958 0.632562 12 0.0
0.865987 0.035415 0.578346 12 0.0
0.867342 0.056128 0.526183 12 0.0
0.730962 0.738772 0.747721 3 0.0
0.145078 0.675894 0.523902 12 0.0
0.14919 0.702372 0.530179 12 0.0
0.142571 0.663251 0.578876 12 0.0
0.140965 0.649416 0.517625 12 0.0
0.147584 0.688537 0.468929 12 0.0
0.709768 0.887732 0.251302 13 0.003231
0.137565 0.002239 0.545709 1 0.994003
0.471574 0.064338 0.244886 13 0.0
0.133472 0.337496 0.296483 12 0.0
0.629588 0.000352 0.289053 1 0.0
0.769587 0.63262 0.74912 3 0.0
0.230252 0.021946 0.24727 13 1e-06
0.549148 0.353936 0.271058 7 0.016451
0.82957 0.001842 0.483167 1 0.0
0.459085 0.054834 0.258653 13 0.0
0.625476 -0.000631 0.689111 1 0.0
0.141435 0.000239 0.393328 1 0.001035
0.131993 0.290348 0.585722 12 0.0
0.128918 0.37228 0.590247 12 0.0
0.132345 0.287489 0.63772 12 0.0
0.135067 0.208416 0.581197 12 0.0
0.131641 0.293206 0.533724 12 0.0
0.386286 0.976608 0.469739 12 0.0
0.637715 0.002601 0.477278 5 0.728423
0.280743 0.031146 0.750507 3 0.0
0.410453 0.985755 0.706213 12 0.0
0.428807 0.990314 0.708243 12 0.0
0.408846 0.985445 0.721437 12 0.0
0.392099 0.981197 0.704183 12 0.0
0.41206 0.986065 0.69099 12 0.0
0.610559 0.975807 0.434997 12 0.0
0.590946 0.982096 0.434667 12 0.0
0.609685 0.976181 0.494104 12 0.0
0.630171 0.969518 0.435327 12 0.0
0.611432 0.975432 0.375889 12 0.0
0.673451 0.917918 0.251863 13 0.0
0.134421 0.013938 0.497883 12 0.094962
0.511862 0.871014 0.735354 3 0.0
0.509528 0.899359 0.733888 3 0.0
0.444449 0.865483 0.735704 3 0.0
0.514195 0.84267 0.73682 3 0.0
0.579274 0.876546 0.735004 3 0.0
0.539969 0.971465 0.468379 12 0.0
0.524312 0.972815 0.464875 12 0.0
0.52994 0.971309 0.513122 12 0.0
0.555625 0.970114 0.471884 12 0.0
0.549997 0.97162 0.423637 12 0.0
0.481254 0.028292 0.24806 13 0.0
0.214997 0.0434 0.700973 1 0.0
0.206314 0.052127 0.689732 1 0.0
0.239116 0.053065 0.689844 1 0.0
0.22368 0.034673 0.712213 1 0.0
0.190877 0.033735 0.712102 1 0.0
0.134586 0.489823 0.313258 12 1e-06
0.610989 0.966832 0.517083 12 0.0
0.244959 0.000154 0.297294 1 0.0
0.282069 -0.001208 0.299283 1 0.0
0.244032 -1e-05 0.314474 1 0.0
0.207848 0.001515 0.295305 1 0.0
0.245886 0.000318 0.280114 1 0.0
0.132519 0.344207 0.704018 12 0.0
0.480691 0.358374 0.289352 7 0.0
0.481985 0.360574 0.304174 7 0.0
0.43432 0.364773 0.292451 7 0.0
0.479397 0.356174 0.27453 7 0.0
0.527063 0.351975 0.286253 7 0.0
0.606245 0.023981 0.245591 13 0.0
0.385068 0.115003 0.24169 13 0.0
0.382786 0.149244 0.240004 13 0.0
0.3088 0.109951 0.242327 13 0.0
0.38735 0.080762 0.243376 13 0.0
0.461336 0.120055 0.241053 13 0.0
0.866146 0.476446 0.496569 12 0.0
0.864325 0.551323 0.50678 12 0.0
0.867153 0.466041 0.573044 12 0.0
0.867967 0.401569 0.486357 12 0.0
0.865139 0.486851 0.420093 12 0.0
0.834393 0.004376 0.497978 1 0.0
0.547484 0.006537 0.679433 1 0.0
0.496886 -0.002962 0.718243 1 0.0
0.357195 0.000626 0.740266 1 0.0
0.859443 0.664547 0.531094 12 0.0
0.85657 0.689652 0.5322 12 0.0
0.860899 0.661768 0.598018 12 0.0
0.862315 0.639442 0.529989 12 0.0
0.857986 0.667326 0.464171 12 0.0
0.280858 0.008555 0.747245 3 0.006975
0.152121 -0.000494 0.496893 1 0.0
0.499526 -0.002445 0.697441 1 0.0
0.661258 7.7e-05 0.494096 1 0.0
0.164387 0.762669 0.276891 12 0.009385
0.540326 0.029585 0.749999 3 0.0
0.260039 0.820989 0.748106 3 0.0
0.828404 0.359572 0.74736 4 0.0
0.841047 0.666772 0.747646 4 0.0
0.339984 0.958902 0.256768 13 0.999975
0.867128 0.361743 0.393366 12 0.0
0.865618 0.470814 0.395368 12 0.0
0.867342 0.360915 0.438606 12 0.0
0.868637 0.252672 0.391363 12 0.0
0.866913 0.362571 0.348126 12 0.0
0.864666 0.014173 0.491472 12 0.0
0.747228 0.853471 0.250558 13 0.0
0.144125 0.000152 0.264371 1 1.0
0.138648 0.001792 0.262185 1 1.0
0.141314 0.00049 0.271666 1 1.0
0.149601 -0.001488 0.266556 1 1.0
0.146935 -0.000187 0.257075 1 1.0
0.565672 0.061976 0.752268 3 0.0
0.536051 0.777098 0.685902 7 0.0
0.518004 0.78085 0.684016 7 0.0
0.533827 0.777952 0.708874 7 0.0
0.554097 0.773345 0.687788 7 0.0
0.538274 0.776243 0.662931 7 0.0
0.480335 0.001951 0.74986 1 0.999938
0.333121 0.03611 0.74999 3 0.0
0.219015 0.707218 0.752779 3 0.0
0.234334 0.762286 0.752831 3 0.0
0.196539 0.713471 0.752505 3 0.0
0.203697 0.652149 0.752727 3 0.0
0.241492 0.700965 0.753054 3 0.0
0.662591 0.243927 0.75277 4 0.0
0.719421 0.313851 0.752539 4 0.0
0.631841 0.26892 0.753291 4 0.0
0.605761 0.174002 0.753002 4 0.0
0.693341 0.218933 0.75225 4 0.0
0.518725 0.010427 0.723793 1 5.8e-05
0.132879 0.307868 0.686006 12 0.0
0.860868 0.013064 0.488453 12 0.0
0.135323 0.287699 0.68607 12 0.0
0.829283 0.635952 0.25384 13 0.0
0.154812 0.575247 0.740577 3 0.0
0.14876 0.000497 0.518025 1 4e-06
0.761895 0.530426 0.675653 7 0.0
0.758629 0.532401 0.650654 7 0.0
0.784389 0.587197 0.6772 7 0.0
0.765162 0.52845 0.700652 7 0.0
0.739402 0.473654 0.674106 7 0.0
0.459293 0.993042 0.359314 12 0.0
0.439733 0.991085 0.357292 12 0.0
0.455499 0.99492 0.394202 12 0.0
0.478853 0.994998 0.361336 12 0.0
0.463088 0.991163 0.324427 12 0.0
0.794078 0.185709 0.746728 3 0.0
0.783166 0.241359 0.74854 3 0.0
0.773671 0.181696 0.74708 3 0.0
0.804991 0.130058 0.744916 3 0.0
0.814486 0.189722 0.746376 3 0.0
0.458115 0.912514 0.250707 13 0.0
0.454354 0.93715 0.251869 13 0.0
0.396493 0.90306 0.251707 13 0.0
0.461876 0.887878 0.249545 13 0.0
0.519737 0.921968 0.249706 13 0.0
0.355777 0.928656 0.487607 12 0.0
0.384387 0.942621 0.468477 12 0.0
0.374504 0.932626 0.518513 12 0.0
0.327168 0.91469 0.506737 12 0.0
0.33705 0.924685 0.456702 12 0.0
0.868119 0.142232 0.518376 12 0.0
0.868441 0.18586 0.520986 12 0.0
0.867105 0.138071 0.588024 12 0.0
0.867797 0.098604 0.515765 12 0.0
0.869133 0.146393 0.448727 12 0.0
0.276399 0.873781 0.568379 6 0.0
0.298432 0.893884 0.574552 6 0.0
0.272219 0.86555 0.610101 6 0.0
0.254366 0.853678 0.562206 6 0.0
0.280578 0.882012 0.526657 6 0.0
0.55804 0.973711 0.746503 3 0.008329
0.15445 0.607275 0.243912 13 1.0
0.773792 0.838855 0.737739 3 0.99707
0.676824 0.218315 0.41156 5 0.0
0.679318 0.285389 0.402833 5 0.0
0.702118 0.223621 0.459574 5 0.0
0.674331 0.15124 0.420287 5 0.0
0.651531 0.213008 0.363545 5 0.0
0.76285 0.880651 0.372128 12 0.0
0.748766 0.895427 0.373174 12 0.0
0.763569 0.878477 0.412495 12 0.0
0.776934 0.865874 0.371081 12 0.0
0.762131 0.882825 0.33176 12 0.0
0.248188 0.043943 0.750752 3 0.0
0.285982 0.04461 0.751944 3 0.0
0.247931 0.058573 0.750697 3 0.0
0.210393 0.043276 0.749561 3 0.0
0.248444 0.029313 0.750807 3 0.0
0.356136 0.030451 0.515098 5 0.0
0.157654 0.756082 0.249955 13 1.0
0.1346 0.618838 0.564317 12 0.0
0.134702 0.623188 0.622369 12 0.0
0.13184 0.582069 0.567077 12 0.0
0.134498 0.614488 0.506265 12 0.0
0.13736 0.655607 0.561557 12 0.0
0.844963 0.620581 0.630753 12 0.0
0.837118 0.669562 0.624547 12 0.0
0.84669 0.625796 0.669727 12 0.0
0.852808 0.571601 0.636959 12 0.0
0.843236 0.615366 0.591778 12 0.0
0.58431 0.000732 0.621342 5 0.999967
0.175124 0.000237 0.256646 1 0.999997
0.65237 0.965781 0.450418 12 0.0
0.636988 0.972736 0.452729 12 0.0
0.655505 0.963735 0.477438 12 0.0
0.667752 0.958825 0.448107 12 0.0
0.649236 0.967826 0.423398 12 0.0
0.568161 0.069635 0.244809 13 0.0
0.129988 0.487476 0.371286 12 0.0
0.133693 0.561871 0.346698 12 0.0
0.131064 0.497347 0.401312 12 0.0
0.126282 0.413082 0.395874 12 0.0
0.128912 0.477606 0.341259 12 0.0
0.403631 0.967626 0.540211 12 0.0
0.209832 0.365228 0.756848 3 0.0
0.476703 0.209322 0.385199 5 0.0
0.423626 0.238279 0.387651 5 0.0
0.488223 0.230539 0.383992 5 0.0
0.529781 0.180366 0.382746 5 0.0
0.465184 0.188105 0.386405 5 0.0
0.184952 0.300977 0.269307 13 0.0
0.714049 0.542911 0.266272 7 0.047
0.71486 0.543208 0.257911 7 0.047
0.715684 0.568343 0.267334 7 0.047
0.713237 0.542614 0.274632 7 0.047
0.712413 0.517479 0.265209 7 0.047
0.422541 0.761188 0.738418 7 0.0
0.479797 0.776849 0.745849 11 0.000284
0.411953 0.193139 0.753717 3 0.0
0.428391 0.24132 0.753879 3 0.0
0.496018 0.164457 0.754303 3 0.0
0.395515 0.144957 0.753555 3 0.0
0.327888 0.22182 0.753131 3 0.0
0.280723 2.1e-05 0.718015 1 0.0
0.226804 0.481357 0.243533 13 0.0
0.133838 0.342549 0.722801 12 0.0
0.525208 0.017662 0.751059 3 1e-06
0.15972 0.40594 0.30553 5 0.000317
0.288984 0.344203 0.54095 7 0.0
0.255067 0.396875 0.551888 7 0.0
0.27978 0.328812 0.586523 7 0.0
0.322901 0.29153 0.530012 7 0.0
0.298188 0.359593 0.495376 7 0.0
0.863682 0.364859 0.720175 12 0.0
0.139299 0.424762 0.706083 10 0.0
0.341923 0.00195 0.476563 1 1e-06
0.503856 0.991344 0.49297 12 0.0
0.798182 0.030011 0.484818 1 0.99999
0.214652 0.535678 0.25222 13 0.0
0.724368 0.618815 0.261555 8 0.999196
0.491533 0.257957 0.245635 13 0.0
0.570455 0.761982 0.310595 8 0.0
0.567933 0.763297 0.288838 8 0.0
0.537883 0.772384 0.315 8 0.0
0.572978 0.760667 0.332352 8 0.0
0.603028 0.75158 0.306191 8 0.0
0.322634 0.462883 0.288434 7 0.0
0.303711 0.498927 0.29055 7 0.0
0.325272 0.463375 0.303646 7 0.0
0.341557 0.426839 0.286318 7 0.0
0.319996 0.462391 0.273221 7 0.0
0.586706 0.758153 0.687503 7 0.0
0.563442 0.7717 0.679969 7 0.0
0.581665 0.761253 0.708644 7 0.0
0.60997 0.744606 0.695037 7 0.0
0.591747 0.755053 0.666362 7 0.0
0.223808 0.86106 0.564339 6 0.0
0.22962 0.867204 0.545796 6 0.0
0.235963 0.875965 0.573087 6 0.0
0.217997 0.854916 0.582883 6 0.0
0.211654 0.846156 0.555591 6 0.0
0.137377 0.445161 0.275378 12 1.3e-05
0.867595 0.354889 0.69486 12 0.0
0.281772 -0.00222 0.68647 1 0.0
0.235826 -0.002608 0.694664 1 0.0
0.285296 -0.001631 0.706257 1 0.0
0.327718 -0.001833 0.678276 1 0.0
0.278248 -0.002809 0.666682 1 0.0
0.381223 0.741168 0.717129 7 0.0
0.400854 0.756216 0.716416 7 0.0
0.381114 0.741992 0.73152 7 0.0
0.361593 0.72612 0.717842 7 0.0
0.381332 0.740344 0.702738 7 0.0
0.209847 0.345365 0.751297 3 0.0
0.47363 0.793956 0.246821 13 0.0
0.86472 0.10729 0.25181 13 0.999847
0.314806 0.181044 0.243531 13 0.0
0.360059 0.21637 0.242577 13 0.0
0.346862 0.139984 0.243612 13 0.0
0.269554 0.145718 0.244486 13 0.0
0.282751 0.222105 0.243451 13 0.0
0.457983 0.784169 0.68703 11 0.0
0.472376 0.787723 0.685564 11 0.0
0.459738 0.786613 0.710181 11 0.0
0.44359 0.780615 0.688496 11 0.0
0.456228 0.781725 0.663879 11 0.0
0.399328 -0.001539 0.709009 1 0.0
0.537677 0.776987 0.748442 7 0.0
0.333235 0.458156 0.36897 7 0.0
0.312411 0.501082 0.368471 7 0.0
0.336965 0.460424 0.408381 7 0.0
0.35406 0.41523 0.36947 7 0.0
0.329506 0.455888 0.329559 7 0.0
0.496334 0.77538 0.528759 8 0.0
0.467865 0.77503 0.525032 8 0.0
0.487041 0.776132 0.599665 8 0.0
0.524803 0.775729 0.532486 8 0.0
0.505627 0.774627 0.457853 8 0.0
0.664262 0.418113 0.496919 5 0.0
0.690483 0.477306 0.471661 5 0.0
0.669445 0.437212 0.547056 5 0.0
0.638042 0.358921 0.522178 5 0.0
0.65908 0.399015 0.446782 5 0.0
0.80089 0.012266 0.546084 1 0.0
0.778552 0.011575 0.546656 1 0.0
0.802463 0.015885 0.61183 1 0.0
0.823227 0.012958 0.545511 1 0.0
0.799316 0.008648 0.480337 1 0.0
0.67754 -0.000426 0.41688 1 0.0
0.155221 0.363794 0.746914 3 0.0
0.704576 0.509726 0.750871 7 6.7e-05
0.456997 0.353217 0.65739 7 0.0
0.164752 0.578595 0.7561 3 0.0
0.705763 0.582523 0.663552 7 0.0
0.698033 0.613016 0.643829 7 0.0
0.704646 0.596133 0.685033 7 0.0
0.713493 0.55203 0.683274 7 0.0
0.70688 0.568912 0.64207 7 0.0
0.14829 0.474309 0.724932 12 0.0
0.506488 0.073311 0.243425 13 0.0
0.346771 0.710679 0.733506 7 0.0
0.280949 0.401303 0.245533 13 0.0
0.866932 0.371886 0.704461 12 0.0
0.408043 -0.000947 0.660336 1 0.0
0.445295 -8.1e-05 0.657697 1 0.0
0.533881 0.001363 0.327194 1 1e-06
0.862015 0.326533 0.729856 12 0.0
0.369442 0.407475 0.352548 7 0.0
0.345205 0.433641 0.369617 7 0.0
0.377063 0.400501 0.374061 7 0.0
0.39368 0.381309 0.335479 7 0.0
0.361821 0.414449 0.331035 7 0.0
0.542183 0.773339 0.725349 7 0.0
0.518317 0.779671 0.726295 7 0.0
0.542226 0.771914 0.73597 7 0.0
0.56605 0.767008 0.724403 7 0.0
0.54214 0.774764 0.714727 7 0.0
0.587188 0.000216 0.370808 1 0.0
0.561902 -0.000556 0.683767 1 0.050176
0.414914 0.374505 0.279815 7 0.0
0.739877 0.58976 0.248 13 0.0
0.756839 0.612575 0.293177 5 2e-06
0.713876 0.58791 0.244152 8 0.993511
0.715103 0.82391 0.74799 4 0.0
0.733351 0.839881 0.749502 4 0.0
0.677834 0.866483 0.748105 4 0.0
0.696855 0.80794 0.746477 4 0.0
0.752371 0.781338 0.747874 4 0.0
0.298635 0.912088 0.605098 6 0.0
0.324129 0.934234 0.588084 6 0.0
0.320667 0.921756 0.650695 6 0.0
0.273141 0.889943 0.622112 6 0.0
0.276603 0.902421 0.559501 6 0.0
0.858695 0.551175 0.652383 12 0.0
0.853711 0.619366 0.652291 12 0.0
0.858352 0.551193 0.684449 12 0.0
0.863679 0.482985 0.652475 12 0.0
0.859038 0.551157 0.620317 12 0.0
0.617939 0.950671 0.618518 12 0.0
0.59541 0.960239 0.604646 12 0.0
0.605122 0.954527 0.641991 12 0.0
0.640468 0.941103 0.63239 12 0.0
0.630755 0.946815 0.595045 12 0.0
0.307589 0.935183 0.749118 3 0.465712
0.133711 0.042632 0.308161 12 0.0
0.133746 0.043643 0.328937 12 0.0
0.135066 0.027251 0.308907 12 0.0
0.133677 0.04162 0.287384 12 0.0
0.132357 0.058013 0.307414 12 0.0
0.394852 0.976619 0.357461 12 0.0
0.371722 0.969172 0.350829 12 0.0
0.385713 0.97424 0.392005 12 0.0
0.417982 0.984067 0.364094 12 0.0
0.403991 0.978999 0.322918 12 0.0
0.680347 0.935519 0.39844 12 0.0
0.66732 0.943633 0.399681 12 0.0
0.682798 0.935014 0.427476 12 0.0
0.693375 0.927406 0.397199 12 0.0
0.677897 0.936025 0.369404 12 0.0
0.15461 0.739122 0.724046 12 0.0
0.499186 0.91928 0.291095 13 0.993138
0.497768 0.943749 0.27699 13 0.993138
0.445762 0.917974 0.294204 13 0.993138
0.500605 0.89481 0.305201 13 0.993138
0.552611 0.920585 0.287987 13 0.993138
0.838207 0.763939 0.697355 12 0.0
0.831029 0.783381 0.697623 12 0.0
0.836355 0.763002 0.715777 12 0.0
0.845385 0.744497 0.697087 12 0.0
0.840058 0.764876 0.678932 12 0.0
0.370322 0.854617 0.750289 3 0.0
0.353367 0.883207 0.749364 3 0.0
0.427337 0.888408 0.749618 3 0.0
0.387276 0.826028 0.751213 3 0.0
0.313307 0.820827 0.750959 3 0.0
0.379316 0.973005 0.699342 12 0.0
0.40104 0.980901 0.700626 12 0.0
0.378103 0.973506 0.716798 12 0.0
0.357593 0.965109 0.698058 12 0.0
0.38053 0.972504 0.681887 12 0.0
0.613215 0.001645 0.416815 5 0.818541
0.827687 0.605469 0.306258 9 0.000252
0.825271 0.636519 0.304039 9 0.000252
0.828694 0.606457 0.318991 9 0.000252
0.830104 0.574418 0.308477 9 0.000252
0.826681 0.60448 0.293525 9 0.000252
0.558681 0.969292 0.744505 4 0.0
0.66071 0.865422 0.714607 3 4e-06
0.649251 0.870333 0.704681 3 4e-06
0.657393 0.867848 0.719636 3 4e-06
0.67217 0.860512 0.724533 3 4e-06
0.664027 0.862997 0.709577 3 4e-06
0.498874 0.952232 0.250638 13 0.0
0.670087 0.950437 0.399503 12 0.0
0.655913 0.959049 0.397523 12 0.0
0.666935 0.952175 0.429639 12 0.0
0.684261 0.941825 0.401482 12 0.0
0.673239 0.948699 0.369366 12 0.0
0.594358 0.000383 0.315551 1 5e-05
0.842934 0.025912 0.746786 3 1.3e-05
0.850068 0.017263 0.748538 3 1.3e-05
0.837499 0.021318 0.746242 3 1.3e-05
0.835799 0.034561 0.745034 3 1.3e-05
0.848369 0.030506 0.74733 3 1.3e-05
0.296987 0.060218 0.244191 13 0.0
0.296445 0.080416 0.24281 13 0.0
0.349486 0.061552 0.243095 13 0.0
0.297528 0.040021 0.245573 13 0.0
0.244487 0.058885 0.245288 13 0.0
0.189314 0.801547 0.733028 10 1.0
0.848145 0.003203 0.490305 1 0.10071
0.128704 0.334417 0.287569 12 0.0
0.867809 0.313746 0.43262 12 0.0
0.86722 0.410401 0.432473 12 0.0
0.868255 0.313836 0.489797 12 0.0
0.868398 0.217091 0.432766 12 0.0
0.867362 0.313657 0.375442 12 0.0
0.397852 0.980662 0.666042 12 0.0
0.417524 0.986436 0.666825 12 0.0
0.396695 0.980849 0.69373 12 0.0
0.378181 0.974888 0.665258 12 0.0
0.39901 0.980475 0.638353 12 0.0
0.63203 0.791843 0.344439 7 0.0
0.591905 0.82095 0.344015 7 0.0
0.631842 0.792029 0.374908 7 0.0
0.672154 0.762737 0.344863 7 0.0
0.632217 0.791658 0.313971 7 0.0
0.20002 0.742642 0.629292 10 1e-06
0.208953 0.76981 0.660059 10 1e-06
0.189863 0.72203 0.650442 10 1e-06
0.191086 0.715474 0.598526 10 1e-06
0.210177 0.763253 0.608142 10 1e-06
0.834654 0.700423 0.676971 12 0.0
0.831853 0.705358 0.662956 12 0.0
0.823828 0.743919 0.694451 12 0.0
0.837454 0.695488 0.690987 12 0.0
0.84548 0.656927 0.659492 12 0.0
0.348669 0.960803 0.483396 12 0.0
0.365859 0.967655 0.479151 12 0.0
0.355802 0.965939 0.520572 12 0.0
0.33148 0.953951 0.48764 12 0.0
0.341537 0.955667 0.44622 12 0.0
0.131756 0.23786 0.66159 12 0.0
0.131471 0.310829 0.648479 12 0.0
0.132002 0.242517 0.687507 12 0.0
0.132042 0.16489 0.674701 12 0.0
0.131511 0.233202 0.635673 12 0.0
0.329976 0.036676 0.301312 1 5e-06
0.254013 0.895879 0.569456 6 0.0
0.272664 0.913769 0.571005 6 0.0
0.251346 0.893715 0.626577 6 0.0
0.235362 0.877988 0.567907 6 0.0
0.25668 0.898043 0.512335 6 0.0
0.76707 0.824856 0.493099 12 0.0
0.749487 0.847707 0.507559 12 0.0
0.778839 0.809648 0.531441 12 0.0
0.784653 0.802005 0.478638 12 0.0
0.755301 0.840064 0.454756 12 0.0
0.69142 0.023558 0.751649 3 0.0
0.432898 0.923819 0.747631 3 0.0
0.428132 0.943662 0.747655 3 0.0
0.38072 0.911287 0.748111 3 0.0
0.437663 0.903975 0.747607 3 0.0
0.485075 0.93635 0.74715 3 0.0
0.830413 0.774507 0.551043 12 0.0
0.821218 0.795166 0.548733 12 0.0
0.826861 0.779847 0.612952 12 0.0
0.839608 0.753848 0.553352 12 0.0
0.833966 0.769167 0.489133 12 0.0
0.606171 0.959363 0.479532 12 0.0
0.591159 0.964221 0.480166 12 0.0
0.60768 0.958731 0.520089 12 0.0
0.621183 0.954504 0.478898 12 0.0
0.604663 0.959995 0.438975 12 0.0
0.573162 0.934251 0.744548 3 0.0
0.131247 0.09636 0.534628 12 0.0
0.131205 0.126165 0.536275 12 0.0
0.131479 0.092915 0.596981 12 0.0
0.131289 0.066555 0.532981 12 0.0
0.131015 0.099805 0.472275 12 0.0
0.434108 0.907995 0.748201 3 0.0
0.491255 0.922364 0.748278 3 0.0
0.440353 0.883158 0.748112 3 0.0
0.376962 0.893627 0.748125 3 0.0
0.427863 0.932832 0.748291 3 0.0
0.230542 0.85103 0.747178 3 0.000163
0.841838 0.681902 0.526316 12 0.0
0.840197 0.683584 0.469274 12 0.0
0.837953 0.708239 0.527205 12 0.0
0.843479 0.68022 0.583359 12 0.0
0.845724 0.655565 0.525428 12 0.0
0.595872 0.867883 0.249184 13 0.0
0.531748 0.893157 0.24861 13 0.0
0.583575 0.836668 0.248529 13 0.0
0.659996 0.842608 0.249758 13 0.0
0.608169 0.899097 0.249839 13 0.0
0.741553 0.762989 0.748763 3 0.0
0.711639 0.818012 0.748907 3 0.0
0.717207 0.749756 0.74757 3 0.0
0.771467 0.707965 0.748619 3 0.0
0.765898 0.776221 0.749955 3 0.0
0.128978 0.345725 0.309994 12 0.0
0.565095 0.984546 0.461608 12 0.0
0.729521 0.848411 0.250311 13 0.0
0.291641 0.603386 0.698174 7 0.0
0.300449 0.637876 0.69522 7 0.0
0.291238 0.605164 0.717725 7 0.0
0.282833 0.568897 0.701129 7 0.0
0.292044 0.601608 0.678624 7 0.0
0.844583 0.089613 0.251386 13 8e-06
0.793635 0.762444 0.24987 13 0.0
0.866266 0.011879 0.490166 12 0.0
0.831616 0.65565 0.283104 14 1e-06
0.127824 0.229261 0.294006 12 0.0
0.189118 0.813019 0.421652 12 0.0
0.197277 0.827344 0.423077 12 0.0
0.187284 0.808787 0.474696 12 0.0
0.18096 0.798695 0.420227 12 0.0
0.190953 0.817251 0.368607 12 0.0
0.695223 0.934237 0.585227 12 0.0
0.680257 0.944216 0.583004 12 0.0
0.690119 0.93635 0.629058 12 0.0
0.71019 0.924259 0.587451 12 0.0
0.700327 0.932125 0.541397 12 0.0
0.526918 0.919195 0.268701 13 0.999386
0.528137 0.943965 0.260814 13 0.999386
0.479661 0.921707 0.269284 13 0.999386
0.525699 0.894426 0.276587 13 0.999386
0.574175 0.916683 0.268117 13 0.999386
0.85994 0.668893 0.349234 9 0.0
0.856207 0.696147 0.350875 9 0.0
0.859437 0.666896 0.381263 9 0.0
0.863673 0.641639 0.347593 9 0.0
0.860444 0.670891 0.317205 9 0.0
0.183584 0.567339 0.244581 13 0.0
0.76388 0.055021 0.748991 3 0.0
0.797372 0.05303 0.747423 3 0.0
0.76281 0.036925 0.749122 3 0.0
0.730387 0.057012 0.750559 3 0.0
0.764949 0.073117 0.748859 3 0.0
0.866028 0.339139 0.317212 12 0.0
0.753383 0.890912 0.444478 12 0.0
0.739909 0.903356 0.444093 12 0.0
0.752336 0.891215 0.490957 12 0.0
0.766858 0.878468 0.444863 12 0.0
0.754431 0.89061 0.397999 12 0.0
0.856708 0.625997 0.717687 12 0.0
0.699302 0.911689 0.391377 12 0.0
0.682869 0.922648 0.390968 12 0.0
0.698278 0.911509 0.427665 12 0.0
0.715734 0.90073 0.391786 12 0.0
0.700325 0.911868 0.355089 12 0.0
0.378184 0.087529 0.242262 13 0.0
0.306412 0.090911 0.242589 13 0.0
0.37943 0.114154 0.240477 13 0.0
0.449955 0.084148 0.241935 13 0.0
0.376937 0.060905 0.244046 13 0.0
0.70039 0.931493 0.532685 12 0.0
0.686449 0.939474 0.532241 12 0.0
0.700192 0.933945 0.582942 12 0.0
0.714331 0.923512 0.53313 12 0.0
0.700589 0.929041 0.482429 12 0.0
0.239766 0.831515 0.559575 6 0.0
0.256987 0.853379 0.567208 6 0.0
0.234902 0.821815 0.598335 6 0.0
0.222545 0.809651 0.551943 6 0.0
0.24463 0.841214 0.520816 6 0.0
0.614219 0.836715 0.747087 3 0.0
0.623447 0.862129 0.746207 3 0.0
0.546979 0.861115 0.746615 3 0.0
0.604991 0.811302 0.747966 3 0.0
0.681459 0.812315 0.747558 3 0.0
0.865917 0.027833 0.630579 12 0.0
0.745641 -0.000765 0.271549 1 0.04146
0.14752 0.727434 0.613136 12 0.0
0.149758 0.741529 0.620336 12 0.0
0.144196 0.716725 0.635136 12 0.0
0.145282 0.713338 0.605937 12 0.0
0.150845 0.738142 0.591137 12 0.0
0.700666 0.859482 0.251831 13 0.0
0.660022 0.89574 0.253035 13 0.0
0.687833 0.845139 0.250553 13 0.0
0.74131 0.823224 0.250627 13 0.0
0.713499 0.873825 0.25311 13 0.0
0.832533 0.002679 0.433332 1 1e-06
0.376316 0.06663 0.242728 13 0.0
0.637469 0.03872 0.750782 3 0.0
0.15549 0.742481 0.660712 12 0.0
0.156423 0.748374 0.689451 12 0.0
0.148165 0.721201 0.665313 12 0.0
0.154557 0.736588 0.631974 12 0.0
0.162815 0.763761 0.656111 12 0.0
0.763306 0.638265 0.74956 3 0.0
0.542901 0.353479 0.300922 7 0.0
0.585517 0.353855 0.303162 7 0.0
0.541904 0.355014 0.319639 7 0.0
0.500285 0.353102 0.298683 7 0.0
0.543898 0.351943 0.282206 7 0.0
0.680272 0.023474 0.653099 1 0.0
0.619805 0.017409 0.676456 1 0.0
0.689188 0.02164 0.675706 1 0.0
0.740739 0.029539 0.629742 1 0.0
0.671355 0.025307 0.630492 1 0.0
0.130853 0.449161 0.537914 12 0.0
0.13277 0.532335 0.518081 12 0.0
0.132692 0.464311 0.601626 12 0.0
0.128935 0.365986 0.557748 12 0.0
0.129014 0.43401 0.474203 12 0.0
0.413894 0.982129 0.464927 12 0.0
0.395655 0.977296 0.461226 12 0.0
0.405077 0.980136 0.510981 12 0.0
0.432134 0.986963 0.468629 12 0.0
0.422711 0.984123 0.418873 12 0.0
0.323815 0.678364 0.678833 7 0.0
0.341193 0.7076 0.678395 7 0.0
0.32221 0.679707 0.704831 7 0.0
0.306438 0.649128 0.679271 7 0.0
0.325421 0.67702 0.652834 7 0.0
0.346598 0.033673 0.752081 3 0.0
0.323533 0.945354 0.582853 6 0.0
0.599184 0.185687 0.245226 13 0.0
0.586082 0.238571 0.244915 13 0.0
0.682357 0.206298 0.246035 13 0.0
0.612287 0.132802 0.245537 13 0.0
0.516012 0.165075 0.244416 13 0.0
0.611234 0.975695 0.458155 12 0.0
0.591723 0.981869 0.458537 12 0.0
0.612468 0.975561 0.523447 12 0.0
0.630745 0.969521 0.457774 12 0.0
0.609999 0.975828 0.392863 12 0.0
0.192705 0.666021 0.753911 3 0.0
0.175145 0.668535 0.753158 3 0.0
0.200226 0.71844 0.753517 3 0.0
0.210264 0.663507 0.754664 3 0.0
0.185184 0.613602 0.754305 3 0.0
0.669378 0.913797 0.252006 13 0.0
0.791264 0.670015 0.749087 3 0.0
0.56374 0.037277 0.389907 5 0.0
0.539195 0.033192 0.37444 5 0.0
0.561469 0.050027 0.390144 5 0.0
0.588286 0.041362 0.405373 5 0.0
0.566012 0.024527 0.389669 5 0.0
0.561403 0.007693 0.723451 1 0.0
0.4657 0.906471 0.748192 4 0.0
0.46169 0.933639 0.747715 4 0.0
0.407335 0.897852 0.747926 4 0.0
0.469709 0.879302 0.748669 4 0.0
0.524065 0.915089 0.748459 4 0.0
0.190458 0.594536 0.755342 3 0.0
0.321829 0.669622 0.273391 7 6e-06
0.559913 0.974826 0.434772 12 0.0
0.603284 0.97103 0.549373 12 0.0
0.617824 -0.0005 0.727207 1 0.0
0.184282 0.02298 0.353207 1 0.0
0.197797 0.025627 0.348278 1 0.0
0.195221 0.029726 0.386824 1 0.0
0.170767 0.020333 0.358136 1 0.0
0.173343 0.016234 0.31959 1 0.0
0.135267 0.29491 0.705021 12 0.0
0.717107 0.024434 0.248377 13 0.0
0.504134 -0.001149 0.733164 1 0.0
0.291654 0.537056 0.254449 7 0.999999
0.134605 0.366246 0.700998 12 0.0
0.307035 0.544612 0.424158 7 0.0
0.30158 0.590204 0.432338 7 0.0
0.309264 0.537304 0.466373 7 0.0
0.312489 0.499019 0.415977 7 0.0
0.304805 0.551919 0.381942 7 0.0
0.360172 0.025293 0.750099 3 0.0
0.358439 -0.002945 0.721968 1 0.0
0.13581 0.532144 0.3066 12 3.9e-05
0.310737 -0.000739 0.65462 1 0.0
0.258071 -0.001212 0.636942 1 0.0
0.302376 -0.001057 0.679537 1 0.0
0.363402 -0.000266 0.672299 1 0.0
0.319098 -0.000421 0.629703 1 0.0
0.859292 0.577474 0.497354 12 0.0
0.854952 0.631762 0.495701 12 0.0
0.859809 0.579886 0.575232 12 0.0
0.863633 0.523187 0.499006 12 0.0
0.858775 0.575063 0.419475 12 0.0
0.506098 0.001558 0.745818 3 0.950806
0.15508 -0.00018 0.520025 1 0.0
0.85401 -0.001363 0.456076 1 0.750478
0.640123 0.722021 0.259098 7 0.968322
0.542046 0.070303 0.245099 13 0.0
0.698239 0.479724 0.284237 7 0.0
0.711732 0.512991 0.283098 7 0.0
0.698374 0.480147 0.29821 7 0.0
0.684746 0.446456 0.285376 7 0.0
0.698104 0.4793 0.270265 7 0.0
0.413479 0.744569 0.31504 7 0.0
0.444864 0.759875 0.311417 7 0.0
0.416344 0.743682 0.336101 7 0.0
0.382095 0.729264 0.318664 7 0.0
0.410615 0.745457 0.29398 7 0.0
0.170269 0.2669 0.751614 3 0.0
0.765841 0.009387 0.744699 1 9e-05
0.392621 0.95387 0.747782 3 0.0
0.255068 0.844792 0.748347 4 0.0
0.805102 0.085608 0.719217 3 0.0
0.798794 0.11167 0.709614 3 0.0
0.787089 0.080507 0.717207 3 0.0
0.811411 0.059546 0.72882 3 0.0
0.823115 0.090708 0.721226 3 0.0
0.153383 0.740951 0.391382 12 0.0
0.159975 0.758979 0.398771 12 0.0
0.150371 0.728739 0.423864 12 0.0
0.146791 0.722922 0.383993 12 0.0
0.156395 0.753162 0.358901 12 0.0
0.379679 0.095791 0.242959 13 0.0
0.377966 0.123946 0.2412 13 0.0
0.303667 0.091223 0.243903 13 0.0
0.381393 0.067636 0.244719 13 0.0
0.455692 0.100359 0.242016 13 0.0
0.139887 0.453777 0.694004 12 0.0
0.696601 0.820651 0.250064 13 0.0
0.651405 0.868442 0.249784 13 0.0
0.6769 0.802013 0.248815 13 0.0
0.741798 0.77286 0.250344 13 0.0
0.716302 0.83929 0.251313 13 0.0
0.288597 0.583875 0.247632 8 0.999999
0.351645 0.01158 0.715387 1 0.0
0.611235 -0.001956 0.712238 1 0.0
0.354852 0.407285 0.264847 7 0.147606
0.459649 -0.000789 0.360019 5 1.0
0.85834 0.576083 0.697912 12 0.0
0.491932 0.038517 0.752086 3 0.0
0.164117 0.773031 0.749129 3 1.0
0.646306 0.000658 0.263231 1 0.255169
0.637875 -0.000353 0.415482 1 0.012278
0.713306 0.574327 0.74413 7 0.101276
0.633138 0.731392 0.264674 14 4.6e-05
0.208142 0.372364 0.639398 5 0.0
0.196124 0.375705 0.664023 5 0.0
0.223027 0.320665 0.653677 5 0.0
0.220161 0.369022 0.614772 5 0.0
0.193257 0.424063 0.625118 5 0.0
0.1577 0.000145 0.496663 1 0.0
0.66748 -0.000951 0.495609 1 0.0
0.833133 0.000885 0.435933 1 0.0
0.369531 0.024003 0.460698 5 1e-06
0.157574 0.749052 0.615064 12 0.0
0.156428 0.749094 0.657687 12 0.0
0.151011 0.730334 0.614906 12 0.0
0.158719 0.74901 0.572441 12 0.0
0.164136 0.76777 0.615222 12 0.0
0.63112 0.964266 0.505941 12 0.0
0.612951 0.971859 0.511592 12 0.0
0.638207 0.961757 0.532103 12 0.0
0.649289 0.956674 0.50029 12 0.0
0.624032 0.966776 0.47978 12 0.0
0.225207 0.344159 0.266689 13 0.0
0.849888 0.700477 0.500488 12 0.0
0.84553 0.723552 0.500381 12 0.0
0.849755 0.700812 0.578154 12 0.0
0.854247 0.677402 0.500595 12 0.0
0.850022 0.700142 0.422823 12 0.0
0.430254 -0.001424 0.734048 1 0.0
0.608437 -0.000306 0.583297 5 0.737431
0.382907 0.390831 0.292086 7 0.0
0.352294 0.4126 0.290949 7 0.0
0.383215 0.392094 0.307969 7 0.0
0.413521 0.369062 0.293224 7 0.0
0.382599 0.389567 0.276203 7 0.0
0.855487 0.455064 0.696644 12 0.0
0.854264 0.00478 0.274177 1 0.408443
0.848595 0.006328 0.275378 1 0.408443
0.855963 0.003189 0.284248 1 0.408443
0.859934 0.003233 0.272976 1 0.408443
0.852566 0.006372 0.264105 1 0.408443
0.195408 0.293367 0.752675 3 0.0
0.604028 0.750464 0.424796 8 0.0
0.607386 0.74901 0.369258 8 0.0
0.578649 0.764726 0.422888 8 0.0
0.60067 0.751918 0.480333 8 0.0
0.629407 0.736203 0.426703 8 0.0
0.706036 0.426917 0.726772 7 0.998615
0.721724 0.437486 0.723603 7 0.998615
0.70181 0.43609 0.736447 7 0.998615
0.690347 0.416347 0.72994 7 0.998615
0.710262 0.417743 0.717096 7 0.998615
0.615519 0.7712 0.246629 13 0.0
0.151498 0.08155 0.70857 12 0.0
0.151398 0.098829 0.712711 12 0.0
0.151811 0.079926 0.715352 12 0.0
0.151599 0.064271 0.704428 12 0.0
0.151186 0.083174 0.701787 12 0.0
0.51167 0.889719 0.24968 13 0.0
0.512678 0.922075 0.250589 13 0.0
0.443574 0.89186 0.24893 13 0.0
0.510663 0.857363 0.248772 13 0.0
0.579767 0.887578 0.25043 13 0.0
0.143031 0.517662 0.722773 12 0.0
0.58705 0.961841 0.746209 3 0.0
0.556327 0.844326 0.302452 14 0.0
0.51755 0.84951 0.288468 14 0.0
0.551435 0.843012 0.315531 14 0.0
0.595105 0.839142 0.316437 14 0.0
0.56122 0.845639 0.289374 14 0.0
0.16968 0.773844 0.602428 12 0.0
0.175117 0.787701 0.644647 12 0.0
0.161872 0.756329 0.609182 12 0.0
0.164243 0.759987 0.560208 12 0.0
0.177488 0.791359 0.595674 12 0.0
0.782309 0.83971 0.250117 13 1.0
0.635523 0.085124 0.753203 3 0.0
0.602192 0.973248 0.616131 12 0.0
0.590931 0.976789 0.617888 12 0.0
0.605242 0.96777 0.646725 12 0.0
0.613452 0.969707 0.614374 12 0.0
0.599142 0.978727 0.585537 12 0.0
0.868132 0.554374 0.694002 12 0.0
0.866878 0.602786 0.695355 12 0.0
0.867959 0.553855 0.71242 12 0.0
0.869386 0.505963 0.692649 12 0.0
0.868306 0.554894 0.675584 12 0.0
0.134101 0.176203 0.733713 12 0.0
0.505747 0.182695 0.245754 13 0.0
0.617909 0.173309 0.246216 13 0.0
0.501529 0.132265 0.245361 13 0.0
0.393585 0.19208 0.245293 13 0.0
0.509965 0.233125 0.246147 13 0.0
0.266657 0.805779 0.751201 3 0.0
0.300009 0.85162 0.751121 3 0.0
0.248077 0.819298 0.751336 3 0.0
0.233305 0.759939 0.751282 3 0.0
0.285237 0.792261 0.751066 3 0.0
0.867478 0.114206 0.544002 12 0.0
0.868203 0.15026 0.547082 12 0.0
0.867946 0.108761 0.607626 12 0.0
0.866753 0.078153 0.540922 12 0.0
0.86701 0.119652 0.480378 12 0.0
0.302416 0.000352 0.737844 1 0.0
0.645736 -0.003134 0.718171 1 0.0
0.136561 0.380934 0.690187 12 0.0
0.180469 0.477158 0.753505 3 0.0
0.149993 0.001215 0.671267 1 0.0
0.143511 0.002785 0.492902 1 6e-06
0.323917 0.944056 0.546239 10 0.0
0.33806 0.950219 0.538184 10 0.0
0.334557 0.950752 0.570047 10 0.0
0.309773 0.937893 0.554293 10 0.0
0.313276 0.93736 0.52243 10 0.0
0.389165 0.96591 0.579492 12 0.0
0.408969 0.971619 0.581928 12 0.0
0.384767 0.964179 0.619301 12 0.0
0.36936 0.960202 0.577056 12 0.0
0.393563 0.967642 0.539683 12 0.0
0.386884 0.973348 0.565372 12 0.0
0.411285 0.980851 0.564694 12 0.0
0.38803 0.974622 0.620707 12 0.0
0.362484 0.965845 0.56605 12 0.0
0.385739 0.972074 0.510037 12 0.0
0.473586 0.777835 0.74882 7 0.00229
0.237636 0.389966 0.751781 3 0.0
0.1955 0.382406 0.748909 3 0.0
0.13686 0.440332 0.700948 10 0.0
0.226212 -0.0005 0.711421 1 0.0
0.196426 0.000153 0.708859 1 0.0
0.224993 -8.2e-05 0.725703 1 0.0
0.255998 -0.001152 0.713982 1 0.0
0.227431 -0.000917 0.697139 1 0.0
0.41109 0.773336 0.754081 3 0.0
0.356966 0.722163 0.743059 7 0.041996
0.214769 0.41555 0.75186 3 0.0
0.785513 0.614328 0.749828 3 0.0
0.131198 0.214715 0.661958 12 0.0
0.131766 0.218772 0.689301 12 0.0
0.131608 0.148717 0.671742 12 0.0
0.13063 0.210658 0.634615 12 0.0
0.130788 0.280713 0.652174 12 0.0
0.865667 0.274852 0.718673 12 0.0
0.131151 0.405105 0.296308 12 0.0
0.77891 0.584367 0.750617 3 0.0
0.559019 0.770747 0.704454 7 0.0
0.53403 0.781806 0.70296 7 0.0
0.557981 0.770726 0.721667 7 0.0
0.584009 0.759689 0.705948 7 0.0
0.560058 0.770768 0.687242 7 0.0
0.7297 -0.00136 0.505464 1 0.0
0.754355 -0.001253 0.499063 1 0.0
0.749372 -0.001603 0.581226 1 0.0
0.705046 -0.001468 0.511866 1 0.0
0.710029 -0.001118 0.429703 1 0.0
0.810226 0.468625 0.74931 3 0.0
0.6974 -0.001325 0.301401 1 2.9e-05
0.862614 0.498353 0.272423 13 0.000597
0.353264 0.709325 0.593839 7 0.0
0.371463 0.729853 0.597207 7 0.0
0.345836 0.707398 0.645717 7 0.0
0.335065 0.688797 0.59047 7 0.0
0.360692 0.711252 0.54196 7 0.0
0.360948 0.407505 0.655138 7 0.0
0.32772 0.440996 0.646497 7 0.0
0.356353 0.410845 0.685751 7 0.0
0.394175 0.374015 0.663779 7 0.0
0.365543 0.404165 0.624524 7 0.0
0.163655 0.540879 0.755069 3 0.0
0.578541 0.774277 0.24657 14 0.0
0.510265 0.802448 0.246123 13 0.0
0.282954 0.501781 0.247501 13 1.1e-05
0.272768 0.589849 0.753667 3 6.3e-05
0.704354 0.525689 0.567501 7 0.0
0.712984 0.56871 0.568168 7 0.0
0.704574 0.524772 0.623768 7 0.0
0.695724 0.482667 0.566834 7 0.0
0.704134 0.526605 0.511234 7 0.0
0.361382 0.743576 0.753562 7 0.0
0.320092 0.446739 0.747093 7 0.995833
0.644413 0.71894 0.752703 11 0.999994
0.132955 0.328153 0.546341 12 0.0
0.132819 0.328254 0.606814 12 0.0
0.133212 0.24504 0.54648 12 0.0
0.133092 0.328052 0.485868 12 0.0
0.132699 0.411266 0.546202 12 0.0
0.134318 0.361961 0.426491 12 0.0
0.134712 0.363649 0.481268 12 0.0
0.132657 0.268552 0.429382 12 0.0
0.133924 0.360273 0.371715 12 0.0
0.135979 0.45537 0.4236 12 0.0
0.573709 0.761035 0.744567 7 0.951461
0.702321 -0.000921 0.454394 1 0.0
0.722916 -0.001148 0.451267 1 0.0
0.712031 -0.002145 0.518445 1 0.0
0.681726 -0.000694 0.45752 1 0.0
0.692611 0.000303 0.390342 1 0.0
0.612379 -0.000645 0.284848 1 0.0
0.469243 0.00057 0.659989 1 0.0
0.546284 0.000645 0.349519 1 1e-06
0.698752 0.643506 0.274224 7 4e-06
0.688108 0.673034 0.273194 7 4e-06
0.697787 0.643548 0.285381 7 4e-06
0.709396 0.613979 0.275254 7 4e-06
0.699717 0.643465 0.263067 7 4e-06
0.3372 0.720138 0.286242 8 0.0
0.336914 0.716899 0.299676 8 0.0
0.347205 0.73227 0.28938 8 0.0
0.337485 0.723377 0.272808 8 0.0
0.327194 0.708005 0.283104 8 0.0
0.401454 0.371892 0.714103 7 0.0
0.365562 0.3945 0.712168 7 0.0
0.399512 0.370077 0.728911 7 0.0
0.437345 0.349285 0.716039 7 0.0
0.403395 0.373708 0.699295 7 0.0
0.36869 0.734488 0.246617 8 0.996462
0.172923 0.530884 0.753115 3 0.0
0.528553 0.786412 0.246725 13 0.0
0.272968 0.534312 0.247433 13 0.0
0.701663 0.608723 0.695795 7 0.0
0.693566 0.637108 0.695404 7 0.0
0.703294 0.60945 0.714715 7 0.0
0.70976 0.580339 0.696187 7 0.0
0.700031 0.607997 0.676876 7 0.0
0.670103 0.422236 0.247351 7 0.994868
0.21339 0.595773 0.246183 13 0.0
0.69846 0.62156 0.678222 7 0.0
0.687313 0.648508 0.672252 7 0.0
0.698826 0.627053 0.702338 7 0.0
0.709607 0.594612 0.684191 7 0.0
0.698094 0.616066 0.654105 7 0.0
0.52347 0.784888 0.751076 3 0.0
0.302685 0.931439 0.60153 6 0.0
0.319957 0.944094 0.590884 6 0.0
0.316976 0.939434 0.634218 6 0.0
0.285414 0.918785 0.612176 6 0.0
0.288395 0.923445 0.568843 6 0.0
0.789582 0.802002 0.251928 13 0.001418
0.858689 0.562493 0.7291 12 0.0
0.644532 0.941471 0.622121 12 0.0
0.626708 0.948137 0.615506 12 0.0
0.634687 0.946482 0.653698 12 0.0
0.662356 0.934805 0.628736 12 0.0
0.654378 0.93646 0.590545 12 0.0
0.162289 0.763633 0.43694 12 0.0
0.169136 0.779785 0.42499 12 0.0
0.167387 0.776748 0.457588 12 0.0
0.155442 0.747481 0.448889 12 0.0
0.157192 0.750519 0.416291 12 0.0
0.749128 0.797064 0.324527 10 9.7e-05
0.734592 0.80699 0.330244 10 9.7e-05
0.750965 0.792364 0.337356 10 9.7e-05
0.763664 0.787138 0.31881 10 9.7e-05
0.747292 0.801763 0.311697 10 9.7e-05
0.18054 0.797038 0.477428 12 0.0
0.840952 0.750197 0.455422 12 0.0
0.838136 0.760841 0.434349 12 0.0
0.833773 0.768751 0.465753 12 0.0
0.843767 0.739553 0.476494 12 0.0
0.84813 0.731642 0.445091 12 0.0
0.218115 0.859858 0.414118 12 0.0
0.229602 0.87514 0.407981 12 0.0
0.221921 0.866265 0.437196 12 0.0
0.206628 0.844576 0.420255 12 0.0
0.214309 0.853452 0.39104 12 0.0
0.33447 0.953217 0.69405 12 0.0
0.335349 0.954164 0.712477 12 0.0
0.319851 0.946408 0.695097 12 0.0
0.333592 0.952269 0.675623 12 0.0
0.349089 0.960025 0.693003 12 0.0
0.407914 0.98195 0.434436 12 0.0
0.389165 0.975 0.434016 12 0.0
0.407484 0.979646 0.49181 12 0.0
0.426663 0.988899 0.434855 12 0.0
0.408345 0.984253 0.377062 12 0.0
0.850667 0.3718 0.251223 13 0.051876
0.734314 0.90608 0.499537 12 0.0
0.720152 0.918147 0.500546 12 0.0
0.736018 0.903175 0.558201 12 0.0
0.748476 0.894014 0.498528 12 0.0
0.73261 0.908985 0.440873 12 0.0
0.192749 0.002122 0.742402 1 0.013899
0.829153 0.246553 0.74903 3 0.0
0.16281 0.765611 0.276237 12 0.046702
0.172342 0.790014 0.277819 12 0.046702
0.16279 0.764959 0.28641 12 0.046702
0.153277 0.741208 0.274655 12 0.046702
0.162829 0.766263 0.266065 12 0.046702
0.513139 0.963647 0.251795 13 0.0
0.740802 0.901922 0.676481 12 0.0
0.726506 0.914532 0.684483 12 0.0
0.748615 0.894827 0.701623 12 0.0
0.755097 0.889313 0.66848 12 0.0
0.732988 0.909018 0.651339 12 0.0
0.416761 0.799532 0.753489 3 0.0
0.855884 0.68734 0.401009 12 0.0
0.852429 0.707199 0.383438 12 0.0
0.852055 0.708618 0.42581 12 0.0
0.85934 0.667482 0.418581 12 0.0
0.859714 0.666062 0.376209 12 0.0
0.271326 -0.000614 0.53303 1 0.0
0.243358 -0.000999 0.541467 1 0.0
0.291507 -0.000561 0.599929 1 0.0
0.299295 -0.000228 0.524593 1 0.0
0.251146 -0.000666 0.466132 1 0.0
0.275544 0.883572 0.613642 6 0.0
0.289103 0.892623 0.62064 6 0.0
0.264604 0.862975 0.661474 6 0.0
0.261985 0.87452 0.606643 6 0.0
0.286484 0.904168 0.565809 6 0.0
0.396014 0.968926 0.698647 12 0.0
0.425672 0.977654 0.697011 12 0.0
0.395893 0.972566 0.715871 12 0.0
0.366356 0.960199 0.700283 12 0.0
0.396134 0.965287 0.681423 12 0.0
0.819859 0.017131 0.250082 13 1e-06
0.800273 0.01696 0.24825 13 1e-06
0.819705 0.023764 0.251108 13 1e-06
0.839445 0.017302 0.251914 13 1e-06
0.820013 0.010497 0.249056 13 1e-06
0.637058 0.033798 0.506488 5 0.0
0.636892 0.042623 0.48331 5 0.0
0.637367 0.043962 0.510356 5 0.0
0.637223 0.024974 0.529666 5 0.0
0.636748 0.023635 0.50262 5 0.0
0.774346 0.869081 0.584708 12 0.0
0.765779 0.878953 0.596292 12 0.0
0.782341 0.859828 0.598506 12 0.0
0.782913 0.859209 0.573123 12 0.0
0.76635 0.878334 0.57091 12 0.0
0.757766 0.868201 0.330279 12 0.004972
0.747313 0.880639 0.334837 12 0.004972
0.762058 0.866682 0.344266 12 0.004972
0.768219 0.855764 0.325721 12 0.004972
0.753475 0.86972 0.316293 12 0.004972
0.579473 0.000655 0.749443 1 1.0
0.704181 0.873158 0.69889 3 1.9e-05
0.270278 0.901768 0.461467 12 0.0
0.291689 0.920259 0.453509 12 0.0
0.284899 0.913999 0.529231 12 0.0
0.248867 0.883277 0.469424 12 0.0
0.255656 0.889537 0.393702 12 0.0
0.503017 0.996027 0.308204 12 0.005401
0.482624 0.996137 0.306957 12 0.005401
0.501719 0.995498 0.329392 12 0.005401
0.523411 0.995917 0.30945 12 0.005401
0.504316 0.996556 0.287015 12 0.005401
0.641716 0.724555 0.340516 7 0.0
0.621591 0.743464 0.34935 7 0.0
0.646888 0.715509 0.371661 7 0.0
0.661842 0.705647 0.331682 7 0.0
0.636545 0.733601 0.309371 7 0.0
0.862148 0.013968 0.482563 12 0.0
0.866294 0.063054 0.598794 12 0.0
0.866901 0.084549 0.599488 12 0.0
0.866467 0.061547 0.645293 12 0.0
0.865686 0.041558 0.5981 12 0.0
0.866121 0.06456 0.552294 12 0.0
0.866607 0.374583 0.352459 12 0.0
0.396557 0.980225 0.68253 12 0.0
0.417267 0.986295 0.684416 12 0.0
0.394626 0.980155 0.703953 12 0.0
0.375847 0.974156 0.680643 12 0.0
0.398488 0.980295 0.661106 12 0.0
0.72924 0.883311 0.339725 16 2e-06
0.702988 0.903727 0.337228 16 2e-06
0.7272 0.884063 0.367326 16 2e-06
0.755493 0.862894 0.342221 16 2e-06
0.731281 0.882558 0.312123 16 2e-06
0.715286 0.925805 0.341236 12 0.0
0.70375 0.934306 0.341013 12 0.0
0.714435 0.925451 0.371754 12 0.0
0.726821 0.917305 0.341459 12 0.0
0.716136 0.92616 0.310718 12 0.0
0.844965 0.741236 0.665504 12 0.0
0.841547 0.746671 0.639111 12 0.0
0.839796 0.759255 0.669883 12 0.0
0.848384 0.735802 0.691897 12 0.0
0.850135 0.723218 0.661125 12 0.0
0.75241 0.848231 0.749839 3 0.0
0.639057 0.966659 0.605485 12 0.0
0.626245 0.971811 0.599398 12 0.0
0.627777 0.971278 0.633133 12 0.0
0.651868 0.961506 0.611573 12 0.0
0.650336 0.962039 0.577837 12 0.0
0.81638 0.808692 0.617704 12 0.0
0.807722 0.82382 0.605397 12 0.0
0.808914 0.822649 0.640112 12 0.0
0.825039 0.793564 0.630011 12 0.0
0.823847 0.794736 0.595296 12 0.0
0.24668 0.047345 0.249564 13 0.0
0.203522 0.044651 0.249135 13 0.0
0.245515 0.066045 0.249334 13 0.0
0.289838 0.050039 0.249993 13 0.0
0.247845 0.028645 0.249795 13 0.0
0.279371 0.918425 0.407919 10 0.0
0.288989 0.928608 0.423794 10 0.0
0.264711 0.908684 0.423049 10 0.0
0.269754 0.908242 0.392044 10 0.0
0.294032 0.928166 0.392789 10 0.0
0.754022 0.890657 0.631945 12 0.0
0.739825 0.904942 0.635611 12 0.0
0.759165 0.886023 0.669926 12 0.0
0.768219 0.876373 0.62828 12 0.0
0.748879 0.895291 0.593965 12 0.0
0.752846 0.855781 0.663834 12 0.0
0.732266 0.875557 0.681746 12 0.0
0.757458 0.846207 0.679704 12 0.0
0.773426 0.836005 0.645921 12 0.0
0.748233 0.865355 0.647964 12 0.0
0.387779 0.065236 0.751246 3 0.0
0.57613 0.084451 0.24242 13 0.0
0.602633 0.951429 0.446796 12 0.0
0.574764 0.958776 0.445416 12 0.0
0.599774 0.949847 0.496102 12 0.0
0.630501 0.944081 0.448176 12 0.0
0.605492 0.953011 0.39749 12 0.0
0.567739 0.924313 0.745939 3 0.0
0.517683 0.936163 0.745936 3 0.0
0.572393 0.943971 0.746231 3 0.0
0.617795 0.912462 0.745943 3 0.0
0.563085 0.904654 0.745648 3 0.0
0.458331 0.882454 0.708313 3 0.0
0.521477 0.889975 0.707931 3 0.0
0.462038 0.851641 0.714522 3 0.0
0.395184 0.874933 0.708695 3 0.0
0.454623 0.913267 0.702105 3 0.0
0.236205 0.835512 0.748629 3 0.0
0.705323 0.932314 0.249812 13 0.999429
0.798953 0.809998 0.75058 3 1.6e-05
0.128593 0.34738 0.302551 12 0.0
0.551327 0.973581 0.36577 12 0.0
0.529369 0.977139 0.362247 12 0.0
0.545795 0.974788 0.401466 12 0.0
0.573286 0.970023 0.369294 12 0.0
0.556859 0.972375 0.330074 12 0.0
0.290006 0.581689 0.638539 7 0.0
0.295738 0.616932 0.634527 7 0.0
0.285057 0.58699 0.678025 7 0.0
0.284273 0.546447 0.642552 7 0.0
0.294954 0.576389 0.599054 7 0.0
0.251308 0.822334 0.248731 13 0.0
0.2378 0.83264 0.249074 13 0.0
0.281999 0.862585 0.247978 13 0.0
0.264815 0.812028 0.248388 13 0.0
0.220616 0.782083 0.249484 13 0.0
0.838694 0.753989 0.338033 16 0.0
0.830716 0.776613 0.337738 16 0.0
0.837456 0.753922 0.366371 16 0.0
0.846672 0.731365 0.338327 16 0.0
0.839931 0.754057 0.309694 16 0.0
0.133405 0.020442 0.389805 12 0.034387
0.146703 0.724489 0.518317 12 0.0
0.151027 0.741354 0.526033 12 0.0
0.143906 0.712785 0.545466 12 0.0
0.142378 0.707624 0.510601 12 0.0
0.149499 0.736194 0.491167 12 0.0
0.810189 0.709033 0.249789 13 0.0
0.855745 0.701741 0.251428 13 0.990384
0.127154 0.311544 0.279596 12 0.0
0.863778 0.003377 0.548913 1 0.999929
0.210363 0.820016 0.251896 13 5.4e-05
0.159208 0.650162 0.727198 12 0.0
0.821673 0.803292 0.412644 12 0.0
0.811908 0.822136 0.413098 12 0.0
0.821741 0.802104 0.46342 12 0.0
0.831438 0.784447 0.41219 12 0.0
0.821605 0.804479 0.361868 12 0.0
0.396117 0.86052 0.248186 13 0.0
0.462817 0.891017 0.247799 13 0.0
0.382401 0.890521 0.24851 13 0.0
0.329416 0.830022 0.248573 13 0.0
0.409832 0.830518 0.247862 13 0.0
0.15458 0.073142 0.246317 13 1.1e-05
0.145476 0.072261 0.247993 13 1.1e-05
0.151838 0.098993 0.245013 13 1.1e-05
0.163684 0.074024 0.24464 13 1.1e-05
0.157322 0.047291 0.247621 13 1.1e-05
0.862885 0.640754 0.719262 12 0.0
0.860001 0.67201 0.716667 12 0.0
0.863301 0.641708 0.730297 12 0.0
0.865769 0.609497 0.721857 12 0.0
0.862469 0.639799 0.708227 12 0.0
0.182022 0.75817 0.617374 12 0.0
0.179816 0.771186 0.658872 12 0.0
0.171269 0.737183 0.623385 12 0.0
0.184228 0.745154 0.575876 12 0.0
0.192776 0.779157 0.611363 12 0.0
0.730391 0.81695 0.748336 3 0.0
0.747783 0.830581 0.749774 3 0.0
0.696259 0.860489 0.748411 3 0.0
0.713 0.803318 0.746898 3 0.0
0.764524 0.773411 0.748261 3 0.0
0.585847 0.007397 0.746826 3 0.999975
0.796819 0.786832 0.490179 12 0.0
0.783688 0.807247 0.472634 12 0.0
0.786255 0.800405 0.513878 12 0.0
0.809949 0.766417 0.507724 12 0.0
0.807383 0.77326 0.46648 12 0.0
0.138843 0.658468 0.693947 12 0.0
0.142069 0.688764 0.689618 12 0.0
0.139161 0.661144 0.712916 12 0.0
0.135616 0.628171 0.698276 12 0.0
0.138525 0.655791 0.674977 12 0.0
0.863426 0.026286 0.729571 12 0.0
0.863164 0.02774 0.737302 12 0.0
0.863454 0.01617 0.731475 12 0.0
0.863688 0.024833 0.721841 12 0.0
0.863398 0.036403 0.727668 12 0.0
0.228856 0.868227 0.597687 6 0.0
0.69744 0.915139 0.748061 3 0.0
0.400081 0.964211 0.746054 3 2e-06
0.604875 0.971014 0.746494 4 0.277185
0.840228 0.067633 0.640139 12 0.0
0.840653 0.078564 0.633963 12 0.0
0.841083 0.082473 0.666464 12 0.0
0.839804 0.056701 0.646315 12 0.0
0.839373 0.052792 0.613814 12 0.0
0.839916 0.12072 0.508477 12 0.0
0.840544 0.158746 0.508663 12 0.0
0.845128 0.120257 0.585412 12 0.0
0.839288 0.082694 0.50829 12 0.0
0.834704 0.121183 0.431541 12 0.0
0.73098 0.847771 0.250598 13 0.0
0.217225 0.3209 0.24383 13 0.0
0.158278 -0.000422 0.435922 1 0.0
0.653558 0.043493 0.752705 3 0.0
0.186183 0.256457 0.324148 12 0.0
0.196775 0.332435 0.328346 12 0.0
0.186818 0.254916 0.350433 12 0.0
0.175591 0.180479 0.31995 12 0.0
0.185547 0.257998 0.297863 12 0.0
0.150733 0.726314 0.700824 12 0.0
0.15223 0.732598 0.715811 12 0.0
0.144326 0.702359 0.711508 12 0.0
0.149236 0.72003 0.685838 12 0.0
0.15714 0.750268 0.69014 12 0.0
0.169642 0.472016 0.244072 13 1e-06
0.132831 0.044445 0.367587 12 0.0
0.134417 0.040964 0.327772 12 0.0
0.132062 0.060021 0.366194 12 0.0
0.131246 0.047926 0.407401 12 0.0
0.133601 0.028868 0.368979 12 0.0
0.419753 0.868742 0.749861 3 0.0
0.409503 0.898034 0.748466 3 0.0
0.485198 0.891635 0.749654 3 0.0
0.430004 0.839451 0.751257 3 0.0
0.354309 0.845849 0.750069 3 0.0
0.179221 0.796251 0.578938 12 0.0
0.189303 0.816147 0.578795 12 0.0
0.17951 0.79649 0.632852 12 0.0
0.169139 0.776356 0.57908 12 0.0
0.178933 0.796013 0.525023 12 0.0
0.778281 -0.001198 0.68301 1 0.0
0.748829 -0.001994 0.667953 1 0.0
0.769123 -0.001505 0.700939 1 0.0
0.807732 -0.000401 0.698066 1 0.0
0.787438 -0.00089 0.66508 1 0.0
0.860347 0.501208 0.719059 12 0.0
0.343073 0.956853 0.737032 6 1e-06
0.346773 0.066993 0.750926 3 0.0
0.528555 0.977322 0.25256 13 0.020817
0.675256 0.94304 0.452681 12 0.0
0.661458 0.950725 0.451682 12 0.0
0.673993 0.944813 0.483775 12 0.0
0.689055 0.935355 0.45368 12 0.0
0.676519 0.941267 0.421588 12 0.0
0.399711 0.981294 0.71877 12 0.0
0.421389 0.987753 0.721296 12 0.0
0.39844 0.981096 0.730181 12 0.0
0.378032 0.974834 0.716245 12 0.0
0.400981 0.981492 0.70736 12 0.0
0.14321 0.447395 0.697497 12 0.0
0.798661 0.83781 0.398439 12 0.0
0.787539 0.853825 0.398703 12 0.0
0.798421 0.836856 0.446148 12 0.0
0.809783 0.821795 0.398175 12 0.0
0.798901 0.838764 0.350731 12 0.0
0.239509 0.862795 0.744622 3 0.000276
0.179828 0.661078 0.753691 3 0.0
0.165385 0.662579 0.753216 3 0.0
0.18451 0.706142 0.753703 3 0.0
0.194271 0.659577 0.754165 3 0.0
0.175146 0.616014 0.753678 3 0.0
0.667136 0.912862 0.252061 13 0.0
0.134956 0.02947 0.451024 12 0.0
0.488641 0.988482 0.470745 12 0.0
0.467829 0.988517 0.474722 12 0.0
0.498281 0.98963 0.521178 12 0.0
0.509454 0.988446 0.466768 12 0.0
0.479002 0.987333 0.420311 12 0.0
0.230959 0.838009 0.71609 6 2e-05
0.850064 0.236166 0.251973 13 0.006986
0.134971 0.034673 0.684367 12 0.0
0.133706 0.046808 0.683911 12 0.0
0.134652 0.035508 0.707478 12 0.0
0.136235 0.022538 0.684822 12 0.0
0.135289 0.033838 0.661256 12 0.0
0.475983 0.931719 0.747116 3 0.0
0.474499 0.952197 0.747454 3 0.0
0.422669 0.927843 0.747744 3 0.0
0.477468 0.911241 0.746777 3 0.0
0.529298 0.935594 0.746488 3 0.0
0.737951 0.247338 0.751013 4 0.0
0.747058 0.323951 0.751404 4 0.0
0.699821 0.251864 0.75249 4 0.0
0.728843 0.170725 0.750621 4 0.0
0.776081 0.242813 0.749535 4 0.0
0.338524 0.699009 0.253174 14 0.903734
0.492277 0.974596 0.418497 12 0.0
0.478113 0.973617 0.416242 12 0.0
0.486093 0.971198 0.458823 12 0.0
0.506442 0.975574 0.420752 12 0.0
0.498462 0.977993 0.378171 12 0.0
0.261859 0.001251 0.275399 1 0.003905
0.423409 -0.00095 0.704958 1 0.0
0.135206 0.364091 0.689563 12 0.0
0.144584 0.003912 0.442008 1 0.000153
0.542437 0.005372 0.358019 5 0.85302
0.250136 -0.001065 0.693093 1 0.0
0.213073 -0.000729 0.692376 1 0.0
0.249762 -0.000675 0.712561 1 0.0
0.287198 -0.001401 0.693811 1 0.0
0.250509 -0.001455 0.673626 1 0.0
0.857282 0.619292 0.499424 12 0.0
0.853978 0.660604 0.499828 12 0.0
0.856052 0.618418 0.57861 12 0.0
0.860587 0.577979 0.499019 12 0.0
0.858512 0.620165 0.420237 12 0.0
0.55573 0.00113 0.321299 1 0.0
0.147454 0.000678 0.283977 1 0.07954
0.153971 -0.000129 0.284067 1 0.07954
0.147188 8.7e-05 0.297986 1 0.07954
0.140938 0.001486 0.283887 1 0.07954
0.147721 0.001269 0.269968 1 0.07954
0.395201 0.002018 0.390622 5 0.261117
0.542506 0.766114 0.282108 14 0.0
0.543861 0.767246 0.268728 14 0.0
0.510086 0.772396 0.279354 14 0.0
0.54115 0.764983 0.295487 14 0.0
0.574925 0.759833 0.284861 14 0.0
0.835211 0.569216 0.263136 13 1.0
0.418301 0.925494 0.723636 3 0.0
0.699437 0.799591 0.249338 13 0.0
0.653945 0.853755 0.250134 13 0.0
0.676443 0.780298 0.248034 13 0.0
0.744928 0.745427 0.248542 13 0.0
0.722431 0.818884 0.250643 13 0.0
0.168594 0.602404 0.75425 3 0.0
0.301306 0.793327 0.752449 3 0.0
0.34702 0.848441 0.751213 3 0.0
0.279771 0.811171 0.751644 3 0.0
0.255591 0.738213 0.753686 3 0.0
0.322841 0.775482 0.753255 3 0.0
0.449449 3.2e-05 0.349328 1 0.000251
0.161498 0.721852 0.74912 3 0.0
0.848501 0.556756 0.287903 12 0.268149
0.132062 0.067037 0.267743 12 0.148183
0.132346 0.066658 0.259935 12 0.148183
0.130773 0.090725 0.266544 12 0.148183
0.131777 0.067417 0.275551 12 0.148183
0.133351 0.043349 0.268942 12 0.148183
0.819276 0.001789 0.412474 1 0.0
0.146469 0.00049 0.721831 1 0.0
0.151918 -3.9e-05 0.721742 1 0.0
0.146687 0.000833 0.733054 1 0.0
0.141019 0.001018 0.721921 1 0.0
0.146251 0.000146 0.710609 1 0.0
0.864098 0.402049 0.721053 12 0.0
0.605407 0.375657 0.654019 7 0.0
0.816389 0.00117 0.402388 1 0.0
0.833336 0.002339 0.403665 1 0.0
0.812745 0.002568 0.449472 1 0.0
0.799443 0.0 0.401111 1 0.0
0.820034 -0.000229 0.355304 1 0.0
0.647132 0.708904 0.644251 7 0.0
0.624234 0.734797 0.640893 7 0.0
0.645971 0.712298 0.678332 7 0.0
0.67003 0.683011 0.64761 7 0.0
0.648293 0.705511 0.61017 7 0.0
0.536576 0.049477 0.629453 5 0.0
0.566788 0.045235 0.622667 5 0.0
0.535078 0.031631 0.633938 5 0.0
0.506365 0.053718 0.636239 5 0.0
0.538074 0.067322 0.624967 5 0.0
0.234357 0.874957 0.603448 6 0.0
0.247575 0.889201 0.605566 6 0.0
0.232454 0.872021 0.635079 6 0.0
0.221139 0.860713 0.60133 6 0.0
0.236261 0.877893 0.571817 6 0.0
0.322611 0.843416 0.751003 3 0.0
0.368332 0.883602 0.750435 3 0.0
0.304638 0.863856 0.750435 3 0.0
0.27689 0.80323 0.751572 3 0.0
0.340584 0.822975 0.751572 3 0.0
0.61284 0.941422 0.449951 12 0.0
0.588692 0.949772 0.448855 12 0.0
0.610571 0.941934 0.503818 12 0.0
0.636987 0.933072 0.451047 12 0.0
0.615108 0.940909 0.396084 12 0.0
0.784825 0.486295 0.248698 13 0.0
0.84507 0.739981 0.451021 12 0.0
0.83864 0.760448 0.450632 12 0.0
0.844033 0.740836 0.51308 12 0.0
0.8515 0.719515 0.451411 12 0.0
0.846107 0.739126 0.388963 12 0.0
0.552882 0.028756 0.753454 3 0.0
0.674501 0.434164 0.367533 7 0.0
0.691716 0.463401 0.374544 7 0.0
0.669966 0.427632 0.405907 7 0.0
0.657285 0.404926 0.360522 7 0.0
0.679035 0.440696 0.329159 7 0.0
0.146965 0.318921 0.741444 3 0.00659
0.687295 0.651927 0.718408 7 0.0
0.673521 0.678413 0.719348 7 0.0
0.688949 0.652364 0.730343 7 0.0
0.701068 0.625441 0.717468 7 0.0
0.68564 0.65149 0.706473 7 0.0
0.66866 0.695186 0.274172 7 0.0
0.703444 0.52069 0.718782 7 0.0
0.709966 0.552128 0.720267 7 0.0
0.704913 0.519828 0.730572 7 0.0
0.696922 0.489251 0.717296 7 0.0
0.701975 0.521552 0.706991 7 0.0
0.618211 0.381921 0.681201 7 0.0
0.657065 0.410039 0.673748 7 0.0
0.622194 0.382865 0.705521 7 0.0
0.579358 0.353803 0.688654 7 0.0
0.614229 0.380977 0.65688 7 0.0
0.343614 0.433997 0.32009 7 0.0
0.322459 0.462777 0.318541 7 0.0
0.34511 0.436404 0.344394 7 0.0
0.36477 0.405217 0.321639 7 0.0
0.342119 0.43159 0.295786 7 0.0
0.324821 0.437336 0.734796 7 0.0
0.867511 0.431001 0.692809 12 0.0
0.193703 0.404997 0.750822 3 0.0
0.310321 0.473225 0.268832 7 1.3e-05
0.337644 0.42494 0.255921 7 1.0
0.639346 0.715162 0.726337 7 0.0
0.592781 0.947667 0.563766 12 0.0
0.565224 0.957954 0.568018 12 0.0
0.597712 0.943873 0.604899 12 0.0
0.620337 0.937379 0.559514 12 0.0
0.58785 0.951461 0.522632 12 0.0
0.248222 0.881034 0.533478 6 0.0
0.254806 0.89124 0.49852 6 0.0
0.264152 0.897772 0.541365 6 0.0
0.241638 0.870828 0.568436 6 0.0
0.232292 0.864297 0.525591 6 0.0
0.868124 0.426677 0.700087 12 0.0
0.646832 -0.001892 0.731461 1 0.0
0.520211 0.001989 0.363207 5 0.967595
0.610898 0.783701 0.747633 3 0.0
0.174693 0.505492 0.757685 3 0.0
0.35416 0.746275 0.261038 14 2.6e-05
0.279245 0.905709 0.517171 6 0.0
0.306105 0.928054 0.514387 6 0.0
0.285523 0.907494 0.592086 6 0.0
0.252385 0.883364 0.519954 6 0.0
0.272967 0.903924 0.442255 6 0.0
0.294687 0.615732 0.72169 7 0.0
0.305437 0.647079 0.716414 7 0.0
0.295251 0.617469 0.733164 7 0.0
0.283936 0.584384 0.726965 7 0.0
0.294122 0.613994 0.710215 7 0.0
0.839143 0.709535 0.295675 9 0.999953
0.836846 0.708034 0.30572 9 0.999953
0.8488 0.701569 0.296694 9 0.999953
0.84144 0.711035 0.28563 9 0.999953
0.829485 0.717501 0.294657 9 0.999953
0.165709 0.746277 0.626525 12 0.0
0.16909 0.763552 0.664759 12 0.0
0.157849 0.729442 0.634826 12 0.0
0.162328 0.729003 0.58829 12 0.0
0.173569 0.763112 0.618223 12 0.0
0.351442 0.714979 0.693477 7 0.0
0.372182 0.739145 0.695978 7 0.0
0.34931 0.714586 0.714948 7 0.0
0.330702 0.690812 0.690976 7 0.0
0.353574 0.715371 0.672006 7 0.0
0.365615 0.914628 0.525015 12 0.0
0.391576 0.920417 0.509681 12 0.0
0.38981 0.923204 0.569215 12 0.0
0.339655 0.908838 0.540349 12 0.0
0.34142 0.906051 0.480815 12 0.0
0.134597 0.314901 0.740389 12 0.000126
0.339399 0.408577 0.252337 14 0.999921
0.140075 0.413925 0.70675 12 0.0
0.612487 0.742908 0.260626 14 0.975041
0.61305 0.744298 0.256417 14 0.975041
0.60016 0.749128 0.261033 14 0.975041
0.611925 0.741518 0.264835 14 0.975041
0.624815 0.736687 0.260219 14 0.975041
0.143906 -0.000162 0.560127 1 0.00324
0.132875 0.295911 0.70467 12 0.0
0.860825 0.513963 0.250576 13 0.989925
0.145001 0.45191 0.695743 12 0.0
0.637197 0.401493 0.248601 7 1.0
0.61059 0.974145 0.626175 12 0.0
0.589102 0.981312 0.628304 12 0.0
0.614663 0.974256 0.666911 12 0.0
0.632078 0.966978 0.624047 12 0.0
0.606517 0.974033 0.585439 12 0.0
0.295176 0.536234 0.275027 7 0.0
0.53474 0.774197 0.737055 7 0.0
0.865997 0.280897 0.71524 12 0.0
0.867212 0.352903 0.622879 12 0.0
0.866082 0.459702 0.625932 12 0.0
0.866826 0.351766 0.662497 12 0.0
0.868342 0.246103 0.619826 12 0.0
0.867598 0.354039 0.583261 12 0.0
0.488949 0.006718 0.351385 5 0.012054
0.585009 0.757334 0.718535 7 0.0
0.561096 0.771217 0.721854 7 0.0
0.586295 0.756612 0.730821 7 0.0
0.608922 0.743452 0.715215 7 0.0
0.583723 0.758057 0.706248 7 0.0
0.16331 0.47584 0.752614 3 0.0
0.132385 0.470645 0.382277 12 0.0
0.132976 0.475239 0.423165 12 0.0
0.128857 0.388502 0.391557 12 0.0
0.131793 0.466051 0.341389 12 0.0
0.135912 0.552787 0.372997 12 0.0
0.238303 0.84624 0.58605 6 0.0
0.252908 0.864022 0.587088 6 0.0
0.234951 0.846608 0.626946 6 0.0
0.223698 0.828459 0.585013 6 0.0
0.241655 0.845873 0.545155 6 0.0
0.588205 0.020481 0.750468 3 0.0
0.135173 0.48623 0.447907 12 0.0
0.139671 0.568245 0.441409 12 0.0
0.135894 0.490938 0.507829 12 0.0
0.130675 0.404215 0.454404 12 0.0
0.134452 0.481523 0.387984 12 0.0
0.486807 0.002226 0.353393 5 0.998579
0.763429 0.000669 0.252815 13 1.0
0.236431 0.856131 0.5581 6 0.0
0.246768 0.867326 0.529049 6 0.0
0.242893 0.86384 0.56337 6 0.0
0.226095 0.844936 0.587151 6 0.0
0.22997 0.848422 0.55283 6 0.0
0.867659 0.447628 0.675522 12 0.0
0.173199 0.316149 0.465358 12 0.0
0.181672 0.411095 0.482238 12 0.0
0.171733 0.304934 0.529173 12 0.0
0.164727 0.221202 0.448477 12 0.0
0.174666 0.327364 0.401543 12 0.0
0.319538 0.463493 0.575 7 0.0
0.303627 0.500618 0.560039 7 0.0
0.307254 0.480905 0.631273 7 0.0
0.335449 0.426368 0.589961 7 0.0
0.331822 0.44608 0.518728 7 0.0
0.815122 0.052674 0.746861 3 0.0
0.814734 0.070931 0.74644 3 0.0
0.797512 0.052311 0.747313 3 0.0
0.815509 0.034418 0.747282 3 0.0
0.832732 0.053038 0.74641 3 0.0
0.685937 0.466831 0.67835 7 0.0
0.699318 0.504234 0.673283 7 0.0
0.688519 0.469179 0.702503 7 0.0
0.672556 0.429429 0.683417 7 0.0
0.683354 0.464483 0.654198 7 0.0
0.283136 0.646648 0.754333 3 0.0
0.718933 0.525676 0.245138 8 0.853553
0.661677 0.716696 0.245542 14 0.95953
0.693265 0.670286 0.252511 7 0.999951
0.506134 0.299902 0.754047 7 0.0
0.404951 0.302435 0.753284 3 0.0
0.395586 0.326898 0.753582 3 0.0
0.133529 0.395949 0.271867 12 1.8e-05
0.276085 0.87417 0.587629 6 1e-06
0.299649 0.893857 0.591112 6 1e-06
0.275186 0.868574 0.625344 6 1e-06
0.252521 0.854483 0.584146 6 1e-06
0.276984 0.879767 0.549914 6 1e-06
0.131368 0.467156 0.445831 12 0.0
0.134968 0.548411 0.427992 12 0.0
0.131987 0.479933 0.504155 12 0.0
0.127769 0.385901 0.46367 12 0.0
0.13075 0.454378 0.387507 12 0.0
0.666878 -0.000842 0.289042 1 0.001335
0.864474 0.456767 0.728883 12 0.0
0.505591 0.882613 0.248469 13 0.0
0.505928 0.916729 0.249025 13 0.0
0.434803 0.883309 0.248819 13 0.0
0.505253 0.848498 0.247912 13 0.0
0.576378 0.881918 0.248118 13 0.0
0.577859 0.358988 0.247007 14 0.991517
0.369679 0.403798 0.636961 7 0.0
0.32986 0.44064 0.605584 7 0.0
0.360229 0.411937 0.658512 7 0.0
0.409499 0.366955 0.668337 7 0.0
0.379129 0.395658 0.61541 7 0.0
0.701354 0.399456 0.630752 2 0.0
0.737948 0.44855 0.64334 2 0.0
0.701623 0.39223 0.658147 2 0.0
0.66476 0.350361 0.618163 2 0.0
0.701085 0.406681 0.603356 2 0.0
0.624568 0.384743 0.730855 7 0.005634
0.538041 0.812803 0.751451 3 0.0
0.446029 0.306475 0.753526 3 0.0
0.473327 0.337708 0.754806 7 0.041308
0.31895 0.890547 0.672779 11 5.8e-05
0.335635 0.898618 0.659307 11 5.8e-05
0.33015 0.900596 0.692672 11 5.8e-05
0.302265 0.882475 0.686251 11 5.8e-05
0.307749 0.880497 0.652886 11 5.8e-05
0.167525 0.76781 0.5027 12 0.0
0.176304 0.787903 0.497364 12 0.0
0.172073 0.778806 0.55159 12 0.0
0.158747 0.747717 0.508036 12 0.0
0.162978 0.756814 0.45381 12 0.0
0.78523 0.825287 0.332026 16 1e-06
0.772083 0.839493 0.345778 16 1e-06
0.796479 0.814831 0.353582 16 1e-06
0.798377 0.81108 0.318274 16 1e-06
0.77398 0.835742 0.31047 16 1e-06
0.133871 0.041881 0.308515 12 0.0
0.133386 0.044038 0.329773 12 0.0
0.134614 0.027109 0.31003 12 0.0
0.134356 0.039724 0.287256 12 0.0
0.133129 0.056653 0.306999 12 0.0
0.175956 0.787641 0.37255 12 0.0
0.186016 0.808605 0.368919 12 0.0
0.179416 0.792843 0.412168 12 0.0
0.165895 0.766678 0.376181 12 0.0
0.172496 0.78244 0.332932 12 0.0
0.178037 0.795915 0.745847 3 0.073419
0.830834 0.732264 0.5166 12 0.0
0.827373 0.741544 0.494337 12 0.0
0.823591 0.753131 0.526425 12 0.0
0.834296 0.722983 0.538862 12 0.0
0.838078 0.711396 0.506774 12 0.0
0.797122 0.793195 0.66032 12 1e-06
0.785299 0.817397 0.642522 12 1e-06
0.790863 0.80331 0.678234 12 1e-06
0.808946 0.768992 0.678117 12 1e-06
0.803382 0.783079 0.642406 12 1e-06
0.172739 0.258117 0.751007 3 0.0
0.44111 0.989638 0.352725 12 0.0
0.421513 0.987031 0.349596 12 0.0
0.436028 0.989094 0.385008 12 0.0
0.460707 0.992245 0.355854 12 0.0
0.446192 0.990182 0.320442 12 0.0
0.84316 0.381251 0.253505 13 0.0
0.701203 0.928135 0.44065 9 0.0
0.687673 0.937664 0.44076 9 0.0
0.700735 0.927044 0.47778 9 0.0
0.714732 0.918606 0.440541 9 0.0
0.70167 0.929226 0.403521 9 0.0
0.71575 0.80402 0.254264 13 0.0
0.736097 0.820139 0.255895 13 0.0
0.756155 0.753224 0.252203 13 0.0
0.695403 0.787902 0.252633 13 0.0
0.675345 0.854816 0.256325 13 0.0
0.241322 0.882806 0.514346 6 0.0
0.258313 0.900682 0.517892 6 0.0
0.233709 0.875239 0.588975 6 0.0
0.224332 0.86493 0.5108 6 0.0
0.248936 0.890373 0.439718 6 0.0
0.527501 0.928334 0.252234 13 0.0
0.529142 0.94832 0.252774 13 0.0
0.471972 0.932884 0.252559 13 0.0
0.52586 0.908347 0.251694 13 0.0
0.58303 0.923783 0.25191 13 0.0
0.256776 0.897622 0.491579 12 0.0
0.276978 0.916123 0.490213 12 0.0
0.25937 0.900596 0.570239 12 0.0
0.236574 0.879121 0.492945 12 0.0
0.254182 0.894648 0.412919 12 0.0
0.732053 0.883 0.653813 12 1e-06
0.714743 0.897528 0.664574 12 1e-06
0.742613 0.875008 0.681591 12 1e-06
0.749363 0.868471 0.643052 12 1e-06
0.721492 0.890991 0.626035 12 1e-06
0.675217 0.686132 0.26304 14 0.0
0.323673 0.941029 0.747221 3 0.103378
0.17479 0.790976 0.602645 12 0.0
0.183572 0.809 0.601933 12 0.0
0.174313 0.793059 0.649566 12 0.0
0.166007 0.772952 0.603356 12 0.0
0.175266 0.788892 0.555723 12 0.0
0.279569 0.912339 0.600226 6 0.0
0.297818 0.925366 0.610368 6 0.0
0.262998 0.897843 0.648663 6 0.0
0.261321 0.899312 0.590084 6 0.0
0.29614 0.926835 0.551789 6 0.0
0.606231 0.024491 0.418659 5 3.6e-05
0.592271 0.023461 0.396514 5 3.6e-05
0.605449 0.033825 0.418717 5 3.6e-05
0.620191 0.025521 0.440803 5 3.6e-05
0.607013 0.015157 0.4186 5 3.6e-05
0.779024 0.862834 0.656854 12 0.0
0.769428 0.874502 0.66923 12 0.0
0.78835 0.851744 0.674539 12 0.0
0.78862 0.851167 0.644477 12 0.0
0.769698 0.873924 0.639168 12 0.0
0.760276 0.872016 0.328656 12 0.000337
0.748249 0.885858 0.330795 12 0.000337
0.762117 0.871055 0.345233 12 0.000337
0.772303 0.858175 0.326518 12 0.000337
0.758435 0.872978 0.31208 12 0.000337
0.801873 0.834769 0.425853 12 0.0
0.790521 0.85174 0.432644 12 0.0
0.80758 0.825785 0.457844 12 0.0
0.813224 0.817797 0.419062 12 0.0
0.796165 0.843752 0.393863 12 0.0
0.469287 0.976631 0.746204 3 1e-06
0.647785 0.03954 0.245559 13 0.0
0.427916 0.985855 0.249407 13 0.999859
0.261725 0.897691 0.511832 6 0.0
0.286297 0.919653 0.50848 6 0.0
0.267315 0.902955 0.587294 6 0.0
0.237153 0.875729 0.515185 6 0.0
0.256135 0.892426 0.436371 6 0.0
0.547511 0.992901 0.41384 12 0.0
0.527879 0.995457 0.41386 12 0.0
0.547589 0.993097 0.465518 12 0.0
0.567142 0.990346 0.41382 12 0.0
0.547432 0.992705 0.362162 12 0.0
0.132285 0.062403 0.609774 12 0.0
0.132492 0.081534 0.611005 12 0.0
0.132512 0.059549 0.654069 12 0.0
0.132078 0.043272 0.608542 12 0.0
0.132058 0.065257 0.565478 12 0.0
0.206643 0.144524 0.241763 13 0.0
0.211817 0.190065 0.239998 13 0.0
0.229882 0.141842 0.240668 13 0.0
0.201469 0.098984 0.243529 13 0.0
0.183403 0.147207 0.242858 13 0.0
0.86707 0.271651 0.65135 12 0.0
0.868229 0.356757 0.641943 12 0.0
0.866844 0.274851 0.680271 12 0.0
0.86591 0.186545 0.660758 12 0.0
0.867296 0.268451 0.62243 12 0.0
0.173285 0.755278 0.252189 13 3e-06
0.467354 0.990851 0.692998 12 0.0
0.493572 0.993173 0.695543 12 0.0
0.465414 0.991645 0.712259 12 0.0
0.441136 0.988528 0.690453 12 0.0
0.469294 0.990057 0.673738 12 0.0
0.857971 0.677841 0.691623 12 0.0
0.854254 0.702303 0.688551 12 0.0
0.857343 0.680332 0.712223 12 0.0
0.861689 0.653378 0.694695 12 0.0
0.8586 0.675349 0.671022 12 0.0
0.76546 0.759456 0.748172 3 0.0
0.740713 0.810139 0.748622 3 0.0
0.785272 0.769119 0.74937 3 0.0
0.790208 0.708773 0.747723 3 0.0
0.745649 0.749793 0.746975 3 0.0
0.689181 0.914771 0.318644 12 1e-06
0.663636 0.931659 0.314132 12 1e-06
0.687665 0.915814 0.331131 12 1e-06
0.714726 0.897882 0.323155 12 1e-06
0.690697 0.913728 0.306156 12 1e-06
0.841069 0.754308 0.69432 10 0.0
0.837211 0.760237 0.677517 10 0.0
0.836546 0.770434 0.701048 10 0.0
0.844927 0.748379 0.711124 10 0.0
0.845592 0.738182 0.687592 10 0.0
0.865923 0.075819 0.472112 12 0.0
0.866014 0.097936 0.468833 12 0.0
0.866429 0.086182 0.542034 12 0.0
0.865832 0.053702 0.475391 12 0.0
0.865416 0.065456 0.40219 12 0.0
0.672742 0.952478 0.688833 12 0.0
0.656145 0.9612 0.68032 12 0.0
0.665106 0.956332 0.707668 12 0.0
0.689339 0.943755 0.697347 12 0.0
0.680378 0.948623 0.669998 12 0.0
0.318 0.891823 0.748405 3 0.0
0.14419 0.535411 0.715592 12 0.0
0.251487 0.796474 0.493917 6 0.0
0.28108 0.842463 0.469092 6 0.0
0.263707 0.817253 0.54698 6 0.0
0.221894 0.750484 0.518741 6 0.0
0.239267 0.775694 0.440854 6 0.0
0.133373 0.274645 0.710358 12 0.0
0.385062 0.096419 0.372079 5 0.0
0.310025 0.085985 0.364333 5 0.0
0.380822 0.123846 0.376203 5 0.0
0.460099 0.106854 0.379825 5 0.0
0.389302 0.068993 0.367955 5 0.0
0.284931 0.907679 0.368437 12 0.0
0.309405 0.928367 0.403147 12 0.0
0.274065 0.900992 0.380084 12 0.0
0.260457 0.886991 0.333726 12 0.0
0.295797 0.914366 0.35679 12 0.0
0.592861 0.126782 0.24263 13 0.0
0.596383 0.16499 0.24162 13 0.0
0.678423 0.118935 0.244129 13 0.0
0.589339 0.088574 0.24364 13 0.0
0.507299 0.134628 0.241131 13 0.0
0.457558 0.961591 0.74686 3 0.0
0.581878 0.956377 0.746196 3 0.0
0.164529 0.727803 0.750675 3 2e-05
0.735997 0.892573 0.355062 12 0.0
0.717513 0.908816 0.351573 12 0.0
0.73176 0.89482 0.387969 12 0.0
0.754481 0.876331 0.358551 12 0.0
0.740234 0.890326 0.322156 12 0.0
0.662524 0.904837 0.251382 13 0.0
0.760855 0.798128 0.74767 4 0.0
0.733715 0.841362 0.747979 4 0.0
0.745778 0.788675 0.74609 4 0.0
0.787995 0.754895 0.747362 4 0.0
0.775931 0.807582 0.74925 4 0.0
0.129713 0.346664 0.269235 12 0.000255
0.288427 0.607889 0.743188 11 9.5e-05
0.270344 0.868625 0.249985 13 0.000717
0.863605 0.113965 0.497459 12 0.0
0.863188 0.150257 0.498617 12 0.0
0.863686 0.111493 0.574993 12 0.0
0.864022 0.077674 0.496301 12 0.0
0.863523 0.116438 0.419925 12 0.0
0.140582 0.649734 0.409634 12 0.0
0.143748 0.67599 0.421389 12 0.0
0.138249 0.628113 0.458554 12 0.0
0.137417 0.623479 0.397879 12 0.0
0.142916 0.671356 0.360713 12 0.0
0.770194 0.703994 0.248259 13 0.0
0.75266 0.764888 0.248153 13 0.0
0.744747 0.696666 0.247952 13 0.0
0.787728 0.6431 0.248364 13 0.0
0.795641 0.711322 0.248565 13 0.0
0.850651 0.060872 0.587662 12 0.0
0.850577 0.0803 0.589959 12 0.0
0.85525 0.054951 0.637893 12 0.0
0.850725 0.041444 0.585366 12 0.0
0.846052 0.066793 0.537431 12 0.0
0.166086 0.230437 0.24393 13 0.0
0.316163 0.939343 0.547829 12 0.0
0.335624 0.951065 0.53757 12 0.0
0.327852 0.946215 0.577852 12 0.0
0.296703 0.927621 0.558089 12 0.0
0.304475 0.932471 0.517806 12 0.0
0.608552 0.969971 0.744203 3 1e-06
0.127872 0.299371 0.31183 12 0.0
0.141661 0.601275 0.723225 10 0.0
0.2131 0.826212 0.502862 12 0.0
0.225093 0.843075 0.498755 12 0.0
0.217768 0.832982 0.544297 12 0.0
0.201108 0.809348 0.506969 12 0.0
0.208432 0.819441 0.461428 12 0.0
0.81053 -1e-05 0.40476 1 0.0
0.791608 -0.000484 0.406012 1 0.0
0.813795 -1.5e-05 0.45411 1 0.0
0.829452 0.000464 0.403508 1 0.0
0.807265 -5e-06 0.35541 1 0.0
0.579228 0.94771 0.251404 13 0.0
0.549865 0.991278 0.718046 12 0.0
0.573192 0.987694 0.713891 12 0.0
0.55175 0.98974 0.729953 12 0.0
0.526538 0.994862 0.722202 12 0.0
0.54798 0.992816 0.70614 12 0.0
0.858431 0.229478 0.250639 13 0.576138
0.866983 0.331705 0.395598 12 0.0
0.866714 0.431641 0.394468 12 0.0
0.867743 0.332234 0.442184 12 0.0
0.867251 0.231769 0.396729 12 0.0
0.866222 0.331176 0.349013 12 0.0
0.723003 0.824813 0.748153 3 0.0
0.739948 0.839383 0.749635 3 0.0
0.687889 0.865647 0.748195 3 0.0
0.706058 0.810243 0.746671 3 0.0
0.758116 0.78398 0.74811 3 0.0
0.846701 0.388077 0.249532 13 1e-06
0.153368 0.06356 0.545442 12 0.0
0.152569 0.086376 0.54581 12 0.0
0.151075 0.062362 0.614689 12 0.0
0.154167 0.040744 0.545074 12 0.0
0.155661 0.064758 0.476195 12 0.0
0.410658 0.074313 0.242571 13 0.0
0.864594 0.10027 0.72384 12 0.0
0.226706 0.853638 0.522261 6 0.0
0.706265 0.861734 0.530294 10 3e-06
0.68136 0.883862 0.541545 10 3e-06
0.728705 0.855841 0.591553 10 3e-06
0.731169 0.839607 0.519042 10 3e-06
0.683825 0.867628 0.469034 10 3e-06
0.684017 0.867631 0.747393 3 0.0
0.696686 0.883727 0.748753 3 0.0
0.640706 0.90179 0.746582 3 0.0
0.671348 0.851535 0.746033 3 0.0
0.727328 0.833472 0.748203 3 0.0
0.154621 0.740184 0.52659 12 0.0
0.159786 0.758649 0.535603 12 0.0
0.14993 0.729643 0.550872 12 0.0
0.149456 0.721719 0.517576 12 0.0
0.159313 0.750725 0.502307 12 0.0
0.754851 0.263588 0.750637 4 0.0
0.762059 0.345004 0.752404 4 0.0
0.721086 0.266553 0.751771 4 0.0
0.747643 0.182173 0.74887 4 0.0
0.788616 0.260624 0.749503 4 0.0
0.865613 0.066927 0.496681 12 0.0
0.864826 0.12754 0.290223 12 0.011693
0.864716 0.129135 0.276184 12 0.011693
0.864985 0.169289 0.294963 12 0.011693
0.864935 0.125946 0.304262 12 0.011693
0.864666 0.085792 0.285483 12 0.011693
0.818073 0.003638 0.588096 1 0.0
0.802377 0.003978 0.589987 1 0.0
0.824239 0.003648 0.63927 1 0.0
0.833769 0.003297 0.586205 1 0.0
0.811906 0.003628 0.536922 1 0.0
0.163214 0.024746 0.457357 1 0.0
0.318764 0.188271 0.244726 13 0.0
0.277592 0.230367 0.244632 13 0.0
0.359089 0.227709 0.244118 13 0.0
0.359936 0.146175 0.244819 13 0.0
0.278439 0.148833 0.245333 13 0.0
0.770793 0.007662 0.75022 3 0.003461
0.65332 0.000457 0.512609 5 1.0
0.64933 0.00317 0.512009 5 1.0
0.652184 0.002162 0.52787 5 1.0
0.657309 -0.002255 0.513209 5 1.0
0.654455 -0.001247 0.497348 5 1.0
0.256833 0.73794 0.751695 3 0.0
0.286738 0.803518 0.751751 3 0.0
0.233859 0.748417 0.750928 3 0.0
0.226929 0.672361 0.751639 3 0.0
0.279807 0.727463 0.752461 3 0.0
0.141113 0.604707 0.580637 12 0.0
0.144679 0.625814 0.62964 12 0.0
0.136431 0.559539 0.600433 12 0.0
0.137547 0.583601 0.531634 12 0.0
0.145795 0.649876 0.560841 12 0.0
0.212764 0.561776 0.245659 13 0.0
0.185581 0.802258 0.569438 12 0.0
0.195123 0.819836 0.56658 12 0.0
0.187267 0.807035 0.604446 12 0.0
0.17604 0.78468 0.572296 12 0.0
0.183896 0.797481 0.534429 12 0.0
0.133489 0.178905 0.716043 12 0.0
0.13257 0.017737 0.296125 12 0.117554
0.133926 0.018832 0.277641 12 0.117554
0.13174 0.024908 0.296488 12 0.117554
0.131215 0.016643 0.314609 12 0.117554
0.133401 0.010567 0.295761 12 0.117554
0.399874 0.845805 0.75069 3 0.0
0.386742 0.869587 0.749569 3 0.0
0.464432 0.88142 0.75002 3 0.0
0.413005 0.822024 0.75181 3 0.0
0.335315 0.810191 0.751359 3 0.0
0.388479 0.128664 0.242214 13 0.0
0.38311 0.167142 0.240864 13 0.0
0.46827 0.139754 0.240956 13 0.0
0.393849 0.090185 0.243564 13 0.0
0.308688 0.117573 0.243472 13 0.0
0.817574 0.293485 0.748015 3 0.0
0.866979 0.494521 0.601457 12 0.0
0.864119 0.564869 0.600904 12 0.0
0.867006 0.494891 0.648467 12 0.0
0.869839 0.424173 0.60201 12 0.0
0.866952 0.494151 0.554447 12 0.0
0.474972 0.96985 0.488423 12 0.0
0.448337 0.96806 0.486607 12 0.0
0.47195 0.96883 0.533775 12 0.0
0.501607 0.97164 0.490238 12 0.0
0.477994 0.97087 0.44307 12 0.0
0.309934 0.015233 0.746574 3 0.999845
0.271638 -0.000887 0.73248 1 1e-06
0.570996 -0.002434 0.7363 1 0.0
0.304202 0.935352 0.616689 6 0.0
0.320911 0.947251 0.606665 6 0.0
0.315997 0.941289 0.6434 6 0.0
0.287492 0.923452 0.626712 6 0.0
0.292406 0.929415 0.589977 6 0.0
0.577014 0.90375 0.746641 4 0.0
0.521032 0.919761 0.747149 4 0.0
0.584067 0.928413 0.746508 4 0.0
0.632996 0.887738 0.746134 4 0.0
0.569961 0.879086 0.746775 4 0.0
0.564007 0.007935 0.747263 3 0.003948
0.276313 0.809428 0.751575 3 0.0
0.311719 0.855295 0.751066 3 0.0
0.256624 0.824626 0.751568 3 0.0
0.240907 0.763561 0.752083 3 0.0
0.296002 0.79423 0.751581 3 0.0
0.237445 0.845937 0.729302 6 5.8e-05
0.452228 0.930572 0.714555 3 0.0
0.175695 0.607235 0.755835 3 0.0
0.134586 0.018406 0.497792 12 0.010541
0.511285 -7.6e-05 0.294674 1 0.028539
0.523686 -4.8e-05 0.308508 1 0.017148
0.436068 0.354349 0.247676 14 0.999967
0.548113 -0.000489 0.654873 1 1.1e-05
0.850496 0.002922 0.454399 1 0.999252
0.135581 0.340345 0.720775 10 0.0
0.499545 -0.001251 0.726105 1 0.0
0.515571 0.980492 0.558904 12 0.0
0.502547 0.98431 0.562157 12 0.0
0.521986 0.979396 0.585877 12 0.0
0.528596 0.976674 0.555652 12 0.0
0.509157 0.981589 0.531932 12 0.0
0.696001 0.474733 0.269909 7 5e-06
0.176658 0.151362 0.243074 13 0.0
0.692967 0.935329 0.578818 12 0.0
0.6774 0.944932 0.577796 12 0.0
0.691003 0.937846 0.632416 12 0.0
0.708534 0.925725 0.579839 12 0.0
0.694931 0.932811 0.52522 12 0.0
0.744609 0.899038 0.379558 12 0.0
0.731015 0.91128 0.378822 12 0.0
0.743856 0.900318 0.414744 12 0.0
0.758202 0.886796 0.380293 12 0.0
0.745361 0.897758 0.344372 12 0.0
0.287061 0.868895 0.750333 3 0.0
0.86391 0.021263 0.497475 12 0.0
0.851673 0.615035 0.72438 12 0.0
0.811189 -0.001051 0.713722 1 0.0
0.790499 -0.002359 0.714427 1 0.0
0.81163 -0.000279 0.72807 1 0.0
0.83188 0.000257 0.713017 1 0.0
0.810749 -0.001823 0.699374 1 0.0
0.504939 0.995682 0.24822 13 0.999254
0.137212 0.442802 0.271351 12 0.001917
0.824145 0.714003 0.518468 12 0.0
0.144117 0.000848 0.462452 1 0.000741
0.12892 0.387474 0.306103 12 0.00048
0.560219 0.771433 0.658077 7 0.0
0.538703 0.779321 0.655546 7 0.0
0.557463 0.774145 0.68996 7 0.0
0.581736 0.763546 0.660608 7 0.0
0.562976 0.768722 0.626194 7 0.0
0.478725 0.051257 0.750819 3 0.0
0.550572 0.199756 0.38235 2 0.0
0.57555 0.24109 0.389515 2 0.0
0.51496 0.224086 0.366138 2 0.0
0.525595 0.158422 0.375185 2 0.0
0.586185 0.175426 0.398562 2 0.0
0.170725 0.770418 0.746437 12 0.975651
0.521364 0.992099 0.554696 12 0.0
0.500313 0.99366 0.556058 12 0.0
0.525371 0.99307 0.615494 12 0.0
0.542415 0.990538 0.553333 12 0.0
0.517357 0.991127 0.493898 12 0.0
0.823863 0.575776 0.283753 14 0.998669
0.319062 0.215411 0.24501 13 0.0
0.276781 0.187322 0.245259 13 0.0
0.280257 0.273821 0.244887 13 0.0
0.361344 0.243501 0.244761 13 0.0
0.357868 0.157001 0.245133 13 0.0
0.836283 0.014181 0.377231 1 1e-06
0.499605 -4.3e-05 0.301479 1 0.000392
0.654062 -3.1e-05 0.463599 1 0.0
0.673437 0.442602 0.724856 7 0.0
0.864734 0.051032 0.362553 12 0.0
0.865181 0.068505 0.361034 12 0.0
0.86372 0.054203 0.398737 12 0.0
0.864288 0.033559 0.364072 12 0.0
0.865748 0.047861 0.326368 12 0.0
0.640917 0.95978 0.49018 12 0.0
0.624247 0.966995 0.49052 12 0.0
0.641718 0.959526 0.534882 12 0.0
0.657587 0.952565 0.489841 12 0.0
0.640115 0.960034 0.445478 12 0.0
0.317114 0.213416 0.262355 13 0.0
0.276453 0.275537 0.257757 13 0.0
0.360484 0.241734 0.261408 13 0.0
0.357775 0.151296 0.266952 13 0.0
0.273745 0.185099 0.263301 13 0.0
0.14977 0.729227 0.629987 12 0.0
0.149107 0.730717 0.651859 12 0.0
0.144055 0.707236 0.631312 12 0.0
0.150432 0.727736 0.608114 12 0.0
0.155484 0.751217 0.628661 12 0.0
0.130135 0.176626 0.539129 12 0.0
0.129533 0.231219 0.545176 12 0.0
0.13043 0.169392 0.604467 12 0.0
0.130736 0.122032 0.533082 12 0.0
0.129839 0.183859 0.473791 12 0.0
0.422077 0.982115 0.478513 12 0.0
0.444258 0.986763 0.475655 12 0.0
0.427973 0.984843 0.528695 12 0.0
0.399897 0.977467 0.481372 12 0.0
0.416181 0.979387 0.428332 12 0.0
0.788597 0.485233 0.248027 13 0.0
0.13372 0.357588 0.691935 12 0.0
0.487499 0.005522 0.349893 5 0.984192
0.863766 0.467165 0.628037 12 0.0
0.862463 0.468179 0.668123 12 0.0
0.865614 0.387443 0.630113 12 0.0
0.86507 0.46615 0.58795 12 0.0
0.861919 0.546886 0.62596 12 0.0
0.449481 0.76506 0.267334 14 1e-06
0.652648 0.716044 0.750158 7 0.999575
0.633621 0.721852 0.68327 7 0.0
0.611063 0.744838 0.683754 7 0.0
0.635129 0.722847 0.706261 7 0.0
0.656179 0.698866 0.682785 7 0.0
0.632113 0.720857 0.660278 7 0.0
0.213803 0.855754 0.379372 12 0.0
0.225121 0.871688 0.371815 12 0.0
0.219205 0.863633 0.404075 12 0.0
0.202484 0.83982 0.386929 12 0.0
0.208401 0.847875 0.354668 12 0.0
0.579461 0.947468 0.251262 13 0.0
0.717996 0.024928 0.75123 3 0.0
0.832517 0.308968 0.747567 3 0.0
0.314885 0.940402 0.611584 6 0.0
0.333435 0.952852 0.602526 6 0.0
0.329304 0.947312 0.650606 6 0.0
0.296335 0.927953 0.620643 6 0.0
0.300466 0.933493 0.572563 6 0.0
0.409731 0.749233 0.267428 14 2e-06
0.494283 0.034661 0.246114 13 0.0
0.712943 0.002126 0.253007 1 1.0
0.563296 -0.001338 0.706068 1 0.0
0.528213 0.778658 0.632933 7 0.0
0.503814 0.782808 0.624802 7 0.0
0.5161 0.783376 0.671691 7 0.0
0.552612 0.774507 0.641064 7 0.0
0.540326 0.773939 0.594175 7 0.0
0.680293 0.431205 0.253133 7 0.999999
0.338393 0.707611 0.748327 11 0.000946
0.157935 0.184343 0.751551 3 0.0
0.575838 0.360848 0.252572 7 0.871437
0.607211 0.83658 0.748466 4 0.0
0.535329 0.865558 0.748593 4 0.0
0.617112 0.861143 0.747559 4 0.0
0.679093 0.807601 0.74834 4 0.0
0.59731 0.812016 0.749374 4 0.0
0.157244 -0.001676 0.434573 1 0.0
0.570297 0.777132 0.752004 3 0.0
0.7172 0.576862 0.244019 8 0.992573
0.631981 0.729942 0.751723 7 0.953169
0.314152 0.681092 0.752522 7 1e-06
0.748693 0.371167 0.73226 3 0.0
0.721735 0.381206 0.735252 3 0.0
0.772702 0.434519 0.736023 3 0.0
0.775651 0.361128 0.729268 3 0.0
0.724684 0.307815 0.728497 3 0.0
0.262401 0.863566 0.522114 6 4e-06
0.275455 0.876662 0.525113 6 4e-06
0.260089 0.855302 0.568275 6 4e-06
0.249347 0.850469 0.519116 6 4e-06
0.264713 0.871829 0.475954 6 4e-06
0.145963 0.551813 0.719192 12 0.0
0.592226 0.869537 0.251697 13 0.0
0.528786 0.894005 0.251869 13 0.0
0.580021 0.837899 0.250925 13 0.0
0.655665 0.845069 0.251525 13 0.0
0.60443 0.901175 0.252469 13 0.0
0.33145 0.032389 0.750341 3 0.0
0.233956 7e-06 0.3941 1 0.0
0.266381 -0.000318 0.395775 1 0.0
0.231581 -8.2e-05 0.440054 1 0.0
0.201531 0.000331 0.392425 1 0.0
0.236331 9.5e-05 0.348146 1 0.0
0.500167 -0.003198 0.706137 1 0.0
0.132374 0.2677 0.67154 12 0.0
0.318774 0.43849 0.250316 7 0.999997
0.18688 -0.001852 0.634967 1 0.0
0.203937 -0.002295 0.636963 1 0.0
0.182556 -0.001198 0.672044 1 0.0
0.169822 -0.001409 0.63297 1 0.0
0.191203 -0.002506 0.59789 1 0.0
0.78582 0.055787 0.249711 13 0.0
0.757365 0.061301 0.248326 13 0.0
0.789455 0.074705 0.250347 13 0.0
0.814275 0.050273 0.251096 13 0.0
0.782185 0.036869 0.249075 13 0.0
0.518599 0.067667 0.751868 3 0.0
0.363782 0.385105 0.256069 14 0.99999
0.162484 0.760335 0.610175 12 0.0
0.16255 0.761281 0.654583 12 0.0
0.154378 0.73939 0.610633 12 0.0
0.162418 0.759389 0.565768 12 0.0
0.170591 0.78128 0.609717 12 0.0
0.865812 0.335039 0.72514 12 0.0
0.758482 -0.001337 0.344002 1 0.0
0.723698 -0.002097 0.339177 1 0.0
0.754348 -0.001901 0.373891 1 0.0
0.793265 -0.000578 0.348828 1 0.0
0.762616 -0.000774 0.314114 1 0.0
0.297592 0.66394 0.749311 11 0.0
0.291448 0.52122 0.75324 7 0.999971
0.129086 0.440604 0.320935 12 0.012194
0.230515 0.851468 0.587409 6 0.0
0.243478 0.867373 0.586504 6 0.0
0.231054 0.85334 0.628024 6 0.0
0.217553 0.835563 0.588314 6 0.0
0.229976 0.849596 0.546794 6 0.0
0.675333 0.443223 0.616809 7 0.0
0.695513 0.482904 0.616092 7 0.0
0.67629 0.443519 0.660066 7 0.0
0.655154 0.403543 0.617526 7 0.0
0.674376 0.442928 0.573552 7 0.0
0.764592 0.451132 0.750682 3 0.0
0.705086 0.796099 0.298987 10 0.031201
0.296619 0.464893 0.752992 11 0.0
0.676646 0.945837 0.499845 12 0.0
0.661532 0.953289 0.503942 12 0.0
0.682523 0.943901 0.525044 12 0.0
0.69176 0.938386 0.495747 12 0.0
0.670769 0.947773 0.474645 12 0.0
0.46312 0.346426 0.248125 7 0.998507
0.336984 0.363702 0.246491 13 0.0
0.345055 0.396984 0.247808 13 0.0
0.602456 0.97746 0.35424 12 4.4e-05
0.586275 0.982512 0.349421 12 4.4e-05
0.595423 0.980089 0.380613 12 4.4e-05
0.618637 0.972408 0.359059 12 4.4e-05
0.609489 0.974831 0.327867 12 4.4e-05
0.507243 0.00011 0.284666 1 0.000448
0.33469 0.951957 0.510247 12 0.0
0.72506 0.737296 0.748131 3 0.0
0.626676 0.379486 0.338254 7 0.0
0.624038 0.373042 0.365721 7 0.0
0.602988 0.362758 0.332054 7 0.0
0.629315 0.385929 0.310787 7 0.0
0.650365 0.396214 0.344454 7 0.0
0.566049 -0.0006 0.689123 1 0.0
0.129063 0.339411 0.317449 12 0.0
0.168789 -0.000994 0.491701 1 0.0
0.694316 0.471356 0.343793 7 0.0
0.693278 0.462943 0.312611 7 0.0
0.708883 0.503178 0.334722 7 0.0
0.695354 0.479769 0.374974 7 0.0
0.679749 0.439534 0.352864 7 0.0
0.275432 0.758785 0.247638 13 0.0
0.252259 0.772447 0.24767 13 0.0
0.237539 0.69451 0.248079 13 0.0
0.298605 0.745123 0.247607 13 0.0
0.313326 0.82306 0.247198 13 0.0
0.693724 -0.001853 0.426878 1 0.0
0.711418 -0.001741 0.417227 1 0.0
0.723353 -0.002619 0.481192 1 0.0
0.67603 -0.001965 0.436529 1 0.0
0.664095 -0.001087 0.372564 1 0.0
0.514212 0.992868 0.514361 12 0.0
0.221703 0.371788 0.252792 13 0.0
0.715076 0.569986 0.301095 7 0.0
0.713673 0.601481 0.29993 7 0.0
0.714033 0.570655 0.320465 7 0.0
0.71648 0.53849 0.302259 7 0.0
0.716119 0.569316 0.281725 7 0.0
0.516779 0.333361 0.247783 14 0.0
0.770645 0.58721 0.750512 3 0.0
0.556229 0.783227 0.250076 7 0.999246
0.204047 0.843104 0.546916 10 0.0
0.210738 0.850646 0.521178 10 0.0
0.211531 0.855725 0.55256 10 0.0
0.197356 0.835561 0.572653 10 0.0
0.196562 0.830482 0.541271 10 0.0
0.372138 0.395244 0.609663 7 0.0
0.336939 0.428299 0.56452 7 0.0
0.362665 0.40768 0.626155 7 0.0
0.407337 0.362189 0.654807 7 0.0
0.381611 0.382808 0.593171 7 0.0
0.391181 0.356014 0.757082 11 0.0
0.189679 0.518252 0.244709 13 0.0
0.321292 0.783704 0.75228 3 0.0
0.688294 0.388543 0.246388 13 0.0
0.624291 0.970695 0.404106 12 0.0
0.605106 0.977625 0.403661 12 0.0
0.623308 0.971098 0.452706 12 0.0
0.643476 0.963765 0.404552 12 0.0
0.625273 0.970292 0.355506 12 0.0
0.587349 0.984208 0.426144 12 0.0
0.411183 -0.000703 0.308059 1 1e-06
0.749031 0.68 0.749067 3 0.0
0.632229 0.392346 0.283313 7 0.0
0.632674 0.392012 0.296556 7 0.0
0.602025 0.371618 0.283804 7 0.0
0.631784 0.39268 0.27007 7 0.0
0.662433 0.413073 0.282821 7 0.0
0.636309 0.006259 0.733585 1 7.3e-05
0.1555 3.9e-05 0.549971 1 0.0
0.227136 0.673471 0.246496 13 0.0
0.202436 0.679064 0.246663 13 0.0
0.211096 0.602628 0.24674 13 0.0
0.251837 0.667877 0.246328 13 0.0
0.243176 0.744313 0.246251 13 0.0
0.663408 -0.000478 0.487126 1 0.0
0.383581 0.026258 0.750226 3 0.0
0.707714 0.518724 0.374375 7 0.0
0.714396 0.553548 0.377863 7 0.0
0.704368 0.515279 0.415186 7 0.0
0.701032 0.483901 0.370887 7 0.0
0.71106 0.52217 0.333564 7 0.0
0.162885 0.41624 0.747665 3 0.0
0.644263 0.401538 0.248957 7 0.999956
0.59472 0.782084 0.75058 3 0.0
0.483483 0.79347 0.248727 13 0.0
0.151578 0.287733 0.748508 3 0.0
0.637128 0.26882 0.753049 3 0.0
0.274816 0.594242 0.754741 3 1e-06
0.337418 0.364012 0.246558 13 0.000764
0.496223 0.789588 0.753112 3 0.0
0.27004 0.622414 0.754366 3 0.0
0.239469 0.678106 0.746724 3 0.0
0.34523 0.960067 0.396605 12 0.0
0.351282 0.964915 0.383983 12 0.0
0.358549 0.966062 0.405294 12 0.0
0.339178 0.955219 0.409227 12 0.0
0.331911 0.954072 0.387916 12 0.0
0.867342 0.210562 0.675057 12 0.0
0.869336 0.27835 0.67184 12 0.0
0.867323 0.211726 0.699553 12 0.0
0.865349 0.142775 0.678274 12 0.0
0.867362 0.209399 0.65056 12 0.0
0.298108 0.91821 0.616531 6 0.0
0.322674 0.938393 0.597536 6 0.0
0.316969 0.927325 0.650608 6 0.0
0.273541 0.898027 0.635526 6 0.0
0.279247 0.909095 0.582453 6 0.0
0.866661 0.481558 0.677531 12 0.0
0.781585 0.832535 0.346626 12 0.0
0.769899 0.848305 0.35425 12 0.0
0.786506 0.822511 0.374902 12 0.0
0.793271 0.816764 0.339002 12 0.0
0.776664 0.842558 0.318351 12 0.0
0.184873 0.761153 0.416245 12 0.0
0.804503 0.708451 0.418443 5 1e-06
0.793653 0.733481 0.371229 5 1e-06
0.799861 0.733029 0.432539 5 1e-06
0.815354 0.683421 0.465656 5 1e-06
0.809146 0.683873 0.404346 5 1e-06
0.805992 0.827093 0.694933 12 0.0
0.795668 0.841982 0.683514 12 0.0
0.802076 0.835341 0.709229 12 0.0
0.816317 0.812203 0.706353 12 0.0
0.809908 0.818844 0.680637 12 0.0
0.352703 0.211225 0.753328 3 0.0
0.384927 0.24957 0.753787 3 0.0
0.292469 0.261857 0.752212 3 0.0
0.320478 0.17288 0.752868 3 0.0
0.412936 0.160592 0.754444 3 0.0
0.36281 0.966966 0.715467 12 0.0
0.361464 0.966492 0.727665 12 0.0
0.341459 0.956911 0.71272 12 0.0
0.364156 0.967441 0.703269 12 0.0
0.384161 0.977021 0.718214 12 0.0
0.193215 0.819527 0.316717 12 0.005293
0.20707 0.842672 0.309645 12 0.005293
0.196899 0.823896 0.338234 12 0.005293
0.17936 0.796381 0.323789 12 0.005293
0.189531 0.815158 0.2952 12 0.005293
0.415171 0.983992 0.449265 12 0.0
0.400015 0.980366 0.446116 12 0.0
0.408067 0.980841 0.487085 12 0.0
0.430326 0.987619 0.452414 12 0.0
0.422274 0.987144 0.411446 12 0.0
0.689264 0.888273 0.393801 9 2e-05
0.665785 0.905981 0.396772 9 2e-05
0.695864 0.894108 0.41118 9 2e-05
0.712743 0.870565 0.39083 9 2e-05
0.682664 0.882437 0.376422 9 2e-05
0.135385 -0.000507 0.632091 1 0.999999
0.864427 0.028795 0.715145 12 0.0
0.86415 0.039161 0.718037 12 0.0
0.863754 0.02537 0.727352 12 0.0
0.864704 0.01843 0.712252 12 0.0
0.865101 0.03222 0.702937 12 0.0
0.23281 0.83247 0.586762 6 0.0
0.249409 0.854736 0.587688 6 0.0
0.232116 0.831119 0.631693 6 0.0
0.216212 0.810205 0.585836 6 0.0
0.233504 0.833822 0.541831 6 0.0
0.582078 0.969177 0.251876 13 0.003988
0.418006 0.860184 0.739946 3 0.0
0.40512 0.884236 0.738523 3 0.0
0.476045 0.891225 0.738991 3 0.0
0.430893 0.836133 0.74137 3 0.0
0.359967 0.829144 0.740901 3 0.0
0.831318 0.719525 0.35345 16 0.0
0.827474 0.737858 0.337274 16 0.0
0.829727 0.732944 0.369036 16 0.0
0.835161 0.701193 0.369627 16 0.0
0.832909 0.706106 0.337865 16 0.0
0.634055 0.044925 0.476069 5 0.0
0.628771 0.054782 0.455314 5 0.0
0.634775 0.058607 0.482382 5 0.0
0.639338 0.035069 0.496824 5 0.0
0.633334 0.031244 0.469755 5 0.0
0.777573 0.864457 0.679471 12 0.0
0.770149 0.874743 0.691921 12 0.0
0.790573 0.849836 0.699303 12 0.0
0.784996 0.854171 0.667022 12 0.0
0.764572 0.879077 0.65964 12 0.0
0.756614 0.885218 0.252818 13 0.999999
0.679725 0.834287 0.702657 3 1e-06
0.853245 0.001576 0.328798 1 0.282874
0.269724 0.878755 0.365583 12 0.0
0.283278 0.889887 0.358543 12 0.0
0.280786 0.884879 0.396563 12 0.0
0.25617 0.867624 0.372623 12 0.0
0.258662 0.872632 0.334604 12 0.0
0.591759 0.980131 0.408302 12 0.0
0.571144 0.985342 0.408217 12 0.0
0.591562 0.980186 0.459747 12 0.0
0.612374 0.974921 0.408387 12 0.0
0.591956 0.980077 0.356857 12 0.0
0.426599 0.049998 0.244929 13 0.0
0.228501 0.853673 0.686819 6 0.0
0.253084 0.883835 0.692061 6 0.0
0.227872 0.8506 0.707453 6 0.0
0.203919 0.823511 0.681577 6 0.0
0.229131 0.856746 0.666185 6 0.0
0.866372 0.11208 0.703936 12 0.0
0.866532 0.147579 0.699568 12 0.0
0.865888 0.113935 0.718993 12 0.0
0.866211 0.076582 0.708304 12 0.0
0.866856 0.110226 0.688879 12 0.0
0.311359 0.022298 0.731971 1 2.1e-05
0.860479 0.432557 0.315671 12 0.0
0.379247 0.975352 0.360936 12 0.0
0.387123 0.978771 0.324627 12 0.0
0.395656 0.980849 0.365013 12 0.0
0.371371 0.971932 0.397244 12 0.0
0.362838 0.969854 0.356858 12 0.0
0.866841 0.492632 0.633535 12 0.0
0.864485 0.564814 0.63891 12 0.0
0.866545 0.489848 0.67078 12 0.0
0.869198 0.420449 0.62816 12 0.0
0.867138 0.495415 0.596289 12 0.0
0.318334 0.858613 0.748552 3 0.0
0.360584 0.893292 0.748503 3 0.0
0.303894 0.876204 0.748116 3 0.0
0.276084 0.823933 0.748601 3 0.0
0.332773 0.841022 0.748988 3 0.0
0.240725 0.88388 0.496515 6 0.0
0.255933 0.900705 0.49155 6 0.0
0.249636 0.891284 0.54889 6 0.0
0.225518 0.867055 0.501481 6 0.0
0.231815 0.876475 0.44414 6 0.0
0.810562 0.816364 0.55401 12 0.0
0.801493 0.832824 0.539818 12 0.0
0.801585 0.830805 0.576495 12 0.0
0.819631 0.799903 0.568203 12 0.0
0.819539 0.801922 0.531525 12 0.0
0.131949 0.217726 0.675685 12 0.0
0.794134 0.844967 0.657092 12 0.0
0.782914 0.861353 0.663444 12 0.0
0.800687 0.838168 0.686208 12 0.0
0.805354 0.828581 0.650741 12 0.0
0.787581 0.851766 0.627976 12 0.0
0.424638 0.159916 0.752655 3 0.0
0.511814 0.167453 0.753849 3 0.0
0.420469 0.208005 0.753515 3 0.0
0.337463 0.152379 0.75146 3 0.0
0.428808 0.111828 0.751794 3 0.0
0.773041 0.088424 0.248102 13 0.0
0.767883 0.117997 0.247722 13 0.0
0.804709 0.093965 0.249467 13 0.0
0.778199 0.058851 0.248482 13 0.0
0.741374 0.082883 0.246737 13 0.0
0.865521 0.037707 0.407804 12 0.0
0.162386 0.702315 0.730464 12 0.003701
0.686442 0.941022 0.333073 12 1e-06
0.668689 0.952062 0.332667 12 1e-06
0.685027 0.939775 0.36102 12 1e-06
0.704195 0.929982 0.333479 12 1e-06
0.687857 0.942269 0.305126 12 1e-06
0.718249 0.887694 0.455808 12 0.0
0.700114 0.90303 0.438522 12 0.0
0.701707 0.899978 0.48406 12 0.0
0.736383 0.872358 0.473095 12 0.0
0.734791 0.87541 0.427557 12 0.0
0.79936 0.818935 0.747987 3 0.683128
0.733662 0.860127 0.252184 13 0.0
0.302799 0.627189 0.60877 7 0.0
0.31478 0.661274 0.604971 7 0.0
0.299398 0.633653 0.65605 7 0.0
0.290817 0.593103 0.612568 7 0.0
0.306199 0.620724 0.56149 7 0.0
0.270626 0.868774 0.250672 13 0.000337
0.794097 0.762271 0.250434 13 0.0
0.133207 0.546031 0.653592 12 0.0
0.133835 0.600462 0.64854 12 0.0
0.133789 0.54883 0.683811 12 0.0
0.132579 0.491601 0.658644 12 0.0
0.132625 0.543233 0.623374 12 0.0
0.222301 0.811981 0.576069 6 0.0
0.238268 0.836734 0.566458 6 0.0
0.229529 0.821376 0.612272 6 0.0
0.206335 0.787229 0.585679 6 0.0
0.215074 0.802587 0.539865 6 0.0
0.151578 0.73043 0.732914 12 0.0
0.160316 0.71268 0.250602 13 0.116808
0.864712 0.022239 0.510195 12 0.0
0.168656 0.7762 0.655027 12 0.0
0.173644 0.78966 0.684428 12 0.0
0.159941 0.757661 0.664992 12 0.0
0.163668 0.762739 0.625625 12 0.0
0.177371 0.794738 0.645061 12 0.0
0.768174 0.842627 0.746377 3 0.0
0.785817 0.441198 0.247169 13 0.0
0.300974 0.473277 0.737428 7 0.0
0.250862 0.043112 0.315492 1 0.0
0.547413 0.982775 0.746041 3 0.085864
0.176987 0.664015 0.753885 3 0.0
0.163449 0.665509 0.753371 3 0.0
0.181599 0.705785 0.75383 3 0.0
0.190526 0.662521 0.754399 3 0.0
0.172376 0.622245 0.75394 3 0.0
0.767169 0.756314 0.74841 3 0.0
0.741541 0.810227 0.749286 3 0.0
0.747862 0.747153 0.747356 3 0.0
0.792797 0.702401 0.747534 3 0.0
0.786477 0.765475 0.749464 3 0.0
0.761748 0.11 0.503251 2 0.0
0.764879 0.141519 0.505389 2 0.0
0.738122 0.107097 0.580638 2 0.0
0.758618 0.078481 0.501113 2 0.0
0.706264 0.793354 0.249097 13 0.0
0.663224 0.848672 0.249574 13 0.0
0.682963 0.775235 0.247916 13 0.0
0.749303 0.738035 0.248619 13 0.0
0.729564 0.811472 0.250278 13 0.0
0.866252 0.048126 0.462986 12 0.0
0.867188 0.12943 0.599103 12 0.0
0.867902 0.171497 0.59702 12 0.0
0.867001 0.131796 0.646826 12 0.0
0.866473 0.087364 0.601185 12 0.0
0.867374 0.127065 0.551379 12 0.0
0.810171 0.747442 0.549453 12 0.0
0.196285 0.806437 0.561877 12 0.0
0.205858 0.823398 0.560645 12 0.0
0.198082 0.808197 0.600068 12 0.0
0.186712 0.789477 0.563109 12 0.0
0.194488 0.804677 0.523685 12 0.0
0.132754 0.179118 0.715834 12 0.0
0.867364 0.054055 0.654068 12 0.0
0.867818 0.072608 0.653892 12 0.0
0.866361 0.054377 0.685326 12 0.0
0.86691 0.035502 0.654245 12 0.0
0.868367 0.053733 0.622811 12 0.0
0.431044 0.913536 0.747938 3 0.0
0.425174 0.936234 0.747642 3 0.0
0.486652 0.927919 0.748024 3 0.0
0.436914 0.890838 0.748233 3 0.0
0.375436 0.899154 0.747851 3 0.0
0.164902 0.766869 0.61675 12 0.0
0.172956 0.786485 0.616758 12 0.0
0.163944 0.767244 0.659137 12 0.0
0.156847 0.747253 0.616741 12 0.0
0.165859 0.766495 0.574362 12 0.0
0.435338 0.021702 0.373659 5 0.0
0.435712 0.030655 0.375844 5 0.0
0.410315 0.020376 0.383372 5 0.0
0.434965 0.012749 0.371473 5 0.0
0.460362 0.023028 0.363946 5 0.0
0.851281 0.631244 0.620762 12 0.0
0.848855 0.658619 0.620906 12 0.0
0.853231 0.631198 0.662472 12 0.0
0.853707 0.603869 0.620619 12 0.0
0.849331 0.63129 0.579053 12 0.0
0.749762 -0.001107 0.728149 1 0.0
0.181874 0.19578 0.754819 3 0.0
0.575213 0.950695 0.619667 12 0.0
0.549139 0.953992 0.608618 12 0.0
0.561631 0.957546 0.653762 12 0.0
0.601287 0.947398 0.630717 12 0.0
0.588795 0.943844 0.585573 12 0.0
0.38676 0.977309 0.493349 12 0.0
0.797659 0.837946 0.544456 12 0.0
0.785355 0.855259 0.551052 12 0.0
0.804424 0.828939 0.580712 12 0.0
0.809964 0.820633 0.537859 12 0.0
0.790895 0.846953 0.5082 12 0.0
0.387758 0.958778 0.354716 12 0.0
0.395895 0.962826 0.321374 12 0.0
0.406256 0.965531 0.36005 12 0.0
0.379622 0.954731 0.388057 12 0.0
0.369261 0.952025 0.349382 12 0.0
0.328395 0.916223 0.597448 6 0.0
0.354343 0.933441 0.577899 6 0.0
0.343811 0.922677 0.623595 6 0.0
0.302447 0.899006 0.616997 6 0.0
0.312979 0.90977 0.571301 6 0.0
0.826456 0.033532 0.251349 13 1e-06
0.823769 0.020926 0.250391 13 1e-06
0.810498 0.037037 0.24999 13 1e-06
0.829144 0.046137 0.252307 13 1e-06
0.842415 0.030026 0.252707 13 1e-06
0.77342 0.870889 0.676032 12 0.000264
0.76041 0.884488 0.686163 12 0.000264
0.775794 0.864494 0.687665 12 0.000264
0.786429 0.857289 0.665901 12 0.000264
0.771046 0.877284 0.664399 12 0.000264
0.613031 0.974908 0.483845 12 0.0
0.247854 0.842379 0.748794 3 0.0
0.864716 0.160577 0.251148 13 0.999868
0.417138 0.972776 0.746504 3 0.02277
0.159584 0.591983 0.749778 3 0.0
0.825964 0.390504 0.747963 3 0.0
0.826117 0.7414 0.250433 13 0.999878
0.533644 0.000412 0.339082 1 2e-06
0.287814 0.592562 0.255829 7 0.990675
0.473483 0.05141 0.371345 5 0.0
0.468104 0.066257 0.374306 5 0.0
0.440661 0.040308 0.367397 5 0.0
0.478861 0.036564 0.368383 5 0.0
0.506304 0.062513 0.375292 5 0.0
0.816272 0.003111 0.478111 1 0.0
0.688315 0.069818 0.245887 13 0.0
0.687604 0.092667 0.245159 13 0.0
0.630291 0.067983 0.24498 13 0.0
0.689027 0.04697 0.246614 13 0.0
0.74634 0.071653 0.246793 13 0.0
0.13916 0.562142 0.745567 3 0.0
0.139209 0.533225 0.304934 12 1.9e-05
0.382132 -0.000811 0.683641 1 0.0
0.861672 0.546397 0.473401 12 0.0
0.858635 0.60469 0.486184 12 0.0
0.862098 0.531354 0.542097 12 0.0
0.864709 0.488105 0.460617 12 0.0
0.861246 0.56144 0.404704 12 0.0
0.627577 0.286176 0.455875 5 0.0
0.6171 0.288403 0.423745 5 0.0
0.638876 0.328214 0.455105 5 0.0
0.638054 0.283949 0.488005 5 0.0
0.616279 0.244138 0.456646 5 0.0
0.398545 0.117703 0.751502 3 0.0
0.399421 0.155389 0.753612 3 0.0
0.481796 0.115758 0.751695 3 0.0
0.397669 0.080017 0.749392 3 0.0
0.315293 0.119649 0.751309 3 0.0
0.502544 -0.002373 0.726537 1 0.0
0.136865 0.358276 0.717751 12 0.0
0.719519 0.010156 0.750133 3 1e-06
0.372314 0.95285 0.746789 4 0.0
0.861463 0.06455 0.631023 12 0.0
0.861744 0.082796 0.62523 12 0.0
0.860829 0.076557 0.668815 12 0.0
0.861181 0.046304 0.636815 12 0.0
0.862096 0.052543 0.593231 12 0.0
0.148354 0.721709 0.675651 12 0.0
0.154111 0.743178 0.678803 12 0.0
0.147221 0.718422 0.700101 12 0.0
0.142597 0.700239 0.672498 12 0.0
0.149487 0.724995 0.6512 12 0.0
0.82201 -0.00099 0.26015 1 0.998789
0.595037 0.976863 0.529633 10 0.0
0.586966 0.979383 0.527 10 0.0
0.588336 0.974924 0.548318 10 0.0
0.603109 0.974343 0.532266 10 0.0
0.601739 0.978802 0.510948 10 0.0
0.148885 0.133422 0.752362 3 0.258351
0.820516 0.086645 0.250979 13 0.0
0.820467 0.11719 0.250375 13 0.0
0.837702 0.086686 0.251606 13 0.0
0.820566 0.0561 0.251583 13 0.0
0.803331 0.086605 0.250352 13 0.0
0.13938 0.403245 0.281827 12 0.0
0.151508 0.59992 0.751154 3 0.001191
0.77562 0.004088 0.255683 1 0.996644
0.159383 0.000956 0.509127 1 0.0
0.451673 0.770584 0.628389 7 0.0
0.428056 0.764355 0.623179 7 0.0
0.442806 0.769999 0.669286 7 0.0
0.475291 0.776812 0.633599 7 0.0
0.460541 0.771169 0.587493 7 0.0
0.484453 0.001352 0.345896 5 0.999986
0.394449 0.005294 0.722552 1 0.0
0.623763 0.0116 0.67942 1 0.0
0.470588 0.776372 0.688134 7 0.0
0.444002 0.771845 0.691537 7 0.0
0.473256 0.777854 0.710952 7 0.0
0.497175 0.7809 0.684732 7 0.0
0.46792 0.77489 0.665316 7 0.0
0.543827 0.966943 0.554948 12 0.0
0.522925 0.969772 0.554752 12 0.0
0.543932 0.972022 0.616852 12 0.0
0.564728 0.964115 0.555145 12 0.0
0.543721 0.961865 0.493044 12 0.0
0.14045 0.359412 0.699467 12 0.0
0.141372 0.413771 0.686117 12 0.0
0.80257 0.000301 0.475158 1 0.0
0.177832 -0.001159 0.567283 1 0.0
0.662777 0.425075 0.673212 7 0.0
0.686872 0.457303 0.664796 7 0.0
0.666852 0.428754 0.698971 7 0.0
0.638682 0.392847 0.681628 7 0.0
0.658701 0.421395 0.647454 7 0.0
0.396143 0.978676 0.37409 12 0.0
0.376201 0.972878 0.372998 12 0.0
0.394108 0.977854 0.415624 12 0.0
0.416084 0.984474 0.375181 12 0.0
0.398177 0.979498 0.332555 12 0.0
0.863859 0.082121 0.463188 12 0.0
0.86449 0.109616 0.461603 12 0.0
0.863772 0.086063 0.531506 12 0.0
0.863228 0.054626 0.464774 12 0.0
0.863946 0.07818 0.394871 12 0.0
0.761011 0.378401 0.750501 3 0.0
0.138603 0.618314 0.579968 12 0.0
0.13943 0.622535 0.631801 12 0.0
0.133771 0.574855 0.583583 12 0.0
0.137777 0.614094 0.528134 12 0.0
0.143436 0.661773 0.576352 12 0.0
0.471658 0.000634 0.647917 5 0.999961
0.134442 0.364397 0.700901 12 0.0
0.140934 0.427832 0.709869 12 0.0
0.425354 0.109581 0.752129 3 0.0
0.427358 0.144143 0.753618 3 0.0
0.516388 0.104291 0.752394 3 0.0
0.42335 0.075018 0.75064 3 0.0
0.33432 0.114871 0.751864 3 0.0
0.625837 -0.001914 0.717108 1 0.0
0.305921 0.50915 0.303242 7 0.0
0.295587 0.54973 0.309177 7 0.0
0.30968 0.507343 0.322143 7 0.0
0.316254 0.46857 0.297307 7 0.0
0.302161 0.510957 0.284342 7 0.0
0.605118 0.754044 0.246304 14 0.993913
0.237953 0.844596 0.37497 12 0.0
0.248751 0.856205 0.365534 12 0.0
0.253163 0.859662 0.41091 12 0.0
0.227156 0.832988 0.384406 12 0.0
0.222743 0.82953 0.33903 12 0.0
0.841743 0.037935 0.748618 3 5.9e-05
0.842555 0.024236 0.748064 3 5.9e-05
0.832453 0.037432 0.747439 3 5.9e-05
0.840932 0.051634 0.749171 3 5.9e-05
0.851034 0.038438 0.749797 3 5.9e-05
0.380576 0.734033 0.265806 14 0.008281
0.453389 0.000807 0.276675 1 0.0
0.655709 0.034273 0.751713 3 0.0
0.46757 0.003127 0.362078 5 1.0
0.2984 0.226316 0.753756 3 0.0
0.273314 0.291823 0.752791 3 0.0
0.253858 0.209252 0.753347 3 0.0
0.323487 0.16081 0.754721 3 0.0
0.342943 0.243381 0.754165 3 0.0
0.825499 0.546608 0.265179 13 3e-06
0.133307 0.296448 0.726554 12 0.0
0.549156 -0.001424 0.727555 1 0.0
0.183682 0.802539 0.747135 3 0.131976
0.136893 0.001101 0.560052 1 0.0
0.365438 0.399156 0.256608 7 1.0
0.579081 0.759795 0.736477 7 0.0
0.765672 0.059822 0.749193 3 0.0
0.798055 0.050985 0.748087 3 0.0
0.76072 0.041654 0.749366 3 0.0
0.733289 0.068659 0.750299 3 0.0
0.770624 0.07799 0.74902 3 0.0
0.794447 -0.000661 0.684909 1 0.0
0.769072 -0.001587 0.683436 1 0.0
0.793191 -0.000665 0.706533 1 0.0
0.819822 0.000264 0.686383 1 0.0
0.795703 -0.000657 0.663286 1 0.0
0.446163 0.116091 0.62294 5 0.0
0.484541 0.110648 0.637808 5 0.0
0.438419 0.077384 0.628763 5 0.0
0.407786 0.121533 0.608072 5 0.0
0.453908 0.154797 0.617117 5 0.0
0.701518 0.4475 0.24856 13 6.6e-05
0.595239 0.981705 0.615283 12 0.0
0.57672 0.987238 0.607467 12 0.0
0.583709 0.983956 0.644193 12 0.0
0.613758 0.976173 0.6231 12 0.0
0.606769 0.979454 0.586374 12 0.0
0.408986 0.976716 0.547005 12 0.0
0.383755 0.969852 0.539135 12 0.0
0.399715 0.973036 0.579942 12 0.0
0.434218 0.983579 0.554874 12 0.0
0.418258 0.980395 0.514067 12 0.0
0.856109 0.043293 0.74891 3 0.999984
0.861854 0.044481 0.74807 3 0.999984
0.857469 0.034179 0.74533 3 0.999984
0.850363 0.042106 0.749751 3 0.999984
0.854749 0.052407 0.752491 3 0.999984
0.253305 0.851548 0.726197 3 3e-06
0.539334 0.007339 0.747058 3 0.99853
0.212644 0.744497 0.550319 12 0.0
0.22803 0.779516 0.552433 12 0.0
0.207674 0.743181 0.608307 12 0.0
0.197259 0.709478 0.548206 12 0.0
0.217614 0.745814 0.492331 12 0.0
0.352958 0.931248 0.565995 12 0.0
0.372479 0.943984 0.554165 12 0.0
0.368593 0.934073 0.594836 12 0.0
0.333437 0.918513 0.577825 12 0.0
0.337324 0.928424 0.537154 12 0.0
0.678351 -0.002437 0.709102 1 0.0
0.132142 0.299171 0.593984 12 0.0
0.132695 0.294739 0.642869 12 0.0
0.134995 0.213047 0.586145 12 0.0
0.13159 0.303602 0.5451 12 0.0
0.12929 0.385294 0.601823 12 0.0
0.814338 0.085638 0.748859 3 0.0
0.810077 0.113664 0.749728 3 0.0
0.797389 0.083068 0.748639 3 0.0
0.818599 0.057612 0.74799 3 0.0
0.831288 0.088208 0.749078 3 0.0
0.167985 -0.001518 0.621611 1 0.0
0.179969 -0.002135 0.621226 1 0.0
0.169225 -0.002006 0.660957 1 0.0
0.156001 -0.000901 0.621996 1 0.0
0.166745 -0.00103 0.582265 1 0.0
0.596051 0.295138 0.396747 5 0.0
0.632701 0.325128 0.411221 5 0.0
0.606001 0.277423 0.408257 5 0.0
0.5594 0.265148 0.382273 5 0.0
0.5861 0.312853 0.385237 5 0.0
0.836573 0.724043 0.414159 12 0.0
0.831107 0.745943 0.415354 12 0.0
0.835323 0.722156 0.443044 12 0.0
0.842039 0.702144 0.412965 12 0.0
0.837823 0.725931 0.385275 12 0.0
0.737951 0.393108 0.751273 3 0.0
0.346187 0.707596 0.655018 7 0.0
0.364084 0.729588 0.652647 7 0.0
0.345198 0.712193 0.690193 7 0.0
0.32829 0.685605 0.657388 7 0.0
0.347177 0.703 0.619843 7 0.0
0.198358 0.250556 0.75376 3 0.0
0.514685 0.97569 0.43208 12 0.0
0.796202 0.197971 0.697784 3 0.0
0.268771 0.830533 0.482746 6 0.0
0.286552 0.853662 0.483643 6 0.0
0.260775 0.83404 0.550838 6 0.0
0.250989 0.807404 0.481849 6 0.0
0.276767 0.827027 0.414655 6 0.0
0.339119 -0.000525 0.658864 1 0.0
0.652096 0.403935 0.753251 7 0.505151
0.597726 0.979224 0.410884 12 0.0
0.589487 0.981273 0.405881 12 0.0
0.587772 0.98265 0.428678 12 0.0
0.605964 0.977174 0.415887 12 0.0
0.607679 0.975798 0.393089 12 0.0
0.626531 -0.001569 0.692261 1 0.0
0.13334 0.3554 0.687527 12 0.0
0.509648 0.80034 0.245911 13 0.0
0.216098 0.835044 0.559687 6 0.0
0.829063 0.748598 0.519567 12 0.0
0.471956 0.975285 0.552083 12 0.0
0.713758 0.551711 0.332836 7 0.0
0.716661 0.58422 0.325804 7 0.0
0.711621 0.557851 0.360337 7 0.0
0.710854 0.519203 0.339868 7 0.0
0.715894 0.545571 0.305335 7 0.0
0.705884 0.551207 0.644631 7 0.0
0.706543 0.583771 0.644695 7 0.0
0.707575 0.551107 0.678109 7 0.0
0.705225 0.518642 0.644567 7 0.0
0.704193 0.551307 0.611152 7 0.0
0.503065 0.103722 0.244508 13 0.0
0.327451 0.411062 0.247199 13 0.0
0.243337 0.379181 0.244118 13 0.0
0.713744 0.624846 0.752902 3 0.0
0.481756 0.781968 0.751777 3 0.0
0.427102 0.347875 0.751815 11 0.987175
0.679967 0.436396 0.75096 7 0.625316
0.311385 0.467855 0.693518 7 0.0
0.29262 0.50747 0.693686 7 0.0
0.310532 0.467362 0.714635 7 0.0
0.330149 0.428241 0.69335 7 0.0
0.312238 0.468349 0.672402 7 0.0
0.136127 0.005483 0.427066 1 0.999737
0.260727 0.823914 0.653014 10 2e-06
0.286356 0.846854 0.659703 10 2e-06
0.259073 0.818862 0.676678 10 2e-06
0.235098 0.800973 0.646325 10 2e-06
0.262381 0.828965 0.62935 10 2e-06
0.825937 0.381695 0.250454 13 0.0
0.345863 0.389444 0.752415 3 2.3e-05
0.227635 0.564681 0.246731 13 0.0
0.788445 0.511726 0.749849 3 0.0
0.295215 0.493929 0.731115 7 0.0
0.352737 0.959566 0.366291 12 0.0
0.366538 0.965646 0.338209 12 0.0
0.368851 0.967655 0.375961 12 0.0
0.338936 0.953486 0.394373 12 0.0
0.336624 0.951476 0.356621 12 0.0
0.548943 0.992132 0.720973 12 0.0
0.525933 0.995628 0.724712 12 0.0
0.550594 0.991888 0.731359 12 0.0
0.571954 0.988636 0.717234 12 0.0
0.547293 0.992377 0.710588 12 0.0
0.609575 0.944085 0.581123 12 1e-06
0.584655 0.953419 0.568929 12 1e-06
0.594525 0.947628 0.614593 12 1e-06
0.634496 0.93475 0.593317 12 1e-06
0.624626 0.940541 0.547653 12 1e-06
0.833034 0.7481 0.411733 12 0.0
0.834801 0.750468 0.362759 12 0.0
0.827006 0.765694 0.412367 12 0.0
0.831268 0.745731 0.460708 12 0.0
0.839063 0.730506 0.4111 12 0.0
0.252477 0.883196 0.453765 12 0.0
0.271356 0.900746 0.443681 12 0.0
0.269746 0.901794 0.518468 12 0.0
0.233597 0.865646 0.463848 12 0.0
0.235207 0.864598 0.389061 12 0.0
0.808852 0.818166 0.571542 12 0.0
0.799578 0.833451 0.558066 12 0.0
0.800607 0.831647 0.592507 12 0.0
0.818127 0.80288 0.585018 12 0.0
0.817097 0.804685 0.550576 12 0.0
0.17102 0.325259 0.751224 3 0.0
0.352246 0.958359 0.658875 12 0.0
0.361679 0.964061 0.687584 12 0.0
0.336011 0.950669 0.665736 12 0.0
0.342813 0.952656 0.630165 12 0.0
0.368481 0.966048 0.652013 12 0.0
0.79862 0.515374 0.248951 13 0.0
0.703032 0.929957 0.494963 12 0.0
0.686224 0.941711 0.494614 12 0.0
0.701547 0.929704 0.557829 12 0.0
0.719839 0.918203 0.495313 12 0.0
0.704517 0.930211 0.432097 12 0.0
0.135395 0.00054 0.611946 1 0.999999
0.743521 0.858368 0.272306 13 0.999993
0.215439 0.841985 0.633712 6 0.0
0.226033 0.859012 0.640306 6 0.0
0.206912 0.835092 0.665212 6 0.0
0.204845 0.824957 0.627119 6 0.0
0.223966 0.848877 0.602212 6 0.0
0.502441 0.883643 0.251676 13 0.0
0.502353 0.916892 0.253024 13 0.0
0.430701 0.883438 0.252053 13 0.0
0.502529 0.850394 0.250327 13 0.0
0.574182 0.883849 0.251299 13 0.0
0.715887 0.888623 0.636612 12 2e-06
0.695326 0.903672 0.651027 12 2e-06
0.727993 0.874389 0.668741 12 2e-06
0.736448 0.873573 0.622198 12 2e-06
0.703781 0.902856 0.604484 12 2e-06
0.165072 0.738907 0.69478 12 0.0
0.173281 0.759166 0.691935 12 0.0
0.161276 0.742803 0.711568 12 0.0
0.156864 0.718649 0.697625 12 0.0
0.168869 0.735011 0.677993 12 0.0
0.630494 0.018965 0.537695 5 5.8e-05
0.787517 0.851369 0.697925 12 0.0
0.773396 0.869578 0.706762 12 0.0
0.79231 0.847242 0.714087 12 0.0
0.801639 0.833159 0.689087 12 0.0
0.782725 0.855496 0.681763 12 0.0
0.74908 0.893963 0.252452 13 0.991221
0.805337 0.82569 0.424667 12 0.0
0.800534 0.833796 0.427502 12 0.0
0.810464 0.81845 0.454062 12 0.0
0.81014 0.817583 0.421833 12 0.0
0.80021 0.832929 0.395273 12 0.0
0.533982 0.967266 0.746316 3 0.0
0.51442 0.019993 0.248723 13 0.0
0.828297 0.001075 0.449242 1 0.0
0.277636 0.902034 0.445956 12 0.0
0.29901 0.917841 0.434411 12 0.0
0.297586 0.920336 0.50795 12 0.0
0.256262 0.886228 0.457501 12 0.0
0.257686 0.883732 0.383962 12 0.0
0.823223 0.215743 0.747923 3 5e-06
0.481118 0.047178 0.24512 13 0.0
0.866068 0.057035 0.673122 12 0.0
0.86643 0.076012 0.676874 12 0.0
0.865412 0.052162 0.697833 12 0.0
0.865706 0.038058 0.66937 12 0.0
0.866724 0.061908 0.648411 12 0.0
0.867601 0.428297 0.309012 12 0.0
0.475462 0.923251 0.657798 10 5.7e-05
0.838768 0.731023 0.652034 10 0.0
0.832781 0.737168 0.621293 10 0.0
0.83449 0.750105 0.656681 10 0.0
0.844756 0.724879 0.682775 10 0.0
0.843046 0.711941 0.647387 10 0.0
0.340001 0.914135 0.489038 12 0.0
0.357845 0.920196 0.479853 12 0.0
0.360176 0.922143 0.533518 12 0.0
0.322156 0.908074 0.498223 12 0.0
0.319826 0.906126 0.444558 12 0.0
0.59509 0.959197 0.373494 12 0.0
0.582472 0.961822 0.352901 12 0.0
0.572938 0.965352 0.387851 12 0.0
0.607708 0.956573 0.394088 12 0.0
0.617241 0.953043 0.359138 12 0.0
0.292886 0.879902 0.74795 3 0.0
0.16926 0.773579 0.498477 12 0.0
0.138952 0.442812 0.72771 12 0.0
0.235244 0.855665 0.495871 6 0.0
0.247855 0.868658 0.491097 6 0.0
0.242052 0.86314 0.534191 6 0.0
0.222634 0.842673 0.500646 6 0.0
0.228437 0.848191 0.457552 6 0.0
0.402361 0.015909 0.373615 2 0.0
0.206281 0.822349 0.748344 3 0.01362
0.748733 0.897324 0.360259 12 0.0
0.734922 0.909767 0.359007 12 0.0
0.747484 0.899527 0.395927 12 0.0
0.762543 0.884882 0.361511 12 0.0
0.749981 0.895122 0.324591 12 0.0
0.666257 0.909346 0.251609 13 0.0
0.708699 0.789506 0.2491 13 0.0
0.666123 0.845696 0.249584 13 0.0
0.685321 0.771804 0.247785 13 0.0
0.751274 0.733316 0.248616 13 0.0
0.732076 0.807208 0.250416 13 0.0
0.329894 0.9492 0.623959 6 0.0
0.347394 0.959272 0.618466 6 0.0
0.341136 0.952392 0.665629 6 0.0
0.312394 0.939127 0.629453 6 0.0
0.318651 0.946008 0.58229 6 0.0
0.860283 0.471591 0.252819 13 0.999999
0.140331 0.589359 0.721841 12 0.0
0.582376 0.985184 0.598667 12 0.0
0.56414 0.989071 0.600555 12 0.0
0.587074 0.983199 0.648136 12 0.0
0.600613 0.981297 0.596779 12 0.0
0.577679 0.987169 0.549198 12 0.0
0.16844 0.781638 0.514561 12 0.0
0.174 0.794653 0.530935 12 0.0
0.163107 0.774527 0.522023 12 0.0
0.162879 0.768623 0.498186 12 0.0
0.173772 0.788749 0.507098 12 0.0
0.731096 0.879001 0.51862 12 0.0
0.710429 0.897827 0.526987 12 0.0
0.739074 0.872157 0.55373 12 0.0
0.751764 0.860176 0.510254 12 0.0
0.723118 0.885846 0.483511 12 0.0
0.587585 0.927425 0.745724 3 0.0
0.538438 0.942228 0.743997 3 0.0
0.592708 0.944445 0.745842 3 0.0
0.636732 0.912621 0.74745 3 0.0
0.582463 0.910405 0.745606 3 0.0
0.18477 0.64456 0.755161 3 0.0
0.735864 0.745988 0.74799 3 0.0
0.70128 0.813402 0.748121 3 0.0
0.712389 0.733943 0.748697 3 0.0
0.770449 0.678575 0.747859 3 0.0
0.75934 0.758033 0.747283 3 0.0
0.143563 0.66995 0.617887 12 0.0
0.148523 0.697012 0.628463 12 0.0
0.14085 0.65543 0.656311 12 0.0
0.138603 0.642888 0.607311 12 0.0
0.146275 0.684469 0.579463 12 0.0
0.867263 0.093068 0.668855 12 0.0
0.867518 0.120756 0.651645 12 0.0
0.86661 0.105235 0.688421 12 0.0
0.867007 0.065379 0.686065 12 0.0
0.867916 0.0809 0.649289 12 0.0
0.251925 0.764097 0.752869 3 0.0
0.280914 0.818208 0.752583 3 0.0
0.229471 0.776124 0.752369 3 0.0
0.222936 0.709986 0.753154 3 0.0
0.274379 0.752071 0.753368 3 0.0
0.706174 0.705049 0.598086 5 0.0
0.677359 0.769308 0.598097 5 0.0
0.698381 0.701546 0.642625 5 0.0
0.73499 0.640789 0.598075 5 0.0
0.713968 0.708551 0.553546 5 0.0
0.816381 0.641666 0.7483 4 1.4e-05
0.530445 0.768126 0.254207 14 0.999979
0.15331 0.093323 0.679044 12 0.0
0.152399 0.113317 0.684828 12 0.0
0.152737 0.090794 0.687698 12 0.0
0.154221 0.073329 0.673259 12 0.0
0.153884 0.095853 0.670389 12 0.0
0.345623 0.894462 0.749236 3 0.0
0.335735 0.910839 0.74894 3 0.0
0.387942 0.919997 0.748347 3 0.0
0.35551 0.878085 0.749532 3 0.0
0.303303 0.868927 0.750125 3 0.0
0.84462 0.615687 0.605684 12 0.0
0.840137 0.655043 0.625715 12 0.0
0.84854 0.594144 0.648888 12 0.0
0.849103 0.576332 0.585653 12 0.0
0.8407 0.637231 0.56248 12 0.0
0.143748 0.057998 0.751546 3 0.886245
0.133373 0.008315 0.488812 15 0.212443
0.141312 0.330795 0.729171 10 0.0
0.167842 0.008285 0.750189 3 0.942153
0.345183 0.74714 0.674782 11 0.0
0.36104 0.771574 0.668527 11 0.0
0.347703 0.750163 0.692982 11 0.0
0.329327 0.722706 0.681036 11 0.0
0.342663 0.744117 0.656581 11 0.0
0.309165 0.92564 0.570816 6 0.0
0.332297 0.94136 0.554982 6 0.0
0.326414 0.935882 0.606184 6 0.0
0.286033 0.909921 0.586649 6 0.0
0.291916 0.915399 0.535448 6 0.0
0.578186 0.963977 0.656789 12 0.0
0.555925 0.965846 0.645931 12 0.0
0.565571 0.974008 0.684379 12 0.0
0.600448 0.962109 0.667648 12 0.0
0.590802 0.953946 0.629199 12 0.0
0.593435 0.979162 0.485619 12 0.0
0.57783 0.984264 0.485995 12 0.0
0.594447 0.978975 0.530222 12 0.0
0.60904 0.974061 0.485243 12 0.0
0.592423 0.97935 0.441017 12 0.0
0.604717 0.923589 0.746269 3 0.0
0.558636 0.940131 0.746579 3 0.0
0.610597 0.939965 0.746518 3 0.0
0.650798 0.907047 0.74596 3 0.0
0.598837 0.907212 0.746021 3 0.0
0.158702 0.658727 0.745364 3 1e-06
0.643923 0.86179 0.25183 13 0.0
0.588791 0.895477 0.252096 13 0.0
0.629296 0.837862 0.250506 13 0.0
0.699055 0.828103 0.251563 13 0.0
0.65855 0.885718 0.253153 13 0.0
0.551472 0.987047 0.456664 12 0.0
0.53709 0.989762 0.45858 12 0.0
0.557245 0.986432 0.50088 12 0.0
0.565853 0.984331 0.454748 12 0.0
0.545698 0.987662 0.412448 12 0.0
0.157036 0.626159 0.75434 3 0.0
0.464829 0.013968 0.24733 13 0.027341
0.369417 0.012487 0.746515 3 1e-06
0.831597 0.488377 0.251557 13 0.0
0.627057 0.963938 0.471277 9 0.0
0.650183 -0.002545 0.72429 1 0.0
0.630233 -0.000912 0.260859 1 0.138929
0.671041 -0.00131 0.294702 1 0.025891
0.827454 0.002761 0.485536 1 0.0
0.599585 0.023583 0.248174 13 0.0
0.300531 -0.001638 0.677989 1 0.0
0.249059 -0.001985 0.682689 1 0.0
0.30262 -0.00141 0.700889 1 0.0
0.352002 -0.00129 0.673289 1 0.0
0.298441 -0.001865 0.655089 1 0.0
0.831288 0.629102 0.424753 12 0.0
0.82672 0.658236 0.436038 12 0.0
0.823533 0.60711 0.47839 12 0.0
0.835856 0.599967 0.413468 12 0.0
0.839043 0.651093 0.371116 12 0.0
0.161484 0.000138 0.495843 1 0.0
0.508516 -0.002278 0.708721 1 0.0
0.317399 0.889105 0.720477 3 0.992929
0.310951 0.900024 0.731548 3 0.992929
0.303103 0.877709 0.723391 3 0.992929
0.323846 0.878186 0.709406 3 0.992929
0.331694 0.900501 0.717562 3 0.992929
0.276915 0.893809 0.507555 12 0.0
0.303937 0.912692 0.499905 12 0.0
0.286739 0.909948 0.5821 12 0.0
0.249893 0.874927 0.515204 12 0.0
0.267091 0.877671 0.433009 12 0.0
0.732635 0.011883 0.740241 1 1e-06
0.427361 0.949638 0.746887 3 0.0
0.424373 0.962068 0.747099 3 0.0
0.386403 0.939788 0.747156 3 0.0
0.430349 0.937208 0.746676 3 0.0
0.468319 0.959488 0.746618 3 0.0
0.157538 0.148289 0.752218 3 0.000165
0.58426 0.015902 0.249534 13 0.0
0.729977 0.860531 0.323502 9 0.413427
0.707033 0.883394 0.317731 9 0.413427
0.721051 0.852738 0.328116 9 0.413427
0.752921 0.837667 0.329273 9 0.413427
0.738902 0.868323 0.318888 9 0.413427
0.170258 0.503758 0.755993 3 0.0
0.559037 -0.00204 0.718985 1 0.0
0.185992 0.020226 0.563852 1 0.0
0.748376 0.000181 0.563707 1 0.0
0.782318 0.000392 0.572935 1 0.0
0.732812 -0.000126 0.620959 1 0.0
0.714433 -2.9e-05 0.554479 1 0.0
0.763939 0.000488 0.506455 1 0.0
0.454757 0.001063 0.685442 1 0.0
0.189663 0.783906 0.749716 3 0.0
0.530234 0.968127 0.549235 12 0.0
0.179519 0.271142 0.24524 13 0.0
0.573879 0.005422 0.628875 5 1.0
0.826581 0.000713 0.488867 1 0.0
0.828955 0.718537 0.540757 12 1e-06
0.686857 -6.2e-05 0.422955 1 0.0
0.443623 0.99134 0.733489 10 1e-06
0.382759 0.108215 0.751699 3 0.0
0.461446 0.10336 0.752491 3 0.0
0.38491 0.143443 0.753892 3 0.0
0.304071 0.11307 0.750908 3 0.0
0.380607 0.072987 0.749506 3 0.0
0.814433 0.323066 0.748525 4 0.0
0.607761 0.026418 0.751326 3 0.0
0.13933 0.56618 0.71991 12 0.0
0.157755 0.745807 0.643672 12 0.0
0.156333 0.745092 0.677861 12 0.0
0.150358 0.724842 0.642926 12 0.0
0.159177 0.746522 0.609483 12 0.0
0.165151 0.766772 0.644418 12 0.0
0.138261 0.371673 0.689971 12 0.0
0.866468 0.231143 0.667229 12 0.0
0.866539 0.303181 0.663627 12 0.0
0.865763 0.232474 0.693834 12 0.0
0.866397 0.159105 0.670832 12 0.0
0.867173 0.229812 0.640625 12 0.0
0.795655 0.000458 0.465143 1 0.0
0.704926 0.607073 0.727691 7 0.0
0.695252 0.632833 0.72401 7 0.0
0.706191 0.608877 0.736994 7 0.0
0.714601 0.581312 0.731373 7 0.0
0.703662 0.605268 0.718388 7 0.0
0.710862 0.537165 0.738147 7 0.000212
0.138026 0.152162 0.271546 12 0.0
0.227712 0.867507 0.342848 12 0.0
0.239596 0.8824 0.336299 12 0.0
0.234716 0.874611 0.371715 12 0.0
0.215828 0.852613 0.349397 12 0.0
0.220707 0.860402 0.313981 12 0.0
0.770656 0.005103 0.75033 3 0.035863
0.817771 0.035226 0.720989 1 0.000442
0.831232 0.044179 0.71578 1 0.000442
0.807941 0.044632 0.711754 1 0.000442
0.80431 0.026273 0.726198 1 0.000442
0.8276 0.02582 0.730224 1 0.000442
0.333257 0.934267 0.622792 6 0.0
0.350025 0.943919 0.62006 6 0.0
0.342998 0.929984 0.667456 6 0.0
0.316489 0.924614 0.625523 6 0.0
0.323516 0.93855 0.578127 6 0.0
0.495954 0.013106 0.367105 2 0.004096
0.374819 0.735359 0.681916 7 0.0
0.394684 0.751753 0.67948 7 0.0
0.375379 0.738593 0.708237 7 0.0
0.354955 0.718966 0.684352 7 0.0
0.374259 0.732126 0.655596 7 0.0
0.276294 0.627062 0.24847 13 9.7e-05
0.647535 0.397599 0.248723 7 0.999915
0.170607 0.19457 0.752123 3 0.0
0.791655 0.540845 0.247946 13 0.0
0.140185 0.002934 0.500406 1 0.99904
0.64078 0.732347 0.247028 14 0.0
0.562987 0.7802 0.247814 14 0.0
0.290069 0.588174 0.257242 14 0.986926
0.489697 0.00552 0.359439 5 0.99804
0.616345 0.740111 0.271768 8 0.996103
0.639873 0.383881 0.248853 7 0.971142
0.543324 0.785861 0.246855 13 0.0
0.42656 0.346376 0.248366 13 0.0
0.857435 0.596937 0.311212 12 0.0
0.853548 0.648401 0.31641 12 0.0
0.858485 0.595033 0.33085 12 0.0
0.861321 0.545473 0.306014 12 0.0
0.856384 0.598841 0.291574 12 0.0
0.561048 0.352037 0.751908 7 0.996797
0.6847 0.919478 0.415011 12 0.0
0.667848 0.929871 0.413712 12 0.0
0.680233 0.916685 0.450618 12 0.0
0.701553 0.909085 0.41631 12 0.0
0.689167 0.922271 0.379403 12 0.0
0.744821 0.028516 0.710004 1 0.992234
0.352525 0.716946 0.713733 7 0.0
0.371447 0.737699 0.710845 7 0.0
0.353029 0.718504 0.728229 7 0.0
0.333603 0.696193 0.716622 7 0.0
0.352021 0.715388 0.699238 7 0.0
0.707666 0.5816 0.460454 8 0.0
0.702374 0.621584 0.464417 8 0.0
0.704941 0.574666 0.52678 8 0.0
0.712958 0.541615 0.456491 8 0.0
0.71039 0.588533 0.394128 8 0.0
0.762252 0.804665 0.650057 11 2e-06
0.737696 0.822663 0.681236 11 2e-06
0.774061 0.78614 0.67005 11 2e-06
0.786809 0.786666 0.618878 11 2e-06
0.750444 0.823189 0.630064 11 2e-06
0.767814 0.784491 0.747664 4 3e-06
0.742932 0.828632 0.748065 4 3e-06
0.75203 0.775607 0.746149 4 3e-06
0.792697 0.740349 0.747262 4 3e-06
0.783599 0.793374 0.749179 4 3e-06
0.611918 0.976551 0.379453 12 0.0
0.594289 0.982241 0.37813 12 0.0
0.608702 0.976363 0.42151 12 0.0
0.629547 0.97086 0.380775 12 0.0
0.615134 0.976739 0.337396 12 0.0
0.136023 0.35561 0.71778 12 0.0
0.578556 0.97618 0.555327 12 0.0
0.567727 0.979377 0.556428 12 0.0
0.582212 0.975887 0.592145 12 0.0
0.589384 0.972983 0.554226 12 0.0
0.574899 0.976474 0.518509 12 0.0
0.133524 0.371815 0.649133 12 0.0
0.159708 -0.00073 0.601903 1 0.0
0.430491 0.769603 0.248788 7 0.969177
0.690231 0.479321 0.70621 7 0.0
0.701894 0.511735 0.704866 7 0.0
0.691622 0.479467 0.721791 7 0.0
0.678569 0.446907 0.707554 7 0.0
0.68884 0.479176 0.690629 7 0.0
0.864826 0.208944 0.72835 12 0.0
0.275083 0.257791 0.251385 13 0.0
0.249535 0.334304 0.248705 13 0.0
0.313187 0.270478 0.250368 13 0.0
0.300632 0.181277 0.254065 13 0.0
0.23698 0.245103 0.252402 13 0.0
0.350504 0.700773 0.320358 7 0.0
0.373795 0.728502 0.31601 7 0.0
0.353989 0.701517 0.343773 7 0.0
0.327213 0.673045 0.324707 7 0.0
0.347019 0.700029 0.296944 7 0.0
0.654799 0.161128 0.753062 3 0.0
0.722172 0.162576 0.752069 3 0.0
0.655849 0.111707 0.752235 3 0.0
0.587426 0.15968 0.754056 3 0.0
0.653749 0.210549 0.753889 3 0.0
0.131095 0.362972 0.349958 12 0.0
0.130435 0.446286 0.347095 12 0.0
0.131084 0.36405 0.381323 12 0.0
0.131756 0.279658 0.35282 12 0.0
0.131106 0.361894 0.318593 12 0.0
0.218728 0.854219 0.651575 6 0.0
0.231748 0.871156 0.65202 6 0.0
0.216305 0.855248 0.683241 6 0.0
0.205707 0.837281 0.65113 6 0.0
0.22115 0.853189 0.619909 6 0.0
0.703663 0.00241 0.73678 1 0.000201
0.839499 0.02058 0.508881 1 1.0
0.132665 0.350072 0.701639 12 0.0
0.205858 0.812581 0.567425 12 0.0
0.217636 0.832019 0.567164 12 0.0
0.204525 0.813834 0.600486 12 0.0
0.19408 0.793144 0.567687 12 0.0
0.207192 0.811328 0.534364 12 0.0
0.687563 0.786117 0.270114 5 0.0
0.70325 0.803612 0.271852 5 0.0
0.639103 0.829296 0.272867 5 0.0
0.671877 0.768623 0.268375 5 0.0
0.736024 0.742939 0.267361 5 0.0
0.757599 0.693548 0.559836 5 0.0
0.737636 0.748378 0.552053 5 0.0
0.742806 0.696406 0.617917 5 0.0
0.777563 0.638718 0.567619 5 0.0
0.772393 0.69069 0.501755 5 0.0
0.43415 0.988054 0.567534 12 0.0
0.84406 0.26756 0.738904 4 0.875174
0.351877 0.719635 0.252679 14 0.000851
0.816997 0.243025 0.717972 3 0.0
0.832704 0.768058 0.535265 12 0.0
0.824903 0.787396 0.535497 12 0.0
0.831918 0.766991 0.597788 12 0.0
0.840504 0.74872 0.535033 12 0.0
0.833489 0.769124 0.472742 12 0.0
0.838471 0.755556 0.524266 12 0.0
0.830605 0.776915 0.52209 12 0.0
0.836459 0.759298 0.568261 12 0.0
0.846337 0.734197 0.526443 12 0.0
0.840483 0.751813 0.480272 12 0.0
0.135418 0.508233 0.687989 12 0.0
0.294214 0.500872 0.698548 7 0.0
0.287262 0.544845 0.696298 7 0.0
0.29388 0.501826 0.718229 7 0.0
0.301166 0.456899 0.700798 7 0.0
0.294547 0.499918 0.678867 7 0.0
0.8348 0.602595 0.68667 12 0.0
0.860362 0.498738 0.72169 12 0.0
0.862141 0.523019 0.501266 12 0.0
0.859164 0.588013 0.486958 12 0.0
0.860719 0.539563 0.57671 12 0.0
0.865119 0.458025 0.515574 12 0.0
0.863564 0.506476 0.425822 12 0.0
0.167347 0.232571 0.733002 3 0.0
0.393126 0.385262 0.633034 7 0.0
0.268587 0.638749 0.753835 3 0.0
0.816242 0.75872 0.483434 12 0.0
0.864704 0.092481 0.497046 12 0.0
0.864254 0.122284 0.495329 12 0.0
0.865322 0.097051 0.576227 12 0.0
0.865155 0.062678 0.498762 12 0.0
0.864086 0.08791 0.417865 12 0.0
0.291851 0.532599 0.613757 7 0.0
0.289124 0.56445 0.60812 7 0.0
0.285319 0.540275 0.660295 7 0.0
0.294578 0.500748 0.619393 7 0.0
0.298382 0.524923 0.567219 7 0.0
0.857424 0.658116 0.496643 12 0.0
0.854718 0.684135 0.492801 12 0.0
0.855937 0.669568 0.575236 12 0.0
0.86013 0.632097 0.500485 12 0.0
0.858911 0.646664 0.41805 12 0.0
0.398961 0.379025 0.678383 7 0.0
0.361509 0.403349 0.666227 7 0.0
0.392626 0.38029 0.700433 7 0.0
0.436413 0.354701 0.690539 7 0.0
0.405296 0.37776 0.656333 7 0.0
0.271483 0.535757 0.753399 3 2e-06
0.356456 0.950292 0.387293 12 0.0
0.366977 0.953413 0.368646 12 0.0
0.376395 0.957523 0.399753 12 0.0
0.345935 0.947171 0.405941 12 0.0
0.336517 0.943061 0.374833 12 0.0
0.864557 0.616011 0.724695 9 0.0
0.18943 0.761659 0.363135 12 0.89185
0.196156 0.785147 0.353667 12 0.89185
0.204033 0.77124 0.397276 12 0.89185
0.182703 0.73817 0.372604 12 0.89185
0.174827 0.752078 0.328994 12 0.89185
0.236076 0.856217 0.496211 6 0.0
0.24895 0.869304 0.489701 6 0.0
0.2455 0.866694 0.535908 6 0.0
0.223202 0.84313 0.502721 6 0.0
0.226652 0.845741 0.456514 6 0.0
0.814301 0.806711 0.603548 12 0.0
0.804814 0.824442 0.591883 12 0.0
0.806716 0.820602 0.630831 12 0.0
0.823787 0.78898 0.615214 12 0.0
0.821886 0.792819 0.576266 12 0.0
0.415411 0.982008 0.509295 12 0.0
0.149113 0.712804 0.717559 10 0.0
0.155416 0.739572 0.712001 10 0.0
0.149262 0.715027 0.728433 10 0.0
0.142811 0.686036 0.723117 10 0.0
0.148964 0.710581 0.706684 10 0.0
0.6281 0.952999 0.252421 13 0.044412
0.471311 0.000262 0.649863 2 0.999966
0.279449 0.913857 0.542265 6 0.0
0.303249 0.933048 0.541786 6 0.0
0.279369 0.915599 0.608094 6 0.0
0.255648 0.894666 0.542744 6 0.0
0.279528 0.912115 0.476436 6 0.0
0.345544 0.878966 0.749186 3 0.0
0.333381 0.897475 0.748496 3 0.0
0.390918 0.90876 0.748505 3 0.0
0.357708 0.860458 0.749876 3 0.0
0.300171 0.849172 0.749867 3 0.0
0.636353 0.001764 0.463615 5 0.735157
0.834199 0.663713 0.36645 12 0.999677
0.837572 0.686718 0.359565 12 0.999677
0.839954 0.673548 0.402135 12 0.999677
0.830825 0.640707 0.373334 12 0.999677
0.828444 0.653877 0.330765 12 0.999677
0.794307 0.842405 0.628304 12 0.0
0.783671 0.856777 0.652695 12 0.0
0.804583 0.829718 0.640261 12 0.0
0.804943 0.828033 0.603913 12 0.0
0.78403 0.855092 0.616347 12 0.0
0.735583 0.910158 0.250901 13 0.997848
0.794712 0.8104 0.449324 12 0.0
0.783252 0.829302 0.458763 12 0.0
0.800903 0.800899 0.475865 12 0.0
0.806172 0.791498 0.439884 12 0.0
0.788521 0.819901 0.422782 12 0.0
0.671298 0.845648 0.744922 3 0.0
0.68915 0.867573 0.747046 3 0.0
0.624219 0.884076 0.743928 3 0.0
0.653447 0.823723 0.742798 3 0.0
0.718377 0.80722 0.745915 3 0.0
0.49417 0.026476 0.247193 13 0.0
0.448932 0.989977 0.24926 13 0.999946
0.482243 0.897324 0.719572 3 0.0
0.480675 0.92702 0.717007 3 0.0
0.427392 0.894367 0.718876 3 0.0
0.483811 0.867627 0.722138 3 0.0
0.537094 0.900281 0.720269 3 0.0
0.354548 0.829836 0.398354 11 3e-06
0.407687 0.853555 0.386787 11 3e-06
0.352403 0.855372 0.440868 11 3e-06
0.301408 0.806117 0.409921 11 3e-06
0.356692 0.8043 0.35584 11 3e-06
0.85866 0.066787 0.749121 3 0.999997
0.374247 0.078995 0.243226 13 0.0
0.373107 0.103381 0.241807 13 0.0
0.44815 0.082387 0.242148 13 0.0
0.375387 0.05461 0.244645 13 0.0
0.300344 0.075603 0.244305 13 0.0
0.217885 0.845928 0.652215 6 0.0
0.235294 0.86912 0.650216 6 0.0
0.21655 0.849659 0.683882 6 0.0
0.200477 0.822736 0.654213 6 0.0
0.219221 0.842197 0.620547 6 0.0
0.866923 0.029357 0.590052 12 0.0
0.182697 0.22772 0.243338 13 0.0
0.432603 0.9903 0.676211 12 0.0
0.451883 0.993928 0.678184 12 0.0
0.430208 0.990018 0.700132 12 0.0
0.413323 0.986671 0.674238 12 0.0
0.434998 0.990581 0.652291 12 0.0
0.848434 0.729655 0.601463 12 0.0
0.846166 0.739357 0.57996 12 0.0
0.841673 0.752336 0.61241 12 0.0
0.850702 0.719953 0.622965 12 0.0
0.855195 0.706974 0.590516 12 0.0
0.405443 0.983902 0.275007 9 0.066049
0.403543 0.983374 0.265967 9 0.066049
0.425621 0.988891 0.270474 9 0.066049
0.407343 0.98443 0.284046 9 0.066049
0.385264 0.978913 0.279539 9 0.066049
0.864347 0.472322 0.566453 12 0.0
0.861242 0.554627 0.5701 12 0.0
0.863949 0.46971 0.625039 12 0.0
0.867452 0.390016 0.562805 12 0.0
0.864745 0.474933 0.507866 12 0.0
0.622378 0.906453 0.629997 10 9.5e-05
0.594253 0.925556 0.615241 10 9.5e-05
0.608819 0.907269 0.656896 10 9.5e-05
0.650502 0.88735 0.644753 10 9.5e-05
0.635936 0.905637 0.603098 10 9.5e-05
0.305492 0.886908 0.746688 3 0.0
0.172235 0.786793 0.498794 12 0.0
0.179943 0.803031 0.497169 12 0.0
0.174214 0.791811 0.558337 12 0.0
0.164528 0.770554 0.500418 12 0.0
0.170257 0.781774 0.43925 12 0.0
0.153384 0.503227 0.681862 12 0.0
0.817919 0.800589 0.593321 12 0.0
0.80898 0.818349 0.582712 12 0.0
0.811107 0.81312 0.620042 12 0.0
0.826859 0.782829 0.603929 12 0.0
0.824732 0.788057 0.5666 12 0.0
0.602101 0.955021 0.294808 12 1.0
0.602502 0.973491 0.283883 12 1.0
0.570004 0.959784 0.301682 12 1.0
0.6017 0.936551 0.305733 12 1.0
0.634198 0.950259 0.287934 12 1.0
0.779724 0.807775 0.606752 12 0.0
0.764074 0.829284 0.617599 12 0.0
0.786352 0.796184 0.639298 12 0.0
0.795374 0.786266 0.595905 12 0.0
0.773096 0.819366 0.574206 12 0.0
0.866302 0.075128 0.453123 12 0.0
0.86604 0.098287 0.450221 12 0.0
0.86644 0.08334 0.518657 12 0.0
0.866564 0.051968 0.456025 12 0.0
0.866163 0.066915 0.387589 12 0.0
0.220956 0.831835 0.747935 3 0.0
0.472849 0.996557 0.681787 12 0.0
0.489332 0.99729 0.682958 12 0.0
0.471276 0.997056 0.703609 12 0.0
0.456366 0.995824 0.680615 12 0.0
0.474422 0.996058 0.659964 12 0.0
0.858844 0.660445 0.618215 12 0.0
0.858133 0.672937 0.576617 12 0.0
0.854843 0.688083 0.626583 12 0.0
0.859556 0.647954 0.659813 12 0.0
0.862846 0.632808 0.609848 12 0.0
0.704856 0.843811 0.467183 11 2e-06
0.674765 0.878968 0.433633 11 2e-06
0.675983 0.858338 0.508301 11 2e-06
0.734946 0.808654 0.500734 11 2e-06
0.733728 0.829285 0.426066 11 2e-06
0.140196 0.630592 0.417011 12 0.0
0.143746 0.66189 0.435577 12 0.0
0.136694 0.601411 0.466872 12 0.0
0.136645 0.599294 0.398445 12 0.0
0.143697 0.659773 0.36715 12 0.0
0.353076 0.949794 0.471936 12 0.0
0.324154 0.946836 0.615315 6 0.0
0.341342 0.956624 0.612931 6 0.0
0.330288 0.947178 0.660945 6 0.0
0.306966 0.937048 0.617699 6 0.0
0.318019 0.946493 0.569686 6 0.0
0.866602 0.032659 0.502178 12 0.0
0.83642 0.739922 0.508996 12 0.0
0.838006 0.738028 0.471653 12 0.0
0.831462 0.755066 0.508018 12 0.0
0.834834 0.741817 0.54634 12 0.0
0.841377 0.724778 0.509975 12 0.0
0.20201 0.823687 0.437647 12 0.0
0.565579 0.987188 0.72565 12 0.0
0.594114 0.981989 0.724877 12 0.0
0.565849 0.987185 0.735649 12 0.0
0.537044 0.992386 0.726423 12 0.0
0.565309 0.98719 0.715651 12 0.0
0.58241 0.955434 0.633346 12 0.0
0.555716 0.963399 0.642153 12 0.0
0.593397 0.957105 0.665134 12 0.0
0.609104 0.94747 0.624538 12 0.0
0.571424 0.953764 0.601558 12 0.0
0.831768 0.223322 0.74835 3 0.0
0.866995 0.354253 0.314468 12 0.0
0.164853 0.777994 0.561091 12 0.0
0.168958 0.788833 0.578788 12 0.0
0.161428 0.766108 0.569165 12 0.0
0.160749 0.767156 0.543394 12 0.0
0.168279 0.789881 0.553016 12 0.0
0.760323 0.837548 0.748199 4 0.0
0.834214 0.760915 0.541541 12 0.0
0.827372 0.776833 0.527897 12 0.0
0.827454 0.774975 0.561334 12 0.0
0.841056 0.744997 0.555185 12 0.0
0.840975 0.746855 0.521747 12 0.0
0.834194 0.001656 0.288358 1 1e-06
0.847349 0.001893 0.286173 1 1e-06
0.836567 0.001735 0.302648 1 1e-06
0.82104 0.001419 0.290544 1 1e-06
0.831822 0.001577 0.274069 1 1e-06
0.764688 0.714626 0.747815 3 0.0
0.143442 0.693865 0.580479 12 0.0
0.145847 0.709556 0.587098 12 0.0
0.140809 0.680636 0.612798 12 0.0
0.141036 0.678174 0.57386 12 0.0
0.146074 0.707094 0.54816 12 0.0
0.13115 0.08015 0.325794 12 0.0
0.129823 0.106198 0.317894 12 0.0
0.13046 0.087573 0.350383 12 0.0
0.132478 0.054102 0.333695 12 0.0
0.131841 0.072727 0.301206 12 0.0
0.865654 0.022368 0.499834 12 0.0
0.436017 0.038048 0.246141 13 0.0
0.866477 0.060374 0.497624 12 0.0
0.805328 0.641216 0.74907 3 0.0
0.425282 0.036625 0.246034 13 0.0
0.832997 0.00235 0.480017 1 0.0
0.500479 0.028574 0.247154 13 0.0
0.470664 0.98084 0.251696 13 0.1135
0.216533 0.003379 0.740849 1 0.001101
0.834932 0.773447 0.35424 16 0.0
0.830711 0.78573 0.357461 16 0.0
0.838204 0.767253 0.382149 16 0.0
0.839154 0.761165 0.351019 16 0.0
0.831661 0.779642 0.326331 16 0.0
0.704401 0.891834 0.747048 3 0.0
0.577777 0.89574 0.747299 4 0.0
0.520023 0.913349 0.747125 4 0.0
0.585848 0.92221 0.7472 4 0.0
0.635531 0.878131 0.747473 4 0.0
0.569706 0.86927 0.747398 4 0.0
0.523115 0.991475 0.526304 12 0.0
0.524405 0.092214 0.752073 3 0.0
0.476907 -0.000172 0.328792 1 0.0
0.12771 0.399645 0.288016 12 0.0
0.399035 0.104689 0.247222 13 0.0
0.399155 0.135818 0.246372 13 0.0
0.31909 0.105026 0.248282 13 0.0
0.398915 0.073561 0.248072 13 0.0
0.47898 0.104353 0.246163 13 0.0
0.257653 0.004819 0.723517 1 0.0
0.862231 0.651732 0.442703 12 0.0
0.859915 0.67537 0.444337 12 0.0
0.862773 0.647552 0.503961 12 0.0
0.864548 0.628094 0.44107 12 0.0
0.86169 0.655912 0.381445 12 0.0
0.149244 -0.000898 0.387506 1 0.0
0.499493 -0.000821 0.739687 1 0.0
0.502541 0.000462 0.295879 1 0.001824
0.129969 0.066676 0.259615 12 0.823424
0.315848 0.218156 0.753555 3 0.0
0.27882 0.278552 0.752893 3 0.0
0.273214 0.192018 0.753517 3 0.0
0.352875 0.157759 0.754216 3 0.0
0.358481 0.244294 0.753593 3 0.0
0.172103 0.781542 0.34655 12 0.0
0.180442 0.799342 0.360304 12 0.0
0.163994 0.763725 0.374526 12 0.0
0.163765 0.763742 0.332797 12 0.0
0.180213 0.799359 0.318575 12 0.0
0.631187 0.013209 0.469938 2 0.013776
0.42174 0.934911 0.747593 3 0.0
0.417543 0.95011 0.747705 3 0.0
0.378138 0.922872 0.747528 3 0.0
0.425936 0.919712 0.747481 3 0.0
0.465341 0.94695 0.747658 3 0.0
0.13067 0.385539 0.606537 12 0.0
0.129996 0.388951 0.562451 12 0.0
0.131779 0.476124 0.613531 12 0.0
0.131344 0.382127 0.650623 12 0.0
0.129561 0.294954 0.599543 12 0.0
0.448388 0.769268 0.740333 11 0.0
0.191281 0.739667 0.752548 3 0.0
0.135099 0.355764 0.729295 12 0.0
0.186263 0.53581 0.755103 3 0.0
0.686083 0.02738 0.249459 13 0.0
0.636709 0.957274 0.25133 13 1.0
0.805952 0.799615 0.529058 12 0.0
0.794809 0.817712 0.514209 12 0.0
0.796954 0.814105 0.55347 12 0.0
0.817096 0.781518 0.543906 12 0.0
0.814951 0.785125 0.504645 12 0.0
0.832272 0.765009 0.249096 13 1.0
0.639156 0.965421 0.493824 12 0.0
0.195802 0.700093 0.572489 10 0.0
0.19706 0.705912 0.623522 10 0.0
0.1869 0.663779 0.576849 10 0.0
0.194544 0.694275 0.521456 10 0.0
0.204704 0.736408 0.568129 10 0.0
0.222555 0.006943 0.255953 1 0.99653
0.450465 0.963646 0.4566 12 0.0
0.468345 0.965378 0.454061 12 0.0
0.458158 0.962592 0.510058 12 0.0
0.432585 0.961914 0.459138 12 0.0
0.442772 0.9647 0.403141 12 0.0
0.537745 0.003042 0.325629 2 0.999959
0.508318 0.003389 0.324143 2 0.999959
0.536905 0.000361 0.341622 2 0.999959
0.567171 0.002695 0.327115 2 0.999959
0.538584 0.005722 0.309635 2 0.999959
0.578698 0.97866 0.550439 12 0.0
0.593581 0.974975 0.549961 12 0.0
0.579947 0.977753 0.596347 12 0.0
0.563814 0.982345 0.550917 12 0.0
0.577449 0.979567 0.504531 12 0.0
0.831141 0.058419 0.748745 3 0.005408
0.830833 0.038561 0.748161 3 0.005408
0.818757 0.058637 0.747886 3 0.005408
0.83145 0.078277 0.749329 3 0.005408
0.843525 0.058202 0.749605 3 0.005408
0.58856 0.035966 0.255251 13 0.0
0.766302 0.057432 0.749175 3 0.0
0.799078 0.052537 0.748583 3 0.0
0.769053 0.075889 0.74887 3 0.0
0.733526 0.062327 0.749767 3 0.0
0.763551 0.038974 0.749481 3 0.0
0.616102 0.954696 0.31206 10 9e-06
0.595611 0.963045 0.312684 10 9e-06
0.617623 0.956917 0.332295 10 9e-06
0.636592 0.946347 0.311436 10 9e-06
0.61458 0.952475 0.291825 10 9e-06
0.331323 0.001278 0.269102 1 0.052703
0.589032 0.019726 0.60581 5 0.0
0.692376 0.000503 0.665945 1 0.0
0.635867 -0.000795 0.67793 1 0.0
0.697683 0.000378 0.690959 1 0.0
0.748885 0.0018 0.653961 1 0.0
0.687068 0.000628 0.640931 1 0.0
0.501464 0.7785 0.247127 7 0.998901
0.72339 0.448438 0.267145 14 0.997247
0.487763 0.809483 0.752258 3 7.6e-05
0.658608 0.710804 0.248524 7 0.609756
0.325601 0.222772 0.665498 5 0.0
0.322821 0.265947 0.639276 5 0.0
0.264135 0.210984 0.652606 5 0.0
0.328382 0.179597 0.69172 5 0.0
0.387067 0.23456 0.678389 5 0.0
0.191466 0.739824 0.752285 3 0.0
0.205104 0.655651 0.754926 3 0.0
0.184253 0.658528 0.753578 3 0.0
0.213868 0.718558 0.753617 3 0.0
0.225955 0.652774 0.756275 3 0.0
0.19634 0.592743 0.756235 3 0.0
0.473293 0.010121 0.359073 5 0.999897
0.295423 0.507222 0.746279 7 0.999508
0.285863 0.552598 0.738983 7 2e-06
0.310298 0.473726 0.263169 7 1.0
0.335802 0.393979 0.247118 13 6e-06
0.847893 0.719063 0.442075 12 0.0
0.13371 0.54584 0.304799 12 0.013018
0.135805 0.086907 0.729403 12 0.0
0.391232 0.353298 0.752664 7 0.0
0.14627 0.652461 0.725372 12 0.0
0.559681 0.968382 0.62606 12 0.0
0.537317 0.971359 0.622094 12 0.0
0.553839 0.976836 0.665337 12 0.0
0.582044 0.965405 0.630027 12 0.0
0.565522 0.959928 0.586784 12 0.0
0.649697 0.81932 0.250696 13 0.0
0.513825 0.008367 0.644437 2 0.852847
0.502694 0.006746 0.646105 2 0.852847
0.514593 0.00343 0.644763 2 0.852847
0.524956 0.009987 0.64277 2 0.852847
0.513057 0.013303 0.644112 2 0.852847
0.134835 0.015767 0.440252 12 0.03449
0.4617 0.973847 0.554386 15 0.0
0.721967 0.488227 0.267229 14 0.0
0.681002 0.235641 0.752352 4 0.0
0.727432 0.302656 0.752152 4 0.0
0.64428 0.261085 0.752968 4 0.0
0.634572 0.168626 0.752551 4 0.0
0.717724 0.210197 0.751735 4 0.0
0.187177 0.503452 0.751484 3 0.0
0.541151 0.026015 0.63194 5 0.0
0.569119 0.027826 0.619315 5 0.0
0.542632 0.015382 0.633695 5 0.0
0.513183 0.024204 0.644566 5 0.0
0.539671 0.036648 0.630186 5 0.0
0.866147 0.327116 0.631143 12 0.0
0.86615 0.408894 0.624446 12 0.0
0.866581 0.330031 0.666741 12 0.0
0.866144 0.245338 0.63784 12 0.0
0.865714 0.324201 0.595545 12 0.0
0.349695 0.743321 0.681627 10 0.0
0.366004 0.761419 0.668193 10 0.0
0.357897 0.750418 0.701146 10 0.0
0.333386 0.725222 0.69506 10 0.0
0.341493 0.736224 0.662107 10 0.0
0.24712 -0.000308 0.475202 1 0.0
0.280762 -0.000717 0.469526 1 0.0
0.25874 -0.00032 0.544077 1 0.0
0.213477 0.0001 0.480878 1 0.0
0.235499 -0.000297 0.406327 1 0.0
0.384811 0.332153 0.753919 7 0.0
0.461509 0.991118 0.475321 12 0.0
0.860162 0.50297 0.748046 3 0.000316
0.812824 0.276478 0.249249 13 0.0
0.61597 0.339235 0.753127 4 1e-06
0.702019 0.929321 0.504799 12 0.0
0.689366 0.937356 0.504157 12 0.0
0.701074 0.930031 0.532297 12 0.0
0.714672 0.921287 0.505441 12 0.0
0.702964 0.928612 0.477301 12 0.0
0.50586 0.042212 0.246863 13 0.0
0.866115 0.305713 0.291731 12 0.0
0.504687 0.111358 0.244516 13 0.0
0.504947 0.145117 0.243415 13 0.0
0.396972 0.112175 0.244108 13 0.0
0.504427 0.077599 0.245617 13 0.0
0.612401 0.110541 0.244924 13 0.0
0.147466 0.456681 0.690986 12 0.0
0.86362 0.527356 0.548919 12 0.0
0.860285 0.587862 0.565155 12 0.0
0.864525 0.511259 0.609095 12 0.0
0.866955 0.46685 0.532683 12 0.0
0.862715 0.543453 0.488743 12 0.0
0.57527 -0.00029 0.279537 1 0.015724
0.221843 0.573627 0.754913 3 0.0
0.706029 0.61762 0.755619 7 0.999999
0.476227 0.782747 0.753041 3 0.0
0.133139 0.244577 0.712939 12 0.0
0.674457 0.949231 0.563377 12 0.0
0.658969 0.957437 0.562448 12 0.0
0.672258 0.950452 0.610843 12 0.0
0.689946 0.941025 0.564305 12 0.0
0.676657 0.948011 0.51591 12 0.0
0.477877 0.040344 0.248009 13 0.0
0.867249 0.357243 0.4376 12 0.0
0.865757 0.467605 0.443399 12 0.0
0.867654 0.354194 0.495724 12 0.0
0.868741 0.24688 0.4318 12 0.0
0.866845 0.360292 0.379476 12 0.0
0.139428 0.001878 0.347763 1 0.00421
0.450609 0.93323 0.490329 12 0.0
0.481205 0.94109 0.492074 12 0.0
0.447536 0.930939 0.55454 12 0.0
0.420014 0.92537 0.488585 12 0.0
0.453682 0.935521 0.426119 12 0.0
0.153896 0.518425 0.707284 12 0.0
0.495116 0.048659 0.24471 13 0.0
0.865938 0.538456 0.495304 12 0.0
0.863974 0.587561 0.503345 12 0.0
0.865934 0.527219 0.563928 12 0.0
0.867903 0.489351 0.487264 12 0.0
0.865943 0.549693 0.426681 12 0.0
0.578889 0.984493 0.710343 12 0.0
0.555123 0.989723 0.70789 12 0.0
0.577552 0.985124 0.724636 12 0.0
0.602654 0.979263 0.712797 12 0.0
0.580225 0.983862 0.696051 12 0.0
0.860155 0.472852 0.712236 12 0.0
0.165108 0.770133 0.45191 12 0.0
0.157377 0.749912 0.291787 15 0.008421
0.1647 0.771974 0.287099 15 0.008421
0.158819 0.752458 0.306019 15 0.008421
0.150055 0.72785 0.296475 15 0.008421
0.155936 0.747366 0.277556 15 0.008421
0.226085 0.861675 0.492212 12 0.0
0.366078 0.940321 0.275004 13 0.34414
0.827009 0.78941 0.69331 12 0.0
0.818702 0.805841 0.708889 12 0.0
0.831136 0.780345 0.705071 12 0.0
0.835315 0.77298 0.67773 12 0.0
0.822881 0.798475 0.681549 12 0.0
0.232902 0.196234 0.75444 3 0.0
0.240861 0.257742 0.756745 3 0.0
0.201815 0.200278 0.753867 3 0.0
0.224942 0.134725 0.752135 3 0.0
0.263989 0.192189 0.755013 3 0.0
0.198274 0.833436 0.363886 12 0.0
0.209564 0.851575 0.359938 12 0.0
0.20273 0.838484 0.39982 12 0.0
0.186984 0.815297 0.367834 12 0.0
0.193818 0.828389 0.327952 12 0.0
0.137698 0.630736 0.71553 12 0.0
0.140402 0.668494 0.712852 12 0.0
0.137827 0.631653 0.728587 12 0.0
0.134995 0.592979 0.718207 12 0.0
0.137569 0.62982 0.702473 12 0.0
0.136616 8e-06 0.668706 1 0.999876
0.234047 0.870374 0.664824 6 0.0
0.248593 0.886288 0.664273 6 0.0
0.232111 0.873107 0.692691 6 0.0
0.219502 0.854459 0.665374 6 0.0
0.235984 0.86764 0.636956 6 0.0
0.262841 0.885028 0.539815 6 0.0
0.332744 0.919094 0.746886 3 0.0
0.627938 0.027589 0.458021 5 1e-06
0.619791 0.027669 0.431572 5 1e-06
0.627765 0.038662 0.458108 5 1e-06
0.636084 0.027509 0.48447 5 1e-06
0.62811 0.016516 0.457934 5 1e-06
0.802141 0.799758 0.480027 12 0.0
0.79461 0.814117 0.483621 12 0.0
0.805699 0.79152 0.520404 12 0.0
0.809673 0.785399 0.476434 12 0.0
0.798584 0.807997 0.439651 12 0.0
0.53262 0.920824 0.747141 3 0.0
0.584968 0.915313 0.747512 3 0.0
0.534923 0.94268 0.746897 3 0.0
0.480273 0.926336 0.74677 3 0.0
0.530317 0.898968 0.747385 3 0.0
0.498311 0.021452 0.247662 13 0.0
0.831729 0.767267 0.632924 12 0.0
0.821675 0.791132 0.627631 12 0.0
0.82893 0.774422 0.670499 12 0.0
0.841783 0.743403 0.638217 12 0.0
0.834529 0.760113 0.59535 12 0.0
0.448719 0.045595 0.245591 13 0.0
0.863296 0.070363 0.305895 12 0.0
0.864243 0.094796 0.301982 12 0.0
0.863455 0.073471 0.32534 12 0.0
0.86235 0.045929 0.309808 12 0.0
0.863138 0.067254 0.286449 12 0.0
0.865435 0.069677 0.695276 12 0.0
0.865976 0.093171 0.69094 12 0.0
0.864847 0.073029 0.713371 12 0.0
0.864894 0.046182 0.699611 12 0.0
0.866023 0.066324 0.677181 12 0.0
0.864745 0.381867 0.295736 12 1.6e-05
0.858044 0.643924 0.735636 12 0.0
0.37298 0.972232 0.326046 9 6e-06
0.376216 0.973908 0.299806 9 6e-06
0.391651 0.97899 0.32878 9 6e-06
0.369745 0.970555 0.352285 9 6e-06
0.35431 0.965474 0.323312 9 6e-06
0.318086 0.867689 0.749292 3 0.0
0.355516 0.897923 0.749199 3 0.0
0.305428 0.883359 0.749088 3 0.0
0.280656 0.837456 0.749386 3 0.0
0.330743 0.852019 0.749496 3 0.0
0.156574 0.589171 0.714799 12 0.0
0.248204 0.84513 0.494912 6 0.0
0.265727 0.863736 0.486998 6 0.0
0.258502 0.856539 0.544535 6 0.0
0.230681 0.826524 0.502826 6 0.0
0.237907 0.833721 0.445288 6 0.0
0.82095 0.804018 0.550109 12 0.0
0.813189 0.818695 0.537638 12 0.0
0.813226 0.818848 0.572367 12 0.0
0.82871 0.78934 0.562581 12 0.0
0.828673 0.789188 0.527851 12 0.0
0.683284 0.942142 0.368603 12 0.0
0.666029 0.952145 0.369214 12 0.0
0.684603 0.942127 0.406081 12 0.0
0.700538 0.932138 0.367991 12 0.0
0.681964 0.942156 0.331124 12 0.0
0.579792 0.986434 0.247688 13 1.0
0.658109 0.788227 0.560778 10 0.0
0.602085 0.817147 0.595117 10 0.0
0.67456 0.771668 0.601563 10 0.0
0.714133 0.759308 0.526439 10 0.0
0.641658 0.804787 0.519993 10 0.0
0.767982 0.876515 0.723226 12 0.0
0.751875 0.894072 0.721611 12 0.0
0.768104 0.877592 0.733725 12 0.0
0.78409 0.858958 0.72484 12 0.0
0.767861 0.875438 0.712726 12 0.0
0.20612 0.005872 0.251638 13 1.0
0.548729 0.985424 0.74509 3 0.738784
0.568585 0.949856 0.743242 3 0.0
0.836565 0.087465 0.39927 12 0.0
0.83681 0.107379 0.393312 12 0.0
0.828568 0.101469 0.445745 12 0.0
0.836321 0.067551 0.405229 12 0.0
0.844563 0.073461 0.352795 12 0.0
0.256968 0.779389 0.752299 3 0.0
0.288025 0.830207 0.751843 3 0.0
0.236271 0.792032 0.751806 3 0.0
0.22591 0.72857 0.752755 3 0.0
0.277664 0.766745 0.752792 3 0.0
0.728315 0.910254 0.347045 12 0.0
0.71006 0.92529 0.343229 12 0.0
0.723526 0.912491 0.378764 12 0.0
0.74657 0.895219 0.350861 12 0.0
0.733103 0.908018 0.315325 12 0.0
0.859406 0.649319 0.561918 12 0.0
0.858163 0.659697 0.509231 12 0.0
0.856418 0.678802 0.567796 12 0.0
0.860649 0.638941 0.614604 12 0.0
0.862393 0.619836 0.55604 12 0.0
0.290249 0.595132 0.726151 7 0.0
0.293814 0.624184 0.725147 7 0.0
0.290596 0.595452 0.736637 7 0.0
0.286685 0.56608 0.727154 7 0.0
0.289903 0.594812 0.715664 7 0.0
0.804746 0.721906 0.746604 4 1.6e-05
0.859587 0.188359 0.249746 13 0.070294
0.864773 0.030473 0.501541 12 0.0
0.177363 0.614828 0.446164 12 0.0
0.181337 0.648262 0.472606 12 0.0
0.172043 0.576679 0.495201 12 0.0
0.173389 0.581394 0.419723 12 0.0
0.182684 0.652976 0.397127 12 0.0
0.849487 0.043523 0.551852 12 0.0
0.194612 0.820588 0.410982 12 0.0
0.203381 0.835314 0.412873 12 0.0
0.192185 0.817108 0.449337 12 0.0
0.185842 0.805862 0.409091 12 0.0
0.197038 0.824068 0.372627 12 0.0
0.176009 0.792978 0.251114 13 0.999989
0.603701 0.961039 0.54842 12 0.0
0.587836 0.966245 0.550892 12 0.0
0.608404 0.957701 0.585633 12 0.0
0.619566 0.955833 0.545949 12 0.0
0.598998 0.964377 0.511208 12 0.0
0.839523 0.344782 0.743496 3 0.0
0.181963 0.794667 0.545656 12 0.0
0.189515 0.809335 0.569265 12 0.0
0.173832 0.779117 0.557918 12 0.0
0.174412 0.779999 0.522046 12 0.0
0.190095 0.810218 0.533393 12 0.0
0.702577 0.795685 0.717523 3 0.0
0.722697 0.813941 0.714635 3 0.0
0.665297 0.836975 0.718805 3 0.0
0.682457 0.777429 0.720411 3 0.0
0.739857 0.754395 0.716241 3 0.0
0.163211 0.741716 0.685204 12 0.0
0.169536 0.762257 0.684337 12 0.0
0.16269 0.742761 0.706154 12 0.0
0.156887 0.721176 0.68607 12 0.0
0.163733 0.740672 0.664253 12 0.0
0.834657 0.762763 0.522873 12 0.0
0.827959 0.778102 0.508771 12 0.0
0.827443 0.777851 0.542712 12 0.0
0.841355 0.747424 0.536975 12 0.0
0.841871 0.747675 0.503034 12 0.0
0.864524 0.001117 0.300545 1 0.998494
0.171838 0.299307 0.245276 13 0.0
0.635266 0.04906 0.522657 5 0.0
0.632874 0.064367 0.529181 5 0.0
0.632916 0.038985 0.545434 5 0.0
0.637658 0.033753 0.516133 5 0.0
0.637616 0.059134 0.499881 5 0.0
0.792949 0.000499 0.471121 1 0.0
0.769262 0.000392 0.469361 1 0.0
0.787772 0.000898 0.540773 1 0.0
0.816637 0.000606 0.472881 1 0.0
0.798127 0.000101 0.401469 1 0.0
0.392353 0.891513 0.749247 3 0.0
0.382416 0.914631 0.748601 3 0.0
0.448039 0.915437 0.7488 3 0.0
0.40229 0.868395 0.749894 3 0.0
0.336667 0.867589 0.749694 3 0.0
0.169994 0.535206 0.248488 13 1.2e-05
0.865163 0.076193 0.557692 12 0.0
0.865297 0.101387 0.559043 12 0.0
0.865024 0.072983 0.617575 12 0.0
0.86503 0.050998 0.556342 12 0.0
0.865303 0.079402 0.49781 12 0.0
0.769133 -0.001689 0.70544 1 0.0
0.735638 -0.002609 0.704741 1 0.0
0.768781 -0.001151 0.7216 1 0.0
0.802628 -0.000769 0.706139 1 0.0
0.769485 -0.002228 0.689281 1 0.0
0.321308 0.90888 0.250196 13 0.0
0.242762 0.851364 0.387785 12 0.0
0.256514 0.864861 0.377968 12 0.0
0.255169 0.86267 0.42071 12 0.0
0.22901 0.837866 0.397603 12 0.0
0.230355 0.840057 0.354861 12 0.0
0.848468 0.373921 0.251945 13 0.19577
0.324601 0.684953 0.736761 7 0.0
0.633613 0.001517 0.519021 5 0.635091
0.380634 -0.000781 0.682878 1 0.0
0.662856 0.955844 0.4834 12 0.0
0.647831 0.96422 0.476706 12 0.0
0.651209 0.959863 0.514573 12 0.0
0.677881 0.947469 0.490093 12 0.0
0.674503 0.951825 0.452226 12 0.0
0.847163 0.180909 0.748687 4 1e-06
0.479164 0.947176 0.71812 3 0.0
0.477653 0.958521 0.716996 3 0.0
0.444132 0.943309 0.726166 3 0.0
0.480675 0.935831 0.719245 3 0.0
0.514196 0.951043 0.710074 3 0.0
0.156903 0.610244 0.748255 3 0.0
0.385488 0.0146 0.746787 3 0.098924
0.466992 0.024608 0.368134 5 0.0
0.442358 0.023367 0.370824 5 0.0
0.466867 0.034287 0.371461 5 0.0
0.491626 0.02585 0.365443 5 0.0
0.467116 0.01493 0.364806 5 0.0
0.862619 0.002528 0.594604 1 0.987124
0.500117 -6.1e-05 0.300682 1 0.001231
0.130083 0.467655 0.304746 12 3e-06
0.78507 0.000159 0.444603 1 0.0
0.809218 0.00051 0.440903 1 0.0
0.794388 -0.00094 0.50532 1 0.0
0.760921 -0.000192 0.448302 1 0.0
0.775751 0.001259 0.383885 1 0.0
0.732664 -0.000869 0.57535 1 0.0
0.763639 -0.000912 0.58561 1 0.0
0.714822 -0.000884 0.629213 1 0.0
0.701689 -0.000826 0.56509 1 0.0
0.750506 -0.000854 0.521487 1 0.0
0.133473 0.471431 0.282311 12 5.7e-05
0.134098 0.521192 0.466468 12 0.0
0.136875 0.554338 0.522727 12 0.0
0.130387 0.458705 0.503467 12 0.0
0.131321 0.488046 0.410209 12 0.0
0.137808 0.583679 0.429469 12 0.0
0.134622 0.32693 0.7155 12 0.0
0.405592 -0.001965 0.71802 1 0.0
0.287182 0.000171 0.678804 1 0.0
0.239404 -0.000803 0.682663 1 0.0
0.289054 0.000407 0.702037 1 0.0
0.334959 0.001145 0.674944 1 0.0
0.28531 -6.6e-05 0.655571 1 0.0
0.861649 0.663846 0.466558 12 0.0
0.859659 0.681829 0.466779 12 0.0
0.860334 0.663109 0.514564 12 0.0
0.86364 0.645863 0.466336 12 0.0
0.862965 0.664583 0.418552 12 0.0
0.169846 0.000963 0.296132 1 0.0
0.183063 0.000788 0.293808 1 0.0
0.172892 0.00047 0.313498 1 0.0
0.156629 0.001137 0.298456 1 0.0
0.166799 0.001456 0.278766 1 0.0
0.499834 -0.000958 0.669469 1 0.0
0.167424 0.709339 0.745139 3 0.0
0.867387 0.064116 0.600389 12 0.0
0.867689 0.085881 0.600194 12 0.0
0.867308 0.064535 0.64701 12 0.0
0.867084 0.042352 0.600584 12 0.0
0.867465 0.063698 0.553768 12 0.0
0.563718 0.006144 0.7207 1 0.0
0.675208 -0.000927 0.562072 1 0.0
0.511759 0.026891 0.315967 5 0.705368
0.465464 0.774265 0.712498 7 0.0
0.4386 0.769446 0.710971 7 0.0
0.46469 0.773765 0.727683 7 0.0
0.492327 0.779083 0.714025 7 0.0
0.466237 0.774765 0.697312 7 0.0
0.205486 0.746303 0.752227 3 0.0
0.13116 0.224507 0.660378 12 0.0
0.580558 0.987148 0.585453 12 0.0
0.142273 0.001675 0.517385 1 0.14935
0.151546 0.003065 0.540157 1 0.0
0.297121 0.477986 0.248318 7 1.0
0.661841 0.000287 0.509868 5 0.87478
0.291304 0.922012 0.645522 6 0.0
0.313048 0.938098 0.624041 6 0.0
0.301477 0.928053 0.660342 6 0.0
0.26956 0.905926 0.667002 6 0.0
0.281132 0.915971 0.630701 6 0.0
0.608569 0.97772 0.513191 12 0.0
0.262322 0.799592 0.752021 3 0.0
0.295331 0.846314 0.751253 3 0.0
0.243918 0.812585 0.751427 3 0.0
0.229312 0.752871 0.752788 3 0.0
0.280725 0.7866 0.752615 3 0.0
0.431523 0.001181 0.273953 1 0.000835
0.428992 0.763419 0.61878 7 0.0
0.407158 0.753842 0.61939 7 0.0
0.429148 0.765888 0.663105 7 0.0
0.450827 0.772996 0.61817 7 0.0
0.428837 0.76095 0.574455 7 0.0
0.294995 0.010909 0.746744 3 0.0
0.77962 -0.002523 0.508949 1 0.0
0.75591 -0.003386 0.512498 1 0.0
0.7897 -0.000959 0.576673 1 0.0
0.80333 -0.00166 0.5054 1 0.0
0.769541 -0.004088 0.441226 1 0.0
0.194774 0.162821 0.254522 13 0.0
0.178965 0.158469 0.254719 13 0.0
0.207251 0.117565 0.256131 13 0.0
0.210582 0.167172 0.254325 13 0.0
0.182296 0.208077 0.252912 13 0.0
0.301561 0.622563 0.280686 7 0.0
0.310479 0.653485 0.28045 7 0.0
0.302575 0.622364 0.292927 7 0.0
0.292643 0.591641 0.280922 7 0.0
0.300547 0.622762 0.268445 7 0.0
0.8606 0.382398 0.719822 12 0.0
0.213192 0.844675 0.329346 12 0.0
0.227147 0.864493 0.317102 12 0.0
0.221171 0.852925 0.351792 12 0.0
0.199237 0.824858 0.34159 12 0.0
0.205214 0.836426 0.306901 12 0.0
0.834044 0.145224 0.749613 3 0.000357
0.293744 0.89663 0.694819 11 1e-06
0.317873 0.912929 0.680495 11 1e-06
0.297659 0.902175 0.707722 11 1e-06
0.269616 0.880331 0.709143 11 1e-06
0.28983 0.891085 0.681916 11 1e-06
0.643918 0.96326 0.303153 9 5.2e-05
0.62239 0.972702 0.302211 9 5.2e-05
0.642534 0.961898 0.321121 9 5.2e-05
0.665446 0.953818 0.304095 9 5.2e-05
0.645302 0.964622 0.285185 9 5.2e-05
0.339506 0.419474 0.290699 7 0.999999
0.663368 0.70165 0.253827 7 0.82626
0.425991 -0.000779 0.374087 5 1.0
0.184255 0.784 0.741944 4 0.994286
0.169324 -0.001605 0.682432 1 0.0
0.181535 -0.00242 0.681897 1 0.0
0.170361 -0.001037 0.705271 1 0.0
0.157112 -0.00079 0.682966 1 0.0
0.168286 -0.002172 0.659592 1 0.0
0.731531 -0.000813 0.733311 1 0.0
0.292869 0.91025 0.621024 6 0.0
0.318513 0.932274 0.598507 6 0.0
0.312804 0.920284 0.653542 6 0.0
0.267225 0.888226 0.643541 6 0.0
0.272933 0.900217 0.588506 6 0.0
0.621948 0.013525 0.750142 3 0.0
0.47436 -0.000801 0.738437 1 3e-06
0.755842 0.017115 0.749612 3 1e-06
0.329771 0.937873 0.573423 12 0.0
0.353222 0.951761 0.554176 12 0.0
0.346317 0.944488 0.598355 12 0.0
0.30632 0.923986 0.59267 12 0.0
0.313226 0.931259 0.548492 12 0.0
0.850785 0.725156 0.510849 12 0.0
0.846638 0.741587 0.511752 12 0.0
0.851777 0.722643 0.561128 12 0.0
0.854933 0.708725 0.509946 12 0.0
0.849794 0.727669 0.46057 12 0.0
0.339203 0.70344 0.742239 11 6.1e-05
0.281966 0.495157 0.75155 11 0.637973
0.43557 0.77076 0.751858 7 0.0
0.563894 0.955262 0.468699 12 0.0
0.317406 0.410179 0.752847 3 0.0
0.276062 0.893102 0.531344 6 0.0
0.493307 0.045283 0.245285 13 0.0
0.36895 0.361605 0.752355 3 0.0
0.425453 0.985065 0.641761 12 0.0
0.446727 0.989718 0.645452 12 0.0
0.41974 0.984507 0.675388 12 0.0
0.404179 0.980412 0.638069 12 0.0
0.431166 0.985623 0.608133 12 0.0
0.147441 0.472575 0.655472 12 0.0
0.738255 -0.000858 0.636142 1 0.0
0.695937 -0.001418 0.631292 1 0.0
0.734012 -0.001033 0.673181 1 0.0
0.780573 -0.000298 0.640992 1 0.0
0.742498 -0.000682 0.599103 1 0.0
0.857049 0.610273 0.449181 12 0.0
0.854011 0.653529 0.456883 12 0.0
0.858439 0.59894 0.513381 12 0.0
0.860087 0.567018 0.44148 12 0.0
0.855659 0.621607 0.384982 12 0.0
0.546515 0.055981 0.384592 5 0.0
0.522044 0.056701 0.374759 5 0.0
0.545798 0.076285 0.387863 5 0.0
0.570986 0.055261 0.394425 5 0.0
0.547232 0.035676 0.381321 5 0.0
0.564738 -0.001745 0.706443 1 0.0
0.806096 0.322846 0.351482 5 7.9e-05
0.157349 0.135699 0.702812 12 0.0
0.134526 0.35761 0.574364 12 0.0
0.134776 0.35917 0.629572 12 0.0
0.134996 0.261035 0.57709 12 0.0
0.134275 0.356051 0.519157 12 0.0
0.134055 0.454185 0.571639 12 0.0
0.453641 0.988522 0.4713 12 0.0
0.476478 0.991458 0.472745 12 0.0
0.450907 0.988199 0.515167 12 0.0
0.430803 0.985587 0.469855 12 0.0
0.456374 0.988846 0.427432 12 0.0
0.694703 0.934961 0.422882 12 0.0
0.682741 0.944518 0.425825 12 0.0
0.698364 0.931781 0.448092 12 0.0
0.706666 0.925403 0.419939 12 0.0
0.691043 0.938141 0.397672 12 0.0
0.768976 0.256727 0.750457 3 0.0
0.76999 0.336024 0.75154 3 0.0
0.739045 0.257102 0.751082 3 0.0
0.767962 0.17743 0.749373 3 0.0
0.798907 0.256353 0.749831 3 0.0
0.409693 0.755979 0.657874 7 0.0
0.434511 0.769209 0.651737 7 0.0
0.41498 0.761138 0.690375 7 0.0
0.384875 0.742748 0.664012 7 0.0
0.404406 0.750819 0.625373 7 0.0
0.864432 0.25042 0.251364 13 0.992536
0.146383 0.529392 0.714597 10 0.0
0.864506 0.443728 0.617805 12 0.0
0.862595 0.526448 0.622833 12 0.0
0.864323 0.44129 0.657845 12 0.0
0.866418 0.361009 0.612777 12 0.0
0.864689 0.446166 0.577765 12 0.0
0.529491 0.784376 0.751316 3 0.0
0.419218 0.762148 0.754533 7 0.999989
0.298579 0.468769 0.248322 7 0.994655
0.704969 0.490963 0.75591 7 0.999997
0.718811 0.909259 0.428585 10 0.0
0.706315 0.919348 0.431036 10 0.0
0.722349 0.90393 0.468552 10 0.0
0.731308 0.89917 0.426134 10 0.0
0.715274 0.914588 0.388619 10 0.0
0.715324 0.771387 0.746196 3 0.0
0.673134 0.834447 0.746769 3 0.0
0.737708 0.786371 0.745451 3 0.0
0.757514 0.708328 0.745623 3 0.0
0.692939 0.756404 0.74694 3 0.0
0.426686 0.7593 0.553767 8 0.0
0.446408 0.769079 0.55392 8 0.0
0.425005 0.761675 0.618727 8 0.0
0.406965 0.74952 0.553614 8 0.0
0.428368 0.756924 0.488807 8 0.0
0.725438 -0.001655 0.280463 1 0.00713
0.305465 0.672504 0.752439 11 0.003981
0.530145 0.79633 0.752297 3 0.0
0.633516 0.359867 0.753767 3 0.000115
0.331753 0.952358 0.372056 12 0.0
0.343444 0.958302 0.347166 12 0.0
0.345314 0.959225 0.380066 12 0.0
0.320061 0.946414 0.396947 12 0.0
0.318192 0.945492 0.364047 12 0.0
0.297929 0.925744 0.671887 6 0.0
0.307594 0.932168 0.663919 6 0.0
0.310691 0.935867 0.695529 6 0.0
0.288264 0.91932 0.679854 6 0.0
0.285167 0.91562 0.648245 6 0.0
0.688885 0.932638 0.486261 12 0.0
0.677814 0.941034 0.475781 12 0.0
0.676869 0.936866 0.502341 12 0.0
0.699955 0.924242 0.49674 12 0.0
0.7009 0.92841 0.47018 12 0.0
0.182754 0.741007 0.493228 12 0.0
0.194094 0.764348 0.480735 12 0.0
0.187244 0.758108 0.529254 12 0.0
0.171414 0.717666 0.505722 12 0.0
0.178263 0.723906 0.457203 12 0.0
0.164124 0.7688 0.420201 12 0.0
0.172714 0.789112 0.417624 12 0.0
0.166852 0.7745 0.474213 12 0.0
0.155535 0.748488 0.422779 12 0.0
0.161397 0.7631 0.36619 12 0.0
0.224523 0.86349 0.388085 12 0.0
0.238322 0.879844 0.388306 12 0.0
0.22552 0.8621 0.428657 12 0.0
0.210724 0.847136 0.387864 12 0.0
0.223526 0.86488 0.347512 12 0.0
0.808323 0.824019 0.685308 12 0.0
0.802177 0.836583 0.674366 12 0.0
0.799994 0.836353 0.704147 12 0.0
0.814468 0.811455 0.69625 12 0.0
0.816651 0.811686 0.666469 12 0.0
0.186979 0.234069 0.753113 3 0.0
0.403013 0.957272 0.672547 12 0.0
0.400714 0.961295 0.696655 12 0.0
0.374749 0.949502 0.671149 12 0.0
0.405312 0.953248 0.64844 12 0.0
0.431277 0.965041 0.673946 12 0.0
0.260582 0.902192 0.364288 12 0.0
0.270897 0.912245 0.377596 12 0.0
0.244968 0.888452 0.386769 12 0.0
0.250267 0.892139 0.350979 12 0.0
0.276196 0.915932 0.341807 12 0.0
0.433293 0.992043 0.252631 13 0.999893
0.235196 0.876677 0.586608 6 0.0
0.252465 0.89579 0.588371 6 0.0
0.232184 0.874643 0.638174 6 0.0
0.217928 0.857565 0.584845 6 0.0
0.238209 0.878712 0.535042 6 0.0
0.497661 0.920681 0.249483 13 0.0
0.49735 0.943493 0.250151 13 0.0
0.436919 0.919836 0.250021 13 0.0
0.497972 0.897868 0.248816 13 0.0
0.558403 0.921525 0.248945 13 0.0
0.7359 0.903245 0.612388 12 0.0
0.720876 0.915997 0.617029 12 0.0
0.741816 0.896679 0.649585 12 0.0
0.750923 0.890494 0.607747 12 0.0
0.729984 0.909812 0.575191 12 0.0
0.776185 0.864409 0.255759 13 0.999875
0.27043 0.907763 0.646764 6 0.0
0.285094 0.92202 0.656728 6 0.0
0.257697 0.898331 0.678996 6 0.0
0.255767 0.893507 0.636799 6 0.0
0.283163 0.917196 0.614531 6 0.0
0.635468 0.021292 0.500365 5 6e-06
0.633179 0.020592 0.474379 5 6e-06
0.635328 0.030273 0.500136 5 6e-06
0.637758 0.021991 0.526352 5 6e-06
0.635609 0.012311 0.500595 5 6e-06
0.606412 0.904391 0.612621 9 1e-06
0.559136 0.921328 0.633231 9 1e-06
0.617088 0.903564 0.637791 9 1e-06
0.653689 0.887454 0.592012 9 1e-06
0.595736 0.905218 0.587452 9 1e-06
0.788733 0.839304 0.355485 12 0.0
0.778012 0.854436 0.362357 12 0.0
0.795773 0.828972 0.38922 12 0.0
0.799455 0.824172 0.348613 12 0.0
0.781694 0.849637 0.32175 12 0.0
0.829426 0.750822 0.6388 12 0.0
0.820996 0.772717 0.636371 12 0.0
0.829929 0.754954 0.674302 12 0.0
0.837855 0.728928 0.641229 12 0.0
0.828922 0.74669 0.603298 12 0.0
0.865975 0.021901 0.475844 12 0.0
0.868602 0.202525 0.66919 12 0.0
0.868484 0.264064 0.664286 12 0.0
0.868542 0.204525 0.694284 12 0.0
0.86872 0.140986 0.674094 12 0.0
0.868662 0.200526 0.644096 12 0.0
0.741991 0.757513 0.735076 3 0.0
0.710732 0.815274 0.730271 3 0.0
0.764705 0.770049 0.738009 3 0.0
0.773251 0.699751 0.739881 3 0.0
0.719277 0.744976 0.732142 3 0.0
0.84772 0.733771 0.67485 12 0.0
0.844027 0.742214 0.651679 12 0.0
0.843331 0.751219 0.681907 12 0.0
0.851413 0.725329 0.698022 12 0.0
0.852108 0.716323 0.667794 12 0.0
0.320362 0.942595 0.471749 9 0.0
0.339075 0.952694 0.467874 9 0.0
0.331078 0.949756 0.542151 9 0.0
0.301649 0.932496 0.475624 9 0.0
0.309647 0.935434 0.401347 9 0.0
0.32485 0.841861 0.739326 3 0.0
0.368933 0.881738 0.738551 3 0.0
0.308092 0.860368 0.738397 3 0.0
0.280767 0.801983 0.740101 3 0.0
0.341608 0.823354 0.740255 3 0.0
0.797498 0.78462 0.570442 10 0.0
0.783509 0.808825 0.548812 10 0.0
0.783903 0.803308 0.60015 10 0.0
0.811488 0.760414 0.592072 10 0.0
0.811094 0.765931 0.540735 10 0.0
0.68336 0.932096 0.437879 12 0.0
0.671362 0.939252 0.438608 12 0.0
0.685227 0.931317 0.476229 12 0.0
0.695358 0.92494 0.437149 12 0.0
0.681493 0.932875 0.399529 12 0.0
0.864468 0.621081 0.300985 12 1e-06
0.862157 0.656051 0.299944 12 1e-06
0.866768 0.621803 0.320135 12 1e-06
0.866779 0.586111 0.302026 12 1e-06
0.862168 0.620359 0.281834 12 1e-06
0.754374 0.877067 0.690127 12 0.0
0.733736 0.898997 0.70519 12 0.0
0.760669 0.873809 0.703495 12 0.0
0.775011 0.855137 0.675065 12 0.0
0.748079 0.880324 0.67676 12 0.0
0.712352 0.769026 0.533047 5 0.0
0.683976 0.801962 0.553726 5 0.0
0.718327 0.734579 0.596111 5 0.0
0.740729 0.736089 0.512367 5 0.0
0.706378 0.803472 0.469982 5 0.0
0.369292 0.105738 0.751532 3 0.0
0.442479 0.106766 0.752377 3 0.0
0.368786 0.140071 0.753604 3 0.0
0.296104 0.104711 0.750687 3 0.0
0.369798 0.071406 0.749461 3 0.0
0.546963 0.931657 0.746756 3 0.0
0.549948 0.950483 0.746861 3 0.0
0.495971 0.939744 0.746607 3 0.0
0.543977 0.91283 0.746651 3 0.0
0.597954 0.92357 0.746904 3 0.0
0.497636 0.995565 0.663746 12 0.0
0.520925 0.996051 0.665421 12 0.0
0.495604 0.996042 0.691856 12 0.0
0.474347 0.995079 0.66207 12 0.0
0.499668 0.995087 0.635636 12 0.0
0.726244 0.875957 0.343168 11 3e-06
0.699863 0.899518 0.338464 11 3e-06
0.717645 0.873952 0.381351 11 3e-06
0.752626 0.852397 0.347872 11 3e-06
0.734843 0.877963 0.304985 11 3e-06
0.142528 0.657849 0.433171 12 0.0
0.146027 0.685443 0.442347 12 0.0
0.140353 0.638926 0.490906 12 0.0
0.139029 0.630254 0.423995 12 0.0
0.144703 0.676771 0.375435 12 0.0
0.864351 0.045722 0.289203 12 0.0
0.864845 0.062981 0.289432 12 0.0
0.86484 0.045509 0.304208 12 0.0
0.863858 0.028462 0.288974 12 0.0
0.863863 0.045935 0.274198 12 0.0
0.625097 0.970316 0.602909 12 0.0
0.605132 0.978159 0.604754 12 0.0
0.62887 0.968714 0.650556 12 0.0
0.645061 0.962473 0.601064 12 0.0
0.621323 0.971919 0.555262 12 0.0
0.555699 0.017888 0.751194 3 0.0
0.866449 0.055062 0.55003 12 0.0
0.497274 0.014931 0.247913 13 8.7e-05
0.681069 0.854888 0.731381 3 0.0
0.694675 0.873641 0.73388 3 0.0
0.637053 0.887472 0.726528 3 0.0
0.667462 0.836135 0.728882 3 0.0
0.725084 0.822304 0.736235 3 0.0
0.759489 0.757615 0.748527 3 0.0
0.733557 0.811024 0.748872 3 0.0
0.737981 0.74718 0.747294 3 0.0
0.785422 0.704206 0.748181 3 0.0
0.780998 0.76805 0.749759 3 0.0
0.865344 0.009226 0.496383 12 1e-06
0.425323 0.011386 0.252274 13 0.854619
0.854358 0.62229 0.520863 12 0.0
0.850322 0.663504 0.524246 12 0.0
0.854378 0.617934 0.573952 12 0.0
0.858394 0.581077 0.517479 12 0.0
0.854339 0.626647 0.467773 12 0.0
0.437167 0.929691 0.747497 3 0.0
0.433061 0.948611 0.747636 3 0.0
0.386083 0.918603 0.747843 3 0.0
0.441272 0.910771 0.747359 3 0.0
0.48825 0.940779 0.747151 3 0.0
0.836456 0.754829 0.542864 12 0.0
0.272659 0.884571 0.492603 12 0.0
0.278739 0.88718 0.458888 12 0.0
0.300011 0.907875 0.499339 12 0.0
0.266579 0.881962 0.526318 12 0.0
0.245308 0.861267 0.485868 12 0.0
0.357755 0.911243 0.747612 3 0.0
0.350509 0.925254 0.747381 3 0.0
0.400808 0.933506 0.747449 3 0.0
0.365002 0.897231 0.747844 3 0.0
0.314703 0.888979 0.747775 3 0.0
0.865871 0.012382 0.575131 12 0.0
0.13637 0.432949 0.302656 12 0.0
0.169791 0.191477 0.752807 3 0.0
0.234762 0.871818 0.441349 12 0.0
0.13627 0.214065 0.706176 12 0.0
0.322619 0.910398 0.603199 12 0.0
0.349176 0.923236 0.585111 12 0.0
0.337182 0.920192 0.631532 12 0.0
0.296062 0.897561 0.621288 12 0.0
0.308055 0.900604 0.574867 12 0.0
0.769952 0.847559 0.398487 12 0.0
0.758716 0.861623 0.399978 12 0.0
0.77153 0.844781 0.436604 12 0.0
0.781188 0.833495 0.396997 12 0.0
0.768375 0.850337 0.360371 12 0.0
0.583552 0.884613 0.721683 3 0.0
0.529994 0.905523 0.72348 3 0.0
0.593173 0.909397 0.720058 3 0.0
0.637109 0.863704 0.719885 3 0.0
0.57393 0.85983 0.723307 3 0.0
0.676898 0.946823 0.535894 12 0.0
0.660791 0.955869 0.53201 12 0.0
0.669464 0.950745 0.575855 12 0.0
0.693005 0.937776 0.539779 12 0.0
0.684332 0.9429 0.495933 12 0.0
0.571378 -0.001698 0.677281 1 0.0
0.514348 0.914446 0.748834 3 0.0
0.515902 0.939936 0.748582 3 0.0
0.45272 0.918209 0.749515 3 0.0
0.512795 0.888956 0.749086 3 0.0
0.575976 0.910683 0.748153 3 0.0
0.861528 0.001416 0.565356 1 0.999864
0.135051 0.374138 0.2759 12 0.0
0.763885 -1e-06 0.504307 1 0.0
0.796482 8.9e-05 0.50521 1 0.0
0.761833 0.000207 0.578369 1 0.0
0.731287 -9e-05 0.503404 1 0.0
0.765936 -0.000208 0.430245 1 0.0
0.483127 0.013758 0.249845 13 0.001852
0.501534 0.987006 0.44099 12 0.0
0.13837 0.471198 0.286978 12 2e-06
0.429308 0.001483 0.710818 1 0.0
0.246664 -0.000515 0.71943 1 0.0
0.86504 0.602265 0.504691 12 0.0
0.86401 0.636878 0.506451 12 0.0
0.865802 0.598456 0.580077 12 0.0
0.866071 0.567652 0.502932 12 0.0
0.864278 0.606074 0.429306 12 0.0
0.146122 0.000396 0.469298 1 0.0
0.544565 0.058396 0.246283 13 0.0
0.865569 0.108963 0.52397 12 0.0
0.865302 0.142989 0.524062 12 0.0
0.865124 0.108769 0.594968 12 0.0
0.865835 0.074936 0.523879 12 0.0
0.866014 0.109157 0.452972 12 0.0
0.554026 0.963766 0.594808 12 0.0
0.530428 0.96727 0.592689 12 0.0
0.55094 0.971756 0.642396 12 0.0
0.577623 0.960261 0.596927 12 0.0
0.557112 0.955775 0.54722 12 0.0
0.70892 0.808514 0.472559 5 0.0
0.668952 0.844001 0.438204 5 0.0
0.684075 0.834563 0.528372 5 0.0
0.748888 0.773026 0.506913 5 0.0
0.733765 0.782464 0.416745 5 0.0
0.357042 0.005318 0.457322 5 1.0
0.244274 0.71239 0.748349 3 0.0
0.268288 0.779293 0.747535 3 0.0
0.221459 0.720565 0.747241 3 0.0
0.220261 0.645487 0.749163 3 0.0
0.267089 0.704215 0.749457 3 0.0
0.143293 0.000914 0.553532 1 0.003134
0.570374 0.977564 0.536781 12 0.0
0.640425 0.398846 0.709166 7 0.0
0.665765 0.422903 0.707932 7 0.0
0.641563 0.398479 0.725362 7 0.0
0.615086 0.37479 0.7104 7 0.0
0.639287 0.399214 0.69297 7 0.0
0.65392 0.961977 0.420055 12 0.0
0.638299 0.969369 0.419722 12 0.0
0.653238 0.962748 0.469184 12 0.0
0.669541 0.954584 0.420388 12 0.0
0.654602 0.961205 0.370926 12 0.0
0.265645 0.842259 0.750404 3 0.0
0.297644 0.878313 0.750968 3 0.0
0.253471 0.853067 0.750257 3 0.0
0.233647 0.806205 0.74984 3 0.0
0.27782 0.831452 0.750552 3 0.0
0.57479 0.001514 0.394354 5 0.999992
0.28161 0.586115 0.254044 7 0.999991
0.139785 0.012459 0.250382 13 0.999407
0.138086 0.01833 0.250928 13 0.999407
0.143041 0.013235 0.252155 13 0.999407
0.141483 0.006588 0.249835 13 0.999407
0.136529 0.011682 0.248609 13 0.999407
0.399319 0.002244 0.595888 5 0.344858
0.543295 -0.001969 0.728354 1 0.0
0.137918 0.399951 0.726082 12 0.0
0.755602 0.856533 0.462651 12 0.0
0.367511 0.392126 0.245119 14 0.999992
0.795063 0.433535 0.749263 3 0.0
0.22573 0.847296 0.352999 12 0.0
0.240496 0.864925 0.348189 12 0.0
0.229341 0.852836 0.384389 12 0.0
0.210963 0.829668 0.357808 12 0.0
0.222118 0.841757 0.321608 12 0.0
0.837061 0.100083 0.749176 3 0.004494
0.847653 0.099663 0.74944 3 0.004494
0.83835 0.133494 0.750638 3 0.004494
0.826469 0.100503 0.748912 3 0.004494
0.835772 0.066672 0.747714 3 0.004494
0.687057 0.456972 0.258171 7 0.757172
0.690954 0.469633 0.261312 7 0.757172
0.686265 0.45586 0.263635 7 0.757172
0.683161 0.44431 0.255029 7 0.757172
0.687849 0.458084 0.252706 7 0.757172
0.193198 0.489941 0.754748 3 0.0
0.862973 0.428558 0.729096 12 0.0
0.188364 -0.000158 0.377907 1 0.0
0.207166 -0.000305 0.376649 1 0.0
0.191195 -0.001173 0.420347 1 0.0
0.169562 -1.1e-05 0.379164 1 0.0
0.185533 0.000857 0.335466 1 0.0
0.657468 0.727618 0.750363 11 0.0
0.695634 0.665386 0.751845 3 0.0
0.160947 0.164077 0.751638 3 0.0
0.582425 0.051446 0.748646 3 0.0
0.463552 0.081547 0.252188 13 0.0
0.181428 0.745422 0.746947 3 0.0
0.830388 0.657117 0.602291 10 0.0
0.822313 0.66563 0.601725 10 0.0
0.831858 0.660761 0.63613 10 0.0
0.838464 0.648604 0.602857 10 0.0
0.828919 0.653472 0.568452 10 0.0
0.160935 -0.000153 0.718777 1 0.0
0.170847 -0.001169 0.718083 1 0.0
0.161885 0.000777 0.730971 1 0.0
0.151023 0.000862 0.719472 1 0.0
0.159986 -0.001084 0.706583 1 0.0
0.134197 0.34315 0.724144 12 0.0
0.856683 0.51011 0.310255 12 4.2e-05
0.768685 0.368823 0.748798 3 0.0
0.135677 0.227102 0.710238 12 0.0
0.148287 0.643796 0.426688 12 0.0
0.150865 0.663748 0.441497 12 0.0
0.143111 0.604268 0.480846 12 0.0
0.145709 0.623845 0.41188 12 0.0
0.153463 0.683325 0.372531 12 0.0
0.689129 0.029727 0.749187 3 0.0
0.5493 0.001295 0.739054 1 0.956693
0.572876 0.985987 0.49054 12 0.0
0.850309 0.709035 0.455682 12 0.0
0.846625 0.727132 0.456902 12 0.0
0.851954 0.705445 0.513886 12 0.0
0.853992 0.690938 0.454461 12 0.0
0.848663 0.712626 0.397477 12 0.0
0.619976 -2.4e-05 0.691784 1 0.0
0.581033 0.990953 0.32989 12 0.994667
0.713884 0.542575 0.250478 7 0.525574
0.144155 0.461366 0.703251 10 0.0
0.459984 -0.002877 0.717687 1 0.0
0.575863 0.962215 0.378664 12 0.0
0.547721 0.969129 0.379857 12 0.0
0.577181 0.962113 0.410334 12 0.0
0.604006 0.955301 0.377471 12 0.0
0.574546 0.962317 0.346994 12 0.0
0.797776 0.419882 0.750729 3 0.0
0.303055 0.932882 0.536799 6 0.0
0.316409 0.943085 0.528883 6 0.0
0.314484 0.938025 0.562712 6 0.0
0.289701 0.922678 0.544714 6 0.0
0.291625 0.927739 0.510886 6 0.0
0.226756 0.869505 0.454159 12 0.0
0.242009 0.88746 0.448385 12 0.0
0.233948 0.876975 0.496381 12 0.0
0.211503 0.851551 0.459934 12 0.0
0.219564 0.862036 0.411937 12 0.0
0.282557 0.830094 0.628157 10 4e-06
0.305729 0.863122 0.638932 10 4e-06
0.277072 0.826263 0.651694 10 4e-06
0.259384 0.797066 0.617382 10 4e-06
0.288041 0.833925 0.604619 10 4e-06
0.860756 0.612002 0.617075 12 0.0
0.858522 0.635399 0.582898 12 0.0
0.856648 0.650813 0.643914 12 0.0
0.862991 0.588605 0.651252 12 0.0
0.864864 0.573191 0.590236 12 0.0
0.594374 0.880809 0.639485 9 0.0
0.561312 0.987232 0.3868 12 0.0
0.543175 0.99089 0.389214 12 0.0
0.566792 0.986176 0.429578 12 0.0
0.579448 0.983574 0.384387 12 0.0
0.555832 0.988288 0.344023 12 0.0
0.670919 0.925654 0.537442 12 0.0
0.648996 0.939104 0.524755 12 0.0
0.657578 0.93197 0.567191 12 0.0
0.692842 0.912204 0.550129 12 0.0
0.68426 0.919338 0.507694 12 0.0
0.85879 0.588517 0.443506 12 0.0
0.856827 0.631679 0.457633 12 0.0
0.86005 0.568476 0.504917 12 0.0
0.860753 0.545355 0.42938 12 0.0
0.857531 0.608558 0.382096 12 0.0
0.187571 0.624019 0.745449 3 0.0
0.541595 0.974266 0.610705 12 0.0
0.547097 0.977263 0.606871 12 0.0
0.554369 0.974248 0.629022 12 0.0
0.536094 0.971268 0.614538 12 0.0
0.528821 0.974283 0.592387 12 0.0
0.780134 0.378628 0.725784 3 0.0
0.261338 0.458179 0.281758 5 1.3e-05
0.496083 0.029361 0.750032 3 0.0
0.465419 0.972462 0.462979 12 0.0
0.488244 0.973574 0.458908 12 0.0
0.473606 0.972585 0.508916 12 0.0
0.442595 0.97135 0.467049 12 0.0
0.457232 0.972338 0.417042 12 0.0
0.674882 0.19485 0.753015 3 0.0
0.638006 0.240621 0.75427 3 0.0
0.627258 0.156469 0.753432 3 0.0
0.711759 0.14908 0.75176 3 0.0
0.722506 0.233231 0.752598 3 0.0
0.366884 0.731295 0.756209 11 0.999977
0.81439 0.621986 0.277404 13 0.999855
0.776765 0.417811 0.24818 13 0.0
0.327776 0.428905 0.249739 14 0.999662
0.141815 0.453821 0.284421 12 0.0
0.129391 0.267639 0.348873 12 0.0
0.127458 0.265561 0.37698 12 0.0
0.130409 0.191751 0.343331 12 0.0
0.131325 0.269718 0.320766 12 0.0
0.128374 0.343528 0.354415 12 0.0
0.501163 -6.2e-05 0.302084 1 1.8e-05
0.509622 0.000129 0.273872 1 0.0
0.667626 -0.00116 0.285827 1 0.000465
0.564397 0.064926 0.243672 13 0.0
0.354531 0.001994 0.456613 5 0.939327
0.686521 0.648407 0.67012 7 0.0
0.672931 0.674577 0.666385 7 0.0
0.687106 0.652368 0.695748 7 0.0
0.700112 0.622237 0.673855 7 0.0
0.685936 0.644446 0.644492 7 0.0
0.713663 0.54761 0.616041 7 0.0
0.721586 0.498422 0.75279 3 6e-06
0.549909 0.037264 0.248109 13 0.0
0.132145 0.395371 0.371949 12 0.0
0.133628 0.395314 0.403029 12 0.0
0.128697 0.322727 0.371981 12 0.0
0.130662 0.395427 0.34087 12 0.0
0.135594 0.468014 0.371918 12 0.0
0.492418 0.007094 0.352942 5 0.019357
0.860016 0.60429 0.737499 12 0.0
0.560037 0.81711 0.750785 3 0.0
0.629964 -0.000295 0.27224 1 0.005707
0.494288 0.050881 0.245672 13 0.0
0.486694 0.002682 0.300987 1 0.052955
0.362778 0.832874 0.250771 13 0.0
0.428541 0.877037 0.249768 13 0.0
0.378808 0.808991 0.250201 13 0.0
0.297016 0.788712 0.251773 13 0.0
0.346748 0.856758 0.251341 13 0.0
0.618724 0.758657 0.247517 14 0.001034
0.513294 0.000757 0.282796 1 0.0
0.702162 0.604586 0.598583 7 0.0
0.694991 0.636251 0.597835 7 0.0
0.703002 0.605874 0.645076 7 0.0
0.709333 0.572921 0.59933 7 0.0
0.701322 0.603298 0.55209 7 0.0
0.233875 0.87337 0.58879 6 0.0
0.248948 0.890027 0.591703 6 0.0
0.229132 0.868677 0.640168 6 0.0
0.218801 0.856712 0.585877 6 0.0
0.238618 0.878062 0.537413 6 0.0
0.306517 0.327914 0.244245 13 0.0
0.356143 0.965148 0.273943 10 0.035028
0.355128 0.964156 0.264881 10 0.035028
0.375471 0.972093 0.271018 10 0.035028
0.357157 0.966141 0.283005 10 0.035028
0.336815 0.958203 0.276868 10 0.035028
0.857105 0.556605 0.731926 12 0.0
0.243797 0.850899 0.403469 12 0.0
0.255437 0.861621 0.397189 12 0.0
0.255957 0.865458 0.450861 12 0.0
0.232158 0.840178 0.409749 12 0.0
0.231638 0.83634 0.356076 12 0.0
0.197443 0.314161 0.75182 3 0.0
0.13687 0.000638 0.63966 1 0.998719
0.863009 0.110048 0.743378 3 0.999561
0.234131 0.873815 0.594272 6 0.0
0.251305 0.893363 0.594463 6 0.0
0.232699 0.874589 0.643717 6 0.0
0.216958 0.854268 0.59408 6 0.0
0.235563 0.873041 0.544826 6 0.0
0.727016 0.911156 0.594778 12 0.0
0.713809 0.921608 0.597924 12 0.0
0.733286 0.906831 0.635484 12 0.0
0.740223 0.900703 0.591633 12 0.0
0.720745 0.91548 0.554073 12 0.0
0.788656 0.850878 0.683361 12 0.0
0.780192 0.862898 0.697103 12 0.0
0.799871 0.83831 0.701261 12 0.0
0.79712 0.838857 0.669619 12 0.0
0.777441 0.863445 0.665461 12 0.0
0.51192 0.976121 0.747098 3 2.5e-05
0.641652 0.945349 0.349184 12 9e-06
0.616437 0.958405 0.349654 12 9e-06
0.641321 0.943739 0.376146 12 9e-06
0.666867 0.932293 0.348715 12 9e-06
0.641983 0.946958 0.322222 12 9e-06
0.272166 0.896377 0.458579 12 0.0
0.293827 0.914899 0.447018 12 0.0
0.291911 0.914394 0.524438 12 0.0
0.250506 0.877854 0.47014 12 0.0
0.252421 0.87836 0.39272 12 0.0
0.850098 0.019899 0.355205 12 0.0
0.241792 0.830806 0.692018 6 2e-06
0.265865 0.866415 0.693105 6 2e-06
0.240667 0.830997 0.710647 6 2e-06
0.217719 0.795197 0.690931 6 2e-06
0.242916 0.830614 0.67339 6 2e-06
0.839974 0.68986 0.699935 9 0.0
0.828547 0.724458 0.702083 9 0.0
0.83682 0.687781 0.716652 9 0.0
0.851401 0.655263 0.697787 9 0.0
0.843127 0.69194 0.683218 9 0.0
0.846444 0.737804 0.688846 12 0.0
0.84525 0.745491 0.672904 12 0.0
0.837846 0.762498 0.701396 12 0.0
0.847638 0.730118 0.704787 12 0.0
0.855043 0.713111 0.676295 12 0.0
0.322651 0.944053 0.478913 10 0.0
0.337079 0.950461 0.473776 10 0.0
0.331955 0.952422 0.515484 10 0.0
0.308224 0.937646 0.48405 10 0.0
0.313348 0.935684 0.442343 10 0.0
0.659704 0.951768 0.682471 12 0.0
0.6371 0.962375 0.669364 12 0.0
0.652137 0.957104 0.69984 12 0.0
0.682309 0.941161 0.695578 12 0.0
0.667271 0.946432 0.665103 12 0.0
0.812956 0.783361 0.568278 12 0.0
0.803462 0.799745 0.558025 12 0.0
0.80716 0.796265 0.594265 12 0.0
0.822449 0.766977 0.578532 12 0.0
0.818752 0.770457 0.542291 12 0.0
0.676368 0.919257 0.433173 12 0.0
0.656558 0.928804 0.429724 12 0.0
0.669494 0.919892 0.474425 12 0.0
0.696178 0.909709 0.436621 12 0.0
0.683242 0.918621 0.39192 12 0.0
0.746087 0.895088 0.549055 12 0.0
0.731708 0.908093 0.553142 12 0.0
0.75105 0.890019 0.582647 12 0.0
0.760465 0.882084 0.544968 12 0.0
0.741123 0.900158 0.515463 12 0.0
0.787913 0.818906 0.623916 12 0.0
0.776343 0.835566 0.633577 12 0.0
0.794745 0.807646 0.651514 12 0.0
0.799483 0.802247 0.614254 12 0.0
0.781081 0.830167 0.596318 12 0.0
0.42934 0.967161 0.74766 3 0.0
0.740162 0.901606 0.331272 12 0.0
0.723756 0.916225 0.329362 12 0.0
0.737286 0.901963 0.358702 12 0.0
0.756567 0.886986 0.333182 12 0.0
0.743038 0.901249 0.303842 12 0.0
0.748829 0.897325 0.373089 10 0.0
0.740215 0.907862 0.364063 10 0.0
0.741959 0.903484 0.386836 10 0.0
0.757443 0.886788 0.382114 10 0.0
0.755699 0.891165 0.359341 10 0.0
0.854125 0.662461 0.289117 16 4e-06
0.3666 0.970378 0.452291 12 0.0
0.37745 0.974118 0.428874 12 0.0
0.383435 0.977148 0.461172 12 0.0
0.35575 0.966639 0.475708 12 0.0
0.349766 0.963608 0.44341 12 0.0
0.17303 0.782096 0.377099 12 0.0
0.183851 0.805412 0.372721 12 0.0
0.176199 0.788344 0.418205 12 0.0
0.162208 0.75878 0.381477 12 0.0
0.16986 0.775848 0.335993 12 0.0
0.8507 0.246748 0.251932 13 0.003113
0.199267 0.806621 0.50378 12 0.0
0.20838 0.820804 0.499679 12 0.0
0.203325 0.816919 0.54842 12 0.0
0.190155 0.792437 0.50788 12 0.0
0.195209 0.796322 0.459139 12 0.0
0.611502 0.975414 0.553774 12 0.0
0.593403 0.981487 0.556611 12 0.0
0.617875 0.972724 0.60019 12 0.0
0.6296 0.96934 0.550937 12 0.0
0.605128 0.978103 0.507358 12 0.0
0.808159 0.823398 0.466999 12 0.0
0.797726 0.840923 0.466334 12 0.0
0.806821 0.824609 0.519867 12 0.0
0.818592 0.805872 0.467664 12 0.0
0.809497 0.822187 0.414131 12 0.0
0.170983 0.775195 0.572896 12 0.0
0.177203 0.78805 0.601955 12 0.0
0.163467 0.759257 0.581556 12 0.0
0.164764 0.762339 0.543838 12 0.0
0.1785 0.791132 0.564237 12 0.0
0.137303 0.001613 0.588475 1 0.999996
0.805321 0.763744 0.518726 12 0.0
0.798309 0.777386 0.510469 12 0.0
0.796605 0.783108 0.558121 12 0.0
0.812333 0.750102 0.526982 12 0.0
0.814036 0.74438 0.479331 12 0.0
0.280151 0.919062 0.353615 10 0.0
0.292237 0.929775 0.36524 10 0.0
0.267637 0.910407 0.374601 10 0.0
0.268064 0.908349 0.341991 10 0.0
0.292664 0.927717 0.33263 10 0.0
0.864209 0.02887 0.715649 12 0.0
0.863854 0.039198 0.719309 12 0.0
0.86364 0.024697 0.727371 12 0.0
0.864564 0.018542 0.711989 12 0.0
0.864778 0.033043 0.703928 12 0.0
0.743422 0.861564 0.455535 12 0.0
0.731575 0.875017 0.460123 12 0.0
0.750852 0.853222 0.499178 12 0.0
0.755269 0.848111 0.450946 12 0.0
0.735992 0.869906 0.411891 12 0.0
0.611757 0.976139 0.360258 12 0.0
0.59216 0.982795 0.359912 12 0.0
0.610672 0.974809 0.396126 12 0.0
0.631354 0.969482 0.360605 12 0.0
0.612842 0.977468 0.324391 12 0.0
0.149338 0.714067 0.642637 12 0.0
0.154468 0.735209 0.649607 12 0.0
0.145918 0.703515 0.677165 12 0.0
0.144208 0.692926 0.635668 12 0.0
0.152758 0.724619 0.60811 12 0.0
0.827639 0.748568 0.498139 12 0.0
0.821922 0.764674 0.49699 12 0.0
0.827279 0.750819 0.531501 12 0.0
0.833357 0.732461 0.499287 12 0.0
0.828 0.746316 0.464777 12 0.0
0.269376 0.890575 0.528682 6 0.0
0.863229 0.030658 0.741301 12 3e-06
0.862891 0.04199 0.740657 12 3e-06
0.863733 0.030909 0.745456 12 3e-06
0.863566 0.019325 0.741944 12 3e-06
0.862724 0.030407 0.737146 12 3e-06
0.814936 0.451455 0.249089 13 0.0
0.314576 0.057587 0.750777 3 0.0
0.14382 -0.001007 0.298578 1 0.999941
0.571956 -0.003001 0.719412 1 0.0
0.171981 0.78581 0.660851 12 0.0
0.177131 0.798747 0.688141 12 0.0
0.162457 0.768196 0.670999 12 0.0
0.166832 0.772873 0.633562 12 0.0
0.181506 0.803425 0.650703 12 0.0
0.310174 0.936854 0.552605 12 0.0
0.331426 0.949139 0.5558 12 0.0
0.30389 0.930843 0.617518 12 0.0
0.288922 0.92457 0.54941 12 0.0
0.316458 0.942866 0.487691 12 0.0
0.818724 0.803904 0.350604 12 0.0
0.810193 0.822602 0.350288 12 0.0
0.817593 0.803919 0.382084 12 0.0
0.827254 0.785205 0.350919 12 0.0
0.819854 0.803888 0.319123 12 0.0
0.667482 0.85474 0.74796 3 0.0
0.683828 0.876027 0.749184 3 0.0
0.619544 0.89159 0.747265 3 0.0
0.651136 0.833452 0.746736 3 0.0
0.71542 0.817889 0.748656 3 0.0
0.498068 0.016122 0.752037 3 0.0
0.610202 0.959638 0.475493 9 0.0
0.590355 -0.000346 0.283083 1 9e-05
0.769959 0.017832 0.261436 13 0.000127
0.807354 0.001895 0.493999 1 0.0
0.254077 -0.000722 0.717253 1 0.0
0.33574 -0.001489 0.729559 1 1e-05
0.146847 0.001179 0.318356 1 0.0
0.455627 -0.001465 0.697456 1 0.0
0.163387 0.669702 0.747858 3 0.0
0.655742 -0.000784 0.653928 1 0.0
0.311644 0.941358 0.581328 10 0.0
0.329578 0.952051 0.580557 10 0.0
0.312652 0.943506 0.634601 10 0.0
0.29371 0.930665 0.582098 10 0.0
0.310637 0.93921 0.528055 10 0.0
0.500124 -0.000309 0.328202 1 0.0
0.709473 0.911717 0.250636 13 0.034391
0.181517 0.298425 0.245771 13 0.0
0.390252 0.007184 0.734476 1 0.993916
0.224062 0.728466 0.747805 3 0.0
0.241959 0.784224 0.747835 3 0.0
0.204517 0.73474 0.746912 3 0.0
0.206164 0.672707 0.747775 3 0.0
0.243607 0.722191 0.748698 3 0.0
0.140878 0.001418 0.58375 1 0.097794
0.636332 -0.000963 0.427979 2 0.838932
0.843298 0.532935 0.748212 4 0.0
0.182243 -0.000357 0.514178 1 0.0
0.748521 0.06358 0.265989 13 0.0
0.710464 0.071586 0.270606 13 0.0
0.752971 0.083408 0.268288 13 0.0
0.786578 0.055574 0.261371 13 0.0
0.744071 0.043752 0.263689 13 0.0
0.146485 0.165767 0.749805 3 0.239956
0.756572 0.889687 0.25002 13 0.999921
0.628347 0.964923 0.701923 12 0.0
0.519057 0.994222 0.709758 12 0.0
0.54202 0.992892 0.709212 12 0.0
0.519479 0.995768 0.723746 12 0.0
0.496093 0.995552 0.710303 12 0.0
0.518635 0.992677 0.69577 12 0.0
0.520983 0.027086 0.321712 2 2e-06
0.287372 0.181296 0.243341 13 0.0
0.331506 0.166383 0.243061 13 0.0
0.269401 0.128096 0.24419 13 0.0
0.243238 0.196209 0.243622 13 0.0
0.305343 0.234495 0.242492 13 0.0
0.441862 0.7689 0.685259 7 0.0
0.414072 0.759208 0.685388 7 0.0
0.441693 0.769712 0.709912 7 0.0
0.469651 0.778591 0.68513 7 0.0
0.44203 0.768087 0.660606 7 0.0
0.338938 0.027828 0.736642 1 0.0
0.445006 0.982191 0.572091 12 0.0
0.464808 0.985054 0.57161 12 0.0
0.446163 0.982719 0.622875 12 0.0
0.425204 0.979329 0.572572 12 0.0
0.443849 0.981663 0.521307 12 0.0
0.68359 0.672655 0.258354 14 0.676063
0.675405 0.686355 0.257063 14 0.676063
0.681259 0.671874 0.264834 14 0.676063
0.691774 0.658955 0.259644 14 0.676063
0.68592 0.673437 0.251873 14 0.676063
0.551026 0.002972 0.303518 1 1.7e-05
0.319682 0.768647 0.376432 11 0.0
0.372264 0.798857 0.378778 11 0.0
0.323484 0.758879 0.417006 11 0.0
0.2671 0.738437 0.374085 11 0.0
0.315881 0.778415 0.335857 11 0.0
0.836377 0.321355 0.746224 3 0.0
0.200543 0.7532 0.75056 3 0.0
0.142667 0.003032 0.621791 1 2e-06
0.358162 0.400077 0.245406 7 0.999849
0.294971 0.701476 0.753477 3 0.0
0.227385 0.000702 0.730484 1 3e-06
0.181582 0.67228 0.56971 12 0.0
0.190062 0.706578 0.594514 12 0.0
0.17759 0.651576 0.599705 12 0.0
0.173102 0.637981 0.544907 12 0.0
0.185574 0.692984 0.539716 12 0.0
0.170616 0.415343 0.75115 3 0.0
0.535978 0.000846 0.366468 5 0.884239
0.676297 0.701202 0.246831 14 1.4e-05
0.755958 0.370222 0.750058 3 0.0
0.553056 0.016839 0.31365 1 0.071676
0.761744 0.677278 0.448539 9 0.0
0.742496 0.722883 0.460544 9 0.0
0.761813 0.661618 0.50814 9 0.0
0.780993 0.631673 0.436534 9 0.0
0.761675 0.692938 0.388938 9 0.0
0.137646 0.349314 0.600183 12 0.0
0.137017 0.351036 0.553532 12 0.0
0.138468 0.455557 0.604093 12 0.0
0.138276 0.347592 0.646834 12 0.0
0.136825 0.243071 0.596273 12 0.0
0.840911 0.185254 0.743322 3 0.99934
0.410201 0.914512 0.336851 8 0.029276
0.161097 0.756593 0.465022 12 0.0
0.166034 0.769266 0.459083 12 0.0
0.165866 0.768972 0.495401 12 0.0
0.15616 0.743919 0.470962 12 0.0
0.156328 0.744214 0.434644 12 0.0
0.161997 0.039575 0.245675 13 1e-06
0.150834 0.039092 0.247023 13 1e-06
0.161203 0.054555 0.244465 13 1e-06
0.173161 0.040059 0.244327 13 1e-06
0.162792 0.024595 0.246885 13 1e-06
0.650483 0.88745 0.418922 9 1.2e-05
0.613072 0.903922 0.419022 9 1.2e-05
0.646501 0.878113 0.46672 9 1.2e-05
0.687894 0.870977 0.418821 9 1.2e-05
0.654466 0.896786 0.371124 9 1.2e-05
0.838886 0.734429 0.539445 12 0.0
0.131486 0.271834 0.634934 12 0.0
0.131387 0.272968 0.597781 12 0.0
0.130961 0.355221 0.63748 12 0.0
0.131586 0.2707 0.672087 12 0.0
0.132011 0.188448 0.632387 12 0.0
0.851808 0.633768 0.507023 12 0.0
0.846116 0.675276 0.51038 12 0.0
0.850668 0.630248 0.54861 12 0.0
0.857501 0.59226 0.503665 12 0.0
0.852948 0.637288 0.465435 12 0.0
0.129049 0.392541 0.282133 12 1e-06
0.521859 0.790366 0.752448 3 0.0
0.128002 0.281252 0.299987 12 1.6e-05
0.830568 0.633837 0.546438 9 1e-06
0.820941 0.65195 0.543906 9 1e-06
0.829007 0.637555 0.578984 9 1e-06
0.840195 0.615723 0.548969 9 1e-06
0.83213 0.630118 0.513892 9 1e-06
0.669589 0.952186 0.378723 12 0.0
0.659228 0.957428 0.376571 12 0.0
0.66488 0.953651 0.404965 12 0.0
0.67995 0.946944 0.380874 12 0.0
0.674297 0.950721 0.35248 12 0.0
0.313656 0.435248 0.752131 11 0.0
0.245379 0.649661 0.752139 3 0.0
0.324207 0.910977 0.412629 12 0.0
0.127626 0.313262 0.286841 12 0.0
0.838282 0.61864 0.495601 12 0.0
0.453611 0.990942 0.558434 12 0.0
0.270374 0.52999 0.247127 14 0.0
0.817057 0.543545 0.749774 4 0.0
0.286292 0.350898 0.75383 3 0.0
0.238782 0.630404 0.754679 3 0.0
0.374802 0.760501 0.754577 3 0.0
0.534345 0.880951 0.248566 13 0.0
0.464802 0.889165 0.248261 13 0.0
0.530317 0.846835 0.248059 13 0.0
0.603887 0.872738 0.248872 13 0.0
0.538372 0.915067 0.249073 13 0.0
0.54699 0.317893 0.753455 11 1e-06
0.64076 0.225202 0.245837 13 0.0
0.705993 0.282639 0.246425 13 0.0
0.611491 0.25845 0.245189 13 0.0
0.575526 0.167764 0.245248 13 0.0
0.670029 0.191953 0.246485 13 0.0
0.720968 0.527914 0.751143 3 0.014015
0.534985 0.985722 0.722234 12 0.0
0.613811 0.929556 0.627181 10 4.3e-05
0.588158 0.939118 0.609725 10 4.3e-05
0.594846 0.936601 0.658912 10 4.3e-05
0.639465 0.919994 0.644637 10 4.3e-05
0.632777 0.922511 0.59545 10 4.3e-05
0.221077 0.848506 0.699658 6 0.0
0.24218 0.875637 0.69724 6 0.0
0.222461 0.848946 0.716688 6 0.0
0.199973 0.821375 0.702075 6 0.0
0.219692 0.848065 0.682628 6 0.0
0.223413 0.865288 0.440584 12 0.0
0.23506 0.879842 0.435845 12 0.0
0.229555 0.870511 0.471725 12 0.0
0.211766 0.850734 0.445322 12 0.0
0.21727 0.860065 0.409443 12 0.0
0.190875 0.814737 0.318767 12 4e-06
0.204294 0.838164 0.30866 12 4e-06
0.195508 0.820834 0.33905 12 4e-06
0.177455 0.791311 0.328874 12 4e-06
0.186241 0.808641 0.298484 12 4e-06
0.410474 0.984075 0.467733 12 0.0
0.163231 0.754083 0.738262 12 0.0
0.74879 0.897442 0.335387 12 0.0
0.736266 0.90863 0.342053 12 0.0
0.756512 0.889587 0.363077 12 0.0
0.761314 0.886255 0.32872 12 0.0
0.741068 0.905298 0.307696 12 0.0
0.189328 0.77739 0.334847 15 0.999989
0.201523 0.793664 0.339123 15 0.999989
0.193189 0.767266 0.362367 15 0.999989
0.177134 0.761117 0.330571 15 0.999989
0.185467 0.787514 0.307327 15 0.999989
0.277347 0.907483 0.552381 6 0.0
0.303693 0.929138 0.552773 6 0.0
0.275386 0.908733 0.615017 6 0.0
0.251001 0.885828 0.551988 6 0.0
0.279307 0.906233 0.489744 6 0.0
0.837471 0.755692 0.318972 16 0.004942
0.831125 0.776645 0.301366 16 0.004942
0.832489 0.766514 0.333648 16 0.004942
0.843818 0.734739 0.336578 16 0.004942
0.842454 0.74487 0.304296 16 0.004942
0.84203 0.322026 0.74559 3 0.00131
0.783811 0.72954 0.300528 9 4e-06
0.775624 0.738276 0.306304 9 4e-06
0.784616 0.720434 0.315442 9 4e-06
0.791999 0.720805 0.294753 9 4e-06
0.783007 0.738647 0.285615 9 4e-06
0.735727 0.910985 0.250226 13 0.999935
0.774573 0.826633 0.464073 12 0.0
0.760621 0.846922 0.471908 12 0.0
0.782016 0.818212 0.499132 12 0.0
0.788525 0.806343 0.456237 12 0.0
0.76713 0.835054 0.429014 12 0.0
0.581425 0.037772 0.246393 13 0.0
0.257086 0.891132 0.476016 12 0.0
0.277633 0.910031 0.468477 12 0.0
0.270783 0.904851 0.547732 12 0.0
0.23654 0.872233 0.483555 12 0.0
0.24339 0.877413 0.4043 12 0.0
0.867529 0.055405 0.596242 12 0.0
0.867912 0.074287 0.596438 12 0.0
0.867908 0.054906 0.643601 12 0.0
0.867147 0.036523 0.596046 12 0.0
0.867151 0.055904 0.548883 12 0.0
0.825879 0.728697 0.635102 9 6e-06
0.819432 0.739143 0.611311 9 6e-06
0.817764 0.749368 0.646378 9 6e-06
0.832327 0.718251 0.658893 9 6e-06
0.833995 0.708026 0.623827 9 6e-06
0.403548 0.952239 0.286272 13 8e-06
0.3277 0.855596 0.741111 3 0.0
0.371739 0.891702 0.740248 3 0.0
0.31256 0.874038 0.740121 3 0.0
0.283661 0.819489 0.741974 3 0.0
0.34284 0.837153 0.742101 3 0.0
0.808682 0.777796 0.593084 12 0.0
0.797902 0.799574 0.574612 12 0.0
0.799431 0.793862 0.617424 12 0.0
0.819461 0.756018 0.611555 12 0.0
0.817932 0.761729 0.568743 12 0.0
0.748411 0.895378 0.589726 12 0.0
0.733779 0.909282 0.59095 12 0.0
0.751052 0.89362 0.641231 12 0.0
0.763043 0.881474 0.588501 12 0.0
0.74577 0.897135 0.53822 12 0.0
0.805142 0.823709 0.513573 12 0.0
0.795456 0.83916 0.513825 12 0.0
0.805819 0.823486 0.553287 12 0.0
0.814827 0.808258 0.513321 12 0.0
0.804464 0.823932 0.473859 12 0.0
0.523588 0.908977 0.742077 4 0.0
0.525225 0.935028 0.741262 4 0.0
0.466206 0.912579 0.741936 4 0.0
0.521951 0.882925 0.742893 4 0.0
0.58097 0.905375 0.742218 4 0.0
0.808112 0.821573 0.332784 12 0.0
0.798315 0.838324 0.333109 12 0.0
0.806916 0.820358 0.359334 12 0.0
0.81791 0.804822 0.33246 12 0.0
0.809309 0.822787 0.306234 12 0.0
0.207819 0.825802 0.744445 3 0.983199
0.86609 0.603807 0.566274 12 0.0
0.864692 0.613712 0.510648 12 0.0
0.865544 0.632265 0.571355 12 0.0
0.867488 0.593903 0.6219 12 0.0
0.866635 0.575349 0.561193 12 0.0
0.776656 0.850981 0.748292 4 8e-06
0.823682 0.722917 0.24935 13 0.0
0.860877 0.667203 0.251813 12 0.999838
0.294013 0.910852 0.71522 12 1.0
0.190934 0.747103 0.410845 12 0.0
0.20028 0.769558 0.408684 12 0.0
0.191889 0.751424 0.459883 12 0.0
0.181588 0.724648 0.413006 12 0.0
0.18998 0.742781 0.361806 12 0.0
0.844491 0.381959 0.250783 13 2.5e-05
0.289348 0.215664 0.753906 3 0.0
0.280982 0.281435 0.754498 3 0.0
0.241801 0.209622 0.753235 3 0.0
0.297715 0.149893 0.753315 3 0.0
0.336896 0.221706 0.754578 3 0.0
0.56669 0.988179 0.249596 13 0.999906
0.542602 0.990434 0.731524 10 0.0
0.612503 0.976168 0.63897 12 0.0
0.595617 0.980977 0.641722 12 0.0
0.617381 0.974189 0.672366 12 0.0
0.629389 0.971358 0.636218 12 0.0
0.607624 0.978146 0.605574 12 0.0
0.648313 0.963124 0.298328 9 3e-06
0.627747 0.972204 0.297645 9 3e-06
0.647361 0.962217 0.31493 9 3e-06
0.668878 0.954044 0.299011 9 3e-06
0.649265 0.964031 0.281727 9 3e-06
0.305898 0.937252 0.250538 12 0.99686
0.866481 0.016621 0.560577 12 0.0
0.175611 0.794376 0.59359 12 0.0
0.180595 0.806109 0.609894 12 0.0
0.168571 0.781773 0.604811 12 0.0
0.170628 0.782643 0.577286 12 0.0
0.182652 0.806979 0.582369 12 0.0
0.729865 0.868908 0.745808 3 0.0
0.743177 -0.000889 0.2898 1 0.009076
0.783405 -0.000412 0.28964 1 0.009076
0.743239 -0.001325 0.30404 1 0.009076
0.702949 -0.001366 0.289961 1 0.009076
0.743115 -0.000453 0.27556 1 0.009076
0.854919 0.640707 0.72901 12 0.0
0.73696 0.711896 0.748102 3 0.0
0.142795 0.672386 0.563517 12 0.0
0.147013 0.699431 0.566843 12 0.0
0.141732 0.665894 0.617657 12 0.0
0.138578 0.645342 0.560192 12 0.0
0.143859 0.678878 0.509378 12 0.0
0.8654 0.024093 0.502737 12 0.0
0.16059 0.170029 0.24454 13 6e-06
0.86593 0.113053 0.54172 12 0.0
0.866498 0.148942 0.546908 12 0.0
0.865748 0.103673 0.606616 12 0.0
0.865361 0.077164 0.536531 12 0.0
0.866111 0.122433 0.476823 12 0.0
0.132586 0.455881 0.2935 12 0.0
0.827618 0.762083 0.499101 12 0.0
0.252572 0.025611 0.750572 3 0.0
0.416467 0.983761 0.519645 12 0.0
0.403654 0.98059 0.515264 12 0.0
0.409443 0.97948 0.543285 12 0.0
0.42928 0.986933 0.524027 12 0.0
0.423491 0.988042 0.496006 12 0.0
0.178769 0.337581 0.752708 3 0.0
0.237494 0.02374 0.751428 3 0.0
0.357621 0.964614 0.517301 12 0.0
0.37499 0.971251 0.510221 12 0.0
0.368014 0.970098 0.547943 12 0.0
0.340251 0.957977 0.52438 12 0.0
0.347227 0.95913 0.486658 12 0.0
0.814032 0.788482 0.310948 16 0.0
0.800539 0.814201 0.312579 16 0.0
0.815004 0.787815 0.329505 16 0.0
0.827524 0.762762 0.309316 16 0.0
0.813059 0.789149 0.29239 16 0.0
0.577746 0.960072 0.448524 12 0.0
0.555563 0.9651 0.44988 12 0.0
0.579906 0.959194 0.4871 12 0.0
0.599928 0.955043 0.447167 12 0.0
0.575586 0.960949 0.409948 12 0.0
0.404521 0.972344 0.483478 12 0.0
0.425272 0.977955 0.484013 12 0.0
0.403515 0.971912 0.526992 12 0.0
0.383771 0.966734 0.482942 12 0.0
0.405527 0.972777 0.439964 12 0.0
0.606215 0.000879 0.293571 1 3.8e-05
0.206399 0.278777 0.276462 13 0.0
0.202165 0.33361 0.269638 13 0.0
0.230948 0.280836 0.277774 13 0.0
0.210633 0.223945 0.283286 13 0.0
0.18185 0.276718 0.27515 13 0.0
0.517242 0.350542 0.656236 7 0.017591
0.775131 -1.6e-05 0.522781 1 0.0
0.804519 0.000377 0.518836 1 0.0
0.781729 0.000776 0.572005 1 0.0
0.745744 -0.000409 0.526726 1 0.0
0.768534 -0.000808 0.473556 1 0.0
0.391753 0.002521 0.728944 1 0.0
0.846953 0.675531 0.380828 12 0.0
0.841404 0.7055 0.391095 12 0.0
0.847335 0.662332 0.419558 12 0.0
0.852503 0.645561 0.37056 12 0.0
0.846572 0.68873 0.342097 12 0.0
0.510565 -0.001783 0.717571 1 0.0
0.65181 0.953879 0.251262 13 1.0
0.136133 0.650623 0.377052 12 0.0
0.138002 0.669226 0.386005 12 0.0
0.134484 0.631338 0.417465 12 0.0
0.134264 0.63202 0.368099 12 0.0
0.137782 0.669908 0.336639 12 0.0
0.507136 0.782483 0.67069 7 0.0
0.482799 0.782665 0.667695 7 0.0
0.503696 0.785218 0.698813 7 0.0
0.531474 0.782301 0.673685 7 0.0
0.510577 0.779748 0.642567 7 0.0
0.481723 0.779036 0.747079 7 2e-06
0.502573 0.000657 0.271074 1 0.000295
0.617957 0.003739 0.413517 2 0.359555
0.159776 -6.9e-05 0.494907 1 0.0
0.568062 0.000266 0.270192 1 1.5e-05
0.151885 0.127194 0.752041 3 0.0
0.806457 0.773138 0.638225 12 0.0
0.796103 0.79409 0.618577 12 0.0
0.796297 0.789947 0.661504 12 0.0
0.816811 0.752186 0.657872 12 0.0
0.816617 0.756329 0.614946 12 0.0
0.396544 0.751214 0.731486 7 0.0
0.403944 0.75577 0.728638 7 0.0
0.398975 0.751548 0.738336 7 0.0
0.389145 0.746658 0.734335 7 0.0
0.394113 0.75088 0.724637 7 0.0
0.148444 0.695183 0.728 10 0.0
0.288891 0.522986 0.248502 8 0.999989
0.491388 0.041121 0.356908 5 0.0
0.465409 0.042416 0.360233 5 0.0
0.492864 0.055972 0.362655 5 0.0
0.517367 0.039826 0.353583 5 0.0
0.489912 0.026271 0.35116 5 0.0
0.312553 0.933132 0.64257 6 0.0
0.334181 0.948398 0.629087 6 0.0
0.327756 0.940258 0.675025 6 0.0
0.290925 0.917865 0.656053 6 0.0
0.29735 0.926006 0.610115 6 0.0
0.192732 0.315733 0.748215 3 0.0
0.716827 0.598845 0.75536 11 0.993971
0.206081 0.306509 0.752248 3 0.0
0.275644 0.901111 0.539584 6 0.0
0.298032 0.919672 0.530387 6 0.0
0.2908 0.916236 0.606999 6 0.0
0.253257 0.88255 0.548781 6 0.0
0.260489 0.885986 0.472168 6 0.0
0.527859 0.991478 0.37997 12 0.0
0.50486 0.993484 0.380906 12 0.0
0.529573 0.991301 0.42243 12 0.0
0.550858 0.989473 0.379033 12 0.0
0.526146 0.991656 0.33751 12 0.0
0.256395 -0.002013 0.71495 1 0.0
0.866286 0.40395 0.690414 12 0.0
0.19325 0.30715 0.718801 3 0.0
0.865013 0.330418 0.710753 12 0.0
0.294801 0.701663 0.754738 3 0.0
0.145889 0.687056 0.556993 12 0.0
0.150168 0.711513 0.562276 12 0.0
0.143213 0.677267 0.604477 12 0.0
0.14161 0.6626 0.55171 12 0.0
0.148564 0.696845 0.50951 12 0.0
0.139066 0.659193 0.684701 12 0.0
0.142061 0.688503 0.683455 12 0.0
0.138372 0.66021 0.706945 12 0.0
0.136072 0.629884 0.685947 12 0.0
0.139761 0.658177 0.662457 12 0.0
0.818611 0.40349 0.748822 3 0.0
0.848123 0.724991 0.492465 10 0.0
0.843913 0.741508 0.492355 10 0.0
0.847854 0.725184 0.531859 10 0.0
0.852334 0.708474 0.492574 10 0.0
0.848392 0.724799 0.45307 10 0.0
0.225412 0.775782 0.53604 12 0.0
0.234845 0.783803 0.480983 12 0.0
0.239299 0.807734 0.543074 12 0.0
0.215979 0.76776 0.591097 12 0.0
0.211525 0.74383 0.529005 12 0.0
0.209288 0.424776 0.752542 3 0.0
0.305243 0.012401 0.71253 1 0.0
0.410179 0.982093 0.36841 12 0.0
0.388455 0.976247 0.366306 12 0.0
0.40663 0.981476 0.406764 12 0.0
0.431902 0.987938 0.370513 12 0.0
0.413727 0.982709 0.330056 12 0.0
0.131096 0.143361 0.271703 12 0.033204
0.732323 0.001302 0.752717 3 0.957389
0.354185 0.966057 0.379729 12 0.0
0.199104 0.830467 0.647279 6 0.0
0.21004 0.847044 0.646699 6 0.0
0.198441 0.832054 0.680152 6 0.0
0.188168 0.813891 0.647858 6 0.0
0.199767 0.828881 0.614405 6 0.0
0.594774 0.878076 0.51781 11 0.0
0.546722 0.897683 0.516781 11 0.0
0.60017 0.894863 0.585672 11 0.0
0.642826 0.85847 0.51884 11 0.0
0.589379 0.86129 0.449949 11 0.0
0.855883 0.563174 0.725659 12 0.0
0.185462 -0.000846 0.465982 1 0.0
0.705099 0.47553 0.745635 7 0.997186
0.435435 0.98047 0.531318 9 0.0
0.409469 0.763198 0.753259 7 0.0
0.721918 0.596708 0.749626 11 0.0
0.566381 0.087441 0.377845 2 0.0
0.59337 0.085142 0.389266 2 0.0
0.565653 0.05689 0.373415 2 0.0
0.539391 0.08974 0.366424 2 0.0
0.567109 0.117992 0.382275 2 0.0
0.575737 0.949361 0.570045 12 0.0
0.439717 0.123433 0.243205 13 0.0
0.533325 0.128223 0.242474 13 0.0
0.44163 0.086254 0.244477 13 0.0
0.346109 0.118642 0.243935 13 0.0
0.437805 0.160612 0.241932 13 0.0
0.659173 -0.000901 0.449586 1 0.0
0.862859 0.335593 0.736496 12 0.0
0.706669 0.435753 0.752622 3 0.0
0.273445 0.558694 0.247082 14 0.0
0.305128 0.445792 0.248968 13 5e-05
0.68585 0.362407 0.753482 3 0.0
0.587669 0.009486 0.371796 2 0.999743
0.132041 0.303746 0.657393 12 0.0
0.726305 0.701464 0.258521 13 2e-05
0.71825 0.501492 0.752614 3 0.0
0.288411 0.47637 0.248075 13 0.006522
0.546262 0.342589 0.754331 7 0.017015
0.38242 0.940353 0.35512 9 0.0
0.398862 0.942171 0.324971 9 0.0
0.409284 0.949471 0.370321 9 0.0
0.365978 0.938535 0.385268 9 0.0
0.355556 0.931235 0.339919 9 0.0
0.300862 0.926851 0.594929 6 0.0
0.319824 0.941572 0.582717 6 0.0
0.317773 0.935958 0.632167 6 0.0
0.2819 0.912129 0.607141 6 0.0
0.283951 0.917744 0.557692 6 0.0
0.652205 0.957523 0.568021 12 0.0
0.63261 0.96636 0.560279 12 0.0
0.64163 0.962402 0.600355 12 0.0
0.671799 0.948686 0.575763 12 0.0
0.66278 0.952644 0.535687 12 0.0
0.692266 0.933305 0.514458 12 2e-06
0.681239 0.938559 0.503456 12 2e-06
0.682703 0.938777 0.526657 12 2e-06
0.703293 0.92805 0.525459 12 2e-06
0.701829 0.927832 0.502259 12 2e-06
0.236399 0.803707 0.726043 11 1e-05
0.739492 0.902023 0.669233 12 0.0
0.724165 0.91598 0.677177 12 0.0
0.747346 0.895824 0.695276 12 0.0
0.75482 0.888066 0.661288 12 0.0
0.731639 0.908223 0.64319 12 0.0
0.847866 0.739945 0.255698 9 0.996836
0.809957 0.814727 0.451461 12 0.0
0.803124 0.825997 0.456194 12 0.0
0.815955 0.805888 0.481171 12 0.0
0.81679 0.803457 0.446729 12 0.0
0.803959 0.823566 0.421752 12 0.0
0.695922 0.92835 0.725953 10 1e-06
0.558236 0.042612 0.245785 13 0.0
0.506704 0.982675 0.746459 3 0.057856
0.278077 0.887364 0.482645 12 0.0
0.303752 0.906397 0.470465 12 0.0
0.29743 0.906686 0.553632 12 0.0
0.252401 0.868331 0.494826 12 0.0
0.258723 0.868043 0.411659 12 0.0
0.524528 0.994075 0.345729 12 0.0
0.50461 0.99539 0.344711 12 0.0
0.522843 0.993832 0.378396 12 0.0
0.544446 0.99276 0.346746 12 0.0
0.526213 0.994318 0.313061 12 0.0
0.194288 0.030409 0.246591 13 0.0
0.193836 0.041739 0.246263 13 0.0
0.215427 0.031223 0.245556 13 0.0
0.19474 0.019079 0.246919 13 0.0
0.173149 0.029595 0.247625 13 0.0
0.865369 0.025819 0.444493 12 0.0
0.864602 0.05978 0.711437 12 0.0
0.865172 0.080689 0.707228 12 0.0
0.863964 0.062406 0.724396 12 0.0
0.864032 0.038871 0.715645 12 0.0
0.86524 0.057154 0.698477 12 0.0
0.423904 0.989573 0.649373 12 0.0
0.438768 0.992562 0.650075 12 0.0
0.422441 0.989409 0.681025 12 0.0
0.40904 0.986584 0.64867 12 0.0
0.425367 0.989737 0.61772 12 0.0
0.479327 0.99411 0.296398 10 0.000269
0.475386 0.994156 0.286272 10 0.000269
0.453243 0.992783 0.306544 10 0.000269
0.483268 0.994063 0.306524 10 0.000269
0.505411 0.995436 0.286252 10 0.000269
0.844379 0.740853 0.6824 10 0.0
0.8397 0.750746 0.663622 10 0.0
0.839438 0.760234 0.693842 10 0.0
0.849058 0.73096 0.701178 10 0.0
0.84932 0.721472 0.670958 10 0.0
0.368354 0.970717 0.416005 12 0.0
0.370651 0.971957 0.36263 12 0.0
0.387625 0.978114 0.417006 12 0.0
0.366058 0.969476 0.46938 12 0.0
0.349084 0.963319 0.415004 12 0.0
0.306507 0.93637 0.529522 12 0.0
0.307026 0.884799 0.74871 3 0.0
0.342938 0.912311 0.748279 3 0.0
0.297656 0.897039 0.749342 3 0.0
0.271115 0.857286 0.749141 3 0.0
0.316396 0.872558 0.748078 3 0.0
0.278366 0.90128 0.351948 12 0.0
0.684309 0.943888 0.366271 9 0.0
0.671077 0.951327 0.364791 9 0.0
0.682173 0.946791 0.399973 9 0.0
0.697541 0.936449 0.36775 9 0.0
0.686445 0.940985 0.332569 9 0.0
0.51795 0.975729 0.746776 3 0.0
0.779165 0.784456 0.745997 3 2e-06
0.144431 0.667239 0.408387 12 0.0
0.147773 0.691401 0.420906 12 0.0
0.140618 0.642007 0.458104 12 0.0
0.141089 0.643076 0.395868 12 0.0
0.148243 0.692471 0.358669 12 0.0
0.207743 0.834966 0.574836 12 0.0
0.207685 0.835482 0.624752 12 0.0
0.19628 0.818379 0.574994 12 0.0
0.207802 0.834449 0.524919 12 0.0
0.219206 0.851552 0.574677 12 0.0
0.774193 0.722895 0.249321 13 0.0
0.754972 0.780454 0.249275 13 0.0
0.751983 0.715478 0.24916 13 0.0
0.793415 0.665337 0.249366 13 0.0
0.796404 0.730313 0.249481 13 0.0
0.180302 0.758525 0.443738 12 0.0
0.845903 0.74034 0.490126 12 0.0
0.843736 0.743524 0.451215 12 0.0
0.840903 0.75631 0.491711 12 0.0
0.848071 0.737155 0.529037 12 0.0
0.850904 0.72437 0.48854 12 0.0
0.216736 0.822659 0.441945 12 0.0
0.229637 0.841385 0.438976 12 0.0
0.221398 0.827485 0.492637 12 0.0
0.203835 0.803933 0.444914 12 0.0
0.212074 0.817833 0.391252 12 0.0
0.273354 0.916858 0.256233 13 0.923126
0.642632 0.967463 0.556995 12 0.0
0.632232 0.972175 0.559016 12 0.0
0.647538 0.965719 0.586311 12 0.0
0.653032 0.962751 0.554974 12 0.0
0.637726 0.969207 0.52768 12 0.0
0.654085 0.963851 0.344773 12 0.047708
0.635423 0.972114 0.34557 12 0.047708
0.654412 0.962924 0.36203 12 0.047708
0.672747 0.955588 0.343976 12 0.047708
0.653758 0.964778 0.327516 12 0.047708
0.866139 0.02552 0.640055 12 0.0
0.64578 0.039823 0.244125 13 0.0
0.755184 0.854793 0.747123 4 0.0
0.759444 0.88387 0.470014 12 0.0
0.748625 0.894885 0.473219 12 0.0
0.765099 0.878731 0.506767 12 0.0
0.770262 0.872855 0.466809 12 0.0
0.753788 0.889009 0.433261 12 0.0
0.6321 0.967655 0.373452 12 0.0
0.612858 0.975129 0.372407 12 0.0
0.630364 0.968345 0.41038 12 0.0
0.651342 0.960182 0.374496 12 0.0
0.633836 0.966966 0.336523 12 0.0
0.271878 0.883461 0.460533 6 0.0
0.286933 0.897108 0.455938 6 0.0
0.280225 0.889011 0.504367 6 0.0
0.256823 0.869814 0.465128 6 0.0
0.263531 0.87791 0.416699 6 0.0
0.144355 0.645556 0.518146 12 0.0
0.149138 0.684114 0.52506 12 0.0
0.142304 0.633342 0.587685 12 0.0
0.139572 0.606999 0.511233 12 0.0
0.146406 0.65777 0.448607 12 0.0
0.866101 0.022404 0.56313 12 0.0
0.357107 0.948529 0.747289 3 0.0
0.547565 0.766832 0.25096 7 0.996957
0.859767 0.002808 0.455563 1 0.797911
0.132496 0.55199 0.626598 12 0.0
0.134907 0.606806 0.647655 12 0.0
0.132177 0.53927 0.659747 12 0.0
0.130085 0.497173 0.60554 12 0.0
0.132815 0.56471 0.593449 12 0.0
0.843702 0.001187 0.706628 1 0.0
0.833551 0.000903 0.705892 1 0.0
0.842486 0.001691 0.723204 1 0.0
0.853853 0.00147 0.707364 1 0.0
0.844918 0.000682 0.690052 1 0.0
0.151933 0.042421 0.749279 3 0.0
0.159107 0.042855 0.749161 3 0.0
0.151016 0.058023 0.750938 3 0.0
0.14476 0.041987 0.749396 3 0.0
0.15285 0.026819 0.747619 3 0.0
0.48576 0.022965 0.307733 2 0.619015
0.625179 0.004307 0.45152 2 0.999765
0.172349 0.024212 0.750981 3 0.0
0.18644 0.024164 0.751532 3 0.0
0.172357 0.033092 0.751561 3 0.0
0.158259 0.02426 0.75043 3 0.0
0.172342 0.015332 0.750401 3 0.0
0.61274 0.04148 0.24551 13 0.0
0.505745 0.983218 0.252152 13 0.040027
0.304664 0.002711 0.251352 13 0.99652
0.284434 -0.002494 0.720924 1 0.0
0.612307 0.975154 0.495008 12 0.0
0.771479 0.866736 0.401221 12 0.0
0.762163 0.876424 0.397457 12 0.0
0.765249 0.874186 0.435821 12 0.0
0.780796 0.857048 0.404985 12 0.0
0.777709 0.859287 0.366622 12 0.0
0.638259 0.938763 0.746709 4 0.0
0.239731 0.000189 0.725625 1 0.0
0.47538 0.042216 0.248689 13 0.0
0.612682 0.37943 0.268122 7 8.6e-05
0.741854 -1.9e-05 0.616906 1 0.0
0.775609 0.000273 0.636253 1 0.0
0.720027 0.000243 0.654984 1 0.0
0.708098 -0.00031 0.597558 1 0.0
0.763681 -0.00028 0.578827 1 0.0
0.26034 0.012668 0.498813 1 0.0
0.228789 0.012622 0.504015 1 0.0
0.271596 0.011044 0.567068 1 0.0
0.291891 0.012713 0.493611 1 0.0
0.249084 0.014292 0.430558 1 0.0
0.130722 0.39718 0.305199 12 1e-06
0.365196 0.001264 0.739146 1 1e-06
0.283086 0.038387 0.658835 1 0.0
0.236576 0.043931 0.659769 1 0.0
0.283562 0.037433 0.688186 1 0.0
0.329596 0.032842 0.657901 1 0.0
0.28261 0.03934 0.629484 1 0.0
0.829973 0.648327 0.441633 12 0.0
0.826143 0.678813 0.44661 12 0.0
0.825312 0.638123 0.500549 12 0.0
0.833803 0.617842 0.436656 12 0.0
0.834634 0.658532 0.382716 12 0.0
0.200754 0.000344 0.278993 1 0.0
0.224667 -0.001066 0.280366 1 0.0
0.200052 0.00016 0.291033 1 0.0
0.17684 0.001754 0.27762 1 0.0
0.201456 0.000528 0.266953 1 0.0
0.852781 0.037532 0.560976 12 0.0
0.495011 0.000905 0.281378 1 9.2e-05
0.491692 0.787074 0.736699 11 0.0
0.477823 0.789217 0.736252 11 0.0
0.49089 0.782905 0.741602 11 0.0
0.505561 0.784932 0.737146 11 0.0
0.492494 0.791244 0.731796 11 0.0
0.532108 0.315355 0.276184 7 0.0
0.566791 0.322232 0.275921 7 0.0
0.534035 0.306084 0.287899 7 0.0
0.497425 0.308478 0.276447 7 0.0
0.530181 0.324626 0.264469 7 0.0
0.811496 0.000705 0.411271 1 0.0
0.829576 0.000862 0.409692 1 0.0
0.815996 0.000986 0.46282 1 0.0
0.793417 0.000549 0.41285 1 0.0
0.806997 0.000425 0.359722 1 0.0
0.162546 -0.000545 0.446343 1 0.0
0.1381 0.034364 0.743246 12 1e-06
0.279294 0.881852 0.671281 11 3e-06
0.300875 0.897116 0.65463 11 3e-06
0.286645 0.893618 0.691595 11 3e-06
0.257712 0.866588 0.687931 11 3e-06
0.271942 0.870085 0.650966 11 3e-06
0.82215 0.666062 0.30111 9 0.000919
0.815505 0.692582 0.308824 9 0.000919
0.810634 0.659263 0.314564 9 0.000919
0.828795 0.639543 0.293396 9 0.000919
0.833666 0.672862 0.287656 9 0.000919
0.232101 0.832546 0.748432 3 0.0
0.144861 0.686226 0.655586 12 0.0
0.14407 0.69344 0.685354 12 0.0
0.139805 0.660439 0.6617 12 0.0
0.145652 0.679012 0.625818 12 0.0
0.149917 0.712013 0.649471 12 0.0
0.132637 0.201329 0.283316 12 0.000432
0.859629 0.582856 0.421577 12 0.0
0.855658 0.634081 0.435397 12 0.0
0.861417 0.568459 0.475454 12 0.0
0.863599 0.531631 0.407756 12 0.0
0.85784 0.597253 0.367699 12 0.0
0.317692 0.016905 0.744817 3 0.0
0.307636 0.935782 0.465132 15 0.0
0.327059 0.947793 0.454414 15 0.0
0.316352 0.941285 0.487095 15 0.0
0.288212 0.923771 0.47585 15 0.0
0.29892 0.930279 0.44317 15 0.0
0.149715 0.652887 0.747767 3 0.20662
0.459941 0.98462 0.687327 12 0.0
0.484407 0.986303 0.680248 12 0.0
0.465301 0.987928 0.706638 12 0.0
0.435476 0.982937 0.694406 12 0.0
0.454582 0.981312 0.668016 12 0.0
0.196464 0.797865 0.517397 12 3e-06
0.814048 0.002559 0.454728 1 0.0
0.215548 0.846342 0.247481 13 1.0
0.408447 0.775003 0.248364 13 0.0
0.864003 0.177458 0.725132 12 0.0
0.13623 0.659818 0.509052 12 0.0
0.137756 0.677521 0.515331 12 0.0
0.135875 0.64608 0.547877 12 0.0
0.134705 0.642115 0.502774 12 0.0
0.136586 0.673556 0.470228 12 0.0
0.858895 0.198604 0.747388 3 0.999459
0.513433 0.000635 0.737846 1 0.0
0.465508 0.788312 0.753677 3 0.0
0.528107 0.351909 0.2572 7 0.97178
0.556574 0.895074 0.445091 5 2.5e-05
0.522228 0.981796 0.37335 12 0.0
0.493935 0.9841 0.36804 12 0.0
0.516657 0.98168 0.402982 12 0.0
0.55052 0.979493 0.37866 12 0.0
0.527798 0.981912 0.343718 12 0.0
0.703181 0.196768 0.75307 3 0.0
0.716024 0.256168 0.753894 3 0.0
0.653256 0.207543 0.75452 3 0.0
0.690338 0.137368 0.752246 3 0.0
0.753106 0.185994 0.751621 3 0.0
0.2492 0.001166 0.724644 1 0.0
0.649819 0.375683 0.752967 3 0.0
0.773009 0.159804 0.247444 13 0.0
0.76425 0.210329 0.246937 13 0.0
0.742472 0.154504 0.246849 13 0.0
0.781768 0.109279 0.247951 13 0.0
0.803546 0.165104 0.248039 13 0.0
0.392515 0.956241 0.355407 12 0.0
0.366359 0.947571 0.34839 12 0.0
0.384379 0.954223 0.388231 12 0.0
0.418672 0.964911 0.362423 12 0.0
0.400652 0.958259 0.322583 12 0.0
0.169646 0.773091 0.552546 12 0.0
0.175798 0.788194 0.576558 12 0.0
0.162495 0.756858 0.564588 12 0.0
0.163495 0.757988 0.528534 12 0.0
0.176798 0.789324 0.540504 12 0.0
0.824207 0.316194 0.729863 4 2e-06
0.808303 0.242398 0.699316 3 3e-06
0.717629 0.547472 0.749372 7 0.929583
0.756978 0.629604 0.60646 10 0.0
0.766217 0.637407 0.563962 10 0.0
0.743569 0.703426 0.617099 10 0.0
0.747738 0.621802 0.648959 10 0.0
0.770387 0.555782 0.595822 10 0.0
0.72964 0.677222 0.564907 5 0.0
0.707485 0.746379 0.536342 5 0.0
0.714931 0.691942 0.611952 5 0.0
0.751795 0.608066 0.593471 5 0.0
0.744349 0.662503 0.517861 5 0.0
0.75626 0.886181 0.557045 12 0.0
0.742759 0.899354 0.557878 12 0.0
0.758086 0.884204 0.617946 12 0.0
0.769761 0.873009 0.556213 12 0.0
0.754434 0.888158 0.496144 12 0.0
0.834243 0.757462 0.511534 12 0.0
0.701059 -0.001894 0.673511 1 0.0
0.649539 -0.002149 0.669753 1 0.0
0.699382 -0.002542 0.696538 1 0.0
0.752579 -0.00164 0.67727 1 0.0
0.702736 -0.001247 0.650485 1 0.0
0.799874 0.029988 0.301708 1 3.6e-05
0.778052 0.039443 0.311366 1 3.6e-05
0.806899 0.031726 0.315877 1 3.6e-05
0.821697 0.020532 0.29205 1 3.6e-05
0.79285 0.028249 0.287539 1 3.6e-05
0.183247 0.433354 0.755658 3 0.0
0.476828 0.964887 0.398726 12 0.0
0.454392 0.961139 0.395615 12 0.0
0.471353 0.963938 0.439356 12 0.0
0.499265 0.968635 0.401837 12 0.0
0.482303 0.965835 0.358095 12 0.0
0.721671 0.129 0.75044 3 0.0
0.680419 0.160315 0.751981 3 0.0
0.701568 0.102494 0.750934 3 0.0
0.762923 0.097684 0.7489 3 0.0
0.741773 0.155505 0.749947 3 0.0
0.865568 0.274832 0.709612 12 0.0
0.701098 0.314059 0.752108 4 0.0
0.696973 -0.000997 0.341429 1 0.0
0.703216 -0.000634 0.315343 1 0.0
0.749718 -0.000703 0.354057 1 0.0
0.69073 -0.00136 0.367514 1 0.0
0.644228 -0.00129 0.328801 1 0.0
0.166023 0.233746 0.643333 12 0.0
0.164922 0.307176 0.630348 12 0.0
0.172522 0.238989 0.672429 12 0.0
0.167124 0.160316 0.656318 12 0.0
0.159523 0.228503 0.614237 12 0.0
0.694785 0.399775 0.752812 3 0.0
0.821582 0.769838 0.520837 10 0.0
0.452777 0.964874 0.468936 9 0.0
0.429189 0.961025 0.466207 9 0.0
0.447544 0.965434 0.513383 9 0.0
0.476366 0.968723 0.471665 9 0.0
0.458011 0.964313 0.424488 9 0.0
0.844629 0.270042 0.264592 13 0.997491
0.486354 0.815667 0.258348 13 0.0
0.270648 0.493527 0.753518 3 0.0
0.403761 0.323709 0.247094 13 0.0
0.298137 0.63167 0.242582 14 0.999996
0.443493 0.356098 0.690673 7 0.0
0.39423 0.377198 0.681095 7 0.0
0.439454 0.355599 0.710349 7 0.0
0.492755 0.334998 0.70025 7 0.0
0.447531 0.356597 0.670997 7 0.0
0.156704 0.728217 0.73843 12 0.0
0.77157 0.323378 0.749879 3 0.0
0.683656 0.918029 0.61195 12 0.0
0.663866 0.929082 0.609136 12 0.0
0.678066 0.917518 0.649254 12 0.0
0.703445 0.906977 0.614763 12 0.0
0.689245 0.91854 0.574646 12 0.0
0.625929 0.007302 0.456561 5 0.996158
0.799121 0.736893 0.284939 9 0.004333
0.788675 0.848645 0.670355 12 0.0
0.777948 0.86461 0.683691 12 0.0
0.79942 0.836969 0.692977 12 0.0
0.799402 0.83268 0.65702 12 0.0
0.77793 0.860321 0.647734 12 0.0
0.803945 0.8307 0.349707 12 0.0
0.792741 0.847137 0.357283 12 0.0
0.809659 0.820569 0.38014 12 0.0
0.815149 0.814263 0.342131 12 0.0
0.79823 0.840831 0.319274 12 0.0
0.529656 0.950143 0.7432 4 0.0
0.437973 0.971581 0.746759 3 2e-06
0.223764 0.866441 0.252644 13 0.89172
0.259634 0.875638 0.364924 12 0.0
0.272981 0.88663 0.358935 12 0.0
0.267669 0.883843 0.397894 12 0.0
0.246287 0.864645 0.370912 12 0.0
0.251599 0.867433 0.331953 12 0.0
0.546145 0.992349 0.29952 9 0.009843
0.524663 0.995282 0.299748 9 0.009843
0.546235 0.991609 0.317508 9 0.009843
0.567627 0.989415 0.299292 9 0.009843
0.546055 0.993089 0.281532 9 0.009843
0.484412 0.029914 0.248631 13 0.0
0.128157 0.307964 0.277397 12 0.00016
0.171785 0.782591 0.677908 10 0.0
0.177678 0.798042 0.698225 10 0.0
0.164081 0.768491 0.690866 10 0.0
0.165893 0.767141 0.657591 10 0.0
0.17949 0.796692 0.66495 10 0.0
0.318873 0.942584 0.455798 10 0.0
0.332843 0.949606 0.449811 10 0.0
0.327861 0.951494 0.48722 10 0.0
0.304903 0.935562 0.461785 10 0.0
0.309885 0.933675 0.424375 10 0.0
0.290472 0.912682 0.747495 3 0.010214
0.179666 0.767118 0.457822 12 0.0
0.188659 0.78885 0.458103 12 0.0
0.18058 0.766016 0.513809 12 0.0
0.170673 0.745387 0.457541 12 0.0
0.178753 0.768221 0.401835 12 0.0
0.333359 0.892645 0.352974 10 1.4e-05
0.353338 0.905345 0.371196 10 1.4e-05
0.320217 0.889761 0.369393 10 1.4e-05
0.31338 0.879944 0.334752 10 1.4e-05
0.346501 0.895528 0.336555 10 1.4e-05
0.695176 0.933532 0.469464 12 0.0
0.678585 0.943756 0.468766 12 0.0
0.694143 0.935557 0.52361 12 0.0
0.711766 0.923308 0.470163 12 0.0
0.696208 0.931507 0.415319 12 0.0
0.345048 0.161219 0.753407 3 0.0
0.411301 0.167755 0.754382 3 0.0
0.340056 0.211629 0.75467 3 0.0
0.278796 0.154683 0.752431 3 0.0
0.35004 0.110809 0.752143 3 0.0
0.718096 0.022494 0.749766 3 0.0
0.454585 0.969224 0.747215 3 0.0
0.217325 0.828463 0.748367 3 0.0
0.454801 0.991799 0.597765 12 0.0
0.471741 0.993801 0.597779 12 0.0
0.454673 0.992559 0.645463 12 0.0
0.437861 0.989798 0.597752 12 0.0
0.454929 0.99104 0.550068 12 0.0
0.167958 0.745748 0.744166 3 0.926582
0.759051 0.879542 0.488783 12 0.0
0.74555 0.892437 0.480907 12 0.0
0.750951 0.889037 0.518213 12 0.0
0.772552 0.866646 0.49666 12 0.0
0.767151 0.870046 0.459354 12 0.0
0.826654 0.725394 0.392311 12 0.0
0.820471 0.745132 0.391545 12 0.0
0.825538 0.726428 0.42799 12 0.0
0.832836 0.705656 0.393076 12 0.0
0.82777 0.72436 0.356632 12 0.0
0.155957 0.747958 0.458737 12 0.0
0.162155 0.76575 0.467154 12 0.0
0.150386 0.734208 0.491905 12 0.0
0.149759 0.730167 0.450321 12 0.0
0.161528 0.761708 0.425569 12 0.0
0.808917 0.56701 0.326941 5 0.551046
0.868587 0.134403 0.464795 12 0.0
0.869991 0.1766 0.46534 12 0.0
0.869045 0.133524 0.531691 12 0.0
0.867182 0.092207 0.46425 12 0.0
0.868128 0.135283 0.397898 12 0.0
0.147539 0.707668 0.720912 12 0.0
0.153366 0.733813 0.716333 12 0.0
0.147586 0.709467 0.731244 12 0.0
0.141713 0.681523 0.72549 12 0.0
0.147492 0.705869 0.71058 12 0.0
0.633688 0.967625 0.348723 12 1e-06
0.613548 0.976097 0.349652 12 1e-06
0.634771 0.966561 0.381922 12 1e-06
0.653828 0.959154 0.347794 12 1e-06
0.632605 0.96869 0.315523 12 1e-06
0.864263 0.01282 0.730752 12 0.007609
0.863666 0.018077 0.729651 12 0.007609
0.864278 0.014486 0.7387 12 0.007609
0.864861 0.007564 0.731853 12 0.007609
0.864249 0.011154 0.722804 12 0.007609
0.865815 0.412168 0.277583 12 0.000177
0.746733 0.854465 0.750152 3 0.0
0.759533 0.884054 0.522313 12 0.0
0.700639 0.903019 0.745312 4 0.0
0.611843 0.976997 0.413372 12 0.0
0.603524 0.960047 0.745166 4 3e-06
0.271049 0.874902 0.455493 12 0.0
0.295358 0.896556 0.436785 12 0.0
0.296685 0.900878 0.51887 12 0.0
0.246741 0.853247 0.474201 12 0.0
0.245414 0.848926 0.392117 12 0.0
0.159972 0.687926 0.545143 12 0.0
0.8619 0.022824 0.474724 12 0.0
0.206718 0.463742 0.251668 13 0.0
0.394556 0.92338 0.747994 3 0.0
0.388473 0.939343 0.747832 3 0.0
0.349912 0.906373 0.748432 3 0.0
0.400639 0.907417 0.748156 3 0.0
0.4392 0.940387 0.747557 3 0.0
0.293475 0.641163 0.252841 7 0.662548
0.398015 0.74574 0.255931 7 0.999991
0.44952 0.00759 0.248822 13 0.997455
0.865045 0.020729 0.533774 12 0.0
0.352895 0.93616 0.746567 3 0.0
0.430731 0.948056 0.471172 12 0.0
0.40117 0.939606 0.469582 12 0.0
0.42873 0.946703 0.515558 12 0.0
0.460292 0.956506 0.472763 12 0.0
0.432733 0.949409 0.426786 12 0.0
0.313371 0.005154 0.74607 1 0.999925
0.85098 0.712893 0.703461 10 0.0
0.850075 0.716907 0.69127 10 0.0
0.84398 0.74155 0.713418 10 0.0
0.851884 0.708878 0.715653 10 0.0
0.857979 0.684235 0.693505 10 0.0
0.255868 0.8905 0.683403 6 0.0
0.27579 0.910146 0.688826 6 0.0
0.250746 0.889619 0.705412 6 0.0
0.235947 0.870855 0.677979 6 0.0
0.260991 0.891382 0.661393 6 0.0
0.619744 0.918601 0.746305 4 0.0
0.573472 0.937838 0.744335 4 0.0
0.626291 0.934394 0.746743 4 0.0
0.666016 0.899364 0.748276 4 0.0
0.613197 0.902807 0.745868 4 0.0
0.181705 0.675184 0.75322 3 0.0
0.167412 0.677287 0.75282 3 0.0
0.188175 0.719184 0.753296 3 0.0
0.195999 0.673082 0.75362 3 0.0
0.175236 0.631185 0.753144 3 0.0
0.253202 0.892609 0.70529 6 0.0
0.26858 0.907344 0.711697 6 0.0
0.248752 0.891798 0.717837 6 0.0
0.237824 0.877874 0.698884 6 0.0
0.257652 0.89342 0.692744 6 0.0
0.253038 0.891993 0.748463 3 0.650331
0.545585 0.034619 0.750763 3 0.0
0.805231 0.000199 0.448852 1 0.0
0.825761 0.000363 0.448568 1 0.0
0.806089 0.000459 0.511138 1 0.0
0.784701 3.5e-05 0.449135 1 0.0
0.804373 -6.1e-05 0.386566 1 0.0
0.854838 0.121794 0.252096 13 0.999991
0.854179 0.11991 0.252125 13 0.999991
0.852439 0.122633 0.252112 13 0.999991
0.855496 0.123679 0.252067 13 0.999991
0.857236 0.120956 0.252081 13 0.999991
0.164366 0.000484 0.272323 1 0.060233
0.176554 2.7e-05 0.273089 1 0.060233
0.163793 0.000869 0.281659 1 0.060233
0.152178 0.000941 0.271556 1 0.060233
0.164939 9.9e-05 0.262986 1 0.060233
0.470911 -0.001798 0.726818 1 0.0
0.427763 -1.8e-05 0.726057 1 0.0
0.608392 0.043464 0.421325 5 0.0
0.592851 0.039289 0.401346 5 0.0
0.606643 0.058243 0.419597 5 0.0
0.623934 0.047639 0.441304 5 0.0
0.610142 0.028685 0.423053 5 0.0
0.392363 0.95823 0.746969 3 0.0
0.148513 0.701192 0.505652 12 0.0
0.153101 0.72491 0.508037 12 0.0
0.147278 0.694469 0.574891 12 0.0
0.143925 0.677474 0.503267 12 0.0
0.149748 0.707916 0.436412 12 0.0
0.177028 0.230675 0.75381 3 0.0
0.528945 0.991452 0.248348 13 0.337322
0.447044 0.061611 0.249416 13 0.0
0.304018 0.635881 0.26076 7 0.999999
0.425755 0.063814 0.751404 3 0.0
0.564812 0.008556 0.751732 3 0.642795
0.218544 0.740414 0.733769 3 0.0
0.166189 -0.000181 0.379418 1 0.0
0.176801 0.710202 0.752505 3 0.0
0.194705 0.740815 0.651171 15 0.0
0.206309 0.771544 0.677068 15 0.0
0.191137 0.731896 0.663353 15 0.0
0.1831 0.710087 0.625274 15 0.0
0.198272 0.749735 0.638989 15 0.0
0.575162 0.021693 0.394247 2 0.002546
0.858997 0.611762 0.400928 12 0.0
0.854653 0.654985 0.412113 12 0.0
0.859002 0.599157 0.449641 12 0.0
0.863341 0.568539 0.389743 12 0.0
0.858992 0.624367 0.352214 12 0.0
0.252319 0.010548 0.743697 1 0.0
0.695795 0.650694 0.255014 7 0.782402
0.68985 0.665746 0.256249 7 0.782402
0.694209 0.649616 0.260518 7 0.782402
0.701741 0.635642 0.253779 7 0.782402
0.697382 0.651772 0.249509 7 0.782402
0.860958 0.124061 0.748676 3 0.999987
0.607974 0.976416 0.396287 12 0.0
0.589238 0.982191 0.394619 12 0.0
0.604945 0.978242 0.436629 12 0.0
0.62671 0.97064 0.397956 12 0.0
0.611003 0.974589 0.355945 12 0.0
0.617892 0.969867 0.452813 9 0.0
0.174711 0.786908 0.25144 13 1.0
0.731916 0.635373 0.750989 3 0.0
0.436251 0.770513 0.739428 11 0.999807
0.132563 0.415617 0.667367 12 0.0
0.145798 0.647498 0.462683 12 0.0
0.149632 0.679883 0.476415 12 0.0
0.143579 0.626942 0.511781 12 0.0
0.141963 0.615113 0.448951 12 0.0
0.148016 0.668054 0.413584 12 0.0
0.546589 0.005028 0.359016 5 0.93221
0.176552 0.362227 0.752029 3 0.0
0.55826 -0.001867 0.71512 1 0.0
0.141263 0.508553 0.638527 12 0.0
0.145477 0.590314 0.643439 12 0.0
0.142139 0.506335 0.674679 12 0.0
0.137048 0.426791 0.633615 12 0.0
0.140387 0.51077 0.602375 12 0.0
0.829387 0.68125 0.475952 12 0.0
0.826456 0.705946 0.478353 12 0.0
0.830143 0.676856 0.522072 12 0.0
0.832318 0.656554 0.473551 12 0.0
0.828631 0.685644 0.429832 12 0.0
0.221396 0.829322 0.564256 6 0.0
0.229845 0.841881 0.530654 6 0.0
0.2288 0.840135 0.57016 6 0.0
0.212947 0.816763 0.597859 6 0.0
0.213992 0.818508 0.558353 6 0.0
0.214978 0.296565 0.273371 13 0.0
0.210421 0.357333 0.266034 13 0.0
0.243147 0.29888 0.27505 13 0.0
0.219534 0.235797 0.280708 13 0.0
0.186809 0.29425 0.271691 13 0.0
0.185663 0.594293 0.754671 3 0.0
0.472357 0.003769 0.63346 5 0.997663
0.612966 0.379269 0.253098 8 0.997657
0.737617 -0.000437 0.734675 1 0.0
0.203924 -2.9e-05 0.260112 1 0.76199
0.310082 0.683022 0.247914 14 5.9e-05
0.326374 0.428143 0.248402 7 0.799575
0.18027 0.000686 0.7323 1 0.0
0.16389 0.002384 0.731054 1 0.0
0.179793 0.001623 0.739858 1 0.0
0.196651 -0.001012 0.733546 1 0.0
0.180748 -0.000251 0.724741 1 0.0
0.775804 0.867824 0.4593 12 0.0
0.766775 0.878431 0.462998 12 0.0
0.780785 0.862089 0.487907 12 0.0
0.784833 0.857218 0.455601 12 0.0
0.770823 0.87356 0.430693 12 0.0
0.167763 0.358918 0.265363 13 1.4e-05
0.26812 0.294006 0.243191 13 0.0
0.241675 0.373675 0.244132 13 0.0
0.301646 0.305135 0.243064 13 0.0
0.294565 0.214336 0.242251 13 0.0
0.234593 0.282876 0.243318 13 0.0
0.284619 0.581323 0.255619 14 0.999998
0.437833 0.991601 0.73445 10 0.0
0.661941 0.754728 0.746207 3 1e-06
0.724513 0.681276 0.739862 3 0.0
0.842475 0.731166 0.746937 3 1.0
0.86706 0.166191 0.303168 12 0.0
0.86635 0.219497 0.305561 12 0.0
0.867285 0.165368 0.321559 12 0.0
0.86777 0.112885 0.300774 12 0.0
0.866835 0.167014 0.284776 12 0.0
0.230601 0.650551 0.706742 10 1e-06
0.254806 0.647611 0.246768 13 0.0
0.353008 0.239076 0.754424 3 0.0
0.381541 0.269334 0.754493 3 0.0
0.291807 0.296787 0.754206 3 0.0
0.324476 0.208818 0.754356 3 0.0
0.414209 0.181365 0.754643 3 0.0
0.214896 0.834505 0.505682 12 0.0
0.225741 0.848001 0.500144 12 0.0
0.221333 0.844797 0.543366 12 0.0
0.204051 0.821008 0.51122 12 0.0
0.20846 0.824213 0.467998 12 0.0
0.679196 0.944838 0.332952 12 0.0
0.661371 0.955285 0.331086 12 0.0
0.676031 0.944372 0.360571 12 0.0
0.69702 0.93439 0.334819 12 0.0
0.682361 0.945303 0.305333 12 0.0
0.752227 0.429643 0.7515 3 0.0
0.606632 0.975836 0.499236 12 0.0
0.587099 0.981621 0.499954 12 0.0
0.608527 0.976898 0.542246 12 0.0
0.626166 0.970051 0.498519 12 0.0
0.604737 0.974773 0.456226 12 0.0
0.528491 0.791543 0.246804 13 0.0
0.339144 0.954402 0.310585 12 0.022124
0.346764 0.957891 0.292818 12 0.022124
0.357692 0.962838 0.320196 12 0.022124
0.331525 0.950913 0.328352 12 0.022124
0.320597 0.945966 0.300974 12 0.022124
0.306111 0.924042 0.666304 6 0.0
0.315168 0.928578 0.659274 6 0.0
0.319913 0.936301 0.691993 6 0.0
0.297055 0.919507 0.673335 6 0.0
0.29231 0.911784 0.640616 6 0.0
0.567219 0.986233 0.72429 12 0.0
0.53998 0.991318 0.726278 12 0.0
0.567912 0.985883 0.734679 12 0.0
0.594457 0.981147 0.722302 12 0.0
0.566525 0.986582 0.7139 12 0.0
0.133494 0.230859 0.681711 12 0.0
0.23795 0.874508 0.424069 12 0.0
0.254124 0.88996 0.416703 12 0.0
0.248613 0.889527 0.478992 12 0.0
0.221776 0.859056 0.431435 12 0.0
0.227287 0.859488 0.369146 12 0.0
0.194098 0.263539 0.751779 3 0.0
0.28831 0.796432 0.584007 11 0.0
0.314273 0.83424 0.593627 11 0.0
0.264806 0.799967 0.633552 11 0.0
0.262347 0.758623 0.574388 11 0.0
0.311815 0.792897 0.534463 11 0.0
0.795043 0.7645 0.300052 9 0.996876
0.344383 0.929981 0.746768 3 0.0
0.61144 0.004742 0.432032 5 0.975419
0.775231 0.031827 0.248554 13 0.0
0.775188 0.043232 0.248702 13 0.0
0.806915 0.03193 0.249926 13 0.0
0.775275 0.020423 0.248407 13 0.0
0.743547 0.031725 0.247183 13 0.0
0.276484 0.909444 0.499953 12 0.0
0.302312 0.930481 0.499691 12 0.0
0.277121 0.909662 0.580506 12 0.0
0.250656 0.888407 0.500214 12 0.0
0.275847 0.909225 0.419399 12 0.0
0.251597 0.793088 0.627864 10 8e-06
0.271555 0.829855 0.630102 10 8e-06
0.251307 0.791184 0.661734 10 8e-06
0.231638 0.75632 0.625626 10 8e-06
0.251887 0.794991 0.593994 10 8e-06
0.865877 0.039618 0.683219 12 0.0
0.865996 0.053637 0.684317 12 0.0
0.865138 0.037889 0.705388 12 0.0
0.865759 0.0256 0.682121 12 0.0
0.866616 0.041348 0.66105 12 0.0
0.463129 0.989857 0.53829 12 0.0
0.484524 0.992368 0.539219 12 0.0
0.460303 0.989606 0.604056 12 0.0
0.441733 0.987346 0.537361 12 0.0
0.465955 0.990108 0.472524 12 0.0
0.722807 0.919432 0.311715 12 0.001365
0.705294 0.932875 0.312757 12 0.001365
0.723137 0.918173 0.333515 12 0.001365
0.74032 0.905989 0.310673 12 0.001365
0.722476 0.920691 0.289915 12 0.001365
0.862557 0.605896 0.620241 12 0.0
0.860958 0.623104 0.584037 12 0.0
0.857782 0.648392 0.640651 12 0.0
0.864155 0.588688 0.656446 12 0.0
0.867331 0.563401 0.599832 12 0.0
0.344736 0.914338 0.418066 12 0.0
0.368692 0.924272 0.406801 12 0.0
0.363725 0.920531 0.46391 12 0.0
0.32078 0.904403 0.429331 12 0.0
0.325747 0.908144 0.372222 12 0.0
0.618178 0.965141 0.398649 12 0.0
0.610496 0.967432 0.387998 12 0.0
0.601996 0.969475 0.411253 12 0.0
0.625861 0.96285 0.409301 12 0.0
0.634361 0.960807 0.386046 12 0.0
0.75065 0.837743 0.328225 9 0.000188
0.742694 0.847019 0.33282 9 0.000188
0.754128 0.831594 0.34666 9 0.000188
0.758606 0.828466 0.32363 9 0.000188
0.747172 0.843891 0.30979 9 0.000188
0.661517 0.875776 0.383132 9 1e-06
0.634022 0.903339 0.383708 9 1e-06
0.670173 0.88365 0.419565 9 1e-06
0.689011 0.848214 0.382557 9 1e-06
0.652861 0.867902 0.3467 9 1e-06
0.73859 0.901372 0.577267 12 0.0
0.725505 0.91235 0.57995 12 0.0
0.742675 0.89745 0.613233 12 0.0
0.751676 0.890395 0.574583 12 0.0
0.734506 0.905295 0.5413 12 0.0
0.765215 0.87676 0.663002 12 0.0
0.755892 0.887776 0.672177 12 0.0
0.77743 0.86465 0.689952 12 0.0
0.774537 0.865743 0.653827 12 0.0
0.752999 0.888869 0.636052 12 0.0
0.792647 0.844715 0.552583 12 0.0
0.78035 0.86118 0.56186 12 0.0
0.79951 0.835543 0.577959 12 0.0
0.804945 0.828251 0.543306 12 0.0
0.785784 0.853888 0.527208 12 0.0
0.244672 0.885873 0.74079 3 0.0
0.745034 0.898715 0.411908 12 0.0
0.732941 0.909565 0.403599 12 0.0
0.736104 0.90673 0.435369 12 0.0
0.757128 0.887865 0.420218 12 0.0
0.753964 0.8907 0.388448 12 0.0
0.841337 0.756251 0.392284 16 0.0
0.833192 0.776765 0.390914 16 0.0
0.841587 0.759281 0.436148 16 0.0
0.849482 0.735737 0.393655 16 0.0
0.841088 0.753221 0.348421 16 0.0
0.819365 0.017767 0.476518 1 0.999999
0.147948 0.728405 0.436885 12 0.0
0.152808 0.745318 0.445375 12 0.0
0.144912 0.716675 0.46199 12 0.0
0.143088 0.711492 0.428394 12 0.0
0.150984 0.740135 0.41178 12 0.0
0.810302 0.7114 0.249079 13 0.0
0.866735 0.050284 0.511234 12 0.0
0.262304 0.902856 0.703033 6 0.0
0.279458 0.91829 0.706124 6 0.0
0.259542 0.90258 0.719733 6 0.0
0.245149 0.887421 0.699941 6 0.0
0.265065 0.903132 0.686332 6 0.0
0.534487 0.018357 0.246545 13 0.000276
0.714209 0.794553 0.748316 3 0.0
0.738091 0.812229 0.749594 3 0.0
0.677183 0.844585 0.748245 3 0.0
0.690328 0.776878 0.747038 3 0.0
0.751236 0.744522 0.748387 3 0.0
0.821627 0.782809 0.499719 12 0.0
0.812308 0.800354 0.485334 12 0.0
0.813126 0.798626 0.524518 12 0.0
0.830947 0.765264 0.514105 12 0.0
0.830129 0.766991 0.47492 12 0.0
0.741987 0.876094 0.516652 12 0.0
0.726697 0.891063 0.524702 12 0.0
0.751313 0.86765 0.550067 12 0.0
0.757277 0.861124 0.508602 12 0.0
0.732661 0.884538 0.483238 12 0.0
0.4761 0.990326 0.744516 3 0.999999
0.617833 0.973393 0.342816 12 0.0
0.59846 0.980651 0.34271 12 0.0
0.61712 0.971944 0.373884 12 0.0
0.637207 0.966135 0.342922 12 0.0
0.618546 0.974842 0.311748 12 0.0
0.26529 0.903487 0.48948 12 0.0
0.158085 0.623542 0.540481 12 0.0
0.164505 0.665949 0.56449 12 0.0
0.153566 0.594202 0.593512 12 0.0
0.151665 0.581135 0.516472 12 0.0
0.162604 0.652882 0.48745 12 0.0
0.14227 0.684766 0.639988 12 0.0
0.14135 0.689479 0.674071 12 0.0
0.137901 0.660285 0.643256 12 0.0
0.143189 0.680052 0.605905 12 0.0
0.146638 0.709246 0.636721 12 0.0
0.284782 0.908787 0.547735 6 0.0
0.296162 0.917176 0.484061 6 0.0
0.311667 0.929605 0.555283 6 0.0
0.273401 0.900399 0.611409 6 0.0
0.257896 0.88797 0.540187 6 0.0
0.254273 -0.001422 0.716967 1 0.0
0.29245 -0.000552 0.714771 1 0.0
0.254982 -0.000386 0.729715 1 0.0
0.216096 -0.002291 0.719162 1 0.0
0.253563 -0.002457 0.704219 1 0.0
0.862923 0.53845 0.250649 13 0.999372
0.133476 0.009545 0.394834 12 0.182147
0.237102 0.000248 0.728832 1 0.0
0.31461 0.935082 0.550227 12 0.0
0.33463 0.946678 0.537136 12 0.0
0.32721 0.943083 0.576584 12 0.0
0.29459 0.923485 0.563317 12 0.0
0.30201 0.927081 0.523869 12 0.0
0.823555 0.780753 0.325386 16 0.0
0.813114 0.80422 0.324281 16 0.0
0.822562 0.781232 0.344935 16 0.0
0.833995 0.757285 0.326492 16 0.0
0.824547 0.780274 0.305838 16 0.0
0.765853 0.874642 0.414815 12 0.0
0.751857 0.889864 0.415864 12 0.0
0.766172 0.871367 0.466629 12 0.0
0.779849 0.859421 0.413767 12 0.0
0.765534 0.877917 0.363002 12 0.0
0.160853 0.651017 0.741758 3 1e-06
0.517358 0.991044 0.464122 12 0.0
0.499834 0.992653 0.467282 12 0.0
0.525647 0.992529 0.509322 12 0.0
0.534881 0.989434 0.460961 12 0.0
0.509068 0.989558 0.418921 12 0.0
0.270424 0.909797 0.701891 6 0.0
0.28843 0.924786 0.703468 6 0.0
0.268474 0.910335 0.719048 6 0.0
0.252418 0.894807 0.700315 6 0.0
0.272375 0.909258 0.684735 6 0.0
0.260166 0.881167 0.748737 3 0.0
0.32724 0.696087 0.250506 14 0.848913
0.501437 0.06462 0.245599 13 0.0
0.338822 -0.002858 0.705549 1 0.0
0.146208 -0.000107 0.493942 1 0.0
0.177407 0.790273 0.326174 12 0.00022
0.188367 0.810576 0.341274 12 0.00022
0.172686 0.777202 0.347176 12 0.00022
0.166447 0.76997 0.311075 12 0.00022
0.182127 0.803344 0.305173 12 0.00022
0.845389 0.603722 0.74936 4 0.0
0.459383 0.002074 0.356645 2 0.999958
0.46791 -0.001475 0.675445 1 0.0
0.163909 0.492874 0.296921 12 0.0
0.19693 0.767134 0.750151 3 0.0
0.162507 0.003017 0.586839 1 0.0
0.367286 0.007417 0.315375 1 0.0
0.719305 0.68696 0.514457 10 0.0
0.699986 0.732079 0.475299 10 0.0
0.709596 0.717269 0.55417 10 0.0
0.738624 0.641842 0.553616 10 0.0
0.729014 0.656651 0.474745 10 0.0
0.196938 0.680269 0.745501 3 0.0
0.401961 0.753519 0.746301 11 7e-06
0.153126 0.731029 0.662291 12 0.0
0.152692 0.731169 0.690495 12 0.0
0.14627 0.708076 0.6623 12 0.0
0.153559 0.730888 0.634087 12 0.0
0.159981 0.753982 0.662282 12 0.0
0.543382 -0.000743 0.368394 5 0.863879
0.375087 0.041216 0.750846 3 0.0
0.386517 0.975371 0.516167 12 0.0
0.404658 0.980705 0.516154 12 0.0
0.386699 0.974898 0.578025 12 0.0
0.368375 0.970037 0.516179 12 0.0
0.386334 0.975844 0.454308 12 0.0
0.28433 0.585987 0.253446 7 0.999983
0.432393 0.765971 0.715382 7 0.0
0.41085 0.759186 0.718455 7 0.0
0.434216 0.766834 0.730063 7 0.0
0.453937 0.772757 0.712309 7 0.0
0.430571 0.765108 0.7007 7 0.0
0.368441 0.054144 0.621591 5 0.0
0.37413 0.071767 0.623885 5 0.0
0.385335 0.045929 0.642799 5 0.0
0.362751 0.03652 0.619297 5 0.0
0.351547 0.062359 0.600382 5 0.0
0.508818 0.044513 0.752554 3 0.0
0.667833 0.424671 0.321576 7 0.0
0.689023 0.452746 0.320838 7 0.0
0.667431 0.425651 0.34732 7 0.0
0.646642 0.396596 0.322314 7 0.0
0.668235 0.423691 0.295832 7 0.0
0.15285 0.509854 0.752012 3 0.0
0.147884 0.004061 0.495777 1 1.1e-05
0.224747 0.866869 0.314198 12 2.6e-05
0.238875 0.883243 0.306413 12 2.6e-05
0.229283 0.872245 0.333736 12 2.6e-05
0.210619 0.850496 0.321983 12 2.6e-05
0.220211 0.861494 0.294661 12 2.6e-05
0.315973 0.909909 0.56168 12 0.0
0.342008 0.925958 0.544608 12 0.0
0.331623 0.920096 0.595124 12 0.0
0.289938 0.89386 0.578752 12 0.0
0.300323 0.899722 0.528236 12 0.0
0.273946 0.907313 0.651113 6 0.0
0.293006 0.922858 0.636451 6 0.0
0.287276 0.919038 0.680871 6 0.0
0.254886 0.891769 0.665775 6 0.0
0.260616 0.895588 0.621355 6 0.0
0.367828 0.142986 0.26358 13 0.0
0.294184 0.12945 0.268775 13 0.0
0.360057 0.185406 0.263951 13 0.0
0.441471 0.156521 0.258385 13 0.0
0.375598 0.100565 0.26321 13 0.0
0.449659 0.957775 0.539838 12 0.0
0.462093 0.963062 0.536948 12 0.0
0.457885 0.959981 0.579269 12 0.0
0.437225 0.952488 0.542728 12 0.0
0.441433 0.955569 0.500407 12 0.0
0.712226 0.61113 0.750396 7 0.040238
0.45586 0.771201 0.731116 7 0.0
0.86475 0.331799 0.720211 12 0.0
0.637004 0.011371 0.713895 1 0.991649
0.148355 0.001164 0.605364 1 3.2e-05
0.846794 0.735814 0.444152 12 0.0
0.841332 0.754798 0.445946 12 0.0
0.848522 0.7327 0.482366 12 0.0
0.852255 0.716831 0.442358 12 0.0
0.845065 0.738929 0.405938 12 0.0
0.593339 0.360495 0.331141 7 0.0
0.626677 0.372362 0.35186 7 0.0
0.585103 0.353758 0.348254 7 0.0
0.560001 0.348628 0.310423 7 0.0
0.601576 0.367233 0.314029 7 0.0
0.735958 0.585759 0.245912 13 2e-06
0.161677 0.376521 0.29254 13 2e-06
0.795813 0.815072 0.614851 12 0.0
0.784083 0.833136 0.622074 12 0.0
0.801848 0.805979 0.647393 12 0.0
0.807542 0.797007 0.607628 12 0.0
0.789778 0.824165 0.582309 12 0.0
0.520869 0.014419 0.636362 5 0.023492
0.536271 0.012555 0.63421 5 0.023492
0.521242 0.019428 0.634695 5 0.023492
0.505467 0.016282 0.638515 5 0.023492
0.520496 0.00941 0.638029 5 0.023492
0.140194 0.447713 0.269162 12 0.045799
0.130429 0.333112 0.350063 12 0.0
0.391057 0.948471 0.430128 15 0.0
0.172808 0.785258 0.578447 12 0.0
0.178069 0.797263 0.598525 12 0.0
0.165967 0.771111 0.588698 12 0.0
0.167548 0.773253 0.558369 12 0.0
0.17965 0.799405 0.568196 12 0.0
0.191262 0.525193 0.754255 3 0.0
0.338406 0.722161 0.752158 7 1e-06
0.528325 0.88231 0.732424 3 0.0
0.463818 0.894351 0.732101 3 0.0
0.534018 0.912777 0.731268 3 0.0
0.592833 0.87027 0.732748 3 0.0
0.522633 0.851844 0.733581 3 0.0
0.320832 0.848716 0.750347 3 0.0
0.365658 0.886379 0.749194 3 0.0
0.304127 0.868585 0.749907 3 0.0
0.276007 0.811054 0.7515 3 0.0
0.337537 0.828848 0.750787 3 0.0
0.175582 0.770417 0.479734 12 0.0
0.183905 0.789526 0.477293 12 0.0
0.177905 0.775947 0.53094 12 0.0
0.167259 0.751308 0.482175 12 0.0
0.17326 0.764887 0.428528 12 0.0
0.691701 0.051999 0.583673 2 0.0
0.690548 0.069 0.583161 2 0.0
0.687179 0.053287 0.636618 2 0.0
0.692854 0.034998 0.584185 2 0.0
0.696223 0.050711 0.530728 2 0.0
0.200374 0.744093 0.550856 12 0.0
0.215298 0.776277 0.569449 12 0.0
0.193885 0.726174 0.587082 12 0.0
0.18545 0.711909 0.532263 12 0.0
0.206862 0.762012 0.51463 12 0.0
0.865816 0.021161 0.357143 12 0.0
0.371685 0.014507 0.249896 13 0.001503
0.184559 0.236543 0.674967 12 0.0
0.174045 0.283224 0.660956 12 0.0
0.172117 0.238841 0.69196 12 0.0
0.195073 0.189861 0.688978 12 0.0
0.197 0.234245 0.657975 12 0.0
0.126318 0.31595 0.354248 12 0.000111
0.126893 0.378132 0.361584 12 0.000111
0.124694 0.312037 0.38755 12 0.000111
0.125742 0.253769 0.346913 12 0.000111
0.127942 0.319864 0.320947 12 0.000111
0.825335 0.003242 0.484057 1 0.0
0.694566 0.393356 0.728195 3 0.727583
0.187134 0.813737 0.595388 12 0.0
0.197306 0.831222 0.596157 12 0.0
0.186019 0.812223 0.644549 12 0.0
0.176961 0.796251 0.594619 12 0.0
0.188248 0.81525 0.546226 12 0.0
0.379095 0.964575 0.536131 12 0.0
0.362342 0.958718 0.521435 12 0.0
0.359881 0.95706 0.561032 12 0.0
0.395849 0.970432 0.550826 12 0.0
0.39831 0.97209 0.511229 12 0.0
0.138428 0.39218 0.693272 10 0.0
0.505502 0.095629 0.243976 13 0.0
0.664476 0.763904 0.250818 13 0.0
0.745032 0.536523 0.751877 3 0.0
0.465793 0.809543 0.749131 3 0.0
0.179719 0.775403 0.473079 12 0.0
0.188333 0.795226 0.473955 12 0.0
0.178733 0.773166 0.533413 12 0.0
0.171104 0.75558 0.472204 12 0.0
0.180704 0.77764 0.412746 12 0.0
0.391454 0.975779 0.517071 12 0.0
0.366775 0.968393 0.515926 12 0.0
0.388884 0.9754 0.574867 12 0.0
0.416133 0.983164 0.518217 12 0.0
0.394024 0.976157 0.459276 12 0.0
0.526694 0.770146 0.264894 14 0.000243
0.718755 0.588903 0.753094 3 0.0
0.323502 0.947176 0.358157 9 0.0
0.336103 0.954959 0.324744 9 0.0
0.339609 0.955725 0.366222 9 0.0
0.310902 0.939394 0.39157 9 0.0
0.307395 0.938627 0.350091 9 0.0
0.30461 0.903516 0.689593 11 4.1e-05
0.32254 0.916528 0.678324 11 4.1e-05
0.313153 0.908115 0.708497 11 4.1e-05
0.286679 0.890505 0.700862 11 4.1e-05
0.296066 0.898917 0.670689 11 4.1e-05
0.543152 0.927296 0.654089 10 7.5e-05
0.699906 0.935834 0.56777 12 0.0
0.686308 0.945834 0.561753 12 0.0
0.690119 0.941513 0.599327 12 0.0
0.713505 0.925833 0.573788 12 0.0
0.709694 0.930154 0.536214 12 0.0
0.686569 0.926861 0.510282 12 0.0
0.669165 0.936221 0.493193 12 0.0
0.672053 0.937679 0.530991 12 0.0
0.703972 0.917501 0.527371 12 0.0
0.701085 0.916042 0.489573 12 0.0
0.810505 0.808237 0.668448 12 0.0
0.800267 0.828679 0.688602 12 0.0
0.819243 0.796227 0.685068 12 0.0
0.820743 0.787794 0.648293 12 0.0
0.801767 0.820247 0.651827 12 0.0
0.808482 0.823806 0.65539 12 0.0
0.801127 0.83707 0.64172 12 0.0
0.799583 0.838143 0.674088 12 0.0
0.815837 0.810542 0.669061 12 0.0
0.81738 0.80947 0.636692 12 0.0
0.481961 0.99486 0.30925 12 4.4e-05
0.458153 0.994088 0.30874 12 4.4e-05
0.481525 0.994083 0.330741 12 4.4e-05
0.505768 0.995631 0.30976 12 4.4e-05
0.482396 0.995636 0.287759 12 4.4e-05
0.199173 0.264627 0.753194 3 0.0
0.434571 0.987519 0.461279 12 0.0
0.413843 0.982979 0.458377 12 0.0
0.428574 0.985962 0.506551 12 0.0
0.455299 0.992059 0.464181 12 0.0
0.440569 0.989077 0.416007 12 0.0
0.833557 0.253357 0.747423 3 0.0
0.749976 0.895192 0.615432 12 0.0
0.737814 0.906992 0.620238 12 0.0
0.75651 0.888994 0.647188 12 0.0
0.762138 0.883392 0.610627 12 0.0
0.743442 0.901389 0.583677 12 0.0
0.271146 0.90954 0.655967 6 0.0
0.286822 0.924237 0.665262 6 0.0
0.260761 0.901839 0.685658 6 0.0
0.25547 0.894843 0.646672 6 0.0
0.281532 0.917241 0.626275 6 0.0
0.739436 0.90084 0.251257 13 0.999981
0.774907 0.869832 0.454694 12 0.0
0.766487 0.879494 0.457197 12 0.0
0.780175 0.863528 0.496756 12 0.0
0.783327 0.860169 0.452191 12 0.0
0.769639 0.876135 0.412632 12 0.0
0.70994 0.913892 0.721848 10 0.0
0.271256 0.899624 0.430997 12 0.0
0.291403 0.913908 0.421236 12 0.0
0.287486 0.916764 0.489577 12 0.0
0.25111 0.88534 0.440758 12 0.0
0.255027 0.882484 0.372417 12 0.0
0.184463 0.803524 0.577393 12 0.0
0.19025 0.813636 0.591566 12 0.0
0.175016 0.786303 0.593538 12 0.0
0.178675 0.793412 0.563221 12 0.0
0.193909 0.820744 0.561249 12 0.0
0.631979 0.949785 0.644562 10 0.373543
0.614164 0.961353 0.631514 10 0.373543
0.626898 0.952647 0.654038 10 0.373543
0.649795 0.938216 0.657609 10 0.373543
0.63706 0.946922 0.635086 10 0.373543
0.32092 0.861907 0.749899 3 0.0
0.362502 0.895292 0.749617 3 0.0
0.306679 0.879642 0.74959 3 0.0
0.279338 0.828522 0.75018 3 0.0
0.335162 0.844172 0.750207 3 0.0
0.814147 0.815049 0.524946 12 0.0
0.805866 0.829027 0.512487 12 0.0
0.806364 0.828907 0.545666 12 0.0
0.822428 0.801072 0.537405 12 0.0
0.821931 0.801191 0.504226 12 0.0
0.74552 0.891002 0.557589 12 0.0
0.730996 0.903934 0.56172 12 0.0
0.749489 0.88613 0.586793 12 0.0
0.760044 0.878069 0.553458 12 0.0
0.741551 0.895874 0.528385 12 0.0
0.773748 0.812056 0.582145 12 0.0
0.758033 0.836211 0.589346 12 0.0
0.781109 0.806274 0.617606 12 0.0
0.789463 0.787901 0.574944 12 0.0
0.766387 0.817839 0.546685 12 0.0
0.79038 0.849172 0.341413 12 0.0
0.776463 0.867602 0.345426 12 0.0
0.793332 0.844792 0.371764 12 0.0
0.804296 0.830742 0.3374 12 0.0
0.787428 0.853552 0.311062 12 0.0
0.133475 0.041708 0.537175 12 0.0
0.849874 0.66594 0.595132 12 0.0
0.846773 0.681697 0.554353 12 0.0
0.845105 0.697159 0.607558 12 0.0
0.852975 0.650183 0.635912 12 0.0
0.854643 0.634721 0.582707 12 0.0
0.754884 0.889268 0.448655 12 0.0
0.74273 0.901553 0.436443 12 0.0
0.743465 0.900607 0.471425 12 0.0
0.767037 0.876984 0.460867 12 0.0
0.766302 0.877929 0.425885 12 0.0
0.817111 0.75797 0.385116 12 0.0
0.142223 0.69472 0.450338 12 0.0
0.145804 0.71281 0.454601 12 0.0
0.14083 0.684903 0.493171 12 0.0
0.138641 0.67663 0.446076 12 0.0
0.143615 0.704537 0.407505 12 0.0
0.141822 0.008156 0.750038 3 0.848005
0.144388 0.010634 0.749518 3 0.848005
0.138432 0.011879 0.751049 3 0.848005
0.139256 0.005678 0.750558 3 0.848005
0.145212 0.004434 0.749027 3 0.848005
0.144297 0.615337 0.681455 12 0.0
0.148858 0.667343 0.674866 12 0.0
0.144652 0.618187 0.704198 12 0.0
0.139736 0.56333 0.688043 12 0.0
0.143943 0.612487 0.658712 12 0.0
0.690984 0.936121 0.504675 12 0.0
0.672977 0.947734 0.509156 12 0.0
0.698335 0.930961 0.547586 12 0.0
0.708991 0.924508 0.500194 12 0.0
0.683634 0.941281 0.461763 12 0.0
0.698083 0.070906 0.751125 3 0.0
0.750707 0.059242 0.74985 3 0.0
0.693709 0.051164 0.751201 3 0.0
0.645459 0.082571 0.7524 3 0.0
0.702457 0.090649 0.751049 3 0.0
0.864857 0.027438 0.535621 12 0.0
0.661105 0.019173 0.246961 13 0.0
0.416658 0.974475 0.545662 12 0.0
0.747528 0.844516 0.74802 3 0.0
0.757443 0.852927 0.750306 3 0.0
0.719284 0.877831 0.74794 3 0.0
0.737613 0.836104 0.745733 3 0.0
0.775772 0.8112 0.7481 3 0.0
0.627953 0.97257 0.345586 12 2.3e-05
0.612951 0.979154 0.345004 12 2.3e-05
0.626691 0.971627 0.367433 12 2.3e-05
0.642955 0.965986 0.346169 12 2.3e-05
0.629215 0.973513 0.323739 12 2.3e-05
0.624041 0.920677 0.740055 3 0.0
0.860726 0.550948 0.570285 12 0.0
0.858512 0.56995 0.518289 12 0.0
0.857401 0.610743 0.592279 12 0.0
0.86294 0.531946 0.622281 12 0.0
0.864051 0.491154 0.548291 12 0.0
0.162952 0.697463 0.591424 12 0.0
0.170655 0.726535 0.610076 12 0.0
0.159199 0.685445 0.611707 12 0.0
0.155249 0.66839 0.572773 12 0.0
0.166704 0.709481 0.571142 12 0.0
0.144736 0.006242 0.452333 1 0.105369
0.840037 0.560683 0.747146 4 0.0
0.381212 0.034835 0.246859 13 0.0
0.764247 -0.001129 0.654153 1 0.0
0.733719 -0.001526 0.626429 1 0.0
0.749217 -0.00125 0.670704 1 0.0
0.794774 -0.000731 0.681878 1 0.0
0.779276 -0.001007 0.637603 1 0.0
0.191093 0.776383 0.742223 3 0.999889
0.853943 0.70575 0.69529 9 0.0
0.852506 0.71105 0.678918 9 0.0
0.848227 0.729411 0.703453 9 0.0
0.855381 0.700449 0.711662 9 0.0
0.85966 0.682088 0.687128 9 0.0
0.359019 0.965741 0.547637 12 0.0
0.373448 0.971038 0.543812 12 0.0
0.370351 0.969992 0.596268 12 0.0
0.344591 0.960443 0.551462 12 0.0
0.347688 0.961489 0.499005 12 0.0
0.674381 0.919183 0.251796 13 1.8e-05
0.83923 0.41201 0.74842 3 0.0
0.504006 0.026457 0.37077 5 0.000143
0.473189 0.026806 0.365317 5 0.000143
0.50367 0.036583 0.373315 5 0.000143
0.534822 0.026109 0.376223 5 0.000143
0.504341 0.016332 0.368225 5 0.000143
0.297237 -0.002445 0.709457 1 0.0
0.853541 0.680628 0.411729 12 0.0
0.849935 0.704289 0.414324 12 0.0
0.853526 0.675038 0.462674 12 0.0
0.857147 0.656966 0.409134 12 0.0
0.853556 0.686217 0.360783 12 0.0
0.491483 0.975756 0.319711 10 1e-06
0.474836 0.974749 0.329269 10 1e-06
0.502241 0.973898 0.338254 10 1e-06
0.508131 0.976763 0.310154 10 1e-06
0.480725 0.977614 0.301169 10 1e-06
0.353005 0.024881 0.671824 1 1e-06
0.205639 -0.000143 0.729336 1 0.0
0.181441 0.001067 0.726329 1 0.0
0.204667 0.000568 0.737442 1 0.0
0.229837 -0.001352 0.732343 1 0.0
0.206611 -0.000854 0.721231 1 0.0
0.338773 0.003122 0.252581 13 0.999474
0.211968 0.318367 0.751955 3 0.0
0.409651 0.003154 0.691455 1 0.0
0.16308 0.725949 0.74882 3 0.000439
0.556655 0.984556 0.442448 12 0.0
0.569572 0.9811 0.441184 12 0.0
0.560969 0.986081 0.482385 12 0.0
0.543737 0.988012 0.443712 12 0.0
0.55234 0.983032 0.402511 12 0.0
0.147058 0.002172 0.508513 1 0.0
0.175535 0.061555 0.749716 3 0.0
0.173912 0.040818 0.7484 3 0.0
0.189793 0.060505 0.748679 3 0.0
0.177157 0.082292 0.751033 3 0.0
0.161277 0.062605 0.750754 3 0.0
0.274859 0.913536 0.694292 6 0.0
0.291922 0.926865 0.68331 6 0.0
0.280456 0.919773 0.710557 6 0.0
0.257797 0.900207 0.705274 6 0.0
0.269263 0.907299 0.678027 6 0.0
0.399093 0.984185 0.410143 12 0.0
0.391161 0.982589 0.405328 12 0.0
0.390303 0.981233 0.425602 12 0.0
0.407025 0.98578 0.414957 12 0.0
0.407883 0.987136 0.394684 12 0.0
0.572354 0.968713 0.74584 3 0.0
0.63259 0.96657 0.743904 3 0.020966
0.518745 0.994226 0.733014 10 0.0
0.142469 0.012031 0.708716 1 1e-06
0.142466 0.016702 0.708707 1 1e-06
0.141248 0.01206 0.722985 1 1e-06
0.142472 0.007361 0.708726 1 1e-06
0.143691 0.012003 0.694448 1 1e-06
0.421399 0.910132 0.555636 10 0.0
0.468202 0.916543 0.531356 10 0.0
0.442839 0.915964 0.598506 10 0.0
0.374597 0.90372 0.579915 10 0.0
0.399959 0.9043 0.512765 10 0.0
0.165852 0.000635 0.4955 1 0.0
0.683934 0.940521 0.547109 12 0.0
0.66889 0.949823 0.552093 12 0.0
0.692162 0.934691 0.582824 12 0.0
0.698978 0.931218 0.542125 12 0.0
0.675706 0.946351 0.511394 12 0.0
0.591742 0.042039 0.655408 5 0.0
0.628412 0.042582 0.638497 5 0.0
0.587939 0.026678 0.646667 5 0.0
0.555073 0.041495 0.672318 5 0.0
0.595546 0.0574 0.664149 5 0.0
0.493956 0.96058 0.409977 12 0.0
0.472557 0.957455 0.405887 12 0.0
0.485734 0.958026 0.454949 12 0.0
0.515356 0.963705 0.414067 12 0.0
0.502179 0.963134 0.365004 12 0.0
0.631053 0.729979 0.253392 14 0.717934
0.145885 0.692734 0.509141 12 0.0
0.148968 0.713545 0.513599 12 0.0
0.143194 0.683607 0.553606 12 0.0
0.142803 0.671923 0.504682 12 0.0
0.148577 0.701861 0.464676 12 0.0
0.14763 0.314049 0.683018 12 0.0
0.162293 0.000413 0.553175 1 0.0
0.864546 0.120289 0.707202 12 0.0
0.866513 0.160984 0.711825 12 0.0
0.864232 0.118702 0.721309 12 0.0
0.862578 0.079593 0.702579 12 0.0
0.864859 0.121876 0.693095 12 0.0
0.31846 0.681104 0.746425 11 0.000673
0.144647 0.607987 0.736673 12 3e-06
0.387988 0.381635 0.259106 7 0.998989
0.373505 0.951782 0.390962 12 0.0
0.366664 0.948627 0.386638 12 0.0
0.361579 0.944826 0.414903 12 0.0
0.380345 0.954937 0.395287 12 0.0
0.385431 0.958739 0.367022 12 0.0
0.136846 0.205343 0.72977 12 0.0
0.726507 -0.001659 0.721584 1 0.0
0.284418 0.52583 0.250632 8 0.998445
0.284233 0.916553 0.307162 12 0.000448
0.304909 0.932374 0.318442 12 0.000448
0.27956 0.91215 0.321904 12 0.000448
0.263558 0.900732 0.295881 12 0.000448
0.288907 0.920957 0.292419 12 0.000448
0.135909 0.111851 0.734596 12 0.0
0.590046 0.368762 0.744466 7 0.880096
0.692541 0.461812 0.745732 7 0.995926
0.279367 0.591015 0.247329 7 0.919496
0.322319 0.834124 0.347181 8 0.001193
0.342506 0.83772 0.343682 8 0.001193
0.32198 0.866346 0.378346 8 0.001193
0.302132 0.830528 0.35068 8 0.001193
0.322658 0.801902 0.316016 8 0.001193
0.389704 0.968626 0.454076 12 0.0
0.367606 0.960308 0.451901 12 0.0
0.38533 0.967314 0.503515 12 0.0
0.411802 0.976944 0.456252 12 0.0
0.394078 0.969938 0.404638 12 0.0
0.795217 0.770712 0.461786 12 0.0
0.787722 0.786803 0.45909 12 0.0
0.792408 0.776506 0.504171 12 0.0
0.802712 0.754621 0.464483 12 0.0
0.798026 0.764918 0.419401 12 0.0
0.861681 0.020336 0.478687 12 0.0
0.581398 0.8702 0.250501 13 0.0
0.591857 0.9021 0.251545 13 0.0
0.514091 0.892266 0.250506 13 0.0
0.57094 0.838299 0.249457 13 0.0
0.648706 0.848133 0.250495 13 0.0
0.639566 0.761183 0.245148 13 0.0
0.70614 0.663619 0.750979 11 0.0
0.385199 0.751482 0.247558 14 0.312665
0.865976 0.163335 0.498952 12 0.0
0.867051 0.214655 0.494538 12 0.0
0.867284 0.169394 0.569722 12 0.0
0.864901 0.112015 0.503366 12 0.0
0.864668 0.157276 0.428182 12 0.0
0.755336 0.653172 0.709826 11 0.0
0.64137 0.946546 0.617778 12 0.0
0.623504 0.95373 0.614398 12 0.0
0.635433 0.949112 0.654608 12 0.0
0.659236 0.939362 0.621158 12 0.0
0.647307 0.943981 0.580947 12 0.0
0.13219 0.195954 0.696602 12 0.0
0.203345 0.825966 0.73154 10 0.0
0.13996 0.046916 0.596378 12 0.0
0.140982 0.063622 0.596262 12 0.0
0.14147 0.047186 0.64873 12 0.0
0.138938 0.03021 0.596493 12 0.0
0.138449 0.046646 0.544025 12 0.0
0.831097 0.7525 0.4567 12 0.0
0.231874 0.869737 0.380179 10 0.0
0.245654 0.884343 0.371879 10 0.0
0.241694 0.882801 0.419471 10 0.0
0.218094 0.855131 0.388479 10 0.0
0.222054 0.856673 0.340887 10 0.0
0.170545 0.085222 0.750421 3 0.0
0.169811 0.113522 0.751846 3 0.0
0.157877 0.08485 0.751293 3 0.0
0.171279 0.056922 0.748997 3 0.0
0.183213 0.085594 0.74955 3 0.0
0.405132 0.948819 0.66247 12 0.0
0.397067 0.952315 0.688024 12 0.0
0.374641 0.938977 0.654193 12 0.0
0.413197 0.945323 0.636915 12 0.0
0.435622 0.958662 0.670746 12 0.0
0.264357 0.903251 0.6436 6 0.0
0.279377 0.918907 0.648415 6 0.0
0.258345 0.89854 0.677671 6 0.0
0.249337 0.887596 0.638785 6 0.0
0.270369 0.907963 0.609529 6 0.0
0.26922 0.90649 0.614201 6 0.0
0.28604 0.919383 0.623094 6 0.0
0.255757 0.893522 0.658466 6 0.0
0.2524 0.893597 0.605308 6 0.0
0.282683 0.919459 0.569935 6 0.0
0.604549 -0.000226 0.408665 5 0.855901
0.76802 0.849413 0.654711 12 0.0
0.747767 0.869106 0.677786 12 0.0
0.774819 0.8402 0.66854 12 0.0
0.788273 0.829721 0.631635 12 0.0
0.761221 0.858626 0.640881 12 0.0
0.796527 0.837765 0.404841 12 0.0
0.78767 0.8502 0.409528 12 0.0
0.802157 0.829369 0.437752 12 0.0
0.805384 0.82533 0.400153 12 0.0
0.790896 0.846161 0.371929 12 0.0
0.530748 0.988032 0.746795 3 0.890402
0.271144 0.90304 0.501108 12 0.0
0.297831 0.925673 0.499172 12 0.0
0.275344 0.904964 0.581496 12 0.0
0.244457 0.880407 0.503044 12 0.0
0.266944 0.901115 0.42072 12 0.0
0.767477 0.760328 0.745744 3 0.0
0.850517 0.709208 0.677148 12 0.0
0.84763 0.719237 0.659722 12 0.0
0.844452 0.735321 0.693181 12 0.0
0.853405 0.699179 0.694574 12 0.0
0.856582 0.683095 0.661115 12 0.0
0.322779 0.88885 0.748998 3 0.0
0.363392 0.91727 0.748583 3 0.0
0.313206 0.90253 0.748925 3 0.0
0.282166 0.860429 0.749414 3 0.0
0.332353 0.87517 0.749071 3 0.0
0.810952 0.81955 0.513948 12 0.0
0.801536 0.836116 0.500068 12 0.0
0.803537 0.830953 0.532588 12 0.0
0.820368 0.802983 0.527828 12 0.0
0.818367 0.808146 0.495308 12 0.0
0.268507 0.902804 0.340513 12 5e-06
0.287744 0.918965 0.362681 12 5e-06
0.256112 0.891637 0.359411 12 5e-06
0.24927 0.886643 0.318346 12 5e-06
0.280902 0.913971 0.321616 12 5e-06
0.835362 0.767552 0.727174 12 0.0
0.824479 0.791601 0.731038 12 0.0
0.834449 0.765678 0.736262 12 0.0
0.846244 0.743503 0.723309 12 0.0
0.836274 0.769425 0.718085 12 0.0
0.781978 0.862136 0.526986 10 0.0
0.774123 0.871923 0.531749 10 0.0
0.784845 0.855959 0.544404 10 0.0
0.789832 0.852349 0.522222 10 0.0
0.77911 0.868313 0.509568 10 0.0
0.312096 0.024678 0.750632 3 0.0
0.69075 0.940608 0.727861 10 0.0
0.671878 0.952091 0.729061 10 0.0
0.690022 0.938503 0.736563 10 0.0
0.709621 0.929124 0.726662 10 0.0
0.691477 0.942713 0.71916 10 0.0
0.779345 0.7927 0.362555 5 3.7e-05
0.750248 0.818625 0.365318 5 3.7e-05
0.772902 0.781279 0.401865 5 3.7e-05
0.808442 0.766776 0.359792 5 3.7e-05
0.785789 0.804122 0.323245 5 3.7e-05
0.287594 0.561774 0.708249 7 0.0
0.28965 0.594387 0.706781 7 0.0
0.28761 0.562518 0.724805 7 0.0
0.285538 0.52916 0.709717 7 0.0
0.287578 0.561029 0.691693 7 0.0
0.151481 0.713151 0.411378 12 0.0
0.157458 0.737301 0.415872 12 0.0
0.150016 0.703806 0.463543 12 0.0
0.145503 0.689 0.406884 12 0.0
0.152945 0.722496 0.359213 12 0.0
0.853198 0.032085 0.519061 12 0.0
0.314512 0.929675 0.635733 6 0.0
0.337126 0.946259 0.626766 6 0.0
0.327514 0.932296 0.673369 6 0.0
0.291898 0.913092 0.6447 6 0.0
0.30151 0.927054 0.598097 6 0.0
0.149082 0.72853 0.283384 10 0.018837
0.155319 0.750138 0.284827 10 0.018837
0.14936 0.727584 0.296356 10 0.018837
0.142845 0.706923 0.281942 10 0.018837
0.148804 0.729477 0.270413 10 0.018837
0.775567 0.866438 0.250806 13 0.999978
0.177497 0.673682 0.350682 15 0.999943
0.181761 0.705638 0.335528 15 0.999943
0.179359 0.66474 0.33235 15 0.999943
0.173233 0.641727 0.365837 15 0.999943
0.175635 0.682625 0.369014 15 0.999943
0.728832 0.909851 0.380537 12 0.0
0.713217 0.922443 0.380869 12 0.0
0.727971 0.907673 0.422679 12 0.0
0.744447 0.897259 0.380206 12 0.0
0.729693 0.912029 0.338396 12 0.0
0.597965 0.977447 0.418545 12 0.0
0.579036 0.982963 0.417309 12 0.0
0.595972 0.978942 0.455723 12 0.0
0.616894 0.971931 0.419782 12 0.0
0.599958 0.975952 0.381367 12 0.0
0.148721 0.721315 0.60492 12 0.0
0.15243 0.736798 0.613854 12 0.0
0.144551 0.707438 0.630701 12 0.0
0.145012 0.705832 0.595986 12 0.0
0.152892 0.735192 0.579139 12 0.0
0.862497 0.018212 0.334463 12 0.0
0.311586 0.03076 0.247133 13 0.0
0.146927 0.717389 0.649592 12 0.0
0.147433 0.720832 0.681188 12 0.0
0.141762 0.697668 0.651824 12 0.0
0.146421 0.713946 0.617996 12 0.0
0.152093 0.73711 0.647361 12 0.0
0.266491 0.88407 0.511756 6 0.0
0.266089 0.881727 0.472953 6 0.0
0.278031 0.893903 0.511042 6 0.0
0.266893 0.886412 0.550558 6 0.0
0.254951 0.874237 0.512469 6 0.0
0.803644 0.641048 0.748847 3 0.0
0.78489 0.003159 0.747841 3 0.999054
0.236077 0.875821 0.333654 12 0.0
0.25035 0.892914 0.324163 12 0.0
0.244319 0.883303 0.359525 12 0.0
0.221805 0.858727 0.343144 12 0.0
0.227836 0.868338 0.307783 12 0.0
0.150325 0.253915 0.700461 12 0.0
0.388062 0.004257 0.746805 3 0.999997
0.214523 0.798066 0.742272 3 0.006087
0.864357 0.206853 0.251286 13 0.999996
0.77344 0.869731 0.44729 12 0.0
0.760828 0.884069 0.446943 12 0.0
0.772369 0.870289 0.509259 12 0.0
0.786052 0.855394 0.447637 12 0.0
0.774511 0.869174 0.38532 12 0.0
0.180941 0.641208 0.753673 3 0.0
0.265118 0.889066 0.748342 3 3e-06
0.552157 0.97997 0.493857 10 0.0
0.133649 0.537825 0.496986 12 0.0
0.135196 0.570431 0.570896 12 0.0
0.130223 0.482607 0.521417 12 0.0
0.132102 0.505219 0.423076 12 0.0
0.137076 0.593043 0.472554 12 0.0
0.438288 -0.00207 0.726042 1 0.0
0.310601 0.001737 0.738638 1 0.917029
0.862184 0.645927 0.402006 12 0.0
0.859806 0.672653 0.4053 12 0.0
0.862268 0.639889 0.451058 12 0.0
0.864561 0.619202 0.398712 12 0.0
0.862099 0.651966 0.352954 12 0.0
0.866324 0.568438 0.317838 9 2e-06
0.865211 0.613371 0.311564 9 2e-06
0.866038 0.571449 0.339455 9 2e-06
0.867437 0.523504 0.324111 9 2e-06
0.86661 0.565427 0.29622 9 2e-06
0.769684 0.033253 0.249322 13 0.0
0.164553 0.002913 0.743752 1 0.233877
0.777718 0.689247 0.748312 3 0.0
0.145068 0.699699 0.351063 12 0.0
0.149253 0.720791 0.358619 12 0.0
0.143619 0.688566 0.382941 12 0.0
0.140884 0.678606 0.343507 12 0.0
0.146517 0.710831 0.319185 12 0.0
0.195057 0.766355 0.336866 12 0.133942
0.488916 0.01791 0.750936 3 0.0
0.206697 0.763798 0.741274 3 0.000162
0.145864 0.002275 0.661989 1 0.0
0.865745 0.419058 0.717144 12 0.0
0.293462 0.889421 0.677036 11 8e-06
0.309027 0.903723 0.662938 11 8e-06
0.304519 0.899148 0.699109 11 8e-06
0.277898 0.87512 0.691134 11 8e-06
0.282406 0.879695 0.654963 11 8e-06
0.691652 0.714743 0.653429 5 0.0
0.662419 0.76303 0.650899 5 0.0
0.689704 0.715115 0.68304 5 0.0
0.720886 0.666457 0.655958 5 0.0
0.6936 0.714372 0.623817 5 0.0
0.197781 0.806444 0.295119 12 0.998992
0.207791 0.819957 0.309318 12 0.998992
0.200873 0.797119 0.301813 12 0.998992
0.18777 0.792932 0.28092 12 0.998992
0.194688 0.815769 0.288425 12 0.998992
0.582281 0.963755 0.745757 3 1e-06
0.529778 0.996084 0.729966 12 0.0
0.550149 0.994391 0.728931 12 0.0
0.530163 0.995436 0.738603 12 0.0
0.509407 0.997777 0.731 12 0.0
0.529393 0.996731 0.721329 12 0.0
0.144262 0.688617 0.663584 12 0.0
0.144203 0.692526 0.6925 12 0.0
0.139026 0.661192 0.667281 12 0.0
0.144321 0.684708 0.634667 12 0.0
0.149498 0.716042 0.659887 12 0.0
0.843854 0.38659 0.749321 3 0.0
0.440447 0.071693 0.243803 13 0.0
0.672874 0.949024 0.608851 12 0.0
0.654771 0.959019 0.609144 12 0.0
0.673944 0.949654 0.65345 12 0.0
0.690977 0.93903 0.608558 12 0.0
0.671804 0.948395 0.564252 12 0.0
0.153176 7.2e-05 0.691901 1 0.0
0.160447 -0.000567 0.69246 1 0.0
0.151752 0.001272 0.711806 1 0.0
0.145904 0.00071 0.691343 1 0.0
0.154599 -0.001128 0.671996 1 0.0
0.308041 0.452269 0.252622 8 0.999997
0.397127 0.340351 0.30986 14 0.0
0.363333 0.355002 0.314539 14 0.0
0.396861 0.333032 0.330862 14 0.0
0.43092 0.3257 0.305181 14 0.0
0.397392 0.34767 0.288859 14 0.0
0.343877 0.955574 0.387427 12 0.0
0.360343 0.963372 0.348397 12 0.0
0.359566 0.963953 0.395721 12 0.0
0.32741 0.947776 0.426458 12 0.0
0.328187 0.947195 0.379134 12 0.0
0.222123 0.858046 0.350392 12 0.0
0.237542 0.876851 0.346383 12 0.0
0.225885 0.86174 0.38219 12 0.0
0.206703 0.839241 0.354401 12 0.0
0.21836 0.854352 0.318595 12 0.0
0.304126 0.925619 0.50476 12 0.0
0.323667 0.938345 0.492729 12 0.0
0.320896 0.938278 0.545386 12 0.0
0.284585 0.912893 0.516791 12 0.0
0.287356 0.91296 0.464134 12 0.0
0.390214 0.161591 0.664805 2 0.0
0.438435 0.150504 0.6887 2 0.0
0.407572 0.211415 0.652894 2 0.0
0.341993 0.172678 0.64091 2 0.0
0.372856 0.111767 0.676715 2 0.0
0.640139 0.96586 0.747229 3 0.995156
0.130641 0.383132 0.261703 12 0.083845
0.168208 0.303849 0.751726 3 0.0
0.327061 0.42765 0.25398 14 1.0
0.220211 0.848956 0.619736 6 0.0
0.22485 0.850735 0.582075 6 0.0
0.230555 0.864072 0.621724 6 0.0
0.215572 0.847177 0.657397 6 0.0
0.209868 0.83384 0.617748 6 0.0
0.159909 0.737146 0.532051 12 0.0
0.166344 0.757691 0.531182 12 0.0
0.161883 0.739062 0.592024 12 0.0
0.153473 0.7166 0.532919 12 0.0
0.157934 0.735229 0.472078 12 0.0
0.784166 0.008382 0.749698 1 2e-06
0.495142 0.001599 0.346858 5 0.997608
0.551983 -0.001111 0.718855 1 0.0
0.764458 0.007267 0.751682 3 1.0
0.579341 0.330918 0.364496 5 0.0
0.251146 -0.000365 0.720877 1 0.0
0.129202 0.345014 0.30804 12 0.0
0.461141 0.006888 0.359769 5 0.999963
0.818246 0.783829 0.645312 12 0.0
0.809146 0.802467 0.646672 12 0.0
0.820718 0.782749 0.676657 12 0.0
0.827347 0.765191 0.643952 12 0.0
0.815775 0.784909 0.613967 12 0.0
0.582111 0.985387 0.438441 12 0.0
0.146998 0.511159 0.268127 15 9.8e-05
0.343296 0.933565 0.353097 12 0.0
0.332173 0.925848 0.346936 12 0.0
0.331109 0.926885 0.383468 12 0.0
0.35442 0.941282 0.359258 12 0.0
0.355484 0.940244 0.322727 12 0.0
0.354929 -0.003517 0.497391 5 1.0
0.689874 0.937322 0.43242 10 0.0
0.676697 0.945346 0.431163 10 0.0
0.687169 0.937492 0.461862 10 0.0
0.703051 0.929298 0.433677 10 0.0
0.692579 0.937152 0.402979 10 0.0
0.301443 0.897419 0.557227 6 0.0
0.32094 0.90891 0.548391 6 0.0
0.314888 0.90708 0.599459 6 0.0
0.281946 0.885928 0.566062 6 0.0
0.287998 0.887757 0.514994 6 0.0
0.283099 0.880952 0.438566 12 0.0
0.308713 0.899666 0.420374 12 0.0
0.305123 0.904852 0.494162 12 0.0
0.257486 0.862237 0.456757 12 0.0
0.261076 0.857051 0.382969 12 0.0
0.186833 -0.001533 0.685683 1 0.0
0.203679 -0.001844 0.689476 1 0.0
0.182018 -0.000818 0.707128 1 0.0
0.169986 -0.001223 0.68189 1 0.0
0.191647 -0.002248 0.664238 1 0.0
0.61423 0.963101 0.669277 12 0.0
0.599713 0.963985 0.65258 12 0.0
0.592348 0.973826 0.68887 12 0.0
0.628747 0.962218 0.685973 12 0.0
0.636112 0.952376 0.649683 12 0.0
0.778502 0.639627 0.499173 5 0.0
0.760299 0.702934 0.51539 5 0.0
0.777442 0.623506 0.560916 5 0.0
0.796704 0.57632 0.482956 5 0.0
0.779561 0.655748 0.43743 5 0.0
0.865999 0.525399 0.373693 12 0.0
0.865087 0.584071 0.368226 12 0.0
0.866603 0.529126 0.413592 12 0.0
0.86691 0.466728 0.379159 12 0.0
0.865395 0.521673 0.333794 12 0.0
0.307445 0.938062 0.732969 6 0.0
0.866931 0.283029 0.649402 12 3e-06
0.867445 0.372425 0.642616 12 3e-06
0.866835 0.285323 0.679615 12 3e-06
0.866417 0.193632 0.656188 12 3e-06
0.867027 0.280735 0.619189 12 3e-06
0.131282 0.283032 0.364623 12 0.0
0.130284 0.37133 0.37128 12 0.0
0.131314 0.280266 0.401319 12 0.0
0.132279 0.194734 0.357965 12 0.0
0.131249 0.285799 0.327926 12 0.0
0.711509 0.60289 0.319389 7 0.0
0.705633 0.632332 0.313216 7 0.0
0.707877 0.607289 0.343825 7 0.0
0.717386 0.573449 0.325562 7 0.0
0.715142 0.598492 0.294952 7 0.0
0.196677 0.757969 0.466938 12 0.0
0.202977 0.775855 0.469876 12 0.0
0.193072 0.750579 0.519657 12 0.0
0.190378 0.740083 0.464 12 0.0
0.200282 0.765358 0.414219 12 0.0
0.578882 0.985036 0.356532 12 0.0
0.558986 0.98916 0.358227 12 0.0
0.581728 0.98437 0.391566 12 0.0
0.598777 0.980913 0.354837 12 0.0
0.576035 0.985702 0.321499 12 0.0
0.37975 0.339832 0.753884 7 0.0
0.143318 0.347055 0.284221 12 0.0
0.71211 0.567252 0.376992 7 0.0
0.710945 0.598413 0.381254 7 0.0
0.708727 0.561366 0.419114 7 0.0
0.713275 0.536092 0.372731 7 0.0
0.715493 0.573139 0.33487 7 0.0
0.209286 0.780736 0.496579 12 0.0
0.221734 0.806493 0.494814 12 0.0
0.210711 0.783892 0.552686 12 0.0
0.196839 0.754979 0.498343 12 0.0
0.207862 0.77758 0.440472 12 0.0
0.499643 0.288811 0.753751 3 0.0
0.647194 0.960393 0.52088 12 0.0
0.634515 0.965936 0.516017 12 0.0
0.63705 0.96434 0.551835 12 0.0
0.659873 0.95485 0.525742 12 0.0
0.657339 0.956445 0.489924 12 0.0
0.801687 0.822685 0.320557 16 1e-06
0.794523 0.835027 0.331359 16 1e-06
0.810133 0.810127 0.340508 16 1e-06
0.808852 0.810342 0.309755 16 1e-06
0.793241 0.835242 0.300606 16 1e-06
0.245955 0.856767 0.416983 12 0.0
0.207876 0.828333 0.33267 12 0.0
0.225052 0.853336 0.321498 12 0.0
0.212697 0.835639 0.356431 12 0.0
0.1907 0.80333 0.343843 12 0.0
0.203055 0.821028 0.30891 12 0.0
0.421387 0.950857 0.38444 12 0.0
0.408392 0.947272 0.369409 12 0.0
0.380604 0.940419 0.42219 12 0.0
0.434383 0.954441 0.399471 12 0.0
0.462171 0.961294 0.34669 12 0.0
0.773324 0.864093 0.249846 13 1.0
0.238744 0.881333 0.541212 6 0.0
0.256657 0.900122 0.543223 6 0.0
0.234997 0.877927 0.606422 6 0.0
0.220831 0.862544 0.539201 6 0.0
0.242491 0.884739 0.476002 6 0.0
0.276212 0.914618 0.609671 6 0.0
0.291258 0.925848 0.617221 6 0.0
0.262282 0.902313 0.655734 6 0.0
0.261166 0.903388 0.602121 6 0.0
0.290143 0.926922 0.563607 6 0.0
0.782019 0.855751 0.675371 12 0.0
0.769753 0.872288 0.689875 12 0.0
0.792501 0.845346 0.696098 12 0.0
0.794286 0.839214 0.660867 12 0.0
0.771538 0.866155 0.654644 12 0.0
0.797988 0.837002 0.470405 12 0.0
0.785435 0.854599 0.476875 12 0.0
0.803164 0.828537 0.503468 12 0.0
0.810542 0.819404 0.463934 12 0.0
0.792813 0.845467 0.437342 12 0.0
0.491989 0.977574 0.747023 3 1e-06
0.509648 0.038659 0.246377 13 0.0
0.853311 0.089015 0.749624 3 0.999933
0.859281 0.089164 0.748386 3 0.999933
0.853115 0.077253 0.747264 3 0.999933
0.847342 0.088866 0.750862 3 0.999933
0.853507 0.100777 0.751985 3 0.999933
0.370141 0.038776 0.246605 13 0.0
0.550801 0.991341 0.250765 13 1.0
0.850873 0.712645 0.654094 12 0.0
0.849087 0.722133 0.623102 12 0.0
0.845586 0.73417 0.660989 12 0.0
0.85266 0.703157 0.685087 12 0.0
0.856161 0.69112 0.6472 12 0.0
0.33185 0.86176 0.737677 4 0.0
0.377048 0.89503 0.734618 4 0.0
0.3179 0.880633 0.736828 4 0.0
0.286653 0.82849 0.740736 4 0.0
0.345801 0.842887 0.738527 4 0.0
0.790502 0.800855 0.596085 12 0.0
0.775681 0.823774 0.577792 12 0.0
0.778582 0.816964 0.625924 12 0.0
0.805322 0.777936 0.614379 12 0.0
0.802422 0.784746 0.566246 12 0.0
0.721471 0.881888 0.530351 12 0.0
0.697747 0.900677 0.539108 12 0.0
0.728569 0.877609 0.558758 12 0.0
0.745195 0.863098 0.521594 12 0.0
0.714374 0.886166 0.501944 12 0.0
0.320256 0.074717 0.751306 3 0.0
0.379179 0.076386 0.752757 3 0.0
0.319554 0.098653 0.752285 3 0.0
0.261333 0.073048 0.749855 3 0.0
0.320958 0.050781 0.750327 3 0.0
0.770922 0.837416 0.37743 12 0.0
0.757995 0.854605 0.380526 12 0.0
0.773688 0.832827 0.414465 12 0.0
0.783848 0.820226 0.374335 12 0.0
0.768155 0.842004 0.340396 12 0.0
0.220877 0.849295 0.744316 3 0.972559
0.692142 0.924141 0.327403 12 1e-06
0.666754 0.940017 0.325772 12 1e-06
0.691317 0.924104 0.339884 12 1e-06
0.71753 0.908265 0.329035 12 1e-06
0.692967 0.924178 0.314922 12 1e-06
0.859303 0.628125 0.596599 12 0.0
0.857571 0.64441 0.549002 12 0.0
0.855203 0.667241 0.610132 12 0.0
0.861035 0.611839 0.644196 12 0.0
0.863402 0.589008 0.583065 12 0.0
0.731063 0.882424 0.419947 10 0.0
0.717058 0.892974 0.407442 10 0.0
0.715148 0.893089 0.44677 10 0.0
0.745067 0.871873 0.432452 10 0.0
0.746978 0.871758 0.393124 10 0.0
0.251425 0.877685 0.25326 13 5e-06
0.737996 0.705587 0.392873 10 0.0
0.70114 0.753016 0.367198 10 0.0
0.72653 0.71624 0.429011 10 0.0
0.774852 0.658159 0.418547 10 0.0
0.749461 0.694934 0.356734 10 0.0
0.142118 0.66825 0.474008 12 0.0
0.145681 0.69474 0.478818 12 0.0
0.139662 0.655694 0.544984 12 0.0
0.138556 0.64176 0.469199 12 0.0
0.144574 0.680807 0.403032 12 0.0
0.58785 0.94816 0.571089 12 0.0
0.558194 0.958882 0.577931 12 0.0
0.596503 0.942427 0.617581 12 0.0
0.617506 0.937438 0.564248 12 0.0
0.579197 0.953893 0.524597 12 0.0
0.727726 0.027262 0.74992 3 0.0
0.427974 0.985289 0.554705 12 0.0
0.446196 0.989579 0.554524 12 0.0
0.428399 0.985975 0.613783 12 0.0
0.409751 0.980999 0.554886 12 0.0
0.427548 0.984603 0.495627 12 0.0
0.74212 0.83186 0.748542 3 0.0
0.755003 0.842338 0.750082 3 0.0
0.710903 0.870232 0.748611 3 0.0
0.729237 0.821382 0.747002 3 0.0
0.773337 0.793488 0.748473 3 0.0
0.57134 0.964728 0.405261 12 0.0
0.544306 0.970553 0.40404 12 0.0
0.569864 0.96512 0.439823 12 0.0
0.598374 0.958903 0.406482 12 0.0
0.572816 0.964335 0.370699 12 0.0
0.171234 0.071859 0.246775 13 0.0
0.167449 0.0972 0.24538 13 0.0
0.185034 0.073868 0.245834 13 0.0
0.175018 0.046519 0.24817 13 0.0
0.157433 0.06985 0.247716 13 0.0
0.148888 0.661877 0.667309 12 0.0
0.147945 0.657059 0.69444 12 0.0
0.141433 0.617255 0.659127 12 0.0
0.149831 0.666694 0.640179 12 0.0
0.156343 0.706499 0.675492 12 0.0
0.26902 0.869142 0.529774 6 0.0
0.272893 0.869233 0.484521 6 0.0
0.286699 0.888823 0.531327 6 0.0
0.265148 0.869051 0.575028 6 0.0
0.251342 0.849461 0.528222 6 0.0
0.862336 0.178197 0.251584 13 0.999457
0.509695 0.990992 0.397438 12 0.0
0.490599 0.992086 0.399758 12 0.0
0.515212 0.990139 0.44325 12 0.0
0.528792 0.989899 0.395118 12 0.0
0.504179 0.991846 0.351626 12 0.0
0.797377 0.824103 0.2497 13 1.0
0.540539 0.98807 0.401092 12 0.0
0.518763 0.990723 0.399229 12 0.0
0.538893 0.988621 0.421121 12 0.0
0.562314 0.985418 0.402954 12 0.0
0.542185 0.98752 0.381063 12 0.0
0.478208 0.346445 0.24181 14 0.999999
0.837352 0.001922 0.369853 1 1e-06
0.448941 0.013746 0.363 2 5e-06
0.295867 -0.000483 0.675239 1 0.0
0.245912 -0.001357 0.680649 1 0.0
0.298524 -0.000388 0.699789 1 0.0
0.345822 0.00039 0.669829 1 0.0
0.29321 -0.000579 0.650689 1 0.0
0.770463 0.638763 0.376529 5 0.0
0.757069 0.691906 0.405992 5 0.0
0.770902 0.624635 0.402213 5 0.0
0.783857 0.585621 0.347067 5 0.0
0.770024 0.652892 0.350846 5 0.0
0.495138 0.014131 0.250699 13 2.3e-05
0.402726 -0.001595 0.747673 1 0.999532
0.328736 0.949768 0.370561 10 0.0
0.337166 0.952953 0.351674 10 0.0
0.341618 0.957195 0.377563 10 0.0
0.320307 0.946583 0.389449 10 0.0
0.315855 0.942341 0.36356 10 0.0
0.561498 0.979867 0.689092 12 0.0
0.5337 0.984304 0.684617 12 0.0
0.559027 0.983985 0.708529 12 0.0
0.589296 0.97543 0.693567 12 0.0
0.563969 0.975748 0.669656 12 0.0
0.158698 0.742737 0.3934 12 0.0
0.166155 0.76465 0.396832 12 0.0
0.158393 0.735656 0.439279 12 0.0
0.151242 0.720823 0.389968 12 0.0
0.159004 0.749818 0.347521 12 0.0
0.195979 0.744729 0.752498 3 0.0
0.155639 0.000558 0.552713 1 0.0
0.294761 0.927714 0.694288 6 0.0
0.30785 0.938181 0.684385 6 0.0
0.301407 0.933379 0.70906 6 0.0
0.281673 0.917247 0.704191 6 0.0
0.288115 0.922049 0.679516 6 0.0
0.799964 0.770713 0.480423 12 0.0
0.787758 0.793441 0.459589 12 0.0
0.788297 0.789251 0.507484 12 0.0
0.812171 0.747984 0.501258 12 0.0
0.811632 0.752175 0.453363 12 0.0
0.551182 0.971631 0.728729 3 0.000101
0.53089 0.973543 0.726005 3 0.000101
0.550955 0.977932 0.734842 3 0.000101
0.571474 0.969719 0.731452 3 0.000101
0.551409 0.96533 0.722616 3 0.000101
0.40919 0.985032 0.244472 13 1.0
0.476293 0.993646 0.734753 10 0.0
0.471221 0.010218 0.636337 5 8.1e-05
0.412438 0.770578 0.723151 7 0.0
0.399127 0.767681 0.719999 7 0.0
0.410415 0.767058 0.734933 7 0.0
0.42575 0.773475 0.726303 7 0.0
0.414462 0.774098 0.71137 7 0.0
0.717982 0.604204 0.324149 7 0.0
0.714658 0.620321 0.329103 7 0.0
0.714074 0.59521 0.350789 7 0.0
0.721307 0.588086 0.319195 7 0.0
0.72189 0.613198 0.297509 7 0.0
0.413619 0.050384 0.617967 5 0.0
0.412861 0.068806 0.615177 5 0.0
0.44636 0.053648 0.630625 5 0.0
0.414376 0.031963 0.620757 5 0.0
0.380877 0.04712 0.605309 5 0.0
0.520461 0.08474 0.752016 3 0.0
0.583178 0.037914 0.609136 5 0.0
0.606386 0.041191 0.586027 5 0.0
0.585617 0.023563 0.60955 5 0.0
0.559969 0.034636 0.632244 5 0.0
0.580738 0.052264 0.608721 5 0.0
0.138691 0.001638 0.725698 1 0.351225
0.64704 -0.001739 0.72582 1 0.0
0.429114 0.971004 0.336392 10 0.999998
0.443699 0.97337 0.325083 10 0.999998
0.446368 0.968517 0.358124 10 0.999998
0.414529 0.968638 0.347701 10 0.999998
0.41186 0.97349 0.31466 10 0.999998
0.152391 0.723339 0.592205 12 0.0
0.158021 0.745625 0.594758 12 0.0
0.150496 0.718354 0.639904 12 0.0
0.146762 0.701052 0.589653 12 0.0
0.154286 0.728323 0.544506 12 0.0
0.856293 0.208406 0.74485 4 0.0
0.542358 0.012187 0.379902 5 0.033018
0.32223 0.692961 0.732444 7 0.0
0.397539 0.959161 0.390688 12 0.0
0.373908 0.950699 0.384329 12 0.0
0.387714 0.955939 0.431492 12 0.0
0.421171 0.967622 0.397046 12 0.0
0.407365 0.962382 0.349883 12 0.0
0.236554 0.000148 0.726762 1 0.0
0.145667 0.650873 0.739729 3 0.0
0.44134 0.772273 0.246592 7 1.0
0.128836 0.366386 0.276584 12 8e-06
0.468163 0.014541 0.363229 5 0.999932
0.455936 0.012816 0.358436 5 0.999932
0.466947 0.018577 0.364877 5 0.999932
0.48039 0.016267 0.368023 5 0.999932
0.469379 0.010506 0.361581 5 0.999932
0.384383 0.957771 0.381648 12 0.0
0.709276 0.602708 0.26117 14 0.934436
0.861111 0.501644 0.648895 12 0.0
0.85766 0.579081 0.659035 12 0.0
0.861052 0.497545 0.680177 12 0.0
0.864562 0.424206 0.638755 12 0.0
0.86117 0.505743 0.617613 12 0.0
0.372095 0.737729 0.753615 7 0.551786
0.600643 0.977853 0.478837 12 0.0
0.580708 0.984356 0.477729 12 0.0
0.598901 0.97806 0.511394 12 0.0
0.620578 0.97135 0.479945 12 0.0
0.602385 0.977646 0.446279 12 0.0
0.324113 0.894605 0.530852 12 0.0
0.354381 0.910781 0.512444 12 0.0
0.344208 0.910069 0.577485 12 0.0
0.293844 0.878429 0.549259 12 0.0
0.304017 0.879141 0.484218 12 0.0
0.847277 0.136821 0.747881 3 4e-06
0.135473 0.229791 0.726795 12 0.0
0.16737 0.723388 0.73145 12 2e-06
0.276239 0.870821 0.423382 12 0.0
0.291695 0.883577 0.414131 12 0.0
0.288321 0.891528 0.472116 12 0.0
0.260784 0.858065 0.432634 12 0.0
0.264157 0.850114 0.374648 12 0.0
0.820358 0.00039 0.58737 1 0.0
0.803631 -3.5e-05 0.588131 1 0.0
0.822766 0.001058 0.640644 1 0.0
0.837085 0.000814 0.586608 1 0.0
0.81795 -0.000279 0.534095 1 0.0
0.230684 0.810645 0.567314 12 0.0
0.242983 0.824897 0.527986 12 0.0
0.244877 0.834899 0.580542 12 0.0
0.218384 0.796393 0.606641 12 0.0
0.21649 0.786391 0.554086 12 0.0
0.489506 0.018802 0.639574 5 0.000167
0.24889 0.761148 0.465381 11 0.0
0.271487 0.806383 0.446253 11 0.0
0.263733 0.778681 0.524376 11 0.0
0.226294 0.715913 0.484509 11 0.0
0.234048 0.743616 0.406385 11 0.0
0.583626 0.000949 0.377998 2 0.978363
0.866265 0.351577 0.716618 12 0.0
0.474404 0.346482 0.752001 7 0.999993
0.128355 0.413186 0.305026 12 0.0
0.833406 0.270795 0.748452 3 3e-06
0.658119 -0.000877 0.334375 1 0.009001
0.664902 -0.000622 0.313815 1 0.009001
0.717522 -0.001939 0.353959 1 0.009001
0.651336 -0.001132 0.354936 1 0.009001
0.598716 0.000185 0.314792 1 0.009001
0.866552 0.351474 0.712999 12 0.0
0.134276 0.366677 0.268918 12 7e-05
0.473912 0.808995 0.73833 3 1e-06
0.561358 0.989471 0.681732 12 0.0
0.543603 0.992351 0.681923 12 0.0
0.561701 0.990103 0.704111 12 0.0
0.579113 0.986591 0.681541 12 0.0
0.561015 0.988839 0.659354 12 0.0
0.224652 0.863051 0.464865 12 0.0
0.240107 0.881936 0.456501 12 0.0
0.233088 0.872925 0.502746 12 0.0
0.209197 0.844166 0.47323 12 0.0
0.216216 0.853177 0.426985 12 0.0
0.718383 0.769937 0.634622 10 3e-06
0.708026 0.812331 0.610783 10 3e-06
0.690832 0.777707 0.660408 10 3e-06
0.72874 0.727544 0.65846 10 3e-06
0.745934 0.762168 0.608835 10 3e-06
0.19379 0.819865 0.334475 12 0.0
0.207754 0.843373 0.329404 12 0.0
0.197109 0.823847 0.36207 12 0.0
0.179827 0.796357 0.339546 12 0.0
0.190472 0.815884 0.30688 12 0.0
0.431088 0.989373 0.31438 12 0.001174
0.419646 0.987906 0.306638 12 0.001174
0.417759 0.986259 0.334669 12 0.001174
0.44253 0.99084 0.322122 12 0.001174
0.444417 0.992487 0.29409 12 0.001174
0.248523 0.886808 0.643767 6 0.0
0.266038 0.903144 0.649517 6 0.0
0.244003 0.881595 0.672345 6 0.0
0.231008 0.870471 0.638017 6 0.0
0.253043 0.89202 0.615188 6 0.0
0.1649 0.763385 0.720871 12 0.0
0.175345 0.789756 0.721471 12 0.0
0.164077 0.763473 0.731334 12 0.0
0.154455 0.737013 0.720272 12 0.0
0.165723 0.763296 0.710408 12 0.0
0.278112 0.911629 0.594195 6 0.0
0.297404 0.926558 0.603863 6 0.0
0.262955 0.899021 0.643905 6 0.0
0.258821 0.896699 0.584526 6 0.0
0.293269 0.924236 0.544484 6 0.0
0.807499 0.826694 0.480635 12 0.0
0.797099 0.842757 0.486883 12 0.0
0.813017 0.817024 0.514683 12 0.0
0.817898 0.810631 0.474387 12 0.0
0.80198 0.836365 0.446586 12 0.0
0.864828 0.015414 0.483857 12 0.0
0.571203 -0.001319 0.664443 1 0.0
0.225219 0.866498 0.691865 6 0.0
0.242153 0.8864 0.694255 6 0.0
0.223713 0.865396 0.711703 6 0.0
0.208285 0.846595 0.689474 6 0.0
0.226725 0.867599 0.672026 6 0.0
0.396632 0.979614 0.580472 12 0.0
0.411246 0.984176 0.581534 12 0.0
0.393583 0.979214 0.624166 12 0.0
0.382017 0.975053 0.579411 12 0.0
0.39968 0.980015 0.536779 12 0.0
0.367593 0.967175 0.33616 12 2e-06
0.372189 0.968856 0.307604 12 2e-06
0.388182 0.975018 0.339935 12 2e-06
0.362997 0.965494 0.364716 12 2e-06
0.347003 0.959331 0.332384 12 2e-06
0.817613 0.796896 0.557606 12 0.0
0.808981 0.814234 0.54122 12 0.0
0.809002 0.812301 0.578442 12 0.0
0.826244 0.779558 0.573992 12 0.0
0.826223 0.781491 0.536771 12 0.0
0.277793 0.915654 0.419185 12 0.0
0.293418 0.929342 0.443647 12 0.0
0.266617 0.907811 0.430713 12 0.0
0.262168 0.901966 0.394724 12 0.0
0.288969 0.923498 0.407658 12 0.0
0.795904 0.841174 0.621799 12 0.0
0.783129 0.859508 0.625909 12 0.0
0.800902 0.835489 0.662692 12 0.0
0.808678 0.822839 0.617689 12 0.0
0.790906 0.846858 0.580907 12 0.0
0.664962 0.866127 0.397871 9 4e-06
0.623894 0.898233 0.381922 9 4e-06
0.64709 0.865683 0.442996 9 4e-06
0.706029 0.834021 0.41382 9 4e-06
0.682833 0.866571 0.352746 9 4e-06
0.823621 0.800877 0.753352 3 0.998658
0.862206 0.648779 0.58369 12 0.0
0.861551 0.652536 0.530725 12 0.0
0.859427 0.675857 0.585645 12 0.0
0.862861 0.645022 0.636655 12 0.0
0.864985 0.621702 0.581735 12 0.0
0.162628 0.651661 0.297933 12 1e-06
0.149102 0.709292 0.464161 12 0.0
0.154709 0.733547 0.464353 12 0.0
0.149786 0.708594 0.532468 12 0.0
0.143495 0.685038 0.463969 12 0.0
0.148418 0.709991 0.395854 12 0.0
0.863739 0.622633 0.251431 13 0.998451
0.360316 0.945786 0.392759 12 0.0
0.369981 0.948543 0.373707 12 0.0
0.382405 0.953767 0.405119 12 0.0
0.350652 0.943028 0.411811 12 0.0
0.338228 0.937804 0.380398 12 0.0
0.249368 0.043291 0.75037 3 0.0
0.285987 0.043063 0.751772 3 0.0
0.249465 0.057499 0.750155 3 0.0
0.212749 0.043519 0.748969 3 0.0
0.249271 0.029082 0.750586 3 0.0
0.187666 0.753572 0.416079 12 0.0
0.590194 0.949397 0.541405 12 0.0
0.557152 0.957432 0.551151 12 0.0
0.598459 0.945445 0.572686 12 0.0
0.623237 0.941362 0.53166 12 0.0
0.58193 0.953349 0.510125 12 0.0
0.547971 0.896065 0.364017 9 6e-06
0.519371 0.904009 0.369643 9 6e-06
0.559369 0.909485 0.403011 9 6e-06
0.576571 0.88812 0.358391 9 6e-06
0.536573 0.882644 0.325023 9 6e-06
0.73158 0.026774 0.751124 3 0.0
0.391322 0.975369 0.54758 12 0.0
0.41556 0.98303 0.546316 12 0.0
0.39393 0.976732 0.60585 12 0.0
0.367084 0.967708 0.548844 12 0.0
0.388714 0.974005 0.48931 12 0.0
0.717169 0.921487 0.434342 12 0.0
0.704747 0.93062 0.43316 12 0.0
0.714713 0.922761 0.469978 12 0.0
0.72959 0.912355 0.435524 12 0.0
0.719625 0.920214 0.398706 12 0.0
0.830066 0.760028 0.432501 12 0.0
0.822172 0.777335 0.421219 12 0.0
0.823918 0.773535 0.457521 12 0.0
0.83796 0.742722 0.443782 12 0.0
0.836214 0.746522 0.40748 12 0.0
0.561499 0.980925 0.359582 12 0.0
0.535436 0.986047 0.35437 12 0.0
0.554733 0.98249 0.394959 12 0.0
0.587562 0.975804 0.364793 12 0.0
0.568266 0.979361 0.324204 12 0.0
0.279968 0.911008 0.543845 6 0.0
0.306472 0.932227 0.541372 6 0.0
0.283862 0.913849 0.609942 6 0.0
0.253464 0.88979 0.546319 6 0.0
0.276074 0.908168 0.477748 6 0.0
0.148141 0.681517 0.588723 12 0.0
0.154088 0.712659 0.587217 12 0.0
0.146481 0.684259 0.638868 12 0.0
0.142194 0.650375 0.590229 12 0.0
0.149801 0.678775 0.538578 12 0.0
0.764136 0.215252 0.75085 3 0.0
0.753974 0.282004 0.751316 3 0.0
0.732567 0.210445 0.751003 3 0.0
0.774297 0.148499 0.750385 3 0.0
0.795704 0.220058 0.750698 3 0.0
0.866726 0.05915 0.577356 12 0.0
0.866859 0.077204 0.579955 12 0.0
0.866806 0.051295 0.631913 12 0.0
0.866594 0.041096 0.574757 12 0.0
0.866647 0.067004 0.522798 12 0.0
0.865837 0.014916 0.560091 12 0.0
0.347983 0.009715 0.745222 3 0.962683
0.72891 -0.001476 0.730241 1 0.0
0.133912 0.259814 0.691163 12 0.0
0.319729 0.941324 0.541942 12 0.0
0.335267 0.949419 0.534739 12 0.0
0.328328 0.947381 0.567299 12 0.0
0.30419 0.93323 0.549145 12 0.0
0.31113 0.935267 0.516585 12 0.0
0.830705 0.775976 0.333725 16 0.0
0.822309 0.795905 0.333183 16 0.0
0.829595 0.776236 0.360478 16 0.0
0.839101 0.756048 0.334266 16 0.0
0.831815 0.775717 0.306972 16 0.0
0.271905 0.871558 0.669995 6 2e-06
0.28484 0.888701 0.677695 6 2e-06
0.258695 0.870779 0.693922 6 2e-06
0.25897 0.854414 0.662296 6 2e-06
0.285114 0.872337 0.646069 6 2e-06
0.316193 0.670901 0.254239 14 0.999976
0.858101 0.648044 0.452632 12 0.0
0.854869 0.679895 0.451883 12 0.0
0.856663 0.649407 0.516791 12 0.0
0.861334 0.616194 0.453381 12 0.0
0.859539 0.646682 0.388473 12 0.0
0.388168 -0.002835 0.697921 1 0.0
0.783369 0.70567 0.746888 4 0.0
0.144518 0.687341 0.385281 12 0.0
0.148788 0.711316 0.393959 12 0.0
0.142294 0.672518 0.427329 12 0.0
0.140248 0.663365 0.376604 12 0.0
0.146741 0.702164 0.343233 12 0.0
0.344356 -0.000279 0.359934 1 0.008078
0.33288 -0.00013 0.342961 1 0.008078
0.29976 0.000267 0.390093 1 0.008078
0.355832 -0.000427 0.376906 1 0.008078
0.388952 -0.000825 0.329775 1 0.008078
0.581822 0.000987 0.280464 1 4.3e-05
0.508584 0.046427 0.372358 5 0.0
0.479398 0.04558 0.364894 5 0.0
0.507432 0.062754 0.37501 5 0.0
0.537769 0.047274 0.379823 5 0.0
0.509736 0.0301 0.369707 5 0.0
0.624243 0.001969 0.58128 5 0.999999
0.16407 0.006332 0.552951 1 0.0
0.820575 0.805829 0.473997 12 0.0
0.813089 0.819979 0.461779 12 0.0
0.813085 0.819934 0.494923 12 0.0
0.828062 0.791678 0.486215 12 0.0
0.828066 0.791724 0.453071 12 0.0
0.268888 0.834351 0.750735 3 0.0
0.302032 0.872558 0.750945 3 0.0
0.254831 0.846545 0.750741 3 0.0
0.235745 0.796145 0.750524 3 0.0
0.282945 0.822157 0.750729 3 0.0
0.177015 0.333387 0.253843 13 0.0
0.136917 0.650986 0.661263 12 0.0
0.137421 0.655389 0.689314 12 0.0
0.134205 0.620713 0.666064 12 0.0
0.136413 0.646583 0.633212 12 0.0
0.139629 0.68126 0.656463 12 0.0
0.438655 0.030891 0.246649 13 0.0
0.411139 0.961415 0.552649 12 0.0
0.858826 0.652256 0.367932 12 0.0
0.855872 0.673496 0.380977 12 0.0
0.860083 0.630518 0.40361 12 0.0
0.861781 0.631017 0.354887 12 0.0
0.85757 0.673995 0.332254 12 0.0
0.135993 0.240603 0.691471 12 0.0
0.379382 0.379986 0.248084 14 0.995982
0.298328 0.928414 0.544999 12 0.0
0.317094 0.942407 0.53288 12 0.0
0.306404 0.932405 0.562113 12 0.0
0.279562 0.914421 0.557119 12 0.0
0.290251 0.924423 0.527886 12 0.0
0.251641 0.021966 0.248642 13 0.0
0.305304 0.927018 0.629313 6 0.0
0.32935 0.944923 0.619566 6 0.0
0.318271 0.931062 0.668732 6 0.0
0.281258 0.909113 0.63906 6 0.0
0.292337 0.922974 0.589895 6 0.0
0.167422 0.769305 0.248839 13 1.0
0.823191 0.70074 0.441266 12 0.0
0.816887 0.7235 0.438646 12 0.0
0.819984 0.705152 0.4873 12 0.0
0.829494 0.677979 0.443887 12 0.0
0.826398 0.696328 0.395233 12 0.0
0.211321 0.773575 0.666737 10 0.0
0.228545 0.807119 0.666283 10 0.0
0.206016 0.776651 0.69271 10 0.0
0.194098 0.740031 0.667191 10 0.0
0.216627 0.770499 0.640764 10 0.0
0.708327 0.92562 0.519933 12 0.0
0.693688 0.935939 0.521053 12 0.0
0.710183 0.924382 0.555618 12 0.0
0.722966 0.915302 0.518813 12 0.0
0.70647 0.926859 0.484249 12 0.0
0.146188 -0.000802 0.512278 1 0.0
0.235273 0.823223 0.518738 12 0.0
0.242803 0.833276 0.47983 12 0.0
0.252714 0.848161 0.528557 12 0.0
0.227743 0.81317 0.557646 12 0.0
0.217832 0.798286 0.508919 12 0.0
0.415894 0.906003 0.571786 9 2e-06
0.447743 0.915773 0.547598 9 2e-06
0.443654 0.911512 0.610564 9 2e-06
0.384044 0.896232 0.595974 9 2e-06
0.388134 0.900493 0.533007 9 2e-06
0.739225 0.904651 0.701919 12 0.0
0.725639 0.917052 0.710665 12 0.0
0.744464 0.900292 0.716237 12 0.0
0.752811 0.89225 0.693173 12 0.0
0.733987 0.90901 0.687601 12 0.0
0.254623 0.876067 0.357654 12 0.0
0.268049 0.887582 0.352433 12 0.0
0.261352 0.883282 0.390875 12 0.0
0.241196 0.864552 0.362875 12 0.0
0.247893 0.868851 0.324434 12 0.0
0.165384 0.713221 0.444926 12 0.0
0.170703 0.735981 0.451275 12 0.0
0.163341 0.703266 0.48232 12 0.0
0.160065 0.690461 0.438576 12 0.0
0.167427 0.723176 0.407531 12 0.0
0.330293 0.004927 0.712281 1 0.0
0.695177 0.67755 0.249508 14 0.001014
0.552318 0.990797 0.732471 10 0.0
0.860157 0.270533 0.704271 12 0.0
0.26706 -0.001636 0.726678 1 0.0
0.60094 0.973203 0.449548 12 0.0
0.131855 0.485278 0.305274 12 0.000442
0.369708 0.968631 0.39546 12 0.0
0.355201 0.962738 0.389621 12 0.0
0.358925 0.965527 0.425384 12 0.0
0.384214 0.974524 0.401298 12 0.0
0.38049 0.971735 0.365536 12 0.0
0.457871 0.992397 0.705278 12 0.0
0.480329 0.994815 0.707533 12 0.0
0.456258 0.993031 0.720661 12 0.0
0.435412 0.989978 0.703023 12 0.0
0.459484 0.991762 0.689895 12 0.0
0.178645 0.767476 0.602846 12 0.0
0.177703 0.77753 0.649325 12 0.0
0.168251 0.746784 0.607112 12 0.0
0.179587 0.757422 0.556368 12 0.0
0.18904 0.788168 0.598581 12 0.0
0.578087 0.000146 0.64072 1 0.0
0.33366 0.741054 0.753942 3 0.0
0.134747 0.004607 0.377338 1 0.407655
0.713963 0.479071 0.752216 4 0.000439
0.657961 0.960975 0.297901 9 0.006894
0.642236 0.968415 0.29897 9 0.006894
0.658515 0.959808 0.314163 9 0.006894
0.673687 0.953535 0.296832 9 0.006894
0.657408 0.962142 0.281639 9 0.006894
0.616206 0.749113 0.750127 7 0.0
0.283669 0.903793 0.563243 6 0.0
0.309106 0.921213 0.576288 6 0.0
0.265137 0.886703 0.6222 6 0.0
0.258233 0.886372 0.550198 6 0.0
0.302201 0.920882 0.504286 6 0.0
0.639865 0.778116 0.463384 5 0.0
0.600923 0.797165 0.485319 5 0.0
0.672065 0.770607 0.527071 5 0.0
0.678807 0.759066 0.441449 5 0.0
0.607665 0.785625 0.399697 5 0.0
0.727005 0.908377 0.472387 12 0.0
0.712839 0.919973 0.463237 12 0.0
0.716471 0.91585 0.498167 12 0.0
0.741171 0.896782 0.481536 12 0.0
0.737539 0.900905 0.446606 12 0.0
0.73503 0.689865 0.427711 10 0.0
0.718484 0.712533 0.38717 10 0.0
0.697102 0.730701 0.466023 10 0.0
0.751575 0.667196 0.468252 10 0.0
0.772957 0.649028 0.389398 10 0.0
0.643691 0.065836 0.699055 5 0.0
0.417628 0.98757 0.536656 12 0.0
0.132277 0.366052 0.305432 12 0.0
0.812606 0.471307 0.281853 8 0.0
0.13004 0.355541 0.341069 12 0.0
0.128262 0.335582 0.303838 12 1e-06
0.383311 0.743288 0.24652 7 0.907449
0.403388 0.879841 0.332378 8 6e-06
0.407685 0.880211 0.309211 8 6e-06
0.417821 0.884827 0.335135 8 6e-06
0.39909 0.879471 0.355544 8 6e-06
0.388955 0.874855 0.329621 8 6e-06
0.639464 0.944229 0.623459 12 0.0
0.621051 0.951188 0.615441 12 0.0
0.627816 0.949639 0.654902 12 0.0
0.657878 0.937269 0.631478 12 0.0
0.651112 0.938818 0.592016 12 0.0
0.13348 0.218969 0.714374 10 0.0
0.842462 0.741791 0.345349 12 0.0
0.839696 0.754623 0.315343 12 0.0
0.836144 0.761002 0.354147 12 0.0
0.845228 0.728958 0.375356 12 0.0
0.84878 0.72258 0.336551 12 0.0
0.190551 0.822336 0.390184 15 0.0
0.198327 0.835483 0.39049 15 0.0
0.189629 0.82185 0.434459 15 0.0
0.182775 0.809189 0.389878 15 0.0
0.191473 0.822821 0.345909 15 0.0
0.424026 0.987923 0.308078 9 0.001865
0.405813 0.984226 0.302441 9 0.001865
0.418441 0.985964 0.327403 9 0.001865
0.442238 0.991619 0.313716 9 0.001865
0.42961 0.989882 0.288753 9 0.001865
0.238008 0.880004 0.63136 6 0.0
0.256088 0.899339 0.636041 6 0.0
0.23329 0.875106 0.66981 6 0.0
0.219929 0.86067 0.626678 6 0.0
0.242727 0.884903 0.592909 6 0.0
0.687055 0.75385 0.644695 9 0.0
0.681047 0.762301 0.666894 9 0.0
0.71729 0.708214 0.670251 9 0.0
0.693063 0.745398 0.622495 9 0.0
0.656819 0.799485 0.619139 9 0.0
0.739883 0.907104 0.2492 13 0.999466
0.546833 0.989431 0.746986 3 0.79226
0.589781 0.076669 0.244244 13 0.0
0.407437 0.982974 0.585102 12 0.0
0.423397 0.98746 0.585612 12 0.0
0.40581 0.983341 0.632853 12 0.0
0.391477 0.978489 0.584593 12 0.0
0.409064 0.982607 0.537351 12 0.0
0.320715 0.941957 0.466907 12 0.0
0.345604 0.955926 0.466727 12 0.0
0.320875 0.94256 0.536095 12 0.0
0.295827 0.927987 0.467086 12 0.0
0.320555 0.941353 0.397718 12 0.0
0.865225 0.05042 0.534782 12 0.0
0.749868 0.894229 0.350758 12 0.0
0.735238 0.907923 0.350445 12 0.0
0.748583 0.893638 0.384948 12 0.0
0.764499 0.880536 0.351071 12 0.0
0.751153 0.894821 0.316569 12 0.0
0.856694 0.676627 0.558814 12 0.0
0.856926 0.683592 0.503598 12 0.0
0.853698 0.698435 0.561552 12 0.0
0.856462 0.669661 0.614029 12 0.0
0.85969 0.654818 0.556075 12 0.0
0.723331 0.874243 0.475463 12 0.0
0.706713 0.88881 0.459655 12 0.0
0.703492 0.89362 0.514174 12 0.0
0.739949 0.859675 0.491271 12 0.0
0.74317 0.854865 0.436752 12 0.0
0.244787 0.885579 0.251945 13 0.992707
0.837007 0.721216 0.74693 3 1e-05
0.18427 0.631429 0.414334 12 0.0
0.188114 0.65517 0.430928 12 0.0
0.188532 0.595711 0.464449 12 0.0
0.180426 0.607688 0.397741 12 0.0
0.180009 0.667147 0.36422 12 0.0
0.865509 0.030738 0.483061 12 0.0
0.28621 0.030461 0.750452 3 0.0
0.329654 0.920649 0.615751 6 0.0
0.355048 0.934228 0.597543 6 0.0
0.342507 0.926696 0.638186 6 0.0
0.30426 0.90707 0.63396 6 0.0
0.3168 0.914603 0.593316 6 0.0
0.142889 0.559028 0.713571 12 0.0
0.210876 0.847651 0.280807 12 0.986433
0.612538 0.956878 0.537383 12 0.0
0.593527 0.96343 0.544191 12 0.0
0.621743 0.9514 0.568355 12 0.0
0.631549 0.950326 0.530574 12 0.0
0.603333 0.962355 0.50641 12 0.0
0.733043 0.910315 0.719707 12 0.0
0.714824 0.925321 0.717014 12 0.0
0.7322 0.911369 0.731282 12 0.0
0.751261 0.895309 0.722399 12 0.0
0.733885 0.909261 0.708131 12 0.0
0.655225 0.950368 0.330459 12 1e-06
0.63219 0.962815 0.330499 12 1e-06
0.654469 0.948895 0.353746 12 1e-06
0.678259 0.93792 0.330419 12 1e-06
0.65598 0.951841 0.307173 12 1e-06
0.805658 0.742085 0.457589 12 0.0
0.789862 0.769322 0.430187 12 0.0
0.795866 0.765336 0.486346 12 0.0
0.821454 0.714847 0.484991 12 0.0
0.815451 0.718833 0.428832 12 0.0
0.698427 0.899217 0.745941 3 0.0
0.159575 0.746619 0.525676 12 0.0
0.165869 0.76519 0.531819 12 0.0
0.15608 0.735217 0.563728 12 0.0
0.15328 0.728049 0.519534 12 0.0
0.163069 0.758022 0.487625 12 0.0
0.16567 0.252378 0.244937 13 0.000428
0.263402 0.898941 0.472617 12 0.0
0.266499 0.901894 0.444182 12 0.0
0.27655 0.910569 0.475257 12 0.0
0.260305 0.895988 0.501053 12 0.0
0.250254 0.887312 0.469978 12 0.0
0.13365 0.176032 0.728715 12 0.0
0.178333 0.793519 0.555941 12 0.0
0.189085 0.81328 0.555549 12 0.0
0.178324 0.794688 0.614617 12 0.0
0.16758 0.773757 0.556333 12 0.0
0.178341 0.792349 0.497265 12 0.0
0.855482 0.002567 0.251763 13 0.80067
0.143958 0.459597 0.732324 3 0.002692
0.827491 0.786158 0.336001 16 0.0
0.819429 0.803725 0.335898 16 0.0
0.826371 0.785795 0.361697 16 0.0
0.835552 0.768591 0.336105 16 0.0
0.828611 0.786521 0.310306 16 0.0
0.859971 0.058777 0.249487 13 0.997803
0.156126 0.59463 0.728554 10 0.0
0.583817 0.986429 0.371787 12 0.0
0.571286 0.988945 0.373688 12 0.0
0.588024 0.98769 0.397849 12 0.0
0.596348 0.983912 0.369886 12 0.0
0.579611 0.985168 0.345726 12 0.0
0.534955 0.005686 0.751178 3 0.999752
0.716978 0.014849 0.73291 1 0.998747
0.131286 0.387771 0.306878 12 1e-06
0.333246 0.021898 0.314795 1 0.011747
0.482374 0.979515 0.452755 12 0.0
0.465098 0.004366 0.305452 1 2.5e-05
0.281366 -0.001984 0.686456 1 0.0
0.235494 -0.002377 0.691603 1 0.0
0.283675 -0.001467 0.70708 1 0.0
0.327238 -0.001591 0.68131 1 0.0
0.279057 -0.002501 0.665832 1 0.0
0.859282 0.639093 0.499305 12 0.0
0.856668 0.671582 0.499721 12 0.0
0.860229 0.638163 0.577966 12 0.0
0.861895 0.606604 0.498889 12 0.0
0.858334 0.640024 0.420644 12 0.0
0.550196 -0.000576 0.726312 1 0.0
0.677468 0.019596 0.24839 13 0.0
0.194555 0.687 0.354967 8 0.0
0.194032 0.714247 0.364345 8 0.0
0.197632 0.67527 0.389221 8 0.0
0.195077 0.659754 0.34559 8 0.0
0.191478 0.69873 0.320713 8 0.0
0.144651 0.043591 0.249484 13 0.001316
0.458528 0.025032 0.631837 5 0.0
0.486823 0.024453 0.637836 5 0.0
0.458084 0.014836 0.632947 5 0.0
0.430234 0.025611 0.625838 5 0.0
0.458972 0.035228 0.630727 5 0.0
0.18379 0.781191 0.749452 3 7e-06
0.13537 0.364873 0.694624 12 0.0
0.146698 0.001606 0.544257 1 0.0
0.675525 0.436372 0.746023 7 0.988872
0.865967 0.022864 0.307593 12 0.0
0.866098 0.031828 0.306636 12 0.0
0.866685 0.025098 0.32863 12 0.0
0.865836 0.0139 0.308549 12 0.0
0.865249 0.02063 0.286556 12 0.0
0.801188 0.804522 0.542374 12 0.0
0.79003 0.821134 0.526187 12 0.0
0.791651 0.818914 0.563717 12 0.0
0.812345 0.787911 0.558561 12 0.0
0.810724 0.79013 0.521031 12 0.0
0.861249 0.5999 0.400686 12 0.0
0.858197 0.642186 0.415723 12 0.0
0.862704 0.584029 0.44561 12 0.0
0.8643 0.557615 0.385648 12 0.0
0.859794 0.615771 0.355761 12 0.0
0.67829 0.93793 0.491655 12 0.0
0.510975 0.005586 0.356635 5 0.999994
0.616171 0.736837 0.703166 7 0.0
0.592282 0.756886 0.702241 7 0.0
0.616306 0.737752 0.71953 7 0.0
0.640061 0.716787 0.70409 7 0.0
0.616037 0.735922 0.686801 7 0.0
0.222522 0.852378 0.409635 12 0.0
0.235541 0.86837 0.408502 12 0.0
0.22414 0.853763 0.447762 12 0.0
0.209503 0.836386 0.410768 12 0.0
0.220904 0.850993 0.371508 12 0.0
0.318166 0.941908 0.551979 12 0.0
0.335279 0.952868 0.548234 12 0.0
0.329153 0.946552 0.615789 12 0.0
0.301053 0.930947 0.555723 12 0.0
0.307179 0.937263 0.488169 12 0.0
0.8584 0.13209 0.254202 13 0.999998
0.15945 0.000578 0.551361 1 0.0
0.851829 0.005491 0.504851 1 0.995938
0.586989 0.01664 0.750985 3 0.0
0.494403 0.776363 0.725437 7 0.0
0.466237 0.774318 0.726721 7 0.0
0.494919 0.775461 0.73532 7 0.0
0.52257 0.778407 0.724152 7 0.0
0.493887 0.777265 0.715553 7 0.0
0.606748 0.744704 0.741245 7 0.013989
0.270265 0.881212 0.364862 12 0.0
0.286609 0.894639 0.357453 12 0.0
0.279491 0.886969 0.395641 12 0.0
0.253922 0.867786 0.372272 12 0.0
0.26104 0.875456 0.334084 12 0.0
0.294545 0.914848 0.431042 12 0.0
0.317327 0.931997 0.487614 12 0.0
0.276028 0.902547 0.442227 12 0.0
0.271764 0.897699 0.374469 12 0.0
0.313062 0.927149 0.419856 12 0.0
0.151516 0.715279 0.527613 12 0.0
0.156737 0.73553 0.535698 12 0.0
0.148442 0.704015 0.557809 12 0.0
0.146295 0.695029 0.519528 12 0.0
0.154589 0.726543 0.497417 12 0.0
0.158194 0.320782 0.743374 3 0.0
0.289372 0.514923 0.243063 14 0.999123
0.274518 0.493661 0.753256 3 0.006114
0.284488 0.889811 0.333951 12 7e-06
0.310272 0.906295 0.35338 12 7e-06
0.277703 0.88396 0.34792 12 7e-06
0.258705 0.873326 0.314522 12 7e-06
0.291274 0.895661 0.319982 12 7e-06
0.583374 0.342985 0.753697 7 0.591992
0.347733 0.925266 0.617014 6 0.0
0.367023 0.938862 0.607146 6 0.0
0.370015 0.924606 0.659661 6 0.0
0.328444 0.91167 0.626881 6 0.0
0.325452 0.925926 0.574367 6 0.0
0.686029 0.453349 0.753635 7 0.999995
0.134762 0.16436 0.729804 12 0.0
0.576769 0.960661 0.41136 12 0.0
0.561301 0.964331 0.403103 12 0.0
0.561797 0.95976 0.439006 12 0.0
0.592236 0.956991 0.419617 12 0.0
0.591741 0.961563 0.383714 12 0.0
0.286058 0.0614 0.751085 3 0.0
0.284571 0.081276 0.751638 3 0.0
0.334677 0.065011 0.75207 3 0.0
0.287546 0.041524 0.750531 3 0.0
0.23744 0.05779 0.750099 3 0.0
0.295122 0.803346 0.742026 3 0.0
0.337911 0.855073 0.742099 3 0.0
0.272952 0.821687 0.740873 3 0.0
0.252333 0.75162 0.741952 3 0.0
0.317291 0.785006 0.743179 3 0.0
0.712331 0.595886 0.248815 7 0.999823
0.647739 0.772043 0.729632 3 0.0
0.226094 0.852804 0.405128 12 0.0
0.843222 0.470833 0.253655 13 0.000125
0.295004 0.482877 0.243526 14 0.985464
0.289487 0.000632 0.749966 3 0.999996
0.74719 0.001198 0.253231 13 0.999616
0.433884 0.968358 0.501353 12 0.0
0.800871 0.822983 0.249152 11 0.13238
0.672927 0.939114 0.559241 12 0.0
0.657596 0.947448 0.552454 12 0.0
0.662383 0.945076 0.590375 12 0.0
0.688257 0.930781 0.566028 12 0.0
0.68347 0.933153 0.528106 12 0.0
0.140308 0.339982 0.739344 3 0.0
0.816225 0.760258 0.443829 12 0.0
0.811496 0.767317 0.413782 12 0.0
0.807409 0.780098 0.449878 12 0.0
0.820953 0.753199 0.473877 12 0.0
0.82504 0.740418 0.437781 12 0.0
0.378276 0.964302 0.672098 12 0.0
0.379668 0.966261 0.696874 12 0.0
0.351381 0.955083 0.674338 12 0.0
0.376884 0.962343 0.647322 12 0.0
0.40517 0.973521 0.669858 12 0.0
0.185722 0.804614 0.376839 12 0.0
0.19628 0.824029 0.375313 12 0.0
0.188507 0.806309 0.417691 12 0.0
0.175164 0.785199 0.378364 12 0.0
0.182937 0.802919 0.335987 12 0.0
0.442362 0.989664 0.535583 12 0.0
0.427592 0.986604 0.533848 12 0.0
0.437396 0.989262 0.578569 12 0.0
0.457132 0.992723 0.537317 12 0.0
0.447328 0.990066 0.492596 12 0.0
0.838578 0.517999 0.252874 13 6e-06
0.718745 0.915747 0.633285 12 0.0
0.699869 0.93045 0.638071 12 0.0
0.725403 0.912177 0.670512 12 0.0
0.737621 0.901044 0.628499 12 0.0
0.712087 0.919317 0.596058 12 0.0
0.768971 0.826907 0.650168 9 1e-06
0.753257 0.849218 0.669843 9 1e-06
0.780165 0.816154 0.671303 9 1e-06
0.784684 0.804596 0.630493 9 1e-06
0.757777 0.837661 0.629034 9 1e-06
0.205351 0.842879 0.284886 12 0.000205
0.221188 0.865206 0.28079 12 0.000205
0.206317 0.844446 0.297164 12 0.000205
0.189514 0.820552 0.288982 12 0.000205
0.204385 0.841311 0.272609 12 0.000205
0.434004 0.988455 0.661944 12 0.0
0.453664 0.992089 0.663756 12 0.0
0.431278 0.988828 0.690776 12 0.0
0.414345 0.984821 0.660132 12 0.0
0.436731 0.988082 0.633112 12 0.0
0.179399 0.794212 0.671812 10 0.0
0.186088 0.810649 0.694746 10 0.0
0.171194 0.780527 0.684014 10 0.0
0.17271 0.777776 0.648878 10 0.0
0.187604 0.807898 0.659611 10 0.0
0.839902 0.716367 0.596969 12 0.0
0.836103 0.721194 0.549386 12 0.0
0.834812 0.737789 0.599548 12 0.0
0.843702 0.711539 0.644552 12 0.0
0.844993 0.694945 0.594389 12 0.0
0.372316 0.969002 0.296011 12 7.2e-05
0.372745 0.969706 0.279479 12 7.2e-05
0.397165 0.978153 0.297047 12 7.2e-05
0.371886 0.968297 0.312544 12 7.2e-05
0.347466 0.95985 0.294976 12 7.2e-05
0.33234 0.951472 0.441503 12 0.0
0.348863 0.959308 0.436376 12 0.0
0.341044 0.957874 0.479336 12 0.0
0.315818 0.943636 0.44663 12 0.0
0.323637 0.945071 0.403669 12 0.0
0.657344 0.953372 0.637849 12 0.0
0.63823 0.962047 0.630277 12 0.0
0.646711 0.959438 0.671639 12 0.0
0.676459 0.944696 0.645421 12 0.0
0.667977 0.947306 0.604058 12 0.0
0.293416 0.910947 0.748088 3 6.4e-05
0.815694 0.769938 0.550522 12 0.0
0.805008 0.790902 0.536411 12 0.0
0.807741 0.785318 0.579394 12 0.0
0.826379 0.748973 0.564634 12 0.0
0.823646 0.754557 0.521651 12 0.0
0.509088 0.994428 0.691849 12 0.0
0.525064 0.993957 0.683719 12 0.0
0.518295 0.995679 0.709868 12 0.0
0.493113 0.994898 0.699979 12 0.0
0.499881 0.993176 0.67383 12 0.0
0.800268 0.820337 0.557245 12 0.0
0.786694 0.840675 0.561129 12 0.0
0.802398 0.816795 0.583236 12 0.0
0.813842 0.799999 0.553361 12 0.0
0.798138 0.823879 0.531254 12 0.0
0.2652 0.015319 0.75034 3 0.0
0.786908 0.854698 0.397422 12 0.0
0.775789 0.869328 0.398074 12 0.0
0.787492 0.853035 0.444648 12 0.0
0.798026 0.840069 0.396769 12 0.0
0.786323 0.856361 0.350195 12 0.0
0.514841 0.99547 0.251603 13 0.999999
0.21614 0.857839 0.749664 3 0.991694
0.24562 0.885397 0.698572 6 0.0
0.262641 0.902483 0.699086 6 0.0
0.243687 0.886786 0.716438 6 0.0
0.2286 0.868312 0.698058 6 0.0
0.247554 0.884009 0.680706 6 0.0
0.683164 0.944703 0.302183 9 5e-06
0.664552 0.955554 0.302283 9 5e-06
0.683455 0.945035 0.320159 9 5e-06
0.701776 0.933853 0.302082 9 5e-06
0.682873 0.944372 0.284206 9 5e-06
0.857758 0.650504 0.542802 12 0.0
0.855451 0.665262 0.48991 12 0.0
0.853797 0.682464 0.551892 12 0.0
0.860065 0.635746 0.595695 12 0.0
0.861719 0.618544 0.533712 12 0.0
0.248887 0.858882 0.252178 13 7e-06
0.268596 0.856752 0.742538 3 0.0
0.154614 0.733429 0.501616 12 0.0
0.161419 0.756522 0.501931 12 0.0
0.155411 0.732168 0.576776 12 0.0
0.147809 0.710335 0.501301 12 0.0
0.153817 0.734689 0.426455 12 0.0
0.310275 0.940571 0.582069 12 0.0
0.328187 0.951316 0.581041 12 0.0
0.311734 0.943225 0.635235 12 0.0
0.292363 0.929827 0.583097 12 0.0
0.308816 0.937918 0.528903 12 0.0
0.139884 0.672535 0.272658 12 0.135498
0.248189 0.893518 0.252182 13 0.772968
0.785016 0.861223 0.257399 13 0.999978
0.665124 0.954803 0.40673 12 0.0
0.645401 0.964369 0.406637 12 0.0
0.665003 0.955058 0.458631 12 0.0
0.684847 0.945237 0.406823 12 0.0
0.665245 0.954548 0.354828 12 0.0
0.750418 0.856338 0.748873 3 0.0
0.816078 0.774754 0.478165 12 0.0
0.805792 0.794622 0.464883 12 0.0
0.808634 0.788194 0.504036 12 0.0
0.826364 0.754885 0.491448 12 0.0
0.823523 0.761313 0.452295 12 0.0
0.606048 0.963166 0.746046 3 0.077893
0.828838 0.274068 0.748353 3 0.0
0.647514 0.002122 0.470318 5 1.0
0.384519 0.063553 0.750937 3 0.0
0.249079 0.891605 0.249993 13 1.0
0.618855 0.97228 0.623819 12 0.0
0.599724 0.978639 0.61867 12 0.0
0.609353 0.976567 0.664412 12 0.0
0.637986 0.965921 0.628969 12 0.0
0.628356 0.967994 0.583227 12 0.0
0.832815 0.768343 0.407909 10 0.0
0.824214 0.788233 0.408188 10 0.0
0.834498 0.768478 0.450097 10 0.0
0.841416 0.748453 0.407629 10 0.0
0.831133 0.768208 0.36572 10 0.0
0.866616 0.021675 0.45517 12 1e-06
0.554322 0.986002 0.439213 12 0.0
0.538674 0.98889 0.440769 12 0.0
0.559194 0.984029 0.491853 12 0.0
0.56997 0.983114 0.437656 12 0.0
0.549449 0.987975 0.386572 12 0.0
0.134373 0.307497 0.72398 12 0.0
0.585367 0.985229 0.57568 12 0.0
0.568493 0.988933 0.577341 12 0.0
0.589998 0.982768 0.628191 12 0.0
0.602241 0.981525 0.574018 12 0.0
0.580736 0.98769 0.523169 12 0.0
0.357285 0.002406 0.483282 5 0.999997
0.140362 0.027241 0.247547 13 1.0
0.136379 0.026691 0.249339 13 1.0
0.142392 0.014814 0.24824 13 1.0
0.144345 0.027792 0.245756 13 1.0
0.138332 0.039668 0.246854 13 1.0
0.824581 0.007638 0.245499 13 0.998968
0.416388 0.022419 0.748975 3 0.0
0.325364 0.94995 0.308723 12 8.1e-05
0.329474 0.953234 0.289628 12 8.1e-05
0.343417 0.959468 0.314245 12 8.1e-05
0.321254 0.946667 0.327817 12 8.1e-05
0.307311 0.940432 0.3032 12 8.1e-05
0.827457 0.174149 0.7493 3 0.000576
0.158665 0.740622 0.413494 12 0.0
0.166172 0.763941 0.415002 12 0.0
0.159093 0.737044 0.4667 12 0.0
0.151158 0.717302 0.411987 12 0.0
0.158237 0.744199 0.360288 12 0.0
0.834018 0.705615 0.734638 3 2.2e-05
0.582496 0.983545 0.41228 12 0.0
0.567133 0.986374 0.410512 12 0.0
0.579438 0.982892 0.437803 12 0.0
0.59786 0.980717 0.414049 12 0.0
0.585554 0.984199 0.386758 12 0.0
0.752093 0.870233 0.250342 13 0.000825
0.556822 0.013857 0.752874 3 1e-06
0.18305 0.781316 0.746026 3 0.998929
0.624685 7.1e-05 0.389992 1 0.034593
0.16564 0.016697 0.690151 1 0.0
0.17366 0.016792 0.693107 1 0.0
0.158487 0.011614 0.709725 1 0.0
0.15762 0.016601 0.687195 1 0.0
0.172794 0.021779 0.670577 1 0.0
0.663149 0.426399 0.736512 7 0.000115
0.819383 0.807285 0.630259 12 0.0
0.811892 0.821571 0.616615 12 0.0
0.811777 0.820669 0.648449 12 0.0
0.826874 0.792999 0.643902 12 0.0
0.826989 0.793901 0.612068 12 0.0
0.60586 0.979544 0.689746 12 0.0
0.588164 0.984629 0.681113 12 0.0
0.597628 0.982745 0.708507 12 0.0
0.623556 0.974458 0.698379 12 0.0
0.614093 0.976342 0.670985 12 0.0
0.815687 0.701553 0.293646 9 0.999945
0.551435 0.970246 0.746594 3 1e-06
0.392778 0.747643 0.738111 7 1e-06
0.388632 0.972216 0.512767 12 0.0
0.413409 0.97948 0.516432 12 0.0
0.383564 0.970241 0.550946 12 0.0
0.363855 0.964953 0.509103 12 0.0
0.3937 0.974192 0.474589 12 0.0
0.858201 0.616942 0.417455 12 0.0
0.855052 0.652522 0.435859 12 0.0
0.860957 0.590336 0.469363 12 0.0
0.861349 0.581362 0.39905 12 0.0
0.855444 0.643548 0.365547 12 0.0
0.409653 0.042621 0.750096 3 0.0
0.82556 0.381389 0.747878 3 0.0
0.220876 0.854987 0.422436 12 0.0
0.232557 0.868949 0.420613 12 0.0
0.223798 0.857866 0.463205 12 0.0
0.209195 0.841024 0.42426 12 0.0
0.217953 0.852108 0.381668 12 0.0
0.550328 0.987421 0.248595 13 0.931998
0.581755 0.032582 0.752378 3 0.0
0.73415 0.905613 0.528428 12 0.0
0.719832 0.917878 0.531264 12 0.0
0.739157 0.901683 0.570695 12 0.0
0.748467 0.893348 0.525591 12 0.0
0.729142 0.909543 0.48616 12 0.0
0.148021 0.704623 0.571352 12 0.0
0.153036 0.729501 0.571798 12 0.0
0.146909 0.703831 0.627982 12 0.0
0.143005 0.679745 0.570905 12 0.0
0.149132 0.705414 0.514721 12 0.0
0.711408 0.010984 0.750909 3 0.001501
0.14026 0.38615 0.715235 12 0.0
0.867185 0.210512 0.680156 12 0.0
0.867523 0.276758 0.682712 12 0.0
0.866921 0.209644 0.702684 12 0.0
0.866846 0.144265 0.6776 12 0.0
0.867448 0.211379 0.657628 12 0.0
0.516899 0.345734 0.753215 7 1.0
0.281892 0.920008 0.384547 12 0.0
0.295037 0.930706 0.402402 12 0.0
0.269827 0.910738 0.398983 12 0.0
0.268748 0.909309 0.366691 12 0.0
0.293957 0.929278 0.37011 12 0.0
0.292724 0.59748 0.745842 7 0.997453
0.573185 0.358055 0.752438 11 1.0
0.339493 0.93449 0.559349 12 0.0
0.35964 0.947831 0.548329 12 0.0
0.352739 0.937736 0.587497 12 0.0
0.319346 0.92115 0.570368 12 0.0
0.326247 0.931244 0.531201 12 0.0
0.473821 0.770316 0.260902 7 0.999998
0.706497 0.90041 0.552864 12 2e-06
0.631893 0.724733 0.738448 7 0.0
0.865776 0.348943 0.70093 12 0.0
0.681447 0.943091 0.476593 12 0.0
0.665551 0.951852 0.476367 12 0.0
0.680584 0.94249 0.514031 12 0.0
0.697343 0.934329 0.476819 12 0.0
0.68231 0.943691 0.439155 12 0.0
0.131495 0.204582 0.667581 12 0.0
0.130668 0.267786 0.65958 12 0.0
0.131763 0.207925 0.693956 12 0.0
0.132321 0.141379 0.675581 12 0.0
0.131226 0.20124 0.641205 12 0.0
0.314825 0.940336 0.555974 12 0.0
0.33326 0.951854 0.553534 12 0.0
0.321844 0.942441 0.618931 12 0.0
0.296389 0.928819 0.558414 12 0.0
0.307806 0.938232 0.493017 12 0.0
0.846503 0.283399 0.750532 3 1e-06
0.333142 0.948629 0.469089 12 0.0
0.653505 0.403493 0.749104 7 0.996518
0.204893 -0.001275 0.572828 1 0.0
0.228264 -0.00166 0.573309 1 0.0
0.203748 -0.00109 0.628585 1 0.0
0.181522 -0.000889 0.572346 1 0.0
0.206039 -0.001459 0.517071 1 0.0
0.131308 0.271923 0.633047 12 0.0
0.13089 0.271709 0.595511 12 0.0
0.130334 0.354957 0.632584 12 0.0
0.131725 0.272138 0.670584 12 0.0
0.132281 0.18889 0.63351 12 0.0
0.83635 0.340329 0.745805 4 1e-06
0.167548 0.460924 0.263381 13 0.975641
0.824821 0.33088 0.746665 3 0.0
0.792027 0.847714 0.477068 12 0.0
0.785359 0.857188 0.476241 12 0.0
0.789635 0.848585 0.506332 12 0.0
0.798696 0.838241 0.477895 12 0.0
0.79442 0.846844 0.447803 12 0.0
0.838597 0.750765 0.362547 12 0.0
0.829994 0.775167 0.364592 12 0.0
0.838634 0.7478 0.398075 12 0.0
0.8472 0.726363 0.360502 12 0.0
0.838561 0.75373 0.32702 12 0.0
0.132209 0.235412 0.281104 12 0.012707
0.351273 0.958642 0.379111 12 0.0
0.36549 0.966335 0.352113 12 0.0
0.366578 0.966213 0.389328 12 0.0
0.337055 0.950948 0.406109 12 0.0
0.335968 0.951071 0.368894 12 0.0
0.6747 0.914939 0.583208 12 0.0
0.653059 0.92781 0.573592 12 0.0
0.661996 0.922169 0.621473 12 0.0
0.69634 0.902068 0.592824 12 0.0
0.687403 0.90771 0.544943 12 0.0
0.212494 0.844083 0.734789 6 0.000113
0.197477 0.825971 0.361609 12 0.0
0.210701 0.84649 0.358133 12 0.0
0.20077 0.830035 0.398127 12 0.0
0.184252 0.805451 0.365085 12 0.0
0.194184 0.821907 0.32509 12 0.0
0.265591 0.88066 0.62858 6 0.0
0.28738 0.90672 0.633419 6 0.0
0.263033 0.879172 0.648105 6 0.0
0.243802 0.854599 0.623741 6 0.0
0.268149 0.882147 0.609055 6 0.0
0.684233 0.833145 0.607363 11 2.1e-05
0.647768 0.848322 0.6206 11 2.1e-05
0.686372 0.802653 0.648216 11 2.1e-05
0.720698 0.817967 0.594126 11 2.1e-05
0.682094 0.863636 0.56651 11 2.1e-05
0.278196 0.904531 0.55841 6 0.0
0.303301 0.925512 0.568997 6 0.0
0.262201 0.893572 0.618055 6 0.0
0.253091 0.88355 0.547822 6 0.0
0.294191 0.91549 0.498764 6 0.0
0.438384 0.022122 0.250526 13 0.000969
0.849958 0.715773 0.664115 12 0.0
0.848604 0.726713 0.638556 12 0.0
0.843618 0.73621 0.673198 12 0.0
0.851312 0.704834 0.689673 12 0.0
0.856297 0.695337 0.655032 12 0.0
0.364912 0.966577 0.345556 12 0.0
0.369321 0.968121 0.315013 12 0.0
0.384602 0.974066 0.348776 12 0.0
0.360503 0.965033 0.376098 12 0.0
0.345223 0.959087 0.342335 12 0.0
0.321737 0.926778 0.438569 12 0.0
0.341487 0.935682 0.430771 12 0.0
0.334398 0.931961 0.476553 12 0.0
0.301987 0.917875 0.446367 12 0.0
0.309076 0.921596 0.400584 12 0.0
0.824028 0.786372 0.524664 12 0.0
0.816933 0.801824 0.511842 12 0.0
0.817502 0.801012 0.545918 12 0.0
0.831122 0.770919 0.537487 12 0.0
0.830554 0.771731 0.503411 12 0.0
0.278294 0.897896 0.370823 12 0.0
0.29395 0.910956 0.393237 12 0.0
0.265438 0.887846 0.385657 12 0.0
0.262638 0.884837 0.348409 12 0.0
0.291149 0.907946 0.355988 12 0.0
0.733109 0.906029 0.551027 12 0.0
0.71854 0.918123 0.552329 12 0.0
0.735539 0.903472 0.602001 12 0.0
0.747678 0.893935 0.549726 12 0.0
0.730678 0.908586 0.500054 12 0.0
0.764142 0.882058 0.697608 12 0.0
0.758427 0.889356 0.708349 12 0.0
0.776248 0.869427 0.712632 12 0.0
0.769858 0.87476 0.686868 12 0.0
0.752037 0.894689 0.682584 12 0.0
0.799241 0.834239 0.383313 12 0.0
0.786595 0.853066 0.383573 12 0.0
0.799266 0.8337 0.423619 12 0.0
0.811887 0.815412 0.383054 12 0.0
0.799215 0.834777 0.343008 12 0.0
0.745837 0.896628 0.469305 12 0.0
0.733584 0.907599 0.457558 12 0.0
0.736502 0.905651 0.487468 12 0.0
0.758089 0.885658 0.481051 12 0.0
0.755172 0.887605 0.451141 12 0.0
0.149057 0.703799 0.453707 12 0.0
0.154035 0.725587 0.462839 12 0.0
0.146056 0.688598 0.491612 12 0.0
0.144078 0.682012 0.444575 12 0.0
0.152057 0.719001 0.415802 12 0.0
0.317802 0.943628 0.550048 15 0.0
0.33748 0.95472 0.547769 15 0.0
0.323016 0.947344 0.613146 15 0.0
0.298125 0.932536 0.552328 15 0.0
0.312589 0.939913 0.486951 15 0.0
0.648359 0.961332 0.559697 12 0.0
0.632088 0.968002 0.559107 12 0.0
0.646645 0.961938 0.613793 12 0.0
0.664629 0.954662 0.560287 12 0.0
0.650072 0.960726 0.505601 12 0.0
0.625152 0.950638 0.340344 12 0.000312
0.602545 0.959539 0.341604 12 0.000312
0.626365 0.950232 0.364974 12 0.000312
0.64776 0.941738 0.339084 12 0.000312
0.62394 0.951044 0.315714 12 0.000312
0.735478 0.858583 0.747198 3 0.0
0.826581 0.782461 0.480417 12 0.0
0.818541 0.798313 0.466026 12 0.0
0.81912 0.797699 0.501369 12 0.0
0.834621 0.76661 0.494809 12 0.0
0.834043 0.767224 0.459466 12 0.0
0.866091 0.014742 0.657516 12 5.6e-05
0.850299 0.726298 0.414405 12 0.0
0.845136 0.745518 0.413041 12 0.0
0.84859 0.729489 0.465812 12 0.0
0.855462 0.707079 0.41577 12 0.0
0.852008 0.723108 0.362999 12 0.0
0.150876 0.716276 0.597686 12 0.0
0.156613 0.738504 0.604263 12 0.0
0.148576 0.706562 0.63252 12 0.0
0.145139 0.694048 0.591109 12 0.0
0.153176 0.72599 0.562851 12 0.0
0.783132 0.207466 0.750423 3 0.0
0.781535 0.269211 0.751381 3 0.0
0.755833 0.206757 0.750565 3 0.0
0.784729 0.145721 0.749465 3 0.0
0.810431 0.208174 0.75028 3 0.0
0.803248 0.069143 0.383342 12 0.0
0.806683 0.08832 0.390555 12 0.0
0.792331 0.0561 0.423221 12 0.0
0.799813 0.049966 0.376129 12 0.0
0.814165 0.082187 0.343463 12 0.0
0.864883 0.018992 0.50724 12 0.0
0.236861 0.000414 0.732049 1 1.3e-05
0.850404 0.72134 0.24595 13 0.999986
0.70541 0.002318 0.25341 1 0.999999
0.586179 0.002267 0.268516 1 0.971319
0.189455 0.24191 0.746807 3 0.0
0.191199 0.772152 0.750518 3 0.0
0.739951 0.904482 0.250424 13 1.0
0.592701 0.975106 0.745862 3 0.50956
0.857682 0.647817 0.389571 12 0.0
0.853458 0.680825 0.399565 12 0.0
0.858191 0.634685 0.433159 12 0.0
0.861905 0.614809 0.379577 12 0.0
0.857172 0.660949 0.345984 12 0.0
0.438433 0.033113 0.655188 5 0.0
0.805236 0.000261 0.483482 1 0.0
0.254495 0.004225 0.263466 1 0.450847
0.550594 0.014019 0.63068 5 0.0
0.193782 0.496414 0.754642 3 0.0
0.133557 0.192725 0.724834 10 0.0
0.229329 0.854151 0.530535 6 0.0
0.23417 0.861515 0.50762 6 0.0
0.239864 0.86581 0.536508 6 0.0
0.224488 0.846787 0.553451 6 0.0
0.218794 0.842491 0.524563 6 0.0
0.140756 0.651099 0.500545 12 0.0
0.14471 0.682316 0.506317 12 0.0
0.138944 0.637049 0.577768 12 0.0
0.136801 0.619881 0.494772 12 0.0
0.142567 0.665148 0.423321 12 0.0
0.516656 0.768891 0.306689 7 0.0
0.515681 0.76987 0.286435 7 0.0
0.482846 0.769671 0.308354 7 0.0
0.517631 0.767912 0.326944 7 0.0
0.550466 0.768111 0.305025 7 0.0
0.175688 0.511153 0.74295 3 0.0
0.229982 0.866756 0.307945 12 0.000142
0.249216 0.89037 0.299197 12 0.000142
0.234095 0.870123 0.326076 12 0.000142
0.210748 0.843142 0.316693 12 0.000142
0.225869 0.863389 0.289814 12 0.000142
0.859175 0.156627 0.252712 13 0.87351
0.558508 0.353511 0.748605 7 0.999938
0.323127 0.935724 0.549831 12 0.0
0.341679 0.944324 0.540295 12 0.0
0.333109 0.940858 0.573881 12 0.0
0.304575 0.927124 0.559367 12 0.0
0.313144 0.93059 0.525781 12 0.0
0.774777 0.337471 0.746318 3 0.0
0.549891 0.002186 0.631402 5 0.999998
0.288982 0.921253 0.495676 12 0.0
0.302713 0.931341 0.487203 12 0.0
0.305078 0.933481 0.53632 12 0.0
0.275251 0.911164 0.504149 12 0.0
0.272885 0.909024 0.455032 12 0.0
0.571377 0.357046 0.727342 7 3e-06
0.238709 0.8476 0.526165 6 0.0
0.254052 0.865639 0.521073 6 0.0
0.24576 0.855304 0.574704 6 0.0
0.223366 0.829561 0.531257 6 0.0
0.231659 0.839896 0.477626 6 0.0
0.282308 0.888502 0.435638 12 0.0
0.30149 0.90167 0.419128 12 0.0
0.312876 0.916921 0.49382 12 0.0
0.263125 0.875334 0.452149 12 0.0
0.251739 0.860083 0.377457 12 0.0
0.512461 0.002183 0.640368 5 0.999998
0.3611 0.007527 0.482185 2 0.141947
0.811996 0.166576 0.749708 3 0.0
0.808029 0.218954 0.75042 3 0.0
0.79432 0.165245 0.74909 3 0.0
0.815963 0.114197 0.748995 3 0.0
0.829672 0.167906 0.750326 3 0.0
0.86234 0.570888 0.729791 12 0.0
0.361493 0.027624 0.24853 13 0.0
0.77536 0.467112 0.749809 3 0.0
0.394748 0.004774 0.6148 2 0.999435
0.61211 0.043159 0.245139 13 0.0
0.70673 0.797579 0.748906 4 0.0
0.667606 0.846977 0.74916 4 0.0
0.682346 0.778273 0.747836 4 0.0
0.745853 0.748181 0.748653 4 0.0
0.731113 0.816886 0.749977 4 0.0
0.437902 0.859997 0.249835 13 0.0
0.429666 0.888727 0.25037 13 0.0
0.357775 0.837027 0.249847 13 0.0
0.446138 0.831268 0.249299 13 0.0
0.518028 0.882967 0.249822 13 0.0
0.352077 0.006124 0.491067 5 0.972923
0.83743 0.303717 0.740087 3 0.002005
0.735516 0.413604 0.246113 13 0.0
0.316732 0.442459 0.753884 7 0.634613
0.863413 0.301528 0.733172 12 0.0
0.613947 -0.000994 0.631761 1 0.0
0.831689 0.006874 0.353922 1 0.0
0.845854 0.007405 0.353553 1 0.0
0.832674 0.005858 0.390302 1 0.0
0.817523 0.006343 0.354291 1 0.0
0.830703 0.00789 0.317542 1 0.0
0.51769 0.084122 0.382422 5 0.0
0.478781 0.083517 0.372729 5 0.0
0.516067 0.113094 0.38713 5 0.0
0.5566 0.084727 0.392115 5 0.0
0.519314 0.055149 0.377713 5 0.0
0.836678 0.519194 0.288575 12 3.9e-05
0.861379 0.116265 0.25226 13 0.95176
0.586999 0.840174 0.266897 13 0.0
0.592305 0.862413 0.268173 13 0.0
0.515533 0.85719 0.267528 13 0.0
0.581693 0.817935 0.265621 13 0.0
0.658465 0.823158 0.266265 13 0.0
0.804897 0.24781 0.730662 4 0.0
0.307325 0.660773 0.249462 14 0.99969
0.285709 0.92332 0.651308 6 0.0
0.299049 0.933474 0.64051 6 0.0
0.295083 0.931336 0.670425 6 0.0
0.27237 0.913166 0.662107 6 0.0
0.276336 0.915304 0.632192 6 0.0
0.571995 0.981307 0.745624 3 0.037645
0.710806 0.92113 0.680529 12 0.0
0.692054 0.936216 0.691403 12 0.0
0.719762 0.917507 0.701 12 0.0
0.729558 0.906044 0.669655 12 0.0
0.70185 0.924753 0.660059 12 0.0
0.34503 0.952907 0.715807 12 0.0
0.342825 0.952925 0.725599 12 0.0
0.321115 0.939796 0.710447 12 0.0
0.347235 0.952888 0.706015 12 0.0
0.368944 0.966017 0.721167 12 0.0
0.433688 0.984822 0.392553 12 0.0
0.411254 0.980494 0.390826 12 0.0
0.430258 0.98457 0.437743 12 0.0
0.456123 0.98915 0.39428 12 0.0
0.437118 0.985073 0.347362 12 0.0
0.172495 0.783276 0.32595 12 0.000249
0.178098 0.79394 0.347414 12 0.000249
0.163088 0.761647 0.339152 12 0.000249
0.166892 0.772612 0.304486 12 0.000249
0.181902 0.804905 0.312749 12 0.000249
0.847854 0.726988 0.402199 12 0.0
0.842856 0.745102 0.385558 12 0.0
0.843331 0.744415 0.422529 12 0.0
0.852853 0.708874 0.418839 12 0.0
0.852378 0.709561 0.381869 12 0.0
0.27377 0.906518 0.588152 6 0.0
0.787551 0.850368 0.695849 12 0.0
0.772447 0.869645 0.708558 12 0.0
0.793067 0.845066 0.710446 12 0.0
0.802656 0.831091 0.68314 12 0.0
0.782036 0.85567 0.681251 12 0.0
0.845679 0.700587 0.677002 12 0.0
0.843587 0.70768 0.661577 12 0.0
0.838201 0.734777 0.693739 12 0.0
0.847772 0.693493 0.692427 12 0.0
0.853158 0.666396 0.660265 12 0.0
0.380521 0.968549 0.293682 9 2e-06
0.383119 0.96887 0.279721 9 2e-06
0.406342 0.977533 0.298696 9 2e-06
0.377922 0.968228 0.307644 9 2e-06
0.3547 0.959565 0.288669 9 2e-06
0.683936 0.942271 0.369905 12 0.0
0.668634 0.951752 0.370214 12 0.0
0.683364 0.940102 0.408132 12 0.0
0.699238 0.932789 0.369596 12 0.0
0.684509 0.944439 0.331677 12 0.0
0.724713 0.903419 0.558484 12 0.0
0.709175 0.915439 0.563543 12 0.0
0.72935 0.897959 0.585704 12 0.0
0.740252 0.891398 0.553426 12 0.0
0.720076 0.908879 0.531265 12 0.0
0.770913 0.872495 0.708575 12 0.0
0.768658 0.876347 0.720793 12 0.0
0.786673 0.854857 0.717045 12 0.0
0.773168 0.868643 0.696357 12 0.0
0.755154 0.890134 0.700105 12 0.0
0.761972 0.823993 0.538347 12 0.0
0.754935 0.835158 0.543558 12 0.0
0.771076 0.809869 0.580904 12 0.0
0.769008 0.812828 0.533136 12 0.0
0.752867 0.838117 0.495791 12 0.0
0.349225 0.077802 0.751318 3 0.0
0.416148 0.078793 0.752571 3 0.0
0.348821 0.103376 0.752723 3 0.0
0.282302 0.076812 0.750066 3 0.0
0.34963 0.052229 0.749914 3 0.0
0.241919 0.88254 0.697731 6 0.0
0.260126 0.901364 0.700349 6 0.0
0.239847 0.88201 0.715948 6 0.0
0.223711 0.863715 0.695113 6 0.0
0.243991 0.883069 0.679514 6 0.0
0.71747 0.89069 0.43655 12 0.0
0.700427 0.902137 0.42401 12 0.0
0.704198 0.900208 0.463277 12 0.0
0.734513 0.879242 0.449089 12 0.0
0.730742 0.881171 0.409822 12 0.0
0.366475 0.948904 0.438657 12 0.0
0.379686 0.95192 0.422876 12 0.0
0.387797 0.957742 0.458195 12 0.0
0.353265 0.945888 0.454438 12 0.0
0.345154 0.940066 0.419119 12 0.0
0.171627 0.025931 0.741075 3 0.0
0.31264 0.939343 0.629672 6 0.0
0.328348 0.950432 0.622525 6 0.0
0.325729 0.945541 0.66806 6 0.0
0.296932 0.928254 0.636818 6 0.0
0.299551 0.933144 0.591284 6 0.0
0.67454 0.949214 0.399968 12 0.0
0.657655 0.95836 0.399346 12 0.0
0.672334 0.948402 0.447916 12 0.0
0.691424 0.940068 0.40059 12 0.0
0.676745 0.950026 0.352021 12 0.0
0.865623 0.018686 0.674124 12 0.0
0.625928 0.970974 0.434207 12 0.0
0.608708 0.977152 0.432548 12 0.0
0.621652 0.972859 0.485594 12 0.0
0.643147 0.964796 0.435866 12 0.0
0.630203 0.969088 0.38282 12 0.0
0.83218 0.380062 0.747431 3 0.0
0.341059 0.955942 0.733485 6 2e-05
0.284083 0.897201 0.258945 13 0.032206
0.281711 0.902683 0.257214 13 0.032206
0.266387 0.888184 0.254628 13 0.032206
0.286454 0.891718 0.260676 13 0.032206
0.301779 0.906217 0.263262 13 0.032206
0.317212 0.940453 0.532521 12 0.0
0.169387 0.717285 0.751911 3 0.0
0.509075 0.995378 0.407507 12 0.958815
0.50178 0.99839 0.40916 12 0.958815
0.513355 0.99534 0.426464 12 0.958815
0.51637 0.992366 0.405854 12 0.958815
0.504795 0.995417 0.38855 12 0.958815
0.134487 0.224355 0.733311 12 0.0
0.549325 0.00639 0.364561 5 0.999997
0.497956 0.995637 0.751008 3 1.0
0.524744 -0.001606 0.746908 1 0.99988
0.14131 0.310713 0.738402 12 0.0
0.29403 0.002853 0.742518 1 0.999333
0.137906 0.376258 0.284064 12 0.0
0.847644 0.384664 0.746015 3 0.012278
0.27599 0.915281 0.247909 13 1.0
0.305178 0.003484 0.745151 3 1.0
0.576229 0.947922 0.538075 12 0.0
0.627054 0.003956 0.552882 5 0.648602
0.200887 0.37735 0.755207 3 0.0
0.477906 0.002271 0.352371 5 0.999942
0.357632 -0.002234 0.45762 2 1.0
0.847263 0.589433 0.266874 13 0.999966
0.141421 0.390349 0.697261 12 0.0
0.661277 0.701234 0.744739 11 0.0
0.282974 0.920952 0.632195 6 0.0
0.29336 0.931448 0.623552 6 0.0
0.2947 0.927455 0.654185 6 0.0
0.272588 0.910455 0.640838 6 0.0
0.271247 0.914448 0.610205 6 0.0
0.397081 0.758641 0.749406 7 0.0
0.170382 0.330392 0.246078 13 0.0
0.155634 0.659793 0.600573 12 0.0
0.158443 0.692567 0.644674 12 0.0
0.149778 0.63759 0.617445 12 0.0
0.152825 0.627019 0.556472 12 0.0
0.16149 0.681996 0.5837 12 0.0
0.273913 -0.00111 0.250528 1 1.0
0.84267 0.744212 0.380463 12 0.0
0.835162 0.76579 0.382212 12 0.0
0.841983 0.740875 0.418681 12 0.0
0.850179 0.722634 0.378714 12 0.0
0.843358 0.747549 0.342245 12 0.0
0.678447 0.939644 0.54138 12 0.0
0.34241 0.940757 0.290511 13 0.629966
0.338678 0.945359 0.287122 13 0.629966
0.331088 0.930599 0.289186 13 0.629966
0.346143 0.936155 0.2939 13 0.629966
0.353733 0.950916 0.291836 13 0.629966
0.657062 0.712816 0.750129 7 0.964669
0.671289 0.917118 0.647198 12 0.0
0.657826 0.927293 0.658107 12 0.0
0.686785 0.910928 0.672096 12 0.0
0.684751 0.906944 0.63629 12 0.0
0.655792 0.923309 0.6223 12 0.0
0.367448 0.926738 0.477502 12 0.0
0.393866 0.93418 0.462268 12 0.0
0.387505 0.929543 0.513655 12 0.0
0.341029 0.919295 0.492736 12 0.0
0.347391 0.923932 0.441349 12 0.0
0.487361 0.994499 0.244288 13 1.0
0.482946 0.001396 0.266658 1 0.013099
0.162147 0.46364 0.751195 3 0.0
0.853574 0.027569 0.461128 12 0.0
0.500581 0.978747 0.433614 12 0.0
0.134937 0.2184 0.732918 12 0.0
0.272049 0.906809 0.469165 12 0.0
0.289741 0.92156 0.462338 12 0.0
0.28788 0.920334 0.539421 12 0.0
0.254357 0.892057 0.475991 12 0.0
0.256218 0.893283 0.398909 12 0.0
0.145076 0.665125 0.478538 12 0.0
0.149476 0.696881 0.484613 12 0.0
0.143202 0.653019 0.543172 12 0.0
0.140676 0.633369 0.472462 12 0.0
0.146951 0.677231 0.413904 12 0.0
0.545197 -9.1e-05 0.377783 5 0.99988
0.743242 0.025121 0.270844 13 1.0
0.86473 0.213566 0.252125 13 0.999866
0.288112 0.677916 0.744944 11 6.4e-05
0.780244 0.856058 0.688576 10 0.0
0.774303 0.866478 0.701256 10 0.0
0.79242 0.844004 0.704186 10 0.0
0.786184 0.845637 0.675896 10 0.0
0.768068 0.868111 0.672966 10 0.0
0.423513 0.333765 0.752109 3 0.0
0.486336 0.995222 0.723943 12 0.0
0.511488 0.996115 0.724593 12 0.0
0.486058 0.995712 0.734004 12 0.0
0.461183 0.994329 0.723293 12 0.0
0.486613 0.994731 0.713882 12 0.0
0.723841 0.534212 0.751595 7 0.0
0.636344 0.962946 0.293948 10 0.0
0.608751 0.974059 0.291691 10 0.0
0.635138 0.962962 0.308765 10 0.0
0.663936 0.951832 0.296205 10 0.0
0.637549 0.962929 0.279131 10 0.0
0.866096 0.03876 0.519968 12 0.0
0.867987 0.252208 0.696584 12 0.0
0.247441 0.884369 0.471893 6 0.0
0.263159 0.901141 0.473001 6 0.0
0.246102 0.882222 0.523428 6 0.0
0.231722 0.867596 0.470786 6 0.0
0.24878 0.886516 0.420359 6 0.0
0.350003 0.961649 0.437985 12 0.0
0.356588 0.965043 0.379108 12 0.0
0.370472 0.971201 0.440825 12 0.0
0.343417 0.958254 0.496862 12 0.0
0.329534 0.952096 0.435145 12 0.0
0.532327 0.774069 0.75562 7 0.999987
0.805157 0.670106 0.340881 9 0.0
0.801981 0.689045 0.34725 9 0.0
0.798907 0.659803 0.368399 9 0.0
0.808333 0.651167 0.334511 9 0.0
0.811406 0.680409 0.313362 9 0.0
0.233625 0.876539 0.602469 6 0.0
0.237184 0.884033 0.584412 6 0.0
0.245898 0.889704 0.610352 6 0.0
0.230066 0.869045 0.620526 6 0.0
0.221352 0.863374 0.594586 6 0.0
0.81306 0.02703 0.394818 1 0.999586
0.827969 0.021122 0.398136 1 0.999586
0.808249 0.038983 0.437708 1 0.999586
0.798152 0.032937 0.391499 1 0.999586
0.817871 0.015077 0.351927 1 0.999586
0.75687 0.0047 0.348488 1 0.0
0.79139 0.005176 0.341536 1 0.0
0.76308 0.005911 0.379407 1 0.0
0.72235 0.004224 0.355441 1 0.0
0.750659 0.003489 0.31757 1 0.0
0.13304 0.35281 0.701191 12 0.0
0.855039 0.584766 0.280063 12 0.008735
0.242604 0.880637 0.425657 12 0.0
0.260156 0.897471 0.418885 12 0.0
0.252018 0.893003 0.480797 12 0.0
0.225052 0.863802 0.432429 12 0.0
0.23319 0.868271 0.370516 12 0.0
0.863715 0.261265 0.67962 12 0.0
0.386425 0.75224 0.752914 7 0.0
0.859784 0.459596 0.288408 12 0.000147
0.256201 0.886462 0.484435 12 0.0
0.277187 0.905906 0.473836 12 0.0
0.269738 0.899692 0.53551 12 0.0
0.235215 0.867018 0.495033 12 0.0
0.242664 0.873233 0.43336 12 0.0
0.850022 0.358979 0.71646 12 4e-06
0.428195 0.775501 0.754041 3 0.0
0.135278 0.247014 0.73485 12 0.0
0.836339 0.763009 0.463072 12 0.0
0.832732 0.77326 0.434028 12 0.0
0.830916 0.776808 0.468616 12 0.0
0.839947 0.752758 0.492117 12 0.0
0.841763 0.749211 0.457529 12 0.0
0.244254 0.88387 0.570896 6 0.0
0.259365 0.899093 0.574471 6 0.0
0.237265 0.878267 0.6243 6 0.0
0.229144 0.868648 0.567321 6 0.0
0.251244 0.889474 0.517493 6 0.0
0.733406 0.905687 0.658329 12 0.0
0.716658 0.920169 0.665375 12 0.0
0.741415 0.900565 0.687896 12 0.0
0.750154 0.891205 0.651284 12 0.0
0.725397 0.910809 0.628763 12 0.0
0.131945 0.327487 0.682289 12 0.0
0.781189 0.801088 0.405492 5 2e-06
0.765124 0.823403 0.411912 5 2e-06
0.787373 0.79134 0.45486 5 2e-06
0.797254 0.778773 0.399073 5 2e-06
0.775004 0.810837 0.356125 5 2e-06
0.503733 0.962092 0.746562 3 0.0
0.866583 0.034262 0.568998 12 0.0
0.827061 0.013263 0.262475 1 0.002228
0.834126 0.708617 0.641468 12 0.0
0.832085 0.7133 0.628626 12 0.0
0.824984 0.739701 0.654258 12 0.0
0.836168 0.703933 0.654311 12 0.0
0.843269 0.677533 0.628679 12 0.0
0.318165 0.932322 0.413627 12 0.0
0.336845 0.945734 0.399885 12 0.0
0.324373 0.936496 0.426139 12 0.0
0.299486 0.918909 0.427369 12 0.0
0.311958 0.928147 0.401115 12 0.0
0.646574 0.945995 0.641537 12 0.0
0.629886 0.953189 0.631189 12 0.0
0.633071 0.95271 0.667981 12 0.0
0.663262 0.9388 0.651886 12 0.0
0.660077 0.939279 0.615093 12 0.0
0.781322 0.863537 0.301009 16 0.03386
0.771398 0.874502 0.309373 16 0.03386
0.787115 0.856009 0.31775 16 0.03386
0.791245 0.852572 0.292644 16 0.03386
0.775529 0.871065 0.284268 16 0.03386
0.81745 0.788293 0.526441 12 0.0
0.80711 0.807775 0.508858 12 0.0
0.806318 0.808283 0.555135 12 0.0
0.827789 0.768812 0.544024 12 0.0
0.828582 0.768304 0.497747 12 0.0
0.274375 0.911444 0.322927 12 1e-06
0.288823 0.922998 0.343397 12 1e-06
0.262325 0.900732 0.337479 12 1e-06
0.259926 0.899889 0.302458 12 1e-06
0.286425 0.922156 0.308375 12 1e-06
0.763214 0.882396 0.689993 12 0.0
0.756115 0.891193 0.701953 12 0.0
0.775661 0.869467 0.706892 12 0.0
0.770314 0.873598 0.678033 12 0.0
0.750767 0.895324 0.673094 12 0.0
0.792759 0.845694 0.576458 12 0.0
0.783474 0.85844 0.577638 12 0.0
0.795264 0.844212 0.612179 12 0.0
0.802044 0.832948 0.575278 12 0.0
0.790254 0.847176 0.540737 12 0.0
0.806638 0.18956 0.74956 3 0.000109
0.826805 0.189588 0.749036 3 0.000109
0.806604 0.249572 0.751508 3 0.000109
0.786472 0.189531 0.750083 3 0.000109
0.806673 0.129548 0.747611 3 0.000109
0.750753 0.718106 0.747935 3 0.0
0.840112 0.664507 0.558721 12 0.0
0.83525 0.682485 0.531272 12 0.0
0.834725 0.695517 0.579985 12 0.0
0.844974 0.64653 0.58617 12 0.0
0.845499 0.633498 0.537457 12 0.0
0.745662 0.886151 0.452862 10 0.0
0.734044 0.896618 0.444399 10 0.0
0.73421 0.895502 0.480146 10 0.0
0.75728 0.875685 0.461325 10 0.0
0.757114 0.876801 0.425578 10 0.0
0.163993 0.738397 0.442875 12 0.0
0.170901 0.758397 0.451445 12 0.0
0.161197 0.728505 0.468212 12 0.0
0.157085 0.718397 0.434304 12 0.0
0.166789 0.748289 0.417537 12 0.0
0.817587 0.764207 0.457771 12 0.0
0.807733 0.783751 0.44532 12 0.0
0.810135 0.777148 0.483982 12 0.0
0.827441 0.744663 0.470222 12 0.0
0.82504 0.751266 0.43156 12 0.0
0.604682 0.9778 0.360376 12 0.0
0.584572 0.983953 0.361187 12 0.0
0.606047 0.977799 0.394217 12 0.0
0.624792 0.971647 0.359564 12 0.0
0.603317 0.977802 0.326534 12 0.0
0.842877 0.054915 0.668973 12 0.0
0.843553 0.06445 0.668355 12 0.0
0.843807 0.056212 0.690009 12 0.0
0.842202 0.045379 0.669591 12 0.0
0.841948 0.053618 0.647937 12 0.0
0.156889 0.664652 0.248434 13 0.003667
0.131559 0.22212 0.690698 12 0.0
0.629781 0.010978 0.740562 1 0.999985
0.861186 0.678423 0.246853 13 1.0
0.133572 0.351249 0.698216 12 0.0
0.295821 5.7e-05 0.747079 1 0.82874
0.13624 0.64409 0.384114 12 0.0
0.138233 0.66819 0.393643 12 0.0
0.134626 0.627795 0.425666 12 0.0
0.134246 0.619989 0.374585 12 0.0
0.137853 0.660384 0.342562 12 0.0
0.361486 0.007203 0.548135 5 0.569384
0.420014 -0.001164 0.724197 1 0.0
0.64633 -0.000964 0.488531 5 0.999999
0.622117 0.001963 0.585723 5 0.994777
0.281098 0.916787 0.686986 6 0.0
0.299245 0.930188 0.674395 6 0.0
0.287799 0.924273 0.704611 6 0.0
0.262951 0.903387 0.699577 6 0.0
0.274397 0.909302 0.66936 6 0.0
0.394931 0.983048 0.248852 13 1.0
0.166378 0.765992 0.63066 12 0.0
0.167718 0.773746 0.668611 12 0.0
0.156982 0.745651 0.635148 12 0.0
0.165039 0.758238 0.592708 12 0.0
0.175774 0.786333 0.626172 12 0.0
0.859374 0.223024 0.746644 3 0.851659
0.315878 0.940691 0.543547 15 0.0
0.338177 0.953681 0.5425 15 0.0
0.317752 0.94272 0.60866 15 0.0
0.293579 0.927701 0.544594 15 0.0
0.314003 0.938661 0.478435 15 0.0
0.828998 0.596601 0.505549 12 0.0
0.821949 0.653027 0.521286 12 0.0
0.828936 0.588201 0.535638 12 0.0
0.836047 0.540175 0.489811 12 0.0
0.829061 0.605001 0.47546 12 0.0
0.609025 0.048973 0.752948 3 0.0
0.553969 0.996596 0.384213 12 0.0
0.540023 0.998432 0.384484 12 0.0
0.554902 0.997127 0.428603 12 0.0
0.567915 0.99476 0.383942 12 0.0
0.553036 0.996065 0.339822 12 0.0
0.843025 0.379012 0.251448 13 0.000153
0.241342 0.847901 0.41437 12 0.0
0.256349 0.863561 0.407177 12 0.0
0.250783 0.861524 0.463726 12 0.0
0.226335 0.832241 0.421563 12 0.0
0.231901 0.834279 0.365014 12 0.0
0.265297 0.899725 0.451522 12 0.0
0.158186 0.72221 0.466906 12 0.0
0.164348 0.745049 0.468412 12 0.0
0.157712 0.71975 0.506173 12 0.0
0.152023 0.699372 0.465401 12 0.0
0.158659 0.724671 0.42764 12 0.0
0.759848 0.045746 0.750152 3 0.0
0.794248 0.048937 0.749833 3 0.0
0.761226 0.03091 0.75032 3 0.0
0.725448 0.042554 0.75047 3 0.0
0.758471 0.060581 0.749983 3 0.0
0.420918 0.003203 0.733824 1 0.0
0.457301 0.034519 0.750073 3 0.0
0.699241 0.649077 0.244364 14 0.997184
0.854595 0.111317 0.254243 13 1.0
0.420665 0.004904 0.379027 2 1.0
0.717289 0.000612 0.260376 1 1.0
0.66423 0.060598 0.690557 5 0.0
0.673 0.064015 0.684269 5 0.0
0.660966 0.039791 0.674693 5 0.0
0.655461 0.05718 0.696844 5 0.0
0.667495 0.081404 0.70642 5 0.0
0.712278 0.614021 0.753071 7 1.3e-05
0.58741 0.975619 0.533849 10 0.0
0.572608 0.979391 0.53242 10 0.0
0.584267 0.974984 0.564735 10 0.0
0.602213 0.971846 0.535278 10 0.0
0.590553 0.976253 0.502963 10 0.0
0.461765 0.03025 0.742533 3 0.0
0.674052 0.911399 0.542011 12 0.0
0.661734 0.919587 0.543506 12 0.0
0.67629 0.906668 0.586378 12 0.0
0.686371 0.90321 0.540517 12 0.0
0.671815 0.91613 0.497644 12 0.0
0.141607 0.633689 0.514186 12 0.0
0.146522 0.676898 0.518519 12 0.0
0.140521 0.626626 0.585839 12 0.0
0.136693 0.590479 0.509852 12 0.0
0.142694 0.640751 0.442533 12 0.0
0.270779 0.868435 0.43408 12 0.0
0.287101 0.885474 0.424098 12 0.0
0.284341 0.887641 0.489035 12 0.0
0.254457 0.851397 0.444063 12 0.0
0.257218 0.84923 0.379126 12 0.0
0.706713 0.92762 0.515617 10 0.0
0.691481 0.937509 0.518852 10 0.0
0.711113 0.923548 0.548782 10 0.0
0.721946 0.917732 0.512382 10 0.0
0.702314 0.931693 0.482452 10 0.0
0.824415 0.266278 0.747774 3 0.0
0.864784 0.441681 0.723253 12 0.0
0.643336 0.039253 0.246151 13 0.0
0.849914 0.725044 0.468301 12 0.0
0.845333 0.740983 0.466962 12 0.0
0.849207 0.728075 0.506821 12 0.0
0.854495 0.709104 0.469639 12 0.0
0.850621 0.722012 0.42978 12 0.0
0.163393 0.641042 0.754738 3 0.0
0.157668 0.498531 0.251343 12 1.0
0.745108 0.016505 0.248726 13 0.0
0.751678 0.864198 0.601641 12 0.0
0.736228 0.880668 0.608528 12 0.0
0.758785 0.857717 0.633086 12 0.0
0.767128 0.847727 0.594755 12 0.0
0.74457 0.870679 0.570197 12 0.0
0.798138 0.283507 0.748446 3 0.0
0.859754 0.550953 0.728907 12 0.0
0.722968 0.074503 0.271759 13 0.0
0.726063 0.098187 0.276902 13 0.0
0.768488 0.069827 0.265892 13 0.0
0.719872 0.050818 0.266617 13 0.0
0.677447 0.079178 0.277627 13 0.0
0.844964 0.724532 0.406588 12 0.0
0.839343 0.746194 0.408306 12 0.0
0.843558 0.720223 0.456308 12 0.0
0.850585 0.702869 0.40487 12 0.0
0.84637 0.72884 0.356868 12 0.0
0.801116 0.828784 0.31993 16 0.0
0.794174 0.838974 0.329009 16 0.0
0.808565 0.814874 0.341239 16 0.0
0.808059 0.818594 0.310851 16 0.0
0.793668 0.842694 0.298621 16 0.0
0.13405 0.285523 0.735699 12 0.0
0.343935 0.957146 0.716139 12 0.0
0.342046 0.956534 0.727056 12 0.0
0.323571 0.946233 0.712004 12 0.0
0.345823 0.957758 0.705222 12 0.0
0.364299 0.96806 0.720274 12 0.0
0.726065 0.91678 0.603955 12 0.0
0.716322 0.923237 0.607978 12 0.0
0.731294 0.911007 0.625883 12 0.0
0.735808 0.910322 0.599931 12 0.0
0.720836 0.922552 0.582026 12 0.0
0.79923 0.834417 0.447507 12 0.0
0.790006 0.848098 0.448772 12 0.0
0.799688 0.830975 0.488094 12 0.0
0.808454 0.820736 0.446243 12 0.0
0.798772 0.837859 0.406921 12 0.0
0.485554 0.981826 0.718058 12 1.1e-05
0.64405 0.950831 0.67698 12 0.0
0.627918 0.955528 0.666555 12 0.0
0.633096 0.960586 0.698325 12 0.0
0.660182 0.946135 0.687405 12 0.0
0.655004 0.941076 0.655635 12 0.0
0.780374 0.748791 0.545653 9 5e-06
0.760425 0.789973 0.511317 9 5e-06
0.768597 0.773736 0.582414 9 5e-06
0.800323 0.707609 0.579989 9 5e-06
0.792151 0.723846 0.508892 9 5e-06
0.81061 0.78726 0.29601 11 0.022819
0.345483 0.073016 0.749798 3 0.0
0.411641 0.074839 0.751549 3 0.0
0.344807 0.096451 0.750952 3 0.0
0.279326 0.071194 0.748047 3 0.0
0.346159 0.049582 0.748644 3 0.0
0.746809 0.896931 0.419862 12 0.0
0.732157 0.910346 0.419445 12 0.0
0.745544 0.897209 0.473258 12 0.0
0.761461 0.883517 0.420279 12 0.0
0.748074 0.896654 0.366466 12 0.0
0.85324 0.659101 0.623001 12 0.0
0.850129 0.674661 0.584522 12 0.0
0.848735 0.693978 0.637469 12 0.0
0.856352 0.643541 0.661479 12 0.0
0.857745 0.624223 0.608533 12 0.0
0.734538 0.889531 0.419299 10 0.0
0.720294 0.900857 0.409474 10 0.0
0.722403 0.898063 0.446726 10 0.0
0.748782 0.878206 0.429125 10 0.0
0.746672 0.880999 0.391872 10 0.0
0.790527 0.710005 0.418555 10 3e-06
0.180273 0.722784 0.436685 12 0.0
0.184881 0.737977 0.443976 12 0.0
0.177119 0.702958 0.479994 12 0.0
0.175665 0.707591 0.429395 12 0.0
0.183427 0.74261 0.393377 12 0.0
0.413268 0.916096 0.428946 10 1e-06
0.421915 0.924739 0.410754 10 1e-06
0.45169 0.926056 0.451941 10 1e-06
0.404621 0.907453 0.447137 10 1e-06
0.374845 0.906136 0.405951 10 1e-06
0.254432 0.046369 0.751439 3 0.0
0.293687 0.045331 0.752173 3 0.0
0.254824 0.06177 0.752246 3 0.0
0.215176 0.047406 0.750706 3 0.0
0.25404 0.030967 0.750633 3 0.0
0.201147 0.74532 0.414708 12 0.0
0.211964 0.771143 0.408 12 0.0
0.203778 0.756093 0.460418 12 0.0
0.190329 0.719497 0.421416 12 0.0
0.198516 0.734548 0.368998 12 0.0
0.379139 0.738525 0.729962 11 0.0
0.396884 0.753161 0.728369 11 0.0
0.379832 0.738591 0.738284 11 0.0
0.361394 0.72389 0.731555 11 0.0
0.378446 0.73846 0.72164 11 0.0
0.521174 0.001232 0.748462 1 1.0
0.827595 0.753948 0.427417 12 0.0
0.819497 0.772027 0.41713 12 0.0
0.821744 0.767124 0.455179 12 0.0
0.835692 0.735868 0.437705 12 0.0
0.833445 0.740771 0.399656 12 0.0
0.578037 0.962305 0.414496 12 0.0
0.555123 0.966704 0.411977 12 0.0
0.573888 0.963806 0.454865 12 0.0
0.600951 0.957906 0.417014 12 0.0
0.582186 0.960804 0.374126 12 0.0
0.142109 0.656392 0.561677 12 0.0
0.145185 0.687066 0.56751 12 0.0
0.13973 0.645779 0.618735 12 0.0
0.139033 0.625718 0.555843 12 0.0
0.144488 0.667006 0.504618 12 0.0
0.137629 0.471795 0.282813 12 0.0
0.566904 0.986881 0.474329 12 0.0
0.477858 0.985877 0.411977 9 0.0
0.315091 -0.002785 0.705707 1 0.0
0.393701 -0.002158 0.720936 1 0.0
0.582893 0.000691 0.389957 5 0.812075
0.852912 0.25789 0.251762 13 0.000164
0.311458 0.936777 0.695326 6 0.0
0.324978 0.942647 0.687179 6 0.0
0.318145 0.943014 0.71092 6 0.0
0.297938 0.930906 0.703472 6 0.0
0.30477 0.930539 0.679731 6 0.0
0.462878 -0.000269 0.690061 1 0.0
0.475937 0.346193 0.242784 14 0.99999
0.161526 0.000737 0.556963 1 0.0
0.822867 0.802093 0.522525 12 0.0
0.816139 0.814737 0.510104 12 0.0
0.815474 0.816883 0.541586 12 0.0
0.829596 0.789448 0.534946 12 0.0
0.830261 0.787302 0.503464 12 0.0
0.138843 0.664916 0.641775 12 0.0
0.138447 0.672106 0.676166 12 0.0
0.135432 0.638443 0.64727 12 0.0
0.13924 0.657726 0.607383 12 0.0
0.142255 0.69139 0.636279 12 0.0
0.839055 0.3501 0.748403 3 0.0
0.415475 0.758183 0.730096 7 0.0
0.83134 0.677226 0.373767 12 0.0
0.825786 0.698669 0.383214 12 0.0
0.825179 0.659422 0.410562 12 0.0
0.836893 0.655782 0.364321 12 0.0
0.8375 0.69503 0.336973 12 0.0
0.22534 0.85903 0.410899 12 0.0
0.238314 0.87425 0.410175 12 0.0
0.226494 0.859926 0.450409 12 0.0
0.212365 0.84381 0.411623 12 0.0
0.224185 0.858134 0.371389 12 0.0
0.358486 0.718722 0.747351 7 0.999989
0.302185 0.929713 0.496748 12 0.0
0.325467 0.945329 0.496049 12 0.0
0.305051 0.929022 0.576816 12 0.0
0.278903 0.914097 0.497447 12 0.0
0.299318 0.930404 0.41668 12 0.0
0.297527 0.9283 0.697239 6 0.0
0.30905 0.932889 0.689953 6 0.0
0.304343 0.934485 0.711915 6 0.0
0.286003 0.923711 0.704526 6 0.0
0.29071 0.922115 0.682563 6 0.0
0.670164 0.431525 0.254431 7 0.999919
0.865269 0.36431 0.705418 12 0.0
0.143935 0.654376 0.445957 12 0.0
0.14854 0.688596 0.452698 12 0.0
0.143364 0.642479 0.506731 12 0.0
0.139329 0.620156 0.439215 12 0.0
0.144505 0.666272 0.385182 12 0.0
0.476289 -0.003323 0.715045 1 0.0
0.157994 0.536332 0.711318 10 0.0
0.536582 0.005416 0.749283 1 0.548431
0.133725 0.19371 0.716744 10 0.0
0.844854 0.641601 0.404373 12 0.0
0.841194 0.672806 0.412717 12 0.0
0.839646 0.6283 0.451835 12 0.0
0.848514 0.610395 0.39603 12 0.0
0.850062 0.654902 0.356912 12 0.0
0.712481 0.523451 0.242974 7 1.0
0.172033 0.277509 0.263566 13 0.0
0.353515 0.408887 0.251606 8 1.0
0.352896 0.416576 0.251086 8 1.0
0.355105 0.409381 0.257011 8 1.0
0.354134 0.401199 0.252127 8 1.0
0.351924 0.408393 0.246201 8 1.0
0.166248 0.568508 0.752313 3 0.0
0.370946 0.911286 0.537639 12 0.0
0.413862 0.924795 0.52042 12 0.0
0.387396 0.918799 0.584532 12 0.0
0.32803 0.897777 0.554858 12 0.0
0.354496 0.903772 0.490746 12 0.0
0.222371 0.857664 0.599094 6 0.0
0.23479 0.872785 0.601238 6 0.0
0.219646 0.854233 0.639066 6 0.0
0.209951 0.842544 0.596949 6 0.0
0.225095 0.861096 0.559121 6 0.0
0.466474 -0.000107 0.281888 1 0.041449
0.396147 0.330269 0.247118 13 0.0
0.653947 0.07023 0.245094 13 0.0
0.655059 0.092216 0.244359 13 0.0
0.722202 0.066832 0.24681 13 0.0
0.652834 0.048244 0.245829 13 0.0
0.585691 0.073627 0.243378 13 0.0
0.377192 0.942554 0.469467 12 0.0
0.439171 0.782324 0.75221 7 0.0
0.160947 0.493547 0.247155 13 2e-06
0.862923 0.39 0.25304 13 0.999972
0.235635 0.861658 0.603962 6 0.0
0.249805 0.87763 0.604508 6 0.0
0.233485 0.862385 0.638518 6 0.0
0.221466 0.845687 0.603416 6 0.0
0.237785 0.860932 0.569406 6 0.0
0.391931 0.372254 0.252649 7 0.880796
0.481206 0.022797 0.248994 13 2e-06
0.854719 0.316609 0.262214 13 0.999776
0.335793 0.954207 0.378301 12 0.0
0.349055 0.960386 0.350911 12 0.0
0.351466 0.96267 0.387799 12 0.0
0.322532 0.948027 0.40569 12 0.0
0.32012 0.945743 0.368803 12 0.0
0.36566 0.968998 0.683394 12 0.0
0.370681 0.971428 0.705053 12 0.0
0.349232 0.962685 0.687911 12 0.0
0.360639 0.966567 0.661735 12 0.0
0.382087 0.975311 0.678877 12 0.0
0.237656 0.801479 0.345002 13 0.000114
0.261767 0.827027 0.336637 13 0.000114
0.239206 0.806863 0.365907 13 0.000114
0.213546 0.775931 0.353367 13 0.000114
0.236107 0.796096 0.324096 13 0.000114
0.713223 0.895169 0.579126 12 1e-06
0.694209 0.908296 0.582383 12 1e-06
0.717112 0.891877 0.61509 12 1e-06
0.732237 0.882041 0.575868 12 1e-06
0.709334 0.898461 0.543162 12 1e-06
0.783736 0.861048 0.460305 12 0.0
0.77524 0.872188 0.462826 12 0.0
0.787352 0.856826 0.491151 12 0.0
0.792231 0.849908 0.457784 12 0.0
0.780119 0.86527 0.42946 12 0.0
0.865333 0.127397 0.250342 13 0.999261
0.71548 0.001471 0.258472 1 0.999998
0.776259 0.788307 0.747914 3 0.0
0.845535 0.730585 0.601679 12 0.0
0.842472 0.740364 0.576175 12 0.0
0.840015 0.749104 0.609442 12 0.0
0.848598 0.720806 0.627182 12 0.0
0.851055 0.712066 0.593915 12 0.0
0.308216 0.936816 0.485445 12 0.0
0.228035 0.863315 0.498531 6 0.0
0.241735 0.878298 0.492286 6 0.0
0.235984 0.874327 0.542391 6 0.0
0.214335 0.848332 0.504776 6 0.0
0.220085 0.852303 0.454671 6 0.0
0.789086 0.786026 0.576263 9 0.0
0.772725 0.813148 0.551049 9 0.0
0.777243 0.804848 0.604194 9 0.0
0.805446 0.758904 0.601476 9 0.0
0.800928 0.767204 0.548331 9 0.0
0.683839 0.94256 0.380593 12 0.0
0.670215 0.950196 0.381898 12 0.0
0.68595 0.940865 0.412547 12 0.0
0.697462 0.934924 0.379288 12 0.0
0.681727 0.944254 0.348639 12 0.0
0.753215 0.737094 0.292809 9 1e-06
0.833625 0.666921 0.300562 10 0.010823
0.838316 0.688702 0.302101 10 0.010823
0.832398 0.666471 0.310672 10 0.010823
0.828933 0.645141 0.299023 10 0.010823
0.834851 0.667371 0.290452 10 0.010823
0.783551 0.856309 0.302705 16 0.0
0.771157 0.871327 0.305321 16 0.0
0.783772 0.853388 0.320525 16 0.0
0.795946 0.841291 0.300089 16 0.0
0.78333 0.85923 0.284885 16 0.0
0.74215 0.896744 0.353273 12 0.0
0.72471 0.912434 0.352804 12 0.0
0.740024 0.895408 0.387645 12 0.0
0.759589 0.881053 0.353742 12 0.0
0.744276 0.898079 0.318902 12 0.0
0.82586 0.628178 0.586788 12 0.0
0.821486 0.651092 0.544453 12 0.0
0.819217 0.67139 0.610864 12 0.0
0.830234 0.605263 0.629122 12 0.0
0.832503 0.584965 0.562711 12 0.0
0.728604 0.887318 0.470335 12 0.0
0.717607 0.896758 0.459146 12 0.0
0.711062 0.898459 0.496974 12 0.0
0.7396 0.877879 0.481524 12 0.0
0.746146 0.876177 0.443697 12 0.0
0.352103 0.9416 0.418813 12 0.0
0.146234 0.535874 0.715273 12 0.0
0.649897 0.954546 0.301062 12 0.975149
0.63196 0.963635 0.30164 12 0.975149
0.648451 0.950608 0.318102 12 0.975149
0.667834 0.945457 0.300484 12 0.975149
0.651343 0.958483 0.284022 12 0.975149
0.729611 0.901527 0.358305 12 0.0
0.710555 0.917586 0.35978 12 0.0
0.730237 0.899338 0.390223 12 0.0
0.748667 0.885468 0.35683 12 0.0
0.728985 0.903716 0.326386 12 0.0
0.729192 0.882049 0.522731 12 0.0
0.711431 0.897355 0.507767 12 0.0
0.714871 0.8921 0.550011 12 0.0
0.746954 0.866743 0.537695 12 0.0
0.743514 0.871998 0.495451 12 0.0
0.141758 0.700002 0.515418 12 0.0
0.144418 0.713215 0.522511 12 0.0
0.140231 0.688978 0.536524 12 0.0
0.139099 0.686788 0.508324 12 0.0
0.143285 0.711026 0.494311 12 0.0
0.162811 0.206514 0.245035 13 0.0
0.3617 0.938 0.726685 3 0.989711
0.359171 0.943498 0.734959 3 0.989711
0.350852 0.934451 0.725727 3 0.989711
0.364229 0.932502 0.71841 3 0.989711
0.372548 0.941549 0.727642 3 0.989711
0.228226 0.010848 0.746235 3 0.93312
0.86285 0.316101 0.725935 12 0.0
0.856404 0.654577 0.655993 12 0.0
0.85417 0.665912 0.629201 12 0.0
0.852131 0.68957 0.671154 12 0.0
0.858638 0.643242 0.682786 12 0.0
0.860677 0.619583 0.640832 12 0.0
0.333643 0.940557 0.556323 12 0.0
0.35435 0.952544 0.541648 12 0.0
0.347244 0.945093 0.579217 12 0.0
0.312937 0.928571 0.570999 12 0.0
0.320043 0.936022 0.53343 12 0.0
0.776592 0.769016 0.387276 11 1.2e-05
0.745859 0.806603 0.387845 11 1.2e-05
0.773766 0.766162 0.423151 11 1.2e-05
0.807325 0.731428 0.386707 11 1.2e-05
0.779418 0.771869 0.351402 11 1.2e-05
0.15444 0.566608 0.745462 3 0.0
0.35807 0.002078 0.739366 1 0.925705
0.133707 0.424892 0.277676 12 1.3e-05
0.184 0.694694 0.752612 3 0.0
0.170293 0.697471 0.752251 3 0.0
0.192991 0.73906 0.752497 3 0.0
0.197707 0.691917 0.752972 3 0.0
0.175008 0.650327 0.752726 3 0.0
0.246679 0.656516 0.354422 8 0.0
0.258817 0.708359 0.363516 8 0.0
0.231399 0.654535 0.386107 8 0.0
0.234542 0.604672 0.345328 8 0.0
0.261959 0.658496 0.322738 8 0.0
0.786839 0.797734 0.592243 12 0.0
0.773311 0.817243 0.570376 12 0.0
0.774946 0.816051 0.615943 12 0.0
0.800368 0.778225 0.614109 12 0.0
0.798732 0.779416 0.568542 12 0.0
0.193346 0.826418 0.280259 12 0.004264
0.206159 0.846503 0.281486 12 0.004264
0.193552 0.825616 0.291223 12 0.004264
0.180533 0.806332 0.279031 12 0.004264
0.193139 0.827219 0.269294 12 0.004264
0.863778 0.022029 0.494657 12 0.0
0.798782 0.79772 0.531445 12 0.0
0.787213 0.816247 0.515332 12 0.0
0.789317 0.811108 0.553633 12 0.0
0.81035 0.779194 0.547557 12 0.0
0.808247 0.784333 0.509256 12 0.0
0.636185 0.965774 0.739696 3 1e-06
0.169168 0.3725 0.245769 13 5e-06
0.143617 0.677601 0.644401 12 0.0
0.142666 0.685824 0.677694 12 0.0
0.139008 0.651065 0.650824 12 0.0
0.144569 0.669377 0.611109 12 0.0
0.148227 0.704136 0.637978 12 0.0
0.404758 0.751198 0.746339 7 0.999984
0.422315 0.361003 0.245177 14 0.999999
0.866105 0.023977 0.502644 12 0.0
0.222725 0.865533 0.394136 12 0.0
0.233872 0.88035 0.388826 12 0.0
0.228429 0.871359 0.422367 12 0.0
0.211578 0.850715 0.399446 12 0.0
0.21702 0.859707 0.365905 12 0.0
0.856541 0.054567 0.749428 3 0.999948
0.85439 0.064833 0.753019 3 0.999948
0.860526 0.055544 0.749021 3 0.999948
0.858692 0.044301 0.745838 3 0.999948
0.852555 0.05359 0.749835 3 0.999948
0.330047 0.920451 0.505272 12 0.0
0.355774 0.93424 0.491183 12 0.0
0.344279 0.92491 0.535625 12 0.0
0.304319 0.906662 0.519361 12 0.0
0.315814 0.915993 0.474919 12 0.0
0.180196 0.31961 0.752307 3 0.0
0.143876 0.349887 0.734855 12 0.0
0.155393 0.689137 0.726308 12 0.0
0.165202 0.343822 0.750809 3 0.0
0.833525 0.722456 0.447889 12 0.0
0.828387 0.742755 0.449027 12 0.0
0.833621 0.719397 0.502867 12 0.0
0.838663 0.702156 0.44675 12 0.0
0.833428 0.725514 0.39291 12 0.0
0.624699 0.010616 0.717762 1 0.000124
0.320091 0.668811 0.747796 11 0.999999
0.393746 0.97981 0.296846 9 0.014486
0.381995 0.976898 0.291426 9 0.014486
0.386376 0.978153 0.313716 9 0.014486
0.405497 0.982721 0.302265 9 0.014486
0.401116 0.981467 0.279975 9 0.014486
0.837811 0.368249 0.747712 3 0.0
0.214534 0.780776 0.502801 12 0.0
0.229345 0.806907 0.495442 12 0.0
0.219088 0.792774 0.554564 12 0.0
0.199723 0.754645 0.510161 12 0.0
0.20998 0.768778 0.451038 12 0.0
0.555596 0.35726 0.747626 7 1.0
0.337851 0.927147 0.506404 12 0.0
0.363953 0.939739 0.49281 12 0.0
0.351137 0.931969 0.536381 12 0.0
0.311748 0.914555 0.519999 12 0.0
0.324564 0.922325 0.476427 12 0.0
0.818735 0.394095 0.748786 3 0.0
0.82424 0.677023 0.504392 12 0.0
0.82018 0.708338 0.505412 12 0.0
0.825352 0.675386 0.559078 12 0.0
0.828299 0.645709 0.503372 12 0.0
0.823128 0.678661 0.449706 12 0.0
0.620769 0.95296 0.385525 12 0.0
0.601239 0.959682 0.384588 12 0.0
0.618806 0.952279 0.421573 12 0.0
0.640298 0.946238 0.386461 12 0.0
0.622732 0.953642 0.349476 12 0.0
0.502011 0.002197 0.348664 5 0.999995
0.132289 0.304461 0.695067 12 0.0
0.657361 0.95717 0.307154 9 0.0
0.648335 0.961753 0.310037 9 0.0
0.661871 0.954522 0.325483 9 0.0
0.666387 0.952587 0.304271 9 0.0
0.652851 0.959818 0.288826 9 0.0
0.344366 0.896623 0.519177 12 0.0
0.37483 0.907455 0.502888 12 0.0
0.366585 0.911233 0.570444 12 0.0
0.313903 0.885791 0.535466 12 0.0
0.322147 0.882013 0.46791 12 0.0
0.363601 0.967456 0.426801 12 0.0
0.364612 0.968839 0.37223 12 0.0
0.384881 0.975847 0.427408 12 0.0
0.36259 0.966074 0.481372 12 0.0
0.342321 0.959065 0.426194 12 0.0
0.799177 0.546609 0.740167 3 0.997596
0.81233 0.589273 0.733888 3 0.997596
0.781394 0.552454 0.742626 3 0.997596
0.786023 0.503946 0.746447 3 0.997596
0.81696 0.540765 0.737709 3 0.997596
0.143546 0.379949 0.750662 3 0.999993
0.450902 0.767927 0.746949 7 0.999996
0.766792 0.866477 0.503243 12 0.0
0.755235 0.878771 0.505426 12 0.0
0.769223 0.863223 0.534439 12 0.0
0.778349 0.854184 0.50106 12 0.0
0.76436 0.869731 0.472047 12 0.0
0.262706 0.889267 0.525246 6 0.0
0.291538 0.916085 0.531101 6 0.0
0.256157 0.884185 0.580769 6 0.0
0.233874 0.862448 0.519391 6 0.0
0.269254 0.894348 0.469723 6 0.0
0.622518 0.38358 0.247769 7 0.99329
0.589362 0.075778 0.243851 13 0.0
0.251423 0.874121 0.553817 6 0.0
0.266461 0.889512 0.555806 6 0.0
0.247005 0.87368 0.590621 6 0.0
0.236386 0.85873 0.551827 6 0.0
0.255841 0.874561 0.517013 6 0.0
0.344959 0.949275 0.461917 12 0.0
0.272704 0.912128 0.636913 6 0.0
0.288211 0.926082 0.627447 6 0.0
0.284536 0.921138 0.669578 6 0.0
0.257196 0.898175 0.646379 6 0.0
0.260871 0.903119 0.604248 6 0.0
0.661289 0.957734 0.547953 12 0.0
0.647132 0.96548 0.541726 12 0.0
0.652209 0.961871 0.573741 12 0.0
0.675447 0.949989 0.55418 12 0.0
0.670369 0.953598 0.522165 12 0.0
0.209331 0.843806 0.297004 12 5e-06
0.225946 0.866684 0.284361 12 5e-06
0.2125 0.847676 0.308172 12 5e-06
0.192716 0.820927 0.309647 12 5e-06
0.206162 0.839935 0.285836 12 5e-06
0.428688 0.990127 0.492594 12 0.000103
0.421566 0.990763 0.491132 12 0.000103
0.423878 0.989363 0.515686 12 0.000103
0.435809 0.989492 0.494057 12 0.000103
0.433497 0.990892 0.469503 12 0.000103
0.732604 0.907227 0.648075 12 0.0
0.717562 0.920127 0.655487 12 0.0
0.742372 0.900112 0.680283 12 0.0
0.747645 0.894327 0.640663 12 0.0
0.722835 0.914342 0.615867 12 0.0
0.280566 0.895353 0.593054 6 0.0
0.792328 0.841373 0.678589 12 0.0
0.77888 0.860771 0.697431 12 0.0
0.80049 0.83153 0.694549 12 0.0
0.805777 0.821975 0.659748 12 0.0
0.784166 0.851216 0.66263 12 0.0
0.795566 0.838224 0.448103 10 0.0
0.785452 0.852389 0.449145 10 0.0
0.79619 0.83608 0.483283 10 0.0
0.805681 0.824058 0.44706 10 0.0
0.794943 0.840368 0.412923 10 0.0
0.500745 0.99474 0.745842 3 0.994642
0.866917 0.011864 0.612347 12 5.7e-05
0.788522 0.8162 0.748317 3 0.0
0.829413 0.715701 0.631389 12 0.0
0.825823 0.723014 0.61563 12 0.0
0.822732 0.743028 0.645593 12 0.0
0.833003 0.708388 0.647147 12 0.0
0.836094 0.688375 0.617185 12 0.0
0.247453 0.828359 0.506762 15 0.0
0.266376 0.851864 0.496332 15 0.0
0.260063 0.839937 0.555732 15 0.0
0.228529 0.804855 0.517193 15 0.0
0.234842 0.816782 0.457793 15 0.0
0.800833 0.773383 0.571724 9 0.0
0.788733 0.796929 0.551216 9 0.0
0.788309 0.790998 0.599339 9 0.0
0.812934 0.749837 0.592233 9 0.0
0.813358 0.755767 0.54411 9 0.0
0.15801 0.752762 0.256815 13 0.942067
0.244621 0.024047 0.749174 3 0.0
0.150226 0.692984 0.724518 12 0.0
0.168264 0.700639 0.377209 12 0.0
0.174152 0.715418 0.385668 12 0.0
0.17014 0.67747 0.416382 12 0.0
0.162376 0.685859 0.36875 12 0.0
0.166388 0.723807 0.338036 12 0.0
0.351815 0.939255 0.612344 6 0.0
0.36502 0.949442 0.604778 6 0.0
0.375838 0.942471 0.658603 6 0.0
0.338609 0.929069 0.61991 6 0.0
0.327792 0.93604 0.566086 6 0.0
0.143172 0.589578 0.721804 12 0.0
0.650305 0.966318 0.521885 12 0.0
0.634293 0.973805 0.52458 12 0.0
0.654781 0.964795 0.552706 12 0.0
0.666318 0.95883 0.51919 12 0.0
0.64583 0.967841 0.491064 12 0.0
0.662463 0.955048 0.437516 12 0.0
0.646154 0.963212 0.438759 12 0.0
0.665914 0.953039 0.496011 12 0.0
0.678771 0.946884 0.436273 12 0.0
0.659011 0.957058 0.379021 12 0.0
0.719918 0.851892 0.740615 3 1e-06
0.73218 0.864012 0.744552 3 1e-06
0.686087 0.886505 0.73943 3 1e-06
0.707655 0.839771 0.736677 3 1e-06
0.753749 0.817278 0.7418 3 1e-06
0.831278 0.765348 0.510405 12 0.0
0.823652 0.782834 0.496869 12 0.0
0.824355 0.781203 0.534786 12 0.0
0.838905 0.747862 0.523942 12 0.0
0.838201 0.749493 0.486024 12 0.0
0.750978 0.896439 0.554927 10 0.0
0.743517 0.905536 0.547088 10 0.0
0.741623 0.903729 0.572293 10 0.0
0.75844 0.887341 0.562765 10 0.0
0.760334 0.889149 0.537561 10 0.0
0.268682 0.01117 0.726193 1 1e-06
0.74684 -0.001129 0.736022 1 0.000196
0.36156 0.934397 0.745794 3 0.0
0.866721 0.23342 0.708963 12 0.0
0.64099 0.968234 0.697452 12 0.0
0.624358 0.975367 0.687987 12 0.0
0.63364 0.971193 0.712599 12 0.0
0.657623 0.961101 0.706916 12 0.0
0.648341 0.965275 0.682304 12 0.0
0.541346 0.994135 0.470703 12 0.0
0.522951 0.996035 0.472333 12 0.0
0.545245 0.994195 0.514631 12 0.0
0.559742 0.992236 0.469073 12 0.0
0.537448 0.994076 0.426774 12 0.0
0.74465 0.90106 0.622921 12 0.0
0.733494 0.911871 0.629823 12 0.0
0.750286 0.895484 0.640765 12 0.0
0.755806 0.890249 0.616018 12 0.0
0.739014 0.906636 0.605076 12 0.0
0.578836 0.004466 0.377999 5 0.851135
0.612739 0.975344 0.328122 12 2.1e-05
0.591428 0.982236 0.327109 12 2.1e-05
0.611067 0.974023 0.354324 12 2.1e-05
0.63405 0.968451 0.329135 12 2.1e-05
0.614412 0.976664 0.30192 12 2.1e-05
0.152033 0.71343 0.338851 12 0.0
0.15726 0.729553 0.348149 12 0.0
0.150679 0.698389 0.365695 12 0.0
0.146807 0.697306 0.329553 12 0.0
0.153388 0.72847 0.312007 12 0.0
0.820765 0.794325 0.476035 12 0.0
0.812567 0.809057 0.462956 12 0.0
0.812793 0.811656 0.500552 12 0.0
0.828962 0.779594 0.489113 12 0.0
0.828736 0.776995 0.451518 12 0.0
0.438268 0.958592 0.489381 9 0.0
0.839713 0.68203 0.369978 12 0.0
0.834647 0.706948 0.378453 12 0.0
0.835163 0.6688 0.406156 12 0.0
0.844778 0.657113 0.361503 12 0.0
0.844262 0.69526 0.3338 12 0.0
0.860658 0.032309 0.446979 12 0.0
0.23079 0.863944 0.358284 12 0.0
0.248236 0.885354 0.352308 12 0.0
0.236436 0.868613 0.391495 12 0.0
0.213344 0.842533 0.364261 12 0.0
0.225143 0.859274 0.325073 12 0.0
0.167967 0.479633 0.279508 13 2e-06
0.15895 0.227041 0.247501 13 1e-06
0.370325 0.970793 0.639472 12 0.0
0.384646 0.976266 0.640198 12 0.0
0.368547 0.97073 0.675056 12 0.0
0.356005 0.96532 0.638747 12 0.0
0.372104 0.970856 0.603888 12 0.0
0.152661 6.8e-05 0.497042 1 2.2e-05
0.156905 0.723736 0.522574 12 0.0
0.16212 0.743553 0.522627 12 0.0
0.155555 0.72394 0.579216 12 0.0
0.151691 0.70392 0.52252 12 0.0
0.158255 0.723533 0.465931 12 0.0
0.177817 0.3015 0.731818 3 1e-06
0.158049 0.168166 0.752593 3 1e-06
0.204266 0.835091 0.559735 12 0.0
0.207844 0.839203 0.522109 12 0.0
0.211638 0.846045 0.561633 12 0.0
0.200688 0.830978 0.597361 12 0.0
0.196895 0.824136 0.557837 12 0.0
0.835312 0.315791 0.745871 3 0.0
0.805713 0.819682 0.631866 12 0.0
0.794817 0.836819 0.618251 12 0.0
0.795852 0.835616 0.659815 12 0.0
0.816609 0.802544 0.64548 12 0.0
0.815574 0.803748 0.603917 12 0.0
0.201243 0.789328 0.441935 12 0.0
0.211028 0.809027 0.445296 12 0.0
0.198986 0.78267 0.487522 12 0.0
0.191458 0.76963 0.438573 12 0.0
0.203501 0.795986 0.396348 12 0.0
0.410397 0.972213 0.342616 12 0.0
0.429008 0.976578 0.343616 12 0.0
0.409557 0.968643 0.373845 12 0.0
0.391787 0.967847 0.341617 12 0.0
0.411237 0.975782 0.311388 12 0.0
0.83329 0.383042 0.258095 13 0.001119
0.718165 0.540525 0.244937 7 0.999994
0.133207 0.352893 0.704384 12 0.0
0.863309 0.258246 0.7202 12 0.0
0.305318 0.938301 0.500182 12 0.0
0.133451 0.353212 0.692078 12 0.0
0.833148 0.355166 0.749366 3 0.0
0.335094 0.906094 0.573543 12 0.0
0.363609 0.917969 0.558022 12 0.0
0.350345 0.91627 0.60935 12 0.0
0.306578 0.894219 0.589064 12 0.0
0.319842 0.895918 0.537735 12 0.0
0.412628 0.952919 0.420941 12 0.0
0.421357 0.953062 0.369721 12 0.0
0.440153 0.961058 0.425655 12 0.0
0.403898 0.952776 0.472161 12 0.0
0.385102 0.944781 0.416227 12 0.0
0.338957 0.403682 0.253783 7 1.0
0.410669 0.756723 0.716459 7 0.0
0.389517 0.746863 0.721816 7 0.0
0.413305 0.758346 0.729854 7 0.0
0.431821 0.766584 0.711103 7 0.0
0.408034 0.755101 0.703065 7 0.0
0.391882 0.062889 0.246157 13 0.0
0.858095 0.267286 0.251948 13 0.015001
0.8462 0.434465 0.251977 13 0.000168
0.388563 0.049986 0.245193 13 0.0
0.31067 0.714435 0.755031 3 0.0
0.137903 0.178494 0.727765 12 0.0
0.796801 0.819689 0.673852 12 0.0
0.781195 0.845585 0.694809 12 0.0
0.80486 0.813563 0.687425 12 0.0
0.812407 0.793794 0.652896 12 0.0
0.788742 0.825816 0.66028 12 0.0
0.802595 0.81236 0.6227 12 0.0
0.791956 0.830055 0.604606 12 0.0
0.793241 0.827093 0.642607 12 0.0
0.813234 0.794665 0.640795 12 0.0
0.811948 0.797627 0.602793 12 0.0
0.190509 0.818848 0.349411 12 0.0
0.20094 0.83661 0.347055 12 0.0
0.193216 0.821521 0.381543 12 0.0
0.180078 0.801086 0.351767 12 0.0
0.187801 0.816176 0.317279 12 0.0
0.463045 0.992975 0.504946 12 0.0
0.445643 0.991258 0.504772 12 0.0
0.462474 0.993226 0.559505 12 0.0
0.480446 0.994691 0.50512 12 0.0
0.463615 0.992724 0.450387 12 0.0
0.751224 0.893113 0.578846 12 0.0
0.738862 0.905488 0.582618 12 0.0
0.756801 0.88874 0.61147 12 0.0
0.763586 0.880737 0.575074 12 0.0
0.745646 0.897485 0.546221 12 0.0
0.282603 0.897784 0.549925 6 0.0
0.624831 0.953131 0.621064 12 0.0
0.604822 0.96233 0.623794 12 0.0
0.628461 0.951998 0.651488 12 0.0
0.64484 0.943933 0.618334 12 0.0
0.621201 0.954264 0.590639 12 0.0
0.817599 0.735405 0.613671 12 1e-06
0.81003 0.761479 0.608154 12 1e-06
0.819211 0.743891 0.651564 12 1e-06
0.825167 0.709331 0.619188 12 1e-06
0.815986 0.726919 0.575777 12 1e-06
0.211818 0.853697 0.254486 13 0.816148
0.779139 0.790691 0.746488 4 0.0
0.815414 0.807032 0.529024 12 0.0
0.80684 0.822887 0.515479 12 0.0
0.807184 0.821856 0.551585 12 0.0
0.823988 0.791178 0.542569 12 0.0
0.823644 0.792208 0.506463 12 0.0
0.171976 0.783902 0.311466 12 0.009142
0.173963 0.786261 0.331953 12 0.009142
0.161231 0.760601 0.315191 12 0.009142
0.169989 0.781544 0.290979 12 0.009142
0.18272 0.807203 0.307742 12 0.009142
0.358392 0.018846 0.751199 3 0.0
0.594628 0.981896 0.738344 10 0.113116
0.77527 0.860678 0.368581 12 0.0
0.764372 0.872396 0.364485 12 0.0
0.770521 0.865754 0.395741 12 0.0
0.786169 0.848959 0.372677 12 0.0
0.780019 0.855601 0.341421 12 0.0
0.749446 0.894705 0.402172 12 0.0
0.73775 0.906071 0.400636 12 0.0
0.747195 0.896038 0.429182 12 0.0
0.761142 0.88334 0.403708 12 0.0
0.751697 0.893372 0.375162 12 0.0
0.816646 0.784015 0.747671 4 5.7e-05
0.837315 0.687492 0.578206 12 0.0
0.835904 0.693883 0.539194 12 0.0
0.831951 0.714567 0.582835 12 0.0
0.838726 0.681102 0.617218 12 0.0
0.842678 0.660418 0.573577 12 0.0
0.810503 0.745692 0.431283 12 2e-06
0.19825 0.716144 0.423252 12 0.0
0.202457 0.734249 0.431007 12 0.0
0.194564 0.695308 0.473897 12 0.0
0.194043 0.69804 0.415497 12 0.0
0.201936 0.736981 0.372606 12 0.0
0.177651 0.78074 0.347601 12 0.0
0.187583 0.805139 0.338256 12 0.0
0.18512 0.789286 0.377855 12 0.0
0.167719 0.756341 0.356945 12 0.0
0.170182 0.772193 0.317347 12 0.0
0.625173 0.951874 0.385895 12 0.0
0.607239 0.957848 0.384346 12 0.0
0.622161 0.951306 0.418584 12 0.0
0.643108 0.9459 0.387443 12 0.0
0.628186 0.952442 0.353206 12 0.0
0.381383 0.003301 0.437632 5 1.0
0.702929 0.929995 0.509605 12 0.0
0.688699 0.939251 0.509222 12 0.0
0.702739 0.931102 0.543422 12 0.0
0.717159 0.92074 0.509988 12 0.0
0.703119 0.928888 0.475788 12 0.0
0.864198 0.051656 0.73565 12 0.0
0.75461 0.884666 0.49781 12 0.0
0.741216 0.897489 0.483621 12 0.0
0.745414 0.894088 0.515006 12 0.0
0.768004 0.871844 0.511998 12 0.0
0.763807 0.875245 0.480614 12 0.0
0.179235 0.697312 0.536947 12 0.0
0.188237 0.7269 0.548275 12 0.0
0.175859 0.68308 0.576805 12 0.0
0.170233 0.667725 0.52562 12 0.0
0.182611 0.711545 0.49709 12 0.0
0.865944 0.029786 0.60667 12 0.0
0.865152 0.559153 0.658075 12 0.0
0.864988 0.559098 0.628548 12 0.0
0.86236 0.611733 0.657993 12 0.0
0.865316 0.559208 0.687601 12 0.0
0.867944 0.506573 0.658157 12 0.0
0.625494 0.002301 0.443966 2 0.798217
0.801771 0.804997 0.375616 12 0.0
0.793324 0.81963 0.382437 12 0.0
0.805719 0.789114 0.414584 12 0.0
0.810217 0.790363 0.368796 12 0.0
0.797822 0.82088 0.336649 12 0.0
0.526312 0.990338 0.424987 12 0.0
0.508301 0.991858 0.426382 12 0.0
0.530426 0.989177 0.479351 12 0.0
0.544323 0.988818 0.423591 12 0.0
0.522199 0.991499 0.370622 12 0.0
0.21819 0.839949 0.730069 10 2e-06
0.135206 0.237258 0.701109 12 0.0
0.191408 0.011287 0.749349 3 0.002137
0.144316 0.434792 0.277778 12 0.0
0.282977 0.004258 0.73806 1 0.0
0.221942 0.000763 0.73132 1 0.0
0.731388 0.875253 0.620781 12 0.0
0.714063 0.891381 0.63407 12 0.0
0.741709 0.863605 0.648372 12 0.0
0.748712 0.859125 0.607491 12 0.0
0.721066 0.8869 0.593189 12 0.0
0.574907 0.000306 0.384812 5 0.933543
0.571905 0.017748 0.246761 13 1e-06
0.691431 0.465719 0.25222 7 0.999921
0.548472 0.992827 0.587516 12 0.0
0.640515 0.000433 0.547377 5 1.0
0.149988 0.002315 0.515061 1 0.0
0.301242 0.466458 0.254344 7 0.974692
0.22046 0.860626 0.434012 10 0.0
0.307536 0.924783 0.608985 6 0.0
0.330379 0.94238 0.600355 6 0.0
0.321995 0.928805 0.655457 6 0.0
0.284693 0.907186 0.617615 6 0.0
0.293077 0.920761 0.562512 6 0.0
0.83956 0.664761 0.272457 13 0.999999
0.144468 0.003114 0.249877 13 0.999999
0.144648 0.005265 0.251209 13 0.999999
0.151125 0.002343 0.250223 13 0.999999
0.144288 0.000962 0.248546 13 0.999999
0.137811 0.003884 0.249532 13 0.999999
0.345947 0.71457 0.257364 14 0.999988
0.200431 0.659928 0.465992 12 0.0
0.2069 0.69978 0.490433 12 0.0
0.191199 0.629718 0.517694 12 0.0
0.193963 0.620077 0.441551 12 0.0
0.209664 0.690139 0.41429 12 0.0
0.840108 0.734833 0.415455 12 0.0
0.83513 0.752236 0.416798 12 0.0
0.839234 0.730551 0.467727 12 0.0
0.845086 0.717429 0.414113 12 0.0
0.840982 0.739115 0.363184 12 0.0
0.210492 0.840585 0.558882 12 0.0
0.59231 0.982978 0.321433 12 0.005142
0.571458 0.988237 0.319945 12 0.005142
0.590401 0.982426 0.346241 12 0.005142
0.613162 0.97772 0.322921 12 0.005142
0.59422 0.983531 0.296625 12 0.005142
0.188109 0.811959 0.501583 12 0.0
0.195092 0.824044 0.501637 12 0.0
0.187662 0.812018 0.546158 12 0.0
0.181126 0.799874 0.501528 12 0.0
0.188557 0.8119 0.457007 12 0.0
0.568325 0.98691 0.400079 12 0.0
0.549039 0.990597 0.402684 12 0.0
0.574744 0.986188 0.448637 12 0.0
0.587612 0.983224 0.397475 12 0.0
0.561906 0.987633 0.351522 12 0.0
0.201015 0.74144 0.525773 12 0.0
0.207402 0.761792 0.568326 12 0.0
0.188535 0.716099 0.539766 12 0.0
0.194629 0.721087 0.48322 12 0.0
0.213496 0.76678 0.51178 12 0.0
0.661136 0.940608 0.465217 12 0.0
0.795723 0.326015 0.749056 3 0.0
0.303777 0.933144 0.427824 12 0.0
0.324075 0.9458 0.427906 12 0.0
0.302969 0.934061 0.486893 12 0.0
0.283479 0.920488 0.427743 12 0.0
0.304585 0.932227 0.368756 12 0.0
0.723354 0.894817 0.346104 12 0.0
0.701713 0.913935 0.340773 12 0.0
0.717277 0.895622 0.373659 12 0.0
0.744995 0.875699 0.351435 12 0.0
0.729431 0.894012 0.318549 12 0.0
0.661817 0.905791 0.56796 12 0.0
0.63187 0.924833 0.58308 12 0.0
0.677882 0.895658 0.612541 12 0.0
0.691764 0.886748 0.55284 12 0.0
0.645751 0.915924 0.523379 12 0.0
0.437239 0.770325 0.743573 7 0.676388
0.513677 0.994798 0.70302 12 0.0
0.523131 0.994536 0.6947 12 0.0
0.526139 0.995833 0.717148 12 0.0
0.504223 0.995059 0.71134 12 0.0
0.501216 0.993763 0.688892 12 0.0
0.167211 0.168021 0.279461 12 0.0
0.164093 0.195118 0.280382 12 0.0
0.168746 0.167789 0.291481 12 0.0
0.17033 0.140924 0.278541 12 0.0
0.165677 0.168253 0.267442 12 0.0
0.585613 0.772809 0.747521 7 0.0
0.332341 0.953279 0.339755 12 0.0
0.342994 0.95948 0.316962 12 0.0
0.349667 0.962022 0.35023 12 0.0
0.321689 0.947079 0.362548 12 0.0
0.315015 0.944537 0.329279 12 0.0
0.780352 0.842828 0.314882 16 0.995394
0.764846 0.855097 0.328028 16 0.995394
0.787186 0.833736 0.331428 16 0.995394
0.795859 0.830559 0.301737 16 0.995394
0.773519 0.851919 0.298336 16 0.995394
0.132473 0.195524 0.696734 12 0.0
0.342638 0.955224 0.71096 12 0.0
0.342277 0.954906 0.724118 12 0.0
0.320903 0.944768 0.71011 12 0.0
0.343 0.955542 0.697802 12 0.0
0.364373 0.965681 0.71181 12 0.0
0.474311 0.983252 0.35989 12 0.0
0.449649 0.982594 0.348698 12 0.0
0.459246 0.981481 0.393189 12 0.0
0.498972 0.98391 0.371082 12 0.0
0.489376 0.985022 0.326591 12 0.0
0.710064 0.906357 0.622262 12 0.0
0.692877 0.918775 0.624863 12 0.0
0.713128 0.903794 0.654746 12 0.0
0.72725 0.89394 0.61966 12 0.0
0.707 0.908921 0.589777 12 0.0
0.317812 0.940369 0.747119 3 0.000177
0.280899 0.896794 0.534347 6 0.0
0.291969 0.905157 0.541866 6 0.0
0.264523 0.881934 0.574983 6 0.0
0.26983 0.888432 0.526828 6 0.0
0.297275 0.911655 0.49371 6 0.0
0.799083 0.830789 0.466726 12 0.0
0.787377 0.846168 0.472955 12 0.0
0.802435 0.824375 0.48886 12 0.0
0.810788 0.815411 0.460496 12 0.0
0.79573 0.837203 0.444592 12 0.0
0.867124 0.034452 0.593158 12 0.0
0.799234 0.802234 0.540545 12 0.0
0.788155 0.81997 0.524833 12 0.0
0.789287 0.814316 0.561198 12 0.0
0.810313 0.784498 0.556257 12 0.0
0.809181 0.790152 0.519892 12 0.0
0.141546 0.516439 0.725146 12 0.0
0.764293 0.87677 0.356509 12 0.0
0.750392 0.891034 0.359191 12 0.0
0.76614 0.871974 0.391597 12 0.0
0.778194 0.862507 0.353828 12 0.0
0.762446 0.881567 0.321421 12 0.0
0.855421 0.63096 0.500382 12 0.0
0.853793 0.645086 0.461246 12 0.0
0.850568 0.674889 0.51644 12 0.0
0.85705 0.616834 0.539517 12 0.0
0.860275 0.587031 0.484324 12 0.0
0.154291 0.725454 0.463285 12 0.0
0.159993 0.746875 0.464488 12 0.0
0.152342 0.722175 0.530887 12 0.0
0.14859 0.704033 0.462081 12 0.0
0.156241 0.728734 0.395682 12 0.0
0.162096 0.764489 0.44524 12 0.0
0.170615 0.78546 0.443037 12 0.0
0.164406 0.770026 0.506869 12 0.0
0.153577 0.743518 0.447444 12 0.0
0.159785 0.758952 0.383611 12 0.0
0.665034 0.953312 0.451496 12 0.0
0.648625 0.9625 0.451566 12 0.0
0.664761 0.952475 0.497509 12 0.0
0.681443 0.944123 0.451427 12 0.0
0.665307 0.954148 0.405484 12 0.0
0.846653 0.057292 0.66338 12 0.0
0.846512 0.068653 0.66225 12 0.0
0.843052 0.059122 0.682235 12 0.0
0.846794 0.045932 0.664509 12 0.0
0.850254 0.055462 0.644525 12 0.0
0.296605 0.625691 0.260898 7 0.964106
0.823132 0.501869 0.252093 13 1e-06
0.724366 0.000894 0.72972 1 0.0
0.46439 0.00128 0.648583 5 0.999991
0.867492 0.22317 0.69265 12 0.0
0.327356 0.934274 0.521537 12 0.0
0.347318 0.943085 0.511477 12 0.0
0.339646 0.939661 0.550643 12 0.0
0.307394 0.925462 0.531597 12 0.0
0.315066 0.928886 0.492431 12 0.0
0.638211 0.398517 0.270544 7 0.0
0.272269 0.020543 0.726888 1 0.001759
0.750087 0.893625 0.611459 12 0.0
0.736873 0.906344 0.614145 12 0.0
0.755091 0.889442 0.655871 12 0.0
0.763302 0.880906 0.608772 12 0.0
0.745084 0.897808 0.567046 12 0.0
0.80178 0.832338 0.361891 12 0.0
0.790021 0.849324 0.364141 12 0.0
0.803037 0.828334 0.398696 12 0.0
0.81354 0.815352 0.359642 12 0.0
0.800524 0.836342 0.325087 12 0.0
0.177487 0.682729 0.745139 3 0.0
0.138774 0.680035 0.285472 15 0.000873
0.141371 0.70014 0.289432 15 0.000873
0.139057 0.677395 0.298692 15 0.000873
0.136177 0.659931 0.281512 15 0.000873
0.138491 0.682676 0.272252 15 0.000873
0.580256 0.01781 0.289875 5 1e-06
0.134364 0.134303 0.73563 10 0.000106
0.810452 0.813319 0.501755 12 0.0
0.802753 0.826111 0.492325 12 0.0
0.802327 0.826272 0.525959 12 0.0
0.81815 0.800528 0.511184 12 0.0
0.818576 0.800366 0.47755 12 0.0
0.393058 0.981101 0.536146 12 3.8e-05
0.407687 0.986062 0.529995 12 3.8e-05
0.396757 0.980175 0.544196 12 3.8e-05
0.378429 0.976139 0.542297 12 3.8e-05
0.389359 0.982027 0.528096 12 3.8e-05
0.841285 0.000485 0.49599 1 2.7e-05
0.240732 0.85313 0.361474 12 0.0
0.256012 0.869196 0.351115 12 0.0
0.250975 0.86367 0.392931 12 0.0
0.225452 0.837065 0.371833 12 0.0
0.230488 0.84259 0.330018 12 0.0
0.295046 0.919818 0.68786 6 0.0
0.314764 0.931262 0.676459 6 0.0
0.29904 0.926904 0.701882 6 0.0
0.275327 0.908373 0.699261 6 0.0
0.291051 0.912731 0.673838 6 0.0
0.336917 0.947136 0.528451 12 0.0
0.351681 0.952709 0.519352 12 0.0
0.35151 0.955044 0.556975 12 0.0
0.322152 0.941562 0.537551 12 0.0
0.322323 0.939227 0.499928 12 0.0
0.643938 0.953296 0.425497 12 0.0
0.624445 0.961793 0.433066 12 0.0
0.649957 0.950566 0.44406 12 0.0
0.663431 0.944799 0.417927 12 0.0
0.637919 0.956026 0.406933 12 0.0
0.199579 0.836981 0.650393 6 0.0
0.210184 0.853065 0.649392 6 0.0
0.200134 0.838603 0.682354 6 0.0
0.188975 0.820897 0.651393 6 0.0
0.199025 0.835358 0.618431 6 0.0
0.147252 0.001303 0.508554 1 3.8e-05
0.628094 0.733127 0.751278 7 0.99999
0.862983 0.355623 0.736018 12 0.0
0.178489 0.233204 0.245745 13 0.0
0.372119 0.918537 0.586104 12 0.0
0.399366 0.934376 0.569708 12 0.0
0.393847 0.921862 0.625425 12 0.0
0.344871 0.902698 0.602501 12 0.0
0.35039 0.915211 0.546784 12 0.0
0.506838 0.990053 0.476795 12 0.0
0.493838 0.990915 0.479538 12 0.0
0.514574 0.990276 0.513385 12 0.0
0.519838 0.989192 0.474052 12 0.0
0.499103 0.98983 0.440205 12 0.0
0.590168 0.981734 0.373016 12 0.0
0.569133 0.986747 0.374335 12 0.0
0.592491 0.980767 0.413765 12 0.0
0.611202 0.976721 0.371698 12 0.0
0.587844 0.982701 0.332268 12 0.0
0.239429 0.880789 0.557272 6 0.0
0.253173 0.895244 0.549314 6 0.0
0.249582 0.89318 0.59731 6 0.0
0.225686 0.866334 0.565231 6 0.0
0.229277 0.868398 0.517235 6 0.0
0.191132 0.0046 0.739344 1 0.012909
0.841069 0.277514 0.746483 3 0.0
0.175881 0.753768 0.598098 12 0.0
0.179127 0.764452 0.628421 12 0.0
0.171188 0.742156 0.602692 12 0.0
0.172635 0.743085 0.567775 12 0.0
0.180574 0.76538 0.593504 12 0.0
0.635815 0.752937 0.748936 7 0.0
0.132386 0.260971 0.685623 12 0.0
0.558865 0.978374 0.346814 12 1.5e-05
0.543046 0.981032 0.343036 12 1.5e-05
0.551778 0.97976 0.377467 12 1.5e-05
0.574685 0.975715 0.350592 12 1.5e-05
0.565953 0.976988 0.316161 12 1.5e-05
0.237134 0.877048 0.510754 12 0.0
0.253147 0.895223 0.514237 12 0.0
0.230205 0.870557 0.576472 12 0.0
0.221121 0.858872 0.50727 12 0.0
0.244063 0.883538 0.445035 12 0.0
0.844546 0.30426 0.702358 12 0.0
0.368762 -0.000151 0.457963 5 0.996122
0.523024 0.991732 0.481228 12 0.0
0.502453 0.993308 0.482921 12 0.0
0.528574 0.991282 0.549066 12 0.0
0.543595 0.990157 0.479534 12 0.0
0.517474 0.992183 0.413389 12 0.0
0.432916 0.767743 0.745037 7 0.999182
0.308769 0.93537 0.361259 12 0.0
0.326774 0.946713 0.354041 12 0.0
0.319467 0.941713 0.397915 12 0.0
0.290763 0.924027 0.368477 12 0.0
0.29807 0.929027 0.324604 12 0.0
0.363924 0.761654 0.248256 14 0.0
0.215388 0.84892 0.300363 12 0.999966
0.224682 0.859162 0.301576 12 0.999966
0.217501 0.845017 0.317123 12 0.999966
0.206093 0.838679 0.29915 12 0.999966
0.213274 0.852824 0.283604 12 0.999966
0.325425 0.945528 0.511649 12 0.0
0.404389 0.023818 0.249522 13 0.796129
0.237298 0.877919 0.377189 12 0.0
0.254312 0.896232 0.371557 12 0.0
0.24331 0.884542 0.416891 12 0.0
0.220284 0.859606 0.38282 12 0.0
0.231285 0.871297 0.337486 12 0.0
0.369641 0.970636 0.398918 12 0.0
0.372721 0.971673 0.349381 12 0.0
0.389335 0.977804 0.400292 12 0.0
0.36656 0.969598 0.448454 12 0.0
0.349947 0.963468 0.397543 12 0.0
0.49982 9.7e-05 0.252848 13 1.0
0.579401 0.984664 0.747977 3 0.999292
0.839496 0.748608 0.354717 12 0.0
0.8372 0.758192 0.32183 12 0.0
0.831367 0.771448 0.361941 12 0.0
0.841793 0.739024 0.387604 12 0.0
0.847625 0.725767 0.347493 12 0.0
0.408373 0.982218 0.413634 12 0.0
0.390073 0.976977 0.413158 12 0.0
0.407382 0.980882 0.466396 12 0.0
0.426673 0.987458 0.414111 12 0.0
0.409363 0.983554 0.360873 12 0.0
0.82673 0.748253 0.342016 16 0.0
0.817754 0.77938 0.315816 16 0.0
0.822977 0.758465 0.355434 16 0.0
0.835705 0.717126 0.368216 16 0.0
0.830482 0.738041 0.328597 16 0.0
0.800174 0.82572 0.429625 12 0.0
0.793348 0.836921 0.432391 12 0.0
0.804091 0.821591 0.456017 12 0.0
0.807 0.814519 0.42686 12 0.0
0.796258 0.829848 0.403234 12 0.0
0.266647 0.830695 0.663402 10 2.2e-05
0.289281 0.85119 0.665112 10 2.2e-05
0.263004 0.832666 0.688015 10 2.2e-05
0.244013 0.8102 0.661692 10 2.2e-05
0.270291 0.828725 0.638789 10 2.2e-05
0.692922 0.915867 0.333197 9 0.080317
0.671144 0.930623 0.333368 9 0.080317
0.693228 0.916183 0.345002 9 0.080317
0.714699 0.901111 0.333026 9 0.080317
0.692615 0.915551 0.321392 9 0.080317
0.296922 0.911277 0.729117 3 0.145116
0.821922 0.782393 0.588088 12 0.0
0.811622 0.802445 0.57537 12 0.0
0.814339 0.797034 0.617311 12 0.0
0.832222 0.762341 0.600806 12 0.0
0.829505 0.767753 0.558865 12 0.0
0.683291 0.941738 0.425764 12 0.0
0.668634 0.950757 0.42627 12 0.0
0.684514 0.941269 0.46952 12 0.0
0.697948 0.93272 0.425257 12 0.0
0.682067 0.942207 0.382008 12 0.0
0.840637 0.749376 0.318603 16 1.3e-05
0.833063 0.771866 0.319084 16 1.3e-05
0.839484 0.748514 0.340714 16 1.3e-05
0.848211 0.726886 0.318121 16 1.3e-05
0.84179 0.750237 0.296491 16 1.3e-05
0.75312 0.890246 0.682418 12 0.0
0.738795 0.90499 0.698043 12 0.0
0.762072 0.881645 0.69874 12 0.0
0.767445 0.875502 0.666793 12 0.0
0.744169 0.898847 0.666095 12 0.0
0.779757 0.844112 0.541194 12 0.0
0.766353 0.861121 0.548765 12 0.0
0.786166 0.836869 0.568814 12 0.0
0.793161 0.827103 0.533624 12 0.0
0.773349 0.851354 0.513575 12 0.0
0.22203 0.015621 0.751014 3 0.0
0.516748 0.991195 0.732627 10 0.999837
0.792293 0.84378 0.326142 12 2e-06
0.781267 0.857271 0.333785 12 2e-06
0.797472 0.83445 0.350083 12 2e-06
0.803319 0.830288 0.318499 12 2e-06
0.787114 0.853109 0.302202 12 2e-06
0.212153 0.82838 0.739015 3 0.999968
0.843864 0.744367 0.599518 12 0.0
0.842791 0.743176 0.554099 12 0.0
0.837612 0.763141 0.599173 12 0.0
0.844936 0.745557 0.644936 12 0.0
0.850116 0.725592 0.599862 12 0.0
0.143194 0.696514 0.474136 12 0.0
0.146511 0.715309 0.479038 12 0.0
0.141052 0.686146 0.515336 12 0.0
0.139877 0.67772 0.469234 12 0.0
0.145335 0.706882 0.432936 12 0.0
0.18146 0.795602 0.411823 12 0.0
0.191719 0.815418 0.41025 12 0.0
0.182623 0.799194 0.464651 12 0.0
0.171201 0.775786 0.413396 12 0.0
0.180297 0.792011 0.358996 12 0.0
0.264051 0.907634 0.250859 13 0.999964
0.821826 0.779874 0.473577 12 0.0
0.812413 0.797149 0.459537 12 0.0
0.814102 0.794071 0.496221 12 0.0
0.831238 0.762599 0.487618 12 0.0
0.829549 0.765677 0.450933 12 0.0
0.707847 0.92829 0.521188 12 0.0
0.693837 0.938754 0.523495 12 0.0
0.711279 0.927072 0.547551 12 0.0
0.721857 0.917825 0.518881 12 0.0
0.704416 0.929507 0.494825 12 0.0
0.866813 0.012527 0.647313 12 0.0
0.240221 -0.00075 0.728315 1 0.0
0.152653 0.148887 0.752249 3 0.000577
0.844678 0.32479 0.745403 3 0.00357
0.323217 0.942753 0.499313 10 0.0
0.336362 0.949017 0.496003 10 0.0
0.327458 0.949012 0.528005 10 0.0
0.310072 0.936489 0.502622 10 0.0
0.318976 0.936494 0.47062 10 0.0
0.630002 0.961453 0.644148 12 0.0
0.610944 0.967131 0.633381 12 0.0
0.614669 0.970517 0.676069 12 0.0
0.649061 0.955775 0.654915 12 0.0
0.645335 0.95239 0.612227 12 0.0
0.139926 0.254231 0.737041 10 2e-06
0.571855 0.006922 0.381762 5 0.989479
0.735118 0.905516 0.655547 12 0.0
0.71911 0.919189 0.662218 12 0.0
0.742904 0.8998 0.685946 12 0.0
0.751127 0.891843 0.648876 12 0.0
0.727333 0.911232 0.625148 12 0.0
0.145518 0.687892 0.396816 12 0.0
0.149864 0.71175 0.405534 12 0.0
0.142891 0.671431 0.443174 12 0.0
0.141172 0.664035 0.388098 12 0.0
0.148145 0.704354 0.350458 12 0.0
0.666185 0.690856 0.724818 7 0.0
0.805227 0.7686 0.482021 12 0.0
0.793212 0.79271 0.465443 12 0.0
0.794275 0.784097 0.512497 12 0.0
0.817242 0.744489 0.4986 12 0.0
0.816179 0.753102 0.451545 12 0.0
0.159914 0.747294 0.646204 12 0.0
0.160385 0.754239 0.679267 12 0.0
0.15105 0.724362 0.651147 12 0.0
0.159443 0.740349 0.613141 12 0.0
0.168778 0.770226 0.641261 12 0.0
0.852622 0.600676 0.731599 9 0.0
0.227943 0.850234 0.430353 12 0.0
0.24214 0.866527 0.426192 12 0.0
0.232684 0.854897 0.46479 12 0.0
0.213745 0.833941 0.434514 12 0.0
0.223201 0.845571 0.395916 12 0.0
0.525365 0.992637 0.739047 10 0.0
0.323192 0.945129 0.573995 12 0.0
0.341445 0.955206 0.563652 12 0.0
0.334804 0.950993 0.600202 12 0.0
0.304938 0.935052 0.584338 12 0.0
0.311579 0.939265 0.547788 12 0.0
0.606359 0.961854 0.529441 10 0.0
0.466173 0.774926 0.741685 7 0.0
0.18579 0.732657 0.47252 12 0.0
0.193063 0.759404 0.481781 12 0.0
0.180473 0.722279 0.506669 12 0.0
0.178518 0.705909 0.463259 12 0.0
0.191107 0.743035 0.438372 12 0.0
0.517887 0.001566 0.353024 2 0.999541
0.280926 0.004223 0.251813 13 1.0
0.391534 0.936384 0.348626 8 4e-06
0.399828 0.939151 0.334271 8 4e-06
0.413304 0.943246 0.362526 8 4e-06
0.38324 0.933617 0.362981 8 4e-06
0.369765 0.929522 0.334726 8 4e-06
0.827412 0.252351 0.741931 4 0.0
0.822232 0.713173 0.582725 12 0.0
0.81916 0.724648 0.559318 12 0.0
0.811331 0.742901 0.598729 12 0.0
0.825304 0.701698 0.606133 12 0.0
0.833134 0.683445 0.566722 12 0.0
0.722583 0.529073 0.751646 7 0.963053
0.544968 0.97344 0.594184 12 0.0
0.80885 0.81819 0.40277 12 0.0
0.802325 0.829689 0.405601 12 0.0
0.813774 0.812182 0.43852 12 0.0
0.815376 0.806691 0.399939 12 0.0
0.803927 0.824197 0.367019 12 0.0
0.282107 0.920798 0.39447 10 0.0
0.292352 0.931224 0.406216 10 0.0
0.266755 0.911634 0.415994 10 0.0
0.271861 0.910373 0.382724 10 0.0
0.297458 0.929963 0.372946 10 0.0
0.427245 0.366263 0.26441 7 0.000133
0.633724 0.954267 0.292284 10 0.0
0.588479 0.958975 0.501647 12 0.0
0.712244 0.924437 0.586233 12 0.0
0.697539 0.935145 0.587227 12 0.0
0.715231 0.923666 0.63871 12 0.0
0.726949 0.913729 0.585238 12 0.0
0.709257 0.925208 0.533755 12 0.0
0.722156 0.921245 0.558966 12 0.0
0.713638 0.925439 0.562207 12 0.0
0.727371 0.91598 0.579487 12 0.0
0.730674 0.917052 0.555726 12 0.0
0.716941 0.92651 0.538445 12 0.0
0.53732 0.954869 0.444 9 0.0
0.697437 0.013485 0.248848 13 0.000158
0.81645 0.807282 0.696759 10 0.0
0.807338 0.821657 0.684865 10 0.0
0.813624 0.816242 0.709753 10 0.0
0.825562 0.792907 0.708653 10 0.0
0.819276 0.798322 0.683765 10 0.0
0.373045 0.964908 0.725443 12 0.0
0.213659 0.840513 0.378966 12 0.0
0.22624 0.857748 0.378841 12 0.0
0.216812 0.838506 0.419729 12 0.0
0.201077 0.823278 0.379091 12 0.0
0.210505 0.842519 0.338203 12 0.0
0.35711 0.919448 0.746721 3 0.0
0.28296 0.911911 0.559145 6 0.0
0.30813 0.931817 0.567092 6 0.0
0.270839 0.903279 0.619159 6 0.0
0.257789 0.892005 0.551199 6 0.0
0.29508 0.920544 0.499132 6 0.0
0.772311 0.866089 0.665295 12 0.0
0.756423 0.885148 0.688423 12 0.0
0.78204 0.856095 0.680214 12 0.0
0.7882 0.84703 0.642166 12 0.0
0.762583 0.876084 0.650375 12 0.0
0.224587 0.861602 0.690071 6 0.0
0.243083 0.883946 0.693469 6 0.0
0.22304 0.859859 0.709951 6 0.0
0.206091 0.839258 0.686673 6 0.0
0.226134 0.863345 0.67019 6 0.0
0.259192 0.005056 0.24951 13 0.6447
0.834991 0.769169 0.680547 12 0.0
0.82744 0.787632 0.679658 12 0.0
0.836282 0.770773 0.7029 12 0.0
0.842541 0.750707 0.681435 12 0.0
0.833699 0.767565 0.658194 12 0.0
0.827951 0.776069 0.273598 16 0.049802
0.740386 0.788707 0.56375 9 4e-06
0.714235 0.81952 0.583301 9 4e-06
0.767216 0.775048 0.621166 9 4e-06
0.766537 0.757894 0.5442 9 4e-06
0.713556 0.802367 0.506334 9 4e-06
0.750886 0.893653 0.436447 12 0.0
0.737306 0.90636 0.4357 12 0.0
0.748967 0.894994 0.494153 12 0.0
0.764465 0.880946 0.437194 12 0.0
0.752804 0.892312 0.378741 12 0.0
0.639282 0.868015 0.324824 9 1e-06
0.612158 0.88588 0.345168 9 1e-06
0.646595 0.865953 0.336386 9 1e-06
0.666406 0.850151 0.304481 9 1e-06
0.631969 0.870078 0.313262 9 1e-06
0.85651 0.636123 0.636905 12 0.0
0.852344 0.66887 0.611157 12 0.0
0.854425 0.656575 0.663253 12 0.0
0.860676 0.603376 0.662653 12 0.0
0.858595 0.615672 0.610557 12 0.0
0.156191 0.748861 0.417384 12 0.0
0.161237 0.764398 0.425221 12 0.0
0.149922 0.734103 0.450675 12 0.0
0.151145 0.733324 0.409546 12 0.0
0.16246 0.763619 0.384092 12 0.0
0.26526 0.910737 0.250855 13 0.996688
0.647577 0.962468 0.401435 12 0.0
0.633546 0.968858 0.401172 12 0.0
0.647336 0.963825 0.447286 12 0.0
0.661609 0.956078 0.401698 12 0.0
0.647818 0.961111 0.355584 12 0.0
0.754376 0.875925 0.728451 12 0.999999
0.331465 0.949521 0.520845 12 0.0
0.35016 0.959162 0.509784 12 0.0
0.340579 0.953838 0.540014 12 0.0
0.312769 0.939879 0.531906 12 0.0
0.32235 0.945204 0.501676 12 0.0
0.700999 0.929425 0.489847 12 0.0
0.685144 0.941 0.490313 12 0.0
0.70126 0.928599 0.519216 12 0.0
0.716854 0.91785 0.489381 12 0.0
0.700739 0.930251 0.460477 12 0.0
0.798314 0.83188 0.512148 12 0.0
0.786162 0.847864 0.519327 12 0.0
0.802944 0.826257 0.532504 12 0.0
0.810466 0.815896 0.504969 12 0.0
0.793685 0.837503 0.491792 12 0.0
0.853408 0.704796 0.705641 12 0.0
0.851274 0.705779 0.69104 12 0.0
0.848889 0.727495 0.70783 12 0.0
0.855542 0.703813 0.720241 12 0.0
0.857927 0.682097 0.703452 12 0.0
0.616559 0.961021 0.650351 12 0.0
0.595536 0.965665 0.636779 12 0.0
0.60034 0.970263 0.678637 12 0.0
0.637582 0.956376 0.663922 12 0.0
0.632778 0.951779 0.622064 12 0.0
0.510651 -0.001227 0.733604 1 0.0
0.310571 0.006559 0.742919 1 3.2e-05
0.497285 -0.002782 0.7077 1 0.0
0.182055 0.698375 0.752467 3 0.0
0.169027 0.701134 0.752126 3 0.0
0.190951 0.7404 0.75264 3 0.0
0.195083 0.695616 0.752809 3 0.0
0.173159 0.65635 0.752294 3 0.0
0.542681 0.993844 0.574502 12 0.0
0.523807 0.995923 0.576712 12 0.0
0.548977 0.992959 0.629103 12 0.0
0.561555 0.991766 0.572292 12 0.0
0.536384 0.99473 0.519902 12 0.0
0.452953 0.001941 0.633974 5 0.999995
0.814067 0.784547 0.597758 12 0.0
0.804153 0.801135 0.579523 12 0.0
0.803068 0.806499 0.623705 12 0.0
0.823981 0.76796 0.615994 12 0.0
0.825065 0.762596 0.571812 12 0.0
0.831542 0.673022 0.267328 13 1.0
0.426487 0.767563 0.747969 11 1e-06
0.460312 0.77083 0.253725 14 0.939672
0.228393 0.842201 0.414175 12 0.0
0.243473 0.860539 0.410828 12 0.0
0.232519 0.846152 0.454412 12 0.0
0.213313 0.823863 0.417522 12 0.0
0.224267 0.838251 0.373938 12 0.0
0.291106 0.921976 0.555257 12 0.0
0.309699 0.934357 0.551401 12 0.0
0.297969 0.930896 0.616999 12 0.0
0.272512 0.909594 0.559113 12 0.0
0.284243 0.913055 0.493515 12 0.0
0.866817 0.448124 0.663789 12 0.0
0.628419 0.950989 0.424766 12 0.0
0.607012 0.960108 0.434122 12 0.0
0.638671 0.945425 0.453647 12 0.0
0.649826 0.94187 0.41541 12 0.0
0.618167 0.956553 0.395885 12 0.0
0.437794 0.977206 0.519754 15 0.0
0.256528 0.89225 0.408852 12 0.0
0.274947 0.909437 0.44767 12 0.0
0.243213 0.879721 0.420717 12 0.0
0.23811 0.875063 0.370034 12 0.0
0.269843 0.904778 0.396987 12 0.0
0.408509 0.756674 0.255061 14 0.000172
0.238384 0.755571 0.448171 11 0.0
0.257191 0.796166 0.436632 11 0.0
0.250937 0.766393 0.5067 11 0.0
0.219578 0.714977 0.45971 11 0.0
0.225832 0.74475 0.389642 11 0.0
0.830241 0.389057 0.738159 3 0.0
0.369468 0.003474 0.568274 5 1.0
0.807389 0.795098 0.459509 12 0.0
0.799442 0.810398 0.459926 12 0.0
0.808768 0.794622 0.503309 12 0.0
0.815337 0.779799 0.459093 12 0.0
0.806011 0.795574 0.41571 12 0.0
0.147963 0.462371 0.711474 12 0.0
0.600478 0.974541 0.49249 12 0.0
0.131658 0.204224 0.667632 12 0.0
0.131391 0.267558 0.656858 12 0.0
0.131914 0.208549 0.693049 12 0.0
0.131924 0.140889 0.678406 12 0.0
0.131401 0.199899 0.642215 12 0.0
0.156174 0.12042 0.73503 12 0.0
0.159028 0.119515 0.728884 12 0.0
0.155126 0.138394 0.731896 12 0.0
0.15332 0.121325 0.741176 12 0.0
0.157222 0.102445 0.738164 12 0.0
0.51939 0.994929 0.447923 12 0.0
0.607351 0.011387 0.746719 3 0.999993
0.279966 0.856681 0.542518 6 0.0
0.299376 0.881009 0.553929 6 0.0
0.261894 0.84156 0.605495 6 0.0
0.260556 0.832352 0.531107 6 0.0
0.298037 0.871802 0.479541 6 0.0
0.291027 0.615831 0.256738 7 0.995171
0.501717 0.956312 0.349348 12 0.0
0.689164 0.933108 0.64013 12 0.0
0.670354 0.945095 0.643666 12 0.0
0.695245 0.932095 0.675912 12 0.0
0.707974 0.921122 0.636594 12 0.0
0.683083 0.934122 0.604347 12 0.0
0.673018 0.949028 0.545704 12 0.0
0.628159 -0.001381 0.25738 1 1.0
0.488866 0.988011 0.683118 12 0.0
0.506079 0.989637 0.686042 12 0.0
0.485176 0.987025 0.705389 12 0.0
0.471654 0.986386 0.680194 12 0.0
0.492556 0.988998 0.660847 12 0.0
0.342737 0.955256 0.314811 12 0.003647
0.350937 0.959264 0.297356 12 0.003647
0.364945 0.965912 0.32769 12 0.003647
0.334538 0.951248 0.332267 12 0.003647
0.32053 0.9446 0.301933 12 0.003647
0.630901 0.943224 0.58805 12 0.0
0.795571 0.840224 0.317024 16 0.008244
0.786223 0.852723 0.329504 16 0.008244
0.804228 0.828535 0.335215 16 0.008244
0.804919 0.827725 0.304544 16 0.008244
0.786914 0.851913 0.298833 16 0.008244
0.138271 0.288697 0.727869 12 0.0
0.834336 0.759844 0.378618 12 0.0
0.83364 0.764176 0.338553 12 0.0
0.824898 0.783785 0.38137 12 0.0
0.835032 0.755512 0.418683 12 0.0
0.843774 0.735903 0.375866 12 0.0
0.176588 0.198839 0.753448 3 0.0
0.401682 0.982553 0.476266 12 0.0
0.763399 0.836401 0.606422 12 0.0
0.74478 0.8564 0.625038 12 0.0
0.775762 0.823107 0.633069 12 0.0
0.782019 0.816401 0.587806 12 0.0
0.751037 0.849695 0.579775 12 0.0
0.781345 0.826039 0.493857 12 0.0
0.772105 0.839971 0.498313 12 0.0
0.786936 0.817955 0.530723 12 0.0
0.790585 0.812106 0.4894 12 0.0
0.775754 0.834122 0.456991 12 0.0
0.822946 0.633943 0.617707 12 0.0
0.811798 0.662572 0.580846 12 0.0
0.824045 0.658751 0.636643 12 0.0
0.834095 0.605314 0.654568 12 0.0
0.821847 0.609135 0.598772 12 0.0
0.65719 0.935904 0.640856 12 0.0
0.637721 0.946489 0.628827 12 0.0
0.643851 0.943092 0.668771 12 0.0
0.676658 0.925319 0.652884 12 0.0
0.670528 0.928715 0.612941 12 0.0
0.818783 0.781046 0.556672 12 0.0
0.808296 0.802005 0.542106 12 0.0
0.810671 0.795049 0.582661 12 0.0
0.829271 0.760087 0.571238 12 0.0
0.826896 0.767044 0.530683 12 0.0
0.678721 0.925213 0.44498 12 0.0
0.663616 0.933531 0.444491 12 0.0
0.67753 0.925314 0.483498 12 0.0
0.693827 0.916895 0.445469 12 0.0
0.679912 0.925112 0.406462 12 0.0
0.177458 0.792845 0.325429 12 0.0
0.185667 0.807332 0.341596 12 0.0
0.169473 0.774717 0.345728 12 0.0
0.16925 0.778358 0.309262 12 0.0
0.185444 0.810973 0.305129 12 0.0
0.799045 0.835315 0.567594 12 0.0
0.788118 0.851299 0.567576 12 0.0
0.798832 0.835231 0.622932 12 0.0
0.809971 0.819331 0.567612 12 0.0
0.799257 0.835399 0.512255 12 0.0
0.24525 0.88673 0.708565 6 0.0
0.26815 0.909529 0.707832 6 0.0
0.246679 0.885794 0.72409 6 0.0
0.222349 0.863931 0.709297 6 0.0
0.243821 0.887666 0.693039 6 0.0
0.523839 0.994675 0.548812 12 0.0
0.543275 0.994669 0.549055 12 0.0
0.523196 0.994098 0.600184 12 0.0
0.504403 0.994682 0.548568 12 0.0
0.524482 0.995253 0.497439 12 0.0
0.7483 0.888791 0.448915 10 0.0
0.733999 0.90223 0.451102 10 0.0
0.749846 0.885453 0.47954 10 0.0
0.762601 0.875353 0.446728 10 0.0
0.746754 0.89213 0.418291 10 0.0
0.853937 0.688353 0.599042 12 0.0
0.85302 0.688677 0.551856 12 0.0
0.84972 0.714163 0.599301 12 0.0
0.854854 0.688029 0.646227 12 0.0
0.858154 0.662542 0.598783 12 0.0
0.237604 0.879885 0.750234 3 0.999998
0.855806 0.001684 0.465524 1 0.060028
0.326226 0.947532 0.505256 12 0.0
0.343738 0.956514 0.496225 12 0.0
0.336287 0.954275 0.531473 12 0.0
0.308714 0.93855 0.514287 12 0.0
0.316165 0.940789 0.479039 12 0.0
0.201954 0.675314 0.518258 12 0.0
0.217417 0.723529 0.539687 12 0.0
0.198359 0.658181 0.559401 12 0.0
0.18649 0.6271 0.49683 12 0.0
0.205549 0.692447 0.477116 12 0.0
0.847407 0.018087 0.708121 1 0.0
0.839756 0.023462 0.708546 1 0.0
0.848884 0.019081 0.722143 1 0.0
0.855059 0.012713 0.707696 1 0.0
0.845931 0.017094 0.694099 1 0.0
0.145763 0.466012 0.27609 12 0.0
0.303905 0.64188 0.257245 14 0.999369
0.251843 0.890348 0.380258 12 0.0
0.269519 0.906388 0.37195 12 0.0
0.261899 0.899929 0.420152 12 0.0
0.234167 0.874308 0.388566 12 0.0
0.241787 0.880767 0.340364 12 0.0
0.852287 0.706623 0.688738 12 0.0
0.848962 0.712925 0.670047 12 0.0
0.849743 0.724112 0.695087 12 0.0
0.855613 0.700322 0.707429 12 0.0
0.854832 0.689134 0.682389 12 0.0
0.162753 0.219659 0.683936 12 0.0
0.143511 0.69811 0.355953 12 0.0
0.147042 0.716868 0.362192 12 0.0
0.142206 0.687611 0.388252 12 0.0
0.139981 0.679351 0.349713 12 0.0
0.144817 0.708608 0.323653 12 0.0
0.86583 0.025601 0.639378 12 0.0
0.692344 0.934966 0.746599 3 0.999999
0.311947 0.936472 0.691274 6 0.0
0.332878 0.949595 0.681718 6 0.0
0.317227 0.939401 0.706862 6 0.0
0.291016 0.923348 0.700829 6 0.0
0.306667 0.933542 0.675686 6 0.0
0.134189 0.175184 0.730186 10 0.0
0.646108 0.001122 0.479046 5 1.0
0.300342 0.924294 0.691734 6 0.0
0.309308 0.927401 0.681396 6 0.0
0.314238 0.937138 0.70765 6 0.0
0.291375 0.921186 0.702071 6 0.0
0.286445 0.911449 0.675818 6 0.0
0.803896 0.774886 0.612286 12 0.0
0.79277 0.795014 0.592425 12 0.0
0.79411 0.793536 0.63667 12 0.0
0.815023 0.754757 0.632147 12 0.0
0.813683 0.756236 0.587902 12 0.0
0.69471 0.934125 0.248637 13 1.0
0.8505 0.709703 0.366624 12 0.0
0.845432 0.731976 0.37186 12 0.0
0.850998 0.701092 0.403742 12 0.0
0.855569 0.687429 0.361389 12 0.0
0.850003 0.718313 0.329506 12 0.0
0.813636 0.001983 0.480847 1 0.0
0.317702 0.926428 0.461079 12 0.0
0.320981 0.944547 0.541218 12 0.0
0.147848 0.525725 0.735794 12 0.000236
0.195151 0.657803 0.468405 12 0.0
0.201783 0.695594 0.494497 12 0.0
0.186773 0.625786 0.516905 12 0.0
0.18852 0.620011 0.442312 12 0.0
0.203529 0.689819 0.419904 12 0.0
0.548425 0.003709 0.367631 5 0.99974
0.134158 0.295643 0.709824 10 0.0
0.196905 0.824865 0.506649 12 0.0
0.207769 0.841494 0.50286 12 0.0
0.201124 0.831827 0.549299 12 0.0
0.186042 0.808235 0.510438 12 0.0
0.192687 0.817903 0.463999 12 0.0
0.168663 0.76885 0.63168 12 0.0
0.17402 0.785963 0.668402 12 0.0
0.160204 0.751603 0.640951 12 0.0
0.163307 0.751736 0.594958 12 0.0
0.177123 0.786096 0.622409 12 0.0
0.86472 0.607661 0.469111 12 0.0
0.86439 0.635846 0.472521 12 0.0
0.865368 0.599371 0.537687 12 0.0
0.865051 0.579476 0.4657 12 0.0
0.864073 0.615951 0.400534 12 0.0
0.509968 0.03217 0.63721 5 0.0
0.533558 0.032092 0.634795 5 0.0
0.510205 0.019577 0.639937 5 0.0
0.486377 0.032248 0.639625 5 0.0
0.509731 0.044763 0.634484 5 0.0
0.332298 0.691782 0.247208 7 0.999966
0.295269 0.927961 0.325981 12 1e-06
0.310595 0.937381 0.344953 12 1e-06
0.282219 0.918033 0.341452 12 1e-06
0.279943 0.918541 0.307009 12 1e-06
0.308319 0.937888 0.31051 12 1e-06
0.375789 0.387727 0.25979 7 0.999794
0.604222 0.974248 0.468 10 0.0
0.865575 0.630871 0.248479 12 1.0
0.855601 0.540443 0.710202 12 0.0
0.855398 0.303241 0.727449 12 0.0
0.391626 0.975623 0.311235 9 1.2e-05
0.367211 0.967816 0.308967 9 1.2e-05
0.389764 0.974963 0.333555 9 1.2e-05
0.41604 0.98343 0.313502 9 1.2e-05
0.393488 0.976283 0.288914 9 1.2e-05
0.840553 0.612343 0.746589 3 0.999998
0.297299 0.929238 0.361461 12 0.0
0.31348 0.942013 0.355997 12 0.0
0.30626 0.934012 0.399155 12 0.0
0.281118 0.916463 0.366926 12 0.0
0.288339 0.924464 0.323768 12 0.0
0.608087 0.927508 0.400359 12 1e-06
0.568566 0.942048 0.404015 12 1e-06
0.611789 0.928029 0.438292 12 1e-06
0.647609 0.912968 0.396702 12 1e-06
0.604386 0.926987 0.362425 12 1e-06
0.557372 0.990127 0.522236 12 0.0
0.710914 0.621625 0.748159 7 0.0
0.241624 0.868791 0.45026 12 0.0
0.256586 0.883524 0.445444 12 0.0
0.248673 0.877167 0.497787 12 0.0
0.226662 0.854058 0.455076 12 0.0
0.234575 0.860415 0.402732 12 0.0
0.531065 0.788297 0.247686 13 0.666103
0.74333 0.544967 0.752738 3 0.0
0.452806 0.979461 0.500493 12 0.0
0.339333 0.953938 0.330278 12 0.0
0.349374 0.959486 0.309819 12 0.0
0.358029 0.964157 0.342226 12 0.0
0.329291 0.948389 0.350737 12 0.0
0.320636 0.943718 0.31833 12 0.0
0.291141 0.92178 0.590424 6 0.0
0.314485 0.939823 0.574429 6 0.0
0.303768 0.92937 0.617413 6 0.0
0.267797 0.903737 0.60642 6 0.0
0.278514 0.91419 0.563435 6 0.0
0.794875 0.831314 0.330139 12 0.0
0.786682 0.844369 0.333169 12 0.0
0.799707 0.828579 0.354988 12 0.0
0.803068 0.818259 0.327109 12 0.0
0.790043 0.834048 0.305291 12 0.0
0.864524 0.002949 0.58425 1 1.0
0.351503 0.958206 0.728287 12 0.0
0.228431 0.835179 0.642529 6 0.0
0.246212 0.85833 0.645316 6 0.0
0.227094 0.832278 0.675163 6 0.0
0.21065 0.812028 0.639742 6 0.0
0.229769 0.83808 0.609895 6 0.0
0.551977 0.973269 0.333766 12 0.0
0.535158 0.974521 0.318647 12 0.0
0.533207 0.977247 0.354975 12 0.0
0.568795 0.972016 0.348886 12 0.0
0.570747 0.96929 0.312558 12 0.0
0.192702 0.784843 0.61213 12 0.0
0.272719 0.904162 0.403828 12 0.0
0.290132 0.916149 0.450909 12 0.0
0.255084 0.887618 0.414562 12 0.0
0.255306 0.892174 0.356746 12 0.0
0.290354 0.920705 0.393094 12 0.0
0.674543 0.947285 0.392881 12 0.0
0.662741 0.954162 0.39356 12 0.0
0.675603 0.944623 0.438296 12 0.0
0.686344 0.940408 0.392202 12 0.0
0.673482 0.949946 0.347466 12 0.0
0.75696 0.886337 0.728356 12 0.0
0.738527 0.904356 0.728678 12 0.0
0.757595 0.886827 0.737266 12 0.0
0.775393 0.868318 0.728034 12 0.0
0.756326 0.885847 0.719446 12 0.0
0.78149 0.853831 0.517358 12 0.0
0.773342 0.863846 0.521424 12 0.0
0.786523 0.847688 0.542569 12 0.0
0.789638 0.843815 0.513291 12 0.0
0.776458 0.859973 0.492147 12 0.0
0.772541 0.864405 0.338708 12 0.0
0.758658 0.878991 0.34697 12 0.0
0.778546 0.853932 0.367285 12 0.0
0.786425 0.849819 0.330445 12 0.0
0.766536 0.874878 0.31013 12 0.0
0.842326 0.671478 0.544025 12 0.0
0.84027 0.685535 0.5103 12 0.0
0.837526 0.699974 0.556195 12 0.0
0.844383 0.657421 0.57775 12 0.0
0.847127 0.642982 0.531855 12 0.0
0.249395 0.010367 0.748547 3 0.00013
0.671932 0.950295 0.46441 12 0.0
0.615129 0.974949 0.40746 12 0.0
0.59766 0.980639 0.406779 12 0.0
0.613663 0.976489 0.457916 12 0.0
0.632598 0.969258 0.408142 12 0.0
0.616595 0.973408 0.357004 12 0.0
0.83243 0.728249 0.496191 12 0.0
0.143638 0.681318 0.664148 10 0.0
0.143147 0.687912 0.692044 10 0.0
0.138888 0.654591 0.670382 10 0.0
0.14413 0.674724 0.636251 10 0.0
0.148388 0.708045 0.657914 10 0.0
0.865985 0.07212 0.751644 3 1.0
0.863855 0.221429 0.729397 12 0.0
0.585915 0.962619 0.648855 12 0.0
0.563969 0.964912 0.636528 12 0.0
0.570407 0.973377 0.678465 12 0.0
0.607861 0.960326 0.661183 12 0.0
0.601423 0.951861 0.619246 12 0.0
0.130849 0.296737 0.30166 12 0.0
0.354008 0.012877 0.730697 1 0.0
0.233876 0.871933 0.321703 12 0.0
0.250247 0.892022 0.312532 12 0.0
0.239795 0.877256 0.343929 12 0.0
0.217504 0.851844 0.330875 12 0.0
0.227956 0.866611 0.299477 12 0.0
0.291801 0.927676 0.685896 6 0.0
0.308178 0.938027 0.670795 6 0.0
0.301895 0.936453 0.702859 6 0.0
0.275423 0.917325 0.700998 6 0.0
0.281707 0.9189 0.668934 6 0.0
0.804351 0.771913 0.613986 12 0.0
0.793639 0.791337 0.593064 12 0.0
0.793516 0.791729 0.63793 12 0.0
0.815063 0.752489 0.634908 12 0.0
0.815186 0.752098 0.590042 12 0.0
0.183599 0.809816 0.325433 12 0.035141
0.187419 0.822939 0.340549 12 0.035141
0.176637 0.802634 0.333428 12 0.035141
0.17978 0.796693 0.310317 12 0.035141
0.190562 0.816997 0.317439 12 0.035141
0.258324 0.004684 0.253485 1 1.0
0.855956 0.678686 0.363313 12 0.0
0.852491 0.702108 0.365723 12 0.0
0.854324 0.674728 0.399423 12 0.0
0.859421 0.655264 0.360902 12 0.0
0.857587 0.682644 0.327202 12 0.0
0.427702 0.986125 0.409918 12 0.0
0.408337 0.9815 0.41126 12 0.0
0.431034 0.98736 0.462255 12 0.0
0.447066 0.99075 0.408576 12 0.0
0.42437 0.98489 0.35758 12 0.0
0.522451 0.790655 0.247555 13 0.0
0.297752 0.640815 0.75411 7 0.999558
0.150986 0.712359 0.499218 12 0.0
0.156362 0.733869 0.508424 12 0.0
0.148177 0.699422 0.531089 12 0.0
0.14561 0.690849 0.490013 12 0.0
0.153795 0.725297 0.467347 12 0.0
0.675062 0.029986 0.749631 3 0.0
0.620297 -0.005113 0.571466 5 1.0
0.293432 0.486139 0.248219 7 0.989678
0.138511 0.356962 0.73537 12 3e-06
0.284082 0.556006 0.759089 11 0.999988
0.133413 0.288845 0.712153 12 0.0
0.626449 0.389352 0.256322 14 0.799366
0.216974 0.782029 0.424076 12 0.0
0.2388 0.812382 0.411897 12 0.0
0.225371 0.795317 0.472242 12 0.0
0.195149 0.751675 0.436254 12 0.0
0.208577 0.768741 0.375909 12 0.0
0.754701 0.001782 0.75197 3 0.999215
0.417799 0.961619 0.344684 10 0.0
0.433532 0.962004 0.338325 10 0.0
0.429419 0.961858 0.373452 10 0.0
0.402065 0.961233 0.351042 10 0.0
0.406178 0.961379 0.315915 10 0.0
0.492015 0.004293 0.347576 5 0.999222
0.839037 0.569986 0.734041 3 0.0
0.619911 0.959488 0.326587 12 0.115901
0.603694 0.968191 0.326331 12 0.115901
0.620251 0.960811 0.350095 12 0.115901
0.636128 0.950785 0.326842 12 0.115901
0.619571 0.958165 0.303078 12 0.115901
0.589819 0.969913 0.44475 12 0.0
0.304052 0.930643 0.489206 12 0.0
0.326077 0.945794 0.487121 12 0.0
0.310649 0.931717 0.566681 12 0.0
0.282028 0.915492 0.491292 12 0.0
0.297455 0.92957 0.411732 12 0.0
0.134766 0.195425 0.712737 12 0.0
0.191912 0.393302 0.756125 3 0.0
0.483741 0.960991 0.359626 12 0.289094
0.218307 0.811496 0.499074 12 0.0
0.232924 0.834268 0.492444 12 0.0
0.224445 0.820007 0.541838 12 0.0
0.203691 0.788725 0.505703 12 0.0
0.21217 0.802985 0.456309 12 0.0
0.521369 0.00042 0.718075 1 0.0
0.537768 0.95982 0.483193 12 0.0
0.837966 0.382154 0.249539 13 0.0
0.469337 0.987963 0.361042 12 0.0
0.441223 0.985406 0.371447 12 0.0
0.481862 0.989433 0.395249 12 0.0
0.497452 0.99052 0.350638 12 0.0
0.456813 0.986493 0.326836 12 0.0
0.350953 0.960452 0.301806 12 0.0
0.354192 0.96195 0.285642 12 0.0
0.37337 0.970745 0.307252 12 0.0
0.347714 0.958954 0.317971 12 0.0
0.328537 0.950158 0.296361 12 0.0
0.62443 0.945508 0.607108 12 1e-06
0.606296 0.95073 0.600364 12 1e-06
0.612548 0.949232 0.641941 12 1e-06
0.642564 0.940287 0.613852 12 1e-06
0.636312 0.941785 0.572275 12 1e-06
0.134132 0.265787 0.737501 12 1e-06
0.454354 0.990394 0.439828 12 0.0
0.432005 0.987503 0.439993 12 0.0
0.454776 0.990603 0.500717 12 0.0
0.476703 0.993284 0.439664 12 0.0
0.453933 0.990184 0.378939 12 0.0
0.173509 0.253439 0.753147 3 0.0
0.208363 0.842469 0.359392 12 0.0
0.221855 0.861266 0.353148 12 0.0
0.213692 0.849679 0.392614 12 0.0
0.194871 0.823672 0.365635 12 0.0
0.203034 0.835259 0.326169 12 0.0
0.7492 0.896677 0.389771 12 0.0
0.73666 0.908703 0.394416 12 0.0
0.755193 0.8906 0.421683 12 0.0
0.76174 0.884652 0.385126 12 0.0
0.743207 0.902755 0.357859 12 0.0
0.62065 0.969456 0.587536 12 0.0
0.603553 0.975608 0.5935 12 0.0
0.627939 0.966427 0.611558 12 0.0
0.637746 0.963304 0.581573 12 0.0
0.61336 0.972485 0.563515 12 0.0
0.768278 0.8528 0.668566 12 1e-06
0.759763 0.864834 0.679211 12 1e-06
0.778092 0.842458 0.688106 12 1e-06
0.776793 0.840765 0.65792 12 1e-06
0.758464 0.863141 0.649026 12 1e-06
0.790748 0.844229 0.458342 12 0.0
0.779971 0.858283 0.459452 12 0.0
0.791958 0.842737 0.488961 12 0.0
0.801525 0.830175 0.457231 12 0.0
0.789537 0.845721 0.427722 12 0.0
0.224993 0.864006 0.64201 6 0.0
0.239423 0.880998 0.641464 6 0.0
0.224063 0.865921 0.677034 6 0.0
0.210562 0.847013 0.642556 6 0.0
0.225923 0.86209 0.606987 6 0.0
0.182156 0.797736 0.593025 10 0.0
0.187838 0.808786 0.619966 10 0.0
0.173091 0.780529 0.601994 10 0.0
0.176475 0.786687 0.566084 10 0.0
0.191222 0.814943 0.584056 10 0.0
0.327508 0.923891 0.432422 12 0.0
0.670153 0.950281 0.676655 12 0.0
0.657176 0.956399 0.668282 12 0.0
0.659459 0.957332 0.69838 12 0.0
0.683131 0.944163 0.685028 12 0.0
0.680847 0.94323 0.65493 12 0.0
0.265807 0.879675 0.328822 12 0.0
0.280998 0.89237 0.346958 12 0.0
0.256152 0.871063 0.342937 12 0.0
0.250615 0.86698 0.310686 12 0.0
0.275462 0.888287 0.314707 12 0.0
0.683434 0.920684 0.441876 12 0.0
0.66556 0.928211 0.440586 12 0.0
0.680451 0.920167 0.480182 12 0.0
0.701308 0.913158 0.443167 12 0.0
0.686417 0.921201 0.403571 12 0.0
0.786466 0.851859 0.565122 12 0.0
0.775978 0.864842 0.570306 12 0.0
0.791298 0.845997 0.58958 12 0.0
0.796954 0.838876 0.559938 12 0.0
0.781634 0.857721 0.540665 12 0.0
0.861271 0.636326 0.630055 12 0.0
0.860198 0.649834 0.592292 12 0.0
0.857843 0.668238 0.641568 12 0.0
0.862343 0.622818 0.667818 12 0.0
0.864698 0.604413 0.618542 12 0.0
0.15071 0.734216 0.4039 12 0.0
0.156661 0.751037 0.412622 12 0.0
0.149288 0.724373 0.423853 12 0.0
0.144759 0.717395 0.395178 12 0.0
0.152132 0.744059 0.383947 12 0.0
0.327248 0.955612 0.247034 13 1.0
0.82 0.776918 0.42701 12 0.0
0.811952 0.793342 0.415331 12 0.0
0.813329 0.791003 0.451417 12 0.0
0.828049 0.760494 0.438689 12 0.0
0.826672 0.762832 0.402604 12 0.0
0.865572 0.01528 0.65685 12 6e-06
0.144382 0.706173 0.562099 12 0.0
0.147043 0.721216 0.569966 12 0.0
0.140852 0.693225 0.588054 12 0.0
0.141721 0.69113 0.554233 12 0.0
0.147912 0.719121 0.536144 12 0.0
0.848903 0.050882 0.750116 3 0.999999
0.847768 0.057764 0.751986 3 0.999999
0.844642 0.049995 0.750792 3 0.999999
0.850039 0.043999 0.748245 3 0.999999
0.853164 0.051769 0.74944 3 0.999999
0.744981 0.898568 0.573001 12 0.0
0.733068 0.909678 0.577952 12 0.0
0.75297 0.891788 0.607438 12 0.0
0.756894 0.887459 0.56805 12 0.0
0.736992 0.905348 0.538564 12 0.0
0.257408 0.896432 0.396765 12 0.0
0.27379 0.910989 0.387386 12 0.0
0.271693 0.910398 0.443394 12 0.0
0.241025 0.881875 0.406145 12 0.0
0.243122 0.882467 0.350136 12 0.0
0.357257 -0.001201 0.727299 1 0.0
0.739053 0.903997 0.586004 12 0.0
0.729056 0.913192 0.589905 12 0.0
0.745771 0.897758 0.617926 12 0.0
0.74905 0.894803 0.582103 12 0.0
0.732334 0.910237 0.554082 12 0.0
0.864242 0.134847 0.251312 13 0.999999
0.15077 0.715372 0.379715 12 0.0
0.156234 0.737469 0.386181 12 0.0
0.148944 0.703594 0.421509 12 0.0
0.145307 0.693274 0.373249 12 0.0
0.152597 0.72715 0.337921 12 0.0
0.321191 0.945678 0.66859 6 0.0
0.338048 0.954956 0.656404 6 0.0
0.333723 0.953232 0.691676 6 0.0
0.304334 0.936401 0.680776 6 0.0
0.30866 0.938125 0.645505 6 0.0
0.479171 0.961715 0.482797 12 0.0
0.13663 0.202849 0.731273 12 0.0
0.294549 0.927191 0.701464 6 0.0
0.301817 0.931463 0.693209 6 0.0
0.304656 0.936324 0.71509 6 0.0
0.287281 0.922918 0.709718 6 0.0
0.284442 0.918057 0.687838 6 0.0
0.812863 0.791088 0.646524 12 0.0
0.801405 0.812435 0.628984 12 0.0
0.807525 0.799926 0.660768 12 0.0
0.824321 0.769741 0.664063 12 0.0
0.818201 0.782249 0.632279 12 0.0
0.806362 0.775433 0.52216 12 0.0
0.79594 0.792758 0.511098 12 0.0
0.797754 0.790882 0.554463 12 0.0
0.816783 0.758109 0.533223 12 0.0
0.814969 0.759984 0.489858 12 0.0
0.380287 0.973826 0.246558 13 1.0
0.205733 0.731995 0.50702 10 0.0
0.215622 0.764476 0.514789 10 0.0
0.199908 0.72249 0.554175 10 0.0
0.195843 0.699513 0.499251 10 0.0
0.211558 0.7415 0.459865 10 0.0
0.697964 0.487332 0.258193 7 0.999801
0.864095 0.616705 0.407699 12 0.0
0.863388 0.646253 0.412549 12 0.0
0.863394 0.608775 0.45591 12 0.0
0.864802 0.587156 0.40285 12 0.0
0.864796 0.624634 0.359489 12 0.0
0.483713 0.001868 0.352581 5 0.999459
0.294757 0.924599 0.683868 6 0.0
0.309881 0.935924 0.674125 6 0.0
0.302947 0.929487 0.702264 6 0.0
0.279633 0.913273 0.69361 6 0.0
0.286567 0.91971 0.665471 6 0.0
0.158134 0.445878 0.255403 13 0.998903
0.579325 0.360301 0.249015 14 1.0
0.1513 0.710869 0.493645 12 0.0
0.156707 0.734123 0.496403 12 0.0
0.150708 0.705299 0.541758 12 0.0
0.145893 0.687614 0.490886 12 0.0
0.151892 0.716438 0.445531 12 0.0
0.506659 0.004754 0.350479 5 0.999996
0.143581 0.002765 0.681391 1 0.036044
0.33394 0.933935 0.522727 12 0.0
0.347161 0.939265 0.512746 12 0.0
0.351611 0.940472 0.549622 12 0.0
0.32072 0.928605 0.532709 12 0.0
0.31627 0.927399 0.495832 12 0.0
0.16508 0.372975 0.748953 3 0.0
0.542681 0.974421 0.32936 12 0.003379
0.516088 0.975544 0.331327 12 0.003379
0.54459 0.974482 0.355132 12 0.003379
0.569274 0.973297 0.327393 12 0.003379
0.540772 0.97436 0.303588 12 0.003379
0.209301 0.81707 0.499392 12 0.0
0.292832 0.92747 0.318367 12 5e-06
0.306553 0.937448 0.334519 12 5e-06
0.280467 0.918889 0.334172 12 5e-06
0.279112 0.917492 0.302214 12 5e-06
0.305198 0.936051 0.302561 12 5e-06
0.303484 0.930823 0.459405 12 0.0
0.321745 0.942981 0.449543 12 0.0
0.313539 0.937102 0.485764 12 0.0
0.285222 0.918666 0.469268 12 0.0
0.293428 0.924545 0.433047 12 0.0
0.474843 4.8e-05 0.639846 5 1.0
0.753391 0.892877 0.407918 10 0.0
0.742232 0.905227 0.395915 10 0.0
0.741802 0.902725 0.428825 10 0.0
0.76455 0.880527 0.419921 10 0.0
0.76498 0.883029 0.387011 10 0.0
0.66679 0.418388 0.245746 14 1.0
0.371323 0.010094 0.448318 2 9.5e-05
0.381672 0.0017 0.577038 5 0.961038
0.867419 0.553721 0.248313 13 0.999525
0.178874 0.26802 0.738301 3 0.0
0.764374 0.000716 0.252649 1 1.0
0.516978 0.967038 0.49978 9 0.0
0.626547 0.002062 0.253242 1 1.0
0.246525 0.004867 0.252824 13 0.999998
0.299357 0.928178 0.569841 6 0.0
0.319102 0.942955 0.556764 6 0.0
0.310609 0.933847 0.593236 6 0.0
0.279612 0.913402 0.582918 6 0.0
0.288105 0.92251 0.546446 6 0.0
0.641124 0.942992 0.622502 12 0.0
0.347559 0.957413 0.704934 12 0.0
0.347613 0.957137 0.719958 12 0.0
0.324583 0.946846 0.704824 12 0.0
0.347504 0.957688 0.689911 12 0.0
0.370534 0.96798 0.705045 12 0.0
0.209301 0.833725 0.336917 12 8e-06
0.225728 0.85706 0.330522 12 8e-06
0.213196 0.838588 0.364668 12 8e-06
0.192874 0.810389 0.343312 12 8e-06
0.205405 0.828862 0.309165 12 8e-06
0.414237 0.982831 0.517457 12 0.0
0.397143 0.97881 0.516867 12 0.0
0.412042 0.983655 0.57543 12 0.0
0.431331 0.986852 0.518047 12 0.0
0.416432 0.982007 0.459484 12 0.0
0.188045 0.775142 0.323817 10 0.999999
0.191623 0.793782 0.316478 10 0.999999
0.199393 0.782221 0.34733 10 0.999999
0.184468 0.756502 0.331156 10 0.999999
0.176697 0.768063 0.300305 10 0.999999
0.616125 0.003226 0.42601 2 0.806172
0.572987 0.967625 0.635013 12 0.0
0.546318 0.974539 0.637908 12 0.0
0.57778 0.97217 0.668327 12 0.0
0.599655 0.960712 0.632119 12 0.0
0.568193 0.963081 0.6017 12 0.0
0.753154 0.853189 0.656264 12 1e-06
0.738462 0.865701 0.677187 12 1e-06
0.763087 0.834759 0.674261 12 1e-06
0.767845 0.840677 0.635342 12 1e-06
0.74322 0.871619 0.638268 12 1e-06
0.24206 0.833855 0.660495 6 0.0
0.265516 0.866556 0.665194 6 0.0
0.239438 0.832059 0.686085 6 0.0
0.218603 0.801155 0.655797 6 0.0
0.244681 0.835651 0.634906 6 0.0
0.440149 0.988987 0.668437 12 0.0
0.45939 0.992118 0.670289 12 0.0
0.437477 0.989589 0.695186 12 0.0
0.420907 0.985857 0.666585 12 0.0
0.442821 0.988386 0.641687 12 0.0
0.517286 0.995574 0.284456 9 0.000226
0.503924 0.996859 0.275419 9 0.000226
0.510684 0.994461 0.294059 9 0.000226
0.530647 0.99429 0.293493 9 0.000226
0.523888 0.996688 0.274852 9 0.000226
0.670678 0.951373 0.686346 12 0.0
0.653062 0.960263 0.677339 12 0.0
0.663139 0.956132 0.705787 12 0.0
0.688294 0.942484 0.695353 12 0.0
0.678217 0.946615 0.666905 12 0.0
0.277346 0.907779 0.451178 12 0.0
0.297053 0.922322 0.479056 12 0.0
0.257041 0.890173 0.474716 12 0.0
0.257638 0.893236 0.4233 12 0.0
0.29765 0.925385 0.42764 12 0.0
0.750454 0.839752 0.584054 12 0.0
0.738384 0.860238 0.597477 12 0.0
0.76687 0.824561 0.621998 12 0.0
0.762523 0.819266 0.57063 12 0.0
0.734037 0.854943 0.546109 12 0.0
0.743763 0.811449 0.372377 9 1e-06
0.733643 0.814509 0.375982 9 1e-06
0.749807 0.800431 0.398695 9 1e-06
0.753883 0.80839 0.368772 9 1e-06
0.737719 0.822467 0.346058 9 1e-06
0.706087 0.93428 0.25004 13 1.0
0.696988 0.937438 0.371436 12 0.0
0.679177 0.948831 0.372241 12 0.0
0.697723 0.935755 0.41152 12 0.0
0.7148 0.926046 0.370631 12 0.0
0.696253 0.939121 0.331351 12 0.0
0.860058 0.644739 0.64092 12 0.0
0.858322 0.658392 0.607181 12 0.0
0.856831 0.676487 0.653934 12 0.0
0.861794 0.631085 0.674658 12 0.0
0.863286 0.61299 0.627905 12 0.0
0.160906 0.713918 0.411678 12 0.0
0.165776 0.733268 0.420445 12 0.0
0.158548 0.700864 0.441798 12 0.0
0.156036 0.694568 0.402911 12 0.0
0.163264 0.726971 0.381557 12 0.0
0.840581 0.760423 0.247819 13 1.0
0.178536 0.685601 0.345018 12 0.914067
0.181209 0.714849 0.331124 12 0.914067
0.177162 0.693269 0.360896 12 0.914067
0.175863 0.656353 0.358912 12 0.914067
0.17991 0.677933 0.32914 12 0.914067
0.380639 0.739924 0.732569 7 0.0
0.400315 0.750916 0.730156 7 0.0
0.381564 0.739949 0.740226 7 0.0
0.360962 0.728931 0.734981 7 0.0
0.379714 0.739899 0.724911 7 0.0
0.292196 0.924867 0.326917 12 1e-06
0.308341 0.936918 0.326503 12 1e-06
0.293912 0.923467 0.353078 12 1e-06
0.27605 0.912816 0.327331 12 1e-06
0.29048 0.926267 0.300756 12 1e-06
0.590222 0.960469 0.436749 12 0.0
0.567942 0.966802 0.435941 12 0.0
0.588613 0.960076 0.478023 12 0.0
0.612501 0.954135 0.437558 12 0.0
0.591831 0.960861 0.395476 12 0.0
0.136144 0.445202 0.267587 15 0.002252
0.245563 0.885306 0.701519 6 0.0
0.264085 0.903783 0.707669 6 0.0
0.241641 0.883989 0.717287 6 0.0
0.227041 0.866829 0.69537 6 0.0
0.249485 0.886623 0.685751 6 0.0
0.170825 0.781589 0.671227 12 0.0
0.177423 0.797737 0.694318 12 0.0
0.163786 0.767554 0.683053 12 0.0
0.164226 0.765441 0.648135 12 0.0
0.177864 0.795625 0.6594 12 0.0
0.411905 0.005263 0.734764 1 5.7e-05
0.566749 0.000296 0.746323 3 0.343935
0.688294 0.938505 0.692786 12 0.0
0.681277 0.942725 0.684731 12 0.0
0.674644 0.948979 0.710164 12 0.0
0.695311 0.934285 0.700841 12 0.0
0.701944 0.928032 0.675408 12 0.0
0.592373 0.972832 0.329867 16 0.99801
0.579112 0.977177 0.330104 16 0.99801
0.591084 0.967447 0.356504 16 0.99801
0.605634 0.968487 0.329631 16 0.99801
0.593663 0.978217 0.303231 16 0.99801
0.150318 0.707507 0.394577 12 0.0
0.155107 0.729658 0.402922 12 0.0
0.146556 0.691371 0.43957 12 0.0
0.145529 0.685356 0.386233 12 0.0
0.154079 0.723642 0.349585 12 0.0
0.135078 0.145173 0.736452 12 1.1e-05
0.820354 0.800799 0.675115 12 0.0
0.812605 0.813005 0.66284 12 0.0
0.81309 0.81684 0.695651 12 0.0
0.828102 0.788593 0.687391 12 0.0
0.827617 0.784759 0.65458 12 0.0
0.415531 0.984035 0.328858 12 1e-05
0.419287 0.98487 0.30196 12 1e-05
0.437802 0.989417 0.332135 12 1e-05
0.411774 0.983201 0.355757 12 1e-05
0.39326 0.978653 0.325581 12 1e-05
0.81014 0.798069 0.490937 12 0.0
0.8008 0.815099 0.476933 12 0.0
0.801864 0.811448 0.512726 12 0.0
0.819481 0.781039 0.504942 12 0.0
0.818416 0.784689 0.469148 12 0.0
0.834355 0.769777 0.248447 13 1.0
0.737487 0.895207 0.521333 12 0.0
0.722006 0.908876 0.524659 12 0.0
0.741475 0.89119 0.556412 12 0.0
0.752968 0.881538 0.518008 12 0.0
0.733499 0.899224 0.486255 12 0.0
0.146656 0.691867 0.607558 12 0.0
0.146033 0.69717 0.653014 12 0.0
0.141107 0.665799 0.610523 12 0.0
0.14728 0.686565 0.562101 12 0.0
0.152206 0.717936 0.604593 12 0.0
0.556094 -0.000318 0.37582 5 0.825164
0.86356 0.619671 0.448562 12 0.0
0.862237 0.65025 0.453116 12 0.0
0.863943 0.610897 0.507591 12 0.0
0.864884 0.589092 0.444007 12 0.0
0.863177 0.628446 0.389532 12 0.0
0.668594 0.69509 0.745295 7 0.999986
0.841524 0.355284 0.747606 3 0.000874
0.308269 0.932364 0.58502 6 0.0
0.327356 0.94603 0.578373 6 0.0
0.322011 0.938715 0.637536 6 0.0
0.289181 0.918698 0.591667 6 0.0
0.294527 0.926013 0.532504 6 0.0
0.686147 0.938233 0.715584 10 0.0
0.648958 0.924051 0.435917 12 0.0
0.620423 0.934242 0.444556 12 0.0
0.658639 0.921298 0.471143 12 0.0
0.677494 0.91386 0.427279 12 0.0
0.639278 0.926805 0.400692 12 0.0
0.509432 0.777966 0.749583 7 0.468919
0.156921 0.716017 0.474155 12 0.0
0.162288 0.736458 0.482479 12 0.0
0.154254 0.703217 0.507308 12 0.0
0.151555 0.695575 0.465831 12 0.0
0.159589 0.728817 0.441002 12 0.0
0.422785 0.004361 0.737832 1 0.991966
0.249156 0.885621 0.517809 6 0.0
0.252738 0.890974 0.471594 6 0.0
0.264567 0.902732 0.520986 6 0.0
0.245573 0.880268 0.564025 6 0.0
0.233744 0.868509 0.514633 6 0.0
0.141456 0.003843 0.691652 1 0.000306
0.22798 0.837505 0.363703 12 0.0
0.242024 0.85686 0.354289 12 0.0
0.233298 0.846042 0.389188 12 0.0
0.213937 0.81815 0.373117 12 0.0
0.222663 0.828968 0.338218 12 0.0
0.195039 0.821753 0.477705 12 0.0
0.206176 0.839527 0.475748 12 0.0
0.197978 0.825213 0.525866 12 0.0
0.183902 0.803979 0.479661 12 0.0
0.192101 0.818293 0.429543 12 0.0
0.291183 0.925736 0.308111 12 8e-06
0.302178 0.932672 0.32456 12 8e-06
0.279192 0.916051 0.320211 12 8e-06
0.280188 0.918799 0.291663 12 8e-06
0.303174 0.935421 0.296012 12 8e-06
0.592317 0.974115 0.43028 12 0.0
0.57973 0.978097 0.431965 12 0.0
0.597951 0.97559 0.468886 12 0.0
0.604904 0.970134 0.428595 12 0.0
0.586683 0.97264 0.391674 12 0.0
0.427366 0.001597 0.618656 5 0.496667
0.137134 0.188917 0.734284 12 0.0
0.847538 0.603734 0.258335 13 0.999897
0.758733 0.882084 0.344146 12 0.0
0.743886 0.896999 0.337924 12 0.0
0.753657 0.886739 0.367417 12 0.0
0.77358 0.867169 0.350369 12 0.0
0.763809 0.877428 0.320875 12 0.0
0.425672 0.942276 0.511825 12 0.0
0.826495 0.717405 0.468941 12 0.0
0.819743 0.743313 0.467621 12 0.0
0.825368 0.719334 0.512585 12 0.0
0.833246 0.691497 0.470261 12 0.0
0.827621 0.715475 0.425297 12 0.0
0.130325 0.427934 0.304665 12 2e-06
0.853802 0.00065 0.261106 1 0.996861
0.860219 0.000665 0.26494 1 0.996861
0.851453 0.001187 0.265035 1 0.996861
0.847386 0.000634 0.257272 1 0.996861
0.856152 0.000112 0.257177 1 0.996861
0.137572 0.386431 0.272443 12 0.999992
0.506797 0.971896 0.518277 12 0.0
0.343942 0.938171 0.351801 12 0.0
0.359772 0.947505 0.321752 12 0.0
0.354512 0.94491 0.359462 12 0.0
0.328112 0.928838 0.381851 12 0.0
0.333373 0.931432 0.34414 12 0.0
0.300139 0.927424 0.669236 6 0.0
0.319593 0.938828 0.655591 6 0.0
0.310372 0.936999 0.691829 6 0.0
0.280684 0.91602 0.682881 6 0.0
0.289905 0.917849 0.646643 6 0.0
0.567731 0.986742 0.723075 10 0.0
0.541374 0.991661 0.724326 10 0.0
0.568221 0.986683 0.733637 10 0.0
0.594089 0.981824 0.721825 10 0.0
0.567241 0.986802 0.712514 10 0.0
0.210429 0.837673 0.400219 12 0.0
0.222241 0.853624 0.396373 12 0.0
0.214853 0.843183 0.436659 12 0.0
0.198617 0.821723 0.404065 12 0.0
0.206005 0.832163 0.363779 12 0.0
0.188012 0.744911 0.337961 12 0.999633
0.202963 0.762014 0.329608 12 0.999633
0.18859 0.750247 0.34992 12 0.999633
0.17306 0.727808 0.346313 12 0.999633
0.187434 0.739576 0.326001 12 0.999633
0.821614 0.730191 0.314228 9 0.999756
0.8204 0.745642 0.29671 9 0.999756
0.807581 0.742592 0.326138 9 0.999756
0.822829 0.714739 0.331747 9 0.999756
0.835647 0.71779 0.302318 9 0.999756
0.773923 0.848302 0.592755 12 0.0
0.759865 0.865664 0.602406 12 0.0
0.781884 0.840344 0.618667 12 0.0
0.787982 0.830939 0.583104 12 0.0
0.765963 0.856259 0.566843 12 0.0
0.783753 0.8086 0.446393 12 0.0
0.709017 0.927943 0.298247 16 0.000171
0.688723 0.942167 0.297008 16 0.000171
0.70902 0.929424 0.315212 16 0.000171
0.729311 0.913719 0.299485 16 0.000171
0.709014 0.926462 0.281281 16 0.000171
0.815007 0.80605 0.569538 12 0.0
0.806107 0.822845 0.556137 12 0.0
0.807312 0.819481 0.591481 12 0.0
0.823907 0.789255 0.582939 12 0.0
0.822702 0.792619 0.547594 12 0.0
0.276375 0.908191 0.429795 12 0.0
0.294907 0.921304 0.459963 12 0.0
0.255893 0.889723 0.450404 12 0.0
0.257843 0.895077 0.399627 12 0.0
0.296857 0.926658 0.409185 12 0.0
0.839 0.739702 0.66382 10 0.0
0.832064 0.762145 0.663838 10 0.0
0.842476 0.740754 0.690601 10 0.0
0.845936 0.717258 0.663801 10 0.0
0.835524 0.738649 0.637038 10 0.0
0.829352 0.701144 0.340461 12 0.947527
0.830631 0.729461 0.335763 12 0.947527
0.831805 0.703832 0.35733 12 0.947527
0.828073 0.672827 0.345159 12 0.947527
0.826899 0.698455 0.323592 12 0.947527
0.846981 0.701416 0.303328 16 9e-06
0.839934 0.734283 0.30965 16 9e-06
0.848435 0.69853 0.319953 16 9e-06
0.854028 0.668548 0.297007 16 9e-06
0.845528 0.704302 0.286704 16 9e-06
0.770869 0.84178 0.500089 12 0.0
0.758979 0.856914 0.506277 12 0.0
0.777133 0.832861 0.533937 12 0.0
0.78276 0.826646 0.493901 12 0.0
0.764605 0.850698 0.46624 12 0.0
0.249948 0.890719 0.685053 6 0.0
0.267905 0.908246 0.687545 6 0.0
0.24729 0.890322 0.706999 6 0.0
0.231992 0.873191 0.682561 6 0.0
0.252607 0.891115 0.663107 6 0.0
0.691222 0.925595 0.364832 12 0.002165
0.674265 0.93691 0.369333 12 0.002165
0.696135 0.91998 0.397457 12 0.002165
0.70818 0.914281 0.360331 12 0.002165
0.68631 0.931211 0.332207 12 0.002165
0.855551 0.689785 0.642647 12 0.0
0.854088 0.698674 0.608696 12 0.0
0.851438 0.712492 0.648769 12 0.0
0.857015 0.680896 0.676597 12 0.0
0.859665 0.667078 0.636524 12 0.0
0.189719 0.72952 0.418606 12 0.0
0.197209 0.753314 0.425174 12 0.0
0.187866 0.717409 0.464589 12 0.0
0.182228 0.705726 0.412038 12 0.0
0.191571 0.74163 0.372623 12 0.0
0.343882 0.960411 0.472663 12 0.0
0.351909 0.965259 0.456824 12 0.0
0.359475 0.967281 0.482668 12 0.0
0.335855 0.955564 0.488503 12 0.0
0.328289 0.953542 0.462659 12 0.0
0.853751 0.73533 0.243029 13 1.0
0.265969 0.904688 0.731765 6 0.0
0.826811 0.772439 0.476304 12 0.0
0.817703 0.789754 0.468153 12 0.0
0.821179 0.781697 0.50226 12 0.0
0.835918 0.755125 0.484456 12 0.0
0.832442 0.763182 0.450349 12 0.0
0.17923 0.636188 0.519158 12 0.0
0.193721 0.693497 0.535027 12 0.0
0.178066 0.62707 0.553146 12 0.0
0.16474 0.578879 0.503288 12 0.0
0.180394 0.645306 0.485169 12 0.0
0.770064 0.832327 0.490701 12 0.0
0.758557 0.847454 0.496562 12 0.0
0.776248 0.823049 0.526791 12 0.0
0.781572 0.817199 0.484841 12 0.0
0.763881 0.841604 0.454612 12 0.0
0.853314 0.68803 0.668492 12 0.0
0.849245 0.707216 0.647881 12 0.0
0.851141 0.706125 0.685766 12 0.0
0.857384 0.668843 0.689104 12 0.0
0.855488 0.669935 0.651219 12 0.0
0.81487 0.805474 0.349336 12 0.0
0.80308 0.826649 0.351182 12 0.0
0.814115 0.802284 0.381096 12 0.0
0.826661 0.784299 0.347489 12 0.0
0.815625 0.808665 0.317576 12 0.0
0.531836 0.005554 0.361839 5 0.999955
0.164005 0.192102 0.244929 13 0.0
0.22547 0.864637 0.386906 12 0.0
0.239635 0.881715 0.380515 12 0.0
0.233422 0.873627 0.428549 12 0.0
0.211305 0.84756 0.393297 12 0.0
0.217518 0.855648 0.345263 12 0.0
0.72918 0.894912 0.554219 12 0.0
0.71184 0.909429 0.55826 12 0.0
0.732035 0.890491 0.582355 12 0.0
0.74652 0.880396 0.550178 12 0.0
0.726325 0.899333 0.526083 12 0.0
0.318476 0.927689 0.702337 12 0.0
0.344852 0.941746 0.69044 12 0.0
0.319868 0.934666 0.713665 12 0.0
0.2921 0.913633 0.714233 12 0.0
0.317084 0.920713 0.691009 12 0.0
0.534281 0.980875 0.531826 12 0.0
0.553244 0.978849 0.53181 12 0.0
0.534251 0.980188 0.583814 12 0.0
0.515319 0.982902 0.531842 12 0.0
0.534312 0.981562 0.479838 12 0.0
0.792863 0.790594 0.501848 16 0.0
0.779224 0.812381 0.482593 16 0.0
0.778538 0.807015 0.530576 16 0.0
0.806502 0.768807 0.521103 16 0.0
0.807188 0.774173 0.47312 16 0.0
0.750844 0.892086 0.467323 12 0.0
0.739049 0.90332 0.470174 12 0.0
0.756729 0.887236 0.510783 12 0.0
0.762639 0.880852 0.464472 12 0.0
0.74496 0.896937 0.423863 12 0.0
0.174541 0.679373 0.638778 12 0.0
0.173736 0.683538 0.671065 12 0.0
0.16784 0.643171 0.64328 12 0.0
0.175346 0.675209 0.606491 12 0.0
0.181241 0.715576 0.634275 12 0.0
0.859107 0.651474 0.424511 12 0.0
0.855346 0.682102 0.424224 12 0.0
0.858588 0.651943 0.481375 12 0.0
0.862867 0.620845 0.424798 12 0.0
0.859625 0.651004 0.367647 12 0.0
0.531989 0.777135 0.245351 7 0.999996
0.432448 0.769625 0.738935 7 4e-06
0.22686 0.008773 0.252776 13 1.0
0.611981 0.967982 0.411243 12 0.0
0.597202 0.972656 0.410184 12 0.0
0.610084 0.969462 0.444238 12 0.0
0.62676 0.963309 0.412302 12 0.0
0.613878 0.966503 0.378248 12 0.0
0.379108 0.318899 0.264105 13 1e-06
0.851277 0.701309 0.402904 12 0.0
0.846699 0.723874 0.406518 12 0.0
0.851623 0.693677 0.450999 12 0.0
0.855854 0.678743 0.399291 12 0.0
0.85093 0.70894 0.35481 12 0.0
0.39698 0.751035 0.247226 8 0.999996
0.135519 0.360054 0.69751 12 0.0
0.201518 0.834628 0.509585 10 0.0
0.496997 0.996407 0.682709 12 0.0
0.515909 0.996422 0.684167 12 0.0
0.495262 0.996195 0.705218 12 0.0
0.478086 0.996392 0.681251 12 0.0
0.498733 0.996619 0.6602 12 0.0
0.169562 0.77076 0.576501 12 0.0
0.172686 0.77914 0.621118 12 0.0
0.161535 0.75268 0.580459 12 0.0
0.166437 0.762381 0.531884 12 0.0
0.177588 0.788841 0.572543 12 0.0
0.541608 0.971392 0.401013 12 0.0
0.523736 0.974708 0.402652 12 0.0
0.544994 0.968907 0.442982 12 0.0
0.55948 0.968076 0.399375 12 0.0
0.538222 0.973877 0.359045 12 0.0
0.65753 0.957983 0.33381 16 0.000388
0.649004 0.962689 0.335809 16 0.000388
0.659909 0.956843 0.346638 16 0.000388
0.666055 0.953276 0.331811 16 0.000388
0.65515 0.959122 0.320982 16 0.000388
0.713034 0.902129 0.605902 12 0.0
0.704721 0.909324 0.611928 12 0.0
0.728809 0.889929 0.642229 12 0.0
0.721348 0.894934 0.599876 12 0.0
0.69726 0.914329 0.569574 12 0.0
0.695765 0.934915 0.511354 12 0.0
0.680378 0.945619 0.503752 12 0.0
0.68752 0.938819 0.533539 12 0.0
0.711152 0.924212 0.518955 12 0.0
0.70401 0.931011 0.489168 12 0.0
0.741187 0.901219 0.694175 12 0.0
0.725412 0.915628 0.705277 12 0.0
0.747831 0.89599 0.710404 12 0.0
0.756962 0.886809 0.683074 12 0.0
0.734542 0.906447 0.677947 12 0.0
0.434513 0.972935 0.366497 12 0.0
0.413694 0.971363 0.356119 12 0.0
0.418586 0.967827 0.399225 12 0.0
0.455333 0.974507 0.376875 12 0.0
0.450441 0.978043 0.33377 12 0.0
0.164995 0.317446 0.259037 13 0.132057
0.631675 0.970338 0.388876 12 0.0
0.616327 0.976225 0.388872 12 0.0
0.631319 0.969424 0.409701 12 0.0
0.647023 0.964451 0.38888 12 0.0
0.63203 0.971252 0.368051 12 0.0
0.656463 0.826672 0.249543 13 0.0
0.596684 0.874347 0.250062 13 0.0
0.638081 0.803636 0.248351 13 0.0
0.716243 0.778997 0.249023 13 0.0
0.674845 0.849708 0.250734 13 0.0
0.650009 0.957612 0.535421 12 0.0
0.631393 0.965719 0.527128 12 0.0
0.640038 0.961509 0.561612 12 0.0
0.668624 0.949505 0.543714 12 0.0
0.659979 0.953716 0.50923 12 0.0
0.408832 0.981891 0.422238 12 0.0
0.393942 0.978026 0.420767 12 0.0
0.404401 0.980864 0.469775 12 0.0
0.423722 0.985757 0.42371 12 0.0
0.413263 0.982919 0.374702 12 0.0
0.846629 0.724323 0.385408 12 0.0
0.843269 0.737664 0.373392 12 0.0
0.842694 0.736066 0.399547 12 0.0
0.849989 0.710981 0.397424 12 0.0
0.850564 0.71258 0.371268 12 0.0
0.5877 0.957828 0.658744 12 0.0
0.560121 0.964833 0.671403 12 0.0
0.599011 0.957465 0.683586 12 0.0
0.615279 0.950823 0.646085 12 0.0
0.576389 0.958191 0.633901 12 0.0
0.79715 0.821352 0.498609 12 0.0
0.787517 0.836361 0.499074 12 0.0
0.798004 0.820745 0.535929 12 0.0
0.806782 0.806343 0.498145 12 0.0
0.796295 0.821959 0.461289 12 0.0
0.771315 0.802224 0.747617 3 0.0
0.309278 0.934626 0.479675 9 0.0
0.647034 0.943586 0.658935 12 1e-06
0.628976 0.954743 0.649397 12 1e-06
0.637003 0.948076 0.683179 12 1e-06
0.665093 0.932429 0.668473 12 1e-06
0.657066 0.939096 0.634691 12 1e-06
0.815292 0.800235 0.330425 16 0.0
0.804383 0.820471 0.33357 16 0.0
0.815196 0.796124 0.356545 16 0.0
0.8262 0.779999 0.327279 16 0.0
0.815387 0.804347 0.304304 16 0.0
0.756005 0.833307 0.567685 12 0.0
0.74526 0.848812 0.573294 12 0.0
0.764823 0.823897 0.610587 12 0.0
0.766749 0.817802 0.562076 12 0.0
0.747186 0.842717 0.524783 12 0.0
0.19849 0.814583 0.322732 12 0.999851
0.207828 0.828503 0.325763 12 0.999851
0.201377 0.80757 0.346046 12 0.999851
0.189153 0.800664 0.3197 12 0.999851
0.195604 0.821597 0.299418 12 0.999851
0.2501 0.026652 0.72988 1 0.0
0.836417 0.577888 0.253616 13 4e-06
0.220728 0.85142 0.689435 6 0.0
0.240932 0.877119 0.692624 6 0.0
0.21996 0.849663 0.708464 6 0.0
0.200524 0.825722 0.686246 6 0.0
0.221496 0.853178 0.670406 6 0.0
0.857704 0.674271 0.69122 12 0.0
0.8549 0.677211 0.672349 12 0.0
0.855266 0.696561 0.695055 12 0.0
0.860508 0.67133 0.710091 12 0.0
0.860142 0.651981 0.687384 12 0.0
0.638121 0.962518 0.677238 12 0.0
0.626213 0.965892 0.662434 12 0.0
0.617039 0.972382 0.696444 12 0.0
0.65003 0.959144 0.692042 12 0.0
0.659204 0.952654 0.658032 12 0.0
0.560064 -0.002389 0.377057 5 0.994697
0.30568 0.003089 0.741721 1 0.000796
0.287891 0.004528 0.745991 1 0.999968
0.311713 0.940256 0.689355 6 0.0
0.323733 0.945335 0.680426 6 0.0
0.321647 0.947663 0.706941 6 0.0
0.299693 0.935177 0.698285 6 0.0
0.301779 0.932849 0.671769 6 0.0
0.816156 0.798661 0.649368 12 0.0
0.804268 0.819747 0.632599 12 0.0
0.810233 0.812128 0.670501 12 0.0
0.828044 0.777575 0.666136 12 0.0
0.822078 0.785194 0.628234 12 0.0
0.829497 0.789087 0.52346 12 0.0
0.823258 0.803159 0.511252 12 0.0
0.823262 0.800552 0.539861 12 0.0
0.835736 0.775015 0.535668 12 0.0
0.835732 0.777623 0.507059 12 0.0
0.158858 0.737159 0.253997 13 1.0
0.150745 0.714857 0.631833 12 0.0
0.149876 0.716263 0.669111 12 0.0
0.145704 0.694091 0.632499 12 0.0
0.151615 0.713451 0.594555 12 0.0
0.155787 0.735622 0.631168 12 0.0
0.848806 0.716942 0.368962 12 0.0
0.842655 0.740507 0.372828 12 0.0
0.848196 0.71058 0.406763 12 0.0
0.854957 0.693376 0.365095 12 0.0
0.849416 0.723303 0.331161 12 0.0
0.813591 0.001512 0.409652 1 0.0
0.798851 -0.000164 0.4066 1 0.0
0.803173 0.003279 0.459004 1 0.0
0.828331 0.003189 0.412703 1 0.0
0.82401 -0.000254 0.360299 1 0.0
0.861569 0.422347 0.729431 12 0.001834
0.296584 0.925165 0.660488 6 0.0
0.317249 0.939464 0.649364 6 0.0
0.306284 0.932501 0.687938 6 0.0
0.275919 0.910866 0.671611 6 0.0
0.286884 0.91783 0.633037 6 0.0
0.507581 0.775725 0.748978 7 0.999987
0.158156 0.000465 0.330525 1 0.0
0.167569 0.000389 0.330509 1 0.0
0.158194 -0.000962 0.359209 1 0.0
0.148743 0.000541 0.330542 1 0.0
0.158117 0.001892 0.301841 1 0.0
0.148897 0.729885 0.475931 12 0.0
0.153842 0.747847 0.484821 12 0.0
0.144925 0.718964 0.500206 12 0.0
0.143953 0.711924 0.467041 12 0.0
0.15287 0.740806 0.451656 12 0.0
0.813505 0.199418 0.748996 3 0.0
0.817985 0.66775 0.474395 12 0.0
0.816727 0.6857 0.475871 12 0.0
0.822696 0.66332 0.532245 12 0.0
0.819244 0.6498 0.472918 12 0.0
0.813275 0.672179 0.416544 12 0.0
0.170958 0.382739 0.746176 3 0.0
0.210522 0.777547 0.476406 12 0.0
0.224063 0.805121 0.475219 12 0.0
0.211903 0.779411 0.535421 12 0.0
0.196981 0.749972 0.477594 12 0.0
0.209142 0.775682 0.417392 12 0.0
0.142553 0.496414 0.714301 12 0.0
0.150932 0.500558 0.695068 12 0.0
0.13545 0.288537 0.708462 12 0.0
0.145269 0.391854 0.69949 12 0.0
0.697817 0.919002 0.375479 12 0.0
0.681492 0.929871 0.377395 12 0.0
0.700141 0.915745 0.413769 12 0.0
0.714142 0.908133 0.373564 12 0.0
0.695493 0.922259 0.33719 12 0.0
0.724211 0.692182 0.246915 13 0.0
0.332705 0.819619 0.248718 13 0.0
0.313251 0.841762 0.249238 13 0.0
0.389268 0.869339 0.247621 13 0.0
0.352158 0.797477 0.248198 13 0.0
0.276141 0.769899 0.249815 13 0.0
0.635088 0.755654 0.750096 7 0.0
0.322779 0.946116 0.346236 12 0.0
0.335946 0.953781 0.318371 12 0.0
0.340516 0.955798 0.357281 12 0.0
0.309612 0.938451 0.374101 12 0.0
0.305043 0.936434 0.335192 12 0.0
0.803285 0.827547 0.67427 12 0.0
0.794845 0.843092 0.687618 12 0.0
0.812651 0.81549 0.694235 12 0.0
0.811724 0.812002 0.660923 12 0.0
0.793918 0.839604 0.654306 12 0.0
0.794432 0.830295 0.668959 12 0.0
0.785863 0.83927 0.653099 12 0.0
0.779551 0.853875 0.690344 12 0.0
0.803002 0.82132 0.684819 12 0.0
0.809313 0.806715 0.647574 12 0.0
0.393644 0.954384 0.641972 12 0.0
0.404886 0.956093 0.674659 12 0.0
0.368335 0.945058 0.651164 12 0.0
0.382403 0.952675 0.609284 12 0.0
0.418954 0.96371 0.63278 12 0.0
0.185234 0.810554 0.375453 10 0.0
0.194987 0.828565 0.37416 10 0.0
0.187606 0.812143 0.415505 10 0.0
0.17548 0.792544 0.376745 10 0.0
0.182861 0.808965 0.335401 10 0.0
0.743515 0.897845 0.4341 12 0.0
0.728584 0.911924 0.441193 12 0.0
0.750284 0.891999 0.459954 12 0.0
0.758446 0.883766 0.427008 12 0.0
0.736746 0.90369 0.408247 12 0.0
0.273411 0.903652 0.558054 6 0.0
0.770676 0.852233 0.594726 12 0.0
0.75713 0.867393 0.605879 12 0.0
0.779202 0.843504 0.616947 12 0.0
0.784222 0.837073 0.583573 12 0.0
0.76215 0.860962 0.572506 12 0.0
0.786451 0.850355 0.503514 12 0.0
0.774581 0.865543 0.507862 12 0.0
0.790824 0.844597 0.53556 12 0.0
0.798321 0.835166 0.499166 12 0.0
0.782078 0.856112 0.471468 12 0.0
0.834956 0.760482 0.618089 12 0.0
0.82778 0.778112 0.616179 12 0.0
0.833973 0.763772 0.652145 12 0.0
0.842132 0.742853 0.619999 12 0.0
0.835939 0.757193 0.584033 12 0.0
0.324457 0.945756 0.448619 12 0.0
0.339713 0.953678 0.442016 12 0.0
0.334442 0.952026 0.479217 12 0.0
0.3092 0.937834 0.455221 12 0.0
0.314471 0.939485 0.41802 12 0.0
0.794553 0.843822 0.533738 12 0.0
0.788456 0.852257 0.536622 12 0.0
0.798982 0.836892 0.563371 12 0.0
0.80065 0.835387 0.530854 12 0.0
0.790124 0.850752 0.504105 12 0.0
0.778019 0.846022 0.405858 12 0.0
0.766153 0.861075 0.407428 12 0.0
0.779662 0.843319 0.444193 12 0.0
0.789886 0.830968 0.404289 12 0.0
0.776377 0.848725 0.367524 12 0.0
0.701005 0.930634 0.329089 12 0.0
0.682049 0.943283 0.332081 12 0.0
0.702669 0.926816 0.355771 12 0.0
0.71996 0.917986 0.326096 12 0.0
0.69934 0.934453 0.302406 12 0.0
0.832606 0.661144 0.586139 12 0.0
0.829044 0.673598 0.547 12 0.0
0.825678 0.699273 0.598902 12 0.0
0.836168 0.648689 0.625278 12 0.0
0.839533 0.623014 0.573375 12 0.0
0.156488 0.737012 0.441608 12 0.0
0.163178 0.758865 0.44269 12 0.0
0.155586 0.734231 0.503384 12 0.0
0.149798 0.715159 0.440527 12 0.0
0.15739 0.739794 0.379833 12 0.0
0.44861 0.977916 0.746213 3 1e-06
0.384465 0.744232 0.744333 7 0.031801
0.725767 0.045664 0.245869 13 0.0
0.866475 0.017183 0.596171 12 0.0
0.81542 0.802449 0.3573 12 0.0
0.806194 0.819494 0.354925 12 0.0
0.81395 0.806 0.388492 12 0.0
0.824645 0.785404 0.359675 12 0.0
0.816889 0.798899 0.326108 12 0.0
0.420501 0.007943 0.731003 1 1e-06
0.141084 0.67316 0.334843 12 0.0
0.144234 0.695416 0.349256 12 0.0
0.138987 0.657047 0.360182 12 0.0
0.137933 0.650904 0.32043 12 0.0
0.14318 0.689273 0.309503 12 0.0
0.808238 0.769985 0.640222 12 0.0
0.795036 0.793075 0.620531 12 0.0
0.799622 0.78995 0.669411 12 0.0
0.821441 0.746895 0.659914 12 0.0
0.816855 0.75002 0.611034 12 0.0
0.27471 0.005734 0.25254 13 1.0
0.299558 0.917265 0.4993 12 0.0
0.325769 0.935364 0.498603 12 0.0
0.297468 0.923283 0.577011 12 0.0
0.273347 0.899167 0.499996 12 0.0
0.301648 0.911248 0.421589 12 0.0
0.643834 0.962263 0.720345 12 0.0
0.619072 0.973085 0.725266 12 0.0
0.645892 0.962573 0.730017 12 0.0
0.668597 0.951441 0.715425 12 0.0
0.641777 0.961953 0.710673 12 0.0
0.154106 0.023011 0.248126 13 0.0
0.147585 0.030446 0.24836 13 0.0
0.160148 0.028311 0.248088 13 0.0
0.160626 0.015576 0.247892 13 0.0
0.148064 0.017711 0.248165 13 0.0
0.527731 0.022361 0.745096 1 0.0
0.514894 -0.000798 0.364999 5 0.904755
0.708891 0.483617 0.245853 14 0.958706
0.241967 0.015405 0.747719 3 0.999883
0.21025 0.821433 0.530031 12 0.0
0.617424 0.975039 0.252615 13 0.999999
0.193824 0.82059 0.472297 12 0.0
0.204296 0.836907 0.470473 12 0.0
0.19658 0.825335 0.530565 12 0.0
0.183352 0.804273 0.474122 12 0.0
0.191067 0.815845 0.41403 12 0.0
0.191712 0.745419 0.582709 15 0.0
0.200053 0.760355 0.61758 15 0.0
0.182024 0.720365 0.595758 15 0.0
0.18337 0.730482 0.547839 15 0.0
0.201399 0.770473 0.56966 15 0.0
0.65031 0.958185 0.415869 12 0.0
0.632241 0.966437 0.416088 12 0.0
0.65019 0.956525 0.468356 12 0.0
0.66838 0.949933 0.415649 12 0.0
0.650431 0.959845 0.363381 12 0.0
0.142332 0.334943 0.731418 12 0.0
0.634016 0.949728 0.349702 12 9e-06
0.616095 0.9564 0.35042 12 9e-06
0.635089 0.949594 0.377719 12 9e-06
0.651936 0.943056 0.348983 12 9e-06
0.632943 0.949863 0.321685 12 9e-06
0.584977 0.977523 0.469558 12 0.0
0.7036 0.651187 0.75086 7 0.0
0.521722 0.990619 0.540436 12 0.0
0.503436 0.991802 0.546812 12 0.0
0.532812 0.990214 0.572317 12 0.0
0.540008 0.989436 0.534061 12 0.0
0.510632 0.991023 0.508556 12 0.0
0.37577 0.001541 0.448837 5 1.0
0.396546 0.982132 0.248685 13 0.999998
0.474734 0.01048 0.747986 3 1.0
0.754635 0.889962 0.338774 12 0.0
0.739889 0.904313 0.335317 12 0.0
0.750333 0.892762 0.368752 12 0.0
0.769381 0.87561 0.342232 12 0.0
0.758938 0.887161 0.308797 12 0.0
0.840386 0.022976 0.702618 1 0.0
0.849853 0.024853 0.703551 1 0.0
0.840313 0.02593 0.697412 1 0.0
0.830918 0.021098 0.701686 1 0.0
0.840459 0.020022 0.707825 1 0.0
0.37343 0.946216 0.606379 12 0.0
0.396395 0.957486 0.590882 12 0.0
0.391966 0.951018 0.637339 12 0.0
0.350465 0.934947 0.621876 12 0.0
0.354894 0.941415 0.575419 12 0.0
0.343432 0.955827 0.616127 6 0.0
0.358104 0.964042 0.609576 6 0.0
0.359635 0.961569 0.659617 6 0.0
0.32876 0.947612 0.622678 6 0.0
0.327229 0.950084 0.572637 6 0.0
0.520299 0.82682 0.246859 13 0.0
0.791528 0.226726 0.749767 3 0.0
0.408416 0.951203 0.494016 12 0.0
0.425336 0.956554 0.492209 12 0.0
0.41332 0.949732 0.535592 12 0.0
0.391495 0.945852 0.495823 12 0.0
0.403511 0.952674 0.45244 12 0.0
0.768557 -0.001828 0.258285 1 0.983752
0.689517 0.683269 0.246722 14 0.0
0.276813 0.586387 0.75358 3 0.0
0.812875 0.301172 0.747841 3 0.0
0.33129 0.952991 0.380086 12 0.0
0.344277 0.95945 0.353892 12 0.0
0.345341 0.960564 0.38892 12 0.0
0.318303 0.946531 0.406279 12 0.0
0.317239 0.945418 0.371252 12 0.0
0.822481 0.796272 0.69326 10 0.0
0.814891 0.808451 0.679535 10 0.0
0.818639 0.807759 0.705576 10 0.0
0.830071 0.784094 0.706986 10 0.0
0.826322 0.784786 0.680945 10 0.0
0.34315 0.955499 0.614096 6 0.0
0.731942 0.901141 0.458037 12 0.0
0.717581 0.913863 0.461717 12 0.0
0.736134 0.896008 0.49214 12 0.0
0.746303 0.888419 0.454357 12 0.0
0.727751 0.906274 0.423933 12 0.0
0.61896 0.971835 0.573695 10 0.0
0.601055 0.978314 0.578996 10 0.0
0.627781 0.968326 0.607777 10 0.0
0.636865 0.965356 0.568394 10 0.0
0.610139 0.975344 0.539613 10 0.0
0.76535 0.854865 0.654149 12 0.0
0.750514 0.871578 0.673636 12 0.0
0.77759 0.841244 0.675149 12 0.0
0.780186 0.838151 0.634661 12 0.0
0.75311 0.868485 0.633148 12 0.0
0.865542 0.01775 0.425954 12 0.0
0.404007 0.981446 0.562535 12 0.0
0.420278 0.986368 0.563304 12 0.0
0.401279 0.981642 0.618973 12 0.0
0.387737 0.976524 0.561765 12 0.0
0.406736 0.98125 0.506096 12 0.0
0.843888 0.746005 0.656122 12 0.0
0.842662 0.750688 0.626127 12 0.0
0.837034 0.767091 0.659695 12 0.0
0.845114 0.741321 0.686117 12 0.0
0.850742 0.724919 0.652549 12 0.0
0.645067 0.950077 0.645887 12 0.0
0.628746 0.954663 0.634085 12 0.0
0.625939 0.962244 0.677063 12 0.0
0.661387 0.945491 0.65769 12 0.0
0.664194 0.937911 0.614711 12 0.0
0.281953 0.895117 0.333905 12 0.0
0.529571 0.993374 0.70718 12 0.0
0.550685 0.991121 0.702699 12 0.0
0.532673 0.994492 0.721237 12 0.0
0.508456 0.995627 0.71166 12 0.0
0.526468 0.992257 0.693122 12 0.0
0.76427 0.85662 0.544702 12 0.0
0.755952 0.866508 0.545964 12 0.0
0.766254 0.853143 0.585051 12 0.0
0.772589 0.846733 0.543441 12 0.0
0.762286 0.860098 0.504354 12 0.0
0.288861 0.040398 0.749887 3 0.0
0.773368 0.838863 0.408503 12 0.0
0.76214 0.85379 0.410642 12 0.0
0.774867 0.835171 0.442136 12 0.0
0.784595 0.823937 0.406364 12 0.0
0.771868 0.842555 0.37487 12 0.0
0.841936 0.664865 0.552184 12 0.0
0.840041 0.676528 0.518663 12 0.0
0.835886 0.696083 0.563388 12 0.0
0.843832 0.653201 0.585706 12 0.0
0.847986 0.633647 0.54098 12 0.0
0.343096 0.957174 0.42577 9 0.0
0.358416 0.964006 0.394454 9 0.0
0.355451 0.964007 0.433305 9 0.0
0.327775 0.950343 0.457086 9 0.0
0.330741 0.950341 0.418235 9 0.0
0.809979 0.75257 0.453025 12 0.0
0.799731 0.774252 0.431371 12 0.0
0.800666 0.774011 0.478901 12 0.0
0.820227 0.730889 0.474679 12 0.0
0.819292 0.731129 0.427149 12 0.0
0.361669 0.017004 0.745808 3 0.000761
0.867878 0.251551 0.673895 12 0.0
0.345962 0.906007 0.524747 12 0.0
0.379239 0.921199 0.505915 12 0.0
0.365976 0.921213 0.57238 12 0.0
0.312684 0.890816 0.54358 12 0.0
0.325948 0.890801 0.477115 12 0.0
0.288897 0.004162 0.72641 1 0.0
0.257164 0.002189 0.738565 1 2e-06
0.294111 0.925972 0.683329 6 0.0
0.312564 0.937779 0.668549 6 0.0
0.302622 0.93432 0.700624 6 0.0
0.275657 0.914166 0.698109 6 0.0
0.2856 0.917624 0.666034 6 0.0
0.323055 0.946538 0.732009 10 0.0
0.175366 0.731352 0.360059 12 0.0
0.322593 0.943331 0.673852 6 0.0
0.337914 0.950455 0.661862 6 0.0
0.334712 0.953009 0.695088 6 0.0
0.307272 0.936208 0.685841 6 0.0
0.310474 0.933654 0.652615 6 0.0
0.820326 0.795682 0.596625 12 0.0
0.812393 0.810959 0.584339 12 0.0
0.81348 0.810495 0.619464 12 0.0
0.828259 0.780405 0.608911 12 0.0
0.827172 0.780869 0.573785 12 0.0
0.176125 0.762877 0.595107 12 0.0
0.175419 0.774885 0.643272 12 0.0
0.167659 0.745229 0.599383 12 0.0
0.176831 0.750868 0.546942 12 0.0
0.184591 0.780524 0.590832 12 0.0
0.488075 0.002013 0.343577 5 0.99979
0.299206 0.927077 0.669609 6 0.0
0.320508 0.94175 0.655573 6 0.0
0.309948 0.933896 0.693041 6 0.0
0.277903 0.912404 0.683645 6 0.0
0.288463 0.920258 0.646176 6 0.0
0.85956 0.677006 0.25175 9 1.0
0.64 0.952308 0.321163 12 0.0
0.61683 0.962463 0.32185 12 0.0
0.640504 0.951957 0.34334 12 0.0
0.66317 0.942152 0.320476 12 0.0
0.639497 0.952658 0.298986 12 0.0
0.637534 0.96096 0.428432 12 0.0
0.618768 0.969126 0.430151 12 0.0
0.63997 0.95939 0.462478 12 0.0
0.6563 0.952793 0.426713 12 0.0
0.635099 0.962529 0.394387 12 0.0
0.717222 0.533696 0.245665 8 0.999992
0.290397 0.924109 0.356315 12 0.0
0.304471 0.933882 0.379194 12 0.0
0.277991 0.913866 0.368321 12 0.0
0.276322 0.914335 0.333435 12 0.0
0.302802 0.934351 0.344308 12 0.0
0.168808 0.643101 0.444853 12 0.0
0.17154 0.662193 0.467774 12 0.0
0.161263 0.599476 0.48209 12 0.0
0.166076 0.624009 0.421932 12 0.0
0.176352 0.686726 0.407616 12 0.0
0.495699 0.005201 0.353688 5 0.968153
0.217018 0.835649 0.512585 12 0.0
0.161042 0.712419 0.724087 12 0.0
0.734539 0.908005 0.316673 12 0.002302
0.717417 0.922386 0.314618 12 0.002302
0.732023 0.908316 0.339809 12 0.002302
0.751661 0.893624 0.318728 12 0.002302
0.737054 0.907694 0.293537 12 0.002302
0.202363 0.797789 0.47279 12 0.0
0.213953 0.817771 0.4695 12 0.0
0.206582 0.803431 0.521907 12 0.0
0.190772 0.777807 0.476081 12 0.0
0.198144 0.792148 0.423674 12 0.0
0.653291 0.959531 0.248076 13 1.0
0.28602 0.532913 0.248826 8 1.0
0.588997 0.977682 0.39826 12 0.0
0.581051 0.980056 0.398998 12 0.0
0.591693 0.978299 0.425321 12 0.0
0.596944 0.975308 0.397523 12 0.0
0.586302 0.977065 0.3712 12 0.0
0.845067 0.014396 0.248489 13 0.611732
0.84345 0.018224 0.249311 13 0.611732
0.834021 0.00975 0.248391 13 0.611732
0.846685 0.010567 0.247668 13 0.611732
0.856114 0.019041 0.248588 13 0.611732
0.601021 0.973077 0.461634 10 0.0
0.303503 0.931647 0.499147 12 0.0
0.326225 0.946432 0.499067 12 0.0
0.304717 0.930213 0.579 12 0.0
0.280781 0.916862 0.499227 12 0.0
0.302289 0.933081 0.419294 12 0.0
0.491629 0.001986 0.641481 5 0.812202
0.717897 0.514627 0.750384 11 0.000364
0.343245 0.001712 0.261516 1 0.030952
0.75174 0.895168 0.24858 13 1.0
0.836626 0.756683 0.626006 12 0.0
0.829162 0.776226 0.62461 12 0.0
0.836008 0.759247 0.665219 12 0.0
0.84409 0.737139 0.627401 12 0.0
0.837245 0.754119 0.586792 12 0.0
0.863391 0.392762 0.733935 12 5e-06
0.841391 0.002275 0.272218 1 0.009791
0.830858 0.002738 0.268246 1 0.009791
0.838214 0.002454 0.280662 1 0.009791
0.851924 0.001811 0.27619 1 0.009791
0.844567 0.002095 0.263774 1 0.009791
0.695172 0.002034 0.253077 1 0.999994
0.325709 0.950537 0.318043 12 0.000319
0.335553 0.956497 0.297284 12 0.000319
0.34128 0.958672 0.327762 12 0.000319
0.315865 0.944578 0.338802 12 0.000319
0.310138 0.942403 0.308324 12 0.000319
0.658625 0.953749 0.61446 12 0.0
0.641343 0.961887 0.60997 12 0.0
0.650232 0.958899 0.656096 12 0.0
0.675906 0.94561 0.61895 12 0.0
0.667017 0.948599 0.572825 12 0.0
0.824378 0.793683 0.695756 12 0.0
0.820195 0.805703 0.684157 12 0.0
0.81674 0.805619 0.71088 12 0.0
0.828561 0.781663 0.707354 12 0.0
0.832016 0.781746 0.680631 12 0.0
0.47783 0.002575 0.646264 2 0.999981
0.730095 0.898241 0.424872 12 0.0
0.7164 0.909857 0.424353 12 0.0
0.729012 0.898409 0.457192 12 0.0
0.743789 0.886625 0.425392 12 0.0
0.731178 0.898072 0.392553 12 0.0
0.135915 -0.001542 0.572027 1 1.0
0.85265 0.72556 0.318947 16 2e-06
0.849757 0.737634 0.30796 16 2e-06
0.851168 0.735554 0.330319 16 2e-06
0.855543 0.713487 0.329934 16 2e-06
0.854132 0.715567 0.307575 16 2e-06
0.582904 0.982725 0.623519 12 0.0
0.563122 0.987463 0.629323 12 0.0
0.594335 0.980358 0.664412 12 0.0
0.602686 0.977986 0.617714 12 0.0
0.571472 0.985091 0.582625 12 0.0
0.771268 0.856376 0.655652 12 0.0
0.752861 0.877357 0.681179 12 0.0
0.780571 0.844711 0.671949 12 0.0
0.789674 0.835396 0.630125 12 0.0
0.761964 0.868042 0.639356 12 0.0
0.816192 0.715599 0.617627 12 0.0
0.813434 0.725958 0.591718 12 0.0
0.804271 0.746408 0.631214 12 0.0
0.818951 0.70524 0.643535 12 0.0
0.828113 0.684789 0.604039 12 0.0
0.665217 0.952194 0.671366 12 0.0
0.647674 0.96083 0.662158 12 0.0
0.656111 0.957606 0.693788 12 0.0
0.682759 0.943559 0.680573 12 0.0
0.674322 0.946783 0.648943 12 0.0
0.785109 0.850036 0.558569 12 0.0
0.774531 0.863365 0.564049 12 0.0
0.790376 0.843992 0.583434 12 0.0
0.795686 0.836707 0.553088 12 0.0
0.779841 0.85608 0.533704 12 0.0
0.285827 0.061197 0.750974 3 0.0
0.334409 0.065123 0.752478 3 0.0
0.284206 0.081114 0.751339 3 0.0
0.237244 0.057272 0.74947 3 0.0
0.287447 0.04128 0.750609 3 0.0
0.77378 0.869546 0.412157 12 0.0
0.763323 0.881694 0.412651 12 0.0
0.774732 0.86891 0.447993 12 0.0
0.784236 0.857398 0.411664 12 0.0
0.772827 0.870182 0.376322 12 0.0
0.175429 0.686731 0.388523 12 0.0
0.179053 0.702823 0.402134 12 0.0
0.171325 0.653046 0.42944 12 0.0
0.171806 0.670638 0.374911 12 0.0
0.179533 0.720416 0.347605 12 0.0
0.863003 0.649196 0.249419 13 0.999999
0.347096 0.032751 0.247671 13 0.0
0.563188 -0.002011 0.70961 1 0.0
0.206721 0.840125 0.654966 6 0.0
0.22143 0.861265 0.656844 6 0.0
0.205004 0.838584 0.685768 6 0.0
0.192013 0.818986 0.653088 6 0.0
0.208439 0.841667 0.624165 6 0.0
0.324162 0.942867 0.503141 12 0.0
0.342115 0.952046 0.497433 12 0.0
0.333669 0.948246 0.541692 12 0.0
0.306208 0.933688 0.508849 12 0.0
0.314654 0.937488 0.46459 12 0.0
0.247438 0.885489 0.662242 6 0.0
0.262974 0.901104 0.663186 6 0.0
0.244301 0.886856 0.69125 6 0.0
0.231901 0.869874 0.661298 6 0.0
0.250575 0.884121 0.633233 6 0.0
0.236808 0.876184 0.363539 12 0.0
0.254309 0.895164 0.356992 12 0.0
0.241125 0.881803 0.391364 12 0.0
0.219308 0.857204 0.370087 12 0.0
0.232492 0.870566 0.335714 12 0.0
0.154322 0.728713 0.385174 12 0.0
0.160955 0.750678 0.390377 12 0.0
0.153121 0.718821 0.428473 12 0.0
0.14769 0.706748 0.379972 12 0.0
0.155524 0.738605 0.341876 12 0.0
0.314482 0.93994 0.692898 6 0.0
0.325822 0.944489 0.681506 6 0.0
0.325778 0.948649 0.707619 6 0.0
0.303142 0.935392 0.70429 6 0.0
0.303186 0.931232 0.678176 6 0.0
0.19573 0.787599 0.746869 3 3.8e-05
0.40164 0.982672 0.301882 9 0.042413
0.403304 0.983669 0.283283 9 0.042413
0.417191 0.986451 0.303476 9 0.042413
0.399976 0.981674 0.32048 9 0.042413
0.386089 0.978892 0.300288 9 0.042413
0.751325 0.893445 0.458527 12 0.0
0.738757 0.906112 0.463066 12 0.0
0.757167 0.88766 0.490843 12 0.0
0.763892 0.880778 0.453987 12 0.0
0.745482 0.89923 0.42621 12 0.0
0.859248 0.662612 0.364633 12 0.0
0.856283 0.682017 0.374608 12 0.0
0.860159 0.644974 0.399213 12 0.0
0.862213 0.643207 0.354657 12 0.0
0.858336 0.68025 0.330052 12 0.0
0.685928 0.676841 0.74459 7 0.999915
0.857367 0.061792 0.75047 3 0.999954
0.861248 0.074664 0.753937 3 0.999954
0.862574 0.060613 0.74902 3 0.999954
0.853486 0.04892 0.747002 3 0.999954
0.852161 0.062971 0.75192 3 0.999954
0.298841 0.928552 0.683866 6 0.0
0.314317 0.940705 0.673872 6 0.0
0.307246 0.932974 0.70226 6 0.0
0.283365 0.916399 0.693859 6 0.0
0.290436 0.92413 0.665472 6 0.0
0.677384 0.44234 0.251867 7 0.999994
0.171562 0.632332 0.633081 12 0.0
0.46415 0.777606 0.750795 7 0.469738
0.136017 0.652194 0.460633 12 0.0
0.137053 0.672573 0.470607 12 0.0
0.134278 0.636531 0.492816 12 0.0
0.13498 0.631814 0.450659 12 0.0
0.137756 0.667857 0.42845 12 0.0
0.42291 0.004575 0.738578 1 0.004825
0.219525 0.79282 0.488095 12 0.0
0.238085 0.8258 0.479658 12 0.0
0.225541 0.803056 0.541348 12 0.0
0.200965 0.759839 0.496531 12 0.0
0.213509 0.782583 0.434841 12 0.0
0.172861 0.545388 0.74668 3 0.0
0.715756 0.498723 0.753005 7 0.999961
0.835478 0.339901 0.747633 3 0.0
0.135502 0.291546 0.72738 12 0.0
0.327072 0.689961 0.248007 8 0.999858
0.633373 0.949236 0.362052 12 1.1e-05
0.615969 0.955962 0.364397 12 1.1e-05
0.636687 0.947573 0.391416 12 1.1e-05
0.650777 0.94251 0.359707 12 1.1e-05
0.630059 0.950898 0.332688 12 1.1e-05
0.583272 0.982685 0.461318 9 0.0
0.570783 0.985233 0.459244 9 0.0
0.578875 0.985859 0.491685 9 0.0
0.59576 0.980137 0.463393 9 0.0
0.587668 0.97951 0.430951 9 0.0
0.829545 0.206411 0.74792 3 0.0
0.134161 0.348824 0.733554 12 0.0
0.485679 0.00363 0.635577 5 0.999926
0.472031 0.350578 0.746037 7 0.900959
0.726108 0.914277 0.623089 12 0.0
0.712301 0.925448 0.625957 12 0.0
0.730992 0.909883 0.66372 12 0.0
0.739914 0.903105 0.620221 12 0.0
0.721223 0.91867 0.582459 12 0.0
0.140826 0.468744 0.734803 12 0.0
0.861248 0.684157 0.750691 3 1.0
0.322684 0.944847 0.358131 10 0.0
0.333319 0.951618 0.328693 10 0.0
0.33187 0.9504 0.362726 10 0.0
0.312049 0.938076 0.387569 10 0.0
0.313498 0.939294 0.353535 10 0.0
0.631665 0.970344 0.317478 12 6e-06
0.612024 0.978109 0.316285 12 6e-06
0.629999 0.969657 0.340422 12 6e-06
0.651305 0.962579 0.318672 12 6e-06
0.633331 0.971031 0.294535 12 6e-06
0.577147 0.985885 0.438264 12 0.0
0.559255 0.989772 0.438248 12 0.0
0.577127 0.986046 0.498755 12 0.0
0.59504 0.981998 0.43828 12 0.0
0.577167 0.985725 0.377773 12 0.0
0.709436 0.920558 0.683673 12 0.0
0.689254 0.936429 0.693944 12 0.0
0.717526 0.91824 0.703151 12 0.0
0.729618 0.904687 0.673402 12 0.0
0.701346 0.922875 0.664195 12 0.0
0.812361 0.800579 0.648607 12 0.0
0.801746 0.819884 0.620534 12 0.0
0.802401 0.818535 0.66472 12 0.0
0.822976 0.781275 0.67668 12 0.0
0.822321 0.782624 0.632494 12 0.0
0.458224 0.992402 0.374503 12 0.0
0.43769 0.990473 0.376313 12 0.0
0.461742 0.992201 0.414202 12 0.0
0.478758 0.994332 0.372693 12 0.0
0.454706 0.992604 0.334804 12 0.0
0.44554 0.990052 0.488482 12 0.0
0.249038 0.895865 0.249312 13 0.957404
0.841159 0.743226 0.386498 12 0.0
0.83598 0.760074 0.371042 12 0.0
0.834869 0.760296 0.407212 12 0.0
0.846338 0.726378 0.401954 12 0.0
0.84745 0.726156 0.365783 12 0.0
0.586589 0.981666 0.604029 12 0.0
0.571111 0.985638 0.609983 12 0.0
0.599125 0.978664 0.638619 12 0.0
0.602068 0.977695 0.598075 12 0.0
0.574053 0.984668 0.569439 12 0.0
0.77308 0.868688 0.616172 12 0.0
0.762151 0.881257 0.622063 12 0.0
0.779986 0.861243 0.644866 12 0.0
0.784008 0.85612 0.61028 12 0.0
0.766173 0.876133 0.587478 12 0.0
0.798202 0.833883 0.417828 12 0.0
0.786846 0.848907 0.423157 12 0.0
0.802481 0.827456 0.445063 12 0.0
0.809559 0.818859 0.412498 12 0.0
0.793923 0.84031 0.390592 12 0.0
0.621281 0.946987 0.318225 12 1e-06
0.59332 0.957087 0.320361 12 1e-06
0.622902 0.947488 0.33708 12 1e-06
0.649241 0.936887 0.316088 12 1e-06
0.619659 0.946486 0.299369 12 1e-06
0.841422 0.712544 0.665142 12 0.0
0.837737 0.722462 0.647589 12 0.0
0.834178 0.744952 0.684976 12 0.0
0.845108 0.702625 0.682696 12 0.0
0.848666 0.680135 0.645308 12 0.0
0.271452 0.9088 0.329418 12 2e-06
0.286463 0.920011 0.351701 12 2e-06
0.259287 0.897223 0.343438 12 2e-06
0.25644 0.897589 0.307136 12 2e-06
0.283616 0.920377 0.315398 12 2e-06
0.504215 0.995609 0.710624 12 0.0
0.527869 0.995382 0.708313 12 0.0
0.505596 0.994512 0.724877 12 0.0
0.48056 0.995836 0.712934 12 0.0
0.502833 0.996706 0.69637 12 0.0
0.86008 0.664835 0.349433 12 0.0
0.856524 0.691532 0.349993 12 0.0
0.85946 0.664062 0.382336 12 0.0
0.863637 0.638138 0.348873 12 0.0
0.860701 0.665608 0.31653 12 0.0
0.772657 0.857773 0.523158 12 0.0
0.760677 0.872384 0.529408 12 0.0
0.779328 0.850239 0.553555 12 0.0
0.784637 0.843162 0.516908 12 0.0
0.765986 0.865307 0.492761 12 0.0
0.716327 0.914087 0.360896 12 0.0
0.699596 0.926412 0.363094 12 0.0
0.718677 0.911331 0.394241 12 0.0
0.733058 0.901761 0.358698 12 0.0
0.713977 0.916843 0.327551 12 0.0
0.82712 0.713946 0.590377 12 0.0
0.825203 0.725378 0.562885 12 0.0
0.822056 0.732158 0.598304 12 0.0
0.829036 0.702513 0.617869 12 0.0
0.832184 0.695734 0.58245 12 0.0
0.154729 0.728003 0.384578 10 0.0
0.160819 0.748626 0.390913 10 0.0
0.152628 0.71527 0.428047 10 0.0
0.148638 0.70738 0.378242 10 0.0
0.156829 0.740736 0.341109 10 0.0
0.173203 0.784066 0.352894 12 0.0
0.183051 0.805399 0.344468 12 0.0
0.178625 0.794602 0.385908 12 0.0
0.163355 0.762733 0.36132 12 0.0
0.167781 0.77353 0.31988 12 0.0
0.144464 0.684033 0.55857 12 0.0
0.148076 0.706118 0.568207 12 0.0
0.142258 0.671474 0.588177 12 0.0
0.140853 0.661947 0.548933 12 0.0
0.146671 0.696591 0.528963 12 0.0
0.865718 0.046213 0.736203 12 0.999991
0.205149 0.843897 0.666161 6 0.0
0.216498 0.860273 0.667415 6 0.0
0.203581 0.842939 0.692868 6 0.0
0.1938 0.827521 0.664907 6 0.0
0.206717 0.844856 0.639455 6 0.0
0.277153 0.868011 0.64264 6 0.0
0.290961 0.880782 0.64995 6 0.0
0.272448 0.85273 0.678227 6 0.0
0.263346 0.85524 0.63533 6 0.0
0.281859 0.883292 0.607053 6 0.0
0.360056 0.010545 0.455969 2 0.999569
0.314792 -0.001418 0.722339 1 0.0
0.85993 0.529707 0.732488 12 0.0
0.151945 0.72567 0.331757 12 4.4e-05
0.15725 0.743694 0.344134 12 4.4e-05
0.148247 0.709931 0.356261 12 4.4e-05
0.14664 0.707645 0.319379 12 4.4e-05
0.155643 0.741409 0.307252 12 4.4e-05
0.372701 0.006741 0.748301 3 0.999899
0.339054 0.954076 0.691206 6 0.0
0.346608 0.956751 0.676321 6 0.0
0.359845 0.965406 0.703794 6 0.0
0.331499 0.951401 0.70609 6 0.0
0.318263 0.942746 0.678617 6 0.0
0.140749 0.580551 0.284281 15 0.31821
0.138762 0.580436 0.293612 15 0.31821
0.133878 0.558634 0.282547 15 0.31821
0.142736 0.580666 0.274949 15 0.31821
0.147621 0.602467 0.286014 15 0.31821
0.572435 0.978671 0.511907 12 0.0
0.553141 0.968985 0.493843 12 0.0
0.815277 0.782167 0.57631 12 0.0
0.805572 0.800368 0.559713 12 0.0
0.805697 0.799549 0.600974 12 0.0
0.824981 0.763966 0.592908 12 0.0
0.824857 0.764784 0.551647 12 0.0
0.808757 0.752932 0.511772 12 0.0
0.799525 0.769763 0.497158 12 0.0
0.795881 0.780085 0.551179 12 0.0
0.817988 0.7361 0.526385 12 0.0
0.821633 0.725779 0.472364 12 0.0
0.829533 0.602402 0.618334 10 0.0
0.829562 0.70762 0.403553 12 0.0
0.825238 0.723393 0.407806 12 0.0
0.826728 0.694571 0.449063 12 0.0
0.833886 0.691846 0.3993 12 0.0
0.832395 0.720669 0.358043 12 0.0
0.420651 0.356378 0.248389 14 0.999967
0.809435 0.026758 0.72346 1 0.244531
0.81567 0.027943 0.723664 1 0.244531
0.809012 0.028358 0.727105 1 0.244531
0.8032 0.025572 0.723257 1 0.244531
0.809858 0.025158 0.719815 1 0.244531
0.690588 0.937172 0.621814 12 0.0
0.672574 0.948072 0.617324 12 0.0
0.683748 0.94234 0.661807 12 0.0
0.708603 0.926272 0.626303 12 0.0
0.697429 0.932004 0.58182 12 0.0
0.647543 0.94839 0.348318 12 0.0
0.624297 0.959133 0.349117 12 0.0
0.647747 0.947829 0.361791 12 0.0
0.670788 0.937647 0.34752 12 0.0
0.647339 0.94895 0.334845 12 0.0
0.664451 0.95165 0.709002 10 0.0
0.64497 0.961369 0.704746 10 0.0
0.663192 0.954784 0.72192 10 0.0
0.683933 0.941932 0.713259 10 0.0
0.66571 0.948517 0.696084 10 0.0
0.419101 0.989891 0.250685 13 1.0
0.63747 0.96552 0.472081 12 0.0
0.619919 0.973348 0.475666 12 0.0
0.642883 0.963431 0.50314 12 0.0
0.655021 0.957692 0.468496 12 0.0
0.632057 0.967609 0.441021 12 0.0
0.183703 0.353369 0.742424 3 0.0
0.707415 0.928462 0.733891 10 0.0
0.550602 0.775888 0.748936 7 0.001148
0.145674 0.719731 0.471872 12 0.0
0.15025 0.735533 0.480998 12 0.0
0.143559 0.708005 0.493236 12 0.0
0.141098 0.70393 0.462746 12 0.0
0.147789 0.731457 0.450509 12 0.0
0.155501 0.226343 0.744421 3 0.0
0.858302 0.003213 0.249502 13 1.0
0.207832 0.831243 0.478305 12 0.0
0.219507 0.847413 0.475675 12 0.0
0.212093 0.837001 0.532615 12 0.0
0.196157 0.815072 0.480936 12 0.0
0.203571 0.825485 0.423996 12 0.0
0.416989 0.985132 0.714125 12 0.0
0.439535 0.990562 0.714667 12 0.0
0.416576 0.985534 0.727291 12 0.0
0.394444 0.979702 0.713583 12 0.0
0.417403 0.98473 0.700959 12 0.0
0.840217 0.676226 0.426849 12 0.0
0.838524 0.691298 0.428034 12 0.0
0.841159 0.672388 0.477015 12 0.0
0.841911 0.661154 0.425664 12 0.0
0.839275 0.680064 0.376682 12 0.0
0.599657 0.955374 0.443534 12 0.0
0.57859 0.96154 0.442512 12 0.0
0.597899 0.956684 0.487685 12 0.0
0.620723 0.949207 0.444556 12 0.0
0.601415 0.954064 0.399384 12 0.0
0.24006 0.866151 0.500173 6 0.0
0.249156 0.875419 0.504116 6 0.0
0.233343 0.854393 0.543313 6 0.0
0.230963 0.856883 0.496231 6 0.0
0.246776 0.877909 0.457033 6 0.0
0.457845 0.003205 0.634108 2 0.723919
0.870377 0.663692 0.243743 12 1.0
0.86274 0.124275 0.743375 12 0.999922
0.864738 0.326236 0.721509 12 0.0
0.309261 0.935786 0.308041 12 0.726498
0.318457 0.938234 0.306726 12 0.726498
0.31248 0.934586 0.328319 12 0.726498
0.300065 0.933338 0.309356 12 0.726498
0.306041 0.936986 0.287763 12 0.726498
0.695264 0.000546 0.255551 13 1.0
0.14276 0.355677 0.731121 12 0.0
0.8124 0.812517 0.685313 10 0.0
0.804698 0.822381 0.670884 10 0.0
0.804555 0.828854 0.70067 10 0.0
0.820102 0.802652 0.699742 10 0.0
0.820245 0.796179 0.669956 10 0.0
0.346224 0.959081 0.702915 12 0.0
0.347131 0.961573 0.718478 12 0.0
0.326814 0.950198 0.705469 12 0.0
0.345316 0.956589 0.687351 12 0.0
0.365633 0.967964 0.700361 12 0.0
0.223302 0.824877 0.382786 12 0.0
0.240932 0.848576 0.375416 12 0.0
0.230405 0.83203 0.422779 12 0.0
0.205673 0.801179 0.390155 12 0.0
0.216199 0.817725 0.342793 12 0.0
0.748388 0.892435 0.448132 12 0.0
0.734995 0.905035 0.452932 12 0.0
0.754291 0.886587 0.479954 12 0.0
0.761781 0.879836 0.443332 12 0.0
0.742485 0.898283 0.41631 12 0.0
0.84915 0.72659 0.31266 16 3e-06
0.845227 0.744449 0.298745 16 3e-06
0.844957 0.738077 0.328583 16 3e-06
0.853072 0.708731 0.326575 16 3e-06
0.853342 0.715104 0.296737 16 3e-06
0.603183 0.97374 0.545164 10 0.0
0.591824 0.977375 0.545284 10 0.0
0.602829 0.97133 0.584708 10 0.0
0.614542 0.970105 0.545044 10 0.0
0.603536 0.976149 0.50562 10 0.0
0.842004 0.738399 0.274543 12 3e-05
0.78063 0.862853 0.603292 12 0.0
0.772159 0.872675 0.610231 12 0.0
0.786328 0.854816 0.621626 12 0.0
0.789102 0.853032 0.596354 12 0.0
0.774932 0.870891 0.584958 12 0.0
0.792539 0.841396 0.41353 12 0.0
0.780998 0.856832 0.41499 12 0.0
0.79373 0.839403 0.44401 12 0.0
0.80408 0.82596 0.412069 12 0.0
0.791348 0.843389 0.383049 12 0.0
0.544202 0.989501 0.339796 12 0.0
0.522913 0.993074 0.332494 12 0.0
0.533988 0.989778 0.369708 12 0.0
0.56549 0.985928 0.347098 12 0.0
0.554415 0.989223 0.309884 12 0.0
0.865851 0.026131 0.630207 12 0.0
0.647502 0.96158 0.29649 9 1e-06
0.624268 0.972018 0.297141 9 1e-06
0.647656 0.96092 0.312551 9 1e-06
0.670736 0.951141 0.295838 9 1e-06
0.647348 0.96224 0.280428 9 1e-06
0.794488 0.827807 0.749235 3 4e-06
0.816881 0.774562 0.565993 12 0.0
0.805212 0.797967 0.554921 12 0.0
0.810629 0.787354 0.599624 12 0.0
0.82855 0.751157 0.577064 12 0.0
0.823133 0.76177 0.532361 12 0.0
0.848478 0.733057 0.708088 10 0.0
0.839904 0.75542 0.708473 10 0.0
0.847369 0.732376 0.722955 10 0.0
0.857052 0.710694 0.707702 10 0.0
0.849587 0.733738 0.69322 10 0.0
0.781516 0.779551 0.300126 5 0.000477
0.782445 0.861085 0.490179 12 0.0
0.773814 0.871595 0.49087 12 0.0
0.783427 0.859183 0.531353 12 0.0
0.791076 0.850575 0.489488 12 0.0
0.781464 0.862987 0.449005 12 0.0
0.51479 0.987223 0.593713 12 0.0
0.54109 0.985767 0.590442 12 0.0
0.520993 0.988623 0.642969 12 0.0
0.48849 0.988679 0.596984 12 0.0
0.508586 0.985823 0.544458 12 0.0
0.699959 0.932852 0.356098 12 0.0
0.682111 0.945051 0.356561 12 0.0
0.699589 0.930998 0.39066 12 0.0
0.717808 0.920653 0.355635 12 0.0
0.70033 0.934706 0.321536 12 0.0
0.151452 0.711959 0.48767 12 0.0
0.156778 0.735758 0.49 12 0.0
0.15011 0.706307 0.548469 12 0.0
0.146126 0.68816 0.48534 12 0.0
0.152794 0.717612 0.42687 12 0.0
0.310302 0.938177 0.543747 12 0.0
0.163737 0.764863 0.390878 12 0.0
0.172556 0.786445 0.389801 12 0.0
0.165504 0.7664 0.436155 12 0.0
0.154919 0.743281 0.391955 12 0.0
0.161971 0.763325 0.345601 12 0.0
0.37194 0.735175 0.743104 11 0.10518
0.533278 0.993585 0.250101 13 1.0
0.731136 0.907578 0.407431 12 0.0
0.713859 0.922045 0.407575 12 0.0
0.731618 0.90766 0.45703 12 0.0
0.748413 0.893111 0.407287 12 0.0
0.730654 0.907495 0.357833 12 0.0
0.209628 0.839797 0.662483 6 0.0
0.223419 0.859112 0.663259 6 0.0
0.206971 0.840545 0.691107 6 0.0
0.195836 0.820481 0.661708 6 0.0
0.212285 0.839049 0.633859 6 0.0
0.803618 0.790621 0.395531 16 0.0
0.797941 0.802144 0.396075 16 0.0
0.803795 0.788893 0.433922 16 0.0
0.809296 0.779097 0.394986 16 0.0
0.803442 0.792349 0.35714 16 0.0
0.628264 0.008584 0.250784 13 0.148753
0.568696 0.00067 0.370268 5 0.421678
0.286121 0.004661 0.747367 1 0.999968
0.171583 0.675227 0.355437 12 0.0
0.172732 0.685209 0.365586 12 0.0
0.169659 0.643143 0.387209 12 0.0
0.170434 0.665244 0.345287 12 0.0
0.173507 0.70731 0.323664 12 0.0
0.575478 0.986568 0.515164 12 0.0
0.560644 0.990136 0.516254 12 0.0
0.578711 0.98698 0.557805 12 0.0
0.590313 0.983 0.514074 12 0.0
0.572246 0.986156 0.472523 12 0.0
0.822954 0.787912 0.643957 12 0.0
0.813754 0.806558 0.630538 12 0.0
0.814594 0.805834 0.674595 12 0.0
0.832154 0.769265 0.657375 12 0.0
0.831315 0.769989 0.613319 12 0.0
0.394497 0.973571 0.722408 12 1.2e-05
0.751613 0.88959 0.503846 12 0.0
0.740459 0.901157 0.507384 12 0.0
0.758445 0.885312 0.539374 12 0.0
0.762767 0.878023 0.500309 12 0.0
0.744781 0.893868 0.468319 12 0.0
0.144186 0.683604 0.585616 12 0.0
0.144462 0.68835 0.636921 12 0.0
0.139487 0.657302 0.588074 12 0.0
0.143911 0.678858 0.53431 12 0.0
0.148886 0.709906 0.583157 12 0.0
0.303409 0.933048 0.490394 12 0.0
0.323074 0.946596 0.488135 12 0.0
0.310656 0.935614 0.568856 12 0.0
0.283744 0.919501 0.492653 12 0.0
0.296162 0.930483 0.411932 12 0.0
0.62399 0.950215 0.341555 12 0.0
0.60217 0.959317 0.340592 12 0.0
0.623255 0.951042 0.366023 12 0.0
0.64581 0.941114 0.342519 12 0.0
0.624725 0.949389 0.317088 12 0.0
0.547428 0.006745 0.751591 3 0.071532
0.352372 0.717181 0.246618 8 0.999992
0.147655 0.728886 0.484119 12 0.0
0.152605 0.74662 0.493473 12 0.0
0.144956 0.718228 0.505753 12 0.0
0.142704 0.711151 0.474764 12 0.0
0.150353 0.739544 0.462484 12 0.0
0.496455 0.005504 0.352379 5 0.999968
0.84082 0.721618 0.400469 12 0.0
0.165096 0.515887 0.747982 3 0.0
0.595031 0.981174 0.33509 12 0.0
0.573518 0.986332 0.333751 12 0.0
0.593341 0.98157 0.363772 12 0.0
0.616543 0.976016 0.336428 12 0.0
0.59672 0.980777 0.306408 12 0.0
0.736793 0.898619 0.327261 12 0.0
0.717129 0.916666 0.321605 12 0.0
0.730752 0.899909 0.352383 12 0.0
0.756458 0.880572 0.332917 12 0.0
0.742835 0.897329 0.302139 12 0.0
0.235986 0.79904 0.484151 12 0.0
0.255946 0.831397 0.474687 12 0.0
0.243068 0.811786 0.54267 12 0.0
0.216025 0.766682 0.493614 12 0.0
0.228904 0.786293 0.425631 12 0.0
0.840926 0.74408 0.502489 12 0.0
0.837482 0.756714 0.502619 12 0.0
0.839681 0.743434 0.5323 12 0.0
0.844371 0.731447 0.502359 12 0.0
0.842172 0.744726 0.472678 12 0.0
0.284287 0.919809 0.349929 12 0.0
0.29971 0.931284 0.369962 12 0.0
0.272318 0.910159 0.364672 12 0.0
0.268864 0.908335 0.329897 12 0.0
0.296257 0.92946 0.335186 12 0.0
0.606164 0.977175 0.44091 12 0.0
0.545313 0.992979 0.33874 12 0.0
0.526269 0.995321 0.342759 12 0.0
0.551484 0.992132 0.368478 12 0.0
0.564358 0.990636 0.334722 12 0.0
0.539143 0.993825 0.309002 12 0.0
0.158742 0.269612 0.739178 3 0.0
0.86727 0.240132 0.652772 12 0.0
0.86755 0.314371 0.641361 12 0.0
0.866842 0.244441 0.680794 12 0.0
0.866989 0.165894 0.664184 12 0.0
0.867698 0.235823 0.62475 12 0.0
0.269401 0.840334 0.501847 12 0.0
0.284179 0.8605 0.505239 12 0.0
0.26053 0.836301 0.564469 12 0.0
0.254624 0.820167 0.498455 12 0.0
0.278273 0.844366 0.439225 12 0.0
0.377874 0.064896 0.243188 13 0.0
0.618729 0.764064 0.251117 14 0.0
0.577474 -0.001333 0.271565 1 1.0
0.298484 0.925794 0.691709 6 0.0
0.309667 0.931585 0.682866 6 0.0
0.306573 0.934517 0.707654 6 0.0
0.2873 0.920002 0.700551 6 0.0
0.290395 0.91707 0.675763 6 0.0
0.713629 0.923721 0.672984 12 0.0
0.696857 0.93649 0.684574 12 0.0
0.724413 0.91644 0.696612 12 0.0
0.730401 0.910953 0.661394 12 0.0
0.702845 0.931003 0.649355 12 0.0
0.47234 0.993998 0.406058 12 0.0
0.453507 0.992481 0.406403 12 0.0
0.473177 0.99361 0.450026 12 0.0
0.491174 0.995514 0.405713 12 0.0
0.471503 0.994385 0.36209 12 0.0
0.360841 0.952439 0.676852 12 0.0
0.366939 0.953393 0.695047 12 0.0
0.338277 0.94471 0.684819 12 0.0
0.354742 0.951486 0.658656 12 0.0
0.383405 0.960169 0.668884 12 0.0
0.202031 0.831128 0.383978 12 0.0
0.212749 0.847296 0.38626 12 0.0
0.20078 0.82597 0.426391 12 0.0
0.191312 0.81496 0.381696 12 0.0
0.203282 0.836287 0.341565 12 0.0
0.435838 0.987595 0.500585 12 0.0
0.734752 0.905322 0.45645 12 0.0
0.721569 0.916725 0.461127 12 0.0
0.740327 0.901024 0.482646 12 0.0
0.747934 0.89392 0.451773 12 0.0
0.729176 0.909621 0.430254 12 0.0
0.266874 0.908661 0.561511 6 0.0
0.480771 0.986649 0.746906 3 0.000274
0.624253 0.007574 0.74757 3 1e-06
0.767081 0.005471 0.750356 3 1.0
0.211412 0.790038 0.582019 10 0.0
0.224237 0.808931 0.611266 10 0.0
0.200977 0.768817 0.600303 10 0.0
0.198587 0.771144 0.552772 10 0.0
0.221847 0.811258 0.563735 10 0.0
0.829396 0.713767 0.643165 12 0.0
0.825937 0.725432 0.619405 12 0.0
0.822866 0.734799 0.654442 12 0.0
0.832854 0.702101 0.666924 12 0.0
0.835925 0.692734 0.631888 12 0.0
0.305029 0.935264 0.415969 12 0.0
0.324504 0.947219 0.414908 12 0.0
0.306102 0.938503 0.472158 12 0.0
0.285553 0.923309 0.41703 12 0.0
0.303955 0.932026 0.35978 12 0.0
0.25764 0.906716 0.257561 13 0.989939
0.84032 0.759393 0.665633 12 0.0
0.833577 0.773911 0.665266 12 0.0
0.840814 0.760284 0.691773 12 0.0
0.847064 0.744875 0.666 12 0.0
0.839826 0.758502 0.639493 12 0.0
0.752849 0.849059 0.570733 12 0.0
0.738141 0.867109 0.579478 12 0.0
0.762811 0.839978 0.606235 12 0.0
0.767557 0.831009 0.561989 12 0.0
0.742887 0.858141 0.535231 12 0.0
0.716019 0.920593 0.360558 12 0.0
0.700327 0.93192 0.362686 12 0.0
0.718135 0.916644 0.397167 12 0.0
0.731711 0.909266 0.358429 12 0.0
0.713903 0.924542 0.323948 12 0.0
0.85764 0.661701 0.530038 12 0.0
0.85688 0.673625 0.487027 12 0.0
0.854738 0.68633 0.536917 12 0.0
0.8584 0.649776 0.573048 12 0.0
0.860542 0.637072 0.523158 12 0.0
0.294562 0.928053 0.384544 12 0.0
0.309896 0.938705 0.382883 12 0.0
0.296425 0.932637 0.431128 12 0.0
0.279228 0.917402 0.386205 12 0.0
0.292699 0.92347 0.337961 12 0.0
0.677365 0.950731 0.255102 13 1.0
0.598779 0.005776 0.39815 5 0.683255
0.37381 0.972295 0.620029 12 0.0
0.39007 0.978103 0.617876 12 0.0
0.377562 0.973501 0.651626 12 0.0
0.35755 0.966486 0.622181 12 0.0
0.370057 0.971088 0.588431 12 0.0
0.142594 0.694622 0.363708 12 0.0
0.145334 0.712423 0.369821 12 0.0
0.139968 0.683295 0.397871 12 0.0
0.139854 0.676822 0.357596 12 0.0
0.14522 0.705949 0.329546 12 0.0
0.265482 0.007062 0.746936 3 0.999987
0.33548 0.951714 0.664755 12 0.0
0.353083 0.96028 0.65196 12 0.0
0.349446 0.959727 0.689333 12 0.0
0.317877 0.943148 0.67755 12 0.0
0.321515 0.943701 0.640176 12 0.0
0.305186 0.46249 0.258097 7 0.999938
0.617596 0.00437 0.58136 5 1.0
0.20202 0.727693 0.534581 12 0.0
0.212209 0.754369 0.546971 12 0.0
0.193401 0.710714 0.578224 12 0.0
0.191831 0.701017 0.522192 12 0.0
0.210639 0.744671 0.490938 12 0.0
0.815212 0.807011 0.75282 3 1.0
0.330939 0.950252 0.559669 12 0.0
0.348741 0.959859 0.548994 12 0.0
0.343164 0.956347 0.58554 12 0.0
0.313137 0.940646 0.570345 12 0.0
0.318714 0.944158 0.533799 12 0.0
0.498231 0.77321 0.746433 7 0.999992
0.136241 0.655165 0.472944 12 0.0
0.138158 0.674395 0.479843 12 0.0
0.136082 0.641422 0.511292 12 0.0
0.134324 0.635935 0.466044 12 0.0
0.136399 0.668908 0.434595 12 0.0
0.543928 0.001448 0.7492 1 0.996231
0.188146 0.195657 0.740212 3 0.0
0.848317 0.657988 0.41631 12 0.0
0.843712 0.696613 0.421227 12 0.0
0.848301 0.655939 0.432394 12 0.0
0.852922 0.619364 0.411393 12 0.0
0.848332 0.660038 0.400225 12 0.0
0.196727 0.828285 0.519788 10 0.0
0.206653 0.843915 0.519865 10 0.0
0.196838 0.827962 0.571372 10 0.0
0.186801 0.812655 0.519712 10 0.0
0.196616 0.828607 0.468205 10 0.0
0.623172 0.971341 0.468959 12 0.0
0.60696 0.976506 0.466596 12 0.0
0.618778 0.974118 0.505173 12 0.0
0.639384 0.966177 0.471322 12 0.0
0.627566 0.968565 0.432745 12 0.0
0.138671 0.291118 0.739297 12 1.1e-05
0.287212 0.923148 0.311857 12 0.0
0.305661 0.936497 0.328595 12 0.0
0.280589 0.917406 0.323738 12 0.0
0.268763 0.9098 0.295119 12 0.0
0.293836 0.928891 0.299977 12 0.0
0.833946 0.339796 0.747147 3 0.0
0.133257 0.004335 0.325966 15 1.0
0.172311 0.73852 0.441154 12 0.0
0.180269 0.760929 0.447449 12 0.0
0.169733 0.730002 0.474735 12 0.0
0.164352 0.71611 0.434859 12 0.0
0.174889 0.747037 0.407574 12 0.0
0.366053 0.936295 0.277272 13 0.115388
0.531172 0.956753 0.418021 12 0.0
0.632513 0.962933 0.524243 12 0.0
0.613891 0.970394 0.529957 12 0.0
0.63858 0.959287 0.548773 12 0.0
0.651135 0.955472 0.518528 12 0.0
0.626447 0.966579 0.499713 12 0.0
0.348616 0.923246 0.45777 12 0.0
0.375584 0.933675 0.441918 12 0.0
0.366213 0.932245 0.493629 12 0.0
0.321647 0.912817 0.473622 12 0.0
0.331018 0.914247 0.421911 12 0.0
0.297983 0.936345 0.625142 10 0.999999
0.355679 0.946602 0.349636 12 0.0
0.369546 0.951583 0.32535 12 0.0
0.379159 0.956612 0.365096 12 0.0
0.341811 0.941622 0.373922 12 0.0
0.332199 0.936592 0.334177 12 0.0
0.299266 0.927173 0.593763 6 0.0
0.31808 0.941591 0.58164 6 0.0
0.314212 0.935266 0.626582 6 0.0
0.280452 0.912755 0.605885 6 0.0
0.284321 0.919081 0.560943 6 0.0
0.709664 0.921383 0.670805 12 0.0
0.691959 0.936164 0.684295 12 0.0
0.721415 0.915261 0.692936 12 0.0
0.727368 0.906603 0.657316 12 0.0
0.697913 0.927506 0.648674 12 0.0
0.518269 0.991655 0.37052 12 0.0
0.495057 0.991958 0.372602 12 0.0
0.521744 0.991967 0.409199 12 0.0
0.541482 0.991352 0.368437 12 0.0
0.514795 0.991343 0.33184 12 0.0
0.36567 0.957723 0.680192 12 0.0
0.373148 0.963009 0.69767 12 0.0
0.340562 0.948697 0.693664 12 0.0
0.358192 0.952437 0.662714 12 0.0
0.390779 0.966749 0.66672 12 0.0
0.209685 0.833533 0.3609 12 0.0
0.222983 0.851438 0.355998 12 0.0
0.215803 0.838707 0.39639 12 0.0
0.196387 0.815628 0.365803 12 0.0
0.203567 0.828359 0.32541 12 0.0
0.450173 0.990136 0.446363 12 0.0
0.434271 0.98827 0.441959 12 0.0
0.440111 0.989095 0.483144 12 0.0
0.466075 0.992002 0.450766 12 0.0
0.460236 0.991176 0.409581 12 0.0
0.152216 0.734949 0.680116 12 0.0
0.158628 0.75612 0.679757 12 0.0
0.1519 0.735439 0.703358 12 0.0
0.145803 0.713778 0.680476 12 0.0
0.152531 0.734458 0.656875 12 0.0
0.754155 0.892473 0.250023 13 1.0
0.775631 0.8665 0.660317 12 0.0
0.763707 0.881362 0.668684 12 0.0
0.784166 0.857332 0.688766 12 0.0
0.787554 0.851637 0.65195 12 0.0
0.767095 0.875668 0.631868 12 0.0
0.781691 0.856964 0.452223 10 0.0
0.772311 0.868291 0.453842 10 0.0
0.783726 0.853944 0.485152 10 0.0
0.791072 0.845637 0.450605 10 0.0
0.779657 0.859984 0.419295 10 0.0
0.799189 0.005977 0.749937 1 0.522922
0.715724 0.926568 0.35979 12 0.0
0.699543 0.937549 0.3603 12 0.0
0.716321 0.925756 0.396214 12 0.0
0.731906 0.915587 0.359281 12 0.0
0.715128 0.927379 0.323367 12 0.0
0.270478 0.905321 0.341523 12 0.0
0.287288 0.919152 0.366759 12 0.0
0.256446 0.892799 0.357733 12 0.0
0.253668 0.891491 0.316287 12 0.0
0.284509 0.917844 0.325314 12 0.0
0.835739 0.76999 0.666663 12 0.0
0.827736 0.78887 0.665094 12 0.0
0.836129 0.772355 0.693142 12 0.0
0.843742 0.75111 0.668232 12 0.0
0.83535 0.767624 0.640184 12 0.0
0.851113 0.686286 0.282281 12 0.000627
0.845783 0.717775 0.286449 12 0.000627
0.85327 0.68523 0.293017 12 0.000627
0.856443 0.654797 0.278113 12 0.000627
0.848956 0.687342 0.271545 12 0.000627
0.784322 0.858015 0.588094 12 0.0
0.77499 0.870138 0.589635 12 0.0
0.78775 0.854979 0.632763 12 0.0
0.793655 0.845892 0.586554 12 0.0
0.780894 0.861051 0.543426 12 0.0
0.696528 0.936484 0.339126 12 0.0
0.679486 0.947863 0.33965 12 0.0
0.696365 0.934865 0.368986 12 0.0
0.713571 0.925105 0.338603 12 0.0
0.696692 0.938102 0.309267 12 0.0
0.852932 0.692287 0.573731 12 0.0
0.850732 0.700521 0.526299 12 0.0
0.848662 0.716581 0.578146 12 0.0
0.855131 0.684053 0.621162 12 0.0
0.857201 0.667994 0.569315 12 0.0
0.337679 0.954407 0.375423 15 0.0
0.34692 0.956943 0.357264 15 0.0
0.350574 0.960677 0.382861 15 0.0
0.328438 0.95187 0.393581 15 0.0
0.324784 0.948136 0.367984 15 0.0
0.633781 0.004639 0.48996 2 0.64545
0.833722 0.642829 0.683524 12 0.0
0.833569 0.644875 0.662918 12 0.0
0.825912 0.701854 0.689443 12 0.0
0.833876 0.640783 0.70413 12 0.0
0.841532 0.583803 0.677605 12 0.0
0.648596 0.016269 0.248713 13 5e-05
0.574114 0.000153 0.370371 5 0.999307
0.356944 0.011218 0.726893 1 0.407018
0.347178 0.956548 0.624397 6 0.0
0.362412 0.965422 0.616632 6 0.0
0.364663 0.962332 0.665312 6 0.0
0.331943 0.947673 0.632163 6 0.0
0.329692 0.950763 0.583483 6 0.0
0.170648 0.763965 0.748032 3 0.999973
0.552108 0.972694 0.531751 12 0.0
0.553855 0.974737 0.513385 12 0.0
0.821849 0.786129 0.620819 12 0.0
0.813151 0.803601 0.603734 12 0.0
0.813457 0.802341 0.641671 12 0.0
0.830547 0.768656 0.637903 12 0.0
0.830241 0.769917 0.599967 12 0.0
0.419704 0.984645 0.248739 13 0.999999
0.149717 0.712465 0.650274 12 0.0
0.148931 0.713201 0.682184 12 0.0
0.143434 0.687558 0.650693 12 0.0
0.150502 0.71173 0.618364 12 0.0
0.155999 0.737373 0.649854 12 0.0
0.860824 0.043759 0.749324 3 0.999999
0.860761 0.052863 0.753219 3 0.999999
0.864456 0.044132 0.748512 3 0.999999
0.860887 0.034656 0.745429 3 0.999999
0.857191 0.043387 0.750136 3 0.999999
0.334926 0.935477 0.534169 12 0.0
0.356395 0.946102 0.520825 12 0.0
0.34911 0.940663 0.561119 12 0.0
0.313457 0.924853 0.547513 12 0.0
0.320742 0.930292 0.507219 12 0.0
0.193212 0.030175 0.748232 3 0.999894
0.762267 0.86485 0.742977 4 1.0
0.753312 0.892096 0.643702 12 0.0
0.741104 0.904525 0.646534 12 0.0
0.758211 0.889023 0.678305 12 0.0
0.76552 0.879668 0.640869 12 0.0
0.748413 0.89517 0.609098 12 0.0
0.62936 0.969824 0.685238 12 0.0
0.615166 0.974344 0.674695 12 0.0
0.617269 0.975271 0.703852 12 0.0
0.643554 0.965304 0.69578 12 0.0
0.641451 0.964377 0.666623 12 0.0
0.152114 0.721573 0.508992 12 0.0
0.157902 0.743119 0.516079 12 0.0
0.149992 0.711659 0.540866 12 0.0
0.146325 0.700027 0.501905 12 0.0
0.154235 0.731486 0.477119 12 0.0
0.698201 0.013 0.748014 3 0.135997
0.402196 -0.001365 0.719142 1 0.0
0.142966 0.002597 0.659647 1 0.000588
0.198908 0.831552 0.531868 10 0.0
0.855175 0.711502 0.250104 9 1.0
0.834086 0.338312 0.746798 3 0.0
0.538825 0.988731 0.470714 12 0.0
0.56811 0.988274 0.354708 12 0.0
0.329714 0.937788 0.477036 12 0.0
0.356271 0.951359 0.46127 12 0.0
0.346431 0.947083 0.513196 12 0.0
0.303158 0.924217 0.492802 12 0.0
0.312997 0.928493 0.440877 12 0.0
0.799908 0.25058 0.750074 3 0.0
0.267918 0.837395 0.517989 6 0.0
0.289717 0.864356 0.518498 6 0.0
0.269986 0.83455 0.580091 6 0.0
0.246119 0.810435 0.517479 6 0.0
0.26585 0.84024 0.455886 6 0.0
0.134529 0.248853 0.731121 12 0.0
0.147856 0.501412 0.257603 8 1.0
0.763628 0.524355 0.312091 13 0.0
0.692777 0.89805 0.587505 12 0.0
0.674975 0.910865 0.595599 12 0.0
0.710002 0.892037 0.634907 12 0.0
0.710579 0.885234 0.579411 12 0.0
0.675552 0.904062 0.540103 12 0.0
0.165692 0.698226 0.32418 12 0.90327
0.165641 0.708859 0.335104 12 0.90327
0.160923 0.678431 0.343428 12 0.90327
0.165742 0.687593 0.313257 12 0.90327
0.17046 0.718021 0.304933 12 0.90327
0.592385 0.980279 0.385472 12 0.0
0.577053 0.985461 0.384802 12 0.0
0.592024 0.982889 0.413931 12 0.0
0.607717 0.975096 0.386142 12 0.0
0.592746 0.977668 0.357013 12 0.0
0.459522 0.024141 0.247929 13 0.0
0.254948 0.686355 0.253995 13 0.0
0.327068 0.950518 0.352812 12 0.0
0.337748 0.956882 0.33316 12 0.0
0.343716 0.959131 0.364649 12 0.0
0.316388 0.944153 0.372464 12 0.0
0.310421 0.941904 0.340975 12 0.0
0.471513 0.995869 0.421385 12 0.0
0.184872 0.809963 0.367704 10 0.0
0.194887 0.828438 0.366879 10 0.0
0.186754 0.810637 0.405674 10 0.0
0.174857 0.791487 0.368528 10 0.0
0.18299 0.809288 0.329734 10 0.0
0.739479 0.901563 0.413979 12 0.0
0.728369 0.911279 0.419218 12 0.0
0.746653 0.896581 0.438433 12 0.0
0.750589 0.891847 0.40874 12 0.0
0.732305 0.906545 0.389524 12 0.0
0.845217 0.737454 0.30171 16 0.060773
0.839151 0.759777 0.287908 16 0.060773
0.842877 0.743454 0.312443 16 0.060773
0.851283 0.715131 0.315511 16 0.060773
0.847557 0.731454 0.290976 16 0.060773
0.284572 0.88296 0.519918 12 0.0
0.627592 0.961643 0.625112 12 0.0
0.607711 0.969593 0.627623 12 0.0
0.630906 0.959703 0.65749 12 0.0
0.647472 0.953692 0.622601 12 0.0
0.624278 0.963582 0.592735 12 0.0
0.771947 0.86935 0.594494 12 0.0
0.761726 0.880849 0.602076 12 0.0
0.778922 0.859908 0.61822 12 0.0
0.782168 0.857852 0.586913 12 0.0
0.764973 0.878793 0.570769 12 0.0
0.352624 0.915148 0.436608 12 0.0
0.385963 0.929719 0.424626 12 0.0
0.365189 0.923441 0.481653 12 0.0
0.319285 0.900577 0.44859 12 0.0
0.340059 0.906855 0.391562 12 0.0
0.616874 0.968424 0.405174 12 0.0
0.606553 0.972367 0.394275 12 0.0
0.604078 0.972775 0.418866 12 0.0
0.627195 0.96448 0.416073 12 0.0
0.62967 0.964072 0.391482 12 0.0
0.537797 0.993895 0.689256 12 0.0
0.553371 0.991841 0.68095 12 0.0
0.548048 0.992862 0.708731 12 0.0
0.522224 0.995949 0.697563 12 0.0
0.527546 0.994928 0.669781 12 0.0
0.822162 0.716343 0.326581 5 0.897381
0.813122 0.746725 0.317207 5 0.897381
0.821727 0.721254 0.342916 5 0.897381
0.831203 0.685961 0.335954 5 0.897381
0.822598 0.711433 0.310245 5 0.897381
0.853865 0.693782 0.330502 12 5e-06
0.848605 0.721893 0.330305 12 5e-06
0.852696 0.69375 0.357147 12 5e-06
0.859124 0.665671 0.330699 12 5e-06
0.855033 0.693814 0.303857 12 5e-06
0.777929 0.86679 0.51652 12 0.0
0.769065 0.877341 0.518383 12 0.0
0.780834 0.862381 0.555316 12 0.0
0.786793 0.856239 0.514657 12 0.0
0.775024 0.871199 0.477723 12 0.0
0.496113 0.995868 0.655878 12 0.0
0.510439 0.995978 0.657097 12 0.0
0.493505 0.995866 0.68654 12 0.0
0.481787 0.995759 0.65466 12 0.0
0.498721 0.995871 0.625217 12 0.0
0.722223 0.920291 0.336274 9 0.0
0.708562 0.930473 0.338353 9 0.0
0.724518 0.917434 0.365345 9 0.0
0.735884 0.910109 0.334195 9 0.0
0.719928 0.923148 0.307204 9 0.0
0.852668 0.707599 0.531108 12 0.0
0.850889 0.718129 0.499727 12 0.0
0.848418 0.726023 0.537531 12 0.0
0.854446 0.697069 0.56249 12 0.0
0.856918 0.689176 0.524685 12 0.0
0.359537 0.917694 0.416371 12 2e-06
0.37376 0.924206 0.394499 12 2e-06
0.394282 0.932501 0.443375 12 2e-06
0.345314 0.911181 0.438243 12 2e-06
0.324792 0.902886 0.389367 12 2e-06
0.173538 0.785367 0.413996 12 0.0
0.183266 0.806475 0.414228 12 0.0
0.174052 0.784553 0.466533 12 0.0
0.16381 0.764259 0.413764 12 0.0
0.173024 0.786181 0.361459 12 0.0
0.793531 0.843428 0.525394 12 0.0
0.783057 0.857626 0.527076 12 0.0
0.795986 0.840622 0.564357 12 0.0
0.804006 0.82923 0.523712 12 0.0
0.791077 0.846233 0.486432 12 0.0
0.142609 0.678462 0.361826 12 0.0
0.145749 0.697351 0.373535 12 0.0
0.139528 0.657582 0.396335 12 0.0
0.13947 0.659573 0.350116 12 0.0
0.145691 0.699342 0.327316 12 0.0
0.326599 0.949092 0.648256 10 0.0
0.344212 0.95892 0.634126 10 0.0
0.34025 0.956028 0.670096 10 0.0
0.308986 0.939264 0.662386 10 0.0
0.312948 0.942157 0.626416 10 0.0
0.309764 0.455485 0.254288 14 0.999993
0.431266 0.988475 0.317976 12 0.001543
0.433953 0.989897 0.295366 12 0.001543
0.451832 0.992141 0.320651 12 0.001543
0.428579 0.987053 0.340587 12 0.001543
0.4107 0.984809 0.315302 12 0.001543
0.578673 0.9488 0.73769 3 0.0
0.149799 0.700029 0.249547 13 1.0
0.166307 0.772835 0.481899 12 0.0
0.172872 0.788524 0.489018 12 0.0
0.162362 0.763833 0.505378 12 0.0
0.159743 0.757146 0.474781 12 0.0
0.170253 0.781836 0.458421 12 0.0
0.146472 0.726356 0.579564 12 0.0
0.143886 0.724914 0.617179 12 0.0
0.142108 0.712829 0.578745 12 0.0
0.149058 0.727798 0.541948 12 0.0
0.150837 0.739883 0.580382 12 0.0
0.629448 0.968069 0.575232 12 0.0
0.610895 0.975195 0.582156 12 0.0
0.637137 0.964546 0.59946 12 0.0
0.648001 0.960944 0.568308 12 0.0
0.621759 0.971592 0.551004 12 0.0
0.837462 0.737321 0.386348 12 0.0
0.83175 0.755996 0.38948 12 0.0
0.835839 0.72961 0.429361 12 0.0
0.843173 0.718646 0.383216 12 0.0
0.839084 0.745031 0.343334 12 0.0
0.396443 0.371205 0.243491 14 0.999999
0.852376 0.714487 0.250963 13 1.0
0.433896 0.357941 0.249285 7 0.505474
0.527738 -0.000719 0.36929 2 0.979778
0.687034 0.667287 0.242397 7 0.999578
0.85915 0.677074 0.460892 12 0.0
0.857764 0.691017 0.462826 12 0.0
0.86031 0.673927 0.484406 12 0.0
0.860536 0.66313 0.458958 12 0.0
0.857991 0.680221 0.437378 12 0.0
0.339338 0.707707 0.253296 7 0.999993
0.197938 0.829235 0.511727 10 0.0
0.207526 0.843436 0.508813 10 0.0
0.202217 0.835537 0.556523 10 0.0
0.18835 0.815033 0.514641 10 0.0
0.193659 0.822932 0.466931 10 0.0
0.203081 0.214781 0.754049 3 0.0
0.206702 0.281587 0.756365 3 0.0
0.180503 0.216031 0.753307 3 0.0
0.199459 0.147975 0.751733 3 0.0
0.225658 0.213532 0.754791 3 0.0
0.82883 0.001615 0.486433 1 0.0
0.139759 0.35036 0.731694 12 0.0
0.376164 0.002302 0.43192 5 0.999337
0.86327 0.297409 0.73807 12 0.0
0.82959 0.662222 0.470663 12 0.0
0.826308 0.693081 0.470343 12 0.0
0.828767 0.662707 0.525851 12 0.0
0.832872 0.631362 0.470983 12 0.0
0.830412 0.661737 0.415475 12 0.0
0.848491 0.036022 0.25087 13 0.002458
0.856595 0.035377 0.250704 13 0.002458
0.84966 0.050798 0.250501 13 0.002458
0.840388 0.036668 0.251037 13 0.002458
0.847322 0.021247 0.25124 13 0.002458
0.840334 0.745769 0.534065 12 0.0
0.834336 0.762081 0.532562 12 0.0
0.839039 0.748843 0.572607 12 0.0
0.846333 0.729456 0.535568 12 0.0
0.84163 0.742694 0.495523 12 0.0
0.825314 0.785691 0.506769 12 0.0
0.820485 0.79621 0.505606 12 0.0
0.824704 0.789562 0.544319 12 0.0
0.830143 0.775172 0.507932 12 0.0
0.825925 0.781819 0.469218 12 0.0
0.331712 0.952103 0.331355 12 0.0
0.343698 0.958881 0.308293 12 0.0
0.350054 0.961148 0.343545 12 0.0
0.319727 0.945325 0.354416 12 0.0
0.313371 0.943058 0.319164 12 0.0
0.82265 0.799374 0.675125 12 0.0
0.815896 0.812036 0.663542 12 0.0
0.814739 0.815038 0.69686 12 0.0
0.829404 0.786712 0.686707 12 0.0
0.830561 0.783711 0.653389 12 0.0
0.724948 0.873108 0.445959 12 0.0
0.707028 0.888413 0.4575 12 0.0
0.741113 0.857486 0.491775 12 0.0
0.742868 0.857802 0.434418 12 0.0
0.708783 0.888729 0.400143 12 0.0
0.851861 0.698163 0.354397 12 0.0
0.847901 0.720803 0.336388 12 0.0
0.846868 0.719371 0.382156 12 0.0
0.855821 0.675523 0.372405 12 0.0
0.856854 0.676955 0.326637 12 0.0
0.281804 0.906028 0.501177 6 0.0
0.307246 0.92503 0.514452 6 0.0
0.263852 0.890592 0.557677 6 0.0
0.256362 0.887026 0.487902 6 0.0
0.299756 0.921464 0.444677 6 0.0
0.779771 0.858446 0.68923 12 0.0
0.763351 0.878963 0.70376 12 0.0
0.785766 0.852337 0.704631 12 0.0
0.796191 0.83793 0.6747 12 0.0
0.773775 0.864555 0.673829 12 0.0
0.669923 0.953452 0.253402 13 0.995895
0.721004 0.920868 0.316735 12 1e-06
0.706788 0.931814 0.315559 12 1e-06
0.719113 0.92087 0.339612 12 1e-06
0.73522 0.909923 0.317911 12 1e-06
0.722895 0.920867 0.293858 12 1e-06
0.834352 0.732368 0.625059 12 0.0
0.830661 0.737601 0.598905 12 0.0
0.828102 0.749123 0.629293 12 0.0
0.838044 0.727136 0.651213 12 0.0
0.840602 0.715614 0.620825 12 0.0
0.827244 0.791408 0.54585 12 0.0
0.82091 0.805113 0.534387 12 0.0
0.820099 0.805424 0.566555 12 0.0
0.833577 0.777703 0.557313 12 0.0
0.834389 0.777391 0.525144 12 0.0
0.853547 0.686584 0.349577 12 0.0
0.848693 0.713819 0.354376 12 0.0
0.852609 0.680832 0.381272 12 0.0
0.858401 0.659349 0.344778 12 0.0
0.854484 0.692336 0.317883 12 0.0
0.789674 0.852477 0.518434 12 0.0
0.77613 0.868747 0.352178 12 0.0
0.766841 0.879311 0.353522 12 0.0
0.777624 0.865754 0.386046 12 0.0
0.785419 0.858182 0.350835 12 0.0
0.774637 0.87174 0.318311 12 0.0
0.171976 0.720716 0.441806 12 0.0
0.178328 0.745085 0.445038 12 0.0
0.171997 0.715409 0.48178 12 0.0
0.165623 0.696346 0.438575 12 0.0
0.171954 0.726022 0.401832 12 0.0
0.305798 0.934914 0.432355 12 0.0
0.321509 0.946451 0.435308 12 0.0
0.296772 0.931578 0.493401 12 0.0
0.290088 0.923378 0.429401 12 0.0
0.314824 0.938251 0.371308 12 0.0
0.737887 0.905232 0.462455 12 0.0
0.726483 0.915552 0.463344 12 0.0
0.740745 0.904363 0.509195 12 0.0
0.749292 0.894912 0.461566 12 0.0
0.735029 0.9061 0.415715 12 0.0
0.829608 0.786496 0.380544 12 0.0
0.822517 0.802026 0.366596 12 0.0
0.822206 0.802241 0.401838 12 0.0
0.836699 0.770966 0.394492 12 0.0
0.83701 0.770752 0.35925 12 0.0
0.682448 0.927749 0.431787 12 0.0
0.663226 0.942085 0.4337 12 0.0
0.68317 0.925313 0.457306 12 0.0
0.701671 0.913414 0.429875 12 0.0
0.681726 0.930185 0.406269 12 0.0
0.856669 0.669401 0.678913 12 0.0
0.855178 0.676719 0.659883 12 0.0
0.851522 0.702927 0.69221 12 0.0
0.858161 0.662083 0.697943 12 0.0
0.861817 0.635875 0.665617 12 0.0
0.308869 0.935309 0.480579 12 0.0
0.323311 0.944498 0.473176 12 0.0
0.318617 0.940562 0.506117 12 0.0
0.294426 0.92612 0.487983 12 0.0
0.29912 0.930056 0.455042 12 0.0
0.52083 0.991228 0.249405 13 1.0
0.490832 0.004328 0.350026 2 0.999999
0.248143 0.639182 0.355489 8 0.0
0.248804 0.675031 0.375532 8 0.0
0.236252 0.623089 0.384666 8 0.0
0.247482 0.603333 0.335446 8 0.0
0.260034 0.655275 0.326312 8 0.0
0.563377 0.987155 0.545717 12 0.0
0.824734 0.781548 0.496435 12 0.0
0.818743 0.795296 0.484805 12 0.0
0.818474 0.793796 0.514138 12 0.0
0.830725 0.7678 0.508066 12 0.0
0.830994 0.7693 0.478733 12 0.0
0.859489 0.666868 0.377922 12 0.0
0.8565 0.69041 0.382913 12 0.0
0.859393 0.658287 0.418344 12 0.0
0.862478 0.643326 0.372931 12 0.0
0.859585 0.67545 0.3375 12 0.0
0.299204 0.928456 0.673484 6 0.0
0.316774 0.939664 0.659307 6 0.0
0.310673 0.937132 0.694559 6 0.0
0.281633 0.917247 0.687662 6 0.0
0.287734 0.919779 0.65241 6 0.0
0.321548 0.944539 0.544922 12 0.0
0.336581 0.951838 0.537239 12 0.0
0.331456 0.951469 0.570893 12 0.0
0.306514 0.93724 0.552605 12 0.0
0.31164 0.937609 0.518951 12 0.0
0.668874 0.951334 0.469043 12 0.0
0.655966 0.958855 0.472362 12 0.0
0.675734 0.947713 0.503929 12 0.0
0.681782 0.943813 0.465724 12 0.0
0.662014 0.954955 0.434158 12 0.0
0.476289 0.776296 0.749139 7 0.999346
0.138881 0.001897 0.500117 1 0.307015
0.599451 0.369972 0.249187 14 1.0
0.167113 0.772738 0.480488 12 0.0
0.540237 0.004978 0.367567 2 0.880573
0.407396 0.972738 0.374783 12 0.0
0.430299 0.977836 0.369635 12 0.0
0.413456 0.974038 0.40303 12 0.0
0.384493 0.96764 0.379931 12 0.0
0.401336 0.971438 0.346537 12 0.0
0.838993 0.282061 0.745292 3 0.0
0.714 0.560933 0.757388 7 0.999998
0.515725 0.997043 0.472179 12 0.0
0.663934 0.940646 0.515528 12 0.0
0.132015 0.047494 0.251552 12 1.0
0.459968 0.03752 0.709172 2 0.805484
0.686066 0.46043 0.746933 11 0.987355
0.269434 0.004959 0.746874 3 0.999993
0.862679 0.264889 0.725801 12 4e-06
0.643796 -0.002714 0.521323 5 1.0
0.735911 0.907874 0.71413 12 0.0
0.719656 0.921624 0.717841 12 0.0
0.737931 0.906785 0.727007 12 0.0
0.752167 0.894123 0.710418 12 0.0
0.733892 0.908963 0.701252 12 0.0
0.771415 0.867385 0.466687 9 0.0
0.761151 0.878584 0.471439 9 0.0
0.777356 0.860275 0.496276 9 0.0
0.781678 0.856185 0.461935 9 0.0
0.765473 0.874494 0.437099 9 0.0
0.833071 0.695406 0.535874 12 0.0
0.831834 0.704317 0.490313 12 0.0
0.827926 0.719104 0.540649 12 0.0
0.834308 0.686495 0.581435 12 0.0
0.838215 0.671708 0.5311 12 0.0
0.582997 0.775288 0.245588 14 0.0
0.805022 0.00013 0.484841 1 0.0
0.816752 0.00062 0.424595 1 0.0
0.583012 0.053913 0.260608 13 0.0
0.323386 0.947187 0.333726 9 0.0
0.335815 0.954684 0.309472 9 0.0
0.341379 0.956769 0.345908 9 0.0
0.310957 0.93969 0.35798 9 0.0
0.305394 0.937605 0.321544 9 0.0
0.19926 0.828545 0.389118 12 0.0
0.209126 0.843013 0.391417 12 0.0
0.196095 0.823997 0.431309 12 0.0
0.189394 0.814077 0.386818 12 0.0
0.202425 0.833093 0.346927 12 0.0
0.416492 0.959991 0.385128 12 0.0
0.393066 0.954138 0.374956 12 0.0
0.400847 0.953111 0.425117 12 0.0
0.439919 0.965844 0.395301 12 0.0
0.432138 0.966871 0.345139 12 0.0
0.273795 0.903529 0.568152 6 0.0
0.296374 0.921115 0.577361 6 0.0
0.259846 0.89125 0.625797 6 0.0
0.251216 0.885942 0.558943 6 0.0
0.287743 0.915807 0.510507 6 0.0
0.778845 0.863955 0.629651 12 0.0
0.76789 0.876688 0.639118 12 0.0
0.785486 0.855305 0.64897 12 0.0
0.789801 0.851222 0.620184 12 0.0
0.772204 0.872604 0.610332 12 0.0
0.521063 0.968966 0.740218 3 9e-05
0.147822 0.608726 0.26317 15 0.98836
0.791034 0.827258 0.749408 3 0.0
0.832924 0.712152 0.62964 12 0.0
0.830293 0.72048 0.613482 12 0.0
0.8258 0.736241 0.643215 12 0.0
0.835556 0.703824 0.645797 12 0.0
0.840048 0.688063 0.616064 12 0.0
0.259168 0.901796 0.339372 10 0.0
0.268843 0.911619 0.355473 10 0.0
0.24523 0.889239 0.355408 10 0.0
0.249493 0.891974 0.323271 10 0.0
0.273106 0.914353 0.323337 10 0.0
0.508483 0.994484 0.249591 13 1.0
0.837629 0.755099 0.665141 10 0.0
0.829778 0.777011 0.664417 10 0.0
0.839837 0.756768 0.691751 10 0.0
0.84548 0.733187 0.665864 10 0.0
0.835422 0.75343 0.63853 10 0.0
0.854533 0.698385 0.289037 16 0.004244
0.849194 0.725371 0.286588 16 0.004244
0.85369 0.699483 0.302965 16 0.004244
0.859872 0.6714 0.291487 16 0.004244
0.855376 0.697288 0.27511 16 0.004244
0.780945 0.863903 0.384643 12 0.0
0.771272 0.875474 0.385286 12 0.0
0.781713 0.862147 0.42778 12 0.0
0.790618 0.852332 0.383999 12 0.0
0.780177 0.865658 0.341506 12 0.0
0.700525 0.931129 0.400303 12 0.0
0.68324 0.942678 0.400745 12 0.0
0.701593 0.931201 0.44026 12 0.0
0.71781 0.919579 0.399862 12 0.0
0.699456 0.931057 0.360347 12 0.0
0.852508 0.692595 0.543413 12 0.0
0.850776 0.696165 0.492369 12 0.0
0.848952 0.711365 0.544847 12 0.0
0.85424 0.689025 0.594458 12 0.0
0.856064 0.673825 0.54198 12 0.0
0.583059 -0.006303 0.615572 1 1.0
0.858694 0.663971 0.673463 12 0.0
0.857246 0.67262 0.650005 12 0.0
0.854582 0.693176 0.684485 12 0.0
0.860141 0.655322 0.696921 12 0.0
0.862805 0.634766 0.662441 12 0.0
0.575513 0.986474 0.335286 12 1e-06
0.556253 0.99044 0.33631 12 1e-06
0.576812 0.985259 0.364427 12 1e-06
0.594772 0.982507 0.334262 12 1e-06
0.574213 0.987688 0.306145 12 1e-06
0.182272 0.764609 0.534587 12 0.0
0.150292 0.724506 0.332066 12 0.000691
0.155467 0.742927 0.341065 12 0.000691
0.147755 0.712343 0.358423 12 0.000691
0.145116 0.706084 0.323067 12 0.000691
0.152829 0.736669 0.305709 12 0.000691
0.326767 0.949035 0.676081 6 0.0
0.339537 0.955416 0.66424 6 0.0
0.341869 0.958084 0.697244 6 0.0
0.313997 0.942654 0.687922 6 0.0
0.311665 0.939987 0.654917 6 0.0
0.589927 0.007723 0.384337 2 1.0
0.826099 0.796668 0.632966 12 0.0
0.819408 0.810809 0.619315 12 0.0
0.819196 0.809939 0.650098 12 0.0
0.83279 0.782526 0.646617 12 0.0
0.833002 0.783396 0.615833 12 0.0
0.715393 0.895884 0.510153 12 0.0
0.695675 0.910416 0.507515 12 0.0
0.711685 0.898145 0.550339 12 0.0
0.735111 0.881351 0.51279 12 0.0
0.719101 0.893622 0.469967 12 0.0
0.298231 0.927926 0.544458 12 0.0
0.320589 0.942849 0.546604 12 0.0
0.294761 0.92356 0.610992 12 0.0
0.275873 0.913004 0.542313 12 0.0
0.301701 0.932293 0.477925 12 0.0
0.144699 0.693701 0.557079 12 0.0
0.147364 0.711281 0.564347 12 0.0
0.14229 0.68048 0.589937 12 0.0
0.142033 0.67612 0.54981 12 0.0
0.147107 0.706921 0.524221 12 0.0
0.82793 0.688273 0.268363 13 1.0
0.656313 0.954465 0.451184 10 0.0
0.648038 0.9586 0.445912 10 0.0
0.642094 0.958066 0.476325 10 0.0
0.664589 0.950331 0.456456 10 0.0
0.670532 0.950864 0.426043 10 0.0
0.390184 0.951117 0.403846 12 0.0
0.366806 0.942204 0.400603 12 0.0
0.384192 0.950235 0.449461 12 0.0
0.413562 0.96003 0.407089 12 0.0
0.396177 0.951998 0.358231 12 0.0
0.693604 0.654291 0.753292 7 0.999973
0.641663 0.000459 0.458961 5 1.0
0.409371 0.000533 0.607111 5 0.591143
0.765689 0.650606 0.368821 5 0.0
0.750423 0.693314 0.393648 5 0.0
0.76444 0.633879 0.396827 5 0.0
0.780954 0.607899 0.343994 5 0.0
0.766938 0.667333 0.340815 5 0.0
0.529994 0.988898 0.440684 12 0.0
0.513878 0.990841 0.444803 12 0.0
0.538866 0.987603 0.476008 12 0.0
0.546109 0.986955 0.436565 12 0.0
0.521122 0.990192 0.40536 12 0.0
0.174364 0.475096 0.272306 13 0.999993
0.519362 0.037479 0.248267 13 0.0
0.428104 0.988208 0.452957 12 0.0
0.740732 0.891177 0.402539 12 0.0
0.726142 0.904451 0.407577 12 0.0
0.746209 0.884415 0.436214 12 0.0
0.755323 0.877903 0.3975 12 0.0
0.735255 0.897938 0.368864 12 0.0
0.280148 0.906274 0.564587 6 0.0
0.306758 0.927433 0.574469 6 0.0
0.266531 0.896277 0.62266 6 0.0
0.253538 0.885115 0.554705 6 0.0
0.293766 0.916271 0.506515 6 0.0
0.860367 0.681541 0.287557 12 0.311762
0.859437 0.692514 0.284014 12 0.311762
0.861693 0.682919 0.291477 12 0.311762
0.861297 0.670568 0.291099 12 0.311762
0.859041 0.680163 0.283637 12 0.311762
0.780053 0.858701 0.603693 12 0.0
0.767279 0.873377 0.614392 12 0.0
0.787332 0.849678 0.62476 12 0.0
0.792826 0.844025 0.592994 12 0.0
0.772774 0.867724 0.582626 12 0.0
0.773737 0.842679 0.440295 12 0.0
0.224001 0.862997 0.672674 6 0.0
0.242138 0.884974 0.675199 6 0.0
0.223547 0.86039 0.698628 6 0.0
0.205864 0.841019 0.67015 6 0.0
0.224455 0.865603 0.646721 6 0.0
0.781617 0.846852 0.744774 4 0.897964
0.173484 0.788344 0.252708 13 1.0
0.578118 0.983595 0.694637 12 0.0
0.600748 0.978736 0.683884 12 0.0
0.585334 0.983032 0.710078 12 0.0
0.555488 0.988454 0.705389 12 0.0
0.570902 0.984158 0.679195 12 0.0
0.757377 0.87912 0.675938 10 0.0
0.747952 0.891766 0.69133 10 0.0
0.772454 0.866549 0.695497 10 0.0
0.766801 0.866475 0.660545 10 0.0
0.7423 0.891692 0.656379 10 0.0
0.770947 0.863201 0.521042 12 0.0
0.759171 0.877312 0.52707 12 0.0
0.776898 0.856378 0.548642 12 0.0
0.782723 0.849089 0.515015 12 0.0
0.764996 0.870023 0.493443 12 0.0
0.262057 0.888626 0.671195 6 0.0
0.279385 0.903876 0.672647 6 0.0
0.259424 0.889372 0.694769 6 0.0
0.244729 0.873375 0.669743 6 0.0
0.26469 0.887879 0.647621 6 0.0
0.846494 0.725209 0.550219 12 0.0
0.847565 0.723841 0.488718 12 0.0
0.840884 0.746452 0.549649 12 0.0
0.845424 0.726577 0.61172 12 0.0
0.852105 0.703966 0.550789 12 0.0
0.342059 0.958024 0.394209 12 0.0
0.355498 0.965031 0.365034 12 0.0
0.357334 0.965607 0.403067 12 0.0
0.328619 0.951017 0.423385 12 0.0
0.326784 0.950441 0.385352 12 0.0
0.17068 0.777542 0.360512 12 0.0
0.181061 0.800414 0.35801 12 0.0
0.173293 0.780352 0.397038 12 0.0
0.160299 0.754669 0.363015 12 0.0
0.168068 0.774731 0.323987 12 0.0
0.296149 0.927953 0.393519 12 0.0
0.313343 0.940144 0.392098 12 0.0
0.297137 0.932396 0.443556 12 0.0
0.278954 0.915762 0.394941 12 0.0
0.295161 0.92351 0.343483 12 0.0
0.308083 0.010046 0.743719 1 0.918891
0.63706 0.00441 0.466391 2 0.594623
0.518921 0.956856 0.526026 12 0.0
0.290811 0.922683 0.691808 6 0.0
0.305961 0.932851 0.680938 6 0.0
0.295943 0.929549 0.705386 6 0.0
0.27566 0.912514 0.702677 6 0.0
0.285678 0.915816 0.67823 6 0.0
0.748301 0.891539 0.492599 12 0.0
0.733637 0.904633 0.496759 12 0.0
0.75362 0.886914 0.52591 12 0.0
0.762966 0.878445 0.48844 12 0.0
0.742983 0.896164 0.459288 12 0.0
0.151098 0.717351 0.604465 12 0.0
0.15011 0.719347 0.649078 12 0.0
0.144881 0.693548 0.605393 12 0.0
0.152087 0.715354 0.559852 12 0.0
0.157316 0.741153 0.603538 12 0.0
0.272739 0.000921 0.250686 13 0.999998
0.455662 -0.000101 0.644233 5 1.0
0.320446 0.94406 0.521967 12 0.0
0.334321 0.950484 0.513465 12 0.0
0.329351 0.949957 0.540955 12 0.0
0.306571 0.937636 0.530469 12 0.0
0.311542 0.938162 0.502979 12 0.0
0.606947 0.960099 0.621646 12 0.0
0.581366 0.96826 0.613331 12 0.0
0.597351 0.963057 0.654069 12 0.0
0.632527 0.951939 0.629962 12 0.0
0.616543 0.957142 0.589224 12 0.0
0.617561 0.002208 0.748217 3 0.999993
0.353229 0.39292 0.721309 11 0.123043
0.802781 0.833103 0.592798 12 0.0
0.790779 0.850698 0.601623 12 0.0
0.808645 0.823512 0.619897 12 0.0
0.814782 0.815508 0.583974 12 0.0
0.796917 0.842695 0.565699 12 0.0
0.186629 0.763961 0.544002 12 0.0
0.19302 0.778683 0.579585 12 0.0
0.179378 0.746036 0.552721 12 0.0
0.180239 0.74924 0.50842 12 0.0
0.193881 0.781887 0.535284 12 0.0
0.476512 0.996276 0.255382 13 0.999995
0.54872 0.993952 0.448308 12 0.0
0.339653 0.734408 0.753361 3 0.0
0.140221 0.003729 0.33105 1 0.866218
0.135681 0.237407 0.707354 12 0.0
0.287116 0.00147 0.751151 3 1.0
0.851467 0.711664 0.24897 13 1.0
0.530089 0.004918 0.281506 5 1.0
0.456177 0.00084 0.644057 5 1.0
0.784137 0.213857 0.749881 3 0.0
0.811175 0.213785 0.75 3 0.0
0.784301 0.277348 0.75122 3 0.0
0.757099 0.21393 0.749762 3 0.0
0.783973 0.150367 0.748543 3 0.0
0.600176 0.366023 0.754075 11 0.224266
0.839974 0.000718 0.394914 1 0.000282
0.567555 0.01949 0.249395 13 0.0
0.623716 -0.001495 0.256496 1 1.0
0.332651 0.952074 0.361198 12 0.0
0.347177 0.959063 0.332681 12 0.0
0.346793 0.960052 0.370357 12 0.0
0.318125 0.945085 0.389714 12 0.0
0.318509 0.944095 0.352038 12 0.0
0.164679 0.212123 0.751068 3 0.0
0.475804 0.001388 0.648374 5 0.999913
0.276437 0.886472 0.503895 6 0.0
0.295474 0.905685 0.515207 6 0.0
0.265138 0.873599 0.544775 6 0.0
0.2574 0.867258 0.492582 6 0.0
0.287737 0.899345 0.463014 6 0.0
0.216046 0.852346 0.289109 12 1e-05
0.233737 0.875322 0.295209 12 1e-05
0.214519 0.85012 0.30192 12 1e-05
0.198355 0.829371 0.283008 12 1e-05
0.217572 0.854572 0.276298 12 1e-05
0.224639 0.863475 0.681188 6 0.0
0.242652 0.884907 0.687021 6 0.0
0.222017 0.859542 0.703736 6 0.0
0.206627 0.842044 0.675354 6 0.0
0.227261 0.867409 0.658639 6 0.0
0.848599 0.717212 0.64993 12 0.0
0.845112 0.726125 0.61809 12 0.0
0.844044 0.738738 0.656455 12 0.0
0.852086 0.708299 0.681771 12 0.0
0.853155 0.695686 0.643406 12 0.0
0.672728 0.948729 0.656066 12 0.0
0.656346 0.956888 0.649386 12 0.0
0.664041 0.954635 0.684583 12 0.0
0.689111 0.940571 0.662746 12 0.0
0.681415 0.942823 0.627549 12 0.0
0.273545 0.902631 0.420313 12 0.0
0.292391 0.916348 0.455174 12 0.0
0.252829 0.883137 0.439183 12 0.0
0.2547 0.888915 0.385452 12 0.0
0.294261 0.922126 0.401444 12 0.0
0.854371 0.696562 0.623934 12 0.0
0.851755 0.703726 0.584381 12 0.0
0.851336 0.715686 0.627599 12 0.0
0.856987 0.689398 0.663488 12 0.0
0.857406 0.677438 0.62027 12 0.0
0.152766 0.721961 0.433201 12 0.0
0.15936 0.746208 0.435235 12 0.0
0.152074 0.717201 0.492183 12 0.0
0.146172 0.697714 0.431167 12 0.0
0.153458 0.72672 0.374218 12 0.0
0.343136 0.951738 0.474588 12 0.0
0.164118 0.765901 0.382894 12 0.0
0.172845 0.787142 0.380873 12 0.0
0.16614 0.769108 0.425334 12 0.0
0.155391 0.74466 0.384914 12 0.0
0.162096 0.762694 0.340453 12 0.0
0.85759 0.062796 0.750181 3 0.999999
0.29788 0.922023 0.392368 9 0.0
0.524447 0.99382 0.748765 3 0.997671
0.477078 0.779867 0.249509 7 0.998809
0.327797 0.007014 0.746859 1 0.999965
0.631764 0.003735 0.472952 5 0.997905
0.797541 0.834766 0.492091 12 0.0
0.787064 0.849185 0.500458 12 0.0
0.802943 0.826992 0.512254 12 0.0
0.808018 0.820346 0.483725 12 0.0
0.792139 0.842539 0.471928 12 0.0
0.859346 0.664652 0.671164 12 0.0
0.856607 0.675111 0.646998 12 0.0
0.857091 0.688153 0.681591 12 0.0
0.862086 0.654193 0.695329 12 0.0
0.861602 0.641151 0.660736 12 0.0
0.814326 0.777665 0.362855 16 0.0
0.805258 0.798752 0.360869 16 0.0
0.811757 0.779504 0.394093 16 0.0
0.823393 0.756579 0.364842 16 0.0
0.816894 0.775827 0.331618 16 0.0
0.182607 0.802032 0.510618 12 0.0
0.190406 0.81678 0.509274 12 0.0
0.183602 0.806549 0.565965 12 0.0
0.174807 0.787284 0.511962 12 0.0
0.181612 0.797515 0.455271 12 0.0
0.336278 0.947872 0.667031 12 0.0
0.350856 0.952879 0.653175 12 0.0
0.353486 0.959793 0.689443 12 0.0
0.321701 0.942866 0.680888 12 0.0
0.31907 0.935951 0.64462 12 0.0
0.471388 0.988534 0.469506 9 0.0
0.171297 0.767175 0.743489 12 0.999979
0.277511 0.907577 0.669196 6 0.0
0.296934 0.921343 0.651697 6 0.0
0.287471 0.919712 0.689798 6 0.0
0.258087 0.893811 0.686694 6 0.0
0.267551 0.895442 0.648594 6 0.0
0.827595 0.778403 0.51946 12 0.0
0.819953 0.794902 0.506705 12 0.0
0.822083 0.791287 0.539429 12 0.0
0.835236 0.761903 0.532216 12 0.0
0.833107 0.765518 0.499492 12 0.0
0.747695 0.895094 0.528381 12 0.0
0.735061 0.906609 0.535818 12 0.0
0.755401 0.888074 0.552343 12 0.0
0.760329 0.883579 0.520944 12 0.0
0.739988 0.902115 0.504419 12 0.0
0.136811 0.656535 0.607826 12 0.0
0.135971 0.65877 0.652891 12 0.0
0.134301 0.630566 0.609067 12 0.0
0.137651 0.6543 0.562761 12 0.0
0.139321 0.682504 0.606585 12 0.0
0.671507 0.951153 0.373924 12 0.0
0.654476 0.959884 0.372987 12 0.0
0.669284 0.951157 0.414361 12 0.0
0.688538 0.942422 0.374861 12 0.0
0.67373 0.951149 0.333486 12 0.0
0.65604 0.961832 0.717043 12 0.0
0.638156 0.97022 0.713395 12 0.0
0.653299 0.961436 0.729571 12 0.0
0.673925 0.953444 0.720691 12 0.0
0.658782 0.962229 0.704516 12 0.0
0.448569 0.781331 0.75213 7 0.0
0.327842 0.431012 0.244858 14 1.0
0.716421 0.557523 0.245558 8 0.999999
0.438092 0.357769 0.253894 7 0.999999
0.597077 0.960917 0.647066 12 0.0
0.575052 0.963984 0.632827 12 0.0
0.579632 0.972017 0.676442 12 0.0
0.619102 0.95785 0.661305 12 0.0
0.614522 0.949818 0.61769 12 0.0
0.856687 0.655246 0.477802 12 0.0
0.853353 0.686333 0.478088 12 0.0
0.856797 0.654598 0.549513 12 0.0
0.860022 0.62416 0.477516 12 0.0
0.856577 0.655895 0.406092 12 0.0
0.183367 0.803077 0.540025 12 0.0
0.192912 0.820489 0.53993 12 0.0
0.18216 0.804091 0.605287 12 0.0
0.173823 0.785664 0.540119 12 0.0
0.184574 0.802062 0.474762 12 0.0
0.289577 0.603972 0.754586 7 0.999994
0.722412 0.916636 0.250069 13 1.0
0.612703 0.957079 0.492313 12 0.0
0.659627 0.932002 0.541484 12 0.0
0.295107 0.929561 0.306709 12 0.00038
0.307663 0.938363 0.322361 12 0.00038
0.284963 0.921083 0.319615 12 0.00038
0.28255 0.920759 0.291057 12 0.00038
0.30525 0.93804 0.293804 12 0.00038
0.135612 0.360254 0.724234 12 0.0
0.860255 0.233181 0.746003 3 0.999424
0.849965 0.671084 0.746038 3 0.999999
0.845434 0.686872 0.752828 3 0.999999
0.843927 0.66895 0.74697 3 0.999999
0.854496 0.655296 0.739248 3 0.999999
0.856004 0.673218 0.745106 3 0.999999
0.851286 0.224289 0.742645 3 0.979423
0.570197 0.983365 0.250096 13 1.0
0.866749 0.574396 0.246764 13 1.0
0.868503 0.003293 0.312216 12 0.999823
0.659551 0.021353 0.247154 13 0.0
0.547106 0.994968 0.725581 12 0.143306
0.50094 0.995064 0.385264 12 0.0
0.481078 0.995201 0.385991 12 0.0
0.502534 0.996613 0.428545 12 0.0
0.520801 0.994926 0.384537 12 0.0
0.499345 0.993514 0.341983 12 0.0
0.735345 0.899827 0.455323 12 0.0
0.720853 0.912538 0.457863 12 0.0
0.737949 0.895628 0.491199 12 0.0
0.749836 0.887117 0.452784 12 0.0
0.732741 0.904027 0.419448 12 0.0
0.617867 0.972443 0.631993 12 0.0
0.600042 0.978254 0.636343 12 0.0
0.624331 0.969762 0.662059 12 0.0
0.635692 0.966633 0.627643 12 0.0
0.611403 0.975124 0.601927 12 0.0
0.777151 0.85911 0.591154 12 0.0
0.764585 0.873875 0.603434 12 0.0
0.785477 0.849172 0.611622 12 0.0
0.789718 0.844346 0.578873 12 0.0
0.768826 0.869049 0.570686 12 0.0
0.77111 0.843721 0.461604 12 0.0
0.756965 0.861604 0.468673 12 0.0
0.778013 0.835918 0.495158 12 0.0
0.785256 0.825838 0.454536 12 0.0
0.764208 0.851524 0.42805 12 0.0
0.650631 0.954871 0.289066 9 1.8e-05
0.624236 0.96762 0.290223 9 1.8e-05
0.650308 0.953002 0.302288 9 1.8e-05
0.677027 0.942122 0.287908 9 1.8e-05
0.650954 0.95674 0.275844 9 1.8e-05
0.660722 0.952033 0.701881 10 0.0
0.642281 0.960814 0.694018 10 0.0
0.65716 0.956603 0.715338 10 0.0
0.679163 0.943252 0.709744 10 0.0
0.664283 0.947463 0.688424 10 0.0
0.229392 0.865455 0.480237 6 0.0
0.245239 0.883285 0.477752 6 0.0
0.232556 0.869583 0.530032 6 0.0
0.213546 0.847625 0.482722 6 0.0
0.226229 0.861327 0.430442 6 0.0
0.268795 0.875813 0.348457 6 0.0
0.281337 0.893212 0.368441 6 0.0
0.255582 0.865794 0.365472 6 0.0
0.256252 0.858414 0.328473 6 0.0
0.282007 0.885832 0.331441 6 0.0
0.549682 0.98634 0.658863 12 0.0
0.57071 0.982973 0.650281 12 0.0
0.561015 0.985675 0.686894 12 0.0
0.528653 0.989707 0.667445 12 0.0
0.538348 0.987005 0.630832 12 0.0
0.851087 0.690177 0.313648 12 0.054396
0.847759 0.709632 0.313509 12 0.054396
0.852338 0.690478 0.325851 12 0.054396
0.854415 0.670722 0.313787 12 0.054396
0.849837 0.689876 0.301445 12 0.054396
0.757387 0.822897 0.567777 12 0.0
0.735032 0.850179 0.579586 12 0.0
0.766861 0.813301 0.607881 12 0.0
0.779743 0.795614 0.555969 12 0.0
0.747913 0.832492 0.527673 12 0.0
0.329438 0.942808 0.74734 3 0.910821
0.600674 0.989056 0.762353 12 1.0
0.249136 0.890577 0.686065 6 0.0
0.264848 0.905709 0.686393 6 0.0
0.2475 0.891807 0.707689 6 0.0
0.233424 0.875445 0.685737 6 0.0
0.250773 0.889346 0.664441 6 0.0
0.474348 0.991795 0.571143 12 0.0
0.495421 0.993296 0.571276 12 0.0
0.473941 0.992457 0.628212 12 0.0
0.453275 0.990294 0.571011 12 0.0
0.474755 0.991133 0.514075 12 0.0
0.836655 0.650052 0.528531 12 0.0
0.835034 0.659432 0.507538 12 0.0
0.827984 0.692982 0.548382 12 0.0
0.838276 0.640673 0.549523 12 0.0
0.845327 0.607123 0.508679 12 0.0
0.329521 0.952252 0.445197 12 0.0
0.347399 0.961987 0.4114 12 0.0
0.339773 0.957827 0.452225 12 0.0
0.311644 0.942517 0.478994 12 0.0
0.31927 0.946678 0.438168 12 0.0
0.318724 0.9449 0.561642 12 0.0
0.338482 0.956102 0.561406 12 0.0
0.319406 0.944962 0.621633 12 0.0
0.298967 0.933698 0.561878 12 0.0
0.318043 0.944839 0.501651 12 0.0
0.269276 0.907828 0.308852 12 5.8e-05
0.287658 0.923784 0.305926 12 5.8e-05
0.272313 0.908118 0.329508 12 5.8e-05
0.250894 0.891871 0.311779 12 5.8e-05
0.266239 0.907538 0.288197 12 5.8e-05
0.158444 0.738673 0.253407 13 1.0
0.346194 0.90375 0.530886 6 0.0
0.369359 0.918548 0.516271 6 0.0
0.374492 0.907746 0.579784 6 0.0
0.32303 0.888952 0.545501 6 0.0
0.317897 0.899753 0.481989 6 0.0
0.254833 0.894241 0.604312 6 0.0
0.274379 0.912354 0.612581 6 0.0
0.244154 0.884797 0.650241 6 0.0
0.235287 0.876127 0.596043 6 0.0
0.265512 0.903685 0.558382 6 0.0
0.479253 0.9929 0.745513 3 0.512349
0.573747 0.005789 0.373839 5 0.501851
0.440877 0.987139 0.74713 3 0.778162
0.163407 0.76028 0.34376 12 0.0
0.171843 0.781128 0.355062 12 0.0
0.159156 0.746633 0.372107 12 0.0
0.154972 0.739432 0.332458 12 0.0
0.167658 0.773927 0.315413 12 0.0
0.36421 0.000749 0.438081 5 1.0
0.290286 0.920187 0.651755 6 0.0
0.308009 0.933714 0.639959 6 0.0
0.298204 0.92415 0.668194 6 0.0
0.272563 0.906661 0.663552 6 0.0
0.282369 0.916225 0.635317 6 0.0
0.22707 0.866659 0.582591 6 0.0
0.237948 0.879872 0.585164 6 0.0
0.222852 0.861234 0.628283 6 0.0
0.216192 0.853446 0.580018 6 0.0
0.231288 0.872083 0.5369 6 0.0
0.564323 0.988558 0.251359 13 1.0
0.579119 -0.000201 0.394504 5 0.999996
0.636675 0.728162 0.246972 14 0.993245
0.293307 0.928008 0.674222 6 0.0
0.307348 0.938623 0.664973 6 0.0
0.302734 0.935754 0.697424 6 0.0
0.279267 0.917393 0.68347 6 0.0
0.28388 0.920262 0.651019 6 0.0
0.147563 0.002229 0.601562 1 0.0
0.866114 0.07491 0.452794 12 0.0
0.866021 0.098373 0.450204 12 0.0
0.866605 0.082062 0.517571 12 0.0
0.866207 0.051448 0.455383 12 0.0
0.865623 0.067759 0.388017 12 0.0
0.438198 0.992047 0.249606 13 0.999977
0.616377 0.001235 0.557312 5 0.999887
0.296915 0.631397 0.255668 14 0.766293
0.854091 0.684386 0.474507 12 0.0
0.850889 0.706852 0.47447 12 0.0
0.853791 0.684459 0.545439 12 0.0
0.857294 0.661919 0.474544 12 0.0
0.854391 0.684312 0.403574 12 0.0
0.202174 0.837005 0.534424 10 0.0
0.21439 0.854516 0.52805 10 0.0
0.207738 0.845269 0.56779 10 0.0
0.189957 0.819494 0.540798 10 0.0
0.19661 0.828741 0.501057 10 0.0
0.389609 0.971029 0.399632 12 0.0
0.419586 0.009227 0.721106 1 0.0
0.137815 0.413875 0.715145 12 0.0
0.702124 0.621445 0.738754 7 0.99942
0.608887 0.375558 0.752293 11 0.999999
0.752271 0.887774 0.250989 13 1.0
0.330647 0.94977 0.408083 12 0.0
0.347352 0.958558 0.371637 12 0.0
0.344244 0.957888 0.416272 12 0.0
0.313943 0.940982 0.444528 12 0.0
0.317051 0.941652 0.399893 12 0.0
0.152623 0.419643 0.749445 3 0.999778
0.831994 0.220063 0.747994 3 0.0
0.338479 0.953264 0.350196 12 0.0
0.35333 0.960718 0.32169 12 0.0
0.356654 0.962724 0.362139 12 0.0
0.323627 0.945809 0.378702 12 0.0
0.320303 0.943803 0.338253 12 0.0
0.300144 0.928198 0.585638 6 0.0
0.322683 0.943892 0.584487 6 0.0
0.303128 0.927814 0.638817 6 0.0
0.277605 0.912504 0.58679 6 0.0
0.29716 0.928582 0.53246 6 0.0
0.842609 0.743773 0.371671 12 0.0
0.839998 0.753234 0.332698 12 0.0
0.835745 0.763779 0.376988 12 0.0
0.845221 0.734312 0.410644 12 0.0
0.849474 0.723766 0.366354 12 0.0
0.477461 0.992743 0.459044 12 0.0
0.453159 0.991289 0.459467 12 0.0
0.478597 0.993116 0.525556 12 0.0
0.501763 0.994197 0.45862 12 0.0
0.476325 0.99237 0.392531 12 0.0
0.475746 0.00093 0.645229 5 0.999999
0.21119 0.839416 0.4007 12 0.0
0.222734 0.855829 0.403074 12 0.0
0.2109 0.833534 0.442783 12 0.0
0.199646 0.823004 0.398326 12 0.0
0.21148 0.845299 0.358617 12 0.0
0.151125 0.75475 0.248264 13 1.0
0.848021 0.729298 0.341413 16 0.0
0.843472 0.748859 0.325226 16 0.0
0.842266 0.746107 0.363342 16 0.0
0.85257 0.709738 0.357599 16 0.0
0.853776 0.71249 0.319483 16 0.0
0.284676 0.913193 0.553303 6 0.0
0.308769 0.932788 0.561409 6 0.0
0.271046 0.904659 0.61444 6 0.0
0.260583 0.893597 0.545196 6 0.0
0.298306 0.921726 0.492165 6 0.0
0.597214 0.001603 0.400803 5 0.668034
0.812414 0.812849 0.419418 12 0.0
0.802429 0.830208 0.420501 12 0.0
0.813245 0.810022 0.472392 12 0.0
0.822399 0.79549 0.418335 12 0.0
0.811583 0.815675 0.366444 12 0.0
0.176619 0.706493 0.75067 3 0.0
0.848175 0.722372 0.63858 12 0.0
0.845763 0.727204 0.603396 12 0.0
0.842842 0.744172 0.641939 12 0.0
0.850587 0.71754 0.673763 12 0.0
0.853508 0.700572 0.63522 12 0.0
0.818879 0.799834 0.579908 12 0.0
0.810913 0.814846 0.565646 12 0.0
0.811871 0.815073 0.599863 12 0.0
0.826845 0.784821 0.594169 12 0.0
0.825888 0.784595 0.559952 12 0.0
0.268886 0.90208 0.349228 12 0.0
0.28751 0.917926 0.375094 12 0.0
0.25418 0.888855 0.367919 12 0.0
0.250261 0.886235 0.323363 12 0.0
0.283591 0.915306 0.330537 12 0.0
0.858739 0.678435 0.315216 9 0.0
0.85442 0.705347 0.315503 9 0.0
0.858518 0.678166 0.337179 9 0.0
0.863058 0.651524 0.31493 9 0.0
0.85896 0.678705 0.293254 9 0.0
0.788242 0.854382 0.386434 12 0.0
0.780789 0.863965 0.387607 12 0.0
0.789903 0.852276 0.414191 12 0.0
0.795694 0.844799 0.385261 12 0.0
0.78658 0.856489 0.358676 12 0.0
0.555685 0.977281 0.744082 3 0.864992
0.853848 0.706876 0.584354 12 0.0
0.853052 0.707343 0.533008 12 0.0
0.850405 0.723968 0.584563 12 0.0
0.854644 0.706409 0.6357 12 0.0
0.857291 0.689784 0.584145 12 0.0
0.214887 0.856397 0.248658 13 0.999999
0.295898 0.929683 0.500868 12 0.0
0.31748 0.9444 0.502646 12 0.0
0.291719 0.926162 0.580736 12 0.0
0.274317 0.914967 0.49909 12 0.0
0.300078 0.933204 0.421 12 0.0
0.826987 0.790113 0.452883 12 0.0
0.819647 0.805466 0.439152 12 0.0
0.819476 0.806258 0.474951 12 0.0
0.834327 0.77476 0.466613 12 0.0
0.834498 0.773968 0.430814 12 0.0
0.539641 0.989796 0.739817 10 0.0
0.792044 0.847642 0.480988 12 0.0
0.782738 0.860389 0.486679 12 0.0
0.796971 0.840393 0.505279 12 0.0
0.801349 0.834896 0.475296 12 0.0
0.787116 0.854892 0.456696 12 0.0
0.851539 0.709159 0.683542 12 0.0
0.849628 0.716539 0.666298 12 0.0
0.844797 0.736627 0.696045 12 0.0
0.85345 0.701779 0.700787 12 0.0
0.858281 0.681692 0.67104 12 0.0
0.470636 0.968789 0.745542 4 0.0
0.208348 0.853233 0.249397 13 0.999987
0.286067 0.919213 0.691285 6 0.0
0.303712 0.931649 0.678717 6 0.0
0.291135 0.926058 0.705174 6 0.0
0.268421 0.906777 0.703854 6 0.0
0.280998 0.912368 0.677396 6 0.0
0.539888 0.98928 0.250034 13 1.0
0.82587 0.782297 0.520243 12 0.0
0.817578 0.798295 0.506839 12 0.0
0.818295 0.797785 0.543413 12 0.0
0.834163 0.7663 0.533648 12 0.0
0.833445 0.76681 0.497074 12 0.0
0.559393 0.959292 0.744582 3 0.0
0.762829 0.882251 0.751827 3 1.0
0.527545 0.98673 0.740407 10 9e-06
0.847521 0.724309 0.413314 12 0.0
0.842156 0.744977 0.414296 12 0.0
0.846986 0.721719 0.464918 12 0.0
0.852886 0.703641 0.412332 12 0.0
0.848056 0.726899 0.36171 12 0.0
0.499493 0.004958 0.349735 5 0.568247
0.30072 0.936855 0.499273 12 0.0
0.304607 0.928287 0.609648 6 0.0
0.327982 0.944843 0.605712 6 0.0
0.312098 0.928911 0.656767 6 0.0
0.281231 0.91173 0.613583 6 0.0
0.297115 0.927663 0.562528 6 0.0
0.64938 0.952791 0.386188 12 0.0
0.632672 0.960344 0.385044 12 0.0
0.646899 0.953839 0.429351 12 0.0
0.666087 0.945238 0.387331 12 0.0
0.651861 0.951743 0.343024 12 0.0
0.449761 0.992963 0.245487 13 1.0
0.324153 0.947232 0.533571 9 0.0
0.338944 0.954495 0.525848 9 0.0
0.335209 0.954433 0.561517 9 0.0
0.309362 0.939968 0.541294 9 0.0
0.313097 0.940031 0.505625 9 0.0
0.864926 0.613113 0.551282 12 0.0
0.864679 0.638734 0.553359 12 0.0
0.866381 0.608233 0.611642 12 0.0
0.865173 0.587493 0.549204 12 0.0
0.863471 0.617994 0.490921 12 0.0
0.806502 0.819489 0.388495 10 0.0
0.796331 0.834612 0.388961 10 0.0
0.807481 0.819233 0.418091 10 0.0
0.816674 0.804366 0.388028 10 0.0
0.805523 0.819744 0.358898 10 0.0
0.850366 0.712019 0.490048 12 0.0
0.624661 0.737578 0.242226 14 1.0
0.544717 0.993418 0.48925 12 0.0
0.797816 0.806623 0.450476 12 0.0
0.132577 0.085555 0.254062 12 1.0
0.290149 0.922628 0.328506 12 0.0
0.306519 0.934665 0.347693 12 0.0
0.277446 0.912954 0.345414 12 0.0
0.273778 0.910591 0.30932 12 0.0
0.302852 0.932302 0.311599 12 0.0
0.361688 0.95245 0.391104 12 0.0
0.149361 0.471506 0.26064 15 1.0
0.50929 0.995606 0.298037 9 0.006425
0.489011 0.995918 0.297152 9 0.006425
0.50854 0.994661 0.314918 9 0.006425
0.52957 0.995293 0.298921 9 0.006425
0.510041 0.99655 0.281156 9 0.006425
0.852648 0.72007 0.249853 12 1.0
0.861443 0.389913 0.746738 4 1.0
0.808726 0.000469 0.526877 1 0.0
0.280555 0.90761 0.551243 6 0.0
0.305612 0.928109 0.564371 6 0.0
0.265494 0.896367 0.597543 6 0.0
0.255499 0.887111 0.538114 6 0.0
0.295617 0.918852 0.504942 6 0.0
0.70629 0.933122 0.732182 10 0.999999
0.712111 0.924689 0.372639 12 0.0
0.697969 0.934575 0.373066 12 0.0
0.71249 0.923495 0.412867 12 0.0
0.726254 0.914803 0.372213 12 0.0
0.711732 0.925884 0.332412 12 0.0
0.18264 0.764945 0.412063 12 0.0
0.192515 0.788465 0.412686 12 0.0
0.183713 0.763156 0.462565 12 0.0
0.172765 0.741424 0.411439 12 0.0
0.181568 0.766734 0.36156 12 0.0
0.293146 0.922739 0.459319 12 0.0
0.314641 0.938816 0.461795 12 0.0
0.28563 0.922037 0.529118 12 0.0
0.271651 0.906661 0.456843 12 0.0
0.300662 0.92344 0.389519 12 0.0
0.650752 0.960236 0.250627 13 1.0
0.627306 0.022622 0.748331 3 0.0
0.596603 0.014019 0.751171 3 0.0
0.64746 0.005886 0.491173 5 1.0
0.745621 0.894676 0.4943 12 0.0
0.731114 0.908387 0.497616 12 0.0
0.750908 0.891144 0.53203 12 0.0
0.760129 0.880965 0.490983 12 0.0
0.740334 0.898208 0.456569 12 0.0
0.148878 0.700737 0.627055 12 0.0
0.149817 0.715328 0.665083 12 0.0
0.143131 0.678958 0.635553 12 0.0
0.147938 0.686146 0.589027 12 0.0
0.154625 0.722516 0.618557 12 0.0
0.562947 0.005762 0.62623 5 0.816303
0.361143 0.723883 0.255481 8 0.999999
0.182557 0.024833 0.74877 3 0.999656
0.18257 0.024838 0.74877 3 0.999656
0.182555 0.024838 0.74877 3 0.999656
0.182543 0.024827 0.74877 3 0.999656
0.182559 0.024828 0.74877 3 0.999656
0.63644 0.965103 0.449654 12 0.0
0.558061 0.773332 0.245591 7 0.999967
0.285401 0.91219 0.437895 12 0.0
0.301335 0.926856 0.499622 12 0.0
0.263237 0.896948 0.447238 12 0.0
0.269467 0.897524 0.376169 12 0.0
0.307565 0.927432 0.428553 12 0.0
0.144813 0.6824 0.514992 12 0.0
0.148126 0.705111 0.522014 12 0.0
0.142404 0.668151 0.562213 12 0.0
0.141499 0.65969 0.50797 12 0.0
0.147221 0.69665 0.467771 12 0.0
0.545666 0.006504 0.375859 5 0.133558
0.561607 0.990928 0.249864 13 1.0
0.672106 0.952386 0.346296 12 0.0
0.654534 0.961445 0.347138 12 0.0
0.67311 0.951299 0.378962 12 0.0
0.689679 0.943326 0.345455 12 0.0
0.671103 0.953473 0.313631 12 0.0
0.362025 0.002695 0.469592 5 0.709231
0.650567 0.960881 0.511109 12 0.0
0.638246 0.965746 0.512944 12 0.0
0.654673 0.959361 0.54271 12 0.0
0.662888 0.956016 0.509274 12 0.0
0.646461 0.962401 0.479508 12 0.0
0.304953 0.933161 0.431137 12 0.0
0.327721 0.947294 0.431217 12 0.0
0.303617 0.934972 0.49181 12 0.0
0.282185 0.919029 0.431058 12 0.0
0.306289 0.93135 0.370465 12 0.0
0.367447 -0.001259 0.449963 5 0.999888
0.444274 0.004012 0.635362 5 0.999808
0.277649 0.612347 0.248172 14 0.0
0.187427 0.812314 0.449649 12 0.0
0.196771 0.828264 0.450021 12 0.0
0.185943 0.811788 0.509459 12 0.0
0.178082 0.796364 0.449277 12 0.0
0.18891 0.81284 0.389839 12 0.0
0.288663 0.624864 0.247109 8 0.971157
0.718213 0.626031 0.750971 7 0.0
0.833373 0.44132 0.258084 13 0.000816
0.706584 0.924577 0.715522 10 0.0
0.689498 0.937167 0.718817 10 0.0
0.709641 0.925749 0.726895 10 0.0
0.72367 0.911987 0.712228 10 0.0
0.703528 0.923405 0.70415 10 0.0
0.130589 0.512456 0.331364 12 0.001539
0.134715 0.581538 0.321863 12 0.001539
0.130428 0.516015 0.357169 12 0.001539
0.126464 0.443374 0.340865 12 0.001539
0.130751 0.508897 0.305559 12 0.001539
0.495956 0.995024 0.41805 12 0.0
0.477964 0.994654 0.418414 12 0.0
0.496904 0.995033 0.464894 12 0.0
0.513949 0.995393 0.417686 12 0.0
0.495009 0.995014 0.371206 12 0.0
0.280481 0.90497 0.545887 6 0.0
0.303385 0.924068 0.557953 6 0.0
0.260486 0.890327 0.607012 6 0.0
0.257578 0.885873 0.53382 6 0.0
0.300476 0.919614 0.484761 6 0.0
0.77823 0.862606 0.599149 12 0.0
0.767393 0.875393 0.605727 12 0.0
0.784831 0.855138 0.624542 12 0.0
0.789068 0.84982 0.592571 12 0.0
0.77163 0.870075 0.573757 12 0.0
0.646176 0.959642 0.676594 12 0.0
0.631945 0.964277 0.661681 12 0.0
0.628636 0.968547 0.696099 12 0.0
0.660406 0.955007 0.691507 12 0.0
0.663716 0.950737 0.657089 12 0.0
0.780693 0.860826 0.325992 16 0.0
0.76726 0.876607 0.329136 16 0.0
0.78235 0.857104 0.35175 16 0.0
0.794126 0.845045 0.322848 16 0.0
0.779037 0.864547 0.300234 16 0.0
0.845474 0.739549 0.554498 12 0.0
0.844378 0.741426 0.502661 12 0.0
0.840271 0.757006 0.55524 12 0.0
0.84657 0.737672 0.606335 12 0.0
0.850677 0.722092 0.553756 12 0.0
0.144075 0.676236 0.417113 12 0.0
0.147903 0.701171 0.425983 12 0.0
0.141052 0.657933 0.469866 12 0.0
0.140247 0.651301 0.408242 12 0.0
0.147098 0.694539 0.36436 12 0.0
0.29342 0.922273 0.4905 12 0.0
0.314256 0.936639 0.488971 12 0.0
0.295302 0.928049 0.570449 12 0.0
0.272583 0.907906 0.492029 12 0.0
0.291537 0.916497 0.410551 12 0.0
0.43798 0.768768 0.254425 14 0.794474
0.791786 0.845166 0.502237 12 0.0
0.784034 0.856325 0.506222 12 0.0
0.797665 0.839586 0.529305 12 0.0
0.799537 0.834007 0.498253 12 0.0
0.785907 0.850746 0.47517 12 0.0
0.225325 0.864927 0.369089 12 0.0
0.240889 0.883425 0.361577 12 0.0
0.232457 0.873537 0.405068 12 0.0
0.209761 0.846429 0.376601 12 0.0
0.218192 0.856317 0.333109 12 0.0
0.151031 0.719585 0.344895 12 0.0
0.156241 0.739301 0.355303 12 0.0
0.148111 0.705043 0.373904 12 0.0
0.145822 0.699869 0.334487 12 0.0
0.153952 0.734127 0.315886 12 0.0
0.329656 0.945445 0.674784 6 0.0
0.339772 0.949637 0.664421 6 0.0
0.346891 0.957389 0.69644 6 0.0
0.31954 0.941253 0.685148 6 0.0
0.312421 0.933501 0.653129 6 0.0
0.289506 0.921869 0.699101 6 0.0
0.304809 0.932322 0.692909 6 0.0
0.291882 0.926621 0.712997 6 0.0
0.274203 0.911416 0.705293 6 0.0
0.28713 0.917116 0.685205 6 0.0
0.821378 0.779468 0.594769 12 0.0
0.811816 0.795912 0.577561 12 0.0
0.813023 0.797222 0.616378 12 0.0
0.830939 0.763024 0.611976 12 0.0
0.829733 0.761714 0.573159 12 0.0
0.146214 0.696526 0.608642 12 0.0
0.146187 0.698733 0.652321 12 0.0
0.141701 0.674137 0.609771 12 0.0
0.146241 0.694319 0.564963 12 0.0
0.150726 0.718915 0.607513 12 0.0
0.475233 0.778332 0.245462 7 0.999995
0.152498 0.717995 0.539352 12 0.0
0.158024 0.740785 0.539444 12 0.0
0.152009 0.717856 0.602983 12 0.0
0.146971 0.695206 0.539259 12 0.0
0.152986 0.718135 0.47572 12 0.0
0.49567 0.002552 0.365461 2 0.997879
0.296036 0.489956 0.24198 14 0.999969
0.833232 0.72576 0.435855 12 0.0
0.8279 0.745468 0.435904 12 0.0
0.833487 0.72569 0.491557 12 0.0
0.838563 0.706051 0.435806 12 0.0
0.832976 0.725829 0.380154 12 0.0
0.241086 0.017322 0.7367 1 0.0
0.86525 0.003115 0.634114 1 0.999975
0.286897 0.597044 0.255544 14 0.999999
0.285231 0.551651 0.245877 7 0.994846
0.820479 0.592785 0.723959 3 6e-06
0.411683 0.004261 0.620037 5 0.999818
0.286047 0.576887 0.243518 14 0.999918
0.337809 0.953122 0.424228 10 0.0
0.52178 0.774873 0.245727 8 0.249796
0.169593 0.735754 0.747113 3 0.999994
0.602076 0.957452 0.62444 12 0.0
0.573446 0.967584 0.632767 12 0.0
0.60977 0.954777 0.654149 12 0.0
0.630707 0.94732 0.616113 12 0.0
0.594382 0.960128 0.594731 12 0.0
0.308774 0.026694 0.73097 1 0.0
0.30806 0.936468 0.395799 12 0.0
0.321511 0.944954 0.389586 12 0.0
0.313441 0.939688 0.411846 12 0.0
0.294609 0.927982 0.402013 12 0.0
0.302679 0.933248 0.379753 12 0.0
0.812601 0.816319 0.708228 12 0.0
0.802578 0.833569 0.714145 12 0.0
0.815736 0.81356 0.721581 12 0.0
0.822623 0.79907 0.70231 12 0.0
0.809465 0.819079 0.694874 12 0.0
0.820623 0.792287 0.663199 12 0.0
0.811313 0.80833 0.641926 12 0.0
0.812295 0.81139 0.681251 12 0.0
0.829933 0.776243 0.684472 12 0.0
0.828951 0.773183 0.645147 12 0.0
0.282413 0.880708 0.571735 6 1e-06
0.299382 0.896715 0.587889 6 1e-06
0.267091 0.862872 0.605504 6 1e-06
0.265444 0.864702 0.555581 6 1e-06
0.297736 0.898544 0.537967 6 1e-06
0.779186 0.861743 0.638497 12 0.0
0.765922 0.877971 0.639625 12 0.0
0.781602 0.861182 0.67497 12 0.0
0.79245 0.845516 0.637368 12 0.0
0.77677 0.862305 0.602024 12 0.0
0.836415 0.763059 0.586043 12 0.0
0.82835 0.783208 0.585996 12 0.0
0.836483 0.763205 0.637062 12 0.0
0.844481 0.74291 0.58609 12 0.0
0.836348 0.762913 0.535025 12 0.0
0.204279 0.843164 0.309876 12 0.014012
0.214348 0.859118 0.30956 12 0.014012
0.205191 0.842982 0.329657 12 0.014012
0.19421 0.827211 0.310192 12 0.014012
0.203368 0.843347 0.290095 12 0.014012
0.185517 0.805245 0.608712 10 0.0
0.191718 0.816146 0.632614 10 0.0
0.176683 0.789386 0.618236 10 0.0
0.179317 0.794345 0.584809 10 0.0
0.194352 0.821104 0.599188 10 0.0
0.48188 0.99109 0.677112 12 0.0
0.508249 0.99257 0.679354 12 0.0
0.479794 0.992232 0.700887 12 0.0
0.455511 0.98961 0.67487 12 0.0
0.483965 0.989948 0.653337 12 0.0
0.703917 0.926334 0.374566 9 0.0
0.689129 0.936291 0.373805 9 0.0
0.701036 0.925163 0.415262 9 0.0
0.718705 0.916377 0.375326 9 0.0
0.706798 0.927505 0.33387 9 0.0
0.853468 0.692311 0.593979 12 0.0
0.852092 0.701503 0.559492 12 0.0
0.84966 0.714766 0.600116 12 0.0
0.854845 0.683119 0.628465 12 0.0
0.857277 0.669857 0.587842 12 0.0
0.166823 0.765831 0.445533 12 0.0
0.175542 0.787316 0.447301 12 0.0
0.166785 0.760758 0.507362 12 0.0
0.158103 0.744346 0.443765 12 0.0
0.16686 0.770905 0.383704 12 0.0
0.864631 0.002266 0.600506 1 1.0
0.865043 0.003693 0.684608 1 1.0
0.727317 0.914639 0.385801 12 0.0
0.714811 0.924718 0.386036 12 0.0
0.727901 0.914393 0.427383 12 0.0
0.739824 0.904559 0.385566 12 0.0
0.726734 0.914884 0.34422 12 0.0
0.134589 0.44608 0.283246 12 0.0
0.642763 0.005127 0.499342 2 0.986231
0.496953 -0.002773 0.721418 1 0.0
0.696194 0.924122 0.250309 13 1.0
0.487481 0.006763 0.748672 3 1.0
0.646889 0.003203 0.518258 5 1.0
0.732605 0.903434 0.494143 12 0.0
0.718652 0.915626 0.498311 12 0.0
0.738159 0.898423 0.527394 12 0.0
0.746558 0.891243 0.489975 12 0.0
0.72705 0.908445 0.460892 12 0.0
0.628354 0.001761 0.55787 5 0.99994
0.53523 0.350814 0.253708 7 0.999998
0.852289 0.689892 0.454501 12 0.0
0.848731 0.713271 0.45506 12 0.0
0.851749 0.688291 0.518012 12 0.0
0.855848 0.666514 0.453942 12 0.0
0.852829 0.691494 0.39099 12 0.0
0.792766 0.845261 0.710191 10 0.0
0.790901 0.849189 0.722721 10 0.0
0.805057 0.830158 0.716756 10 0.0
0.794631 0.841333 0.697661 10 0.0
0.780475 0.860364 0.703627 10 0.0
0.423958 0.769196 0.24619 7 1.0
0.144257 0.544384 0.730684 10 0.0
0.670745 0.941281 0.514673 12 0.0
0.661041 0.946285 0.509507 12 0.0
0.65979 0.945737 0.539565 12 0.0
0.680449 0.936278 0.519839 12 0.0
0.681701 0.936826 0.489781 12 0.0
0.835443 0.002314 0.448075 1 0.0
0.853003 0.010108 0.531427 1 0.999999
0.716881 0.91108 0.591831 12 0.0
0.231821 0.868058 0.677535 6 0.0
0.250715 0.889699 0.680986 6 0.0
0.229826 0.865925 0.701827 6 0.0
0.212926 0.846417 0.674083 6 0.0
0.233816 0.870191 0.653243 6 0.0
0.852039 0.384123 0.303327 12 0.999946
0.144305 0.472242 0.741927 3 0.999999
0.158146 0.753524 0.585391 12 0.0
0.157127 0.75156 0.636686 12 0.0
0.151439 0.734017 0.584511 12 0.0
0.159164 0.755488 0.534096 12 0.0
0.164853 0.773031 0.586271 12 0.0
0.850267 0.017126 0.7506 3 1.0
0.857658 0.019353 0.751678 3 1.0
0.851131 0.015594 0.747847 3 1.0
0.842877 0.0149 0.749522 3 1.0
0.849404 0.018659 0.753353 3 1.0
0.152314 0.732826 0.68577 12 0.0
0.152485 0.735106 0.707414 12 0.0
0.145494 0.710333 0.688193 12 0.0
0.152143 0.730545 0.664125 12 0.0
0.159134 0.755319 0.683346 12 0.0
0.13048 0.3075 0.278682 12 1.0
0.858304 0.356558 0.745334 3 1.0
0.33739 0.953585 0.348636 12 0.0
0.350559 0.960323 0.322941 12 0.0
0.354151 0.962545 0.359577 12 0.0
0.32422 0.946847 0.374332 12 0.0
0.320628 0.944625 0.337696 12 0.0
0.27446 0.902505 0.573809 6 0.0
0.289683 0.912292 0.581053 6 0.0
0.257721 0.887161 0.629717 6 0.0
0.259237 0.892718 0.566565 6 0.0
0.291199 0.917848 0.5179 6 0.0
0.773141 0.863377 0.631854 12 0.0
0.756159 0.881289 0.646753 12 0.0
0.78102 0.852926 0.6534 12 0.0
0.790124 0.845465 0.616955 12 0.0
0.765262 0.873828 0.610308 12 0.0
0.768655 0.851554 0.475088 12 0.0
0.760904 0.861611 0.477971 12 0.0
0.774942 0.845967 0.511489 12 0.0
0.776406 0.841498 0.472206 12 0.0
0.762369 0.857142 0.438688 12 0.0
0.848869 0.69031 0.6661 12 0.0
0.844964 0.698727 0.642005 12 0.0
0.843766 0.722038 0.678012 12 0.0
0.852775 0.681892 0.690195 12 0.0
0.853973 0.658581 0.654188 12 0.0
0.307654 0.930444 0.430753 12 0.0
0.666883 0.952627 0.646889 12 0.0
0.649167 0.961426 0.641489 12 0.0
0.659309 0.957018 0.678896 12 0.0
0.684599 0.943827 0.652289 12 0.0
0.674458 0.948236 0.614882 12 0.0
0.776276 0.866852 0.588006 12 0.0
0.767395 0.877284 0.58996 12 0.0
0.779537 0.863675 0.619784 12 0.0
0.785158 0.856419 0.586052 12 0.0
0.773015 0.870028 0.556228 12 0.0
0.601875 0.979667 0.750831 3 0.999998
0.484836 0.993906 0.654674 12 0.0
0.508834 0.99484 0.657663 12 0.0
0.480936 0.994445 0.685813 12 0.0
0.460837 0.992971 0.651685 12 0.0
0.488735 0.993366 0.623535 12 0.0
0.830318 0.704856 0.600945 12 0.0
0.826365 0.715668 0.574209 12 0.0
0.823758 0.729651 0.611942 12 0.0
0.834271 0.694044 0.62768 12 0.0
0.836878 0.680061 0.589947 12 0.0
0.147231 0.689621 0.426645 12 0.0
0.151817 0.715025 0.433541 12 0.0
0.145174 0.674773 0.482715 12 0.0
0.142645 0.664217 0.419749 12 0.0
0.149287 0.70447 0.370575 12 0.0
0.597227 0.973657 0.745298 4 0.999993
0.435506 0.761951 0.257949 7 0.999932
0.695436 0.933005 0.25019 13 1.0
0.267418 0.912877 0.24938 13 0.999999
0.150306 0.714647 0.346026 12 0.0
0.155634 0.735252 0.357673 12 0.0
0.147563 0.69929 0.374447 12 0.0
0.144979 0.694043 0.334378 12 0.0
0.15305 0.730005 0.317604 12 0.0
0.556609 0.986119 0.51282 12 0.0
0.288114 0.923009 0.721442 10 0.0
0.30062 0.934508 0.715279 10 0.0
0.289982 0.924453 0.727926 10 0.0
0.275608 0.91151 0.727606 10 0.0
0.286246 0.921566 0.714959 10 0.0
0.663375 0.943245 0.705977 12 0.0
0.33314 0.947747 0.520006 12 0.0
0.343893 0.95187 0.511486 12 0.0
0.351769 0.958815 0.548873 12 0.0
0.322387 0.943623 0.528526 12 0.0
0.314511 0.936679 0.491139 12 0.0
0.60697 0.958344 0.461852 12 0.0
0.59014 0.963489 0.458681 12 0.0
0.599657 0.960715 0.504519 12 0.0
0.6238 0.953199 0.465022 12 0.0
0.614283 0.955973 0.419185 12 0.0
0.169065 0.685256 0.484293 12 0.0
0.172939 0.709901 0.486957 12 0.0
0.169777 0.679493 0.536576 12 0.0
0.165191 0.66061 0.48163 12 0.0
0.168353 0.691018 0.432011 12 0.0
0.43256 0.769258 0.247883 7 1.0
0.366371 0.732846 0.246255 8 0.999484
0.710884 0.595187 0.751245 7 0.999997
0.305744 0.649729 0.748216 7 0.994585
0.803448 0.822056 0.47096 12 0.0
0.791958 0.83931 0.47191 12 0.0
0.804146 0.820796 0.502256 12 0.0
0.814939 0.804802 0.470009 12 0.0
0.802751 0.823316 0.439663 12 0.0
0.141928 -0.000358 0.318112 1 0.999879
0.670398 0.426423 0.753751 7 0.948711
0.284923 0.550176 0.751351 7 0.999913
0.635034 -0.004692 0.555751 1 1.0
0.689573 0.666174 0.746226 11 2e-06
0.410722 0.007608 0.606415 5 0.052035
0.158659 0.743572 0.652851 12 0.0
0.157567 0.74644 0.684101 12 0.0
0.150193 0.7206 0.654663 12 0.0
0.159752 0.740704 0.6216 12 0.0
0.167126 0.766545 0.651038 12 0.0
0.720133 0.488701 0.752459 3 1.8e-05
0.335098 0.95321 0.362484 12 0.0
0.348331 0.959575 0.338455 12 0.0
0.351197 0.962106 0.373706 12 0.0
0.321865 0.946845 0.386514 12 0.0
0.318998 0.944315 0.351262 12 0.0
0.457531 0.993041 0.400996 12 0.0
0.437714 0.991333 0.401003 12 0.0
0.457552 0.992946 0.439116 12 0.0
0.477348 0.994749 0.400989 12 0.0
0.457509 0.993136 0.362875 12 0.0
0.749914 0.89551 0.387726 12 0.0
0.738623 0.906114 0.390459 12 0.0
0.754886 0.889322 0.432277 12 0.0
0.761206 0.884906 0.384993 12 0.0
0.744942 0.901698 0.343175 12 0.0
0.276622 0.898084 0.546817 6 0.0
0.810916 0.812145 0.382902 12 0.0
0.80041 0.830298 0.383645 12 0.0
0.809858 0.809822 0.42467 12 0.0
0.821422 0.793992 0.382158 12 0.0
0.811973 0.814468 0.341133 12 0.0
0.251031 0.819382 0.304983 13 4e-06
0.267634 0.831495 0.304964 13 4e-06
0.239776 0.834823 0.31339 13 4e-06
0.234428 0.80727 0.305002 13 4e-06
0.262287 0.803941 0.296576 13 4e-06
0.852814 0.696748 0.341815 16 0.0
0.847844 0.722022 0.342242 16 0.0
0.851101 0.695912 0.371339 16 0.0
0.857785 0.671475 0.341387 16 0.0
0.854527 0.697584 0.31229 16 0.0
0.699456 0.933244 0.377416 12 0.0
0.690289 0.939151 0.376887 12 0.0
0.698952 0.934697 0.402379 12 0.0
0.708623 0.927337 0.377945 12 0.0
0.69996 0.931791 0.352453 12 0.0
0.853797 0.693962 0.60642 12 0.0
0.852082 0.700024 0.561009 12 0.0
0.850218 0.71525 0.609397 12 0.0
0.855511 0.687899 0.65183 12 0.0
0.857375 0.672674 0.603443 12 0.0
0.175145 0.786242 0.347873 12 0.0
0.185572 0.809343 0.339348 12 0.0
0.180615 0.795338 0.379212 12 0.0
0.164717 0.76314 0.356398 12 0.0
0.169675 0.777146 0.316534 12 0.0
0.572857 0.010815 0.623577 5 1.0
0.576659 0.004333 0.382252 5 0.967015
0.32465 0.946601 0.701861 6 0.0
0.334253 0.950698 0.69041 6 0.0
0.334221 0.953829 0.712473 6 0.0
0.315047 0.942505 0.713311 6 0.0
0.315079 0.939374 0.691249 6 0.0
0.856923 0.651511 0.40642 12 0.0
0.852474 0.6854 0.411536 12 0.0
0.856654 0.643865 0.45684 12 0.0
0.861372 0.617622 0.401304 12 0.0
0.857192 0.659157 0.356001 12 0.0
0.303224 0.927404 0.66773 6 0.0
0.318164 0.93443 0.65835 6 0.0
0.313716 0.937939 0.69233 6 0.0
0.288285 0.920378 0.67711 6 0.0
0.292732 0.91687 0.643129 6 0.0
0.643593 0.964192 0.746249 3 0.99352
0.642895 0.005567 0.494403 2 0.913685
0.154679 0.288496 0.746597 3 2.3e-05
0.715573 0.571233 0.243971 8 0.999946
0.419505 0.003379 0.735824 1 1.8e-05
0.636922 0.000483 0.487434 5 0.829966
0.858681 0.672157 0.503065 12 0.0
0.606661 0.378274 0.257295 7 0.999926
0.617986 0.382614 0.256469 7 0.999926
0.606919 0.378492 0.26198 7 0.999926
0.595335 0.373934 0.25812 7 0.999926
0.606403 0.378056 0.252609 7 0.999926
0.745762 0.005011 0.251065 13 0.999895
0.848786 0.473064 0.253933 13 1.0
0.794843 0.83055 0.735596 12 0.091978
0.496081 -0.000683 0.639223 5 1.0
0.389677 0.000816 0.588279 5 0.948679
0.860342 0.395671 0.748099 4 1.0
0.592349 0.950026 0.590218 12 0.0
0.561418 0.960563 0.595102 12 0.0
0.598232 0.946573 0.634921 12 0.0
0.62328 0.939489 0.585334 12 0.0
0.586466 0.953478 0.545515 12 0.0
0.177943 0.405346 0.749158 3 0.979477
0.189867 0.418189 0.75131 3 0.979477
0.168632 0.41439 0.746779 3 0.979477
0.166019 0.392503 0.747006 3 0.979477
0.187254 0.396302 0.751537 3 0.979477
0.572058 0.003402 0.262873 1 1.0
0.62464 0.000736 0.258334 1 1.0
0.707096 0.925685 0.701034 12 0.0
0.689617 0.938644 0.713308 12 0.0
0.713442 0.923618 0.712254 12 0.0
0.724575 0.912726 0.68876 12 0.0
0.70075 0.927752 0.689815 12 0.0
0.167394 0.780695 0.257619 13 0.987595
0.829579 0.695181 0.342729 16 2e-06
0.826231 0.722741 0.321356 16 2e-06
0.827593 0.706639 0.357816 16 2e-06
0.832927 0.66762 0.364101 16 2e-06
0.831565 0.683722 0.327642 16 2e-06
0.275472 0.903837 0.571021 6 0.0
0.293925 0.916237 0.578275 6 0.0
0.2624 0.888975 0.629684 6 0.0
0.257019 0.891436 0.563767 6 0.0
0.288545 0.918698 0.512359 6 0.0
0.624295 0.010343 0.426307 5 0.964793
0.76941 0.859942 0.608068 12 0.0
0.755057 0.876159 0.614912 12 0.0
0.775156 0.853629 0.635076 12 0.0
0.783764 0.843725 0.601224 12 0.0
0.763665 0.866255 0.58106 12 0.0
0.848679 0.731178 0.683782 12 0.0
0.84519 0.738784 0.663543 12 0.0
0.844749 0.747652 0.69065 12 0.0
0.852169 0.723573 0.70402 12 0.0
0.852609 0.714705 0.676914 12 0.0
0.646594 0.952166 0.687412 10 0.0
0.636209 0.954454 0.678071 10 0.0
0.632747 0.961973 0.705208 10 0.0
0.656978 0.949878 0.696753 10 0.0
0.66044 0.942359 0.669616 10 0.0
0.773587 0.8674 0.522111 12 0.0
0.76323 0.879563 0.527381 12 0.0
0.779079 0.860826 0.548074 12 0.0
0.783943 0.855237 0.51684 12 0.0
0.768095 0.873974 0.496148 12 0.0
0.468319 0.995074 0.653038 12 0.0
0.487355 0.996171 0.65507 12 0.0
0.464965 0.994959 0.684523 12 0.0
0.449283 0.993977 0.651007 12 0.0
0.471673 0.99519 0.621554 12 0.0
0.672978 0.927847 0.376065 12 0.0
0.658293 0.937058 0.380716 12 0.0
0.681683 0.922508 0.414119 12 0.0
0.687662 0.918636 0.371413 12 0.0
0.664273 0.933185 0.338011 12 0.0
0.850113 0.727741 0.57127 12 0.0
0.84767 0.73551 0.547866 12 0.0
0.844738 0.745533 0.577737 12 0.0
0.852556 0.719972 0.594674 12 0.0
0.855487 0.709949 0.564802 12 0.0
0.144461 0.68064 0.378104 12 0.0
0.148351 0.70298 0.389825 12 0.0
0.141634 0.660408 0.417602 12 0.0
0.140571 0.658299 0.366382 12 0.0
0.147288 0.700871 0.338605 12 0.0
0.359854 0.952424 0.437177 12 0.0
0.424001 0.769227 0.25346 14 0.998584
0.299121 0.924646 0.724493 6 0.999117
0.630054 0.006549 0.455396 2 0.558365
0.135741 0.359713 0.699181 12 0.0
0.557364 0.004886 0.368352 5 0.999997
0.169023 0.730213 0.364945 12 0.0
0.176449 0.746947 0.371662 12 0.0
0.169603 0.716127 0.399397 12 0.0
0.161597 0.713479 0.358228 12 0.0
0.168443 0.7443 0.330493 12 0.0
0.338652 0.953321 0.66271 12 0.0
0.354048 0.960569 0.649269 12 0.0
0.355792 0.962778 0.687444 12 0.0
0.323256 0.946072 0.676151 12 0.0
0.321512 0.943863 0.637977 12 0.0
0.617934 0.0002 0.418563 5 0.999902
0.267193 0.909791 0.647411 6 0.0
0.278754 0.921862 0.638038 6 0.0
0.277061 0.916525 0.668254 6 0.0
0.255632 0.897721 0.656783 6 0.0
0.257325 0.903058 0.626567 6 0.0
0.661532 0.956489 0.748156 3 1.0
0.650818 0.963015 0.749515 3 1.0
0.663129 0.958095 0.753034 3 1.0
0.672246 0.949963 0.746798 3 1.0
0.659935 0.954882 0.743279 3 1.0
0.36314 0.00326 0.572337 2 1.0
0.854783 0.032298 0.747906 3 0.999999
0.855231 0.036398 0.746633 3 0.999999
0.852097 0.033418 0.75057 3 0.999999
0.854334 0.028197 0.749179 3 0.999999
0.857469 0.031177 0.745241 3 0.999999
0.306034 0.933079 0.585495 6 0.0
0.328986 0.948054 0.585333 6 0.0
0.307239 0.931811 0.638893 6 0.0
0.283083 0.918103 0.585657 6 0.0
0.304829 0.934347 0.532097 6 0.0
0.656165 0.945305 0.370525 12 0.0
0.63797 0.954569 0.372839 12 0.0
0.65872 0.942798 0.400648 12 0.0
0.67436 0.93604 0.36821 12 0.0
0.653609 0.947812 0.340401 12 0.0
0.662425 0.956207 0.710896 12 0.0
0.646976 0.962718 0.706956 12 0.0
0.659348 0.956177 0.722906 12 0.0
0.677873 0.949696 0.714836 12 0.0
0.665501 0.956238 0.698887 12 0.0
0.166496 0.345443 0.751216 3 0.0
0.481108 0.345429 0.242881 14 0.999778
0.303856 0.93394 0.552175 6 0.0
0.319736 0.944711 0.541261 6 0.0
0.313354 0.939635 0.571616 6 0.0
0.287976 0.923169 0.563088 6 0.0
0.294357 0.928246 0.532733 6 0.0
0.176328 0.725497 0.541812 12 0.0
0.182278 0.748048 0.547527 12 0.0
0.172057 0.71446 0.589809 12 0.0
0.170378 0.702946 0.536097 12 0.0
0.180598 0.736534 0.493814 12 0.0
0.638652 0.002252 0.510312 5 0.909099
0.597852 0.980017 0.35997 12 0.0
0.57723 0.985195 0.360085 12 0.0
0.597905 0.979425 0.396333 12 0.0
0.618475 0.974838 0.359856 12 0.0
0.597799 0.980609 0.323607 12 0.0
0.69843 0.47041 0.756413 7 0.999972
0.156719 0.738047 0.447707 12 0.0
0.162457 0.75513 0.455004 12 0.0
0.153927 0.727678 0.474178 12 0.0
0.150981 0.720964 0.44041 12 0.0
0.15951 0.748416 0.421235 12 0.0
0.746396 0.899362 0.249783 13 1.0
0.326196 0.40112 0.757022 11 1e-06
0.150183 0.552468 0.75184 3 0.000302
0.646943 -0.0011 0.497814 5 1.0
0.380943 0.007021 0.420108 5 1.0
0.377291 0.002648 0.41746 5 1.0
0.3722 0.007584 0.431235 5 1.0
0.384595 0.011394 0.422756 5 1.0
0.389686 0.006458 0.408981 5 1.0
0.364409 0.005037 0.45739 5 0.99995
0.842147 0.592784 0.25729 13 1.0
0.709484 -0.001088 0.252486 13 1.0
0.757732 -0.000282 0.251912 1 0.999888
0.711545 0.921511 0.703916 10 0.0
0.69094 0.937394 0.710875 10 0.0
0.716062 0.921214 0.717969 10 0.0
0.732149 0.905627 0.696958 10 0.0
0.707028 0.921807 0.689864 10 0.0
0.616757 0.003167 0.425254 5 0.798582
0.772914 0.870591 0.62218 12 0.0
0.764741 0.880388 0.627931 12 0.0
0.778713 0.861588 0.645757 12 0.0
0.781088 0.860795 0.616428 12 0.0
0.767116 0.879595 0.598602 12 0.0
0.80667 0.821361 0.428895 12 0.0
0.7962 0.838149 0.42754 12 0.0
0.804994 0.824246 0.47761 12 0.0
0.817141 0.804573 0.430249 12 0.0
0.808347 0.818476 0.38018 12 0.0
0.206036 0.844588 0.302663 12 0.001499
0.218867 0.862722 0.302836 12 0.001499
0.206938 0.843781 0.32032 12 0.001499
0.193205 0.826454 0.30249 12 0.001499
0.205135 0.845394 0.285006 12 0.001499
0.272276 0.904195 0.371573 12 0.0
0.290313 0.919016 0.409226 12 0.0
0.254319 0.888124 0.386501 12 0.0
0.25424 0.889374 0.33392 12 0.0
0.290234 0.920266 0.356645 12 0.0
0.783034 0.853508 0.370819 12 0.0
0.770336 0.869199 0.373874 12 0.0
0.78514 0.847675 0.409538 12 0.0
0.795732 0.837818 0.367765 12 0.0
0.780928 0.859342 0.332101 12 0.0
0.466783 0.993917 0.644672 12 0.0
0.486312 0.995025 0.646263 12 0.0
0.464064 0.993722 0.678197 12 0.0
0.447254 0.992808 0.643081 12 0.0
0.469503 0.994111 0.611147 12 0.0
0.697915 0.923193 0.359192 12 0.0
0.678476 0.935577 0.357442 12 0.0
0.695055 0.923297 0.391689 12 0.0
0.717354 0.910809 0.360942 12 0.0
0.700775 0.923089 0.326696 12 0.0
0.83049 0.784586 0.440922 12 0.0
0.823958 0.800619 0.42744 12 0.0
0.824054 0.796249 0.45791 12 0.0
0.837021 0.768553 0.454404 12 0.0
0.836926 0.772923 0.423934 12 0.0
0.171212 0.710059 0.587132 12 0.0
0.600336 0.002366 0.405404 2 0.997581
0.793469 0.8527 0.513427 12 0.0
0.781574 0.868545 0.521964 12 0.0
0.80062 0.843929 0.539668 12 0.0
0.805364 0.836855 0.504889 12 0.0
0.786318 0.861471 0.487185 12 0.0
0.546629 0.992586 0.426571 12 0.0
0.527889 0.995133 0.430427 12 0.0
0.555108 0.992034 0.468141 12 0.0
0.565369 0.990039 0.422714 12 0.0
0.53815 0.993138 0.385 12 0.0
0.324611 0.945762 0.664728 6 0.0
0.340528 0.953578 0.65413 6 0.0
0.337219 0.954396 0.690031 6 0.0
0.308694 0.937946 0.675326 6 0.0
0.312003 0.937127 0.639425 6 0.0
0.561044 0.986988 0.532263 12 0.0
0.822303 0.794498 0.627708 12 0.0
0.814476 0.809634 0.614384 12 0.0
0.814424 0.810991 0.651073 12 0.0
0.83013 0.779361 0.641032 12 0.0
0.830182 0.778005 0.604342 12 0.0
0.828773 0.789701 0.501517 12 0.0
0.822363 0.803166 0.48992 12 0.0
0.821778 0.804425 0.522481 12 0.0
0.835183 0.776235 0.513113 12 0.0
0.835769 0.774976 0.480553 12 0.0
0.747677 0.897161 0.520161 12 0.0
0.735256 0.908668 0.521204 12 0.0
0.749192 0.894543 0.567088 12 0.0
0.760099 0.885653 0.519118 12 0.0
0.746162 0.899778 0.473234 12 0.0
0.631333 0.967773 0.475009 12 0.0
0.612787 0.974916 0.477001 12 0.0
0.635299 0.965412 0.520403 12 0.0
0.64988 0.960631 0.473017 12 0.0
0.627367 0.970135 0.429615 12 0.0
0.59325 0.000957 0.605699 5 0.964923
0.334276 0.693362 0.747615 7 0.999997
0.415459 0.356417 0.249553 7 0.999881
0.657946 0.412579 0.247302 14 0.99998
0.306236 0.464561 0.246313 7 0.999982
0.134061 0.271439 0.72746 12 0.0
0.306474 0.004046 0.744882 1 0.999794
0.708614 0.879211 0.556856 12 1e-06
0.689509 0.891108 0.563436 12 1e-06
0.712673 0.867163 0.590425 12 1e-06
0.727719 0.867314 0.550276 12 1e-06
0.704554 0.891259 0.523287 12 1e-06
0.608854 -0.001415 0.422113 5 0.957629
0.148157 0.489823 0.724755 12 0.0
0.665991 0.954822 0.498132 12 0.0
0.649217 0.963521 0.489507 12 0.0
0.658572 0.958231 0.516 12 0.0
0.682765 0.946122 0.506757 12 0.0
0.67341 0.951412 0.480264 12 0.0
0.624121 0.741339 0.747101 11 6e-06
0.641326 0.004486 0.533656 5 0.999998
0.540147 0.986883 0.398515 12 0.0
0.526466 0.989684 0.40528 12 0.0
0.552829 0.984061 0.425333 12 0.0
0.553828 0.984082 0.391751 12 0.0
0.527465 0.989705 0.371698 12 0.0
0.647932 0.000503 0.520622 5 1.0
0.200795 0.834603 0.4633 12 0.0
0.211844 0.850724 0.466034 12 0.0
0.200554 0.83356 0.47042 12 0.0
0.189745 0.818481 0.460566 12 0.0
0.201035 0.835645 0.456179 12 0.0
0.677697 0.944956 0.594417 12 0.0
0.662336 0.95347 0.588746 12 0.0
0.669261 0.948765 0.622984 12 0.0
0.693058 0.936443 0.600088 12 0.0
0.686133 0.941147 0.565849 12 0.0
0.130282 0.510669 0.355168 12 1.2e-05
0.1336 0.579107 0.335072 12 1.2e-05
0.130991 0.518774 0.38289 12 1.2e-05
0.126963 0.44223 0.375265 12 1.2e-05
0.129572 0.502563 0.327447 12 1.2e-05
0.466931 -0.001002 0.648798 5 0.999998
0.612879 0.950237 0.59747 12 0.0
0.587655 0.95998 0.602171 12 0.0
0.618869 0.946811 0.636701 12 0.0
0.638104 0.940493 0.592768 12 0.0
0.60689 0.953662 0.558239 12 0.0
0.302447 0.936637 0.251651 13 1.0
0.713967 0.925419 0.250621 13 1.0
0.765136 0.879851 0.251424 13 0.999994
0.509878 0.005184 0.351467 5 0.999996
0.510141 0.004558 0.346373 5 0.999996
0.524077 0.008875 0.351746 5 0.999996
0.509615 0.00581 0.35656 5 0.999996
0.495679 0.001493 0.351187 5 0.999996
0.384523 0.002737 0.405601 2 1.0
0.147033 0.711045 0.319812 12 0.000141
0.151916 0.732518 0.329739 12 0.000141
0.145519 0.701559 0.341074 12 0.000141
0.142151 0.689571 0.309885 12 0.000141
0.148547 0.72053 0.29855 12 0.000141
0.329496 0.950481 0.708357 12 0.0
0.333419 0.951743 0.697444 12 0.0
0.349283 0.961626 0.716759 12 0.0
0.325574 0.949218 0.719271 12 0.0
0.309709 0.939336 0.699956 12 0.0
0.549611 0.991227 0.541529 12 0.0
0.565356 0.975286 0.488254 12 0.0
0.851212 0.69789 0.42726 12 0.0
0.846865 0.721475 0.429009 12 0.0
0.850945 0.693712 0.482935 12 0.0
0.85556 0.674305 0.425511 12 0.0
0.851479 0.702067 0.371585 12 0.0
0.675349 0.949176 0.624397 12 0.0
0.663792 0.956802 0.619094 12 0.0
0.666571 0.951811 0.647315 12 0.0
0.686906 0.94155 0.6297 12 0.0
0.684127 0.946542 0.601479 12 0.0
0.296817 0.926275 0.668807 6 0.0
0.316705 0.939444 0.656076 6 0.0
0.306367 0.934767 0.692509 6 0.0
0.276928 0.913107 0.681538 6 0.0
0.287267 0.917784 0.645105 6 0.0
0.470674 0.77183 0.745546 7 0.999972
0.714198 0.528648 0.245701 8 0.999999
0.63496 0.003387 0.462888 5 0.983021
0.670545 0.426008 0.244523 7 0.999989
0.615732 -0.002335 0.422237 5 0.988531
0.17011 0.773792 0.542489 12 0.0
0.173568 0.781466 0.576564 12 0.0
0.161213 0.753527 0.547956 12 0.0
0.166652 0.766117 0.508414 12 0.0
0.179007 0.794057 0.537022 12 0.0
0.674266 0.94987 0.516182 10 0.0
0.659112 0.958327 0.509053 10 0.0
0.666453 0.951778 0.535056 10 0.0
0.689421 0.941414 0.52331 10 0.0
0.68208 0.947962 0.497307 10 0.0
0.628249 0.958405 0.433422 12 0.0
0.612355 0.964076 0.432579 12 0.0
0.626931 0.959249 0.46395 12 0.0
0.644144 0.952733 0.434266 12 0.0
0.629568 0.95756 0.402895 12 0.0
0.525317 0.993108 0.309663 12 0.022793
0.50527 0.994605 0.308805 12 0.022793
0.524324 0.991702 0.330438 12 0.022793
0.545365 0.99161 0.31052 12 0.022793
0.526311 0.994513 0.288888 12 0.022793
0.609256 0.000163 0.598698 5 1.0
0.362254 -0.00265 0.475999 2 0.994761
0.548781 0.770922 0.251141 7 0.999964
0.862275 0.673305 0.254444 9 0.999872
0.486424 0.773905 0.254003 14 0.999389
0.805517 8.9e-05 0.421996 1 0.0
0.784292 -0.000608 0.421448 1 0.0
0.804068 -0.00031 0.478644 1 0.0
0.826741 0.000785 0.422544 1 0.0
0.806966 0.000487 0.365348 1 0.0
0.770555 0.003873 0.749324 1 1.0
0.380823 0.016643 0.270755 1 1.0
0.4868 0.994059 0.37827 12 0.0
0.463372 0.993243 0.378162 12 0.0
0.486645 0.992873 0.420773 12 0.0
0.510227 0.994875 0.378378 12 0.0
0.486954 0.995244 0.335767 12 0.0
0.847943 0.730881 0.30523 16 2.7e-05
0.84239 0.752124 0.293942 16 2.7e-05
0.845043 0.737928 0.319918 16 2.7e-05
0.853496 0.709639 0.316517 16 2.7e-05
0.850843 0.723835 0.290541 16 2.7e-05
0.279635 0.915349 0.583104 6 0.0
0.300573 0.932678 0.58962 6 0.0
0.268957 0.908577 0.635431 6 0.0
0.258696 0.898019 0.576589 6 0.0
0.290312 0.922121 0.530778 6 0.0
0.769904 0.851152 0.61652 12 0.0
0.753368 0.870311 0.626656 12 0.0
0.778127 0.842309 0.646649 12 0.0
0.786439 0.831994 0.606384 12 0.0
0.76168 0.859996 0.58639 12 0.0
0.848487 0.725922 0.575433 12 0.0
0.84697 0.728967 0.527213 12 0.0
0.844229 0.742788 0.576632 12 0.0
0.850005 0.722877 0.623654 12 0.0
0.852746 0.709056 0.574234 12 0.0
0.827402 0.718402 0.576498 12 0.0
0.82683 0.723591 0.534044 12 0.0
0.821486 0.74016 0.579237 12 0.0
0.827975 0.713214 0.618952 12 0.0
0.833319 0.696645 0.573759 12 0.0
0.171446 0.711803 0.404271 12 0.0
0.179533 0.740728 0.414133 12 0.0
0.170031 0.701908 0.434451 12 0.0
0.163359 0.682877 0.394408 12 0.0
0.172861 0.721697 0.374091 12 0.0
0.266953 0.884654 0.336251 12 7e-06
0.281946 0.896868 0.332319 12 7e-06
0.27028 0.889062 0.362632 12 7e-06
0.251959 0.87244 0.340183 12 7e-06
0.263625 0.880246 0.309869 12 7e-06
0.825409 0.780958 0.445998 12 0.0
0.818731 0.79478 0.43732 12 0.0
0.818493 0.794232 0.472463 12 0.0
0.832088 0.767136 0.454676 12 0.0
0.832326 0.767684 0.419532 12 0.0
0.638322 0.006099 0.479277 5 0.738922
0.592994 0.002278 0.385694 5 0.999721
0.772816 0.00191 0.749246 1 0.999999
0.341914 0.945442 0.682042 6 0.0
0.348971 0.947876 0.669573 6 0.0
0.367796 0.95999 0.699528 6 0.0
0.334858 0.943008 0.694512 6 0.0
0.316033 0.930894 0.664557 6 0.0
0.20022 0.790092 0.744896 3 0.000929
0.634173 -0.005718 0.454849 2 1.0
0.858827 0.701736 0.332817 9 0.0
0.854957 0.719664 0.334593 9 0.0
0.860704 0.699608 0.358378 9 0.0
0.862697 0.683807 0.33104 9 0.0
0.85695 0.703863 0.307255 9 0.0
0.37197 0.386274 0.247377 14 0.999047
0.657269 0.95073 0.414388 12 0.0
0.64192 0.958617 0.416874 12 0.0
0.662576 0.947057 0.458804 12 0.0
0.672618 0.942843 0.411902 12 0.0
0.651963 0.954403 0.369972 12 0.0
0.392247 0.9784 0.731229 10 0.0
0.397434 0.374642 0.255251 7 0.849355
0.148181 0.708862 0.545628 12 0.0
0.15315 0.731295 0.547927 12 0.0
0.147459 0.702453 0.609708 12 0.0
0.143211 0.686428 0.543329 12 0.0
0.148902 0.71527 0.481548 12 0.0
0.437265 0.776758 0.252076 7 0.999997
0.140435 0.514398 0.718382 12 0.0
0.580842 0.971989 0.374902 12 1e-06
0.634485 0.946178 0.337663 9 9.9e-05
0.610017 0.954947 0.338924 9 9.9e-05
0.635065 0.944641 0.359595 9 9.9e-05
0.658954 0.937409 0.336402 9 9.9e-05
0.633906 0.947715 0.315731 9 9.9e-05
0.657404 0.412981 0.745593 7 0.99997
0.288328 0.605379 0.746728 7 0.999886
0.856484 0.231101 0.25444 13 1.0
0.379718 0.002427 0.43459 2 1.0
0.194745 0.828123 0.484444 12 0.0
0.841437 0.336838 0.744472 3 0.001441
0.857734 0.391217 0.746197 3 1.0
0.479719 0.004867 0.27182 1 0.999711
0.3387 0.954379 0.320723 12 0.000596
0.350023 0.960167 0.304521 12 0.000596
0.35789 0.964003 0.337572 12 0.000596
0.327377 0.948592 0.336926 12 0.000596
0.31951 0.944755 0.303874 12 0.000596
0.65838 0.959843 0.55748 12 0.0
0.648895 0.96406 0.554393 12 0.0
0.652246 0.963323 0.581079 12 0.0
0.667865 0.955626 0.560568 12 0.0
0.664514 0.956363 0.533881 12 0.0
0.717055 0.918699 0.633188 12 0.0
0.702216 0.929674 0.641321 12 0.0
0.725431 0.911916 0.657623 12 0.0
0.731895 0.907724 0.625055 12 0.0
0.70868 0.925482 0.608753 12 0.0
0.853167 0.002332 0.549675 1 0.999991
0.810205 0.813831 0.303204 16 0.108303
0.800067 0.82912 0.312245 16 0.108303
0.812407 0.805793 0.319265 16 0.108303
0.820343 0.798542 0.294163 16 0.108303
0.808003 0.821869 0.287143 16 0.108303
0.218757 0.82592 0.387164 12 0.0
0.232209 0.845625 0.385348 12 0.0
0.220338 0.828536 0.427268 12 0.0
0.205306 0.806215 0.388979 12 0.0
0.217177 0.823304 0.34706 12 0.0
0.746909 0.895312 0.421447 12 0.0
0.629999 0.966808 0.611821 12 0.0
0.669697 0.951402 0.279517 16 0.028986
0.65144 0.961653 0.27886 16 0.028986
0.668617 0.950148 0.289933 16 0.028986
0.687953 0.941151 0.280174 16 0.028986
0.670776 0.952657 0.2691 16 0.028986
0.846512 0.734851 0.592562 12 0.0
0.845712 0.734775 0.544118 12 0.0
0.841107 0.753351 0.592622 12 0.0
0.847312 0.734928 0.641006 12 0.0
0.851917 0.716352 0.592502 12 0.0
0.846941 0.681727 0.324969 12 0.006217
0.843704 0.711071 0.326339 12 0.006217
0.84807 0.680719 0.349217 12 0.006217
0.850178 0.652383 0.323598 12 0.006217
0.845813 0.682735 0.30072 12 0.006217
0.70891 0.924288 0.392593 12 0.0
0.696273 0.933434 0.392335 12 0.0
0.706867 0.922733 0.437472 12 0.0
0.721548 0.915142 0.392852 12 0.0
0.710953 0.925843 0.347715 12 0.0
0.343641 0.952545 0.434615 12 0.0
0.503223 0.99678 0.250751 13 1.0
0.819142 0.773188 0.445857 12 0.0
0.809546 0.793006 0.434037 12 0.0
0.812786 0.785369 0.471443 12 0.0
0.828738 0.753369 0.457676 12 0.0
0.825498 0.761006 0.420271 12 0.0
0.156058 0.728195 0.587069 12 0.0
0.162335 0.750482 0.587904 12 0.0
0.152904 0.727165 0.638288 12 0.0
0.149782 0.705908 0.586234 12 0.0
0.159213 0.729226 0.535849 12 0.0
0.850678 0.711711 0.67335 12 0.0
0.848796 0.722245 0.653633 12 0.0
0.845502 0.734298 0.68591 12 0.0
0.852559 0.701178 0.693067 12 0.0
0.855854 0.689125 0.660789 12 0.0
0.153929 0.72679 0.366198 12 0.0
0.160346 0.748053 0.37412 12 0.0
0.151479 0.713746 0.403195 12 0.0
0.147512 0.705527 0.358276 12 0.0
0.156379 0.739835 0.329201 12 0.0
0.322306 0.435325 0.251034 7 1.0
0.549863 0.992651 0.550132 12 0.0
0.530232 0.995166 0.550616 12 0.0
0.551323 0.992212 0.61172 12 0.0
0.569494 0.990135 0.549649 12 0.0
0.548403 0.993089 0.488544 12 0.0
0.288916 0.920449 0.629469 6 0.0
0.31004 0.937203 0.613358 6 0.0
0.300686 0.926512 0.651207 6 0.0
0.267791 0.903695 0.645581 6 0.0
0.277145 0.914386 0.607732 6 0.0
0.692342 0.940567 0.251051 13 1.0
0.758605 0.884962 0.464309 12 0.0
0.747591 0.896202 0.468649 12 0.0
0.764835 0.87863 0.496518 12 0.0
0.769619 0.873721 0.459969 12 0.0
0.752375 0.891293 0.432101 12 0.0
0.138153 0.546912 0.743205 3 0.049932
0.67726 0.701985 0.747643 7 2e-06
0.662578 0.95435 0.624715 12 0.0
0.646671 0.962234 0.617741 12 0.0
0.651207 0.96006 0.657106 12 0.0
0.678485 0.946467 0.631689 12 0.0
0.673949 0.948641 0.592324 12 0.0
0.858157 0.700786 0.249043 12 1.0
0.606382 0.962048 0.422739 12 0.0
0.589052 0.967645 0.422356 12 0.0
0.605432 0.961636 0.459667 12 0.0
0.623711 0.956451 0.423122 12 0.0
0.607331 0.96246 0.385811 12 0.0
0.692752 0.45967 0.247493 7 0.99999
0.657066 0.418841 0.252037 8 1.0
0.836846 0.721025 0.476128 12 0.0
0.831257 0.741546 0.474522 12 0.0
0.835153 0.723786 0.51729 12 0.0
0.842435 0.700504 0.477734 12 0.0
0.838539 0.718264 0.434966 12 0.0
0.410363 0.970187 0.391993 12 0.0
0.667514 0.952168 0.321861 12 1e-06
0.648018 0.961705 0.322908 12 1e-06
0.668006 0.950431 0.346853 12 1e-06
0.687009 0.942631 0.320814 12 1e-06
0.667021 0.953905 0.296869 12 1e-06
0.66182 0.42038 0.749966 7 0.999996
0.864946 0.267461 0.251366 13 1.0
0.26342 0.904685 0.736558 6 0.0
0.867634 0.106506 0.749919 3 1.0
0.758049 0.886999 0.379009 12 0.0
0.748477 0.896063 0.372534 12 0.0
0.752269 0.892798 0.39567 12 0.0
0.767621 0.877936 0.385484 12 0.0
0.763829 0.881201 0.362348 12 0.0
0.371275 0.000143 0.54888 5 0.541
0.328191 0.947744 0.35109 10 0.0
0.339303 0.952152 0.331147 10 0.0
0.342168 0.955545 0.360602 10 0.0
0.31708 0.943336 0.371034 10 0.0
0.314215 0.939943 0.341579 10 0.0
0.850771 0.690601 0.747336 3 1.0
0.540216 0.008305 0.630695 5 0.999987
0.814224 0.001525 0.438107 1 0.0
0.857693 0.316877 0.737113 12 0.000796
0.833923 0.425 0.748507 3 0.0
0.455871 0.360822 0.330835 7 0.0
0.505178 0.35389 0.332779 7 0.0
0.709979 0.922864 0.682599 12 0.0
0.690178 0.937835 0.698626 12 0.0
0.716845 0.918209 0.69543 12 0.0
0.72978 0.907894 0.666572 12 0.0
0.703113 0.927519 0.669767 12 0.0
0.810995 0.808127 0.660269 12 0.0
0.802142 0.822701 0.647602 12 0.0
0.800781 0.825293 0.687159 12 0.0
0.819847 0.793552 0.672937 12 0.0
0.821208 0.79096 0.63338 12 0.0
0.493941 0.996214 0.448508 12 0.0
0.263799 0.907872 0.49702 6 0.0
0.179197 0.805799 0.310323 12 0.999779
0.182375 0.815369 0.314037 12 0.999779
0.177998 0.796489 0.335341 12 0.999779
0.176018 0.796228 0.306609 12 0.999779
0.180395 0.815109 0.285305 12 0.999779
0.23334 0.871662 0.248459 13 1.0
0.184886 0.804163 0.646814 12 0.0
0.193596 0.816666 0.674003 12 0.0
0.175397 0.788563 0.657028 12 0.0
0.176175 0.791659 0.619626 12 0.0
0.194374 0.819762 0.636601 12 0.0
0.717349 0.924834 0.251106 13 0.999948
0.248019 0.842335 0.478865 6 0.0
0.83692 0.764936 0.676461 12 0.0
0.829533 0.78341 0.675554 12 0.0
0.838118 0.766569 0.699938 12 0.0
0.844307 0.746463 0.677369 12 0.0
0.835722 0.763304 0.652985 12 0.0
0.549403 0.992678 0.598518 12 0.0
0.565218 0.990344 0.59421 12 0.0
0.560449 0.990981 0.639987 12 0.0
0.533587 0.995011 0.602827 12 0.0
0.538357 0.994374 0.55705 12 0.0
0.759245 0.883013 0.679562 12 0.0
0.746169 0.897135 0.696946 12 0.0
0.770254 0.872156 0.696664 12 0.0
0.772322 0.868891 0.662178 12 0.0
0.748236 0.893871 0.66246 12 0.0
0.758372 0.849306 0.538173 12 0.0
0.743996 0.867235 0.5456 12 0.0
0.766196 0.841256 0.572752 12 0.0
0.772748 0.831376 0.530747 12 0.0
0.750548 0.857355 0.503594 12 0.0
0.692351 0.937288 0.404366 12 0.0
0.674698 0.948668 0.405409 12 0.0
0.694667 0.936612 0.450955 12 0.0
0.710004 0.925908 0.403324 12 0.0
0.690035 0.937963 0.357777 12 0.0
0.670412 0.9498 0.746233 3 0.999985
0.311714 0.93442 0.591473 6 0.0
0.325495 0.944706 0.587778 6 0.0
0.323561 0.937731 0.644869 6 0.0
0.297933 0.924135 0.595169 6 0.0
0.299867 0.93111 0.538078 6 0.0
0.173092 0.728283 0.594863 12 0.0
0.17745 0.743958 0.601795 12 0.0
0.168046 0.71396 0.630422 12 0.0
0.168735 0.712607 0.58793 12 0.0
0.178139 0.742606 0.559303 12 0.0
0.151123 0.715851 0.668579 12 0.0
0.152526 0.723008 0.6949 12 0.0
0.144006 0.688806 0.676313 12 0.0
0.14972 0.708694 0.642259 12 0.0
0.15824 0.742895 0.660846 12 0.0
0.853396 0.706051 0.698206 12 0.0
0.85032 0.712148 0.68263 12 0.0
0.851132 0.722107 0.704937 12 0.0
0.856472 0.699955 0.713783 12 0.0
0.855659 0.689996 0.691476 12 0.0
0.546112 0.001583 0.358654 5 0.993862
0.168288 0.729098 0.33067 12 0.0
0.176834 0.742804 0.340873 12 0.0
0.168571 0.711734 0.353761 12 0.0
0.159743 0.715391 0.320468 12 0.0
0.168006 0.746462 0.307579 12 0.0
0.334293 0.94736 0.635723 6 0.0
0.352643 0.959054 0.624575 6 0.0
0.351827 0.954006 0.671556 6 0.0
0.315944 0.935667 0.64687 6 0.0
0.316759 0.940715 0.599889 6 0.0
0.290065 0.922236 0.658754 6 0.0
0.307454 0.935487 0.64726 6 0.0
0.302139 0.930812 0.686909 6 0.0
0.272676 0.908984 0.670247 6 0.0
0.277992 0.913659 0.630598 6 0.0
0.748342 0.89297 0.479255 12 0.0
0.735205 0.905459 0.485165 12 0.0
0.756551 0.88581 0.512634 12 0.0
0.761479 0.880482 0.473346 12 0.0
0.740133 0.900131 0.445877 12 0.0
0.74721 0.902198 0.246692 13 1.0
0.378358 0.380519 0.244712 14 0.999518
0.304111 0.932611 0.593226 6 0.0
0.325989 0.947025 0.593387 6 0.0
0.305192 0.930383 0.645846 6 0.0
0.282234 0.918197 0.593065 6 0.0
0.303031 0.934839 0.540607 6 0.0
0.622244 0.95725 0.372103 12 0.0
0.601825 0.965619 0.374695 12 0.0
0.625108 0.954031 0.40505 12 0.0
0.642663 0.948881 0.36951 12 0.0
0.61938 0.960469 0.339155 12 0.0
0.62951 0.968598 0.424748 12 0.0
0.612948 0.97503 0.423865 12 0.0
0.628235 0.969032 0.451842 12 0.0
0.646073 0.962167 0.425631 12 0.0
0.630786 0.968164 0.397655 12 0.0
0.172925 0.71741 0.509191 12 0.0
0.179812 0.740692 0.516668 12 0.0
0.171051 0.704939 0.549754 12 0.0
0.166039 0.694128 0.501715 12 0.0
0.174799 0.729881 0.468628 12 0.0
0.627032 -0.002351 0.548747 5 0.992545
0.143842 0.005527 0.594847 1 0.787461
0.626076 -0.003058 0.444082 5 0.878519
0.298017 0.486704 0.257062 7 0.999999
0.412455 0.360122 0.247489 14 0.999996
0.567522 0.35526 0.751252 11 0.999995
0.866539 0.56572 0.248366 13 1.0
0.715642 0.495408 0.748861 3 0.999944
0.175747 0.715551 0.744365 3 0.372751
0.696174 0.643262 0.747125 11 0.999855
0.661883 0.000603 0.25854 1 1.0
0.495006 0.335992 0.34608 5 0.0
0.135086 0.182015 0.733684 12 0.0
0.571682 0.000451 0.253564 1 1.0
0.517887 0.993885 0.446382 12 0.0
0.500437 0.994883 0.446696 12 0.0
0.518956 0.994531 0.503663 12 0.0
0.535337 0.992886 0.446068 12 0.0
0.516819 0.993238 0.3891 12 0.0
0.208649 0.838796 0.415056 12 0.0
0.220639 0.856042 0.414877 12 0.0
0.209891 0.83835 0.455291 12 0.0
0.196659 0.82155 0.415235 12 0.0
0.207406 0.839242 0.374821 12 0.0
0.28002 0.905932 0.529029 6 0.0
0.306804 0.926435 0.539686 6 0.0
0.267411 0.895001 0.581745 6 0.0
0.253235 0.885429 0.518371 6 0.0
0.292629 0.916862 0.476312 6 0.0
0.792262 0.847954 0.431536 16 0.0
0.787867 0.854548 0.433701 16 0.0
0.793401 0.845533 0.441218 16 0.0
0.796657 0.84136 0.429371 16 0.0
0.791124 0.850374 0.421853 16 0.0
0.241102 0.884592 0.247215 13 1.0
0.853362 0.683916 0.641816 12 0.0
0.851028 0.691377 0.607247 12 0.0
0.849232 0.711534 0.648056 12 0.0
0.855696 0.676455 0.676386 12 0.0
0.857492 0.656298 0.635577 12 0.0
0.226923 0.857658 0.507621 6 0.0
0.238953 0.871082 0.503902 6 0.0
0.232366 0.864413 0.549618 6 0.0
0.214892 0.844234 0.511339 6 0.0
0.22148 0.850902 0.465624 6 0.0
0.827874 0.790807 0.564858 12 0.0
0.821017 0.804943 0.552621 12 0.0
0.820782 0.80588 0.586243 12 0.0
0.834731 0.776672 0.577096 12 0.0
0.834967 0.775735 0.543474 12 0.0
0.273218 0.903436 0.391279 12 0.0
0.291188 0.920407 0.436603 12 0.0
0.25679 0.891336 0.402323 12 0.0
0.255248 0.886465 0.345954 12 0.0
0.289646 0.915536 0.380234 12 0.0
0.8366 0.769383 0.690524 10 0.0
0.829746 0.785948 0.690016 10 0.0
0.837609 0.770394 0.709901 10 0.0
0.843454 0.752817 0.691032 10 0.0
0.835591 0.768371 0.671148 10 0.0
0.772598 0.872174 0.528851 12 0.0
0.762028 0.884445 0.532153 12 0.0
0.776043 0.86742 0.55755 12 0.0
0.783168 0.859903 0.52555 12 0.0
0.769153 0.876928 0.500152 12 0.0
0.487353 0.993512 0.63404 12 0.0
0.508102 0.993985 0.634541 12 0.0
0.486446 0.994378 0.670735 12 0.0
0.466604 0.993039 0.633538 12 0.0
0.488259 0.992646 0.597344 12 0.0
0.702432 0.929578 0.433366 12 0.0
0.687595 0.93948 0.433643 12 0.0
0.702894 0.929098 0.475386 12 0.0
0.717268 0.919675 0.43309 12 0.0
0.701969 0.930057 0.391346 12 0.0
0.721341 0.922208 0.248444 13 1.0
0.216506 0.849787 0.690862 6 0.0
0.23439 0.873245 0.693121 6 0.0
0.215555 0.848719 0.709481 6 0.0
0.198621 0.826328 0.688604 6 0.0
0.217457 0.850854 0.672244 6 0.0
0.596404 0.001715 0.405958 5 0.834737
0.577018 0.003115 0.621587 2 1.0
0.648963 0.000136 0.488094 5 1.0
0.595272 0.004464 0.607641 5 1.0
0.170525 0.366819 0.753207 3 0.0
0.710582 0.511732 0.245372 7 0.999999
0.840225 0.71414 0.482387 12 0.0
0.836527 0.73059 0.482424 12 0.0
0.840758 0.714143 0.533384 12 0.0
0.843924 0.69769 0.482349 12 0.0
0.839693 0.714138 0.43139 12 0.0
0.31562 0.668696 0.246311 7 0.999998
0.514588 0.99461 0.325081 12 1e-06
0.493895 0.994932 0.325776 12 1e-06
0.51543 0.993456 0.350683 12 1e-06
0.53528 0.994289 0.324385 12 1e-06
0.513745 0.995765 0.299479 12 1e-06
0.368727 0.971723 0.439933 12 0.0
0.371374 0.97269 0.378471 12 0.0
0.388516 0.979124 0.440902 12 0.0
0.366081 0.970756 0.501396 12 0.0
0.348938 0.964322 0.438965 12 0.0
0.655721 0.953414 0.375639 12 0.0
0.636951 0.962557 0.373005 12 0.0
0.650238 0.953793 0.416035 12 0.0
0.674492 0.944271 0.378273 12 0.0
0.661205 0.953035 0.335243 12 0.0
0.828373 0.774974 0.749722 3 1.0
0.657618 0.414915 0.753561 7 0.999945
0.696817 0.479298 0.744707 7 0.019183
0.646599 0.002405 0.53889 5 1.0
0.477506 0.777047 0.244493 7 0.999995
0.638279 -0.002565 0.50239 5 1.0
0.838799 0.749966 0.745831 3 1.0
0.479744 0.984959 0.422529 12 0.0
0.456024 0.983571 0.421785 12 0.0
0.478226 0.98429 0.47223 12 0.0
0.503464 0.986347 0.423272 12 0.0
0.481262 0.985628 0.372827 12 0.0
0.170781 0.78732 0.281388 12 0.999961
0.836141 0.714888 0.359161 16 0.0
0.83263 0.725937 0.365475 16 0.0
0.835299 0.695393 0.392806 16 0.0
0.839652 0.703839 0.352847 16 0.0
0.836983 0.734383 0.325515 16 0.0
0.847154 0.716218 0.44214 12 0.0
0.685612 0.941879 0.515125 12 0.0
0.668833 0.951886 0.514792 12 0.0
0.684495 0.94179 0.56885 12 0.0
0.702391 0.931872 0.515457 12 0.0
0.68673 0.941967 0.461399 12 0.0
0.841917 0.002761 0.494851 1 0.0
0.724348 0.606673 0.749716 11 1e-06
0.853984 0.458784 0.252112 13 1.0
0.723157 0.914823 0.496836 12 0.0
0.711045 0.923969 0.496534 12 0.0
0.722391 0.915387 0.544628 12 0.0
0.735269 0.905677 0.497138 12 0.0
0.723924 0.91426 0.449043 12 0.0
0.805945 -0.000214 0.435828 1 0.0
0.785696 -0.00113 0.436267 1 0.0
0.807222 -0.000129 0.494903 1 0.0
0.826194 0.000702 0.435389 1 0.0
0.804669 -0.0003 0.376753 1 0.0
0.716653 0.925944 0.624955 12 0.0
0.701916 0.936354 0.634199 12 0.0
0.724548 0.918897 0.645475 12 0.0
0.731391 0.915534 0.61571 12 0.0
0.708758 0.932991 0.604434 12 0.0
0.221609 0.825064 0.404984 12 0.0
0.235469 0.842551 0.405394 12 0.0
0.223844 0.822423 0.442094 12 0.0
0.207749 0.807577 0.404574 12 0.0
0.219374 0.827705 0.367874 12 0.0
0.8289 0.723888 0.3358 16 0.0
0.828361 0.745581 0.312357 16 0.0
0.821436 0.737162 0.348255 16 0.0
0.829438 0.702194 0.359243 16 0.0
0.836364 0.710613 0.323345 16 0.0
0.272782 0.9103 0.570815 6 0.0
0.290367 0.924619 0.576403 6 0.0
0.262034 0.901348 0.627574 6 0.0
0.255196 0.895981 0.565226 6 0.0
0.283529 0.919253 0.514056 6 0.0
0.185482 0.775214 0.596096 12 0.0
0.191437 0.787104 0.624687 12 0.0
0.175956 0.754938 0.606513 12 0.0
0.179526 0.763324 0.567506 12 0.0
0.195007 0.79549 0.58568 12 0.0
0.224388 0.860081 0.481131 12 0.0
0.236928 0.875276 0.481783 12 0.0
0.226281 0.856816 0.520825 12 0.0
0.211848 0.844885 0.48048 12 0.0
0.222495 0.863345 0.441437 12 0.0
0.476394 0.992328 0.619488 12 0.0
0.497311 0.993348 0.620093 12 0.0
0.475159 0.993172 0.660733 12 0.0
0.455477 0.991307 0.618883 12 0.0
0.477629 0.991483 0.578243 12 0.0
0.703686 0.929218 0.360229 12 0.0
0.686912 0.940989 0.359206 12 0.0
0.701163 0.928696 0.395576 12 0.0
0.72046 0.917448 0.361253 12 0.0
0.706209 0.929741 0.324883 12 0.0
0.216074 0.850012 0.656367 6 0.0
0.233421 0.873429 0.656684 6 0.0
0.215743 0.849844 0.686913 6 0.0
0.198727 0.826594 0.656051 6 0.0
0.216405 0.850179 0.625822 6 0.0
0.244234 0.884406 0.633186 6 0.0
0.26214 0.903112 0.640727 6 0.0
0.236544 0.876593 0.670825 6 0.0
0.226328 0.865699 0.625645 6 0.0
0.251924 0.892218 0.595546 6 0.0
0.50076 0.001393 0.351349 5 0.999967
0.328236 0.94593 0.674961 6 0.0
0.337444 0.950292 0.664889 6 0.0
0.346699 0.957717 0.696944 6 0.0
0.319029 0.941568 0.685033 6 0.0
0.309774 0.934144 0.652978 6 0.0
0.401082 0.366895 0.246966 7 0.999589
0.31873 0.442685 0.249566 14 1.0
0.587773 -0.000974 0.620802 5 1.0
0.679422 0.94884 0.250745 13 1.0
0.344835 0.409006 0.241052 14 0.999928
0.303026 0.934601 0.564779 6 0.0
0.319638 0.945953 0.553406 6 0.0
0.3113 0.938367 0.580623 6 0.0
0.286414 0.923249 0.576152 6 0.0
0.294752 0.930835 0.548935 6 0.0
0.163894 0.704899 0.48165 12 0.0
0.169415 0.727966 0.488898 12 0.0
0.162506 0.694287 0.516477 12 0.0
0.158373 0.681831 0.474401 12 0.0
0.165282 0.715511 0.446822 12 0.0
0.851898 0.703601 0.418135 12 0.0
0.847782 0.724096 0.420353 12 0.0
0.853612 0.699208 0.461918 12 0.0
0.856013 0.683107 0.415918 12 0.0
0.850183 0.707994 0.374353 12 0.0
0.439888 0.766481 0.748864 7 0.999994
0.807452 0.822553 0.68244 12 0.0
0.79754 0.836352 0.667029 12 0.0
0.801215 0.835293 0.697857 12 0.0
0.817364 0.808755 0.697851 12 0.0
0.81369 0.809814 0.667022 12 0.0
0.638877 0.967302 0.316657 12 1.7e-05
0.619372 0.975189 0.318444 12 1.7e-05
0.640139 0.965326 0.339152 12 1.7e-05
0.658382 0.959415 0.31487 12 1.7e-05
0.637616 0.969279 0.294161 12 1.7e-05
0.542984 0.988228 0.449882 12 0.0
0.55666 0.986554 0.448923 12 0.0
0.546226 0.989401 0.494077 12 0.0
0.529308 0.989902 0.450841 12 0.0
0.539742 0.987055 0.405687 12 0.0
0.152488 0.680498 0.249968 13 1.0
0.350177 0.704855 0.261669 7 0.999999
0.865066 0.616809 0.245681 13 1.0
0.860262 0.677038 0.251639 9 1.0
0.848094 0.274094 0.749084 3 0.008872
0.438184 0.004075 0.370304 5 1.0
0.190748 0.814096 0.356087 12 0.0
0.202166 0.833657 0.355378 12 0.0
0.193153 0.81393 0.390257 12 0.0
0.17933 0.794535 0.356796 12 0.0
0.188343 0.814262 0.321918 12 0.0
0.474088 0.355769 0.345733 7 0.0
0.804573 0.792873 0.440144 12 0.0
0.707265 0.916527 0.660878 12 0.0
0.696576 0.927173 0.67483 12 0.0
0.728433 0.90413 0.686555 12 0.0
0.717955 0.905881 0.646926 12 0.0
0.686098 0.928924 0.635202 12 0.0
0.796321 0.842448 0.295687 16 0.051636
0.79067 0.849889 0.30208 16 0.051636
0.801219 0.833564 0.310355 16 0.051636
0.801971 0.835008 0.289293 16 0.051636
0.791423 0.851332 0.281018 16 0.051636
0.464221 0.0004 0.647696 5 0.999997
0.35476 0.954042 0.702077 6 0.0
0.350229 0.953858 0.712977 6 0.0
0.329037 0.941673 0.691174 6 0.0
0.359291 0.954226 0.691178 6 0.0
0.380483 0.966411 0.712981 6 0.0
0.847218 0.718032 0.314309 16 0.000179
0.841111 0.744849 0.296993 16 0.000179
0.844849 0.725248 0.32632 16 0.000179
0.853324 0.691215 0.331626 16 0.000179
0.849586 0.710816 0.302299 16 0.000179
0.279411 0.909113 0.557479 6 0.0
0.303604 0.929586 0.565084 6 0.0
0.266621 0.901709 0.618098 6 0.0
0.255218 0.888639 0.549874 6 0.0
0.292201 0.916516 0.49686 6 0.0
0.78453 0.85389 0.454412 12 0.0
0.774516 0.86657 0.456361 12 0.0
0.787692 0.850825 0.490586 12 0.0
0.794544 0.84121 0.452462 12 0.0
0.781368 0.856954 0.418237 12 0.0
0.803232 0.811034 0.390953 12 0.0
0.794276 0.826842 0.395775 12 0.0
0.806585 0.800826 0.43064 12 0.0
0.812188 0.795226 0.386131 12 0.0
0.799879 0.821241 0.351266 12 0.0
0.830904 0.7048 0.613994 12 0.0
0.828236 0.715477 0.588004 12 0.0
0.82339 0.731809 0.625861 12 0.0
0.833572 0.694124 0.639983 12 0.0
0.838418 0.677792 0.602127 12 0.0
0.826916 0.782263 0.577727 12 0.0
0.820101 0.796506 0.567522 12 0.0
0.819877 0.79616 0.601824 12 0.0
0.833731 0.768019 0.587933 12 0.0
0.833954 0.768365 0.553631 12 0.0
0.272265 0.903645 0.397046 12 0.0
0.285788 0.918722 0.444951 12 0.0
0.253588 0.890453 0.406471 12 0.0
0.258742 0.888569 0.349141 12 0.0
0.290942 0.916838 0.387622 12 0.0
0.532733 0.994139 0.682496 12 0.0
0.54504 0.992046 0.675103 12 0.0
0.545341 0.99307 0.703787 12 0.0
0.520425 0.996232 0.68989 12 0.0
0.520124 0.995208 0.661206 12 0.0
0.77615 0.868748 0.546583 12 0.0
0.768394 0.877552 0.548048 12 0.0
0.77848 0.865171 0.58042 12 0.0
0.783906 0.859945 0.545119 12 0.0
0.77382 0.872326 0.512747 12 0.0
0.758286 0.828121 0.361085 9 1e-06
0.734042 0.850887 0.362736 9 1e-06
0.755373 0.822692 0.393181 9 1e-06
0.78253 0.805354 0.359434 9 1e-06
0.761198 0.83355 0.328989 9 1e-06
0.540021 0.990946 0.747415 3 0.999092
0.709328 0.920709 0.439933 12 0.0
0.691884 0.933282 0.440844 12 0.0
0.711524 0.919905 0.493055 12 0.0
0.726773 0.908136 0.439021 12 0.0
0.707132 0.921514 0.386811 12 0.0
0.152386 0.716431 0.41493 12 0.0
0.158038 0.739227 0.419333 12 0.0
0.150705 0.706566 0.468164 12 0.0
0.146734 0.693635 0.410528 12 0.0
0.154067 0.726296 0.361697 12 0.0
0.829544 0.781228 0.471784 10 0.0
0.823108 0.796255 0.459423 10 0.0
0.823111 0.791548 0.48768 10 0.0
0.83598 0.7662 0.484145 10 0.0
0.835977 0.770907 0.455889 10 0.0
0.735013 0.904919 0.605324 12 0.0
0.719415 0.918392 0.610701 12 0.0
0.740573 0.900079 0.633581 12 0.0
0.750612 0.891447 0.599947 12 0.0
0.729454 0.90976 0.577067 12 0.0
0.408489 0.984389 0.344507 12 0.0
0.412283 0.984333 0.312582 12 0.0
0.4268 0.989289 0.346675 12 0.0
0.404695 0.984445 0.376433 12 0.0
0.390178 0.979489 0.34234 12 0.0
0.141632 -0.00589 0.365484 1 1.0
0.622483 0.966772 0.44192 12 0.0
0.608131 0.971635 0.440152 12 0.0
0.619538 0.968093 0.46945 12 0.0
0.636835 0.96191 0.443689 12 0.0
0.625428 0.965451 0.41439 12 0.0
0.201967 0.828964 0.647705 6 0.0
0.214038 0.847347 0.648112 6 0.0
0.199432 0.829909 0.680158 6 0.0
0.189896 0.81058 0.647298 6 0.0
0.204502 0.828018 0.615252 6 0.0
0.403274 0.797566 0.749425 3 0.867433
0.183347 0.705249 0.487262 12 0.0
0.189078 0.733141 0.493553 12 0.0
0.180125 0.695863 0.531814 12 0.0
0.177616 0.677358 0.480971 12 0.0
0.186569 0.714636 0.44271 12 0.0
0.63378 -0.002135 0.528535 5 0.998086
0.145048 0.002211 0.598693 1 8.2e-05
0.603636 0.004578 0.407383 5 0.999967
0.36784 0.962379 0.372809 10 0.0
0.360231 0.003251 0.457633 5 1.0
0.861461 0.660597 0.247869 13 1.0
0.516524 0.99414 0.433054 12 0.0
0.497875 0.995145 0.43335 12 0.0
0.517414 0.993437 0.491381 12 0.0
0.535173 0.993135 0.432757 12 0.0
0.515634 0.994843 0.374727 12 0.0
0.518165 0.993492 0.582135 12 0.0
0.541658 0.992496 0.58145 12 0.0
0.519691 0.99273 0.635587 12 0.0
0.494672 0.994489 0.58282 12 0.0
0.516639 0.994255 0.528684 12 0.0
0.639539 8.4e-05 0.259009 1 1.0
0.849689 0.466929 0.252316 13 1.0
0.511743 0.003812 0.261027 1 1.0
0.135346 0.611365 0.251242 13 0.679366
0.718776 0.920077 0.709561 12 0.0
0.69973 0.934959 0.715973 12 0.0
0.72212 0.918907 0.722209 12 0.0
0.737823 0.905196 0.703148 12 0.0
0.715432 0.921248 0.696912 12 0.0
0.19471 0.813832 0.41423 12 0.0
0.202251 0.826769 0.414661 12 0.0
0.194192 0.812831 0.453316 12 0.0
0.187169 0.800895 0.413799 12 0.0
0.195228 0.814833 0.375144 12 0.0
0.670473 0.952776 0.250929 13 0.999999
0.867803 0.080615 0.750083 3 0.999999
0.279451 0.905913 0.532082 6 0.0
0.306932 0.92795 0.544412 6 0.0
0.266883 0.896301 0.577276 6 0.0
0.251971 0.883876 0.519753 6 0.0
0.29202 0.915525 0.486889 6 0.0
0.278384 0.904271 0.438545 12 0.0
0.298042 0.921447 0.499218 12 0.0
0.257004 0.887904 0.450105 12 0.0
0.258726 0.887094 0.377872 12 0.0
0.299764 0.920637 0.426984 12 0.0
0.778644 0.861767 0.566711 12 0.0
0.766674 0.875713 0.568409 12 0.0
0.780447 0.859603 0.597184 12 0.0
0.790615 0.847821 0.565012 12 0.0
0.776842 0.863931 0.536238 12 0.0
0.686983 0.918668 0.392098 12 0.0
0.16532 0.766183 0.411259 12 0.0
0.17471 0.788722 0.411396 12 0.0
0.166656 0.765317 0.462364 12 0.0
0.155931 0.743644 0.411123 12 0.0
0.163985 0.767049 0.360155 12 0.0
0.294739 0.926731 0.492586 12 0.0
0.317496 0.942486 0.493031 12 0.0
0.294268 0.925178 0.571733 12 0.0
0.271982 0.910977 0.492141 12 0.0
0.295211 0.928285 0.413439 12 0.0
0.513343 0.995331 0.25097 13 1.0
0.824462 0.77985 0.426251 12 0.0
0.817515 0.794369 0.413204 12 0.0
0.817406 0.792606 0.444205 12 0.0
0.83141 0.76533 0.439298 12 0.0
0.831519 0.767093 0.408297 12 0.0
0.715563 0.924509 0.249958 13 1.0
0.153917 0.73483 0.582693 12 0.0
0.15977 0.755377 0.583562 12 0.0
0.152685 0.733007 0.634062 12 0.0
0.148063 0.714283 0.581823 12 0.0
0.155148 0.736653 0.531324 12 0.0
0.206342 0.842243 0.679153 6 0.0
0.219726 0.861219 0.680664 6 0.0
0.204963 0.841379 0.702209 6 0.0
0.192958 0.823267 0.677641 6 0.0
0.207722 0.843106 0.656097 6 0.0
0.709556 0.929943 0.250507 13 1.0
0.251911 0.89109 0.590068 6 0.0
0.272651 0.910596 0.5958 6 0.0
0.244191 0.884512 0.64039 6 0.0
0.23117 0.871585 0.584337 6 0.0
0.25963 0.897669 0.539746 6 0.0
0.318587 0.665566 0.253246 7 1.0
0.1518 0.71679 0.349414 12 0.0
0.157525 0.738921 0.359804 12 0.0
0.149328 0.70287 0.380425 12 0.0
0.146075 0.694659 0.339024 12 0.0
0.154272 0.73071 0.318404 12 0.0
0.853723 0.675579 0.38183 12 0.0
0.848758 0.702689 0.392446 12 0.0
0.855024 0.661354 0.418769 12 0.0
0.858688 0.648469 0.371215 12 0.0
0.852422 0.689805 0.344892 12 0.0
0.145258 0.001839 0.619312 1 0.023373
0.635053 0.961721 0.409744 12 0.0
0.718788 0.580091 0.246681 8 0.999873
0.484689 0.002584 0.351466 2 0.385067
0.690216 0.458355 0.246229 7 0.999305
0.288978 0.586201 0.747319 7 0.999939
0.312485 0.453074 0.245935 7 0.821114
0.143112 -8.4e-05 0.545937 1 5e-06
0.623793 -0.001709 0.451507 5 0.993162
0.626143 0.952639 0.328372 16 0.998573
0.602033 0.962993 0.329201 16 0.998573
0.623717 0.944905 0.354412 16 0.998573
0.650253 0.942285 0.327543 16 0.998573
0.628569 0.960372 0.302333 16 0.998573
0.169487 0.001589 0.253234 1 1.0
0.371292 0.002584 0.44054 5 0.854122
0.84367 0.474637 0.256322 13 1.0
0.449039 0.991466 0.638604 12 0.0
0.466391 0.99371 0.638469 12 0.0
0.449234 0.992104 0.674146 12 0.0
0.431687 0.989223 0.63874 12 0.0
0.448844 0.990829 0.603062 12 0.0
0.826513 0.001021 0.479615 1 0.0
0.837917 0.006293 0.534849 1 0.0
0.483587 0.997285 0.502521 12 0.0
0.503819 0.998068 0.503166 12 0.0
0.482622 0.997047 0.533094 12 0.0
0.463355 0.996503 0.501876 12 0.0
0.484552 0.997524 0.471949 12 0.0
0.857313 0.460661 0.254285 13 1.0
0.864868 0.473827 0.250071 13 1.0
0.698164 0.916476 0.656254 12 0.0
0.678051 0.930004 0.670319 12 0.0
0.708275 0.910859 0.676117 12 0.0
0.718277 0.902949 0.642189 12 0.0
0.688052 0.922094 0.636391 12 0.0
0.290354 0.896639 0.739783 3 0.066266
0.488796 0.992975 0.470701 12 0.0
0.470398 0.992052 0.470966 12 0.0
0.48953 0.994117 0.525703 12 0.0
0.507193 0.993898 0.470436 12 0.0
0.488061 0.991833 0.415699 12 0.0
0.273386 0.905846 0.557127 6 0.0
0.293241 0.922159 0.565353 6 0.0
0.258284 0.893617 0.617834 6 0.0
0.253532 0.889533 0.548902 6 0.0
0.288489 0.918076 0.496421 6 0.0
0.777317 0.866084 0.608695 12 0.0
0.768689 0.876765 0.61545 12 0.0
0.78344 0.859467 0.626977 12 0.0
0.785945 0.855402 0.60194 12 0.0
0.771195 0.8727 0.590413 12 0.0
0.531308 0.989984 0.684332 12 0.0
0.548629 0.987015 0.673948 12 0.0
0.542792 0.990962 0.703205 12 0.0
0.513988 0.992954 0.694717 12 0.0
0.519825 0.989006 0.665459 12 0.0
0.663018 0.95247 0.745303 3 1.0
0.252394 0.891539 0.692956 6 0.0
0.271198 0.90962 0.695065 6 0.0
0.249818 0.891911 0.712723 6 0.0
0.23359 0.873457 0.690847 6 0.0
0.254969 0.891166 0.67319 6 0.0
0.504954 0.995046 0.630668 12 0.0
0.529036 0.995407 0.631645 12 0.0
0.503361 0.994907 0.66997 12 0.0
0.480872 0.994686 0.629691 12 0.0
0.506546 0.995186 0.591366 12 0.0
0.17518 0.718673 0.74505 3 0.999961
0.169004 0.720855 0.742335 3 0.999961
0.181064 0.739656 0.748535 3 0.999961
0.181356 0.71649 0.747764 3 0.999961
0.169297 0.697689 0.741564 3 0.999961
0.707278 0.931551 0.396356 12 0.0
0.694553 0.940516 0.395695 12 0.0
0.70543 0.932522 0.445158 12 0.0
0.720004 0.922586 0.397016 12 0.0
0.709126 0.93058 0.347553 12 0.0
0.829755 0.680377 0.573933 12 0.0
0.823591 0.696242 0.529057 12 0.0
0.828092 0.697087 0.580069 12 0.0
0.835918 0.664513 0.618809 12 0.0
0.831418 0.663667 0.567797 12 0.0
0.168384 0.743002 0.561565 12 0.0
0.175514 0.764108 0.562296 12 0.0
0.166773 0.741591 0.618023 12 0.0
0.161253 0.721897 0.560834 12 0.0
0.169995 0.744414 0.505107 12 0.0
0.256173 -0.000111 0.739714 1 9e-06
0.636251 0.004419 0.470261 2 0.943613
0.251656 0.889958 0.649647 6 0.0
0.272462 0.909899 0.655684 6 0.0
0.246397 0.885474 0.682581 6 0.0
0.23085 0.870017 0.643609 6 0.0
0.256915 0.894442 0.616712 6 0.0
0.571293 0.982096 0.464549 12 0.0
0.396313 0.981995 0.392314 12 0.0
0.400781 0.983733 0.348955 12 0.0
0.411936 0.986318 0.394098 12 0.0
0.391844 0.980258 0.435673 12 0.0
0.380689 0.977673 0.390531 12 0.0
0.832237 0.702719 0.383017 12 0.0
0.827336 0.722972 0.387297 12 0.0
0.83232 0.695147 0.418949 12 0.0
0.837137 0.682465 0.378738 12 0.0
0.832153 0.710291 0.347085 12 0.0
0.850917 -0.003488 0.7545 3 1.0
0.859099 -0.002487 0.753097 3 1.0
0.851803 -0.005311 0.758362 3 1.0
0.842735 -0.004488 0.755904 3 1.0
0.850031 -0.001664 0.750639 3 1.0
0.613336 0.961476 0.432632 12 0.0
0.599304 0.966654 0.432751 12 0.0
0.613547 0.961268 0.466723 12 0.0
0.627368 0.956297 0.432514 12 0.0
0.613125 0.961683 0.398542 12 0.0
0.205331 0.836906 0.639029 6 0.0
0.219056 0.856538 0.639712 6 0.0
0.204213 0.836472 0.673976 6 0.0
0.191605 0.817275 0.638346 6 0.0
0.206448 0.837341 0.604081 6 0.0
0.645257 0.744655 0.747136 11 0.001165
0.341785 0.413414 0.244912 14 0.626548
0.28221 0.914796 0.419315 12 0.0
0.290873 0.925579 0.475486 12 0.0
0.261829 0.900967 0.425113 12 0.0
0.273547 0.904013 0.363144 12 0.0
0.302591 0.928624 0.413517 12 0.0
0.847841 0.732711 0.469028 10 0.0
0.843498 0.749076 0.469368 10 0.0
0.847584 0.731737 0.512606 10 0.0
0.852185 0.716346 0.468688 10 0.0
0.848099 0.733685 0.425451 10 0.0
0.470461 0.992191 0.248284 13 1.0
0.380491 0.740625 0.754561 7 0.999993
0.661444 0.957565 0.320597 12 0.00014
0.64128 0.967315 0.322084 12 0.00014
0.662503 0.956027 0.345026 12 0.00014
0.681609 0.947814 0.31911 12 0.00014
0.660386 0.959102 0.296168 12 0.00014
0.362904 0.957467 0.745246 3 0.999995
0.468168 0.775769 0.751732 7 1.0
0.181676 0.35127 0.75271 3 0.0
0.330689 0.950367 0.357102 12 0.0
0.342582 0.954519 0.336767 12 0.0
0.338064 0.953871 0.36213 12 0.0
0.318795 0.946216 0.377437 12 0.0
0.323314 0.946864 0.352073 12 0.0
0.148112 0.450799 0.749619 3 1.0
0.485286 0.776792 0.752225 7 1.0
0.764787 0.876606 0.588899 12 0.0
0.752173 0.890028 0.589425 12 0.0
0.766511 0.87619 0.640837 12 0.0
0.777402 0.863184 0.588373 12 0.0
0.763064 0.877021 0.536961 12 0.0
0.468283 0.992683 0.547174 12 0.0
0.487667 0.994365 0.547937 12 0.0
0.465761 0.992761 0.611119 12 0.0
0.448899 0.991001 0.546412 12 0.0
0.470806 0.992604 0.48323 12 0.0
0.139606 0.565069 0.750244 3 0.999025
0.137302 0.101393 0.752808 3 1.0
0.781956 -0.000982 0.257596 1 0.999999
0.716726 0.923697 0.682545 12 0.0
0.702388 0.934864 0.692361 12 0.0
0.726077 0.917546 0.703201 12 0.0
0.731064 0.91253 0.672728 12 0.0
0.707375 0.929849 0.661888 12 0.0
0.48054 0.992417 0.56073 12 0.0
0.503317 0.993748 0.561084 12 0.0
0.479773 0.992781 0.608668 12 0.0
0.457763 0.991087 0.560376 12 0.0
0.481307 0.992053 0.512793 12 0.0
0.703728 0.932921 0.437403 12 0.0
0.685935 0.945321 0.43625 12 0.0
0.701674 0.934213 0.48298 12 0.0
0.721521 0.920521 0.438556 12 0.0
0.705781 0.931629 0.391825 12 0.0
0.839073 0.712885 0.560955 12 0.0
0.837373 0.720558 0.524983 12 0.0
0.834273 0.731856 0.565228 12 0.0
0.840772 0.705213 0.596928 12 0.0
0.843872 0.693914 0.556682 12 0.0
0.150536 0.718278 0.407541 12 0.0
0.155108 0.736336 0.415858 12 0.0
0.147355 0.705492 0.43705 12 0.0
0.145964 0.700221 0.399224 12 0.0
0.153718 0.731065 0.378032 12 0.0
0.165727 0.766683 0.373235 12 0.0
0.175184 0.789304 0.374962 12 0.0
0.166065 0.763518 0.412849 12 0.0
0.156271 0.744062 0.371508 12 0.0
0.16539 0.769848 0.333621 12 0.0
0.866908 0.009826 0.628276 12 0.033357
0.151882 0.725695 0.561339 12 0.0
0.157113 0.744097 0.569717 12 0.0
0.149504 0.714841 0.586666 12 0.0
0.14665 0.707294 0.552961 12 0.0
0.154259 0.73655 0.536012 12 0.0
0.538086 0.006008 0.638985 2 0.999386
0.154498 0.733523 0.357003 12 0.0
0.161045 0.754117 0.364733 12 0.0
0.151956 0.72176 0.390494 12 0.0
0.14795 0.712929 0.349273 12 0.0
0.15704 0.745286 0.323511 12 0.0
0.555907 -0.000378 0.636378 2 0.999183
0.571465 0.982816 0.480741 12 0.0
0.571904 0.986819 0.250839 13 1.0
0.711961 0.596436 0.243199 7 0.999999
0.358859 0.396606 0.245587 14 0.987795
0.28068 0.909369 0.397328 12 0.0
0.300113 0.922329 0.431875 12 0.0
0.261553 0.892019 0.414595 12 0.0
0.261246 0.896409 0.36278 12 0.0
0.299806 0.926719 0.38006 12 0.0
0.145434 0.710275 0.509643 12 0.0
0.148438 0.724857 0.515959 12 0.0
0.142848 0.699442 0.535885 12 0.0
0.142429 0.695694 0.503328 12 0.0
0.148019 0.721108 0.483402 12 0.0
0.829911 0.676039 0.467431 12 0.0
0.826265 0.705625 0.465934 12 0.0
0.82981 0.67834 0.51318 12 0.0
0.833558 0.646452 0.468927 12 0.0
0.830013 0.673737 0.421681 12 0.0
0.660583 0.954763 0.324719 12 2e-06
0.640713 0.964289 0.324695 12 2e-06
0.65974 0.953067 0.349313 12 2e-06
0.680453 0.945237 0.324743 12 2e-06
0.661425 0.95646 0.300125 12 2e-06
0.865475 0.610805 0.248904 13 1.0
0.134402 0.166486 0.750505 3 1.0
0.167615 0.59662 0.25197 13 0.00015
0.590855 0.337116 0.747932 11 0.347944
0.523539 0.002307 0.638568 5 0.999999
0.316575 0.921541 0.407682 12 0.0
0.329344 0.927499 0.40069 12 0.0
0.330484 0.927715 0.438346 12 0.0
0.303806 0.915583 0.414673 12 0.0
0.302666 0.915367 0.377017 12 0.0
0.866563 0.002601 0.68861 1 0.999985
0.166583 0.690419 0.74883 3 0.998479
0.168209 0.701889 0.751366 3 0.998479
0.159139 0.691239 0.749898 3 0.998479
0.164957 0.67895 0.746294 3 0.998479
0.174026 0.6896 0.747762 3 0.998479
0.517256 0.991804 0.396872 12 0.0
0.49705 0.992945 0.398425 12 0.0
0.520718 0.991195 0.442349 12 0.0
0.537462 0.990663 0.395318 12 0.0
0.513794 0.992413 0.351395 12 0.0
0.513768 0.993884 0.641224 12 0.0
0.536709 0.993743 0.641445 12 0.0
0.513435 0.994535 0.676264 12 0.0
0.490826 0.994024 0.641004 12 0.0
0.5141 0.993232 0.606185 12 0.0
0.452751 0.993077 0.415226 12 0.0
0.471403 0.995117 0.415069 12 0.0
0.453127 0.993588 0.466709 12 0.0
0.434098 0.991037 0.415382 12 0.0
0.452374 0.992566 0.363742 12 0.0
0.84703 0.012998 0.579877 1 0.000205
0.863636 0.397506 0.719898 12 0.0
0.427991 0.986781 0.512987 12 0.0
0.444971 0.990475 0.514237 12 0.0
0.424691 0.986892 0.557501 12 0.0
0.411011 0.983087 0.511738 12 0.0
0.431291 0.98667 0.468473 12 0.0
0.81638 0.000515 0.401738 1 0.0
0.83361 0.000999 0.402486 1 0.0
0.81428 0.000977 0.449809 1 0.0
0.799151 3e-05 0.40099 1 0.0
0.818481 5.2e-05 0.353667 1 0.0
0.865265 0.31251 0.716865 12 0.0
0.725057 0.911893 0.669886 12 0.0
0.708554 0.926414 0.681811 12 0.0
0.736434 0.904565 0.694553 12 0.0
0.74156 0.897371 0.65796 12 0.0
0.71368 0.919221 0.645219 12 0.0
0.833002 0.765157 0.396972 12 0.0
0.831531 0.77032 0.351856 12 0.0
0.824831 0.785159 0.399527 12 0.0
0.834473 0.759995 0.442087 12 0.0
0.841174 0.745155 0.394416 12 0.0
0.604636 0.980729 0.749956 3 0.999999
0.601631 0.975327 0.746877 3 0.99998
0.780255 0.860923 0.538419 12 0.0
0.769344 0.874115 0.542441 12 0.0
0.784981 0.854677 0.571722 12 0.0
0.791165 0.847732 0.534396 12 0.0
0.775528 0.867169 0.505115 12 0.0
0.773951 0.833362 0.36885 12 0.0
0.757651 0.85348 0.371853 12 0.0
0.776408 0.830095 0.404079 12 0.0
0.79025 0.813245 0.365847 12 0.0
0.771493 0.83663 0.333621 12 0.0
0.45374 0.988452 0.640663 12 0.0
0.473015 0.99017 0.64046 12 0.0
0.453918 0.990106 0.67157 12 0.0
0.434466 0.986733 0.640866 12 0.0
0.453562 0.986798 0.609757 12 0.0
0.71193 0.928249 0.38916 12 0.0
0.701793 0.93563 0.388503 12 0.0
0.709855 0.928827 0.427613 12 0.0
0.722067 0.920868 0.389818 12 0.0
0.714004 0.927671 0.350708 12 0.0
0.851006 0.709684 0.574674 12 0.0
0.850961 0.711133 0.519496 12 0.0
0.847101 0.728953 0.575184 12 0.0
0.851051 0.708234 0.629852 12 0.0
0.854911 0.690414 0.574165 12 0.0
0.211546 0.851655 0.25033 13 1.0
0.290225 0.922231 0.473571 12 0.0
0.314649 0.939954 0.473991 12 0.0
0.290117 0.920648 0.546712 12 0.0
0.265801 0.904509 0.473151 12 0.0
0.290333 0.923815 0.40043 12 0.0
0.718416 0.890111 0.407003 12 0.0
0.69767 0.906196 0.406003 12 0.0
0.716568 0.889954 0.442831 12 0.0
0.739162 0.874027 0.408002 12 0.0
0.720264 0.890268 0.371175 12 0.0
0.149306 0.703544 0.25182 13 1.0
0.826937 0.779433 0.378017 12 0.0
0.816149 0.801084 0.379732 12 0.0
0.826784 0.776186 0.418038 12 0.0
0.837725 0.757782 0.376302 12 0.0
0.82709 0.78268 0.337996 12 0.0
0.725151 0.898355 0.566019 12 0.0
0.707633 0.911669 0.573442 12 0.0
0.731091 0.893229 0.589233 12 0.0
0.742669 0.885041 0.558596 12 0.0
0.719211 0.903481 0.542805 12 0.0
0.487533 0.006671 0.748611 3 1.0
0.642019 -5e-06 0.453343 2 0.999998
0.647349 0.964527 0.746897 4 1.0
0.653868 0.955974 0.457092 12 0.0
0.639142 0.962661 0.456665 12 0.0
0.652742 0.95625 0.500284 12 0.0
0.668594 0.949286 0.457518 12 0.0
0.654993 0.955698 0.4139 12 0.0
0.298863 0.633464 0.747613 7 0.021047
0.154104 0.50796 0.746322 3 3e-06
0.62075 0.002397 0.430672 5 0.937743
0.368584 0.733035 0.754762 7 0.999998
0.160345 0.298557 0.74154 3 0.0
0.725878 0.916181 0.622181 12 0.0
0.716431 0.922726 0.625892 12 0.0
0.730925 0.911127 0.643941 12 0.0
0.735326 0.909636 0.61847 12 0.0
0.720832 0.921235 0.600421 12 0.0
0.305693 0.933072 0.405601 12 0.0
0.322604 0.945414 0.407006 12 0.0
0.300713 0.933962 0.457727 12 0.0
0.288781 0.920729 0.404196 12 0.0
0.310672 0.932182 0.353474 12 0.0
0.840827 0.309424 0.747263 3 0.00133
0.445266 0.992184 0.297358 12 0.022178
0.425766 0.989408 0.297942 12 0.022178
0.445874 0.991437 0.314115 12 0.022178
0.464766 0.994961 0.296774 12 0.022178
0.444658 0.992932 0.280601 12 0.022178
0.501489 0.995695 0.34677 12 0.0
0.480802 0.995525 0.34841 12 0.0
0.504118 0.995043 0.379872 12 0.0
0.522177 0.995865 0.345131 12 0.0
0.49886 0.996347 0.313669 12 0.0
0.708438 0.920658 0.663064 12 0.0
0.690298 0.935771 0.675524 12 0.0
0.721011 0.914525 0.688808 12 0.0
0.726579 0.905545 0.650604 12 0.0
0.695866 0.926792 0.63732 12 0.0
0.206708 0.842164 0.332175 12 0.017462
0.21827 0.859407 0.335129 12 0.017462
0.205921 0.838169 0.358581 12 0.017462
0.195146 0.824922 0.329222 12 0.017462
0.207495 0.846159 0.30577 12 0.017462
0.221986 0.861089 0.495973 12 0.0
0.235033 0.876609 0.492597 12 0.0
0.22612 0.867259 0.540318 12 0.0
0.20894 0.845568 0.499348 12 0.0
0.217852 0.854918 0.451628 12 0.0
0.533358 0.990173 0.665402 12 0.0
0.553526 0.987098 0.655189 12 0.0
0.546449 0.990113 0.691271 12 0.0
0.51319 0.993249 0.675616 12 0.0
0.520267 0.990234 0.639533 12 0.0
0.150068 0.623167 0.726188 10 9.8e-05
0.690426 0.936884 0.411176 10 0.0
0.676543 0.945821 0.412147 10 0.0
0.692172 0.934563 0.457497 10 0.0
0.704309 0.927946 0.410205 10 0.0
0.68868 0.939205 0.364855 10 0.0
0.1694 0.773478 0.384632 12 0.0
0.179138 0.795708 0.381787 12 0.0
0.172349 0.777717 0.427858 12 0.0
0.159661 0.751248 0.387476 12 0.0
0.16645 0.769239 0.341405 12 0.0
0.634172 0.966438 0.745837 3 1.0
0.159464 0.737954 0.25317 13 1.0
0.144907 0.699616 0.538487 12 0.0
0.148313 0.717579 0.548181 12 0.0
0.141926 0.685194 0.566255 12 0.0
0.141502 0.681652 0.528792 12 0.0
0.147889 0.714037 0.510718 12 0.0
0.560462 -0.002261 0.631084 5 1.0
0.709119 0.938472 0.247879 13 1.0
0.735492 0.903284 0.530149 12 0.0
0.721241 0.91589 0.535073 12 0.0
0.742187 0.897101 0.565352 12 0.0
0.749743 0.890679 0.525225 12 0.0
0.728797 0.909467 0.494946 12 0.0
0.649284 0.00138 0.51614 5 0.999999
0.558942 0.97937 0.469293 9 0.0
0.645667 0.954983 0.413437 12 0.0
0.627363 0.963322 0.414703 12 0.0
0.64746 0.953417 0.44967 12 0.0
0.663971 0.946645 0.412171 12 0.0
0.643875 0.95655 0.377204 12 0.0
0.466068 0.001021 0.355586 5 1.0
0.413042 0.00976 0.736142 1 0.054548
0.855076 0.704589 0.485918 12 0.0
0.851883 0.721289 0.486841 12 0.0
0.855359 0.702466 0.525303 12 0.0
0.858268 0.687889 0.484995 12 0.0
0.854792 0.706712 0.446533 12 0.0
0.662438 0.953753 0.481515 12 0.0
0.646493 0.961607 0.473387 12 0.0
0.652814 0.957854 0.504356 12 0.0
0.678382 0.945898 0.489643 12 0.0
0.672061 0.949652 0.458674 12 0.0
0.595343 -0.005005 0.614469 2 1.0
0.865932 0.64026 0.248409 12 1.0
0.853334 0.268613 0.747275 3 0.341759
0.725782 0.916902 0.58525 12 0.0
0.718431 0.922844 0.588164 12 0.0
0.729312 0.911746 0.604667 12 0.0
0.733132 0.91096 0.582336 12 0.0
0.722251 0.922057 0.565833 12 0.0
0.84169 0.380693 0.746649 3 0.0
0.599914 0.007469 0.249958 13 1.0
0.533708 0.991715 0.39482 12 0.0
0.515832 0.991983 0.393282 12 0.0
0.530315 0.991106 0.434164 12 0.0
0.551584 0.991448 0.396357 12 0.0
0.537101 0.992325 0.355476 12 0.0
0.844293 0.18451 0.747751 3 0.0
0.836746 0.33109 0.747114 3 0.0
0.498277 0.99485 0.551542 12 0.0
0.483549 0.995315 0.551329 12 0.0
0.497601 0.993288 0.594854 12 0.0
0.513005 0.994385 0.551755 12 0.0
0.498953 0.996412 0.50823 12 0.0
0.71781 0.925126 0.67176 12 0.0
0.707002 0.931858 0.677307 12 0.0
0.724101 0.919878 0.690387 12 0.0
0.728617 0.918394 0.666214 12 0.0
0.711519 0.930374 0.653133 12 0.0
0.205087 0.84223 0.460834 12 0.0
0.726407 0.917805 0.25014 13 1.0
0.461057 0.992526 0.6194 12 0.0
0.478028 0.993933 0.619846 12 0.0
0.460107 0.993369 0.652896 12 0.0
0.444087 0.99112 0.618954 12 0.0
0.462008 0.991684 0.585904 12 0.0
0.70621 0.924319 0.444752 12 0.0
0.69109 0.934728 0.445499 12 0.0
0.70726 0.922946 0.485142 12 0.0
0.721331 0.91391 0.444005 12 0.0
0.705161 0.925693 0.404362 12 0.0
0.32329 0.68318 0.251233 14 0.779749
0.147782 0.707621 0.333976 12 0.0
0.152309 0.729319 0.345042 12 0.0
0.145652 0.695188 0.359227 12 0.0
0.143255 0.685923 0.32291 12 0.0
0.149912 0.720055 0.308726 12 0.0
0.310981 0.44527 0.252342 8 1.0
0.575095 0.96376 0.444661 12 0.0
0.584664 0.960826 0.441962 12 0.0
0.582449 0.960107 0.474699 12 0.0
0.565526 0.966694 0.44736 12 0.0
0.567741 0.967413 0.414622 12 0.0
0.850562 0.69077 0.378455 12 0.0
0.847297 0.707524 0.385127 12 0.0
0.850394 0.675217 0.417431 12 0.0
0.853827 0.674016 0.371784 12 0.0
0.85073 0.706323 0.33948 12 0.0
0.306945 0.935067 0.480756 12 0.0
0.321645 0.945851 0.475513 12 0.0
0.317204 0.938889 0.517381 12 0.0
0.292245 0.924284 0.485999 12 0.0
0.296686 0.931245 0.444131 12 0.0
0.204733 0.838944 0.580464 12 0.0
0.214017 0.852146 0.581754 12 0.0
0.202067 0.835661 0.633227 12 0.0
0.195448 0.825741 0.579173 12 0.0
0.207398 0.842227 0.5277 12 0.0
0.161519 0.747232 0.726396 12 0.0
0.847816 0.691629 0.46597 12 0.0
0.845032 0.709584 0.466932 12 0.0
0.848089 0.689281 0.51058 12 0.0
0.850601 0.673673 0.465008 12 0.0
0.847543 0.693976 0.421361 12 0.0
0.620075 0.00243 0.429245 5 0.99983
0.667233 0.953477 0.335723 12 1.1e-05
0.64803 0.963206 0.33706 12 1.1e-05
0.667967 0.952294 0.354882 12 1.1e-05
0.686436 0.943748 0.334386 12 1.1e-05
0.666498 0.95466 0.316564 12 1.1e-05
0.858513 0.614849 0.562846 12 0.0
0.857826 0.625984 0.503084 12 0.0
0.85389 0.658618 0.571054 12 0.0
0.859199 0.603714 0.622608 12 0.0
0.863136 0.57108 0.554637 12 0.0
0.648263 -0.001294 0.514179 2 1.0
0.467902 0.992805 0.46111 12 0.0
0.44838 0.99109 0.460764 12 0.0
0.466836 0.993232 0.519199 12 0.0
0.487423 0.99452 0.461455 12 0.0
0.468968 0.992378 0.40302 12 0.0
0.142785 0.211357 0.751999 3 1.0
0.530297 0.993417 0.432124 12 0.0
0.512796 0.994763 0.433825 12 0.0
0.53557 0.993152 0.486585 12 0.0
0.547798 0.992071 0.430423 12 0.0
0.525023 0.993683 0.377664 12 0.0
0.407631 0.978952 0.533723 12 0.0
0.429385 0.985084 0.536799 12 0.0
0.401938 0.977595 0.576684 12 0.0
0.385877 0.972821 0.530646 12 0.0
0.413324 0.98031 0.490761 12 0.0
0.838241 0.35743 0.741058 3 0.0
0.648493 -0.000873 0.254719 1 1.0
0.833723 0.763939 0.447361 12 0.0
0.832219 0.770042 0.411069 12 0.0
0.826533 0.782656 0.450807 12 0.0
0.835227 0.757837 0.483653 12 0.0
0.840913 0.745223 0.443916 12 0.0
0.517071 0.984436 0.606119 12 0.0
0.542583 0.982203 0.599305 12 0.0
0.528983 0.986104 0.650169 12 0.0
0.491559 0.986668 0.612933 12 0.0
0.50516 0.982768 0.562068 12 0.0
0.826204 0.780232 0.424032 12 0.0
0.820071 0.794969 0.41034 12 0.0
0.820945 0.789616 0.436487 12 0.0
0.832336 0.765494 0.437724 12 0.0
0.831462 0.770847 0.411576 12 0.0
0.156309 0.706788 0.568913 12 0.0
0.162488 0.731544 0.586155 12 0.0
0.154148 0.698845 0.581093 12 0.0
0.15013 0.682031 0.551672 12 0.0
0.158469 0.71473 0.556734 12 0.0
0.142969 0.647968 0.613667 12 0.0
0.144553 0.664316 0.654989 12 0.0
0.137801 0.61237 0.627949 12 0.0
0.141385 0.63162 0.572345 12 0.0
0.148137 0.683566 0.599385 12 0.0
0.569209 0.972463 0.256387 13 1.0
0.155747 0.739201 0.32652 12 0.0
0.161735 0.75613 0.341226 12 0.0
0.151403 0.723015 0.346921 12 0.0
0.149759 0.722273 0.311814 12 0.0
0.160091 0.755387 0.306119 12 0.0
0.422542 0.009942 0.746603 3 1.0
0.642971 -0.004734 0.458511 5 1.0
0.585204 0.00131 0.621061 5 1.0
0.811128 0.781854 0.64705 12 0.0
0.7987 0.804455 0.627762 12 0.0
0.802994 0.799856 0.673385 12 0.0
0.823556 0.759253 0.666339 12 0.0
0.819263 0.763852 0.620715 12 0.0
0.816797 0.806437 0.249491 13 1.0
0.640214 0.956491 0.728948 12 0.007718
0.212871 0.832904 0.593982 10 0.0
0.225243 0.849343 0.589986 10 0.0
0.216164 0.841966 0.641461 10 0.0
0.200499 0.816465 0.597978 10 0.0
0.209578 0.823842 0.546503 10 0.0
0.865391 0.314384 0.250443 13 1.0
0.591717 0.364675 0.242976 14 1.0
0.582918 0.76005 0.74714 7 0.752202
0.318966 0.676664 0.246723 14 0.999951
0.304395 0.931918 0.407518 12 0.0
0.323517 0.944851 0.407959 12 0.0
0.301636 0.934194 0.460359 12 0.0
0.285272 0.918984 0.407077 12 0.0
0.307153 0.929641 0.354677 12 0.0
0.20947 0.843997 0.502364 10 0.0
0.221689 0.860848 0.501262 10 0.0
0.211406 0.847107 0.571378 10 0.0
0.197251 0.827145 0.503466 10 0.0
0.207534 0.840886 0.43335 10 0.0
0.392696 0.97853 0.533922 12 0.0
0.716406 0.916226 0.561264 12 0.0
0.702698 0.926916 0.563954 12 0.0
0.720997 0.911958 0.601624 12 0.0
0.730113 0.905536 0.558574 12 0.0
0.711815 0.920494 0.520904 12 0.0
0.709173 0.922597 0.69703 12 0.0
0.689251 0.937552 0.706858 12 0.0
0.715278 0.921243 0.711465 12 0.0
0.729094 0.907641 0.687203 12 0.0
0.703068 0.92395 0.682595 12 0.0
0.183699 0.802838 0.635437 12 0.0
0.187716 0.811468 0.670238 12 0.0
0.172998 0.784457 0.641231 12 0.0
0.179683 0.794209 0.600637 12 0.0
0.194401 0.821219 0.629644 12 0.0
0.272194 0.90495 0.396239 12 0.0
0.288475 0.920909 0.443655 12 0.0
0.25634 0.893536 0.405525 12 0.0
0.255913 0.888992 0.348824 12 0.0
0.288048 0.916365 0.386954 12 0.0
0.72332 0.918667 0.250915 13 1.0
0.83293 0.719186 0.569844 12 0.0
0.831051 0.724259 0.526779 12 0.0
0.827817 0.739085 0.572411 12 0.0
0.83481 0.714112 0.612908 12 0.0
0.838044 0.699286 0.567276 12 0.0
0.806397 0.776929 0.466693 12 0.0
0.800161 0.78705 0.456614 12 0.0
0.792852 0.800249 0.498494 12 0.0
0.812634 0.766808 0.476771 12 0.0
0.819943 0.753609 0.434891 12 0.0
0.160051 0.742878 0.252923 13 1.0
0.487529 0.987254 0.744846 3 0.999979
0.827154 0.780432 0.41043 12 0.0
0.820108 0.796287 0.409847 12 0.0
0.827326 0.781809 0.445777 12 0.0
0.834199 0.764577 0.411013 12 0.0
0.826981 0.779055 0.375083 12 0.0
0.83433 0.709716 0.377584 12 0.0
0.829903 0.72488 0.383201 12 0.0
0.830747 0.694189 0.416677 12 0.0
0.838757 0.694552 0.371967 12 0.0
0.837912 0.725243 0.338491 12 0.0
0.207694 0.847524 0.58978 10 0.0
0.220713 0.865113 0.590609 10 0.0
0.206294 0.846204 0.639753 10 0.0
0.194674 0.829936 0.588951 10 0.0
0.209093 0.848844 0.539807 10 0.0
0.845247 0.703875 0.471661 12 0.0
0.841026 0.724703 0.471202 12 0.0
0.845138 0.704788 0.514119 12 0.0
0.849468 0.683047 0.47212 12 0.0
0.845356 0.702961 0.429203 12 0.0
0.320012 0.67934 0.753176 7 0.999983
0.636868 0.966836 0.364896 12 0.0
0.620661 0.973677 0.363666 12 0.0
0.63389 0.966285 0.40105 12 0.0
0.653075 0.959996 0.366127 12 0.0
0.639845 0.967387 0.328742 12 0.0
0.396628 0.37244 0.245595 14 0.999978
0.142998 0.172789 0.742066 3 1.0
0.379177 -0.000205 0.750269 3 1.0
0.607092 -0.000847 0.256098 1 1.0
0.701888 0.93126 0.584501 12 0.0
0.687959 0.940604 0.586566 12 0.0
0.704909 0.929237 0.614025 12 0.0
0.715818 0.921916 0.582436 12 0.0
0.698868 0.933284 0.554977 12 0.0
0.544177 0.987988 0.251721 13 1.0
0.198502 0.832404 0.502984 12 0.0
0.207305 0.845628 0.5037 12 0.0
0.198273 0.83067 0.537826 12 0.0
0.189699 0.81918 0.502268 12 0.0
0.19873 0.834138 0.468142 12 0.0
0.830404 0.002723 0.486079 1 0.0
0.534587 0.992927 0.533198 12 0.0
0.522284 0.98966 0.499621 12 0.0
0.502927 0.990817 0.502831 12 0.0
0.529867 0.989359 0.545454 12 0.0
0.541641 0.988503 0.496411 12 0.0
0.514702 0.989961 0.453788 12 0.0
0.866332 -0.002951 0.331731 1 1.0
0.197625 0.827652 0.41948 12 0.0
0.204733 0.839342 0.422023 12 0.0
0.192633 0.820821 0.464823 12 0.0
0.190518 0.815962 0.416936 12 0.0
0.202617 0.834484 0.374137 12 0.0
0.773137 0.872252 0.248763 13 1.0
0.204827 0.83805 0.321064 12 4.3e-05
0.219894 0.859772 0.321913 12 4.3e-05
0.205797 0.836457 0.344619 12 4.3e-05
0.18976 0.816328 0.320214 12 4.3e-05
0.203858 0.839643 0.297508 12 4.3e-05
0.42608 0.986617 0.611247 12 0.0
0.442566 0.990332 0.610829 12 0.0
0.426987 0.987568 0.655481 12 0.0
0.409593 0.982901 0.611665 12 0.0
0.425172 0.985666 0.567013 12 0.0
0.85013 0.727151 0.587603 12 0.0
0.847545 0.735132 0.567952 12 0.0
0.84481 0.745827 0.595887 12 0.0
0.852716 0.719171 0.607255 12 0.0
0.85545 0.708475 0.579319 12 0.0
0.227566 0.859834 0.497975 6 0.0
0.240205 0.873616 0.49416 6 0.0
0.232195 0.865582 0.534068 6 0.0
0.214927 0.846053 0.501791 6 0.0
0.222937 0.854086 0.461883 6 0.0
0.828782 0.792307 0.57471 12 0.0
0.822001 0.805903 0.563123 12 0.0
0.822087 0.806347 0.5951 12 0.0
0.835563 0.778712 0.586298 12 0.0
0.835477 0.778268 0.554321 12 0.0
0.265032 0.904218 0.349056 12 0.0
0.281237 0.918844 0.376723 12 0.0
0.254008 0.894528 0.360635 12 0.0
0.248826 0.889593 0.321388 12 0.0
0.276056 0.913909 0.337476 12 0.0
0.533811 0.993586 0.657769 12 0.0
0.549561 0.991346 0.650799 12 0.0
0.54645 0.993277 0.686428 12 0.0
0.518061 0.995827 0.66474 12 0.0
0.521172 0.993896 0.629111 12 0.0
0.78093 0.858272 0.350883 12 0.0
0.76719 0.875362 0.351039 12 0.0
0.779814 0.857071 0.384236 12 0.0
0.794671 0.841182 0.350727 12 0.0
0.782046 0.859473 0.31753 12 0.0
0.503072 0.992586 0.649169 12 0.0
0.525822 0.992284 0.649413 12 0.0
0.502753 0.994497 0.681311 12 0.0
0.480321 0.992887 0.648926 12 0.0
0.50339 0.990674 0.617027 12 0.0
0.148464 0.669797 0.736655 3 0.999939
0.149075 0.705084 0.416012 12 0.0
0.154416 0.72848 0.421373 12 0.0
0.147344 0.693353 0.468928 12 0.0
0.143733 0.681688 0.410651 12 0.0
0.150805 0.716814 0.363096 12 0.0
0.163879 0.772505 0.748709 3 1.0
0.249059 0.891166 0.672584 6 0.0
0.262439 0.905006 0.673513 6 0.0
0.247016 0.8914 0.698516 6 0.0
0.23568 0.877326 0.671654 6 0.0
0.251103 0.890932 0.646652 6 0.0
0.627444 0.003981 0.427923 5 0.999994
0.438034 0.9893 0.366993 12 0.0
0.442331 0.990584 0.330758 12 0.0
0.458703 0.992396 0.369554 12 0.0
0.433737 0.988016 0.403228 12 0.0
0.417365 0.986203 0.364432 12 0.0
0.856964 0.693727 0.3578 12 0.0
0.853288 0.71284 0.361752 12 0.0
0.856969 0.686686 0.391852 12 0.0
0.86064 0.674615 0.353847 12 0.0
0.856959 0.700769 0.323747 12 0.0
0.247115 0.007481 0.746232 3 1.0
0.606138 0.958657 0.435863 12 0.0
0.582182 0.963652 0.439658 12 0.0
0.608785 0.959346 0.451666 12 0.0
0.630094 0.953661 0.432069 12 0.0
0.603491 0.957968 0.420061 12 0.0
0.20392 0.844646 0.636045 6 0.0
0.215925 0.861196 0.637261 6 0.0
0.202821 0.843892 0.657178 6 0.0
0.191915 0.828097 0.63483 6 0.0
0.205019 0.845401 0.614913 6 0.0
0.858112 0.697534 0.442581 10 0.0
0.854831 0.71553 0.444853 10 0.0
0.859928 0.693956 0.473549 10 0.0
0.861393 0.679537 0.440309 10 0.0
0.856295 0.701111 0.411613 10 0.0
0.3999 0.752384 0.249534 14 0.999941
0.620585 0.001257 0.434272 5 0.998685
0.665652 0.955383 0.490021 12 0.0
0.647461 0.964541 0.481237 12 0.0
0.659603 0.958585 0.505883 12 0.0
0.683842 0.946226 0.498806 12 0.0
0.6717 0.952182 0.47416 12 0.0
0.635994 0.961965 0.421243 12 0.0
0.619425 0.9683 0.418473 12 0.0
0.631463 0.962958 0.45062 12 0.0
0.652564 0.955631 0.424013 12 0.0
0.640526 0.960973 0.391865 12 0.0
0.726916 0.912454 0.617204 12 0.0
0.715935 0.92084 0.620705 12 0.0
0.732838 0.908098 0.646215 12 0.0
0.737898 0.904068 0.613703 12 0.0
0.720994 0.916811 0.588194 12 0.0
0.307231 0.934937 0.393658 12 0.0
0.325881 0.947257 0.393251 12 0.0
0.307336 0.936363 0.441653 12 0.0
0.288581 0.922618 0.394065 12 0.0
0.307126 0.933511 0.345663 12 0.0
0.168368 0.42305 0.753009 3 0.0
0.329749 0.949392 0.372335 12 0.0
0.342128 0.955177 0.349166 12 0.0
0.346235 0.958567 0.383434 12 0.0
0.317369 0.943607 0.395503 12 0.0
0.313262 0.940217 0.361235 12 0.0
0.322132 0.439991 0.754138 7 0.999836
0.13805 0.318931 0.7201 12 0.0
0.46823 0.991736 0.522944 12 0.0
0.449561 0.990616 0.52243 12 0.0
0.467095 0.990987 0.565859 12 0.0
0.4869 0.992857 0.523457 12 0.0
0.469365 0.992485 0.480028 12 0.0
0.743063 0.003627 0.257277 1 1.0
0.536581 0.99342 0.505802 12 0.0
0.521331 0.992889 0.5051 12 0.0
0.535392 0.99483 0.530567 12 0.0
0.55183 0.993951 0.506503 12 0.0
0.53777 0.99201 0.481036 12 0.0
0.1537 0.402169 0.749137 3 1.0
0.864437 0.002149 0.462081 1 1.0
0.280658 0.907391 0.544066 6 0.0
0.308203 0.928906 0.558506 6 0.0
0.268142 0.897304 0.582973 6 0.0
0.253113 0.885876 0.529627 6 0.0
0.293174 0.917478 0.50516 6 0.0
0.787688 0.852448 0.435219 12 0.0
0.777387 0.865704 0.43615 12 0.0
0.788603 0.850384 0.474733 12 0.0
0.797988 0.839193 0.434287 12 0.0
0.786772 0.854513 0.395704 12 0.0
0.425133 0.986512 0.650844 12 0.0
0.445151 0.990763 0.651029 12 0.0
0.424625 0.987503 0.68306 12 0.0
0.405115 0.982261 0.650659 12 0.0
0.425642 0.98552 0.618628 12 0.0
0.848734 0.719248 0.607024 12 0.0
0.846407 0.725189 0.569296 12 0.0
0.844459 0.737378 0.610143 12 0.0
0.851062 0.713307 0.644752 12 0.0
0.85301 0.701119 0.603905 12 0.0
0.227631 0.862157 0.495499 6 0.0
0.239579 0.875197 0.491295 6 0.0
0.234251 0.869215 0.536205 6 0.0
0.215683 0.849117 0.499703 6 0.0
0.22101 0.855099 0.454793 6 0.0
0.831547 0.776805 0.665397 12 0.0
0.823116 0.796296 0.665073 12 0.0
0.83294 0.777853 0.692177 12 0.0
0.839978 0.757314 0.665722 12 0.0
0.830154 0.775757 0.638618 12 0.0
0.853405 0.697306 0.575159 12 0.0
0.851588 0.706254 0.545819 12 0.0
0.848224 0.720581 0.582578 12 0.0
0.855222 0.688359 0.6045 12 0.0
0.858587 0.674031 0.56774 12 0.0
0.849084 0.735641 0.24932 12 1.0
0.554832 0.001186 0.360898 2 0.996288
0.738187 0.903537 0.562072 12 0.0
0.72343 0.916315 0.56477 12 0.0
0.742194 0.899506 0.603075 12 0.0
0.752945 0.89076 0.559373 12 0.0
0.734181 0.907569 0.521068 12 0.0
0.147054 0.707497 0.334345 12 0.000136
0.151104 0.727084 0.345364 12 0.000136
0.14469 0.694117 0.358999 12 0.000136
0.143004 0.68791 0.323327 12 0.000136
0.149417 0.720877 0.309692 12 0.000136
0.60031 0.005173 0.398152 5 1.0
0.680179 0.677715 0.736924 7 0.999997
0.134815 0.001642 0.414214 1 1.0
0.716197 0.565091 0.247088 14 1.0
0.850586 0.691074 0.477696 12 0.0
0.848116 0.708801 0.479753 12 0.0
0.851318 0.686305 0.519673 12 0.0
0.853057 0.673346 0.475639 12 0.0
0.849855 0.695843 0.435719 12 0.0
0.143107 0.451084 0.698723 12 0.0
0.492001 0.000631 0.356638 5 0.999978
0.643914 0.963919 0.320258 12 3e-06
0.623325 0.972953 0.318263 12 3e-06
0.64136 0.963395 0.344244 12 3e-06
0.664502 0.954884 0.322252 12 3e-06
0.646467 0.964443 0.296272 12 3e-06
0.132409 0.187964 0.74632 3 0.998597
0.406492 0.981431 0.591062 12 0.0
0.424578 0.986139 0.590256 12 0.0
0.408162 0.983441 0.640323 12 0.0
0.388405 0.976723 0.591867 12 0.0
0.404821 0.979421 0.541801 12 0.0
0.417001 0.000209 0.377073 5 1.0
0.706609 0.905479 0.4782 12 0.0
0.689426 0.917954 0.480597 12 0.0
0.710113 0.902055 0.521134 12 0.0
0.723792 0.893004 0.475803 12 0.0
0.703106 0.908904 0.435266 12 0.0
0.237496 0.864305 0.476537 12 0.0
0.252052 0.879807 0.470516 12 0.0
0.244867 0.870391 0.510026 12 0.0
0.222941 0.848804 0.482558 12 0.0
0.230125 0.85822 0.443049 12 0.0
0.196476 0.827416 0.510073 10 0.0
0.205428 0.841717 0.509157 10 0.0
0.197482 0.829639 0.554612 10 0.0
0.187525 0.813114 0.510989 10 0.0
0.195471 0.825192 0.465534 10 0.0
0.866318 0.032524 0.605448 12 0.0
0.848137 0.236046 0.74596 3 1.0
0.690615 0.001198 0.261237 1 1.0
0.160335 0.108967 0.265752 13 8.8e-05
0.850282 0.364205 0.744493 3 1.0
0.655741 0.956047 0.600017 12 0.0
0.640439 0.96275 0.594011 12 0.0
0.647096 0.96021 0.62669 12 0.0
0.671043 0.949344 0.606023 12 0.0
0.664386 0.951883 0.573345 12 0.0
0.716768 0.925942 0.607436 12 0.0
0.705598 0.933291 0.612854 12 0.0
0.725908 0.91773 0.637416 12 0.0
0.727938 0.918593 0.602018 12 0.0
0.707629 0.934154 0.577456 12 0.0
0.272327 0.904541 0.363157 12 0.0
0.291399 0.919673 0.394136 12 0.0
0.256662 0.890579 0.379622 12 0.0
0.253255 0.889409 0.332179 12 0.0
0.287992 0.918503 0.346693 12 0.0
0.836704 0.769888 0.640438 12 0.0
0.828954 0.786498 0.639878 12 0.0
0.836466 0.770899 0.673691 12 0.0
0.844455 0.753279 0.640999 12 0.0
0.836943 0.768877 0.607186 12 0.0
0.776867 0.842796 0.374468 12 0.0
0.763584 0.859506 0.376208 12 0.0
0.77965 0.841562 0.40756 12 0.0
0.79015 0.826085 0.372728 12 0.0
0.774083 0.844029 0.341375 12 0.0
0.83147 0.700178 0.257602 13 1.0
0.156912 0.738096 0.578101 12 0.0
0.1638 0.760226 0.577847 12 0.0
0.156018 0.738991 0.63188 12 0.0
0.150024 0.715965 0.578355 12 0.0
0.157806 0.7372 0.524322 12 0.0
0.443866 0.772789 0.250253 7 0.646211
0.213771 0.855374 0.702645 6 0.0
0.227164 0.87318 0.703709 6 0.0
0.212692 0.855209 0.718982 6 0.0
0.200378 0.837568 0.701581 6 0.0
0.21485 0.855539 0.686308 6 0.0
0.82798 0.789193 0.391768 12 0.0
0.819697 0.806167 0.391483 12 0.0
0.827373 0.789646 0.436317 12 0.0
0.836263 0.772219 0.392054 12 0.0
0.828587 0.78874 0.347219 12 0.0
0.230311 0.872034 0.426468 12 0.0
0.247722 0.891837 0.425644 12 0.0
0.231415 0.873387 0.482281 12 0.0
0.2129 0.85223 0.427292 12 0.0
0.229207 0.87068 0.370655 12 0.0
0.577466 0.980408 0.455022 12 0.0
0.4319 0.984324 0.373815 12 0.0
0.432276 0.984978 0.33311 12 0.0
0.456641 0.98893 0.374117 12 0.0
0.431525 0.983671 0.414519 12 0.0
0.40716 0.979719 0.373513 12 0.0
0.210057 0.005538 0.748702 3 1.0
0.309507 0.459137 0.241196 14 0.990862
0.634556 0.003502 0.458295 5 0.977555
0.186187 0.418374 0.747589 3 0.0
0.652457 0.956145 0.362792 12 0.0
0.63088 0.965485 0.363998 12 0.0
0.653287 0.953684 0.396698 12 0.0
0.674035 0.946805 0.361586 12 0.0
0.651628 0.958606 0.328887 12 0.0
0.36452 0.968849 0.410272 12 0.0
0.366141 0.970109 0.359356 12 0.0
0.384627 0.976725 0.411107 12 0.0
0.362899 0.96759 0.461187 12 0.0
0.344414 0.960973 0.409437 12 0.0
0.588426 0.005204 0.747093 3 1.0
0.309852 0.936284 0.399361 12 0.0
0.328554 0.946538 0.396685 12 0.0
0.314463 0.940878 0.449189 12 0.0
0.29115 0.92603 0.402037 12 0.0
0.30524 0.93169 0.349533 12 0.0
0.460135 0.992507 0.527324 12 0.0
0.833894 0.013789 0.517267 1 1e-06
0.848987 0.005453 0.558379 1 1.0
0.656087 0.956906 0.574936 12 0.0
0.638589 0.964845 0.568516 12 0.0
0.647051 0.961506 0.605255 12 0.0
0.673586 0.948967 0.581355 12 0.0
0.665124 0.952307 0.544616 12 0.0
0.707461 0.922455 0.654613 12 0.0
0.689029 0.936608 0.664262 12 0.0
0.718824 0.916823 0.684577 12 0.0
0.725894 0.908302 0.644963 12 0.0
0.696099 0.928087 0.624649 12 0.0
0.507825 -0.00045 0.645889 5 1.0
0.656429 0.958185 0.658222 12 0.0
0.642868 0.964393 0.651972 12 0.0
0.648256 0.961771 0.679516 12 0.0
0.669989 0.951976 0.664473 12 0.0
0.664601 0.954598 0.636929 12 0.0
0.269798 0.904871 0.36552 12 0.0
0.28565 0.918468 0.390011 12 0.0
0.25369 0.890948 0.383676 12 0.0
0.253945 0.891275 0.341029 12 0.0
0.285905 0.918795 0.347364 12 0.0
0.553638 0.991369 0.641647 12 0.0
0.57309 0.988393 0.633384 12 0.0
0.564919 0.989633 0.668827 12 0.0
0.534186 0.994345 0.64991 12 0.0
0.542358 0.993105 0.614467 12 0.0
0.790078 0.850022 0.370399 12 0.0
0.780945 0.862024 0.373562 12 0.0
0.794139 0.842933 0.40903 12 0.0
0.79921 0.83802 0.367237 12 0.0
0.786016 0.857111 0.331768 12 0.0
0.503119 0.976582 0.628446 12 0.0
0.528124 0.97525 0.622712 12 0.0
0.512034 0.983622 0.665684 12 0.0
0.478115 0.977913 0.63418 12 0.0
0.494205 0.969541 0.591207 12 0.0
0.851288 0.711424 0.54298 12 0.0
0.850637 0.719073 0.516538 12 0.0
0.846725 0.729742 0.548391 12 0.0
0.85194 0.703775 0.569421 12 0.0
0.855852 0.693106 0.537568 12 0.0
0.474355 0.988264 0.745666 3 0.99991
0.735586 0.90557 0.546583 12 0.0
0.724167 0.916365 0.549721 12 0.0
0.744478 0.900968 0.594762 12 0.0
0.747005 0.894775 0.543444 12 0.0
0.726694 0.910172 0.498403 12 0.0
0.480373 0.771814 0.258627 14 0.78146
0.137412 0.000199 0.290358 1 1.0
0.208796 0.843043 0.583448 10 0.0
0.222341 0.861941 0.58442 10 0.0
0.207098 0.841604 0.635111 10 0.0
0.19525 0.824145 0.582477 10 0.0
0.210493 0.844482 0.531786 10 0.0
0.145059 0.00133 0.501559 1 2e-05
0.857993 0.698167 0.466955 16 0.0
0.854775 0.711294 0.468634 16 0.0
0.859568 0.695458 0.491155 16 0.0
0.861212 0.685039 0.465277 16 0.0
0.856419 0.700875 0.442756 16 0.0
0.670628 0.946887 0.485854 12 0.0
0.654269 0.955865 0.478299 12 0.0
0.66382 0.949556 0.503766 12 0.0
0.686987 0.93791 0.493409 12 0.0
0.677436 0.944219 0.467943 12 0.0
0.443083 0.990368 0.573615 12 0.0
0.459741 0.99316 0.573931 12 0.0
0.441914 0.991047 0.629325 12 0.0
0.426426 0.987577 0.5733 12 0.0
0.444253 0.98969 0.517906 12 0.0
0.865725 0.614108 0.247281 12 1.0
0.140937 0.196509 0.74545 3 0.999998
0.417635 0.987487 0.249503 13 0.999997
0.570504 0.987038 0.74658 3 1.0
0.299402 0.93239 0.399029 12 0.0
0.130317 0.607171 0.75455 12 1.0
0.867657 0.546466 0.247593 12 1.0
0.492734 0.994114 0.400382 12 0.0
0.473154 0.993984 0.399702 12 0.0
0.491097 0.992313 0.447847 12 0.0
0.512315 0.994244 0.401063 12 0.0
0.494372 0.995915 0.352917 12 0.0
0.698581 0.932447 0.684092 12 0.0
0.679966 0.945093 0.699908 12 0.0
0.708363 0.927732 0.699376 12 0.0
0.717195 0.919801 0.668276 12 0.0
0.688798 0.937163 0.668808 12 0.0
0.282177 0.910151 0.542518 6 0.0
0.307308 0.931198 0.550107 6 0.0
0.269338 0.903546 0.603349 6 0.0
0.257047 0.889104 0.534928 6 0.0
0.295017 0.916756 0.481686 6 0.0
0.590713 0.984316 0.749428 3 0.999972
0.830977 0.767766 0.597027 12 0.0
0.820322 0.791691 0.593647 12 0.0
0.829552 0.772092 0.632144 12 0.0
0.841633 0.743841 0.600407 12 0.0
0.832403 0.76344 0.56191 12 0.0
0.80931 0.815497 0.410149 12 0.0
0.800212 0.830344 0.41123 12 0.0
0.810109 0.813575 0.443255 12 0.0
0.818409 0.80065 0.409068 12 0.0
0.808512 0.817418 0.377044 12 0.0
0.210908 0.849114 0.318903 12 0.02898
0.22303 0.866322 0.322047 12 0.02898
0.21007 0.845602 0.341357 12 0.02898
0.198787 0.831906 0.315759 12 0.02898
0.211746 0.852626 0.296449 12 0.02898
0.268301 0.902725 0.37907 12 0.0
0.286819 0.919468 0.420527 12 0.0
0.254192 0.890577 0.390278 12 0.0
0.249783 0.885981 0.337613 12 0.0
0.28241 0.914872 0.367862 12 0.0
0.831508 0.776867 0.270081 16 0.087596
0.825285 0.793433 0.266662 16 0.087596
0.830053 0.777785 0.277179 16 0.087596
0.83773 0.760301 0.2735 16 0.087596
0.832963 0.775948 0.262982 16 0.087596
0.698148 0.934125 0.747498 3 1.0
0.48143 0.994547 0.633333 12 0.0
0.50052 0.995237 0.633856 12 0.0
0.48039 0.995027 0.670685 12 0.0
0.46234 0.993857 0.63281 12 0.0
0.48247 0.994067 0.595981 12 0.0
0.137933 0.507799 0.732439 10 9.3e-05
0.475023 0.983804 0.743558 3 0.997919
0.69248 0.940694 0.249801 13 1.0
0.829078 0.78374 0.506257 12 0.0
0.82194 0.798708 0.49399 12 0.0
0.822449 0.797576 0.526997 12 0.0
0.836217 0.768771 0.518525 12 0.0
0.835708 0.769903 0.485517 12 0.0
0.331273 0.951935 0.596773 12 0.0
0.344866 0.959784 0.591492 12 0.0
0.346544 0.958733 0.64618 12 0.0
0.317679 0.944086 0.602055 12 0.0
0.316001 0.945137 0.547366 12 0.0
0.854417 0.682236 0.376496 12 0.0
0.85032 0.70662 0.379111 12 0.0
0.853001 0.677683 0.416746 12 0.0
0.858514 0.657853 0.373882 12 0.0
0.855834 0.68679 0.336246 12 0.0
0.156228 0.023928 0.742891 3 0.993089
0.156229 0.023931 0.742892 3 0.993089
0.156226 0.023929 0.742891 3 0.993089
0.156226 0.023925 0.742891 3 0.993089
0.15623 0.023927 0.742892 3 0.993089
0.654834 0.704881 0.741029 7 0.999999
0.154292 0.65568 0.728968 10 0.0
0.324805 0.680157 0.749876 7 0.999997
0.639788 0.00414 0.480665 5 0.98749
0.647011 0.954422 0.430473 12 0.0
0.629638 0.962368 0.432542 12 0.0
0.649928 0.951839 0.464877 12 0.0
0.664383 0.946476 0.428403 12 0.0
0.644093 0.957004 0.396068 12 0.0
0.389462 0.953038 0.380767 12 0.0
0.54144 0.993531 0.324993 12 0.002667
0.521584 0.995816 0.325597 12 0.002667
0.542205 0.993311 0.350952 12 0.002667
0.561297 0.991245 0.324389 12 0.002667
0.540676 0.993751 0.299034 12 0.002667
0.838658 0.694476 0.255545 13 0.999912
0.308608 0.93516 0.401307 12 0.0
0.324582 0.943793 0.39506 12 0.0
0.32067 0.944531 0.445096 12 0.0
0.292634 0.926527 0.407555 12 0.0
0.296547 0.925788 0.357519 12 0.0
0.436997 0.009129 0.623641 5 0.020882
0.719523 0.525594 0.755875 3 0.997751
0.639879 0.000279 0.546478 5 1.0
0.501276 0.993765 0.409033 12 0.0
0.480756 0.993976 0.410665 12 0.0
0.505246 0.994357 0.458847 12 0.0
0.521797 0.993555 0.4074 12 0.0
0.497307 0.993174 0.359218 12 0.0
0.382496 0.004265 0.59194 5 0.99993
0.775589 -0.002847 0.25594 1 1.0
0.146176 0.529572 0.750537 3 1.0
0.442947 0.003496 0.639137 5 0.996496
0.13896 0.182449 0.743279 3 1.0
0.655875 0.958149 0.593486 12 0.0
0.639926 0.965669 0.587385 12 0.0
0.64662 0.962517 0.623062 12 0.0
0.671824 0.95063 0.599588 12 0.0
0.665131 0.953782 0.56391 12 0.0
0.715642 0.925775 0.644947 12 0.0
0.70272 0.934688 0.652661 12 0.0
0.722725 0.920024 0.663456 12 0.0
0.728565 0.916863 0.637232 12 0.0
0.708559 0.931527 0.626438 12 0.0
0.489913 0.996703 0.247032 13 0.999894
0.601984 0.973356 0.746369 3 0.999982
0.559134 0.989886 0.314947 12 0.021294
0.538181 0.993289 0.314237 12 0.021294
0.558342 0.989875 0.338252 12 0.021294
0.580087 0.986482 0.315658 12 0.021294
0.559926 0.989896 0.291643 12 0.021294
0.626382 0.973368 0.748691 3 0.99999
0.495712 0.97098 0.600824 12 0.0
0.527944 0.970432 0.603782 12 0.0
0.491612 0.97088 0.645486 12 0.0
0.46348 0.971528 0.597866 12 0.0
0.499812 0.971081 0.556162 12 0.0
0.853557 0.692137 0.555627 12 0.0
0.852419 0.696146 0.516429 12 0.0
0.850259 0.712558 0.557811 12 0.0
0.854694 0.688127 0.594825 12 0.0
0.856854 0.671715 0.553442 12 0.0
0.72875 0.911381 0.431822 12 0.0
0.714453 0.922946 0.431683 12 0.0
0.728588 0.911872 0.489345 12 0.0
0.743048 0.899816 0.431961 12 0.0
0.728912 0.91089 0.374299 12 0.0
0.770388 0.863253 0.250784 13 1.0
0.144164 0.254615 0.743122 3 0.0
0.433996 0.987976 0.251197 13 1.0
0.835255 0.70848 0.380331 12 0.0
0.830134 0.72845 0.385157 12 0.0
0.833688 0.699053 0.417676 12 0.0
0.840375 0.688509 0.375505 12 0.0
0.836822 0.717906 0.342985 12 0.0
0.681522 0.678005 0.74099 7 0.999919
0.209098 0.84519 0.629214 6 0.0
0.222787 0.864265 0.632833 6 0.0
0.205772 0.840334 0.667397 6 0.0
0.195409 0.826116 0.625596 6 0.0
0.212423 0.850047 0.591031 6 0.0
0.389936 0.974924 0.659921 12 0.0
0.41102 0.981955 0.659693 12 0.0
0.3901 0.975356 0.688587 12 0.0
0.368851 0.967892 0.660148 12 0.0
0.389771 0.974491 0.631254 12 0.0
0.542303 0.991659 0.390164 12 0.0
0.521835 0.994205 0.391559 12 0.0
0.545072 0.990992 0.432019 12 0.0
0.56277 0.989112 0.388769 12 0.0
0.539533 0.992325 0.348309 12 0.0
0.135624 0.001977 0.404501 1 1.0
0.663803 0.953119 0.448302 12 0.0
0.649375 0.960929 0.44056 12 0.0
0.653679 0.957738 0.471825 12 0.0
0.67823 0.94531 0.456045 12 0.0
0.673926 0.948501 0.42478 12 0.0
0.388287 0.745172 0.253423 7 0.94807
0.450776 0.002152 0.748454 1 1.0
0.32127 0.000171 0.750612 3 1.0
0.355182 0.001305 0.254775 1 0.999988
0.246891 0.875008 0.743165 3 0.999996
0.456831 0.004712 0.356351 1 1.0
0.865479 0.27462 0.251368 13 1.0
0.815899 0.79931 0.371116 12 0.0
0.806893 0.816352 0.369796 12 0.0
0.812814 0.800646 0.409398 12 0.0
0.824904 0.782269 0.372436 12 0.0
0.818984 0.797975 0.332833 12 0.0
0.514984 0.351086 0.350042 7 0.0
0.874536 -0.01071 0.745474 1 1.0
0.866109 0.014325 0.644426 12 0.863744
0.863543 0.001162 0.444678 1 0.999676
0.438219 0.003377 0.261506 1 1.0
0.26739 0.894153 0.739552 3 3e-05
0.84504 0.73731 0.619607 12 0.0
0.845403 0.736259 0.578942 12 0.0
0.838897 0.757923 0.619019 12 0.0
0.844677 0.73836 0.660272 12 0.0
0.851183 0.716696 0.620194 12 0.0
0.52774 0.996537 0.751599 3 1.0
0.777412 0.835223 0.37962 12 0.0
0.764314 0.851646 0.378372 12 0.0
0.775566 0.83637 0.414082 12 0.0
0.790511 0.818799 0.380869 12 0.0
0.779259 0.834075 0.345159 12 0.0
0.850298 0.693415 0.552307 12 0.0
0.848994 0.703331 0.52171 12 0.0
0.845298 0.716111 0.559876 12 0.0
0.851602 0.683499 0.582903 12 0.0
0.855298 0.670718 0.544738 12 0.0
0.171895 0.779487 0.404151 12 0.0
0.182227 0.80202 0.401045 12 0.0
0.175383 0.784732 0.453791 12 0.0
0.161563 0.756954 0.407258 12 0.0
0.168407 0.774243 0.354512 12 0.0
0.491013 0.995504 0.749495 3 1.0
0.621066 0.966268 0.746653 3 0.999994
0.150479 0.717361 0.554323 12 0.0
0.155044 0.737733 0.560805 12 0.0
0.146404 0.706824 0.590313 12 0.0
0.145914 0.696989 0.547842 12 0.0
0.154554 0.727898 0.518334 12 0.0
0.472656 0.990633 0.745439 3 0.999994
0.737861 0.901102 0.586208 12 0.0
0.722401 0.914352 0.591587 12 0.0
0.743872 0.894612 0.61947 12 0.0
0.75332 0.887852 0.580828 12 0.0
0.731849 0.907592 0.552946 12 0.0
0.497614 0.004164 0.748603 1 1.0
0.386697 0.978247 0.750071 3 1.0
0.458085 0.993763 0.7504 3 1.0
0.280535 0.91035 0.738353 12 0.000131
0.162339 0.033925 0.741114 3 0.003906
0.194889 0.826956 0.58118 12 0.0
0.205459 0.843574 0.582759 12 0.0
0.192392 0.823524 0.633985 12 0.0
0.18432 0.810338 0.5796 12 0.0
0.197386 0.830387 0.528375 12 0.0
0.857749 0.700096 0.474885 10 0.0
0.854184 0.718248 0.476153 10 0.0
0.858863 0.696959 0.522928 10 0.0
0.861314 0.681944 0.473617 10 0.0
0.856635 0.703233 0.426843 10 0.0
0.497124 0.000703 0.359153 5 0.901294
0.62953 0.002462 0.450701 5 0.999719
0.360435 0.966225 0.377468 12 0.0
0.345095 0.9584 0.376589 12 0.0
0.358722 0.965529 0.413548 12 0.0
0.375776 0.974049 0.378347 12 0.0
0.362148 0.96692 0.341388 12 0.0
0.633838 0.958838 0.353366 12 0.0
0.616989 0.965635 0.351425 12 0.0
0.631082 0.959879 0.380936 12 0.0
0.650688 0.952041 0.355308 12 0.0
0.636595 0.957797 0.325797 12 0.0
0.139612 0.000711 0.625338 1 0.456223
0.166492 0.720822 0.748286 3 1.0
0.199508 0.836114 0.475475 12 0.0
0.207325 0.846593 0.474649 12 0.0
0.20043 0.838836 0.518738 12 0.0
0.191691 0.825636 0.476301 12 0.0
0.198586 0.833393 0.432212 12 0.0
0.507222 0.352916 0.350895 7 0.0
0.849453 0.654234 0.747551 3 1.0
0.846809 0.668406 0.752433 3 1.0
0.843504 0.652778 0.748557 3 1.0
0.852097 0.640063 0.742669 3 1.0
0.855402 0.655691 0.746545 3 1.0
0.408734 0.002548 0.264578 1 1.0
0.865551 0.541196 0.248572 12 1.0
0.301127 0.93122 0.625039 6 0.0
0.321773 0.946227 0.612673 6 0.0
0.313011 0.936569 0.651374 6 0.0
0.28048 0.916213 0.637405 6 0.0
0.289242 0.925871 0.598705 6 0.0
0.527548 1.001219 0.725894 12 1.0
0.664001 0.953903 0.61554 12 0.0
0.64791 0.961878 0.610392 12 0.0
0.654481 0.958722 0.652757 12 0.0
0.680092 0.945927 0.620689 12 0.0
0.673521 0.949084 0.578324 12 0.0
0.204452 0.837727 0.456819 12 0.0
0.216394 0.854264 0.456239 12 0.0
0.205439 0.839292 0.521778 12 0.0
0.192509 0.82119 0.457399 12 0.0
0.203465 0.836162 0.39186 12 0.0
0.751639 0.890037 0.437497 12 0.0
0.738064 0.903002 0.441199 12 0.0
0.756241 0.885591 0.469946 12 0.0
0.765214 0.877071 0.433796 12 0.0
0.747037 0.894483 0.405049 12 0.0
0.222473 0.820096 0.744546 3 2.6e-05
0.847635 0.725009 0.630594 12 0.0
0.845652 0.733128 0.609419 12 0.0
0.840898 0.746381 0.63942 12 0.0
0.849618 0.71689 0.651769 12 0.0
0.854372 0.703637 0.621769 12 0.0
0.830222 0.783679 0.58 12 0.0
0.823623 0.797605 0.568608 12 0.0
0.822848 0.799959 0.604174 12 0.0
0.83682 0.769752 0.591391 12 0.0
0.837595 0.767398 0.555825 12 0.0
0.271233 0.901381 0.413144 12 0.0
0.288174 0.913664 0.464697 12 0.0
0.250738 0.881872 0.424527 12 0.0
0.254292 0.889098 0.36159 12 0.0
0.291728 0.92089 0.40176 12 0.0
0.781753 0.858648 0.566042 12 0.0
0.770865 0.871702 0.568762 12 0.0
0.784818 0.854737 0.597078 12 0.0
0.792641 0.845594 0.563321 12 0.0
0.778688 0.862559 0.535006 12 0.0
0.287989 0.912721 0.727079 6 0.000105
0.633127 0.970354 0.748238 3 0.999999
0.829451 0.783945 0.415657 12 0.0
0.821091 0.801582 0.414711 12 0.0
0.82798 0.786073 0.468306 12 0.0
0.837811 0.766309 0.416604 12 0.0
0.830923 0.781818 0.363009 12 0.0
0.194074 0.00855 0.749131 3 1.0
0.640561 0.953455 0.428702 12 0.0
0.62146 0.962293 0.430506 12 0.0
0.64334 0.952722 0.461725 12 0.0
0.659662 0.944616 0.426898 12 0.0
0.637782 0.954187 0.395679 12 0.0
0.351043 0.715118 0.753808 11 0.999997
0.279353 0.588509 0.747673 7 0.999994
0.385394 0.385486 0.258896 7 0.999994
0.63706 -0.002613 0.475895 5 0.997706
0.70978 0.53139 0.745491 11 0.999903
0.863506 0.003515 0.488041 1 1.0
0.699555 0.491055 0.745841 11 0.999879
0.133938 0.129861 0.252891 15 0.996729
0.647401 0.958296 0.524961 12 0.0
0.854845 0.68723 0.744138 3 0.997203
0.333191 0.961982 0.247715 13 1.0
0.164226 0.631852 0.746135 3 0.999819
0.775662 0.001705 0.749476 1 1.0
0.45226 0.773385 0.752568 7 1.0
0.865517 0.3558 0.250417 12 1.0
0.816019 -0.001653 0.379302 1 0.0
0.84748 0.000519 0.48773 1 5.4e-05
0.853481 0.652401 0.746757 3 1.0
0.203789 0.819466 0.403601 12 0.0
0.212735 0.833687 0.403108 12 0.0
0.207436 0.818753 0.449246 12 0.0
0.194842 0.805245 0.404094 12 0.0
0.200142 0.820179 0.357955 12 0.0
0.145403 0.691371 0.725231 12 0.969008
0.213347 0.839275 0.738446 10 0.999997
0.489691 0.994526 0.650891 12 0.0
0.512053 0.995036 0.651738 12 0.0
0.488466 0.994561 0.68317 12 0.0
0.467328 0.994016 0.650043 12 0.0
0.490915 0.994491 0.618612 12 0.0
0.430877 0.00267 0.746313 1 1.0
0.143668 0.140961 0.744346 12 0.845062
0.578242 0.986666 0.443777 10 0.0
0.584449 0.986427 0.442975 10 0.0
0.580753 0.985814 0.463465 10 0.0
0.572036 0.986905 0.444579 10 0.0
0.575731 0.987518 0.42409 10 0.0
0.423001 0.985768 0.363983 12 0.0
0.42527 0.985868 0.328306 12 0.0
0.445257 0.990741 0.365412 12 0.0
0.420733 0.985667 0.399659 12 0.0
0.400746 0.980795 0.362554 12 0.0
0.641795 0.961424 0.366563 12 0.0
0.621689 0.970091 0.367306 12 0.0
0.642777 0.960877 0.399497 12 0.0
0.661902 0.952757 0.365819 12 0.0
0.640814 0.96197 0.333628 12 0.0
0.272501 0.900862 0.452294 15 0.0
0.295815 0.918101 0.446263 15 0.0
0.280307 0.913585 0.518846 15 0.0
0.249186 0.883623 0.458324 15 0.0
0.264694 0.888139 0.385742 15 0.0
0.867361 0.014187 0.59532 12 0.0
0.859283 0.327148 0.743635 3 0.999851
0.615477 0.37898 0.248601 14 0.999774
0.59346 0.978591 0.751432 3 0.033232
0.150597 0.194164 0.751019 3 0.992072
0.382297 -8.3e-05 0.571305 5 0.483553
0.864407 -0.002699 0.285322 1 1.0
0.599995 0.371238 0.24662 14 1.0
0.156248 0.446942 0.751372 3 1e-06
0.321607 0.001432 0.520219 1 0.0
0.703144 0.518322 0.689342 7 0.0
0.706766 0.551733 0.681757 7 0.0
0.705984 0.522623 0.709642 7 0.0
0.699523 0.484911 0.696927 7 0.0
0.700305 0.514021 0.669042 7 0.0
0.380985 0.002383 0.591068 5 0.91773
0.367792 0.968746 0.430118 12 0.0
0.144109 0.154136 0.251394 13 1.9e-05
0.863963 0.002816 0.546719 1 1.0
0.298092 0.000325 0.382992 1 0.0
0.27016 0.000238 0.375387 1 0.0
0.286649 0.000406 0.425024 1 0.0
0.326025 0.000411 0.390596 1 0.0
0.309536 0.000244 0.340959 1 0.0
0.841462 0.381099 0.747335 3 0.0
0.405818 0.980484 0.504396 12 0.0
0.407919 0.980792 0.450233 12 0.0
0.42581 0.986099 0.505203 12 0.0
0.403718 0.980176 0.558559 12 0.0
0.385827 0.97487 0.503589 12 0.0
0.437097 0.004736 0.265408 1 1.0
0.71595 0.926713 0.686801 12 0.0
0.700295 0.937889 0.697277 12 0.0
0.721896 0.921468 0.701282 12 0.0
0.731605 0.915537 0.676325 12 0.0
0.710004 0.931958 0.67232 12 0.0
0.20481 0.839394 0.412174 12 0.0
0.220858 0.863269 0.524886 6 0.0
0.231958 0.877738 0.519108 6 0.0
0.229953 0.87398 0.56918 6 0.0
0.209758 0.848799 0.530665 6 0.0
0.211762 0.852557 0.480593 6 0.0
0.270661 0.903877 0.356623 12 0.0
0.288509 0.918968 0.382522 12 0.0
0.255261 0.89021 0.375199 12 0.0
0.252812 0.888786 0.330723 12 0.0
0.286061 0.917544 0.338046 12 0.0
0.776904 0.858357 0.546043 10 0.0
0.766393 0.870487 0.547148 10 0.0
0.778107 0.856419 0.578746 10 0.0
0.787416 0.846226 0.544938 10 0.0
0.775702 0.860295 0.51334 10 0.0
0.341238 0.959936 0.438204 12 0.0
0.346822 0.962616 0.427284 12 0.0
0.34999 0.962135 0.443218 12 0.0
0.335655 0.957257 0.449125 12 0.0
0.332487 0.957738 0.433191 12 0.0
0.691666 0.936092 0.746674 3 1.0
0.865509 0.00369 0.667955 1 0.997642
0.302208 0.922602 0.481107 10 0.0
0.323171 0.935179 0.477176 10 0.0
0.310584 0.931806 0.555234 10 0.0
0.281244 0.910025 0.485038 10 0.0
0.293831 0.913398 0.406979 10 0.0
0.698952 0.927962 0.25232 13 1.0
0.310672 0.933565 0.524575 12 0.0
0.32617 0.942618 0.517451 12 0.0
0.320661 0.938929 0.553123 12 0.0
0.295174 0.924512 0.531699 12 0.0
0.300683 0.9282 0.496026 12 0.0
0.819411 0.788872 0.400222 12 0.0
0.809517 0.80864 0.400379 12 0.0
0.817213 0.787399 0.447077 12 0.0
0.829306 0.769104 0.400065 12 0.0
0.82161 0.790345 0.353368 12 0.0
0.514736 0.994145 0.749523 3 1.0
0.7424 -0.00034 0.749835 1 1.0
0.847904 0.695606 0.387065 12 0.0
0.842902 0.7224 0.386554 12 0.0
0.846448 0.696161 0.430497 12 0.0
0.852906 0.668811 0.387575 12 0.0
0.84936 0.69505 0.343633 12 0.0
0.302899 0.933608 0.499358 12 0.0
0.323696 0.947063 0.5 12 0.0
0.301135 0.932555 0.578575 12 0.0
0.282102 0.920154 0.498716 12 0.0
0.304662 0.934661 0.42014 12 0.0
0.570422 0.359975 0.246042 14 0.999949
0.485917 0.001145 0.360825 5 0.99997
0.701356 0.636238 0.753445 7 0.999989
0.367248 0.950613 0.403135 12 0.0
0.521476 0.992616 0.327616 12 0.000256
0.499601 0.993568 0.326293 12 0.000256
0.519815 0.991268 0.354119 12 0.000256
0.543352 0.991664 0.328939 12 0.000256
0.523137 0.993964 0.301113 12 0.000256
0.134743 0.024274 0.272065 15 0.388257
0.137636 0.215172 0.740575 3 0.999994
0.597005 0.366504 0.745783 7 0.999905
0.366037 0.961124 0.466382 12 0.0
0.303661 0.936302 0.386582 10 0.0
0.312869 0.942098 0.382507 10 0.0
0.309889 0.94374 0.411233 10 0.0
0.294452 0.930506 0.390658 10 0.0
0.297432 0.928864 0.361931 10 0.0
0.868546 0.628466 0.245576 12 1.0
0.867616 0.365996 0.248493 13 1.0
0.581065 -0.004653 0.623039 2 1.0
0.462307 0.001949 0.646975 5 0.997435
0.496621 0.994288 0.40722 12 0.0
0.479247 0.994444 0.407275 12 0.0
0.49677 0.994758 0.452689 12 0.0
0.513996 0.994132 0.407165 12 0.0
0.496473 0.993818 0.361751 12 0.0
0.151643 0.429955 0.748774 3 0.999998
0.495493 0.778975 0.751663 7 0.999998
0.641206 0.394504 0.243506 14 0.999795
0.17041 0.407313 0.748886 3 2e-06
0.142408 0.000677 0.47163 1 0.028929
0.85765 0.67896 0.522663 12 0.0
0.855277 0.698373 0.522478 12 0.0
0.857508 0.679322 0.56265 12 0.0
0.860022 0.659547 0.522847 12 0.0
0.857792 0.678598 0.482675 12 0.0
0.447068 0.01237 0.24781 13 1.0
0.852608 0.70898 0.512706 12 0.0
0.84877 0.727942 0.512539 12 0.0
0.85286 0.709504 0.566636 12 0.0
0.856446 0.690017 0.512872 12 0.0
0.852355 0.708455 0.458775 12 0.0
0.626751 -0.000558 0.25481 1 1.0
0.318403 0.002732 0.257174 1 1.0
0.273167 0.905648 0.400048 12 0.0
0.286617 0.92006 0.449087 12 0.0
0.25464 0.892459 0.409006 12 0.0
0.259717 0.891236 0.35101 12 0.0
0.291694 0.918837 0.39109 12 0.0
0.614188 0.97397 0.748344 3 0.995502
0.507836 0.992314 0.748726 3 1.0
0.134294 0.090881 0.742636 12 1.0
0.865318 0.306897 0.250929 13 1.0
0.646973 0.407933 0.252941 7 0.999987
0.583076 0.003546 0.606601 5 0.631571
0.345492 0.957072 0.393286 12 0.0
0.360101 0.964451 0.365069 12 0.0
0.361682 0.965296 0.403819 12 0.0
0.330883 0.949694 0.421504 12 0.0
0.329302 0.948849 0.382754 12 0.0
0.633921 0.000345 0.471743 2 0.982571
0.610602 0.379219 0.251134 8 1.0
0.618973 0.38525 0.24884 8 0.99999
0.303993 0.931056 0.409077 12 0.0
0.325714 0.945156 0.408584 12 0.0
0.302896 0.934608 0.462249 12 0.0
0.282271 0.916955 0.409571 12 0.0
0.30509 0.927504 0.355905 12 0.0
0.556501 0.002957 0.74577 1 1.0
0.461163 0.004256 0.650847 1 1.0
0.355606 0.001902 0.542352 5 1.0
0.453776 0.005235 0.639459 5 0.99819
0.485806 0.99312 0.421804 12 0.0
0.466319 0.992131 0.422889 12 0.0
0.488804 0.993781 0.476234 12 0.0
0.505294 0.994109 0.420718 12 0.0
0.482808 0.99246 0.367374 12 0.0
0.448263 0.005475 0.366148 2 1.0
0.661693 0.007497 0.751134 3 1.0
0.135481 0.008906 0.707912 12 0.99996
0.138102 0.008324 0.719333 12 0.99996
0.135159 0.00469 0.707771 12 0.99996
0.132859 0.009488 0.696491 12 0.99996
0.135802 0.013121 0.708053 12 0.99996
0.866774 -0.009071 0.240121 13 1.0
0.864828 -0.00171 0.243513 13 1.0
0.865677 -0.010611 0.242834 13 1.0
0.868719 -0.016431 0.236729 13 1.0
0.867871 -0.00753 0.237408 13 1.0
0.880918 -0.012614 0.747303 1 1.0
0.810505 0.778946 0.397418 16 0.0
0.803029 0.795903 0.40055 16 0.0
0.813558 0.772607 0.439029 16 0.0
0.817981 0.761989 0.394286 16 0.0
0.807452 0.785286 0.355808 16 0.0
0.816846 0.804067 0.455347 12 0.0
0.806949 0.820685 0.455497 12 0.0
0.817123 0.803901 0.491806 12 0.0
0.826743 0.787449 0.455196 12 0.0
0.816569 0.804232 0.418887 12 0.0
0.83997 0.275218 0.746666 3 0.002638
0.333368 0.001509 0.251727 13 1.0
0.587206 0.007254 0.746896 3 1.0
0.266302 0.901632 0.363044 12 0.0
0.284675 0.918852 0.389004 12 0.0
0.256649 0.893575 0.37522 12 0.0
0.247928 0.884412 0.337084 12 0.0
0.275955 0.909689 0.350867 12 0.0
0.783044 0.857773 0.552365 12 0.0
0.773109 0.869995 0.554127 12 0.0
0.785461 0.855762 0.57994 12 0.0
0.792978 0.84555 0.550602 12 0.0
0.780626 0.859784 0.524789 12 0.0
0.50114 0.995179 0.598297 12 0.0
0.524577 0.995579 0.598462 12 0.0
0.500804 0.994805 0.646809 12 0.0
0.477703 0.994779 0.598131 12 0.0
0.501476 0.995553 0.549784 12 0.0
0.860131 0.579933 0.726248 12 0.0
0.232639 0.863627 0.742618 3 1.0
0.141176 0.619169 0.249473 13 1.0
0.844858 0.726197 0.374966 12 0.0
0.839393 0.746424 0.377963 12 0.0
0.846004 0.720554 0.415143 12 0.0
0.850324 0.705969 0.371969 12 0.0
0.843713 0.73184 0.334788 12 0.0
0.312537 0.661739 0.254428 14 0.549916
0.285434 0.614902 0.753362 11 0.999993
0.295129 0.634955 0.746497 7 0.999945
0.3177 0.680628 0.747723 7 0.999985
0.651359 0.955944 0.309768 12 0.000521
0.627978 0.966655 0.312439 12 0.000521
0.651979 0.95234 0.329645 12 0.000521
0.674741 0.945233 0.307096 12 0.000521
0.650739 0.959547 0.289891 12 0.000521
0.135979 0.177434 0.746738 3 0.994018
0.387948 0.005511 0.747389 3 1.0
0.417322 0.001911 0.614043 2 0.980291
0.86151 0.677071 0.250984 9 1.0
0.452405 0.35083 0.2524 7 1.0
0.431018 0.003703 0.629709 5 1.0
0.417913 -0.002112 0.618065 5 0.999994
0.132961 0.006851 0.622472 15 0.999993
0.735222 0.015236 0.75378 3 1.0
0.185685 -0.00244 0.751147 1 1.0
0.57856 0.023849 0.246074 13 0.0
0.865577 0.15364 0.249968 13 0.995662
0.867215 -0.00412 0.682964 1 1.0
0.862796 0.382865 0.724451 12 0.0
0.483787 0.001226 0.750724 3 0.195903
0.638149 -0.000307 0.267839 1 1.0
0.694188 0.000437 0.259584 13 1.0
0.72435 0.001071 0.258353 1 1.0
0.203955 0.842439 0.397729 10 0.0
0.214376 0.85786 0.394479 10 0.0
0.206555 0.846836 0.426927 10 0.0
0.193535 0.827017 0.400979 10 0.0
0.201356 0.838041 0.368531 10 0.0
0.590842 0.977143 0.743199 4 0.999955
0.70981 0.929356 0.296441 16 0.005933
0.69286 0.941445 0.296369 16 0.005933
0.70944 0.928937 0.313569 16 0.005933
0.726761 0.917267 0.296512 16 0.005933
0.710181 0.929775 0.279312 16 0.005933
0.264674 0.908094 0.351754 10 0.0
0.269719 0.913852 0.361731 10 0.0
0.256864 0.900135 0.360296 10 0.0
0.25963 0.902336 0.341777 10 0.0
0.272485 0.916053 0.343211 10 0.0
0.139916 0.550974 0.740949 3 0.003052
0.159408 0.738053 0.252932 13 1.0
0.132811 0.001093 0.393195 15 1.0
0.698637 0.643448 0.748696 7 0.999957
0.637146 0.955286 0.329524 12 8e-06
0.612237 0.965414 0.329457 12 8e-06
0.636873 0.954729 0.34671 12 8e-06
0.662054 0.945158 0.329592 12 8e-06
0.637419 0.955842 0.312339 12 8e-06
0.461548 0.000593 0.635776 5 0.774439
0.414821 0.003111 0.74721 3 1.0
0.273059 0.906445 0.45316 12 0.0
0.292965 0.920843 0.448767 12 0.0
0.28024 0.917214 0.520993 12 0.0
0.253153 0.892046 0.457554 12 0.0
0.265878 0.895675 0.385328 12 0.0
0.306713 0.934691 0.384696 12 0.0
0.327395 0.946789 0.377081 12 0.0
0.317973 0.943431 0.429161 12 0.0
0.28603 0.922593 0.392312 12 0.0
0.295452 0.925952 0.340232 12 0.0
0.43248 0.001584 0.624368 5 0.899886
0.431888 0.76606 0.75287 11 0.999998
0.399649 0.981447 0.340312 12 0.0
0.405976 0.983535 0.311021 12 0.0
0.417108 0.986484 0.344442 12 0.0
0.393323 0.97936 0.369603 12 0.0
0.382191 0.97641 0.336182 12 0.0
0.864001 0.010368 0.587543 12 0.990633
0.154611 0.312265 0.248085 13 0.000112
0.866662 0.005371 0.593203 1 9.3e-05
0.85555 0.002397 0.571664 1 0.382232
0.504795 2.3e-05 0.253442 13 0.999911
0.631058 0.966641 0.612617 12 0.0
0.611645 0.974452 0.616621 12 0.0
0.638926 0.964085 0.655746 12 0.0
0.650472 0.95883 0.608612 12 0.0
0.62319 0.969198 0.569488 12 0.0
0.634093 0.970022 0.75337 3 1.0
0.481606 0.995565 0.750198 3 1.0
0.308863 0.934349 0.518157 10 0.0
0.320909 0.941238 0.51203 10 0.0
0.321131 0.943435 0.552497 10 0.0
0.296817 0.927459 0.524283 10 0.0
0.296594 0.925263 0.483816 10 0.0
0.379332 0.002875 0.585343 5 0.999999
0.305421 0.93266 0.508093 15 0.0
0.866378 0.318128 0.249519 12 1.0
0.637816 0.399696 0.249154 8 0.999997
0.421059 0.359545 0.754224 11 1.0
0.315619 0.446966 0.248054 14 0.992295
0.66405 0.953578 0.333876 12 0.0
0.645889 0.962859 0.331343 12 0.0
0.660135 0.95348 0.361589 12 0.0
0.682211 0.944298 0.336409 12 0.0
0.667965 0.953677 0.306163 12 0.0
0.835351 0.768175 0.746385 4 1.0
0.858555 0.207433 0.746555 3 0.636208
0.362997 0.005035 0.455598 5 0.562816
0.430211 0.004979 0.624741 5 0.999995
0.715567 0.551035 0.244218 7 0.999976
0.868 -0.005028 0.249831 12 1.0
0.389043 0.002786 0.748177 1 1.0
0.141726 0.433112 0.738586 3 1.0
0.319863 0.001767 0.251259 1 0.937498
0.847637 0.000329 0.385531 1 0.03745
0.13232 0.491683 0.555563 12 0.0
0.13396 0.554299 0.52674 12 0.0
0.133314 0.516429 0.609376 12 0.0
0.13068 0.429068 0.584386 12 0.0
0.131326 0.466938 0.501749 12 0.0
0.586044 0.00052 0.253234 1 1.0
0.433606 0.988679 0.404993 12 0.0
0.417126 0.985099 0.401662 12 0.0
0.426615 0.987977 0.440336 12 0.0
0.450086 0.992258 0.408324 12 0.0
0.440597 0.98938 0.36965 12 0.0
0.825326 0.790497 0.583379 12 0.0
0.817509 0.806098 0.571924 12 0.0
0.818822 0.804942 0.60749 12 0.0
0.833144 0.774896 0.594835 12 0.0
0.83183 0.776052 0.559269 12 0.0
0.148385 0.616231 0.748146 3 1.0
0.314677 0.93808 0.573315 12 0.0
0.333938 0.949996 0.569986 12 0.0
0.322457 0.941261 0.629711 12 0.0
0.295417 0.926164 0.576644 12 0.0
0.306898 0.934899 0.516919 12 0.0
0.176338 0.787776 0.380423 12 0.0
0.186843 0.8085 0.376262 12 0.0
0.179734 0.794651 0.423246 12 0.0
0.165834 0.767051 0.384583 12 0.0
0.172943 0.7809 0.337599 12 0.0
0.829225 0.7859 0.396785 12 0.0
0.822702 0.79905 0.384822 12 0.0
0.821015 0.804531 0.421742 12 0.0
0.835748 0.77275 0.408747 12 0.0
0.837435 0.767269 0.371827 12 0.0
0.735423 0.905819 0.597664 12 0.0
0.722807 0.916821 0.599678 12 0.0
0.739462 0.901419 0.646997 12 0.0
0.748039 0.894817 0.59565 12 0.0
0.731384 0.910219 0.548332 12 0.0
0.673732 0.435859 0.743492 7 0.735085
0.823384 0.795964 0.615869 12 0.0
0.81544 0.811206 0.604013 12 0.0
0.816439 0.810218 0.638848 12 0.0
0.831329 0.780721 0.627726 12 0.0
0.83033 0.781709 0.592891 12 0.0
0.829358 0.789061 0.491576 12 0.0
0.824004 0.799259 0.483137 12 0.0
0.82292 0.801276 0.510421 12 0.0
0.834712 0.778863 0.500016 12 0.0
0.835796 0.776846 0.472732 12 0.0
0.840995 0.708177 0.382153 12 0.0
0.837337 0.725137 0.385886 12 0.0
0.83815 0.698846 0.421763 12 0.0
0.844653 0.691218 0.37842 12 0.0
0.84384 0.717509 0.342543 12 0.0
0.219012 0.846928 0.61724 6 0.0
0.231524 0.86286 0.613987 6 0.0
0.220115 0.854434 0.658244 6 0.0
0.206499 0.830997 0.620493 6 0.0
0.217908 0.839422 0.576237 6 0.0
0.554689 0.349104 0.749707 7 0.793729
0.30353 0.930504 0.455301 12 0.0
0.45124 0.004123 0.632776 2 0.758219
0.279615 0.001229 0.751162 3 1.0
0.25658 0.000575 0.252553 1 1.0
0.711142 0.928752 0.372288 9 0.0
0.700479 0.93618 0.371975 9 0.0
0.710425 0.928637 0.39396 9 0.0
0.721804 0.921325 0.372601 9 0.0
0.711859 0.928868 0.350616 9 0.0
0.821953 0.788634 0.327073 16 0.0
0.810965 0.811487 0.32797 16 0.0
0.820004 0.786724 0.351867 16 0.0
0.832941 0.765781 0.326176 16 0.0
0.823902 0.790545 0.302279 16 0.0
0.49443 0.345735 0.247125 14 0.999996
0.607446 0.372021 0.248535 7 0.999995
0.180187 -0.000692 0.749382 1 1.0
0.653572 0.406693 0.24699 7 0.976917
0.476934 0.002504 0.260236 1 0.999992
0.492284 0.008291 0.267318 1 0.992413
0.523184 0.022024 0.249815 13 0.0
0.394096 0.017426 0.254424 2 1.0
0.474858 0.002412 0.254117 1 1.0
0.720342 -0.001504 0.254359 1 1.0
0.137739 0.000529 0.437717 1 0.999998
0.487541 0.006614 0.255387 13 1.0
0.233167 0.836762 0.398257 12 0.0
0.249742 0.858476 0.393878 12 0.0
0.238711 0.839561 0.433117 12 0.0
0.216592 0.815048 0.402637 12 0.0
0.227622 0.833963 0.363398 12 0.0
0.169402 0.750652 0.745202 3 0.999998
0.848792 0.726194 0.644628 12 0.0
0.845971 0.730059 0.611727 12 0.0
0.844824 0.742736 0.646911 12 0.0
0.851612 0.722329 0.67753 12 0.0
0.852759 0.709653 0.642345 12 0.0
0.234994 0.851264 0.525869 6 0.0
0.248733 0.867315 0.519226 6 0.0
0.243065 0.85951 0.562486 6 0.0
0.221255 0.835213 0.532512 6 0.0
0.226923 0.843017 0.489252 6 0.0
0.822305 0.788531 0.559693 12 0.0
0.81497 0.80439 0.547185 12 0.0
0.81459 0.8044 0.584337 12 0.0
0.829641 0.772672 0.572201 12 0.0
0.830021 0.772663 0.535048 12 0.0
0.852726 0.706029 0.59363 12 0.0
0.850918 0.715679 0.561304 12 0.0
0.849418 0.722392 0.5987 12 0.0
0.854535 0.696379 0.625956 12 0.0
0.856034 0.689666 0.58856 12 0.0
0.823006 0.787219 0.43199 12 0.0
0.816149 0.80192 0.420047 12 0.0
0.816466 0.800166 0.451683 12 0.0
0.829863 0.772517 0.443933 12 0.0
0.829546 0.774271 0.412297 12 0.0
0.560762 0.988881 0.749004 3 1.0
0.825879 0.784325 0.492197 12 0.0
0.818075 0.800415 0.478731 12 0.0
0.819221 0.797551 0.511859 12 0.0
0.833683 0.768235 0.505663 12 0.0
0.832537 0.771099 0.472536 12 0.0
0.865515 0.286435 0.249772 13 1.0
0.158845 0.728267 0.526257 12 0.0
0.165456 0.749995 0.526061 12 0.0
0.158252 0.72883 0.568614 12 0.0
0.152234 0.706539 0.526453 12 0.0
0.159439 0.727704 0.4839 12 0.0
0.297213 0.642115 0.74728 7 0.999991
0.721339 0.574752 0.752757 7 0.999902
0.638023 0.947093 0.344348 12 3e-06
0.61544 0.957338 0.348396 12 3e-06
0.641232 0.94442 0.369015 12 3e-06
0.660607 0.936847 0.3403 12 3e-06
0.634814 0.949765 0.319681 12 3e-06
0.609891 0.004412 0.7498 3 1.0
0.30515 0.930524 0.422918 12 0.0
0.325934 0.94326 0.423755 12 0.0
0.302984 0.930437 0.478031 12 0.0
0.284366 0.917788 0.422081 12 0.0
0.307316 0.930612 0.367805 12 0.0
0.166285 0.697182 0.751794 3 1.0
0.645189 0.003362 0.536574 5 1.0
0.311828 0.458032 0.75453 11 0.928519
0.19488 0.827795 0.503973 12 0.0
0.151388 0.221001 0.753328 3 1.0
0.732853 0.906792 0.567372 12 0.0
0.718991 0.918273 0.570247 12 0.0
0.736812 0.903707 0.598782 12 0.0
0.746715 0.895311 0.564497 12 0.0
0.728894 0.909877 0.535963 12 0.0
0.469136 0.026638 0.248788 13 0.0
0.508797 0.000492 0.270403 1 1e-05
0.538017 0.000643 0.280764 1 0.000654
0.863566 0.358547 0.746234 3 1.0
0.135185 0.24481 0.268236 15 1.0
0.709213 -6.5e-05 0.256753 1 1.0
0.528048 0.000546 0.265022 1 4.1e-05
0.199036 0.018031 0.265513 1 1.0
0.429048 0.973428 0.744114 3 0.999922
0.602555 0.978402 0.74947 3 0.029919
0.340275 0.957718 0.749464 3 1.0
0.509477 0.991508 0.615422 12 0.0
0.526405 0.990925 0.61158 12 0.0
0.519044 0.992538 0.657423 12 0.0
0.49255 0.992092 0.619263 12 0.0
0.499911 0.990479 0.57342 12 0.0
0.583853 0.970718 0.455626 12 0.0
0.841884 0.712569 0.397429 12 0.0
0.837075 0.735615 0.39771 12 0.0
0.837905 0.711195 0.442009 12 0.0
0.846694 0.689522 0.397148 12 0.0
0.845863 0.713942 0.352849 12 0.0
0.704273 0.614349 0.742501 7 0.999632
0.546846 0.772864 0.75713 7 0.999998
0.863573 0.002563 0.597235 1 1.0
0.63384 0.393767 0.749382 7 0.999607
0.812298 0.775673 0.382832 12 0.0
0.803837 0.795357 0.385308 12 0.0
0.812811 0.770698 0.424141 12 0.0
0.820759 0.755988 0.380357 12 0.0
0.811785 0.780648 0.341524 12 0.0
0.47777 0.007166 0.253457 2 1.0
0.860343 0.30618 0.742933 3 1.0
0.547751 0.771993 0.753541 11 1.0
0.148563 0.231419 0.753272 3 1.0
0.688262 0.009646 0.259035 13 1.0
0.486886 0.995965 0.543996 12 0.0
0.732598 0.02121 0.243625 13 1.0
0.49363 0.011399 0.251646 13 1.0
0.446135 0.992864 0.576694 12 0.0
0.461478 0.994697 0.577227 12 0.0
0.444871 0.992489 0.614365 12 0.0
0.430792 0.991031 0.576161 12 0.0
0.4474 0.993239 0.539024 12 0.0
0.47538 0.991872 0.245464 13 0.999991
0.848504 0.7293 0.642177 12 0.0
0.845557 0.735032 0.608398 12 0.0
0.844741 0.744809 0.645137 12 0.0
0.85145 0.723567 0.675956 12 0.0
0.852266 0.71379 0.639217 12 0.0
0.781377 0.853028 0.376589 12 0.0
0.768288 0.868583 0.376432 12 0.0
0.781077 0.853106 0.40935 12 0.0
0.794466 0.837473 0.376746 12 0.0
0.781677 0.85295 0.343828 12 0.0
0.67414 0.947036 0.746244 3 0.999999
0.790584 0.848679 0.251322 13 1.0
0.296245 0.922673 0.464476 10 0.0
0.316491 0.937766 0.467608 10 0.0
0.287184 0.920357 0.534211 10 0.0
0.275998 0.90758 0.461344 10 0.0
0.305306 0.92499 0.394741 10 0.0
0.821075 0.787767 0.42645 12 0.0
0.814196 0.802328 0.413886 12 0.0
0.81434 0.800165 0.444505 12 0.0
0.827954 0.773207 0.439013 12 0.0
0.82781 0.775369 0.408394 12 0.0
0.491397 0.994838 0.748329 3 1.0
0.731131 0.004431 0.749952 3 1.0
0.852301 0.697506 0.388322 12 0.0
0.652953 0.963669 0.459441 12 0.0
0.643095 0.968593 0.460855 12 0.0
0.655985 0.962758 0.483757 12 0.0
0.662811 0.958744 0.458028 12 0.0
0.649921 0.964579 0.435125 12 0.0
0.204623 0.836625 0.631849 6 0.0
0.217417 0.854426 0.625969 6 0.0
0.210324 0.844418 0.667845 6 0.0
0.19183 0.818825 0.637729 6 0.0
0.198923 0.828832 0.595852 6 0.0
0.299666 0.632867 0.754839 7 0.999849
0.866229 0.612319 0.248542 12 1.0
0.465608 0.00854 0.640869 2 0.693312
0.138856 0.201089 0.745026 3 0.999905
0.304816 0.928865 0.43085 12 0.0
0.326107 0.942684 0.432313 12 0.0
0.299949 0.930345 0.487715 12 0.0
0.283526 0.915046 0.429388 12 0.0
0.309684 0.927385 0.373985 12 0.0
0.844728 0.333197 0.749517 3 0.002342
0.423274 0.354887 0.248988 7 0.999999
0.646522 0.002458 0.54488 5 1.0
0.871584 -0.006995 0.752923 1 1.0
0.787713 -0.003249 0.248032 1 1.0
0.371308 0.001566 0.257567 1 1.0
0.159411 0.581951 0.753902 3 1.0
0.841967 0.354691 0.747514 3 0.00464
0.860634 0.412561 0.254735 13 1.0
0.50368 -0.000265 0.291862 1 0.001
0.871018 0.198443 0.24626 13 1.0
0.72069 -0.000774 0.254033 1 1.0
0.163269 0.748856 0.744134 3 0.999999
0.786207 0.851809 0.350037 12 0.0
0.771653 0.86989 0.356955 12 0.0
0.790404 0.84589 0.374339 12 0.0
0.800761 0.833728 0.34312 12 0.0
0.78201 0.857728 0.325736 12 0.0
0.459237 0.987198 0.624826 12 0.0
0.479595 0.989387 0.626981 12 0.0
0.454847 0.988966 0.664494 12 0.0
0.43888 0.985008 0.622671 12 0.0
0.463627 0.985429 0.585158 12 0.0
0.141293 0.639357 0.749898 3 1.0
0.840458 0.701171 0.391697 12 0.0
0.836963 0.721759 0.387699 12 0.0
0.833003 0.708323 0.435051 12 0.0
0.843952 0.680582 0.395694 12 0.0
0.847912 0.694019 0.348343 12 0.0
0.451664 -1.7e-05 0.36022 2 0.999822
0.616989 0.747988 0.738986 7 1.0
0.718568 0.57637 0.753719 11 0.999221
0.698749 0.653609 0.75601 7 0.996019
0.302182 0.930198 0.46802 12 0.0
0.242725 0.869246 0.742317 3 0.999998
0.408725 0.946473 0.745038 3 2e-06
0.405201 0.957794 0.744932 3 2e-06
0.371299 0.934824 0.745088 3 2e-06
0.412248 0.935152 0.745144 3 2e-06
0.44615 0.958122 0.744988 3 2e-06
0.726729 0.914656 0.394079 9 0.0
0.715333 0.9238 0.393602 9 0.0
0.724969 0.914845 0.439767 9 0.0
0.738125 0.905512 0.394556 9 0.0
0.728489 0.914467 0.348391 9 0.0
0.854566 0.568163 0.261207 13 1.0
0.724604 0.913857 0.510937 12 0.0
0.713737 0.923571 0.510184 12 0.0
0.7228 0.914448 0.544574 12 0.0
0.73547 0.904143 0.51169 12 0.0
0.726408 0.913266 0.4773 12 0.0
0.504527 0.992496 0.614425 12 0.0
0.521516 0.991814 0.613373 12 0.0
0.506765 0.994659 0.649171 12 0.0
0.487538 0.993179 0.615476 12 0.0
0.502289 0.990334 0.579678 12 0.0
0.804534 0.790786 0.252408 13 0.008487
0.301356 0.924211 0.492209 12 0.0
0.324784 0.940221 0.488955 12 0.0
0.309078 0.929014 0.571427 12 0.0
0.277927 0.9082 0.495464 12 0.0
0.293634 0.919407 0.412992 12 0.0
0.497925 0.009928 0.359704 2 0.52634
0.696834 0.652652 0.754264 7 0.998872
0.65504 0.960044 0.344247 12 0.0
0.643161 0.966096 0.344569 12 0.0
0.655809 0.959992 0.373545 12 0.0
0.666918 0.953991 0.343924 12 0.0
0.65427 0.960095 0.314949 12 0.0
0.862358 0.243298 0.741503 4 1.0
0.307461 0.930317 0.442081 12 0.0
0.330824 0.944206 0.43885 12 0.0
0.312048 0.936578 0.502169 12 0.0
0.284097 0.916427 0.445312 12 0.0
0.302873 0.924056 0.381993 12 0.0
0.150052 0.51845 0.252435 12 1.0
0.865149 0.311856 0.749739 4 1.0
0.853881 0.002967 0.543011 1 0.018685
0.844175 0.003123 0.492825 1 4.9e-05
0.851287 0.54789 0.254289 13 1.0
0.86386 0.626947 0.24806 13 1.0
0.420147 0.009319 0.271025 2 1.0
0.59456 0.981056 0.747739 3 0.999992
0.461071 0.773365 0.248463 8 0.998229
0.8506 0.70868 0.372624 12 0.0
0.845583 0.730526 0.376601 12 0.0
0.85007 0.701551 0.411113 12 0.0
0.855617 0.686834 0.368646 12 0.0
0.85113 0.715809 0.334134 12 0.0
0.172085 0.755222 0.744642 3 0.999666
0.427882 0.763241 0.75345 11 0.999998
0.520373 0.993672 0.671857 12 0.0
0.540139 0.992371 0.671287 12 0.0
0.521223 0.995494 0.697173 12 0.0
0.500607 0.994972 0.672428 12 0.0
0.519523 0.991849 0.646542 12 0.0
0.568049 0.767476 0.749776 7 0.999992
0.2023 0.006914 0.248386 13 1.0
0.160968 0.7155 0.744303 3 0.999998
0.20012 0.837851 0.484569 10 0.0
0.135428 0.139254 0.250658 12 1.0
0.86664 0.234214 0.251285 13 1.0
0.346722 0.704058 0.256852 7 1.0
0.285458 -0.004577 0.246873 13 1.0
0.481145 0.989225 0.506961 12 0.0
0.462755 0.988231 0.508234 12 0.0
0.484107 0.990321 0.550602 12 0.0
0.499535 0.990219 0.505688 12 0.0
0.478183 0.988129 0.46332 12 0.0
0.153108 0.57076 0.243769 13 1.0
0.865934 0.403053 0.24981 12 1.0
0.587282 0.015078 0.255871 13 1.0
0.864312 0.195158 0.748884 3 1.0
0.510935 0.987159 0.563914 12 0.0
0.490157 0.988037 0.56523 12 0.0
0.51479 0.990349 0.622681 12 0.0
0.531713 0.986281 0.562599 12 0.0
0.507079 0.983969 0.505148 12 0.0
0.698817 0.000815 0.254893 1 1.0
0.747051 0.011768 0.25813 13 1.0
0.656437 0.956582 0.585191 12 0.0
0.638339 0.965084 0.579177 12 0.0
0.647868 0.960413 0.616394 12 0.0
0.674535 0.948079 0.591205 12 0.0
0.665005 0.95275 0.553989 12 0.0
0.658886 0.954776 0.251645 13 1.0
0.64382 0.966079 0.61534 12 0.0
0.630203 0.972095 0.616158 12 0.0
0.646259 0.965779 0.658131 12 0.0
0.657438 0.960064 0.614522 12 0.0
0.641382 0.966379 0.572549 12 0.0
0.252696 0.894272 0.251239 13 1.0
0.469041 0.995828 0.609711 12 0.0
0.151552 0.618478 0.743261 3 0.999992
0.13831 0.588768 0.731768 12 0.073559
0.798697 0.833184 0.249872 13 1.0
0.438745 0.979279 0.742317 3 1.0
0.510245 0.002252 0.748971 3 1.0
0.831241 0.783039 0.246278 13 1.0
0.490956 0.000884 0.360278 5 0.899994
0.847968 0.716956 0.739384 9 0.999932
0.164008 0.232187 0.244788 13 0.0
0.61916 0.739486 0.753377 7 1.0
0.828582 0.76455 0.247436 13 1.0
0.299469 0.939308 0.438173 10 1.0
0.862862 0.30859 0.742747 3 1.0
0.144079 0.157158 0.751617 3 1.0
0.375665 0.042889 0.244644 13 0.0
0.701311 0.006609 0.249467 13 0.040035
0.188692 0.352035 0.262665 13 1e-06
0.497325 0.007711 0.249852 13 1.0
0.135446 0.423223 0.252197 13 1.0
0.12863 0.185759 0.265226 15 0.999809
0.586775 0.977688 0.745169 4 1.0
0.849664 0.727111 0.599915 12 0.0
0.847523 0.731879 0.559316 12 0.0
0.845143 0.744164 0.602156 12 0.0
0.851804 0.722343 0.640513 12 0.0
0.854184 0.710058 0.597674 12 0.0
0.824188 0.788408 0.542019 12 0.0
0.815895 0.806304 0.527688 12 0.0
0.816962 0.80354 0.565095 12 0.0
0.83248 0.770512 0.556351 12 0.0
0.831413 0.773276 0.518943 12 0.0
0.599185 0.973674 0.746826 3 0.999742
0.63375 0.965777 0.746101 3 1.0
0.826492 0.785071 0.438962 12 0.0
0.820204 0.797187 0.428483 12 0.0
0.819561 0.799453 0.459749 12 0.0
0.832781 0.772956 0.449441 12 0.0
0.833423 0.77069 0.418174 12 0.0
0.733568 0.905365 0.573004 12 0.0
0.71973 0.916893 0.57518 12 0.0
0.73613 0.901976 0.607257 12 0.0
0.747405 0.893837 0.570828 12 0.0
0.731005 0.908753 0.538751 12 0.0
0.403275 0.003057 0.748212 1 1.0
0.82639 0.784029 0.467934 12 0.0
0.819707 0.797213 0.456114 12 0.0
0.819772 0.797632 0.486847 12 0.0
0.833074 0.770846 0.479755 12 0.0
0.833008 0.770427 0.449022 12 0.0
0.385362 0.978362 0.248295 13 1.0
0.643223 0.97294 0.250106 13 1.0
0.640063 0.956705 0.438275 12 0.0
0.620777 0.96542 0.441804 12 0.0
0.643841 0.953906 0.465827 12 0.0
0.659348 0.947991 0.434745 12 0.0
0.636285 0.959504 0.410722 12 0.0
0.588711 0.755604 0.746014 7 0.999992
0.350872 0.715983 0.754081 7 0.99873
0.831349 0.776481 0.747377 4 1.0
0.864647 0.167327 0.251116 13 1.0
0.306137 0.930117 0.439941 12 0.0
0.323186 0.943122 0.444393 12 0.0
0.292646 0.926493 0.50219 12 0.0
0.289088 0.917113 0.435489 12 0.0
0.319627 0.933742 0.377693 12 0.0
0.687674 0.010842 0.749179 3 1.0
0.818858 0.789402 0.36992 12 0.0
0.810018 0.807109 0.37134 12 0.0
0.819547 0.7876 0.396673 12 0.0
0.827698 0.771695 0.3685 12 0.0
0.818169 0.791204 0.343167 12 0.0
0.568086 0.773317 0.75218 7 0.999848
0.153698 0.244028 0.75486 3 1.0
0.191543 -0.000171 0.748641 1 1.0
0.43239 0.004834 0.374431 2 1.0
0.421662 0.008194 0.376105 2 1.0
0.433652 0.007887 0.37639 2 1.0
0.443118 0.001474 0.372757 2 1.0
0.431128 0.00178 0.372472 2 1.0
0.713708 0.922939 0.614627 12 0.0
0.697777 0.934829 0.617307 12 0.0
0.718478 0.919606 0.657788 12 0.0
0.729639 0.91105 0.611948 12 0.0
0.708937 0.926273 0.571467 12 0.0
0.128884 0.106226 0.247246 13 1.0
0.864779 -0.001297 0.758511 3 1.0
0.497485 0.9789 0.634288 12 0.0
0.523387 0.978739 0.630678 12 0.0
0.50255 0.985465 0.670334 12 0.0
0.471582 0.979062 0.637898 12 0.0
0.49242 0.972336 0.598242 12 0.0
0.642155 -0.000564 0.255346 1 1.0
0.650035 0.011886 0.24985 13 0.143153
0.864056 0.53968 0.249751 13 1.0
0.864932 0.204222 0.250421 13 1.0
0.830691 0.773894 0.617811 12 0.0
0.821018 0.795573 0.613044 12 0.0
0.827827 0.781539 0.658391 12 0.0
0.840364 0.752215 0.622577 12 0.0
0.833555 0.766249 0.57723 12 0.0
0.226859 0.858961 0.513721 6 0.0
0.239073 0.872646 0.510687 6 0.0
0.231101 0.864307 0.554914 6 0.0
0.214646 0.845277 0.516754 6 0.0
0.222618 0.853616 0.472528 6 0.0
0.834213 0.771553 0.662358 12 0.0
0.825762 0.791422 0.66144 12 0.0
0.835101 0.773205 0.689937 12 0.0
0.842665 0.751684 0.663276 12 0.0
0.833326 0.769901 0.634779 12 0.0
0.300583 0.93628 0.750501 3 1.0
0.462048 0.9841 0.616417 12 0.0
0.483324 0.98641 0.616601 12 0.0
0.461497 0.98603 0.656047 12 0.0
0.440771 0.98179 0.616234 12 0.0
0.462599 0.982169 0.576787 12 0.0
0.144632 0.561001 0.746484 3 1.0
0.795437 0.823522 0.249867 13 1.0
0.478519 0.993488 0.326967 12 0.0
0.479272 0.994283 0.300122 12 0.0
0.455085 0.992581 0.326283 12 0.0
0.477767 0.992693 0.353812 12 0.0
0.501953 0.994395 0.327651 12 0.0
0.865347 0.309645 0.251023 13 1.0
0.675467 0.437842 0.249539 7 0.999992
0.537773 0.993507 0.40346 12 0.0
0.52019 0.995176 0.403772 12 0.0
0.538697 0.993881 0.453541 12 0.0
0.555356 0.991838 0.403148 12 0.0
0.536849 0.993133 0.353379 12 0.0
0.717953 0.926313 0.469065 12 0.0
0.700641 0.939084 0.469954 12 0.0
0.719521 0.924413 0.526906 12 0.0
0.735265 0.913541 0.468177 12 0.0
0.716385 0.928212 0.411224 12 0.0
0.288514 0.940917 0.58257 6 1.0
0.519728 0.992357 0.470907 12 0.0
0.603015 -0.004218 0.59746 5 0.999997
0.15348 0.481041 0.748414 3 1.0
0.137209 0.493543 0.744139 3 0.676484
0.861572 -0.00774 0.248714 13 1.0
0.861043 -0.005228 0.250963 13 1.0
0.859088 -0.01055 0.251269 13 1.0
0.862101 -0.010251 0.246465 13 1.0
0.864056 -0.004929 0.246159 13 1.0
0.861846 0.65151 0.253919 13 0.999999
0.858895 0.250665 0.747545 3 0.991765
0.862891 3.4e-05 0.513735 1 1.0
0.470905 0.010155 0.252656 13 1.0
0.168997 0.350921 0.24997 13 0.0
0.838441 0.578937 0.250592 13 0.000223
0.13574 0.155651 0.249898 12 1.0
0.127328 0.288334 0.28098 12 0.002546
0.854397 0.518186 0.25185 13 1.0
0.712621 0.92437 0.673021 12 0.0
0.697225 0.936217 0.683476 12 0.0
0.723615 0.917683 0.69679 12 0.0
0.728016 0.912523 0.662567 12 0.0
0.701626 0.931057 0.649253 12 0.0
0.527498 0.991947 0.749008 3 0.999998
0.830265 0.778285 0.593535 12 0.0
0.823903 0.792627 0.588174 12 0.0
0.825401 0.789994 0.630632 12 0.0
0.836627 0.763943 0.598896 12 0.0
0.835129 0.766575 0.556438 12 0.0
0.778942 0.864724 0.549361 12 0.0
0.770587 0.874592 0.551976 12 0.0
0.783451 0.859125 0.584893 12 0.0
0.787298 0.854855 0.546746 12 0.0
0.774433 0.870323 0.513829 12 0.0
0.29249 0.92413 0.471272 12 0.0
0.311227 0.938736 0.47301 12 0.0
0.286586 0.923038 0.544106 12 0.0
0.273753 0.909525 0.469534 12 0.0
0.298394 0.925223 0.398439 12 0.0
0.481188 0.987752 0.745674 3 0.999754
0.412693 0.983001 0.411883 12 0.0
0.415147 0.982873 0.358051 12 0.0
0.434653 0.988944 0.41287 12 0.0
0.41024 0.983128 0.465715 12 0.0
0.390733 0.977058 0.410896 12 0.0
0.357667 0.964104 0.364324 12 0.0
0.337546 0.955494 0.365145 12 0.0
0.358923 0.964709 0.401389 12 0.0
0.377789 0.972715 0.363502 12 0.0
0.356412 0.9635 0.327258 12 0.0
0.654297 0.958717 0.354685 12 0.0
0.636163 0.967171 0.352982 12 0.0
0.651529 0.959651 0.388807 12 0.0
0.672432 0.950264 0.356388 12 0.0
0.657066 0.957784 0.320563 12 0.0
0.299452 0.929681 0.471975 12 0.0
0.310006 0.481832 0.270295 7 1.0
0.826751 0.786039 0.35539 12 0.0
0.820068 0.800729 0.355162 12 0.0
0.825873 0.786101 0.385161 12 0.0
0.833434 0.771348 0.355617 12 0.0
0.827629 0.785976 0.325618 12 0.0
0.293219 0.499478 0.253138 8 1.0
0.145892 0.200567 0.24895 13 0.011357
0.716649 0.561322 0.242846 7 0.999972
0.217728 0.001074 0.248583 13 1.0
0.859468 -0.00389 0.766862 3 1.0
0.86685 0.479229 0.24836 13 1.0
0.50411 0.002433 0.266115 1 1.0
0.311667 0.011482 0.253112 13 0.999998
0.613467 0.000931 0.255111 1 0.999998
0.588545 0.98114 0.747581 3 1.0
0.843559 0.739001 0.63614 12 0.0
0.843784 0.739158 0.599524 12 0.0
0.837475 0.758417 0.636186 12 0.0
0.843335 0.738843 0.672756 12 0.0
0.849644 0.719584 0.636093 12 0.0
0.8249 0.783724 0.523397 12 0.0
0.818954 0.79755 0.512569 12 0.0
0.81943 0.794713 0.540432 12 0.0
0.830846 0.769898 0.534225 12 0.0
0.83037 0.772735 0.506362 12 0.0
0.692963 0.935481 0.748057 3 1.0
0.784109 0.856392 0.341105 12 0.0
0.772354 0.870597 0.346798 12 0.0
0.789134 0.848483 0.371215 12 0.0
0.795864 0.842187 0.335412 12 0.0
0.779083 0.8643 0.310995 12 0.0
0.145621 0.56663 0.746889 3 1.0
0.847642 0.689902 0.56616 12 0.0
0.844937 0.701228 0.53456 12 0.0
0.841822 0.71579 0.575938 12 0.0
0.850346 0.678575 0.59776 12 0.0
0.853461 0.664013 0.556383 12 0.0
0.83665 0.002957 0.75184 3 1.0
0.317632 0.664891 0.262577 14 6.8e-05
0.400177 0.00274 0.749532 1 0.999998
0.550087 0.350397 0.749984 7 0.999953
0.356555 0.005671 0.467433 2 0.998327
0.143371 0.15223 0.744531 3 1.0
0.557114 0.001017 0.748013 3 0.99999
0.332753 0.003735 0.249545 13 1.0
0.583084 0.002767 0.748276 3 1.0
0.377999 -0.002214 0.57641 2 1.0
0.864538 0.220734 0.250606 13 1.0
0.151078 0.340086 0.746022 3 1.0
0.860752 0.433188 0.258593 12 1.0
0.135057 0.456817 0.256666 13 1.0
0.497477 0.001179 0.265616 1 0.006765
0.851041 0.338399 0.259338 13 0.99999
0.857381 0.459593 0.25166 13 1.0
0.139458 0.511588 0.252763 13 1.0
0.147045 0.396088 0.248319 13 1.0
0.14187 0.466508 0.258861 13 1.0
0.598026 0.981064 0.750239 3 1.0
0.138625 0.518416 0.741055 3 0.002807
0.480015 0.989722 0.746449 3 0.999999
0.552902 0.989583 0.750059 3 0.999987
0.227494 0.86791 0.598869 6 0.0
0.23644 0.877995 0.601948 6 0.0
0.222308 0.861813 0.633901 6 0.0
0.218548 0.857825 0.595789 6 0.0
0.23268 0.874007 0.563837 6 0.0
0.218694 0.843224 0.604948 6 0.0
0.229788 0.85829 0.610177 6 0.0
0.212476 0.83669 0.636969 6 0.0
0.2076 0.828158 0.599719 6 0.0
0.224912 0.849758 0.572927 6 0.0
0.865423 0.307603 0.251124 13 1.0
0.586633 0.762983 0.747816 7 0.999963
0.156986 0.032488 0.747085 3 1.0
0.153707 0.041901 0.749434 3 1.0
0.154108 0.032071 0.74474 3 1.0
0.160265 0.023076 0.744736 3 1.0
0.159864 0.032906 0.749429 3 1.0
0.217165 0.001933 0.751136 3 1.0
0.151191 0.68744 0.742172 3 1.0
0.153708 0.629379 0.753026 3 0.999564
0.150261 0.642241 0.753516 3 0.999564
0.146754 0.627518 0.752944 3 0.999564
0.157155 0.616517 0.752536 3 0.999564
0.160663 0.63124 0.753108 3 0.999564
0.710415 0.923852 0.625443 12 0.0
0.697725 0.931745 0.631438 12 0.0
0.717322 0.917927 0.647867 12 0.0
0.723105 0.915959 0.619449 12 0.0
0.703508 0.929777 0.60302 12 0.0
0.158867 0.002714 0.750656 3 1.0
0.858519 -0.001066 0.775033 3 1.0
0.854669 0.001435 0.773881 3 1.0
0.853441 -0.004003 0.785625 3 1.0
0.862369 -0.003566 0.776186 3 1.0
0.863597 0.001872 0.764442 3 1.0
0.122877 0.381797 0.242553 13 1.0
0.187898 -0.005711 0.246751 1 1.0
0.145244 0.315876 0.248278 13 0.999994
0.500414 0.0044 0.248847 13 0.999994
0.856549 0.426866 0.254527 13 1.0
0.878413 -0.008321 0.490403 1 1.0
0.867793 -0.002252 0.639783 1 1.0
0.827271 0.777949 0.596589 12 0.0
0.816977 0.799672 0.592844 12 0.0
0.826289 0.782992 0.628541 12 0.0
0.837565 0.756226 0.600335 12 0.0
0.828253 0.772906 0.564638 12 0.0
0.294741 0.926354 0.485955 12 0.0
0.314855 0.940946 0.486842 12 0.0
0.291385 0.926245 0.563887 12 0.0
0.274626 0.911762 0.485069 12 0.0
0.298096 0.926462 0.408024 12 0.0
0.289702 0.922864 0.694511 6 0.0
0.30818 0.936196 0.683619 6 0.0
0.294098 0.927051 0.707093 6 0.0
0.271224 0.909533 0.705404 6 0.0
0.285306 0.918677 0.68193 6 0.0
0.293056 0.924325 0.6856 6 0.0
0.310693 0.937418 0.669973 6 0.0
0.300681 0.930327 0.699234 6 0.0
0.275419 0.911232 0.701228 6 0.0
0.285431 0.918324 0.671967 6 0.0
0.141037 0.36071 0.747039 3 1.0
0.370582 0.001525 0.555409 5 0.979625
0.410902 0.001287 0.256057 1 1.0
0.85874 0.458656 0.253443 13 1.0
0.512988 0.000873 0.252381 13 1.0
0.501401 0.008153 0.267196 1 0.999526
0.136588 0.44673 0.251333 13 1.0
0.141967 0.159446 0.249363 13 1.0
0.172153 0.538789 0.242833 8 1.9e-05
0.165085 0.243092 0.244752 13 0.0
0.673831 0.000557 0.259606 1 1.0
0.139086 0.000728 0.469297 1 0.999966
0.854397 0.007831 0.420669 1 1.0
0.146819 0.626525 0.247707 13 1.0
0.135868 0.555753 0.249684 13 1.0
0.855002 0.483185 0.256821 13 1.0
0.836496 0.204367 0.744574 3 0.99998
0.143013 0.151045 0.250244 13 1.0
0.778295 0.864012 0.531002 12 0.0
0.767831 0.87657 0.535109 12 0.0
0.783256 0.857849 0.562485 12 0.0
0.788759 0.851454 0.526894 12 0.0
0.773334 0.870175 0.499519 12 0.0
0.142561 0.555663 0.745794 3 1.0
0.137957 0.512383 0.741491 3 0.131329
0.308726 0.464221 0.244239 14 0.998542
0.425754 0.761244 0.75449 7 0.999996
0.69538 0.647705 0.754039 7 0.999993
0.643881 0.959138 0.304759 9 0.228957
0.622941 0.968745 0.306904 9 0.228957
0.64402 0.955416 0.322788 9 0.228957
0.664821 0.94953 0.302613 9 0.228957
0.643741 0.96286 0.286729 9 0.228957
0.49758 0.00607 0.248266 13 0.999999
0.533284 0.005857 0.636101 2 0.999996
0.162439 0.021954 0.745223 3 0.987234
0.359803 0.002273 0.500922 5 0.843401
0.288373 0.473856 0.249584 8 1.0
0.713564 0.922255 0.596501 12 0.0
0.698748 0.933164 0.603731 12 0.0
0.722228 0.914932 0.625308 12 0.0
0.72838 0.911346 0.589272 12 0.0
0.7049 0.929578 0.567694 12 0.0
0.71688 0.519149 0.754899 3 0.999715
0.816617 -0.003247 0.246977 13 1.0
0.201674 0.000197 0.251602 1 1.0
0.15348 0.379655 0.246803 13 1e-06
0.54081 0.00027 0.255089 1 1.0
0.576921 -0.000222 0.252754 1 1.0
0.142976 0.458325 0.252717 13 0.001934
0.131172 0.372239 0.268204 12 0.000861
0.138744 0.158471 0.250828 13 1.0
0.498542 0.002311 0.255914 1 1.0
0.767377 0.006125 0.257167 1 0.999999
0.128199 0.197345 0.284127 12 0.000583
0.65542 0.957506 0.580042 12 0.0
0.63941 0.964675 0.574348 12 0.0
0.646636 0.961537 0.609818 12 0.0
0.671431 0.950337 0.585735 12 0.0
0.664204 0.953474 0.550265 12 0.0
0.210883 0.834248 0.747778 3 0.999999
0.220873 0.843846 0.747429 3 0.999999
0.207615 0.837739 0.750261 3 0.999999
0.200893 0.82465 0.748128 3 0.999999
0.21415 0.830757 0.745296 3 0.999999
0.82222 0.787725 0.56012 12 0.0
0.813954 0.804389 0.548103 12 0.0
0.814471 0.80383 0.587784 12 0.0
0.830486 0.771061 0.572137 12 0.0
0.829969 0.77162 0.532456 12 0.0
0.779413 0.8635 0.575506 12 0.0
0.770655 0.873894 0.5771 12 0.0
0.782081 0.860288 0.611106 12 0.0
0.788171 0.853107 0.573912 12 0.0
0.776745 0.866712 0.539905 12 0.0
0.494709 0.994218 0.566628 12 0.0
0.516788 0.994695 0.566885 12 0.0
0.494054 0.992736 0.625534 12 0.0
0.47263 0.993741 0.56637 12 0.0
0.495364 0.9957 0.507721 12 0.0
0.853226 0.705412 0.565076 12 0.0
0.851878 0.714578 0.536078 12 0.0
0.849155 0.723099 0.570856 12 0.0
0.854573 0.696245 0.594074 12 0.0
0.857296 0.687725 0.559296 12 0.0
0.731101 -8.8e-05 0.748659 1 1.0
0.849042 0.693376 0.395791 12 0.0
0.846664 0.708347 0.400962 12 0.0
0.850579 0.678696 0.439003 12 0.0
0.851419 0.678404 0.390621 12 0.0
0.847504 0.708055 0.35258 12 0.0
0.863758 0.216411 0.251342 13 1.0
0.14383 0.140459 0.247873 13 0.999993
0.639245 0.962143 0.531676 12 0.0
0.622774 0.969544 0.534383 12 0.0
0.643369 0.960382 0.561582 12 0.0
0.655716 0.954742 0.528969 12 0.0
0.635122 0.963903 0.50177 12 0.0
0.280134 0.001744 0.25 13 0.872662
0.686019 -0.000293 0.25707 1 1.0
0.710302 0.923749 0.60524 12 0.0
0.696008 0.9339 0.610099 12 0.0
0.717263 0.918202 0.63731 12 0.0
0.724596 0.913598 0.600381 12 0.0
0.70334 0.929297 0.57317 12 0.0
0.864153 0.002431 0.344723 1 1.0
0.42087 0.000925 0.253914 13 1.0
0.145039 0.166466 0.248237 13 0.003325
0.856041 0.000472 0.771286 3 1.0
0.853992 0.002382 0.769172 3 1.0
0.849476 0.000885 0.778022 3 1.0
0.85809 -0.001439 0.773401 3 1.0
0.862606 5.9e-05 0.764551 3 1.0
0.862559 0.001653 0.302359 1 1.0
0.137158 0.516129 0.251949 13 1.0
0.362072 0.002885 0.551417 2 0.999866
0.860897 0.000772 0.353302 1 0.971889
0.141907 0.482028 0.249857 13 1.0
0.13147 0.401401 0.261033 13 1.0
0.364566 0.969852 0.750029 3 1.0
0.142243 0.612625 0.75182 3 1.0
0.477593 0.988479 0.745932 3 1.0
0.18287 0.811523 0.751566 3 1.0
0.477849 0.990076 0.744794 3 0.999999
0.514406 0.003339 0.748765 1 1.0
0.212281 0.844748 0.64021 6 0.0
0.225309 0.863372 0.641345 6 0.0
0.209113 0.844834 0.675145 6 0.0
0.199252 0.826124 0.639075 6 0.0
0.215448 0.844661 0.605275 6 0.0
0.865007 0.272433 0.251411 13 1.0
0.653809 0.707851 0.750062 7 0.999997
0.80127 0.002678 0.24892 13 1.0
0.148437 0.724612 0.456758 12 0.0
0.153049 0.741435 0.465188 12 0.0
0.145797 0.712529 0.482317 12 0.0
0.143825 0.707789 0.448329 12 0.0
0.151077 0.736695 0.4312 12 0.0
0.862039 0.011959 0.569246 12 0.017506
0.465064 0.004101 0.356427 2 0.999997
0.723782 0.918955 0.464588 12 0.0
0.293257 0.942272 0.436281 12 1.0
0.565659 0.007784 0.745753 3 1.0
0.162314 0.762148 0.248492 13 1.0
0.61615 0.001511 0.747459 1 1.0
0.141068 0.006641 0.675905 1 1.0
0.709725 0.921891 0.605126 12 0.0
0.69468 0.932674 0.608667 12 0.0
0.714283 0.918367 0.635218 12 0.0
0.724771 0.911107 0.601585 12 0.0
0.705168 0.925414 0.575034 12 0.0
0.279066 0.560126 0.758476 11 0.999999
0.788613 -0.00439 0.264726 1 1.0
0.125785 0.419249 0.245836 13 1.0
0.135441 0.131344 0.250265 13 1.0
0.854439 -0.000629 0.764561 3 1.0
0.857435 0.473728 0.251261 13 1.1e-05
0.615356 -0.005177 0.251528 1 1.0
0.866728 0.545593 0.248681 12 1.0
0.144149 0.417737 0.254277 13 0.999985
0.62613 0.00111 0.748614 3 1.0
0.141605 0.507384 0.253002 13 1.0
0.856986 0.020261 0.628537 12 0.192675
0.161029 0.728878 0.745593 3 1.0
0.264873 0.906898 0.374527 12 0.0
0.274071 0.917563 0.392037 12 0.0
0.254775 0.898962 0.384665 12 0.0
0.255676 0.896234 0.357018 12 0.0
0.274971 0.914835 0.36439 12 0.0
0.608634 0.978057 0.749371 3 0.999999
0.293343 0.922416 0.472095 10 0.0
0.313244 0.937612 0.473243 10 0.0
0.288517 0.923228 0.544995 10 0.0
0.273443 0.90722 0.470946 10 0.0
0.29817 0.921603 0.399194 10 0.0
0.407899 0.984525 0.750147 3 1.0
0.856733 0.695753 0.414917 12 0.0
0.85348 0.714473 0.416313 12 0.0
0.857431 0.692128 0.465169 12 0.0
0.859986 0.677034 0.413522 12 0.0
0.856035 0.699379 0.364666 12 0.0
0.201744 0.834617 0.600403 12 0.0
0.214236 0.853115 0.602705 12 0.0
0.19859 0.831077 0.645963 12 0.0
0.189252 0.816118 0.598101 12 0.0
0.204898 0.838156 0.554843 12 0.0
0.399864 0.978647 0.592777 12 0.0
0.420018 0.984792 0.59309 12 0.0
0.39898 0.979174 0.639261 12 0.0
0.37971 0.972502 0.592463 12 0.0
0.400748 0.97812 0.546292 12 0.0
0.409006 0.965133 0.744972 3 0.999992
0.344135 0.96008 0.479759 12 0.0
0.350893 0.964836 0.466435 12 0.0
0.359195 0.966013 0.489515 12 0.0
0.337378 0.955323 0.493083 12 0.0
0.329075 0.954146 0.470002 12 0.0
0.166014 0.710069 0.748499 3 0.999999
0.430107 0.001354 0.368533 5 1.0
0.191601 0.821479 0.482248 12 0.0
0.199873 0.835372 0.483058 12 0.0
0.19039 0.819848 0.522615 12 0.0
0.18333 0.807585 0.481439 12 0.0
0.192812 0.823109 0.441881 12 0.0
0.56761 0.355979 0.747413 7 0.999935
0.150529 0.176172 0.24795 13 0.00023
0.715648 0.515842 0.750757 7 0.999987
0.133822 0.18503 0.74968 3 0.999766
0.865421 0.461706 0.74667 3 1.0
0.131867 0.25523 0.247138 12 1.0
0.493097 0.005555 0.270176 1 0.999658
0.138014 0.566755 0.2511 13 1.0
0.13076 0.157598 0.258821 15 0.997598
0.866252 0.087262 0.750991 4 1.0
0.195701 0.828511 0.748449 3 0.999998
0.844255 0.722334 0.619902 12 0.0
0.842879 0.722973 0.578562 12 0.0
0.837921 0.745936 0.620477 12 0.0
0.845631 0.721695 0.661242 12 0.0
0.850589 0.698732 0.619326 12 0.0
0.785699 0.858382 0.358645 12 0.0
0.778991 0.866755 0.359492 12 0.0
0.786879 0.855994 0.391576 12 0.0
0.792408 0.850008 0.357797 12 0.0
0.784519 0.860769 0.325713 12 0.0
0.225022 0.869053 0.750006 3 1.0
0.341037 0.953444 0.46536 12 0.0
0.627896 0.964168 0.746398 3 0.999996
0.475883 0.989245 0.745457 3 0.999999
0.149439 0.730413 0.537782 12 0.0
0.15432 0.748157 0.547304 12 0.0
0.14619 0.718119 0.562356 12 0.0
0.144559 0.712669 0.52826 12 0.0
0.152688 0.742706 0.513209 12 0.0
0.508331 0.344969 0.249224 14 0.999983
0.546878 0.990687 0.741201 12 0.999999
0.851417 0.686647 0.412783 12 0.0
0.848097 0.707359 0.415198 12 0.0
0.850502 0.680588 0.463494 12 0.0
0.854737 0.665934 0.410368 12 0.0
0.852331 0.692705 0.362072 12 0.0
0.231041 0.008378 0.748253 3 1.0
0.208838 0.846696 0.603804 6 0.0
0.427935 0.353995 0.75178 11 0.999998
0.418784 0.761754 0.248181 14 0.999991
0.598513 0.00222 0.61193 5 1.0
0.14191 0.144011 0.247868 13 0.979963
0.402341 0.763644 0.24788 14 0.968951
0.714005 0.919077 0.462828 12 0.0
0.700442 0.929258 0.464049 12 0.0
0.717058 0.916377 0.519237 12 0.0
0.727568 0.908895 0.461607 12 0.0
0.710952 0.921777 0.406419 12 0.0
0.137662 0.001249 0.493355 1 0.999959
0.302358 0.931762 0.438988 9 0.0
0.321245 0.94494 0.440584 9 0.0
0.297223 0.931496 0.501943 9 0.0
0.283472 0.918584 0.437392 9 0.0
0.307493 0.932028 0.376033 9 0.0
0.336694 0.003123 0.255463 1 0.874158
0.298276 0.939733 0.514664 10 1.0
0.865783 0.214694 0.250398 13 1.0
0.853154 0.55586 0.748193 4 0.999408
0.479777 0.995844 0.252648 13 0.999998
0.156613 0.192588 0.246675 13 2.2e-05
0.295278 0.925488 0.479698 12 0.0
0.314945 0.938648 0.481259 12 0.0
0.290486 0.92377 0.554561 12 0.0
0.275611 0.912329 0.478137 12 0.0
0.30007 0.927206 0.404834 12 0.0
0.688763 0.943981 0.251132 13 1.0
0.341727 0.95732 0.48983 12 0.0
0.356947 0.965436 0.460678 12 0.0
0.357027 0.964574 0.499837 12 0.0
0.326508 0.949203 0.518982 12 0.0
0.326428 0.950066 0.479823 12 0.0
0.131278 0.505045 0.315918 12 0.008352
0.133826 0.569415 0.31761 12 0.008352
0.130218 0.504483 0.338918 12 0.008352
0.128729 0.440675 0.314227 12 0.008352
0.132337 0.505608 0.292919 12 0.008352
0.854691 0.002721 0.413792 1 1.0
0.866686 0.507255 0.24835 13 1.0
0.14902 0.297034 0.257291 15 1.0
0.144305 0.323946 0.247526 13 1.0
0.518132 -0.000158 0.250484 13 1.0
0.239959 -0.00339 0.250326 1 1.0
0.13024 0.431118 0.291668 12 0.0
0.854022 0.514224 0.253039 13 1.0
0.863578 0.001855 0.492702 1 1.0
0.855538 0.281765 0.253036 13 1.0
0.146714 0.241686 0.247205 13 1.0
0.128036 0.18034 0.265807 15 0.198152
0.147288 0.325257 0.256056 12 1.0
0.858349 0.000932 0.409066 1 1.0
0.850022 0.727843 0.631373 12 0.0
0.848356 0.733809 0.593994 12 0.0
0.845808 0.743351 0.634035 12 0.0
0.851689 0.721878 0.668752 12 0.0
0.854236 0.712336 0.62871 12 0.0
0.160196 0.176006 0.245579 13 0.000147
0.492249 0.993974 0.570367 12 0.0
0.512054 0.994755 0.56963 12 0.0
0.494354 0.994029 0.62701 12 0.0
0.472443 0.993193 0.571104 12 0.0
0.490143 0.99392 0.513724 12 0.0
0.851677 0.706598 0.545426 12 0.0
0.850311 0.714842 0.505608 12 0.0
0.848705 0.721987 0.548714 12 0.0
0.853043 0.698355 0.585244 12 0.0
0.854649 0.691209 0.542138 12 0.0
0.478337 0.987441 0.744542 3 0.999893
0.221035 0.859331 0.444883 12 0.0
0.234345 0.875925 0.442697 12 0.0
0.223338 0.862904 0.486018 12 0.0
0.207725 0.842737 0.447069 12 0.0
0.218732 0.855758 0.403748 12 0.0
0.140832 0.143822 0.745368 3 0.996642
0.231325 0.871761 0.627926 6 0.0
0.246406 0.888546 0.628395 6 0.0
0.229925 0.871921 0.667238 6 0.0
0.216244 0.854976 0.627458 6 0.0
0.232724 0.871601 0.588615 6 0.0
0.693955 0.94027 0.250394 13 1.0
0.207826 0.84229 0.627373 6 0.0
0.219817 0.859079 0.630579 6 0.0
0.203878 0.837942 0.664915 6 0.0
0.195835 0.8255 0.624168 6 0.0
0.211774 0.846637 0.589832 6 0.0
0.65135 0.713031 0.747823 7 0.999999
0.863558 0.153403 0.252522 13 1.0
0.359817 0.956768 0.745095 4 0.999999
0.646192 -0.001144 0.466011 5 1.0
0.716606 0.584029 0.751594 7 0.999897
0.196181 -0.013894 0.246603 13 1.0
0.139853 0.454995 0.250576 13 1.0
0.859259 0.003228 0.404309 1 0.99995
0.143843 0.157788 0.249098 13 1.0
0.428566 0.012032 0.746911 3 1.0
0.133392 0.453134 0.252045 13 1.0
0.849543 0.003019 0.328687 1 0.000128
0.826413 0.002986 0.522092 1 0.0
0.144445 0.317572 0.248524 13 1.0
0.712 0.921665 0.656225 12 0.0
0.694275 0.934904 0.66762 12 0.0
0.720779 0.91545 0.677103 12 0.0
0.729725 0.908427 0.644831 12 0.0
0.703222 0.927881 0.635348 12 0.0
0.196114 0.830081 0.741144 6 0.999999
0.204937 0.840829 0.401712 12 0.0
0.215765 0.856602 0.40114 12 0.0
0.206093 0.841785 0.44995 12 0.0
0.194109 0.825056 0.402284 12 0.0
0.203782 0.839873 0.353474 12 0.0
0.781403 0.853712 0.355682 9 0.0
0.770818 0.866946 0.360461 9 0.0
0.787006 0.846725 0.387438 9 0.0
0.791989 0.840477 0.350902 9 0.0
0.775801 0.860699 0.323926 9 0.0
0.592802 0.982995 0.749247 3 1.0
0.143986 0.130776 0.742234 3 0.999998
0.839601 0.746698 0.747641 3 1.0
0.846682 0.73029 0.74685 3 1.0
0.383841 0.976762 0.25512 13 1.0
0.374637 0.94868 0.747826 3 1.0
0.147947 0.590306 0.256404 13 0.999947
0.468929 -0.004705 0.642462 2 1.0
0.141077 0.517662 0.737315 12 0.000634
0.134848 0.602482 0.258763 15 1.0
0.635156 -0.005572 0.245508 13 1.0
0.658594 -0.001174 0.24939 1 1.0
0.859456 -0.000963 0.761948 3 1.0
0.865097 0.002022 0.55056 1 1.0
0.608671 -0.000737 0.254825 1 0.999997
0.133159 0.516345 0.252153 13 1.0
0.617765 0.765603 0.749954 3 0.0
0.861094 0.463743 0.252947 13 0.989836
0.638354 0.966343 0.606037 10 0.0
0.623493 0.972084 0.609821 10 0.0
0.64339 0.964078 0.629253 10 0.0
0.653215 0.960601 0.602253 10 0.0
0.633318 0.968608 0.582821 10 0.0
0.159817 0.719395 0.741894 3 1.0
0.474667 0.996585 0.582386 12 0.0
0.855278 0.696717 0.392921 12 0.0
0.852094 0.710655 0.394416 12 0.0
0.854659 0.693429 0.422261 12 0.0
0.858461 0.682779 0.391426 12 0.0
0.855896 0.700005 0.363581 12 0.0
0.209673 0.843541 0.607825 10 0.0
0.223336 0.86238 0.606727 10 0.0
0.209764 0.846042 0.651863 10 0.0
0.196009 0.824703 0.608922 10 0.0
0.209581 0.841041 0.563786 10 0.0
0.13441 0.139071 0.251137 12 1.0
0.639718 0.962454 0.520794 12 0.0
0.620196 0.970743 0.521214 12 0.0
0.640552 0.962221 0.56407 12 0.0
0.659241 0.954165 0.520373 12 0.0
0.638885 0.962688 0.477517 12 0.0
0.693711 -0.001274 0.257547 1 0.961116
0.157048 0.033076 0.747297 3 0.999974
0.419347 0.353344 0.253788 7 0.999998
0.579833 0.001671 0.615055 5 0.770005
0.866335 -0.002741 0.301266 1 1.0
0.712653 0.508428 0.753953 7 0.999985
0.146635 0.246786 0.751422 3 1.0
0.63955 -0.008312 0.24614 13 1.0
0.151317 -0.008063 0.24707 1 1.0
0.13317 0.189238 0.257647 15 0.999508
0.863351 0.001896 0.624543 1 1.0
0.835687 0.001067 0.397705 1 0.000188
0.846896 0.001988 0.430444 1 0.00201
0.852001 0.253882 0.746821 3 0.00974
0.300682 0.007578 0.745869 3 1.0
0.527037 0.000527 0.255158 13 1.0
0.142342 0.623951 0.747722 3 0.999993
0.480856 0.990169 0.744687 3 0.999998
0.379694 0.973516 0.615807 12 0.0
0.396444 0.978904 0.609774 12 0.0
0.393167 0.978296 0.657485 12 0.0
0.362944 0.968128 0.621839 12 0.0
0.366221 0.968736 0.574129 12 0.0
0.214479 0.837796 0.605245 12 0.0
0.228236 0.857372 0.604337 12 0.0
0.214579 0.839525 0.644009 12 0.0
0.200722 0.81822 0.606154 12 0.0
0.214379 0.836067 0.566481 12 0.0
0.53683 0.990255 0.417499 12 0.0
0.524886 0.991295 0.415756 12 0.0
0.531598 0.992584 0.454751 12 0.0
0.548774 0.989215 0.419241 12 0.0
0.542062 0.987926 0.380246 12 0.0
0.64432 0.959582 0.330929 12 0.0
0.622911 0.968669 0.333294 12 0.0
0.64555 0.955771 0.356697 12 0.0
0.665729 0.950496 0.328563 12 0.0
0.643091 0.963394 0.305161 12 0.0
0.712781 0.911734 0.468789 12 0.0
0.700808 0.921435 0.471479 12 0.0
0.720317 0.906854 0.519923 12 0.0
0.724754 0.902034 0.466098 12 0.0
0.705244 0.916615 0.417654 12 0.0
0.648717 0.964887 0.507021 12 0.0
0.637676 0.969771 0.508271 12 0.0
0.651554 0.96452 0.533509 12 0.0
0.659758 0.960003 0.505771 12 0.0
0.645879 0.965254 0.480532 12 0.0
0.136275 0.292712 0.735196 12 1.0
0.138636 0.435758 0.264597 12 0.002068
0.136676 0.53408 0.250519 13 1.0
0.860521 0.00227 0.316077 1 1.0
0.863404 0.003444 0.345253 1 1.0
0.792878 -0.001024 0.262769 1 1.0
0.30689 0.001683 0.253485 1 1.0
0.132259 0.383265 0.255125 13 1.0
0.359161 0.965207 0.749415 3 1.0
0.594408 0.98227 0.748859 3 0.999987
0.174507 0.738568 0.744784 3 1.0
0.786932 0.862087 0.378635 12 0.0
0.772657 0.879983 0.379897 12 0.0
0.788042 0.860524 0.413352 12 0.0
0.801207 0.84419 0.377373 12 0.0
0.785823 0.863649 0.343918 12 0.0
0.599194 0.981714 0.750861 3 0.999996
0.45006 0.988098 0.745074 3 0.999979
0.269655 0.89834 0.745932 12 0.9999
0.595797 0.748841 0.747655 7 0.999997
0.12859 0.167854 0.259697 15 0.653858
0.163964 0.052691 0.74799 3 0.999998
0.130236 0.168756 0.256681 15 0.381115
0.13528 0.574533 0.736751 12 0.524972
0.392267 -0.000495 0.402937 5 1.0
0.353976 0.000444 0.471197 5 1.0
0.646706 0.002188 0.74849 1 1.0
0.182654 0.807311 0.254059 13 1.0
0.174541 0.002425 0.749251 1 1.0
0.379453 0.001365 0.586721 5 1.0
0.141617 0.127956 0.245958 13 1.0
0.864337 0.001076 0.295264 1 1.0
0.85524 -0.008953 0.249265 1 1.0
0.855986 -0.004724 0.249744 1 1.0
0.864567 -0.010687 0.250043 1 1.0
0.854494 -0.013182 0.248786 1 1.0
0.845913 -0.007219 0.248487 1 1.0
0.216065 -0.003046 0.248154 1 1.0
0.134303 0.469909 0.252991 12 1.0
0.544632 0.005737 0.250326 13 1.0
0.13579 0.56901 0.252188 13 1.0
0.135752 0.518981 0.251235 13 1.0
0.141795 0.575728 0.250729 13 1.0
0.134161 0.178403 0.255122 15 1.0
0.510485 0.002199 0.254401 1 1.0
0.13818 0.370112 0.742037 12 1.0
0.143191 0.524143 0.249384 13 1.0
0.603848 0.001646 0.748714 1 1.0
0.22177 0.860518 0.53361 6 0.0
0.228341 0.868405 0.530407 6 0.0
0.226102 0.869385 0.564338 6 0.0
0.215199 0.85263 0.536812 6 0.0
0.217438 0.85165 0.502882 6 0.0
0.485713 0.991297 0.595332 12 0.0
0.508699 0.992167 0.594918 12 0.0
0.486579 0.992204 0.645219 12 0.0
0.462727 0.990427 0.595747 12 0.0
0.484847 0.990391 0.545446 12 0.0
0.150458 0.607596 0.744461 3 0.995109
0.486373 0.988796 0.745893 3 1.0
0.388755 0.974596 0.594151 12 0.0
0.413338 0.982094 0.591274 12 0.0
0.393868 0.976696 0.643324 12 0.0
0.364172 0.967097 0.597027 12 0.0
0.383641 0.972495 0.544978 12 0.0
0.3625 0.002072 0.535716 5 1.0
0.19201 0.0077 0.247055 13 0.999717
0.715475 0.567817 0.241994 8 1.0
0.311605 0.000455 0.748242 1 0.999814
0.358346 0.003207 0.475931 5 0.996949
0.146269 0.585029 0.740712 3 0.980503
0.389636 0.37544 0.751452 7 0.999999
0.862429 -0.002463 0.626501 1 1.0
0.865389 -0.003159 0.676377 1 1.0
0.128405 -0.019468 0.251437 1 1.0
0.154892 -0.015241 0.256783 1 1.0
0.124982 -0.007553 0.258973 1 1.0
0.101918 -0.023696 0.24609 1 1.0
0.131828 -0.031384 0.2439 1 1.0
0.347207 0.001729 0.54482 1 3e-06
0.354196 0.001528 0.530465 5 0.999333
0.372639 0.00166 0.40587 1 0.0
0.147293 0.150482 0.751546 3 0.285205
0.719237 0.922361 0.454941 12 0.0
0.708693 0.928314 0.455792 12 0.0
0.720506 0.919389 0.491473 12 0.0
0.72978 0.916408 0.454091 12 0.0
0.717967 0.925333 0.41841 12 0.0
0.140881 0.142749 0.262784 13 0.783063
0.141266 0.537744 0.734706 3 0.002729
0.858286 0.003332 0.496922 1 1.0
0.866929 0.418223 0.248983 12 1.0
0.643179 -0.008906 0.246169 13 1.0
0.153285 0.386383 0.247623 13 3e-06
0.763816 -0.007651 0.249103 13 1.0
0.623027 0.014252 0.251487 13 0.166073
0.720408 0.922422 0.52249 12 0.0
0.356393 0.002936 0.464933 1 0.999911
0.606838 -0.000869 0.256345 1 1.0
0.151369 0.21668 0.752334 3 1.0
0.153176 0.173714 0.241501 13 1.0
0.67331 -0.009414 0.244451 13 1.0
0.164069 0.338936 0.245478 13 0.0
0.561042 0.013266 0.262106 5 1.0
0.348382 0.967878 0.753001 3 1.0
0.47669 0.991219 0.602715 15 0.0
0.491414 0.991074 0.603435 15 0.0
0.475706 0.991188 0.622815 15 0.0
0.461966 0.991363 0.601994 15 0.0
0.477674 0.99125 0.582614 15 0.0
0.417036 0.987204 0.75168 3 1.0
0.648243 0.962961 0.447573 10 0.0
0.637844 0.967345 0.449256 10 0.0
0.649734 0.961051 0.461762 10 0.0
0.658643 0.958577 0.445891 10 0.0
0.646753 0.964871 0.433384 10 0.0
0.544969 0.98923 0.408179 12 0.0
0.527823 0.991823 0.410406 12 0.0
0.54923 0.987331 0.443199 12 0.0
0.562115 0.986638 0.405953 12 0.0
0.540709 0.99113 0.37316 12 0.0
0.829399 0.761058 0.25018 13 1.0
0.355703 0.004371 0.471948 5 1.0
0.139194 0.150483 0.248475 13 0.999999
0.375802 0.382933 0.750925 7 0.998736
0.639686 0.962159 0.505831 12 0.0
0.621395 0.970505 0.509082 12 0.0
0.643088 0.960865 0.528296 12 0.0
0.657977 0.953813 0.502581 12 0.0
0.636284 0.963453 0.483367 12 0.0
0.296426 0.013977 0.744908 3 0.999943
0.33025 0.69486 0.243603 7 0.999998
0.309653 0.943659 0.553058 12 1.0
0.143349 0.477355 0.737377 3 0.076521
0.363316 0.003846 0.453794 2 0.999997
0.383852 9.1e-05 0.408126 5 1.0
0.432224 0.990126 0.749624 3 1.0
0.172547 -0.000407 0.748514 1 1.0
0.305052 0.647646 0.24406 14 0.999997
0.445272 0.000126 0.360802 5 0.999999
0.386327 0.001608 0.596419 5 0.999987
0.875987 -0.006089 0.741121 1 1.0
0.414459 0.005767 0.384051 5 1.0
0.133211 0.200835 0.741481 3 0.99919
0.355909 0.006079 0.464033 1 0.999995
0.144991 0.525288 0.249632 13 0.995291
0.865859 -0.00132 0.367977 1 1.0
0.13262 0.423869 0.251405 13 1.0
0.283037 -0.00547 0.246993 1 1.0
0.154021 0.568449 0.241518 8 1.0
0.859083 0.01804 0.50074 12 0.0
0.8436 0.348684 0.747191 4 0.001616
0.858197 0.321086 0.747881 4 0.999996
0.855973 0.01207 0.403373 12 5e-06
0.861126 0.000903 0.53948 1 1.0
0.371713 0.000313 0.250394 1 1.0
0.589536 0.036832 0.246427 13 0.024338
0.281705 0.001448 0.249108 13 1.0
0.85065 0.669126 0.745678 3 1.0
0.51527 0.007112 0.253542 13 1.0
0.637287 0.000449 0.251998 13 1.0
0.138692 0.51232 0.252434 13 0.145345
0.709792 0.921872 0.673201 12 0.0
0.692092 0.936474 0.685923 12 0.0
0.720971 0.916334 0.695113 12 0.0
0.727492 0.907271 0.66048 12 0.0
0.698613 0.927411 0.65129 12 0.0
0.206034 0.840111 0.419434 12 0.0
0.217769 0.857678 0.418841 12 0.0
0.207162 0.841132 0.47197 12 0.0
0.194298 0.822544 0.420028 12 0.0
0.204906 0.83909 0.366899 12 0.0
0.626104 0.967969 0.59348 12 0.0
0.608576 0.974611 0.599594 12 0.0
0.634855 0.964481 0.622356 12 0.0
0.643632 0.961327 0.587366 12 0.0
0.617353 0.971456 0.564603 12 0.0
0.48499 0.991347 0.615724 12 0.0
0.50307 0.991771 0.615178 12 0.0
0.485868 0.991996 0.645322 12 0.0
0.46691 0.990924 0.61627 12 0.0
0.484112 0.990699 0.586127 12 0.0
0.631134 0.970328 0.748389 3 1.0
0.579301 0.980551 0.480089 12 0.0
0.592466 0.97701 0.479604 12 0.0
0.58004 0.979131 0.510444 12 0.0
0.566137 0.984092 0.480575 12 0.0
0.578563 0.98197 0.449735 12 0.0
0.658997 0.956305 0.393844 12 0.0
0.332352 0.960432 0.249365 13 0.999989
0.653368 0.958018 0.441384 12 0.0
0.641873 0.963657 0.443306 12 0.0
0.658851 0.954779 0.483661 12 0.0
0.664864 0.95238 0.439461 12 0.0
0.647886 0.961258 0.399107 12 0.0
0.601773 0.750711 0.751474 7 0.999999
0.550316 0.988056 0.420266 12 0.0
0.352877 0.0013 0.503024 2 1.0
0.65797 0.954434 0.342093 12 0.0
0.647934 0.95909 0.347594 12 0.0
0.670044 0.947661 0.369856 12 0.0
0.668006 0.949778 0.336593 12 0.0
0.645896 0.961207 0.31433 12 0.0
0.654777 0.414465 0.755815 11 0.999999
0.716595 0.002495 0.255857 1 1.0
0.332191 0.415576 0.751154 11 1.0
0.862424 0.230137 0.742182 3 1.0
0.397406 0.370451 0.735493 7 0.001301
0.392268 0.967483 0.7424 4 0.999974
0.657966 0.957301 0.521989 12 0.0
0.643842 0.964137 0.522214 12 0.0
0.65841 0.956618 0.570658 12 0.0
0.672089 0.950464 0.521764 12 0.0
0.657521 0.957983 0.47332 12 0.0
0.862416 0.353888 0.249517 13 0.999987
0.302796 0.935389 0.432457 12 0.0
0.320945 0.946302 0.429893 12 0.0
0.30808 0.940505 0.491644 12 0.0
0.284646 0.924475 0.435021 12 0.0
0.297511 0.930272 0.37327 12 0.0
0.158391 0.678608 0.74895 3 0.999759
0.30941 0.944317 0.553529 10 1.0
0.615583 0.372958 0.743038 7 0.00387
0.371378 0.001132 0.426075 2 1.0
0.488356 0.99218 0.512301 12 0.0
0.507358 0.992787 0.511791 12 0.0
0.489377 0.990991 0.548907 12 0.0
0.469355 0.991573 0.512811 12 0.0
0.487336 0.993369 0.475695 12 0.0
0.142948 0.577716 0.253141 12 1.0
0.147889 0.085811 0.752151 3 1.0
0.86334 -0.002124 0.313551 1 1.0
0.465999 0.001784 0.350981 5 1.0
0.123045 0.379735 0.242535 13 1.0
0.849876 -0.005174 0.431129 1 1.0
0.862481 0.665869 0.385232 12 0.0
0.860587 0.680635 0.387563 12 0.0
0.863628 0.661526 0.413672 12 0.0
0.864375 0.651102 0.382901 12 0.0
0.861334 0.670211 0.356792 12 0.0
0.586243 0.985063 0.564614 12 0.0
0.857423 -0.00531 0.521948 1 1.0
0.137654 0.384053 0.255758 13 1.0
0.134212 0.50909 0.251306 12 1.0
0.138545 0.443601 0.253915 13 1.0
0.524542 0.993343 0.573949 12 0.0
0.543986 0.99355 0.574408 12 0.0
0.523784 0.994647 0.605464 12 0.0
0.505098 0.993136 0.57349 12 0.0
0.5253 0.992039 0.542434 12 0.0
0.585657 0.982834 0.510474 12 0.0
0.86683 0.002772 0.458342 1 0.985935
0.857573 0.206203 0.748034 3 1.0
0.641094 0.000183 0.256064 1 1.0
0.226841 0.003384 0.250453 13 0.953157
0.147303 0.446418 0.748131 3 1.0
0.400995 0.00155 0.25426 1 1.0
0.398698 0.000786 0.257416 1 1.0
0.13374 0.202709 0.254327 12 1.0
0.462646 3.5e-05 0.250118 1 1.0
0.712945 0.920888 0.684103 12 0.0
0.694777 0.935615 0.696319 12 0.0
0.722095 0.916775 0.702669 12 0.0
0.731113 0.906162 0.671886 12 0.0
0.703794 0.925001 0.665536 12 0.0
0.162413 0.727939 0.743201 3 1.0
0.225704 0.857784 0.514356 6 0.0
0.234807 0.867717 0.50938 6 0.0
0.234822 0.868781 0.552987 6 0.0
0.216601 0.84785 0.519333 6 0.0
0.216586 0.846787 0.475726 6 0.0
0.48779 0.992943 0.598522 12 0.0
0.509251 0.994095 0.599681 12 0.0
0.486144 0.992126 0.629798 12 0.0
0.466329 0.99179 0.597363 12 0.0
0.489436 0.99376 0.567245 12 0.0
0.144823 0.578415 0.750762 3 1.0
0.647257 0.961665 0.393665 12 0.0
0.645832 0.961066 0.446571 12 0.0
0.631184 0.967885 0.449106 12 0.0
0.648155 0.9587 0.466363 12 0.0
0.66048 0.954247 0.444036 12 0.0
0.643508 0.963432 0.42678 12 0.0
0.207563 0.840062 0.642496 6 0.0
0.221491 0.859906 0.643105 6 0.0
0.207527 0.839167 0.672479 6 0.0
0.193634 0.820217 0.641887 6 0.0
0.207599 0.840957 0.612512 6 0.0
0.644617 0.716124 0.742105 7 1.0
0.340392 0.402884 0.754303 11 0.999997
0.349785 0.006748 0.477904 2 1.0
0.858603 0.103656 0.7508 3 0.999999
0.377564 0.379523 0.748782 11 0.9998
0.571181 0.356077 0.749182 7 0.999998
0.384326 0.001485 0.253142 1 0.999959
0.640071 0.964351 0.511622 10 0.0
0.62794 0.969721 0.512244 10 0.0
0.641062 0.962958 0.543027 10 0.0
0.652201 0.95898 0.511001 10 0.0
0.639079 0.965744 0.480218 10 0.0
0.309079 0.006528 0.745305 3 0.999708
0.132581 0.201777 0.257556 12 0.088484
0.771831 0.862926 0.249321 13 1.0
0.85122 0.31218 0.749887 3 0.013384
0.133527 0.001182 0.297997 1 1.0
0.490419 0.346281 0.245905 14 0.999925
0.66442 0.417451 0.752479 11 0.999952
0.859319 0.575784 0.749909 3 0.99999
0.299709 0.651468 0.247081 7 0.991819
0.143938 0.552997 0.751595 3 1.0
0.483447 0.346657 0.248525 7 0.999999
0.864317 -0.000143 0.623966 1 1.0
0.630216 0.390677 0.749532 7 0.999999
0.404957 -0.000114 0.399076 5 1.0
0.4715 -0.009615 0.248211 1 1.0
0.867153 -0.001854 0.432094 1 1.0
0.283553 0.001189 0.254888 1 0.391098
0.86564 -0.000368 0.493157 1 1.0
0.667378 -0.001805 0.255593 1 1.0
0.8643 0.000756 0.440141 1 1.0
0.861636 0.001356 0.478708 1 1.0
0.444521 0.00248 0.250038 1 1.0
0.40726 0.013998 0.251035 13 0.025477
0.136019 0.484914 0.252507 12 1.0
0.133402 0.639453 0.251264 13 1.0
0.499336 0.00272 0.257556 1 1.0
0.132977 0.133666 0.259951 15 0.999817
0.129123 0.133873 0.266724 15 0.999817
0.133355 0.108163 0.260947 15 0.999817
0.136832 0.133458 0.253178 15 0.999817
0.132599 0.159169 0.258955 15 0.999817
0.863319 0.403996 0.252784 13 1.0
0.135226 0.523397 0.251251 13 1.0
0.237256 -0.005198 0.248151 1 1.0
0.713394 0.922615 0.665466 12 0.0
0.697609 0.934882 0.675651 12 0.0
0.724687 0.915483 0.691559 12 0.0
0.729179 0.910347 0.655282 12 0.0
0.702101 0.929747 0.639374 12 0.0
0.207362 0.838769 0.404335 12 0.0
0.218596 0.854941 0.405421 12 0.0
0.207428 0.836041 0.444301 12 0.0
0.196129 0.822597 0.40325 12 0.0
0.207296 0.841497 0.364369 12 0.0
0.640463 0.968882 0.578334 12 0.0
0.629377 0.972994 0.581488 12 0.0
0.64499 0.967127 0.59653 12 0.0
0.651549 0.96477 0.575179 12 0.0
0.635937 0.970638 0.560137 12 0.0
0.807722 0.827928 0.750923 3 1.0
0.652323 0.955163 0.37378 12 0.0
0.634266 0.963606 0.375335 12 0.0
0.653652 0.952974 0.401101 12 0.0
0.670379 0.94672 0.372225 12 0.0
0.650993 0.957352 0.346458 12 0.0
0.643713 0.963426 0.454757 12 0.0
0.631893 0.967911 0.455964 12 0.0
0.646395 0.963364 0.481253 12 0.0
0.655533 0.958941 0.45355 12 0.0
0.641031 0.963489 0.42826 12 0.0
0.551765 0.346826 0.751072 11 0.994833
0.551426 0.351797 0.751167 11 0.994833
0.56017 0.34748 0.746866 11 0.994833
0.552105 0.341855 0.750978 11 0.994833
0.543361 0.346172 0.755279 11 0.994833
0.131186 0.174146 0.25856 15 0.172228
0.357162 0.00479 0.46173 2 1.0
0.649556 0.964592 0.333247 12 0.0
0.637995 0.969794 0.332302 12 0.0
0.647369 0.964835 0.361366 12 0.0
0.661117 0.959391 0.334191 12 0.0
0.651744 0.964349 0.305128 12 0.0
0.489019 0.333624 0.752495 3 6.1e-05
0.134582 0.003917 0.568626 15 0.999938
0.642629 0.960228 0.521057 12 0.0
0.627624 0.966591 0.52364 12 0.0
0.646991 0.957377 0.553421 12 0.0
0.657635 0.953864 0.518474 12 0.0
0.638267 0.963079 0.488692 12 0.0
0.13576 0.255513 0.277393 12 0.000819
0.866253 0.058256 0.748488 12 1.0
0.607836 0.371893 0.747819 7 0.999979
0.295435 0.940123 0.455716 10 1.0
0.393728 0.980295 0.377252 12 0.0
0.39821 0.981974 0.335057 12 0.0
0.410628 0.985347 0.379249 12 0.0
0.389245 0.978616 0.419447 12 0.0
0.376827 0.975244 0.375256 12 0.0
0.145457 0.540484 0.251955 13 1.0
0.71663 0.924741 0.587937 12 0.0
0.705411 0.932054 0.593282 12 0.0
0.722679 0.919024 0.608455 12 0.0
0.72785 0.917428 0.582592 12 0.0
0.710582 0.930459 0.567419 12 0.0
0.132527 0.212074 0.749428 3 1.0
0.140085 0.588417 0.250112 13 1.0
0.421198 0.358462 0.751106 11 0.999987
0.863132 0.003131 0.586888 1 1.0
0.132368 0.562841 0.252014 13 1.0
0.691255 0.00668 0.253276 13 0.898183
0.716481 -0.002567 0.748517 1 1.0
0.851812 0.243297 0.746981 3 1.0
0.84108 0.315913 0.748605 3 0.002155
0.150698 0.387642 0.24679 13 0.001772
0.133846 0.171188 0.254826 15 0.995597
0.160061 0.20447 0.247268 13 9e-06
0.50597 0.001592 0.261164 1 1.0
0.148858 0.23532 0.247196 13 1.0
0.865182 -8.3e-05 0.555502 1 1.0
0.131811 0.514354 0.250772 13 1.0
0.848474 0.381097 0.747393 3 1.0
0.516033 0.011674 0.256091 13 1.0
0.866522 0.005095 0.490126 1 0.0
0.140365 0.508539 0.251912 13 1.0
0.137677 0.472854 0.249244 13 1.0
0.670478 -0.002895 0.251433 1 1.0
0.351812 -0.003938 0.251289 1 1.0
0.592152 0.976367 0.74568 3 1.0
0.480212 0.993834 0.608201 12 0.0
0.138961 0.569371 0.747795 3 0.999998
0.379316 0.972819 0.729498 12 0.99998
0.651442 0.958667 0.379858 12 0.0
0.632861 0.96713 0.381722 12 0.0
0.652948 0.957419 0.400541 12 0.0
0.670023 0.950204 0.377995 12 0.0
0.649936 0.959915 0.359175 12 0.0
0.646726 0.961551 0.445237 12 0.0
0.632605 0.967646 0.448038 12 0.0
0.649865 0.959893 0.464673 12 0.0
0.660847 0.955457 0.442436 12 0.0
0.643586 0.96321 0.425802 12 0.0
0.129786 0.167021 0.265578 12 0.097861
0.642451 0.961241 0.525961 12 0.0
0.624819 0.968926 0.528571 12 0.0
0.645287 0.959255 0.55096 12 0.0
0.660084 0.953555 0.523351 12 0.0
0.639616 0.963227 0.500962 12 0.0
0.869529 0.372974 0.248538 13 1.0
0.302838 0.93064 0.444851 12 0.0
0.319811 0.94307 0.448306 12 0.0
0.292034 0.927442 0.509431 12 0.0
0.285864 0.91821 0.441396 12 0.0
0.313641 0.933838 0.380271 12 0.0
0.12811 0.270612 0.268341 15 0.296148
0.498418 -0.000651 0.361645 5 0.964577
0.352186 0.002268 0.486248 2 1.0
0.866021 -0.000533 0.639639 1 1.0
0.449296 0.3523 0.249174 7 1.0
0.795831 -0.00305 0.253803 1 1.0
0.863427 -0.000884 0.579668 1 1.0
0.130425 0.52469 0.247917 13 1.0
0.189084 -0.009253 0.252453 1 1.0
0.865062 0.336474 0.751099 3 1.0
0.86611 -0.000973 0.603737 1 1.0
0.861688 0.003997 0.602057 1 0.999998
0.143123 0.410474 0.248001 13 0.999823
0.419223 0.008172 0.256307 1 1.0
0.142347 0.612595 0.249496 13 1.0
0.138265 0.510648 0.25098 13 1.0
0.865723 0.002092 0.508269 1 1.0
0.131911 0.219884 0.249854 12 1.0
0.86119 0.446084 0.253446 13 1.0
0.370442 0.011555 0.253285 1 1.0
0.133107 0.608261 0.248602 13 0.999999
0.146339 0.330748 0.247165 13 1.0
0.142673 0.177698 0.749523 3 1.0
0.135355 0.539434 0.251536 13 1.0
0.453886 0.01511 0.252323 13 1.0
0.628774 0.96709 0.601159 12 0.0
0.610104 0.974657 0.60682 12 0.0
0.63805 0.961983 0.638574 12 0.0
0.647444 0.959523 0.595497 12 0.0
0.619498 0.972197 0.563744 12 0.0
0.595857 0.983445 0.75005 3 1.0
0.48514 0.99086 0.6061 12 0.0
0.505965 0.991766 0.604609 12 0.0
0.487373 0.991363 0.637598 12 0.0
0.464314 0.989954 0.607591 12 0.0
0.482906 0.990357 0.574602 12 0.0
0.138814 0.625772 0.749165 3 1.0
0.787016 0.004667 0.751401 3 1.0
0.649456 0.961211 0.392514 12 0.0
0.206939 0.84409 0.631553 6 0.0
0.216177 0.857836 0.633088 6 0.0
0.204722 0.841278 0.670077 6 0.0
0.1977 0.830345 0.630018 6 0.0
0.209155 0.846903 0.593029 6 0.0
0.157882 0.185374 0.246873 13 0.000197
0.353842 0.002693 0.46139 5 1.0
0.651879 0.960168 0.340779 12 0.0
0.634509 0.968169 0.340438 12 0.0
0.650832 0.959141 0.369969 12 0.0
0.669249 0.952168 0.341121 12 0.0
0.652927 0.961196 0.31159 12 0.0
0.699554 0.93479 0.560251 10 0.0
0.689712 0.941934 0.556048 10 0.0
0.691876 0.93705 0.582073 10 0.0
0.709396 0.927646 0.564453 10 0.0
0.707232 0.932531 0.538428 10 0.0
0.647224 0.961193 0.540595 12 0.0
0.636727 0.966026 0.542166 12 0.0
0.651023 0.960486 0.568149 12 0.0
0.65772 0.956359 0.539023 12 0.0
0.643424 0.9619 0.51304 12 0.0
0.296431 0.015013 0.744411 3 0.999468
0.868187 0.334485 0.249536 13 1.0
0.612053 0.377759 0.74779 7 0.999995
0.8645 -0.002583 0.291944 1 1.0
0.148653 0.05332 0.749781 3 1.0
0.716052 0.923221 0.611601 12 0.0
0.703831 0.931035 0.617809 12 0.0
0.722749 0.916335 0.633454 12 0.0
0.728274 0.915407 0.605394 12 0.0
0.709355 0.930107 0.589749 12 0.0
0.149587 0.546823 0.749082 3 1.0
0.427787 0.004071 0.375628 2 1.0
0.138119 0.121221 0.247626 13 1.0
0.183041 -0.003826 0.247321 13 1.0
0.864316 -0.00032 0.570887 1 1.0
0.128252 0.286821 0.271441 12 0.002463
0.861133 0.012048 0.56148 12 0.999935
0.866754 -0.001922 0.665988 1 1.0
0.143216 0.302886 0.25523 12 1.0
0.130021 0.396899 0.257262 13 1.0
0.136486 0.151128 0.251225 13 1.0
0.331453 0.004733 0.250761 13 1.0
0.139208 0.460629 0.25074 13 1.0
0.142531 0.326502 0.263959 15 0.000454
0.842525 0.753192 0.489764 10 0.0
0.840868 0.760949 0.490444 10 0.0
0.84306 0.751648 0.508662 10 0.0
0.844181 0.745434 0.489083 10 0.0
0.841989 0.754735 0.470865 10 0.0
0.738943 0.007898 0.74962 3 1.0
0.135766 0.36942 0.251368 13 1.0
0.145813 0.127064 0.745811 3 1.0
0.14203 0.305095 0.255471 12 1.0
0.152416 0.159645 0.243844 13 1.0
0.699109 0.002363 0.247435 13 1.0
0.425396 0.008631 0.250108 13 1.0
0.128432 0.352089 0.258966 12 1.0
0.509174 0.01551 0.249897 13 0.999998
0.863894 -0.001114 0.536111 1 1.0
0.717259 -0.003301 0.250426 1 1.0
0.551331 0.01718 0.251543 13 0.999992
0.8638 -0.000434 0.488474 1 1.0
0.166616 0.22845 0.246564 13 0.0
0.609783 0.978622 0.7517 3 0.999999
0.770539 0.001416 0.749125 1 1.0
0.668742 0.694063 0.750013 7 0.99996
0.648336 0.960106 0.375314 12 0.0
0.630632 0.968536 0.375736 12 0.0
0.648723 0.960076 0.392185 12 0.0
0.66604 0.951675 0.374892 12 0.0
0.647948 0.960136 0.358443 12 0.0
0.813854 0.000604 0.252893 1 1.0
0.134812 0.174083 0.740358 12 0.000772
0.355211 0.001029 0.531379 5 1.0
0.646455 0.96369 0.513875 12 0.0
0.63654 0.968524 0.515317 12 0.0
0.648629 0.962051 0.534313 12 0.0
0.656371 0.958857 0.512433 12 0.0
0.644282 0.96533 0.493436 12 0.0
0.404501 -0.001158 0.389625 5 1.0
0.865481 0.217221 0.250007 13 1.0
0.760532 -0.003244 0.249623 1 1.0
0.862564 0.41621 0.744076 12 1.0
0.262665 -0.005331 0.243661 1 1.0
0.861656 -0.001842 0.558628 1 1.0
0.864445 0.003629 0.628059 1 1.0
0.252523 -0.003659 0.251302 1 1.0
0.342574 0.0051 0.251789 13 0.784537
0.132101 0.507073 0.250985 13 1.0
0.527956 0.012641 0.249006 13 1.0
0.846259 0.002882 0.560702 1 0.001513
0.157101 0.302599 0.248046 13 8.7e-05
0.168459 0.263219 0.248534 13 0.0
0.137517 0.349663 0.249244 13 1.0
0.85627 0.322122 0.253272 13 1.0
0.431851 0.008899 0.24899 13 1.0
0.864337 0.476212 0.250313 12 1.0
0.13944 0.12053 0.24788 13 1.0
0.134829 0.497061 0.250952 13 1.0
0.661936 0.019008 0.265164 13 1.0
0.771676 0.872795 0.25065 13 1.0
0.645996 0.960624 0.396033 12 0.0
0.632004 0.966565 0.395537 12 0.0
0.645074 0.961203 0.428977 12 0.0
0.659988 0.954684 0.39653 12 0.0
0.646919 0.960046 0.36309 12 0.0
0.647292 0.963146 0.453627 10 0.0
0.634548 0.969546 0.45628 10 0.0
0.650463 0.961242 0.473451 10 0.0
0.660036 0.956746 0.450974 10 0.0
0.644121 0.96505 0.433803 10 0.0
0.639403 0.962643 0.531867 12 0.0
0.621109 0.970467 0.535464 12 0.0
0.643496 0.960227 0.55794 12 0.0
0.657696 0.954819 0.52827 12 0.0
0.635309 0.96506 0.505794 12 0.0
0.292309 0.017014 0.74574 3 0.999775
0.307829 0.00292 0.251236 13 1.0
0.38932 0.002517 0.41713 5 0.999999
0.389212 0.00632 0.420056 5 0.999999
0.376992 -0.00198 0.42252 5 0.999999
0.389427 -0.001285 0.414203 5 0.999999
0.401647 0.007014 0.411739 5 0.999999
0.298545 0.642331 0.248458 14 1.0
0.141936 0.546383 0.748322 3 0.996461
0.132617 0.363959 0.729528 12 1.0
0.20223 -0.003745 0.240082 1 1.0
0.146885 0.220002 0.246881 13 1.0
0.339666 0.707541 0.247837 7 1.0
0.142686 0.461345 0.297121 12 0.000698
0.859356 0.428255 0.253647 13 0.999993
0.859086 0.482673 0.745303 4 0.999998
0.434838 0.004571 0.250839 13 1.0
0.787339 0.010966 0.248394 13 0.043086
0.137668 0.359599 0.247825 13 0.999968
0.135313 0.387559 0.254682 13 1.0
0.862823 0.40431 0.253187 13 1.0
0.12803 0.396346 0.290213 12 3e-06
0.170854 0.512539 0.247048 13 1.1e-05
0.858818 0.001976 0.536422 1 0.592677
0.710594 -0.002035 0.256039 1 0.984011
0.863422 0.388727 0.256015 13 1.0
0.695511 0.013764 0.248205 13 0.284075
0.168539 0.482694 0.245655 13 0.005437
0.131968 0.193771 0.251532 12 1.0
0.132546 0.306147 0.251257 13 1.0
0.864084 0.001141 0.589207 1 1.0
0.858016 0.223846 0.254247 13 1.0
0.640345 0.967428 0.59955 10 0.0
0.628683 0.972337 0.602744 10 0.0
0.644018 0.965879 0.61534 10 0.0
0.652007 0.962519 0.596356 10 0.0
0.636672 0.968977 0.58376 10 0.0
0.134217 0.002147 0.376813 1 0.415568
0.62517 0.981088 0.759813 12 1.0
0.498536 0.993105 0.600581 12 0.0
0.518977 0.993037 0.602599 12 0.0
0.495608 0.993213 0.630237 12 0.0
0.478096 0.993173 0.598562 12 0.0
0.501465 0.992997 0.570924 12 0.0
0.703989 0.002684 0.748793 1 1.0
0.42924 0.989335 0.381823 12 0.0
0.432771 0.990738 0.339821 12 0.0
0.447073 0.992664 0.383433 12 0.0
0.425708 0.987932 0.423824 12 0.0
0.411406 0.986006 0.380212 12 0.0
0.808 0.820458 0.747532 3 1.0
0.650562 0.964435 0.472104 12 0.0
0.86458 0.205698 0.250908 13 1.0
0.638688 0.961213 0.538772 12 0.0
0.620576 0.968861 0.540513 12 0.0
0.642249 0.959629 0.582787 12 0.0
0.6568 0.953565 0.537032 12 0.0
0.635126 0.962797 0.494758 12 0.0
0.126958 0.233915 0.293428 12 0.000191
0.597338 0.364533 0.748486 7 0.934389
0.128663 0.180122 0.253216 13 1.0
0.131369 0.358794 0.726459 12 1.0
0.282648 0.607441 0.752333 7 0.999994
0.135547 0.193338 0.266702 12 0.015271
0.279951 -0.001725 0.248197 1 1.0
0.138208 0.584552 0.248764 13 1.0
0.865652 0.001351 0.460162 1 1.0
0.136356 0.377718 0.252491 13 1.0
0.13239 0.517616 0.253013 13 1.0
0.162836 0.28256 0.247086 13 0.000402
0.865913 -0.00146 0.409119 1 1.0
0.157484 0.490247 0.254484 13 2e-06
0.688318 0.001634 0.748722 1 1.0
0.380667 -0.002444 0.248443 1 1.0
0.135952 0.56892 0.250834 13 1.0
0.1393 0.540507 0.251018 13 1.0
0.485662 0.00248 0.246798 13 1.0
0.20643 0.841235 0.423754 12 0.0
0.218561 0.85808 0.424215 12 0.0
0.205619 0.840465 0.473207 12 0.0
0.194298 0.82439 0.423292 12 0.0
0.20724 0.842005 0.3743 12 0.0
0.642034 0.963949 0.660806 12 0.0
0.625811 0.970482 0.653961 12 0.0
0.632051 0.96893 0.689217 12 0.0
0.658258 0.957417 0.667652 12 0.0
0.652017 0.958969 0.632395 12 0.0
0.650723 0.960909 0.367982 12 0.0
0.639755 0.966078 0.369367 12 0.0
0.653265 0.960497 0.389652 12 0.0
0.661691 0.955739 0.366597 12 0.0
0.64818 0.96132 0.346312 12 0.0
0.647286 0.962955 0.436235 10 0.0
0.633099 0.969014 0.439073 10 0.0
0.650099 0.960173 0.45624 10 0.0
0.661473 0.956896 0.433398 10 0.0
0.644473 0.965737 0.41623 10 0.0
0.130298 0.188834 0.260247 15 0.994629
0.350973 0.003987 0.476707 5 1.0
0.646412 0.962896 0.522911 12 0.0
0.630085 0.970519 0.526414 12 0.0
0.649942 0.960869 0.543773 12 0.0
0.662739 0.955272 0.519408 12 0.0
0.642882 0.964922 0.502049 12 0.0
0.862244 0.438734 0.253016 13 1.0
0.133441 0.147839 0.260076 12 0.547577
0.862651 0.000378 0.573443 1 1.0
0.777646 -0.00518 0.248999 13 1.0
0.206636 -0.003045 0.250433 1 1.0
0.352764 0.002965 0.496597 2 1.0
0.13031 0.496386 0.250844 13 1.0
0.138752 0.556723 0.24978 13 0.957571
0.646495 0.960823 0.457422 12 0.0
0.632948 0.967223 0.459907 12 0.0
0.651127 0.958913 0.487599 12 0.0
0.660042 0.954423 0.454938 12 0.0
0.641863 0.962733 0.427246 12 0.0
0.81434 0.000682 0.535817 1 0.0
0.143443 0.53991 0.749866 3 1.0
0.866712 0.555556 0.248561 13 1.0
0.867259 0.004448 0.496426 1 0.996702
0.867221 -0.003571 0.706141 1 1.0
0.138304 0.384705 0.255629 13 1.0
0.128155 0.3385 0.258523 15 1.0
0.156157 0.387318 0.247584 13 0.000237
0.830682 0.003481 0.525407 1 4.9e-05
0.133228 0.16147 0.250639 12 1.0
0.145627 0.364613 0.254072 12 1.0
0.817007 0.001279 0.536142 1 0.0
0.163662 0.340164 0.748029 3 0.999981
0.866828 0.553132 0.248194 13 1.0
0.133766 0.381896 0.262393 15 1.0
0.439581 -0.006038 0.248392 13 1.0
0.135793 0.289803 0.250476 13 1.0
0.144349 0.511883 0.251108 13 1.0
0.161305 0.395679 0.24512 13 0.0
0.134328 0.374748 0.258514 13 1.0
0.477185 0.99102 0.599662 12 0.0
0.493568 0.992005 0.599648 12 0.0
0.477204 0.991363 0.647652 12 0.0
0.460801 0.990035 0.599675 12 0.0
0.477165 0.990678 0.551672 12 0.0
0.137916 0.611217 0.743957 12 0.99525
0.648861 0.959674 0.375927 12 0.0
0.634047 0.967196 0.377948 12 0.0
0.650181 0.956649 0.396859 12 0.0
0.663675 0.952151 0.373906 12 0.0
0.647542 0.962699 0.354995 12 0.0
0.643717 0.96261 0.448243 12 0.0
0.630677 0.968249 0.448936 12 0.0
0.644303 0.959339 0.485869 12 0.0
0.656758 0.95697 0.44755 12 0.0
0.643131 0.96588 0.410618 12 0.0
0.596508 0.753731 0.7511 11 0.999996
0.428598 0.771082 0.75266 7 0.999614
0.644816 0.960494 0.338199 12 0.0
0.627614 0.968181 0.337939 12 0.0
0.644518 0.960793 0.366737 12 0.0
0.662018 0.952807 0.338459 12 0.0
0.645114 0.960196 0.309662 12 0.0
0.639703 0.961515 0.526327 12 0.0
0.621971 0.969559 0.529547 12 0.0
0.643348 0.959222 0.552129 12 0.0
0.657435 0.953471 0.523107 12 0.0
0.636057 0.963809 0.500525 12 0.0
0.127398 0.233906 0.271596 15 0.182816
0.2957 0.488478 0.242268 14 0.659223
0.657156 0.417293 0.741788 11 0.999748
0.86774 0.004588 0.393574 12 1.0
0.460619 0.771043 0.751837 7 1.0
0.141317 0.129008 0.248567 13 0.028494
0.380165 0.00132 0.591096 5 0.996827
0.143326 0.158693 0.248617 13 0.014017
0.149874 0.33866 0.744782 3 1.0
0.61833 0.006093 0.255886 13 0.174973
0.860954 0.461245 0.251625 13 1.0
0.135153 0.377831 0.25616 13 1.0
0.862072 0.002894 0.374417 12 1.0
0.274718 -0.001939 0.25117 1 1.0
0.146429 0.288556 0.24823 13 1.0
0.842231 -0.000599 0.493608 1 1.0
0.615445 0.018277 0.246829 13 1e-06
0.854459 0.016226 0.519995 12 0.892216
0.148581 0.322143 0.74678 3 1.0
0.682742 0.002228 0.253522 1 0.905397
0.522201 0.019164 0.24942 13 0.014254
0.166003 0.355685 0.244503 13 0.002109
0.531215 0.012884 0.258413 13 1.0
0.135359 0.420124 0.25252 15 1.0
0.608093 0.02435 0.248002 13 0.999988
0.142402 0.555467 0.741705 3 1.0
0.147419 0.159698 0.247848 13 1.0
0.867409 0.541173 0.247992 9 1.0
0.234528 0.880226 0.75012 3 1.0
0.729677 0.003139 0.748917 1 1.0
0.647158 0.957889 0.381035 12 0.0
0.635604 0.96304 0.380332 12 0.0
0.645087 0.958344 0.418409 12 0.0
0.658713 0.952738 0.381738 12 0.0
0.649229 0.957433 0.343661 12 0.0
0.64472 0.962945 0.464846 12 0.0
0.630712 0.969312 0.46618 12 0.0
0.6479 0.962889 0.498484 12 0.0
0.658728 0.956578 0.463511 12 0.0
0.64154 0.963001 0.431207 12 0.0
0.135075 0.149239 0.251222 12 0.999987
0.333332 0.702834 0.756449 7 0.999994
0.158071 0.18151 0.246206 13 0.00033
0.863892 0.103855 0.748613 3 1.0
0.368875 0.955758 0.745848 4 0.999998
0.368337 0.958387 0.746127 4 0.999998
0.361891 0.954402 0.745154 4 0.999998
0.369413 0.95313 0.745568 4 0.999998
0.375858 0.957114 0.746542 4 0.999998
0.863803 0.093588 0.747039 3 0.999951
0.310298 0.948052 0.603436 6 1.0
0.609269 0.371408 0.746101 7 0.883116
0.71072 0.503059 0.247271 8 0.99995
0.187588 0.002555 0.750833 3 1.0
0.866971 0.056471 0.750148 12 1.0
0.870189 0.598234 0.23981 9 1.0
0.868769 0.418005 0.2473 13 1.0
0.380996 0.355358 0.753259 11 0.999994
0.693061 5.4e-05 0.255787 13 1.0
0.155339 0.56679 0.253462 13 0.995252
0.163462 0.335599 0.246397 13 0.000108
0.136947 0.552924 0.276137 15 0.004456
0.858731 0.000368 0.526844 1 0.999982
0.852254 0.33561 0.743842 3 1.0
0.145647 0.169968 0.75286 3 1.0
0.831842 0.003846 0.551996 1 0.0
0.149705 0.413825 0.247182 13 0.52057
0.867278 0.47195 0.24827 12 1.0
0.133386 0.474115 0.250996 12 1.0
0.136551 0.357974 0.249292 13 0.999998
0.142284 -0.001074 0.427701 1 1.0
0.864543 0.274179 0.251694 13 1.0
0.868261 0.468823 0.247904 13 1.0
0.277339 0.000204 0.248589 13 1.0
0.139147 0.285857 0.746078 3 1.0
0.493473 0.000951 0.252111 1 1.0
0.151637 0.307867 0.247749 13 0.001149
0.147701 0.334547 0.2514 13 0.00568
0.865234 -0.001056 0.453356 1 1.0
0.379323 0.962431 0.744839 3 0.999996
0.595596 0.976701 0.746479 3 0.99996
0.143435 0.628293 0.751201 3 0.999997
0.638094 0.964958 0.65772 12 0.0
0.620912 0.971918 0.650016 12 0.0
0.6269 0.970118 0.687348 12 0.0
0.655277 0.957999 0.665423 12 0.0
0.649289 0.959799 0.628092 12 0.0
0.226603 0.87034 0.73087 10 0.999948
0.391163 0.975915 0.594022 12 0.0
0.413667 0.982518 0.592988 12 0.0
0.393038 0.977089 0.642329 12 0.0
0.368658 0.969312 0.595056 12 0.0
0.389287 0.974742 0.545715 12 0.0
0.648051 0.960075 0.370717 12 0.0
0.633985 0.966252 0.371539 12 0.0
0.648811 0.957994 0.399353 12 0.0
0.662117 0.953897 0.369895 12 0.0
0.647291 0.962155 0.342081 12 0.0
0.645514 0.961158 0.456426 12 0.0
0.629932 0.96798 0.459066 12 0.0
0.648958 0.959348 0.481432 12 0.0
0.661096 0.954335 0.453786 12 0.0
0.64207 0.962968 0.431421 12 0.0
0.341211 0.712096 0.753134 7 0.973772
0.364282 0.000674 0.547082 5 1.0
0.646375 0.962601 0.529292 12 0.0
0.631947 0.969564 0.531942 12 0.0
0.649739 0.96014 0.554079 12 0.0
0.660803 0.955638 0.526642 12 0.0
0.64301 0.965062 0.504505 12 0.0
0.290557 0.934021 0.575628 6 1.0
0.823182 0.78834 0.375386 12 0.0
0.815273 0.804559 0.376229 12 0.0
0.823348 0.78717 0.399452 12 0.0
0.831091 0.772122 0.374543 12 0.0
0.823016 0.789511 0.35132 12 0.0
0.605533 0.369823 0.751907 7 1.0
0.445354 0.005933 0.368322 5 1.0
0.4356 0.005938 0.37277 5 1.0
0.446787 0.008802 0.371461 5 1.0
0.455108 0.005927 0.363875 5 1.0
0.443921 0.003063 0.365183 5 1.0
0.868596 0.449313 0.249296 13 1.0
0.132481 0.08637 0.246924 13 1.0
0.861913 -0.000462 0.559015 1 1.0
0.131231 0.165038 0.256512 12 0.764169
0.146017 0.571044 0.251166 13 0.997902
0.867994 -0.001402 0.502381 1 1.0
0.866089 -0.000869 0.420259 1 1.0
0.142355 0.388753 0.254392 13 1.0
0.531071 0.009261 0.251457 13 0.99934
0.129265 0.205177 0.258584 12 0.996435
0.322716 0.001745 0.256375 1 0.999999
0.616511 0.015351 0.249266 13 1.0
0.375583 0.974805 0.562998 10 0.0
0.383346 0.976357 0.563526 10 0.0
0.374012 0.974048 0.588347 10 0.0
0.367821 0.973253 0.56247 10 0.0
0.377155 0.975562 0.537649 10 0.0
0.86194 -0.001794 0.489173 1 1.0
0.143255 0.241096 0.750605 3 1.0
0.13493 0.464878 0.251121 13 1.0
0.146816 0.284007 0.241943 13 1.0
0.38055 0.000407 0.253166 1 0.701675
0.140419 0.334968 0.2486 13 0.007853
0.6905 0.009079 0.25687 13 1.0
0.581358 -0.001994 0.250718 13 1.0
0.857803 0.003041 0.563213 1 0.979123
0.166051 0.451587 0.244997 13 0.01305
0.688729 0.00625 0.250503 13 0.998893
0.133311 0.178001 0.253947 15 0.998283
0.294583 -0.000221 0.251689 1 1.0
0.598487 0.013866 0.252788 13 0.999998
0.372221 0.974013 0.503829 12 0.0
0.86475 0.40838 0.750497 3 1.0
0.436267 0.006486 0.260403 1 1.0
0.138926 0.358405 0.247954 13 1.0
0.858007 0.492393 0.250485 13 1.0
0.632062 0.96508 0.593878 12 0.0
0.614054 0.972447 0.59889 12 0.0
0.640167 0.96135 0.628481 12 0.0
0.65007 0.957713 0.588866 12 0.0
0.623957 0.96881 0.559275 12 0.0
0.542989 0.992262 0.749995 3 0.999997
0.473219 0.994 0.593887 12 0.0
0.490319 0.995067 0.59466 12 0.0
0.471545 0.994182 0.63062 12 0.0
0.456118 0.992934 0.593113 12 0.0
0.474892 0.993818 0.557153 12 0.0
0.645519 0.952099 0.383129 12 0.0
0.625759 0.961261 0.385737 12 0.0
0.648129 0.950428 0.40878 12 0.0
0.665279 0.942936 0.380522 12 0.0
0.642909 0.953769 0.357479 12 0.0
0.648159 0.962454 0.440732 10 0.0
0.630039 0.969523 0.445161 10 0.0
0.650401 0.959029 0.455368 10 0.0
0.666279 0.955385 0.436303 10 0.0
0.645918 0.965879 0.426095 10 0.0
0.863461 0.116588 0.747881 4 0.999993
0.849597 0.73101 0.75078 3 1.0
0.864417 0.135509 0.251609 13 1.0
0.862797 0.198321 0.747308 3 1.0
0.486959 0.99412 0.513014 12 0.0
0.502009 0.994936 0.512655 12 0.0
0.487991 0.994393 0.55678 12 0.0
0.47191 0.993305 0.513374 12 0.0
0.485928 0.993847 0.469249 12 0.0
0.649564 0.000902 0.745902 1 1.0
0.236028 0.001562 0.249507 13 1.0
0.162744 0.219506 0.244974 13 2e-06
0.141297 0.594947 0.249613 13 0.927206
0.255603 -0.006622 0.2439 1 1.0
0.864426 0.604572 0.755514 3 1.0
0.876204 -0.008661 0.628409 1 1.0
0.159287 0.217559 0.246896 13 8e-06
0.157236 0.316975 0.751964 3 0.457458
0.853548 0.489761 0.253036 13 1.0
0.308366 0.015068 0.743013 3 1.0
0.864036 0.003255 0.340263 1 1.0
0.857779 0.346706 0.251533 13 1.0
0.132771 0.169773 0.252467 13 1.0
0.186662 0.002985 0.248267 13 0.65968
0.864567 -0.000367 0.584861 1 1.0
0.131496 0.309522 0.262111 15 1.0
0.130786 0.257901 0.247228 12 1.0
0.705813 -0.001029 0.255048 1 1.0
0.152852 0.458275 0.748961 3 0.999999
0.710471 -0.001159 0.254986 1 1.0
0.138934 0.398933 0.746145 12 1.0
0.167078 0.353914 0.244906 13 0.000473
0.138263 0.225691 0.245707 13 1.0
0.142639 0.603878 0.250534 13 0.941999
0.15995 0.714549 0.746062 3 1.0
0.295781 0.925348 0.749186 3 0.999871
0.310662 0.939387 0.750409 3 1.0
0.484043 0.992899 0.589353 12 0.0
0.140885 0.626437 0.746114 3 0.976604
0.425126 0.976905 0.740617 3 0.999991
0.835586 0.79138 0.245715 13 1.0
0.137664 0.626274 0.747407 3 0.999839
0.272562 0.908567 0.747095 12 0.999988
0.651067 0.958888 0.37421 12 0.0
0.639117 0.964255 0.375006 12 0.0
0.652227 0.957806 0.398915 12 0.0
0.663018 0.95352 0.373415 12 0.0
0.649908 0.95997 0.349506 12 0.0
0.644464 0.962127 0.455035 12 0.0
0.159254 0.763443 0.750348 3 1.0
0.854246 0.125048 0.748315 3 0.999999
0.363722 0.955751 0.744429 3 0.99989
0.859512 0.268815 0.746605 3 1.0
0.644786 0.963039 0.514033 12 0.0
0.633031 0.967962 0.515123 12 0.0
0.647063 0.963638 0.535881 12 0.0
0.656541 0.958115 0.512943 12 0.0
0.642509 0.962439 0.492185 12 0.0
0.605277 0.370459 0.750831 7 0.999962
0.861999 0.207176 0.746829 3 1.0
0.361174 0.002557 0.555227 5 1.0
0.866758 -0.003174 0.714399 1 1.0
0.354398 0.957875 0.745559 3 1.0
0.131227 0.512678 0.750569 10 1.0
0.362009 0.001702 0.550366 2 1.0
0.137479 0.660572 0.247506 13 1.0
0.867935 -0.001566 0.640537 1 1.0
0.389006 0.974826 0.62015 12 0.0
0.412851 0.98218 0.617489 12 0.0
0.393266 0.975952 0.661424 12 0.0
0.365161 0.967473 0.622812 12 0.0
0.384747 0.973701 0.578876 12 0.0
0.420308 -0.011577 0.243007 13 1.0
0.867824 -0.007282 0.508856 1 1.0
0.597673 0.190755 0.541955 5 0.0
0.590063 0.214278 0.537825 5 0.0
0.585184 0.195851 0.59399 5 0.0
0.605283 0.167232 0.546085 5 0.0
0.610162 0.18566 0.48992 5 0.0
0.142524 0.406262 0.751329 3 0.999988
0.152023 0.161439 0.749782 3 0.005868
0.865852 0.33559 0.250597 13 1.0
0.557202 0.013822 0.254203 13 0.997809
0.135847 0.398833 0.25286 13 1.0
0.613616 0.167552 0.503541 5 0.0
0.602538 0.220184 0.489699 5 0.0
0.612036 0.17946 0.550088 5 0.0
0.624694 0.114919 0.517382 5 0.0
0.615196 0.155643 0.456994 5 0.0
0.156863 0.161209 0.75275 3 0.000101
0.14167 0.197684 0.24836 13 1.0
0.139659 0.247818 0.747532 3 1.0
0.137249 0.167148 0.744939 3 0.999999
0.627908 -0.001501 0.254835 1 1.0
0.642838 0.968046 0.586929 12 0.0
0.634371 0.971615 0.589041 12 0.0
0.645342 0.966274 0.599967 12 0.0
0.651306 0.964477 0.584818 12 0.0
0.640335 0.969819 0.573892 12 0.0
0.48111 0.996135 0.587678 12 0.0
0.139489 0.63665 0.734044 12 0.000606
0.648905 0.954738 0.369084 12 0.0
0.629101 0.963946 0.371233 12 0.0
0.652004 0.952684 0.406441 12 0.0
0.668709 0.94553 0.366935 12 0.0
0.645807 0.956792 0.331726 12 0.0
0.65504 0.959339 0.684321 12 0.0
0.640773 0.965478 0.677931 12 0.0
0.6476 0.964135 0.705539 12 0.0
0.669307 0.9532 0.690712 12 0.0
0.662481 0.954543 0.663104 12 0.0
0.651523 0.964767 0.466603 10 0.588066
0.641289 0.970355 0.46851 10 0.588066
0.654569 0.96447 0.483812 10 0.588066
0.661758 0.95918 0.464695 10 0.588066
0.648478 0.965064 0.449394 10 0.588066
0.60783 0.976413 0.568861 12 0.0
0.589465 0.982295 0.570463 12 0.0
0.612114 0.975555 0.621146 12 0.0
0.626196 0.970532 0.56726 12 0.0
0.603546 0.977272 0.516577 12 0.0
0.646945 0.95785 0.344027 12 0.0
0.622935 0.968201 0.344922 12 0.0
0.647716 0.957116 0.373213 12 0.0
0.670954 0.947498 0.343133 12 0.0
0.646173 0.958583 0.314842 12 0.0
0.646444 0.408566 0.254977 8 1.0
0.647293 0.964013 0.531238 12 0.0
0.637913 0.968846 0.533291 12 0.0
0.652583 0.963046 0.557696 12 0.0
0.656672 0.95918 0.529186 12 0.0
0.642002 0.96498 0.504781 12 0.0
0.863418 -0.000908 0.627344 1 1.0
0.494599 0.99424 0.517288 12 0.0
0.514507 0.994701 0.517062 12 0.0
0.495343 0.994351 0.583022 12 0.0
0.474692 0.993779 0.517514 12 0.0
0.493856 0.994129 0.451553 12 0.0
0.218923 0.001021 0.74885 1 1.0
0.75398 -0.001901 0.24979 1 1.0
0.677307 -0.009725 0.245697 13 1.0
0.559438 -0.0045 0.2416 13 1.0
0.391924 0.000852 0.416215 5 1.0
0.393715 0.003679 0.418173 5 1.0
0.383283 0.004636 0.418652 5 1.0
0.390134 -0.001975 0.414256 5 1.0
0.400566 -0.002933 0.413778 5 1.0
0.131757 0.432806 0.747908 12 1.0
0.14343 0.594274 0.248905 13 0.123191
0.149181 0.526554 0.746768 10 0.96859
0.865232 0.014649 0.475043 12 0.000232
0.146878 0.203913 0.748082 3 0.002647
0.334788 0.001481 0.254482 1 0.999629
0.148408 0.244376 0.748419 3 1.0
0.127656 0.225204 0.262628 15 0.850128
0.151039 0.309632 0.745221 3 1.0
0.830433 0.001958 0.524771 1 5e-06
0.356545 0.00189 0.253781 1 1.0
0.517045 0.002058 0.25797 1 1.0
0.485087 0.000233 0.246355 13 1.0
0.423096 0.003325 0.254166 13 1.0
0.135339 0.526212 0.70997 12 0.0
0.589083 0.005991 0.742143 1 1.0
0.145814 0.277512 0.743006 3 1.6e-05
0.126126 0.320215 0.271868 15 1.0
0.339076 0.00203 0.253904 1 0.999997
0.145724 0.48175 0.751028 3 1.0
0.512258 0.000743 0.254628 13 1.0
0.861767 0.4332 0.252138 13 1.0
0.85976 0.40317 0.25569 13 1.0
0.143851 0.331282 0.747427 3 1.0
0.147771 0.401505 0.745102 3 1.0
0.499862 0.011968 0.248914 13 0.020912
0.137095 0.584366 0.248771 13 0.999746
0.86525 -0.001385 0.459651 1 1.0
0.834026 0.000726 0.52826 1 0.995582
0.127069 0.559366 0.252973 15 1.0
0.326532 -0.003225 0.250687 1 1.0
0.347838 0.000947 0.245479 13 1.0
0.859053 -0.002355 0.495083 1 1.0
0.133003 0.489246 0.25315 13 1.0
0.133741 0.300699 0.250752 13 1.0
0.133001 0.345972 0.253824 12 1.0
0.637276 0.965403 0.592249 12 0.0
0.624805 0.970926 0.595718 12 0.0
0.646313 0.961364 0.631169 12 0.0
0.649748 0.95988 0.58878 12 0.0
0.62824 0.969442 0.553329 12 0.0
0.469947 0.991058 0.603075 12 0.0
0.484641 0.991858 0.60071 12 0.0
0.475233 0.990747 0.635809 12 0.0
0.455254 0.990259 0.605441 12 0.0
0.464661 0.99137 0.570342 12 0.0
0.26973 0.907673 0.746212 10 0.99999
0.647267 0.960036 0.382034 12 0.0
0.63664 0.965106 0.384236 12 0.0
0.652022 0.956296 0.413591 12 0.0
0.657893 0.954967 0.379832 12 0.0
0.642512 0.963776 0.350478 12 0.0
0.4717 -0.000296 0.366105 2 1.0
0.51546 0.785187 0.754067 11 0.999915
0.379146 0.965531 0.743266 3 0.999997
0.857513 0.196855 0.748125 3 1.0
0.136735 -0.002355 0.388458 1 1.0
0.142153 0.141068 0.749735 3 0.994723
0.37018 0.966604 0.745301 4 1.0
0.866123 0.376727 0.249429 13 1.0
0.862613 0.598946 0.748838 3 1.0
0.86503 0.487065 0.750027 3 1.0
0.149055 0.143784 0.247284 13 0.000131
0.774404 -0.006832 0.2456 13 1.0
0.134023 0.645216 0.252923 8 1.0
0.388398 0.003754 0.411442 5 1.0
0.145648 0.583504 0.252556 13 1.0
0.643036 0.960138 0.446724 12 0.0
0.629711 0.966404 0.44859 12 0.0
0.645161 0.957835 0.469628 12 0.0
0.65636 0.953872 0.444857 12 0.0
0.64091 0.962441 0.42382 12 0.0
0.666824 -0.003938 0.243175 13 1.0
0.735858 0.576233 0.751367 3 0.0
0.136944 0.586605 0.745551 12 5e-05
0.350733 0.002586 0.256644 1 0.999981
0.329006 0.000906 0.250598 1 1.0
0.865934 0.364099 0.249938 12 1.0
0.135619 0.000796 0.45726 1 1.0
0.135933 0.414695 0.249121 13 1.0
0.627077 -0.00165 0.748274 1 1.0
0.293751 0.001589 0.254932 1 1.0
0.694075 -0.002113 0.25212 1 1.0
0.493625 0.00176 0.248372 13 1.0
0.136386 0.311388 0.262747 15 1.0
0.142071 0.432202 0.735269 3 1.0
0.511102 -2.2e-05 0.246499 13 1.0
0.137376 0.509874 0.245874 13 1.0
0.148856 0.363928 0.745961 3 0.000215
0.85978 0.003925 0.415167 1 0.000127
0.828445 0.000951 0.49058 1 0.0
0.147988 0.333735 0.746251 3 1.0
0.738944 -0.00172 0.746527 1 1.0
0.671971 0.000466 0.747702 1 1.0
0.518262 0.001746 0.748048 3 1.0
0.864513 -0.001351 0.561145 1 1.0
0.856932 0.002536 0.410998 1 1.0
0.14473 0.342773 0.748058 3 1.0
0.275038 -0.001592 0.247365 13 1.0
0.138861 0.250598 0.748409 3 1.0
0.865506 0.001354 0.497078 1 1.0
0.135179 0.566613 0.254694 13 0.00111
0.139129 0.29667 0.248917 13 1.0
0.147539 0.630181 0.749334 3 1.0
0.828524 0.785655 0.405232 10 0.0
0.823411 0.795034 0.397244 10 0.0
0.822519 0.795901 0.421106 10 0.0
0.833637 0.776277 0.413219 10 0.0
0.834529 0.775409 0.389357 10 0.0
0.651952 0.963006 0.390264 12 0.0
0.633864 0.971331 0.391147 12 0.0
0.652893 0.962655 0.412836 12 0.0
0.670041 0.954681 0.389381 12 0.0
0.651012 0.963357 0.367693 12 0.0
0.650422 0.960865 0.444465 10 0.0
0.643608 0.963844 0.44672 10 0.0
0.655276 0.958527 0.462223 10 0.0
0.657235 0.957885 0.442211 10 0.0
0.645567 0.963203 0.426708 10 0.0
0.136962 0.611825 0.250892 13 1.0
0.645215 0.408137 0.257602 7 0.999998
0.637176 0.962937 0.524493 12 0.0
0.615843 0.972077 0.527033 12 0.0
0.639941 0.961025 0.554597 12 0.0
0.65851 0.953797 0.521953 12 0.0
0.634411 0.964849 0.49439 12 0.0
0.620004 -0.000698 0.589621 5 1.0
0.388559 1e-05 0.401019 5 1.0
0.131772 0.149701 0.253293 12 0.872668
0.150612 0.115085 0.750435 3 1.0
0.240751 0.001663 0.750515 3 1.0
0.139244 0.057433 0.247799 13 0.999873
0.129352 0.209887 0.251156 13 1.0
0.859503 0.002591 0.404355 1 1.0
0.627941 0.389547 0.75297 11 1.0
0.865273 0.516693 0.754144 3 1.0
0.127824 0.065659 0.245459 13 1.0
0.754103 -0.005723 0.248635 13 1.0
0.13388 0.310389 0.748766 3 1.0
0.104724 0.060922 0.245494 13 1.0
0.133749 0.404131 0.746099 12 1.0
0.158779 0.652325 0.747522 3 1.0
0.166444 0.358604 0.753185 3 0.0
0.86473 0.494063 0.249668 13 1.0
0.14349 0.276209 0.750664 3 0.982486
0.505231 0.013563 0.250979 13 0.999999
0.862515 0.416426 0.253433 13 1.0
0.438933 0.013934 0.250038 13 0.999999
0.731952 -0.009525 0.245396 13 1.0
0.499781 0.001909 0.25477 1 1.0
0.392149 -0.000595 0.249606 1 1.0
0.135103 0.328617 0.744542 3 1.0
0.139004 0.255393 0.743045 3 1.0
0.137593 0.297817 0.744682 3 0.999626
0.134807 0.474026 0.249528 8 1.0
0.163837 0.392578 0.751736 3 0.0
0.861961 0.535443 0.251035 13 0.999989
0.147321 0.415217 0.746594 3 1.0
0.431811 0.016584 0.250673 13 1.0
0.64553 5.5e-05 0.255769 1 1.0
0.625259 0.012527 0.251183 13 1.0
0.290029 0.001979 0.251757 1 1.0
0.505542 0.014968 0.249679 13 0.999991
0.1627 0.472949 0.753567 3 1.0
0.612414 0.978356 0.749366 3 1.0
0.158941 0.717511 0.747795 3 1.0
0.223131 0.861059 0.503554 12 0.0
0.236006 0.875875 0.49869 12 0.0
0.22835 0.869038 0.541674 12 0.0
0.210256 0.846244 0.508417 12 0.0
0.217912 0.853081 0.465434 12 0.0
0.466613 0.991639 0.609922 12 0.0
0.48379 0.992914 0.608581 12 0.0
0.469905 0.993245 0.653623 12 0.0
0.449435 0.990363 0.611262 12 0.0
0.46332 0.990032 0.56622 12 0.0
0.139529 0.599208 0.748202 3 0.999999
0.389788 0.97544 0.633105 12 0.0
0.412861 0.98257 0.629964 12 0.0
0.394216 0.9765 0.668035 12 0.0
0.366715 0.96831 0.636247 12 0.0
0.38536 0.97438 0.598176 12 0.0
0.57876 0.982254 0.488037 12 0.0
0.38989 0.978915 0.737942 10 0.999956
0.65093 0.960708 0.380723 12 0.0
0.6392 0.965895 0.381131 12 0.0
0.651857 0.96156 0.396538 12 0.0
0.66266 0.955521 0.380315 12 0.0
0.650003 0.959855 0.364907 12 0.0
0.648114 0.962259 0.454668 10 0.0
0.633906 0.968395 0.456934 10 0.0
0.65099 0.960355 0.477862 10 0.0
0.662322 0.956123 0.452403 10 0.0
0.645238 0.964163 0.431475 10 0.0
0.619458 0.001345 0.572904 5 0.876015
0.416887 0.761683 0.755128 11 0.999999
0.136288 0.204402 0.744649 3 0.998765
0.550576 0.778896 0.753273 7 0.995839
0.644847 0.961757 0.531396 12 0.0
0.629601 0.96921 0.534612 12 0.0
0.649037 0.959803 0.555784 12 0.0
0.660093 0.954303 0.52818 12 0.0
0.640657 0.96371 0.507007 12 0.0
0.294457 0.936644 0.620256 10 1.0
0.855861 0.684121 0.745133 4 1.0
0.860548 0.210227 0.743789 3 1.0
0.133366 0.15752 0.252022 12 1.0
0.867391 0.20758 0.248417 13 1.0
0.360296 0.964941 0.747452 3 1.0
0.500296 0.004253 0.746297 1 1.0
0.713121 0.922417 0.60392 12 0.0
0.699226 0.93238 0.610731 12 0.0
0.721546 0.915809 0.630774 12 0.0
0.727016 0.912454 0.59711 12 0.0
0.704697 0.929024 0.577066 12 0.0
0.503168 0.996036 0.748262 3 1.0
0.477777 0.346735 0.751718 7 1.0
0.184386 0.804739 0.746502 4 1.0
0.868223 0.010722 0.58229 12 1.0
0.137553 0.614902 0.24557 13 1.0
0.389295 0.004793 0.407762 2 1.0
0.440377 -0.003162 0.747488 1 1.0
0.646403 0.962684 0.394305 12 0.0
0.136492 0.559564 0.744302 12 1.0
0.163121 0.293311 0.752799 3 0.0
0.132552 0.203279 0.69635 12 0.0
0.142516 0.420422 0.704848 12 0.0
0.861601 0.003277 0.390337 1 0.991167
0.423974 0.369873 0.311685 7 0.0
0.455146 0.352896 0.301894 7 0.0
0.429235 0.368409 0.330972 7 0.0
0.392803 0.38685 0.321476 7 0.0
0.418714 0.371337 0.292398 7 0.0
0.148052 0.460629 0.749986 3 1.0
0.863574 0.397627 0.254036 12 1.0
0.142226 0.676108 0.255819 13 1.0
0.14281 0.172899 0.250565 13 1.0
0.860636 0.005569 0.478469 1 1.0
0.135442 0.448926 0.747766 3 1.0
0.129952 0.170874 0.256869 15 1.0
0.135688 0.178286 0.250146 13 1.0
0.854152 0.012584 0.673236 12 0.155275
0.866764 -0.002143 0.652581 1 1.0
0.143451 0.320266 0.745836 3 1.0
0.12987 0.349625 0.279701 12 0.0
0.137719 0.300861 0.714034 12 0.0
0.14516 0.463374 0.717941 12 0.0
0.13966 0.321811 0.730526 12 0.0
0.545581 0.347444 0.348737 5 0.0
0.492009 0.002866 0.751032 3 0.02354
0.14187 0.510412 0.743989 3 0.999963
0.130039 0.318186 0.251343 15 1.0
0.135364 0.589225 0.250199 13 1.0
0.63161 -0.003013 0.246 13 1.0
0.86497 0.38002 0.255659 12 1.0
0.877656 -0.006427 0.588082 1 1.0
0.140624 0.306852 0.740255 12 0.999999
0.158696 0.718187 0.747777 3 1.0
0.47724 0.992089 0.594353 12 0.0
0.493576 0.992642 0.59508 12 0.0
0.475775 0.992606 0.626855 12 0.0
0.460904 0.991537 0.593626 12 0.0
0.478704 0.991572 0.561851 12 0.0
0.51739 0.011136 0.747999 3 0.999999
0.650582 0.961074 0.384222 12 0.0
0.637985 0.967277 0.384708 12 0.0
0.651051 0.960776 0.400188 12 0.0
0.663179 0.95487 0.383737 12 0.0
0.650113 0.961371 0.368257 12 0.0
0.646969 0.962234 0.457005 12 0.0
0.635704 0.967586 0.459034 12 0.0
0.651763 0.960956 0.487003 12 0.0
0.658234 0.956882 0.454977 12 0.0
0.642175 0.963512 0.427007 12 0.0
0.362837 0.731674 0.751393 11 0.403697
0.136292 0.00128 0.595907 1 0.999986
0.647016 0.410878 0.253462 8 1.0
0.507071 0.00524 0.637738 2 0.999999
0.39171 0.967111 0.742234 3 0.99993
0.643943 0.962262 0.526732 10 0.0
0.628068 0.969314 0.530211 10 0.0
0.647171 0.960235 0.545576 10 0.0
0.659817 0.95521 0.523254 10 0.0
0.640715 0.96429 0.507889 10 0.0
0.209837 0.000328 0.748093 1 1.0
0.301087 0.940013 0.35406 12 1.0
0.826108 -0.003431 0.24894 1 1.0
0.131162 0.175303 0.74636 10 1.0
0.5641 -0.000742 0.747853 1 1.0
0.87262 0.012004 0.244452 13 1.0
0.866404 0.000339 0.477497 1 1.0
0.877088 0.327203 0.238528 13 1.0
0.131879 0.680613 0.246956 13 1.0
0.132984 0.137688 0.252179 12 1.0
0.879389 -0.009389 0.596255 1 1.0
0.14243 0.001104 0.408083 1 0.020855
0.790643 0.002318 0.407483 1 0.0
0.772259 0.002456 0.407859 1 0.0
0.791642 0.003546 0.455814 1 0.0
0.809027 0.00218 0.407106 1 0.0
0.789645 0.00109 0.359151 1 0.0
0.139664 0.380001 0.701487 12 0.0
0.634928 0.001006 0.259144 1 1.0
0.147368 0.287627 0.247242 13 0.050638
0.846316 0.000569 0.561961 1 0.003134
0.416224 0.004327 0.261203 1 1.0
0.865174 0.45563 0.250284 12 1.0
0.504534 -0.000808 0.250828 1 1.0
0.866687 0.53487 0.247795 12 1.0
0.15232 0.465811 0.747607 3 1.0
0.656611 0.000972 0.246994 13 1.0
0.145132 0.323884 0.247137 13 0.36624
0.147849 0.465895 0.74801 3 1.0
0.164194 0.358828 0.749424 3 1.0
0.372216 0.006325 0.739826 1 0.998389
0.147682 0.366156 0.747524 3 0.583759
0.831913 0.00196 0.563669 1 0.000406
0.861539 0.000227 0.335332 1 1.0
0.139774 0.456601 0.250938 13 1.0
0.143226 0.386068 0.249915 13 0.778534
0.394148 -0.001749 0.245214 13 1.0
0.141218 0.496449 0.749795 3 0.999994
0.744464 0.009311 0.249572 13 8.8e-05
0.149733 0.470243 0.752117 3 1.0
0.136093 0.247197 0.746487 3 1.0
0.148505 0.424024 0.748098 3 1.0
0.64132 0.96746 0.602569 12 6e-06
0.632704 0.972045 0.604512 12 6e-06
0.645805 0.967006 0.623533 12 6e-06
0.649937 0.962876 0.600627 12 6e-06
0.636836 0.967914 0.581606 12 6e-06
0.224913 0.859075 0.509794 6 0.0
0.476596 0.992875 0.596018 12 0.0
0.495335 0.994118 0.596653 12 0.0
0.475404 0.993032 0.630844 12 0.0
0.457857 0.991631 0.595382 12 0.0
0.477788 0.992717 0.561191 12 0.0
0.389531 0.975621 0.609372 12 0.0
0.409986 0.982382 0.607651 12 0.0
0.392789 0.976967 0.653382 12 0.0
0.369076 0.968859 0.611093 12 0.0
0.386272 0.974274 0.565362 12 0.0
0.402318 0.982308 0.750384 3 1.0
0.135472 0.60216 0.750331 3 1.0
0.651052 0.959273 0.370788 12 0.0
0.631981 0.967848 0.371952 12 0.0
0.652156 0.958467 0.394821 12 0.0
0.670123 0.950698 0.369624 12 0.0
0.649948 0.960079 0.346756 12 0.0
0.646921 0.961731 0.440852 12 0.0
0.634991 0.96702 0.443127 12 0.0
0.649933 0.960349 0.459859 12 0.0
0.65885 0.956442 0.438576 12 0.0
0.643908 0.963113 0.421845 12 0.0
0.167951 0.764232 0.749307 3 0.999997
0.651723 0.960766 0.316039 12 1e-06
0.630288 0.970408 0.316899 12 1e-06
0.65188 0.959101 0.338632 12 1e-06
0.673157 0.951124 0.315178 12 1e-06
0.651565 0.962431 0.293445 12 1e-06
0.609073 0.373826 0.746779 7 0.13765
0.386269 0.75039 0.755032 3 0.999995
0.268566 0.000124 0.747888 1 1.0
0.862654 0.003876 0.532346 1 1.0
0.870426 -0.002237 0.699876 1 1.0
0.864557 0.18127 0.251154 13 1.0
0.135645 0.302241 0.738679 12 1.0
0.865289 0.532519 0.748507 3 1.0
0.728692 0.005646 0.250581 13 0.999994
0.130442 0.622728 0.245987 13 1.0
0.189086 -0.013603 0.242929 1 1.0
0.389211 0.003823 0.412941 5 1.0
0.39051 0.007913 0.415483 5 1.0
0.377436 0.005858 0.415685 5 1.0
0.387912 -0.000266 0.410399 5 1.0
0.400986 0.001788 0.410197 5 1.0
0.137095 0.559667 0.740979 12 0.957519
0.148869 0.342138 0.747404 3 0.998404
0.529624 -0.009152 0.237199 1 1.0
0.344955 0.411726 0.251816 7 1.0
0.150003 0.550158 0.748295 3 1.0
0.153018 0.199415 0.753129 3 1.0
0.135836 0.286692 0.732396 12 1e-06
0.138291 0.307909 0.724795 10 0.0
0.174942 0.397851 0.751615 3 0.0
0.168534 0.269432 0.750249 3 0.0
0.14293 0.22463 0.752411 3 0.993501
0.152523 0.325604 0.74407 3 0.0
0.153794 0.619717 0.74364 3 0.0
0.864492 0.371137 0.25074 13 0.999993
0.131517 0.350975 0.247044 13 1.0
0.326998 -0.001764 0.246623 1 1.0
0.127566 0.435012 0.253865 15 1.0
0.130479 0.360321 0.248374 13 1.0
0.846178 -0.000321 0.42584 1 0.016033
0.863643 -0.004133 0.375852 1 1.0
0.166267 0.365544 0.245503 13 3e-06
0.131843 0.305383 0.256554 12 0.999994
0.871587 0.467525 0.244303 12 1.0
0.162265 0.360375 0.753337 3 0.0
0.16253 0.421303 0.749269 3 0.005887
0.14938 0.374618 0.75284 3 0.005794
0.141723 0.310905 0.74504 3 4e-06
0.152503 0.13286 0.750068 3 0.0
0.487284 0.004395 0.256672 13 1.0
0.130208 0.276791 0.247242 13 1.0
0.378332 0.005707 0.258635 1 1.0
0.853154 0.002499 0.590943 1 0.107378
0.135072 0.571079 0.249652 13 1.0
0.138496 0.29794 0.267301 12 0.999803
0.134011 0.256736 0.749657 3 1.0
0.138919 0.35858 0.741353 3 1.0
0.868075 0.553327 0.247788 13 1.0
0.16253 0.361014 0.752326 3 0.0
0.144194 0.266917 0.74568 3 1e-06
0.545348 0.01793 0.250649 13 0.999992
0.205627 0.839719 0.412908 12 0.0
0.218004 0.857496 0.412222 12 0.0
0.207085 0.840671 0.46392 12 0.0
0.19325 0.821941 0.413594 12 0.0
0.204169 0.838767 0.361896 12 0.0
0.378292 0.961931 0.744642 3 0.999997
0.204265 0.836167 0.747977 3 1.0
0.218365 0.864818 0.517017 6 0.0
0.224978 0.874787 0.513694 6 0.0
0.225661 0.872553 0.554745 6 0.0
0.211752 0.854849 0.52034 6 0.0
0.21107 0.857083 0.47929 6 0.0
0.476332 0.992424 0.592624 12 0.0
0.490557 0.992902 0.592073 12 0.0
0.478219 0.990374 0.639602 12 0.0
0.462107 0.991946 0.593175 12 0.0
0.474444 0.994475 0.545645 12 0.0
0.138523 0.627219 0.750724 3 1.0
0.231931 0.878259 0.752918 3 1.0
0.221763 0.85775 0.419564 12 0.0
0.233372 0.870882 0.417298 12 0.0
0.223021 0.862249 0.452078 12 0.0
0.210154 0.844618 0.42183 12 0.0
0.220505 0.853252 0.38705 12 0.0
0.394895 0.979766 0.736862 10 0.999933
0.206059 0.844494 0.630784 6 0.0
0.213821 0.855676 0.631451 6 0.0
0.204723 0.843041 0.67069 6 0.0
0.198297 0.833312 0.630117 6 0.0
0.207395 0.845948 0.590878 6 0.0
0.147688 0.714807 0.743298 3 0.026187
0.423821 0.764449 0.755549 3 0.99994
0.368848 0.736793 0.754175 7 0.998313
0.642619 0.960055 0.511569 12 0.0
0.623905 0.967915 0.513647 12 0.0
0.645525 0.957841 0.546122 12 0.0
0.661333 0.952194 0.509491 12 0.0
0.639713 0.962268 0.477016 12 0.0
0.133199 0.002578 0.654065 12 1.0
0.612255 0.373818 0.747455 7 0.989257
0.863379 0.093708 0.749133 3 0.999998
0.514718 0.345378 0.749249 7 0.974256
0.159155 0.148531 0.245212 13 0.00022
0.714113 0.593448 0.749641 11 0.999987
0.217335 -0.000927 0.748032 1 1.0
0.136905 0.197035 0.749558 3 1.0
0.866469 0.278597 0.248578 13 1.0
0.747718 0.004131 0.751495 1 1.0
0.850548 0.000501 0.7734 3 1.0
0.627221 0.385328 0.747733 7 0.908389
0.86512 0.37435 0.753035 3 1.0
0.15096 0.363094 0.748721 3 0.998452
0.129858 0.368701 0.256277 12 1.0
0.16098 0.38925 0.749756 3 0.005466
0.865961 0.026825 0.463756 12 0.0
0.86644 0.005798 0.533887 1 2e-06
0.138213 0.432186 0.74096 3 0.967119
0.138765 0.23861 0.261958 12 0.005329
0.138144 0.536936 0.25284 13 1.0
0.130841 0.438451 0.247214 13 1.0
0.137561 0.359443 0.745811 3 1.0
0.15238 0.305367 0.750626 3 1.0
0.141883 0.483093 0.745672 10 0.997622
0.863559 0.635845 0.249145 13 1.0
0.146092 0.442211 0.744116 3 1.0
0.142648 0.730276 0.244195 13 1.0
0.188321 0.42896 0.758361 3 0.0
0.143236 0.435273 0.733536 3 0.009685
0.146385 0.137692 0.749663 3 1.0
0.850359 0.420805 0.252584 13 0.004305
0.539969 0.001735 0.250445 1 1.0
0.508519 0.001387 0.25268 13 1.0
0.126736 0.205876 0.272169 12 0.011252
0.135495 0.270663 0.253616 12 1.0
0.5908 0.015753 0.250991 13 0.999588
0.147767 0.515788 0.741781 3 0.01535
0.138894 0.545655 0.748452 3 1.0
0.441889 -0.001684 0.248259 1 1.0
0.146182 0.337819 0.749032 3 0.00078
0.141403 0.26308 0.747258 3 1.0
0.140811 0.444415 0.746209 3 0.999979
0.147493 0.33356 0.746984 3 1.0
0.140593 0.150672 0.745238 3 1.0
0.14781 0.433806 0.745091 3 1.0
0.862812 0.37856 0.257044 12 1.0
0.139223 0.370077 0.742636 3 1.0
0.138263 0.248265 0.728901 12 0.0
0.145887 0.250028 0.750795 3 0.997773
0.204714 0.839903 0.414984 12 0.0
0.216163 0.856794 0.414108 12 0.0
0.206604 0.841317 0.466946 12 0.0
0.193265 0.823012 0.41586 12 0.0
0.202825 0.838489 0.363022 12 0.0
0.787903 0.854695 0.749992 3 1.0
0.374916 0.960925 0.745363 3 0.999989
0.159128 0.724492 0.74841 3 1.0
0.138081 0.549074 0.747342 3 0.999998
0.638597 0.963591 0.646265 12 0.0
0.620279 0.971075 0.638531 12 0.0
0.626762 0.968937 0.679471 12 0.0
0.656916 0.956107 0.653999 12 0.0
0.650433 0.958246 0.613059 12 0.0
0.64803 0.958072 0.381296 12 0.0
0.636188 0.963491 0.381223 12 0.0
0.648252 0.958998 0.414158 12 0.0
0.659871 0.952654 0.381368 12 0.0
0.647807 0.957147 0.348434 12 0.0
0.645699 0.961904 0.440023 10 0.0
0.631149 0.969242 0.44318 10 0.0
0.649091 0.958966 0.462482 10 0.0
0.660248 0.954565 0.436865 10 0.0
0.642307 0.964841 0.417563 10 0.0
0.864403 0.220517 0.251156 13 1.0
0.513038 0.77354 0.755351 7 0.999973
0.543873 0.776516 0.753626 11 0.999999
0.644706 0.963212 0.544729 12 0.0
0.62854 0.970695 0.546151 12 0.0
0.647629 0.962317 0.582689 12 0.0
0.660871 0.955729 0.543308 12 0.0
0.641782 0.964108 0.50677 12 0.0
0.153641 0.185989 0.249491 13 0.000142
0.716661 0.924721 0.634828 12 0.0
0.706641 0.931374 0.640358 12 0.0
0.725039 0.919275 0.65656 12 0.0
0.72668 0.918067 0.629298 12 0.0
0.708283 0.930166 0.613096 12 0.0
0.141646 0.128712 0.751327 3 1.0
0.732575 -0.005533 0.752956 1 1.0
0.624978 0.386712 0.751234 7 0.999429
0.35587 0.003655 0.476443 1 0.999995
0.136761 0.205494 0.749067 3 1.0
0.8172 0.0022 0.54149 1 0.0
0.476057 0.77618 0.244462 7 0.999997
0.2015 0.827675 0.513117 12 0.0
0.211292 0.842055 0.510656 12 0.0
0.203721 0.83189 0.546577 12 0.0
0.191709 0.813295 0.515579 12 0.0
0.19928 0.823459 0.479657 12 0.0
0.132061 0.36191 0.749204 12 1.0
0.162663 0.480861 0.253515 13 7e-06
0.155509 0.493259 0.746754 3 0.0
0.1715 0.577534 0.751562 3 0.0
0.161605 0.466274 0.751573 3 4.9e-05
0.375046 0.00457 0.582585 5 0.995528
0.670001 0.007253 0.749624 3 1.0
0.140123 0.140645 0.253277 15 1.0
0.857813 0.003169 0.510929 1 1.0
0.858521 0.469036 0.251789 13 1.0
0.133943 -0.001945 0.49262 1 1.0
0.129766 0.256927 0.258193 15 1.0
0.130528 0.252101 0.269303 15 0.989547
0.452697 0.004152 0.255043 1 1.0
0.142483 0.273136 0.750328 3 0.999994
0.143234 0.478828 0.748119 3 1.0
0.150051 0.392017 0.744851 3 0.999979
0.16666 0.399725 0.750587 3 0.0
0.487908 -0.000557 0.245844 13 1.0
0.158084 0.362464 0.745501 3 1.0
0.157727 0.329329 0.750705 3 0.982658
0.456405 0.001301 0.244938 13 1.0
0.407206 0.009928 0.62408 2 0.999918
0.863649 -0.000581 0.56686 1 1.0
0.137377 0.293556 0.249368 13 1.0
0.138496 -0.001401 0.40589 1 0.011981
0.86487 0.632639 0.248717 13 1.0
0.132454 -0.002439 0.391604 1 1.0
0.867025 -0.001695 0.455703 1 1.0
0.865823 0.356623 0.249891 12 1.0
0.510766 0.000983 0.252623 13 1.0
0.130026 0.218285 0.268444 15 0.51922
0.127991 0.217548 0.275275 15 0.51922
0.130846 0.201871 0.266918 15 0.51922
0.13206 0.219022 0.261614 15 0.51922
0.129206 0.234699 0.269971 15 0.51922
0.863318 -0.00069 0.484082 1 1.0
0.864392 0.386846 0.250983 13 1.0
0.142264 0.293526 0.747959 3 0.999972
0.146004 0.458377 0.745523 3 1.0
0.149561 0.43704 0.744949 3 0.430173
0.15501 0.357525 0.733016 10 1.0
0.148395 0.232498 0.751487 3 0.999096
0.152226 0.702688 0.751292 3 1.0
0.320923 0.939615 0.746812 3 0.999997
0.465195 0.986791 0.599041 12 0.0
0.485122 0.988869 0.600458 12 0.0
0.461886 0.987312 0.64482 12 0.0
0.445267 0.984713 0.597625 12 0.0
0.468503 0.98627 0.553263 12 0.0
0.840397 0.738984 0.398869 12 0.0
0.83483 0.758249 0.401258 12 0.0
0.840798 0.733458 0.444355 12 0.0
0.845965 0.719719 0.396479 12 0.0
0.839997 0.74451 0.353382 12 0.0
0.270641 0.906881 0.746496 10 0.999994
0.653012 0.961637 0.378431 12 0.0
0.64058 0.96746 0.379167 12 0.0
0.654551 0.962689 0.396122 12 0.0
0.665444 0.955814 0.377696 12 0.0
0.651472 0.960585 0.360741 12 0.0
0.64654 0.961667 0.456933 12 0.0
0.630425 0.968769 0.459869 12 0.0
0.650408 0.960547 0.480875 12 0.0
0.662654 0.954565 0.453997 12 0.0
0.642671 0.962787 0.432992 12 0.0
0.134426 0.506671 0.303674 12 0.001215
0.675998 0.007471 0.748259 3 0.999961
0.28707 0.592294 0.247015 7 0.999869
0.648135 0.964664 0.534804 10 0.0
0.639168 0.968674 0.536468 10 0.0
0.651569 0.962188 0.559271 10 0.0
0.657102 0.960653 0.53314 10 0.0
0.644702 0.96714 0.510336 10 0.0
0.134206 0.067933 0.249951 13 1.0
0.223473 0.867052 0.250203 13 1.0
0.146163 0.571225 0.75164 3 1.0
0.133089 0.048891 0.252578 12 1.0
0.627349 0.388738 0.746722 7 0.999999
0.136386 0.002068 0.485087 1 1.0
0.233842 -0.005649 0.2495 1 1.0
0.56083 -0.001264 0.748134 1 1.0
0.559753 -0.002298 0.751253 1 1.0
0.869462 0.293748 0.246699 13 1.0
0.131323 0.653172 0.245206 13 1.0
0.115792 0.546817 0.760024 3 1.0
0.147287 0.251437 0.752243 3 0.030905
0.872728 0.556748 0.242783 12 1.0
0.831071 0.002596 0.527765 1 6e-06
0.134603 0.389279 0.720461 12 0.0
0.147043 0.140158 0.754208 3 1.0
0.852771 0.27984 0.749306 3 0.024161
0.562342 -0.000928 0.747257 1 1.0
0.865222 0.516467 0.742906 12 1.0
0.13713 0.353281 0.256579 12 1.0
0.86418 0.003943 0.620607 1 0.669153
0.144678 0.330525 0.751696 3 1.0
0.151925 0.339763 0.744721 3 1.0
0.138467 0.271892 0.743655 3 1.0
0.152232 0.236908 0.753872 3 0.122213
0.133292 0.315812 0.746056 3 1.0
0.14246 0.342753 0.750729 3 1.0
0.138366 0.296028 0.750551 3 1.0
0.837133 0.001008 0.472305 1 0.995975
0.138811 0.000674 0.5001 1 1.0
0.857915 0.001765 0.421853 1 1.0
0.86565 -0.002422 0.288397 1 1.0
0.146287 0.160385 0.244186 13 1.0
0.137442 0.295933 0.745037 3 1.0
0.478352 0.005851 0.247317 13 1.0
0.865562 0.431915 0.250317 12 1.0
0.14362 0.384284 0.750077 3 1.0
0.863998 0.001836 0.477316 1 1.0
0.441093 0.00098 0.249835 13 1.0
0.848481 0.42427 0.254975 13 0.998699
0.238917 -0.003225 0.248875 1 1.0
0.300736 -0.006291 0.242763 1 1.0
0.303648 -0.001781 0.249229 1 1.0
0.493115 0.006117 0.247905 13 1.0
0.157192 0.338248 0.75334 3 0.0
0.144407 0.525915 0.742422 3 0.996386
0.151446 0.637273 0.750066 3 1.0
0.147137 0.397011 0.751225 3 1.0
0.161718 0.352067 0.749056 3 0.0
0.482142 0.98781 0.591878 12 0.0
0.504712 0.98917 0.591063 12 0.0
0.483462 0.986574 0.626367 12 0.0
0.459572 0.986449 0.592694 12 0.0
0.480822 0.989046 0.55739 12 0.0
0.651969 0.958626 0.370892 12 0.0
0.639916 0.963971 0.372879 12 0.0
0.657 0.95638 0.40744 12 0.0
0.664021 0.953282 0.368904 12 0.0
0.646937 0.960873 0.334343 12 0.0
0.646224 0.960756 0.453731 12 0.0
0.631211 0.967638 0.455143 12 0.0
0.64812 0.958914 0.482869 12 0.0
0.661237 0.953875 0.45232 12 0.0
0.644328 0.962598 0.424594 12 0.0
0.151382 0.641662 0.250833 13 0.203499
0.403174 0.374217 0.739717 7 0.999908
0.645387 0.961852 0.529246 10 0.0
0.628845 0.969783 0.532671 10 0.0
0.648461 0.959416 0.549729 10 0.0
0.66193 0.953921 0.52582 10 0.0
0.642313 0.964288 0.508762 10 0.0
0.164861 0.198967 0.244515 13 1.8e-05
0.713183 0.923424 0.641307 12 0.0
0.70251 0.929527 0.647296 12 0.0
0.719784 0.919654 0.656912 12 0.0
0.723855 0.917322 0.635318 12 0.0
0.706581 0.927195 0.625701 12 0.0
0.478874 0.993415 0.502673 12 0.0
0.498182 0.994708 0.501641 12 0.0
0.482303 0.992732 0.565965 12 0.0
0.459565 0.992123 0.503705 12 0.0
0.475445 0.994098 0.43938 12 0.0
0.503164 0.996205 0.748372 3 1.0
0.865737 0.403627 0.752691 3 1.0
0.880012 -0.019099 0.395332 1 1.0
0.754034 -0.00155 0.75033 1 1.0
0.378654 0.382071 0.7468 7 1.0
0.859219 0.187642 0.748493 3 1.0
0.130698 0.132879 0.749156 10 1.0
0.709436 -0.009508 0.2433 13 1.0
0.132674 0.668884 0.244309 13 1.0
0.819161 0.003458 0.436579 1 0.0
0.525801 0.991084 0.463983 12 0.0
0.543456 0.990258 0.463867 12 0.0
0.526284 0.994082 0.516356 12 0.0
0.508146 0.99191 0.464098 12 0.0
0.525318 0.988087 0.41161 12 0.0
0.152768 0.598176 0.749392 3 1.0
0.13265 0.209583 0.25134 13 1.0
0.866371 0.545368 0.248614 13 1.0
0.130166 0.431785 0.24774 13 1.0
0.134828 0.207138 0.738604 12 1.5e-05
0.489095 0.99427 0.465004 12 0.0
0.508392 0.995112 0.464666 12 0.0
0.489932 0.994531 0.513498 12 0.0
0.469797 0.993427 0.465342 12 0.0
0.488257 0.994009 0.41651 12 0.0
0.129464 0.228593 0.257339 13 1.0
0.853013 0.455214 0.253682 13 1.0
0.136634 0.303798 0.249826 13 1.0
0.128073 0.497234 0.26443 12 1.0
0.862699 -0.001147 0.439411 1 1.0
0.134777 0.305668 0.742814 12 0.0
0.872022 0.600242 0.235967 12 1.0
0.155964 0.048674 0.742885 3 0.999733
0.259594 0.898923 0.746233 3 0.99991
0.4864 0.992794 0.591419 12 0.0
0.498508 0.992502 0.592259 12 0.0
0.48428 0.990318 0.621133 12 0.0
0.474293 0.993086 0.59058 12 0.0
0.48852 0.995271 0.561705 12 0.0
0.474679 0.988492 0.744079 3 0.999998
0.646815 0.956935 0.384952 12 0.0
0.636031 0.961707 0.384557 12 0.0
0.645835 0.957627 0.420037 12 0.0
0.657599 0.952163 0.385347 12 0.0
0.647794 0.956243 0.349868 12 0.0
0.647292 0.96017 0.448502 12 0.0
0.639714 0.963616 0.44939 12 0.0
0.648924 0.958244 0.469916 12 0.0
0.65487 0.956723 0.447615 12 0.0
0.64566 0.962096 0.427089 12 0.0
0.850176 0.005521 0.460687 1 0.172442
0.420449 0.765238 0.756224 3 0.999998
0.139703 0.674053 0.272852 12 0.030399
0.143205 0.700722 0.273587 12 0.030399
0.139889 0.673767 0.282354 12 0.030399
0.1362 0.647383 0.272117 12 0.030399
0.139516 0.674339 0.26335 12 0.030399
0.642612 0.960441 0.52226 12 0.0
0.624617 0.968877 0.525689 12 0.0
0.645589 0.957825 0.544322 12 0.0
0.660607 0.952006 0.518832 12 0.0
0.639635 0.963058 0.500199 12 0.0
0.297645 0.938191 0.609414 6 1.0
0.712117 0.922171 0.640378 12 0.0
0.695802 0.934475 0.648778 12 0.0
0.723414 0.914216 0.673974 12 0.0
0.728431 0.909867 0.631979 12 0.0
0.70082 0.930127 0.606783 12 0.0
0.218626 0.001327 0.749391 1 1.0
0.716258 0.925237 0.595242 12 0.0
0.707394 0.93161 0.599693 12 0.0
0.726487 0.918247 0.62562 12 0.0
0.725123 0.918865 0.590791 12 0.0
0.706029 0.932227 0.564863 12 0.0
0.556832 0.002514 0.74834 1 1.0
0.717489 0.923885 0.475777 12 0.0
0.707277 0.931512 0.476756 12 0.0
0.720235 0.923037 0.511036 12 0.0
0.7277 0.916258 0.474798 12 0.0
0.714742 0.924733 0.440519 12 0.0
0.826322 -0.004069 0.246904 13 1.0
0.129958 0.552156 0.24726 13 1.0
0.870569 0.459721 0.757225 4 1.0
0.862755 0.485931 0.755162 4 1.0
0.872553 0.461154 0.76792 4 1.0
0.878384 0.43351 0.759287 4 1.0
0.868585 0.458287 0.746529 4 1.0
0.408755 0.004604 0.390047 5 1.0
0.410382 0.008132 0.392573 5 1.0
0.39997 0.00308 0.397839 5 1.0
0.407128 0.001076 0.387522 5 1.0
0.41754 0.006129 0.382256 5 1.0
0.400669 -0.008122 0.243504 1 1.0
0.827592 -0.005059 0.247371 13 1.0
0.287668 -0.00359 0.247475 13 1.0
0.868181 -0.001956 0.621894 1 1.0
0.624293 -0.009879 0.244436 13 1.0
0.870446 0.369817 0.24777 13 1.0
0.131622 0.340255 0.749472 12 1.0
0.128923 0.053074 0.247248 13 1.0
0.867627 -0.002024 0.556609 1 1.0
0.853093 0.012362 0.55101 12 0.0
0.139781 0.489092 0.70541 12 0.0
0.857829 0.002155 0.534825 1 1.0
0.158928 0.313958 0.246656 13 0.002593
0.863632 0.002048 0.341335 1 1.0
0.141375 0.176179 0.750918 3 1.0
0.151181 0.512229 0.246554 13 0.021552
0.12693 0.248084 0.25585 15 1.0
0.86662 0.357191 0.249062 12 1.0
0.133367 0.15914 0.745996 3 1.0
0.134175 0.411658 0.747549 3 0.999976
0.127888 0.643516 0.238972 8 1.0
0.415034 -0.00551 0.239196 1 1.0
0.146783 0.28886 0.750328 3 1.0
0.142693 0.228038 0.750925 3 1.0
0.14795 0.367602 0.248241 13 0.000735
0.564113 0.011036 0.250599 13 0.010893
0.44872 0.006606 0.262036 1 1.0
0.802643 -0.006211 0.252269 1 1.0
0.139061 0.446545 0.725077 12 8e-06
0.137866 0.532129 0.250649 13 1.0
0.130457 0.433655 0.248351 13 1.0
0.140023 0.585652 0.252001 13 0.282875
0.863243 -0.003037 0.324484 1 1.0
0.134298 0.362759 0.74904 3 1.0
0.152992 0.474548 0.248572 13 8e-05
0.143712 0.288516 0.751126 3 0.999685
0.132204 0.265886 0.255012 12 1.0
0.582047 0.012566 0.25123 13 0.999353
0.86853 0.423044 0.246817 13 1.0
0.133037 0.35925 0.746719 12 1.0
0.144194 0.330689 0.74939 3 0.726253
0.135553 0.305558 0.743179 3 0.995841
0.279601 -0.001537 0.246348 13 1.0
0.145381 0.460487 0.748187 3 0.999982
0.144789 0.245435 0.747452 3 1.0
0.513897 -0.002144 0.245946 13 1.0
0.158313 0.54699 0.743987 3 1.0
0.149044 0.265081 0.750967 3 0.999998
0.203886 0.839288 0.405943 10 0.0
0.214173 0.85448 0.404243 10 0.0
0.205849 0.843203 0.452802 10 0.0
0.193599 0.824097 0.407643 10 0.0
0.201923 0.835374 0.359084 10 0.0
0.613949 0.97489 0.753996 3 0.999914
0.161965 0.734706 0.745592 3 1.0
0.782046 0.854031 0.374019 12 0.0
0.7731 0.865034 0.374951 12 0.0
0.783106 0.85252 0.402008 12 0.0
0.790992 0.843027 0.373086 12 0.0
0.780985 0.855541 0.346029 12 0.0
0.865478 0.140706 0.248347 13 1.0
0.649129 0.958153 0.382979 12 0.0
0.636996 0.96397 0.384805 12 0.0
0.653256 0.955591 0.418553 12 0.0
0.661262 0.952336 0.381152 12 0.0
0.645002 0.960714 0.347404 12 0.0
0.334893 0.702189 0.753689 11 0.999156
0.482712 0.005891 0.358343 5 1.0
0.423901 0.768797 0.755286 7 0.999992
0.138176 0.645186 0.282797 12 0.001148
0.141184 0.679647 0.282379 12 0.001148
0.138683 0.645296 0.295494 12 0.001148
0.135168 0.610725 0.283215 12 0.001148
0.137669 0.645076 0.2701 12 0.001148
0.359881 0.956875 0.744845 4 0.999982
0.302945 0.00031 0.751422 3 1.0
0.143599 0.681081 0.249501 13 1.0
0.868096 0.210736 0.247933 13 1.0
0.159393 0.149006 0.245841 13 4.2e-05
0.705986 0.618556 0.751071 7 0.997777
0.355036 0.964378 0.752108 3 1.0
0.371555 0.009526 0.249235 13 0.964075
0.348504 0.005746 0.249311 13 0.995401
0.826768 0.763329 0.247583 13 1.0
0.454021 0.005085 0.361958 5 1.0
0.135538 0.054868 0.248598 13 1.0
0.733325 0.001403 0.750985 3 1.0
0.86101 -0.002098 0.648549 1 1.0
0.13346 0.004597 0.471955 15 1.0
0.137536 0.232743 0.74202 3 0.999969
0.865004 0.372688 0.250215 13 1.0
0.125171 0.077977 0.24691 15 1.0
0.694951 -0.001423 0.746825 1 1.0
0.134117 0.133044 0.25252 12 0.994767
0.703588 -0.003164 0.750697 1 1.0
0.868812 0.516592 0.246329 13 1.0
0.123814 0.138744 0.751939 3 1.0
0.698296 0.002389 0.251138 1 1.0
0.145611 0.237517 0.252193 13 0.0
0.148749 0.218643 0.747034 3 3.4e-05
0.304727 -0.00253 0.254926 1 1.0
0.868068 -0.001005 0.559263 1 1.0
0.865574 0.00069 0.457028 1 1.0
0.146723 0.493715 0.249213 13 0.863201
0.163567 0.353446 0.244838 13 1e-06
0.14639 0.338509 0.744883 3 0.824779
0.62483 -0.002289 0.751262 1 1.0
0.142034 0.275026 0.744158 3 1.0
0.15385 0.608039 0.749147 3 1.0
0.158675 0.478568 0.743116 3 1.0
0.157379 0.332642 0.751425 3 0.000668
0.87035 0.275092 0.243841 13 1.0
0.136781 0.359588 0.743165 3 1.0
0.580179 0.000784 0.245724 13 1.0
0.138718 0.278904 0.745916 3 0.99999
0.420194 -0.004279 0.251112 1 1.0
0.85881 -0.002777 0.511008 1 1.0
0.131028 0.445578 0.247619 13 1.0
0.137886 0.336497 0.74153 3 1.0
0.148369 0.504153 0.751711 3 1.0
0.145592 0.292242 0.751252 3 0.008084
0.143036 0.283397 0.750626 3 1.0
0.344868 -0.002105 0.245624 13 1.0
0.143482 0.23928 0.746818 3 1.0
0.144107 0.443176 0.746471 12 0.999967
0.138796 0.309331 0.751228 3 1.0
0.221671 0.862252 0.513504 6 0.0
0.233153 0.875802 0.507597 6 0.0
0.228185 0.870719 0.545587 6 0.0
0.21019 0.848701 0.519411 6 0.0
0.215158 0.853785 0.481421 6 0.0
0.150355 0.632799 0.749078 3 0.99986
0.31836 0.946346 0.738986 10 0.994267
0.182551 0.799709 0.748759 4 1.0
0.865894 0.162235 0.249691 13 1.0
0.652524 0.962661 0.37621 12 0.0
0.640781 0.968808 0.376837 12 0.0
0.653377 0.96165 0.402104 12 0.0
0.664267 0.956515 0.375583 12 0.0
0.65167 0.963672 0.350316 12 0.0
0.17173 0.760811 0.748312 3 0.999999
0.840295 0.75775 0.749532 3 1.0
0.42127 0.766786 0.755466 3 0.999999
0.362761 0.732536 0.753936 7 0.998187
0.648182 0.958948 0.335341 12 0.007374
0.632512 0.966072 0.336245 12 0.007374
0.648159 0.956568 0.353687 12 0.007374
0.663852 0.951824 0.334437 12 0.007374
0.648206 0.961327 0.316995 12 0.007374
0.575398 0.002629 0.741916 1 1.0
0.645565 0.962294 0.536154 10 0.0
0.630854 0.968944 0.538823 10 0.0
0.64851 0.959697 0.558859 10 0.0
0.660277 0.955643 0.533486 10 0.0
0.642621 0.964891 0.51345 10 0.0
0.145238 0.238405 0.252011 13 1.0
0.867348 0.110291 0.247446 13 1.0
0.136847 0.622668 0.249724 13 1.0
0.368806 0.001831 0.571945 5 0.999999
0.514864 0.337748 0.752258 3 0.037016
0.871068 0.587735 0.243349 12 1.0
0.522101 0.00469 0.748479 1 1.0
0.1782 0.789198 0.743405 12 1.0
0.210519 0.006091 0.250252 13 0.960195
0.715499 0.922641 0.462698 12 0.0
0.70636 0.927984 0.464044 12 0.0
0.718772 0.921259 0.490403 12 0.0
0.724639 0.917297 0.461352 12 0.0
0.712227 0.924022 0.434993 12 0.0
0.828551 -0.008765 0.248719 1 1.0
0.870306 -0.005986 0.239695 13 1.0
0.867549 -0.001224 0.241257 13 1.0
0.85638 -0.015821 0.245103 13 1.0
0.873062 -0.010747 0.238133 13 1.0
0.884232 0.003849 0.234287 13 1.0
0.201698 -0.001138 0.250983 1 1.0
0.865728 0.371434 0.75262 3 1.0
0.14646 0.185678 0.243965 13 1.0
0.169228 -0.009003 0.245981 1 1.0
0.404917 -2.2e-05 0.39953 5 1.0
0.689057 -0.001531 0.751042 1 1.0
0.129594 0.617972 0.245621 13 1.0
0.799739 -0.010457 0.237947 1 1.0
0.761582 -0.002601 0.250129 1 1.0
0.865864 0.357692 0.248135 13 1.0
0.12243 0.066102 0.242661 12 1.0
0.870668 0.158116 0.244271 13 1.0
0.400276 -0.003542 0.751723 1 1.0
0.129789 0.190873 0.74573 12 1.0
0.133694 0.433341 0.250559 13 1.0
0.340039 -0.006283 0.247406 1 1.0
0.692597 -0.005382 0.243284 13 1.0
0.663913 -0.003362 0.752255 1 1.0
0.873166 0.447705 0.238828 13 1.0
0.481824 -0.004751 0.753117 1 1.0
0.142655 0.251041 0.752097 3 0.999997
0.159329 0.200521 0.755241 3 0.0
0.165938 0.449813 0.751677 3 0.0
0.157948 0.253777 0.755009 3 0.000176
0.480267 -6e-06 0.74737 3 0.999986
0.134291 0.226836 0.741458 3 0.999897
0.855312 0.387585 0.255804 13 1.0
0.137075 0.186165 0.254075 13 0.999994
0.298579 -0.000667 0.246741 13 1.0
0.862294 0.00033 0.54089 1 1.0
0.864921 0.577545 0.249073 13 1.0
0.145504 0.4371 0.247597 13 0.984079
0.163773 0.425973 0.757422 3 0.0
0.164272 0.413409 0.749134 3 8.6e-05
0.856807 0.459849 0.251293 13 1.0
0.150276 0.45329 0.748872 3 0.999479
0.140049 0.166208 0.744684 3 0.891767
0.138198 0.377716 0.750376 3 1.0
0.139661 0.442656 0.75194 3 1.0
0.153462 0.232689 0.752402 3 1.0
0.153118 0.217131 0.751982 3 0.990029
0.244199 0.801356 0.752113 3 0.0
0.259053 0.791485 0.752307 3 0.0
0.273364 0.845243 0.751952 3 0.0
0.229345 0.811226 0.75192 3 0.0
0.215034 0.757469 0.752275 3 0.0
0.159183 0.259247 0.752309 3 0.0
0.135296 0.369869 0.732535 12 0.0
0.426704 0.010474 0.746861 3 0.999997
0.152343 0.654884 0.25211 13 1.0
0.219164 -7.1e-05 0.248659 13 1.0
0.858044 0.226007 0.74777 3 1.0
0.13004 0.305452 0.248102 13 1.0
0.144507 0.384455 0.247141 13 0.996734
0.158071 0.275676 0.754086 3 0.0
0.145879 0.394413 0.746165 3 1.0
0.53281 -0.001498 0.249305 13 1.0
0.149667 0.506521 0.749875 3 1.0
0.152411 0.423677 0.744435 3 0.377463
0.142574 0.544862 0.749604 3 0.999995
0.139133 0.217501 0.745507 3 0.999998
0.139807 0.28459 0.750843 3 0.995669
