Point_ID Label
0 53776
1 16932
2 56888
3 58346
4 53776
5 17188
6 49920
7 19104
8 2856
9 39968
10 55140
11 18468
12 40736
13 57826
14 40744
15 19236
16 58338
17 53776
18 28177
19 61968
20 18762
21 58336
22 55076
23 25360
24 18763
25 16420
26 292
27 53764
28 26953
29 18763
30 2592
31 39968
32 18980
33 19208
34 18980
35 18762
36 18763
37 53776
38 58314
39 25443
40 53796
41 292
42 27403
43 39456
44 19108
45 58346
46 40224
47 57834
48 3601
49 55088
50 55072
51 18763
52 54057
53 18762
54 56888
55 53776
56 2404
57 18762
58 18763
59 56376
60 39456
61 18762
62 53796
63 16932
64 17185
65 39976
66 53776
67 40744
68 16932
69 18980
70 55096
71 16932
72 54624
73 21008
74 55140
75 58314
76 19108
77 18980
78 56872
79 63265
80 54597
81 39968
82 18593
83 2916
84 18980
85 28449
86 54840
87 58346
88 18980
89 58346
90 18980
91 2720
92 18980
93 39968
94 54328
95 53796
96 28449
97 18980
98 18468
99 18980
100 60201
101 11793
102 2400
103 57097
104 59840
105 18980
106 40744
107 11793
108 2400
109 52920
110 53796
111 53776
112 58312
113 54832
114 18763
115 58304
116 16896
117 58346
118 18762
119 19200
120 40509
121 61968
122 49482
123 2336
124 39968
125 17152
126 58345
127 57826
128 18762
129 53765
130 57826
131 28177
132 63256
133 28177
134 52920
135 39968
136 18980
137 45985
138 18766
139 16932
140 2404
141 18468
142 11793
143 18980
144 56376
145 17188
146 2720
147 39976
148 49944
149 53776
150 53032
151 52000
152 18689
153 57826
154 53284
155 18763
156 16932
157 18763
158 57826
159 55072
160 18763
161 18762
162 2340
163 2404
164 19072
165 39968
166 53765
167 39448
168 16676
169 62240
170 58313
171 11797
172 19236
173 18592
174 18980
175 18980
176 63272
177 18945
178 25345
179 18760
180 57826
181 63305
182 56097
183 18980
184 2848
185 28177
186 16714
187 57826
188 18763
189 18760
190 18762
191 39968
192 57826
193 18976
194 57826
195 18761
196 2340
197 58314
198 39968
199 18981
200 58314
201 55088
202 63273
203 2721
204 11797
205 57128
206 57826
207 19108
208 39200
209 18762
210 57826
211 28177
212 18724
213 58313
214 16932
215 53776
216 28177
217 53776
218 2977
219 19108
220 58305
221 11793
222 18980
223 18763
224 54840
225 58346
226 20233
227 2404
228 18980
229 28177
230 18980
231 18762
232 58346
233 53776
234 16932
235 53776
236 57120
237 40504
238 53776
239 54328
240 54832
241 18763
242 52920
243 25369
244 49938
245 53284
246 39968
247 53776
248 18762
249 40504
250 18763
251 18980
252 39968
253 53776
254 56096
255 54016
256 40744
257 59752
258 27409
259 28177
260 53776
261 62224
262 49482
263 18980
264 18980
265 18762
266 57826
267 18763
268 49944
269 18763
270 49700
271 28177
272 57826
273 40496
274 11177
275 28177
276 39968
277 58346
278 11793
279 55056
280 18980
281 58344
282 28177
283 18762
284 2976
285 40504
286 53284
287 39968
288 16676
289 18596
290 58314
291 55064
292 19108
293 56888
294 10773
295 18980
296 58209
297 49953
298 54072
299 40480
300 18980
301 55096
302 16932
303 53776
304 54832
305 40504
306 57826
307 61968
308 19274
309 59201
310 2852
311 18762
312 58344
313 54048
314 57826
315 54040
316 18762
317 10773
318 40224
319 39472
320 18763
321 21029
322 56376
323 53776
324 2209
325 18762
326 39976
327 11793
328 53776
329 58312
330 18792
331 58112
332 57826
333 11177
334 39480
335 18763
336 18980
337 2340
338 55096
339 39480
340 58312
341 58344
342 58306
343 49700
344 16932
345 28177
346 18762
347 18763
348 27425
349 53776
350 40504
351 11177
352 39968
353 56872
354 28513
355 16932
356 49680
357 16932
358 2912
359 18980
360 28177
361 39992
362 38968
363 18980
364 54832
365 55096
366 63336
367 51560
368 18763
369 61968
370 63248
371 18763
372 39968
373 18980
374 39968
375 18980
376 40224
377 63265
378 2581
379 18763
380 58128
381 25360
382 53904
383 18980
384 18763
385 57826
386 59233
387 53776
388 39968
389 58346
390 53776
391 19108
392 39976
393 39968
394 28181
395 59201
396 56888
397 39968
398 17060
399 59201
400 28177
401 17060
402 18592
403 40736
404 27552
405 2209
406 16932
407 54056
408 16676
409 2336
410 39968
411 54628
412 40504
413 16420
414 40504
415 2344
416 18980
417 19104
418 53904
419 18980
420 39968
421 18762
422 39968
423 39456
424 39968
425 28177
426 16932
427 28161
428 16932
429 53252
430 19105
431 18980
432 2336
433 18980
434 55096
435 52920
436 18766
437 39968
438 40508
439 55096
440 16932
441 27584
442 25361
443 39968
444 16932
445 40504
446 28177
447 39968
448 40504
449 55080
450 53252
451 18593
452 18468
453 56620
454 18980
455 18980
456 18468
457 16932
458 53284
459 39968
460 3104
461 16932
462 16420
463 18980
464 63265
465 18592
466 39968
467 18976
468 53796
469 17060
470 17028
471 63297
472 18980
473 18592
474 35872
475 56888
476 16932
477 2336
478 57826
479 16932
480 18976
481 19104
482 18980
483 54840
484 18763
485 56376
486 16932
487 3104
488 55856
489 18761
490 18763
491 40505
492 56617
493 19224
494 40488
495 18980
496 16932
497 40488
498 18980
499 28177
500 52001
501 2464
502 16932
503 55136
504 18596
505 61968
506 54064
507 60192
508 19236
509 57826
510 57826
511 18762
512 28177
513 16932
514 18762
515 39968
516 16932
517 18763
518 56376
519 54840
520 19104
521 39968
522 57826
523 28177
524 54832
525 18763
526 49938
527 63256
528 18980
529 16932
530 40504
531 792
532 57826
533 39448
534 17156
535 28177
536 28177
537 18763
538 25418
539 55096
540 28177
541 57826
542 28177
543 19105
544 53776
545 11793
546 18763
547 61281
548 53776
549 16420
550 39456
551 19104
552 53776
553 56888
554 56376
555 18980
556 53776
557 18763
558 57826
559 53904
560 20233
561 27457
562 58306
563 40488
564 57826
565 25377
566 53776
567 56616
568 19108
569 18980
570 18763
571 56872
572 11793
573 18763
574 57826
575 28177
576 18766
577 16932
578 57826
579 28177
580 57826
581 18980
582 18763
583 56888
584 40480
585 18763
586 53904
587 57826
588 58344
589 53776
590 18763
591 33560
592 59361
593 25434
594 16932
595 25376
596 18760
597 16714
598 40504
599 39968
600 54016
601 62224
602 58346
603 25370
604 56376
605 28177
606 28177
607 54328
608 18980
609 57826
610 40480
611 16896
612 53820
613 2852
614 21028
615 25105
616 11797
617 16932
618 55096
619 39968
620 18763
621 2721
622 18980
623 52009
624 18763
625 25347
626 49952
627 11176
628 19233
629 63273
630 28161
631 54568
632 19274
633 57826
634 2581
635 54840
636 16932
637 52000
638 40504
639 55136
640 17028
641 58338
642 40488
643 18980
644 18763
645 16932
646 18980
647 11169
648 16932
649 18980
650 16900
651 57128
652 27153
653 18763
654 16676
655 56888
656 18762
657 57826
658 16932
659 18980
660 58314
661 16932
662 18763
663 16932
664 2464
665 18763
666 39968
667 35384
668 2848
669 3104
670 54629
671 28177
672 55088
673 2721
674 19108
675 40744
676 39992
677 39976
678 55144
679 19108
680 28177
681 55844
682 16932
683 53776
684 16932
685 18762
686 2336
687 19105
688 17153
689 18762
690 53776
691 16932
692 39968
693 49944
694 58313
695 53776
696 16932
697 2464
698 39976
699 63336
700 55096
701 54624
702 18980
703 55056
704 18763
705 2852
706 18980
707 49680
708 18468
709 18980
710 2977
711 57826
712 53776
713 18980
714 18763
715 55656
716 16933
717 40224
718 54597
719 19104
720 63256
721 18980
722 18980
723 19108
724 40504
725 18980
726 56620
727 18697
728 49700
729 18980
730 2721
731 28177
732 54052
733 39976
734 53796
735 57824
736 18761
737 18763
738 16420
739 58346
740 58336
741 824
742 18763
743 39968
744 25347
745 39992
746 53764
747 56616
748 11793
749 53776
750 18763
751 61968
752 18980
753 56872
754 58346
755 28177
756 18762
757 25418
758 53776
759 63256
760 17176
761 28177
762 49944
763 18980
764 56880
765 53776
766 54628
767 52792
768 18762
769 54832
770 58312
771 2344
772 18766
773 16932
774 16676
775 56888
776 53776
777 57826
778 19274
779 18980
780 49953
781 57128
782 28177
783 40504
784 54840
785 16932
786 56864
787 56376
788 28177
789 55072
790 58344
791 28177
792 16932
793 28177
794 55096
795 58346
796 18762
797 17226
798 58314
799 25345
800 18980
801 28177
802 57834
803 59361
804 27457
805 18762
806 53776
807 25360
808 18761
809 18763
810 40488
811 18980
812 40480
813 16932
814 16896
815 57826
816 18762
817 58306
818 2848
819 57826
820 28177
821 28177
822 61968
823 6944
824 19232
825 11797
826 58346
827 53776
828 25434
829 28177
830 57826
831 39968
832 57826
833 39480
834 56888
835 39968
836 38456
837 3601
838 27409
839 51560
840 56376
841 18763
842 55136
843 25418
844 27153
845 28177
846 56376
847 18980
848 54840
849 16932
850 53776
851 53776
852 16932
853 58345
854 28177
855 18761
856 53776
857 17060
858 11793
859 27153
860 20257
861 61968
862 18763
863 39968
864 16932
865 27584
866 57144
867 18980
868 54832
869 18763
870 16928
871 2408
872 54800
873 292
874 18763
875 39968
876 40504
877 7464
878 28177
879 16932
880 18699
881 2340
882 39968
883 18762
884 49944
885 53765
886 28177
887 57834
888 18980
889 63336
890 53776
891 58336
892 49952
893 40480
894 39968
895 10773
896 18980
897 53812
898 28177
899 2408
900 16932
901 53776
902 28177
903 38456
904 21029
905 16932
906 59712
907 39968
908 53808
909 17060
910 39968
911 57826
912 53792
913 18763
914 53776
915 18763
916 40504
917 18766
918 39968
919 53776
920 53776
921 49700
922 11793
923 18763
924 40504
925 39456
926 16932
927 28177
928 2336
929 16712
930 54629
931 28177
932 53025
933 40496
934 18980
935 27401
936 53776
937 2528
938 27403
939 18762
940 25105
941 11793
942 57826
943 16932
944 54840
945 56376
946 16932
947 39200
948 18763
949 39976
950 18699
951 39968
952 54840
953 19275
954 28177
955 18761
956 40504
957 52001
958 18980
959 2209
960 18720
961 39968
962 18980
963 52920
964 40504
965 40488
966 18980
967 2976
968 58346
969 16928
970 26384
971 19104
972 53776
973 2340
974 16932
975 57826
976 18763
977 2581
978 39968
979 40488
980 40224
981 18980
982 18980
983 2592
984 61968
985 58346
986 16676
987 58346
988 39968
989 40504
990 53776
991 16676
992 18763
993 16420
994 28177
995 28177
996 11793
997 18763
998 2400
999 28177
1000 53776
1001 63248
1002 18980
1003 18980
1004 2209
1005 54572
1006 54832
1007 18763
1008 39968
1009 53808
1010 11793
1011 2848
1012 40232
1013 17184
1014 56376
1015 16932
1016 40504
1017 57826
1018 40504
1019 16928
1020 18763
1021 11793
1022 57826
1023 18762
1024 53776
1025 18762
1026 54840
1027 18766
1028 17060
1029 824
1030 17192
1031 58346
1032 27456
1033 58338
1034 40480
1035 39976
1036 39968
1037 51977
1038 39992
1039 18762
1040 57826
1041 63248
1042 54800
1043 53024
1044 40480
1045 18596
1046 40480
1047 53796
1048 61968
1049 58113
1050 39968
1051 54328
1052 35872
1053 16932
1054 25377
1055 16548
1056 40488
1057 16932
1058 18980
1059 16932
1060 2400
1061 53252
1062 28177
1063 57826
1064 40508
1065 53776
1066 58145
1067 56376
1068 16932
1069 58312
1070 54597
1071 28177
1072 11797
1073 18980
1074 18766
1075 16932
1076 16932
1077 56888
1078 54624
1079 28177
1080 53776
1081 18762
1082 58128
1083 18763
1084 17040
1085 16420
1086 39968
1087 28177
1088 18762
1089 53776
1090 11793
1091 55056
1092 40496
1093 28177
1094 53776
1095 53776
1096 55144
1097 17208
1098 28177
1099 53904
1100 53904
1101 27417
1102 40224
1103 18762
1104 18592
1105 18762
1106 39968
1107 53776
1108 53776
1109 18980
1110 58306
1111 18762
1112 39992
1113 53776
1114 39968
1115 16932
1116 18763
1117 40736
1118 39968
1119 18689
1120 57826
1121 28161
1122 28177
1123 39968
1124 16676
1125 56888
1126 39456
1127 54072
1128 18762
1129 61968
1130 53776
1131 17224
1132 58344
1133 37400
1134 19108
1135 19225
1136 19209
1137 16932
1138 18980
1139 40496
1140 55096
1141 26955
1142 11793
1143 19273
1144 18763
1145 18980
1146 58346
1147 16676
1148 27416
1149 16548
1150 58344
1151 19108
1152 16932
1153 58129
1154 39968
1155 18980
1156 18763
1157 53776
1158 28161
1159 58336
1160 28177
1161 54628
1162 53776
1163 18763
1164 18762
1165 35872
1166 57120
1167 40508
1168 18980
1169 18761
1170 53776
1171 53776
1172 19273
1173 18980
1174 35384
1175 18762
1176 26401
1177 39968
1178 40504
1179 18762
1180 53776
1181 63273
1182 18763
1183 19208
1184 11793
1185 18763
1186 28177
1187 27153
1188 11797
1189 25377
1190 39968
1191 58346
1192 2344
1193 25376
1194 19232
1195 53776
1196 18980
1197 16932
1198 54832
1199 27153
1200 11793
1201 17176
1202 55608
1203 35640
1204 39968
1205 18792
1206 49976
1207 792
1208 19232
1209 27616
1210 27072
1211 40480
1212 53776
1213 28161
1214 39968
1215 57144
1216 40480
1217 55076
1218 39456
1219 57826
1220 2336
1221 55073
1222 18763
1223 53776
1224 55096
1225 53808
1226 58314
1227 53776
1228 53776
1229 58346
1230 27153
1231 2209
1232 18763
1233 19233
1234 54800
1235 19273
1236 28177
1237 57826
1238 39968
1239 2581
1240 53776
1241 63336
1242 292
1243 57826
1244 40232
1245 18763
1246 16730
1247 18762
1248 28449
1249 56888
1250 53808
1251 17152
1252 16420
1253 11793
1254 54048
1255 57826
1256 57826
1257 53284
1258 39456
1259 57824
1260 53776
1261 28177
1262 53776
1263 58314
1264 21008
1265 2409
1266 49928
1267 11797
1268 19108
1269 55064
1270 19360
1271 58346
1272 40224
1273 39968
1274 2593
1275 39968
1276 57144
1277 58336
1278 38944
1279 18763
1280 28177
1281 57826
1282 53776
1283 28177
1284 60192
1285 53776
1286 59169
1287 2916
1288 54016
1289 2916
1290 16932
1291 58187
1292 61968
1293 16932
1294 58336
1295 18980
1296 63296
1297 58314
1298 59168
1299 61217
1300 16420
1301 18980
1302 2592
1303 16932
1304 57824
1305 60256
1306 56888
1307 11169
1308 18763
1309 18763
1310 28177
1311 54573
1312 57826
1313 18980
1314 18593
1315 16714
1316 40480
1317 54328
1318 27393
1319 16932
1320 63328
1321 11177
1322 39968
1323 59840
1324 58145
1325 52009
1326 17176
1327 16932
1328 51968
1329 40508
1330 40504
1331 53808
1332 18980
1333 18980
1334 2721
1335 40480
1336 39968
1337 53776
1338 16932
1339 16932
1340 18468
1341 57128
1342 18980
1343 18980
1344 54840
1345 18760
1346 49976
1347 16932
1348 58346
1349 2976
1350 18763
1351 18980
1352 16932
1353 16932
1354 54800
1355 39968
1356 19360
1357 39968
1358 18762
1359 54628
1360 55136
1361 39968
1362 18980
1363 21281
1364 57826
1365 39968
1366 18980
1367 39976
1368 57826
1369 16420
1370 2209
1371 53776
1372 18980
1373 19104
1374 56864
1375 61968
1376 39968
1377 54832
1378 53776
1379 39968
1380 18980
1381 62224
1382 2336
1383 53776
1384 39968
1385 55096
1386 57826
1387 40224
1388 18763
1389 39968
1390 2340
1391 52000
1392 55144
1393 56872
1394 18980
1395 55144
1396 59842
1397 18763
1398 18468
1399 54048
1400 39968
1401 53776
1402 55064
1403 18762
1404 53776
1405 16932
1406 18762
1407 11797
1408 40232
1409 27409
1410 19108
1411 54040
1412 54840
1413 18980
1414 40760
1415 18762
1416 56888
1417 18763
1418 57144
1419 53776
1420 53904
1421 39968
1422 35384
1423 58176
1424 39200
1425 28433
1426 54832
1427 2616
1428 16932
1429 40736
1430 16932
1431 28177
1432 57826
1433 18760
1434 39968
1435 18763
1436 35112
1437 58346
1438 28177
1439 28177
1440 18784
1441 53776
1442 17227
1443 16932
1444 39968
1445 16932
1446 27153
1447 53776
1448 18763
1449 28161
1450 54800
1451 3605
1452 10773
1453 56096
1454 19209
1455 57826
1456 11793
1457 39968
1458 56888
1459 16420
1460 55088
1461 11797
1462 16932
1463 55136
1464 53776
1465 40508
1466 58312
1467 54072
1468 39968
1469 39976
1470 62224
1471 28181
1472 53776
1473 53776
1474 38968
1475 40496
1476 58346
1477 58314
1478 39976
1479 49938
1480 18761
1481 39992
1482 18980
1483 53776
1484 54072
1485 40480
1486 53776
1487 18763
1488 18763
1489 17153
1490 28161
1491 40508
1492 55144
1493 54052
1494 57120
1495 16714
1496 18980
1497 49952
1498 53904
1499 18980
1500 54573
1501 28177
1502 53796
1503 54840
1504 11793
1505 63336
1506 18763
1507 18980
1508 51985
1509 40752
1510 54072
1511 49938
1512 53776
1513 53776
1514 26385
1515 18980
1516 39968
1517 53776
1518 54016
1519 11797
1520 40504
1521 39272
1522 18980
1523 39968
1524 18688
1525 16714
1526 25417
1527 18980
1528 63256
1529 55096
1530 18763
1531 39968
1532 19241
1533 58216
1534 18763
1535 39200
1536 56888
1537 28177
1538 39968
1539 61968
1540 2340
1541 53776
1542 56105
1543 18980
1544 39968
1545 58346
1546 57826
1547 39968
1548 57128
1549 18980
1550 18980
1551 57834
1552 39456
1553 57826
1554 58312
1555 16932
1556 37400
1557 63273
1558 54597
1559 39968
1560 16932
1561 11177
1562 54072
1563 53776
1564 16932
1565 39968
1566 54624
1567 53776
1568 56888
1569 16932
1570 53776
1571 18980
1572 18763
1573 11797
1574 28177
1575 38944
1576 57121
1577 18762
1578 18980
1579 17029
1580 57826
1581 18762
1582 18762
1583 39968
1584 59361
1585 18980
1586 11797
1587 55080
1588 2916
1589 25376
1590 16932
1591 16932
1592 28161
1593 39992
1594 17184
1595 16420
1596 58346
1597 58346
1598 18980
1599 40480
1600 54832
1601 18980
1602 17185
1603 54624
1604 39976
1605 58344
1606 57826
1607 16932
1608 54328
1609 58336
1610 54328
1611 60193
1612 57826
1613 56360
1614 11169
1615 28177
1616 58346
1617 39472
1618 18980
1619 16932
1620 53796
1621 53776
1622 40488
1623 39968
1624 19360
1625 58346
1626 56872
1627 18980
1628 53252
1629 39968
1630 40480
1631 40508
1632 57826
1633 57826
1634 18762
1635 40504
1636 11793
1637 18760
1638 18980
1639 53776
1640 18980
1641 21008
1642 40504
1643 40224
1644 58344
1645 27465
1646 16932
1647 18980
1648 26464
1649 25434
1650 18980
1651 39968
1652 59168
1653 19108
1654 55856
1655 16932
1656 56872
1657 18980
1658 18980
1659 2592
1660 2400
1661 45993
1662 18980
1663 38448
1664 18761
1665 57826
1666 28177
1667 18980
1668 18468
1669 18762
1670 11793
1671 19360
1672 54072
1673 53776
1674 19272
1675 19104
1676 56616
1677 39992
1678 19200
1679 2977
1680 40504
1681 16548
1682 2849
1683 292
1684 49952
1685 40508
1686 56872
1687 55136
1688 18980
1689 18766
1690 53781
1691 53796
1692 55096
1693 18980
1694 40760
1695 58336
1696 54624
1697 17184
1698 53776
1699 18468
1700 18980
1701 39968
1702 53284
1703 55080
1704 792
1705 40224
1706 18691
1707 56872
1708 54573
1709 27464
1710 58314
1711 54800
1712 16932
1713 17188
1714 39968
1715 38968
1716 25443
1717 58346
1718 28177
1719 53776
1720 54832
1721 53904
1722 21029
1723 56616
1724 53776
1725 58346
1726 51561
1727 18766
1728 35872
1729 39968
1730 18763
1731 58312
1732 40760
1733 49944
1734 40504
1735 18763
1736 18763
1737 55856
1738 58346
1739 16714
1740 19275
1741 18980
1742 18980
1743 2581
1744 53776
1745 58314
1746 28177
1747 19275
1748 16932
1749 11797
1750 18763
1751 18980
1752 39976
1753 57826
1754 28177
1755 49928
1756 56892
1757 54628
1758 53776
1759 55136
1760 18766
1761 39480
1762 3605
1763 58346
1764 58312
1765 28177
1766 40504
1767 61968
1768 39968
1769 53904
1770 28161
1771 53776
1772 25418
1773 61968
1774 18980
1775 39968
1776 57826
1777 11797
1778 53820
1779 18980
1780 53776
1781 57097
1782 11793
1783 40504
1784 38944
1785 57826
1786 18980
1787 10773
1788 58145
1789 17060
1790 40480
1791 18980
1792 18980
1793 39968
1794 18763
1795 18699
1796 16912
1797 11793
1798 17060
1799 40488
1800 18763
1801 18762
1802 35872
1803 17184
1804 62248
1805 63248
1806 40504
1807 19108
1808 53796
1809 18763
1810 53776
1811 40480
1812 49953
1813 58314
1814 6688
1815 57826
1816 60352
1817 57826
1818 18721
1819 60224
1820 27157
1821 18763
1822 59840
1823 19108
1824 61968
1825 18763
1826 19209
1827 52000
1828 18980
1829 7456
1830 58346
1831 17060
1832 57826
1833 57826
1834 56888
1835 28177
1836 27425
1837 60200
1838 39968
1839 11793
1840 18762
1841 19274
1842 60193
1843 2377
1844 58344
1845 57826
1846 16676
1847 58346
1848 2592
1849 57826
1850 39968
1851 18980
1852 57824
1853 54040
1854 40232
1855 53776
1856 18981
1857 10773
1858 39968
1859 2336
1860 39968
1861 55136
1862 39968
1863 56376
1864 18762
1865 40744
1866 27488
1867 50016
1868 17176
1869 53796
1870 39968
1871 16928
1872 18761
1873 54048
1874 63336
1875 18980
1876 54328
1877 57826
1878 18976
1879 39968
1880 53776
1881 19105
1882 58344
1883 35872
1884 57826
1885 19108
1886 54624
1887 18980
1888 56376
1889 11169
1890 58346
1891 21028
1892 53284
1893 2376
1894 18766
1895 27401
1896 49952
1897 39968
1898 53764
1899 56888
1900 18980
1901 2721
1902 16917
1903 17028
1904 19104
1905 58338
1906 2848
1907 39968
1908 2592
1909 18980
1910 2340
1911 56888
1912 18980
1913 18980
1914 17040
1915 28177
1916 18699
1917 27417
1918 54328
1919 16932
1920 16676
1921 56376
1922 18980
1923 18980
1924 25377
1925 28177
1926 53808
1927 18980
1928 40480
1929 49813
1930 2720
1931 58336
1932 17188
1933 55096
1934 54328
1935 18980
1936 16932
1937 2336
1938 11177
1939 18980
1940 11793
1941 27416
1942 11793
1943 52920
1944 54064
1945 18980
1946 16932
1947 16932
1948 11797
1949 17060
1950 40504
1951 49952
1952 19104
1953 18980
1954 40480
1955 55096
1956 39992
1957 18980
1958 18980
1959 18980
1960 40504
1961 11169
1962 39968
1963 59201
1964 16932
1965 39968
1966 10913
1967 54624
1968 56376
1969 40480
1970 16932
1971 40480
1972 11797
1973 58210
1974 16420
1975 40224
1976 28177
1977 54840
1978 40504
1979 54840
1980 56888
1981 60161
1982 58337
1983 53284
1984 53776
1985 53776
1986 54628
1987 49976
1988 18762
1989 39976
1990 39984
1991 53776
1992 62224
1993 17040
1994 25360
1995 39968
1996 17060
1997 27584
1998 28177
1999 58336
2000 39968
2001 38456
2002 18762
2003 57826
2004 35112
2005 18763
2006 16676
2007 58128
2008 53904
2009 18763
2010 16932
2011 28177
2012 18763
2013 57826
2014 28177
2015 56872
2016 39968
2017 18976
2018 39968
2019 54628
2020 54040
2021 57696
2022 18762
2023 2336
2024 58346
2025 50992
2026 53776
2027 49944
2028 59361
2029 53776
2030 17227
2031 53776
2032 58345
2033 40496
2034 39968
2035 16714
2036 53776
2037 25370
2038 56892
2039 28177
2040 18980
2041 53904
2042 18762
2043 16932
2044 18980
2045 38456
2046 58336
2047 38704
2048 2408
2049 19237
2050 19240
2051 54800
2052 18763
2053 16932
2054 18980
2055 58314
2056 58346
2057 40480
2058 21028
2059 53776
2060 58344
2061 18763
2062 17176
2063 58144
2064 38456
2065 40232
2066 57826
2067 40232
2068 39976
2069 53764
2070 58338
2071 18763
2072 18763
2073 58338
2074 39968
2075 16932
2076 28177
2077 18980
2078 19104
2079 18699
2080 40736
2081 54840
2082 17168
2083 53776
2084 39472
2085 60352
2086 58346
2087 57826
2088 55056
2089 53776
2090 57824
2091 18763
2092 11176
2093 19200
2094 18980
2095 39968
2096 49956
2097 52792
2098 40232
2099 18691
2100 25104
2101 19209
2102 2720
2103 18766
2104 54572
2105 54056
2106 27425
2107 6944
2108 27488
2109 52001
2110 11793
2111 28177
2112 18763
2113 54328
2114 18763
2115 39968
2116 18468
2117 27465
2118 57834
2119 11176
2120 63272
2121 2608
2122 18763
2123 40480
2124 56872
2125 39968
2126 40480
2127 16932
2128 18763
2129 39968
2130 57834
2131 16896
2132 56888
2133 2977
2134 39968
2135 10769
2136 58346
2137 25344
2138 18980
2139 18762
2140 53808
2141 16932
2142 10913
2143 53776
2144 19224
2145 11169
2146 18596
2147 56888
2148 39976
2149 18468
2150 58153
2151 18468
2152 16712
2153 54328
2154 57826
2155 53776
2156 39968
2157 11793
2158 38944
2159 50976
2160 28177
2161 54328
2162 39968
2163 18980
2164 53764
2165 56376
2166 19273
2167 19232
2168 27465
2169 40504
2170 17226
2171 49952
2172 16676
2173 19104
2174 39968
2175 39968
2176 19272
2177 11176
2178 56892
2179 11169
2180 18980
2181 55136
2182 11169
2183 2721
2184 53764
2185 11793
2186 61217
2187 18980
2188 40504
2189 18980
2190 53776
2191 40480
2192 16548
2193 56616
2194 2912
2195 18980
2196 18593
2197 17184
2198 56376
2199 49700
2200 39968
2201 18762
2202 18980
2203 16932
2204 11169
2205 58129
2206 54840
2207 11169
2208 16932
2209 18980
2210 18468
2211 56888
2212 16932
2213 27409
2214 53776
2215 3605
2216 18760
2217 18980
2218 11797
2219 40224
2220 40480
2221 11793
2222 53776
2223 60352
2224 53776
2225 53776
2226 55136
2227 58304
2228 54800
2229 28177
2230 18691
2231 56892
2232 28177
2233 37656
2234 18763
2235 53776
2236 11793
2237 28177
2238 28177
2239 18763
2240 53776
2241 19232
2242 49482
2243 18762
2244 18980
2245 11793
2246 53776
2247 59361
2248 53776
2249 18761
2250 16932
2251 56872
2252 58304
2253 19209
2254 16933
2255 11797
2256 28177
2257 40504
2258 39456
2259 53776
2260 55136
2261 53776
2262 27153
2263 54057
2264 39968
2265 18762
2266 40480
2267 18761
2268 58346
2269 52000
2270 39968
2271 53776
2272 53904
2273 11797
2274 28177
2275 18761
2276 40504
2277 28417
2278 16932
2279 40480
2280 39968
2281 39968
2282 18980
2283 49482
2284 18761
2285 54072
2286 2872
2287 18980
2288 39968
2289 18766
2290 53808
2291 55080
2292 18980
2293 53776
2294 18763
2295 40488
2296 60392
2297 58338
2298 27392
2299 28177
2300 18762
2301 26385
2302 18760
2303 39968
2304 18762
2305 39968
2306 18592
2307 18761
2308 53904
2309 11793
2310 53765
2311 39992
2312 63296
2313 53776
2314 57826
2315 17208
2316 61968
2317 18980
2318 39968
2319 39968
2320 16932
2321 40480
2322 58312
2323 39992
2324 18468
2325 58344
2326 63296
2327 18980
2328 60201
2329 62249
2330 56888
2331 18763
2332 39976
2333 54072
2334 53776
2335 54072
2336 49813
2337 2360
2338 57826
2339 52000
2340 3601
2341 57826
2342 56612
2343 18980
2344 40508
2345 57826
2346 39968
2347 2464
2348 16896
2349 54057
2350 18980
2351 18763
2352 20233
2353 55136
2354 18980
2355 39992
2356 27424
2357 18762
2358 62249
2359 18784
2360 39968
2361 58337
2362 18763
2363 58346
2364 54573
2365 19272
2366 50977
2367 18761
2368 57834
2369 40488
2370 18980
2371 19360
2372 26955
2373 18762
2374 57826
2375 16932
2376 55844
2377 52001
2378 19232
2379 33560
2380 53776
2381 18980
2382 16932
2383 39968
2384 40504
2385 55096
2386 39968
2387 27553
2388 55081
2389 18762
2390 2977
2391 63272
2392 55072
2393 11169
2394 56872
2395 57826
2396 18763
2397 18766
2398 53776
2399 2340
2400 18980
2401 11797
2402 25377
2403 2592
2404 16932
2405 55073
2406 16932
2407 20233
2408 25353
2409 18980
2410 18980
2411 40508
2412 39968
2413 53904
2414 16928
2415 54800
2416 40488
2417 55136
2418 18980
2419 18766
2420 18763
2421 16420
2422 53024
2423 18980
2424 38944
2425 19233
2426 54049
2427 19232
2428 18980
2429 16420
2430 16676
2431 18596
2432 52920
2433 26385
2434 18784
2435 18980
2436 18980
2437 17176
2438 18763
2439 10913
2440 10913
2441 57826
2442 18763
2443 16932
2444 40480
2445 40760
2446 18945
2447 18980
2448 17227
2449 54800
2450 19104
2451 40232
2452 21028
2453 18596
2454 18980
2455 53776
2456 18980
2457 2336
2458 3104
2459 54624
2460 54628
2461 53776
2462 54328
2463 55136
2464 40224
2465 2464
2466 55144
2467 18762
2468 35872
2469 18762
2470 2464
2471 51985
2472 18980
2473 16420
2474 2720
2475 18980
2476 57826
2477 2528
2478 16932
2479 61968
2480 51992
2481 18980
2482 25344
2483 40224
2484 63296
2485 53776
2486 55072
2487 39968
2488 63272
2489 2409
2490 11169
2491 39480
2492 56888
2493 18763
2494 59233
2495 53776
2496 53781
2497 39968
2498 18762
2499 58128
2500 18763
2501 53776
2502 53776
2503 18980
2504 39968
2505 16714
2506 19233
2507 40480
2508 28177
2509 58313
2510 19108
2511 54628
2512 18763
2513 39200
2514 18763
2515 18980
2516 53776
2517 26955
2518 18762
2519 39968
2520 18763
2521 27458
2522 39968
2523 28433
2524 11793
2525 16932
2526 26464
2527 58344
2528 18763
2529 28177
2530 57128
2531 33560
2532 54040
2533 54840
2534 18762
2535 39968
2536 28177
2537 53781
2538 58306
2539 18763
2540 53776
2541 53765
2542 28177
2543 18762
2544 39968
2545 18721
2546 55136
2547 16932
2548 18699
2549 58314
2550 18763
2551 39968
2552 61968
2553 25368
2554 53776
2555 18980
2556 18762
2557 28177
2558 19232
2559 40752
2560 18980
2561 53776
2562 57826
2563 53608
2564 18980
2565 53252
2566 39992
2567 52001
2568 59233
2569 18763
2570 53776
2571 58346
2572 18721
2573 28177
2574 57826
2575 39720
2576 18980
2577 63248
2578 39968
2579 39968
2580 58338
2581 54840
2582 11793
2583 824
2584 40744
2585 40224
2586 27425
2587 58314
2588 16714
2589 18980
2590 40504
2591 16932
2592 54032
2593 58312
2594 56608
2595 18762
2596 63248
2597 56888
2598 52792
2599 56888
2600 57824
2601 11177
2602 40480
2603 18980
2604 58346
2605 53781
2606 28177
2607 18761
2608 18763
2609 18980
2610 56376
2611 58336
2612 58314
2613 57826
2614 36640
2615 28177
2616 18976
2617 2848
2618 2404
2619 19233
2620 28177
2621 25344
2622 57826
2623 18763
2624 39456
2625 19072
2626 58338
2627 18980
2628 27456
2629 39968
2630 19233
2631 3104
2632 56892
2633 19273
2634 58346
2635 40224
2636 18762
2637 59752
2638 19108
2639 18976
2640 60257
2641 39968
2642 58145
2643 53776
2644 39968
2645 54032
2646 55144
2647 27584
2648 39456
2649 25377
2650 11169
2651 17029
2652 58314
2653 28177
2654 54573
2655 824
2656 19108
2657 18980
2658 57121
2659 40504
2660 63248
2661 19272
2662 58313
2663 18762
2664 18980
2665 19200
2666 18762
2667 40224
2668 39968
2669 16932
2670 20233
2671 53776
2672 39968
2673 40224
2674 18977
2675 40744
2676 49952
2677 58144
2678 61968
2679 40488
2680 16932
2681 19233
2682 52920
2683 39976
2684 60352
2685 53796
2686 292
2687 16932
2688 56888
2689 58346
2690 56612
2691 40504
2692 39968
2693 55144
2694 54628
2695 39968
2696 18980
2697 17184
2698 39968
2699 18980
2700 39992
2701 39976
2702 11793
2703 18980
2704 16912
2705 39968
2706 40480
2707 40504
2708 18763
2709 51976
2710 40504
2711 28433
2712 18980
2713 18980
2714 18980
2715 27465
2716 56888
2717 18980
2718 26385
2719 55076
2720 39968
2721 40232
2722 53776
2723 18468
2724 16420
2725 18980
2726 57144
2727 11176
2728 40480
2729 18980
2730 2464
2731 56620
2732 16932
2733 39968
2734 11169
2735 3605
2736 18980
2737 61968
2738 52920
2739 56888
2740 19274
2741 50992
2742 18763
2743 28177
2744 63248
2745 39976
2746 18980
2747 19104
2748 54328
2749 53764
2750 39968
2751 56616
2752 18980
2753 63264
2754 17060
2755 21029
2756 18980
2757 2977
2758 2336
2759 11168
2760 40480
2761 35872
2762 18980
2763 19360
2764 53765
2765 56864
2766 57824
2767 56888
2768 17200
2769 40496
2770 16420
2771 57826
2772 53776
2773 54800
2774 2464
2775 18763
2776 25360
2777 53776
2778 58304
2779 18980
2780 53776
2781 18980
2782 39272
2783 18763
2784 26384
2785 17227
2786 40504
2787 58346
2788 18980
2789 18763
2790 20264
2791 58313
2792 40488
2793 18980
2794 53776
2795 54072
2796 39448
2797 39208
2798 16420
2799 53776
2800 18762
2801 18763
2802 38712
2803 18691
2804 18762
2805 52792
2806 58346
2807 27153
2808 53776
2809 40752
2810 18763
2811 28181
2812 40488
2813 40488
2814 3360
2815 18980
2816 28177
2817 2616
2818 53776
2819 2408
2820 16932
2821 58344
2822 18980
2823 27409
2824 2848
2825 18980
2826 62248
2827 53776
2828 18763
2829 54832
2830 53776
2831 18980
2832 18763
2833 56872
2834 54629
2835 16933
2836 58346
2837 38944
2838 53776
2839 54328
2840 54832
2841 28177
2842 58211
2843 16932
2844 53776
2845 18763
2846 53792
2847 53284
2848 28177
2849 49700
2850 55096
2851 18763
2852 18980
2853 17060
2854 25377
2855 55072
2856 25345
2857 40504
2858 16932
2859 39480
2860 20233
2861 37400
2862 58314
2863 40736
2864 57826
2865 58312
2866 27072
2867 18763
2868 28177
2869 19237
2870 11793
2871 28177
2872 39968
2873 18980
2874 49953
2875 39968
2876 2464
2877 56872
2878 19232
2879 18980
2880 57826
2881 54840
2882 60192
2883 57826
2884 63256
2885 18721
2886 18980
2887 55136
2888 39976
2889 39448
2890 16932
2891 40508
2892 2336
2893 40504
2894 55136
2895 54049
2896 18980
2897 63328
2898 19216
2899 19232
2900 51992
2901 58314
2902 25109
2903 53808
2904 39456
2905 40232
2906 40744
2907 39992
2908 57826
2909 53776
2910 11793
2911 25417
2912 2977
2913 16676
2914 53820
2915 10913
2916 292
2917 40480
2918 55136
2919 18761
2920 63297
2921 38944
2922 26465
2923 61968
2924 53808
2925 54629
2926 28177
2927 28177
2928 63296
2929 18763
2930 39968
2931 56097
2932 56376
2933 55136
2934 40736
2935 2720
2936 18980
2937 19233
2938 40480
2939 25416
2940 16932
2941 27433
2942 53764
2943 54048
2944 19105
2945 53776
2946 2852
2947 16932
2948 56872
2949 45993
2950 16932
2951 2721
2952 40504
2953 38712
2954 54840
2955 40504
2956 39992
2957 19275
2958 56872
2959 2840
2960 7456
2961 21028
2962 59712
2963 39968
2964 55072
2965 56872
2966 17029
2967 40508
2968 18980
2969 11793
2970 53776
2971 55064
2972 53820
2973 55144
2974 40488
2975 57824
2976 18980
2977 11169
2978 55136
2979 18980
2980 53776
2981 18980
2982 55136
2983 2848
2984 11176
2985 11176
2986 38944
2987 18980
2988 2848
2989 49953
2990 17060
2991 57826
2992 58346
2993 55073
2994 55064
2995 2852
2996 18721
2997 10913
2998 55136
2999 55144
3000 2721
3001 39968
3002 18980
3003 2209
3004 27553
3005 40504
3006 18980
3007 56888
3008 2721
3009 54840
3010 55136
3011 57826
3012 57826
3013 18980
3014 16932
3015 57097
3016 61968
3017 53776
3018 40480
3019 53776
3020 39968
3021 28177
3022 28177
3023 58121
3024 61968
3025 55136
3026 18763
3027 18763
3028 39968
3029 53776
3030 58346
3031 49960
3032 11793
3033 18691
3034 40752
3035 18980
3036 35112
3037 49952
3038 27153
3039 61792
3040 58346
3041 18763
3042 18980
3043 39968
3044 18762
3045 2581
3046 27072
3047 61216
3048 49936
3049 17224
3050 53776
3051 58208
3052 16676
3053 16932
3054 39968
3055 18762
3056 40504
3057 58211
3058 53776
3059 58346
3060 18761
3061 18761
3062 57826
3063 40744
3064 58336
3065 18980
3066 11169
3067 18763
3068 49936
3069 49944
3070 53776
3071 18980
3072 17200
3073 39992
3074 11177
3075 19108
3076 18763
3077 54040
3078 16928
3079 39968
3080 18980
3081 2336
3082 16932
3083 53904
3084 16932
3085 2340
3086 53776
3087 56888
3088 18762
3089 64288
3090 55056
3091 58346
3092 18980
3093 18763
3094 18763
3095 11793
3096 54832
3097 18763
3098 58344
3099 25443
3100 57824
3101 27496
3102 28177
3103 2581
3104 18762
3105 18980
3106 18766
3107 28161
3108 57826
3109 18980
3110 58346
3111 56376
3112 18980
3113 18980
3114 16932
3115 56888
3116 54056
3117 18763
3118 25361
3119 39968
3120 27153
3121 54628
3122 19108
3123 58346
3124 28417
3125 57824
3126 18980
3127 11169
3128 61217
3129 58346
3130 18763
3131 55144
3132 28181
3133 53776
3134 19108
3135 60384
3136 18763
3137 54832
3138 19108
3139 18721
3140 11169
3141 2721
3142 16900
3143 18766
3144 57097
3145 54629
3146 16714
3147 54832
3148 57826
3149 52792
3150 56376
3151 2872
3152 11169
3153 16932
3154 11793
3155 19232
3156 54628
3157 53776
3158 19108
3159 19104
3160 11169
3161 38712
3162 10913
3163 40480
3164 58112
3165 54597
3166 28449
3167 18980
3168 18980
3169 39968
3170 58346
3171 18980
3172 40480
3173 28177
3174 56608
3175 19105
3176 10913
3177 49952
3178 56608
3179 28177
3180 54628
3181 11169
3182 18980
3183 28177
3184 53796
3185 28177
3186 52001
3187 53776
3188 40480
3189 10913
3190 54628
3191 2721
3192 11169
3193 2720
3194 19104
3195 40509
3196 11169
3197 17188
3198 40488
3199 54072
3200 61968
3201 25376
3202 2977
3203 63328
3204 10913
3205 11169
3206 56888
3207 55072
3208 39968
3209 28177
3210 40488
3211 54572
3212 49938
3213 56888
3214 40480
3215 28177
3216 53776
3217 49936
3218 63336
3219 11797
3220 18763
3221 61968
3222 16932
3223 40504
3224 25368
3225 54032
3226 54328
3227 28417
3228 55096
3229 49680
3230 53776
3231 39968
3232 28161
3233 19233
3234 11797
3235 53776
3236 18763
3237 2581
3238 54840
3239 18762
3240 40480
3241 49482
3242 58346
3243 56888
3244 39968
3245 25360
3246 58314
3247 11793
3248 53776
3249 18762
3250 18980
3251 37656
3252 59744
3253 39968
3254 53776
3255 19105
3256 57826
3257 56888
3258 57826
3259 57826
3260 18980
3261 2336
3262 16932
3263 54629
3264 18980
3265 54624
3266 54840
3267 18762
3268 39968
3269 57826
3270 53284
3271 3601
3272 18980
3273 56880
3274 39968
3275 18763
3276 58346
3277 18763
3278 39968
3279 54568
3280 53781
3281 49680
3282 57097
3283 16932
3284 39712
3285 17168
3286 53776
3287 53776
3288 56888
3289 18763
3290 28177
3291 2409
3292 16420
3293 19240
3294 57826
3295 58338
3296 18763
3297 11797
3298 39968
3299 18691
3300 58210
3301 16420
3302 49936
3303 53776
3304 53776
3305 18468
3306 2916
3307 19240
3308 58338
3309 53776
3310 56888
3311 54328
3312 18980
3313 57826
3314 56888
3315 56892
3316 40480
3317 39968
3318 55136
3319 40508
3320 55073
3321 53776
3322 2848
3323 18980
3324 18980
3325 57826
3326 45985
3327 56097
3328 39968
3329 57826
3330 54048
3331 17060
3332 18763
3333 53776
3334 58346
3335 40504
3336 58346
3337 2848
3338 17060
3339 18980
3340 11168
3341 15009
3342 17224
3343 55144
3344 55144
3345 28177
3346 27137
3347 19360
3348 54840
3349 16932
3350 45985
3351 28177
3352 11797
3353 38944
3354 18980
3355 18762
3356 18766
3357 18980
3358 56376
3359 11169
3360 18980
3361 18721
3362 39976
3363 2464
3364 40496
3365 39968
3366 11177
3367 18980
3368 40504
3369 45993
3370 61968
3371 39968
3372 59712
3373 56872
3374 11793
3375 27153
3376 40504
3377 3360
3378 28177
3379 39480
3380 21008
3381 27616
3382 49953
3383 56376
3384 53796
3385 53284
3386 18980
3387 57826
3388 54048
3389 54032
3390 54800
3391 11169
3392 53776
3393 39968
3394 54328
3395 58338
3396 57826
3397 63296
3398 63297
3399 39968
3400 17060
3401 28177
3402 40224
3403 11797
3404 56376
3405 17226
3406 18980
3407 57128
3408 58336
3409 40488
3410 2592
3411 55136
3412 18691
3413 10913
3414 59201
3415 40232
3416 19236
3417 18468
3418 16932
3419 17060
3420 2528
3421 11169
3422 60192
3423 18980
3424 16932
3425 58336
3426 39976
3427 54628
3428 16932
3429 40488
3430 16928
3431 18724
3432 16932
3433 55140
3434 54628
3435 39968
3436 39968
3437 40480
3438 26384
3439 17188
3440 55144
3441 18763
3442 27465
3443 39968
3444 27157
3445 54832
3446 40480
3447 55140
3448 54072
3449 18763
3450 40736
3451 18763
3452 57097
3453 56872
3454 18761
3455 54832
3456 58312
3457 54832
3458 53776
3459 54840
3460 58128
3461 54072
3462 28177
3463 27584
3464 2864
3465 18762
3466 28177
3467 53776
3468 18981
3469 19232
3470 28177
3471 18762
3472 28177
3473 51992
3474 40224
3475 61968
3476 2720
3477 53776
3478 17040
3479 56376
3480 57121
3481 52008
3482 40504
3483 49936
3484 28177
3485 10773
3486 55056
3487 49482
3488 18762
3489 27393
3490 57826
3491 54072
3492 18980
3493 18980
3494 18762
3495 18766
3496 53776
3497 56616
3498 19272
3499 19275
3500 18721
3501 16932
3502 49700
3503 3605
3504 18980
3505 55144
3506 55844
3507 16932
3508 61968
3509 18721
3510 18980
3511 58344
3512 2581
3513 62224
3514 2608
3515 28177
3516 25416
3517 18762
3518 55073
3519 53776
3520 40488
3521 18977
3522 38704
3523 18468
3524 18762
3525 52001
3526 40508
3527 39992
3528 40480
3529 6432
3530 18763
3531 28177
3532 7456
3533 18763
3534 58344
3535 57834
3536 56376
3537 57824
3538 18762
3539 19108
3540 11168
3541 27403
3542 19104
3543 16932
3544 62224
3545 40504
3546 40505
3547 10769
3548 17168
3549 38944
3550 18762
3551 57826
3552 39968
3553 16420
3554 2592
3555 39968
3556 49680
3557 63256
3558 40504
3559 58344
3560 58305
3561 16932
3562 40224
3563 18980
3564 55136
3565 25360
3566 16917
3567 18980
3568 16900
3569 18980
3570 16712
3571 11169
3572 51561
3573 18980
3574 11168
3575 28177
3576 51560
3577 53796
3578 16932
3579 58346
3580 61281
3581 40480
3582 27584
3583 11177
3584 18766
3585 11177
3586 2721
3587 40224
3588 45993
3589 56617
3590 2408
3591 18761
3592 54597
3593 11797
3594 54597
3595 18980
3596 39968
3597 55136
3598 28161
3599 63256
3600 18762
3601 40480
3602 53776
3603 25347
3604 39968
3605 63273
3606 39968
3607 40488
3608 11169
3609 40752
3610 18980
3611 54048
3612 25360
3613 52008
3614 55072
3615 57834
3616 54624
3617 11169
3618 39992
3619 49960
3620 16932
3621 54840
3622 17040
3623 10913
3624 40488
3625 54840
3626 54568
3627 27409
3628 2400
3629 54629
3630 18762
3631 52009
3632 59840
3633 39976
3634 39480
3635 11168
3636 55144
3637 54840
3638 55072
3639 18763
3640 40480
3641 27465
3642 57128
3643 39976
3644 53808
3645 16932
3646 18980
3647 27072
3648 25347
3649 60360
3650 54072
3651 54628
3652 11169
3653 19108
3654 16932
3655 16421
3656 18980
3657 40488
3658 292
3659 55081
3660 18763
3661 39968
3662 16932
3663 11793
3664 18980
3665 19104
3666 57826
3667 54328
3668 11177
3669 59209
3670 40488
3671 18980
3672 18980
3673 16932
3674 54629
3675 40224
3676 40480
3677 54597
3678 18763
3679 53776
3680 16932
3681 11793
3682 56880
3683 53812
3684 55096
3685 49944
3686 18980
3687 16714
3688 40504
3689 54832
3690 18762
3691 25347
3692 28177
3693 53776
3694 53776
3695 53796
3696 25109
3697 54597
3698 18793
3699 58344
3700 28177
3701 18976
3702 53776
3703 54840
3704 54040
3705 19104
3706 18763
3707 40488
3708 28177
3709 19273
3710 28177
3711 53776
3712 18980
3713 18980
3714 16714
3715 62224
3716 19274
3717 18763
3718 53776
3719 18762
3720 18762
3721 25440
3722 57826
3723 18980
3724 25408
3725 18980
3726 28177
3727 53776
3728 21029
3729 54840
3730 16933
3731 58336
3732 18980
3733 18976
3734 6432
3735 18980
3736 40752
3737 16730
3738 16932
3739 52000
3740 11793
3741 19241
3742 57128
3743 39968
3744 18763
3745 18763
3746 51561
3747 18762
3748 27584
3749 57826
3750 53776
3751 58176
3752 40224
3753 28161
3754 40736
3755 28177
3756 28177
3757 54049
3758 18761
3759 58346
3760 25440
3761 58312
3762 57826
3763 2977
3764 18762
3765 57826
3766 39968
3767 63264
3768 55064
3769 18980
3770 54072
3771 18980
3772 18763
3773 18689
3774 57826
3775 2977
3776 58312
3777 18721
3778 11177
3779 18763
3780 54800
3781 55144
3782 18762
3783 56360
3784 39968
3785 39968
3786 11169
3787 18762
3788 55096
3789 53764
3790 19256
3791 59201
3792 54629
3793 39968
3794 54597
3795 25377
3796 11177
3797 63328
3798 16912
3799 58340
3800 16932
3801 54840
3802 18762
3803 39968
3804 63328
3805 39968
3806 54056
3807 39968
3808 11169
3809 11169
3810 63248
3811 55072
3812 18980
3813 2977
3814 2912
3815 57824
3816 18699
3817 16932
3818 40488
3819 54048
3820 59201
3821 45985
3822 53776
3823 18980
3824 16932
3825 39224
3826 55072
3827 40504
3828 18763
3829 53764
3830 2336
3831 17176
3832 16932
3833 39992
3834 11169
3835 56888
3836 17060
3837 39968
3838 39968
3839 17184
3840 59232
3841 27072
3842 57121
3843 58338
3844 25376
3845 55136
3846 11169
3847 54628
3848 11169
3849 56888
3850 55136
3851 19108
3852 40744
3853 39992
3854 53284
3855 18980
3856 39968
3857 58184
3858 58152
3859 40488
3860 54040
3861 40480
3862 17192
3863 16928
3864 11169
3865 63296
3866 3104
3867 19108
3868 56360
3869 53764
3870 53796
3871 39968
3872 16932
3873 37688
3874 40488
3875 16932
3876 40480
3877 55144
3878 61968
3879 39968
3880 18763
3881 54072
3882 40488
3883 39968
3884 28177
3885 16933
3886 28177
3887 18763
3888 16932
3889 16932
3890 39968
3891 26955
3892 28489
3893 53776
3894 18763
3895 40496
3896 18763
3897 40504
3898 54072
3899 60224
3900 25368
3901 18763
3902 18763
3903 57826
3904 20264
3905 58144
3906 18763
3907 58344
3908 25419
3909 55088
3910 49700
3911 18980
3912 53776
3913 10769
3914 57826
3915 57826
3916 53776
3917 52920
3918 16932
3919 18763
3920 26955
3921 59752
3922 18763
3923 28177
3924 40480
3925 18762
3926 27393
3927 40480
3928 39992
3929 18762
3930 57826
3931 39968
3932 60352
3933 58314
3934 57826
3935 28177
3936 45993
3937 40480
3938 53776
3939 28161
3940 53776
3941 16676
3942 2377
3943 18762
3944 57826
3945 2340
3946 55656
3947 58312
3948 39968
3949 58312
3950 11169
3951 57826
3952 54328
3953 11793
3954 18596
3955 56097
3956 18980
3957 58344
3958 40508
3959 18762
3960 18980
3961 18762
3962 28177
3963 55096
3964 20257
3965 11169
3966 54629
3967 58312
3968 53776
3969 39968
3970 17060
3971 18593
3972 17029
3973 18980
3974 56888
3975 53776
3976 38688
3977 18468
3978 50984
3979 11176
3980 2336
3981 40504
3982 19361
3983 39968
3984 54572
3985 40736
3986 2408
3987 54328
3988 57826
3989 39968
3990 53776
3991 63265
3992 18980
3993 18980
3994 11169
3995 18980
3996 11797
3997 19232
3998 40480
3999 40480
4000 15009
4001 18763
4002 55136
4003 53796
4004 54800
4005 16928
4006 56376
4007 11169
4008 3360
4009 53776
4010 56888
4011 25384
4012 53796
4013 54597
4014 17060
4015 57826
4016 55096
4017 39456
4018 60161
4019 60224
4020 56888
4021 54048
4022 39976
4023 40480
4024 28177
4025 21028
4026 15009
4027 39968
4028 39456
4029 292
4030 52008
4031 39968
4032 57097
4033 27401
4034 18762
4035 11169
4036 16932
4037 54629
4038 18468
4039 56376
4040 3360
4041 18980
4042 27153
4043 59201
4044 25384
4045 55076
4046 54328
4047 40480
4048 53776
4049 18766
4050 2408
4051 59177
4052 59176
4053 18980
4054 18760
4055 18720
4056 11169
4057 55840
4058 17160
4059 19104
4060 55080
4061 16932
4062 11793
4063 18980
4064 28177
4065 40480
4066 53776
4067 19360
4068 39968
4069 21008
4070 18592
4071 39968
4072 16932
4073 18980
4074 18980
4075 55136
4076 58113
4077 2977
4078 54629
4079 40224
4080 19108
4081 28177
4082 16928
4083 16932
4084 54597
4085 2464
4086 39968
4087 39968
4088 16932
4089 16932
4090 16932
4091 39968
4092 11169
4093 54628
4094 40480
4095 11169
4096 40488
4097 61968
4098 16912
4099 39968
4100 53776
4101 58345
4102 11793
4103 18763
4104 16932
4105 2856
4106 18761
4107 28177
4108 53776
4109 28177
4110 28177
4111 10769
4112 58144
4113 18980
4114 18980
4115 53776
4116 18762
4117 39984
4118 57826
4119 60360
4120 18762
4121 65376
4122 21008
4123 18763
4124 18980
4125 57826
4126 58344
4127 61968
4128 18688
4129 53904
4130 57144
4131 19273
4132 18763
4133 40480
4134 18980
4135 56888
4136 2848
4137 54628
4138 40736
4139 16932
4140 39968
4141 39968
4142 40477
4143 18762
4144 18980
4145 18763
4146 53024
4147 39992
4148 55096
4149 17060
4150 25441
4151 39968
4152 18766
4153 18762
4154 18697
4155 39992
4156 17176
4157 55096
4158 58346
4159 53792
4160 49944
4161 18763
4162 49952
4163 45729
4164 53776
4165 11797
4166 49944
4167 17028
4168 18762
4169 16932
4170 49952
4171 57826
4172 57826
4173 19108
4174 53776
4175 50984
4176 11169
4177 292
4178 16932
4179 18762
4180 18762
4181 18980
4182 40488
4183 55136
4184 58344
4185 53776
4186 57826
4187 53776
4188 19272
4189 16900
4190 16932
4191 56888
4192 11169
4193 18760
4194 25344
4195 2376
4196 19233
4197 17200
4198 18762
4199 54840
4200 63328
4201 18763
4202 18762
4203 27153
4204 45985
4205 19104
4206 18980
4207 59201
4208 54624
4209 17060
4210 57826
4211 39968
4212 16933
4213 18763
4214 54624
4215 55056
4216 56888
4217 16420
4218 45729
4219 18980
4220 19200
4221 18980
4222 17028
4223 18980
4224 56888
4225 25376
4226 55144
4227 11177
4228 11169
4229 53284
4230 28177
4231 39992
4232 16932
4233 49953
4234 58145
4235 55856
4236 55136
4237 2336
4238 40744
4239 18980
4240 55136
4241 16420
4242 55844
4243 11169
4244 53796
4245 54628
4246 56892
4247 18762
4248 53776
4249 57129
4250 40232
4251 56617
4252 19108
4253 16932
4254 54056
4255 55056
4256 25347
4257 54056
4258 53796
4259 18762
4260 39456
4261 40224
4262 56620
4263 57128
4264 53252
4265 38448
4266 38712
4267 54800
4268 54800
4269 55096
4270 38448
4271 28177
4272 54049
4273 16932
4274 49976
4275 54072
4276 18976
4277 27424
4278 18980
4279 56376
4280 59209
4281 2340
4282 16932
4283 40224
4284 53776
4285 11793
4286 16932
4287 63248
4288 11793
4289 58129
4290 18217
4291 18721
4292 11177
4293 2616
4294 40504
4295 39968
4296 54624
4297 16932
4298 20256
4299 56616
4300 57824
4301 18980
4302 49938
4303 28177
4304 39968
4305 25347
4306 53776
4307 54597
4308 11793
4309 54040
4310 40480
4311 28177
4312 39968
4313 54040
4314 53776
4315 53776
4316 28177
4317 58305
4318 20264
4319 57826
4320 18980
4321 27393
4322 40480
4323 40488
4324 58336
4325 16932
4326 18976
4327 11793
4328 27072
4329 49952
4330 18980
4331 53776
4332 53776
4333 18761
4334 18762
4335 27592
4336 39456
4337 17028
4338 16548
4339 39968
4340 40224
4341 16917
4342 54840
4343 28177
4344 53788
4345 11176
4346 20256
4347 49960
4348 18976
4349 60161
4350 19241
4351 58144
4352 40480
4353 55096
4354 40224
4355 18980
4356 16420
4357 40488
4358 18761
4359 16730
4360 18760
4361 18762
4362 28177
4363 19273
4364 53781
4365 58346
4366 39968
4367 39968
4368 58346
4369 28181
4370 63336
4371 37656
4372 27456
4373 56888
4374 28177
4375 18980
4376 57826
4377 57826
4378 39264
4379 18980
4380 39968
4381 2977
4382 60161
4383 18980
4384 28177
4385 55608
4386 51000
4387 40496
4388 40760
4389 18720
4390 57826
4391 56376
4392 56376
4393 2608
4394 53776
4395 18762
4396 39968
4397 10913
4398 19108
4399 17184
4400 57097
4401 27465
4402 11793
4403 61968
4404 18980
4405 11177
4406 54064
4407 2977
4408 56376
4409 49944
4410 54629
4411 57826
4412 18468
4413 57826
4414 53776
4415 54048
4416 2408
4417 53284
4418 11169
4419 28177
4420 18763
4421 58144
4422 40480
4423 39968
4424 49952
4425 39968
4426 54048
4427 16932
4428 54628
4429 53776
4430 62241
4431 39448
4432 39968
4433 11169
4434 18762
4435 19108
4436 11169
4437 56612
4438 16932
4439 54624
4440 11169
4441 18980
4442 39968
4443 2340
4444 58128
4445 56376
4446 2840
4447 10913
4448 11168
4449 54597
4450 18980
4451 38968
4452 16932
4453 59201
4454 18762
4455 49953
4456 53776
4457 16932
4458 54629
4459 63328
4460 55144
4461 10913
4462 58312
4463 53792
4464 26384
4465 38944
4466 54072
4467 16932
4468 53252
4469 56888
4470 56888
4471 2340
4472 26385
4473 18980
4474 17060
4475 63328
4476 39968
4477 16932
4478 55081
4479 40480
4480 39968
4481 54048
4482 19104
4483 40504
4484 15009
4485 13217
4486 16928
4487 55140
4488 19104
4489 40504
4490 18762
4491 2848
4492 17176
4493 27458
4494 58314
4495 18980
4496 18980
4497 16932
4498 54072
4499 39968
4500 2581
4501 25368
4502 40224
4503 53776
4504 11793
4505 40232
4506 18762
4507 53776
4508 56376
4509 39968
4510 54832
4511 55096
4512 39992
4513 60193
4514 58120
4515 53776
4516 53776
4517 28177
4518 39968
4519 28177
4520 39472
4521 54840
4522 53812
4523 39968
4524 18980
4525 58346
4526 63248
4527 58313
4528 60392
4529 18980
4530 61968
4531 63256
4532 53776
4533 58346
4534 58336
4535 19275
4536 16932
4537 18980
4538 57826
4539 54840
4540 58336
4541 18980
4542 19105
4543 56888
4544 55096
4545 40752
4546 56872
4547 18980
4548 39208
4549 58314
4550 39968
4551 57826
4552 18762
4553 2848
4554 18763
4555 58336
4556 18762
4557 19233
4558 40504
4559 18980
4560 54328
4561 39968
4562 57826
4563 55073
4564 58209
4565 28177
4566 28177
4567 28177
4568 2581
4569 53776
4570 16932
4571 52000
4572 57826
4573 57826
4574 18468
4575 56888
4576 58346
4577 2608
4578 19104
4579 28177
4580 58208
4581 39968
4582 18721
4583 58306
4584 28177
4585 40477
4586 27393
4587 53776
4588 18980
4589 11793
4590 39968
4591 2977
4592 56620
4593 55080
4594 56872
4595 57826
4596 3601
4597 55136
4598 18763
4599 40504
4600 28177
4601 58314
4602 57826
4603 39968
4604 27553
4605 53812
4606 18980
4607 55096
4608 2340
4609 57824
4610 17152
4611 25370
4612 57826
4613 17168
4614 57826
4615 18763
4616 18592
4617 10913
4618 18763
4619 55144
4620 39968
4621 52001
4622 56872
4623 18980
4624 56888
4625 56608
4626 58145
4627 38944
4628 11169
4629 18761
4630 57826
4631 18980
4632 2977
4633 56888
4634 57826
4635 55096
4636 39968
4637 35872
4638 59872
4639 10913
4640 55140
4641 18980
4642 2336
4643 18980
4644 39968
4645 54628
4646 40508
4647 58144
4648 63305
4649 63328
4650 45985
4651 10913
4652 39968
4653 54572
4654 17224
4655 49944
4656 52009
4657 2721
4658 28177
4659 53252
4660 58346
4661 18592
4662 39456
4663 39968
4664 39456
4665 40488
4666 18697
4667 56888
4668 17028
4669 40488
4670 17184
4671 11169
4672 59176
4673 2581
4674 54057
4675 53776
4676 3360
4677 18766
4678 59176
4679 40736
4680 54048
4681 16901
4682 39976
4683 56888
4684 57121
4685 56888
4686 55096
4687 49938
4688 56376
4689 27528
4690 18762
4691 39968
4692 53776
4693 65312
4694 28177
4695 40480
4696 49944
4697 61968
4698 28177
4699 18762
4700 18762
4701 16676
4702 56376
4703 39968
4704 39448
4705 53776
4706 26465
4707 18763
4708 53776
4709 54032
4710 18763
4711 16932
4712 25419
4713 49968
4714 16932
4715 16900
4716 18761
4717 18763
4718 55840
4719 64289
4720 53776
4721 52000
4722 57834
4723 27072
4724 2340
4725 53776
4726 39992
4727 54840
4728 53776
4729 10773
4730 39968
4731 18763
4732 16420
4733 39968
4734 61968
4735 51560
4736 58144
4737 18763
4738 17185
4739 39976
4740 18762
4741 39968
4742 40504
4743 2336
4744 54049
4745 60193
4746 56376
4747 2852
4748 57826
4749 27153
4750 52920
4751 54832
4752 39968
4753 28449
4754 40224
4755 19072
4756 54056
4757 62240
4758 18763
4759 16932
4760 40480
4761 27432
4762 19104
4763 7464
4764 40744
4765 40508
4766 37400
4767 40480
4768 40504
4769 16420
4770 27488
4771 17152
4772 58144
4773 18976
4774 40480
4775 2209
4776 39272
4777 61968
4778 18980
4779 26384
4780 18762
4781 55136
4782 2977
4783 28177
4784 39968
4785 16932
4786 16932
4787 61968
4788 40224
4789 54629
4790 19108
4791 60200
4792 39456
4793 11169
4794 45729
4795 18980
4796 18976
4797 54624
4798 57097
4799 27072
4800 56888
4801 53024
4802 18762
4803 63297
4804 61968
4805 39968
4806 16932
4807 11177
4808 16932
4809 54628
4810 56888
4811 2336
4812 49952
4813 55073
4814 52920
4815 11797
4816 54840
4817 18762
4818 18763
4819 18763
4820 11793
4821 2592
4822 40224
4823 39968
4824 59752
4825 53796
4826 35872
4827 16714
4828 2976
4829 10913
4830 39472
4831 55840
4832 18468
4833 63248
4834 27153
4835 54832
4836 18980
4837 7456
4838 54628
4839 40232
4840 54040
4841 2584
4842 58314
4843 53788
4844 18699
4845 52001
4846 292
4847 56888
4848 53808
4849 28177
4850 53776
4851 17176
4852 25370
4853 16420
4854 52024
4855 27153
4856 60352
4857 39968
4858 58346
4859 10773
4860 39976
4861 18980
4862 53816
4863 49953
4864 60193
4865 53776
4866 18721
4867 58314
4868 54040
4869 54328
4870 53776
4871 53776
4872 59872
4873 25360
4874 28177
4875 40488
4876 57826
4877 16932
4878 62224
4879 18977
4880 51968
4881 16932
4882 18762
4883 2593
4884 18763
4885 16932
4886 40504
4887 18762
4888 17176
4889 58346
4890 18762
4891 19216
4892 18762
4893 2848
4894 56617
4895 11793
4896 28177
4897 16932
4898 55144
4899 18763
4900 25417
4901 11169
4902 27552
4903 27153
4904 28177
4905 18763
4906 16714
4907 18980
4908 16932
4909 19273
4910 56617
4911 16932
4912 2977
4913 18766
4914 25443
4915 18760
4916 18762
4917 17028
4918 17152
4919 18762
4920 2464
4921 54572
4922 53820
4923 18762
4924 28417
4925 26384
4926 39736
4927 54840
4928 56888
4929 52792
4930 13217
4931 40496
4932 54573
4933 49953
4934 53776
4935 53252
4936 18763
4937 11169
4938 58128
4939 18592
4940 16714
4941 57826
4942 19360
4943 28449
4944 58145
4945 54052
4946 40504
4947 55144
4948 55144
4949 39968
4950 25377
4951 11169
4952 3601
4953 35872
4954 59201
4955 2977
4956 49920
4957 18980
4958 58346
4959 50992
4960 56888
4961 16932
4962 39968
4963 27409
4964 57128
4965 53792
4966 18980
4967 39968
4968 54597
4969 27424
4970 39968
4971 39992
4972 54328
4973 28177
4974 40744
4975 53776
4976 39456
4977 27465
4978 54628
4979 3360
4980 18980
4981 40232
4982 18980
4983 2977
4984 39456
4985 63328
4986 39976
4987 17208
4988 54624
4989 39976
4990 2840
4991 25360
4992 40480
4993 54624
4994 39968
4995 40504
4996 58313
4997 2976
4998 28177
4999 10773
5000 19104
5001 53904
5002 16932
5003 53776
5004 2581
5005 58345
5006 39968
5007 58314
5008 40504
5009 53776
5010 6432
5011 25416
5012 2872
5013 18793
5014 18762
5015 54840
5016 53776
5017 58314
5018 18762
5019 58346
5020 11793
5021 11793
5022 40480
5023 39480
5024 53776
5025 18762
5026 16932
5027 16932
5028 62440
5029 58344
5030 16932
5031 28161
5032 18763
5033 18976
5034 28177
5035 18763
5036 28177
5037 51985
5038 28177
5039 11793
5040 18763
5041 40488
5042 17184
5043 54072
5044 28177
5045 18689
5046 18763
5047 57826
5048 2376
5049 45993
5050 25105
5051 58153
5052 19104
5053 18980
5054 28177
5055 11169
5056 53764
5057 53032
5058 25105
5059 18763
5060 55081
5061 55056
5062 11169
5063 17224
5064 16928
5065 45993
5066 39968
5067 54573
5068 10773
5069 11793
5070 18980
5071 18763
5072 11169
5073 58314
5074 39968
5075 2856
5076 16933
5077 39968
5078 16932
5079 18763
5080 55136
5081 35872
5082 54572
5083 53776
5084 16917
5085 49680
5086 28177
5087 53776
5088 55072
5089 19108
5090 40505
5091 18592
5092 2977
5093 55136
5094 59169
5095 54040
5096 57826
5097 11169
5098 18763
5099 60193
5100 16932
5101 11176
5102 55080
5103 40480
5104 54628
5105 40480
5106 55096
5107 19104
5108 27584
5109 39968
5110 63256
5111 39968
5112 61281
5113 18980
5114 54597
5115 2400
5116 18980
5117 10913
5118 17193
5119 2404
5120 39992
5121 19108
5122 18980
5123 18980
5124 18981
5125 18980
5126 18976
5127 40480
5128 54840
5129 49956
5130 11797
5131 26384
5132 52920
5133 40480
5134 39968
5135 55840
5136 18980
5137 3605
5138 17060
5139 28177
5140 18980
5141 39968
5142 27465
5143 11177
5144 18593
5145 56888
5146 16932
5147 53796
5148 56888
5149 19273
5150 45993
5151 55840
5152 40508
5153 40504
5154 57826
5155 54573
5156 52920
5157 39968
5158 53776
5159 10773
5160 54800
5161 39968
5162 40752
5163 40496
5164 10773
5165 55844
5166 40744
5167 18763
5168 40504
5169 3605
5170 19108
5171 18468
5172 19237
5173 2616
5174 28177
5175 40480
5176 25417
5177 39480
5178 18763
5179 58346
5180 28177
5181 49928
5182 17226
5183 18980
5184 18980
5185 27392
5186 59842
5187 18980
5188 18980
5189 40488
5190 27153
5191 37688
5192 39472
5193 39712
5194 16932
5195 18762
5196 11793
5197 57129
5198 53776
5199 17029
5200 18763
5201 19104
5202 28177
5203 18763
5204 2593
5205 2376
5206 28417
5207 58346
5208 40509
5209 16730
5210 55080
5211 40480
5212 18763
5213 40232
5214 55081
5215 55073
5216 54056
5217 57826
5218 11793
5219 63265
5220 16932
5221 18763
5222 57826
5223 16932
5224 53776
5225 18763
5226 18763
5227 28177
5228 16932
5229 17060
5230 16420
5231 54629
5232 18762
5233 16420
5234 17188
5235 57129
5236 2977
5237 53252
5238 56376
5239 16932
5240 39968
5241 18980
5242 18762
5243 54072
5244 55096
5245 55144
5246 57826
5247 2409
5248 11176
5249 11169
5250 56104
5251 63336
5252 18980
5253 11177
5254 18763
5255 54573
5256 53776
5257 38456
5258 17185
5259 18762
5260 54624
5261 16932
5262 40224
5263 58336
5264 52000
5265 54628
5266 11169
5267 20256
5268 10913
5269 55140
5270 18980
5271 292
5272 54624
5273 55072
5274 55136
5275 39968
5276 52008
5277 18766
5278 55144
5279 55072
5280 17176
5281 51561
5282 2977
5283 54628
5284 55844
5285 58336
5286 58129
5287 16932
5288 25376
5289 40480
5290 18468
5291 58336
5292 11168
5293 57826
5294 26384
5295 28161
5296 11169
5297 58345
5298 18977
5299 39968
5300 54040
5301 55096
5302 18763
5303 39968
5304 53776
5305 53252
5306 16932
5307 53904
5308 60256
5309 53284
5310 61968
5311 2592
5312 11169
5313 2336
5314 56376
5315 2360
5316 18760
5317 58145
5318 62224
5319 39968
5320 18980
5321 39976
5322 52792
5323 18762
5324 55064
5325 39968
5326 58145
5327 55088
5328 40480
5329 49944
5330 3605
5331 25419
5332 53776
5333 54832
5334 49944
5335 28177
5336 39992
5337 60360
5338 58336
5339 39968
5340 16730
5341 3601
5342 17176
5343 19104
5344 17184
5345 28417
5346 18761
5347 18762
5348 39200
5349 18763
5350 18762
5351 57826
5352 25344
5353 49953
5354 17152
5355 53776
5356 63328
5357 28449
5358 18763
5359 40224
5360 18699
5361 40480
5362 53776
5363 18980
5364 17060
5365 40488
5366 56612
5367 18763
5368 18468
5369 26385
5370 58346
5371 39968
5372 53776
5373 58346
5374 40224
5375 18468
5376 2584
5377 18763
5378 19275
5379 57128
5380 18980
5381 11793
5382 40505
5383 18762
5384 11793
5385 57826
5386 25440
5387 18762
5388 18762
5389 18784
5390 16420
5391 18762
5392 39968
5393 18763
5394 27157
5395 52000
5396 49953
5397 18763
5398 26953
5399 40224
5400 39712
5401 11177
5402 19108
5403 18980
5404 16932
5405 53776
5406 51561
5407 53776
5408 39456
5409 27393
5410 63336
5411 54628
5412 54624
5413 39968
5414 38712
5415 18980
5416 57826
5417 54840
5418 53816
5419 39472
5420 17227
5421 56104
5422 11169
5423 54597
5424 40480
5425 57826
5426 39968
5427 11169
5428 57826
5429 11169
5430 39968
5431 55136
5432 55136
5433 57824
5434 53788
5435 54628
5436 18763
5437 16420
5438 18763
5439 51744
5440 59874
5441 53776
5442 25104
5443 40480
5444 10913
5445 18980
5446 54597
5447 57826
5448 40480
5449 28161
5450 2852
5451 19108
5452 28177
5453 56888
5454 39472
5455 27392
5456 18980
5457 54072
5458 53776
5459 54840
5460 18762
5461 59201
5462 2852
5463 58346
5464 53776
5465 17184
5466 39968
5467 39968
5468 53776
5469 18980
5470 16932
5471 2720
5472 56888
5473 16932
5474 39968
5475 55096
5476 18468
5477 16932
5478 19237
5479 40760
5480 53764
5481 53776
5482 19108
5483 40477
5484 19108
5485 39968
5486 53776
5487 25347
5488 58336
5489 16932
5490 19232
5491 39968
5492 18763
5493 28417
5494 28177
5495 55608
5496 2581
5497 18762
5498 38456
5499 39968
5500 53776
5501 39968
5502 39968
5503 59232
5504 25360
5505 40480
5506 28177
5507 56097
5508 18762
5509 27153
5510 53776
5511 17060
5512 18763
5513 49680
5514 53776
5515 18766
5516 40488
5517 54573
5518 16932
5519 53796
5520 21028
5521 28417
5522 40480
5523 2344
5524 55064
5525 18763
5526 39968
5527 40504
5528 16928
5529 61968
5530 56097
5531 39456
5532 53904
5533 57834
5534 28177
5535 15009
5536 27465
5537 49952
5538 58145
5539 18980
5540 18763
5541 57826
5542 18761
5543 25434
5544 16896
5545 28177
5546 55096
5547 40480
5548 18762
5549 11797
5550 55608
5551 16912
5552 54072
5553 16932
5554 49953
5555 27153
5556 11176
5557 55136
5558 25361
5559 16896
5560 40480
5561 16932
5562 25377
5563 40232
5564 2976
5565 54573
5566 16730
5567 25345
5568 53776
5569 49938
5570 54597
5571 27424
5572 55072
5573 11176
5574 18762
5575 10769
5576 55136
5577 2721
5578 51977
5579 19108
5580 54597
5581 54832
5582 49680
5583 55096
5584 18763
5585 11169
5586 38456
5587 54628
5588 2377
5589 2977
5590 11169
5591 39448
5592 792
5593 18762
5594 58346
5595 55081
5596 39968
5597 45729
5598 40224
5599 18763
5600 39984
5601 54072
5602 18980
5603 53252
5604 55136
5605 19108
5606 16421
5607 54629
5608 40508
5609 55136
5610 40504
5611 17168
5612 18762
5613 49945
5614 17176
5615 49680
5616 18761
5617 53776
5618 11797
5619 53776
5620 11168
5621 11797
5622 18691
5623 53808
5624 56120
5625 25360
5626 18762
5627 45729
5628 58314
5629 40224
5630 39968
5631 18980
5632 39968
5633 18980
5634 54328
5635 2864
5636 39968
5637 17184
5638 56872
5639 53776
5640 62304
5641 49680
5642 53776
5643 18763
5644 53776
5645 25347
5646 39968
5647 53776
5648 16932
5649 18980
5650 56376
5651 39968
5652 3360
5653 18980
5654 39968
5655 53904
5656 55096
5657 54832
5658 54840
5659 56376
5660 54800
5661 39968
5662 58209
5663 18762
5664 39200
5665 54832
5666 54072
5667 18762
5668 39992
5669 60225
5670 62312
5671 28177
5672 18762
5673 56888
5674 38704
5675 60257
5676 53776
5677 18980
5678 18980
5679 28161
5680 49700
5681 18761
5682 27424
5683 28177
5684 40480
5685 18980
5686 61968
5687 49968
5688 55144
5689 55096
5690 2852
5691 63296
5692 53776
5693 2848
5694 18763
5695 19275
5696 52920
5697 28177
5698 49680
5699 53776
5700 11176
5701 27465
5702 28177
5703 53776
5704 39968
5705 58209
5706 40480
5707 58184
5708 16420
5709 57128
5710 56888
5711 2592
5712 61968
5713 57144
5714 58144
5715 57129
5716 16712
5717 52920
5718 58144
5719 40505
5720 27403
5721 17168
5722 2912
5723 18762
5724 55592
5725 40504
5726 54048
5727 54840
5728 54040
5729 2584
5730 18763
5731 40760
5732 39968
5733 54800
5734 62224
5735 56872
5736 16676
5737 54328
5738 28177
5739 55096
5740 16714
5741 53284
5742 18980
5743 18763
5744 16932
5745 16932
5746 55140
5747 54624
5748 55056
5749 2849
5750 40504
5751 18763
5752 26385
5753 58314
5754 16676
5755 28417
5756 16932
5757 39984
5758 21008
5759 3104
5760 26385
5761 39968
5762 58345
5763 40509
5764 35384
5765 17168
5766 40480
5767 53776
5768 58128
5769 28177
5770 49960
5771 18762
5772 2616
5773 39968
5774 17060
5775 40496
5776 18763
5777 40224
5778 18763
5779 57826
5780 18762
5781 27424
5782 11797
5783 28177
5784 27137
5785 25418
5786 53776
5787 27424
5788 53776
5789 56892
5790 39984
5791 53808
5792 61968
5793 55064
5794 19209
5795 18760
5796 28161
5797 18980
5798 2584
5799 19273
5800 61217
5801 54032
5802 11793
5803 17176
5804 57826
5805 58344
5806 57826
5807 18763
5808 19108
5809 18763
5810 49952
5811 10769
5812 39968
5813 63305
5814 25368
5815 25377
5816 40480
5817 53776
5818 18699
5819 2857
5820 17184
5821 58346
5822 53776
5823 11169
5824 60352
5825 57121
5826 40480
5827 2376
5828 28177
5829 18980
5830 49976
5831 57826
5832 39976
5833 63272
5834 18763
5835 40504
5836 2400
5837 19108
5838 2720
5839 54629
5840 6688
5841 54056
5842 19104
5843 18980
5844 57121
5845 40504
5846 27409
5847 16932
5848 55844
5849 19108
5850 57826
5851 18468
5852 59233
5853 53024
5854 53776
5855 18761
5856 39448
5857 18762
5858 39448
5859 39968
5860 39968
5861 58338
5862 28177
5863 25370
5864 19233
5865 10913
5866 21028
5867 19108
5868 18762
5869 18980
5870 17184
5871 57128
5872 62240
5873 58153
5874 19104
5875 39968
5876 61968
5877 16932
5878 40504
5879 61968
5880 39968
5881 19360
5882 2209
5883 2464
5884 63248
5885 16932
5886 40488
5887 55140
5888 292
5889 55144
5890 18763
5891 38456
5892 40480
5893 19201
5894 53776
5895 59176
5896 25353
5897 52024
5898 28177
5899 39456
5900 27392
5901 53796
5902 18977
5903 16714
5904 16933
5905 28177
5906 11793
5907 18762
5908 39968
5909 39968
5910 2916
5911 27458
5912 19108
5913 17040
5914 18762
5915 53776
5916 18763
5917 25376
5918 19233
5919 25345
5920 18763
5921 57826
5922 55096
5923 55081
5924 53776
5925 16714
5926 19200
5927 58176
5928 25418
5929 16933
5930 54624
5931 39968
5932 2584
5933 17040
5934 18762
5935 19361
5936 28161
5937 53796
5938 18980
5939 19233
5940 16730
5941 40504
5942 52001
5943 53808
5944 53904
5945 2977
5946 11176
5947 10913
5948 28177
5949 39968
5950 18760
5951 27458
5952 28181
5953 18763
5954 57826
5955 59209
5956 19233
5957 40736
5958 39480
5959 53776
5960 56888
5961 28177
5962 52920
5963 55844
5964 54800
5965 53808
5966 40488
5967 2528
5968 26953
5969 59176
5970 39448
5971 28417
5972 39968
5973 19233
5974 2593
5975 2977
5976 39736
5977 19108
5978 28177
5979 18763
5980 16932
5981 18762
5982 40477
5983 40224
5984 18980
5985 40480
5986 45993
5987 16420
5988 17168
5989 18762
5990 55096
5991 54840
5992 18980
5993 18761
5994 17200
5995 54328
5996 62224
5997 55144
5998 54328
5999 27393
6000 18980
6001 54328
6002 60160
6003 55144
6004 54072
6005 53816
6006 792
6007 55096
6008 54832
6009 49944
6010 49952
6011 53776
6012 28177
6013 27465
6014 40509
6015 19072
6016 28449
6017 57802
6018 58338
6019 26401
6020 11169
6021 27425
6022 39976
6023 27424
6024 13217
6025 40224
6026 28177
6027 57826
6028 54800
6029 28177
6030 58144
6031 61217
6032 52024
6033 49680
6034 2409
6035 57826
6036 18980
6037 35872
6038 18762
6039 16932
6040 28417
6041 25369
6042 52920
6043 25376
6044 58313
6045 16912
6046 18763
6047 17227
6048 28177
6049 18980
6050 27153
6051 18760
6052 53776
6053 2464
6054 56888
6055 55136
6056 25370
6057 56612
6058 16676
6059 17156
6060 49952
6061 11176
6062 18976
6063 58314
6064 45993
6065 28177
6066 39968
6067 63336
6068 28177
6069 19236
6070 11176
6071 39968
6072 18763
6073 55592
6074 18980
6075 54629
6076 16917
6077 39968
6078 18980
6079 39968
6080 40488
6081 25440
6082 45993
6083 27497
6084 39968
6085 54840
6086 2848
6087 39968
6088 2584
6089 55072
6090 54049
6091 16932
6092 53776
6093 2528
6094 54072
6095 40480
6096 53808
6097 17316
6098 39968
6099 16928
6100 18980
6101 16420
6102 18980
6103 18980
6104 55608
6105 56872
6106 18592
6107 18980
6108 16932
6109 59209
6110 54628
6111 53776
6112 39976
6113 17248
6114 2864
6115 54840
6116 63256
6117 58304
6118 39448
6119 39968
6120 54072
6121 18980
6122 62241
6123 21028
6124 11169
6125 25105
6126 28177
6127 11176
6128 16932
6129 16932
6130 38456
6131 18980
6132 10769
6133 49680
6134 58344
6135 54840
6136 28177
6137 54040
6138 63248
6139 18763
6140 18980
6141 58338
6142 53788
6143 55073
6144 59233
6145 2977
6146 18980
6147 11169
6148 18763
6149 59361
6150 18762
6151 54800
6152 10913
6153 11176
6154 28177
6155 59842
6156 13217
6157 18762
6158 57097
6159 2721
6160 40488
6161 49976
6162 39992
6163 58312
6164 56620
6165 54064
6166 11169
6167 39968
6168 54072
6169 49976
6170 2376
6171 19256
6172 54840
6173 27592
6174 19105
6175 58344
6176 53776
6177 58312
6178 51563
6179 2849
6180 40504
6181 53776
6182 53776
6183 39968
6184 17168
6185 16928
6186 19232
6187 27465
6188 53796
6189 18980
6190 39968
6191 2408
6192 27400
6193 60257
6194 18980
6195 54628
6196 39992
6197 25376
6198 38968
6199 39448
6200 39736
6201 56888
6202 26384
6203 55096
6204 27157
6205 39968
6206 49938
6207 53776
6208 39968
6209 62240
6210 55144
6211 40224
6212 28177
6213 58336
6214 2977
6215 54064
6216 54816
6217 56097
6218 40736
6219 28177
6220 58144
6221 53776
6222 62249
6223 25418
6224 58312
6225 52920
6226 53776
6227 58336
6228 18762
6229 25347
6230 18762
6231 16421
6232 18763
6233 55096
6234 55136
6235 53776
6236 11797
6237 11177
6238 28177
6239 37656
6240 59201
6241 55844
6242 58346
6243 39968
6244 55136
6245 40480
6246 16932
6247 54040
6248 39968
6249 2409
6250 26953
6251 54072
6252 56888
6253 54056
6254 40744
6255 58145
6256 10913
6257 54628
6258 53776
6259 61968
6260 53776
6261 17176
6262 39968
6263 53776
6264 28417
6265 49944
6266 53812
6267 18763
6268 37688
6269 63265
6270 2528
6271 56888
6272 25377
6273 18980
6274 39968
6275 53776
6276 28449
6277 28177
6278 39968
6279 39976
6280 55840
6281 54832
6282 54072
6283 2848
6284 53776
6285 40504
6286 3605
6287 39968
6288 50976
6289 39968
6290 53776
6291 39968
6292 63336
6293 25109
6294 18762
6295 39968
6296 40480
6297 2848
6298 39968
6299 2584
6300 26953
6301 18980
6302 25434
6303 19233
6304 39968
6305 49944
6306 39968
6307 49945
6308 16932
6309 25361
6310 11169
6311 39976
6312 16421
6313 52001
6314 18762
6315 28177
6316 58336
6317 57826
6318 11793
6319 18762
6320 56888
6321 18763
6322 18468
6323 18980
6324 3104
6325 40736
6326 54049
6327 17184
6328 19108
6329 19200
6330 18784
6331 39448
6332 18688
6333 54032
6334 27457
6335 54800
6336 19209
6337 38712
6338 11169
6339 40736
6340 60192
6341 39968
6342 54628
6343 63305
6344 56104
6345 25109
6346 2976
6347 18763
6348 39968
6349 18697
6350 58344
6351 18762
6352 39968
6353 16932
6354 18980
6355 17184
6356 39992
6357 18763
6358 52920
6359 11797
6360 18762
6361 16932
6362 26955
6363 53776
6364 45993
6365 58145
6366 11793
6367 28181
6368 53796
6369 60193
6370 18763
6371 55096
6372 16896
6373 18763
6374 53776
6375 45993
6376 17188
6377 18980
6378 18762
6379 39456
6380 63248
6381 39456
6382 54072
6383 63297
6384 27153
6385 6688
6386 63248
6387 19273
6388 16928
6389 54056
6390 18980
6391 11793
6392 19275
6393 57826
6394 19360
6395 49680
6396 55072
6397 28177
6398 11793
6399 54328
6400 53776
6401 40508
6402 61968
6403 58144
6404 40752
6405 49953
6406 53284
6407 57826
6408 53796
6409 53776
6410 63248
6411 55844
6412 60200
6413 57826
6414 56888
6415 27409
6416 2528
6417 27153
6418 39992
6419 58346
6420 16901
6421 11169
6422 11797
6423 16932
6424 39968
6425 53776
6426 18762
6427 56888
6428 16932
6429 18980
6430 54328
6431 55096
6432 50992
6433 49680
6434 49680
6435 52792
6436 56616
6437 18763
6438 11169
6439 19209
6440 55096
6441 49976
6442 39968
6443 25360
6444 53776
6445 17040
6446 53776
6447 18720
6448 39968
6449 27616
6450 40504
6451 49956
6452 40480
6453 63248
6454 54840
6455 39968
6456 39976
6457 39992
6458 54048
6459 55096
6460 27416
6461 18980
6462 58344
6463 2976
6464 17188
6465 39968
6466 54840
6467 25434
6468 11169
6469 39976
6470 27153
6471 16932
6472 61968
6473 28177
6474 51968
6475 17184
6476 28177
6477 21029
6478 19240
6479 53284
6480 17160
6481 55844
6482 58176
6483 16714
6484 18980
6485 53792
6486 18760
6487 10913
6488 58336
6489 19273
6490 27553
6491 19273
6492 55140
6493 40488
6494 55080
6495 55096
6496 16420
6497 39968
6498 58216
6499 21028
6500 55080
6501 11176
6502 40480
6503 52920
6504 54040
6505 45985
6506 53608
6507 16714
6508 53776
6509 54072
6510 39968
6511 61792
6512 54072
6513 792
6514 54832
6515 18762
6516 56620
6517 39968
6518 11793
6519 53808
6520 18762
6521 16932
6522 54572
6523 11169
6524 17153
6525 2581
6526 54800
6527 39968
6528 54840
6529 56888
6530 56376
6531 57826
6532 2840
6533 39224
6534 58209
6535 57120
6536 58314
6537 18980
6538 27392
6539 40504
6540 792
6541 2721
6542 6688
6543 58336
6544 62224
6545 57824
6546 63273
6547 39720
6548 55088
6549 27592
6550 56096
6551 19272
6552 19273
6553 57826
6554 49952
6555 58208
6556 54056
6557 40496
6558 18763
6559 57826
6560 53776
6561 40480
6562 16901
6563 11169
6564 17168
6565 39976
6566 40505
6567 18976
6568 2720
6569 55136
6570 18980
6571 54628
6572 16932
6573 16548
6574 39968
6575 17188
6576 25344
6577 10913
6578 53776
6579 59201
6580 53776
6581 39480
6582 28177
6583 40505
6584 18763
6585 40477
6586 58336
6587 53812
6588 54840
6589 18760
6590 56376
6591 49961
6592 55064
6593 58128
6594 60384
6595 2848
6596 18763
6597 61968
6598 28177
6599 54048
6600 39968
6601 16714
6602 62240
6603 40504
6604 39968
6605 16932
6606 17184
6607 53776
6608 55144
6609 18762
6610 18762
6611 18763
6612 25377
6613 39472
6614 56888
6615 19275
6616 26955
6617 17184
6618 19072
6619 11797
6620 51563
6621 18980
6622 55064
6623 40224
6624 25105
6625 56888
6626 3601
6627 54628
6628 28449
6629 53776
6630 39480
6631 40736
6632 28177
6633 54840
6634 39992
6635 18763
6636 53776
6637 18980
6638 63264
6639 16932
6640 16420
6641 54056
6642 11169
6643 58144
6644 16714
6645 54628
6646 18793
6647 11177
6648 16932
6649 18980
6650 54800
6651 19108
6652 54049
6653 55096
6654 39968
6655 55072
6656 18762
6657 11169
6658 54800
6659 16932
6660 40736
6661 40480
6662 16714
6663 39968
6664 39968
6665 17184
6666 49968
6667 62249
6668 57824
6669 18762
6670 2852
6671 55080
6672 27157
6673 54064
6674 18468
6675 45993
6676 56888
6677 40509
6678 26384
6679 28177
6680 25347
6681 63296
6682 40736
6683 62240
6684 39968
6685 17176
6686 17185
6687 16714
6688 25368
6689 18980
6690 17168
6691 39448
6692 39200
6693 53776
6694 55840
6695 18762
6696 2344
6697 53796
6698 17153
6699 40480
6700 56616
6701 53776
6702 27464
6703 56888
6704 18720
6705 28161
6706 53765
6707 25368
6708 26955
6709 60160
6710 58144
6711 18980
6712 54072
6713 49680
6714 54628
6715 17184
6716 39992
6717 39968
6718 58312
6719 55072
6720 53776
6721 60225
6722 58128
6723 58313
6724 56880
6725 17040
6726 17316
6727 19105
6728 40480
6729 40480
6730 53776
6731 11177
6732 28177
6733 49953
6734 59872
6735 16932
6736 28177
6737 28177
6738 39968
6739 58346
6740 52024
6741 28177
6742 18762
6743 16932
6744 51561
6745 18763
6746 17226
6747 18980
6748 19104
6749 55076
6750 40480
6751 40480
6752 52000
6753 58346
6754 19224
6755 58216
6756 19232
6757 53796
6758 45993
6759 55136
6760 57826
6761 54597
6762 39968
6763 28177
6764 40496
6765 39968
6766 18763
6767 39200
6768 56616
6769 54049
6770 11169
6771 18980
6772 39968
6773 18980
6774 61225
6775 2360
6776 2977
6777 18762
6778 39200
6779 11169
6780 58315
6781 55096
6782 55140
6783 18763
6784 39992
6785 38704
6786 54049
6787 39968
6788 28177
6789 2852
6790 54328
6791 18763
6792 55840
6793 39968
6794 53792
6795 57826
6796 52008
6797 55144
6798 54840
6799 19232
6800 55088
6801 58314
6802 40744
6803 52001
6804 53808
6805 18763
6806 55840
6807 17185
6808 18592
6809 25368
6810 18699
6811 40480
6812 40480
6813 25368
6814 40480
6815 54800
6816 18761
6817 53776
6818 54840
6819 49936
6820 18762
6821 16932
6822 11793
6823 17168
6824 59872
6825 37656
6826 53808
6827 54628
6828 28177
6829 18980
6830 28161
6831 39968
6832 37656
6833 2593
6834 54016
6835 54016
6836 17153
6837 53025
6838 28177
6839 39968
6840 16420
6841 18980
6842 17160
6843 27153
6844 53764
6845 18761
6846 54328
6847 16420
6848 18762
6849 40224
6850 58312
6851 11169
6852 55136
6853 28177
6854 53776
6855 18980
6856 39968
6857 16932
6858 40488
6859 39968
6860 18762
6861 61968
6862 11169
6863 53776
6864 11176
6865 11169
6866 26955
6867 11169
6868 54800
6869 18980
6870 56888
6871 39968
6872 19241
6873 54840
6874 25344
6875 17224
6876 51984
6877 39456
6878 39968
6879 53776
6880 53776
6881 2592
6882 39456
6883 38944
6884 17028
6885 55081
6886 56872
6887 39480
6888 54628
6889 19108
6890 17060
6891 19108
6892 39968
6893 55144
6894 55064
6895 54040
6896 39968
6897 16932
6898 39968
6899 55144
6900 39208
6901 39968
6902 55608
6903 40496
6904 57824
6905 17168
6906 54840
6907 18761
6908 61968
6909 18761
6910 57826
6911 17060
6912 18468
6913 56608
6914 11176
6915 53776
6916 62376
6917 28161
6918 56104
6919 54040
6920 16932
6921 27465
6922 57824
6923 57826
6924 2608
6925 16730
6926 16714
6927 28177
6928 60233
6929 53765
6930 57826
6931 17153
6932 18980
6933 40232
6934 52000
6935 39992
6936 20233
6937 49960
6938 18980
6939 39968
6940 55136
6941 54624
6942 63297
6943 55136
6944 39472
6945 57826
6946 55080
6947 11177
6948 56376
6949 54016
6950 19272
6951 52024
6952 11169
6953 55096
6954 40480
6955 53808
6956 40232
6957 53816
6958 55608
6959 16932
6960 57144
6961 54072
6962 54072
6963 49944
6964 54832
6965 49944
6966 51984
6967 2340
6968 56880
6969 25416
6970 18724
6971 19105
6972 18688
6973 55096
6974 27417
6975 40504
6976 28177
6977 39968
6978 40496
6979 53776
6980 58144
6981 52008
6982 54572
6983 61968
6984 28417
6985 57120
6986 63272
6987 16714
6988 18762
6989 58314
6990 18977
6991 25347
6992 40488
6993 18763
6994 19108
6995 19104
6996 53776
6997 39968
6998 55140
6999 2720
7000 19105
7001 55144
7002 53808
7003 11797
7004 18761
7005 2336
7006 55144
7007 2721
7008 39968
7009 40505
7010 63297
7011 39968
7012 2977
7013 58312
7014 11177
7015 58216
7016 18980
7017 55088
7018 2912
7019 2856
7020 39976
7021 49952
7022 11169
7023 56888
7024 39968
7025 11793
7026 18980
7027 40477
7028 58314
7029 25440
7030 56376
7031 40480
7032 19272
7033 39968
7034 59209
7035 11169
7036 16896
7037 56888
7038 18761
7039 18980
7040 54597
7041 61968
7042 53252
7043 39968
7044 26401
7045 27409
7046 40224
7047 54040
7048 40752
7049 59361
7050 55088
7051 39200
7052 28177
7053 16932
7054 56105
7055 60193
7056 39968
7057 58314
7058 18763
7059 53776
7060 45993
7061 58346
7062 17184
7063 54840
7064 11793
7065 61968
7066 25369
7067 57826
7068 57802
7069 56097
7070 56608
7071 58185
7072 56888
7073 40736
7074 17193
7075 57120
7076 40744
7077 50984
7078 18691
7079 58185
7080 16932
7081 54840
7082 17168
7083 39968
7084 11169
7085 17028
7086 18980
7087 19201
7088 11797
7089 35384
7090 28181
7091 17176
7092 54624
7093 2848
7094 40480
7095 49952
7096 28433
7097 37656
7098 25384
7099 28161
7100 17224
7101 27424
7102 54840
7103 27488
7104 33592
7105 56096
7106 53765
7107 58145
7108 56880
7109 25347
7110 18945
7111 40504
7112 2864
7113 18762
7114 2857
7115 11169
7116 54628
7117 19209
7118 57826
7119 54568
7120 54800
7121 55081
7122 49953
7123 39968
7124 19275
7125 54568
7126 39992
7127 53776
7128 40504
7129 16714
7130 11169
7131 57834
7132 18980
7133 58145
7134 17060
7135 40477
7136 54624
7137 2857
7138 2720
7139 53776
7140 18468
7141 40224
7142 49952
7143 28177
7144 27153
7145 54624
7146 39968
7147 56097
7148 18980
7149 40488
7150 16932
7151 53776
7152 16932
7153 39976
7154 49700
7155 39968
7156 21028
7157 54629
7158 25368
7159 39968
7160 39968
7161 59840
7162 25345
7163 40504
7164 39968
7165 25377
7166 16932
7167 11797
7168 53776
7169 49952
7170 49944
7171 56864
7172 40480
7173 28177
7174 40480
7175 40488
7176 17184
7177 18763
7178 18762
7179 55136
7180 49976
7181 53776
7182 39200
7183 57824
7184 57128
7185 57128
7186 17184
7187 18761
7188 2721
7189 39968
7190 2592
7191 53284
7192 11169
7193 2720
7194 39984
7195 10773
7196 55081
7197 18762
7198 63256
7199 55080
7200 40736
7201 28177
7202 59872
7203 63248
7204 40232
7205 21008
7206 27553
7207 16714
7208 11169
7209 11177
7210 54040
7211 25434
7212 19240
7213 19241
7214 58145
7215 58212
7216 18980
7217 16932
7218 55136
7219 18763
7220 2209
7221 19108
7222 58336
7223 39968
7224 11793
7225 40480
7226 2408
7227 2209
7228 55096
7229 38968
7230 61968
7231 39264
7232 28177
7233 2377
7234 53776
7235 58216
7236 11793
7237 54040
7238 53776
7239 40232
7240 16932
7241 58208
7242 58344
7243 33592
7244 2593
7245 18761
7246 39272
7247 53776
7248 27465
7249 25369
7250 16932
7251 57826
7252 2872
7253 19225
7254 58314
7255 58113
7256 55136
7257 54572
7258 58345
7259 53776
7260 2857
7261 25418
7262 52920
7263 18720
7264 54800
7265 28181
7266 54840
7267 2584
7268 17060
7269 2976
7270 62240
7271 17153
7272 58120
7273 58346
7274 16932
7275 25360
7276 55073
7277 54800
7278 28177
7279 2376
7280 57097
7281 58336
7282 37400
7283 50984
7284 40504
7285 53776
7286 18793
7287 18592
7288 39456
7289 55080
7290 58144
7291 51744
7292 56376
7293 39976
7294 53816
7295 2977
7296 19275
7297 57826
7298 40488
7299 17248
7300 2721
7301 11176
7302 40736
7303 58337
7304 11169
7305 54629
7306 58144
7307 25347
7308 55140
7309 18763
7310 59201
7311 53776
7312 2977
7313 40504
7314 25361
7315 55136
7316 27424
7317 49961
7318 52792
7319 40488
7320 54624
7321 19232
7322 39968
7323 38704
7324 49944
7325 27393
7326 39968
7327 40224
7328 19104
7329 28177
7330 16912
7331 64289
7332 19105
7333 11169
7334 17029
7335 27392
7336 39968
7337 54628
7338 58346
7339 39968
7340 49961
7341 18763
7342 2977
7343 58176
7344 27553
7345 53764
7346 55076
7347 10913
7348 10913
7349 53776
7350 25370
7351 39968
7352 53776
7353 17248
7354 53776
7355 16912
7356 16932
7357 39968
7358 18762
7359 54597
7360 11793
7361 18980
7362 55136
7363 53792
7364 11169
7365 58128
7366 40760
7367 55080
7368 53776
7369 40760
7370 49944
7371 17226
7372 27432
7373 19275
7374 18762
7375 10773
7376 56360
7377 11793
7378 25360
7379 10913
7380 25409
7381 18980
7382 27584
7383 28489
7384 2848
7385 18761
7386 18980
7387 62240
7388 54572
7389 56612
7390 16932
7391 25384
7392 58144
7393 39968
7394 28177
7395 58344
7396 18763
7397 11169
7398 11169
7399 55136
7400 54832
7401 55136
7402 25344
7403 53776
7404 40480
7405 18762
7406 54072
7407 26384
7408 11177
7409 54840
7410 39992
7411 39968
7412 54840
7413 53796
7414 39456
7415 56096
7416 27425
7417 39968
7418 58210
7419 2848
7420 37688
7421 40736
7422 25104
7423 40232
7424 39456
7425 53776
7426 49945
7427 58346
7428 58212
7429 10773
7430 54573
7431 58314
7432 63265
7433 49952
7434 19200
7435 60193
7436 17060
7437 16714
7438 18980
7439 53776
7440 38712
7441 39200
7442 37688
7443 54840
7444 57826
7445 40480
7446 58209
7447 56888
7448 2581
7449 55096
7450 2977
7451 11169
7452 17176
7453 17029
7454 28177
7455 27153
7456 28177
7457 17040
7458 56620
7459 17168
7460 53808
7461 18793
7462 39456
7463 39264
7464 40744
7465 27456
7466 58315
7467 16928
7468 58336
7469 54049
7470 55840
7471 54840
7472 58144
7473 54072
7474 54032
7475 53904
7476 53776
7477 16932
7478 25104
7479 28489
7480 27392
7481 57128
7482 52000
7483 49952
7484 16714
7485 53904
7486 39976
7487 2977
7488 58144
7489 18763
7490 58304
7491 54597
7492 18688
7493 10913
7494 17156
7495 61281
7496 18763
7497 2721
7498 39968
7499 11169
7500 56888
7501 10913
7502 56360
7503 39968
7504 40480
7505 28177
7506 27072
7507 61968
7508 2977
7509 49680
7510 54800
7511 39968
7512 39968
7513 55096
7514 18980
7515 53776
7516 49953
7517 2581
7518 60192
7519 58208
7520 57826
7521 28177
7522 18980
7523 27456
7524 17185
7525 18689
7526 53816
7527 53776
7528 55064
7529 6432
7530 19209
7531 54840
7532 28177
7533 19275
7534 55072
7535 25368
7536 15009
7537 28177
7538 39968
7539 25419
7540 54573
7541 49921
7542 16932
7543 58338
7544 54072
7545 59177
7546 19232
7547 60192
7548 58112
7549 16928
7550 40224
7551 58336
7552 54629
7553 28177
7554 58312
7555 11793
7556 37656
7557 40488
7558 55144
7559 2977
7560 58113
7561 55140
7562 39968
7563 28161
7564 49921
7565 27153
7566 49680
7567 54624
7568 11177
7569 57128
7570 56872
7571 2721
7572 39448
7573 58144
7574 54597
7575 11177
7576 39968
7577 39448
7578 39448
7579 21028
7580 53776
7581 49961
7582 18762
7583 27424
7584 54840
7585 17227
7586 2848
7587 49936
7588 40480
7589 39968
7590 58314
7591 18596
7592 40480
7593 54800
7594 40480
7595 25417
7596 57826
7597 28177
7598 2376
7599 55073
7600 16932
7601 39480
7602 19201
7603 27403
7604 11797
7605 19233
7606 56888
7607 11793
7608 58346
7609 54049
7610 55136
7611 58314
7612 54032
7613 55136
7614 54597
7615 56888
7616 2721
7617 2377
7618 25384
7619 25376
7620 16932
7621 61217
7622 58344
7623 54597
7624 55136
7625 53776
7626 13217
7627 55136
7628 51000
7629 39992
7630 18760
7631 17156
7632 18763
7633 54064
7634 26953
7635 18761
7636 54057
7637 54016
7638 54056
7639 19200
7640 18980
7641 60384
7642 54572
7643 20233
7644 49680
7645 40504
7646 53776
7647 49960
7648 58336
7649 62249
7650 55592
7651 26384
7652 19232
7653 25109
7654 52000
7655 18980
7656 19104
7657 64488
7658 58338
7659 57824
7660 16932
7661 28177
7662 58344
7663 53808
7664 2864
7665 63297
7666 56376
7667 19104
7668 21028
7669 54597
7670 54816
7671 54597
7672 40477
7673 11169
7674 2584
7675 25434
7676 27424
7677 53776
7678 28177
7679 54624
7680 49936
7681 56888
7682 54800
7683 40744
7684 27393
7685 18763
7686 49921
7687 16928
7688 25419
7689 40480
7690 39208
7691 54840
7692 49952
7693 39456
7694 27157
7695 53808
7696 18763
7697 52000
7698 17200
7699 18762
7700 52008
7701 39264
7702 53788
7703 49953
7704 28489
7705 39200
7706 57097
7707 27456
7708 59840
7709 58208
7710 59201
7711 55136
7712 54597
7713 53796
7714 2592
7715 11169
7716 49952
7717 40480
7718 51977
7719 18761
7720 27392
7721 53252
7722 54840
7723 27393
7724 25419
7725 58144
7726 49936
7727 56097
7728 55856
7729 20256
7730 39456
7731 18980
7732 28177
7733 2840
7734 56880
7735 17226
7736 62312
7737 19274
7738 54072
7739 18761
7740 51563
7741 56617
7742 53808
7743 2848
7744 62224
7745 39968
7746 28448
7747 39448
7748 39968
7749 28177
7750 39968
7751 58312
7752 27393
7753 58314
7754 11797
7755 18762
7756 38448
7757 18981
7758 53776
7759 55096
7760 11793
7761 11169
7762 11797
7763 39448
7764 40480
7765 54624
7766 2852
7767 49680
7768 18763
7769 49944
7770 55136
7771 2977
7772 27424
7773 40736
7774 37688
7775 27624
7776 59169
7777 17184
7778 40480
7779 18761
7780 54072
7781 25345
7782 39968
7783 18761
7784 6944
7785 39976
7786 19233
7787 18688
7788 53808
7789 28177
7790 16676
7791 49482
7792 55064
7793 40504
7794 54840
7795 18761
7796 58312
7797 55096
7798 17168
7799 40509
7800 58314
7801 2336
7802 3605
7803 53776
7804 39968
7805 18761
7806 51744
7807 18721
7808 39968
7809 58312
7810 39480
7811 55144
7812 25105
7813 40224
7814 18762
7815 58336
7816 18762
7817 2721
7818 25434
7819 2977
7820 40504
7821 54597
7822 2336
7823 39456
7824 7464
7825 10913
7826 54629
7827 53776
7828 49813
7829 58145
7830 63256
7831 17192
7832 54072
7833 62240
7834 2209
7835 39968
7836 17176
7837 58312
7838 58346
7839 11168
7840 16932
7841 55844
7842 56096
7843 56096
7844 57120
7845 52000
7846 39968
7847 53776
7848 19216
7849 18980
7850 58313
7851 19233
7852 28489
7853 53796
7854 53776
7855 54840
7856 35112
7857 11169
7858 40224
7859 53776
7860 58145
7861 39472
7862 37400
7863 49680
7864 58314
7865 28181
7866 63265
7867 40504
7868 21028
7869 58306
7870 40232
7871 49944
7872 58187
7873 28161
7874 49482
7875 54072
7876 25353
7877 27392
7878 54840
7879 63248
7880 40480
7881 58208
7882 16932
7883 58346
7884 26384
7885 39968
7886 57802
7887 18980
7888 3605
7889 39968
7890 39208
7891 39968
7892 59176
7893 62248
7894 17184
7895 18981
7896 55088
7897 58344
7898 39200
7899 54840
7900 54629
7901 54840
7902 64488
7903 55608
7904 39992
7905 19233
7906 18980
7907 60384
7908 17227
7909 18763
7910 18980
7911 19201
7912 28177
7913 18766
7914 55144
7915 18762
7916 18760
7917 54628
7918 19232
7919 27424
7920 51560
7921 39968
7922 19241
7923 11177
7924 56888
7925 18762
7926 39472
7927 28177
7928 49952
7929 11177
7930 60360
7931 58314
7932 19208
7933 25345
7934 18784
7935 58129
7936 55840
7937 58313
7938 53764
7939 28433
7940 16932
7941 19104
7942 27456
7943 60384
7944 18980
7945 25384
7946 49680
7947 40744
7948 62305
7949 54057
7950 55144
7951 2849
7952 19209
7953 49936
7954 28177
7955 54816
7956 52008
7957 54840
7958 19273
7959 37400
7960 19209
7961 35112
7962 50992
7963 63265
7964 18762
7965 59201
7966 37688
7967 63305
7968 55136
7969 62440
7970 54624
7971 40505
7972 2377
7973 3104
7974 19104
7975 53776
7976 54049
7977 18976
7978 11797
7979 17040
7980 17224
7981 27417
7982 58177
7983 39968
7984 25377
7985 57696
7986 58336
7987 18763
7988 16932
7989 54624
7990 38456
7991 40480
7992 55073
7993 17185
7994 26953
7995 18980
7996 56097
7997 54573
7998 53776
7999 39472
8000 37656
8001 40736
8002 63256
8003 18762
8004 40232
8005 40504
8006 26384
8007 18763
8008 56872
8009 16714
8010 56376
8011 55064
8012 39976
8013 58211
8014 53776
8015 10913
8016 57097
8017 18763
8018 49952
8019 11169
8020 18980
8021 59232
8022 11169
8023 16900
8024 27401
8025 2840
8026 27409
8027 58314
8028 49952
8029 20233
8030 17226
8031 28448
8032 16900
8033 51563
8034 19232
8035 40736
8036 53776
8037 18980
8038 2592
8039 54072
8040 27137
8041 58314
8042 60201
8043 27425
8044 49680
8045 19108
8046 18980
8047 56888
8048 53776
8049 38944
8050 18763
8051 40480
8052 40496
8053 11793
8054 11793
8055 19232
8056 40224
8057 53025
8058 3601
8059 60200
8060 40752
8061 55144
8062 40505
8063 2336
8064 49680
8065 13217
8066 55136
8067 54840
8068 40496
8069 55136
8070 59209
8071 55096
8072 56872
8073 18762
8074 55080
8075 11176
8076 2608
8077 17176
8078 16932
8079 10773
8080 18761
8081 2977
8082 40504
8083 53776
8084 18763
8085 28417
8086 26953
8087 19233
8088 58346
8089 39976
8090 19200
8091 58121
8092 18763
8093 11169
8094 18981
8095 55856
8096 40480
8097 2377
8098 49938
8099 27433
8100 18596
8101 54840
8102 61968
8103 58336
8104 57834
8105 39448
8106 52008
8107 39200
8108 11797
8109 55136
8110 54597
8111 18763
8112 33560
8113 19232
8114 61968
8115 58145
8116 35640
8117 54628
8118 45729
8119 21028
8120 57097
8121 18762
8122 39968
8123 18697
8124 40480
8125 2977
8126 54064
8127 39968
8128 54840
8129 10913
8130 59209
8131 37400
8132 49944
8133 57120
8134 58314
8135 58344
8136 40736
8137 19108
8138 56888
8139 58314
8140 27401
8141 18763
8142 18980
8143 11169
8144 19272
8145 17184
8146 25440
8147 18980
8148 54040
8149 25416
8150 53904
8151 25440
8152 53776
8153 18468
8154 57144
8155 39472
8156 40496
8157 35112
8158 49944
8159 11793
8160 58346
8161 27153
8162 2721
8163 11169
8164 56888
8165 55136
8166 55073
8167 39968
8168 56096
8169 53776
8170 28177
8171 54040
8172 16730
8173 49960
8174 18468
8175 25376
8176 54057
8177 56097
8178 25377
8179 55080
8180 40480
8181 61217
8182 19240
8183 49952
8184 25361
8185 58145
8186 20257
8187 18468
8188 26384
8189 21008
8190 56888
8191 28177
8192 18763
8193 17184
8194 18468
8195 2344
8196 17168
8197 39968
8198 55096
8199 16912
8200 53765
8201 25418
8202 2377
8203 54048
8204 54597
8205 40496
8206 28177
8207 64488
8208 10913
8209 63248
8210 57826
8211 2977
8212 11169
8213 55140
8214 39968
8215 28177
8216 28177
8217 2336
8218 56360
8219 49680
8220 49944
8221 52000
8222 18763
8223 2528
8224 18980
8225 39456
8226 11177
8227 25370
8228 56612
8229 18697
8230 17184
8231 16932
8232 40224
8233 17192
8234 27425
8235 18980
8236 18763
8237 49953
8238 58210
8239 57128
8240 58346
8241 25376
8242 54072
8243 2864
8244 54072
8245 18761
8246 53776
8247 25419
8248 39968
8249 53776
8250 63336
8251 25409
8252 49952
8253 52009
8254 54049
8255 28417
8256 11169
8257 59361
8258 57128
8259 2464
8260 55076
8261 45993
8262 53776
8263 15009
8264 57826
8265 59177
8266 2721
8267 49953
8268 58209
8269 62240
8270 28513
8271 28177
8272 58347
8273 53776
8274 18762
8275 19273
8276 39968
8277 54832
8278 18761
8279 25434
8280 62248
8281 18761
8282 28177
8283 40505
8284 60384
8285 54049
8286 53776
8287 2977
8288 45729
8289 18699
8290 63248
8291 58346
8292 2336
8293 57826
8294 11169
8295 39720
8296 19108
8297 2840
8298 18596
8299 49976
8300 39968
8301 55144
8302 55072
8303 56376
8304 40480
8305 54052
8306 52008
8307 49944
8308 11169
8309 55608
8310 40744
8311 40480
8312 40509
8313 64488
8314 57826
8315 53032
8316 15009
8317 19201
8318 52000
8319 25345
8320 19232
8321 62376
8322 57794
8323 18976
8324 25417
8325 18721
8326 27417
8327 63248
8328 53776
8329 60360
8330 55056
8331 18763
8332 16676
8333 39968
8334 28177
8335 28177
8336 39200
8337 57120
8338 28161
8339 55096
8340 54628
8341 49953
8342 39968
8343 56616
8344 49956
8345 49680
8346 53776
8347 52000
8348 17188
8349 62224
8350 53776
8351 54629
8352 27457
8353 40504
8354 52008
8355 16714
8356 20256
8357 2721
8358 53788
8359 19208
8360 28177
8361 39456
8362 28177
8363 39968
8364 19209
8365 49680
8366 16714
8367 27424
8368 56880
8369 27432
8370 17153
8371 56608
8372 26401
8373 54840
8374 62376
8375 16714
8376 49953
8377 54056
8378 18980
8379 18976
8380 49960
8381 18980
8382 58144
8383 19240
8384 2581
8385 50976
8386 27153
8387 49952
8388 27497
8389 59752
8390 2720
8391 27153
8392 39448
8393 2856
8394 15009
8395 63305
8396 54040
8397 59209
8398 55140
8399 55096
8400 55136
8401 10913
8402 18977
8403 19233
8404 11169
8405 39968
8406 17184
8407 20257
8408 2721
8409 17184
8410 11177
8411 35640
8412 55088
8413 19201
8414 55056
8415 57120
8416 57826
8417 25384
8418 51969
8419 39976
8420 27392
8421 62241
8422 18980
8423 38456
8424 28177
8425 40496
8426 54840
8427 18763
8428 53776
8429 40232
8430 16932
8431 11793
8432 55073
8433 39968
8434 28433
8435 56104
8436 11793
8437 38944
8438 50016
8439 2608
8440 55072
8441 16932
8442 58314
8443 39968
8444 40480
8445 18980
8446 58336
8447 54040
8448 53781
8449 2720
8450 19256
8451 57097
8452 18980
8453 53776
8454 11176
8455 55136
8456 39976
8457 39720
8458 27392
8459 18980
8460 56376
8461 18980
8462 2852
8463 2360
8464 54840
8465 49680
8466 2872
8467 17176
8468 58344
8469 2336
8470 19216
8471 11169
8472 11176
8473 62224
8474 40496
8475 53776
8476 39968
8477 40224
8478 19208
8479 55073
8480 18760
8481 54072
8482 58345
8483 54057
8484 19104
8485 16932
8486 2581
8487 56880
8488 39968
8489 16932
8490 54628
8491 28177
8492 25370
8493 18763
8494 56104
8495 49482
8496 18762
8497 19233
8498 53776
8499 60192
8500 58346
8501 53812
8502 2584
8503 49944
8504 39976
8505 61968
8506 18980
8507 40508
8508 15009
8509 45993
8510 25376
8511 2336
8512 56617
8513 2409
8514 58338
8515 54048
8516 18977
8517 58212
8518 28177
8519 11793
8520 25347
8521 58314
8522 27592
8523 58152
8524 18980
8525 54048
8526 2852
8527 19201
8528 2916
8529 58209
8530 54840
8531 58313
8532 58304
8533 54840
8534 27393
8535 57129
8536 28449
8537 40232
8538 39456
8539 39736
8540 11793
8541 18793
8542 55144
8543 59201
8544 54032
8545 59233
8546 60352
8547 28177
8548 11169
8549 21281
8550 27488
8551 39968
8552 58129
8553 62240
8554 19274
8555 49921
8556 58145
8557 27465
8558 27489
8559 25376
8560 57796
8561 28433
8562 25377
8563 18980
8564 54072
8565 27401
8566 25418
8567 38704
8568 18468
8569 56096
8570 19241
8571 27153
8572 19225
8573 18945
8574 51976
8575 51000
8576 39968
8577 63336
8578 54832
8579 59201
8580 11797
8581 25370
8582 28177
8583 18763
8584 19236
8585 56376
8586 35112
8587 20256
8588 37688
8589 50016
8590 57834
8591 58336
8592 11169
8593 16932
8594 18980
8595 50976
8596 17152
8597 38448
8598 39968
8599 45985
8600 39968
8601 18763
8602 53776
8603 38944
8604 25368
8605 51984
8606 2720
8607 53796
8608 58312
8609 58315
8610 60192
8611 58208
8612 17168
8613 35112
8614 18980
8615 33560
8616 56620
8617 51000
8618 26955
8619 2721
8620 17060
8621 59201
8622 19274
8623 27400
8624 37656
8625 58113
8626 27458
8627 39968
8628 40224
8629 2872
8630 19233
8631 18981
8632 17185
8633 39736
8634 28177
8635 60193
8636 27153
8637 2344
8638 55840
8639 19275
8640 58304
8641 39720
8642 60352
8643 54629
8644 27153
8645 55136
8646 57120
8647 17176
8648 49944
8649 54072
8650 58144
8651 2976
8652 59872
8653 56608
8654 25417
8655 49961
8656 57834
8657 2584
8658 63264
8659 28177
8660 39720
8661 19224
8662 53776
8663 58344
8664 40504
8665 49960
8666 19232
8667 18762
8668 55072
8669 2592
8670 18468
8671 39448
8672 792
8673 28177
8674 49976
8675 53904
8676 19275
8677 40504
8678 11169
8679 40480
8680 59752
8681 49952
8682 18691
8683 56616
8684 49936
8685 54832
8686 28177
8687 18762
8688 62248
8689 40480
8690 18762
8691 55073
8692 49920
8693 28177
8694 58144
8695 18760
8696 54840
8697 19241
8698 52000
8699 16714
8700 55081
8701 58314
8702 16420
8703 59169
8704 27584
8705 54832
8706 49482
8707 55088
8708 61968
8709 58128
8710 28177
8711 54597
8712 25347
8713 49952
8714 53788
8715 11793
8716 40752
8717 19104
8718 28181
8719 54597
8720 11793
8721 37656
8722 55136
8723 38456
8724 58176
8725 38456
8726 40505
8727 39968
8728 28161
8729 55073
8730 11793
8731 18762
8732 49953
8733 49952
8734 18980
8735 55081
8736 58346
8737 58144
8738 39968
8739 3605
8740 53776
8741 16932
8742 49953
8743 39480
8744 10773
8745 52920
8746 25377
8747 2616
8748 58336
8749 53788
8750 33592
8751 54573
8752 63328
8753 59201
8754 40505
8755 18763
8756 56888
8757 28177
8758 50016
8759 54072
8760 25370
8761 16932
8762 57120
8763 49680
8764 18980
8765 18762
8766 39968
8767 16932
8768 52008
8769 58337
8770 58112
8771 18762
8772 40504
8773 28177
8774 58346
8775 28161
8776 63329
8777 16932
8778 28177
8779 27417
8780 53812
8781 25377
8782 28177
8783 53788
8784 58344
8785 63328
8786 2977
8787 40505
8788 38456
8789 54040
8790 54573
8791 2840
8792 58346
8793 18763
8794 39968
8795 39992
8796 19232
8797 54056
8798 19240
8799 59744
8800 2852
8801 39472
8802 55073
8803 56872
8804 16676
8805 40480
8806 49960
8807 49700
8808 49936
8809 60360
8810 61968
8811 53776
8812 16730
8813 19108
8814 55072
8815 55081
8816 51000
8817 39480
8818 2848
8819 37656
8820 53024
8821 2584
8822 55136
8823 54040
8824 2377
8825 18763
8826 2584
8827 39448
8828 2408
8829 49944
8830 58314
8831 49953
8832 37400
8833 58144
8834 54052
8835 2409
8836 19232
8837 16917
8838 39968
8839 27488
8840 18766
8841 53904
8842 38712
8843 58314
8844 40736
8845 61217
8846 19232
8847 58212
8848 17184
8849 49956
8850 40504
8851 28161
8852 54056
8853 10769
8854 2592
8855 40477
8856 40224
8857 53816
8858 18980
8859 17176
8860 39448
8861 58184
8862 11797
8863 56864
8864 54049
8865 18977
8866 59744
8867 54573
8868 27432
8869 18761
8870 19232
8871 18468
8872 51561
8873 39968
8874 19232
8875 53776
8876 53032
8877 53788
8878 3601
8879 27458
8880 54056
8881 27393
8882 51977
8883 53796
8884 54800
8885 17184
8886 54072
8887 40224
8888 53776
8889 28177
8890 28177
8891 59361
8892 53776
8893 59169
8894 17185
8895 53776
8896 2721
8897 58346
8898 27553
8899 792
8900 57097
8901 27409
8902 18762
8903 40496
8904 57824
8905 58144
8906 25360
8907 18762
8908 55096
8909 38688
8910 61792
8911 27153
8912 39448
8913 58208
8914 54049
8915 58346
8916 54057
8917 55056
8918 39200
8919 40505
8920 58312
8921 59169
8922 53776
8923 19233
8924 792
8925 11793
8926 57826
8927 55096
8928 38704
8929 18761
8930 27153
8931 53904
8932 2849
8933 54840
8934 57097
8935 53820
8936 16714
8937 39968
8938 40496
8939 17176
8940 18980
8941 49952
8942 11797
8943 2336
8944 18762
8945 54628
8946 18980
8947 2840
8948 40505
8949 37400
8950 55608
8951 2581
8952 25418
8953 19233
8954 38704
8955 2408
8956 28177
8957 58216
8958 6688
8959 64488
8960 25104
8961 2721
8962 58210
8963 63265
8964 2377
8965 40224
8966 58144
8967 17152
8968 27153
8969 16714
8970 52008
8971 27457
8972 39480
8973 18760
8974 16730
8975 18763
8976 58313
8977 19200
8978 58209
8979 19275
8980 2584
8981 54072
8982 40480
8983 53764
8984 64289
8985 58312
8986 28177
8987 26955
8988 11797
8989 40480
8990 40509
8991 25360
8992 39712
8993 51744
8994 16712
8995 39480
8996 49945
8997 17176
8998 27153
8999 54040
9000 50984
9001 7464
9002 27153
9003 40504
9004 60352
9005 40505
9006 63296
9007 19248
9008 54040
9009 18468
9010 39200
9011 51976
9012 49921
9013 49976
9014 2616
9015 28161
9016 27457
9017 18763
9018 18793
9019 25345
9020 2721
9021 51969
9022 49960
9023 58145
9024 18762
9025 16730
9026 2400
9027 54048
9028 28177
9029 37688
9030 61217
9031 16932
9032 53776
9033 56864
9034 55088
9035 49944
9036 60360
9037 17185
9038 49928
9039 55081
9040 792
9041 39456
9042 27153
9043 58344
9044 18977
9045 26955
9046 55080
9047 49968
9048 49944
9049 37688
9050 56620
9051 37656
9052 25347
9053 54040
9054 53781
9055 53788
9056 63297
9057 19233
9058 40736
9059 27393
9060 53032
9061 60360
9062 25347
9063 19256
9064 59840
9065 59712
9066 18762
9067 58344
9068 16932
9069 27157
9070 17184
9071 18763
9072 55096
9073 19273
9074 55136
9075 54072
9076 17184
9077 53792
9078 62305
9079 18762
9080 58346
9081 51563
9082 49944
9083 53776
9084 17192
9085 28181
9086 10913
9087 28177
9088 18976
9089 39448
9090 33592
9091 49944
9092 40504
9093 3605
9094 63296
9095 2593
9096 25369
9097 11793
9098 19108
9099 10913
9100 55080
9101 27153
9102 37688
9103 52008
9104 58145
9105 2581
9106 2408
9107 28177
9108 58346
9109 19232
9110 27393
9111 58314
9112 28177
9113 58153
9114 52001
9115 40496
9116 25370
9117 2721
9118 53820
9119 11793
9120 26953
9121 2872
9122 54049
9123 60193
9124 56617
9125 51561
9126 26953
9127 54816
9128 56872
9129 56617
9130 10913
9131 54800
9132 53776
9133 49944
9134 56096
9135 54040
9136 27417
9137 16714
9138 53776
9139 19273
9140 54800
9141 54832
9142 40504
9143 27425
9144 2864
9145 40232
9146 55096
9147 49944
9148 18793
9149 18762
9150 61281
9151 11793
9152 17184
9153 2864
9154 55080
9155 53820
9156 25434
9157 58145
9158 55608
9159 21028
9160 54052
9161 18763
9162 54048
9163 52792
9164 25384
9165 16917
9166 40480
9167 39480
9168 18980
9169 19256
9170 19241
9171 58336
9172 58185
9173 45985
9174 25434
9175 39968
9176 18762
9177 27424
9178 27465
9179 27401
9180 2409
9181 54328
9182 54800
9183 40736
9184 56872
9185 54064
9186 54832
9187 52000
9188 49960
9189 59874
9190 11793
9191 18762
9192 55056
9193 53032
9194 18761
9195 17153
9196 25344
9197 52008
9198 56888
9199 17185
9200 25377
9201 18763
9202 56612
9203 17193
9204 54048
9205 2377
9206 25384
9207 49952
9208 19232
9209 55080
9210 2377
9211 53776
9212 58345
9213 58312
9214 53776
9215 53776
9216 54840
9217 2376
9218 59169
9219 54840
9220 39968
9221 25377
9222 52001
9223 25441
9224 53776
9225 26385
9226 56872
9227 61792
9228 59872
9229 55856
9230 40504
9231 39976
9232 53792
9233 40496
9234 49953
9235 27425
9236 56888
9237 53788
9238 27137
9239 56096
9240 18763
9241 16932
9242 52001
9243 39480
9244 16714
9245 37400
9246 39968
9247 54072
9248 57097
9249 2616
9250 39968
9251 62224
9252 40736
9253 55072
9254 17227
9255 54832
9256 57824
9257 2720
9258 18761
9259 58344
9260 63265
9261 25353
9262 57120
9263 18763
9264 40480
9265 17184
9266 27392
9267 18762
9268 53544
9269 28177
9270 27432
9271 28177
9272 27393
9273 58145
9274 25384
9275 17184
9276 56616
9277 51968
9278 57826
9279 49952
9280 27137
9281 11793
9282 27400
9283 27489
9284 19201
9285 16932
9286 54049
9287 60193
9288 49952
9289 27465
9290 54840
9291 11169
9292 39968
9293 60352
9294 52000
9295 28433
9296 55096
9297 52001
9298 49952
9299 55144
9300 54624
9301 10913
9302 16917
9303 37400
9304 40504
9305 54040
9306 33560
9307 19224
9308 54048
9309 62249
9310 28177
9311 17248
9312 58346
9313 26953
9314 59744
9315 58112
9316 39448
9317 11797
9318 18763
9319 25408
9320 56104
9321 39200
9322 60192
9323 56104
9324 52008
9325 25418
9326 27425
9327 49956
9328 53764
9329 49952
9330 19232
9331 28161
9332 54048
9333 55072
9334 19232
9335 54072
9336 57824
9337 54056
9338 18762
9339 58346
9340 19232
9341 60256
9342 25344
9343 18763
9344 63264
9345 58312
9346 53776
9347 17200
9348 58187
9349 19209
9350 28177
9351 18763
9352 49953
9353 58347
9354 27424
9355 19233
9356 19233
9357 27157
9358 54072
9359 25440
9360 16933
9361 25434
9362 58344
9363 54064
9364 17200
9365 18762
9366 27393
9367 2857
9368 56097
9369 27393
9370 49945
9371 50976
9372 51968
9373 63272
9374 58184
9375 25376
9376 53025
9377 28177
9378 56097
9379 54048
9380 54057
9381 52001
9382 27520
9383 19273
9384 58187
9385 58144
9386 2849
9387 28489
9388 52000
9389 11793
9390 17248
9391 16712
9392 28513
9393 15009
9394 2976
9395 2848
9396 53776
9397 18762
9398 11169
9399 58113
9400 27424
9401 65312
9402 19232
9403 18699
9404 62248
9405 27424
9406 54328
9407 19237
9408 61225
9409 58305
9410 54057
9411 58344
9412 25344
9413 53024
9414 18761
9415 18762
9416 2857
9417 49952
9418 49680
9419 57826
9420 55073
9421 27457
9422 28177
9423 19233
9424 62305
9425 17184
9426 58346
9427 27425
9428 28177
9429 16420
9430 3605
9431 27425
9432 17160
9433 27457
9434 63265
9435 59169
9436 25376
9437 62241
9438 20233
9439 61968
9440 49680
9441 39472
9442 27153
9443 54056
9444 18792
9445 3605
9446 27584
9447 62376
9448 20257
9449 40232
9450 40509
9451 27624
9452 19233
9453 2721
9454 58152
9455 58344
9456 2977
9457 16901
9458 53776
9459 58346
9460 54056
9461 58314
9462 19104
9463 40232
9464 11169
9465 16714
9466 52000
9467 57826
9468 54048
9469 58211
9470 19233
9471 57128
9472 58338
9473 57796
9474 39968
9475 50016
9476 16712
9477 25344
9478 16932
9479 54040
9480 58346
9481 40477
9482 17224
9483 25408
9484 62376
9485 27465
9486 54048
9487 16933
9488 60232
9489 49952
9490 52000
9491 27457
9492 58121
9493 58314
9494 19240
9495 25345
9496 25416
9497 49952
9498 62440
9499 27393
9500 17184
9501 64289
9502 27409
9503 49960
9504 54049
9505 58314
9506 51984
9507 51992
9508 52009
9509 49960
9510 16932
9511 58145
9512 18689
9513 64288
9514 58304
9515 39968
9516 28177
9517 40505
9518 27153
9519 26955
9520 11797
9521 36640
9522 6432
9523 40504
9524 40480
9525 45729
9526 19224
9527 40744
9528 2376
9529 40224
9530 16932
9531 53812
9532 25384
9533 39968
9534 18468
9535 39968
9536 55080
9537 25360
9538 54072
9539 18721
9540 58314
9541 27137
9542 25352
9543 25384
9544 58336
9545 58144
9546 25376
9547 55096
9548 62312
9549 58314
9550 19201
9551 26955
9552 27425
9553 54049
9554 27393
9555 27157
9556 58112
9557 27392
9558 60352
9559 54049
9560 50976
9561 54049
9562 62241
9563 49482
9564 40477
9565 18762
9566 54573
9567 2584
9568 10913
9569 56864
9570 58212
9571 2848
9572 51984
9573 11169
9574 18793
9575 19233
9576 39480
9577 56608
9578 26401
9579 28177
9580 61968
9581 49680
9582 25376
9583 56104
9584 19208
9585 11797
9586 27497
9587 62240
9588 19232
9589 19240
9590 54056
9591 27465
9592 18762
9593 52000
9594 54056
9595 40736
9596 27425
9597 50016
9598 28177
9599 16896
9600 25384
9601 16932
9602 49953
9603 49956
9604 58145
9605 49953
9606 19232
9607 17185
9608 49952
9609 49952
9610 11793
9611 54048
9612 25376
9613 52000
9614 57802
9615 54049
9616 52000
9617 62241
9618 17152
9619 54832
9620 40736
9621 58304
9622 10769
9623 16714
9624 33592
9625 39968
9626 49960
9627 18691
9628 39456
9629 40509
9630 65376
9631 39472
9632 39448
9633 55088
9634 11169
9635 40496
9636 10913
9637 37400
9638 40224
9639 19240
9640 53808
9641 11177
9642 18762
9643 53776
9644 60352
9645 19224
9646 49953
9647 39968
9648 10913
9649 39480
9650 53808
9651 27584
9652 39272
9653 18763
9654 51992
9655 49936
9656 17152
9657 19240
9658 58129
9659 25377
9660 16714
9661 18763
9662 39968
9663 58144
9664 49952
9665 19272
9666 18977
9667 18763
9668 40496
9669 16917
9670 17168
9671 27432
9672 59752
9673 18980
9674 49961
9675 3601
9676 58153
9677 49920
9678 49952
9679 49961
9680 54049
9681 54016
9682 18981
9683 27425
9684 25377
9685 11793
9686 52008
9687 28181
9688 56104
9689 54064
9690 54056
9691 52000
9692 54800
9693 53788
9694 18762
9695 19232
9696 16714
9697 58336
9698 54072
9699 2912
9700 2593
9701 39480
9702 2408
9703 53776
9704 55136
9705 40480
9706 18763
9707 2857
9708 18766
9709 27425
9710 35640
9711 55844
9712 58312
9713 56612
9714 15009
9715 16932
9716 59233
9717 25418
9718 54072
9719 27392
9720 58145
9721 57792
9722 16714
9723 19232
9724 55096
9725 58346
9726 54049
9727 17226
9728 17153
9729 16712
9730 57802
9731 28177
9732 28177
9733 54048
9734 58120
9735 25376
9736 25376
9737 51969
9738 25441
9739 58338
9740 25417
9741 25441
9742 25352
9743 58208
9744 58313
9745 63305
9746 28449
9747 62312
9748 58312
9749 16933
9750 40736
9751 28177
9752 49952
9753 18761
9754 11793
9755 38968
9756 19232
9757 16933
9758 27424
9759 25360
9760 58145
9761 2872
9762 19240
9763 58312
9764 16712
9765 58144
9766 17184
9767 51977
9768 27465
9769 17208
9770 25418
9771 25345
9772 55080
9773 58113
9774 58344
9775 58113
9776 6944
9777 54048
9778 25377
9779 54049
9780 25377
9781 27458
9782 56104
9783 54016
9784 62249
9785 56096
9786 50976
9787 49953
9788 54048
9789 59872
9790 18980
9791 17184
9792 58144
9793 52001
9794 25376
9795 27392
9796 53820
9797 10769
9798 11793
9799 18761
9800 55656
9801 60352
9802 54072
9803 63336
9804 19209
9805 37688
9806 27153
9807 54072
9808 11793
9809 55080
9810 27425
9811 27457
9812 58128
9813 18468
9814 53776
9815 55844
9816 52000
9817 59176
9818 58144
9819 52008
9820 60200
9821 27592
9822 28177
9823 54040
9824 52000
9825 16714
9826 58144
9827 18792
9828 19232
9829 62240
9830 62376
9831 2336
9832 40496
9833 56616
9834 58209
9835 57824
9836 51969
9837 19240
9838 17168
9839 60200
9840 58346
9841 25376
9842 17188
9843 58145
9844 27425
9845 55081
9846 18688
9847 58345
9848 62305
9849 49944
9850 49953
9851 54048
9852 25440
9853 25360
9854 49938
9855 53904
9856 40224
9857 39968
9858 39968
9859 39968
9860 18762
9861 18762
9862 2336
9863 55136
9864 19105
9865 56612
9866 55056
9867 38704
9868 19240
9869 824
9870 58129
9871 58212
9872 60224
9873 56864
9874 25418
9875 2409
9876 17156
9877 54072
9878 52000
9879 58336
9880 27425
9881 58187
9882 58209
9883 19201
9884 59842
9885 58184
9886 27392
9887 58145
9888 54048
9889 50977
9890 58145
9891 52000
9892 52001
9893 17193
9894 27392
9895 18763
9896 25352
9897 58144
9898 17224
9899 19274
9900 59168
9901 25376
9902 17184
9903 54049
9904 58338
9905 19200
9906 39472
9907 55072
9908 49952
9909 53776
9910 49938
9911 39456
9912 2581
9913 18691
9914 53776
9915 54056
9916 18762
9917 2848
9918 16896
9919 49961
9920 18762
9921 38944
9922 2592
9923 49936
9924 49961
9925 11168
9926 18793
9927 37656
9928 55856
9929 25360
9930 54048
9931 40480
9932 17168
9933 49961
9934 15009
9935 16714
9936 49960
9937 58340
9938 54072
9939 25369
9940 58314
9941 28177
9942 51977
9943 18763
9944 56360
9945 63265
9946 18763
9947 17184
9948 18761
9949 18762
9950 49968
9951 57796
9952 55072
9953 26385
9954 2408
9955 60192
9956 18691
9957 27488
9958 55072
9959 27401
9960 52001
9961 17185
9962 28177
9963 55081
9964 58144
9965 19233
9966 18763
9967 19200
9968 16932
9969 58145
9970 62312
9971 17184
9972 58144
9973 58112
9974 55081
9975 58314
9976 18762
9977 58112
9978 19232
9979 16420
9980 2336
9981 28177
9982 35384
9983 59168
9984 40232
9985 2977
9986 56888
9987 58208
9988 58152
9989 25376
9990 58176
9991 49700
9992 26955
9993 16933
9994 54048
9995 2872
9996 25376
9997 19273
9998 49952
9999 2377
10000 58344
10001 27464
10002 55840
10003 16714
10004 58208
10005 54056
10006 58144
10007 27424
10008 58145
10009 25376
10010 58336
10011 58312
10012 3601
10013 27465
10014 49953
10015 58120
10016 17185
10017 56104
10018 49945
10019 25408
10020 19208
10021 49952
10022 61216
10023 61968
10024 52000
10025 17184
10026 55080
10027 18760
10028 2848
10029 39720
10030 3605
10031 55088
10032 55096
10033 25370
10034 58152
10035 27464
10036 17168
10037 2400
10038 6432
10039 58128
10040 39448
10041 49960
10042 54048
10043 6432
10044 60384
10045 16714
10046 16714
10047 54057
10048 2592
10049 26401
10050 19232
10051 18980
10052 58187
10053 54056
10054 27457
10055 58152
10056 58177
10057 54056
10058 2848
10059 28177
10060 17152
10061 52001
10062 17184
10063 60256
10064 49953
10065 17168
10066 25441
10067 19224
10068 58312
10069 36640
10070 11176
10071 45729
10072 55080
10073 17226
10074 2360
10075 27433
10076 62240
10077 64288
10078 52001
10079 17184
10080 18763
10081 25434
10082 18761
10083 58336
10084 54840
10085 18762
10086 52001
10087 2592
10088 60360
10089 58314
10090 27465
10091 49960
10092 56617
10093 25360
10094 17160
10095 25376
10096 19216
10097 49482
10098 38448
10099 19216
10100 40232
10101 58145
10102 54048
10103 19232
10104 28177
10105 58145
10106 19232
10107 49952
10108 60192
10109 18688
10110 58314
10111 58145
10112 59752
10113 27488
10114 27393
10115 49960
10116 35872
10117 56608
10118 53025
10119 58346
10120 60352
10121 57792
10122 18980
10123 15009
10124 39712
10125 28433
10126 53776
10127 56612
10128 18763
10129 49944
10130 52008
10131 11169
10132 51976
10133 11793
10134 56120
10135 40736
10136 58144
10137 18793
10138 11177
10139 49920
10140 63329
10141 2720
10142 18980
10143 25361
10144 27409
10145 2377
10146 2408
10147 39712
10148 28177
10149 57129
10150 25434
10151 59232
10152 25443
10153 58312
10154 17185
10155 16900
10156 49953
10157 18763
10158 26465
10159 2592
10160 17028
10161 58344
10162 63265
10163 58345
10164 49952
10165 55844
10166 39968
10167 50976
10168 59840
10169 58346
10170 51968
10171 54056
10172 25344
10173 58112
10174 2344
10175 58305
10176 58314
10177 57121
10178 18980
10179 53284
10180 19233
10181 28177
10182 49952
10183 58145
10184 58144
10185 55088
10186 60193
10187 58346
10188 58112
10189 60193
10190 58347
10191 49953
10192 27488
10193 37656
10194 27153
10195 27425
10196 40480
10197 2344
10198 2408
10199 27465
10200 49944
10201 58145
10202 55096
10203 2408
10204 40508
10205 39480
10206 56376
10207 18763
10208 28449
10209 39208
10210 56888
10211 39968
10212 58153
10213 10913
10214 27424
10215 40736
10216 18763
10217 18760
10218 19236
10219 28177
10220 56616
10221 17185
10222 28449
10223 25368
10224 49960
10225 56888
10226 51992
10227 18762
10228 58314
10229 19272
10230 54048
10231 27584
10232 2848
10233 56097
10234 55072
10235 53284
10236 18720
10237 17316
10238 19208
10239 52001
10240 58208
10241 25377
10242 58340
10243 54049
10244 58312
10245 49961
10246 27400
10247 17153
10248 18980
10249 62248
10250 54048
10251 58216
10252 56616
10253 54056
10254 2848
10255 25376
10256 50977
10257 19201
10258 26955
10259 58145
10260 58346
10261 54832
10262 28177
10263 49952
10264 18762
10265 18760
10266 58346
10267 59752
10268 18763
10269 37400
10270 27465
10271 20264
10272 28177
10273 45993
10274 3605
10275 54832
10276 19273
10277 18762
10278 49680
10279 26953
10280 49928
10281 7464
10282 55592
10283 16730
10284 18760
10285 16932
10286 58346
10287 18763
10288 7464
10289 58152
10290 25376
10291 16928
10292 25418
10293 49960
10294 57120
10295 16714
10296 19108
10297 49953
10298 58184
10299 27424
10300 18763
10301 28177
10302 60193
10303 49952
10304 39968
10305 6432
10306 56872
10307 53025
10308 55096
10309 25384
10310 51977
10311 25384
10312 28449
10313 54064
10314 39272
10315 16420
10316 59872
10317 58144
10318 25441
10319 49953
10320 17156
10321 25376
10322 25385
10323 59169
10324 25377
10325 58208
10326 17184
10327 58184
10328 55073
10329 50977
10330 52000
10331 49920
10332 19233
10333 61217
10334 49920
10335 59169
10336 54048
10337 25377
10338 25352
10339 60200
10340 61968
10341 28177
10342 54048
10343 58312
10344 57129
10345 58144
10346 58312
10347 52001
10348 25368
10349 40744
10350 19201
10351 58209
10352 50976
10353 58314
10354 16932
10355 52001
10356 52001
10357 10913
10358 55856
10359 55073
10360 59744
10361 60193
10362 19241
10363 58312
10364 37656
10365 54572
10366 40477
10367 18980
10368 55840
10369 40505
10370 54052
10371 60264
10372 40224
10373 2581
10374 18980
10375 49680
10376 27392
10377 58346
10378 51985
10379 49936
10380 49960
10381 28177
10382 49680
10383 11793
10384 25345
10385 18761
10386 58346
10387 64288
10388 51976
10389 59361
10390 56097
10391 19200
10392 16714
10393 25370
10394 65312
10395 49952
10396 19240
10397 58314
10398 19236
10399 11793
10400 27464
10401 60192
10402 27393
10403 19240
10404 17185
10405 53025
10406 54049
10407 60352
10408 27528
10409 2916
10410 2849
10411 54048
10412 25384
10413 63264
10414 57802
10415 25419
10416 49952
10417 64288
10418 27432
10419 62241
10420 53025
10421 18980
10422 39224
10423 27400
10424 18981
10425 56105
10426 19216
10427 26955
10428 56620
10429 19209
10430 63273
10431 53025
10432 60193
10433 52001
10434 19232
10435 58344
10436 52001
10437 56104
10438 49952
10439 25434
10440 53816
10441 2721
10442 28177
10443 27465
10444 27409
10445 18980
10446 49680
10447 28449
10448 39480
10449 37656
10450 17188
10451 58144
10452 51560
10453 58217
10454 51976
10455 18763
10456 49961
10457 39200
10458 58338
10459 60225
10460 18761
10461 62240
10462 49953
10463 2872
10464 7464
10465 28449
10466 58314
10467 40744
10468 39984
10469 52008
10470 39472
10471 17153
10472 40480
10473 56616
10474 52000
10475 18980
10476 58152
10477 58346
10478 57824
10479 16932
10480 57144
10481 56620
10482 58314
10483 27392
10484 49952
10485 27616
10486 60192
10487 18976
10488 59872
10489 19200
10490 28177
10491 58145
10492 55080
10493 57834
10494 53776
10495 19233
10496 40496
10497 49953
10498 62376
10499 58314
10500 59744
10501 2856
10502 19225
10503 18766
10504 53788
10505 62241
10506 6432
10507 40505
10508 53776
10509 50977
10510 2857
10511 58144
10512 53808
10513 18763
10514 40224
10515 53776
10516 38456
10517 62376
10518 6944
10519 58144
10520 16714
10521 65376
10522 54048
10523 58312
10524 18763
10525 55072
10526 58314
10527 58314
10528 53904
10529 58314
10530 40480
10531 55073
10532 18763
10533 60384
10534 58217
10535 51992
10536 27153
10537 27424
10538 17184
10539 57802
10540 26401
10541 25352
10542 60193
10543 27520
10544 18980
10545 52001
10546 58145
10547 58338
10548 27458
10549 17200
10550 10773
10551 52009
10552 6944
10553 17184
10554 19233
10555 52001
10556 19232
10557 19108
10558 27488
10559 49953
10560 58313
10561 19256
10562 50977
10563 54048
10564 58144
10565 28177
10566 58217
10567 18976
10568 40480
10569 16932
10570 54056
10571 10769
10572 49680
10573 58152
10574 62241
10575 27424
10576 10913
10577 57834
10578 17168
10579 17192
10580 52001
10581 27425
10582 63328
10583 63264
10584 16714
10585 58152
10586 17227
10587 58340
10588 25417
10589 18761
10590 58346
10591 54049
10592 58337
10593 58312
10594 49953
10595 54056
10596 58185
10597 19237
10598 40480
10599 20257
10600 19201
10601 60256
10602 18980
10603 19200
10604 58152
10605 58208
10606 28177
10607 58344
10608 51977
10609 58144
10610 52001
10611 58121
10612 51985
10613 27425
10614 17156
10615 2592
10616 27464
10617 60360
10618 28177
10619 58209
10620 18980
10621 16933
10622 19232
10623 18980
10624 18980
10625 17193
10626 58144
10627 17185
10628 27457
10629 17185
10630 50016
10631 62304
10632 25376
10633 27464
10634 58312
10635 49968
10636 56104
10637 52001
10638 49953
10639 19232
10640 58312
10641 11793
10642 39448
10643 53032
10644 17208
10645 6688
10646 54032
10647 58129
10648 27392
10649 18784
10650 39264
10651 18760
10652 51000
10653 19209
10654 18217
10655 15009
10656 27465
10657 55140
10658 2409
10659 52008
10660 37656
10661 40504
10662 17226
10663 19233
10664 28181
10665 56880
10666 10913
10667 55096
10668 58344
10669 18762
10670 40736
10671 27465
10672 58312
10673 49482
10674 27400
10675 11797
10676 55072
10677 52000
10678 64289
10679 39968
10680 58346
10681 58346
10682 57826
10683 58144
10684 53820
10685 58145
10686 28181
10687 6944
10688 18763
10689 51976
10690 57834
10691 59233
10692 58312
10693 18980
10694 57834
10695 59233
10696 58337
10697 19233
10698 58112
10699 58312
10700 17185
10701 27153
10702 60161
10703 54056
10704 25376
10705 49960
10706 19108
10707 49960
10708 17184
10709 57826
10710 53765
10711 58346
10712 58346
10713 52001
10714 25384
10715 11793
10716 58314
10717 58208
10718 27465
10719 16676
10720 60392
10721 55072
10722 18945
10723 58346
10724 57826
10725 58145
10726 27393
10727 49952
10728 58344
10729 18763
10730 28177
10731 59361
10732 54040
10733 18980
10734 59744
10735 54072
10736 792
10737 18792
10738 57826
10739 10913
10740 39456
10741 57097
10742 54832
10743 2720
10744 18792
10745 40480
10746 18763
10747 56888
10748 11793
10749 2400
10750 40736
10751 10913
10752 39736
10753 56617
10754 58315
10755 54840
10756 18761
10757 2409
10758 55073
10759 19200
10760 40232
10761 18766
10762 39456
10763 36640
10764 49952
10765 58336
10766 17153
10767 59169
10768 19240
10769 54624
10770 54040
10771 27393
10772 40480
10773 55072
10774 58314
10775 27401
10776 49952
10777 53904
10778 57826
10779 2340
10780 58144
10781 49953
10782 18761
10783 38968
10784 49936
10785 2584
10786 13217
10787 58304
10788 26401
10789 27425
10790 19233
10791 27393
10792 54048
10793 20257
10794 27464
10795 56616
10796 49952
10797 27425
10798 60233
10799 58217
10800 49968
10801 17188
10802 59169
10803 58314
10804 27424
10805 60225
10806 54049
10807 19200
10808 49953
10809 17153
10810 57826
10811 58344
10812 57802
10813 56096
10814 40480
10815 54572
10816 58346
10817 27616
10818 58340
10819 21028
10820 19201
10821 3601
10822 2848
10823 62240
10824 17184
10825 28433
10826 49961
10827 58144
10828 25409
10829 27424
10830 27433
10831 59712
10832 58314
10833 54057
10834 19208
10835 49953
10836 58313
10837 56104
10838 60192
10839 27425
10840 63264
10841 19233
10842 57826
10843 58338
10844 2616
10845 38448
10846 25344
10847 54800
10848 40505
10849 11169
10850 16421
10851 40505
10852 18688
10853 54832
10854 25360
10855 40496
10856 55096
10857 27393
10858 57129
10859 2872
10860 62240
10861 19201
10862 2344
10863 37656
10864 18980
10865 18763
10866 58187
10867 51969
10868 54072
10869 25441
10870 27457
10871 55080
10872 19233
10873 54048
10874 49936
10875 58208
10876 11793
10877 18980
10878 27465
10879 63329
10880 57120
10881 53776
10882 58152
10883 58176
10884 52000
10885 19233
10886 16932
10887 49920
10888 49952
10889 19232
10890 59842
10891 25376
10892 19233
10893 57802
10894 58346
10895 27584
10896 58112
10897 49956
10898 27424
10899 55080
10900 56104
10901 58145
10902 59874
10903 58338
10904 17184
10905 18761
10906 28177
10907 50992
10908 58312
10909 52024
10910 2840
10911 19233
10912 25377
10913 52000
10914 27392
10915 40736
10916 17185
10917 61281
10918 25536
10919 27616
10920 17185
10921 58313
10922 58144
10923 58144
10924 55081
10925 52009
10926 49953
10927 49952
10928 19232
10929 60352
10930 58212
10931 55096
10932 55608
10933 55856
10934 28177
10935 19108
10936 18760
10937 40736
10938 58346
10939 27425
10940 49976
10941 53816
10942 17168
10943 54048
10944 39448
10945 3605
10946 18720
10947 55064
10948 57834
10949 18980
10950 27157
10951 25360
10952 49953
10953 25376
10954 54064
10955 2592
10956 17200
10957 16714
10958 56096
10959 54049
10960 58346
10961 58314
10962 60384
10963 54048
10964 19208
10965 52000
10966 28177
10967 25377
10968 39448
10969 54048
10970 28177
10971 58145
10972 49952
10973 58144
10974 64289
10975 18980
10976 57826
10977 16932
10978 27456
10979 58314
10980 18980
10981 19232
10982 58152
10983 18980
10984 27465
10985 55096
10986 58153
10987 25440
10988 51976
10989 54048
10990 62241
10991 49953
10992 57824
10993 56104
10994 58144
10995 49952
10996 49920
10997 19201
10998 58345
10999 57796
11000 17168
11001 58338
11002 19233
11003 19232
11004 17185
11005 55080
11006 17184
11007 51976
11008 49952
11009 19104
11010 17192
11011 58336
11012 56097
11013 2848
11014 62241
11015 19104
11016 11793
11017 54016
11018 49976
11019 56105
11020 19200
11021 18980
11022 52008
11023 17316
11024 54056
11025 25384
11026 58144
11027 25369
11028 38712
11029 11793
11030 35104
11031 38944
11032 58344
11033 53608
11034 18761
11035 6432
11036 54072
11037 54832
11038 39968
11039 28177
11040 18763
11041 53816
11042 54032
11043 39968
11044 60200
11045 25377
11046 27153
11047 57826
11048 52001
11049 27496
11050 2377
11051 56105
11052 55144
11053 58346
11054 17168
11055 55072
11056 60201
11057 55072
11058 58208
11059 49920
11060 52000
11061 35104
11062 27465
11063 18763
11064 25434
11065 27457
11066 27520
11067 57826
11068 58346
11069 58208
11070 59842
11071 58346
11072 19240
11073 17184
11074 58153
11075 54048
11076 58346
11077 49952
11078 27488
11079 52000
11080 58184
11081 58314
11082 2840
11083 58144
11084 52001
11085 27424
11086 58314
11087 49928
11088 58144
11089 27393
11090 59842
11091 19233
11092 59177
11093 58346
11094 57826
11095 58344
11096 58336
11097 58314
11098 19232
11099 17188
11100 58153
11101 49952
11102 57826
11103 53796
11104 17028
11105 51969
11106 27425
11107 54049
11108 16932
11109 49960
11110 27400
11111 58306
11112 52001
11113 58344
11114 27488
11115 60384
11116 54057
11117 55072
11118 49700
11119 55072
11120 54056
11121 60192
11122 52008
11123 49920
11124 19233
11125 19232
11126 17192
11127 25345
11128 45985
11129 62304
11130 58314
11131 51984
11132 56104
11133 60352
11134 27153
11135 53808
11136 17156
11137 18761
11138 2409
11139 58305
11140 58120
11141 25105
11142 18699
11143 2864
11144 49936
11145 54840
11146 18763
11147 21028
11148 16932
11149 52000
11150 40496
11151 35640
11152 19233
11153 57834
11154 56608
11155 35104
11156 55592
11157 55856
11158 39208
11159 2340
11160 59872
11161 16714
11162 2864
11163 17184
11164 58346
11165 58344
11166 27497
11167 59177
11168 16714
11169 25370
11170 62249
11171 39968
11172 49482
11173 57826
11174 49956
11175 54048
11176 18793
11177 58346
11178 39968
11179 60360
11180 26385
11181 53816
11182 60360
11183 39968
11184 27489
11185 25345
11186 58209
11187 18763
11188 27465
11189 27457
11190 49953
11191 63336
11192 18762
11193 51976
11194 19236
11195 58209
11196 16917
11197 16420
11198 49953
11199 58312
11200 52000
11201 56105
11202 60392
11203 18980
11204 17184
11205 16421
11206 18980
11207 59361
11208 19201
11209 27488
11210 57794
11211 19233
11212 54057
11213 58338
11214 60360
11215 19208
11216 16912
11217 18468
11218 27392
11219 27592
11220 62304
11221 58144
11222 60384
11223 58209
11224 58346
11225 49960
11226 17185
11227 27424
11228 58208
11229 19233
11230 57826
11231 60352
11232 27616
11233 54048
11234 57826
11235 19072
11236 39968
11237 39720
11238 54040
11239 56096
11240 2616
11241 49936
11242 49952
11243 49944
11244 57129
11245 27488
11246 49680
11247 49953
11248 18760
11249 11797
11250 49680
11251 25345
11252 58313
11253 58152
11254 57120
11255 17168
11256 49482
11257 18762
11258 25377
11259 58144
11260 19233
11261 40232
11262 53788
11263 28177
11264 62241
11265 54049
11266 49945
11267 49952
11268 58336
11269 18980
11270 18720
11271 57826
11272 27424
11273 25104
11274 54840
11275 58210
11276 27425
11277 16932
11278 39968
11279 58344
11280 53764
11281 18763
11282 58152
11283 17184
11284 25377
11285 58113
11286 19240
11287 61225
11288 18980
11289 54056
11290 58346
11291 18689
11292 62240
11293 17184
11294 19233
11295 59169
11296 58336
11297 2404
11298 53024
11299 58112
11300 27592
11301 54048
11302 53024
11303 58112
11304 18721
11305 18980
11306 39472
11307 19105
11308 61792
11309 55096
11310 27401
11311 58312
11312 58112
11313 26955
11314 18724
11315 58336
11316 58314
11317 52000
11318 49920
11319 17185
11320 18976
11321 58336
11322 2849
11323 27392
11324 58312
11325 53796
11326 60352
11327 49953
11328 49960
11329 58216
11330 54057
11331 18980
11332 53764
11333 58314
11334 17184
11335 58145
11336 55080
11337 58312
11338 17248
11339 25344
11340 59872
11341 17156
11342 18217
11343 59233
11344 18793
11345 27153
11346 17176
11347 50977
11348 55088
11349 18697
11350 58346
11351 17028
11352 27592
11353 2977
11354 54072
11355 18762
11356 61968
11357 16730
11358 40477
11359 52000
11360 17168
11361 2408
11362 2408
11363 10773
11364 2856
11365 56105
11366 49953
11367 38968
11368 16912
11369 18760
11370 49953
11371 53792
11372 55064
11373 25419
11374 27153
11375 55072
11376 54049
11377 16932
11378 18761
11379 58312
11380 53776
11381 58120
11382 58312
11383 17208
11384 58344
11385 28177
11386 25441
11387 58344
11388 58129
11389 27400
11390 18976
11391 25416
11392 18763
11393 60193
11394 58152
11395 25376
11396 2584
11397 54032
11398 49961
11399 18793
11400 54056
11401 59361
11402 58314
11403 18724
11404 27458
11405 58346
11406 2581
11407 17153
11408 56888
11409 49680
11410 25368
11411 54840
11412 25344
11413 54832
11414 63265
11415 58337
11416 27488
11417 57796
11418 62248
11419 25384
11420 54057
11421 58314
11422 28177
11423 49976
11424 60193
11425 52001
11426 58338
11427 19240
11428 56617
11429 27424
11430 18980
11431 28177
11432 27392
11433 17029
11434 58144
11435 27417
11436 19232
11437 52000
11438 58312
11439 18217
11440 57802
11441 52008
11442 27616
11443 58336
11444 53796
11445 58187
11446 58208
11447 58338
11448 16917
11449 25408
11450 56888
11451 40224
11452 58208
11453 25360
11454 52001
11455 53776
11456 53284
11457 58177
11458 54048
11459 58337
11460 27424
11461 59744
11462 55840
11463 17184
11464 58314
11465 18763
11466 27393
11467 18762
11468 19240
11469 60256
11470 28449
11471 53796
11472 49952
11473 60232
11474 63265
11475 64288
11476 58338
11477 18980
11478 19108
11479 50016
11480 17200
11481 25376
11482 2848
11483 59169
11484 58144
11485 17060
11486 40496
11487 39968
11488 57826
11489 49952
11490 54048
11491 49953
11492 38704
11493 53781
11494 55608
11495 18762
11496 58314
11497 27401
11498 40504
11499 54072
11500 53776
11501 39992
11502 40224
11503 27153
11504 51985
11505 49680
11506 27433
11507 56616
11508 27424
11509 18761
11510 39992
11511 40760
11512 54800
11513 58144
11514 11169
11515 2848
11516 39976
11517 28177
11518 49944
11519 38712
11520 40505
11521 17185
11522 58344
11523 59177
11524 40224
11525 27425
11526 26384
11527 52000
11528 25105
11529 49952
11530 54048
11531 60192
11532 27584
11533 58314
11534 58346
11535 55081
11536 58314
11537 11793
11538 16917
11539 25377
11540 6688
11541 56096
11542 27497
11543 25361
11544 18980
11545 49482
11546 28417
11547 58314
11548 28177
11549 35112
11550 60192
11551 27401
11552 19241
11553 27416
11554 28177
11555 58208
11556 52009
11557 58346
11558 52009
11559 58346
11560 27457
11561 18763
11562 18980
11563 57826
11564 19233
11565 58344
11566 19233
11567 55073
11568 63264
11569 63329
11570 49960
11571 54056
11572 2584
11573 54049
11574 59840
11575 63272
11576 51977
11577 17184
11578 19208
11579 54057
11580 16900
11581 19108
11582 17156
11583 58129
11584 25353
11585 58312
11586 17160
11587 27416
11588 25376
11589 49960
11590 58314
11591 58304
11592 27433
11593 58312
11594 25409
11595 27489
11596 16932
11597 60352
11598 18980
11599 57826
11600 2848
11601 50977
11602 60360
11603 56617
11604 2856
11605 58336
11606 40736
11607 25440
11608 51969
11609 49960
11610 28177
11611 19232
11612 27425
11613 27457
11614 57796
11615 58338
11616 19240
11617 27457
11618 27552
11619 27592
11620 49952
11621 55080
11622 18980
11623 27392
11624 57824
11625 27458
11626 54049
11627 58304
11628 25409
11629 58304
11630 59169
11631 27424
11632 58312
11633 57824
11634 27393
11635 58346
11636 54048
11637 27072
11638 58344
11639 17184
11640 58315
11641 58212
11642 60192
11643 17152
11644 16421
11645 18724
11646 18763
11647 55844
11648 54048
11649 2584
11650 58144
11651 2872
11652 2872
11653 40480
11654 18763
11655 53788
11656 53776
11657 27400
11658 54832
11659 49928
11660 18691
11661 19237
11662 17160
11663 19240
11664 27425
11665 58144
11666 28449
11667 18761
11668 54064
11669 40232
11670 58312
11671 39968
11672 16714
11673 16714
11674 25434
11675 17060
11676 25568
11677 58336
11678 11793
11679 59169
11680 60192
11681 58112
11682 18763
11683 52000
11684 21029
11685 28489
11686 16932
11687 27457
11688 25376
11689 57144
11690 49952
11691 18763
11692 55072
11693 18762
11694 58153
11695 28489
11696 25416
11697 57826
11698 58185
11699 55073
11700 57826
11701 58346
11702 58346
11703 39480
11704 60352
11705 57796
11706 35640
11707 27433
11708 28161
11709 60392
11710 49952
11711 58152
11712 58185
11713 61792
11714 58121
11715 17200
11716 62376
11717 50976
11718 39968
11719 58312
11720 49952
11721 27425
11722 18980
11723 25417
11724 28177
11725 49921
11726 52001
11727 58344
11728 27424
11729 25377
11730 51985
11731 58346
11732 58340
11733 52009
11734 58336
11735 28449
11736 58211
11737 60160
11738 25409
11739 17184
11740 27489
11741 56097
11742 27520
11743 54049
11744 19209
11745 28449
11746 62249
11747 58346
11748 56097
11749 59712
11750 28177
11751 18468
11752 25440
11753 40480
11754 27432
11755 2400
11756 55072
11757 19232
11758 54056
11759 52000
11760 16901
11761 16932
11762 18980
11763 52000
11764 58145
11765 16932
11766 58336
11767 21281
11768 59842
11769 58112
11770 51977
11771 17160
11772 61225
11773 54056
11774 58144
11775 18980
11776 28417
11777 63272
11778 18945
11779 51968
11780 18980
11781 58210
11782 58336
11783 18980
11784 58208
11785 54056
11786 58315
11787 54049
11788 18981
11789 52008
11790 54056
11791 59840
11792 16912
11793 17156
11794 27072
11795 49952
11796 62240
11797 62249
11798 25109
11799 39448
11800 49700
11801 2721
11802 2872
11803 2360
11804 2977
11805 49976
11806 56096
11807 7456
11808 40480
11809 16928
11810 39480
11811 49936
11812 55096
11813 2409
11814 19201
11815 27153
11816 61217
11817 25376
11818 52920
11819 53776
11820 49680
11821 6432
11822 25377
11823 38712
11824 53776
11825 38456
11826 54072
11827 18761
11828 49680
11829 62304
11830 27465
11831 40224
11832 19224
11833 49482
11834 25376
11835 16714
11836 39208
11837 58344
11838 58344
11839 18763
11840 58144
11841 57796
11842 2864
11843 52000
11844 53820
11845 19208
11846 18792
11847 54057
11848 19237
11849 19241
11850 58145
11851 58337
11852 27425
11853 19232
11854 17185
11855 18762
11856 51984
11857 25441
11858 51561
11859 18763
11860 28417
11861 27489
11862 25419
11863 27488
11864 54597
11865 59840
11866 58187
11867 57696
11868 25443
11869 27489
11870 16714
11871 19233
11872 58346
11873 40224
11874 63336
11875 28513
11876 17316
11877 40232
11878 2848
11879 58337
11880 54048
11881 60352
11882 63264
11883 58314
11884 52001
11885 40232
11886 59842
11887 50977
11888 58153
11889 60192
11890 25409
11891 49953
11892 16932
11893 60257
11894 56097
11895 58336
11896 49700
11897 60352
11898 35104
11899 57802
11900 19233
11901 58346
11902 11793
11903 62241
11904 57834
11905 58176
11906 2344
11907 52001
11908 27489
11909 19232
11910 59169
11911 20257
11912 58315
11913 18762
11914 58314
11915 58312
11916 18763
11917 62249
11918 57796
11919 25440
11920 55080
11921 16421
11922 16421
11923 58337
11924 50984
11925 61216
11926 62312
11927 18720
11928 54056
11929 49952
11930 56104
11931 58312
11932 54048
11933 51984
11934 62304
11935 59840
11936 11793
11937 17248
11938 27616
11939 54072
11940 50976
11941 51984
11942 60225
11943 60224
11944 58314
11945 58336
11946 19233
11947 19232
11948 40504
11949 58216
11950 51992
11951 58145
11952 19232
11953 16932
11954 53776
11955 18793
11956 55076
11957 27489
11958 58345
11959 39968
11960 52009
11961 40744
11962 60192
11963 60192
11964 60360
11965 17208
11966 28177
11967 54832
11968 40224
11969 21281
11970 40224
11971 39968
11972 25105
11973 18761
11974 27393
11975 58145
11976 39968
11977 2856
11978 65312
11979 60160
11980 16714
11981 58314
11982 60200
11983 58340
11984 39712
11985 59752
11986 53776
11987 25376
11988 17153
11989 52000
11990 55080
11991 60352
11992 52009
11993 25376
11994 19233
11995 25416
11996 52001
11997 49952
11998 58336
11999 49953
12000 58314
12001 19201
12002 27424
12003 18980
12004 25377
12005 58346
12006 16421
12007 57834
12008 57792
12009 59874
12010 62305
12011 63273
12012 7464
12013 39968
12014 57826
12015 25376
12016 58312
12017 18793
12018 58336
12019 63272
12020 17184
12021 58216
12022 58144
12023 53284
12024 58338
12025 27424
12026 58312
12027 60256
12028 49953
12029 18980
12030 18980
12031 58144
12032 60232
12033 58337
12034 58336
12035 58344
12036 58336
12037 40480
12038 25568
12039 59177
12040 58112
12041 58312
12042 26401
12043 58217
12044 25385
12045 58340
12046 27616
12047 27425
12048 50977
12049 28177
12050 51992
12051 19200
12052 55072
12053 58184
12054 17184
12055 56888
12056 57824
12057 57826
12058 57826
12059 60360
12060 60256
12061 49976
12062 54049
12063 56616
12064 27433
12065 27433
12066 60160
12067 57824
12068 57834
12069 49952
12070 17185
12071 52001
12072 52000
12073 10773
12074 49928
12075 60360
12076 59842
12077 65312
12078 17248
12079 28177
12080 27424
12081 57834
12082 58336
12083 19209
12084 58314
12085 58344
12086 49961
12087 60192
12088 39968
12089 17316
12090 49953
12091 21281
12092 54048
12093 49960
12094 58312
12095 49961
12096 27393
12097 57824
12098 51985
12099 19232
12100 58314
12101 55096
12102 58346
12103 60224
12104 18760
12105 49953
12106 58344
12107 19273
12108 52001
12109 18792
12110 49953
12111 58346
12112 26953
12113 39224
12114 54840
12115 55096
12116 40488
12117 39208
12118 39480
12119 18980
12120 54064
12121 58145
12122 55844
12123 53776
12124 54048
12125 39208
12126 40760
12127 54840
12128 57097
12129 58344
12130 54800
12131 2849
12132 2377
12133 65312
12134 39968
12135 40224
12136 16714
12137 2377
12138 16714
12139 2408
12140 58346
12141 18792
12142 53776
12143 58346
12144 21281
12145 58336
12146 54056
12147 17184
12148 16932
12149 16420
12150 25377
12151 18763
12152 27457
12153 52008
12154 58304
12155 18697
12156 17184
12157 45985
12158 56096
12159 25568
12160 27403
12161 58177
12162 27456
12163 27457
12164 58144
12165 62241
12166 57826
12167 59874
12168 58208
12169 58145
12170 56616
12171 56376
12172 53776
12173 57826
12174 25376
12175 26955
12176 58314
12177 58145
12178 25443
12179 60256
12180 35384
12181 40480
12182 59232
12183 57796
12184 56376
12185 17184
12186 27401
12187 62241
12188 25409
12189 58346
12190 49953
12191 25385
12192 16901
12193 58145
12194 27393
12195 56096
12196 40480
12197 58145
12198 16932
12199 25409
12200 57826
12201 18688
12202 59842
12203 54048
12204 49952
12205 27592
12206 58208
12207 56872
12208 54056
12209 57826
12210 59752
12211 60352
12212 57834
12213 55072
12214 58346
12215 19209
12216 57128
12217 60360
12218 59177
12219 52001
12220 27528
12221 25376
12222 49952
12223 58144
12224 60257
12225 27592
12226 40224
12227 19232
12228 54040
12229 17188
12230 25352
12231 26385
12232 60384
12233 58340
12234 27392
12235 25443
12236 59168
12237 2408
12238 18976
12239 58345
12240 60392
12241 25376
12242 17316
12243 2856
12244 58346
12245 19232
12246 58305
12247 39456
12248 59169
12249 58312
12250 2720
12251 27072
12252 49953
12253 58344
12254 39968
12255 53776
12256 40736
12257 49956
12258 25417
12259 27153
12260 37688
12261 54048
12262 18980
12263 49953
12264 2872
12265 54064
12266 17168
12267 27417
12268 17168
12269 53776
12270 19232
12271 11793
12272 54816
12273 49813
12274 39968
12275 55096
12276 49953
12277 26465
12278 28513
12279 16912
12280 54056
12281 58312
12282 25434
12283 62305
12284 49700
12285 49953
12286 39720
12287 58344
12288 55096
12289 49952
12290 62248
12291 16932
12292 26384
12293 27425
12294 11793
12295 18762
12296 58112
12297 60360
12298 17184
12299 27464
12300 27464
12301 16421
12302 58306
12303 27417
12304 58314
12305 58312
12306 58338
12307 27393
12308 60352
12309 19232
12310 60224
12311 27392
12312 27072
12313 19232
12314 58313
12315 18980
12316 58121
12317 40224
12318 40736
12319 19232
12320 58344
12321 58336
12322 57826
12323 27584
12324 56620
12325 57834
12326 55088
12327 54057
12328 40480
12329 55856
12330 52000
12331 25344
12332 54049
12333 25440
12334 26401
12335 59168
12336 50976
12337 17184
12338 53796
12339 58336
12340 58346
12341 17193
12342 57120
12343 58344
12344 27153
12345 27432
12346 17316
12347 54049
12348 58153
12349 49953
12350 27401
12351 49953
12352 54048
12353 26464
12354 59169
12355 17185
12356 58312
12357 16932
12358 17185
12359 58314
12360 40480
12361 58152
12362 53608
12363 19232
12364 57128
12365 27584
12366 49961
12367 53608
12368 58152
12369 58346
12370 27456
12371 39968
12372 58120
12373 19274
12374 58344
12375 58217
12376 55592
12377 53024
12378 58209
12379 25377
12380 56376
12381 27458
12382 56888
12383 58121
12384 6688
12385 17168
12386 49952
12387 49961
12388 55076
12389 27153
12390 27425
12391 62376
12392 27458
12393 60193
12394 27393
12395 19232
12396 58345
12397 60200
12398 39480
12399 27424
12400 19232
12401 60192
12402 60257
12403 18980
12404 59168
12405 49945
12406 18945
12407 54056
12408 49953
12409 61216
12410 58212
12411 19240
12412 16932
12413 19233
12414 27424
12415 27393
12416 52000
12417 58145
12418 58340
12419 58346
12420 57120
12421 39456
12422 27584
12423 40504
12424 27153
12425 60360
12426 55076
12427 58344
12428 18793
12429 58312
12430 11169
12431 39480
12432 28177
12433 53024
12434 2376
12435 39448
12436 55840
12437 39968
12438 55856
12439 56105
12440 2408
12441 27153
12442 54832
12443 56888
12444 49961
12445 25417
12446 64288
12447 54032
12448 49920
12449 40752
12450 58144
12451 58314
12452 18766
12453 19275
12454 54052
12455 17193
12456 58312
12457 57120
12458 58145
12459 28177
12460 52000
12461 58145
12462 26955
12463 25370
12464 17160
12465 58145
12466 58152
12467 54072
12468 52009
12469 49952
12470 58346
12471 58346
12472 11168
12473 25441
12474 27465
12475 27553
12476 60352
12477 57826
12478 56104
12479 27624
12480 40480
12481 58176
12482 39968
12483 19241
12484 49813
12485 58113
12486 57834
12487 19224
12488 53781
12489 58152
12490 58336
12491 50992
12492 56608
12493 59872
12494 55080
12495 56892
12496 58209
12497 52000
12498 49700
12499 57824
12500 58314
12501 58304
12502 57826
12503 58312
12504 52009
12505 54056
12506 52000
12507 19232
12508 54048
12509 60352
12510 65376
12511 19201
12512 27392
12513 55072
12514 18980
12515 49952
12516 60384
12517 51744
12518 54057
12519 50977
12520 49960
12521 39968
12522 27424
12523 60352
12524 40736
12525 58209
12526 19360
12527 40480
12528 49952
12529 18724
12530 39264
12531 58336
12532 58338
12533 27424
12534 18980
12535 39712
12536 57128
12537 58315
12538 52024
12539 27424
12540 18980
12541 25361
12542 58144
12543 56104
12544 54049
12545 58312
12546 58346
12547 39208
12548 58152
12549 27616
12550 25384
12551 63265
12552 40504
12553 51992
12554 25441
12555 27458
12556 59712
12557 54057
12558 19233
12559 58113
12560 25441
12561 58340
12562 55088
12563 28448
12564 39968
12565 16932
12566 57826
12567 2852
12568 49944
12569 27425
12570 58315
12571 62241
12572 52001
12573 60161
12574 40488
12575 62305
12576 57120
12577 54056
12578 49944
12579 58145
12580 25536
12581 55088
12582 16912
12583 38712
12584 58312
12585 49952
12586 58314
12587 58212
12588 40488
12589 13217
12590 40480
12591 57121
12592 18689
12593 17184
12594 57128
12595 60192
12596 53776
12597 40232
12598 18980
12599 11793
12600 19209
12601 25360
12602 58144
12603 17168
12604 16912
12605 39472
12606 19275
12607 26953
12608 17168
12609 58145
12610 53776
12611 19201
12612 60384
12613 55056
12614 26953
12615 2377
12616 19232
12617 17168
12618 58312
12619 25377
12620 16714
12621 17185
12622 25376
12623 58112
12624 58312
12625 28448
12626 54048
12627 60256
12628 25344
12629 25360
12630 20257
12631 28177
12632 25418
12633 56096
12634 19225
12635 17248
12636 18980
12637 54056
12638 17184
12639 56096
12640 60160
12641 58336
12642 60392
12643 65376
12644 54049
12645 40480
12646 25441
12647 56097
12648 65376
12649 25441
12650 57824
12651 54048
12652 40760
12653 26385
12654 18977
12655 40480
12656 27616
12657 19072
12658 57834
12659 57826
12660 58312
12661 60360
12662 19232
12663 58153
12664 27424
12665 58313
12666 28177
12667 54048
12668 19240
12669 16730
12670 25376
12671 58313
12672 25377
12673 54048
12674 56608
12675 19232
12676 59874
12677 17188
12678 27425
12679 39968
12680 19248
12681 25441
12682 58121
12683 58209
12684 59168
12685 19232
12686 54057
12687 58346
12688 2592
12689 57796
12690 54049
12691 57824
12692 60384
12693 58338
12694 2848
12695 58112
12696 40744
12697 55072
12698 59176
12699 27425
12700 26465
12701 58314
12702 40736
12703 58313
12704 18976
12705 59168
12706 62240
12707 40508
12708 25376
12709 57834
12710 27425
12711 59744
12712 57826
12713 18980
12714 58314
12715 58144
12716 60360
12717 58209
12718 49952
12719 25409
12720 27496
12721 54056
12722 19201
12723 40224
12724 60257
12725 49953
12726 49945
12727 18689
12728 62440
12729 58184
12730 27489
12731 58210
12732 59840
12733 25377
12734 40480
12735 49961
12736 25376
12737 20256
12738 60225
12739 58314
12740 58144
12741 49700
12742 28448
12743 58121
12744 58210
12745 40504
12746 49700
12747 58144
12748 58120
12749 57121
12750 57120
12751 40736
12752 58152
12753 58312
12754 59872
12755 25376
12756 25344
12757 19233
12758 54048
12759 58337
12760 58113
12761 27584
12762 62241
12763 55096
12764 17060
12765 28177
12766 19233
12767 54048
12768 33560
12769 27425
12770 54072
12771 39448
12772 27392
12773 19233
12774 2872
12775 39480
12776 49680
12777 58177
12778 60193
12779 11793
12780 49952
12781 55056
12782 59168
12783 18761
12784 63265
12785 19237
12786 25376
12787 58212
12788 28177
12789 2360
12790 16714
12791 25377
12792 19208
12793 19361
12794 58314
12795 25418
12796 20256
12797 54072
12798 54072
12799 53776
12800 27464
12801 49952
12802 25376
12803 16896
12804 27393
12805 19237
12806 25419
12807 25408
12808 17224
12809 33592
12810 57834
12811 55064
12812 25443
12813 17156
12814 58314
12815 25568
12816 57826
12817 58152
12818 58346
12819 2409
12820 60161
12821 61792
12822 39264
12823 27616
12824 49953
12825 54048
12826 16900
12827 27496
12828 60384
12829 62240
12830 57796
12831 58336
12832 18980
12833 58344
12834 19201
12835 27424
12836 49952
12837 16932
12838 49953
12839 19233
12840 25440
12841 49945
12842 49952
12843 39968
12844 49952
12845 18980
12846 53764
12847 58338
12848 27457
12849 19240
12850 58144
12851 62240
12852 58336
12853 25536
12854 57824
12855 27137
12856 27592
12857 60224
12858 58314
12859 62241
12860 60201
12861 2848
12862 11793
12863 60224
12864 62376
12865 19208
12866 25376
12867 57796
12868 27393
12869 58144
12870 52000
12871 58144
12872 58346
12873 39224
12874 49960
12875 58312
12876 18980
12877 39736
12878 57834
12879 25443
12880 17184
12881 54016
12882 25345
12883 26464
12884 20233
12885 25376
12886 52000
12887 39968
12888 57826
12889 39264
12890 25345
12891 52001
12892 51561
12893 17185
12894 19208
12895 60192
12896 19240
12897 49945
12898 58312
12899 49952
12900 54049
12901 25440
12902 27496
12903 49968
12904 57792
12905 17184
12906 49961
12907 19233
12908 54056
12909 38448
12910 62304
12911 60384
12912 62240
12913 60232
12914 58346
12915 59744
12916 27433
12917 17185
12918 49956
12919 17060
12920 58337
12921 58347
12922 60160
12923 58340
12924 2592
12925 57834
12926 28177
12927 49952
12928 16928
12929 40480
12930 58347
12931 49953
12932 56104
12933 27457
12934 19201
12935 19232
12936 19108
12937 28181
12938 17040
12939 58129
12940 16896
12941 25370
12942 17152
12943 25377
12944 19232
12945 58336
12946 40480
12947 18760
12948 60352
12949 55608
12950 57129
12951 52000
12952 58336
12953 52000
12954 58305
12955 58336
12956 27425
12957 54040
12958 33560
12959 16712
12960 18761
12961 54048
12962 28489
12963 21029
12964 18981
12965 27425
12966 11793
12967 62248
12968 59842
12969 57826
12970 58337
12971 60352
12972 27616
12973 57826
12974 58347
12975 17185
12976 39200
12977 25408
12978 51561
12979 63328
12980 58346
12981 58306
12982 38456
12983 11793
12984 62304
12985 49952
12986 58347
12987 58346
12988 57824
12989 59842
12990 57826
12991 58336
12992 56376
12993 25353
12994 18980
12995 57824
12996 19201
12997 18763
12998 56616
12999 18976
13000 49960
13001 28181
13002 53776
13003 27416
13004 51976
13005 55608
13006 51561
13007 19225
13008 18980
13009 53776
13010 58144
13011 25568
13012 58314
13013 27458
13014 52000
13015 50016
13016 17316
13017 59233
13018 49953
13019 52001
13020 56105
13021 25441
13022 25441
13023 52001
13024 17153
13025 58336
13026 39968
13027 58336
13028 60193
13029 58184
13030 49952
13031 58208
13032 25418
13033 55856
13034 40224
13035 55088
13036 40224
13037 27392
13038 62376
13039 49952
13040 58336
13041 49952
13042 57696
13043 18977
13044 27488
13045 49952
13046 60264
13047 57120
13048 54056
13049 18977
13050 58208
13051 57826
13052 20264
13053 57824
13054 58129
13055 53025
13056 27489
13057 55096
13058 40480
13059 58312
13060 27432
13061 28433
13062 40760
13063 27424
13064 58314
13065 61225
13066 17160
13067 25440
13068 27528
13069 52009
13070 58312
13071 25408
13072 57834
13073 58345
13074 58344
13075 58314
13076 28177
13077 27553
13078 27425
13079 60257
13080 19233
13081 58144
13082 58337
13083 61216
13084 25344
13085 50976
13086 56608
13087 49953
13088 49920
13089 57826
13090 53608
13091 19232
13092 54016
13093 27424
13094 25345
13095 58145
13096 60352
13097 58145
13098 59169
13099 54800
13100 21028
13101 40504
13102 59872
13103 27584
13104 27425
13105 58314
13106 25419
13107 54832
13108 35112
13109 54072
13110 27465
13111 2360
13112 10913
13113 39448
13114 53608
13115 37688
13116 49921
13117 49952
13118 54832
13119 62241
13120 18792
13121 40496
13122 25109
13123 39200
13124 40480
13125 55096
13126 52001
13127 49921
13128 17185
13129 25368
13130 2581
13131 58145
13132 18688
13133 2848
13134 2584
13135 10773
13136 50977
13137 18763
13138 56096
13139 39968
13140 28177
13141 17226
13142 53776
13143 17153
13144 27489
13145 27393
13146 25376
13147 58337
13148 18980
13149 58212
13150 60256
13151 19104
13152 58346
13153 27457
13154 57824
13155 27458
13156 59874
13157 56360
13158 57824
13159 62440
13160 58346
13161 59361
13162 27496
13163 56376
13164 60192
13165 58336
13166 58344
13167 58212
13168 59872
13169 19241
13170 59361
13171 63265
13172 18980
13173 40480
13174 59874
13175 60256
13176 60193
13177 26953
13178 58209
13179 58208
13180 49945
13181 19273
13182 62304
13183 19200
13184 55592
13185 53781
13186 19233
13187 39456
13188 2404
13189 58336
13190 58176
13191 58185
13192 19233
13193 53788
13194 2912
13195 59177
13196 52001
13197 52001
13198 58121
13199 25408
13200 58153
13201 27425
13202 60193
13203 25345
13204 57834
13205 58346
13206 27424
13207 7464
13208 19200
13209 16928
13210 54840
13211 39968
13212 58312
13213 60360
13214 53776
13215 18980
13216 58346
13217 58185
13218 53796
13219 2856
13220 60256
13221 60160
13222 58312
13223 27392
13224 39968
13225 58314
13226 60192
13227 25568
13228 58112
13229 57802
13230 19248
13231 60256
13232 52000
13233 39992
13234 58336
13235 27616
13236 18980
13237 54840
13238 58346
13239 2849
13240 59874
13241 55096
13242 26953
13243 40232
13244 27403
13245 39968
13246 60256
13247 19232
13248 27393
13249 56608
13250 2408
13251 58144
13252 39272
13253 19201
13254 19232
13255 51560
13256 60224
13257 27489
13258 25384
13259 6944
13260 58344
13261 58346
13262 58312
13263 39456
13264 55081
13265 52001
13266 18784
13267 58340
13268 17029
13269 59840
13270 58336
13271 40224
13272 40480
13273 58208
13274 58337
13275 53608
13276 17188
13277 27528
13278 58346
13279 19237
13280 18980
13281 40232
13282 52000
13283 54048
13284 19225
13285 52920
13286 51560
13287 60360
13288 58176
13289 58211
13290 58144
13291 39456
13292 19240
13293 62376
13294 52001
13295 40480
13296 38704
13297 55072
13298 40224
13299 58312
13300 16714
13301 2872
13302 40504
13303 19233
13304 25370
13305 792
13306 27392
13307 58112
13308 25353
13309 52001
13310 54840
13311 54048
13312 49680
13313 55840
13314 52000
13315 51985
13316 55856
13317 17176
13318 16714
13319 39448
13320 28489
13321 60232
13322 17184
13323 18766
13324 54049
13325 59232
13326 58144
13327 58338
13328 16900
13329 60192
13330 11793
13331 20256
13332 18763
13333 40504
13334 62312
13335 18977
13336 57824
13337 16917
13338 19236
13339 58210
13340 58315
13341 57824
13342 27616
13343 58314
13344 27496
13345 60256
13346 27072
13347 57794
13348 25417
13349 25347
13350 58346
13351 63265
13352 58312
13353 55608
13354 64488
13355 56376
13356 58337
13357 58314
13358 60256
13359 57826
13360 57826
13361 25345
13362 54048
13363 19201
13364 54057
13365 60360
13366 60192
13367 58312
13368 49956
13369 39456
13370 27528
13371 26955
13372 17192
13373 58312
13374 11793
13375 58208
13376 60224
13377 58312
13378 58208
13379 58314
13380 27520
13381 18763
13382 17028
13383 59169
13384 49960
13385 40488
13386 60360
13387 62440
13388 39968
13389 16896
13390 18980
13391 58313
13392 27616
13393 65312
13394 19240
13395 27425
13396 58120
13397 19216
13398 40736
13399 40504
13400 27488
13401 39968
13402 27528
13403 58312
13404 51984
13405 58304
13406 58312
13407 56104
13408 17184
13409 60160
13410 25376
13411 19240
13412 58314
13413 58144
13414 40480
13415 58346
13416 52001
13417 55073
13418 19201
13419 27409
13420 60160
13421 58209
13422 26401
13423 57802
13424 60232
13425 62312
13426 58346
13427 59842
13428 60192
13429 27072
13430 18468
13431 25568
13432 58336
13433 58304
13434 58314
13435 60192
13436 19236
13437 19232
13438 49953
13439 54049
13440 2360
13441 56872
13442 53765
13443 58211
13444 56376
13445 16933
13446 27616
13447 25347
13448 19240
13449 27457
13450 26464
13451 19232
13452 58177
13453 52001
13454 27488
13455 58177
13456 2864
13457 49945
13458 60360
13459 51976
13460 58304
13461 50016
13462 17193
13463 40224
13464 54800
13465 53776
13466 62304
13467 11169
13468 16912
13469 49953
13470 27424
13471 59177
13472 49968
13473 2336
13474 57826
13475 16932
13476 50984
13477 37688
13478 20264
13479 54832
13480 52024
13481 17168
13482 2408
13483 49976
13484 56096
13485 55080
13486 60225
13487 39456
13488 19209
13489 18689
13490 11797
13491 25360
13492 40232
13493 56888
13494 17168
13495 25360
13496 49680
13497 56888
13498 58144
13499 40480
13500 18761
13501 49952
13502 18763
13503 54064
13504 56096
13505 2872
13506 16714
13507 58346
13508 57696
13509 36640
13510 49953
13511 18763
13512 54048
13513 60192
13514 18762
13515 39200
13516 40505
13517 57128
13518 56104
13519 25434
13520 58346
13521 18762
13522 16714
13523 56096
13524 25408
13525 58315
13526 28181
13527 60193
13528 57834
13529 58176
13530 49953
13531 65376
13532 65376
13533 18980
13534 59169
13535 55856
13536 57826
13537 56872
13538 49952
13539 49952
13540 58344
13541 49953
13542 58346
13543 58345
13544 58145
13545 58315
13546 58344
13547 60264
13548 28177
13549 58314
13550 49953
13551 60192
13552 58144
13553 16932
13554 25440
13555 25360
13556 2848
13557 52920
13558 58346
13559 54049
13560 25376
13561 57128
13562 60360
13563 16912
13564 54072
13565 27425
13566 19236
13567 27153
13568 54040
13569 59232
13570 19237
13571 50977
13572 54048
13573 19232
13574 60360
13575 55844
13576 28177
13577 58312
13578 52008
13579 54016
13580 60384
13581 54048
13582 55080
13583 63305
13584 25409
13585 27488
13586 58314
13587 19233
13588 27616
13589 58336
13590 58346
13591 57796
13592 49960
13593 39472
13594 27456
13595 49952
13596 39992
13597 58152
13598 59840
13599 39968
13600 19233
13601 18976
13602 58346
13603 40232
13604 19248
13605 39968
13606 55056
13607 39968
13608 51561
13609 19275
13610 58346
13611 58304
13612 25376
13613 57826
13614 17184
13615 62304
13616 56104
13617 58346
13618 18763
13619 39224
13620 58144
13621 56105
13622 39208
13623 58336
13624 18766
13625 58346
13626 62249
13627 56096
13628 11797
13629 58314
13630 51744
13631 63329
13632 58314
13633 57696
13634 58144
13635 18980
13636 28161
13637 60392
13638 53024
13639 63328
13640 27392
13641 49952
13642 27401
13643 28417
13644 58144
13645 60384
13646 59361
13647 57802
13648 52001
13649 57794
13650 26955
13651 60257
13652 39968
13653 58145
13654 58144
13655 58346
13656 54049
13657 62241
13658 51744
13659 62304
13660 62305
13661 25376
13662 27392
13663 52001
13664 57144
13665 39472
13666 58346
13667 54056
13668 58312
13669 54049
13670 40496
13671 40736
13672 49952
13673 2721
13674 13217
13675 39968
13676 53024
13677 55844
13678 54800
13679 17168
13680 2848
13681 18689
13682 28181
13683 17208
13684 52000
13685 39968
13686 17184
13687 26953
13688 49928
13689 40232
13690 25376
13691 56612
13692 2593
13693 18763
13694 55608
13695 2377
13696 39968
13697 17192
13698 40224
13699 49960
13700 16932
13701 16932
13702 54056
13703 53776
13704 39712
13705 25417
13706 49961
13707 16932
13708 25376
13709 39968
13710 39968
13711 25360
13712 58338
13713 20264
13714 18976
13715 27457
13716 40480
13717 18691
13718 38968
13719 57120
13720 59361
13721 17248
13722 58314
13723 58145
13724 49945
13725 58346
13726 58336
13727 39200
13728 61217
13729 58312
13730 58314
13731 27457
13732 27457
13733 57824
13734 53796
13735 54056
13736 57824
13737 25434
13738 17153
13739 61225
13740 53776
13741 58312
13742 60352
13743 40480
13744 56104
13745 58312
13746 49952
13747 58184
13748 58145
13749 60384
13750 58338
13751 58338
13752 62312
13753 59842
13754 58312
13755 58336
13756 58338
13757 27456
13758 19237
13759 57826
13760 28433
13761 40480
13762 59874
13763 17153
13764 25377
13765 63264
13766 62240
13767 39968
13768 57796
13769 27401
13770 58312
13771 58346
13772 56104
13773 27592
13774 49960
13775 60161
13776 50977
13777 49952
13778 2848
13779 19200
13780 52000
13781 57696
13782 2592
13783 19273
13784 57826
13785 58346
13786 19200
13787 58338
13788 2408
13789 58144
13790 49968
13791 59872
13792 60256
13793 58305
13794 17028
13795 58212
13796 51969
13797 56616
13798 40509
13799 58336
13800 57824
13801 19233
13802 56105
13803 27424
13804 27072
13805 17176
13806 25385
13807 25440
13808 59842
13809 58144
13810 58345
13811 58336
13812 16901
13813 19201
13814 62240
13815 57826
13816 2344
13817 25384
13818 60360
13819 58344
13820 57834
13821 58112
13822 25441
13823 58177
13824 49945
13825 58152
13826 18976
13827 54048
13828 27553
13829 51969
13830 55096
13831 19240
13832 27616
13833 27157
13834 50977
13835 55088
13836 19209
13837 17184
13838 63297
13839 54800
13840 16932
13841 11793
13842 59872
13843 36640
13844 57826
13845 40480
13846 53776
13847 49952
13848 54072
13849 27520
13850 40232
13851 17168
13852 55096
13853 55073
13854 51563
13855 20257
13856 49952
13857 40736
13858 25417
13859 57826
13860 19209
13861 40480
13862 55081
13863 49944
13864 58152
13865 7464
13866 40224
13867 58314
13868 25360
13869 7464
13870 55840
13871 27456
13872 18593
13873 51560
13874 59872
13875 58344
13876 58315
13877 27072
13878 16548
13879 56097
13880 25536
13881 58338
13882 58346
13883 58312
13884 19232
13885 56872
13886 25344
13887 58340
13888 27489
13889 54800
13890 60264
13891 62240
13892 19209
13893 60360
13894 54032
13895 58314
13896 19233
13897 51977
13898 54840
13899 25434
13900 54056
13901 19272
13902 58340
13903 60256
13904 59361
13905 16932
13906 19216
13907 58340
13908 39712
13909 58314
13910 49960
13911 25440
13912 54016
13913 49953
13914 18980
13915 49945
13916 53776
13917 58312
13918 57792
13919 17156
13920 62249
13921 19233
13922 27497
13923 58304
13924 55840
13925 40496
13926 27393
13927 19232
13928 58314
13929 25376
13930 62249
13931 49953
13932 57824
13933 25352
13934 51744
13935 56104
13936 58152
13937 27400
13938 53796
13939 58152
13940 58312
13941 27592
13942 60200
13943 40480
13944 25377
13945 54048
13946 18763
13947 58121
13948 39968
13949 16932
13950 58314
13951 54049
13952 25408
13953 58145
13954 49952
13955 18720
13956 28177
13957 25345
13958 26401
13959 19232
13960 19072
13961 19233
13962 58208
13963 49953
13964 59874
13965 25419
13966 58312
13967 56097
13968 61217
13969 19240
13970 60360
13971 19240
13972 18980
13973 21028
13974 64488
13975 60360
13976 49961
13977 50977
13978 18980
13979 19232
13980 58313
13981 17185
13982 17040
13983 25376
13984 27552
13985 49953
13986 54056
13987 56888
13988 2848
13989 62376
13990 56892
13991 60161
13992 18980
13993 56096
13994 62240
13995 56608
13996 58314
13997 19232
13998 58145
13999 58336
14000 27488
14001 55592
14002 17185
14003 55608
14004 54049
14005 27592
14006 58145
14007 54048
14008 52001
14009 60161
14010 58346
14011 3104
14012 58305
14013 40752
14014 55096
14015 59840
14016 58346
14017 38944
14018 40232
14019 60193
14020 17168
14021 18763
14022 19361
14023 27488
14024 40232
14025 11793
14026 7464
14027 37656
14028 55096
14029 58129
14030 40224
14031 16421
14032 54832
14033 56888
14034 49945
14035 49952
14036 49953
14037 18761
14038 39968
14039 40480
14040 18762
14041 56120
14042 58344
14043 49952
14044 52000
14045 39968
14046 19232
14047 49936
14048 54064
14049 54057
14050 51985
14051 25434
14052 39456
14053 2856
14054 53776
14055 58314
14056 49700
14057 60384
14058 27465
14059 18980
14060 56097
14061 60384
14062 28177
14063 58336
14064 58344
14065 60193
14066 2864
14067 35104
14068 59840
14069 58314
14070 28177
14071 58145
14072 58314
14073 25376
14074 28177
14075 60225
14076 49953
14077 58344
14078 58209
14079 2408
14080 18217
14081 54049
14082 27425
14083 58315
14084 27424
14085 18980
14086 17185
14087 59361
14088 25417
14089 19273
14090 17193
14091 59168
14092 64289
14093 25408
14094 52009
14095 57144
14096 49952
14097 40496
14098 58344
14099 25417
14100 28161
14101 54048
14102 53796
14103 18596
14104 19236
14105 27624
14106 58312
14107 49700
14108 58208
14109 57796
14110 61281
14111 57802
14112 17316
14113 58145
14114 56872
14115 49953
14116 58216
14117 58152
14118 16932
14119 18724
14120 17185
14121 58336
14122 58184
14123 53776
14124 39720
14125 51985
14126 57826
14127 27425
14128 27616
14129 59233
14130 58344
14131 57802
14132 54056
14133 49920
14134 17184
14135 40744
14136 40744
14137 60192
14138 25376
14139 25376
14140 58144
14141 27456
14142 39472
14143 17168
14144 17185
14145 57802
14146 19273
14147 49960
14148 53032
14149 17153
14150 52008
14151 58144
14152 65376
14153 19200
14154 39456
14155 62248
14156 54072
14157 39208
14158 56097
14159 11793
14160 59872
14161 52000
14162 25360
14163 49700
14164 19241
14165 58217
14166 27458
14167 49700
14168 58312
14169 60384
14170 60160
14171 40480
14172 58210
14173 55073
14174 19208
14175 54048
14176 59168
14177 27458
14178 17160
14179 26384
14180 39264
14181 49952
14182 58184
14183 59874
14184 27458
14185 27489
14186 58336
14187 19201
14188 27488
14189 19248
14190 60233
14191 25344
14192 27072
14193 27393
14194 27393
14195 55096
14196 39968
14197 57802
14198 27072
14199 56105
14200 2584
14201 40505
14202 27465
14203 16932
14204 55072
14205 2608
14206 53776
14207 25360
14208 54072
14209 54800
14210 39208
14211 25361
14212 59201
14213 28177
14214 56864
14215 56376
14216 40488
14217 19233
14218 53808
14219 39456
14220 40480
14221 16714
14222 58346
14223 27465
14224 18697
14225 55076
14226 19200
14227 2408
14228 19201
14229 25376
14230 54832
14231 49960
14232 16714
14233 53608
14234 56104
14235 25344
14236 16730
14237 16714
14238 25409
14239 59840
14240 58338
14241 58211
14242 58313
14243 25441
14244 58152
14245 17176
14246 62304
14247 53796
14248 50984
14249 58346
14250 59842
14251 58208
14252 39968
14253 53284
14254 58344
14255 27401
14256 2584
14257 64289
14258 27137
14259 57826
14260 17156
14261 58346
14262 58346
14263 58337
14264 59872
14265 27488
14266 55844
14267 59744
14268 18980
14269 17200
14270 57144
14271 25376
14272 49953
14273 60256
14274 40224
14275 18762
14276 19273
14277 18763
14278 58344
14279 26955
14280 25443
14281 57128
14282 25344
14283 28177
14284 58312
14285 57826
14286 55096
14287 40232
14288 52009
14289 2849
14290 55096
14291 39968
14292 56096
14293 27457
14294 17188
14295 58346
14296 18763
14297 19272
14298 58312
14299 60233
14300 56617
14301 58120
14302 60200
14303 20264
14304 63265
14305 59840
14306 17192
14307 53776
14308 54573
14309 58312
14310 58346
14311 2848
14312 58346
14313 19233
14314 60232
14315 55592
14316 58314
14317 54048
14318 58216
14319 60200
14320 58346
14321 49928
14322 27457
14323 25443
14324 54048
14325 52001
14326 62240
14327 58312
14328 27488
14329 58314
14330 60384
14331 54049
14332 62241
14333 40480
14334 58337
14335 55073
14336 58346
14337 60352
14338 19273
14339 27425
14340 57826
14341 62240
14342 2592
14343 51984
14344 60193
14345 21281
14346 40480
14347 60224
14348 59744
14349 60192
14350 17184
14351 58209
14352 58113
14353 18763
14354 25376
14355 57826
14356 2377
14357 58121
14358 19240
14359 19233
14360 49936
14361 27409
14362 58305
14363 51969
14364 56620
14365 19233
14366 58312
14367 49952
14368 19360
14369 60256
14370 19233
14371 56097
14372 27425
14373 20264
14374 58185
14375 28449
14376 55072
14377 18981
14378 16932
14379 18977
14380 17184
14381 40480
14382 53764
14383 58340
14384 40488
14385 49920
14386 55088
14387 39968
14388 49953
14389 25409
14390 60392
14391 52008
14392 57826
14393 58210
14394 58208
14395 58209
14396 49952
14397 49928
14398 27425
14399 60256
14400 59872
14401 54040
14402 62312
14403 17185
14404 58346
14405 27153
14406 60352
14407 40496
14408 26385
14409 60193
14410 25417
14411 58217
14412 55081
14413 57796
14414 60392
14415 62240
14416 58113
14417 54064
14418 54049
14419 58346
14420 58210
14421 49938
14422 27072
14423 58120
14424 54048
14425 58340
14426 58145
14427 49968
14428 39968
14429 60384
14430 50976
14431 60384
14432 52001
14433 25377
14434 38688
14435 25360
14436 58338
14437 55840
14438 54040
14439 53808
14440 20264
14441 10769
14442 60193
14443 19361
14444 35640
14445 55072
14446 25417
14447 55088
14448 58336
14449 19209
14450 65376
14451 16421
14452 52000
14453 40480
14454 54048
14455 40480
14456 54832
14457 54832
14458 55856
14459 2581
14460 58128
14461 53776
14462 55096
14463 25360
14464 49680
14465 49680
14466 19232
14467 26953
14468 54052
14469 16712
14470 3605
14471 39968
14472 27497
14473 60192
14474 25104
14475 18763
14476 57128
14477 16912
14478 18766
14479 7456
14480 28177
14481 56096
14482 18689
14483 27584
14484 55840
14485 25368
14486 27433
14487 60256
14488 27153
14489 58315
14490 58336
14491 25345
14492 56360
14493 19104
14494 57826
14495 58144
14496 19201
14497 19233
14498 58312
14499 58144
14500 58345
14501 52001
14502 58217
14503 57824
14504 27465
14505 56097
14506 25434
14507 18980
14508 16912
14509 39264
14510 60256
14511 58153
14512 27458
14513 58112
14514 40744
14515 25384
14516 58336
14517 18760
14518 49952
14519 19233
14520 49960
14521 52008
14522 18980
14523 25344
14524 58314
14525 18699
14526 59744
14527 27153
14528 18980
14529 28177
14530 27153
14531 17160
14532 40504
14533 61217
14534 19256
14535 40736
14536 49953
14537 60200
14538 53544
14539 58312
14540 54048
14541 53544
14542 18762
14543 27072
14544 53776
14545 18980
14546 61217
14547 60352
14548 54048
14549 28161
14550 58312
14551 59872
14552 53776
14553 57129
14554 56096
14555 58336
14556 6432
14557 16932
14558 25384
14559 57696
14560 54049
14561 58344
14562 58314
14563 58340
14564 54057
14565 58312
14566 58314
14567 58209
14568 58312
14569 57824
14570 61217
14571 57824
14572 58312
14573 54816
14574 53792
14575 25344
14576 49952
14577 27488
14578 57128
14579 58312
14580 50976
14581 27424
14582 60384
14583 56104
14584 39968
14585 25409
14586 17316
14587 2408
14588 60256
14589 27425
14590 54064
14591 25440
14592 40480
14593 58216
14594 58314
14595 19232
14596 27465
14597 27488
14598 59169
14599 58209
14600 57826
14601 16912
14602 58312
14603 58144
14604 28433
14605 19209
14606 20264
14607 60384
14608 54072
14609 49482
14610 49961
14611 52000
14612 16933
14613 51563
14614 2409
14615 27584
14616 18980
14617 17184
14618 18980
14619 40232
14620 58344
14621 17188
14622 57802
14623 58217
14624 58344
14625 58346
14626 19072
14627 58208
14628 57826
14629 49953
14630 17060
14631 55072
14632 52008
14633 59176
14634 39264
14635 49961
14636 61225
14637 54048
14638 57802
14639 59840
14640 57826
14641 58346
14642 25434
14643 53792
14644 56376
14645 19108
14646 58216
14647 58337
14648 58344
14649 64488
14650 60224
14651 52008
14652 26955
14653 59872
14654 27400
14655 58177
14656 58120
14657 58145
14658 27528
14659 49968
14660 58346
14661 25377
14662 49952
14663 49813
14664 58347
14665 49953
14666 21281
14667 58312
14668 2581
14669 59169
14670 54072
14671 17208
14672 18981
14673 19209
14674 25377
14675 57826
14676 57120
14677 54032
14678 25361
14679 38944
14680 39456
14681 52000
14682 10769
14683 55856
14684 49680
14685 25369
14686 62304
14687 54072
14688 56120
14689 40480
14690 40504
14691 19225
14692 58336
14693 17160
14694 7464
14695 18760
14696 25434
14697 58145
14698 27458
14699 17184
14700 40480
14701 58314
14702 17156
14703 50016
14704 28177
14705 61217
14706 11797
14707 25443
14708 27409
14709 49960
14710 59744
14711 58176
14712 61792
14713 58346
14714 2409
14715 27072
14716 58315
14717 52009
14718 58344
14719 40744
14720 58144
14721 53808
14722 54048
14723 58315
14724 58314
14725 58344
14726 28448
14727 60384
14728 18688
14729 58337
14730 39968
14731 18792
14732 38944
14733 58336
14734 49952
14735 25384
14736 55072
14737 55656
14738 58209
14739 58344
14740 63273
14741 17168
14742 27393
14743 60360
14744 27392
14745 58344
14746 11793
14747 27153
14748 56096
14749 11793
14750 58338
14751 27520
14752 60160
14753 19108
14754 59872
14755 58306
14756 58144
14757 53025
14758 18980
14759 18977
14760 58217
14761 25369
14762 27425
14763 60264
14764 49928
14765 56864
14766 18980
14767 65376
14768 27393
14769 39976
14770 27432
14771 58212
14772 61225
14773 27424
14774 18762
14775 39480
14776 58344
14777 19232
14778 58344
14779 54016
14780 18980
14781 27528
14782 58209
14783 58216
14784 25361
14785 17316
14786 53776
14787 62240
14788 17152
14789 27496
14790 56376
14791 17192
14792 25568
14793 2377
14794 52008
14795 25344
14796 25376
14797 58337
14798 27424
14799 39968
14800 58344
14801 51985
14802 56096
14803 17188
14804 49960
14805 53025
14806 19233
14807 19232
14808 16928
14809 25376
14810 17184
14811 39968
14812 60384
14813 58314
14814 27409
14815 58185
14816 58208
14817 59168
14818 49952
14819 18792
14820 27456
14821 51563
14822 58144
14823 18980
14824 58312
14825 17208
14826 60233
14827 19208
14828 60352
14829 58314
14830 28513
14831 49936
14832 58144
14833 27584
14834 17028
14835 60352
14836 28433
14837 28449
14838 58314
14839 49961
14840 27456
14841 25440
14842 59872
14843 6432
14844 58144
14845 58209
14846 27465
14847 25376
14848 16901
14849 52008
14850 17168
14851 49952
14852 59842
14853 28177
14854 27392
14855 58209
14856 60161
14857 55840
14858 57802
14859 27624
14860 58314
14861 56888
14862 58304
14863 21281
14864 58336
14865 27616
14866 19104
14867 25376
14868 18980
14869 2409
14870 54057
14871 17193
14872 58346
14873 57826
14874 39968
14875 60257
14876 27393
14877 40480
14878 57824
14879 54056
14880 58145
14881 58144
14882 58112
14883 27425
14884 58112
14885 60192
14886 16932
14887 49952
14888 55073
14889 54049
14890 2408
14891 65376
14892 57696
14893 25377
14894 27488
14895 57792
14896 17156
14897 50016
14898 40752
14899 54800
14900 58346
14901 55840
14902 58346
14903 58216
14904 49920
14905 58153
14906 3605
14907 11793
14908 16714
14909 25417
14910 55096
14911 58210
14912 26953
14913 58129
14914 28177
14915 18766
14916 58312
14917 18763
14918 56864
14919 39968
14920 39480
14921 17184
14922 40509
14923 49920
14924 55844
14925 49680
14926 20264
14927 28177
14928 51560
14929 19233
14930 54840
14931 40232
14932 53904
14933 39712
14934 17208
14935 19233
14936 35112
14937 39712
14938 2872
14939 2592
14940 58314
14941 19233
14942 55096
14943 49960
14944 53776
14945 18762
14946 19240
14947 40496
14948 16714
14949 2848
14950 2848
14951 18760
14952 27153
14953 28181
14954 53788
14955 2408
14956 55080
14957 21029
14958 53904
14959 58336
14960 59872
14961 57826
14962 58346
14963 58336
14964 58346
14965 57826
14966 27497
14967 51984
14968 51985
14969 49920
14970 58346
14971 25344
14972 58336
14973 53904
14974 53776
14975 58344
14976 2336
14977 27425
14978 18793
14979 2408
14980 27584
14981 19232
14982 40504
14983 58346
14984 51744
14985 56120
14986 57824
14987 54056
14988 54049
14989 58314
14990 16900
14991 19233
14992 18762
14993 60193
14994 40504
14995 2408
14996 60232
14997 18980
14998 55856
14999 25441
15000 49921
15001 18689
15002 17200
15003 37688
15004 60352
15005 60192
15006 51561
15007 54049
15008 16928
15009 59840
15010 27424
15011 58314
15012 64488
15013 2592
15014 58346
15015 16933
15016 2340
15017 49953
15018 59233
15019 51563
15020 58145
15021 17224
15022 60257
15023 58344
15024 49952
15025 58315
15026 60360
15027 53252
15028 57128
15029 60192
15030 28181
15031 58346
15032 19241
15033 55844
15034 55080
15035 57826
15036 19233
15037 58346
15038 57826
15039 59842
15040 27616
15041 58176
15042 58346
15043 54048
15044 27489
15045 39968
15046 27425
15047 60384
15048 16548
15049 58314
15050 60360
15051 17185
15052 28433
15053 58344
15054 18761
15055 58314
15056 27393
15057 7464
15058 57120
15059 57128
15060 17060
15061 64488
15062 58336
15063 19104
15064 54049
15065 58144
15066 27393
15067 58314
15068 59177
15069 58312
15070 57824
15071 58208
15072 40736
15073 55073
15074 2409
15075 55840
15076 55081
15077 40496
15078 6432
15079 40509
15080 2400
15081 19201
15082 39720
15083 18763
15084 18761
15085 40480
15086 60193
15087 19232
15088 60232
15089 17208
15090 18691
15091 16730
15092 60224
15093 18945
15094 58216
15095 27393
15096 2409
15097 27584
15098 58145
15099 18980
15100 57802
15101 54040
15102 27403
15103 28177
15104 58345
15105 17060
15106 51563
15107 60161
15108 57824
15109 49928
15110 27153
15111 58312
15112 40480
15113 63336
15114 60160
15115 19232
15116 55140
15117 60256
15118 61792
15119 58312
15120 58210
15121 58185
15122 60360
15123 60201
15124 54056
15125 27392
15126 2400
15127 58314
15128 58153
15129 59872
15130 58208
15131 54056
15132 58145
15133 64488
15134 59872
15135 28177
15136 16932
15137 25368
15138 17184
15139 58336
15140 54032
15141 60161
15142 49960
15143 25441
15144 19201
15145 39968
15146 59874
15147 17156
15148 64288
15149 57802
15150 19232
15151 60160
15152 53608
15153 60257
15154 19241
15155 62304
15156 58314
15157 16714
15158 19232
15159 25369
15160 7464
15161 54840
15162 16912
15163 57824
15164 54072
15165 17185
15166 2581
15167 11793
15168 61225
15169 53776
15170 16932
15171 53776
15172 10773
15173 28489
15174 17040
15175 28177
15176 2857
15177 16730
15178 2408
15179 19209
15180 56096
15181 56104
15182 36640
15183 27425
15184 52000
15185 54032
15186 39968
15187 54032
15188 16730
15189 2857
15190 40496
15191 2408
15192 58314
15193 38712
15194 54052
15195 58152
15196 57121
15197 58128
15198 17185
15199 25345
15200 56104
15201 49944
15202 27393
15203 57826
15204 58346
15205 27464
15206 18468
15207 39472
15208 61792
15209 58336
15210 58346
15211 40480
15212 27393
15213 25344
15214 18762
15215 60352
15216 60384
15217 58344
15218 58346
15219 58338
15220 60360
15221 54056
15222 60233
15223 27496
15224 28177
15225 16932
15226 54072
15227 60200
15228 27425
15229 16932
15230 54056
15231 62304
15232 56616
15233 18721
15234 18761
15235 60160
15236 38688
15237 49952
15238 2408
15239 19233
15240 60160
15241 55081
15242 792
15243 49953
15244 60160
15245 18720
15246 2409
15247 60224
15248 27616
15249 27424
15250 18763
15251 18980
15252 19104
15253 49952
15254 62248
15255 18761
15256 55840
15257 19241
15258 2376
15259 2856
15260 2400
15261 52008
15262 54048
15263 18760
15264 57824
15265 18980
15266 17156
15267 56120
15268 27153
15269 58315
15270 18762
15271 19237
15272 19256
15273 25377
15274 50016
15275 19104
15276 40232
15277 52009
15278 60193
15279 18720
15280 57129
15281 49960
15282 60264
15283 18721
15284 52001
15285 58144
15286 49952
15287 52001
15288 27425
15289 58338
15290 27393
15291 59872
15292 18699
15293 58314
15294 58145
15295 18980
15296 58312
15297 27456
15298 2852
15299 57824
15300 54056
15301 19240
15302 57824
15303 64289
15304 16932
15305 19248
15306 17185
15307 18980
15308 6688
15309 57129
15310 28177
15311 27488
15312 27456
15313 19200
15314 19200
15315 49936
15316 58340
15317 58312
15318 60192
15319 16932
15320 16932
15321 57826
15322 18980
15323 60256
15324 27456
15325 58216
15326 54056
15327 27489
15328 39264
15329 2849
15330 54056
15331 58144
15332 52001
15333 58312
15334 58312
15335 2408
15336 40480
15337 58346
15338 52000
15339 27393
15340 17028
15341 58346
15342 27432
15343 18980
15344 61217
15345 49953
15346 2409
15347 55073
15348 27425
15349 26953
15350 27392
15351 58314
15352 60161
15353 54072
15354 19216
15355 56616
15356 26401
15357 63273
15358 40505
15359 27425
15360 49968
15361 60392
15362 60192
15363 58346
15364 58346
15365 27457
15366 58346
15367 39208
15368 57120
15369 50016
15370 57834
15371 64289
15372 53808
15373 49928
15374 39264
15375 58145
15376 52008
15377 27424
15378 17028
15379 58121
15380 16932
15381 17184
15382 27496
15383 49952
15384 58314
15385 62440
15386 54064
15387 27392
15388 57796
15389 40736
15390 57826
15391 27392
15392 18980
15393 60192
15394 57824
15395 17153
15396 52008
15397 49952
15398 58145
15399 40232
15400 27425
15401 50977
15402 55844
15403 55080
15404 6432
15405 58312
15406 58314
15407 60200
15408 49960
15409 19201
15410 58145
15411 2409
15412 39712
15413 56608
15414 57796
15415 52001
15416 17316
15417 61968
15418 58346
15419 54072
15420 54056
15421 40505
15422 27153
15423 18793
15424 25417
15425 54800
15426 18763
15427 2344
15428 27465
15429 59840
15430 19240
15431 18762
15432 18763
15433 58304
15434 40504
15435 51969
15436 25361
15437 40744
15438 21008
15439 2849
15440 58152
15441 56888
15442 56376
15443 39736
15444 54832
15445 57826
15446 2848
15447 54072
15448 49936
15449 55072
15450 21008
15451 39224
15452 19216
15453 54057
15454 61225
15455 27458
15456 55096
15457 58176
15458 27153
15459 17156
15460 57826
15461 16421
15462 58208
15463 58344
15464 27392
15465 17040
15466 39264
15467 17060
15468 58145
15469 60384
15470 49921
15471 55840
15472 58336
15473 58346
15474 49952
15475 11797
15476 60352
15477 63272
15478 18724
15479 39264
15480 18763
15481 60264
15482 40736
15483 25360
15484 21008
15485 59840
15486 60384
15487 52000
15488 25361
15489 58313
15490 40744
15491 27433
15492 2848
15493 27488
15494 60384
15495 28489
15496 38944
15497 19274
15498 2408
15499 17184
15500 50977
15501 2849
15502 19232
15503 28513
15504 35104
15505 52009
15506 27456
15507 19232
15508 18762
15509 19273
15510 27528
15511 17156
15512 58312
15513 17248
15514 60360
15515 58144
15516 51563
15517 40736
15518 19201
15519 11793
15520 49952
15521 63328
15522 54032
15523 27528
15524 58346
15525 58336
15526 63265
15527 57826
15528 49976
15529 25418
15530 27465
15531 54064
15532 55073
15533 59169
15534 18763
15535 58144
15536 27393
15537 16714
15538 58312
15539 61792
15540 28177
15541 18980
15542 27497
15543 17153
15544 55064
15545 27425
15546 19241
15547 25369
15548 18762
15549 57120
15550 19209
15551 17316
15552 58144
15553 55072
15554 53024
15555 58144
15556 58212
15557 27425
15558 58338
15559 39456
15560 27424
15561 49956
15562 58346
15563 58208
15564 49952
15565 58176
15566 58340
15567 39968
15568 49968
15569 57824
15570 17152
15571 58344
15572 58144
15573 49944
15574 58314
15575 6432
15576 58336
15577 58314
15578 18762
15579 60352
15580 58113
15581 58346
15582 62249
15583 17184
15584 60384
15585 39272
15586 27456
15587 58345
15588 16714
15589 59840
15590 18762
15591 18980
15592 60201
15593 57121
15594 2400
15595 18217
15596 40232
15597 18688
15598 27456
15599 51563
15600 49952
15601 39200
15602 59842
15603 17188
15604 64288
15605 62240
15606 27497
15607 18760
15608 19233
15609 57826
15610 58112
15611 25417
15612 57144
15613 58212
15614 49813
15615 17185
15616 58313
15617 39968
15618 49953
15619 18596
15620 58120
15621 58346
15622 39200
15623 28177
15624 27393
15625 27432
15626 57824
15627 53796
15628 63265
15629 18980
15630 58113
15631 57794
15632 17184
15633 49953
15634 27401
15635 60360
15636 55608
15637 58336
15638 27457
15639 19272
15640 59842
15641 57826
15642 57792
15643 39264
15644 52000
15645 58212
15646 58337
15647 58176
15648 58314
15649 49961
15650 27456
15651 54057
15652 58345
15653 18762
15654 55096
15655 54057
15656 58346
15657 21029
15658 25109
15659 55080
15660 55073
15661 53776
15662 2720
15663 58176
15664 25377
15665 18699
15666 58315
15667 18980
15668 57120
15669 58187
15670 17184
15671 25368
15672 27393
15673 56888
15674 54832
15675 54840
15676 64488
15677 17168
15678 55088
15679 51744
15680 49680
15681 53776
15682 39736
15683 58144
15684 39968
15685 62224
15686 18762
15687 18761
15688 55856
15689 53776
15690 19232
15691 39480
15692 19225
15693 18763
15694 2408
15695 28177
15696 60193
15697 27433
15698 49953
15699 58346
15700 51992
15701 62240
15702 19200
15703 57796
15704 26401
15705 16933
15706 58208
15707 63336
15708 28177
15709 27616
15710 27457
15711 58315
15712 58347
15713 59744
15714 60360
15715 3605
15716 18763
15717 58129
15718 60384
15719 59177
15720 40736
15721 54072
15722 58208
15723 26385
15724 2409
15725 28177
15726 2592
15727 59169
15728 55656
15729 50976
15730 18980
15731 51968
15732 7464
15733 50016
15734 59168
15735 2408
15736 57826
15737 27489
15738 2400
15739 18766
15740 19273
15741 18784
15742 19232
15743 16714
15744 39208
15745 58314
15746 2400
15747 27424
15748 27425
15749 17192
15750 19209
15751 824
15752 62312
15753 55096
15754 17226
15755 54056
15756 60160
15757 55072
15758 27432
15759 18760
15760 27401
15761 61281
15762 39208
15763 25344
15764 56096
15765 56096
15766 18976
15767 55592
15768 40736
15769 19209
15770 59177
15771 18699
15772 19361
15773 49928
15774 18980
15775 18761
15776 18763
15777 49968
15778 19216
15779 40224
15780 28177
15781 18724
15782 59744
15783 54049
15784 25419
15785 35384
15786 55073
15787 54072
15788 18762
15789 49960
15790 39456
15791 53776
15792 55656
15793 2400
15794 59168
15795 49952
15796 57128
15797 51969
15798 49953
15799 19208
15800 27400
15801 58121
15802 19233
15803 25377
15804 58314
15805 39968
15806 58340
15807 56097
15808 52000
15809 27520
15810 58313
15811 60360
15812 51563
15813 27409
15814 27592
15815 17185
15816 58208
15817 58113
15818 60225
15819 39208
15820 27458
15821 17156
15822 58347
15823 65376
15824 18217
15825 17185
15826 58346
15827 2408
15828 49960
15829 28161
15830 58314
15831 55840
15832 21028
15833 18980
15834 16932
15835 27400
15836 58346
15837 58145
15838 18762
15839 17185
15840 58184
15841 59872
15842 54072
15843 17192
15844 58336
15845 49952
15846 58344
15847 54072
15848 58312
15849 56104
15850 40736
15851 19209
15852 57826
15853 25416
15854 17224
15855 59712
15856 19274
15857 2376
15858 58346
15859 27488
15860 17192
15861 60200
15862 18980
15863 16917
15864 58336
15865 18762
15866 19209
15867 58144
15868 53792
15869 57121
15870 51985
15871 55080
15872 2409
15873 28177
15874 62241
15875 64289
15876 54049
15877 18724
15878 60192
15879 54056
15880 51977
15881 49961
15882 52001
15883 56097
15884 58344
15885 27458
15886 58144
15887 55656
15888 58144
15889 17185
15890 19232
15891 58337
15892 2528
15893 19209
15894 18793
15895 58346
15896 49953
15897 58336
15898 58312
15899 2336
15900 39264
15901 51563
15902 58312
15903 18980
15904 18976
15905 55064
15906 25376
15907 18760
15908 58314
15909 58346
15910 56097
15911 2408
15912 58312
15913 52000
15914 49952
15915 63265
15916 58346
15917 39968
15918 58346
15919 52000
15920 58120
15921 17029
15922 60360
15923 58144
15924 49952
15925 58345
15926 63328
15927 53025
15928 19232
15929 39272
15930 58144
15931 58336
15932 58338
15933 54832
15934 58209
15935 52000
15936 18763
15937 25417
15938 60384
15939 39712
15940 17226
15941 27465
15942 2616
15943 56888
15944 56105
15945 52000
15946 7464
15947 58314
15948 58128
15949 39968
15950 54840
15951 54800
15952 39720
15953 49936
15954 37400
15955 19232
15956 35384
15957 58346
15958 20257
15959 2408
15960 56892
15961 19274
15962 54832
15963 53808
15964 58314
15965 53808
15966 28489
15967 49952
15968 18217
15969 54040
15970 25376
15971 49952
15972 40480
15973 19216
15974 25377
15975 20256
15976 25361
15977 19233
15978 64488
15979 54072
15980 52000
15981 26955
15982 62240
15983 39720
15984 62304
15985 25376
15986 17168
15987 53776
15988 27584
15989 58336
15990 53904
15991 54072
15992 26401
15993 58346
15994 39224
15995 51968
15996 64488
15997 35104
15998 18980
15999 2400
16000 18763
16001 19200
16002 49961
16003 2849
16004 21281
16005 40480
16006 19209
16007 55096
16008 58145
16009 58210
16010 63336
16011 27417
16012 40505
16013 58113
16014 7464
16015 17156
16016 25377
16017 55840
16018 58144
16019 18766
16020 18792
16021 27416
16022 18763
16023 58145
16024 16420
16025 60193
16026 27458
16027 27403
16028 16714
16029 58121
16030 54049
16031 18763
16032 19209
16033 49920
16034 18793
16035 35112
16036 54049
16037 40224
16038 20233
16039 2336
16040 49936
16041 27425
16042 27393
16043 39720
16044 19232
16045 18593
16046 54049
16047 58314
16048 62248
16049 52008
16050 2400
16051 19225
16052 17184
16053 27392
16054 17185
16055 25360
16056 51000
16057 19232
16058 18217
16059 19273
16060 27424
16061 49921
16062 58312
16063 17185
16064 28489
16065 27424
16066 57792
16067 60256
16068 19273
16069 40496
16070 58312
16071 59712
16072 19248
16073 53781
16074 51985
16075 57824
16076 57824
16077 59169
16078 58346
16079 17185
16080 57834
16081 59840
16082 27072
16083 49961
16084 16901
16085 27584
16086 19232
16087 40480
16088 60392
16089 55073
16090 57824
16091 56888
16092 62304
16093 58120
16094 53608
16095 49952
16096 27488
16097 19200
16098 58144
16099 59176
16100 19232
16101 36640
16102 19108
16103 56376
16104 49952
16105 19240
16106 57826
16107 54049
16108 58315
16109 58314
16110 56105
16111 53608
16112 35104
16113 40224
16114 49956
16115 2856
16116 58338
16117 58208
16118 27072
16119 25418
16120 60233
16121 52000
16122 54048
16123 39224
16124 58314
16125 63273
16126 56104
16127 27584
16128 18592
16129 27465
16130 58344
16131 18763
16132 18762
16133 54057
16134 60192
16135 54072
16136 40224
16137 40480
16138 18468
16139 54048
16140 54057
16141 52000
16142 25385
16143 2409
16144 58145
16145 19232
16146 40496
16147 52008
16148 18793
16149 60192
16150 58312
16151 58346
16152 16421
16153 58145
16154 58314
16155 27584
16156 54049
16157 62241
16158 40509
16159 51977
16160 54056
16161 60352
16162 58344
16163 58312
16164 59874
16165 27520
16166 18980
16167 19200
16168 56097
16169 39472
16170 57826
16171 59872
16172 55088
16173 58344
16174 58344
16175 56105
16176 27072
16177 27072
16178 58337
16179 58337
16180 59744
16181 52001
16182 27457
16183 57834
16184 56097
16185 54064
16186 51560
16187 54048
16188 63329
16189 18980
16190 58346
16191 2849
16192 18763
16193 49945
16194 58346
16195 17028
16196 39968
16197 60352
16198 58314
16199 18724
16200 58344
16201 49961
16202 63272
16203 51985
16204 18792
16205 58346
16206 39720
16207 39968
16208 58211
16209 27552
16210 58144
16211 38448
16212 58312
16213 58336
16214 17224
16215 18699
16216 61968
16217 58312
16218 40232
16219 63296
16220 27464
16221 18976
16222 2856
16223 51744
16224 55056
16225 55656
16226 58208
16227 54832
16228 38688
16229 17152
16230 39208
16231 17168
16232 40505
16233 49960
16234 18762
16235 39480
16236 55081
16237 59168
16238 57120
16239 58129
16240 27153
16241 18761
16242 52024
16243 53776
16244 28177
16245 54049
16246 25443
16247 25443
16248 58312
16249 60192
16250 62240
16251 19232
16252 58344
16253 27153
16254 27425
16255 28448
16256 39272
16257 49928
16258 56097
16259 58315
16260 17160
16261 59872
16262 58344
16263 28433
16264 25408
16265 18689
16266 58314
16267 18721
16268 25440
16269 55096
16270 17160
16271 39968
16272 17192
16273 18766
16274 52000
16275 17168
16276 25344
16277 17316
16278 18980
16279 58208
16280 2377
16281 58208
16282 55072
16283 56097
16284 39976
16285 19233
16286 19233
16287 59233
16288 49960
16289 55072
16290 19233
16291 40232
16292 58314
16293 58145
16294 27424
16295 39968
16296 11797
16297 52001
16298 16714
16299 27424
16300 58144
16301 57121
16302 17152
16303 2376
16304 2336
16305 2584
16306 51563
16307 58209
16308 18763
16309 56097
16310 54049
16311 2376
16312 27417
16313 40480
16314 2376
16315 11797
16316 19224
16317 2376
16318 27425
16319 25345
16320 58314
16321 18980
16322 56616
16323 56105
16324 52001
16325 54049
16326 27417
16327 58144
16328 39200
16329 16730
16330 39200
16331 19209
16332 39976
16333 25370
16334 51968
16335 25384
16336 18763
16337 53776
16338 53608
16339 19275
16340 19237
16341 18762
16342 18763
16343 18762
16344 58145
16345 2916
16346 25384
16347 17184
16348 56096
16349 16917
16350 62440
16351 17184
16352 18763
16353 11797
16354 57826
16355 39272
16356 58144
16357 18762
16358 17188
16359 27425
16360 58346
16361 49956
16362 27528
16363 58314
16364 58217
16365 39200
16366 57824
16367 53608
16368 27497
16369 60256
16370 54072
16371 55073
16372 40480
16373 58314
16374 16912
16375 59842
16376 17192
16377 58338
16378 58145
16379 19108
16380 18945
16381 39472
16382 58306
16383 50984
16384 58346
16385 18945
16386 55844
16387 58208
16388 58314
16389 58314
16390 2608
16391 27393
16392 17193
16393 49953
16394 58346
16395 54056
16396 17160
16397 58338
16398 27584
16399 53544
16400 27616
16401 2864
16402 27456
16403 59744
16404 17185
16405 19108
16406 58338
16407 27520
16408 58346
16409 21008
16410 58314
16411 2848
16412 18766
16413 2408
16414 18762
16415 49953
16416 18762
16417 58313
16418 25376
16419 63273
16420 58344
16421 18980
16422 18763
16423 58144
16424 27425
16425 57826
16426 40488
16427 58208
16428 19233
16429 17224
16430 49936
16431 27458
16432 58346
16433 18688
16434 49944
16435 25376
16436 55080
16437 49960
16438 19232
16439 52000
16440 58176
16441 49952
16442 60384
16443 17160
16444 17185
16445 39968
16446 58344
16447 59840
16448 25408
16449 40224
16450 27552
16451 18980
16452 60360
16453 52000
16454 25440
16455 51969
16456 54072
16457 18980
16458 52001
16459 27616
16460 55080
16461 27392
16462 27424
16463 49953
16464 27425
16465 59872
16466 52009
16467 17316
16468 18980
16469 2856
16470 40224
16471 58315
16472 27489
16473 55073
16474 27489
16475 60256
16476 27456
16477 54048
16478 27553
16479 56888
16480 60201
16481 19201
16482 19232
16483 25376
16484 54800
16485 60360
16486 26953
16487 57120
16488 58312
16489 18592
16490 54048
16491 49680
16492 25360
16493 55072
16494 49680
16495 2344
16496 56872
16497 58314
16498 49936
16499 26385
16500 53776
16501 17168
16502 16912
16503 40504
16504 40505
16505 58304
16506 39472
16507 55096
16508 28448
16509 58346
16510 39968
16511 56097
16512 56864
16513 54056
16514 40736
16515 26401
16516 17153
16517 18761
16518 18697
16519 16714
16520 18980
16521 17192
16522 11793
16523 63264
16524 58346
16525 58144
16526 25376
16527 49953
16528 57826
16529 59168
16530 49968
16531 17060
16532 58144
16533 16932
16534 59744
16535 16932
16536 28161
16537 58312
16538 59872
16539 25376
16540 16932
16541 17176
16542 58336
16543 58315
16544 58347
16545 27417
16546 56376
16547 18980
16548 49952
16549 27456
16550 58208
16551 19216
16552 38704
16553 60192
16554 54049
16555 49953
16556 54056
16557 62304
16558 19233
16559 19201
16560 59872
16561 11797
16562 54048
16563 54048
16564 39264
16565 18980
16566 62240
16567 17184
16568 2376
16569 17227
16570 60192
16571 18763
16572 2408
16573 2409
16574 19233
16575 27456
16576 18691
16577 2376
16578 56096
16579 2408
16580 18761
16581 28177
16582 56104
16583 58208
16584 19208
16585 27153
16586 52009
16587 55073
16588 16714
16589 51561
16590 27425
16591 19209
16592 58209
16593 2409
16594 54056
16595 17185
16596 2408
16597 58144
16598 35384
16599 2408
16600 49952
16601 2584
16602 18980
16603 52000
16604 61216
16605 17185
16606 18763
16607 18760
16608 18763
16609 52001
16610 54056
16611 2408
16612 40477
16613 58208
16614 19274
16615 27464
16616 19233
16617 59712
16618 39968
16619 60392
16620 27465
16621 18761
16622 58346
16623 49976
16624 18763
16625 58346
16626 11793
16627 62305
16628 18762
16629 25345
16630 54056
16631 18762
16632 26953
16633 27465
16634 19256
16635 53788
16636 52000
16637 58120
16638 52000
16639 58209
16640 55072
16641 7456
16642 19273
16643 58144
16644 58346
16645 17185
16646 58145
16647 28177
16648 18981
16649 58187
16650 19233
16651 55072
16652 27424
16653 52009
16654 60192
16655 56104
16656 25353
16657 18980
16658 60352
16659 58338
16660 56105
16661 54048
16662 19224
16663 19232
16664 52000
16665 58209
16666 58313
16667 27457
16668 58144
16669 58313
16670 54048
16671 58312
16672 17185
16673 54049
16674 27458
16675 2408
16676 58113
16677 39208
16678 18980
16679 58144
16680 40736
16681 63265
16682 58314
16683 60384
16684 60384
16685 58145
16686 58346
16687 56105
16688 18763
16689 58314
16690 49952
16691 27425
16692 26401
16693 19233
16694 52000
16695 25377
16696 39720
16697 57826
16698 39264
16699 40224
16700 19233
16701 58208
16702 58346
16703 58336
16704 58338
16705 62440
16706 60384
16707 25408
16708 16730
16709 19233
16710 62304
16711 27520
16712 55080
16713 58336
16714 57834
16715 25345
16716 18762
16717 19236
16718 52001
16719 54049
16720 58312
16721 27488
16722 18792
16723 58336
16724 54049
16725 18976
16726 17156
16727 18793
16728 63272
16729 58144
16730 18763
16731 57826
16732 49944
16733 19273
16734 58344
16735 50016
16736 58187
16737 28449
16738 58113
16739 25370
16740 18763
16741 56120
16742 19225
16743 61216
16744 16714
16745 16933
16746 58344
16747 2864
16748 62248
16749 27392
16750 21281
16751 56097
16752 49953
16753 58336
16754 40480
16755 25377
16756 49976
16757 54049
16758 40496
16759 19240
16760 54048
16761 28177
16762 27458
16763 56096
16764 53544
16765 58184
16766 25385
16767 58346
16768 58338
16769 60160
16770 58346
16771 59177
16772 19200
16773 27497
16774 63265
16775 59840
16776 52000
16777 59872
16778 17184
16779 54049
16780 57826
16781 58346
16782 40736
16783 57826
16784 62241
16785 58216
16786 49953
16787 53816
16788 49953
16789 28161
16790 58145
16791 18763
16792 26464
16793 58314
16794 19232
16795 58344
16796 52009
16797 49960
16798 50016
16799 27497
16800 19200
16801 18980
16802 25440
16803 19273
16804 58112
16805 50977
16806 62240
16807 27584
16808 39456
16809 27552
16810 27458
16811 59872
16812 59874
16813 58144
16814 27457
16815 50984
16816 55072
16817 27432
16818 58184
16819 27584
16820 18980
16821 19200
16822 57696
16823 27393
16824 2408
16825 39208
16826 19232
16827 49921
16828 54048
16829 58312
16830 18980
16831 2400
16832 60192
16833 2976
16834 19232
16835 18761
16836 27425
16837 56880
16838 61281
16839 27424
16840 50992
16841 58314
16842 53776
16843 2592
16844 54040
16845 17185
16846 2581
16847 33592
16848 19273
16849 56872
16850 56880
16851 28177
16852 11793
16853 40224
16854 59209
16855 27520
16856 56104
16857 18762
16858 49944
16859 33560
16860 36640
16861 56872
16862 25361
16863 53776
16864 2408
16865 57826
16866 53776
16867 58314
16868 53776
16869 19256
16870 54048
16871 55096
16872 56888
16873 28417
16874 40224
16875 54048
16876 40504
16877 39712
16878 39456
16879 39968
16880 52000
16881 60192
16882 49953
16883 40505
16884 17028
16885 25345
16886 59169
16887 27400
16888 40232
16889 53808
16890 16900
16891 19232
16892 792
16893 18980
16894 2408
16895 19256
16896 26384
16897 53776
16898 59232
16899 16932
16900 62240
16901 57826
16902 27153
16903 58208
16904 19232
16905 19200
16906 40224
16907 25416
16908 60160
16909 39712
16910 58177
16911 52000
16912 53776
16913 39208
16914 28177
16915 27424
16916 49920
16917 17184
16918 58304
16919 58336
16920 53776
16921 16896
16922 58336
16923 27457
16924 58312
16925 11793
16926 56104
16927 49960
16928 60384
16929 28177
16930 54048
16931 49953
16932 16714
16933 57802
16934 49952
16935 58312
16936 53776
16937 2336
16938 17156
16939 18217
16940 65376
16941 58144
16942 19200
16943 19233
16944 16932
16945 18980
16946 54048
16947 25377
16948 19275
16949 55096
16950 25416
16951 49952
16952 19201
16953 17200
16954 54049
16955 58144
16956 39224
16957 54048
16958 54056
16959 25536
16960 17185
16961 25370
16962 18762
16963 27401
16964 40505
16965 2409
16966 28177
16967 61281
16968 58312
16969 19248
16970 56097
16971 57128
16972 57796
16973 56096
16974 38968
16975 55096
16976 54056
16977 18763
16978 7464
16979 18762
16980 18762
16981 59842
16982 17184
16983 17152
16984 28448
16985 62241
16986 62241
16987 18763
16988 54072
16989 16712
16990 58144
16991 37688
16992 16714
16993 18793
16994 19209
16995 16917
16996 58346
16997 18980
16998 2400
16999 58145
17000 18720
17001 18763
17002 2584
17003 25344
17004 40744
17005 39272
17006 54049
17007 19274
17008 60193
17009 18760
17010 27489
17011 18784
17012 55088
17013 18760
17014 19232
17015 49482
17016 64488
17017 58210
17018 25376
17019 25344
17020 27392
17021 16933
17022 16548
17023 59169
17024 18721
17025 40744
17026 52001
17027 40224
17028 19201
17029 51968
17030 58112
17031 18763
17032 18763
17033 19225
17034 51560
17035 16714
17036 39968
17037 2616
17038 19273
17039 7464
17040 18763
17041 39968
17042 39968
17043 53808
17044 58314
17045 11793
17046 25377
17047 18761
17048 17226
17049 19241
17050 2581
17051 18763
17052 54049
17053 50992
17054 18980
17055 40480
17056 18762
17057 49953
17058 51977
17059 58346
17060 19273
17061 58346
17062 62304
17063 19233
17064 58144
17065 53796
17066 19232
17067 2581
17068 25376
17069 57097
17070 27393
17071 49952
17072 50016
17073 39968
17074 18980
17075 58144
17076 17184
17077 2340
17078 17185
17079 58208
17080 11793
17081 16676
17082 17184
17083 58338
17084 27616
17085 18977
17086 19232
17087 62241
17088 19240
17089 58176
17090 58340
17091 27424
17092 58312
17093 25418
17094 53904
17095 59872
17096 54056
17097 49960
17098 25353
17099 25568
17100 53764
17101 58304
17102 58217
17103 58314
17104 28177
17105 49813
17106 58153
17107 18762
17108 27488
17109 16896
17110 49952
17111 28417
17112 58144
17113 27416
17114 18980
17115 27425
17116 26384
17117 52000
17118 58315
17119 39968
17120 49952
17121 58337
17122 49952
17123 25385
17124 17192
17125 11793
17126 58113
17127 62248
17128 60384
17129 49961
17130 25443
17131 58145
17132 55073
17133 60193
17134 40736
17135 49952
17136 39976
17137 55076
17138 49952
17139 64488
17140 54048
17141 27425
17142 57824
17143 59872
17144 19201
17145 40504
17146 53608
17147 58144
17148 59744
17149 62312
17150 39208
17151 60360
17152 58336
17153 55096
17154 26401
17155 49920
17156 60352
17157 18980
17158 58145
17159 58209
17160 25440
17161 2408
17162 49952
17163 37656
17164 60225
17165 27458
17166 39272
17167 58336
17168 64289
17169 18980
17170 38456
17171 19272
17172 61217
17173 18760
17174 58153
17175 18688
17176 57826
17177 49680
17178 18980
17179 18980
17180 28177
17181 54049
17182 28177
17183 60160
17184 58217
17185 16901
17186 38944
17187 3605
17188 18763
17189 57802
17190 18688
17191 58144
17192 49952
17193 58145
17194 51969
17195 3605
17196 17156
17197 28161
17198 51968
17199 58209
17200 27584
17201 39480
17202 53032
17203 54056
17204 57696
17205 54056
17206 58112
17207 60225
17208 54072
17209 62241
17210 56376
17211 25344
17212 40480
17213 17184
17214 49813
17215 17184
17216 2856
17217 57824
17218 58344
17219 28433
17220 53796
17221 49960
17222 51976
17223 18217
17224 53776
17225 39456
17226 58346
17227 58144
17228 2409
17229 18763
17230 59874
17231 54049
17232 17156
17233 18980
17234 55072
17235 58344
17236 58121
17237 39968
17238 17160
17239 51968
17240 49968
17241 54056
17242 55136
17243 17316
17244 54832
17245 57796
17246 57794
17247 60193
17248 60384
17249 40480
17250 57120
17251 39968
17252 27584
17253 58144
17254 58145
17255 58312
17256 27489
17257 59874
17258 57794
17259 52000
17260 40224
17261 57826
17262 52000
17263 58304
17264 58212
17265 55608
17266 39720
17267 57826
17268 54057
17269 25377
17270 58336
17271 58336
17272 58113
17273 18980
17274 58340
17275 53792
17276 39736
17277 58112
17278 27592
17279 19236
17280 58208
17281 16714
17282 58346
