Point_ID Label
0 54064
1 18976
2 40224
3 60233
4 17168
5 18980
6 49920
7 2592
8 27425
9 40480
10 56104
11 18980
12 50976
13 58185
14 55072
15 18945
16 58209
17 17168
18 58144
19 17168
20 25417
21 27465
22 54049
23 25352
24 25417
25 18980
26 18980
27 18976
28 25376
29 25417
30 18980
31 40736
32 18980
33 19208
34 18980
35 25417
36 25417
37 17169
38 60233
39 25441
40 18980
41 18980
42 49968
43 53540
44 18980
45 49953
46 40224
47 60233
48 19225
49 59176
50 23328
51 25417
52 54057
53 25417
54 53284
55 17184
56 18980
57 25417
58 25417
59 40224
60 54060
61 25416
62 49952
63 53792
64 17185
65 40224
66 17184
67 56356
68 18976
69 18980
70 18980
71 18980
72 57120
73 18980
74 54017
75 60232
76 18976
77 18980
78 53284
79 55332
80 18976
81 53284
82 18980
83 18980
84 18980
85 28449
86 55332
87 60233
88 18976
89 60233
90 18980
91 51744
92 18976
93 39972
94 51744
95 18980
96 52001
97 18980
98 18980
99 18980
100 60201
101 27424
102 18980
103 18980
104 19216
105 17060
106 52000
107 27417
108 18980
109 40232
110 21024
111 17200
112 49952
113 55097
114 28489
115 19200
116 19233
117 58185
118 25417
119 19200
120 49976
121 21024
122 25353
123 56864
124 55840
125 49920
126 25377
127 60233
128 25416
129 49700
130 60233
131 27417
132 17184
133 27417
134 56356
135 56608
136 18980
137 56097
138 27465
139 18980
140 18980
141 18980
142 27409
143 16932
144 39968
145 17188
146 2592
147 40224
148 25376
149 17184
150 53032
151 52000
152 26369
153 58185
154 18980
155 25417
156 18980
157 58184
158 58185
159 18980
160 25417
161 27489
162 18980
163 18980
164 17060
165 56612
166 18980
167 58152
168 18980
169 60193
170 50976
171 53024
172 16929
173 18980
174 16932
175 18980
176 60192
177 18977
178 25345
179 60264
180 58185
181 58120
182 56097
183 18980
184 51744
185 27417
186 25417
187 58185
188 25417
189 27465
190 25417
191 53284
192 58185
193 16928
194 58185
195 58153
196 19104
197 27497
198 39968
199 18980
200 54017
201 49952
202 61224
203 18980
204 27417
205 54048
206 58185
207 18976
208 53540
209 25417
210 60233
211 27409
212 18980
213 58185
214 18976
215 49936
216 25361
217 17184
218 56097
219 18980
220 27400
221 27417
222 19104
223 17161
224 27409
225 60233
226 17161
227 18980
228 18980
229 27417
230 18980
231 25417
232 27497
233 49936
234 18976
235 17200
236 54048
237 55332
238 17184
239 2848
240 55081
241 25417
242 57128
243 59233
244 25417
245 18976
246 40224
247 26369
248 25417
249 56096
250 25417
251 18980
252 40224
253 17184
254 54052
255 54016
256 40736
257 60233
258 60193
259 27417
260 17152
261 19248
262 50976
263 18980
264 18980
265 25417
266 58185
267 27465
268 58144
269 54048
270 18977
271 27417
272 60233
273 59177
274 60168
275 27417
276 56612
277 58185
278 25361
279 17200
280 18980
281 58216
282 27417
283 25417
284 40224
285 40224
286 18980
287 39968
288 16932
289 18980
290 27465
291 26377
292 18980
293 53284
294 27393
295 18980
296 58209
297 49953
298 25361
299 52000
300 18980
301 40736
302 18980
303 54048
304 39968
305 56612
306 58185
307 19232
308 61216
309 55840
310 18980
311 17177
312 60265
313 21280
314 58185
315 54057
316 49976
317 58152
318 27457
319 54056
320 27465
321 19233
322 40480
323 17168
324 18976
325 27465
326 39972
327 27409
328 17168
329 56105
330 25416
331 49960
332 58185
333 17184
334 52009
335 27465
336 18980
337 56616
338 25361
339 23336
340 58313
341 49920
342 56097
343 18977
344 17184
345 27417
346 25417
347 25417
348 25377
349 55840
350 40224
351 25368
352 55588
353 40744
354 58185
355 18976
356 16912
357 17184
358 18980
359 18980
360 27425
361 53540
362 49953
363 18980
364 39456
365 18976
366 17185
367 26441
368 63328
369 17168
370 59145
371 25417
372 53284
373 16932
374 39972
375 18976
376 56608
377 63265
378 27409
379 27409
380 17200
381 17184
382 54057
383 18980
384 25369
385 58185
386 25345
387 25376
388 56612
389 25344
390 17184
391 18980
392 55332
393 39968
394 53025
395 2592
396 40224
397 40228
398 18980
399 49952
400 16912
401 18980
402 18980
403 17185
404 18980
405 18980
406 18980
407 54056
408 18980
409 57120
410 39968
411 19296
412 40224
413 18980
414 39968
415 17193
416 18980
417 18976
418 17169
419 18976
420 40224
421 25417
422 40228
423 62304
424 40228
425 27409
426 18980
427 53792
428 18976
429 53796
430 18976
431 18976
432 40224
433 18976
434 40736
435 39968
436 25417
437 40224
438 40224
439 40224
440 18976
441 58144
442 17177
443 39968
444 18980
445 40224
446 27393
447 39972
448 39972
449 40224
450 17060
451 18976
452 18980
453 40224
454 18980
455 18980
456 18980
457 18980
458 18980
459 56097
460 39972
461 18976
462 18980
463 18980
464 62216
465 18980
466 40224
467 18976
468 18976
469 18980
470 18976
471 57120
472 18980
473 18976
474 55332
475 40224
476 18980
477 40224
478 58185
479 18980
480 18976
481 18976
482 18980
483 56105
484 25417
485 40224
486 18976
487 39972
488 57120
489 25417
490 25417
491 56864
492 39968
493 19224
494 40224
495 39456
496 18980
497 40228
498 18980
499 27409
500 60161
501 40228
502 18980
503 49952
504 18976
505 17168
506 58112
507 60192
508 16932
509 58185
510 58185
511 25417
512 27417
513 18980
514 25417
515 55840
516 18976
517 25417
518 57120
519 56096
520 16932
521 54564
522 58185
523 27417
524 17168
525 25417
526 63272
527 17168
528 18976
529 25360
530 40228
531 49953
532 58185
533 49977
534 50080
535 58145
536 27409
537 25417
538 25353
539 17176
540 27417
541 58185
542 27417
543 18976
544 17184
545 17200
546 25417
547 61281
548 17168
549 18980
550 56100
551 28425
552 17184
553 53796
554 40224
555 18976
556 17184
557 27465
558 58185
559 49952
560 52008
561 27409
562 25376
563 40228
564 58185
565 58208
566 62240
567 40224
568 51985
569 18976
570 27465
571 58177
572 27417
573 25417
574 58185
575 27409
576 25449
577 18980
578 58185
579 27409
580 58313
581 16932
582 27465
583 55840
584 53284
585 25417
586 53808
587 58185
588 27465
589 17168
590 25417
591 27417
592 58217
593 25448
594 18976
595 26464
596 52000
597 25417
598 56096
599 39968
600 62241
601 19232
602 60193
603 25416
604 39972
605 49952
606 27409
607 55332
608 25376
609 58185
610 55072
611 17184
612 27409
613 18980
614 18976
615 54073
616 19232
617 18980
618 56612
619 53540
620 25353
621 18976
622 18980
623 52009
624 20257
625 27417
626 49952
627 50080
628 19233
629 59168
630 27409
631 17184
632 26408
633 58185
634 27417
635 40228
636 18976
637 52000
638 57120
639 55080
640 18980
641 58185
642 40224
643 18976
644 27465
645 18976
646 18976
647 18976
648 18976
649 18980
650 49700
651 40228
652 25373
653 25417
654 18980
655 53284
656 25417
657 58185
658 18976
659 18980
660 27465
661 18980
662 26377
663 18976
664 16928
665 25417
666 39972
667 25360
668 55328
669 40224
670 49952
671 27417
672 18980
673 18980
674 18980
675 39972
676 40736
677 53284
678 18980
679 18980
680 25361
681 39456
682 18976
683 17184
684 18980
685 25417
686 27457
687 18980
688 58145
689 25353
690 16912
691 18976
692 40224
693 58136
694 58217
695 18980
696 18980
697 39968
698 39968
699 59233
700 56356
701 55072
702 18980
703 17152
704 26441
705 49952
706 18976
707 17184
708 18980
709 18980
710 56097
711 58185
712 17184
713 18980
714 25417
715 55080
716 49952
717 39972
718 19241
719 18980
720 55088
721 18980
722 18980
723 18976
724 40224
725 18980
726 51728
727 19232
728 18977
729 50080
730 18980
731 27409
732 18976
733 40224
734 18980
735 59168
736 27488
737 25417
738 18980
739 58185
740 58185
741 20256
742 28489
743 39972
744 19225
745 39972
746 18980
747 18976
748 27417
749 17168
750 25417
751 19216
752 18980
753 39968
754 52001
755 27417
756 25416
757 49960
758 17153
759 27401
760 27409
761 27417
762 58152
763 18976
764 21264
765 17200
766 49956
767 19092
768 25417
769 57120
770 27392
771 62312
772 25417
773 18980
774 18980
775 40224
776 17184
777 58185
778 57129
779 18976
780 58145
781 39968
782 27409
783 57120
784 55588
785 18980
786 52000
787 18977
788 27409
789 17184
790 27465
791 27417
792 18976
793 27409
794 58129
795 25441
796 25417
797 25344
798 60233
799 27417
800 19092
801 27417
802 54048
803 27465
804 25344
805 25417
806 55856
807 17200
808 49952
809 25417
810 40480
811 18980
812 40228
813 18980
814 17184
815 58185
816 25417
817 58145
818 60200
819 58216
820 27417
821 17176
822 17169
823 56096
824 57120
825 27409
826 58185
827 17184
828 50977
829 25365
830 58185
831 40224
832 58185
833 25344
834 39456
835 56608
836 54048
837 19225
838 49944
839 55081
840 53284
841 27465
842 63264
843 54056
844 27417
845 20257
846 51968
847 25344
848 56096
849 18980
850 49952
851 19201
852 18980
853 60192
854 49976
855 53033
856 25361
857 19092
858 27417
859 17169
860 52009
861 49952
862 27465
863 39972
864 18980
865 19209
866 57120
867 58144
868 23328
869 25416
870 17184
871 25385
872 54024
873 18980
874 55073
875 39968
876 56356
877 57120
878 25361
879 18980
880 50977
881 18980
882 39968
883 25417
884 49960
885 56096
886 27417
887 49960
888 18980
889 63264
890 17184
891 58313
892 58145
893 40224
894 56864
895 27409
896 17184
897 58144
898 27417
899 25448
900 18980
901 25345
902 27153
903 40228
904 18976
905 18980
906 49953
907 40228
908 18976
909 18976
910 56612
911 58185
912 17060
913 25417
914 17169
915 25417
916 57120
917 58144
918 57120
919 17184
920 19232
921 18977
922 25365
923 25417
924 40224
925 55332
926 53792
927 27417
928 53536
929 25384
930 54048
931 27409
932 53025
933 56612
934 18976
935 49952
936 17168
937 40224
938 19233
939 25417
940 27417
941 27417
942 58185
943 18980
944 17184
945 40480
946 16928
947 55332
948 27465
949 40228
950 49952
951 55072
952 53796
953 25352
954 55072
955 56096
956 55844
957 54049
958 39712
959 18980
960 52009
961 57120
962 18980
963 39968
964 56612
965 56352
966 18980
967 40228
968 58185
969 18945
970 25344
971 39712
972 25361
973 18980
974 18980
975 60233
976 56096
977 25440
978 55840
979 56612
980 40224
981 39456
982 18976
983 18980
984 17184
985 58185
986 18980
987 58185
988 55332
989 56608
990 16928
991 18980
992 25417
993 16932
994 25360
995 27409
996 27409
997 25417
998 53284
999 25365
1000 54064
1001 16912
1002 18980
1003 18980
1004 18976
1005 53284
1006 55072
1007 27465
1008 56608
1009 54048
1010 25376
1011 56612
1012 40224
1013 17184
1014 56864
1015 18980
1016 39968
1017 58217
1018 56356
1019 18976
1020 25417
1021 27417
1022 58185
1023 27465
1024 17184
1025 25417
1026 53540
1027 25417
1028 19104
1029 50992
1030 17192
1031 58185
1032 25408
1033 58185
1034 56356
1035 56864
1036 40736
1037 51977
1038 40224
1039 27465
1040 60233
1041 21264
1042 17168
1043 28449
1044 39972
1045 18980
1046 39968
1047 18980
1048 17200
1049 58145
1050 56608
1051 56096
1052 56608
1053 18980
1054 27425
1055 19104
1056 40224
1057 18976
1058 18976
1059 18980
1060 17184
1061 18976
1062 27409
1063 60233
1064 40224
1065 17152
1066 58145
1067 19216
1068 18976
1069 60233
1070 57128
1071 27409
1072 58153
1073 27424
1074 25417
1075 16932
1076 18980
1077 40224
1078 55072
1079 27409
1080 17168
1081 25417
1082 27425
1083 27465
1084 26440
1085 19092
1086 56612
1087 27409
1088 27465
1089 17184
1090 27417
1091 17200
1092 20257
1093 27417
1094 17184
1095 17184
1096 27488
1097 28425
1098 49953
1099 62313
1100 19224
1101 19233
1102 57120
1103 25417
1104 39968
1105 25417
1106 40228
1107 17184
1108 54073
1109 18980
1110 49952
1111 25417
1112 40224
1113 17152
1114 53796
1115 18980
1116 25417
1117 57128
1118 55072
1119 49960
1120 58185
1121 27409
1122 27409
1123 54049
1124 19104
1125 40224
1126 55840
1127 54048
1128 25417
1129 25344
1130 54048
1131 54048
1132 39720
1133 17152
1134 19092
1135 26441
1136 55097
1137 18944
1138 18980
1139 54048
1140 58121
1141 27409
1142 25361
1143 27392
1144 56097
1145 18976
1146 58185
1147 16932
1148 27417
1149 17184
1150 59169
1151 18976
1152 18980
1153 60193
1154 56612
1155 18980
1156 19209
1157 17168
1158 27417
1159 27488
1160 25361
1161 63264
1162 51976
1163 25417
1164 25417
1165 39968
1166 59168
1167 39972
1168 25352
1169 27465
1170 17168
1171 54048
1172 28489
1173 18980
1174 58153
1175 25417
1176 58144
1177 39968
1178 56608
1179 25417
1180 17184
1181 63336
1182 25385
1183 19208
1184 27417
1185 25417
1186 27421
1187 17173
1188 27413
1189 58145
1190 39968
1191 58185
1192 17192
1193 25376
1194 26441
1195 17184
1196 18980
1197 18980
1198 17184
1199 60193
1200 26401
1201 25360
1202 27425
1203 25417
1204 54052
1205 17192
1206 19225
1207 52000
1208 58144
1209 58185
1210 27424
1211 55332
1212 17168
1213 25349
1214 39972
1215 53032
1216 40224
1217 53796
1218 53540
1219 58185
1220 18980
1221 49936
1222 25417
1223 17200
1224 39972
1225 21024
1226 25376
1227 21296
1228 17184
1229 58209
1230 27409
1231 18980
1232 25417
1233 19233
1234 21280
1235 27465
1236 27417
1237 60233
1238 53540
1239 27409
1240 17184
1241 54017
1242 18980
1243 58185
1244 54048
1245 25417
1246 26440
1247 27465
1248 26369
1249 56352
1250 17168
1251 17152
1252 18980
1253 27417
1254 54048
1255 58185
1256 58185
1257 53792
1258 55588
1259 58185
1260 25360
1261 27417
1262 17200
1263 59176
1264 16928
1265 19233
1266 49928
1267 49952
1268 49976
1269 21264
1270 53284
1271 58185
1272 38948
1273 56356
1274 57121
1275 53540
1276 17177
1277 60233
1278 52000
1279 25417
1280 27417
1281 58185
1282 17184
1283 27421
1284 61217
1285 17184
1286 59169
1287 18976
1288 18977
1289 18980
1290 18976
1291 58344
1292 25377
1293 18976
1294 58177
1295 18980
1296 25417
1297 58313
1298 59168
1299 65313
1300 53793
1301 18980
1302 18980
1303 18980
1304 58185
1305 60192
1306 40224
1307 56097
1308 25417
1309 25417
1310 27417
1311 54073
1312 58185
1313 18980
1314 18976
1315 19240
1316 56608
1317 56612
1318 52000
1319 18980
1320 63264
1321 18217
1322 53540
1323 60193
1324 58145
1325 52009
1326 17176
1327 18980
1328 51968
1329 40224
1330 39972
1331 58145
1332 55840
1333 18976
1334 18976
1335 40480
1336 55328
1337 17168
1338 18980
1339 18980
1340 16932
1341 40224
1342 18980
1343 18980
1344 55584
1345 19233
1346 25417
1347 18980
1348 58217
1349 55840
1350 25417
1351 18980
1352 18976
1353 18980
1354 17184
1355 56612
1356 40224
1357 56608
1358 25417
1359 57120
1360 63264
1361 39972
1362 18980
1363 21281
1364 58185
1365 39968
1366 18980
1367 39972
1368 58185
1369 18980
1370 18980
1371 17184
1372 18980
1373 18980
1374 55080
1375 17200
1376 56608
1377 17168
1378 17200
1379 57120
1380 18980
1381 17184
1382 39972
1383 25360
1384 55328
1385 54048
1386 58185
1387 56612
1388 25417
1389 39972
1390 18980
1391 52000
1392 55144
1393 39968
1394 18976
1395 63336
1396 27488
1397 63265
1398 52008
1399 55072
1400 39968
1401 17168
1402 18977
1403 25417
1404 17184
1405 18976
1406 25417
1407 52001
1408 59177
1409 27417
1410 18980
1411 53793
1412 56612
1413 18980
1414 17169
1415 27425
1416 40736
1417 25417
1418 55072
1419 17184
1420 50977
1421 40224
1422 52000
1423 49952
1424 55840
1425 25361
1426 17184
1427 53796
1428 18976
1429 19232
1430 18976
1431 27417
1432 58313
1433 52008
1434 53796
1435 25417
1436 52009
1437 27432
1438 25365
1439 27417
1440 25344
1441 17184
1442 25417
1443 18976
1444 40224
1445 17188
1446 27417
1447 17184
1448 25417
1449 27417
1450 17200
1451 18980
1452 25344
1453 56096
1454 17192
1455 58185
1456 11033
1457 39968
1458 53792
1459 18980
1460 59177
1461 27417
1462 16932
1463 17184
1464 17184
1465 39968
1466 20265
1467 25344
1468 53540
1469 55332
1470 28489
1471 54049
1472 17184
1473 54048
1474 58217
1475 20257
1476 60233
1477 18980
1478 49961
1479 49953
1480 27464
1481 39972
1482 18980
1483 25344
1484 27457
1485 39968
1486 19232
1487 27465
1488 26441
1489 17153
1490 27393
1491 39972
1492 18980
1493 54048
1494 55072
1495 27456
1496 18980
1497 49952
1498 16928
1499 18980
1500 16932
1501 27417
1502 2592
1503 57124
1504 27409
1505 58152
1506 25353
1507 53024
1508 51985
1509 59177
1510 26400
1511 26441
1512 17184
1513 17152
1514 51000
1515 18976
1516 40224
1517 17168
1518 49952
1519 28448
1520 39968
1521 39712
1522 18976
1523 39968
1524 25416
1525 26441
1526 25352
1527 49952
1528 17168
1529 53032
1530 25417
1531 53796
1532 19241
1533 54072
1534 27465
1535 25448
1536 39972
1537 19217
1538 39968
1539 17184
1540 18980
1541 17168
1542 54024
1543 18980
1544 40224
1545 58185
1546 58185
1547 40736
1548 52008
1549 18980
1550 39456
1551 58185
1552 52000
1553 58185
1554 58185
1555 16928
1556 27409
1557 25360
1558 63264
1559 56612
1560 16932
1561 19233
1562 27417
1563 16928
1564 18976
1565 40736
1566 63264
1567 49920
1568 40224
1569 18980
1570 17184
1571 18976
1572 25417
1573 58144
1574 27417
1575 53540
1576 57121
1577 25417
1578 18980
1579 18980
1580 58185
1581 17161
1582 27465
1583 57128
1584 60232
1585 52024
1586 25440
1587 54048
1588 18980
1589 18976
1590 25376
1591 18980
1592 25361
1593 39972
1594 17184
1595 16932
1596 58209
1597 58185
1598 18980
1599 39968
1600 55840
1601 18980
1602 25345
1603 57120
1604 57128
1605 27488
1606 58185
1607 18980
1608 56616
1609 58216
1610 55072
1611 60193
1612 58185
1613 40224
1614 54048
1615 25365
1616 59169
1617 19236
1618 18976
1619 18976
1620 18980
1621 49936
1622 40224
1623 40480
1624 60193
1625 58185
1626 55332
1627 18980
1628 16932
1629 56864
1630 39968
1631 38948
1632 58185
1633 58185
1634 25353
1635 39968
1636 27417
1637 58152
1638 54065
1639 54032
1640 18980
1641 64289
1642 57120
1643 56608
1644 27465
1645 55072
1646 16932
1647 18980
1648 55844
1649 55096
1650 18980
1651 56608
1652 59168
1653 18980
1654 55844
1655 49952
1656 56356
1657 18980
1658 18980
1659 18980
1660 55076
1661 56097
1662 56096
1663 16928
1664 27425
1665 60233
1666 49952
1667 18976
1668 2592
1669 25417
1670 27417
1671 18980
1672 54072
1673 17184
1674 55144
1675 18976
1676 20265
1677 55588
1678 19200
1679 18980
1680 40224
1681 18980
1682 19233
1683 18980
1684 49960
1685 40224
1686 52000
1687 57120
1688 17185
1689 25417
1690 55840
1691 53796
1692 49968
1693 18980
1694 40228
1695 60233
1696 55072
1697 17184
1698 18976
1699 18980
1700 18980
1701 39972
1702 53797
1703 18980
1704 27488
1705 53536
1706 58112
1707 40224
1708 18980
1709 25440
1710 55856
1711 17184
1712 18976
1713 49976
1714 40480
1715 27425
1716 58217
1717 60192
1718 27417
1719 21296
1720 54052
1721 25345
1722 58145
1723 56608
1724 60193
1725 55073
1726 58128
1727 25417
1728 40228
1729 56356
1730 25417
1731 25376
1732 52008
1733 25345
1734 56864
1735 27465
1736 25353
1737 19104
1738 58185
1739 17169
1740 62240
1741 55844
1742 18980
1743 27409
1744 17184
1745 17184
1746 17176
1747 59169
1748 18980
1749 11033
1750 25417
1751 18976
1752 39968
1753 60233
1754 27417
1755 49928
1756 49956
1757 18976
1758 17184
1759 49952
1760 27465
1761 19200
1762 25361
1763 59176
1764 19233
1765 27417
1766 39720
1767 25360
1768 49952
1769 18977
1770 27417
1771 21024
1772 25368
1773 17185
1774 18980
1775 55332
1776 60233
1777 27409
1778 51760
1779 18980
1780 17184
1781 18976
1782 11033
1783 56356
1784 54560
1785 58185
1786 18980
1787 25369
1788 58145
1789 18976
1790 40744
1791 18980
1792 18980
1793 40224
1794 25417
1795 49952
1796 58121
1797 27153
1798 18976
1799 39968
1800 25417
1801 58153
1802 52000
1803 17184
1804 62248
1805 21280
1806 40224
1807 51744
1808 55840
1809 25417
1810 17184
1811 52001
1812 16929
1813 49952
1814 18960
1815 58185
1816 60265
1817 58185
1818 19209
1819 62241
1820 25376
1821 19240
1822 60193
1823 18980
1824 25345
1825 25417
1826 27393
1827 52000
1828 18980
1829 40480
1830 58185
1831 18980
1832 60233
1833 58185
1834 40228
1835 27417
1836 27425
1837 60200
1838 40736
1839 27409
1840 25417
1841 17176
1842 60193
1843 60265
1844 58185
1845 60233
1846 16932
1847 63273
1848 6688
1849 58185
1850 40224
1851 18980
1852 58185
1853 25369
1854 40224
1855 18976
1856 27425
1857 58128
1858 39972
1859 55072
1860 55840
1861 54048
1862 40228
1863 55844
1864 27392
1865 55072
1866 50080
1867 50016
1868 53793
1869 16928
1870 53284
1871 62241
1872 27401
1873 54048
1874 19232
1875 18980
1876 55844
1877 58185
1878 19233
1879 57120
1880 17168
1881 51993
1882 60233
1883 39972
1884 58185
1885 18976
1886 55072
1887 18980
1888 54072
1889 19360
1890 58185
1891 17184
1892 18976
1893 40736
1894 25417
1895 26440
1896 49952
1897 40224
1898 18960
1899 39972
1900 18980
1901 18976
1902 53808
1903 58209
1904 18980
1905 60233
1906 53540
1907 39968
1908 18980
1909 18980
1910 18976
1911 40224
1912 18980
1913 18976
1914 18945
1915 19225
1916 52001
1917 27393
1918 49956
1919 18980
1920 18980
1921 39968
1922 18980
1923 18980
1924 25377
1925 27417
1926 23072
1927 18980
1928 19209
1929 18960
1930 56096
1931 58185
1932 18980
1933 59145
1934 40480
1935 18980
1936 18980
1937 40228
1938 53792
1939 18980
1940 27417
1941 26440
1942 27409
1943 40224
1944 25361
1945 18976
1946 18976
1947 6688
1948 25361
1949 18976
1950 40224
1951 49952
1952 19360
1953 18980
1954 40224
1955 54032
1956 39972
1957 18976
1958 18980
1959 18980
1960 56096
1961 61225
1962 39968
1963 65313
1964 18980
1965 56352
1966 56608
1967 55080
1968 40224
1969 39968
1970 18976
1971 56608
1972 49952
1973 59168
1974 19092
1975 57120
1976 27409
1977 17169
1978 19225
1979 55332
1980 56356
1981 60161
1982 27464
1983 18980
1984 16928
1985 17184
1986 18960
1987 25376
1988 25417
1989 39972
1990 56868
1991 21280
1992 17184
1993 19200
1994 26401
1995 56612
1996 18944
1997 25440
1998 27409
1999 60233
2000 53796
2001 59241
2002 25417
2003 58185
2004 49945
2005 25417
2006 18980
2007 17184
2008 19233
2009 25417
2010 18980
2011 27409
2012 27465
2013 58185
2014 27417
2015 55332
2016 56356
2017 25440
2018 40224
2019 17184
2020 17168
2021 28457
2022 25417
2023 54048
2024 54048
2025 52001
2026 58144
2027 25369
2028 58185
2029 17184
2030 25416
2031 17152
2032 58144
2033 40480
2034 40224
2035 25417
2036 17168
2037 26473
2038 55840
2039 27417
2040 18976
2041 54049
2042 25417
2043 18980
2044 18980
2045 56096
2046 62241
2047 54048
2048 19256
2049 19233
2050 19209
2051 16928
2052 27465
2053 18980
2054 18980
2055 60233
2056 54048
2057 56356
2058 19233
2059 17168
2060 27464
2061 25416
2062 25369
2063 58144
2064 55081
2065 55072
2066 58185
2067 54564
2068 40224
2069 18980
2070 60233
2071 25448
2072 25417
2073 58185
2074 40224
2075 17184
2076 27417
2077 18980
2078 27496
2079 60193
2080 54048
2081 40228
2082 53808
2083 54064
2084 54052
2085 60265
2086 60233
2087 60233
2088 17169
2089 17184
2090 58185
2091 25417
2092 49952
2093 19200
2094 2848
2095 57120
2096 21281
2097 56616
2098 40224
2099 17184
2100 54017
2101 27392
2102 19201
2103 25416
2104 39972
2105 54056
2106 27425
2107 17152
2108 27488
2109 52001
2110 27417
2111 54057
2112 25417
2113 55080
2114 25417
2115 40736
2116 18980
2117 63272
2118 58217
2119 62240
2120 54049
2121 19233
2122 25417
2123 40224
2124 40224
2125 53540
2126 57120
2127 18980
2128 25417
2129 56096
2130 58185
2131 19232
2132 40224
2133 28417
2134 55332
2135 49969
2136 58217
2137 25344
2138 18980
2139 25417
2140 21024
2141 18980
2142 40736
2143 17200
2144 27408
2145 64289
2146 18976
2147 56864
2148 40736
2149 16932
2150 58153
2151 18976
2152 25368
2153 40224
2154 58185
2155 17184
2156 55588
2157 27417
2158 55588
2159 49952
2160 27417
2161 17184
2162 39968
2163 18980
2164 18980
2165 40736
2166 25417
2167 19200
2168 27465
2169 40736
2170 17224
2171 49952
2172 19233
2173 18980
2174 39972
2175 39972
2176 27392
2177 60264
2178 40224
2179 17184
2180 18980
2181 63336
2182 52001
2183 18980
2184 18980
2185 27417
2186 61217
2187 18980
2188 57120
2189 56104
2190 17184
2191 40224
2192 18980
2193 39968
2194 53284
2195 19232
2196 18976
2197 17192
2198 57120
2199 19201
2200 40224
2201 25417
2202 18980
2203 19208
2204 56097
2205 27393
2206 39968
2207 64289
2208 18976
2209 18976
2210 18976
2211 40224
2212 18980
2213 58112
2214 17184
2215 49953
2216 53032
2217 18976
2218 50977
2219 56612
2220 55844
2221 27417
2222 17200
2223 27457
2224 17168
2225 17184
2226 18977
2227 27457
2228 17184
2229 27409
2230 19208
2231 53540
2232 27489
2233 54056
2234 27465
2235 17200
2236 27409
2237 27417
2238 25365
2239 25416
2240 17152
2241 19232
2242 17160
2243 25417
2244 18980
2245 27409
2246 17184
2247 60233
2248 17184
2249 56064
2250 18980
2251 53284
2252 58113
2253 58136
2254 16928
2255 11033
2256 27409
2257 56356
2258 55588
2259 17168
2260 55072
2261 17184
2262 63264
2263 54057
2264 55072
2265 25417
2266 39456
2267 27401
2268 58185
2269 52000
2270 40480
2271 21264
2272 58145
2273 27409
2274 25345
2275 26441
2276 27424
2277 27416
2278 18976
2279 53284
2280 40224
2281 55584
2282 39456
2283 25384
2284 27457
2285 54032
2286 25360
2287 18976
2288 39968
2289 25417
2290 55072
2291 62248
2292 18980
2293 18976
2294 25417
2295 39968
2296 60233
2297 58185
2298 27392
2299 17173
2300 25417
2301 27457
2302 27457
2303 53540
2304 25417
2305 56352
2306 59168
2307 27465
2308 23072
2309 27409
2310 6688
2311 55072
2312 65312
2313 17184
2314 60233
2315 25376
2316 25360
2317 18980
2318 40224
2319 53792
2320 18976
2321 57120
2322 27465
2323 39968
2324 19232
2325 58185
2326 49952
2327 18980
2328 60201
2329 62249
2330 56096
2331 27465
2332 56612
2333 19296
2334 49968
2335 17168
2336 19201
2337 53032
2338 60233
2339 52000
2340 27408
2341 60233
2342 54060
2343 16932
2344 40224
2345 58185
2346 40228
2347 18976
2348 18976
2349 54057
2350 18976
2351 58152
2352 52016
2353 63264
2354 18980
2355 54048
2356 27424
2357 25416
2358 62248
2359 50985
2360 40736
2361 63329
2362 52000
2363 58185
2364 56356
2365 26473
2366 55073
2367 27464
2368 58185
2369 39968
2370 19236
2371 18980
2372 63328
2373 26441
2374 25441
2375 18980
2376 49952
2377 52001
2378 19232
2379 17060
2380 17184
2381 18980
2382 18980
2383 49956
2384 40228
2385 17177
2386 55332
2387 17185
2388 54049
2389 25376
2390 18980
2391 56105
2392 49952
2393 61225
2394 39968
2395 58185
2396 25417
2397 28489
2398 17184
2399 18980
2400 17168
2401 27417
2402 25377
2403 2592
2404 18976
2405 19233
2406 18976
2407 19201
2408 25353
2409 25360
2410 18980
2411 40228
2412 40224
2413 49936
2414 26400
2415 17184
2416 40224
2417 49952
2418 18980
2419 2856
2420 25416
2421 16932
2422 53024
2423 18976
2424 53540
2425 19201
2426 54049
2427 19232
2428 19104
2429 18976
2430 18980
2431 19360
2432 40224
2433 25384
2434 55081
2435 18980
2436 18980
2437 26377
2438 49952
2439 2848
2440 58145
2441 58185
2442 54048
2443 18980
2444 54052
2445 39968
2446 18977
2447 18980
2448 25416
2449 21264
2450 39456
2451 56104
2452 18976
2453 18980
2454 52008
2455 16928
2456 18980
2457 40224
2458 40224
2459 55072
2460 55072
2461 17184
2462 40224
2463 55328
2464 55588
2465 56608
2466 63328
2467 25417
2468 56356
2469 27457
2470 56356
2471 52000
2472 18980
2473 18980
2474 18980
2475 18980
2476 58185
2477 18980
2478 18980
2479 21264
2480 51992
2481 18980
2482 25344
2483 40736
2484 57120
2485 17184
2486 56096
2487 39968
2488 56096
2489 25417
2490 52001
2491 27425
2492 39972
2493 27465
2494 58209
2495 16928
2496 63265
2497 53284
2498 25417
2499 25376
2500 25417
2501 17168
2502 54064
2503 19092
2504 40224
2505 19241
2506 19233
2507 40480
2508 58145
2509 61289
2510 18980
2511 18980
2512 25417
2513 54048
2514 27465
2515 25377
2516 17184
2517 28481
2518 25417
2519 39968
2520 54049
2521 25353
2522 55840
2523 61217
2524 27417
2525 55856
2526 26464
2527 58177
2528 17184
2529 27413
2530 55080
2531 27409
2532 25377
2533 53792
2534 25417
2535 55080
2536 54048
2537 54017
2538 17152
2539 25417
2540 17184
2541 28449
2542 27409
2543 25416
2544 56356
2545 19233
2546 63264
2547 16932
2548 27400
2549 60233
2550 25417
2551 53284
2552 17184
2553 60233
2554 21024
2555 18980
2556 25417
2557 27409
2558 18980
2559 25449
2560 49928
2561 55856
2562 58185
2563 17192
2564 18980
2565 53812
2566 39972
2567 52001
2568 59233
2569 26441
2570 17184
2571 60233
2572 52008
2573 25361
2574 58185
2575 19232
2576 18980
2577 54048
2578 56608
2579 39968
2580 58185
2581 52000
2582 27417
2583 28489
2584 40736
2585 52000
2586 27425
2587 58185
2588 17160
2589 18976
2590 39972
2591 18980
2592 54057
2593 19241
2594 53792
2595 25417
2596 21024
2597 52000
2598 55844
2599 55840
2600 60233
2601 61224
2602 40480
2603 18980
2604 58152
2605 18976
2606 25369
2607 25409
2608 25417
2609 18980
2610 57129
2611 27456
2612 58217
2613 60233
2614 49952
2615 27421
2616 19232
2617 39456
2618 16932
2619 53792
2620 11033
2621 25344
2622 58185
2623 49953
2624 19201
2625 19104
2626 58185
2627 19104
2628 60233
2629 39456
2630 17184
2631 40224
2632 54048
2633 26440
2634 58185
2635 40736
2636 49976
2637 62313
2638 18976
2639 23328
2640 58208
2641 40224
2642 59168
2643 17168
2644 55332
2645 26440
2646 57121
2647 25352
2648 53792
2649 27392
2650 52001
2651 18209
2652 27401
2653 27417
2654 54056
2655 17184
2656 18976
2657 54040
2658 57121
2659 17184
2660 25361
2661 55144
2662 25377
2663 25417
2664 18980
2665 19208
2666 26408
2667 57120
2668 40224
2669 18980
2670 57121
2671 6944
2672 56612
2673 53284
2674 25376
2675 56612
2676 49952
2677 60193
2678 17168
2679 55332
2680 18980
2681 19233
2682 56352
2683 39972
2684 58209
2685 16932
2686 18980
2687 16932
2688 39968
2689 58185
2690 53796
2691 27425
2692 39972
2693 49952
2694 55072
2695 39968
2696 18980
2697 62240
2698 53796
2699 18980
2700 39968
2701 40224
2702 27417
2703 18976
2704 27153
2705 39968
2706 57120
2707 55332
2708 17224
2709 51976
2710 18980
2711 56868
2712 18976
2713 18980
2714 18980
2715 58144
2716 39968
2717 51976
2718 25361
2719 54048
2720 53284
2721 40224
2722 16928
2723 53284
2724 16932
2725 18976
2726 40228
2727 54064
2728 40224
2729 18980
2730 40224
2731 55588
2732 18980
2733 39968
2734 64289
2735 19225
2736 18976
2737 18977
2738 56352
2739 40224
2740 17224
2741 54072
2742 25417
2743 27417
2744 17168
2745 39972
2746 18980
2747 18980
2748 56352
2749 49700
2750 55844
2751 55096
2752 18976
2753 62241
2754 18980
2755 18980
2756 18980
2757 54564
2758 55332
2759 17184
2760 39456
2761 53284
2762 19232
2763 18976
2764 18976
2765 49952
2766 58185
2767 56868
2768 54048
2769 38948
2770 17184
2771 58185
2772 17184
2773 17184
2774 39968
2775 25417
2776 25361
2777 19216
2778 54017
2779 18980
2780 17184
2781 17060
2782 54072
2783 25417
2784 26385
2785 54016
2786 56096
2787 25377
2788 56096
2789 25417
2790 57120
2791 49968
2792 40224
2793 2848
2794 17168
2795 27417
2796 17169
2797 60257
2798 18976
2799 17152
2800 59241
2801 58145
2802 49952
2803 60193
2804 25352
2805 51744
2806 49952
2807 25369
2808 17184
2809 53024
2810 25417
2811 62240
2812 53284
2813 39972
2814 19232
2815 49968
2816 27409
2817 19233
2818 17184
2819 28489
2820 18980
2821 58185
2822 19208
2823 2833
2824 40224
2825 18980
2826 62248
2827 52001
2828 17224
2829 28417
2830 17168
2831 18980
2832 59241
2833 39968
2834 58145
2835 18976
2836 60233
2837 53540
2838 25360
2839 40224
2840 55840
2841 27417
2842 27409
2843 18976
2844 17168
2845 25417
2846 17184
2847 53284
2848 27421
2849 16928
2850 28417
2851 25417
2852 18980
2853 18976
2854 25377
2855 25376
2856 27409
2857 56608
2858 18976
2859 54053
2860 57129
2861 27408
2862 54049
2863 52000
2864 58185
2865 58184
2866 60233
2867 25417
2868 27417
2869 49952
2870 27409
2871 27417
2872 49956
2873 19104
2874 49953
2875 40228
2876 40224
2877 56608
2878 52000
2879 18980
2880 58185
2881 40228
2882 60192
2883 58185
2884 17168
2885 19233
2886 18976
2887 19232
2888 55840
2889 19240
2890 18980
2891 40224
2892 39972
2893 53792
2894 63264
2895 54049
2896 16932
2897 56097
2898 27392
2899 19232
2900 51968
2901 54056
2902 54049
2903 49968
2904 56096
2905 40224
2906 58216
2907 39972
2908 58185
2909 17152
2910 27417
2911 49929
2912 2849
2913 16932
2914 19092
2915 19104
2916 18980
2917 40224
2918 55072
2919 55072
2920 17169
2921 53540
2922 26465
2923 54064
2924 17184
2925 54065
2926 25365
2927 27409
2928 25345
2929 25417
2930 40224
2931 56097
2932 39968
2933 54048
2934 53025
2935 49952
2936 18980
2937 19233
2938 55588
2939 25416
2940 18976
2941 27433
2942 18980
2943 54049
2944 18976
2945 17200
2946 40224
2947 49700
2948 54052
2949 62240
2950 18976
2951 25376
2952 53540
2953 55096
2954 40736
2955 40224
2956 40228
2957 19305
2958 52001
2959 19104
2960 39972
2961 18980
2962 58208
2963 53284
2964 18976
2965 53284
2966 18976
2967 57120
2968 18976
2969 17169
2970 17184
2971 17168
2972 27153
2973 54048
2974 40480
2975 60233
2976 18980
2977 64289
2978 55072
2979 18980
2980 54048
2981 18980
2982 19232
2983 56096
2984 16928
2985 57120
2986 40224
2987 16928
2988 18980
2989 49953
2990 18976
2991 58185
2992 58185
2993 58144
2994 26377
2995 53792
2996 59232
2997 56096
2998 49952
2999 17184
3000 57120
3001 40224
3002 18980
3003 57120
3004 64289
3005 56612
3006 18976
3007 40224
3008 50080
3009 40228
3010 55080
3011 58185
3012 58185
3013 16928
3014 17184
3015 54056
3016 28425
3017 17168
3018 39456
3019 17184
3020 39972
3021 25361
3022 27417
3023 25361
3024 58128
3025 63264
3026 25417
3027 58152
3028 55332
3029 49937
3030 17168
3031 49960
3032 27409
3033 28449
3034 17184
3035 18976
3036 49960
3037 49952
3038 27409
3039 62241
3040 25449
3041 25417
3042 18980
3043 55588
3044 25417
3045 25345
3046 60232
3047 61216
3048 25416
3049 17161
3050 17168
3051 51969
3052 18980
3053 17184
3054 39968
3055 27465
3056 40736
3057 54056
3058 17184
3059 58185
3060 49944
3061 26377
3062 58185
3063 56612
3064 58185
3065 18976
3066 60193
3067 25417
3068 62241
3069 18208
3070 17200
3071 18976
3072 17188
3073 56352
3074 58145
3075 27425
3076 27465
3077 25345
3078 18976
3079 39968
3080 52001
3081 55840
3082 18976
3083 28513
3084 18976
3085 18980
3086 17184
3087 53284
3088 25417
3089 64288
3090 17184
3091 58216
3092 18980
3093 27489
3094 25417
3095 27417
3096 25376
3097 25417
3098 58313
3099 60200
3100 60233
3101 27489
3102 27417
3103 19200
3104 25417
3105 51968
3106 17161
3107 27421
3108 58185
3109 18976
3110 60233
3111 55096
3112 19092
3113 18976
3114 18980
3115 53796
3116 54056
3117 25417
3118 25361
3119 53284
3120 25409
3121 63272
3122 18976
3123 58184
3124 62304
3125 58185
3126 18976
3127 58145
3128 61217
3129 58177
3130 25417
3131 63336
3132 27153
3133 17184
3134 18980
3135 60264
3136 25417
3137 59177
3138 18980
3139 50976
3140 64289
3141 18976
3142 16928
3143 25417
3144 49928
3145 53284
3146 26409
3147 26385
3148 58185
3149 55840
3150 57120
3151 53024
3152 56096
3153 18980
3154 27417
3155 19232
3156 55072
3157 17184
3158 18980
3159 18980
3160 64289
3161 49952
3162 52009
3163 40224
3164 58136
3165 18980
3166 19200
3167 52008
3168 18976
3169 53796
3170 58185
3171 18980
3172 49952
3173 25361
3174 40736
3175 2592
3176 57120
3177 16928
3178 57120
3179 27417
3180 62248
3181 56096
3182 18976
3183 49969
3184 18976
3185 27409
3186 52001
3187 17184
3188 56352
3189 56608
3190 54056
3191 56072
3192 56608
3193 40736
3194 18976
3195 17185
3196 54048
3197 18980
3198 39968
3199 60160
3200 6688
3201 25376
3202 54048
3203 58112
3204 54048
3205 56097
3206 57128
3207 57120
3208 39972
3209 27409
3210 40228
3211 18980
3212 58153
3213 57120
3214 55332
3215 27409
3216 18960
3217 49920
3218 63336
3219 58144
3220 25417
3221 17184
3222 18976
3223 56612
3224 25352
3225 58208
3226 55080
3227 58217
3228 50992
3229 17168
3230 21296
3231 55328
3232 27417
3233 19233
3234 27417
3235 17184
3236 26473
3237 27409
3238 52008
3239 25417
3240 40736
3241 19224
3242 58209
3243 54564
3244 53284
3245 54056
3246 60233
3247 27417
3248 17184
3249 25417
3250 18980
3251 25373
3252 56112
3253 40224
3254 17184
3255 26401
3256 58185
3257 55072
3258 58185
3259 58185
3260 18976
3261 56352
3262 54048
3263 16932
3264 18976
3265 57120
3266 55332
3267 25417
3268 56356
3269 60233
3270 18980
3271 61289
3272 16932
3273 39968
3274 54564
3275 26441
3276 28513
3277 27465
3278 40228
3279 39968
3280 55073
3281 17177
3282 50080
3283 18976
3284 25376
3285 17060
3286 25361
3287 17184
3288 39968
3289 27465
3290 27417
3291 19232
3292 18980
3293 19240
3294 58185
3295 60233
3296 25417
3297 27417
3298 40224
3299 19248
3300 27489
3301 2848
3302 58144
3303 17184
3304 17184
3305 6688
3306 49700
3307 19240
3308 60233
3309 21280
3310 39968
3311 40736
3312 18976
3313 58185
3314 53796
3315 55332
3316 6688
3317 39968
3318 63264
3319 40744
3320 65313
3321 16928
3322 19232
3323 18980
3324 18976
3325 58185
3326 64289
3327 23336
3328 55328
3329 58185
3330 54048
3331 16928
3332 25417
3333 21024
3334 58217
3335 40224
3336 58185
3337 55840
3338 18980
3339 18980
3340 55080
3341 64289
3342 25440
3343 17184
3344 18977
3345 27409
3346 27409
3347 57128
3348 25417
3349 18976
3350 62304
3351 27409
3352 27417
3353 53792
3354 18976
3355 25416
3356 25417
3357 18976
3358 53284
3359 64289
3360 56097
3361 19360
3362 57120
3363 55840
3364 55856
3365 55072
3366 56097
3367 18980
3368 40224
3369 18980
3370 25361
3371 39968
3372 27457
3373 56616
3374 27425
3375 17152
3376 40228
3377 40224
3378 25361
3379 53792
3380 18980
3381 60257
3382 49953
3383 40744
3384 18980
3385 55840
3386 2592
3387 58185
3388 54048
3389 55073
3390 17168
3391 27425
3392 16928
3393 57120
3394 57120
3395 58185
3396 58185
3397 18960
3398 59145
3399 39972
3400 18976
3401 27417
3402 49956
3403 25361
3404 55332
3405 25353
3406 18976
3407 57120
3408 60233
3409 56352
3410 27425
3411 40224
3412 52000
3413 40736
3414 57120
3415 40480
3416 55072
3417 52001
3418 18980
3419 18980
3420 55584
3421 18980
3422 60192
3423 18976
3424 18976
3425 58217
3426 40224
3427 57120
3428 18976
3429 57120
3430 19232
3431 18980
3432 18976
3433 64288
3434 59137
3435 40224
3436 40224
3437 40224
3438 26401
3439 25376
3440 18977
3441 25417
3442 27465
3443 39968
3444 17173
3445 55328
3446 53284
3447 53284
3448 53793
3449 19232
3450 63264
3451 26441
3452 57128
3453 40224
3454 49952
3455 56096
3456 60233
3457 56096
3458 25361
3459 40736
3460 27424
3461 27409
3462 27409
3463 25344
3464 56105
3465 25416
3466 27409
3467 17184
3468 19200
3469 60192
3470 27409
3471 25417
3472 27417
3473 51992
3474 56608
3475 25345
3476 18980
3477 54032
3478 52009
3479 39968
3480 39456
3481 52008
3482 57120
3483 17184
3484 27417
3485 27417
3486 17168
3487 59177
3488 25417
3489 25353
3490 58185
3491 61289
3492 19233
3493 18976
3494 25449
3495 26440
3496 17184
3497 49952
3498 28512
3499 19200
3500 55840
3501 18980
3502 18977
3503 25365
3504 18980
3505 63272
3506 18976
3507 19233
3508 17169
3509 27488
3510 18980
3511 21280
3512 2849
3513 54048
3514 27425
3515 27409
3516 25352
3517 25417
3518 55073
3519 17168
3520 40224
3521 27424
3522 49953
3523 18980
3524 25417
3525 52001
3526 40232
3527 40224
3528 39968
3529 55840
3530 25417
3531 27417
3532 19232
3533 25417
3534 60233
3535 58185
3536 40224
3537 58185
3538 17225
3539 18960
3540 25376
3541 58216
3542 18980
3543 18980
3544 56096
3545 56612
3546 17173
3547 19225
3548 51760
3549 55588
3550 25416
3551 60233
3552 40224
3553 18980
3554 19233
3555 40224
3556 16912
3557 21280
3558 56356
3559 58185
3560 58185
3561 18980
3562 39968
3563 18980
3564 55072
3565 25344
3566 49952
3567 18980
3568 18980
3569 18980
3570 59232
3571 60193
3572 17224
3573 18976
3574 20257
3575 54048
3576 52000
3577 18976
3578 18976
3579 58185
3580 61281
3581 54048
3582 27393
3583 19232
3584 26440
3585 57120
3586 18976
3587 40232
3588 18980
3589 63265
3590 27400
3591 50977
3592 57121
3593 11033
3594 49936
3595 56097
3596 40736
3597 49952
3598 27417
3599 25409
3600 25417
3601 51744
3602 18976
3603 52000
3604 56096
3605 25344
3606 39968
3607 56356
3608 64289
3609 57128
3610 18976
3611 16932
3612 25345
3613 57128
3614 18976
3615 58185
3616 55072
3617 50976
3618 40224
3619 49960
3620 16932
3621 53792
3622 58128
3623 53540
3624 40228
3625 62241
3626 53540
3627 25361
3628 40224
3629 17184
3630 25417
3631 52009
3632 58344
3633 55332
3634 55840
3635 60192
3636 56096
3637 54052
3638 26465
3639 17224
3640 39972
3641 28513
3642 54052
3643 39968
3644 16929
3645 18980
3646 18980
3647 62304
3648 27417
3649 60233
3650 17168
3651 63264
3652 19233
3653 18976
3654 18980
3655 18976
3656 18980
3657 39968
3658 18980
3659 55081
3660 25417
3661 53284
3662 16928
3663 27421
3664 18980
3665 2592
3666 60233
3667 40224
3668 27393
3669 55073
3670 40736
3671 18980
3672 18976
3673 18980
3674 19232
3675 56612
3676 40736
3677 6944
3678 25417
3679 21280
3680 18980
3681 19225
3682 39456
3683 17184
3684 55844
3685 58144
3686 18980
3687 50985
3688 54060
3689 17184
3690 25416
3691 17176
3692 27417
3693 17184
3694 17184
3695 56096
3696 17173
3697 55072
3698 27457
3699 58185
3700 27417
3701 39968
3702 17200
3703 40232
3704 2833
3705 19232
3706 25417
3707 40224
3708 54564
3709 51985
3710 27417
3711 17184
3712 18980
3713 19232
3714 25368
3715 17169
3716 60161
3717 27465
3718 17184
3719 25417
3720 25417
3721 25376
3722 58185
3723 18980
3724 25408
3725 17152
3726 27409
3727 55844
3728 25376
3729 53540
3730 18976
3731 60233
3732 18976
3733 18976
3734 19241
3735 16932
3736 17169
3737 25449
3738 18976
3739 52000
3740 27417
3741 19241
3742 58152
3743 56612
3744 27393
3745 25417
3746 57120
3747 25417
3748 58184
3749 60233
3750 17184
3751 62241
3752 56608
3753 27417
3754 2856
3755 27417
3756 27409
3757 54049
3758 19240
3759 25409
3760 25440
3761 60233
3762 58185
3763 52000
3764 25417
3765 58185
3766 53540
3767 54017
3768 54064
3769 39456
3770 59232
3771 18980
3772 50016
3773 56096
3774 60233
3775 18976
3776 60233
3777 23329
3778 19360
3779 25416
3780 19216
3781 54048
3782 25417
3783 39968
3784 56612
3785 53792
3786 53540
3787 25417
3788 55072
3789 18980
3790 51992
3791 25353
3792 18976
3793 40480
3794 18980
3795 25377
3796 55841
3797 62241
3798 17168
3799 58145
3800 18980
3801 55072
3802 49960
3803 56612
3804 57121
3805 40480
3806 56096
3807 40224
3808 56097
3809 56096
3810 17168
3811 18976
3812 52000
3813 56097
3814 56096
3815 58185
3816 27465
3817 18980
3818 40224
3819 54048
3820 58113
3821 63273
3822 16928
3823 18980
3824 18980
3825 54052
3826 54048
3827 40224
3828 26473
3829 18944
3830 39972
3831 58128
3832 19104
3833 40224
3834 55584
3835 40736
3836 17184
3837 55332
3838 55584
3839 17184
3840 58208
3841 58177
3842 61217
3843 58185
3844 25376
3845 55072
3846 57120
3847 54048
3848 64289
3849 56608
3850 57120
3851 18976
3852 55332
3853 56608
3854 18976
3855 18976
3856 55332
3857 54048
3858 58152
3859 56356
3860 49921
3861 39968
3862 17161
3863 18976
3864 58145
3865 26401
3866 57120
3867 51745
3868 56608
3869 18976
3870 18980
3871 40224
3872 18980
3873 25448
3874 40224
3875 18976
3876 55840
3877 49952
3878 27488
3879 56612
3880 25417
3881 49945
3882 40224
3883 40228
3884 25361
3885 21280
3886 27417
3887 25417
3888 19236
3889 18980
3890 55328
3891 58216
3892 52000
3893 17168
3894 27465
3895 40736
3896 27465
3897 61289
3898 25353
3899 60192
3900 25416
3901 25417
3902 25417
3903 58185
3904 25417
3905 58144
3906 25417
3907 58216
3908 25417
3909 55088
3910 27425
3911 18980
3912 23328
3913 19216
3914 58217
3915 58185
3916 17168
3917 54052
3918 23072
3919 26441
3920 58208
3921 59241
3922 27465
3923 64289
3924 58153
3925 25417
3926 27393
3927 40224
3928 40736
3929 25417
3930 58185
3931 40736
3932 58185
3933 60233
3934 58185
3935 27393
3936 18980
3937 55588
3938 53797
3939 27409
3940 19232
3941 16932
3942 17176
3943 25417
3944 58185
3945 16932
3946 58209
3947 60233
3948 39972
3949 60233
3950 56097
3951 58185
3952 52000
3953 54056
3954 49953
3955 56097
3956 2592
3957 60233
3958 40744
3959 25417
3960 18980
3961 25417
3962 27417
3963 54048
3964 19233
3965 54048
3966 52000
3967 60233
3968 17168
3969 40736
3970 18976
3971 19305
3972 18976
3973 18980
3974 54564
3975 21024
3976 55072
3977 18980
3978 17208
3979 18976
3980 39968
3981 27464
3982 18980
3983 56608
3984 54073
3985 54564
3986 25408
3987 18980
3988 58185
3989 56616
3990 17168
3991 17184
3992 18976
3993 18980
3994 52001
3995 18980
3996 27417
3997 18976
3998 55844
3999 39968
4000 16932
4001 25417
4002 57128
4003 17060
4004 53792
4005 58113
4006 57120
4007 64289
4008 52000
4009 57120
4010 55332
4011 25384
4012 18980
4013 17184
4014 18976
4015 58185
4016 53808
4017 53284
4018 60161
4019 60168
4020 57120
4021 54048
4022 57120
4023 39968
4024 27417
4025 18976
4026 18980
4027 40224
4028 54060
4029 18980
4030 52008
4031 39972
4032 63328
4033 27393
4034 25353
4035 19232
4036 17184
4037 23328
4038 18980
4039 39972
4040 57120
4041 18980
4042 27417
4043 53025
4044 25384
4045 59232
4046 55081
4047 40736
4048 17184
4049 25417
4050 19216
4051 17169
4052 59176
4053 18980
4054 27392
4055 27465
4056 52001
4057 49953
4058 17160
4059 19360
4060 40224
4061 18980
4062 49952
4063 18980
4064 27417
4065 40224
4066 17184
4067 53284
4068 39972
4069 16928
4070 18976
4071 40224
4072 18980
4073 18980
4074 18980
4075 56096
4076 58113
4077 18976
4078 54056
4079 40224
4080 18980
4081 27417
4082 53792
4083 16928
4084 25345
4085 40480
4086 53284
4087 40224
4088 18980
4089 16928
4090 18976
4091 40228
4092 58145
4093 19236
4094 56612
4095 61224
4096 40224
4097 58121
4098 25361
4099 39968
4100 53796
4101 25353
4102 27417
4103 25417
4104 16928
4105 17176
4106 27464
4107 27409
4108 17184
4109 27409
4110 25361
4111 27457
4112 58144
4113 62240
4114 18976
4115 17184
4116 25417
4117 56356
4118 58185
4119 25416
4120 25417
4121 61217
4122 19200
4123 25417
4124 18980
4125 58185
4126 27488
4127 17184
4128 27393
4129 17168
4130 55072
4131 25377
4132 25417
4133 40736
4134 18980
4135 53284
4136 39972
4137 49952
4138 39968
4139 54048
4140 53540
4141 55840
4142 59233
4143 25417
4144 51968
4145 25417
4146 53024
4147 56352
4148 49944
4149 18980
4150 25441
4151 40224
4152 25417
4153 25417
4154 49953
4155 40224
4156 54048
4157 49936
4158 58185
4159 54048
4160 49921
4161 25417
4162 17184
4163 55840
4164 17184
4165 27417
4166 17173
4167 18976
4168 25417
4169 18980
4170 49952
4171 58185
4172 58185
4173 18960
4174 25344
4175 55840
4176 52001
4177 16932
4178 18976
4179 52001
4180 17224
4181 55841
4182 55332
4183 54048
4184 58185
4185 53796
4186 58185
4187 17168
4188 27464
4189 19232
4190 18980
4191 39968
4192 56096
4193 25417
4194 25344
4195 19240
4196 27425
4197 17192
4198 25416
4199 54048
4200 17184
4201 25417
4202 25417
4203 25369
4204 40224
4205 18976
4206 16928
4207 53024
4208 18980
4209 54048
4210 60233
4211 55332
4212 49929
4213 25417
4214 55072
4215 52000
4216 55856
4217 18980
4218 60225
4219 18980
4220 49920
4221 18980
4222 18980
4223 52000
4224 39968
4225 25376
4226 49952
4227 51968
4228 56097
4229 18976
4230 27417
4231 57120
4232 18980
4233 58113
4234 58145
4235 56096
4236 63264
4237 39972
4238 40736
4239 18980
4240 56096
4241 18980
4242 39968
4243 64289
4244 18980
4245 55840
4246 55332
4247 25352
4248 16928
4249 18977
4250 56608
4251 40224
4252 55840
4253 18976
4254 54056
4255 51976
4256 27409
4257 54056
4258 19236
4259 49928
4260 57124
4261 40224
4262 39972
4263 54564
4264 18976
4265 53808
4266 17200
4267 17200
4268 21264
4269 49968
4270 17169
4271 27417
4272 55080
4273 18976
4274 58113
4275 53796
4276 2592
4277 27424
4278 18980
4279 39968
4280 57120
4281 53284
4282 18980
4283 40224
4284 17184
4285 27417
4286 18980
4287 17168
4288 27417
4289 25361
4290 18217
4291 52008
4292 53797
4293 56868
4294 40224
4295 55332
4296 55072
4297 18976
4298 40224
4299 57120
4300 28489
4301 52000
4302 26441
4303 49953
4304 56356
4305 27409
4306 53536
4307 52000
4308 27417
4309 27409
4310 19216
4311 27409
4312 53284
4313 27409
4314 17168
4315 16912
4316 27417
4317 65313
4318 26472
4319 60233
4320 18976
4321 27393
4322 56096
4323 39968
4324 58185
4325 18980
4326 19233
4327 19224
4328 60265
4329 49952
4330 27424
4331 19216
4332 17184
4333 27465
4334 25417
4335 25385
4336 53540
4337 18980
4338 18980
4339 40736
4340 52000
4341 58112
4342 57120
4343 27409
4344 25353
4345 19233
4346 19240
4347 49960
4348 52000
4349 49920
4350 56105
4351 58144
4352 57120
4353 39456
4354 50984
4355 16932
4356 18980
4357 40224
4358 27465
4359 50024
4360 25449
4361 25376
4362 27409
4363 50985
4364 51000
4365 58185
4366 38948
4367 39712
4368 58185
4369 19232
4370 49696
4371 27417
4372 27456
4373 19240
4374 27417
4375 18976
4376 60233
4377 58185
4378 27489
4379 18980
4380 40228
4381 64289
4382 60161
4383 18976
4384 54048
4385 58121
4386 27424
4387 57120
4388 55072
4389 61216
4390 58185
4391 40224
4392 56096
4393 49953
4394 21280
4395 25417
4396 55332
4397 17184
4398 19232
4399 25376
4400 18980
4401 27465
4402 27417
4403 54064
4404 18976
4405 49968
4406 54048
4407 18976
4408 39968
4409 25384
4410 19232
4411 58185
4412 49960
4413 58185
4414 52000
4415 19232
4416 25416
4417 53792
4418 62241
4419 27409
4420 28489
4421 58144
4422 54048
4423 55332
4424 49952
4425 39968
4426 52000
4427 18980
4428 55072
4429 62241
4430 54049
4431 27417
4432 55584
4433 56097
4434 25416
4435 18980
4436 64289
4437 18980
4438 54048
4439 57120
4440 56097
4441 19360
4442 57120
4443 18976
4444 58128
4445 39972
4446 17177
4447 55072
4448 49920
4449 17184
4450 18976
4451 27425
4452 18980
4453 59137
4454 25417
4455 49953
4456 21024
4457 18976
4458 27488
4459 57120
4460 49952
4461 56612
4462 27465
4463 18980
4464 49977
4465 54560
4466 25361
4467 18976
4468 49700
4469 40228
4470 40224
4471 18980
4472 17169
4473 18980
4474 18980
4475 49952
4476 39972
4477 18980
4478 20257
4479 55584
4480 55840
4481 54048
4482 18976
4483 21024
4484 18980
4485 64297
4486 18944
4487 54048
4488 19232
4489 56608
4490 19240
4491 27393
4492 19232
4493 25441
4494 49952
4495 19092
4496 18980
4497 18980
4498 25369
4499 56356
4500 2592
4501 58120
4502 40224
4503 17168
4504 27417
4505 51976
4506 25417
4507 27488
4508 40224
4509 39968
4510 53540
4511 57120
4512 53540
4513 60193
4514 58120
4515 25416
4516 17168
4517 27417
4518 40224
4519 25361
4520 17184
4521 58145
4522 56096
4523 40224
4524 18976
4525 58185
4526 25353
4527 60233
4528 52008
4529 18980
4530 52000
4531 26473
4532 17184
4533 58185
4534 58185
4535 49953
4536 18976
4537 18980
4538 60233
4539 56864
4540 58185
4541 18980
4542 18980
4543 53284
4544 51000
4545 17184
4546 53796
4547 18980
4548 54057
4549 58144
4550 55332
4551 58185
4552 27465
4553 40224
4554 25417
4555 60265
4556 25417
4557 27425
4558 57120
4559 49921
4560 40224
4561 39972
4562 58185
4563 55073
4564 19233
4565 27417
4566 25384
4567 27417
4568 27401
4569 17184
4570 18980
4571 52000
4572 58185
4573 58185
4574 18980
4575 39968
4576 58185
4577 2856
4578 18980
4579 49969
4580 58145
4581 40224
4582 25376
4583 19233
4584 27417
4585 27153
4586 27425
4587 17184
4588 18976
4589 25361
4590 56608
4591 56097
4592 40224
4593 50976
4594 56096
4595 58185
4596 64289
4597 54048
4598 25417
4599 58113
4600 27417
4601 60233
4602 58185
4603 53284
4604 17184
4605 64289
4606 18980
4607 59145
4608 19232
4609 60233
4610 25376
4611 58152
4612 58185
4613 17160
4614 60233
4615 25417
4616 18980
4617 58152
4618 25417
4619 54048
4620 40736
4621 52001
4622 55332
4623 18980
4624 40736
4625 39968
4626 58145
4627 52000
4628 56097
4629 59169
4630 60233
4631 18976
4632 56096
4633 40228
4634 58217
4635 40480
4636 56096
4637 40224
4638 58185
4639 56096
4640 57120
4641 18980
4642 39968
4643 18976
4644 39972
4645 54048
4646 56096
4647 58144
4648 54060
4649 62240
4650 64289
4651 40736
4652 40228
4653 56096
4654 25384
4655 17176
4656 52009
4657 18976
4658 27409
4659 18976
4660 58185
4661 18980
4662 54048
4663 56612
4664 56616
4665 40736
4666 52009
4667 53812
4668 18976
4669 40736
4670 17184
4671 61289
4672 59176
4673 58144
4674 54057
4675 25361
4676 40224
4677 27465
4678 59176
4679 49960
4680 54056
4681 25344
4682 39972
4683 40224
4684 18977
4685 39972
4686 19217
4687 27424
4688 53540
4689 27400
4690 25417
4691 40224
4692 16928
4693 65312
4694 27417
4695 62216
4696 27413
4697 25361
4698 27417
4699 25417
4700 25417
4701 18980
4702 55332
4703 40224
4704 27409
4705 25360
4706 27393
4707 49952
4708 17184
4709 55081
4710 25417
4711 18980
4712 17185
4713 19232
4714 18976
4715 18976
4716 54048
4717 25417
4718 55840
4719 64289
4720 23072
4721 52000
4722 57128
4723 27465
4724 18980
4725 17168
4726 54048
4727 54048
4728 17184
4729 17173
4730 40224
4731 58120
4732 53797
4733 40224
4734 40736
4735 25416
4736 58144
4737 25417
4738 17169
4739 40224
4740 17224
4741 53284
4742 40224
4743 18977
4744 54049
4745 60193
4746 40228
4747 18980
4748 58185
4749 63265
4750 52008
4751 17200
4752 39968
4753 28449
4754 40736
4755 54017
4756 54056
4757 25376
4758 27465
4759 18976
4760 55588
4761 17185
4762 18976
4763 51992
4764 54048
4765 53796
4766 27425
4767 53792
4768 55144
4769 18980
4770 27488
4771 19201
4772 58144
4773 53792
4774 40224
4775 18980
4776 40744
4777 17169
4778 18976
4779 21264
4780 17161
4781 19232
4782 18980
4783 27497
4784 40224
4785 18980
4786 18976
4787 17168
4788 40736
4789 58121
4790 18976
4791 60200
4792 55588
4793 56097
4794 58145
4795 18980
4796 18976
4797 55072
4798 58145
4799 58217
4800 55856
4801 40224
4802 25384
4803 17169
4804 17169
4805 40224
4806 18980
4807 62241
4808 18980
4809 57120
4810 56612
4811 56612
4812 49952
4813 50977
4814 53796
4815 2833
4816 53796
4817 17160
4818 28417
4819 27465
4820 27153
4821 18980
4822 40224
4823 40224
4824 60265
4825 16928
4826 40224
4827 54056
4828 40736
4829 52000
4830 58113
4831 49952
4832 18980
4833 17184
4834 27409
4835 21280
4836 18980
4837 25377
4838 49968
4839 17184
4840 25361
4841 54048
4842 58209
4843 27409
4844 54048
4845 52001
4846 18980
4847 54052
4848 49953
4849 27409
4850 23072
4851 55072
4852 58217
4853 58209
4854 27409
4855 27425
4856 58185
4857 53284
4858 58185
4859 49952
4860 53284
4861 18976
4862 62313
4863 49953
4864 60193
4865 25349
4866 25376
4867 27465
4868 49937
4869 40224
4870 27409
4871 17200
4872 58185
4873 25369
4874 49936
4875 39968
4876 57129
4877 18976
4878 58112
4879 19241
4880 51968
4881 18976
4882 25417
4883 39712
4884 25417
4885 18980
4886 40224
4887 25417
4888 27417
4889 58185
4890 25417
4891 19216
4892 25417
4893 60193
4894 2848
4895 27417
4896 27409
4897 18980
4898 55073
4899 25417
4900 59241
4901 52001
4902 51744
4903 27417
4904 25369
4905 27465
4906 25417
4907 18980
4908 18976
4909 49977
4910 56864
4911 16932
4912 2848
4913 49928
4914 27488
4915 17193
4916 25417
4917 18976
4918 58144
4919 27392
4920 18976
4921 18980
4922 25345
4923 25417
4924 58144
4925 28417
4926 39456
4927 55840
4928 39712
4929 57128
4930 64297
4931 56096
4932 17184
4933 49953
4934 21264
4935 18980
4936 25417
4937 52001
4938 25345
4939 18980
4940 26473
4941 60233
4942 53812
4943 59169
4944 58145
4945 18976
4946 57120
4947 55081
4948 53792
4949 40224
4950 25377
4951 40744
4952 49968
4953 40736
4954 17152
4955 18976
4956 49920
4957 18980
4958 52000
4959 19200
4960 53792
4961 17188
4962 39972
4963 52009
4964 40224
4965 49952
4966 16928
4967 40224
4968 49937
4969 27424
4970 40736
4971 39972
4972 53540
4973 27417
4974 40224
4975 18976
4976 53540
4977 25448
4978 54048
4979 39968
4980 18980
4981 56864
4982 27409
4983 57120
4984 55844
4985 62241
4986 55332
4987 19200
4988 55081
4989 55332
4990 40736
4991 60161
4992 55844
4993 49953
4994 39968
4995 56612
4996 60169
4997 50080
4998 27424
4999 49929
5000 18976
5001 60169
5002 25377
5003 17184
5004 19217
5005 58209
5006 55332
5007 60233
5008 25408
5009 17200
5010 57120
5011 25377
5012 27409
5013 21280
5014 49960
5015 56096
5016 17184
5017 25441
5018 25416
5019 58185
5020 27417
5021 54064
5022 52001
5023 39712
5024 17200
5025 26441
5026 18980
5027 16928
5028 54056
5029 60233
5030 55840
5031 27413
5032 25417
5033 57120
5034 27409
5035 25417
5036 27417
5037 51985
5038 25449
5039 27409
5040 25417
5041 40480
5042 17184
5043 53540
5044 27417
5045 52001
5046 25417
5047 60233
5048 57128
5049 58145
5050 25365
5051 58153
5052 18976
5053 18980
5054 27417
5055 52001
5056 18976
5057 56868
5058 25345
5059 25417
5060 55081
5061 58128
5062 17184
5063 49976
5064 19232
5065 18976
5066 55840
5067 55072
5068 17161
5069 27417
5070 18980
5071 25416
5072 58145
5073 58185
5074 53796
5075 25377
5076 50977
5077 40480
5078 18976
5079 25417
5080 18216
5081 40228
5082 2856
5083 53792
5084 19225
5085 25345
5086 49944
5087 17168
5088 53025
5089 18980
5090 50992
5091 25377
5092 56096
5093 54048
5094 59169
5095 27417
5096 58185
5097 56097
5098 27465
5099 25441
5100 18980
5101 55088
5102 19232
5103 40228
5104 55072
5105 55328
5106 2848
5107 18976
5108 58209
5109 40224
5110 58113
5111 40224
5112 59232
5113 52001
5114 18209
5115 18980
5116 16928
5117 54048
5118 17193
5119 18980
5120 55844
5121 18980
5122 18976
5123 19240
5124 19236
5125 18980
5126 18976
5127 56096
5128 57120
5129 50080
5130 27417
5131 27409
5132 39456
5133 53797
5134 39972
5135 57120
5136 18980
5137 25360
5138 18980
5139 27409
5140 18980
5141 57120
5142 26433
5143 18209
5144 18976
5145 53284
5146 18976
5147 18980
5148 40224
5149 54049
5150 18976
5151 51760
5152 40224
5153 39968
5154 58185
5155 53284
5156 51760
5157 39968
5158 58113
5159 19217
5160 55844
5161 39456
5162 27392
5163 56100
5164 27457
5165 54048
5166 39712
5167 25417
5168 18208
5169 11033
5170 19092
5171 28449
5172 53025
5173 19232
5174 27417
5175 54064
5176 25345
5177 17177
5178 26441
5179 58185
5180 18961
5181 49928
5182 59241
5183 18980
5184 18976
5185 19232
5186 27457
5187 18980
5188 18980
5189 40224
5190 25365
5191 27457
5192 55840
5193 27393
5194 54053
5195 25417
5196 60193
5197 54060
5198 17152
5199 18980
5200 25417
5201 18980
5202 27393
5203 25417
5204 19233
5205 54056
5206 27417
5207 60233
5208 27153
5209 27417
5210 55080
5211 56356
5212 25417
5213 19240
5214 57121
5215 55073
5216 49976
5217 19233
5218 27417
5219 63265
5220 16928
5221 27465
5222 60233
5223 16932
5224 52000
5225 25417
5226 27465
5227 27417
5228 2848
5229 18980
5230 18980
5231 18976
5232 25417
5233 18976
5234 16932
5235 18217
5236 40736
5237 17060
5238 56612
5239 18976
5240 53284
5241 58144
5242 17184
5243 25369
5244 52009
5245 57120
5246 60233
5247 17161
5248 19104
5249 52001
5250 17153
5251 55072
5252 18980
5253 2592
5254 51760
5255 54048
5256 23328
5257 49960
5258 17185
5259 26473
5260 63264
5261 18980
5262 40224
5263 60233
5264 52000
5265 57120
5266 27425
5267 20256
5268 40224
5269 18980
5270 18980
5271 53796
5272 57120
5273 55072
5274 59168
5275 40224
5276 25352
5277 27465
5278 54048
5279 52000
5280 19092
5281 53033
5282 18976
5283 57120
5284 53792
5285 25441
5286 49961
5287 18976
5288 25376
5289 54057
5290 18980
5291 58217
5292 50984
5293 58185
5294 25361
5295 27409
5296 49953
5297 49960
5298 58144
5299 40224
5300 58112
5301 55840
5302 17224
5303 40224
5304 17184
5305 49700
5306 18980
5307 25344
5308 60256
5309 19232
5310 25361
5311 40736
5312 64289
5313 39968
5314 39972
5315 19241
5316 17208
5317 58145
5318 17168
5319 40736
5320 18980
5321 40224
5322 49968
5323 27465
5324 25360
5325 53540
5326 58145
5327 55073
5328 53284
5329 17173
5330 51985
5331 59176
5332 17168
5333 55844
5334 25360
5335 27424
5336 56096
5337 60233
5338 64288
5339 53540
5340 49976
5341 54048
5342 60201
5343 18976
5344 17185
5345 27401
5346 25408
5347 25417
5348 39712
5349 25417
5350 25417
5351 58185
5352 25344
5353 49953
5354 19232
5355 17152
5356 53024
5357 28449
5358 25449
5359 56608
5360 59169
5361 56612
5362 17184
5363 18976
5364 18980
5365 40224
5366 54048
5367 25417
5368 18209
5369 25361
5370 60233
5371 40736
5372 17184
5373 60233
5374 58145
5375 17184
5376 25377
5377 25448
5378 25417
5379 55840
5380 18976
5381 49953
5382 52008
5383 27465
5384 52001
5385 58185
5386 25440
5387 25417
5388 25417
5389 23329
5390 18980
5391 25385
5392 39972
5393 25417
5394 27417
5395 52000
5396 27424
5397 25417
5398 27457
5399 53024
5400 57128
5401 57120
5402 18976
5403 18980
5404 18980
5405 17168
5406 17176
5407 17152
5408 55588
5409 27393
5410 63273
5411 18976
5412 57120
5413 39968
5414 18209
5415 18980
5416 58185
5417 56612
5418 54057
5419 17152
5420 25376
5421 49952
5422 52000
5423 63273
5424 54048
5425 58185
5426 40224
5427 64289
5428 60233
5429 54052
5430 40224
5431 63272
5432 18976
5433 58185
5434 27424
5435 17184
5436 25417
5437 18980
5438 25417
5439 52001
5440 58145
5441 17184
5442 58209
5443 54060
5444 49952
5445 18980
5446 17185
5447 60233
5448 17256
5449 27409
5450 53792
5451 18980
5452 27417
5453 39968
5454 19232
5455 27392
5456 25376
5457 54056
5458 17184
5459 57120
5460 26441
5461 54048
5462 40736
5463 63337
5464 17184
5465 18976
5466 56612
5467 39968
5468 49952
5469 54049
5470 18980
5471 18980
5472 39968
5473 18976
5474 40224
5475 19232
5476 18980
5477 18976
5478 55081
5479 50977
5480 17184
5481 17168
5482 18980
5483 27153
5484 18980
5485 39968
5486 17184
5487 55088
5488 27496
5489 18976
5490 52000
5491 55840
5492 25417
5493 54048
5494 27153
5495 56104
5496 25349
5497 25417
5498 54048
5499 40224
5500 17184
5501 53796
5502 53284
5503 21280
5504 26377
5505 59168
5506 19201
5507 64288
5508 19232
5509 25345
5510 49953
5511 18980
5512 26441
5513 54073
5514 17168
5515 25417
5516 40224
5517 54056
5518 54017
5519 62241
5520 18980
5521 27409
5522 40480
5523 17161
5524 17168
5525 25417
5526 40224
5527 56612
5528 17184
5529 25360
5530 54049
5531 19232
5532 53792
5533 58185
5534 58208
5535 18980
5536 28481
5537 49952
5538 63265
5539 18976
5540 25417
5541 58185
5542 49944
5543 55080
5544 18976
5545 25377
5546 55088
5547 17184
5548 27465
5549 18976
5550 19273
5551 17184
5552 25368
5553 18976
5554 49953
5555 27409
5556 54048
5557 19232
5558 27409
5559 18976
5560 52000
5561 16932
5562 25377
5563 55588
5564 19360
5565 54057
5566 28489
5567 58113
5568 21280
5569 58209
5570 49968
5571 27424
5572 53024
5573 17184
5574 17153
5575 27409
5576 17184
5577 55840
5578 60161
5579 18980
5580 54073
5581 17184
5582 25361
5583 63264
5584 58145
5585 64289
5586 40224
5587 18977
5588 58153
5589 56608
5590 58144
5591 58216
5592 17168
5593 19240
5594 58185
5595 55072
5596 40224
5597 54048
5598 40736
5599 27489
5600 40224
5601 17184
5602 18980
5603 18980
5604 56096
5605 18976
5606 21024
5607 19232
5608 53284
5609 25345
5610 56608
5611 17152
5612 25417
5613 52001
5614 50976
5615 19200
5616 58145
5617 16928
5618 17176
5619 17200
5620 18976
5621 27409
5622 49952
5623 55844
5624 25368
5625 2848
5626 25417
5627 17188
5628 17184
5629 56096
5630 55588
5631 18976
5632 54048
5633 52000
5634 53812
5635 25361
5636 40228
5637 27424
5638 39968
5639 21280
5640 62241
5641 17152
5642 21024
5643 27465
5644 16928
5645 25373
5646 56352
5647 21024
5648 18980
5649 18980
5650 40224
5651 55080
5652 55844
5653 16932
5654 56352
5655 51745
5656 49921
5657 58152
5658 39456
5659 55072
5660 55840
5661 56096
5662 58209
5663 25369
5664 54048
5665 40224
5666 27409
5667 26465
5668 16928
5669 49952
5670 55080
5671 27417
5672 17177
5673 57120
5674 54048
5675 58113
5676 17184
5677 18980
5678 18980
5679 27153
5680 49952
5681 17256
5682 27424
5683 27417
5684 57120
5685 18980
5686 25361
5687 61216
5688 63264
5689 49968
5690 17188
5691 60160
5692 54048
5693 60200
5694 25417
5695 25417
5696 53812
5697 27417
5698 40736
5699 21296
5700 54048
5701 28489
5702 27417
5703 17200
5704 40224
5705 60193
5706 56096
5707 25408
5708 53796
5709 20257
5710 55588
5711 2848
5712 25344
5713 56112
5714 58144
5715 55081
5716 25352
5717 19241
5718 58144
5719 25376
5720 58113
5721 50080
5722 19236
5723 25417
5724 57128
5725 39968
5726 49952
5727 17168
5728 49968
5729 27409
5730 54048
5731 39712
5732 40736
5733 40224
5734 17168
5735 39712
5736 25377
5737 53812
5738 27409
5739 58144
5740 25417
5741 18980
5742 18976
5743 27424
5744 18980
5745 18980
5746 54048
5747 55072
5748 58128
5749 19217
5750 39972
5751 27393
5752 52000
5753 60233
5754 18980
5755 25408
5756 18980
5757 56352
5758 17184
5759 56356
5760 49921
5761 54060
5762 49952
5763 25361
5764 49953
5765 21281
5766 54048
5767 17184
5768 59169
5769 27409
5770 49968
5771 25417
5772 19201
5773 56612
5774 18980
5775 25376
5776 27465
5777 40736
5778 27465
5779 58185
5780 27465
5781 27424
5782 27417
5783 27417
5784 18976
5785 25416
5786 17184
5787 27424
5788 54048
5789 40736
5790 54564
5791 19232
5792 18976
5793 49952
5794 54049
5795 52016
5796 25349
5797 18976
5798 25360
5799 26441
5800 53025
5801 53793
5802 27417
5803 27409
5804 58185
5805 27497
5806 58185
5807 25417
5808 18980
5809 27465
5810 49952
5811 17200
5812 55584
5813 25345
5814 25368
5815 25377
5816 25440
5817 49952
5818 19233
5819 19305
5820 17184
5821 58217
5822 21280
5823 18980
5824 58313
5825 57128
5826 56608
5827 55080
5828 25361
5829 18980
5830 17184
5831 58185
5832 39972
5833 53792
5834 19208
5835 39968
5836 56608
5837 18980
5838 18980
5839 18976
5840 19232
5841 60200
5842 54048
5843 18977
5844 56096
5845 39968
5846 25369
5847 26369
5848 49968
5849 18980
5850 58185
5851 18976
5852 59233
5853 60192
5854 17168
5855 25417
5856 27424
5857 49952
5858 58113
5859 40736
5860 40224
5861 58185
5862 25361
5863 58136
5864 19233
5865 40736
5866 17060
5867 18980
5868 25417
5869 18980
5870 25344
5871 56096
5872 62240
5873 58153
5874 18980
5875 57120
5876 25360
5877 18980
5878 56356
5879 17200
5880 56608
5881 18980
5882 18980
5883 39968
5884 17168
5885 18980
5886 57120
5887 64289
5888 18980
5889 56096
5890 25385
5891 57120
5892 55072
5893 17169
5894 17184
5895 50985
5896 25344
5897 49952
5898 25361
5899 49953
5900 27392
5901 18980
5902 19233
5903 26441
5904 19248
5905 27409
5906 27417
5907 25417
5908 53284
5909 49952
5910 18980
5911 58176
5912 27489
5913 18961
5914 25417
5915 17184
5916 25417
5917 25376
5918 19233
5919 25345
5920 27465
5921 60233
5922 26400
5923 59137
5924 17184
5925 25408
5926 19200
5927 50080
5928 59145
5929 58113
5930 19232
5931 53796
5932 17225
5933 23072
5934 25417
5935 53536
5936 17169
5937 55856
5938 16928
5939 27425
5940 25416
5941 39968
5942 52001
5943 55584
5944 56097
5945 18980
5946 54048
5947 55588
5948 27417
5949 25448
5950 60161
5951 25408
5952 17169
5953 27465
5954 60233
5955 57120
5956 19233
5957 52000
5958 54048
5959 17184
5960 53284
5961 27417
5962 56868
5963 53796
5964 40736
5965 17184
5966 54048
5967 57120
5968 27488
5969 49960
5970 26385
5971 25408
5972 39972
5973 19233
5974 49952
5975 57120
5976 54056
5977 19232
5978 27417
5979 27465
5980 18980
5981 55072
5982 17169
5983 25416
5984 63336
5985 40744
5986 60233
5987 18980
5988 49696
5989 26441
5990 20256
5991 56864
5992 18980
5993 55096
5994 19224
5995 56616
5996 17168
5997 57120
5998 55080
5999 58185
6000 18980
6001 53812
6002 60161
6003 61217
6004 11033
6005 25361
6006 19201
6007 49952
6008 52001
6009 25440
6010 49952
6011 17184
6012 27417
6013 19273
6014 25345
6015 59169
6016 25361
6017 54049
6018 58185
6019 26401
6020 56097
6021 27425
6022 55840
6023 27424
6024 56097
6025 57128
6026 27417
6027 58185
6028 16929
6029 27417
6030 58144
6031 61217
6032 19092
6033 25361
6034 27497
6035 58185
6036 18976
6037 40744
6038 17161
6039 18976
6040 49969
6041 60169
6042 40224
6043 27424
6044 58184
6045 17184
6046 27465
6047 28425
6048 25361
6049 19232
6050 27409
6051 25416
6052 16928
6053 52016
6054 56356
6055 54048
6056 62249
6057 55072
6058 18980
6059 27393
6060 49952
6061 54048
6062 18976
6063 60265
6064 62249
6065 59241
6066 39968
6067 54048
6068 27417
6069 18980
6070 49968
6071 40736
6072 49952
6073 27457
6074 18980
6075 56608
6076 28513
6077 56356
6078 18980
6079 40224
6080 40224
6081 25440
6082 64289
6083 27425
6084 56356
6085 56096
6086 40736
6087 40224
6088 25361
6089 52000
6090 54049
6091 18976
6092 19200
6093 56096
6094 54056
6095 40228
6096 51969
6097 58216
6098 55072
6099 21280
6100 19236
6101 17184
6102 18980
6103 18980
6104 59241
6105 39968
6106 18980
6107 18980
6108 18980
6109 61224
6110 19232
6111 21024
6112 40224
6113 53024
6114 54048
6115 53540
6116 25368
6117 62241
6118 25361
6119 53793
6120 27417
6121 18980
6122 62241
6123 18980
6124 19232
6125 49960
6126 27417
6127 18976
6128 18980
6129 18976
6130 55841
6131 51992
6132 19225
6133 53792
6134 58185
6135 56612
6136 27417
6137 27393
6138 17176
6139 25417
6140 18980
6141 58185
6142 25365
6143 55073
6144 26465
6145 51760
6146 18980
6147 56097
6148 58152
6149 58313
6150 51760
6151 17200
6152 18976
6153 49952
6154 27409
6155 25409
6156 57120
6157 27465
6158 55840
6159 56096
6160 40224
6161 51728
6162 55072
6163 60233
6164 49700
6165 54064
6166 60193
6167 39968
6168 55840
6169 49937
6170 57121
6171 51992
6172 39456
6173 25345
6174 19232
6175 59177
6176 17184
6177 58185
6178 54072
6179 25361
6180 39968
6181 17168
6182 17184
6183 56096
6184 25360
6185 17184
6186 19232
6187 19232
6188 17184
6189 19092
6190 53792
6191 54056
6192 27400
6193 60257
6194 18980
6195 63272
6196 40224
6197 25376
6198 53284
6199 17173
6200 49960
6201 56096
6202 25353
6203 54048
6204 27417
6205 54052
6206 25416
6207 54049
6208 39968
6209 59169
6210 63273
6211 56356
6212 27417
6213 25409
6214 18980
6215 54032
6216 57120
6217 56097
6218 56104
6219 27409
6220 58144
6221 54052
6222 58121
6223 26377
6224 62248
6225 40224
6226 17168
6227 55072
6228 50024
6229 27417
6230 58153
6231 16928
6232 25417
6233 59177
6234 19236
6235 21280
6236 63264
6237 49952
6238 27417
6239 17169
6240 26401
6241 57124
6242 58185
6243 40736
6244 18980
6245 53540
6246 18976
6247 17208
6248 53540
6249 19273
6250 26473
6251 17208
6252 40224
6253 54056
6254 40736
6255 26401
6256 21024
6257 57120
6258 53796
6259 17152
6260 56096
6261 25353
6262 53792
6263 17168
6264 54048
6265 57120
6266 54048
6267 25416
6268 49953
6269 63265
6270 40736
6271 40228
6272 25377
6273 18976
6274 40736
6275 17200
6276 28449
6277 27409
6278 57120
6279 40228
6280 55840
6281 55072
6282 25368
6283 53540
6284 16928
6285 40224
6286 25361
6287 53792
6288 51745
6289 53284
6290 49952
6291 53540
6292 55072
6293 25368
6294 25417
6295 55844
6296 49952
6297 27488
6298 56100
6299 25345
6300 61289
6301 39456
6302 25384
6303 27408
6304 38948
6305 27425
6306 54048
6307 53033
6308 19104
6309 19225
6310 18980
6311 40228
6312 54049
6313 60193
6314 25416
6315 27417
6316 58217
6317 58185
6318 27417
6319 25417
6320 55588
6321 25417
6322 19232
6323 39456
6324 56616
6325 54049
6326 54049
6327 17184
6328 18976
6329 19200
6330 56112
6331 11033
6332 27465
6333 54064
6334 28489
6335 17184
6336 17184
6337 62248
6338 56097
6339 56096
6340 64288
6341 39972
6342 54048
6343 60169
6344 56104
6345 25345
6346 18976
6347 25417
6348 54052
6349 60257
6350 58217
6351 25417
6352 40224
6353 17184
6354 58145
6355 19232
6356 53540
6357 61217
6358 39968
6359 27153
6360 55144
6361 19104
6362 27457
6363 17184
6364 64297
6365 54049
6366 17173
6367 51745
6368 49700
6369 60193
6370 25417
6371 55088
6372 17184
6373 25417
6374 17168
6375 19232
6376 25449
6377 56096
6378 25417
6379 54056
6380 54048
6381 55332
6382 54048
6383 52008
6384 27417
6385 23072
6386 17184
6387 25416
6388 17185
6389 17185
6390 28449
6391 19225
6392 55097
6393 58185
6394 18976
6395 17168
6396 27392
6397 27409
6398 19225
6399 55072
6400 17184
6401 40736
6402 17169
6403 58144
6404 17184
6405 49953
6406 18980
6407 58185
6408 18980
6409 17185
6410 54032
6411 53796
6412 58145
6413 58185
6414 55332
6415 62249
6416 18980
6417 27393
6418 39968
6419 60233
6420 53284
6421 55076
6422 27417
6423 18976
6424 55840
6425 17184
6426 25417
6427 53284
6428 18980
6429 16928
6430 57128
6431 55096
6432 58145
6433 16932
6434 19233
6435 55844
6436 55072
6437 25417
6438 52001
6439 19209
6440 57120
6441 49976
6442 53796
6443 27401
6444 17168
6445 18944
6446 17200
6447 52000
6448 40228
6449 28449
6450 56096
6451 52000
6452 49968
6453 58128
6454 55840
6455 39968
6456 40224
6457 56608
6458 54048
6459 27401
6460 25352
6461 27409
6462 58216
6463 18980
6464 58209
6465 55332
6466 40480
6467 62248
6468 52001
6469 53284
6470 17169
6471 51985
6472 17184
6473 27417
6474 51968
6475 17184
6476 27417
6477 54048
6478 19240
6479 55844
6480 17160
6481 56096
6482 54049
6483 25385
6484 18960
6485 55081
6486 28425
6487 17184
6488 25441
6489 27465
6490 53032
6491 27457
6492 54060
6493 56096
6494 55080
6495 17200
6496 18980
6497 53284
6498 60265
6499 23072
6500 49968
6501 63264
6502 52000
6503 39968
6504 27413
6505 40224
6506 18961
6507 27432
6508 55840
6509 25368
6510 55588
6511 25409
6512 17225
6513 27393
6514 53793
6515 25417
6516 54048
6517 40224
6518 61216
6519 49952
6520 58144
6521 49968
6522 40228
6523 63337
6524 17153
6525 25373
6526 55088
6527 53540
6528 56612
6529 54048
6530 19240
6531 58185
6532 27409
6533 55081
6534 25369
6535 49953
6536 54048
6537 18980
6538 27392
6539 55588
6540 19273
6541 18980
6542 18980
6543 60233
6544 56105
6545 19232
6546 55073
6547 56097
6548 19232
6549 27425
6550 54048
6551 51968
6552 19209
6553 58185
6554 49952
6555 17184
6556 54056
6557 56868
6558 25417
6559 58185
6560 17184
6561 56105
6562 58209
6563 62248
6564 19232
6565 57128
6566 17168
6567 56096
6568 49952
6569 54049
6570 18980
6571 62241
6572 18980
6573 18976
6574 53796
6575 23072
6576 25344
6577 55072
6578 49952
6579 50977
6580 17168
6581 55072
6582 27417
6583 49968
6584 25417
6585 17208
6586 60233
6587 17060
6588 54052
6589 51000
6590 55588
6591 49961
6592 19232
6593 56105
6594 58209
6595 19240
6596 25417
6597 54048
6598 27417
6599 54048
6600 39968
6601 17161
6602 62240
6603 55840
6604 39456
6605 18980
6606 17184
6607 55856
6608 19232
6609 58145
6610 25417
6611 25417
6612 25377
6613 17168
6614 54052
6615 60201
6616 25409
6617 17184
6618 26401
6619 27409
6620 58208
6621 18976
6622 28449
6623 51745
6624 27417
6625 56096
6626 17169
6627 21280
6628 18961
6629 25361
6630 58313
6631 55080
6632 17168
6633 55332
6634 40224
6635 61289
6636 40736
6637 18976
6638 63264
6639 18980
6640 58145
6641 54056
6642 64289
6643 58144
6644 25417
6645 55080
6646 59145
6647 49952
6648 18976
6649 27392
6650 17200
6651 18980
6652 54049
6653 55080
6654 25376
6655 54048
6656 25417
6657 16932
6658 17184
6659 53796
6660 26377
6661 57120
6662 26472
6663 52000
6664 55840
6665 60200
6666 19232
6667 64297
6668 25441
6669 25417
6670 18980
6671 57120
6672 54052
6673 49944
6674 19104
6675 27424
6676 40228
6677 49953
6678 25361
6679 27417
6680 25361
6681 62240
6682 53792
6683 62240
6684 40224
6685 28448
6686 17185
6687 49976
6688 28512
6689 18980
6690 56105
6691 25360
6692 6944
6693 21296
6694 49952
6695 25417
6696 54052
6697 19236
6698 17153
6699 56612
6700 19240
6701 58129
6702 27489
6703 56096
6704 49952
6705 18977
6706 18976
6707 57120
6708 27457
6709 49952
6710 58144
6711 18980
6712 25368
6713 49936
6714 65321
6715 54048
6716 2848
6717 56608
6718 58217
6719 57120
6720 17168
6721 27457
6722 27465
6723 27465
6724 56096
6725 27424
6726 19232
6727 18976
6728 16912
6729 49960
6730 17168
6731 54048
6732 27417
6733 49953
6734 54048
6735 18980
6736 60192
6737 27417
6738 40228
6739 58185
6740 58112
6741 27417
6742 25417
6743 17188
6744 63337
6745 25417
6746 59241
6747 2848
6748 26401
6749 18980
6750 27425
6751 55332
6752 52000
6753 27489
6754 17176
6755 52009
6756 19232
6757 49976
6758 58144
6759 63264
6760 58185
6761 54049
6762 40736
6763 27417
6764 56096
6765 57120
6766 25417
6767 55840
6768 50976
6769 54049
6770 19232
6771 19200
6772 55840
6773 18976
6774 61225
6775 50016
6776 55840
6777 25417
6778 54564
6779 56097
6780 26472
6781 49953
6782 58144
6783 19233
6784 56096
6785 26401
6786 54049
6787 40736
6788 18961
6789 39456
6790 56616
6791 25417
6792 52000
6793 57120
6794 53792
6795 58185
6796 52008
6797 53540
6798 40480
6799 52000
6800 61217
6801 58144
6802 40224
6803 52001
6804 21280
6805 55840
6806 51728
6807 17185
6808 18976
6809 58185
6810 57121
6811 56096
6812 19232
6813 17176
6814 54048
6815 16928
6816 19201
6817 17184
6818 53793
6819 25345
6820 55080
6821 18976
6822 18961
6823 16928
6824 60265
6825 27153
6826 57120
6827 17184
6828 27417
6829 55844
6830 27409
6831 56608
6832 25368
6833 21281
6834 17184
6835 58152
6836 58208
6837 52000
6838 27417
6839 55332
6840 18980
6841 18980
6842 17161
6843 27421
6844 23072
6845 19233
6846 40736
6847 18980
6848 27465
6849 53796
6850 19224
6851 56097
6852 54048
6853 27409
6854 25360
6855 19232
6856 54064
6857 18976
6858 40224
6859 54564
6860 25417
6861 17184
6862 28457
6863 58112
6864 56096
6865 28449
6866 18980
6867 56097
6868 17168
6869 18980
6870 40224
6871 56096
6872 19233
6873 54056
6874 25344
6875 28481
6876 51728
6877 19104
6878 39972
6879 17200
6880 54052
6881 18980
6882 55840
6883 56616
6884 18976
6885 52008
6886 40224
6887 60256
6888 55072
6889 18980
6890 16932
6891 18980
6892 56608
6893 55080
6894 49936
6895 17177
6896 57120
6897 18980
6898 54052
6899 2592
6900 55840
6901 56096
6902 19209
6903 19217
6904 58185
6905 2849
6906 55844
6907 54049
6908 17160
6909 59168
6910 58185
6911 18976
6912 19201
6913 54048
6914 60192
6915 17184
6916 19200
6917 25361
6918 17193
6919 49960
6920 16932
6921 19240
6922 27465
6923 60233
6924 18208
6925 58344
6926 25361
6927 27417
6928 60233
6929 2592
6930 27465
6931 17161
6932 18976
6933 55072
6934 52000
6935 40224
6936 27464
6937 49960
6938 52000
6939 53540
6940 63264
6941 57120
6942 51744
6943 55080
6944 54048
6945 58185
6946 53540
6947 18976
6948 55840
6949 58144
6950 27432
6951 54048
6952 19233
6953 54064
6954 57120
6955 49953
6956 40736
6957 25361
6958 60161
6959 39456
6960 40224
6961 27425
6962 64288
6963 49944
6964 21264
6965 25360
6966 51984
6967 18980
6968 40736
6969 25416
6970 19296
6971 19232
6972 19240
6973 49961
6974 27417
6975 55588
6976 19232
6977 56612
6978 55840
6979 17168
6980 58144
6981 52008
6982 58153
6983 26401
6984 17185
6985 56096
6986 59169
6987 25417
6988 27489
6989 27465
6990 59137
6991 40224
6992 56100
6993 25417
6994 19104
6995 19201
6996 17184
6997 55332
6998 55072
6999 56612
7000 2849
7001 63272
7002 49952
7003 17185
7004 52008
7005 40224
7006 49952
7007 17184
7008 39968
7009 26385
7010 53025
7011 53284
7012 18980
7013 60233
7014 49952
7015 25376
7016 18980
7017 55072
7018 55072
7019 58144
7020 40224
7021 52000
7022 56097
7023 39968
7024 54052
7025 19232
7026 39456
7027 51000
7028 60233
7029 25440
7030 55840
7031 39972
7032 57128
7033 40224
7034 25345
7035 60193
7036 17184
7037 53812
7038 25417
7039 2592
7040 61217
7041 19216
7042 53796
7043 55332
7044 18208
7045 27392
7046 53796
7047 25345
7048 61216
7049 55073
7050 17200
7051 39712
7052 27417
7053 18976
7054 56105
7055 60193
7056 40224
7057 60265
7058 25449
7059 25376
7060 18976
7061 58185
7062 17184
7063 57120
7064 27409
7065 17168
7066 25344
7067 58185
7068 58176
7069 56097
7070 56097
7071 58176
7072 53540
7073 39456
7074 17193
7075 56096
7076 6944
7077 52000
7078 17185
7079 25417
7080 49952
7081 55072
7082 23072
7083 56608
7084 40224
7085 16928
7086 18980
7087 51969
7088 25377
7089 27417
7090 59169
7091 25440
7092 57120
7093 52000
7094 54057
7095 49952
7096 25365
7097 27425
7098 25384
7099 27153
7100 25417
7101 27424
7102 57120
7103 27488
7104 17192
7105 56096
7106 18976
7107 58145
7108 60192
7109 49969
7110 18945
7111 54060
7112 58144
7113 25417
7114 57129
7115 56096
7116 58144
7117 19225
7118 58185
7119 54560
7120 40224
7121 55080
7122 49953
7123 40736
7124 49961
7125 18976
7126 40224
7127 16928
7128 57120
7129 25408
7130 63273
7131 58185
7132 18980
7133 58145
7134 18976
7135 27425
7136 55072
7137 52000
7138 52000
7139 17184
7140 18976
7141 27401
7142 17184
7143 27417
7144 49937
7145 55072
7146 56612
7147 56097
7148 18980
7149 40224
7150 18976
7151 56096
7152 18980
7153 55332
7154 18980
7155 56612
7156 18980
7157 59137
7158 58344
7159 53540
7160 55588
7161 60233
7162 27417
7163 54064
7164 53797
7165 25377
7166 18976
7167 27417
7168 17184
7169 49952
7170 58113
7171 56112
7172 39712
7173 27417
7174 57120
7175 55332
7176 25376
7177 55073
7178 25417
7179 19232
7180 49960
7181 17184
7182 53796
7183 25409
7184 40224
7185 54052
7186 17184
7187 17185
7188 18980
7189 19232
7190 19232
7191 18976
7192 56096
7193 57128
7194 39456
7195 49952
7196 55588
7197 54056
7198 23072
7199 54564
7200 53812
7201 27417
7202 58209
7203 54032
7204 54564
7205 23072
7206 19360
7207 27488
7208 56097
7209 55840
7210 58145
7211 25416
7212 19240
7213 19241
7214 58145
7215 49960
7216 18980
7217 16928
7218 55072
7219 17225
7220 18980
7221 17184
7222 58209
7223 56096
7224 25368
7225 57120
7226 25441
7227 18980
7228 56096
7229 55840
7230 19225
7231 59233
7232 27409
7233 49953
7234 54064
7235 60200
7236 27417
7237 17193
7238 17185
7239 53033
7240 19232
7241 58208
7242 58185
7243 17184
7244 56864
7245 27401
7246 19256
7247 18976
7248 25377
7249 25353
7250 25376
7251 60233
7252 58216
7253 28481
7254 58217
7255 58113
7256 17184
7257 57128
7258 63265
7259 21024
7260 50976
7261 25448
7262 38948
7263 27432
7264 26385
7265 27433
7266 49936
7267 25360
7268 54017
7269 40736
7270 62216
7271 17153
7272 58152
7273 25385
7274 16928
7275 25361
7276 55073
7277 25361
7278 27417
7279 21280
7280 18976
7281 58344
7282 58209
7283 49937
7284 55584
7285 19201
7286 49952
7287 18980
7288 54048
7289 55080
7290 58144
7291 27392
7292 39972
7293 56612
7294 25365
7295 64289
7296 19216
7297 60233
7298 40224
7299 25440
7300 18980
7301 49952
7302 49952
7303 55841
7304 18961
7305 18976
7306 58144
7307 27409
7308 55072
7309 25408
7310 26369
7311 17184
7312 2849
7313 49968
7314 19217
7315 58144
7316 27424
7317 49961
7318 54048
7319 39968
7320 55072
7321 58144
7322 39972
7323 17184
7324 57129
7325 27393
7326 54049
7327 54056
7328 16932
7329 25345
7330 16928
7331 64289
7332 55584
7333 49956
7334 18980
7335 27392
7336 53284
7337 62216
7338 58185
7339 57120
7340 49961
7341 25417
7342 60193
7343 58145
7344 53540
7345 18976
7346 18976
7347 40736
7348 56608
7349 53540
7350 58121
7351 56608
7352 49952
7353 50016
7354 18976
7355 17152
7356 18976
7357 55328
7358 25417
7359 17153
7360 27417
7361 49960
7362 20256
7363 49960
7364 19232
7365 27392
7366 51976
7367 57120
7368 27424
7369 54049
7370 58152
7371 25416
7372 26408
7373 25416
7374 27465
7375 49969
7376 40224
7377 27417
7378 19232
7379 18980
7380 49952
7381 17185
7382 58136
7383 25344
7384 6944
7385 27457
7386 27392
7387 62240
7388 17152
7389 55072
7390 17188
7391 25384
7392 59168
7393 57128
7394 25361
7395 58185
7396 17161
7397 56097
7398 16928
7399 54048
7400 40736
7401 58113
7402 25344
7403 25345
7404 55072
7405 19208
7406 49952
7407 26409
7408 61217
7409 55332
7410 55584
7411 55332
7412 58152
7413 54040
7414 55840
7415 56096
7416 19233
7417 55332
7418 25408
7419 52000
7420 58144
7421 54048
7422 17184
7423 40736
7424 54057
7425 58113
7426 27409
7427 58185
7428 27488
7429 17173
7430 59145
7431 60225
7432 64288
7433 49952
7434 55072
7435 27425
7436 25345
7437 25376
7438 19232
7439 21280
7440 26377
7441 54049
7442 27409
7443 26440
7444 58185
7445 55840
7446 58209
7447 57124
7448 25349
7449 55072
7450 2849
7451 56097
7452 54048
7453 16928
7454 27417
7455 49936
7456 27417
7457 19360
7458 57120
7459 54072
7460 49952
7461 28425
7462 55588
7463 53536
7464 49961
7465 50080
7466 27457
7467 16928
7468 64288
7469 54049
7470 52001
7471 55072
7472 58144
7473 25369
7474 17168
7475 17168
7476 28448
7477 18976
7478 25361
7479 51968
7480 27392
7481 56096
7482 52000
7483 58144
7484 25417
7485 17168
7486 40224
7487 23329
7488 58144
7489 26440
7490 52008
7491 58208
7492 27424
7493 56612
7494 19232
7495 60225
7496 25417
7497 18980
7498 56608
7499 54048
7500 56096
7501 19232
7502 40224
7503 57124
7504 55080
7505 27393
7506 25441
7507 39712
7508 40224
7509 16912
7510 55073
7511 39972
7512 40224
7513 55588
7514 19232
7515 57124
7516 49953
7517 49968
7518 60192
7519 58208
7520 60233
7521 25361
7522 63265
7523 19200
7524 17185
7525 27393
7526 27409
7527 19232
7528 25353
7529 54048
7530 19201
7531 28513
7532 27417
7533 25416
7534 55072
7535 27393
7536 63337
7537 19201
7538 57129
7539 25417
7540 54017
7541 49921
7542 18980
7543 58209
7544 25368
7545 26408
7546 19232
7547 60192
7548 58112
7549 49952
7550 39712
7551 58185
7552 18976
7553 49936
7554 52001
7555 17173
7556 63265
7557 39712
7558 54048
7559 56097
7560 58113
7561 63329
7562 56612
7563 27489
7564 60193
7565 27417
7566 26385
7567 55072
7568 49952
7569 40744
7570 40736
7571 56096
7572 27416
7573 58144
7574 17153
7575 57120
7576 40224
7577 53032
7578 25361
7579 18980
7580 56097
7581 49961
7582 19224
7583 27424
7584 56096
7585 55081
7586 57120
7587 21281
7588 52001
7589 55080
7590 60233
7591 18980
7592 54052
7593 49936
7594 56096
7595 27400
7596 58185
7597 27417
7598 51977
7599 55073
7600 55841
7601 19233
7602 19201
7603 17173
7604 20256
7605 60192
7606 52000
7607 27417
7608 25417
7609 54049
7610 63328
7611 61289
7612 56072
7613 19232
7614 63265
7615 53024
7616 6688
7617 60201
7618 25384
7619 25376
7620 18976
7621 61217
7622 54048
7623 17169
7624 55072
7625 17184
7626 27425
7627 49952
7628 49936
7629 51000
7630 25416
7631 19232
7632 60233
7633 58145
7634 27465
7635 25417
7636 54073
7637 58145
7638 54056
7639 19232
7640 54073
7641 60161
7642 54048
7643 49953
7644 17184
7645 40736
7646 16928
7647 49960
7648 55073
7649 23336
7650 57120
7651 25369
7652 56096
7653 27409
7654 52000
7655 27425
7656 19232
7657 63272
7658 58185
7659 58185
7660 17188
7661 49961
7662 49953
7663 17184
7664 25361
7665 54056
7666 53812
7667 16928
7668 18976
7669 18976
7670 55072
7671 17153
7672 25369
7673 62241
7674 49976
7675 25440
7676 27424
7677 21280
7678 27417
7679 57120
7680 56097
7681 56112
7682 2592
7683 52008
7684 27393
7685 27465
7686 49921
7687 19217
7688 62313
7689 57124
7690 64289
7691 54052
7692 49952
7693 27392
7694 17173
7695 54049
7696 25385
7697 52000
7698 19232
7699 17177
7700 56104
7701 27432
7702 17168
7703 49953
7704 27488
7705 53284
7706 18976
7707 54072
7708 58185
7709 58184
7710 27424
7711 63264
7712 19232
7713 18976
7714 56356
7715 40736
7716 49952
7717 56096
7718 19209
7719 19209
7720 27392
7721 18980
7722 55588
7723 27393
7724 50985
7725 58144
7726 40736
7727 56097
7728 56097
7729 58145
7730 55332
7731 16932
7732 25361
7733 17169
7734 56096
7735 19209
7736 56097
7737 58152
7738 62313
7739 52000
7740 49952
7741 51744
7742 53808
7743 57128
7744 17168
7745 55588
7746 28448
7747 54048
7748 49952
7749 54048
7750 40224
7751 60233
7752 28449
7753 60233
7754 25360
7755 25417
7756 58112
7757 53025
7758 17184
7759 25417
7760 25365
7761 49952
7762 27153
7763 23336
7764 56612
7765 57120
7766 25384
7767 19232
7768 25417
7769 25344
7770 54048
7771 56097
7772 27424
7773 52000
7774 17168
7775 57129
7776 59169
7777 58144
7778 53033
7779 58216
7780 64288
7781 25345
7782 40228
7783 49961
7784 56097
7785 53796
7786 59169
7787 19233
7788 17192
7789 27409
7790 54048
7791 28489
7792 58145
7793 17152
7794 65321
7795 27393
7796 58313
7797 49952
7798 49960
7799 25361
7800 52001
7801 25353
7802 58145
7803 27488
7804 56096
7805 17185
7806 52016
7807 52001
7808 53796
7809 58217
7810 19201
7811 54048
7812 51969
7813 53540
7814 55841
7815 58185
7816 25417
7817 57120
7818 25368
7819 40736
7820 53540
7821 18980
7822 56096
7823 60200
7824 55080
7825 54564
7826 18980
7827 26385
7828 18976
7829 58145
7830 53792
7831 54024
7832 58136
7833 62240
7834 18980
7835 40228
7836 54048
7837 58185
7838 58185
7839 56608
7840 27409
7841 53797
7842 54048
7843 56616
7844 19232
7845 52008
7846 55840
7847 17168
7848 25344
7849 51744
7850 60265
7851 19233
7852 28457
7853 18980
7854 17184
7855 55588
7856 25417
7857 17184
7858 56100
7859 17168
7860 58145
7861 56608
7862 27417
7863 53284
7864 49960
7865 25365
7866 63265
7867 25385
7868 21024
7869 49952
7870 56105
7871 25360
7872 58144
7873 27409
7874 26472
7875 17184
7876 25376
7877 27392
7878 55840
7879 17169
7880 6944
7881 58144
7882 18976
7883 27392
7884 17177
7885 56096
7886 27457
7887 18980
7888 27417
7889 40228
7890 56104
7891 57124
7892 59176
7893 62248
7894 17184
7895 57121
7896 55072
7897 58185
7898 25377
7899 40736
7900 62312
7901 55844
7902 58121
7903 51992
7904 39712
7905 19233
7906 19232
7907 58185
7908 56105
7909 28481
7910 52001
7911 19201
7912 27409
7913 19241
7914 18980
7915 25417
7916 28489
7917 51744
7918 27425
7919 27425
7920 55144
7921 56608
7922 25376
7923 18976
7924 52000
7925 25417
7926 57128
7927 25349
7928 49952
7929 39712
7930 60233
7931 58145
7932 19208
7933 25345
7934 19209
7935 58145
7936 17184
7937 60161
7938 21024
7939 25448
7940 18976
7941 18980
7942 27457
7943 27465
7944 18980
7945 25384
7946 18976
7947 63264
7948 62305
7949 54057
7950 18976
7951 19233
7952 27393
7953 58144
7954 27417
7955 57120
7956 52008
7957 54048
7958 27433
7959 55073
7960 19201
7961 49953
7962 55072
7963 63265
7964 25417
7965 21281
7966 55073
7967 54056
7968 56097
7969 54048
7970 55072
7971 21296
7972 52009
7973 40736
7974 16928
7975 21280
7976 54049
7977 19232
7978 27409
7979 16929
7980 54040
7981 25361
7982 59137
7983 57120
7984 25377
7985 63329
7986 60193
7987 27457
7988 18976
7989 57120
7990 56616
7991 54048
7992 55073
7993 17185
7994 60161
7995 18980
7996 54065
7997 18980
7998 58145
7999 65321
8000 58145
8001 60192
8002 19273
8003 17225
8004 26408
8005 26465
8006 25369
8007 16928
8008 54052
8009 18217
8010 55072
8011 53792
8012 57120
8013 27417
8014 21264
8015 57120
8016 17184
8017 58209
8018 49952
8019 2848
8020 18980
8021 55588
8022 18976
8023 18976
8024 27401
8025 27417
8026 53793
8027 54048
8028 49952
8029 49953
8030 25417
8031 28448
8032 18976
8033 25417
8034 19232
8035 55584
8036 49956
8037 18980
8038 18976
8039 17192
8040 27409
8041 49968
8042 60201
8043 27425
8044 18960
8045 18976
8046 17184
8047 39712
8048 6688
8049 19232
8050 26473
8051 25344
8052 59169
8053 17169
8054 27417
8055 49952
8056 53025
8057 20256
8058 25345
8059 60200
8060 17184
8061 49952
8062 11033
8063 53536
8064 25345
8065 60193
8066 19232
8067 16928
8068 17168
8069 17184
8070 50977
8071 19256
8072 56612
8073 25353
8074 58113
8075 49952
8076 27425
8077 17184
8078 18976
8079 11033
8080 19273
8081 64289
8082 56096
8083 17168
8084 53033
8085 28417
8086 25441
8087 25377
8088 58113
8089 57120
8090 18944
8091 64289
8092 17225
8093 49952
8094 17185
8095 51984
8096 54064
8097 25409
8098 17185
8099 27433
8100 18980
8101 56096
8102 55096
8103 58185
8104 25441
8105 49944
8106 52008
8107 63273
8108 25360
8109 65312
8110 19104
8111 25417
8112 27433
8113 19232
8114 17200
8115 58145
8116 17200
8117 18980
8118 63336
8119 18980
8120 55080
8121 58216
8122 56096
8123 19209
8124 54052
8125 18976
8126 58113
8127 56356
8128 57120
8129 56096
8130 54564
8131 27409
8132 17184
8133 54049
8134 58185
8135 58185
8136 56096
8137 18980
8138 55840
8139 25377
8140 27401
8141 27401
8142 6688
8143 28449
8144 52001
8145 17184
8146 25440
8147 18976
8148 55840
8149 28489
8150 17060
8151 25376
8152 17168
8153 18976
8154 50976
8155 50976
8156 19217
8157 61217
8158 17169
8159 17169
8160 58209
8161 25344
8162 49952
8163 58145
8164 56100
8165 40232
8166 55073
8167 27465
8168 60192
8169 17152
8170 17168
8171 49952
8172 25417
8173 54056
8174 18976
8175 25376
8176 54057
8177 23336
8178 25377
8179 54056
8180 49960
8181 19201
8182 19240
8183 17192
8184 25344
8185 58145
8186 20257
8187 18980
8188 58112
8189 19233
8190 53792
8191 54048
8192 28448
8193 17184
8194 18976
8195 27392
8196 17168
8197 53792
8198 17060
8199 19217
8200 19232
8201 27416
8202 19225
8203 49952
8204 19232
8205 27424
8206 27417
8207 54024
8208 53797
8209 17168
8210 58185
8211 40224
8212 54048
8213 18980
8214 56608
8215 27425
8216 17153
8217 39968
8218 40224
8219 25345
8220 49944
8221 49969
8222 27465
8223 40224
8224 18976
8225 16929
8226 19232
8227 28448
8228 55588
8229 28425
8230 17152
8231 16932
8232 57120
8233 17192
8234 18976
8235 19232
8236 50985
8237 49953
8238 58217
8239 27392
8240 25408
8241 25376
8242 27409
8243 19233
8244 54072
8245 49952
8246 21280
8247 25417
8248 53284
8249 17152
8250 59145
8251 58112
8252 49952
8253 52009
8254 54049
8255 19225
8256 53540
8257 63337
8258 57120
8259 57120
8260 17192
8261 18976
8262 18945
8263 18980
8264 60233
8265 59177
8266 18976
8267 49953
8268 25377
8269 62240
8270 49696
8271 49936
8272 58152
8273 49953
8274 50977
8275 26441
8276 55840
8277 17200
8278 25449
8279 17224
8280 62248
8281 28489
8282 27417
8283 27457
8284 52009
8285 54049
8286 17169
8287 18945
8288 55072
8289 17160
8290 17168
8291 58185
8292 39968
8293 61281
8294 2856
8295 54048
8296 18976
8297 27421
8298 18980
8299 49945
8300 56608
8301 62240
8302 56096
8303 56608
8304 20256
8305 54049
8306 39968
8307 49953
8308 18976
8309 25416
8310 25408
8311 56097
8312 54049
8313 27497
8314 58185
8315 19233
8316 54048
8317 19201
8318 52000
8319 25345
8320 19232
8321 56105
8322 16929
8323 17185
8324 49961
8325 19232
8326 17256
8327 19232
8328 49968
8329 58217
8330 17184
8331 25345
8332 18980
8333 53284
8334 25361
8335 27417
8336 56096
8337 49952
8338 27417
8339 52001
8340 19232
8341 50016
8342 40736
8343 53024
8344 18980
8345 52008
8346 53792
8347 52000
8348 39972
8349 56097
8350 17168
8351 18980
8352 27465
8353 54048
8354 52008
8355 26440
8356 40224
8357 16932
8358 17173
8359 19208
8360 27393
8361 27425
8362 27417
8363 57120
8364 26408
8365 25361
8366 25416
8367 27424
8368 57120
8369 25416
8370 17153
8371 55072
8372 26401
8373 53540
8374 54056
8375 25352
8376 49953
8377 54056
8378 49952
8379 58145
8380 49960
8381 18980
8382 58144
8383 19240
8384 25349
8385 19233
8386 25361
8387 49952
8388 27424
8389 57121
8390 57128
8391 27409
8392 27457
8393 26400
8394 16928
8395 27424
8396 54053
8397 56096
8398 63264
8399 2848
8400 17184
8401 56100
8402 27424
8403 19233
8404 18976
8405 39972
8406 17184
8407 49953
8408 18976
8409 25376
8410 18980
8411 25344
8412 17184
8413 27465
8414 39712
8415 63328
8416 60233
8417 25384
8418 51969
8419 40228
8420 27392
8421 62241
8422 52000
8423 56356
8424 54064
8425 54052
8426 57124
8427 25417
8428 60192
8429 53032
8430 18980
8431 17176
8432 54049
8433 53796
8434 27417
8435 54056
8436 17177
8437 54048
8438 50016
8439 50977
8440 49953
8441 16928
8442 54048
8443 56100
8444 53540
8445 18980
8446 60225
8447 62304
8448 49952
8449 55072
8450 18977
8451 17184
8452 27424
8453 25361
8454 55072
8455 49952
8456 57120
8457 25345
8458 27392
8459 18980
8460 56608
8461 60160
8462 39968
8463 60168
8464 56612
8465 17184
8466 52000
8467 54048
8468 60233
8469 27393
8470 19216
8471 50080
8472 17184
8473 25384
8474 25377
8475 25345
8476 57128
8477 56096
8478 19208
8479 55073
8480 28425
8481 52001
8482 58209
8483 54057
8484 51744
8485 18980
8486 63265
8487 56096
8488 40224
8489 18980
8490 18976
8491 27409
8492 25417
8493 49952
8494 52000
8495 58136
8496 50024
8497 19233
8498 17184
8499 60192
8500 54049
8501 49696
8502 50984
8503 17152
8504 57120
8505 17184
8506 54048
8507 57120
8508 18980
8509 17184
8510 25376
8511 49953
8512 53792
8513 50024
8514 58185
8515 54048
8516 27424
8517 54056
8518 25360
8519 27409
8520 25377
8521 28449
8522 27464
8523 58153
8524 18976
8525 54048
8526 17185
8527 19201
8528 17188
8529 25441
8530 49952
8531 58313
8532 60201
8533 55588
8534 27393
8535 57129
8536 57121
8537 51993
8538 56096
8539 58112
8540 27417
8541 2856
8542 55072
8543 55080
8544 17184
8545 57120
8546 51728
8547 25361
8548 64289
8549 21281
8550 27424
8551 57128
8552 58121
8553 62240
8554 58216
8555 49921
8556 58145
8557 25345
8558 58208
8559 50080
8560 49952
8561 19232
8562 25377
8563 27409
8564 54072
8565 27401
8566 25377
8567 26400
8568 18976
8569 56096
8570 19241
8571 49921
8572 19225
8573 19240
8574 52000
8575 19240
8576 55072
8577 26400
8578 56096
8579 59168
8580 49960
8581 60192
8582 17153
8583 25417
8584 56096
8585 57120
8586 59233
8587 28457
8588 58152
8589 50016
8590 58185
8591 58144
8592 54564
8593 18976
8594 63329
8595 49952
8596 19240
8597 20257
8598 53032
8599 60233
8600 55332
8601 25417
8602 17168
8603 54048
8604 27489
8605 51760
8606 19232
8607 54048
8608 54065
8609 54056
8610 60192
8611 49952
8612 49928
8613 56104
8614 18980
8615 27392
8616 39456
8617 19233
8618 27456
8619 56608
8620 18980
8621 53024
8622 17192
8623 27400
8624 58152
8625 58113
8626 25441
8627 54564
8628 23336
8629 58208
8630 19233
8631 19233
8632 27425
8633 56096
8634 25385
8635 60193
8636 19225
8637 39720
8638 53792
8639 25416
8640 28457
8641 52000
8642 58177
8643 53792
8644 27417
8645 59137
8646 57120
8647 55072
8648 59168
8649 27417
8650 58144
8651 18980
8652 58313
8653 19232
8654 58145
8655 52009
8656 58217
8657 58144
8658 63264
8659 19225
8660 54049
8661 27400
8662 39456
8663 25376
8664 54049
8665 49960
8666 27392
8667 17193
8668 55072
8669 56096
8670 18980
8671 25377
8672 19216
8673 25376
8674 59169
8675 19241
8676 25417
8677 55840
8678 6688
8679 60168
8680 55080
8681 49952
8682 25408
8683 56096
8684 49952
8685 53025
8686 54064
8687 25352
8688 25360
8689 57120
8690 27401
8691 19233
8692 49920
8693 27417
8694 58144
8695 27464
8696 40224
8697 20265
8698 52000
8699 25353
8700 55081
8701 60233
8702 49968
8703 59169
8704 54056
8705 54049
8706 52001
8707 55073
8708 17168
8709 58144
8710 27417
8711 63337
8712 25353
8713 49952
8714 27393
8715 17169
8716 17184
8717 18976
8718 50984
8719 18977
8720 27393
8721 25376
8722 49952
8723 54049
8724 58144
8725 49952
8726 49936
8727 55584
8728 54017
8729 55073
8730 17176
8731 17161
8732 49953
8733 49952
8734 6688
8735 55081
8736 25345
8737 58144
8738 56612
8739 27408
8740 54049
8741 18980
8742 49953
8743 25361
8744 25365
8745 53284
8746 25377
8747 19201
8748 50016
8749 27417
8750 25361
8751 19232
8752 25345
8753 55072
8754 56104
8755 17161
8756 39712
8757 27413
8758 50024
8759 25360
8760 49968
8761 18980
8762 56097
8763 25361
8764 27424
8765 25353
8766 23328
8767 18980
8768 52008
8769 60169
8770 58112
8771 58145
8772 55840
8773 25361
8774 27465
8775 27409
8776 53025
8777 18976
8778 27417
8779 58217
8780 54053
8781 25377
8782 25369
8783 25361
8784 58185
8785 55072
8786 56097
8787 19232
8788 17177
8789 25361
8790 54048
8791 19216
8792 25448
8793 59241
8794 56868
8795 56864
8796 27392
8797 55081
8798 19240
8799 60225
8800 40232
8801 49937
8802 55073
8803 52000
8804 17188
8805 53536
8806 49960
8807 49921
8808 25361
8809 25344
8810 17184
8811 18976
8812 25417
8813 18976
8814 54048
8815 55081
8816 58144
8817 49969
8818 28512
8819 58129
8820 28448
8821 25352
8822 54048
8823 27417
8824 27465
8825 25417
8826 25369
8827 27393
8828 17184
8829 27413
8830 25352
8831 49953
8832 25360
8833 59168
8834 54048
8835 25417
8836 49952
8837 25345
8838 55072
8839 27488
8840 27465
8841 53792
8842 49968
8843 58121
8844 51000
8845 61217
8846 19232
8847 25352
8848 17184
8849 19217
8850 55840
8851 27409
8852 54056
8853 27417
8854 50976
8855 25441
8856 55840
8857 27413
8858 51969
8859 25345
8860 17152
8861 58152
8862 58217
8863 52000
8864 54049
8865 18976
8866 27393
8867 55584
8868 27432
8869 28449
8870 19232
8871 16932
8872 58208
8873 55840
8874 19232
8875 17184
8876 53032
8877 49944
8878 19217
8879 27489
8880 54056
8881 27393
8882 51977
8883 18976
8884 54048
8885 62241
8886 54056
8887 54048
8888 52000
8889 58144
8890 27417
8891 27464
8892 49952
8893 59169
8894 49953
8895 25345
8896 59169
8897 60193
8898 56616
8899 27393
8900 18980
8901 17153
8902 25449
8903 58208
8904 60233
8905 58144
8906 27409
8907 28481
8908 56096
8909 57129
8910 58145
8911 54049
8912 58216
8913 59168
8914 54049
8915 58217
8916 54057
8917 17168
8918 52001
8919 58144
8920 60233
8921 59169
8922 54032
8923 19233
8924 58145
8925 25376
8926 19256
8927 55088
8928 26409
8929 27488
8930 55081
8931 17168
8932 54049
8933 19200
8934 58208
8935 62305
8936 25408
8937 57128
8938 25377
8939 27409
8940 51968
8941 58144
8942 27417
8943 54049
8944 19224
8945 55073
8946 19233
8947 27432
8948 54049
8949 55073
8950 49952
8951 27417
8952 17161
8953 19233
8954 53540
8955 19216
8956 27417
8957 58152
8958 18976
8959 51976
8960 26369
8961 56864
8962 58217
8963 63265
8964 25408
8965 55072
8966 58145
8967 17152
8968 19200
8969 25408
8970 52008
8971 27488
8972 19233
8973 19240
8974 25440
8975 26441
8976 58145
8977 19232
8978 58136
8979 58144
8980 25384
8981 19217
8982 56616
8983 56868
8984 54017
8985 50985
8986 17193
8987 25417
8988 27393
8989 25416
8990 27409
8991 25345
8992 49960
8993 25376
8994 59176
8995 19217
8996 54073
8997 19232
8998 27409
8999 54048
9000 19232
9001 56352
9002 27413
9003 17184
9004 58185
9005 2833
9006 61216
9007 19256
9008 25361
9009 53797
9010 49953
9011 49944
9012 49921
9013 59169
9014 27393
9015 49953
9016 19225
9017 19209
9018 27457
9019 27425
9020 39720
9021 51969
9022 49960
9023 58145
9024 25417
9025 25416
9026 25416
9027 54048
9028 27417
9029 25360
9030 61217
9031 25365
9032 17184
9033 51744
9034 54064
9035 63264
9036 58144
9037 17185
9038 49928
9039 54056
9040 58112
9041 18960
9042 27409
9043 58185
9044 18960
9045 27489
9046 55080
9047 49952
9048 49944
9049 49952
9050 53540
9051 25344
9052 27409
9053 54072
9054 27409
9055 49952
9056 19232
9057 19233
9058 25377
9059 27393
9060 20256
9061 27408
9062 27417
9063 19256
9064 19208
9065 27393
9066 25417
9067 58145
9068 54048
9069 49696
9070 17184
9071 27457
9072 56097
9073 52000
9074 57120
9075 58208
9076 17184
9077 58152
9078 62305
9079 25369
9080 17184
9081 49960
9082 63273
9083 17184
9084 17192
9085 27392
9086 59145
9087 27417
9088 19232
9089 58128
9090 25376
9091 2833
9092 55072
9093 27417
9094 53024
9095 56097
9096 51968
9097 27425
9098 18976
9099 57124
9100 55081
9101 17173
9102 27393
9103 52008
9104 58145
9105 25361
9106 25408
9107 27409
9108 58217
9109 27424
9110 27393
9111 25449
9112 27409
9113 58144
9114 52001
9115 18208
9116 51000
9117 58145
9118 17193
9119 25369
9120 25409
9121 27465
9122 54049
9123 60193
9124 57128
9125 52024
9126 27465
9127 54048
9128 56608
9129 55072
9130 25344
9131 56096
9132 19233
9133 49952
9134 49952
9135 17184
9136 25353
9137 25344
9138 54048
9139 28489
9140 55840
9141 53792
9142 58145
9143 2848
9144 19248
9145 17185
9146 19233
9147 60233
9148 18217
9149 49960
9150 61281
9151 27417
9152 17184
9153 49952
9154 55080
9155 49700
9156 25385
9157 58145
9158 19232
9159 16928
9160 62240
9161 17161
9162 58145
9163 51760
9164 25384
9165 51745
9166 55332
9167 40480
9168 52000
9169 19256
9170 19241
9171 58112
9172 27425
9173 18976
9174 58136
9175 40228
9176 55097
9177 27424
9178 27457
9179 19208
9180 25441
9181 55844
9182 54064
9183 57129
9184 56104
9185 58144
9186 56096
9187 52000
9188 49960
9189 25409
9190 28449
9191 25417
9192 39712
9193 27425
9194 27393
9195 17153
9196 25344
9197 52008
9198 40224
9199 17185
9200 25377
9201 25448
9202 54048
9203 17193
9204 54056
9205 19201
9206 25384
9207 49952
9208 19200
9209 58184
9210 51969
9211 58128
9212 65313
9213 58177
9214 54048
9215 54065
9216 40224
9217 60232
9218 59169
9219 55088
9220 58144
9221 25377
9222 52001
9223 58144
9224 17168
9225 25449
9226 39968
9227 54057
9228 58153
9229 56096
9230 17184
9231 56612
9232 54048
9233 54060
9234 49953
9235 27425
9236 54048
9237 25377
9238 19217
9239 54056
9240 25377
9241 54016
9242 52001
9243 25385
9244 50024
9245 27417
9246 39456
9247 49936
9248 55844
9249 18209
9250 40224
9251 25361
9252 59168
9253 55072
9254 54049
9255 57129
9256 27465
9257 57120
9258 53024
9259 55081
9260 64289
9261 58145
9262 63265
9263 25416
9264 56356
9265 25376
9266 27392
9267 25353
9268 50016
9269 25361
9270 27432
9271 27417
9272 17153
9273 59169
9274 20256
9275 58144
9276 57120
9277 51968
9278 49953
9279 49952
9280 27417
9281 58129
9282 50080
9283 27489
9284 19201
9285 62240
9286 54049
9287 60193
9288 49952
9289 60256
9290 39456
9291 19233
9292 57128
9293 19201
9294 51968
9295 49937
9296 25384
9297 52001
9298 49952
9299 58144
9300 19232
9301 40224
9302 25344
9303 58145
9304 54056
9305 54048
9306 56072
9307 19224
9308 54048
9309 60161
9310 25361
9311 17184
9312 58209
9313 25441
9314 27489
9315 58112
9316 54048
9317 25361
9318 59241
9319 49953
9320 56064
9321 62304
9322 60192
9323 56104
9324 19201
9325 58136
9326 27425
9327 62240
9328 19092
9329 49952
9330 27432
9331 27409
9332 54048
9333 55072
9334 58144
9335 52000
9336 58153
9337 54056
9338 49968
9339 25441
9340 19232
9341 60256
9342 19209
9343 25353
9344 63264
9345 58144
9346 19232
9347 25377
9348 58144
9349 19209
9350 25345
9351 25352
9352 49953
9353 27393
9354 27424
9355 19233
9356 19233
9357 58145
9358 25361
9359 25440
9360 57121
9361 58153
9362 58185
9363 19233
9364 55840
9365 25353
9366 27393
9367 19305
9368 56097
9369 27393
9370 49945
9371 19233
9372 51968
9373 63272
9374 60161
9375 25376
9376 53025
9377 25349
9378 54049
9379 54048
9380 54057
9381 52000
9382 49953
9383 27465
9384 25409
9385 58144
9386 19233
9387 26433
9388 58144
9389 27417
9390 49952
9391 55080
9392 61281
9393 55080
9394 54048
9395 49952
9396 17184
9397 25352
9398 18980
9399 58113
9400 27424
9401 64289
9402 19232
9403 49920
9404 63265
9405 60160
9406 57128
9407 19236
9408 63336
9409 56097
9410 54057
9411 19233
9412 25344
9413 50977
9414 19209
9415 27393
9416 49977
9417 54064
9418 25377
9419 60233
9420 55073
9421 60225
9422 25361
9423 19233
9424 62305
9425 58144
9426 19233
9427 27425
9428 27417
9429 19236
9430 27409
9431 27425
9432 17160
9433 27457
9434 63265
9435 59169
9436 25376
9437 62241
9438 27413
9439 60160
9440 25360
9441 17184
9442 25377
9443 54048
9444 25416
9445 27409
9446 19233
9447 17193
9448 20257
9449 52008
9450 25361
9451 19232
9452 19233
9453 56096
9454 58152
9455 49920
9456 56096
9457 49952
9458 17184
9459 60225
9460 54056
9461 49928
9462 18976
9463 51976
9464 40224
9465 25417
9466 52000
9467 58208
9468 54048
9469 63264
9470 19233
9471 19240
9472 27456
9473 27392
9474 49952
9475 50016
9476 50977
9477 25344
9478 27417
9479 52000
9480 54053
9481 27425
9482 64297
9483 25344
9484 60169
9485 27465
9486 54048
9487 52001
9488 19208
9489 49960
9490 54016
9491 60257
9492 25353
9493 56104
9494 19240
9495 25345
9496 58120
9497 49952
9498 60256
9499 27393
9500 17184
9501 62216
9502 27425
9503 49960
9504 54049
9505 49953
9506 51984
9507 56072
9508 52009
9509 49960
9510 50024
9511 58145
9512 25376
9513 64288
9514 60233
9515 40736
9516 2833
9517 58129
9518 27409
9519 25417
9520 27417
9521 25377
9522 56097
9523 40224
9524 57120
9525 63337
9526 25345
9527 27433
9528 17256
9529 17192
9530 18980
9531 27393
9532 25384
9533 54052
9534 18980
9535 40228
9536 55080
9537 58113
9538 27153
9539 60193
9540 54048
9541 65321
9542 58152
9543 25384
9544 27424
9545 60192
9546 25376
9547 53024
9548 54048
9549 62313
9550 19201
9551 27489
9552 27425
9553 54049
9554 27393
9555 17184
9556 58112
9557 27392
9558 60192
9559 54049
9560 50976
9561 54049
9562 56064
9563 25368
9564 17173
9565 27465
9566 55072
9567 25376
9568 56612
9569 39712
9570 58144
9571 19241
9572 51984
9573 18976
9574 58144
9575 19233
9576 58144
9577 52001
9578 26401
9579 25345
9580 26400
9581 54049
9582 25377
9583 56104
9584 19209
9585 52000
9586 50016
9587 62240
9588 19232
9589 19240
9590 54056
9591 27457
9592 19225
9593 52000
9594 54064
9595 57120
9596 27425
9597 54048
9598 54048
9599 17184
9600 25384
9601 56096
9602 49953
9603 49921
9604 58145
9605 54049
9606 52000
9607 17185
9608 49953
9609 17208
9610 52000
9611 21280
9612 25376
9613 58144
9614 62240
9615 54049
9616 52000
9617 62241
9618 58112
9619 55081
9620 60193
9621 19233
9622 27401
9623 25417
9624 26433
9625 55072
9626 49960
9627 27393
9628 52001
9629 25345
9630 28481
9631 49968
9632 54048
9633 55840
9634 39456
9635 54049
9636 64289
9637 17173
9638 57120
9639 17184
9640 54048
9641 40224
9642 25409
9643 55844
9644 25345
9645 51976
9646 49953
9647 57124
9648 57120
9649 49960
9650 55844
9651 19216
9652 25417
9653 26473
9654 51992
9655 25440
9656 17152
9657 17256
9658 17169
9659 25377
9660 25353
9661 25353
9662 56100
9663 58144
9664 49952
9665 49928
9666 51745
9667 19296
9668 58144
9669 25361
9670 17168
9671 19232
9672 58208
9673 49952
9674 49961
9675 27424
9676 49961
9677 49920
9678 49952
9679 49960
9680 54049
9681 54016
9682 25377
9683 27425
9684 25377
9685 54024
9686 52008
9687 27432
9688 56104
9689 54064
9690 54056
9691 52000
9692 55076
9693 27417
9694 25417
9695 27424
9696 25417
9697 26401
9698 25345
9699 27424
9700 57120
9701 49953
9702 17224
9703 58128
9704 59168
9705 40736
9706 54057
9707 40744
9708 25349
9709 27425
9710 17160
9711 55840
9712 60233
9713 52008
9714 55072
9715 17184
9716 59241
9717 25416
9718 27416
9719 27392
9720 58145
9721 27465
9722 25369
9723 19232
9724 17153
9725 58185
9726 54049
9727 27401
9728 19233
9729 49960
9730 25377
9731 27417
9732 25373
9733 54048
9734 58112
9735 25376
9736 25376
9737 51969
9738 25377
9739 54048
9740 27488
9741 25441
9742 25352
9743 58208
9744 56104
9745 60257
9746 28449
9747 62312
9748 54052
9749 25376
9750 28481
9751 27409
9752 49953
9753 19273
9754 25360
9755 49929
9756 19232
9757 62248
9758 27424
9759 58129
9760 58145
9761 28512
9762 19240
9763 58185
9764 25409
9765 58144
9766 52000
9767 51977
9768 27393
9769 25440
9770 25368
9771 25345
9772 55080
9773 25377
9774 60193
9775 58113
9776 19232
9777 54048
9778 25377
9779 54049
9780 55080
9781 19200
9782 56096
9783 54016
9784 54056
9785 55840
9786 25377
9787 49953
9788 54048
9789 60232
9790 18980
9791 17184
9792 58144
9793 52001
9794 25376
9795 27392
9796 17173
9797 25361
9798 27417
9799 19241
9800 60192
9801 62249
9802 27417
9803 63273
9804 49961
9805 58217
9806 27409
9807 52001
9808 25365
9809 50976
9810 27425
9811 60161
9812 54032
9813 18980
9814 52000
9815 54052
9816 52000
9817 50985
9818 50976
9819 52008
9820 60200
9821 27392
9822 26400
9823 17173
9824 52000
9825 49944
9826 58144
9827 19296
9828 19232
9829 62240
9830 58312
9831 27457
9832 56864
9833 57128
9834 58209
9835 58209
9836 56064
9837 19240
9838 19232
9839 61224
9840 55073
9841 25376
9842 17184
9843 49953
9844 27425
9845 55081
9846 60256
9847 58209
9848 50016
9849 49944
9850 49953
9851 54048
9852 25440
9853 19232
9854 17184
9855 55073
9856 55072
9857 57120
9858 40228
9859 40736
9860 27457
9861 25416
9862 40224
9863 54048
9864 19232
9865 50977
9866 21264
9867 62249
9868 19240
9869 19241
9870 59145
9871 58145
9872 58120
9873 55073
9874 27489
9875 55081
9876 58185
9877 25384
9878 63273
9879 27465
9880 27425
9881 27401
9882 58209
9883 19201
9884 19232
9885 60225
9886 27392
9887 58145
9888 54048
9889 50977
9890 58145
9891 55072
9892 52001
9893 17193
9894 25352
9895 56064
9896 58145
9897 58144
9898 17152
9899 58145
9900 26400
9901 25376
9902 17184
9903 54049
9904 27465
9905 19200
9906 56104
9907 55072
9908 49960
9909 54056
9910 49953
9911 54048
9912 27408
9913 19233
9914 17184
9915 54056
9916 25449
9917 27392
9918 19232
9919 49961
9920 27465
9921 27497
9922 54048
9923 62304
9924 49961
9925 40736
9926 50024
9927 57120
9928 54056
9929 25345
9930 54048
9931 17184
9932 25361
9933 49961
9934 54048
9935 25417
9936 17184
9937 26401
9938 27409
9939 60161
9940 58217
9941 25361
9942 51977
9943 27393
9944 54048
9945 63265
9946 25352
9947 17184
9948 49952
9949 25417
9950 49952
9951 58184
9952 55080
9953 54056
9954 17192
9955 60193
9956 56112
9957 27488
9958 55072
9959 60265
9960 52001
9961 17185
9962 27417
9963 55081
9964 25376
9965 19233
9966 27465
9967 58120
9968 2592
9969 58145
9970 62248
9971 17184
9972 58144
9973 58112
9974 55081
9975 59168
9976 25416
9977 58112
9978 19232
9979 18980
9980 56097
9981 62248
9982 60161
9983 59168
9984 54060
9985 56096
9986 55840
9987 58144
9988 58152
9989 25376
9990 58112
9991 58184
9992 27489
9993 49953
9994 54048
9995 53808
9996 25376
9997 27424
9998 49952
9999 49977
10000 58144
10001 60160
10002 19233
10003 26441
10004 58144
10005 54056
10006 58144
10007 27424
10008 58145
10009 54048
10010 54048
10011 54048
10012 19233
10013 50024
10014 49953
10015 49952
10016 58145
10017 56104
10018 58113
10019 25376
10020 17161
10021 49952
10022 60192
10023 49961
10024 52000
10025 49960
10026 57120
10027 49944
10028 59169
10029 19232
10030 17168
10031 17169
10032 54048
10033 25417
10034 58152
10035 60256
10036 25345
10037 27496
10038 58144
10039 25345
10040 2833
10041 25408
10042 54048
10043 19233
10044 60233
10045 25448
10046 58145
10047 54057
10048 64289
10049 26401
10050 52000
10051 57120
10052 27425
10053 54056
10054 58185
10055 58152
10056 25449
10057 54056
10058 19201
10059 27393
10060 17152
10061 49953
10062 17184
10063 60256
10064 49953
10065 17168
10066 58145
10067 19216
10068 58184
10069 25344
10070 63273
10071 60233
10072 63264
10073 25417
10074 51745
10075 54056
10076 62240
10077 64288
10078 52001
10079 19200
10080 60192
10081 58176
10082 27457
10083 54048
10084 17176
10085 27456
10086 52001
10087 54049
10088 60233
10089 60233
10090 25352
10091 49960
10092 55588
10093 27424
10094 17160
10095 25376
10096 19216
10097 25344
10098 65312
10099 19216
10100 56616
10101 58145
10102 54048
10103 19232
10104 27417
10105 58145
10106 49952
10107 49952
10108 58144
10109 50992
10110 58145
10111 58145
10112 49976
10113 60192
10114 27393
10115 49960
10116 49976
10117 54048
10118 53025
10119 25417
10120 19296
10121 17152
10122 49960
10123 64289
10124 49953
10125 25349
10126 17184
10127 55072
10128 25416
10129 49944
10130 60192
10131 54056
10132 51976
10133 52001
10134 25417
10135 54057
10136 58144
10137 50016
10138 56608
10139 49920
10140 63329
10141 39712
10142 18977
10143 25353
10144 27392
10145 27393
10146 25417
10147 56096
10148 54049
10149 57129
10150 25352
10151 58144
10152 25377
10153 25440
10154 17185
10155 25345
10156 49953
10157 25417
10158 25376
10159 55840
10160 58209
10161 54048
10162 63265
10163 58209
10164 49952
10165 28417
10166 53536
10167 18216
10168 58209
10169 19232
10170 51968
10171 54056
10172 25344
10173 58112
10174 2848
10175 58145
10176 54048
10177 57121
10178 39456
10179 2848
10180 19233
10181 25365
10182 49960
10183 58145
10184 58144
10185 54052
10186 60193
10187 60192
10188 27392
10189 60193
10190 27392
10191 49953
10192 27489
10193 25376
10194 27417
10195 27424
10196 54049
10197 27465
10198 25377
10199 27465
10200 27408
10201 58145
10202 55072
10203 54048
10204 54048
10205 25360
10206 26441
10207 27489
10208 61217
10209 64297
10210 40224
10211 54056
10212 49953
10213 55072
10214 27424
10215 25416
10216 25417
10217 27465
10218 19296
10219 25376
10220 55588
10221 17185
10222 28449
10223 54053
10224 49960
10225 17256
10226 51992
10227 27465
10228 54048
10229 59177
10230 54056
10231 27393
10232 52000
10233 56097
10234 55072
10235 18976
10236 19233
10237 54048
10238 19208
10239 52001
10240 49952
10241 25377
10242 19208
10243 55073
10244 56104
10245 49961
10246 27400
10247 18209
10248 39456
10249 58145
10250 54048
10251 62241
10252 6944
10253 54040
10254 17185
10255 25376
10256 50977
10257 19201
10258 60160
10259 58145
10260 60160
10261 62240
10262 25361
10263 49952
10264 27456
10265 17152
10266 18208
10267 49960
10268 25408
10269 49953
10270 25417
10271 27424
10272 25365
10273 63273
10274 27417
10275 57120
10276 53033
10277 58152
10278 25360
10279 25441
10280 58121
10281 55081
10282 26433
10283 19208
10284 26440
10285 18980
10286 49952
10287 25417
10288 19240
10289 58152
10290 25376
10291 52000
10292 25440
10293 49968
10294 57120
10295 17193
10296 19240
10297 49953
10298 58121
10299 21280
10300 27465
10301 25384
10302 60192
10303 49952
10304 55080
10305 54072
10306 51744
10307 53025
10308 2856
10309 25384
10310 51993
10311 25377
10312 28449
10313 17184
10314 25417
10315 16932
10316 58208
10317 58144
10318 17184
10319 49953
10320 25416
10321 25376
10322 49961
10323 59169
10324 25377
10325 60161
10326 17184
10327 58113
10328 19208
10329 18209
10330 49920
10331 49920
10332 19233
10333 61217
10334 49920
10335 59169
10336 54048
10337 25377
10338 25352
10339 58144
10340 17168
10341 27417
10342 54048
10343 60233
10344 57129
10345 58144
10346 64297
10347 52001
10348 28449
10349 56097
10350 19201
10351 60201
10352 50976
10353 49960
10354 17173
10355 52001
10356 52001
10357 54560
10358 19233
10359 55073
10360 52001
10361 17169
10362 56105
10363 51977
10364 19233
10365 49952
10366 58144
10367 58144
10368 52001
10369 54048
10370 54056
10371 60265
10372 17192
10373 54048
10374 18980
10375 52000
10376 27392
10377 27433
10378 52000
10379 49976
10380 49960
10381 19225
10382 25345
10383 25344
10384 25345
10385 25448
10386 54049
10387 56096
10388 51976
10389 59169
10390 56097
10391 19200
10392 60232
10393 54040
10394 65312
10395 49952
10396 19240
10397 60257
10398 54048
10399 16928
10400 27424
10401 27424
10402 27393
10403 56104
10404 58145
10405 53025
10406 54049
10407 56096
10408 51976
10409 17188
10410 25344
10411 54048
10412 25384
10413 63264
10414 49952
10415 62305
10416 49952
10417 26472
10418 27432
10419 62241
10420 53025
10421 19232
10422 54057
10423 27400
10424 27417
10425 17256
10426 19216
10427 25440
10428 56612
10429 19209
10430 63265
10431 61216
10432 27425
10433 56097
10434 27424
10435 58152
10436 52001
10437 56104
10438 49952
10439 25408
10440 27417
10441 54056
10442 27409
10443 28489
10444 25440
10445 27489
10446 26385
10447 28449
10448 56096
10449 60192
10450 62312
10451 49952
10452 25417
10453 58209
10454 51976
10455 25417
10456 49961
10457 17152
10458 25376
10459 60169
10460 25417
10461 62240
10462 49953
10463 17184
10464 27401
10465 28449
10466 19241
10467 51968
10468 56096
10469 52008
10470 52008
10471 17153
10472 62241
10473 19240
10474 52000
10475 23328
10476 58152
10477 60225
10478 58185
10479 16928
10480 25417
10481 56096
10482 58217
10483 19209
10484 49968
10485 52000
10486 60192
10487 60192
10488 27457
10489 19208
10490 27417
10491 54049
10492 55080
10493 58217
10494 17184
10495 60193
10496 58113
10497 49953
10498 58112
10499 49961
10500 54048
10501 62312
10502 23328
10503 26433
10504 25369
10505 62241
10506 50977
10507 55073
10508 55840
10509 50977
10510 17193
10511 58145
10512 21280
10513 25417
10514 49960
10515 55584
10516 26400
10517 49945
10518 58128
10519 58144
10520 58184
10521 60264
10522 54049
10523 49960
10524 60161
10525 54056
10526 17192
10527 60192
10528 17184
10529 51976
10530 57128
10531 55073
10532 58217
10533 58144
10534 58145
10535 51992
10536 27417
10537 27424
10538 49952
10539 58176
10540 26401
10541 17161
10542 60193
10543 27393
10544 17184
10545 52001
10546 58145
10547 49953
10548 25441
10549 17200
10550 17169
10551 52009
10552 57121
10553 17184
10554 52001
10555 52001
10556 52001
10557 52001
10558 25376
10559 49953
10560 27497
10561 19256
10562 50977
10563 54048
10564 58144
10565 26385
10566 60233
10567 54048
10568 25376
10569 58120
10570 54056
10571 17160
10572 25361
10573 58152
10574 54017
10575 27424
10576 55840
10577 54057
10578 19208
10579 17192
10580 52001
10581 27425
10582 49977
10583 62216
10584 49977
10585 58152
10586 58152
10587 58209
10588 28489
10589 54048
10590 25377
10591 54049
10592 60192
10593 25377
10594 49953
10595 54056
10596 52000
10597 54053
10598 56096
10599 20257
10600 19201
10601 27488
10602 49953
10603 27392
10604 58152
10605 58144
10606 27409
10607 59169
10608 56072
10609 58144
10610 52001
10611 58153
10612 54065
10613 27425
10614 54056
10615 55840
10616 27464
10617 52000
10618 27417
10619 58209
10620 25361
10621 54065
10622 19232
10623 25369
10624 17153
10625 17185
10626 58144
10627 25441
10628 62304
10629 27425
10630 50024
10631 50016
10632 25376
10633 27464
10634 54049
10635 51745
10636 56104
10637 52001
10638 49953
10639 19232
10640 54056
10641 27417
10642 60161
10643 61225
10644 25416
10645 27424
10646 26400
10647 58121
10648 27392
10649 58145
10650 50016
10651 25409
10652 54048
10653 49953
10654 18209
10655 18980
10656 27400
10657 40736
10658 26401
10659 52008
10660 25373
10661 40224
10662 25408
10663 17184
10664 25365
10665 19232
10666 40736
10667 40736
10668 58209
10669 25416
10670 57120
10671 25344
10672 23329
10673 49944
10674 61216
10675 54072
10676 55072
10677 52001
10678 27424
10679 58145
10680 49928
10681 19240
10682 58209
10683 58144
10684 25349
10685 58145
10686 18976
10687 6944
10688 25345
10689 51976
10690 58185
10691 63329
10692 58217
10693 2592
10694 49960
10695 59233
10696 60265
10697 52008
10698 58112
10699 25449
10700 25345
10701 27417
10702 60161
10703 54056
10704 25376
10705 49960
10706 52000
10707 49960
10708 17184
10709 58217
10710 56096
10711 60265
10712 60233
10713 52001
10714 26472
10715 27393
10716 58185
10717 58145
10718 27393
10719 49956
10720 56112
10721 55072
10722 55841
10723 58209
10724 25377
10725 58145
10726 27393
10727 49952
10728 61225
10729 54057
10730 27417
10731 27457
10732 27409
10733 18980
10734 25441
10735 25345
10736 17152
10737 27425
10738 58185
10739 40224
10740 49952
10741 54048
10742 57120
10743 55076
10744 50977
10745 25416
10746 27465
10747 25417
10748 19216
10749 54064
10750 56104
10751 57120
10752 55588
10753 57121
10754 49944
10755 54048
10756 19201
10757 19273
10758 63264
10759 19200
10760 55584
10761 17160
10762 27393
10763 60193
10764 49952
10765 25376
10766 17153
10767 28457
10768 19240
10769 63328
10770 25352
10771 27393
10772 19232
10773 53024
10774 58217
10775 62248
10776 49952
10777 16928
10778 58185
10779 39456
10780 58144
10781 49953
10782 63265
10783 17168
10784 49936
10785 25353
10786 53025
10787 49952
10788 26401
10789 27425
10790 25385
10791 27424
10792 54048
10793 20257
10794 25344
10795 57121
10796 49952
10797 27425
10798 27393
10799 54048
10800 58152
10801 53796
10802 59169
10803 25416
10804 27424
10805 56097
10806 54049
10807 19200
10808 49953
10809 17153
10810 60233
10811 58217
10812 18977
10813 49952
10814 54048
10815 55072
10816 58208
10817 64288
10818 17192
10819 54049
10820 19201
10821 19233
10822 19232
10823 62240
10824 17184
10825 27417
10826 49961
10827 52000
10828 25409
10829 27424
10830 27433
10831 52016
10832 54056
10833 54049
10834 19208
10835 49953
10836 25352
10837 56104
10838 60192
10839 27425
10840 55072
10841 19233
10842 60233
10843 58120
10844 17184
10845 54048
10846 25344
10847 40736
10848 52000
10849 62313
10850 49952
10851 19224
10852 53033
10853 55072
10854 18960
10855 39712
10856 53540
10857 27424
10858 57121
10859 25368
10860 62240
10861 19201
10862 21281
10863 52024
10864 58144
10865 19209
10866 27465
10867 51969
10868 54072
10869 25441
10870 55072
10871 55080
10872 19233
10873 54048
10874 19232
10875 58144
10876 27413
10877 55840
10878 50016
10879 53025
10880 57120
10881 17184
10882 58152
10883 58176
10884 52000
10885 19233
10886 19232
10887 49920
10888 49952
10889 19232
10890 58209
10891 25376
10892 19233
10893 25440
10894 58209
10895 49960
10896 58112
10897 49960
10898 25344
10899 55080
10900 56096
10901 58145
10902 56096
10903 52009
10904 19232
10905 27457
10906 27409
10907 19200
10908 17192
10909 52024
10910 18961
10911 19233
10912 25377
10913 52000
10914 19216
10915 57120
10916 17185
10917 60193
10918 58208
10919 19360
10920 17185
10921 27497
10922 52001
10923 17184
10924 55081
10925 52009
10926 49953
10927 49952
10928 17152
10929 58209
10930 49960
10931 59233
10932 27457
10933 17168
10934 27409
10935 18980
10936 28489
10937 19233
10938 58217
10939 17184
10940 58152
10941 11033
10942 49952
10943 54048
10944 49960
10945 27417
10946 49960
10947 63336
10948 25440
10949 19240
10950 19201
10951 25345
10952 50977
10953 25376
10954 54064
10955 55844
10956 25377
10957 59176
10958 56096
10959 54049
10960 58144
10961 51976
10962 60201
10963 59137
10964 27392
10965 52000
10966 27409
10967 25377
10968 58144
10969 54056
10970 19225
10971 58145
10972 49952
10973 58144
10974 64289
10975 39456
10976 60233
10977 19232
10978 60160
10979 49960
10980 18945
10981 52000
10982 49952
10983 58112
10984 27432
10985 19233
10986 49961
10987 25440
10988 51976
10989 54048
10990 62241
10991 49953
10992 58208
10993 56104
10994 58144
10995 49952
10996 58112
10997 19201
10998 60161
10999 17184
11000 25360
11001 58185
11002 19233
11003 19232
11004 49953
11005 55080
11006 54064
11007 51976
11008 49952
11009 60233
11010 17192
11011 49952
11012 56097
11013 17184
11014 54053
11015 19360
11016 27417
11017 54016
11018 49976
11019 56105
11020 19200
11021 52000
11022 52008
11023 56104
11024 54056
11025 25384
11026 58144
11027 17200
11028 49952
11029 27417
11030 52008
11031 56096
11032 21281
11033 62248
11034 19273
11035 49953
11036 26401
11037 17184
11038 59233
11039 27392
11040 27465
11041 17185
11042 18944
11043 40228
11044 60200
11045 25377
11046 25361
11047 17184
11048 52001
11049 25344
11050 55096
11051 62216
11052 55072
11053 60192
11054 49952
11055 63265
11056 27432
11057 55072
11058 50976
11059 49920
11060 52000
11061 25376
11062 27393
11063 25385
11064 25344
11065 25377
11066 28449
11067 60233
11068 58185
11069 60265
11070 27393
11071 58209
11072 19240
11073 52000
11074 49960
11075 54048
11076 58185
11077 49952
11078 27424
11079 52000
11080 58144
11081 60257
11082 19217
11083 58144
11084 52001
11085 27424
11086 54049
11087 49928
11088 58144
11089 27393
11090 60233
11091 19233
11092 59177
11093 60233
11094 58185
11095 58217
11096 60233
11097 17193
11098 19232
11099 19232
11100 49977
11101 49952
11102 49952
11103 28449
11104 17160
11105 51969
11106 27425
11107 54049
11108 25377
11109 49960
11110 27424
11111 60233
11112 52001
11113 27457
11114 27424
11115 49952
11116 54057
11117 55072
11118 17184
11119 55072
11120 54056
11121 60192
11122 55080
11123 51976
11124 19233
11125 19232
11126 17256
11127 25377
11128 27425
11129 62304
11130 60193
11131 51984
11132 49961
11133 60193
11134 17177
11135 54048
11136 27425
11137 28489
11138 55073
11139 64297
11140 25345
11141 27409
11142 54065
11143 27465
11144 19208
11145 57120
11146 60193
11147 16928
11148 18980
11149 49952
11150 58153
11151 27457
11152 49953
11153 19232
11154 50992
11155 49945
11156 52001
11157 19233
11158 40744
11159 49921
11160 60233
11161 25441
11162 2849
11163 17184
11164 58185
11165 58217
11166 58152
11167 58144
11168 50024
11169 58216
11170 28512
11171 54064
11172 54057
11173 60233
11174 27393
11175 53793
11176 27465
11177 19232
11178 54048
11179 19201
11180 25369
11181 19225
11182 27465
11183 55072
11184 27489
11185 25345
11186 49953
11187 49976
11188 25416
11189 27393
11190 49953
11191 58120
11192 25448
11193 19208
11194 17188
11195 25377
11196 25345
11197 17173
11198 49953
11199 60192
11200 52016
11201 52009
11202 27488
11203 58144
11204 49952
11205 55073
11206 57121
11207 61289
11208 19201
11209 27424
11210 52008
11211 52001
11212 54057
11213 27489
11214 60161
11215 19201
11216 27393
11217 19240
11218 58144
11219 51760
11220 39712
11221 58144
11222 58208
11223 55073
11224 55073
11225 54056
11226 17185
11227 58144
11228 49952
11229 19233
11230 49953
11231 19200
11232 60193
11233 54049
11234 25441
11235 53024
11236 18980
11237 52008
11238 19225
11239 57120
11240 19232
11241 28449
11242 50976
11243 25409
11244 49961
11245 27488
11246 49952
11247 49953
11248 58184
11249 25361
11250 25361
11251 25345
11252 25353
11253 58152
11254 58144
11255 17152
11256 49968
11257 17193
11258 25376
11259 25345
11260 61225
11261 56096
11262 25369
11263 27417
11264 62241
11265 54049
11266 19201
11267 19200
11268 52008
11269 39456
11270 19296
11271 58185
11272 27424
11273 56096
11274 54048
11275 49928
11276 27425
11277 52000
11278 53284
11279 62312
11280 56105
11281 52000
11282 25376
11283 58152
11284 25377
11285 58113
11286 19240
11287 61225
11288 55840
11289 54056
11290 62240
11291 19201
11292 58144
11293 27392
11294 19233
11295 59169
11296 25377
11297 17188
11298 52000
11299 58112
11300 60233
11301 54048
11302 53024
11303 62248
11304 49953
11305 55840
11306 49961
11307 59168
11308 58145
11309 52000
11310 27401
11311 19232
11312 58112
11313 49961
11314 19236
11315 62304
11316 60256
11317 52000
11318 49920
11319 17185
11320 56096
11321 19232
11322 2849
11323 27392
11324 49952
11325 56096
11326 58312
11327 56097
11328 49960
11329 55080
11330 54057
11331 2592
11332 62216
11333 54049
11334 25344
11335 49953
11336 55080
11337 65312
11338 17256
11339 25344
11340 54049
11341 25352
11342 18217
11343 59169
11344 60265
11345 25345
11346 17176
11347 49952
11348 55080
11349 49968
11350 49952
11351 18977
11352 27417
11353 53792
11354 16912
11355 25409
11356 26377
11357 25417
11358 27393
11359 49952
11360 25352
11361 25352
11362 61224
11363 27416
11364 25361
11365 56105
11366 49953
11367 58120
11368 25345
11369 27465
11370 49953
11371 59168
11372 63265
11373 28489
11374 25369
11375 55072
11376 54049
11377 54048
11378 55080
11379 27401
11380 17168
11381 58120
11382 64288
11383 49976
11384 27424
11385 58112
11386 63265
11387 49961
11388 49945
11389 27400
11390 18976
11391 25448
11392 25353
11393 60193
11394 58152
11395 49952
11396 27153
11397 62241
11398 49961
11399 27457
11400 54056
11401 58177
11402 58144
11403 54049
11404 51992
11405 58185
11406 25376
11407 17185
11408 55840
11409 17184
11410 17152
11411 56096
11412 17152
11413 55332
11414 55073
11415 27457
11416 25441
11417 60257
11418 56096
11419 25384
11420 54049
11421 54064
11422 27409
11423 49976
11424 19233
11425 52001
11426 51728
11427 19240
11428 54048
11429 25376
11430 52000
11431 21281
11432 27392
11433 60264
11434 58145
11435 58144
11436 19216
11437 52000
11438 19209
11439 18208
11440 19225
11441 52008
11442 57120
11443 49953
11444 54048
11445 58185
11446 58144
11447 58185
11448 25368
11449 51976
11450 40224
11451 53536
11452 58208
11453 25345
11454 52001
11455 54048
11456 54049
11457 27457
11458 54048
11459 58145
11460 27424
11461 59169
11462 52001
11463 17184
11464 51968
11465 49952
11466 27393
11467 25408
11468 19240
11469 27488
11470 28449
11471 25376
11472 49952
11473 58129
11474 63265
11475 54040
11476 27424
11477 39456
11478 52008
11479 50016
11480 17200
11481 25376
11482 19241
11483 49953
11484 58144
11485 27424
11486 39456
11487 55844
11488 58185
11489 49952
11490 58145
11491 49953
11492 54048
11493 19225
11494 60264
11495 52000
11496 49944
11497 27417
11498 55072
11499 49968
11500 54048
11501 27465
11502 17185
11503 25376
11504 49953
11505 56612
11506 27433
11507 19208
11508 27392
11509 27489
11510 56112
11511 40736
11512 39712
11513 50016
11514 60193
11515 25345
11516 56616
11517 28417
11518 49944
11519 19224
11520 55088
11521 17185
11522 19232
11523 59137
11524 55072
11525 27425
11526 25345
11527 58112
11528 27153
11529 49952
11530 54048
11531 60192
11532 27424
11533 52016
11534 49953
11535 39712
11536 54049
11537 63265
11538 27457
11539 25377
11540 27425
11541 56096
11542 25440
11543 60161
11544 18980
11545 49920
11546 28417
11547 60233
11548 25361
11549 49976
11550 60192
11551 27425
11552 19241
11553 27392
11554 27417
11555 60265
11556 52009
11557 27392
11558 52009
11559 49952
11560 19201
11561 27424
11562 18980
11563 58185
11564 19233
11565 49952
11566 19233
11567 63265
11568 21281
11569 62305
11570 49960
11571 54056
11572 27409
11573 54049
11574 19248
11575 63264
11576 60168
11577 17184
11578 19208
11579 54049
11580 19216
11581 55840
11582 17152
11583 58145
11584 17169
11585 27497
11586 17160
11587 27416
11588 50080
11589 49960
11590 60233
11591 53808
11592 28457
11593 58209
11594 17185
11595 28449
11596 39456
11597 27393
11598 16932
11599 58185
11600 17184
11601 17185
11602 19201
11603 54560
11604 2856
11605 60256
11606 59169
11607 25344
11608 52000
11609 49960
11610 27417
11611 19232
11612 27408
11613 60265
11614 58217
11615 27424
11616 23336
11617 58177
11618 60192
11619 19208
11620 49952
11621 19232
11622 2592
11623 19209
11624 58208
11625 27457
11626 54049
11627 58144
11628 17184
11629 64289
11630 59169
11631 27424
11632 58120
11633 60233
11634 49952
11635 17169
11636 54048
11637 19232
11638 52001
11639 25377
11640 25376
11641 49953
11642 60192
11643 17152
11644 58145
11645 19236
11646 17225
11647 54052
11648 54064
11649 27409
11650 62240
11651 52009
11652 17168
11653 54049
11654 53033
11655 25360
11656 56096
11657 25352
11658 40736
11659 49928
11660 63328
11661 26465
11662 49928
11663 19240
11664 27425
11665 58144
11666 28449
11667 19201
11668 17185
11669 19240
11670 63264
11671 52001
11672 59168
11673 50985
11674 49936
11675 60193
11676 19241
11677 50016
11678 27393
11679 59169
11680 60192
11681 58112
11682 19209
11683 52000
11684 27417
11685 28417
11686 54048
11687 60193
11688 25384
11689 55080
11690 49952
11691 25368
11692 55073
11693 25417
11694 58153
11695 61289
11696 58152
11697 25377
11698 17176
11699 55073
11700 17169
11701 25376
11702 25377
11703 27465
11704 19224
11705 53792
11706 25377
11707 27433
11708 25345
11709 2849
11710 49952
11711 49961
11712 56105
11713 52000
11714 25345
11715 19233
11716 56096
11717 49960
11718 57121
11719 62241
11720 49952
11721 27425
11722 55840
11723 19241
11724 19200
11725 50080
11726 52001
11727 58144
11728 27424
11729 25441
11730 49969
11731 56097
11732 19232
11733 52001
11734 54048
11735 28449
11736 27424
11737 60160
11738 59177
11739 49960
11740 52000
11741 56097
11742 51728
11743 54049
11744 19209
11745 28449
11746 27433
11747 55081
11748 56097
11749 27456
11750 27417
11751 54056
11752 49953
11753 58145
11754 27432
11755 27456
11756 54056
11757 19232
11758 54056
11759 27424
11760 54049
11761 63337
11762 56096
11763 52001
11764 58144
11765 49696
11766 56096
11767 21281
11768 51985
11769 25344
11770 52009
11771 23336
11772 28513
11773 54056
11774 58144
11775 52000
11776 60161
11777 63272
11778 18945
11779 60160
11780 16929
11781 25344
11782 17185
11783 56096
11784 52000
11785 54056
11786 17160
11787 54049
11788 19201
11789 52008
11790 54056
11791 27392
11792 17184
11793 18960
11794 19200
11795 49952
11796 62240
11797 57129
11798 58113
11799 51992
11800 63329
11801 49953
11802 50016
11803 18960
11804 49952
11805 49952
11806 19232
11807 17184
11808 25441
11809 17184
11810 25376
11811 54048
11812 40736
11813 49921
11814 19201
11815 27417
11816 56616
11817 25376
11818 56608
11819 16912
11820 17153
11821 57124
11822 25377
11823 62312
11824 17184
11825 56608
11826 49960
11827 17153
11828 17184
11829 62312
11830 19209
11831 27497
11832 58128
11833 54056
11834 25376
11835 25385
11836 25361
11837 25376
11838 59233
11839 54049
11840 58144
11841 27425
11842 25368
11843 52008
11844 49969
11845 19208
11846 19209
11847 54057
11848 25344
11849 27433
11850 54048
11851 56097
11852 27425
11853 19232
11854 17185
11855 26377
11856 19216
11857 17185
11858 19240
11859 25417
11860 28417
11861 27489
11862 60169
11863 17168
11864 50016
11865 19216
11866 26401
11867 17184
11868 25376
11869 27425
11870 17161
11871 19233
11872 60233
11873 57120
11874 53033
11875 27393
11876 49961
11877 54560
11878 19233
11879 58145
11880 54049
11881 27488
11882 63264
11883 39720
11884 52001
11885 56868
11886 52000
11887 50977
11888 49953
11889 60192
11890 25377
11891 49953
11892 58144
11893 60193
11894 56097
11895 56072
11896 27488
11897 52000
11898 25417
11899 52001
11900 19233
11901 58209
11902 58152
11903 54049
11904 27457
11905 58136
11906 52000
11907 52001
11908 19232
11909 19232
11910 59169
11911 20257
11912 25384
11913 25416
11914 60233
11915 59241
11916 20257
11917 56097
11918 49960
11919 25440
11920 51968
11921 57121
11922 25345
11923 25376
11924 50984
11925 28448
11926 54056
11927 19233
11928 54056
11929 49952
11930 39720
11931 58144
11932 54048
11933 51984
11934 62304
11935 60225
11936 52001
11937 50016
11938 52000
11939 54056
11940 59168
11941 51984
11942 60233
11943 49952
11944 58145
11945 58112
11946 19233
11947 19232
11948 60169
11949 58216
11950 51992
11951 58145
11952 19232
11953 49960
11954 49936
11955 64289
11956 53808
11957 25376
11958 62241
11959 40736
11960 52009
11961 60256
11962 60192
11963 58145
11964 60233
11965 25449
11966 27417
11967 19217
11968 54048
11969 49953
11970 57128
11971 55076
11972 55097
11973 19209
11974 27393
11975 58145
11976 49952
11977 58145
11978 57121
11979 60160
11980 58152
11981 49952
11982 60168
11983 49961
11984 19240
11985 58208
11986 18976
11987 25376
11988 49929
11989 52000
11990 25353
11991 27425
11992 52009
11993 25376
11994 19233
11995 54056
11996 52001
11997 49952
11998 56097
11999 49953
12000 49920
12001 19201
12002 27424
12003 51992
12004 25377
12005 59169
12006 25385
12007 27424
12008 53808
12009 58209
12010 52000
12011 28457
12012 25353
12013 40224
12014 25417
12015 25376
12016 58185
12017 54060
12018 55073
12019 63337
12020 54048
12021 63273
12022 50976
12023 54048
12024 58216
12025 27424
12026 52024
12027 56104
12028 49953
12029 55840
12030 58152
12031 58144
12032 51968
12033 58209
12034 27424
12035 51968
12036 25376
12037 25344
12038 25376
12039 59177
12040 56096
12041 49952
12042 26401
12043 17184
12044 25385
12045 55072
12046 60192
12047 27425
12048 50977
12049 27408
12050 51992
12051 19200
12052 55072
12053 58144
12054 49952
12055 39972
12056 58184
12057 60233
12058 60264
12059 25352
12060 54016
12061 49976
12062 54057
12063 52000
12064 27433
12065 27433
12066 50080
12067 52000
12068 54049
12069 49952
12070 17185
12071 52001
12072 52000
12073 54049
12074 49928
12075 58112
12076 52001
12077 55072
12078 25376
12079 52001
12080 27432
12081 60193
12082 27497
12083 19209
12084 58145
12085 54048
12086 49961
12087 60192
12088 56612
12089 49953
12090 49953
12091 54057
12092 54048
12093 17192
12094 49952
12095 49961
12096 25376
12097 58208
12098 51985
12099 19232
12100 26400
12101 49944
12102 25440
12103 27392
12104 19232
12105 49953
12106 27424
12107 28481
12108 17185
12109 25417
12110 49953
12111 53024
12112 25408
12113 25440
12114 56096
12115 53024
12116 53024
12117 25417
12118 27425
12119 27393
12120 49952
12121 58145
12122 49953
12123 54060
12124 54048
12125 21264
12126 56608
12127 56104
12128 18976
12129 28449
12130 53536
12131 52001
12132 19209
12133 65312
12134 50016
12135 50976
12136 54056
12137 54072
12138 17161
12139 17160
12140 55073
12141 17192
12142 17152
12143 52008
12144 18945
12145 17200
12146 54056
12147 17152
12148 49952
12149 17188
12150 25377
12151 27464
12152 60193
12153 49960
12154 52001
12155 28425
12156 17184
12157 62241
12158 56096
12159 25376
12160 25353
12161 49944
12162 56105
12163 19201
12164 58144
12165 62241
12166 58185
12167 58153
12168 25440
12169 58145
12170 19240
12171 40480
12172 17184
12173 60233
12174 25376
12175 25441
12176 25441
12177 58145
12178 58209
12179 52001
12180 52000
12181 19200
12182 59232
12183 17152
12184 54560
12185 25440
12186 27401
12187 62241
12188 49953
12189 60192
12190 49953
12191 25385
12192 19217
12193 58145
12194 19201
12195 56104
12196 57120
12197 58145
12198 56097
12199 27496
12200 19232
12201 56064
12202 26464
12203 54048
12204 49952
12205 17176
12206 60192
12207 57120
12208 54056
12209 58185
12210 26401
12211 58185
12212 58185
12213 58113
12214 25441
12215 19241
12216 55080
12217 54056
12218 59177
12219 52001
12220 27400
12221 25376
12222 54072
12223 58144
12224 49952
12225 27392
12226 25441
12227 27393
12228 19233
12229 52000
12230 54049
12231 63264
12232 23072
12233 49953
12234 27392
12235 54048
12236 59168
12237 60233
12238 51969
12239 64297
12240 56105
12241 25376
12242 49952
12243 25376
12244 27392
12245 19232
12246 59137
12247 54048
12248 59169
12249 19232
12250 54048
12251 60257
12252 49953
12253 25377
12254 55588
12255 19232
12256 27465
12257 17161
12258 25376
12259 27417
12260 25376
12261 54048
12262 18980
12263 49953
12264 49952
12265 49952
12266 17168
12267 49944
12268 27392
12269 55081
12270 55080
12271 27409
12272 56096
12273 17185
12274 57124
12275 56096
12276 49953
12277 26465
12278 59177
12279 54060
12280 54056
12281 62249
12282 49977
12283 54048
12284 51985
12285 49953
12286 54056
12287 19232
12288 58216
12289 49952
12290 62248
12291 27409
12292 49936
12293 27425
12294 27393
12295 25344
12296 58112
12297 49928
12298 17184
12299 26472
12300 25441
12301 62241
12302 49952
12303 49961
12304 58113
12305 18960
12306 58209
12307 59168
12308 49968
12309 19232
12310 17184
12311 27392
12312 26377
12313 19232
12314 60257
12315 19232
12316 58153
12317 38948
12318 39712
12319 19232
12320 58185
12321 60256
12322 60233
12323 63337
12324 53024
12325 25409
12326 53284
12327 54057
12328 58217
12329 49976
12330 52000
12331 25352
12332 58145
12333 58144
12334 26401
12335 59168
12336 59168
12337 25376
12338 39456
12339 19233
12340 54048
12341 17185
12342 52000
12343 19232
12344 55073
12345 27432
12346 17192
12347 54049
12348 54048
12349 49953
12350 19233
12351 49953
12352 54049
12353 59232
12354 59169
12355 58145
12356 25377
12357 39456
12358 25377
12359 27392
12360 56096
12361 58152
12362 55844
12363 19200
12364 55081
12365 58153
12366 49961
12367 58185
12368 58152
12369 58185
12370 58145
12371 40224
12372 49952
12373 27433
12374 27393
12375 63273
12376 52000
12377 53024
12378 25377
12379 25377
12380 60264
12381 25440
12382 56100
12383 58121
12384 27393
12385 17184
12386 49952
12387 49961
12388 53024
12389 27417
12390 27425
12391 56096
12392 25441
12393 27425
12394 27393
12395 19232
12396 63264
12397 49952
12398 49920
12399 27424
12400 57120
12401 60192
12402 52000
12403 25440
12404 61216
12405 17177
12406 59169
12407 54056
12408 49953
12409 61216
12410 52008
12411 19240
12412 51744
12413 19233
12414 27424
12415 27393
12416 52000
12417 58145
12418 59168
12419 49952
12420 57120
12421 55072
12422 28448
12423 60256
12424 27409
12425 60233
12426 52000
12427 58144
12428 54056
12429 52008
12430 39720
12431 25377
12432 56096
12433 49953
12434 25416
12435 26465
12436 58144
12437 55588
12438 17184
12439 58113
12440 25352
12441 27393
12442 55072
12443 40744
12444 49961
12445 25409
12446 65321
12447 49968
12448 49920
12449 53025
12450 58144
12451 27465
12452 16932
12453 25417
12454 60265
12455 49961
12456 19233
12457 56097
12458 25377
12459 27417
12460 49952
12461 58145
12462 25345
12463 25417
12464 17160
12465 58145
12466 58152
12467 54072
12468 52009
12469 49952
12470 17152
12471 54057
12472 49961
12473 61289
12474 61225
12475 54056
12476 19232
12477 60225
12478 58145
12479 19240
12480 40736
12481 58208
12482 54048
12483 19241
12484 54017
12485 58145
12486 58185
12487 19216
12488 25361
12489 58144
12490 60233
12491 59177
12492 54048
12493 58185
12494 54048
12495 54048
12496 58209
12497 52000
12498 49952
12499 60233
12500 27465
12501 49937
12502 25376
12503 25344
12504 52009
12505 54056
12506 52000
12507 19232
12508 54048
12509 25345
12510 57128
12511 19201
12512 27424
12513 55072
12514 56097
12515 49953
12516 61217
12517 27424
12518 54065
12519 50977
12520 49960
12521 40480
12522 27424
12523 60256
12524 25440
12525 58209
12526 52000
12527 54560
12528 49952
12529 17185
12530 57120
12531 60233
12532 58185
12533 27424
12534 25376
12535 27497
12536 65312
12537 27393
12538 60193
12539 27424
12540 27424
12541 25360
12542 58144
12543 56104
12544 54049
12545 26401
12546 58313
12547 53792
12548 49960
12549 25384
12550 17184
12551 63265
12552 57120
12553 51992
12554 25441
12555 2856
12556 23336
12557 54057
12558 19233
12559 58113
12560 58152
12561 56097
12562 55840
12563 28448
12564 57120
12565 27425
12566 25441
12567 19232
12568 49944
12569 49921
12570 17184
12571 62241
12572 52001
12573 58145
12574 40736
12575 62241
12576 54048
12577 54056
12578 51992
12579 58145
12580 25384
12581 58145
12582 17176
12583 25417
12584 49953
12585 49952
12586 58144
12587 25376
12588 57120
12589 58145
12590 55072
12591 53033
12592 49952
12593 27424
12594 63272
12595 17152
12596 52000
12597 19225
12598 58145
12599 27393
12600 56072
12601 54032
12602 58144
12603 19305
12604 17184
12605 25345
12606 25441
12607 26473
12608 27408
12609 58145
12610 49961
12611 19201
12612 25384
12613 55080
12614 25408
12615 57121
12616 19240
12617 25345
12618 58121
12619 25377
12620 27401
12621 17185
12622 25376
12623 58112
12624 58144
12625 28448
12626 54048
12627 58185
12628 25344
12629 58136
12630 20257
12631 54048
12632 25416
12633 49953
12634 27393
12635 49960
12636 17185
12637 54056
12638 25376
12639 49952
12640 49936
12641 27456
12642 56864
12643 57121
12644 54049
12645 56096
12646 25441
12647 56097
12648 25376
12649 58208
12650 58145
12651 54048
12652 62240
12653 25352
12654 19233
12655 50976
12656 27489
12657 54064
12658 58185
12659 60233
12660 58120
12661 60233
12662 25376
12663 58153
12664 27424
12665 58145
12666 57120
12667 49952
12668 19240
12669 25352
12670 25376
12671 25441
12672 25377
12673 21296
12674 18980
12675 19232
12676 58185
12677 25376
12678 27425
12679 53792
12680 18960
12681 17185
12682 58144
12683 58209
12684 59168
12685 52008
12686 54048
12687 58177
12688 53024
12689 54048
12690 54049
12691 39712
12692 61217
12693 58145
12694 2848
12695 58112
12696 52008
12697 57121
12698 59176
12699 27425
12700 26473
12701 60192
12702 57128
12703 27425
12704 26401
12705 59168
12706 62240
12707 56096
12708 25376
12709 58209
12710 27425
12711 58217
12712 60233
12713 18980
12714 25384
12715 49952
12716 60265
12717 58208
12718 49952
12719 25441
12720 27489
12721 17193
12722 19201
12723 39712
12724 27425
12725 49953
12726 18216
12727 54057
12728 58209
12729 58216
12730 61217
12731 52000
12732 58217
12733 25377
12734 56097
12735 49961
12736 25376
12737 20256
12738 53025
12739 58144
12740 58144
12741 19201
12742 28448
12743 49977
12744 51969
12745 63337
12746 54048
12747 58144
12748 58120
12749 57121
12750 56097
12751 59169
12752 58152
12753 60168
12754 58176
12755 25376
12756 25376
12757 19233
12758 54048
12759 27488
12760 54049
12761 27392
12762 62241
12763 25448
12764 19232
12765 17173
12766 25349
12767 54048
12768 54057
12769 27425
12770 27425
12771 17184
12772 27392
12773 19233
12774 58184
12775 49952
12776 17168
12777 58112
12778 60193
12779 27425
12780 49952
12781 55844
12782 59168
12783 27393
12784 63265
12785 53797
12786 25376
12787 27400
12788 17173
12789 60193
12790 17192
12791 25377
12792 17160
12793 52009
12794 25377
12795 25416
12796 19233
12797 27408
12798 27409
12799 17168
12800 27488
12801 49952
12802 25376
12803 16928
12804 27425
12805 57121
12806 19225
12807 25408
12808 17192
12809 51968
12810 27424
12811 27392
12812 27425
12813 54032
12814 58113
12815 21280
12816 17184
12817 52008
12818 54057
12819 40232
12820 60161
12821 54056
12822 54048
12823 53792
12824 49953
12825 62240
12826 18980
12827 27496
12828 17184
12829 62240
12830 19233
12831 60233
12832 39456
12833 25441
12834 19201
12835 27425
12836 51976
12837 58216
12838 49953
12839 19233
12840 25440
12841 56097
12842 50976
12843 53284
12844 49952
12845 28449
12846 60265
12847 27425
12848 27465
12849 19256
12850 58144
12851 62240
12852 54048
12853 27432
12854 58152
12855 17184
12856 19241
12857 56064
12858 58177
12859 62241
12860 56105
12861 23336
12862 54048
12863 54048
12864 52009
12865 19208
12866 25376
12867 58184
12868 27393
12869 58144
12870 52000
12871 58144
12872 62241
12873 60233
12874 49960
12875 60169
12876 19296
12877 52024
12878 49960
12879 58208
12880 52000
12881 21024
12882 58209
12883 28512
12884 50977
12885 25376
12886 52000
12887 60193
12888 60257
12889 54048
12890 25345
12891 52001
12892 23336
12893 17185
12894 19208
12895 60192
12896 17192
12897 23336
12898 58185
12899 49952
12900 56096
12901 17184
12902 19233
12903 52016
12904 19200
12905 19248
12906 49961
12907 17185
12908 54056
12909 27425
12910 62304
12911 27432
12912 62240
12913 50984
12914 53033
12915 39720
12916 19241
12917 17185
12918 49956
12919 18976
12920 27489
12921 62241
12922 60160
12923 49952
12924 49960
12925 60233
12926 27409
12927 49952
12928 54048
12929 56105
12930 19241
12931 49953
12932 49952
12933 55081
12934 19201
12935 19232
12936 51968
12937 25349
12938 49956
12939 27425
12940 51744
12941 58145
12942 19200
12943 25377
12944 56096
12945 64289
12946 56096
12947 28489
12948 27465
12949 51000
12950 57129
12951 52000
12952 60233
12953 49953
12954 60233
12955 57121
12956 27425
12957 19224
12958 17184
12959 55096
12960 60265
12961 54048
12962 20265
12963 21280
12964 27409
12965 27425
12966 58152
12967 58152
12968 58144
12969 55088
12970 58145
12971 49952
12972 49952
12973 58216
12974 62313
12975 17185
12976 54048
12977 49952
12978 58208
12979 61216
12980 50016
12981 21280
12982 63265
12983 54049
12984 62304
12985 49952
12986 58144
12987 49961
12988 52000
12989 58217
12990 60233
12991 58185
12992 56608
12993 58176
12994 17185
12995 60233
12996 19201
12997 54048
12998 19232
12999 60193
13000 58145
13001 27409
13002 17184
13003 19208
13004 51976
13005 54056
13006 19240
13007 19225
13008 25377
13009 17184
13010 58144
13011 27465
13012 52001
13013 60225
13014 52000
13015 58208
13016 58145
13017 25385
13018 49953
13019 52001
13020 56105
13021 58217
13022 25441
13023 52001
13024 17153
13025 25376
13026 55840
13027 58145
13028 60193
13029 49953
13030 49952
13031 49952
13032 59233
13033 60192
13034 55072
13035 55072
13036 19233
13037 27392
13038 54057
13039 49952
13040 58208
13041 49952
13042 49953
13043 23336
13044 27488
13045 49952
13046 58185
13047 57121
13048 54057
13049 19232
13050 58216
13051 27465
13052 53812
13053 58185
13054 18209
13055 53025
13056 27489
13057 55073
13058 27465
13059 58185
13060 27432
13061 25344
13062 49952
13063 27424
13064 60233
13065 61225
13066 49929
13067 25440
13068 27425
13069 52009
13070 58216
13071 25416
13072 54053
13073 49953
13074 49952
13075 58185
13076 58145
13077 27425
13078 27425
13079 60193
13080 19233
13081 58144
13082 27393
13083 61216
13084 25344
13085 17184
13086 52000
13087 49953
13088 49920
13089 49952
13090 54048
13091 19233
13092 54016
13093 27424
13094 25376
13095 58145
13096 60233
13097 58145
13098 59169
13099 54056
13100 54049
13101 53540
13102 60193
13103 27465
13104 25345
13105 25376
13106 19209
13107 54048
13108 25417
13109 17184
13110 27465
13111 58145
13112 19233
13113 58144
13114 25417
13115 54073
13116 49921
13117 49952
13118 55840
13119 62241
13120 25353
13121 58216
13122 17153
13123 40232
13124 25377
13125 57120
13126 52001
13127 56097
13128 17185
13129 54056
13130 58145
13131 58145
13132 27433
13133 18976
13134 27409
13135 25377
13136 50977
13137 25353
13138 54048
13139 17184
13140 51968
13141 27400
13142 17184
13143 27393
13144 52000
13145 17177
13146 25376
13147 58209
13148 60192
13149 19232
13150 60193
13151 56105
13152 62313
13153 27464
13154 63264
13155 49960
13156 49960
13157 56608
13158 19232
13159 49960
13160 49953
13161 58145
13162 25344
13163 49953
13164 58144
13165 54049
13166 62240
13167 59169
13168 28448
13169 19241
13170 58209
13171 49953
13172 2592
13173 40736
13174 58217
13175 59232
13176 60193
13177 27457
13178 58145
13179 58208
13180 49945
13181 49936
13182 62304
13183 19200
13184 19232
13185 25377
13186 19233
13187 55840
13188 53536
13189 17185
13190 54016
13191 49929
13192 19233
13193 27392
13194 19232
13195 59145
13196 52001
13197 58145
13198 49945
13199 27456
13200 25376
13201 27425
13202 60193
13203 25345
13204 56097
13205 56096
13206 27424
13207 28513
13208 19200
13209 19232
13210 58217
13211 2848
13212 19224
13213 2849
13214 17184
13215 58208
13216 58217
13217 58153
13218 17184
13219 54072
13220 25377
13221 54016
13222 19240
13223 27392
13224 53284
13225 52000
13226 60192
13227 54060
13228 62240
13229 58208
13230 19248
13231 19200
13232 52000
13233 39720
13234 60233
13235 27425
13236 39456
13237 57121
13238 58217
13239 27393
13240 27457
13241 52000
13242 27457
13243 55072
13244 58209
13245 61289
13246 56104
13247 19232
13248 18961
13249 55332
13250 56097
13251 58144
13252 54057
13253 19201
13254 19233
13255 27456
13256 60168
13257 25441
13258 25384
13259 23329
13260 49960
13261 60233
13262 19200
13263 39712
13264 23336
13265 52001
13266 58208
13267 52001
13268 49968
13269 52001
13270 19241
13271 40736
13272 53024
13273 58144
13274 49952
13275 58217
13276 54053
13277 50080
13278 58112
13279 16928
13280 54056
13281 55072
13282 52000
13283 54048
13284 19225
13285 27457
13286 19241
13287 27392
13288 60168
13289 58185
13290 58144
13291 52001
13292 19240
13293 19233
13294 52001
13295 55588
13296 54049
13297 59169
13298 17161
13299 19232
13300 18208
13301 52001
13302 39720
13303 19233
13304 25417
13305 60169
13306 27392
13307 58112
13308 25384
13309 27408
13310 17169
13311 54057
13312 52001
13313 49952
13314 52000
13315 58153
13316 52001
13317 49952
13318 49960
13319 19233
13320 28481
13321 60232
13322 59168
13323 25416
13324 54049
13325 59232
13326 58144
13327 58185
13328 16928
13329 60192
13330 28449
13331 20265
13332 25353
13333 53025
13334 62312
13335 19236
13336 27457
13337 55840
13338 19232
13339 52000
13340 57129
13341 19305
13342 17184
13343 18960
13344 57120
13345 28449
13346 19200
13347 52016
13348 49960
13349 2833
13350 60225
13351 63265
13352 61216
13353 19233
13354 49961
13355 49953
13356 60169
13357 49952
13358 61217
13359 25345
13360 58185
13361 49952
13362 58152
13363 19201
13364 54057
13365 49952
13366 60192
13367 52008
13368 51968
13369 55072
13370 25376
13371 60232
13372 17192
13373 25345
13374 17184
13375 58208
13376 58128
13377 56097
13378 58208
13379 25344
13380 27392
13381 17176
13382 25352
13383 50976
13384 49960
13385 27465
13386 27457
13387 49961
13388 51744
13389 17184
13390 39456
13391 53032
13392 19232
13393 58145
13394 19305
13395 27425
13396 54016
13397 19216
13398 54048
13399 58209
13400 27424
13401 56096
13402 51968
13403 17160
13404 51984
13405 58185
13406 60233
13407 19208
13408 19232
13409 60192
13410 25376
13411 19240
13412 60233
13413 58144
13414 55584
13415 27465
13416 49953
13417 55081
13418 19201
13419 49960
13420 60160
13421 60161
13422 25377
13423 27456
13424 60233
13425 62312
13426 27425
13427 56096
13428 27392
13429 17184
13430 56104
13431 56104
13432 58209
13433 25352
13434 19209
13435 60192
13436 25377
13437 19232
13438 49953
13439 54049
13440 25376
13441 58209
13442 55840
13443 27424
13444 54048
13445 20257
13446 17185
13447 27417
13448 19240
13449 19233
13450 26464
13451 19232
13452 60161
13453 52001
13454 27488
13455 58145
13456 19224
13457 54073
13458 49953
13459 51976
13460 54049
13461 19296
13462 59177
13463 49960
13464 49953
13465 58152
13466 54064
13467 65321
13468 27393
13469 49953
13470 27424
13471 59169
13472 54049
13473 19240
13474 60233
13475 18980
13476 19208
13477 27424
13478 20257
13479 55072
13480 25376
13481 20256
13482 26433
13483 49976
13484 49953
13485 55072
13486 58112
13487 52000
13488 27393
13489 25408
13490 27417
13491 25345
13492 56104
13493 55076
13494 55072
13495 27425
13496 17169
13497 57120
13498 58144
13499 49976
13500 19273
13501 49952
13502 49952
13503 54049
13504 54048
13505 51969
13506 49960
13507 58313
13508 58209
13509 26400
13510 49953
13511 63265
13512 54048
13513 60192
13514 25345
13515 18976
13516 17184
13517 58184
13518 56104
13519 25353
13520 19240
13521 58112
13522 49928
13523 49960
13524 52000
13525 51992
13526 49960
13527 60193
13528 54057
13529 25344
13530 49953
13531 27424
13532 54048
13533 55840
13534 59169
13535 18960
13536 58217
13537 25385
13538 54048
13539 49952
13540 56096
13541 49953
13542 25352
13543 54048
13544 58145
13545 60161
13546 19240
13547 52000
13548 25353
13549 27465
13550 49953
13551 60192
13552 58144
13553 18976
13554 25440
13555 25344
13556 56100
13557 52000
13558 25449
13559 54049
13560 25376
13561 49960
13562 60233
13563 25360
13564 27409
13565 27425
13566 50976
13567 27417
13568 54040
13569 28448
13570 25361
13571 50977
13572 54056
13573 27424
13574 60168
13575 54048
13576 17176
13577 23329
13578 52008
13579 49952
13580 20257
13581 54048
13582 50976
13583 17152
13584 27425
13585 57121
13586 60233
13587 19233
13588 19248
13589 55072
13590 58217
13591 52000
13592 49960
13593 56096
13594 27393
13595 49952
13596 56864
13597 58152
13598 27465
13599 40736
13600 19233
13601 18976
13602 58185
13603 19232
13604 19248
13605 40736
13606 49936
13607 56356
13608 25385
13609 17185
13610 58217
13611 58312
13612 25376
13613 58185
13614 17184
13615 62304
13616 54056
13617 58217
13618 52000
13619 49976
13620 58144
13621 56105
13622 25449
13623 58152
13624 49952
13625 49952
13626 58209
13627 56096
13628 49953
13629 58144
13630 19232
13631 63329
13632 17168
13633 17184
13634 58144
13635 17188
13636 27392
13637 25448
13638 60192
13639 40736
13640 52000
13641 49952
13642 58177
13643 28417
13644 25376
13645 58209
13646 54064
13647 40736
13648 52001
13649 49952
13650 25385
13651 60193
13652 55072
13653 58145
13654 49953
13655 19233
13656 54049
13657 62241
13658 19201
13659 49952
13660 54049
13661 25376
13662 27392
13663 52001
13664 52000
13665 25360
13666 54048
13667 54056
13668 19240
13669 62241
13670 2856
13671 49961
13672 49952
13673 52000
13674 55080
13675 6688
13676 17184
13677 53792
13678 56096
13679 19232
13680 49953
13681 59169
13682 25360
13683 27392
13684 25344
13685 54052
13686 17184
13687 28481
13688 49928
13689 54049
13690 25376
13691 49952
13692 57120
13693 25417
13694 58185
13695 55096
13696 52000
13697 17192
13698 58144
13699 49960
13700 16928
13701 17184
13702 54056
13703 17184
13704 19208
13705 25417
13706 49961
13707 18976
13708 25376
13709 19233
13710 17184
13711 25353
13712 59168
13713 58121
13714 53792
13715 56104
13716 61217
13717 49953
13718 27425
13719 27425
13720 19200
13721 25440
13722 58145
13723 58145
13724 51993
13725 49961
13726 25376
13727 51976
13728 28449
13729 60233
13730 19240
13731 19241
13732 58145
13733 60233
13734 55072
13735 56096
13736 58185
13737 62304
13738 17153
13739 25384
13740 21264
13741 17184
13742 51969
13743 19208
13744 56104
13745 58145
13746 49952
13747 27400
13748 58145
13749 60192
13750 62241
13751 25441
13752 54056
13753 25352
13754 27393
13755 62305
13756 27465
13757 65313
13758 19233
13759 25376
13760 18976
13761 49953
13762 60232
13763 17153
13764 25377
13765 63264
13766 62240
13767 52001
13768 54056
13769 27401
13770 49944
13771 27465
13772 56096
13773 17193
13774 49960
13775 54049
13776 50977
13777 49952
13778 56097
13779 19200
13780 52001
13781 55072
13782 25377
13783 25377
13784 60233
13785 58185
13786 27392
13787 58185
13788 19208
13789 58144
13790 49952
13791 58208
13792 58144
13793 56096
13794 49696
13795 58144
13796 51977
13797 50977
13798 25345
13799 27457
13800 25441
13801 19233
13802 56105
13803 27424
13804 58120
13805 17176
13806 25385
13807 27424
13808 60225
13809 58144
13810 25345
13811 58144
13812 25344
13813 19201
13814 62240
13815 57120
13816 19201
13817 25384
13818 52000
13819 17224
13820 54065
13821 25345
13822 25376
13823 58152
13824 49937
13825 49976
13826 27488
13827 54048
13828 62241
13829 51969
13830 58144
13831 19232
13832 17152
13833 49944
13834 50977
13835 54048
13836 25409
13837 58144
13838 55080
13839 56096
13840 58144
13841 17169
13842 25377
13843 25417
13844 60233
13845 55072
13846 54049
13847 49952
13848 17192
13849 27393
13850 49921
13851 57120
13852 40736
13853 59169
13854 55097
13855 57121
13856 49952
13857 57128
13858 17177
13859 58185
13860 57121
13861 55840
13862 57120
13863 49944
13864 58152
13865 52000
13866 17169
13867 49945
13868 25345
13869 17193
13870 60193
13871 19233
13872 19232
13873 25385
13874 26465
13875 27392
13876 25377
13877 49920
13878 17192
13879 56097
13880 50985
13881 60160
13882 58217
13883 49952
13884 19232
13885 55072
13886 58112
13887 17192
13888 58145
13889 27424
13890 56097
13891 62240
13892 52001
13893 60233
13894 49920
13895 49960
13896 19233
13897 60169
13898 60233
13899 49944
13900 54056
13901 19233
13902 62240
13903 57120
13904 53025
13905 17184
13906 19216
13907 55080
13908 56104
13909 58152
13910 49960
13911 25440
13912 52000
13913 49953
13914 57120
13915 51993
13916 17184
13917 58208
13918 49944
13919 58185
13920 26409
13921 19233
13922 58216
13923 19233
13924 19233
13925 54048
13926 27393
13927 19232
13928 17176
13929 25376
13930 21281
13931 49953
13932 54048
13933 25352
13934 19232
13935 54048
13936 49960
13937 27400
13938 51977
13939 58152
13940 52008
13941 49937
13942 60200
13943 56096
13944 25377
13945 54048
13946 60192
13947 49961
13948 49696
13949 18976
13950 58344
13951 54049
13952 58144
13953 58145
13954 49952
13955 25376
13956 27409
13957 25345
13958 26401
13959 20257
13960 51985
13961 19233
13962 58144
13963 49953
13964 56096
13965 27489
13966 49953
13967 19201
13968 61217
13969 19240
13970 27400
13971 51976
13972 52000
13973 54049
13974 54064
13975 56096
13976 49961
13977 50977
13978 55840
13979 19232
13980 49952
13981 17185
13982 17184
13983 25376
13984 27425
13985 49953
13986 54056
13987 54052
13988 58185
13989 62240
13990 51744
13991 49921
13992 58144
13993 54049
13994 21281
13995 17185
13996 27392
13997 27392
13998 58145
13999 56097
14000 27465
14001 27465
14002 17185
14003 60233
14004 54049
14005 60200
14006 49952
14007 54048
14008 52001
14009 54017
14010 58144
14011 55584
14012 58144
14013 58216
14014 49952
14015 19232
14016 27465
14017 54049
14018 49960
14019 60193
14020 21280
14021 58208
14022 58145
14023 27488
14024 27393
14025 53024
14026 19241
14027 49953
14028 54052
14029 17153
14030 56105
14031 55072
14032 51744
14033 40736
14034 19209
14035 49952
14036 55081
14037 25416
14038 57120
14039 40736
14040 25417
14041 58185
14042 17152
14043 49952
14044 52000
14045 49928
14046 19232
14047 54053
14048 26409
14049 54057
14050 54073
14051 54064
14052 52000
14053 25385
14054 17184
14055 25376
14056 55072
14057 59168
14058 19240
14059 58153
14060 56097
14061 61217
14062 11033
14063 27425
14064 60233
14065 60193
14066 19232
14067 19233
14068 19225
14069 50016
14070 27421
14071 58145
14072 59169
14073 25376
14074 25373
14075 28417
14076 49953
14077 2849
14078 62240
14079 17192
14080 18217
14081 54049
14082 27425
14083 27393
14084 25377
14085 56104
14086 17185
14087 63273
14088 19233
14089 27457
14090 17192
14091 26400
14092 64289
14093 25409
14094 52009
14095 19232
14096 49952
14097 55844
14098 56616
14099 19233
14100 58209
14101 54048
14102 58113
14103 19232
14104 58145
14105 25440
14106 62216
14107 55073
14108 58145
14109 59169
14110 61281
14111 19232
14112 60192
14113 58145
14114 58217
14115 49953
14116 58208
14117 58152
14118 54048
14119 49952
14120 17185
14121 16929
14122 54073
14123 18976
14124 56104
14125 51985
14126 60192
14127 52001
14128 27425
14129 50984
14130 60233
14131 25449
14132 54056
14133 49920
14134 17184
14135 40736
14136 49960
14137 51968
14138 25376
14139 25376
14140 58144
14141 27424
14142 25345
14143 17176
14144 17185
14145 27464
14146 49921
14147 63336
14148 58144
14149 25376
14150 52008
14151 58144
14152 57120
14153 19200
14154 27424
14155 62248
14156 54072
14157 19233
14158 56097
14159 49953
14160 58313
14161 2849
14162 51969
14163 54048
14164 19241
14165 57121
14166 52001
14167 49953
14168 58216
14169 27425
14170 52000
14171 49956
14172 25384
14173 55073
14174 23336
14175 54048
14176 59168
14177 55097
14178 17160
14179 28448
14180 58145
14181 49952
14182 19232
14183 19232
14184 60192
14185 27425
14186 58144
14187 19201
14188 27488
14189 19248
14190 58185
14191 25344
14192 52000
14193 27393
14194 58113
14195 54056
14196 58145
14197 17184
14198 27393
14199 56105
14200 27409
14201 51760
14202 20257
14203 16932
14204 56097
14205 27417
14206 58144
14207 25345
14208 25344
14209 55584
14210 52008
14211 25345
14212 28417
14213 19233
14214 56864
14215 19232
14216 40736
14217 19233
14218 54048
14219 21280
14220 19092
14221 17192
14222 55080
14223 27417
14224 58144
14225 54049
14226 19200
14227 49952
14228 56096
14229 25376
14230 52000
14231 49960
14232 58112
14233 54073
14234 49960
14235 25344
14236 54040
14237 49945
14238 25377
14239 53793
14240 25409
14241 58145
14242 25377
14243 60193
14244 58144
14245 25373
14246 25376
14247 55073
14248 50984
14249 58217
14250 54016
14251 54048
14252 58209
14253 49952
14254 58145
14255 27401
14256 26472
14257 64289
14258 2849
14259 55080
14260 64289
14261 58217
14262 19233
14263 18208
14264 58144
14265 27488
14266 51760
14267 56096
14268 64288
14269 17200
14270 60233
14271 25376
14272 49953
14273 52000
14274 49953
14275 49944
14276 58120
14277 60161
14278 58185
14279 25368
14280 25409
14281 57120
14282 27465
14283 52009
14284 60233
14285 58185
14286 55073
14287 19232
14288 52009
14289 58121
14290 52001
14291 58152
14292 17184
14293 58177
14294 58153
14295 58144
14296 28489
14297 17161
14298 51976
14299 49953
14300 58145
14301 49929
14302 60192
14303 49960
14304 63265
14305 52000
14306 17192
14307 19232
14308 57129
14309 60233
14310 27457
14311 17160
14312 58185
14313 27425
14314 56072
14315 58312
14316 60233
14317 54048
14318 25376
14319 52000
14320 58185
14321 49928
14322 25376
14323 27424
14324 54049
14325 52001
14326 62240
14327 60225
14328 58144
14329 58185
14330 27457
14331 56097
14332 62241
14333 55081
14334 56096
14335 55073
14336 58217
14337 58184
14338 26473
14339 27425
14340 55073
14341 62240
14342 55841
14343 51984
14344 60193
14345 54048
14346 55328
14347 60160
14348 19232
14349 49952
14350 17184
14351 59168
14352 58113
14353 60161
14354 25376
14355 60233
14356 17160
14357 58145
14358 19240
14359 19233
14360 49936
14361 56097
14362 58185
14363 51969
14364 53792
14365 56097
14366 60233
14367 49952
14368 17184
14369 51969
14370 19233
14371 56097
14372 27425
14373 25344
14374 59241
14375 28449
14376 55072
14377 54057
14378 16929
14379 27425
14380 49952
14381 53284
14382 18976
14383 58152
14384 57120
14385 49921
14386 54048
14387 40744
14388 55073
14389 25377
14390 58144
14391 19296
14392 27465
14393 27457
14394 58208
14395 58144
14396 49952
14397 62216
14398 27425
14399 60200
14400 57129
14401 54040
14402 54048
14403 17185
14404 28449
14405 19200
14406 60192
14407 58216
14408 59169
14409 52001
14410 49953
14411 25377
14412 55081
14413 27393
14414 19296
14415 62240
14416 58113
14417 56112
14418 54049
14419 60233
14420 59169
14421 60192
14422 51984
14423 51984
14424 52008
14425 56072
14426 58145
14427 49968
14428 56864
14429 28449
14430 17184
14431 52001
14432 52001
14433 25377
14434 54049
14435 18945
14436 27433
14437 52000
14438 25361
14439 54049
14440 25352
14441 27417
14442 60193
14443 64289
14444 49960
14445 19232
14446 27425
14447 57120
14448 58145
14449 50985
14450 58144
14451 59169
14452 52000
14453 26465
14454 58208
14455 25361
14456 57120
14457 53284
14458 57120
14459 27409
14460 60193
14461 39720
14462 40224
14463 27393
14464 17169
14465 58112
14466 52000
14467 27465
14468 21280
14469 56096
14470 49920
14471 39720
14472 60193
14473 60192
14474 52000
14475 25345
14476 54048
14477 17184
14478 19225
14479 49960
14480 25377
14481 52001
14482 17192
14483 27392
14484 57121
14485 58145
14486 27433
14487 60192
14488 27409
14489 25352
14490 19232
14491 25345
14492 49952
14493 52000
14494 25441
14495 58144
14496 19201
14497 20257
14498 17185
14499 58144
14500 49952
14501 52001
14502 59169
14503 49961
14504 19201
14505 56097
14506 25376
14507 18976
14508 49936
14509 54048
14510 27425
14511 58152
14512 52009
14513 58112
14514 23336
14515 25384
14516 62240
14517 25416
14518 49952
14519 19233
14520 49960
14521 52008
14522 27433
14523 58112
14524 58185
14525 27424
14526 25448
14527 25373
14528 18976
14529 25369
14530 27409
14531 54040
14532 54040
14533 61217
14534 17192
14535 59177
14536 49953
14537 58152
14538 54073
14539 60193
14540 54048
14541 25416
14542 25417
14543 60233
14544 17200
14545 55840
14546 60193
14547 19248
14548 54049
14549 25349
14550 19224
14551 27425
14552 17184
14553 57129
14554 56096
14555 27425
14556 58313
14557 18980
14558 25384
14559 58185
14560 54049
14561 58145
14562 17152
14563 27400
14564 54057
14565 61289
14566 25441
14567 58209
14568 51969
14569 49960
14570 61217
14571 56104
14572 60264
14573 17184
14574 54048
14575 58152
14576 49952
14577 27433
14578 55072
14579 54057
14580 25376
14581 27424
14582 28448
14583 58113
14584 60225
14585 17193
14586 19240
14587 25353
14588 49953
14589 27425
14590 54064
14591 25448
14592 57120
14593 58217
14594 25377
14595 19232
14596 58217
14597 27392
14598 59169
14599 58209
14600 58217
14601 17184
14602 58313
14603 58144
14604 55073
14605 27457
14606 55080
14607 52000
14608 55073
14609 49929
14610 49961
14611 49952
14612 26401
14613 25417
14614 53033
14615 53032
14616 6688
14617 49960
14618 17169
14619 60233
14620 49952
14621 62304
14622 54040
14623 58217
14624 60192
14625 19232
14626 19232
14627 58152
14628 25441
14629 49953
14630 49960
14631 55072
14632 52008
14633 59176
14634 58185
14635 49961
14636 60193
14637 58144
14638 17184
14639 58144
14640 19360
14641 60225
14642 27465
14643 54049
14644 55328
14645 16928
14646 58144
14647 27424
14648 65321
14649 63273
14650 25377
14651 52008
14652 25353
14653 60233
14654 27400
14655 25377
14656 49960
14657 58145
14658 27392
14659 49968
14660 60257
14661 25377
14662 49952
14663 49921
14664 58209
14665 49953
14666 21281
14667 49952
14668 17173
14669 59169
14670 27417
14671 28425
14672 18976
14673 52000
14674 58145
14675 58185
14676 53025
14677 49936
14678 27400
14679 49952
14680 54060
14681 52000
14682 17169
14683 56096
14684 51745
14685 25353
14686 62304
14687 27408
14688 51993
14689 49960
14690 56096
14691 55073
14692 58185
14693 17160
14694 2848
14695 25344
14696 58145
14697 58145
14698 62240
14699 25440
14700 53796
14701 60233
14702 55841
14703 55144
14704 27409
14705 61217
14706 49953
14707 19201
14708 49952
14709 49960
14710 27464
14711 49936
14712 54049
14713 19233
14714 17224
14715 19232
14716 17184
14717 51993
14718 54049
14719 17184
14720 58144
14721 54048
14722 49952
14723 17161
14724 27401
14725 27393
14726 19233
14727 55080
14728 25416
14729 49953
14730 54017
14731 25377
14732 27464
14733 58144
14734 49952
14735 25384
14736 18208
14737 17184
14738 62241
14739 58185
14740 63273
14741 17168
14742 27393
14743 58344
14744 27392
14745 60233
14746 27409
14747 27417
14748 56097
14749 25360
14750 27457
14751 27425
14752 52001
14753 27432
14754 58344
14755 58184
14756 19232
14757 53025
14758 56096
14759 27417
14760 59168
14761 27392
14762 25377
14763 56097
14764 62216
14765 52009
14766 50016
14767 57121
14768 27393
14769 58217
14770 27432
14771 61281
14772 63272
14773 27424
14774 25416
14775 60265
14776 63273
14777 64288
14778 25384
14779 51968
14780 54072
14781 58145
14782 62305
14783 58152
14784 59145
14785 58144
14786 17184
14787 54048
14788 17152
14789 25441
14790 40224
14791 17192
14792 25376
14793 19209
14794 52000
14795 25344
14796 25376
14797 58145
14798 27424
14799 57120
14800 54056
14801 54065
14802 58185
14803 40736
14804 49960
14805 53025
14806 17185
14807 19232
14808 58145
14809 25376
14810 17184
14811 60225
14812 49960
14813 19232
14814 25377
14815 58121
14816 58144
14817 58144
14818 49952
14819 54057
14820 51977
14821 27464
14822 58144
14823 56096
14824 49952
14825 19225
14826 19200
14827 19208
14828 60160
14829 58185
14830 28417
14831 60201
14832 58144
14833 19200
14834 58184
14835 18944
14836 62241
14837 28449
14838 17185
14839 50985
14840 51744
14841 25376
14842 51969
14843 39712
14844 58144
14845 59233
14846 60161
14847 25376
14848 2848
14849 52009
14850 17168
14851 49952
14852 56097
14853 54049
14854 27392
14855 59169
14856 52001
14857 52000
14858 49952
14859 25384
14860 60161
14861 19360
14862 54048
14863 50977
14864 54048
14865 60233
14866 25376
14867 25376
14868 56096
14869 19273
14870 54057
14871 17192
14872 19217
14873 52000
14874 56864
14875 58145
14876 27393
14877 55840
14878 58144
14879 54056
14880 58145
14881 58144
14882 58112
14883 27425
14884 58144
14885 52000
14886 17152
14887 49952
14888 55081
14889 54049
14890 55081
14891 60257
14892 19201
14893 25377
14894 49952
14895 62240
14896 25376
14897 49953
14898 40736
14899 54049
14900 59169
14901 64289
14902 58185
14903 54057
14904 49920
14905 52001
14906 25361
14907 58145
14908 49952
14909 27392
14910 57120
14911 52001
14912 27488
14913 49953
14914 55073
14915 53797
14916 58185
14917 58208
14918 54048
14919 52008
14920 17161
14921 25376
14922 55841
14923 18960
14924 19233
14925 54060
14926 50024
14927 25349
14928 49952
14929 27393
14930 54052
14931 57128
14932 19201
14933 25344
14934 58145
14935 52001
14936 52000
14937 52000
14938 19233
14939 60192
14940 49952
14941 61217
14942 60264
14943 49960
14944 54048
14945 25417
14946 27400
14947 58145
14948 25385
14949 25376
14950 19200
14951 19209
14952 49953
14953 21281
14954 19241
14955 56097
14956 55080
14957 25441
14958 17184
14959 60160
14960 59176
14961 19233
14962 53024
14963 27488
14964 54049
14965 58217
14966 58144
14967 27408
14968 51985
14969 49920
14970 49960
14971 25344
14972 25440
14973 17184
14974 17168
14975 49960
14976 19233
14977 27425
14978 26473
14979 58145
14980 27392
14981 19232
14982 58121
14983 51968
14984 27393
14985 49969
14986 27424
14987 54056
14988 54049
14989 19233
14990 17184
14991 19233
14992 58120
14993 60193
14994 19208
14995 17184
14996 54017
14997 56097
14998 19208
14999 25441
15000 49921
15001 27392
15002 17184
15003 25353
15004 52008
15005 60192
15006 53033
15007 54049
15008 25377
15009 60225
15010 27424
15011 59176
15012 18980
15013 57120
15014 49952
15015 59169
15016 55588
15017 49953
15018 63265
15019 50024
15020 58145
15021 55080
15022 60193
15023 49952
15024 49952
15025 54048
15026 60233
15027 54048
15028 49921
15029 60192
15030 26400
15031 25417
15032 19241
15033 39456
15034 53540
15035 58185
15036 19233
15037 52000
15038 51976
15039 51984
15040 27392
15041 60233
15042 58121
15043 54048
15044 60192
15045 57120
15046 27425
15047 25417
15048 54049
15049 58185
15050 60225
15051 54048
15052 54056
15053 18217
15054 57128
15055 19201
15056 27393
15057 53025
15058 58144
15059 55073
15060 17153
15061 65321
15062 62240
15063 19232
15064 58145
15065 58144
15066 27393
15067 60161
15068 28457
15069 27425
15070 58144
15071 58208
15072 25384
15073 55073
15074 28449
15075 52000
15076 55081
15077 18976
15078 25376
15079 19232
15080 27457
15081 19201
15082 52000
15083 25416
15084 56112
15085 19360
15086 60193
15087 19232
15088 51968
15089 52000
15090 56096
15091 60192
15092 60201
15093 18945
15094 58145
15095 25377
15096 17224
15097 27424
15098 58145
15099 39456
15100 56072
15101 55096
15102 25353
15103 19217
15104 17184
15105 17184
15106 19233
15107 60161
15108 60233
15109 49928
15110 27409
15111 17184
15112 55844
15113 17184
15114 49952
15115 25377
15116 59169
15117 58145
15118 51969
15119 25376
15120 27457
15121 58153
15122 56104
15123 64297
15124 55080
15125 58112
15126 28513
15127 60169
15128 58153
15129 27425
15130 58216
15131 54056
15132 49953
15133 27400
15134 58185
15135 50985
15136 19232
15137 25376
15138 25376
15139 49952
15140 54064
15141 51969
15142 49952
15143 58145
15144 19201
15145 40736
15146 58209
15147 19200
15148 62240
15149 52000
15150 19232
15151 60160
15152 40744
15153 53025
15154 58136
15155 65321
15156 19232
15157 17152
15158 19232
15159 25345
15160 19232
15161 19240
15162 54049
15163 58113
15164 27417
15165 17185
15166 11033
15167 19200
15168 57129
15169 54049
15170 49953
15171 17152
15172 17177
15173 56097
15174 18976
15175 25440
15176 18209
15177 25417
15178 25417
15179 60200
15180 54072
15181 56096
15182 49968
15183 58121
15184 52000
15185 49944
15186 40224
15187 56096
15188 58176
15189 55073
15190 54040
15191 25440
15192 54049
15193 55072
15194 49956
15195 58152
15196 56097
15197 62241
15198 17185
15199 25376
15200 56072
15201 27417
15202 27393
15203 19305
15204 25376
15205 27424
15206 18976
15207 17184
15208 55073
15209 58216
15210 25377
15211 25345
15212 52001
15213 49960
15214 17224
15215 54064
15216 60161
15217 25441
15218 25376
15219 27424
15220 39712
15221 55072
15222 60169
15223 25384
15224 27409
15225 18980
15226 54056
15227 52000
15228 20265
15229 18980
15230 54056
15231 60256
15232 49952
15233 49953
15234 17256
15235 60225
15236 55144
15237 49952
15238 27424
15239 60192
15240 60160
15241 55081
15242 25441
15243 49953
15244 60193
15245 49952
15246 54065
15247 27424
15248 28448
15249 27424
15250 19209
15251 60192
15252 50977
15253 49952
15254 19241
15255 26440
15256 52000
15257 27433
15258 19104
15259 17184
15260 27457
15261 52008
15262 54048
15263 58144
15264 60233
15265 57128
15266 17256
15267 60168
15268 25349
15269 19208
15270 19305
15271 58216
15272 19240
15273 25448
15274 50016
15275 49961
15276 54048
15277 55072
15278 60193
15279 19296
15280 54065
15281 49960
15282 52001
15283 17185
15284 54049
15285 58144
15286 49952
15287 52001
15288 27425
15289 25376
15290 27393
15291 50024
15292 25376
15293 49960
15294 64289
15295 54048
15296 58185
15297 25344
15298 25440
15299 27424
15300 54056
15301 19240
15302 49960
15303 64289
15304 54053
15305 19248
15306 17185
15307 39456
15308 54056
15309 57129
15310 19217
15311 27425
15312 63264
15313 19200
15314 19200
15315 49976
15316 18209
15317 27424
15318 25376
15319 62241
15320 62249
15321 27424
15322 19232
15323 17192
15324 27425
15325 54056
15326 54056
15327 27489
15328 58185
15329 25449
15330 54056
15331 58144
15332 52001
15333 63272
15334 49960
15335 58145
15336 56105
15337 19232
15338 52000
15339 59145
15340 49952
15341 58185
15342 26408
15343 49961
15344 61217
15345 49953
15346 19209
15347 54049
15348 27425
15349 19201
15350 27392
15351 25345
15352 51968
15353 54072
15354 19200
15355 52000
15356 26401
15357 63265
15358 17169
15359 27425
15360 49968
15361 39456
15362 60192
15363 25385
15364 54053
15365 58145
15366 58185
15367 58344
15368 60160
15369 50016
15370 58185
15371 60193
15372 49952
15373 49928
15374 54048
15375 58145
15376 52008
15377 27424
15378 17173
15379 51993
15380 17188
15381 17184
15382 27496
15383 49952
15384 55080
15385 54064
15386 54064
15387 27392
15388 49956
15389 19233
15390 17184
15391 27392
15392 16932
15393 60192
15394 54056
15395 17153
15396 52008
15397 50976
15398 58145
15399 55588
15400 27425
15401 50977
15402 54048
15403 26433
15404 25449
15405 54049
15406 19208
15407 60200
15408 49960
15409 27393
15410 58145
15411 27424
15412 52000
15413 55588
15414 17152
15415 60193
15416 49952
15417 27425
15418 62240
15419 25361
15420 54056
15421 19217
15422 58145
15423 51993
15424 59169
15425 57124
15426 49953
15427 62240
15428 60168
15429 27457
15430 19240
15431 25417
15432 27465
15433 18945
15434 56612
15435 51969
15436 25344
15437 54057
15438 17184
15439 23336
15440 62248
15441 56096
15442 56096
15443 55588
15444 57120
15445 49953
15446 27393
15447 54072
15448 58144
15449 55072
15450 21280
15451 17208
15452 19216
15453 54057
15454 57128
15455 54049
15456 54056
15457 50016
15458 27417
15459 56064
15460 58153
15461 17184
15462 54048
15463 58145
15464 27392
15465 17184
15466 20256
15467 25376
15468 58145
15469 26473
15470 49921
15471 64288
15472 50016
15473 55073
15474 49952
15475 19236
15476 60265
15477 54048
15478 18976
15479 25377
15480 49953
15481 58144
15482 59169
15483 27392
15484 16928
15485 54064
15486 52001
15487 52000
15488 58209
15489 19209
15490 28481
15491 25384
15492 58144
15493 25377
15494 61216
15495 28449
15496 56096
15497 25353
15498 50024
15499 17184
15500 50985
15501 19233
15502 27393
15503 53025
15504 49953
15505 52009
15506 27457
15507 19232
15508 17184
15509 54049
15510 49960
15511 54049
15512 17152
15513 17256
15514 58112
15515 58144
15516 50984
15517 51985
15518 19201
15519 58120
15520 49953
15521 25409
15522 54032
15523 27392
15524 51744
15525 58144
15526 63265
15527 58312
15528 60161
15529 27465
15530 27456
15531 49968
15532 55073
15533 59169
15534 27401
15535 58144
15536 56064
15537 25352
15538 58152
15539 56097
15540 27421
15541 19200
15542 25384
15543 17153
15544 57128
15545 27425
15546 19241
15547 27489
15548 58144
15549 58144
15550 51977
15551 58145
15552 58144
15553 58145
15554 58145
15555 58144
15556 62241
15557 27425
15558 49952
15559 49952
15560 27392
15561 19241
15562 19232
15563 58144
15564 49953
15565 49953
15566 53024
15567 25377
15568 49952
15569 49960
15570 25344
15571 58217
15572 58144
15573 49944
15574 51969
15575 49953
15576 54056
15577 25376
15578 17225
15579 19200
15580 58113
15581 27425
15582 54049
15583 58144
15584 57120
15585 58144
15586 27456
15587 50977
15588 25416
15589 60233
15590 26473
15591 58144
15592 60201
15593 49953
15594 27456
15595 17192
15596 23329
15597 53792
15598 58112
15599 28489
15600 49968
15601 56096
15602 57128
15603 17060
15604 64289
15605 62240
15606 54052
15607 27497
15608 19233
15609 58208
15610 58112
15611 18208
15612 27393
15613 25440
15614 17184
15615 17185
15616 58152
15617 55840
15618 49953
15619 19232
15620 49936
15621 58184
15622 55584
15623 49952
15624 19232
15625 27432
15626 25377
15627 56096
15628 53793
15629 62248
15630 51976
15631 25417
15632 17184
15633 49953
15634 27401
15635 19240
15636 25448
15637 17185
15638 27393
15639 26441
15640 58177
15641 49944
15642 54048
15643 60233
15644 52000
15645 62216
15646 58145
15647 58144
15648 62313
15649 49961
15650 28417
15651 54057
15652 25377
15653 25416
15654 55080
15655 54057
15656 49953
15657 54056
15658 27401
15659 55072
15660 54065
15661 19232
15662 56096
15663 27424
15664 25377
15665 54049
15666 25377
15667 49960
15668 65313
15669 17185
15670 25344
15671 49952
15672 27393
15673 40736
15674 53540
15675 56096
15676 56104
15677 25344
15678 55072
15679 49953
15680 18945
15681 25361
15682 25377
15683 58144
15684 55840
15685 62240
15686 26377
15687 25377
15688 19224
15689 54053
15690 25376
15691 54052
15692 26440
15693 25377
15694 49952
15695 27417
15696 60201
15697 28457
15698 49953
15699 60193
15700 51992
15701 62240
15702 19200
15703 49952
15704 26401
15705 17184
15706 54049
15707 59241
15708 27417
15709 61216
15710 25409
15711 17193
15712 17185
15713 27401
15714 58177
15715 18976
15716 25377
15717 58121
15718 58144
15719 60200
15720 25416
15721 54056
15722 58208
15723 58121
15724 25376
15725 52001
15726 60161
15727 58145
15728 19240
15729 50976
15730 49944
15731 51968
15732 19273
15733 50016
15734 59168
15735 49952
15736 58176
15737 28449
15738 27425
15739 54024
15740 17168
15741 27425
15742 19232
15743 49953
15744 58120
15745 58144
15746 58152
15747 25344
15748 27425
15749 17192
15750 54056
15751 28457
15752 25384
15753 49944
15754 62249
15755 54056
15756 60160
15757 55072
15758 27432
15759 49952
15760 27424
15761 25441
15762 50984
15763 25344
15764 56112
15765 56096
15766 58136
15767 55080
15768 57129
15769 58208
15770 26408
15771 52001
15772 18209
15773 54060
15774 2849
15775 52000
15776 49953
15777 49968
15778 19216
15779 57120
15780 27393
15781 49920
15782 55072
15783 54049
15784 19232
15785 17176
15786 55073
15787 17169
15788 18976
15789 49960
15790 53792
15791 49937
15792 25448
15793 25417
15794 59168
15795 49952
15796 52001
15797 51969
15798 49953
15799 52008
15800 27424
15801 54017
15802 19232
15803 25377
15804 17153
15805 57124
15806 58144
15807 56097
15808 17168
15809 58112
15810 58145
15811 57121
15812 25352
15813 27424
15814 19233
15815 17185
15816 58209
15817 58113
15818 58145
15819 17224
15820 25441
15821 19236
15822 50977
15823 19232
15824 18217
15825 17185
15826 27424
15827 27401
15828 49961
15829 54048
15830 54065
15831 52008
15832 63265
15833 63328
15834 17184
15835 54024
15836 58217
15837 58145
15838 58136
15839 17185
15840 58152
15841 60192
15842 54072
15843 17192
15844 58145
15845 49952
15846 60233
15847 54072
15848 60233
15849 62313
15850 60169
15851 52009
15852 27457
15853 54049
15854 54056
15855 58120
15856 25416
15857 18217
15858 58185
15859 27488
15860 25384
15861 60200
15862 27417
15863 54048
15864 58209
15865 27464
15866 18216
15867 58144
15868 49952
15869 53025
15870 49952
15871 63272
15872 52008
15873 25345
15874 62241
15875 17185
15876 54049
15877 49960
15878 60192
15879 54056
15880 51977
15881 49961
15882 52001
15883 23336
15884 58185
15885 53025
15886 58144
15887 60233
15888 58144
15889 27425
15890 19232
15891 50016
15892 18217
15893 19232
15894 27401
15895 60233
15896 49953
15897 51745
15898 20257
15899 25417
15900 55072
15901 25417
15902 60233
15903 39456
15904 51984
15905 16929
15906 25376
15907 58216
15908 52008
15909 17184
15910 56097
15911 58145
15912 62248
15913 52000
15914 49952
15915 63265
15916 60233
15917 55332
15918 52000
15919 52000
15920 58120
15921 58112
15922 57128
15923 58144
15924 52008
15925 55081
15926 58185
15927 53025
15928 19232
15929 58176
15930 58144
15931 19233
15932 25441
15933 49953
15934 62241
15935 52000
15936 59168
15937 59169
15938 62312
15939 62248
15940 25416
15941 25377
15942 25376
15943 25369
15944 62216
15945 52000
15946 52008
15947 58112
15948 49952
15949 57120
15950 54052
15951 55840
15952 19232
15953 53025
15954 56097
15955 19232
15956 25377
15957 54048
15958 20256
15959 62240
15960 54048
15961 27465
15962 55588
15963 54048
15964 19240
15965 53808
15966 59169
15967 49952
15968 55081
15969 54040
15970 25376
15971 49952
15972 17184
15973 19216
15974 25377
15975 27425
15976 28448
15977 19233
15978 27465
15979 25385
15980 51968
15981 60200
15982 62240
15983 64288
15984 60200
15985 25376
15986 17184
15987 17184
15988 56096
15989 63272
15990 16928
15991 54056
15992 26401
15993 54048
15994 26433
15995 51968
15996 51985
15997 54048
15998 19232
15999 49952
16000 28489
16001 19200
16002 49961
16003 2849
16004 21281
16005 58144
16006 58145
16007 25376
16008 58145
16009 49929
16010 63336
16011 58120
16012 28457
16013 58145
16014 2849
16015 49953
16016 25377
16017 55073
16018 58144
16019 55096
16020 58144
16021 62240
16022 27393
16023 58145
16024 49960
16025 60193
16026 51969
16027 25416
16028 51984
16029 58121
16030 54049
16031 28449
16032 19225
16033 49920
16034 26440
16035 27425
16036 54049
16037 27457
16038 25352
16039 2849
16040 49936
16041 27425
16042 27393
16043 63265
16044 19232
16045 63265
16046 54049
16047 58216
16048 62248
16049 25417
16050 27401
16051 26472
16052 17184
16053 17152
16054 17185
16055 17152
16056 51000
16057 17184
16058 18217
16059 25416
16060 58152
16061 49921
16062 56100
16063 17185
16064 61217
16065 27424
16066 52008
16067 25416
16068 25416
16069 55840
16070 2848
16071 19232
16072 19248
16073 17176
16074 58145
16075 60265
16076 58185
16077 59169
16078 54053
16079 17185
16080 58217
16081 60233
16082 58145
16083 49961
16084 18976
16085 27393
16086 19232
16087 55840
16088 58144
16089 55073
16090 55080
16091 49952
16092 54056
16093 54056
16094 27488
16095 49952
16096 51968
16097 19200
16098 59169
16099 59241
16100 19232
16101 19224
16102 19233
16103 57120
16104 49952
16105 19240
16106 58208
16107 54049
16108 17184
16109 25449
16110 56105
16111 54056
16112 49953
16113 56096
16114 49952
16115 49960
16116 49953
16117 25440
16118 56097
16119 58208
16120 57129
16121 52000
16122 54048
16123 19217
16124 26401
16125 63273
16126 56104
16127 61217
16128 62240
16129 60193
16130 60233
16131 27464
16132 25353
16133 54057
16134 60192
16135 49976
16136 58144
16137 54057
16138 19232
16139 54048
16140 54057
16141 59177
16142 25385
16143 25353
16144 58145
16145 19232
16146 53540
16147 51992
16148 19233
16149 60192
16150 19209
16151 60233
16152 54064
16153 58145
16154 17153
16155 52000
16156 54049
16157 62241
16158 49953
16159 51977
16160 54072
16161 60233
16162 27432
16163 57120
16164 58209
16165 25376
16166 49921
16167 19200
16168 56105
16169 19217
16170 60264
16171 58185
16172 49928
16173 54049
16174 19232
16175 56105
16176 54048
16177 19233
16178 58153
16179 55073
16180 56096
16181 52001
16182 27457
16183 58216
16184 56097
16185 54064
16186 60257
16187 54048
16188 63265
16189 53536
16190 25441
16191 61217
16192 19233
16193 49945
16194 58144
16195 52001
16196 54052
16197 2848
16198 51969
16199 19216
16200 54048
16201 49961
16202 63272
16203 49969
16204 25377
16205 58209
16206 27393
16207 54060
16208 19200
16209 19240
16210 49952
16211 49952
16212 58312
16213 49952
16214 49928
16215 26401
16216 21280
16217 27465
16218 53025
16219 59233
16220 49960
16221 27393
16222 58144
16223 57120
16224 57120
16225 56104
16226 26409
16227 54052
16228 54048
16229 52000
16230 57128
16231 49968
16232 17184
16233 49960
16234 26440
16235 56096
16236 55081
16237 59168
16238 63272
16239 27393
16240 23336
16241 60169
16242 49960
16243 49936
16244 27409
16245 54049
16246 25377
16247 17185
16248 58145
16249 60192
16250 62240
16251 52000
16252 58144
16253 59169
16254 27425
16255 28448
16256 54057
16257 49928
16258 56097
16259 19208
16260 54016
16261 60193
16262 60233
16263 19233
16264 59168
16265 16928
16266 17192
16267 19233
16268 25440
16269 17193
16270 54024
16271 27497
16272 17192
16273 49960
16274 52000
16275 25352
16276 25344
16277 54048
16278 17160
16279 58208
16280 60256
16281 58208
16282 55072
16283 56097
16284 57128
16285 19233
16286 19233
16287 59233
16288 49960
16289 52000
16290 19233
16291 49960
16292 61217
16293 58145
16294 27424
16295 53284
16296 11033
16297 52001
16298 49952
16299 27424
16300 58144
16301 57121
16302 54024
16303 19232
16304 25416
16305 18976
16306 62313
16307 58209
16308 54053
16309 56097
16310 54049
16311 17168
16312 58152
16313 27464
16314 19201
16315 19233
16316 49944
16317 51992
16318 27425
16319 54056
16320 54056
16321 19233
16322 18216
16323 56105
16324 52001
16325 54049
16326 58152
16327 58144
16328 25417
16329 54040
16330 39712
16331 25345
16332 49960
16333 49944
16334 51968
16335 23336
16336 17192
16337 17184
16338 17256
16339 25417
16340 25376
16341 25417
16342 25417
16343 19232
16344 58145
16345 55840
16346 25384
16347 17184
16348 56096
16349 17169
16350 63265
16351 17184
16352 49921
16353 18961
16354 58185
16355 40736
16356 58144
16357 25417
16358 54048
16359 19240
16360 17185
16361 17184
16362 51728
16363 60160
16364 54056
16365 59168
16366 56096
16367 19232
16368 19233
16369 27393
16370 54072
16371 55073
16372 55072
16373 54048
16374 16928
16375 19200
16376 54056
16377 21281
16378 58145
16379 19233
16380 58145
16381 58145
16382 17184
16383 50984
16384 25449
16385 56064
16386 53536
16387 58208
16388 58144
16389 49952
16390 51985
16391 27393
16392 19241
16393 49953
16394 58185
16395 54056
16396 19240
16397 58152
16398 52000
16399 52000
16400 51728
16401 27401
16402 27456
16403 25417
16404 17185
16405 49952
16406 49952
16407 17185
16408 58121
16409 17184
16410 27425
16411 2848
16412 25417
16413 18216
16414 25417
16415 49953
16416 25417
16417 58185
16418 25376
16419 57129
16420 62241
16421 27417
16422 27401
16423 58144
16424 27425
16425 58185
16426 40736
16427 58208
16428 19233
16429 54073
16430 49936
16431 27456
16432 62304
16433 54048
16434 49944
16435 25376
16436 55080
16437 49960
16438 17184
16439 52000
16440 58113
16441 49952
16442 54048
16443 51993
16444 17185
16445 65312
16446 27401
16447 60233
16448 49953
16449 23328
16450 58144
16451 56096
16452 51968
16453 52000
16454 25376
16455 56072
16456 54072
16457 25377
16458 52001
16459 52008
16460 55072
16461 27392
16462 27393
16463 49953
16464 27425
16465 60225
16466 52000
16467 27424
16468 58145
16469 19240
16470 19233
16471 58217
16472 17184
16473 55073
16474 60257
16475 58144
16476 49936
16477 54048
16478 63265
16479 54049
16480 19233
16481 19201
16482 19232
16483 25376
16484 56096
16485 27401
16486 27424
16487 52008
16488 58144
16489 58152
16490 54048
16491 17168
16492 19233
16493 54048
16494 57120
16495 27496
16496 57120
16497 49960
16498 58152
16499 59177
16500 56608
16501 54052
16502 25361
16503 25345
16504 54048
16505 27465
16506 55840
16507 50976
16508 28448
16509 58144
16510 49952
16511 56097
16512 49952
16513 54072
16514 49952
16515 26401
16516 17153
16517 23336
16518 19201
16519 49945
16520 18980
16521 17192
16522 18980
16523 63264
16524 27497
16525 58144
16526 25376
16527 49953
16528 55072
16529 59168
16530 49968
16531 17184
16532 54048
16533 27417
16534 17184
16535 49953
16536 19232
16537 58217
16538 58153
16539 25376
16540 16928
16541 58152
16542 58144
16543 58145
16544 27489
16545 49928
16546 55072
16547 2848
16548 49952
16549 19232
16550 58208
16551 21296
16552 27488
16553 60192
16554 54049
16555 49953
16556 54056
16557 54048
16558 19233
16559 19201
16560 19232
16561 27417
16562 54048
16563 60192
16564 55072
16565 27425
16566 62240
16567 54048
16568 26433
16569 55097
16570 60256
16571 58144
16572 57128
16573 49960
16574 19233
16575 56064
16576 54017
16577 59137
16578 39720
16579 17185
16580 25408
16581 25345
16582 56104
16583 59169
16584 54056
16585 17185
16586 52009
16587 55073
16588 25417
16589 25353
16590 27425
16591 59169
16592 58144
16593 39712
16594 54056
16595 17185
16596 17184
16597 58144
16598 25377
16599 17193
16600 49952
16601 50080
16602 19233
16603 52000
16604 61216
16605 17185
16606 25449
16607 25417
16608 58145
16609 52001
16610 54056
16611 28489
16612 17152
16613 58208
16614 25376
16615 25376
16616 19233
16617 54048
16618 56096
16619 52000
16620 17192
16621 60201
16622 58185
16623 49961
16624 17161
16625 25409
16626 27409
16627 62241
16628 25417
16629 17153
16630 54056
16631 49976
16632 27465
16633 25344
16634 52008
16635 25377
16636 52000
16637 58120
16638 49952
16639 49952
16640 27393
16641 52000
16642 25417
16643 58144
16644 54016
16645 17185
16646 58145
16647 27409
16648 25377
16649 62248
16650 19233
16651 55072
16652 27424
16653 52009
16654 60192
16655 28457
16656 25385
16657 17152
16658 28448
16659 25441
16660 53808
16661 52000
16662 19224
16663 19232
16664 52000
16665 49953
16666 60233
16667 27488
16668 58144
16669 25353
16670 58145
16671 25409
16672 17185
16673 54049
16674 27457
16675 19240
16676 58112
16677 55072
16678 19217
16679 49952
16680 49976
16681 63329
16682 58217
16683 52001
16684 58208
16685 58145
16686 17192
16687 54057
16688 25417
16689 60193
16690 27425
16691 27425
16692 26473
16693 19233
16694 52000
16695 25377
16696 19241
16697 19232
16698 55072
16699 54048
16700 25377
16701 25376
16702 25377
16703 49953
16704 60233
16705 60233
16706 19233
16707 27424
16708 25417
16709 19233
16710 63264
16711 19233
16712 55080
16713 65313
16714 54057
16715 25345
16716 25416
16717 59177
16718 52001
16719 54049
16720 58144
16721 60193
16722 52001
16723 19233
16724 54049
16725 58144
16726 17160
16727 62240
16728 63272
16729 58144
16730 25417
16731 60233
16732 58112
16733 27457
16734 58185
16735 50016
16736 60161
16737 60193
16738 64289
16739 25352
16740 25417
16741 27465
16742 27401
16743 61216
16744 17193
16745 25377
16746 52000
16747 25440
16748 62248
16749 27392
16750 23336
16751 27425
16752 54049
16753 25440
16754 53540
16755 25377
16756 54064
16757 54049
16758 40736
16759 19240
16760 54048
16761 27409
16762 25416
16763 56096
16764 55076
16765 58145
16766 54057
16767 53792
16768 58152
16769 60160
16770 40744
16771 59177
16772 19200
16773 58145
16774 62241
16775 19296
16776 52000
16777 58185
16778 25376
16779 54049
16780 27489
16781 60233
16782 63337
16783 52008
16784 62241
16785 59232
16786 49953
16787 65313
16788 49953
16789 58152
16790 58145
16791 17160
16792 26464
16793 58217
16794 27425
16795 54048
16796 52009
16797 49960
16798 50016
16799 19233
16800 19200
16801 58144
16802 50976
16803 25417
16804 58112
16805 50977
16806 62240
16807 19233
16808 27425
16809 56096
16810 27425
16811 54048
16812 25440
16813 58144
16814 27393
16815 50984
16816 17152
16817 27432
16818 54056
16819 19200
16820 49953
16821 19200
16822 49952
16823 27393
16824 50080
16825 55840
16826 17184
16827 49921
16828 54048
16829 49928
16830 52000
16831 19233
16832 61224
16833 54056
16834 19232
16835 19209
16836 27425
16837 19224
16838 60233
16839 27424
16840 50992
16841 54057
16842 25345
16843 50080
16844 17169
16845 17185
16846 27393
16847 49952
16848 17193
16849 55588
16850 49952
16851 58144
16852 27424
16853 19232
16854 59169
16855 64289
16856 54056
16857 25353
16858 27409
16859 27392
16860 57121
16861 56104
16862 17193
16863 40736
16864 52024
16865 58185
16866 25369
16867 64297
16868 25360
16869 27393
16870 54048
16871 40736
16872 56096
16873 19225
16874 55072
16875 54048
16876 40736
16877 54032
16878 56096
16879 52008
16880 52000
16881 25345
16882 49953
16883 49960
16884 49961
16885 25377
16886 59169
16887 27400
16888 49921
16889 16928
16890 17184
16891 19232
16892 19233
16893 25377
16894 56097
16895 57121
16896 59169
16897 21264
16898 59232
16899 25377
16900 62240
16901 49976
16902 49976
16903 54048
16904 19232
16905 19200
16906 54052
16907 25344
16908 60160
16909 17185
16910 54056
16911 52000
16912 17168
16913 19241
16914 59168
16915 27424
16916 50024
16917 17184
16918 17161
16919 27424
16920 25360
16921 17184
16922 25440
16923 28417
16924 17160
16925 60192
16926 52009
16927 49960
16928 49953
16929 27417
16930 54048
16931 49953
16932 25408
16933 27393
16934 49952
16935 17184
16936 17168
16937 19233
16938 57129
16939 59233
16940 63272
16941 58144
16942 19200
16943 19233
16944 53793
16945 17184
16946 54048
16947 25377
16948 17192
16949 53033
16950 55073
16951 49952
16952 19225
16953 18976
16954 54049
16955 58144
16956 27457
16957 54048
16958 54056
16959 25385
16960 17185
16961 58145
16962 17153
16963 27401
16964 58129
16965 52000
16966 25377
16967 27409
16968 25376
16969 19248
16970 55841
16971 61225
16972 25377
16973 56096
16974 58344
16975 58112
16976 54056
16977 25417
16978 58145
16979 25441
16980 58120
16981 52000
16982 17184
16983 49944
16984 28512
16985 62241
16986 62241
16987 25408
16988 49952
16989 27425
16990 58144
16991 52016
16992 59168
16993 55073
16994 62240
16995 25385
16996 60257
16997 17184
16998 59169
16999 58145
17000 54048
17001 25417
17002 25345
17003 58144
17004 55073
17005 25344
17006 54049
17007 27465
17008 60193
17009 61216
17010 27457
17011 19208
17012 54049
17013 25417
17014 19232
17015 25417
17016 62240
17017 54056
17018 25376
17019 25344
17020 27392
17021 18976
17022 18976
17023 59169
17024 19233
17025 49936
17026 52001
17027 19232
17028 51969
17029 56064
17030 58112
17031 25417
17032 53032
17033 63264
17034 54049
17035 27401
17036 19240
17037 58144
17038 49953
17039 55841
17040 27465
17041 25377
17042 52001
17043 54064
17044 25417
17045 55072
17046 25377
17047 50984
17048 25417
17049 19241
17050 54048
17051 54072
17052 54049
17053 50992
17054 53024
17055 55840
17056 27400
17057 49953
17058 51977
17059 58185
17060 52000
17061 58217
17062 62304
17063 19233
17064 58144
17065 21024
17066 25377
17067 62248
17068 25376
17069 58152
17070 27393
17071 49952
17072 50016
17073 56096
17074 56096
17075 58144
17076 17184
17077 17184
17078 17185
17079 63265
17080 25344
17081 19296
17082 17184
17083 25448
17084 19232
17085 19233
17086 19232
17087 54049
17088 17152
17089 17184
17090 54053
17091 27424
17092 19233
17093 19201
17094 16928
17095 52001
17096 54056
17097 49960
17098 25353
17099 58145
17100 17184
17101 54032
17102 62313
17103 49953
17104 18217
17105 58185
17106 58153
17107 52008
17108 27488
17109 17184
17110 49952
17111 27393
17112 58144
17113 27400
17114 18976
17115 27425
17116 59168
17117 52000
17118 25376
17119 53540
17120 49952
17121 65313
17122 49952
17123 17193
17124 17184
17125 27409
17126 58113
17127 62248
17128 27424
17129 49961
17130 49953
17131 58145
17132 55073
17133 60193
17134 52001
17135 49952
17136 60233
17137 49968
17138 49952
17139 55080
17140 54048
17141 27425
17142 52000
17143 53024
17144 19201
17145 49960
17146 58216
17147 49960
17148 49952
17149 55080
17150 54056
17151 27464
17152 60192
17153 19233
17154 26401
17155 49952
17156 17184
17157 56096
17158 18209
17159 49952
17160 25376
17161 55073
17162 49952
17163 49952
17164 27465
17165 58144
17166 19273
17167 50984
17168 63272
17169 60201
17170 57120
17171 27400
17172 61217
17173 19240
17174 58153
17175 49952
17176 60233
17177 49936
17178 58144
17179 55073
17180 19233
17181 54049
17182 49953
17183 54016
17184 58216
17185 25441
17186 49961
17187 52008
17188 25385
17189 39712
17190 18976
17191 58144
17192 49952
17193 58145
17194 51969
17195 50080
17196 27465
17197 27409
17198 51968
17199 58209
17200 19232
17201 54049
17202 53032
17203 56105
17204 25440
17205 54056
17206 58112
17207 53025
17208 54072
17209 62241
17210 54564
17211 25344
17212 55072
17213 17184
17214 58145
17215 17184
17216 19240
17217 60256
17218 52001
17219 51969
17220 55072
17221 49960
17222 51976
17223 18209
17224 17184
17225 60169
17226 60233
17227 58144
17228 17185
17229 25344
17230 19233
17231 54049
17232 52016
17233 49952
17234 59232
17235 17192
17236 49953
17237 58145
17238 55073
17239 58112
17240 49968
17241 62248
17242 63328
17243 49952
17244 17184
17245 17192
17246 17184
17247 60193
17248 57120
17249 57120
17250 62240
17251 54048
17252 27392
17253 58144
17254 58145
17255 58145
17256 19305
17257 50080
17258 52024
17259 52000
17260 40736
17261 58209
17262 52000
17263 54049
17264 49960
17265 49960
17266 60233
17267 27457
17268 54057
17269 59137
17270 58185
17271 50080
17272 58113
17273 25376
17274 54048
17275 55840
17276 60256
17277 58113
17278 27424
17279 19232
17280 54056
17281 49937
17282 25377
