# Created by Open3D 
# object name: lines
# number of vertices: 8946
# number of triangles: 17040
v 0.138476 0.00855135 0.743879 0 0 1
v 0.880962 0.00608474 0.749615 0 0 1
v 0.138438 0.00856809 0.748879 0 0 1
v 0.138461 0.0120987 0.747403 0 0 1
v 0.138493 0.0135513 0.743862 0 0 1
v 0.138515 0.012075 0.740332 0 0 1
v 0.138515 0.00853461 0.738879 0 0 1
v 0.138492 0.00500402 0.740355 0 0 1
v 0.13846 0.00355141 0.743896 0 0 1
v 0.138437 0.00502769 0.747426 0 0 1
v 0.324059 0.00795144 0.750313 0 0 1
v 0.324082 0.011482 0.748837 0 0 1
v 0.324115 0.0129346 0.745296 0 0 1
v 0.324137 0.0114584 0.741766 0 0 1
v 0.324136 0.00791796 0.740313 0 0 1
v 0.324113 0.00438737 0.741789 0 0 1
v 0.324081 0.00293475 0.74533 0 0 1
v 0.324059 0.00441104 0.74886 0 0 1
v 0.509681 0.00733478 0.751747 0 0 1
v 0.509704 0.0108654 0.750271 0 0 1
v 0.509736 0.012318 0.74673 0 0 1
v 0.509758 0.0108417 0.7432 0 0 1
v 0.509758 0.0073013 0.741747 0 0 1
v 0.509735 0.00377071 0.743223 0 0 1
v 0.509703 0.0023181 0.746764 0 0 1
v 0.50968 0.00379438 0.750294 0 0 1
v 0.695302 0.00671813 0.753181 0 0 1
v 0.695325 0.0102487 0.751705 0 0 1
v 0.695358 0.0117013 0.748164 0 0 1
v 0.69538 0.010225 0.744634 0 0 1
v 0.695379 0.00668465 0.743181 0 0 1
v 0.695356 0.00315406 0.744657 0 0 1
v 0.695324 0.00170145 0.748198 0 0 1
v 0.695302 0.00317773 0.751728 0 0 1
v 0.880924 0.00610147 0.754615 0 0 1
v 0.880947 0.00963207 0.753139 0 0 1
v 0.880979 0.0110847 0.749599 0 0 1
v 0.881001 0.00960839 0.746068 0 0 1
v 0.881001 0.006068 0.744615 0 0 1
v 0.880978 0.00253741 0.746091 0 0 1
v 0.880946 0.00108479 0.749632 0 0 1
v 0.880923 0.00256108 0.753162 0 0 1
v 0.884136 -0.00114369 0.249879 0 0 1
v 0.118995 0.00142759 0.246003 0 0 1
v 0.884162 -0.00112697 0.244879 0 0 1
v 0.884166 0.00240363 0.246355 0 0 1
v 0.884153 0.00385626 0.249896 0 0 1
v 0.88413 0.00237999 0.253426 0 0 1
v 0.884111 -0.0011604 0.254879 0 0 1
v 0.884106 -0.004691 0.253402 0 0 1
v 0.88412 -0.00614363 0.249862 0 0 1
v 0.884142 -0.00466736 0.246331 0 0 1
v 0.692876 -0.000484151 0.24391 0 0 1
v 0.692881 0.00304645 0.245386 0 0 1
v 0.692868 0.00449908 0.248927 0 0 1
v 0.692845 0.0030228 0.252457 0 0 1
v 0.692825 -0.000517586 0.25391 0 0 1
v 0.692821 -0.00404818 0.252433 0 0 1
v 0.692834 -0.00550081 0.248893 0 0 1
v 0.692857 -0.00402454 0.245362 0 0 1
v 0.501591 0.000158667 0.242941 0 0 1
v 0.501595 0.00368926 0.244417 0 0 1
v 0.501582 0.00514189 0.247958 0 0 1
v 0.501559 0.00366562 0.251488 0 0 1
v 0.50154 0.000125233 0.252941 0 0 1
v 0.501536 -0.00340537 0.251464 0 0 1
v 0.501549 -0.00485799 0.247924 0 0 1
v 0.501572 -0.00338172 0.244393 0 0 1
v 0.310305 0.000801486 0.241972 0 0 1
v 0.31031 0.00433208 0.243448 0 0 1
v 0.310297 0.00578471 0.246989 0 0 1
v 0.310274 0.00430844 0.250519 0 0 1
v 0.310255 0.000768051 0.251972 0 0 1
v 0.31025 -0.00276255 0.250495 0 0 1
v 0.310263 -0.00421518 0.246955 0 0 1
v 0.310286 -0.0027389 0.243425 0 0 1
v 0.11902 0.0014443 0.241003 0 0 1
v 0.119024 0.0049749 0.242479 0 0 1
v 0.119011 0.00642753 0.24602 0 0 1
v 0.118988 0.00495126 0.24955 0 0 1
v 0.118969 0.00141087 0.251003 0 0 1
v 0.118965 -0.00211973 0.249526 0 0 1
v 0.118978 -0.00357236 0.245986 0 0 1
v 0.119001 -0.00209609 0.242456 0 0 1
v 0.118995 0.00142759 0.246003 0 0 1
v 0.367191 0.00779154 0.745646 0 0 1
v 0.114523 0.00118473 0.248227 0 0 1
v 0.115661 0.00478699 0.247616 0 0 1
v 0.118752 0.00642136 0.24606 0 0 1
v 0.121985 0.00513044 0.24447 0 0 1
v 0.123466 0.00167044 0.243779 0 0 1
v 0.122328 -0.00193182 0.24439 0 0 1
v 0.119237 -0.00356619 0.245946 0 0 1
v 0.116005 -0.00227527 0.247535 0 0 1
v 0.176572 0.00277572 0.373138 0 0 1
v 0.17771 0.00637798 0.372527 0 0 1
v 0.180801 0.00801235 0.370971 0 0 1
v 0.184034 0.00672143 0.369381 0 0 1
v 0.185515 0.00326143 0.368689 0 0 1
v 0.184377 -0.000340832 0.369301 0 0 1
v 0.181287 -0.0019752 0.370857 0 0 1
v 0.178054 -0.000684281 0.372446 0 0 1
v 0.238621 0.00436671 0.498049 0 0 1
v 0.239759 0.00796897 0.497438 0 0 1
v 0.24285 0.00960334 0.495881 0 0 1
v 0.246083 0.00831242 0.494292 0 0 1
v 0.247564 0.00485242 0.4936 0 0 1
v 0.246426 0.00125016 0.494211 0 0 1
v 0.243336 -0.000384211 0.495767 0 0 1
v 0.240103 0.000906707 0.497357 0 0 1
v 0.30067 0.00595769 0.622959 0 0 1
v 0.301808 0.00955996 0.622348 0 0 1
v 0.304899 0.0111943 0.620792 0 0 1
v 0.308132 0.00990341 0.619203 0 0 1
v 0.309613 0.00644341 0.618511 0 0 1
v 0.308475 0.00284114 0.619122 0 0 1
v 0.305385 0.00120678 0.620678 0 0 1
v 0.302152 0.00249769 0.622268 0 0 1
v 0.362719 0.00754868 0.74787 0 0 1
v 0.363857 0.0111509 0.747259 0 0 1
v 0.366948 0.0127853 0.745703 0 0 1
v 0.370181 0.0114944 0.744113 0 0 1
v 0.371662 0.00803439 0.743422 0 0 1
v 0.370524 0.00443213 0.744033 0 0 1
v 0.367434 0.00279776 0.745589 0 0 1
v 0.364201 0.00408868 0.747178 0 0 1
v 0.158328 0.800655 0.748608 0 0 1
v 0.385373 1.00207 0.75153 0 0 1
v 0.160503 0.798149 0.752348 0 0 1
v 0.158094 0.800846 0.753599 0 0 1
v 0.155822 0.803431 0.751926 0 0 1
v 0.155018 0.80439 0.748309 0 0 1
v 0.156153 0.803161 0.744868 0 0 1
v 0.158562 0.800463 0.743617 0 0 1
v 0.160834 0.797878 0.74529 0 0 1
v 0.161638 0.796919 0.748906 0 0 1
v 0.217264 0.848504 0.753078 0 0 1
v 0.214855 0.851201 0.754329 0 0 1
v 0.212583 0.853786 0.752656 0 0 1
v 0.211779 0.854745 0.74904 0 0 1
v 0.212914 0.853516 0.745598 0 0 1
v 0.215323 0.850818 0.744347 0 0 1
v 0.217595 0.848233 0.74602 0 0 1
v 0.218399 0.847274 0.749637 0 0 1
v 0.274026 0.898858 0.753809 0 0 1
v 0.271617 0.901556 0.75506 0 0 1
v 0.269345 0.904141 0.753387 0 0 1
v 0.268541 0.9051 0.74977 0 0 1
v 0.269676 0.903871 0.746329 0 0 1
v 0.272085 0.901173 0.745078 0 0 1
v 0.274357 0.898588 0.746751 0 0 1
v 0.275161 0.897629 0.750367 0 0 1
v 0.330787 0.949213 0.754539 0 0 1
v 0.328378 0.951911 0.75579 0 0 1
v 0.326106 0.954496 0.754117 0 0 1
v 0.325302 0.955455 0.750501 0 0 1
v 0.326437 0.954226 0.747059 0 0 1
v 0.328846 0.951528 0.745808 0 0 1
v 0.331118 0.948943 0.747481 0 0 1
v 0.331922 0.947984 0.751098 0 0 1
v 0.387548 0.999568 0.75527 0 0 1
v 0.385139 1.00227 0.756521 0 0 1
v 0.382867 1.00485 0.754848 0 0 1
v 0.382063 1.00581 0.751231 0 0 1
v 0.383198 1.00458 0.74779 0 0 1
v 0.385607 1.00188 0.746539 0 0 1
v 0.387879 0.999298 0.748212 0 0 1
v 0.388683 0.998339 0.751828 0 0 1
v 0.85237 0.674707 0.753256 0 0 1
v 0.271424 0.699673 0.7489 0 0 1
v 0.852416 0.67492 0.74826 0 0 1
v 0.852553 0.678387 0.749875 0 0 1
v 0.852583 0.679698 0.75347 0 0 1
v 0.852487 0.678086 0.75694 0 0 1
v 0.852323 0.674494 0.758251 0 0 1
v 0.852186 0.671028 0.756636 0 0 1
v 0.852157 0.669716 0.753041 0 0 1
v 0.852252 0.671329 0.749572 0 0 1
v 0.70718 0.681162 0.747172 0 0 1
v 0.707317 0.684628 0.748786 0 0 1
v 0.707346 0.68594 0.752382 0 0 1
v 0.707251 0.684327 0.755851 0 0 1
v 0.707087 0.680736 0.757162 0 0 1
v 0.70695 0.677269 0.755547 0 0 1
v 0.70692 0.675958 0.751952 0 0 1
v 0.707016 0.67757 0.748483 0 0 1
v 0.561943 0.687403 0.746083 0 0 1
v 0.56208 0.69087 0.747698 0 0 1
v 0.56211 0.692181 0.751293 0 0 1
v 0.562014 0.690569 0.754762 0 0 1
v 0.56185 0.686977 0.756073 0 0 1
v 0.561713 0.683511 0.754458 0 0 1
v 0.561684 0.682199 0.750863 0 0 1
v 0.561779 0.683812 0.747394 0 0 1
v 0.416707 0.693645 0.744994 0 0 1
v 0.416844 0.697111 0.746609 0 0 1
v 0.416873 0.698423 0.750204 0 0 1
v 0.416778 0.69681 0.753673 0 0 1
v 0.416614 0.693219 0.754985 0 0 1
v 0.416477 0.689752 0.75337 0 0 1
v 0.416447 0.688441 0.749775 0 0 1
v 0.416543 0.690053 0.746305 0 0 1
v 0.27147 0.699886 0.743905 0 0 1
v 0.271607 0.703353 0.74552 0 0 1
v 0.271637 0.704664 0.749115 0 0 1
v 0.271541 0.703052 0.752584 0 0 1
v 0.271377 0.69946 0.753896 0 0 1
v 0.27124 0.695994 0.752281 0 0 1
v 0.271211 0.694683 0.748686 0 0 1
v 0.271306 0.696295 0.745217 0 0 1
v 0.271424 0.699673 0.7489 0 0 1
v 0.774186 0.867569 0.753768 0 0 1
v 0.271884 0.698157 0.753643 0 0 1
v 0.270677 0.701779 0.753374 0 0 1
v 0.269908 0.704167 0.750484 0 0 1
v 0.270026 0.703923 0.746667 0 0 1
v 0.270964 0.701189 0.744158 0 0 1
v 0.27217 0.697568 0.744427 0 0 1
v 0.27294 0.69518 0.747317 0 0 1
v 0.272821 0.695424 0.751134 0 0 1
v 0.397575 0.740131 0.75486 0 0 1
v 0.396368 0.743753 0.75459 0 0 1
v 0.395598 0.746141 0.751701 0 0 1
v 0.395717 0.745897 0.747884 0 0 1
v 0.396654 0.743163 0.745375 0 0 1
v 0.397861 0.739542 0.745644 0 0 1
v 0.39863 0.737153 0.748534 0 0 1
v 0.398512 0.737398 0.752351 0 0 1
v 0.523265 0.782105 0.756076 0 0 1
v 0.522058 0.785727 0.755807 0 0 1
v 0.521289 0.788115 0.752918 0 0 1
v 0.521407 0.787871 0.749101 0 0 1
v 0.522344 0.785137 0.746592 0 0 1
v 0.523551 0.781516 0.746861 0 0 1
v 0.524321 0.779127 0.74975 0 0 1
v 0.524202 0.779372 0.753568 0 0 1
v 0.648956 0.824079 0.757293 0 0 1
v 0.647749 0.827701 0.757024 0 0 1
v 0.646979 0.830089 0.754135 0 0 1
v 0.647098 0.829844 0.750317 0 0 1
v 0.648035 0.827111 0.747808 0 0 1
v 0.649242 0.823489 0.748078 0 0 1
v 0.650011 0.821101 0.750967 0 0 1
v 0.649893 0.821345 0.754784 0 0 1
v 0.774646 0.866053 0.75851 0 0 1
v 0.773439 0.869674 0.758241 0 0 1
v 0.77267 0.872063 0.755351 0 0 1
v 0.772788 0.871818 0.751534 0 0 1
v 0.773725 0.869085 0.749025 0 0 1
v 0.774932 0.865463 0.749294 0 0 1
v 0.775702 0.863075 0.752184 0 0 1
v 0.775583 0.863319 0.756001 0 0 1
v 0.774186 0.867569 0.753768 0 0 1
v 0.85237 0.674707 0.753256 0 0 1
v 0.778482 0.869305 0.755646 0 0 1
v 0.778451 0.869303 0.751819 0 0 1
v 0.775922 0.868285 0.749134 0 0 1
v 0.772376 0.866847 0.749163 0 0 1
v 0.76989 0.865832 0.751889 0 0 1
v 0.76992 0.865834 0.755716 0 0 1
v 0.772449 0.866853 0.758401 0 0 1
v 0.775996 0.86829 0.758372 0 0 1
v 0.798028 0.82109 0.755518 0 0 1
v 0.797997 0.821088 0.751691 0 0 1
v 0.795468 0.82007 0.749006 0 0 1
v 0.791922 0.818632 0.749035 0 0 1
v 0.789436 0.817617 0.751761 0 0 1
v 0.789466 0.817619 0.755588 0 0 1
v 0.791995 0.818637 0.758273 0 0 1
v 0.795542 0.820075 0.758244 0 0 1
v 0.817574 0.772875 0.75539 0 0 1
v 0.817543 0.772872 0.751563 0 0 1
v 0.815014 0.771854 0.748878 0 0 1
v 0.811468 0.770417 0.748907 0 0 1
v 0.808982 0.769401 0.751633 0 0 1
v 0.809012 0.769404 0.75546 0 0 1
v 0.811541 0.770422 0.758145 0 0 1
v 0.815088 0.771859 0.758116 0 0 1
v 0.83712 0.724659 0.755262 0 0 1
v 0.837089 0.724657 0.751435 0 0 1
v 0.83456 0.723639 0.74875 0 0 1
v 0.831014 0.722201 0.748779 0 0 1
v 0.828528 0.721186 0.751505 0 0 1
v 0.828558 0.721188 0.755332 0 0 1
v 0.831087 0.722206 0.758017 0 0 1
v 0.834633 0.723644 0.757988 0 0 1
v 0.856666 0.676444 0.755134 0 0 1
v 0.856635 0.676442 0.751307 0 0 1
v 0.854106 0.675423 0.748622 0 0 1
v 0.85056 0.673986 0.748651 0 0 1
v 0.848074 0.672971 0.751377 0 0 1
v 0.848104 0.672973 0.755204 0 0 1
v 0.850633 0.673991 0.757889 0 0 1
v 0.854179 0.675429 0.75786 0 0 1
v 0.367191 0.00779154 0.745646 0 0 1
v 0.385373 1.00207 0.75153 0 0 1
v 0.372189 0.00769959 0.745737 0 0 1
v 0.37066 0.00770679 0.749245 0 0 1
v 0.367099 0.00776364 0.750645 0 0 1
v 0.363591 0.00783682 0.749116 0 0 1
v 0.362192 0.00788348 0.745554 0 0 1
v 0.363721 0.00787628 0.742046 0 0 1
v 0.367283 0.00781944 0.740647 0 0 1
v 0.37079 0.00774625 0.742176 0 0 1
v 0.376735 0.25627 0.747208 0 0 1
v 0.375206 0.256278 0.750716 0 0 1
v 0.371644 0.256334 0.752116 0 0 1
v 0.368137 0.256408 0.750587 0 0 1
v 0.366738 0.256454 0.747025 0 0 1
v 0.368267 0.256447 0.743517 0 0 1
v 0.371828 0.25639 0.742118 0 0 1
v 0.375336 0.256317 0.743647 0 0 1
v 0.38128 0.504841 0.748679 0 0 1
v 0.379751 0.504848 0.752187 0 0 1
v 0.37619 0.504905 0.753587 0 0 1
v 0.372683 0.504978 0.752058 0 0 1
v 0.371284 0.505025 0.748496 0 0 1
v 0.372813 0.505018 0.744988 0 0 1
v 0.376374 0.504961 0.743589 0 0 1
v 0.379881 0.504888 0.745118 0 0 1
v 0.385826 0.753412 0.75015 0 0 1
v 0.384297 0.753419 0.753658 0 0 1
v 0.380736 0.753476 0.755058 0 0 1
v 0.377228 0.753549 0.753529 0 0 1
v 0.375829 0.753596 0.749967 0 0 1
v 0.377358 0.753588 0.746459 0 0 1
v 0.380919 0.753532 0.74506 0 0 1
v 0.384427 0.753458 0.746588 0 0 1
v 0.390371 1.00198 0.751621 0 0 1
v 0.388842 1.00199 0.755129 0 0 1
v 0.385281 1.00205 0.756529 0 0 1
v 0.381774 1.00212 0.755 0 0 1
v 0.380375 1.00217 0.751438 0 0 1
v 0.381904 1.00216 0.74793 0 0 1
v 0.385465 1.0021 0.746531 0 0 1
v 0.388972 1.00203 0.748059 0 0 1
v 0.244924 0.875151 0.466534 0 0 1
v 0.393466 1.00511 0.246978 0 0 1
v 0.249198 0.874516 0.46905 0 0 1
v 0.247497 0.877845 0.46987 0 0 1
v 0.244289 0.879595 0.468735 0 0 1
v 0.241452 0.878743 0.466312 0 0 1
v 0.24065 0.875786 0.464019 0 0 1
v 0.242351 0.872457 0.463199 0 0 1
v 0.245559 0.870707 0.464333 0 0 1
v 0.248395 0.871559 0.466757 0 0 1
v 0.286333 0.907006 0.414161 0 0 1
v 0.284632 0.910334 0.414981 0 0 1
v 0.281424 0.912085 0.413846 0 0 1
v 0.278588 0.911232 0.411423 0 0 1
v 0.277785 0.908276 0.40913 0 0 1
v 0.279486 0.904947 0.40831 0 0 1
v 0.282694 0.903196 0.409444 0 0 1
v 0.285531 0.904049 0.411868 0 0 1
v 0.323469 0.939495 0.359272 0 0 1
v 0.321768 0.942824 0.360091 0 0 1
v 0.31856 0.944575 0.358957 0 0 1
v 0.315724 0.943722 0.356534 0 0 1
v 0.314921 0.940765 0.354241 0 0 1
v 0.316622 0.937437 0.353421 0 0 1
v 0.31983 0.935686 0.354555 0 0 1
v 0.322666 0.936539 0.356979 0 0 1
v 0.360605 0.971985 0.304383 0 0 1
v 0.358904 0.975313 0.305202 0 0 1
v 0.355695 0.977064 0.304068 0 0 1
v 0.352859 0.976212 0.301645 0 0 1
v 0.352056 0.973255 0.299351 0 0 1
v 0.353757 0.969926 0.298532 0 0 1
v 0.356966 0.968175 0.299666 0 0 1
v 0.359802 0.969028 0.30209 0 0 1
v 0.39774 1.00447 0.249494 0 0 1
v 0.396039 1.0078 0.250313 0 0 1
v 0.392831 1.00955 0.249179 0 0 1
v 0.389995 1.0087 0.246756 0 0 1
v 0.389192 1.00574 0.244462 0 0 1
v 0.390893 1.00242 0.243643 0 0 1
v 0.394101 1.00067 0.244777 0 0 1
v 0.396937 1.00152 0.247201 0 0 1
v 0.131848 0.773036 0.245749 0 0 1
v 0.393466 1.00511 0.246978 0 0 1
v 0.13404 0.770545 0.24949 0 0 1
v 0.131636 0.773248 0.25074 0 0 1
v 0.129357 0.775826 0.249067 0 0 1
v 0.128536 0.77677 0.24545 0 0 1
v 0.129656 0.775527 0.242009 0 0 1
v 0.132059 0.772824 0.240758 0 0 1
v 0.134339 0.770246 0.242431 0 0 1
v 0.135159 0.769301 0.246048 0 0 1
v 0.199444 0.828563 0.249797 0 0 1
v 0.197041 0.831266 0.251047 0 0 1
v 0.194761 0.833845 0.249374 0 0 1
v 0.193941 0.834789 0.245758 0 0 1
v 0.19506 0.833545 0.242316 0 0 1
v 0.197464 0.830842 0.241065 0 0 1
v 0.199743 0.828264 0.242738 0 0 1
v 0.200564 0.82732 0.246355 0 0 1
v 0.264849 0.886582 0.250104 0 0 1
v 0.262445 0.889284 0.251355 0 0 1
v 0.260166 0.891863 0.249682 0 0 1
v 0.259346 0.892807 0.246065 0 0 1
v 0.260465 0.891564 0.242623 0 0 1
v 0.262868 0.888861 0.241373 0 0 1
v 0.265148 0.886282 0.243046 0 0 1
v 0.265968 0.885338 0.246662 0 0 1
v 0.330253 0.9446 0.250411 0 0 1
v 0.32785 0.947303 0.251662 0 0 1
v 0.325571 0.949881 0.249989 0 0 1
v 0.32475 0.950826 0.246372 0 0 1
v 0.325869 0.949582 0.242931 0 0 1
v 0.328273 0.946879 0.24168 0 0 1
v 0.330552 0.944301 0.243353 0 0 1
v 0.331373 0.943357 0.24697 0 0 1
v 0.395658 1.00262 0.250719 0 0 1
v 0.393255 1.00532 0.251969 0 0 1
v 0.390975 1.0079 0.250296 0 0 1
v 0.390155 1.00884 0.246679 0 0 1
v 0.391274 1.0076 0.243238 0 0 1
v 0.393677 1.0049 0.241987 0 0 1
v 0.395957 1.00232 0.24366 0 0 1
v 0.396777 1.00138 0.247277 0 0 1
v 0.385373 1.00207 0.75153 0 0 1
v 0.131848 0.773036 0.245749 0 0 1
v 0.389901 1.00165 0.749453 0 0 1
v 0.388274 1.00504 0.748734 0 0 1
v 0.384947 1.00669 0.749653 0 0 1
v 0.38187 1.00564 0.751672 0 0 1
v 0.380845 1.0025 0.753607 0 0 1
v 0.382472 0.999112 0.754325 0 0 1
v 0.385799 0.997459 0.753406 0 0 1
v 0.388876 0.99851 0.751388 0 0 1
v 0.32652 0.944389 0.623008 0 0 1
v 0.324892 0.947777 0.622289 0 0 1
v 0.321566 0.94943 0.623208 0 0 1
v 0.318488 0.948379 0.625226 0 0 1
v 0.317463 0.945241 0.627161 0 0 1
v 0.319091 0.941853 0.62788 0 0 1
v 0.322418 0.9402 0.626961 0 0 1
v 0.325495 0.94125 0.624943 0 0 1
v 0.263139 0.887129 0.496563 0 0 1
v 0.261511 0.890517 0.495844 0 0 1
v 0.258184 0.89217 0.496763 0 0 1
v 0.255107 0.89112 0.498781 0 0 1
v 0.254082 0.887981 0.500716 0 0 1
v 0.25571 0.884593 0.501435 0 0 1
v 0.259037 0.88294 0.500516 0 0 1
v 0.262114 0.883991 0.498498 0 0 1
v 0.199757 0.829869 0.370117 0 0 1
v 0.19813 0.833257 0.369399 0 0 1
v 0.194803 0.834911 0.370318 0 0 1
v 0.191726 0.83386 0.372336 0 0 1
v 0.190701 0.830722 0.374271 0 0 1
v 0.192328 0.827334 0.37499 0 0 1
v 0.195655 0.825681 0.374071 0 0 1
v 0.198732 0.826731 0.372052 0 0 1
v 0.136376 0.77261 0.243672 0 0 1
v 0.134748 0.775998 0.242954 0 0 1
v 0.131421 0.777651 0.243873 0 0 1
v 0.128344 0.776601 0.245891 0 0 1
v 0.127319 0.773462 0.247826 0 0 1
v 0.128947 0.770074 0.248544 0 0 1
v 0.132274 0.768421 0.247625 0 0 1
v 0.135351 0.769471 0.245607 0 0 1
v 0.783778 0.863555 0.451861 0 0 1
v 0.60672 0.996263 0.248062 0 0 1
v 0.787745 0.864329 0.448918 0 0 1
v 0.787131 0.867228 0.45134 0 0 1
v 0.784552 0.867975 0.454067 0 0 1
v 0.78152 0.866134 0.455502 0 0 1
v 0.779811 0.862782 0.454804 0 0 1
v 0.780425 0.859883 0.452382 0 0 1
v 0.783004 0.859136 0.449655 0 0 1
v 0.786036 0.860977 0.448221 0 0 1
v 0.743481 0.897506 0.397968 0 0 1
v 0.742866 0.900405 0.40039 0 0 1
v 0.740287 0.901152 0.403117 0 0 1
v 0.737255 0.89931 0.404552 0 0 1
v 0.735546 0.895958 0.403854 0 0 1
v 0.736161 0.89306 0.401433 0 0 1
v 0.73874 0.892312 0.398706 0 0 1
v 0.741772 0.894154 0.397271 0 0 1
v 0.699216 0.930683 0.347019 0 0 1
v 0.698602 0.933582 0.34944 0 0 1
v 0.696023 0.934329 0.352167 0 0 1
v 0.692991 0.932487 0.353602 0 0 1
v 0.691282 0.929135 0.352904 0 0 1
v 0.691896 0.926237 0.350483 0 0 1
v 0.694475 0.925489 0.347756 0 0 1
v 0.697507 0.927331 0.346321 0 0 1
v 0.654952 0.96386 0.296069 0 0 1
v 0.654337 0.966759 0.29849 0 0 1
v 0.651758 0.967506 0.301217 0 0 1
v 0.648726 0.965664 0.302652 0 0 1
v 0.647017 0.962312 0.301955 0 0 1
v 0.647632 0.959414 0.299533 0 0 1
v 0.650211 0.958666 0.296806 0 0 1
v 0.653243 0.960508 0.295371 0 0 1
v 0.610687 0.997037 0.245119 0 0 1
v 0.610073 0.999936 0.247541 0 0 1
v 0.607494 1.00068 0.250268 0 0 1
v 0.604462 0.998841 0.251702 0 0 1
v 0.602752 0.995489 0.251005 0 0 1
v 0.603367 0.99259 0.248583 0 0 1
v 0.605946 0.991843 0.245856 0 0 1
v 0.608978 0.993685 0.244421 0 0 1
v 0.60672 0.996263 0.248062 0 0 1
v 0.393466 1.00511 0.246978 0 0 1
v 0.606754 0.996469 0.243066 0 0 1
v 0.60689 0.999938 0.244676 0 0 1
v 0.606926 1.00125 0.248269 0 0 1
v 0.606842 0.999647 0.251741 0 0 1
v 0.606686 0.996057 0.253057 0 0 1
v 0.60655 0.992588 0.251448 0 0 1
v 0.606514 0.991272 0.247855 0 0 1
v 0.606598 0.992879 0.244383 0 0 1
v 0.55344 0.998681 0.242795 0 0 1
v 0.553576 1.00215 0.244405 0 0 1
v 0.553612 1.00347 0.247998 0 0 1
v 0.553528 1.00186 0.25147 0 0 1
v 0.553373 0.998269 0.252787 0 0 1
v 0.553237 0.9948 0.251177 0 0 1
v 0.5532 0.993483 0.247584 0 0 1
v 0.553285 0.995091 0.244112 0 0 1
v 0.500127 1.00089 0.242524 0 0 1
v 0.500263 1.00436 0.244134 0 0 1
v 0.500299 1.00568 0.247727 0 0 1
v 0.500215 1.00407 0.251199 0 0 1
v 0.500059 1.00048 0.252516 0 0 1
v 0.499923 0.997011 0.250906 0 0 1
v 0.499887 0.995695 0.247313 0 0 1
v 0.499971 0.997302 0.243841 0 0 1
v 0.446813 1.0031 0.242253 0 0 1
v 0.446949 1.00657 0.243863 0 0 1
v 0.446986 1.00789 0.247456 0 0 1
v 0.446901 1.00628 0.250928 0 0 1
v 0.446746 1.00269 0.252245 0 0 1
v 0.44661 0.999223 0.250635 0 0 1
v 0.446574 0.997906 0.247042 0 0 1
v 0.446658 0.999514 0.24357 0 0 1
v 0.3935 1.00532 0.241983 0 0 1
v 0.393636 1.00878 0.243592 0 0 1
v 0.393672 1.0101 0.247185 0 0 1
v 0.393588 1.00849 0.250657 0 0 1
v 0.393432 1.0049 0.251974 0 0 1
v 0.393296 1.00143 0.250364 0 0 1
v 0.39326 1.00012 0.246771 0 0 1
v 0.393344 1.00173 0.243299 0 0 1
v 0.783778 0.863555 0.451861 0 0 1
v 0.271424 0.699673 0.7489 0 0 1
v 0.782049 0.861403 0.447692 0 0 1
v 0.781034 0.865082 0.44797 0 0 1
v 0.781626 0.867867 0.450528 0 0 1
v 0.783478 0.868126 0.453866 0 0 1
v 0.785507 0.865708 0.45603 0 0 1
v 0.786522 0.862029 0.455752 0 0 1
v 0.78593 0.859244 0.453195 0 0 1
v 0.784078 0.858985 0.449856 0 0 1
v 0.653961 0.820433 0.521952 0 0 1
v 0.652945 0.824112 0.52223 0 0 1
v 0.653537 0.826897 0.524788 0 0 1
v 0.65539 0.827156 0.528126 0 0 1
v 0.657418 0.824737 0.53029 0 0 1
v 0.658434 0.821058 0.530012 0 0 1
v 0.657842 0.818273 0.527455 0 0 1
v 0.655989 0.818014 0.524116 0 0 1
v 0.525872 0.779462 0.596212 0 0 1
v 0.524857 0.783141 0.59649 0 0 1
v 0.525449 0.785926 0.599047 0 0 1
v 0.527301 0.786185 0.602386 0 0 1
v 0.529329 0.783767 0.60455 0 0 1
v 0.530345 0.780088 0.604272 0 0 1
v 0.529753 0.777303 0.601714 0 0 1
v 0.5279 0.777044 0.598376 0 0 1
v 0.397784 0.738492 0.670472 0 0 1
v 0.396768 0.742171 0.67075 0 0 1
v 0.39736 0.744955 0.673307 0 0 1
v 0.399213 0.745214 0.676646 0 0 1
v 0.401241 0.742796 0.67881 0 0 1
v 0.402257 0.739117 0.678531 0 0 1
v 0.401665 0.736332 0.675974 0 0 1
v 0.399812 0.736073 0.672636 0 0 1
v 0.269695 0.697521 0.744732 0 0 1
v 0.26868 0.7012 0.74501 0 0 1
v 0.269272 0.703985 0.747567 0 0 1
v 0.271124 0.704244 0.750905 0 0 1
v 0.273152 0.701826 0.753069 0 0 1
v 0.274168 0.698146 0.752791 0 0 1
v 0.273576 0.695362 0.750234 0 0 1
v 0.271723 0.695103 0.746896 0 0 1
v 0.85237 0.674707 0.753256 0 0 1
v 0.783778 0.863555 0.451861 0 0 1
v 0.857272 0.674977 0.752309 0 0 1
v 0.856027 0.677909 0.754429 0 0 1
v 0.852639 0.678965 0.755862 0 0 1
v 0.849094 0.677528 0.755768 0 0 1
v 0.847468 0.674438 0.754202 0 0 1
v 0.848713 0.671506 0.752082 0 0 1
v 0.8521 0.670449 0.750649 0 0 1
v 0.855646 0.671887 0.750743 0 0 1
v 0.840124 0.722189 0.67696 0 0 1
v 0.838879 0.725121 0.679081 0 0 1
v 0.835491 0.726177 0.680514 0 0 1
v 0.831946 0.72474 0.68042 0 0 1
v 0.83032 0.72165 0.678854 0 0 1
v 0.831565 0.718718 0.676733 0 0 1
v 0.834952 0.717661 0.6753 0 0 1
v 0.838498 0.719099 0.675394 0 0 1
v 0.822976 0.769401 0.601612 0 0 1
v 0.821731 0.772333 0.603732 0 0 1
v 0.818343 0.77339 0.605165 0 0 1
v 0.814798 0.771952 0.605071 0 0 1
v 0.813172 0.768862 0.603505 0 0 1
v 0.814417 0.76593 0.601385 0 0 1
v 0.817804 0.764873 0.599952 0 0 1
v 0.82135 0.766311 0.600046 0 0 1
v 0.805828 0.816613 0.526263 0 0 1
v 0.804583 0.819545 0.528384 0 0 1
v 0.801195 0.820602 0.529817 0 0 1
v 0.79765 0.819164 0.529723 0 0 1
v 0.796024 0.816074 0.528157 0 0 1
v 0.797269 0.813142 0.526036 0 0 1
v 0.800656 0.812085 0.524603 0 0 1
v 0.804202 0.813523 0.524697 0 0 1
v 0.78868 0.863825 0.450914 0 0 1
v 0.787435 0.866757 0.453035 0 0 1
v 0.784047 0.867814 0.454468 0 0 1
v 0.780502 0.866376 0.454374 0 0 1
v 0.778876 0.863286 0.452808 0 0 1
v 0.780121 0.860354 0.450687 0 0 1
v 0.783509 0.859297 0.449254 0 0 1
v 0.787054 0.860735 0.449348 0 0 1
v 0.244924 0.875151 0.466534 0 0 1
v 0.358082 0.727936 0.69778 0 0 1
v 0.246619 0.879451 0.468442 0 0 1
v 0.249163 0.877772 0.466128 0 0 1
v 0.249223 0.874557 0.464052 0 0 1
v 0.246765 0.871691 0.46343 0 0 1
v 0.243229 0.870851 0.464627 0 0 1
v 0.240685 0.872531 0.46694 0 0 1
v 0.240624 0.875745 0.469016 0 0 1
v 0.243082 0.878611 0.469638 0 0 1
v 0.274908 0.842647 0.526254 0 0 1
v 0.277452 0.840968 0.52394 0 0 1
v 0.277513 0.837753 0.521864 0 0 1
v 0.275055 0.834887 0.521242 0 0 1
v 0.271518 0.834048 0.522438 0 0 1
v 0.268974 0.835727 0.524752 0 0 1
v 0.268914 0.838941 0.526828 0 0 1
v 0.271371 0.841807 0.52745 0 0 1
v 0.303198 0.805843 0.584065 0 0 1
v 0.305742 0.804164 0.581751 0 0 1
v 0.305802 0.80095 0.579675 0 0 1
v 0.303345 0.798083 0.579053 0 0 1
v 0.299808 0.797244 0.580249 0 0 1
v 0.297264 0.798923 0.582563 0 0 1
v 0.297203 0.802137 0.584639 0 0 1
v 0.299661 0.805004 0.585261 0 0 1
v 0.331487 0.769039 0.641876 0 0 1
v 0.334031 0.76736 0.639563 0 0 1
v 0.334092 0.764146 0.637487 0 0 1
v 0.331634 0.761279 0.636865 0 0 1
v 0.328097 0.76044 0.638061 0 0 1
v 0.325553 0.762119 0.640375 0 0 1
v 0.325493 0.765333 0.642451 0 0 1
v 0.327951 0.7682 0.643073 0 0 1
v 0.359777 0.732235 0.699688 0 0 1
v 0.362321 0.730556 0.697374 0 0 1
v 0.362382 0.727342 0.695298 0 0 1
v 0.359924 0.724476 0.694676 0 0 1
v 0.356387 0.723636 0.695872 0 0 1
v 0.353843 0.725315 0.698186 0 0 1
v 0.353782 0.728529 0.700262 0 0 1
v 0.35624 0.731396 0.700884 0 0 1
v 0.60672 0.996263 0.248062 0 0 1
v 0.789336 0.85898 0.249043 0 0 1
v 0.608512 0.998675 0.252058 0 0 1
v 0.609692 1.00022 0.248763 0 0 1
v 0.609132 0.99945 0.245057 0 0 1
v 0.607158 0.996811 0.243111 0 0 1
v 0.604928 0.993851 0.244065 0 0 1
v 0.603748 0.992304 0.24736 0 0 1
v 0.604308 0.993076 0.251066 0 0 1
v 0.606281 0.995715 0.253012 0 0 1
v 0.654166 0.964354 0.252304 0 0 1
v 0.655346 0.965901 0.249009 0 0 1
v 0.654786 0.965129 0.245303 0 0 1
v 0.652812 0.96249 0.243357 0 0 1
v 0.650582 0.959531 0.244311 0 0 1
v 0.649401 0.957984 0.247606 0 0 1
v 0.649962 0.958756 0.251312 0 0 1
v 0.651935 0.961394 0.253258 0 0 1
v 0.699819 0.930034 0.252549 0 0 1
v 0.701 0.931581 0.249254 0 0 1
v 0.70044 0.930809 0.245548 0 0 1
v 0.698466 0.92817 0.243602 0 0 1
v 0.696236 0.92521 0.244556 0 0 1
v 0.695055 0.923663 0.247851 0 0 1
v 0.695616 0.924435 0.251557 0 0 1
v 0.697589 0.927074 0.253503 0 0 1
v 0.745473 0.895713 0.252795 0 0 1
v 0.746654 0.89726 0.249499 0 0 1
v 0.746094 0.896488 0.245793 0 0 1
v 0.74412 0.893849 0.243847 0 0 1
v 0.74189 0.890889 0.244801 0 0 1
v 0.740709 0.889342 0.248096 0 0 1
v 0.74127 0.890114 0.251802 0 0 1
v 0.743243 0.892753 0.253748 0 0 1
v 0.791127 0.861392 0.25304 0 0 1
v 0.792308 0.862939 0.249745 0 0 1
v 0.791748 0.862167 0.246039 0 0 1
v 0.789774 0.859528 0.244093 0 0 1
v 0.787544 0.856569 0.245047 0 0 1
v 0.786363 0.855022 0.248342 0 0 1
v 0.786924 0.855794 0.252048 0 0 1
v 0.788897 0.858432 0.253994 0 0 1
v 0.774186 0.867569 0.753768 0 0 1
v 0.789336 0.85898 0.249043 0 0 1
v 0.779183 0.86757 0.753918 0 0 1
v 0.777721 0.871105 0.753814 0 0 1
v 0.774187 0.872568 0.753683 0 0 1
v 0.770653 0.871103 0.753601 0 0 1
v 0.769188 0.867568 0.753618 0 0 1
v 0.770651 0.864033 0.753722 0 0 1
v 0.774184 0.86257 0.753853 0 0 1
v 0.777719 0.864035 0.753934 0 0 1
v 0.782971 0.865423 0.627737 0 0 1
v 0.781508 0.868958 0.627632 0 0 1
v 0.777974 0.870421 0.627501 0 0 1
v 0.77444 0.868956 0.62742 0 0 1
v 0.772975 0.86542 0.627437 0 0 1
v 0.774438 0.861886 0.627541 0 0 1
v 0.777972 0.860422 0.627672 0 0 1
v 0.781506 0.861888 0.627753 0 0 1
v 0.786758 0.863276 0.501555 0 0 1
v 0.785296 0.866811 0.501451 0 0 1
v 0.781762 0.868274 0.50132 0 0 1
v 0.778228 0.866809 0.501239 0 0 1
v 0.776763 0.863273 0.501255 0 0 1
v 0.778226 0.859739 0.50136 0 0 1
v 0.781759 0.858275 0.50149 0 0 1
v 0.785294 0.859741 0.501572 0 0 1
v 0.790546 0.861129 0.375374 0 0 1
v 0.789083 0.864663 0.37527 0 0 1
v 0.785549 0.866127 0.375139 0 0 1
v 0.782015 0.864662 0.375058 0 0 1
v 0.78055 0.861126 0.375074 0 0 1
v 0.782013 0.857592 0.375178 0 0 1
v 0.785547 0.856128 0.375309 0 0 1
v 0.789081 0.857593 0.375391 0 0 1
v 0.794333 0.858982 0.249193 0 0 1
v 0.792871 0.862516 0.249089 0 0 1
v 0.789337 0.86398 0.248958 0 0 1
v 0.785803 0.862515 0.248877 0 0 1
v 0.784338 0.858979 0.248893 0 0 1
v 0.785801 0.855444 0.248997 0 0 1
v 0.789334 0.853981 0.249128 0 0 1
v 0.792869 0.855446 0.24921 0 0 1
v 0.789336 0.85898 0.249043 0 0 1
v 0.129199 0.644482 0.245789 0 0 1
v 0.789834 0.857518 0.244288 0 0 1
v 0.788654 0.861146 0.244588 0 0 1
v 0.787873 0.863505 0.247498 0 0 1
v 0.787949 0.863214 0.251313 0 0 1
v 0.788837 0.860443 0.253799 0 0 1
v 0.790017 0.856815 0.253498 0 0 1
v 0.790798 0.854456 0.250588 0 0 1
v 0.790723 0.854747 0.246773 0 0 1
v 0.6248 0.803893 0.243474 0 0 1
v 0.62362 0.807521 0.243775 0 0 1
v 0.622839 0.809881 0.246685 0 0 1
v 0.622915 0.80959 0.2505 0 0 1
v 0.623803 0.806818 0.252985 0 0 1
v 0.624983 0.803191 0.252685 0 0 1
v 0.625764 0.800831 0.249775 0 0 1
v 0.625688 0.801122 0.24596 0 0 1
v 0.459766 0.750269 0.242661 0 0 1
v 0.458586 0.753896 0.242961 0 0 1
v 0.457805 0.756256 0.245871 0 0 1
v 0.457881 0.755965 0.249686 0 0 1
v 0.458769 0.753194 0.252171 0 0 1
v 0.459949 0.749566 0.251871 0 0 1
v 0.46073 0.747206 0.248961 0 0 1
v 0.460654 0.747497 0.245146 0 0 1
v 0.294732 0.696644 0.241847 0 0 1
v 0.293552 0.700272 0.242147 0 0 1
v 0.292771 0.702631 0.245057 0 0 1
v 0.292847 0.70234 0.248872 0 0 1
v 0.293735 0.699569 0.251358 0 0 1
v 0.294915 0.695941 0.251057 0 0 1
v 0.295696 0.693582 0.248148 0 0 1
v 0.29562 0.693873 0.244333 0 0 1
v 0.129698 0.643019 0.241034 0 0 1
v 0.128518 0.646647 0.241334 0 0 1
v 0.127737 0.649007 0.244244 0 0 1
v 0.127813 0.648716 0.248059 0 0 1
v 0.128701 0.645945 0.250544 0 0 1
v 0.129881 0.642317 0.250244 0 0 1
v 0.130662 0.639957 0.247334 0 0 1
v 0.130586 0.640248 0.243519 0 0 1
v 0.131848 0.773036 0.245749 0 0 1
v 0.118995 0.00142759 0.246003 0 0 1
v 0.136846 0.772953 0.245666 0 0 1
v 0.135323 0.772977 0.242155 0 0 1
v 0.131764 0.773036 0.24075 0 0 1
v 0.128254 0.773095 0.242273 0 0 1
v 0.126849 0.773119 0.245832 0 0 1
v 0.128372 0.773095 0.249343 0 0 1
v 0.131931 0.773036 0.250748 0 0 1
v 0.135441 0.772977 0.249225 0 0 1
v 0.133633 0.580051 0.245729 0 0 1
v 0.13211 0.580075 0.242219 0 0 1
v 0.128551 0.580134 0.240813 0 0 1
v 0.125041 0.580193 0.242336 0 0 1
v 0.123636 0.580217 0.245896 0 0 1
v 0.125159 0.580193 0.249407 0 0 1
v 0.128718 0.580134 0.250812 0 0 1
v 0.132228 0.580075 0.249289 0 0 1
v 0.13042 0.387148 0.245793 0 0 1
v 0.128897 0.387173 0.242282 0 0 1
v 0.125338 0.387231 0.240877 0 0 1
v 0.121828 0.38729 0.2424 0 0 1
v 0.120423 0.387315 0.245959 0 0 1
v 0.121945 0.387291 0.24947 0 0 1
v 0.125504 0.387232 0.250875 0 0 1
v 0.129015 0.387173 0.249352 0 0 1
v 0.127206 0.194246 0.245856 0 0 1
v 0.125684 0.194271 0.242346 0 0 1
v 0.122125 0.194329 0.24094 0 0 1
v 0.118614 0.194388 0.242463 0 0 1
v 0.117209 0.194413 0.246023 0 0 1
v 0.118732 0.194389 0.249533 0 0 1
v 0.122291 0.19433 0.250939 0 0 1
v 0.125801 0.194271 0.249416 0 0 1
v 0.123993 0.0013443 0.24592 0 0 1
v 0.12247 0.00136851 0.242409 0 0 1
v 0.118911 0.00142733 0.241004 0 0 1
v 0.115401 0.0014863 0.242527 0 0 1
v 0.113996 0.00151088 0.246086 0 0 1
v 0.115519 0.00148666 0.249597 0 0 1
v 0.119078 0.00142784 0.251002 0 0 1
v 0.122588 0.00136887 0.249479 0 0 1
v 0.384523 0.737576 0.749995 0 0 1
v 0.129199 0.644482 0.245789 0 0 1
v 0.388995 0.737384 0.747767 0 0 1
v 0.387549 0.740926 0.747845 0 0 1
v 0.38433 0.742506 0.749183 0 0 1
v 0.381225 0.741199 0.750997 0 0 1
v 0.380051 0.737769 0.752224 0 0 1
v 0.381497 0.734227 0.752146 0 0 1
v 0.384716 0.732647 0.750808 0 0 1
v 0.387821 0.733954 0.748994 0 0 1
v 0.325164 0.71411 0.621715 0 0 1
v 0.323718 0.717652 0.621793 0 0 1
v 0.3205 0.719233 0.623131 0 0 1
v 0.317394 0.717925 0.624945 0 0 1
v 0.316221 0.714496 0.626173 0 0 1
v 0.317667 0.710953 0.626094 0 0 1
v 0.320885 0.709373 0.624756 0 0 1
v 0.32399 0.710681 0.622942 0 0 1
v 0.261333 0.690837 0.495663 0 0 1
v 0.259887 0.694379 0.495741 0 0 1
v 0.256669 0.695959 0.497079 0 0 1
v 0.253563 0.694651 0.498893 0 0 1
v 0.25239 0.691222 0.500121 0 0 1
v 0.253836 0.68768 0.500043 0 0 1
v 0.257054 0.686099 0.498705 0 0 1
v 0.260159 0.687407 0.496891 0 0 1
v 0.197502 0.667563 0.369612 0 0 1
v 0.196056 0.671105 0.36969 0 0 1
v 0.192838 0.672685 0.371028 0 0 1
v 0.189732 0.671378 0.372842 0 0 1
v 0.188559 0.667948 0.374069 0 0 1
v 0.190005 0.664406 0.373991 0 0 1
v 0.193223 0.662826 0.372653 0 0 1
v 0.196329 0.664134 0.370839 0 0 1
v 0.133671 0.644289 0.24356 0 0 1
v 0.132225 0.647832 0.243638 0 0 1
v 0.129007 0.649412 0.244976 0 0 1
v 0.125901 0.648104 0.24679 0 0 1
v 0.124728 0.644675 0.248018 0 0 1
v 0.126174 0.641132 0.247939 0 0 1
v 0.129392 0.639552 0.246602 0 0 1
v 0.132498 0.64086 0.244787 0 0 1
v 0.835088 0.703037 0.753285 0 0 1
v 0.838095 0.65716 0.753044 0 0 1
v 0.840067 0.703361 0.753612 0 0 1
v 0.838838 0.7033 0.749989 0 0 1
v 0.835413 0.703084 0.748296 0 0 1
v 0.831797 0.702841 0.749526 0 0 1
v 0.83011 0.702712 0.752958 0 0 1
v 0.831338 0.702774 0.756582 0 0 1
v 0.834764 0.702989 0.758275 0 0 1
v 0.838379 0.703233 0.757045 0 0 1
v 0.840819 0.691892 0.753552 0 0 1
v 0.83959 0.691831 0.749928 0 0 1
v 0.836165 0.691615 0.748236 0 0 1
v 0.832549 0.691372 0.749466 0 0 1
v 0.830861 0.691243 0.752898 0 0 1
v 0.83209 0.691304 0.756522 0 0 1
v 0.835515 0.69152 0.758214 0 0 1
v 0.839131 0.691763 0.756984 0 0 1
v 0.841571 0.680423 0.753492 0 0 1
v 0.840342 0.680362 0.749868 0 0 1
v 0.836916 0.680146 0.748175 0 0 1
v 0.833301 0.679902 0.749405 0 0 1
v 0.831613 0.679774 0.752838 0 0 1
v 0.832842 0.679835 0.756461 0 0 1
v 0.836267 0.680051 0.758154 0 0 1
v 0.839883 0.680294 0.756924 0 0 1
v 0.842322 0.668954 0.753431 0 0 1
v 0.841094 0.668892 0.749807 0 0 1
v 0.837668 0.668677 0.748115 0 0 1
v 0.834053 0.668433 0.749345 0 0 1
v 0.832365 0.668305 0.752777 0 0 1
v 0.833593 0.668366 0.756401 0 0 1
v 0.837019 0.668582 0.758093 0 0 1
v 0.840634 0.668825 0.756863 0 0 1
v 0.843074 0.657485 0.753371 0 0 1
v 0.841845 0.657423 0.749747 0 0 1
v 0.83842 0.657208 0.748054 0 0 1
v 0.834804 0.656964 0.749285 0 0 1
v 0.833117 0.656835 0.752717 0 0 1
v 0.834345 0.656897 0.75634 0 0 1
v 0.837771 0.657112 0.758033 0 0 1
v 0.841386 0.657356 0.756803 0 0 1
v 0.826119 0.748129 0.753476 0 0 1
v 0.835088 0.703037 0.753285 0 0 1
v 0.83093 0.749082 0.754452 0 0 1
v 0.830194 0.748951 0.750699 0 0 1
v 0.827072 0.748339 0.748573 0 0 1
v 0.823391 0.747604 0.749319 0 0 1
v 0.821309 0.747176 0.752501 0 0 1
v 0.822044 0.747307 0.756254 0 0 1
v 0.825166 0.747919 0.75838 0 0 1
v 0.828847 0.748654 0.757634 0 0 1
v 0.833172 0.737809 0.754404 0 0 1
v 0.832437 0.737678 0.750651 0 0 1
v 0.829314 0.737066 0.748525 0 0 1
v 0.825634 0.736331 0.749271 0 0 1
v 0.823551 0.735903 0.752453 0 0 1
v 0.824286 0.736034 0.756206 0 0 1
v 0.827409 0.736646 0.758333 0 0 1
v 0.831089 0.737381 0.757586 0 0 1
v 0.835414 0.726536 0.754356 0 0 1
v 0.834679 0.726405 0.750603 0 0 1
v 0.831556 0.725793 0.748477 0 0 1
v 0.827876 0.725058 0.749224 0 0 1
v 0.825793 0.72463 0.752405 0 0 1
v 0.826529 0.72476 0.756159 0 0 1
v 0.829651 0.725373 0.758285 0 0 1
v 0.833332 0.726108 0.757538 0 0 1
v 0.837657 0.715263 0.754309 0 0 1
v 0.836921 0.715132 0.750555 0 0 1
v 0.833799 0.71452 0.748429 0 0 1
v 0.830118 0.713785 0.749176 0 0 1
v 0.828036 0.713357 0.752358 0 0 1
v 0.828771 0.713487 0.756111 0 0 1
v 0.831893 0.7141 0.758237 0 0 1
v 0.835574 0.714835 0.75749 0 0 1
v 0.839899 0.70399 0.754261 0 0 1
v 0.839164 0.703859 0.750508 0 0 1
v 0.836041 0.703247 0.748382 0 0 1
v 0.83236 0.702512 0.749128 0 0 1
v 0.830278 0.702084 0.75231 0 0 1
v 0.831013 0.702214 0.756063 0 0 1
v 0.834136 0.702827 0.758189 0 0 1
v 0.837816 0.703562 0.757443 0 0 1
v 0.811341 0.791665 0.753613 0 0 1
v 0.826119 0.748129 0.753476 0 0 1
v 0.815826 0.793182 0.755221 0 0 1
v 0.815585 0.793112 0.751402 0 0 1
v 0.812858 0.792195 0.748879 0 0 1
v 0.809243 0.790967 0.749129 0 0 1
v 0.806856 0.790147 0.752006 0 0 1
v 0.807097 0.790217 0.755825 0 0 1
v 0.809824 0.791135 0.758348 0 0 1
v 0.81344 0.792363 0.758098 0 0 1
v 0.819521 0.782298 0.755186 0 0 1
v 0.81928 0.782228 0.751368 0 0 1
v 0.816553 0.781311 0.748845 0 0 1
v 0.812937 0.780083 0.749095 0 0 1
v 0.810551 0.779264 0.751972 0 0 1
v 0.810791 0.779333 0.755791 0 0 1
v 0.813518 0.780251 0.758314 0 0 1
v 0.817134 0.781479 0.758063 0 0 1
v 0.823215 0.771414 0.755152 0 0 1
v 0.822974 0.771345 0.751333 0 0 1
v 0.820247 0.770427 0.74881 0 0 1
v 0.816632 0.769199 0.749061 0 0 1
v 0.814245 0.76838 0.751938 0 0 1
v 0.814486 0.768449 0.755756 0 0 1
v 0.817213 0.769367 0.75828 0 0 1
v 0.820829 0.770595 0.758029 0 0 1
v 0.82691 0.76053 0.755118 0 0 1
v 0.826669 0.760461 0.751299 0 0 1
v 0.823942 0.759543 0.748776 0 0 1
v 0.820326 0.758315 0.749026 0 0 1
v 0.81794 0.757496 0.751904 0 0 1
v 0.81818 0.757565 0.755722 0 0 1
v 0.820907 0.758483 0.758245 0 0 1
v 0.824523 0.759711 0.757995 0 0 1
v 0.830604 0.749646 0.755084 0 0 1
v 0.830363 0.749577 0.751265 0 0 1
v 0.827637 0.748659 0.748742 0 0 1
v 0.824021 0.747431 0.748992 0 0 1
v 0.821634 0.746612 0.751869 0 0 1
v 0.821875 0.746681 0.755688 0 0 1
v 0.824602 0.747599 0.758211 0 0 1
v 0.828218 0.748827 0.757961 0 0 1
v 0.791007 0.8329 0.753694 0 0 1
v 0.811341 0.791665 0.753613 0 0 1
v 0.795031 0.834879 0.755905 0 0 1
v 0.795252 0.834996 0.752087 0 0 1
v 0.792987 0.833885 0.74921 0 0 1
v 0.789562 0.832196 0.748959 0 0 1
v 0.786983 0.83092 0.751483 0 0 1
v 0.786762 0.830803 0.755301 0 0 1
v 0.789027 0.831914 0.758178 0 0 1
v 0.792452 0.833603 0.758429 0 0 1
v 0.800114 0.824571 0.755885 0 0 1
v 0.800336 0.824687 0.752067 0 0 1
v 0.798071 0.823576 0.74919 0 0 1
v 0.794645 0.821887 0.748939 0 0 1
v 0.792067 0.820611 0.751463 0 0 1
v 0.791846 0.820494 0.755281 0 0 1
v 0.794111 0.821606 0.758158 0 0 1
v 0.797536 0.823294 0.758409 0 0 1
v 0.805198 0.814262 0.755865 0 0 1
v 0.805419 0.814379 0.752046 0 0 1
v 0.803154 0.813267 0.749169 0 0 1
v 0.799729 0.811579 0.748919 0 0 1
v 0.79715 0.810302 0.751442 0 0 1
v 0.796929 0.810186 0.755261 0 0 1
v 0.799194 0.811297 0.758138 0 0 1
v 0.802619 0.812986 0.758388 0 0 1
v 0.810281 0.803953 0.755845 0 0 1
v 0.810503 0.80407 0.752026 0 0 1
v 0.808238 0.802959 0.749149 0 0 1
v 0.804812 0.80127 0.748899 0 0 1
v 0.802234 0.799994 0.751422 0 0 1
v 0.802013 0.799877 0.755241 0 0 1
v 0.804278 0.800988 0.758118 0 0 1
v 0.807703 0.802677 0.758368 0 0 1
v 0.815365 0.793645 0.755825 0 0 1
v 0.815586 0.793761 0.752006 0 0 1
v 0.813321 0.79265 0.749129 0 0 1
v 0.809896 0.790961 0.748879 0 0 1
v 0.807317 0.789685 0.751402 0 0 1
v 0.807096 0.789568 0.755221 0 0 1
v 0.809361 0.79068 0.758098 0 0 1
v 0.812786 0.792368 0.758348 0 0 1
v 0.765465 0.871128 0.753717 0 0 1
v 0.791007 0.8329 0.753694 0 0 1
v 0.768923 0.873436 0.756495 0 0 1
v 0.769542 0.873852 0.752742 0 0 1
v 0.767774 0.872673 0.74956 0 0 1
v 0.764653 0.870588 0.748813 0 0 1
v 0.762007 0.868819 0.750939 0 0 1
v 0.761388 0.868403 0.754693 0 0 1
v 0.763157 0.869583 0.757874 0 0 1
v 0.766278 0.871668 0.758621 0 0 1
v 0.775308 0.863879 0.756489 0 0 1
v 0.775928 0.864295 0.752736 0 0 1
v 0.774159 0.863116 0.749554 0 0 1
v 0.771038 0.861031 0.748807 0 0 1
v 0.768393 0.859262 0.750934 0 0 1
v 0.767773 0.858846 0.754687 0 0 1
v 0.769542 0.860026 0.757869 0 0 1
v 0.772663 0.862111 0.758615 0 0 1
v 0.781694 0.854322 0.756483 0 0 1
v 0.782313 0.854738 0.75273 0 0 1
v 0.780545 0.853559 0.749548 0 0 1
v 0.777424 0.851474 0.748802 0 0 1
v 0.774779 0.849705 0.750928 0 0 1
v 0.774159 0.849289 0.754681 0 0 1
v 0.775928 0.850469 0.757863 0 0 1
v 0.779049 0.852554 0.758609 0 0 1
v 0.788079 0.844765 0.756478 0 0 1
v 0.788699 0.845181 0.752724 0 0 1
v 0.78693 0.844001 0.749542 0 0 1
v 0.783809 0.841917 0.748796 0 0 1
v 0.781164 0.840148 0.750922 0 0 1
v 0.780544 0.839732 0.754675 0 0 1
v 0.782313 0.840912 0.757857 0 0 1
v 0.785434 0.842997 0.758604 0 0 1
v 0.794465 0.835208 0.756472 0 0 1
v 0.795084 0.835624 0.752719 0 0 1
v 0.793316 0.834444 0.749537 0 0 1
v 0.790195 0.83236 0.74879 0 0 1
v 0.78755 0.830591 0.750916 0 0 1
v 0.78693 0.830175 0.75467 0 0 1
v 0.788699 0.831355 0.757851 0 0 1
v 0.79182 0.833439 0.758598 0 0 1
v 0.735152 0.905695 0.753682 0 0 1
v 0.765465 0.871128 0.753717 0 0 1
v 0.737977 0.908175 0.756979 0 0 1
v 0.738903 0.908984 0.753355 0 0 1
v 0.737632 0.907866 0.749923 0 0 1
v 0.734909 0.905476 0.748693 0 0 1
v 0.732327 0.903214 0.750385 0 0 1
v 0.731401 0.902406 0.754009 0 0 1
v 0.732671 0.903524 0.757441 0 0 1
v 0.735395 0.905913 0.758671 0 0 1
v 0.745555 0.899534 0.756987 0 0 1
v 0.746482 0.900342 0.753364 0 0 1
v 0.745211 0.899224 0.749931 0 0 1
v 0.742487 0.896835 0.748701 0 0 1
v 0.739905 0.894573 0.750394 0 0 1
v 0.738979 0.893764 0.754018 0 0 1
v 0.74025 0.894882 0.75745 0 0 1
v 0.742974 0.897272 0.75868 0 0 1
v 0.753133 0.890892 0.756996 0 0 1
v 0.75406 0.891701 0.753372 0 0 1
v 0.752789 0.890583 0.74994 0 0 1
v 0.750065 0.888193 0.74871 0 0 1
v 0.747484 0.885931 0.750403 0 0 1
v 0.746557 0.885122 0.754027 0 0 1
v 0.747828 0.88624 0.757459 0 0 1
v 0.750552 0.88863 0.758689 0 0 1
v 0.760712 0.88225 0.757005 0 0 1
v 0.761638 0.883059 0.753381 0 0 1
v 0.760367 0.881941 0.749949 0 0 1
v 0.757643 0.879551 0.748719 0 0 1
v 0.755062 0.877289 0.750412 0 0 1
v 0.754135 0.87648 0.754035 0 0 1
v 0.755406 0.877598 0.757468 0 0 1
v 0.75813 0.879988 0.758698 0 0 1
v 0.76829 0.873608 0.757014 0 0 1
v 0.769216 0.874417 0.75339 0 0 1
v 0.767946 0.873299 0.749958 0 0 1
v 0.765222 0.870909 0.748728 0 0 1
v 0.76264 0.868647 0.75042 0 0 1
v 0.761714 0.867838 0.754044 0 0 1
v 0.762985 0.868956 0.757476 0 0 1
v 0.765709 0.871346 0.758706 0 0 1
v 0.700586 0.93601 0.753589 0 0 1
v 0.735152 0.905695 0.753682 0 0 1
v 0.702755 0.938494 0.757348 0 0 1
v 0.703876 0.939761 0.753916 0 0 1
v 0.70307 0.938832 0.750293 0 0 1
v 0.70081 0.936249 0.7486 0 0 1
v 0.698418 0.933526 0.74983 0 0 1
v 0.697297 0.932258 0.753263 0 0 1
v 0.698103 0.933188 0.756886 0 0 1
v 0.700363 0.935771 0.758579 0 0 1
v 0.711396 0.930915 0.757372 0 0 1
v 0.712517 0.932183 0.753939 0 0 1
v 0.711711 0.931253 0.750316 0 0 1
v 0.709451 0.92867 0.748623 0 0 1
v 0.70706 0.925948 0.749853 0 0 1
v 0.705939 0.92468 0.753286 0 0 1
v 0.706744 0.925609 0.756909 0 0 1
v 0.709005 0.928192 0.758602 0 0 1
v 0.720037 0.923336 0.757395 0 0 1
v 0.721159 0.924604 0.753963 0 0 1
v 0.720353 0.923674 0.750339 0 0 1
v 0.718092 0.921092 0.748646 0 0 1
v 0.715701 0.918369 0.749877 0 0 1
v 0.71458 0.917101 0.753309 0 0 1
v 0.715386 0.918031 0.756933 0 0 1
v 0.717646 0.920613 0.758625 0 0 1
v 0.728679 0.915757 0.757418 0 0 1
v 0.7298 0.917025 0.753986 0 0 1
v 0.728994 0.916095 0.750362 0 0 1
v 0.726734 0.913513 0.74867 0 0 1
v 0.724342 0.91079 0.7499 0 0 1
v 0.723221 0.909522 0.753332 0 0 1
v 0.724027 0.910452 0.756956 0 0 1
v 0.726288 0.913035 0.758648 0 0 1
v 0.73732 0.908179 0.757441 0 0 1
v 0.738441 0.909446 0.754009 0 0 1
v 0.737636 0.908517 0.750385 0 0 1
v 0.735375 0.905934 0.748693 0 0 1
v 0.732984 0.903211 0.749923 0 0 1
v 0.731863 0.901943 0.753355 0 0 1
v 0.732668 0.902873 0.756979 0 0 1
v 0.734929 0.905456 0.758671 0 0 1
v 0.66236 0.961554 0.753441 0 0 1
v 0.700586 0.93601 0.753589 0 0 1
v 0.663892 0.963871 0.757598 0 0 1
v 0.665082 0.965633 0.754416 0 0 1
v 0.664677 0.965006 0.750663 0 0 1
v 0.662915 0.962356 0.748537 0 0 1
v 0.660828 0.959237 0.749284 0 0 1
v 0.659638 0.957475 0.752466 0 0 1
v 0.660043 0.958103 0.756219 0 0 1
v 0.661805 0.960752 0.758345 0 0 1
v 0.673449 0.957485 0.757635 0 0 1
v 0.674639 0.959247 0.754453 0 0 1
v 0.674234 0.95862 0.7507 0 0 1
v 0.672472 0.95597 0.748574 0 0 1
v 0.670384 0.952851 0.749321 0 0 1
v 0.669195 0.951089 0.752503 0 0 1
v 0.669599 0.951716 0.756256 0 0 1
v 0.671362 0.954366 0.758382 0 0 1
v 0.683006 0.951099 0.757672 0 0 1
v 0.684195 0.952861 0.75449 0 0 1
v 0.683791 0.952234 0.750737 0 0 1
v 0.682028 0.949584 0.748611 0 0 1
v 0.679941 0.946465 0.749358 0 0 1
v 0.678751 0.944703 0.75254 0 0 1
v 0.679156 0.94533 0.756293 0 0 1
v 0.680918 0.94798 0.758419 0 0 1
v 0.692562 0.944713 0.757709 0 0 1
v 0.693752 0.946475 0.754528 0 0 1
v 0.693347 0.945848 0.750774 0 0 1
v 0.691585 0.943198 0.748648 0 0 1
v 0.689498 0.940079 0.749395 0 0 1
v 0.688308 0.938317 0.752577 0 0 1
v 0.688713 0.938944 0.75633 0 0 1
v 0.690475 0.941594 0.758456 0 0 1
v 0.702119 0.938327 0.757747 0 0 1
v 0.703309 0.940089 0.754565 0 0 1
v 0.702904 0.939462 0.750811 0 0 1
v 0.701142 0.936812 0.748685 0 0 1
v 0.699054 0.933693 0.749432 0 0 1
v 0.697864 0.931931 0.752614 0 0 1
v 0.698269 0.932558 0.756367 0 0 1
v 0.700031 0.935208 0.758493 0 0 1
v 0.621127 0.98189 0.753239 0 0 1
v 0.66236 0.961554 0.753441 0 0 1
v 0.622087 0.983882 0.757723 0 0 1
v 0.623215 0.98614 0.754846 0 0 1
v 0.623119 0.985908 0.751027 0 0 1
v 0.621856 0.983322 0.748504 0 0 1
v 0.620166 0.979898 0.748755 0 0 1
v 0.619039 0.977641 0.751632 0 0 1
v 0.619135 0.977873 0.755451 0 0 1
v 0.620397 0.980458 0.757974 0 0 1
v 0.632396 0.978798 0.757774 0 0 1
v 0.633523 0.981056 0.754896 0 0 1
v 0.633427 0.980824 0.751078 0 0 1
v 0.632165 0.978238 0.748555 0 0 1
v 0.630475 0.974814 0.748805 0 0 1
v 0.629347 0.972557 0.751682 0 0 1
v 0.629443 0.972789 0.755501 0 0 1
v 0.630706 0.975374 0.758024 0 0 1
v 0.642704 0.973714 0.757824 0 0 1
v 0.643831 0.975972 0.754947 0 0 1
v 0.643736 0.97574 0.751128 0 0 1
v 0.642473 0.973154 0.748605 0 0 1
v 0.640783 0.96973 0.748856 0 0 1
v 0.639655 0.967473 0.751733 0 0 1
v 0.639751 0.967705 0.755552 0 0 1
v 0.641014 0.97029 0.758075 0 0 1
v 0.653012 0.96863 0.757875 0 0 1
v 0.65414 0.970888 0.754997 0 0 1
v 0.654044 0.970656 0.751179 0 0 1
v 0.652781 0.96807 0.748656 0 0 1
v 0.651091 0.964646 0.748906 0 0 1
v 0.649964 0.962389 0.751783 0 0 1
v 0.65006 0.962621 0.755602 0 0 1
v 0.651322 0.965206 0.758125 0 0 1
v 0.663321 0.963546 0.757925 0 0 1
v 0.664448 0.965804 0.755048 0 0 1
v 0.664352 0.965572 0.751229 0 0 1
v 0.66309 0.962986 0.748706 0 0 1
v 0.661399 0.959562 0.748957 0 0 1
v 0.660272 0.957305 0.751834 0 0 1
v 0.660368 0.957537 0.755652 0 0 1
v 0.661631 0.960122 0.758176 0 0 1
v 0.577592 0.99667 0.752987 0 0 1
v 0.621127 0.98189 0.753239 0 0 1
v 0.578084 0.998201 0.757722 0 0 1
v 0.579022 1.00092 0.755198 0 0 1
v 0.579123 1.00115 0.75138 0 0 1
v 0.578326 0.998756 0.748503 0 0 1
v 0.5771 0.99514 0.748253 0 0 1
v 0.576162 0.99242 0.750776 0 0 1
v 0.576062 0.99219 0.754595 0 0 1
v 0.576858 0.994584 0.757472 0 0 1
v 0.588968 0.994506 0.757785 0 0 1
v 0.589906 0.997226 0.755261 0 0 1
v 0.590006 0.997456 0.751443 0 0 1
v 0.58921 0.995061 0.748566 0 0 1
v 0.587984 0.991445 0.748316 0 0 1
v 0.587046 0.988725 0.750839 0 0 1
v 0.586945 0.988495 0.754657 0 0 1
v 0.587742 0.990889 0.757535 0 0 1
v 0.599852 0.990811 0.757848 0 0 1
v 0.60079 0.993531 0.755324 0 0 1
v 0.60089 0.993761 0.751506 0 0 1
v 0.600094 0.991366 0.748629 0 0 1
v 0.598867 0.98775 0.748379 0 0 1
v 0.597929 0.98503 0.750902 0 0 1
v 0.597829 0.9848 0.75472 0 0 1
v 0.598625 0.987194 0.757597 0 0 1
v 0.610735 0.987116 0.757911 0 0 1
v 0.611673 0.989836 0.755387 0 0 1
v 0.611774 0.990066 0.751569 0 0 1
v 0.610977 0.987671 0.748692 0 0 1
v 0.609751 0.984055 0.748442 0 0 1
v 0.608813 0.981335 0.750965 0 0 1
v 0.608713 0.981105 0.754783 0 0 1
v 0.609509 0.983499 0.75766 0 0 1
v 0.621619 0.983421 0.757973 0 0 1
v 0.622557 0.98614 0.75545 0 0 1
v 0.622657 0.986371 0.751632 0 0 1
v 0.621861 0.983976 0.748755 0 0 1
v 0.620635 0.98036 0.748504 0 0 1
v 0.619697 0.97764 0.751028 0 0 1
v 0.619596 0.97741 0.754846 0 0 1
v 0.620393 0.979804 0.757723 0 0 1
v 0.532501 1.00564 0.75269 0 0 1
v 0.577592 0.99667 0.752987 0 0 1
v 0.53266 1.0066 0.757594 0 0 1
v 0.533295 1.00972 0.755467 0 0 1
v 0.533464 1.01045 0.751714 0 0 1
v 0.533069 1.00836 0.748532 0 0 1
v 0.532342 1.00468 0.747786 0 0 1
v 0.531707 1.00156 0.749912 0 0 1
v 0.531538 1.00083 0.753665 0 0 1
v 0.531933 1.00292 0.756847 0 0 1
v 0.543933 1.00436 0.757668 0 0 1
v 0.544567 1.00748 0.755542 0 0 1
v 0.544737 1.00821 0.751788 0 0 1
v 0.544342 1.00612 0.748607 0 0 1
v 0.543615 1.00244 0.74786 0 0 1
v 0.54298 0.999318 0.749987 0 0 1
v 0.542811 0.99859 0.75374 0 0 1
v 0.543205 1.00068 0.756921 0 0 1
v 0.555206 1.00212 0.757742 0 0 1
v 0.55584 1.00524 0.755616 0 0 1
v 0.55601 1.00596 0.751863 0 0 1
v 0.555615 1.00388 0.748681 0 0 1
v 0.554887 1.00019 0.747935 0 0 1
v 0.554253 0.997075 0.750061 0 0 1
v 0.554083 0.996348 0.753814 0 0 1
v 0.554478 0.998437 0.756996 0 0 1
v 0.566479 0.999876 0.757817 0 0 1
v 0.567113 1.00299 0.75569 0 0 1
v 0.567282 1.00372 0.751937 0 0 1
v 0.566888 1.00163 0.748755 0 0 1
v 0.56616 0.99795 0.748009 0 0 1
v 0.565526 0.994832 0.750135 0 0 1
v 0.565356 0.994105 0.753888 0 0 1
v 0.565751 0.996194 0.75707 0 0 1
v 0.577751 0.997633 0.757891 0 0 1
v 0.578386 1.00075 0.755765 0 0 1
v 0.578555 1.00148 0.752012 0 0 1
v 0.578161 0.999389 0.74883 0 0 1
v 0.577433 0.995707 0.748083 0 0 1
v 0.576799 0.992589 0.75021 0 0 1
v 0.576629 0.991862 0.753963 0 0 1
v 0.577024 0.993951 0.757145 0 0 1
v 0.486625 1.00865 0.752352 0 0 1
v 0.532501 1.00564 0.75269 0 0 1
v 0.48661 1.00898 0.757341 0 0 1
v 0.486847 1.0124 0.755648 0 0 1
v 0.486954 1.01363 0.752025 0 0 1
v 0.486868 1.01194 0.748593 0 0 1
v 0.48664 1.00832 0.747363 0 0 1
v 0.486403 1.0049 0.749055 0 0 1
v 0.486296 1.00367 0.752679 0 0 1
v 0.486382 1.00536 0.756111 0 0 1
v 0.498079 1.00823 0.757425 0 0 1
v 0.498316 1.01165 0.755733 0 0 1
v 0.498423 1.01288 0.752109 0 0 1
v 0.498337 1.01119 0.748677 0 0 1
v 0.498109 1.00757 0.747447 0 0 1
v 0.497872 1.00415 0.74914 0 0 1
v 0.497765 1.00292 0.752764 0 0 1
v 0.497851 1.00461 0.756196 0 0 1
v 0.509548 1.00748 0.75751 0 0 1
v 0.509785 1.0109 0.755817 0 0 1
v 0.509892 1.01212 0.752194 0 0 1
v 0.509806 1.01043 0.748762 0 0 1
v 0.509578 1.00682 0.747532 0 0 1
v 0.509341 1.00339 0.749224 0 0 1
v 0.509234 1.00217 0.752848 0 0 1
v 0.50932 1.00386 0.75628 0 0 1
v 0.521017 1.00672 0.757594 0 0 1
v 0.521254 1.01015 0.755902 0 0 1
v 0.521361 1.01137 0.752278 0 0 1
v 0.521275 1.00968 0.748846 0 0 1
v 0.521047 1.00606 0.747616 0 0 1
v 0.52081 1.00264 0.749309 0 0 1
v 0.520703 1.00142 0.752933 0 0 1
v 0.520789 1.00311 0.756365 0 0 1
v 0.532486 1.00597 0.757679 0 0 1
v 0.532723 1.00939 0.755986 0 0 1
v 0.53283 1.01062 0.752363 0 0 1
v 0.532744 1.00893 0.748931 0 0 1
v 0.532516 1.00531 0.747701 0 0 1
v 0.532279 1.00189 0.749393 0 0 1
v 0.532172 1.00066 0.753017 0 0 1
v 0.532258 1.00235 0.756449 0 0 1
v 0.440749 1.00565 0.751979 0 0 1
v 0.486625 1.00865 0.752352 0 0 1
v 0.44073 1.00532 0.756968 0 0 1
v 0.440503 1.00893 0.755738 0 0 1
v 0.44042 1.01062 0.752306 0 0 1
v 0.44053 1.0094 0.748682 0 0 1
v 0.440768 1.00597 0.74699 0 0 1
v 0.440995 1.00236 0.74822 0 0 1
v 0.441078 1.00067 0.751652 0 0 1
v 0.440968 1.00189 0.755276 0 0 1
v 0.452199 1.00607 0.757061 0 0 1
v 0.451972 1.00968 0.755831 0 0 1
v 0.451889 1.01138 0.752399 0 0 1
v 0.451999 1.01015 0.748776 0 0 1
v 0.452237 1.00673 0.747083 0 0 1
v 0.452464 1.00311 0.748313 0 0 1
v 0.452547 1.00142 0.751746 0 0 1
v 0.452437 1.00264 0.755369 0 0 1
v 0.463668 1.00682 0.757155 0 0 1
v 0.463441 1.01044 0.755924 0 0 1
v 0.463358 1.01213 0.752492 0 0 1
v 0.463468 1.0109 0.748869 0 0 1
v 0.463706 1.00748 0.747176 0 0 1
v 0.463933 1.00386 0.748407 0 0 1
v 0.464016 1.00217 0.751839 0 0 1
v 0.463906 1.0034 0.755462 0 0 1
v 0.475137 1.00757 0.757248 0 0 1
v 0.47491 1.01119 0.756018 0 0 1
v 0.474827 1.01288 0.752585 0 0 1
v 0.474937 1.01165 0.748962 0 0 1
v 0.475175 1.00823 0.74727 0 0 1
v 0.475402 1.00461 0.7485 0 0 1
v 0.475485 1.00292 0.751932 0 0 1
v 0.475375 1.00415 0.755555 0 0 1
v 0.486606 1.00832 0.757341 0 0 1
v 0.486379 1.01194 0.756111 0 0 1
v 0.486296 1.01363 0.752679 0 0 1
v 0.486406 1.0124 0.749055 0 0 1
v 0.486644 1.00898 0.747363 0 0 1
v 0.486871 1.00536 0.748593 0 0 1
v 0.486954 1.00367 0.752025 0 0 1
v 0.486844 1.0049 0.755649 0 0 1
v 0.395658 0.996679 0.751578 0 0 1
v 0.440749 1.00565 0.751979 0 0 1
v 0.395806 0.995714 0.756482 0 0 1
v 0.39508 0.999396 0.755735 0 0 1
v 0.394693 1.00149 0.752553 0 0 1
v 0.394871 1.00076 0.7488 0 0 1
v 0.395509 0.997643 0.746674 0 0 1
v 0.396235 0.993961 0.747421 0 0 1
v 0.396623 0.99187 0.750603 0 0 1
v 0.396445 0.992596 0.754356 0 0 1
v 0.407079 0.997955 0.756582 0 0 1
v 0.406353 1.00164 0.755835 0 0 1
v 0.405966 1.00373 0.752654 0 0 1
v 0.406143 1.003 0.748901 0 0 1
v 0.406782 0.999885 0.746775 0 0 1
v 0.407508 0.996203 0.747521 0 0 1
v 0.407895 0.994112 0.750703 0 0 1
v 0.407718 0.994838 0.754456 0 0 1
v 0.418352 1.0002 0.756682 0 0 1
v 0.417626 1.00388 0.755936 0 0 1
v 0.417238 1.00597 0.752754 0 0 1
v 0.417416 1.00524 0.749001 0 0 1
v 0.418055 1.00213 0.746875 0 0 1
v 0.418781 0.998445 0.747622 0 0 1
v 0.419168 0.996354 0.750803 0 0 1
v 0.41899 0.99708 0.754557 0 0 1
v 0.429624 1.00244 0.756783 0 0 1
v 0.428899 1.00612 0.756036 0 0 1
v 0.428511 1.00821 0.752854 0 0 1
v 0.428689 1.00749 0.749101 0 0 1
v 0.429328 1.00437 0.746975 0 0 1
v 0.430054 1.00069 0.747722 0 0 1
v 0.430441 0.998596 0.750904 0 0 1
v 0.430263 0.999322 0.754657 0 0 1
v 0.440897 1.00468 0.756883 0 0 1
v 0.440171 1.00836 0.756136 0 0 1
v 0.439784 1.01045 0.752954 0 0 1
v 0.439962 1.00973 0.749201 0 0 1
v 0.440601 1.00661 0.747075 0 0 1
v 0.441326 1.00293 0.747822 0 0 1
v 0.441714 1.00084 0.751004 0 0 1
v 0.441536 1.00156 0.754757 0 0 1
v 0.352123 0.981902 0.751156 0 0 1
v 0.395658 0.996679 0.751578 0 0 1
v 0.352598 0.980366 0.75589 0 0 1
v 0.351373 0.983983 0.75564 0 0 1
v 0.350587 0.986381 0.752763 0 0 1
v 0.350701 0.986155 0.748944 0 0 1
v 0.351648 0.983438 0.746421 0 0 1
v 0.352873 0.979821 0.746672 0 0 1
v 0.353659 0.977423 0.749549 0 0 1
v 0.353545 0.977649 0.753367 0 0 1
v 0.363482 0.984061 0.755996 0 0 1
v 0.362257 0.987677 0.755745 0 0 1
v 0.361471 0.990075 0.752868 0 0 1
v 0.361585 0.989849 0.74905 0 0 1
v 0.362531 0.987132 0.746527 0 0 1
v 0.363757 0.983515 0.746777 0 0 1
v 0.364543 0.981118 0.749654 0 0 1
v 0.364429 0.981343 0.753473 0 0 1
v 0.374366 0.987755 0.756101 0 0 1
v 0.373141 0.991371 0.755851 0 0 1
v 0.372355 0.993769 0.752974 0 0 1
v 0.372468 0.993543 0.749155 0 0 1
v 0.373415 0.990826 0.746632 0 0 1
v 0.37464 0.987209 0.746883 0 0 1
v 0.375426 0.984812 0.74976 0 0 1
v 0.375312 0.985037 0.753578 0 0 1
v 0.385249 0.991449 0.756207 0 0 1
v 0.384024 0.995065 0.755957 0 0 1
v 0.383238 0.997463 0.753079 0 0 1
v 0.383352 0.997237 0.749261 0 0 1
v 0.384299 0.99452 0.746738 0 0 1
v 0.385524 0.990903 0.746988 0 0 1
v 0.38631 0.988506 0.749866 0 0 1
v 0.386196 0.988732 0.753684 0 0 1
v 0.396133 0.995143 0.756313 0 0 1
v 0.394908 0.99876 0.756062 0 0 1
v 0.394122 1.00116 0.753185 0 0 1
v 0.394236 1.00093 0.749367 0 0 1
v 0.395182 0.998214 0.746844 0 0 1
v 0.396408 0.994597 0.747094 0 0 1
v 0.397193 0.9922 0.749971 0 0 1
v 0.39708 0.992426 0.75379 0 0 1
v 0.31089 0.96157 0.750719 0 0 1
v 0.352123 0.981902 0.751156 0 0 1
v 0.31183 0.959568 0.755203 0 0 1
v 0.310139 0.962992 0.755453 0 0 1
v 0.308888 0.965583 0.75293 0 0 1
v 0.30881 0.965823 0.749112 0 0 1
v 0.30995 0.963572 0.746235 0 0 1
v 0.311641 0.960148 0.745984 0 0 1
v 0.312892 0.957557 0.748508 0 0 1
v 0.31297 0.957317 0.752326 0 0 1
v 0.322138 0.964651 0.755312 0 0 1
v 0.320447 0.968075 0.755562 0 0 1
v 0.319196 0.970666 0.753039 0 0 1
v 0.319118 0.970906 0.749221 0 0 1
v 0.320258 0.968655 0.746344 0 0 1
v 0.321949 0.965231 0.746094 0 0 1
v 0.3232 0.96264 0.748617 0 0 1
v 0.323278 0.9624 0.752435 0 0 1
v 0.332446 0.969734 0.755421 0 0 1
v 0.330755 0.973158 0.755672 0 0 1
v 0.329504 0.975749 0.753148 0 0 1
v 0.329426 0.975989 0.74933 0 0 1
v 0.330567 0.973738 0.746453 0 0 1
v 0.332258 0.970314 0.746203 0 0 1
v 0.333509 0.967723 0.748726 0 0 1
v 0.333587 0.967483 0.752545 0 0 1
v 0.342755 0.974817 0.755531 0 0 1
v 0.341064 0.978241 0.755781 0 0 1
v 0.339813 0.980832 0.753258 0 0 1
v 0.339735 0.981072 0.749439 0 0 1
v 0.340875 0.978821 0.746562 0 0 1
v 0.342566 0.975397 0.746312 0 0 1
v 0.343817 0.972806 0.748835 0 0 1
v 0.343895 0.972566 0.752654 0 0 1
v 0.353063 0.9799 0.75564 0 0 1
v 0.351372 0.983324 0.75589 0 0 1
v 0.350121 0.985915 0.753367 0 0 1
v 0.350043 0.986155 0.749548 0 0 1
v 0.351183 0.983904 0.746671 0 0 1
v 0.352874 0.980481 0.746421 0 0 1
v 0.354125 0.977889 0.748944 0 0 1
v 0.354203 0.977649 0.752763 0 0 1
v 0.272663 0.936029 0.750275 0 0 1
v 0.31089 0.96157 0.750719 0 0 1
v 0.274173 0.933697 0.754433 0 0 1
v 0.272082 0.936814 0.755179 0 0 1
v 0.270331 0.939471 0.753053 0 0 1
v 0.269947 0.940112 0.7493 0 0 1
v 0.271154 0.938361 0.746118 0 0 1
v 0.273245 0.935244 0.745372 0 0 1
v 0.274995 0.932587 0.747498 0 0 1
v 0.27538 0.931946 0.751251 0 0 1
v 0.28373 0.940082 0.754543 0 0 1
v 0.281639 0.943199 0.75529 0 0 1
v 0.279888 0.945856 0.753164 0 0 1
v 0.279503 0.946497 0.749411 0 0 1
v 0.28071 0.944746 0.746229 0 0 1
v 0.282801 0.941629 0.745483 0 0 1
v 0.284552 0.938972 0.747609 0 0 1
v 0.284937 0.938332 0.751362 0 0 1
v 0.293286 0.946468 0.754654 0 0 1
v 0.291195 0.949584 0.755401 0 0 1
v 0.289445 0.952241 0.753275 0 0 1
v 0.28906 0.952882 0.749522 0 0 1
v 0.290267 0.951131 0.74634 0 0 1
v 0.292358 0.948015 0.745593 0 0 1
v 0.294109 0.945358 0.747719 0 0 1
v 0.294493 0.944717 0.751473 0 0 1
v 0.302843 0.952853 0.754765 0 0 1
v 0.300752 0.95597 0.755512 0 0 1
v 0.299001 0.958627 0.753386 0 0 1
v 0.298617 0.959267 0.749632 0 0 1
v 0.299823 0.957517 0.746451 0 0 1
v 0.301915 0.9544 0.745704 0 0 1
v 0.303665 0.951743 0.74783 0 0 1
v 0.30405 0.951102 0.751583 0 0 1
v 0.3124 0.959238 0.754876 0 0 1
v 0.310308 0.962355 0.755623 0 0 1
v 0.308558 0.965012 0.753496 0 0 1
v 0.308173 0.965653 0.749743 0 0 1
v 0.30938 0.963902 0.746562 0 0 1
v 0.311471 0.960785 0.745815 0 0 1
v 0.313222 0.958128 0.747941 0 0 1
v 0.313606 0.957487 0.751694 0 0 1
v 0.238098 0.905717 0.749832 0 0 1
v 0.272663 0.936029 0.750275 0 0 1
v 0.240244 0.903215 0.753592 0 0 1
v 0.237846 0.905931 0.754822 0 0 1
v 0.235595 0.908523 0.753129 0 0 1
v 0.234811 0.90947 0.749505 0 0 1
v 0.235952 0.90822 0.746073 0 0 1
v 0.23835 0.905503 0.744843 0 0 1
v 0.2406 0.902912 0.746536 0 0 1
v 0.241385 0.901964 0.75016 0 0 1
v 0.248886 0.910793 0.753702 0 0 1
v 0.246487 0.913509 0.754932 0 0 1
v 0.244237 0.916101 0.75324 0 0 1
v 0.243452 0.917048 0.749616 0 0 1
v 0.244593 0.915798 0.746184 0 0 1
v 0.246991 0.913081 0.744954 0 0 1
v 0.249242 0.91049 0.746647 0 0 1
v 0.250027 0.909542 0.75027 0 0 1
v 0.257527 0.918371 0.753813 0 0 1
v 0.255129 0.921087 0.755043 0 0 1
v 0.252878 0.923679 0.75335 0 0 1
v 0.252093 0.924626 0.749727 0 0 1
v 0.253234 0.923376 0.746295 0 0 1
v 0.255632 0.920659 0.745065 0 0 1
v 0.257883 0.918068 0.746757 0 0 1
v 0.258668 0.91712 0.750381 0 0 1
v 0.266168 0.925949 0.753924 0 0 1
v 0.26377 0.928665 0.755154 0 0 1
v 0.26152 0.931257 0.753461 0 0 1
v 0.260735 0.932204 0.749837 0 0 1
v 0.261876 0.930954 0.746405 0 0 1
v 0.264274 0.928237 0.745176 0 0 1
v 0.266524 0.925646 0.746868 0 0 1
v 0.267309 0.924698 0.750492 0 0 1
v 0.27481 0.933527 0.754034 0 0 1
v 0.272412 0.936243 0.755264 0 0 1
v 0.270161 0.938835 0.753572 0 0 1
v 0.269376 0.939782 0.749948 0 0 1
v 0.270517 0.938532 0.746516 0 0 1
v 0.272915 0.935815 0.745286 0 0 1
v 0.275166 0.933224 0.746979 0 0 1
v 0.275951 0.932276 0.750602 0 0 1
v 0.207785 0.871153 0.749398 0 0 1
v 0.238098 0.905717 0.749832 0 0 1
v 0.210591 0.868651 0.752695 0 0 1
v 0.208 0.870902 0.754387 0 0 1
v 0.205283 0.8733 0.753157 0 0 1
v 0.204032 0.87444 0.749725 0 0 1
v 0.204979 0.873655 0.746101 0 0 1
v 0.20757 0.871404 0.744409 0 0 1
v 0.210287 0.869006 0.745639 0 0 1
v 0.211538 0.867865 0.749071 0 0 1
v 0.218169 0.877292 0.752803 0 0 1
v 0.215578 0.879543 0.754496 0 0 1
v 0.212861 0.881941 0.753266 0 0 1
v 0.21161 0.883081 0.749834 0 0 1
v 0.212557 0.882296 0.74621 0 0 1
v 0.215148 0.880045 0.744518 0 0 1
v 0.217865 0.877647 0.745748 0 0 1
v 0.219116 0.876506 0.74918 0 0 1
v 0.225747 0.885933 0.752912 0 0 1
v 0.223156 0.888184 0.754604 0 0 1
v 0.220439 0.890582 0.753374 0 0 1
v 0.219188 0.891722 0.749942 0 0 1
v 0.220136 0.890937 0.746319 0 0 1
v 0.222727 0.888686 0.744626 0 0 1
v 0.225443 0.886288 0.745856 0 0 1
v 0.226695 0.885147 0.749288 0 0 1
v 0.233325 0.894574 0.753021 0 0 1
v 0.230734 0.896825 0.754713 0 0 1
v 0.228018 0.899223 0.753483 0 0 1
v 0.226767 0.900363 0.750051 0 0 1
v 0.227714 0.899578 0.746427 0 0 1
v 0.230305 0.897327 0.744735 0 0 1
v 0.233022 0.894929 0.745965 0 0 1
v 0.234273 0.893789 0.749397 0 0 1
v 0.240904 0.903215 0.753129 0 0 1
v 0.238313 0.905466 0.754822 0 0 1
v 0.235596 0.907864 0.753591 0 0 1
v 0.234345 0.909005 0.750159 0 0 1
v 0.235292 0.908219 0.746536 0 0 1
v 0.237883 0.905968 0.744843 0 0 1
v 0.2406 0.90357 0.746074 0 0 1
v 0.241851 0.90243 0.749506 0 0 1
v 0.182243 0.832927 0.748979 0 0 1
v 0.207785 0.871153 0.749398 0 0 1
v 0.185685 0.830596 0.751757 0 0 1
v 0.183029 0.832348 0.753883 0 0 1
v 0.179912 0.834439 0.753137 0 0 1
v 0.17816 0.835644 0.749955 0 0 1
v 0.1788 0.835258 0.746202 0 0 1
v 0.181457 0.833506 0.744076 0 0 1
v 0.184573 0.831415 0.744822 0 0 1
v 0.186325 0.83021 0.748004 0 0 1
v 0.192071 0.840152 0.751862 0 0 1
v 0.189414 0.841904 0.753988 0 0 1
v 0.186298 0.843995 0.753241 0 0 1
v 0.184546 0.8452 0.750059 0 0 1
v 0.185186 0.844814 0.746306 0 0 1
v 0.187842 0.843062 0.74418 0 0 1
v 0.190959 0.840971 0.744927 0 0 1
v 0.192711 0.839766 0.748109 0 0 1
v 0.198456 0.849709 0.751967 0 0 1
v 0.1958 0.851461 0.754093 0 0 1
v 0.192683 0.853552 0.753346 0 0 1
v 0.190931 0.854757 0.750164 0 0 1
v 0.191571 0.85437 0.746411 0 0 1
v 0.194228 0.852619 0.744285 0 0 1
v 0.197345 0.850528 0.745032 0 0 1
v 0.199096 0.849323 0.748213 0 0 1
v 0.204842 0.859265 0.752071 0 0 1
v 0.202186 0.861017 0.754197 0 0 1
v 0.199069 0.863108 0.753451 0 0 1
v 0.197317 0.864313 0.750269 0 0 1
v 0.197957 0.863927 0.746516 0 0 1
v 0.200613 0.862175 0.74439 0 0 1
v 0.20373 0.860084 0.745136 0 0 1
v 0.205482 0.858879 0.748318 0 0 1
v 0.211227 0.868822 0.752176 0 0 1
v 0.208571 0.870574 0.754302 0 0 1
v 0.205454 0.872664 0.753555 0 0 1
v 0.203702 0.87387 0.750373 0 0 1
v 0.204342 0.873483 0.74662 0 0 1
v 0.206999 0.871732 0.744494 0 0 1
v 0.210116 0.869641 0.745241 0 0 1
v 0.211867 0.868435 0.748423 0 0 1
v 0.161909 0.791694 0.748584 0 0 1
v 0.182243 0.832927 0.748979 0 0 1
v 0.165922 0.789693 0.750795 0 0 1
v 0.163332 0.790946 0.753318 0 0 1
v 0.159908 0.792637 0.753068 0 0 1
v 0.157656 0.793776 0.750191 0 0 1
v 0.157895 0.793694 0.746372 0 0 1
v 0.160485 0.792441 0.743849 0 0 1
v 0.163909 0.79075 0.7441 0 0 1
v 0.166161 0.789612 0.746977 0 0 1
v 0.171006 0.800002 0.750894 0 0 1
v 0.168416 0.801255 0.753417 0 0 1
v 0.164992 0.802946 0.753167 0 0 1
v 0.16274 0.804084 0.75029 0 0 1
v 0.162979 0.804003 0.746471 0 0 1
v 0.165569 0.802749 0.743948 0 0 1
v 0.168993 0.801059 0.744199 0 0 1
v 0.171245 0.79992 0.747076 0 0 1
v 0.176089 0.81031 0.750993 0 0 1
v 0.173499 0.811563 0.753516 0 0 1
v 0.170075 0.813254 0.753266 0 0 1
v 0.167823 0.814392 0.750389 0 0 1
v 0.168062 0.814311 0.74657 0 0 1
v 0.170652 0.813058 0.744047 0 0 1
v 0.174076 0.811367 0.744297 0 0 1
v 0.176328 0.810229 0.747175 0 0 1
v 0.181173 0.820618 0.751092 0 0 1
v 0.178583 0.821871 0.753615 0 0 1
v 0.175159 0.823562 0.753365 0 0 1
v 0.172907 0.8247 0.750488 0 0 1
v 0.173146 0.824619 0.746669 0 0 1
v 0.175736 0.823366 0.744146 0 0 1
v 0.17916 0.821675 0.744396 0 0 1
v 0.181412 0.820537 0.747273 0 0 1
v 0.186256 0.830926 0.751191 0 0 1
v 0.183666 0.832179 0.753714 0 0 1
v 0.180242 0.83387 0.753464 0 0 1
v 0.17799 0.835008 0.750587 0 0 1
v 0.178229 0.834927 0.746768 0 0 1
v 0.180819 0.833674 0.744245 0 0 1
v 0.184243 0.831983 0.744495 0 0 1
v 0.186495 0.830845 0.747372 0 0 1
v 0.147131 0.748159 0.748218 0 0 1
v 0.161909 0.791694 0.748584 0 0 1
v 0.15161 0.746625 0.749825 0 0 1
v 0.149213 0.747415 0.752702 0 0 1
v 0.145597 0.74864 0.752952 0 0 1
v 0.142879 0.749584 0.750429 0 0 1
v 0.142651 0.749693 0.746611 0 0 1
v 0.145048 0.748904 0.743734 0 0 1
v 0.148665 0.747678 0.743483 0 0 1
v 0.151383 0.746735 0.746007 0 0 1
v 0.155304 0.757509 0.749917 0 0 1
v 0.152908 0.758298 0.752794 0 0 1
v 0.149291 0.759524 0.753044 0 0 1
v 0.146573 0.760468 0.750521 0 0 1
v 0.146346 0.760577 0.746702 0 0 1
v 0.148743 0.759788 0.743825 0 0 1
v 0.152359 0.758562 0.743575 0 0 1
v 0.155077 0.757618 0.746098 0 0 1
v 0.158999 0.768393 0.750008 0 0 1
v 0.156602 0.769182 0.752885 0 0 1
v 0.152986 0.770408 0.753135 0 0 1
v 0.150268 0.771351 0.750612 0 0 1
v 0.15004 0.771461 0.746794 0 0 1
v 0.152437 0.770671 0.743917 0 0 1
v 0.156054 0.769446 0.743666 0 0 1
v 0.158772 0.768502 0.74619 0 0 1
v 0.162694 0.779276 0.7501 0 0 1
v 0.160297 0.780066 0.752977 0 0 1
v 0.15668 0.781291 0.753227 0 0 1
v 0.153962 0.782235 0.750704 0 0 1
v 0.153735 0.782344 0.746885 0 0 1
v 0.156132 0.781555 0.744008 0 0 1
v 0.159748 0.780329 0.743758 0 0 1
v 0.162466 0.779385 0.746281 0 0 1
v 0.166388 0.79016 0.750191 0 0 1
v 0.163991 0.790949 0.753068 0 0 1
v 0.160375 0.792175 0.753318 0 0 1
v 0.157657 0.793119 0.750795 0 0 1
v 0.157429 0.793228 0.746977 0 0 1
v 0.159826 0.792439 0.7441 0 0 1
v 0.163443 0.791213 0.743849 0 0 1
v 0.166161 0.790269 0.746372 0 0 1
v 0.138162 0.703068 0.747888 0 0 1
v 0.147131 0.748159 0.748218 0 0 1
v 0.14297 0.702104 0.748863 0 0 1
v 0.14088 0.702497 0.752045 0 0 1
v 0.137198 0.703224 0.752792 0 0 1
v 0.13408 0.703859 0.750666 0 0 1
v 0.133353 0.704032 0.746913 0 0 1
v 0.135443 0.703639 0.743731 0 0 1
v 0.139125 0.702912 0.742984 0 0 1
v 0.142243 0.702276 0.74511 0 0 1
v 0.145212 0.713377 0.748946 0 0 1
v 0.143122 0.71377 0.752128 0 0 1
v 0.13944 0.714497 0.752874 0 0 1
v 0.136322 0.715132 0.750748 0 0 1
v 0.135596 0.715304 0.746995 0 0 1
v 0.137685 0.714912 0.743813 0 0 1
v 0.141367 0.714185 0.743067 0 0 1
v 0.144485 0.713549 0.745193 0 0 1
v 0.147454 0.72465 0.749028 0 0 1
v 0.145365 0.725042 0.75221 0 0 1
v 0.141683 0.725769 0.752957 0 0 1
v 0.138565 0.726405 0.750831 0 0 1
v 0.137838 0.726577 0.747078 0 0 1
v 0.139927 0.726185 0.743896 0 0 1
v 0.14361 0.725458 0.743149 0 0 1
v 0.146727 0.724822 0.745275 0 0 1
v 0.149697 0.735923 0.749111 0 0 1
v 0.147607 0.736315 0.752293 0 0 1
v 0.143925 0.737042 0.753039 0 0 1
v 0.140807 0.737678 0.750913 0 0 1
v 0.14008 0.73785 0.74716 0 0 1
v 0.14217 0.737458 0.743978 0 0 1
v 0.145852 0.736731 0.743232 0 0 1
v 0.14897 0.736095 0.745358 0 0 1
v 0.151939 0.747196 0.749193 0 0 1
v 0.149849 0.747588 0.752375 0 0 1
v 0.146167 0.748315 0.753122 0 0 1
v 0.143049 0.748951 0.750996 0 0 1
v 0.142322 0.749123 0.747242 0 0 1
v 0.144412 0.74873 0.744061 0 0 1
v 0.148094 0.748004 0.743314 0 0 1
v 0.151212 0.747368 0.74544 0 0 1
v 0.135155 0.657191 0.7476 0 0 1
v 0.138162 0.703068 0.747888 0 0 1
v 0.140133 0.656863 0.747927 0 0 1
v 0.138443 0.656952 0.751359 0 0 1
v 0.134826 0.657182 0.752589 0 0 1
v 0.131402 0.657417 0.750896 0 0 1
v 0.130176 0.65752 0.747273 0 0 1
v 0.131867 0.657431 0.743841 0 0 1
v 0.135483 0.657201 0.742611 0 0 1
v 0.138907 0.656966 0.744303 0 0 1
v 0.140885 0.668332 0.747999 0 0 1
v 0.139195 0.668421 0.751431 0 0 1
v 0.135578 0.668651 0.752661 0 0 1
v 0.132154 0.668886 0.750968 0 0 1
v 0.130928 0.668989 0.747345 0 0 1
v 0.132618 0.6689 0.743913 0 0 1
v 0.136235 0.66867 0.742683 0 0 1
v 0.139659 0.668435 0.744375 0 0 1
v 0.141637 0.679801 0.748071 0 0 1
v 0.139946 0.679891 0.751503 0 0 1
v 0.13633 0.68012 0.752733 0 0 1
v 0.132906 0.680355 0.751041 0 0 1
v 0.13168 0.680458 0.747417 0 0 1
v 0.13337 0.680369 0.743985 0 0 1
v 0.136986 0.68014 0.742755 0 0 1
v 0.140411 0.679904 0.744447 0 0 1
v 0.142388 0.69127 0.748143 0 0 1
v 0.140698 0.69136 0.751575 0 0 1
v 0.137081 0.691589 0.752805 0 0 1
v 0.133657 0.691824 0.751113 0 0 1
v 0.132431 0.691927 0.747489 0 0 1
v 0.134122 0.691838 0.744057 0 0 1
v 0.137738 0.691609 0.742827 0 0 1
v 0.141162 0.691374 0.744519 0 0 1
v 0.14314 0.70274 0.748215 0 0 1
v 0.14145 0.702829 0.751647 0 0 1
v 0.137833 0.703058 0.752877 0 0 1
v 0.134409 0.703293 0.751185 0 0 1
v 0.133183 0.703396 0.747561 0 0 1
v 0.134873 0.703307 0.744129 0 0 1
v 0.13849 0.703078 0.742899 0 0 1
v 0.141914 0.702843 0.744591 0 0 1
v 0.138162 0.611315 0.747358 0 0 1
v 0.135155 0.657191 0.7476 0 0 1
v 0.14314 0.611643 0.747031 0 0 1
v 0.141914 0.611543 0.750655 0 0 1
v 0.13849 0.61131 0.752347 0 0 1
v 0.134873 0.611079 0.751117 0 0 1
v 0.133183 0.610987 0.747685 0 0 1
v 0.134409 0.611086 0.744061 0 0 1
v 0.137834 0.611319 0.742369 0 0 1
v 0.14145 0.61155 0.743599 0 0 1
v 0.142388 0.623112 0.747091 0 0 1
v 0.141162 0.623012 0.750715 0 0 1
v 0.137738 0.622779 0.752408 0 0 1
v 0.134121 0.622548 0.751178 0 0 1
v 0.132431 0.622456 0.747745 0 0 1
v 0.133658 0.622555 0.744122 0 0 1
v 0.137082 0.622789 0.742429 0 0 1
v 0.140698 0.623019 0.743659 0 0 1
v 0.141637 0.634581 0.747152 0 0 1
v 0.14041 0.634482 0.750776 0 0 1
v 0.136986 0.634248 0.752468 0 0 1
v 0.13337 0.634018 0.751238 0 0 1
v 0.13168 0.633925 0.747806 0 0 1
v 0.132906 0.634024 0.744182 0 0 1
v 0.13633 0.634258 0.74249 0 0 1
v 0.139946 0.634488 0.74372 0 0 1
v 0.140885 0.64605 0.747212 0 0 1
v 0.139659 0.645951 0.750836 0 0 1
v 0.136234 0.645717 0.752529 0 0 1
v 0.132618 0.645487 0.751298 0 0 1
v 0.130928 0.645394 0.747866 0 0 1
v 0.132154 0.645494 0.744243 0 0 1
v 0.135578 0.645727 0.74255 0 0 1
v 0.139195 0.645958 0.74378 0 0 1
v 0.140133 0.657519 0.747273 0 0 1
v 0.138907 0.65742 0.750896 0 0 1
v 0.135483 0.657187 0.752589 0 0 1
v 0.131866 0.656956 0.751359 0 0 1
v 0.130176 0.656863 0.747927 0 0 1
v 0.131402 0.656963 0.744303 0 0 1
v 0.134827 0.657196 0.742611 0 0 1
v 0.138443 0.657427 0.743841 0 0 1
v 0.147131 0.566222 0.747167 0 0 1
v 0.138162 0.611315 0.747358 0 0 1
v 0.15194 0.567183 0.746192 0 0 1
v 0.15121 0.567022 0.749945 0 0 1
v 0.148091 0.566393 0.752071 0 0 1
v 0.14441 0.565664 0.751324 0 0 1
v 0.142322 0.565262 0.748142 0 0 1
v 0.143051 0.565423 0.744389 0 0 1
v 0.14617 0.566052 0.742263 0 0 1
v 0.149852 0.566781 0.74301 0 0 1
v 0.149697 0.578456 0.746239 0 0 1
v 0.148968 0.578295 0.749993 0 0 1
v 0.145849 0.577666 0.752119 0 0 1
v 0.142167 0.576937 0.751372 0 0 1
v 0.14008 0.576535 0.74819 0 0 1
v 0.140809 0.576696 0.744437 0 0 1
v 0.143928 0.577325 0.742311 0 0 1
v 0.14761 0.578054 0.743058 0 0 1
v 0.147455 0.589729 0.746287 0 0 1
v 0.146726 0.589568 0.75004 0 0 1
v 0.143607 0.588939 0.752166 0 0 1
v 0.139925 0.58821 0.75142 0 0 1
v 0.137837 0.587808 0.748238 0 0 1
v 0.138566 0.587969 0.744485 0 0 1
v 0.141685 0.588598 0.742359 0 0 1
v 0.145367 0.589327 0.743105 0 0 1
v 0.145213 0.601002 0.746335 0 0 1
v 0.144484 0.600841 0.750088 0 0 1
v 0.141364 0.600212 0.752214 0 0 1
v 0.137683 0.599483 0.751468 0 0 1
v 0.135595 0.599081 0.748286 0 0 1
v 0.136324 0.599242 0.744532 0 0 1
v 0.139443 0.599871 0.742406 0 0 1
v 0.143125 0.6006 0.743153 0 0 1
v 0.14297 0.612275 0.746383 0 0 1
v 0.142241 0.612114 0.750136 0 0 1
v 0.139122 0.611485 0.752262 0 0 1
v 0.13544 0.610756 0.751515 0 0 1
v 0.133353 0.610354 0.748333 0 0 1
v 0.134082 0.610515 0.74458 0 0 1
v 0.137201 0.611144 0.742454 0 0 1
v 0.140883 0.611873 0.743201 0 0 1
v 0.161909 0.522687 0.74703 0 0 1
v 0.147131 0.566222 0.747167 0 0 1
v 0.166391 0.524213 0.745423 0 0 1
v 0.166157 0.524122 0.749242 0 0 1
v 0.163435 0.52319 0.751765 0 0 1
v 0.159819 0.521963 0.751514 0 0 1
v 0.157427 0.52116 0.748637 0 0 1
v 0.15766 0.521251 0.744819 0 0 1
v 0.160382 0.522183 0.742295 0 0 1
v 0.163999 0.52341 0.742546 0 0 1
v 0.162696 0.535097 0.745457 0 0 1
v 0.162463 0.535006 0.749276 0 0 1
v 0.159741 0.534074 0.751799 0 0 1
v 0.156124 0.532847 0.751549 0 0 1
v 0.153732 0.532044 0.748671 0 0 1
v 0.153966 0.532135 0.744853 0 0 1
v 0.156688 0.533067 0.74233 0 0 1
v 0.160304 0.534294 0.74258 0 0 1
v 0.159002 0.545981 0.745491 0 0 1
v 0.158768 0.54589 0.74931 0 0 1
v 0.156046 0.544958 0.751833 0 0 1
v 0.15243 0.543731 0.751583 0 0 1
v 0.150038 0.542928 0.748706 0 0 1
v 0.150271 0.543019 0.744887 0 0 1
v 0.152993 0.543951 0.742364 0 0 1
v 0.15661 0.545178 0.742614 0 0 1
v 0.155307 0.556865 0.745526 0 0 1
v 0.155074 0.556774 0.749344 0 0 1
v 0.152352 0.555842 0.751867 0 0 1
v 0.148735 0.554615 0.751617 0 0 1
v 0.146343 0.553812 0.74874 0 0 1
v 0.146577 0.553903 0.744921 0 0 1
v 0.149299 0.554835 0.742398 0 0 1
v 0.152915 0.556062 0.742648 0 0 1
v 0.151613 0.567749 0.74556 0 0 1
v 0.151379 0.567658 0.749379 0 0 1
v 0.148657 0.566726 0.751902 0 0 1
v 0.145041 0.565499 0.751651 0 0 1
v 0.142649 0.564696 0.748774 0 0 1
v 0.142882 0.564787 0.744956 0 0 1
v 0.145604 0.565719 0.742432 0 0 1
v 0.149221 0.566946 0.742683 0 0 1
v 0.182243 0.481452 0.746949 0 0 1
v 0.161909 0.522687 0.74703 0 0 1
v 0.186263 0.483439 0.744738 0 0 1
v 0.18649 0.483543 0.748557 0 0 1
v 0.18423 0.482423 0.751434 0 0 1
v 0.180805 0.480734 0.751684 0 0 1
v 0.178223 0.479465 0.749161 0 0 1
v 0.177995 0.47936 0.745342 0 0 1
v 0.180256 0.480481 0.742465 0 0 1
v 0.183681 0.48217 0.742215 0 0 1
v 0.181179 0.493747 0.744758 0 0 1
v 0.181407 0.493852 0.748577 0 0 1
v 0.179146 0.492731 0.751454 0 0 1
v 0.175721 0.491042 0.751704 0 0 1
v 0.173139 0.489774 0.749181 0 0 1
v 0.172912 0.489669 0.745362 0 0 1
v 0.175172 0.49079 0.742485 0 0 1
v 0.178597 0.492479 0.742235 0 0 1
v 0.176096 0.504056 0.744778 0 0 1
v 0.176323 0.504161 0.748597 0 0 1
v 0.174063 0.50304 0.751474 0 0 1
v 0.170638 0.501351 0.751724 0 0 1
v 0.168056 0.500082 0.749201 0 0 1
v 0.167828 0.499978 0.745382 0 0 1
v 0.170089 0.501098 0.742505 0 0 1
v 0.173514 0.502788 0.742255 0 0 1
v 0.171012 0.514365 0.744799 0 0 1
v 0.17124 0.514469 0.748617 0 0 1
v 0.168979 0.513349 0.751494 0 0 1
v 0.165554 0.51166 0.751745 0 0 1
v 0.162972 0.510391 0.749221 0 0 1
v 0.162745 0.510286 0.745403 0 0 1
v 0.165005 0.511407 0.742525 0 0 1
v 0.16843 0.513096 0.742275 0 0 1
v 0.165929 0.524673 0.744819 0 0 1
v 0.166156 0.524778 0.748637 0 0 1
v 0.163896 0.523658 0.751514 0 0 1
v 0.160471 0.521968 0.751765 0 0 1
v 0.157889 0.5207 0.749241 0 0 1
v 0.157661 0.520595 0.745423 0 0 1
v 0.159922 0.521716 0.742546 0 0 1
v 0.163347 0.523405 0.742295 0 0 1
v 0.207785 0.443224 0.746926 0 0 1
v 0.182243 0.481452 0.746949 0 0 1
v 0.211241 0.445535 0.744149 0 0 1
v 0.211863 0.445948 0.747902 0 0 1
v 0.210096 0.444765 0.751084 0 0 1
v 0.206975 0.44268 0.75183 0 0 1
v 0.204329 0.440913 0.749704 0 0 1
v 0.203707 0.4405 0.745951 0 0 1
v 0.205474 0.441682 0.742769 0 0 1
v 0.208595 0.443768 0.742022 0 0 1
v 0.204855 0.455092 0.744154 0 0 1
v 0.205477 0.455505 0.747908 0 0 1
v 0.20371 0.454322 0.75109 0 0 1
v 0.20059 0.452237 0.751836 0 0 1
v 0.197943 0.45047 0.74971 0 0 1
v 0.197322 0.450057 0.745957 0 0 1
v 0.199088 0.451239 0.742775 0 0 1
v 0.202209 0.453325 0.742028 0 0 1
v 0.19847 0.464649 0.74416 0 0 1
v 0.199092 0.465062 0.747913 0 0 1
v 0.197325 0.463879 0.751095 0 0 1
v 0.194204 0.461794 0.751842 0 0 1
v 0.191558 0.460027 0.749716 0 0 1
v 0.190936 0.459614 0.745962 0 0 1
v 0.192703 0.460796 0.74278 0 0 1
v 0.195824 0.462882 0.742034 0 0 1
v 0.192084 0.474206 0.744166 0 0 1
v 0.192706 0.474619 0.747919 0 0 1
v 0.190939 0.473436 0.751101 0 0 1
v 0.187818 0.471351 0.751848 0 0 1
v 0.185172 0.469584 0.749721 0 0 1
v 0.18455 0.469171 0.745968 0 0 1
v 0.186317 0.470353 0.742786 0 0 1
v 0.189438 0.472439 0.74204 0 0 1
v 0.185699 0.483763 0.744172 0 0 1
v 0.186321 0.484176 0.747925 0 0 1
v 0.184554 0.482993 0.751107 0 0 1
v 0.181433 0.480908 0.751853 0 0 1
v 0.178787 0.479141 0.749727 0 0 1
v 0.178165 0.478728 0.745974 0 0 1
v 0.179932 0.47991 0.742792 0 0 1
v 0.183053 0.481996 0.742045 0 0 1
v 0.238098 0.408656 0.746961 0 0 1
v 0.207785 0.443224 0.746926 0 0 1
v 0.240926 0.411133 0.743665 0 0 1
v 0.241849 0.411946 0.747289 0 0 1
v 0.240575 0.410832 0.750721 0 0 1
v 0.237849 0.408444 0.751951 0 0 1
v 0.23527 0.40618 0.750258 0 0 1
v 0.234347 0.405367 0.746634 0 0 1
v 0.235621 0.406481 0.743202 0 0 1
v 0.238346 0.408869 0.741972 0 0 1
v 0.233348 0.419775 0.743656 0 0 1
v 0.234271 0.420588 0.74728 0 0 1
v 0.232996 0.419474 0.750712 0 0 1
v 0.230271 0.417085 0.751942 0 0 1
v 0.227692 0.414822 0.750249 0 0 1
v 0.226769 0.414009 0.746626 0 0 1
v 0.228043 0.415123 0.743193 0 0 1
v 0.230768 0.417511 0.741963 0 0 1
v 0.225769 0.428417 0.743647 0 0 1
v 0.226692 0.42923 0.747271 0 0 1
v 0.225418 0.428116 0.750703 0 0 1
v 0.222693 0.425727 0.751933 0 0 1
v 0.220113 0.423463 0.750241 0 0 1
v 0.21919 0.42265 0.746617 0 0 1
v 0.220465 0.423764 0.743185 0 0 1
v 0.22319 0.426153 0.741955 0 0 1
v 0.218191 0.437059 0.743639 0 0 1
v 0.219114 0.437872 0.747262 0 0 1
v 0.21784 0.436758 0.750694 0 0 1
v 0.215115 0.434369 0.751924 0 0 1
v 0.212535 0.432105 0.750232 0 0 1
v 0.211612 0.431292 0.746608 0 0 1
v 0.212886 0.432406 0.743176 0 0 1
v 0.215612 0.434795 0.741946 0 0 1
v 0.210613 0.4457 0.74363 0 0 1
v 0.211536 0.446514 0.747254 0 0 1
v 0.210262 0.445399 0.750686 0 0 1
v 0.207536 0.443011 0.751916 0 0 1
v 0.204957 0.440747 0.750223 0 0 1
v 0.204034 0.439934 0.746599 0 0 1
v 0.205308 0.441048 0.743167 0 0 1
v 0.208033 0.443437 0.741937 0 0 1
v 0.272663 0.378341 0.747054 0 0 1
v 0.238098 0.408656 0.746961 0 0 1
v 0.274843 0.380815 0.743295 0 0 1
v 0.275954 0.382092 0.746727 0 0 1
v 0.275137 0.381172 0.750351 0 0 1
v 0.272871 0.378594 0.752043 0 0 1
v 0.270484 0.375868 0.750813 0 0 1
v 0.269373 0.374591 0.747381 0 0 1
v 0.27019 0.375511 0.743757 0 0 1
v 0.272455 0.378089 0.742065 0 0 1
v 0.266202 0.388394 0.743272 0 0 1
v 0.267312 0.389671 0.746704 0 0 1
v 0.266496 0.388751 0.750328 0 0 1
v 0.26423 0.386173 0.75202 0 0 1
v 0.261842 0.383447 0.75079 0 0 1
v 0.260732 0.38217 0.747358 0 0 1
v 0.261548 0.38309 0.743734 0 0 1
v 0.263814 0.385668 0.742042 0 0 1
v 0.25756 0.395973 0.743249 0 0 1
v 0.258671 0.39725 0.746681 0 0 1
v 0.257854 0.396329 0.750305 0 0 1
v 0.255589 0.393751 0.751997 0 0 1
v 0.253201 0.391025 0.750767 0 0 1
v 0.25209 0.389748 0.747335 0 0 1
v 0.252907 0.390668 0.743711 0 0 1
v 0.255173 0.393247 0.742018 0 0 1
v 0.248919 0.403551 0.743226 0 0 1
v 0.25003 0.404828 0.746658 0 0 1
v 0.249213 0.403908 0.750281 0 0 1
v 0.246947 0.40133 0.751974 0 0 1
v 0.24456 0.398604 0.750744 0 0 1
v 0.243449 0.397327 0.747311 0 0 1
v 0.244266 0.398247 0.743688 0 0 1
v 0.246531 0.400825 0.741995 0 0 1
v 0.240277 0.41113 0.743202 0 0 1
v 0.241388 0.412407 0.746635 0 0 1
v 0.240572 0.411487 0.750258 0 0 1
v 0.238306 0.408909 0.751951 0 0 1
v 0.235918 0.406183 0.750721 0 0 1
v 0.234808 0.404906 0.747288 0 0 1
v 0.235624 0.405826 0.743665 0 0 1
v 0.23789 0.408404 0.741972 0 0 1
v 0.31089 0.352797 0.747203 0 0 1
v 0.272663 0.378341 0.747054 0 0 1
v 0.312444 0.3551 0.743045 0 0 1
v 0.313617 0.356873 0.746227 0 0 1
v 0.313192 0.356259 0.749981 0 0 1
v 0.311418 0.353617 0.752107 0 0 1
v 0.309335 0.350495 0.75136 0 0 1
v 0.308163 0.348722 0.748178 0 0 1
v 0.308587 0.349336 0.744425 0 0 1
v 0.310361 0.351978 0.742299 0 0 1
v 0.302888 0.361486 0.743008 0 0 1
v 0.30406 0.363259 0.74619 0 0 1
v 0.303636 0.362645 0.749943 0 0 1
v 0.301862 0.360003 0.752069 0 0 1
v 0.299779 0.356881 0.751323 0 0 1
v 0.298606 0.355108 0.748141 0 0 1
v 0.299031 0.355722 0.744387 0 0 1
v 0.300805 0.358364 0.742262 0 0 1
v 0.293331 0.367872 0.742971 0 0 1
v 0.294504 0.369645 0.746153 0 0 1
v 0.294079 0.369031 0.749906 0 0 1
v 0.292305 0.366389 0.752032 0 0 1
v 0.290222 0.363267 0.751286 0 0 1
v 0.289049 0.361494 0.748104 0 0 1
v 0.289474 0.362108 0.74435 0 0 1
v 0.291248 0.36475 0.742224 0 0 1
v 0.283775 0.374258 0.742934 0 0 1
v 0.284947 0.376031 0.746116 0 0 1
v 0.284522 0.375417 0.749869 0 0 1
v 0.282749 0.372775 0.751995 0 0 1
v 0.280665 0.369653 0.751248 0 0 1
v 0.279493 0.36788 0.748066 0 0 1
v 0.279918 0.368494 0.744313 0 0 1
v 0.281691 0.371136 0.742187 0 0 1
v 0.274218 0.380644 0.742897 0 0 1
v 0.275391 0.382417 0.746079 0 0 1
v 0.274966 0.381803 0.749832 0 0 1
v 0.273192 0.379161 0.751958 0 0 1
v 0.271109 0.376039 0.751211 0 0 1
v 0.269936 0.374266 0.748029 0 0 1
v 0.270361 0.37488 0.744276 0 0 1
v 0.272135 0.377522 0.74215 0 0 1
v 0.352123 0.332461 0.747404 0 0 1
v 0.31089 0.352797 0.747203 0 0 1
v 0.353119 0.334436 0.74292 0 0 1
v 0.354224 0.336704 0.745798 0 0 1
v 0.354098 0.336487 0.749616 0 0 1
v 0.352815 0.333912 0.752139 0 0 1
v 0.351127 0.330486 0.751889 0 0 1
v 0.350022 0.328218 0.749011 0 0 1
v 0.350148 0.328435 0.745193 0 0 1
v 0.351431 0.331011 0.74267 0 0 1
v 0.342811 0.33952 0.74287 0 0 1
v 0.343915 0.341788 0.745747 0 0 1
v 0.34379 0.341571 0.749566 0 0 1
v 0.342507 0.338996 0.752089 0 0 1
v 0.340819 0.33557 0.751838 0 0 1
v 0.339714 0.333302 0.748961 0 0 1
v 0.33984 0.333519 0.745142 0 0 1
v 0.341123 0.336095 0.742619 0 0 1
v 0.332502 0.344604 0.742819 0 0 1
v 0.333607 0.346872 0.745697 0 0 1
v 0.333481 0.346655 0.749515 0 0 1
v 0.332199 0.34408 0.752038 0 0 1
v 0.330511 0.340654 0.751788 0 0 1
v 0.329406 0.338386 0.748911 0 0 1
v 0.329532 0.338603 0.745092 0 0 1
v 0.330814 0.341179 0.742569 0 0 1
v 0.322194 0.349688 0.742769 0 0 1
v 0.323299 0.351957 0.745646 0 0 1
v 0.323173 0.351739 0.749465 0 0 1
v 0.32189 0.349164 0.751988 0 0 1
v 0.320202 0.345738 0.751737 0 0 1
v 0.319098 0.34347 0.74886 0 0 1
v 0.319223 0.343687 0.745041 0 0 1
v 0.320506 0.346263 0.742518 0 0 1
v 0.311886 0.354772 0.742718 0 0 1
v 0.31299 0.357041 0.745596 0 0 1
v 0.312865 0.356823 0.749414 0 0 1
v 0.311582 0.354248 0.751937 0 0 1
v 0.309894 0.350823 0.751687 0 0 1
v 0.308789 0.348554 0.74881 0 0 1
v 0.308915 0.348771 0.744991 0 0 1
v 0.310198 0.351347 0.742468 0 0 1
v 0.395658 0.317681 0.747656 0 0 1
v 0.352123 0.332461 0.747404 0 0 1
v 0.396199 0.319195 0.742922 0 0 1
v 0.397111 0.321924 0.745445 0 0 1
v 0.397171 0.322167 0.749264 0 0 1
v 0.396345 0.319783 0.752141 0 0 1
v 0.395116 0.316167 0.752391 0 0 1
v 0.394205 0.313439 0.749868 0 0 1
v 0.394144 0.313195 0.746049 0 0 1
v 0.39497 0.315579 0.743172 0 0 1
v 0.385315 0.32289 0.742859 0 0 1
v 0.386227 0.325619 0.745382 0 0 1
v 0.386288 0.325862 0.749201 0 0 1
v 0.385462 0.323478 0.752078 0 0 1
v 0.384233 0.319862 0.752328 0 0 1
v 0.383321 0.317134 0.749805 0 0 1
v 0.38326 0.31689 0.745986 0 0 1
v 0.384086 0.319274 0.743109 0 0 1
v 0.374432 0.326585 0.742796 0 0 1
v 0.375344 0.329314 0.745319 0 0 1
v 0.375404 0.329557 0.749138 0 0 1
v 0.374578 0.327173 0.752015 0 0 1
v 0.373349 0.323557 0.752265 0 0 1
v 0.372437 0.320829 0.749742 0 0 1
v 0.372377 0.320585 0.745923 0 0 1
v 0.373203 0.322969 0.743046 0 0 1
v 0.363548 0.33028 0.742733 0 0 1
v 0.36446 0.333009 0.745256 0 0 1
v 0.36452 0.333252 0.749075 0 0 1
v 0.363694 0.330868 0.751952 0 0 1
v 0.362465 0.327252 0.752202 0 0 1
v 0.361554 0.324524 0.749679 0 0 1
v 0.361493 0.32428 0.74586 0 0 1
v 0.362319 0.326664 0.742983 0 0 1
v 0.352664 0.333975 0.74267 0 0 1
v 0.353576 0.336704 0.745193 0 0 1
v 0.353637 0.336947 0.749012 0 0 1
v 0.352811 0.334563 0.751889 0 0 1
v 0.351582 0.330947 0.752139 0 0 1
v 0.35067 0.328219 0.749616 0 0 1
v 0.350609 0.327975 0.745797 0 0 1
v 0.351435 0.330359 0.74292 0 0 1
v 0.440749 0.30871 0.747954 0 0 1
v 0.395658 0.317681 0.747656 0 0 1
v 0.44097 0.30966 0.74305 0 0 1
v 0.441578 0.312784 0.745176 0 0 1
v 0.4417 0.313521 0.748929 0 0 1
v 0.441265 0.311439 0.752111 0 0 1
v 0.440527 0.307759 0.752857 0 0 1
v 0.43992 0.304636 0.750731 0 0 1
v 0.439798 0.303899 0.746978 0 0 1
v 0.440233 0.30598 0.743796 0 0 1
v 0.429698 0.311903 0.742976 0 0 1
v 0.430305 0.315027 0.745102 0 0 1
v 0.430427 0.315763 0.748855 0 0 1
v 0.429992 0.313682 0.752037 0 0 1
v 0.429255 0.310002 0.752783 0 0 1
v 0.428647 0.306878 0.750657 0 0 1
v 0.428525 0.306142 0.746904 0 0 1
v 0.42896 0.308223 0.743722 0 0 1
v 0.418425 0.314146 0.742901 0 0 1
v 0.419032 0.317269 0.745027 0 0 1
v 0.419154 0.318006 0.748781 0 0 1
v 0.418719 0.315925 0.751962 0 0 1
v 0.417982 0.312245 0.752709 0 0 1
v 0.417374 0.309121 0.750583 0 0 1
v 0.417253 0.308385 0.746829 0 0 1
v 0.417688 0.310466 0.743648 0 0 1
v 0.407152 0.316389 0.742827 0 0 1
v 0.407759 0.319512 0.744953 0 0 1
v 0.407881 0.320249 0.748706 0 0 1
v 0.407446 0.318168 0.751888 0 0 1
v 0.406709 0.314487 0.752634 0 0 1
v 0.406102 0.311364 0.750508 0 0 1
v 0.40598 0.310627 0.746755 0 0 1
v 0.406415 0.312709 0.743573 0 0 1
v 0.395879 0.318632 0.742753 0 0 1
v 0.396487 0.321755 0.744879 0 0 1
v 0.396608 0.322492 0.748632 0 0 1
v 0.396173 0.320411 0.751814 0 0 1
v 0.395436 0.31673 0.75256 0 0 1
v 0.394829 0.313607 0.750434 0 0 1
v 0.394707 0.31287 0.746681 0 0 1
v 0.395142 0.314952 0.743499 0 0 1
v 0.486625 0.305701 0.748292 0 0 1
v 0.440749 0.30871 0.747954 0 0 1
v 0.486683 0.306025 0.743302 0 0 1
v 0.486895 0.30945 0.744995 0 0 1
v 0.486949 0.310679 0.748619 0 0 1
v 0.486813 0.308992 0.752051 0 0 1
v 0.486567 0.305377 0.753281 0 0 1
v 0.486355 0.301951 0.751588 0 0 1
v 0.486301 0.300722 0.747964 0 0 1
v 0.486437 0.302409 0.744532 0 0 1
v 0.475214 0.306777 0.743218 0 0 1
v 0.475426 0.310203 0.744911 0 0 1
v 0.47548 0.311432 0.748534 0 0 1
v 0.475344 0.309744 0.751966 0 0 1
v 0.475098 0.306129 0.753196 0 0 1
v 0.474886 0.302703 0.751504 0 0 1
v 0.474832 0.301474 0.74788 0 0 1
v 0.474968 0.303162 0.744448 0 0 1
v 0.463745 0.307529 0.743134 0 0 1
v 0.463957 0.310955 0.744826 0 0 1
v 0.464011 0.312184 0.74845 0 0 1
v 0.463875 0.310497 0.751882 0 0 1
v 0.463629 0.306881 0.753112 0 0 1
v 0.463417 0.303456 0.751419 0 0 1
v 0.463363 0.302226 0.747795 0 0 1
v 0.463499 0.303914 0.744363 0 0 1
v 0.452276 0.308282 0.743049 0 0 1
v 0.452488 0.311707 0.744742 0 0 1
v 0.452542 0.312936 0.748365 0 0 1
v 0.452406 0.311249 0.751797 0 0 1
v 0.45216 0.307633 0.753027 0 0 1
v 0.451948 0.304208 0.751335 0 0 1
v 0.451894 0.302979 0.747711 0 0 1
v 0.45203 0.304666 0.744279 0 0 1
v 0.440807 0.309034 0.742965 0 0 1
v 0.441019 0.312459 0.744657 0 0 1
v 0.441073 0.313688 0.748281 0 0 1
v 0.440937 0.312001 0.751713 0 0 1
v 0.440691 0.308386 0.752943 0 0 1
v 0.440479 0.30496 0.75125 0 0 1
v 0.440425 0.303731 0.747626 0 0 1
v 0.440561 0.305418 0.744194 0 0 1
v 0.532501 0.308706 0.748664 0 0 1
v 0.486625 0.305701 0.748292 0 0 1
v 0.532563 0.308382 0.743675 0 0 1
v 0.532316 0.311997 0.744905 0 0 1
v 0.532178 0.313684 0.748337 0 0 1
v 0.532229 0.312455 0.751961 0 0 1
v 0.532439 0.309029 0.753653 0 0 1
v 0.532686 0.305414 0.752423 0 0 1
v 0.532824 0.303727 0.748991 0 0 1
v 0.532773 0.304956 0.745367 0 0 1
v 0.521094 0.307631 0.743582 0 0 1
v 0.520847 0.311246 0.744812 0 0 1
v 0.520709 0.312933 0.748244 0 0 1
v 0.52076 0.311704 0.751868 0 0 1
v 0.52097 0.308278 0.75356 0 0 1
v 0.521217 0.304663 0.75233 0 0 1
v 0.521355 0.302976 0.748898 0 0 1
v 0.521304 0.304205 0.745274 0 0 1
v 0.509625 0.30688 0.743489 0 0 1
v 0.509378 0.310495 0.744719 0 0 1
v 0.50924 0.312182 0.748151 0 0 1
v 0.509291 0.310952 0.751775 0 0 1
v 0.509501 0.307527 0.753467 0 0 1
v 0.509748 0.303911 0.752237 0 0 1
v 0.509886 0.302224 0.748805 0 0 1
v 0.509835 0.303454 0.745181 0 0 1
v 0.498156 0.306128 0.743396 0 0 1
v 0.497909 0.309744 0.744626 0 0 1
v 0.497771 0.311431 0.748058 0 0 1
v 0.497822 0.310201 0.751682 0 0 1
v 0.498032 0.306775 0.753374 0 0 1
v 0.498279 0.30316 0.752144 0 0 1
v 0.498417 0.301473 0.748712 0 0 1
v 0.498366 0.302703 0.745088 0 0 1
v 0.486687 0.305377 0.743302 0 0 1
v 0.48644 0.308993 0.744533 0 0 1
v 0.486301 0.31068 0.747965 0 0 1
v 0.486353 0.30945 0.751588 0 0 1
v 0.486563 0.306024 0.753281 0 0 1
v 0.48681 0.302409 0.752051 0 0 1
v 0.486948 0.300722 0.748618 0 0 1
v 0.486897 0.301951 0.744995 0 0 1
v 0.577592 0.317673 0.749065 0 0 1
v 0.532501 0.308706 0.748664 0 0 1
v 0.577824 0.316725 0.744162 0 0 1
v 0.577086 0.320405 0.744908 0 0 1
v 0.576644 0.322484 0.74809 0 0 1
v 0.576758 0.321746 0.751843 0 0 1
v 0.57736 0.318621 0.753969 0 0 1
v 0.578098 0.314941 0.753222 0 0 1
v 0.57854 0.312861 0.750041 0 0 1
v 0.578427 0.3136 0.746287 0 0 1
v 0.566552 0.314483 0.744061 0 0 1
v 0.565813 0.318163 0.744808 0 0 1
v 0.565371 0.320242 0.74799 0 0 1
v 0.565485 0.319504 0.751743 0 0 1
v 0.566087 0.316379 0.753869 0 0 1
v 0.566826 0.312699 0.753122 0 0 1
v 0.567268 0.31062 0.74994 0 0 1
v 0.567154 0.311358 0.746187 0 0 1
v 0.555279 0.312241 0.743961 0 0 1
v 0.55454 0.315921 0.744708 0 0 1
v 0.554098 0.318001 0.74789 0 0 1
v 0.554212 0.317262 0.751643 0 0 1
v 0.554814 0.314137 0.753769 0 0 1
v 0.555553 0.310458 0.753022 0 0 1
v 0.555995 0.308378 0.74984 0 0 1
v 0.555881 0.309117 0.746087 0 0 1
v 0.544006 0.309999 0.743861 0 0 1
v 0.543268 0.313679 0.744607 0 0 1
v 0.542826 0.315759 0.747789 0 0 1
v 0.542939 0.31502 0.751542 0 0 1
v 0.543542 0.311896 0.753668 0 0 1
v 0.54428 0.308216 0.752922 0 0 1
v 0.544722 0.306136 0.74974 0 0 1
v 0.544608 0.306875 0.745987 0 0 1
v 0.532733 0.307757 0.743761 0 0 1
v 0.531995 0.311437 0.744507 0 0 1
v 0.531553 0.313517 0.747689 0 0 1
v 0.531666 0.312778 0.751442 0 0 1
v 0.532269 0.309654 0.753568 0 0 1
v 0.533007 0.305974 0.752821 0 0 1
v 0.533449 0.303894 0.749639 0 0 1
v 0.533336 0.304633 0.745886 0 0 1
v 0.621127 0.332449 0.749488 0 0 1
v 0.577592 0.317673 0.749065 0 0 1
v 0.621685 0.330941 0.744753 0 0 1
v 0.620455 0.334557 0.745004 0 0 1
v 0.619619 0.336937 0.747881 0 0 1
v 0.619666 0.336689 0.751699 0 0 1
v 0.620569 0.333957 0.754222 0 0 1
v 0.621799 0.330342 0.753972 0 0 1
v 0.622635 0.327961 0.751095 0 0 1
v 0.622587 0.328209 0.747276 0 0 1
v 0.610801 0.327247 0.744648 0 0 1
v 0.609571 0.330863 0.744898 0 0 1
v 0.608735 0.333243 0.747775 0 0 1
v 0.608783 0.332995 0.751594 0 0 1
v 0.609685 0.330263 0.754117 0 0 1
v 0.610915 0.326648 0.753866 0 0 1
v 0.611751 0.324267 0.750989 0 0 1
v 0.611704 0.324515 0.747171 0 0 1
v 0.599917 0.323553 0.744542 0 0 1
v 0.598688 0.327169 0.744792 0 0 1
v 0.597852 0.329549 0.74767 0 0 1
v 0.597899 0.329301 0.751488 0 0 1
v 0.598802 0.326569 0.754011 0 0 1
v 0.600031 0.322954 0.753761 0 0 1
v 0.600867 0.320573 0.750884 0 0 1
v 0.60082 0.320821 0.747065 0 0 1
v 0.589034 0.319859 0.744436 0 0 1
v 0.587804 0.323474 0.744687 0 0 1
v 0.586968 0.325855 0.747564 0 0 1
v 0.587015 0.325607 0.751382 0 0 1
v 0.587918 0.322875 0.753905 0 0 1
v 0.589148 0.319259 0.753655 0 0 1
v 0.589984 0.316879 0.750778 0 0 1
v 0.589936 0.317127 0.746959 0 0 1
v 0.57815 0.316165 0.744331 0 0 1
v 0.57692 0.31978 0.744581 0 0 1
v 0.576084 0.322161 0.747458 0 0 1
v 0.576132 0.321913 0.751277 0 0 1
v 0.577034 0.319181 0.7538 0 0 1
v 0.578264 0.315565 0.753549 0 0 1
v 0.5791 0.313185 0.750672 0 0 1
v 0.579053 0.313433 0.746854 0 0 1
v 0.66236 0.352782 0.749925 0 0 1
v 0.621127 0.332449 0.749488 0 0 1
v 0.663376 0.350817 0.74544 0 0 1
v 0.66169 0.354243 0.74519 0 0 1
v 0.660396 0.356813 0.747713 0 0 1
v 0.660252 0.357021 0.751532 0 0 1
v 0.661344 0.354746 0.754409 0 0 1
v 0.663031 0.35132 0.754659 0 0 1
v 0.664325 0.34875 0.752136 0 0 1
v 0.664468 0.348542 0.748317 0 0 1
v 0.653068 0.345734 0.745331 0 0 1
v 0.651381 0.34916 0.745081 0 0 1
v 0.650087 0.35173 0.747604 0 0 1
v 0.649944 0.351938 0.751423 0 0 1
v 0.651036 0.349663 0.7543 0 0 1
v 0.652722 0.346237 0.75455 0 0 1
v 0.654016 0.343667 0.752027 0 0 1
v 0.654159 0.343459 0.748208 0 0 1
v 0.64276 0.340651 0.745222 0 0 1
v 0.641073 0.344077 0.744972 0 0 1
v 0.639779 0.346647 0.747495 0 0 1
v 0.639636 0.346855 0.751313 0 0 1
v 0.640727 0.34458 0.75419 0 0 1
v 0.642414 0.341154 0.754441 0 0 1
v 0.643708 0.338584 0.751917 0 0 1
v 0.643851 0.338376 0.748099 0 0 1
v 0.632451 0.335568 0.745113 0 0 1
v 0.630765 0.338994 0.744863 0 0 1
v 0.629471 0.341564 0.747386 0 0 1
v 0.629327 0.341772 0.751204 0 0 1
v 0.630419 0.339497 0.754081 0 0 1
v 0.632106 0.336071 0.754331 0 0 1
v 0.6334 0.333501 0.751808 0 0 1
v 0.633543 0.333293 0.74799 0 0 1
v 0.622143 0.330485 0.745004 0 0 1
v 0.620456 0.333911 0.744753 0 0 1
v 0.619162 0.33648 0.747277 0 0 1
v 0.619019 0.336689 0.751095 0 0 1
v 0.620111 0.334414 0.753972 0 0 1
v 0.621797 0.330988 0.754222 0 0 1
v 0.623091 0.328418 0.751699 0 0 1
v 0.623234 0.32821 0.747881 0 0 1
v 0.700586 0.378322 0.750368 0 0 1
v 0.66236 0.352782 0.749925 0 0 1
v 0.702163 0.376035 0.746211 0 0 1
v 0.700084 0.37916 0.745465 0 0 1
v 0.698299 0.381794 0.747591 0 0 1
v 0.697854 0.382395 0.751344 0 0 1
v 0.69901 0.38061 0.754525 0 0 1
v 0.701089 0.377485 0.755272 0 0 1
v 0.702874 0.374851 0.753146 0 0 1
v 0.703319 0.37425 0.749393 0 0 1
v 0.692606 0.36965 0.7461 0 0 1
v 0.690527 0.372775 0.745354 0 0 1
v 0.688743 0.375409 0.74748 0 0 1
v 0.688298 0.376009 0.751233 0 0 1
v 0.689453 0.374224 0.754415 0 0 1
v 0.691533 0.3711 0.755161 0 0 1
v 0.693317 0.368465 0.753035 0 0 1
v 0.693762 0.367865 0.749282 0 0 1
v 0.68305 0.363265 0.745989 0 0 1
v 0.680971 0.366389 0.745243 0 0 1
v 0.679186 0.369024 0.747369 0 0 1
v 0.678741 0.369624 0.751122 0 0 1
v 0.679897 0.367839 0.754304 0 0 1
v 0.681976 0.364714 0.75505 0 0 1
v 0.683761 0.36208 0.752924 0 0 1
v 0.684205 0.36148 0.749171 0 0 1
v 0.673493 0.356879 0.745878 0 0 1
v 0.671414 0.360004 0.745132 0 0 1
v 0.669629 0.362638 0.747258 0 0 1
v 0.669185 0.363239 0.751011 0 0 1
v 0.67034 0.361454 0.754193 0 0 1
v 0.672419 0.358329 0.754939 0 0 1
v 0.674204 0.355695 0.752813 0 0 1
v 0.674649 0.355094 0.74906 0 0 1
v 0.663937 0.350494 0.745767 0 0 1
v 0.661857 0.353619 0.745021 0 0 1
v 0.660073 0.356253 0.747147 0 0 1
v 0.659628 0.356854 0.7509 0 0 1
v 0.660784 0.355069 0.754082 0 0 1
v 0.662863 0.351944 0.754828 0 0 1
v 0.664647 0.34931 0.752702 0 0 1
v 0.665092 0.348709 0.748949 0 0 1
v 0.735152 0.408634 0.750811 0 0 1
v 0.700586 0.378322 0.750368 0 0 1
v 0.737353 0.40618 0.747052 0 0 1
v 0.734972 0.408912 0.745822 0 0 1
v 0.732697 0.411482 0.747514 0 0 1
v 0.73186 0.412383 0.751138 0 0 1
v 0.732951 0.411089 0.75457 0 0 1
v 0.735332 0.408357 0.7558 0 0 1
v 0.737607 0.405787 0.754107 0 0 1
v 0.738444 0.404885 0.750484 0 0 1
v 0.728711 0.398602 0.746941 0 0 1
v 0.726331 0.401334 0.745711 0 0 1
v 0.724056 0.403904 0.747404 0 0 1
v 0.723219 0.404805 0.751027 0 0 1
v 0.72431 0.403511 0.754459 0 0 1
v 0.72669 0.400779 0.755689 0 0 1
v 0.728965 0.398209 0.753997 0 0 1
v 0.729803 0.397307 0.750373 0 0 1
v 0.72007 0.391024 0.74683 0 0 1
v 0.71769 0.393756 0.745601 0 0 1
v 0.715415 0.396326 0.747293 0 0 1
v 0.714577 0.397227 0.750917 0 0 1
v 0.715668 0.395933 0.754349 0 0 1
v 0.718049 0.393201 0.755579 0 0 1
v 0.720324 0.390631 0.753886 0 0 1
v 0.721161 0.389729 0.750262 0 0 1
v 0.711429 0.383446 0.74672 0 0 1
v 0.709048 0.386178 0.74549 0 0 1
v 0.706773 0.388748 0.747182 0 0 1
v 0.705936 0.389649 0.750806 0 0 1
v 0.707027 0.388355 0.754238 0 0 1
v 0.709407 0.385623 0.755468 0 0 1
v 0.711683 0.383053 0.753775 0 0 1
v 0.71252 0.382151 0.750152 0 0 1
v 0.702787 0.375868 0.746609 0 0 1
v 0.700407 0.3786 0.745379 0 0 1
v 0.698132 0.38117 0.747072 0 0 1
v 0.697295 0.382071 0.750695 0 0 1
v 0.698386 0.380777 0.754127 0 0 1
v 0.700766 0.378045 0.755357 0 0 1
v 0.703041 0.375475 0.753665 0 0 1
v 0.703878 0.374573 0.750041 0 0 1
v 0.765465 0.443199 0.751245 0 0 1
v 0.735152 0.408634 0.750811 0 0 1
v 0.768312 0.440744 0.747949 0 0 1
v 0.765742 0.443019 0.746256 0 0 1
v 0.76301 0.445399 0.747486 0 0 1
v 0.761716 0.446491 0.750918 0 0 1
v 0.762618 0.445654 0.754542 0 0 1
v 0.765188 0.443379 0.756234 0 0 1
v 0.76792 0.440998 0.755004 0 0 1
v 0.769214 0.439907 0.751572 0 0 1
v 0.760734 0.432102 0.74784 0 0 1
v 0.758164 0.434378 0.746148 0 0 1
v 0.755432 0.436758 0.747378 0 0 1
v 0.754138 0.43785 0.75081 0 0 1
v 0.75504 0.437013 0.754433 0 0 1
v 0.75761 0.434738 0.756126 0 0 1
v 0.760342 0.432357 0.754896 0 0 1
v 0.761636 0.431266 0.751464 0 0 1
v 0.753155 0.423461 0.747732 0 0 1
v 0.750585 0.425736 0.746039 0 0 1
v 0.747853 0.428117 0.747269 0 0 1
v 0.746559 0.429209 0.750701 0 0 1
v 0.747462 0.428372 0.754325 0 0 1
v 0.750032 0.426097 0.756017 0 0 1
v 0.752764 0.423716 0.754787 0 0 1
v 0.754058 0.422624 0.751355 0 0 1
v 0.745577 0.41482 0.747623 0 0 1
v 0.743007 0.417095 0.74593 0 0 1
v 0.740275 0.419476 0.747161 0 0 1
v 0.738981 0.420567 0.750593 0 0 1
v 0.739883 0.419731 0.754216 0 0 1
v 0.742453 0.417456 0.755909 0 0 1
v 0.745185 0.415075 0.754679 0 0 1
v 0.746479 0.413983 0.751247 0 0 1
v 0.737999 0.406179 0.747514 0 0 1
v 0.735429 0.408454 0.745822 0 0 1
v 0.732697 0.410835 0.747052 0 0 1
v 0.731403 0.411926 0.750484 0 0 1
v 0.732305 0.411089 0.754108 0 0 1
v 0.734875 0.408814 0.7558 0 0 1
v 0.737607 0.406434 0.75457 0 0 1
v 0.738901 0.405342 0.751138 0 0 1
v 0.791007 0.481425 0.751664 0 0 1
v 0.765465 0.443199 0.751245 0 0 1
v 0.794478 0.479136 0.748886 0 0 1
v 0.791843 0.48092 0.74676 0 0 1
v 0.788718 0.482999 0.747507 0 0 1
v 0.786935 0.484156 0.750689 0 0 1
v 0.787536 0.483713 0.754442 0 0 1
v 0.790171 0.481929 0.756568 0 0 1
v 0.793296 0.47985 0.755821 0 0 1
v 0.79508 0.478693 0.752639 0 0 1
v 0.788092 0.469579 0.748782 0 0 1
v 0.785457 0.471363 0.746656 0 0 1
v 0.782333 0.473443 0.747402 0 0 1
v 0.780549 0.4746 0.750584 0 0 1
v 0.781151 0.474157 0.754337 0 0 1
v 0.783786 0.472373 0.756463 0 0 1
v 0.78691 0.470293 0.755716 0 0 1
v 0.788694 0.469136 0.752535 0 0 1
v 0.781707 0.460023 0.748677 0 0 1
v 0.779072 0.461807 0.746551 0 0 1
v 0.775947 0.463887 0.747298 0 0 1
v 0.774164 0.465044 0.750479 0 0 1
v 0.774765 0.4646 0.754232 0 0 1
v 0.7774 0.462816 0.756358 0 0 1
v 0.780525 0.460737 0.755612 0 0 1
v 0.782309 0.45958 0.75243 0 0 1
v 0.775321 0.450467 0.748572 0 0 1
v 0.772686 0.45225 0.746446 0 0 1
v 0.769562 0.45433 0.747193 0 0 1
v 0.767778 0.455487 0.750375 0 0 1
v 0.76838 0.455044 0.754128 0 0 1
v 0.771015 0.45326 0.756254 0 0 1
v 0.774139 0.45118 0.755507 0 0 1
v 0.775923 0.450023 0.752325 0 0 1
v 0.768936 0.44091 0.748468 0 0 1
v 0.766301 0.442694 0.746342 0 0 1
v 0.763176 0.444774 0.747088 0 0 1
v 0.761393 0.445931 0.75027 0 0 1
v 0.761994 0.445488 0.754023 0 0 1
v 0.764629 0.443704 0.756149 0 0 1
v 0.767754 0.441624 0.755403 0 0 1
v 0.769538 0.440467 0.752221 0 0 1
v 0.811341 0.522658 0.75206 0 0 1
v 0.791007 0.481425 0.751664 0 0 1
v 0.815371 0.520691 0.749848 0 0 1
v 0.812801 0.521983 0.747325 0 0 1
v 0.809375 0.52367 0.747575 0 0 1
v 0.807101 0.524764 0.750453 0 0 1
v 0.807311 0.524624 0.754271 0 0 1
v 0.809882 0.523332 0.756794 0 0 1
v 0.813307 0.521645 0.756544 0 0 1
v 0.815581 0.520551 0.753667 0 0 1
v 0.810288 0.510383 0.749749 0 0 1
v 0.807717 0.511675 0.747226 0 0 1
v 0.804291 0.513362 0.747477 0 0 1
v 0.802017 0.514456 0.750354 0 0 1
v 0.802227 0.514316 0.754172 0 0 1
v 0.804798 0.513024 0.756695 0 0 1
v 0.808224 0.511337 0.756445 0 0 1
v 0.810498 0.510243 0.753568 0 0 1
v 0.805204 0.500075 0.74965 0 0 1
v 0.802634 0.501367 0.747127 0 0 1
v 0.799208 0.503054 0.747378 0 0 1
v 0.796934 0.504148 0.750255 0 0 1
v 0.797144 0.504007 0.754073 0 0 1
v 0.799715 0.502715 0.756596 0 0 1
v 0.80314 0.501028 0.756346 0 0 1
v 0.805414 0.499935 0.753469 0 0 1
v 0.800121 0.489767 0.749552 0 0 1
v 0.79755 0.491059 0.747028 0 0 1
v 0.794124 0.492746 0.747279 0 0 1
v 0.79185 0.493839 0.750156 0 0 1
v 0.79206 0.493699 0.753974 0 0 1
v 0.794631 0.492407 0.756497 0 0 1
v 0.798057 0.49072 0.756247 0 0 1
v 0.800331 0.489626 0.75337 0 0 1
v 0.795037 0.479458 0.749453 0 0 1
v 0.792467 0.48075 0.74693 0 0 1
v 0.789041 0.482437 0.74718 0 0 1
v 0.786767 0.483531 0.750057 0 0 1
v 0.786977 0.483391 0.753875 0 0 1
v 0.789548 0.482099 0.756398 0 0 1
v 0.792973 0.480412 0.756148 0 0 1
v 0.795247 0.479318 0.753271 0 0 1
v 0.826119 0.566192 0.752426 0 0 1
v 0.811341 0.522658 0.75206 0 0 1
v 0.830607 0.564682 0.750818 0 0 1
v 0.828225 0.565515 0.747941 0 0 1
v 0.824609 0.566744 0.747691 0 0 1
v 0.821878 0.56765 0.750214 0 0 1
v 0.821632 0.567702 0.754033 0 0 1
v 0.824014 0.566869 0.75691 0 0 1
v 0.827629 0.56564 0.75716 0 0 1
v 0.83036 0.564734 0.754637 0 0 1
v 0.826912 0.553799 0.750727 0 0 1
v 0.82453 0.554631 0.74785 0 0 1
v 0.820915 0.555861 0.7476 0 0 1
v 0.818184 0.556767 0.750123 0 0 1
v 0.817937 0.556818 0.753941 0 0 1
v 0.820319 0.555985 0.756818 0 0 1
v 0.823934 0.554756 0.757069 0 0 1
v 0.826665 0.55385 0.754545 0 0 1
v 0.823218 0.542915 0.750635 0 0 1
v 0.820836 0.543748 0.747758 0 0 1
v 0.81722 0.544977 0.747508 0 0 1
v 0.814489 0.545883 0.750031 0 0 1
v 0.814243 0.545935 0.75385 0 0 1
v 0.816625 0.545102 0.756727 0 0 1
v 0.82024 0.543873 0.756977 0 0 1
v 0.822971 0.542967 0.754454 0 0 1
v 0.819523 0.532031 0.750544 0 0 1
v 0.817141 0.532864 0.747667 0 0 1
v 0.813526 0.534093 0.747417 0 0 1
v 0.810795 0.534999 0.74994 0 0 1
v 0.810548 0.535051 0.753758 0 0 1
v 0.81293 0.534218 0.756635 0 0 1
v 0.816545 0.532989 0.756886 0 0 1
v 0.819276 0.532083 0.754362 0 0 1
v 0.815829 0.521148 0.750452 0 0 1
v 0.813447 0.52198 0.747575 0 0 1
v 0.809831 0.52321 0.747325 0 0 1
v 0.8071 0.524116 0.749848 0 0 1
v 0.806854 0.524167 0.753667 0 0 1
v 0.809236 0.523335 0.756544 0 0 1
v 0.812851 0.522105 0.756794 0 0 1
v 0.815582 0.521199 0.754271 0 0 1
v 0.835088 0.611283 0.752755 0 0 1
v 0.826119 0.566192 0.752426 0 0 1
v 0.839899 0.610334 0.75178 0 0 1
v 0.837819 0.610771 0.748598 0 0 1
v 0.834139 0.611508 0.747852 0 0 1
v 0.831015 0.612114 0.749978 0 0 1
v 0.830277 0.612233 0.753731 0 0 1
v 0.832358 0.611796 0.756913 0 0 1
v 0.836038 0.611059 0.757659 0 0 1
v 0.839162 0.610453 0.755533 0 0 1
v 0.837657 0.599061 0.751698 0 0 1
v 0.835576 0.599498 0.748516 0 0 1
v 0.831896 0.600235 0.747769 0 0 1
v 0.828772 0.600841 0.749895 0 0 1
v 0.828035 0.60096 0.753648 0 0 1
v 0.830116 0.600523 0.75683 0 0 1
v 0.833796 0.599786 0.757577 0 0 1
v 0.83692 0.59918 0.755451 0 0 1
v 0.835415 0.587788 0.751615 0 0 1
v 0.833334 0.588225 0.748433 0 0 1
v 0.829654 0.588963 0.747687 0 0 1
v 0.82653 0.589568 0.749813 0 0 1
v 0.825793 0.589688 0.753566 0 0 1
v 0.827873 0.58925 0.756748 0 0 1
v 0.831554 0.588513 0.757494 0 0 1
v 0.834677 0.587907 0.755368 0 0 1
v 0.833173 0.576515 0.751533 0 0 1
v 0.831092 0.576952 0.748351 0 0 1
v 0.827412 0.57769 0.747604 0 0 1
v 0.824288 0.578296 0.74973 0 0 1
v 0.82355 0.578415 0.753483 0 0 1
v 0.825631 0.577978 0.756665 0 0 1
v 0.829311 0.57724 0.757412 0 0 1
v 0.832435 0.576634 0.755286 0 0 1
v 0.83093 0.565242 0.75145 0 0 1
v 0.828849 0.565679 0.748268 0 0 1
v 0.825169 0.566417 0.747522 0 0 1
v 0.822046 0.567023 0.749648 0 0 1
v 0.821308 0.567142 0.753401 0 0 1
v 0.823389 0.566705 0.756583 0 0 1
v 0.827069 0.565967 0.757329 0 0 1
v 0.830193 0.565361 0.755203 0 0 1
v 0.838095 0.65716 0.753044 0 0 1
v 0.835088 0.611283 0.752755 0 0 1
v 0.843074 0.656836 0.752717 0 0 1
v 0.841386 0.656968 0.749285 0 0 1
v 0.837771 0.657213 0.748055 0 0 1
v 0.834345 0.657426 0.749747 0 0 1
v 0.833116 0.657484 0.753371 0 0 1
v 0.834804 0.657352 0.756803 0 0 1
v 0.838419 0.657107 0.758033 0 0 1
v 0.841845 0.656893 0.75634 0 0 1
v 0.842322 0.645367 0.752645 0 0 1
v 0.840635 0.645499 0.749213 0 0 1
v 0.837019 0.645743 0.747982 0 0 1
v 0.833594 0.645957 0.749675 0 0 1
v 0.832365 0.646015 0.753299 0 0 1
v 0.834052 0.645883 0.756731 0 0 1
v 0.837668 0.645638 0.757961 0 0 1
v 0.841093 0.645424 0.756268 0 0 1
v 0.841571 0.633897 0.752573 0 0 1
v 0.839883 0.63403 0.74914 0 0 1
v 0.836268 0.634274 0.74791 0 0 1
v 0.832842 0.634488 0.749603 0 0 1
v 0.831613 0.634546 0.753227 0 0 1
v 0.833301 0.634414 0.756659 0 0 1
v 0.836916 0.634169 0.757889 0 0 1
v 0.840342 0.633955 0.756196 0 0 1
v 0.840819 0.622428 0.752501 0 0 1
v 0.839131 0.62256 0.749068 0 0 1
v 0.835516 0.622805 0.747838 0 0 1
v 0.83209 0.623019 0.749531 0 0 1
v 0.830861 0.623077 0.753155 0 0 1
v 0.832549 0.622945 0.756587 0 0 1
v 0.836164 0.6227 0.757817 0 0 1
v 0.83959 0.622486 0.756124 0 0 1
v 0.840067 0.610959 0.752428 0 0 1
v 0.83838 0.611091 0.748996 0 0 1
v 0.834764 0.611336 0.747766 0 0 1
v 0.831339 0.61155 0.749459 0 0 1
v 0.83011 0.611608 0.753082 0 0 1
v 0.831797 0.611476 0.756515 0 0 1
v 0.835413 0.611231 0.757745 0 0 1
v 0.838838 0.611017 0.756052 0 0 1
v 0.710647 0.591654 0.751678 0 0 1
v 0.712462 0.563964 0.751532 0 0 1
v 0.715626 0.591978 0.752005 0 0 1
v 0.714397 0.591917 0.748382 0 0 1
v 0.710972 0.591701 0.746689 0 0 1
v 0.707356 0.591458 0.747919 0 0 1
v 0.705668 0.591329 0.751351 0 0 1
v 0.706897 0.59139 0.754975 0 0 1
v 0.710322 0.591606 0.756668 0 0 1
v 0.713938 0.59185 0.755437 0 0 1
v 0.716079 0.585056 0.751969 0 0 1
v 0.714851 0.584994 0.748345 0 0 1
v 0.711425 0.584779 0.746653 0 0 1
v 0.70781 0.584535 0.747883 0 0 1
v 0.706122 0.584407 0.751315 0 0 1
v 0.707351 0.584468 0.754939 0 0 1
v 0.710776 0.584684 0.756631 0 0 1
v 0.714392 0.584927 0.755401 0 0 1
v 0.716533 0.578133 0.751932 0 0 1
v 0.715304 0.578072 0.748309 0 0 1
v 0.711879 0.577856 0.746616 0 0 1
v 0.708264 0.577613 0.747846 0 0 1
v 0.706576 0.577484 0.751278 0 0 1
v 0.707804 0.577546 0.754902 0 0 1
v 0.71123 0.577761 0.756595 0 0 1
v 0.714845 0.578005 0.755364 0 0 1
v 0.716987 0.571211 0.751896 0 0 1
v 0.715758 0.57115 0.748272 0 0 1
v 0.712333 0.570934 0.74658 0 0 1
v 0.708717 0.570691 0.74781 0 0 1
v 0.707029 0.570562 0.751242 0 0 1
v 0.708258 0.570623 0.754866 0 0 1
v 0.711684 0.570839 0.756558 0 0 1
v 0.715299 0.571082 0.755328 0 0 1
v 0.717441 0.564289 0.751859 0 0 1
v 0.716212 0.564227 0.748236 0 0 1
v 0.712786 0.564012 0.746543 0 0 1
v 0.709171 0.563768 0.747773 0 0 1
v 0.707483 0.563639 0.751205 0 0 1
v 0.708712 0.563701 0.754829 0 0 1
v 0.712137 0.563916 0.756522 0 0 1
v 0.715753 0.56416 0.755292 0 0 1
v 0.705234 0.61887 0.751794 0 0 1
v 0.710647 0.591654 0.751678 0 0 1
v 0.710044 0.619822 0.752769 0 0 1
v 0.709309 0.619692 0.749016 0 0 1
v 0.706186 0.61908 0.74689 0 0 1
v 0.702506 0.618345 0.747636 0 0 1
v 0.700423 0.617917 0.750818 0 0 1
v 0.701158 0.618047 0.754571 0 0 1
v 0.704281 0.618659 0.756697 0 0 1
v 0.707961 0.619395 0.755951 0 0 1
v 0.711397 0.613018 0.75274 0 0 1
v 0.710662 0.612888 0.748987 0 0 1
v 0.70754 0.612276 0.746861 0 0 1
v 0.703859 0.611541 0.747607 0 0 1
v 0.701776 0.611113 0.750789 0 0 1
v 0.702512 0.611243 0.754543 0 0 1
v 0.705634 0.611855 0.756669 0 0 1
v 0.709315 0.612591 0.755922 0 0 1
v 0.712751 0.606214 0.752711 0 0 1
v 0.712016 0.606084 0.748958 0 0 1
v 0.708893 0.605472 0.746832 0 0 1
v 0.705212 0.604737 0.747579 0 0 1
v 0.70313 0.604309 0.750761 0 0 1
v 0.703865 0.604439 0.754514 0 0 1
v 0.706988 0.605051 0.75664 0 0 1
v 0.710668 0.605787 0.755893 0 0 1
v 0.714104 0.59941 0.752683 0 0 1
v 0.713369 0.59928 0.748929 0 0 1
v 0.710246 0.598668 0.746803 0 0 1
v 0.706566 0.597933 0.74755 0 0 1
v 0.704483 0.597505 0.750732 0 0 1
v 0.705218 0.597635 0.754485 0 0 1
v 0.708341 0.598247 0.756611 0 0 1
v 0.712022 0.598983 0.755864 0 0 1
v 0.715458 0.592606 0.752654 0 0 1
v 0.714722 0.592476 0.7489 0 0 1
v 0.7116 0.591864 0.746774 0 0 1
v 0.707919 0.591129 0.747521 0 0 1
v 0.705837 0.590701 0.750703 0 0 1
v 0.706572 0.590831 0.754456 0 0 1
v 0.709694 0.591443 0.756582 0 0 1
v 0.713375 0.592179 0.755836 0 0 1
v 0.696314 0.645146 0.751876 0 0 1
v 0.705234 0.61887 0.751794 0 0 1
v 0.700799 0.646664 0.753483 0 0 1
v 0.700558 0.646594 0.749665 0 0 1
v 0.697831 0.645676 0.747142 0 0 1
v 0.694216 0.644448 0.747392 0 0 1
v 0.691829 0.643629 0.750269 0 0 1
v 0.69207 0.643699 0.754088 0 0 1
v 0.694797 0.644616 0.756611 0 0 1
v 0.698412 0.645845 0.756361 0 0 1
v 0.703029 0.640095 0.753463 0 0 1
v 0.702788 0.640025 0.749644 0 0 1
v 0.700061 0.639107 0.747121 0 0 1
v 0.696446 0.637879 0.747371 0 0 1
v 0.694059 0.63706 0.750248 0 0 1
v 0.6943 0.63713 0.754067 0 0 1
v 0.697027 0.638047 0.75659 0 0 1
v 0.700642 0.639275 0.75634 0 0 1
v 0.705259 0.633525 0.753442 0 0 1
v 0.705018 0.633456 0.749623 0 0 1
v 0.702291 0.632538 0.7471 0 0 1
v 0.698675 0.63131 0.747351 0 0 1
v 0.696289 0.630491 0.750228 0 0 1
v 0.69653 0.63056 0.754046 0 0 1
v 0.699256 0.631478 0.75657 0 0 1
v 0.702872 0.632706 0.756319 0 0 1
v 0.707489 0.626956 0.753421 0 0 1
v 0.707248 0.626887 0.749603 0 0 1
v 0.704521 0.625969 0.74708 0 0 1
v 0.700905 0.624741 0.74733 0 0 1
v 0.698519 0.623922 0.750207 0 0 1
v 0.698759 0.623991 0.754026 0 0 1
v 0.701486 0.624909 0.756549 0 0 1
v 0.705102 0.626137 0.756299 0 0 1
v 0.709719 0.620387 0.753401 0 0 1
v 0.709478 0.620317 0.749582 0 0 1
v 0.706751 0.6194 0.747059 0 0 1
v 0.703135 0.618171 0.747309 0 0 1
v 0.700749 0.617352 0.750186 0 0 1
v 0.700989 0.617422 0.754005 0 0 1
v 0.703716 0.61834 0.756528 0 0 1
v 0.707332 0.619568 0.756278 0 0 1
v 0.684041 0.670034 0.751925 0 0 1
v 0.696314 0.645146 0.751876 0 0 1
v 0.688065 0.672014 0.754136 0 0 1
v 0.688286 0.672131 0.750318 0 0 1
v 0.686021 0.671019 0.747441 0 0 1
v 0.682596 0.669331 0.74719 0 0 1
v 0.680017 0.668054 0.749714 0 0 1
v 0.679796 0.667938 0.753532 0 0 1
v 0.682061 0.669049 0.756409 0 0 1
v 0.685486 0.670738 0.75666 0 0 1
v 0.691133 0.665792 0.754124 0 0 1
v 0.691355 0.665909 0.750306 0 0 1
v 0.689089 0.664797 0.747428 0 0 1
v 0.685664 0.663109 0.747178 0 0 1
v 0.683086 0.661832 0.749701 0 0 1
v 0.682864 0.661716 0.75352 0 0 1
v 0.68513 0.662827 0.756397 0 0 1
v 0.688555 0.664516 0.756647 0 0 1
v 0.694201 0.65957 0.754112 0 0 1
v 0.694423 0.659687 0.750293 0 0 1
v 0.692157 0.658575 0.747416 0 0 1
v 0.688732 0.656887 0.747166 0 0 1
v 0.686154 0.65561 0.749689 0 0 1
v 0.685932 0.655494 0.753508 0 0 1
v 0.688198 0.656605 0.756385 0 0 1
v 0.691623 0.658294 0.756635 0 0 1
v 0.69727 0.653348 0.7541 0 0 1
v 0.697491 0.653465 0.750281 0 0 1
v 0.695226 0.652353 0.747404 0 0 1
v 0.691801 0.650665 0.747154 0 0 1
v 0.689222 0.649389 0.749677 0 0 1
v 0.689001 0.649272 0.753496 0 0 1
v 0.691266 0.650383 0.756373 0 0 1
v 0.694691 0.652072 0.756623 0 0 1
v 0.700338 0.647126 0.754088 0 0 1
v 0.700559 0.647243 0.750269 0 0 1
v 0.698294 0.646132 0.747392 0 0 1
v 0.694869 0.644443 0.747142 0 0 1
v 0.69229 0.643167 0.749665 0 0 1
v 0.692069 0.64305 0.753484 0 0 1
v 0.694334 0.644161 0.756361 0 0 1
v 0.697759 0.64585 0.756611 0 0 1
v 0.668625 0.693107 0.751939 0 0 1
v 0.684041 0.670034 0.751925 0 0 1
v 0.672082 0.695416 0.754717 0 0 1
v 0.672702 0.695832 0.750963 0 0 1
v 0.670933 0.694652 0.747781 0 0 1
v 0.667812 0.692567 0.747035 0 0 1
v 0.665167 0.690799 0.749161 0 0 1
v 0.664548 0.690383 0.752914 0 0 1
v 0.666316 0.691562 0.756096 0 0 1
v 0.669437 0.693647 0.756843 0 0 1
v 0.675937 0.689648 0.754713 0 0 1
v 0.676556 0.690064 0.75096 0 0 1
v 0.674787 0.688884 0.747778 0 0 1
v 0.671666 0.686799 0.747031 0 0 1
v 0.669021 0.685031 0.749158 0 0 1
v 0.668402 0.684614 0.752911 0 0 1
v 0.67017 0.685794 0.756093 0 0 1
v 0.673291 0.687879 0.756839 0 0 1
v 0.679791 0.683879 0.75471 0 0 1
v 0.68041 0.684296 0.750956 0 0 1
v 0.678642 0.683116 0.747774 0 0 1
v 0.675521 0.681031 0.747028 0 0 1
v 0.672875 0.679262 0.749154 0 0 1
v 0.672256 0.678846 0.752907 0 0 1
v 0.674025 0.680026 0.756089 0 0 1
v 0.677146 0.682111 0.756836 0 0 1
v 0.683645 0.678111 0.754706 0 0 1
v 0.684264 0.678527 0.750953 0 0 1
v 0.682496 0.677347 0.747771 0 0 1
v 0.679375 0.675263 0.747025 0 0 1
v 0.67673 0.673494 0.749151 0 0 1
v 0.67611 0.673078 0.752904 0 0 1
v 0.677879 0.674258 0.756086 0 0 1
v 0.681 0.676342 0.756832 0 0 1
v 0.687499 0.672343 0.754703 0 0 1
v 0.688118 0.672759 0.750949 0 0 1
v 0.68635 0.671579 0.747768 0 0 1
v 0.683229 0.669494 0.747021 0 0 1
v 0.680584 0.667726 0.749147 0 0 1
v 0.679964 0.667309 0.752901 0 0 1
v 0.681733 0.668489 0.756082 0 0 1
v 0.684854 0.670574 0.756829 0 0 1
v 0.650329 0.713971 0.751918 0 0 1
v 0.668625 0.693107 0.751939 0 0 1
v 0.653154 0.716451 0.755214 0 0 1
v 0.65408 0.71726 0.75159 0 0 1
v 0.652809 0.716142 0.748158 0 0 1
v 0.650085 0.713752 0.746928 0 0 1
v 0.647504 0.711491 0.748621 0 0 1
v 0.646578 0.710682 0.752245 0 0 1
v 0.647848 0.7118 0.755677 0 0 1
v 0.650572 0.71419 0.756907 0 0 1
v 0.657728 0.711236 0.75522 0 0 1
v 0.658654 0.712044 0.751596 0 0 1
v 0.657383 0.710926 0.748164 0 0 1
v 0.654659 0.708537 0.746934 0 0 1
v 0.652078 0.706275 0.748626 0 0 1
v 0.651152 0.705466 0.75225 0 0 1
v 0.652422 0.706584 0.755682 0 0 1
v 0.655146 0.708974 0.756912 0 0 1
v 0.662302 0.70602 0.755225 0 0 1
v 0.663228 0.706829 0.751601 0 0 1
v 0.661957 0.705711 0.748169 0 0 1
v 0.659233 0.703321 0.746939 0 0 1
v 0.656652 0.701059 0.748632 0 0 1
v 0.655726 0.70025 0.752255 0 0 1
v 0.656996 0.701368 0.755688 0 0 1
v 0.65972 0.703758 0.756918 0 0 1
v 0.666876 0.700804 0.75523 0 0 1
v 0.667802 0.701613 0.751606 0 0 1
v 0.666531 0.700495 0.748174 0 0 1
v 0.663807 0.698105 0.746944 0 0 1
v 0.661226 0.695843 0.748637 0 0 1
v 0.660299 0.695034 0.752261 0 0 1
v 0.66157 0.696152 0.755693 0 0 1
v 0.664294 0.698542 0.756923 0 0 1
v 0.67145 0.695588 0.755235 0 0 1
v 0.672376 0.696397 0.751612 0 0 1
v 0.671105 0.695279 0.74818 0 0 1
v 0.668381 0.692889 0.74695 0 0 1
v 0.6658 0.690627 0.748642 0 0 1
v 0.664873 0.689818 0.752266 0 0 1
v 0.666144 0.690936 0.755698 0 0 1
v 0.668868 0.693326 0.756928 0 0 1
v 0.629466 0.732268 0.751862 0 0 1
v 0.650329 0.713971 0.751918 0 0 1
v 0.631635 0.734752 0.755621 0 0 1
v 0.632756 0.73602 0.752189 0 0 1
v 0.63195 0.73509 0.748565 0 0 1
v 0.62969 0.732507 0.746872 0 0 1
v 0.627298 0.729784 0.748103 0 0 1
v 0.626177 0.728517 0.751535 0 0 1
v 0.626983 0.729446 0.755159 0 0 1
v 0.629243 0.732029 0.756851 0 0 1
v 0.63685 0.730177 0.755635 0 0 1
v 0.637971 0.731445 0.752203 0 0 1
v 0.637166 0.730516 0.748579 0 0 1
v 0.634905 0.727933 0.746886 0 0 1
v 0.632514 0.72521 0.748117 0 0 1
v 0.631393 0.723942 0.751549 0 0 1
v 0.632198 0.724872 0.755173 0 0 1
v 0.634459 0.727455 0.756865 0 0 1
v 0.642066 0.725603 0.755649 0 0 1
v 0.643187 0.726871 0.752217 0 0 1
v 0.642381 0.725941 0.748593 0 0 1
v 0.640121 0.723359 0.7469 0 0 1
v 0.63773 0.720636 0.748131 0 0 1
v 0.636608 0.719368 0.751563 0 0 1
v 0.637414 0.720298 0.755187 0 0 1
v 0.639675 0.72288 0.756879 0 0 1
v 0.647281 0.721029 0.755663 0 0 1
v 0.648403 0.722297 0.752231 0 0 1
v 0.647597 0.721367 0.748607 0 0 1
v 0.645336 0.718784 0.746914 0 0 1
v 0.642945 0.716062 0.748145 0 0 1
v 0.641824 0.714794 0.751577 0 0 1
v 0.64263 0.715723 0.755201 0 0 1
v 0.64489 0.718306 0.756893 0 0 1
v 0.652497 0.716455 0.755677 0 0 1
v 0.653618 0.717722 0.752244 0 0 1
v 0.652813 0.716793 0.748621 0 0 1
v 0.650552 0.71421 0.746928 0 0 1
v 0.648161 0.711487 0.748159 0 0 1
v 0.64704 0.71022 0.751591 0 0 1
v 0.647845 0.711149 0.755214 0 0 1
v 0.650106 0.713732 0.756907 0 0 1
v 0.606394 0.747686 0.751772 0 0 1
v 0.629466 0.732268 0.751862 0 0 1
v 0.607927 0.750003 0.755929 0 0 1
v 0.609116 0.751765 0.752747 0 0 1
v 0.608712 0.751137 0.748994 0 0 1
v 0.606949 0.748488 0.746868 0 0 1
v 0.604862 0.745368 0.747615 0 0 1
v 0.603672 0.743607 0.750797 0 0 1
v 0.604077 0.744234 0.75455 0 0 1
v 0.605839 0.746884 0.756676 0 0 1
v 0.613695 0.746148 0.755952 0 0 1
v 0.614884 0.74791 0.75277 0 0 1
v 0.61448 0.747283 0.749017 0 0 1
v 0.612717 0.744633 0.746891 0 0 1
v 0.61063 0.741514 0.747637 0 0 1
v 0.60944 0.739752 0.750819 0 0 1
v 0.609845 0.74038 0.754573 0 0 1
v 0.611607 0.743029 0.756698 0 0 1
v 0.619463 0.742294 0.755974 0 0 1
v 0.620652 0.744056 0.752792 0 0 1
v 0.620248 0.743428 0.749039 0 0 1
v 0.618485 0.740779 0.746913 0 0 1
v 0.616398 0.73766 0.74766 0 0 1
v 0.615208 0.735898 0.750842 0 0 1
v 0.615613 0.736525 0.754595 0 0 1
v 0.617375 0.739175 0.756721 0 0 1
v 0.625231 0.73844 0.755997 0 0 1
v 0.62642 0.740202 0.752815 0 0 1
v 0.626016 0.739574 0.749061 0 0 1
v 0.624253 0.736925 0.746935 0 0 1
v 0.622166 0.733805 0.747682 0 0 1
v 0.620976 0.732043 0.750864 0 0 1
v 0.621381 0.732671 0.754617 0 0 1
v 0.623143 0.73532 0.756743 0 0 1
v 0.630999 0.734585 0.756019 0 0 1
v 0.632188 0.736347 0.752837 0 0 1
v 0.631784 0.73572 0.749084 0 0 1
v 0.630021 0.73307 0.746958 0 0 1
v 0.627934 0.729951 0.747705 0 0 1
v 0.626744 0.728189 0.750886 0 0 1
v 0.627149 0.728817 0.75464 0 0 1
v 0.628911 0.731466 0.756766 0 0 1
v 0.581507 0.75996 0.75165 0 0 1
v 0.606394 0.747686 0.751772 0 0 1
v 0.582468 0.761952 0.756134 0 0 1
v 0.583595 0.764209 0.753257 0 0 1
v 0.5835 0.763977 0.749439 0 0 1
v 0.582237 0.761392 0.746916 0 0 1
v 0.580547 0.757968 0.747166 0 0 1
v 0.579419 0.75571 0.750043 0 0 1
v 0.579515 0.755942 0.753862 0 0 1
v 0.580778 0.758528 0.756385 0 0 1
v 0.58869 0.758883 0.756165 0 0 1
v 0.589817 0.761141 0.753288 0 0 1
v 0.589721 0.760909 0.749469 0 0 1
v 0.588459 0.758323 0.746946 0 0 1
v 0.586768 0.754899 0.747196 0 0 1
v 0.585641 0.752642 0.750074 0 0 1
v 0.585737 0.752874 0.753892 0 0 1
v 0.587 0.755459 0.756415 0 0 1
v 0.594911 0.755815 0.756195 0 0 1
v 0.596039 0.758072 0.753318 0 0 1
v 0.595943 0.75784 0.7495 0 0 1
v 0.59468 0.755255 0.746977 0 0 1
v 0.59299 0.751831 0.747227 0 0 1
v 0.591863 0.749573 0.750104 0 0 1
v 0.591959 0.749805 0.753923 0 0 1
v 0.593221 0.752391 0.756446 0 0 1
v 0.601133 0.752746 0.756226 0 0 1
v 0.602261 0.755004 0.753349 0 0 1
v 0.602165 0.754772 0.74953 0 0 1
v 0.600902 0.752186 0.747007 0 0 1
v 0.599212 0.748762 0.747257 0 0 1
v 0.598085 0.746505 0.750135 0 0 1
v 0.59818 0.746737 0.753953 0 0 1
v 0.599443 0.749322 0.756476 0 0 1
v 0.607355 0.749678 0.756256 0 0 1
v 0.608482 0.751935 0.753379 0 0 1
v 0.608387 0.751703 0.74956 0 0 1
v 0.607124 0.749118 0.747037 0 0 1
v 0.605434 0.745693 0.747288 0 0 1
v 0.604306 0.743436 0.750165 0 0 1
v 0.604402 0.743668 0.753984 0 0 1
v 0.605665 0.746254 0.756507 0 0 1
v 0.555231 0.768881 0.751498 0 0 1
v 0.581507 0.75996 0.75165 0 0 1
v 0.555724 0.770411 0.756233 0 0 1
v 0.556662 0.773131 0.753709 0 0 1
v 0.556762 0.773361 0.749891 0 0 1
v 0.555965 0.770967 0.747014 0 0 1
v 0.554739 0.76735 0.746764 0 0 1
v 0.553801 0.76463 0.749287 0 0 1
v 0.553701 0.7644 0.753106 0 0 1
v 0.554497 0.766795 0.755983 0 0 1
v 0.562293 0.768181 0.756271 0 0 1
v 0.563231 0.770901 0.753747 0 0 1
v 0.563331 0.771131 0.749929 0 0 1
v 0.562534 0.768736 0.747052 0 0 1
v 0.561308 0.76512 0.746802 0 0 1
v 0.56037 0.7624 0.749325 0 0 1
v 0.56027 0.76217 0.753144 0 0 1
v 0.561066 0.764564 0.756021 0 0 1
v 0.568862 0.765951 0.756309 0 0 1
v 0.5698 0.768671 0.753785 0 0 1
v 0.5699 0.768901 0.749967 0 0 1
v 0.569103 0.766506 0.74709 0 0 1
v 0.567877 0.76289 0.74684 0 0 1
v 0.566939 0.76017 0.749363 0 0 1
v 0.566839 0.75994 0.753182 0 0 1
v 0.567635 0.762334 0.756059 0 0 1
v 0.575431 0.76372 0.756347 0 0 1
v 0.576369 0.76644 0.753823 0 0 1
v 0.576469 0.76667 0.750005 0 0 1
v 0.575672 0.764276 0.747128 0 0 1
v 0.574446 0.76066 0.746878 0 0 1
v 0.573508 0.75794 0.749401 0 0 1
v 0.573408 0.75771 0.75322 0 0 1
v 0.574204 0.760104 0.756097 0 0 1
v 0.582 0.76149 0.756385 0 0 1
v 0.582938 0.76421 0.753861 0 0 1
v 0.583038 0.76444 0.750043 0 0 1
v 0.582241 0.762046 0.747166 0 0 1
v 0.581015 0.758429 0.746916 0 0 1
v 0.580077 0.75571 0.749439 0 0 1
v 0.579977 0.755479 0.753258 0 0 1
v 0.580773 0.757874 0.756135 0 0 1
v 0.528016 0.774295 0.751319 0 0 1
v 0.555231 0.768881 0.751498 0 0 1
v 0.528175 0.775258 0.756223 0 0 1
v 0.52881 0.778376 0.754096 0 0 1
v 0.528979 0.779104 0.750343 0 0 1
v 0.528584 0.777014 0.747161 0 0 1
v 0.527857 0.773332 0.746415 0 0 1
v 0.527222 0.770214 0.748541 0 0 1
v 0.527053 0.769487 0.752294 0 0 1
v 0.527448 0.771576 0.755476 0 0 1
v 0.534979 0.773905 0.756267 0 0 1
v 0.535613 0.777023 0.754141 0 0 1
v 0.535783 0.77775 0.750388 0 0 1
v 0.535388 0.775661 0.747206 0 0 1
v 0.53466 0.771979 0.74646 0 0 1
v 0.534026 0.768861 0.748586 0 0 1
v 0.533857 0.768133 0.752339 0 0 1
v 0.534251 0.770223 0.755521 0 0 1
v 0.541783 0.772551 0.756312 0 0 1
v 0.542417 0.775669 0.754186 0 0 1
v 0.542587 0.776396 0.750433 0 0 1
v 0.542192 0.774307 0.747251 0 0 1
v 0.541464 0.770625 0.746505 0 0 1
v 0.54083 0.767507 0.748631 0 0 1
v 0.540661 0.76678 0.752384 0 0 1
v 0.541055 0.768869 0.755566 0 0 1
v 0.548587 0.771197 0.756357 0 0 1
v 0.549221 0.774315 0.754231 0 0 1
v 0.549391 0.775043 0.750478 0 0 1
v 0.548996 0.772953 0.747296 0 0 1
v 0.548268 0.769271 0.74655 0 0 1
v 0.547634 0.766153 0.748676 0 0 1
v 0.547464 0.765426 0.752429 0 0 1
v 0.547859 0.767515 0.755611 0 0 1
v 0.555391 0.769844 0.756402 0 0 1
v 0.556025 0.772962 0.754276 0 0 1
v 0.556194 0.773689 0.750523 0 0 1
v 0.5558 0.7716 0.747341 0 0 1
v 0.555072 0.767918 0.746594 0 0 1
v 0.554438 0.7648 0.748721 0 0 1
v 0.554268 0.764072 0.752474 0 0 1
v 0.554663 0.766162 0.755656 0 0 1
v 0.500327 0.776111 0.751115 0 0 1
v 0.528016 0.774295 0.751319 0 0 1
v 0.500312 0.77644 0.756104 0 0 1
v 0.500549 0.779864 0.754411 0 0 1
v 0.500656 0.78109 0.750788 0 0 1
v 0.50057 0.779399 0.747356 0 0 1
v 0.500342 0.775783 0.746126 0 0 1
v 0.500105 0.772359 0.747818 0 0 1
v 0.499998 0.771133 0.751442 0 0 1
v 0.500083 0.772824 0.754874 0 0 1
v 0.507234 0.775986 0.756155 0 0 1
v 0.507471 0.77941 0.754462 0 0 1
v 0.507578 0.780636 0.750839 0 0 1
v 0.507492 0.778945 0.747407 0 0 1
v 0.507264 0.775329 0.746177 0 0 1
v 0.507027 0.771905 0.747869 0 0 1
v 0.50692 0.770679 0.751493 0 0 1
v 0.507006 0.77237 0.754925 0 0 1
v 0.514156 0.775532 0.756206 0 0 1
v 0.514393 0.778956 0.754513 0 0 1
v 0.5145 0.780182 0.75089 0 0 1
v 0.514415 0.778491 0.747458 0 0 1
v 0.514186 0.774875 0.746228 0 0 1
v 0.513949 0.771451 0.74792 0 0 1
v 0.513842 0.770225 0.751544 0 0 1
v 0.513928 0.771916 0.754976 0 0 1
v 0.521078 0.775078 0.756257 0 0 1
v 0.521315 0.778502 0.754564 0 0 1
v 0.521423 0.779728 0.750941 0 0 1
v 0.521337 0.778037 0.747509 0 0 1
v 0.521109 0.77442 0.746279 0 0 1
v 0.520872 0.770997 0.747971 0 0 1
v 0.520765 0.769771 0.751595 0 0 1
v 0.52085 0.771462 0.755027 0 0 1
v 0.528001 0.774624 0.756308 0 0 1
v 0.528238 0.778048 0.754615 0 0 1
v 0.528345 0.779274 0.750992 0 0 1
v 0.528259 0.777583 0.74756 0 0 1
v 0.528031 0.773966 0.74633 0 0 1
v 0.527794 0.770543 0.748022 0 0 1
v 0.527687 0.769317 0.751646 0 0 1
v 0.527773 0.771008 0.755078 0 0 1
v 0.472637 0.774298 0.75089 0 0 1
v 0.500327 0.776111 0.751115 0 0 1
v 0.472619 0.773969 0.755879 0 0 1
v 0.472392 0.777586 0.754649 0 0 1
v 0.472309 0.779276 0.751217 0 0 1
v 0.472418 0.778051 0.747593 0 0 1
v 0.472656 0.774627 0.745901 0 0 1
v 0.472883 0.77101 0.747131 0 0 1
v 0.472966 0.769319 0.750563 0 0 1
v 0.472857 0.770545 0.754187 0 0 1
v 0.479541 0.774423 0.755935 0 0 1
v 0.479314 0.778039 0.754705 0 0 1
v 0.479231 0.77973 0.751273 0 0 1
v 0.479341 0.778504 0.747649 0 0 1
v 0.479579 0.77508 0.745957 0 0 1
v 0.479806 0.771463 0.747187 0 0 1
v 0.479889 0.769773 0.750619 0 0 1
v 0.479779 0.770999 0.754243 0 0 1
v 0.486463 0.774876 0.755992 0 0 1
v 0.486236 0.778493 0.754761 0 0 1
v 0.486153 0.780183 0.751329 0 0 1
v 0.486263 0.778957 0.747706 0 0 1
v 0.486501 0.775533 0.746013 0 0 1
v 0.486728 0.771917 0.747243 0 0 1
v 0.486811 0.770226 0.750676 0 0 1
v 0.486701 0.771452 0.754299 0 0 1
v 0.493385 0.775329 0.756048 0 0 1
v 0.493159 0.778946 0.754818 0 0 1
v 0.493076 0.780637 0.751385 0 0 1
v 0.493185 0.779411 0.747762 0 0 1
v 0.493423 0.775987 0.746069 0 0 1
v 0.49365 0.77237 0.7473 0 0 1
v 0.493733 0.77068 0.750732 0 0 1
v 0.493623 0.771905 0.754355 0 0 1
v 0.500308 0.775783 0.756104 0 0 1
v 0.500081 0.779399 0.754874 0 0 1
v 0.499998 0.78109 0.751442 0 0 1
v 0.500108 0.779864 0.747818 0 0 1
v 0.500346 0.77644 0.746126 0 0 1
v 0.500573 0.772824 0.747356 0 0 1
v 0.500655 0.771133 0.750788 0 0 1
v 0.500546 0.772359 0.754412 0 0 1
v 0.445422 0.768886 0.750648 0 0 1
v 0.472637 0.774298 0.75089 0 0 1
v 0.44557 0.767921 0.755552 0 0 1
v 0.444845 0.771603 0.754805 0 0 1
v 0.444457 0.773694 0.751623 0 0 1
v 0.444635 0.772968 0.74787 0 0 1
v 0.445274 0.76985 0.745744 0 0 1
v 0.445999 0.766168 0.746491 0 0 1
v 0.446387 0.764077 0.749673 0 0 1
v 0.446209 0.764803 0.753426 0 0 1
v 0.452374 0.769274 0.755612 0 0 1
v 0.451649 0.772956 0.754865 0 0 1
v 0.451261 0.775047 0.751684 0 0 1
v 0.451439 0.774321 0.74793 0 0 1
v 0.452078 0.771203 0.745805 0 0 1
v 0.452803 0.767521 0.746551 0 0 1
v 0.453191 0.76543 0.749733 0 0 1
v 0.453013 0.766156 0.753486 0 0 1
v 0.459178 0.770627 0.755673 0 0 1
v 0.458452 0.774309 0.754926 0 0 1
v 0.458065 0.7764 0.751744 0 0 1
v 0.458243 0.775674 0.747991 0 0 1
v 0.458882 0.772557 0.745865 0 0 1
v 0.459607 0.768874 0.746612 0 0 1
v 0.459995 0.766784 0.749794 0 0 1
v 0.459817 0.76751 0.753547 0 0 1
v 0.465982 0.77198 0.755733 0 0 1
v 0.465256 0.775662 0.754986 0 0 1
v 0.464869 0.777753 0.751805 0 0 1
v 0.465047 0.777027 0.748051 0 0 1
v 0.465685 0.77391 0.745926 0 0 1
v 0.466411 0.770227 0.746672 0 0 1
v 0.466799 0.768137 0.749854 0 0 1
v 0.466621 0.768863 0.753607 0 0 1
v 0.472786 0.773333 0.755794 0 0 1
v 0.47206 0.777015 0.755047 0 0 1
v 0.471673 0.779106 0.751865 0 0 1
v 0.47185 0.77838 0.748112 0 0 1
v 0.472489 0.775263 0.745986 0 0 1
v 0.473215 0.77158 0.746733 0 0 1
v 0.473602 0.76949 0.749915 0 0 1
v 0.473425 0.770216 0.753668 0 0 1
v 0.419146 0.759967 0.750393 0 0 1
v 0.445422 0.768886 0.750648 0 0 1
v 0.419621 0.758431 0.755127 0 0 1
v 0.418396 0.762048 0.754877 0 0 1
v 0.41761 0.764446 0.752 0 0 1
v 0.417724 0.76422 0.748181 0 0 1
v 0.418671 0.761503 0.745658 0 0 1
v 0.419896 0.757886 0.745909 0 0 1
v 0.420682 0.755488 0.748786 0 0 1
v 0.420568 0.755714 0.752604 0 0 1
v 0.42619 0.760661 0.755191 0 0 1
v 0.424965 0.764278 0.754941 0 0 1
v 0.424179 0.766675 0.752064 0 0 1
v 0.424293 0.76645 0.748245 0 0 1
v 0.42524 0.763732 0.745722 0 0 1
v 0.426465 0.760116 0.745972 0 0 1
v 0.427251 0.757718 0.74885 0 0 1
v 0.427137 0.757944 0.752668 0 0 1
v 0.432759 0.762891 0.755255 0 0 1
v 0.431534 0.766507 0.755004 0 0 1
v 0.430748 0.768905 0.752127 0 0 1
v 0.430862 0.768679 0.748309 0 0 1
v 0.431809 0.765962 0.745786 0 0 1
v 0.433034 0.762345 0.746036 0 0 1
v 0.43382 0.759948 0.748913 0 0 1
v 0.433706 0.760173 0.752732 0 0 1
v 0.439328 0.76512 0.755319 0 0 1
v 0.438103 0.768737 0.755068 0 0 1
v 0.437317 0.771135 0.752191 0 0 1
v 0.437431 0.770909 0.748373 0 0 1
v 0.438378 0.768192 0.74585 0 0 1
v 0.439603 0.764575 0.7461 0 0 1
v 0.440389 0.762177 0.748977 0 0 1
v 0.440275 0.762403 0.752796 0 0 1
v 0.445897 0.76735 0.755382 0 0 1
v 0.444672 0.770967 0.755132 0 0 1
v 0.443886 0.773364 0.752255 0 0 1
v 0.444 0.773138 0.748436 0 0 1
v 0.444947 0.770421 0.745913 0 0 1
v 0.446172 0.766805 0.746164 0 0 1
v 0.446958 0.764407 0.749041 0 0 1
v 0.446844 0.764633 0.752859 0 0 1
v 0.394259 0.747695 0.750129 0 0 1
v 0.419146 0.759967 0.750393 0 0 1
v 0.395199 0.745693 0.754613 0 0 1
v 0.393508 0.749117 0.754864 0 0 1
v 0.392257 0.751708 0.75234 0 0 1
v 0.392179 0.751948 0.748522 0 0 1
v 0.393319 0.749697 0.745645 0 0 1
v 0.39501 0.746273 0.745395 0 0 1
v 0.396261 0.743682 0.747918 0 0 1
v 0.396339 0.743442 0.751736 0 0 1
v 0.401421 0.748761 0.754679 0 0 1
v 0.39973 0.752185 0.75493 0 0 1
v 0.398479 0.754776 0.752406 0 0 1
v 0.398401 0.755016 0.748588 0 0 1
v 0.399541 0.752765 0.745711 0 0 1
v 0.401232 0.749341 0.745461 0 0 1
v 0.402483 0.74675 0.747984 0 0 1
v 0.402561 0.74651 0.751802 0 0 1
v 0.407642 0.751829 0.754745 0 0 1
v 0.405951 0.755253 0.754995 0 0 1
v 0.4047 0.757844 0.752472 0 0 1
v 0.404622 0.758084 0.748654 0 0 1
v 0.405763 0.755833 0.745777 0 0 1
v 0.407454 0.752409 0.745527 0 0 1
v 0.408705 0.749818 0.74805 0 0 1
v 0.408783 0.749578 0.751868 0 0 1
v 0.413864 0.754897 0.754811 0 0 1
v 0.412173 0.758321 0.755061 0 0 1
v 0.410922 0.760912 0.752538 0 0 1
v 0.410844 0.761152 0.74872 0 0 1
v 0.411985 0.758901 0.745843 0 0 1
v 0.413676 0.755477 0.745593 0 0 1
v 0.414926 0.752886 0.748116 0 0 1
v 0.415005 0.752646 0.751934 0 0 1
v 0.420086 0.757965 0.754877 0 0 1
v 0.418395 0.761389 0.755127 0 0 1
v 0.417144 0.76398 0.752604 0 0 1
v 0.417066 0.76422 0.748786 0 0 1
v 0.418206 0.761969 0.745909 0 0 1
v 0.419897 0.758545 0.745658 0 0 1
v 0.421148 0.755954 0.748182 0 0 1
v 0.421226 0.755714 0.752 0 0 1
v 0.371187 0.73228 0.749861 0 0 1
v 0.394259 0.747695 0.750129 0 0 1
v 0.372697 0.729948 0.754019 0 0 1
v 0.370606 0.733065 0.754765 0 0 1
v 0.368855 0.735722 0.752639 0 0 1
v 0.36847 0.736362 0.748886 0 0 1
v 0.369677 0.734612 0.745704 0 0 1
v 0.371768 0.731495 0.744958 0 0 1
v 0.373519 0.728838 0.747084 0 0 1
v 0.373904 0.728197 0.750837 0 0 1
v 0.378465 0.733802 0.754086 0 0 1
v 0.376374 0.736918 0.754832 0 0 1
v 0.374623 0.739575 0.752706 0 0 1
v 0.374238 0.740216 0.748953 0 0 1
v 0.375445 0.738465 0.745771 0 0 1
v 0.377536 0.735349 0.745025 0 0 1
v 0.379287 0.732692 0.747151 0 0 1
v 0.379672 0.732051 0.750904 0 0 1
v 0.384233 0.737655 0.754153 0 0 1
v 0.382142 0.740772 0.754899 0 0 1
v 0.380391 0.743429 0.752773 0 0 1
v 0.380006 0.74407 0.74902 0 0 1
v 0.381213 0.742319 0.745838 0 0 1
v 0.383304 0.739203 0.745092 0 0 1
v 0.385055 0.736545 0.747218 0 0 1
v 0.38544 0.735905 0.750971 0 0 1
v 0.390001 0.741509 0.75422 0 0 1
v 0.38791 0.744626 0.754966 0 0 1
v 0.386159 0.747283 0.75284 0 0 1
v 0.385775 0.747924 0.749087 0 0 1
v 0.386981 0.746173 0.745905 0 0 1
v 0.389072 0.743056 0.745159 0 0 1
v 0.390823 0.740399 0.747285 0 0 1
v 0.391208 0.739759 0.751038 0 0 1
v 0.395769 0.745363 0.754286 0 0 1
v 0.393678 0.74848 0.755033 0 0 1
v 0.391927 0.751137 0.752907 0 0 1
v 0.391543 0.751778 0.749154 0 0 1
v 0.392749 0.750027 0.745972 0 0 1
v 0.39484 0.74691 0.745226 0 0 1
v 0.396591 0.744253 0.747352 0 0 1
v 0.396976 0.743612 0.751105 0 0 1
v 0.350324 0.713984 0.749594 0 0 1
v 0.371187 0.73228 0.749861 0 0 1
v 0.352471 0.711482 0.753353 0 0 1
v 0.350073 0.714199 0.754583 0 0 1
v 0.347822 0.71679 0.752891 0 0 1
v 0.347037 0.717738 0.749267 0 0 1
v 0.348178 0.716487 0.745835 0 0 1
v 0.350576 0.71377 0.744605 0 0 1
v 0.352827 0.711179 0.746298 0 0 1
v 0.353612 0.710231 0.749921 0 0 1
v 0.357686 0.716056 0.75342 0 0 1
v 0.355288 0.718772 0.75465 0 0 1
v 0.353038 0.721364 0.752958 0 0 1
v 0.352253 0.722312 0.749334 0 0 1
v 0.353394 0.721061 0.745902 0 0 1
v 0.355792 0.718344 0.744672 0 0 1
v 0.358043 0.715753 0.746365 0 0 1
v 0.358827 0.714805 0.749988 0 0 1
v 0.362902 0.72063 0.753487 0 0 1
v 0.360504 0.723346 0.754717 0 0 1
v 0.358253 0.725938 0.753024 0 0 1
v 0.357468 0.726885 0.749401 0 0 1
v 0.358609 0.725635 0.745969 0 0 1
v 0.361008 0.722918 0.744739 0 0 1
v 0.363258 0.720327 0.746431 0 0 1
v 0.364043 0.719379 0.750055 0 0 1
v 0.368118 0.725203 0.753554 0 0 1
v 0.36572 0.72792 0.754784 0 0 1
v 0.363469 0.730511 0.753091 0 0 1
v 0.362684 0.731459 0.749468 0 0 1
v 0.363825 0.730208 0.746036 0 0 1
v 0.366223 0.727492 0.744806 0 0 1
v 0.368474 0.7249 0.746498 0 0 1
v 0.369259 0.723953 0.750122 0 0 1
v 0.373333 0.729777 0.753621 0 0 1
v 0.370935 0.732494 0.754851 0 0 1
v 0.368684 0.735085 0.753158 0 0 1
v 0.3679 0.736033 0.749534 0 0 1
v 0.369041 0.734782 0.746102 0 0 1
v 0.371439 0.732065 0.744872 0 0 1
v 0.373689 0.729474 0.746565 0 0 1
v 0.374474 0.728526 0.750189 0 0 1
v 0.332029 0.693122 0.749332 0 0 1
v 0.350324 0.713984 0.749594 0 0 1
v 0.334834 0.69062 0.752629 0 0 1
v 0.332243 0.692871 0.754321 0 0 1
v 0.329526 0.695269 0.753091 0 0 1
v 0.328275 0.69641 0.749659 0 0 1
v 0.329223 0.695624 0.746035 0 0 1
v 0.331814 0.693373 0.744343 0 0 1
v 0.334531 0.690975 0.745573 0 0 1
v 0.335782 0.689835 0.749005 0 0 1
v 0.339408 0.695836 0.752694 0 0 1
v 0.336817 0.698087 0.754387 0 0 1
v 0.3341 0.700485 0.753157 0 0 1
v 0.332849 0.701625 0.749725 0 0 1
v 0.333797 0.70084 0.746101 0 0 1
v 0.336388 0.698589 0.744409 0 0 1
v 0.339105 0.696191 0.745639 0 0 1
v 0.340356 0.695051 0.749071 0 0 1
v 0.343982 0.701051 0.75276 0 0 1
v 0.341391 0.703302 0.754452 0 0 1
v 0.338674 0.7057 0.753222 0 0 1
v 0.337423 0.706841 0.74979 0 0 1
v 0.338371 0.706055 0.746167 0 0 1
v 0.340962 0.703804 0.744474 0 0 1
v 0.343679 0.701406 0.745704 0 0 1
v 0.34493 0.700266 0.749136 0 0 1
v 0.348556 0.706267 0.752825 0 0 1
v 0.345965 0.708518 0.754518 0 0 1
v 0.343248 0.710916 0.753288 0 0 1
v 0.341997 0.712056 0.749856 0 0 1
v 0.342945 0.711271 0.746232 0 0 1
v 0.345536 0.70902 0.74454 0 0 1
v 0.348253 0.706622 0.74577 0 0 1
v 0.349504 0.705482 0.749202 0 0 1
v 0.35313 0.711482 0.752891 0 0 1
v 0.350539 0.713733 0.754583 0 0 1
v 0.347822 0.716131 0.753353 0 0 1
v 0.346571 0.717272 0.749921 0 0 1
v 0.347519 0.716486 0.746298 0 0 1
v 0.35011 0.714235 0.744605 0 0 1
v 0.352826 0.711837 0.745835 0 0 1
v 0.354078 0.710697 0.749267 0 0 1
v 0.316612 0.670051 0.749079 0 0 1
v 0.332029 0.693122 0.749332 0 0 1
v 0.320055 0.66772 0.751857 0 0 1
v 0.317398 0.669472 0.753983 0 0 1
v 0.314281 0.671563 0.753237 0 0 1
v 0.31253 0.672768 0.750055 0 0 1
v 0.31317 0.672381 0.746302 0 0 1
v 0.315826 0.67063 0.744176 0 0 1
v 0.318943 0.668539 0.744922 0 0 1
v 0.320695 0.667334 0.748104 0 0 1
v 0.323909 0.673488 0.75192 0 0 1
v 0.321253 0.67524 0.754046 0 0 1
v 0.318136 0.67733 0.7533 0 0 1
v 0.316384 0.678536 0.750118 0 0 1
v 0.317024 0.678149 0.746365 0 0 1
v 0.31968 0.676398 0.744239 0 0 1
v 0.322797 0.674307 0.744985 0 0 1
v 0.324549 0.673102 0.748167 0 0 1
v 0.327763 0.679256 0.751983 0 0 1
v 0.325107 0.681008 0.754109 0 0 1
v 0.32199 0.683098 0.753363 0 0 1
v 0.320238 0.684304 0.750181 0 0 1
v 0.320878 0.683917 0.746428 0 0 1
v 0.323534 0.682166 0.744302 0 0 1
v 0.326651 0.680075 0.745049 0 0 1
v 0.328403 0.678869 0.74823 0 0 1
v 0.331617 0.685024 0.752047 0 0 1
v 0.328961 0.686775 0.754173 0 0 1
v 0.325844 0.688866 0.753426 0 0 1
v 0.324092 0.690072 0.750244 0 0 1
v 0.324732 0.689685 0.746491 0 0 1
v 0.327388 0.687934 0.744365 0 0 1
v 0.330505 0.685843 0.745112 0 0 1
v 0.332257 0.684637 0.748293 0 0 1
v 0.335471 0.690792 0.75211 0 0 1
v 0.332815 0.692543 0.754236 0 0 1
v 0.329698 0.694634 0.753489 0 0 1
v 0.327946 0.69584 0.750307 0 0 1
v 0.328586 0.695453 0.746554 0 0 1
v 0.331242 0.693701 0.744428 0 0 1
v 0.334359 0.691611 0.745175 0 0 1
v 0.336111 0.690405 0.748357 0 0 1
v 0.304339 0.645164 0.748841 0 0 1
v 0.316612 0.670051 0.749079 0 0 1
v 0.308353 0.643163 0.751052 0 0 1
v 0.305763 0.644417 0.753575 0 0 1
v 0.302339 0.646107 0.753325 0 0 1
v 0.300087 0.647246 0.750448 0 0 1
v 0.300326 0.647164 0.746629 0 0 1
v 0.302916 0.645911 0.744106 0 0 1
v 0.30634 0.64422 0.744356 0 0 1
v 0.308592 0.643082 0.747233 0 0 1
v 0.311421 0.649385 0.751112 0 0 1
v 0.308831 0.650638 0.753635 0 0 1
v 0.305407 0.652329 0.753384 0 0 1
v 0.303155 0.653467 0.750507 0 0 1
v 0.303394 0.653386 0.746689 0 0 1
v 0.305984 0.652133 0.744166 0 0 1
v 0.309408 0.650442 0.744416 0 0 1
v 0.31166 0.649304 0.747293 0 0 1
v 0.314489 0.655607 0.751171 0 0 1
v 0.311899 0.65686 0.753694 0 0 1
v 0.308475 0.658551 0.753444 0 0 1
v 0.306223 0.659689 0.750567 0 0 1
v 0.306462 0.659608 0.746749 0 0 1
v 0.309052 0.658355 0.744225 0 0 1
v 0.312476 0.656664 0.744476 0 0 1
v 0.314728 0.655526 0.747353 0 0 1
v 0.317557 0.661829 0.751231 0 0 1
v 0.314967 0.663082 0.753754 0 0 1
v 0.311544 0.664773 0.753504 0 0 1
v 0.309292 0.665911 0.750627 0 0 1
v 0.309531 0.665829 0.746808 0 0 1
v 0.312121 0.664576 0.744285 0 0 1
v 0.315544 0.662886 0.744535 0 0 1
v 0.317796 0.661747 0.747413 0 0 1
v 0.320626 0.66805 0.751291 0 0 1
v 0.318036 0.669303 0.753814 0 0 1
v 0.314612 0.670994 0.753564 0 0 1
v 0.31236 0.672132 0.750686 0 0 1
v 0.312599 0.672051 0.746868 0 0 1
v 0.315189 0.670798 0.744345 0 0 1
v 0.318613 0.669107 0.744595 0 0 1
v 0.320865 0.667969 0.747472 0 0 1
v 0.29542 0.618888 0.74862 0 0 1
v 0.304339 0.645164 0.748841 0 0 1
v 0.299899 0.617354 0.750227 0 0 1
v 0.297502 0.618143 0.753104 0 0 1
v 0.293886 0.619369 0.753354 0 0 1
v 0.291168 0.620313 0.750831 0 0 1
v 0.290941 0.620422 0.747013 0 0 1
v 0.293337 0.619633 0.744136 0 0 1
v 0.296954 0.618407 0.743885 0 0 1
v 0.299672 0.617463 0.746408 0 0 1
v 0.302129 0.623923 0.750282 0 0 1
v 0.299732 0.624712 0.753159 0 0 1
v 0.296116 0.625938 0.753409 0 0 1
v 0.293398 0.626882 0.750886 0 0 1
v 0.29317 0.626991 0.747068 0 0 1
v 0.295567 0.626202 0.744191 0 0 1
v 0.299184 0.624976 0.74394 0 0 1
v 0.301902 0.624032 0.746464 0 0 1
v 0.304359 0.630492 0.750337 0 0 1
v 0.301962 0.631281 0.753214 0 0 1
v 0.298346 0.632507 0.753465 0 0 1
v 0.295628 0.633451 0.750942 0 0 1
v 0.2954 0.63356 0.747123 0 0 1
v 0.297797 0.632771 0.744246 0 0 1
v 0.301414 0.631545 0.743996 0 0 1
v 0.304132 0.630601 0.746519 0 0 1
v 0.306589 0.637061 0.750393 0 0 1
v 0.304192 0.63785 0.75327 0 0 1
v 0.300575 0.639076 0.75352 0 0 1
v 0.297857 0.64002 0.750997 0 0 1
v 0.29763 0.640129 0.747178 0 0 1
v 0.300027 0.63934 0.744301 0 0 1
v 0.303643 0.638114 0.744051 0 0 1
v 0.306361 0.63717 0.746574 0 0 1
v 0.308819 0.64363 0.750448 0 0 1
v 0.306422 0.644419 0.753325 0 0 1
v 0.302805 0.645645 0.753575 0 0 1
v 0.300087 0.646589 0.751052 0 0 1
v 0.29986 0.646698 0.747233 0 0 1
v 0.302257 0.645909 0.744356 0 0 1
v 0.305873 0.644683 0.744106 0 0 1
v 0.308591 0.643739 0.746629 0 0 1
v 0.290006 0.591672 0.748421 0 0 1
v 0.29542 0.618888 0.74862 0 0 1
v 0.294815 0.590709 0.749396 0 0 1
v 0.292725 0.591101 0.752578 0 0 1
v 0.289043 0.591828 0.753324 0 0 1
v 0.285925 0.592464 0.751198 0 0 1
v 0.285198 0.592636 0.747445 0 0 1
v 0.287288 0.592244 0.744263 0 0 1
v 0.29097 0.591517 0.743517 0 0 1
v 0.294088 0.590881 0.745643 0 0 1
v 0.296168 0.597513 0.749446 0 0 1
v 0.294078 0.597905 0.752628 0 0 1
v 0.290396 0.598632 0.753374 0 0 1
v 0.287278 0.599268 0.751248 0 0 1
v 0.286551 0.59944 0.747495 0 0 1
v 0.288641 0.599048 0.744313 0 0 1
v 0.292323 0.598321 0.743567 0 0 1
v 0.295441 0.597685 0.745693 0 0 1
v 0.297521 0.604317 0.749496 0 0 1
v 0.295432 0.604709 0.752677 0 0 1
v 0.29175 0.605436 0.753424 0 0 1
v 0.288632 0.606072 0.751298 0 0 1
v 0.287905 0.606244 0.747545 0 0 1
v 0.289994 0.605851 0.744363 0 0 1
v 0.293677 0.605124 0.743616 0 0 1
v 0.296794 0.604489 0.745742 0 0 1
v 0.298875 0.611121 0.749545 0 0 1
v 0.296785 0.611513 0.752727 0 0 1
v 0.293103 0.61224 0.753474 0 0 1
v 0.289985 0.612876 0.751348 0 0 1
v 0.289258 0.613048 0.747595 0 0 1
v 0.291348 0.612655 0.744413 0 0 1
v 0.29503 0.611928 0.743666 0 0 1
v 0.298148 0.611293 0.745792 0 0 1
v 0.300228 0.617924 0.749595 0 0 1
v 0.298138 0.618317 0.752777 0 0 1
v 0.294456 0.619044 0.753524 0 0 1
v 0.291338 0.61968 0.751398 0 0 1
v 0.290611 0.619852 0.747644 0 0 1
v 0.292701 0.619459 0.744462 0 0 1
v 0.296383 0.618732 0.743716 0 0 1
v 0.299501 0.618096 0.745842 0 0 1
v 0.288191 0.563983 0.748247 0 0 1
v 0.290006 0.591672 0.748421 0 0 1
v 0.29317 0.563655 0.748574 0 0 1
v 0.29148 0.563744 0.752006 0 0 1
v 0.287863 0.563973 0.753236 0 0 1
v 0.284439 0.564208 0.751543 0 0 1
v 0.283213 0.564311 0.74792 0 0 1
v 0.284903 0.564222 0.744487 0 0 1
v 0.28852 0.563993 0.743257 0 0 1
v 0.291944 0.563758 0.74495 0 0 1
v 0.293624 0.570577 0.748617 0 0 1
v 0.291933 0.570666 0.752049 0 0 1
v 0.288317 0.570896 0.753279 0 0 1
v 0.284893 0.571131 0.751587 0 0 1
v 0.283667 0.571234 0.747963 0 0 1
v 0.285357 0.571144 0.744531 0 0 1
v 0.288974 0.570915 0.743301 0 0 1
v 0.292398 0.57068 0.744993 0 0 1
v 0.294077 0.577499 0.748661 0 0 1
v 0.292387 0.577589 0.752093 0 0 1
v 0.288771 0.577818 0.753323 0 0 1
v 0.285346 0.578053 0.75163 0 0 1
v 0.28412 0.578156 0.748007 0 0 1
v 0.285811 0.578067 0.744574 0 0 1
v 0.289427 0.577838 0.743344 0 0 1
v 0.292851 0.577602 0.745037 0 0 1
v 0.294531 0.584422 0.748704 0 0 1
v 0.292841 0.584511 0.752136 0 0 1
v 0.289224 0.58474 0.753366 0 0 1
v 0.2858 0.584975 0.751674 0 0 1
v 0.284574 0.585078 0.74805 0 0 1
v 0.286264 0.584989 0.744618 0 0 1
v 0.289881 0.58476 0.743388 0 0 1
v 0.293305 0.584525 0.74508 0 0 1
v 0.294985 0.591344 0.748748 0 0 1
v 0.293294 0.591433 0.75218 0 0 1
v 0.289678 0.591663 0.75341 0 0 1
v 0.286254 0.591898 0.751717 0 0 1
v 0.285028 0.592001 0.748094 0 0 1
v 0.286718 0.591912 0.744661 0 0 1
v 0.290335 0.591682 0.743431 0 0 1
v 0.293759 0.591447 0.745124 0 0 1
v 0.290006 0.536293 0.748101 0 0 1
v 0.288191 0.563983 0.748247 0 0 1
v 0.294985 0.536621 0.747774 0 0 1
v 0.293759 0.536522 0.751397 0 0 1
v 0.290334 0.536289 0.75309 0 0 1
v 0.286718 0.536058 0.75186 0 0 1
v 0.285028 0.535965 0.748428 0 0 1
v 0.286254 0.536065 0.744804 0 0 1
v 0.289678 0.536298 0.743112 0 0 1
v 0.293295 0.536529 0.744342 0 0 1
v 0.294531 0.543544 0.74781 0 0 1
v 0.293305 0.543444 0.751434 0 0 1
v 0.289881 0.543211 0.753126 0 0 1
v 0.286264 0.54298 0.751896 0 0 1
v 0.284574 0.542888 0.748464 0 0 1
v 0.2858 0.542987 0.744841 0 0 1
v 0.289225 0.543221 0.743148 0 0 1
v 0.292841 0.543451 0.744378 0 0 1
v 0.294077 0.550466 0.747847 0 0 1
v 0.292851 0.550367 0.75147 0 0 1
v 0.289427 0.550133 0.753163 0 0 1
v 0.285811 0.549903 0.751933 0 0 1
v 0.28412 0.54981 0.748501 0 0 1
v 0.285347 0.54991 0.744877 0 0 1
v 0.288771 0.550143 0.743184 0 0 1
v 0.292387 0.550373 0.744415 0 0 1
v 0.293624 0.557389 0.747883 0 0 1
v 0.292397 0.557289 0.751507 0 0 1
v 0.288973 0.557056 0.753199 0 0 1
v 0.285357 0.556825 0.751969 0 0 1
v 0.283667 0.556733 0.748537 0 0 1
v 0.284893 0.556832 0.744913 0 0 1
v 0.288317 0.557065 0.743221 0 0 1
v 0.291934 0.557296 0.744451 0 0 1
v 0.29317 0.564311 0.74792 0 0 1
v 0.291944 0.564212 0.751543 0 0 1
v 0.28852 0.563978 0.753236 0 0 1
v 0.284903 0.563748 0.752006 0 0 1
v 0.283213 0.563655 0.748574 0 0 1
v 0.284439 0.563754 0.74495 0 0 1
v 0.287863 0.563988 0.743257 0 0 1
v 0.29148 0.564218 0.744487 0 0 1
v 0.29542 0.509077 0.747985 0 0 1
v 0.290006 0.536293 0.748101 0 0 1
v 0.300229 0.510038 0.74701 0 0 1
v 0.2995 0.509877 0.750763 0 0 1
v 0.29638 0.509248 0.752889 0 0 1
v 0.292699 0.508518 0.752143 0 0 1
v 0.290611 0.508117 0.748961 0 0 1
v 0.29134 0.508278 0.745208 0 0 1
v 0.294459 0.508907 0.743082 0 0 1
v 0.298141 0.509636 0.743828 0 0 1
v 0.298875 0.516842 0.747039 0 0 1
v 0.298146 0.516681 0.750792 0 0 1
v 0.295027 0.516052 0.752918 0 0 1
v 0.291345 0.515322 0.752172 0 0 1
v 0.289258 0.514921 0.74899 0 0 1
v 0.289987 0.515082 0.745236 0 0 1
v 0.293106 0.515711 0.74311 0 0 1
v 0.296788 0.51644 0.743857 0 0 1
v 0.297522 0.523646 0.747068 0 0 1
v 0.296793 0.523485 0.750821 0 0 1
v 0.293674 0.522856 0.752947 0 0 1
v 0.289992 0.522126 0.7522 0 0 1
v 0.287904 0.521725 0.749019 0 0 1
v 0.288633 0.521886 0.745265 0 0 1
v 0.291752 0.522515 0.743139 0 0 1
v 0.295434 0.523244 0.743886 0 0 1
v 0.296169 0.53045 0.747096 0 0 1
v 0.295439 0.530289 0.75085 0 0 1
v 0.29232 0.52966 0.752976 0 0 1
v 0.288639 0.52893 0.752229 0 0 1
v 0.286551 0.528529 0.749047 0 0 1
v 0.28728 0.52869 0.745294 0 0 1
v 0.290399 0.529319 0.743168 0 0 1
v 0.294081 0.530048 0.743915 0 0 1
v 0.294815 0.537254 0.747125 0 0 1
v 0.294086 0.537093 0.750879 0 0 1
v 0.290967 0.536464 0.753005 0 0 1
v 0.287285 0.535734 0.752258 0 0 1
v 0.285197 0.535333 0.749076 0 0 1
v 0.285927 0.535494 0.745323 0 0 1
v 0.289046 0.536123 0.743197 0 0 1
v 0.292727 0.536852 0.743943 0 0 1
v 0.304339 0.482801 0.747903 0 0 1
v 0.29542 0.509077 0.747985 0 0 1
v 0.308821 0.484327 0.746296 0 0 1
v 0.308588 0.484236 0.750114 0 0 1
v 0.305866 0.483304 0.752637 0 0 1
v 0.302249 0.482077 0.752387 0 0 1
v 0.299857 0.481274 0.74951 0 0 1
v 0.300091 0.481365 0.745691 0 0 1
v 0.302813 0.482297 0.743168 0 0 1
v 0.306429 0.483524 0.743418 0 0 1
v 0.306591 0.490896 0.746316 0 0 1
v 0.306358 0.490805 0.750135 0 0 1
v 0.303636 0.489873 0.752658 0 0 1
v 0.30002 0.488646 0.752408 0 0 1
v 0.297628 0.487843 0.749531 0 0 1
v 0.297861 0.487935 0.745712 0 0 1
v 0.300583 0.488866 0.743189 0 0 1
v 0.304199 0.490093 0.743439 0 0 1
v 0.304361 0.497465 0.746337 0 0 1
v 0.304128 0.497374 0.750156 0 0 1
v 0.301406 0.496442 0.752679 0 0 1
v 0.29779 0.495215 0.752428 0 0 1
v 0.295398 0.494412 0.749551 0 0 1
v 0.295631 0.494504 0.745733 0 0 1
v 0.298353 0.495436 0.743209 0 0 1
v 0.301969 0.496662 0.74346 0 0 1
v 0.302132 0.504034 0.746358 0 0 1
v 0.301898 0.503943 0.750176 0 0 1
v 0.299176 0.503011 0.752699 0 0 1
v 0.29556 0.501785 0.752449 0 0 1
v 0.293168 0.500982 0.749572 0 0 1
v 0.293401 0.501073 0.745753 0 0 1
v 0.296123 0.502005 0.74323 0 0 1
v 0.29974 0.503232 0.74348 0 0 1
v 0.299902 0.510604 0.746378 0 0 1
v 0.299668 0.510512 0.750197 0 0 1
v 0.296946 0.509581 0.75272 0 0 1
v 0.29333 0.508354 0.75247 0 0 1
v 0.290938 0.507551 0.749593 0 0 1
v 0.291171 0.507642 0.745774 0 0 1
v 0.293893 0.508574 0.743251 0 0 1
v 0.29751 0.509801 0.743501 0 0 1
v 0.316612 0.457913 0.747854 0 0 1
v 0.304339 0.482801 0.747903 0 0 1
v 0.320632 0.459899 0.745643 0 0 1
v 0.32086 0.460004 0.749461 0 0 1
v 0.318599 0.458884 0.752338 0 0 1
v 0.315174 0.457194 0.752589 0 0 1
v 0.312592 0.455926 0.750065 0 0 1
v 0.312365 0.455821 0.746247 0 0 1
v 0.314625 0.456942 0.74337 0 0 1
v 0.31805 0.458631 0.743119 0 0 1
v 0.317564 0.466121 0.745655 0 0 1
v 0.317792 0.466226 0.749474 0 0 1
v 0.315531 0.465106 0.752351 0 0 1
v 0.312106 0.463416 0.752601 0 0 1
v 0.309524 0.462148 0.750078 0 0 1
v 0.309296 0.462043 0.746259 0 0 1
v 0.311557 0.463164 0.743382 0 0 1
v 0.314982 0.464853 0.743132 0 0 1
v 0.314496 0.472343 0.745667 0 0 1
v 0.314723 0.472448 0.749486 0 0 1
v 0.312463 0.471328 0.752363 0 0 1
v 0.309038 0.469638 0.752613 0 0 1
v 0.306456 0.46837 0.75009 0 0 1
v 0.306228 0.468265 0.746271 0 0 1
v 0.308489 0.469386 0.743394 0 0 1
v 0.311914 0.471075 0.743144 0 0 1
v 0.311428 0.478565 0.745679 0 0 1
v 0.311655 0.47867 0.749498 0 0 1
v 0.309394 0.47755 0.752375 0 0 1
v 0.30597 0.47586 0.752625 0 0 1
v 0.303387 0.474592 0.750102 0 0 1
v 0.30316 0.474487 0.746283 0 0 1
v 0.305421 0.475608 0.743406 0 0 1
v 0.308845 0.477297 0.743156 0 0 1
v 0.30836 0.484787 0.745691 0 0 1
v 0.308587 0.484892 0.74951 0 0 1
v 0.306326 0.483772 0.752387 0 0 1
v 0.302901 0.482082 0.752637 0 0 1
v 0.300319 0.480814 0.750114 0 0 1
v 0.300092 0.480709 0.746296 0 0 1
v 0.302353 0.48183 0.743418 0 0 1
v 0.305777 0.483519 0.743168 0 0 1
v 0.332029 0.43484 0.74784 0 0 1
v 0.316612 0.457913 0.747854 0 0 1
v 0.335485 0.43715 0.745062 0 0 1
v 0.336106 0.437564 0.748816 0 0 1
v 0.334339 0.436381 0.751998 0 0 1
v 0.331219 0.434296 0.752744 0 0 1
v 0.328572 0.432529 0.750618 0 0 1
v 0.327951 0.432116 0.746865 0 0 1
v 0.329718 0.433298 0.743683 0 0 1
v 0.332838 0.435384 0.742936 0 0 1
v 0.33163 0.442919 0.745066 0 0 1
v 0.332252 0.443332 0.748819 0 0 1
v 0.330485 0.442149 0.752001 0 0 1
v 0.327365 0.440064 0.752748 0 0 1
v 0.324718 0.438297 0.750621 0 0 1
v 0.324097 0.437884 0.746868 0 0 1
v 0.325864 0.439066 0.743686 0 0 1
v 0.328984 0.441152 0.74294 0 0 1
v 0.327776 0.448687 0.745069 0 0 1
v 0.328398 0.4491 0.748823 0 0 1
v 0.326631 0.447918 0.752005 0 0 1
v 0.323511 0.445832 0.752751 0 0 1
v 0.320864 0.444065 0.750625 0 0 1
v 0.320243 0.443652 0.746872 0 0 1
v 0.32201 0.444835 0.74369 0 0 1
v 0.32513 0.44692 0.742943 0 0 1
v 0.323922 0.454455 0.745073 0 0 1
v 0.324544 0.454868 0.748826 0 0 1
v 0.322777 0.453686 0.752008 0 0 1
v 0.319657 0.4516 0.752755 0 0 1
v 0.31701 0.449834 0.750628 0 0 1
v 0.316389 0.44942 0.746875 0 0 1
v 0.318155 0.450603 0.743693 0 0 1
v 0.321276 0.452688 0.742947 0 0 1
v 0.320068 0.460223 0.745076 0 0 1
v 0.32069 0.460637 0.74883 0 0 1
v 0.318923 0.459454 0.752011 0 0 1
v 0.315802 0.457369 0.752758 0 0 1
v 0.313156 0.455602 0.750632 0 0 1
v 0.312534 0.455189 0.746879 0 0 1
v 0.314301 0.456371 0.743697 0 0 1
v 0.317422 0.458457 0.74295 0 0 1
v 0.350324 0.413976 0.747861 0 0 1
v 0.332029 0.43484 0.74784 0 0 1
v 0.353153 0.416453 0.744565 0 0 1
v 0.354076 0.417266 0.748189 0 0 1
v 0.352801 0.416152 0.751621 0 0 1
v 0.350076 0.413763 0.752851 0 0 1
v 0.347496 0.411499 0.751158 0 0 1
v 0.346573 0.410686 0.747534 0 0 1
v 0.347848 0.4118 0.744102 0 0 1
v 0.350573 0.414189 0.742872 0 0 1
v 0.348579 0.421669 0.744559 0 0 1
v 0.349502 0.422482 0.748183 0 0 1
v 0.348227 0.421368 0.751615 0 0 1
v 0.345502 0.418979 0.752845 0 0 1
v 0.342922 0.416715 0.751153 0 0 1
v 0.341999 0.415902 0.747529 0 0 1
v 0.343274 0.417016 0.744097 0 0 1
v 0.345999 0.419405 0.742867 0 0 1
v 0.344005 0.426884 0.744554 0 0 1
v 0.344928 0.427698 0.748178 0 0 1
v 0.343653 0.426583 0.75161 0 0 1
v 0.340928 0.424195 0.75284 0 0 1
v 0.338348 0.421931 0.751147 0 0 1
v 0.337425 0.421118 0.747524 0 0 1
v 0.3387 0.422232 0.744092 0 0 1
v 0.341425 0.424621 0.742862 0 0 1
v 0.339431 0.4321 0.744549 0 0 1
v 0.340354 0.432913 0.748173 0 0 1
v 0.339079 0.431799 0.751605 0 0 1
v 0.336354 0.429411 0.752835 0 0 1
v 0.333774 0.427147 0.751142 0 0 1
v 0.332851 0.426334 0.747518 0 0 1
v 0.334126 0.427448 0.744086 0 0 1
v 0.336851 0.429836 0.742856 0 0 1
v 0.334857 0.437316 0.744544 0 0 1
v 0.33578 0.438129 0.748167 0 0 1
v 0.334505 0.437015 0.751599 0 0 1
v 0.33178 0.434627 0.752829 0 0 1
v 0.3292 0.432363 0.751137 0 0 1
v 0.328277 0.43155 0.747513 0 0 1
v 0.329552 0.432664 0.744081 0 0 1
v 0.332277 0.435052 0.742851 0 0 1
v 0.371187 0.395679 0.747917 0 0 1
v 0.350324 0.413976 0.747861 0 0 1
v 0.373367 0.398152 0.744158 0 0 1
v 0.374477 0.399429 0.74759 0 0 1
v 0.373661 0.398509 0.751214 0 0 1
v 0.371395 0.395931 0.752907 0 0 1
v 0.369007 0.393205 0.751676 0 0 1
v 0.367897 0.391928 0.748244 0 0 1
v 0.368713 0.392848 0.74462 0 0 1
v 0.370979 0.395426 0.742928 0 0 1
v 0.368151 0.402727 0.744144 0 0 1
v 0.369262 0.404004 0.747576 0 0 1
v 0.368445 0.403084 0.7512 0 0 1
v 0.366179 0.400505 0.752893 0 0 1
v 0.363792 0.397779 0.751662 0 0 1
v 0.362681 0.396502 0.74823 0 0 1
v 0.363498 0.397423 0.744606 0 0 1
v 0.365763 0.400001 0.742914 0 0 1
v 0.362935 0.407301 0.74413 0 0 1
v 0.364046 0.408578 0.747562 0 0 1
v 0.363229 0.407658 0.751186 0 0 1
v 0.360964 0.40508 0.752879 0 0 1
v 0.358576 0.402354 0.751648 0 0 1
v 0.357465 0.401077 0.748216 0 0 1
v 0.358282 0.401997 0.744592 0 0 1
v 0.360548 0.404575 0.7429 0 0 1
v 0.35772 0.411875 0.744116 0 0 1
v 0.35883 0.413152 0.747549 0 0 1
v 0.358014 0.412232 0.751172 0 0 1
v 0.355748 0.409654 0.752865 0 0 1
v 0.353361 0.406928 0.751634 0 0 1
v 0.35225 0.405651 0.748202 0 0 1
v 0.353066 0.406571 0.744579 0 0 1
v 0.355332 0.409149 0.742886 0 0 1
v 0.352504 0.41645 0.744102 0 0 1
v 0.353615 0.417727 0.747535 0 0 1
v 0.352798 0.416806 0.751158 0 0 1
v 0.350532 0.414228 0.752851 0 0 1
v 0.348145 0.411502 0.75162 0 0 1
v 0.347034 0.410225 0.748188 0 0 1
v 0.347851 0.411145 0.744565 0 0 1
v 0.350116 0.413724 0.742872 0 0 1
v 0.394259 0.380261 0.748007 0 0 1
v 0.371187 0.395679 0.747917 0 0 1
v 0.395814 0.382564 0.74385 0 0 1
v 0.396986 0.384337 0.747032 0 0 1
v 0.396561 0.383723 0.750785 0 0 1
v 0.394788 0.381081 0.752911 0 0 1
v 0.392704 0.377959 0.752164 0 0 1
v 0.391532 0.376186 0.748982 0 0 1
v 0.391957 0.3768 0.745229 0 0 1
v 0.39373 0.379442 0.743103 0 0 1
v 0.390046 0.386418 0.743827 0 0 1
v 0.391218 0.388191 0.747009 0 0 1
v 0.390793 0.387577 0.750763 0 0 1
v 0.38902 0.384935 0.752888 0 0 1
v 0.386936 0.381813 0.752142 0 0 1
v 0.385764 0.38004 0.74896 0 0 1
v 0.386189 0.380654 0.745207 0 0 1
v 0.387962 0.383296 0.743081 0 0 1
v 0.384278 0.390272 0.743805 0 0 1
v 0.38545 0.392046 0.746987 0 0 1
v 0.385025 0.391432 0.75074 0 0 1
v 0.383252 0.38879 0.752866 0 0 1
v 0.381168 0.385668 0.752119 0 0 1
v 0.379996 0.383894 0.748937 0 0 1
v 0.380421 0.384509 0.745184 0 0 1
v 0.382194 0.38715 0.743058 0 0 1
v 0.37851 0.394127 0.743782 0 0 1
v 0.379682 0.3959 0.746964 0 0 1
v 0.379257 0.395286 0.750718 0 0 1
v 0.377484 0.392644 0.752844 0 0 1
v 0.3754 0.389522 0.752097 0 0 1
v 0.374228 0.387749 0.748915 0 0 1
v 0.374653 0.388363 0.745162 0 0 1
v 0.376426 0.391005 0.743036 0 0 1
v 0.372742 0.397981 0.74376 0 0 1
v 0.373914 0.399754 0.746942 0 0 1
v 0.373489 0.39914 0.750695 0 0 1
v 0.371716 0.396499 0.752821 0 0 1
v 0.369632 0.393377 0.752075 0 0 1
v 0.36846 0.391603 0.748893 0 0 1
v 0.368885 0.392217 0.745139 0 0 1
v 0.370658 0.394859 0.743013 0 0 1
v 0.419146 0.367987 0.748129 0 0 1
v 0.394259 0.380261 0.748007 0 0 1
v 0.420142 0.369962 0.743645 0 0 1
v 0.421247 0.37223 0.746522 0 0 1
v 0.421121 0.372013 0.75034 0 0 1
v 0.419838 0.369438 0.752863 0 0 1
v 0.41815 0.366012 0.752613 0 0 1
v 0.417045 0.363744 0.749736 0 0 1
v 0.417171 0.363961 0.745917 0 0 1
v 0.418454 0.366537 0.743394 0 0 1
v 0.41392 0.37303 0.743614 0 0 1
v 0.415025 0.375299 0.746491 0 0 1
v 0.414899 0.375082 0.75031 0 0 1
v 0.413616 0.372506 0.752833 0 0 1
v 0.411928 0.369081 0.752583 0 0 1
v 0.410824 0.366812 0.749705 0 0 1
v 0.41095 0.36703 0.745887 0 0 1
v 0.412232 0.369605 0.743364 0 0 1
v 0.407699 0.376099 0.743584 0 0 1
v 0.408803 0.378367 0.746461 0 0 1
v 0.408677 0.37815 0.750279 0 0 1
v 0.407395 0.375575 0.752803 0 0 1
v 0.405707 0.372149 0.752552 0 0 1
v 0.404602 0.369881 0.749675 0 0 1
v 0.404728 0.370098 0.745856 0 0 1
v 0.40601 0.372674 0.743333 0 0 1
v 0.401477 0.379168 0.743553 0 0 1
v 0.402581 0.381436 0.74643 0 0 1
v 0.402456 0.381219 0.750249 0 0 1
v 0.401173 0.378643 0.752772 0 0 1
v 0.399485 0.375218 0.752522 0 0 1
v 0.39838 0.37295 0.749644 0 0 1
v 0.398506 0.373167 0.745826 0 0 1
v 0.399789 0.375742 0.743303 0 0 1
v 0.395255 0.382236 0.743523 0 0 1
v 0.39636 0.384505 0.7464 0 0 1
v 0.396234 0.384287 0.750219 0 0 1
v 0.394951 0.381712 0.752742 0 0 1
v 0.393263 0.378286 0.752491 0 0 1
v 0.392158 0.376018 0.749614 0 0 1
v 0.392284 0.376235 0.745795 0 0 1
v 0.393567 0.378811 0.743272 0 0 1
v 0.445422 0.359066 0.748281 0 0 1
v 0.419146 0.367987 0.748129 0 0 1
v 0.445963 0.36058 0.743546 0 0 1
v 0.446875 0.363309 0.74607 0 0 1
v 0.446936 0.363552 0.749888 0 0 1
v 0.44611 0.361168 0.752765 0 0 1
v 0.444881 0.357553 0.753015 0 0 1
v 0.443969 0.354824 0.750492 0 0 1
v 0.443908 0.35458 0.746673 0 0 1
v 0.444734 0.356965 0.743796 0 0 1
v 0.439394 0.36281 0.743508 0 0 1
v 0.440306 0.365539 0.746032 0 0 1
v 0.440367 0.365783 0.74985 0 0 1
v 0.439541 0.363398 0.752727 0 0 1
v 0.438312 0.359783 0.752977 0 0 1
v 0.4374 0.357054 0.750454 0 0 1
v 0.437339 0.35681 0.746635 0 0 1
v 0.438165 0.359195 0.743758 0 0 1
v 0.432825 0.36504 0.74347 0 0 1
v 0.433737 0.367769 0.745994 0 0 1
v 0.433798 0.368013 0.749812 0 0 1
v 0.432972 0.365628 0.752689 0 0 1
v 0.431743 0.362013 0.752939 0 0 1
v 0.430831 0.359284 0.750416 0 0 1
v 0.43077 0.359041 0.746597 0 0 1
v 0.431596 0.361425 0.74372 0 0 1
v 0.426256 0.367271 0.743432 0 0 1
v 0.427168 0.369999 0.745956 0 0 1
v 0.427229 0.370243 0.749774 0 0 1
v 0.426403 0.367859 0.752651 0 0 1
v 0.425174 0.364243 0.752901 0 0 1
v 0.424262 0.361514 0.750378 0 0 1
v 0.424201 0.361271 0.746559 0 0 1
v 0.425027 0.363655 0.743682 0 0 1
v 0.419687 0.369501 0.743394 0 0 1
v 0.420599 0.37223 0.745918 0 0 1
v 0.42066 0.372473 0.749736 0 0 1
v 0.419834 0.370089 0.752613 0 0 1
v 0.418605 0.366473 0.752863 0 0 1
v 0.417693 0.363745 0.75034 0 0 1
v 0.417632 0.363501 0.746521 0 0 1
v 0.418458 0.365885 0.743644 0 0 1
v 0.472637 0.353652 0.74846 0 0 1
v 0.445422 0.359066 0.748281 0 0 1
v 0.472859 0.354602 0.743556 0 0 1
v 0.473466 0.357726 0.745683 0 0 1
v 0.473588 0.358462 0.749436 0 0 1
v 0.473153 0.356381 0.752618 0 0 1
v 0.472416 0.352701 0.753364 0 0 1
v 0.471809 0.349578 0.751238 0 0 1
v 0.471687 0.348841 0.747485 0 0 1
v 0.472122 0.350922 0.744303 0 0 1
v 0.466055 0.355956 0.743512 0 0 1
v 0.466663 0.359079 0.745638 0 0 1
v 0.466784 0.359816 0.749391 0 0 1
v 0.466349 0.357735 0.752573 0 0 1
v 0.465612 0.354055 0.753319 0 0 1
v 0.465005 0.350931 0.751193 0 0 1
v 0.464883 0.350194 0.74744 0 0 1
v 0.465318 0.352276 0.744258 0 0 1
v 0.459251 0.35731 0.743467 0 0 1
v 0.459859 0.360433 0.745593 0 0 1
v 0.459981 0.36117 0.749346 0 0 1
v 0.459545 0.359088 0.752528 0 0 1
v 0.458808 0.355408 0.753274 0 0 1
v 0.458201 0.352285 0.751148 0 0 1
v 0.458079 0.351548 0.747395 0 0 1
v 0.458514 0.353629 0.744213 0 0 1
v 0.452447 0.358663 0.743422 0 0 1
v 0.453055 0.361787 0.745548 0 0 1
v 0.453177 0.362523 0.749301 0 0 1
v 0.452742 0.360442 0.752483 0 0 1
v 0.452004 0.356762 0.753229 0 0 1
v 0.451397 0.353639 0.751103 0 0 1
v 0.451275 0.352902 0.74735 0 0 1
v 0.45171 0.354983 0.744168 0 0 1
v 0.445644 0.360017 0.743377 0 0 1
v 0.446251 0.36314 0.745503 0 0 1
v 0.446373 0.363877 0.749256 0 0 1
v 0.445938 0.361796 0.752438 0 0 1
v 0.445201 0.358116 0.753185 0 0 1
v 0.444593 0.354992 0.751058 0 0 1
v 0.444471 0.354255 0.747305 0 0 1
v 0.444906 0.356337 0.744123 0 0 1
v 0.500327 0.351835 0.748664 0 0 1
v 0.472637 0.353652 0.74846 0 0 1
v 0.500385 0.35216 0.743675 0 0 1
v 0.500597 0.355585 0.745368 0 0 1
v 0.500651 0.356814 0.748991 0 0 1
v 0.500515 0.355127 0.752423 0 0 1
v 0.500269 0.351511 0.753653 0 0 1
v 0.500056 0.348086 0.751961 0 0 1
v 0.500003 0.346857 0.748337 0 0 1
v 0.500139 0.348544 0.744905 0 0 1
v 0.493462 0.352614 0.743624 0 0 1
v 0.493675 0.356039 0.745317 0 0 1
v 0.493729 0.357268 0.74894 0 0 1
v 0.493593 0.355581 0.752372 0 0 1
v 0.493346 0.351965 0.753602 0 0 1
v 0.493134 0.34854 0.75191 0 0 1
v 0.49308 0.347311 0.748286 0 0 1
v 0.493216 0.348998 0.744854 0 0 1
v 0.48654 0.353068 0.743573 0 0 1
v 0.486752 0.356493 0.745266 0 0 1
v 0.486806 0.357722 0.748889 0 0 1
v 0.48667 0.356035 0.752321 0 0 1
v 0.486424 0.352419 0.753551 0 0 1
v 0.486212 0.348994 0.751859 0 0 1
v 0.486158 0.347765 0.748235 0 0 1
v 0.486294 0.349452 0.744803 0 0 1
v 0.479618 0.353522 0.743522 0 0 1
v 0.47983 0.356947 0.745215 0 0 1
v 0.479884 0.358176 0.748838 0 0 1
v 0.479748 0.356489 0.75227 0 0 1
v 0.479502 0.352873 0.7535 0 0 1
v 0.47929 0.349448 0.751808 0 0 1
v 0.479236 0.348219 0.748184 0 0 1
v 0.479372 0.349906 0.744752 0 0 1
v 0.472696 0.353976 0.743471 0 0 1
v 0.472908 0.357401 0.745164 0 0 1
v 0.472962 0.35863 0.748787 0 0 1
v 0.472826 0.356943 0.75222 0 0 1
v 0.472579 0.353327 0.753449 0 0 1
v 0.472367 0.349902 0.751757 0 0 1
v 0.472313 0.348673 0.748133 0 0 1
v 0.472449 0.35036 0.744701 0 0 1
v 0.528016 0.353649 0.748889 0 0 1
v 0.500327 0.351835 0.748664 0 0 1
v 0.528078 0.353326 0.7439 0 0 1
v 0.527831 0.356941 0.74513 0 0 1
v 0.527692 0.358628 0.748562 0 0 1
v 0.527744 0.357398 0.752186 0 0 1
v 0.527954 0.353973 0.753878 0 0 1
v 0.528201 0.350357 0.752648 0 0 1
v 0.528339 0.34867 0.749216 0 0 1
v 0.528288 0.3499 0.745592 0 0 1
v 0.521155 0.352872 0.743844 0 0 1
v 0.520909 0.356488 0.745074 0 0 1
v 0.52077 0.358174 0.748506 0 0 1
v 0.520821 0.356945 0.75213 0 0 1
v 0.521032 0.353519 0.753822 0 0 1
v 0.521279 0.349904 0.752592 0 0 1
v 0.521417 0.348217 0.74916 0 0 1
v 0.521366 0.349446 0.745536 0 0 1
v 0.514233 0.352419 0.743788 0 0 1
v 0.513986 0.356034 0.745018 0 0 1
v 0.513848 0.357721 0.74845 0 0 1
v 0.513899 0.356492 0.752073 0 0 1
v 0.51411 0.353066 0.753766 0 0 1
v 0.514356 0.34945 0.752536 0 0 1
v 0.514495 0.347763 0.749103 0 0 1
v 0.514444 0.348993 0.74548 0 0 1
v 0.507311 0.351965 0.743731 0 0 1
v 0.507064 0.355581 0.744962 0 0 1
v 0.506926 0.357268 0.748394 0 0 1
v 0.506977 0.356038 0.752017 0 0 1
v 0.507187 0.352612 0.75371 0 0 1
v 0.507434 0.348997 0.752479 0 0 1
v 0.507572 0.34731 0.749047 0 0 1
v 0.507521 0.34854 0.745424 0 0 1
v 0.500388 0.351512 0.743675 0 0 1
v 0.500142 0.355127 0.744905 0 0 1
v 0.500003 0.356814 0.748337 0 0 1
v 0.500054 0.355585 0.751961 0 0 1
v 0.500265 0.352159 0.753653 0 0 1
v 0.500512 0.348544 0.752423 0 0 1
v 0.50065 0.346857 0.748991 0 0 1
v 0.500599 0.348086 0.745367 0 0 1
v 0.555231 0.359061 0.749131 0 0 1
v 0.528016 0.353649 0.748889 0 0 1
v 0.555464 0.358113 0.744227 0 0 1
v 0.554725 0.361793 0.744974 0 0 1
v 0.554283 0.363873 0.748156 0 0 1
v 0.554397 0.363134 0.751909 0 0 1
v 0.554999 0.36001 0.754035 0 0 1
v 0.555738 0.35633 0.753288 0 0 1
v 0.55618 0.35425 0.750106 0 0 1
v 0.556066 0.354989 0.746353 0 0 1
v 0.54866 0.35676 0.744167 0 0 1
v 0.547921 0.36044 0.744914 0 0 1
v 0.547479 0.36252 0.748095 0 0 1
v 0.547593 0.361781 0.751849 0 0 1
v 0.548195 0.358657 0.753974 0 0 1
v 0.548934 0.354977 0.753228 0 0 1
v 0.549376 0.352897 0.750046 0 0 1
v 0.549262 0.353636 0.746293 0 0 1
v 0.541856 0.355407 0.744106 0 0 1
v 0.541117 0.359087 0.744853 0 0 1
v 0.540675 0.361167 0.748035 0 0 1
v 0.540789 0.360428 0.751788 0 0 1
v 0.541391 0.357303 0.753914 0 0 1
v 0.54213 0.353624 0.753167 0 0 1
v 0.542572 0.351544 0.749985 0 0 1
v 0.542458 0.352283 0.746232 0 0 1
v 0.535052 0.354054 0.744046 0 0 1
v 0.534313 0.357734 0.744793 0 0 1
v 0.533872 0.359814 0.747974 0 0 1
v 0.533985 0.359075 0.751728 0 0 1
v 0.534588 0.35595 0.753853 0 0 1
v 0.535326 0.35227 0.753107 0 0 1
v 0.535768 0.350191 0.749925 0 0 1
v 0.535654 0.350929 0.746172 0 0 1
v 0.528248 0.352701 0.743985 0 0 1
v 0.52751 0.356381 0.744732 0 0 1
v 0.527068 0.358461 0.747914 0 0 1
v 0.527181 0.357722 0.751667 0 0 1
v 0.527784 0.354597 0.753793 0 0 1
v 0.528522 0.350917 0.753046 0 0 1
v 0.528964 0.348838 0.749864 0 0 1
v 0.528851 0.349576 0.746111 0 0 1
v 0.581507 0.36798 0.749386 0 0 1
v 0.555231 0.359061 0.749131 0 0 1
v 0.582065 0.366472 0.744652 0 0 1
v 0.580836 0.370087 0.744902 0 0 1
v 0.58 0.372468 0.747779 0 0 1
v 0.580047 0.37222 0.751598 0 0 1
v 0.58095 0.369488 0.754121 0 0 1
v 0.582179 0.365872 0.75387 0 0 1
v 0.583015 0.363492 0.750993 0 0 1
v 0.582968 0.36374 0.747175 0 0 1
v 0.575496 0.364242 0.744588 0 0 1
v 0.574267 0.367858 0.744838 0 0 1
v 0.573431 0.370238 0.747715 0 0 1
v 0.573478 0.36999 0.751534 0 0 1
v 0.574381 0.367258 0.754057 0 0 1
v 0.57561 0.363643 0.753807 0 0 1
v 0.576446 0.361262 0.750929 0 0 1
v 0.576399 0.36151 0.747111 0 0 1
v 0.568927 0.362013 0.744524 0 0 1
v 0.567698 0.365628 0.744775 0 0 1
v 0.566862 0.368009 0.747652 0 0 1
v 0.566909 0.36776 0.75147 0 0 1
v 0.567812 0.365028 0.753993 0 0 1
v 0.569041 0.361413 0.753743 0 0 1
v 0.569877 0.359032 0.750866 0 0 1
v 0.56983 0.359281 0.747047 0 0 1
v 0.562358 0.359783 0.74446 0 0 1
v 0.561129 0.363399 0.744711 0 0 1
v 0.560293 0.365779 0.747588 0 0 1
v 0.56034 0.365531 0.751406 0 0 1
v 0.561243 0.362799 0.753929 0 0 1
v 0.562472 0.359184 0.753679 0 0 1
v 0.563308 0.356803 0.750802 0 0 1
v 0.563261 0.357051 0.746983 0 0 1
v 0.555789 0.357554 0.744397 0 0 1
v 0.55456 0.361169 0.744647 0 0 1
v 0.553724 0.36355 0.747524 0 0 1
v 0.553771 0.363301 0.751343 0 0 1
v 0.554674 0.360569 0.753866 0 0 1
v 0.555903 0.356954 0.753615 0 0 1
v 0.556739 0.354573 0.750738 0 0 1
v 0.556692 0.354822 0.74692 0 0 1
v 0.606394 0.380252 0.74965 0 0 1
v 0.581507 0.36798 0.749386 0 0 1
v 0.60741 0.378287 0.745166 0 0 1
v 0.605724 0.381713 0.744915 0 0 1
v 0.60443 0.384283 0.747439 0 0 1
v 0.604287 0.384491 0.751257 0 0 1
v 0.605378 0.382216 0.754134 0 0 1
v 0.607065 0.37879 0.754384 0 0 1
v 0.608359 0.37622 0.751861 0 0 1
v 0.608502 0.376012 0.748043 0 0 1
v 0.601189 0.375219 0.7451 0 0 1
v 0.599502 0.378645 0.74485 0 0 1
v 0.598208 0.381215 0.747373 0 0 1
v 0.598065 0.381423 0.751191 0 0 1
v 0.599156 0.379148 0.754068 0 0 1
v 0.600843 0.375722 0.754318 0 0 1
v 0.602137 0.373153 0.751795 0 0 1
v 0.60228 0.372944 0.747977 0 0 1
v 0.594967 0.372151 0.745034 0 0 1
v 0.59328 0.375577 0.744784 0 0 1
v 0.591986 0.378147 0.747307 0 0 1
v 0.591843 0.378355 0.751125 0 0 1
v 0.592935 0.37608 0.754002 0 0 1
v 0.594621 0.372654 0.754252 0 0 1
v 0.595915 0.370085 0.751729 0 0 1
v 0.596058 0.369876 0.747911 0 0 1
v 0.588745 0.369083 0.744968 0 0 1
v 0.587059 0.372509 0.744718 0 0 1
v 0.585765 0.375079 0.747241 0 0 1
v 0.585621 0.375287 0.751059 0 0 1
v 0.586713 0.373012 0.753936 0 0 1
v 0.5884 0.369586 0.754186 0 0 1
v 0.589694 0.367017 0.751663 0 0 1
v 0.589837 0.366808 0.747845 0 0 1
v 0.582524 0.366015 0.744902 0 0 1
v 0.580837 0.369441 0.744652 0 0 1
v 0.579543 0.372011 0.747175 0 0 1
v 0.5794 0.37222 0.750993 0 0 1
v 0.580491 0.369944 0.75387 0 0 1
v 0.582178 0.366518 0.754121 0 0 1
v 0.583472 0.363949 0.751597 0 0 1
v 0.583615 0.36374 0.747779 0 0 1
v 0.629466 0.395667 0.749918 0 0 1
v 0.606394 0.380252 0.74965 0 0 1
v 0.631043 0.39338 0.74576 0 0 1
v 0.628964 0.396505 0.745014 0 0 1
v 0.627179 0.399139 0.74714 0 0 1
v 0.626734 0.39974 0.750893 0 0 1
v 0.62789 0.397955 0.754075 0 0 1
v 0.629969 0.39483 0.754821 0 0 1
v 0.631754 0.392196 0.752695 0 0 1
v 0.632199 0.391595 0.748942 0 0 1
v 0.625275 0.389526 0.745693 0 0 1
v 0.623196 0.392651 0.744947 0 0 1
v 0.621411 0.395285 0.747073 0 0 1
v 0.620966 0.395886 0.750826 0 0 1
v 0.622122 0.394101 0.754008 0 0 1
v 0.624201 0.390976 0.754754 0 0 1
v 0.625986 0.388342 0.752628 0 0 1
v 0.626431 0.387741 0.748875 0 0 1
v 0.619507 0.385672 0.745626 0 0 1
v 0.617428 0.388797 0.74488 0 0 1
v 0.615643 0.391431 0.747006 0 0 1
v 0.615198 0.392032 0.750759 0 0 1
v 0.616354 0.390247 0.753941 0 0 1
v 0.618433 0.387122 0.754687 0 0 1
v 0.620218 0.384488 0.752561 0 0 1
v 0.620663 0.383887 0.748808 0 0 1
v 0.613739 0.381818 0.74556 0 0 1
v 0.61166 0.384943 0.744813 0 0 1
v 0.609875 0.387577 0.746939 0 0 1
v 0.60943 0.388178 0.750692 0 0 1
v 0.610586 0.386393 0.753874 0 0 1
v 0.612665 0.383268 0.75462 0 0 1
v 0.61445 0.380634 0.752494 0 0 1
v 0.614895 0.380033 0.748741 0 0 1
v 0.607971 0.377964 0.745493 0 0 1
v 0.605892 0.381089 0.744746 0 0 1
v 0.604107 0.383724 0.746872 0 0 1
v 0.603662 0.384324 0.750625 0 0 1
v 0.604818 0.382539 0.753807 0 0 1
v 0.606897 0.379414 0.754553 0 0 1
v 0.608682 0.37678 0.752427 0 0 1
v 0.609126 0.37618 0.748674 0 0 1
v 0.650329 0.413963 0.750185 0 0 1
v 0.629466 0.395667 0.749918 0 0 1
v 0.65253 0.411508 0.746426 0 0 1
v 0.650149 0.41424 0.745196 0 0 1
v 0.647874 0.41681 0.746888 0 0 1
v 0.647037 0.417712 0.750512 0 0 1
v 0.648128 0.416417 0.753944 0 0 1
v 0.650508 0.413685 0.755174 0 0 1
v 0.652784 0.411115 0.753481 0 0 1
v 0.653621 0.410213 0.749858 0 0 1
v 0.647314 0.406934 0.746359 0 0 1
v 0.644934 0.409666 0.745129 0 0 1
v 0.642659 0.412236 0.746821 0 0 1
v 0.641821 0.413138 0.750445 0 0 1
v 0.642912 0.411843 0.753877 0 0 1
v 0.645293 0.409111 0.755107 0 0 1
v 0.647568 0.406541 0.753414 0 0 1
v 0.648405 0.40564 0.749791 0 0 1
v 0.642098 0.40236 0.746292 0 0 1
v 0.639718 0.405093 0.745062 0 0 1
v 0.637443 0.407662 0.746755 0 0 1
v 0.636606 0.408564 0.750378 0 0 1
v 0.637697 0.40727 0.75381 0 0 1
v 0.640077 0.404537 0.75504 0 0 1
v 0.642352 0.401968 0.753348 0 0 1
v 0.64319 0.401066 0.749724 0 0 1
v 0.636883 0.397786 0.746225 0 0 1
v 0.634503 0.400519 0.744995 0 0 1
v 0.632227 0.403088 0.746688 0 0 1
v 0.63139 0.40399 0.750311 0 0 1
v 0.632481 0.402696 0.753743 0 0 1
v 0.634862 0.399963 0.754973 0 0 1
v 0.637137 0.397394 0.753281 0 0 1
v 0.637974 0.396492 0.749657 0 0 1
v 0.631667 0.393213 0.746158 0 0 1
v 0.629287 0.395945 0.744928 0 0 1
v 0.627012 0.398515 0.746621 0 0 1
v 0.626174 0.399416 0.750245 0 0 1
v 0.627266 0.398122 0.753677 0 0 1
v 0.629646 0.39539 0.754907 0 0 1
v 0.631921 0.39282 0.753214 0 0 1
v 0.632758 0.391918 0.74959 0 0 1
v 0.668625 0.434824 0.750447 0 0 1
v 0.650329 0.413963 0.750185 0 0 1
v 0.671472 0.432369 0.74715 0 0 1
v 0.668902 0.434644 0.745458 0 0 1
v 0.66617 0.437025 0.746688 0 0 1
v 0.664876 0.438117 0.75012 0 0 1
v 0.665778 0.43728 0.753744 0 0 1
v 0.668348 0.435005 0.755436 0 0 1
v 0.67108 0.432624 0.754206 0 0 1
v 0.672374 0.431532 0.750774 0 0 1
v 0.666898 0.427154 0.747085 0 0 1
v 0.664328 0.429429 0.745392 0 0 1
v 0.661596 0.431809 0.746622 0 0 1
v 0.660302 0.432901 0.750055 0 0 1
v 0.661204 0.432064 0.753678 0 0 1
v 0.663774 0.429789 0.755371 0 0 1
v 0.666506 0.427409 0.75414 0 0 1
v 0.6678 0.426317 0.750708 0 0 1
v 0.662324 0.421938 0.747019 0 0 1
v 0.659754 0.424213 0.745327 0 0 1
v 0.657022 0.426594 0.746557 0 0 1
v 0.655728 0.427686 0.749989 0 0 1
v 0.65663 0.426849 0.753613 0 0 1
v 0.6592 0.424574 0.755305 0 0 1
v 0.661932 0.422193 0.754075 0 0 1
v 0.663226 0.421101 0.750643 0 0 1
v 0.65775 0.416723 0.746954 0 0 1
v 0.65518 0.418998 0.745261 0 0 1
v 0.652448 0.421378 0.746491 0 0 1
v 0.651154 0.42247 0.749923 0 0 1
v 0.652056 0.421633 0.753547 0 0 1
v 0.654626 0.419358 0.755239 0 0 1
v 0.657358 0.416978 0.754009 0 0 1
v 0.658652 0.415886 0.750577 0 0 1
v 0.653176 0.411507 0.746888 0 0 1
v 0.650606 0.413782 0.745196 0 0 1
v 0.647874 0.416163 0.746426 0 0 1
v 0.64658 0.417255 0.749858 0 0 1
v 0.647482 0.416418 0.753481 0 0 1
v 0.650052 0.414143 0.755174 0 0 1
v 0.652784 0.411762 0.753944 0 0 1
v 0.654078 0.41067 0.750512 0 0 1
v 0.684041 0.457896 0.7507 0 0 1
v 0.668625 0.434824 0.750447 0 0 1
v 0.687512 0.455608 0.747922 0 0 1
v 0.684877 0.457391 0.745796 0 0 1
v 0.681752 0.459471 0.746543 0 0 1
v 0.679969 0.460628 0.749724 0 0 1
v 0.68057 0.460185 0.753477 0 0 1
v 0.683205 0.458401 0.755603 0 0 1
v 0.68633 0.456321 0.754857 0 0 1
v 0.688114 0.455164 0.751675 0 0 1
v 0.683658 0.44984 0.747859 0 0 1
v 0.681023 0.451624 0.745733 0 0 1
v 0.677898 0.453703 0.746479 0 0 1
v 0.676115 0.45486 0.749661 0 0 1
v 0.676716 0.454417 0.753414 0 0 1
v 0.679351 0.452633 0.75554 0 0 1
v 0.682476 0.450554 0.754794 0 0 1
v 0.68426 0.449396 0.751612 0 0 1
v 0.679804 0.444072 0.747796 0 0 1
v 0.677169 0.445856 0.74567 0 0 1
v 0.674044 0.447935 0.746416 0 0 1
v 0.672261 0.449092 0.749598 0 0 1
v 0.672862 0.448649 0.753351 0 0 1
v 0.675497 0.446865 0.755477 0 0 1
v 0.678622 0.444786 0.75473 0 0 1
v 0.680406 0.443628 0.751549 0 0 1
v 0.67595 0.438304 0.747732 0 0 1
v 0.673315 0.440088 0.745606 0 0 1
v 0.67019 0.442167 0.746353 0 0 1
v 0.668406 0.443324 0.749535 0 0 1
v 0.669008 0.442881 0.753288 0 0 1
v 0.671643 0.441097 0.755414 0 0 1
v 0.674768 0.439018 0.754667 0 0 1
v 0.676551 0.437861 0.751486 0 0 1
v 0.672096 0.432536 0.747669 0 0 1
v 0.669461 0.43432 0.745543 0 0 1
v 0.666336 0.436399 0.74629 0 0 1
v 0.664552 0.437556 0.749472 0 0 1
v 0.665154 0.437113 0.753225 0 0 1
v 0.667789 0.435329 0.755351 0 0 1
v 0.670914 0.43325 0.754604 0 0 1
v 0.672697 0.432093 0.751422 0 0 1
v 0.696314 0.482783 0.750938 0 0 1
v 0.684041 0.457896 0.7507 0 0 1
v 0.700344 0.480817 0.748727 0 0 1
v 0.697774 0.482109 0.746204 0 0 1
v 0.694348 0.483796 0.746454 0 0 1
v 0.692074 0.484889 0.749331 0 0 1
v 0.692284 0.484749 0.75315 0 0 1
v 0.694855 0.483457 0.755673 0 0 1
v 0.69828 0.48177 0.755423 0 0 1
v 0.700554 0.480676 0.752546 0 0 1
v 0.697276 0.474595 0.748667 0 0 1
v 0.694705 0.475887 0.746144 0 0 1
v 0.69128 0.477574 0.746395 0 0 1
v 0.689006 0.478668 0.749272 0 0 1
v 0.689216 0.478528 0.75309 0 0 1
v 0.691786 0.477236 0.755613 0 0 1
v 0.695212 0.475549 0.755363 0 0 1
v 0.697486 0.474455 0.752486 0 0 1
v 0.694208 0.468373 0.748608 0 0 1
v 0.691637 0.469665 0.746085 0 0 1
v 0.688211 0.471352 0.746335 0 0 1
v 0.685937 0.472446 0.749212 0 0 1
v 0.686147 0.472306 0.75303 0 0 1
v 0.688718 0.471014 0.755554 0 0 1
v 0.692144 0.469327 0.755303 0 0 1
v 0.694418 0.468233 0.752426 0 0 1
v 0.69114 0.462152 0.748548 0 0 1
v 0.688569 0.463444 0.746025 0 0 1
v 0.685143 0.465131 0.746275 0 0 1
v 0.682869 0.466224 0.749152 0 0 1
v 0.683079 0.466084 0.752971 0 0 1
v 0.68565 0.464792 0.755494 0 0 1
v 0.689076 0.463105 0.755244 0 0 1
v 0.69135 0.462011 0.752366 0 0 1
v 0.688071 0.45593 0.748488 0 0 1
v 0.685501 0.457222 0.745965 0 0 1
v 0.682075 0.458909 0.746215 0 0 1
v 0.679801 0.460003 0.749093 0 0 1
v 0.680011 0.459863 0.752911 0 0 1
v 0.682582 0.458571 0.755434 0 0 1
v 0.686007 0.456884 0.755184 0 0 1
v 0.688281 0.45579 0.752307 0 0 1
v 0.705234 0.509059 0.751159 0 0 1
v 0.696314 0.482783 0.750938 0 0 1
v 0.709721 0.507549 0.749552 0 0 1
v 0.707339 0.508382 0.746675 0 0 1
v 0.703724 0.509611 0.746425 0 0 1
v 0.700993 0.510517 0.748948 0 0 1
v 0.700746 0.510569 0.752766 0 0 1
v 0.703128 0.509736 0.755644 0 0 1
v 0.706743 0.508507 0.755894 0 0 1
v 0.709474 0.507601 0.753371 0 0 1
v 0.707491 0.50098 0.749497 0 0 1
v 0.705109 0.501813 0.74662 0 0 1
v 0.701494 0.503042 0.74637 0 0 1
v 0.698763 0.503948 0.748893 0 0 1
v 0.698516 0.504 0.752711 0 0 1
v 0.700898 0.503167 0.755588 0 0 1
v 0.704513 0.501938 0.755839 0 0 1
v 0.707244 0.501032 0.753315 0 0 1
v 0.705261 0.494411 0.749442 0 0 1
v 0.702879 0.495244 0.746565 0 0 1
v 0.699264 0.496473 0.746314 0 0 1
v 0.696533 0.497379 0.748838 0 0 1
v 0.696286 0.497431 0.752656 0 0 1
v 0.698668 0.496598 0.755533 0 0 1
v 0.702284 0.495369 0.755783 0 0 1
v 0.705015 0.494463 0.75326 0 0 1
v 0.703031 0.487842 0.749387 0 0 1
v 0.700649 0.488675 0.746509 0 0 1
v 0.697034 0.489904 0.746259 0 0 1
v 0.694303 0.49081 0.748782 0 0 1
v 0.694056 0.490862 0.752601 0 0 1
v 0.696438 0.490029 0.755478 0 0 1
v 0.700054 0.4888 0.755728 0 0 1
v 0.702785 0.487894 0.753205 0 0 1
v 0.700802 0.481273 0.749331 0 0 1
v 0.69842 0.482106 0.746454 0 0 1
v 0.694804 0.483335 0.746204 0 0 1
v 0.692073 0.484241 0.748727 0 0 1
v 0.691827 0.484293 0.752546 0 0 1
v 0.694209 0.48346 0.755423 0 0 1
v 0.697824 0.482231 0.755673 0 0 1
v 0.700555 0.481325 0.75315 0 0 1
v 0.710647 0.536274 0.751358 0 0 1
v 0.705234 0.509059 0.751159 0 0 1
v 0.715458 0.535325 0.750383 0 0 1
v 0.713377 0.535762 0.747201 0 0 1
v 0.709697 0.536499 0.746455 0 0 1
v 0.706573 0.537105 0.748581 0 0 1
v 0.705836 0.537224 0.752334 0 0 1
v 0.707917 0.536787 0.755516 0 0 1
v 0.711597 0.53605 0.756262 0 0 1
v 0.714721 0.535444 0.754136 0 0 1
v 0.714105 0.528521 0.750333 0 0 1
v 0.712024 0.528958 0.747151 0 0 1
v 0.708344 0.529695 0.746405 0 0 1
v 0.70522 0.530301 0.748531 0 0 1
v 0.704483 0.53042 0.752284 0 0 1
v 0.706563 0.529983 0.755466 0 0 1
v 0.710244 0.529246 0.756212 0 0 1
v 0.713367 0.52864 0.754086 0 0 1
v 0.712751 0.521717 0.750283 0 0 1
v 0.710671 0.522154 0.747102 0 0 1
v 0.70699 0.522892 0.746355 0 0 1
v 0.703867 0.523497 0.748481 0 0 1
v 0.703129 0.523617 0.752234 0 0 1
v 0.70521 0.523179 0.755416 0 0 1
v 0.70889 0.522442 0.756163 0 0 1
v 0.712014 0.521836 0.754037 0 0 1
v 0.711398 0.514913 0.750234 0 0 1
v 0.709317 0.51535 0.747052 0 0 1
v 0.705637 0.516088 0.746305 0 0 1
v 0.702513 0.516693 0.748431 0 0 1
v 0.701776 0.516813 0.752185 0 0 1
v 0.703857 0.516376 0.755366 0 0 1
v 0.707537 0.515638 0.756113 0 0 1
v 0.710661 0.515032 0.753987 0 0 1
v 0.710045 0.508109 0.750184 0 0 1
v 0.707964 0.508546 0.747002 0 0 1
v 0.704284 0.509284 0.746255 0 0 1
v 0.70116 0.50989 0.748382 0 0 1
v 0.700423 0.510009 0.752135 0 0 1
v 0.702503 0.509572 0.755317 0 0 1
v 0.706183 0.508834 0.756063 0 0 1
v 0.709307 0.508228 0.753937 0 0 1
v 0.712462 0.563964 0.751532 0 0 1
v 0.710647 0.536274 0.751358 0 0 1
v 0.717441 0.56364 0.751205 0 0 1
v 0.715753 0.563772 0.747773 0 0 1
v 0.712138 0.564017 0.746543 0 0 1
v 0.708712 0.56423 0.748236 0 0 1
v 0.707483 0.564288 0.751859 0 0 1
v 0.709171 0.564156 0.755292 0 0 1
v 0.712786 0.563911 0.756522 0 0 1
v 0.716212 0.563697 0.754829 0 0 1
v 0.716987 0.556717 0.751162 0 0 1
v 0.715299 0.55685 0.74773 0 0 1
v 0.711684 0.557094 0.7465 0 0 1
v 0.708258 0.557308 0.748192 0 0 1
v 0.707029 0.557366 0.751816 0 0 1
v 0.708717 0.557234 0.755248 0 0 1
v 0.712332 0.556989 0.756478 0 0 1
v 0.715758 0.556775 0.754786 0 0 1
v 0.716533 0.549795 0.751118 0 0 1
v 0.714846 0.549927 0.747686 0 0 1
v 0.71123 0.550172 0.746456 0 0 1
v 0.707805 0.550386 0.748149 0 0 1
v 0.706576 0.550444 0.751772 0 0 1
v 0.708263 0.550311 0.755205 0 0 1
v 0.711879 0.550067 0.756435 0 0 1
v 0.715304 0.549853 0.754742 0 0 1
v 0.71608 0.542873 0.751075 0 0 1
v 0.714392 0.543005 0.747643 0 0 1
v 0.710776 0.543249 0.746413 0 0 1
v 0.707351 0.543463 0.748105 0 0 1
v 0.706122 0.543521 0.751729 0 0 1
v 0.70781 0.543389 0.755161 0 0 1
v 0.711425 0.543144 0.756391 0 0 1
v 0.714851 0.54293 0.754699 0 0 1
v 0.715626 0.53595 0.751031 0 0 1
v 0.713938 0.536082 0.747599 0 0 1
v 0.710323 0.536327 0.746369 0 0 1
v 0.706897 0.536541 0.748062 0 0 1
v 0.705668 0.536599 0.751685 0 0 1
v 0.707356 0.536467 0.755118 0 0 1
v 0.710971 0.536222 0.756348 0 0 1
v 0.714397 0.536008 0.754655 0 0 1
v 0.873497 0.577659 0.249586 0 0 1
v 0.876504 0.623537 0.249582 0 0 1
v 0.878475 0.577333 0.249913 0 0 1
v 0.876787 0.577444 0.253345 0 0 1
v 0.873171 0.577681 0.254575 0 0 1
v 0.869746 0.577906 0.252883 0 0 1
v 0.868518 0.577986 0.249259 0 0 1
v 0.870207 0.577875 0.245827 0 0 1
v 0.873823 0.577638 0.244596 0 0 1
v 0.877248 0.577413 0.246289 0 0 1
v 0.879227 0.588803 0.249912 0 0 1
v 0.877538 0.588914 0.253344 0 0 1
v 0.873922 0.589151 0.254574 0 0 1
v 0.870497 0.589375 0.252882 0 0 1
v 0.86927 0.589455 0.249258 0 0 1
v 0.870959 0.589344 0.245826 0 0 1
v 0.874575 0.589107 0.244596 0 0 1
v 0.878 0.588883 0.246288 0 0 1
v 0.879979 0.600272 0.249911 0 0 1
v 0.87829 0.600383 0.253343 0 0 1
v 0.874674 0.60062 0.254573 0 0 1
v 0.871249 0.600844 0.252881 0 0 1
v 0.870022 0.600925 0.249257 0 0 1
v 0.871711 0.600814 0.245825 0 0 1
v 0.875327 0.600576 0.244595 0 0 1
v 0.878751 0.600352 0.246287 0 0 1
v 0.880731 0.611741 0.24991 0 0 1
v 0.879042 0.611852 0.253342 0 0 1
v 0.875426 0.612089 0.254572 0 0 1
v 0.872001 0.612314 0.25288 0 0 1
v 0.870773 0.612394 0.249256 0 0 1
v 0.872462 0.612283 0.245824 0 0 1
v 0.876078 0.612046 0.244594 0 0 1
v 0.879503 0.611821 0.246286 0 0 1
v 0.881482 0.623211 0.249909 0 0 1
v 0.879793 0.623322 0.253341 0 0 1
v 0.876178 0.623559 0.254571 0 0 1
v 0.872753 0.623783 0.252879 0 0 1
v 0.871525 0.623863 0.249255 0 0 1
v 0.873214 0.623752 0.245823 0 0 1
v 0.87683 0.623515 0.244593 0 0 1
v 0.880255 0.623291 0.246285 0 0 1
v 0.864528 0.532567 0.249559 0 0 1
v 0.873497 0.577659 0.249586 0 0 1
v 0.869337 0.53161 0.250534 0 0 1
v 0.867252 0.532023 0.253716 0 0 1
v 0.86357 0.532754 0.254463 0 0 1
v 0.86045 0.533376 0.252337 0 0 1
v 0.859718 0.533524 0.248584 0 0 1
v 0.861804 0.533111 0.245402 0 0 1
v 0.865485 0.53238 0.244655 0 0 1
v 0.868605 0.531758 0.246781 0 0 1
v 0.871579 0.542883 0.250541 0 0 1
v 0.869494 0.543296 0.253723 0 0 1
v 0.865813 0.544028 0.25447 0 0 1
v 0.862692 0.54465 0.252344 0 0 1
v 0.86196 0.544797 0.24859 0 0 1
v 0.864046 0.544384 0.245408 0 0 1
v 0.867727 0.543653 0.244662 0 0 1
v 0.870848 0.543031 0.246788 0 0 1
v 0.873822 0.554156 0.250548 0 0 1
v 0.871736 0.554569 0.25373 0 0 1
v 0.868055 0.555301 0.254476 0 0 1
v 0.864934 0.555923 0.25235 0 0 1
v 0.864203 0.556071 0.248597 0 0 1
v 0.866288 0.555658 0.245415 0 0 1
v 0.869969 0.554926 0.244668 0 0 1
v 0.87309 0.554304 0.246795 0 0 1
v 0.876064 0.565429 0.250555 0 0 1
v 0.873979 0.565842 0.253736 0 0 1
v 0.870297 0.566574 0.254483 0 0 1
v 0.867177 0.567196 0.252357 0 0 1
v 0.866445 0.567344 0.248604 0 0 1
v 0.868531 0.566931 0.245422 0 0 1
v 0.872212 0.566199 0.244675 0 0 1
v 0.875332 0.565577 0.246801 0 0 1
v 0.878306 0.576702 0.250561 0 0 1
v 0.876221 0.577115 0.253743 0 0 1
v 0.87254 0.577847 0.25449 0 0 1
v 0.869419 0.578469 0.252364 0 0 1
v 0.868687 0.578617 0.24861 0 0 1
v 0.870773 0.578204 0.245428 0 0 1
v 0.874454 0.577472 0.244682 0 0 1
v 0.877575 0.57685 0.246808 0 0 1
v 0.849749 0.489031 0.249502 0 0 1
v 0.864528 0.532567 0.249559 0 0 1
v 0.854232 0.487507 0.251109 0 0 1
v 0.851842 0.488315 0.253986 0 0 1
v 0.848225 0.489542 0.254237 0 0 1
v 0.845502 0.49047 0.251714 0 0 1
v 0.845266 0.490555 0.247895 0 0 1
v 0.847657 0.489747 0.245018 0 0 1
v 0.851273 0.48852 0.244767 0 0 1
v 0.853997 0.487592 0.247291 0 0 1
v 0.857927 0.498391 0.251124 0 0 1
v 0.855536 0.499199 0.254001 0 0 1
v 0.85192 0.500426 0.254251 0 0 1
v 0.849197 0.501354 0.251728 0 0 1
v 0.848961 0.501439 0.247909 0 0 1
v 0.851351 0.500631 0.245032 0 0 1
v 0.854968 0.499404 0.244782 0 0 1
v 0.857691 0.498476 0.247305 0 0 1
v 0.861621 0.509275 0.251138 0 0 1
v 0.859231 0.510083 0.254015 0 0 1
v 0.855615 0.51131 0.254265 0 0 1
v 0.852891 0.512238 0.251742 0 0 1
v 0.852656 0.512323 0.247923 0 0 1
v 0.855046 0.511515 0.245046 0 0 1
v 0.858662 0.510288 0.244796 0 0 1
v 0.861386 0.50936 0.247319 0 0 1
v 0.865316 0.520159 0.251152 0 0 1
v 0.862925 0.520967 0.254029 0 0 1
v 0.859309 0.522194 0.254279 0 0 1
v 0.856586 0.523122 0.251756 0 0 1
v 0.85635 0.523207 0.247938 0 0 1
v 0.858741 0.522399 0.24506 0 0 1
v 0.862357 0.521172 0.24481 0 0 1
v 0.86508 0.520244 0.247333 0 0 1
v 0.86901 0.531043 0.251166 0 0 1
v 0.86662 0.531851 0.254043 0 0 1
v 0.863004 0.533078 0.254294 0 0 1
v 0.86028 0.534006 0.25177 0 0 1
v 0.860045 0.534091 0.247952 0 0 1
v 0.862435 0.533283 0.245075 0 0 1
v 0.866051 0.532056 0.244824 0 0 1
v 0.868775 0.531128 0.247348 0 0 1
v 0.829415 0.447796 0.249416 0 0 1
v 0.849749 0.489031 0.249502 0 0 1
v 0.833435 0.445809 0.251628 0 0 1
v 0.830852 0.447078 0.254151 0 0 1
v 0.827428 0.448767 0.253901 0 0 1
v 0.825167 0.449888 0.251023 0 0 1
v 0.825395 0.449784 0.247205 0 0 1
v 0.827977 0.448515 0.244682 0 0 1
v 0.831402 0.446826 0.244932 0 0 1
v 0.833663 0.445705 0.247809 0 0 1
v 0.838519 0.456118 0.251649 0 0 1
v 0.835936 0.457386 0.254172 0 0 1
v 0.832511 0.459076 0.253922 0 0 1
v 0.830251 0.460196 0.251045 0 0 1
v 0.830478 0.460092 0.247226 0 0 1
v 0.833061 0.458824 0.244703 0 0 1
v 0.836486 0.457135 0.244953 0 0 1
v 0.838746 0.456014 0.24783 0 0 1
v 0.843602 0.466427 0.251671 0 0 1
v 0.84102 0.467695 0.254194 0 0 1
v 0.837595 0.469384 0.253944 0 0 1
v 0.835334 0.470505 0.251066 0 0 1
v 0.835562 0.470401 0.247248 0 0 1
v 0.838145 0.469133 0.244725 0 0 1
v 0.841569 0.467443 0.244975 0 0 1
v 0.84383 0.466322 0.247852 0 0 1
v 0.848686 0.476735 0.251692 0 0 1
v 0.846103 0.478004 0.254215 0 0 1
v 0.842679 0.479693 0.253965 0 0 1
v 0.840418 0.480814 0.251088 0 0 1
v 0.840646 0.480709 0.247269 0 0 1
v 0.843228 0.479441 0.244746 0 0 1
v 0.846653 0.477752 0.244996 0 0 1
v 0.848913 0.476631 0.247873 0 0 1
v 0.853769 0.487044 0.251714 0 0 1
v 0.851187 0.488312 0.254237 0 0 1
v 0.847762 0.490002 0.253986 0 0 1
v 0.845502 0.491122 0.251109 0 0 1
v 0.845729 0.491018 0.247291 0 0 1
v 0.848312 0.48975 0.244767 0 0 1
v 0.851736 0.48806 0.245018 0 0 1
v 0.853997 0.48694 0.247895 0 0 1
v 0.803872 0.409569 0.249303 0 0 1
v 0.829415 0.447796 0.249416 0 0 1
v 0.807325 0.407253 0.25208 0 0 1
v 0.804677 0.409017 0.254207 0 0 1
v 0.801557 0.411104 0.25346 0 0 1
v 0.799794 0.412291 0.250278 0 0 1
v 0.800419 0.411884 0.246525 0 0 1
v 0.803068 0.410121 0.244399 0 0 1
v 0.806188 0.408034 0.245145 0 0 1
v 0.807951 0.406846 0.248327 0 0 1
v 0.813711 0.41681 0.252109 0 0 1
v 0.811062 0.418574 0.254235 0 0 1
v 0.807943 0.42066 0.253488 0 0 1
v 0.806179 0.421848 0.250307 0 0 1
v 0.806805 0.421441 0.246553 0 0 1
v 0.809454 0.419678 0.244427 0 0 1
v 0.812573 0.417591 0.245174 0 0 1
v 0.814337 0.416403 0.248356 0 0 1
v 0.820097 0.426367 0.252137 0 0 1
v 0.817448 0.428131 0.254263 0 0 1
v 0.814328 0.430217 0.253517 0 0 1
v 0.812565 0.431405 0.250335 0 0 1
v 0.813191 0.430998 0.246582 0 0 1
v 0.815839 0.429235 0.244456 0 0 1
v 0.818959 0.427148 0.245202 0 0 1
v 0.820722 0.42596 0.248384 0 0 1
v 0.826482 0.435924 0.252166 0 0 1
v 0.823834 0.437688 0.254292 0 0 1
v 0.820714 0.439774 0.253545 0 0 1
v 0.81895 0.440962 0.250363 0 0 1
v 0.819576 0.440555 0.24661 0 0 1
v 0.822225 0.438792 0.244484 0 0 1
v 0.825345 0.436705 0.24523 0 0 1
v 0.827108 0.435517 0.248412 0 0 1
v 0.832868 0.445481 0.252194 0 0 1
v 0.830219 0.447244 0.25432 0 0 1
v 0.8271 0.449331 0.253574 0 0 1
v 0.825336 0.450519 0.250392 0 0 1
v 0.825962 0.450112 0.246638 0 0 1
v 0.828611 0.448348 0.244512 0 0 1
v 0.83173 0.446262 0.245259 0 0 1
v 0.833494 0.445074 0.248441 0 0 1
v 0.773559 0.375002 0.249163 0 0 1
v 0.803872 0.409569 0.249303 0 0 1
v 0.776379 0.372516 0.25246 0 0 1
v 0.773795 0.374775 0.254153 0 0 1
v 0.771073 0.377167 0.252923 0 0 1
v 0.769807 0.378291 0.24949 0 0 1
v 0.770739 0.377488 0.245867 0 0 1
v 0.773323 0.375229 0.244174 0 0 1
v 0.776045 0.372837 0.245404 0 0 1
v 0.777311 0.371713 0.248836 0 0 1
v 0.783957 0.381158 0.252495 0 0 1
v 0.781373 0.383417 0.254187 0 0 1
v 0.778651 0.385809 0.252957 0 0 1
v 0.777385 0.386933 0.249525 0 0 1
v 0.778317 0.38613 0.245902 0 0 1
v 0.780901 0.383871 0.244209 0 0 1
v 0.783623 0.381479 0.245439 0 0 1
v 0.784889 0.380355 0.248871 0 0 1
v 0.791535 0.389799 0.25253 0 0 1
v 0.788952 0.392059 0.254222 0 0 1
v 0.786229 0.394451 0.252992 0 0 1
v 0.784964 0.395574 0.24956 0 0 1
v 0.785896 0.394772 0.245936 0 0 1
v 0.78848 0.392513 0.244244 0 0 1
v 0.791202 0.39012 0.245474 0 0 1
v 0.792467 0.388997 0.248906 0 0 1
v 0.799114 0.398441 0.252565 0 0 1
v 0.79653 0.4007 0.254257 0 0 1
v 0.793808 0.403092 0.253027 0 0 1
v 0.792542 0.404216 0.249595 0 0 1
v 0.793474 0.403413 0.245971 0 0 1
v 0.796058 0.401154 0.244279 0 0 1
v 0.79878 0.398762 0.245509 0 0 1
v 0.800046 0.397638 0.248941 0 0 1
v 0.806692 0.407083 0.252599 0 0 1
v 0.804108 0.409342 0.254292 0 0 1
v 0.801386 0.411734 0.253062 0 0 1
v 0.800121 0.412858 0.24963 0 0 1
v 0.801053 0.412055 0.246006 0 0 1
v 0.803636 0.409796 0.244313 0 0 1
v 0.806358 0.407404 0.245543 0 0 1
v 0.807624 0.40628 0.248976 0 0 1
v 0.738993 0.344688 0.249001 0 0 1
v 0.773559 0.375002 0.249163 0 0 1
v 0.741156 0.342201 0.25276 0 0 1
v 0.738764 0.344922 0.25399 0 0 1
v 0.736505 0.347507 0.252298 0 0 1
v 0.735704 0.34844 0.248674 0 0 1
v 0.736829 0.347176 0.245242 0 0 1
v 0.739222 0.344454 0.244012 0 0 1
v 0.74148 0.34187 0.245704 0 0 1
v 0.742282 0.340936 0.249328 0 0 1
v 0.749798 0.349779 0.252801 0 0 1
v 0.747405 0.352501 0.254031 0 0 1
v 0.745147 0.355085 0.252338 0 0 1
v 0.744345 0.356019 0.248715 0 0 1
v 0.74547 0.354754 0.245282 0 0 1
v 0.747863 0.352033 0.244052 0 0 1
v 0.750122 0.349448 0.245745 0 0 1
v 0.750923 0.348515 0.249368 0 0 1
v 0.758439 0.357358 0.252841 0 0 1
v 0.756047 0.360079 0.254071 0 0 1
v 0.753788 0.362664 0.252379 0 0 1
v 0.752987 0.363597 0.248755 0 0 1
v 0.754112 0.362333 0.245323 0 0 1
v 0.756505 0.359611 0.244093 0 0 1
v 0.758763 0.357027 0.245785 0 0 1
v 0.759565 0.356093 0.249409 0 0 1
v 0.767081 0.364936 0.252882 0 0 1
v 0.764688 0.367658 0.254112 0 0 1
v 0.76243 0.370242 0.25242 0 0 1
v 0.761628 0.371176 0.248796 0 0 1
v 0.762754 0.369911 0.245364 0 0 1
v 0.765146 0.36719 0.244134 0 0 1
v 0.767405 0.364605 0.245826 0 0 1
v 0.768206 0.363672 0.24945 0 0 1
v 0.775722 0.372515 0.252923 0 0 1
v 0.77333 0.375236 0.254153 0 0 1
v 0.771071 0.377821 0.25246 0 0 1
v 0.77027 0.378754 0.248836 0 0 1
v 0.771395 0.37749 0.245404 0 0 1
v 0.773788 0.374768 0.244174 0 0 1
v 0.776046 0.372184 0.245867 0 0 1
v 0.776848 0.37125 0.24949 0 0 1
v 0.700766 0.319145 0.248818 0 0 1
v 0.738993 0.344688 0.249001 0 0 1
v 0.702295 0.316826 0.252975 0 0 1
v 0.700207 0.319945 0.253722 0 0 1
v 0.698447 0.322596 0.251596 0 0 1
v 0.698044 0.323225 0.247842 0 0 1
v 0.699236 0.321464 0.244661 0 0 1
v 0.701324 0.318345 0.243914 0 0 1
v 0.703085 0.315695 0.24604 0 0 1
v 0.703487 0.315066 0.249793 0 0 1
v 0.711852 0.323212 0.253021 0 0 1
v 0.709764 0.326331 0.253767 0 0 1
v 0.708003 0.328982 0.251641 0 0 1
v 0.707601 0.329611 0.247888 0 0 1
v 0.708793 0.32785 0.244706 0 0 1
v 0.710881 0.324731 0.24396 0 0 1
v 0.712641 0.32208 0.246086 0 0 1
v 0.713044 0.321451 0.249839 0 0 1
v 0.721409 0.329598 0.253067 0 0 1
v 0.719321 0.332717 0.253813 0 0 1
v 0.71756 0.335367 0.251687 0 0 1
v 0.717158 0.335996 0.247934 0 0 1
v 0.71835 0.334236 0.244752 0 0 1
v 0.720437 0.331117 0.244005 0 0 1
v 0.722198 0.328466 0.246131 0 0 1
v 0.7226 0.327837 0.249885 0 0 1
v 0.730965 0.335984 0.253112 0 0 1
v 0.728878 0.339103 0.253859 0 0 1
v 0.727117 0.341753 0.251733 0 0 1
v 0.726715 0.342382 0.24798 0 0 1
v 0.727906 0.340621 0.244798 0 0 1
v 0.729994 0.337502 0.244051 0 0 1
v 0.731755 0.334852 0.246177 0 0 1
v 0.732157 0.334223 0.249931 0 0 1
v 0.740522 0.342369 0.253158 0 0 1
v 0.738435 0.345488 0.253905 0 0 1
v 0.736674 0.348139 0.251779 0 0 1
v 0.736271 0.348768 0.248025 0 0 1
v 0.737463 0.347007 0.244844 0 0 1
v 0.739551 0.343888 0.244097 0 0 1
v 0.741312 0.341238 0.246223 0 0 1
v 0.741714 0.340609 0.249976 0 0 1
v 0.659532 0.298811 0.248617 0 0 1
v 0.700766 0.319145 0.248818 0 0 1
v 0.660492 0.296819 0.253102 0 0 1
v 0.658802 0.300243 0.253352 0 0 1
v 0.65754 0.302828 0.250829 0 0 1
v 0.657444 0.30306 0.24701 0 0 1
v 0.658571 0.300803 0.244133 0 0 1
v 0.660261 0.297378 0.243883 0 0 1
v 0.661524 0.294793 0.246406 0 0 1
v 0.661619 0.294561 0.250225 0 0 1
v 0.670801 0.301902 0.253152 0 0 1
v 0.669111 0.305327 0.253402 0 0 1
v 0.667848 0.307912 0.250879 0 0 1
v 0.667752 0.308144 0.24706 0 0 1
v 0.66888 0.305886 0.244183 0 0 1
v 0.670569 0.302462 0.243933 0 0 1
v 0.671832 0.299877 0.246456 0 0 1
v 0.671928 0.299645 0.250275 0 0 1
v 0.681109 0.306986 0.253202 0 0 1
v 0.679419 0.31041 0.253452 0 0 1
v 0.678157 0.312996 0.250929 0 0 1
v 0.678061 0.313227 0.24711 0 0 1
v 0.679188 0.31097 0.244233 0 0 1
v 0.680878 0.307546 0.243983 0 0 1
v 0.682141 0.30496 0.246506 0 0 1
v 0.682236 0.304728 0.250325 0 0 1
v 0.691418 0.31207 0.253252 0 0 1
v 0.689728 0.315494 0.253502 0 0 1
v 0.688465 0.318079 0.250979 0 0 1
v 0.688369 0.318311 0.247161 0 0 1
v 0.689497 0.316054 0.244283 0 0 1
v 0.691186 0.312629 0.244033 0 0 1
v 0.692449 0.310044 0.246556 0 0 1
v 0.692545 0.309812 0.250375 0 0 1
v 0.701726 0.317153 0.253302 0 0 1
v 0.700036 0.320578 0.253552 0 0 1
v 0.698774 0.323163 0.251029 0 0 1
v 0.698678 0.323395 0.247211 0 0 1
v 0.699805 0.321137 0.244334 0 0 1
v 0.701495 0.317713 0.244083 0 0 1
v 0.702758 0.315128 0.246606 0 0 1
v 0.702853 0.314896 0.250425 0 0 1
v 0.615996 0.284032 0.248403 0 0 1
v 0.659532 0.298811 0.248617 0 0 1
v 0.616492 0.282503 0.253138 0 0 1
v 0.615266 0.286119 0.252887 0 0 1
v 0.614467 0.288513 0.25001 0 0 1
v 0.614565 0.288282 0.246192 0 0 1
v 0.615501 0.285561 0.243668 0 0 1
v 0.616727 0.281945 0.243919 0 0 1
v 0.617525 0.279551 0.246796 0 0 1
v 0.617428 0.279782 0.250614 0 0 1
v 0.627376 0.286198 0.253191 0 0 1
v 0.626149 0.289814 0.252941 0 0 1
v 0.625351 0.292208 0.250064 0 0 1
v 0.625448 0.291976 0.246245 0 0 1
v 0.626384 0.289256 0.243722 0 0 1
v 0.627611 0.285639 0.243972 0 0 1
v 0.628409 0.283246 0.246849 0 0 1
v 0.628312 0.283477 0.250668 0 0 1
v 0.63826 0.289892 0.253245 0 0 1
v 0.637033 0.293509 0.252995 0 0 1
v 0.636235 0.295902 0.250117 0 0 1
v 0.636332 0.295671 0.246299 0 0 1
v 0.637268 0.29295 0.243776 0 0 1
v 0.638495 0.289334 0.244026 0 0 1
v 0.639293 0.28694 0.246903 0 0 1
v 0.639196 0.287172 0.250722 0 0 1
v 0.649144 0.293587 0.253298 0 0 1
v 0.647917 0.297203 0.253048 0 0 1
v 0.647119 0.299597 0.250171 0 0 1
v 0.647216 0.299366 0.246352 0 0 1
v 0.648152 0.296645 0.243829 0 0 1
v 0.649378 0.293029 0.244079 0 0 1
v 0.650177 0.290635 0.246957 0 0 1
v 0.65008 0.290866 0.250775 0 0 1
v 0.660027 0.297282 0.253352 0 0 1
v 0.658801 0.300898 0.253102 0 0 1
v 0.658003 0.303292 0.250225 0 0 1
v 0.6581 0.30306 0.246406 0 0 1
v 0.659036 0.30034 0.243883 0 0 1
v 0.660262 0.296723 0.244133 0 0 1
v 0.661061 0.29433 0.24701 0 0 1
v 0.660963 0.294561 0.250829 0 0 1
v 0.570904 0.275062 0.248178 0 0 1
v 0.615996 0.284032 0.248403 0 0 1
v 0.571071 0.274101 0.253082 0 0 1
v 0.570342 0.277783 0.252336 0 0 1
v 0.569943 0.279871 0.249154 0 0 1
v 0.570107 0.279143 0.245401 0 0 1
v 0.570738 0.276024 0.243275 0 0 1
v 0.571466 0.272342 0.244021 0 0 1
v 0.571866 0.270254 0.247203 0 0 1
v 0.571702 0.270982 0.250956 0 0 1
v 0.582344 0.276343 0.253138 0 0 1
v 0.581615 0.280025 0.252392 0 0 1
v 0.581216 0.282114 0.24921 0 0 1
v 0.58138 0.281385 0.245457 0 0 1
v 0.582011 0.278266 0.243331 0 0 1
v 0.582739 0.274584 0.244077 0 0 1
v 0.583139 0.272496 0.247259 0 0 1
v 0.582975 0.273225 0.251012 0 0 1
v 0.593617 0.278586 0.253195 0 0 1
v 0.592888 0.282268 0.252448 0 0 1
v 0.592489 0.284356 0.249266 0 0 1
v 0.592653 0.283627 0.245513 0 0 1
v 0.593283 0.280509 0.243387 0 0 1
v 0.594012 0.276827 0.244133 0 0 1
v 0.594412 0.274738 0.247315 0 0 1
v 0.594248 0.275467 0.251069 0 0 1
v 0.60489 0.280828 0.253251 0 0 1
v 0.604161 0.28451 0.252504 0 0 1
v 0.603762 0.286598 0.249322 0 0 1
v 0.603925 0.28587 0.245569 0 0 1
v 0.604556 0.282751 0.243443 0 0 1
v 0.605285 0.279069 0.24419 0 0 1
v 0.605685 0.276981 0.247371 0 0 1
v 0.605521 0.27771 0.251125 0 0 1
v 0.616163 0.283071 0.253307 0 0 1
v 0.615434 0.286753 0.25256 0 0 1
v 0.615035 0.288841 0.249379 0 0 1
v 0.615198 0.288112 0.245625 0 0 1
v 0.615829 0.284993 0.243499 0 0 1
v 0.616558 0.281312 0.244246 0 0 1
v 0.616958 0.279223 0.247428 0 0 1
v 0.616794 0.279952 0.251181 0 0 1
v 0.525027 0.272055 0.247947 0 0 1
v 0.570904 0.275062 0.248178 0 0 1
v 0.525024 0.271727 0.252937 0 0 1
v 0.524793 0.275344 0.251706 0 0 1
v 0.5247 0.277034 0.248274 0 0 1
v 0.524798 0.275808 0.244651 0 0 1
v 0.525031 0.272383 0.242958 0 0 1
v 0.525262 0.268767 0.244188 0 0 1
v 0.525355 0.267077 0.24762 0 0 1
v 0.525257 0.268303 0.251244 0 0 1
v 0.536493 0.272479 0.252994 0 0 1
v 0.536262 0.276096 0.251764 0 0 1
v 0.536169 0.277786 0.248332 0 0 1
v 0.536267 0.276559 0.244708 0 0 1
v 0.5365 0.273135 0.243016 0 0 1
v 0.536731 0.269519 0.244246 0 0 1
v 0.536825 0.267829 0.247678 0 0 1
v 0.536726 0.269055 0.251302 0 0 1
v 0.547962 0.273231 0.253052 0 0 1
v 0.547731 0.276847 0.251822 0 0 1
v 0.547638 0.278537 0.24839 0 0 1
v 0.547737 0.277311 0.244766 0 0 1
v 0.54797 0.273887 0.243074 0 0 1
v 0.5482 0.270271 0.244304 0 0 1
v 0.548294 0.26858 0.247736 0 0 1
v 0.548195 0.269807 0.25136 0 0 1
v 0.559431 0.273983 0.25311 0 0 1
v 0.559201 0.277599 0.25188 0 0 1
v 0.559107 0.279289 0.248448 0 0 1
v 0.559206 0.278063 0.244824 0 0 1
v 0.559439 0.274639 0.243131 0 0 1
v 0.55967 0.271022 0.244361 0 0 1
v 0.559763 0.269332 0.247794 0 0 1
v 0.559664 0.270558 0.251417 0 0 1
v 0.570901 0.274735 0.253168 0 0 1
v 0.57067 0.278351 0.251938 0 0 1
v 0.570576 0.280041 0.248505 0 0 1
v 0.570675 0.278815 0.244882 0 0 1
v 0.570908 0.27539 0.243189 0 0 1
v 0.571139 0.271774 0.244419 0 0 1
v 0.571232 0.270084 0.247851 0 0 1
v 0.571134 0.27131 0.251475 0 0 1
v 0.479151 0.275062 0.247714 0 0 1
v 0.525027 0.272055 0.247947 0 0 1
v 0.479147 0.27539 0.252703 0 0 1
v 0.47938 0.278815 0.25101 0 0 1
v 0.479479 0.280041 0.247387 0 0 1
v 0.479385 0.278351 0.243955 0 0 1
v 0.479155 0.274734 0.242725 0 0 1
v 0.478921 0.27131 0.244417 0 0 1
v 0.478823 0.270084 0.248041 0 0 1
v 0.478916 0.271774 0.251473 0 0 1
v 0.490616 0.274639 0.252761 0 0 1
v 0.490849 0.278063 0.251069 0 0 1
v 0.490948 0.279289 0.247445 0 0 1
v 0.490854 0.277599 0.244013 0 0 1
v 0.490624 0.273983 0.242783 0 0 1
v 0.490391 0.270558 0.244475 0 0 1
v 0.490292 0.269332 0.248099 0 0 1
v 0.490385 0.271022 0.251531 0 0 1
v 0.502085 0.273887 0.25282 0 0 1
v 0.502318 0.277311 0.251127 0 0 1
v 0.502417 0.278537 0.247504 0 0 1
v 0.502324 0.276847 0.244071 0 0 1
v 0.502093 0.273231 0.242841 0 0 1
v 0.50186 0.269807 0.244534 0 0 1
v 0.501761 0.26858 0.248158 0 0 1
v 0.501854 0.27027 0.25159 0 0 1
v 0.513554 0.273135 0.252878 0 0 1
v 0.513787 0.276559 0.251186 0 0 1
v 0.513886 0.277786 0.247562 0 0 1
v 0.513793 0.276096 0.24413 0 0 1
v 0.513562 0.272479 0.2429 0 0 1
v 0.513329 0.269055 0.244592 0 0 1
v 0.51323 0.267829 0.248216 0 0 1
v 0.513324 0.269519 0.251648 0 0 1
v 0.525024 0.272383 0.252937 0 0 1
v 0.525257 0.275808 0.251244 0 0 1
v 0.525355 0.277034 0.24762 0 0 1
v 0.525262 0.275344 0.244188 0 0 1
v 0.525031 0.271727 0.242958 0 0 1
v 0.524798 0.268303 0.244651 0 0 1
v 0.5247 0.267077 0.248274 0 0 1
v 0.524793 0.268767 0.251706 0 0 1
v 0.434059 0.284032 0.247482 0 0 1
v 0.479151 0.275062 0.247714 0 0 1
v 0.434225 0.284993 0.252386 0 0 1
v 0.434856 0.288112 0.250259 0 0 1
v 0.43502 0.28884 0.246506 0 0 1
v 0.434621 0.286752 0.243324 0 0 1
v 0.433893 0.28307 0.242578 0 0 1
v 0.433261 0.279951 0.244704 0 0 1
v 0.433097 0.279223 0.248457 0 0 1
v 0.433496 0.281311 0.251639 0 0 1
v 0.445498 0.282751 0.252444 0 0 1
v 0.446129 0.28587 0.250318 0 0 1
v 0.446293 0.286598 0.246564 0 0 1
v 0.445894 0.28451 0.243382 0 0 1
v 0.445166 0.280828 0.242636 0 0 1
v 0.444534 0.277709 0.244762 0 0 1
v 0.44437 0.276981 0.248515 0 0 1
v 0.444769 0.279069 0.251697 0 0 1
v 0.456771 0.280509 0.252502 0 0 1
v 0.457402 0.283627 0.250376 0 0 1
v 0.457566 0.284356 0.246622 0 0 1
v 0.457167 0.282267 0.24344 0 0 1
v 0.456439 0.278585 0.242694 0 0 1
v 0.455807 0.275467 0.24482 0 0 1
v 0.455643 0.274738 0.248573 0 0 1
v 0.456042 0.276827 0.251755 0 0 1
v 0.468044 0.278266 0.25256 0 0 1
v 0.468675 0.281385 0.250434 0 0 1
v 0.468839 0.282113 0.24668 0 0 1
v 0.46844 0.280025 0.243498 0 0 1
v 0.467712 0.276343 0.242752 0 0 1
v 0.46708 0.273224 0.244878 0 0 1
v 0.466916 0.272496 0.248631 0 0 1
v 0.467315 0.274584 0.251813 0 0 1
v 0.479317 0.276024 0.252618 0 0 1
v 0.479948 0.279142 0.250492 0 0 1
v 0.480112 0.279871 0.246738 0 0 1
v 0.479713 0.277783 0.243556 0 0 1
v 0.478985 0.274101 0.24281 0 0 1
v 0.478353 0.270982 0.244936 0 0 1
v 0.478189 0.270254 0.248689 0 0 1
v 0.478588 0.272342 0.251871 0 0 1
v 0.390523 0.29881 0.247255 0 0 1
v 0.434059 0.284032 0.247482 0 0 1
v 0.391018 0.300339 0.25199 0 0 1
v 0.391954 0.30306 0.249467 0 0 1
v 0.392053 0.303291 0.245648 0 0 1
v 0.391255 0.300897 0.242771 0 0 1
v 0.390029 0.297281 0.242521 0 0 1
v 0.389092 0.29456 0.245044 0 0 1
v 0.388994 0.294329 0.248862 0 0 1
v 0.389792 0.296723 0.251739 0 0 1
v 0.401902 0.296645 0.252046 0 0 1
v 0.402838 0.299365 0.249523 0 0 1
v 0.402937 0.299596 0.245705 0 0 1
v 0.402139 0.297202 0.242827 0 0 1
v 0.400913 0.293586 0.242577 0 0 1
v 0.399976 0.290866 0.2451 0 0 1
v 0.399878 0.290635 0.248919 0 0 1
v 0.400675 0.293028 0.251796 0 0 1
v 0.412786 0.29295 0.252103 0 0 1
v 0.413722 0.295671 0.24958 0 0 1
v 0.41382 0.295902 0.245761 0 0 1
v 0.413023 0.293508 0.242884 0 0 1
v 0.411796 0.289891 0.242634 0 0 1
v 0.41086 0.287171 0.245157 0 0 1
v 0.410762 0.28694 0.248976 0 0 1
v 0.411559 0.289334 0.251853 0 0 1
v 0.423669 0.289256 0.25216 0 0 1
v 0.424606 0.291976 0.249636 0 0 1
v 0.424704 0.292207 0.245818 0 0 1
v 0.423907 0.289813 0.242941 0 0 1
v 0.42268 0.286197 0.24269 0 0 1
v 0.421744 0.283476 0.245214 0 0 1
v 0.421645 0.283245 0.249032 0 0 1
v 0.422443 0.285639 0.251909 0 0 1
v 0.434553 0.285561 0.252216 0 0 1
v 0.43549 0.288282 0.249693 0 0 1
v 0.435588 0.288512 0.245874 0 0 1
v 0.43479 0.286119 0.242997 0 0 1
v 0.433564 0.282502 0.242747 0 0 1
v 0.432628 0.279782 0.24527 0 0 1
v 0.432529 0.279551 0.249089 0 0 1
v 0.433327 0.281945 0.251966 0 0 1
v 0.349289 0.319145 0.247038 0 0 1
v 0.390523 0.29881 0.247255 0 0 1
v 0.350248 0.321137 0.251522 0 0 1
v 0.351377 0.323394 0.248645 0 0 1
v 0.351282 0.323162 0.244826 0 0 1
v 0.35002 0.320576 0.242303 0 0 1
v 0.34833 0.317152 0.242554 0 0 1
v 0.347202 0.314895 0.245431 0 0 1
v 0.347297 0.315127 0.249249 0 0 1
v 0.348558 0.317713 0.251772 0 0 1
v 0.360557 0.316054 0.251576 0 0 1
v 0.361685 0.318311 0.248699 0 0 1
v 0.361591 0.318078 0.244881 0 0 1
v 0.360329 0.315492 0.242358 0 0 1
v 0.358639 0.312068 0.242608 0 0 1
v 0.357511 0.309811 0.245485 0 0 1
v 0.357605 0.310044 0.249304 0 0 1
v 0.358867 0.312629 0.251827 0 0 1
v 0.370865 0.31097 0.251631 0 0 1
v 0.371994 0.313227 0.248754 0 0 1
v 0.371899 0.312995 0.244935 0 0 1
v 0.370637 0.310409 0.242412 0 0 1
v 0.368947 0.306985 0.242662 0 0 1
v 0.367819 0.304728 0.245539 0 0 1
v 0.367914 0.30496 0.249358 0 0 1
v 0.369175 0.307546 0.251881 0 0 1
v 0.381174 0.305886 0.251685 0 0 1
v 0.382302 0.308143 0.248808 0 0 1
v 0.382208 0.307911 0.244989 0 0 1
v 0.380946 0.305325 0.242466 0 0 1
v 0.379256 0.301901 0.242716 0 0 1
v 0.378128 0.299644 0.245594 0 0 1
v 0.378222 0.299876 0.249412 0 0 1
v 0.379484 0.302462 0.251935 0 0 1
v 0.391482 0.300803 0.251739 0 0 1
v 0.392611 0.30306 0.248862 0 0 1
v 0.392516 0.302827 0.245044 0 0 1
v 0.391254 0.300242 0.24252 0 0 1
v 0.389564 0.296817 0.242771 0 0 1
v 0.388436 0.29456 0.245648 0 0 1
v 0.388531 0.294793 0.249467 0 0 1
v 0.389792 0.297378 0.25199 0 0 1
v 0.311062 0.344687 0.246834 0 0 1
v 0.349289 0.319145 0.247038 0 0 1
v 0.31259 0.347007 0.250991 0 0 1
v 0.313783 0.348767 0.247809 0 0 1
v 0.313382 0.348137 0.244056 0 0 1
v 0.311622 0.345486 0.24193 0 0 1
v 0.309534 0.342367 0.242676 0 0 1
v 0.308341 0.340607 0.245858 0 0 1
v 0.308742 0.341237 0.249612 0 0 1
v 0.310502 0.343888 0.251738 0 0 1
v 0.322147 0.340622 0.251042 0 0 1
v 0.32334 0.342381 0.24786 0 0 1
v 0.322939 0.341751 0.244107 0 0 1
v 0.321179 0.339101 0.241981 0 0 1
v 0.319091 0.335982 0.242727 0 0 1
v 0.317898 0.334222 0.245909 0 0 1
v 0.318299 0.334852 0.249663 0 0 1
v 0.320059 0.337503 0.251789 0 0 1
v 0.331704 0.334236 0.251093 0 0 1
v 0.332897 0.335996 0.247911 0 0 1
v 0.332496 0.335366 0.244158 0 0 1
v 0.330736 0.332715 0.242032 0 0 1
v 0.328648 0.329596 0.242779 0 0 1
v 0.327455 0.327836 0.24596 0 0 1
v 0.327856 0.328466 0.249714 0 0 1
v 0.329616 0.331117 0.25184 0 0 1
v 0.341261 0.32785 0.251144 0 0 1
v 0.342453 0.32961 0.247962 0 0 1
v 0.342053 0.32898 0.244209 0 0 1
v 0.340293 0.326329 0.242083 0 0 1
v 0.338205 0.32321 0.24283 0 0 1
v 0.337012 0.32145 0.246011 0 0 1
v 0.337413 0.32208 0.249765 0 0 1
v 0.339173 0.324731 0.251891 0 0 1
v 0.350817 0.321465 0.251195 0 0 1
v 0.35201 0.323224 0.248013 0 0 1
v 0.351609 0.322594 0.24426 0 0 1
v 0.349849 0.319943 0.242134 0 0 1
v 0.347761 0.316825 0.242881 0 0 1
v 0.346568 0.315065 0.246062 0 0 1
v 0.346969 0.315695 0.249816 0 0 1
v 0.348729 0.318346 0.251942 0 0 1
v 0.276496 0.375001 0.246646 0 0 1
v 0.311062 0.344687 0.246834 0 0 1
v 0.278658 0.37749 0.250405 0 0 1
v 0.279785 0.378753 0.246973 0 0 1
v 0.278985 0.377819 0.243349 0 0 1
v 0.276727 0.375234 0.241657 0 0 1
v 0.274334 0.372513 0.242887 0 0 1
v 0.273207 0.371249 0.246319 0 0 1
v 0.274007 0.372184 0.249943 0 0 1
v 0.276265 0.374769 0.251635 0 0 1
v 0.2873 0.369911 0.250452 0 0 1
v 0.288426 0.371175 0.24702 0 0 1
v 0.287626 0.37024 0.243396 0 0 1
v 0.285369 0.367655 0.241704 0 0 1
v 0.282976 0.364934 0.242934 0 0 1
v 0.281849 0.363671 0.246366 0 0 1
v 0.282649 0.364605 0.24999 0 0 1
v 0.284907 0.36719 0.251682 0 0 1
v 0.295941 0.362333 0.250499 0 0 1
v 0.297068 0.363596 0.247067 0 0 1
v 0.296268 0.362662 0.243443 0 0 1
v 0.29401 0.360077 0.241751 0 0 1
v 0.291617 0.357356 0.242981 0 0 1
v 0.290491 0.356092 0.246413 0 0 1
v 0.29129 0.357027 0.250037 0 0 1
v 0.293548 0.359612 0.251729 0 0 1
v 0.304583 0.354755 0.250546 0 0 1
v 0.305709 0.356018 0.247114 0 0 1
v 0.304909 0.355083 0.24349 0 0 1
v 0.302652 0.352498 0.241798 0 0 1
v 0.300259 0.349777 0.243028 0 0 1
v 0.299132 0.348514 0.24646 0 0 1
v 0.299932 0.349448 0.250084 0 0 1
v 0.30219 0.352033 0.251776 0 0 1
v 0.313224 0.347176 0.250593 0 0 1
v 0.314351 0.348439 0.247161 0 0 1
v 0.313551 0.347505 0.243537 0 0 1
v 0.311293 0.34492 0.241844 0 0 1
v 0.3089 0.342199 0.243075 0 0 1
v 0.307774 0.340935 0.246507 0 0 1
v 0.308574 0.34187 0.25013 0 0 1
v 0.310831 0.344455 0.251823 0 0 1
v 0.246183 0.409568 0.246478 0 0 1
v 0.276496 0.375001 0.246646 0 0 1
v 0.249001 0.412055 0.249775 0 0 1
v 0.249935 0.412856 0.246151 0 0 1
v 0.24867 0.411731 0.242719 0 0 1
v 0.245949 0.409338 0.241489 0 0 1
v 0.243364 0.40708 0.243182 0 0 1
v 0.242431 0.406279 0.246805 0 0 1
v 0.243695 0.407404 0.250238 0 0 1
v 0.246416 0.409797 0.251468 0 0 1
v 0.256579 0.403414 0.249817 0 0 1
v 0.257513 0.404215 0.246193 0 0 1
v 0.256249 0.403089 0.242761 0 0 1
v 0.253527 0.400697 0.241531 0 0 1
v 0.250943 0.398438 0.243224 0 0 1
v 0.250009 0.397637 0.246847 0 0 1
v 0.251273 0.398763 0.250279 0 0 1
v 0.253995 0.401155 0.25151 0 0 1
v 0.264158 0.394772 0.249859 0 0 1
v 0.265091 0.395573 0.246235 0 0 1
v 0.263827 0.394448 0.242803 0 0 1
v 0.261105 0.392055 0.241573 0 0 1
v 0.258521 0.389797 0.243266 0 0 1
v 0.257587 0.388996 0.246889 0 0 1
v 0.258852 0.390121 0.250321 0 0 1
v 0.261573 0.392514 0.251552 0 0 1
v 0.271736 0.386131 0.249901 0 0 1
v 0.27267 0.386932 0.246277 0 0 1
v 0.271405 0.385806 0.242845 0 0 1
v 0.268684 0.383414 0.241615 0 0 1
v 0.266099 0.381155 0.243308 0 0 1
v 0.265166 0.380354 0.246931 0 0 1
v 0.26643 0.38148 0.250363 0 0 1
v 0.269152 0.383872 0.251593 0 0 1
v 0.279315 0.377489 0.249943 0 0 1
v 0.280248 0.37829 0.246319 0 0 1
v 0.278984 0.377165 0.242887 0 0 1
v 0.276262 0.374772 0.241657 0 0 1
v 0.273678 0.372514 0.243349 0 0 1
v 0.272744 0.371712 0.246973 0 0 1
v 0.274009 0.372838 0.250405 0 0 1
v 0.27673 0.375231 0.251635 0 0 1
v 0.22064 0.447795 0.246333 0 0 1
v 0.246183 0.409568 0.246478 0 0 1
v 0.224092 0.450112 0.249111 0 0 1
v 0.224719 0.450517 0.245358 0 0 1
v 0.222957 0.449328 0.242176 0 0 1
v 0.219838 0.44724 0.241429 0 0 1
v 0.217188 0.445478 0.243555 0 0 1
v 0.216561 0.445073 0.247309 0 0 1
v 0.218323 0.446263 0.250491 0 0 1
v 0.221443 0.44835 0.251237 0 0 1
v 0.230478 0.440555 0.249147 0 0 1
v 0.231105 0.44096 0.245394 0 0 1
v 0.229343 0.439771 0.242212 0 0 1
v 0.226223 0.437683 0.241466 0 0 1
v 0.223574 0.435921 0.243592 0 0 1
v 0.222946 0.435516 0.247345 0 0 1
v 0.224709 0.436706 0.250527 0 0 1
v 0.227828 0.438793 0.251273 0 0 1
v 0.236863 0.430998 0.249184 0 0 1
v 0.23749 0.431403 0.24543 0 0 1
v 0.235728 0.430214 0.242248 0 0 1
v 0.232609 0.428127 0.241502 0 0 1
v 0.229959 0.426364 0.243628 0 0 1
v 0.229332 0.42596 0.247381 0 0 1
v 0.231094 0.427149 0.250563 0 0 1
v 0.234214 0.429236 0.25131 0 0 1
v 0.243249 0.421442 0.24922 0 0 1
v 0.243876 0.421846 0.245467 0 0 1
v 0.242114 0.420657 0.242285 0 0 1
v 0.238994 0.41857 0.241538 0 0 1
v 0.236345 0.416808 0.243664 0 0 1
v 0.235718 0.416403 0.247418 0 0 1
v 0.23748 0.417592 0.250599 0 0 1
v 0.240599 0.419679 0.251346 0 0 1
v 0.249634 0.411885 0.249256 0 0 1
v 0.250262 0.41229 0.245503 0 0 1
v 0.2485 0.4111 0.242321 0 0 1
v 0.24538 0.409013 0.241574 0 0 1
v 0.242731 0.407251 0.243701 0 0 1
v 0.242103 0.406846 0.247454 0 0 1
v 0.243866 0.408035 0.250636 0 0 1
v 0.246985 0.410122 0.251382 0 0 1
v 0.200306 0.48903 0.246213 0 0 1
v 0.22064 0.447795 0.246333 0 0 1
v 0.204325 0.491018 0.248425 0 0 1
v 0.204554 0.49112 0.244606 0 0 1
v 0.202294 0.489997 0.241729 0 0 1
v 0.19887 0.488308 0.241479 0 0 1
v 0.196286 0.487041 0.244002 0 0 1
v 0.196057 0.486939 0.24782 0 0 1
v 0.198317 0.488062 0.250698 0 0 1
v 0.201742 0.489752 0.250948 0 0 1
v 0.209409 0.48071 0.248455 0 0 1
v 0.209638 0.480811 0.244636 0 0 1
v 0.207378 0.479689 0.241759 0 0 1
v 0.203953 0.477999 0.241509 0 0 1
v 0.20137 0.476732 0.244032 0 0 1
v 0.201141 0.476631 0.24785 0 0 1
v 0.203401 0.477753 0.250728 0 0 1
v 0.206825 0.479443 0.250978 0 0 1
v 0.214492 0.470401 0.248485 0 0 1
v 0.214721 0.470503 0.244666 0 0 1
v 0.212461 0.46938 0.241789 0 0 1
v 0.209037 0.46769 0.241539 0 0 1
v 0.206454 0.466424 0.244062 0 0 1
v 0.206225 0.466322 0.24788 0 0 1
v 0.208484 0.467445 0.250758 0 0 1
v 0.211909 0.469134 0.251008 0 0 1
v 0.219576 0.460092 0.248515 0 0 1
v 0.219805 0.460194 0.244696 0 0 1
v 0.217545 0.459071 0.241819 0 0 1
v 0.21412 0.457382 0.241569 0 0 1
v 0.211537 0.456115 0.244092 0 0 1
v 0.211308 0.456014 0.24791 0 0 1
v 0.213568 0.457136 0.250788 0 0 1
v 0.216992 0.458826 0.251038 0 0 1
v 0.224659 0.449784 0.248545 0 0 1
v 0.224888 0.449885 0.244726 0 0 1
v 0.222629 0.448763 0.241849 0 0 1
v 0.219204 0.447073 0.241599 0 0 1
v 0.216621 0.445807 0.244122 0 0 1
v 0.216392 0.445705 0.24794 0 0 1
v 0.218652 0.446828 0.250818 0 0 1
v 0.222076 0.448517 0.251068 0 0 1
v 0.185527 0.532566 0.24612 0 0 1
v 0.200306 0.48903 0.246213 0 0 1
v 0.19001 0.534091 0.247728 0 0 1
v 0.189775 0.534003 0.243909 0 0 1
v 0.187052 0.533073 0.241386 0 0 1
v 0.183436 0.531846 0.241636 0 0 1
v 0.181045 0.531041 0.244513 0 0 1
v 0.18128 0.531128 0.248332 0 0 1
v 0.184002 0.532058 0.250855 0 0 1
v 0.187619 0.533285 0.250605 0 0 1
v 0.193704 0.523207 0.247751 0 0 1
v 0.19347 0.523119 0.243932 0 0 1
v 0.190747 0.522189 0.241409 0 0 1
v 0.187131 0.520962 0.241659 0 0 1
v 0.18474 0.520157 0.244536 0 0 1
v 0.184974 0.520244 0.248355 0 0 1
v 0.187697 0.521174 0.250878 0 0 1
v 0.191313 0.522401 0.250628 0 0 1
v 0.197399 0.512323 0.247774 0 0 1
v 0.197164 0.512235 0.243955 0 0 1
v 0.194442 0.511305 0.241432 0 0 1
v 0.190825 0.510078 0.241682 0 0 1
v 0.188434 0.509273 0.24456 0 0 1
v 0.188669 0.50936 0.248378 0 0 1
v 0.191392 0.51029 0.250901 0 0 1
v 0.195008 0.511517 0.250651 0 0 1
v 0.201093 0.501439 0.247797 0 0 1
v 0.200859 0.501351 0.243979 0 0 1
v 0.198136 0.500421 0.241455 0 0 1
v 0.19452 0.499194 0.241706 0 0 1
v 0.192129 0.498389 0.244583 0 0 1
v 0.192363 0.498476 0.248401 0 0 1
v 0.195086 0.499406 0.250925 0 0 1
v 0.198702 0.500633 0.250674 0 0 1
v 0.204788 0.490555 0.24782 0 0 1
v 0.204554 0.490467 0.244002 0 0 1
v 0.201831 0.489537 0.241479 0 0 1
v 0.198215 0.48831 0.241729 0 0 1
v 0.195823 0.487505 0.244606 0 0 1
v 0.196058 0.487592 0.248425 0 0 1
v 0.198781 0.488522 0.250948 0 0 1
v 0.202397 0.489749 0.250698 0 0 1
v 0.176558 0.577658 0.246056 0 0 1
v 0.185527 0.532566 0.24612 0 0 1
v 0.181368 0.578616 0.247032 0 0 1
v 0.180636 0.578465 0.243278 0 0 1
v 0.177516 0.577842 0.241152 0 0 1
v 0.173835 0.57711 0.241899 0 0 1
v 0.171749 0.5767 0.245081 0 0 1
v 0.17248 0.576851 0.248834 0 0 1
v 0.1756 0.577474 0.25096 0 0 1
v 0.179281 0.578206 0.250214 0 0 1
v 0.18361 0.567343 0.247048 0 0 1
v 0.182879 0.567192 0.243294 0 0 1
v 0.179758 0.566569 0.241168 0 0 1
v 0.176077 0.565837 0.241915 0 0 1
v 0.173991 0.565427 0.245097 0 0 1
v 0.174722 0.565578 0.24885 0 0 1
v 0.177842 0.566201 0.250976 0 0 1
v 0.181524 0.566933 0.25023 0 0 1
v 0.185852 0.55607 0.247064 0 0 1
v 0.185121 0.555919 0.24331 0 0 1
v 0.182001 0.555295 0.241184 0 0 1
v 0.178319 0.554564 0.241931 0 0 1
v 0.176233 0.554154 0.245113 0 0 1
v 0.176965 0.554305 0.248866 0 0 1
v 0.180085 0.554928 0.250992 0 0 1
v 0.183766 0.555659 0.250246 0 0 1
v 0.188095 0.544797 0.24708 0 0 1
v 0.187363 0.544646 0.243326 0 0 1
v 0.184243 0.544022 0.2412 0 0 1
v 0.180562 0.543291 0.241947 0 0 1
v 0.178476 0.542881 0.245129 0 0 1
v 0.179207 0.543031 0.248882 0 0 1
v 0.182327 0.543655 0.251008 0 0 1
v 0.186008 0.544386 0.250262 0 0 1
v 0.190337 0.533524 0.247096 0 0 1
v 0.189606 0.533373 0.243342 0 0 1
v 0.186485 0.532749 0.241216 0 0 1
v 0.182804 0.532018 0.241963 0 0 1
v 0.180718 0.531608 0.245145 0 0 1
v 0.181449 0.531758 0.248898 0 0 1
v 0.184569 0.532382 0.251024 0 0 1
v 0.188251 0.533113 0.250278 0 0 1
v 0.173551 0.623535 0.246022 0 0 1
v 0.176558 0.577658 0.246056 0 0 1
v 0.17853 0.623862 0.246349 0 0 1
v 0.177302 0.623779 0.242725 0 0 1
v 0.173878 0.623553 0.241033 0 0 1
v 0.170262 0.623317 0.242263 0 0 1
v 0.168573 0.623209 0.245695 0 0 1
v 0.1698 0.623292 0.249319 0 0 1
v 0.173225 0.623518 0.251011 0 0 1
v 0.176841 0.623754 0.249781 0 0 1
v 0.179281 0.612393 0.246358 0 0 1
v 0.178054 0.61231 0.242734 0 0 1
v 0.174629 0.612084 0.241041 0 0 1
v 0.171013 0.611848 0.242271 0 0 1
v 0.169324 0.61174 0.245704 0 0 1
v 0.170552 0.611823 0.249327 0 0 1
v 0.173976 0.612048 0.25102 0 0 1
v 0.177592 0.612285 0.24979 0 0 1
v 0.180033 0.600923 0.246366 0 0 1
v 0.178806 0.60084 0.242742 0 0 1
v 0.175381 0.600614 0.24105 0 0 1
v 0.171765 0.600378 0.24228 0 0 1
v 0.170076 0.60027 0.245712 0 0 1
v 0.171303 0.600353 0.249336 0 0 1
v 0.174728 0.600579 0.251029 0 0 1
v 0.178344 0.600815 0.249798 0 0 1
v 0.180785 0.589454 0.246375 0 0 1
v 0.179558 0.589371 0.242751 0 0 1
v 0.176133 0.589145 0.241058 0 0 1
v 0.172517 0.588909 0.242289 0 0 1
v 0.170828 0.588801 0.245721 0 0 1
v 0.172055 0.588884 0.249344 0 0 1
v 0.17548 0.58911 0.251037 0 0 1
v 0.179096 0.589346 0.249807 0 0 1
v 0.181537 0.577985 0.246383 0 0 1
v 0.180309 0.577901 0.24276 0 0 1
v 0.176885 0.577676 0.241067 0 0 1
v 0.173269 0.57744 0.242297 0 0 1
v 0.171579 0.577331 0.245729 0 0 1
v 0.172807 0.577415 0.249353 0 0 1
v 0.176232 0.57764 0.251046 0 0 1
v 0.179848 0.577876 0.249815 0 0 1
v 0.176558 0.669413 0.246018 0 0 1
v 0.173551 0.623535 0.246022 0 0 1
v 0.181537 0.669087 0.245691 0 0 1
v 0.179848 0.669197 0.242259 0 0 1
v 0.176232 0.669434 0.241029 0 0 1
v 0.172807 0.669659 0.242722 0 0 1
v 0.171579 0.669739 0.246345 0 0 1
v 0.173268 0.669629 0.249778 0 0 1
v 0.176884 0.669392 0.251008 0 0 1
v 0.180309 0.669167 0.249315 0 0 1
v 0.180785 0.657617 0.245692 0 0 1
v 0.179096 0.657728 0.24226 0 0 1
v 0.17548 0.657965 0.24103 0 0 1
v 0.172055 0.658189 0.242723 0 0 1
v 0.170828 0.65827 0.246346 0 0 1
v 0.172517 0.658159 0.249779 0 0 1
v 0.176133 0.657923 0.251009 0 0 1
v 0.179558 0.657698 0.249316 0 0 1
v 0.180033 0.646148 0.245693 0 0 1
v 0.178344 0.646258 0.242261 0 0 1
v 0.174728 0.646495 0.241031 0 0 1
v 0.171303 0.64672 0.242724 0 0 1
v 0.170076 0.646801 0.246347 0 0 1
v 0.171765 0.64669 0.249779 0 0 1
v 0.175381 0.646453 0.25101 0 0 1
v 0.178806 0.646229 0.249317 0 0 1
v 0.179281 0.634679 0.245694 0 0 1
v 0.177593 0.634789 0.242262 0 0 1
v 0.173977 0.635026 0.241032 0 0 1
v 0.170552 0.63525 0.242724 0 0 1
v 0.169324 0.635331 0.246348 0 0 1
v 0.171013 0.635221 0.24978 0 0 1
v 0.174629 0.634984 0.25101 0 0 1
v 0.178054 0.634759 0.249318 0 0 1
v 0.17853 0.623209 0.245695 0 0 1
v 0.176841 0.62332 0.242263 0 0 1
v 0.173225 0.623556 0.241033 0 0 1
v 0.1698 0.623781 0.242725 0 0 1
v 0.168573 0.623862 0.246349 0 0 1
v 0.170261 0.623751 0.249781 0 0 1
v 0.173877 0.623514 0.251011 0 0 1
v 0.177302 0.62329 0.249319 0 0 1
v 0.185527 0.714505 0.246045 0 0 1
v 0.176558 0.669413 0.246018 0 0 1
v 0.190337 0.713549 0.24507 0 0 1
v 0.188252 0.713966 0.241888 0 0 1
v 0.184571 0.714699 0.241141 0 0 1
v 0.18145 0.715318 0.243267 0 0 1
v 0.180718 0.715462 0.247021 0 0 1
v 0.182802 0.715045 0.250203 0 0 1
v 0.186484 0.714312 0.250949 0 0 1
v 0.189605 0.713693 0.248823 0 0 1
v 0.188095 0.702276 0.245063 0 0 1
v 0.18601 0.702693 0.241881 0 0 1
v 0.182329 0.703425 0.241135 0 0 1
v 0.179208 0.704045 0.243261 0 0 1
v 0.178475 0.704188 0.247014 0 0 1
v 0.18056 0.703772 0.250196 0 0 1
v 0.184241 0.703039 0.250942 0 0 1
v 0.187362 0.70242 0.248816 0 0 1
v 0.185853 0.691003 0.245056 0 0 1
v 0.183768 0.69142 0.241874 0 0 1
v 0.180087 0.692152 0.241128 0 0 1
v 0.176966 0.692772 0.243254 0 0 1
v 0.176233 0.692915 0.247007 0 0 1
v 0.178318 0.692499 0.250189 0 0 1
v 0.181999 0.691766 0.250936 0 0 1
v 0.18512 0.691147 0.24881 0 0 1
v 0.18361 0.67973 0.24505 0 0 1
v 0.181525 0.680147 0.241868 0 0 1
v 0.177844 0.680879 0.241121 0 0 1
v 0.174723 0.681499 0.243247 0 0 1
v 0.173991 0.681642 0.247001 0 0 1
v 0.176075 0.681226 0.250182 0 0 1
v 0.179757 0.680493 0.250929 0 0 1
v 0.182878 0.679873 0.248803 0 0 1
v 0.181368 0.668457 0.245043 0 0 1
v 0.179283 0.668873 0.241861 0 0 1
v 0.175602 0.669606 0.241114 0 0 1
v 0.172481 0.670226 0.243241 0 0 1
v 0.171748 0.670369 0.246994 0 0 1
v 0.173833 0.669952 0.250176 0 0 1
v 0.177514 0.66922 0.250922 0 0 1
v 0.180635 0.6686 0.248796 0 0 1
v 0.200306 0.758041 0.246102 0 0 1
v 0.185527 0.714505 0.246045 0 0 1
v 0.20479 0.756521 0.244495 0 0 1
v 0.202402 0.757336 0.241618 0 0 1
v 0.198786 0.758564 0.241367 0 0 1
v 0.19606 0.759485 0.243891 0 0 1
v 0.195822 0.759561 0.247709 0 0 1
v 0.19821 0.758747 0.250586 0 0 1
v 0.201826 0.757519 0.250837 0 0 1
v 0.204551 0.756597 0.248313 0 0 1
v 0.201095 0.745637 0.244481 0 0 1
v 0.198707 0.746452 0.241603 0 0 1
v 0.195091 0.74768 0.241353 0 0 1
v 0.192366 0.748601 0.243876 0 0 1
v 0.192127 0.748677 0.247695 0 0 1
v 0.194515 0.747863 0.250572 0 0 1
v 0.198131 0.746635 0.250822 0 0 1
v 0.200857 0.745713 0.248299 0 0 1
v 0.197401 0.734753 0.244466 0 0 1
v 0.195012 0.735568 0.241589 0 0 1
v 0.191397 0.736796 0.241339 0 0 1
v 0.188671 0.737717 0.243862 0 0 1
v 0.188433 0.737793 0.247681 0 0 1
v 0.190821 0.736979 0.250558 0 0 1
v 0.194437 0.735751 0.250808 0 0 1
v 0.197162 0.734829 0.248285 0 0 1
v 0.193706 0.723869 0.244452 0 0 1
v 0.191318 0.724684 0.241575 0 0 1
v 0.187702 0.725912 0.241325 0 0 1
v 0.184976 0.726833 0.243848 0 0 1
v 0.184738 0.726909 0.247667 0 0 1
v 0.187126 0.726095 0.250544 0 0 1
v 0.190742 0.724867 0.250794 0 0 1
v 0.193467 0.723945 0.248271 0 0 1
v 0.190011 0.712985 0.244438 0 0 1
v 0.187623 0.7138 0.241561 0 0 1
v 0.184007 0.715028 0.241311 0 0 1
v 0.181282 0.715949 0.243834 0 0 1
v 0.181043 0.716025 0.247652 0 0 1
v 0.183432 0.715211 0.25053 0 0 1
v 0.187047 0.713983 0.25078 0 0 1
v 0.189773 0.713061 0.248257 0 0 1
v 0.22064 0.799276 0.246188 0 0 1
v 0.200306 0.758041 0.246102 0 0 1
v 0.224664 0.797296 0.243977 0 0 1
v 0.222085 0.798573 0.241453 0 0 1
v 0.21866 0.800262 0.241704 0 0 1
v 0.216395 0.801373 0.244581 0 0 1
v 0.216616 0.801256 0.248399 0 0 1
v 0.219195 0.799979 0.250923 0 0 1
v 0.22262 0.79829 0.250672 0 0 1
v 0.224885 0.797179 0.247795 0 0 1
v 0.21958 0.786988 0.243955 0 0 1
v 0.217002 0.788264 0.241432 0 0 1
v 0.213577 0.789953 0.241682 0 0 1
v 0.211311 0.791064 0.244559 0 0 1
v 0.211533 0.790947 0.248378 0 0 1
v 0.214111 0.78967 0.250901 0 0 1
v 0.217536 0.787982 0.250651 0 0 1
v 0.219802 0.786871 0.247774 0 0 1
v 0.214497 0.776679 0.243934 0 0 1
v 0.211918 0.777956 0.24141 0 0 1
v 0.208493 0.779644 0.241661 0 0 1
v 0.206228 0.780755 0.244538 0 0 1
v 0.206449 0.780638 0.248356 0 0 1
v 0.209027 0.779362 0.25088 0 0 1
v 0.212453 0.777673 0.250629 0 0 1
v 0.214718 0.776562 0.247752 0 0 1
v 0.209413 0.76637 0.243912 0 0 1
v 0.206835 0.767647 0.241389 0 0 1
v 0.20341 0.769336 0.241639 0 0 1
v 0.201144 0.770447 0.244516 0 0 1
v 0.201366 0.77033 0.248335 0 0 1
v 0.203944 0.769053 0.250858 0 0 1
v 0.207369 0.767364 0.250608 0 0 1
v 0.209634 0.766253 0.247731 0 0 1
v 0.204329 0.756062 0.243891 0 0 1
v 0.201751 0.757339 0.241367 0 0 1
v 0.198326 0.759027 0.241618 0 0 1
v 0.196061 0.760138 0.244495 0 0 1
v 0.196282 0.760021 0.248313 0 0 1
v 0.19886 0.758744 0.250837 0 0 1
v 0.202285 0.757056 0.250586 0 0 1
v 0.204551 0.755945 0.247709 0 0 1
v 0.246183 0.837504 0.246302 0 0 1
v 0.22064 0.799276 0.246188 0 0 1
v 0.249643 0.8352 0.243524 0 0 1
v 0.247 0.836972 0.241398 0 0 1
v 0.243879 0.839055 0.242144 0 0 1
v 0.242106 0.84023 0.245326 0 0 1
v 0.242722 0.839808 0.249079 0 0 1
v 0.245365 0.838035 0.251205 0 0 1
v 0.248487 0.835952 0.250459 0 0 1
v 0.250259 0.834777 0.247277 0 0 1
v 0.243257 0.825643 0.243495 0 0 1
v 0.240615 0.827415 0.241369 0 0 1
v 0.237493 0.829498 0.242116 0 0 1
v 0.235721 0.830673 0.245298 0 0 1
v 0.236336 0.830251 0.249051 0 0 1
v 0.238979 0.828479 0.251177 0 0 1
v 0.242101 0.826395 0.25043 0 0 1
v 0.243873 0.82522 0.247249 0 0 1
v 0.236872 0.816086 0.243467 0 0 1
v 0.234229 0.817858 0.241341 0 0 1
v 0.231107 0.819942 0.242087 0 0 1
v 0.229335 0.821116 0.245269 0 0 1
v 0.229951 0.820694 0.249023 0 0 1
v 0.232593 0.818922 0.251149 0 0 1
v 0.235715 0.816838 0.250402 0 0 1
v 0.237487 0.815663 0.24722 0 0 1
v 0.230486 0.806529 0.243439 0 0 1
v 0.227843 0.808301 0.241312 0 0 1
v 0.224722 0.810385 0.242059 0 0 1
v 0.22295 0.811559 0.245241 0 0 1
v 0.223565 0.811137 0.248994 0 0 1
v 0.226208 0.809365 0.25112 0 0 1
v 0.22933 0.807281 0.250374 0 0 1
v 0.231102 0.806106 0.247192 0 0 1
v 0.224101 0.796972 0.24341 0 0 1
v 0.221458 0.798744 0.241284 0 0 1
v 0.218336 0.800828 0.242031 0 0 1
v 0.216564 0.802002 0.245212 0 0 1
v 0.21718 0.80158 0.248966 0 0 1
v 0.219822 0.799808 0.251092 0 0 1
v 0.222944 0.797724 0.250345 0 0 1
v 0.224716 0.79655 0.247163 0 0 1
v 0.276496 0.87207 0.246441 0 0 1
v 0.246183 0.837504 0.246302 0 0 1
v 0.279329 0.869599 0.243144 0 0 1
v 0.276752 0.871866 0.241451 0 0 1
v 0.274025 0.874252 0.242682 0 0 1
v 0.272746 0.875361 0.246114 0 0 1
v 0.273663 0.874541 0.249737 0 0 1
v 0.27624 0.872274 0.25143 0 0 1
v 0.278967 0.869888 0.2502 0 0 1
v 0.280247 0.86878 0.246768 0 0 1
v 0.271751 0.860957 0.243109 0 0 1
v 0.269174 0.863224 0.241417 0 0 1
v 0.266447 0.865611 0.242647 0 0 1
v 0.265167 0.866719 0.246079 0 0 1
v 0.266085 0.8659 0.249703 0 0 1
v 0.268662 0.863633 0.251395 0 0 1
v 0.271389 0.861246 0.250165 0 0 1
v 0.272668 0.860138 0.246733 0 0 1
v 0.264172 0.852316 0.243074 0 0 1
v 0.261595 0.854583 0.241382 0 0 1
v 0.258868 0.856969 0.242612 0 0 1
v 0.257589 0.858077 0.246044 0 0 1
v 0.258506 0.857258 0.249668 0 0 1
v 0.261084 0.854991 0.25136 0 0 1
v 0.26381 0.852605 0.25013 0 0 1
v 0.26509 0.851496 0.246698 0 0 1
v 0.256594 0.843674 0.24304 0 0 1
v 0.254017 0.845941 0.241347 0 0 1
v 0.25129 0.848327 0.242577 0 0 1
v 0.25001 0.849436 0.246009 0 0 1
v 0.250928 0.848616 0.249633 0 0 1
v 0.253505 0.84635 0.251326 0 0 1
v 0.256232 0.843963 0.250096 0 0 1
v 0.257511 0.842855 0.246663 0 0 1
v 0.249015 0.835032 0.243005 0 0 1
v 0.246438 0.837299 0.241312 0 0 1
v 0.243711 0.839686 0.242542 0 0 1
v 0.242432 0.840794 0.245974 0 0 1
v 0.24335 0.839975 0.249598 0 0 1
v 0.245927 0.837708 0.251291 0 0 1
v 0.248654 0.835321 0.250061 0 0 1
v 0.249933 0.834213 0.246629 0 0 1
v 0.311062 0.902384 0.246603 0 0 1
v 0.276496 0.87207 0.246441 0 0 1
v 0.313246 0.899914 0.242844 0 0 1
v 0.31086 0.902642 0.241614 0 0 1
v 0.308592 0.905218 0.243307 0 0 1
v 0.307772 0.906135 0.24693 0 0 1
v 0.308879 0.904854 0.250362 0 0 1
v 0.311265 0.902127 0.251593 0 0 1
v 0.313532 0.89955 0.2499 0 0 1
v 0.314353 0.898634 0.246276 0 0 1
v 0.304604 0.892336 0.242804 0 0 1
v 0.302218 0.895063 0.241573 0 0 1
v 0.299951 0.89764 0.243266 0 0 1
v 0.29913 0.898556 0.24689 0 0 1
v 0.300237 0.897276 0.250322 0 0 1
v 0.302623 0.894548 0.251552 0 0 1
v 0.304891 0.891972 0.249859 0 0 1
v 0.305711 0.891055 0.246236 0 0 1
v 0.295963 0.884757 0.242763 0 0 1
v 0.293577 0.887485 0.241533 0 0 1
v 0.291309 0.890061 0.243225 0 0 1
v 0.290489 0.890978 0.246849 0 0 1
v 0.291596 0.889697 0.250281 0 0 1
v 0.293982 0.88697 0.251511 0 0 1
v 0.296249 0.884393 0.249819 0 0 1
v 0.29707 0.883477 0.246195 0 0 1
v 0.287321 0.877179 0.242722 0 0 1
v 0.284935 0.879906 0.241492 0 0 1
v 0.282668 0.882483 0.243185 0 0 1
v 0.281847 0.883399 0.246808 0 0 1
v 0.282954 0.882119 0.250241 0 0 1
v 0.28534 0.879391 0.251471 0 0 1
v 0.287608 0.876815 0.249778 0 0 1
v 0.288428 0.875898 0.246154 0 0 1
v 0.27868 0.8696 0.242682 0 0 1
v 0.276294 0.872328 0.241452 0 0 1
v 0.274026 0.874904 0.243144 0 0 1
v 0.273206 0.875821 0.246768 0 0 1
v 0.274312 0.87454 0.2502 0 0 1
v 0.276699 0.871813 0.25143 0 0 1
v 0.278966 0.869236 0.249738 0 0 1
v 0.279787 0.86832 0.246114 0 0 1
v 0.349289 0.927927 0.246786 0 0 1
v 0.311062 0.902384 0.246603 0 0 1
v 0.350846 0.925627 0.242629 0 0 1
v 0.348764 0.928749 0.241882 0 0 1
v 0.346989 0.93139 0.244008 0 0 1
v 0.346562 0.932002 0.247762 0 0 1
v 0.347732 0.930228 0.250944 0 0 1
v 0.349815 0.927105 0.25169 0 0 1
v 0.35159 0.924464 0.249564 0 0 1
v 0.352017 0.923852 0.245811 0 0 1
v 0.34129 0.919241 0.242583 0 0 1
v 0.339207 0.922363 0.241837 0 0 1
v 0.337432 0.925004 0.243963 0 0 1
v 0.337005 0.925617 0.247716 0 0 1
v 0.338175 0.923842 0.250898 0 0 1
v 0.340258 0.92072 0.251644 0 0 1
v 0.342033 0.918079 0.249518 0 0 1
v 0.34246 0.917466 0.245765 0 0 1
v 0.331733 0.912855 0.242538 0 0 1
v 0.32965 0.915978 0.241791 0 0 1
v 0.327875 0.918619 0.243917 0 0 1
v 0.327448 0.919231 0.24767 0 0 1
v 0.328619 0.917456 0.250852 0 0 1
v 0.330701 0.914334 0.251599 0 0 1
v 0.332476 0.911693 0.249473 0 0 1
v 0.332904 0.91108 0.245719 0 0 1
v 0.322176 0.906469 0.242492 0 0 1
v 0.320093 0.909592 0.241745 0 0 1
v 0.318318 0.912233 0.243871 0 0 1
v 0.317891 0.912845 0.247624 0 0 1
v 0.319062 0.91107 0.250806 0 0 1
v 0.321145 0.907948 0.251553 0 0 1
v 0.32292 0.905307 0.249427 0 0 1
v 0.323347 0.904695 0.245674 0 0 1
v 0.312619 0.900084 0.242446 0 0 1
v 0.310537 0.903206 0.241699 0 0 1
v 0.308762 0.905847 0.243825 0 0 1
v 0.308335 0.90646 0.247579 0 0 1
v 0.309505 0.904685 0.250761 0 0 1
v 0.311588 0.901562 0.251507 0 0 1
v 0.313363 0.898921 0.249381 0 0 1
v 0.31379 0.898309 0.245628 0 0 1
v 0.390523 0.948262 0.246987 0 0 1
v 0.349289 0.927927 0.246786 0 0 1
v 0.391519 0.946287 0.242502 0 0 1
v 0.389831 0.949712 0.242252 0 0 1
v 0.388549 0.952288 0.244775 0 0 1
v 0.388423 0.952505 0.248594 0 0 1
v 0.389528 0.950237 0.251471 0 0 1
v 0.391216 0.946811 0.251721 0 0 1
v 0.392498 0.944236 0.249198 0 0 1
v 0.392624 0.944019 0.24538 0 0 1
v 0.38121 0.941203 0.242452 0 0 1
v 0.379522 0.944629 0.242202 0 0 1
v 0.37824 0.947204 0.244725 0 0 1
v 0.378114 0.947421 0.248544 0 0 1
v 0.379219 0.945153 0.251421 0 0 1
v 0.380907 0.941728 0.251671 0 0 1
v 0.38219 0.939152 0.249148 0 0 1
v 0.382315 0.938935 0.245329 0 0 1
v 0.370902 0.93612 0.242402 0 0 1
v 0.369214 0.939545 0.242152 0 0 1
v 0.367932 0.942121 0.244675 0 0 1
v 0.367806 0.942338 0.248494 0 0 1
v 0.368911 0.940069 0.251371 0 0 1
v 0.370599 0.936644 0.251621 0 0 1
v 0.371881 0.934068 0.249098 0 0 1
v 0.372007 0.933851 0.245279 0 0 1
v 0.360593 0.931036 0.242352 0 0 1
v 0.358905 0.934461 0.242102 0 0 1
v 0.357623 0.937037 0.244625 0 0 1
v 0.357497 0.937254 0.248444 0 0 1
v 0.358602 0.934986 0.251321 0 0 1
v 0.36029 0.93156 0.251571 0 0 1
v 0.361573 0.928985 0.249048 0 0 1
v 0.361698 0.928768 0.245229 0 0 1
v 0.350285 0.925952 0.242302 0 0 1
v 0.348597 0.929378 0.242052 0 0 1
v 0.347315 0.931953 0.244575 0 0 1
v 0.347189 0.93217 0.248393 0 0 1
v 0.348294 0.929902 0.251271 0 0 1
v 0.349982 0.926477 0.251521 0 0 1
v 0.351264 0.923901 0.248998 0 0 1
v 0.35139 0.923684 0.245179 0 0 1
v 0.434059 0.96304 0.247201 0 0 1
v 0.390523 0.948262 0.246987 0 0 1
v 0.434596 0.961526 0.242467 0 0 1
v 0.433368 0.965141 0.242717 0 0 1
v 0.432544 0.967526 0.245594 0 0 1
v 0.432607 0.967283 0.249413 0 0 1
v 0.433521 0.964555 0.251936 0 0 1
v 0.43475 0.96094 0.251685 0 0 1
v 0.435574 0.958555 0.248808 0 0 1
v 0.43551 0.958797 0.24499 0 0 1
v 0.423712 0.957831 0.242413 0 0 1
v 0.422484 0.961447 0.242663 0 0 1
v 0.42166 0.963832 0.24554 0 0 1
v 0.421724 0.963589 0.249359 0 0 1
v 0.422637 0.960861 0.251882 0 0 1
v 0.423866 0.957245 0.251632 0 0 1
v 0.42469 0.95486 0.248755 0 0 1
v 0.424626 0.955103 0.244936 0 0 1
v 0.412829 0.954136 0.242359 0 0 1
v 0.4116 0.957752 0.24261 0 0 1
v 0.410776 0.960137 0.245487 0 0 1
v 0.41084 0.959894 0.249305 0 0 1
v 0.411753 0.957166 0.251829 0 0 1
v 0.412982 0.95355 0.251578 0 0 1
v 0.413806 0.951165 0.248701 0 0 1
v 0.413742 0.951408 0.244883 0 0 1
v 0.401945 0.950442 0.242306 0 0 1
v 0.400716 0.954057 0.242556 0 0 1
v 0.399892 0.956442 0.245433 0 0 1
v 0.399956 0.9562 0.249252 0 0 1
v 0.40087 0.953471 0.251775 0 0 1
v 0.402098 0.949856 0.251525 0 0 1
v 0.402922 0.947471 0.248648 0 0 1
v 0.402858 0.947713 0.244829 0 0 1
v 0.391061 0.946747 0.242252 0 0 1
v 0.389832 0.950363 0.242502 0 0 1
v 0.389008 0.952748 0.24538 0 0 1
v 0.389072 0.952505 0.249198 0 0 1
v 0.389986 0.949777 0.251721 0 0 1
v 0.391214 0.946161 0.251471 0 0 1
v 0.392038 0.943776 0.248594 0 0 1
v 0.391975 0.944019 0.244775 0 0 1
v 0.479151 0.97201 0.247426 0 0 1
v 0.434059 0.96304 0.247201 0 0 1
v 0.479364 0.971058 0.242522 0 0 1
v 0.478629 0.974738 0.243268 0 0 1
v 0.478199 0.976821 0.24645 0 0 1
v 0.478326 0.976085 0.250204 0 0 1
v 0.478937 0.972962 0.25233 0 0 1
v 0.479673 0.969282 0.251583 0 0 1
v 0.480103 0.967199 0.248401 0 0 1
v 0.479975 0.967935 0.244648 0 0 1
v 0.468091 0.968816 0.242466 0 0 1
v 0.467356 0.972496 0.243212 0 0 1
v 0.466926 0.974578 0.246394 0 0 1
v 0.467053 0.973842 0.250147 0 0 1
v 0.467664 0.97072 0.252273 0 0 1
v 0.4684 0.967039 0.251527 0 0 1
v 0.46883 0.964957 0.248345 0 0 1
v 0.468702 0.965693 0.244592 0 0 1
v 0.456818 0.966573 0.24241 0 0 1
v 0.456083 0.970254 0.243156 0 0 1
v 0.455653 0.972336 0.246338 0 0 1
v 0.45578 0.9716 0.250091 0 0 1
v 0.456391 0.968477 0.252217 0 0 1
v 0.457127 0.964797 0.251471 0 0 1
v 0.457557 0.962715 0.248289 0 0 1
v 0.457429 0.96345 0.244536 0 0 1
v 0.445545 0.964331 0.242353 0 0 1
v 0.44481 0.968011 0.2431 0 0 1
v 0.44438 0.970093 0.246282 0 0 1
v 0.444507 0.969358 0.250035 0 0 1
v 0.445118 0.966235 0.252161 0 0 1
v 0.445854 0.962554 0.251415 0 0 1
v 0.446284 0.960472 0.248233 0 0 1
v 0.446156 0.961208 0.244479 0 0 1
v 0.434273 0.962088 0.242297 0 0 1
v 0.433537 0.965769 0.243044 0 0 1
v 0.433107 0.967851 0.246226 0 0 1
v 0.433234 0.967115 0.249979 0 0 1
v 0.433845 0.963992 0.252105 0 0 1
v 0.434581 0.960312 0.251358 0 0 1
v 0.435011 0.95823 0.248177 0 0 1
v 0.434883 0.958966 0.244423 0 0 1
v 0.525027 0.975017 0.247657 0 0 1
v 0.479151 0.97201 0.247426 0 0 1
v 0.525074 0.974692 0.242668 0 0 1
v 0.524831 0.978308 0.243898 0 0 1
v 0.524703 0.979996 0.24733 0 0 1
v 0.524765 0.978767 0.250954 0 0 1
v 0.524981 0.975342 0.252646 0 0 1
v 0.525224 0.971726 0.251416 0 0 1
v 0.525352 0.970038 0.247984 0 0 1
v 0.52529 0.971267 0.24436 0 0 1
v 0.513605 0.973941 0.24261 0 0 1
v 0.513361 0.977556 0.24384 0 0 1
v 0.513234 0.979244 0.247272 0 0 1
v 0.513296 0.978015 0.250896 0 0 1
v 0.513512 0.97459 0.252588 0 0 1
v 0.513755 0.970974 0.251358 0 0 1
v 0.513883 0.969287 0.247926 0 0 1
v 0.513821 0.970515 0.244302 0 0 1
v 0.502135 0.973189 0.242552 0 0 1
v 0.501892 0.976804 0.243782 0 0 1
v 0.501764 0.978492 0.247214 0 0 1
v 0.501827 0.977264 0.250838 0 0 1
v 0.502043 0.973838 0.252531 0 0 1
v 0.502286 0.970223 0.2513 0 0 1
v 0.502414 0.968535 0.247868 0 0 1
v 0.502351 0.969763 0.244245 0 0 1
v 0.490666 0.972437 0.242494 0 0 1
v 0.490423 0.976053 0.243724 0 0 1
v 0.490295 0.97774 0.247157 0 0 1
v 0.490357 0.976512 0.25078 0 0 1
v 0.490573 0.973086 0.252473 0 0 1
v 0.490817 0.969471 0.251243 0 0 1
v 0.490945 0.967783 0.247811 0 0 1
v 0.490882 0.969012 0.244187 0 0 1
v 0.479197 0.971685 0.242437 0 0 1
v 0.478954 0.975301 0.243667 0 0 1
v 0.478826 0.976989 0.247099 0 0 1
v 0.478888 0.97576 0.250722 0 0 1
v 0.479104 0.972335 0.252415 0 0 1
v 0.479347 0.968719 0.251185 0 0 1
v 0.479475 0.967031 0.247753 0 0 1
v 0.479413 0.96826 0.244129 0 0 1
v 0.570904 0.97201 0.24789 0 0 1
v 0.525027 0.975017 0.247657 0 0 1
v 0.570951 0.972335 0.242901 0 0 1
v 0.571167 0.97576 0.244594 0 0 1
v 0.571229 0.976989 0.248217 0 0 1
v 0.571101 0.975301 0.25165 0 0 1
v 0.570858 0.971685 0.25288 0 0 1
v 0.570642 0.96826 0.251187 0 0 1
v 0.57058 0.967031 0.247563 0 0 1
v 0.570708 0.968719 0.244131 0 0 1
v 0.559482 0.973087 0.242843 0 0 1
v 0.559698 0.976512 0.244535 0 0 1
v 0.55976 0.977741 0.248159 0 0 1
v 0.559632 0.976053 0.251591 0 0 1
v 0.559388 0.972437 0.252821 0 0 1
v 0.559173 0.969012 0.251129 0 0 1
v 0.55911 0.967783 0.247505 0 0 1
v 0.559239 0.969471 0.244073 0 0 1
v 0.548013 0.973838 0.242784 0 0 1
v 0.548228 0.977264 0.244477 0 0 1
v 0.548291 0.978492 0.248101 0 0 1
v 0.548162 0.976804 0.251533 0 0 1
v 0.547919 0.973189 0.252763 0 0 1
v 0.547703 0.969764 0.25107 0 0 1
v 0.547641 0.968535 0.247447 0 0 1
v 0.547769 0.970223 0.244014 0 0 1
v 0.536543 0.97459 0.242726 0 0 1
v 0.536759 0.978015 0.244419 0 0 1
v 0.536821 0.979244 0.248042 0 0 1
v 0.536693 0.977556 0.251474 0 0 1
v 0.53645 0.973941 0.252704 0 0 1
v 0.536234 0.970515 0.251012 0 0 1
v 0.536172 0.969287 0.247388 0 0 1
v 0.5363 0.970974 0.243956 0 0 1
v 0.525074 0.975342 0.242668 0 0 1
v 0.52529 0.978767 0.24436 0 0 1
v 0.525352 0.979996 0.247984 0 0 1
v 0.525224 0.978308 0.251416 0 0 1
v 0.524981 0.974692 0.252646 0 0 1
v 0.524765 0.971267 0.250954 0 0 1
v 0.524703 0.970038 0.24733 0 0 1
v 0.524831 0.971726 0.243898 0 0 1
v 0.615996 0.963041 0.248122 0 0 1
v 0.570904 0.97201 0.24789 0 0 1
v 0.616211 0.963993 0.243219 0 0 1
v 0.616821 0.967116 0.245345 0 0 1
v 0.616948 0.967851 0.249098 0 0 1
v 0.616518 0.965769 0.25228 0 0 1
v 0.615782 0.962089 0.253026 0 0 1
v 0.615171 0.958966 0.2509 0 0 1
v 0.615044 0.95823 0.247147 0 0 1
v 0.615475 0.960312 0.243965 0 0 1
v 0.604938 0.966235 0.243161 0 0 1
v 0.605548 0.969358 0.245287 0 0 1
v 0.605675 0.970094 0.24904 0 0 1
v 0.605245 0.968012 0.252222 0 0 1
v 0.604509 0.964331 0.252968 0 0 1
v 0.603898 0.961208 0.250842 0 0 1
v 0.603771 0.960472 0.247089 0 0 1
v 0.604202 0.962555 0.243907 0 0 1
v 0.593665 0.968477 0.243103 0 0 1
v 0.594275 0.9716 0.245229 0 0 1
v 0.594402 0.972336 0.248982 0 0 1
v 0.593972 0.970254 0.252164 0 0 1
v 0.593236 0.966574 0.25291 0 0 1
v 0.592625 0.963451 0.250784 0 0 1
v 0.592498 0.962715 0.247031 0 0 1
v 0.592929 0.964797 0.243849 0 0 1
v 0.582392 0.97072 0.243045 0 0 1
v 0.583002 0.973843 0.245171 0 0 1
v 0.583129 0.974578 0.248924 0 0 1
v 0.582699 0.972496 0.252106 0 0 1
v 0.581963 0.968816 0.252852 0 0 1
v 0.581352 0.965693 0.250726 0 0 1
v 0.581225 0.964957 0.246973 0 0 1
v 0.581656 0.967039 0.243791 0 0 1
v 0.571119 0.972962 0.242987 0 0 1
v 0.571729 0.976085 0.245113 0 0 1
v 0.571856 0.976821 0.248866 0 0 1
v 0.571426 0.974739 0.252048 0 0 1
v 0.57069 0.971058 0.252794 0 0 1
v 0.57008 0.967935 0.250668 0 0 1
v 0.569952 0.967199 0.246915 0 0 1
v 0.570383 0.969282 0.243733 0 0 1
v 0.659532 0.948262 0.248349 0 0 1
v 0.615996 0.963041 0.248122 0 0 1
v 0.66007 0.949777 0.243614 0 0 1
v 0.660983 0.952505 0.246138 0 0 1
v 0.661046 0.952748 0.249956 0 0 1
v 0.660222 0.950364 0.252833 0 0 1
v 0.658993 0.946748 0.253084 0 0 1
v 0.65808 0.94402 0.25056 0 0 1
v 0.658017 0.943776 0.246742 0 0 1
v 0.658842 0.946161 0.243865 0 0 1
v 0.649187 0.953471 0.243558 0 0 1
v 0.6501 0.9562 0.246081 0 0 1
v 0.650162 0.956443 0.2499 0 0 1
v 0.649338 0.954058 0.252777 0 0 1
v 0.648109 0.950443 0.253027 0 0 1
v 0.647196 0.947714 0.250504 0 0 1
v 0.647133 0.947471 0.246685 0 0 1
v 0.647958 0.949856 0.243808 0 0 1
v 0.638303 0.957166 0.243501 0 0 1
v 0.639216 0.959894 0.246024 0 0 1
v 0.639278 0.960138 0.249843 0 0 1
v 0.638454 0.957753 0.25272 0 0 1
v 0.637225 0.954137 0.25297 0 0 1
v 0.636312 0.951409 0.250447 0 0 1
v 0.63625 0.951166 0.246629 0 0 1
v 0.637074 0.95355 0.243751 0 0 1
v 0.627419 0.960861 0.243445 0 0 1
v 0.628332 0.963589 0.245968 0 0 1
v 0.628394 0.963832 0.249786 0 0 1
v 0.62757 0.961447 0.252663 0 0 1
v 0.626341 0.957832 0.252914 0 0 1
v 0.625428 0.955103 0.250391 0 0 1
v 0.625366 0.95486 0.246572 0 0 1
v 0.62619 0.957245 0.243695 0 0 1
v 0.616535 0.964555 0.243388 0 0 1
v 0.617448 0.967284 0.245911 0 0 1
v 0.617511 0.967527 0.24973 0 0 1
v 0.616686 0.965142 0.252607 0 0 1
v 0.615458 0.961526 0.252857 0 0 1
v 0.614544 0.958798 0.250334 0 0 1
v 0.614482 0.958555 0.246515 0 0 1
v 0.615306 0.96094 0.243638 0 0 1
v 0.700766 0.927928 0.248566 0 0 1
v 0.659532 0.948262 0.248349 0 0 1
v 0.701763 0.929902 0.244082 0 0 1
v 0.702867 0.932171 0.246959 0 0 1
v 0.70274 0.931954 0.250778 0 0 1
v 0.701456 0.929379 0.253301 0 0 1
v 0.699769 0.925954 0.253051 0 0 1
v 0.698665 0.923685 0.250173 0 0 1
v 0.698792 0.923901 0.246355 0 0 1
v 0.700075 0.926477 0.243832 0 0 1
v 0.691454 0.934986 0.244028 0 0 1
v 0.692558 0.937255 0.246905 0 0 1
v 0.692431 0.937038 0.250723 0 0 1
v 0.691148 0.934463 0.253247 0 0 1
v 0.68946 0.931037 0.252996 0 0 1
v 0.688356 0.928768 0.250119 0 0 1
v 0.688483 0.928985 0.246301 0 0 1
v 0.689766 0.93156 0.243777 0 0 1
v 0.681146 0.940069 0.243973 0 0 1
v 0.68225 0.942338 0.246851 0 0 1
v 0.682123 0.942122 0.250669 0 0 1
v 0.680839 0.939546 0.253192 0 0 1
v 0.679152 0.936121 0.252942 0 0 1
v 0.678048 0.933852 0.250065 0 0 1
v 0.678175 0.934069 0.246246 0 0 1
v 0.679458 0.936644 0.243723 0 0 1
v 0.670837 0.945153 0.243919 0 0 1
v 0.671941 0.947422 0.246796 0 0 1
v 0.671814 0.947205 0.250615 0 0 1
v 0.670531 0.94463 0.253138 0 0 1
v 0.668843 0.941205 0.252888 0 0 1
v 0.667739 0.938936 0.250011 0 0 1
v 0.667866 0.939152 0.246192 0 0 1
v 0.669149 0.941727 0.243669 0 0 1
v 0.660529 0.950236 0.243865 0 0 1
v 0.661633 0.952505 0.246742 0 0 1
v 0.661506 0.952289 0.250561 0 0 1
v 0.660222 0.949714 0.253084 0 0 1
v 0.658535 0.946288 0.252833 0 0 1
v 0.657431 0.944019 0.249956 0 0 1
v 0.657558 0.944236 0.246138 0 0 1
v 0.658841 0.946811 0.243614 0 0 1
v 0.738993 0.902385 0.24877 0 0 1
v 0.700766 0.927928 0.248566 0 0 1
v 0.740551 0.904685 0.244613 0 0 1
v 0.741721 0.90646 0.247795 0 0 1
v 0.741292 0.905849 0.251548 0 0 1
v 0.739517 0.903208 0.253674 0 0 1
v 0.737434 0.900086 0.252928 0 0 1
v 0.736265 0.89831 0.249746 0 0 1
v 0.736693 0.898922 0.245993 0 0 1
v 0.738469 0.901562 0.243867 0 0 1
v 0.730995 0.91107 0.244562 0 0 1
v 0.732164 0.912846 0.247744 0 0 1
v 0.731735 0.912234 0.251497 0 0 1
v 0.72996 0.909594 0.253623 0 0 1
v 0.727877 0.906471 0.252877 0 0 1
v 0.726708 0.904696 0.249695 0 0 1
v 0.727136 0.905307 0.245942 0 0 1
v 0.728912 0.907948 0.243816 0 0 1
v 0.721438 0.917456 0.244511 0 0 1
v 0.722607 0.919232 0.247693 0 0 1
v 0.722179 0.91862 0.251446 0 0 1
v 0.720403 0.91598 0.253572 0 0 1
v 0.718321 0.912857 0.252826 0 0 1
v 0.717151 0.911081 0.249644 0 0 1
v 0.71758 0.911693 0.245891 0 0 1
v 0.719355 0.914333 0.243764 0 0 1
v 0.711881 0.923842 0.24446 0 0 1
v 0.71305 0.925617 0.247642 0 0 1
v 0.712622 0.925006 0.251395 0 0 1
v 0.710846 0.922365 0.253521 0 0 1
v 0.708764 0.919243 0.252775 0 0 1
v 0.707594 0.917467 0.249593 0 0 1
v 0.708023 0.918079 0.245839 0 0 1
v 0.709799 0.920719 0.243713 0 0 1
v 0.702324 0.930227 0.244409 0 0 1
v 0.703494 0.932003 0.247591 0 0 1
v 0.703065 0.931391 0.251344 0 0 1
v 0.701289 0.928751 0.25347 0 0 1
v 0.699207 0.925628 0.252724 0 0 1
v 0.698038 0.923853 0.249542 0 0 1
v 0.698466 0.924464 0.245788 0 0 1
v 0.700242 0.927105 0.243662 0 0 1
v 0.773559 0.872071 0.248958 0 0 1
v 0.738993 0.902385 0.24877 0 0 1
v 0.775744 0.87454 0.245199 0 0 1
v 0.776849 0.875821 0.248631 0 0 1
v 0.776027 0.874906 0.252255 0 0 1
v 0.773759 0.87233 0.253947 0 0 1
v 0.771374 0.869603 0.252717 0 0 1
v 0.770268 0.868321 0.249285 0 0 1
v 0.77109 0.869236 0.245661 0 0 1
v 0.773358 0.871812 0.243969 0 0 1
v 0.767102 0.882118 0.245152 0 0 1
v 0.768208 0.8834 0.248584 0 0 1
v 0.767386 0.882485 0.252208 0 0 1
v 0.765118 0.879909 0.2539 0 0 1
v 0.762732 0.877181 0.25267 0 0 1
v 0.761627 0.875899 0.249238 0 0 1
v 0.762449 0.876815 0.245614 0 0 1
v 0.764717 0.87939 0.243922 0 0 1
v 0.758461 0.889697 0.245105 0 0 1
v 0.759566 0.890978 0.248537 0 0 1
v 0.758744 0.890063 0.252161 0 0 1
v 0.756476 0.887487 0.253853 0 0 1
v 0.75409 0.88476 0.252623 0 0 1
v 0.752985 0.883478 0.249191 0 0 1
v 0.753807 0.884393 0.245568 0 0 1
v 0.756075 0.886969 0.243875 0 0 1
v 0.749819 0.897275 0.245058 0 0 1
v 0.750925 0.898557 0.24849 0 0 1
v 0.750103 0.897642 0.252114 0 0 1
v 0.747835 0.895066 0.253807 0 0 1
v 0.745449 0.892338 0.252576 0 0 1
v 0.744344 0.891056 0.249144 0 0 1
v 0.745166 0.891971 0.245521 0 0 1
v 0.747434 0.894547 0.243828 0 0 1
v 0.741178 0.904854 0.245011 0 0 1
v 0.742283 0.906135 0.248443 0 0 1
v 0.741461 0.90522 0.252067 0 0 1
v 0.739193 0.902644 0.25376 0 0 1
v 0.736807 0.899917 0.25253 0 0 1
v 0.735702 0.898635 0.249097 0 0 1
v 0.736524 0.89955 0.245474 0 0 1
v 0.738792 0.902126 0.243781 0 0 1
v 0.803872 0.837505 0.249126 0 0 1
v 0.773559 0.872071 0.248958 0 0 1
v 0.806707 0.839974 0.245829 0 0 1
v 0.807623 0.840795 0.249453 0 0 1
v 0.806342 0.839689 0.252885 0 0 1
v 0.803614 0.837303 0.254115 0 0 1
v 0.801038 0.835035 0.252423 0 0 1
v 0.800122 0.834214 0.248799 0 0 1
v 0.801403 0.835321 0.245367 0 0 1
v 0.80413 0.837707 0.244137 0 0 1
v 0.799128 0.848616 0.245787 0 0 1
v 0.800044 0.849437 0.249411 0 0 1
v 0.798764 0.84833 0.252843 0 0 1
v 0.796036 0.845944 0.254073 0 0 1
v 0.79346 0.843677 0.252381 0 0 1
v 0.792544 0.842856 0.248757 0 0 1
v 0.793824 0.843962 0.245325 0 0 1
v 0.796552 0.846348 0.244095 0 0 1
v 0.79155 0.857258 0.245745 0 0 1
v 0.792466 0.858079 0.249369 0 0 1
v 0.791185 0.856972 0.252801 0 0 1
v 0.788458 0.854586 0.254031 0 0 1
v 0.785881 0.852318 0.252339 0 0 1
v 0.784965 0.851497 0.248715 0 0 1
v 0.786246 0.852604 0.245283 0 0 1
v 0.788973 0.85499 0.244053 0 0 1
v 0.783971 0.865899 0.245703 0 0 1
v 0.784888 0.86672 0.249327 0 0 1
v 0.783607 0.865614 0.252759 0 0 1
v 0.780879 0.863228 0.253989 0 0 1
v 0.778303 0.86096 0.252297 0 0 1
v 0.777387 0.860139 0.248673 0 0 1
v 0.778668 0.861246 0.245241 0 0 1
v 0.781395 0.863632 0.244011 0 0 1
v 0.776393 0.874541 0.245661 0 0 1
v 0.777309 0.875362 0.249285 0 0 1
v 0.776028 0.874255 0.252717 0 0 1
v 0.773301 0.871869 0.253947 0 0 1
v 0.770724 0.869602 0.252255 0 0 1
v 0.769808 0.868781 0.248631 0 0 1
v 0.771089 0.869887 0.245199 0 0 1
v 0.773817 0.872273 0.243969 0 0 1
v 0.829415 0.799277 0.249271 0 0 1
v 0.803872 0.837505 0.249126 0 0 1
v 0.832876 0.80158 0.246493 0 0 1
v 0.833491 0.802004 0.250246 0 0 1
v 0.831717 0.800831 0.253428 0 0 1
v 0.828595 0.798748 0.254175 0 0 1
v 0.825953 0.796975 0.252049 0 0 1
v 0.825339 0.79655 0.248295 0 0 1
v 0.827112 0.797723 0.245114 0 0 1
v 0.830235 0.799806 0.244367 0 0 1
v 0.826491 0.811137 0.246457 0 0 1
v 0.827105 0.811561 0.25021 0 0 1
v 0.825332 0.810388 0.253392 0 0 1
v 0.82221 0.808305 0.254139 0 0 1
v 0.819568 0.806532 0.252012 0 0 1
v 0.818953 0.806107 0.248259 0 0 1
v 0.820727 0.80728 0.245077 0 0 1
v 0.823849 0.809363 0.244331 0 0 1
v 0.820105 0.820693 0.246421 0 0 1
v 0.820719 0.821118 0.250174 0 0 1
v 0.818946 0.819945 0.253356 0 0 1
v 0.815824 0.817862 0.254102 0 0 1
v 0.813182 0.816089 0.251976 0 0 1
v 0.812568 0.815664 0.248223 0 0 1
v 0.814341 0.816837 0.245041 0 0 1
v 0.817463 0.81892 0.244294 0 0 1
v 0.81372 0.83025 0.246384 0 0 1
v 0.814334 0.830675 0.250138 0 0 1
v 0.81256 0.829502 0.253319 0 0 1
v 0.809438 0.827419 0.254066 0 0 1
v 0.806796 0.825645 0.25194 0 0 1
v 0.806182 0.825221 0.248187 0 0 1
v 0.807956 0.826394 0.245005 0 0 1
v 0.811078 0.828477 0.244258 0 0 1
v 0.807334 0.839807 0.246348 0 0 1
v 0.807948 0.840232 0.250101 0 0 1
v 0.806175 0.839059 0.253283 0 0 1
v 0.803053 0.836976 0.25403 0 0 1
v 0.800411 0.835202 0.251904 0 0 1
v 0.799797 0.834778 0.24815 0 0 1
v 0.80157 0.835951 0.244968 0 0 1
v 0.804692 0.838034 0.244222 0 0 1
v 0.849749 0.758043 0.249391 0 0 1
v 0.829415 0.799277 0.249271 0 0 1
v 0.853774 0.760021 0.24718 0 0 1
v 0.853994 0.760141 0.250998 0 0 1
v 0.851727 0.759031 0.253875 0 0 1
v 0.848302 0.757343 0.254126 0 0 1
v 0.845725 0.756065 0.251602 0 0 1
v 0.845505 0.755945 0.247784 0 0 1
v 0.847771 0.757054 0.244907 0 0 1
v 0.851196 0.758743 0.244656 0 0 1
v 0.84869 0.77033 0.24715 0 0 1
v 0.84891 0.770449 0.250968 0 0 1
v 0.846644 0.76934 0.253845 0 0 1
v 0.843219 0.767652 0.254096 0 0 1
v 0.840641 0.766373 0.251572 0 0 1
v 0.840421 0.766254 0.247754 0 0 1
v 0.842687 0.767363 0.244877 0 0 1
v 0.846113 0.769051 0.244626 0 0 1
v 0.843607 0.780638 0.24712 0 0 1
v 0.843827 0.780758 0.250938 0 0 1
v 0.84156 0.779649 0.253815 0 0 1
v 0.838135 0.77796 0.254066 0 0 1
v 0.835558 0.776682 0.251542 0 0 1
v 0.835338 0.776562 0.247724 0 0 1
v 0.837604 0.777671 0.244847 0 0 1
v 0.841029 0.77936 0.244596 0 0 1
v 0.838523 0.790947 0.24709 0 0 1
v 0.838743 0.791066 0.250908 0 0 1
v 0.836477 0.789957 0.253785 0 0 1
v 0.833052 0.788269 0.254036 0 0 1
v 0.830474 0.78699 0.251512 0 0 1
v 0.830254 0.786871 0.247694 0 0 1
v 0.83252 0.78798 0.244817 0 0 1
v 0.835945 0.789668 0.244566 0 0 1
v 0.833439 0.801255 0.24706 0 0 1
v 0.833659 0.801375 0.250878 0 0 1
v 0.831393 0.800266 0.253755 0 0 1
v 0.827968 0.798577 0.254006 0 0 1
v 0.82539 0.797299 0.251482 0 0 1
v 0.82517 0.797179 0.247664 0 0 1
v 0.827437 0.798289 0.244787 0 0 1
v 0.830862 0.799977 0.244536 0 0 1
v 0.864528 0.714507 0.249484 0 0 1
v 0.849749 0.758043 0.249391 0 0 1
v 0.869012 0.716026 0.247877 0 0 1
v 0.868772 0.715953 0.251695 0 0 1
v 0.866046 0.715033 0.254218 0 0 1
v 0.862431 0.713805 0.253968 0 0 1
v 0.860043 0.712988 0.251091 0 0 1
v 0.860283 0.713061 0.247272 0 0 1
v 0.863009 0.713981 0.244749 0 0 1
v 0.866625 0.715209 0.244999 0 0 1
v 0.865317 0.72691 0.247853 0 0 1
v 0.865078 0.726836 0.251672 0 0 1
v 0.862352 0.725916 0.254195 0 0 1
v 0.858736 0.724689 0.253945 0 0 1
v 0.856349 0.723872 0.251068 0 0 1
v 0.856588 0.723945 0.247249 0 0 1
v 0.859314 0.724865 0.244726 0 0 1
v 0.86293 0.726093 0.244976 0 0 1
v 0.861623 0.737794 0.24783 0 0 1
v 0.861383 0.73772 0.251649 0 0 1
v 0.858657 0.7368 0.254172 0 0 1
v 0.855041 0.735573 0.253922 0 0 1
v 0.852654 0.734756 0.251045 0 0 1
v 0.852893 0.734829 0.247226 0 0 1
v 0.85562 0.735749 0.244703 0 0 1
v 0.859235 0.736977 0.244953 0 0 1
v 0.857928 0.748678 0.247807 0 0 1
v 0.857689 0.748604 0.251626 0 0 1
v 0.854963 0.747684 0.254149 0 0 1
v 0.851347 0.746457 0.253899 0 0 1
v 0.848959 0.74564 0.251021 0 0 1
v 0.849199 0.745713 0.247203 0 0 1
v 0.851925 0.746633 0.24468 0 0 1
v 0.855541 0.747861 0.24493 0 0 1
v 0.854234 0.759562 0.247784 0 0 1
v 0.853994 0.759488 0.251602 0 0 1
v 0.851268 0.758568 0.254126 0 0 1
v 0.847652 0.757341 0.253875 0 0 1
v 0.845265 0.756524 0.250998 0 0 1
v 0.845504 0.756597 0.24718 0 0 1
v 0.84823 0.757517 0.244656 0 0 1
v 0.851846 0.758745 0.244907 0 0 1
v 0.873497 0.669414 0.249548 0 0 1
v 0.864528 0.714507 0.249484 0 0 1
v 0.878307 0.67037 0.248572 0 0 1
v 0.877574 0.670229 0.252326 0 0 1
v 0.874452 0.669611 0.254452 0 0 1
v 0.870771 0.668878 0.253705 0 0 1
v 0.868687 0.668459 0.250523 0 0 1
v 0.86942 0.6686 0.24677 0 0 1
v 0.872541 0.669217 0.244644 0 0 1
v 0.876222 0.669951 0.245391 0 0 1
v 0.876064 0.681643 0.248556 0 0 1
v 0.875331 0.681502 0.25231 0 0 1
v 0.87221 0.680885 0.254436 0 0 1
v 0.868529 0.680151 0.253689 0 0 1
v 0.866445 0.679732 0.250507 0 0 1
v 0.867178 0.679873 0.246754 0 0 1
v 0.870299 0.680491 0.244628 0 0 1
v 0.87398 0.681224 0.245375 0 0 1
v 0.873822 0.692916 0.24854 0 0 1
v 0.873089 0.692775 0.252294 0 0 1
v 0.869968 0.692158 0.25442 0 0 1
v 0.866287 0.691424 0.253673 0 0 1
v 0.864202 0.691005 0.250491 0 0 1
v 0.864935 0.691146 0.246738 0 0 1
v 0.868057 0.691764 0.244612 0 0 1
v 0.871738 0.692497 0.245358 0 0 1
v 0.87158 0.704189 0.248524 0 0 1
v 0.870847 0.704049 0.252278 0 0 1
v 0.867725 0.703431 0.254404 0 0 1
v 0.864044 0.702697 0.253657 0 0 1
v 0.86196 0.702278 0.250475 0 0 1
v 0.862693 0.702419 0.246722 0 0 1
v 0.865814 0.703037 0.244596 0 0 1
v 0.869495 0.70377 0.245342 0 0 1
v 0.869337 0.715462 0.248508 0 0 1
v 0.868604 0.715322 0.252262 0 0 1
v 0.865483 0.714704 0.254388 0 0 1
v 0.861802 0.713971 0.253641 0 0 1
v 0.859718 0.713551 0.250459 0 0 1
v 0.860451 0.713692 0.246706 0 0 1
v 0.863572 0.71431 0.24458 0 0 1
v 0.867253 0.715043 0.245326 0 0 1
v 0.876504 0.623537 0.249582 0 0 1
v 0.873497 0.669414 0.249548 0 0 1
v 0.881482 0.623863 0.249255 0 0 1
v 0.880255 0.623785 0.252879 0 0 1
v 0.87683 0.623562 0.254571 0 0 1
v 0.873214 0.623324 0.253341 0 0 1
v 0.871525 0.623211 0.249909 0 0 1
v 0.872753 0.623289 0.246285 0 0 1
v 0.876178 0.623512 0.244593 0 0 1
v 0.879794 0.62375 0.245823 0 0 1
v 0.880731 0.635332 0.249246 0 0 1
v 0.879503 0.635255 0.25287 0 0 1
v 0.876078 0.635031 0.254563 0 0 1
v 0.872462 0.634793 0.253333 0 0 1
v 0.870773 0.63468 0.249901 0 0 1
v 0.872001 0.634758 0.246277 0 0 1
v 0.875426 0.634981 0.244584 0 0 1
v 0.879042 0.635219 0.245814 0 0 1
v 0.879979 0.646802 0.249238 0 0 1
v 0.878751 0.646724 0.252862 0 0 1
v 0.875326 0.646501 0.254554 0 0 1
v 0.87171 0.646263 0.253324 0 0 1
v 0.870022 0.64615 0.249892 0 0 1
v 0.871249 0.646227 0.246268 0 0 1
v 0.874674 0.646451 0.244576 0 0 1
v 0.87829 0.646688 0.245806 0 0 1
v 0.879227 0.658271 0.249229 0 0 1
v 0.878 0.658193 0.252853 0 0 1
v 0.874575 0.65797 0.254546 0 0 1
v 0.870959 0.657732 0.253316 0 0 1
v 0.86927 0.657619 0.249883 0 0 1
v 0.870498 0.657697 0.24626 0 0 1
v 0.873923 0.65792 0.244567 0 0 1
v 0.877538 0.658158 0.245797 0 0 1
v 0.878475 0.66974 0.249221 0 0 1
v 0.877248 0.669663 0.252845 0 0 1
v 0.873823 0.669439 0.254537 0 0 1
v 0.870207 0.669202 0.253307 0 0 1
v 0.868518 0.669088 0.249875 0 0 1
v 0.869746 0.669166 0.246251 0 0 1
v 0.873171 0.669389 0.244559 0 0 1
v 0.876787 0.669627 0.245789 0 0 1
v 0.708349 0.532994 0.248768 0 0 1
v 0.710164 0.560684 0.248766 0 0 1
v 0.713328 0.532668 0.249095 0 0 1
v 0.711639 0.532779 0.252527 0 0 1
v 0.708023 0.533016 0.253757 0 0 1
v 0.704598 0.53324 0.252065 0 0 1
v 0.70337 0.533321 0.248441 0 0 1
v 0.705059 0.53321 0.245009 0 0 1
v 0.708675 0.532973 0.243779 0 0 1
v 0.7121 0.532748 0.245471 0 0 1
v 0.713781 0.539591 0.249094 0 0 1
v 0.712092 0.539702 0.252527 0 0 1
v 0.708476 0.539939 0.253757 0 0 1
v 0.705052 0.540163 0.252064 0 0 1
v 0.703824 0.540243 0.24844 0 0 1
v 0.705513 0.540132 0.245008 0 0 1
v 0.709129 0.539895 0.243778 0 0 1
v 0.712554 0.539671 0.245471 0 0 1
v 0.714235 0.546513 0.249094 0 0 1
v 0.712546 0.546624 0.252526 0 0 1
v 0.70893 0.546861 0.253756 0 0 1
v 0.705505 0.547085 0.252063 0 0 1
v 0.704278 0.547166 0.24844 0 0 1
v 0.705967 0.547055 0.245008 0 0 1
v 0.709583 0.546818 0.243777 0 0 1
v 0.713008 0.546593 0.24547 0 0 1
v 0.714689 0.553436 0.249093 0 0 1
v 0.713 0.553547 0.252525 0 0 1
v 0.709384 0.553784 0.253755 0 0 1
v 0.705959 0.554008 0.252063 0 0 1
v 0.704732 0.554088 0.248439 0 0 1
v 0.706421 0.553977 0.245007 0 0 1
v 0.710037 0.55374 0.243777 0 0 1
v 0.713461 0.553516 0.245469 0 0 1
v 0.715143 0.560358 0.249093 0 0 1
v 0.713454 0.560469 0.252525 0 0 1
v 0.709838 0.560706 0.253755 0 0 1
v 0.706413 0.56093 0.252062 0 0 1
v 0.705185 0.561011 0.248439 0 0 1
v 0.706874 0.5609 0.245006 0 0 1
v 0.71049 0.560663 0.243776 0 0 1
v 0.713915 0.560438 0.245469 0 0 1
v 0.702935 0.505778 0.248752 0 0 1
v 0.708349 0.532994 0.248768 0 0 1
v 0.707745 0.504821 0.249727 0 0 1
v 0.70566 0.505234 0.252909 0 0 1
v 0.701978 0.505966 0.253656 0 0 1
v 0.698858 0.506588 0.25153 0 0 1
v 0.698126 0.506735 0.247776 0 0 1
v 0.700211 0.506322 0.244594 0 0 1
v 0.703893 0.505591 0.243848 0 0 1
v 0.707013 0.504969 0.245974 0 0 1
v 0.709098 0.511625 0.249731 0 0 1
v 0.707013 0.512038 0.252913 0 0 1
v 0.703332 0.51277 0.25366 0 0 1
v 0.700211 0.513392 0.251534 0 0 1
v 0.699479 0.513539 0.24778 0 0 1
v 0.701565 0.513126 0.244598 0 0 1
v 0.705246 0.512395 0.243852 0 0 1
v 0.708367 0.511773 0.245978 0 0 1
v 0.710452 0.518429 0.249735 0 0 1
v 0.708366 0.518842 0.252917 0 0 1
v 0.704685 0.519574 0.253664 0 0 1
v 0.701564 0.520196 0.251538 0 0 1
v 0.700833 0.520343 0.247784 0 0 1
v 0.702918 0.519931 0.244602 0 0 1
v 0.7066 0.519199 0.243856 0 0 1
v 0.70972 0.518577 0.245982 0 0 1
v 0.711805 0.525233 0.249739 0 0 1
v 0.70972 0.525646 0.252921 0 0 1
v 0.706038 0.526378 0.253668 0 0 1
v 0.702918 0.527 0.251542 0 0 1
v 0.702186 0.527148 0.247788 0 0 1
v 0.704272 0.526735 0.244606 0 0 1
v 0.707953 0.526003 0.24386 0 0 1
v 0.711073 0.525381 0.245986 0 0 1
v 0.713159 0.532037 0.249743 0 0 1
v 0.711073 0.53245 0.252925 0 0 1
v 0.707392 0.533182 0.253672 0 0 1
v 0.704271 0.533804 0.251546 0 0 1
v 0.703539 0.533952 0.247792 0 0 1
v 0.705625 0.533539 0.244611 0 0 1
v 0.709306 0.532807 0.243864 0 0 1
v 0.712427 0.532185 0.24599 0 0 1
v 0.694016 0.479501 0.248717 0 0 1
v 0.702935 0.505778 0.248752 0 0 1
v 0.698499 0.477977 0.250325 0 0 1
v 0.696108 0.478785 0.253202 0 0 1
v 0.692492 0.480012 0.253452 0 0 1
v 0.689769 0.48094 0.250929 0 0 1
v 0.689533 0.481025 0.24711 0 0 1
v 0.691924 0.480217 0.244233 0 0 1
v 0.69554 0.47899 0.243983 0 0 1
v 0.698263 0.478062 0.246506 0 0 1
v 0.700729 0.484547 0.250333 0 0 1
v 0.698338 0.485354 0.25321 0 0 1
v 0.694722 0.486582 0.253461 0 0 1
v 0.691998 0.487509 0.250937 0 0 1
v 0.691763 0.487594 0.247119 0 0 1
v 0.694153 0.486787 0.244242 0 0 1
v 0.69777 0.485559 0.243991 0 0 1
v 0.700493 0.484632 0.246515 0 0 1
v 0.702958 0.491116 0.250342 0 0 1
v 0.700568 0.491924 0.253219 0 0 1
v 0.696952 0.493151 0.253469 0 0 1
v 0.694228 0.494079 0.250946 0 0 1
v 0.693993 0.494163 0.247127 0 0 1
v 0.696383 0.493356 0.24425 0 0 1
v 0.699999 0.492129 0.244 0 0 1
v 0.702723 0.491201 0.246523 0 0 1
v 0.705188 0.497685 0.25035 0 0 1
v 0.702798 0.498493 0.253227 0 0 1
v 0.699182 0.49972 0.253478 0 0 1
v 0.696458 0.500648 0.250955 0 0 1
v 0.696223 0.500733 0.247136 0 0 1
v 0.698613 0.499925 0.244259 0 0 1
v 0.702229 0.498698 0.244008 0 0 1
v 0.704953 0.49777 0.246532 0 0 1
v 0.707418 0.504254 0.250359 0 0 1
v 0.705028 0.505062 0.253236 0 0 1
v 0.701412 0.506289 0.253486 0 0 1
v 0.698688 0.507217 0.250963 0 0 1
v 0.698453 0.507302 0.247145 0 0 1
v 0.700843 0.506494 0.244267 0 0 1
v 0.704459 0.505267 0.244017 0 0 1
v 0.707183 0.504339 0.24654 0 0 1
v 0.681743 0.454614 0.248666 0 0 1
v 0.694016 0.479501 0.248717 0 0 1
v 0.685763 0.452626 0.250877 0 0 1
v 0.68318 0.453895 0.2534 0 0 1
v 0.679756 0.455584 0.25315 0 0 1
v 0.677495 0.456705 0.250273 0 0 1
v 0.677723 0.456601 0.246454 0 0 1
v 0.680305 0.455332 0.243931 0 0 1
v 0.68373 0.453643 0.244181 0 0 1
v 0.68599 0.452522 0.247058 0 0 1
v 0.688831 0.458848 0.25089 0 0 1
v 0.686249 0.460117 0.253413 0 0 1
v 0.682824 0.461806 0.253163 0 0 1
v 0.680563 0.462927 0.250286 0 0 1
v 0.680791 0.462823 0.246467 0 0 1
v 0.683373 0.461554 0.243944 0 0 1
v 0.686798 0.459865 0.244194 0 0 1
v 0.689059 0.458744 0.247071 0 0 1
v 0.691899 0.46507 0.250903 0 0 1
v 0.689317 0.466339 0.253426 0 0 1
v 0.685892 0.468028 0.253176 0 0 1
v 0.683632 0.469149 0.250299 0 0 1
v 0.683859 0.469044 0.24648 0 0 1
v 0.686442 0.467776 0.243957 0 0 1
v 0.689866 0.466087 0.244207 0 0 1
v 0.692127 0.464966 0.247084 0 0 1
v 0.694968 0.471292 0.250916 0 0 1
v 0.692385 0.472561 0.253439 0 0 1
v 0.68896 0.47425 0.253189 0 0 1
v 0.6867 0.475371 0.250312 0 0 1
v 0.686927 0.475266 0.246493 0 0 1
v 0.68951 0.473998 0.24397 0 0 1
v 0.692935 0.472309 0.24422 0 0 1
v 0.695195 0.471188 0.247097 0 0 1
v 0.698036 0.477514 0.250929 0 0 1
v 0.695453 0.478782 0.253452 0 0 1
v 0.692029 0.480472 0.253202 0 0 1
v 0.689768 0.481593 0.250325 0 0 1
v 0.689996 0.481488 0.246506 0 0 1
v 0.692578 0.48022 0.243983 0 0 1
v 0.696003 0.478531 0.244233 0 0 1
v 0.698264 0.47741 0.24711 0 0 1
v 0.666326 0.431541 0.248597 0 0 1
v 0.681743 0.454614 0.248666 0 0 1
v 0.669779 0.429225 0.251375 0 0 1
v 0.667131 0.430989 0.253501 0 0 1
v 0.664011 0.433075 0.252754 0 0 1
v 0.662247 0.434263 0.249572 0 0 1
v 0.662873 0.433856 0.245819 0 0 1
v 0.665522 0.432093 0.243693 0 0 1
v 0.668642 0.430006 0.24444 0 0 1
v 0.670405 0.428818 0.247622 0 0 1
v 0.673633 0.434993 0.251392 0 0 1
v 0.670985 0.436757 0.253518 0 0 1
v 0.667865 0.438844 0.252771 0 0 1
v 0.666101 0.440031 0.24959 0 0 1
v 0.666727 0.439624 0.245836 0 0 1
v 0.669376 0.437861 0.24371 0 0 1
v 0.672496 0.435774 0.244457 0 0 1
v 0.674259 0.434586 0.247639 0 0 1
v 0.677487 0.440762 0.251409 0 0 1
v 0.674839 0.442525 0.253535 0 0 1
v 0.671719 0.444612 0.252789 0 0 1
v 0.669956 0.4458 0.249607 0 0 1
v 0.670582 0.445392 0.245853 0 0 1
v 0.67323 0.443629 0.243727 0 0 1
v 0.67635 0.441542 0.244474 0 0 1
v 0.678113 0.440355 0.247656 0 0 1
v 0.681342 0.44653 0.251426 0 0 1
v 0.678693 0.448293 0.253552 0 0 1
v 0.675573 0.45038 0.252806 0 0 1
v 0.67381 0.451568 0.249624 0 0 1
v 0.674436 0.451161 0.245871 0 0 1
v 0.677084 0.449397 0.243744 0 0 1
v 0.680204 0.447311 0.244491 0 0 1
v 0.681967 0.446123 0.247673 0 0 1
v 0.685196 0.452298 0.251443 0 0 1
v 0.682547 0.454062 0.253569 0 0 1
v 0.679427 0.456148 0.252823 0 0 1
v 0.677664 0.457336 0.249641 0 0 1
v 0.67829 0.456929 0.245888 0 0 1
v 0.680938 0.455166 0.243762 0 0 1
v 0.684058 0.453079 0.244508 0 0 1
v 0.685822 0.451891 0.24769 0 0 1
v 0.64803 0.410678 0.248513 0 0 1
v 0.666326 0.431541 0.248597 0 0 1
v 0.65085 0.408191 0.25181 0 0 1
v 0.648266 0.410451 0.253502 0 0 1
v 0.645544 0.412843 0.252272 0 0 1
v 0.644278 0.413966 0.24884 0 0 1
v 0.64521 0.413164 0.245216 0 0 1
v 0.647794 0.410904 0.243524 0 0 1
v 0.650516 0.408512 0.244754 0 0 1
v 0.651782 0.407389 0.248186 0 0 1
v 0.655424 0.413407 0.251831 0 0 1
v 0.65284 0.415666 0.253523 0 0 1
v 0.650118 0.418058 0.252293 0 0 1
v 0.648852 0.419182 0.248861 0 0 1
v 0.649784 0.418379 0.245237 0 0 1
v 0.652368 0.41612 0.243545 0 0 1
v 0.65509 0.413728 0.244775 0 0 1
v 0.656356 0.412604 0.248207 0 0 1
v 0.659998 0.418623 0.251852 0 0 1
v 0.657414 0.420882 0.253544 0 0 1
v 0.654692 0.423274 0.252314 0 0 1
v 0.653426 0.424398 0.248882 0 0 1
v 0.654358 0.423595 0.245258 0 0 1
v 0.656942 0.421336 0.243566 0 0 1
v 0.659664 0.418944 0.244796 0 0 1
v 0.66093 0.41782 0.248228 0 0 1
v 0.664572 0.423839 0.251873 0 0 1
v 0.661988 0.426098 0.253565 0 0 1
v 0.659266 0.42849 0.252335 0 0 1
v 0.658 0.429614 0.248903 0 0 1
v 0.658932 0.428811 0.245279 0 0 1
v 0.661516 0.426552 0.243587 0 0 1
v 0.664238 0.42416 0.244817 0 0 1
v 0.665504 0.423036 0.248249 0 0 1
v 0.669146 0.429055 0.251894 0 0 1
v 0.666562 0.431314 0.253586 0 0 1
v 0.66384 0.433706 0.252356 0 0 1
v 0.662574 0.43483 0.248924 0 0 1
v 0.663506 0.434027 0.2453 0 0 1
v 0.66609 0.431768 0.243608 0 0 1
v 0.668812 0.429376 0.244838 0 0 1
v 0.670078 0.428252 0.24827 0 0 1
v 0.627167 0.392381 0.248415 0 0 1
v 0.64803 0.410678 0.248513 0 0 1
v 0.629331 0.389894 0.252174 0 0 1
v 0.626938 0.392615 0.253404 0 0 1
v 0.62468 0.3952 0.251712 0 0 1
v 0.623878 0.396133 0.248088 0 0 1
v 0.625003 0.394868 0.244656 0 0 1
v 0.627396 0.392147 0.243426 0 0 1
v 0.629654 0.389562 0.245118 0 0 1
v 0.630456 0.388629 0.248742 0 0 1
v 0.634546 0.394468 0.252199 0 0 1
v 0.632154 0.397189 0.253429 0 0 1
v 0.629895 0.399774 0.251736 0 0 1
v 0.629094 0.400707 0.248112 0 0 1
v 0.630219 0.399442 0.24468 0 0 1
v 0.632612 0.396721 0.24345 0 0 1
v 0.63487 0.394137 0.245143 0 0 1
v 0.635672 0.393203 0.248766 0 0 1
v 0.639762 0.399042 0.252223 0 0 1
v 0.63737 0.401763 0.253453 0 0 1
v 0.635111 0.404348 0.251761 0 0 1
v 0.63431 0.405281 0.248137 0 0 1
v 0.635435 0.404017 0.244705 0 0 1
v 0.637827 0.401295 0.243475 0 0 1
v 0.640086 0.398711 0.245167 0 0 1
v 0.640887 0.397777 0.248791 0 0 1
v 0.644978 0.403616 0.252248 0 0 1
v 0.642585 0.406338 0.253478 0 0 1
v 0.640327 0.408922 0.251785 0 0 1
v 0.639525 0.409855 0.248161 0 0 1
v 0.64065 0.408591 0.244729 0 0 1
v 0.643043 0.405869 0.243499 0 0 1
v 0.645302 0.403285 0.245192 0 0 1
v 0.646103 0.402351 0.248815 0 0 1
v 0.650194 0.40819 0.252272 0 0 1
v 0.647801 0.410912 0.253502 0 0 1
v 0.645543 0.413496 0.25181 0 0 1
v 0.644741 0.414429 0.248186 0 0 1
v 0.645866 0.413165 0.244754 0 0 1
v 0.648259 0.410443 0.243524 0 0 1
v 0.650517 0.407859 0.245216 0 0 1
v 0.651319 0.406926 0.24884 0 0 1
v 0.604095 0.376964 0.248304 0 0 1
v 0.627167 0.392381 0.248415 0 0 1
v 0.605624 0.374645 0.252462 0 0 1
v 0.603536 0.377764 0.253208 0 0 1
v 0.601776 0.380415 0.251082 0 0 1
v 0.601373 0.381044 0.247329 0 0 1
v 0.602565 0.379283 0.244147 0 0 1
v 0.604653 0.376164 0.2434 0 0 1
v 0.606413 0.373514 0.245527 0 0 1
v 0.606816 0.372885 0.24928 0 0 1
v 0.611392 0.378499 0.252489 0 0 1
v 0.609305 0.381619 0.253236 0 0 1
v 0.607544 0.384269 0.25111 0 0 1
v 0.607141 0.384898 0.247357 0 0 1
v 0.608333 0.383137 0.244175 0 0 1
v 0.610421 0.380018 0.243428 0 0 1
v 0.612182 0.377368 0.245554 0 0 1
v 0.612584 0.376739 0.249307 0 0 1
v 0.61716 0.382354 0.252517 0 0 1
v 0.615073 0.385473 0.253264 0 0 1
v 0.613312 0.388123 0.251137 0 0 1
v 0.61291 0.388752 0.247384 0 0 1
v 0.614101 0.386991 0.244202 0 0 1
v 0.616189 0.383872 0.243456 0 0 1
v 0.61795 0.381222 0.245582 0 0 1
v 0.618352 0.380593 0.249335 0 0 1
v 0.622928 0.386208 0.252545 0 0 1
v 0.620841 0.389327 0.253291 0 0 1
v 0.61908 0.391977 0.251165 0 0 1
v 0.618678 0.392606 0.247412 0 0 1
v 0.619869 0.390846 0.24423 0 0 1
v 0.621957 0.387727 0.243483 0 0 1
v 0.623718 0.385076 0.245609 0 0 1
v 0.62412 0.384447 0.249363 0 0 1
v 0.628697 0.390062 0.252572 0 0 1
v 0.626609 0.393181 0.253319 0 0 1
v 0.624848 0.395832 0.251193 0 0 1
v 0.624446 0.396461 0.247439 0 0 1
v 0.625637 0.3947 0.244258 0 0 1
v 0.627725 0.391581 0.243511 0 0 1
v 0.629486 0.38893 0.245637 0 0 1
v 0.629888 0.388301 0.24939 0 0 1
v 0.579207 0.364691 0.248183 0 0 1
v 0.604095 0.376964 0.248304 0 0 1
v 0.580168 0.362699 0.252668 0 0 1
v 0.578478 0.366123 0.252918 0 0 1
v 0.577215 0.368708 0.250395 0 0 1
v 0.577119 0.36894 0.246576 0 0 1
v 0.578247 0.366683 0.243699 0 0 1
v 0.579936 0.363259 0.243449 0 0 1
v 0.581199 0.360673 0.245972 0 0 1
v 0.581295 0.360441 0.249791 0 0 1
v 0.58639 0.365767 0.252698 0 0 1
v 0.5847 0.369191 0.252948 0 0 1
v 0.583437 0.371777 0.250425 0 0 1
v 0.583341 0.372009 0.246607 0 0 1
v 0.584468 0.369751 0.243729 0 0 1
v 0.586158 0.366327 0.243479 0 0 1
v 0.587421 0.363742 0.246002 0 0 1
v 0.587517 0.36351 0.249821 0 0 1
v 0.592611 0.368835 0.252728 0 0 1
v 0.590921 0.37226 0.252979 0 0 1
v 0.589659 0.374845 0.250455 0 0 1
v 0.589563 0.375077 0.246637 0 0 1
v 0.59069 0.37282 0.24376 0 0 1
v 0.59238 0.369395 0.243509 0 0 1
v 0.593643 0.36681 0.246032 0 0 1
v 0.593739 0.366578 0.249851 0 0 1
v 0.598833 0.371904 0.252758 0 0 1
v 0.597143 0.375328 0.253009 0 0 1
v 0.595881 0.377913 0.250486 0 0 1
v 0.595785 0.378145 0.246667 0 0 1
v 0.596912 0.375888 0.24379 0 0 1
v 0.598602 0.372464 0.24354 0 0 1
v 0.599865 0.369878 0.246063 0 0 1
v 0.599961 0.369646 0.249881 0 0 1
v 0.605055 0.374972 0.252789 0 0 1
v 0.603365 0.378396 0.253039 0 0 1
v 0.602102 0.380982 0.250516 0 0 1
v 0.602007 0.381214 0.246697 0 0 1
v 0.603134 0.378956 0.24382 0 0 1
v 0.604824 0.375532 0.24357 0 0 1
v 0.606087 0.372947 0.246093 0 0 1
v 0.606182 0.372715 0.249912 0 0 1
v 0.552931 0.355771 0.248054 0 0 1
v 0.579207 0.364691 0.248183 0 0 1
v 0.553426 0.354242 0.252789 0 0 1
v 0.5522 0.357858 0.252538 0 0 1
v 0.551402 0.360252 0.249661 0 0 1
v 0.551499 0.360021 0.245843 0 0 1
v 0.552435 0.3573 0.243319 0 0 1
v 0.553661 0.353684 0.24357 0 0 1
v 0.55446 0.35129 0.246447 0 0 1
v 0.554362 0.351521 0.250265 0 0 1
v 0.559996 0.356472 0.252821 0 0 1
v 0.558769 0.360088 0.252571 0 0 1
v 0.557971 0.362482 0.249694 0 0 1
v 0.558068 0.362251 0.245875 0 0 1
v 0.559004 0.35953 0.243352 0 0 1
v 0.56023 0.355914 0.243602 0 0 1
v 0.561029 0.35352 0.246479 0 0 1
v 0.560931 0.353751 0.250298 0 0 1
v 0.566565 0.358702 0.252853 0 0 1
v 0.565338 0.362318 0.252603 0 0 1
v 0.56454 0.364712 0.249726 0 0 1
v 0.564637 0.364481 0.245907 0 0 1
v 0.565573 0.36176 0.243384 0 0 1
v 0.5668 0.358144 0.243634 0 0 1
v 0.567598 0.35575 0.246512 0 0 1
v 0.567501 0.355981 0.25033 0 0 1
v 0.573134 0.360932 0.252886 0 0 1
v 0.571907 0.364548 0.252635 0 0 1
v 0.571109 0.366942 0.249758 0 0 1
v 0.571206 0.366711 0.24594 0 0 1
v 0.572142 0.36399 0.243416 0 0 1
v 0.573369 0.360374 0.243667 0 0 1
v 0.574167 0.35798 0.246544 0 0 1
v 0.57407 0.358211 0.250362 0 0 1
v 0.579703 0.363162 0.252918 0 0 1
v 0.578476 0.366778 0.252668 0 0 1
v 0.577678 0.369172 0.249791 0 0 1
v 0.577775 0.368941 0.245972 0 0 1
v 0.578711 0.36622 0.243449 0 0 1
v 0.579938 0.362604 0.243699 0 0 1
v 0.580736 0.36021 0.246576 0 0 1
v 0.580639 0.360441 0.250395 0 0 1
v 0.525715 0.350357 0.247918 0 0 1
v 0.552931 0.355771 0.248054 0 0 1
v 0.525882 0.349396 0.252822 0 0 1
v 0.525153 0.353078 0.252076 0 0 1
v 0.524753 0.355166 0.248894 0 0 1
v 0.524917 0.354437 0.245141 0 0 1
v 0.525548 0.351319 0.243015 0 0 1
v 0.526277 0.347637 0.243761 0 0 1
v 0.526676 0.345549 0.246943 0 0 1
v 0.526513 0.346277 0.250696 0 0 1
v 0.532686 0.350749 0.252856 0 0 1
v 0.531957 0.354431 0.25211 0 0 1
v 0.531557 0.35652 0.248928 0 0 1
v 0.531721 0.355791 0.245175 0 0 1
v 0.532352 0.352672 0.243048 0 0 1
v 0.533081 0.34899 0.243795 0 0 1
v 0.53348 0.346902 0.246977 0 0 1
v 0.533317 0.347631 0.25073 0 0 1
v 0.53949 0.352103 0.25289 0 0 1
v 0.538761 0.355785 0.252144 0 0 1
v 0.538361 0.357873 0.248962 0 0 1
v 0.538525 0.357144 0.245208 0 0 1
v 0.539156 0.354026 0.243082 0 0 1
v 0.539885 0.350344 0.243829 0 0 1
v 0.540284 0.348255 0.247011 0 0 1
v 0.54012 0.348984 0.250764 0 0 1
v 0.546294 0.353456 0.252924 0 0 1
v 0.545565 0.357138 0.252177 0 0 1
v 0.545165 0.359226 0.248996 0 0 1
v 0.545329 0.358498 0.245242 0 0 1
v 0.54596 0.355379 0.243116 0 0 1
v 0.546689 0.351697 0.243863 0 0 1
v 0.547088 0.349609 0.247045 0 0 1
v 0.546924 0.350337 0.250798 0 0 1
v 0.553097 0.35481 0.252958 0 0 1
v 0.552369 0.358492 0.252211 0 0 1
v 0.551969 0.36058 0.249029 0 0 1
v 0.552133 0.359851 0.245276 0 0 1
v 0.552764 0.356732 0.24315 0 0 1
v 0.553493 0.353051 0.243897 0 0 1
v 0.553892 0.350962 0.247079 0 0 1
v 0.553728 0.351691 0.250832 0 0 1
v 0.498025 0.348542 0.247779 0 0 1
v 0.525715 0.350357 0.247918 0 0 1
v 0.498021 0.348214 0.252768 0 0 1
v 0.497791 0.351831 0.251538 0 0 1
v 0.497697 0.353521 0.248106 0 0 1
v 0.497796 0.352295 0.244482 0 0 1
v 0.498029 0.34887 0.24279 0 0 1
v 0.49826 0.345254 0.24402 0 0 1
v 0.498353 0.343564 0.247452 0 0 1
v 0.498254 0.34479 0.251076 0 0 1
v 0.504944 0.348668 0.252803 0 0 1
v 0.504713 0.352285 0.251573 0 0 1
v 0.50462 0.353975 0.248141 0 0 1
v 0.504718 0.352748 0.244517 0 0 1
v 0.504951 0.349324 0.242825 0 0 1
v 0.505182 0.345708 0.244055 0 0 1
v 0.505275 0.344018 0.247487 0 0 1
v 0.505177 0.345244 0.251111 0 0 1
v 0.511866 0.349122 0.252838 0 0 1
v 0.511635 0.352738 0.251608 0 0 1
v 0.511542 0.354428 0.248176 0 0 1
v 0.511641 0.353202 0.244552 0 0 1
v 0.511874 0.349778 0.242859 0 0 1
v 0.512104 0.346161 0.24409 0 0 1
v 0.512198 0.344471 0.247522 0 0 1
v 0.512099 0.345698 0.251145 0 0 1
v 0.518789 0.349576 0.252873 0 0 1
v 0.518558 0.353192 0.251643 0 0 1
v 0.518464 0.354882 0.248211 0 0 1
v 0.518563 0.353656 0.244587 0 0 1
v 0.518796 0.350232 0.242894 0 0 1
v 0.519027 0.346615 0.244124 0 0 1
v 0.51912 0.344925 0.247557 0 0 1
v 0.519022 0.346151 0.25118 0 0 1
v 0.525711 0.350029 0.252908 0 0 1
v 0.52548 0.353646 0.251678 0 0 1
v 0.525387 0.355336 0.248245 0 0 1
v 0.525485 0.35411 0.244622 0 0 1
v 0.525718 0.350685 0.242929 0 0 1
v 0.525949 0.347069 0.244159 0 0 1
v 0.526043 0.345379 0.247591 0 0 1
v 0.525944 0.346605 0.251215 0 0 1
v 0.470335 0.350357 0.247638 0 0 1
v 0.498025 0.348542 0.247779 0 0 1
v 0.470332 0.350685 0.252627 0 0 1
v 0.470565 0.354109 0.250935 0 0 1
v 0.470663 0.355336 0.247311 0 0 1
v 0.47057 0.353646 0.243879 0 0 1
v 0.470339 0.350029 0.242649 0 0 1
v 0.470106 0.346605 0.244341 0 0 1
v 0.470007 0.345379 0.247965 0 0 1
v 0.470101 0.347069 0.251397 0 0 1
v 0.477254 0.350231 0.252662 0 0 1
v 0.477487 0.353656 0.25097 0 0 1
v 0.477586 0.354882 0.247346 0 0 1
v 0.477493 0.353192 0.243914 0 0 1
v 0.477262 0.349576 0.242684 0 0 1
v 0.477029 0.346151 0.244377 0 0 1
v 0.47693 0.344925 0.248 0 0 1
v 0.477023 0.346615 0.251432 0 0 1
v 0.484176 0.349778 0.252698 0 0 1
v 0.484409 0.353202 0.251005 0 0 1
v 0.484508 0.354428 0.247381 0 0 1
v 0.484415 0.352738 0.243949 0 0 1
v 0.484184 0.349122 0.242719 0 0 1
v 0.483951 0.345698 0.244412 0 0 1
v 0.483852 0.344471 0.248035 0 0 1
v 0.483946 0.346161 0.251468 0 0 1
v 0.491099 0.349324 0.252733 0 0 1
v 0.491332 0.352748 0.25104 0 0 1
v 0.491431 0.353975 0.247417 0 0 1
v 0.491337 0.352285 0.243985 0 0 1
v 0.491107 0.348668 0.242754 0 0 1
v 0.490874 0.345244 0.244447 0 0 1
v 0.490775 0.344018 0.248071 0 0 1
v 0.490868 0.345708 0.251503 0 0 1
v 0.498021 0.34887 0.252768 0 0 1
v 0.498254 0.352295 0.251076 0 0 1
v 0.498353 0.353521 0.247452 0 0 1
v 0.49826 0.351831 0.24402 0 0 1
v 0.498029 0.348214 0.24279 0 0 1
v 0.497796 0.34479 0.244482 0 0 1
v 0.497697 0.343564 0.248106 0 0 1
v 0.49779 0.345254 0.251538 0 0 1
v 0.44312 0.355771 0.247498 0 0 1
v 0.470335 0.350357 0.247638 0 0 1
v 0.443286 0.356732 0.252402 0 0 1
v 0.443917 0.359851 0.250276 0 0 1
v 0.444081 0.36058 0.246522 0 0 1
v 0.443682 0.358491 0.243341 0 0 1
v 0.442953 0.354809 0.242594 0 0 1
v 0.442322 0.351691 0.24472 0 0 1
v 0.442158 0.350962 0.248473 0 0 1
v 0.442557 0.35305 0.251655 0 0 1
v 0.45009 0.355379 0.252437 0 0 1
v 0.450721 0.358498 0.250311 0 0 1
v 0.450885 0.359226 0.246557 0 0 1
v 0.450486 0.357138 0.243376 0 0 1
v 0.449757 0.353456 0.242629 0 0 1
v 0.449126 0.350337 0.244755 0 0 1
v 0.448962 0.349609 0.248508 0 0 1
v 0.449361 0.351697 0.25169 0 0 1
v 0.456893 0.354026 0.252472 0 0 1
v 0.457525 0.357144 0.250346 0 0 1
v 0.457689 0.357873 0.246593 0 0 1
v 0.45729 0.355784 0.243411 0 0 1
v 0.456561 0.352102 0.242664 0 0 1
v 0.45593 0.348984 0.24479 0 0 1
v 0.455766 0.348255 0.248543 0 0 1
v 0.456165 0.350344 0.251725 0 0 1
v 0.463697 0.352672 0.252507 0 0 1
v 0.464329 0.355791 0.250381 0 0 1
v 0.464493 0.356519 0.246628 0 0 1
v 0.464094 0.354431 0.243446 0 0 1
v 0.463365 0.350749 0.242699 0 0 1
v 0.462734 0.34763 0.244825 0 0 1
v 0.46257 0.346902 0.248578 0 0 1
v 0.462969 0.34899 0.25176 0 0 1
v 0.470501 0.351319 0.252542 0 0 1
v 0.471133 0.354437 0.250416 0 0 1
v 0.471297 0.355166 0.246663 0 0 1
v 0.470898 0.353078 0.243481 0 0 1
v 0.470169 0.349396 0.242734 0 0 1
v 0.469538 0.346277 0.24486 0 0 1
v 0.469374 0.345548 0.248613 0 0 1
v 0.469773 0.347637 0.251795 0 0 1
v 0.416843 0.364691 0.247361 0 0 1
v 0.44312 0.355771 0.247498 0 0 1
v 0.417338 0.36622 0.252096 0 0 1
v 0.418274 0.36894 0.249573 0 0 1
v 0.418372 0.369171 0.245754 0 0 1
v 0.417575 0.366777 0.242877 0 0 1
v 0.416349 0.363161 0.242627 0 0 1
v 0.415412 0.360441 0.24515 0 0 1
v 0.415314 0.36021 0.248968 0 0 1
v 0.416111 0.362604 0.251845 0 0 1
v 0.423907 0.36399 0.25213 0 0 1
v 0.424843 0.36671 0.249607 0 0 1
v 0.424942 0.366941 0.245788 0 0 1
v 0.424144 0.364548 0.242911 0 0 1
v 0.422918 0.360931 0.242661 0 0 1
v 0.421981 0.358211 0.245184 0 0 1
v 0.421883 0.35798 0.249003 0 0 1
v 0.42268 0.360374 0.25188 0 0 1
v 0.430476 0.36176 0.252164 0 0 1
v 0.431412 0.364481 0.249641 0 0 1
v 0.431511 0.364711 0.245822 0 0 1
v 0.430713 0.362318 0.242945 0 0 1
v 0.429487 0.358701 0.242695 0 0 1
v 0.42855 0.355981 0.245218 0 0 1
v 0.428452 0.35575 0.249037 0 0 1
v 0.42925 0.358144 0.251914 0 0 1
v 0.437045 0.35953 0.252198 0 0 1
v 0.437982 0.362251 0.249675 0 0 1
v 0.43808 0.362482 0.245857 0 0 1
v 0.437282 0.360088 0.242979 0 0 1
v 0.436056 0.356471 0.242729 0 0 1
v 0.435119 0.353751 0.245252 0 0 1
v 0.435021 0.35352 0.249071 0 0 1
v 0.435819 0.355914 0.251948 0 0 1
v 0.443614 0.3573 0.252233 0 0 1
v 0.444551 0.360021 0.249709 0 0 1
v 0.444649 0.360252 0.245891 0 0 1
v 0.443851 0.357858 0.243014 0 0 1
v 0.442625 0.354241 0.242763 0 0 1
v 0.441688 0.351521 0.245287 0 0 1
v 0.44159 0.35129 0.249105 0 0 1
v 0.442388 0.353684 0.251982 0 0 1
v 0.391956 0.376964 0.24723 0 0 1
v 0.416843 0.364691 0.247361 0 0 1
v 0.392915 0.378956 0.251714 0 0 1
v 0.394043 0.381213 0.248837 0 0 1
v 0.393948 0.380981 0.245019 0 0 1
v 0.392687 0.378395 0.242495 0 0 1
v 0.390997 0.374971 0.242746 0 0 1
v 0.389868 0.372714 0.245623 0 0 1
v 0.389963 0.372946 0.249441 0 0 1
v 0.391225 0.375532 0.251965 0 0 1
v 0.399137 0.375888 0.251747 0 0 1
v 0.400265 0.378145 0.24887 0 0 1
v 0.40017 0.377913 0.245051 0 0 1
v 0.398908 0.375327 0.242528 0 0 1
v 0.397218 0.371903 0.242779 0 0 1
v 0.39609 0.369646 0.245656 0 0 1
v 0.396185 0.369878 0.249474 0 0 1
v 0.397447 0.372464 0.251997 0 0 1
v 0.405358 0.37282 0.25178 0 0 1
v 0.406487 0.375077 0.248903 0 0 1
v 0.406392 0.374844 0.245084 0 0 1
v 0.40513 0.372259 0.242561 0 0 1
v 0.40344 0.368834 0.242811 0 0 1
v 0.402312 0.366577 0.245688 0 0 1
v 0.402407 0.36681 0.249507 0 0 1
v 0.403668 0.369396 0.25203 0 0 1
v 0.41158 0.369752 0.251813 0 0 1
v 0.412709 0.372009 0.248936 0 0 1
v 0.412614 0.371776 0.245117 0 0 1
v 0.411352 0.36919 0.242594 0 0 1
v 0.409662 0.365766 0.242844 0 0 1
v 0.408534 0.363509 0.245721 0 0 1
v 0.408628 0.363742 0.24954 0 0 1
v 0.40989 0.366327 0.252063 0 0 1
v 0.417802 0.366683 0.251845 0 0 1
v 0.41893 0.36894 0.248968 0 0 1
v 0.418836 0.368708 0.24515 0 0 1
v 0.417574 0.366122 0.242627 0 0 1
v 0.415884 0.362698 0.242877 0 0 1
v 0.414756 0.360441 0.245754 0 0 1
v 0.41485 0.360673 0.249573 0 0 1
v 0.416112 0.363259 0.252096 0 0 1
v 0.368883 0.39238 0.247107 0 0 1
v 0.391956 0.376964 0.24723 0 0 1
v 0.370411 0.3947 0.251264 0 0 1
v 0.371604 0.39646 0.248082 0 0 1
v 0.371203 0.39583 0.244329 0 0 1
v 0.369443 0.393179 0.242203 0 0 1
v 0.367355 0.39006 0.24295 0 0 1
v 0.366162 0.388301 0.246131 0 0 1
v 0.366563 0.388931 0.249885 0 0 1
v 0.368323 0.391581 0.252011 0 0 1
v 0.376179 0.390846 0.251295 0 0 1
v 0.377372 0.392606 0.248113 0 0 1
v 0.376971 0.391976 0.24436 0 0 1
v 0.375211 0.389325 0.242234 0 0 1
v 0.373123 0.386206 0.24298 0 0 1
v 0.37193 0.384446 0.246162 0 0 1
v 0.372331 0.385076 0.249915 0 0 1
v 0.374091 0.387727 0.252042 0 0 1
v 0.381947 0.386992 0.251326 0 0 1
v 0.38314 0.388752 0.248144 0 0 1
v 0.382739 0.388122 0.244391 0 0 1
v 0.380979 0.385471 0.242265 0 0 1
v 0.378891 0.382352 0.243011 0 0 1
v 0.377699 0.380592 0.246193 0 0 1
v 0.378099 0.381222 0.249946 0 0 1
v 0.379859 0.383873 0.252072 0 0 1
v 0.387716 0.383138 0.251357 0 0 1
v 0.388908 0.384898 0.248175 0 0 1
v 0.388508 0.384268 0.244421 0 0 1
v 0.386748 0.381617 0.242295 0 0 1
v 0.38466 0.378498 0.243042 0 0 1
v 0.383467 0.376738 0.246224 0 0 1
v 0.383868 0.377368 0.249977 0 0 1
v 0.385628 0.380019 0.252103 0 0 1
v 0.393484 0.379284 0.251387 0 0 1
v 0.394677 0.381044 0.248205 0 0 1
v 0.394276 0.380414 0.244452 0 0 1
v 0.392516 0.377763 0.242326 0 0 1
v 0.390428 0.374644 0.243073 0 0 1
v 0.389235 0.372884 0.246255 0 0 1
v 0.389636 0.373514 0.250008 0 0 1
v 0.391396 0.376165 0.252134 0 0 1
v 0.34802 0.410677 0.246994 0 0 1
v 0.368883 0.39238 0.247107 0 0 1
v 0.350182 0.413166 0.250753 0 0 1
v 0.351309 0.414429 0.247321 0 0 1
v 0.350509 0.413494 0.243697 0 0 1
v 0.348251 0.410909 0.242004 0 0 1
v 0.345858 0.408188 0.243234 0 0 1
v 0.344732 0.406925 0.246667 0 0 1
v 0.345532 0.407859 0.25029 0 0 1
v 0.347789 0.410444 0.251983 0 0 1
v 0.355398 0.408591 0.250781 0 0 1
v 0.356525 0.409855 0.247349 0 0 1
v 0.355725 0.40892 0.243725 0 0 1
v 0.353467 0.406335 0.242033 0 0 1
v 0.351074 0.403614 0.243263 0 0 1
v 0.349947 0.402351 0.246695 0 0 1
v 0.350747 0.403285 0.250319 0 0 1
v 0.353005 0.40587 0.252011 0 0 1
v 0.360614 0.404017 0.250809 0 0 1
v 0.36174 0.405281 0.247377 0 0 1
v 0.36094 0.404346 0.243754 0 0 1
v 0.358683 0.401761 0.242061 0 0 1
v 0.35629 0.39904 0.243291 0 0 1
v 0.355163 0.397777 0.246723 0 0 1
v 0.355963 0.398711 0.250347 0 0 1
v 0.358221 0.401296 0.252039 0 0 1
v 0.36583 0.399443 0.250838 0 0 1
v 0.366956 0.400707 0.247406 0 0 1
v 0.366156 0.399772 0.243782 0 0 1
v 0.363898 0.397187 0.242089 0 0 1
v 0.361505 0.394466 0.243319 0 0 1
v 0.360379 0.393203 0.246752 0 0 1
v 0.361179 0.394137 0.250375 0 0 1
v 0.363437 0.396722 0.252068 0 0 1
v 0.371045 0.394869 0.250866 0 0 1
v 0.372172 0.396132 0.247434 0 0 1
v 0.371372 0.395198 0.24381 0 0 1
v 0.369114 0.392613 0.242118 0 0 1
v 0.366721 0.389892 0.243348 0 0 1
v 0.365594 0.388628 0.24678 0 0 1
v 0.366394 0.389563 0.250404 0 0 1
v 0.368652 0.392148 0.252096 0 0 1
v 0.329724 0.43154 0.246892 0 0 1
v 0.34802 0.410677 0.246994 0 0 1
v 0.332542 0.434028 0.250189 0 0 1
v 0.333476 0.434829 0.246565 0 0 1
v 0.332212 0.433703 0.243133 0 0 1
v 0.32949 0.431311 0.241903 0 0 1
v 0.326906 0.429052 0.243596 0 0 1
v 0.325972 0.428251 0.247219 0 0 1
v 0.327236 0.429377 0.250652 0 0 1
v 0.329958 0.431769 0.251882 0 0 1
v 0.337117 0.428812 0.250214 0 0 1
v 0.33805 0.429613 0.246591 0 0 1
v 0.336786 0.428488 0.243158 0 0 1
v 0.334064 0.426095 0.241928 0 0 1
v 0.33148 0.423837 0.243621 0 0 1
v 0.330546 0.423035 0.247245 0 0 1
v 0.33181 0.424161 0.250677 0 0 1
v 0.334532 0.426554 0.251907 0 0 1
v 0.341691 0.423596 0.25024 0 0 1
v 0.342624 0.424397 0.246616 0 0 1
v 0.34136 0.423272 0.243184 0 0 1
v 0.338638 0.420879 0.241954 0 0 1
v 0.336054 0.418621 0.243646 0 0 1
v 0.33512 0.41782 0.24727 0 0 1
v 0.336385 0.418945 0.250702 0 0 1
v 0.339106 0.421338 0.251932 0 0 1
v 0.346265 0.41838 0.250265 0 0 1
v 0.347198 0.419181 0.246641 0 0 1
v 0.345934 0.418056 0.243209 0 0 1
v 0.343212 0.415663 0.241979 0 0 1
v 0.340628 0.413405 0.243672 0 0 1
v 0.339694 0.412604 0.247295 0 0 1
v 0.340959 0.413729 0.250727 0 0 1
v 0.34368 0.416122 0.251958 0 0 1
v 0.350839 0.413165 0.25029 0 0 1
v 0.351772 0.413966 0.246667 0 0 1
v 0.350508 0.41284 0.243234 0 0 1
v 0.347786 0.410448 0.242004 0 0 1
v 0.345202 0.408189 0.243697 0 0 1
v 0.344268 0.407388 0.247321 0 0 1
v 0.345533 0.408514 0.250753 0 0 1
v 0.348254 0.410906 0.251983 0 0 1
v 0.314307 0.454613 0.246805 0 0 1
v 0.329724 0.43154 0.246892 0 0 1
v 0.317759 0.45693 0.249583 0 0 1
v 0.318387 0.457335 0.245829 0 0 1
v 0.316624 0.456145 0.242647 0 0 1
v 0.313505 0.454058 0.241901 0 0 1
v 0.310856 0.452296 0.244027 0 0 1
v 0.310228 0.451891 0.24778 0 0 1
v 0.31199 0.45308 0.250962 0 0 1
v 0.31511 0.455168 0.251709 0 0 1
v 0.321613 0.451162 0.249604 0 0 1
v 0.322241 0.451566 0.245851 0 0 1
v 0.320479 0.450377 0.242669 0 0 1
v 0.317359 0.44829 0.241923 0 0 1
v 0.31471 0.446528 0.244049 0 0 1
v 0.314082 0.446123 0.247802 0 0 1
v 0.315845 0.447312 0.250984 0 0 1
v 0.318964 0.449399 0.251731 0 0 1
v 0.325468 0.445393 0.249626 0 0 1
v 0.326095 0.445798 0.245873 0 0 1
v 0.324333 0.444609 0.242691 0 0 1
v 0.321213 0.442522 0.241945 0 0 1
v 0.318564 0.440759 0.244071 0 0 1
v 0.317937 0.440354 0.247824 0 0 1
v 0.319699 0.441544 0.251006 0 0 1
v 0.322818 0.443631 0.251752 0 0 1
v 0.329322 0.439625 0.249648 0 0 1
v 0.329949 0.44003 0.245895 0 0 1
v 0.328187 0.438841 0.242713 0 0 1
v 0.325067 0.436753 0.241967 0 0 1
v 0.322418 0.434991 0.244093 0 0 1
v 0.321791 0.434586 0.247846 0 0 1
v 0.323553 0.435776 0.251028 0 0 1
v 0.326672 0.437863 0.251774 0 0 1
v 0.333176 0.433857 0.24967 0 0 1
v 0.333803 0.434262 0.245917 0 0 1
v 0.332041 0.433072 0.242735 0 0 1
v 0.328922 0.430985 0.241988 0 0 1
v 0.326272 0.429223 0.244115 0 0 1
v 0.325645 0.428818 0.247868 0 0 1
v 0.327407 0.430008 0.25105 0 0 1
v 0.330527 0.432095 0.251796 0 0 1
v 0.302034 0.4795 0.246732 0 0 1
v 0.314307 0.454613 0.246805 0 0 1
v 0.306054 0.481489 0.248944 0 0 1
v 0.306283 0.481591 0.245125 0 0 1
v 0.304023 0.480468 0.242248 0 0 1
v 0.300598 0.478779 0.241998 0 0 1
v 0.298015 0.477512 0.244521 0 0 1
v 0.297786 0.47741 0.24834 0 0 1
v 0.300046 0.478533 0.251217 0 0 1
v 0.30347 0.480222 0.251467 0 0 1
v 0.309122 0.475267 0.248962 0 0 1
v 0.309351 0.475369 0.245143 0 0 1
v 0.307091 0.474246 0.242266 0 0 1
v 0.303667 0.472557 0.242016 0 0 1
v 0.301083 0.47129 0.244539 0 0 1
v 0.300854 0.471188 0.248358 0 0 1
v 0.303114 0.472311 0.251235 0 0 1
v 0.306539 0.474 0.251485 0 0 1
v 0.31219 0.469045 0.24898 0 0 1
v 0.312419 0.469147 0.245161 0 0 1
v 0.310159 0.468024 0.242284 0 0 1
v 0.306735 0.466335 0.242034 0 0 1
v 0.304152 0.465068 0.244557 0 0 1
v 0.303923 0.464966 0.248376 0 0 1
v 0.306182 0.466089 0.251253 0 0 1
v 0.309607 0.467779 0.251503 0 0 1
v 0.315259 0.462823 0.248998 0 0 1
v 0.315487 0.462925 0.245179 0 0 1
v 0.313228 0.461802 0.242302 0 0 1
v 0.309803 0.460113 0.242052 0 0 1
v 0.30722 0.458846 0.244575 0 0 1
v 0.306991 0.458744 0.248394 0 0 1
v 0.309251 0.459867 0.251271 0 0 1
v 0.312675 0.461557 0.251521 0 0 1
v 0.318327 0.456601 0.249016 0 0 1
v 0.318556 0.456703 0.245198 0 0 1
v 0.316296 0.45558 0.24232 0 0 1
v 0.312871 0.453891 0.24207 0 0 1
v 0.310288 0.452624 0.244593 0 0 1
v 0.310059 0.452522 0.248412 0 0 1
v 0.312319 0.453645 0.251289 0 0 1
v 0.315743 0.455335 0.251539 0 0 1
v 0.293115 0.505777 0.246676 0 0 1
v 0.302034 0.4795 0.246732 0 0 1
v 0.297597 0.507302 0.248283 0 0 1
v 0.297363 0.507214 0.244465 0 0 1
v 0.29464 0.506285 0.241942 0 0 1
v 0.291024 0.505058 0.242192 0 0 1
v 0.288632 0.504252 0.245069 0 0 1
v 0.288867 0.50434 0.248888 0 0 1
v 0.29159 0.50527 0.251411 0 0 1
v 0.295206 0.506497 0.251161 0 0 1
v 0.299827 0.500733 0.248297 0 0 1
v 0.299592 0.500645 0.244479 0 0 1
v 0.29687 0.499716 0.241956 0 0 1
v 0.293253 0.498489 0.242206 0 0 1
v 0.290862 0.497683 0.245083 0 0 1
v 0.291097 0.497771 0.248902 0 0 1
v 0.29382 0.4987 0.251425 0 0 1
v 0.297436 0.499927 0.251175 0 0 1
v 0.302057 0.494164 0.248311 0 0 1
v 0.301822 0.494076 0.244493 0 0 1
v 0.299099 0.493146 0.24197 0 0 1
v 0.295483 0.491919 0.24222 0 0 1
v 0.293092 0.491114 0.245097 0 0 1
v 0.293327 0.491202 0.248916 0 0 1
v 0.29605 0.492131 0.251439 0 0 1
v 0.299666 0.493358 0.251189 0 0 1
v 0.304287 0.487595 0.248325 0 0 1
v 0.304052 0.487507 0.244507 0 0 1
v 0.301329 0.486577 0.241984 0 0 1
v 0.297713 0.48535 0.242234 0 0 1
v 0.295322 0.484545 0.245111 0 0 1
v 0.295557 0.484632 0.24893 0 0 1
v 0.298279 0.485562 0.251453 0 0 1
v 0.301896 0.486789 0.251203 0 0 1
v 0.306517 0.481025 0.248339 0 0 1
v 0.306282 0.480938 0.244521 0 0 1
v 0.303559 0.480008 0.241998 0 0 1
v 0.299943 0.478781 0.242248 0 0 1
v 0.297552 0.477975 0.245125 0 0 1
v 0.297787 0.478063 0.248944 0 0 1
v 0.300509 0.478993 0.251467 0 0 1
v 0.304126 0.48022 0.251217 0 0 1
v 0.287701 0.532993 0.246638 0 0 1
v 0.293115 0.505777 0.246676 0 0 1
v 0.292511 0.533951 0.247613 0 0 1
v 0.291779 0.533801 0.24386 0 0 1
v 0.288659 0.533177 0.241734 0 0 1
v 0.284978 0.532446 0.24248 0 0 1
v 0.282892 0.532035 0.245662 0 0 1
v 0.283623 0.532186 0.249415 0 0 1
v 0.286743 0.53281 0.251542 0 0 1
v 0.290424 0.533541 0.250795 0 0 1
v 0.293864 0.527147 0.247623 0 0 1
v 0.293133 0.526997 0.243869 0 0 1
v 0.290013 0.526373 0.241743 0 0 1
v 0.286331 0.525642 0.24249 0 0 1
v 0.284245 0.525231 0.245672 0 0 1
v 0.284976 0.525382 0.249425 0 0 1
v 0.288096 0.526006 0.251551 0 0 1
v 0.291778 0.526737 0.250805 0 0 1
v 0.295217 0.520343 0.247632 0 0 1
v 0.294486 0.520193 0.243879 0 0 1
v 0.291366 0.519569 0.241753 0 0 1
v 0.287685 0.518838 0.2425 0 0 1
v 0.285598 0.518427 0.245682 0 0 1
v 0.28633 0.518578 0.249435 0 0 1
v 0.28945 0.519202 0.251561 0 0 1
v 0.293131 0.519933 0.250814 0 0 1
v 0.296571 0.513539 0.247642 0 0 1
v 0.29584 0.513389 0.243889 0 0 1
v 0.292719 0.512765 0.241763 0 0 1
v 0.289038 0.512034 0.242509 0 0 1
v 0.286952 0.511623 0.245691 0 0 1
v 0.287683 0.511774 0.249444 0 0 1
v 0.290803 0.512398 0.251571 0 0 1
v 0.294485 0.513129 0.250824 0 0 1
v 0.297924 0.506735 0.247652 0 0 1
v 0.297193 0.506584 0.243898 0 0 1
v 0.294073 0.505961 0.241772 0 0 1
v 0.290391 0.50523 0.242519 0 0 1
v 0.288305 0.504819 0.245701 0 0 1
v 0.289036 0.50497 0.249454 0 0 1
v 0.292157 0.505594 0.25158 0 0 1
v 0.295838 0.506325 0.250834 0 0 1
v 0.285886 0.560683 0.246617 0 0 1
v 0.287701 0.532993 0.246638 0 0 1
v 0.290865 0.56101 0.246944 0 0 1
v 0.289638 0.560927 0.24332 0 0 1
v 0.286213 0.560701 0.241628 0 0 1
v 0.282597 0.560465 0.242858 0 0 1
v 0.280908 0.560357 0.24629 0 0 1
v 0.282135 0.56044 0.249914 0 0 1
v 0.28556 0.560666 0.251606 0 0 1
v 0.289176 0.560902 0.250376 0 0 1
v 0.291319 0.554088 0.246949 0 0 1
v 0.290091 0.554004 0.243325 0 0 1
v 0.286667 0.553779 0.241633 0 0 1
v 0.28305 0.553543 0.242863 0 0 1
v 0.281361 0.553434 0.246295 0 0 1
v 0.282589 0.553518 0.249919 0 0 1
v 0.286013 0.553743 0.251611 0 0 1
v 0.289629 0.553979 0.250381 0 0 1
v 0.291772 0.547165 0.246954 0 0 1
v 0.290545 0.547082 0.243331 0 0 1
v 0.28712 0.546856 0.241638 0 0 1
v 0.283504 0.54662 0.242868 0 0 1
v 0.281815 0.546512 0.2463 0 0 1
v 0.283042 0.546595 0.249924 0 0 1
v 0.286467 0.546821 0.251617 0 0 1
v 0.290083 0.547057 0.250386 0 0 1
v 0.292226 0.540243 0.246959 0 0 1
v 0.290999 0.540159 0.243336 0 0 1
v 0.287574 0.539934 0.241643 0 0 1
v 0.283958 0.539698 0.242873 0 0 1
v 0.282269 0.539589 0.246305 0 0 1
v 0.283496 0.539673 0.249929 0 0 1
v 0.286921 0.539898 0.251622 0 0 1
v 0.290537 0.540134 0.250392 0 0 1
v 0.29268 0.53332 0.246965 0 0 1
v 0.291452 0.533237 0.243341 0 0 1
v 0.288028 0.533011 0.241648 0 0 1
v 0.284412 0.532775 0.242878 0 0 1
v 0.282723 0.532667 0.246311 0 0 1
v 0.28395 0.53275 0.249934 0 0 1
v 0.287375 0.532976 0.251627 0 0 1
v 0.290991 0.533212 0.250397 0 0 1
v 0.287701 0.588374 0.246615 0 0 1
v 0.285886 0.560683 0.246617 0 0 1
v 0.29268 0.588047 0.246288 0 0 1
v 0.290991 0.588158 0.242856 0 0 1
v 0.287375 0.588394 0.241625 0 0 1
v 0.28395 0.588619 0.243318 0 0 1
v 0.282723 0.5887 0.246942 0 0 1
v 0.284411 0.588589 0.250374 0 0 1
v 0.288027 0.588353 0.251604 0 0 1
v 0.291452 0.588128 0.249911 0 0 1
v 0.292226 0.581125 0.246288 0 0 1
v 0.290537 0.581235 0.242856 0 0 1
v 0.286921 0.581472 0.241626 0 0 1
v 0.283496 0.581697 0.243319 0 0 1
v 0.282269 0.581777 0.246942 0 0 1
v 0.283958 0.581667 0.250374 0 0 1
v 0.287574 0.58143 0.251605 0 0 1
v 0.290999 0.581205 0.249912 0 0 1
v 0.291772 0.574202 0.246289 0 0 1
v 0.290083 0.574313 0.242857 0 0 1
v 0.286467 0.574549 0.241627 0 0 1
v 0.283043 0.574774 0.243319 0 0 1
v 0.281815 0.574855 0.246943 0 0 1
v 0.283504 0.574744 0.250375 0 0 1
v 0.28712 0.574508 0.251605 0 0 1
v 0.290545 0.574283 0.249913 0 0 1
v 0.291319 0.56728 0.246289 0 0 1
v 0.28963 0.56739 0.242857 0 0 1
v 0.286014 0.567627 0.241627 0 0 1
v 0.282589 0.567852 0.24332 0 0 1
v 0.281361 0.567932 0.246943 0 0 1
v 0.28305 0.567822 0.250376 0 0 1
v 0.286666 0.567585 0.251606 0 0 1
v 0.290091 0.56736 0.249913 0 0 1
v 0.290865 0.560357 0.24629 0 0 1
v 0.289176 0.560468 0.242858 0 0 1
v 0.28556 0.560704 0.241628 0 0 1
v 0.282135 0.560929 0.24332 0 0 1
v 0.280908 0.56101 0.246944 0 0 1
v 0.282597 0.560899 0.250376 0 0 1
v 0.286213 0.560662 0.251606 0 0 1
v 0.289637 0.560438 0.249914 0 0 1
v 0.293115 0.61559 0.246631 0 0 1
v 0.287701 0.588374 0.246615 0 0 1
v 0.297925 0.614634 0.245655 0 0 1
v 0.29584 0.61505 0.242474 0 0 1
v 0.292159 0.615783 0.241727 0 0 1
v 0.289038 0.616402 0.243853 0 0 1
v 0.288305 0.616546 0.247606 0 0 1
v 0.29039 0.616129 0.250788 0 0 1
v 0.294071 0.615397 0.251535 0 0 1
v 0.297192 0.614777 0.249409 0 0 1
v 0.296571 0.60783 0.245651 0 0 1
v 0.294486 0.608246 0.24247 0 0 1
v 0.290805 0.608979 0.241723 0 0 1
v 0.287684 0.609598 0.243849 0 0 1
v 0.286952 0.609742 0.247602 0 0 1
v 0.289036 0.609325 0.250784 0 0 1
v 0.292717 0.608593 0.251531 0 0 1
v 0.295838 0.607973 0.249405 0 0 1
v 0.295218 0.601025 0.245647 0 0 1
v 0.293133 0.601442 0.242465 0 0 1
v 0.289452 0.602175 0.241719 0 0 1
v 0.286331 0.602794 0.243845 0 0 1
v 0.285598 0.602938 0.247598 0 0 1
v 0.287683 0.602521 0.25078 0 0 1
v 0.291364 0.601789 0.251527 0 0 1
v 0.294485 0.601169 0.249401 0 0 1
v 0.293864 0.594221 0.245643 0 0 1
v 0.291779 0.594638 0.242461 0 0 1
v 0.288098 0.595371 0.241715 0 0 1
v 0.284977 0.59599 0.243841 0 0 1
v 0.284245 0.596134 0.247594 0 0 1
v 0.28633 0.595717 0.250776 0 0 1
v 0.290011 0.594984 0.251523 0 0 1
v 0.293132 0.594365 0.249397 0 0 1
v 0.292511 0.587417 0.245639 0 0 1
v 0.290426 0.587834 0.242457 0 0 1
v 0.286745 0.588567 0.241711 0 0 1
v 0.283624 0.589186 0.243837 0 0 1
v 0.282891 0.58933 0.24759 0 0 1
v 0.284976 0.588913 0.250772 0 0 1
v 0.288657 0.58818 0.251519 0 0 1
v 0.291778 0.587561 0.249393 0 0 1
v 0.302034 0.641867 0.246665 0 0 1
v 0.293115 0.61559 0.246631 0 0 1
v 0.306518 0.640347 0.245058 0 0 1
v 0.30413 0.641161 0.242181 0 0 1
v 0.300514 0.642389 0.241931 0 0 1
v 0.297789 0.643311 0.244454 0 0 1
v 0.29755 0.643387 0.248272 0 0 1
v 0.299938 0.642572 0.25115 0 0 1
v 0.303554 0.641344 0.2514 0 0 1
v 0.30628 0.640423 0.248877 0 0 1
v 0.304288 0.633777 0.245049 0 0 1
v 0.3019 0.634592 0.242172 0 0 1
v 0.298284 0.63582 0.241922 0 0 1
v 0.295559 0.636741 0.244445 0 0 1
v 0.29532 0.636817 0.248264 0 0 1
v 0.297709 0.636003 0.251141 0 0 1
v 0.301324 0.634775 0.251391 0 0 1
v 0.30405 0.633853 0.248868 0 0 1
v 0.302059 0.627208 0.245041 0 0 1
v 0.29967 0.628023 0.242164 0 0 1
v 0.296055 0.62925 0.241913 0 0 1
v 0.293329 0.630172 0.244437 0 0 1
v 0.293091 0.630248 0.248255 0 0 1
v 0.295479 0.629434 0.251132 0 0 1
v 0.299095 0.628206 0.251383 0 0 1
v 0.30182 0.627284 0.24886 0 0 1
v 0.299829 0.620639 0.245032 0 0 1
v 0.297441 0.621453 0.242155 0 0 1
v 0.293825 0.622681 0.241905 0 0 1
v 0.291099 0.623603 0.244428 0 0 1
v 0.290861 0.623679 0.248247 0 0 1
v 0.293249 0.622865 0.251124 0 0 1
v 0.296865 0.621637 0.251374 0 0 1
v 0.29959 0.620715 0.248851 0 0 1
v 0.297599 0.61407 0.245024 0 0 1
v 0.295211 0.614884 0.242147 0 0 1
v 0.291595 0.616112 0.241896 0 0 1
v 0.288869 0.617034 0.244419 0 0 1
v 0.288631 0.61711 0.248238 0 0 1
v 0.291019 0.616295 0.251115 0 0 1
v 0.294635 0.615068 0.251366 0 0 1
v 0.29736 0.614146 0.248842 0 0 1
v 0.314307 0.666754 0.246717 0 0 1
v 0.302034 0.641867 0.246665 0 0 1
v 0.318331 0.664775 0.244506 0 0 1
v 0.315753 0.666051 0.241982 0 0 1
v 0.312328 0.66774 0.242233 0 0 1
v 0.310062 0.668851 0.24511 0 0 1
v 0.310284 0.668734 0.248929 0 0 1
v 0.312862 0.667457 0.251452 0 0 1
v 0.316287 0.665769 0.251201 0 0 1
v 0.318553 0.664658 0.248324 0 0 1
v 0.315263 0.658553 0.244493 0 0 1
v 0.312685 0.659829 0.241969 0 0 1
v 0.30926 0.661518 0.24222 0 0 1
v 0.306994 0.662629 0.245097 0 0 1
v 0.307215 0.662512 0.248916 0 0 1
v 0.309794 0.661235 0.251439 0 0 1
v 0.313219 0.659547 0.251188 0 0 1
v 0.315484 0.658436 0.248311 0 0 1
v 0.312195 0.652331 0.24448 0 0 1
v 0.309616 0.653608 0.241957 0 0 1
v 0.306191 0.655296 0.242207 0 0 1
v 0.303926 0.656407 0.245084 0 0 1
v 0.304147 0.65629 0.248903 0 0 1
v 0.306726 0.655013 0.251426 0 0 1
v 0.310151 0.653325 0.251176 0 0 1
v 0.312416 0.652214 0.248298 0 0 1
v 0.309126 0.646109 0.244467 0 0 1
v 0.306548 0.647386 0.241944 0 0 1
v 0.303123 0.649074 0.242194 0 0 1
v 0.300858 0.650185 0.245071 0 0 1
v 0.301079 0.650068 0.24889 0 0 1
v 0.303657 0.648791 0.251413 0 0 1
v 0.307082 0.647103 0.251163 0 0 1
v 0.309348 0.645992 0.248285 0 0 1
v 0.306058 0.639887 0.244454 0 0 1
v 0.30348 0.641164 0.241931 0 0 1
v 0.300055 0.642852 0.242181 0 0 1
v 0.297789 0.643963 0.245058 0 0 1
v 0.298011 0.643846 0.248877 0 0 1
v 0.300589 0.642569 0.2514 0 0 1
v 0.304014 0.640881 0.25115 0 0 1
v 0.306279 0.63977 0.248272 0 0 1
v 0.329724 0.689827 0.246786 0 0 1
v 0.314307 0.666754 0.246717 0 0 1
v 0.333185 0.687523 0.244008 0 0 1
v 0.330542 0.689295 0.241882 0 0 1
v 0.32742 0.691379 0.242628 0 0 1
v 0.325648 0.692554 0.24581 0 0 1
v 0.326263 0.692131 0.249563 0 0 1
v 0.328906 0.690359 0.25169 0 0 1
v 0.332028 0.688275 0.250943 0 0 1
v 0.3338 0.687101 0.247761 0 0 1
v 0.32933 0.681755 0.243991 0 0 1
v 0.326688 0.683527 0.241865 0 0 1
v 0.323566 0.685611 0.242611 0 0 1
v 0.321794 0.686785 0.245793 0 0 1
v 0.322409 0.686363 0.249546 0 0 1
v 0.325052 0.684591 0.251672 0 0 1
v 0.328174 0.682507 0.250926 0 0 1
v 0.329946 0.681332 0.247744 0 0 1
v 0.325476 0.675987 0.243974 0 0 1
v 0.322834 0.677759 0.241847 0 0 1
v 0.319712 0.679843 0.242594 0 0 1
v 0.31794 0.681017 0.245776 0 0 1
v 0.318555 0.680595 0.249529 0 0 1
v 0.321198 0.678823 0.251655 0 0 1
v 0.32432 0.676739 0.250909 0 0 1
v 0.326092 0.675564 0.247727 0 0 1
v 0.321622 0.670219 0.243956 0 0 1
v 0.318979 0.671991 0.24183 0 0 1
v 0.315858 0.674074 0.242577 0 0 1
v 0.314085 0.675249 0.245759 0 0 1
v 0.314701 0.674826 0.249512 0 0 1
v 0.317344 0.673054 0.251638 0 0 1
v 0.320466 0.670971 0.250892 0 0 1
v 0.322238 0.669796 0.24771 0 0 1
v 0.317768 0.66445 0.243939 0 0 1
v 0.315125 0.666222 0.241813 0 0 1
v 0.312003 0.668306 0.24256 0 0 1
v 0.310231 0.669481 0.245742 0 0 1
v 0.310847 0.669058 0.249495 0 0 1
v 0.31349 0.667286 0.251621 0 0 1
v 0.316611 0.665203 0.250874 0 0 1
v 0.318384 0.664028 0.247693 0 0 1
v 0.34802 0.71069 0.24687 0 0 1
v 0.329724 0.689827 0.246786 0 0 1
v 0.350853 0.708219 0.243573 0 0 1
v 0.348276 0.710486 0.24188 0 0 1
v 0.345549 0.712873 0.24311 0 0 1
v 0.34427 0.713981 0.246543 0 0 1
v 0.345187 0.713161 0.250166 0 0 1
v 0.347764 0.710895 0.251859 0 0 1
v 0.350491 0.708508 0.250629 0 0 1
v 0.351771 0.7074 0.247197 0 0 1
v 0.346279 0.703003 0.243552 0 0 1
v 0.343702 0.70527 0.241859 0 0 1
v 0.340975 0.707657 0.243089 0 0 1
v 0.339696 0.708765 0.246522 0 0 1
v 0.340613 0.707946 0.250145 0 0 1
v 0.34319 0.705679 0.251838 0 0 1
v 0.345917 0.703292 0.250608 0 0 1
v 0.347197 0.702184 0.247176 0 0 1
v 0.341705 0.697788 0.243531 0 0 1
v 0.339128 0.700054 0.241838 0 0 1
v 0.336401 0.702441 0.243068 0 0 1
v 0.335122 0.703549 0.246501 0 0 1
v 0.336039 0.70273 0.250124 0 0 1
v 0.338616 0.700463 0.251817 0 0 1
v 0.341343 0.698077 0.250587 0 0 1
v 0.342623 0.696968 0.247155 0 0 1
v 0.337131 0.692572 0.24351 0 0 1
v 0.334554 0.694839 0.241817 0 0 1
v 0.331827 0.697225 0.243047 0 0 1
v 0.330548 0.698333 0.24648 0 0 1
v 0.331465 0.697514 0.250103 0 0 1
v 0.334042 0.695247 0.251796 0 0 1
v 0.336769 0.692861 0.250566 0 0 1
v 0.338049 0.691753 0.247134 0 0 1
v 0.332557 0.687356 0.243489 0 0 1
v 0.32998 0.689623 0.241796 0 0 1
v 0.327253 0.692009 0.243026 0 0 1
v 0.325974 0.693118 0.246459 0 0 1
v 0.326891 0.692298 0.250082 0 0 1
v 0.329468 0.690031 0.251775 0 0 1
v 0.332195 0.687645 0.250545 0 0 1
v 0.333475 0.686537 0.247113 0 0 1
v 0.368883 0.728987 0.246968 0 0 1
v 0.34802 0.71069 0.24687 0 0 1
v 0.371067 0.726517 0.243209 0 0 1
v 0.368681 0.729244 0.241978 0 0 1
v 0.366413 0.731821 0.243671 0 0 1
v 0.365593 0.732737 0.247295 0 0 1
v 0.366699 0.731457 0.250727 0 0 1
v 0.369085 0.728729 0.251957 0 0 1
v 0.371353 0.726153 0.250264 0 0 1
v 0.372174 0.725236 0.246641 0 0 1
v 0.365851 0.721943 0.243184 0 0 1
v 0.363465 0.72467 0.241954 0 0 1
v 0.361198 0.727247 0.243646 0 0 1
v 0.360377 0.728163 0.24727 0 0 1
v 0.361484 0.726883 0.250702 0 0 1
v 0.36387 0.724155 0.251932 0 0 1
v 0.366137 0.721579 0.25024 0 0 1
v 0.366958 0.720662 0.246616 0 0 1
v 0.360635 0.717369 0.24316 0 0 1
v 0.358249 0.720096 0.241929 0 0 1
v 0.355982 0.722673 0.243622 0 0 1
v 0.355161 0.723589 0.247246 0 0 1
v 0.356268 0.722308 0.250678 0 0 1
v 0.358654 0.719581 0.251908 0 0 1
v 0.360922 0.717005 0.250215 0 0 1
v 0.361742 0.716088 0.246592 0 0 1
v 0.35542 0.712795 0.243135 0 0 1
v 0.353034 0.715522 0.241905 0 0 1
v 0.350766 0.718098 0.243597 0 0 1
v 0.349945 0.719015 0.247221 0 0 1
v 0.351052 0.717734 0.250653 0 0 1
v 0.353438 0.715007 0.251883 0 0 1
v 0.355706 0.71243 0.250191 0 0 1
v 0.356527 0.711514 0.246567 0 0 1
v 0.350204 0.70822 0.243111 0 0 1
v 0.347818 0.710948 0.24188 0 0 1
v 0.34555 0.713524 0.243573 0 0 1
v 0.34473 0.714441 0.247197 0 0 1
v 0.345837 0.71316 0.250629 0 0 1
v 0.348223 0.710433 0.251859 0 0 1
v 0.35049 0.707856 0.250166 0 0 1
v 0.351311 0.70694 0.246543 0 0 1
v 0.391956 0.744404 0.247078 0 0 1
v 0.368883 0.728987 0.246968 0 0 1
v 0.393513 0.742103 0.242921 0 0 1
v 0.39143 0.745226 0.242174 0 0 1
v 0.389655 0.747866 0.2443 0 0 1
v 0.389228 0.748479 0.248054 0 0 1
v 0.390399 0.746704 0.251236 0 0 1
v 0.392481 0.743582 0.251982 0 0 1
v 0.394256 0.740941 0.249856 0 0 1
v 0.394683 0.740328 0.246103 0 0 1
v 0.387745 0.738249 0.242893 0 0 1
v 0.385662 0.741371 0.242147 0 0 1
v 0.383887 0.744012 0.244273 0 0 1
v 0.38346 0.744625 0.248026 0 0 1
v 0.38463 0.74285 0.251208 0 0 1
v 0.386713 0.739728 0.251955 0 0 1
v 0.388488 0.737087 0.249828 0 0 1
v 0.388915 0.736474 0.246075 0 0 1
v 0.381977 0.734395 0.242866 0 0 1
v 0.379894 0.737517 0.242119 0 0 1
v 0.378119 0.740158 0.244245 0 0 1
v 0.377692 0.740771 0.247998 0 0 1
v 0.378862 0.738996 0.25118 0 0 1
v 0.380945 0.735873 0.251927 0 0 1
v 0.38272 0.733232 0.249801 0 0 1
v 0.383147 0.73262 0.246048 0 0 1
v 0.376208 0.730541 0.242838 0 0 1
v 0.374126 0.733663 0.242091 0 0 1
v 0.372351 0.736304 0.244218 0 0 1
v 0.371924 0.736916 0.247971 0 0 1
v 0.373094 0.735142 0.251153 0 0 1
v 0.375177 0.732019 0.251899 0 0 1
v 0.376952 0.729378 0.249773 0 0 1
v 0.377379 0.728766 0.24602 0 0 1
v 0.37044 0.726686 0.24281 0 0 1
v 0.368357 0.729809 0.242064 0 0 1
v 0.366583 0.73245 0.24419 0 0 1
v 0.366155 0.733062 0.247943 0 0 1
v 0.367326 0.731287 0.251125 0 0 1
v 0.369409 0.728165 0.251872 0 0 1
v 0.371184 0.725524 0.249746 0 0 1
v 0.371611 0.724912 0.245992 0 0 1
v 0.416843 0.756677 0.247199 0 0 1
v 0.391956 0.744404 0.247078 0 0 1
v 0.417839 0.754702 0.242715 0 0 1
v 0.416151 0.758128 0.242465 0 0 1
v 0.414868 0.760703 0.244988 0 0 1
v 0.414743 0.76092 0.248806 0 0 1
v 0.415847 0.758652 0.251684 0 0 1
v 0.417535 0.755226 0.251934 0 0 1
v 0.418818 0.752651 0.249411 0 0 1
v 0.418943 0.752434 0.245592 0 0 1
v 0.411617 0.751634 0.242685 0 0 1
v 0.409929 0.755059 0.242434 0 0 1
v 0.408646 0.757635 0.244958 0 0 1
v 0.408521 0.757852 0.248776 0 0 1
v 0.409626 0.755583 0.251653 0 0 1
v 0.411314 0.752158 0.251904 0 0 1
v 0.412596 0.749583 0.24938 0 0 1
v 0.412722 0.749365 0.245562 0 0 1
v 0.405395 0.748566 0.242654 0 0 1
v 0.403707 0.751991 0.242404 0 0 1
v 0.402425 0.754566 0.244927 0 0 1
v 0.402299 0.754784 0.248746 0 0 1
v 0.403404 0.752515 0.251623 0 0 1
v 0.405092 0.74909 0.251873 0 0 1
v 0.406374 0.746514 0.24935 0 0 1
v 0.4065 0.746297 0.245532 0 0 1
v 0.399173 0.745497 0.242624 0 0 1
v 0.397485 0.748923 0.242374 0 0 1
v 0.396203 0.751498 0.244897 0 0 1
v 0.396077 0.751715 0.248716 0 0 1
v 0.397182 0.749447 0.251593 0 0 1
v 0.39887 0.746021 0.251843 0 0 1
v 0.400152 0.743446 0.24932 0 0 1
v 0.400278 0.743229 0.245501 0 0 1
v 0.392951 0.742429 0.242594 0 0 1
v 0.391263 0.745854 0.242344 0 0 1
v 0.389981 0.74843 0.244867 0 0 1
v 0.389855 0.748647 0.248685 0 0 1
v 0.39096 0.746378 0.251563 0 0 1
v 0.392648 0.742953 0.251813 0 0 1
v 0.39393 0.740378 0.24929 0 0 1
v 0.394056 0.74016 0.245471 0 0 1
v 0.44312 0.765597 0.247329 0 0 1
v 0.416843 0.756677 0.247199 0 0 1
v 0.443657 0.764082 0.242594 0 0 1
v 0.442428 0.767698 0.242844 0 0 1
v 0.441605 0.770083 0.245721 0 0 1
v 0.441668 0.76984 0.24954 0 0 1
v 0.442582 0.767112 0.252063 0 0 1
v 0.443811 0.763496 0.251813 0 0 1
v 0.444634 0.761111 0.248936 0 0 1
v 0.444571 0.761354 0.245117 0 0 1
v 0.437088 0.761852 0.242562 0 0 1
v 0.435859 0.765468 0.242812 0 0 1
v 0.435036 0.767853 0.245689 0 0 1
v 0.435099 0.76761 0.249508 0 0 1
v 0.436013 0.764882 0.252031 0 0 1
v 0.437241 0.761266 0.251781 0 0 1
v 0.438065 0.758881 0.248903 0 0 1
v 0.438002 0.759124 0.245085 0 0 1
v 0.430519 0.759622 0.242529 0 0 1
v 0.42929 0.763238 0.24278 0 0 1
v 0.428466 0.765623 0.245657 0 0 1
v 0.42853 0.76538 0.249475 0 0 1
v 0.429444 0.762652 0.251998 0 0 1
v 0.430672 0.759036 0.251748 0 0 1
v 0.431496 0.756651 0.248871 0 0 1
v 0.431433 0.756894 0.245052 0 0 1
v 0.42395 0.757392 0.242497 0 0 1
v 0.422721 0.761008 0.242747 0 0 1
v 0.421897 0.763393 0.245624 0 0 1
v 0.421961 0.76315 0.249443 0 0 1
v 0.422875 0.760422 0.251966 0 0 1
v 0.424103 0.756806 0.251716 0 0 1
v 0.424927 0.754421 0.248839 0 0 1
v 0.424863 0.754664 0.24502 0 0 1
v 0.417381 0.755162 0.242465 0 0 1
v 0.416152 0.758778 0.242715 0 0 1
v 0.415328 0.761163 0.245592 0 0 1
v 0.415392 0.76092 0.249411 0 0 1
v 0.416306 0.758192 0.251934 0 0 1
v 0.417534 0.754576 0.251684 0 0 1
v 0.418358 0.752191 0.248806 0 0 1
v 0.418294 0.752434 0.244988 0 0 1
v 0.470335 0.771011 0.247464 0 0 1
v 0.44312 0.765597 0.247329 0 0 1
v 0.470549 0.770058 0.24256 0 0 1
v 0.469813 0.773739 0.243307 0 0 1
v 0.469383 0.775821 0.246489 0 0 1
v 0.469511 0.775085 0.250242 0 0 1
v 0.470122 0.771963 0.252368 0 0 1
v 0.470857 0.768282 0.251621 0 0 1
v 0.471287 0.7662 0.24844 0 0 1
v 0.47116 0.766936 0.244686 0 0 1
v 0.463745 0.768705 0.242526 0 0 1
v 0.463009 0.772385 0.243273 0 0 1
v 0.462579 0.774468 0.246455 0 0 1
v 0.462707 0.773732 0.250208 0 0 1
v 0.463318 0.770609 0.252334 0 0 1
v 0.464053 0.766929 0.251588 0 0 1
v 0.464484 0.764846 0.248406 0 0 1
v 0.464356 0.765582 0.244652 0 0 1
v 0.456941 0.767352 0.242493 0 0 1
v 0.456205 0.771032 0.243239 0 0 1
v 0.455775 0.773114 0.246421 0 0 1
v 0.455903 0.772378 0.250174 0 0 1
v 0.456514 0.769256 0.2523 0 0 1
v 0.457249 0.765575 0.251554 0 0 1
v 0.45768 0.763493 0.248372 0 0 1
v 0.457552 0.764229 0.244619 0 0 1
v 0.450137 0.765998 0.242459 0 0 1
v 0.449401 0.769679 0.243205 0 0 1
v 0.448971 0.771761 0.246387 0 0 1
v 0.449099 0.771025 0.25014 0 0 1
v 0.44971 0.767902 0.252266 0 0 1
v 0.450446 0.764222 0.25152 0 0 1
v 0.450876 0.76214 0.248338 0 0 1
v 0.450748 0.762875 0.244585 0 0 1
v 0.443333 0.764645 0.242425 0 0 1
v 0.442598 0.768325 0.243171 0 0 1
v 0.442167 0.770407 0.246353 0 0 1
v 0.442295 0.769672 0.250106 0 0 1
v 0.442906 0.766549 0.252232 0 0 1
v 0.443642 0.762868 0.251486 0 0 1
v 0.444072 0.760786 0.248304 0 0 1
v 0.443944 0.761522 0.244551 0 0 1
v 0.498025 0.772825 0.247604 0 0 1
v 0.470335 0.771011 0.247464 0 0 1
v 0.498072 0.772501 0.242614 0 0 1
v 0.497828 0.776116 0.243844 0 0 1
v 0.4977 0.777804 0.247277 0 0 1
v 0.497763 0.776576 0.2509 0 0 1
v 0.497979 0.77315 0.252593 0 0 1
v 0.498222 0.769535 0.251363 0 0 1
v 0.49835 0.767847 0.247931 0 0 1
v 0.498288 0.769075 0.244307 0 0 1
v 0.491149 0.772047 0.24258 0 0 1
v 0.490906 0.775663 0.24381 0 0 1
v 0.490778 0.77735 0.247242 0 0 1
v 0.49084 0.776122 0.250865 0 0 1
v 0.491056 0.772696 0.252558 0 0 1
v 0.491299 0.769081 0.251328 0 0 1
v 0.491427 0.767393 0.247896 0 0 1
v 0.491365 0.768622 0.244272 0 0 1
v 0.484227 0.771593 0.242545 0 0 1
v 0.483983 0.775209 0.243775 0 0 1
v 0.483856 0.776897 0.247207 0 0 1
v 0.483918 0.775668 0.250831 0 0 1
v 0.484134 0.772243 0.252523 0 0 1
v 0.484377 0.768627 0.251293 0 0 1
v 0.484505 0.766939 0.247861 0 0 1
v 0.484443 0.768168 0.244237 0 0 1
v 0.477304 0.77114 0.24251 0 0 1
v 0.477061 0.774755 0.24374 0 0 1
v 0.476933 0.776443 0.247172 0 0 1
v 0.476995 0.775214 0.250796 0 0 1
v 0.477211 0.771789 0.252488 0 0 1
v 0.477455 0.768173 0.251258 0 0 1
v 0.477583 0.766486 0.247826 0 0 1
v 0.47752 0.767714 0.244202 0 0 1
v 0.470382 0.770686 0.242475 0 0 1
v 0.470139 0.774301 0.243705 0 0 1
v 0.470011 0.775989 0.247137 0 0 1
v 0.470073 0.774761 0.250761 0 0 1
v 0.470289 0.771335 0.252453 0 0 1
v 0.470532 0.76772 0.251223 0 0 1
v 0.47066 0.766032 0.247791 0 0 1
v 0.470598 0.76726 0.244167 0 0 1
v 0.525715 0.771011 0.247745 0 0 1
v 0.498025 0.772825 0.247604 0 0 1
v 0.525761 0.771335 0.242755 0 0 1
v 0.525977 0.774761 0.244448 0 0 1
v 0.526039 0.775989 0.248072 0 0 1
v 0.525911 0.774302 0.251504 0 0 1
v 0.525668 0.770686 0.252734 0 0 1
v 0.525452 0.767261 0.251041 0 0 1
v 0.52539 0.766032 0.247418 0 0 1
v 0.525518 0.76772 0.243985 0 0 1
v 0.518839 0.771789 0.24272 0 0 1
v 0.519055 0.775214 0.244413 0 0 1
v 0.519117 0.776443 0.248036 0 0 1
v 0.518989 0.774755 0.251469 0 0 1
v 0.518746 0.77114 0.252699 0 0 1
v 0.51853 0.767714 0.251006 0 0 1
v 0.518468 0.766486 0.247382 0 0 1
v 0.518596 0.768173 0.24395 0 0 1
v 0.511917 0.772243 0.242685 0 0 1
v 0.512133 0.775668 0.244377 0 0 1
v 0.512195 0.776897 0.248001 0 0 1
v 0.512066 0.775209 0.251433 0 0 1
v 0.511823 0.771593 0.252663 0 0 1
v 0.511607 0.768168 0.250971 0 0 1
v 0.511545 0.766939 0.247347 0 0 1
v 0.511673 0.768627 0.243915 0 0 1
v 0.504994 0.772696 0.24265 0 0 1
v 0.50521 0.776122 0.244342 0 0 1
v 0.505272 0.77735 0.247966 0 0 1
v 0.505144 0.775663 0.251398 0 0 1
v 0.504901 0.772047 0.252628 0 0 1
v 0.504685 0.768622 0.250936 0 0 1
v 0.504623 0.767393 0.247312 0 0 1
v 0.504751 0.769081 0.24388 0 0 1
v 0.498072 0.77315 0.242614 0 0 1
v 0.498288 0.776576 0.244307 0 0 1
v 0.49835 0.777804 0.247931 0 0 1
v 0.498222 0.776116 0.251363 0 0 1
v 0.497978 0.772501 0.252593 0 0 1
v 0.497763 0.769075 0.2509 0 0 1
v 0.4977 0.767847 0.247277 0 0 1
v 0.497829 0.769535 0.243845 0 0 1
v 0.552931 0.765597 0.247885 0 0 1
v 0.525715 0.771011 0.247745 0 0 1
v 0.553145 0.766549 0.242981 0 0 1
v 0.553755 0.769672 0.245107 0 0 1
v 0.553883 0.770408 0.24886 0 0 1
v 0.553452 0.768326 0.252042 0 0 1
v 0.552716 0.764645 0.252789 0 0 1
v 0.552106 0.761522 0.250663 0 0 1
v 0.551979 0.760786 0.246909 0 0 1
v 0.552409 0.762868 0.243727 0 0 1
v 0.546341 0.767902 0.242946 0 0 1
v 0.546952 0.771025 0.245072 0 0 1
v 0.547079 0.771761 0.248825 0 0 1
v 0.546648 0.769679 0.252007 0 0 1
v 0.545912 0.765999 0.252754 0 0 1
v 0.545302 0.762876 0.250627 0 0 1
v 0.545175 0.76214 0.246874 0 0 1
v 0.545605 0.764222 0.243692 0 0 1
v 0.539537 0.769256 0.242911 0 0 1
v 0.540148 0.772379 0.245037 0 0 1
v 0.540275 0.773114 0.24879 0 0 1
v 0.539844 0.771032 0.251972 0 0 1
v 0.539108 0.767352 0.252719 0 0 1
v 0.538498 0.764229 0.250592 0 0 1
v 0.538371 0.763493 0.246839 0 0 1
v 0.538801 0.765575 0.243657 0 0 1
v 0.532733 0.770609 0.242876 0 0 1
v 0.533344 0.773732 0.245002 0 0 1
v 0.533471 0.774468 0.248755 0 0 1
v 0.53304 0.772386 0.251937 0 0 1
v 0.532304 0.768705 0.252684 0 0 1
v 0.531694 0.765582 0.250557 0 0 1
v 0.531567 0.764847 0.246804 0 0 1
v 0.531997 0.766929 0.243622 0 0 1
v 0.525929 0.771962 0.242841 0 0 1
v 0.52654 0.775085 0.244967 0 0 1
v 0.526667 0.775821 0.24872 0 0 1
v 0.526236 0.773739 0.251902 0 0 1
v 0.5255 0.770059 0.252648 0 0 1
v 0.52489 0.766936 0.250522 0 0 1
v 0.524763 0.7662 0.246769 0 0 1
v 0.525193 0.768282 0.243587 0 0 1
v 0.579207 0.756677 0.248021 0 0 1
v 0.552931 0.765597 0.247885 0 0 1
v 0.579746 0.758192 0.243287 0 0 1
v 0.580659 0.76092 0.24581 0 0 1
v 0.580722 0.761163 0.249629 0 0 1
v 0.579897 0.758778 0.252506 0 0 1
v 0.578668 0.755163 0.252756 0 0 1
v 0.577755 0.752434 0.250233 0 0 1
v 0.577693 0.752191 0.246414 0 0 1
v 0.578517 0.754576 0.243537 0 0 1
v 0.573177 0.760422 0.243253 0 0 1
v 0.57409 0.76315 0.245776 0 0 1
v 0.574152 0.763393 0.249594 0 0 1
v 0.573328 0.761008 0.252472 0 0 1
v 0.572099 0.757393 0.252722 0 0 1
v 0.571186 0.754664 0.250199 0 0 1
v 0.571124 0.754421 0.24638 0 0 1
v 0.571948 0.756806 0.243503 0 0 1
v 0.566608 0.762652 0.243218 0 0 1
v 0.567521 0.76538 0.245742 0 0 1
v 0.567583 0.765623 0.24956 0 0 1
v 0.566759 0.763238 0.252437 0 0 1
v 0.56553 0.759623 0.252688 0 0 1
v 0.564617 0.756894 0.250164 0 0 1
v 0.564554 0.756651 0.246346 0 0 1
v 0.565379 0.759036 0.243469 0 0 1
v 0.560039 0.764882 0.243184 0 0 1
v 0.560952 0.76761 0.245707 0 0 1
v 0.561014 0.767853 0.249526 0 0 1
v 0.56019 0.765468 0.252403 0 0 1
v 0.558961 0.761853 0.252653 0 0 1
v 0.558048 0.759124 0.25013 0 0 1
v 0.557985 0.758881 0.246312 0 0 1
v 0.55881 0.761266 0.243435 0 0 1
v 0.553469 0.767111 0.24315 0 0 1
v 0.554382 0.76984 0.245673 0 0 1
v 0.554445 0.770083 0.249492 0 0 1
v 0.553621 0.767698 0.252369 0 0 1
v 0.552392 0.764083 0.252619 0 0 1
v 0.551479 0.761354 0.250096 0 0 1
v 0.551416 0.761111 0.246278 0 0 1
v 0.552241 0.763496 0.2434 0 0 1
v 0.604095 0.744404 0.248153 0 0 1
v 0.579207 0.756677 0.248021 0 0 1
v 0.605092 0.746378 0.243668 0 0 1
v 0.606195 0.748647 0.246545 0 0 1
v 0.606069 0.748431 0.250364 0 0 1
v 0.604785 0.745855 0.252887 0 0 1
v 0.603097 0.74243 0.252637 0 0 1
v 0.601994 0.740161 0.24976 0 0 1
v 0.60212 0.740378 0.245941 0 0 1
v 0.603404 0.742953 0.243418 0 0 1
v 0.59887 0.749446 0.243635 0 0 1
v 0.599974 0.751715 0.246513 0 0 1
v 0.599847 0.751499 0.250331 0 0 1
v 0.598563 0.748924 0.252854 0 0 1
v 0.596876 0.745498 0.252604 0 0 1
v 0.595772 0.743229 0.249727 0 0 1
v 0.595899 0.743446 0.245908 0 0 1
v 0.597182 0.746021 0.243385 0 0 1
v 0.592648 0.752515 0.243603 0 0 1
v 0.593752 0.754784 0.24648 0 0 1
v 0.593625 0.754567 0.250298 0 0 1
v 0.592342 0.751992 0.252822 0 0 1
v 0.590654 0.748567 0.252571 0 0 1
v 0.58955 0.746298 0.249694 0 0 1
v 0.589677 0.746514 0.245876 0 0 1
v 0.59096 0.749089 0.243352 0 0 1
v 0.586426 0.755583 0.24357 0 0 1
v 0.58753 0.757852 0.246447 0 0 1
v 0.587403 0.757636 0.250266 0 0 1
v 0.58612 0.75506 0.252789 0 0 1
v 0.584432 0.751635 0.252539 0 0 1
v 0.583328 0.749366 0.249661 0 0 1
v 0.583455 0.749583 0.245843 0 0 1
v 0.584738 0.752158 0.24332 0 0 1
v 0.580204 0.758651 0.243537 0 0 1
v 0.581308 0.76092 0.246414 0 0 1
v 0.581181 0.760704 0.250233 0 0 1
v 0.579898 0.758129 0.252756 0 0 1
v 0.57821 0.754703 0.252506 0 0 1
v 0.577106 0.752434 0.249629 0 0 1
v 0.577233 0.752651 0.24581 0 0 1
v 0.578516 0.755226 0.243287 0 0 1
v 0.627167 0.728987 0.248276 0 0 1
v 0.604095 0.744404 0.248153 0 0 1
v 0.628726 0.731287 0.244118 0 0 1
v 0.629895 0.733062 0.2473 0 0 1
v 0.629466 0.732451 0.251054 0 0 1
v 0.627691 0.729811 0.25318 0 0 1
v 0.625608 0.726688 0.252433 0 0 1
v 0.624439 0.724912 0.249251 0 0 1
v 0.624868 0.725524 0.245498 0 0 1
v 0.626643 0.728164 0.243372 0 0 1
v 0.622958 0.735141 0.244088 0 0 1
v 0.624127 0.736917 0.24727 0 0 1
v 0.623698 0.736305 0.251023 0 0 1
v 0.621923 0.733665 0.253149 0 0 1
v 0.61984 0.730542 0.252402 0 0 1
v 0.618671 0.728767 0.24922 0 0 1
v 0.619099 0.729378 0.245467 0 0 1
v 0.620875 0.732018 0.243341 0 0 1
v 0.617189 0.738995 0.244057 0 0 1
v 0.618359 0.740771 0.247239 0 0 1
v 0.61793 0.740159 0.250992 0 0 1
v 0.616155 0.737519 0.253118 0 0 1
v 0.614072 0.734396 0.252371 0 0 1
v 0.612903 0.732621 0.24919 0 0 1
v 0.613331 0.733232 0.245436 0 0 1
v 0.615107 0.735873 0.24331 0 0 1
v 0.611421 0.742849 0.244026 0 0 1
v 0.612591 0.744625 0.247208 0 0 1
v 0.612162 0.744013 0.250961 0 0 1
v 0.610386 0.741373 0.253087 0 0 1
v 0.608304 0.73825 0.252341 0 0 1
v 0.607135 0.736475 0.249159 0 0 1
v 0.607563 0.737086 0.245406 0 0 1
v 0.609339 0.739727 0.243279 0 0 1
v 0.605653 0.746704 0.243995 0 0 1
v 0.606823 0.748479 0.247177 0 0 1
v 0.606394 0.747868 0.25093 0 0 1
v 0.604618 0.745227 0.253056 0 0 1
v 0.602536 0.742105 0.25231 0 0 1
v 0.601366 0.740329 0.249128 0 0 1
v 0.601795 0.740941 0.245375 0 0 1
v 0.603571 0.743581 0.243249 0 0 1
v 0.64803 0.710691 0.248389 0 0 1
v 0.627167 0.728987 0.248276 0 0 1
v 0.650215 0.713159 0.24463 0 0 1
v 0.651321 0.714441 0.248062 0 0 1
v 0.650498 0.713526 0.251686 0 0 1
v 0.64823 0.71095 0.253378 0 0 1
v 0.645845 0.708222 0.252148 0 0 1
v 0.644739 0.706941 0.248716 0 0 1
v 0.645561 0.707856 0.245092 0 0 1
v 0.64783 0.710432 0.2434 0 0 1
v 0.644999 0.717734 0.244602 0 0 1
v 0.646105 0.719015 0.248034 0 0 1
v 0.645283 0.7181 0.251657 0 0 1
v 0.643014 0.715524 0.25335 0 0 1
v 0.640629 0.712797 0.25212 0 0 1
v 0.639524 0.711515 0.248688 0 0 1
v 0.640346 0.71243 0.245064 0 0 1
v 0.642614 0.715006 0.243371 0 0 1
v 0.639784 0.722308 0.244573 0 0 1
v 0.640889 0.723589 0.248005 0 0 1
v 0.640067 0.722674 0.251629 0 0 1
v 0.637799 0.720098 0.253322 0 0 1
v 0.635413 0.717371 0.252092 0 0 1
v 0.634308 0.716089 0.248659 0 0 1
v 0.63513 0.717004 0.245036 0 0 1
v 0.637398 0.71958 0.243343 0 0 1
v 0.634568 0.726882 0.244545 0 0 1
v 0.635673 0.728164 0.247977 0 0 1
v 0.634851 0.727248 0.251601 0 0 1
v 0.632583 0.724673 0.253293 0 0 1
v 0.630198 0.721945 0.252063 0 0 1
v 0.629092 0.720663 0.248631 0 0 1
v 0.629914 0.721578 0.245007 0 0 1
v 0.632182 0.724154 0.243315 0 0 1
v 0.629352 0.731456 0.244517 0 0 1
v 0.630458 0.732738 0.247949 0 0 1
v 0.629636 0.731823 0.251572 0 0 1
v 0.627367 0.729247 0.253265 0 0 1
v 0.624982 0.726519 0.252035 0 0 1
v 0.623876 0.725237 0.248603 0 0 1
v 0.624699 0.726152 0.244979 0 0 1
v 0.626967 0.728728 0.243287 0 0 1
v 0.666326 0.689828 0.24849 0 0 1
v 0.64803 0.710691 0.248389 0 0 1
v 0.66916 0.692297 0.245194 0 0 1
v 0.670077 0.693118 0.248817 0 0 1
v 0.668796 0.692012 0.252249 0 0 1
v 0.666068 0.689626 0.25348 0 0 1
v 0.663492 0.687358 0.251787 0 0 1
v 0.662576 0.686537 0.248163 0 0 1
v 0.663857 0.687644 0.244731 0 0 1
v 0.666584 0.69003 0.243501 0 0 1
v 0.664586 0.697513 0.245168 0 0 1
v 0.665502 0.698334 0.248792 0 0 1
v 0.664222 0.697228 0.252224 0 0 1
v 0.661494 0.694842 0.253454 0 0 1
v 0.658918 0.692574 0.251762 0 0 1
v 0.658002 0.691753 0.248138 0 0 1
v 0.659283 0.69286 0.244706 0 0 1
v 0.66201 0.695246 0.243476 0 0 1
v 0.660012 0.702729 0.245143 0 0 1
v 0.660928 0.70355 0.248767 0 0 1
v 0.659648 0.702443 0.252199 0 0 1
v 0.65692 0.700057 0.253429 0 0 1
v 0.654344 0.69779 0.251736 0 0 1
v 0.653428 0.696969 0.248113 0 0 1
v 0.654708 0.698075 0.24468 0 0 1
v 0.657436 0.700461 0.24345 0 0 1
v 0.655438 0.707945 0.245118 0 0 1
v 0.656354 0.708766 0.248741 0 0 1
v 0.655074 0.707659 0.252173 0 0 1
v 0.652346 0.705273 0.253404 0 0 1
v 0.64977 0.703006 0.251711 0 0 1
v 0.648854 0.702185 0.248087 0 0 1
v 0.650134 0.703291 0.244655 0 0 1
v 0.652862 0.705677 0.243425 0 0 1
v 0.650864 0.713161 0.245092 0 0 1
v 0.65178 0.713981 0.248716 0 0 1
v 0.650499 0.712875 0.252148 0 0 1
v 0.647772 0.710489 0.253378 0 0 1
v 0.645196 0.708221 0.251686 0 0 1
v 0.64428 0.7074 0.248062 0 0 1
v 0.64556 0.708507 0.24463 0 0 1
v 0.648288 0.710893 0.2434 0 0 1
v 0.681743 0.666755 0.248578 0 0 1
v 0.666326 0.689828 0.24849 0 0 1
v 0.685204 0.669057 0.2458 0 0 1
v 0.685818 0.669482 0.249553 0 0 1
v 0.684045 0.668309 0.252735 0 0 1
v 0.680923 0.666226 0.253482 0 0 1
v 0.678281 0.664453 0.251356 0 0 1
v 0.677667 0.664028 0.247602 0 0 1
v 0.67944 0.665201 0.244421 0 0 1
v 0.682562 0.667284 0.243674 0 0 1
v 0.68135 0.674826 0.245778 0 0 1
v 0.681964 0.67525 0.249531 0 0 1
v 0.680191 0.674077 0.252713 0 0 1
v 0.677069 0.671994 0.25346 0 0 1
v 0.674427 0.670221 0.251334 0 0 1
v 0.673813 0.669796 0.24758 0 0 1
v 0.675586 0.670969 0.244399 0 0 1
v 0.678708 0.673052 0.243652 0 0 1
v 0.677496 0.680594 0.245756 0 0 1
v 0.67811 0.681018 0.24951 0 0 1
v 0.676337 0.679846 0.252691 0 0 1
v 0.673215 0.677762 0.253438 0 0 1
v 0.670573 0.675989 0.251312 0 0 1
v 0.669959 0.675564 0.247559 0 0 1
v 0.671732 0.676737 0.244377 0 0 1
v 0.674854 0.678821 0.24363 0 0 1
v 0.673642 0.686362 0.245734 0 0 1
v 0.674256 0.686787 0.249488 0 0 1
v 0.672483 0.685614 0.25267 0 0 1
v 0.669361 0.683531 0.253416 0 0 1
v 0.666719 0.681757 0.25129 0 0 1
v 0.666105 0.681333 0.247537 0 0 1
v 0.667878 0.682505 0.244355 0 0 1
v 0.671 0.684589 0.243608 0 0 1
v 0.669788 0.69213 0.245712 0 0 1
v 0.670402 0.692555 0.249466 0 0 1
v 0.668629 0.691382 0.252648 0 0 1
v 0.665506 0.689299 0.253394 0 0 1
v 0.662865 0.687525 0.251268 0 0 1
v 0.66225 0.687101 0.247515 0 0 1
v 0.664024 0.688274 0.244333 0 0 1
v 0.667146 0.690357 0.243586 0 0 1
v 0.694016 0.641867 0.24865 0 0 1
v 0.681743 0.666755 0.248578 0 0 1
v 0.69804 0.643846 0.246439 0 0 1
v 0.69826 0.643965 0.250258 0 0 1
v 0.695994 0.642856 0.253135 0 0 1
v 0.692569 0.641168 0.253385 0 0 1
v 0.689991 0.639889 0.250862 0 0 1
v 0.689771 0.63977 0.247043 0 0 1
v 0.692038 0.640879 0.244166 0 0 1
v 0.695463 0.642567 0.243916 0 0 1
v 0.694972 0.650067 0.246421 0 0 1
v 0.695192 0.650187 0.250239 0 0 1
v 0.692926 0.649078 0.253117 0 0 1
v 0.689501 0.64739 0.253367 0 0 1
v 0.686923 0.646111 0.250844 0 0 1
v 0.686703 0.645991 0.247025 0 0 1
v 0.688969 0.647101 0.244148 0 0 1
v 0.692394 0.648789 0.243898 0 0 1
v 0.691904 0.656289 0.246403 0 0 1
v 0.692124 0.656409 0.250221 0 0 1
v 0.689857 0.6553 0.253098 0 0 1
v 0.686432 0.653611 0.253349 0 0 1
v 0.683855 0.652333 0.250826 0 0 1
v 0.683635 0.652213 0.247007 0 0 1
v 0.685901 0.653323 0.24413 0 0 1
v 0.689326 0.655011 0.243879 0 0 1
v 0.688835 0.662511 0.246385 0 0 1
v 0.689056 0.662631 0.250203 0 0 1
v 0.686789 0.661522 0.25308 0 0 1
v 0.683364 0.659833 0.253331 0 0 1
v 0.680787 0.658555 0.250807 0 0 1
v 0.680566 0.658435 0.246989 0 0 1
v 0.682833 0.659545 0.244112 0 0 1
v 0.686258 0.661233 0.243861 0 0 1
v 0.685767 0.668733 0.246366 0 0 1
v 0.685987 0.668853 0.250185 0 0 1
v 0.683721 0.667744 0.253062 0 0 1
v 0.680296 0.666055 0.253312 0 0 1
v 0.677718 0.664777 0.250789 0 0 1
v 0.677498 0.664657 0.246971 0 0 1
v 0.679765 0.665766 0.244094 0 0 1
v 0.68319 0.667455 0.243843 0 0 1
v 0.702935 0.615591 0.248706 0 0 1
v 0.694016 0.641867 0.24865 0 0 1
v 0.70742 0.617109 0.247099 0 0 1
v 0.70718 0.617036 0.250918 0 0 1
v 0.704454 0.616116 0.253441 0 0 1
v 0.700838 0.614888 0.253191 0 0 1
v 0.698451 0.614072 0.250314 0 0 1
v 0.698691 0.614145 0.246495 0 0 1
v 0.701417 0.615065 0.243972 0 0 1
v 0.705032 0.616293 0.244222 0 0 1
v 0.70519 0.623679 0.247085 0 0 1
v 0.704951 0.623605 0.250904 0 0 1
v 0.702224 0.622685 0.253427 0 0 1
v 0.698609 0.621458 0.253177 0 0 1
v 0.696221 0.620641 0.2503 0 0 1
v 0.696461 0.620714 0.246481 0 0 1
v 0.699187 0.621634 0.243958 0 0 1
v 0.702803 0.622862 0.244208 0 0 1
v 0.70296 0.630248 0.247071 0 0 1
v 0.702721 0.630175 0.25089 0 0 1
v 0.699994 0.629255 0.253413 0 0 1
v 0.696379 0.628027 0.253163 0 0 1
v 0.693991 0.62721 0.250285 0 0 1
v 0.694231 0.627283 0.246467 0 0 1
v 0.696957 0.628203 0.243944 0 0 1
v 0.700573 0.629431 0.244194 0 0 1
v 0.70073 0.636817 0.247057 0 0 1
v 0.700491 0.636744 0.250876 0 0 1
v 0.697765 0.635824 0.253399 0 0 1
v 0.694149 0.634596 0.253149 0 0 1
v 0.691761 0.633779 0.250271 0 0 1
v 0.692001 0.633853 0.246453 0 0 1
v 0.694727 0.634773 0.24393 0 0 1
v 0.698343 0.636 0.24418 0 0 1
v 0.6985 0.643386 0.247043 0 0 1
v 0.698261 0.643313 0.250862 0 0 1
v 0.695535 0.642393 0.253385 0 0 1
v 0.691919 0.641165 0.253135 0 0 1
v 0.689531 0.640349 0.250257 0 0 1
v 0.689771 0.640422 0.246439 0 0 1
v 0.692497 0.641342 0.243916 0 0 1
v 0.696113 0.64257 0.244166 0 0 1
v 0.708349 0.588374 0.248745 0 0 1
v 0.702935 0.615591 0.248706 0 0 1
v 0.713159 0.58933 0.24777 0 0 1
v 0.712426 0.589189 0.251523 0 0 1
v 0.709304 0.588571 0.253649 0 0 1
v 0.705623 0.587838 0.252902 0 0 1
v 0.703539 0.587419 0.24972 0 0 1
v 0.704272 0.58756 0.245967 0 0 1
v 0.707394 0.588177 0.243841 0 0 1
v 0.711075 0.588911 0.244588 0 0 1
v 0.711806 0.596134 0.24776 0 0 1
v 0.711072 0.595993 0.251513 0 0 1
v 0.707951 0.595375 0.253639 0 0 1
v 0.70427 0.594642 0.252893 0 0 1
v 0.702186 0.594223 0.249711 0 0 1
v 0.702919 0.594364 0.245957 0 0 1
v 0.70604 0.594981 0.243831 0 0 1
v 0.709721 0.595715 0.244578 0 0 1
v 0.710452 0.602938 0.24775 0 0 1
v 0.709719 0.602797 0.251504 0 0 1
v 0.706598 0.602179 0.25363 0 0 1
v 0.702917 0.601446 0.252883 0 0 1
v 0.700832 0.601027 0.249701 0 0 1
v 0.701566 0.601168 0.245948 0 0 1
v 0.704687 0.601786 0.243822 0 0 1
v 0.708368 0.602519 0.244568 0 0 1
v 0.709099 0.609742 0.247741 0 0 1
v 0.708366 0.609601 0.251494 0 0 1
v 0.705244 0.608984 0.25362 0 0 1
v 0.701563 0.60825 0.252873 0 0 1
v 0.699479 0.607831 0.249691 0 0 1
v 0.700212 0.607972 0.245938 0 0 1
v 0.703334 0.60859 0.243812 0 0 1
v 0.707014 0.609323 0.244559 0 0 1
v 0.707745 0.616546 0.247731 0 0 1
v 0.707012 0.616405 0.251484 0 0 1
v 0.703891 0.615788 0.25361 0 0 1
v 0.70021 0.615054 0.252864 0 0 1
v 0.698126 0.614635 0.249682 0 0 1
v 0.698859 0.614776 0.245928 0 0 1
v 0.70198 0.615394 0.243802 0 0 1
v 0.705661 0.616127 0.244549 0 0 1
v 0.710164 0.560684 0.248766 0 0 1
v 0.708349 0.588374 0.248745 0 0 1
v 0.715143 0.56101 0.248439 0 0 1
v 0.713915 0.560933 0.252062 0 0 1
v 0.71049 0.560709 0.253755 0 0 1
v 0.706874 0.560472 0.252525 0 0 1
v 0.705185 0.560358 0.249093 0 0 1
v 0.706413 0.560436 0.245469 0 0 1
v 0.709838 0.560659 0.243776 0 0 1
v 0.713454 0.560897 0.245006 0 0 1
v 0.714689 0.567933 0.248433 0 0 1
v 0.713461 0.567855 0.252057 0 0 1
v 0.710036 0.567632 0.25375 0 0 1
v 0.70642 0.567394 0.25252 0 0 1
v 0.704732 0.567281 0.249087 0 0 1
v 0.705959 0.567359 0.245464 0 0 1
v 0.709384 0.567582 0.243771 0 0 1
v 0.713 0.56782 0.245001 0 0 1
v 0.714235 0.574855 0.248428 0 0 1
v 0.713007 0.574778 0.252052 0 0 1
v 0.709583 0.574554 0.253745 0 0 1
v 0.705967 0.574317 0.252515 0 0 1
v 0.704278 0.574203 0.249082 0 0 1
v 0.705506 0.574281 0.245459 0 0 1
v 0.70893 0.574504 0.243766 0 0 1
v 0.712546 0.574742 0.244996 0 0 1
v 0.713781 0.581778 0.248423 0 0 1
v 0.712554 0.5817 0.252047 0 0 1
v 0.709129 0.581477 0.253739 0 0 1
v 0.705513 0.581239 0.252509 0 0 1
v 0.703824 0.581126 0.249077 0 0 1
v 0.705052 0.581204 0.245453 0 0 1
v 0.708477 0.581427 0.243761 0 0 1
v 0.712093 0.581665 0.244991 0 0 1
v 0.713328 0.5887 0.248418 0 0 1
v 0.7121 0.588623 0.252042 0 0 1
v 0.708675 0.588399 0.253734 0 0 1
v 0.705059 0.588162 0.252504 0 0 1
v 0.70337 0.588048 0.249072 0 0 1
v 0.704598 0.588126 0.245448 0 0 1
v 0.708023 0.588349 0.243756 0 0 1
v 0.711639 0.588587 0.244986 0 0 1
f 1 3 4
f 2 36 35
f 1 4 5
f 2 37 36
f 1 5 6
f 2 38 37
f 1 6 7
f 2 39 38
f 1 7 8
f 2 40 39
f 1 8 9
f 2 41 40
f 1 9 10
f 2 42 41
f 1 10 3
f 2 35 42
f 11 4 3
f 11 12 4
f 12 5 4
f 12 13 5
f 13 6 5
f 13 14 6
f 14 7 6
f 14 15 7
f 15 8 7
f 15 16 8
f 16 9 8
f 16 17 9
f 17 10 9
f 17 18 10
f 18 3 10
f 18 11 3
f 19 12 11
f 19 20 12
f 20 13 12
f 20 21 13
f 21 14 13
f 21 22 14
f 22 15 14
f 22 23 15
f 23 16 15
f 23 24 16
f 24 17 16
f 24 25 17
f 25 18 17
f 25 26 18
f 26 11 18
f 26 19 11
f 27 20 19
f 27 28 20
f 28 21 20
f 28 29 21
f 29 22 21
f 29 30 22
f 30 23 22
f 30 31 23
f 31 24 23
f 31 32 24
f 32 25 24
f 32 33 25
f 33 26 25
f 33 34 26
f 34 19 26
f 34 27 19
f 35 28 27
f 35 36 28
f 36 29 28
f 36 37 29
f 37 30 29
f 37 38 30
f 38 31 30
f 38 39 31
f 39 32 31
f 39 40 32
f 40 33 32
f 40 41 33
f 41 34 33
f 41 42 34
f 42 27 34
f 42 35 27
f 43 45 46
f 44 78 77
f 43 46 47
f 44 79 78
f 43 47 48
f 44 80 79
f 43 48 49
f 44 81 80
f 43 49 50
f 44 82 81
f 43 50 51
f 44 83 82
f 43 51 52
f 44 84 83
f 43 52 45
f 44 77 84
f 53 46 45
f 53 54 46
f 54 47 46
f 54 55 47
f 55 48 47
f 55 56 48
f 56 49 48
f 56 57 49
f 57 50 49
f 57 58 50
f 58 51 50
f 58 59 51
f 59 52 51
f 59 60 52
f 60 45 52
f 60 53 45
f 61 54 53
f 61 62 54
f 62 55 54
f 62 63 55
f 63 56 55
f 63 64 56
f 64 57 56
f 64 65 57
f 65 58 57
f 65 66 58
f 66 59 58
f 66 67 59
f 67 60 59
f 67 68 60
f 68 53 60
f 68 61 53
f 69 62 61
f 69 70 62
f 70 63 62
f 70 71 63
f 71 64 63
f 71 72 64
f 72 65 64
f 72 73 65
f 73 66 65
f 73 74 66
f 74 67 66
f 74 75 67
f 75 68 67
f 75 76 68
f 76 61 68
f 76 69 61
f 77 70 69
f 77 78 70
f 78 71 70
f 78 79 71
f 79 72 71
f 79 80 72
f 80 73 72
f 80 81 73
f 81 74 73
f 81 82 74
f 82 75 74
f 82 83 75
f 83 76 75
f 83 84 76
f 84 69 76
f 84 77 69
f 85 87 88
f 86 120 119
f 85 88 89
f 86 121 120
f 85 89 90
f 86 122 121
f 85 90 91
f 86 123 122
f 85 91 92
f 86 124 123
f 85 92 93
f 86 125 124
f 85 93 94
f 86 126 125
f 85 94 87
f 86 119 126
f 95 88 87
f 95 96 88
f 96 89 88
f 96 97 89
f 97 90 89
f 97 98 90
f 98 91 90
f 98 99 91
f 99 92 91
f 99 100 92
f 100 93 92
f 100 101 93
f 101 94 93
f 101 102 94
f 102 87 94
f 102 95 87
f 103 96 95
f 103 104 96
f 104 97 96
f 104 105 97
f 105 98 97
f 105 106 98
f 106 99 98
f 106 107 99
f 107 100 99
f 107 108 100
f 108 101 100
f 108 109 101
f 109 102 101
f 109 110 102
f 110 95 102
f 110 103 95
f 111 104 103
f 111 112 104
f 112 105 104
f 112 113 105
f 113 106 105
f 113 114 106
f 114 107 106
f 114 115 107
f 115 108 107
f 115 116 108
f 116 109 108
f 116 117 109
f 117 110 109
f 117 118 110
f 118 103 110
f 118 111 103
f 119 112 111
f 119 120 112
f 120 113 112
f 120 121 113
f 121 114 113
f 121 122 114
f 122 115 114
f 122 123 115
f 123 116 115
f 123 124 116
f 124 117 116
f 124 125 117
f 125 118 117
f 125 126 118
f 126 111 118
f 126 119 111
f 127 129 130
f 128 162 161
f 127 130 131
f 128 163 162
f 127 131 132
f 128 164 163
f 127 132 133
f 128 165 164
f 127 133 134
f 128 166 165
f 127 134 135
f 128 167 166
f 127 135 136
f 128 168 167
f 127 136 129
f 128 161 168
f 137 130 129
f 137 138 130
f 138 131 130
f 138 139 131
f 139 132 131
f 139 140 132
f 140 133 132
f 140 141 133
f 141 134 133
f 141 142 134
f 142 135 134
f 142 143 135
f 143 136 135
f 143 144 136
f 144 129 136
f 144 137 129
f 145 138 137
f 145 146 138
f 146 139 138
f 146 147 139
f 147 140 139
f 147 148 140
f 148 141 140
f 148 149 141
f 149 142 141
f 149 150 142
f 150 143 142
f 150 151 143
f 151 144 143
f 151 152 144
f 152 137 144
f 152 145 137
f 153 146 145
f 153 154 146
f 154 147 146
f 154 155 147
f 155 148 147
f 155 156 148
f 156 149 148
f 156 157 149
f 157 150 149
f 157 158 150
f 158 151 150
f 158 159 151
f 159 152 151
f 159 160 152
f 160 145 152
f 160 153 145
f 161 154 153
f 161 162 154
f 162 155 154
f 162 163 155
f 163 156 155
f 163 164 156
f 164 157 156
f 164 165 157
f 165 158 157
f 165 166 158
f 166 159 158
f 166 167 159
f 167 160 159
f 167 168 160
f 168 153 160
f 168 161 153
f 169 171 172
f 170 204 203
f 169 172 173
f 170 205 204
f 169 173 174
f 170 206 205
f 169 174 175
f 170 207 206
f 169 175 176
f 170 208 207
f 169 176 177
f 170 209 208
f 169 177 178
f 170 210 209
f 169 178 171
f 170 203 210
f 179 172 171
f 179 180 172
f 180 173 172
f 180 181 173
f 181 174 173
f 181 182 174
f 182 175 174
f 182 183 175
f 183 176 175
f 183 184 176
f 184 177 176
f 184 185 177
f 185 178 177
f 185 186 178
f 186 171 178
f 186 179 171
f 187 180 179
f 187 188 180
f 188 181 180
f 188 189 181
f 189 182 181
f 189 190 182
f 190 183 182
f 190 191 183
f 191 184 183
f 191 192 184
f 192 185 184
f 192 193 185
f 193 186 185
f 193 194 186
f 194 179 186
f 194 187 179
f 195 188 187
f 195 196 188
f 196 189 188
f 196 197 189
f 197 190 189
f 197 198 190
f 198 191 190
f 198 199 191
f 199 192 191
f 199 200 192
f 200 193 192
f 200 201 193
f 201 194 193
f 201 202 194
f 202 187 194
f 202 195 187
f 203 196 195
f 203 204 196
f 204 197 196
f 204 205 197
f 205 198 197
f 205 206 198
f 206 199 198
f 206 207 199
f 207 200 199
f 207 208 200
f 208 201 200
f 208 209 201
f 209 202 201
f 209 210 202
f 210 195 202
f 210 203 195
f 211 213 214
f 212 246 245
f 211 214 215
f 212 247 246
f 211 215 216
f 212 248 247
f 211 216 217
f 212 249 248
f 211 217 218
f 212 250 249
f 211 218 219
f 212 251 250
f 211 219 220
f 212 252 251
f 211 220 213
f 212 245 252
f 221 214 213
f 221 222 214
f 222 215 214
f 222 223 215
f 223 216 215
f 223 224 216
f 224 217 216
f 224 225 217
f 225 218 217
f 225 226 218
f 226 219 218
f 226 227 219
f 227 220 219
f 227 228 220
f 228 213 220
f 228 221 213
f 229 222 221
f 229 230 222
f 230 223 222
f 230 231 223
f 231 224 223
f 231 232 224
f 232 225 224
f 232 233 225
f 233 226 225
f 233 234 226
f 234 227 226
f 234 235 227
f 235 228 227
f 235 236 228
f 236 221 228
f 236 229 221
f 237 230 229
f 237 238 230
f 238 231 230
f 238 239 231
f 239 232 231
f 239 240 232
f 240 233 232
f 240 241 233
f 241 234 233
f 241 242 234
f 242 235 234
f 242 243 235
f 243 236 235
f 243 244 236
f 244 229 236
f 244 237 229
f 245 238 237
f 245 246 238
f 246 239 238
f 246 247 239
f 247 240 239
f 247 248 240
f 248 241 240
f 248 249 241
f 249 242 241
f 249 250 242
f 250 243 242
f 250 251 243
f 251 244 243
f 251 252 244
f 252 237 244
f 252 245 237
f 253 255 256
f 254 288 287
f 253 256 257
f 254 289 288
f 253 257 258
f 254 290 289
f 253 258 259
f 254 291 290
f 253 259 260
f 254 292 291
f 253 260 261
f 254 293 292
f 253 261 262
f 254 294 293
f 253 262 255
f 254 287 294
f 263 256 255
f 263 264 256
f 264 257 256
f 264 265 257
f 265 258 257
f 265 266 258
f 266 259 258
f 266 267 259
f 267 260 259
f 267 268 260
f 268 261 260
f 268 269 261
f 269 262 261
f 269 270 262
f 270 255 262
f 270 263 255
f 271 264 263
f 271 272 264
f 272 265 264
f 272 273 265
f 273 266 265
f 273 274 266
f 274 267 266
f 274 275 267
f 275 268 267
f 275 276 268
f 276 269 268
f 276 277 269
f 277 270 269
f 277 278 270
f 278 263 270
f 278 271 263
f 279 272 271
f 279 280 272
f 280 273 272
f 280 281 273
f 281 274 273
f 281 282 274
f 282 275 274
f 282 283 275
f 283 276 275
f 283 284 276
f 284 277 276
f 284 285 277
f 285 278 277
f 285 286 278
f 286 271 278
f 286 279 271
f 287 280 279
f 287 288 280
f 288 281 280
f 288 289 281
f 289 282 281
f 289 290 282
f 290 283 282
f 290 291 283
f 291 284 283
f 291 292 284
f 292 285 284
f 292 293 285
f 293 286 285
f 293 294 286
f 294 279 286
f 294 287 279
f 295 297 298
f 296 330 329
f 295 298 299
f 296 331 330
f 295 299 300
f 296 332 331
f 295 300 301
f 296 333 332
f 295 301 302
f 296 334 333
f 295 302 303
f 296 335 334
f 295 303 304
f 296 336 335
f 295 304 297
f 296 329 336
f 305 298 297
f 305 306 298
f 306 299 298
f 306 307 299
f 307 300 299
f 307 308 300
f 308 301 300
f 308 309 301
f 309 302 301
f 309 310 302
f 310 303 302
f 310 311 303
f 311 304 303
f 311 312 304
f 312 297 304
f 312 305 297
f 313 306 305
f 313 314 306
f 314 307 306
f 314 315 307
f 315 308 307
f 315 316 308
f 316 309 308
f 316 317 309
f 317 310 309
f 317 318 310
f 318 311 310
f 318 319 311
f 319 312 311
f 319 320 312
f 320 305 312
f 320 313 305
f 321 314 313
f 321 322 314
f 322 315 314
f 322 323 315
f 323 316 315
f 323 324 316
f 324 317 316
f 324 325 317
f 325 318 317
f 325 326 318
f 326 319 318
f 326 327 319
f 327 320 319
f 327 328 320
f 328 313 320
f 328 321 313
f 329 322 321
f 329 330 322
f 330 323 322
f 330 331 323
f 331 324 323
f 331 332 324
f 332 325 324
f 332 333 325
f 333 326 325
f 333 334 326
f 334 327 326
f 334 335 327
f 335 328 327
f 335 336 328
f 336 321 328
f 336 329 321
f 337 339 340
f 338 372 371
f 337 340 341
f 338 373 372
f 337 341 342
f 338 374 373
f 337 342 343
f 338 375 374
f 337 343 344
f 338 376 375
f 337 344 345
f 338 377 376
f 337 345 346
f 338 378 377
f 337 346 339
f 338 371 378
f 347 340 339
f 347 348 340
f 348 341 340
f 348 349 341
f 349 342 341
f 349 350 342
f 350 343 342
f 350 351 343
f 351 344 343
f 351 352 344
f 352 345 344
f 352 353 345
f 353 346 345
f 353 354 346
f 354 339 346
f 354 347 339
f 355 348 347
f 355 356 348
f 356 349 348
f 356 357 349
f 357 350 349
f 357 358 350
f 358 351 350
f 358 359 351
f 359 352 351
f 359 360 352
f 360 353 352
f 360 361 353
f 361 354 353
f 361 362 354
f 362 347 354
f 362 355 347
f 363 356 355
f 363 364 356
f 364 357 356
f 364 365 357
f 365 358 357
f 365 366 358
f 366 359 358
f 366 367 359
f 367 360 359
f 367 368 360
f 368 361 360
f 368 369 361
f 369 362 361
f 369 370 362
f 370 355 362
f 370 363 355
f 371 364 363
f 371 372 364
f 372 365 364
f 372 373 365
f 373 366 365
f 373 374 366
f 374 367 366
f 374 375 367
f 375 368 367
f 375 376 368
f 376 369 368
f 376 377 369
f 377 370 369
f 377 378 370
f 378 363 370
f 378 371 363
f 379 381 382
f 380 414 413
f 379 382 383
f 380 415 414
f 379 383 384
f 380 416 415
f 379 384 385
f 380 417 416
f 379 385 386
f 380 418 417
f 379 386 387
f 380 419 418
f 379 387 388
f 380 420 419
f 379 388 381
f 380 413 420
f 389 382 381
f 389 390 382
f 390 383 382
f 390 391 383
f 391 384 383
f 391 392 384
f 392 385 384
f 392 393 385
f 393 386 385
f 393 394 386
f 394 387 386
f 394 395 387
f 395 388 387
f 395 396 388
f 396 381 388
f 396 389 381
f 397 390 389
f 397 398 390
f 398 391 390
f 398 399 391
f 399 392 391
f 399 400 392
f 400 393 392
f 400 401 393
f 401 394 393
f 401 402 394
f 402 395 394
f 402 403 395
f 403 396 395
f 403 404 396
f 404 389 396
f 404 397 389
f 405 398 397
f 405 406 398
f 406 399 398
f 406 407 399
f 407 400 399
f 407 408 400
f 408 401 400
f 408 409 401
f 409 402 401
f 409 410 402
f 410 403 402
f 410 411 403
f 411 404 403
f 411 412 404
f 412 397 404
f 412 405 397
f 413 406 405
f 413 414 406
f 414 407 406
f 414 415 407
f 415 408 407
f 415 416 408
f 416 409 408
f 416 417 409
f 417 410 409
f 417 418 410
f 418 411 410
f 418 419 411
f 419 412 411
f 419 420 412
f 420 405 412
f 420 413 405
f 421 423 424
f 422 456 455
f 421 424 425
f 422 457 456
f 421 425 426
f 422 458 457
f 421 426 427
f 422 459 458
f 421 427 428
f 422 460 459
f 421 428 429
f 422 461 460
f 421 429 430
f 422 462 461
f 421 430 423
f 422 455 462
f 431 424 423
f 431 432 424
f 432 425 424
f 432 433 425
f 433 426 425
f 433 434 426
f 434 427 426
f 434 435 427
f 435 428 427
f 435 436 428
f 436 429 428
f 436 437 429
f 437 430 429
f 437 438 430
f 438 423 430
f 438 431 423
f 439 432 431
f 439 440 432
f 440 433 432
f 440 441 433
f 441 434 433
f 441 442 434
f 442 435 434
f 442 443 435
f 443 436 435
f 443 444 436
f 444 437 436
f 444 445 437
f 445 438 437
f 445 446 438
f 446 431 438
f 446 439 431
f 447 440 439
f 447 448 440
f 448 441 440
f 448 449 441
f 449 442 441
f 449 450 442
f 450 443 442
f 450 451 443
f 451 444 443
f 451 452 444
f 452 445 444
f 452 453 445
f 453 446 445
f 453 454 446
f 454 439 446
f 454 447 439
f 455 448 447
f 455 456 448
f 456 449 448
f 456 457 449
f 457 450 449
f 457 458 450
f 458 451 450
f 458 459 451
f 459 452 451
f 459 460 452
f 460 453 452
f 460 461 453
f 461 454 453
f 461 462 454
f 462 447 454
f 462 455 447
f 463 465 466
f 464 498 497
f 463 466 467
f 464 499 498
f 463 467 468
f 464 500 499
f 463 468 469
f 464 501 500
f 463 469 470
f 464 502 501
f 463 470 471
f 464 503 502
f 463 471 472
f 464 504 503
f 463 472 465
f 464 497 504
f 473 466 465
f 473 474 466
f 474 467 466
f 474 475 467
f 475 468 467
f 475 476 468
f 476 469 468
f 476 477 469
f 477 470 469
f 477 478 470
f 478 471 470
f 478 479 471
f 479 472 471
f 479 480 472
f 480 465 472
f 480 473 465
f 481 474 473
f 481 482 474
f 482 475 474
f 482 483 475
f 483 476 475
f 483 484 476
f 484 477 476
f 484 485 477
f 485 478 477
f 485 486 478
f 486 479 478
f 486 487 479
f 487 480 479
f 487 488 480
f 488 473 480
f 488 481 473
f 489 482 481
f 489 490 482
f 490 483 482
f 490 491 483
f 491 484 483
f 491 492 484
f 492 485 484
f 492 493 485
f 493 486 485
f 493 494 486
f 494 487 486
f 494 495 487
f 495 488 487
f 495 496 488
f 496 481 488
f 496 489 481
f 497 490 489
f 497 498 490
f 498 491 490
f 498 499 491
f 499 492 491
f 499 500 492
f 500 493 492
f 500 501 493
f 501 494 493
f 501 502 494
f 502 495 494
f 502 503 495
f 503 496 495
f 503 504 496
f 504 489 496
f 504 497 489
f 505 507 508
f 506 540 539
f 505 508 509
f 506 541 540
f 505 509 510
f 506 542 541
f 505 510 511
f 506 543 542
f 505 511 512
f 506 544 543
f 505 512 513
f 506 545 544
f 505 513 514
f 506 546 545
f 505 514 507
f 506 539 546
f 515 508 507
f 515 516 508
f 516 509 508
f 516 517 509
f 517 510 509
f 517 518 510
f 518 511 510
f 518 519 511
f 519 512 511
f 519 520 512
f 520 513 512
f 520 521 513
f 521 514 513
f 521 522 514
f 522 507 514
f 522 515 507
f 523 516 515
f 523 524 516
f 524 517 516
f 524 525 517
f 525 518 517
f 525 526 518
f 526 519 518
f 526 527 519
f 527 520 519
f 527 528 520
f 528 521 520
f 528 529 521
f 529 522 521
f 529 530 522
f 530 515 522
f 530 523 515
f 531 524 523
f 531 532 524
f 532 525 524
f 532 533 525
f 533 526 525
f 533 534 526
f 534 527 526
f 534 535 527
f 535 528 527
f 535 536 528
f 536 529 528
f 536 537 529
f 537 530 529
f 537 538 530
f 538 523 530
f 538 531 523
f 539 532 531
f 539 540 532
f 540 533 532
f 540 541 533
f 541 534 533
f 541 542 534
f 542 535 534
f 542 543 535
f 543 536 535
f 543 544 536
f 544 537 536
f 544 545 537
f 545 538 537
f 545 546 538
f 546 531 538
f 546 539 531
f 547 549 550
f 548 582 581
f 547 550 551
f 548 583 582
f 547 551 552
f 548 584 583
f 547 552 553
f 548 585 584
f 547 553 554
f 548 586 585
f 547 554 555
f 548 587 586
f 547 555 556
f 548 588 587
f 547 556 549
f 548 581 588
f 557 550 549
f 557 558 550
f 558 551 550
f 558 559 551
f 559 552 551
f 559 560 552
f 560 553 552
f 560 561 553
f 561 554 553
f 561 562 554
f 562 555 554
f 562 563 555
f 563 556 555
f 563 564 556
f 564 549 556
f 564 557 549
f 565 558 557
f 565 566 558
f 566 559 558
f 566 567 559
f 567 560 559
f 567 568 560
f 568 561 560
f 568 569 561
f 569 562 561
f 569 570 562
f 570 563 562
f 570 571 563
f 571 564 563
f 571 572 564
f 572 557 564
f 572 565 557
f 573 566 565
f 573 574 566
f 574 567 566
f 574 575 567
f 575 568 567
f 575 576 568
f 576 569 568
f 576 577 569
f 577 570 569
f 577 578 570
f 578 571 570
f 578 579 571
f 579 572 571
f 579 580 572
f 580 565 572
f 580 573 565
f 581 574 573
f 581 582 574
f 582 575 574
f 582 583 575
f 583 576 575
f 583 584 576
f 584 577 576
f 584 585 577
f 585 578 577
f 585 586 578
f 586 579 578
f 586 587 579
f 587 580 579
f 587 588 580
f 588 573 580
f 588 581 573
f 589 591 592
f 590 624 623
f 589 592 593
f 590 625 624
f 589 593 594
f 590 626 625
f 589 594 595
f 590 627 626
f 589 595 596
f 590 628 627
f 589 596 597
f 590 629 628
f 589 597 598
f 590 630 629
f 589 598 591
f 590 623 630
f 599 592 591
f 599 600 592
f 600 593 592
f 600 601 593
f 601 594 593
f 601 602 594
f 602 595 594
f 602 603 595
f 603 596 595
f 603 604 596
f 604 597 596
f 604 605 597
f 605 598 597
f 605 606 598
f 606 591 598
f 606 599 591
f 607 600 599
f 607 608 600
f 608 601 600
f 608 609 601
f 609 602 601
f 609 610 602
f 610 603 602
f 610 611 603
f 611 604 603
f 611 612 604
f 612 605 604
f 612 613 605
f 613 606 605
f 613 614 606
f 614 599 606
f 614 607 599
f 615 608 607
f 615 616 608
f 616 609 608
f 616 617 609
f 617 610 609
f 617 618 610
f 618 611 610
f 618 619 611
f 619 612 611
f 619 620 612
f 620 613 612
f 620 621 613
f 621 614 613
f 621 622 614
f 622 607 614
f 622 615 607
f 623 616 615
f 623 624 616
f 624 617 616
f 624 625 617
f 625 618 617
f 625 626 618
f 626 619 618
f 626 627 619
f 627 620 619
f 627 628 620
f 628 621 620
f 628 629 621
f 629 622 621
f 629 630 622
f 630 615 622
f 630 623 615
f 631 633 634
f 632 666 665
f 631 634 635
f 632 667 666
f 631 635 636
f 632 668 667
f 631 636 637
f 632 669 668
f 631 637 638
f 632 670 669
f 631 638 639
f 632 671 670
f 631 639 640
f 632 672 671
f 631 640 633
f 632 665 672
f 641 634 633
f 641 642 634
f 642 635 634
f 642 643 635
f 643 636 635
f 643 644 636
f 644 637 636
f 644 645 637
f 645 638 637
f 645 646 638
f 646 639 638
f 646 647 639
f 647 640 639
f 647 648 640
f 648 633 640
f 648 641 633
f 649 642 641
f 649 650 642
f 650 643 642
f 650 651 643
f 651 644 643
f 651 652 644
f 652 645 644
f 652 653 645
f 653 646 645
f 653 654 646
f 654 647 646
f 654 655 647
f 655 648 647
f 655 656 648
f 656 641 648
f 656 649 641
f 657 650 649
f 657 658 650
f 658 651 650
f 658 659 651
f 659 652 651
f 659 660 652
f 660 653 652
f 660 661 653
f 661 654 653
f 661 662 654
f 662 655 654
f 662 663 655
f 663 656 655
f 663 664 656
f 664 649 656
f 664 657 649
f 665 658 657
f 665 666 658
f 666 659 658
f 666 667 659
f 667 660 659
f 667 668 660
f 668 661 660
f 668 669 661
f 669 662 661
f 669 670 662
f 670 663 662
f 670 671 663
f 671 664 663
f 671 672 664
f 672 657 664
f 672 665 657
f 673 675 676
f 674 708 707
f 673 676 677
f 674 709 708
f 673 677 678
f 674 710 709
f 673 678 679
f 674 711 710
f 673 679 680
f 674 712 711
f 673 680 681
f 674 713 712
f 673 681 682
f 674 714 713
f 673 682 675
f 674 707 714
f 683 676 675
f 683 684 676
f 684 677 676
f 684 685 677
f 685 678 677
f 685 686 678
f 686 679 678
f 686 687 679
f 687 680 679
f 687 688 680
f 688 681 680
f 688 689 681
f 689 682 681
f 689 690 682
f 690 675 682
f 690 683 675
f 691 684 683
f 691 692 684
f 692 685 684
f 692 693 685
f 693 686 685
f 693 694 686
f 694 687 686
f 694 695 687
f 695 688 687
f 695 696 688
f 696 689 688
f 696 697 689
f 697 690 689
f 697 698 690
f 698 683 690
f 698 691 683
f 699 692 691
f 699 700 692
f 700 693 692
f 700 701 693
f 701 694 693
f 701 702 694
f 702 695 694
f 702 703 695
f 703 696 695
f 703 704 696
f 704 697 696
f 704 705 697
f 705 698 697
f 705 706 698
f 706 691 698
f 706 699 691
f 707 700 699
f 707 708 700
f 708 701 700
f 708 709 701
f 709 702 701
f 709 710 702
f 710 703 702
f 710 711 703
f 711 704 703
f 711 712 704
f 712 705 704
f 712 713 705
f 713 706 705
f 713 714 706
f 714 699 706
f 714 707 699
f 715 717 718
f 716 750 749
f 715 718 719
f 716 751 750
f 715 719 720
f 716 752 751
f 715 720 721
f 716 753 752
f 715 721 722
f 716 754 753
f 715 722 723
f 716 755 754
f 715 723 724
f 716 756 755
f 715 724 717
f 716 749 756
f 725 718 717
f 725 726 718
f 726 719 718
f 726 727 719
f 727 720 719
f 727 728 720
f 728 721 720
f 728 729 721
f 729 722 721
f 729 730 722
f 730 723 722
f 730 731 723
f 731 724 723
f 731 732 724
f 732 717 724
f 732 725 717
f 733 726 725
f 733 734 726
f 734 727 726
f 734 735 727
f 735 728 727
f 735 736 728
f 736 729 728
f 736 737 729
f 737 730 729
f 737 738 730
f 738 731 730
f 738 739 731
f 739 732 731
f 739 740 732
f 740 725 732
f 740 733 725
f 741 734 733
f 741 742 734
f 742 735 734
f 742 743 735
f 743 736 735
f 743 744 736
f 744 737 736
f 744 745 737
f 745 738 737
f 745 746 738
f 746 739 738
f 746 747 739
f 747 740 739
f 747 748 740
f 748 733 740
f 748 741 733
f 749 742 741
f 749 750 742
f 750 743 742
f 750 751 743
f 751 744 743
f 751 752 744
f 752 745 744
f 752 753 745
f 753 746 745
f 753 754 746
f 754 747 746
f 754 755 747
f 755 748 747
f 755 756 748
f 756 741 748
f 756 749 741
f 757 759 760
f 758 792 791
f 757 760 761
f 758 793 792
f 757 761 762
f 758 794 793
f 757 762 763
f 758 795 794
f 757 763 764
f 758 796 795
f 757 764 765
f 758 797 796
f 757 765 766
f 758 798 797
f 757 766 759
f 758 791 798
f 767 760 759
f 767 768 760
f 768 761 760
f 768 769 761
f 769 762 761
f 769 770 762
f 770 763 762
f 770 771 763
f 771 764 763
f 771 772 764
f 772 765 764
f 772 773 765
f 773 766 765
f 773 774 766
f 774 759 766
f 774 767 759
f 775 768 767
f 775 776 768
f 776 769 768
f 776 777 769
f 777 770 769
f 777 778 770
f 778 771 770
f 778 779 771
f 779 772 771
f 779 780 772
f 780 773 772
f 780 781 773
f 781 774 773
f 781 782 774
f 782 767 774
f 782 775 767
f 783 776 775
f 783 784 776
f 784 777 776
f 784 785 777
f 785 778 777
f 785 786 778
f 786 779 778
f 786 787 779
f 787 780 779
f 787 788 780
f 788 781 780
f 788 789 781
f 789 782 781
f 789 790 782
f 790 775 782
f 790 783 775
f 791 784 783
f 791 792 784
f 792 785 784
f 792 793 785
f 793 786 785
f 793 794 786
f 794 787 786
f 794 795 787
f 795 788 787
f 795 796 788
f 796 789 788
f 796 797 789
f 797 790 789
f 797 798 790
f 798 783 790
f 798 791 783
f 799 801 802
f 800 834 833
f 799 802 803
f 800 835 834
f 799 803 804
f 800 836 835
f 799 804 805
f 800 837 836
f 799 805 806
f 800 838 837
f 799 806 807
f 800 839 838
f 799 807 808
f 800 840 839
f 799 808 801
f 800 833 840
f 809 802 801
f 809 810 802
f 810 803 802
f 810 811 803
f 811 804 803
f 811 812 804
f 812 805 804
f 812 813 805
f 813 806 805
f 813 814 806
f 814 807 806
f 814 815 807
f 815 808 807
f 815 816 808
f 816 801 808
f 816 809 801
f 817 810 809
f 817 818 810
f 818 811 810
f 818 819 811
f 819 812 811
f 819 820 812
f 820 813 812
f 820 821 813
f 821 814 813
f 821 822 814
f 822 815 814
f 822 823 815
f 823 816 815
f 823 824 816
f 824 809 816
f 824 817 809
f 825 818 817
f 825 826 818
f 826 819 818
f 826 827 819
f 827 820 819
f 827 828 820
f 828 821 820
f 828 829 821
f 829 822 821
f 829 830 822
f 830 823 822
f 830 831 823
f 831 824 823
f 831 832 824
f 832 817 824
f 832 825 817
f 833 826 825
f 833 834 826
f 834 827 826
f 834 835 827
f 835 828 827
f 835 836 828
f 836 829 828
f 836 837 829
f 837 830 829
f 837 838 830
f 838 831 830
f 838 839 831
f 839 832 831
f 839 840 832
f 840 825 832
f 840 833 825
f 841 843 844
f 842 876 875
f 841 844 845
f 842 877 876
f 841 845 846
f 842 878 877
f 841 846 847
f 842 879 878
f 841 847 848
f 842 880 879
f 841 848 849
f 842 881 880
f 841 849 850
f 842 882 881
f 841 850 843
f 842 875 882
f 851 844 843
f 851 852 844
f 852 845 844
f 852 853 845
f 853 846 845
f 853 854 846
f 854 847 846
f 854 855 847
f 855 848 847
f 855 856 848
f 856 849 848
f 856 857 849
f 857 850 849
f 857 858 850
f 858 843 850
f 858 851 843
f 859 852 851
f 859 860 852
f 860 853 852
f 860 861 853
f 861 854 853
f 861 862 854
f 862 855 854
f 862 863 855
f 863 856 855
f 863 864 856
f 864 857 856
f 864 865 857
f 865 858 857
f 865 866 858
f 866 851 858
f 866 859 851
f 867 860 859
f 867 868 860
f 868 861 860
f 868 869 861
f 869 862 861
f 869 870 862
f 870 863 862
f 870 871 863
f 871 864 863
f 871 872 864
f 872 865 864
f 872 873 865
f 873 866 865
f 873 874 866
f 874 859 866
f 874 867 859
f 875 868 867
f 875 876 868
f 876 869 868
f 876 877 869
f 877 870 869
f 877 878 870
f 878 871 870
f 878 879 871
f 879 872 871
f 879 880 872
f 880 873 872
f 880 881 873
f 881 874 873
f 881 882 874
f 882 867 874
f 882 875 867
f 883 885 886
f 884 918 917
f 883 886 887
f 884 919 918
f 883 887 888
f 884 920 919
f 883 888 889
f 884 921 920
f 883 889 890
f 884 922 921
f 883 890 891
f 884 923 922
f 883 891 892
f 884 924 923
f 883 892 885
f 884 917 924
f 893 886 885
f 893 894 886
f 894 887 886
f 894 895 887
f 895 888 887
f 895 896 888
f 896 889 888
f 896 897 889
f 897 890 889
f 897 898 890
f 898 891 890
f 898 899 891
f 899 892 891
f 899 900 892
f 900 885 892
f 900 893 885
f 901 894 893
f 901 902 894
f 902 895 894
f 902 903 895
f 903 896 895
f 903 904 896
f 904 897 896
f 904 905 897
f 905 898 897
f 905 906 898
f 906 899 898
f 906 907 899
f 907 900 899
f 907 908 900
f 908 893 900
f 908 901 893
f 909 902 901
f 909 910 902
f 910 903 902
f 910 911 903
f 911 904 903
f 911 912 904
f 912 905 904
f 912 913 905
f 913 906 905
f 913 914 906
f 914 907 906
f 914 915 907
f 915 908 907
f 915 916 908
f 916 901 908
f 916 909 901
f 917 910 909
f 917 918 910
f 918 911 910
f 918 919 911
f 919 912 911
f 919 920 912
f 920 913 912
f 920 921 913
f 921 914 913
f 921 922 914
f 922 915 914
f 922 923 915
f 923 916 915
f 923 924 916
f 924 909 916
f 924 917 909
f 925 927 928
f 926 960 959
f 925 928 929
f 926 961 960
f 925 929 930
f 926 962 961
f 925 930 931
f 926 963 962
f 925 931 932
f 926 964 963
f 925 932 933
f 926 965 964
f 925 933 934
f 926 966 965
f 925 934 927
f 926 959 966
f 935 928 927
f 935 936 928
f 936 929 928
f 936 937 929
f 937 930 929
f 937 938 930
f 938 931 930
f 938 939 931
f 939 932 931
f 939 940 932
f 940 933 932
f 940 941 933
f 941 934 933
f 941 942 934
f 942 927 934
f 942 935 927
f 943 936 935
f 943 944 936
f 944 937 936
f 944 945 937
f 945 938 937
f 945 946 938
f 946 939 938
f 946 947 939
f 947 940 939
f 947 948 940
f 948 941 940
f 948 949 941
f 949 942 941
f 949 950 942
f 950 935 942
f 950 943 935
f 951 944 943
f 951 952 944
f 952 945 944
f 952 953 945
f 953 946 945
f 953 954 946
f 954 947 946
f 954 955 947
f 955 948 947
f 955 956 948
f 956 949 948
f 956 957 949
f 957 950 949
f 957 958 950
f 958 943 950
f 958 951 943
f 959 952 951
f 959 960 952
f 960 953 952
f 960 961 953
f 961 954 953
f 961 962 954
f 962 955 954
f 962 963 955
f 963 956 955
f 963 964 956
f 964 957 956
f 964 965 957
f 965 958 957
f 965 966 958
f 966 951 958
f 966 959 951
f 967 969 970
f 968 1002 1001
f 967 970 971
f 968 1003 1002
f 967 971 972
f 968 1004 1003
f 967 972 973
f 968 1005 1004
f 967 973 974
f 968 1006 1005
f 967 974 975
f 968 1007 1006
f 967 975 976
f 968 1008 1007
f 967 976 969
f 968 1001 1008
f 977 970 969
f 977 978 970
f 978 971 970
f 978 979 971
f 979 972 971
f 979 980 972
f 980 973 972
f 980 981 973
f 981 974 973
f 981 982 974
f 982 975 974
f 982 983 975
f 983 976 975
f 983 984 976
f 984 969 976
f 984 977 969
f 985 978 977
f 985 986 978
f 986 979 978
f 986 987 979
f 987 980 979
f 987 988 980
f 988 981 980
f 988 989 981
f 989 982 981
f 989 990 982
f 990 983 982
f 990 991 983
f 991 984 983
f 991 992 984
f 992 977 984
f 992 985 977
f 993 986 985
f 993 994 986
f 994 987 986
f 994 995 987
f 995 988 987
f 995 996 988
f 996 989 988
f 996 997 989
f 997 990 989
f 997 998 990
f 998 991 990
f 998 999 991
f 999 992 991
f 999 1000 992
f 1000 985 992
f 1000 993 985
f 1001 994 993
f 1001 1002 994
f 1002 995 994
f 1002 1003 995
f 1003 996 995
f 1003 1004 996
f 1004 997 996
f 1004 1005 997
f 1005 998 997
f 1005 1006 998
f 1006 999 998
f 1006 1007 999
f 1007 1000 999
f 1007 1008 1000
f 1008 993 1000
f 1008 1001 993
f 1009 1011 1012
f 1010 1044 1043
f 1009 1012 1013
f 1010 1045 1044
f 1009 1013 1014
f 1010 1046 1045
f 1009 1014 1015
f 1010 1047 1046
f 1009 1015 1016
f 1010 1048 1047
f 1009 1016 1017
f 1010 1049 1048
f 1009 1017 1018
f 1010 1050 1049
f 1009 1018 1011
f 1010 1043 1050
f 1019 1012 1011
f 1019 1020 1012
f 1020 1013 1012
f 1020 1021 1013
f 1021 1014 1013
f 1021 1022 1014
f 1022 1015 1014
f 1022 1023 1015
f 1023 1016 1015
f 1023 1024 1016
f 1024 1017 1016
f 1024 1025 1017
f 1025 1018 1017
f 1025 1026 1018
f 1026 1011 1018
f 1026 1019 1011
f 1027 1020 1019
f 1027 1028 1020
f 1028 1021 1020
f 1028 1029 1021
f 1029 1022 1021
f 1029 1030 1022
f 1030 1023 1022
f 1030 1031 1023
f 1031 1024 1023
f 1031 1032 1024
f 1032 1025 1024
f 1032 1033 1025
f 1033 1026 1025
f 1033 1034 1026
f 1034 1019 1026
f 1034 1027 1019
f 1035 1028 1027
f 1035 1036 1028
f 1036 1029 1028
f 1036 1037 1029
f 1037 1030 1029
f 1037 1038 1030
f 1038 1031 1030
f 1038 1039 1031
f 1039 1032 1031
f 1039 1040 1032
f 1040 1033 1032
f 1040 1041 1033
f 1041 1034 1033
f 1041 1042 1034
f 1042 1027 1034
f 1042 1035 1027
f 1043 1036 1035
f 1043 1044 1036
f 1044 1037 1036
f 1044 1045 1037
f 1045 1038 1037
f 1045 1046 1038
f 1046 1039 1038
f 1046 1047 1039
f 1047 1040 1039
f 1047 1048 1040
f 1048 1041 1040
f 1048 1049 1041
f 1049 1042 1041
f 1049 1050 1042
f 1050 1035 1042
f 1050 1043 1035
f 1051 1053 1054
f 1052 1086 1085
f 1051 1054 1055
f 1052 1087 1086
f 1051 1055 1056
f 1052 1088 1087
f 1051 1056 1057
f 1052 1089 1088
f 1051 1057 1058
f 1052 1090 1089
f 1051 1058 1059
f 1052 1091 1090
f 1051 1059 1060
f 1052 1092 1091
f 1051 1060 1053
f 1052 1085 1092
f 1061 1054 1053
f 1061 1062 1054
f 1062 1055 1054
f 1062 1063 1055
f 1063 1056 1055
f 1063 1064 1056
f 1064 1057 1056
f 1064 1065 1057
f 1065 1058 1057
f 1065 1066 1058
f 1066 1059 1058
f 1066 1067 1059
f 1067 1060 1059
f 1067 1068 1060
f 1068 1053 1060
f 1068 1061 1053
f 1069 1062 1061
f 1069 1070 1062
f 1070 1063 1062
f 1070 1071 1063
f 1071 1064 1063
f 1071 1072 1064
f 1072 1065 1064
f 1072 1073 1065
f 1073 1066 1065
f 1073 1074 1066
f 1074 1067 1066
f 1074 1075 1067
f 1075 1068 1067
f 1075 1076 1068
f 1076 1061 1068
f 1076 1069 1061
f 1077 1070 1069
f 1077 1078 1070
f 1078 1071 1070
f 1078 1079 1071
f 1079 1072 1071
f 1079 1080 1072
f 1080 1073 1072
f 1080 1081 1073
f 1081 1074 1073
f 1081 1082 1074
f 1082 1075 1074
f 1082 1083 1075
f 1083 1076 1075
f 1083 1084 1076
f 1084 1069 1076
f 1084 1077 1069
f 1085 1078 1077
f 1085 1086 1078
f 1086 1079 1078
f 1086 1087 1079
f 1087 1080 1079
f 1087 1088 1080
f 1088 1081 1080
f 1088 1089 1081
f 1089 1082 1081
f 1089 1090 1082
f 1090 1083 1082
f 1090 1091 1083
f 1091 1084 1083
f 1091 1092 1084
f 1092 1077 1084
f 1092 1085 1077
f 1093 1095 1096
f 1094 1128 1127
f 1093 1096 1097
f 1094 1129 1128
f 1093 1097 1098
f 1094 1130 1129
f 1093 1098 1099
f 1094 1131 1130
f 1093 1099 1100
f 1094 1132 1131
f 1093 1100 1101
f 1094 1133 1132
f 1093 1101 1102
f 1094 1134 1133
f 1093 1102 1095
f 1094 1127 1134
f 1103 1096 1095
f 1103 1104 1096
f 1104 1097 1096
f 1104 1105 1097
f 1105 1098 1097
f 1105 1106 1098
f 1106 1099 1098
f 1106 1107 1099
f 1107 1100 1099
f 1107 1108 1100
f 1108 1101 1100
f 1108 1109 1101
f 1109 1102 1101
f 1109 1110 1102
f 1110 1095 1102
f 1110 1103 1095
f 1111 1104 1103
f 1111 1112 1104
f 1112 1105 1104
f 1112 1113 1105
f 1113 1106 1105
f 1113 1114 1106
f 1114 1107 1106
f 1114 1115 1107
f 1115 1108 1107
f 1115 1116 1108
f 1116 1109 1108
f 1116 1117 1109
f 1117 1110 1109
f 1117 1118 1110
f 1118 1103 1110
f 1118 1111 1103
f 1119 1112 1111
f 1119 1120 1112
f 1120 1113 1112
f 1120 1121 1113
f 1121 1114 1113
f 1121 1122 1114
f 1122 1115 1114
f 1122 1123 1115
f 1123 1116 1115
f 1123 1124 1116
f 1124 1117 1116
f 1124 1125 1117
f 1125 1118 1117
f 1125 1126 1118
f 1126 1111 1118
f 1126 1119 1111
f 1127 1120 1119
f 1127 1128 1120
f 1128 1121 1120
f 1128 1129 1121
f 1129 1122 1121
f 1129 1130 1122
f 1130 1123 1122
f 1130 1131 1123
f 1131 1124 1123
f 1131 1132 1124
f 1132 1125 1124
f 1132 1133 1125
f 1133 1126 1125
f 1133 1134 1126
f 1134 1119 1126
f 1134 1127 1119
f 1135 1137 1138
f 1136 1170 1169
f 1135 1138 1139
f 1136 1171 1170
f 1135 1139 1140
f 1136 1172 1171
f 1135 1140 1141
f 1136 1173 1172
f 1135 1141 1142
f 1136 1174 1173
f 1135 1142 1143
f 1136 1175 1174
f 1135 1143 1144
f 1136 1176 1175
f 1135 1144 1137
f 1136 1169 1176
f 1145 1138 1137
f 1145 1146 1138
f 1146 1139 1138
f 1146 1147 1139
f 1147 1140 1139
f 1147 1148 1140
f 1148 1141 1140
f 1148 1149 1141
f 1149 1142 1141
f 1149 1150 1142
f 1150 1143 1142
f 1150 1151 1143
f 1151 1144 1143
f 1151 1152 1144
f 1152 1137 1144
f 1152 1145 1137
f 1153 1146 1145
f 1153 1154 1146
f 1154 1147 1146
f 1154 1155 1147
f 1155 1148 1147
f 1155 1156 1148
f 1156 1149 1148
f 1156 1157 1149
f 1157 1150 1149
f 1157 1158 1150
f 1158 1151 1150
f 1158 1159 1151
f 1159 1152 1151
f 1159 1160 1152
f 1160 1145 1152
f 1160 1153 1145
f 1161 1154 1153
f 1161 1162 1154
f 1162 1155 1154
f 1162 1163 1155
f 1163 1156 1155
f 1163 1164 1156
f 1164 1157 1156
f 1164 1165 1157
f 1165 1158 1157
f 1165 1166 1158
f 1166 1159 1158
f 1166 1167 1159
f 1167 1160 1159
f 1167 1168 1160
f 1168 1153 1160
f 1168 1161 1153
f 1169 1162 1161
f 1169 1170 1162
f 1170 1163 1162
f 1170 1171 1163
f 1171 1164 1163
f 1171 1172 1164
f 1172 1165 1164
f 1172 1173 1165
f 1173 1166 1165
f 1173 1174 1166
f 1174 1167 1166
f 1174 1175 1167
f 1175 1168 1167
f 1175 1176 1168
f 1176 1161 1168
f 1176 1169 1161
f 1177 1179 1180
f 1178 1212 1211
f 1177 1180 1181
f 1178 1213 1212
f 1177 1181 1182
f 1178 1214 1213
f 1177 1182 1183
f 1178 1215 1214
f 1177 1183 1184
f 1178 1216 1215
f 1177 1184 1185
f 1178 1217 1216
f 1177 1185 1186
f 1178 1218 1217
f 1177 1186 1179
f 1178 1211 1218
f 1187 1180 1179
f 1187 1188 1180
f 1188 1181 1180
f 1188 1189 1181
f 1189 1182 1181
f 1189 1190 1182
f 1190 1183 1182
f 1190 1191 1183
f 1191 1184 1183
f 1191 1192 1184
f 1192 1185 1184
f 1192 1193 1185
f 1193 1186 1185
f 1193 1194 1186
f 1194 1179 1186
f 1194 1187 1179
f 1195 1188 1187
f 1195 1196 1188
f 1196 1189 1188
f 1196 1197 1189
f 1197 1190 1189
f 1197 1198 1190
f 1198 1191 1190
f 1198 1199 1191
f 1199 1192 1191
f 1199 1200 1192
f 1200 1193 1192
f 1200 1201 1193
f 1201 1194 1193
f 1201 1202 1194
f 1202 1187 1194
f 1202 1195 1187
f 1203 1196 1195
f 1203 1204 1196
f 1204 1197 1196
f 1204 1205 1197
f 1205 1198 1197
f 1205 1206 1198
f 1206 1199 1198
f 1206 1207 1199
f 1207 1200 1199
f 1207 1208 1200
f 1208 1201 1200
f 1208 1209 1201
f 1209 1202 1201
f 1209 1210 1202
f 1210 1195 1202
f 1210 1203 1195
f 1211 1204 1203
f 1211 1212 1204
f 1212 1205 1204
f 1212 1213 1205
f 1213 1206 1205
f 1213 1214 1206
f 1214 1207 1206
f 1214 1215 1207
f 1215 1208 1207
f 1215 1216 1208
f 1216 1209 1208
f 1216 1217 1209
f 1217 1210 1209
f 1217 1218 1210
f 1218 1203 1210
f 1218 1211 1203
f 1219 1221 1222
f 1220 1254 1253
f 1219 1222 1223
f 1220 1255 1254
f 1219 1223 1224
f 1220 1256 1255
f 1219 1224 1225
f 1220 1257 1256
f 1219 1225 1226
f 1220 1258 1257
f 1219 1226 1227
f 1220 1259 1258
f 1219 1227 1228
f 1220 1260 1259
f 1219 1228 1221
f 1220 1253 1260
f 1229 1222 1221
f 1229 1230 1222
f 1230 1223 1222
f 1230 1231 1223
f 1231 1224 1223
f 1231 1232 1224
f 1232 1225 1224
f 1232 1233 1225
f 1233 1226 1225
f 1233 1234 1226
f 1234 1227 1226
f 1234 1235 1227
f 1235 1228 1227
f 1235 1236 1228
f 1236 1221 1228
f 1236 1229 1221
f 1237 1230 1229
f 1237 1238 1230
f 1238 1231 1230
f 1238 1239 1231
f 1239 1232 1231
f 1239 1240 1232
f 1240 1233 1232
f 1240 1241 1233
f 1241 1234 1233
f 1241 1242 1234
f 1242 1235 1234
f 1242 1243 1235
f 1243 1236 1235
f 1243 1244 1236
f 1244 1229 1236
f 1244 1237 1229
f 1245 1238 1237
f 1245 1246 1238
f 1246 1239 1238
f 1246 1247 1239
f 1247 1240 1239
f 1247 1248 1240
f 1248 1241 1240
f 1248 1249 1241
f 1249 1242 1241
f 1249 1250 1242
f 1250 1243 1242
f 1250 1251 1243
f 1251 1244 1243
f 1251 1252 1244
f 1252 1237 1244
f 1252 1245 1237
f 1253 1246 1245
f 1253 1254 1246
f 1254 1247 1246
f 1254 1255 1247
f 1255 1248 1247
f 1255 1256 1248
f 1256 1249 1248
f 1256 1257 1249
f 1257 1250 1249
f 1257 1258 1250
f 1258 1251 1250
f 1258 1259 1251
f 1259 1252 1251
f 1259 1260 1252
f 1260 1245 1252
f 1260 1253 1245
f 1261 1263 1264
f 1262 1296 1295
f 1261 1264 1265
f 1262 1297 1296
f 1261 1265 1266
f 1262 1298 1297
f 1261 1266 1267
f 1262 1299 1298
f 1261 1267 1268
f 1262 1300 1299
f 1261 1268 1269
f 1262 1301 1300
f 1261 1269 1270
f 1262 1302 1301
f 1261 1270 1263
f 1262 1295 1302
f 1271 1264 1263
f 1271 1272 1264
f 1272 1265 1264
f 1272 1273 1265
f 1273 1266 1265
f 1273 1274 1266
f 1274 1267 1266
f 1274 1275 1267
f 1275 1268 1267
f 1275 1276 1268
f 1276 1269 1268
f 1276 1277 1269
f 1277 1270 1269
f 1277 1278 1270
f 1278 1263 1270
f 1278 1271 1263
f 1279 1272 1271
f 1279 1280 1272
f 1280 1273 1272
f 1280 1281 1273
f 1281 1274 1273
f 1281 1282 1274
f 1282 1275 1274
f 1282 1283 1275
f 1283 1276 1275
f 1283 1284 1276
f 1284 1277 1276
f 1284 1285 1277
f 1285 1278 1277
f 1285 1286 1278
f 1286 1271 1278
f 1286 1279 1271
f 1287 1280 1279
f 1287 1288 1280
f 1288 1281 1280
f 1288 1289 1281
f 1289 1282 1281
f 1289 1290 1282
f 1290 1283 1282
f 1290 1291 1283
f 1291 1284 1283
f 1291 1292 1284
f 1292 1285 1284
f 1292 1293 1285
f 1293 1286 1285
f 1293 1294 1286
f 1294 1279 1286
f 1294 1287 1279
f 1295 1288 1287
f 1295 1296 1288
f 1296 1289 1288
f 1296 1297 1289
f 1297 1290 1289
f 1297 1298 1290
f 1298 1291 1290
f 1298 1299 1291
f 1299 1292 1291
f 1299 1300 1292
f 1300 1293 1292
f 1300 1301 1293
f 1301 1294 1293
f 1301 1302 1294
f 1302 1287 1294
f 1302 1295 1287
f 1303 1305 1306
f 1304 1338 1337
f 1303 1306 1307
f 1304 1339 1338
f 1303 1307 1308
f 1304 1340 1339
f 1303 1308 1309
f 1304 1341 1340
f 1303 1309 1310
f 1304 1342 1341
f 1303 1310 1311
f 1304 1343 1342
f 1303 1311 1312
f 1304 1344 1343
f 1303 1312 1305
f 1304 1337 1344
f 1313 1306 1305
f 1313 1314 1306
f 1314 1307 1306
f 1314 1315 1307
f 1315 1308 1307
f 1315 1316 1308
f 1316 1309 1308
f 1316 1317 1309
f 1317 1310 1309
f 1317 1318 1310
f 1318 1311 1310
f 1318 1319 1311
f 1319 1312 1311
f 1319 1320 1312
f 1320 1305 1312
f 1320 1313 1305
f 1321 1314 1313
f 1321 1322 1314
f 1322 1315 1314
f 1322 1323 1315
f 1323 1316 1315
f 1323 1324 1316
f 1324 1317 1316
f 1324 1325 1317
f 1325 1318 1317
f 1325 1326 1318
f 1326 1319 1318
f 1326 1327 1319
f 1327 1320 1319
f 1327 1328 1320
f 1328 1313 1320
f 1328 1321 1313
f 1329 1322 1321
f 1329 1330 1322
f 1330 1323 1322
f 1330 1331 1323
f 1331 1324 1323
f 1331 1332 1324
f 1332 1325 1324
f 1332 1333 1325
f 1333 1326 1325
f 1333 1334 1326
f 1334 1327 1326
f 1334 1335 1327
f 1335 1328 1327
f 1335 1336 1328
f 1336 1321 1328
f 1336 1329 1321
f 1337 1330 1329
f 1337 1338 1330
f 1338 1331 1330
f 1338 1339 1331
f 1339 1332 1331
f 1339 1340 1332
f 1340 1333 1332
f 1340 1341 1333
f 1341 1334 1333
f 1341 1342 1334
f 1342 1335 1334
f 1342 1343 1335
f 1343 1336 1335
f 1343 1344 1336
f 1344 1329 1336
f 1344 1337 1329
f 1345 1347 1348
f 1346 1380 1379
f 1345 1348 1349
f 1346 1381 1380
f 1345 1349 1350
f 1346 1382 1381
f 1345 1350 1351
f 1346 1383 1382
f 1345 1351 1352
f 1346 1384 1383
f 1345 1352 1353
f 1346 1385 1384
f 1345 1353 1354
f 1346 1386 1385
f 1345 1354 1347
f 1346 1379 1386
f 1355 1348 1347
f 1355 1356 1348
f 1356 1349 1348
f 1356 1357 1349
f 1357 1350 1349
f 1357 1358 1350
f 1358 1351 1350
f 1358 1359 1351
f 1359 1352 1351
f 1359 1360 1352
f 1360 1353 1352
f 1360 1361 1353
f 1361 1354 1353
f 1361 1362 1354
f 1362 1347 1354
f 1362 1355 1347
f 1363 1356 1355
f 1363 1364 1356
f 1364 1357 1356
f 1364 1365 1357
f 1365 1358 1357
f 1365 1366 1358
f 1366 1359 1358
f 1366 1367 1359
f 1367 1360 1359
f 1367 1368 1360
f 1368 1361 1360
f 1368 1369 1361
f 1369 1362 1361
f 1369 1370 1362
f 1370 1355 1362
f 1370 1363 1355
f 1371 1364 1363
f 1371 1372 1364
f 1372 1365 1364
f 1372 1373 1365
f 1373 1366 1365
f 1373 1374 1366
f 1374 1367 1366
f 1374 1375 1367
f 1375 1368 1367
f 1375 1376 1368
f 1376 1369 1368
f 1376 1377 1369
f 1377 1370 1369
f 1377 1378 1370
f 1378 1363 1370
f 1378 1371 1363
f 1379 1372 1371
f 1379 1380 1372
f 1380 1373 1372
f 1380 1381 1373
f 1381 1374 1373
f 1381 1382 1374
f 1382 1375 1374
f 1382 1383 1375
f 1383 1376 1375
f 1383 1384 1376
f 1384 1377 1376
f 1384 1385 1377
f 1385 1378 1377
f 1385 1386 1378
f 1386 1371 1378
f 1386 1379 1371
f 1387 1389 1390
f 1388 1422 1421
f 1387 1390 1391
f 1388 1423 1422
f 1387 1391 1392
f 1388 1424 1423
f 1387 1392 1393
f 1388 1425 1424
f 1387 1393 1394
f 1388 1426 1425
f 1387 1394 1395
f 1388 1427 1426
f 1387 1395 1396
f 1388 1428 1427
f 1387 1396 1389
f 1388 1421 1428
f 1397 1390 1389
f 1397 1398 1390
f 1398 1391 1390
f 1398 1399 1391
f 1399 1392 1391
f 1399 1400 1392
f 1400 1393 1392
f 1400 1401 1393
f 1401 1394 1393
f 1401 1402 1394
f 1402 1395 1394
f 1402 1403 1395
f 1403 1396 1395
f 1403 1404 1396
f 1404 1389 1396
f 1404 1397 1389
f 1405 1398 1397
f 1405 1406 1398
f 1406 1399 1398
f 1406 1407 1399
f 1407 1400 1399
f 1407 1408 1400
f 1408 1401 1400
f 1408 1409 1401
f 1409 1402 1401
f 1409 1410 1402
f 1410 1403 1402
f 1410 1411 1403
f 1411 1404 1403
f 1411 1412 1404
f 1412 1397 1404
f 1412 1405 1397
f 1413 1406 1405
f 1413 1414 1406
f 1414 1407 1406
f 1414 1415 1407
f 1415 1408 1407
f 1415 1416 1408
f 1416 1409 1408
f 1416 1417 1409
f 1417 1410 1409
f 1417 1418 1410
f 1418 1411 1410
f 1418 1419 1411
f 1419 1412 1411
f 1419 1420 1412
f 1420 1405 1412
f 1420 1413 1405
f 1421 1414 1413
f 1421 1422 1414
f 1422 1415 1414
f 1422 1423 1415
f 1423 1416 1415
f 1423 1424 1416
f 1424 1417 1416
f 1424 1425 1417
f 1425 1418 1417
f 1425 1426 1418
f 1426 1419 1418
f 1426 1427 1419
f 1427 1420 1419
f 1427 1428 1420
f 1428 1413 1420
f 1428 1421 1413
f 1429 1431 1432
f 1430 1464 1463
f 1429 1432 1433
f 1430 1465 1464
f 1429 1433 1434
f 1430 1466 1465
f 1429 1434 1435
f 1430 1467 1466
f 1429 1435 1436
f 1430 1468 1467
f 1429 1436 1437
f 1430 1469 1468
f 1429 1437 1438
f 1430 1470 1469
f 1429 1438 1431
f 1430 1463 1470
f 1439 1432 1431
f 1439 1440 1432
f 1440 1433 1432
f 1440 1441 1433
f 1441 1434 1433
f 1441 1442 1434
f 1442 1435 1434
f 1442 1443 1435
f 1443 1436 1435
f 1443 1444 1436
f 1444 1437 1436
f 1444 1445 1437
f 1445 1438 1437
f 1445 1446 1438
f 1446 1431 1438
f 1446 1439 1431
f 1447 1440 1439
f 1447 1448 1440
f 1448 1441 1440
f 1448 1449 1441
f 1449 1442 1441
f 1449 1450 1442
f 1450 1443 1442
f 1450 1451 1443
f 1451 1444 1443
f 1451 1452 1444
f 1452 1445 1444
f 1452 1453 1445
f 1453 1446 1445
f 1453 1454 1446
f 1454 1439 1446
f 1454 1447 1439
f 1455 1448 1447
f 1455 1456 1448
f 1456 1449 1448
f 1456 1457 1449
f 1457 1450 1449
f 1457 1458 1450
f 1458 1451 1450
f 1458 1459 1451
f 1459 1452 1451
f 1459 1460 1452
f 1460 1453 1452
f 1460 1461 1453
f 1461 1454 1453
f 1461 1462 1454
f 1462 1447 1454
f 1462 1455 1447
f 1463 1456 1455
f 1463 1464 1456
f 1464 1457 1456
f 1464 1465 1457
f 1465 1458 1457
f 1465 1466 1458
f 1466 1459 1458
f 1466 1467 1459
f 1467 1460 1459
f 1467 1468 1460
f 1468 1461 1460
f 1468 1469 1461
f 1469 1462 1461
f 1469 1470 1462
f 1470 1455 1462
f 1470 1463 1455
f 1471 1473 1474
f 1472 1506 1505
f 1471 1474 1475
f 1472 1507 1506
f 1471 1475 1476
f 1472 1508 1507
f 1471 1476 1477
f 1472 1509 1508
f 1471 1477 1478
f 1472 1510 1509
f 1471 1478 1479
f 1472 1511 1510
f 1471 1479 1480
f 1472 1512 1511
f 1471 1480 1473
f 1472 1505 1512
f 1481 1474 1473
f 1481 1482 1474
f 1482 1475 1474
f 1482 1483 1475
f 1483 1476 1475
f 1483 1484 1476
f 1484 1477 1476
f 1484 1485 1477
f 1485 1478 1477
f 1485 1486 1478
f 1486 1479 1478
f 1486 1487 1479
f 1487 1480 1479
f 1487 1488 1480
f 1488 1473 1480
f 1488 1481 1473
f 1489 1482 1481
f 1489 1490 1482
f 1490 1483 1482
f 1490 1491 1483
f 1491 1484 1483
f 1491 1492 1484
f 1492 1485 1484
f 1492 1493 1485
f 1493 1486 1485
f 1493 1494 1486
f 1494 1487 1486
f 1494 1495 1487
f 1495 1488 1487
f 1495 1496 1488
f 1496 1481 1488
f 1496 1489 1481
f 1497 1490 1489
f 1497 1498 1490
f 1498 1491 1490
f 1498 1499 1491
f 1499 1492 1491
f 1499 1500 1492
f 1500 1493 1492
f 1500 1501 1493
f 1501 1494 1493
f 1501 1502 1494
f 1502 1495 1494
f 1502 1503 1495
f 1503 1496 1495
f 1503 1504 1496
f 1504 1489 1496
f 1504 1497 1489
f 1505 1498 1497
f 1505 1506 1498
f 1506 1499 1498
f 1506 1507 1499
f 1507 1500 1499
f 1507 1508 1500
f 1508 1501 1500
f 1508 1509 1501
f 1509 1502 1501
f 1509 1510 1502
f 1510 1503 1502
f 1510 1511 1503
f 1511 1504 1503
f 1511 1512 1504
f 1512 1497 1504
f 1512 1505 1497
f 1513 1515 1516
f 1514 1548 1547
f 1513 1516 1517
f 1514 1549 1548
f 1513 1517 1518
f 1514 1550 1549
f 1513 1518 1519
f 1514 1551 1550
f 1513 1519 1520
f 1514 1552 1551
f 1513 1520 1521
f 1514 1553 1552
f 1513 1521 1522
f 1514 1554 1553
f 1513 1522 1515
f 1514 1547 1554
f 1523 1516 1515
f 1523 1524 1516
f 1524 1517 1516
f 1524 1525 1517
f 1525 1518 1517
f 1525 1526 1518
f 1526 1519 1518
f 1526 1527 1519
f 1527 1520 1519
f 1527 1528 1520
f 1528 1521 1520
f 1528 1529 1521
f 1529 1522 1521
f 1529 1530 1522
f 1530 1515 1522
f 1530 1523 1515
f 1531 1524 1523
f 1531 1532 1524
f 1532 1525 1524
f 1532 1533 1525
f 1533 1526 1525
f 1533 1534 1526
f 1534 1527 1526
f 1534 1535 1527
f 1535 1528 1527
f 1535 1536 1528
f 1536 1529 1528
f 1536 1537 1529
f 1537 1530 1529
f 1537 1538 1530
f 1538 1523 1530
f 1538 1531 1523
f 1539 1532 1531
f 1539 1540 1532
f 1540 1533 1532
f 1540 1541 1533
f 1541 1534 1533
f 1541 1542 1534
f 1542 1535 1534
f 1542 1543 1535
f 1543 1536 1535
f 1543 1544 1536
f 1544 1537 1536
f 1544 1545 1537
f 1545 1538 1537
f 1545 1546 1538
f 1546 1531 1538
f 1546 1539 1531
f 1547 1540 1539
f 1547 1548 1540
f 1548 1541 1540
f 1548 1549 1541
f 1549 1542 1541
f 1549 1550 1542
f 1550 1543 1542
f 1550 1551 1543
f 1551 1544 1543
f 1551 1552 1544
f 1552 1545 1544
f 1552 1553 1545
f 1553 1546 1545
f 1553 1554 1546
f 1554 1539 1546
f 1554 1547 1539
f 1555 1557 1558
f 1556 1590 1589
f 1555 1558 1559
f 1556 1591 1590
f 1555 1559 1560
f 1556 1592 1591
f 1555 1560 1561
f 1556 1593 1592
f 1555 1561 1562
f 1556 1594 1593
f 1555 1562 1563
f 1556 1595 1594
f 1555 1563 1564
f 1556 1596 1595
f 1555 1564 1557
f 1556 1589 1596
f 1565 1558 1557
f 1565 1566 1558
f 1566 1559 1558
f 1566 1567 1559
f 1567 1560 1559
f 1567 1568 1560
f 1568 1561 1560
f 1568 1569 1561
f 1569 1562 1561
f 1569 1570 1562
f 1570 1563 1562
f 1570 1571 1563
f 1571 1564 1563
f 1571 1572 1564
f 1572 1557 1564
f 1572 1565 1557
f 1573 1566 1565
f 1573 1574 1566
f 1574 1567 1566
f 1574 1575 1567
f 1575 1568 1567
f 1575 1576 1568
f 1576 1569 1568
f 1576 1577 1569
f 1577 1570 1569
f 1577 1578 1570
f 1578 1571 1570
f 1578 1579 1571
f 1579 1572 1571
f 1579 1580 1572
f 1580 1565 1572
f 1580 1573 1565
f 1581 1574 1573
f 1581 1582 1574
f 1582 1575 1574
f 1582 1583 1575
f 1583 1576 1575
f 1583 1584 1576
f 1584 1577 1576
f 1584 1585 1577
f 1585 1578 1577
f 1585 1586 1578
f 1586 1579 1578
f 1586 1587 1579
f 1587 1580 1579
f 1587 1588 1580
f 1588 1573 1580
f 1588 1581 1573
f 1589 1582 1581
f 1589 1590 1582
f 1590 1583 1582
f 1590 1591 1583
f 1591 1584 1583
f 1591 1592 1584
f 1592 1585 1584
f 1592 1593 1585
f 1593 1586 1585
f 1593 1594 1586
f 1594 1587 1586
f 1594 1595 1587
f 1595 1588 1587
f 1595 1596 1588
f 1596 1581 1588
f 1596 1589 1581
f 1597 1599 1600
f 1598 1632 1631
f 1597 1600 1601
f 1598 1633 1632
f 1597 1601 1602
f 1598 1634 1633
f 1597 1602 1603
f 1598 1635 1634
f 1597 1603 1604
f 1598 1636 1635
f 1597 1604 1605
f 1598 1637 1636
f 1597 1605 1606
f 1598 1638 1637
f 1597 1606 1599
f 1598 1631 1638
f 1607 1600 1599
f 1607 1608 1600
f 1608 1601 1600
f 1608 1609 1601
f 1609 1602 1601
f 1609 1610 1602
f 1610 1603 1602
f 1610 1611 1603
f 1611 1604 1603
f 1611 1612 1604
f 1612 1605 1604
f 1612 1613 1605
f 1613 1606 1605
f 1613 1614 1606
f 1614 1599 1606
f 1614 1607 1599
f 1615 1608 1607
f 1615 1616 1608
f 1616 1609 1608
f 1616 1617 1609
f 1617 1610 1609
f 1617 1618 1610
f 1618 1611 1610
f 1618 1619 1611
f 1619 1612 1611
f 1619 1620 1612
f 1620 1613 1612
f 1620 1621 1613
f 1621 1614 1613
f 1621 1622 1614
f 1622 1607 1614
f 1622 1615 1607
f 1623 1616 1615
f 1623 1624 1616
f 1624 1617 1616
f 1624 1625 1617
f 1625 1618 1617
f 1625 1626 1618
f 1626 1619 1618
f 1626 1627 1619
f 1627 1620 1619
f 1627 1628 1620
f 1628 1621 1620
f 1628 1629 1621
f 1629 1622 1621
f 1629 1630 1622
f 1630 1615 1622
f 1630 1623 1615
f 1631 1624 1623
f 1631 1632 1624
f 1632 1625 1624
f 1632 1633 1625
f 1633 1626 1625
f 1633 1634 1626
f 1634 1627 1626
f 1634 1635 1627
f 1635 1628 1627
f 1635 1636 1628
f 1636 1629 1628
f 1636 1637 1629
f 1637 1630 1629
f 1637 1638 1630
f 1638 1623 1630
f 1638 1631 1623
f 1639 1641 1642
f 1640 1674 1673
f 1639 1642 1643
f 1640 1675 1674
f 1639 1643 1644
f 1640 1676 1675
f 1639 1644 1645
f 1640 1677 1676
f 1639 1645 1646
f 1640 1678 1677
f 1639 1646 1647
f 1640 1679 1678
f 1639 1647 1648
f 1640 1680 1679
f 1639 1648 1641
f 1640 1673 1680
f 1649 1642 1641
f 1649 1650 1642
f 1650 1643 1642
f 1650 1651 1643
f 1651 1644 1643
f 1651 1652 1644
f 1652 1645 1644
f 1652 1653 1645
f 1653 1646 1645
f 1653 1654 1646
f 1654 1647 1646
f 1654 1655 1647
f 1655 1648 1647
f 1655 1656 1648
f 1656 1641 1648
f 1656 1649 1641
f 1657 1650 1649
f 1657 1658 1650
f 1658 1651 1650
f 1658 1659 1651
f 1659 1652 1651
f 1659 1660 1652
f 1660 1653 1652
f 1660 1661 1653
f 1661 1654 1653
f 1661 1662 1654
f 1662 1655 1654
f 1662 1663 1655
f 1663 1656 1655
f 1663 1664 1656
f 1664 1649 1656
f 1664 1657 1649
f 1665 1658 1657
f 1665 1666 1658
f 1666 1659 1658
f 1666 1667 1659
f 1667 1660 1659
f 1667 1668 1660
f 1668 1661 1660
f 1668 1669 1661
f 1669 1662 1661
f 1669 1670 1662
f 1670 1663 1662
f 1670 1671 1663
f 1671 1664 1663
f 1671 1672 1664
f 1672 1657 1664
f 1672 1665 1657
f 1673 1666 1665
f 1673 1674 1666
f 1674 1667 1666
f 1674 1675 1667
f 1675 1668 1667
f 1675 1676 1668
f 1676 1669 1668
f 1676 1677 1669
f 1677 1670 1669
f 1677 1678 1670
f 1678 1671 1670
f 1678 1679 1671
f 1679 1672 1671
f 1679 1680 1672
f 1680 1665 1672
f 1680 1673 1665
f 1681 1683 1684
f 1682 1716 1715
f 1681 1684 1685
f 1682 1717 1716
f 1681 1685 1686
f 1682 1718 1717
f 1681 1686 1687
f 1682 1719 1718
f 1681 1687 1688
f 1682 1720 1719
f 1681 1688 1689
f 1682 1721 1720
f 1681 1689 1690
f 1682 1722 1721
f 1681 1690 1683
f 1682 1715 1722
f 1691 1684 1683
f 1691 1692 1684
f 1692 1685 1684
f 1692 1693 1685
f 1693 1686 1685
f 1693 1694 1686
f 1694 1687 1686
f 1694 1695 1687
f 1695 1688 1687
f 1695 1696 1688
f 1696 1689 1688
f 1696 1697 1689
f 1697 1690 1689
f 1697 1698 1690
f 1698 1683 1690
f 1698 1691 1683
f 1699 1692 1691
f 1699 1700 1692
f 1700 1693 1692
f 1700 1701 1693
f 1701 1694 1693
f 1701 1702 1694
f 1702 1695 1694
f 1702 1703 1695
f 1703 1696 1695
f 1703 1704 1696
f 1704 1697 1696
f 1704 1705 1697
f 1705 1698 1697
f 1705 1706 1698
f 1706 1691 1698
f 1706 1699 1691
f 1707 1700 1699
f 1707 1708 1700
f 1708 1701 1700
f 1708 1709 1701
f 1709 1702 1701
f 1709 1710 1702
f 1710 1703 1702
f 1710 1711 1703
f 1711 1704 1703
f 1711 1712 1704
f 1712 1705 1704
f 1712 1713 1705
f 1713 1706 1705
f 1713 1714 1706
f 1714 1699 1706
f 1714 1707 1699
f 1715 1708 1707
f 1715 1716 1708
f 1716 1709 1708
f 1716 1717 1709
f 1717 1710 1709
f 1717 1718 1710
f 1718 1711 1710
f 1718 1719 1711
f 1719 1712 1711
f 1719 1720 1712
f 1720 1713 1712
f 1720 1721 1713
f 1721 1714 1713
f 1721 1722 1714
f 1722 1707 1714
f 1722 1715 1707
f 1723 1725 1726
f 1724 1758 1757
f 1723 1726 1727
f 1724 1759 1758
f 1723 1727 1728
f 1724 1760 1759
f 1723 1728 1729
f 1724 1761 1760
f 1723 1729 1730
f 1724 1762 1761
f 1723 1730 1731
f 1724 1763 1762
f 1723 1731 1732
f 1724 1764 1763
f 1723 1732 1725
f 1724 1757 1764
f 1733 1726 1725
f 1733 1734 1726
f 1734 1727 1726
f 1734 1735 1727
f 1735 1728 1727
f 1735 1736 1728
f 1736 1729 1728
f 1736 1737 1729
f 1737 1730 1729
f 1737 1738 1730
f 1738 1731 1730
f 1738 1739 1731
f 1739 1732 1731
f 1739 1740 1732
f 1740 1725 1732
f 1740 1733 1725
f 1741 1734 1733
f 1741 1742 1734
f 1742 1735 1734
f 1742 1743 1735
f 1743 1736 1735
f 1743 1744 1736
f 1744 1737 1736
f 1744 1745 1737
f 1745 1738 1737
f 1745 1746 1738
f 1746 1739 1738
f 1746 1747 1739
f 1747 1740 1739
f 1747 1748 1740
f 1748 1733 1740
f 1748 1741 1733
f 1749 1742 1741
f 1749 1750 1742
f 1750 1743 1742
f 1750 1751 1743
f 1751 1744 1743
f 1751 1752 1744
f 1752 1745 1744
f 1752 1753 1745
f 1753 1746 1745
f 1753 1754 1746
f 1754 1747 1746
f 1754 1755 1747
f 1755 1748 1747
f 1755 1756 1748
f 1756 1741 1748
f 1756 1749 1741
f 1757 1750 1749
f 1757 1758 1750
f 1758 1751 1750
f 1758 1759 1751
f 1759 1752 1751
f 1759 1760 1752
f 1760 1753 1752
f 1760 1761 1753
f 1761 1754 1753
f 1761 1762 1754
f 1762 1755 1754
f 1762 1763 1755
f 1763 1756 1755
f 1763 1764 1756
f 1764 1749 1756
f 1764 1757 1749
f 1765 1767 1768
f 1766 1800 1799
f 1765 1768 1769
f 1766 1801 1800
f 1765 1769 1770
f 1766 1802 1801
f 1765 1770 1771
f 1766 1803 1802
f 1765 1771 1772
f 1766 1804 1803
f 1765 1772 1773
f 1766 1805 1804
f 1765 1773 1774
f 1766 1806 1805
f 1765 1774 1767
f 1766 1799 1806
f 1775 1768 1767
f 1775 1776 1768
f 1776 1769 1768
f 1776 1777 1769
f 1777 1770 1769
f 1777 1778 1770
f 1778 1771 1770
f 1778 1779 1771
f 1779 1772 1771
f 1779 1780 1772
f 1780 1773 1772
f 1780 1781 1773
f 1781 1774 1773
f 1781 1782 1774
f 1782 1767 1774
f 1782 1775 1767
f 1783 1776 1775
f 1783 1784 1776
f 1784 1777 1776
f 1784 1785 1777
f 1785 1778 1777
f 1785 1786 1778
f 1786 1779 1778
f 1786 1787 1779
f 1787 1780 1779
f 1787 1788 1780
f 1788 1781 1780
f 1788 1789 1781
f 1789 1782 1781
f 1789 1790 1782
f 1790 1775 1782
f 1790 1783 1775
f 1791 1784 1783
f 1791 1792 1784
f 1792 1785 1784
f 1792 1793 1785
f 1793 1786 1785
f 1793 1794 1786
f 1794 1787 1786
f 1794 1795 1787
f 1795 1788 1787
f 1795 1796 1788
f 1796 1789 1788
f 1796 1797 1789
f 1797 1790 1789
f 1797 1798 1790
f 1798 1783 1790
f 1798 1791 1783
f 1799 1792 1791
f 1799 1800 1792
f 1800 1793 1792
f 1800 1801 1793
f 1801 1794 1793
f 1801 1802 1794
f 1802 1795 1794
f 1802 1803 1795
f 1803 1796 1795
f 1803 1804 1796
f 1804 1797 1796
f 1804 1805 1797
f 1805 1798 1797
f 1805 1806 1798
f 1806 1791 1798
f 1806 1799 1791
f 1807 1809 1810
f 1808 1842 1841
f 1807 1810 1811
f 1808 1843 1842
f 1807 1811 1812
f 1808 1844 1843
f 1807 1812 1813
f 1808 1845 1844
f 1807 1813 1814
f 1808 1846 1845
f 1807 1814 1815
f 1808 1847 1846
f 1807 1815 1816
f 1808 1848 1847
f 1807 1816 1809
f 1808 1841 1848
f 1817 1810 1809
f 1817 1818 1810
f 1818 1811 1810
f 1818 1819 1811
f 1819 1812 1811
f 1819 1820 1812
f 1820 1813 1812
f 1820 1821 1813
f 1821 1814 1813
f 1821 1822 1814
f 1822 1815 1814
f 1822 1823 1815
f 1823 1816 1815
f 1823 1824 1816
f 1824 1809 1816
f 1824 1817 1809
f 1825 1818 1817
f 1825 1826 1818
f 1826 1819 1818
f 1826 1827 1819
f 1827 1820 1819
f 1827 1828 1820
f 1828 1821 1820
f 1828 1829 1821
f 1829 1822 1821
f 1829 1830 1822
f 1830 1823 1822
f 1830 1831 1823
f 1831 1824 1823
f 1831 1832 1824
f 1832 1817 1824
f 1832 1825 1817
f 1833 1826 1825
f 1833 1834 1826
f 1834 1827 1826
f 1834 1835 1827
f 1835 1828 1827
f 1835 1836 1828
f 1836 1829 1828
f 1836 1837 1829
f 1837 1830 1829
f 1837 1838 1830
f 1838 1831 1830
f 1838 1839 1831
f 1839 1832 1831
f 1839 1840 1832
f 1840 1825 1832
f 1840 1833 1825
f 1841 1834 1833
f 1841 1842 1834
f 1842 1835 1834
f 1842 1843 1835
f 1843 1836 1835
f 1843 1844 1836
f 1844 1837 1836
f 1844 1845 1837
f 1845 1838 1837
f 1845 1846 1838
f 1846 1839 1838
f 1846 1847 1839
f 1847 1840 1839
f 1847 1848 1840
f 1848 1833 1840
f 1848 1841 1833
f 1849 1851 1852
f 1850 1884 1883
f 1849 1852 1853
f 1850 1885 1884
f 1849 1853 1854
f 1850 1886 1885
f 1849 1854 1855
f 1850 1887 1886
f 1849 1855 1856
f 1850 1888 1887
f 1849 1856 1857
f 1850 1889 1888
f 1849 1857 1858
f 1850 1890 1889
f 1849 1858 1851
f 1850 1883 1890
f 1859 1852 1851
f 1859 1860 1852
f 1860 1853 1852
f 1860 1861 1853
f 1861 1854 1853
f 1861 1862 1854
f 1862 1855 1854
f 1862 1863 1855
f 1863 1856 1855
f 1863 1864 1856
f 1864 1857 1856
f 1864 1865 1857
f 1865 1858 1857
f 1865 1866 1858
f 1866 1851 1858
f 1866 1859 1851
f 1867 1860 1859
f 1867 1868 1860
f 1868 1861 1860
f 1868 1869 1861
f 1869 1862 1861
f 1869 1870 1862
f 1870 1863 1862
f 1870 1871 1863
f 1871 1864 1863
f 1871 1872 1864
f 1872 1865 1864
f 1872 1873 1865
f 1873 1866 1865
f 1873 1874 1866
f 1874 1859 1866
f 1874 1867 1859
f 1875 1868 1867
f 1875 1876 1868
f 1876 1869 1868
f 1876 1877 1869
f 1877 1870 1869
f 1877 1878 1870
f 1878 1871 1870
f 1878 1879 1871
f 1879 1872 1871
f 1879 1880 1872
f 1880 1873 1872
f 1880 1881 1873
f 1881 1874 1873
f 1881 1882 1874
f 1882 1867 1874
f 1882 1875 1867
f 1883 1876 1875
f 1883 1884 1876
f 1884 1877 1876
f 1884 1885 1877
f 1885 1878 1877
f 1885 1886 1878
f 1886 1879 1878
f 1886 1887 1879
f 1887 1880 1879
f 1887 1888 1880
f 1888 1881 1880
f 1888 1889 1881
f 1889 1882 1881
f 1889 1890 1882
f 1890 1875 1882
f 1890 1883 1875
f 1891 1893 1894
f 1892 1926 1925
f 1891 1894 1895
f 1892 1927 1926
f 1891 1895 1896
f 1892 1928 1927
f 1891 1896 1897
f 1892 1929 1928
f 1891 1897 1898
f 1892 1930 1929
f 1891 1898 1899
f 1892 1931 1930
f 1891 1899 1900
f 1892 1932 1931
f 1891 1900 1893
f 1892 1925 1932
f 1901 1894 1893
f 1901 1902 1894
f 1902 1895 1894
f 1902 1903 1895
f 1903 1896 1895
f 1903 1904 1896
f 1904 1897 1896
f 1904 1905 1897
f 1905 1898 1897
f 1905 1906 1898
f 1906 1899 1898
f 1906 1907 1899
f 1907 1900 1899
f 1907 1908 1900
f 1908 1893 1900
f 1908 1901 1893
f 1909 1902 1901
f 1909 1910 1902
f 1910 1903 1902
f 1910 1911 1903
f 1911 1904 1903
f 1911 1912 1904
f 1912 1905 1904
f 1912 1913 1905
f 1913 1906 1905
f 1913 1914 1906
f 1914 1907 1906
f 1914 1915 1907
f 1915 1908 1907
f 1915 1916 1908
f 1916 1901 1908
f 1916 1909 1901
f 1917 1910 1909
f 1917 1918 1910
f 1918 1911 1910
f 1918 1919 1911
f 1919 1912 1911
f 1919 1920 1912
f 1920 1913 1912
f 1920 1921 1913
f 1921 1914 1913
f 1921 1922 1914
f 1922 1915 1914
f 1922 1923 1915
f 1923 1916 1915
f 1923 1924 1916
f 1924 1909 1916
f 1924 1917 1909
f 1925 1918 1917
f 1925 1926 1918
f 1926 1919 1918
f 1926 1927 1919
f 1927 1920 1919
f 1927 1928 1920
f 1928 1921 1920
f 1928 1929 1921
f 1929 1922 1921
f 1929 1930 1922
f 1930 1923 1922
f 1930 1931 1923
f 1931 1924 1923
f 1931 1932 1924
f 1932 1917 1924
f 1932 1925 1917
f 1933 1935 1936
f 1934 1968 1967
f 1933 1936 1937
f 1934 1969 1968
f 1933 1937 1938
f 1934 1970 1969
f 1933 1938 1939
f 1934 1971 1970
f 1933 1939 1940
f 1934 1972 1971
f 1933 1940 1941
f 1934 1973 1972
f 1933 1941 1942
f 1934 1974 1973
f 1933 1942 1935
f 1934 1967 1974
f 1943 1936 1935
f 1943 1944 1936
f 1944 1937 1936
f 1944 1945 1937
f 1945 1938 1937
f 1945 1946 1938
f 1946 1939 1938
f 1946 1947 1939
f 1947 1940 1939
f 1947 1948 1940
f 1948 1941 1940
f 1948 1949 1941
f 1949 1942 1941
f 1949 1950 1942
f 1950 1935 1942
f 1950 1943 1935
f 1951 1944 1943
f 1951 1952 1944
f 1952 1945 1944
f 1952 1953 1945
f 1953 1946 1945
f 1953 1954 1946
f 1954 1947 1946
f 1954 1955 1947
f 1955 1948 1947
f 1955 1956 1948
f 1956 1949 1948
f 1956 1957 1949
f 1957 1950 1949
f 1957 1958 1950
f 1958 1943 1950
f 1958 1951 1943
f 1959 1952 1951
f 1959 1960 1952
f 1960 1953 1952
f 1960 1961 1953
f 1961 1954 1953
f 1961 1962 1954
f 1962 1955 1954
f 1962 1963 1955
f 1963 1956 1955
f 1963 1964 1956
f 1964 1957 1956
f 1964 1965 1957
f 1965 1958 1957
f 1965 1966 1958
f 1966 1951 1958
f 1966 1959 1951
f 1967 1960 1959
f 1967 1968 1960
f 1968 1961 1960
f 1968 1969 1961
f 1969 1962 1961
f 1969 1970 1962
f 1970 1963 1962
f 1970 1971 1963
f 1971 1964 1963
f 1971 1972 1964
f 1972 1965 1964
f 1972 1973 1965
f 1973 1966 1965
f 1973 1974 1966
f 1974 1959 1966
f 1974 1967 1959
f 1975 1977 1978
f 1976 2010 2009
f 1975 1978 1979
f 1976 2011 2010
f 1975 1979 1980
f 1976 2012 2011
f 1975 1980 1981
f 1976 2013 2012
f 1975 1981 1982
f 1976 2014 2013
f 1975 1982 1983
f 1976 2015 2014
f 1975 1983 1984
f 1976 2016 2015
f 1975 1984 1977
f 1976 2009 2016
f 1985 1978 1977
f 1985 1986 1978
f 1986 1979 1978
f 1986 1987 1979
f 1987 1980 1979
f 1987 1988 1980
f 1988 1981 1980
f 1988 1989 1981
f 1989 1982 1981
f 1989 1990 1982
f 1990 1983 1982
f 1990 1991 1983
f 1991 1984 1983
f 1991 1992 1984
f 1992 1977 1984
f 1992 1985 1977
f 1993 1986 1985
f 1993 1994 1986
f 1994 1987 1986
f 1994 1995 1987
f 1995 1988 1987
f 1995 1996 1988
f 1996 1989 1988
f 1996 1997 1989
f 1997 1990 1989
f 1997 1998 1990
f 1998 1991 1990
f 1998 1999 1991
f 1999 1992 1991
f 1999 2000 1992
f 2000 1985 1992
f 2000 1993 1985
f 2001 1994 1993
f 2001 2002 1994
f 2002 1995 1994
f 2002 2003 1995
f 2003 1996 1995
f 2003 2004 1996
f 2004 1997 1996
f 2004 2005 1997
f 2005 1998 1997
f 2005 2006 1998
f 2006 1999 1998
f 2006 2007 1999
f 2007 2000 1999
f 2007 2008 2000
f 2008 1993 2000
f 2008 2001 1993
f 2009 2002 2001
f 2009 2010 2002
f 2010 2003 2002
f 2010 2011 2003
f 2011 2004 2003
f 2011 2012 2004
f 2012 2005 2004
f 2012 2013 2005
f 2013 2006 2005
f 2013 2014 2006
f 2014 2007 2006
f 2014 2015 2007
f 2015 2008 2007
f 2015 2016 2008
f 2016 2001 2008
f 2016 2009 2001
f 2017 2019 2020
f 2018 2052 2051
f 2017 2020 2021
f 2018 2053 2052
f 2017 2021 2022
f 2018 2054 2053
f 2017 2022 2023
f 2018 2055 2054
f 2017 2023 2024
f 2018 2056 2055
f 2017 2024 2025
f 2018 2057 2056
f 2017 2025 2026
f 2018 2058 2057
f 2017 2026 2019
f 2018 2051 2058
f 2027 2020 2019
f 2027 2028 2020
f 2028 2021 2020
f 2028 2029 2021
f 2029 2022 2021
f 2029 2030 2022
f 2030 2023 2022
f 2030 2031 2023
f 2031 2024 2023
f 2031 2032 2024
f 2032 2025 2024
f 2032 2033 2025
f 2033 2026 2025
f 2033 2034 2026
f 2034 2019 2026
f 2034 2027 2019
f 2035 2028 2027
f 2035 2036 2028
f 2036 2029 2028
f 2036 2037 2029
f 2037 2030 2029
f 2037 2038 2030
f 2038 2031 2030
f 2038 2039 2031
f 2039 2032 2031
f 2039 2040 2032
f 2040 2033 2032
f 2040 2041 2033
f 2041 2034 2033
f 2041 2042 2034
f 2042 2027 2034
f 2042 2035 2027
f 2043 2036 2035
f 2043 2044 2036
f 2044 2037 2036
f 2044 2045 2037
f 2045 2038 2037
f 2045 2046 2038
f 2046 2039 2038
f 2046 2047 2039
f 2047 2040 2039
f 2047 2048 2040
f 2048 2041 2040
f 2048 2049 2041
f 2049 2042 2041
f 2049 2050 2042
f 2050 2035 2042
f 2050 2043 2035
f 2051 2044 2043
f 2051 2052 2044
f 2052 2045 2044
f 2052 2053 2045
f 2053 2046 2045
f 2053 2054 2046
f 2054 2047 2046
f 2054 2055 2047
f 2055 2048 2047
f 2055 2056 2048
f 2056 2049 2048
f 2056 2057 2049
f 2057 2050 2049
f 2057 2058 2050
f 2058 2043 2050
f 2058 2051 2043
f 2059 2061 2062
f 2060 2094 2093
f 2059 2062 2063
f 2060 2095 2094
f 2059 2063 2064
f 2060 2096 2095
f 2059 2064 2065
f 2060 2097 2096
f 2059 2065 2066
f 2060 2098 2097
f 2059 2066 2067
f 2060 2099 2098
f 2059 2067 2068
f 2060 2100 2099
f 2059 2068 2061
f 2060 2093 2100
f 2069 2062 2061
f 2069 2070 2062
f 2070 2063 2062
f 2070 2071 2063
f 2071 2064 2063
f 2071 2072 2064
f 2072 2065 2064
f 2072 2073 2065
f 2073 2066 2065
f 2073 2074 2066
f 2074 2067 2066
f 2074 2075 2067
f 2075 2068 2067
f 2075 2076 2068
f 2076 2061 2068
f 2076 2069 2061
f 2077 2070 2069
f 2077 2078 2070
f 2078 2071 2070
f 2078 2079 2071
f 2079 2072 2071
f 2079 2080 2072
f 2080 2073 2072
f 2080 2081 2073
f 2081 2074 2073
f 2081 2082 2074
f 2082 2075 2074
f 2082 2083 2075
f 2083 2076 2075
f 2083 2084 2076
f 2084 2069 2076
f 2084 2077 2069
f 2085 2078 2077
f 2085 2086 2078
f 2086 2079 2078
f 2086 2087 2079
f 2087 2080 2079
f 2087 2088 2080
f 2088 2081 2080
f 2088 2089 2081
f 2089 2082 2081
f 2089 2090 2082
f 2090 2083 2082
f 2090 2091 2083
f 2091 2084 2083
f 2091 2092 2084
f 2092 2077 2084
f 2092 2085 2077
f 2093 2086 2085
f 2093 2094 2086
f 2094 2087 2086
f 2094 2095 2087
f 2095 2088 2087
f 2095 2096 2088
f 2096 2089 2088
f 2096 2097 2089
f 2097 2090 2089
f 2097 2098 2090
f 2098 2091 2090
f 2098 2099 2091
f 2099 2092 2091
f 2099 2100 2092
f 2100 2085 2092
f 2100 2093 2085
f 2101 2103 2104
f 2102 2136 2135
f 2101 2104 2105
f 2102 2137 2136
f 2101 2105 2106
f 2102 2138 2137
f 2101 2106 2107
f 2102 2139 2138
f 2101 2107 2108
f 2102 2140 2139
f 2101 2108 2109
f 2102 2141 2140
f 2101 2109 2110
f 2102 2142 2141
f 2101 2110 2103
f 2102 2135 2142
f 2111 2104 2103
f 2111 2112 2104
f 2112 2105 2104
f 2112 2113 2105
f 2113 2106 2105
f 2113 2114 2106
f 2114 2107 2106
f 2114 2115 2107
f 2115 2108 2107
f 2115 2116 2108
f 2116 2109 2108
f 2116 2117 2109
f 2117 2110 2109
f 2117 2118 2110
f 2118 2103 2110
f 2118 2111 2103
f 2119 2112 2111
f 2119 2120 2112
f 2120 2113 2112
f 2120 2121 2113
f 2121 2114 2113
f 2121 2122 2114
f 2122 2115 2114
f 2122 2123 2115
f 2123 2116 2115
f 2123 2124 2116
f 2124 2117 2116
f 2124 2125 2117
f 2125 2118 2117
f 2125 2126 2118
f 2126 2111 2118
f 2126 2119 2111
f 2127 2120 2119
f 2127 2128 2120
f 2128 2121 2120
f 2128 2129 2121
f 2129 2122 2121
f 2129 2130 2122
f 2130 2123 2122
f 2130 2131 2123
f 2131 2124 2123
f 2131 2132 2124
f 2132 2125 2124
f 2132 2133 2125
f 2133 2126 2125
f 2133 2134 2126
f 2134 2119 2126
f 2134 2127 2119
f 2135 2128 2127
f 2135 2136 2128
f 2136 2129 2128
f 2136 2137 2129
f 2137 2130 2129
f 2137 2138 2130
f 2138 2131 2130
f 2138 2139 2131
f 2139 2132 2131
f 2139 2140 2132
f 2140 2133 2132
f 2140 2141 2133
f 2141 2134 2133
f 2141 2142 2134
f 2142 2127 2134
f 2142 2135 2127
f 2143 2145 2146
f 2144 2178 2177
f 2143 2146 2147
f 2144 2179 2178
f 2143 2147 2148
f 2144 2180 2179
f 2143 2148 2149
f 2144 2181 2180
f 2143 2149 2150
f 2144 2182 2181
f 2143 2150 2151
f 2144 2183 2182
f 2143 2151 2152
f 2144 2184 2183
f 2143 2152 2145
f 2144 2177 2184
f 2153 2146 2145
f 2153 2154 2146
f 2154 2147 2146
f 2154 2155 2147
f 2155 2148 2147
f 2155 2156 2148
f 2156 2149 2148
f 2156 2157 2149
f 2157 2150 2149
f 2157 2158 2150
f 2158 2151 2150
f 2158 2159 2151
f 2159 2152 2151
f 2159 2160 2152
f 2160 2145 2152
f 2160 2153 2145
f 2161 2154 2153
f 2161 2162 2154
f 2162 2155 2154
f 2162 2163 2155
f 2163 2156 2155
f 2163 2164 2156
f 2164 2157 2156
f 2164 2165 2157
f 2165 2158 2157
f 2165 2166 2158
f 2166 2159 2158
f 2166 2167 2159
f 2167 2160 2159
f 2167 2168 2160
f 2168 2153 2160
f 2168 2161 2153
f 2169 2162 2161
f 2169 2170 2162
f 2170 2163 2162
f 2170 2171 2163
f 2171 2164 2163
f 2171 2172 2164
f 2172 2165 2164
f 2172 2173 2165
f 2173 2166 2165
f 2173 2174 2166
f 2174 2167 2166
f 2174 2175 2167
f 2175 2168 2167
f 2175 2176 2168
f 2176 2161 2168
f 2176 2169 2161
f 2177 2170 2169
f 2177 2178 2170
f 2178 2171 2170
f 2178 2179 2171
f 2179 2172 2171
f 2179 2180 2172
f 2180 2173 2172
f 2180 2181 2173
f 2181 2174 2173
f 2181 2182 2174
f 2182 2175 2174
f 2182 2183 2175
f 2183 2176 2175
f 2183 2184 2176
f 2184 2169 2176
f 2184 2177 2169
f 2185 2187 2188
f 2186 2220 2219
f 2185 2188 2189
f 2186 2221 2220
f 2185 2189 2190
f 2186 2222 2221
f 2185 2190 2191
f 2186 2223 2222
f 2185 2191 2192
f 2186 2224 2223
f 2185 2192 2193
f 2186 2225 2224
f 2185 2193 2194
f 2186 2226 2225
f 2185 2194 2187
f 2186 2219 2226
f 2195 2188 2187
f 2195 2196 2188
f 2196 2189 2188
f 2196 2197 2189
f 2197 2190 2189
f 2197 2198 2190
f 2198 2191 2190
f 2198 2199 2191
f 2199 2192 2191
f 2199 2200 2192
f 2200 2193 2192
f 2200 2201 2193
f 2201 2194 2193
f 2201 2202 2194
f 2202 2187 2194
f 2202 2195 2187
f 2203 2196 2195
f 2203 2204 2196
f 2204 2197 2196
f 2204 2205 2197
f 2205 2198 2197
f 2205 2206 2198
f 2206 2199 2198
f 2206 2207 2199
f 2207 2200 2199
f 2207 2208 2200
f 2208 2201 2200
f 2208 2209 2201
f 2209 2202 2201
f 2209 2210 2202
f 2210 2195 2202
f 2210 2203 2195
f 2211 2204 2203
f 2211 2212 2204
f 2212 2205 2204
f 2212 2213 2205
f 2213 2206 2205
f 2213 2214 2206
f 2214 2207 2206
f 2214 2215 2207
f 2215 2208 2207
f 2215 2216 2208
f 2216 2209 2208
f 2216 2217 2209
f 2217 2210 2209
f 2217 2218 2210
f 2218 2203 2210
f 2218 2211 2203
f 2219 2212 2211
f 2219 2220 2212
f 2220 2213 2212
f 2220 2221 2213
f 2221 2214 2213
f 2221 2222 2214
f 2222 2215 2214
f 2222 2223 2215
f 2223 2216 2215
f 2223 2224 2216
f 2224 2217 2216
f 2224 2225 2217
f 2225 2218 2217
f 2225 2226 2218
f 2226 2211 2218
f 2226 2219 2211
f 2227 2229 2230
f 2228 2262 2261
f 2227 2230 2231
f 2228 2263 2262
f 2227 2231 2232
f 2228 2264 2263
f 2227 2232 2233
f 2228 2265 2264
f 2227 2233 2234
f 2228 2266 2265
f 2227 2234 2235
f 2228 2267 2266
f 2227 2235 2236
f 2228 2268 2267
f 2227 2236 2229
f 2228 2261 2268
f 2237 2230 2229
f 2237 2238 2230
f 2238 2231 2230
f 2238 2239 2231
f 2239 2232 2231
f 2239 2240 2232
f 2240 2233 2232
f 2240 2241 2233
f 2241 2234 2233
f 2241 2242 2234
f 2242 2235 2234
f 2242 2243 2235
f 2243 2236 2235
f 2243 2244 2236
f 2244 2229 2236
f 2244 2237 2229
f 2245 2238 2237
f 2245 2246 2238
f 2246 2239 2238
f 2246 2247 2239
f 2247 2240 2239
f 2247 2248 2240
f 2248 2241 2240
f 2248 2249 2241
f 2249 2242 2241
f 2249 2250 2242
f 2250 2243 2242
f 2250 2251 2243
f 2251 2244 2243
f 2251 2252 2244
f 2252 2237 2244
f 2252 2245 2237
f 2253 2246 2245
f 2253 2254 2246
f 2254 2247 2246
f 2254 2255 2247
f 2255 2248 2247
f 2255 2256 2248
f 2256 2249 2248
f 2256 2257 2249
f 2257 2250 2249
f 2257 2258 2250
f 2258 2251 2250
f 2258 2259 2251
f 2259 2252 2251
f 2259 2260 2252
f 2260 2245 2252
f 2260 2253 2245
f 2261 2254 2253
f 2261 2262 2254
f 2262 2255 2254
f 2262 2263 2255
f 2263 2256 2255
f 2263 2264 2256
f 2264 2257 2256
f 2264 2265 2257
f 2265 2258 2257
f 2265 2266 2258
f 2266 2259 2258
f 2266 2267 2259
f 2267 2260 2259
f 2267 2268 2260
f 2268 2253 2260
f 2268 2261 2253
f 2269 2271 2272
f 2270 2304 2303
f 2269 2272 2273
f 2270 2305 2304
f 2269 2273 2274
f 2270 2306 2305
f 2269 2274 2275
f 2270 2307 2306
f 2269 2275 2276
f 2270 2308 2307
f 2269 2276 2277
f 2270 2309 2308
f 2269 2277 2278
f 2270 2310 2309
f 2269 2278 2271
f 2270 2303 2310
f 2279 2272 2271
f 2279 2280 2272
f 2280 2273 2272
f 2280 2281 2273
f 2281 2274 2273
f 2281 2282 2274
f 2282 2275 2274
f 2282 2283 2275
f 2283 2276 2275
f 2283 2284 2276
f 2284 2277 2276
f 2284 2285 2277
f 2285 2278 2277
f 2285 2286 2278
f 2286 2271 2278
f 2286 2279 2271
f 2287 2280 2279
f 2287 2288 2280
f 2288 2281 2280
f 2288 2289 2281
f 2289 2282 2281
f 2289 2290 2282
f 2290 2283 2282
f 2290 2291 2283
f 2291 2284 2283
f 2291 2292 2284
f 2292 2285 2284
f 2292 2293 2285
f 2293 2286 2285
f 2293 2294 2286
f 2294 2279 2286
f 2294 2287 2279
f 2295 2288 2287
f 2295 2296 2288
f 2296 2289 2288
f 2296 2297 2289
f 2297 2290 2289
f 2297 2298 2290
f 2298 2291 2290
f 2298 2299 2291
f 2299 2292 2291
f 2299 2300 2292
f 2300 2293 2292
f 2300 2301 2293
f 2301 2294 2293
f 2301 2302 2294
f 2302 2287 2294
f 2302 2295 2287
f 2303 2296 2295
f 2303 2304 2296
f 2304 2297 2296
f 2304 2305 2297
f 2305 2298 2297
f 2305 2306 2298
f 2306 2299 2298
f 2306 2307 2299
f 2307 2300 2299
f 2307 2308 2300
f 2308 2301 2300
f 2308 2309 2301
f 2309 2302 2301
f 2309 2310 2302
f 2310 2295 2302
f 2310 2303 2295
f 2311 2313 2314
f 2312 2346 2345
f 2311 2314 2315
f 2312 2347 2346
f 2311 2315 2316
f 2312 2348 2347
f 2311 2316 2317
f 2312 2349 2348
f 2311 2317 2318
f 2312 2350 2349
f 2311 2318 2319
f 2312 2351 2350
f 2311 2319 2320
f 2312 2352 2351
f 2311 2320 2313
f 2312 2345 2352
f 2321 2314 2313
f 2321 2322 2314
f 2322 2315 2314
f 2322 2323 2315
f 2323 2316 2315
f 2323 2324 2316
f 2324 2317 2316
f 2324 2325 2317
f 2325 2318 2317
f 2325 2326 2318
f 2326 2319 2318
f 2326 2327 2319
f 2327 2320 2319
f 2327 2328 2320
f 2328 2313 2320
f 2328 2321 2313
f 2329 2322 2321
f 2329 2330 2322
f 2330 2323 2322
f 2330 2331 2323
f 2331 2324 2323
f 2331 2332 2324
f 2332 2325 2324
f 2332 2333 2325
f 2333 2326 2325
f 2333 2334 2326
f 2334 2327 2326
f 2334 2335 2327
f 2335 2328 2327
f 2335 2336 2328
f 2336 2321 2328
f 2336 2329 2321
f 2337 2330 2329
f 2337 2338 2330
f 2338 2331 2330
f 2338 2339 2331
f 2339 2332 2331
f 2339 2340 2332
f 2340 2333 2332
f 2340 2341 2333
f 2341 2334 2333
f 2341 2342 2334
f 2342 2335 2334
f 2342 2343 2335
f 2343 2336 2335
f 2343 2344 2336
f 2344 2329 2336
f 2344 2337 2329
f 2345 2338 2337
f 2345 2346 2338
f 2346 2339 2338
f 2346 2347 2339
f 2347 2340 2339
f 2347 2348 2340
f 2348 2341 2340
f 2348 2349 2341
f 2349 2342 2341
f 2349 2350 2342
f 2350 2343 2342
f 2350 2351 2343
f 2351 2344 2343
f 2351 2352 2344
f 2352 2337 2344
f 2352 2345 2337
f 2353 2355 2356
f 2354 2388 2387
f 2353 2356 2357
f 2354 2389 2388
f 2353 2357 2358
f 2354 2390 2389
f 2353 2358 2359
f 2354 2391 2390
f 2353 2359 2360
f 2354 2392 2391
f 2353 2360 2361
f 2354 2393 2392
f 2353 2361 2362
f 2354 2394 2393
f 2353 2362 2355
f 2354 2387 2394
f 2363 2356 2355
f 2363 2364 2356
f 2364 2357 2356
f 2364 2365 2357
f 2365 2358 2357
f 2365 2366 2358
f 2366 2359 2358
f 2366 2367 2359
f 2367 2360 2359
f 2367 2368 2360
f 2368 2361 2360
f 2368 2369 2361
f 2369 2362 2361
f 2369 2370 2362
f 2370 2355 2362
f 2370 2363 2355
f 2371 2364 2363
f 2371 2372 2364
f 2372 2365 2364
f 2372 2373 2365
f 2373 2366 2365
f 2373 2374 2366
f 2374 2367 2366
f 2374 2375 2367
f 2375 2368 2367
f 2375 2376 2368
f 2376 2369 2368
f 2376 2377 2369
f 2377 2370 2369
f 2377 2378 2370
f 2378 2363 2370
f 2378 2371 2363
f 2379 2372 2371
f 2379 2380 2372
f 2380 2373 2372
f 2380 2381 2373
f 2381 2374 2373
f 2381 2382 2374
f 2382 2375 2374
f 2382 2383 2375
f 2383 2376 2375
f 2383 2384 2376
f 2384 2377 2376
f 2384 2385 2377
f 2385 2378 2377
f 2385 2386 2378
f 2386 2371 2378
f 2386 2379 2371
f 2387 2380 2379
f 2387 2388 2380
f 2388 2381 2380
f 2388 2389 2381
f 2389 2382 2381
f 2389 2390 2382
f 2390 2383 2382
f 2390 2391 2383
f 2391 2384 2383
f 2391 2392 2384
f 2392 2385 2384
f 2392 2393 2385
f 2393 2386 2385
f 2393 2394 2386
f 2394 2379 2386
f 2394 2387 2379
f 2395 2397 2398
f 2396 2430 2429
f 2395 2398 2399
f 2396 2431 2430
f 2395 2399 2400
f 2396 2432 2431
f 2395 2400 2401
f 2396 2433 2432
f 2395 2401 2402
f 2396 2434 2433
f 2395 2402 2403
f 2396 2435 2434
f 2395 2403 2404
f 2396 2436 2435
f 2395 2404 2397
f 2396 2429 2436
f 2405 2398 2397
f 2405 2406 2398
f 2406 2399 2398
f 2406 2407 2399
f 2407 2400 2399
f 2407 2408 2400
f 2408 2401 2400
f 2408 2409 2401
f 2409 2402 2401
f 2409 2410 2402
f 2410 2403 2402
f 2410 2411 2403
f 2411 2404 2403
f 2411 2412 2404
f 2412 2397 2404
f 2412 2405 2397
f 2413 2406 2405
f 2413 2414 2406
f 2414 2407 2406
f 2414 2415 2407
f 2415 2408 2407
f 2415 2416 2408
f 2416 2409 2408
f 2416 2417 2409
f 2417 2410 2409
f 2417 2418 2410
f 2418 2411 2410
f 2418 2419 2411
f 2419 2412 2411
f 2419 2420 2412
f 2420 2405 2412
f 2420 2413 2405
f 2421 2414 2413
f 2421 2422 2414
f 2422 2415 2414
f 2422 2423 2415
f 2423 2416 2415
f 2423 2424 2416
f 2424 2417 2416
f 2424 2425 2417
f 2425 2418 2417
f 2425 2426 2418
f 2426 2419 2418
f 2426 2427 2419
f 2427 2420 2419
f 2427 2428 2420
f 2428 2413 2420
f 2428 2421 2413
f 2429 2422 2421
f 2429 2430 2422
f 2430 2423 2422
f 2430 2431 2423
f 2431 2424 2423
f 2431 2432 2424
f 2432 2425 2424
f 2432 2433 2425
f 2433 2426 2425
f 2433 2434 2426
f 2434 2427 2426
f 2434 2435 2427
f 2435 2428 2427
f 2435 2436 2428
f 2436 2421 2428
f 2436 2429 2421
f 2437 2439 2440
f 2438 2472 2471
f 2437 2440 2441
f 2438 2473 2472
f 2437 2441 2442
f 2438 2474 2473
f 2437 2442 2443
f 2438 2475 2474
f 2437 2443 2444
f 2438 2476 2475
f 2437 2444 2445
f 2438 2477 2476
f 2437 2445 2446
f 2438 2478 2477
f 2437 2446 2439
f 2438 2471 2478
f 2447 2440 2439
f 2447 2448 2440
f 2448 2441 2440
f 2448 2449 2441
f 2449 2442 2441
f 2449 2450 2442
f 2450 2443 2442
f 2450 2451 2443
f 2451 2444 2443
f 2451 2452 2444
f 2452 2445 2444
f 2452 2453 2445
f 2453 2446 2445
f 2453 2454 2446
f 2454 2439 2446
f 2454 2447 2439
f 2455 2448 2447
f 2455 2456 2448
f 2456 2449 2448
f 2456 2457 2449
f 2457 2450 2449
f 2457 2458 2450
f 2458 2451 2450
f 2458 2459 2451
f 2459 2452 2451
f 2459 2460 2452
f 2460 2453 2452
f 2460 2461 2453
f 2461 2454 2453
f 2461 2462 2454
f 2462 2447 2454
f 2462 2455 2447
f 2463 2456 2455
f 2463 2464 2456
f 2464 2457 2456
f 2464 2465 2457
f 2465 2458 2457
f 2465 2466 2458
f 2466 2459 2458
f 2466 2467 2459
f 2467 2460 2459
f 2467 2468 2460
f 2468 2461 2460
f 2468 2469 2461
f 2469 2462 2461
f 2469 2470 2462
f 2470 2455 2462
f 2470 2463 2455
f 2471 2464 2463
f 2471 2472 2464
f 2472 2465 2464
f 2472 2473 2465
f 2473 2466 2465
f 2473 2474 2466
f 2474 2467 2466
f 2474 2475 2467
f 2475 2468 2467
f 2475 2476 2468
f 2476 2469 2468
f 2476 2477 2469
f 2477 2470 2469
f 2477 2478 2470
f 2478 2463 2470
f 2478 2471 2463
f 2479 2481 2482
f 2480 2514 2513
f 2479 2482 2483
f 2480 2515 2514
f 2479 2483 2484
f 2480 2516 2515
f 2479 2484 2485
f 2480 2517 2516
f 2479 2485 2486
f 2480 2518 2517
f 2479 2486 2487
f 2480 2519 2518
f 2479 2487 2488
f 2480 2520 2519
f 2479 2488 2481
f 2480 2513 2520
f 2489 2482 2481
f 2489 2490 2482
f 2490 2483 2482
f 2490 2491 2483
f 2491 2484 2483
f 2491 2492 2484
f 2492 2485 2484
f 2492 2493 2485
f 2493 2486 2485
f 2493 2494 2486
f 2494 2487 2486
f 2494 2495 2487
f 2495 2488 2487
f 2495 2496 2488
f 2496 2481 2488
f 2496 2489 2481
f 2497 2490 2489
f 2497 2498 2490
f 2498 2491 2490
f 2498 2499 2491
f 2499 2492 2491
f 2499 2500 2492
f 2500 2493 2492
f 2500 2501 2493
f 2501 2494 2493
f 2501 2502 2494
f 2502 2495 2494
f 2502 2503 2495
f 2503 2496 2495
f 2503 2504 2496
f 2504 2489 2496
f 2504 2497 2489
f 2505 2498 2497
f 2505 2506 2498
f 2506 2499 2498
f 2506 2507 2499
f 2507 2500 2499
f 2507 2508 2500
f 2508 2501 2500
f 2508 2509 2501
f 2509 2502 2501
f 2509 2510 2502
f 2510 2503 2502
f 2510 2511 2503
f 2511 2504 2503
f 2511 2512 2504
f 2512 2497 2504
f 2512 2505 2497
f 2513 2506 2505
f 2513 2514 2506
f 2514 2507 2506
f 2514 2515 2507
f 2515 2508 2507
f 2515 2516 2508
f 2516 2509 2508
f 2516 2517 2509
f 2517 2510 2509
f 2517 2518 2510
f 2518 2511 2510
f 2518 2519 2511
f 2519 2512 2511
f 2519 2520 2512
f 2520 2505 2512
f 2520 2513 2505
f 2521 2523 2524
f 2522 2556 2555
f 2521 2524 2525
f 2522 2557 2556
f 2521 2525 2526
f 2522 2558 2557
f 2521 2526 2527
f 2522 2559 2558
f 2521 2527 2528
f 2522 2560 2559
f 2521 2528 2529
f 2522 2561 2560
f 2521 2529 2530
f 2522 2562 2561
f 2521 2530 2523
f 2522 2555 2562
f 2531 2524 2523
f 2531 2532 2524
f 2532 2525 2524
f 2532 2533 2525
f 2533 2526 2525
f 2533 2534 2526
f 2534 2527 2526
f 2534 2535 2527
f 2535 2528 2527
f 2535 2536 2528
f 2536 2529 2528
f 2536 2537 2529
f 2537 2530 2529
f 2537 2538 2530
f 2538 2523 2530
f 2538 2531 2523
f 2539 2532 2531
f 2539 2540 2532
f 2540 2533 2532
f 2540 2541 2533
f 2541 2534 2533
f 2541 2542 2534
f 2542 2535 2534
f 2542 2543 2535
f 2543 2536 2535
f 2543 2544 2536
f 2544 2537 2536
f 2544 2545 2537
f 2545 2538 2537
f 2545 2546 2538
f 2546 2531 2538
f 2546 2539 2531
f 2547 2540 2539
f 2547 2548 2540
f 2548 2541 2540
f 2548 2549 2541
f 2549 2542 2541
f 2549 2550 2542
f 2550 2543 2542
f 2550 2551 2543
f 2551 2544 2543
f 2551 2552 2544
f 2552 2545 2544
f 2552 2553 2545
f 2553 2546 2545
f 2553 2554 2546
f 2554 2539 2546
f 2554 2547 2539
f 2555 2548 2547
f 2555 2556 2548
f 2556 2549 2548
f 2556 2557 2549
f 2557 2550 2549
f 2557 2558 2550
f 2558 2551 2550
f 2558 2559 2551
f 2559 2552 2551
f 2559 2560 2552
f 2560 2553 2552
f 2560 2561 2553
f 2561 2554 2553
f 2561 2562 2554
f 2562 2547 2554
f 2562 2555 2547
f 2563 2565 2566
f 2564 2598 2597
f 2563 2566 2567
f 2564 2599 2598
f 2563 2567 2568
f 2564 2600 2599
f 2563 2568 2569
f 2564 2601 2600
f 2563 2569 2570
f 2564 2602 2601
f 2563 2570 2571
f 2564 2603 2602
f 2563 2571 2572
f 2564 2604 2603
f 2563 2572 2565
f 2564 2597 2604
f 2573 2566 2565
f 2573 2574 2566
f 2574 2567 2566
f 2574 2575 2567
f 2575 2568 2567
f 2575 2576 2568
f 2576 2569 2568
f 2576 2577 2569
f 2577 2570 2569
f 2577 2578 2570
f 2578 2571 2570
f 2578 2579 2571
f 2579 2572 2571
f 2579 2580 2572
f 2580 2565 2572
f 2580 2573 2565
f 2581 2574 2573
f 2581 2582 2574
f 2582 2575 2574
f 2582 2583 2575
f 2583 2576 2575
f 2583 2584 2576
f 2584 2577 2576
f 2584 2585 2577
f 2585 2578 2577
f 2585 2586 2578
f 2586 2579 2578
f 2586 2587 2579
f 2587 2580 2579
f 2587 2588 2580
f 2588 2573 2580
f 2588 2581 2573
f 2589 2582 2581
f 2589 2590 2582
f 2590 2583 2582
f 2590 2591 2583
f 2591 2584 2583
f 2591 2592 2584
f 2592 2585 2584
f 2592 2593 2585
f 2593 2586 2585
f 2593 2594 2586
f 2594 2587 2586
f 2594 2595 2587
f 2595 2588 2587
f 2595 2596 2588
f 2596 2581 2588
f 2596 2589 2581
f 2597 2590 2589
f 2597 2598 2590
f 2598 2591 2590
f 2598 2599 2591
f 2599 2592 2591
f 2599 2600 2592
f 2600 2593 2592
f 2600 2601 2593
f 2601 2594 2593
f 2601 2602 2594
f 2602 2595 2594
f 2602 2603 2595
f 2603 2596 2595
f 2603 2604 2596
f 2604 2589 2596
f 2604 2597 2589
f 2605 2607 2608
f 2606 2640 2639
f 2605 2608 2609
f 2606 2641 2640
f 2605 2609 2610
f 2606 2642 2641
f 2605 2610 2611
f 2606 2643 2642
f 2605 2611 2612
f 2606 2644 2643
f 2605 2612 2613
f 2606 2645 2644
f 2605 2613 2614
f 2606 2646 2645
f 2605 2614 2607
f 2606 2639 2646
f 2615 2608 2607
f 2615 2616 2608
f 2616 2609 2608
f 2616 2617 2609
f 2617 2610 2609
f 2617 2618 2610
f 2618 2611 2610
f 2618 2619 2611
f 2619 2612 2611
f 2619 2620 2612
f 2620 2613 2612
f 2620 2621 2613
f 2621 2614 2613
f 2621 2622 2614
f 2622 2607 2614
f 2622 2615 2607
f 2623 2616 2615
f 2623 2624 2616
f 2624 2617 2616
f 2624 2625 2617
f 2625 2618 2617
f 2625 2626 2618
f 2626 2619 2618
f 2626 2627 2619
f 2627 2620 2619
f 2627 2628 2620
f 2628 2621 2620
f 2628 2629 2621
f 2629 2622 2621
f 2629 2630 2622
f 2630 2615 2622
f 2630 2623 2615
f 2631 2624 2623
f 2631 2632 2624
f 2632 2625 2624
f 2632 2633 2625
f 2633 2626 2625
f 2633 2634 2626
f 2634 2627 2626
f 2634 2635 2627
f 2635 2628 2627
f 2635 2636 2628
f 2636 2629 2628
f 2636 2637 2629
f 2637 2630 2629
f 2637 2638 2630
f 2638 2623 2630
f 2638 2631 2623
f 2639 2632 2631
f 2639 2640 2632
f 2640 2633 2632
f 2640 2641 2633
f 2641 2634 2633
f 2641 2642 2634
f 2642 2635 2634
f 2642 2643 2635
f 2643 2636 2635
f 2643 2644 2636
f 2644 2637 2636
f 2644 2645 2637
f 2645 2638 2637
f 2645 2646 2638
f 2646 2631 2638
f 2646 2639 2631
f 2647 2649 2650
f 2648 2682 2681
f 2647 2650 2651
f 2648 2683 2682
f 2647 2651 2652
f 2648 2684 2683
f 2647 2652 2653
f 2648 2685 2684
f 2647 2653 2654
f 2648 2686 2685
f 2647 2654 2655
f 2648 2687 2686
f 2647 2655 2656
f 2648 2688 2687
f 2647 2656 2649
f 2648 2681 2688
f 2657 2650 2649
f 2657 2658 2650
f 2658 2651 2650
f 2658 2659 2651
f 2659 2652 2651
f 2659 2660 2652
f 2660 2653 2652
f 2660 2661 2653
f 2661 2654 2653
f 2661 2662 2654
f 2662 2655 2654
f 2662 2663 2655
f 2663 2656 2655
f 2663 2664 2656
f 2664 2649 2656
f 2664 2657 2649
f 2665 2658 2657
f 2665 2666 2658
f 2666 2659 2658
f 2666 2667 2659
f 2667 2660 2659
f 2667 2668 2660
f 2668 2661 2660
f 2668 2669 2661
f 2669 2662 2661
f 2669 2670 2662
f 2670 2663 2662
f 2670 2671 2663
f 2671 2664 2663
f 2671 2672 2664
f 2672 2657 2664
f 2672 2665 2657
f 2673 2666 2665
f 2673 2674 2666
f 2674 2667 2666
f 2674 2675 2667
f 2675 2668 2667
f 2675 2676 2668
f 2676 2669 2668
f 2676 2677 2669
f 2677 2670 2669
f 2677 2678 2670
f 2678 2671 2670
f 2678 2679 2671
f 2679 2672 2671
f 2679 2680 2672
f 2680 2665 2672
f 2680 2673 2665
f 2681 2674 2673
f 2681 2682 2674
f 2682 2675 2674
f 2682 2683 2675
f 2683 2676 2675
f 2683 2684 2676
f 2684 2677 2676
f 2684 2685 2677
f 2685 2678 2677
f 2685 2686 2678
f 2686 2679 2678
f 2686 2687 2679
f 2687 2680 2679
f 2687 2688 2680
f 2688 2673 2680
f 2688 2681 2673
f 2689 2691 2692
f 2690 2724 2723
f 2689 2692 2693
f 2690 2725 2724
f 2689 2693 2694
f 2690 2726 2725
f 2689 2694 2695
f 2690 2727 2726
f 2689 2695 2696
f 2690 2728 2727
f 2689 2696 2697
f 2690 2729 2728
f 2689 2697 2698
f 2690 2730 2729
f 2689 2698 2691
f 2690 2723 2730
f 2699 2692 2691
f 2699 2700 2692
f 2700 2693 2692
f 2700 2701 2693
f 2701 2694 2693
f 2701 2702 2694
f 2702 2695 2694
f 2702 2703 2695
f 2703 2696 2695
f 2703 2704 2696
f 2704 2697 2696
f 2704 2705 2697
f 2705 2698 2697
f 2705 2706 2698
f 2706 2691 2698
f 2706 2699 2691
f 2707 2700 2699
f 2707 2708 2700
f 2708 2701 2700
f 2708 2709 2701
f 2709 2702 2701
f 2709 2710 2702
f 2710 2703 2702
f 2710 2711 2703
f 2711 2704 2703
f 2711 2712 2704
f 2712 2705 2704
f 2712 2713 2705
f 2713 2706 2705
f 2713 2714 2706
f 2714 2699 2706
f 2714 2707 2699
f 2715 2708 2707
f 2715 2716 2708
f 2716 2709 2708
f 2716 2717 2709
f 2717 2710 2709
f 2717 2718 2710
f 2718 2711 2710
f 2718 2719 2711
f 2719 2712 2711
f 2719 2720 2712
f 2720 2713 2712
f 2720 2721 2713
f 2721 2714 2713
f 2721 2722 2714
f 2722 2707 2714
f 2722 2715 2707
f 2723 2716 2715
f 2723 2724 2716
f 2724 2717 2716
f 2724 2725 2717
f 2725 2718 2717
f 2725 2726 2718
f 2726 2719 2718
f 2726 2727 2719
f 2727 2720 2719
f 2727 2728 2720
f 2728 2721 2720
f 2728 2729 2721
f 2729 2722 2721
f 2729 2730 2722
f 2730 2715 2722
f 2730 2723 2715
f 2731 2733 2734
f 2732 2766 2765
f 2731 2734 2735
f 2732 2767 2766
f 2731 2735 2736
f 2732 2768 2767
f 2731 2736 2737
f 2732 2769 2768
f 2731 2737 2738
f 2732 2770 2769
f 2731 2738 2739
f 2732 2771 2770
f 2731 2739 2740
f 2732 2772 2771
f 2731 2740 2733
f 2732 2765 2772
f 2741 2734 2733
f 2741 2742 2734
f 2742 2735 2734
f 2742 2743 2735
f 2743 2736 2735
f 2743 2744 2736
f 2744 2737 2736
f 2744 2745 2737
f 2745 2738 2737
f 2745 2746 2738
f 2746 2739 2738
f 2746 2747 2739
f 2747 2740 2739
f 2747 2748 2740
f 2748 2733 2740
f 2748 2741 2733
f 2749 2742 2741
f 2749 2750 2742
f 2750 2743 2742
f 2750 2751 2743
f 2751 2744 2743
f 2751 2752 2744
f 2752 2745 2744
f 2752 2753 2745
f 2753 2746 2745
f 2753 2754 2746
f 2754 2747 2746
f 2754 2755 2747
f 2755 2748 2747
f 2755 2756 2748
f 2756 2741 2748
f 2756 2749 2741
f 2757 2750 2749
f 2757 2758 2750
f 2758 2751 2750
f 2758 2759 2751
f 2759 2752 2751
f 2759 2760 2752
f 2760 2753 2752
f 2760 2761 2753
f 2761 2754 2753
f 2761 2762 2754
f 2762 2755 2754
f 2762 2763 2755
f 2763 2756 2755
f 2763 2764 2756
f 2764 2749 2756
f 2764 2757 2749
f 2765 2758 2757
f 2765 2766 2758
f 2766 2759 2758
f 2766 2767 2759
f 2767 2760 2759
f 2767 2768 2760
f 2768 2761 2760
f 2768 2769 2761
f 2769 2762 2761
f 2769 2770 2762
f 2770 2763 2762
f 2770 2771 2763
f 2771 2764 2763
f 2771 2772 2764
f 2772 2757 2764
f 2772 2765 2757
f 2773 2775 2776
f 2774 2808 2807
f 2773 2776 2777
f 2774 2809 2808
f 2773 2777 2778
f 2774 2810 2809
f 2773 2778 2779
f 2774 2811 2810
f 2773 2779 2780
f 2774 2812 2811
f 2773 2780 2781
f 2774 2813 2812
f 2773 2781 2782
f 2774 2814 2813
f 2773 2782 2775
f 2774 2807 2814
f 2783 2776 2775
f 2783 2784 2776
f 2784 2777 2776
f 2784 2785 2777
f 2785 2778 2777
f 2785 2786 2778
f 2786 2779 2778
f 2786 2787 2779
f 2787 2780 2779
f 2787 2788 2780
f 2788 2781 2780
f 2788 2789 2781
f 2789 2782 2781
f 2789 2790 2782
f 2790 2775 2782
f 2790 2783 2775
f 2791 2784 2783
f 2791 2792 2784
f 2792 2785 2784
f 2792 2793 2785
f 2793 2786 2785
f 2793 2794 2786
f 2794 2787 2786
f 2794 2795 2787
f 2795 2788 2787
f 2795 2796 2788
f 2796 2789 2788
f 2796 2797 2789
f 2797 2790 2789
f 2797 2798 2790
f 2798 2783 2790
f 2798 2791 2783
f 2799 2792 2791
f 2799 2800 2792
f 2800 2793 2792
f 2800 2801 2793
f 2801 2794 2793
f 2801 2802 2794
f 2802 2795 2794
f 2802 2803 2795
f 2803 2796 2795
f 2803 2804 2796
f 2804 2797 2796
f 2804 2805 2797
f 2805 2798 2797
f 2805 2806 2798
f 2806 2791 2798
f 2806 2799 2791
f 2807 2800 2799
f 2807 2808 2800
f 2808 2801 2800
f 2808 2809 2801
f 2809 2802 2801
f 2809 2810 2802
f 2810 2803 2802
f 2810 2811 2803
f 2811 2804 2803
f 2811 2812 2804
f 2812 2805 2804
f 2812 2813 2805
f 2813 2806 2805
f 2813 2814 2806
f 2814 2799 2806
f 2814 2807 2799
f 2815 2817 2818
f 2816 2850 2849
f 2815 2818 2819
f 2816 2851 2850
f 2815 2819 2820
f 2816 2852 2851
f 2815 2820 2821
f 2816 2853 2852
f 2815 2821 2822
f 2816 2854 2853
f 2815 2822 2823
f 2816 2855 2854
f 2815 2823 2824
f 2816 2856 2855
f 2815 2824 2817
f 2816 2849 2856
f 2825 2818 2817
f 2825 2826 2818
f 2826 2819 2818
f 2826 2827 2819
f 2827 2820 2819
f 2827 2828 2820
f 2828 2821 2820
f 2828 2829 2821
f 2829 2822 2821
f 2829 2830 2822
f 2830 2823 2822
f 2830 2831 2823
f 2831 2824 2823
f 2831 2832 2824
f 2832 2817 2824
f 2832 2825 2817
f 2833 2826 2825
f 2833 2834 2826
f 2834 2827 2826
f 2834 2835 2827
f 2835 2828 2827
f 2835 2836 2828
f 2836 2829 2828
f 2836 2837 2829
f 2837 2830 2829
f 2837 2838 2830
f 2838 2831 2830
f 2838 2839 2831
f 2839 2832 2831
f 2839 2840 2832
f 2840 2825 2832
f 2840 2833 2825
f 2841 2834 2833
f 2841 2842 2834
f 2842 2835 2834
f 2842 2843 2835
f 2843 2836 2835
f 2843 2844 2836
f 2844 2837 2836
f 2844 2845 2837
f 2845 2838 2837
f 2845 2846 2838
f 2846 2839 2838
f 2846 2847 2839
f 2847 2840 2839
f 2847 2848 2840
f 2848 2833 2840
f 2848 2841 2833
f 2849 2842 2841
f 2849 2850 2842
f 2850 2843 2842
f 2850 2851 2843
f 2851 2844 2843
f 2851 2852 2844
f 2852 2845 2844
f 2852 2853 2845
f 2853 2846 2845
f 2853 2854 2846
f 2854 2847 2846
f 2854 2855 2847
f 2855 2848 2847
f 2855 2856 2848
f 2856 2841 2848
f 2856 2849 2841
f 2857 2859 2860
f 2858 2892 2891
f 2857 2860 2861
f 2858 2893 2892
f 2857 2861 2862
f 2858 2894 2893
f 2857 2862 2863
f 2858 2895 2894
f 2857 2863 2864
f 2858 2896 2895
f 2857 2864 2865
f 2858 2897 2896
f 2857 2865 2866
f 2858 2898 2897
f 2857 2866 2859
f 2858 2891 2898
f 2867 2860 2859
f 2867 2868 2860
f 2868 2861 2860
f 2868 2869 2861
f 2869 2862 2861
f 2869 2870 2862
f 2870 2863 2862
f 2870 2871 2863
f 2871 2864 2863
f 2871 2872 2864
f 2872 2865 2864
f 2872 2873 2865
f 2873 2866 2865
f 2873 2874 2866
f 2874 2859 2866
f 2874 2867 2859
f 2875 2868 2867
f 2875 2876 2868
f 2876 2869 2868
f 2876 2877 2869
f 2877 2870 2869
f 2877 2878 2870
f 2878 2871 2870
f 2878 2879 2871
f 2879 2872 2871
f 2879 2880 2872
f 2880 2873 2872
f 2880 2881 2873
f 2881 2874 2873
f 2881 2882 2874
f 2882 2867 2874
f 2882 2875 2867
f 2883 2876 2875
f 2883 2884 2876
f 2884 2877 2876
f 2884 2885 2877
f 2885 2878 2877
f 2885 2886 2878
f 2886 2879 2878
f 2886 2887 2879
f 2887 2880 2879
f 2887 2888 2880
f 2888 2881 2880
f 2888 2889 2881
f 2889 2882 2881
f 2889 2890 2882
f 2890 2875 2882
f 2890 2883 2875
f 2891 2884 2883
f 2891 2892 2884
f 2892 2885 2884
f 2892 2893 2885
f 2893 2886 2885
f 2893 2894 2886
f 2894 2887 2886
f 2894 2895 2887
f 2895 2888 2887
f 2895 2896 2888
f 2896 2889 2888
f 2896 2897 2889
f 2897 2890 2889
f 2897 2898 2890
f 2898 2883 2890
f 2898 2891 2883
f 2899 2901 2902
f 2900 2934 2933
f 2899 2902 2903
f 2900 2935 2934
f 2899 2903 2904
f 2900 2936 2935
f 2899 2904 2905
f 2900 2937 2936
f 2899 2905 2906
f 2900 2938 2937
f 2899 2906 2907
f 2900 2939 2938
f 2899 2907 2908
f 2900 2940 2939
f 2899 2908 2901
f 2900 2933 2940
f 2909 2902 2901
f 2909 2910 2902
f 2910 2903 2902
f 2910 2911 2903
f 2911 2904 2903
f 2911 2912 2904
f 2912 2905 2904
f 2912 2913 2905
f 2913 2906 2905
f 2913 2914 2906
f 2914 2907 2906
f 2914 2915 2907
f 2915 2908 2907
f 2915 2916 2908
f 2916 2901 2908
f 2916 2909 2901
f 2917 2910 2909
f 2917 2918 2910
f 2918 2911 2910
f 2918 2919 2911
f 2919 2912 2911
f 2919 2920 2912
f 2920 2913 2912
f 2920 2921 2913
f 2921 2914 2913
f 2921 2922 2914
f 2922 2915 2914
f 2922 2923 2915
f 2923 2916 2915
f 2923 2924 2916
f 2924 2909 2916
f 2924 2917 2909
f 2925 2918 2917
f 2925 2926 2918
f 2926 2919 2918
f 2926 2927 2919
f 2927 2920 2919
f 2927 2928 2920
f 2928 2921 2920
f 2928 2929 2921
f 2929 2922 2921
f 2929 2930 2922
f 2930 2923 2922
f 2930 2931 2923
f 2931 2924 2923
f 2931 2932 2924
f 2932 2917 2924
f 2932 2925 2917
f 2933 2926 2925
f 2933 2934 2926
f 2934 2927 2926
f 2934 2935 2927
f 2935 2928 2927
f 2935 2936 2928
f 2936 2929 2928
f 2936 2937 2929
f 2937 2930 2929
f 2937 2938 2930
f 2938 2931 2930
f 2938 2939 2931
f 2939 2932 2931
f 2939 2940 2932
f 2940 2925 2932
f 2940 2933 2925
f 2941 2943 2944
f 2942 2976 2975
f 2941 2944 2945
f 2942 2977 2976
f 2941 2945 2946
f 2942 2978 2977
f 2941 2946 2947
f 2942 2979 2978
f 2941 2947 2948
f 2942 2980 2979
f 2941 2948 2949
f 2942 2981 2980
f 2941 2949 2950
f 2942 2982 2981
f 2941 2950 2943
f 2942 2975 2982
f 2951 2944 2943
f 2951 2952 2944
f 2952 2945 2944
f 2952 2953 2945
f 2953 2946 2945
f 2953 2954 2946
f 2954 2947 2946
f 2954 2955 2947
f 2955 2948 2947
f 2955 2956 2948
f 2956 2949 2948
f 2956 2957 2949
f 2957 2950 2949
f 2957 2958 2950
f 2958 2943 2950
f 2958 2951 2943
f 2959 2952 2951
f 2959 2960 2952
f 2960 2953 2952
f 2960 2961 2953
f 2961 2954 2953
f 2961 2962 2954
f 2962 2955 2954
f 2962 2963 2955
f 2963 2956 2955
f 2963 2964 2956
f 2964 2957 2956
f 2964 2965 2957
f 2965 2958 2957
f 2965 2966 2958
f 2966 2951 2958
f 2966 2959 2951
f 2967 2960 2959
f 2967 2968 2960
f 2968 2961 2960
f 2968 2969 2961
f 2969 2962 2961
f 2969 2970 2962
f 2970 2963 2962
f 2970 2971 2963
f 2971 2964 2963
f 2971 2972 2964
f 2972 2965 2964
f 2972 2973 2965
f 2973 2966 2965
f 2973 2974 2966
f 2974 2959 2966
f 2974 2967 2959
f 2975 2968 2967
f 2975 2976 2968
f 2976 2969 2968
f 2976 2977 2969
f 2977 2970 2969
f 2977 2978 2970
f 2978 2971 2970
f 2978 2979 2971
f 2979 2972 2971
f 2979 2980 2972
f 2980 2973 2972
f 2980 2981 2973
f 2981 2974 2973
f 2981 2982 2974
f 2982 2967 2974
f 2982 2975 2967
f 2983 2985 2986
f 2984 3018 3017
f 2983 2986 2987
f 2984 3019 3018
f 2983 2987 2988
f 2984 3020 3019
f 2983 2988 2989
f 2984 3021 3020
f 2983 2989 2990
f 2984 3022 3021
f 2983 2990 2991
f 2984 3023 3022
f 2983 2991 2992
f 2984 3024 3023
f 2983 2992 2985
f 2984 3017 3024
f 2993 2986 2985
f 2993 2994 2986
f 2994 2987 2986
f 2994 2995 2987
f 2995 2988 2987
f 2995 2996 2988
f 2996 2989 2988
f 2996 2997 2989
f 2997 2990 2989
f 2997 2998 2990
f 2998 2991 2990
f 2998 2999 2991
f 2999 2992 2991
f 2999 3000 2992
f 3000 2985 2992
f 3000 2993 2985
f 3001 2994 2993
f 3001 3002 2994
f 3002 2995 2994
f 3002 3003 2995
f 3003 2996 2995
f 3003 3004 2996
f 3004 2997 2996
f 3004 3005 2997
f 3005 2998 2997
f 3005 3006 2998
f 3006 2999 2998
f 3006 3007 2999
f 3007 3000 2999
f 3007 3008 3000
f 3008 2993 3000
f 3008 3001 2993
f 3009 3002 3001
f 3009 3010 3002
f 3010 3003 3002
f 3010 3011 3003
f 3011 3004 3003
f 3011 3012 3004
f 3012 3005 3004
f 3012 3013 3005
f 3013 3006 3005
f 3013 3014 3006
f 3014 3007 3006
f 3014 3015 3007
f 3015 3008 3007
f 3015 3016 3008
f 3016 3001 3008
f 3016 3009 3001
f 3017 3010 3009
f 3017 3018 3010
f 3018 3011 3010
f 3018 3019 3011
f 3019 3012 3011
f 3019 3020 3012
f 3020 3013 3012
f 3020 3021 3013
f 3021 3014 3013
f 3021 3022 3014
f 3022 3015 3014
f 3022 3023 3015
f 3023 3016 3015
f 3023 3024 3016
f 3024 3009 3016
f 3024 3017 3009
f 3025 3027 3028
f 3026 3060 3059
f 3025 3028 3029
f 3026 3061 3060
f 3025 3029 3030
f 3026 3062 3061
f 3025 3030 3031
f 3026 3063 3062
f 3025 3031 3032
f 3026 3064 3063
f 3025 3032 3033
f 3026 3065 3064
f 3025 3033 3034
f 3026 3066 3065
f 3025 3034 3027
f 3026 3059 3066
f 3035 3028 3027
f 3035 3036 3028
f 3036 3029 3028
f 3036 3037 3029
f 3037 3030 3029
f 3037 3038 3030
f 3038 3031 3030
f 3038 3039 3031
f 3039 3032 3031
f 3039 3040 3032
f 3040 3033 3032
f 3040 3041 3033
f 3041 3034 3033
f 3041 3042 3034
f 3042 3027 3034
f 3042 3035 3027
f 3043 3036 3035
f 3043 3044 3036
f 3044 3037 3036
f 3044 3045 3037
f 3045 3038 3037
f 3045 3046 3038
f 3046 3039 3038
f 3046 3047 3039
f 3047 3040 3039
f 3047 3048 3040
f 3048 3041 3040
f 3048 3049 3041
f 3049 3042 3041
f 3049 3050 3042
f 3050 3035 3042
f 3050 3043 3035
f 3051 3044 3043
f 3051 3052 3044
f 3052 3045 3044
f 3052 3053 3045
f 3053 3046 3045
f 3053 3054 3046
f 3054 3047 3046
f 3054 3055 3047
f 3055 3048 3047
f 3055 3056 3048
f 3056 3049 3048
f 3056 3057 3049
f 3057 3050 3049
f 3057 3058 3050
f 3058 3043 3050
f 3058 3051 3043
f 3059 3052 3051
f 3059 3060 3052
f 3060 3053 3052
f 3060 3061 3053
f 3061 3054 3053
f 3061 3062 3054
f 3062 3055 3054
f 3062 3063 3055
f 3063 3056 3055
f 3063 3064 3056
f 3064 3057 3056
f 3064 3065 3057
f 3065 3058 3057
f 3065 3066 3058
f 3066 3051 3058
f 3066 3059 3051
f 3067 3069 3070
f 3068 3102 3101
f 3067 3070 3071
f 3068 3103 3102
f 3067 3071 3072
f 3068 3104 3103
f 3067 3072 3073
f 3068 3105 3104
f 3067 3073 3074
f 3068 3106 3105
f 3067 3074 3075
f 3068 3107 3106
f 3067 3075 3076
f 3068 3108 3107
f 3067 3076 3069
f 3068 3101 3108
f 3077 3070 3069
f 3077 3078 3070
f 3078 3071 3070
f 3078 3079 3071
f 3079 3072 3071
f 3079 3080 3072
f 3080 3073 3072
f 3080 3081 3073
f 3081 3074 3073
f 3081 3082 3074
f 3082 3075 3074
f 3082 3083 3075
f 3083 3076 3075
f 3083 3084 3076
f 3084 3069 3076
f 3084 3077 3069
f 3085 3078 3077
f 3085 3086 3078
f 3086 3079 3078
f 3086 3087 3079
f 3087 3080 3079
f 3087 3088 3080
f 3088 3081 3080
f 3088 3089 3081
f 3089 3082 3081
f 3089 3090 3082
f 3090 3083 3082
f 3090 3091 3083
f 3091 3084 3083
f 3091 3092 3084
f 3092 3077 3084
f 3092 3085 3077
f 3093 3086 3085
f 3093 3094 3086
f 3094 3087 3086
f 3094 3095 3087
f 3095 3088 3087
f 3095 3096 3088
f 3096 3089 3088
f 3096 3097 3089
f 3097 3090 3089
f 3097 3098 3090
f 3098 3091 3090
f 3098 3099 3091
f 3099 3092 3091
f 3099 3100 3092
f 3100 3085 3092
f 3100 3093 3085
f 3101 3094 3093
f 3101 3102 3094
f 3102 3095 3094
f 3102 3103 3095
f 3103 3096 3095
f 3103 3104 3096
f 3104 3097 3096
f 3104 3105 3097
f 3105 3098 3097
f 3105 3106 3098
f 3106 3099 3098
f 3106 3107 3099
f 3107 3100 3099
f 3107 3108 3100
f 3108 3093 3100
f 3108 3101 3093
f 3109 3111 3112
f 3110 3144 3143
f 3109 3112 3113
f 3110 3145 3144
f 3109 3113 3114
f 3110 3146 3145
f 3109 3114 3115
f 3110 3147 3146
f 3109 3115 3116
f 3110 3148 3147
f 3109 3116 3117
f 3110 3149 3148
f 3109 3117 3118
f 3110 3150 3149
f 3109 3118 3111
f 3110 3143 3150
f 3119 3112 3111
f 3119 3120 3112
f 3120 3113 3112
f 3120 3121 3113
f 3121 3114 3113
f 3121 3122 3114
f 3122 3115 3114
f 3122 3123 3115
f 3123 3116 3115
f 3123 3124 3116
f 3124 3117 3116
f 3124 3125 3117
f 3125 3118 3117
f 3125 3126 3118
f 3126 3111 3118
f 3126 3119 3111
f 3127 3120 3119
f 3127 3128 3120
f 3128 3121 3120
f 3128 3129 3121
f 3129 3122 3121
f 3129 3130 3122
f 3130 3123 3122
f 3130 3131 3123
f 3131 3124 3123
f 3131 3132 3124
f 3132 3125 3124
f 3132 3133 3125
f 3133 3126 3125
f 3133 3134 3126
f 3134 3119 3126
f 3134 3127 3119
f 3135 3128 3127
f 3135 3136 3128
f 3136 3129 3128
f 3136 3137 3129
f 3137 3130 3129
f 3137 3138 3130
f 3138 3131 3130
f 3138 3139 3131
f 3139 3132 3131
f 3139 3140 3132
f 3140 3133 3132
f 3140 3141 3133
f 3141 3134 3133
f 3141 3142 3134
f 3142 3127 3134
f 3142 3135 3127
f 3143 3136 3135
f 3143 3144 3136
f 3144 3137 3136
f 3144 3145 3137
f 3145 3138 3137
f 3145 3146 3138
f 3146 3139 3138
f 3146 3147 3139
f 3147 3140 3139
f 3147 3148 3140
f 3148 3141 3140
f 3148 3149 3141
f 3149 3142 3141
f 3149 3150 3142
f 3150 3135 3142
f 3150 3143 3135
f 3151 3153 3154
f 3152 3186 3185
f 3151 3154 3155
f 3152 3187 3186
f 3151 3155 3156
f 3152 3188 3187
f 3151 3156 3157
f 3152 3189 3188
f 3151 3157 3158
f 3152 3190 3189
f 3151 3158 3159
f 3152 3191 3190
f 3151 3159 3160
f 3152 3192 3191
f 3151 3160 3153
f 3152 3185 3192
f 3161 3154 3153
f 3161 3162 3154
f 3162 3155 3154
f 3162 3163 3155
f 3163 3156 3155
f 3163 3164 3156
f 3164 3157 3156
f 3164 3165 3157
f 3165 3158 3157
f 3165 3166 3158
f 3166 3159 3158
f 3166 3167 3159
f 3167 3160 3159
f 3167 3168 3160
f 3168 3153 3160
f 3168 3161 3153
f 3169 3162 3161
f 3169 3170 3162
f 3170 3163 3162
f 3170 3171 3163
f 3171 3164 3163
f 3171 3172 3164
f 3172 3165 3164
f 3172 3173 3165
f 3173 3166 3165
f 3173 3174 3166
f 3174 3167 3166
f 3174 3175 3167
f 3175 3168 3167
f 3175 3176 3168
f 3176 3161 3168
f 3176 3169 3161
f 3177 3170 3169
f 3177 3178 3170
f 3178 3171 3170
f 3178 3179 3171
f 3179 3172 3171
f 3179 3180 3172
f 3180 3173 3172
f 3180 3181 3173
f 3181 3174 3173
f 3181 3182 3174
f 3182 3175 3174
f 3182 3183 3175
f 3183 3176 3175
f 3183 3184 3176
f 3184 3169 3176
f 3184 3177 3169
f 3185 3178 3177
f 3185 3186 3178
f 3186 3179 3178
f 3186 3187 3179
f 3187 3180 3179
f 3187 3188 3180
f 3188 3181 3180
f 3188 3189 3181
f 3189 3182 3181
f 3189 3190 3182
f 3190 3183 3182
f 3190 3191 3183
f 3191 3184 3183
f 3191 3192 3184
f 3192 3177 3184
f 3192 3185 3177
f 3193 3195 3196
f 3194 3228 3227
f 3193 3196 3197
f 3194 3229 3228
f 3193 3197 3198
f 3194 3230 3229
f 3193 3198 3199
f 3194 3231 3230
f 3193 3199 3200
f 3194 3232 3231
f 3193 3200 3201
f 3194 3233 3232
f 3193 3201 3202
f 3194 3234 3233
f 3193 3202 3195
f 3194 3227 3234
f 3203 3196 3195
f 3203 3204 3196
f 3204 3197 3196
f 3204 3205 3197
f 3205 3198 3197
f 3205 3206 3198
f 3206 3199 3198
f 3206 3207 3199
f 3207 3200 3199
f 3207 3208 3200
f 3208 3201 3200
f 3208 3209 3201
f 3209 3202 3201
f 3209 3210 3202
f 3210 3195 3202
f 3210 3203 3195
f 3211 3204 3203
f 3211 3212 3204
f 3212 3205 3204
f 3212 3213 3205
f 3213 3206 3205
f 3213 3214 3206
f 3214 3207 3206
f 3214 3215 3207
f 3215 3208 3207
f 3215 3216 3208
f 3216 3209 3208
f 3216 3217 3209
f 3217 3210 3209
f 3217 3218 3210
f 3218 3203 3210
f 3218 3211 3203
f 3219 3212 3211
f 3219 3220 3212
f 3220 3213 3212
f 3220 3221 3213
f 3221 3214 3213
f 3221 3222 3214
f 3222 3215 3214
f 3222 3223 3215
f 3223 3216 3215
f 3223 3224 3216
f 3224 3217 3216
f 3224 3225 3217
f 3225 3218 3217
f 3225 3226 3218
f 3226 3211 3218
f 3226 3219 3211
f 3227 3220 3219
f 3227 3228 3220
f 3228 3221 3220
f 3228 3229 3221
f 3229 3222 3221
f 3229 3230 3222
f 3230 3223 3222
f 3230 3231 3223
f 3231 3224 3223
f 3231 3232 3224
f 3232 3225 3224
f 3232 3233 3225
f 3233 3226 3225
f 3233 3234 3226
f 3234 3219 3226
f 3234 3227 3219
f 3235 3237 3238
f 3236 3270 3269
f 3235 3238 3239
f 3236 3271 3270
f 3235 3239 3240
f 3236 3272 3271
f 3235 3240 3241
f 3236 3273 3272
f 3235 3241 3242
f 3236 3274 3273
f 3235 3242 3243
f 3236 3275 3274
f 3235 3243 3244
f 3236 3276 3275
f 3235 3244 3237
f 3236 3269 3276
f 3245 3238 3237
f 3245 3246 3238
f 3246 3239 3238
f 3246 3247 3239
f 3247 3240 3239
f 3247 3248 3240
f 3248 3241 3240
f 3248 3249 3241
f 3249 3242 3241
f 3249 3250 3242
f 3250 3243 3242
f 3250 3251 3243
f 3251 3244 3243
f 3251 3252 3244
f 3252 3237 3244
f 3252 3245 3237
f 3253 3246 3245
f 3253 3254 3246
f 3254 3247 3246
f 3254 3255 3247
f 3255 3248 3247
f 3255 3256 3248
f 3256 3249 3248
f 3256 3257 3249
f 3257 3250 3249
f 3257 3258 3250
f 3258 3251 3250
f 3258 3259 3251
f 3259 3252 3251
f 3259 3260 3252
f 3260 3245 3252
f 3260 3253 3245
f 3261 3254 3253
f 3261 3262 3254
f 3262 3255 3254
f 3262 3263 3255
f 3263 3256 3255
f 3263 3264 3256
f 3264 3257 3256
f 3264 3265 3257
f 3265 3258 3257
f 3265 3266 3258
f 3266 3259 3258
f 3266 3267 3259
f 3267 3260 3259
f 3267 3268 3260
f 3268 3253 3260
f 3268 3261 3253
f 3269 3262 3261
f 3269 3270 3262
f 3270 3263 3262
f 3270 3271 3263
f 3271 3264 3263
f 3271 3272 3264
f 3272 3265 3264
f 3272 3273 3265
f 3273 3266 3265
f 3273 3274 3266
f 3274 3267 3266
f 3274 3275 3267
f 3275 3268 3267
f 3275 3276 3268
f 3276 3261 3268
f 3276 3269 3261
f 3277 3279 3280
f 3278 3312 3311
f 3277 3280 3281
f 3278 3313 3312
f 3277 3281 3282
f 3278 3314 3313
f 3277 3282 3283
f 3278 3315 3314
f 3277 3283 3284
f 3278 3316 3315
f 3277 3284 3285
f 3278 3317 3316
f 3277 3285 3286
f 3278 3318 3317
f 3277 3286 3279
f 3278 3311 3318
f 3287 3280 3279
f 3287 3288 3280
f 3288 3281 3280
f 3288 3289 3281
f 3289 3282 3281
f 3289 3290 3282
f 3290 3283 3282
f 3290 3291 3283
f 3291 3284 3283
f 3291 3292 3284
f 3292 3285 3284
f 3292 3293 3285
f 3293 3286 3285
f 3293 3294 3286
f 3294 3279 3286
f 3294 3287 3279
f 3295 3288 3287
f 3295 3296 3288
f 3296 3289 3288
f 3296 3297 3289
f 3297 3290 3289
f 3297 3298 3290
f 3298 3291 3290
f 3298 3299 3291
f 3299 3292 3291
f 3299 3300 3292
f 3300 3293 3292
f 3300 3301 3293
f 3301 3294 3293
f 3301 3302 3294
f 3302 3287 3294
f 3302 3295 3287
f 3303 3296 3295
f 3303 3304 3296
f 3304 3297 3296
f 3304 3305 3297
f 3305 3298 3297
f 3305 3306 3298
f 3306 3299 3298
f 3306 3307 3299
f 3307 3300 3299
f 3307 3308 3300
f 3308 3301 3300
f 3308 3309 3301
f 3309 3302 3301
f 3309 3310 3302
f 3310 3295 3302
f 3310 3303 3295
f 3311 3304 3303
f 3311 3312 3304
f 3312 3305 3304
f 3312 3313 3305
f 3313 3306 3305
f 3313 3314 3306
f 3314 3307 3306
f 3314 3315 3307
f 3315 3308 3307
f 3315 3316 3308
f 3316 3309 3308
f 3316 3317 3309
f 3317 3310 3309
f 3317 3318 3310
f 3318 3303 3310
f 3318 3311 3303
f 3319 3321 3322
f 3320 3354 3353
f 3319 3322 3323
f 3320 3355 3354
f 3319 3323 3324
f 3320 3356 3355
f 3319 3324 3325
f 3320 3357 3356
f 3319 3325 3326
f 3320 3358 3357
f 3319 3326 3327
f 3320 3359 3358
f 3319 3327 3328
f 3320 3360 3359
f 3319 3328 3321
f 3320 3353 3360
f 3329 3322 3321
f 3329 3330 3322
f 3330 3323 3322
f 3330 3331 3323
f 3331 3324 3323
f 3331 3332 3324
f 3332 3325 3324
f 3332 3333 3325
f 3333 3326 3325
f 3333 3334 3326
f 3334 3327 3326
f 3334 3335 3327
f 3335 3328 3327
f 3335 3336 3328
f 3336 3321 3328
f 3336 3329 3321
f 3337 3330 3329
f 3337 3338 3330
f 3338 3331 3330
f 3338 3339 3331
f 3339 3332 3331
f 3339 3340 3332
f 3340 3333 3332
f 3340 3341 3333
f 3341 3334 3333
f 3341 3342 3334
f 3342 3335 3334
f 3342 3343 3335
f 3343 3336 3335
f 3343 3344 3336
f 3344 3329 3336
f 3344 3337 3329
f 3345 3338 3337
f 3345 3346 3338
f 3346 3339 3338
f 3346 3347 3339
f 3347 3340 3339
f 3347 3348 3340
f 3348 3341 3340
f 3348 3349 3341
f 3349 3342 3341
f 3349 3350 3342
f 3350 3343 3342
f 3350 3351 3343
f 3351 3344 3343
f 3351 3352 3344
f 3352 3337 3344
f 3352 3345 3337
f 3353 3346 3345
f 3353 3354 3346
f 3354 3347 3346
f 3354 3355 3347
f 3355 3348 3347
f 3355 3356 3348
f 3356 3349 3348
f 3356 3357 3349
f 3357 3350 3349
f 3357 3358 3350
f 3358 3351 3350
f 3358 3359 3351
f 3359 3352 3351
f 3359 3360 3352
f 3360 3345 3352
f 3360 3353 3345
f 3361 3363 3364
f 3362 3396 3395
f 3361 3364 3365
f 3362 3397 3396
f 3361 3365 3366
f 3362 3398 3397
f 3361 3366 3367
f 3362 3399 3398
f 3361 3367 3368
f 3362 3400 3399
f 3361 3368 3369
f 3362 3401 3400
f 3361 3369 3370
f 3362 3402 3401
f 3361 3370 3363
f 3362 3395 3402
f 3371 3364 3363
f 3371 3372 3364
f 3372 3365 3364
f 3372 3373 3365
f 3373 3366 3365
f 3373 3374 3366
f 3374 3367 3366
f 3374 3375 3367
f 3375 3368 3367
f 3375 3376 3368
f 3376 3369 3368
f 3376 3377 3369
f 3377 3370 3369
f 3377 3378 3370
f 3378 3363 3370
f 3378 3371 3363
f 3379 3372 3371
f 3379 3380 3372
f 3380 3373 3372
f 3380 3381 3373
f 3381 3374 3373
f 3381 3382 3374
f 3382 3375 3374
f 3382 3383 3375
f 3383 3376 3375
f 3383 3384 3376
f 3384 3377 3376
f 3384 3385 3377
f 3385 3378 3377
f 3385 3386 3378
f 3386 3371 3378
f 3386 3379 3371
f 3387 3380 3379
f 3387 3388 3380
f 3388 3381 3380
f 3388 3389 3381
f 3389 3382 3381
f 3389 3390 3382
f 3390 3383 3382
f 3390 3391 3383
f 3391 3384 3383
f 3391 3392 3384
f 3392 3385 3384
f 3392 3393 3385
f 3393 3386 3385
f 3393 3394 3386
f 3394 3379 3386
f 3394 3387 3379
f 3395 3388 3387
f 3395 3396 3388
f 3396 3389 3388
f 3396 3397 3389
f 3397 3390 3389
f 3397 3398 3390
f 3398 3391 3390
f 3398 3399 3391
f 3399 3392 3391
f 3399 3400 3392
f 3400 3393 3392
f 3400 3401 3393
f 3401 3394 3393
f 3401 3402 3394
f 3402 3387 3394
f 3402 3395 3387
f 3403 3405 3406
f 3404 3438 3437
f 3403 3406 3407
f 3404 3439 3438
f 3403 3407 3408
f 3404 3440 3439
f 3403 3408 3409
f 3404 3441 3440
f 3403 3409 3410
f 3404 3442 3441
f 3403 3410 3411
f 3404 3443 3442
f 3403 3411 3412
f 3404 3444 3443
f 3403 3412 3405
f 3404 3437 3444
f 3413 3406 3405
f 3413 3414 3406
f 3414 3407 3406
f 3414 3415 3407
f 3415 3408 3407
f 3415 3416 3408
f 3416 3409 3408
f 3416 3417 3409
f 3417 3410 3409
f 3417 3418 3410
f 3418 3411 3410
f 3418 3419 3411
f 3419 3412 3411
f 3419 3420 3412
f 3420 3405 3412
f 3420 3413 3405
f 3421 3414 3413
f 3421 3422 3414
f 3422 3415 3414
f 3422 3423 3415
f 3423 3416 3415
f 3423 3424 3416
f 3424 3417 3416
f 3424 3425 3417
f 3425 3418 3417
f 3425 3426 3418
f 3426 3419 3418
f 3426 3427 3419
f 3427 3420 3419
f 3427 3428 3420
f 3428 3413 3420
f 3428 3421 3413
f 3429 3422 3421
f 3429 3430 3422
f 3430 3423 3422
f 3430 3431 3423
f 3431 3424 3423
f 3431 3432 3424
f 3432 3425 3424
f 3432 3433 3425
f 3433 3426 3425
f 3433 3434 3426
f 3434 3427 3426
f 3434 3435 3427
f 3435 3428 3427
f 3435 3436 3428
f 3436 3421 3428
f 3436 3429 3421
f 3437 3430 3429
f 3437 3438 3430
f 3438 3431 3430
f 3438 3439 3431
f 3439 3432 3431
f 3439 3440 3432
f 3440 3433 3432
f 3440 3441 3433
f 3441 3434 3433
f 3441 3442 3434
f 3442 3435 3434
f 3442 3443 3435
f 3443 3436 3435
f 3443 3444 3436
f 3444 3429 3436
f 3444 3437 3429
f 3445 3447 3448
f 3446 3480 3479
f 3445 3448 3449
f 3446 3481 3480
f 3445 3449 3450
f 3446 3482 3481
f 3445 3450 3451
f 3446 3483 3482
f 3445 3451 3452
f 3446 3484 3483
f 3445 3452 3453
f 3446 3485 3484
f 3445 3453 3454
f 3446 3486 3485
f 3445 3454 3447
f 3446 3479 3486
f 3455 3448 3447
f 3455 3456 3448
f 3456 3449 3448
f 3456 3457 3449
f 3457 3450 3449
f 3457 3458 3450
f 3458 3451 3450
f 3458 3459 3451
f 3459 3452 3451
f 3459 3460 3452
f 3460 3453 3452
f 3460 3461 3453
f 3461 3454 3453
f 3461 3462 3454
f 3462 3447 3454
f 3462 3455 3447
f 3463 3456 3455
f 3463 3464 3456
f 3464 3457 3456
f 3464 3465 3457
f 3465 3458 3457
f 3465 3466 3458
f 3466 3459 3458
f 3466 3467 3459
f 3467 3460 3459
f 3467 3468 3460
f 3468 3461 3460
f 3468 3469 3461
f 3469 3462 3461
f 3469 3470 3462
f 3470 3455 3462
f 3470 3463 3455
f 3471 3464 3463
f 3471 3472 3464
f 3472 3465 3464
f 3472 3473 3465
f 3473 3466 3465
f 3473 3474 3466
f 3474 3467 3466
f 3474 3475 3467
f 3475 3468 3467
f 3475 3476 3468
f 3476 3469 3468
f 3476 3477 3469
f 3477 3470 3469
f 3477 3478 3470
f 3478 3463 3470
f 3478 3471 3463
f 3479 3472 3471
f 3479 3480 3472
f 3480 3473 3472
f 3480 3481 3473
f 3481 3474 3473
f 3481 3482 3474
f 3482 3475 3474
f 3482 3483 3475
f 3483 3476 3475
f 3483 3484 3476
f 3484 3477 3476
f 3484 3485 3477
f 3485 3478 3477
f 3485 3486 3478
f 3486 3471 3478
f 3486 3479 3471
f 3487 3489 3490
f 3488 3522 3521
f 3487 3490 3491
f 3488 3523 3522
f 3487 3491 3492
f 3488 3524 3523
f 3487 3492 3493
f 3488 3525 3524
f 3487 3493 3494
f 3488 3526 3525
f 3487 3494 3495
f 3488 3527 3526
f 3487 3495 3496
f 3488 3528 3527
f 3487 3496 3489
f 3488 3521 3528
f 3497 3490 3489
f 3497 3498 3490
f 3498 3491 3490
f 3498 3499 3491
f 3499 3492 3491
f 3499 3500 3492
f 3500 3493 3492
f 3500 3501 3493
f 3501 3494 3493
f 3501 3502 3494
f 3502 3495 3494
f 3502 3503 3495
f 3503 3496 3495
f 3503 3504 3496
f 3504 3489 3496
f 3504 3497 3489
f 3505 3498 3497
f 3505 3506 3498
f 3506 3499 3498
f 3506 3507 3499
f 3507 3500 3499
f 3507 3508 3500
f 3508 3501 3500
f 3508 3509 3501
f 3509 3502 3501
f 3509 3510 3502
f 3510 3503 3502
f 3510 3511 3503
f 3511 3504 3503
f 3511 3512 3504
f 3512 3497 3504
f 3512 3505 3497
f 3513 3506 3505
f 3513 3514 3506
f 3514 3507 3506
f 3514 3515 3507
f 3515 3508 3507
f 3515 3516 3508
f 3516 3509 3508
f 3516 3517 3509
f 3517 3510 3509
f 3517 3518 3510
f 3518 3511 3510
f 3518 3519 3511
f 3519 3512 3511
f 3519 3520 3512
f 3520 3505 3512
f 3520 3513 3505
f 3521 3514 3513
f 3521 3522 3514
f 3522 3515 3514
f 3522 3523 3515
f 3523 3516 3515
f 3523 3524 3516
f 3524 3517 3516
f 3524 3525 3517
f 3525 3518 3517
f 3525 3526 3518
f 3526 3519 3518
f 3526 3527 3519
f 3527 3520 3519
f 3527 3528 3520
f 3528 3513 3520
f 3528 3521 3513
f 3529 3531 3532
f 3530 3564 3563
f 3529 3532 3533
f 3530 3565 3564
f 3529 3533 3534
f 3530 3566 3565
f 3529 3534 3535
f 3530 3567 3566
f 3529 3535 3536
f 3530 3568 3567
f 3529 3536 3537
f 3530 3569 3568
f 3529 3537 3538
f 3530 3570 3569
f 3529 3538 3531
f 3530 3563 3570
f 3539 3532 3531
f 3539 3540 3532
f 3540 3533 3532
f 3540 3541 3533
f 3541 3534 3533
f 3541 3542 3534
f 3542 3535 3534
f 3542 3543 3535
f 3543 3536 3535
f 3543 3544 3536
f 3544 3537 3536
f 3544 3545 3537
f 3545 3538 3537
f 3545 3546 3538
f 3546 3531 3538
f 3546 3539 3531
f 3547 3540 3539
f 3547 3548 3540
f 3548 3541 3540
f 3548 3549 3541
f 3549 3542 3541
f 3549 3550 3542
f 3550 3543 3542
f 3550 3551 3543
f 3551 3544 3543
f 3551 3552 3544
f 3552 3545 3544
f 3552 3553 3545
f 3553 3546 3545
f 3553 3554 3546
f 3554 3539 3546
f 3554 3547 3539
f 3555 3548 3547
f 3555 3556 3548
f 3556 3549 3548
f 3556 3557 3549
f 3557 3550 3549
f 3557 3558 3550
f 3558 3551 3550
f 3558 3559 3551
f 3559 3552 3551
f 3559 3560 3552
f 3560 3553 3552
f 3560 3561 3553
f 3561 3554 3553
f 3561 3562 3554
f 3562 3547 3554
f 3562 3555 3547
f 3563 3556 3555
f 3563 3564 3556
f 3564 3557 3556
f 3564 3565 3557
f 3565 3558 3557
f 3565 3566 3558
f 3566 3559 3558
f 3566 3567 3559
f 3567 3560 3559
f 3567 3568 3560
f 3568 3561 3560
f 3568 3569 3561
f 3569 3562 3561
f 3569 3570 3562
f 3570 3555 3562
f 3570 3563 3555
f 3571 3573 3574
f 3572 3606 3605
f 3571 3574 3575
f 3572 3607 3606
f 3571 3575 3576
f 3572 3608 3607
f 3571 3576 3577
f 3572 3609 3608
f 3571 3577 3578
f 3572 3610 3609
f 3571 3578 3579
f 3572 3611 3610
f 3571 3579 3580
f 3572 3612 3611
f 3571 3580 3573
f 3572 3605 3612
f 3581 3574 3573
f 3581 3582 3574
f 3582 3575 3574
f 3582 3583 3575
f 3583 3576 3575
f 3583 3584 3576
f 3584 3577 3576
f 3584 3585 3577
f 3585 3578 3577
f 3585 3586 3578
f 3586 3579 3578
f 3586 3587 3579
f 3587 3580 3579
f 3587 3588 3580
f 3588 3573 3580
f 3588 3581 3573
f 3589 3582 3581
f 3589 3590 3582
f 3590 3583 3582
f 3590 3591 3583
f 3591 3584 3583
f 3591 3592 3584
f 3592 3585 3584
f 3592 3593 3585
f 3593 3586 3585
f 3593 3594 3586
f 3594 3587 3586
f 3594 3595 3587
f 3595 3588 3587
f 3595 3596 3588
f 3596 3581 3588
f 3596 3589 3581
f 3597 3590 3589
f 3597 3598 3590
f 3598 3591 3590
f 3598 3599 3591
f 3599 3592 3591
f 3599 3600 3592
f 3600 3593 3592
f 3600 3601 3593
f 3601 3594 3593
f 3601 3602 3594
f 3602 3595 3594
f 3602 3603 3595
f 3603 3596 3595
f 3603 3604 3596
f 3604 3589 3596
f 3604 3597 3589
f 3605 3598 3597
f 3605 3606 3598
f 3606 3599 3598
f 3606 3607 3599
f 3607 3600 3599
f 3607 3608 3600
f 3608 3601 3600
f 3608 3609 3601
f 3609 3602 3601
f 3609 3610 3602
f 3610 3603 3602
f 3610 3611 3603
f 3611 3604 3603
f 3611 3612 3604
f 3612 3597 3604
f 3612 3605 3597
f 3613 3615 3616
f 3614 3648 3647
f 3613 3616 3617
f 3614 3649 3648
f 3613 3617 3618
f 3614 3650 3649
f 3613 3618 3619
f 3614 3651 3650
f 3613 3619 3620
f 3614 3652 3651
f 3613 3620 3621
f 3614 3653 3652
f 3613 3621 3622
f 3614 3654 3653
f 3613 3622 3615
f 3614 3647 3654
f 3623 3616 3615
f 3623 3624 3616
f 3624 3617 3616
f 3624 3625 3617
f 3625 3618 3617
f 3625 3626 3618
f 3626 3619 3618
f 3626 3627 3619
f 3627 3620 3619
f 3627 3628 3620
f 3628 3621 3620
f 3628 3629 3621
f 3629 3622 3621
f 3629 3630 3622
f 3630 3615 3622
f 3630 3623 3615
f 3631 3624 3623
f 3631 3632 3624
f 3632 3625 3624
f 3632 3633 3625
f 3633 3626 3625
f 3633 3634 3626
f 3634 3627 3626
f 3634 3635 3627
f 3635 3628 3627
f 3635 3636 3628
f 3636 3629 3628
f 3636 3637 3629
f 3637 3630 3629
f 3637 3638 3630
f 3638 3623 3630
f 3638 3631 3623
f 3639 3632 3631
f 3639 3640 3632
f 3640 3633 3632
f 3640 3641 3633
f 3641 3634 3633
f 3641 3642 3634
f 3642 3635 3634
f 3642 3643 3635
f 3643 3636 3635
f 3643 3644 3636
f 3644 3637 3636
f 3644 3645 3637
f 3645 3638 3637
f 3645 3646 3638
f 3646 3631 3638
f 3646 3639 3631
f 3647 3640 3639
f 3647 3648 3640
f 3648 3641 3640
f 3648 3649 3641
f 3649 3642 3641
f 3649 3650 3642
f 3650 3643 3642
f 3650 3651 3643
f 3651 3644 3643
f 3651 3652 3644
f 3652 3645 3644
f 3652 3653 3645
f 3653 3646 3645
f 3653 3654 3646
f 3654 3639 3646
f 3654 3647 3639
f 3655 3657 3658
f 3656 3690 3689
f 3655 3658 3659
f 3656 3691 3690
f 3655 3659 3660
f 3656 3692 3691
f 3655 3660 3661
f 3656 3693 3692
f 3655 3661 3662
f 3656 3694 3693
f 3655 3662 3663
f 3656 3695 3694
f 3655 3663 3664
f 3656 3696 3695
f 3655 3664 3657
f 3656 3689 3696
f 3665 3658 3657
f 3665 3666 3658
f 3666 3659 3658
f 3666 3667 3659
f 3667 3660 3659
f 3667 3668 3660
f 3668 3661 3660
f 3668 3669 3661
f 3669 3662 3661
f 3669 3670 3662
f 3670 3663 3662
f 3670 3671 3663
f 3671 3664 3663
f 3671 3672 3664
f 3672 3657 3664
f 3672 3665 3657
f 3673 3666 3665
f 3673 3674 3666
f 3674 3667 3666
f 3674 3675 3667
f 3675 3668 3667
f 3675 3676 3668
f 3676 3669 3668
f 3676 3677 3669
f 3677 3670 3669
f 3677 3678 3670
f 3678 3671 3670
f 3678 3679 3671
f 3679 3672 3671
f 3679 3680 3672
f 3680 3665 3672
f 3680 3673 3665
f 3681 3674 3673
f 3681 3682 3674
f 3682 3675 3674
f 3682 3683 3675
f 3683 3676 3675
f 3683 3684 3676
f 3684 3677 3676
f 3684 3685 3677
f 3685 3678 3677
f 3685 3686 3678
f 3686 3679 3678
f 3686 3687 3679
f 3687 3680 3679
f 3687 3688 3680
f 3688 3673 3680
f 3688 3681 3673
f 3689 3682 3681
f 3689 3690 3682
f 3690 3683 3682
f 3690 3691 3683
f 3691 3684 3683
f 3691 3692 3684
f 3692 3685 3684
f 3692 3693 3685
f 3693 3686 3685
f 3693 3694 3686
f 3694 3687 3686
f 3694 3695 3687
f 3695 3688 3687
f 3695 3696 3688
f 3696 3681 3688
f 3696 3689 3681
f 3697 3699 3700
f 3698 3732 3731
f 3697 3700 3701
f 3698 3733 3732
f 3697 3701 3702
f 3698 3734 3733
f 3697 3702 3703
f 3698 3735 3734
f 3697 3703 3704
f 3698 3736 3735
f 3697 3704 3705
f 3698 3737 3736
f 3697 3705 3706
f 3698 3738 3737
f 3697 3706 3699
f 3698 3731 3738
f 3707 3700 3699
f 3707 3708 3700
f 3708 3701 3700
f 3708 3709 3701
f 3709 3702 3701
f 3709 3710 3702
f 3710 3703 3702
f 3710 3711 3703
f 3711 3704 3703
f 3711 3712 3704
f 3712 3705 3704
f 3712 3713 3705
f 3713 3706 3705
f 3713 3714 3706
f 3714 3699 3706
f 3714 3707 3699
f 3715 3708 3707
f 3715 3716 3708
f 3716 3709 3708
f 3716 3717 3709
f 3717 3710 3709
f 3717 3718 3710
f 3718 3711 3710
f 3718 3719 3711
f 3719 3712 3711
f 3719 3720 3712
f 3720 3713 3712
f 3720 3721 3713
f 3721 3714 3713
f 3721 3722 3714
f 3722 3707 3714
f 3722 3715 3707
f 3723 3716 3715
f 3723 3724 3716
f 3724 3717 3716
f 3724 3725 3717
f 3725 3718 3717
f 3725 3726 3718
f 3726 3719 3718
f 3726 3727 3719
f 3727 3720 3719
f 3727 3728 3720
f 3728 3721 3720
f 3728 3729 3721
f 3729 3722 3721
f 3729 3730 3722
f 3730 3715 3722
f 3730 3723 3715
f 3731 3724 3723
f 3731 3732 3724
f 3732 3725 3724
f 3732 3733 3725
f 3733 3726 3725
f 3733 3734 3726
f 3734 3727 3726
f 3734 3735 3727
f 3735 3728 3727
f 3735 3736 3728
f 3736 3729 3728
f 3736 3737 3729
f 3737 3730 3729
f 3737 3738 3730
f 3738 3723 3730
f 3738 3731 3723
f 3739 3741 3742
f 3740 3774 3773
f 3739 3742 3743
f 3740 3775 3774
f 3739 3743 3744
f 3740 3776 3775
f 3739 3744 3745
f 3740 3777 3776
f 3739 3745 3746
f 3740 3778 3777
f 3739 3746 3747
f 3740 3779 3778
f 3739 3747 3748
f 3740 3780 3779
f 3739 3748 3741
f 3740 3773 3780
f 3749 3742 3741
f 3749 3750 3742
f 3750 3743 3742
f 3750 3751 3743
f 3751 3744 3743
f 3751 3752 3744
f 3752 3745 3744
f 3752 3753 3745
f 3753 3746 3745
f 3753 3754 3746
f 3754 3747 3746
f 3754 3755 3747
f 3755 3748 3747
f 3755 3756 3748
f 3756 3741 3748
f 3756 3749 3741
f 3757 3750 3749
f 3757 3758 3750
f 3758 3751 3750
f 3758 3759 3751
f 3759 3752 3751
f 3759 3760 3752
f 3760 3753 3752
f 3760 3761 3753
f 3761 3754 3753
f 3761 3762 3754
f 3762 3755 3754
f 3762 3763 3755
f 3763 3756 3755
f 3763 3764 3756
f 3764 3749 3756
f 3764 3757 3749
f 3765 3758 3757
f 3765 3766 3758
f 3766 3759 3758
f 3766 3767 3759
f 3767 3760 3759
f 3767 3768 3760
f 3768 3761 3760
f 3768 3769 3761
f 3769 3762 3761
f 3769 3770 3762
f 3770 3763 3762
f 3770 3771 3763
f 3771 3764 3763
f 3771 3772 3764
f 3772 3757 3764
f 3772 3765 3757
f 3773 3766 3765
f 3773 3774 3766
f 3774 3767 3766
f 3774 3775 3767
f 3775 3768 3767
f 3775 3776 3768
f 3776 3769 3768
f 3776 3777 3769
f 3777 3770 3769
f 3777 3778 3770
f 3778 3771 3770
f 3778 3779 3771
f 3779 3772 3771
f 3779 3780 3772
f 3780 3765 3772
f 3780 3773 3765
f 3781 3783 3784
f 3782 3816 3815
f 3781 3784 3785
f 3782 3817 3816
f 3781 3785 3786
f 3782 3818 3817
f 3781 3786 3787
f 3782 3819 3818
f 3781 3787 3788
f 3782 3820 3819
f 3781 3788 3789
f 3782 3821 3820
f 3781 3789 3790
f 3782 3822 3821
f 3781 3790 3783
f 3782 3815 3822
f 3791 3784 3783
f 3791 3792 3784
f 3792 3785 3784
f 3792 3793 3785
f 3793 3786 3785
f 3793 3794 3786
f 3794 3787 3786
f 3794 3795 3787
f 3795 3788 3787
f 3795 3796 3788
f 3796 3789 3788
f 3796 3797 3789
f 3797 3790 3789
f 3797 3798 3790
f 3798 3783 3790
f 3798 3791 3783
f 3799 3792 3791
f 3799 3800 3792
f 3800 3793 3792
f 3800 3801 3793
f 3801 3794 3793
f 3801 3802 3794
f 3802 3795 3794
f 3802 3803 3795
f 3803 3796 3795
f 3803 3804 3796
f 3804 3797 3796
f 3804 3805 3797
f 3805 3798 3797
f 3805 3806 3798
f 3806 3791 3798
f 3806 3799 3791
f 3807 3800 3799
f 3807 3808 3800
f 3808 3801 3800
f 3808 3809 3801
f 3809 3802 3801
f 3809 3810 3802
f 3810 3803 3802
f 3810 3811 3803
f 3811 3804 3803
f 3811 3812 3804
f 3812 3805 3804
f 3812 3813 3805
f 3813 3806 3805
f 3813 3814 3806
f 3814 3799 3806
f 3814 3807 3799
f 3815 3808 3807
f 3815 3816 3808
f 3816 3809 3808
f 3816 3817 3809
f 3817 3810 3809
f 3817 3818 3810
f 3818 3811 3810
f 3818 3819 3811
f 3819 3812 3811
f 3819 3820 3812
f 3820 3813 3812
f 3820 3821 3813
f 3821 3814 3813
f 3821 3822 3814
f 3822 3807 3814
f 3822 3815 3807
f 3823 3825 3826
f 3824 3858 3857
f 3823 3826 3827
f 3824 3859 3858
f 3823 3827 3828
f 3824 3860 3859
f 3823 3828 3829
f 3824 3861 3860
f 3823 3829 3830
f 3824 3862 3861
f 3823 3830 3831
f 3824 3863 3862
f 3823 3831 3832
f 3824 3864 3863
f 3823 3832 3825
f 3824 3857 3864
f 3833 3826 3825
f 3833 3834 3826
f 3834 3827 3826
f 3834 3835 3827
f 3835 3828 3827
f 3835 3836 3828
f 3836 3829 3828
f 3836 3837 3829
f 3837 3830 3829
f 3837 3838 3830
f 3838 3831 3830
f 3838 3839 3831
f 3839 3832 3831
f 3839 3840 3832
f 3840 3825 3832
f 3840 3833 3825
f 3841 3834 3833
f 3841 3842 3834
f 3842 3835 3834
f 3842 3843 3835
f 3843 3836 3835
f 3843 3844 3836
f 3844 3837 3836
f 3844 3845 3837
f 3845 3838 3837
f 3845 3846 3838
f 3846 3839 3838
f 3846 3847 3839
f 3847 3840 3839
f 3847 3848 3840
f 3848 3833 3840
f 3848 3841 3833
f 3849 3842 3841
f 3849 3850 3842
f 3850 3843 3842
f 3850 3851 3843
f 3851 3844 3843
f 3851 3852 3844
f 3852 3845 3844
f 3852 3853 3845
f 3853 3846 3845
f 3853 3854 3846
f 3854 3847 3846
f 3854 3855 3847
f 3855 3848 3847
f 3855 3856 3848
f 3856 3841 3848
f 3856 3849 3841
f 3857 3850 3849
f 3857 3858 3850
f 3858 3851 3850
f 3858 3859 3851
f 3859 3852 3851
f 3859 3860 3852
f 3860 3853 3852
f 3860 3861 3853
f 3861 3854 3853
f 3861 3862 3854
f 3862 3855 3854
f 3862 3863 3855
f 3863 3856 3855
f 3863 3864 3856
f 3864 3849 3856
f 3864 3857 3849
f 3865 3867 3868
f 3866 3900 3899
f 3865 3868 3869
f 3866 3901 3900
f 3865 3869 3870
f 3866 3902 3901
f 3865 3870 3871
f 3866 3903 3902
f 3865 3871 3872
f 3866 3904 3903
f 3865 3872 3873
f 3866 3905 3904
f 3865 3873 3874
f 3866 3906 3905
f 3865 3874 3867
f 3866 3899 3906
f 3875 3868 3867
f 3875 3876 3868
f 3876 3869 3868
f 3876 3877 3869
f 3877 3870 3869
f 3877 3878 3870
f 3878 3871 3870
f 3878 3879 3871
f 3879 3872 3871
f 3879 3880 3872
f 3880 3873 3872
f 3880 3881 3873
f 3881 3874 3873
f 3881 3882 3874
f 3882 3867 3874
f 3882 3875 3867
f 3883 3876 3875
f 3883 3884 3876
f 3884 3877 3876
f 3884 3885 3877
f 3885 3878 3877
f 3885 3886 3878
f 3886 3879 3878
f 3886 3887 3879
f 3887 3880 3879
f 3887 3888 3880
f 3888 3881 3880
f 3888 3889 3881
f 3889 3882 3881
f 3889 3890 3882
f 3890 3875 3882
f 3890 3883 3875
f 3891 3884 3883
f 3891 3892 3884
f 3892 3885 3884
f 3892 3893 3885
f 3893 3886 3885
f 3893 3894 3886
f 3894 3887 3886
f 3894 3895 3887
f 3895 3888 3887
f 3895 3896 3888
f 3896 3889 3888
f 3896 3897 3889
f 3897 3890 3889
f 3897 3898 3890
f 3898 3883 3890
f 3898 3891 3883
f 3899 3892 3891
f 3899 3900 3892
f 3900 3893 3892
f 3900 3901 3893
f 3901 3894 3893
f 3901 3902 3894
f 3902 3895 3894
f 3902 3903 3895
f 3903 3896 3895
f 3903 3904 3896
f 3904 3897 3896
f 3904 3905 3897
f 3905 3898 3897
f 3905 3906 3898
f 3906 3891 3898
f 3906 3899 3891
f 3907 3909 3910
f 3908 3942 3941
f 3907 3910 3911
f 3908 3943 3942
f 3907 3911 3912
f 3908 3944 3943
f 3907 3912 3913
f 3908 3945 3944
f 3907 3913 3914
f 3908 3946 3945
f 3907 3914 3915
f 3908 3947 3946
f 3907 3915 3916
f 3908 3948 3947
f 3907 3916 3909
f 3908 3941 3948
f 3917 3910 3909
f 3917 3918 3910
f 3918 3911 3910
f 3918 3919 3911
f 3919 3912 3911
f 3919 3920 3912
f 3920 3913 3912
f 3920 3921 3913
f 3921 3914 3913
f 3921 3922 3914
f 3922 3915 3914
f 3922 3923 3915
f 3923 3916 3915
f 3923 3924 3916
f 3924 3909 3916
f 3924 3917 3909
f 3925 3918 3917
f 3925 3926 3918
f 3926 3919 3918
f 3926 3927 3919
f 3927 3920 3919
f 3927 3928 3920
f 3928 3921 3920
f 3928 3929 3921
f 3929 3922 3921
f 3929 3930 3922
f 3930 3923 3922
f 3930 3931 3923
f 3931 3924 3923
f 3931 3932 3924
f 3932 3917 3924
f 3932 3925 3917
f 3933 3926 3925
f 3933 3934 3926
f 3934 3927 3926
f 3934 3935 3927
f 3935 3928 3927
f 3935 3936 3928
f 3936 3929 3928
f 3936 3937 3929
f 3937 3930 3929
f 3937 3938 3930
f 3938 3931 3930
f 3938 3939 3931
f 3939 3932 3931
f 3939 3940 3932
f 3940 3925 3932
f 3940 3933 3925
f 3941 3934 3933
f 3941 3942 3934
f 3942 3935 3934
f 3942 3943 3935
f 3943 3936 3935
f 3943 3944 3936
f 3944 3937 3936
f 3944 3945 3937
f 3945 3938 3937
f 3945 3946 3938
f 3946 3939 3938
f 3946 3947 3939
f 3947 3940 3939
f 3947 3948 3940
f 3948 3933 3940
f 3948 3941 3933
f 3949 3951 3952
f 3950 3984 3983
f 3949 3952 3953
f 3950 3985 3984
f 3949 3953 3954
f 3950 3986 3985
f 3949 3954 3955
f 3950 3987 3986
f 3949 3955 3956
f 3950 3988 3987
f 3949 3956 3957
f 3950 3989 3988
f 3949 3957 3958
f 3950 3990 3989
f 3949 3958 3951
f 3950 3983 3990
f 3959 3952 3951
f 3959 3960 3952
f 3960 3953 3952
f 3960 3961 3953
f 3961 3954 3953
f 3961 3962 3954
f 3962 3955 3954
f 3962 3963 3955
f 3963 3956 3955
f 3963 3964 3956
f 3964 3957 3956
f 3964 3965 3957
f 3965 3958 3957
f 3965 3966 3958
f 3966 3951 3958
f 3966 3959 3951
f 3967 3960 3959
f 3967 3968 3960
f 3968 3961 3960
f 3968 3969 3961
f 3969 3962 3961
f 3969 3970 3962
f 3970 3963 3962
f 3970 3971 3963
f 3971 3964 3963
f 3971 3972 3964
f 3972 3965 3964
f 3972 3973 3965
f 3973 3966 3965
f 3973 3974 3966
f 3974 3959 3966
f 3974 3967 3959
f 3975 3968 3967
f 3975 3976 3968
f 3976 3969 3968
f 3976 3977 3969
f 3977 3970 3969
f 3977 3978 3970
f 3978 3971 3970
f 3978 3979 3971
f 3979 3972 3971
f 3979 3980 3972
f 3980 3973 3972
f 3980 3981 3973
f 3981 3974 3973
f 3981 3982 3974
f 3982 3967 3974
f 3982 3975 3967
f 3983 3976 3975
f 3983 3984 3976
f 3984 3977 3976
f 3984 3985 3977
f 3985 3978 3977
f 3985 3986 3978
f 3986 3979 3978
f 3986 3987 3979
f 3987 3980 3979
f 3987 3988 3980
f 3988 3981 3980
f 3988 3989 3981
f 3989 3982 3981
f 3989 3990 3982
f 3990 3975 3982
f 3990 3983 3975
f 3991 3993 3994
f 3992 4026 4025
f 3991 3994 3995
f 3992 4027 4026
f 3991 3995 3996
f 3992 4028 4027
f 3991 3996 3997
f 3992 4029 4028
f 3991 3997 3998
f 3992 4030 4029
f 3991 3998 3999
f 3992 4031 4030
f 3991 3999 4000
f 3992 4032 4031
f 3991 4000 3993
f 3992 4025 4032
f 4001 3994 3993
f 4001 4002 3994
f 4002 3995 3994
f 4002 4003 3995
f 4003 3996 3995
f 4003 4004 3996
f 4004 3997 3996
f 4004 4005 3997
f 4005 3998 3997
f 4005 4006 3998
f 4006 3999 3998
f 4006 4007 3999
f 4007 4000 3999
f 4007 4008 4000
f 4008 3993 4000
f 4008 4001 3993
f 4009 4002 4001
f 4009 4010 4002
f 4010 4003 4002
f 4010 4011 4003
f 4011 4004 4003
f 4011 4012 4004
f 4012 4005 4004
f 4012 4013 4005
f 4013 4006 4005
f 4013 4014 4006
f 4014 4007 4006
f 4014 4015 4007
f 4015 4008 4007
f 4015 4016 4008
f 4016 4001 4008
f 4016 4009 4001
f 4017 4010 4009
f 4017 4018 4010
f 4018 4011 4010
f 4018 4019 4011
f 4019 4012 4011
f 4019 4020 4012
f 4020 4013 4012
f 4020 4021 4013
f 4021 4014 4013
f 4021 4022 4014
f 4022 4015 4014
f 4022 4023 4015
f 4023 4016 4015
f 4023 4024 4016
f 4024 4009 4016
f 4024 4017 4009
f 4025 4018 4017
f 4025 4026 4018
f 4026 4019 4018
f 4026 4027 4019
f 4027 4020 4019
f 4027 4028 4020
f 4028 4021 4020
f 4028 4029 4021
f 4029 4022 4021
f 4029 4030 4022
f 4030 4023 4022
f 4030 4031 4023
f 4031 4024 4023
f 4031 4032 4024
f 4032 4017 4024
f 4032 4025 4017
f 4033 4035 4036
f 4034 4068 4067
f 4033 4036 4037
f 4034 4069 4068
f 4033 4037 4038
f 4034 4070 4069
f 4033 4038 4039
f 4034 4071 4070
f 4033 4039 4040
f 4034 4072 4071
f 4033 4040 4041
f 4034 4073 4072
f 4033 4041 4042
f 4034 4074 4073
f 4033 4042 4035
f 4034 4067 4074
f 4043 4036 4035
f 4043 4044 4036
f 4044 4037 4036
f 4044 4045 4037
f 4045 4038 4037
f 4045 4046 4038
f 4046 4039 4038
f 4046 4047 4039
f 4047 4040 4039
f 4047 4048 4040
f 4048 4041 4040
f 4048 4049 4041
f 4049 4042 4041
f 4049 4050 4042
f 4050 4035 4042
f 4050 4043 4035
f 4051 4044 4043
f 4051 4052 4044
f 4052 4045 4044
f 4052 4053 4045
f 4053 4046 4045
f 4053 4054 4046
f 4054 4047 4046
f 4054 4055 4047
f 4055 4048 4047
f 4055 4056 4048
f 4056 4049 4048
f 4056 4057 4049
f 4057 4050 4049
f 4057 4058 4050
f 4058 4043 4050
f 4058 4051 4043
f 4059 4052 4051
f 4059 4060 4052
f 4060 4053 4052
f 4060 4061 4053
f 4061 4054 4053
f 4061 4062 4054
f 4062 4055 4054
f 4062 4063 4055
f 4063 4056 4055
f 4063 4064 4056
f 4064 4057 4056
f 4064 4065 4057
f 4065 4058 4057
f 4065 4066 4058
f 4066 4051 4058
f 4066 4059 4051
f 4067 4060 4059
f 4067 4068 4060
f 4068 4061 4060
f 4068 4069 4061
f 4069 4062 4061
f 4069 4070 4062
f 4070 4063 4062
f 4070 4071 4063
f 4071 4064 4063
f 4071 4072 4064
f 4072 4065 4064
f 4072 4073 4065
f 4073 4066 4065
f 4073 4074 4066
f 4074 4059 4066
f 4074 4067 4059
f 4075 4077 4078
f 4076 4110 4109
f 4075 4078 4079
f 4076 4111 4110
f 4075 4079 4080
f 4076 4112 4111
f 4075 4080 4081
f 4076 4113 4112
f 4075 4081 4082
f 4076 4114 4113
f 4075 4082 4083
f 4076 4115 4114
f 4075 4083 4084
f 4076 4116 4115
f 4075 4084 4077
f 4076 4109 4116
f 4085 4078 4077
f 4085 4086 4078
f 4086 4079 4078
f 4086 4087 4079
f 4087 4080 4079
f 4087 4088 4080
f 4088 4081 4080
f 4088 4089 4081
f 4089 4082 4081
f 4089 4090 4082
f 4090 4083 4082
f 4090 4091 4083
f 4091 4084 4083
f 4091 4092 4084
f 4092 4077 4084
f 4092 4085 4077
f 4093 4086 4085
f 4093 4094 4086
f 4094 4087 4086
f 4094 4095 4087
f 4095 4088 4087
f 4095 4096 4088
f 4096 4089 4088
f 4096 4097 4089
f 4097 4090 4089
f 4097 4098 4090
f 4098 4091 4090
f 4098 4099 4091
f 4099 4092 4091
f 4099 4100 4092
f 4100 4085 4092
f 4100 4093 4085
f 4101 4094 4093
f 4101 4102 4094
f 4102 4095 4094
f 4102 4103 4095
f 4103 4096 4095
f 4103 4104 4096
f 4104 4097 4096
f 4104 4105 4097
f 4105 4098 4097
f 4105 4106 4098
f 4106 4099 4098
f 4106 4107 4099
f 4107 4100 4099
f 4107 4108 4100
f 4108 4093 4100
f 4108 4101 4093
f 4109 4102 4101
f 4109 4110 4102
f 4110 4103 4102
f 4110 4111 4103
f 4111 4104 4103
f 4111 4112 4104
f 4112 4105 4104
f 4112 4113 4105
f 4113 4106 4105
f 4113 4114 4106
f 4114 4107 4106
f 4114 4115 4107
f 4115 4108 4107
f 4115 4116 4108
f 4116 4101 4108
f 4116 4109 4101
f 4117 4119 4120
f 4118 4152 4151
f 4117 4120 4121
f 4118 4153 4152
f 4117 4121 4122
f 4118 4154 4153
f 4117 4122 4123
f 4118 4155 4154
f 4117 4123 4124
f 4118 4156 4155
f 4117 4124 4125
f 4118 4157 4156
f 4117 4125 4126
f 4118 4158 4157
f 4117 4126 4119
f 4118 4151 4158
f 4127 4120 4119
f 4127 4128 4120
f 4128 4121 4120
f 4128 4129 4121
f 4129 4122 4121
f 4129 4130 4122
f 4130 4123 4122
f 4130 4131 4123
f 4131 4124 4123
f 4131 4132 4124
f 4132 4125 4124
f 4132 4133 4125
f 4133 4126 4125
f 4133 4134 4126
f 4134 4119 4126
f 4134 4127 4119
f 4135 4128 4127
f 4135 4136 4128
f 4136 4129 4128
f 4136 4137 4129
f 4137 4130 4129
f 4137 4138 4130
f 4138 4131 4130
f 4138 4139 4131
f 4139 4132 4131
f 4139 4140 4132
f 4140 4133 4132
f 4140 4141 4133
f 4141 4134 4133
f 4141 4142 4134
f 4142 4127 4134
f 4142 4135 4127
f 4143 4136 4135
f 4143 4144 4136
f 4144 4137 4136
f 4144 4145 4137
f 4145 4138 4137
f 4145 4146 4138
f 4146 4139 4138
f 4146 4147 4139
f 4147 4140 4139
f 4147 4148 4140
f 4148 4141 4140
f 4148 4149 4141
f 4149 4142 4141
f 4149 4150 4142
f 4150 4135 4142
f 4150 4143 4135
f 4151 4144 4143
f 4151 4152 4144
f 4152 4145 4144
f 4152 4153 4145
f 4153 4146 4145
f 4153 4154 4146
f 4154 4147 4146
f 4154 4155 4147
f 4155 4148 4147
f 4155 4156 4148
f 4156 4149 4148
f 4156 4157 4149
f 4157 4150 4149
f 4157 4158 4150
f 4158 4143 4150
f 4158 4151 4143
f 4159 4161 4162
f 4160 4194 4193
f 4159 4162 4163
f 4160 4195 4194
f 4159 4163 4164
f 4160 4196 4195
f 4159 4164 4165
f 4160 4197 4196
f 4159 4165 4166
f 4160 4198 4197
f 4159 4166 4167
f 4160 4199 4198
f 4159 4167 4168
f 4160 4200 4199
f 4159 4168 4161
f 4160 4193 4200
f 4169 4162 4161
f 4169 4170 4162
f 4170 4163 4162
f 4170 4171 4163
f 4171 4164 4163
f 4171 4172 4164
f 4172 4165 4164
f 4172 4173 4165
f 4173 4166 4165
f 4173 4174 4166
f 4174 4167 4166
f 4174 4175 4167
f 4175 4168 4167
f 4175 4176 4168
f 4176 4161 4168
f 4176 4169 4161
f 4177 4170 4169
f 4177 4178 4170
f 4178 4171 4170
f 4178 4179 4171
f 4179 4172 4171
f 4179 4180 4172
f 4180 4173 4172
f 4180 4181 4173
f 4181 4174 4173
f 4181 4182 4174
f 4182 4175 4174
f 4182 4183 4175
f 4183 4176 4175
f 4183 4184 4176
f 4184 4169 4176
f 4184 4177 4169
f 4185 4178 4177
f 4185 4186 4178
f 4186 4179 4178
f 4186 4187 4179
f 4187 4180 4179
f 4187 4188 4180
f 4188 4181 4180
f 4188 4189 4181
f 4189 4182 4181
f 4189 4190 4182
f 4190 4183 4182
f 4190 4191 4183
f 4191 4184 4183
f 4191 4192 4184
f 4192 4177 4184
f 4192 4185 4177
f 4193 4186 4185
f 4193 4194 4186
f 4194 4187 4186
f 4194 4195 4187
f 4195 4188 4187
f 4195 4196 4188
f 4196 4189 4188
f 4196 4197 4189
f 4197 4190 4189
f 4197 4198 4190
f 4198 4191 4190
f 4198 4199 4191
f 4199 4192 4191
f 4199 4200 4192
f 4200 4185 4192
f 4200 4193 4185
f 4201 4203 4204
f 4202 4236 4235
f 4201 4204 4205
f 4202 4237 4236
f 4201 4205 4206
f 4202 4238 4237
f 4201 4206 4207
f 4202 4239 4238
f 4201 4207 4208
f 4202 4240 4239
f 4201 4208 4209
f 4202 4241 4240
f 4201 4209 4210
f 4202 4242 4241
f 4201 4210 4203
f 4202 4235 4242
f 4211 4204 4203
f 4211 4212 4204
f 4212 4205 4204
f 4212 4213 4205
f 4213 4206 4205
f 4213 4214 4206
f 4214 4207 4206
f 4214 4215 4207
f 4215 4208 4207
f 4215 4216 4208
f 4216 4209 4208
f 4216 4217 4209
f 4217 4210 4209
f 4217 4218 4210
f 4218 4203 4210
f 4218 4211 4203
f 4219 4212 4211
f 4219 4220 4212
f 4220 4213 4212
f 4220 4221 4213
f 4221 4214 4213
f 4221 4222 4214
f 4222 4215 4214
f 4222 4223 4215
f 4223 4216 4215
f 4223 4224 4216
f 4224 4217 4216
f 4224 4225 4217
f 4225 4218 4217
f 4225 4226 4218
f 4226 4211 4218
f 4226 4219 4211
f 4227 4220 4219
f 4227 4228 4220
f 4228 4221 4220
f 4228 4229 4221
f 4229 4222 4221
f 4229 4230 4222
f 4230 4223 4222
f 4230 4231 4223
f 4231 4224 4223
f 4231 4232 4224
f 4232 4225 4224
f 4232 4233 4225
f 4233 4226 4225
f 4233 4234 4226
f 4234 4219 4226
f 4234 4227 4219
f 4235 4228 4227
f 4235 4236 4228
f 4236 4229 4228
f 4236 4237 4229
f 4237 4230 4229
f 4237 4238 4230
f 4238 4231 4230
f 4238 4239 4231
f 4239 4232 4231
f 4239 4240 4232
f 4240 4233 4232
f 4240 4241 4233
f 4241 4234 4233
f 4241 4242 4234
f 4242 4227 4234
f 4242 4235 4227
f 4243 4245 4246
f 4244 4278 4277
f 4243 4246 4247
f 4244 4279 4278
f 4243 4247 4248
f 4244 4280 4279
f 4243 4248 4249
f 4244 4281 4280
f 4243 4249 4250
f 4244 4282 4281
f 4243 4250 4251
f 4244 4283 4282
f 4243 4251 4252
f 4244 4284 4283
f 4243 4252 4245
f 4244 4277 4284
f 4253 4246 4245
f 4253 4254 4246
f 4254 4247 4246
f 4254 4255 4247
f 4255 4248 4247
f 4255 4256 4248
f 4256 4249 4248
f 4256 4257 4249
f 4257 4250 4249
f 4257 4258 4250
f 4258 4251 4250
f 4258 4259 4251
f 4259 4252 4251
f 4259 4260 4252
f 4260 4245 4252
f 4260 4253 4245
f 4261 4254 4253
f 4261 4262 4254
f 4262 4255 4254
f 4262 4263 4255
f 4263 4256 4255
f 4263 4264 4256
f 4264 4257 4256
f 4264 4265 4257
f 4265 4258 4257
f 4265 4266 4258
f 4266 4259 4258
f 4266 4267 4259
f 4267 4260 4259
f 4267 4268 4260
f 4268 4253 4260
f 4268 4261 4253
f 4269 4262 4261
f 4269 4270 4262
f 4270 4263 4262
f 4270 4271 4263
f 4271 4264 4263
f 4271 4272 4264
f 4272 4265 4264
f 4272 4273 4265
f 4273 4266 4265
f 4273 4274 4266
f 4274 4267 4266
f 4274 4275 4267
f 4275 4268 4267
f 4275 4276 4268
f 4276 4261 4268
f 4276 4269 4261
f 4277 4270 4269
f 4277 4278 4270
f 4278 4271 4270
f 4278 4279 4271
f 4279 4272 4271
f 4279 4280 4272
f 4280 4273 4272
f 4280 4281 4273
f 4281 4274 4273
f 4281 4282 4274
f 4282 4275 4274
f 4282 4283 4275
f 4283 4276 4275
f 4283 4284 4276
f 4284 4269 4276
f 4284 4277 4269
f 4285 4287 4288
f 4286 4320 4319
f 4285 4288 4289
f 4286 4321 4320
f 4285 4289 4290
f 4286 4322 4321
f 4285 4290 4291
f 4286 4323 4322
f 4285 4291 4292
f 4286 4324 4323
f 4285 4292 4293
f 4286 4325 4324
f 4285 4293 4294
f 4286 4326 4325
f 4285 4294 4287
f 4286 4319 4326
f 4295 4288 4287
f 4295 4296 4288
f 4296 4289 4288
f 4296 4297 4289
f 4297 4290 4289
f 4297 4298 4290
f 4298 4291 4290
f 4298 4299 4291
f 4299 4292 4291
f 4299 4300 4292
f 4300 4293 4292
f 4300 4301 4293
f 4301 4294 4293
f 4301 4302 4294
f 4302 4287 4294
f 4302 4295 4287
f 4303 4296 4295
f 4303 4304 4296
f 4304 4297 4296
f 4304 4305 4297
f 4305 4298 4297
f 4305 4306 4298
f 4306 4299 4298
f 4306 4307 4299
f 4307 4300 4299
f 4307 4308 4300
f 4308 4301 4300
f 4308 4309 4301
f 4309 4302 4301
f 4309 4310 4302
f 4310 4295 4302
f 4310 4303 4295
f 4311 4304 4303
f 4311 4312 4304
f 4312 4305 4304
f 4312 4313 4305
f 4313 4306 4305
f 4313 4314 4306
f 4314 4307 4306
f 4314 4315 4307
f 4315 4308 4307
f 4315 4316 4308
f 4316 4309 4308
f 4316 4317 4309
f 4317 4310 4309
f 4317 4318 4310
f 4318 4303 4310
f 4318 4311 4303
f 4319 4312 4311
f 4319 4320 4312
f 4320 4313 4312
f 4320 4321 4313
f 4321 4314 4313
f 4321 4322 4314
f 4322 4315 4314
f 4322 4323 4315
f 4323 4316 4315
f 4323 4324 4316
f 4324 4317 4316
f 4324 4325 4317
f 4325 4318 4317
f 4325 4326 4318
f 4326 4311 4318
f 4326 4319 4311
f 4327 4329 4330
f 4328 4362 4361
f 4327 4330 4331
f 4328 4363 4362
f 4327 4331 4332
f 4328 4364 4363
f 4327 4332 4333
f 4328 4365 4364
f 4327 4333 4334
f 4328 4366 4365
f 4327 4334 4335
f 4328 4367 4366
f 4327 4335 4336
f 4328 4368 4367
f 4327 4336 4329
f 4328 4361 4368
f 4337 4330 4329
f 4337 4338 4330
f 4338 4331 4330
f 4338 4339 4331
f 4339 4332 4331
f 4339 4340 4332
f 4340 4333 4332
f 4340 4341 4333
f 4341 4334 4333
f 4341 4342 4334
f 4342 4335 4334
f 4342 4343 4335
f 4343 4336 4335
f 4343 4344 4336
f 4344 4329 4336
f 4344 4337 4329
f 4345 4338 4337
f 4345 4346 4338
f 4346 4339 4338
f 4346 4347 4339
f 4347 4340 4339
f 4347 4348 4340
f 4348 4341 4340
f 4348 4349 4341
f 4349 4342 4341
f 4349 4350 4342
f 4350 4343 4342
f 4350 4351 4343
f 4351 4344 4343
f 4351 4352 4344
f 4352 4337 4344
f 4352 4345 4337
f 4353 4346 4345
f 4353 4354 4346
f 4354 4347 4346
f 4354 4355 4347
f 4355 4348 4347
f 4355 4356 4348
f 4356 4349 4348
f 4356 4357 4349
f 4357 4350 4349
f 4357 4358 4350
f 4358 4351 4350
f 4358 4359 4351
f 4359 4352 4351
f 4359 4360 4352
f 4360 4345 4352
f 4360 4353 4345
f 4361 4354 4353
f 4361 4362 4354
f 4362 4355 4354
f 4362 4363 4355
f 4363 4356 4355
f 4363 4364 4356
f 4364 4357 4356
f 4364 4365 4357
f 4365 4358 4357
f 4365 4366 4358
f 4366 4359 4358
f 4366 4367 4359
f 4367 4360 4359
f 4367 4368 4360
f 4368 4353 4360
f 4368 4361 4353
f 4369 4371 4372
f 4370 4404 4403
f 4369 4372 4373
f 4370 4405 4404
f 4369 4373 4374
f 4370 4406 4405
f 4369 4374 4375
f 4370 4407 4406
f 4369 4375 4376
f 4370 4408 4407
f 4369 4376 4377
f 4370 4409 4408
f 4369 4377 4378
f 4370 4410 4409
f 4369 4378 4371
f 4370 4403 4410
f 4379 4372 4371
f 4379 4380 4372
f 4380 4373 4372
f 4380 4381 4373
f 4381 4374 4373
f 4381 4382 4374
f 4382 4375 4374
f 4382 4383 4375
f 4383 4376 4375
f 4383 4384 4376
f 4384 4377 4376
f 4384 4385 4377
f 4385 4378 4377
f 4385 4386 4378
f 4386 4371 4378
f 4386 4379 4371
f 4387 4380 4379
f 4387 4388 4380
f 4388 4381 4380
f 4388 4389 4381
f 4389 4382 4381
f 4389 4390 4382
f 4390 4383 4382
f 4390 4391 4383
f 4391 4384 4383
f 4391 4392 4384
f 4392 4385 4384
f 4392 4393 4385
f 4393 4386 4385
f 4393 4394 4386
f 4394 4379 4386
f 4394 4387 4379
f 4395 4388 4387
f 4395 4396 4388
f 4396 4389 4388
f 4396 4397 4389
f 4397 4390 4389
f 4397 4398 4390
f 4398 4391 4390
f 4398 4399 4391
f 4399 4392 4391
f 4399 4400 4392
f 4400 4393 4392
f 4400 4401 4393
f 4401 4394 4393
f 4401 4402 4394
f 4402 4387 4394
f 4402 4395 4387
f 4403 4396 4395
f 4403 4404 4396
f 4404 4397 4396
f 4404 4405 4397
f 4405 4398 4397
f 4405 4406 4398
f 4406 4399 4398
f 4406 4407 4399
f 4407 4400 4399
f 4407 4408 4400
f 4408 4401 4400
f 4408 4409 4401
f 4409 4402 4401
f 4409 4410 4402
f 4410 4395 4402
f 4410 4403 4395
f 4411 4413 4414
f 4412 4446 4445
f 4411 4414 4415
f 4412 4447 4446
f 4411 4415 4416
f 4412 4448 4447
f 4411 4416 4417
f 4412 4449 4448
f 4411 4417 4418
f 4412 4450 4449
f 4411 4418 4419
f 4412 4451 4450
f 4411 4419 4420
f 4412 4452 4451
f 4411 4420 4413
f 4412 4445 4452
f 4421 4414 4413
f 4421 4422 4414
f 4422 4415 4414
f 4422 4423 4415
f 4423 4416 4415
f 4423 4424 4416
f 4424 4417 4416
f 4424 4425 4417
f 4425 4418 4417
f 4425 4426 4418
f 4426 4419 4418
f 4426 4427 4419
f 4427 4420 4419
f 4427 4428 4420
f 4428 4413 4420
f 4428 4421 4413
f 4429 4422 4421
f 4429 4430 4422
f 4430 4423 4422
f 4430 4431 4423
f 4431 4424 4423
f 4431 4432 4424
f 4432 4425 4424
f 4432 4433 4425
f 4433 4426 4425
f 4433 4434 4426
f 4434 4427 4426
f 4434 4435 4427
f 4435 4428 4427
f 4435 4436 4428
f 4436 4421 4428
f 4436 4429 4421
f 4437 4430 4429
f 4437 4438 4430
f 4438 4431 4430
f 4438 4439 4431
f 4439 4432 4431
f 4439 4440 4432
f 4440 4433 4432
f 4440 4441 4433
f 4441 4434 4433
f 4441 4442 4434
f 4442 4435 4434
f 4442 4443 4435
f 4443 4436 4435
f 4443 4444 4436
f 4444 4429 4436
f 4444 4437 4429
f 4445 4438 4437
f 4445 4446 4438
f 4446 4439 4438
f 4446 4447 4439
f 4447 4440 4439
f 4447 4448 4440
f 4448 4441 4440
f 4448 4449 4441
f 4449 4442 4441
f 4449 4450 4442
f 4450 4443 4442
f 4450 4451 4443
f 4451 4444 4443
f 4451 4452 4444
f 4452 4437 4444
f 4452 4445 4437
f 4453 4455 4456
f 4454 4488 4487
f 4453 4456 4457
f 4454 4489 4488
f 4453 4457 4458
f 4454 4490 4489
f 4453 4458 4459
f 4454 4491 4490
f 4453 4459 4460
f 4454 4492 4491
f 4453 4460 4461
f 4454 4493 4492
f 4453 4461 4462
f 4454 4494 4493
f 4453 4462 4455
f 4454 4487 4494
f 4463 4456 4455
f 4463 4464 4456
f 4464 4457 4456
f 4464 4465 4457
f 4465 4458 4457
f 4465 4466 4458
f 4466 4459 4458
f 4466 4467 4459
f 4467 4460 4459
f 4467 4468 4460
f 4468 4461 4460
f 4468 4469 4461
f 4469 4462 4461
f 4469 4470 4462
f 4470 4455 4462
f 4470 4463 4455
f 4471 4464 4463
f 4471 4472 4464
f 4472 4465 4464
f 4472 4473 4465
f 4473 4466 4465
f 4473 4474 4466
f 4474 4467 4466
f 4474 4475 4467
f 4475 4468 4467
f 4475 4476 4468
f 4476 4469 4468
f 4476 4477 4469
f 4477 4470 4469
f 4477 4478 4470
f 4478 4463 4470
f 4478 4471 4463
f 4479 4472 4471
f 4479 4480 4472
f 4480 4473 4472
f 4480 4481 4473
f 4481 4474 4473
f 4481 4482 4474
f 4482 4475 4474
f 4482 4483 4475
f 4483 4476 4475
f 4483 4484 4476
f 4484 4477 4476
f 4484 4485 4477
f 4485 4478 4477
f 4485 4486 4478
f 4486 4471 4478
f 4486 4479 4471
f 4487 4480 4479
f 4487 4488 4480
f 4488 4481 4480
f 4488 4489 4481
f 4489 4482 4481
f 4489 4490 4482
f 4490 4483 4482
f 4490 4491 4483
f 4491 4484 4483
f 4491 4492 4484
f 4492 4485 4484
f 4492 4493 4485
f 4493 4486 4485
f 4493 4494 4486
f 4494 4479 4486
f 4494 4487 4479
f 4495 4497 4498
f 4496 4530 4529
f 4495 4498 4499
f 4496 4531 4530
f 4495 4499 4500
f 4496 4532 4531
f 4495 4500 4501
f 4496 4533 4532
f 4495 4501 4502
f 4496 4534 4533
f 4495 4502 4503
f 4496 4535 4534
f 4495 4503 4504
f 4496 4536 4535
f 4495 4504 4497
f 4496 4529 4536
f 4505 4498 4497
f 4505 4506 4498
f 4506 4499 4498
f 4506 4507 4499
f 4507 4500 4499
f 4507 4508 4500
f 4508 4501 4500
f 4508 4509 4501
f 4509 4502 4501
f 4509 4510 4502
f 4510 4503 4502
f 4510 4511 4503
f 4511 4504 4503
f 4511 4512 4504
f 4512 4497 4504
f 4512 4505 4497
f 4513 4506 4505
f 4513 4514 4506
f 4514 4507 4506
f 4514 4515 4507
f 4515 4508 4507
f 4515 4516 4508
f 4516 4509 4508
f 4516 4517 4509
f 4517 4510 4509
f 4517 4518 4510
f 4518 4511 4510
f 4518 4519 4511
f 4519 4512 4511
f 4519 4520 4512
f 4520 4505 4512
f 4520 4513 4505
f 4521 4514 4513
f 4521 4522 4514
f 4522 4515 4514
f 4522 4523 4515
f 4523 4516 4515
f 4523 4524 4516
f 4524 4517 4516
f 4524 4525 4517
f 4525 4518 4517
f 4525 4526 4518
f 4526 4519 4518
f 4526 4527 4519
f 4527 4520 4519
f 4527 4528 4520
f 4528 4513 4520
f 4528 4521 4513
f 4529 4522 4521
f 4529 4530 4522
f 4530 4523 4522
f 4530 4531 4523
f 4531 4524 4523
f 4531 4532 4524
f 4532 4525 4524
f 4532 4533 4525
f 4533 4526 4525
f 4533 4534 4526
f 4534 4527 4526
f 4534 4535 4527
f 4535 4528 4527
f 4535 4536 4528
f 4536 4521 4528
f 4536 4529 4521
f 4537 4539 4540
f 4538 4572 4571
f 4537 4540 4541
f 4538 4573 4572
f 4537 4541 4542
f 4538 4574 4573
f 4537 4542 4543
f 4538 4575 4574
f 4537 4543 4544
f 4538 4576 4575
f 4537 4544 4545
f 4538 4577 4576
f 4537 4545 4546
f 4538 4578 4577
f 4537 4546 4539
f 4538 4571 4578
f 4547 4540 4539
f 4547 4548 4540
f 4548 4541 4540
f 4548 4549 4541
f 4549 4542 4541
f 4549 4550 4542
f 4550 4543 4542
f 4550 4551 4543
f 4551 4544 4543
f 4551 4552 4544
f 4552 4545 4544
f 4552 4553 4545
f 4553 4546 4545
f 4553 4554 4546
f 4554 4539 4546
f 4554 4547 4539
f 4555 4548 4547
f 4555 4556 4548
f 4556 4549 4548
f 4556 4557 4549
f 4557 4550 4549
f 4557 4558 4550
f 4558 4551 4550
f 4558 4559 4551
f 4559 4552 4551
f 4559 4560 4552
f 4560 4553 4552
f 4560 4561 4553
f 4561 4554 4553
f 4561 4562 4554
f 4562 4547 4554
f 4562 4555 4547
f 4563 4556 4555
f 4563 4564 4556
f 4564 4557 4556
f 4564 4565 4557
f 4565 4558 4557
f 4565 4566 4558
f 4566 4559 4558
f 4566 4567 4559
f 4567 4560 4559
f 4567 4568 4560
f 4568 4561 4560
f 4568 4569 4561
f 4569 4562 4561
f 4569 4570 4562
f 4570 4555 4562
f 4570 4563 4555
f 4571 4564 4563
f 4571 4572 4564
f 4572 4565 4564
f 4572 4573 4565
f 4573 4566 4565
f 4573 4574 4566
f 4574 4567 4566
f 4574 4575 4567
f 4575 4568 4567
f 4575 4576 4568
f 4576 4569 4568
f 4576 4577 4569
f 4577 4570 4569
f 4577 4578 4570
f 4578 4563 4570
f 4578 4571 4563
f 4579 4581 4582
f 4580 4614 4613
f 4579 4582 4583
f 4580 4615 4614
f 4579 4583 4584
f 4580 4616 4615
f 4579 4584 4585
f 4580 4617 4616
f 4579 4585 4586
f 4580 4618 4617
f 4579 4586 4587
f 4580 4619 4618
f 4579 4587 4588
f 4580 4620 4619
f 4579 4588 4581
f 4580 4613 4620
f 4589 4582 4581
f 4589 4590 4582
f 4590 4583 4582
f 4590 4591 4583
f 4591 4584 4583
f 4591 4592 4584
f 4592 4585 4584
f 4592 4593 4585
f 4593 4586 4585
f 4593 4594 4586
f 4594 4587 4586
f 4594 4595 4587
f 4595 4588 4587
f 4595 4596 4588
f 4596 4581 4588
f 4596 4589 4581
f 4597 4590 4589
f 4597 4598 4590
f 4598 4591 4590
f 4598 4599 4591
f 4599 4592 4591
f 4599 4600 4592
f 4600 4593 4592
f 4600 4601 4593
f 4601 4594 4593
f 4601 4602 4594
f 4602 4595 4594
f 4602 4603 4595
f 4603 4596 4595
f 4603 4604 4596
f 4604 4589 4596
f 4604 4597 4589
f 4605 4598 4597
f 4605 4606 4598
f 4606 4599 4598
f 4606 4607 4599
f 4607 4600 4599
f 4607 4608 4600
f 4608 4601 4600
f 4608 4609 4601
f 4609 4602 4601
f 4609 4610 4602
f 4610 4603 4602
f 4610 4611 4603
f 4611 4604 4603
f 4611 4612 4604
f 4612 4597 4604
f 4612 4605 4597
f 4613 4606 4605
f 4613 4614 4606
f 4614 4607 4606
f 4614 4615 4607
f 4615 4608 4607
f 4615 4616 4608
f 4616 4609 4608
f 4616 4617 4609
f 4617 4610 4609
f 4617 4618 4610
f 4618 4611 4610
f 4618 4619 4611
f 4619 4612 4611
f 4619 4620 4612
f 4620 4605 4612
f 4620 4613 4605
f 4621 4623 4624
f 4622 4656 4655
f 4621 4624 4625
f 4622 4657 4656
f 4621 4625 4626
f 4622 4658 4657
f 4621 4626 4627
f 4622 4659 4658
f 4621 4627 4628
f 4622 4660 4659
f 4621 4628 4629
f 4622 4661 4660
f 4621 4629 4630
f 4622 4662 4661
f 4621 4630 4623
f 4622 4655 4662
f 4631 4624 4623
f 4631 4632 4624
f 4632 4625 4624
f 4632 4633 4625
f 4633 4626 4625
f 4633 4634 4626
f 4634 4627 4626
f 4634 4635 4627
f 4635 4628 4627
f 4635 4636 4628
f 4636 4629 4628
f 4636 4637 4629
f 4637 4630 4629
f 4637 4638 4630
f 4638 4623 4630
f 4638 4631 4623
f 4639 4632 4631
f 4639 4640 4632
f 4640 4633 4632
f 4640 4641 4633
f 4641 4634 4633
f 4641 4642 4634
f 4642 4635 4634
f 4642 4643 4635
f 4643 4636 4635
f 4643 4644 4636
f 4644 4637 4636
f 4644 4645 4637
f 4645 4638 4637
f 4645 4646 4638
f 4646 4631 4638
f 4646 4639 4631
f 4647 4640 4639
f 4647 4648 4640
f 4648 4641 4640
f 4648 4649 4641
f 4649 4642 4641
f 4649 4650 4642
f 4650 4643 4642
f 4650 4651 4643
f 4651 4644 4643
f 4651 4652 4644
f 4652 4645 4644
f 4652 4653 4645
f 4653 4646 4645
f 4653 4654 4646
f 4654 4639 4646
f 4654 4647 4639
f 4655 4648 4647
f 4655 4656 4648
f 4656 4649 4648
f 4656 4657 4649
f 4657 4650 4649
f 4657 4658 4650
f 4658 4651 4650
f 4658 4659 4651
f 4659 4652 4651
f 4659 4660 4652
f 4660 4653 4652
f 4660 4661 4653
f 4661 4654 4653
f 4661 4662 4654
f 4662 4647 4654
f 4662 4655 4647
f 4663 4665 4666
f 4664 4698 4697
f 4663 4666 4667
f 4664 4699 4698
f 4663 4667 4668
f 4664 4700 4699
f 4663 4668 4669
f 4664 4701 4700
f 4663 4669 4670
f 4664 4702 4701
f 4663 4670 4671
f 4664 4703 4702
f 4663 4671 4672
f 4664 4704 4703
f 4663 4672 4665
f 4664 4697 4704
f 4673 4666 4665
f 4673 4674 4666
f 4674 4667 4666
f 4674 4675 4667
f 4675 4668 4667
f 4675 4676 4668
f 4676 4669 4668
f 4676 4677 4669
f 4677 4670 4669
f 4677 4678 4670
f 4678 4671 4670
f 4678 4679 4671
f 4679 4672 4671
f 4679 4680 4672
f 4680 4665 4672
f 4680 4673 4665
f 4681 4674 4673
f 4681 4682 4674
f 4682 4675 4674
f 4682 4683 4675
f 4683 4676 4675
f 4683 4684 4676
f 4684 4677 4676
f 4684 4685 4677
f 4685 4678 4677
f 4685 4686 4678
f 4686 4679 4678
f 4686 4687 4679
f 4687 4680 4679
f 4687 4688 4680
f 4688 4673 4680
f 4688 4681 4673
f 4689 4682 4681
f 4689 4690 4682
f 4690 4683 4682
f 4690 4691 4683
f 4691 4684 4683
f 4691 4692 4684
f 4692 4685 4684
f 4692 4693 4685
f 4693 4686 4685
f 4693 4694 4686
f 4694 4687 4686
f 4694 4695 4687
f 4695 4688 4687
f 4695 4696 4688
f 4696 4681 4688
f 4696 4689 4681
f 4697 4690 4689
f 4697 4698 4690
f 4698 4691 4690
f 4698 4699 4691
f 4699 4692 4691
f 4699 4700 4692
f 4700 4693 4692
f 4700 4701 4693
f 4701 4694 4693
f 4701 4702 4694
f 4702 4695 4694
f 4702 4703 4695
f 4703 4696 4695
f 4703 4704 4696
f 4704 4689 4696
f 4704 4697 4689
f 4705 4707 4708
f 4706 4740 4739
f 4705 4708 4709
f 4706 4741 4740
f 4705 4709 4710
f 4706 4742 4741
f 4705 4710 4711
f 4706 4743 4742
f 4705 4711 4712
f 4706 4744 4743
f 4705 4712 4713
f 4706 4745 4744
f 4705 4713 4714
f 4706 4746 4745
f 4705 4714 4707
f 4706 4739 4746
f 4715 4708 4707
f 4715 4716 4708
f 4716 4709 4708
f 4716 4717 4709
f 4717 4710 4709
f 4717 4718 4710
f 4718 4711 4710
f 4718 4719 4711
f 4719 4712 4711
f 4719 4720 4712
f 4720 4713 4712
f 4720 4721 4713
f 4721 4714 4713
f 4721 4722 4714
f 4722 4707 4714
f 4722 4715 4707
f 4723 4716 4715
f 4723 4724 4716
f 4724 4717 4716
f 4724 4725 4717
f 4725 4718 4717
f 4725 4726 4718
f 4726 4719 4718
f 4726 4727 4719
f 4727 4720 4719
f 4727 4728 4720
f 4728 4721 4720
f 4728 4729 4721
f 4729 4722 4721
f 4729 4730 4722
f 4730 4715 4722
f 4730 4723 4715
f 4731 4724 4723
f 4731 4732 4724
f 4732 4725 4724
f 4732 4733 4725
f 4733 4726 4725
f 4733 4734 4726
f 4734 4727 4726
f 4734 4735 4727
f 4735 4728 4727
f 4735 4736 4728
f 4736 4729 4728
f 4736 4737 4729
f 4737 4730 4729
f 4737 4738 4730
f 4738 4723 4730
f 4738 4731 4723
f 4739 4732 4731
f 4739 4740 4732
f 4740 4733 4732
f 4740 4741 4733
f 4741 4734 4733
f 4741 4742 4734
f 4742 4735 4734
f 4742 4743 4735
f 4743 4736 4735
f 4743 4744 4736
f 4744 4737 4736
f 4744 4745 4737
f 4745 4738 4737
f 4745 4746 4738
f 4746 4731 4738
f 4746 4739 4731
f 4747 4749 4750
f 4748 4782 4781
f 4747 4750 4751
f 4748 4783 4782
f 4747 4751 4752
f 4748 4784 4783
f 4747 4752 4753
f 4748 4785 4784
f 4747 4753 4754
f 4748 4786 4785
f 4747 4754 4755
f 4748 4787 4786
f 4747 4755 4756
f 4748 4788 4787
f 4747 4756 4749
f 4748 4781 4788
f 4757 4750 4749
f 4757 4758 4750
f 4758 4751 4750
f 4758 4759 4751
f 4759 4752 4751
f 4759 4760 4752
f 4760 4753 4752
f 4760 4761 4753
f 4761 4754 4753
f 4761 4762 4754
f 4762 4755 4754
f 4762 4763 4755
f 4763 4756 4755
f 4763 4764 4756
f 4764 4749 4756
f 4764 4757 4749
f 4765 4758 4757
f 4765 4766 4758
f 4766 4759 4758
f 4766 4767 4759
f 4767 4760 4759
f 4767 4768 4760
f 4768 4761 4760
f 4768 4769 4761
f 4769 4762 4761
f 4769 4770 4762
f 4770 4763 4762
f 4770 4771 4763
f 4771 4764 4763
f 4771 4772 4764
f 4772 4757 4764
f 4772 4765 4757
f 4773 4766 4765
f 4773 4774 4766
f 4774 4767 4766
f 4774 4775 4767
f 4775 4768 4767
f 4775 4776 4768
f 4776 4769 4768
f 4776 4777 4769
f 4777 4770 4769
f 4777 4778 4770
f 4778 4771 4770
f 4778 4779 4771
f 4779 4772 4771
f 4779 4780 4772
f 4780 4765 4772
f 4780 4773 4765
f 4781 4774 4773
f 4781 4782 4774
f 4782 4775 4774
f 4782 4783 4775
f 4783 4776 4775
f 4783 4784 4776
f 4784 4777 4776
f 4784 4785 4777
f 4785 4778 4777
f 4785 4786 4778
f 4786 4779 4778
f 4786 4787 4779
f 4787 4780 4779
f 4787 4788 4780
f 4788 4773 4780
f 4788 4781 4773
f 4789 4791 4792
f 4790 4824 4823
f 4789 4792 4793
f 4790 4825 4824
f 4789 4793 4794
f 4790 4826 4825
f 4789 4794 4795
f 4790 4827 4826
f 4789 4795 4796
f 4790 4828 4827
f 4789 4796 4797
f 4790 4829 4828
f 4789 4797 4798
f 4790 4830 4829
f 4789 4798 4791
f 4790 4823 4830
f 4799 4792 4791
f 4799 4800 4792
f 4800 4793 4792
f 4800 4801 4793
f 4801 4794 4793
f 4801 4802 4794
f 4802 4795 4794
f 4802 4803 4795
f 4803 4796 4795
f 4803 4804 4796
f 4804 4797 4796
f 4804 4805 4797
f 4805 4798 4797
f 4805 4806 4798
f 4806 4791 4798
f 4806 4799 4791
f 4807 4800 4799
f 4807 4808 4800
f 4808 4801 4800
f 4808 4809 4801
f 4809 4802 4801
f 4809 4810 4802
f 4810 4803 4802
f 4810 4811 4803
f 4811 4804 4803
f 4811 4812 4804
f 4812 4805 4804
f 4812 4813 4805
f 4813 4806 4805
f 4813 4814 4806
f 4814 4799 4806
f 4814 4807 4799
f 4815 4808 4807
f 4815 4816 4808
f 4816 4809 4808
f 4816 4817 4809
f 4817 4810 4809
f 4817 4818 4810
f 4818 4811 4810
f 4818 4819 4811
f 4819 4812 4811
f 4819 4820 4812
f 4820 4813 4812
f 4820 4821 4813
f 4821 4814 4813
f 4821 4822 4814
f 4822 4807 4814
f 4822 4815 4807
f 4823 4816 4815
f 4823 4824 4816
f 4824 4817 4816
f 4824 4825 4817
f 4825 4818 4817
f 4825 4826 4818
f 4826 4819 4818
f 4826 4827 4819
f 4827 4820 4819
f 4827 4828 4820
f 4828 4821 4820
f 4828 4829 4821
f 4829 4822 4821
f 4829 4830 4822
f 4830 4815 4822
f 4830 4823 4815
f 4831 4833 4834
f 4832 4866 4865
f 4831 4834 4835
f 4832 4867 4866
f 4831 4835 4836
f 4832 4868 4867
f 4831 4836 4837
f 4832 4869 4868
f 4831 4837 4838
f 4832 4870 4869
f 4831 4838 4839
f 4832 4871 4870
f 4831 4839 4840
f 4832 4872 4871
f 4831 4840 4833
f 4832 4865 4872
f 4841 4834 4833
f 4841 4842 4834
f 4842 4835 4834
f 4842 4843 4835
f 4843 4836 4835
f 4843 4844 4836
f 4844 4837 4836
f 4844 4845 4837
f 4845 4838 4837
f 4845 4846 4838
f 4846 4839 4838
f 4846 4847 4839
f 4847 4840 4839
f 4847 4848 4840
f 4848 4833 4840
f 4848 4841 4833
f 4849 4842 4841
f 4849 4850 4842
f 4850 4843 4842
f 4850 4851 4843
f 4851 4844 4843
f 4851 4852 4844
f 4852 4845 4844
f 4852 4853 4845
f 4853 4846 4845
f 4853 4854 4846
f 4854 4847 4846
f 4854 4855 4847
f 4855 4848 4847
f 4855 4856 4848
f 4856 4841 4848
f 4856 4849 4841
f 4857 4850 4849
f 4857 4858 4850
f 4858 4851 4850
f 4858 4859 4851
f 4859 4852 4851
f 4859 4860 4852
f 4860 4853 4852
f 4860 4861 4853
f 4861 4854 4853
f 4861 4862 4854
f 4862 4855 4854
f 4862 4863 4855
f 4863 4856 4855
f 4863 4864 4856
f 4864 4849 4856
f 4864 4857 4849
f 4865 4858 4857
f 4865 4866 4858
f 4866 4859 4858
f 4866 4867 4859
f 4867 4860 4859
f 4867 4868 4860
f 4868 4861 4860
f 4868 4869 4861
f 4869 4862 4861
f 4869 4870 4862
f 4870 4863 4862
f 4870 4871 4863
f 4871 4864 4863
f 4871 4872 4864
f 4872 4857 4864
f 4872 4865 4857
f 4873 4875 4876
f 4874 4908 4907
f 4873 4876 4877
f 4874 4909 4908
f 4873 4877 4878
f 4874 4910 4909
f 4873 4878 4879
f 4874 4911 4910
f 4873 4879 4880
f 4874 4912 4911
f 4873 4880 4881
f 4874 4913 4912
f 4873 4881 4882
f 4874 4914 4913
f 4873 4882 4875
f 4874 4907 4914
f 4883 4876 4875
f 4883 4884 4876
f 4884 4877 4876
f 4884 4885 4877
f 4885 4878 4877
f 4885 4886 4878
f 4886 4879 4878
f 4886 4887 4879
f 4887 4880 4879
f 4887 4888 4880
f 4888 4881 4880
f 4888 4889 4881
f 4889 4882 4881
f 4889 4890 4882
f 4890 4875 4882
f 4890 4883 4875
f 4891 4884 4883
f 4891 4892 4884
f 4892 4885 4884
f 4892 4893 4885
f 4893 4886 4885
f 4893 4894 4886
f 4894 4887 4886
f 4894 4895 4887
f 4895 4888 4887
f 4895 4896 4888
f 4896 4889 4888
f 4896 4897 4889
f 4897 4890 4889
f 4897 4898 4890
f 4898 4883 4890
f 4898 4891 4883
f 4899 4892 4891
f 4899 4900 4892
f 4900 4893 4892
f 4900 4901 4893
f 4901 4894 4893
f 4901 4902 4894
f 4902 4895 4894
f 4902 4903 4895
f 4903 4896 4895
f 4903 4904 4896
f 4904 4897 4896
f 4904 4905 4897
f 4905 4898 4897
f 4905 4906 4898
f 4906 4891 4898
f 4906 4899 4891
f 4907 4900 4899
f 4907 4908 4900
f 4908 4901 4900
f 4908 4909 4901
f 4909 4902 4901
f 4909 4910 4902
f 4910 4903 4902
f 4910 4911 4903
f 4911 4904 4903
f 4911 4912 4904
f 4912 4905 4904
f 4912 4913 4905
f 4913 4906 4905
f 4913 4914 4906
f 4914 4899 4906
f 4914 4907 4899
f 4915 4917 4918
f 4916 4950 4949
f 4915 4918 4919
f 4916 4951 4950
f 4915 4919 4920
f 4916 4952 4951
f 4915 4920 4921
f 4916 4953 4952
f 4915 4921 4922
f 4916 4954 4953
f 4915 4922 4923
f 4916 4955 4954
f 4915 4923 4924
f 4916 4956 4955
f 4915 4924 4917
f 4916 4949 4956
f 4925 4918 4917
f 4925 4926 4918
f 4926 4919 4918
f 4926 4927 4919
f 4927 4920 4919
f 4927 4928 4920
f 4928 4921 4920
f 4928 4929 4921
f 4929 4922 4921
f 4929 4930 4922
f 4930 4923 4922
f 4930 4931 4923
f 4931 4924 4923
f 4931 4932 4924
f 4932 4917 4924
f 4932 4925 4917
f 4933 4926 4925
f 4933 4934 4926
f 4934 4927 4926
f 4934 4935 4927
f 4935 4928 4927
f 4935 4936 4928
f 4936 4929 4928
f 4936 4937 4929
f 4937 4930 4929
f 4937 4938 4930
f 4938 4931 4930
f 4938 4939 4931
f 4939 4932 4931
f 4939 4940 4932
f 4940 4925 4932
f 4940 4933 4925
f 4941 4934 4933
f 4941 4942 4934
f 4942 4935 4934
f 4942 4943 4935
f 4943 4936 4935
f 4943 4944 4936
f 4944 4937 4936
f 4944 4945 4937
f 4945 4938 4937
f 4945 4946 4938
f 4946 4939 4938
f 4946 4947 4939
f 4947 4940 4939
f 4947 4948 4940
f 4948 4933 4940
f 4948 4941 4933
f 4949 4942 4941
f 4949 4950 4942
f 4950 4943 4942
f 4950 4951 4943
f 4951 4944 4943
f 4951 4952 4944
f 4952 4945 4944
f 4952 4953 4945
f 4953 4946 4945
f 4953 4954 4946
f 4954 4947 4946
f 4954 4955 4947
f 4955 4948 4947
f 4955 4956 4948
f 4956 4941 4948
f 4956 4949 4941
f 4957 4959 4960
f 4958 4992 4991
f 4957 4960 4961
f 4958 4993 4992
f 4957 4961 4962
f 4958 4994 4993
f 4957 4962 4963
f 4958 4995 4994
f 4957 4963 4964
f 4958 4996 4995
f 4957 4964 4965
f 4958 4997 4996
f 4957 4965 4966
f 4958 4998 4997
f 4957 4966 4959
f 4958 4991 4998
f 4967 4960 4959
f 4967 4968 4960
f 4968 4961 4960
f 4968 4969 4961
f 4969 4962 4961
f 4969 4970 4962
f 4970 4963 4962
f 4970 4971 4963
f 4971 4964 4963
f 4971 4972 4964
f 4972 4965 4964
f 4972 4973 4965
f 4973 4966 4965
f 4973 4974 4966
f 4974 4959 4966
f 4974 4967 4959
f 4975 4968 4967
f 4975 4976 4968
f 4976 4969 4968
f 4976 4977 4969
f 4977 4970 4969
f 4977 4978 4970
f 4978 4971 4970
f 4978 4979 4971
f 4979 4972 4971
f 4979 4980 4972
f 4980 4973 4972
f 4980 4981 4973
f 4981 4974 4973
f 4981 4982 4974
f 4982 4967 4974
f 4982 4975 4967
f 4983 4976 4975
f 4983 4984 4976
f 4984 4977 4976
f 4984 4985 4977
f 4985 4978 4977
f 4985 4986 4978
f 4986 4979 4978
f 4986 4987 4979
f 4987 4980 4979
f 4987 4988 4980
f 4988 4981 4980
f 4988 4989 4981
f 4989 4982 4981
f 4989 4990 4982
f 4990 4975 4982
f 4990 4983 4975
f 4991 4984 4983
f 4991 4992 4984
f 4992 4985 4984
f 4992 4993 4985
f 4993 4986 4985
f 4993 4994 4986
f 4994 4987 4986
f 4994 4995 4987
f 4995 4988 4987
f 4995 4996 4988
f 4996 4989 4988
f 4996 4997 4989
f 4997 4990 4989
f 4997 4998 4990
f 4998 4983 4990
f 4998 4991 4983
f 4999 5001 5002
f 5000 5034 5033
f 4999 5002 5003
f 5000 5035 5034
f 4999 5003 5004
f 5000 5036 5035
f 4999 5004 5005
f 5000 5037 5036
f 4999 5005 5006
f 5000 5038 5037
f 4999 5006 5007
f 5000 5039 5038
f 4999 5007 5008
f 5000 5040 5039
f 4999 5008 5001
f 5000 5033 5040
f 5009 5002 5001
f 5009 5010 5002
f 5010 5003 5002
f 5010 5011 5003
f 5011 5004 5003
f 5011 5012 5004
f 5012 5005 5004
f 5012 5013 5005
f 5013 5006 5005
f 5013 5014 5006
f 5014 5007 5006
f 5014 5015 5007
f 5015 5008 5007
f 5015 5016 5008
f 5016 5001 5008
f 5016 5009 5001
f 5017 5010 5009
f 5017 5018 5010
f 5018 5011 5010
f 5018 5019 5011
f 5019 5012 5011
f 5019 5020 5012
f 5020 5013 5012
f 5020 5021 5013
f 5021 5014 5013
f 5021 5022 5014
f 5022 5015 5014
f 5022 5023 5015
f 5023 5016 5015
f 5023 5024 5016
f 5024 5009 5016
f 5024 5017 5009
f 5025 5018 5017
f 5025 5026 5018
f 5026 5019 5018
f 5026 5027 5019
f 5027 5020 5019
f 5027 5028 5020
f 5028 5021 5020
f 5028 5029 5021
f 5029 5022 5021
f 5029 5030 5022
f 5030 5023 5022
f 5030 5031 5023
f 5031 5024 5023
f 5031 5032 5024
f 5032 5017 5024
f 5032 5025 5017
f 5033 5026 5025
f 5033 5034 5026
f 5034 5027 5026
f 5034 5035 5027
f 5035 5028 5027
f 5035 5036 5028
f 5036 5029 5028
f 5036 5037 5029
f 5037 5030 5029
f 5037 5038 5030
f 5038 5031 5030
f 5038 5039 5031
f 5039 5032 5031
f 5039 5040 5032
f 5040 5025 5032
f 5040 5033 5025
f 5041 5043 5044
f 5042 5076 5075
f 5041 5044 5045
f 5042 5077 5076
f 5041 5045 5046
f 5042 5078 5077
f 5041 5046 5047
f 5042 5079 5078
f 5041 5047 5048
f 5042 5080 5079
f 5041 5048 5049
f 5042 5081 5080
f 5041 5049 5050
f 5042 5082 5081
f 5041 5050 5043
f 5042 5075 5082
f 5051 5044 5043
f 5051 5052 5044
f 5052 5045 5044
f 5052 5053 5045
f 5053 5046 5045
f 5053 5054 5046
f 5054 5047 5046
f 5054 5055 5047
f 5055 5048 5047
f 5055 5056 5048
f 5056 5049 5048
f 5056 5057 5049
f 5057 5050 5049
f 5057 5058 5050
f 5058 5043 5050
f 5058 5051 5043
f 5059 5052 5051
f 5059 5060 5052
f 5060 5053 5052
f 5060 5061 5053
f 5061 5054 5053
f 5061 5062 5054
f 5062 5055 5054
f 5062 5063 5055
f 5063 5056 5055
f 5063 5064 5056
f 5064 5057 5056
f 5064 5065 5057
f 5065 5058 5057
f 5065 5066 5058
f 5066 5051 5058
f 5066 5059 5051
f 5067 5060 5059
f 5067 5068 5060
f 5068 5061 5060
f 5068 5069 5061
f 5069 5062 5061
f 5069 5070 5062
f 5070 5063 5062
f 5070 5071 5063
f 5071 5064 5063
f 5071 5072 5064
f 5072 5065 5064
f 5072 5073 5065
f 5073 5066 5065
f 5073 5074 5066
f 5074 5059 5066
f 5074 5067 5059
f 5075 5068 5067
f 5075 5076 5068
f 5076 5069 5068
f 5076 5077 5069
f 5077 5070 5069
f 5077 5078 5070
f 5078 5071 5070
f 5078 5079 5071
f 5079 5072 5071
f 5079 5080 5072
f 5080 5073 5072
f 5080 5081 5073
f 5081 5074 5073
f 5081 5082 5074
f 5082 5067 5074
f 5082 5075 5067
f 5083 5085 5086
f 5084 5118 5117
f 5083 5086 5087
f 5084 5119 5118
f 5083 5087 5088
f 5084 5120 5119
f 5083 5088 5089
f 5084 5121 5120
f 5083 5089 5090
f 5084 5122 5121
f 5083 5090 5091
f 5084 5123 5122
f 5083 5091 5092
f 5084 5124 5123
f 5083 5092 5085
f 5084 5117 5124
f 5093 5086 5085
f 5093 5094 5086
f 5094 5087 5086
f 5094 5095 5087
f 5095 5088 5087
f 5095 5096 5088
f 5096 5089 5088
f 5096 5097 5089
f 5097 5090 5089
f 5097 5098 5090
f 5098 5091 5090
f 5098 5099 5091
f 5099 5092 5091
f 5099 5100 5092
f 5100 5085 5092
f 5100 5093 5085
f 5101 5094 5093
f 5101 5102 5094
f 5102 5095 5094
f 5102 5103 5095
f 5103 5096 5095
f 5103 5104 5096
f 5104 5097 5096
f 5104 5105 5097
f 5105 5098 5097
f 5105 5106 5098
f 5106 5099 5098
f 5106 5107 5099
f 5107 5100 5099
f 5107 5108 5100
f 5108 5093 5100
f 5108 5101 5093
f 5109 5102 5101
f 5109 5110 5102
f 5110 5103 5102
f 5110 5111 5103
f 5111 5104 5103
f 5111 5112 5104
f 5112 5105 5104
f 5112 5113 5105
f 5113 5106 5105
f 5113 5114 5106
f 5114 5107 5106
f 5114 5115 5107
f 5115 5108 5107
f 5115 5116 5108
f 5116 5101 5108
f 5116 5109 5101
f 5117 5110 5109
f 5117 5118 5110
f 5118 5111 5110
f 5118 5119 5111
f 5119 5112 5111
f 5119 5120 5112
f 5120 5113 5112
f 5120 5121 5113
f 5121 5114 5113
f 5121 5122 5114
f 5122 5115 5114
f 5122 5123 5115
f 5123 5116 5115
f 5123 5124 5116
f 5124 5109 5116
f 5124 5117 5109
f 5125 5127 5128
f 5126 5160 5159
f 5125 5128 5129
f 5126 5161 5160
f 5125 5129 5130
f 5126 5162 5161
f 5125 5130 5131
f 5126 5163 5162
f 5125 5131 5132
f 5126 5164 5163
f 5125 5132 5133
f 5126 5165 5164
f 5125 5133 5134
f 5126 5166 5165
f 5125 5134 5127
f 5126 5159 5166
f 5135 5128 5127
f 5135 5136 5128
f 5136 5129 5128
f 5136 5137 5129
f 5137 5130 5129
f 5137 5138 5130
f 5138 5131 5130
f 5138 5139 5131
f 5139 5132 5131
f 5139 5140 5132
f 5140 5133 5132
f 5140 5141 5133
f 5141 5134 5133
f 5141 5142 5134
f 5142 5127 5134
f 5142 5135 5127
f 5143 5136 5135
f 5143 5144 5136
f 5144 5137 5136
f 5144 5145 5137
f 5145 5138 5137
f 5145 5146 5138
f 5146 5139 5138
f 5146 5147 5139
f 5147 5140 5139
f 5147 5148 5140
f 5148 5141 5140
f 5148 5149 5141
f 5149 5142 5141
f 5149 5150 5142
f 5150 5135 5142
f 5150 5143 5135
f 5151 5144 5143
f 5151 5152 5144
f 5152 5145 5144
f 5152 5153 5145
f 5153 5146 5145
f 5153 5154 5146
f 5154 5147 5146
f 5154 5155 5147
f 5155 5148 5147
f 5155 5156 5148
f 5156 5149 5148
f 5156 5157 5149
f 5157 5150 5149
f 5157 5158 5150
f 5158 5143 5150
f 5158 5151 5143
f 5159 5152 5151
f 5159 5160 5152
f 5160 5153 5152
f 5160 5161 5153
f 5161 5154 5153
f 5161 5162 5154
f 5162 5155 5154
f 5162 5163 5155
f 5163 5156 5155
f 5163 5164 5156
f 5164 5157 5156
f 5164 5165 5157
f 5165 5158 5157
f 5165 5166 5158
f 5166 5151 5158
f 5166 5159 5151
f 5167 5169 5170
f 5168 5202 5201
f 5167 5170 5171
f 5168 5203 5202
f 5167 5171 5172
f 5168 5204 5203
f 5167 5172 5173
f 5168 5205 5204
f 5167 5173 5174
f 5168 5206 5205
f 5167 5174 5175
f 5168 5207 5206
f 5167 5175 5176
f 5168 5208 5207
f 5167 5176 5169
f 5168 5201 5208
f 5177 5170 5169
f 5177 5178 5170
f 5178 5171 5170
f 5178 5179 5171
f 5179 5172 5171
f 5179 5180 5172
f 5180 5173 5172
f 5180 5181 5173
f 5181 5174 5173
f 5181 5182 5174
f 5182 5175 5174
f 5182 5183 5175
f 5183 5176 5175
f 5183 5184 5176
f 5184 5169 5176
f 5184 5177 5169
f 5185 5178 5177
f 5185 5186 5178
f 5186 5179 5178
f 5186 5187 5179
f 5187 5180 5179
f 5187 5188 5180
f 5188 5181 5180
f 5188 5189 5181
f 5189 5182 5181
f 5189 5190 5182
f 5190 5183 5182
f 5190 5191 5183
f 5191 5184 5183
f 5191 5192 5184
f 5192 5177 5184
f 5192 5185 5177
f 5193 5186 5185
f 5193 5194 5186
f 5194 5187 5186
f 5194 5195 5187
f 5195 5188 5187
f 5195 5196 5188
f 5196 5189 5188
f 5196 5197 5189
f 5197 5190 5189
f 5197 5198 5190
f 5198 5191 5190
f 5198 5199 5191
f 5199 5192 5191
f 5199 5200 5192
f 5200 5185 5192
f 5200 5193 5185
f 5201 5194 5193
f 5201 5202 5194
f 5202 5195 5194
f 5202 5203 5195
f 5203 5196 5195
f 5203 5204 5196
f 5204 5197 5196
f 5204 5205 5197
f 5205 5198 5197
f 5205 5206 5198
f 5206 5199 5198
f 5206 5207 5199
f 5207 5200 5199
f 5207 5208 5200
f 5208 5193 5200
f 5208 5201 5193
f 5209 5211 5212
f 5210 5244 5243
f 5209 5212 5213
f 5210 5245 5244
f 5209 5213 5214
f 5210 5246 5245
f 5209 5214 5215
f 5210 5247 5246
f 5209 5215 5216
f 5210 5248 5247
f 5209 5216 5217
f 5210 5249 5248
f 5209 5217 5218
f 5210 5250 5249
f 5209 5218 5211
f 5210 5243 5250
f 5219 5212 5211
f 5219 5220 5212
f 5220 5213 5212
f 5220 5221 5213
f 5221 5214 5213
f 5221 5222 5214
f 5222 5215 5214
f 5222 5223 5215
f 5223 5216 5215
f 5223 5224 5216
f 5224 5217 5216
f 5224 5225 5217
f 5225 5218 5217
f 5225 5226 5218
f 5226 5211 5218
f 5226 5219 5211
f 5227 5220 5219
f 5227 5228 5220
f 5228 5221 5220
f 5228 5229 5221
f 5229 5222 5221
f 5229 5230 5222
f 5230 5223 5222
f 5230 5231 5223
f 5231 5224 5223
f 5231 5232 5224
f 5232 5225 5224
f 5232 5233 5225
f 5233 5226 5225
f 5233 5234 5226
f 5234 5219 5226
f 5234 5227 5219
f 5235 5228 5227
f 5235 5236 5228
f 5236 5229 5228
f 5236 5237 5229
f 5237 5230 5229
f 5237 5238 5230
f 5238 5231 5230
f 5238 5239 5231
f 5239 5232 5231
f 5239 5240 5232
f 5240 5233 5232
f 5240 5241 5233
f 5241 5234 5233
f 5241 5242 5234
f 5242 5227 5234
f 5242 5235 5227
f 5243 5236 5235
f 5243 5244 5236
f 5244 5237 5236
f 5244 5245 5237
f 5245 5238 5237
f 5245 5246 5238
f 5246 5239 5238
f 5246 5247 5239
f 5247 5240 5239
f 5247 5248 5240
f 5248 5241 5240
f 5248 5249 5241
f 5249 5242 5241
f 5249 5250 5242
f 5250 5235 5242
f 5250 5243 5235
f 5251 5253 5254
f 5252 5286 5285
f 5251 5254 5255
f 5252 5287 5286
f 5251 5255 5256
f 5252 5288 5287
f 5251 5256 5257
f 5252 5289 5288
f 5251 5257 5258
f 5252 5290 5289
f 5251 5258 5259
f 5252 5291 5290
f 5251 5259 5260
f 5252 5292 5291
f 5251 5260 5253
f 5252 5285 5292
f 5261 5254 5253
f 5261 5262 5254
f 5262 5255 5254
f 5262 5263 5255
f 5263 5256 5255
f 5263 5264 5256
f 5264 5257 5256
f 5264 5265 5257
f 5265 5258 5257
f 5265 5266 5258
f 5266 5259 5258
f 5266 5267 5259
f 5267 5260 5259
f 5267 5268 5260
f 5268 5253 5260
f 5268 5261 5253
f 5269 5262 5261
f 5269 5270 5262
f 5270 5263 5262
f 5270 5271 5263
f 5271 5264 5263
f 5271 5272 5264
f 5272 5265 5264
f 5272 5273 5265
f 5273 5266 5265
f 5273 5274 5266
f 5274 5267 5266
f 5274 5275 5267
f 5275 5268 5267
f 5275 5276 5268
f 5276 5261 5268
f 5276 5269 5261
f 5277 5270 5269
f 5277 5278 5270
f 5278 5271 5270
f 5278 5279 5271
f 5279 5272 5271
f 5279 5280 5272
f 5280 5273 5272
f 5280 5281 5273
f 5281 5274 5273
f 5281 5282 5274
f 5282 5275 5274
f 5282 5283 5275
f 5283 5276 5275
f 5283 5284 5276
f 5284 5269 5276
f 5284 5277 5269
f 5285 5278 5277
f 5285 5286 5278
f 5286 5279 5278
f 5286 5287 5279
f 5287 5280 5279
f 5287 5288 5280
f 5288 5281 5280
f 5288 5289 5281
f 5289 5282 5281
f 5289 5290 5282
f 5290 5283 5282
f 5290 5291 5283
f 5291 5284 5283
f 5291 5292 5284
f 5292 5277 5284
f 5292 5285 5277
f 5293 5295 5296
f 5294 5328 5327
f 5293 5296 5297
f 5294 5329 5328
f 5293 5297 5298
f 5294 5330 5329
f 5293 5298 5299
f 5294 5331 5330
f 5293 5299 5300
f 5294 5332 5331
f 5293 5300 5301
f 5294 5333 5332
f 5293 5301 5302
f 5294 5334 5333
f 5293 5302 5295
f 5294 5327 5334
f 5303 5296 5295
f 5303 5304 5296
f 5304 5297 5296
f 5304 5305 5297
f 5305 5298 5297
f 5305 5306 5298
f 5306 5299 5298
f 5306 5307 5299
f 5307 5300 5299
f 5307 5308 5300
f 5308 5301 5300
f 5308 5309 5301
f 5309 5302 5301
f 5309 5310 5302
f 5310 5295 5302
f 5310 5303 5295
f 5311 5304 5303
f 5311 5312 5304
f 5312 5305 5304
f 5312 5313 5305
f 5313 5306 5305
f 5313 5314 5306
f 5314 5307 5306
f 5314 5315 5307
f 5315 5308 5307
f 5315 5316 5308
f 5316 5309 5308
f 5316 5317 5309
f 5317 5310 5309
f 5317 5318 5310
f 5318 5303 5310
f 5318 5311 5303
f 5319 5312 5311
f 5319 5320 5312
f 5320 5313 5312
f 5320 5321 5313
f 5321 5314 5313
f 5321 5322 5314
f 5322 5315 5314
f 5322 5323 5315
f 5323 5316 5315
f 5323 5324 5316
f 5324 5317 5316
f 5324 5325 5317
f 5325 5318 5317
f 5325 5326 5318
f 5326 5311 5318
f 5326 5319 5311
f 5327 5320 5319
f 5327 5328 5320
f 5328 5321 5320
f 5328 5329 5321
f 5329 5322 5321
f 5329 5330 5322
f 5330 5323 5322
f 5330 5331 5323
f 5331 5324 5323
f 5331 5332 5324
f 5332 5325 5324
f 5332 5333 5325
f 5333 5326 5325
f 5333 5334 5326
f 5334 5319 5326
f 5334 5327 5319
f 5335 5337 5338
f 5336 5370 5369
f 5335 5338 5339
f 5336 5371 5370
f 5335 5339 5340
f 5336 5372 5371
f 5335 5340 5341
f 5336 5373 5372
f 5335 5341 5342
f 5336 5374 5373
f 5335 5342 5343
f 5336 5375 5374
f 5335 5343 5344
f 5336 5376 5375
f 5335 5344 5337
f 5336 5369 5376
f 5345 5338 5337
f 5345 5346 5338
f 5346 5339 5338
f 5346 5347 5339
f 5347 5340 5339
f 5347 5348 5340
f 5348 5341 5340
f 5348 5349 5341
f 5349 5342 5341
f 5349 5350 5342
f 5350 5343 5342
f 5350 5351 5343
f 5351 5344 5343
f 5351 5352 5344
f 5352 5337 5344
f 5352 5345 5337
f 5353 5346 5345
f 5353 5354 5346
f 5354 5347 5346
f 5354 5355 5347
f 5355 5348 5347
f 5355 5356 5348
f 5356 5349 5348
f 5356 5357 5349
f 5357 5350 5349
f 5357 5358 5350
f 5358 5351 5350
f 5358 5359 5351
f 5359 5352 5351
f 5359 5360 5352
f 5360 5345 5352
f 5360 5353 5345
f 5361 5354 5353
f 5361 5362 5354
f 5362 5355 5354
f 5362 5363 5355
f 5363 5356 5355
f 5363 5364 5356
f 5364 5357 5356
f 5364 5365 5357
f 5365 5358 5357
f 5365 5366 5358
f 5366 5359 5358
f 5366 5367 5359
f 5367 5360 5359
f 5367 5368 5360
f 5368 5353 5360
f 5368 5361 5353
f 5369 5362 5361
f 5369 5370 5362
f 5370 5363 5362
f 5370 5371 5363
f 5371 5364 5363
f 5371 5372 5364
f 5372 5365 5364
f 5372 5373 5365
f 5373 5366 5365
f 5373 5374 5366
f 5374 5367 5366
f 5374 5375 5367
f 5375 5368 5367
f 5375 5376 5368
f 5376 5361 5368
f 5376 5369 5361
f 5377 5379 5380
f 5378 5412 5411
f 5377 5380 5381
f 5378 5413 5412
f 5377 5381 5382
f 5378 5414 5413
f 5377 5382 5383
f 5378 5415 5414
f 5377 5383 5384
f 5378 5416 5415
f 5377 5384 5385
f 5378 5417 5416
f 5377 5385 5386
f 5378 5418 5417
f 5377 5386 5379
f 5378 5411 5418
f 5387 5380 5379
f 5387 5388 5380
f 5388 5381 5380
f 5388 5389 5381
f 5389 5382 5381
f 5389 5390 5382
f 5390 5383 5382
f 5390 5391 5383
f 5391 5384 5383
f 5391 5392 5384
f 5392 5385 5384
f 5392 5393 5385
f 5393 5386 5385
f 5393 5394 5386
f 5394 5379 5386
f 5394 5387 5379
f 5395 5388 5387
f 5395 5396 5388
f 5396 5389 5388
f 5396 5397 5389
f 5397 5390 5389
f 5397 5398 5390
f 5398 5391 5390
f 5398 5399 5391
f 5399 5392 5391
f 5399 5400 5392
f 5400 5393 5392
f 5400 5401 5393
f 5401 5394 5393
f 5401 5402 5394
f 5402 5387 5394
f 5402 5395 5387
f 5403 5396 5395
f 5403 5404 5396
f 5404 5397 5396
f 5404 5405 5397
f 5405 5398 5397
f 5405 5406 5398
f 5406 5399 5398
f 5406 5407 5399
f 5407 5400 5399
f 5407 5408 5400
f 5408 5401 5400
f 5408 5409 5401
f 5409 5402 5401
f 5409 5410 5402
f 5410 5395 5402
f 5410 5403 5395
f 5411 5404 5403
f 5411 5412 5404
f 5412 5405 5404
f 5412 5413 5405
f 5413 5406 5405
f 5413 5414 5406
f 5414 5407 5406
f 5414 5415 5407
f 5415 5408 5407
f 5415 5416 5408
f 5416 5409 5408
f 5416 5417 5409
f 5417 5410 5409
f 5417 5418 5410
f 5418 5403 5410
f 5418 5411 5403
f 5419 5421 5422
f 5420 5454 5453
f 5419 5422 5423
f 5420 5455 5454
f 5419 5423 5424
f 5420 5456 5455
f 5419 5424 5425
f 5420 5457 5456
f 5419 5425 5426
f 5420 5458 5457
f 5419 5426 5427
f 5420 5459 5458
f 5419 5427 5428
f 5420 5460 5459
f 5419 5428 5421
f 5420 5453 5460
f 5429 5422 5421
f 5429 5430 5422
f 5430 5423 5422
f 5430 5431 5423
f 5431 5424 5423
f 5431 5432 5424
f 5432 5425 5424
f 5432 5433 5425
f 5433 5426 5425
f 5433 5434 5426
f 5434 5427 5426
f 5434 5435 5427
f 5435 5428 5427
f 5435 5436 5428
f 5436 5421 5428
f 5436 5429 5421
f 5437 5430 5429
f 5437 5438 5430
f 5438 5431 5430
f 5438 5439 5431
f 5439 5432 5431
f 5439 5440 5432
f 5440 5433 5432
f 5440 5441 5433
f 5441 5434 5433
f 5441 5442 5434
f 5442 5435 5434
f 5442 5443 5435
f 5443 5436 5435
f 5443 5444 5436
f 5444 5429 5436
f 5444 5437 5429
f 5445 5438 5437
f 5445 5446 5438
f 5446 5439 5438
f 5446 5447 5439
f 5447 5440 5439
f 5447 5448 5440
f 5448 5441 5440
f 5448 5449 5441
f 5449 5442 5441
f 5449 5450 5442
f 5450 5443 5442
f 5450 5451 5443
f 5451 5444 5443
f 5451 5452 5444
f 5452 5437 5444
f 5452 5445 5437
f 5453 5446 5445
f 5453 5454 5446
f 5454 5447 5446
f 5454 5455 5447
f 5455 5448 5447
f 5455 5456 5448
f 5456 5449 5448
f 5456 5457 5449
f 5457 5450 5449
f 5457 5458 5450
f 5458 5451 5450
f 5458 5459 5451
f 5459 5452 5451
f 5459 5460 5452
f 5460 5445 5452
f 5460 5453 5445
f 5461 5463 5464
f 5462 5496 5495
f 5461 5464 5465
f 5462 5497 5496
f 5461 5465 5466
f 5462 5498 5497
f 5461 5466 5467
f 5462 5499 5498
f 5461 5467 5468
f 5462 5500 5499
f 5461 5468 5469
f 5462 5501 5500
f 5461 5469 5470
f 5462 5502 5501
f 5461 5470 5463
f 5462 5495 5502
f 5471 5464 5463
f 5471 5472 5464
f 5472 5465 5464
f 5472 5473 5465
f 5473 5466 5465
f 5473 5474 5466
f 5474 5467 5466
f 5474 5475 5467
f 5475 5468 5467
f 5475 5476 5468
f 5476 5469 5468
f 5476 5477 5469
f 5477 5470 5469
f 5477 5478 5470
f 5478 5463 5470
f 5478 5471 5463
f 5479 5472 5471
f 5479 5480 5472
f 5480 5473 5472
f 5480 5481 5473
f 5481 5474 5473
f 5481 5482 5474
f 5482 5475 5474
f 5482 5483 5475
f 5483 5476 5475
f 5483 5484 5476
f 5484 5477 5476
f 5484 5485 5477
f 5485 5478 5477
f 5485 5486 5478
f 5486 5471 5478
f 5486 5479 5471
f 5487 5480 5479
f 5487 5488 5480
f 5488 5481 5480
f 5488 5489 5481
f 5489 5482 5481
f 5489 5490 5482
f 5490 5483 5482
f 5490 5491 5483
f 5491 5484 5483
f 5491 5492 5484
f 5492 5485 5484
f 5492 5493 5485
f 5493 5486 5485
f 5493 5494 5486
f 5494 5479 5486
f 5494 5487 5479
f 5495 5488 5487
f 5495 5496 5488
f 5496 5489 5488
f 5496 5497 5489
f 5497 5490 5489
f 5497 5498 5490
f 5498 5491 5490
f 5498 5499 5491
f 5499 5492 5491
f 5499 5500 5492
f 5500 5493 5492
f 5500 5501 5493
f 5501 5494 5493
f 5501 5502 5494
f 5502 5487 5494
f 5502 5495 5487
f 5503 5505 5506
f 5504 5538 5537
f 5503 5506 5507
f 5504 5539 5538
f 5503 5507 5508
f 5504 5540 5539
f 5503 5508 5509
f 5504 5541 5540
f 5503 5509 5510
f 5504 5542 5541
f 5503 5510 5511
f 5504 5543 5542
f 5503 5511 5512
f 5504 5544 5543
f 5503 5512 5505
f 5504 5537 5544
f 5513 5506 5505
f 5513 5514 5506
f 5514 5507 5506
f 5514 5515 5507
f 5515 5508 5507
f 5515 5516 5508
f 5516 5509 5508
f 5516 5517 5509
f 5517 5510 5509
f 5517 5518 5510
f 5518 5511 5510
f 5518 5519 5511
f 5519 5512 5511
f 5519 5520 5512
f 5520 5505 5512
f 5520 5513 5505
f 5521 5514 5513
f 5521 5522 5514
f 5522 5515 5514
f 5522 5523 5515
f 5523 5516 5515
f 5523 5524 5516
f 5524 5517 5516
f 5524 5525 5517
f 5525 5518 5517
f 5525 5526 5518
f 5526 5519 5518
f 5526 5527 5519
f 5527 5520 5519
f 5527 5528 5520
f 5528 5513 5520
f 5528 5521 5513
f 5529 5522 5521
f 5529 5530 5522
f 5530 5523 5522
f 5530 5531 5523
f 5531 5524 5523
f 5531 5532 5524
f 5532 5525 5524
f 5532 5533 5525
f 5533 5526 5525
f 5533 5534 5526
f 5534 5527 5526
f 5534 5535 5527
f 5535 5528 5527
f 5535 5536 5528
f 5536 5521 5528
f 5536 5529 5521
f 5537 5530 5529
f 5537 5538 5530
f 5538 5531 5530
f 5538 5539 5531
f 5539 5532 5531
f 5539 5540 5532
f 5540 5533 5532
f 5540 5541 5533
f 5541 5534 5533
f 5541 5542 5534
f 5542 5535 5534
f 5542 5543 5535
f 5543 5536 5535
f 5543 5544 5536
f 5544 5529 5536
f 5544 5537 5529
f 5545 5547 5548
f 5546 5580 5579
f 5545 5548 5549
f 5546 5581 5580
f 5545 5549 5550
f 5546 5582 5581
f 5545 5550 5551
f 5546 5583 5582
f 5545 5551 5552
f 5546 5584 5583
f 5545 5552 5553
f 5546 5585 5584
f 5545 5553 5554
f 5546 5586 5585
f 5545 5554 5547
f 5546 5579 5586
f 5555 5548 5547
f 5555 5556 5548
f 5556 5549 5548
f 5556 5557 5549
f 5557 5550 5549
f 5557 5558 5550
f 5558 5551 5550
f 5558 5559 5551
f 5559 5552 5551
f 5559 5560 5552
f 5560 5553 5552
f 5560 5561 5553
f 5561 5554 5553
f 5561 5562 5554
f 5562 5547 5554
f 5562 5555 5547
f 5563 5556 5555
f 5563 5564 5556
f 5564 5557 5556
f 5564 5565 5557
f 5565 5558 5557
f 5565 5566 5558
f 5566 5559 5558
f 5566 5567 5559
f 5567 5560 5559
f 5567 5568 5560
f 5568 5561 5560
f 5568 5569 5561
f 5569 5562 5561
f 5569 5570 5562
f 5570 5555 5562
f 5570 5563 5555
f 5571 5564 5563
f 5571 5572 5564
f 5572 5565 5564
f 5572 5573 5565
f 5573 5566 5565
f 5573 5574 5566
f 5574 5567 5566
f 5574 5575 5567
f 5575 5568 5567
f 5575 5576 5568
f 5576 5569 5568
f 5576 5577 5569
f 5577 5570 5569
f 5577 5578 5570
f 5578 5563 5570
f 5578 5571 5563
f 5579 5572 5571
f 5579 5580 5572
f 5580 5573 5572
f 5580 5581 5573
f 5581 5574 5573
f 5581 5582 5574
f 5582 5575 5574
f 5582 5583 5575
f 5583 5576 5575
f 5583 5584 5576
f 5584 5577 5576
f 5584 5585 5577
f 5585 5578 5577
f 5585 5586 5578
f 5586 5571 5578
f 5586 5579 5571
f 5587 5589 5590
f 5588 5622 5621
f 5587 5590 5591
f 5588 5623 5622
f 5587 5591 5592
f 5588 5624 5623
f 5587 5592 5593
f 5588 5625 5624
f 5587 5593 5594
f 5588 5626 5625
f 5587 5594 5595
f 5588 5627 5626
f 5587 5595 5596
f 5588 5628 5627
f 5587 5596 5589
f 5588 5621 5628
f 5597 5590 5589
f 5597 5598 5590
f 5598 5591 5590
f 5598 5599 5591
f 5599 5592 5591
f 5599 5600 5592
f 5600 5593 5592
f 5600 5601 5593
f 5601 5594 5593
f 5601 5602 5594
f 5602 5595 5594
f 5602 5603 5595
f 5603 5596 5595
f 5603 5604 5596
f 5604 5589 5596
f 5604 5597 5589
f 5605 5598 5597
f 5605 5606 5598
f 5606 5599 5598
f 5606 5607 5599
f 5607 5600 5599
f 5607 5608 5600
f 5608 5601 5600
f 5608 5609 5601
f 5609 5602 5601
f 5609 5610 5602
f 5610 5603 5602
f 5610 5611 5603
f 5611 5604 5603
f 5611 5612 5604
f 5612 5597 5604
f 5612 5605 5597
f 5613 5606 5605
f 5613 5614 5606
f 5614 5607 5606
f 5614 5615 5607
f 5615 5608 5607
f 5615 5616 5608
f 5616 5609 5608
f 5616 5617 5609
f 5617 5610 5609
f 5617 5618 5610
f 5618 5611 5610
f 5618 5619 5611
f 5619 5612 5611
f 5619 5620 5612
f 5620 5605 5612
f 5620 5613 5605
f 5621 5614 5613
f 5621 5622 5614
f 5622 5615 5614
f 5622 5623 5615
f 5623 5616 5615
f 5623 5624 5616
f 5624 5617 5616
f 5624 5625 5617
f 5625 5618 5617
f 5625 5626 5618
f 5626 5619 5618
f 5626 5627 5619
f 5627 5620 5619
f 5627 5628 5620
f 5628 5613 5620
f 5628 5621 5613
f 5629 5631 5632
f 5630 5664 5663
f 5629 5632 5633
f 5630 5665 5664
f 5629 5633 5634
f 5630 5666 5665
f 5629 5634 5635
f 5630 5667 5666
f 5629 5635 5636
f 5630 5668 5667
f 5629 5636 5637
f 5630 5669 5668
f 5629 5637 5638
f 5630 5670 5669
f 5629 5638 5631
f 5630 5663 5670
f 5639 5632 5631
f 5639 5640 5632
f 5640 5633 5632
f 5640 5641 5633
f 5641 5634 5633
f 5641 5642 5634
f 5642 5635 5634
f 5642 5643 5635
f 5643 5636 5635
f 5643 5644 5636
f 5644 5637 5636
f 5644 5645 5637
f 5645 5638 5637
f 5645 5646 5638
f 5646 5631 5638
f 5646 5639 5631
f 5647 5640 5639
f 5647 5648 5640
f 5648 5641 5640
f 5648 5649 5641
f 5649 5642 5641
f 5649 5650 5642
f 5650 5643 5642
f 5650 5651 5643
f 5651 5644 5643
f 5651 5652 5644
f 5652 5645 5644
f 5652 5653 5645
f 5653 5646 5645
f 5653 5654 5646
f 5654 5639 5646
f 5654 5647 5639
f 5655 5648 5647
f 5655 5656 5648
f 5656 5649 5648
f 5656 5657 5649
f 5657 5650 5649
f 5657 5658 5650
f 5658 5651 5650
f 5658 5659 5651
f 5659 5652 5651
f 5659 5660 5652
f 5660 5653 5652
f 5660 5661 5653
f 5661 5654 5653
f 5661 5662 5654
f 5662 5647 5654
f 5662 5655 5647
f 5663 5656 5655
f 5663 5664 5656
f 5664 5657 5656
f 5664 5665 5657
f 5665 5658 5657
f 5665 5666 5658
f 5666 5659 5658
f 5666 5667 5659
f 5667 5660 5659
f 5667 5668 5660
f 5668 5661 5660
f 5668 5669 5661
f 5669 5662 5661
f 5669 5670 5662
f 5670 5655 5662
f 5670 5663 5655
f 5671 5673 5674
f 5672 5706 5705
f 5671 5674 5675
f 5672 5707 5706
f 5671 5675 5676
f 5672 5708 5707
f 5671 5676 5677
f 5672 5709 5708
f 5671 5677 5678
f 5672 5710 5709
f 5671 5678 5679
f 5672 5711 5710
f 5671 5679 5680
f 5672 5712 5711
f 5671 5680 5673
f 5672 5705 5712
f 5681 5674 5673
f 5681 5682 5674
f 5682 5675 5674
f 5682 5683 5675
f 5683 5676 5675
f 5683 5684 5676
f 5684 5677 5676
f 5684 5685 5677
f 5685 5678 5677
f 5685 5686 5678
f 5686 5679 5678
f 5686 5687 5679
f 5687 5680 5679
f 5687 5688 5680
f 5688 5673 5680
f 5688 5681 5673
f 5689 5682 5681
f 5689 5690 5682
f 5690 5683 5682
f 5690 5691 5683
f 5691 5684 5683
f 5691 5692 5684
f 5692 5685 5684
f 5692 5693 5685
f 5693 5686 5685
f 5693 5694 5686
f 5694 5687 5686
f 5694 5695 5687
f 5695 5688 5687
f 5695 5696 5688
f 5696 5681 5688
f 5696 5689 5681
f 5697 5690 5689
f 5697 5698 5690
f 5698 5691 5690
f 5698 5699 5691
f 5699 5692 5691
f 5699 5700 5692
f 5700 5693 5692
f 5700 5701 5693
f 5701 5694 5693
f 5701 5702 5694
f 5702 5695 5694
f 5702 5703 5695
f 5703 5696 5695
f 5703 5704 5696
f 5704 5689 5696
f 5704 5697 5689
f 5705 5698 5697
f 5705 5706 5698
f 5706 5699 5698
f 5706 5707 5699
f 5707 5700 5699
f 5707 5708 5700
f 5708 5701 5700
f 5708 5709 5701
f 5709 5702 5701
f 5709 5710 5702
f 5710 5703 5702
f 5710 5711 5703
f 5711 5704 5703
f 5711 5712 5704
f 5712 5697 5704
f 5712 5705 5697
f 5713 5715 5716
f 5714 5748 5747
f 5713 5716 5717
f 5714 5749 5748
f 5713 5717 5718
f 5714 5750 5749
f 5713 5718 5719
f 5714 5751 5750
f 5713 5719 5720
f 5714 5752 5751
f 5713 5720 5721
f 5714 5753 5752
f 5713 5721 5722
f 5714 5754 5753
f 5713 5722 5715
f 5714 5747 5754
f 5723 5716 5715
f 5723 5724 5716
f 5724 5717 5716
f 5724 5725 5717
f 5725 5718 5717
f 5725 5726 5718
f 5726 5719 5718
f 5726 5727 5719
f 5727 5720 5719
f 5727 5728 5720
f 5728 5721 5720
f 5728 5729 5721
f 5729 5722 5721
f 5729 5730 5722
f 5730 5715 5722
f 5730 5723 5715
f 5731 5724 5723
f 5731 5732 5724
f 5732 5725 5724
f 5732 5733 5725
f 5733 5726 5725
f 5733 5734 5726
f 5734 5727 5726
f 5734 5735 5727
f 5735 5728 5727
f 5735 5736 5728
f 5736 5729 5728
f 5736 5737 5729
f 5737 5730 5729
f 5737 5738 5730
f 5738 5723 5730
f 5738 5731 5723
f 5739 5732 5731
f 5739 5740 5732
f 5740 5733 5732
f 5740 5741 5733
f 5741 5734 5733
f 5741 5742 5734
f 5742 5735 5734
f 5742 5743 5735
f 5743 5736 5735
f 5743 5744 5736
f 5744 5737 5736
f 5744 5745 5737
f 5745 5738 5737
f 5745 5746 5738
f 5746 5731 5738
f 5746 5739 5731
f 5747 5740 5739
f 5747 5748 5740
f 5748 5741 5740
f 5748 5749 5741
f 5749 5742 5741
f 5749 5750 5742
f 5750 5743 5742
f 5750 5751 5743
f 5751 5744 5743
f 5751 5752 5744
f 5752 5745 5744
f 5752 5753 5745
f 5753 5746 5745
f 5753 5754 5746
f 5754 5739 5746
f 5754 5747 5739
f 5755 5757 5758
f 5756 5790 5789
f 5755 5758 5759
f 5756 5791 5790
f 5755 5759 5760
f 5756 5792 5791
f 5755 5760 5761
f 5756 5793 5792
f 5755 5761 5762
f 5756 5794 5793
f 5755 5762 5763
f 5756 5795 5794
f 5755 5763 5764
f 5756 5796 5795
f 5755 5764 5757
f 5756 5789 5796
f 5765 5758 5757
f 5765 5766 5758
f 5766 5759 5758
f 5766 5767 5759
f 5767 5760 5759
f 5767 5768 5760
f 5768 5761 5760
f 5768 5769 5761
f 5769 5762 5761
f 5769 5770 5762
f 5770 5763 5762
f 5770 5771 5763
f 5771 5764 5763
f 5771 5772 5764
f 5772 5757 5764
f 5772 5765 5757
f 5773 5766 5765
f 5773 5774 5766
f 5774 5767 5766
f 5774 5775 5767
f 5775 5768 5767
f 5775 5776 5768
f 5776 5769 5768
f 5776 5777 5769
f 5777 5770 5769
f 5777 5778 5770
f 5778 5771 5770
f 5778 5779 5771
f 5779 5772 5771
f 5779 5780 5772
f 5780 5765 5772
f 5780 5773 5765
f 5781 5774 5773
f 5781 5782 5774
f 5782 5775 5774
f 5782 5783 5775
f 5783 5776 5775
f 5783 5784 5776
f 5784 5777 5776
f 5784 5785 5777
f 5785 5778 5777
f 5785 5786 5778
f 5786 5779 5778
f 5786 5787 5779
f 5787 5780 5779
f 5787 5788 5780
f 5788 5773 5780
f 5788 5781 5773
f 5789 5782 5781
f 5789 5790 5782
f 5790 5783 5782
f 5790 5791 5783
f 5791 5784 5783
f 5791 5792 5784
f 5792 5785 5784
f 5792 5793 5785
f 5793 5786 5785
f 5793 5794 5786
f 5794 5787 5786
f 5794 5795 5787
f 5795 5788 5787
f 5795 5796 5788
f 5796 5781 5788
f 5796 5789 5781
f 5797 5799 5800
f 5798 5832 5831
f 5797 5800 5801
f 5798 5833 5832
f 5797 5801 5802
f 5798 5834 5833
f 5797 5802 5803
f 5798 5835 5834
f 5797 5803 5804
f 5798 5836 5835
f 5797 5804 5805
f 5798 5837 5836
f 5797 5805 5806
f 5798 5838 5837
f 5797 5806 5799
f 5798 5831 5838
f 5807 5800 5799
f 5807 5808 5800
f 5808 5801 5800
f 5808 5809 5801
f 5809 5802 5801
f 5809 5810 5802
f 5810 5803 5802
f 5810 5811 5803
f 5811 5804 5803
f 5811 5812 5804
f 5812 5805 5804
f 5812 5813 5805
f 5813 5806 5805
f 5813 5814 5806
f 5814 5799 5806
f 5814 5807 5799
f 5815 5808 5807
f 5815 5816 5808
f 5816 5809 5808
f 5816 5817 5809
f 5817 5810 5809
f 5817 5818 5810
f 5818 5811 5810
f 5818 5819 5811
f 5819 5812 5811
f 5819 5820 5812
f 5820 5813 5812
f 5820 5821 5813
f 5821 5814 5813
f 5821 5822 5814
f 5822 5807 5814
f 5822 5815 5807
f 5823 5816 5815
f 5823 5824 5816
f 5824 5817 5816
f 5824 5825 5817
f 5825 5818 5817
f 5825 5826 5818
f 5826 5819 5818
f 5826 5827 5819
f 5827 5820 5819
f 5827 5828 5820
f 5828 5821 5820
f 5828 5829 5821
f 5829 5822 5821
f 5829 5830 5822
f 5830 5815 5822
f 5830 5823 5815
f 5831 5824 5823
f 5831 5832 5824
f 5832 5825 5824
f 5832 5833 5825
f 5833 5826 5825
f 5833 5834 5826
f 5834 5827 5826
f 5834 5835 5827
f 5835 5828 5827
f 5835 5836 5828
f 5836 5829 5828
f 5836 5837 5829
f 5837 5830 5829
f 5837 5838 5830
f 5838 5823 5830
f 5838 5831 5823
f 5839 5841 5842
f 5840 5874 5873
f 5839 5842 5843
f 5840 5875 5874
f 5839 5843 5844
f 5840 5876 5875
f 5839 5844 5845
f 5840 5877 5876
f 5839 5845 5846
f 5840 5878 5877
f 5839 5846 5847
f 5840 5879 5878
f 5839 5847 5848
f 5840 5880 5879
f 5839 5848 5841
f 5840 5873 5880
f 5849 5842 5841
f 5849 5850 5842
f 5850 5843 5842
f 5850 5851 5843
f 5851 5844 5843
f 5851 5852 5844
f 5852 5845 5844
f 5852 5853 5845
f 5853 5846 5845
f 5853 5854 5846
f 5854 5847 5846
f 5854 5855 5847
f 5855 5848 5847
f 5855 5856 5848
f 5856 5841 5848
f 5856 5849 5841
f 5857 5850 5849
f 5857 5858 5850
f 5858 5851 5850
f 5858 5859 5851
f 5859 5852 5851
f 5859 5860 5852
f 5860 5853 5852
f 5860 5861 5853
f 5861 5854 5853
f 5861 5862 5854
f 5862 5855 5854
f 5862 5863 5855
f 5863 5856 5855
f 5863 5864 5856
f 5864 5849 5856
f 5864 5857 5849
f 5865 5858 5857
f 5865 5866 5858
f 5866 5859 5858
f 5866 5867 5859
f 5867 5860 5859
f 5867 5868 5860
f 5868 5861 5860
f 5868 5869 5861
f 5869 5862 5861
f 5869 5870 5862
f 5870 5863 5862
f 5870 5871 5863
f 5871 5864 5863
f 5871 5872 5864
f 5872 5857 5864
f 5872 5865 5857
f 5873 5866 5865
f 5873 5874 5866
f 5874 5867 5866
f 5874 5875 5867
f 5875 5868 5867
f 5875 5876 5868
f 5876 5869 5868
f 5876 5877 5869
f 5877 5870 5869
f 5877 5878 5870
f 5878 5871 5870
f 5878 5879 5871
f 5879 5872 5871
f 5879 5880 5872
f 5880 5865 5872
f 5880 5873 5865
f 5881 5883 5884
f 5882 5916 5915
f 5881 5884 5885
f 5882 5917 5916
f 5881 5885 5886
f 5882 5918 5917
f 5881 5886 5887
f 5882 5919 5918
f 5881 5887 5888
f 5882 5920 5919
f 5881 5888 5889
f 5882 5921 5920
f 5881 5889 5890
f 5882 5922 5921
f 5881 5890 5883
f 5882 5915 5922
f 5891 5884 5883
f 5891 5892 5884
f 5892 5885 5884
f 5892 5893 5885
f 5893 5886 5885
f 5893 5894 5886
f 5894 5887 5886
f 5894 5895 5887
f 5895 5888 5887
f 5895 5896 5888
f 5896 5889 5888
f 5896 5897 5889
f 5897 5890 5889
f 5897 5898 5890
f 5898 5883 5890
f 5898 5891 5883
f 5899 5892 5891
f 5899 5900 5892
f 5900 5893 5892
f 5900 5901 5893
f 5901 5894 5893
f 5901 5902 5894
f 5902 5895 5894
f 5902 5903 5895
f 5903 5896 5895
f 5903 5904 5896
f 5904 5897 5896
f 5904 5905 5897
f 5905 5898 5897
f 5905 5906 5898
f 5906 5891 5898
f 5906 5899 5891
f 5907 5900 5899
f 5907 5908 5900
f 5908 5901 5900
f 5908 5909 5901
f 5909 5902 5901
f 5909 5910 5902
f 5910 5903 5902
f 5910 5911 5903
f 5911 5904 5903
f 5911 5912 5904
f 5912 5905 5904
f 5912 5913 5905
f 5913 5906 5905
f 5913 5914 5906
f 5914 5899 5906
f 5914 5907 5899
f 5915 5908 5907
f 5915 5916 5908
f 5916 5909 5908
f 5916 5917 5909
f 5917 5910 5909
f 5917 5918 5910
f 5918 5911 5910
f 5918 5919 5911
f 5919 5912 5911
f 5919 5920 5912
f 5920 5913 5912
f 5920 5921 5913
f 5921 5914 5913
f 5921 5922 5914
f 5922 5907 5914
f 5922 5915 5907
f 5923 5925 5926
f 5924 5958 5957
f 5923 5926 5927
f 5924 5959 5958
f 5923 5927 5928
f 5924 5960 5959
f 5923 5928 5929
f 5924 5961 5960
f 5923 5929 5930
f 5924 5962 5961
f 5923 5930 5931
f 5924 5963 5962
f 5923 5931 5932
f 5924 5964 5963
f 5923 5932 5925
f 5924 5957 5964
f 5933 5926 5925
f 5933 5934 5926
f 5934 5927 5926
f 5934 5935 5927
f 5935 5928 5927
f 5935 5936 5928
f 5936 5929 5928
f 5936 5937 5929
f 5937 5930 5929
f 5937 5938 5930
f 5938 5931 5930
f 5938 5939 5931
f 5939 5932 5931
f 5939 5940 5932
f 5940 5925 5932
f 5940 5933 5925
f 5941 5934 5933
f 5941 5942 5934
f 5942 5935 5934
f 5942 5943 5935
f 5943 5936 5935
f 5943 5944 5936
f 5944 5937 5936
f 5944 5945 5937
f 5945 5938 5937
f 5945 5946 5938
f 5946 5939 5938
f 5946 5947 5939
f 5947 5940 5939
f 5947 5948 5940
f 5948 5933 5940
f 5948 5941 5933
f 5949 5942 5941
f 5949 5950 5942
f 5950 5943 5942
f 5950 5951 5943
f 5951 5944 5943
f 5951 5952 5944
f 5952 5945 5944
f 5952 5953 5945
f 5953 5946 5945
f 5953 5954 5946
f 5954 5947 5946
f 5954 5955 5947
f 5955 5948 5947
f 5955 5956 5948
f 5956 5941 5948
f 5956 5949 5941
f 5957 5950 5949
f 5957 5958 5950
f 5958 5951 5950
f 5958 5959 5951
f 5959 5952 5951
f 5959 5960 5952
f 5960 5953 5952
f 5960 5961 5953
f 5961 5954 5953
f 5961 5962 5954
f 5962 5955 5954
f 5962 5963 5955
f 5963 5956 5955
f 5963 5964 5956
f 5964 5949 5956
f 5964 5957 5949
f 5965 5967 5968
f 5966 6000 5999
f 5965 5968 5969
f 5966 6001 6000
f 5965 5969 5970
f 5966 6002 6001
f 5965 5970 5971
f 5966 6003 6002
f 5965 5971 5972
f 5966 6004 6003
f 5965 5972 5973
f 5966 6005 6004
f 5965 5973 5974
f 5966 6006 6005
f 5965 5974 5967
f 5966 5999 6006
f 5975 5968 5967
f 5975 5976 5968
f 5976 5969 5968
f 5976 5977 5969
f 5977 5970 5969
f 5977 5978 5970
f 5978 5971 5970
f 5978 5979 5971
f 5979 5972 5971
f 5979 5980 5972
f 5980 5973 5972
f 5980 5981 5973
f 5981 5974 5973
f 5981 5982 5974
f 5982 5967 5974
f 5982 5975 5967
f 5983 5976 5975
f 5983 5984 5976
f 5984 5977 5976
f 5984 5985 5977
f 5985 5978 5977
f 5985 5986 5978
f 5986 5979 5978
f 5986 5987 5979
f 5987 5980 5979
f 5987 5988 5980
f 5988 5981 5980
f 5988 5989 5981
f 5989 5982 5981
f 5989 5990 5982
f 5990 5975 5982
f 5990 5983 5975
f 5991 5984 5983
f 5991 5992 5984
f 5992 5985 5984
f 5992 5993 5985
f 5993 5986 5985
f 5993 5994 5986
f 5994 5987 5986
f 5994 5995 5987
f 5995 5988 5987
f 5995 5996 5988
f 5996 5989 5988
f 5996 5997 5989
f 5997 5990 5989
f 5997 5998 5990
f 5998 5983 5990
f 5998 5991 5983
f 5999 5992 5991
f 5999 6000 5992
f 6000 5993 5992
f 6000 6001 5993
f 6001 5994 5993
f 6001 6002 5994
f 6002 5995 5994
f 6002 6003 5995
f 6003 5996 5995
f 6003 6004 5996
f 6004 5997 5996
f 6004 6005 5997
f 6005 5998 5997
f 6005 6006 5998
f 6006 5991 5998
f 6006 5999 5991
f 6007 6009 6010
f 6008 6042 6041
f 6007 6010 6011
f 6008 6043 6042
f 6007 6011 6012
f 6008 6044 6043
f 6007 6012 6013
f 6008 6045 6044
f 6007 6013 6014
f 6008 6046 6045
f 6007 6014 6015
f 6008 6047 6046
f 6007 6015 6016
f 6008 6048 6047
f 6007 6016 6009
f 6008 6041 6048
f 6017 6010 6009
f 6017 6018 6010
f 6018 6011 6010
f 6018 6019 6011
f 6019 6012 6011
f 6019 6020 6012
f 6020 6013 6012
f 6020 6021 6013
f 6021 6014 6013
f 6021 6022 6014
f 6022 6015 6014
f 6022 6023 6015
f 6023 6016 6015
f 6023 6024 6016
f 6024 6009 6016
f 6024 6017 6009
f 6025 6018 6017
f 6025 6026 6018
f 6026 6019 6018
f 6026 6027 6019
f 6027 6020 6019
f 6027 6028 6020
f 6028 6021 6020
f 6028 6029 6021
f 6029 6022 6021
f 6029 6030 6022
f 6030 6023 6022
f 6030 6031 6023
f 6031 6024 6023
f 6031 6032 6024
f 6032 6017 6024
f 6032 6025 6017
f 6033 6026 6025
f 6033 6034 6026
f 6034 6027 6026
f 6034 6035 6027
f 6035 6028 6027
f 6035 6036 6028
f 6036 6029 6028
f 6036 6037 6029
f 6037 6030 6029
f 6037 6038 6030
f 6038 6031 6030
f 6038 6039 6031
f 6039 6032 6031
f 6039 6040 6032
f 6040 6025 6032
f 6040 6033 6025
f 6041 6034 6033
f 6041 6042 6034
f 6042 6035 6034
f 6042 6043 6035
f 6043 6036 6035
f 6043 6044 6036
f 6044 6037 6036
f 6044 6045 6037
f 6045 6038 6037
f 6045 6046 6038
f 6046 6039 6038
f 6046 6047 6039
f 6047 6040 6039
f 6047 6048 6040
f 6048 6033 6040
f 6048 6041 6033
f 6049 6051 6052
f 6050 6084 6083
f 6049 6052 6053
f 6050 6085 6084
f 6049 6053 6054
f 6050 6086 6085
f 6049 6054 6055
f 6050 6087 6086
f 6049 6055 6056
f 6050 6088 6087
f 6049 6056 6057
f 6050 6089 6088
f 6049 6057 6058
f 6050 6090 6089
f 6049 6058 6051
f 6050 6083 6090
f 6059 6052 6051
f 6059 6060 6052
f 6060 6053 6052
f 6060 6061 6053
f 6061 6054 6053
f 6061 6062 6054
f 6062 6055 6054
f 6062 6063 6055
f 6063 6056 6055
f 6063 6064 6056
f 6064 6057 6056
f 6064 6065 6057
f 6065 6058 6057
f 6065 6066 6058
f 6066 6051 6058
f 6066 6059 6051
f 6067 6060 6059
f 6067 6068 6060
f 6068 6061 6060
f 6068 6069 6061
f 6069 6062 6061
f 6069 6070 6062
f 6070 6063 6062
f 6070 6071 6063
f 6071 6064 6063
f 6071 6072 6064
f 6072 6065 6064
f 6072 6073 6065
f 6073 6066 6065
f 6073 6074 6066
f 6074 6059 6066
f 6074 6067 6059
f 6075 6068 6067
f 6075 6076 6068
f 6076 6069 6068
f 6076 6077 6069
f 6077 6070 6069
f 6077 6078 6070
f 6078 6071 6070
f 6078 6079 6071
f 6079 6072 6071
f 6079 6080 6072
f 6080 6073 6072
f 6080 6081 6073
f 6081 6074 6073
f 6081 6082 6074
f 6082 6067 6074
f 6082 6075 6067
f 6083 6076 6075
f 6083 6084 6076
f 6084 6077 6076
f 6084 6085 6077
f 6085 6078 6077
f 6085 6086 6078
f 6086 6079 6078
f 6086 6087 6079
f 6087 6080 6079
f 6087 6088 6080
f 6088 6081 6080
f 6088 6089 6081
f 6089 6082 6081
f 6089 6090 6082
f 6090 6075 6082
f 6090 6083 6075
f 6091 6093 6094
f 6092 6126 6125
f 6091 6094 6095
f 6092 6127 6126
f 6091 6095 6096
f 6092 6128 6127
f 6091 6096 6097
f 6092 6129 6128
f 6091 6097 6098
f 6092 6130 6129
f 6091 6098 6099
f 6092 6131 6130
f 6091 6099 6100
f 6092 6132 6131
f 6091 6100 6093
f 6092 6125 6132
f 6101 6094 6093
f 6101 6102 6094
f 6102 6095 6094
f 6102 6103 6095
f 6103 6096 6095
f 6103 6104 6096
f 6104 6097 6096
f 6104 6105 6097
f 6105 6098 6097
f 6105 6106 6098
f 6106 6099 6098
f 6106 6107 6099
f 6107 6100 6099
f 6107 6108 6100
f 6108 6093 6100
f 6108 6101 6093
f 6109 6102 6101
f 6109 6110 6102
f 6110 6103 6102
f 6110 6111 6103
f 6111 6104 6103
f 6111 6112 6104
f 6112 6105 6104
f 6112 6113 6105
f 6113 6106 6105
f 6113 6114 6106
f 6114 6107 6106
f 6114 6115 6107
f 6115 6108 6107
f 6115 6116 6108
f 6116 6101 6108
f 6116 6109 6101
f 6117 6110 6109
f 6117 6118 6110
f 6118 6111 6110
f 6118 6119 6111
f 6119 6112 6111
f 6119 6120 6112
f 6120 6113 6112
f 6120 6121 6113
f 6121 6114 6113
f 6121 6122 6114
f 6122 6115 6114
f 6122 6123 6115
f 6123 6116 6115
f 6123 6124 6116
f 6124 6109 6116
f 6124 6117 6109
f 6125 6118 6117
f 6125 6126 6118
f 6126 6119 6118
f 6126 6127 6119
f 6127 6120 6119
f 6127 6128 6120
f 6128 6121 6120
f 6128 6129 6121
f 6129 6122 6121
f 6129 6130 6122
f 6130 6123 6122
f 6130 6131 6123
f 6131 6124 6123
f 6131 6132 6124
f 6132 6117 6124
f 6132 6125 6117
f 6133 6135 6136
f 6134 6168 6167
f 6133 6136 6137
f 6134 6169 6168
f 6133 6137 6138
f 6134 6170 6169
f 6133 6138 6139
f 6134 6171 6170
f 6133 6139 6140
f 6134 6172 6171
f 6133 6140 6141
f 6134 6173 6172
f 6133 6141 6142
f 6134 6174 6173
f 6133 6142 6135
f 6134 6167 6174
f 6143 6136 6135
f 6143 6144 6136
f 6144 6137 6136
f 6144 6145 6137
f 6145 6138 6137
f 6145 6146 6138
f 6146 6139 6138
f 6146 6147 6139
f 6147 6140 6139
f 6147 6148 6140
f 6148 6141 6140
f 6148 6149 6141
f 6149 6142 6141
f 6149 6150 6142
f 6150 6135 6142
f 6150 6143 6135
f 6151 6144 6143
f 6151 6152 6144
f 6152 6145 6144
f 6152 6153 6145
f 6153 6146 6145
f 6153 6154 6146
f 6154 6147 6146
f 6154 6155 6147
f 6155 6148 6147
f 6155 6156 6148
f 6156 6149 6148
f 6156 6157 6149
f 6157 6150 6149
f 6157 6158 6150
f 6158 6143 6150
f 6158 6151 6143
f 6159 6152 6151
f 6159 6160 6152
f 6160 6153 6152
f 6160 6161 6153
f 6161 6154 6153
f 6161 6162 6154
f 6162 6155 6154
f 6162 6163 6155
f 6163 6156 6155
f 6163 6164 6156
f 6164 6157 6156
f 6164 6165 6157
f 6165 6158 6157
f 6165 6166 6158
f 6166 6151 6158
f 6166 6159 6151
f 6167 6160 6159
f 6167 6168 6160
f 6168 6161 6160
f 6168 6169 6161
f 6169 6162 6161
f 6169 6170 6162
f 6170 6163 6162
f 6170 6171 6163
f 6171 6164 6163
f 6171 6172 6164
f 6172 6165 6164
f 6172 6173 6165
f 6173 6166 6165
f 6173 6174 6166
f 6174 6159 6166
f 6174 6167 6159
f 6175 6177 6178
f 6176 6210 6209
f 6175 6178 6179
f 6176 6211 6210
f 6175 6179 6180
f 6176 6212 6211
f 6175 6180 6181
f 6176 6213 6212
f 6175 6181 6182
f 6176 6214 6213
f 6175 6182 6183
f 6176 6215 6214
f 6175 6183 6184
f 6176 6216 6215
f 6175 6184 6177
f 6176 6209 6216
f 6185 6178 6177
f 6185 6186 6178
f 6186 6179 6178
f 6186 6187 6179
f 6187 6180 6179
f 6187 6188 6180
f 6188 6181 6180
f 6188 6189 6181
f 6189 6182 6181
f 6189 6190 6182
f 6190 6183 6182
f 6190 6191 6183
f 6191 6184 6183
f 6191 6192 6184
f 6192 6177 6184
f 6192 6185 6177
f 6193 6186 6185
f 6193 6194 6186
f 6194 6187 6186
f 6194 6195 6187
f 6195 6188 6187
f 6195 6196 6188
f 6196 6189 6188
f 6196 6197 6189
f 6197 6190 6189
f 6197 6198 6190
f 6198 6191 6190
f 6198 6199 6191
f 6199 6192 6191
f 6199 6200 6192
f 6200 6185 6192
f 6200 6193 6185
f 6201 6194 6193
f 6201 6202 6194
f 6202 6195 6194
f 6202 6203 6195
f 6203 6196 6195
f 6203 6204 6196
f 6204 6197 6196
f 6204 6205 6197
f 6205 6198 6197
f 6205 6206 6198
f 6206 6199 6198
f 6206 6207 6199
f 6207 6200 6199
f 6207 6208 6200
f 6208 6193 6200
f 6208 6201 6193
f 6209 6202 6201
f 6209 6210 6202
f 6210 6203 6202
f 6210 6211 6203
f 6211 6204 6203
f 6211 6212 6204
f 6212 6205 6204
f 6212 6213 6205
f 6213 6206 6205
f 6213 6214 6206
f 6214 6207 6206
f 6214 6215 6207
f 6215 6208 6207
f 6215 6216 6208
f 6216 6201 6208
f 6216 6209 6201
f 6217 6219 6220
f 6218 6252 6251
f 6217 6220 6221
f 6218 6253 6252
f 6217 6221 6222
f 6218 6254 6253
f 6217 6222 6223
f 6218 6255 6254
f 6217 6223 6224
f 6218 6256 6255
f 6217 6224 6225
f 6218 6257 6256
f 6217 6225 6226
f 6218 6258 6257
f 6217 6226 6219
f 6218 6251 6258
f 6227 6220 6219
f 6227 6228 6220
f 6228 6221 6220
f 6228 6229 6221
f 6229 6222 6221
f 6229 6230 6222
f 6230 6223 6222
f 6230 6231 6223
f 6231 6224 6223
f 6231 6232 6224
f 6232 6225 6224
f 6232 6233 6225
f 6233 6226 6225
f 6233 6234 6226
f 6234 6219 6226
f 6234 6227 6219
f 6235 6228 6227
f 6235 6236 6228
f 6236 6229 6228
f 6236 6237 6229
f 6237 6230 6229
f 6237 6238 6230
f 6238 6231 6230
f 6238 6239 6231
f 6239 6232 6231
f 6239 6240 6232
f 6240 6233 6232
f 6240 6241 6233
f 6241 6234 6233
f 6241 6242 6234
f 6242 6227 6234
f 6242 6235 6227
f 6243 6236 6235
f 6243 6244 6236
f 6244 6237 6236
f 6244 6245 6237
f 6245 6238 6237
f 6245 6246 6238
f 6246 6239 6238
f 6246 6247 6239
f 6247 6240 6239
f 6247 6248 6240
f 6248 6241 6240
f 6248 6249 6241
f 6249 6242 6241
f 6249 6250 6242
f 6250 6235 6242
f 6250 6243 6235
f 6251 6244 6243
f 6251 6252 6244
f 6252 6245 6244
f 6252 6253 6245
f 6253 6246 6245
f 6253 6254 6246
f 6254 6247 6246
f 6254 6255 6247
f 6255 6248 6247
f 6255 6256 6248
f 6256 6249 6248
f 6256 6257 6249
f 6257 6250 6249
f 6257 6258 6250
f 6258 6243 6250
f 6258 6251 6243
f 6259 6261 6262
f 6260 6294 6293
f 6259 6262 6263
f 6260 6295 6294
f 6259 6263 6264
f 6260 6296 6295
f 6259 6264 6265
f 6260 6297 6296
f 6259 6265 6266
f 6260 6298 6297
f 6259 6266 6267
f 6260 6299 6298
f 6259 6267 6268
f 6260 6300 6299
f 6259 6268 6261
f 6260 6293 6300
f 6269 6262 6261
f 6269 6270 6262
f 6270 6263 6262
f 6270 6271 6263
f 6271 6264 6263
f 6271 6272 6264
f 6272 6265 6264
f 6272 6273 6265
f 6273 6266 6265
f 6273 6274 6266
f 6274 6267 6266
f 6274 6275 6267
f 6275 6268 6267
f 6275 6276 6268
f 6276 6261 6268
f 6276 6269 6261
f 6277 6270 6269
f 6277 6278 6270
f 6278 6271 6270
f 6278 6279 6271
f 6279 6272 6271
f 6279 6280 6272
f 6280 6273 6272
f 6280 6281 6273
f 6281 6274 6273
f 6281 6282 6274
f 6282 6275 6274
f 6282 6283 6275
f 6283 6276 6275
f 6283 6284 6276
f 6284 6269 6276
f 6284 6277 6269
f 6285 6278 6277
f 6285 6286 6278
f 6286 6279 6278
f 6286 6287 6279
f 6287 6280 6279
f 6287 6288 6280
f 6288 6281 6280
f 6288 6289 6281
f 6289 6282 6281
f 6289 6290 6282
f 6290 6283 6282
f 6290 6291 6283
f 6291 6284 6283
f 6291 6292 6284
f 6292 6277 6284
f 6292 6285 6277
f 6293 6286 6285
f 6293 6294 6286
f 6294 6287 6286
f 6294 6295 6287
f 6295 6288 6287
f 6295 6296 6288
f 6296 6289 6288
f 6296 6297 6289
f 6297 6290 6289
f 6297 6298 6290
f 6298 6291 6290
f 6298 6299 6291
f 6299 6292 6291
f 6299 6300 6292
f 6300 6285 6292
f 6300 6293 6285
f 6301 6303 6304
f 6302 6336 6335
f 6301 6304 6305
f 6302 6337 6336
f 6301 6305 6306
f 6302 6338 6337
f 6301 6306 6307
f 6302 6339 6338
f 6301 6307 6308
f 6302 6340 6339
f 6301 6308 6309
f 6302 6341 6340
f 6301 6309 6310
f 6302 6342 6341
f 6301 6310 6303
f 6302 6335 6342
f 6311 6304 6303
f 6311 6312 6304
f 6312 6305 6304
f 6312 6313 6305
f 6313 6306 6305
f 6313 6314 6306
f 6314 6307 6306
f 6314 6315 6307
f 6315 6308 6307
f 6315 6316 6308
f 6316 6309 6308
f 6316 6317 6309
f 6317 6310 6309
f 6317 6318 6310
f 6318 6303 6310
f 6318 6311 6303
f 6319 6312 6311
f 6319 6320 6312
f 6320 6313 6312
f 6320 6321 6313
f 6321 6314 6313
f 6321 6322 6314
f 6322 6315 6314
f 6322 6323 6315
f 6323 6316 6315
f 6323 6324 6316
f 6324 6317 6316
f 6324 6325 6317
f 6325 6318 6317
f 6325 6326 6318
f 6326 6311 6318
f 6326 6319 6311
f 6327 6320 6319
f 6327 6328 6320
f 6328 6321 6320
f 6328 6329 6321
f 6329 6322 6321
f 6329 6330 6322
f 6330 6323 6322
f 6330 6331 6323
f 6331 6324 6323
f 6331 6332 6324
f 6332 6325 6324
f 6332 6333 6325
f 6333 6326 6325
f 6333 6334 6326
f 6334 6319 6326
f 6334 6327 6319
f 6335 6328 6327
f 6335 6336 6328
f 6336 6329 6328
f 6336 6337 6329
f 6337 6330 6329
f 6337 6338 6330
f 6338 6331 6330
f 6338 6339 6331
f 6339 6332 6331
f 6339 6340 6332
f 6340 6333 6332
f 6340 6341 6333
f 6341 6334 6333
f 6341 6342 6334
f 6342 6327 6334
f 6342 6335 6327
f 6343 6345 6346
f 6344 6378 6377
f 6343 6346 6347
f 6344 6379 6378
f 6343 6347 6348
f 6344 6380 6379
f 6343 6348 6349
f 6344 6381 6380
f 6343 6349 6350
f 6344 6382 6381
f 6343 6350 6351
f 6344 6383 6382
f 6343 6351 6352
f 6344 6384 6383
f 6343 6352 6345
f 6344 6377 6384
f 6353 6346 6345
f 6353 6354 6346
f 6354 6347 6346
f 6354 6355 6347
f 6355 6348 6347
f 6355 6356 6348
f 6356 6349 6348
f 6356 6357 6349
f 6357 6350 6349
f 6357 6358 6350
f 6358 6351 6350
f 6358 6359 6351
f 6359 6352 6351
f 6359 6360 6352
f 6360 6345 6352
f 6360 6353 6345
f 6361 6354 6353
f 6361 6362 6354
f 6362 6355 6354
f 6362 6363 6355
f 6363 6356 6355
f 6363 6364 6356
f 6364 6357 6356
f 6364 6365 6357
f 6365 6358 6357
f 6365 6366 6358
f 6366 6359 6358
f 6366 6367 6359
f 6367 6360 6359
f 6367 6368 6360
f 6368 6353 6360
f 6368 6361 6353
f 6369 6362 6361
f 6369 6370 6362
f 6370 6363 6362
f 6370 6371 6363
f 6371 6364 6363
f 6371 6372 6364
f 6372 6365 6364
f 6372 6373 6365
f 6373 6366 6365
f 6373 6374 6366
f 6374 6367 6366
f 6374 6375 6367
f 6375 6368 6367
f 6375 6376 6368
f 6376 6361 6368
f 6376 6369 6361
f 6377 6370 6369
f 6377 6378 6370
f 6378 6371 6370
f 6378 6379 6371
f 6379 6372 6371
f 6379 6380 6372
f 6380 6373 6372
f 6380 6381 6373
f 6381 6374 6373
f 6381 6382 6374
f 6382 6375 6374
f 6382 6383 6375
f 6383 6376 6375
f 6383 6384 6376
f 6384 6369 6376
f 6384 6377 6369
f 6385 6387 6388
f 6386 6420 6419
f 6385 6388 6389
f 6386 6421 6420
f 6385 6389 6390
f 6386 6422 6421
f 6385 6390 6391
f 6386 6423 6422
f 6385 6391 6392
f 6386 6424 6423
f 6385 6392 6393
f 6386 6425 6424
f 6385 6393 6394
f 6386 6426 6425
f 6385 6394 6387
f 6386 6419 6426
f 6395 6388 6387
f 6395 6396 6388
f 6396 6389 6388
f 6396 6397 6389
f 6397 6390 6389
f 6397 6398 6390
f 6398 6391 6390
f 6398 6399 6391
f 6399 6392 6391
f 6399 6400 6392
f 6400 6393 6392
f 6400 6401 6393
f 6401 6394 6393
f 6401 6402 6394
f 6402 6387 6394
f 6402 6395 6387
f 6403 6396 6395
f 6403 6404 6396
f 6404 6397 6396
f 6404 6405 6397
f 6405 6398 6397
f 6405 6406 6398
f 6406 6399 6398
f 6406 6407 6399
f 6407 6400 6399
f 6407 6408 6400
f 6408 6401 6400
f 6408 6409 6401
f 6409 6402 6401
f 6409 6410 6402
f 6410 6395 6402
f 6410 6403 6395
f 6411 6404 6403
f 6411 6412 6404
f 6412 6405 6404
f 6412 6413 6405
f 6413 6406 6405
f 6413 6414 6406
f 6414 6407 6406
f 6414 6415 6407
f 6415 6408 6407
f 6415 6416 6408
f 6416 6409 6408
f 6416 6417 6409
f 6417 6410 6409
f 6417 6418 6410
f 6418 6403 6410
f 6418 6411 6403
f 6419 6412 6411
f 6419 6420 6412
f 6420 6413 6412
f 6420 6421 6413
f 6421 6414 6413
f 6421 6422 6414
f 6422 6415 6414
f 6422 6423 6415
f 6423 6416 6415
f 6423 6424 6416
f 6424 6417 6416
f 6424 6425 6417
f 6425 6418 6417
f 6425 6426 6418
f 6426 6411 6418
f 6426 6419 6411
f 6427 6429 6430
f 6428 6462 6461
f 6427 6430 6431
f 6428 6463 6462
f 6427 6431 6432
f 6428 6464 6463
f 6427 6432 6433
f 6428 6465 6464
f 6427 6433 6434
f 6428 6466 6465
f 6427 6434 6435
f 6428 6467 6466
f 6427 6435 6436
f 6428 6468 6467
f 6427 6436 6429
f 6428 6461 6468
f 6437 6430 6429
f 6437 6438 6430
f 6438 6431 6430
f 6438 6439 6431
f 6439 6432 6431
f 6439 6440 6432
f 6440 6433 6432
f 6440 6441 6433
f 6441 6434 6433
f 6441 6442 6434
f 6442 6435 6434
f 6442 6443 6435
f 6443 6436 6435
f 6443 6444 6436
f 6444 6429 6436
f 6444 6437 6429
f 6445 6438 6437
f 6445 6446 6438
f 6446 6439 6438
f 6446 6447 6439
f 6447 6440 6439
f 6447 6448 6440
f 6448 6441 6440
f 6448 6449 6441
f 6449 6442 6441
f 6449 6450 6442
f 6450 6443 6442
f 6450 6451 6443
f 6451 6444 6443
f 6451 6452 6444
f 6452 6437 6444
f 6452 6445 6437
f 6453 6446 6445
f 6453 6454 6446
f 6454 6447 6446
f 6454 6455 6447
f 6455 6448 6447
f 6455 6456 6448
f 6456 6449 6448
f 6456 6457 6449
f 6457 6450 6449
f 6457 6458 6450
f 6458 6451 6450
f 6458 6459 6451
f 6459 6452 6451
f 6459 6460 6452
f 6460 6445 6452
f 6460 6453 6445
f 6461 6454 6453
f 6461 6462 6454
f 6462 6455 6454
f 6462 6463 6455
f 6463 6456 6455
f 6463 6464 6456
f 6464 6457 6456
f 6464 6465 6457
f 6465 6458 6457
f 6465 6466 6458
f 6466 6459 6458
f 6466 6467 6459
f 6467 6460 6459
f 6467 6468 6460
f 6468 6453 6460
f 6468 6461 6453
f 6469 6471 6472
f 6470 6504 6503
f 6469 6472 6473
f 6470 6505 6504
f 6469 6473 6474
f 6470 6506 6505
f 6469 6474 6475
f 6470 6507 6506
f 6469 6475 6476
f 6470 6508 6507
f 6469 6476 6477
f 6470 6509 6508
f 6469 6477 6478
f 6470 6510 6509
f 6469 6478 6471
f 6470 6503 6510
f 6479 6472 6471
f 6479 6480 6472
f 6480 6473 6472
f 6480 6481 6473
f 6481 6474 6473
f 6481 6482 6474
f 6482 6475 6474
f 6482 6483 6475
f 6483 6476 6475
f 6483 6484 6476
f 6484 6477 6476
f 6484 6485 6477
f 6485 6478 6477
f 6485 6486 6478
f 6486 6471 6478
f 6486 6479 6471
f 6487 6480 6479
f 6487 6488 6480
f 6488 6481 6480
f 6488 6489 6481
f 6489 6482 6481
f 6489 6490 6482
f 6490 6483 6482
f 6490 6491 6483
f 6491 6484 6483
f 6491 6492 6484
f 6492 6485 6484
f 6492 6493 6485
f 6493 6486 6485
f 6493 6494 6486
f 6494 6479 6486
f 6494 6487 6479
f 6495 6488 6487
f 6495 6496 6488
f 6496 6489 6488
f 6496 6497 6489
f 6497 6490 6489
f 6497 6498 6490
f 6498 6491 6490
f 6498 6499 6491
f 6499 6492 6491
f 6499 6500 6492
f 6500 6493 6492
f 6500 6501 6493
f 6501 6494 6493
f 6501 6502 6494
f 6502 6487 6494
f 6502 6495 6487
f 6503 6496 6495
f 6503 6504 6496
f 6504 6497 6496
f 6504 6505 6497
f 6505 6498 6497
f 6505 6506 6498
f 6506 6499 6498
f 6506 6507 6499
f 6507 6500 6499
f 6507 6508 6500
f 6508 6501 6500
f 6508 6509 6501
f 6509 6502 6501
f 6509 6510 6502
f 6510 6495 6502
f 6510 6503 6495
f 6511 6513 6514
f 6512 6546 6545
f 6511 6514 6515
f 6512 6547 6546
f 6511 6515 6516
f 6512 6548 6547
f 6511 6516 6517
f 6512 6549 6548
f 6511 6517 6518
f 6512 6550 6549
f 6511 6518 6519
f 6512 6551 6550
f 6511 6519 6520
f 6512 6552 6551
f 6511 6520 6513
f 6512 6545 6552
f 6521 6514 6513
f 6521 6522 6514
f 6522 6515 6514
f 6522 6523 6515
f 6523 6516 6515
f 6523 6524 6516
f 6524 6517 6516
f 6524 6525 6517
f 6525 6518 6517
f 6525 6526 6518
f 6526 6519 6518
f 6526 6527 6519
f 6527 6520 6519
f 6527 6528 6520
f 6528 6513 6520
f 6528 6521 6513
f 6529 6522 6521
f 6529 6530 6522
f 6530 6523 6522
f 6530 6531 6523
f 6531 6524 6523
f 6531 6532 6524
f 6532 6525 6524
f 6532 6533 6525
f 6533 6526 6525
f 6533 6534 6526
f 6534 6527 6526
f 6534 6535 6527
f 6535 6528 6527
f 6535 6536 6528
f 6536 6521 6528
f 6536 6529 6521
f 6537 6530 6529
f 6537 6538 6530
f 6538 6531 6530
f 6538 6539 6531
f 6539 6532 6531
f 6539 6540 6532
f 6540 6533 6532
f 6540 6541 6533
f 6541 6534 6533
f 6541 6542 6534
f 6542 6535 6534
f 6542 6543 6535
f 6543 6536 6535
f 6543 6544 6536
f 6544 6529 6536
f 6544 6537 6529
f 6545 6538 6537
f 6545 6546 6538
f 6546 6539 6538
f 6546 6547 6539
f 6547 6540 6539
f 6547 6548 6540
f 6548 6541 6540
f 6548 6549 6541
f 6549 6542 6541
f 6549 6550 6542
f 6550 6543 6542
f 6550 6551 6543
f 6551 6544 6543
f 6551 6552 6544
f 6552 6537 6544
f 6552 6545 6537
f 6553 6555 6556
f 6554 6588 6587
f 6553 6556 6557
f 6554 6589 6588
f 6553 6557 6558
f 6554 6590 6589
f 6553 6558 6559
f 6554 6591 6590
f 6553 6559 6560
f 6554 6592 6591
f 6553 6560 6561
f 6554 6593 6592
f 6553 6561 6562
f 6554 6594 6593
f 6553 6562 6555
f 6554 6587 6594
f 6563 6556 6555
f 6563 6564 6556
f 6564 6557 6556
f 6564 6565 6557
f 6565 6558 6557
f 6565 6566 6558
f 6566 6559 6558
f 6566 6567 6559
f 6567 6560 6559
f 6567 6568 6560
f 6568 6561 6560
f 6568 6569 6561
f 6569 6562 6561
f 6569 6570 6562
f 6570 6555 6562
f 6570 6563 6555
f 6571 6564 6563
f 6571 6572 6564
f 6572 6565 6564
f 6572 6573 6565
f 6573 6566 6565
f 6573 6574 6566
f 6574 6567 6566
f 6574 6575 6567
f 6575 6568 6567
f 6575 6576 6568
f 6576 6569 6568
f 6576 6577 6569
f 6577 6570 6569
f 6577 6578 6570
f 6578 6563 6570
f 6578 6571 6563
f 6579 6572 6571
f 6579 6580 6572
f 6580 6573 6572
f 6580 6581 6573
f 6581 6574 6573
f 6581 6582 6574
f 6582 6575 6574
f 6582 6583 6575
f 6583 6576 6575
f 6583 6584 6576
f 6584 6577 6576
f 6584 6585 6577
f 6585 6578 6577
f 6585 6586 6578
f 6586 6571 6578
f 6586 6579 6571
f 6587 6580 6579
f 6587 6588 6580
f 6588 6581 6580
f 6588 6589 6581
f 6589 6582 6581
f 6589 6590 6582
f 6590 6583 6582
f 6590 6591 6583
f 6591 6584 6583
f 6591 6592 6584
f 6592 6585 6584
f 6592 6593 6585
f 6593 6586 6585
f 6593 6594 6586
f 6594 6579 6586
f 6594 6587 6579
f 6595 6597 6598
f 6596 6630 6629
f 6595 6598 6599
f 6596 6631 6630
f 6595 6599 6600
f 6596 6632 6631
f 6595 6600 6601
f 6596 6633 6632
f 6595 6601 6602
f 6596 6634 6633
f 6595 6602 6603
f 6596 6635 6634
f 6595 6603 6604
f 6596 6636 6635
f 6595 6604 6597
f 6596 6629 6636
f 6605 6598 6597
f 6605 6606 6598
f 6606 6599 6598
f 6606 6607 6599
f 6607 6600 6599
f 6607 6608 6600
f 6608 6601 6600
f 6608 6609 6601
f 6609 6602 6601
f 6609 6610 6602
f 6610 6603 6602
f 6610 6611 6603
f 6611 6604 6603
f 6611 6612 6604
f 6612 6597 6604
f 6612 6605 6597
f 6613 6606 6605
f 6613 6614 6606
f 6614 6607 6606
f 6614 6615 6607
f 6615 6608 6607
f 6615 6616 6608
f 6616 6609 6608
f 6616 6617 6609
f 6617 6610 6609
f 6617 6618 6610
f 6618 6611 6610
f 6618 6619 6611
f 6619 6612 6611
f 6619 6620 6612
f 6620 6605 6612
f 6620 6613 6605
f 6621 6614 6613
f 6621 6622 6614
f 6622 6615 6614
f 6622 6623 6615
f 6623 6616 6615
f 6623 6624 6616
f 6624 6617 6616
f 6624 6625 6617
f 6625 6618 6617
f 6625 6626 6618
f 6626 6619 6618
f 6626 6627 6619
f 6627 6620 6619
f 6627 6628 6620
f 6628 6613 6620
f 6628 6621 6613
f 6629 6622 6621
f 6629 6630 6622
f 6630 6623 6622
f 6630 6631 6623
f 6631 6624 6623
f 6631 6632 6624
f 6632 6625 6624
f 6632 6633 6625
f 6633 6626 6625
f 6633 6634 6626
f 6634 6627 6626
f 6634 6635 6627
f 6635 6628 6627
f 6635 6636 6628
f 6636 6621 6628
f 6636 6629 6621
f 6637 6639 6640
f 6638 6672 6671
f 6637 6640 6641
f 6638 6673 6672
f 6637 6641 6642
f 6638 6674 6673
f 6637 6642 6643
f 6638 6675 6674
f 6637 6643 6644
f 6638 6676 6675
f 6637 6644 6645
f 6638 6677 6676
f 6637 6645 6646
f 6638 6678 6677
f 6637 6646 6639
f 6638 6671 6678
f 6647 6640 6639
f 6647 6648 6640
f 6648 6641 6640
f 6648 6649 6641
f 6649 6642 6641
f 6649 6650 6642
f 6650 6643 6642
f 6650 6651 6643
f 6651 6644 6643
f 6651 6652 6644
f 6652 6645 6644
f 6652 6653 6645
f 6653 6646 6645
f 6653 6654 6646
f 6654 6639 6646
f 6654 6647 6639
f 6655 6648 6647
f 6655 6656 6648
f 6656 6649 6648
f 6656 6657 6649
f 6657 6650 6649
f 6657 6658 6650
f 6658 6651 6650
f 6658 6659 6651
f 6659 6652 6651
f 6659 6660 6652
f 6660 6653 6652
f 6660 6661 6653
f 6661 6654 6653
f 6661 6662 6654
f 6662 6647 6654
f 6662 6655 6647
f 6663 6656 6655
f 6663 6664 6656
f 6664 6657 6656
f 6664 6665 6657
f 6665 6658 6657
f 6665 6666 6658
f 6666 6659 6658
f 6666 6667 6659
f 6667 6660 6659
f 6667 6668 6660
f 6668 6661 6660
f 6668 6669 6661
f 6669 6662 6661
f 6669 6670 6662
f 6670 6655 6662
f 6670 6663 6655
f 6671 6664 6663
f 6671 6672 6664
f 6672 6665 6664
f 6672 6673 6665
f 6673 6666 6665
f 6673 6674 6666
f 6674 6667 6666
f 6674 6675 6667
f 6675 6668 6667
f 6675 6676 6668
f 6676 6669 6668
f 6676 6677 6669
f 6677 6670 6669
f 6677 6678 6670
f 6678 6663 6670
f 6678 6671 6663
f 6679 6681 6682
f 6680 6714 6713
f 6679 6682 6683
f 6680 6715 6714
f 6679 6683 6684
f 6680 6716 6715
f 6679 6684 6685
f 6680 6717 6716
f 6679 6685 6686
f 6680 6718 6717
f 6679 6686 6687
f 6680 6719 6718
f 6679 6687 6688
f 6680 6720 6719
f 6679 6688 6681
f 6680 6713 6720
f 6689 6682 6681
f 6689 6690 6682
f 6690 6683 6682
f 6690 6691 6683
f 6691 6684 6683
f 6691 6692 6684
f 6692 6685 6684
f 6692 6693 6685
f 6693 6686 6685
f 6693 6694 6686
f 6694 6687 6686
f 6694 6695 6687
f 6695 6688 6687
f 6695 6696 6688
f 6696 6681 6688
f 6696 6689 6681
f 6697 6690 6689
f 6697 6698 6690
f 6698 6691 6690
f 6698 6699 6691
f 6699 6692 6691
f 6699 6700 6692
f 6700 6693 6692
f 6700 6701 6693
f 6701 6694 6693
f 6701 6702 6694
f 6702 6695 6694
f 6702 6703 6695
f 6703 6696 6695
f 6703 6704 6696
f 6704 6689 6696
f 6704 6697 6689
f 6705 6698 6697
f 6705 6706 6698
f 6706 6699 6698
f 6706 6707 6699
f 6707 6700 6699
f 6707 6708 6700
f 6708 6701 6700
f 6708 6709 6701
f 6709 6702 6701
f 6709 6710 6702
f 6710 6703 6702
f 6710 6711 6703
f 6711 6704 6703
f 6711 6712 6704
f 6712 6697 6704
f 6712 6705 6697
f 6713 6706 6705
f 6713 6714 6706
f 6714 6707 6706
f 6714 6715 6707
f 6715 6708 6707
f 6715 6716 6708
f 6716 6709 6708
f 6716 6717 6709
f 6717 6710 6709
f 6717 6718 6710
f 6718 6711 6710
f 6718 6719 6711
f 6719 6712 6711
f 6719 6720 6712
f 6720 6705 6712
f 6720 6713 6705
f 6721 6723 6724
f 6722 6756 6755
f 6721 6724 6725
f 6722 6757 6756
f 6721 6725 6726
f 6722 6758 6757
f 6721 6726 6727
f 6722 6759 6758
f 6721 6727 6728
f 6722 6760 6759
f 6721 6728 6729
f 6722 6761 6760
f 6721 6729 6730
f 6722 6762 6761
f 6721 6730 6723
f 6722 6755 6762
f 6731 6724 6723
f 6731 6732 6724
f 6732 6725 6724
f 6732 6733 6725
f 6733 6726 6725
f 6733 6734 6726
f 6734 6727 6726
f 6734 6735 6727
f 6735 6728 6727
f 6735 6736 6728
f 6736 6729 6728
f 6736 6737 6729
f 6737 6730 6729
f 6737 6738 6730
f 6738 6723 6730
f 6738 6731 6723
f 6739 6732 6731
f 6739 6740 6732
f 6740 6733 6732
f 6740 6741 6733
f 6741 6734 6733
f 6741 6742 6734
f 6742 6735 6734
f 6742 6743 6735
f 6743 6736 6735
f 6743 6744 6736
f 6744 6737 6736
f 6744 6745 6737
f 6745 6738 6737
f 6745 6746 6738
f 6746 6731 6738
f 6746 6739 6731
f 6747 6740 6739
f 6747 6748 6740
f 6748 6741 6740
f 6748 6749 6741
f 6749 6742 6741
f 6749 6750 6742
f 6750 6743 6742
f 6750 6751 6743
f 6751 6744 6743
f 6751 6752 6744
f 6752 6745 6744
f 6752 6753 6745
f 6753 6746 6745
f 6753 6754 6746
f 6754 6739 6746
f 6754 6747 6739
f 6755 6748 6747
f 6755 6756 6748
f 6756 6749 6748
f 6756 6757 6749
f 6757 6750 6749
f 6757 6758 6750
f 6758 6751 6750
f 6758 6759 6751
f 6759 6752 6751
f 6759 6760 6752
f 6760 6753 6752
f 6760 6761 6753
f 6761 6754 6753
f 6761 6762 6754
f 6762 6747 6754
f 6762 6755 6747
f 6763 6765 6766
f 6764 6798 6797
f 6763 6766 6767
f 6764 6799 6798
f 6763 6767 6768
f 6764 6800 6799
f 6763 6768 6769
f 6764 6801 6800
f 6763 6769 6770
f 6764 6802 6801
f 6763 6770 6771
f 6764 6803 6802
f 6763 6771 6772
f 6764 6804 6803
f 6763 6772 6765
f 6764 6797 6804
f 6773 6766 6765
f 6773 6774 6766
f 6774 6767 6766
f 6774 6775 6767
f 6775 6768 6767
f 6775 6776 6768
f 6776 6769 6768
f 6776 6777 6769
f 6777 6770 6769
f 6777 6778 6770
f 6778 6771 6770
f 6778 6779 6771
f 6779 6772 6771
f 6779 6780 6772
f 6780 6765 6772
f 6780 6773 6765
f 6781 6774 6773
f 6781 6782 6774
f 6782 6775 6774
f 6782 6783 6775
f 6783 6776 6775
f 6783 6784 6776
f 6784 6777 6776
f 6784 6785 6777
f 6785 6778 6777
f 6785 6786 6778
f 6786 6779 6778
f 6786 6787 6779
f 6787 6780 6779
f 6787 6788 6780
f 6788 6773 6780
f 6788 6781 6773
f 6789 6782 6781
f 6789 6790 6782
f 6790 6783 6782
f 6790 6791 6783
f 6791 6784 6783
f 6791 6792 6784
f 6792 6785 6784
f 6792 6793 6785
f 6793 6786 6785
f 6793 6794 6786
f 6794 6787 6786
f 6794 6795 6787
f 6795 6788 6787
f 6795 6796 6788
f 6796 6781 6788
f 6796 6789 6781
f 6797 6790 6789
f 6797 6798 6790
f 6798 6791 6790
f 6798 6799 6791
f 6799 6792 6791
f 6799 6800 6792
f 6800 6793 6792
f 6800 6801 6793
f 6801 6794 6793
f 6801 6802 6794
f 6802 6795 6794
f 6802 6803 6795
f 6803 6796 6795
f 6803 6804 6796
f 6804 6789 6796
f 6804 6797 6789
f 6805 6807 6808
f 6806 6840 6839
f 6805 6808 6809
f 6806 6841 6840
f 6805 6809 6810
f 6806 6842 6841
f 6805 6810 6811
f 6806 6843 6842
f 6805 6811 6812
f 6806 6844 6843
f 6805 6812 6813
f 6806 6845 6844
f 6805 6813 6814
f 6806 6846 6845
f 6805 6814 6807
f 6806 6839 6846
f 6815 6808 6807
f 6815 6816 6808
f 6816 6809 6808
f 6816 6817 6809
f 6817 6810 6809
f 6817 6818 6810
f 6818 6811 6810
f 6818 6819 6811
f 6819 6812 6811
f 6819 6820 6812
f 6820 6813 6812
f 6820 6821 6813
f 6821 6814 6813
f 6821 6822 6814
f 6822 6807 6814
f 6822 6815 6807
f 6823 6816 6815
f 6823 6824 6816
f 6824 6817 6816
f 6824 6825 6817
f 6825 6818 6817
f 6825 6826 6818
f 6826 6819 6818
f 6826 6827 6819
f 6827 6820 6819
f 6827 6828 6820
f 6828 6821 6820
f 6828 6829 6821
f 6829 6822 6821
f 6829 6830 6822
f 6830 6815 6822
f 6830 6823 6815
f 6831 6824 6823
f 6831 6832 6824
f 6832 6825 6824
f 6832 6833 6825
f 6833 6826 6825
f 6833 6834 6826
f 6834 6827 6826
f 6834 6835 6827
f 6835 6828 6827
f 6835 6836 6828
f 6836 6829 6828
f 6836 6837 6829
f 6837 6830 6829
f 6837 6838 6830
f 6838 6823 6830
f 6838 6831 6823
f 6839 6832 6831
f 6839 6840 6832
f 6840 6833 6832
f 6840 6841 6833
f 6841 6834 6833
f 6841 6842 6834
f 6842 6835 6834
f 6842 6843 6835
f 6843 6836 6835
f 6843 6844 6836
f 6844 6837 6836
f 6844 6845 6837
f 6845 6838 6837
f 6845 6846 6838
f 6846 6831 6838
f 6846 6839 6831
f 6847 6849 6850
f 6848 6882 6881
f 6847 6850 6851
f 6848 6883 6882
f 6847 6851 6852
f 6848 6884 6883
f 6847 6852 6853
f 6848 6885 6884
f 6847 6853 6854
f 6848 6886 6885
f 6847 6854 6855
f 6848 6887 6886
f 6847 6855 6856
f 6848 6888 6887
f 6847 6856 6849
f 6848 6881 6888
f 6857 6850 6849
f 6857 6858 6850
f 6858 6851 6850
f 6858 6859 6851
f 6859 6852 6851
f 6859 6860 6852
f 6860 6853 6852
f 6860 6861 6853
f 6861 6854 6853
f 6861 6862 6854
f 6862 6855 6854
f 6862 6863 6855
f 6863 6856 6855
f 6863 6864 6856
f 6864 6849 6856
f 6864 6857 6849
f 6865 6858 6857
f 6865 6866 6858
f 6866 6859 6858
f 6866 6867 6859
f 6867 6860 6859
f 6867 6868 6860
f 6868 6861 6860
f 6868 6869 6861
f 6869 6862 6861
f 6869 6870 6862
f 6870 6863 6862
f 6870 6871 6863
f 6871 6864 6863
f 6871 6872 6864
f 6872 6857 6864
f 6872 6865 6857
f 6873 6866 6865
f 6873 6874 6866
f 6874 6867 6866
f 6874 6875 6867
f 6875 6868 6867
f 6875 6876 6868
f 6876 6869 6868
f 6876 6877 6869
f 6877 6870 6869
f 6877 6878 6870
f 6878 6871 6870
f 6878 6879 6871
f 6879 6872 6871
f 6879 6880 6872
f 6880 6865 6872
f 6880 6873 6865
f 6881 6874 6873
f 6881 6882 6874
f 6882 6875 6874
f 6882 6883 6875
f 6883 6876 6875
f 6883 6884 6876
f 6884 6877 6876
f 6884 6885 6877
f 6885 6878 6877
f 6885 6886 6878
f 6886 6879 6878
f 6886 6887 6879
f 6887 6880 6879
f 6887 6888 6880
f 6888 6873 6880
f 6888 6881 6873
f 6889 6891 6892
f 6890 6924 6923
f 6889 6892 6893
f 6890 6925 6924
f 6889 6893 6894
f 6890 6926 6925
f 6889 6894 6895
f 6890 6927 6926
f 6889 6895 6896
f 6890 6928 6927
f 6889 6896 6897
f 6890 6929 6928
f 6889 6897 6898
f 6890 6930 6929
f 6889 6898 6891
f 6890 6923 6930
f 6899 6892 6891
f 6899 6900 6892
f 6900 6893 6892
f 6900 6901 6893
f 6901 6894 6893
f 6901 6902 6894
f 6902 6895 6894
f 6902 6903 6895
f 6903 6896 6895
f 6903 6904 6896
f 6904 6897 6896
f 6904 6905 6897
f 6905 6898 6897
f 6905 6906 6898
f 6906 6891 6898
f 6906 6899 6891
f 6907 6900 6899
f 6907 6908 6900
f 6908 6901 6900
f 6908 6909 6901
f 6909 6902 6901
f 6909 6910 6902
f 6910 6903 6902
f 6910 6911 6903
f 6911 6904 6903
f 6911 6912 6904
f 6912 6905 6904
f 6912 6913 6905
f 6913 6906 6905
f 6913 6914 6906
f 6914 6899 6906
f 6914 6907 6899
f 6915 6908 6907
f 6915 6916 6908
f 6916 6909 6908
f 6916 6917 6909
f 6917 6910 6909
f 6917 6918 6910
f 6918 6911 6910
f 6918 6919 6911
f 6919 6912 6911
f 6919 6920 6912
f 6920 6913 6912
f 6920 6921 6913
f 6921 6914 6913
f 6921 6922 6914
f 6922 6907 6914
f 6922 6915 6907
f 6923 6916 6915
f 6923 6924 6916
f 6924 6917 6916
f 6924 6925 6917
f 6925 6918 6917
f 6925 6926 6918
f 6926 6919 6918
f 6926 6927 6919
f 6927 6920 6919
f 6927 6928 6920
f 6928 6921 6920
f 6928 6929 6921
f 6929 6922 6921
f 6929 6930 6922
f 6930 6915 6922
f 6930 6923 6915
f 6931 6933 6934
f 6932 6966 6965
f 6931 6934 6935
f 6932 6967 6966
f 6931 6935 6936
f 6932 6968 6967
f 6931 6936 6937
f 6932 6969 6968
f 6931 6937 6938
f 6932 6970 6969
f 6931 6938 6939
f 6932 6971 6970
f 6931 6939 6940
f 6932 6972 6971
f 6931 6940 6933
f 6932 6965 6972
f 6941 6934 6933
f 6941 6942 6934
f 6942 6935 6934
f 6942 6943 6935
f 6943 6936 6935
f 6943 6944 6936
f 6944 6937 6936
f 6944 6945 6937
f 6945 6938 6937
f 6945 6946 6938
f 6946 6939 6938
f 6946 6947 6939
f 6947 6940 6939
f 6947 6948 6940
f 6948 6933 6940
f 6948 6941 6933
f 6949 6942 6941
f 6949 6950 6942
f 6950 6943 6942
f 6950 6951 6943
f 6951 6944 6943
f 6951 6952 6944
f 6952 6945 6944
f 6952 6953 6945
f 6953 6946 6945
f 6953 6954 6946
f 6954 6947 6946
f 6954 6955 6947
f 6955 6948 6947
f 6955 6956 6948
f 6956 6941 6948
f 6956 6949 6941
f 6957 6950 6949
f 6957 6958 6950
f 6958 6951 6950
f 6958 6959 6951
f 6959 6952 6951
f 6959 6960 6952
f 6960 6953 6952
f 6960 6961 6953
f 6961 6954 6953
f 6961 6962 6954
f 6962 6955 6954
f 6962 6963 6955
f 6963 6956 6955
f 6963 6964 6956
f 6964 6949 6956
f 6964 6957 6949
f 6965 6958 6957
f 6965 6966 6958
f 6966 6959 6958
f 6966 6967 6959
f 6967 6960 6959
f 6967 6968 6960
f 6968 6961 6960
f 6968 6969 6961
f 6969 6962 6961
f 6969 6970 6962
f 6970 6963 6962
f 6970 6971 6963
f 6971 6964 6963
f 6971 6972 6964
f 6972 6957 6964
f 6972 6965 6957
f 6973 6975 6976
f 6974 7008 7007
f 6973 6976 6977
f 6974 7009 7008
f 6973 6977 6978
f 6974 7010 7009
f 6973 6978 6979
f 6974 7011 7010
f 6973 6979 6980
f 6974 7012 7011
f 6973 6980 6981
f 6974 7013 7012
f 6973 6981 6982
f 6974 7014 7013
f 6973 6982 6975
f 6974 7007 7014
f 6983 6976 6975
f 6983 6984 6976
f 6984 6977 6976
f 6984 6985 6977
f 6985 6978 6977
f 6985 6986 6978
f 6986 6979 6978
f 6986 6987 6979
f 6987 6980 6979
f 6987 6988 6980
f 6988 6981 6980
f 6988 6989 6981
f 6989 6982 6981
f 6989 6990 6982
f 6990 6975 6982
f 6990 6983 6975
f 6991 6984 6983
f 6991 6992 6984
f 6992 6985 6984
f 6992 6993 6985
f 6993 6986 6985
f 6993 6994 6986
f 6994 6987 6986
f 6994 6995 6987
f 6995 6988 6987
f 6995 6996 6988
f 6996 6989 6988
f 6996 6997 6989
f 6997 6990 6989
f 6997 6998 6990
f 6998 6983 6990
f 6998 6991 6983
f 6999 6992 6991
f 6999 7000 6992
f 7000 6993 6992
f 7000 7001 6993
f 7001 6994 6993
f 7001 7002 6994
f 7002 6995 6994
f 7002 7003 6995
f 7003 6996 6995
f 7003 7004 6996
f 7004 6997 6996
f 7004 7005 6997
f 7005 6998 6997
f 7005 7006 6998
f 7006 6991 6998
f 7006 6999 6991
f 7007 7000 6999
f 7007 7008 7000
f 7008 7001 7000
f 7008 7009 7001
f 7009 7002 7001
f 7009 7010 7002
f 7010 7003 7002
f 7010 7011 7003
f 7011 7004 7003
f 7011 7012 7004
f 7012 7005 7004
f 7012 7013 7005
f 7013 7006 7005
f 7013 7014 7006
f 7014 6999 7006
f 7014 7007 6999
f 7015 7017 7018
f 7016 7050 7049
f 7015 7018 7019
f 7016 7051 7050
f 7015 7019 7020
f 7016 7052 7051
f 7015 7020 7021
f 7016 7053 7052
f 7015 7021 7022
f 7016 7054 7053
f 7015 7022 7023
f 7016 7055 7054
f 7015 7023 7024
f 7016 7056 7055
f 7015 7024 7017
f 7016 7049 7056
f 7025 7018 7017
f 7025 7026 7018
f 7026 7019 7018
f 7026 7027 7019
f 7027 7020 7019
f 7027 7028 7020
f 7028 7021 7020
f 7028 7029 7021
f 7029 7022 7021
f 7029 7030 7022
f 7030 7023 7022
f 7030 7031 7023
f 7031 7024 7023
f 7031 7032 7024
f 7032 7017 7024
f 7032 7025 7017
f 7033 7026 7025
f 7033 7034 7026
f 7034 7027 7026
f 7034 7035 7027
f 7035 7028 7027
f 7035 7036 7028
f 7036 7029 7028
f 7036 7037 7029
f 7037 7030 7029
f 7037 7038 7030
f 7038 7031 7030
f 7038 7039 7031
f 7039 7032 7031
f 7039 7040 7032
f 7040 7025 7032
f 7040 7033 7025
f 7041 7034 7033
f 7041 7042 7034
f 7042 7035 7034
f 7042 7043 7035
f 7043 7036 7035
f 7043 7044 7036
f 7044 7037 7036
f 7044 7045 7037
f 7045 7038 7037
f 7045 7046 7038
f 7046 7039 7038
f 7046 7047 7039
f 7047 7040 7039
f 7047 7048 7040
f 7048 7033 7040
f 7048 7041 7033
f 7049 7042 7041
f 7049 7050 7042
f 7050 7043 7042
f 7050 7051 7043
f 7051 7044 7043
f 7051 7052 7044
f 7052 7045 7044
f 7052 7053 7045
f 7053 7046 7045
f 7053 7054 7046
f 7054 7047 7046
f 7054 7055 7047
f 7055 7048 7047
f 7055 7056 7048
f 7056 7041 7048
f 7056 7049 7041
f 7057 7059 7060
f 7058 7092 7091
f 7057 7060 7061
f 7058 7093 7092
f 7057 7061 7062
f 7058 7094 7093
f 7057 7062 7063
f 7058 7095 7094
f 7057 7063 7064
f 7058 7096 7095
f 7057 7064 7065
f 7058 7097 7096
f 7057 7065 7066
f 7058 7098 7097
f 7057 7066 7059
f 7058 7091 7098
f 7067 7060 7059
f 7067 7068 7060
f 7068 7061 7060
f 7068 7069 7061
f 7069 7062 7061
f 7069 7070 7062
f 7070 7063 7062
f 7070 7071 7063
f 7071 7064 7063
f 7071 7072 7064
f 7072 7065 7064
f 7072 7073 7065
f 7073 7066 7065
f 7073 7074 7066
f 7074 7059 7066
f 7074 7067 7059
f 7075 7068 7067
f 7075 7076 7068
f 7076 7069 7068
f 7076 7077 7069
f 7077 7070 7069
f 7077 7078 7070
f 7078 7071 7070
f 7078 7079 7071
f 7079 7072 7071
f 7079 7080 7072
f 7080 7073 7072
f 7080 7081 7073
f 7081 7074 7073
f 7081 7082 7074
f 7082 7067 7074
f 7082 7075 7067
f 7083 7076 7075
f 7083 7084 7076
f 7084 7077 7076
f 7084 7085 7077
f 7085 7078 7077
f 7085 7086 7078
f 7086 7079 7078
f 7086 7087 7079
f 7087 7080 7079
f 7087 7088 7080
f 7088 7081 7080
f 7088 7089 7081
f 7089 7082 7081
f 7089 7090 7082
f 7090 7075 7082
f 7090 7083 7075
f 7091 7084 7083
f 7091 7092 7084
f 7092 7085 7084
f 7092 7093 7085
f 7093 7086 7085
f 7093 7094 7086
f 7094 7087 7086
f 7094 7095 7087
f 7095 7088 7087
f 7095 7096 7088
f 7096 7089 7088
f 7096 7097 7089
f 7097 7090 7089
f 7097 7098 7090
f 7098 7083 7090
f 7098 7091 7083
f 7099 7101 7102
f 7100 7134 7133
f 7099 7102 7103
f 7100 7135 7134
f 7099 7103 7104
f 7100 7136 7135
f 7099 7104 7105
f 7100 7137 7136
f 7099 7105 7106
f 7100 7138 7137
f 7099 7106 7107
f 7100 7139 7138
f 7099 7107 7108
f 7100 7140 7139
f 7099 7108 7101
f 7100 7133 7140
f 7109 7102 7101
f 7109 7110 7102
f 7110 7103 7102
f 7110 7111 7103
f 7111 7104 7103
f 7111 7112 7104
f 7112 7105 7104
f 7112 7113 7105
f 7113 7106 7105
f 7113 7114 7106
f 7114 7107 7106
f 7114 7115 7107
f 7115 7108 7107
f 7115 7116 7108
f 7116 7101 7108
f 7116 7109 7101
f 7117 7110 7109
f 7117 7118 7110
f 7118 7111 7110
f 7118 7119 7111
f 7119 7112 7111
f 7119 7120 7112
f 7120 7113 7112
f 7120 7121 7113
f 7121 7114 7113
f 7121 7122 7114
f 7122 7115 7114
f 7122 7123 7115
f 7123 7116 7115
f 7123 7124 7116
f 7124 7109 7116
f 7124 7117 7109
f 7125 7118 7117
f 7125 7126 7118
f 7126 7119 7118
f 7126 7127 7119
f 7127 7120 7119
f 7127 7128 7120
f 7128 7121 7120
f 7128 7129 7121
f 7129 7122 7121
f 7129 7130 7122
f 7130 7123 7122
f 7130 7131 7123
f 7131 7124 7123
f 7131 7132 7124
f 7132 7117 7124
f 7132 7125 7117
f 7133 7126 7125
f 7133 7134 7126
f 7134 7127 7126
f 7134 7135 7127
f 7135 7128 7127
f 7135 7136 7128
f 7136 7129 7128
f 7136 7137 7129
f 7137 7130 7129
f 7137 7138 7130
f 7138 7131 7130
f 7138 7139 7131
f 7139 7132 7131
f 7139 7140 7132
f 7140 7125 7132
f 7140 7133 7125
f 7141 7143 7144
f 7142 7176 7175
f 7141 7144 7145
f 7142 7177 7176
f 7141 7145 7146
f 7142 7178 7177
f 7141 7146 7147
f 7142 7179 7178
f 7141 7147 7148
f 7142 7180 7179
f 7141 7148 7149
f 7142 7181 7180
f 7141 7149 7150
f 7142 7182 7181
f 7141 7150 7143
f 7142 7175 7182
f 7151 7144 7143
f 7151 7152 7144
f 7152 7145 7144
f 7152 7153 7145
f 7153 7146 7145
f 7153 7154 7146
f 7154 7147 7146
f 7154 7155 7147
f 7155 7148 7147
f 7155 7156 7148
f 7156 7149 7148
f 7156 7157 7149
f 7157 7150 7149
f 7157 7158 7150
f 7158 7143 7150
f 7158 7151 7143
f 7159 7152 7151
f 7159 7160 7152
f 7160 7153 7152
f 7160 7161 7153
f 7161 7154 7153
f 7161 7162 7154
f 7162 7155 7154
f 7162 7163 7155
f 7163 7156 7155
f 7163 7164 7156
f 7164 7157 7156
f 7164 7165 7157
f 7165 7158 7157
f 7165 7166 7158
f 7166 7151 7158
f 7166 7159 7151
f 7167 7160 7159
f 7167 7168 7160
f 7168 7161 7160
f 7168 7169 7161
f 7169 7162 7161
f 7169 7170 7162
f 7170 7163 7162
f 7170 7171 7163
f 7171 7164 7163
f 7171 7172 7164
f 7172 7165 7164
f 7172 7173 7165
f 7173 7166 7165
f 7173 7174 7166
f 7174 7159 7166
f 7174 7167 7159
f 7175 7168 7167
f 7175 7176 7168
f 7176 7169 7168
f 7176 7177 7169
f 7177 7170 7169
f 7177 7178 7170
f 7178 7171 7170
f 7178 7179 7171
f 7179 7172 7171
f 7179 7180 7172
f 7180 7173 7172
f 7180 7181 7173
f 7181 7174 7173
f 7181 7182 7174
f 7182 7167 7174
f 7182 7175 7167
f 7183 7185 7186
f 7184 7218 7217
f 7183 7186 7187
f 7184 7219 7218
f 7183 7187 7188
f 7184 7220 7219
f 7183 7188 7189
f 7184 7221 7220
f 7183 7189 7190
f 7184 7222 7221
f 7183 7190 7191
f 7184 7223 7222
f 7183 7191 7192
f 7184 7224 7223
f 7183 7192 7185
f 7184 7217 7224
f 7193 7186 7185
f 7193 7194 7186
f 7194 7187 7186
f 7194 7195 7187
f 7195 7188 7187
f 7195 7196 7188
f 7196 7189 7188
f 7196 7197 7189
f 7197 7190 7189
f 7197 7198 7190
f 7198 7191 7190
f 7198 7199 7191
f 7199 7192 7191
f 7199 7200 7192
f 7200 7185 7192
f 7200 7193 7185
f 7201 7194 7193
f 7201 7202 7194
f 7202 7195 7194
f 7202 7203 7195
f 7203 7196 7195
f 7203 7204 7196
f 7204 7197 7196
f 7204 7205 7197
f 7205 7198 7197
f 7205 7206 7198
f 7206 7199 7198
f 7206 7207 7199
f 7207 7200 7199
f 7207 7208 7200
f 7208 7193 7200
f 7208 7201 7193
f 7209 7202 7201
f 7209 7210 7202
f 7210 7203 7202
f 7210 7211 7203
f 7211 7204 7203
f 7211 7212 7204
f 7212 7205 7204
f 7212 7213 7205
f 7213 7206 7205
f 7213 7214 7206
f 7214 7207 7206
f 7214 7215 7207
f 7215 7208 7207
f 7215 7216 7208
f 7216 7201 7208
f 7216 7209 7201
f 7217 7210 7209
f 7217 7218 7210
f 7218 7211 7210
f 7218 7219 7211
f 7219 7212 7211
f 7219 7220 7212
f 7220 7213 7212
f 7220 7221 7213
f 7221 7214 7213
f 7221 7222 7214
f 7222 7215 7214
f 7222 7223 7215
f 7223 7216 7215
f 7223 7224 7216
f 7224 7209 7216
f 7224 7217 7209
f 7225 7227 7228
f 7226 7260 7259
f 7225 7228 7229
f 7226 7261 7260
f 7225 7229 7230
f 7226 7262 7261
f 7225 7230 7231
f 7226 7263 7262
f 7225 7231 7232
f 7226 7264 7263
f 7225 7232 7233
f 7226 7265 7264
f 7225 7233 7234
f 7226 7266 7265
f 7225 7234 7227
f 7226 7259 7266
f 7235 7228 7227
f 7235 7236 7228
f 7236 7229 7228
f 7236 7237 7229
f 7237 7230 7229
f 7237 7238 7230
f 7238 7231 7230
f 7238 7239 7231
f 7239 7232 7231
f 7239 7240 7232
f 7240 7233 7232
f 7240 7241 7233
f 7241 7234 7233
f 7241 7242 7234
f 7242 7227 7234
f 7242 7235 7227
f 7243 7236 7235
f 7243 7244 7236
f 7244 7237 7236
f 7244 7245 7237
f 7245 7238 7237
f 7245 7246 7238
f 7246 7239 7238
f 7246 7247 7239
f 7247 7240 7239
f 7247 7248 7240
f 7248 7241 7240
f 7248 7249 7241
f 7249 7242 7241
f 7249 7250 7242
f 7250 7235 7242
f 7250 7243 7235
f 7251 7244 7243
f 7251 7252 7244
f 7252 7245 7244
f 7252 7253 7245
f 7253 7246 7245
f 7253 7254 7246
f 7254 7247 7246
f 7254 7255 7247
f 7255 7248 7247
f 7255 7256 7248
f 7256 7249 7248
f 7256 7257 7249
f 7257 7250 7249
f 7257 7258 7250
f 7258 7243 7250
f 7258 7251 7243
f 7259 7252 7251
f 7259 7260 7252
f 7260 7253 7252
f 7260 7261 7253
f 7261 7254 7253
f 7261 7262 7254
f 7262 7255 7254
f 7262 7263 7255
f 7263 7256 7255
f 7263 7264 7256
f 7264 7257 7256
f 7264 7265 7257
f 7265 7258 7257
f 7265 7266 7258
f 7266 7251 7258
f 7266 7259 7251
f 7267 7269 7270
f 7268 7302 7301
f 7267 7270 7271
f 7268 7303 7302
f 7267 7271 7272
f 7268 7304 7303
f 7267 7272 7273
f 7268 7305 7304
f 7267 7273 7274
f 7268 7306 7305
f 7267 7274 7275
f 7268 7307 7306
f 7267 7275 7276
f 7268 7308 7307
f 7267 7276 7269
f 7268 7301 7308
f 7277 7270 7269
f 7277 7278 7270
f 7278 7271 7270
f 7278 7279 7271
f 7279 7272 7271
f 7279 7280 7272
f 7280 7273 7272
f 7280 7281 7273
f 7281 7274 7273
f 7281 7282 7274
f 7282 7275 7274
f 7282 7283 7275
f 7283 7276 7275
f 7283 7284 7276
f 7284 7269 7276
f 7284 7277 7269
f 7285 7278 7277
f 7285 7286 7278
f 7286 7279 7278
f 7286 7287 7279
f 7287 7280 7279
f 7287 7288 7280
f 7288 7281 7280
f 7288 7289 7281
f 7289 7282 7281
f 7289 7290 7282
f 7290 7283 7282
f 7290 7291 7283
f 7291 7284 7283
f 7291 7292 7284
f 7292 7277 7284
f 7292 7285 7277
f 7293 7286 7285
f 7293 7294 7286
f 7294 7287 7286
f 7294 7295 7287
f 7295 7288 7287
f 7295 7296 7288
f 7296 7289 7288
f 7296 7297 7289
f 7297 7290 7289
f 7297 7298 7290
f 7298 7291 7290
f 7298 7299 7291
f 7299 7292 7291
f 7299 7300 7292
f 7300 7285 7292
f 7300 7293 7285
f 7301 7294 7293
f 7301 7302 7294
f 7302 7295 7294
f 7302 7303 7295
f 7303 7296 7295
f 7303 7304 7296
f 7304 7297 7296
f 7304 7305 7297
f 7305 7298 7297
f 7305 7306 7298
f 7306 7299 7298
f 7306 7307 7299
f 7307 7300 7299
f 7307 7308 7300
f 7308 7293 7300
f 7308 7301 7293
f 7309 7311 7312
f 7310 7344 7343
f 7309 7312 7313
f 7310 7345 7344
f 7309 7313 7314
f 7310 7346 7345
f 7309 7314 7315
f 7310 7347 7346
f 7309 7315 7316
f 7310 7348 7347
f 7309 7316 7317
f 7310 7349 7348
f 7309 7317 7318
f 7310 7350 7349
f 7309 7318 7311
f 7310 7343 7350
f 7319 7312 7311
f 7319 7320 7312
f 7320 7313 7312
f 7320 7321 7313
f 7321 7314 7313
f 7321 7322 7314
f 7322 7315 7314
f 7322 7323 7315
f 7323 7316 7315
f 7323 7324 7316
f 7324 7317 7316
f 7324 7325 7317
f 7325 7318 7317
f 7325 7326 7318
f 7326 7311 7318
f 7326 7319 7311
f 7327 7320 7319
f 7327 7328 7320
f 7328 7321 7320
f 7328 7329 7321
f 7329 7322 7321
f 7329 7330 7322
f 7330 7323 7322
f 7330 7331 7323
f 7331 7324 7323
f 7331 7332 7324
f 7332 7325 7324
f 7332 7333 7325
f 7333 7326 7325
f 7333 7334 7326
f 7334 7319 7326
f 7334 7327 7319
f 7335 7328 7327
f 7335 7336 7328
f 7336 7329 7328
f 7336 7337 7329
f 7337 7330 7329
f 7337 7338 7330
f 7338 7331 7330
f 7338 7339 7331
f 7339 7332 7331
f 7339 7340 7332
f 7340 7333 7332
f 7340 7341 7333
f 7341 7334 7333
f 7341 7342 7334
f 7342 7327 7334
f 7342 7335 7327
f 7343 7336 7335
f 7343 7344 7336
f 7344 7337 7336
f 7344 7345 7337
f 7345 7338 7337
f 7345 7346 7338
f 7346 7339 7338
f 7346 7347 7339
f 7347 7340 7339
f 7347 7348 7340
f 7348 7341 7340
f 7348 7349 7341
f 7349 7342 7341
f 7349 7350 7342
f 7350 7335 7342
f 7350 7343 7335
f 7351 7353 7354
f 7352 7386 7385
f 7351 7354 7355
f 7352 7387 7386
f 7351 7355 7356
f 7352 7388 7387
f 7351 7356 7357
f 7352 7389 7388
f 7351 7357 7358
f 7352 7390 7389
f 7351 7358 7359
f 7352 7391 7390
f 7351 7359 7360
f 7352 7392 7391
f 7351 7360 7353
f 7352 7385 7392
f 7361 7354 7353
f 7361 7362 7354
f 7362 7355 7354
f 7362 7363 7355
f 7363 7356 7355
f 7363 7364 7356
f 7364 7357 7356
f 7364 7365 7357
f 7365 7358 7357
f 7365 7366 7358
f 7366 7359 7358
f 7366 7367 7359
f 7367 7360 7359
f 7367 7368 7360
f 7368 7353 7360
f 7368 7361 7353
f 7369 7362 7361
f 7369 7370 7362
f 7370 7363 7362
f 7370 7371 7363
f 7371 7364 7363
f 7371 7372 7364
f 7372 7365 7364
f 7372 7373 7365
f 7373 7366 7365
f 7373 7374 7366
f 7374 7367 7366
f 7374 7375 7367
f 7375 7368 7367
f 7375 7376 7368
f 7376 7361 7368
f 7376 7369 7361
f 7377 7370 7369
f 7377 7378 7370
f 7378 7371 7370
f 7378 7379 7371
f 7379 7372 7371
f 7379 7380 7372
f 7380 7373 7372
f 7380 7381 7373
f 7381 7374 7373
f 7381 7382 7374
f 7382 7375 7374
f 7382 7383 7375
f 7383 7376 7375
f 7383 7384 7376
f 7384 7369 7376
f 7384 7377 7369
f 7385 7378 7377
f 7385 7386 7378
f 7386 7379 7378
f 7386 7387 7379
f 7387 7380 7379
f 7387 7388 7380
f 7388 7381 7380
f 7388 7389 7381
f 7389 7382 7381
f 7389 7390 7382
f 7390 7383 7382
f 7390 7391 7383
f 7391 7384 7383
f 7391 7392 7384
f 7392 7377 7384
f 7392 7385 7377
f 7393 7395 7396
f 7394 7428 7427
f 7393 7396 7397
f 7394 7429 7428
f 7393 7397 7398
f 7394 7430 7429
f 7393 7398 7399
f 7394 7431 7430
f 7393 7399 7400
f 7394 7432 7431
f 7393 7400 7401
f 7394 7433 7432
f 7393 7401 7402
f 7394 7434 7433
f 7393 7402 7395
f 7394 7427 7434
f 7403 7396 7395
f 7403 7404 7396
f 7404 7397 7396
f 7404 7405 7397
f 7405 7398 7397
f 7405 7406 7398
f 7406 7399 7398
f 7406 7407 7399
f 7407 7400 7399
f 7407 7408 7400
f 7408 7401 7400
f 7408 7409 7401
f 7409 7402 7401
f 7409 7410 7402
f 7410 7395 7402
f 7410 7403 7395
f 7411 7404 7403
f 7411 7412 7404
f 7412 7405 7404
f 7412 7413 7405
f 7413 7406 7405
f 7413 7414 7406
f 7414 7407 7406
f 7414 7415 7407
f 7415 7408 7407
f 7415 7416 7408
f 7416 7409 7408
f 7416 7417 7409
f 7417 7410 7409
f 7417 7418 7410
f 7418 7403 7410
f 7418 7411 7403
f 7419 7412 7411
f 7419 7420 7412
f 7420 7413 7412
f 7420 7421 7413
f 7421 7414 7413
f 7421 7422 7414
f 7422 7415 7414
f 7422 7423 7415
f 7423 7416 7415
f 7423 7424 7416
f 7424 7417 7416
f 7424 7425 7417
f 7425 7418 7417
f 7425 7426 7418
f 7426 7411 7418
f 7426 7419 7411
f 7427 7420 7419
f 7427 7428 7420
f 7428 7421 7420
f 7428 7429 7421
f 7429 7422 7421
f 7429 7430 7422
f 7430 7423 7422
f 7430 7431 7423
f 7431 7424 7423
f 7431 7432 7424
f 7432 7425 7424
f 7432 7433 7425
f 7433 7426 7425
f 7433 7434 7426
f 7434 7419 7426
f 7434 7427 7419
f 7435 7437 7438
f 7436 7470 7469
f 7435 7438 7439
f 7436 7471 7470
f 7435 7439 7440
f 7436 7472 7471
f 7435 7440 7441
f 7436 7473 7472
f 7435 7441 7442
f 7436 7474 7473
f 7435 7442 7443
f 7436 7475 7474
f 7435 7443 7444
f 7436 7476 7475
f 7435 7444 7437
f 7436 7469 7476
f 7445 7438 7437
f 7445 7446 7438
f 7446 7439 7438
f 7446 7447 7439
f 7447 7440 7439
f 7447 7448 7440
f 7448 7441 7440
f 7448 7449 7441
f 7449 7442 7441
f 7449 7450 7442
f 7450 7443 7442
f 7450 7451 7443
f 7451 7444 7443
f 7451 7452 7444
f 7452 7437 7444
f 7452 7445 7437
f 7453 7446 7445
f 7453 7454 7446
f 7454 7447 7446
f 7454 7455 7447
f 7455 7448 7447
f 7455 7456 7448
f 7456 7449 7448
f 7456 7457 7449
f 7457 7450 7449
f 7457 7458 7450
f 7458 7451 7450
f 7458 7459 7451
f 7459 7452 7451
f 7459 7460 7452
f 7460 7445 7452
f 7460 7453 7445
f 7461 7454 7453
f 7461 7462 7454
f 7462 7455 7454
f 7462 7463 7455
f 7463 7456 7455
f 7463 7464 7456
f 7464 7457 7456
f 7464 7465 7457
f 7465 7458 7457
f 7465 7466 7458
f 7466 7459 7458
f 7466 7467 7459
f 7467 7460 7459
f 7467 7468 7460
f 7468 7453 7460
f 7468 7461 7453
f 7469 7462 7461
f 7469 7470 7462
f 7470 7463 7462
f 7470 7471 7463
f 7471 7464 7463
f 7471 7472 7464
f 7472 7465 7464
f 7472 7473 7465
f 7473 7466 7465
f 7473 7474 7466
f 7474 7467 7466
f 7474 7475 7467
f 7475 7468 7467
f 7475 7476 7468
f 7476 7461 7468
f 7476 7469 7461
f 7477 7479 7480
f 7478 7512 7511
f 7477 7480 7481
f 7478 7513 7512
f 7477 7481 7482
f 7478 7514 7513
f 7477 7482 7483
f 7478 7515 7514
f 7477 7483 7484
f 7478 7516 7515
f 7477 7484 7485
f 7478 7517 7516
f 7477 7485 7486
f 7478 7518 7517
f 7477 7486 7479
f 7478 7511 7518
f 7487 7480 7479
f 7487 7488 7480
f 7488 7481 7480
f 7488 7489 7481
f 7489 7482 7481
f 7489 7490 7482
f 7490 7483 7482
f 7490 7491 7483
f 7491 7484 7483
f 7491 7492 7484
f 7492 7485 7484
f 7492 7493 7485
f 7493 7486 7485
f 7493 7494 7486
f 7494 7479 7486
f 7494 7487 7479
f 7495 7488 7487
f 7495 7496 7488
f 7496 7489 7488
f 7496 7497 7489
f 7497 7490 7489
f 7497 7498 7490
f 7498 7491 7490
f 7498 7499 7491
f 7499 7492 7491
f 7499 7500 7492
f 7500 7493 7492
f 7500 7501 7493
f 7501 7494 7493
f 7501 7502 7494
f 7502 7487 7494
f 7502 7495 7487
f 7503 7496 7495
f 7503 7504 7496
f 7504 7497 7496
f 7504 7505 7497
f 7505 7498 7497
f 7505 7506 7498
f 7506 7499 7498
f 7506 7507 7499
f 7507 7500 7499
f 7507 7508 7500
f 7508 7501 7500
f 7508 7509 7501
f 7509 7502 7501
f 7509 7510 7502
f 7510 7495 7502
f 7510 7503 7495
f 7511 7504 7503
f 7511 7512 7504
f 7512 7505 7504
f 7512 7513 7505
f 7513 7506 7505
f 7513 7514 7506
f 7514 7507 7506
f 7514 7515 7507
f 7515 7508 7507
f 7515 7516 7508
f 7516 7509 7508
f 7516 7517 7509
f 7517 7510 7509
f 7517 7518 7510
f 7518 7503 7510
f 7518 7511 7503
f 7519 7521 7522
f 7520 7554 7553
f 7519 7522 7523
f 7520 7555 7554
f 7519 7523 7524
f 7520 7556 7555
f 7519 7524 7525
f 7520 7557 7556
f 7519 7525 7526
f 7520 7558 7557
f 7519 7526 7527
f 7520 7559 7558
f 7519 7527 7528
f 7520 7560 7559
f 7519 7528 7521
f 7520 7553 7560
f 7529 7522 7521
f 7529 7530 7522
f 7530 7523 7522
f 7530 7531 7523
f 7531 7524 7523
f 7531 7532 7524
f 7532 7525 7524
f 7532 7533 7525
f 7533 7526 7525
f 7533 7534 7526
f 7534 7527 7526
f 7534 7535 7527
f 7535 7528 7527
f 7535 7536 7528
f 7536 7521 7528
f 7536 7529 7521
f 7537 7530 7529
f 7537 7538 7530
f 7538 7531 7530
f 7538 7539 7531
f 7539 7532 7531
f 7539 7540 7532
f 7540 7533 7532
f 7540 7541 7533
f 7541 7534 7533
f 7541 7542 7534
f 7542 7535 7534
f 7542 7543 7535
f 7543 7536 7535
f 7543 7544 7536
f 7544 7529 7536
f 7544 7537 7529
f 7545 7538 7537
f 7545 7546 7538
f 7546 7539 7538
f 7546 7547 7539
f 7547 7540 7539
f 7547 7548 7540
f 7548 7541 7540
f 7548 7549 7541
f 7549 7542 7541
f 7549 7550 7542
f 7550 7543 7542
f 7550 7551 7543
f 7551 7544 7543
f 7551 7552 7544
f 7552 7537 7544
f 7552 7545 7537
f 7553 7546 7545
f 7553 7554 7546
f 7554 7547 7546
f 7554 7555 7547
f 7555 7548 7547
f 7555 7556 7548
f 7556 7549 7548
f 7556 7557 7549
f 7557 7550 7549
f 7557 7558 7550
f 7558 7551 7550
f 7558 7559 7551
f 7559 7552 7551
f 7559 7560 7552
f 7560 7545 7552
f 7560 7553 7545
f 7561 7563 7564
f 7562 7596 7595
f 7561 7564 7565
f 7562 7597 7596
f 7561 7565 7566
f 7562 7598 7597
f 7561 7566 7567
f 7562 7599 7598
f 7561 7567 7568
f 7562 7600 7599
f 7561 7568 7569
f 7562 7601 7600
f 7561 7569 7570
f 7562 7602 7601
f 7561 7570 7563
f 7562 7595 7602
f 7571 7564 7563
f 7571 7572 7564
f 7572 7565 7564
f 7572 7573 7565
f 7573 7566 7565
f 7573 7574 7566
f 7574 7567 7566
f 7574 7575 7567
f 7575 7568 7567
f 7575 7576 7568
f 7576 7569 7568
f 7576 7577 7569
f 7577 7570 7569
f 7577 7578 7570
f 7578 7563 7570
f 7578 7571 7563
f 7579 7572 7571
f 7579 7580 7572
f 7580 7573 7572
f 7580 7581 7573
f 7581 7574 7573
f 7581 7582 7574
f 7582 7575 7574
f 7582 7583 7575
f 7583 7576 7575
f 7583 7584 7576
f 7584 7577 7576
f 7584 7585 7577
f 7585 7578 7577
f 7585 7586 7578
f 7586 7571 7578
f 7586 7579 7571
f 7587 7580 7579
f 7587 7588 7580
f 7588 7581 7580
f 7588 7589 7581
f 7589 7582 7581
f 7589 7590 7582
f 7590 7583 7582
f 7590 7591 7583
f 7591 7584 7583
f 7591 7592 7584
f 7592 7585 7584
f 7592 7593 7585
f 7593 7586 7585
f 7593 7594 7586
f 7594 7579 7586
f 7594 7587 7579
f 7595 7588 7587
f 7595 7596 7588
f 7596 7589 7588
f 7596 7597 7589
f 7597 7590 7589
f 7597 7598 7590
f 7598 7591 7590
f 7598 7599 7591
f 7599 7592 7591
f 7599 7600 7592
f 7600 7593 7592
f 7600 7601 7593
f 7601 7594 7593
f 7601 7602 7594
f 7602 7587 7594
f 7602 7595 7587
f 7603 7605 7606
f 7604 7638 7637
f 7603 7606 7607
f 7604 7639 7638
f 7603 7607 7608
f 7604 7640 7639
f 7603 7608 7609
f 7604 7641 7640
f 7603 7609 7610
f 7604 7642 7641
f 7603 7610 7611
f 7604 7643 7642
f 7603 7611 7612
f 7604 7644 7643
f 7603 7612 7605
f 7604 7637 7644
f 7613 7606 7605
f 7613 7614 7606
f 7614 7607 7606
f 7614 7615 7607
f 7615 7608 7607
f 7615 7616 7608
f 7616 7609 7608
f 7616 7617 7609
f 7617 7610 7609
f 7617 7618 7610
f 7618 7611 7610
f 7618 7619 7611
f 7619 7612 7611
f 7619 7620 7612
f 7620 7605 7612
f 7620 7613 7605
f 7621 7614 7613
f 7621 7622 7614
f 7622 7615 7614
f 7622 7623 7615
f 7623 7616 7615
f 7623 7624 7616
f 7624 7617 7616
f 7624 7625 7617
f 7625 7618 7617
f 7625 7626 7618
f 7626 7619 7618
f 7626 7627 7619
f 7627 7620 7619
f 7627 7628 7620
f 7628 7613 7620
f 7628 7621 7613
f 7629 7622 7621
f 7629 7630 7622
f 7630 7623 7622
f 7630 7631 7623
f 7631 7624 7623
f 7631 7632 7624
f 7632 7625 7624
f 7632 7633 7625
f 7633 7626 7625
f 7633 7634 7626
f 7634 7627 7626
f 7634 7635 7627
f 7635 7628 7627
f 7635 7636 7628
f 7636 7621 7628
f 7636 7629 7621
f 7637 7630 7629
f 7637 7638 7630
f 7638 7631 7630
f 7638 7639 7631
f 7639 7632 7631
f 7639 7640 7632
f 7640 7633 7632
f 7640 7641 7633
f 7641 7634 7633
f 7641 7642 7634
f 7642 7635 7634
f 7642 7643 7635
f 7643 7636 7635
f 7643 7644 7636
f 7644 7629 7636
f 7644 7637 7629
f 7645 7647 7648
f 7646 7680 7679
f 7645 7648 7649
f 7646 7681 7680
f 7645 7649 7650
f 7646 7682 7681
f 7645 7650 7651
f 7646 7683 7682
f 7645 7651 7652
f 7646 7684 7683
f 7645 7652 7653
f 7646 7685 7684
f 7645 7653 7654
f 7646 7686 7685
f 7645 7654 7647
f 7646 7679 7686
f 7655 7648 7647
f 7655 7656 7648
f 7656 7649 7648
f 7656 7657 7649
f 7657 7650 7649
f 7657 7658 7650
f 7658 7651 7650
f 7658 7659 7651
f 7659 7652 7651
f 7659 7660 7652
f 7660 7653 7652
f 7660 7661 7653
f 7661 7654 7653
f 7661 7662 7654
f 7662 7647 7654
f 7662 7655 7647
f 7663 7656 7655
f 7663 7664 7656
f 7664 7657 7656
f 7664 7665 7657
f 7665 7658 7657
f 7665 7666 7658
f 7666 7659 7658
f 7666 7667 7659
f 7667 7660 7659
f 7667 7668 7660
f 7668 7661 7660
f 7668 7669 7661
f 7669 7662 7661
f 7669 7670 7662
f 7670 7655 7662
f 7670 7663 7655
f 7671 7664 7663
f 7671 7672 7664
f 7672 7665 7664
f 7672 7673 7665
f 7673 7666 7665
f 7673 7674 7666
f 7674 7667 7666
f 7674 7675 7667
f 7675 7668 7667
f 7675 7676 7668
f 7676 7669 7668
f 7676 7677 7669
f 7677 7670 7669
f 7677 7678 7670
f 7678 7663 7670
f 7678 7671 7663
f 7679 7672 7671
f 7679 7680 7672
f 7680 7673 7672
f 7680 7681 7673
f 7681 7674 7673
f 7681 7682 7674
f 7682 7675 7674
f 7682 7683 7675
f 7683 7676 7675
f 7683 7684 7676
f 7684 7677 7676
f 7684 7685 7677
f 7685 7678 7677
f 7685 7686 7678
f 7686 7671 7678
f 7686 7679 7671
f 7687 7689 7690
f 7688 7722 7721
f 7687 7690 7691
f 7688 7723 7722
f 7687 7691 7692
f 7688 7724 7723
f 7687 7692 7693
f 7688 7725 7724
f 7687 7693 7694
f 7688 7726 7725
f 7687 7694 7695
f 7688 7727 7726
f 7687 7695 7696
f 7688 7728 7727
f 7687 7696 7689
f 7688 7721 7728
f 7697 7690 7689
f 7697 7698 7690
f 7698 7691 7690
f 7698 7699 7691
f 7699 7692 7691
f 7699 7700 7692
f 7700 7693 7692
f 7700 7701 7693
f 7701 7694 7693
f 7701 7702 7694
f 7702 7695 7694
f 7702 7703 7695
f 7703 7696 7695
f 7703 7704 7696
f 7704 7689 7696
f 7704 7697 7689
f 7705 7698 7697
f 7705 7706 7698
f 7706 7699 7698
f 7706 7707 7699
f 7707 7700 7699
f 7707 7708 7700
f 7708 7701 7700
f 7708 7709 7701
f 7709 7702 7701
f 7709 7710 7702
f 7710 7703 7702
f 7710 7711 7703
f 7711 7704 7703
f 7711 7712 7704
f 7712 7697 7704
f 7712 7705 7697
f 7713 7706 7705
f 7713 7714 7706
f 7714 7707 7706
f 7714 7715 7707
f 7715 7708 7707
f 7715 7716 7708
f 7716 7709 7708
f 7716 7717 7709
f 7717 7710 7709
f 7717 7718 7710
f 7718 7711 7710
f 7718 7719 7711
f 7719 7712 7711
f 7719 7720 7712
f 7720 7705 7712
f 7720 7713 7705
f 7721 7714 7713
f 7721 7722 7714
f 7722 7715 7714
f 7722 7723 7715
f 7723 7716 7715
f 7723 7724 7716
f 7724 7717 7716
f 7724 7725 7717
f 7725 7718 7717
f 7725 7726 7718
f 7726 7719 7718
f 7726 7727 7719
f 7727 7720 7719
f 7727 7728 7720
f 7728 7713 7720
f 7728 7721 7713
f 7729 7731 7732
f 7730 7764 7763
f 7729 7732 7733
f 7730 7765 7764
f 7729 7733 7734
f 7730 7766 7765
f 7729 7734 7735
f 7730 7767 7766
f 7729 7735 7736
f 7730 7768 7767
f 7729 7736 7737
f 7730 7769 7768
f 7729 7737 7738
f 7730 7770 7769
f 7729 7738 7731
f 7730 7763 7770
f 7739 7732 7731
f 7739 7740 7732
f 7740 7733 7732
f 7740 7741 7733
f 7741 7734 7733
f 7741 7742 7734
f 7742 7735 7734
f 7742 7743 7735
f 7743 7736 7735
f 7743 7744 7736
f 7744 7737 7736
f 7744 7745 7737
f 7745 7738 7737
f 7745 7746 7738
f 7746 7731 7738
f 7746 7739 7731
f 7747 7740 7739
f 7747 7748 7740
f 7748 7741 7740
f 7748 7749 7741
f 7749 7742 7741
f 7749 7750 7742
f 7750 7743 7742
f 7750 7751 7743
f 7751 7744 7743
f 7751 7752 7744
f 7752 7745 7744
f 7752 7753 7745
f 7753 7746 7745
f 7753 7754 7746
f 7754 7739 7746
f 7754 7747 7739
f 7755 7748 7747
f 7755 7756 7748
f 7756 7749 7748
f 7756 7757 7749
f 7757 7750 7749
f 7757 7758 7750
f 7758 7751 7750
f 7758 7759 7751
f 7759 7752 7751
f 7759 7760 7752
f 7760 7753 7752
f 7760 7761 7753
f 7761 7754 7753
f 7761 7762 7754
f 7762 7747 7754
f 7762 7755 7747
f 7763 7756 7755
f 7763 7764 7756
f 7764 7757 7756
f 7764 7765 7757
f 7765 7758 7757
f 7765 7766 7758
f 7766 7759 7758
f 7766 7767 7759
f 7767 7760 7759
f 7767 7768 7760
f 7768 7761 7760
f 7768 7769 7761
f 7769 7762 7761
f 7769 7770 7762
f 7770 7755 7762
f 7770 7763 7755
f 7771 7773 7774
f 7772 7806 7805
f 7771 7774 7775
f 7772 7807 7806
f 7771 7775 7776
f 7772 7808 7807
f 7771 7776 7777
f 7772 7809 7808
f 7771 7777 7778
f 7772 7810 7809
f 7771 7778 7779
f 7772 7811 7810
f 7771 7779 7780
f 7772 7812 7811
f 7771 7780 7773
f 7772 7805 7812
f 7781 7774 7773
f 7781 7782 7774
f 7782 7775 7774
f 7782 7783 7775
f 7783 7776 7775
f 7783 7784 7776
f 7784 7777 7776
f 7784 7785 7777
f 7785 7778 7777
f 7785 7786 7778
f 7786 7779 7778
f 7786 7787 7779
f 7787 7780 7779
f 7787 7788 7780
f 7788 7773 7780
f 7788 7781 7773
f 7789 7782 7781
f 7789 7790 7782
f 7790 7783 7782
f 7790 7791 7783
f 7791 7784 7783
f 7791 7792 7784
f 7792 7785 7784
f 7792 7793 7785
f 7793 7786 7785
f 7793 7794 7786
f 7794 7787 7786
f 7794 7795 7787
f 7795 7788 7787
f 7795 7796 7788
f 7796 7781 7788
f 7796 7789 7781
f 7797 7790 7789
f 7797 7798 7790
f 7798 7791 7790
f 7798 7799 7791
f 7799 7792 7791
f 7799 7800 7792
f 7800 7793 7792
f 7800 7801 7793
f 7801 7794 7793
f 7801 7802 7794
f 7802 7795 7794
f 7802 7803 7795
f 7803 7796 7795
f 7803 7804 7796
f 7804 7789 7796
f 7804 7797 7789
f 7805 7798 7797
f 7805 7806 7798
f 7806 7799 7798
f 7806 7807 7799
f 7807 7800 7799
f 7807 7808 7800
f 7808 7801 7800
f 7808 7809 7801
f 7809 7802 7801
f 7809 7810 7802
f 7810 7803 7802
f 7810 7811 7803
f 7811 7804 7803
f 7811 7812 7804
f 7812 7797 7804
f 7812 7805 7797
f 7813 7815 7816
f 7814 7848 7847
f 7813 7816 7817
f 7814 7849 7848
f 7813 7817 7818
f 7814 7850 7849
f 7813 7818 7819
f 7814 7851 7850
f 7813 7819 7820
f 7814 7852 7851
f 7813 7820 7821
f 7814 7853 7852
f 7813 7821 7822
f 7814 7854 7853
f 7813 7822 7815
f 7814 7847 7854
f 7823 7816 7815
f 7823 7824 7816
f 7824 7817 7816
f 7824 7825 7817
f 7825 7818 7817
f 7825 7826 7818
f 7826 7819 7818
f 7826 7827 7819
f 7827 7820 7819
f 7827 7828 7820
f 7828 7821 7820
f 7828 7829 7821
f 7829 7822 7821
f 7829 7830 7822
f 7830 7815 7822
f 7830 7823 7815
f 7831 7824 7823
f 7831 7832 7824
f 7832 7825 7824
f 7832 7833 7825
f 7833 7826 7825
f 7833 7834 7826
f 7834 7827 7826
f 7834 7835 7827
f 7835 7828 7827
f 7835 7836 7828
f 7836 7829 7828
f 7836 7837 7829
f 7837 7830 7829
f 7837 7838 7830
f 7838 7823 7830
f 7838 7831 7823
f 7839 7832 7831
f 7839 7840 7832
f 7840 7833 7832
f 7840 7841 7833
f 7841 7834 7833
f 7841 7842 7834
f 7842 7835 7834
f 7842 7843 7835
f 7843 7836 7835
f 7843 7844 7836
f 7844 7837 7836
f 7844 7845 7837
f 7845 7838 7837
f 7845 7846 7838
f 7846 7831 7838
f 7846 7839 7831
f 7847 7840 7839
f 7847 7848 7840
f 7848 7841 7840
f 7848 7849 7841
f 7849 7842 7841
f 7849 7850 7842
f 7850 7843 7842
f 7850 7851 7843
f 7851 7844 7843
f 7851 7852 7844
f 7852 7845 7844
f 7852 7853 7845
f 7853 7846 7845
f 7853 7854 7846
f 7854 7839 7846
f 7854 7847 7839
f 7855 7857 7858
f 7856 7890 7889
f 7855 7858 7859
f 7856 7891 7890
f 7855 7859 7860
f 7856 7892 7891
f 7855 7860 7861
f 7856 7893 7892
f 7855 7861 7862
f 7856 7894 7893
f 7855 7862 7863
f 7856 7895 7894
f 7855 7863 7864
f 7856 7896 7895
f 7855 7864 7857
f 7856 7889 7896
f 7865 7858 7857
f 7865 7866 7858
f 7866 7859 7858
f 7866 7867 7859
f 7867 7860 7859
f 7867 7868 7860
f 7868 7861 7860
f 7868 7869 7861
f 7869 7862 7861
f 7869 7870 7862
f 7870 7863 7862
f 7870 7871 7863
f 7871 7864 7863
f 7871 7872 7864
f 7872 7857 7864
f 7872 7865 7857
f 7873 7866 7865
f 7873 7874 7866
f 7874 7867 7866
f 7874 7875 7867
f 7875 7868 7867
f 7875 7876 7868
f 7876 7869 7868
f 7876 7877 7869
f 7877 7870 7869
f 7877 7878 7870
f 7878 7871 7870
f 7878 7879 7871
f 7879 7872 7871
f 7879 7880 7872
f 7880 7865 7872
f 7880 7873 7865
f 7881 7874 7873
f 7881 7882 7874
f 7882 7875 7874
f 7882 7883 7875
f 7883 7876 7875
f 7883 7884 7876
f 7884 7877 7876
f 7884 7885 7877
f 7885 7878 7877
f 7885 7886 7878
f 7886 7879 7878
f 7886 7887 7879
f 7887 7880 7879
f 7887 7888 7880
f 7888 7873 7880
f 7888 7881 7873
f 7889 7882 7881
f 7889 7890 7882
f 7890 7883 7882
f 7890 7891 7883
f 7891 7884 7883
f 7891 7892 7884
f 7892 7885 7884
f 7892 7893 7885
f 7893 7886 7885
f 7893 7894 7886
f 7894 7887 7886
f 7894 7895 7887
f 7895 7888 7887
f 7895 7896 7888
f 7896 7881 7888
f 7896 7889 7881
f 7897 7899 7900
f 7898 7932 7931
f 7897 7900 7901
f 7898 7933 7932
f 7897 7901 7902
f 7898 7934 7933
f 7897 7902 7903
f 7898 7935 7934
f 7897 7903 7904
f 7898 7936 7935
f 7897 7904 7905
f 7898 7937 7936
f 7897 7905 7906
f 7898 7938 7937
f 7897 7906 7899
f 7898 7931 7938
f 7907 7900 7899
f 7907 7908 7900
f 7908 7901 7900
f 7908 7909 7901
f 7909 7902 7901
f 7909 7910 7902
f 7910 7903 7902
f 7910 7911 7903
f 7911 7904 7903
f 7911 7912 7904
f 7912 7905 7904
f 7912 7913 7905
f 7913 7906 7905
f 7913 7914 7906
f 7914 7899 7906
f 7914 7907 7899
f 7915 7908 7907
f 7915 7916 7908
f 7916 7909 7908
f 7916 7917 7909
f 7917 7910 7909
f 7917 7918 7910
f 7918 7911 7910
f 7918 7919 7911
f 7919 7912 7911
f 7919 7920 7912
f 7920 7913 7912
f 7920 7921 7913
f 7921 7914 7913
f 7921 7922 7914
f 7922 7907 7914
f 7922 7915 7907
f 7923 7916 7915
f 7923 7924 7916
f 7924 7917 7916
f 7924 7925 7917
f 7925 7918 7917
f 7925 7926 7918
f 7926 7919 7918
f 7926 7927 7919
f 7927 7920 7919
f 7927 7928 7920
f 7928 7921 7920
f 7928 7929 7921
f 7929 7922 7921
f 7929 7930 7922
f 7930 7915 7922
f 7930 7923 7915
f 7931 7924 7923
f 7931 7932 7924
f 7932 7925 7924
f 7932 7933 7925
f 7933 7926 7925
f 7933 7934 7926
f 7934 7927 7926
f 7934 7935 7927
f 7935 7928 7927
f 7935 7936 7928
f 7936 7929 7928
f 7936 7937 7929
f 7937 7930 7929
f 7937 7938 7930
f 7938 7923 7930
f 7938 7931 7923
f 7939 7941 7942
f 7940 7974 7973
f 7939 7942 7943
f 7940 7975 7974
f 7939 7943 7944
f 7940 7976 7975
f 7939 7944 7945
f 7940 7977 7976
f 7939 7945 7946
f 7940 7978 7977
f 7939 7946 7947
f 7940 7979 7978
f 7939 7947 7948
f 7940 7980 7979
f 7939 7948 7941
f 7940 7973 7980
f 7949 7942 7941
f 7949 7950 7942
f 7950 7943 7942
f 7950 7951 7943
f 7951 7944 7943
f 7951 7952 7944
f 7952 7945 7944
f 7952 7953 7945
f 7953 7946 7945
f 7953 7954 7946
f 7954 7947 7946
f 7954 7955 7947
f 7955 7948 7947
f 7955 7956 7948
f 7956 7941 7948
f 7956 7949 7941
f 7957 7950 7949
f 7957 7958 7950
f 7958 7951 7950
f 7958 7959 7951
f 7959 7952 7951
f 7959 7960 7952
f 7960 7953 7952
f 7960 7961 7953
f 7961 7954 7953
f 7961 7962 7954
f 7962 7955 7954
f 7962 7963 7955
f 7963 7956 7955
f 7963 7964 7956
f 7964 7949 7956
f 7964 7957 7949
f 7965 7958 7957
f 7965 7966 7958
f 7966 7959 7958
f 7966 7967 7959
f 7967 7960 7959
f 7967 7968 7960
f 7968 7961 7960
f 7968 7969 7961
f 7969 7962 7961
f 7969 7970 7962
f 7970 7963 7962
f 7970 7971 7963
f 7971 7964 7963
f 7971 7972 7964
f 7972 7957 7964
f 7972 7965 7957
f 7973 7966 7965
f 7973 7974 7966
f 7974 7967 7966
f 7974 7975 7967
f 7975 7968 7967
f 7975 7976 7968
f 7976 7969 7968
f 7976 7977 7969
f 7977 7970 7969
f 7977 7978 7970
f 7978 7971 7970
f 7978 7979 7971
f 7979 7972 7971
f 7979 7980 7972
f 7980 7965 7972
f 7980 7973 7965
f 7981 7983 7984
f 7982 8016 8015
f 7981 7984 7985
f 7982 8017 8016
f 7981 7985 7986
f 7982 8018 8017
f 7981 7986 7987
f 7982 8019 8018
f 7981 7987 7988
f 7982 8020 8019
f 7981 7988 7989
f 7982 8021 8020
f 7981 7989 7990
f 7982 8022 8021
f 7981 7990 7983
f 7982 8015 8022
f 7991 7984 7983
f 7991 7992 7984
f 7992 7985 7984
f 7992 7993 7985
f 7993 7986 7985
f 7993 7994 7986
f 7994 7987 7986
f 7994 7995 7987
f 7995 7988 7987
f 7995 7996 7988
f 7996 7989 7988
f 7996 7997 7989
f 7997 7990 7989
f 7997 7998 7990
f 7998 7983 7990
f 7998 7991 7983
f 7999 7992 7991
f 7999 8000 7992
f 8000 7993 7992
f 8000 8001 7993
f 8001 7994 7993
f 8001 8002 7994
f 8002 7995 7994
f 8002 8003 7995
f 8003 7996 7995
f 8003 8004 7996
f 8004 7997 7996
f 8004 8005 7997
f 8005 7998 7997
f 8005 8006 7998
f 8006 7991 7998
f 8006 7999 7991
f 8007 8000 7999
f 8007 8008 8000
f 8008 8001 8000
f 8008 8009 8001
f 8009 8002 8001
f 8009 8010 8002
f 8010 8003 8002
f 8010 8011 8003
f 8011 8004 8003
f 8011 8012 8004
f 8012 8005 8004
f 8012 8013 8005
f 8013 8006 8005
f 8013 8014 8006
f 8014 7999 8006
f 8014 8007 7999
f 8015 8008 8007
f 8015 8016 8008
f 8016 8009 8008
f 8016 8017 8009
f 8017 8010 8009
f 8017 8018 8010
f 8018 8011 8010
f 8018 8019 8011
f 8019 8012 8011
f 8019 8020 8012
f 8020 8013 8012
f 8020 8021 8013
f 8021 8014 8013
f 8021 8022 8014
f 8022 8007 8014
f 8022 8015 8007
f 8023 8025 8026
f 8024 8058 8057
f 8023 8026 8027
f 8024 8059 8058
f 8023 8027 8028
f 8024 8060 8059
f 8023 8028 8029
f 8024 8061 8060
f 8023 8029 8030
f 8024 8062 8061
f 8023 8030 8031
f 8024 8063 8062
f 8023 8031 8032
f 8024 8064 8063
f 8023 8032 8025
f 8024 8057 8064
f 8033 8026 8025
f 8033 8034 8026
f 8034 8027 8026
f 8034 8035 8027
f 8035 8028 8027
f 8035 8036 8028
f 8036 8029 8028
f 8036 8037 8029
f 8037 8030 8029
f 8037 8038 8030
f 8038 8031 8030
f 8038 8039 8031
f 8039 8032 8031
f 8039 8040 8032
f 8040 8025 8032
f 8040 8033 8025
f 8041 8034 8033
f 8041 8042 8034
f 8042 8035 8034
f 8042 8043 8035
f 8043 8036 8035
f 8043 8044 8036
f 8044 8037 8036
f 8044 8045 8037
f 8045 8038 8037
f 8045 8046 8038
f 8046 8039 8038
f 8046 8047 8039
f 8047 8040 8039
f 8047 8048 8040
f 8048 8033 8040
f 8048 8041 8033
f 8049 8042 8041
f 8049 8050 8042
f 8050 8043 8042
f 8050 8051 8043
f 8051 8044 8043
f 8051 8052 8044
f 8052 8045 8044
f 8052 8053 8045
f 8053 8046 8045
f 8053 8054 8046
f 8054 8047 8046
f 8054 8055 8047
f 8055 8048 8047
f 8055 8056 8048
f 8056 8041 8048
f 8056 8049 8041
f 8057 8050 8049
f 8057 8058 8050
f 8058 8051 8050
f 8058 8059 8051
f 8059 8052 8051
f 8059 8060 8052
f 8060 8053 8052
f 8060 8061 8053
f 8061 8054 8053
f 8061 8062 8054
f 8062 8055 8054
f 8062 8063 8055
f 8063 8056 8055
f 8063 8064 8056
f 8064 8049 8056
f 8064 8057 8049
f 8065 8067 8068
f 8066 8100 8099
f 8065 8068 8069
f 8066 8101 8100
f 8065 8069 8070
f 8066 8102 8101
f 8065 8070 8071
f 8066 8103 8102
f 8065 8071 8072
f 8066 8104 8103
f 8065 8072 8073
f 8066 8105 8104
f 8065 8073 8074
f 8066 8106 8105
f 8065 8074 8067
f 8066 8099 8106
f 8075 8068 8067
f 8075 8076 8068
f 8076 8069 8068
f 8076 8077 8069
f 8077 8070 8069
f 8077 8078 8070
f 8078 8071 8070
f 8078 8079 8071
f 8079 8072 8071
f 8079 8080 8072
f 8080 8073 8072
f 8080 8081 8073
f 8081 8074 8073
f 8081 8082 8074
f 8082 8067 8074
f 8082 8075 8067
f 8083 8076 8075
f 8083 8084 8076
f 8084 8077 8076
f 8084 8085 8077
f 8085 8078 8077
f 8085 8086 8078
f 8086 8079 8078
f 8086 8087 8079
f 8087 8080 8079
f 8087 8088 8080
f 8088 8081 8080
f 8088 8089 8081
f 8089 8082 8081
f 8089 8090 8082
f 8090 8075 8082
f 8090 8083 8075
f 8091 8084 8083
f 8091 8092 8084
f 8092 8085 8084
f 8092 8093 8085
f 8093 8086 8085
f 8093 8094 8086
f 8094 8087 8086
f 8094 8095 8087
f 8095 8088 8087
f 8095 8096 8088
f 8096 8089 8088
f 8096 8097 8089
f 8097 8090 8089
f 8097 8098 8090
f 8098 8083 8090
f 8098 8091 8083
f 8099 8092 8091
f 8099 8100 8092
f 8100 8093 8092
f 8100 8101 8093
f 8101 8094 8093
f 8101 8102 8094
f 8102 8095 8094
f 8102 8103 8095
f 8103 8096 8095
f 8103 8104 8096
f 8104 8097 8096
f 8104 8105 8097
f 8105 8098 8097
f 8105 8106 8098
f 8106 8091 8098
f 8106 8099 8091
f 8107 8109 8110
f 8108 8142 8141
f 8107 8110 8111
f 8108 8143 8142
f 8107 8111 8112
f 8108 8144 8143
f 8107 8112 8113
f 8108 8145 8144
f 8107 8113 8114
f 8108 8146 8145
f 8107 8114 8115
f 8108 8147 8146
f 8107 8115 8116
f 8108 8148 8147
f 8107 8116 8109
f 8108 8141 8148
f 8117 8110 8109
f 8117 8118 8110
f 8118 8111 8110
f 8118 8119 8111
f 8119 8112 8111
f 8119 8120 8112
f 8120 8113 8112
f 8120 8121 8113
f 8121 8114 8113
f 8121 8122 8114
f 8122 8115 8114
f 8122 8123 8115
f 8123 8116 8115
f 8123 8124 8116
f 8124 8109 8116
f 8124 8117 8109
f 8125 8118 8117
f 8125 8126 8118
f 8126 8119 8118
f 8126 8127 8119
f 8127 8120 8119
f 8127 8128 8120
f 8128 8121 8120
f 8128 8129 8121
f 8129 8122 8121
f 8129 8130 8122
f 8130 8123 8122
f 8130 8131 8123
f 8131 8124 8123
f 8131 8132 8124
f 8132 8117 8124
f 8132 8125 8117
f 8133 8126 8125
f 8133 8134 8126
f 8134 8127 8126
f 8134 8135 8127
f 8135 8128 8127
f 8135 8136 8128
f 8136 8129 8128
f 8136 8137 8129
f 8137 8130 8129
f 8137 8138 8130
f 8138 8131 8130
f 8138 8139 8131
f 8139 8132 8131
f 8139 8140 8132
f 8140 8125 8132
f 8140 8133 8125
f 8141 8134 8133
f 8141 8142 8134
f 8142 8135 8134
f 8142 8143 8135
f 8143 8136 8135
f 8143 8144 8136
f 8144 8137 8136
f 8144 8145 8137
f 8145 8138 8137
f 8145 8146 8138
f 8146 8139 8138
f 8146 8147 8139
f 8147 8140 8139
f 8147 8148 8140
f 8148 8133 8140
f 8148 8141 8133
f 8149 8151 8152
f 8150 8184 8183
f 8149 8152 8153
f 8150 8185 8184
f 8149 8153 8154
f 8150 8186 8185
f 8149 8154 8155
f 8150 8187 8186
f 8149 8155 8156
f 8150 8188 8187
f 8149 8156 8157
f 8150 8189 8188
f 8149 8157 8158
f 8150 8190 8189
f 8149 8158 8151
f 8150 8183 8190
f 8159 8152 8151
f 8159 8160 8152
f 8160 8153 8152
f 8160 8161 8153
f 8161 8154 8153
f 8161 8162 8154
f 8162 8155 8154
f 8162 8163 8155
f 8163 8156 8155
f 8163 8164 8156
f 8164 8157 8156
f 8164 8165 8157
f 8165 8158 8157
f 8165 8166 8158
f 8166 8151 8158
f 8166 8159 8151
f 8167 8160 8159
f 8167 8168 8160
f 8168 8161 8160
f 8168 8169 8161
f 8169 8162 8161
f 8169 8170 8162
f 8170 8163 8162
f 8170 8171 8163
f 8171 8164 8163
f 8171 8172 8164
f 8172 8165 8164
f 8172 8173 8165
f 8173 8166 8165
f 8173 8174 8166
f 8174 8159 8166
f 8174 8167 8159
f 8175 8168 8167
f 8175 8176 8168
f 8176 8169 8168
f 8176 8177 8169
f 8177 8170 8169
f 8177 8178 8170
f 8178 8171 8170
f 8178 8179 8171
f 8179 8172 8171
f 8179 8180 8172
f 8180 8173 8172
f 8180 8181 8173
f 8181 8174 8173
f 8181 8182 8174
f 8182 8167 8174
f 8182 8175 8167
f 8183 8176 8175
f 8183 8184 8176
f 8184 8177 8176
f 8184 8185 8177
f 8185 8178 8177
f 8185 8186 8178
f 8186 8179 8178
f 8186 8187 8179
f 8187 8180 8179
f 8187 8188 8180
f 8188 8181 8180
f 8188 8189 8181
f 8189 8182 8181
f 8189 8190 8182
f 8190 8175 8182
f 8190 8183 8175
f 8191 8193 8194
f 8192 8226 8225
f 8191 8194 8195
f 8192 8227 8226
f 8191 8195 8196
f 8192 8228 8227
f 8191 8196 8197
f 8192 8229 8228
f 8191 8197 8198
f 8192 8230 8229
f 8191 8198 8199
f 8192 8231 8230
f 8191 8199 8200
f 8192 8232 8231
f 8191 8200 8193
f 8192 8225 8232
f 8201 8194 8193
f 8201 8202 8194
f 8202 8195 8194
f 8202 8203 8195
f 8203 8196 8195
f 8203 8204 8196
f 8204 8197 8196
f 8204 8205 8197
f 8205 8198 8197
f 8205 8206 8198
f 8206 8199 8198
f 8206 8207 8199
f 8207 8200 8199
f 8207 8208 8200
f 8208 8193 8200
f 8208 8201 8193
f 8209 8202 8201
f 8209 8210 8202
f 8210 8203 8202
f 8210 8211 8203
f 8211 8204 8203
f 8211 8212 8204
f 8212 8205 8204
f 8212 8213 8205
f 8213 8206 8205
f 8213 8214 8206
f 8214 8207 8206
f 8214 8215 8207
f 8215 8208 8207
f 8215 8216 8208
f 8216 8201 8208
f 8216 8209 8201
f 8217 8210 8209
f 8217 8218 8210
f 8218 8211 8210
f 8218 8219 8211
f 8219 8212 8211
f 8219 8220 8212
f 8220 8213 8212
f 8220 8221 8213
f 8221 8214 8213
f 8221 8222 8214
f 8222 8215 8214
f 8222 8223 8215
f 8223 8216 8215
f 8223 8224 8216
f 8224 8209 8216
f 8224 8217 8209
f 8225 8218 8217
f 8225 8226 8218
f 8226 8219 8218
f 8226 8227 8219
f 8227 8220 8219
f 8227 8228 8220
f 8228 8221 8220
f 8228 8229 8221
f 8229 8222 8221
f 8229 8230 8222
f 8230 8223 8222
f 8230 8231 8223
f 8231 8224 8223
f 8231 8232 8224
f 8232 8217 8224
f 8232 8225 8217
f 8233 8235 8236
f 8234 8268 8267
f 8233 8236 8237
f 8234 8269 8268
f 8233 8237 8238
f 8234 8270 8269
f 8233 8238 8239
f 8234 8271 8270
f 8233 8239 8240
f 8234 8272 8271
f 8233 8240 8241
f 8234 8273 8272
f 8233 8241 8242
f 8234 8274 8273
f 8233 8242 8235
f 8234 8267 8274
f 8243 8236 8235
f 8243 8244 8236
f 8244 8237 8236
f 8244 8245 8237
f 8245 8238 8237
f 8245 8246 8238
f 8246 8239 8238
f 8246 8247 8239
f 8247 8240 8239
f 8247 8248 8240
f 8248 8241 8240
f 8248 8249 8241
f 8249 8242 8241
f 8249 8250 8242
f 8250 8235 8242
f 8250 8243 8235
f 8251 8244 8243
f 8251 8252 8244
f 8252 8245 8244
f 8252 8253 8245
f 8253 8246 8245
f 8253 8254 8246
f 8254 8247 8246
f 8254 8255 8247
f 8255 8248 8247
f 8255 8256 8248
f 8256 8249 8248
f 8256 8257 8249
f 8257 8250 8249
f 8257 8258 8250
f 8258 8243 8250
f 8258 8251 8243
f 8259 8252 8251
f 8259 8260 8252
f 8260 8253 8252
f 8260 8261 8253
f 8261 8254 8253
f 8261 8262 8254
f 8262 8255 8254
f 8262 8263 8255
f 8263 8256 8255
f 8263 8264 8256
f 8264 8257 8256
f 8264 8265 8257
f 8265 8258 8257
f 8265 8266 8258
f 8266 8251 8258
f 8266 8259 8251
f 8267 8260 8259
f 8267 8268 8260
f 8268 8261 8260
f 8268 8269 8261
f 8269 8262 8261
f 8269 8270 8262
f 8270 8263 8262
f 8270 8271 8263
f 8271 8264 8263
f 8271 8272 8264
f 8272 8265 8264
f 8272 8273 8265
f 8273 8266 8265
f 8273 8274 8266
f 8274 8259 8266
f 8274 8267 8259
f 8275 8277 8278
f 8276 8310 8309
f 8275 8278 8279
f 8276 8311 8310
f 8275 8279 8280
f 8276 8312 8311
f 8275 8280 8281
f 8276 8313 8312
f 8275 8281 8282
f 8276 8314 8313
f 8275 8282 8283
f 8276 8315 8314
f 8275 8283 8284
f 8276 8316 8315
f 8275 8284 8277
f 8276 8309 8316
f 8285 8278 8277
f 8285 8286 8278
f 8286 8279 8278
f 8286 8287 8279
f 8287 8280 8279
f 8287 8288 8280
f 8288 8281 8280
f 8288 8289 8281
f 8289 8282 8281
f 8289 8290 8282
f 8290 8283 8282
f 8290 8291 8283
f 8291 8284 8283
f 8291 8292 8284
f 8292 8277 8284
f 8292 8285 8277
f 8293 8286 8285
f 8293 8294 8286
f 8294 8287 8286
f 8294 8295 8287
f 8295 8288 8287
f 8295 8296 8288
f 8296 8289 8288
f 8296 8297 8289
f 8297 8290 8289
f 8297 8298 8290
f 8298 8291 8290
f 8298 8299 8291
f 8299 8292 8291
f 8299 8300 8292
f 8300 8285 8292
f 8300 8293 8285
f 8301 8294 8293
f 8301 8302 8294
f 8302 8295 8294
f 8302 8303 8295
f 8303 8296 8295
f 8303 8304 8296
f 8304 8297 8296
f 8304 8305 8297
f 8305 8298 8297
f 8305 8306 8298
f 8306 8299 8298
f 8306 8307 8299
f 8307 8300 8299
f 8307 8308 8300
f 8308 8293 8300
f 8308 8301 8293
f 8309 8302 8301
f 8309 8310 8302
f 8310 8303 8302
f 8310 8311 8303
f 8311 8304 8303
f 8311 8312 8304
f 8312 8305 8304
f 8312 8313 8305
f 8313 8306 8305
f 8313 8314 8306
f 8314 8307 8306
f 8314 8315 8307
f 8315 8308 8307
f 8315 8316 8308
f 8316 8301 8308
f 8316 8309 8301
f 8317 8319 8320
f 8318 8352 8351
f 8317 8320 8321
f 8318 8353 8352
f 8317 8321 8322
f 8318 8354 8353
f 8317 8322 8323
f 8318 8355 8354
f 8317 8323 8324
f 8318 8356 8355
f 8317 8324 8325
f 8318 8357 8356
f 8317 8325 8326
f 8318 8358 8357
f 8317 8326 8319
f 8318 8351 8358
f 8327 8320 8319
f 8327 8328 8320
f 8328 8321 8320
f 8328 8329 8321
f 8329 8322 8321
f 8329 8330 8322
f 8330 8323 8322
f 8330 8331 8323
f 8331 8324 8323
f 8331 8332 8324
f 8332 8325 8324
f 8332 8333 8325
f 8333 8326 8325
f 8333 8334 8326
f 8334 8319 8326
f 8334 8327 8319
f 8335 8328 8327
f 8335 8336 8328
f 8336 8329 8328
f 8336 8337 8329
f 8337 8330 8329
f 8337 8338 8330
f 8338 8331 8330
f 8338 8339 8331
f 8339 8332 8331
f 8339 8340 8332
f 8340 8333 8332
f 8340 8341 8333
f 8341 8334 8333
f 8341 8342 8334
f 8342 8327 8334
f 8342 8335 8327
f 8343 8336 8335
f 8343 8344 8336
f 8344 8337 8336
f 8344 8345 8337
f 8345 8338 8337
f 8345 8346 8338
f 8346 8339 8338
f 8346 8347 8339
f 8347 8340 8339
f 8347 8348 8340
f 8348 8341 8340
f 8348 8349 8341
f 8349 8342 8341
f 8349 8350 8342
f 8350 8335 8342
f 8350 8343 8335
f 8351 8344 8343
f 8351 8352 8344
f 8352 8345 8344
f 8352 8353 8345
f 8353 8346 8345
f 8353 8354 8346
f 8354 8347 8346
f 8354 8355 8347
f 8355 8348 8347
f 8355 8356 8348
f 8356 8349 8348
f 8356 8357 8349
f 8357 8350 8349
f 8357 8358 8350
f 8358 8343 8350
f 8358 8351 8343
f 8359 8361 8362
f 8360 8394 8393
f 8359 8362 8363
f 8360 8395 8394
f 8359 8363 8364
f 8360 8396 8395
f 8359 8364 8365
f 8360 8397 8396
f 8359 8365 8366
f 8360 8398 8397
f 8359 8366 8367
f 8360 8399 8398
f 8359 8367 8368
f 8360 8400 8399
f 8359 8368 8361
f 8360 8393 8400
f 8369 8362 8361
f 8369 8370 8362
f 8370 8363 8362
f 8370 8371 8363
f 8371 8364 8363
f 8371 8372 8364
f 8372 8365 8364
f 8372 8373 8365
f 8373 8366 8365
f 8373 8374 8366
f 8374 8367 8366
f 8374 8375 8367
f 8375 8368 8367
f 8375 8376 8368
f 8376 8361 8368
f 8376 8369 8361
f 8377 8370 8369
f 8377 8378 8370
f 8378 8371 8370
f 8378 8379 8371
f 8379 8372 8371
f 8379 8380 8372
f 8380 8373 8372
f 8380 8381 8373
f 8381 8374 8373
f 8381 8382 8374
f 8382 8375 8374
f 8382 8383 8375
f 8383 8376 8375
f 8383 8384 8376
f 8384 8369 8376
f 8384 8377 8369
f 8385 8378 8377
f 8385 8386 8378
f 8386 8379 8378
f 8386 8387 8379
f 8387 8380 8379
f 8387 8388 8380
f 8388 8381 8380
f 8388 8389 8381
f 8389 8382 8381
f 8389 8390 8382
f 8390 8383 8382
f 8390 8391 8383
f 8391 8384 8383
f 8391 8392 8384
f 8392 8377 8384
f 8392 8385 8377
f 8393 8386 8385
f 8393 8394 8386
f 8394 8387 8386
f 8394 8395 8387
f 8395 8388 8387
f 8395 8396 8388
f 8396 8389 8388
f 8396 8397 8389
f 8397 8390 8389
f 8397 8398 8390
f 8398 8391 8390
f 8398 8399 8391
f 8399 8392 8391
f 8399 8400 8392
f 8400 8385 8392
f 8400 8393 8385
f 8401 8403 8404
f 8402 8436 8435
f 8401 8404 8405
f 8402 8437 8436
f 8401 8405 8406
f 8402 8438 8437
f 8401 8406 8407
f 8402 8439 8438
f 8401 8407 8408
f 8402 8440 8439
f 8401 8408 8409
f 8402 8441 8440
f 8401 8409 8410
f 8402 8442 8441
f 8401 8410 8403
f 8402 8435 8442
f 8411 8404 8403
f 8411 8412 8404
f 8412 8405 8404
f 8412 8413 8405
f 8413 8406 8405
f 8413 8414 8406
f 8414 8407 8406
f 8414 8415 8407
f 8415 8408 8407
f 8415 8416 8408
f 8416 8409 8408
f 8416 8417 8409
f 8417 8410 8409
f 8417 8418 8410
f 8418 8403 8410
f 8418 8411 8403
f 8419 8412 8411
f 8419 8420 8412
f 8420 8413 8412
f 8420 8421 8413
f 8421 8414 8413
f 8421 8422 8414
f 8422 8415 8414
f 8422 8423 8415
f 8423 8416 8415
f 8423 8424 8416
f 8424 8417 8416
f 8424 8425 8417
f 8425 8418 8417
f 8425 8426 8418
f 8426 8411 8418
f 8426 8419 8411
f 8427 8420 8419
f 8427 8428 8420
f 8428 8421 8420
f 8428 8429 8421
f 8429 8422 8421
f 8429 8430 8422
f 8430 8423 8422
f 8430 8431 8423
f 8431 8424 8423
f 8431 8432 8424
f 8432 8425 8424
f 8432 8433 8425
f 8433 8426 8425
f 8433 8434 8426
f 8434 8419 8426
f 8434 8427 8419
f 8435 8428 8427
f 8435 8436 8428
f 8436 8429 8428
f 8436 8437 8429
f 8437 8430 8429
f 8437 8438 8430
f 8438 8431 8430
f 8438 8439 8431
f 8439 8432 8431
f 8439 8440 8432
f 8440 8433 8432
f 8440 8441 8433
f 8441 8434 8433
f 8441 8442 8434
f 8442 8427 8434
f 8442 8435 8427
f 8443 8445 8446
f 8444 8478 8477
f 8443 8446 8447
f 8444 8479 8478
f 8443 8447 8448
f 8444 8480 8479
f 8443 8448 8449
f 8444 8481 8480
f 8443 8449 8450
f 8444 8482 8481
f 8443 8450 8451
f 8444 8483 8482
f 8443 8451 8452
f 8444 8484 8483
f 8443 8452 8445
f 8444 8477 8484
f 8453 8446 8445
f 8453 8454 8446
f 8454 8447 8446
f 8454 8455 8447
f 8455 8448 8447
f 8455 8456 8448
f 8456 8449 8448
f 8456 8457 8449
f 8457 8450 8449
f 8457 8458 8450
f 8458 8451 8450
f 8458 8459 8451
f 8459 8452 8451
f 8459 8460 8452
f 8460 8445 8452
f 8460 8453 8445
f 8461 8454 8453
f 8461 8462 8454
f 8462 8455 8454
f 8462 8463 8455
f 8463 8456 8455
f 8463 8464 8456
f 8464 8457 8456
f 8464 8465 8457
f 8465 8458 8457
f 8465 8466 8458
f 8466 8459 8458
f 8466 8467 8459
f 8467 8460 8459
f 8467 8468 8460
f 8468 8453 8460
f 8468 8461 8453
f 8469 8462 8461
f 8469 8470 8462
f 8470 8463 8462
f 8470 8471 8463
f 8471 8464 8463
f 8471 8472 8464
f 8472 8465 8464
f 8472 8473 8465
f 8473 8466 8465
f 8473 8474 8466
f 8474 8467 8466
f 8474 8475 8467
f 8475 8468 8467
f 8475 8476 8468
f 8476 8461 8468
f 8476 8469 8461
f 8477 8470 8469
f 8477 8478 8470
f 8478 8471 8470
f 8478 8479 8471
f 8479 8472 8471
f 8479 8480 8472
f 8480 8473 8472
f 8480 8481 8473
f 8481 8474 8473
f 8481 8482 8474
f 8482 8475 8474
f 8482 8483 8475
f 8483 8476 8475
f 8483 8484 8476
f 8484 8469 8476
f 8484 8477 8469
f 8485 8487 8488
f 8486 8520 8519
f 8485 8488 8489
f 8486 8521 8520
f 8485 8489 8490
f 8486 8522 8521
f 8485 8490 8491
f 8486 8523 8522
f 8485 8491 8492
f 8486 8524 8523
f 8485 8492 8493
f 8486 8525 8524
f 8485 8493 8494
f 8486 8526 8525
f 8485 8494 8487
f 8486 8519 8526
f 8495 8488 8487
f 8495 8496 8488
f 8496 8489 8488
f 8496 8497 8489
f 8497 8490 8489
f 8497 8498 8490
f 8498 8491 8490
f 8498 8499 8491
f 8499 8492 8491
f 8499 8500 8492
f 8500 8493 8492
f 8500 8501 8493
f 8501 8494 8493
f 8501 8502 8494
f 8502 8487 8494
f 8502 8495 8487
f 8503 8496 8495
f 8503 8504 8496
f 8504 8497 8496
f 8504 8505 8497
f 8505 8498 8497
f 8505 8506 8498
f 8506 8499 8498
f 8506 8507 8499
f 8507 8500 8499
f 8507 8508 8500
f 8508 8501 8500
f 8508 8509 8501
f 8509 8502 8501
f 8509 8510 8502
f 8510 8495 8502
f 8510 8503 8495
f 8511 8504 8503
f 8511 8512 8504
f 8512 8505 8504
f 8512 8513 8505
f 8513 8506 8505
f 8513 8514 8506
f 8514 8507 8506
f 8514 8515 8507
f 8515 8508 8507
f 8515 8516 8508
f 8516 8509 8508
f 8516 8517 8509
f 8517 8510 8509
f 8517 8518 8510
f 8518 8503 8510
f 8518 8511 8503
f 8519 8512 8511
f 8519 8520 8512
f 8520 8513 8512
f 8520 8521 8513
f 8521 8514 8513
f 8521 8522 8514
f 8522 8515 8514
f 8522 8523 8515
f 8523 8516 8515
f 8523 8524 8516
f 8524 8517 8516
f 8524 8525 8517
f 8525 8518 8517
f 8525 8526 8518
f 8526 8511 8518
f 8526 8519 8511
f 8527 8529 8530
f 8528 8562 8561
f 8527 8530 8531
f 8528 8563 8562
f 8527 8531 8532
f 8528 8564 8563
f 8527 8532 8533
f 8528 8565 8564
f 8527 8533 8534
f 8528 8566 8565
f 8527 8534 8535
f 8528 8567 8566
f 8527 8535 8536
f 8528 8568 8567
f 8527 8536 8529
f 8528 8561 8568
f 8537 8530 8529
f 8537 8538 8530
f 8538 8531 8530
f 8538 8539 8531
f 8539 8532 8531
f 8539 8540 8532
f 8540 8533 8532
f 8540 8541 8533
f 8541 8534 8533
f 8541 8542 8534
f 8542 8535 8534
f 8542 8543 8535
f 8543 8536 8535
f 8543 8544 8536
f 8544 8529 8536
f 8544 8537 8529
f 8545 8538 8537
f 8545 8546 8538
f 8546 8539 8538
f 8546 8547 8539
f 8547 8540 8539
f 8547 8548 8540
f 8548 8541 8540
f 8548 8549 8541
f 8549 8542 8541
f 8549 8550 8542
f 8550 8543 8542
f 8550 8551 8543
f 8551 8544 8543
f 8551 8552 8544
f 8552 8537 8544
f 8552 8545 8537
f 8553 8546 8545
f 8553 8554 8546
f 8554 8547 8546
f 8554 8555 8547
f 8555 8548 8547
f 8555 8556 8548
f 8556 8549 8548
f 8556 8557 8549
f 8557 8550 8549
f 8557 8558 8550
f 8558 8551 8550
f 8558 8559 8551
f 8559 8552 8551
f 8559 8560 8552
f 8560 8545 8552
f 8560 8553 8545
f 8561 8554 8553
f 8561 8562 8554
f 8562 8555 8554
f 8562 8563 8555
f 8563 8556 8555
f 8563 8564 8556
f 8564 8557 8556
f 8564 8565 8557
f 8565 8558 8557
f 8565 8566 8558
f 8566 8559 8558
f 8566 8567 8559
f 8567 8560 8559
f 8567 8568 8560
f 8568 8553 8560
f 8568 8561 8553
f 8569 8571 8572
f 8570 8604 8603
f 8569 8572 8573
f 8570 8605 8604
f 8569 8573 8574
f 8570 8606 8605
f 8569 8574 8575
f 8570 8607 8606
f 8569 8575 8576
f 8570 8608 8607
f 8569 8576 8577
f 8570 8609 8608
f 8569 8577 8578
f 8570 8610 8609
f 8569 8578 8571
f 8570 8603 8610
f 8579 8572 8571
f 8579 8580 8572
f 8580 8573 8572
f 8580 8581 8573
f 8581 8574 8573
f 8581 8582 8574
f 8582 8575 8574
f 8582 8583 8575
f 8583 8576 8575
f 8583 8584 8576
f 8584 8577 8576
f 8584 8585 8577
f 8585 8578 8577
f 8585 8586 8578
f 8586 8571 8578
f 8586 8579 8571
f 8587 8580 8579
f 8587 8588 8580
f 8588 8581 8580
f 8588 8589 8581
f 8589 8582 8581
f 8589 8590 8582
f 8590 8583 8582
f 8590 8591 8583
f 8591 8584 8583
f 8591 8592 8584
f 8592 8585 8584
f 8592 8593 8585
f 8593 8586 8585
f 8593 8594 8586
f 8594 8579 8586
f 8594 8587 8579
f 8595 8588 8587
f 8595 8596 8588
f 8596 8589 8588
f 8596 8597 8589
f 8597 8590 8589
f 8597 8598 8590
f 8598 8591 8590
f 8598 8599 8591
f 8599 8592 8591
f 8599 8600 8592
f 8600 8593 8592
f 8600 8601 8593
f 8601 8594 8593
f 8601 8602 8594
f 8602 8587 8594
f 8602 8595 8587
f 8603 8596 8595
f 8603 8604 8596
f 8604 8597 8596
f 8604 8605 8597
f 8605 8598 8597
f 8605 8606 8598
f 8606 8599 8598
f 8606 8607 8599
f 8607 8600 8599
f 8607 8608 8600
f 8608 8601 8600
f 8608 8609 8601
f 8609 8602 8601
f 8609 8610 8602
f 8610 8595 8602
f 8610 8603 8595
f 8611 8613 8614
f 8612 8646 8645
f 8611 8614 8615
f 8612 8647 8646
f 8611 8615 8616
f 8612 8648 8647
f 8611 8616 8617
f 8612 8649 8648
f 8611 8617 8618
f 8612 8650 8649
f 8611 8618 8619
f 8612 8651 8650
f 8611 8619 8620
f 8612 8652 8651
f 8611 8620 8613
f 8612 8645 8652
f 8621 8614 8613
f 8621 8622 8614
f 8622 8615 8614
f 8622 8623 8615
f 8623 8616 8615
f 8623 8624 8616
f 8624 8617 8616
f 8624 8625 8617
f 8625 8618 8617
f 8625 8626 8618
f 8626 8619 8618
f 8626 8627 8619
f 8627 8620 8619
f 8627 8628 8620
f 8628 8613 8620
f 8628 8621 8613
f 8629 8622 8621
f 8629 8630 8622
f 8630 8623 8622
f 8630 8631 8623
f 8631 8624 8623
f 8631 8632 8624
f 8632 8625 8624
f 8632 8633 8625
f 8633 8626 8625
f 8633 8634 8626
f 8634 8627 8626
f 8634 8635 8627
f 8635 8628 8627
f 8635 8636 8628
f 8636 8621 8628
f 8636 8629 8621
f 8637 8630 8629
f 8637 8638 8630
f 8638 8631 8630
f 8638 8639 8631
f 8639 8632 8631
f 8639 8640 8632
f 8640 8633 8632
f 8640 8641 8633
f 8641 8634 8633
f 8641 8642 8634
f 8642 8635 8634
f 8642 8643 8635
f 8643 8636 8635
f 8643 8644 8636
f 8644 8629 8636
f 8644 8637 8629
f 8645 8638 8637
f 8645 8646 8638
f 8646 8639 8638
f 8646 8647 8639
f 8647 8640 8639
f 8647 8648 8640
f 8648 8641 8640
f 8648 8649 8641
f 8649 8642 8641
f 8649 8650 8642
f 8650 8643 8642
f 8650 8651 8643
f 8651 8644 8643
f 8651 8652 8644
f 8652 8637 8644
f 8652 8645 8637
f 8653 8655 8656
f 8654 8688 8687
f 8653 8656 8657
f 8654 8689 8688
f 8653 8657 8658
f 8654 8690 8689
f 8653 8658 8659
f 8654 8691 8690
f 8653 8659 8660
f 8654 8692 8691
f 8653 8660 8661
f 8654 8693 8692
f 8653 8661 8662
f 8654 8694 8693
f 8653 8662 8655
f 8654 8687 8694
f 8663 8656 8655
f 8663 8664 8656
f 8664 8657 8656
f 8664 8665 8657
f 8665 8658 8657
f 8665 8666 8658
f 8666 8659 8658
f 8666 8667 8659
f 8667 8660 8659
f 8667 8668 8660
f 8668 8661 8660
f 8668 8669 8661
f 8669 8662 8661
f 8669 8670 8662
f 8670 8655 8662
f 8670 8663 8655
f 8671 8664 8663
f 8671 8672 8664
f 8672 8665 8664
f 8672 8673 8665
f 8673 8666 8665
f 8673 8674 8666
f 8674 8667 8666
f 8674 8675 8667
f 8675 8668 8667
f 8675 8676 8668
f 8676 8669 8668
f 8676 8677 8669
f 8677 8670 8669
f 8677 8678 8670
f 8678 8663 8670
f 8678 8671 8663
f 8679 8672 8671
f 8679 8680 8672
f 8680 8673 8672
f 8680 8681 8673
f 8681 8674 8673
f 8681 8682 8674
f 8682 8675 8674
f 8682 8683 8675
f 8683 8676 8675
f 8683 8684 8676
f 8684 8677 8676
f 8684 8685 8677
f 8685 8678 8677
f 8685 8686 8678
f 8686 8671 8678
f 8686 8679 8671
f 8687 8680 8679
f 8687 8688 8680
f 8688 8681 8680
f 8688 8689 8681
f 8689 8682 8681
f 8689 8690 8682
f 8690 8683 8682
f 8690 8691 8683
f 8691 8684 8683
f 8691 8692 8684
f 8692 8685 8684
f 8692 8693 8685
f 8693 8686 8685
f 8693 8694 8686
f 8694 8679 8686
f 8694 8687 8679
f 8695 8697 8698
f 8696 8730 8729
f 8695 8698 8699
f 8696 8731 8730
f 8695 8699 8700
f 8696 8732 8731
f 8695 8700 8701
f 8696 8733 8732
f 8695 8701 8702
f 8696 8734 8733
f 8695 8702 8703
f 8696 8735 8734
f 8695 8703 8704
f 8696 8736 8735
f 8695 8704 8697
f 8696 8729 8736
f 8705 8698 8697
f 8705 8706 8698
f 8706 8699 8698
f 8706 8707 8699
f 8707 8700 8699
f 8707 8708 8700
f 8708 8701 8700
f 8708 8709 8701
f 8709 8702 8701
f 8709 8710 8702
f 8710 8703 8702
f 8710 8711 8703
f 8711 8704 8703
f 8711 8712 8704
f 8712 8697 8704
f 8712 8705 8697
f 8713 8706 8705
f 8713 8714 8706
f 8714 8707 8706
f 8714 8715 8707
f 8715 8708 8707
f 8715 8716 8708
f 8716 8709 8708
f 8716 8717 8709
f 8717 8710 8709
f 8717 8718 8710
f 8718 8711 8710
f 8718 8719 8711
f 8719 8712 8711
f 8719 8720 8712
f 8720 8705 8712
f 8720 8713 8705
f 8721 8714 8713
f 8721 8722 8714
f 8722 8715 8714
f 8722 8723 8715
f 8723 8716 8715
f 8723 8724 8716
f 8724 8717 8716
f 8724 8725 8717
f 8725 8718 8717
f 8725 8726 8718
f 8726 8719 8718
f 8726 8727 8719
f 8727 8720 8719
f 8727 8728 8720
f 8728 8713 8720
f 8728 8721 8713
f 8729 8722 8721
f 8729 8730 8722
f 8730 8723 8722
f 8730 8731 8723
f 8731 8724 8723
f 8731 8732 8724
f 8732 8725 8724
f 8732 8733 8725
f 8733 8726 8725
f 8733 8734 8726
f 8734 8727 8726
f 8734 8735 8727
f 8735 8728 8727
f 8735 8736 8728
f 8736 8721 8728
f 8736 8729 8721
f 8737 8739 8740
f 8738 8772 8771
f 8737 8740 8741
f 8738 8773 8772
f 8737 8741 8742
f 8738 8774 8773
f 8737 8742 8743
f 8738 8775 8774
f 8737 8743 8744
f 8738 8776 8775
f 8737 8744 8745
f 8738 8777 8776
f 8737 8745 8746
f 8738 8778 8777
f 8737 8746 8739
f 8738 8771 8778
f 8747 8740 8739
f 8747 8748 8740
f 8748 8741 8740
f 8748 8749 8741
f 8749 8742 8741
f 8749 8750 8742
f 8750 8743 8742
f 8750 8751 8743
f 8751 8744 8743
f 8751 8752 8744
f 8752 8745 8744
f 8752 8753 8745
f 8753 8746 8745
f 8753 8754 8746
f 8754 8739 8746
f 8754 8747 8739
f 8755 8748 8747
f 8755 8756 8748
f 8756 8749 8748
f 8756 8757 8749
f 8757 8750 8749
f 8757 8758 8750
f 8758 8751 8750
f 8758 8759 8751
f 8759 8752 8751
f 8759 8760 8752
f 8760 8753 8752
f 8760 8761 8753
f 8761 8754 8753
f 8761 8762 8754
f 8762 8747 8754
f 8762 8755 8747
f 8763 8756 8755
f 8763 8764 8756
f 8764 8757 8756
f 8764 8765 8757
f 8765 8758 8757
f 8765 8766 8758
f 8766 8759 8758
f 8766 8767 8759
f 8767 8760 8759
f 8767 8768 8760
f 8768 8761 8760
f 8768 8769 8761
f 8769 8762 8761
f 8769 8770 8762
f 8770 8755 8762
f 8770 8763 8755
f 8771 8764 8763
f 8771 8772 8764
f 8772 8765 8764
f 8772 8773 8765
f 8773 8766 8765
f 8773 8774 8766
f 8774 8767 8766
f 8774 8775 8767
f 8775 8768 8767
f 8775 8776 8768
f 8776 8769 8768
f 8776 8777 8769
f 8777 8770 8769
f 8777 8778 8770
f 8778 8763 8770
f 8778 8771 8763
f 8779 8781 8782
f 8780 8814 8813
f 8779 8782 8783
f 8780 8815 8814
f 8779 8783 8784
f 8780 8816 8815
f 8779 8784 8785
f 8780 8817 8816
f 8779 8785 8786
f 8780 8818 8817
f 8779 8786 8787
f 8780 8819 8818
f 8779 8787 8788
f 8780 8820 8819
f 8779 8788 8781
f 8780 8813 8820
f 8789 8782 8781
f 8789 8790 8782
f 8790 8783 8782
f 8790 8791 8783
f 8791 8784 8783
f 8791 8792 8784
f 8792 8785 8784
f 8792 8793 8785
f 8793 8786 8785
f 8793 8794 8786
f 8794 8787 8786
f 8794 8795 8787
f 8795 8788 8787
f 8795 8796 8788
f 8796 8781 8788
f 8796 8789 8781
f 8797 8790 8789
f 8797 8798 8790
f 8798 8791 8790
f 8798 8799 8791
f 8799 8792 8791
f 8799 8800 8792
f 8800 8793 8792
f 8800 8801 8793
f 8801 8794 8793
f 8801 8802 8794
f 8802 8795 8794
f 8802 8803 8795
f 8803 8796 8795
f 8803 8804 8796
f 8804 8789 8796
f 8804 8797 8789
f 8805 8798 8797
f 8805 8806 8798
f 8806 8799 8798
f 8806 8807 8799
f 8807 8800 8799
f 8807 8808 8800
f 8808 8801 8800
f 8808 8809 8801
f 8809 8802 8801
f 8809 8810 8802
f 8810 8803 8802
f 8810 8811 8803
f 8811 8804 8803
f 8811 8812 8804
f 8812 8797 8804
f 8812 8805 8797
f 8813 8806 8805
f 8813 8814 8806
f 8814 8807 8806
f 8814 8815 8807
f 8815 8808 8807
f 8815 8816 8808
f 8816 8809 8808
f 8816 8817 8809
f 8817 8810 8809
f 8817 8818 8810
f 8818 8811 8810
f 8818 8819 8811
f 8819 8812 8811
f 8819 8820 8812
f 8820 8805 8812
f 8820 8813 8805
f 8821 8823 8824
f 8822 8856 8855
f 8821 8824 8825
f 8822 8857 8856
f 8821 8825 8826
f 8822 8858 8857
f 8821 8826 8827
f 8822 8859 8858
f 8821 8827 8828
f 8822 8860 8859
f 8821 8828 8829
f 8822 8861 8860
f 8821 8829 8830
f 8822 8862 8861
f 8821 8830 8823
f 8822 8855 8862
f 8831 8824 8823
f 8831 8832 8824
f 8832 8825 8824
f 8832 8833 8825
f 8833 8826 8825
f 8833 8834 8826
f 8834 8827 8826
f 8834 8835 8827
f 8835 8828 8827
f 8835 8836 8828
f 8836 8829 8828
f 8836 8837 8829
f 8837 8830 8829
f 8837 8838 8830
f 8838 8823 8830
f 8838 8831 8823
f 8839 8832 8831
f 8839 8840 8832
f 8840 8833 8832
f 8840 8841 8833
f 8841 8834 8833
f 8841 8842 8834
f 8842 8835 8834
f 8842 8843 8835
f 8843 8836 8835
f 8843 8844 8836
f 8844 8837 8836
f 8844 8845 8837
f 8845 8838 8837
f 8845 8846 8838
f 8846 8831 8838
f 8846 8839 8831
f 8847 8840 8839
f 8847 8848 8840
f 8848 8841 8840
f 8848 8849 8841
f 8849 8842 8841
f 8849 8850 8842
f 8850 8843 8842
f 8850 8851 8843
f 8851 8844 8843
f 8851 8852 8844
f 8852 8845 8844
f 8852 8853 8845
f 8853 8846 8845
f 8853 8854 8846
f 8854 8839 8846
f 8854 8847 8839
f 8855 8848 8847
f 8855 8856 8848
f 8856 8849 8848
f 8856 8857 8849
f 8857 8850 8849
f 8857 8858 8850
f 8858 8851 8850
f 8858 8859 8851
f 8859 8852 8851
f 8859 8860 8852
f 8860 8853 8852
f 8860 8861 8853
f 8861 8854 8853
f 8861 8862 8854
f 8862 8847 8854
f 8862 8855 8847
f 8863 8865 8866
f 8864 8898 8897
f 8863 8866 8867
f 8864 8899 8898
f 8863 8867 8868
f 8864 8900 8899
f 8863 8868 8869
f 8864 8901 8900
f 8863 8869 8870
f 8864 8902 8901
f 8863 8870 8871
f 8864 8903 8902
f 8863 8871 8872
f 8864 8904 8903
f 8863 8872 8865
f 8864 8897 8904
f 8873 8866 8865
f 8873 8874 8866
f 8874 8867 8866
f 8874 8875 8867
f 8875 8868 8867
f 8875 8876 8868
f 8876 8869 8868
f 8876 8877 8869
f 8877 8870 8869
f 8877 8878 8870
f 8878 8871 8870
f 8878 8879 8871
f 8879 8872 8871
f 8879 8880 8872
f 8880 8865 8872
f 8880 8873 8865
f 8881 8874 8873
f 8881 8882 8874
f 8882 8875 8874
f 8882 8883 8875
f 8883 8876 8875
f 8883 8884 8876
f 8884 8877 8876
f 8884 8885 8877
f 8885 8878 8877
f 8885 8886 8878
f 8886 8879 8878
f 8886 8887 8879
f 8887 8880 8879
f 8887 8888 8880
f 8888 8873 8880
f 8888 8881 8873
f 8889 8882 8881
f 8889 8890 8882
f 8890 8883 8882
f 8890 8891 8883
f 8891 8884 8883
f 8891 8892 8884
f 8892 8885 8884
f 8892 8893 8885
f 8893 8886 8885
f 8893 8894 8886
f 8894 8887 8886
f 8894 8895 8887
f 8895 8888 8887
f 8895 8896 8888
f 8896 8881 8888
f 8896 8889 8881
f 8897 8890 8889
f 8897 8898 8890
f 8898 8891 8890
f 8898 8899 8891
f 8899 8892 8891
f 8899 8900 8892
f 8900 8893 8892
f 8900 8901 8893
f 8901 8894 8893
f 8901 8902 8894
f 8902 8895 8894
f 8902 8903 8895
f 8903 8896 8895
f 8903 8904 8896
f 8904 8889 8896
f 8904 8897 8889
f 8905 8907 8908
f 8906 8940 8939
f 8905 8908 8909
f 8906 8941 8940
f 8905 8909 8910
f 8906 8942 8941
f 8905 8910 8911
f 8906 8943 8942
f 8905 8911 8912
f 8906 8944 8943
f 8905 8912 8913
f 8906 8945 8944
f 8905 8913 8914
f 8906 8946 8945
f 8905 8914 8907
f 8906 8939 8946
f 8915 8908 8907
f 8915 8916 8908
f 8916 8909 8908
f 8916 8917 8909
f 8917 8910 8909
f 8917 8918 8910
f 8918 8911 8910
f 8918 8919 8911
f 8919 8912 8911
f 8919 8920 8912
f 8920 8913 8912
f 8920 8921 8913
f 8921 8914 8913
f 8921 8922 8914
f 8922 8907 8914
f 8922 8915 8907
f 8923 8916 8915
f 8923 8924 8916
f 8924 8917 8916
f 8924 8925 8917
f 8925 8918 8917
f 8925 8926 8918
f 8926 8919 8918
f 8926 8927 8919
f 8927 8920 8919
f 8927 8928 8920
f 8928 8921 8920
f 8928 8929 8921
f 8929 8922 8921
f 8929 8930 8922
f 8930 8915 8922
f 8930 8923 8915
f 8931 8924 8923
f 8931 8932 8924
f 8932 8925 8924
f 8932 8933 8925
f 8933 8926 8925
f 8933 8934 8926
f 8934 8927 8926
f 8934 8935 8927
f 8935 8928 8927
f 8935 8936 8928
f 8936 8929 8928
f 8936 8937 8929
f 8937 8930 8929
f 8937 8938 8930
f 8938 8923 8930
f 8938 8931 8923
f 8939 8932 8931
f 8939 8940 8932
f 8940 8933 8932
f 8940 8941 8933
f 8941 8934 8933
f 8941 8942 8934
f 8942 8935 8934
f 8942 8943 8935
f 8943 8936 8935
f 8943 8944 8936
f 8944 8937 8936
f 8944 8945 8937
f 8945 8938 8937
f 8945 8946 8938
f 8946 8931 8938
f 8946 8939 8931
