Point_ID Label
0 38460
1 53581
2 11169
3 53581
4 46892
5 11169
6 38444
7 4461
8 60353
9 64129
10 19256
11 2849
12 26394
13 28417
14 60305
15 18977
16 2977
17 2977
18 54844
19 11169
20 49512
21 46892
22 28161
23 2977
24 2977
25 21837
26 2977
27 38460
28 49517
29 53581
30 2968
31 60161
32 18945
33 11169
34 53581
35 2849
36 2401
37 53581
38 38460
39 16716
40 11169
41 2849
42 49968
43 8997
44 25362
45 38460
46 60353
47 2849
48 53613
49 2401
50 293
51 49646
52 54589
53 55841
54 53581
55 64129
56 11169
57 27137
58 63272
59 11169
60 2977
61 49484
62 60033
63 62252
64 64129
65 26387
66 27139
67 47021
68 55953
69 27139
70 2977
71 11169
72 46892
73 2400
74 2977
75 60353
76 16716
77 16716
78 16716
79 19248
80 46892
81 60033
82 27520
83 53612
84 2977
85 45932
86 60353
87 16716
88 47021
89 60353
90 25345
91 16716
92 46892
93 46892
94 20400
95 16732
96 38460
97 46892
98 11169
99 2849
100 2977
101 46892
102 26424
103 60033
104 38444
105 53581
106 11169
107 60289
108 27139
109 2977
110 45932
111 28417
112 56072
113 60049
114 27139
115 52121
116 60035
117 53581
118 2977
119 60313
120 60049
121 60353
122 53581
123 28161
124 2977
125 49944
126 19377
127 12064
128 49976
129 49517
130 38460
131 59139
132 60033
133 2849
134 11169
135 55096
136 58209
137 16716
138 11169
139 27552
140 27552
141 60353
142 60033
143 38456
144 53581
145 53581
146 38444
147 2849
148 53032
149 53581
150 53581
151 2977
152 55084
153 38444
154 52121
155 12069
156 60353
157 53581
158 17200
159 46892
160 55096
161 53581
162 16716
163 53581
164 46892
165 38460
166 60353
167 38460
168 11169
169 59905
170 2977
171 38460
172 53581
173 62249
174 2977
175 62447
176 11169
177 19232
178 38460
179 46892
180 53581
181 60353
182 26400
183 61249
184 53581
185 53581
186 60033
187 38460
188 53581
189 21837
190 54844
191 59226
192 60161
193 53581
194 17741
195 19233
196 60353
197 2977
198 53581
199 11169
200 2848
201 16717
202 53581
203 53581
204 49473
205 59200
206 16716
207 26387
208 11169
209 53581
210 16717
211 45932
212 60161
213 27139
214 45933
215 46892
216 11169
217 53581
218 2849
219 11169
220 27521
221 2977
222 2401
223 11169
224 60033
225 53581
226 47021
227 11137
228 60049
229 54840
230 11169
231 38444
232 59137
233 16716
234 45868
235 53581
236 26465
237 53581
238 27521
239 28416
240 53581
241 38460
242 19209
243 61249
244 38460
245 54049
246 52121
247 38460
248 21837
249 63469
250 11169
251 16717
252 16716
253 16716
254 26387
255 27553
256 16717
257 2849
258 49517
259 60313
260 60353
261 53581
262 53581
263 55088
264 52121
265 26370
266 53581
267 2977
268 11169
269 25362
270 16717
271 49646
272 54573
273 46892
274 61249
275 28161
276 59136
277 53581
278 53581
279 16716
280 16716
281 59226
282 60033
283 61935
284 52121
285 25107
286 59226
287 28576
288 54048
289 53581
290 5473
291 28163
292 16716
293 59905
294 2977
295 2977
296 60257
297 11169
298 2977
299 16716
300 11169
301 60353
302 16716
303 16716
304 11169
305 16716
306 2849
307 49477
308 46892
309 38460
310 52121
311 60353
312 25441
313 25408
314 25363
315 2977
316 2993
317 2849
318 52121
319 16716
320 2977
321 60033
322 60033
323 11169
324 2849
325 2977
326 53549
327 26424
328 11169
329 38460
330 16716
331 21837
332 53581
333 17184
334 16716
335 16716
336 26392
337 11169
338 16716
339 16716
340 49960
341 2849
342 60929
343 62317
344 63469
345 40504
346 16717
347 19233
348 27139
349 2977
350 16716
351 11169
352 11169
353 59905
354 49517
355 51017
356 53613
357 60353
358 60353
359 11169
360 27425
361 2849
362 38444
363 63469
364 2849
365 2977
366 60033
367 2977
368 53581
369 60353
370 9057
371 60097
372 38460
373 53581
374 17184
375 27139
376 53581
377 53581
378 54605
379 2977
380 38460
381 53581
382 60049
383 60033
384 60353
385 2401
386 59176
387 58208
388 2849
389 46764
390 60353
391 60353
392 2977
393 60033
394 2977
395 54844
396 11169
397 2977
398 53581
399 45868
400 60353
401 46892
402 52121
403 17185
404 26371
405 55825
406 53581
407 2977
408 26371
409 38460
410 27155
411 11169
412 29548
413 2849
414 2401
415 26369
416 2977
417 2849
418 26386
419 2977
420 53581
421 60033
422 60313
423 53581
424 11169
425 2977
426 46764
427 56881
428 60353
429 2977
430 11137
431 2849
432 51017
433 16716
434 2977
435 11168
436 26394
437 11041
438 11169
439 45925
440 53581
441 61249
442 60033
443 60161
444 2977
445 46636
446 60353
447 11169
448 27139
449 60289
450 49485
451 60049
452 11169
453 28544
454 16716
455 53581
456 2849
457 53581
458 11169
459 60353
460 27521
461 28161
462 55084
463 16748
464 26131
465 53581
466 60353
467 60353
468 27139
469 16716
470 63277
471 16732
472 27155
473 60033
474 45932
475 38460
476 49646
477 46892
478 53581
479 3425
480 49512
481 5473
482 60305
483 38460
484 2401
485 61935
486 11169
487 19217
488 2977
489 25376
490 53581
491 60033
492 46892
493 16716
494 27392
495 61934
496 16716
497 11169
498 38460
499 2977
500 64033
501 2977
502 60033
503 11169
504 20144
505 2977
506 52121
507 60353
508 60033
509 38444
510 60289
511 16716
512 60353
513 45868
514 38444
515 53581
516 53581
517 55084
518 55096
519 11169
520 53581
521 54828
522 38460
523 2849
524 2977
525 59921
526 47021
527 53581
528 54048
529 60353
530 61249
531 45932
532 60035
533 16717
534 19224
535 53032
536 3872
537 60353
538 2977
539 60289
540 11169
541 60033
542 60353
543 27552
544 53581
545 53581
546 28163
547 27552
548 53581
549 2977
550 51984
551 52121
552 16716
553 53581
554 60353
555 27155
556 16716
557 54824
558 60353
559 53581
560 60353
561 11169
562 53581
563 53605
564 28449
565 2977
566 27139
567 60313
568 11169
569 58208
570 60033
571 53581
572 38460
573 53581
574 45868
575 38460
576 2849
577 60353
578 26370
579 25362
580 53613
581 38444
582 27552
583 18963
584 53581
585 11169
586 16732
587 62248
588 38460
589 2977
590 61934
591 52121
592 60049
593 53581
594 2977
595 53613
596 27536
597 64129
598 38444
599 53581
600 45928
601 53581
602 11169
603 19241
604 60033
605 60313
606 38460
607 2849
608 53581
609 11169
610 61281
611 53581
612 2977
613 16716
614 60353
615 46892
616 60353
617 2977
618 38460
619 53581
620 16716
621 49646
622 16716
623 16716
624 45864
625 60033
626 3873
627 64129
628 16716
629 60033
630 53581
631 26408
632 2977
633 53581
634 2977
635 52121
636 64129
637 2977
638 60353
639 60033
640 2977
641 11169
642 54828
643 11169
644 59905
645 16716
646 53581
647 45868
648 50985
649 2977
650 11169
651 2977
652 11169
653 2849
654 47021
655 2977
656 56881
657 45868
658 25345
659 2977
660 19200
661 60353
662 53581
663 2977
664 16717
665 18721
666 54840
667 21837
668 49473
669 55825
670 57697
671 60353
672 53032
673 53581
674 49960
675 60353
676 38460
677 11169
678 45868
679 11169
680 11169
681 46892
682 60353
683 2977
684 27552
685 53168
686 38460
687 15148
688 53581
689 2849
690 18693
691 54048
692 2977
693 16716
694 64001
695 45932
696 60353
697 60353
698 46892
699 38460
700 60353
701 60353
702 53581
703 53613
704 11169
705 40508
706 16716
707 8997
708 53581
709 40504
710 60353
711 2977
712 2341
713 63272
714 2977
715 11169
716 53581
717 61281
718 27139
719 11104
720 53581
721 2977
722 26387
723 53581
724 2977
725 56881
726 19352
727 26377
728 16716
729 53581
730 54840
731 46892
732 27521
733 60353
734 27139
735 11169
736 2401
737 60353
738 60049
739 38444
740 2977
741 46892
742 11104
743 60033
744 60305
745 25377
746 19208
747 60353
748 16716
749 61935
750 54573
751 16717
752 27153
753 38444
754 2977
755 54828
756 53581
757 38444
758 2401
759 11169
760 38460
761 5473
762 58152
763 55953
764 2849
765 26131
766 11169
767 26368
768 23885
769 53613
770 45868
771 53581
772 46892
773 53581
774 60033
775 60353
776 38444
777 2977
778 53581
779 16716
780 54332
781 60353
782 2977
783 2977
784 60192
785 2977
786 53581
787 38444
788 46892
789 64129
790 28161
791 11169
792 2524
793 38444
794 2401
795 27489
796 38460
797 60353
798 40744
799 2976
800 60033
801 28592
802 49952
803 60353
804 38460
805 60033
806 21837
807 26368
808 49952
809 38460
810 53581
811 11169
812 52121
813 16716
814 26387
815 46892
816 28449
817 16716
818 16716
819 16716
820 16716
821 11168
822 16716
823 2849
824 2977
825 58112
826 11109
827 53581
828 26387
829 62444
830 60033
831 46892
832 38460
833 27265
834 18765
835 46892
836 11169
837 19209
838 20837
839 54328
840 45868
841 38460
842 38460
843 2849
844 47021
845 11169
846 2849
847 53581
848 61935
849 60033
850 53613
851 5473
852 2849
853 11169
854 46892
855 26131
856 2401
857 16716
858 46892
859 54844
860 11169
861 16716
862 60035
863 19248
864 50985
865 2977
866 60353
867 11169
868 2977
869 57121
870 16716
871 11169
872 38460
873 38444
874 18945
875 59905
876 26387
877 26368
878 62240
879 3873
880 16717
881 2977
882 16716
883 38460
884 11169
885 53581
886 60353
887 53581
888 53581
889 60033
890 28576
891 45868
892 60033
893 38460
894 11169
895 25376
896 18963
897 60313
898 38460
899 60353
900 53581
901 16716
902 54844
903 47021
904 16717
905 49477
906 60353
907 60353
908 11169
909 38460
910 2977
911 59226
912 60353
913 46892
914 2849
915 19233
916 46764
917 63288
918 45868
919 11169
920 11169
921 2977
922 53581
923 60035
924 2849
925 16716
926 25107
927 53581
928 20844
929 11169
930 11169
931 53581
932 38460
933 17153
934 53581
935 27169
936 49409
937 27139
938 46892
939 16716
940 45932
941 11169
942 46892
943 26387
944 60353
945 53581
946 53581
947 3873
948 53613
949 46892
950 45869
951 27139
952 38444
953 60033
954 49517
955 2977
956 53581
957 46892
958 53581
959 26370
960 63272
961 38460
962 53581
963 16716
964 53581
965 11169
966 38460
967 59905
968 11169
969 16716
970 16716
971 49516
972 16716
973 26370
974 11169
975 54637
976 53581
977 60033
978 27139
979 11169
980 26394
981 2849
982 2848
983 59137
984 18764
985 16716
986 46892
987 16716
988 38460
989 49417
990 53613
991 62444
992 16716
993 26368
994 53581
995 27139
996 16716
997 53581
998 38460
999 28464
1000 53581
1001 61281
1002 46892
1003 49413
1004 16716
1005 63469
1006 28449
1007 38460
1008 56881
1009 16716
1010 16716
1011 53581
1012 27139
1013 60305
1014 60033
1015 26131
1016 25107
1017 26401
1018 53581
1019 46892
1020 53581
1021 38460
1022 53581
1023 16732
1024 53581
1025 47021
1026 38460
1027 49952
1028 25107
1029 45932
1030 16716
1031 9057
1032 46892
1033 46892
1034 26377
1035 60353
1036 26386
1037 16716
1038 38460
1039 60097
1040 27137
1041 16716
1042 53581
1043 60353
1044 13100
1045 46892
1046 46892
1047 53581
1048 27425
1049 38460
1050 16716
1051 53581
1052 46892
1053 46892
1054 18764
1055 28163
1056 53581
1057 26394
1058 16716
1059 26370
1060 16716
1061 53581
1062 5473
1063 31233
1064 60353
1065 53581
1066 38460
1067 38460
1068 53581
1069 46892
1070 46892
1071 53581
1072 45868
1073 16716
1074 49646
1075 2977
1076 27139
1077 16716
1078 27155
1079 11169
1080 53581
1081 46892
1082 27425
1083 21837
1084 53581
1085 46892
1086 45932
1087 51048
1088 53581
1089 38460
1090 53581
1091 11045
1092 54332
1093 16716
1094 18947
1095 53581
1096 16717
1097 2977
1098 11169
1099 38460
1100 54060
1101 11173
1102 61935
1103 62444
1104 27139
1105 46892
1106 16716
1107 11169
1108 46892
1109 46892
1110 27139
1111 56653
1112 53581
1113 53581
1114 38460
1115 55084
1116 38460
1117 26371
1118 26394
1119 46892
1120 27139
1121 2977
1122 53581
1123 53581
1124 59905
1125 53581
1126 46892
1127 26401
1128 45932
1129 26370
1130 54332
1131 16732
1132 16716
1133 27139
1134 59200
1135 26371
1136 28544
1137 38460
1138 59907
1139 11169
1140 16716
1141 16716
1142 46892
1143 38460
1144 16716
1145 58115
1146 2977
1147 11041
1148 11104
1149 49509
1150 27137
1151 28544
1152 16716
1153 27139
1154 11169
1155 11045
1156 53581
1157 49517
1158 45868
1159 28163
1160 53581
1161 11169
1162 60161
1163 27139
1164 16716
1165 45868
1166 45421
1167 18764
1168 16716
1169 38460
1170 11169
1171 26370
1172 26376
1173 59209
1174 53581
1175 30504
1176 28592
1177 26369
1178 16716
1179 16716
1180 53581
1181 45932
1182 26408
1183 26386
1184 45932
1185 46892
1186 53549
1187 3873
1188 16716
1189 62240
1190 48684
1191 2849
1192 11169
1193 26371
1194 38460
1195 59905
1196 54328
1197 16716
1198 2977
1199 53613
1200 16716
1201 26401
1202 53581
1203 53581
1204 26394
1205 60161
1206 26115
1207 46764
1208 45932
1209 49485
1210 54828
1211 16716
1212 54840
1213 17208
1214 27139
1215 30504
1216 16716
1217 11044
1218 46892
1219 46892
1220 16716
1221 59137
1222 38444
1223 53613
1224 53581
1225 16716
1226 47020
1227 16716
1228 53581
1229 53032
1230 26376
1231 16716
1232 49952
1233 38444
1234 53613
1235 27137
1236 27139
1237 46892
1238 11169
1239 46892
1240 46892
1241 27139
1242 53581
1243 27137
1244 16716
1245 26387
1246 46892
1247 61985
1248 53581
1249 27139
1250 26370
1251 16716
1252 11169
1253 38460
1254 27155
1255 11169
1256 16716
1257 25107
1258 16645
1259 16716
1260 16716
1261 26387
1262 11169
1263 16716
1264 16716
1265 16716
1266 27139
1267 26394
1268 46764
1269 46892
1270 16716
1271 45868
1272 16716
1273 27155
1274 45933
1275 46892
1276 11137
1277 53581
1278 25361
1279 53613
1280 31233
1281 62317
1282 26368
1283 46892
1284 55081
1285 38444
1286 49485
1287 16716
1288 16716
1289 54840
1290 27139
1291 21837
1292 27139
1293 38444
1294 53581
1295 38460
1296 26370
1297 2977
1298 53581
1299 31233
1300 38460
1301 63272
1302 46636
1303 16716
1304 53581
1305 30504
1306 27139
1307 27139
1308 53581
1309 38444
1310 26394
1311 16716
1312 49413
1313 51992
1314 38444
1315 27139
1316 46892
1317 59907
1318 38460
1319 45868
1320 60033
1321 60353
1322 60033
1323 60353
1324 38460
1325 60033
1326 60033
1327 53581
1328 60033
1329 53581
1330 53581
1331 45868
1332 53581
1333 60035
1334 60353
1335 26387
1336 2977
1337 27139
1338 60033
1339 27521
1340 26394
1341 62249
1342 46892
1343 26394
1344 53581
1345 46892
1346 26131
1347 46892
1348 38460
1349 46892
1350 53581
1351 60353
1352 2977
1353 53581
1354 46892
1355 46892
1356 27139
1357 60097
1358 27137
1359 27139
1360 26370
1361 21837
1362 16716
1363 38460
1364 27139
1365 60033
1366 62447
1367 53581
1368 38460
1369 27155
1370 53609
1371 46892
1372 60353
1373 53609
1374 45932
1375 60353
1376 16716
1377 5473
1378 60033
1379 47020
1380 59905
1381 26370
1382 26394
1383 17185
1384 16716
1385 60033
1386 38460
1387 38444
1388 27139
1389 27155
1390 46892
1391 60353
1392 38460
1393 60033
1394 11169
1395 53581
1396 60353
1397 60033
1398 38460
1399 60033
1400 26370
1401 53581
1402 60353
1403 2977
1404 60033
1405 53581
1406 2977
1407 2977
1408 53581
1409 54844
1410 60353
1411 60353
1412 27155
1413 11169
1414 60033
1415 2849
1416 63469
1417 19377
1418 60033
1419 2977
1420 26371
1421 54844
1422 46892
1423 26370
1424 49485
1425 46892
1426 3873
1427 26394
1428 46892
1429 46060
1430 2977
1431 60033
1432 60353
1433 16716
1434 46892
1435 26131
1436 54632
1437 53612
1438 11173
1439 2524
1440 49485
1441 16716
1442 49517
1443 60313
1444 60353
1445 53581
1446 54844
1447 53581
1448 27155
1449 27139
1450 357
1451 60353
1452 49516
1453 46892
1454 46892
1455 27155
1456 16716
1457 16716
1458 25344
1459 53548
1460 60033
1461 27139
1462 16716
1463 46892
1464 60033
1465 16716
1466 53581
1467 62316
1468 46892
1469 16716
1470 28576
1471 53613
1472 63272
1473 62444
1474 45868
1475 28161
1476 16716
1477 2977
1478 46892
1479 49953
1480 27139
1481 27139
1482 53581
1483 53581
1484 38460
1485 38460
1486 26465
1487 53548
1488 60035
1489 45932
1490 53581
1491 62446
1492 53581
1493 53581
1494 46892
1495 5473
1496 59226
1497 16716
1498 20837
1499 53581
1500 11169
1501 38460
1502 18797
1503 27155
1504 26387
1505 16716
1506 10017
1507 28163
1508 59905
1509 2977
1510 11169
1511 59168
1512 28449
1513 11173
1514 16716
1515 18764
1516 2849
1517 11169
1518 27552
1519 49512
1520 2849
1521 53581
1522 11169
1523 27139
1524 27139
1525 16716
1526 46892
1527 20844
1528 11169
1529 26432
1530 16716
1531 49485
1532 38460
1533 62444
1534 16716
1535 25107
1536 53581
1537 40504
1538 26371
1539 2977
1540 2977
1541 16716
1542 54024
1543 45868
1544 47021
1545 27552
1546 16716
1547 16716
1548 27137
1549 17185
1550 54605
1551 54605
1552 53581
1553 26371
1554 54824
1555 27139
1556 62444
1557 46892
1558 53581
1559 16716
1560 11169
1561 38460
1562 16749
1563 59905
1564 16716
1565 46060
1566 46892
1567 46892
1568 49485
1569 38460
1570 26131
1571 26370
1572 59201
1573 16716
1574 38460
1575 54637
1576 27139
1577 28576
1578 27139
1579 49953
1580 11045
1581 26370
1582 46892
1583 21837
1584 26394
1585 16716
1586 25345
1587 27560
1588 25345
1589 53581
1590 26394
1591 38460
1592 26370
1593 27139
1594 26370
1595 27139
1596 16716
1597 27139
1598 26394
1599 46892
1600 25416
1601 53581
1602 46892
1603 45932
1604 16716
1605 27137
1606 26131
1607 27169
1608 11041
1609 38444
1610 16717
1611 11169
1612 49960
1613 46892
1614 38460
1615 27137
1616 60033
1617 53581
1618 27139
1619 38460
1620 26387
1621 38460
1622 26370
1623 27155
1624 27139
1625 54828
1626 16716
1627 28576
1628 63469
1629 27139
1630 46892
1631 30504
1632 53581
1633 27155
1634 49921
1635 46892
1636 62248
1637 53581
1638 38460
1639 60035
1640 2848
1641 53581
1642 27392
1643 26369
1644 54605
1645 16716
1646 55080
1647 46892
1648 27139
1649 54840
1650 2849
1651 46892
1652 11169
1653 40744
1654 17160
1655 38700
1656 16716
1657 49485
1658 16716
1659 59907
1660 23885
1661 11169
1662 46892
1663 55084
1664 26371
1665 27155
1666 38444
1667 26394
1668 27139
1669 27139
1670 27155
1671 16716
1672 26370
1673 26387
1674 27137
1675 46060
1676 53581
1677 27139
1678 53581
1679 46764
1680 19201
1681 27139
1682 38444
1683 27139
1684 38444
1685 26370
1686 53581
1687 27139
1688 26394
1689 53581
1690 26131
1691 16716
1692 2849
1693 60035
1694 60033
1695 38701
1696 46892
1697 19233
1698 18945
1699 25091
1700 50976
1701 49953
1702 26115
1703 27139
1704 28592
1705 53581
1706 27155
1707 26131
1708 2977
1709 16716
1710 26131
1711 60033
1712 45421
1713 27155
1714 27139
1715 60161
1716 53581
1717 26370
1718 26394
1719 53581
1720 49484
1721 2977
1722 16741
1723 19361
1724 53581
1725 26386
1726 53581
1727 27139
1728 53581
1729 55073
1730 28163
1731 26371
1732 27139
1733 11041
1734 5473
1735 45933
1736 26387
1737 16716
1738 2977
1739 54057
1740 27139
1741 52009
1742 18947
1743 16716
1744 26371
1745 60033
1746 19364
1747 45868
1748 53581
1749 2977
1750 26394
1751 16716
1752 38460
1753 26394
1754 11169
1755 27155
1756 53581
1757 3888
1758 49517
1759 60097
1760 20845
1761 2977
1762 16716
1763 16716
1764 53581
1765 11169
1766 59139
1767 60353
1768 64129
1769 2849
1770 46892
1771 60353
1772 27139
1773 49516
1774 46892
1775 19377
1776 53581
1777 26131
1778 53581
1779 2401
1780 49484
1781 11169
1782 26370
1783 60353
1784 60353
1785 60353
1786 46892
1787 2849
1788 45932
1789 60033
1790 27139
1791 38460
1792 60353
1793 23885
1794 60353
1795 11169
1796 26370
1797 47021
1798 53581
1799 26370
1800 59905
1801 2977
1802 60353
1803 46892
1804 26115
1805 5473
1806 40504
1807 26370
1808 38460
1809 38460
1810 45932
1811 11169
1812 60353
1813 2977
1814 11169
1815 45869
1816 54840
1817 55953
1818 27139
1819 27139
1820 46636
1821 53581
1822 2977
1823 59139
1824 38460
1825 26370
1826 16732
1827 11169
1828 53581
1829 11169
1830 23885
1831 53581
1832 60305
1833 2977
1834 46892
1835 49517
1836 26370
1837 60033
1838 26370
1839 16716
1840 26131
1841 38444
1842 60353
1843 54049
1844 60033
1845 11169
1846 2977
1847 9057
1848 45868
1849 60353
1850 2849
1851 26131
1852 58209
1853 27139
1854 16716
1855 46892
1856 27139
1857 45868
1858 53581
1859 11169
1860 26394
1861 60353
1862 60353
1863 27139
1864 2849
1865 46892
1866 46892
1867 21837
1868 58144
1869 26115
1870 38460
1871 53613
1872 2524
1873 2401
1874 26401
1875 27139
1876 2977
1877 60033
1878 26394
1879 26370
1880 59905
1881 60353
1882 11169
1883 46060
1884 46892
1885 3425
1886 25107
1887 26370
1888 26370
1889 26441
1890 26370
1891 11169
1892 38460
1893 53581
1894 46892
1895 11169
1896 11169
1897 59905
1898 11169
1899 25432
1900 26394
1901 59905
1902 53581
1903 60033
1904 27137
1905 60033
1906 20844
1907 11169
1908 11169
1909 57129
1910 38460
1911 38460
1912 62253
1913 27139
1914 46892
1915 59905
1916 27155
1917 49484
1918 25344
1919 38444
1920 18693
1921 59209
1922 46892
1923 61985
1924 53581
1925 20272
1926 46892
1927 53581
1928 62444
1929 16716
1930 27137
1931 11169
1932 49485
1933 27155
1934 62444
1935 16716
1936 16716
1937 25352
1938 53581
1939 2849
1940 2849
1941 26401
1942 52008
1943 16716
1944 16717
1945 27139
1946 11169
1947 26370
1948 53581
1949 11169
1950 16716
1951 28592
1952 27139
1953 16716
1954 38444
1955 21837
1956 49421
1957 26370
1958 53581
1959 47020
1960 18216
1961 16716
1962 27139
1963 54637
1964 2977
1965 63272
1966 46892
1967 6988
1968 28163
1969 58113
1970 16716
1971 53581
1972 53581
1973 53048
1974 27139
1975 27137
1976 26370
1977 38460
1978 16716
1979 18780
1980 62444
1981 46892
1982 49485
1983 26370
1984 53581
1985 16716
1986 46764
1987 38460
1988 59907
1989 53581
1990 58145
1991 27139
1992 2524
1993 27139
1994 26401
1995 62252
1996 27139
1997 53581
1998 26370
1999 53581
2000 11169
2001 49921
2002 16716
2003 26370
2004 54057
2005 53581
2006 26394
2007 2849
2008 16716
2009 27139
2010 4460
2011 26370
2012 16716
2013 55096
2014 55085
2015 26386
2016 46892
2017 62253
2018 63272
2019 59905
2020 26394
2021 56653
2022 54328
2023 26368
2024 11169
2025 63272
2026 38444
2027 25416
2028 53581
2029 61985
2030 38460
2031 27139
2032 38460
2033 63264
2034 26387
2035 27139
2036 45868
2037 54828
2038 27139
2039 59905
2040 2977
2041 20844
2042 16716
2043 11168
2044 62444
2045 27395
2046 45925
2047 16716
2048 52121
2049 60033
2050 16716
2051 55080
2052 26394
2053 59905
2054 45868
2055 46892
2056 16716
2057 45932
2058 26370
2059 11169
2060 60033
2061 26376
2062 16716
2063 26370
2064 28576
2065 11169
2066 26386
2067 46892
2068 2840
2069 26394
2070 11169
2071 62304
2072 53581
2073 51017
2074 26394
2075 54844
2076 26387
2077 38460
2078 62248
2079 27139
2080 2849
2081 59907
2082 17224
2083 53581
2084 2977
2085 60033
2086 27139
2087 11169
2088 53581
2089 26370
2090 62248
2091 59905
2092 48684
2093 26376
2094 61249
2095 46892
2096 27139
2097 26424
2098 27139
2099 16732
2100 46892
2101 11169
2102 16716
2103 2849
2104 2849
2105 53581
2106 26370
2107 2977
2108 60257
2109 2977
2110 38460
2111 53581
2112 59905
2113 20272
2114 16716
2115 49929
2116 27137
2117 27139
2118 26370
2119 26370
2120 27139
2121 11169
2122 38460
2123 27139
2124 38460
2125 59139
2126 16716
2127 2977
2128 27139
2129 57696
2130 27155
2131 45932
2132 28592
2133 45868
2134 38460
2135 2524
2136 23885
2137 26370
2138 27139
2139 54844
2140 25107
2141 26394
2142 56872
2143 47020
2144 2977
2145 28560
2146 11169
2147 27139
2148 12065
2149 11045
2150 53613
2151 27139
2152 2977
2153 26387
2154 46892
2155 53581
2156 11169
2157 11169
2158 2977
2159 2849
2160 2977
2161 59905
2162 27536
2163 59921
2164 27139
2165 46636
2166 26370
2167 27139
2168 53613
2169 26394
2170 2977
2171 28576
2172 45868
2173 11169
2174 20813
2175 63276
2176 2977
2177 46892
2178 19360
2179 52121
2180 2977
2181 46892
2182 26394
2183 26386
2184 45612
2185 49517
2186 2977
2187 2977
2188 26394
2189 59905
2190 46892
2191 59907
2192 26370
2193 46060
2194 54048
2195 60033
2196 11169
2197 26131
2198 18716
2199 11169
2200 16716
2201 62444
2202 53581
2203 2977
2204 49485
2205 17741
2206 11169
2207 2977
2208 62317
2209 18780
2210 59226
2211 11169
2212 27155
2213 63469
2214 60033
2215 60353
2216 45868
2217 27139
2218 60033
2219 27139
2220 2977
2221 2977
2222 2849
2223 26131
2224 58216
2225 52121
2226 49961
2227 53581
2228 46892
2229 17188
2230 49928
2231 46892
2232 45612
2233 38701
2234 60353
2235 11169
2236 52912
2237 2977
2238 38460
2239 53581
2240 53581
2241 17224
2242 46636
2243 2977
2244 28592
2245 11169
2246 2977
2247 26394
2248 19233
2249 3425
2250 26387
2251 3873
2252 11152
2253 47020
2254 49517
2255 52121
2256 2977
2257 49485
2258 16716
2259 12065
2260 38460
2261 53581
2262 11169
2263 55080
2264 55080
2265 16716
2266 45932
2267 27139
2268 60353
2269 11169
2270 38460
2271 16716
2272 11137
2273 2849
2274 27139
2275 60353
2276 27424
2277 61249
2278 58144
2279 46892
2280 59905
2281 16716
2282 12065
2283 60033
2284 11169
2285 16717
2286 60033
2287 59233
2288 27139
2289 26394
2290 26394
2291 53581
2292 53581
2293 16716
2294 54828
2295 2849
2296 11169
2297 4972
2298 15148
2299 11169
2300 26370
2301 2977
2302 28163
2303 11169
2304 49517
2305 62444
2306 46892
2307 38444
2308 26370
2309 49485
2310 11169
2311 59232
2312 11169
2313 46892
2314 46892
2315 11169
2316 16716
2317 60033
2318 25107
2319 54049
2320 58145
2321 11169
2322 45868
2323 60353
2324 53581
2325 27139
2326 45868
2327 28163
2328 16716
2329 2976
2330 53581
2331 27139
2332 60353
2333 59907
2334 60353
2335 55084
2336 26370
2337 11169
2338 16716
2339 11169
2340 11169
2341 38460
2342 52008
2343 11169
2344 27139
2345 29548
2346 46892
2347 26131
2348 53581
2349 52121
2350 26387
2351 54828
2352 16716
2353 26370
2354 46892
2355 53581
2356 45932
2357 11169
2358 59905
2359 11169
2360 27139
2361 16716
2362 46892
2363 53581
2364 2977
2365 26394
2366 49480
2367 38444
2368 16716
2369 16716
2370 53581
2371 53581
2372 26440
2373 25091
2374 54828
2375 45868
2376 38460
2377 16716
2378 28417
2379 38460
2380 16716
2381 26370
2382 53581
2383 16716
2384 26369
2385 46892
2386 45868
2387 16716
2388 2849
2389 53581
2390 11152
2391 26131
2392 28449
2393 56653
2394 18765
2395 38460
2396 45932
2397 46892
2398 49485
2399 53581
2400 26386
2401 49481
2402 38460
2403 27265
2404 11169
2405 54605
2406 49517
2407 25107
2408 26394
2409 25107
2410 11169
2411 16716
2412 26394
2413 26386
2414 54844
2415 16716
2416 16748
2417 26394
2418 21837
2419 45868
2420 26370
2421 27139
2422 59209
2423 59139
2424 27139
2425 2849
2426 49477
2427 60353
2428 11169
2429 54332
2430 38460
2431 60353
2432 55084
2433 26394
2434 53581
2435 38444
2436 27139
2437 25091
2438 27137
2439 53613
2440 20272
2441 26394
2442 46892
2443 51016
2444 61185
2445 2977
2446 26386
2447 49453
2448 55084
2449 49517
2450 45932
2451 28163
2452 27139
2453 45932
2454 27139
2455 25363
2456 27139
2457 26370
2458 64289
2459 11169
2460 26368
2461 26368
2462 26370
2463 4460
2464 26387
2465 11169
2466 27139
2467 26370
2468 26370
2469 11169
2470 27139
2471 38460
2472 26370
2473 26394
2474 59905
2475 60035
2476 57696
2477 2977
2478 54120
2479 62317
2480 26384
2481 2977
2482 2977
2483 54049
2484 18721
2485 59905
2486 16716
2487 16716
2488 5473
2489 60353
2490 26387
2491 53581
2492 27139
2493 18797
2494 46892
2495 17168
2496 27139
2497 38460
2498 20144
2499 26394
2500 46892
2501 27139
2502 16716
2503 3873
2504 11169
2505 27137
2506 18184
2507 45868
2508 62444
2509 38460
2510 26386
2511 17168
2512 16716
2513 26370
2514 61934
2515 26394
2516 26394
2517 59905
2518 53581
2519 18797
2520 2849
2521 19352
2522 54056
2523 26115
2524 27139
2525 38460
2526 28163
2527 27139
2528 49485
2529 2849
2530 54637
2531 11041
2532 59905
2533 46892
2534 53581
2535 54637
2536 49516
2537 53581
2538 2977
2539 45868
2540 11104
2541 27139
2542 11169
2543 26370
2544 63276
2545 2849
2546 53581
2547 16716
2548 49453
2549 62444
2550 2977
2551 27139
2552 11169
2553 45932
2554 27139
2555 49517
2556 53581
2557 46892
2558 47020
2559 54332
2560 27155
2561 16716
2562 6988
2563 53581
2564 53581
2565 53581
2566 60033
2567 60049
2568 45932
2569 46764
2570 60033
2571 53581
2572 27139
2573 49421
2574 55953
2575 16716
2576 26370
2577 25091
2578 45932
2579 21837
2580 26131
2581 28163
2582 60033
2583 64129
2584 54072
2585 59905
2586 16716
2587 60033
2588 59905
2589 19360
2590 59905
2591 38460
2592 26394
2593 16716
2594 27139
2595 16716
2596 46636
2597 60161
2598 62312
2599 2977
2600 60353
2601 59176
2602 26387
2603 28449
2604 25107
2605 26370
2606 17193
2607 38460
2608 28432
2609 25107
2610 45869
2611 2977
2612 16741
2613 2977
2614 27139
2615 18700
2616 26424
2617 11041
2618 3873
2619 25107
2620 45868
2621 45868
2622 2849
2623 11169
2624 38460
2625 16716
2626 45612
2627 57697
2628 2977
2629 45868
2630 17153
2631 11169
2632 53581
2633 49485
2634 27139
2635 53581
2636 47021
2637 26370
2638 46892
2639 45868
2640 45868
2641 26394
2642 53581
2643 11169
2644 46892
2645 16716
2646 16716
2647 46892
2648 16652
2649 27139
2650 49509
2651 53581
2652 26370
2653 49480
2654 45868
2655 49481
2656 16716
2657 27139
2658 60033
2659 2977
2660 40744
2661 51000
2662 49516
2663 38460
2664 46892
2665 16716
2666 16716
2667 12065
2668 53581
2669 11169
2670 27137
2671 46764
2672 26115
2673 21837
2674 11169
2675 16716
2676 38460
2677 53581
2678 60353
2679 16717
2680 16716
2681 11169
2682 20813
2683 46892
2684 25091
2685 38460
2686 3873
2687 11169
2688 18209
2689 28163
2690 27139
2691 26131
2692 55080
2693 11169
2694 54573
2695 27155
2696 19241
2697 16716
2698 38444
2699 54605
2700 25091
2701 27139
2702 60033
2703 18716
2704 16716
2705 60033
2706 53613
2707 54057
2708 49516
2709 60353
2710 60033
2711 60033
2712 28448
2713 11169
2714 16717
2715 16716
2716 19233
2717 53581
2718 26387
2719 27139
2720 16717
2721 11169
2722 38460
2723 38444
2724 11169
2725 11137
2726 46764
2727 46892
2728 54573
2729 46892
2730 38444
2731 11169
2732 26131
2733 54844
2734 62444
2735 2465
2736 59905
2737 54840
2738 48684
2739 2977
2740 18764
2741 38460
2742 25353
2743 26370
2744 60033
2745 27139
2746 11169
2747 45413
2748 3872
2749 60353
2750 60033
2751 60033
2752 45932
2753 16716
2754 11169
2755 54844
2756 53605
2757 45869
2758 26394
2759 16716
2760 19224
2761 53581
2762 27139
2763 27155
2764 53613
2765 16716
2766 20257
2767 63288
2768 45932
2769 53581
2770 27139
2771 46892
2772 16716
2773 19377
2774 27139
2775 16716
2776 26368
2777 2849
2778 53581
2779 38444
2780 52000
2781 2849
2782 38460
2783 49921
2784 16716
2785 60353
2786 11169
2787 49513
2788 53581
2789 45868
2790 45868
2791 16716
2792 49936
2793 2849
2794 26441
2795 46060
2796 16716
2797 49517
2798 26432
2799 59905
2800 64033
2801 16716
2802 11169
2803 54573
2804 53581
2805 27139
2806 26370
2807 46764
2808 16716
2809 38460
2810 45868
2811 49512
2812 26368
2813 59226
2814 16716
2815 2977
2816 54568
2817 46892
2818 11169
2819 64129
2820 25385
2821 53605
2822 59905
2823 46892
2824 11169
2825 26370
2826 27552
2827 26370
2828 16716
2829 26386
2830 27155
2831 58115
2832 26376
2833 46892
2834 16716
2835 27139
2836 60192
2837 27553
2838 11169
2839 59905
2840 53581
2841 25107
2842 38460
2843 27153
2844 59907
2845 26394
2846 26131
2847 26392
2848 2977
2849 26371
2850 53613
2851 47916
2852 59907
2853 27393
2854 27139
2855 16716
2856 27137
2857 11169
2858 55084
2859 26394
2860 26370
2861 28449
2862 26387
2863 59137
2864 59905
2865 26370
2866 11169
2867 25362
2868 53581
2869 53581
2870 38460
2871 59136
2872 27139
2873 60033
2874 8997
2875 53581
2876 26394
2877 53581
2878 2849
2879 45932
2880 45868
2881 28592
2882 26370
2883 60353
2884 21837
2885 59907
2886 56881
2887 27139
2888 26386
2889 27139
2890 26394
2891 53613
2892 27139
2893 53613
2894 26370
2895 2977
2896 21837
2897 16741
2898 27155
2899 53548
2900 18764
2901 49485
2902 27139
2903 26370
2904 26394
2905 26386
2906 53581
2907 16716
2908 53581
2909 364
2910 20280
2911 53581
2912 26387
2913 27139
2914 38460
2915 56881
2916 26370
2917 27139
2918 53581
2919 2849
2920 26131
2921 2849
2922 46892
2923 63272
2924 45868
2925 53581
2926 53613
2927 15116
2928 27139
2929 53581
2930 357
2931 26386
2932 27552
2933 62444
2934 27139
2935 2977
2936 26394
2937 46892
2938 49485
2939 2465
2940 11169
2941 63469
2942 59907
2943 27155
2944 28576
2945 46892
2946 45869
2947 55080
2948 53581
2949 45612
2950 59905
2951 27139
2952 46892
2953 55841
2954 60033
2955 64129
2956 3873
2957 53048
2958 26394
2959 16716
2960 45868
2961 60353
2962 46060
2963 26394
2964 21837
2965 25344
2966 9057
2967 2849
2968 2849
2969 46892
2970 27425
2971 38444
2972 49477
2973 25091
2974 53581
2975 46892
2976 11169
2977 60033
2978 2849
2979 2977
2980 3873
2981 54844
2982 27139
2983 60163
2984 26394
2985 63272
2986 56105
2987 26115
2988 63288
2989 16716
2990 49473
2991 46892
2992 60033
2993 60353
2994 60033
2995 38460
2996 60353
2997 60353
2998 27139
2999 59905
3000 26370
3001 27139
3002 26378
3003 62444
3004 60033
3005 49517
3006 26370
3007 2977
3008 28592
3009 46892
3010 38444
3011 21837
3012 26394
3013 60033
3014 19376
3015 38460
3016 11169
3017 46892
3018 11169
3019 60033
3020 18764
3021 54840
3022 26387
3023 27393
3024 27139
3025 2977
3026 45932
3027 45868
3028 16716
3029 16716
3030 2400
3031 27155
3032 2977
3033 12065
3034 60033
3035 2849
3036 2977
3037 46892
3038 23885
3039 46892
3040 25376
3041 2977
3042 2977
3043 53581
3044 53613
3045 38460
3046 49646
3047 53581
3048 58144
3049 2977
3050 2977
3051 2849
3052 57128
3053 2977
3054 38700
3055 5473
3056 45868
3057 56653
3058 60305
3059 60033
3060 38444
3061 27393
3062 27139
3063 53581
3064 11169
3065 19200
3066 49517
3067 60033
3068 16716
3069 53581
3070 60161
3071 52920
3072 2848
3073 54840
3074 53581
3075 38444
3076 53581
3077 27139
3078 46892
3079 27155
3080 27139
3081 54844
3082 47020
3083 16716
3084 49920
3085 26131
3086 58208
3087 56888
3088 2849
3089 11169
3090 38460
3091 60033
3092 2849
3093 56888
3094 27139
3095 60033
3096 11169
3097 60033
3098 60033
3099 2849
3100 45868
3101 26131
3102 60353
3103 11169
3104 54844
3105 26131
3106 27395
3107 53581
3108 18945
3109 60033
3110 26387
3111 46892
3112 49485
3113 27139
3114 25107
3115 27139
3116 2977
3117 2977
3118 60353
3119 60033
3120 46892
3121 49480
3122 60033
3123 26371
3124 46892
3125 53581
3126 16716
3127 54844
3128 2977
3129 53548
3130 20400
3131 27155
3132 27139
3133 54828
3134 18780
3135 11104
3136 55096
3137 53581
3138 52792
3139 53581
3140 60313
3141 16716
3142 11169
3143 27139
3144 16716
3145 46892
3146 26378
3147 49646
3148 2849
3149 16716
3150 17192
3151 27139
3152 45932
3153 26370
3154 53581
3155 16716
3156 46892
3157 2977
3158 53613
3159 62444
3160 26371
3161 62248
3162 27553
3163 16716
3164 2977
3165 53581
3166 27139
3167 38444
3168 16716
3169 38460
3170 62444
3171 54573
3172 47020
3173 26370
3174 49485
3175 63277
3176 19364
3177 26369
3178 11169
3179 38444
3180 26394
3181 26432
3182 60353
3183 46892
3184 16716
3185 26370
3186 16732
3187 63264
3188 26394
3189 27139
3190 26370
3191 26370
3192 27139
3193 26370
3194 26368
3195 16716
3196 26131
3197 26386
3198 38444
3199 54828
3200 38460
3201 53581
3202 59907
3203 26440
3204 27139
3205 2977
3206 38460
3207 27155
3208 27139
3209 38444
3210 62316
3211 12065
3212 50984
3213 62444
3214 27139
3215 53613
3216 58120
3217 58120
3218 38460
3219 62444
3220 49453
3221 60163
3222 54844
3223 17200
3224 27424
3225 38444
3226 16716
3227 26370
3228 26370
3229 27408
3230 26370
3231 11169
3232 26368
3233 27139
3234 26394
3235 59905
3236 3873
3237 19376
3238 60163
3239 53581
3240 2849
3241 27139
3242 60033
3243 62316
3244 45868
3245 26394
3246 38444
3247 26115
3248 53581
3249 19360
3250 54840
3251 27139
3252 26394
3253 26387
3254 60033
3255 16716
3256 28464
3257 26392
3258 54828
3259 26394
3260 26370
3261 27139
3262 59136
3263 2400
3264 26424
3265 26370
3266 53581
3267 26371
3268 45932
3269 26370
3270 27139
3271 60353
3272 11169
3273 46888
3274 54048
3275 38460
3276 53549
3277 11169
3278 2977
3279 2977
3280 28163
3281 2849
3282 62444
3283 53581
3284 11169
3285 27139
3286 27155
3287 27139
3288 27139
3289 57696
3290 62240
3291 45932
3292 2977
3293 11169
3294 8993
3295 27139
3296 49516
3297 26115
3298 26378
3299 26394
3300 60033
3301 16716
3302 53581
3303 2977
3304 2849
3305 27139
3306 45868
3307 46764
3308 18947
3309 26370
3310 26370
3311 16716
3312 26394
3313 55096
3314 59136
3315 11169
3316 27155
3317 18780
3318 2977
3319 62446
3320 38460
3321 26370
3322 2848
3323 58208
3324 16716
3325 13164
3326 27139
3327 54828
3328 2977
3329 2977
3330 3873
3331 45868
3332 26370
3333 45996
3334 46892
3335 45868
3336 27139
3337 58144
3338 16716
3339 54328
3340 54840
3341 45932
3342 2977
3343 46892
3344 54828
3345 26387
3346 38444
3347 16716
3348 9061
3349 27139
3350 51048
3351 27425
3352 60033
3353 11169
3354 38460
3355 62240
3356 60313
3357 63288
3358 2977
3359 11169
3360 27155
3361 11169
3362 62444
3363 26394
3364 46892
3365 54328
3366 53581
3367 62444
3368 45868
3369 2856
3370 60033
3371 53581
3372 2849
3373 54328
3374 45869
3375 60033
3376 26370
3377 45868
3378 16717
3379 16716
3380 64033
3381 26131
3382 27139
3383 59905
3384 2977
3385 5473
3386 27155
3387 47916
3388 26394
3389 2977
3390 46892
3391 11137
3392 49517
3393 53581
3394 16716
3395 5473
3396 49453
3397 26370
3398 26369
3399 60033
3400 38460
3401 59907
3402 53613
3403 26370
3404 26394
3405 11169
3406 27155
3407 11152
3408 46892
3409 20845
3410 59169
3411 26371
3412 46892
3413 11169
3414 57129
3415 40508
3416 2849
3417 23885
3418 46892
3419 26371
3420 18716
3421 47020
3422 25448
3423 2849
3424 46892
3425 49477
3426 53581
3427 38444
3428 2524
3429 21837
3430 40508
3431 59226
3432 16716
3433 60353
3434 11169
3435 46892
3436 62316
3437 27553
3438 26131
3439 45933
3440 25107
3441 46892
3442 11169
3443 60097
3444 40492
3445 46892
3446 16716
3447 49485
3448 11169
3449 60033
3450 60353
3451 27553
3452 45868
3453 18764
3454 61934
3455 27536
3456 45932
3457 19377
3458 19232
3459 54844
3460 11041
3461 16716
3462 54048
3463 60353
3464 26370
3465 26370
3466 45612
3467 11169
3468 49485
3469 27139
3470 40508
3471 27155
3472 27155
3473 46892
3474 25091
3475 21837
3476 53581
3477 63288
3478 16716
3479 27139
3480 16716
3481 46892
3482 11169
3483 38460
3484 63469
3485 19240
3486 27139
3487 26387
3488 63272
3489 364
3490 59905
3491 45612
3492 53581
3493 27139
3494 11105
3495 27139
3496 27139
3497 26394
3498 26394
3499 2977
3500 2524
3501 293
3502 52920
3503 60353
3504 60353
3505 2412
3506 46892
3507 58153
3508 27553
3509 53612
3510 38460
3511 16741
3512 49485
3513 53581
3514 27139
3515 16716
3516 53581
3517 11169
3518 27155
3519 55096
3520 2977
3521 26370
3522 16716
3523 49953
3524 53581
3525 16716
3526 16716
3527 53613
3528 45868
3529 6988
3530 45868
3531 11169
3532 62447
3533 16716
3534 59905
3535 64129
3536 38460
3537 49485
3538 26386
3539 26384
3540 27552
3541 26369
3542 64001
3543 17741
3544 26370
3545 26386
3546 27139
3547 26394
3548 16716
3549 25107
3550 26370
3551 46636
3552 46892
3553 55088
3554 31233
3555 55080
3556 11169
3557 53581
3558 27139
3559 27139
3560 58144
3561 26377
3562 26371
3563 2849
3564 38444
3565 27139
3566 38444
3567 38444
3568 45932
3569 27139
3570 2849
3571 45932
3572 26115
3573 27139
3574 59137
3575 26394
3576 46892
3577 11169
3578 26387
3579 16716
3580 26394
3581 38444
3582 27139
3583 38460
3584 2849
3585 26394
3586 28163
3587 15212
3588 26387
3589 53581
3590 26394
3591 16716
3592 11169
3593 62312
3594 27139
3595 26371
3596 53581
3597 2849
3598 26377
3599 49485
3600 18945
3601 26370
3602 25107
3603 52000
3604 45868
3605 27139
3606 49485
3607 2977
3608 2849
3609 21837
3610 45868
3611 26370
3612 53581
3613 2977
3614 45932
3615 11169
3616 26386
3617 2977
3618 27139
3619 26416
3620 60163
3621 5473
3622 18961
3623 38700
3624 27488
3625 26370
3626 49512
3627 11169
3628 62444
3629 2849
3630 56097
3631 27139
3632 62444
3633 27155
3634 59905
3635 45932
3636 11169
3637 26370
3638 26394
3639 26394
3640 11041
3641 63277
3642 49413
3643 46060
3644 26115
3645 60033
3646 2977
3647 45932
3648 26376
3649 27155
3650 45932
3651 25368
3652 58153
3653 40748
3654 11041
3655 2849
3656 53581
3657 26370
3658 26370
3659 53581
3660 46892
3661 45868
3662 46892
3663 38460
3664 45933
3665 51976
3666 60353
3667 45869
3668 46892
3669 55080
3670 11169
3671 46892
3672 27139
3673 40508
3674 49421
3675 27139
3676 26370
3677 25091
3678 38460
3679 38444
3680 46892
3681 45932
3682 53581
3683 53581
3684 53581
3685 2849
3686 53581
3687 27155
3688 62248
3689 38460
3690 53581
3691 54605
3692 19233
3693 2977
3694 60353
3695 53581
3696 45932
3697 2977
3698 53581
3699 26370
3700 38460
3701 46892
3702 11169
3703 16749
3704 49409
3705 26371
3706 27155
3707 19232
3708 2848
3709 26394
3710 60033
3711 55080
3712 49477
3713 46892
3714 27155
3715 26387
3716 63273
3717 51968
3718 19352
3719 38696
3720 60353
3721 11169
3722 2849
3723 53581
3724 52121
3725 17184
3726 26387
3727 26370
3728 26386
3729 26370
3730 26394
3731 26370
3732 3425
3733 26368
3734 59907
3735 16716
3736 59905
3737 53613
3738 54572
3739 11169
3740 49477
3741 27139
3742 26370
3743 58208
3744 26394
3745 40504
3746 60049
3747 38444
3748 16716
3749 53581
3750 25376
3751 45612
3752 55085
3753 38460
3754 54828
3755 27139
3756 26394
3757 2849
3758 64129
3759 25107
3760 16716
3761 46892
3762 19360
3763 26386
3764 27139
3765 26394
3766 59905
3767 45868
3768 16716
3769 27552
3770 38460
3771 11169
3772 54568
3773 27139
3774 11169
3775 54049
3776 61934
3777 27139
3778 11169
3779 16716
3780 2412
3781 27139
3782 59905
3783 61281
3784 19344
3785 11169
3786 26408
3787 2977
3788 26386
3789 27139
3790 46892
3791 54328
3792 2977
3793 60097
3794 60353
3795 11169
3796 60033
3797 54828
3798 58114
3799 47021
3800 53605
3801 11169
3802 18963
3803 15148
3804 62316
3805 27139
3806 27155
3807 45932
3808 26370
3809 62444
3810 46764
3811 26387
3812 38444
3813 11169
3814 25107
3815 2524
3816 26387
3817 53613
3818 49473
3819 54048
3820 16716
3821 11169
3822 38460
3823 11169
3824 11169
3825 53581
3826 16716
3827 18797
3828 45932
3829 25440
3830 16716
3831 49509
3832 11169
3833 27139
3834 26394
3835 2977
3836 20400
3837 26394
3838 26401
3839 16716
3840 49473
3841 2849
3842 53033
3843 54589
3844 16716
3845 59905
3846 53581
3847 26394
3848 62444
3849 53048
3850 27521
3851 11041
3852 53581
3853 27139
3854 53613
3855 38460
3856 38460
3857 38460
3858 26386
3859 53613
3860 38460
3861 11169
3862 49485
3863 52000
3864 20280
3865 49485
3866 26394
3867 27139
3868 16716
3869 26394
3870 27393
3871 60033
3872 27139
3873 26384
3874 45864
3875 27155
3876 26369
3877 28448
3878 11169
3879 59905
3880 53581
3881 26131
3882 25091
3883 38444
3884 53581
3885 53548
3886 53549
3887 62444
3888 25107
3889 53581
3890 26394
3891 19361
3892 16716
3893 49512
3894 45932
3895 59905
3896 45868
3897 27139
3898 54573
3899 26370
3900 26370
3901 45868
3902 60033
3903 11169
3904 46892
3905 61185
3906 2977
3907 18764
3908 27155
3909 46892
3910 53581
3911 20408
3912 26370
3913 28163
3914 60353
3915 53581
3916 60353
3917 21837
3918 26131
3919 62248
3920 26370
3921 26424
3922 38460
3923 2849
3924 49517
3925 26394
3926 27139
3927 46892
3928 26386
3929 26394
3930 26370
3931 26394
3932 58145
3933 25363
3934 53040
3935 11169
3936 26370
3937 26387
3938 38460
3939 11169
3940 28416
3941 3873
3942 27155
3943 45868
3944 11040
3945 53581
3946 27139
3947 27537
3948 27139
3949 26370
3950 26394
3951 2977
3952 53613
3953 45413
3954 26370
3955 60033
3956 25091
3957 2977
3958 27139
3959 49646
3960 59921
3961 49413
3962 11169
3963 45868
3964 53581
3965 11044
3966 26370
3967 60033
3968 45932
3969 15212
3970 26131
3971 26115
3972 27139
3973 46636
3974 25408
3975 54840
3976 27139
3977 45869
3978 45932
3979 2977
3980 2849
3981 26370
3982 16716
3983 40504
3984 27155
3985 26370
3986 16732
3987 46892
3988 45932
3989 45868
3990 46892
3991 45996
3992 11169
3993 21837
3994 357
3995 26386
3996 38444
3997 26401
3998 54828
3999 53581
4000 46892
4001 26408
4002 27139
4003 26394
4004 45932
4005 49485
4006 45868
4007 20813
4008 49485
4009 3873
4010 45868
4011 27553
4012 53581
4013 53581
4014 26370
4015 18780
4016 2849
4017 26371
4018 59905
4019 27139
4020 52008
4021 49646
4022 49512
4023 26386
4024 49485
4025 46636
4026 27139
4027 49509
4028 60353
4029 26386
4030 54605
4031 27139
4032 46892
4033 54840
4034 26369
4035 38460
4036 60353
4037 38460
4038 25363
4039 26394
4040 62252
4041 46892
4042 26387
4043 64129
4044 60033
4045 2977
4046 26371
4047 60353
4048 26394
4049 46892
4050 45868
4051 11169
4052 16716
4053 46892
4054 2977
4055 38460
4056 59152
4057 49953
4058 46892
4059 11169
4060 25107
4061 25344
4062 40508
4063 46892
4064 53581
4065 19377
4066 26387
4067 53581
4068 60035
4069 46892
4070 26370
4071 46892
4072 2401
4073 59905
4074 46892
4075 49512
4076 47020
4077 46892
4078 26370
4079 26394
4080 38460
4081 60033
4082 38444
4083 46892
4084 38444
4085 38460
4086 11169
4087 46892
4088 19332
4089 27139
4090 55080
4091 40744
4092 2849
4093 27137
4094 60353
4095 5473
4096 11169
4097 60353
4098 46892
4099 20813
4100 46892
4101 2977
4102 38460
4103 16716
4104 46892
4105 26131
4106 38444
4107 59905
4108 38460
4109 60097
4110 62444
4111 53040
4112 2993
4113 55096
4114 62316
4115 55096
4116 16716
4117 26370
4118 27139
4119 53581
4120 364
4121 11169
4122 26387
4123 16716
4124 26370
4125 49485
4126 53048
4127 28449
4128 16716
4129 53613
4130 11169
4131 16716
4132 26386
4133 16716
4134 27552
4135 53581
4136 28544
4137 46892
4138 55084
4139 53581
4140 26400
4141 58113
4142 63276
4143 27139
4144 11169
4145 11040
4146 20280
4147 27155
4148 49952
4149 61281
4150 16677
4151 60033
4152 27139
4153 27139
4154 46892
4155 17184
4156 11169
4157 27139
4158 27139
4159 27139
4160 26131
4161 3425
4162 45868
4163 53613
4164 53581
4165 54844
4166 45868
4167 27139
4168 63469
4169 18232
4170 54828
4171 46892
4172 26401
4173 16716
4174 26370
4175 19233
4176 27139
4177 62444
4178 46892
4179 2849
4180 27155
4181 11169
4182 27139
4183 26371
4184 2977
4185 60353
4186 54024
4187 49516
4188 46892
4189 27139
4190 26370
4191 20280
4192 53613
4193 46892
4194 57696
4195 46892
4196 26370
4197 17192
4198 26370
4199 60289
4200 16748
4201 53040
4202 18232
4203 53581
4204 27139
4205 2977
4206 11169
4207 27139
4208 45932
4209 46892
4210 27139
4211 27139
4212 53581
4213 1825
4214 26432
4215 45868
4216 3873
4217 45868
4218 26370
4219 26401
4220 16732
4221 47021
4222 63288
4223 21837
4224 49952
4225 27139
4226 11169
4227 19233
4228 45868
4229 46892
4230 11169
4231 38700
4232 26370
4233 2853
4234 26394
4235 26394
4236 2849
4237 45925
4238 26370
4239 60353
4240 60033
4241 53581
4242 27139
4243 28416
4244 16716
4245 26394
4246 17228
4247 26131
4248 2977
4249 60049
4250 2849
4251 27139
4252 2977
4253 28592
4254 49953
4255 26394
4256 52016
4257 54056
4258 2977
4259 46892
4260 59905
4261 45932
4262 2849
4263 11169
4264 26378
4265 53613
4266 26394
4267 48684
4268 27139
4269 16716
4270 49921
4271 18797
4272 45932
4273 26386
4274 64129
4275 55084
4276 25107
4277 16717
4278 62444
4279 16716
4280 45868
4281 53581
4282 26387
4283 54049
4284 54844
4285 16716
4286 2977
4287 46892
4288 18947
4289 55096
4290 61935
4291 2849
4292 11169
4293 38460
4294 20144
4295 49485
4296 17193
4297 16716
4298 59153
4299 27139
4300 26394
4301 26370
4302 53541
4303 27139
4304 16716
4305 26394
4306 46060
4307 2977
4308 49920
4309 57121
4310 2849
4311 62446
4312 59905
4313 11169
4314 59905
4315 11169
4316 16716
4317 38460
4318 53581
4319 26370
4320 46888
4321 26386
4322 59905
4323 11045
4324 11169
4325 47021
4326 54048
4327 45932
4328 26370
4329 28592
4330 38460
4331 53613
4332 53581
4333 45864
4334 26369
4335 27139
4336 27139
4337 27489
4338 60353
4339 46892
4340 62446
4341 53581
4342 26378
4343 26386
4344 11169
4345 16716
4346 16716
4347 11169
4348 26371
4349 26387
4350 60033
4351 27392
4352 11169
4353 19361
4354 53581
4355 16716
4356 2849
4357 27139
4358 54605
4359 38460
4360 27139
4361 25376
4362 46892
4363 25377
4364 45413
4365 2977
4366 26131
4367 50504
4368 2977
4369 27139
4370 59905
4371 60161
4372 53581
4373 27139
4374 59905
4375 2977
4376 45868
4377 2977
4378 2400
4379 60353
4380 38700
4381 26131
4382 16716
4383 53581
4384 38460
4385 16716
4386 11169
4387 27155
4388 26394
4389 28576
4390 26394
4391 18693
4392 17228
4393 53581
4394 16716
4395 46892
4396 38460
4397 26386
4398 27139
4399 16652
4400 27139
4401 46892
4402 20400
4403 38444
4404 38460
4405 26370
4406 49413
4407 53581
4408 53613
4409 11169
4410 53581
4411 16716
4412 62252
4413 45869
4414 59907
4415 26386
4416 27139
4417 27139
4418 26371
4419 27153
4420 26394
4421 16748
4422 46892
4423 62252
4424 53541
4425 61985
4426 26370
4427 62248
4428 53581
4429 28161
4430 25441
4431 2977
4432 53581
4433 38460
4434 26400
4435 25408
4436 53581
4437 62444
4438 46892
4439 53581
4440 53581
4441 53581
4442 27139
4443 53581
4444 26386
4445 16677
4446 26386
4447 2977
4448 45933
4449 2853
4450 30504
4451 27139
4452 60313
4453 59905
4454 26131
4455 26370
4456 57132
4457 63272
4458 45932
4459 16716
4460 26394
4461 60033
4462 45868
4463 26394
4464 49513
4465 26371
4466 26368
4467 26394
4468 59226
4469 2977
4470 53581
4471 60313
4472 27139
4473 2977
4474 50984
4475 25107
4476 53581
4477 45868
4478 16716
4479 19344
4480 45868
4481 26394
4482 28576
4483 46892
4484 27139
4485 19232
4486 45868
4487 2977
4488 60033
4489 26370
4490 26368
4491 45932
4492 26370
4493 26370
4494 2849
4495 27139
4496 27139
4497 38444
4498 45868
4499 16716
4500 26370
4501 60163
4502 27139
4503 2977
4504 27139
4505 2977
4506 2341
4507 53581
4508 26400
4509 2412
4510 11169
4511 46892
4512 58153
4513 16717
4514 2400
4515 26387
4516 46892
4517 49646
4518 18797
4519 59232
4520 26370
4521 16716
4522 26371
4523 46892
4524 38460
4525 13164
4526 19376
4527 58112
4528 61934
4529 26370
4530 23885
4531 53581
4532 45932
4533 54048
4534 38460
4535 46764
4536 4972
4537 55080
4538 46892
4539 2977
4540 51016
4541 49953
4542 54048
4543 2976
4544 53605
4545 27552
4546 49513
4547 27552
4548 26394
4549 26370
4550 51976
4551 59139
4552 11169
4553 54056
4554 53613
4555 19121
4556 55080
4557 12065
4558 16716
4559 51016
4560 26394
4561 26370
4562 49516
4563 2849
4564 46060
4565 62444
4566 19360
4567 6988
4568 59136
4569 20844
4570 27139
4571 46060
4572 46892
4573 26394
4574 62248
4575 45612
4576 38696
4577 54844
4578 27552
4579 40508
4580 2977
4581 26394
4582 40508
4583 61249
4584 62312
4585 11169
4586 26394
4587 26387
4588 27139
4589 53581
4590 38460
4591 54572
4592 31233
4593 2465
4594 45868
4595 52000
4596 27139
4597 28161
4598 18780
4599 26131
4600 53608
4601 49953
4602 53581
4603 46764
4604 18208
4605 53581
4606 49485
4607 2977
4608 2977
4609 56065
4610 26408
4611 62444
4612 26394
4613 38444
4614 60033
4615 63276
4616 53581
4617 60353
4618 16716
4619 60035
4620 60033
4621 2977
4622 28449
4623 52920
4624 55084
4625 26370
4626 58145
4627 38460
4628 46892
4629 49485
4630 53048
4631 46892
4632 38444
4633 52920
4634 2977
4635 46060
4636 19232
4637 11169
4638 46764
4639 60353
4640 26392
4641 60257
4642 2849
4643 47021
4644 16716
4645 16717
4646 16716
4647 46892
4648 59905
4649 26385
4650 27139
4651 38444
4652 28560
4653 21837
4654 28464
4655 11169
4656 54844
4657 27139
4658 17160
4659 53581
4660 11169
4661 27155
4662 46892
4663 26394
4664 53581
4665 28417
4666 16716
4667 16716
4668 16716
4669 38460
4670 16716
4671 26371
4672 38460
4673 26370
4674 18961
4675 27139
4676 36408
4677 16716
4678 20265
4679 45868
4680 19256
4681 11169
4682 49480
4683 26386
4684 45932
4685 27139
4686 46892
4687 60033
4688 49481
4689 27139
4690 26386
4691 20844
4692 46892
4693 26369
4694 26370
4695 28576
4696 60033
4697 27139
4698 49952
4699 27139
4700 2977
4701 27139
4702 26370
4703 2977
4704 53581
4705 45868
4706 59139
4707 25347
4708 2977
4709 11169
4710 26370
4711 49473
4712 26370
4713 26394
4714 60035
4715 17176
4716 46892
4717 27139
4718 3873
4719 49473
4720 27155
4721 59907
4722 26394
4723 28416
4724 38444
4725 16716
4726 59200
4727 46636
4728 59177
4729 45868
4730 11041
4731 49509
4732 26370
4733 26370
4734 59168
4735 49944
4736 60305
4737 26464
4738 28592
4739 27137
4740 27139
4741 2849
4742 45864
4743 46892
4744 54049
4745 27155
4746 3873
4747 3873
4748 11169
4749 63265
4750 19233
4751 16717
4752 49512
4753 53581
4754 46892
4755 26370
4756 63469
4757 38700
4758 26370
4759 27552
4760 27139
4761 28560
4762 58145
4763 45932
4764 45868
4765 27139
4766 30504
4767 50977
4768 26368
4769 46892
4770 45864
4771 16716
4772 27139
4773 27552
4774 2977
4775 16716
4776 60313
4777 63272
4778 59905
4779 27155
4780 2977
4781 2977
4782 2977
4783 56105
4784 19360
4785 19360
4786 60033
4787 16716
4788 46892
4789 26370
4790 38460
4791 16716
4792 27139
4793 16741
4794 53581
4795 60033
4796 38460
4797 26376
4798 46892
4799 26394
4800 29548
4801 28592
4802 8992
4803 2849
4804 62317
4805 54573
4806 26131
4807 53581
4808 38444
4809 38460
4810 45868
4811 55084
4812 2849
4813 60033
4814 38444
4815 25107
4816 16716
4817 26370
4818 27139
4819 26370
4820 45868
4821 16716
4822 27139
4823 54844
4824 17184
4825 26394
4826 17741
4827 2849
4828 52121
4829 59139
4830 38444
4831 16716
4832 2977
4833 27139
4834 56888
4835 49952
4836 60033
4837 49485
4838 2977
4839 26394
4840 27139
4841 26394
4842 38460
4843 46892
4844 52792
4845 11169
4846 27139
4847 26394
4848 26370
4849 38444
4850 51976
4851 49480
4852 46892
4853 63264
4854 46636
4855 52008
4856 27393
4857 48684
4858 60033
4859 54328
4860 5473
4861 26368
4862 26392
4863 62444
4864 26370
4865 49473
4866 11169
4867 46892
4868 45932
4869 40508
4870 11169
4871 16716
4872 11169
4873 11169
4874 49952
4875 60353
4876 27153
4877 60097
4878 2401
4879 11173
4880 46892
4881 27560
4882 46892
4883 26386
4884 46892
4885 53581
4886 21837
4887 8997
4888 60353
4889 45932
4890 26371
4891 16716
4892 59905
4893 26370
4894 2849
4895 60097
4896 25345
4897 11169
4898 50976
4899 11169
4900 20400
4901 46892
4902 46636
4903 2977
4904 5473
4905 49960
4906 59905
4907 2849
4908 59905
4909 60353
4910 19224
4911 18216
4912 46892
4913 49920
4914 54332
4915 2849
4916 2401
4917 38444
4918 36408
4919 46892
4920 25363
4921 60033
4922 11169
4923 11169
4924 46892
4925 38460
4926 20265
4927 26394
4928 45932
4929 49480
4930 20400
4931 53581
4932 16716
4933 28592
4934 26378
4935 16741
4936 26378
4937 58216
4938 38700
4939 4460
4940 46892
4941 63264
4942 53581
4943 54844
4944 38444
4945 26386
4946 11169
4947 38460
4948 27137
4949 16716
4950 26370
4951 28163
4952 60353
4953 26370
4954 26115
4955 26386
4956 26370
4957 53581
4958 59232
4959 27139
4960 27155
4961 2977
4962 19364
4963 56653
4964 38460
4965 26370
4966 16716
4967 54572
4968 38460
4969 19200
4970 26394
4971 53581
4972 38444
4973 19233
4974 61934
4975 54844
4976 26394
4977 46892
4978 26378
4979 27139
4980 26400
4981 53612
4982 59905
4983 3873
4984 26131
4985 26371
4986 46892
4987 11169
4988 27393
4989 62252
4990 62444
4991 49485
4992 26370
4993 26394
4994 27393
4995 38444
4996 62249
4997 26386
4998 26371
4999 27139
5000 2849
5001 2977
5002 28576
5003 26394
5004 2977
5005 49952
5006 45932
5007 49485
5008 57696
5009 60353
5010 26387
5011 49517
5012 26465
5013 45868
5014 49485
5015 26370
5016 11169
5017 16741
5018 49485
5019 27552
5020 46892
5021 2960
5022 45932
5023 19352
5024 45868
5025 19364
5026 53581
5027 49473
5028 26370
5029 26370
5030 17228
5031 51984
5032 26368
5033 26387
5034 20400
5035 38460
5036 45868
5037 26386
5038 27139
5039 27425
5040 2977
5041 2977
5042 26394
5043 26394
5044 16716
5045 3425
5046 54064
5047 46636
5048 26394
5049 27139
5050 26394
5051 17208
5052 28592
5053 46892
5054 2465
5055 54573
5056 53581
5057 45868
5058 46764
5059 357
5060 46892
5061 45932
5062 49517
5063 49485
5064 2849
5065 11169
5066 18721
5067 60033
5068 53033
5069 26384
5070 16716
5071 27139
5072 26387
5073 16716
5074 53581
5075 38456
5076 45868
5077 19377
5078 54844
5079 60097
5080 26394
5081 54328
5082 26394
5083 62444
5084 55084
5085 28560
5086 46636
5087 25089
5088 38460
5089 61935
5090 26370
5091 26370
5092 47916
5093 53581
5094 26370
5095 11169
5096 28576
5097 16716
5098 2849
5099 38460
5100 26371
5101 55080
5102 60033
5103 58113
5104 2849
5105 60353
5106 18764
5107 11169
5108 45868
5109 2977
5110 27139
5111 45868
5112 5473
5113 2977
5114 26370
5115 16716
5116 2992
5117 46892
5118 45932
5119 53581
5120 2341
5121 62444
5122 53581
5123 60033
5124 26115
5125 20400
5126 45868
5127 61216
5128 38444
5129 49960
5130 54328
5131 2977
5132 26387
5133 2977
5134 11169
5135 2977
5136 17189
5137 46892
5138 4972
5139 25107
5140 60033
5141 16717
5142 63276
5143 27139
5144 27139
5145 45868
5146 3872
5147 27139
5148 54328
5149 49480
5150 62444
5151 53613
5152 59905
5153 53613
5154 59905
5155 27139
5156 47021
5157 60353
5158 20272
5159 38444
5160 46892
5161 16716
5162 28560
5163 49509
5164 53581
5165 11169
5166 27393
5167 3873
5168 56888
5169 59152
5170 57697
5171 55085
5172 16716
5173 45932
5174 28560
5175 16716
5176 60033
5177 26370
5178 54632
5179 11169
5180 11169
5181 62252
5182 16716
5183 26386
5184 26370
5185 26370
5186 46892
5187 49484
5188 17224
5189 60929
5190 48684
5191 53613
5192 62444
5193 60035
5194 54637
5195 4972
5196 2977
5197 53581
5198 26394
5199 53581
5200 60033
5201 46892
5202 27552
5203 26387
5204 26370
5205 54056
5206 26370
5207 26394
5208 27137
5209 27139
5210 49485
5211 11041
5212 11169
5213 49485
5214 56065
5215 27139
5216 2977
5217 2977
5218 26386
5219 11169
5220 53581
5221 53548
5222 16741
5223 53581
5224 2977
5225 27139
5226 27139
5227 2977
5228 46636
5229 26394
5230 47020
5231 2853
5232 26394
5233 26386
5234 11169
5235 27153
5236 17160
5237 27281
5238 26368
5239 26394
5240 62241
5241 13164
5242 26370
5243 2993
5244 27139
5245 2849
5246 55084
5247 26131
5248 46892
5249 25091
5250 63277
5251 26370
5252 16716
5253 59226
5254 45932
5255 59139
5256 18797
5257 55073
5258 16716
5259 16716
5260 27553
5261 26386
5262 49952
5263 8997
5264 60161
5265 53549
5266 46892
5267 28163
5268 17192
5269 38460
5270 2849
5271 11169
5272 60353
5273 3425
5274 45932
5275 26387
5276 27139
5277 19120
5278 21837
5279 60353
5280 26371
5281 49484
5282 46892
5283 28464
5284 5473
5285 38460
5286 20845
5287 53581
5288 27139
5289 26370
5290 55953
5291 26371
5292 63272
5293 49480
5294 26368
5295 2977
5296 46892
5297 11169
5298 2849
5299 15148
5300 60033
5301 60353
5302 28576
5303 60033
5304 46892
5305 26394
5306 60353
5307 63288
5308 60097
5309 55080
5310 47020
5311 53581
5312 11169
5313 27139
5314 53544
5315 16716
5316 2977
5317 11169
5318 2853
5319 3888
5320 60097
5321 26384
5322 49976
5323 38460
5324 2401
5325 38444
5326 38460
5327 21837
5328 49480
5329 45932
5330 11169
5331 49477
5332 46892
5333 45868
5334 46892
5335 2976
5336 60929
5337 54828
5338 2977
5339 60033
5340 60353
5341 38460
5342 2849
5343 60353
5344 38460
5345 2977
5346 53548
5347 53581
5348 20813
5349 11137
5350 11169
5351 62444
5352 2977
5353 40504
5354 62444
5355 46636
5356 26400
5357 46892
5358 27139
5359 11169
5360 2977
5361 53581
5362 59905
5363 49516
5364 54840
5365 26386
5366 26386
5367 49646
5368 27139
5369 53581
5370 11169
5371 49512
5372 26394
5373 60033
5374 59905
5375 20844
5376 25377
5377 54605
5378 16716
5379 54573
5380 38444
5381 26385
5382 26394
5383 19376
5384 53581
5385 11169
5386 59905
5387 26386
5388 2977
5389 26386
5390 60163
5391 21837
5392 13164
5393 27155
5394 26394
5395 52000
5396 53032
5397 60353
5398 2993
5399 11169
5400 28576
5401 38460
5402 45869
5403 27139
5404 54048
5405 54605
5406 16716
5407 28161
5408 26369
5409 26131
5410 26370
5411 18764
5412 60033
5413 26371
5414 2977
5415 60161
5416 27139
5417 16716
5418 62248
5419 59907
5420 53581
5421 26368
5422 38444
5423 62444
5424 26416
5425 16716
5426 19233
5427 49952
5428 45868
5429 4460
5430 54056
5431 27155
5432 53549
5433 2977
5434 38460
5435 53581
5436 27139
5437 59139
5438 28425
5439 46892
5440 49517
5441 62253
5442 46892
5443 46636
5444 26370
5445 61935
5446 28592
5447 28417
5448 62253
5449 2849
5450 2977
5451 27139
5452 46892
5453 11169
5454 2977
5455 2849
5456 46892
5457 26386
5458 49646
5459 56888
5460 2977
5461 59176
5462 45932
5463 54828
5464 46892
5465 59905
5466 54332
5467 27139
5468 28576
5469 2849
5470 52001
5471 16716
5472 26394
5473 27139
5474 26370
5475 53581
5476 25376
5477 27139
5478 26371
5479 46892
5480 16716
5481 27155
5482 26464
5483 26370
5484 54328
5485 60163
5486 45868
5487 55096
5488 19233
5489 27139
5490 2977
5491 11044
5492 27139
5493 59168
5494 26378
5495 49480
5496 2977
5497 2849
5498 27139
5499 45868
5500 2977
5501 49453
5502 59905
5503 62447
5504 52920
5505 60353
5506 16716
5507 27139
5508 27139
5509 26131
5510 26394
5511 27552
5512 53581
5513 27139
5514 40504
5515 27552
5516 25107
5517 46892
5518 26386
5519 58113
5520 6988
5521 59240
5522 26368
5523 26386
5524 60313
5525 2960
5526 2977
5527 26115
5528 46892
5529 8992
5530 54844
5531 46892
5532 11173
5533 53048
5534 2977
5535 2848
5536 53613
5537 26370
5538 11169
5539 26370
5540 62444
5541 2977
5542 64001
5543 2977
5544 60049
5545 53581
5546 11169
5547 46892
5548 26368
5549 27139
5550 46892
5551 5473
5552 26394
5553 38460
5554 49953
5555 38444
5556 38444
5557 46892
5558 49480
5559 60353
5560 27425
5561 26386
5562 38460
5563 49509
5564 15180
5565 26465
5566 28161
5567 59226
5568 60353
5569 26394
5570 45933
5571 2977
5572 9061
5573 45612
5574 11152
5575 45868
5576 49480
5577 2849
5578 60161
5579 49517
5580 45932
5581 46892
5582 25376
5583 16716
5584 357
5585 51000
5586 49516
5587 53581
5588 16716
5589 60033
5590 28592
5591 2977
5592 53549
5593 26369
5594 46892
5595 46892
5596 27139
5597 16716
5598 26386
5599 2977
5600 26370
5601 50504
5602 26369
5603 53581
5604 53581
5605 26371
5606 38444
5607 26394
5608 11169
5609 54828
5610 45868
5611 25091
5612 26394
5613 56888
5614 26370
5615 26394
5616 16716
5617 49413
5618 26371
5619 53581
5620 2977
5621 46764
5622 53581
5623 45932
5624 53581
5625 45932
5626 53581
5627 53581
5628 25089
5629 26387
5630 54844
5631 26394
5632 49517
5633 26370
5634 38444
5635 53581
5636 53581
5637 2872
5638 27139
5639 54828
5640 11169
5641 357
5642 28448
5643 16716
5644 357
5645 26386
5646 49485
5647 26370
5648 49517
5649 54060
5650 2977
5651 27139
5652 46892
5653 49485
5654 27139
5655 2977
5656 53024
5657 28560
5658 63264
5659 11169
5660 26370
5661 2977
5662 27137
5663 62252
5664 11041
5665 11105
5666 16732
5667 59907
5668 38460
5669 28449
5670 28161
5671 49517
5672 26386
5673 26370
5674 53581
5675 46636
5676 53581
5677 27552
5678 26370
5679 26370
5680 59905
5681 45868
5682 49485
5683 2849
5684 357
5685 28576
5686 27139
5687 61224
5688 53581
5689 19233
5690 2977
5691 27139
5692 53581
5693 45868
5694 62252
5695 27139
5696 45868
5697 54589
5698 45932
5699 17189
5700 27139
5701 49517
5702 62446
5703 11173
5704 27139
5705 53581
5706 27139
5707 11169
5708 60033
5709 19232
5710 16716
5711 16716
5712 26401
5713 26394
5714 2977
5715 45932
5716 2993
5717 46892
5718 11169
5719 54844
5720 63276
5721 38460
5722 59169
5723 25416
5724 55072
5725 53581
5726 58152
5727 38460
5728 11169
5729 38460
5730 62444
5731 26370
5732 2977
5733 19360
5734 62240
5735 11169
5736 59905
5737 45932
5738 2341
5739 16732
5740 60033
5741 46060
5742 26370
5743 46892
5744 45928
5745 49920
5746 45421
5747 27139
5748 54844
5749 2849
5750 53613
5751 26386
5752 26440
5753 53581
5754 45932
5755 16716
5756 16716
5757 46892
5758 60033
5759 26394
5760 46892
5761 48684
5762 26394
5763 21837
5764 36408
5765 46892
5766 2977
5767 12069
5768 3873
5769 56097
5770 54589
5771 57696
5772 20144
5773 56065
5774 16716
5775 60033
5776 2977
5777 60353
5778 11169
5779 60353
5780 26131
5781 53581
5782 53541
5783 60033
5784 2977
5785 27139
5786 60353
5787 16716
5788 45932
5789 57128
5790 19377
5791 59905
5792 11169
5793 49513
5794 49485
5795 26387
5796 58112
5797 64001
5798 16716
5799 53613
5800 27139
5801 16716
5802 60161
5803 26370
5804 16716
5805 26370
5806 53581
5807 38460
5808 53581
5809 25432
5810 26370
5811 59200
5812 53581
5813 2993
5814 53549
5815 26371
5816 26394
5817 26131
5818 53613
5819 11169
5820 26387
5821 16716
5822 56105
5823 2977
5824 26386
5825 49485
5826 53581
5827 26377
5828 16716
5829 53613
5830 2849
5831 27139
5832 27169
5833 11169
5834 27553
5835 46636
5836 2977
5837 21837
5838 45932
5839 27425
5840 26386
5841 26394
5842 63264
5843 27153
5844 11169
5845 2849
5846 27155
5847 12069
5848 25107
5849 2977
5850 26433
5851 26394
5852 4461
5853 26376
5854 2977
5855 16716
5856 26369
5857 59905
5858 2849
5859 26394
5860 19224
5861 27155
5862 26394
5863 58112
5864 46892
5865 26387
5866 26370
5867 27139
5868 46892
5869 26370
5870 27393
5871 46764
5872 54572
5873 26376
5874 11173
5875 26394
5876 46892
5877 64129
5878 27536
5879 26370
5880 27139
5881 2977
5882 45868
5883 27139
5884 54637
5885 49512
5886 49960
5887 19233
5888 53581
5889 46892
5890 26386
5891 2977
5892 2977
5893 27139
5894 26370
5895 53048
5896 54828
5897 11044
5898 49968
5899 26370
5900 49485
5901 59905
5902 46892
5903 11169
5904 46892
5905 53548
5906 45868
5907 45932
5908 19233
5909 60033
5910 27139
5911 38444
5912 53581
5913 38444
5914 60049
5915 26370
5916 2993
5917 15148
5918 60033
5919 19233
5920 26394
5921 2872
5922 11169
5923 62444
5924 46892
5925 11169
5926 2465
5927 16716
5928 38444
5929 61185
5930 21837
5931 63277
5932 38460
5933 45932
5934 2849
5935 26394
5936 26394
5937 16716
5938 38460
5939 59905
5940 38444
5941 2977
5942 26386
5943 53605
5944 45868
5945 16716
5946 46892
5947 60035
5948 60033
5949 46892
5950 26394
5951 2977
5952 26370
5953 62444
5954 2849
5955 2849
5956 26370
5957 2977
5958 2849
5959 54844
5960 3873
5961 26394
5962 21837
5963 16677
5964 16716
5965 16652
5966 60033
5967 26386
5968 60033
5969 52121
5970 62248
5971 45996
5972 2524
5973 11169
5974 26371
5975 16716
5976 19361
5977 60033
5978 40492
5979 60033
5980 28576
5981 53613
5982 11044
5983 40492
5984 16716
5985 45932
5986 11169
5987 27139
5988 46060
5989 28449
5990 53581
5991 59168
5992 53581
5993 60161
5994 38696
5995 53581
5996 53581
5997 59139
5998 27137
5999 16716
6000 45864
6001 26115
6002 58120
6003 26394
6004 26370
6005 46892
6006 27139
6007 45932
6008 38444
6009 53581
6010 27137
6011 19233
6012 16716
6013 11169
6014 60929
6015 27139
6016 38460
6017 19233
6018 59139
6019 26370
6020 53613
6021 26392
6022 27155
6023 11169
6024 38460
6025 2977
6026 21837
6027 60033
6028 16716
6029 26371
6030 49485
6031 26370
6032 53581
6033 51000
6034 53581
6035 2977
6036 45932
6037 54072
6038 26376
6039 46892
6040 27139
6041 46892
6042 59905
6043 27139
6044 2977
6045 20280
6046 46892
6047 45869
6048 26386
6049 62316
6050 62312
6051 26401
6052 27139
6053 26370
6054 38460
6055 27139
6056 46892
6057 28163
6058 2977
6059 27425
6060 46892
6061 16716
6062 58153
6063 26394
6064 26387
6065 27139
6066 49485
6067 25107
6068 60353
6069 26370
6070 59139
6071 54605
6072 11045
6073 55080
6074 26371
6075 49480
6076 25107
6077 53581
6078 16716
6079 53613
6080 59209
6081 46764
6082 51969
6083 60353
6084 357
6085 28576
6086 11045
6087 27139
6088 26386
6089 28416
6090 59905
6091 49646
6092 16716
6093 27139
6094 46892
6095 27489
6096 49921
6097 46892
6098 16716
6099 63232
6100 26370
6101 26394
6102 16716
6103 27425
6104 54844
6105 10017
6106 21837
6107 63277
6108 26371
6109 27139
6110 2977
6111 46892
6112 17161
6113 54605
6114 38696
6115 62316
6116 60033
6117 26394
6118 26394
6119 55953
6120 15148
6121 45868
6122 27139
6123 57132
6124 11169
6125 49960
6126 46892
6127 3425
6128 53581
6129 26394
6130 11169
6131 38460
6132 28417
6133 16716
6134 27425
6135 46892
6136 49953
6137 2849
6138 2977
6139 2401
6140 26387
6141 27392
6142 26386
6143 49509
6144 11173
6145 38460
6146 21837
6147 53581
6148 56097
6149 59137
6150 3873
6151 53033
6152 364
6153 28576
6154 54605
6155 38444
6156 38444
6157 49517
6158 45996
6159 49516
6160 38460
6161 45868
6162 49953
6163 3425
6164 53581
6165 17176
6166 26370
6167 25344
6168 11169
6169 38444
6170 11169
6171 16716
6172 49505
6173 17153
6174 60313
6175 57121
6176 27139
6177 3425
6178 57120
6179 11169
6180 49485
6181 11169
6182 25347
6183 53581
6184 60033
6185 26387
6186 11169
6187 28576
6188 11169
6189 26394
6190 16717
6191 16716
6192 27139
6193 11041
6194 49509
6195 11169
6196 53613
6197 28592
6198 52024
6199 16716
6200 13164
6201 53581
6202 27139
6203 26370
6204 11169
6205 11041
6206 9061
6207 59201
6208 26370
6209 59169
6210 38700
6211 53024
6212 53581
6213 25345
6214 11169
6215 55084
6216 59905
6217 16716
6218 27139
6219 26384
6220 28592
6221 26386
6222 26392
6223 30504
6224 2977
6225 53608
6226 45932
6227 53581
6228 11040
6229 26371
6230 49960
6231 2977
6232 53581
6233 27139
6234 19233
6235 55085
6236 46892
6237 11169
6238 16717
6239 20845
6240 46892
6241 18208
6242 16716
6243 27139
6244 26394
6245 49517
6246 20400
6247 53581
6248 17185
6249 38444
6250 47021
6251 27139
6252 27139
6253 26394
6254 54605
6255 2977
6256 59905
6257 25363
6258 11044
6259 26370
6260 60353
6261 2849
6262 28576
6263 57696
6264 52024
6265 26376
6266 45932
6267 26370
6268 26401
6269 26131
6270 60353
6271 26386
6272 26408
6273 52792
6274 63469
6275 26394
6276 53581
6277 47020
6278 54844
6279 27139
6280 46892
6281 38444
6282 55084
6283 26387
6284 27139
6285 26386
6286 28464
6287 38460
6288 11169
6289 26369
6290 27139
6291 45932
6292 38444
6293 49480
6294 58115
6295 53176
6296 26394
6297 27139
6298 46892
6299 2977
6300 26370
6301 27139
6302 49513
6303 53581
6304 2977
6305 26386
6306 55085
6307 26370
6308 27139
6309 62444
6310 11169
6311 60353
6312 60353
6313 45996
6314 45868
6315 26370
6316 11044
6317 27552
6318 26370
6319 46892
6320 45932
6321 27552
6322 2849
6323 46892
6324 60033
6325 49480
6326 16716
6327 25362
6328 53517
6329 49485
6330 3873
6331 2524
6332 2524
6333 2849
6334 38460
6335 54056
6336 11169
6337 2977
6338 53581
6339 16716
6340 38460
6341 27553
6342 11169
6343 26378
6344 53581
6345 2977
6346 38460
6347 49485
6348 16716
6349 53581
6350 46892
6351 53581
6352 17168
6353 49509
6354 49509
6355 38444
6356 45932
6357 2977
6358 25377
6359 26387
6360 11169
6361 54328
6362 17741
6363 45932
6364 2977
6365 15212
6366 26394
6367 19256
6368 11169
6369 11169
6370 16716
6371 61985
6372 27139
6373 2849
6374 2977
6375 16716
6376 53581
6377 27137
6378 16716
6379 53581
6380 49960
6381 54844
6382 25107
6383 53581
6384 26394
6385 26370
6386 17208
6387 27139
6388 27137
6389 20257
6390 11169
6391 55085
6392 2977
6393 51968
6394 62444
6395 26394
6396 15148
6397 38444
6398 27137
6399 55084
6400 28448
6401 53613
6402 26387
6403 26394
6404 26387
6405 59152
6406 28161
6407 3873
6408 53032
6409 26369
6410 2977
6411 12069
6412 53613
6413 50985
6414 49484
6415 25432
6416 46892
6417 26370
6418 27139
6419 2977
6420 27169
6421 53581
6422 11169
6423 45868
6424 59201
6425 27139
6426 26131
6427 60033
6428 18961
6429 46636
6430 56065
6431 46892
6432 54328
6433 26394
6434 2849
6435 2977
6436 11169
6437 62252
6438 52792
6439 38444
6440 53581
6441 52121
6442 2977
6443 15148
6444 49485
6445 54120
6446 27139
6447 40508
6448 53581
6449 2849
6450 26386
6451 11109
6452 2977
6453 59137
6454 62316
6455 49516
6456 27139
6457 16716
6458 26370
6459 26394
6460 46892
6461 9061
6462 21837
6463 45868
6464 38444
6465 46892
6466 64129
6467 27552
6468 45932
6469 62252
6470 26394
6471 54328
6472 26370
6473 2412
6474 45932
6475 45868
6476 19377
6477 18693
6478 16716
6479 11169
6480 53581
6481 49480
6482 60289
6483 25089
6484 19376
6485 54632
6486 49485
6487 27139
6488 16677
6489 26394
6490 11169
6491 2849
6492 11169
6493 26394
6494 55080
6495 16716
6496 49646
6497 49473
6498 2849
6499 2977
6500 26394
6501 62241
6502 27139
6503 46764
6504 25377
6505 2849
6506 46636
6507 45612
6508 49485
6509 49517
6510 19352
6511 16716
6512 46892
6513 11169
6514 26369
6515 62444
6516 50984
6517 54573
6518 2977
6519 45868
6520 19364
6521 16677
6522 2993
6523 46892
6524 11169
6525 58144
6526 60035
6527 49481
6528 2977
6529 46892
6530 61934
6531 11105
6532 52920
6533 20272
6534 54828
6535 16716
6536 27139
6537 26131
6538 26371
6539 2977
6540 26394
6541 57696
6542 38460
6543 54844
6544 26394
6545 15212
6546 45868
6547 53581
6548 25107
6549 38460
6550 27552
6551 26392
6552 53613
6553 54060
6554 11169
6555 62252
6556 27155
6557 16716
6558 53612
6559 31233
6560 27139
6561 26370
6562 27137
6563 26370
6564 60033
6565 54573
6566 3873
6567 53581
6568 27139
6569 19224
6570 53581
6571 40508
6572 46892
6573 53024
6574 27139
6575 38460
6576 45932
6577 51016
6578 26386
6579 63276
6580 11044
6581 26371
6582 26394
6583 45869
6584 27137
6585 26386
6586 49485
6587 27139
6588 46892
6589 53048
6590 27139
6591 53613
6592 28163
6593 56105
6594 2977
6595 63336
6596 26370
6597 2977
6598 12065
6599 54049
6600 45932
6601 11169
6602 59905
6603 26370
6604 27155
6605 45868
6606 17185
6607 26394
6608 26370
6609 59905
6610 59907
6611 26371
6612 27139
6613 49953
6614 26131
6615 2977
6616 61985
6617 4972
6618 19209
6619 26378
6620 58208
6621 28433
6622 58208
6623 27393
6624 53581
6625 6988
6626 59905
6627 357
6628 18780
6629 53581
6630 26387
6631 47021
6632 54840
6633 60033
6634 45932
6635 26376
6636 53581
6637 2977
6638 20400
6639 46892
6640 58145
6641 20256
6642 53581
6643 26394
6644 46892
6645 63265
6646 26370
6647 26394
6648 26370
6649 27392
6650 60163
6651 2977
6652 16717
6653 46892
6654 63277
6655 51000
6656 2341
6657 60033
6658 52920
6659 62447
6660 2977
6661 26370
6662 38444
6663 26115
6664 26370
6665 46636
6666 62444
6667 25385
6668 45868
6669 45868
6670 46892
6671 28592
6672 19364
6673 16716
6674 54844
6675 46892
6676 59139
6677 38460
6678 49517
6679 11169
6680 16716
6681 53581
6682 46892
6683 46892
6684 53613
6685 2977
6686 45932
6687 53613
6688 18765
6689 49646
6690 55096
6691 19377
6692 2849
6693 16717
6694 46892
6695 2976
6696 26371
6697 45933
6698 17153
6699 26387
6700 11169
6701 38460
6702 5473
6703 60353
6704 49485
6705 49953
6706 49485
6707 46892
6708 54049
6709 27139
6710 60033
6711 55080
6712 53581
6713 27552
6714 59905
6715 53581
6716 45932
6717 56653
6718 62444
6719 36408
6720 28417
6721 46892
6722 16716
6723 50984
6724 64033
6725 26394
6726 2977
6727 45864
6728 16716
6729 26370
6730 25091
6731 53609
6732 26392
6733 60161
6734 11169
6735 49485
6736 49517
6737 46892
6738 16716
6739 12065
6740 27411
6741 26378
6742 26370
6743 26394
6744 26441
6745 53581
6746 2977
6747 49485
6748 60033
6749 28163
6750 27139
6751 11169
6752 27139
6753 60033
6754 59905
6755 45868
6756 27155
6757 46892
6758 46892
6759 64129
6760 31233
6761 53581
6762 27139
6763 20400
6764 53613
6765 2977
6766 26369
6767 46892
6768 46892
6769 53581
6770 2977
6771 11169
6772 45932
6773 11169
6774 53613
6775 58144
6776 2977
6777 60033
6778 26378
6779 53608
6780 53613
6781 2977
6782 64129
6783 16732
6784 45868
6785 53581
6786 62444
6787 11169
6788 2977
6789 26394
6790 38460
6791 60035
6792 27393
6793 27139
6794 16716
6795 27139
6796 62444
6797 55084
6798 49509
6799 45932
6800 26386
6801 54637
6802 26370
6803 11169
6804 11168
6805 55841
6806 16716
6807 54637
6808 53581
6809 16716
6810 26386
6811 17200
6812 26387
6813 45868
6814 46892
6815 53613
6816 25107
6817 2977
6818 45868
6819 46892
6820 40504
6821 11169
6822 55084
6823 2849
6824 27139
6825 45932
6826 60313
6827 16732
6828 11169
6829 53581
6830 16741
6831 26432
6832 27520
6833 62444
6834 26378
6835 26376
6836 60033
6837 49512
6838 11169
6839 54572
6840 63272
6841 45868
6842 27552
6843 16716
6844 57697
6845 27139
6846 45868
6847 48684
6848 17153
6849 60353
6850 2849
6851 53048
6852 2977
6853 46892
6854 54844
6855 26378
6856 60033
6857 26394
6858 2993
6859 17189
6860 1825
6861 27139
6862 49485
6863 59177
6864 27521
6865 11168
6866 2977
6867 26131
6868 53048
6869 60353
6870 49961
6871 16716
6872 3425
6873 53613
6874 26370
6875 60033
6876 27155
6877 357
6878 26392
6879 45868
6880 2849
6881 26394
6882 59907
6883 59905
6884 55080
6885 16749
6886 46892
6887 2848
6888 45932
6889 27155
6890 26394
6891 19240
6892 53581
6893 60033
6894 53517
6895 11169
6896 54840
6897 27137
6898 53581
6899 15148
6900 26387
6901 16716
6902 27139
6903 49517
6904 26394
6905 26394
6906 63272
6907 53613
6908 38460
6909 54573
6910 12065
6911 45868
6912 18721
6913 49485
6914 62241
6915 59905
6916 53613
6917 58144
6918 63288
6919 38444
6920 26400
6921 19240
6922 46892
6923 46892
6924 16716
6925 45933
6926 45869
6927 53581
6928 27139
6929 55080
6930 26394
6931 26386
6932 27155
6933 2977
6934 52000
6935 26371
6936 46892
6937 26370
6938 26370
6939 2872
6940 26400
6941 59905
6942 8997
6943 53025
6944 26394
6945 11169
6946 38444
6947 2977
6948 52920
6949 55084
6950 64129
6951 11169
6952 26370
6953 62248
6954 26394
6955 11169
6956 11168
6957 27139
6958 2849
6959 54637
6960 60033
6961 49513
6962 64289
6963 45932
6964 27424
6965 25344
6966 27395
6967 28592
6968 38444
6969 59200
6970 45932
6971 53040
6972 25107
6973 64129
6974 26370
6975 19377
6976 9057
6977 62447
6978 13100
6979 16716
6980 26115
6981 46892
6982 45421
6983 27137
6984 64033
6985 47021
6986 15116
6987 62447
6988 45932
6989 27139
6990 26386
6991 2977
6992 61935
6993 54328
6994 26370
6995 53581
6996 16717
6997 2977
6998 27139
6999 11169
7000 20272
7001 49509
7002 26394
7003 28464
7004 11169
7005 26131
7006 38460
7007 26370
7008 2849
7009 38460
7010 357
7011 53581
7012 26392
7013 27155
7014 45925
7015 49517
7016 60033
7017 54048
7018 2977
7019 49512
7020 2849
7021 19216
7022 46892
7023 53613
7024 27139
7025 3873
7026 11169
7027 63469
7028 26394
7029 25376
7030 62316
7031 45932
7032 27139
7033 2977
7034 26131
7035 11169
7036 53581
7037 15212
7038 26392
7039 11169
7040 27393
7041 56105
7042 26401
7043 26394
7044 11152
7045 11169
7046 46892
7047 11169
7048 53581
7049 21837
7050 53168
7051 46636
7052 9057
7053 27552
7054 19344
7055 54328
7056 16716
7057 52001
7058 26370
7059 2977
7060 28576
7061 3873
7062 26394
7063 16652
7064 27139
7065 26394
7066 62312
7067 59137
7068 16716
7069 60033
7070 26394
7071 2848
7072 53613
7073 27139
7074 12065
7075 16652
7076 62252
7077 25089
7078 27137
7079 13100
7080 26394
7081 26433
7082 26370
7083 49646
7084 11169
7085 54060
7086 19233
7087 60289
7088 27155
7089 46892
7090 56065
7091 28163
7092 27155
7093 11169
7094 28592
7095 61934
7096 27169
7097 38444
7098 26370
7099 27137
7100 49480
7101 16716
7102 26464
7103 53581
7104 53613
7105 53581
7106 19200
7107 2849
7108 2977
7109 2849
7110 46892
7111 38460
7112 26370
7113 26394
7114 26401
7115 60033
7116 27139
7117 11169
7118 16716
7119 45932
7120 59137
7121 53608
7122 28161
7123 38460
7124 26386
7125 53048
7126 53581
7127 54328
7128 29548
7129 21837
7130 47020
7131 26394
7132 3873
7133 26369
7134 26394
7135 28592
7136 19361
7137 27139
7138 54844
7139 46892
7140 8997
7141 26386
7142 27425
7143 16716
7144 63265
7145 27139
7146 30504
7147 49485
7148 11169
7149 2977
7150 26394
7151 59905
7152 45868
7153 60033
7154 45932
7155 26370
7156 27155
7157 52008
7158 11169
7159 17224
7160 26369
7161 52920
7162 46892
7163 38460
7164 38460
7165 11169
7166 55953
7167 62444
7168 46892
7169 49952
7170 53581
7171 38460
7172 2977
7173 2465
7174 45421
7175 26394
7176 62252
7177 55073
7178 19200
7179 11169
7180 9061
7181 45932
7182 11169
7183 3873
7184 62241
7185 54049
7186 53581
7187 2977
7188 62446
7189 54828
7190 11169
7191 11169
7192 46892
7193 53048
7194 62316
7195 11169
7196 2465
7197 58113
7198 11169
7199 16716
7200 53613
7201 26376
7202 46892
7203 46060
7204 27155
7205 40508
7206 19344
7207 27139
7208 16716
7209 19233
7210 27137
7211 16716
7212 26370
7213 27155
7214 20400
7215 45933
7216 54844
7217 27137
7218 53040
7219 38444
7220 54844
7221 27155
7222 49512
7223 25091
7224 26394
7225 13164
7226 46892
7227 11044
7228 49485
7229 28425
7230 46892
7231 61985
7232 2977
7233 53581
7234 18693
7235 16716
7236 53613
7237 18945
7238 60193
7239 55073
7240 26394
7241 59137
7242 27139
7243 53581
7244 46892
7245 13100
7246 26115
7247 59905
7248 26131
7249 27139
7250 53581
7251 26368
7252 11169
7253 11041
7254 49485
7255 27155
7256 59905
7257 46892
7258 26401
7259 26401
7260 27155
7261 16716
7262 62248
7263 27537
7264 26385
7265 26370
7266 62312
7267 26370
7268 59153
7269 28163
7270 25416
7271 25385
7272 38444
7273 49517
7274 26394
7275 27155
7276 46892
7277 59905
7278 27139
7279 26370
7280 49952
7281 54048
7282 16716
7283 54060
7284 55088
7285 2977
7286 58144
7287 26368
7288 26386
7289 53581
7290 2849
7291 11169
7292 45868
7293 26386
7294 26394
7295 11169
7296 45932
7297 62444
7298 28448
7299 27139
7300 13100
7301 53581
7302 60033
7303 16716
7304 26386
7305 49477
7306 53040
7307 26370
7308 28449
7309 26386
7310 26386
7311 60033
7312 38460
7313 25360
7314 18716
7315 26394
7316 40492
7317 46060
7318 60033
7319 59905
7320 63469
7321 9057
7322 62444
7323 49485
7324 54064
7325 27139
7326 36656
7327 26387
7328 62241
7329 45932
7330 2849
7331 64289
7332 46892
7333 2849
7334 45932
7335 26370
7336 57132
7337 19232
7338 26394
7339 60033
7340 60033
7341 45868
7342 26384
7343 53581
7344 2977
7345 2960
7346 53581
7347 60097
7348 59905
7349 25347
7350 3425
7351 19233
7352 26369
7353 60033
7354 59905
7355 27265
7356 16732
7357 60033
7358 55096
7359 27139
7360 27392
7361 16716
7362 11041
7363 27139
7364 2977
7365 16716
7366 28448
7367 27139
7368 26370
7369 16749
7370 49484
7371 26432
7372 60289
7373 2977
7374 26376
7375 62252
7376 12069
7377 46892
7378 53581
7379 63288
7380 26386
7381 46892
7382 26370
7383 16741
7384 27139
7385 26394
7386 28161
7387 16717
7388 53581
7389 2849
7390 46892
7391 11041
7392 60033
7393 26384
7394 53581
7395 11041
7396 59139
7397 59921
7398 25107
7399 49512
7400 5473
7401 49485
7402 26386
7403 49485
7404 2977
7405 20272
7406 59209
7407 55080
7408 26394
7409 54844
7410 46892
7411 46764
7412 62444
7413 53605
7414 53581
7415 54637
7416 60033
7417 26370
7418 53541
7419 26370
7420 26394
7421 11169
7422 49517
7423 16716
7424 53581
7425 55073
7426 26371
7427 26387
7428 26394
7429 17224
7430 38460
7431 51984
7432 11169
7433 52024
7434 46060
7435 15180
7436 62252
7437 58114
7438 26386
7439 11169
7440 2849
7441 53612
7442 60033
7443 357
7444 60353
7445 26371
7446 62252
7447 2977
7448 26386
7449 60353
7450 16677
7451 27139
7452 3425
7453 17192
7454 46892
7455 49936
7456 62312
7457 19332
7458 26387
7459 49480
7460 62444
7461 20813
7462 11169
7463 2849
7464 53548
7465 2977
7466 11169
7467 26392
7468 357
7469 27139
7470 28592
7471 45933
7472 16732
7473 3873
7474 2977
7475 11168
7476 59907
7477 2977
7478 60097
7479 2977
7480 53581
7481 60097
7482 60353
7483 60353
7484 60353
7485 55084
7486 49960
7487 20812
7488 11169
7489 53581
7490 25363
7491 2849
7492 59137
7493 53581
7494 27395
7495 53581
7496 40508
7497 59905
7498 2849
7499 60033
7500 25376
7501 2849
7502 26394
7503 53613
7504 45932
7505 16716
7506 25345
7507 27155
7508 26370
7509 26386
7510 16716
7511 45932
7512 53581
7513 26464
7514 40744
7515 25089
7516 54632
7517 60033
7518 53612
7519 28576
7520 26386
7521 54048
7522 53581
7523 19200
7524 27137
7525 26394
7526 52000
7527 2849
7528 28417
7529 49517
7530 11169
7531 27139
7532 27393
7533 2977
7534 62252
7535 26115
7536 53613
7537 3425
7538 38460
7539 60193
7540 45868
7541 27139
7542 54049
7543 60033
7544 26392
7545 46892
7546 26394
7547 49505
7548 58113
7549 49480
7550 26370
7551 46892
7552 55096
7553 16716
7554 59139
7555 20845
7556 60313
7557 45869
7558 26370
7559 50504
7560 27553
7561 19352
7562 45932
7563 49960
7564 60193
7565 26370
7566 45612
7567 11169
7568 49485
7569 38460
7570 26387
7571 58208
7572 46892
7573 45932
7574 45612
7575 59176
7576 38700
7577 60033
7578 49646
7579 46892
7580 40748
7581 53581
7582 45868
7583 45421
7584 52024
7585 26394
7586 25377
7587 38444
7588 11169
7589 45932
7590 11169
7591 2849
7592 17185
7593 55084
7594 53581
7595 54637
7596 2977
7597 28163
7598 11168
7599 49477
7600 21837
7601 60033
7602 49485
7603 58145
7604 26131
7605 18764
7606 46892
7607 2977
7608 19233
7609 62316
7610 53608
7611 60033
7612 38460
7613 49960
7614 26378
7615 11045
7616 26369
7617 16716
7618 11169
7619 55096
7620 19201
7621 20144
7622 38460
7623 26387
7624 11041
7625 11045
7626 27281
7627 38444
7628 16716
7629 53581
7630 2977
7631 26369
7632 28448
7633 16716
7634 61934
7635 49509
7636 53581
7637 16717
7638 20272
7639 2977
7640 49961
7641 28449
7642 3873
7643 28449
7644 26370
7645 26392
7646 20813
7647 26386
7648 45933
7649 26401
7650 53024
7651 59905
7652 63264
7653 26394
7654 45868
7655 2977
7656 58152
7657 13100
7658 45932
7659 8992
7660 45413
7661 27139
7662 26369
7663 27281
7664 49480
7665 49512
7666 26394
7667 11041
7668 53581
7669 63288
7670 62252
7671 53581
7672 49485
7673 2977
7674 26369
7675 60049
7676 60353
7677 26131
7678 26370
7679 2401
7680 46892
7681 11169
7682 21837
7683 38444
7684 38444
7685 2977
7686 62248
7687 2849
7688 52009
7689 2341
7690 3873
7691 45612
7692 54332
7693 16717
7694 63272
7695 53541
7696 46892
7697 26370
7698 2977
7699 53549
7700 38460
7701 40748
7702 5473
7703 53581
7704 2849
7705 58144
7706 27552
7707 26370
7708 40508
7709 46892
7710 16716
7711 2872
7712 11169
7713 55072
7714 54605
7715 60033
7716 62252
7717 60161
7718 16716
7719 16716
7720 19384
7721 19232
7722 49485
7723 26368
7724 46764
7725 11169
7726 46892
7727 45925
7728 28592
7729 38460
7730 58145
7731 51016
7732 18797
7733 11169
7734 46892
7735 38444
7736 38444
7737 11173
7738 2977
7739 26368
7740 40508
7741 27521
7742 27552
7743 25107
7744 26386
7745 53581
7746 53613
7747 2977
7748 26371
7749 15212
7750 25089
7751 11169
7752 17152
7753 25385
7754 59144
7755 27425
7756 28163
7757 49517
7758 45932
7759 62447
7760 59905
7761 27137
7762 59201
7763 53581
7764 2977
7765 46892
7766 26370
7767 59137
7768 49953
7769 38444
7770 2977
7771 46892
7772 27424
7773 28161
7774 45932
7775 27552
7776 26370
7777 28448
7778 60033
7779 3873
7780 2849
7781 46892
7782 13164
7783 45932
7784 53581
7785 45933
7786 38700
7787 45868
7788 53581
7789 28163
7790 2849
7791 2977
7792 2977
7793 27424
7794 16716
7795 46892
7796 26370
7797 11169
7798 60353
7799 38444
7800 62444
7801 2977
7802 54605
7803 27393
7804 11041
7805 45932
7806 27155
7807 18797
7808 45868
7809 64033
7810 62446
7811 49646
7812 51969
7813 49960
7814 49485
7815 38460
7816 27552
7817 54072
7818 53581
7819 58144
7820 18716
7821 2977
7822 26387
7823 38444
7824 62447
7825 49485
7826 60033
7827 54589
7828 27155
7829 2977
7830 60033
7831 49485
7832 4460
7833 49477
7834 54332
7835 60033
7836 54844
7837 16716
7838 53581
7839 49480
7840 2977
7841 49953
7842 26371
7843 11169
7844 45868
7845 54332
7846 2849
7847 55084
7848 54573
7849 54844
7850 11040
7851 16716
7852 27433
7853 27155
7854 4461
7855 53040
7856 45868
7857 60049
7858 26401
7859 16677
7860 26371
7861 16716
7862 45868
7863 45868
7864 26386
7865 59905
7866 27425
7867 47916
7868 2977
7869 62444
7870 11041
7871 21837
7872 26370
7873 15148
7874 20265
7875 26370
7876 45868
7877 2977
7878 38456
7879 45421
7880 16716
7881 2849
7882 2849
7883 27392
7884 53613
7885 16716
7886 45868
7887 62240
7888 26408
7889 2977
7890 54056
7891 27139
7892 49485
7893 53612
7894 26401
7895 45932
7896 11169
7897 26370
7898 26401
7899 45868
7900 59905
7901 27137
7902 2977
7903 11169
7904 45868
7905 357
7906 2977
7907 16716
7908 11169
7909 23885
7910 11169
7911 55084
7912 46892
7913 46892
7914 45421
7915 62252
7916 60033
7917 52001
7918 16716
7919 26394
7920 55072
7921 38460
7922 60033
7923 60033
7924 28161
7925 49960
7926 26424
7927 11169
7928 20144
7929 11169
7930 26394
7931 16716
7932 27552
7933 16716
7934 2977
7935 58145
7936 25384
7937 2977
7938 48684
7939 11169
7940 26387
7941 55080
7942 45932
7943 38700
7944 55073
7945 46892
7946 54840
7947 11169
7948 46892
7949 47020
7950 60033
7951 49485
7952 27425
7953 2977
7954 16732
7955 20280
7956 54573
7957 53048
7958 27425
7959 3872
7960 49480
7961 16677
7962 63272
7963 16716
7964 26371
7965 38444
7966 45612
7967 61934
7968 27155
7969 54048
7970 26370
7971 26394
7972 54844
7973 19364
7974 54844
7975 11041
7976 26394
7977 59139
7978 26394
7979 27137
7980 25360
7981 55072
7982 38460
7983 38444
7984 13164
7985 16716
7986 3873
7987 27137
7988 11169
7989 16716
7990 2977
7991 59905
7992 58115
7993 11169
7994 26370
7995 45612
7996 26394
7997 45421
7998 58145
7999 45868
8000 29548
8001 11169
8002 15180
8003 49485
8004 62446
8005 49509
8006 26370
8007 60033
8008 60033
8009 11041
8010 58145
8011 11169
8012 26370
8013 28592
8014 26394
8015 59168
8016 60033
8017 60033
8018 60033
8019 49480
8020 61934
8021 27395
8022 11169
8023 27155
8024 56653
8025 45868
8026 54844
8027 53613
8028 49509
8029 38460
8030 46892
8031 28448
8032 38460
8033 54049
8034 27155
8035 56653
8036 54064
8037 18232
8038 49485
8039 16716
8040 11109
8041 54844
8042 52009
8043 2977
8044 19201
8045 38444
8046 20272
8047 55096
8048 27139
8049 26370
8050 45932
8051 25344
8052 26401
8053 53581
8054 62248
8055 26370
8056 53581
8057 27139
8058 38460
8059 11044
8060 28163
8061 26370
8062 60161
8063 17184
8064 2977
8065 53581
8066 56065
8067 59136
8068 49517
8069 59905
8070 53581
8071 357
8072 49953
8073 46892
8074 357
8075 16716
8076 2977
8077 54120
8078 26376
8079 53613
8080 63272
8081 26371
8082 26394
8083 26131
8084 26408
8085 46636
8086 49485
8087 45868
8088 45932
8089 11169
8090 27139
8091 2849
8092 61935
8093 27425
8094 17185
8095 51984
8096 54832
8097 55080
8098 11169
8099 49480
8100 54328
8101 54844
8102 45932
8103 45932
8104 26387
8105 49952
8106 26394
8107 46892
8108 11169
8109 27552
8110 16677
8111 38444
8112 26394
8113 63272
8114 40508
8115 28592
8116 11169
8117 11169
8118 38460
8119 26370
8120 60033
8121 60033
8122 60033
8123 60033
8124 60033
8125 60033
8126 11169
8127 46636
8128 55073
8129 27425
8130 17160
8131 19232
8132 11137
8133 53581
8134 45864
8135 26394
8136 27155
8137 40504
8138 38444
8139 27137
8140 16716
8141 59226
8142 46060
8143 11041
8144 63276
8145 62240
8146 60033
8147 27139
8148 6988
8149 27139
8150 45868
8151 25377
8152 2849
8153 60160
8154 5473
8155 3873
8156 46888
8157 26387
8158 26369
8159 45932
8160 38444
8161 27139
8162 54840
8163 2401
8164 27139
8165 16749
8166 26370
8167 2849
8168 15212
8169 46892
8170 2977
8171 59905
8172 46892
8173 58152
8174 2849
8175 27139
8176 16716
8177 2849
8178 49473
8179 16716
8180 59226
8181 49485
8182 59905
8183 45932
8184 26401
8185 62444
8186 11169
8187 2849
8188 45932
8189 2853
8190 45932
8191 61985
8192 20264
8193 45413
8194 2849
8195 61934
8196 49920
8197 40744
8198 46892
8199 62316
8200 26394
8201 26394
8202 46892
8203 60033
8204 11169
8205 27424
8206 17184
8207 60033
8208 26371
8209 19360
8210 53581
8211 62444
8212 11169
8213 20400
8214 16716
8215 26400
8216 11169
8217 293
8218 49480
8219 25344
8220 26370
8221 40508
8222 2977
8223 38460
8224 27139
8225 38444
8226 38444
8227 49485
8228 45868
8229 26387
8230 11169
8231 18185
8232 51017
8233 53581
8234 45868
8235 11169
8236 23885
8237 45932
8238 20272
8239 27552
8240 2977
8241 53581
8242 26369
8243 62304
8244 27155
8245 49952
8246 54060
8247 11169
8248 54573
8249 16716
8250 2849
8251 53581
8252 25361
8253 2849
8254 54049
8255 27139
8256 60257
8257 53613
8258 60035
8259 19233
8260 16716
8261 2977
8262 49485
8263 27155
8264 15116
8265 60161
8266 27155
8267 357
8268 46892
8269 27139
8270 2977
8271 61934
8272 27139
8273 26370
8274 16716
8275 11109
8276 28464
8277 62444
8278 26394
8279 45868
8280 27139
8281 28433
8282 49409
8283 45868
8284 46060
8285 54049
8286 53613
8287 45932
8288 27137
8289 16717
8290 11169
8291 26386
8292 54832
8293 11169
8294 47021
8295 27552
8296 19376
8297 53581
8298 16717
8299 60033
8300 11169
8301 60035
8302 26386
8303 26394
8304 16716
8305 26369
8306 19377
8307 19364
8308 11169
8309 46892
8310 364
8311 53048
8312 60033
8313 62444
8314 62249
8315 45868
8316 16716
8317 2524
8318 26394
8319 26371
8320 26378
8321 11169
8322 21837
8323 12069
8324 17153
8325 27139
8326 54332
8327 25376
8328 26394
8329 26376
8330 48684
8331 53581
8332 48684
8333 11169
8334 53613
8335 53608
8336 20256
8337 46764
8338 26371
8339 52001
8340 19232
8341 26394
8342 11169
8343 16712
8344 27139
8345 55084
8346 26464
8347 45932
8348 3425
8349 11169
8350 27137
8351 26394
8352 38460
8353 27139
8354 45868
8355 3425
8356 62241
8357 11169
8358 45868
8359 52121
8360 62444
8361 11169
8362 49512
8363 27553
8364 60033
8365 60033
8366 45421
8367 19232
8368 49409
8369 45868
8370 17153
8371 20257
8372 26401
8373 3873
8374 11169
8375 26394
8376 49953
8377 62316
8378 28576
8379 26370
8380 19377
8381 26416
8382 11169
8383 19240
8384 53581
8385 60033
8386 2977
8387 26370
8388 21837
8389 61185
8390 11169
8391 3888
8392 45932
8393 26392
8394 16716
8395 49480
8396 53613
8397 16716
8398 5473
8399 26401
8400 27139
8401 54572
8402 38444
8403 19233
8404 28433
8405 16717
8406 26386
8407 21837
8408 27155
8409 25345
8410 46892
8411 49409
8412 26401
8413 26394
8414 49517
8415 28163
8416 2977
8417 2849
8418 49485
8419 26385
8420 50984
8421 29548
8422 53048
8423 46892
8424 45864
8425 2977
8426 17176
8427 16716
8428 60192
8429 53581
8430 27139
8431 49517
8432 49477
8433 60033
8434 16716
8435 26370
8436 26394
8437 45868
8438 16716
8439 53613
8440 45996
8441 57696
8442 54056
8443 53613
8444 8992
8445 45932
8446 60033
8447 2977
8448 59136
8449 16717
8450 60033
8451 26394
8452 58152
8453 11169
8454 49485
8455 11169
8456 17200
8457 46060
8458 62317
8459 56653
8460 3873
8461 45413
8462 2960
8463 11169
8464 26371
8465 2401
8466 11152
8467 11169
8468 38444
8469 49409
8470 47021
8471 62444
8472 27137
8473 28448
8474 26401
8475 52000
8476 49473
8477 27153
8478 49485
8479 63265
8480 45868
8481 56881
8482 27425
8483 28592
8484 53048
8485 49509
8486 26370
8487 16732
8488 26368
8489 26370
8490 26387
8491 26394
8492 5473
8493 11169
8494 53549
8495 11169
8496 9057
8497 54844
8498 45932
8499 19344
8500 45869
8501 26370
8502 16716
8503 45868
8504 53613
8505 16716
8506 62248
8507 364
8508 2400
8509 45932
8510 26386
8511 26384
8512 49646
8513 59209
8514 53581
8515 62252
8516 27139
8517 2401
8518 26370
8519 26370
8520 62447
8521 49517
8522 59177
8523 11041
8524 49952
8525 4972
8526 11169
8527 54328
8528 11169
8529 25441
8530 60033
8531 46892
8532 53581
8533 53613
8534 27393
8535 60033
8536 26384
8537 59152
8538 38460
8539 38444
8540 15180
8541 11168
8542 54048
8543 55081
8544 28161
8545 11045
8546 26370
8547 60257
8548 49480
8549 53581
8550 53048
8551 55080
8552 8992
8553 59139
8554 49485
8555 28592
8556 26387
8557 26370
8558 26465
8559 17188
8560 5473
8561 11169
8562 2977
8563 28576
8564 49929
8565 2977
8566 47916
8567 49477
8568 27155
8569 45868
8570 27139
8571 5473
8572 60033
8573 26394
8574 45869
8575 2977
8576 26394
8577 16716
8578 62248
8579 60353
8580 27139
8581 13164
8582 17153
8583 26386
8584 18797
8585 26370
8586 11169
8587 53581
8588 62444
8589 27552
8590 53581
8591 15116
8592 11040
8593 11105
8594 16717
8595 53581
8596 19384
8597 60033
8598 19224
8599 11168
8600 2960
8601 52000
8602 63469
8603 59905
8604 26370
8605 19376
8606 19208
8607 27139
8608 62241
8609 26394
8610 53581
8611 58115
8612 2849
8613 38460
8614 26369
8615 49928
8616 48684
8617 2977
8618 2872
8619 26115
8620 27155
8621 45864
8622 45933
8623 45932
8624 2977
8625 26465
8626 16716
8627 26401
8628 27139
8629 26370
8630 11169
8631 11041
8632 27139
8633 21837
8634 46892
8635 46892
8636 11169
8637 63273
8638 62444
8639 11168
8640 62317
8641 54824
8642 54048
8643 26370
8644 11041
8645 2977
8646 26386
8647 11041
8648 49485
8649 2848
8650 13100
8651 45932
8652 45868
8653 17184
8654 62446
8655 27155
8656 4461
8657 2401
8658 53613
8659 60033
8660 2341
8661 3425
8662 27139
8663 16716
8664 2977
8665 61935
8666 27393
8667 26370
8668 60033
8669 5473
8670 45932
8671 11169
8672 26386
8673 26400
8674 60033
8675 19233
8676 53176
8677 20264
8678 16716
8679 27537
8680 16716
8681 62252
8682 16716
8683 27139
8684 60097
8685 52001
8686 3873
8687 26371
8688 2977
8689 12069
8690 26386
8691 62241
8692 27424
8693 11045
8694 53581
8695 45868
8696 27155
8697 61185
8698 27139
8699 62444
8700 15180
8701 26371
8702 2849
8703 45996
8704 26387
8705 2977
8706 26401
8707 2849
8708 16716
8709 53581
8710 27137
8711 54605
8712 16717
8713 26370
8714 45868
8715 49485
8716 26369
8717 54573
8718 26400
8719 2977
8720 26370
8721 26368
8722 53581
8723 54589
8724 26386
8725 53613
8726 49968
8727 52001
8728 60033
8729 63288
8730 27265
8731 23885
8732 54573
8733 49952
8734 15148
8735 11169
8736 26386
8737 28449
8738 27552
8739 17224
8740 2849
8741 46892
8742 45868
8743 11168
8744 28576
8745 16716
8746 62252
8747 16716
8748 50016
8749 11169
8750 16716
8751 46060
8752 27139
8753 16716
8754 58115
8755 1825
8756 49485
8757 27153
8758 45928
8759 45868
8760 49484
8761 2977
8762 28163
8763 45868
8764 17153
8765 54589
8766 27139
8767 26370
8768 59905
8769 45868
8770 27139
8771 62312
8772 17152
8773 27137
8774 27155
8775 26370
8776 53581
8777 38701
8778 25432
8779 8992
8780 62304
8781 46892
8782 60353
8783 45868
8784 2849
8785 60313
8786 26384
8787 60353
8788 46892
8789 49512
8790 45864
8791 19376
8792 62444
8793 2849
8794 2977
8795 49646
8796 60353
8797 26384
8798 2977
8799 45868
8800 2849
8801 11041
8802 54840
8803 26387
8804 54048
8805 26387
8806 55096
8807 49485
8808 3873
8809 25344
8810 11105
8811 54840
8812 16716
8813 55072
8814 26386
8815 51000
8816 62447
8817 26370
8818 11169
8819 11169
8820 63272
8821 25384
8822 60033
8823 17184
8824 2977
8825 2977
8826 38444
8827 60033
8828 19360
8829 54328
8830 28448
8831 17185
8832 2849
8833 53581
8834 27137
8835 49421
8836 27137
8837 63265
8838 26440
8839 11105
8840 27137
8841 16716
8842 25377
8843 26370
8844 60033
8845 38460
8846 2849
8847 11169
8848 2465
8849 19217
8850 27425
8851 55084
8852 53581
8853 53581
8854 26387
8855 16732
8856 2849
8857 21837
8858 16741
8859 17741
8860 11169
8861 27392
8862 58217
8863 26370
8864 18961
8865 57121
8866 49485
8867 16716
8868 29548
8869 28448
8870 38456
8871 56888
8872 20845
8873 11169
8874 45932
8875 55084
8876 46892
8877 46636
8878 19232
8879 57144
8880 45932
8881 364
8882 25352
8883 26370
8884 49480
8885 62317
8886 45868
8887 27553
8888 27139
8889 59168
8890 59137
8891 26386
8892 45612
8893 11169
8894 2977
8895 46892
8896 26386
8897 59200
8898 45996
8899 26394
8900 45932
8901 51017
8902 16717
8903 26394
8904 19224
8905 20844
8906 26433
8907 59137
8908 55084
8909 46892
8910 62316
8911 26370
8912 49480
8913 53581
8914 16717
8915 25362
8916 27139
8917 40504
8918 11169
8919 11169
8920 45932
8921 59169
8922 26378
8923 63277
8924 60033
8925 2977
8926 53048
8927 46764
8928 59905
8929 46060
8930 27139
8931 2853
8932 59137
8933 27153
8934 46892
8935 23885
8936 27425
8937 11169
8938 58120
8939 27411
8940 19233
8941 9057
8942 25363
8943 28576
8944 19224
8945 26386
8946 57121
8947 11169
8948 54024
8949 27137
8950 49952
8951 62444
8952 45932
8953 46892
8954 60049
8955 2848
8956 26394
8957 53032
8958 61216
8959 26370
8960 2849
8961 27137
8962 53549
8963 26115
8964 2977
8965 26387
8966 20813
8967 11169
8968 19364
8969 38444
8970 2977
8971 4461
8972 11169
8973 45928
8974 46892
8975 53581
8976 59168
8977 62248
8978 20272
8979 38700
8980 45612
8981 2977
8982 26433
8983 11169
8984 53040
8985 19376
8986 27139
8987 19201
8988 46892
8989 19201
8990 11041
8991 20400
8992 19089
8993 26386
8994 26440
8995 56105
8996 26386
8997 54048
8998 2977
8999 62444
9000 25432
9001 63277
9002 26416
9003 62444
9004 45868
9005 59137
9006 2977
9007 2872
9008 40744
9009 9057
9010 59905
9011 26370
9012 25345
9013 54844
9014 54572
9015 16716
9016 47021
9017 11173
9018 25377
9019 11041
9020 16717
9021 21837
9022 13100
9023 11169
9024 60033
9025 62447
9026 25408
9027 54048
9028 53040
9029 27553
9030 59905
9031 27155
9032 55096
9033 53608
9034 28417
9035 2401
9036 25344
9037 3873
9038 58115
9039 45932
9040 11169
9041 46060
9042 58112
9043 11040
9044 49485
9045 58145
9046 15212
9047 49952
9048 58115
9049 45868
9050 26440
9051 26371
9052 26370
9053 54056
9054 16716
9055 45932
9056 2853
9057 19089
9058 2849
9059 56888
9060 28576
9061 26115
9062 59226
9063 16749
9064 11169
9065 27393
9066 47021
9067 55072
9068 62240
9069 27155
9070 63272
9071 16716
9072 27425
9073 53548
9074 53581
9075 59905
9076 55088
9077 54332
9078 59905
9079 27155
9080 11045
9081 27425
9082 62252
9083 27137
9084 26370
9085 26370
9086 17160
9087 2849
9088 53581
9089 45932
9090 16716
9091 16716
9092 26378
9093 17184
9094 58217
9095 27552
9096 11169
9097 27139
9098 11169
9099 49960
9100 28592
9101 57144
9102 17248
9103 52008
9104 26115
9105 40492
9106 25376
9107 27137
9108 53612
9109 11169
9110 27139
9111 54572
9112 19256
9113 25361
9114 16716
9115 20257
9116 27155
9117 49960
9118 2849
9119 18945
9120 55085
9121 25432
9122 11169
9123 27393
9124 54049
9125 18947
9126 55084
9127 49485
9128 54605
9129 16716
9130 45868
9131 16748
9132 64129
9133 26387
9134 49953
9135 25448
9136 53048
9137 3873
9138 62444
9139 26394
9140 19201
9141 53581
9142 27139
9143 2976
9144 57696
9145 27155
9146 27401
9147 11169
9148 26377
9149 19376
9150 61281
9151 16717
9152 19232
9153 2524
9154 16716
9155 2849
9156 16749
9157 58113
9158 63272
9159 59905
9160 11169
9161 55084
9162 62446
9163 27393
9164 26370
9165 27139
9166 46892
9167 19377
9168 17184
9169 59921
9170 26371
9171 27392
9172 2976
9173 38444
9174 59144
9175 19241
9176 2849
9177 27139
9178 38460
9179 20400
9180 8997
9181 45932
9182 54840
9183 9057
9184 56105
9185 26371
9186 16716
9187 27552
9188 8997
9189 52121
9190 28576
9191 2977
9192 19233
9193 27552
9194 49953
9195 56072
9196 59905
9197 45932
9198 11169
9199 26400
9200 26370
9201 27432
9202 20844
9203 26370
9204 54056
9205 49517
9206 17192
9207 27155
9208 20272
9209 31233
9210 6988
9211 2849
9212 54840
9213 51984
9214 46060
9215 26370
9216 62444
9217 3873
9218 26369
9219 26394
9220 16732
9221 25377
9222 53613
9223 59137
9224 26394
9225 53581
9226 11169
9227 54057
9228 26384
9229 59137
9230 16716
9231 49517
9232 46892
9233 26371
9234 54832
9235 27139
9236 26384
9237 26371
9238 55085
9239 54056
9240 45868
9241 61935
9242 26370
9243 27265
9244 54048
9245 2849
9246 53581
9247 26394
9248 51984
9249 11169
9250 49513
9251 53048
9252 2872
9253 55080
9254 17208
9255 20144
9256 11169
9257 64289
9258 60033
9259 27552
9260 61985
9261 53040
9262 2412
9263 38444
9264 49485
9265 53048
9266 19364
9267 49968
9268 53544
9269 54828
9270 53613
9271 2976
9272 55084
9273 26368
9274 16732
9275 11169
9276 27137
9277 27155
9278 62252
9279 25091
9280 26369
9281 38444
9282 45868
9283 11169
9284 27155
9285 49485
9286 45925
9287 26394
9288 53581
9289 26369
9290 27139
9291 25345
9292 26408
9293 11041
9294 26387
9295 49953
9296 26376
9297 2848
9298 9057
9299 50504
9300 2848
9301 36656
9302 27139
9303 45413
9304 52912
9305 11169
9306 53048
9307 2849
9308 11169
9309 19352
9310 52121
9311 11041
9312 54048
9313 27139
9314 27139
9315 46892
9316 54572
9317 45932
9318 59137
9319 25363
9320 27155
9321 27139
9322 60353
9323 62444
9324 49417
9325 27393
9326 60035
9327 11169
9328 58113
9329 53581
9330 28544
9331 62444
9332 53581
9333 26131
9334 27553
9335 11040
9336 62446
9337 54056
9338 51984
9339 53581
9340 53048
9341 62316
9342 53581
9343 357
9344 18963
9345 27137
9346 2849
9347 62252
9348 25089
9349 11169
9350 57697
9351 45868
9352 49953
9353 27393
9354 27155
9355 17157
9356 49517
9357 53040
9358 49953
9359 54637
9360 57121
9361 58144
9362 27155
9363 26131
9364 49646
9365 62444
9366 16716
9367 27139
9368 19120
9369 27137
9370 51992
9371 60353
9372 27139
9373 28163
9374 58113
9375 11168
9376 49517
9377 27536
9378 16716
9379 63272
9380 27139
9381 47916
9382 49921
9383 25345
9384 62252
9385 63336
9386 27155
9387 49485
9388 55096
9389 26394
9390 54844
9391 60353
9392 16712
9393 38700
9394 10017
9395 62316
9396 49517
9397 40748
9398 16716
9399 28449
9400 27155
9401 27139
9402 28464
9403 11169
9404 62444
9405 2849
9406 60257
9407 17185
9408 56876
9409 20256
9410 38444
9411 49485
9412 51000
9413 27139
9414 54637
9415 19233
9416 53048
9417 18945
9418 25377
9419 27137
9420 11044
9421 11040
9422 53612
9423 49485
9424 49485
9425 26386
9426 2968
9427 45932
9428 25345
9429 56872
9430 60033
9431 38444
9432 26370
9433 15212
9434 63265
9435 26369
9436 27139
9437 60033
9438 29548
9439 60033
9440 45868
9441 27139
9442 62316
9443 26386
9444 58144
9445 53581
9446 19233
9447 16741
9448 20257
9449 9057
9450 58144
9451 60033
9452 2849
9453 28433
9454 45933
9455 2977
9456 52121
9457 49952
9458 16716
9459 26368
9460 11169
9461 2856
9462 19352
9463 11169
9464 25377
9465 11169
9466 11041
9467 59137
9468 11169
9469 11169
9470 16716
9471 27488
9472 56888
9473 18780
9474 49517
9475 51000
9476 27139
9477 46888
9478 27137
9479 57696
9480 8997
9481 27139
9482 20144
9483 25345
9484 26377
9485 27139
9486 54048
9487 27139
9488 27139
9489 63272
9490 27155
9491 54832
9492 26394
9493 26384
9494 26370
9495 16716
9496 45868
9497 26370
9498 11045
9499 25089
9500 27552
9501 46892
9502 61217
9503 49960
9504 51000
9505 59137
9506 49952
9507 60033
9508 40508
9509 63272
9510 27139
9511 25361
9512 27424
9513 40748
9514 62249
9515 27139
9516 53040
9517 46892
9518 53048
9519 26384
9520 51000
9521 11041
9522 59905
9523 54844
9524 53613
9525 46060
9526 38701
9527 60033
9528 26378
9529 11040
9530 64129
9531 49952
9532 25384
9533 38444
9534 53613
9535 51976
9536 55080
9537 47916
9538 16716
9539 11169
9540 54048
9541 53048
9542 49517
9543 20272
9544 11169
9545 11168
9546 53613
9547 59168
9548 45868
9549 28163
9550 53048
9551 56096
9552 61217
9553 11169
9554 38444
9555 27139
9556 11109
9557 27536
9558 60161
9559 20812
9560 28161
9561 53549
9562 16748
9563 27393
9564 55096
9565 2465
9566 62444
9567 26394
9568 11169
9569 26371
9570 26386
9571 62253
9572 56104
9573 2872
9574 53581
9575 4972
9576 58144
9577 27553
9578 49485
9579 53613
9580 54072
9581 59137
9582 11169
9583 46764
9584 49952
9585 26378
9586 55073
9587 26394
9588 11169
9589 2853
9590 54632
9591 40508
9592 56072
9593 26370
9594 11169
9595 27137
9596 18721
9597 53613
9598 54048
9599 18232
9600 25384
9601 54632
9602 49480
9603 49961
9604 19364
9605 53613
9606 27139
9607 3888
9608 16716
9609 17208
9610 59905
9611 27139
9612 26371
9613 11169
9614 26370
9615 40508
9616 27425
9617 45612
9618 27425
9619 17185
9620 45933
9621 16741
9622 26394
9623 45869
9624 60353
9625 58217
9626 45933
9627 52912
9628 26394
9629 38444
9630 45925
9631 54844
9632 54048
9633 53605
9634 38444
9635 26394
9636 60033
9637 53032
9638 11169
9639 11169
9640 2341
9641 16716
9642 54828
9643 59137
9644 17185
9645 11169
9646 16741
9647 53040
9648 26369
9649 63288
9650 53613
9651 11169
9652 20837
9653 45933
9654 54605
9655 48684
9656 17152
9657 2848
9658 49421
9659 27425
9660 19201
9661 53581
9662 27137
9663 16741
9664 45932
9665 27139
9666 2849
9667 38460
9668 58144
9669 53613
9670 47020
9671 59168
9672 26370
9673 54024
9674 49961
9675 53581
9676 45932
9677 58112
9678 26370
9679 26400
9680 45869
9681 49480
9682 53581
9683 26408
9684 26368
9685 45868
9686 46060
9687 27432
9688 15212
9689 49944
9690 53048
9691 20280
9692 62444
9693 53048
9694 27139
9695 27424
9696 56888
9697 54573
9698 45932
9699 27139
9700 49512
9701 58145
9702 49517
9703 11169
9704 46892
9705 26394
9706 60033
9707 11169
9708 53581
9709 27137
9710 27137
9711 26371
9712 62316
9713 59232
9714 11137
9715 59144
9716 25408
9717 25368
9718 49512
9719 27139
9720 45868
9721 19209
9722 17168
9723 27139
9724 11169
9725 38444
9726 16717
9727 27137
9728 46060
9729 26387
9730 25377
9731 26368
9732 38460
9733 49417
9734 53581
9735 26378
9736 19232
9737 46892
9738 27139
9739 54048
9740 11104
9741 25441
9742 54840
9743 60033
9744 56104
9745 27139
9746 46888
9747 62312
9748 49517
9749 25376
9750 27137
9751 26369
9752 49517
9753 53048
9754 27139
9755 38460
9756 2977
9757 17741
9758 25376
9759 55096
9760 27137
9761 47916
9762 59137
9763 49961
9764 27139
9765 28163
9766 27153
9767 27520
9768 17176
9769 25440
9770 38700
9771 38701
9772 26394
9773 17224
9774 38444
9775 27137
9776 27424
9777 2849
9778 2412
9779 53549
9780 18209
9781 55080
9782 58145
9783 54056
9784 45932
9785 45932
9786 61935
9787 19120
9788 54049
9789 19256
9790 11041
9791 26370
9792 58144
9793 62248
9794 19256
9795 45932
9796 45868
9797 27393
9798 56104
9799 62249
9800 60033
9801 55081
9802 28448
9803 53581
9804 53048
9805 58217
9806 20257
9807 49480
9808 2992
9809 25345
9810 49517
9811 49485
9812 19332
9813 27395
9814 19216
9815 11173
9816 36656
9817 62444
9818 20257
9819 52008
9820 59905
9821 26368
9822 18184
9823 57144
9824 52000
9825 28449
9826 49480
9827 27137
9828 26394
9829 53581
9830 59153
9831 26371
9832 26432
9833 53024
9834 26416
9835 50992
9836 26385
9837 2977
9838 59905
9839 28449
9840 26368
9841 17188
9842 25376
9843 59905
9844 59905
9845 3873
9846 28592
9847 11137
9848 53613
9849 53048
9850 53048
9851 8992
9852 2849
9853 19256
9854 55080
9855 16717
9856 40744
9857 49953
9858 26368
9859 60192
9860 20280
9861 25376
9862 2848
9863 61224
9864 46764
9865 27393
9866 26386
9867 55080
9868 20265
9869 52001
9870 54056
9871 11041
9872 17176
9873 26394
9874 27425
9875 26370
9876 26371
9877 2848
9878 25363
9879 3873
9880 27425
9881 17176
9882 46892
9883 60033
9884 60033
9885 11169
9886 59139
9887 58145
9888 54060
9889 20257
9890 59137
9891 20272
9892 16741
9893 20400
9894 25384
9895 53581
9896 58144
9897 53024
9898 55825
9899 26387
9900 26369
9901 27139
9902 16712
9903 55096
9904 28417
9905 27139
9906 19241
9907 55072
9908 19217
9909 54056
9910 55084
9911 13100
9912 19377
9913 19233
9914 59905
9915 26370
9916 53048
9917 11041
9918 11104
9919 49473
9920 2856
9921 27137
9922 27139
9923 62252
9924 53581
9925 49485
9926 38460
9927 26368
9928 19089
9929 19377
9930 11169
9931 19232
9932 25363
9933 19233
9934 53549
9935 25377
9936 40504
9937 26401
9938 27155
9939 6988
9940 2524
9941 26387
9942 49480
9943 17741
9944 53048
9945 28161
9946 25353
9947 17184
9948 54056
9949 62444
9950 25363
9951 25344
9952 59152
9953 27155
9954 45933
9955 53541
9956 54060
9957 27488
9958 26368
9959 54057
9960 27155
9961 15212
9962 16741
9963 26394
9964 53612
9965 20280
9966 52001
9967 49485
9968 2849
9969 60161
9970 2849
9971 2848
9972 58144
9973 26368
9974 55085
9975 11169
9976 26371
9977 2976
9978 15116
9979 18208
9980 26368
9981 53608
9982 28576
9983 59907
9984 2848
9985 59168
9986 2872
9987 17193
9988 16716
9989 64129
9990 15212
9991 59139
9992 18700
9993 19121
9994 53613
9995 45868
9996 25362
9997 27552
9998 26386
9999 26394
10000 53048
10001 6988
10002 28163
10003 27139
10004 26464
10005 45868
10006 64289
10007 20408
10008 27139
10009 13100
10010 357
10011 46892
10012 364
10013 63272
10014 27139
10015 26401
10016 59905
10017 16716
10018 26387
10019 26370
10020 56888
10021 59137
10022 51000
10023 25363
10024 54589
10025 49960
10026 40492
10027 51968
10028 55080
10029 56888
10030 28464
10031 49968
10032 57144
10033 60161
10034 27411
10035 16712
10036 56872
10037 38700
10038 54840
10039 20280
10040 27139
10041 16716
10042 50992
10043 49517
10044 50024
10045 53613
10046 25091
10047 27139
10048 18764
10049 26401
10050 52001
10051 11169
10052 63288
10053 55088
10054 45868
10055 59907
10056 11169
10057 54060
10058 27393
10059 15212
10060 27137
10061 62249
10062 59152
10063 2872
10064 17157
10065 40508
10066 58145
10067 25432
10068 9057
10069 27155
10070 53048
10071 11041
10072 2993
10073 52000
10074 27139
10075 3873
10076 59176
10077 21837
10078 56105
10079 26394
10080 28161
10081 11169
10082 26369
10083 8992
10084 15116
10085 20280
10086 18700
10087 2976
10088 54840
10089 11169
10090 19121
10091 16716
10092 60161
10093 27139
10094 17160
10095 26369
10096 26386
10097 364
10098 53581
10099 27139
10100 2849
10101 53613
10102 62252
10103 25347
10104 51976
10105 27553
10106 26371
10107 49952
10108 53581
10109 59907
10110 55084
10111 53581
10112 62444
10113 60192
10114 27393
10115 16716
10116 55080
10117 26370
10118 63273
10119 45868
10120 60097
10121 53613
10122 26386
10123 49485
10124 26387
10125 54048
10126 27155
10127 26371
10128 49968
10129 54057
10130 60353
10131 60353
10132 60161
10133 51000
10134 2977
10135 60353
10136 2849
10137 26370
10138 45413
10139 19377
10140 17248
10141 53581
10142 55084
10143 27139
10144 26376
10145 26370
10146 53613
10147 56096
10148 27139
10149 27139
10150 25368
10151 58144
10152 57697
10153 62248
10154 18961
10155 19361
10156 49517
10157 13164
10158 54840
10159 16741
10160 11041
10161 40748
10162 1825
10163 31233
10164 28592
10165 54632
10166 45932
10167 60353
10168 59905
10169 60161
10170 56653
10171 15180
10172 26384
10173 45868
10174 4460
10175 58145
10176 54844
10177 26394
10178 60193
10179 60353
10180 54332
10181 60033
10182 49960
10183 2976
10184 58144
10185 49952
10186 60929
10187 60193
10188 25107
10189 55953
10190 20256
10191 26416
10192 63273
10193 11169
10194 63272
10195 45868
10196 62253
10197 55080
10198 16732
10199 27155
10200 60035
10201 58145
10202 27139
10203 28161
10204 27552
10205 28161
10206 26384
10207 49953
10208 12065
10209 16717
10210 52000
10211 60033
10212 2849
10213 16749
10214 49485
10215 38460
10216 58145
10217 53613
10218 46888
10219 25376
10220 2849
10221 17185
10222 27393
10223 3872
10224 11169
10225 27155
10226 51992
10227 52009
10228 11169
10229 50977
10230 53549
10231 17176
10232 25377
10233 54572
10234 16716
10235 50984
10236 38444
10237 27139
10238 15212
10239 52001
10240 49976
10241 27169
10242 56876
10243 59905
10244 15116
10245 45868
10246 59137
10247 18209
10248 53048
10249 26370
10250 54568
10251 26370
10252 45421
10253 60163
10254 60033
10255 63272
10256 54840
10257 26370
10258 19377
10259 26386
10260 16716
10261 38444
10262 19256
10263 53548
10264 16716
10265 25360
10266 38460
10267 26384
10268 25440
10269 49953
10270 59176
10271 27425
10272 27155
10273 28417
10274 16717
10275 26369
10276 54024
10277 62252
10278 58144
10279 27137
10280 45868
10281 62249
10282 28163
10283 62444
10284 11169
10285 45864
10286 26387
10287 58145
10288 19240
10289 59905
10290 49480
10291 27139
10292 53032
10293 17208
10294 57120
10295 2401
10296 19240
10297 49953
10298 53048
10299 45928
10300 26370
10301 29548
10302 27265
10303 11169
10304 54048
10305 2848
10306 27393
10307 11169
10308 36656
10309 27536
10310 51992
10311 46060
10312 28449
10313 54049
10314 53048
10315 25376
10316 19256
10317 58144
10318 3873
10319 54572
10320 27521
10321 27139
10322 49961
10323 19233
10324 45932
10325 20837
10326 25091
10327 58113
10328 19201
10329 50976
10330 49960
10331 60033
10332 59905
10333 46764
10334 49920
10335 55096
10336 25089
10337 25377
10338 26115
10339 38460
10340 59139
10341 49480
10342 26394
10343 28161
10344 60097
10345 59921
10346 56096
10347 16716
10348 28163
10349 56097
10350 11041
10351 53048
10352 16716
10353 45868
10354 52920
10355 56872
10356 53613
10357 17192
10358 50976
10359 27137
10360 20256
10361 18963
10362 27139
10363 49517
10364 53609
10365 27139
10366 20280
10367 53048
10368 49480
10369 64289
10370 63264
10371 2872
10372 27139
10373 55096
10374 27139
10375 26400
10376 27392
10377 26376
10378 17188
10379 27393
10380 59137
10381 63288
10382 59905
10383 49485
10384 60353
10385 54828
10386 26416
10387 54056
10388 17192
10389 27425
10390 56097
10391 27155
10392 51968
10393 58208
10394 53048
10395 54844
10396 60033
10397 27139
10398 16732
10399 27169
10400 27560
10401 27137
10402 25363
10403 53613
10404 26369
10405 53032
10406 27139
10407 27155
10408 26387
10409 25345
10410 25376
10411 62252
10412 25344
10413 26371
10414 45413
10415 59137
10416 25089
10417 27139
10418 27139
10419 62241
10420 64289
10421 47916
10422 27139
10423 46636
10424 19216
10425 28425
10426 19216
10427 11109
10428 18945
10429 28163
10430 54840
10431 53025
10432 27425
10433 52001
10434 27424
10435 61985
10436 27155
10437 56104
10438 55081
10439 26371
10440 49512
10441 38444
10442 53048
10443 16741
10444 62444
10445 49409
10446 49961
10447 28449
10448 27155
10449 27139
10450 38696
10451 59905
10452 25107
10453 49481
10454 19384
10455 49920
10456 26377
10457 17160
10458 51048
10459 51976
10460 60353
10461 62240
10462 27139
10463 17192
10464 38701
10465 20256
10466 26394
10467 60353
10468 59139
10469 56888
10470 26115
10471 40508
10472 20400
10473 19240
10474 26115
10475 27139
10476 62248
10477 18232
10478 26400
10479 26408
10480 27137
10481 58113
10482 45868
10483 49646
10484 49968
10485 49517
10486 28448
10487 19232
10488 26368
10489 27139
10490 59905
10491 45868
10492 20257
10493 27393
10494 20257
10495 8993
10496 16652
10497 20272
10498 63272
10499 51017
10500 49512
10501 51000
10502 26370
10503 25384
10504 49480
10505 45925
10506 53609
10507 59137
10508 28592
10509 26401
10510 55085
10511 26400
10512 4460
10513 54332
10514 9061
10515 54840
10516 45932
10517 60353
10518 27552
10519 25376
10520 26371
10521 27139
10522 54049
10523 49960
10524 26376
10525 55080
10526 11169
10527 60192
10528 27425
10529 60192
10530 38460
10531 27139
10532 54049
10533 62248
10534 49953
10535 56888
10536 27139
10537 27281
10538 45864
10539 53176
10540 55085
10541 25361
10542 19256
10543 28416
10544 27155
10545 53549
10546 53581
10547 26440
10548 11169
10549 27139
10550 63272
10551 63272
10552 55073
10553 27425
10554 11044
10555 27139
10556 49485
10557 62249
10558 30504
10559 59905
10560 27393
10561 62248
10562 16645
10563 54049
10564 55096
10565 36656
10566 53581
10567 2849
10568 53549
10569 58120
10570 27137
10571 17161
10572 60353
10573 53048
10574 53581
10575 57128
10576 60192
10577 26387
10578 19376
10579 26387
10580 64001
10581 49517
10582 2849
10583 57128
10584 16716
10585 16716
10586 16716
10587 53613
10588 26368
10589 53613
10590 26401
10591 53613
10592 25376
10593 20256
10594 49953
10595 53581
10596 26376
10597 62252
10598 52000
10599 59139
10600 2977
10601 27139
10602 27425
10603 36656
10604 45928
10605 53608
10606 26385
10607 26371
10608 47916
10609 55080
10610 16716
10611 49513
10612 53048
10613 62248
10614 45413
10615 16741
10616 19208
10617 11044
10618 18764
10619 54328
10620 53581
10621 26386
10622 16741
10623 27139
10624 17153
10625 364
10626 2849
10627 52000
10628 3888
10629 27139
10630 20844
10631 58209
10632 25376
10633 19256
10634 58120
10635 27155
10636 2849
10637 59209
10638 49480
10639 49517
10640 38701
10641 27137
10642 15116
10643 27552
10644 56653
10645 58208
10646 49485
10647 11040
10648 13164
10649 45868
10650 54332
10651 19256
10652 58113
10653 25089
10654 26370
10655 45933
10656 53608
10657 15116
10658 26370
10659 60161
10660 18961
10661 60353
10662 58152
10663 26387
10664 20845
10665 19233
10666 16716
10667 52000
10668 16716
10669 58144
10670 27425
10671 26371
10672 18716
10673 49481
10674 16716
10675 53613
10676 38444
10677 60033
10678 26369
10679 59137
10680 25107
10681 26440
10682 13164
10683 45932
10684 61249
10685 16712
10686 59905
10687 56096
10688 26370
10689 49485
10690 26401
10691 53609
10692 52008
10693 18945
10694 16749
10695 60929
10696 52008
10697 57144
10698 58112
10699 2849
10700 20408
10701 38696
10702 54056
10703 25089
10704 49413
10705 55096
10706 53040
10707 11169
10708 16716
10709 57128
10710 52912
10711 27139
10712 16716
10713 52001
10714 26401
10715 27425
10716 26401
10717 59201
10718 49480
10719 53548
10720 49473
10721 45928
10722 27155
10723 53613
10724 25377
10725 63272
10726 49485
10727 2848
10728 60353
10729 18945
10730 2849
10731 28417
10732 45932
10733 45932
10734 25377
10735 15212
10736 25344
10737 27425
10738 49976
10739 26465
10740 45421
10741 26394
10742 60033
10743 49517
10744 28448
10745 49952
10746 54056
10747 20272
10748 27265
10749 26401
10750 45932
10751 26370
10752 58145
10753 57121
10754 20812
10755 17176
10756 19201
10757 56097
10758 16716
10759 26371
10760 27392
10761 26368
10762 53613
10763 18797
10764 45868
10765 26368
10766 55084
10767 45868
10768 46060
10769 27139
10770 58152
10771 20844
10772 27155
10773 26432
10774 62248
10775 53613
10776 28163
10777 60049
10778 58144
10779 49928
10780 58144
10781 49953
10782 63265
10783 17168
10784 60353
10785 49517
10786 53048
10787 27425
10788 54572
10789 27425
10790 49481
10791 38696
10792 46892
10793 3873
10794 364
10795 45932
10796 16716
10797 62446
10798 27139
10799 18780
10800 26424
10801 3872
10802 59139
10803 55084
10804 27424
10805 59905
10806 16716
10807 56888
10808 27139
10809 16716
10810 59137
10811 16677
10812 53517
10813 62444
10814 62240
10815 20280
10816 26394
10817 27139
10818 26369
10819 27155
10820 19201
10821 19233
10822 60353
10823 49477
10824 17184
10825 20272
10826 26369
10827 62304
10828 28163
10829 63336
10830 27552
10831 52016
10832 53048
10833 38444
10834 27153
10835 63272
10836 62248
10837 45932
10838 54328
10839 49485
10840 26465
10841 19233
10842 53048
10843 51000
10844 25347
10845 58113
10846 49517
10847 55080
10848 60192
10849 27137
10850 25107
10851 59200
10852 52009
10853 55072
10854 27155
10855 25377
10856 54049
10857 27395
10858 28433
10859 62248
10860 26115
10861 15180
10862 27139
10863 15180
10864 54568
10865 53176
10866 20280
10867 53544
10868 51000
10869 60353
10870 54057
10871 55080
10872 17185
10873 50992
10874 52008
10875 27393
10876 51000
10877 12065
10878 57120
10879 57144
10880 60033
10881 11041
10882 58152
10883 357
10884 50016
10885 59137
10886 49517
10887 59240
10888 54573
10889 27137
10890 25345
10891 49480
10892 26369
10893 26368
10894 53613
10895 57128
10896 49517
10897 54573
10898 26131
10899 28464
10900 2840
10901 49517
10902 53613
10903 2849
10904 61985
10905 2977
10906 59168
10907 26394
10908 26408
10909 52024
10910 25089
10911 60033
10912 26370
10913 27155
10914 2977
10915 17153
10916 58114
10917 60257
10918 17184
10919 26408
10920 25345
10921 20844
10922 54024
10923 17184
10924 25091
10925 26386
10926 2853
10927 62249
10928 49920
10929 59905
10930 53048
10931 26408
10932 56065
10933 62316
10934 26376
10935 27392
10936 18232
10937 26131
10938 19232
10939 2849
10940 50984
10941 26424
10942 60353
10943 16748
10944 49960
10945 62316
10946 49960
10947 59168
10948 27424
10949 19232
10950 12065
10951 2977
10952 55096
10953 25376
10954 19352
10955 52016
10956 27265
10957 16716
10958 40508
10959 54049
10960 49413
10961 53048
10962 52009
10963 19376
10964 2977
10965 57144
10966 11109
10967 16716
10968 38444
10969 54060
10970 4972
10971 49485
10972 26401
10973 49480
10974 26370
10975 26368
10976 45868
10977 26387
10978 18780
10979 26386
10980 56065
10981 26369
10982 60353
10983 13100
10984 27432
10985 19241
10986 20400
10987 26464
10988 26394
10989 53613
10990 25416
10991 49953
10992 49512
10993 2849
10994 26369
10995 26401
10996 26371
10997 55084
10998 13164
10999 16716
11000 4972
11001 63272
11002 16716
11003 26371
11004 4460
11005 59905
11006 4972
11007 26370
11008 27552
11009 49517
11010 17192
11011 27139
11012 56097
11013 2977
11014 16716
11015 2341
11016 16716
11017 16716
11018 15148
11019 27139
11020 11169
11021 50992
11022 52008
11023 2856
11024 57129
11025 27137
11026 16716
11027 26385
11028 49480
11029 58144
11030 16749
11031 16716
11032 45868
11033 17208
11034 59905
11035 29548
11036 27155
11037 2849
11038 59233
11039 28448
11040 20257
11041 20844
11042 17168
11043 11104
11044 26386
11045 19233
11046 60097
11047 13100
11048 19361
11049 11109
11050 19121
11051 54056
11052 55072
11053 29548
11054 55080
11055 26368
11056 31233
11057 26401
11058 16716
11059 27155
11060 11041
11061 17208
11062 53024
11063 19233
11064 25344
11065 27393
11066 12069
11067 60353
11068 58145
11069 59232
11070 60353
11071 28161
11072 56888
11073 62248
11074 49928
11075 19232
11076 60192
11077 25344
11078 13164
11079 49485
11080 19256
11081 58144
11082 25362
11083 63272
11084 6988
11085 62248
11086 26400
11087 16732
11088 40508
11089 26369
11090 18185
11091 27139
11092 26408
11093 55096
11094 45864
11095 49517
11096 49485
11097 38701
11098 28592
11099 18216
11100 54573
11101 18963
11102 26370
11103 26369
11104 27153
11105 60035
11106 60353
11107 2849
11108 26387
11109 49960
11110 59136
11111 27393
11112 60097
11113 27392
11114 56872
11115 55096
11116 54057
11117 55084
11118 25376
11119 61985
11120 27155
11121 60192
11122 53608
11123 38444
11124 13164
11125 58112
11126 25440
11127 25377
11128 59177
11129 62304
11130 9061
11131 53541
11132 49961
11133 20400
11134 17160
11135 49921
11136 28449
11137 19248
11138 49481
11139 49485
11140 26408
11141 28163
11142 26369
11143 63265
11144 2976
11145 58144
11146 60193
11147 11105
11148 26394
11149 27155
11150 49517
11151 59905
11152 26408
11153 26386
11154 49485
11155 25363
11156 59905
11157 56097
11158 26370
11159 19256
11160 54573
11161 11041
11162 56096
11163 49517
11164 26392
11165 27137
11166 62312
11167 58144
11168 18764
11169 60353
11170 60353
11171 2849
11172 62241
11173 2960
11174 56104
11175 27139
11176 2849
11177 38444
11178 58113
11179 53168
11180 63336
11181 19233
11182 26368
11183 60097
11184 26464
11185 25345
11186 49953
11187 58144
11188 26394
11189 27139
11190 27139
11191 27139
11192 59240
11193 27153
11194 60929
11195 59905
11196 54840
11197 2840
11198 63272
11199 27139
11200 26370
11201 38444
11202 27488
11203 27139
11204 27139
11205 38444
11206 11041
11207 19232
11208 20272
11209 28416
11210 45413
11211 40508
11212 49473
11213 28448
11214 17189
11215 53613
11216 28449
11217 26376
11218 26400
11219 59209
11220 27137
11221 58144
11222 53581
11223 26401
11224 60353
11225 60353
11226 53048
11227 59136
11228 59136
11229 27153
11230 54332
11231 19232
11232 19232
11233 25377
11234 49481
11235 55073
11236 19200
11237 53613
11238 16716
11239 60097
11240 19232
11241 60033
11242 50976
11243 54840
11244 10017
11245 27488
11246 49960
11247 20844
11248 60353
11249 59137
11250 58216
11251 15212
11252 25353
11253 58152
11254 49485
11255 54840
11256 53048
11257 49953
11258 25345
11259 27137
11260 11169
11261 40504
11262 58216
11263 27139
11264 62241
11265 26369
11266 28417
11267 26368
11268 17741
11269 18721
11270 52912
11271 60161
11272 31233
11273 63276
11274 26386
11275 15116
11276 26369
11277 53581
11278 55080
11279 55841
11280 26394
11281 53544
11282 15148
11283 49512
11284 25377
11285 58113
11286 27153
11287 53613
11288 49517
11289 20256
11290 60033
11291 51969
11292 19248
11293 26370
11294 49485
11295 8992
11296 57144
11297 25344
11298 52000
11299 58112
11300 57120
11301 27137
11302 27393
11303 59136
11304 17185
11305 59136
11306 60033
11307 58144
11308 49953
11309 27424
11310 16653
11311 60033
11312 26371
11313 27155
11314 62253
11315 62304
11316 38444
11317 54828
11318 25091
11319 16741
11320 54048
11321 2977
11322 27139
11323 27393
11324 26386
11325 26368
11326 45868
11327 28576
11328 53581
11329 28163
11330 53613
11331 27393
11332 27552
11333 54049
11334 25344
11335 53613
11336 57128
11337 27137
11338 54632
11339 51016
11340 28163
11341 27139
11342 15148
11343 59905
11344 58145
11345 55096
11346 62248
11347 49952
11348 13100
11349 60033
11350 45932
11351 25091
11352 49480
11353 64289
11354 49968
11355 27393
11356 59201
11357 54049
11358 40492
11359 53048
11360 51000
11361 53048
11362 12065
11363 49944
11364 25363
11365 53033
11366 55081
11367 55072
11368 49517
11369 27392
11370 27433
11371 26371
11372 26370
11373 60097
11374 53612
11375 13164
11376 53613
11377 53548
11378 26387
11379 26392
11380 54049
11381 25107
11382 45413
11383 25363
11384 19352
11385 27155
11386 26371
11387 49961
11388 31233
11389 19208
11390 53613
11391 29548
11392 20280
11393 49413
11394 26371
11395 51016
11396 53517
11397 4460
11398 58145
11399 59136
11400 4972
11401 13164
11402 8993
11403 60033
11404 30504
11405 57696
11406 60353
11407 26387
11408 52920
11409 57144
11410 51000
11411 25363
11412 25377
11413 51968
11414 55073
11415 18216
11416 25377
11417 60033
11418 26368
11419 53612
11420 55073
11421 54120
11422 11041
11423 16716
11424 53613
11425 46892
11426 49417
11427 27139
11428 53613
11429 45933
11430 49517
11431 4460
11432 40744
11433 17741
11434 26386
11435 19344
11436 61985
11437 55084
11438 26392
11439 26368
11440 59153
11441 60353
11442 60353
11443 2992
11444 49485
11445 60033
11446 16716
11447 25361
11448 12065
11449 52024
11450 27137
11451 19240
11452 53613
11453 54049
11454 52001
11455 29548
11456 59905
11457 53612
11458 26394
11459 51016
11460 27424
11461 26401
11462 27139
11463 27424
11464 51968
11465 27139
11466 49485
11467 49413
11468 11168
11469 17224
11470 63265
11471 25376
11472 25376
11473 26376
11474 53613
11475 54024
11476 16749
11477 26386
11478 55085
11479 53613
11480 27155
11481 26378
11482 53612
11483 49961
11484 62248
11485 45932
11486 49473
11487 56888
11488 19256
11489 53032
11490 27553
11491 55081
11492 27393
11493 26370
11494 26115
11495 11169
11496 19089
11497 28163
11498 11169
11499 27137
11500 58112
11501 61985
11502 58113
11503 25376
11504 60289
11505 18700
11506 27139
11507 19200
11508 19232
11509 60097
11510 18963
11511 52000
11512 17168
11513 58144
11514 19248
11515 15212
11516 26433
11517 28417
11518 27155
11519 26368
11520 54072
11521 27155
11522 4461
11523 11041
11524 53549
11525 27137
11526 60353
11527 49517
11528 47916
11529 60353
11530 8992
11531 60192
11532 2977
11533 26384
11534 49953
11535 60033
11536 26369
11537 26115
11538 27425
11539 26401
11540 38444
11541 54568
11542 54828
11543 58145
11544 19377
11545 60161
11546 28417
11547 53581
11548 28161
11549 40744
11550 60192
11551 27153
11552 19241
11553 2401
11554 27155
11555 20265
11556 53033
11557 38444
11558 19217
11559 45421
11560 28161
11561 27424
11562 19232
11563 18977
11564 27139
11565 17192
11566 19233
11567 62241
11568 11041
11569 49517
11570 26368
11571 54056
11572 49485
11573 38696
11574 26392
11575 63264
11576 11169
11577 60353
11578 15212
11579 55085
11580 53048
11581 49481
11582 19376
11583 49953
11584 27155
11585 26465
11586 26371
11587 28161
11588 27139
11589 53613
11590 54840
11591 59136
11592 27139
11593 17184
11594 25363
11595 26440
11596 28448
11597 55081
11598 27155
11599 25347
11600 19360
11601 19201
11602 27139
11603 55072
11604 26392
11605 59232
11606 45868
11607 27139
11608 26376
11609 53608
11610 40508
11611 19232
11612 55084
11613 20844
11614 49953
11615 49453
11616 28449
11617 54048
11618 26368
11619 49480
11620 49480
11621 15180
11622 49517
11623 25361
11624 45868
11625 27393
11626 53581
11627 58144
11628 51017
11629 27139
11630 40744
11631 56104
11632 28544
11633 51000
11634 49952
11635 52001
11636 58209
11637 53048
11638 11169
11639 63265
11640 27155
11641 59169
11642 52920
11643 26387
11644 49512
11645 16717
11646 27139
11647 17224
11648 49517
11649 54048
11650 62304
11651 52009
11652 17184
11653 2849
11654 54048
11655 17168
11656 54840
11657 26392
11658 60033
11659 49485
11660 59232
11661 54589
11662 49928
11663 49517
11664 49505
11665 59137
11666 54573
11667 49953
11668 27155
11669 26387
11670 59137
11671 27139
11672 64289
11673 53613
11674 45413
11675 53048
11676 15180
11677 49485
11678 27155
11679 16741
11680 28448
11681 28448
11682 59905
11683 25107
11684 58113
11685 16717
11686 16645
11687 27139
11688 17157
11689 27155
11690 49952
11691 54824
11692 45868
11693 38696
11694 2872
11695 28163
11696 25347
11697 53541
11698 59907
11699 16645
11700 27155
11701 25376
11702 62253
11703 17184
11704 59152
11705 62240
11706 16749
11707 28425
11708 13100
11709 17193
11710 49480
11711 58153
11712 26368
11713 27392
11714 62312
11715 4460
11716 54056
11717 60097
11718 27139
11719 54844
11720 53613
11721 27425
11722 26386
11723 26371
11724 19200
11725 53613
11726 18700
11727 25384
11728 27424
11729 28161
11730 26401
11731 52001
11732 56096
11733 20400
11734 27155
11735 28417
11736 12064
11737 36408
11738 59137
11739 59905
11740 3888
11741 54840
11742 27139
11743 26394
11744 27393
11745 18700
11746 25385
11747 55080
11748 56097
11749 27137
11750 18232
11751 27137
11752 2872
11753 28161
11754 28448
11755 52000
11756 53544
11757 46888
11758 27155
11759 53548
11760 49517
11761 27139
11762 49480
11763 49481
11764 60353
11765 49409
11766 55081
11767 63272
11768 18700
11769 28576
11770 38460
11771 4460
11772 53048
11773 20272
11774 50992
11775 26369
11776 11169
11777 26371
11778 18945
11779 19360
11780 45869
11781 17168
11782 17185
11783 46888
11784 55096
11785 54056
11786 27537
11787 49953
11788 26394
11789 52008
11790 17188
11791 27139
11792 27139
11793 29548
11794 2960
11795 19232
11796 16748
11797 27139
11798 55080
11799 53048
11800 50985
11801 18945
11802 16749
11803 63272
11804 49517
11805 62312
11806 18184
11807 27139
11808 49417
11809 26369
11810 25376
11811 26432
11812 54840
11813 16645
11814 49517
11815 62249
11816 20257
11817 19120
11818 357
11819 53048
11820 16652
11821 26441
11822 27139
11823 27552
11824 53176
11825 55080
11826 59168
11827 54840
11828 11041
11829 62312
11830 19209
11831 28449
11832 52016
11833 26371
11834 25376
11835 20813
11836 27137
11837 28448
11838 17184
11839 54049
11840 29548
11841 25441
11842 26131
11843 9057
11844 49517
11845 11040
11846 19332
11847 40504
11848 25344
11849 27433
11850 54048
11851 19361
11852 61216
11853 19232
11854 54844
11855 63264
11856 26416
11857 49960
11858 52001
11859 45868
11860 53613
11861 26370
11862 63273
11863 63288
11864 26401
11865 26370
11866 26377
11867 26387
11868 25376
11869 49485
11870 57132
11871 40508
11872 26368
11873 54632
11874 13164
11875 11105
11876 2977
11877 20400
11878 27153
11879 58145
11880 54049
11881 59905
11882 63264
11883 52000
11884 19233
11885 56888
11886 54057
11887 50977
11888 59137
11889 27489
11890 25377
11891 59905
11892 59136
11893 60193
11894 55072
11895 6988
11896 59905
11897 60192
11898 59233
11899 27137
11900 19233
11901 27425
11902 58152
11903 3873
11904 25376
11905 18797
11906 55080
11907 60305
11908 53040
11909 19232
11910 59233
11911 28163
11912 25384
11913 62248
11914 54120
11915 26376
11916 50985
11917 11041
11918 16677
11919 63272
11920 53613
11921 61185
11922 54048
11923 25347
11924 53613
11925 2341
11926 53613
11927 19201
11928 55080
11929 27139
11930 15212
11931 19360
11932 17208
11933 2872
11934 28163
11935 19376
11936 57128
11937 26371
11938 19089
11939 26370
11940 63272
11941 52016
11942 2849
11943 19233
11944 58145
11945 59136
11946 28449
11947 19240
11948 52009
11949 58144
11950 51992
11951 27425
11952 27139
11953 49960
11954 49413
11955 11169
11956 49413
11957 55096
11958 59907
11959 60193
11960 27155
11961 53048
11962 27137
11963 49960
11964 54024
11965 25377
11966 49517
11967 49517
11968 49952
11969 59137
11970 26368
11971 55084
11972 49485
11973 36656
11974 26387
11975 59139
11976 61985
11977 54828
11978 45868
11979 58114
11980 49952
11981 53608
11982 54824
11983 26368
11984 45868
11985 26368
11986 26384
11987 18961
11988 27153
11989 49512
11990 25345
11991 63272
11992 20265
11993 58113
11994 3873
11995 49481
11996 51000
11997 58112
11998 8997
11999 51000
12000 27520
12001 51969
12002 27137
12003 53176
12004 26369
12005 53176
12006 25385
12007 27425
12008 27137
12009 53048
12010 27392
12011 27155
12012 47916
12013 45868
12014 28576
12015 17228
12016 27139
12017 25360
12018 49517
12019 59907
12020 25377
12021 28417
12022 49453
12023 53048
12024 26371
12025 57697
12026 49976
12027 26115
12028 49953
12029 57128
12030 28448
12031 2849
12032 2341
12033 27425
12034 17224
12035 55084
12036 26387
12037 49484
12038 25376
12039 18216
12040 6988
12041 49512
12042 53048
12043 53176
12044 29548
12045 61185
12046 49485
12047 26369
12048 54048
12049 53613
12050 26392
12051 19200
12052 20272
12053 58144
12054 53613
12055 26115
12056 26424
12057 62312
12058 29548
12059 28416
12060 19248
12061 25107
12062 3873
12063 27393
12064 55080
12065 55084
12066 54828
12067 27137
12068 26416
12069 55096
12070 57120
12071 27139
12072 27560
12073 55073
12074 45928
12075 16716
12076 58115
12077 45868
12078 27139
12079 27139
12080 19200
12081 27137
12082 19201
12083 2977
12084 25384
12085 54048
12086 54057
12087 60192
12088 54828
12089 49953
12090 26408
12091 17161
12092 25377
12093 59137
12094 53024
12095 49961
12096 25376
12097 26368
12098 38460
12099 49516
12100 29548
12101 49484
12102 11169
12103 27139
12104 25376
12105 54568
12106 45868
12107 61281
12108 45932
12109 17192
12110 49953
12111 53024
12112 59226
12113 13164
12114 55080
12115 17208
12116 25377
12117 26368
12118 20256
12119 27393
12120 54589
12121 26401
12122 17185
12123 11041
12124 28161
12125 54049
12126 28417
12127 54840
12128 11041
12129 28449
12130 45868
12131 28161
12132 27155
12133 56104
12134 52000
12135 19232
12136 56104
12137 54049
12138 19248
12139 19209
12140 55073
12141 17193
12142 27155
12143 52008
12144 19332
12145 17200
12146 55080
12147 16741
12148 25376
12149 58152
12150 28161
12151 25440
12152 27137
12153 49960
12154 27265
12155 55073
12156 58145
12157 54632
12158 56096
12159 25376
12160 18208
12161 17192
12162 51016
12163 40492
12164 28448
12165 27425
12166 25368
12167 56881
12168 49481
12169 26387
12170 11169
12171 51000
12172 28449
12173 28448
12174 25376
12175 53032
12176 11041
12177 53613
12178 49480
12179 57121
12180 28560
12181 26386
12182 53609
12183 17200
12184 20256
12185 49976
12186 11041
12187 55080
12188 27139
12189 60929
12190 16716
12191 54828
12192 20272
12193 27392
12194 20280
12195 63264
12196 25107
12197 26371
12198 55841
12199 2968
12200 11041
12201 56065
12202 11041
12203 2465
12204 26465
12205 17176
12206 60192
12207 61985
12208 27139
12209 18765
12210 45933
12211 25376
12212 17185
12213 58113
12214 25440
12215 364
12216 16653
12217 26387
12218 59177
12219 60193
12220 59905
12221 28432
12222 54072
12223 58144
12224 49952
12225 49480
12226 20272
12227 27392
12228 2849
12229 49485
12230 53613
12231 12065
12232 26369
12233 63272
12234 49481
12235 38696
12236 54573
12237 63272
12238 49485
12239 27155
12240 56072
12241 25376
12242 53613
12243 17157
12244 53032
12245 27392
12246 55080
12247 53605
12248 26369
12249 13164
12250 25107
12251 53549
12252 49953
12253 11169
12254 8992
12255 45932
12256 56104
12257 27425
12258 25347
12259 11169
12260 26369
12261 55080
12262 27155
12263 45413
12264 19360
12265 58144
12266 17168
12267 2849
12268 27139
12269 58153
12270 45868
12271 18977
12272 26392
12273 58144
12274 27425
12275 62252
12276 62248
12277 26465
12278 26370
12279 19240
12280 49952
12281 58209
12282 59152
12283 11041
12284 54049
12285 49953
12286 27155
12287 27488
12288 58216
12289 49952
12290 2872
12291 60929
12292 59905
12293 26424
12294 27393
12295 19332
12296 2977
12297 18961
12298 17184
12299 58208
12300 58209
12301 9057
12302 8992
12303 20272
12304 3425
12305 19200
12306 27137
12307 62252
12308 19232
12309 19232
12310 49485
12311 27392
12312 26369
12313 54572
12314 55080
12315 63272
12316 58114
12317 55096
12318 62241
12319 55080
12320 54840
12321 53032
12322 25376
12323 59200
12324 27139
12325 25361
12326 54072
12327 26424
12328 59905
12329 38696
12330 27139
12331 27552
12332 27425
12333 49952
12334 26401
12335 59168
12336 59200
12337 55080
12338 50992
12339 56105
12340 12065
12341 55096
12342 57128
12343 19232
12344 55825
12345 27137
12346 54840
12347 54049
12348 2849
12349 49953
12350 11169
12351 59139
12352 60033
12353 55080
12354 28161
12355 25345
12356 27425
12357 58145
12358 25377
12359 49484
12360 54049
12361 63336
12362 55825
12363 46888
12364 55081
12365 54844
12366 51000
12367 27139
12368 45868
12369 19233
12370 19233
12371 2400
12372 49952
12373 53613
12374 11041
12375 54064
12376 26386
12377 27137
12378 28163
12379 58145
12380 27139
12381 27424
12382 27155
12383 27139
12384 27425
12385 60033
12386 49952
12387 27265
12388 54568
12389 57121
12390 26400
12391 54048
12392 49481
12393 49505
12394 38696
12395 27392
12396 26371
12397 49952
12398 25361
12399 54573
12400 57128
12401 59152
12402 19232
12403 60353
12404 36408
12405 26401
12406 45868
12407 60163
12408 19376
12409 62248
12410 16677
12411 19384
12412 27139
12413 26394
12414 54828
12415 15180
12416 55096
12417 18764
12418 25352
12419 55096
12420 57120
12421 28425
12422 12064
12423 2993
12424 53609
12425 53040
12426 51016
12427 58144
12428 27155
12429 54049
12430 27137
12431 27137
12432 56096
12433 54573
12434 27137
12435 26401
12436 20813
12437 57128
12438 25345
12439 10017
12440 27424
12441 16741
12442 16677
12443 54057
12444 49961
12445 19376
12446 20280
12447 49960
12448 59905
12449 27425
12450 45868
12451 25363
12452 53613
12453 26371
12454 18716
12455 17188
12456 18945
12457 27139
12458 19376
12459 59139
12460 2848
12461 38444
12462 58112
12463 17224
12464 25368
12465 49517
12466 28448
12467 62248
12468 26369
12469 27137
12470 53613
12471 26371
12472 17185
12473 62252
12474 26370
12475 54056
12476 27137
12477 57144
12478 49481
12479 59232
12480 2849
12481 49952
12482 26416
12483 19241
12484 54840
12485 53581
12486 2993
12487 40744
12488 59168
12489 26400
12490 20280
12491 59177
12492 27265
12493 28448
12494 12065
12495 62312
12496 38700
12497 52912
12498 53048
12499 27139
12500 27137
12501 51000
12502 58115
12503 54573
12504 53048
12505 63272
12506 2849
12507 54056
12508 27265
12509 36408
12510 40748
12511 19201
12512 45413
12513 19232
12514 54049
12515 49517
12516 49509
12517 17160
12518 52000
12519 26400
12520 63272
12521 57120
12522 27395
12523 11105
12524 25440
12525 58209
12526 27424
12527 50016
12528 27393
12529 27425
12530 28161
12531 19089
12532 54048
12533 11041
12534 25376
12535 25376
12536 26401
12537 20837
12538 19201
12539 2992
12540 27424
12541 54840
12542 58113
12543 26370
12544 18185
12545 26401
12546 18721
12547 53581
12548 59905
12549 25384
12550 26401
12551 49485
12552 53613
12553 38444
12554 17248
12555 2849
12556 26385
12557 54573
12558 53613
12559 11041
12560 60161
12561 60161
12562 2849
12563 26370
12564 28576
12565 20400
12566 55096
12567 19200
12568 49517
12569 49517
12570 60353
12571 1825
12572 53613
12573 45932
12574 2840
12575 18716
12576 25091
12577 59907
12578 53168
12579 357
12580 60289
12581 49952
12582 31233
12583 13164
12584 46892
12585 49952
12586 62241
12587 20280
12588 45932
12589 25376
12590 54049
12591 53033
12592 2849
12593 9057
12594 63272
12595 11169
12596 25440
12597 28161
12598 58145
12599 2872
12600 53581
12601 56072
12602 25376
12603 27433
12604 40744
12605 25345
12606 53048
12607 58113
12608 25416
12609 25377
12610 58144
12611 59905
12612 25384
12613 54048
12614 25360
12615 28449
12616 19201
12617 27489
12618 49409
12619 8993
12620 16716
12621 63272
12622 25376
12623 49920
12624 58152
12625 59226
12626 25345
12627 55080
12628 49961
12629 49961
12630 53048
12631 26384
12632 59136
12633 26368
12634 15180
12635 25345
12636 57144
12637 58114
12638 49953
12639 16716
12640 49936
12641 26368
12642 63273
12643 61185
12644 54049
12645 25091
12646 13164
12647 56097
12648 59200
12649 28448
12650 51000
12651 54048
12652 60161
12653 20272
12654 11041
12655 53613
12656 27137
12657 50024
12658 11169
12659 25376
12660 53048
12661 53581
12662 58144
12663 63272
12664 64289
12665 26371
12666 28416
12667 60353
12668 26370
12669 17184
12670 25376
12671 17185
12672 25377
12673 2400
12674 19241
12675 20272
12676 19208
12677 19233
12678 27425
12679 25345
12680 19217
12681 53040
12682 49960
12683 18700
12684 28163
12685 52008
12686 9057
12687 58113
12688 59905
12689 58144
12690 52001
12691 19377
12692 59905
12693 11169
12694 60353
12695 58112
12696 25347
12697 27137
12698 26465
12699 27139
12700 46892
12701 28161
12702 16645
12703 58209
12704 49513
12705 20280
12706 55080
12707 25091
12708 58113
12709 54840
12710 12065
12711 59905
12712 49953
12713 49512
12714 63336
12715 53613
12716 26371
12717 38460
12718 53549
12719 40492
12720 49480
12721 38696
12722 59905
12723 27155
12724 63336
12725 25377
12726 46892
12727 53613
12728 58145
12729 38444
12730 26433
12731 26368
12732 28592
12733 26371
12734 26416
12735 49512
12736 60097
12737 11169
12738 12065
12739 53048
12740 49509
12741 26376
12742 28448
12743 49976
12744 58145
12745 63264
12746 38460
12747 53024
12748 49921
12749 53025
12750 3873
12751 16716
12752 54056
12753 58152
12754 27552
12755 2849
12756 11041
12757 27425
12758 54573
12759 27488
12760 21837
12761 2976
12762 26369
12763 63272
12764 19233
12765 54828
12766 21837
12767 53549
12768 53613
12769 27137
12770 57128
12771 18700
12772 27392
12773 19232
12774 51048
12775 18232
12776 54072
12777 20256
12778 60193
12779 11040
12780 45928
12781 17184
12782 59137
12783 26386
12784 59169
12785 63265
12786 28576
12787 17224
12788 60353
12789 19384
12790 26368
12791 53024
12792 18977
12793 52009
12794 25377
12795 53544
12796 2849
12797 19232
12798 53613
12799 27488
12800 27488
12801 19232
12802 54572
12803 60353
12804 2849
12805 60353
12806 54064
12807 18764
12808 26386
12809 49936
12810 28448
12811 60353
12812 11041
12813 53048
12814 52000
12815 27537
12816 26369
12817 52008
12818 49976
12819 11040
12820 60161
12821 53048
12822 51048
12823 28161
12824 49953
12825 62240
12826 38444
12827 26371
12828 27137
12829 26440
12830 20844
12831 26368
12832 16717
12833 25408
12834 27137
12835 27425
12836 2849
12837 49480
12838 60033
12839 19233
12840 45869
12841 60033
12842 26424
12843 27155
12844 54060
12845 56888
12846 36656
12847 27425
12848 60193
12849 19256
12850 26376
12851 62240
12852 27139
12853 26370
12854 58152
12855 40504
12856 27139
12857 60033
12858 60161
12859 9061
12860 60033
12861 27424
12862 54048
12863 54048
12864 52792
12865 2977
12866 49485
12867 26371
12868 62446
12869 58144
12870 26384
12871 58112
12872 26376
12873 40744
12874 16741
12875 16748
12876 2849
12877 52016
12878 49513
12879 58208
12880 27137
12881 27408
12882 11169
12883 26464
12884 2849
12885 25376
12886 11104
12887 19233
12888 19377
12889 58208
12890 25385
12891 27425
12892 17193
12893 26368
12894 54632
12895 40508
12896 17192
12897 28592
12898 58152
12899 11169
12900 56096
12901 16748
12902 19233
12903 49480
12904 51968
12905 19248
12906 49961
12907 17185
12908 54056
12909 25345
12910 62304
12911 27552
12912 60192
12913 19248
12914 57129
12915 2853
12916 19241
12917 38700
12918 58145
12919 53613
12920 28449
12921 56097
12922 28416
12923 19248
12924 18700
12925 27425
12926 49968
12927 26369
12928 38460
12929 18209
12930 49485
12931 9057
12932 11169
12933 21837
12934 27155
12935 55088
12936 16716
12937 27424
12938 17248
12939 59907
12940 52001
12941 52000
12942 19200
12943 11169
12944 52000
12945 27552
12946 27392
12947 57129
12948 19233
12949 19209
12950 53033
12951 52000
12952 40744
12953 63272
12954 27155
12955 59137
12956 27265
12957 2849
12958 49953
12959 26401
12960 62240
12961 54048
12962 49517
12963 63272
12964 19089
12965 27137
12966 53608
12967 27139
12968 58144
12969 25363
12970 49517
12971 17157
12972 58144
12973 26432
12974 58113
12975 26369
12976 59168
12977 54573
12978 62240
12979 49512
12980 60353
12981 2977
12982 16716
12983 26385
12984 62304
12985 49484
12986 28448
12987 49961
12988 27137
12989 59153
12990 55084
12991 27139
12992 52000
12993 27393
12994 59139
12995 2849
12996 38444
12997 54844
12998 27425
12999 58145
13000 55096
13001 3873
13002 27139
13003 27155
13004 49928
13005 19232
13006 38700
13007 3873
13008 54832
13009 19232
13010 2977
13011 60033
13012 52001
13013 51000
13014 52000
13015 58208
13016 26385
13017 60353
13018 60353
13019 60353
13020 26369
13021 54056
13022 60033
13023 52001
13024 25345
13025 63336
13026 60160
13027 11169
13028 60193
13029 26386
13030 2400
13031 2849
13032 57697
13033 60161
13034 27393
13035 19121
13036 53040
13037 25361
13038 55081
13039 19364
13040 50976
13041 60033
13042 26394
13043 27137
13044 59905
13045 25344
13046 27139
13047 27553
13048 54057
13049 53176
13050 62312
13051 25377
13052 25091
13053 55081
13054 49953
13055 16717
13056 27139
13057 53613
13058 16653
13059 19232
13060 19200
13061 58144
13062 49952
13063 27424
13064 55081
13065 59137
13066 18232
13067 27552
13068 27425
13069 45868
13070 60033
13071 18232
13072 55096
13073 27137
13074 53048
13075 49960
13076 27425
13077 27425
13078 27560
13079 59233
13080 20845
13081 25347
13082 27393
13083 28417
13084 26371
13085 17184
13086 19364
13087 49953
13088 49920
13089 26387
13090 2849
13091 19233
13092 19233
13093 19352
13094 18209
13095 58145
13096 18945
13097 28449
13098 20400
13099 62240
13100 54573
13101 59136
13102 51969
13103 11041
13104 54049
13105 49481
13106 54828
13107 38700
13108 55096
13109 25089
13110 26387
13111 58217
13112 26368
13113 58209
13114 4972
13115 49513
13116 54844
13117 49512
13118 49409
13119 62241
13120 38456
13121 55096
13122 13100
13123 53608
13124 58145
13125 26376
13126 20400
13127 53613
13128 17185
13129 53613
13130 28576
13131 25377
13132 20280
13133 12065
13134 36408
13135 17184
13136 17189
13137 49485
13138 54048
13139 17184
13140 51968
13141 49480
13142 2968
13143 27393
13144 18700
13145 15116
13146 49952
13147 58209
13148 60192
13149 51969
13150 57144
13151 56105
13152 17193
13153 49484
13154 19360
13155 49960
13156 13100
13157 53032
13158 27139
13159 49960
13160 27139
13161 60033
13162 17741
13163 49953
13164 17192
13165 16716
13166 16748
13167 27139
13168 26408
13169 55085
13170 54056
13171 50976
13172 2976
13173 25345
13174 58144
13175 26394
13176 11169
13177 2849
13178 58209
13179 58208
13180 3873
13181 49920
13182 62304
13183 49480
13184 20272
13185 49953
13186 25376
13187 55841
13188 54048
13189 58120
13190 2849
13191 27155
13192 19233
13193 26369
13194 27392
13195 20272
13196 53581
13197 58145
13198 27155
13199 59905
13200 26400
13201 27425
13202 28544
13203 25345
13204 56097
13205 58144
13206 25448
13207 28163
13208 16716
13209 59905
13210 50984
13211 26387
13212 19248
13213 64001
13214 17193
13215 58208
13216 58145
13217 49952
13218 19360
13219 16652
13220 26370
13221 56065
13222 2840
13223 16749
13224 58145
13225 2848
13226 53024
13227 54056
13228 62240
13229 54048
13230 52009
13231 59905
13232 27139
13233 25441
13234 53613
13235 20408
13236 63273
13237 53033
13238 28432
13239 49480
13240 38444
13241 27408
13242 52000
13243 54605
13244 58217
13245 13100
13246 56104
13247 19232
13248 54832
13249 20813
13250 53024
13251 49952
13252 19256
13253 2849
13254 19233
13255 54060
13256 56876
13257 27489
13258 17192
13259 55841
13260 49960
13261 16712
13262 2976
13263 27424
13264 59905
13265 49961
13266 53581
13267 19233
13268 49976
13269 19233
13270 2849
13271 58144
13272 49485
13273 51000
13274 51000
13275 52001
13276 56097
13277 49453
13278 27137
13279 11169
13280 25347
13281 59139
13282 26370
13283 17228
13284 51992
13285 59209
13286 46892
13287 25416
13288 54573
13289 53613
13290 26432
13291 52001
13292 55084
13293 49485
13294 59905
13295 53613
13296 53613
13297 58145
13298 63272
13299 49512
13300 18208
13301 61185
13302 56105
13303 26369
13304 52000
13305 25385
13306 15180
13307 25352
13308 62312
13309 27281
13310 60033
13311 54057
13312 17208
13313 49485
13314 52000
13315 55825
13316 52001
13317 49517
13318 27139
13319 55088
13320 61217
13321 60192
13322 49485
13323 59139
13324 54049
13325 59232
13326 29548
13327 25376
13328 59168
13329 27392
13330 54828
13331 20265
13332 13164
13333 53033
13334 60353
13335 60353
13336 56096
13337 54048
13338 27393
13339 26368
13340 54024
13341 60353
13342 17160
13343 27139
13344 17192
13345 2849
13346 27393
13347 52000
13348 2849
13349 2401
13350 52000
13351 63265
13352 16741
13353 26441
13354 54844
13355 54049
13356 19233
13357 11169
13358 28417
13359 62241
13360 49952
13361 49952
13362 52008
13363 45868
13364 27153
13365 27536
13366 16716
13367 54120
13368 26386
13369 25376
13370 58144
13371 53040
13372 19232
13373 25345
13374 50016
13375 25440
13376 60160
13377 25107
13378 59137
13379 60160
13380 27408
13381 54048
13382 25352
13383 50976
13384 25107
13385 58144
13386 54064
13387 19384
13388 19232
13389 19248
13390 59905
13391 19200
13392 19232
13393 52001
13394 20265
13395 49517
13396 59905
13397 27155
13398 25347
13399 50976
13400 50024
13401 27393
13402 12065
13403 27155
13404 18716
13405 16716
13406 27155
13407 26370
13408 60033
13409 60192
13410 20400
13411 19240
13412 49921
13413 58144
13414 62304
13415 19232
13416 49953
13417 55081
13418 27139
13419 49952
13420 60160
13421 19233
13422 18700
13423 26387
13424 27425
13425 17224
13426 19332
13427 49513
13428 45932
13429 27139
13430 53048
13431 56104
13432 27137
13433 55080
13434 18700
13435 60192
13436 4460
13437 19232
13438 12065
13439 54049
13440 54824
13441 53613
13442 3888
13443 9061
13444 19240
13445 26369
13446 53613
13447 27139
13448 54828
13449 16716
13450 26464
13451 15148
13452 27139
13453 26371
13454 51048
13455 53541
13456 19224
13457 49961
13458 16716
13459 49480
13460 54049
13461 19200
13462 53613
13463 60163
13464 49953
13465 58113
13466 49968
13467 2993
13468 54828
13469 20400
13470 27424
13471 53048
13472 13164
13473 2856
13474 2856
13475 53048
13476 19208
13477 58208
13478 27139
13479 25384
13480 59233
13481 52001
13482 58144
13483 2993
13484 60033
13485 50976
13486 60257
13487 56096
13488 27552
13489 27488
13490 19209
13491 50984
13492 60353
13493 25345
13494 27139
13495 27425
13496 52001
13497 20844
13498 58144
13499 19384
13500 59905
13501 49952
13502 49952
13503 55073
13504 54048
13505 51969
13506 12065
13507 62240
13508 26371
13509 58144
13510 49953
13511 63265
13512 54048
13513 19232
13514 58112
13515 19376
13516 19121
13517 60193
13518 56104
13519 53040
13520 59905
13521 58112
13522 3888
13523 49960
13524 16717
13525 18780
13526 49960
13527 60193
13528 55073
13529 52008
13530 57144
13531 28161
13532 60033
13533 19364
13534 59169
13535 54048
13536 27425
13537 50985
13538 2849
13539 49952
13540 27139
13541 49953
13542 2848
13543 2849
13544 60033
13545 19240
13546 27553
13547 19232
13548 59905
13549 26369
13550 52920
13551 27137
13552 58209
13553 56096
13554 25440
13555 25344
13556 19376
13557 16716
13558 62252
13559 52000
13560 27139
13561 55080
13562 27424
13563 25360
13564 49953
13565 2849
13566 26369
13567 27537
13568 49944
13569 26433
13570 26369
13571 27139
13572 54056
13573 27424
13574 26368
13575 49953
13576 55072
13577 38696
13578 19256
13579 59905
13580 26394
13581 59153
13582 60097
13583 49517
13584 49517
13585 19332
13586 49517
13587 26384
13588 55096
13589 55072
13590 27553
13591 26432
13592 26384
13593 49952
13594 19200
13595 17200
13596 57129
13597 49516
13598 17184
13599 26440
13600 15212
13601 54844
13602 58145
13603 52001
13604 8992
13605 55096
13606 27139
13607 27521
13608 56888
13609 17185
13610 20272
13611 27424
13612 49512
13613 52009
13614 49517
13615 18797
13616 60033
13617 52000
13618 49517
13619 28592
13620 27139
13621 20280
13622 54056
13623 58152
13624 11169
13625 17184
13626 62241
13627 60353
13628 27137
13629 60353
13630 19232
13631 53605
13632 27155
13633 17184
13634 26400
13635 58152
13636 26370
13637 26400
13638 60192
13639 27401
13640 52000
13641 26386
13642 45932
13643 26386
13644 2977
13645 53609
13646 54064
13647 62241
13648 49953
13649 49509
13650 20400
13651 27137
13652 53048
13653 28432
13654 52912
13655 27265
13656 54049
13657 45413
13658 27265
13659 38696
13660 54049
13661 25344
13662 27392
13663 54824
13664 19232
13665 18700
13666 54048
13667 20845
13668 59905
13669 62241
13670 2840
13671 49961
13672 49952
13673 28449
13674 11109
13675 53605
13676 17184
13677 10017
13678 27155
13679 19232
13680 27137
13681 12065
13682 19360
13683 17152
13684 58112
13685 58144
13686 18945
13687 64289
13688 49928
13689 18977
13690 60033
13691 17152
13692 27265
13693 59169
13694 27155
13695 59137
13696 58113
13697 49960
13698 58144
13699 49960
13700 55084
13701 25107
13702 54056
13703 19233
13704 19208
13705 49953
13706 19240
13707 19233
13708 27560
13709 2849
13710 16677
13711 25361
13712 49485
13713 58144
13714 54048
13715 27552
13716 28161
13717 59907
13718 27137
13719 27425
13720 64001
13721 26369
13722 54824
13723 17153
13724 60033
13725 27155
13726 26369
13727 49480
13728 27139
13729 12065
13730 40492
13731 49453
13732 52912
13733 49512
13734 18216
13735 27139
13736 49513
13737 25347
13738 17153
13739 27139
13740 19232
13741 54828
13742 27408
13743 26368
13744 52912
13745 58209
13746 26392
13747 49480
13748 59200
13749 52000
13750 49485
13751 58113
13752 53613
13753 49517
13754 53581
13755 2853
13756 27411
13757 57129
13758 55080
13759 36656
13760 52008
13761 49953
13762 15116
13763 49485
13764 53048
13765 49481
13766 19360
13767 27155
13768 27560
13769 49485
13770 49944
13771 27425
13772 27153
13773 17193
13774 28592
13775 20280
13776 54605
13777 30504
13778 17185
13779 40744
13780 2849
13781 55096
13782 27424
13783 53613
13784 56888
13785 20400
13786 27520
13787 15148
13788 49960
13789 27424
13790 58144
13791 55080
13792 2524
13793 58113
13794 45868
13795 58113
13796 60033
13797 19361
13798 49921
13799 58113
13800 26368
13801 16717
13802 49517
13803 19232
13804 60161
13805 53613
13806 27155
13807 49929
13808 17153
13809 58144
13810 58113
13811 19232
13812 25344
13813 19201
13814 62240
13815 2977
13816 11137
13817 25384
13818 27139
13819 17248
13820 54049
13821 25345
13822 59137
13823 58152
13824 49936
13825 26424
13826 28161
13827 63232
13828 54049
13829 58115
13830 49928
13831 19232
13832 17152
13833 53581
13834 55073
13835 19233
13836 28163
13837 25352
13838 20400
13839 49960
13840 58144
13841 25384
13842 27265
13843 49517
13844 19344
13845 54048
13846 26401
13847 49952
13848 17192
13849 27392
13850 58113
13851 63264
13852 17184
13853 20837
13854 55096
13855 20257
13856 54056
13857 45932
13858 17189
13859 54120
13860 57121
13861 2976
13862 61216
13863 25363
13864 11168
13865 53613
13866 19217
13867 53048
13868 27553
13869 52000
13870 60257
13871 18716
13872 19232
13873 25440
13874 19201
13875 19201
13876 11173
13877 49920
13878 27153
13879 19121
13880 50985
13881 38696
13882 53048
13883 49952
13884 25376
13885 55072
13886 58144
13887 19233
13888 49961
13889 17185
13890 56097
13891 49952
13892 25089
13893 27155
13894 19332
13895 17160
13896 40504
13897 59177
13898 62252
13899 27424
13900 26371
13901 27393
13902 19120
13903 54573
13904 53025
13905 27137
13906 27155
13907 55080
13908 19209
13909 50984
13910 49960
13911 11040
13912 49952
13913 26371
13914 11169
13915 49485
13916 59907
13917 59137
13918 19384
13919 52000
13920 26369
13921 19233
13922 53613
13923 49517
13924 27265
13925 26371
13926 53040
13927 53613
13928 38696
13929 28448
13930 27393
13931 19120
13932 28544
13933 58152
13934 20408
13935 51000
13936 53549
13937 26401
13938 26371
13939 54120
13940 2849
13941 19216
13942 60161
13943 52000
13944 58145
13945 54056
13946 60192
13947 49961
13948 49953
13949 19240
13950 2849
13951 54049
13952 55080
13953 58145
13954 55088
13955 20272
13956 27265
13957 63265
13958 63272
13959 18716
13960 51969
13961 19233
13962 59905
13963 293
13964 53613
13965 56104
13966 54060
13967 59905
13968 53025
13969 60161
13970 60353
13971 49485
13972 59905
13973 54048
13974 53040
13975 26387
13976 49961
13977 53040
13978 49968
13979 19232
13980 49952
13981 17185
13982 6988
13983 28448
13984 27425
13985 45932
13986 61185
13987 60161
13988 17184
13989 53605
13990 26370
13991 53613
13992 16748
13993 17185
13994 63264
13995 3888
13996 59905
13997 27137
13998 54056
13999 52001
14000 59177
14001 28576
14002 11041
14003 56072
14004 19248
14005 2341
14006 17184
14007 53168
14008 50504
14009 26385
14010 58144
14011 40748
14012 59905
14013 49960
14014 49952
14015 27552
14016 26401
14017 17185
14018 17192
14019 60193
14020 19201
14021 58145
14022 64033
14023 27488
14024 46888
14025 49512
14026 19241
14027 49953
14028 45869
14029 2849
14030 20844
14031 53040
14032 51969
14033 19240
14034 16653
14035 55084
14036 16741
14037 16732
14038 20272
14039 53541
14040 49517
14041 49921
14042 17152
14043 26386
14044 52000
14045 27281
14046 19232
14047 53613
14048 55096
14049 54057
14050 59153
14051 11169
14052 63272
14053 25385
14054 26440
14055 49928
14056 55072
14057 26368
14058 28544
14059 54048
14060 38700
14061 54064
14062 53613
14063 62252
14064 57121
14065 53040
14066 19232
14067 27137
14068 57129
14069 27137
14070 49485
14071 58145
14072 53048
14073 8992
14074 28416
14075 57132
14076 38444
14077 17153
14078 28163
14079 60353
14080 18216
14081 26371
14082 19209
14083 27393
14084 27139
14085 15180
14086 17185
14087 55080
14088 27425
14089 60033
14090 55084
14091 53048
14092 20272
14093 53032
14094 52009
14095 56872
14096 27552
14097 54048
14098 55080
14099 19233
14100 17192
14101 54048
14102 58113
14103 53544
14104 55096
14105 17224
14106 54840
14107 17185
14108 20400
14109 20256
14110 61281
14111 27424
14112 26378
14113 58145
14114 27139
14115 49953
14116 59232
14117 58152
14118 55084
14119 26368
14120 50977
14121 49953
14122 53613
14123 2849
14124 54060
14125 3873
14126 60161
14127 52001
14128 27425
14129 49961
14130 28433
14131 25376
14132 52008
14133 49920
14134 64129
14135 60192
14136 11169
14137 38444
14138 63272
14139 27137
14140 55080
14141 25376
14142 25345
14143 19248
14144 364
14145 53048
14146 25089
14147 55825
14148 11041
14149 25376
14150 52008
14151 58144
14152 55081
14153 19200
14154 27137
14155 62248
14156 53048
14157 19233
14158 31233
14159 19376
14160 54048
14161 30504
14162 27139
14163 59905
14164 53033
14165 57121
14166 19089
14167 19377
14168 58216
14169 11152
14170 27393
14171 53176
14172 25384
14173 57121
14174 56105
14175 28433
14176 55096
14177 19377
14178 20280
14179 11044
14180 53613
14181 51000
14182 53613
14183 46888
14184 28448
14185 59139
14186 58144
14187 19201
14188 59226
14189 18961
14190 25344
14191 25344
14192 55085
14193 20272
14194 58113
14195 54573
14196 63272
14197 49512
14198 60161
14199 53613
14200 45868
14201 27425
14202 20272
14203 58144
14204 60033
14205 60160
14206 6988
14207 38444
14208 57128
14209 20272
14210 54049
14211 58144
14212 27281
14213 19256
14214 57120
14215 27137
14216 54573
14217 27155
14218 53048
14219 20272
14220 18764
14221 49485
14222 51000
14223 19120
14224 58144
14225 54048
14226 25344
14227 27139
14228 6988
14229 26400
14230 19201
14231 49960
14232 58144
14233 18764
14234 49960
14235 27392
14236 60353
14237 60353
14238 16741
14239 20265
14240 19233
14241 53581
14242 16716
14243 55080
14244 58144
14245 11041
14246 27265
14247 27139
14248 26387
14249 49953
14250 28161
14251 55825
14252 38444
14253 27424
14254 54056
14255 27401
14256 10017
14257 64289
14258 62241
14259 54048
14260 11040
14261 58216
14262 17185
14263 28433
14264 26371
14265 16677
14266 49960
14267 56096
14268 60192
14269 54328
14270 18716
14271 40504
14272 19384
14273 49409
14274 13100
14275 49936
14276 25345
14277 49953
14278 58152
14279 28449
14280 26387
14281 25347
14282 59137
14283 52009
14284 20257
14285 17184
14286 26369
14287 20272
14288 52009
14289 45933
14290 52000
14291 2977
14292 45932
14293 58145
14294 58153
14295 49952
14296 28416
14297 8997
14298 27155
14299 50977
14300 58209
14301 49921
14302 60192
14303 26131
14304 13164
14305 49921
14306 17192
14307 26369
14308 57129
14309 56872
14310 58144
14311 27139
14312 54048
14313 28448
14314 19224
14315 27155
14316 2872
14317 25091
14318 25376
14319 49960
14320 56104
14321 49928
14322 25376
14323 27424
14324 45421
14325 58113
14326 62253
14327 27521
14328 27488
14329 59921
14330 17248
14331 27139
14332 46892
14333 2849
14334 27137
14335 19233
14336 62249
14337 27139
14338 27137
14339 49929
14340 55073
14341 55096
14342 53549
14343 62248
14344 58209
14345 59136
14346 49480
14347 63232
14348 26378
14349 27139
14350 59905
14351 26400
14352 20400
14353 64289
14354 25376
14355 26376
14356 59144
14357 49516
14358 55080
14359 2849
14360 53541
14361 59137
14362 49480
14363 49417
14364 60033
14365 27489
14366 57144
14367 2849
14368 49952
14369 16653
14370 19233
14371 52016
14372 26371
14373 49480
14374 58144
14375 28449
14376 20256
14377 40748
14378 25441
14379 27425
14380 17188
14381 52001
14382 19241
14383 58152
14384 54056
14385 25361
14386 2849
14387 50977
14388 55080
14389 45868
14390 58144
14391 19376
14392 2968
14393 53581
14394 40504
14395 17228
14396 13164
14397 27424
14398 3872
14399 60200
14400 52792
14401 49928
14402 54048
14403 27137
14404 28161
14405 19208
14406 49512
14407 62240
14408 54056
14409 52001
14410 49509
14411 25363
14412 55081
14413 55085
14414 38700
14415 63232
14416 58113
14417 58114
14418 54049
14419 49517
14420 19200
14421 54048
14422 27392
14423 51984
14424 45864
14425 2849
14426 53613
14427 60160
14428 53025
14429 16749
14430 2849
14431 54049
14432 25363
14433 25377
14434 25347
14435 56097
14436 19241
14437 51048
14438 8992
14439 54049
14440 60200
14441 25345
14442 28449
14443 11040
14444 49928
14445 51968
14446 27425
14447 59137
14448 27424
14449 17208
14450 50976
14451 28449
14452 45413
14453 63265
14454 60257
14455 25376
14456 58144
14457 59905
14458 63265
14459 2849
14460 2849
14461 27392
14462 61216
14463 59905
14464 63232
14465 62240
14466 16716
14467 49952
14468 54048
14469 56096
14470 26386
14471 19120
14472 53048
14473 26394
14474 18961
14475 11169
14476 27139
14477 19208
14478 17176
14479 49960
14480 59139
14481 16748
14482 19201
14483 2976
14484 57121
14485 28592
14486 27433
14487 58144
14488 55072
14489 27392
14490 61216
14491 59905
14492 2849
14493 11169
14494 27139
14495 28449
14496 2849
14497 52001
14498 17185
14499 25347
14500 49952
14501 3872
14502 62241
14503 49960
14504 20272
14505 53024
14506 25376
14507 53613
14508 26416
14509 11044
14510 59209
14511 53613
14512 61185
14513 49512
14514 56072
14515 49512
14516 54573
14517 17224
14518 55084
14519 50016
14520 27139
14521 53549
14522 27433
14523 49485
14524 26368
14525 49485
14526 53548
14527 62317
14528 27139
14529 54048
14530 54332
14531 15116
14532 53517
14533 61217
14534 26368
14535 26401
14536 55084
14537 58152
14538 62249
14539 53048
14540 25347
14541 26387
14542 58113
14543 51976
14544 49453
14545 62252
14546 60193
14547 26401
14548 45868
14549 55096
14550 54056
14551 16653
14552 49485
14553 53581
14554 53048
14555 19120
14556 49952
14557 27137
14558 13164
14559 26371
14560 62249
14561 58145
14562 54072
14563 19208
14564 54049
14565 50977
14566 53048
14567 26371
14568 51969
14569 55080
14570 49481
14571 49512
14572 18780
14573 17152
14574 27393
14575 13100
14576 53609
14577 27425
14578 55072
14579 53613
14580 26370
14581 27424
14582 17192
14583 17185
14584 17185
14585 17193
14586 55084
14587 16741
14588 8997
14589 27425
14590 54064
14591 16712
14592 61224
14593 16748
14594 50024
14595 26376
14596 27265
14597 27521
14598 59169
14599 58209
14600 2849
14601 63469
14602 58145
14603 61985
14604 26394
14605 3872
14606 20400
14607 52000
14608 55073
14609 17168
14610 26370
14611 54056
14612 26401
14613 55081
14614 18232
14615 19208
14616 11044
14617 49960
14618 38460
14619 59907
14620 38696
14621 60035
14622 63264
14623 16741
14624 18764
14625 19240
14626 19232
14627 58112
14628 27139
14629 49953
14630 49961
14631 55072
14632 53048
14633 28417
14634 27488
14635 49961
14636 26386
14637 11169
14638 11169
14639 53048
14640 27560
14641 56065
14642 17192
14643 54049
14644 54072
14645 18945
14646 25384
14647 58152
14648 56876
14649 55080
14650 27139
14651 25362
14652 27139
14653 60161
14654 45868
14655 58145
14656 16677
14657 58145
14658 27392
14659 49968
14660 11041
14661 3888
14662 59153
14663 16653
14664 58209
14665 3888
14666 20272
14667 49952
14668 16653
14669 28161
14670 2840
14671 49421
14672 49517
14673 55096
14674 18216
14675 55081
14676 9057
14677 58112
14678 40492
14679 56876
14680 52121
14681 27408
14682 38444
14683 27425
14684 28163
14685 18977
14686 26370
14687 27392
14688 53549
14689 25384
14690 49961
14691 55073
14692 27139
14693 62248
14694 11169
14695 27553
14696 293
14697 45868
14698 26378
14699 38700
14700 60033
14701 62316
14702 38696
14703 25448
14704 49413
14705 27137
14706 26370
14707 19201
14708 8993
14709 49921
14710 17152
14711 25360
14712 45868
14713 19233
14714 59905
14715 2849
14716 2849
14717 54844
14718 45421
14719 17184
14720 58144
14721 53612
14722 53040
14723 17161
14724 19344
14725 56104
14726 19233
14727 59905
14728 18780
14729 49953
14730 59905
14731 58153
14732 27424
14733 58144
14734 51000
14735 26368
14736 13164
14737 60200
14738 49517
14739 49960
14740 63273
14741 17168
14742 26371
14743 54056
14744 27392
14745 11105
14746 59137
14747 28449
14748 38444
14749 49509
14750 57129
14751 49421
14752 2849
14753 11104
14754 49936
14755 49517
14756 12064
14757 50977
14758 50016
14759 26401
14760 18216
14761 60161
14762 27425
14763 56065
14764 27169
14765 52009
14766 18963
14767 28449
14768 27425
14769 49953
14770 27432
14771 59137
14772 63272
14773 27393
14774 52001
14775 49409
14776 11169
14777 26370
14778 26369
14779 63232
14780 45421
14781 50977
14782 25441
14783 27139
14784 27433
14785 11168
14786 27392
14787 50992
14788 2977
14789 17185
14790 27489
14791 17192
14792 2849
14793 54060
14794 11104
14795 19332
14796 26368
14797 9057
14798 27424
14799 52016
14800 20812
14801 58113
14802 49516
14803 45868
14804 49960
14805 27139
14806 19233
14807 57696
14808 11169
14809 25352
14810 27155
14811 17157
14812 59137
14813 45421
14814 25377
14815 25353
14816 17248
14817 59168
14818 49952
14819 54057
14820 51976
14821 52000
14822 58144
14823 2849
14824 2849
14825 19233
14826 27139
14827 53048
14828 36408
14829 27425
14830 28417
14831 27425
14832 58144
14833 2976
14834 16712
14835 60161
14836 53613
14837 28448
14838 20272
14839 50985
14840 59136
14841 54120
14842 26377
14843 38460
14844 26371
14845 20844
14846 26369
14847 25376
14848 26401
14849 52009
14850 58113
14851 16717
14852 27137
14853 26400
14854 27392
14855 59169
14856 49517
14857 2849
14858 49480
14859 25384
14860 25345
14861 17188
14862 28448
14863 49481
14864 60033
14865 52001
14866 49485
14867 19376
14868 55096
14869 49961
14870 45932
14871 17192
14872 60160
14873 52000
14874 53040
14875 55084
14876 54573
14877 49953
14878 9061
14879 49512
14880 20280
14881 53613
14882 40504
14883 27425
14884 28560
14885 57128
14886 13164
14887 59905
14888 55081
14889 53613
14890 55081
14891 52016
14892 2977
14893 27425
14894 49952
14895 56888
14896 53613
14897 53613
14898 16716
14899 18232
14900 49480
14901 26369
14902 60353
14903 15212
14904 49920
14905 54832
14906 49921
14907 58145
14908 49960
14909 27392
14910 18797
14911 26370
14912 19232
14913 11044
14914 55073
14915 49953
14916 49517
14917 17184
14918 55073
14919 27424
14920 19240
14921 25376
14922 54049
14923 19200
14924 49953
14925 54573
14926 49952
14927 62248
14928 17184
14929 27393
14930 51976
14931 62312
14932 49480
14933 27552
14934 4972
14935 49517
14936 49960
14937 45421
14938 56096
14939 45869
14940 52000
14941 61217
14942 27488
14943 45932
14944 54057
14945 27553
14946 27139
14947 60161
14948 49953
14949 25376
14950 17153
14951 59137
14952 26371
14953 11105
14954 62252
14955 58145
14956 55080
14957 19232
14958 26401
14959 58120
14960 54048
14961 19233
14962 20400
14963 50016
14964 54049
14965 53605
14966 27155
14967 12065
14968 51984
14969 58115
14970 19256
14971 25344
14972 19364
14973 52000
14974 20812
14975 11044
14976 12065
14977 27425
14978 2849
14979 27393
14980 27424
14981 19232
14982 62248
14983 19232
14984 56876
14985 59233
14986 19232
14987 58115
14988 16748
14989 28592
14990 26115
14991 19233
14992 18961
14993 27139
14994 19364
14995 61985
14996 18977
14997 27139
14998 26394
14999 17248
15000 49921
15001 3888
15002 27488
15003 58145
15004 52000
15005 60192
15006 55073
15007 19120
15008 25377
15009 51984
15010 27424
15011 59176
15012 20400
15013 20280
15014 2976
15015 59169
15016 49960
15017 49953
15018 26387
15019 58120
15020 28161
15021 63272
15022 53032
15023 49952
15024 49952
15025 54048
15026 26376
15027 26386
15028 59137
15029 27139
15030 28448
15031 26401
15032 27139
15033 17152
15034 28576
15035 26369
15036 27425
15037 59905
15038 53612
15039 45868
15040 27392
15041 15116
15042 55080
15043 27155
15044 53048
15045 59136
15046 45868
15047 26369
15048 60033
15049 54049
15050 15180
15051 17188
15052 11137
15053 53548
15054 26387
15055 19200
15056 17152
15057 28449
15058 60353
15059 20812
15060 56888
15061 60161
15062 50984
15063 56872
15064 58145
15065 20400
15066 9057
15067 26384
15068 57128
15069 19256
15070 57144
15071 49516
15072 25384
15073 49481
15074 11168
15075 53048
15076 55081
15077 27137
15078 25376
15079 16748
15080 2872
15081 54605
15082 52001
15083 58144
15084 60033
15085 16716
15086 64289
15087 53048
15088 52008
15089 26131
15090 60192
15091 27432
15092 49485
15093 18209
15094 13164
15095 56888
15096 49505
15097 2849
15098 19332
15099 28449
15100 19121
15101 51992
15102 18208
15103 2849
15104 53549
15105 12064
15106 27155
15107 45933
15108 56105
15109 49928
15110 19384
15111 17184
15112 45868
15113 26369
15114 52121
15115 5473
15116 26370
15117 57129
15118 28576
15119 25376
15120 27521
15121 19089
15122 62248
15123 52009
15124 63273
15125 58112
15126 27425
15127 49485
15128 58153
15129 28417
15130 58152
15131 27520
15132 52001
15133 11169
15134 17224
15135 50985
15136 17224
15137 25376
15138 59137
15139 27139
15140 4460
15141 59137
15142 49952
15143 61985
15144 27393
15145 12065
15146 25089
15147 19200
15148 60257
15149 52000
15150 19232
15151 60160
15152 27137
15153 53025
15154 26384
15155 26131
15156 27137
15157 17152
15158 27139
15159 27521
15160 52000
15161 19240
15162 19233
15163 58113
15164 18764
15165 2968
15166 27169
15167 27137
15168 2849
15169 54828
15170 26387
15171 53048
15172 45868
15173 56097
15174 16716
15175 25440
15176 2412
15177 27137
15178 17153
15179 60160
15180 25345
15181 26371
15182 2465
15183 19376
15184 52000
15185 40748
15186 27139
15187 49952
15188 59905
15189 26376
15190 59905
15191 27137
15192 54049
15193 27139
15194 58144
15195 51000
15196 56097
15197 2524
15198 27281
15199 25376
15200 57132
15201 58152
15202 27393
15203 18780
15204 27265
15205 27560
15206 51968
15207 16716
15208 55073
15209 2977
15210 61985
15211 25344
15212 64033
15213 49960
15214 17193
15215 54064
15216 60161
15217 63336
15218 26408
15219 19224
15220 56096
15221 53609
15222 63272
15223 49480
15224 63265
15225 49952
15226 59153
15227 52000
15228 47916
15229 27393
15230 54056
15231 59905
15232 26368
15233 58113
15234 55084
15235 64289
15236 27137
15237 16741
15238 11041
15239 56096
15240 27392
15241 55081
15242 54573
15243 53613
15244 26369
15245 17185
15246 45925
15247 27424
15248 27424
15249 27392
15250 38444
15251 54605
15252 28163
15253 17185
15254 45869
15255 51000
15256 56888
15257 54060
15258 17185
15259 17184
15260 27424
15261 11168
15262 55096
15263 28416
15264 19232
15265 53613
15266 53613
15267 49513
15268 40504
15269 19208
15270 47916
15271 63336
15272 2968
15273 61224
15274 27424
15275 58153
15276 2848
15277 59905
15278 59137
15279 53609
15280 46892
15281 53048
15282 49505
15283 17185
15284 19232
15285 58144
15286 17189
15287 27139
15288 45925
15289 55084
15290 27393
15291 49952
15292 25377
15293 49960
15294 27137
15295 53613
15296 25345
15297 59144
15298 45932
15299 49517
15300 53609
15301 19240
15302 55096
15303 64289
15304 17189
15305 19352
15306 27137
15307 19376
15308 27139
15309 57129
15310 49952
15311 27489
15312 63264
15313 26400
15314 27395
15315 357
15316 28433
15317 19360
15318 58113
15319 62241
15320 50976
15321 3872
15322 16741
15323 28449
15324 59905
15325 63272
15326 54056
15327 20264
15328 27424
15329 27393
15330 54056
15331 57144
15332 3873
15333 12069
15334 49960
15335 17184
15336 56105
15337 59226
15338 59137
15339 19209
15340 58145
15341 17152
15342 26408
15343 27155
15344 61216
15345 20256
15346 25362
15347 36656
15348 54120
15349 19201
15350 19332
15351 25345
15352 55841
15353 59905
15354 19200
15355 27153
15356 53613
15357 63265
15358 60193
15359 25107
15360 36656
15361 17184
15362 16748
15363 59240
15364 27139
15365 27425
15366 46892
15367 51976
15368 16716
15369 50016
15370 59233
15371 60193
15372 49952
15373 49928
15374 27488
15375 58145
15376 52008
15377 27393
15378 27393
15379 59144
15380 25376
15381 17185
15382 53609
15383 60033
15384 26464
15385 54064
15386 19376
15387 27392
15388 45869
15389 45933
15390 19376
15391 27137
15392 49517
15393 28161
15394 54056
15395 19201
15396 18764
15397 28416
15398 58145
15399 51968
15400 2976
15401 50977
15402 54048
15403 46892
15404 25440
15405 49921
15406 19240
15407 19240
15408 59136
15409 26433
15410 58145
15411 27424
15412 51016
15413 58145
15414 17152
15415 16716
15416 27155
15417 26368
15418 62312
15419 61185
15420 54056
15421 59905
15422 26370
15423 27155
15424 59137
15425 19232
15426 55081
15427 28592
15428 53613
15429 15116
15430 28449
15431 59169
15432 2872
15433 20280
15434 17185
15435 45868
15436 51016
15437 49944
15438 49512
15439 57120
15440 26370
15441 15180
15442 27392
15443 27392
15444 28448
15445 54844
15446 27153
15447 40504
15448 58144
15449 55072
15450 53613
15451 17176
15452 19216
15453 54057
15454 15212
15455 54049
15456 54056
15457 50016
15458 50985
15459 17168
15460 19248
15461 26368
15462 2849
15463 28448
15464 2977
15465 17184
15466 20256
15467 25376
15468 53581
15469 28592
15470 56872
15471 49505
15472 52008
15473 16741
15474 49952
15475 58217
15476 17184
15477 54048
15478 49960
15479 25377
15480 58113
15481 53541
15482 26401
15483 27139
15484 19217
15485 27139
15486 3873
15487 45869
15488 63336
15489 45868
15490 50985
15491 53613
15492 63272
15493 25377
15494 53024
15495 61224
15496 27432
15497 26392
15498 54056
15499 20837
15500 53548
15501 19233
15502 27393
15503 53025
15504 11105
15505 27139
15506 60257
15507 18977
15508 17184
15509 27139
15510 59176
15511 27137
15512 17152
15513 54120
15514 25344
15515 10017
15516 53024
15517 50977
15518 17193
15519 60035
15520 38444
15521 55080
15522 51000
15523 27392
15524 51968
15525 58144
15526 63265
15527 27137
15528 19232
15529 56888
15530 26371
15531 54048
15532 19121
15533 59169
15534 56888
15535 27488
15536 56072
15537 19384
15538 49517
15539 27139
15540 27433
15541 53040
15542 27139
15543 17152
15544 57128
15545 26387
15546 27139
15547 20257
15548 62312
15549 27139
15550 45868
15551 54120
15552 58144
15553 20280
15554 61217
15555 27169
15556 62241
15557 19376
15558 49952
15559 52000
15560 38700
15561 2976
15562 49485
15563 58144
15564 54568
15565 49953
15566 12064
15567 55073
15568 49953
15569 49960
15570 17160
15571 26371
15572 58144
15573 49944
15574 56105
15575 58145
15576 54056
15577 17184
15578 49953
15579 19332
15580 58113
15581 27425
15582 53613
15583 54120
15584 27139
15585 58144
15586 19208
15587 50977
15588 17184
15589 53613
15590 27155
15591 293
15592 26384
15593 27155
15594 53613
15595 17208
15596 19201
15597 59169
15598 16716
15599 27137
15600 28433
15601 45928
15602 54056
15603 49517
15604 64289
15605 17200
15606 54056
15607 49485
15608 27137
15609 55080
15610 16741
15611 53581
15612 53613
15613 26384
15614 55080
15615 57121
15616 26378
15617 15148
15618 8993
15619 26400
15620 54572
15621 58112
15622 26369
15623 49952
15624 49517
15625 26400
15626 49517
15627 40508
15628 53613
15629 61224
15630 53581
15631 25360
15632 17184
15633 58113
15634 27401
15635 19240
15636 62312
15637 55084
15638 6988
15639 26368
15640 51969
15641 60200
15642 59136
15643 28464
15644 54049
15645 56072
15646 58145
15647 58144
15648 54057
15649 19364
15650 20272
15651 38700
15652 28592
15653 51968
15654 64129
15655 54057
15656 13164
15657 26387
15658 52000
15659 45932
15660 54832
15661 18797
15662 53048
15663 19352
15664 25377
15665 25107
15666 55841
15667 8993
15668 63265
15669 53613
15670 19248
15671 51016
15672 27392
15673 49976
15674 16716
15675 55080
15676 52792
15677 25344
15678 27411
15679 52000
15680 19240
15681 25376
15682 25377
15683 58144
15684 19233
15685 59169
15686 2849
15687 25377
15688 49413
15689 55073
15690 17192
15691 27155
15692 26392
15693 27139
15694 59139
15695 27139
15696 16749
15697 16741
15698 49953
15699 11105
15700 58152
15701 2412
15702 20280
15703 18721
15704 26401
15705 27536
15706 54049
15707 2849
15708 26371
15709 61216
15710 2977
15711 59905
15712 19217
15713 17193
15714 27137
15715 54057
15716 49953
15717 27553
15718 49512
15719 19377
15720 18185
15721 2401
15722 58208
15723 60193
15724 25376
15725 49512
15726 49929
15727 59169
15728 27424
15729 63272
15730 27393
15731 60161
15732 40504
15733 56888
15734 51048
15735 20272
15736 57697
15737 45868
15738 27425
15739 53040
15740 27155
15741 18700
15742 27137
15743 4460
15744 58144
15745 58144
15746 58152
15747 52016
15748 27425
15749 17192
15750 53613
15751 61217
15752 25384
15753 55096
15754 27155
15755 11041
15756 58113
15757 19377
15758 27432
15759 53548
15760 16712
15761 59233
15762 58145
15763 58112
15764 54064
15765 3873
15766 59139
15767 59905
15768 19241
15769 58152
15770 28417
15771 2977
15772 18209
15773 54060
15774 62249
15775 25107
15776 50976
15777 40504
15778 53613
15779 27425
15780 49960
15781 16712
15782 49512
15783 54049
15784 27139
15785 54057
15786 53025
15787 17184
15788 28592
15789 54828
15790 49968
15791 27425
15792 54057
15793 17160
15794 2849
15795 54048
15796 52001
15797 56105
15798 49953
15799 26387
15800 27424
15801 11105
15802 27137
15803 25377
15804 27393
15805 54057
15806 55080
15807 27137
15808 17168
15809 3872
15810 60049
15811 9061
15812 49512
15813 57697
15814 19233
15815 17208
15816 63272
15817 59137
15818 45925
15819 49517
15820 49481
15821 54048
15822 60289
15823 17184
15824 18716
15825 17185
15826 27424
15827 54832
15828 49928
15829 54048
15830 26369
15831 51000
15832 63264
15833 53613
15834 2849
15835 53613
15836 49485
15837 58145
15838 59137
15839 2849
15840 27137
15841 53548
15842 52016
15843 28576
15844 26408
15845 13164
15846 27425
15847 60097
15848 52016
15849 53613
15850 47916
15851 52009
15852 25363
15853 20272
15854 11045
15855 28448
15856 55080
15857 51000
15858 53025
15859 28448
15860 25384
15861 53612
15862 55096
15863 19364
15864 13164
15865 56104
15866 27155
15867 60161
15868 17208
15869 53025
15870 28464
15871 63272
15872 2849
15873 25345
15874 59137
15875 17185
15876 26370
15877 17208
15878 18764
15879 62252
15880 38460
15881 16741
15882 49953
15883 1825
15884 49952
15885 28449
15886 58144
15887 27393
15888 58144
15889 1825
15890 2849
15891 25441
15892 20845
15893 46888
15894 2849
15895 52009
15896 12069
15897 55841
15898 20257
15899 11040
15900 2341
15901 54632
15902 19201
15903 58144
15904 52912
15905 54057
15906 26386
15907 2849
15908 27137
15909 54824
15910 18963
15911 58145
15912 52024
15913 60289
15914 17184
15915 18700
15916 2849
15917 49485
15918 52000
15919 52000
15920 58120
15921 58113
15922 63232
15923 58144
15924 50504
15925 55081
15926 17200
15927 57697
15928 11169
15929 11169
15930 58144
15931 26432
15932 63276
15933 60289
15934 54049
15935 52000
15936 3872
15937 27139
15938 54048
15939 18216
15940 58152
15941 38701
15942 25376
15943 25352
15944 25107
15945 52000
15946 27425
15947 27137
15948 49952
15949 25376
15950 54056
15951 11041
15952 19240
15953 59905
15954 3872
15955 27536
15956 16652
15957 54048
15958 20264
15959 62240
15960 26384
15961 2849
15962 54048
15963 27155
15964 49517
15965 55841
15966 28163
15967 51016
15968 55081
15969 49944
15970 26376
15971 54056
15972 11169
15973 38460
15974 25377
15975 26370
15976 61185
15977 19233
15978 53048
15979 27552
15980 18945
15981 60200
15982 62240
15983 56872
15984 60200
15985 57128
15986 53040
15987 27393
15988 55080
15989 59169
15990 27139
15991 55088
15992 59169
15993 53040
15994 54024
15995 56065
15996 19217
15997 10017
15998 46888
15999 56872
16000 28592
16001 19200
16002 49961
16003 2849
16004 45868
16005 58144
16006 11045
16007 26369
16008 27537
16009 2849
16010 59201
16011 58120
16012 28449
16013 58145
16014 27139
16015 49453
16016 16717
16017 55073
16018 59136
16019 54048
16020 2849
16021 53608
16022 45868
16023 25089
16024 27560
16025 64289
16026 49473
16027 49485
16028 36408
16029 16716
16030 54049
16031 18184
16032 54568
16033 49920
16034 53549
16035 61217
16036 20272
16037 16716
16038 54632
16039 38444
16040 49936
16041 49481
16042 60161
16043 60353
16044 20280
16045 51017
16046 52024
16047 26386
16048 62248
16049 62252
16050 53549
16051 20272
16052 17184
16053 49421
16054 49921
16055 20272
16056 27139
16057 49976
16058 25385
16059 25344
16060 45932
16061 49921
16062 27411
16063 40504
16064 27139
16065 27424
16066 27393
16067 26424
16068 49485
16069 25345
16070 27424
16071 55084
16072 19248
16073 26400
16074 29548
16075 49952
16076 52001
16077 59169
16078 62241
16079 17185
16080 19233
16081 58216
16082 27137
16083 53176
16084 53613
16085 27392
16086 19201
16087 19232
16088 29548
16089 53613
16090 49517
16091 51000
16092 49960
16093 54056
16094 26464
16095 19332
16096 49481
16097 2977
16098 53048
16099 52001
16100 19232
16101 19216
16102 61185
16103 2992
16104 49952
16105 49953
16106 2977
16107 50977
16108 26371
16109 16748
16110 54589
16111 58145
16112 49953
16113 19089
16114 59209
16115 2849
16116 59176
16117 25440
16118 27393
16119 60163
16120 51017
16121 52000
16122 16749
16123 25345
16124 26401
16125 27137
16126 19201
16127 49952
16128 49480
16129 26371
16130 2977
16131 19224
16132 59169
16133 20408
16134 55084
16135 27552
16136 60193
16137 27137
16138 27424
16139 59168
16140 54057
16141 49929
16142 25385
16143 2849
16144 25377
16145 16677
16146 53048
16147 51992
16148 52001
16149 60192
16150 19209
16151 53048
16152 49517
16153 28592
16154 17176
16155 28161
16156 27155
16157 3872
16158 3872
16159 52009
16160 49976
16161 28161
16162 27393
16163 57120
16164 2849
16165 25376
16166 27393
16167 25363
16168 54632
16169 2849
16170 28163
16171 49953
16172 54056
16173 19233
16174 19232
16175 54057
16176 25107
16177 19233
16178 17185
16179 59137
16180 53613
16181 19233
16182 52009
16183 53544
16184 18764
16185 26131
16186 28163
16187 54048
16188 55073
16189 64001
16190 58145
16191 18947
16192 49509
16193 20144
16194 27137
16195 52001
16196 26369
16197 27424
16198 25107
16199 53048
16200 62241
16201 54060
16202 53548
16203 49953
16204 26432
16205 58144
16206 19233
16207 2840
16208 19200
16209 26368
16210 25376
16211 49413
16212 52920
16213 53613
16214 55096
16215 25377
16216 27432
16217 26371
16218 20844
16219 59233
16220 53548
16221 49929
16222 58144
16223 58208
16224 60192
16225 59905
16226 59137
16227 45932
16228 27137
16229 49485
16230 11169
16231 49485
16232 19200
16233 18700
16234 28416
16235 54056
16236 20265
16237 9061
16238 63273
16239 27393
16240 53517
16241 59209
16242 49961
16243 26392
16244 55084
16245 25089
16246 10017
16247 2992
16248 38444
16249 60192
16250 2976
16251 27139
16252 27139
16253 26371
16254 27393
16255 20280
16256 11169
16257 28416
16258 18209
16259 19201
16260 17160
16261 59905
16262 53517
16263 57128
16264 40508
16265 57144
16266 17192
16267 11109
16268 60161
16269 53608
16270 54056
16271 27392
16272 19332
16273 59907
16274 26368
16275 13164
16276 25344
16277 54048
16278 26115
16279 58208
16280 28449
16281 58208
16282 59137
16283 56097
16284 54056
16285 19233
16286 2968
16287 53613
16288 16741
16289 19232
16290 20257
16291 16749
16292 63265
16293 58145
16294 27424
16295 2849
16296 25408
16297 18797
16298 49952
16299 25376
16300 17152
16301 54049
16302 27137
16303 2849
16304 26369
16305 11041
16306 60257
16307 58209
16308 19233
16309 3873
16310 49953
16311 18977
16312 26369
16313 54120
16314 11169
16315 5473
16316 49944
16317 51976
16318 27425
16319 27155
16320 54056
16321 26369
16322 54048
16323 26376
16324 52001
16325 26369
16326 49517
16327 58144
16328 53613
16329 2849
16330 27139
16331 27393
16332 54328
16333 49929
16334 49409
16335 27432
16336 49473
16337 25352
16338 49960
16339 26377
16340 16732
16341 59905
16342 26115
16343 3873
16344 11169
16345 20844
16346 49512
16347 19364
16348 60033
16349 11169
16350 60929
16351 10017
16352 58145
16353 17184
16354 20264
16355 17208
16356 59200
16357 53048
16358 2848
16359 19240
16360 54120
16361 25377
16362 59921
16363 60160
16364 3872
16365 26369
16366 49952
16367 49509
16368 19233
16369 27393
16370 54072
16371 58113
16372 49953
16373 59907
16374 27424
16375 19200
16376 54120
16377 28592
16378 27425
16379 19233
16380 27139
16381 53613
16382 12065
16383 49960
16384 25448
16385 53581
16386 27139
16387 16748
16388 58144
16389 2849
16390 49646
16391 16716
16392 11169
16393 60033
16394 27139
16395 3873
16396 2849
16397 55080
16398 52000
16399 60033
16400 49952
16401 60200
16402 60160
16403 40744
16404 17185
16405 26368
16406 17184
16407 38460
16408 18184
16409 60192
16410 11041
16411 2848
16412 55096
16413 60033
16414 17192
16415 49509
16416 27155
16417 56072
16418 27155
16419 27137
16420 11041
16421 19240
16422 19233
16423 28163
16424 18797
16425 27137
16426 25377
16427 27169
16428 27155
16429 54056
16430 49413
16431 2849
16432 45928
16433 55084
16434 26387
16435 60033
16436 51017
16437 49960
16438 17184
16439 59168
16440 26369
16441 54828
16442 49517
16443 26369
16444 38696
16445 55084
16446 53581
16447 19208
16448 45868
16449 38700
16450 18961
16451 56105
16452 27137
16453 52000
16454 49480
16455 49485
16456 59153
16457 27139
16458 27139
16459 52008
16460 49480
16461 2992
16462 20400
16463 54049
16464 28417
16465 54049
16466 52008
16467 62312
16468 59905
16469 49512
16470 27425
16471 27488
16472 17184
16473 26369
16474 49480
16475 28448
16476 63232
16477 55080
16478 26371
16479 27155
16480 46888
16481 25345
16482 19232
16483 18184
16484 59169
16485 17161
16486 27424
16487 57128
16488 27424
16489 16741
16490 59137
16491 55080
16492 26371
16493 54048
16494 49512
16495 58145
16496 53048
16497 54056
16498 58152
16499 51016
16500 27139
16501 17185
16502 27137
16503 53048
16504 54573
16505 18797
16506 64289
16507 28448
16508 9057
16509 26465
16510 61985
16511 61985
16512 49952
16513 63264
16514 27425
16515 11169
16516 17153
16517 53613
16518 2849
16519 50977
16520 58145
16521 26369
16522 53168
16523 62248
16524 26385
16525 56881
16526 25376
16527 49953
16528 26394
16529 12069
16530 53040
16531 17184
16532 63264
16533 19240
16534 27536
16535 26368
16536 56065
16537 27265
16538 45864
16539 25376
16540 49952
16541 49517
16542 18209
16543 18977
16544 49517
16545 49928
16546 49485
16547 25376
16548 51017
16549 26371
16550 58208
16551 2849
16552 26408
16553 49513
16554 17193
16555 59907
16556 59176
16557 59137
16558 19233
16559 25361
16560 49929
16561 19233
16562 53040
16563 54568
16564 19200
16565 25385
16566 49473
16567 59905
16568 27139
16569 59139
16570 59209
16571 58217
16572 27425
16573 11040
16574 11169
16575 26370
16576 18764
16577 53613
16578 40744
16579 18209
16580 17193
16581 64289
16582 56072
16583 59169
16584 54056
16585 17185
16586 52009
16587 55073
16588 27155
16589 17193
16590 3872
16591 26371
16592 17188
16593 59905
16594 54056
16595 17185
16596 50984
16597 58144
16598 51000
16599 55080
16600 27139
16601 16716
16602 19233
16603 53048
16604 55080
16605 20837
16606 49953
16607 25345
16608 26371
16609 20256
16610 2976
16611 19233
16612 59139
16613 53176
16614 28449
16615 2976
16616 19233
16617 50976
16618 20272
16619 40744
16620 25347
16621 27139
16622 26115
16623 63273
16624 59905
16625 58113
16626 19232
16627 26432
16628 28163
16629 2412
16630 11169
16631 49960
16632 28448
16633 49505
16634 27139
16635 63264
16636 27393
16637 46892
16638 64033
16639 45868
16640 19233
16641 27425
16642 27139
16643 53040
16644 28448
16645 19233
16646 49953
16647 27392
16648 17185
16649 26371
16650 19233
16651 45864
16652 19232
16653 52009
16654 60192
16655 40504
16656 19233
16657 17184
16658 28576
16659 25441
16660 53040
16661 52000
16662 27155
16663 26387
16664 52008
16665 49953
16666 58112
16667 26465
16668 58144
16669 20256
16670 27425
16671 49921
16672 17188
16673 8997
16674 19232
16675 58112
16676 25107
16677 26115
16678 27155
16679 49952
16680 62253
16681 38696
16682 54048
16683 49421
16684 58208
16685 58113
16686 63288
16687 18945
16688 63272
16689 60193
16690 26408
16691 46892
16692 26465
16693 19361
16694 57132
16695 49477
16696 55084
16697 25448
16698 26371
16699 19240
16700 17185
16701 8992
16702 26368
16703 26392
16704 28576
16705 26408
16706 26370
16707 49480
16708 25384
16709 19233
16710 26386
16711 2977
16712 55084
16713 49512
16714 53048
16715 25376
16716 27139
16717 28448
16718 27424
16719 58113
16720 27137
16721 15212
16722 49512
16723 19233
16724 60353
16725 58144
16726 17160
16727 13100
16728 50984
16729 49480
16730 53048
16731 27155
16732 25344
16733 63265
16734 20408
16735 50016
16736 55096
16737 59168
16738 64289
16739 13164
16740 53032
16741 53612
16742 54024
16743 16716
16744 16749
16745 25377
16746 17192
16747 26386
16748 53032
16749 27392
16750 25385
16751 12065
16752 38444
16753 20272
16754 50016
16755 62248
16756 12065
16757 13164
16758 53048
16759 49516
16760 50976
16761 12064
16762 25352
16763 56104
16764 49517
16765 58145
16766 62249
16767 55072
16768 26408
16769 60160
16770 3873
16771 59905
16772 19200
16773 58145
16774 62241
16775 27488
16776 52000
16777 28464
16778 25376
16779 63272
16780 26370
16781 61217
16782 38444
16783 18961
16784 2849
16785 59232
16786 49505
16787 58113
16788 2977
16789 27537
16790 58145
16791 52008
16792 59169
16793 18963
16794 27425
16795 54048
16796 26384
16797 2849
16798 53613
16799 27393
16800 17161
16801 26369
16802 17248
16803 59209
16804 58112
16805 50504
16806 28576
16807 26371
16808 27425
16809 49952
16810 59177
16811 60161
16812 58144
16813 17248
16814 28464
16815 26369
16816 2849
16817 25376
16818 20400
16819 19200
16820 49953
16821 49517
16822 16717
16823 27393
16824 58152
16825 2849
16826 38444
16827 53613
16828 11137
16829 49928
16830 2849
16831 58208
16832 61216
16833 49960
16834 36656
16835 16732
16836 57132
16837 54024
16838 27155
16839 16716
16840 55088
16841 53048
16842 18764
16843 49952
16844 16712
16845 20845
16846 50016
16847 2412
16848 38444
16849 27139
16850 25376
16851 19377
16852 25440
16853 19232
16854 19376
16855 27520
16856 54056
16857 17153
16858 27137
16859 27392
16860 58145
16861 49421
16862 58113
16863 59905
16864 28560
16865 59905
16866 27137
16867 55072
16868 59232
16869 28161
16870 54048
16871 59168
16872 25441
16873 27139
16874 49953
16875 53613
16876 46636
16877 56888
16878 27424
16879 17160
16880 2400
16881 57697
16882 19377
16883 49960
16884 2849
16885 25376
16886 59169
16887 19224
16888 53040
16889 49961
16890 49484
16891 19232
16892 19233
16893 28592
16894 16717
16895 28417
16896 52000
16897 364
16898 54120
16899 27137
16900 62240
16901 27153
16902 52008
16903 16716
16904 25344
16905 17160
16906 27489
16907 25344
16908 49409
16909 25377
16910 54056
16911 27137
16912 61985
16913 11173
16914 60033
16915 28161
16916 50024
16917 17184
16918 17176
16919 27424
16920 61224
16921 27139
16922 25440
16923 59240
16924 16716
16925 59137
16926 49517
16927 49960
16928 26394
16929 49944
16930 55084
16931 49953
16932 58216
16933 55084
16934 58144
16935 46892
16936 27139
16937 53549
16938 26369
16939 26376
16940 55073
16941 27137
16942 49960
16943 60353
16944 52792
16945 51017
16946 27139
16947 25377
16948 26369
16949 54049
16950 49953
16951 2849
16952 53613
16953 49505
16954 26371
16955 27265
16956 28448
16957 54048
16958 19256
16959 27155
16960 17185
16961 27139
16962 16645
16963 27401
16964 59905
16965 54056
16966 25377
16967 19201
16968 26387
16969 19248
16970 55841
16971 55096
16972 25089
16973 47916
16974 49485
16975 53048
16976 54048
16977 16741
16978 52792
16979 2976
16980 28449
16981 25363
16982 19232
16983 49944
16984 28161
16985 25091
16986 45413
16987 27424
16988 17189
16989 9057
16990 25376
16991 54064
16992 19332
16993 2849
16994 62240
16995 63272
16996 25441
16997 2341
16998 53024
16999 59905
17000 54048
17001 49953
17002 19384
17003 58144
17004 55073
17005 62312
17006 54049
17007 16716
17008 60193
17009 20265
17010 15148
17011 19208
17012 16677
17013 25376
17014 16741
17015 2848
17016 26370
17017 45868
17018 25376
17019 53613
17020 27265
17021 18209
17022 26400
17023 59169
17024 19233
17025 49936
17026 52001
17027 26400
17028 53025
17029 27155
17030 26387
17031 26368
17032 18977
17033 59144
17034 16677
17035 59137
17036 26441
17037 59209
17038 58113
17039 27139
17040 11169
17041 27553
17042 52001
17043 58144
17044 49485
17045 26115
17046 18780
17047 50504
17048 49481
17049 19241
17050 27424
17051 54072
17052 18797
17053 18185
17054 26369
17055 26376
17056 18961
17057 26369
17058 27155
17059 52008
17060 11169
17061 53048
17062 62304
17063 19233
17064 60192
17065 54057
17066 25377
17067 11041
17068 25376
17069 51000
17070 27393
17071 49952
17072 50016
17073 49453
17074 52000
17075 58144
17076 56888
17077 49952
17078 17188
17079 26369
17080 25363
17081 27489
17082 20844
17083 25448
17084 19232
17085 25377
17086 45932
17087 20845
17088 8992
17089 2849
17090 45933
17091 27425
17092 49413
17093 16645
17094 18716
17095 49953
17096 27139
17097 49960
17098 27393
17099 18947
17100 54828
17101 49936
17102 11105
17103 49953
17104 27432
17105 27425
17106 11041
17107 19232
17108 49517
17109 54049
17110 16732
17111 27393
17112 58144
17113 40744
17114 27392
17115 27425
17116 59905
17117 27139
17118 25377
17119 54060
17120 58113
17121 28449
17122 49952
17123 45933
17124 25384
17125 19233
17126 58113
17127 49960
17128 27392
17129 52792
17130 20400
17131 27139
17132 55073
17133 59905
17134 45413
17135 11169
17136 58144
17137 49936
17138 26369
17139 2401
17140 54072
17141 26401
17142 8997
17143 27265
17144 28433
17145 49517
17146 53544
17147 18947
17148 364
17149 27137
17150 19089
17151 16716
17152 64033
17153 19201
17154 59905
17155 54056
17156 18947
17157 27425
17158 25091
17159 49952
17160 25377
17161 28163
17162 2401
17163 53608
17164 27392
17165 58144
17166 26386
17167 49421
17168 59168
17169 55084
17170 49485
17171 53168
17172 63272
17173 49481
17174 55084
17175 49952
17176 45932
17177 17228
17178 63264
17179 17189
17180 19233
17181 27139
17182 62241
17183 26392
17184 59233
17185 54048
17186 49485
17187 60353
17188 12064
17189 56096
17190 11041
17191 51000
17192 49952
17193 27139
17194 55096
17195 58153
17196 53581
17197 51016
17198 53581
17199 27393
17200 26401
17201 59905
17202 2856
17203 63273
17204 27137
17205 25362
17206 58112
17207 28161
17208 49968
17209 27139
17210 27137
17211 28448
17212 45932
17213 19248
17214 25363
17215 19248
17216 49481
17217 40504
17218 52001
17219 51969
17220 55084
17221 25360
17222 18963
17223 18209
17224 26378
17225 19233
17226 38444
17227 18208
17228 2977
17229 38460
17230 28417
17231 63273
17232 13100
17233 49952
17234 59232
17235 17192
17236 53048
17237 49952
17238 19233
17239 53048
17240 51000
17241 62248
17242 53040
17243 18764
17244 25384
17245 17184
17246 54844
17247 16741
17248 28449
17249 58152
17250 63272
17251 19232
17252 28592
17253 58144
17254 16652
17255 49953
17256 27393
17257 25344
17258 52016
17259 52000
17260 16748
17261 19377
17262 16716
17263 54049
17264 25384
17265 26370
17266 45868
17267 26387
17268 27155
17269 59137
17270 57696
17271 58144
17272 25345
17273 25376
17274 60161
17275 17153
17276 27393
17277 62241
17278 18716
17279 17160
17280 49485
17281 49921
17282 27169
17283 52912
17284 64001
17285 27137
17286 54056
17287 49453
17288 19361
17289 27425
17290 61216
17291 54049
17292 49485
17293 56888
17294 52008
17295 26401
17296 55096
17297 62240
17298 26368
17299 56888
17300 49517
17301 27169
17302 16645
17303 26376
17304 59232
17305 49953
17306 63272
17307 27137
17308 49961
17309 18184
17310 58208
17311 26433
17312 27169
17313 49953
17314 56097
17315 28417
17316 16716
17317 2524
17318 40504
17319 49516
17320 58152
17321 59169
17322 25376
17323 52001
17324 58112
17325 25376
17326 27137
17327 54840
17328 11168
17329 27137
17330 17160
17331 27139
17332 16748
17333 61216
17334 54049
17335 26387
17336 53581
17337 58145
17338 17184
17339 20845
17340 27411
17341 49953
17342 27425
17343 25347
17344 12065
17345 3873
17346 19232
17347 58112
17348 2849
17349 27425
17350 60193
17351 27137
17352 55072
17353 58144
17354 49952
17355 20280
17356 49952
17357 59905
17358 25107
17359 27425
17360 16716
17361 55072
17362 55096
17363 2977
17364 50024
17365 49953
17366 56096
17367 25376
17368 49968
17369 52008
17370 27425
17371 56104
17372 52009
17373 38456
17374 20844
17375 50977
17376 26387
17377 50977
17378 18716
17379 19240
17380 19240
17381 27139
17382 19232
17383 25384
17384 27425
17385 20400
17386 26371
17387 27139
17388 49952
17389 26387
17390 49952
17391 27137
17392 28449
17393 49928
17394 59169
17395 19377
17396 49409
17397 3873
17398 49409
17399 59177
17400 16652
17401 27425
17402 19089
17403 56096
17404 54828
17405 60192
17406 49953
17407 19232
17408 59201
17409 61224
17410 49480
17411 26440
17412 60193
17413 54832
17414 54828
17415 4460
17416 20845
17417 26384
17418 53609
17419 62304
17420 63272
17421 26385
17422 19232
17423 53548
17424 51992
17425 26386
17426 49512
17427 59139
17428 26368
17429 53609
17430 11169
17431 49952
17432 52016
17433 27137
17434 49960
17435 58113
17436 61216
17437 54332
17438 49517
17439 49921
17440 27139
17441 27425
17442 53032
17443 17192
17444 59169
17445 58112
17446 31233
17447 11045
17448 27139
17449 27424
17450 59905
17451 25352
17452 51000
17453 28432
17454 53024
17455 59169
17456 49481
17457 28464
17458 64289
17459 49952
17460 19200
17461 29548
17462 53025
17463 54048
17464 49960
17465 60289
17466 25353
17467 63264
17468 54056
17469 49960
17470 54049
17471 59201
17472 38456
17473 2849
17474 2849
17475 17192
17476 45868
17477 49960
17478 54060
17479 27155
17480 49928
17481 56872
17482 55072
17483 19209
17484 49952
17485 19209
17486 58209
17487 19232
17488 52008
17489 9057
17490 17184
17491 25377
17492 19232
17493 58145
17494 27425
17495 49517
17496 58144
17497 52001
17498 58113
17499 49920
17500 11104
17501 49485
17502 53048
17503 27425
17504 2872
17505 49936
17506 25440
17507 12064
17508 52001
17509 25384
17510 27425
17511 27155
17512 56072
17513 51984
17514 17185
17515 49485
17516 58144
17517 45928
17518 53613
17519 2976
17520 17184
17521 49960
17522 25441
17523 57697
17524 28449
17525 17193
17526 17184
17527 16741
17528 62241
17529 2849
17530 27137
17531 47916
17532 17184
17533 27139
17534 49960
17535 28416
17536 49409
17537 59137
17538 26387
17539 53581
17540 55073
17541 54048
17542 2849
17543 49517
17544 25377
17545 56072
17546 54048
17547 27393
17548 53048
17549 60192
17550 25377
17551 26377
17552 49952
17553 26377
17554 55073
17555 26441
17556 27137
17557 54844
17558 54840
17559 16732
17560 60192
17561 25353
17562 56888
17563 56072
17564 51976
17565 59144
17566 54056
17567 17189
17568 28576
17569 25344
17570 54120
17571 53048
17572 54844
17573 18961
17574 27137
17575 27393
17576 54024
17577 54568
17578 15148
17579 19232
17580 28161
17581 27425
17582 60192
17583 2977
17584 19200
17585 27139
17586 38444
17587 55080
17588 27552
17589 27393
17590 56096
17591 27393
17592 54048
17593 60193
17594 25376
17595 53541
17596 20812
17597 2848
17598 57121
17599 58144
17600 55084
17601 19232
17602 19208
17603 27139
17604 17184
17605 26401
17606 27137
17607 2849
17608 57129
17609 11041
17610 51984
17611 54056
17612 49952
17613 2977
17614 49953
17615 12065
17616 13164
17617 19364
17618 53549
17619 27139
17620 27392
17621 59176
17622 49960
17623 20272
17624 47916
17625 17152
17626 18208
17627 26400
17628 26369
17629 25347
17630 63265
17631 25091
17632 27137
17633 59177
17634 26401
17635 49953
17636 54049
17637 17185
17638 8993
17639 58208
17640 18209
17641 45933
17642 16716
17643 27139
17644 49952
17645 19224
17646 36656
17647 11137
17648 49953
17649 55084
17650 2976
17651 19240
17652 27139
17653 49953
17654 2849
17655 11169
17656 17188
17657 25363
17658 2849
17659 40744
17660 27137
17661 17185
17662 55081
17663 59905
17664 2849
17665 58145
17666 53613
17667 54049
17668 27139
17669 26408
17670 19200
17671 18693
17672 49953
17673 19201
17674 53024
17675 49952
17676 26400
17677 49480
17678 26386
17679 49953
17680 27392
17681 56104
17682 38444
17683 49453
17684 26384
17685 28448
17686 26416
17687 55088
17688 27139
17689 49512
17690 26370
17691 2465
17692 55073
17693 27139
17694 25345
17695 56097
17696 26371
17697 26369
17698 50977
17699 17185
17700 59905
17701 52000
17702 27520
17703 54064
17704 27552
17705 52001
17706 9057
17707 58113
17708 19256
17709 26387
17710 49976
17711 28449
17712 19233
17713 56872
17714 2856
17715 17161
17716 27424
17717 55073
17718 49920
17719 51968
17720 27553
17721 49960
17722 49512
17723 61216
17724 62241
17725 60192
17726 38444
17727 55084
17728 25360
17729 57144
17730 55096
17731 59168
17732 59921
17733 52001
17734 53040
17735 53048
17736 11104
17737 16749
17738 54048
17739 11041
17740 2849
17741 19361
17742 19256
17743 25384
17744 53605
17745 27137
17746 28592
17747 58145
17748 52024
17749 54060
17750 27488
17751 19233
17752 38696
17753 63265
17754 49960
17755 17160
17756 27489
17757 58113
17758 27153
17759 18961
17760 25376
17761 56104
17762 27393
17763 17185
17764 58145
17765 50504
17766 19201
17767 53025
17768 26432
17769 45868
17770 56097
17771 25440
17772 17153
17773 19256
17774 2849
17775 53609
17776 19233
17777 60033
17778 49952
17779 59905
17780 54049
17781 26400
17782 60193
17783 50992
17784 56097
17785 49961
17786 2853
17787 19201
17788 27139
17789 17161
17790 2977
17791 58120
17792 49517
17793 53541
17794 60193
17795 59209
17796 49961
17797 17185
17798 62304
17799 58144
17800 19233
17801 49936
17802 27139
17803 58144
17804 59233
17805 26368
17806 53613
17807 38444
17808 49953
17809 20272
17810 61217
17811 49953
17812 20812
17813 27265
17814 27137
17815 26131
17816 25344
17817 27137
17818 27393
17819 59169
17820 49952
17821 19233
17822 49517
17823 54632
17824 49413
17825 49953
17826 54332
17827 27169
17828 26408
17829 16716
17830 2849
17831 26400
17832 54048
17833 56888
17834 51048
17835 59137
17836 27395
17837 52016
17838 16716
17839 60033
17840 49952
17841 58112
17842 56072
17843 27139
17844 55073
17845 19361
17846 60193
17847 27488
17848 52016
17849 27424
17850 19216
17851 4461
17852 58120
17853 27425
17854 19232
17855 57120
17856 18764
17857 25376
17858 28449
17859 19208
17860 53048
17861 17157
17862 52000
17863 27137
17864 59137
17865 27393
17866 49952
17867 17184
17868 59169
17869 50977
17870 53048
17871 60161
17872 50976
17873 54056
17874 58209
17875 25377
17876 59137
17877 25440
17878 27424
17879 59905
17880 49960
17881 52000
17882 27169
17883 20845
17884 18700
17885 56888
17886 19201
17887 26401
17888 58145
17889 27139
17890 49961
17891 19233
17892 19233
17893 17160
17894 27137
17895 19360
17896 60033
17897 11169
17898 19201
17899 59905
17900 26400
17901 27137
17902 49509
17903 19224
17904 25377
17905 58152
17906 51016
17907 54049
17908 27424
17909 55072
17910 20844
17911 53581
17912 59905
17913 53048
17914 51968
17915 17185
17916 58145
17917 59169
17918 58144
17919 25345
17920 26387
17921 27137
17922 17168
17923 25385
17924 49952
17925 49976
17926 54049
17927 28448
17928 56097
17929 27137
17930 19256
17931 27169
17932 2412
17933 49953
17934 25377
17935 54056
17936 62241
17937 49952
17938 28448
17939 58209
17940 18764
17941 58144
17942 18945
17943 19224
17944 55072
17945 26371
17946 60192
17947 5473
17948 58113
17949 60033
17950 27169
17951 49517
17952 52000
17953 57132
17954 49517
17955 18185
17956 38444
17957 64033
17958 49517
17959 25345
17960 54572
17961 25344
17962 51017
17963 26376
17964 26371
17965 49517
17966 55085
17967 54048
17968 59907
17969 27393
17970 26386
17971 59905
17972 56104
17973 50024
17974 54832
17975 38444
17976 26385
17977 59176
17978 58145
17979 49512
17980 58145
17981 58114
17982 27393
17983 49513
17984 2849
17985 49517
17986 53613
17987 53612
17988 49485
17989 27155
17990 62252
17991 49453
17992 60313
17993 2849
17994 27139
17995 51968
17996 46636
17997 20272
17998 59169
17999 27137
18000 49961
18001 51992
18002 27155
18003 56065
18004 19361
18005 20264
18006 45933
18007 58113
18008 49921
18009 27137
18010 4460
18011 38456
18012 13100
18013 18797
18014 20257
18015 27393
18016 52000
18017 60257
18018 58145
18019 27393
18020 2849
18021 58216
18022 17200
18023 63264
18024 26376
18025 17193
18026 49485
18027 57121
18028 26387
18029 58152
18030 57144
18031 53024
18032 53548
18033 27392
18034 49960
18035 59905
18036 27153
18037 53608
18038 2976
18039 25377
18040 63264
18041 2849
18042 25377
18043 19200
18044 19200
18045 52920
18046 53176
18047 11040
18048 16741
18049 58145
18050 52024
18051 54064
18052 26464
18053 25440
18054 53040
18055 58144
18056 52000
18057 26368
18058 54056
18059 25360
18060 27393
18061 26368
18062 51016
18063 58145
18064 20272
18065 26370
18066 27169
18067 52008
18068 25089
18069 19241
18070 52001
18071 19241
18072 27265
18073 49952
18074 56104
18075 54048
18076 59177
18077 18977
18078 53613
18079 18963
18080 26368
18081 58216
18082 52009
18083 18764
18084 18963
18085 19364
18086 2341
18087 27139
18088 25377
18089 56881
18090 19201
18091 357
18092 28163
18093 27424
18094 26377
18095 52001
18096 18184
18097 25352
18098 19232
18099 45932
18100 25377
18101 46892
18102 18945
18103 49961
18104 58152
18105 27139
18106 16749
18107 56881
18108 59905
18109 49485
18110 26369
18111 62447
18112 19332
18113 49953
18114 53613
18115 27153
18116 49516
18117 49517
18118 54048
18119 26368
18120 52000
18121 52000
18122 27393
18123 17184
18124 26392
18125 51968
18126 27169
18127 2968
18128 54060
18129 16732
18130 26400
18131 59168
18132 55080
18133 62240
18134 18764
18135 26401
18136 19201
18137 55096
18138 60033
18139 62252
18140 58144
18141 27137
18142 56888
18143 19233
18144 19232
18145 58112
18146 11041
18147 49512
18148 45933
18149 60192
18150 2960
18151 17185
18152 53613
18153 59137
18154 16717
18155 26131
18156 59168
18157 19232
18158 59168
18159 58113
18160 49920
18161 27137
18162 27393
18163 49413
18164 18716
18165 49952
18166 18764
18167 53613
18168 58145
18169 54048
18170 27393
18171 27139
18172 49485
18173 51992
18174 18797
18175 59168
18176 25376
18177 27139
18178 45868
18179 27137
18180 17152
18181 27425
18182 58145
18183 18780
18184 25344
18185 40748
18186 25377
18187 60929
18188 2849
18189 38444
18190 60033
18191 17185
18192 2849
18193 62241
18194 26387
18195 49976
18196 63272
18197 56104
18198 25363
18199 18765
18200 9061
18201 55080
18202 19200
18203 27137
18204 53608
18205 26408
18206 27552
18207 45864
18208 54024
18209 58209
18210 17192
18211 46636
18212 2849
18213 49485
18214 26370
18215 54064
18216 19361
18217 26387
18218 25353
18219 53048
18220 19360
18221 53613
18222 28449
18223 53048
18224 19209
18225 60192
18226 49936
18227 18716
18228 63264
18229 58145
18230 59921
18231 27425
18232 62248
18233 3873
18234 63272
18235 27169
18236 27265
18237 51968
18238 25107
18239 27425
18240 28163
18241 3872
18242 2849
18243 8997
18244 51984
18245 27432
18246 25377
18247 53609
18248 40748
18249 38460
18250 49961
18251 58144
18252 19248
18253 40744
18254 54064
18255 26369
18256 49953
18257 26369
18258 53581
18259 27392
18260 40492
18261 26394
18262 59152
18263 54048
18264 19200
18265 26371
18266 23885
18267 49485
18268 54828
18269 20265
18270 55084
18271 52008
18272 27425
18273 55085
18274 55096
18275 49960
18276 27139
18277 27393
18278 19376
18279 16716
18280 2849
18281 63336
18282 16712
18283 20844
18284 63272
18285 64001
18286 50016
18287 54572
18288 31233
18289 60163
18290 2849
18291 58145
18292 58144
18293 26368
18294 63232
18295 49480
18296 61185
18297 25345
18298 54828
18299 38444
18300 25377
18301 26386
18302 26394
18303 19240
18304 57697
18305 17168
18306 55080
18307 2849
18308 54048
18309 26400
18310 26370
18311 58152
18312 16749
18313 58145
18314 55841
18315 57129
18316 13164
18317 13164
18318 59200
18319 52121
18320 12065
18321 17208
18322 17188
18323 18721
18324 19240
18325 26432
18326 29548
18327 50984
18328 27520
18329 17185
18330 28448
18331 53608
18332 26371
18333 55080
18334 53040
18335 49417
18336 63272
18337 27393
18338 2848
18339 19232
18340 55080
18341 49517
18342 53608
18343 54332
18344 2977
18345 17161
18346 27153
18347 49920
18348 59905
18349 51976
18350 53025
18351 18700
18352 19241
18353 56104
18354 54057
18355 53609
18356 59905
18357 20265
18358 16716
18359 11168
18360 3425
18361 58152
18362 53024
18363 2977
18364 38460
18365 25363
18366 27425
18367 27139
18368 59209
18369 16749
18370 45928
18371 58208
18372 2977
18373 54049
18374 27155
18375 53048
18376 54832
18377 58216
18378 49516
18379 16748
18380 26400
18381 19361
18382 27433
18383 55096
18384 59233
18385 27153
18386 26387
18387 38701
18388 2849
18389 50992
18390 17184
18391 50984
18392 28448
18393 54844
18394 45868
18395 49960
18396 19232
18397 26401
18398 53605
18399 19352
18400 55081
18401 25377
18402 49960
18403 27393
18404 11109
18405 54064
18406 17185
18407 54328
18408 54049
18409 60193
18410 58208
18411 17185
18412 50016
18413 49517
18414 25363
18415 62249
18416 17184
18417 27169
18418 26370
18419 20844
18420 26368
18421 2849
18422 49968
18423 27425
18424 49921
18425 2849
18426 2849
18427 62241
18428 56888
18429 59137
18430 2848
18431 54048
18432 54057
18433 18764
18434 58113
18435 58144
18436 26392
18437 27488
18438 54048
18439 25377
18440 27425
18441 59240
18442 25377
18443 54840
18444 27169
18445 27139
18446 63232
18447 59168
18448 53609
18449 25384
18450 16716
18451 58145
18452 26400
18453 28417
18454 19208
18455 9061
18456 54064
18457 55096
18458 26377
18459 11109
18460 20264
18461 57697
18462 56881
18463 58144
18464 54048
18465 5473
18466 51968
18467 26400
18468 27155
18469 49953
18470 60929
18471 51992
18472 52000
18473 58144
18474 45928
18475 56097
18476 27425
18477 27155
18478 50977
18479 50985
18480 60193
18481 17184
18482 53541
18483 28163
18484 26440
18485 26371
18486 49953
18487 49421
18488 53048
18489 49953
18490 27169
18491 12069
18492 51969
18493 27169
18494 2977
18495 27153
18496 25384
18497 19240
18498 25377
18499 25344
18500 60035
18501 17189
18502 58145
18503 2849
18504 25345
18505 53613
18506 58145
18507 27139
18508 18209
18509 54840
18510 58113
18511 16741
18512 19200
18513 60035
18514 26377
18515 55096
18516 27393
18517 27139
18518 59905
18519 53544
18520 25440
18521 58115
18522 51017
18523 50504
18524 59169
18525 54049
18526 49953
18527 55073
18528 25376
18529 54048
18530 52008
18531 59905
18532 27424
18533 26401
18534 27424
18535 49512
18536 3873
18537 61216
18538 26401
18539 64001
18540 56104
18541 49953
18542 27424
18543 53581
18544 26441
18545 18700
18546 49512
18547 26376
18548 59232
18549 25344
18550 26376
18551 18780
18552 63272
18553 54049
18554 25376
18555 18780
18556 27139
18557 2853
18558 26369
18559 2993
18560 20272
18561 11041
18562 18764
18563 27553
18564 57128
18565 27425
18566 49960
18567 56097
18568 52008
18569 60193
18570 56888
18571 2849
18572 18947
18573 49953
18574 46636
18575 59169
18576 58144
18577 54056
18578 2977
18579 11173
18580 52008
18581 27425
18582 27155
18583 49960
18584 52001
18585 45933
18586 49953
18587 27425
18588 53613
18589 16741
18590 62252
18591 49944
18592 19360
18593 49936
18594 58144
18595 27536
18596 45932
18597 52000
18598 3872
18599 19240
18600 11041
18601 50016
18602 27137
18603 54048
18604 11169
18605 27520
18606 25344
18607 2849
18608 27401
18609 59905
18610 50024
18611 25089
18612 17185
18613 62240
18614 25091
18615 27139
18616 60929
18617 20812
18618 19201
18619 49953
18620 17160
18621 27139
18622 54049
18623 27395
18624 53033
18625 62240
18626 19232
18627 27425
18628 52008
18629 53040
18630 11169
18631 45421
18632 17176
18633 11169
18634 60192
18635 59177
18636 49920
18637 59905
18638 54048
18639 17168
18640 38700
18641 45421
18642 27137
18643 19208
18644 54056
18645 20257
18646 58145
18647 12064
18648 52001
18649 11169
18650 19201
18651 17188
18652 18945
18653 60192
18654 63288
18655 45932
18656 45868
18657 19232
18658 53605
18659 25376
18660 62248
18661 25368
18662 27424
18663 61224
18664 27425
18665 17161
18666 11041
18667 27137
18668 27393
18669 25376
18670 2849
18671 25441
18672 17160
18673 27139
18674 27489
18675 18961
18676 56097
18677 19241
18678 19233
18679 28163
18680 49485
18681 60161
18682 59905
18683 59905
18684 27137
18685 59905
18686 49960
18687 17208
18688 50984
18689 17152
18690 25344
18691 25363
18692 27424
18693 58145
18694 28433
18695 52001
18696 27139
18697 26401
18698 52001
