# Created by Open3D 
# object name: lines
# number of vertices: 1974
# number of triangles: 3760
v 0.182901 0.0582728 0.467598 0 0 1
v 0.182433 0.0537372 0.00257877 0 0 1
v 0.187901 0.0582727 0.467593 0 0 1
v 0.186436 0.0618081 0.46756 0 0 1
v 0.182901 0.0632725 0.467549 0 0 1
v 0.179365 0.0618081 0.467567 0 0 1
v 0.177901 0.0582728 0.467603 0 0 1
v 0.179365 0.0547374 0.467636 0 0 1
v 0.182901 0.053273 0.467647 0 0 1
v 0.186436 0.0547374 0.467629 0 0 1
v 0.187784 0.0571388 0.351338 0 0 1
v 0.186319 0.0606742 0.351305 0 0 1
v 0.182784 0.0621386 0.351295 0 0 1
v 0.179248 0.0606743 0.351312 0 0 1
v 0.177784 0.0571389 0.351348 0 0 1
v 0.179248 0.0536035 0.351381 0 0 1
v 0.182784 0.0521391 0.351392 0 0 1
v 0.186319 0.0536035 0.351374 0 0 1
v 0.187667 0.0560049 0.235083 0 0 1
v 0.186202 0.0595403 0.23505 0 0 1
v 0.182667 0.0610047 0.23504 0 0 1
v 0.179131 0.0595404 0.235058 0 0 1
v 0.177667 0.056005 0.235093 0 0 1
v 0.179131 0.0524696 0.235126 0 0 1
v 0.182667 0.0510052 0.235137 0 0 1
v 0.186202 0.0524696 0.235119 0 0 1
v 0.18755 0.0548711 0.118829 0 0 1
v 0.186086 0.0584064 0.118796 0 0 1
v 0.18255 0.0598708 0.118785 0 0 1
v 0.179015 0.0584065 0.118803 0 0 1
v 0.17755 0.0548711 0.118839 0 0 1
v 0.179015 0.0513357 0.118872 0 0 1
v 0.18255 0.0498713 0.118882 0 0 1
v 0.186086 0.0513357 0.118865 0 0 1
v 0.187433 0.0537372 0.00257375 0 0 1
v 0.185969 0.0572725 0.00254074 0 0 1
v 0.182433 0.0587369 0.00253001 0 0 1
v 0.178898 0.0572726 0.00254784 0 0 1
v 0.177433 0.0537372 0.0025838 0 0 1
v 0.178898 0.0502018 0.00261681 0 0 1
v 0.182433 0.0487374 0.00262754 0 0 1
v 0.185969 0.0502018 0.0026097 0 0 1
v 0.182433 0.0537372 0.00257877 0 0 1
v 0.175615 0.951612 0.0227913 0 0 1
v 0.187433 0.053776 0.00254081 0 0 1
v 0.185996 0.0536853 0.00608647 0 0 1
v 0.182472 0.0536249 0.00757736 0 0 1
v 0.178925 0.0536304 0.00614015 0 0 1
v 0.177434 0.0536984 0.00261673 0 0 1
v 0.17887 0.0537891 -0.000928922 0 0 1
v 0.182394 0.0538494 -0.00241982 0 0 1
v 0.185941 0.053844 -0.000982606 0 0 1
v 0.185728 0.278245 0.00759394 0 0 1
v 0.184291 0.278154 0.0111396 0 0 1
v 0.180767 0.278094 0.0126305 0 0 1
v 0.177221 0.278099 0.0111933 0 0 1
v 0.175729 0.278167 0.00766987 0 0 1
v 0.177166 0.278258 0.00412421 0 0 1
v 0.18069 0.278318 0.00263332 0 0 1
v 0.184236 0.278313 0.00407053 0 0 1
v 0.184024 0.502713 0.0126471 0 0 1
v 0.182587 0.502622 0.0161927 0 0 1
v 0.179063 0.502562 0.0176836 0 0 1
v 0.175516 0.502568 0.0162464 0 0 1
v 0.174024 0.502636 0.012723 0 0 1
v 0.175461 0.502726 0.00917734 0 0 1
v 0.178985 0.502787 0.00768645 0 0 1
v 0.182532 0.502781 0.00912366 0 0 1
v 0.182319 0.727182 0.0177002 0 0 1
v 0.180882 0.727091 0.0212459 0 0 1
v 0.177358 0.727031 0.0227368 0 0 1
v 0.173811 0.727036 0.0212995 0 0 1
v 0.172319 0.727104 0.0177761 0 0 1
v 0.173756 0.727195 0.0142305 0 0 1
v 0.17728 0.727255 0.0127396 0 0 1
v 0.180827 0.72725 0.0141768 0 0 1
v 0.180614 0.95165 0.0227533 0 0 1
v 0.179177 0.95156 0.026299 0 0 1
v 0.175653 0.951499 0.0277899 0 0 1
v 0.172107 0.951505 0.0263527 0 0 1
v 0.170615 0.951573 0.0228293 0 0 1
v 0.172052 0.951663 0.0192836 0 0 1
v 0.175576 0.951724 0.0177927 0 0 1
v 0.179122 0.951718 0.0192299 0 0 1
v 0.175828 0.950807 0.214886 0 0 1
v 0.182645 0.0557961 0.21367 0 0 1
v 0.180828 0.950845 0.214924 0 0 1
v 0.17939 0.950838 0.211377 0 0 1
v 0.175866 0.950814 0.209886 0 0 1
v 0.17232 0.950785 0.211323 0 0 1
v 0.170828 0.950768 0.214847 0 0 1
v 0.172266 0.950775 0.218394 0 0 1
v 0.17579 0.950799 0.219885 0 0 1
v 0.179336 0.950828 0.218448 0 0 1
v 0.182532 0.727092 0.21462 0 0 1
v 0.181095 0.727086 0.211073 0 0 1
v 0.17757 0.727061 0.209582 0 0 1
v 0.174024 0.727032 0.211019 0 0 1
v 0.172533 0.727016 0.214544 0 0 1
v 0.17397 0.727022 0.21809 0 0 1
v 0.177494 0.727047 0.219581 0 0 1
v 0.181041 0.727076 0.218144 0 0 1
v 0.184236 0.503339 0.214316 0 0 1
v 0.182799 0.503333 0.210769 0 0 1
v 0.179275 0.503308 0.209278 0 0 1
v 0.175728 0.503279 0.210715 0 0 1
v 0.174237 0.503263 0.21424 0 0 1
v 0.175674 0.503269 0.217786 0 0 1
v 0.179199 0.503294 0.219278 0 0 1
v 0.182745 0.503323 0.21784 0 0 1
v 0.185941 0.279587 0.214012 0 0 1
v 0.184503 0.279581 0.210465 0 0 1
v 0.180979 0.279556 0.208974 0 0 1
v 0.177433 0.279527 0.210411 0 0 1
v 0.175941 0.279511 0.213936 0 0 1
v 0.177379 0.279517 0.217482 0 0 1
v 0.180903 0.279542 0.218974 0 0 1
v 0.184449 0.279571 0.217536 0 0 1
v 0.187645 0.0558341 0.213708 0 0 1
v 0.186208 0.055828 0.210161 0 0 1
v 0.182683 0.0558031 0.20867 0 0 1
v 0.179137 0.0557742 0.210108 0 0 1
v 0.177646 0.055758 0.213632 0 0 1
v 0.179083 0.0557642 0.217178 0 0 1
v 0.182607 0.055789 0.21867 0 0 1
v 0.186154 0.0558179 0.217232 0 0 1
v 0.176106 0.949758 0.465063 0 0 1
v 0.182901 0.0582728 0.467598 0 0 1
v 0.181106 0.949796 0.465101 0 0 1
v 0.179668 0.949775 0.461554 0 0 1
v 0.176144 0.949744 0.460063 0 0 1
v 0.172598 0.949721 0.4615 0 0 1
v 0.171106 0.94972 0.465024 0 0 1
v 0.172544 0.949741 0.468571 0 0 1
v 0.176068 0.949772 0.470062 0 0 1
v 0.179614 0.949795 0.468625 0 0 1
v 0.182804 0.726925 0.465735 0 0 1
v 0.181367 0.726904 0.462188 0 0 1
v 0.177843 0.726873 0.460697 0 0 1
v 0.174296 0.72685 0.462134 0 0 1
v 0.172805 0.726849 0.465658 0 0 1
v 0.174242 0.72687 0.469205 0 0 1
v 0.177766 0.726901 0.470696 0 0 1
v 0.181313 0.726924 0.469259 0 0 1
v 0.184503 0.504054 0.466368 0 0 1
v 0.183066 0.504033 0.462822 0 0 1
v 0.179542 0.504001 0.461331 0 0 1
v 0.175995 0.503979 0.462768 0 0 1
v 0.174504 0.503977 0.466292 0 0 1
v 0.175941 0.503998 0.469839 0 0 1
v 0.179465 0.504029 0.47133 0 0 1
v 0.183012 0.504052 0.469893 0 0 1
v 0.186202 0.281182 0.467002 0 0 1
v 0.184764 0.281161 0.463456 0 0 1
v 0.18124 0.28113 0.461964 0 0 1
v 0.177694 0.281107 0.463402 0 0 1
v 0.176202 0.281106 0.466926 0 0 1
v 0.17764 0.281127 0.470473 0 0 1
v 0.181164 0.281158 0.471964 0 0 1
v 0.18471 0.281181 0.470527 0 0 1
v 0.1879 0.058311 0.467636 0 0 1
v 0.186463 0.0582899 0.46409 0 0 1
v 0.182939 0.0582588 0.462598 0 0 1
v 0.179392 0.0582359 0.464036 0 0 1
v 0.177901 0.0582345 0.46756 0 0 1
v 0.179338 0.0582556 0.471107 0 0 1
v 0.182862 0.0582867 0.472598 0 0 1
v 0.186409 0.0583096 0.471161 0 0 1
v 0.175615 0.951612 0.0227913 0 0 1
v 0.176106 0.949758 0.465063 0 0 1
v 0.179958 0.954089 0.0227969 0 0 1
v 0.180437 0.950292 0.0227804 0 0 1
v 0.178092 0.947269 0.0227703 0 0 1
v 0.174295 0.946789 0.0227726 0 0 1
v 0.171271 0.949134 0.0227857 0 0 1
v 0.170792 0.952931 0.0228022 0 0 1
v 0.173137 0.955955 0.0228123 0 0 1
v 0.176934 0.956434 0.02281 0 0 1
v 0.18008 0.953626 0.133365 0 0 1
v 0.18056 0.949829 0.133348 0 0 1
v 0.178215 0.946805 0.133338 0 0 1
v 0.174418 0.946325 0.13334 0 0 1
v 0.171394 0.948671 0.133354 0 0 1
v 0.170915 0.952467 0.13337 0 0 1
v 0.17326 0.955491 0.13338 0 0 1
v 0.177057 0.955971 0.133378 0 0 1
v 0.180203 0.953162 0.243932 0 0 1
v 0.180683 0.949366 0.243916 0 0 1
v 0.178338 0.946342 0.243906 0 0 1
v 0.174541 0.945862 0.243908 0 0 1
v 0.171517 0.948207 0.243921 0 0 1
v 0.171037 0.952004 0.243938 0 0 1
v 0.173383 0.955028 0.243948 0 0 1
v 0.177179 0.955508 0.243946 0 0 1
v 0.180326 0.952699 0.3545 0 0 1
v 0.180806 0.948902 0.354484 0 0 1
v 0.178461 0.945878 0.354474 0 0 1
v 0.174664 0.945399 0.354476 0 0 1
v 0.17164 0.947744 0.354489 0 0 1
v 0.17116 0.951541 0.354506 0 0 1
v 0.173506 0.954564 0.354516 0 0 1
v 0.177302 0.955044 0.354513 0 0 1
v 0.180449 0.952236 0.465068 0 0 1
v 0.180929 0.948439 0.465052 0 0 1
v 0.178584 0.945415 0.465042 0 0 1
v 0.174787 0.944935 0.465044 0 0 1
v 0.171763 0.947281 0.465057 0 0 1
v 0.171283 0.951077 0.465073 0 0 1
v 0.173629 0.954101 0.465084 0 0 1
v 0.177425 0.954581 0.465081 0 0 1
v 0.753048 0.0556353 0.998228 0 0 1
v 0.606746 0.0482931 0.0410689 0 0 1
v 0.75799 0.0556324 0.997473 0 0 1
v 0.756541 0.0591687 0.997667 0 0 1
v 0.753045 0.0606351 0.998191 0 0 1
v 0.749551 0.0591728 0.998736 0 0 1
v 0.748105 0.0556382 0.998984 0 0 1
v 0.749555 0.0521019 0.998789 0 0 1
v 0.753051 0.0506354 0.998266 0 0 1
v 0.756545 0.0520978 0.997721 0 0 1
v 0.721415 0.0537969 0.758183 0 0 1
v 0.719965 0.0573331 0.758378 0 0 1
v 0.716469 0.0587996 0.758901 0 0 1
v 0.712975 0.0573372 0.759446 0 0 1
v 0.71153 0.0538026 0.759694 0 0 1
v 0.712979 0.0502664 0.7595 0 0 1
v 0.716475 0.0487999 0.758976 0 0 1
v 0.719969 0.0502623 0.758431 0 0 1
v 0.684839 0.0519613 0.518893 0 0 1
v 0.68339 0.0554976 0.519088 0 0 1
v 0.679894 0.0569641 0.519611 0 0 1
v 0.6764 0.0555017 0.520156 0 0 1
v 0.674954 0.0519671 0.520404 0 0 1
v 0.676404 0.0484308 0.52021 0 0 1
v 0.6799 0.0469644 0.519687 0 0 1
v 0.683394 0.0484267 0.519141 0 0 1
v 0.648264 0.0501258 0.279603 0 0 1
v 0.646814 0.0536621 0.279798 0 0 1
v 0.643318 0.0551285 0.280321 0 0 1
v 0.639824 0.0536661 0.280866 0 0 1
v 0.638379 0.0501315 0.281114 0 0 1
v 0.639828 0.0465953 0.28092 0 0 1
v 0.643324 0.0451288 0.280397 0 0 1
v 0.646818 0.0465912 0.279851 0 0 1
v 0.611688 0.0482902 0.0403135 0 0 1
v 0.610239 0.0518265 0.0405079 0 0 1
v 0.606743 0.053293 0.041031 0 0 1
v 0.603249 0.0518306 0.0415763 0 0 1
v 0.601803 0.048296 0.0418244 0 0 1
v 0.603253 0.0447597 0.0416299 0 0 1
v 0.606749 0.0432933 0.0411068 0 0 1
v 0.610243 0.0447557 0.0405616 0 0 1
v 0.606746 0.0482931 0.0410689 0 0 1
v 0.603397 0.948667 0.0616552 0 0 1
v 0.611746 0.0483121 0.0410503 0 0 1
v 0.610295 0.0482258 0.0445904 0 0 1
v 0.606765 0.0481789 0.0460676 0 0 1
v 0.603224 0.0481989 0.0446167 0 0 1
v 0.601746 0.0482741 0.0410875 0 0 1
v 0.603197 0.0483604 0.0375475 0 0 1
v 0.606727 0.0484073 0.0360703 0 0 1
v 0.610268 0.0483873 0.0375212 0 0 1
v 0.610908 0.273406 0.0461969 0 0 1
v 0.609457 0.273319 0.0497369 0 0 1
v 0.605927 0.273272 0.0512142 0 0 1
v 0.602386 0.273292 0.0497632 0 0 1
v 0.600909 0.273368 0.0462341 0 0 1
v 0.60236 0.273454 0.0426941 0 0 1
v 0.605889 0.273501 0.0412168 0 0 1
v 0.60943 0.273481 0.0426678 0 0 1
v 0.610071 0.498499 0.0513435 0 0 1
v 0.60862 0.498413 0.0548835 0 0 1
v 0.60509 0.498366 0.0563607 0 0 1
v 0.601549 0.498386 0.0549098 0 0 1
v 0.600071 0.498461 0.0513807 0 0 1
v 0.601522 0.498548 0.0478406 0 0 1
v 0.605052 0.498594 0.0463634 0 0 1
v 0.608593 0.498574 0.0478143 0 0 1
v 0.609234 0.723593 0.0564901 0 0 1
v 0.607783 0.723507 0.0600301 0 0 1
v 0.604253 0.72346 0.0615073 0 0 1
v 0.600712 0.72348 0.0600564 0 0 1
v 0.599234 0.723555 0.0565272 0 0 1
v 0.600685 0.723641 0.0529872 0 0 1
v 0.604215 0.723688 0.05151 0 0 1
v 0.607756 0.723668 0.0529609 0 0 1
v 0.608396 0.948686 0.0616366 0 0 1
v 0.606946 0.9486 0.0651767 0 0 1
v 0.603416 0.948553 0.0666539 0 0 1
v 0.599875 0.948573 0.065203 0 0 1
v 0.598397 0.948648 0.0616738 0 0 1
v 0.599848 0.948735 0.0581338 0 0 1
v 0.603378 0.948782 0.0566566 0 0 1
v 0.606919 0.948762 0.0581075 0 0 1
v 0.625761 0.94791 0.207881 0 0 1
v 0.632058 0.0495634 0.206669 0 0 1
v 0.63076 0.947945 0.207916 0 0 1
v 0.629321 0.94794 0.20437 0 0 1
v 0.625796 0.947917 0.202881 0 0 1
v 0.62225 0.94789 0.20432 0 0 1
v 0.620761 0.947875 0.207845 0 0 1
v 0.622201 0.947881 0.211391 0 0 1
v 0.625726 0.947903 0.21288 0 0 1
v 0.629271 0.94793 0.211441 0 0 1
v 0.632335 0.723359 0.207613 0 0 1
v 0.630895 0.723353 0.204067 0 0 1
v 0.62737 0.723331 0.202578 0 0 1
v 0.623824 0.723304 0.204017 0 0 1
v 0.622335 0.723289 0.207543 0 0 1
v 0.623775 0.723294 0.211088 0 0 1
v 0.6273 0.723317 0.212577 0 0 1
v 0.630846 0.723343 0.211138 0 0 1
v 0.633909 0.498772 0.20731 0 0 1
v 0.632469 0.498767 0.203764 0 0 1
v 0.628944 0.498744 0.202275 0 0 1
v 0.625399 0.498717 0.203714 0 0 1
v 0.623909 0.498702 0.20724 0 0 1
v 0.625349 0.498707 0.210785 0 0 1
v 0.628874 0.49873 0.212275 0 0 1
v 0.63242 0.498757 0.210835 0 0 1
v 0.635483 0.274185 0.207007 0 0 1
v 0.634044 0.27418 0.203461 0 0 1
v 0.630518 0.274157 0.201972 0 0 1
v 0.626973 0.27413 0.203412 0 0 1
v 0.625484 0.274115 0.206937 0 0 1
v 0.626923 0.27412 0.210482 0 0 1
v 0.630448 0.274143 0.211972 0 0 1
v 0.633994 0.27417 0.210532 0 0 1
v 0.637057 0.0495984 0.206704 0 0 1
v 0.635618 0.0495931 0.203158 0 0 1
v 0.632093 0.0495704 0.201669 0 0 1
v 0.628547 0.0495436 0.203109 0 0 1
v 0.627058 0.0495284 0.206634 0 0 1
v 0.628498 0.0495337 0.21018 0 0 1
v 0.632023 0.0495564 0.211669 0 0 1
v 0.635568 0.0495832 0.210229 0 0 1
v 0.665357 0.94657 0.466773 0 0 1
v 0.672204 0.0515781 0.469319 0 0 1
v 0.670356 0.946608 0.466812 0 0 1
v 0.668919 0.946587 0.463265 0 0 1
v 0.665395 0.946556 0.461774 0 0 1
v 0.661848 0.946533 0.463211 0 0 1
v 0.660357 0.946531 0.466735 0 0 1
v 0.661794 0.946552 0.470282 0 0 1
v 0.665318 0.946584 0.471773 0 0 1
v 0.668865 0.946607 0.470336 0 0 1
v 0.672068 0.72286 0.467448 0 0 1
v 0.670631 0.722839 0.463901 0 0 1
v 0.667107 0.722808 0.46241 0 0 1
v 0.66356 0.722785 0.463847 0 0 1
v 0.662069 0.722783 0.467372 0 0 1
v 0.663506 0.722805 0.470918 0 0 1
v 0.66703 0.722836 0.47241 0 0 1
v 0.670577 0.722859 0.470972 0 0 1
v 0.67378 0.499112 0.468084 0 0 1
v 0.672343 0.499091 0.464538 0 0 1
v 0.668819 0.49906 0.463046 0 0 1
v 0.665272 0.499037 0.464484 0 0 1
v 0.66378 0.499036 0.468008 0 0 1
v 0.665218 0.499057 0.471555 0 0 1
v 0.668742 0.499088 0.473046 0 0 1
v 0.672288 0.499111 0.471609 0 0 1
v 0.675492 0.275364 0.468721 0 0 1
v 0.674054 0.275343 0.465174 0 0 1
v 0.67053 0.275312 0.463683 0 0 1
v 0.666984 0.275289 0.46512 0 0 1
v 0.665492 0.275288 0.468644 0 0 1
v 0.66693 0.275309 0.472191 0 0 1
v 0.670454 0.27534 0.473682 0 0 1
v 0.674 0.275363 0.472245 0 0 1
v 0.677204 0.0516165 0.469357 0 0 1
v 0.675766 0.0515954 0.465811 0 0 1
v 0.672242 0.0515642 0.464319 0 0 1
v 0.668696 0.0515412 0.465757 0 0 1
v 0.667204 0.0515398 0.469281 0 0 1
v 0.668641 0.0515609 0.472827 0 0 1
v 0.672165 0.0515921 0.474319 0 0 1
v 0.675712 0.0516151 0.472881 0 0 1
v 0.603397 0.948667 0.0616552 0 0 1
v 0.74658 0.94382 0.997841 0 0 1
v 0.598465 0.949004 0.0624111 0 0 1
v 0.600148 0.952433 0.0621716 0 0 1
v 0.603733 0.953656 0.0616296 0 0 1
v 0.607121 0.951957 0.0611026 0 0 1
v 0.608328 0.948331 0.0608993 0 0 1
v 0.606646 0.944902 0.0611388 0 0 1
v 0.60306 0.943679 0.0616808 0 0 1
v 0.599672 0.945378 0.0622078 0 0 1
v 0.634261 0.947792 0.296458 0 0 1
v 0.635943 0.951221 0.296218 0 0 1
v 0.639529 0.952444 0.295676 0 0 1
v 0.642917 0.950745 0.295149 0 0 1
v 0.644123 0.947119 0.294946 0 0 1
v 0.642441 0.94369 0.295185 0 0 1
v 0.638856 0.942467 0.295727 0 0 1
v 0.635468 0.944166 0.296254 0 0 1
v 0.670057 0.94658 0.530504 0 0 1
v 0.671739 0.950009 0.530264 0 0 1
v 0.675324 0.951232 0.529722 0 0 1
v 0.678713 0.949533 0.529195 0 0 1
v 0.679919 0.945907 0.528992 0 0 1
v 0.678237 0.942478 0.529232 0 0 1
v 0.674652 0.941255 0.529774 0 0 1
v 0.671264 0.942954 0.530301 0 0 1
v 0.705853 0.945368 0.76455 0 0 1
v 0.707535 0.948797 0.764311 0 0 1
v 0.71112 0.95002 0.763769 0 0 1
v 0.714508 0.948321 0.763242 0 0 1
v 0.715715 0.944695 0.763039 0 0 1
v 0.714033 0.941266 0.763278 0 0 1
v 0.710448 0.940043 0.76382 0 0 1
v 0.707059 0.941742 0.764347 0 0 1
v 0.741648 0.944156 0.998597 0 0 1
v 0.743331 0.947585 0.998357 0 0 1
v 0.746916 0.948808 0.997815 0 0 1
v 0.750304 0.94711 0.997288 0 0 1
v 0.751511 0.943484 0.997085 0 0 1
v 0.749829 0.940055 0.997325 0 0 1
v 0.746243 0.938831 0.997867 0 0 1
v 0.742855 0.94053 0.998394 0 0 1
v 0.703193 0.945273 0.714143 0 0 1
v 0.708773 0.0534134 0.708569 0 0 1
v 0.708193 0.945305 0.714174 0 0 1
v 0.70675 0.945318 0.71063 0 0 1
v 0.703224 0.945305 0.709143 0 0 1
v 0.69968 0.945274 0.710585 0 0 1
v 0.698193 0.945242 0.714112 0 0 1
v 0.699636 0.945229 0.717656 0 0 1
v 0.703162 0.945242 0.719143 0 0 1
v 0.706706 0.945273 0.7177 0 0 1
v 0.709588 0.72234 0.712781 0 0 1
v 0.708145 0.722353 0.709236 0 0 1
v 0.704619 0.72234 0.70775 0 0 1
v 0.701075 0.722309 0.709192 0 0 1
v 0.699588 0.722277 0.712718 0 0 1
v 0.701031 0.722264 0.716263 0 0 1
v 0.704557 0.722277 0.717749 0 0 1
v 0.708102 0.722308 0.716307 0 0 1
v 0.710983 0.499374 0.711387 0 0 1
v 0.709541 0.499388 0.707843 0 0 1
v 0.706014 0.499375 0.706356 0 0 1
v 0.70247 0.499344 0.707798 0 0 1
v 0.700983 0.499312 0.711325 0 0 1
v 0.702426 0.499299 0.714869 0 0 1
v 0.705952 0.499312 0.716356 0 0 1
v 0.709497 0.499343 0.714913 0 0 1
v 0.712378 0.276409 0.709994 0 0 1
v 0.710936 0.276423 0.706449 0 0 1
v 0.707409 0.27641 0.704963 0 0 1
v 0.703865 0.276379 0.706405 0 0 1
v 0.702378 0.276347 0.709931 0 0 1
v 0.703821 0.276334 0.713476 0 0 1
v 0.707347 0.276347 0.714962 0 0 1
v 0.710892 0.276378 0.71352 0 0 1
v 0.713773 0.0534445 0.7086 0 0 1
v 0.712331 0.0534576 0.705056 0 0 1
v 0.708804 0.0534448 0.703569 0 0 1
v 0.70526 0.0534136 0.705011 0 0 1
v 0.703773 0.0533823 0.708538 0 0 1
v 0.705216 0.0533692 0.712082 0 0 1
v 0.708742 0.0533819 0.713569 0 0 1
v 0.712287 0.0534131 0.712127 0 0 1
v 0.74658 0.94382 0.997841 0 0 1
v 0.753048 0.0556353 0.998228 0 0 1
v 0.751579 0.943856 0.997877 0 0 1
v 0.750141 0.943844 0.994331 0 0 1
v 0.746616 0.943818 0.992841 0 0 1
v 0.74307 0.943793 0.99428 0 0 1
v 0.74158 0.943783 0.997805 0 0 1
v 0.743018 0.943795 1.00135 0 0 1
v 0.746543 0.943822 1.00284 0 0 1
v 0.750089 0.943847 1.0014 0 0 1
v 0.753196 0.72181 0.997974 0 0 1
v 0.751758 0.721798 0.994428 0 0 1
v 0.748233 0.721772 0.992938 0 0 1
v 0.744687 0.721747 0.994377 0 0 1
v 0.743197 0.721737 0.997901 0 0 1
v 0.744636 0.721749 1.00145 0 0 1
v 0.74816 0.721776 1.00294 0 0 1
v 0.751706 0.721801 1.0015 0 0 1
v 0.754813 0.499764 0.998071 0 0 1
v 0.753375 0.499752 0.994525 0 0 1
v 0.74985 0.499726 0.993035 0 0 1
v 0.746304 0.4997 0.994473 0 0 1
v 0.744814 0.499691 0.997998 0 0 1
v 0.746253 0.499703 1.00154 0 0 1
v 0.749777 0.499729 1.00303 0 0 1
v 0.753323 0.499755 1.0016 0 0 1
v 0.75643 0.277718 0.998168 0 0 1
v 0.754992 0.277706 0.994622 0 0 1
v 0.751467 0.277679 0.993132 0 0 1
v 0.747921 0.277654 0.99457 0 0 1
v 0.746431 0.277645 0.998095 0 0 1
v 0.74787 0.277657 1.00164 0 0 1
v 0.751394 0.277683 1.00313 0 0 1
v 0.75494 0.277709 1.00169 0 0 1
v 0.758048 0.0556717 0.998265 0 0 1
v 0.756609 0.0556597 0.994719 0 0 1
v 0.753084 0.0556334 0.993229 0 0 1
v 0.749538 0.0556082 0.994667 0 0 1
v 0.748048 0.0555989 0.998192 0 0 1
v 0.749487 0.0556109 1.00174 0 0 1
v 0.753011 0.0556372 1.00323 0 0 1
v 0.756557 0.0556624 1.00179 0 0 1
v 0.703193 0.945273 0.714143 0 0 1
v 0.719821 0.0539678 0.780846 0 0 1
v 0.708191 0.945374 0.714236 0 0 1
v 0.706798 0.945082 0.710684 0 0 1
v 0.703293 0.944902 0.709158 0 0 1
v 0.69973 0.94494 0.710552 0 0 1
v 0.698195 0.945173 0.71405 0 0 1
v 0.699588 0.945465 0.717602 0 0 1
v 0.703093 0.945645 0.719128 0 0 1
v 0.706656 0.945607 0.717734 0 0 1
v 0.712348 0.722547 0.730912 0 0 1
v 0.710955 0.722255 0.727359 0 0 1
v 0.70745 0.722076 0.725833 0 0 1
v 0.703887 0.722114 0.727228 0 0 1
v 0.702352 0.722347 0.730726 0 0 1
v 0.703745 0.722639 0.734278 0 0 1
v 0.70725 0.722818 0.735804 0 0 1
v 0.710813 0.72278 0.73441 0 0 1
v 0.716505 0.499721 0.747587 0 0 1
v 0.715112 0.499429 0.744035 0 0 1
v 0.711607 0.499249 0.742509 0 0 1
v 0.708044 0.499287 0.743904 0 0 1
v 0.706509 0.49952 0.747401 0 0 1
v 0.707902 0.499812 0.750954 0 0 1
v 0.711407 0.499992 0.75248 0 0 1
v 0.71497 0.499954 0.751085 0 0 1
v 0.720662 0.276894 0.764263 0 0 1
v 0.719269 0.276603 0.760711 0 0 1
v 0.715764 0.276423 0.759185 0 0 1
v 0.712201 0.276461 0.760579 0 0 1
v 0.710666 0.276694 0.764077 0 0 1
v 0.712059 0.276986 0.76763 0 0 1
v 0.715564 0.277165 0.769155 0 0 1
v 0.719127 0.277128 0.767761 0 0 1
v 0.724819 0.054068 0.780939 0 0 1
v 0.723426 0.0537762 0.777387 0 0 1
v 0.719921 0.0535966 0.775861 0 0 1
v 0.716357 0.0536345 0.777255 0 0 1
v 0.714823 0.0538676 0.780753 0 0 1
v 0.716216 0.0541594 0.784305 0 0 1
v 0.719721 0.054339 0.785831 0 0 1
v 0.723284 0.0543011 0.784437 0 0 1
v 0.980883 0.0434927 0.0749973 0 0 1
v 0.985746 0.0520672 0.959696 0 0 1
v 0.983449 0.0392015 0.0750248 0 0 1
v 0.979663 0.0386441 0.075051 0 0 1
v 0.976592 0.040927 0.0750458 0 0 1
v 0.976034 0.0447128 0.0750122 0 0 1
v 0.978317 0.0477839 0.0749699 0 0 1
v 0.982103 0.0483414 0.0749436 0 0 1
v 0.985174 0.0460585 0.0749489 0 0 1
v 0.985732 0.0422727 0.0749825 0 0 1
v 0.984665 0.0413451 0.296199 0 0 1
v 0.980879 0.0407877 0.296226 0 0 1
v 0.977807 0.0430706 0.29622 0 0 1
v 0.97725 0.0468564 0.296187 0 0 1
v 0.979533 0.0499275 0.296144 0 0 1
v 0.983318 0.050485 0.296118 0 0 1
v 0.98639 0.0482021 0.296123 0 0 1
v 0.986947 0.0444163 0.296157 0 0 1
v 0.985881 0.0434887 0.517374 0 0 1
v 0.982095 0.0429313 0.5174 0 0 1
v 0.979023 0.0452142 0.517395 0 0 1
v 0.978466 0.049 0.517361 0 0 1
v 0.980748 0.0520712 0.517319 0 0 1
v 0.984534 0.0526286 0.517293 0 0 1
v 0.987606 0.0503457 0.517298 0 0 1
v 0.988163 0.0465599 0.517332 0 0 1
v 0.987096 0.0456324 0.738549 0 0 1
v 0.98331 0.0450749 0.738575 0 0 1
v 0.980239 0.0473578 0.738569 0 0 1
v 0.979681 0.0511436 0.738536 0 0 1
v 0.981964 0.0542148 0.738494 0 0 1
v 0.98575 0.0547722 0.738467 0 0 1
v 0.988822 0.0524893 0.738473 0 0 1
v 0.989379 0.0487035 0.738506 0 0 1
v 0.988312 0.047776 0.959723 0 0 1
v 0.984526 0.0472185 0.959749 0 0 1
v 0.981455 0.0495014 0.959744 0 0 1
v 0.980897 0.0532872 0.95971 0 0 1
v 0.98318 0.0563584 0.959668 0 0 1
v 0.986966 0.0569158 0.959642 0 0 1
v 0.990037 0.0546329 0.959647 0 0 1
v 0.990595 0.0508471 0.959681 0 0 1
v 0.982258 0.946046 0.0973454 0 0 1
v 0.980883 0.0434927 0.0749973 0 0 1
v 0.987258 0.946038 0.0973378 0 0 1
v 0.985788 0.946128 0.0938056 0 0 1
v 0.982251 0.946169 0.092347 0 0 1
v 0.978717 0.946138 0.0938164 0 0 1
v 0.977258 0.946053 0.0973531 0 0 1
v 0.978728 0.945963 0.100885 0 0 1
v 0.982266 0.945922 0.102344 0 0 1
v 0.985799 0.945953 0.100874 0 0 1
v 0.986914 0.7204 0.0917508 0 0 1
v 0.985445 0.72049 0.0882186 0 0 1
v 0.981907 0.720531 0.08676 0 0 1
v 0.978374 0.7205 0.0882294 0 0 1
v 0.976914 0.720415 0.091766 0 0 1
v 0.978384 0.720325 0.0952982 0 0 1
v 0.981922 0.720284 0.0967569 0 0 1
v 0.985455 0.720315 0.0952875 0 0 1
v 0.98657 0.494762 0.0861638 0 0 1
v 0.985101 0.494851 0.0826316 0 0 1
v 0.981563 0.494893 0.0811729 0 0 1
v 0.97803 0.494862 0.0826423 0 0 1
v 0.976571 0.494777 0.086179 0 0 1
v 0.97804 0.494687 0.0897112 0 0 1
v 0.981578 0.494645 0.0911699 0 0 1
v 0.985111 0.494676 0.0897004 0 0 1
v 0.986227 0.269124 0.0805767 0 0 1
v 0.984757 0.269213 0.0770445 0 0 1
v 0.981219 0.269255 0.0755859 0 0 1
v 0.977686 0.269224 0.0770553 0 0 1
v 0.976227 0.269138 0.080592 0 0 1
v 0.977696 0.269049 0.0841242 0 0 1
v 0.981234 0.269007 0.0855828 0 0 1
v 0.984767 0.269038 0.0841134 0 0 1
v 0.985883 0.0434853 0.0749897 0 0 1
v 0.984413 0.043575 0.0714575 0 0 1
v 0.980875 0.0436165 0.0699989 0 0 1
v 0.977342 0.0435855 0.0714683 0 0 1
v 0.975883 0.0435002 0.075005 0 0 1
v 0.977353 0.0434105 0.0785372 0 0 1
v 0.98089 0.043369 0.0799958 0 0 1
v 0.984424 0.0434 0.0785264 0 0 1
v 0.990292 0.0445953 0.201088 0 0 1
v 0.989585 0.945568 0.202216 0 0 1
v 0.995292 0.0445992 0.201084 0 0 1
v 0.99383 0.0445936 0.204621 0 0 1
v 0.990295 0.044589 0.206088 0 0 1
v 0.986759 0.0445881 0.204627 0 0 1
v 0.985292 0.0445913 0.201092 0 0 1
v 0.986753 0.0445969 0.197555 0 0 1
v 0.990288 0.0446015 0.196088 0 0 1
v 0.993824 0.0446025 0.19755 0 0 1
v 0.995115 0.269842 0.201366 0 0 1
v 0.993653 0.269837 0.204903 0 0 1
v 0.990119 0.269832 0.20637 0 0 1
v 0.986582 0.269831 0.204908 0 0 1
v 0.985115 0.269835 0.201374 0 0 1
v 0.986577 0.26984 0.197837 0 0 1
v 0.990111 0.269845 0.19637 0 0 1
v 0.993648 0.269846 0.197832 0 0 1
v 0.994938 0.495086 0.201648 0 0 1
v 0.993477 0.49508 0.205185 0 0 1
v 0.989942 0.495076 0.206652 0 0 1
v 0.986406 0.495075 0.20519 0 0 1
v 0.984938 0.495078 0.201656 0 0 1
v 0.9864 0.495083 0.198119 0 0 1
v 0.989934 0.495088 0.196652 0 0 1
v 0.993471 0.495089 0.198114 0 0 1
v 0.994762 0.720329 0.20193 0 0 1
v 0.9933 0.720323 0.205467 0 0 1
v 0.989766 0.720319 0.206934 0 0 1
v 0.986229 0.720318 0.205472 0 0 1
v 0.984762 0.720321 0.201938 0 0 1
v 0.986223 0.720327 0.198401 0 0 1
v 0.989758 0.720331 0.196934 0 0 1
v 0.993294 0.720332 0.198396 0 0 1
v 0.994585 0.945572 0.202212 0 0 1
v 0.993123 0.945567 0.205749 0 0 1
v 0.989589 0.945562 0.207216 0 0 1
v 0.986052 0.945561 0.205754 0 0 1
v 0.984585 0.945564 0.20222 0 0 1
v 0.986047 0.94557 0.198683 0 0 1
v 0.989581 0.945575 0.197216 0 0 1
v 0.993118 0.945575 0.198678 0 0 1
v 0.982509 0.0473326 0.47041 0 0 1
v 0.984804 0.944488 0.46789 0 0 1
v 0.987509 0.0473198 0.470423 0 0 1
v 0.986035 0.0473335 0.473955 0 0 1
v 0.982496 0.0473466 0.47541 0 0 1
v 0.978964 0.0473515 0.473937 0 0 1
v 0.977509 0.0473453 0.470398 0 0 1
v 0.978982 0.0473316 0.466866 0 0 1
v 0.982521 0.0473185 0.46541 0 0 1
v 0.986053 0.0473136 0.466884 0 0 1
v 0.988082 0.271609 0.469793 0 0 1
v 0.986609 0.271622 0.473325 0 0 1
v 0.98307 0.271635 0.47478 0 0 1
v 0.979538 0.27164 0.473307 0 0 1
v 0.978083 0.271634 0.469768 0 0 1
v 0.979556 0.27162 0.466236 0 0 1
v 0.983095 0.271607 0.46478 0 0 1
v 0.986627 0.271602 0.466254 0 0 1
v 0.988656 0.495897 0.469163 0 0 1
v 0.987183 0.495911 0.472695 0 0 1
v 0.983644 0.495924 0.47415 0 0 1
v 0.980112 0.495929 0.472677 0 0 1
v 0.978656 0.495923 0.469138 0 0 1
v 0.98013 0.495909 0.465606 0 0 1
v 0.983669 0.495896 0.46415 0 0 1
v 0.987201 0.495891 0.465624 0 0 1
v 0.98923 0.720186 0.468533 0 0 1
v 0.987757 0.7202 0.472065 0 0 1
v 0.984218 0.720213 0.47352 0 0 1
v 0.980686 0.720218 0.472047 0 0 1
v 0.97923 0.720212 0.468508 0 0 1
v 0.980704 0.720198 0.464976 0 0 1
v 0.984243 0.720185 0.46352 0 0 1
v 0.987775 0.72018 0.464994 0 0 1
v 0.989804 0.944475 0.467903 0 0 1
v 0.988331 0.944489 0.471435 0 0 1
v 0.984791 0.944502 0.47289 0 0 1
v 0.98126 0.944507 0.471417 0 0 1
v 0.979804 0.944501 0.467878 0 0 1
v 0.981278 0.944487 0.464346 0 0 1
v 0.984817 0.944474 0.46289 0 0 1
v 0.988349 0.944469 0.464364 0 0 1
v 0.988029 0.942417 0.957855 0 0 1
v 0.982258 0.946046 0.0973454 0 0 1
v 0.993029 0.942417 0.957822 0 0 1
v 0.991564 0.945953 0.957846 0 0 1
v 0.988029 0.947417 0.957876 0 0 1
v 0.984493 0.945953 0.957894 0 0 1
v 0.983029 0.942417 0.957889 0 0 1
v 0.984493 0.938882 0.957864 0 0 1
v 0.988029 0.937417 0.957834 0 0 1
v 0.991564 0.938882 0.957817 0 0 1
v 0.991586 0.943324 0.742694 0 0 1
v 0.990122 0.94686 0.742719 0 0 1
v 0.986586 0.948324 0.742749 0 0 1
v 0.983051 0.94686 0.742766 0 0 1
v 0.981586 0.943324 0.742761 0 0 1
v 0.983051 0.939789 0.742737 0 0 1
v 0.986586 0.938324 0.742707 0 0 1
v 0.990121 0.939789 0.742689 0 0 1
v 0.990143 0.944231 0.527567 0 0 1
v 0.988679 0.947767 0.527592 0 0 1
v 0.985144 0.949231 0.527621 0 0 1
v 0.981608 0.947767 0.527639 0 0 1
v 0.980144 0.944231 0.527634 0 0 1
v 0.981608 0.940696 0.527609 0 0 1
v 0.985143 0.939231 0.527579 0 0 1
v 0.988679 0.940696 0.527562 0 0 1
v 0.988701 0.945139 0.312439 0 0 1
v 0.987236 0.948674 0.312464 0 0 1
v 0.983701 0.950139 0.312494 0 0 1
v 0.980165 0.948674 0.312512 0 0 1
v 0.978701 0.945138 0.312506 0 0 1
v 0.980165 0.941603 0.312482 0 0 1
v 0.983701 0.940139 0.312452 0 0 1
v 0.987236 0.941603 0.312434 0 0 1
v 0.987258 0.946046 0.0973119 0 0 1
v 0.985794 0.949581 0.0973366 0 0 1
v 0.982258 0.951046 0.0973665 0 0 1
v 0.978723 0.949581 0.0973841 0 0 1
v 0.977258 0.946046 0.097379 0 0 1
v 0.978723 0.94251 0.0973542 0 0 1
v 0.982258 0.941046 0.0973244 0 0 1
v 0.985794 0.94251 0.0973068 0 0 1
v 0.982258 0.946046 0.0973454 0 0 1
v 0.981965 0.802431 0.0927155 0 0 1
v 0.987258 0.946036 0.0973352 0 0 1
v 0.985787 0.946153 0.0938045 0 0 1
v 0.982248 0.946207 0.092348 0 0 1
v 0.978716 0.946167 0.093819 0 0 1
v 0.977258 0.946056 0.0973556 0 0 1
v 0.97873 0.945939 0.100886 0 0 1
v 0.982268 0.945885 0.102343 0 0 1
v 0.985801 0.945925 0.100872 0 0 1
v 0.987185 0.910132 0.0961777 0 0 1
v 0.985713 0.910249 0.092647 0 0 1
v 0.982175 0.910303 0.0911906 0 0 1
v 0.978642 0.910263 0.0926615 0 0 1
v 0.977185 0.910152 0.0961982 0 0 1
v 0.978656 0.910035 0.0997289 0 0 1
v 0.982195 0.909981 0.101185 0 0 1
v 0.985727 0.910021 0.0997144 0 0 1
v 0.987112 0.874229 0.0950203 0 0 1
v 0.98564 0.874345 0.0914896 0 0 1
v 0.982102 0.8744 0.0900331 0 0 1
v 0.978569 0.874359 0.091504 0 0 1
v 0.977112 0.874248 0.0950407 0 0 1
v 0.978583 0.874132 0.0985714 0 0 1
v 0.982121 0.874077 0.100028 0 0 1
v 0.985654 0.874118 0.0985569 0 0 1
v 0.987038 0.838325 0.0938628 0 0 1
v 0.985567 0.838442 0.0903321 0 0 1
v 0.982028 0.838496 0.0888756 0 0 1
v 0.978496 0.838456 0.0903465 0 0 1
v 0.977038 0.838345 0.0938832 0 0 1
v 0.97851 0.838228 0.0974139 0 0 1
v 0.982048 0.838174 0.0988704 0 0 1
v 0.985581 0.838214 0.0973994 0 0 1
v 0.986965 0.802421 0.0927053 0 0 1
v 0.985494 0.802538 0.0891746 0 0 1
v 0.981955 0.802592 0.0877181 0 0 1
v 0.978422 0.802552 0.089189 0 0 1
v 0.976965 0.802441 0.0927257 0 0 1
v 0.978436 0.802324 0.0962564 0 0 1
v 0.981975 0.80227 0.0977129 0 0 1
v 0.985507 0.80231 0.096242 0 0 1
v 0.984211 0.0498223 0.727711 0 0 1
v 0.98659 0.95271 0.73567 0 0 1
v 0.989211 0.0498091 0.727724 0 0 1
v 0.987737 0.0497818 0.731256 0 0 1
v 0.984198 0.0497783 0.732711 0 0 1
v 0.980666 0.0498006 0.731237 0 0 1
v 0.979211 0.0498356 0.727698 0 0 1
v 0.980685 0.0498629 0.724166 0 0 1
v 0.984224 0.0498664 0.722711 0 0 1
v 0.987756 0.0498441 0.724185 0 0 1
v 0.989806 0.275531 0.729714 0 0 1
v 0.988332 0.275504 0.733245 0 0 1
v 0.984793 0.2755 0.734701 0 0 1
v 0.981261 0.275522 0.733227 0 0 1
v 0.979806 0.275557 0.729688 0 0 1
v 0.98128 0.275585 0.726156 0 0 1
v 0.984819 0.275588 0.724701 0 0 1
v 0.988351 0.275566 0.726175 0 0 1
v 0.990401 0.501253 0.731704 0 0 1
v 0.988927 0.501225 0.735235 0 0 1
v 0.985387 0.501222 0.73669 0 0 1
v 0.981856 0.501244 0.735216 0 0 1
v 0.980401 0.501279 0.731677 0 0 1
v 0.981874 0.501306 0.728146 0 0 1
v 0.985414 0.50131 0.726691 0 0 1
v 0.988946 0.501288 0.728164 0 0 1
v 0.990995 0.726974 0.733693 0 0 1
v 0.989521 0.726947 0.737225 0 0 1
v 0.985982 0.726944 0.73868 0 0 1
v 0.98245 0.726966 0.737206 0 0 1
v 0.980995 0.727001 0.733667 0 0 1
v 0.982469 0.727028 0.730135 0 0 1
v 0.986009 0.727032 0.72868 0 0 1
v 0.98954 0.727009 0.730154 0 0 1
v 0.99159 0.952696 0.735683 0 0 1
v 0.990116 0.952669 0.739214 0 0 1
v 0.986577 0.952665 0.74067 0 0 1
v 0.983045 0.952688 0.739196 0 0 1
v 0.98159 0.952723 0.735657 0 0 1
v 0.983064 0.95275 0.732125 0 0 1
v 0.986603 0.952754 0.73067 0 0 1
v 0.990135 0.952731 0.732144 0 0 1
v 0.985746 0.0520672 0.959696 0 0 1
v 0.988029 0.942417 0.957855 0 0 1
v 0.990746 0.0520544 0.959708 0 0 1
v 0.989273 0.0520654 0.96324 0 0 1
v 0.985733 0.0520775 0.964696 0 0 1
v 0.982202 0.0520835 0.963222 0 0 1
v 0.980746 0.05208 0.959683 0 0 1
v 0.98222 0.0520689 0.956151 0 0 1
v 0.985759 0.0520568 0.954696 0 0 1
v 0.989291 0.0520508 0.956169 0 0 1
v 0.991317 0.274642 0.959248 0 0 1
v 0.989843 0.274653 0.96278 0 0 1
v 0.986304 0.274665 0.964235 0 0 1
v 0.982772 0.274671 0.962762 0 0 1
v 0.981317 0.274667 0.959223 0 0 1
v 0.98279 0.274656 0.955691 0 0 1
v 0.98633 0.274644 0.954236 0 0 1
v 0.989861 0.274638 0.955709 0 0 1
v 0.991887 0.497229 0.958788 0 0 1
v 0.990414 0.49724 0.96232 0 0 1
v 0.986875 0.497253 0.963775 0 0 1
v 0.983343 0.497259 0.962302 0 0 1
v 0.981887 0.497255 0.958763 0 0 1
v 0.983361 0.497244 0.955231 0 0 1
v 0.9869 0.497232 0.953775 0 0 1
v 0.990432 0.497226 0.955249 0 0 1
v 0.992458 0.719817 0.958328 0 0 1
v 0.990985 0.719828 0.96186 0 0 1
v 0.987445 0.71984 0.963315 0 0 1
v 0.983914 0.719846 0.961842 0 0 1
v 0.982458 0.719842 0.958303 0 0 1
v 0.983932 0.719831 0.954771 0 0 1
v 0.987471 0.719819 0.953315 0 0 1
v 0.991003 0.719813 0.954789 0 0 1
v 0.993029 0.942404 0.957868 0 0 1
v 0.991555 0.942415 0.9614 0 0 1
v 0.988016 0.942427 0.962855 0 0 1
v 0.984484 0.942433 0.961382 0 0 1
v 0.983029 0.94243 0.957842 0 0 1
v 0.984502 0.942419 0.954311 0 0 1
v 0.988042 0.942407 0.952855 0 0 1
v 0.991573 0.942401 0.954329 0 0 1
v 0.984712 0.0505544 0.803368 0 0 1
v 0.98659 0.95271 0.73567 0 0 1
v 0.989712 0.0505448 0.803378 0 0 1
v 0.98824 0.0508122 0.806901 0 0 1
v 0.984702 0.0509286 0.808354 0 0 1
v 0.981169 0.0508258 0.806886 0 0 1
v 0.979712 0.0505641 0.803357 0 0 1
v 0.981183 0.0502967 0.799835 0 0 1
v 0.984721 0.0501803 0.798382 0 0 1
v 0.988254 0.0502831 0.799849 0 0 1
v 0.990181 0.276084 0.786454 0 0 1
v 0.98871 0.276351 0.789976 0 0 1
v 0.985172 0.276467 0.791429 0 0 1
v 0.981639 0.276365 0.789961 0 0 1
v 0.980181 0.276103 0.786433 0 0 1
v 0.981653 0.275835 0.78291 0 0 1
v 0.985191 0.275719 0.781457 0 0 1
v 0.988724 0.275822 0.782925 0 0 1
v 0.990651 0.501622 0.769529 0 0 1
v 0.98918 0.50189 0.773052 0 0 1
v 0.985641 0.502006 0.774505 0 0 1
v 0.982109 0.501903 0.773037 0 0 1
v 0.980651 0.501642 0.769508 0 0 1
v 0.982122 0.501374 0.765986 0 0 1
v 0.985661 0.501258 0.764533 0 0 1
v 0.989193 0.501361 0.766 0 0 1
v 0.99112 0.727161 0.752605 0 0 1
v 0.989649 0.727429 0.756127 0 0 1
v 0.986111 0.727545 0.75758 0 0 1
v 0.982578 0.727442 0.756112 0 0 1
v 0.981121 0.72718 0.752584 0 0 1
v 0.982592 0.726913 0.749061 0 0 1
v 0.98613 0.726797 0.747608 0 0 1
v 0.989663 0.726899 0.749076 0 0 1
v 0.99159 0.9527 0.73568 0 0 1
v 0.990119 0.952967 0.739203 0 0 1
v 0.98658 0.953084 0.740656 0 0 1
v 0.983048 0.952981 0.739188 0 0 1
v 0.98159 0.952719 0.735659 0 0 1
v 0.983061 0.952452 0.732137 0 0 1
v 0.9866 0.952335 0.730684 0 0 1
v 0.990132 0.952438 0.732151 0 0 1
v 0.980883 0.0434927 0.0749973 0 0 1
v 0.0214634 0.0558025 -0.0120231 0 0 1
v 0.981335 0.0435511 0.0700182 0 0 1
v 0.981244 0.047069 0.0715217 0 0 1
v 0.980941 0.048492 0.0750612 0 0 1
v 0.980604 0.0469865 0.0785633 0 0 1
v 0.98043 0.0434344 0.0799765 0 0 1
v 0.980522 0.0399165 0.078473 0 0 1
v 0.980824 0.0384935 0.0749335 0 0 1
v 0.981161 0.039999 0.0714314 0 0 1
v 0.74148 0.0466285 0.0482631 0 0 1
v 0.741389 0.0501464 0.0497666 0 0 1
v 0.741086 0.0515694 0.0533061 0 0 1
v 0.740749 0.0500639 0.0568082 0 0 1
v 0.740576 0.0465118 0.0582214 0 0 1
v 0.740667 0.0429939 0.0567179 0 0 1
v 0.74097 0.0415709 0.0531783 0 0 1
v 0.741307 0.0430764 0.0496763 0 0 1
v 0.501625 0.0497059 0.026508 0 0 1
v 0.501534 0.0532239 0.0280115 0 0 1
v 0.501231 0.0546469 0.031551 0 0 1
v 0.500895 0.0531413 0.0350531 0 0 1
v 0.500721 0.0495893 0.0364663 0 0 1
v 0.500812 0.0460713 0.0349627 0 0 1
v 0.501115 0.0446483 0.0314232 0 0 1
v 0.501452 0.0461539 0.0279212 0 0 1
v 0.261771 0.0527834 0.00475287 0 0 1
v 0.261679 0.0563013 0.0062564 0 0 1
v 0.261377 0.0577243 0.0097959 0 0 1
v 0.26104 0.0562188 0.013298 0 0 1
v 0.260866 0.0526667 0.0147112 0 0 1
v 0.260957 0.0491488 0.0132076 0 0 1
v 0.26126 0.0477258 0.00966814 0 0 1
v 0.261597 0.0492313 0.00616605 0 0 1
v 0.0219158 0.0558608 -0.0170022 0 0 1
v 0.0218246 0.0593787 -0.0154987 0 0 1
v 0.0215218 0.0608017 -0.0119592 0 0 1
v 0.0211848 0.0592962 -0.00845712 0 0 1
v 0.0210111 0.0557441 -0.00704393 0 0 1
v 0.0211023 0.0522262 -0.00854747 0 0 1
v 0.0214051 0.0508032 -0.012087 0 0 1
v 0.021742 0.0523087 -0.0155891 0 0 1
v 0.0214634 0.0558025 -0.0120231 0 0 1
v 0.0243744 0.057991 0.216135 0 0 1
v 0.0200752 0.0509995 -0.0119593 0 0 1
v 0.0170856 0.0533884 -0.0119441 0 0 1
v 0.0166605 0.0571914 -0.0119751 0 0 1
v 0.0190489 0.0601808 -0.0120343 0 0 1
v 0.0228517 0.0606054 -0.0120869 0 0 1
v 0.0258413 0.0582166 -0.0121021 0 0 1
v 0.0262664 0.0544136 -0.012071 0 0 1
v 0.023878 0.0514241 -0.0120119 0 0 1
v 0.0208029 0.0515466 0.0450803 0 0 1
v 0.0178133 0.0539355 0.0450956 0 0 1
v 0.0173882 0.0577385 0.0450645 0 0 1
v 0.0197766 0.0607279 0.0450054 0 0 1
v 0.0235795 0.0611526 0.0449528 0 0 1
v 0.0265691 0.0587637 0.0449375 0 0 1
v 0.0269942 0.0549607 0.0449686 0 0 1
v 0.0246057 0.0519713 0.0450277 0 0 1
v 0.0215306 0.0520938 0.10212 0 0 1
v 0.018541 0.0544826 0.102135 0 0 1
v 0.0181159 0.0582857 0.102104 0 0 1
v 0.0205044 0.0612751 0.102045 0 0 1
v 0.0243072 0.0616997 0.101992 0 0 1
v 0.0272968 0.0593109 0.101977 0 0 1
v 0.0277219 0.0555078 0.102008 0 0 1
v 0.0253335 0.0525184 0.102067 0 0 1
v 0.0222584 0.0526409 0.15916 0 0 1
v 0.0192688 0.0550298 0.159175 0 0 1
v 0.0188437 0.0588328 0.159144 0 0 1
v 0.0212321 0.0618222 0.159085 0 0 1
v 0.0250349 0.0622469 0.159032 0 0 1
v 0.0280245 0.059858 0.159017 0 0 1
v 0.0284496 0.056055 0.159048 0 0 1
v 0.0260612 0.0530656 0.159107 0 0 1
v 0.0229861 0.0531881 0.216199 0 0 1
v 0.0199965 0.0555769 0.216214 0 0 1
v 0.0195714 0.05938 0.216183 0 0 1
v 0.0219598 0.0623694 0.216124 0 0 1
v 0.0257627 0.062794 0.216072 0 0 1
v 0.0287523 0.0604051 0.216056 0 0 1
v 0.0291774 0.0566021 0.216087 0 0 1
v 0.0267889 0.0536127 0.216147 0 0 1
v 0.0243744 0.057991 0.216135 0 0 1
v 0.990292 0.0445953 0.201088 0 0 1
v 0.0244532 0.0580593 0.221134 0 0 1
v 0.0244784 0.0615742 0.219621 0 0 1
v 0.0244426 0.0629901 0.216066 0 0 1
v 0.0243669 0.0614776 0.212552 0 0 1
v 0.0242956 0.0579228 0.211137 0 0 1
v 0.0242704 0.0544079 0.21265 0 0 1
v 0.0243061 0.052992 0.216205 0 0 1
v 0.0243819 0.0545044 0.219719 0 0 1
v 0.265932 0.0547103 0.217373 0 0 1
v 0.265958 0.0582252 0.215859 0 0 1
v 0.265922 0.0596411 0.212304 0 0 1
v 0.265846 0.0581287 0.20879 0 0 1
v 0.265775 0.0545738 0.207375 0 0 1
v 0.26575 0.051059 0.208888 0 0 1
v 0.265785 0.049643 0.212443 0 0 1
v 0.265861 0.0511555 0.215957 0 0 1
v 0.507412 0.0513614 0.213611 0 0 1
v 0.507437 0.0548763 0.212098 0 0 1
v 0.507401 0.0562922 0.208542 0 0 1
v 0.507325 0.0547798 0.205028 0 0 1
v 0.507254 0.0512249 0.203613 0 0 1
v 0.507229 0.04771 0.205126 0 0 1
v 0.507265 0.0462941 0.208681 0 0 1
v 0.50734 0.0478065 0.212196 0 0 1
v 0.748891 0.0480124 0.209849 0 0 1
v 0.748916 0.0515273 0.208336 0 0 1
v 0.748881 0.0529433 0.204781 0 0 1
v 0.748805 0.0514308 0.201266 0 0 1
v 0.748733 0.0478759 0.199851 0 0 1
v 0.748708 0.0443611 0.201364 0 0 1
v 0.748744 0.0429451 0.204919 0 0 1
v 0.74882 0.0444576 0.208434 0 0 1
v 0.99037 0.0446635 0.206087 0 0 1
v 0.990396 0.0481784 0.204574 0 0 1
v 0.99036 0.0495943 0.201019 0 0 1
v 0.990284 0.0480819 0.197504 0 0 1
v 0.990213 0.044527 0.196089 0 0 1
v 0.990188 0.0410121 0.197602 0 0 1
v 0.990223 0.0395962 0.201158 0 0 1
v 0.990299 0.0411086 0.204672 0 0 1
v 0.182901 0.0582728 0.467598 0 0 1
v 0.982509 0.0473326 0.47041 0 0 1
v 0.182884 0.0583414 0.472598 0 0 1
v 0.182937 0.0618562 0.471085 0 0 1
v 0.182969 0.0632718 0.46753 0 0 1
v 0.182961 0.0617591 0.464015 0 0 1
v 0.182917 0.0582041 0.462599 0 0 1
v 0.182864 0.0546894 0.464111 0 0 1
v 0.182832 0.0532737 0.467667 0 0 1
v 0.18284 0.0547864 0.471182 0 0 1
v 0.382786 0.0556064 0.473301 0 0 1
v 0.382839 0.0591211 0.471788 0 0 1
v 0.382871 0.0605368 0.468233 0 0 1
v 0.382863 0.059024 0.464718 0 0 1
v 0.382819 0.0554691 0.463302 0 0 1
v 0.382766 0.0519543 0.464814 0 0 1
v 0.382734 0.0505387 0.46837 0 0 1
v 0.382742 0.0520514 0.471885 0 0 1
v 0.582688 0.0528713 0.474004 0 0 1
v 0.582741 0.0563861 0.472491 0 0 1
v 0.582773 0.0578017 0.468936 0 0 1
v 0.582765 0.056289 0.465421 0 0 1
v 0.582721 0.052734 0.464005 0 0 1
v 0.582668 0.0492193 0.465517 0 0 1
v 0.582636 0.0478036 0.469073 0 0 1
v 0.582644 0.0493163 0.472588 0 0 1
v 0.78259 0.0501362 0.474707 0 0 1
v 0.782643 0.053651 0.473194 0 0 1
v 0.782675 0.0550667 0.469639 0 0 1
v 0.782667 0.0535539 0.466124 0 0 1
v 0.782623 0.049999 0.464708 0 0 1
v 0.78257 0.0464842 0.46622 0 0 1
v 0.782538 0.0450686 0.469776 0 0 1
v 0.782546 0.0465813 0.473291 0 0 1
v 0.982492 0.0474012 0.47541 0 0 1
v 0.982545 0.050916 0.473897 0 0 1
v 0.982577 0.0523316 0.470342 0 0 1
v 0.982569 0.0508189 0.466827 0 0 1
v 0.982525 0.0472639 0.465411 0 0 1
v 0.982472 0.0437492 0.466924 0 0 1
v 0.98244 0.0423335 0.470479 0 0 1
v 0.982448 0.0438462 0.473994 0 0 1
v 0.350693 0.0515784 0.0178419 0 0 1
v 0.516256 0.0559233 0.69519 0 0 1
v 0.345843 0.0513199 0.0190291 0 0 1
v 0.347081 0.0549263 0.0187034 0 0 1
v 0.350434 0.0565716 0.0178731 0 0 1
v 0.35394 0.0552919 0.0170245 0 0 1
v 0.355543 0.0518369 0.0166547 0 0 1
v 0.354305 0.0482304 0.0169804 0 0 1
v 0.350951 0.0465851 0.0178108 0 0 1
v 0.347446 0.0478648 0.0186593 0 0 1
v 0.387234 0.0524061 0.188366 0 0 1
v 0.388471 0.0560125 0.18804 0 0 1
v 0.391825 0.0576578 0.18721 0 0 1
v 0.39533 0.0563781 0.186361 0 0 1
v 0.396934 0.0529231 0.185992 0 0 1
v 0.395696 0.0493166 0.186317 0 0 1
v 0.392342 0.0476714 0.187148 0 0 1
v 0.388837 0.0489511 0.187996 0 0 1
v 0.428624 0.0534923 0.357703 0 0 1
v 0.429862 0.0570988 0.357377 0 0 1
v 0.433216 0.0587441 0.356547 0 0 1
v 0.436721 0.0574644 0.355698 0 0 1
v 0.438325 0.0540093 0.355329 0 0 1
v 0.437087 0.0504029 0.355654 0 0 1
v 0.433733 0.0487576 0.356485 0 0 1
v 0.430228 0.0500373 0.357333 0 0 1
v 0.470015 0.0545786 0.52704 0 0 1
v 0.471253 0.058185 0.526714 0 0 1
v 0.474607 0.0598303 0.525884 0 0 1
v 0.478112 0.0585506 0.525035 0 0 1
v 0.479715 0.0550956 0.524666 0 0 1
v 0.478478 0.0514891 0.524991 0 0 1
v 0.475124 0.0498439 0.525822 0 0 1
v 0.471619 0.0511236 0.52667 0 0 1
v 0.511406 0.0556648 0.696377 0 0 1
v 0.512644 0.0592713 0.696051 0 0 1
v 0.515998 0.0609165 0.695221 0 0 1
v 0.519503 0.0596368 0.694372 0 0 1
v 0.521106 0.0561818 0.694002 0 0 1
v 0.519869 0.0525754 0.694328 0 0 1
v 0.516515 0.0509301 0.695159 0 0 1
v 0.513009 0.0522098 0.696007 0 0 1
v 0.990292 0.0445953 0.201088 0 0 1
v 0.980883 0.0434927 0.0749973 0 0 1
v 0.995278 0.0445936 0.200716 0 0 1
v 0.993816 0.0481295 0.200794 0 0 1
v 0.99029 0.0495951 0.201045 0 0 1
v 0.986765 0.0481318 0.20132 0 0 1
v 0.985305 0.0445969 0.20146 0 0 1
v 0.986767 0.041061 0.201382 0 0 1
v 0.990293 0.0395954 0.201132 0 0 1
v 0.993818 0.0410587 0.200856 0 0 1
v 0.992926 0.044318 0.169193 0 0 1
v 0.991464 0.0478539 0.169272 0 0 1
v 0.987938 0.0493194 0.169522 0 0 1
v 0.984412 0.0478562 0.169798 0 0 1
v 0.982953 0.0443212 0.169938 0 0 1
v 0.984415 0.0407854 0.169859 0 0 1
v 0.987941 0.0393198 0.169609 0 0 1
v 0.991466 0.0407831 0.169333 0 0 1
v 0.990573 0.0440424 0.137671 0 0 1
v 0.989112 0.0475782 0.137749 0 0 1
v 0.985586 0.0490438 0.137999 0 0 1
v 0.98206 0.0475805 0.138275 0 0 1
v 0.980601 0.0440456 0.138415 0 0 1
v 0.982063 0.0405097 0.138337 0 0 1
v 0.985589 0.0390442 0.138086 0 0 1
v 0.989114 0.0405074 0.137811 0 0 1
v 0.988221 0.0437667 0.106148 0 0 1
v 0.98676 0.0473026 0.106226 0 0 1
v 0.983233 0.0487682 0.106476 0 0 1
v 0.979708 0.0473049 0.106752 0 0 1
v 0.978249 0.04377 0.106892 0 0 1
v 0.97971 0.0402341 0.106814 0 0 1
v 0.983237 0.0387686 0.106564 0 0 1
v 0.986762 0.0402318 0.106288 0 0 1
v 0.985869 0.0434911 0.0746253 0 0 1
v 0.984407 0.047027 0.0747034 0 0 1
v 0.980881 0.0484925 0.0749537 0 0 1
v 0.977356 0.0470293 0.0752296 0 0 1
v 0.975897 0.0434944 0.0753694 0 0 1
v 0.977358 0.0399585 0.0752912 0 0 1
v 0.980884 0.0384929 0.0750409 0 0 1
v 0.98441 0.0399562 0.0747651 0 0 1
v 0.516256 0.0559233 0.69519 0 0 1
v 0.984211 0.0498223 0.727711 0 0 1
v 0.51591 0.055993 0.700177 0 0 1
v 0.516061 0.0595075 0.69867 0 0 1
v 0.516326 0.0609224 0.695125 0 0 1
v 0.51655 0.0594089 0.691617 0 0 1
v 0.516602 0.0558536 0.690202 0 0 1
v 0.516451 0.0523391 0.691709 0 0 1
v 0.516186 0.0509242 0.695255 0 0 1
v 0.515962 0.0524377 0.698762 0 0 1
v 0.632899 0.0544678 0.708308 0 0 1
v 0.63305 0.0579822 0.706801 0 0 1
v 0.633315 0.0593972 0.703255 0 0 1
v 0.633539 0.0578837 0.699747 0 0 1
v 0.633591 0.0543284 0.698332 0 0 1
v 0.63344 0.0508139 0.699839 0 0 1
v 0.633175 0.049399 0.703385 0 0 1
v 0.632951 0.0509125 0.706893 0 0 1
v 0.749888 0.0529425 0.716438 0 0 1
v 0.750038 0.056457 0.714931 0 0 1
v 0.750303 0.0578719 0.711385 0 0 1
v 0.750527 0.0563584 0.707878 0 0 1
v 0.750579 0.0528031 0.706463 0 0 1
v 0.750429 0.0492887 0.70797 0 0 1
v 0.750164 0.0478737 0.711515 0 0 1
v 0.74994 0.0493872 0.715023 0 0 1
v 0.866877 0.0514173 0.724568 0 0 1
v 0.867027 0.0549318 0.723061 0 0 1
v 0.867292 0.0563467 0.719516 0 0 1
v 0.867516 0.0548332 0.716008 0 0 1
v 0.867568 0.0512779 0.714593 0 0 1
v 0.867418 0.0477634 0.7161 0 0 1
v 0.867153 0.0463485 0.719646 0 0 1
v 0.866929 0.047862 0.723153 0 0 1
v 0.983865 0.049892 0.732699 0 0 1
v 0.984016 0.0534065 0.731192 0 0 1
v 0.984281 0.0548214 0.727646 0 0 1
v 0.984505 0.053308 0.724138 0 0 1
v 0.984557 0.0497527 0.722724 0 0 1
v 0.984406 0.0462382 0.72423 0 0 1
v 0.984141 0.0448233 0.727776 0 0 1
v 0.983917 0.0463367 0.731284 0 0 1
v 0.753048 0.0556353 0.998228 0 0 1
v 0.985746 0.0520672 0.959696 0 0 1
v 0.753865 0.0556994 1.00316 0 0 1
v 0.753671 0.0592155 1.00166 0 0 1
v 0.753112 0.0606343 0.998153 0 0 1
v 0.752515 0.0591248 0.994687 0 0 1
v 0.75223 0.0555712 0.993296 0 0 1
v 0.752424 0.0520551 0.994794 0 0 1
v 0.752984 0.0506363 0.998304 0 0 1
v 0.753581 0.0521458 1.00177 0 0 1
v 0.81204 0.0548074 0.993527 0 0 1
v 0.811846 0.0583234 0.992029 0 0 1
v 0.811286 0.0597423 0.98852 0 0 1
v 0.810689 0.0582327 0.985054 0 0 1
v 0.810405 0.0546791 0.983663 0 0 1
v 0.810599 0.0511631 0.985161 0 0 1
v 0.811158 0.0497442 0.988671 0 0 1
v 0.811755 0.0512538 0.992136 0 0 1
v 0.870215 0.0539154 0.983894 0 0 1
v 0.870021 0.0574314 0.982396 0 0 1
v 0.869461 0.0588502 0.978886 0 0 1
v 0.868864 0.0573407 0.975421 0 0 1
v 0.868579 0.0537871 0.97403 0 0 1
v 0.868773 0.050271 0.975528 0 0 1
v 0.869333 0.0488522 0.979038 0 0 1
v 0.86993 0.0503617 0.982503 0 0 1
v 0.928389 0.0530233 0.974261 0 0 1
v 0.928195 0.0565394 0.972763 0 0 1
v 0.927636 0.0579582 0.969253 0 0 1
v 0.927039 0.0564487 0.965788 0 0 1
v 0.926754 0.0528951 0.964397 0 0 1
v 0.926948 0.049379 0.965895 0 0 1
v 0.927507 0.0479602 0.969404 0 0 1
v 0.928104 0.0494697 0.97287 0 0 1
v 0.986564 0.0521313 0.964628 0 0 1
v 0.98637 0.0556473 0.96313 0 0 1
v 0.98581 0.0570662 0.95962 0 0 1
v 0.985213 0.0555567 0.956154 0 0 1
v 0.984928 0.052003 0.954763 0 0 1
v 0.985123 0.048487 0.956261 0 0 1
v 0.985682 0.0470681 0.959771 0 0 1
v 0.986279 0.0485777 0.963237 0 0 1
v 0.719821 0.0539678 0.780846 0 0 1
v 0.984712 0.0505544 0.803368 0 0 1
v 0.719398 0.0540377 0.785828 0 0 1
v 0.719571 0.0575521 0.784323 0 0 1
v 0.719891 0.0589669 0.780782 0 0 1
v 0.720169 0.0574533 0.777278 0 0 1
v 0.720243 0.0538979 0.775864 0 0 1
v 0.72007 0.0503835 0.777369 0 0 1
v 0.719751 0.0489687 0.78091 0 0 1
v 0.719473 0.0504823 0.784414 0 0 1
v 0.785621 0.0531843 0.791458 0 0 1
v 0.785794 0.0566988 0.789954 0 0 1
v 0.786113 0.0581136 0.786412 0 0 1
v 0.786392 0.0565999 0.782909 0 0 1
v 0.786466 0.0530446 0.781495 0 0 1
v 0.786293 0.0495302 0.782999 0 0 1
v 0.785974 0.0481154 0.786541 0 0 1
v 0.785695 0.049629 0.790044 0 0 1
v 0.851844 0.052331 0.797088 0 0 1
v 0.852017 0.0558454 0.795584 0 0 1
v 0.852336 0.0572602 0.792043 0 0 1
v 0.852615 0.0557466 0.788539 0 0 1
v 0.852689 0.0521912 0.787125 0 0 1
v 0.852516 0.0486768 0.78863 0 0 1
v 0.852196 0.047262 0.792171 0 0 1
v 0.851918 0.0487756 0.795675 0 0 1
v 0.918066 0.0514777 0.802719 0 0 1
v 0.91824 0.0549921 0.801214 0 0 1
v 0.918559 0.0564069 0.797673 0 0 1
v 0.918837 0.0548933 0.794169 0 0 1
v 0.918912 0.0513379 0.792756 0 0 1
v 0.918738 0.0478235 0.79426 0 0 1
v 0.918419 0.0464087 0.797801 0 0 1
v 0.918141 0.0479223 0.801305 0 0 1
v 0.984289 0.0506243 0.808349 0 0 1
v 0.984462 0.0541388 0.806845 0 0 1
v 0.984782 0.0555535 0.803303 0 0 1
v 0.98506 0.0540399 0.7998 0 0 1
v 0.985134 0.0504846 0.798386 0 0 1
v 0.984961 0.0469701 0.799891 0 0 1
v 0.984642 0.0455553 0.803432 0 0 1
v 0.984363 0.047069 0.806936 0 0 1
v 0.0202832 0.952681 0.00867948 0 0 1
v 0.0214634 0.0558025 -0.0120231 0 0 1
v 0.0252832 0.952687 0.00868606 0 0 1
v 0.0238233 0.952767 0.00514954 0 0 1
v 0.0202896 0.952796 0.00368082 0 0 1
v 0.0167522 0.952758 0.00514024 0 0 1
v 0.0152832 0.952674 0.0086729 0 0 1
v 0.0167431 0.952594 0.0122094 0 0 1
v 0.0202768 0.952565 0.0136781 0 0 1
v 0.0238142 0.952604 0.0122187 0 0 1
v 0.0255783 0.728467 0.00351042 0 0 1
v 0.0241183 0.728547 -2.60993e-05 0 0 1
v 0.0205847 0.728576 -0.00149483 0 0 1
v 0.0170473 0.728538 -3.54019e-05 0 0 1
v 0.0155783 0.728455 0.00349726 0 0 1
v 0.0170382 0.728375 0.00703378 0 0 1
v 0.0205718 0.728346 0.0085025 0 0 1
v 0.0241092 0.728384 0.00704308 0 0 1
v 0.0258733 0.504248 -0.00166523 0 0 1
v 0.0244134 0.504328 -0.00520174 0 0 1
v 0.0208797 0.504357 -0.00667047 0 0 1
v 0.0173423 0.504319 -0.00521104 0 0 1
v 0.0158733 0.504235 -0.00167838 0 0 1
v 0.0173332 0.504155 0.00185813 0 0 1
v 0.0208669 0.504126 0.00332686 0 0 1
v 0.0244043 0.504164 0.00186744 0 0 1
v 0.0261684 0.280028 -0.00684087 0 0 1
v 0.0247085 0.280108 -0.0103774 0 0 1
v 0.0211748 0.280137 -0.0118461 0 0 1
v 0.0176374 0.280099 -0.0103867 0 0 1
v 0.0161684 0.280016 -0.00685402 0 0 1
v 0.0176283 0.279936 -0.00331751 0 0 1
v 0.021162 0.279907 -0.00184878 0 0 1
v 0.0246994 0.279945 -0.0033082 0 0 1
v 0.0264634 0.0558089 -0.0120165 0 0 1
v 0.0250035 0.0558886 -0.015553 0 0 1
v 0.0214699 0.0559179 -0.0170218 0 0 1
v 0.0179325 0.0558795 -0.0155623 0 0 1
v 0.0164634 0.055796 -0.0120297 0 0 1
v 0.0179234 0.0557163 -0.00849315 0 0 1
v 0.021457 0.0556871 -0.00702442 0 0 1
v 0.0249944 0.0557254 -0.00848385 0 0 1
v 0.982258 0.946046 0.0973454 0 0 1
v 0.0202832 0.952681 0.00867948 0 0 1
v 0.982717 0.946077 0.0923667 0 0 1
v 0.982605 0.949603 0.0938492 0 0 1
v 0.98229 0.951045 0.0973798 0 0 1
v 0.981956 0.949559 0.10089 0 0 1
v 0.981799 0.946014 0.102324 0 0 1
v 0.981911 0.942488 0.100842 0 0 1
v 0.982227 0.941046 0.0973111 0 0 1
v 0.982561 0.942532 0.0938006 0 0 1
v 0.742224 0.947736 0.0702002 0 0 1
v 0.742111 0.951262 0.0716827 0 0 1
v 0.741796 0.952704 0.0752133 0 0 1
v 0.741462 0.951218 0.0787238 0 0 1
v 0.741305 0.947673 0.0801577 0 0 1
v 0.741418 0.944147 0.0786752 0 0 1
v 0.741733 0.942705 0.0751446 0 0 1
v 0.742067 0.944191 0.0716341 0 0 1
v 0.50173 0.949394 0.0480337 0 0 1
v 0.501617 0.952921 0.0495162 0 0 1
v 0.501302 0.954363 0.0530468 0 0 1
v 0.500968 0.952876 0.0565573 0 0 1
v 0.500812 0.949332 0.0579912 0 0 1
v 0.500924 0.945806 0.0565087 0 0 1
v 0.501239 0.944363 0.0529781 0 0 1
v 0.501573 0.94585 0.0494676 0 0 1
v 0.261236 0.951053 0.0258672 0 0 1
v 0.261124 0.954579 0.0273497 0 0 1
v 0.260808 0.956022 0.0308803 0 0 1
v 0.260474 0.954535 0.0343908 0 0 1
v 0.260318 0.950991 0.0358247 0 0 1
v 0.26043 0.947464 0.0343422 0 0 1
v 0.260746 0.946022 0.0308116 0 0 1
v 0.261079 0.947509 0.0273012 0 0 1
v 0.0207423 0.952712 0.0037007 0 0 1
v 0.02063 0.956238 0.00518323 0 0 1
v 0.0203145 0.95768 0.00871382 0 0 1
v 0.0199807 0.956194 0.0122243 0 0 1
v 0.0198241 0.952649 0.0136583 0 0 1
v 0.0199364 0.949123 0.0121757 0 0 1
v 0.0202519 0.947681 0.00864514 0 0 1
v 0.0205857 0.949167 0.00513467 0 0 1
v 0.345147 0.950445 0.0381933 0 0 1
v 0.350693 0.0515784 0.0178419 0 0 1
v 0.350147 0.950475 0.0382241 0 0 1
v 0.348703 0.950546 0.0346805 0 0 1
v 0.345177 0.950558 0.0331946 0 0 1
v 0.341633 0.950504 0.0346369 0 0 1
v 0.340147 0.950415 0.0381624 0 0 1
v 0.34159 0.950343 0.041706 0 0 1
v 0.345117 0.950331 0.0431919 0 0 1
v 0.348661 0.950386 0.0417496 0 0 1
v 0.351533 0.725758 0.0331363 0 0 1
v 0.35009 0.72583 0.0295927 0 0 1
v 0.346563 0.725842 0.0281068 0 0 1
v 0.343019 0.725787 0.0295491 0 0 1
v 0.341533 0.725698 0.0330746 0 0 1
v 0.342977 0.725627 0.0366182 0 0 1
v 0.346503 0.725615 0.0381041 0 0 1
v 0.350047 0.725669 0.0366618 0 0 1
v 0.35292 0.501042 0.0280484 0 0 1
v 0.351477 0.501113 0.0245048 0 0 1
v 0.34795 0.501125 0.023019 0 0 1
v 0.344406 0.50107 0.0244612 0 0 1
v 0.34292 0.500981 0.0279868 0 0 1
v 0.344363 0.50091 0.0315303 0 0 1
v 0.34789 0.500898 0.0330162 0 0 1
v 0.351434 0.500953 0.031574 0 0 1
v 0.354306 0.276325 0.0229606 0 0 1
v 0.352863 0.276396 0.019417 0 0 1
v 0.349337 0.276408 0.0179311 0 0 1
v 0.345792 0.276354 0.0193734 0 0 1
v 0.344307 0.276265 0.0228989 0 0 1
v 0.34575 0.276193 0.0264425 0 0 1
v 0.349276 0.276182 0.0279284 0 0 1
v 0.35282 0.276236 0.0264861 0 0 1
v 0.355693 0.0516085 0.0178728 0 0 1
v 0.35425 0.0516798 0.0143292 0 0 1
v 0.350723 0.0516917 0.0128433 0 0 1
v 0.347179 0.0516372 0.0142855 0 0 1
v 0.345693 0.0515482 0.0178111 0 0 1
v 0.347136 0.0514769 0.0213547 0 0 1
v 0.350663 0.051465 0.0228405 0 0 1
v 0.354207 0.0515195 0.0213983 0 0 1
v 0.0229491 0.951791 0.217266 0 0 1
v 0.0243744 0.057991 0.216135 0 0 1
v 0.0279491 0.951799 0.217274 0 0 1
v 0.0264902 0.951801 0.213736 0 0 1
v 0.0229571 0.951797 0.212266 0 0 1
v 0.0194192 0.951789 0.213725 0 0 1
v 0.0179491 0.951783 0.217258 0 0 1
v 0.0194079 0.951781 0.220796 0 0 1
v 0.0229411 0.951784 0.222266 0 0 1
v 0.026479 0.951792 0.220807 0 0 1
v 0.0283054 0.728349 0.216991 0 0 1
v 0.0268466 0.728351 0.213453 0 0 1
v 0.0233134 0.728347 0.211983 0 0 1
v 0.0197755 0.72834 0.213442 0 0 1
v 0.0183054 0.728333 0.216975 0 0 1
v 0.0197643 0.728331 0.220513 0 0 1
v 0.0232975 0.728334 0.221983 0 0 1
v 0.0268353 0.728342 0.220524 0 0 1
v 0.0286617 0.504899 0.216709 0 0 1
v 0.0272029 0.504901 0.213171 0 0 1
v 0.0236697 0.504897 0.211701 0 0 1
v 0.0201318 0.50489 0.213159 0 0 1
v 0.0186617 0.504883 0.216693 0 0 1
v 0.0201206 0.504881 0.22023 0 0 1
v 0.0236538 0.504884 0.221701 0 0 1
v 0.0271916 0.504892 0.220242 0 0 1
v 0.029018 0.281449 0.216426 0 0 1
v 0.0275592 0.281451 0.212888 0 0 1
v 0.024026 0.281447 0.211418 0 0 1
v 0.0204882 0.28144 0.212877 0 0 1
v 0.0190181 0.281433 0.21641 0 0 1
v 0.0204769 0.281431 0.219948 0 0 1
v 0.0240101 0.281435 0.221418 0 0 1
v 0.027548 0.281442 0.219959 0 0 1
v 0.0293744 0.057999 0.216143 0 0 1
v 0.0279155 0.0580012 0.212606 0 0 1
v 0.0243823 0.0579974 0.211135 0 0 1
v 0.0208445 0.0579899 0.212594 0 0 1
v 0.0193744 0.0579831 0.216127 0 0 1
v 0.0208332 0.0579809 0.219665 0 0 1
v 0.0243664 0.0579847 0.221135 0 0 1
v 0.0279043 0.0579922 0.219677 0 0 1
v 0.0202832 0.952681 0.00867948 0 0 1
v 0.0229491 0.951791 0.217266 0 0 1
v 0.0162863 0.955684 0.00874338 0 0 1
v 0.0195808 0.957631 0.00870958 0 0 1
v 0.0232867 0.956678 0.00865815 0 0 1
v 0.0252332 0.953383 0.00861921 0 0 1
v 0.0242801 0.949677 0.00861558 0 0 1
v 0.0209856 0.94773 0.00864938 0 0 1
v 0.0172797 0.948683 0.00870081 0 0 1
v 0.0153332 0.951978 0.00873975 0 0 1
v 0.0169528 0.955462 0.0608899 0 0 1
v 0.0202473 0.957408 0.0608561 0 0 1
v 0.0239532 0.956455 0.0608047 0 0 1
v 0.0258997 0.953161 0.0607658 0 0 1
v 0.0249465 0.949455 0.0607621 0 0 1
v 0.0216521 0.947508 0.0607959 0 0 1
v 0.0179462 0.948461 0.0608474 0 0 1
v 0.0159997 0.951755 0.0608863 0 0 1
v 0.0176193 0.955239 0.113036 0 0 1
v 0.0209137 0.957186 0.113003 0 0 1
v 0.0246197 0.956233 0.112951 0 0 1
v 0.0265662 0.952938 0.112912 0 0 1
v 0.025613 0.949232 0.112909 0 0 1
v 0.0223186 0.947285 0.112942 0 0 1
v 0.0186126 0.948238 0.112994 0 0 1
v 0.0166661 0.951533 0.113033 0 0 1
v 0.0182858 0.955017 0.165183 0 0 1
v 0.0215802 0.956963 0.165149 0 0 1
v 0.0252861 0.95601 0.165098 0 0 1
v 0.0272326 0.952716 0.165059 0 0 1
v 0.0262795 0.94901 0.165055 0 0 1
v 0.022985 0.947063 0.165089 0 0 1
v 0.0192791 0.948016 0.16514 0 0 1
v 0.0173326 0.95131 0.165179 0 0 1
v 0.0189522 0.954794 0.21733 0 0 1
v 0.0222467 0.956741 0.217296 0 0 1
v 0.0259526 0.955788 0.217244 0 0 1
v 0.0278991 0.952493 0.217205 0 0 1
v 0.0269459 0.948787 0.217202 0 0 1
v 0.0236515 0.94684 0.217236 0 0 1
v 0.0199456 0.947793 0.217287 0 0 1
v 0.0179991 0.951088 0.217326 0 0 1
v 0.0229491 0.951791 0.217266 0 0 1
v 0.989585 0.945568 0.202216 0 0 1
v 0.0230271 0.951822 0.222265 0 0 1
v 0.0230267 0.955348 0.220778 0 0 1
v 0.0229808 0.95679 0.217233 0 0 1
v 0.0229163 0.955304 0.213708 0 0 1
v 0.0228711 0.951759 0.212266 0 0 1
v 0.0228715 0.948233 0.213753 0 0 1
v 0.0229174 0.946791 0.217298 0 0 1
v 0.0229819 0.948278 0.220823 0 0 1
v 0.264686 0.950267 0.218503 0 0 1
v 0.264686 0.953793 0.217016 0 0 1
v 0.26464 0.955235 0.213471 0 0 1
v 0.264575 0.953748 0.209946 0 0 1
v 0.26453 0.950203 0.208504 0 0 1
v 0.26453 0.946677 0.209991 0 0 1
v 0.264576 0.945235 0.213535 0 0 1
v 0.264641 0.946722 0.217061 0 0 1
v 0.506345 0.948711 0.21474 0 0 1
v 0.506345 0.952237 0.213253 0 0 1
v 0.506299 0.953679 0.209709 0 0 1
v 0.506234 0.952192 0.206183 0 0 1
v 0.506189 0.948648 0.204742 0 0 1
v 0.506189 0.945122 0.206229 0 0 1
v 0.506235 0.94368 0.209773 0 0 1
v 0.5063 0.945166 0.213299 0 0 1
v 0.748004 0.947156 0.210978 0 0 1
v 0.748004 0.950682 0.209491 0 0 1
v 0.747958 0.952124 0.205946 0 0 1
v 0.747893 0.950637 0.202421 0 0 1
v 0.747848 0.947092 0.200979 0 0 1
v 0.747848 0.943566 0.202466 0 0 1
v 0.747894 0.942124 0.206011 0 0 1
v 0.747959 0.943611 0.209536 0 0 1
v 0.989663 0.9456 0.207215 0 0 1
v 0.989663 0.949126 0.205728 0 0 1
v 0.989617 0.950568 0.202184 0 0 1
v 0.989552 0.949081 0.198658 0 0 1
v 0.989507 0.945537 0.197217 0 0 1
v 0.989507 0.942011 0.198704 0 0 1
v 0.989553 0.940568 0.202248 0 0 1
v 0.989618 0.942055 0.205774 0 0 1
v 0.39774 0.052813 0.210319 0 0 1
v 0.387554 0.949444 0.211589 0 0 1
v 0.402739 0.0528699 0.210262 0 0 1
v 0.401315 0.0528487 0.213814 0 0 1
v 0.397797 0.0528066 0.215319 0 0 1
v 0.394245 0.0527683 0.213895 0 0 1
v 0.39274 0.0527562 0.210376 0 0 1
v 0.394165 0.0527774 0.206824 0 0 1
v 0.397683 0.0528195 0.205319 0 0 1
v 0.401235 0.0528578 0.206744 0 0 1
v 0.400193 0.277028 0.21058 0 0 1
v 0.398769 0.277006 0.214132 0 0 1
v 0.39525 0.276964 0.215636 0 0 1
v 0.391699 0.276926 0.214212 0 0 1
v 0.390194 0.276914 0.210693 0 0 1
v 0.391618 0.276935 0.207141 0 0 1
v 0.395137 0.276977 0.205637 0 0 1
v 0.398688 0.277015 0.207061 0 0 1
v 0.397646 0.501185 0.210897 0 0 1
v 0.396222 0.501164 0.214449 0 0 1
v 0.392704 0.501122 0.215954 0 0 1
v 0.389152 0.501084 0.21453 0 0 1
v 0.387648 0.501071 0.211011 0 0 1
v 0.389072 0.501093 0.207459 0 0 1
v 0.39259 0.501135 0.205954 0 0 1
v 0.396142 0.501173 0.207379 0 0 1
v 0.3951 0.725343 0.211215 0 0 1
v 0.393676 0.725322 0.214767 0 0 1
v 0.390158 0.72528 0.216271 0 0 1
v 0.386606 0.725241 0.214847 0 0 1
v 0.385101 0.725229 0.211328 0 0 1
v 0.386525 0.72525 0.207776 0 0 1
v 0.390044 0.725292 0.206272 0 0 1
v 0.393596 0.725331 0.207696 0 0 1
v 0.392554 0.9495 0.211532 0 0 1
v 0.39113 0.949479 0.215084 0 0 1
v 0.387611 0.949437 0.216589 0 0 1
v 0.38406 0.949399 0.215165 0 0 1
v 0.382555 0.949387 0.211646 0 0 1
v 0.383979 0.949408 0.208094 0 0 1
v 0.387498 0.94945 0.206589 0 0 1
v 0.391049 0.949488 0.208014 0 0 1
v 0.176106 0.949758 0.465063 0 0 1
v 0.984804 0.944488 0.46789 0 0 1
v 0.176089 0.949791 0.470062 0 0 1
v 0.176117 0.953317 0.468575 0 0 1
v 0.176139 0.954758 0.46503 0 0 1
v 0.176141 0.95327 0.461504 0 0 1
v 0.176123 0.949725 0.460063 0 0 1
v 0.176095 0.9462 0.46155 0 0 1
v 0.176073 0.944758 0.465095 0 0 1
v 0.176071 0.946246 0.468621 0 0 1
v 0.378263 0.948473 0.470769 0 0 1
v 0.378291 0.951999 0.469282 0 0 1
v 0.378313 0.95344 0.465737 0 0 1
v 0.378316 0.951953 0.462211 0 0 1
v 0.378298 0.948408 0.46077 0 0 1
v 0.37827 0.944882 0.462257 0 0 1
v 0.378248 0.943441 0.465802 0 0 1
v 0.378245 0.944928 0.469328 0 0 1
v 0.580438 0.947156 0.471476 0 0 1
v 0.580466 0.950681 0.469989 0 0 1
v 0.580488 0.952123 0.466444 0 0 1
v 0.58049 0.950635 0.462918 0 0 1
v 0.580472 0.94709 0.461477 0 0 1
v 0.580444 0.943564 0.462964 0 0 1
v 0.580422 0.942123 0.466509 0 0 1
v 0.58042 0.943611 0.470035 0 0 1
v 0.782612 0.945838 0.472183 0 0 1
v 0.782641 0.949364 0.470696 0 0 1
v 0.782662 0.950805 0.467151 0 0 1
v 0.782665 0.949318 0.463625 0 0 1
v 0.782647 0.945773 0.462184 0 0 1
v 0.782619 0.942247 0.463671 0 0 1
v 0.782597 0.940806 0.467216 0 0 1
v 0.782594 0.942293 0.470742 0 0 1
v 0.984787 0.944521 0.47289 0 0 1
v 0.984815 0.948046 0.471403 0 0 1
v 0.984837 0.949488 0.467858 0 0 1
v 0.98484 0.948 0.464332 0 0 1
v 0.984822 0.944455 0.462891 0 0 1
v 0.984793 0.940929 0.464378 0 0 1
v 0.984772 0.939488 0.467923 0 0 1
v 0.984769 0.940976 0.471449 0 0 1
v 0.460865 0.0544697 0.468576 0 0 1
v 0.449781 0.947975 0.46602 0 0 1
v 0.465864 0.0545315 0.468514 0 0 1
v 0.464444 0.054524 0.472067 0 0 1
v 0.460927 0.0544847 0.473575 0 0 1
v 0.457374 0.0544366 0.472155 0 0 1
v 0.455866 0.0544078 0.468638 0 0 1
v 0.457286 0.0544153 0.465084 0 0 1
v 0.460803 0.0544546 0.463576 0 0 1
v 0.464356 0.0545027 0.464997 0 0 1
v 0.463093 0.277908 0.467875 0 0 1
v 0.461673 0.2779 0.471428 0 0 1
v 0.458156 0.277861 0.472936 0 0 1
v 0.454603 0.277813 0.471516 0 0 1
v 0.453095 0.277784 0.467999 0 0 1
v 0.454515 0.277792 0.464445 0 0 1
v 0.458032 0.277831 0.462937 0 0 1
v 0.461585 0.277879 0.464358 0 0 1
v 0.460322 0.501284 0.467236 0 0 1
v 0.458902 0.501277 0.470789 0 0 1
v 0.455385 0.501237 0.472297 0 0 1
v 0.451832 0.501189 0.470877 0 0 1
v 0.450324 0.50116 0.46736 0 0 1
v 0.451744 0.501168 0.463806 0 0 1
v 0.455261 0.501207 0.462298 0 0 1
v 0.458814 0.501255 0.463719 0 0 1
v 0.457551 0.72466 0.466597 0 0 1
v 0.456131 0.724653 0.47015 0 0 1
v 0.452614 0.724613 0.471658 0 0 1
v 0.449061 0.724565 0.470238 0 0 1
v 0.447553 0.724537 0.466721 0 0 1
v 0.448973 0.724544 0.463167 0 0 1
v 0.45249 0.724583 0.461659 0 0 1
v 0.456043 0.724631 0.463079 0 0 1
v 0.45478 0.948036 0.465958 0 0 1
v 0.45336 0.948029 0.469511 0 0 1
v 0.449843 0.94799 0.471019 0 0 1
v 0.44629 0.947942 0.469599 0 0 1
v 0.444782 0.947913 0.466082 0 0 1
v 0.446202 0.94792 0.462528 0 0 1
v 0.449719 0.94796 0.46102 0 0 1
v 0.453272 0.948008 0.46244 0 0 1
v 0.506909 0.946626 0.699603 0 0 1
v 0.345147 0.950445 0.0381933 0 0 1
v 0.511765 0.946629 0.698415 0 0 1
v 0.510345 0.950164 0.698783 0 0 1
v 0.506912 0.951626 0.699631 0 0 1
v 0.503477 0.950159 0.700462 0 0 1
v 0.502052 0.946623 0.700791 0 0 1
v 0.503472 0.943088 0.700423 0 0 1
v 0.506905 0.941626 0.699575 0 0 1
v 0.510341 0.943093 0.698743 0 0 1
v 0.471325 0.947584 0.533063 0 0 1
v 0.469905 0.951118 0.53343 0 0 1
v 0.466472 0.952581 0.534278 0 0 1
v 0.463036 0.951114 0.53511 0 0 1
v 0.461611 0.947577 0.535438 0 0 1
v 0.463031 0.944043 0.53507 0 0 1
v 0.466465 0.942581 0.534222 0 0 1
v 0.4699 0.944048 0.533391 0 0 1
v 0.430885 0.948539 0.36771 0 0 1
v 0.429464 0.952073 0.368078 0 0 1
v 0.426031 0.953535 0.368926 0 0 1
v 0.422596 0.952068 0.369758 0 0 1
v 0.421171 0.948532 0.370086 0 0 1
v 0.422591 0.944997 0.369718 0 0 1
v 0.426024 0.943535 0.36887 0 0 1
v 0.42946 0.945002 0.368038 0 0 1
v 0.390444 0.949493 0.202358 0 0 1
v 0.389024 0.953028 0.202726 0 0 1
v 0.385591 0.95449 0.203574 0 0 1
v 0.382155 0.953023 0.204405 0 0 1
v 0.38073 0.949487 0.204733 0 0 1
v 0.38215 0.945952 0.204366 0 0 1
v 0.385584 0.94449 0.203518 0 0 1
v 0.389019 0.945957 0.202686 0 0 1
v 0.350004 0.950448 0.0370054 0 0 1
v 0.348583 0.953983 0.0373732 0 0 1
v 0.34515 0.955445 0.0382213 0 0 1
v 0.341715 0.953978 0.039053 0 0 1
v 0.34029 0.950441 0.0393811 0 0 1
v 0.34171 0.946907 0.0390134 0 0 1
v 0.345143 0.945445 0.0381652 0 0 1
v 0.348579 0.946912 0.0373335 0 0 1
v 0.982258 0.946046 0.0973454 0 0 1
v 0.989585 0.945568 0.202216 0 0 1
v 0.977313 0.946694 0.0976939 0 0 1
v 0.979219 0.95001 0.0975758 0 0 1
v 0.982906 0.951003 0.0973227 0 0 1
v 0.986213 0.949093 0.097083 0 0 1
v 0.987204 0.945398 0.096997 0 0 1
v 0.985297 0.942082 0.0971151 0 0 1
v 0.98161 0.941088 0.0973681 0 0 1
v 0.978303 0.942998 0.0976079 0 0 1
v 0.979144 0.946574 0.123912 0 0 1
v 0.981051 0.94989 0.123793 0 0 1
v 0.984738 0.950884 0.12354 0 0 1
v 0.988045 0.948974 0.123301 0 0 1
v 0.989035 0.945278 0.123215 0 0 1
v 0.987129 0.941962 0.123333 0 0 1
v 0.983442 0.940969 0.123586 0 0 1
v 0.980135 0.942879 0.123826 0 0 1
v 0.980976 0.946455 0.150129 0 0 1
v 0.982883 0.949771 0.150011 0 0 1
v 0.98657 0.950765 0.149758 0 0 1
v 0.989877 0.948854 0.149518 0 0 1
v 0.990867 0.945159 0.149432 0 0 1
v 0.98896 0.941843 0.14955 0 0 1
v 0.985274 0.940849 0.149803 0 0 1
v 0.981966 0.94276 0.150043 0 0 1
v 0.982808 0.946336 0.176347 0 0 1
v 0.984715 0.949652 0.176229 0 0 1
v 0.988401 0.950645 0.175976 0 0 1
v 0.991709 0.948735 0.175736 0 0 1
v 0.992699 0.94504 0.17565 0 0 1
v 0.990792 0.941724 0.175768 0 0 1
v 0.987105 0.94073 0.176021 0 0 1
v 0.983798 0.94264 0.176261 0 0 1
v 0.984639 0.946216 0.202565 0 0 1
v 0.986546 0.949532 0.202446 0 0 1
v 0.990233 0.950526 0.202193 0 0 1
v 0.99354 0.948616 0.201954 0 0 1
v 0.994531 0.94492 0.201868 0 0 1
v 0.992624 0.941604 0.201986 0 0 1
v 0.988937 0.940611 0.202239 0 0 1
v 0.98563 0.942521 0.202479 0 0 1
v 0.98659 0.95271 0.73567 0 0 1
v 0.506909 0.946626 0.699603 0 0 1
v 0.986966 0.952651 0.730684 0 0 1
v 0.986814 0.956203 0.7321 0 0 1
v 0.986531 0.957709 0.735607 0 0 1
v 0.986283 0.956286 0.73915 0 0 1
v 0.986215 0.952768 0.740655 0 0 1
v 0.986366 0.949216 0.73924 0 0 1
v 0.986649 0.94771 0.735733 0 0 1
v 0.986897 0.949133 0.732189 0 0 1
v 0.867045 0.95113 0.721667 0 0 1
v 0.866894 0.954682 0.723083 0 0 1
v 0.866611 0.956188 0.72659 0 0 1
v 0.866363 0.954765 0.730134 0 0 1
v 0.866294 0.951247 0.731639 0 0 1
v 0.866446 0.947695 0.730223 0 0 1
v 0.866728 0.946189 0.726716 0 0 1
v 0.866977 0.947612 0.723172 0 0 1
v 0.747125 0.949609 0.712651 0 0 1
v 0.746973 0.953161 0.714066 0 0 1
v 0.746691 0.954667 0.717573 0 0 1
v 0.746442 0.953244 0.721117 0 0 1
v 0.746374 0.949726 0.722622 0 0 1
v 0.746525 0.946174 0.721206 0 0 1
v 0.746808 0.944668 0.717699 0 0 1
v 0.747056 0.946091 0.714156 0 0 1
v 0.627205 0.948088 0.703634 0 0 1
v 0.627053 0.95164 0.705049 0 0 1
v 0.62677 0.953146 0.708556 0 0 1
v 0.626522 0.951723 0.7121 0 0 1
v 0.626453 0.948205 0.713605 0 0 1
v 0.626605 0.944653 0.712189 0 0 1
v 0.626888 0.943148 0.708683 0 0 1
v 0.627136 0.94457 0.705139 0 0 1
v 0.507284 0.946567 0.694617 0 0 1
v 0.507133 0.950119 0.696033 0 0 1
v 0.50685 0.951625 0.699539 0 0 1
v 0.506602 0.950202 0.703083 0 0 1
v 0.506533 0.946685 0.704588 0 0 1
v 0.506684 0.943132 0.703173 0 0 1
v 0.506967 0.941627 0.699666 0 0 1
v 0.507216 0.943049 0.696122 0 0 1
v 0.988029 0.942417 0.957855 0 0 1
v 0.74658 0.94382 0.997841 0 0 1
v 0.987212 0.942451 0.952923 0 0 1
v 0.987475 0.945976 0.954388 0 0 1
v 0.988063 0.947417 0.957884 0 0 1
v 0.98863 0.945929 0.961363 0 0 1
v 0.988845 0.942383 0.962788 0 0 1
v 0.988582 0.938858 0.961323 0 0 1
v 0.987995 0.937417 0.957827 0 0 1
v 0.987427 0.938906 0.954347 0 0 1
v 0.92685 0.942802 0.962919 0 0 1
v 0.927113 0.946327 0.964384 0 0 1
v 0.9277 0.947768 0.96788 0 0 1
v 0.928268 0.946279 0.97136 0 0 1
v 0.928483 0.942734 0.972784 0 0 1
v 0.92822 0.939208 0.971319 0 0 1
v 0.927633 0.937768 0.967823 0 0 1
v 0.927065 0.939256 0.964343 0 0 1
v 0.866487 0.943152 0.972915 0 0 1
v 0.866751 0.946678 0.97438 0 0 1
v 0.867338 0.948118 0.977877 0 0 1
v 0.867906 0.94663 0.981356 0 0 1
v 0.868121 0.943085 0.982781 0 0 1
v 0.867858 0.939559 0.981316 0 0 1
v 0.86727 0.938119 0.977819 0 0 1
v 0.866703 0.939607 0.97434 0 0 1
v 0.806125 0.943503 0.982912 0 0 1
v 0.806388 0.947028 0.984377 0 0 1
v 0.806976 0.948469 0.987873 0 0 1
v 0.807543 0.946981 0.991353 0 0 1
v 0.807759 0.943435 0.992777 0 0 1
v 0.807495 0.93991 0.991312 0 0 1
v 0.806908 0.938469 0.987816 0 0 1
v 0.80634 0.939958 0.984336 0 0 1
v 0.745763 0.943854 0.992908 0 0 1
v 0.746026 0.947379 0.994373 0 0 1
v 0.746613 0.94882 0.99787 0 0 1
v 0.747181 0.947331 1.00135 0 0 1
v 0.747396 0.943786 1.00277 0 0 1
v 0.747133 0.94026 1.00131 0 0 1
v 0.746546 0.93882 0.997812 0 0 1
v 0.745978 0.940308 0.994333 0 0 1
v 0.506909 0.946626 0.699603 0 0 1
v 0.516256 0.0559233 0.69519 0 0 1
v 0.511908 0.946678 0.699655 0 0 1
v 0.510481 0.946681 0.696105 0 0 1
v 0.506961 0.946651 0.694603 0 0 1
v 0.50341 0.946607 0.69603 0 0 1
v 0.501909 0.946574 0.69955 0 0 1
v 0.503337 0.946571 0.703101 0 0 1
v 0.506856 0.946601 0.704602 0 0 1
v 0.510407 0.946645 0.703175 0 0 1
v 0.514245 0.724002 0.698552 0 0 1
v 0.512818 0.724005 0.695001 0 0 1
v 0.509298 0.723976 0.6935 0 0 1
v 0.505747 0.723931 0.694927 0 0 1
v 0.504246 0.723898 0.698447 0 0 1
v 0.505673 0.723895 0.701998 0 0 1
v 0.509193 0.723925 0.703499 0 0 1
v 0.512744 0.723969 0.702072 0 0 1
v 0.516582 0.501327 0.697449 0 0 1
v 0.515154 0.501329 0.693898 0 0 1
v 0.511635 0.5013 0.692397 0 0 1
v 0.508084 0.501256 0.693824 0 0 1
v 0.506583 0.501222 0.697344 0 0 1
v 0.50801 0.50122 0.700894 0 0 1
v 0.51153 0.501249 0.702396 0 0 1
v 0.515081 0.501294 0.700969 0 0 1
v 0.518919 0.278651 0.696345 0 0 1
v 0.517491 0.278654 0.692795 0 0 1
v 0.513971 0.278624 0.691293 0 0 1
v 0.510421 0.27858 0.692721 0 0 1
v 0.50892 0.278547 0.69624 0 0 1
v 0.510347 0.278544 0.699791 0 0 1
v 0.513867 0.278574 0.701293 0 0 1
v 0.517418 0.278618 0.699865 0 0 1
v 0.521256 0.0559755 0.695242 0 0 1
v 0.519828 0.0559781 0.691691 0 0 1
v 0.516308 0.0559486 0.69019 0 0 1
v 0.512758 0.0559043 0.691617 0 0 1
v 0.511257 0.0558711 0.695137 0 0 1
v 0.512684 0.0558685 0.698688 0 0 1
v 0.516204 0.055898 0.700189 0 0 1
v 0.519754 0.0559423 0.698762 0 0 1
v 0.506909 0.946626 0.699603 0 0 1
v 0.508193 0.875917 0.701471 0 0 1
v 0.511907 0.946719 0.699693 0 0 1
v 0.510509 0.9466 0.696133 0 0 1
v 0.507002 0.946496 0.694605 0 0 1
v 0.50344 0.946468 0.696005 0 0 1
v 0.50191 0.946533 0.699512 0 0 1
v 0.503308 0.946652 0.703072 0 0 1
v 0.506815 0.946756 0.7046 0 0 1
v 0.510377 0.946784 0.703201 0 0 1
v 0.512228 0.929042 0.70016 0 0 1
v 0.51083 0.928923 0.6966 0 0 1
v 0.507323 0.928818 0.695072 0 0 1
v 0.503761 0.928791 0.696472 0 0 1
v 0.502231 0.928856 0.699979 0 0 1
v 0.503629 0.928975 0.703539 0 0 1
v 0.507137 0.929079 0.705067 0 0 1
v 0.510698 0.929107 0.703668 0 0 1
v 0.512549 0.911365 0.700627 0 0 1
v 0.511151 0.911245 0.697067 0 0 1
v 0.507644 0.911141 0.695539 0 0 1
v 0.504082 0.911114 0.696939 0 0 1
v 0.502552 0.911178 0.700446 0 0 1
v 0.503951 0.911298 0.704006 0 0 1
v 0.507458 0.911402 0.705534 0 0 1
v 0.511019 0.91143 0.704135 0 0 1
v 0.51287 0.893688 0.701094 0 0 1
v 0.511472 0.893568 0.697534 0 0 1
v 0.507965 0.893464 0.696006 0 0 1
v 0.504403 0.893436 0.697406 0 0 1
v 0.502874 0.893501 0.700913 0 0 1
v 0.504272 0.893621 0.704473 0 0 1
v 0.507779 0.893725 0.706001 0 0 1
v 0.51134 0.893753 0.704601 0 0 1
v 0.513191 0.876011 0.701561 0 0 1
v 0.511793 0.875891 0.698001 0 0 1
v 0.508286 0.875787 0.696473 0 0 1
v 0.504725 0.875759 0.697873 0 0 1
v 0.503195 0.875824 0.70138 0 0 1
v 0.504593 0.875944 0.70494 0 0 1
v 0.5081 0.876048 0.706468 0 0 1
v 0.511661 0.876075 0.705068 0 0 1
v 0.508193 0.875917 0.701471 0 0 1
v 0.98659 0.95271 0.73567 0 0 1
v 0.507975 0.87508 0.706395 0 0 1
v 0.507447 0.878766 0.705512 0 0 1
v 0.507355 0.880783 0.702261 0 0 1
v 0.507755 0.87995 0.698547 0 0 1
v 0.508411 0.876755 0.696546 0 0 1
v 0.508939 0.873069 0.697429 0 0 1
v 0.509031 0.871052 0.70068 0 0 1
v 0.508631 0.871885 0.704394 0 0 1
v 0.627575 0.894278 0.714945 0 0 1
v 0.627046 0.897964 0.714061 0 0 1
v 0.626955 0.899981 0.710811 0 0 1
v 0.627354 0.899148 0.707097 0 0 1
v 0.62801 0.895953 0.705096 0 0 1
v 0.628538 0.892267 0.705979 0 0 1
v 0.62863 0.89025 0.70923 0 0 1
v 0.628231 0.891083 0.712944 0 0 1
v 0.747174 0.913476 0.723495 0 0 1
v 0.746645 0.917162 0.722611 0 0 1
v 0.746554 0.919179 0.719361 0 0 1
v 0.746953 0.918346 0.715647 0 0 1
v 0.747609 0.915151 0.713646 0 0 1
v 0.748138 0.911465 0.714529 0 0 1
v 0.748229 0.909448 0.71778 0 0 1
v 0.74783 0.910281 0.721493 0 0 1
v 0.866773 0.932674 0.732044 0 0 1
v 0.866245 0.93636 0.731161 0 0 1
v 0.866153 0.938377 0.72791 0 0 1
v 0.866552 0.937544 0.724197 0 0 1
v 0.867208 0.934349 0.722195 0 0 1
v 0.867737 0.930663 0.723079 0 0 1
v 0.867828 0.928646 0.726329 0 0 1
v 0.867429 0.929479 0.730043 0 0 1
v 0.986373 0.951872 0.740594 0 0 1
v 0.985844 0.955558 0.739711 0 0 1
v 0.985753 0.957575 0.73646 0 0 1
v 0.986152 0.956742 0.732747 0 0 1
v 0.986808 0.953547 0.730745 0 0 1
v 0.987336 0.949861 0.731629 0 0 1
v 0.987428 0.947844 0.734879 0 0 1
v 0.987028 0.948677 0.738593 0 0 1
f 1 3 4
f 2 36 35
f 1 4 5
f 2 37 36
f 1 5 6
f 2 38 37
f 1 6 7
f 2 39 38
f 1 7 8
f 2 40 39
f 1 8 9
f 2 41 40
f 1 9 10
f 2 42 41
f 1 10 3
f 2 35 42
f 11 4 3
f 11 12 4
f 12 5 4
f 12 13 5
f 13 6 5
f 13 14 6
f 14 7 6
f 14 15 7
f 15 8 7
f 15 16 8
f 16 9 8
f 16 17 9
f 17 10 9
f 17 18 10
f 18 3 10
f 18 11 3
f 19 12 11
f 19 20 12
f 20 13 12
f 20 21 13
f 21 14 13
f 21 22 14
f 22 15 14
f 22 23 15
f 23 16 15
f 23 24 16
f 24 17 16
f 24 25 17
f 25 18 17
f 25 26 18
f 26 11 18
f 26 19 11
f 27 20 19
f 27 28 20
f 28 21 20
f 28 29 21
f 29 22 21
f 29 30 22
f 30 23 22
f 30 31 23
f 31 24 23
f 31 32 24
f 32 25 24
f 32 33 25
f 33 26 25
f 33 34 26
f 34 19 26
f 34 27 19
f 35 28 27
f 35 36 28
f 36 29 28
f 36 37 29
f 37 30 29
f 37 38 30
f 38 31 30
f 38 39 31
f 39 32 31
f 39 40 32
f 40 33 32
f 40 41 33
f 41 34 33
f 41 42 34
f 42 27 34
f 42 35 27
f 43 45 46
f 44 78 77
f 43 46 47
f 44 79 78
f 43 47 48
f 44 80 79
f 43 48 49
f 44 81 80
f 43 49 50
f 44 82 81
f 43 50 51
f 44 83 82
f 43 51 52
f 44 84 83
f 43 52 45
f 44 77 84
f 53 46 45
f 53 54 46
f 54 47 46
f 54 55 47
f 55 48 47
f 55 56 48
f 56 49 48
f 56 57 49
f 57 50 49
f 57 58 50
f 58 51 50
f 58 59 51
f 59 52 51
f 59 60 52
f 60 45 52
f 60 53 45
f 61 54 53
f 61 62 54
f 62 55 54
f 62 63 55
f 63 56 55
f 63 64 56
f 64 57 56
f 64 65 57
f 65 58 57
f 65 66 58
f 66 59 58
f 66 67 59
f 67 60 59
f 67 68 60
f 68 53 60
f 68 61 53
f 69 62 61
f 69 70 62
f 70 63 62
f 70 71 63
f 71 64 63
f 71 72 64
f 72 65 64
f 72 73 65
f 73 66 65
f 73 74 66
f 74 67 66
f 74 75 67
f 75 68 67
f 75 76 68
f 76 61 68
f 76 69 61
f 77 70 69
f 77 78 70
f 78 71 70
f 78 79 71
f 79 72 71
f 79 80 72
f 80 73 72
f 80 81 73
f 81 74 73
f 81 82 74
f 82 75 74
f 82 83 75
f 83 76 75
f 83 84 76
f 84 69 76
f 84 77 69
f 85 87 88
f 86 120 119
f 85 88 89
f 86 121 120
f 85 89 90
f 86 122 121
f 85 90 91
f 86 123 122
f 85 91 92
f 86 124 123
f 85 92 93
f 86 125 124
f 85 93 94
f 86 126 125
f 85 94 87
f 86 119 126
f 95 88 87
f 95 96 88
f 96 89 88
f 96 97 89
f 97 90 89
f 97 98 90
f 98 91 90
f 98 99 91
f 99 92 91
f 99 100 92
f 100 93 92
f 100 101 93
f 101 94 93
f 101 102 94
f 102 87 94
f 102 95 87
f 103 96 95
f 103 104 96
f 104 97 96
f 104 105 97
f 105 98 97
f 105 106 98
f 106 99 98
f 106 107 99
f 107 100 99
f 107 108 100
f 108 101 100
f 108 109 101
f 109 102 101
f 109 110 102
f 110 95 102
f 110 103 95
f 111 104 103
f 111 112 104
f 112 105 104
f 112 113 105
f 113 106 105
f 113 114 106
f 114 107 106
f 114 115 107
f 115 108 107
f 115 116 108
f 116 109 108
f 116 117 109
f 117 110 109
f 117 118 110
f 118 103 110
f 118 111 103
f 119 112 111
f 119 120 112
f 120 113 112
f 120 121 113
f 121 114 113
f 121 122 114
f 122 115 114
f 122 123 115
f 123 116 115
f 123 124 116
f 124 117 116
f 124 125 117
f 125 118 117
f 125 126 118
f 126 111 118
f 126 119 111
f 127 129 130
f 128 162 161
f 127 130 131
f 128 163 162
f 127 131 132
f 128 164 163
f 127 132 133
f 128 165 164
f 127 133 134
f 128 166 165
f 127 134 135
f 128 167 166
f 127 135 136
f 128 168 167
f 127 136 129
f 128 161 168
f 137 130 129
f 137 138 130
f 138 131 130
f 138 139 131
f 139 132 131
f 139 140 132
f 140 133 132
f 140 141 133
f 141 134 133
f 141 142 134
f 142 135 134
f 142 143 135
f 143 136 135
f 143 144 136
f 144 129 136
f 144 137 129
f 145 138 137
f 145 146 138
f 146 139 138
f 146 147 139
f 147 140 139
f 147 148 140
f 148 141 140
f 148 149 141
f 149 142 141
f 149 150 142
f 150 143 142
f 150 151 143
f 151 144 143
f 151 152 144
f 152 137 144
f 152 145 137
f 153 146 145
f 153 154 146
f 154 147 146
f 154 155 147
f 155 148 147
f 155 156 148
f 156 149 148
f 156 157 149
f 157 150 149
f 157 158 150
f 158 151 150
f 158 159 151
f 159 152 151
f 159 160 152
f 160 145 152
f 160 153 145
f 161 154 153
f 161 162 154
f 162 155 154
f 162 163 155
f 163 156 155
f 163 164 156
f 164 157 156
f 164 165 157
f 165 158 157
f 165 166 158
f 166 159 158
f 166 167 159
f 167 160 159
f 167 168 160
f 168 153 160
f 168 161 153
f 169 171 172
f 170 204 203
f 169 172 173
f 170 205 204
f 169 173 174
f 170 206 205
f 169 174 175
f 170 207 206
f 169 175 176
f 170 208 207
f 169 176 177
f 170 209 208
f 169 177 178
f 170 210 209
f 169 178 171
f 170 203 210
f 179 172 171
f 179 180 172
f 180 173 172
f 180 181 173
f 181 174 173
f 181 182 174
f 182 175 174
f 182 183 175
f 183 176 175
f 183 184 176
f 184 177 176
f 184 185 177
f 185 178 177
f 185 186 178
f 186 171 178
f 186 179 171
f 187 180 179
f 187 188 180
f 188 181 180
f 188 189 181
f 189 182 181
f 189 190 182
f 190 183 182
f 190 191 183
f 191 184 183
f 191 192 184
f 192 185 184
f 192 193 185
f 193 186 185
f 193 194 186
f 194 179 186
f 194 187 179
f 195 188 187
f 195 196 188
f 196 189 188
f 196 197 189
f 197 190 189
f 197 198 190
f 198 191 190
f 198 199 191
f 199 192 191
f 199 200 192
f 200 193 192
f 200 201 193
f 201 194 193
f 201 202 194
f 202 187 194
f 202 195 187
f 203 196 195
f 203 204 196
f 204 197 196
f 204 205 197
f 205 198 197
f 205 206 198
f 206 199 198
f 206 207 199
f 207 200 199
f 207 208 200
f 208 201 200
f 208 209 201
f 209 202 201
f 209 210 202
f 210 195 202
f 210 203 195
f 211 213 214
f 212 246 245
f 211 214 215
f 212 247 246
f 211 215 216
f 212 248 247
f 211 216 217
f 212 249 248
f 211 217 218
f 212 250 249
f 211 218 219
f 212 251 250
f 211 219 220
f 212 252 251
f 211 220 213
f 212 245 252
f 221 214 213
f 221 222 214
f 222 215 214
f 222 223 215
f 223 216 215
f 223 224 216
f 224 217 216
f 224 225 217
f 225 218 217
f 225 226 218
f 226 219 218
f 226 227 219
f 227 220 219
f 227 228 220
f 228 213 220
f 228 221 213
f 229 222 221
f 229 230 222
f 230 223 222
f 230 231 223
f 231 224 223
f 231 232 224
f 232 225 224
f 232 233 225
f 233 226 225
f 233 234 226
f 234 227 226
f 234 235 227
f 235 228 227
f 235 236 228
f 236 221 228
f 236 229 221
f 237 230 229
f 237 238 230
f 238 231 230
f 238 239 231
f 239 232 231
f 239 240 232
f 240 233 232
f 240 241 233
f 241 234 233
f 241 242 234
f 242 235 234
f 242 243 235
f 243 236 235
f 243 244 236
f 244 229 236
f 244 237 229
f 245 238 237
f 245 246 238
f 246 239 238
f 246 247 239
f 247 240 239
f 247 248 240
f 248 241 240
f 248 249 241
f 249 242 241
f 249 250 242
f 250 243 242
f 250 251 243
f 251 244 243
f 251 252 244
f 252 237 244
f 252 245 237
f 253 255 256
f 254 288 287
f 253 256 257
f 254 289 288
f 253 257 258
f 254 290 289
f 253 258 259
f 254 291 290
f 253 259 260
f 254 292 291
f 253 260 261
f 254 293 292
f 253 261 262
f 254 294 293
f 253 262 255
f 254 287 294
f 263 256 255
f 263 264 256
f 264 257 256
f 264 265 257
f 265 258 257
f 265 266 258
f 266 259 258
f 266 267 259
f 267 260 259
f 267 268 260
f 268 261 260
f 268 269 261
f 269 262 261
f 269 270 262
f 270 255 262
f 270 263 255
f 271 264 263
f 271 272 264
f 272 265 264
f 272 273 265
f 273 266 265
f 273 274 266
f 274 267 266
f 274 275 267
f 275 268 267
f 275 276 268
f 276 269 268
f 276 277 269
f 277 270 269
f 277 278 270
f 278 263 270
f 278 271 263
f 279 272 271
f 279 280 272
f 280 273 272
f 280 281 273
f 281 274 273
f 281 282 274
f 282 275 274
f 282 283 275
f 283 276 275
f 283 284 276
f 284 277 276
f 284 285 277
f 285 278 277
f 285 286 278
f 286 271 278
f 286 279 271
f 287 280 279
f 287 288 280
f 288 281 280
f 288 289 281
f 289 282 281
f 289 290 282
f 290 283 282
f 290 291 283
f 291 284 283
f 291 292 284
f 292 285 284
f 292 293 285
f 293 286 285
f 293 294 286
f 294 279 286
f 294 287 279
f 295 297 298
f 296 330 329
f 295 298 299
f 296 331 330
f 295 299 300
f 296 332 331
f 295 300 301
f 296 333 332
f 295 301 302
f 296 334 333
f 295 302 303
f 296 335 334
f 295 303 304
f 296 336 335
f 295 304 297
f 296 329 336
f 305 298 297
f 305 306 298
f 306 299 298
f 306 307 299
f 307 300 299
f 307 308 300
f 308 301 300
f 308 309 301
f 309 302 301
f 309 310 302
f 310 303 302
f 310 311 303
f 311 304 303
f 311 312 304
f 312 297 304
f 312 305 297
f 313 306 305
f 313 314 306
f 314 307 306
f 314 315 307
f 315 308 307
f 315 316 308
f 316 309 308
f 316 317 309
f 317 310 309
f 317 318 310
f 318 311 310
f 318 319 311
f 319 312 311
f 319 320 312
f 320 305 312
f 320 313 305
f 321 314 313
f 321 322 314
f 322 315 314
f 322 323 315
f 323 316 315
f 323 324 316
f 324 317 316
f 324 325 317
f 325 318 317
f 325 326 318
f 326 319 318
f 326 327 319
f 327 320 319
f 327 328 320
f 328 313 320
f 328 321 313
f 329 322 321
f 329 330 322
f 330 323 322
f 330 331 323
f 331 324 323
f 331 332 324
f 332 325 324
f 332 333 325
f 333 326 325
f 333 334 326
f 334 327 326
f 334 335 327
f 335 328 327
f 335 336 328
f 336 321 328
f 336 329 321
f 337 339 340
f 338 372 371
f 337 340 341
f 338 373 372
f 337 341 342
f 338 374 373
f 337 342 343
f 338 375 374
f 337 343 344
f 338 376 375
f 337 344 345
f 338 377 376
f 337 345 346
f 338 378 377
f 337 346 339
f 338 371 378
f 347 340 339
f 347 348 340
f 348 341 340
f 348 349 341
f 349 342 341
f 349 350 342
f 350 343 342
f 350 351 343
f 351 344 343
f 351 352 344
f 352 345 344
f 352 353 345
f 353 346 345
f 353 354 346
f 354 339 346
f 354 347 339
f 355 348 347
f 355 356 348
f 356 349 348
f 356 357 349
f 357 350 349
f 357 358 350
f 358 351 350
f 358 359 351
f 359 352 351
f 359 360 352
f 360 353 352
f 360 361 353
f 361 354 353
f 361 362 354
f 362 347 354
f 362 355 347
f 363 356 355
f 363 364 356
f 364 357 356
f 364 365 357
f 365 358 357
f 365 366 358
f 366 359 358
f 366 367 359
f 367 360 359
f 367 368 360
f 368 361 360
f 368 369 361
f 369 362 361
f 369 370 362
f 370 355 362
f 370 363 355
f 371 364 363
f 371 372 364
f 372 365 364
f 372 373 365
f 373 366 365
f 373 374 366
f 374 367 366
f 374 375 367
f 375 368 367
f 375 376 368
f 376 369 368
f 376 377 369
f 377 370 369
f 377 378 370
f 378 363 370
f 378 371 363
f 379 381 382
f 380 414 413
f 379 382 383
f 380 415 414
f 379 383 384
f 380 416 415
f 379 384 385
f 380 417 416
f 379 385 386
f 380 418 417
f 379 386 387
f 380 419 418
f 379 387 388
f 380 420 419
f 379 388 381
f 380 413 420
f 389 382 381
f 389 390 382
f 390 383 382
f 390 391 383
f 391 384 383
f 391 392 384
f 392 385 384
f 392 393 385
f 393 386 385
f 393 394 386
f 394 387 386
f 394 395 387
f 395 388 387
f 395 396 388
f 396 381 388
f 396 389 381
f 397 390 389
f 397 398 390
f 398 391 390
f 398 399 391
f 399 392 391
f 399 400 392
f 400 393 392
f 400 401 393
f 401 394 393
f 401 402 394
f 402 395 394
f 402 403 395
f 403 396 395
f 403 404 396
f 404 389 396
f 404 397 389
f 405 398 397
f 405 406 398
f 406 399 398
f 406 407 399
f 407 400 399
f 407 408 400
f 408 401 400
f 408 409 401
f 409 402 401
f 409 410 402
f 410 403 402
f 410 411 403
f 411 404 403
f 411 412 404
f 412 397 404
f 412 405 397
f 413 406 405
f 413 414 406
f 414 407 406
f 414 415 407
f 415 408 407
f 415 416 408
f 416 409 408
f 416 417 409
f 417 410 409
f 417 418 410
f 418 411 410
f 418 419 411
f 419 412 411
f 419 420 412
f 420 405 412
f 420 413 405
f 421 423 424
f 422 456 455
f 421 424 425
f 422 457 456
f 421 425 426
f 422 458 457
f 421 426 427
f 422 459 458
f 421 427 428
f 422 460 459
f 421 428 429
f 422 461 460
f 421 429 430
f 422 462 461
f 421 430 423
f 422 455 462
f 431 424 423
f 431 432 424
f 432 425 424
f 432 433 425
f 433 426 425
f 433 434 426
f 434 427 426
f 434 435 427
f 435 428 427
f 435 436 428
f 436 429 428
f 436 437 429
f 437 430 429
f 437 438 430
f 438 423 430
f 438 431 423
f 439 432 431
f 439 440 432
f 440 433 432
f 440 441 433
f 441 434 433
f 441 442 434
f 442 435 434
f 442 443 435
f 443 436 435
f 443 444 436
f 444 437 436
f 444 445 437
f 445 438 437
f 445 446 438
f 446 431 438
f 446 439 431
f 447 440 439
f 447 448 440
f 448 441 440
f 448 449 441
f 449 442 441
f 449 450 442
f 450 443 442
f 450 451 443
f 451 444 443
f 451 452 444
f 452 445 444
f 452 453 445
f 453 446 445
f 453 454 446
f 454 439 446
f 454 447 439
f 455 448 447
f 455 456 448
f 456 449 448
f 456 457 449
f 457 450 449
f 457 458 450
f 458 451 450
f 458 459 451
f 459 452 451
f 459 460 452
f 460 453 452
f 460 461 453
f 461 454 453
f 461 462 454
f 462 447 454
f 462 455 447
f 463 465 466
f 464 498 497
f 463 466 467
f 464 499 498
f 463 467 468
f 464 500 499
f 463 468 469
f 464 501 500
f 463 469 470
f 464 502 501
f 463 470 471
f 464 503 502
f 463 471 472
f 464 504 503
f 463 472 465
f 464 497 504
f 473 466 465
f 473 474 466
f 474 467 466
f 474 475 467
f 475 468 467
f 475 476 468
f 476 469 468
f 476 477 469
f 477 470 469
f 477 478 470
f 478 471 470
f 478 479 471
f 479 472 471
f 479 480 472
f 480 465 472
f 480 473 465
f 481 474 473
f 481 482 474
f 482 475 474
f 482 483 475
f 483 476 475
f 483 484 476
f 484 477 476
f 484 485 477
f 485 478 477
f 485 486 478
f 486 479 478
f 486 487 479
f 487 480 479
f 487 488 480
f 488 473 480
f 488 481 473
f 489 482 481
f 489 490 482
f 490 483 482
f 490 491 483
f 491 484 483
f 491 492 484
f 492 485 484
f 492 493 485
f 493 486 485
f 493 494 486
f 494 487 486
f 494 495 487
f 495 488 487
f 495 496 488
f 496 481 488
f 496 489 481
f 497 490 489
f 497 498 490
f 498 491 490
f 498 499 491
f 499 492 491
f 499 500 492
f 500 493 492
f 500 501 493
f 501 494 493
f 501 502 494
f 502 495 494
f 502 503 495
f 503 496 495
f 503 504 496
f 504 489 496
f 504 497 489
f 505 507 508
f 506 540 539
f 505 508 509
f 506 541 540
f 505 509 510
f 506 542 541
f 505 510 511
f 506 543 542
f 505 511 512
f 506 544 543
f 505 512 513
f 506 545 544
f 505 513 514
f 506 546 545
f 505 514 507
f 506 539 546
f 515 508 507
f 515 516 508
f 516 509 508
f 516 517 509
f 517 510 509
f 517 518 510
f 518 511 510
f 518 519 511
f 519 512 511
f 519 520 512
f 520 513 512
f 520 521 513
f 521 514 513
f 521 522 514
f 522 507 514
f 522 515 507
f 523 516 515
f 523 524 516
f 524 517 516
f 524 525 517
f 525 518 517
f 525 526 518
f 526 519 518
f 526 527 519
f 527 520 519
f 527 528 520
f 528 521 520
f 528 529 521
f 529 522 521
f 529 530 522
f 530 515 522
f 530 523 515
f 531 524 523
f 531 532 524
f 532 525 524
f 532 533 525
f 533 526 525
f 533 534 526
f 534 527 526
f 534 535 527
f 535 528 527
f 535 536 528
f 536 529 528
f 536 537 529
f 537 530 529
f 537 538 530
f 538 523 530
f 538 531 523
f 539 532 531
f 539 540 532
f 540 533 532
f 540 541 533
f 541 534 533
f 541 542 534
f 542 535 534
f 542 543 535
f 543 536 535
f 543 544 536
f 544 537 536
f 544 545 537
f 545 538 537
f 545 546 538
f 546 531 538
f 546 539 531
f 547 549 550
f 548 582 581
f 547 550 551
f 548 583 582
f 547 551 552
f 548 584 583
f 547 552 553
f 548 585 584
f 547 553 554
f 548 586 585
f 547 554 555
f 548 587 586
f 547 555 556
f 548 588 587
f 547 556 549
f 548 581 588
f 557 550 549
f 557 558 550
f 558 551 550
f 558 559 551
f 559 552 551
f 559 560 552
f 560 553 552
f 560 561 553
f 561 554 553
f 561 562 554
f 562 555 554
f 562 563 555
f 563 556 555
f 563 564 556
f 564 549 556
f 564 557 549
f 565 558 557
f 565 566 558
f 566 559 558
f 566 567 559
f 567 560 559
f 567 568 560
f 568 561 560
f 568 569 561
f 569 562 561
f 569 570 562
f 570 563 562
f 570 571 563
f 571 564 563
f 571 572 564
f 572 557 564
f 572 565 557
f 573 566 565
f 573 574 566
f 574 567 566
f 574 575 567
f 575 568 567
f 575 576 568
f 576 569 568
f 576 577 569
f 577 570 569
f 577 578 570
f 578 571 570
f 578 579 571
f 579 572 571
f 579 580 572
f 580 565 572
f 580 573 565
f 581 574 573
f 581 582 574
f 582 575 574
f 582 583 575
f 583 576 575
f 583 584 576
f 584 577 576
f 584 585 577
f 585 578 577
f 585 586 578
f 586 579 578
f 586 587 579
f 587 580 579
f 587 588 580
f 588 573 580
f 588 581 573
f 589 591 592
f 590 624 623
f 589 592 593
f 590 625 624
f 589 593 594
f 590 626 625
f 589 594 595
f 590 627 626
f 589 595 596
f 590 628 627
f 589 596 597
f 590 629 628
f 589 597 598
f 590 630 629
f 589 598 591
f 590 623 630
f 599 592 591
f 599 600 592
f 600 593 592
f 600 601 593
f 601 594 593
f 601 602 594
f 602 595 594
f 602 603 595
f 603 596 595
f 603 604 596
f 604 597 596
f 604 605 597
f 605 598 597
f 605 606 598
f 606 591 598
f 606 599 591
f 607 600 599
f 607 608 600
f 608 601 600
f 608 609 601
f 609 602 601
f 609 610 602
f 610 603 602
f 610 611 603
f 611 604 603
f 611 612 604
f 612 605 604
f 612 613 605
f 613 606 605
f 613 614 606
f 614 599 606
f 614 607 599
f 615 608 607
f 615 616 608
f 616 609 608
f 616 617 609
f 617 610 609
f 617 618 610
f 618 611 610
f 618 619 611
f 619 612 611
f 619 620 612
f 620 613 612
f 620 621 613
f 621 614 613
f 621 622 614
f 622 607 614
f 622 615 607
f 623 616 615
f 623 624 616
f 624 617 616
f 624 625 617
f 625 618 617
f 625 626 618
f 626 619 618
f 626 627 619
f 627 620 619
f 627 628 620
f 628 621 620
f 628 629 621
f 629 622 621
f 629 630 622
f 630 615 622
f 630 623 615
f 631 633 634
f 632 666 665
f 631 634 635
f 632 667 666
f 631 635 636
f 632 668 667
f 631 636 637
f 632 669 668
f 631 637 638
f 632 670 669
f 631 638 639
f 632 671 670
f 631 639 640
f 632 672 671
f 631 640 633
f 632 665 672
f 641 634 633
f 641 642 634
f 642 635 634
f 642 643 635
f 643 636 635
f 643 644 636
f 644 637 636
f 644 645 637
f 645 638 637
f 645 646 638
f 646 639 638
f 646 647 639
f 647 640 639
f 647 648 640
f 648 633 640
f 648 641 633
f 649 642 641
f 649 650 642
f 650 643 642
f 650 651 643
f 651 644 643
f 651 652 644
f 652 645 644
f 652 653 645
f 653 646 645
f 653 654 646
f 654 647 646
f 654 655 647
f 655 648 647
f 655 656 648
f 656 641 648
f 656 649 641
f 657 650 649
f 657 658 650
f 658 651 650
f 658 659 651
f 659 652 651
f 659 660 652
f 660 653 652
f 660 661 653
f 661 654 653
f 661 662 654
f 662 655 654
f 662 663 655
f 663 656 655
f 663 664 656
f 664 649 656
f 664 657 649
f 665 658 657
f 665 666 658
f 666 659 658
f 666 667 659
f 667 660 659
f 667 668 660
f 668 661 660
f 668 669 661
f 669 662 661
f 669 670 662
f 670 663 662
f 670 671 663
f 671 664 663
f 671 672 664
f 672 657 664
f 672 665 657
f 673 675 676
f 674 708 707
f 673 676 677
f 674 709 708
f 673 677 678
f 674 710 709
f 673 678 679
f 674 711 710
f 673 679 680
f 674 712 711
f 673 680 681
f 674 713 712
f 673 681 682
f 674 714 713
f 673 682 675
f 674 707 714
f 683 676 675
f 683 684 676
f 684 677 676
f 684 685 677
f 685 678 677
f 685 686 678
f 686 679 678
f 686 687 679
f 687 680 679
f 687 688 680
f 688 681 680
f 688 689 681
f 689 682 681
f 689 690 682
f 690 675 682
f 690 683 675
f 691 684 683
f 691 692 684
f 692 685 684
f 692 693 685
f 693 686 685
f 693 694 686
f 694 687 686
f 694 695 687
f 695 688 687
f 695 696 688
f 696 689 688
f 696 697 689
f 697 690 689
f 697 698 690
f 698 683 690
f 698 691 683
f 699 692 691
f 699 700 692
f 700 693 692
f 700 701 693
f 701 694 693
f 701 702 694
f 702 695 694
f 702 703 695
f 703 696 695
f 703 704 696
f 704 697 696
f 704 705 697
f 705 698 697
f 705 706 698
f 706 691 698
f 706 699 691
f 707 700 699
f 707 708 700
f 708 701 700
f 708 709 701
f 709 702 701
f 709 710 702
f 710 703 702
f 710 711 703
f 711 704 703
f 711 712 704
f 712 705 704
f 712 713 705
f 713 706 705
f 713 714 706
f 714 699 706
f 714 707 699
f 715 717 718
f 716 750 749
f 715 718 719
f 716 751 750
f 715 719 720
f 716 752 751
f 715 720 721
f 716 753 752
f 715 721 722
f 716 754 753
f 715 722 723
f 716 755 754
f 715 723 724
f 716 756 755
f 715 724 717
f 716 749 756
f 725 718 717
f 725 726 718
f 726 719 718
f 726 727 719
f 727 720 719
f 727 728 720
f 728 721 720
f 728 729 721
f 729 722 721
f 729 730 722
f 730 723 722
f 730 731 723
f 731 724 723
f 731 732 724
f 732 717 724
f 732 725 717
f 733 726 725
f 733 734 726
f 734 727 726
f 734 735 727
f 735 728 727
f 735 736 728
f 736 729 728
f 736 737 729
f 737 730 729
f 737 738 730
f 738 731 730
f 738 739 731
f 739 732 731
f 739 740 732
f 740 725 732
f 740 733 725
f 741 734 733
f 741 742 734
f 742 735 734
f 742 743 735
f 743 736 735
f 743 744 736
f 744 737 736
f 744 745 737
f 745 738 737
f 745 746 738
f 746 739 738
f 746 747 739
f 747 740 739
f 747 748 740
f 748 733 740
f 748 741 733
f 749 742 741
f 749 750 742
f 750 743 742
f 750 751 743
f 751 744 743
f 751 752 744
f 752 745 744
f 752 753 745
f 753 746 745
f 753 754 746
f 754 747 746
f 754 755 747
f 755 748 747
f 755 756 748
f 756 741 748
f 756 749 741
f 757 759 760
f 758 792 791
f 757 760 761
f 758 793 792
f 757 761 762
f 758 794 793
f 757 762 763
f 758 795 794
f 757 763 764
f 758 796 795
f 757 764 765
f 758 797 796
f 757 765 766
f 758 798 797
f 757 766 759
f 758 791 798
f 767 760 759
f 767 768 760
f 768 761 760
f 768 769 761
f 769 762 761
f 769 770 762
f 770 763 762
f 770 771 763
f 771 764 763
f 771 772 764
f 772 765 764
f 772 773 765
f 773 766 765
f 773 774 766
f 774 759 766
f 774 767 759
f 775 768 767
f 775 776 768
f 776 769 768
f 776 777 769
f 777 770 769
f 777 778 770
f 778 771 770
f 778 779 771
f 779 772 771
f 779 780 772
f 780 773 772
f 780 781 773
f 781 774 773
f 781 782 774
f 782 767 774
f 782 775 767
f 783 776 775
f 783 784 776
f 784 777 776
f 784 785 777
f 785 778 777
f 785 786 778
f 786 779 778
f 786 787 779
f 787 780 779
f 787 788 780
f 788 781 780
f 788 789 781
f 789 782 781
f 789 790 782
f 790 775 782
f 790 783 775
f 791 784 783
f 791 792 784
f 792 785 784
f 792 793 785
f 793 786 785
f 793 794 786
f 794 787 786
f 794 795 787
f 795 788 787
f 795 796 788
f 796 789 788
f 796 797 789
f 797 790 789
f 797 798 790
f 798 783 790
f 798 791 783
f 799 801 802
f 800 834 833
f 799 802 803
f 800 835 834
f 799 803 804
f 800 836 835
f 799 804 805
f 800 837 836
f 799 805 806
f 800 838 837
f 799 806 807
f 800 839 838
f 799 807 808
f 800 840 839
f 799 808 801
f 800 833 840
f 809 802 801
f 809 810 802
f 810 803 802
f 810 811 803
f 811 804 803
f 811 812 804
f 812 805 804
f 812 813 805
f 813 806 805
f 813 814 806
f 814 807 806
f 814 815 807
f 815 808 807
f 815 816 808
f 816 801 808
f 816 809 801
f 817 810 809
f 817 818 810
f 818 811 810
f 818 819 811
f 819 812 811
f 819 820 812
f 820 813 812
f 820 821 813
f 821 814 813
f 821 822 814
f 822 815 814
f 822 823 815
f 823 816 815
f 823 824 816
f 824 809 816
f 824 817 809
f 825 818 817
f 825 826 818
f 826 819 818
f 826 827 819
f 827 820 819
f 827 828 820
f 828 821 820
f 828 829 821
f 829 822 821
f 829 830 822
f 830 823 822
f 830 831 823
f 831 824 823
f 831 832 824
f 832 817 824
f 832 825 817
f 833 826 825
f 833 834 826
f 834 827 826
f 834 835 827
f 835 828 827
f 835 836 828
f 836 829 828
f 836 837 829
f 837 830 829
f 837 838 830
f 838 831 830
f 838 839 831
f 839 832 831
f 839 840 832
f 840 825 832
f 840 833 825
f 841 843 844
f 842 876 875
f 841 844 845
f 842 877 876
f 841 845 846
f 842 878 877
f 841 846 847
f 842 879 878
f 841 847 848
f 842 880 879
f 841 848 849
f 842 881 880
f 841 849 850
f 842 882 881
f 841 850 843
f 842 875 882
f 851 844 843
f 851 852 844
f 852 845 844
f 852 853 845
f 853 846 845
f 853 854 846
f 854 847 846
f 854 855 847
f 855 848 847
f 855 856 848
f 856 849 848
f 856 857 849
f 857 850 849
f 857 858 850
f 858 843 850
f 858 851 843
f 859 852 851
f 859 860 852
f 860 853 852
f 860 861 853
f 861 854 853
f 861 862 854
f 862 855 854
f 862 863 855
f 863 856 855
f 863 864 856
f 864 857 856
f 864 865 857
f 865 858 857
f 865 866 858
f 866 851 858
f 866 859 851
f 867 860 859
f 867 868 860
f 868 861 860
f 868 869 861
f 869 862 861
f 869 870 862
f 870 863 862
f 870 871 863
f 871 864 863
f 871 872 864
f 872 865 864
f 872 873 865
f 873 866 865
f 873 874 866
f 874 859 866
f 874 867 859
f 875 868 867
f 875 876 868
f 876 869 868
f 876 877 869
f 877 870 869
f 877 878 870
f 878 871 870
f 878 879 871
f 879 872 871
f 879 880 872
f 880 873 872
f 880 881 873
f 881 874 873
f 881 882 874
f 882 867 874
f 882 875 867
f 883 885 886
f 884 918 917
f 883 886 887
f 884 919 918
f 883 887 888
f 884 920 919
f 883 888 889
f 884 921 920
f 883 889 890
f 884 922 921
f 883 890 891
f 884 923 922
f 883 891 892
f 884 924 923
f 883 892 885
f 884 917 924
f 893 886 885
f 893 894 886
f 894 887 886
f 894 895 887
f 895 888 887
f 895 896 888
f 896 889 888
f 896 897 889
f 897 890 889
f 897 898 890
f 898 891 890
f 898 899 891
f 899 892 891
f 899 900 892
f 900 885 892
f 900 893 885
f 901 894 893
f 901 902 894
f 902 895 894
f 902 903 895
f 903 896 895
f 903 904 896
f 904 897 896
f 904 905 897
f 905 898 897
f 905 906 898
f 906 899 898
f 906 907 899
f 907 900 899
f 907 908 900
f 908 893 900
f 908 901 893
f 909 902 901
f 909 910 902
f 910 903 902
f 910 911 903
f 911 904 903
f 911 912 904
f 912 905 904
f 912 913 905
f 913 906 905
f 913 914 906
f 914 907 906
f 914 915 907
f 915 908 907
f 915 916 908
f 916 901 908
f 916 909 901
f 917 910 909
f 917 918 910
f 918 911 910
f 918 919 911
f 919 912 911
f 919 920 912
f 920 913 912
f 920 921 913
f 921 914 913
f 921 922 914
f 922 915 914
f 922 923 915
f 923 916 915
f 923 924 916
f 924 909 916
f 924 917 909
f 925 927 928
f 926 960 959
f 925 928 929
f 926 961 960
f 925 929 930
f 926 962 961
f 925 930 931
f 926 963 962
f 925 931 932
f 926 964 963
f 925 932 933
f 926 965 964
f 925 933 934
f 926 966 965
f 925 934 927
f 926 959 966
f 935 928 927
f 935 936 928
f 936 929 928
f 936 937 929
f 937 930 929
f 937 938 930
f 938 931 930
f 938 939 931
f 939 932 931
f 939 940 932
f 940 933 932
f 940 941 933
f 941 934 933
f 941 942 934
f 942 927 934
f 942 935 927
f 943 936 935
f 943 944 936
f 944 937 936
f 944 945 937
f 945 938 937
f 945 946 938
f 946 939 938
f 946 947 939
f 947 940 939
f 947 948 940
f 948 941 940
f 948 949 941
f 949 942 941
f 949 950 942
f 950 935 942
f 950 943 935
f 951 944 943
f 951 952 944
f 952 945 944
f 952 953 945
f 953 946 945
f 953 954 946
f 954 947 946
f 954 955 947
f 955 948 947
f 955 956 948
f 956 949 948
f 956 957 949
f 957 950 949
f 957 958 950
f 958 943 950
f 958 951 943
f 959 952 951
f 959 960 952
f 960 953 952
f 960 961 953
f 961 954 953
f 961 962 954
f 962 955 954
f 962 963 955
f 963 956 955
f 963 964 956
f 964 957 956
f 964 965 957
f 965 958 957
f 965 966 958
f 966 951 958
f 966 959 951
f 967 969 970
f 968 1002 1001
f 967 970 971
f 968 1003 1002
f 967 971 972
f 968 1004 1003
f 967 972 973
f 968 1005 1004
f 967 973 974
f 968 1006 1005
f 967 974 975
f 968 1007 1006
f 967 975 976
f 968 1008 1007
f 967 976 969
f 968 1001 1008
f 977 970 969
f 977 978 970
f 978 971 970
f 978 979 971
f 979 972 971
f 979 980 972
f 980 973 972
f 980 981 973
f 981 974 973
f 981 982 974
f 982 975 974
f 982 983 975
f 983 976 975
f 983 984 976
f 984 969 976
f 984 977 969
f 985 978 977
f 985 986 978
f 986 979 978
f 986 987 979
f 987 980 979
f 987 988 980
f 988 981 980
f 988 989 981
f 989 982 981
f 989 990 982
f 990 983 982
f 990 991 983
f 991 984 983
f 991 992 984
f 992 977 984
f 992 985 977
f 993 986 985
f 993 994 986
f 994 987 986
f 994 995 987
f 995 988 987
f 995 996 988
f 996 989 988
f 996 997 989
f 997 990 989
f 997 998 990
f 998 991 990
f 998 999 991
f 999 992 991
f 999 1000 992
f 1000 985 992
f 1000 993 985
f 1001 994 993
f 1001 1002 994
f 1002 995 994
f 1002 1003 995
f 1003 996 995
f 1003 1004 996
f 1004 997 996
f 1004 1005 997
f 1005 998 997
f 1005 1006 998
f 1006 999 998
f 1006 1007 999
f 1007 1000 999
f 1007 1008 1000
f 1008 993 1000
f 1008 1001 993
f 1009 1011 1012
f 1010 1044 1043
f 1009 1012 1013
f 1010 1045 1044
f 1009 1013 1014
f 1010 1046 1045
f 1009 1014 1015
f 1010 1047 1046
f 1009 1015 1016
f 1010 1048 1047
f 1009 1016 1017
f 1010 1049 1048
f 1009 1017 1018
f 1010 1050 1049
f 1009 1018 1011
f 1010 1043 1050
f 1019 1012 1011
f 1019 1020 1012
f 1020 1013 1012
f 1020 1021 1013
f 1021 1014 1013
f 1021 1022 1014
f 1022 1015 1014
f 1022 1023 1015
f 1023 1016 1015
f 1023 1024 1016
f 1024 1017 1016
f 1024 1025 1017
f 1025 1018 1017
f 1025 1026 1018
f 1026 1011 1018
f 1026 1019 1011
f 1027 1020 1019
f 1027 1028 1020
f 1028 1021 1020
f 1028 1029 1021
f 1029 1022 1021
f 1029 1030 1022
f 1030 1023 1022
f 1030 1031 1023
f 1031 1024 1023
f 1031 1032 1024
f 1032 1025 1024
f 1032 1033 1025
f 1033 1026 1025
f 1033 1034 1026
f 1034 1019 1026
f 1034 1027 1019
f 1035 1028 1027
f 1035 1036 1028
f 1036 1029 1028
f 1036 1037 1029
f 1037 1030 1029
f 1037 1038 1030
f 1038 1031 1030
f 1038 1039 1031
f 1039 1032 1031
f 1039 1040 1032
f 1040 1033 1032
f 1040 1041 1033
f 1041 1034 1033
f 1041 1042 1034
f 1042 1027 1034
f 1042 1035 1027
f 1043 1036 1035
f 1043 1044 1036
f 1044 1037 1036
f 1044 1045 1037
f 1045 1038 1037
f 1045 1046 1038
f 1046 1039 1038
f 1046 1047 1039
f 1047 1040 1039
f 1047 1048 1040
f 1048 1041 1040
f 1048 1049 1041
f 1049 1042 1041
f 1049 1050 1042
f 1050 1035 1042
f 1050 1043 1035
f 1051 1053 1054
f 1052 1086 1085
f 1051 1054 1055
f 1052 1087 1086
f 1051 1055 1056
f 1052 1088 1087
f 1051 1056 1057
f 1052 1089 1088
f 1051 1057 1058
f 1052 1090 1089
f 1051 1058 1059
f 1052 1091 1090
f 1051 1059 1060
f 1052 1092 1091
f 1051 1060 1053
f 1052 1085 1092
f 1061 1054 1053
f 1061 1062 1054
f 1062 1055 1054
f 1062 1063 1055
f 1063 1056 1055
f 1063 1064 1056
f 1064 1057 1056
f 1064 1065 1057
f 1065 1058 1057
f 1065 1066 1058
f 1066 1059 1058
f 1066 1067 1059
f 1067 1060 1059
f 1067 1068 1060
f 1068 1053 1060
f 1068 1061 1053
f 1069 1062 1061
f 1069 1070 1062
f 1070 1063 1062
f 1070 1071 1063
f 1071 1064 1063
f 1071 1072 1064
f 1072 1065 1064
f 1072 1073 1065
f 1073 1066 1065
f 1073 1074 1066
f 1074 1067 1066
f 1074 1075 1067
f 1075 1068 1067
f 1075 1076 1068
f 1076 1061 1068
f 1076 1069 1061
f 1077 1070 1069
f 1077 1078 1070
f 1078 1071 1070
f 1078 1079 1071
f 1079 1072 1071
f 1079 1080 1072
f 1080 1073 1072
f 1080 1081 1073
f 1081 1074 1073
f 1081 1082 1074
f 1082 1075 1074
f 1082 1083 1075
f 1083 1076 1075
f 1083 1084 1076
f 1084 1069 1076
f 1084 1077 1069
f 1085 1078 1077
f 1085 1086 1078
f 1086 1079 1078
f 1086 1087 1079
f 1087 1080 1079
f 1087 1088 1080
f 1088 1081 1080
f 1088 1089 1081
f 1089 1082 1081
f 1089 1090 1082
f 1090 1083 1082
f 1090 1091 1083
f 1091 1084 1083
f 1091 1092 1084
f 1092 1077 1084
f 1092 1085 1077
f 1093 1095 1096
f 1094 1128 1127
f 1093 1096 1097
f 1094 1129 1128
f 1093 1097 1098
f 1094 1130 1129
f 1093 1098 1099
f 1094 1131 1130
f 1093 1099 1100
f 1094 1132 1131
f 1093 1100 1101
f 1094 1133 1132
f 1093 1101 1102
f 1094 1134 1133
f 1093 1102 1095
f 1094 1127 1134
f 1103 1096 1095
f 1103 1104 1096
f 1104 1097 1096
f 1104 1105 1097
f 1105 1098 1097
f 1105 1106 1098
f 1106 1099 1098
f 1106 1107 1099
f 1107 1100 1099
f 1107 1108 1100
f 1108 1101 1100
f 1108 1109 1101
f 1109 1102 1101
f 1109 1110 1102
f 1110 1095 1102
f 1110 1103 1095
f 1111 1104 1103
f 1111 1112 1104
f 1112 1105 1104
f 1112 1113 1105
f 1113 1106 1105
f 1113 1114 1106
f 1114 1107 1106
f 1114 1115 1107
f 1115 1108 1107
f 1115 1116 1108
f 1116 1109 1108
f 1116 1117 1109
f 1117 1110 1109
f 1117 1118 1110
f 1118 1103 1110
f 1118 1111 1103
f 1119 1112 1111
f 1119 1120 1112
f 1120 1113 1112
f 1120 1121 1113
f 1121 1114 1113
f 1121 1122 1114
f 1122 1115 1114
f 1122 1123 1115
f 1123 1116 1115
f 1123 1124 1116
f 1124 1117 1116
f 1124 1125 1117
f 1125 1118 1117
f 1125 1126 1118
f 1126 1111 1118
f 1126 1119 1111
f 1127 1120 1119
f 1127 1128 1120
f 1128 1121 1120
f 1128 1129 1121
f 1129 1122 1121
f 1129 1130 1122
f 1130 1123 1122
f 1130 1131 1123
f 1131 1124 1123
f 1131 1132 1124
f 1132 1125 1124
f 1132 1133 1125
f 1133 1126 1125
f 1133 1134 1126
f 1134 1119 1126
f 1134 1127 1119
f 1135 1137 1138
f 1136 1170 1169
f 1135 1138 1139
f 1136 1171 1170
f 1135 1139 1140
f 1136 1172 1171
f 1135 1140 1141
f 1136 1173 1172
f 1135 1141 1142
f 1136 1174 1173
f 1135 1142 1143
f 1136 1175 1174
f 1135 1143 1144
f 1136 1176 1175
f 1135 1144 1137
f 1136 1169 1176
f 1145 1138 1137
f 1145 1146 1138
f 1146 1139 1138
f 1146 1147 1139
f 1147 1140 1139
f 1147 1148 1140
f 1148 1141 1140
f 1148 1149 1141
f 1149 1142 1141
f 1149 1150 1142
f 1150 1143 1142
f 1150 1151 1143
f 1151 1144 1143
f 1151 1152 1144
f 1152 1137 1144
f 1152 1145 1137
f 1153 1146 1145
f 1153 1154 1146
f 1154 1147 1146
f 1154 1155 1147
f 1155 1148 1147
f 1155 1156 1148
f 1156 1149 1148
f 1156 1157 1149
f 1157 1150 1149
f 1157 1158 1150
f 1158 1151 1150
f 1158 1159 1151
f 1159 1152 1151
f 1159 1160 1152
f 1160 1145 1152
f 1160 1153 1145
f 1161 1154 1153
f 1161 1162 1154
f 1162 1155 1154
f 1162 1163 1155
f 1163 1156 1155
f 1163 1164 1156
f 1164 1157 1156
f 1164 1165 1157
f 1165 1158 1157
f 1165 1166 1158
f 1166 1159 1158
f 1166 1167 1159
f 1167 1160 1159
f 1167 1168 1160
f 1168 1153 1160
f 1168 1161 1153
f 1169 1162 1161
f 1169 1170 1162
f 1170 1163 1162
f 1170 1171 1163
f 1171 1164 1163
f 1171 1172 1164
f 1172 1165 1164
f 1172 1173 1165
f 1173 1166 1165
f 1173 1174 1166
f 1174 1167 1166
f 1174 1175 1167
f 1175 1168 1167
f 1175 1176 1168
f 1176 1161 1168
f 1176 1169 1161
f 1177 1179 1180
f 1178 1212 1211
f 1177 1180 1181
f 1178 1213 1212
f 1177 1181 1182
f 1178 1214 1213
f 1177 1182 1183
f 1178 1215 1214
f 1177 1183 1184
f 1178 1216 1215
f 1177 1184 1185
f 1178 1217 1216
f 1177 1185 1186
f 1178 1218 1217
f 1177 1186 1179
f 1178 1211 1218
f 1187 1180 1179
f 1187 1188 1180
f 1188 1181 1180
f 1188 1189 1181
f 1189 1182 1181
f 1189 1190 1182
f 1190 1183 1182
f 1190 1191 1183
f 1191 1184 1183
f 1191 1192 1184
f 1192 1185 1184
f 1192 1193 1185
f 1193 1186 1185
f 1193 1194 1186
f 1194 1179 1186
f 1194 1187 1179
f 1195 1188 1187
f 1195 1196 1188
f 1196 1189 1188
f 1196 1197 1189
f 1197 1190 1189
f 1197 1198 1190
f 1198 1191 1190
f 1198 1199 1191
f 1199 1192 1191
f 1199 1200 1192
f 1200 1193 1192
f 1200 1201 1193
f 1201 1194 1193
f 1201 1202 1194
f 1202 1187 1194
f 1202 1195 1187
f 1203 1196 1195
f 1203 1204 1196
f 1204 1197 1196
f 1204 1205 1197
f 1205 1198 1197
f 1205 1206 1198
f 1206 1199 1198
f 1206 1207 1199
f 1207 1200 1199
f 1207 1208 1200
f 1208 1201 1200
f 1208 1209 1201
f 1209 1202 1201
f 1209 1210 1202
f 1210 1195 1202
f 1210 1203 1195
f 1211 1204 1203
f 1211 1212 1204
f 1212 1205 1204
f 1212 1213 1205
f 1213 1206 1205
f 1213 1214 1206
f 1214 1207 1206
f 1214 1215 1207
f 1215 1208 1207
f 1215 1216 1208
f 1216 1209 1208
f 1216 1217 1209
f 1217 1210 1209
f 1217 1218 1210
f 1218 1203 1210
f 1218 1211 1203
f 1219 1221 1222
f 1220 1254 1253
f 1219 1222 1223
f 1220 1255 1254
f 1219 1223 1224
f 1220 1256 1255
f 1219 1224 1225
f 1220 1257 1256
f 1219 1225 1226
f 1220 1258 1257
f 1219 1226 1227
f 1220 1259 1258
f 1219 1227 1228
f 1220 1260 1259
f 1219 1228 1221
f 1220 1253 1260
f 1229 1222 1221
f 1229 1230 1222
f 1230 1223 1222
f 1230 1231 1223
f 1231 1224 1223
f 1231 1232 1224
f 1232 1225 1224
f 1232 1233 1225
f 1233 1226 1225
f 1233 1234 1226
f 1234 1227 1226
f 1234 1235 1227
f 1235 1228 1227
f 1235 1236 1228
f 1236 1221 1228
f 1236 1229 1221
f 1237 1230 1229
f 1237 1238 1230
f 1238 1231 1230
f 1238 1239 1231
f 1239 1232 1231
f 1239 1240 1232
f 1240 1233 1232
f 1240 1241 1233
f 1241 1234 1233
f 1241 1242 1234
f 1242 1235 1234
f 1242 1243 1235
f 1243 1236 1235
f 1243 1244 1236
f 1244 1229 1236
f 1244 1237 1229
f 1245 1238 1237
f 1245 1246 1238
f 1246 1239 1238
f 1246 1247 1239
f 1247 1240 1239
f 1247 1248 1240
f 1248 1241 1240
f 1248 1249 1241
f 1249 1242 1241
f 1249 1250 1242
f 1250 1243 1242
f 1250 1251 1243
f 1251 1244 1243
f 1251 1252 1244
f 1252 1237 1244
f 1252 1245 1237
f 1253 1246 1245
f 1253 1254 1246
f 1254 1247 1246
f 1254 1255 1247
f 1255 1248 1247
f 1255 1256 1248
f 1256 1249 1248
f 1256 1257 1249
f 1257 1250 1249
f 1257 1258 1250
f 1258 1251 1250
f 1258 1259 1251
f 1259 1252 1251
f 1259 1260 1252
f 1260 1245 1252
f 1260 1253 1245
f 1261 1263 1264
f 1262 1296 1295
f 1261 1264 1265
f 1262 1297 1296
f 1261 1265 1266
f 1262 1298 1297
f 1261 1266 1267
f 1262 1299 1298
f 1261 1267 1268
f 1262 1300 1299
f 1261 1268 1269
f 1262 1301 1300
f 1261 1269 1270
f 1262 1302 1301
f 1261 1270 1263
f 1262 1295 1302
f 1271 1264 1263
f 1271 1272 1264
f 1272 1265 1264
f 1272 1273 1265
f 1273 1266 1265
f 1273 1274 1266
f 1274 1267 1266
f 1274 1275 1267
f 1275 1268 1267
f 1275 1276 1268
f 1276 1269 1268
f 1276 1277 1269
f 1277 1270 1269
f 1277 1278 1270
f 1278 1263 1270
f 1278 1271 1263
f 1279 1272 1271
f 1279 1280 1272
f 1280 1273 1272
f 1280 1281 1273
f 1281 1274 1273
f 1281 1282 1274
f 1282 1275 1274
f 1282 1283 1275
f 1283 1276 1275
f 1283 1284 1276
f 1284 1277 1276
f 1284 1285 1277
f 1285 1278 1277
f 1285 1286 1278
f 1286 1271 1278
f 1286 1279 1271
f 1287 1280 1279
f 1287 1288 1280
f 1288 1281 1280
f 1288 1289 1281
f 1289 1282 1281
f 1289 1290 1282
f 1290 1283 1282
f 1290 1291 1283
f 1291 1284 1283
f 1291 1292 1284
f 1292 1285 1284
f 1292 1293 1285
f 1293 1286 1285
f 1293 1294 1286
f 1294 1279 1286
f 1294 1287 1279
f 1295 1288 1287
f 1295 1296 1288
f 1296 1289 1288
f 1296 1297 1289
f 1297 1290 1289
f 1297 1298 1290
f 1298 1291 1290
f 1298 1299 1291
f 1299 1292 1291
f 1299 1300 1292
f 1300 1293 1292
f 1300 1301 1293
f 1301 1294 1293
f 1301 1302 1294
f 1302 1287 1294
f 1302 1295 1287
f 1303 1305 1306
f 1304 1338 1337
f 1303 1306 1307
f 1304 1339 1338
f 1303 1307 1308
f 1304 1340 1339
f 1303 1308 1309
f 1304 1341 1340
f 1303 1309 1310
f 1304 1342 1341
f 1303 1310 1311
f 1304 1343 1342
f 1303 1311 1312
f 1304 1344 1343
f 1303 1312 1305
f 1304 1337 1344
f 1313 1306 1305
f 1313 1314 1306
f 1314 1307 1306
f 1314 1315 1307
f 1315 1308 1307
f 1315 1316 1308
f 1316 1309 1308
f 1316 1317 1309
f 1317 1310 1309
f 1317 1318 1310
f 1318 1311 1310
f 1318 1319 1311
f 1319 1312 1311
f 1319 1320 1312
f 1320 1305 1312
f 1320 1313 1305
f 1321 1314 1313
f 1321 1322 1314
f 1322 1315 1314
f 1322 1323 1315
f 1323 1316 1315
f 1323 1324 1316
f 1324 1317 1316
f 1324 1325 1317
f 1325 1318 1317
f 1325 1326 1318
f 1326 1319 1318
f 1326 1327 1319
f 1327 1320 1319
f 1327 1328 1320
f 1328 1313 1320
f 1328 1321 1313
f 1329 1322 1321
f 1329 1330 1322
f 1330 1323 1322
f 1330 1331 1323
f 1331 1324 1323
f 1331 1332 1324
f 1332 1325 1324
f 1332 1333 1325
f 1333 1326 1325
f 1333 1334 1326
f 1334 1327 1326
f 1334 1335 1327
f 1335 1328 1327
f 1335 1336 1328
f 1336 1321 1328
f 1336 1329 1321
f 1337 1330 1329
f 1337 1338 1330
f 1338 1331 1330
f 1338 1339 1331
f 1339 1332 1331
f 1339 1340 1332
f 1340 1333 1332
f 1340 1341 1333
f 1341 1334 1333
f 1341 1342 1334
f 1342 1335 1334
f 1342 1343 1335
f 1343 1336 1335
f 1343 1344 1336
f 1344 1329 1336
f 1344 1337 1329
f 1345 1347 1348
f 1346 1380 1379
f 1345 1348 1349
f 1346 1381 1380
f 1345 1349 1350
f 1346 1382 1381
f 1345 1350 1351
f 1346 1383 1382
f 1345 1351 1352
f 1346 1384 1383
f 1345 1352 1353
f 1346 1385 1384
f 1345 1353 1354
f 1346 1386 1385
f 1345 1354 1347
f 1346 1379 1386
f 1355 1348 1347
f 1355 1356 1348
f 1356 1349 1348
f 1356 1357 1349
f 1357 1350 1349
f 1357 1358 1350
f 1358 1351 1350
f 1358 1359 1351
f 1359 1352 1351
f 1359 1360 1352
f 1360 1353 1352
f 1360 1361 1353
f 1361 1354 1353
f 1361 1362 1354
f 1362 1347 1354
f 1362 1355 1347
f 1363 1356 1355
f 1363 1364 1356
f 1364 1357 1356
f 1364 1365 1357
f 1365 1358 1357
f 1365 1366 1358
f 1366 1359 1358
f 1366 1367 1359
f 1367 1360 1359
f 1367 1368 1360
f 1368 1361 1360
f 1368 1369 1361
f 1369 1362 1361
f 1369 1370 1362
f 1370 1355 1362
f 1370 1363 1355
f 1371 1364 1363
f 1371 1372 1364
f 1372 1365 1364
f 1372 1373 1365
f 1373 1366 1365
f 1373 1374 1366
f 1374 1367 1366
f 1374 1375 1367
f 1375 1368 1367
f 1375 1376 1368
f 1376 1369 1368
f 1376 1377 1369
f 1377 1370 1369
f 1377 1378 1370
f 1378 1363 1370
f 1378 1371 1363
f 1379 1372 1371
f 1379 1380 1372
f 1380 1373 1372
f 1380 1381 1373
f 1381 1374 1373
f 1381 1382 1374
f 1382 1375 1374
f 1382 1383 1375
f 1383 1376 1375
f 1383 1384 1376
f 1384 1377 1376
f 1384 1385 1377
f 1385 1378 1377
f 1385 1386 1378
f 1386 1371 1378
f 1386 1379 1371
f 1387 1389 1390
f 1388 1422 1421
f 1387 1390 1391
f 1388 1423 1422
f 1387 1391 1392
f 1388 1424 1423
f 1387 1392 1393
f 1388 1425 1424
f 1387 1393 1394
f 1388 1426 1425
f 1387 1394 1395
f 1388 1427 1426
f 1387 1395 1396
f 1388 1428 1427
f 1387 1396 1389
f 1388 1421 1428
f 1397 1390 1389
f 1397 1398 1390
f 1398 1391 1390
f 1398 1399 1391
f 1399 1392 1391
f 1399 1400 1392
f 1400 1393 1392
f 1400 1401 1393
f 1401 1394 1393
f 1401 1402 1394
f 1402 1395 1394
f 1402 1403 1395
f 1403 1396 1395
f 1403 1404 1396
f 1404 1389 1396
f 1404 1397 1389
f 1405 1398 1397
f 1405 1406 1398
f 1406 1399 1398
f 1406 1407 1399
f 1407 1400 1399
f 1407 1408 1400
f 1408 1401 1400
f 1408 1409 1401
f 1409 1402 1401
f 1409 1410 1402
f 1410 1403 1402
f 1410 1411 1403
f 1411 1404 1403
f 1411 1412 1404
f 1412 1397 1404
f 1412 1405 1397
f 1413 1406 1405
f 1413 1414 1406
f 1414 1407 1406
f 1414 1415 1407
f 1415 1408 1407
f 1415 1416 1408
f 1416 1409 1408
f 1416 1417 1409
f 1417 1410 1409
f 1417 1418 1410
f 1418 1411 1410
f 1418 1419 1411
f 1419 1412 1411
f 1419 1420 1412
f 1420 1405 1412
f 1420 1413 1405
f 1421 1414 1413
f 1421 1422 1414
f 1422 1415 1414
f 1422 1423 1415
f 1423 1416 1415
f 1423 1424 1416
f 1424 1417 1416
f 1424 1425 1417
f 1425 1418 1417
f 1425 1426 1418
f 1426 1419 1418
f 1426 1427 1419
f 1427 1420 1419
f 1427 1428 1420
f 1428 1413 1420
f 1428 1421 1413
f 1429 1431 1432
f 1430 1464 1463
f 1429 1432 1433
f 1430 1465 1464
f 1429 1433 1434
f 1430 1466 1465
f 1429 1434 1435
f 1430 1467 1466
f 1429 1435 1436
f 1430 1468 1467
f 1429 1436 1437
f 1430 1469 1468
f 1429 1437 1438
f 1430 1470 1469
f 1429 1438 1431
f 1430 1463 1470
f 1439 1432 1431
f 1439 1440 1432
f 1440 1433 1432
f 1440 1441 1433
f 1441 1434 1433
f 1441 1442 1434
f 1442 1435 1434
f 1442 1443 1435
f 1443 1436 1435
f 1443 1444 1436
f 1444 1437 1436
f 1444 1445 1437
f 1445 1438 1437
f 1445 1446 1438
f 1446 1431 1438
f 1446 1439 1431
f 1447 1440 1439
f 1447 1448 1440
f 1448 1441 1440
f 1448 1449 1441
f 1449 1442 1441
f 1449 1450 1442
f 1450 1443 1442
f 1450 1451 1443
f 1451 1444 1443
f 1451 1452 1444
f 1452 1445 1444
f 1452 1453 1445
f 1453 1446 1445
f 1453 1454 1446
f 1454 1439 1446
f 1454 1447 1439
f 1455 1448 1447
f 1455 1456 1448
f 1456 1449 1448
f 1456 1457 1449
f 1457 1450 1449
f 1457 1458 1450
f 1458 1451 1450
f 1458 1459 1451
f 1459 1452 1451
f 1459 1460 1452
f 1460 1453 1452
f 1460 1461 1453
f 1461 1454 1453
f 1461 1462 1454
f 1462 1447 1454
f 1462 1455 1447
f 1463 1456 1455
f 1463 1464 1456
f 1464 1457 1456
f 1464 1465 1457
f 1465 1458 1457
f 1465 1466 1458
f 1466 1459 1458
f 1466 1467 1459
f 1467 1460 1459
f 1467 1468 1460
f 1468 1461 1460
f 1468 1469 1461
f 1469 1462 1461
f 1469 1470 1462
f 1470 1455 1462
f 1470 1463 1455
f 1471 1473 1474
f 1472 1506 1505
f 1471 1474 1475
f 1472 1507 1506
f 1471 1475 1476
f 1472 1508 1507
f 1471 1476 1477
f 1472 1509 1508
f 1471 1477 1478
f 1472 1510 1509
f 1471 1478 1479
f 1472 1511 1510
f 1471 1479 1480
f 1472 1512 1511
f 1471 1480 1473
f 1472 1505 1512
f 1481 1474 1473
f 1481 1482 1474
f 1482 1475 1474
f 1482 1483 1475
f 1483 1476 1475
f 1483 1484 1476
f 1484 1477 1476
f 1484 1485 1477
f 1485 1478 1477
f 1485 1486 1478
f 1486 1479 1478
f 1486 1487 1479
f 1487 1480 1479
f 1487 1488 1480
f 1488 1473 1480
f 1488 1481 1473
f 1489 1482 1481
f 1489 1490 1482
f 1490 1483 1482
f 1490 1491 1483
f 1491 1484 1483
f 1491 1492 1484
f 1492 1485 1484
f 1492 1493 1485
f 1493 1486 1485
f 1493 1494 1486
f 1494 1487 1486
f 1494 1495 1487
f 1495 1488 1487
f 1495 1496 1488
f 1496 1481 1488
f 1496 1489 1481
f 1497 1490 1489
f 1497 1498 1490
f 1498 1491 1490
f 1498 1499 1491
f 1499 1492 1491
f 1499 1500 1492
f 1500 1493 1492
f 1500 1501 1493
f 1501 1494 1493
f 1501 1502 1494
f 1502 1495 1494
f 1502 1503 1495
f 1503 1496 1495
f 1503 1504 1496
f 1504 1489 1496
f 1504 1497 1489
f 1505 1498 1497
f 1505 1506 1498
f 1506 1499 1498
f 1506 1507 1499
f 1507 1500 1499
f 1507 1508 1500
f 1508 1501 1500
f 1508 1509 1501
f 1509 1502 1501
f 1509 1510 1502
f 1510 1503 1502
f 1510 1511 1503
f 1511 1504 1503
f 1511 1512 1504
f 1512 1497 1504
f 1512 1505 1497
f 1513 1515 1516
f 1514 1548 1547
f 1513 1516 1517
f 1514 1549 1548
f 1513 1517 1518
f 1514 1550 1549
f 1513 1518 1519
f 1514 1551 1550
f 1513 1519 1520
f 1514 1552 1551
f 1513 1520 1521
f 1514 1553 1552
f 1513 1521 1522
f 1514 1554 1553
f 1513 1522 1515
f 1514 1547 1554
f 1523 1516 1515
f 1523 1524 1516
f 1524 1517 1516
f 1524 1525 1517
f 1525 1518 1517
f 1525 1526 1518
f 1526 1519 1518
f 1526 1527 1519
f 1527 1520 1519
f 1527 1528 1520
f 1528 1521 1520
f 1528 1529 1521
f 1529 1522 1521
f 1529 1530 1522
f 1530 1515 1522
f 1530 1523 1515
f 1531 1524 1523
f 1531 1532 1524
f 1532 1525 1524
f 1532 1533 1525
f 1533 1526 1525
f 1533 1534 1526
f 1534 1527 1526
f 1534 1535 1527
f 1535 1528 1527
f 1535 1536 1528
f 1536 1529 1528
f 1536 1537 1529
f 1537 1530 1529
f 1537 1538 1530
f 1538 1523 1530
f 1538 1531 1523
f 1539 1532 1531
f 1539 1540 1532
f 1540 1533 1532
f 1540 1541 1533
f 1541 1534 1533
f 1541 1542 1534
f 1542 1535 1534
f 1542 1543 1535
f 1543 1536 1535
f 1543 1544 1536
f 1544 1537 1536
f 1544 1545 1537
f 1545 1538 1537
f 1545 1546 1538
f 1546 1531 1538
f 1546 1539 1531
f 1547 1540 1539
f 1547 1548 1540
f 1548 1541 1540
f 1548 1549 1541
f 1549 1542 1541
f 1549 1550 1542
f 1550 1543 1542
f 1550 1551 1543
f 1551 1544 1543
f 1551 1552 1544
f 1552 1545 1544
f 1552 1553 1545
f 1553 1546 1545
f 1553 1554 1546
f 1554 1539 1546
f 1554 1547 1539
f 1555 1557 1558
f 1556 1590 1589
f 1555 1558 1559
f 1556 1591 1590
f 1555 1559 1560
f 1556 1592 1591
f 1555 1560 1561
f 1556 1593 1592
f 1555 1561 1562
f 1556 1594 1593
f 1555 1562 1563
f 1556 1595 1594
f 1555 1563 1564
f 1556 1596 1595
f 1555 1564 1557
f 1556 1589 1596
f 1565 1558 1557
f 1565 1566 1558
f 1566 1559 1558
f 1566 1567 1559
f 1567 1560 1559
f 1567 1568 1560
f 1568 1561 1560
f 1568 1569 1561
f 1569 1562 1561
f 1569 1570 1562
f 1570 1563 1562
f 1570 1571 1563
f 1571 1564 1563
f 1571 1572 1564
f 1572 1557 1564
f 1572 1565 1557
f 1573 1566 1565
f 1573 1574 1566
f 1574 1567 1566
f 1574 1575 1567
f 1575 1568 1567
f 1575 1576 1568
f 1576 1569 1568
f 1576 1577 1569
f 1577 1570 1569
f 1577 1578 1570
f 1578 1571 1570
f 1578 1579 1571
f 1579 1572 1571
f 1579 1580 1572
f 1580 1565 1572
f 1580 1573 1565
f 1581 1574 1573
f 1581 1582 1574
f 1582 1575 1574
f 1582 1583 1575
f 1583 1576 1575
f 1583 1584 1576
f 1584 1577 1576
f 1584 1585 1577
f 1585 1578 1577
f 1585 1586 1578
f 1586 1579 1578
f 1586 1587 1579
f 1587 1580 1579
f 1587 1588 1580
f 1588 1573 1580
f 1588 1581 1573
f 1589 1582 1581
f 1589 1590 1582
f 1590 1583 1582
f 1590 1591 1583
f 1591 1584 1583
f 1591 1592 1584
f 1592 1585 1584
f 1592 1593 1585
f 1593 1586 1585
f 1593 1594 1586
f 1594 1587 1586
f 1594 1595 1587
f 1595 1588 1587
f 1595 1596 1588
f 1596 1581 1588
f 1596 1589 1581
f 1597 1599 1600
f 1598 1632 1631
f 1597 1600 1601
f 1598 1633 1632
f 1597 1601 1602
f 1598 1634 1633
f 1597 1602 1603
f 1598 1635 1634
f 1597 1603 1604
f 1598 1636 1635
f 1597 1604 1605
f 1598 1637 1636
f 1597 1605 1606
f 1598 1638 1637
f 1597 1606 1599
f 1598 1631 1638
f 1607 1600 1599
f 1607 1608 1600
f 1608 1601 1600
f 1608 1609 1601
f 1609 1602 1601
f 1609 1610 1602
f 1610 1603 1602
f 1610 1611 1603
f 1611 1604 1603
f 1611 1612 1604
f 1612 1605 1604
f 1612 1613 1605
f 1613 1606 1605
f 1613 1614 1606
f 1614 1599 1606
f 1614 1607 1599
f 1615 1608 1607
f 1615 1616 1608
f 1616 1609 1608
f 1616 1617 1609
f 1617 1610 1609
f 1617 1618 1610
f 1618 1611 1610
f 1618 1619 1611
f 1619 1612 1611
f 1619 1620 1612
f 1620 1613 1612
f 1620 1621 1613
f 1621 1614 1613
f 1621 1622 1614
f 1622 1607 1614
f 1622 1615 1607
f 1623 1616 1615
f 1623 1624 1616
f 1624 1617 1616
f 1624 1625 1617
f 1625 1618 1617
f 1625 1626 1618
f 1626 1619 1618
f 1626 1627 1619
f 1627 1620 1619
f 1627 1628 1620
f 1628 1621 1620
f 1628 1629 1621
f 1629 1622 1621
f 1629 1630 1622
f 1630 1615 1622
f 1630 1623 1615
f 1631 1624 1623
f 1631 1632 1624
f 1632 1625 1624
f 1632 1633 1625
f 1633 1626 1625
f 1633 1634 1626
f 1634 1627 1626
f 1634 1635 1627
f 1635 1628 1627
f 1635 1636 1628
f 1636 1629 1628
f 1636 1637 1629
f 1637 1630 1629
f 1637 1638 1630
f 1638 1623 1630
f 1638 1631 1623
f 1639 1641 1642
f 1640 1674 1673
f 1639 1642 1643
f 1640 1675 1674
f 1639 1643 1644
f 1640 1676 1675
f 1639 1644 1645
f 1640 1677 1676
f 1639 1645 1646
f 1640 1678 1677
f 1639 1646 1647
f 1640 1679 1678
f 1639 1647 1648
f 1640 1680 1679
f 1639 1648 1641
f 1640 1673 1680
f 1649 1642 1641
f 1649 1650 1642
f 1650 1643 1642
f 1650 1651 1643
f 1651 1644 1643
f 1651 1652 1644
f 1652 1645 1644
f 1652 1653 1645
f 1653 1646 1645
f 1653 1654 1646
f 1654 1647 1646
f 1654 1655 1647
f 1655 1648 1647
f 1655 1656 1648
f 1656 1641 1648
f 1656 1649 1641
f 1657 1650 1649
f 1657 1658 1650
f 1658 1651 1650
f 1658 1659 1651
f 1659 1652 1651
f 1659 1660 1652
f 1660 1653 1652
f 1660 1661 1653
f 1661 1654 1653
f 1661 1662 1654
f 1662 1655 1654
f 1662 1663 1655
f 1663 1656 1655
f 1663 1664 1656
f 1664 1649 1656
f 1664 1657 1649
f 1665 1658 1657
f 1665 1666 1658
f 1666 1659 1658
f 1666 1667 1659
f 1667 1660 1659
f 1667 1668 1660
f 1668 1661 1660
f 1668 1669 1661
f 1669 1662 1661
f 1669 1670 1662
f 1670 1663 1662
f 1670 1671 1663
f 1671 1664 1663
f 1671 1672 1664
f 1672 1657 1664
f 1672 1665 1657
f 1673 1666 1665
f 1673 1674 1666
f 1674 1667 1666
f 1674 1675 1667
f 1675 1668 1667
f 1675 1676 1668
f 1676 1669 1668
f 1676 1677 1669
f 1677 1670 1669
f 1677 1678 1670
f 1678 1671 1670
f 1678 1679 1671
f 1679 1672 1671
f 1679 1680 1672
f 1680 1665 1672
f 1680 1673 1665
f 1681 1683 1684
f 1682 1716 1715
f 1681 1684 1685
f 1682 1717 1716
f 1681 1685 1686
f 1682 1718 1717
f 1681 1686 1687
f 1682 1719 1718
f 1681 1687 1688
f 1682 1720 1719
f 1681 1688 1689
f 1682 1721 1720
f 1681 1689 1690
f 1682 1722 1721
f 1681 1690 1683
f 1682 1715 1722
f 1691 1684 1683
f 1691 1692 1684
f 1692 1685 1684
f 1692 1693 1685
f 1693 1686 1685
f 1693 1694 1686
f 1694 1687 1686
f 1694 1695 1687
f 1695 1688 1687
f 1695 1696 1688
f 1696 1689 1688
f 1696 1697 1689
f 1697 1690 1689
f 1697 1698 1690
f 1698 1683 1690
f 1698 1691 1683
f 1699 1692 1691
f 1699 1700 1692
f 1700 1693 1692
f 1700 1701 1693
f 1701 1694 1693
f 1701 1702 1694
f 1702 1695 1694
f 1702 1703 1695
f 1703 1696 1695
f 1703 1704 1696
f 1704 1697 1696
f 1704 1705 1697
f 1705 1698 1697
f 1705 1706 1698
f 1706 1691 1698
f 1706 1699 1691
f 1707 1700 1699
f 1707 1708 1700
f 1708 1701 1700
f 1708 1709 1701
f 1709 1702 1701
f 1709 1710 1702
f 1710 1703 1702
f 1710 1711 1703
f 1711 1704 1703
f 1711 1712 1704
f 1712 1705 1704
f 1712 1713 1705
f 1713 1706 1705
f 1713 1714 1706
f 1714 1699 1706
f 1714 1707 1699
f 1715 1708 1707
f 1715 1716 1708
f 1716 1709 1708
f 1716 1717 1709
f 1717 1710 1709
f 1717 1718 1710
f 1718 1711 1710
f 1718 1719 1711
f 1719 1712 1711
f 1719 1720 1712
f 1720 1713 1712
f 1720 1721 1713
f 1721 1714 1713
f 1721 1722 1714
f 1722 1707 1714
f 1722 1715 1707
f 1723 1725 1726
f 1724 1758 1757
f 1723 1726 1727
f 1724 1759 1758
f 1723 1727 1728
f 1724 1760 1759
f 1723 1728 1729
f 1724 1761 1760
f 1723 1729 1730
f 1724 1762 1761
f 1723 1730 1731
f 1724 1763 1762
f 1723 1731 1732
f 1724 1764 1763
f 1723 1732 1725
f 1724 1757 1764
f 1733 1726 1725
f 1733 1734 1726
f 1734 1727 1726
f 1734 1735 1727
f 1735 1728 1727
f 1735 1736 1728
f 1736 1729 1728
f 1736 1737 1729
f 1737 1730 1729
f 1737 1738 1730
f 1738 1731 1730
f 1738 1739 1731
f 1739 1732 1731
f 1739 1740 1732
f 1740 1725 1732
f 1740 1733 1725
f 1741 1734 1733
f 1741 1742 1734
f 1742 1735 1734
f 1742 1743 1735
f 1743 1736 1735
f 1743 1744 1736
f 1744 1737 1736
f 1744 1745 1737
f 1745 1738 1737
f 1745 1746 1738
f 1746 1739 1738
f 1746 1747 1739
f 1747 1740 1739
f 1747 1748 1740
f 1748 1733 1740
f 1748 1741 1733
f 1749 1742 1741
f 1749 1750 1742
f 1750 1743 1742
f 1750 1751 1743
f 1751 1744 1743
f 1751 1752 1744
f 1752 1745 1744
f 1752 1753 1745
f 1753 1746 1745
f 1753 1754 1746
f 1754 1747 1746
f 1754 1755 1747
f 1755 1748 1747
f 1755 1756 1748
f 1756 1741 1748
f 1756 1749 1741
f 1757 1750 1749
f 1757 1758 1750
f 1758 1751 1750
f 1758 1759 1751
f 1759 1752 1751
f 1759 1760 1752
f 1760 1753 1752
f 1760 1761 1753
f 1761 1754 1753
f 1761 1762 1754
f 1762 1755 1754
f 1762 1763 1755
f 1763 1756 1755
f 1763 1764 1756
f 1764 1749 1756
f 1764 1757 1749
f 1765 1767 1768
f 1766 1800 1799
f 1765 1768 1769
f 1766 1801 1800
f 1765 1769 1770
f 1766 1802 1801
f 1765 1770 1771
f 1766 1803 1802
f 1765 1771 1772
f 1766 1804 1803
f 1765 1772 1773
f 1766 1805 1804
f 1765 1773 1774
f 1766 1806 1805
f 1765 1774 1767
f 1766 1799 1806
f 1775 1768 1767
f 1775 1776 1768
f 1776 1769 1768
f 1776 1777 1769
f 1777 1770 1769
f 1777 1778 1770
f 1778 1771 1770
f 1778 1779 1771
f 1779 1772 1771
f 1779 1780 1772
f 1780 1773 1772
f 1780 1781 1773
f 1781 1774 1773
f 1781 1782 1774
f 1782 1767 1774
f 1782 1775 1767
f 1783 1776 1775
f 1783 1784 1776
f 1784 1777 1776
f 1784 1785 1777
f 1785 1778 1777
f 1785 1786 1778
f 1786 1779 1778
f 1786 1787 1779
f 1787 1780 1779
f 1787 1788 1780
f 1788 1781 1780
f 1788 1789 1781
f 1789 1782 1781
f 1789 1790 1782
f 1790 1775 1782
f 1790 1783 1775
f 1791 1784 1783
f 1791 1792 1784
f 1792 1785 1784
f 1792 1793 1785
f 1793 1786 1785
f 1793 1794 1786
f 1794 1787 1786
f 1794 1795 1787
f 1795 1788 1787
f 1795 1796 1788
f 1796 1789 1788
f 1796 1797 1789
f 1797 1790 1789
f 1797 1798 1790
f 1798 1783 1790
f 1798 1791 1783
f 1799 1792 1791
f 1799 1800 1792
f 1800 1793 1792
f 1800 1801 1793
f 1801 1794 1793
f 1801 1802 1794
f 1802 1795 1794
f 1802 1803 1795
f 1803 1796 1795
f 1803 1804 1796
f 1804 1797 1796
f 1804 1805 1797
f 1805 1798 1797
f 1805 1806 1798
f 1806 1791 1798
f 1806 1799 1791
f 1807 1809 1810
f 1808 1842 1841
f 1807 1810 1811
f 1808 1843 1842
f 1807 1811 1812
f 1808 1844 1843
f 1807 1812 1813
f 1808 1845 1844
f 1807 1813 1814
f 1808 1846 1845
f 1807 1814 1815
f 1808 1847 1846
f 1807 1815 1816
f 1808 1848 1847
f 1807 1816 1809
f 1808 1841 1848
f 1817 1810 1809
f 1817 1818 1810
f 1818 1811 1810
f 1818 1819 1811
f 1819 1812 1811
f 1819 1820 1812
f 1820 1813 1812
f 1820 1821 1813
f 1821 1814 1813
f 1821 1822 1814
f 1822 1815 1814
f 1822 1823 1815
f 1823 1816 1815
f 1823 1824 1816
f 1824 1809 1816
f 1824 1817 1809
f 1825 1818 1817
f 1825 1826 1818
f 1826 1819 1818
f 1826 1827 1819
f 1827 1820 1819
f 1827 1828 1820
f 1828 1821 1820
f 1828 1829 1821
f 1829 1822 1821
f 1829 1830 1822
f 1830 1823 1822
f 1830 1831 1823
f 1831 1824 1823
f 1831 1832 1824
f 1832 1817 1824
f 1832 1825 1817
f 1833 1826 1825
f 1833 1834 1826
f 1834 1827 1826
f 1834 1835 1827
f 1835 1828 1827
f 1835 1836 1828
f 1836 1829 1828
f 1836 1837 1829
f 1837 1830 1829
f 1837 1838 1830
f 1838 1831 1830
f 1838 1839 1831
f 1839 1832 1831
f 1839 1840 1832
f 1840 1825 1832
f 1840 1833 1825
f 1841 1834 1833
f 1841 1842 1834
f 1842 1835 1834
f 1842 1843 1835
f 1843 1836 1835
f 1843 1844 1836
f 1844 1837 1836
f 1844 1845 1837
f 1845 1838 1837
f 1845 1846 1838
f 1846 1839 1838
f 1846 1847 1839
f 1847 1840 1839
f 1847 1848 1840
f 1848 1833 1840
f 1848 1841 1833
f 1849 1851 1852
f 1850 1884 1883
f 1849 1852 1853
f 1850 1885 1884
f 1849 1853 1854
f 1850 1886 1885
f 1849 1854 1855
f 1850 1887 1886
f 1849 1855 1856
f 1850 1888 1887
f 1849 1856 1857
f 1850 1889 1888
f 1849 1857 1858
f 1850 1890 1889
f 1849 1858 1851
f 1850 1883 1890
f 1859 1852 1851
f 1859 1860 1852
f 1860 1853 1852
f 1860 1861 1853
f 1861 1854 1853
f 1861 1862 1854
f 1862 1855 1854
f 1862 1863 1855
f 1863 1856 1855
f 1863 1864 1856
f 1864 1857 1856
f 1864 1865 1857
f 1865 1858 1857
f 1865 1866 1858
f 1866 1851 1858
f 1866 1859 1851
f 1867 1860 1859
f 1867 1868 1860
f 1868 1861 1860
f 1868 1869 1861
f 1869 1862 1861
f 1869 1870 1862
f 1870 1863 1862
f 1870 1871 1863
f 1871 1864 1863
f 1871 1872 1864
f 1872 1865 1864
f 1872 1873 1865
f 1873 1866 1865
f 1873 1874 1866
f 1874 1859 1866
f 1874 1867 1859
f 1875 1868 1867
f 1875 1876 1868
f 1876 1869 1868
f 1876 1877 1869
f 1877 1870 1869
f 1877 1878 1870
f 1878 1871 1870
f 1878 1879 1871
f 1879 1872 1871
f 1879 1880 1872
f 1880 1873 1872
f 1880 1881 1873
f 1881 1874 1873
f 1881 1882 1874
f 1882 1867 1874
f 1882 1875 1867
f 1883 1876 1875
f 1883 1884 1876
f 1884 1877 1876
f 1884 1885 1877
f 1885 1878 1877
f 1885 1886 1878
f 1886 1879 1878
f 1886 1887 1879
f 1887 1880 1879
f 1887 1888 1880
f 1888 1881 1880
f 1888 1889 1881
f 1889 1882 1881
f 1889 1890 1882
f 1890 1875 1882
f 1890 1883 1875
f 1891 1893 1894
f 1892 1926 1925
f 1891 1894 1895
f 1892 1927 1926
f 1891 1895 1896
f 1892 1928 1927
f 1891 1896 1897
f 1892 1929 1928
f 1891 1897 1898
f 1892 1930 1929
f 1891 1898 1899
f 1892 1931 1930
f 1891 1899 1900
f 1892 1932 1931
f 1891 1900 1893
f 1892 1925 1932
f 1901 1894 1893
f 1901 1902 1894
f 1902 1895 1894
f 1902 1903 1895
f 1903 1896 1895
f 1903 1904 1896
f 1904 1897 1896
f 1904 1905 1897
f 1905 1898 1897
f 1905 1906 1898
f 1906 1899 1898
f 1906 1907 1899
f 1907 1900 1899
f 1907 1908 1900
f 1908 1893 1900
f 1908 1901 1893
f 1909 1902 1901
f 1909 1910 1902
f 1910 1903 1902
f 1910 1911 1903
f 1911 1904 1903
f 1911 1912 1904
f 1912 1905 1904
f 1912 1913 1905
f 1913 1906 1905
f 1913 1914 1906
f 1914 1907 1906
f 1914 1915 1907
f 1915 1908 1907
f 1915 1916 1908
f 1916 1901 1908
f 1916 1909 1901
f 1917 1910 1909
f 1917 1918 1910
f 1918 1911 1910
f 1918 1919 1911
f 1919 1912 1911
f 1919 1920 1912
f 1920 1913 1912
f 1920 1921 1913
f 1921 1914 1913
f 1921 1922 1914
f 1922 1915 1914
f 1922 1923 1915
f 1923 1916 1915
f 1923 1924 1916
f 1924 1909 1916
f 1924 1917 1909
f 1925 1918 1917
f 1925 1926 1918
f 1926 1919 1918
f 1926 1927 1919
f 1927 1920 1919
f 1927 1928 1920
f 1928 1921 1920
f 1928 1929 1921
f 1929 1922 1921
f 1929 1930 1922
f 1930 1923 1922
f 1930 1931 1923
f 1931 1924 1923
f 1931 1932 1924
f 1932 1917 1924
f 1932 1925 1917
f 1933 1935 1936
f 1934 1968 1967
f 1933 1936 1937
f 1934 1969 1968
f 1933 1937 1938
f 1934 1970 1969
f 1933 1938 1939
f 1934 1971 1970
f 1933 1939 1940
f 1934 1972 1971
f 1933 1940 1941
f 1934 1973 1972
f 1933 1941 1942
f 1934 1974 1973
f 1933 1942 1935
f 1934 1967 1974
f 1943 1936 1935
f 1943 1944 1936
f 1944 1937 1936
f 1944 1945 1937
f 1945 1938 1937
f 1945 1946 1938
f 1946 1939 1938
f 1946 1947 1939
f 1947 1940 1939
f 1947 1948 1940
f 1948 1941 1940
f 1948 1949 1941
f 1949 1942 1941
f 1949 1950 1942
f 1950 1935 1942
f 1950 1943 1935
f 1951 1944 1943
f 1951 1952 1944
f 1952 1945 1944
f 1952 1953 1945
f 1953 1946 1945
f 1953 1954 1946
f 1954 1947 1946
f 1954 1955 1947
f 1955 1948 1947
f 1955 1956 1948
f 1956 1949 1948
f 1956 1957 1949
f 1957 1950 1949
f 1957 1958 1950
f 1958 1943 1950
f 1958 1951 1943
f 1959 1952 1951
f 1959 1960 1952
f 1960 1953 1952
f 1960 1961 1953
f 1961 1954 1953
f 1961 1962 1954
f 1962 1955 1954
f 1962 1963 1955
f 1963 1956 1955
f 1963 1964 1956
f 1964 1957 1956
f 1964 1965 1957
f 1965 1958 1957
f 1965 1966 1958
f 1966 1951 1958
f 1966 1959 1951
f 1967 1960 1959
f 1967 1968 1960
f 1968 1961 1960
f 1968 1969 1961
f 1969 1962 1961
f 1969 1970 1962
f 1970 1963 1962
f 1970 1971 1963
f 1971 1964 1963
f 1971 1972 1964
f 1972 1965 1964
f 1972 1973 1965
f 1973 1966 1965
f 1973 1974 1966
f 1974 1959 1966
f 1974 1967 1959
