Point_ID Label
0 10908
1 37920
2 25451
3 49821
4 32621
5 17176
6 25370
7 37920
8 5473
9 37920
10 49821
11 39992
12 25371
13 26441
14 37920
15 32621
16 27264
17 37920
18 49821
19 7524
20 49821
21 10896
22 60033
23 19240
24 37928
25 50073
26 49821
27 27264
28 10908
29 37920
30 58138
31 37672
32 37920
33 37920
34 19088
35 39992
36 28521
37 18209
38 39472
39 37932
40 25370
41 49821
42 37920
43 49821
44 49821
45 37920
46 25416
47 37688
48 39988
49 19088
50 26473
51 27264
52 49821
53 37920
54 37920
55 37920
56 37920
57 28545
58 25451
59 49953
60 37920
61 27264
62 39968
63 15004
64 25370
65 60033
66 27264
67 37920
68 27280
69 27264
70 61289
71 28545
72 37920
73 59233
74 17152
75 37920
76 49821
77 27265
78 49821
79 63341
80 25451
81 15004
82 37920
83 53917
84 25355
85 37920
86 49821
87 37920
88 27264
89 25441
90 27264
91 25370
92 30573
93 28521
94 37928
95 28641
96 50076
97 59258
98 27264
99 37920
100 49821
101 37920
102 17178
103 49821
104 49821
105 27280
106 15004
107 53916
108 38696
109 49821
110 37920
111 54056
112 27264
113 49821
114 37920
115 53780
116 49821
117 37920
118 37920
119 37920
120 37924
121 37920
122 28449
123 32621
124 37920
125 27265
126 25417
127 28545
128 37920
129 37920
130 37920
131 37920
132 37920
133 37920
134 27264
135 27265
136 37920
137 27265
138 25370
139 37920
140 30569
141 49821
142 37920
143 49821
144 37920
145 37920
146 25387
147 25370
148 25384
149 49821
150 27264
151 49821
152 27280
153 25354
154 49821
155 49976
156 54048
157 37920
158 49820
159 37920
160 37920
161 25449
162 37920
163 37920
164 49821
165 37920
166 25449
167 27264
168 26441
169 37936
170 49821
171 28641
172 15004
173 25370
174 39968
175 28521
176 37920
177 37920
178 15004
179 40484
180 23913
181 27264
182 38177
183 50073
184 37920
185 37920
186 37924
187 38176
188 49821
189 37920
190 37920
191 37920
192 37920
193 49821
194 25370
195 49821
196 58145
197 55080
198 26473
199 25384
200 27280
201 39972
202 37920
203 19088
204 37920
205 49821
206 37920
207 26473
208 37920
209 53788
210 19233
211 27264
212 37920
213 27280
214 49821
215 49944
216 28641
217 28521
218 49821
219 37920
220 37920
221 27265
222 37920
223 37920
224 37920
225 17208
226 37920
227 37920
228 49821
229 39968
230 27264
231 27265
232 19232
233 800
234 49565
235 30569
236 27264
237 49821
238 25370
239 49812
240 49301
241 49921
242 28577
243 28545
244 28545
245 25449
246 28577
247 49821
248 27521
249 37920
250 25417
251 37920
252 55096
253 25451
254 27264
255 25370
256 54072
257 25384
258 49821
259 10900
260 56864
261 37920
262 25370
263 25385
264 37920
265 25402
266 28641
267 37920
268 49821
269 53916
270 25400
271 49821
272 61281
273 49821
274 25370
275 37920
276 49821
277 27264
278 55096
279 27521
280 49821
281 27280
282 49821
283 27264
284 25370
285 25370
286 28641
287 37920
288 28641
289 49821
290 37920
291 27265
292 27521
293 37920
294 25370
295 37944
296 15004
297 49821
298 49821
299 49821
300 27264
301 49821
302 37928
303 27264
304 49821
305 27392
306 49821
307 50077
308 17208
309 50077
310 27264
311 59177
312 28545
313 28545
314 58217
315 27264
316 27264
317 49821
318 27264
319 54056
320 32621
321 5473
322 49821
323 40504
324 61281
325 37920
326 28545
327 10900
328 17208
329 28481
330 37920
331 49960
332 27264
333 25370
334 25384
335 37920
336 37920
337 27280
338 39968
339 27264
340 28481
341 37920
342 61281
343 37920
344 53916
345 25370
346 40292
347 37924
348 25377
349 32621
350 27264
351 49821
352 49821
353 37920
354 27264
355 32621
356 25370
357 49821
358 5473
359 37920
360 50077
361 39972
362 27280
363 19241
364 49821
365 37920
366 49301
367 49821
368 17044
369 37920
370 25370
371 37920
372 27265
373 37940
374 37920
375 36921
376 37920
377 49821
378 49821
379 25450
380 28545
381 39224
382 49821
383 32621
384 27264
385 28641
386 49821
387 65385
388 25384
389 37920
390 25370
391 27265
392 49821
393 54056
394 54048
395 62349
396 25370
397 49821
398 27264
399 49821
400 37920
401 25370
402 25400
403 28513
404 58152
405 27280
406 10908
407 38448
408 37924
409 25354
410 50077
411 10896
412 25370
413 27264
414 37920
415 39972
416 25370
417 49821
418 54056
419 25360
420 28641
421 25449
422 63341
423 26473
424 49821
425 27264
426 37920
427 25434
428 27392
429 28513
430 37920
431 25386
432 26473
433 25448
434 37920
435 19241
436 27264
437 37920
438 15004
439 28641
440 49821
441 37920
442 28641
443 37920
444 37672
445 49821
446 25370
447 58145
448 27264
449 37920
450 58217
451 28545
452 824
453 58155
454 55080
455 23913
456 37920
457 53788
458 27264
459 21281
460 49821
461 28641
462 10900
463 25376
464 49821
465 17208
466 27264
467 37920
468 26441
469 27264
470 49821
471 37928
472 19200
473 53820
474 27280
475 58241
476 49821
477 49821
478 28521
479 37920
480 37920
481 30573
482 27264
483 25370
484 50077
485 55080
486 28521
487 49978
488 37944
489 10900
490 37920
491 54056
492 15004
493 19224
494 37920
495 53300
496 19248
497 55080
498 32621
499 37920
500 27521
501 27264
502 37920
503 62248
504 27264
505 27393
506 49821
507 15004
508 25370
509 25370
510 27264
511 5473
512 53024
513 37920
514 25370
515 27265
516 27265
517 37920
518 37920
519 37920
520 49821
521 49813
522 25384
523 37424
524 32621
525 65321
526 27264
527 49821
528 37920
529 7524
530 28545
531 25451
532 37920
533 25370
534 59179
535 37920
536 28545
537 27521
538 19088
539 39972
540 49821
541 25370
542 27264
543 49812
544 49821
545 32617
546 25450
547 37920
548 37920
549 25451
550 39972
551 27264
552 25360
553 49821
554 37920
555 37920
556 39968
557 37920
558 49821
559 37920
560 49821
561 25449
562 25448
563 37920
564 49821
565 27264
566 25417
567 15004
568 49821
569 60033
570 28545
571 27265
572 52008
573 30569
574 49821
575 28641
576 37920
577 49821
578 49821
579 37920
580 49821
581 49821
582 37920
583 27265
584 30573
585 49976
586 15004
587 27264
588 27264
589 37920
590 37920
591 39992
592 37920
593 39992
594 39980
595 10908
596 54072
597 50077
598 37920
599 25418
600 37924
601 37920
602 60033
603 27264
604 37944
605 49952
606 32621
607 49821
608 27264
609 37920
610 27521
611 49976
612 49821
613 30569
614 15004
615 27264
616 25450
617 55073
618 37920
619 37928
620 25379
621 25370
622 37920
623 49821
624 25370
625 38689
626 25355
627 49821
628 54056
629 37920
630 37920
631 37920
632 37920
633 17178
634 37920
635 37920
636 25354
637 37920
638 53916
639 37920
640 25384
641 25370
642 5473
643 39988
644 37688
645 37920
646 37920
647 37920
648 25355
649 58144
650 37920
651 25449
652 37920
653 37920
654 58234
655 25370
656 808
657 58154
658 37920
659 38688
660 54173
661 39972
662 40508
663 49821
664 37920
665 37920
666 39992
667 49821
668 37920
669 25370
670 37924
671 39988
672 37920
673 37920
674 25347
675 17173
676 38712
677 25368
678 25370
679 37920
680 37920
681 27264
682 25370
683 17184
684 37920
685 25370
686 25371
687 25377
688 25371
689 5473
690 37920
691 26411
692 37920
693 28641
694 25370
695 37920
696 37920
697 25370
698 37920
699 59233
700 37920
701 26411
702 37920
703 25370
704 25370
705 25370
706 37688
707 61289
708 37920
709 27280
710 37920
711 25354
712 25370
713 25370
714 28513
715 50077
716 25402
717 37920
718 37920
719 37920
720 37920
721 27264
722 28521
723 37920
724 30573
725 37920
726 28521
727 55096
728 37920
729 37920
730 28521
731 37920
732 25370
733 17176
734 28641
735 37920
736 15004
737 5473
738 26473
739 37920
740 37920
741 28481
742 28545
743 25370
744 37920
745 37920
746 27265
747 37920
748 49821
749 27488
750 37920
751 5473
752 37924
753 37920
754 25370
755 25376
756 25370
757 49821
758 49976
759 37920
760 25345
761 60033
762 37920
763 49821
764 55840
765 37920
766 39968
767 39988
768 37920
769 37920
770 17176
771 37920
772 25370
773 49821
774 25370
775 39976
776 28641
777 25370
778 37920
779 27280
780 49940
781 39972
782 25371
783 37924
784 60192
785 37920
786 37920
787 50077
788 25370
789 25434
790 25370
791 25370
792 25370
793 37920
794 37224
795 28641
796 37944
797 37920
798 5473
799 18208
800 54072
801 37920
802 49821
803 37920
804 27497
805 37920
806 49821
807 37920
808 37924
809 27457
810 25370
811 49821
812 27264
813 37944
814 39996
815 25370
816 56120
817 25355
818 37920
819 25370
820 17200
821 39980
822 25418
823 25370
824 37920
825 25370
826 25370
827 25434
828 25370
829 25370
830 37920
831 40504
832 25355
833 37920
834 37920
835 25370
836 25371
837 28641
838 28449
839 49960
840 25370
841 17181
842 25370
843 4920
844 49821
845 40292
846 49941
847 25368
848 49949
849 25354
850 37920
851 25370
852 39480
853 37920
854 37944
855 39968
856 25370
857 49821
858 38689
859 25450
860 25370
861 40292
862 26411
863 37920
864 25370
865 37920
866 37920
867 58154
868 37920
869 37920
870 39968
871 38184
872 25402
873 38712
874 39984
875 25386
876 49821
877 37920
878 37936
879 37920
880 38696
881 25368
882 25370
883 25370
884 25370
885 49821
886 17176
887 37920
888 39972
889 37920
890 25370
891 49821
892 50076
893 37920
894 37920
895 37664
896 25370
897 58120
898 25370
899 39996
900 17208
901 37920
902 37920
903 25370
904 37920
905 25370
906 37176
907 25370
908 26473
909 39480
910 37920
911 5473
912 25418
913 25385
914 49812
915 25379
916 37920
917 25371
918 25370
919 37920
920 39972
921 37920
922 49821
923 25434
924 37920
925 25410
926 37920
927 27264
928 28641
929 25434
930 15004
931 49821
932 27264
933 25434
934 28577
935 37920
936 28521
937 25370
938 19088
939 27264
940 49821
941 28521
942 28513
943 27264
944 32621
945 49813
946 49821
947 19088
948 49976
949 49821
950 25370
951 28641
952 28545
953 25370
954 27264
955 37920
956 49821
957 37920
958 25370
959 61409
960 15004
961 27264
962 37920
963 25370
964 25370
965 25370
966 30569
967 53908
968 28641
969 25434
970 37920
971 25370
972 37920
973 25434
974 26473
975 25370
976 38241
977 28513
978 27280
979 25370
980 28521
981 25354
982 37920
983 37944
984 25370
985 37944
986 25370
987 27265
988 28521
989 37920
990 39972
991 37920
992 37920
993 49821
994 54048
995 37920
996 27265
997 39996
998 49821
999 27264
1000 58170
1001 37920
1002 25370
1003 25370
1004 37920
1005 25434
1006 28641
1007 25418
1008 28521
1009 28521
1010 25434
1011 28521
1012 25370
1013 39972
1014 32617
1015 25370
1016 37920
1017 49821
1018 25451
1019 37924
1020 25370
1021 26409
1022 28513
1023 25451
1024 25370
1025 61409
1026 37920
1027 33592
1028 25451
1029 37920
1030 25371
1031 27264
1032 28513
1033 2840
1034 25370
1035 25370
1036 28641
1037 27265
1038 27280
1039 25434
1040 27264
1041 27265
1042 37928
1043 28481
1044 37920
1045 49821
1046 27264
1047 28521
1048 27521
1049 28521
1050 38688
1051 61409
1052 37920
1053 27265
1054 25355
1055 57707
1056 49976
1057 25370
1058 25370
1059 28521
1060 27265
1061 27264
1062 37920
1063 50077
1064 37920
1065 25370
1066 25370
1067 37920
1068 39968
1069 27264
1070 37920
1071 30573
1072 25371
1073 25370
1074 25434
1075 37920
1076 37920
1077 25387
1078 28641
1079 28641
1080 32617
1081 27284
1082 25371
1083 28521
1084 25370
1085 37920
1086 19088
1087 49821
1088 25370
1089 25370
1090 32617
1091 37920
1092 37920
1093 37920
1094 28521
1095 49821
1096 37920
1097 28521
1098 25434
1099 10900
1100 25451
1101 25370
1102 25370
1103 28641
1104 37920
1105 37920
1106 5473
1107 28481
1108 32621
1109 25370
1110 25370
1111 28521
1112 37920
1113 25370
1114 25370
1115 25451
1116 27264
1117 38696
1118 28641
1119 40484
1120 39972
1121 37920
1122 37920
1123 54045
1124 37920
1125 49821
1126 37920
1127 5473
1128 49936
1129 25370
1130 25370
1131 49813
1132 19088
1133 37920
1134 25370
1135 8977
1136 37920
1137 37920
1138 49821
1139 37920
1140 37920
1141 49812
1142 26411
1143 39972
1144 37920
1145 37920
1146 25418
1147 37920
1148 38688
1149 37920
1150 25370
1151 28481
1152 39984
1153 38176
1154 25377
1155 37920
1156 37920
1157 49821
1158 58137
1159 25434
1160 37920
1161 28521
1162 39972
1163 37156
1164 26473
1165 5473
1166 25370
1167 39988
1168 5473
1169 37920
1170 37924
1171 25371
1172 50077
1173 27280
1174 37920
1175 39972
1176 49944
1177 37920
1178 25370
1179 25370
1180 25419
1181 37920
1182 25370
1183 25370
1184 25370
1185 27265
1186 27264
1187 25353
1188 37920
1189 25368
1190 25368
1191 37920
1192 25434
1193 25376
1194 25370
1195 49928
1196 37665
1197 49812
1198 37940
1199 5473
1200 800
1201 50077
1202 39472
1203 25345
1204 54040
1205 25370
1206 37944
1207 37920
1208 28609
1209 37920
1210 7524
1211 25370
1212 37920
1213 49821
1214 37920
1215 25370
1216 5473
1217 37920
1218 49812
1219 37920
1220 25434
1221 8986
1222 5473
1223 25370
1224 37920
1225 25434
1226 37920
1227 37920
1228 37920
1229 25370
1230 25370
1231 25370
1232 17200
1233 38240
1234 25434
1235 58145
1236 49821
1237 37920
1238 25370
1239 37920
1240 25354
1241 26394
1242 50077
1243 25370
1244 39224
1245 2840
1246 37920
1247 37920
1248 58154
1249 28513
1250 54328
1251 38452
1252 25434
1253 25370
1254 26473
1255 37920
1256 25386
1257 37920
1258 37920
1259 25379
1260 25370
1261 37920
1262 25370
1263 37920
1264 25370
1265 37920
1266 37928
1267 25370
1268 5473
1269 49821
1270 25450
1271 37920
1272 37920
1273 37920
1274 39984
1275 17208
1276 37920
1277 39972
1278 27284
1279 37688
1280 55073
1281 25386
1282 25370
1283 26473
1284 37920
1285 5473
1286 25354
1287 17209
1288 49821
1289 38688
1290 27264
1291 37920
1292 26473
1293 27265
1294 25370
1295 39972
1296 37920
1297 27265
1298 28545
1299 49821
1300 28521
1301 54072
1302 25418
1303 28521
1304 37920
1305 28521
1306 37920
1307 27464
1308 40228
1309 25370
1310 63341
1311 37920
1312 25370
1313 25434
1314 25368
1315 25371
1316 49821
1317 27497
1318 25370
1319 37920
1320 39472
1321 50077
1322 50077
1323 39980
1324 37920
1325 27264
1326 25434
1327 25370
1328 37920
1329 37920
1330 49944
1331 27280
1332 53917
1333 25434
1334 25370
1335 28521
1336 19232
1337 53916
1338 25370
1339 49952
1340 49821
1341 28521
1342 28513
1343 27264
1344 37920
1345 28641
1346 10896
1347 25370
1348 25370
1349 49821
1350 25370
1351 28521
1352 53917
1353 25370
1354 25370
1355 37920
1356 39472
1357 17168
1358 25379
1359 37928
1360 25370
1361 28641
1362 37920
1363 26394
1364 25370
1365 37920
1366 58272
1367 25347
1368 37920
1369 40496
1370 25370
1371 27264
1372 28521
1373 49952
1374 25370
1375 37920
1376 25371
1377 58128
1378 37920
1379 25370
1380 37920
1381 38688
1382 37920
1383 37936
1384 37920
1385 37920
1386 37920
1387 28521
1388 28521
1389 5473
1390 37920
1391 39968
1392 40484
1393 49821
1394 49821
1395 25410
1396 37920
1397 37920
1398 49821
1399 37920
1400 54040
1401 27521
1402 54072
1403 37920
1404 25370
1405 25370
1406 37920
1407 37920
1408 5473
1409 60033
1410 28521
1411 28513
1412 37920
1413 37920
1414 37920
1415 49821
1416 37920
1417 27264
1418 28513
1419 28521
1420 27264
1421 37920
1422 25418
1423 25370
1424 37920
1425 26411
1426 25434
1427 25370
1428 25371
1429 26473
1430 25451
1431 28513
1432 61281
1433 25419
1434 25386
1435 37920
1436 28521
1437 61281
1438 27265
1439 28513
1440 25371
1441 28513
1442 28521
1443 25370
1444 25370
1445 49949
1446 25370
1447 37920
1448 25434
1449 28521
1450 25387
1451 25417
1452 800
1453 56096
1454 25370
1455 28521
1456 37924
1457 28521
1458 25370
1459 25371
1460 25371
1461 25434
1462 37920
1463 32617
1464 26411
1465 27280
1466 49301
1467 25370
1468 30573
1469 37920
1470 49821
1471 27264
1472 27264
1473 49821
1474 49821
1475 25370
1476 60032
1477 27392
1478 28521
1479 49821
1480 28513
1481 25370
1482 61281
1483 28521
1484 50076
1485 25370
1486 25370
1487 49821
1488 28521
1489 37920
1490 28521
1491 25370
1492 26473
1493 27280
1494 54061
1495 28481
1496 25370
1497 25370
1498 25377
1499 2840
1500 28481
1501 28521
1502 37920
1503 25370
1504 37920
1505 17044
1506 49821
1507 27264
1508 53308
1509 25434
1510 25370
1511 28513
1512 25370
1513 54072
1514 37920
1515 25371
1516 37920
1517 49821
1518 28513
1519 49821
1520 49821
1521 27264
1522 37920
1523 25370
1524 25370
1525 25370
1526 37920
1527 25370
1528 28545
1529 28513
1530 37920
1531 27264
1532 28521
1533 19088
1534 28545
1535 28521
1536 28513
1537 25354
1538 28457
1539 37920
1540 32617
1541 17173
1542 37948
1543 27265
1544 50077
1545 25370
1546 25370
1547 25370
1548 27264
1549 37920
1550 25418
1551 28521
1552 49821
1553 25434
1554 49821
1555 27280
1556 60192
1557 49821
1558 49821
1559 27264
1560 25370
1561 26473
1562 49821
1563 25370
1564 25370
1565 37920
1566 28521
1567 37920
1568 28521
1569 65385
1570 28513
1571 49821
1572 27264
1573 28521
1574 49821
1575 49821
1576 26473
1577 28609
1578 28513
1579 28641
1580 19072
1581 26473
1582 53908
1583 28521
1584 28521
1585 28641
1586 26473
1587 37920
1588 28521
1589 49821
1590 28521
1591 61281
1592 25370
1593 37920
1594 25371
1595 37920
1596 25370
1597 37920
1598 28521
1599 37920
1600 28521
1601 28521
1602 25370
1603 49821
1604 37920
1605 25370
1606 61281
1607 28489
1608 28513
1609 25370
1610 28609
1611 28513
1612 37920
1613 25370
1614 37920
1615 49821
1616 25370
1617 17200
1618 37920
1619 5473
1620 25354
1621 37920
1622 19088
1623 37920
1624 55081
1625 25370
1626 37928
1627 37920
1628 37920
1629 37920
1630 50077
1631 40292
1632 37920
1633 37920
1634 37920
1635 38177
1636 28513
1637 49813
1638 40228
1639 37920
1640 28457
1641 37920
1642 37920
1643 37920
1644 37920
1645 37920
1646 49821
1647 25370
1648 37424
1649 37920
1650 37944
1651 28521
1652 25370
1653 39988
1654 25370
1655 37920
1656 37920
1657 25418
1658 37920
1659 49976
1660 27264
1661 39992
1662 37920
1663 38968
1664 800
1665 25370
1666 54056
1667 25370
1668 40228
1669 58136
1670 25434
1671 25370
1672 50072
1673 25370
1674 17192
1675 37920
1676 49821
1677 37920
1678 19224
1679 49821
1680 25370
1681 49821
1682 25370
1683 37920
1684 37944
1685 7524
1686 54173
1687 25370
1688 37924
1689 25370
1690 50077
1691 25370
1692 39972
1693 37920
1694 39968
1695 25352
1696 37920
1697 37920
1698 40292
1699 25370
1700 26473
1701 37920
1702 26403
1703 38688
1704 32617
1705 37920
1706 39972
1707 25370
1708 39972
1709 49976
1710 55096
1711 49952
1712 25370
1713 25355
1714 28641
1715 25370
1716 5473
1717 25370
1718 25371
1719 37920
1720 37920
1721 25371
1722 25370
1723 17256
1724 27280
1725 49941
1726 25370
1727 19224
1728 37920
1729 25370
1730 39972
1731 25379
1732 25384
1733 25370
1734 49821
1735 50076
1736 37920
1737 26419
1738 37920
1739 37920
1740 25370
1741 28545
1742 25370
1743 54328
1744 58144
1745 25370
1746 28513
1747 37920
1748 25370
1749 27265
1750 37920
1751 37920
1752 55096
1753 25370
1754 25370
1755 37920
1756 25370
1757 25370
1758 824
1759 25370
1760 38241
1761 37920
1762 25370
1763 7524
1764 37920
1765 37920
1766 25370
1767 25370
1768 37920
1769 25370
1770 25370
1771 49821
1772 27264
1773 37920
1774 25370
1775 27264
1776 25370
1777 25370
1778 25370
1779 25370
1780 37920
1781 37920
1782 25370
1783 58136
1784 40292
1785 27264
1786 25370
1787 37920
1788 25370
1789 25370
1790 49978
1791 25371
1792 25370
1793 25370
1794 50077
1795 49821
1796 58155
1797 37920
1798 25370
1799 37920
1800 37920
1801 37944
1802 25370
1803 2840
1804 25370
1805 54057
1806 49821
1807 49821
1808 28521
1809 49821
1810 25370
1811 49821
1812 27264
1813 26473
1814 25355
1815 25370
1816 37920
1817 25418
1818 26379
1819 49821
1820 54172
1821 28521
1822 28521
1823 25434
1824 27497
1825 25370
1826 27264
1827 53916
1828 10900
1829 37920
1830 25370
1831 37924
1832 39968
1833 25368
1834 53908
1835 27264
1836 50077
1837 39968
1838 25371
1839 37672
1840 25386
1841 55096
1842 27284
1843 37688
1844 27264
1845 28641
1846 27280
1847 54072
1848 56104
1849 37920
1850 25370
1851 49821
1852 38436
1853 5473
1854 49821
1855 28545
1856 26473
1857 58218
1858 37920
1859 2840
1860 25363
1861 26394
1862 25370
1863 40480
1864 37920
1865 39988
1866 37920
1867 39972
1868 37920
1869 25370
1870 25370
1871 37152
1872 37920
1873 25434
1874 28521
1875 25370
1876 19088
1877 27264
1878 27425
1879 25371
1880 28513
1881 25371
1882 51985
1883 26473
1884 37920
1885 37920
1886 25370
1887 37920
1888 27392
1889 39972
1890 49821
1891 49821
1892 49821
1893 800
1894 37920
1895 30573
1896 37920
1897 37920
1898 49813
1899 25370
1900 27264
1901 49821
1902 25419
1903 25370
1904 49821
1905 27393
1906 26411
1907 25370
1908 37920
1909 55081
1910 26411
1911 27265
1912 37920
1913 37920
1914 28521
1915 49821
1916 26473
1917 49821
1918 37920
1919 28521
1920 28521
1921 28481
1922 25370
1923 53792
1924 49813
1925 28513
1926 25370
1927 52000
1928 49821
1929 25370
1930 37920
1931 25370
1932 49301
1933 49821
1934 37920
1935 25371
1936 25371
1937 37920
1938 37928
1939 49821
1940 27264
1941 25370
1942 50073
1943 49813
1944 37920
1945 27264
1946 49944
1947 25370
1948 49821
1949 37920
1950 28521
1951 25370
1952 26409
1953 25370
1954 37920
1955 28641
1956 32617
1957 25371
1958 28521
1959 25354
1960 49821
1961 49821
1962 49821
1963 37920
1964 49821
1965 28577
1966 37920
1967 25370
1968 49821
1969 27264
1970 37920
1971 37920
1972 37920
1973 10896
1974 28521
1975 50077
1976 38688
1977 27521
1978 28521
1979 28513
1980 28521
1981 25418
1982 25370
1983 58241
1984 28521
1985 28521
1986 27280
1987 50076
1988 49821
1989 28513
1990 28521
1991 27265
1992 37920
1993 49301
1994 25370
1995 28521
1996 25434
1997 28521
1998 37920
1999 25370
2000 39968
2001 27264
2002 49821
2003 28609
2004 54328
2005 28513
2006 25370
2007 54048
2008 37160
2009 28609
2010 27265
2011 28513
2012 37920
2013 25386
2014 27264
2015 28521
2016 58245
2017 28641
2018 25370
2019 28641
2020 26473
2021 49821
2022 25418
2023 27264
2024 28521
2025 28513
2026 25387
2027 27264
2028 27264
2029 53525
2030 25370
2031 25434
2032 27264
2033 28641
2034 25434
2035 53916
2036 37920
2037 25370
2038 49821
2039 49821
2040 25354
2041 26409
2042 25355
2043 49820
2044 28449
2045 27264
2046 28609
2047 28513
2048 27265
2049 28513
2050 25370
2051 27264
2052 28513
2053 25370
2054 28513
2055 28521
2056 27264
2057 37924
2058 800
2059 25449
2060 37920
2061 58155
2062 49821
2063 49821
2064 28641
2065 37920
2066 54076
2067 28521
2068 19092
2069 28641
2070 25370
2071 37920
2072 27264
2073 25370
2074 19088
2075 32621
2076 25434
2077 28545
2078 23913
2079 37920
2080 27265
2081 28521
2082 39992
2083 26474
2084 37920
2085 25370
2086 49821
2087 25370
2088 32621
2089 28457
2090 27264
2091 25418
2092 32621
2093 27264
2094 28521
2095 27264
2096 25418
2097 37920
2098 28489
2099 25370
2100 32617
2101 25379
2102 28521
2103 17181
2104 15004
2105 26473
2106 49821
2107 28641
2108 25370
2109 37920
2110 25370
2111 25370
2112 5473
2113 25370
2114 37944
2115 37920
2116 25371
2117 7524
2118 25379
2119 62241
2120 40736
2121 37920
2122 7524
2123 37920
2124 37920
2125 39972
2126 37920
2127 25370
2128 37924
2129 37920
2130 37920
2131 17193
2132 37920
2133 25368
2134 25370
2135 25387
2136 25370
2137 37920
2138 27265
2139 28521
2140 37936
2141 37688
2142 25355
2143 5473
2144 25360
2145 58152
2146 27264
2147 27280
2148 25371
2149 25370
2150 49821
2151 38689
2152 25434
2153 27264
2154 37920
2155 37920
2156 54056
2157 37920
2158 25370
2159 49952
2160 25370
2161 37924
2162 25370
2163 5473
2164 37932
2165 49821
2166 25370
2167 25370
2168 54173
2169 25370
2170 52001
2171 28577
2172 37920
2173 58112
2174 25370
2175 25386
2176 37664
2177 37920
2178 25370
2179 39972
2180 25370
2181 28577
2182 37920
2183 27393
2184 37920
2185 37944
2186 37920
2187 17208
2188 25371
2189 39208
2190 37920
2191 37920
2192 37920
2193 55080
2194 5473
2195 25370
2196 37920
2197 37940
2198 54072
2199 37920
2200 25368
2201 25370
2202 54072
2203 25370
2204 25370
2205 25449
2206 25370
2207 25370
2208 39972
2209 54074
2210 25370
2211 49949
2212 25370
2213 17176
2214 25370
2215 17210
2216 37920
2217 25370
2218 28513
2219 25370
2220 53917
2221 25418
2222 25370
2223 25416
2224 25370
2225 37920
2226 25355
2227 37920
2228 58186
2229 25370
2230 38241
2231 37928
2232 7524
2233 54056
2234 40228
2235 39992
2236 25370
2237 25370
2238 25347
2239 25387
2240 25370
2241 37920
2242 28641
2243 17208
2244 37920
2245 54173
2246 25370
2247 25370
2248 25370
2249 54072
2250 39972
2251 25370
2252 37920
2253 25379
2254 59241
2255 25370
2256 53916
2257 25384
2258 25370
2259 25370
2260 37920
2261 25371
2262 59176
2263 25355
2264 25418
2265 25370
2266 25371
2267 38700
2268 37920
2269 25370
2270 37920
2271 37920
2272 25370
2273 37920
2274 49812
2275 49301
2276 25370
2277 60032
2278 25370
2279 26473
2280 37920
2281 38184
2282 26411
2283 28521
2284 49821
2285 32617
2286 28513
2287 25449
2288 25370
2289 49821
2290 40228
2291 37920
2292 25368
2293 37920
2294 37920
2295 49514
2296 5473
2297 5473
2298 39968
2299 17308
2300 61289
2301 25370
2302 27264
2303 37944
2304 28521
2305 25370
2306 28521
2307 37920
2308 5473
2309 37920
2310 17185
2311 37920
2312 25370
2313 25434
2314 17256
2315 25370
2316 25370
2317 25370
2318 39988
2319 6968
2320 25370
2321 27264
2322 37920
2323 53812
2324 25370
2325 2840
2326 52016
2327 25370
2328 58154
2329 32621
2330 58145
2331 25370
2332 17176
2333 40224
2334 25370
2335 55840
2336 49821
2337 49821
2338 17178
2339 28521
2340 25370
2341 28521
2342 25370
2343 25370
2344 53917
2345 28521
2346 28521
2347 25370
2348 25370
2349 49813
2350 37920
2351 62349
2352 27465
2353 49813
2354 25370
2355 27433
2356 49821
2357 27280
2358 25370
2359 49821
2360 28521
2361 26473
2362 27264
2363 25434
2364 50077
2365 27457
2366 25434
2367 25370
2368 37920
2369 53812
2370 27264
2371 27393
2372 32621
2373 23913
2374 40484
2375 38241
2376 25370
2377 37920
2378 37920
2379 8977
2380 28641
2381 37920
2382 58154
2383 37920
2384 27280
2385 25371
2386 25370
2387 37920
2388 37920
2389 49952
2390 26473
2391 18208
2392 32617
2393 27280
2394 37920
2395 27425
2396 25370
2397 37920
2398 54056
2399 25370
2400 25370
2401 49821
2402 25370
2403 17044
2404 27264
2405 27264
2406 49821
2407 37920
2408 28521
2409 54029
2410 49821
2411 37920
2412 28521
2413 49812
2414 25347
2415 25371
2416 25370
2417 49813
2418 37920
2419 25434
2420 49821
2421 21281
2422 49821
2423 49952
2424 25370
2425 37920
2426 28521
2427 40744
2428 37920
2429 49812
2430 53917
2431 25370
2432 59241
2433 26473
2434 49813
2435 37920
2436 49821
2437 28521
2438 49976
2439 15004
2440 51856
2441 28521
2442 25370
2443 49821
2444 25370
2445 37920
2446 25387
2447 28521
2448 25370
2449 55080
2450 28521
2451 37920
2452 32621
2453 17178
2454 25371
2455 39972
2456 49821
2457 25371
2458 37920
2459 26473
2460 37920
2461 28489
2462 28521
2463 56097
2464 37920
2465 37920
2466 37920
2467 37948
2468 25370
2469 28521
2470 37920
2471 37920
2472 19233
2473 63341
2474 28521
2475 37920
2476 49813
2477 49941
2478 25434
2479 61289
2480 49944
2481 28513
2482 49821
2483 28449
2484 27521
2485 25387
2486 25370
2487 28521
2488 28521
2489 53560
2490 28521
2491 28521
2492 25387
2493 39980
2494 25370
2495 25370
2496 25370
2497 28521
2498 28521
2499 26473
2500 25387
2501 25370
2502 28521
2503 25370
2504 28513
2505 37920
2506 27464
2507 32617
2508 28513
2509 37920
2510 49821
2511 37920
2512 37920
2513 37920
2514 28641
2515 37920
2516 39972
2517 27265
2518 28513
2519 39972
2520 5473
2521 37688
2522 25370
2523 27265
2524 25370
2525 49821
2526 49821
2527 28513
2528 49933
2529 25370
2530 28513
2531 28521
2532 25371
2533 58218
2534 25370
2535 28521
2536 38432
2537 27265
2538 40224
2539 25363
2540 28641
2541 25370
2542 28521
2543 26394
2544 25370
2545 32617
2546 25370
2547 28521
2548 37920
2549 28609
2550 32617
2551 25370
2552 37920
2553 37920
2554 25370
2555 5473
2556 40480
2557 25363
2558 39988
2559 37920
2560 49928
2561 25371
2562 37920
2563 50077
2564 25370
2565 37920
2566 25434
2567 40228
2568 37920
2569 36921
2570 37920
2571 37920
2572 25370
2573 25370
2574 26473
2575 37944
2576 39460
2577 25370
2578 37944
2579 28417
2580 25370
2581 27264
2582 49564
2583 28521
2584 28577
2585 37921
2586 27392
2587 25370
2588 54056
2589 25370
2590 50077
2591 49821
2592 39992
2593 19248
2594 37920
2595 38452
2596 49821
2597 53300
2598 25370
2599 39988
2600 50077
2601 37920
2602 40480
2603 40292
2604 37920
2605 25434
2606 25370
2607 37920
2608 19233
2609 28545
2610 39968
2611 40292
2612 25370
2613 25386
2614 37920
2615 25387
2616 54057
2617 25370
2618 39972
2619 37920
2620 37920
2621 37920
2622 25370
2623 37920
2624 37920
2625 58154
2626 37920
2627 26377
2628 27264
2629 37920
2630 37920
2631 37920
2632 5473
2633 51000
2634 28577
2635 25370
2636 25370
2637 25370
2638 27264
2639 25370
2640 25434
2641 37920
2642 54173
2643 27265
2644 28641
2645 37920
2646 25370
2647 25370
2648 37920
2649 25434
2650 25370
2651 28521
2652 25434
2653 37920
2654 37928
2655 17208
2656 15004
2657 25434
2658 25386
2659 39968
2660 5473
2661 37944
2662 37920
2663 17210
2664 8977
2665 39980
2666 27393
2667 37920
2668 38688
2669 38688
2670 25370
2671 37944
2672 37920
2673 27457
2674 37920
2675 27264
2676 25370
2677 38688
2678 37928
2679 37920
2680 39968
2681 37920
2682 37920
2683 25370
2684 26473
2685 37920
2686 58154
2687 25368
2688 5473
2689 25434
2690 25387
2691 25353
2692 49821
2693 37920
2694 25370
2695 37920
2696 25370
2697 49952
2698 50977
2699 49821
2700 25371
2701 25370
2702 37920
2703 49821
2704 25434
2705 25370
2706 26409
2707 25370
2708 28521
2709 49821
2710 15004
2711 28545
2712 8986
2713 26411
2714 25370
2715 58144
2716 39968
2717 49821
2718 50077
2719 37920
2720 39988
2721 37920
2722 28521
2723 27264
2724 25370
2725 37920
2726 58154
2727 39980
2728 25368
2729 30573
2730 37920
2731 25370
2732 54056
2733 37920
2734 824
2735 25370
2736 25354
2737 40745
2738 37920
2739 8986
2740 25370
2741 49821
2742 37920
2743 37920
2744 25371
2745 49821
2746 37920
2747 26474
2748 28521
2749 25370
2750 25370
2751 10896
2752 28577
2753 58245
2754 37920
2755 49821
2756 65385
2757 28457
2758 49821
2759 36916
2760 49821
2761 27457
2762 50077
2763 37920
2764 25370
2765 28513
2766 49821
2767 49821
2768 49821
2769 10896
2770 25360
2771 65385
2772 49820
2773 25371
2774 54072
2775 19232
2776 37920
2777 58139
2778 25371
2779 25384
2780 25370
2781 25370
2782 25371
2783 25371
2784 25370
2785 37920
2786 37920
2787 25384
2788 32617
2789 39736
2790 15004
2791 19088
2792 37928
2793 25370
2794 49821
2795 60192
2796 25370
2797 54173
2798 25434
2799 28521
2800 50077
2801 25370
2802 25370
2803 65377
2804 25371
2805 49821
2806 37920
2807 49960
2808 37920
2809 37920
2810 25370
2811 25370
2812 49821
2813 58218
2814 28521
2815 26403
2816 37920
2817 25370
2818 25370
2819 40496
2820 39992
2821 55073
2822 28545
2823 37920
2824 37920
2825 58154
2826 40297
2827 5473
2828 54056
2829 25370
2830 25370
2831 25370
2832 54056
2833 15004
2834 27264
2835 37920
2836 25370
2837 27264
2838 25370
2839 8986
2840 37920
2841 25451
2842 37920
2843 27264
2844 49821
2845 37920
2846 25370
2847 37920
2848 37920
2849 10900
2850 25370
2851 27264
2852 25370
2853 28521
2854 28521
2855 26473
2856 26387
2857 25370
2858 38440
2859 49821
2860 25370
2861 54076
2862 37920
2863 25370
2864 49813
2865 40504
2866 27264
2867 15004
2868 25449
2869 28521
2870 59168
2871 25451
2872 26411
2873 37920
2874 39972
2875 49821
2876 37920
2877 25449
2878 49821
2879 25370
2880 49961
2881 26411
2882 57707
2883 28641
2884 25370
2885 28641
2886 28521
2887 28521
2888 5473
2889 37920
2890 37920
2891 49821
2892 28521
2893 58136
2894 25370
2895 54049
2896 53560
2897 25371
2898 25370
2899 25370
2900 37944
2901 37924
2902 25370
2903 52008
2904 26473
2905 49821
2906 25418
2907 28521
2908 28521
2909 28641
2910 28481
2911 27264
2912 49821
2913 25418
2914 49821
2915 25345
2916 25370
2917 28521
2918 28521
2919 25370
2920 61281
2921 25387
2922 58144
2923 28521
2924 37920
2925 28457
2926 26411
2927 32617
2928 27464
2929 28449
2930 25418
2931 56097
2932 52000
2933 25370
2934 28521
2935 25370
2936 37920
2937 49821
2938 49821
2939 49821
2940 37920
2941 28521
2942 28521
2943 32621
2944 65385
2945 49821
2946 25371
2947 32617
2948 61217
2949 50077
2950 25417
2951 28521
2952 25370
2953 25451
2954 25355
2955 27264
2956 25434
2957 28641
2958 25371
2959 5473
2960 49953
2961 37920
2962 37920
2963 40504
2964 25370
2965 40508
2966 37920
2967 25376
2968 27521
2969 27521
2970 37920
2971 40504
2972 37920
2973 37920
2974 25370
2975 37920
2976 25419
2977 54072
2978 25370
2979 37920
2980 27264
2981 28545
2982 37936
2983 38968
2984 28641
2985 25371
2986 25370
2987 25418
2988 25370
2989 17192
2990 37920
2991 49821
2992 58218
2993 37921
2994 26419
2995 25370
2996 53268
2997 25370
2998 58154
2999 39972
3000 38176
3001 49821
3002 54036
3003 37920
3004 37920
3005 37920
3006 28513
3007 28545
3008 27265
3009 59258
3010 54072
3011 37920
3012 25355
3013 37920
3014 37920
3015 17192
3016 59168
3017 40292
3018 54056
3019 50077
3020 25384
3021 5473
3022 25450
3023 28641
3024 37920
3025 25368
3026 39988
3027 25370
3028 25370
3029 37920
3030 37920
3031 25370
3032 37920
3033 25370
3034 25370
3035 37920
3036 25370
3037 25370
3038 37920
3039 37920
3040 25370
3041 28521
3042 25371
3043 58153
3044 26465
3045 25418
3046 25370
3047 25370
3048 37920
3049 26473
3050 25434
3051 37672
3052 816
3053 39972
3054 37920
3055 37920
3056 37920
3057 57128
3058 49514
3059 25370
3060 19092
3061 37924
3062 39988
3063 25370
3064 25370
3065 25384
3066 58121
3067 37920
3068 37920
3069 37920
3070 25449
3071 37920
3072 25416
3073 25354
3074 25370
3075 54074
3076 37920
3077 39972
3078 38241
3079 49953
3080 25370
3081 52008
3082 25379
3083 50072
3084 37920
3085 50077
3086 37920
3087 25370
3088 25434
3089 49821
3090 25370
3091 25370
3092 37920
3093 25418
3094 25370
3095 28521
3096 49821
3097 26411
3098 37920
3099 25371
3100 53788
3101 816
3102 37920
3103 28521
3104 36920
3105 53276
3106 49820
3107 25370
3108 39968
3109 37736
3110 38241
3111 39988
3112 25370
3113 37920
3114 25379
3115 25369
3116 25370
3117 25370
3118 25370
3119 27264
3120 49821
3121 49978
3122 25371
3123 25370
3124 15004
3125 28521
3126 37920
3127 26394
3128 37688
3129 37920
3130 49821
3131 49821
3132 53916
3133 37920
3134 25370
3135 50077
3136 30569
3137 28521
3138 37920
3139 28513
3140 25370
3141 49821
3142 37920
3143 49821
3144 37920
3145 25370
3146 49821
3147 49821
3148 51856
3149 28521
3150 25370
3151 59258
3152 28521
3153 28521
3154 25370
3155 28449
3156 49821
3157 25370
3158 25371
3159 25370
3160 25418
3161 25345
3162 37920
3163 2840
3164 25370
3165 25346
3166 37920
3167 25370
3168 28641
3169 49821
3170 49821
3171 28521
3172 27264
3173 58245
3174 37920
3175 25370
3176 25370
3177 50077
3178 49821
3179 59178
3180 28521
3181 26473
3182 27264
3183 49821
3184 17208
3185 49821
3186 39988
3187 49821
3188 27264
3189 25354
3190 37920
3191 53308
3192 37920
3193 17193
3194 25370
3195 37920
3196 49821
3197 25371
3198 27264
3199 28521
3200 37920
3201 50077
3202 25370
3203 27424
3204 59169
3205 37424
3206 28641
3207 52000
3208 28521
3209 25370
3210 37920
3211 25371
3212 25370
3213 37928
3214 37920
3215 25384
3216 25418
3217 25370
3218 36924
3219 58209
3220 26473
3221 37920
3222 25370
3223 25370
3224 53917
3225 25371
3226 37920
3227 37920
3228 37920
3229 25370
3230 55088
3231 38180
3232 27393
3233 25370
3234 37920
3235 26403
3236 49821
3237 49821
3238 37920
3239 10896
3240 25370
3241 49821
3242 54072
3243 49821
3244 40480
3245 39972
3246 54049
3247 37920
3248 37920
3249 32617
3250 28521
3251 25370
3252 25370
3253 32617
3254 39972
3255 49821
3256 25354
3257 25371
3258 26409
3259 25418
3260 25370
3261 28521
3262 28641
3263 25434
3264 25370
3265 57129
3266 57129
3267 27489
3268 25370
3269 27417
3270 37920
3271 37920
3272 37920
3273 25370
3274 58136
3275 25371
3276 28521
3277 49821
3278 25370
3279 49821
3280 54173
3281 17044
3282 25370
3283 28521
3284 28521
3285 25354
3286 25370
3287 26473
3288 25370
3289 25370
3290 32617
3291 30569
3292 25370
3293 27521
3294 28521
3295 25434
3296 59241
3297 28521
3298 28521
3299 37680
3300 26473
3301 25355
3302 37920
3303 37920
3304 38176
3305 38240
3306 28641
3307 28513
3308 38460
3309 49821
3310 49821
3311 49821
3312 49821
3313 37924
3314 27264
3315 25371
3316 28521
3317 28641
3318 28521
3319 26475
3320 28641
3321 25370
3322 25418
3323 25370
3324 25370
3325 28521
3326 30573
3327 25418
3328 28513
3329 25370
3330 28521
3331 58217
3332 25370
3333 54056
3334 5473
3335 25370
3336 39992
3337 37920
3338 37920
3339 54056
3340 37920
3341 27265
3342 39984
3343 37920
3344 37920
3345 37920
3346 37688
3347 37920
3348 37920
3349 25450
3350 25370
3351 28417
3352 37920
3353 49821
3354 25370
3355 37920
3356 54173
3357 25370
3358 39992
3359 872
3360 37920
3361 54056
3362 25370
3363 37920
3364 49821
3365 5473
3366 37920
3367 25370
3368 27264
3369 39992
3370 37920
3371 37920
3372 50077
3373 25370
3374 25354
3375 25434
3376 58234
3377 37920
3378 37920
3379 27419
3380 39972
3381 26387
3382 28521
3383 37920
3384 19072
3385 37920
3386 53780
3387 17208
3388 37920
3389 37920
3390 37944
3391 39200
3392 37920
3393 37920
3394 37944
3395 25370
3396 25451
3397 37920
3398 25386
3399 25353
3400 37920
3401 25370
3402 39972
3403 60192
3404 37920
3405 37920
3406 32621
3407 25370
3408 54048
3409 25370
3410 25355
3411 37920
3412 25370
3413 25370
3414 25370
3415 25370
3416 25370
3417 37920
3418 37920
3419 17176
3420 28513
3421 25370
3422 37944
3423 37920
3424 25387
3425 25448
3426 37920
3427 25370
3428 15004
3429 25370
3430 25418
3431 26403
3432 37672
3433 36920
3434 37920
3435 49821
3436 40228
3437 39972
3438 25370
3439 37920
3440 25402
3441 25353
3442 54056
3443 37920
3444 25376
3445 25370
3446 54074
3447 25370
3448 37920
3449 37920
3450 25370
3451 25370
3452 28513
3453 37920
3454 49952
3455 37920
3456 37920
3457 5473
3458 28521
3459 25370
3460 25370
3461 25371
3462 37920
3463 62365
3464 49933
3465 37920
3466 25370
3467 25370
3468 49821
3469 60192
3470 26411
3471 25370
3472 37920
3473 37920
3474 25370
3475 25418
3476 25369
3477 49820
3478 37920
3479 25370
3480 26379
3481 37920
3482 49821
3483 25434
3484 37920
3485 32621
3486 5473
3487 25370
3488 25370
3489 37920
3490 37920
3491 55096
3492 25451
3493 37920
3494 2848
3495 37920
3496 25434
3497 25370
3498 25370
3499 25370
3500 37920
3501 37920
3502 38241
3503 19232
3504 28577
3505 25370
3506 37920
3507 25370
3508 25371
3509 25371
3510 26473
3511 37920
3512 28609
3513 58234
3514 25352
3515 49821
3516 49821
3517 30573
3518 26395
3519 37920
3520 49821
3521 37944
3522 27264
3523 53556
3524 19232
3525 49821
3526 37920
3527 49821
3528 39976
3529 25371
3530 49821
3531 27264
3532 26473
3533 39988
3534 38704
3535 58138
3536 25370
3537 25371
3538 25370
3539 8986
3540 25418
3541 25434
3542 26411
3543 54056
3544 62240
3545 19088
3546 25370
3547 25370
3548 28448
3549 15004
3550 25370
3551 58154
3552 49821
3553 25370
3554 58121
3555 37920
3556 37920
3557 49821
3558 49821
3559 28641
3560 37920
3561 28521
3562 49821
3563 25377
3564 27419
3565 28521
3566 25449
3567 49820
3568 27264
3569 5473
3570 39980
3571 53917
3572 25370
3573 37920
3574 40232
3575 25370
3576 49514
3577 19092
3578 58152
3579 19088
3580 38184
3581 38456
3582 37920
3583 54173
3584 25370
3585 28521
3586 25370
3587 28521
3588 28521
3589 28521
3590 28521
3591 28521
3592 28521
3593 37920
3594 25370
3595 28521
3596 28521
3597 25417
3598 28521
3599 28577
3600 37920
3601 27521
3602 5473
3603 38688
3604 37920
3605 38696
3606 49821
3607 27264
3608 38689
3609 25370
3610 28609
3611 25370
3612 28577
3613 26473
3614 39984
3615 5473
3616 37928
3617 49944
3618 28521
3619 37924
3620 28641
3621 37920
3622 28513
3623 37920
3624 37920
3625 49514
3626 32617
3627 26473
3628 37920
3629 26473
3630 58241
3631 49821
3632 37920
3633 25370
3634 37920
3635 37944
3636 10900
3637 28521
3638 27264
3639 37920
3640 28521
3641 49813
3642 38188
3643 28521
3644 37924
3645 37920
3646 54056
3647 40508
3648 39972
3649 37920
3650 27264
3651 25417
3652 19088
3653 26411
3654 28641
3655 25418
3656 28521
3657 17192
3658 60032
3659 25370
3660 25434
3661 37920
3662 5473
3663 25370
3664 53024
3665 37920
3666 27264
3667 25370
3668 28577
3669 8986
3670 5473
3671 54049
3672 37920
3673 25434
3674 8977
3675 37920
3676 63337
3677 28521
3678 25370
3679 28521
3680 58155
3681 25370
3682 28641
3683 26473
3684 25355
3685 28513
3686 28521
3687 25370
3688 25370
3689 37920
3690 5473
3691 37920
3692 49821
3693 37680
3694 58241
3695 37920
3696 49952
3697 25370
3698 26473
3699 28521
3700 32617
3701 25386
3702 27280
3703 28521
3704 65321
3705 25371
3706 25418
3707 63341
3708 65385
3709 28577
3710 25434
3711 25370
3712 25449
3713 32617
3714 25370
3715 28521
3716 26473
3717 40504
3718 30569
3719 37920
3720 37944
3721 7524
3722 40484
3723 37920
3724 37920
3725 25370
3726 37920
3727 54029
3728 37920
3729 25370
3730 55080
3731 37920
3732 25450
3733 25370
3734 37924
3735 25370
3736 38241
3737 25370
3738 37920
3739 37920
3740 26473
3741 25370
3742 37920
3743 5473
3744 27264
3745 39996
3746 37920
3747 37920
3748 37920
3749 25370
3750 39984
3751 25370
3752 25370
3753 37944
3754 38241
3755 37920
3756 37920
3757 25370
3758 25344
3759 39968
3760 7524
3761 37920
3762 54173
3763 26411
3764 25370
3765 37920
3766 37920
3767 25370
3768 37920
3769 39972
3770 39968
3771 40484
3772 37920
3773 37920
3774 25370
3775 37920
3776 38241
3777 40744
3778 37920
3779 27264
3780 37920
3781 49946
3782 39968
3783 38968
3784 25354
3785 19232
3786 25370
3787 25368
3788 25370
3789 25370
3790 39980
3791 37944
3792 27433
3793 25370
3794 37920
3795 38712
3796 25370
3797 25371
3798 37920
3799 25371
3800 26473
3801 25370
3802 53917
3803 37920
3804 7524
3805 37920
3806 25370
3807 37920
3808 25370
3809 25434
3810 37920
3811 25370
3812 28545
3813 37920
3814 39972
3815 37920
3816 49821
3817 49976
3818 25370
3819 37920
3820 52016
3821 54048
3822 55096
3823 25370
3824 37920
3825 25370
3826 25434
3827 25370
3828 37920
3829 58144
3830 25370
3831 37920
3832 5473
3833 39972
3834 25370
3835 49936
3836 2840
3837 26394
3838 53788
3839 37920
3840 25386
3841 25371
3842 37920
3843 37920
3844 49821
3845 49821
3846 25371
3847 25370
3848 25370
3849 27264
3850 25370
3851 25347
3852 37920
3853 25370
3854 37920
3855 37920
3856 37920
3857 25370
3858 58218
3859 25370
3860 36916
3861 25370
3862 38688
3863 37920
3864 37688
3865 37920
3866 25387
3867 25449
3868 25370
3869 37928
3870 49976
3871 37924
3872 49821
3873 49821
3874 25450
3875 5473
3876 25345
3877 53916
3878 25371
3879 25370
3880 25370
3881 39980
3882 5473
3883 25418
3884 37944
3885 25370
3886 25370
3887 26411
3888 37920
3889 27456
3890 53916
3891 25434
3892 25371
3893 25354
3894 27392
3895 49821
3896 49821
3897 26473
3898 49821
3899 25386
3900 49928
3901 50077
3902 39972
3903 37928
3904 49821
3905 37432
3906 25434
3907 37920
3908 28521
3909 25370
3910 37920
3911 37920
3912 39972
3913 25370
3914 37920
3915 25434
3916 37920
3917 39992
3918 49821
3919 25370
3920 59178
3921 37920
3922 37920
3923 49821
3924 37920
3925 28513
3926 25370
3927 27280
3928 37920
3929 37920
3930 26473
3931 25370
3932 37664
3933 50077
3934 39972
3935 26411
3936 57707
3937 49821
3938 49821
3939 28521
3940 54056
3941 37920
3942 37920
3943 53812
3944 25451
3945 25354
3946 25370
3947 37920
3948 32617
3949 37920
3950 27392
3951 49301
3952 37920
3953 65385
3954 25370
3955 56097
3956 37920
3957 25418
3958 27264
3959 32617
3960 37920
3961 26473
3962 28521
3963 28521
3964 25385
3965 37920
3966 25370
3967 25370
3968 25370
3969 5473
3970 26473
3971 25370
3972 58112
3973 37944
3974 49941
3975 25354
3976 50077
3977 49821
3978 28513
3979 62240
3980 59169
3981 28521
3982 26473
3983 25370
3984 25355
3985 28513
3986 25371
3987 49821
3988 25434
3989 37944
3990 40228
3991 25370
3992 28641
3993 28521
3994 28521
3995 25370
3996 30573
3997 5473
3998 25449
3999 37920
4000 25370
4001 61289
4002 25370
4003 49821
4004 49821
4005 37920
4006 28521
4007 54173
4008 49821
4009 25370
4010 25418
4011 25370
4012 26411
4013 26473
4014 26379
4015 32621
4016 26385
4017 30573
4018 37920
4019 37672
4020 37920
4021 25353
4022 49821
4023 26473
4024 28521
4025 37920
4026 5473
4027 25448
4028 32621
4029 28521
4030 25370
4031 27265
4032 26473
4033 37920
4034 49952
4035 25418
4036 28521
4037 25434
4038 25370
4039 25370
4040 37920
4041 49821
4042 37920
4043 25370
4044 28521
4045 49821
4046 27520
4047 37920
4048 49821
4049 28521
4050 25353
4051 25370
4052 49821
4053 37920
4054 25370
4055 58272
4056 28521
4057 26473
4058 25370
4059 28513
4060 39972
4061 27464
4062 28521
4063 2840
4064 26473
4065 25370
4066 32617
4067 32617
4068 32617
4069 26475
4070 25370
4071 25370
4072 28481
4073 37920
4074 37920
4075 49821
4076 25370
4077 28521
4078 49821
4079 49820
4080 25354
4081 37924
4082 49821
4083 25434
4084 25370
4085 49821
4086 25370
4087 28521
4088 25370
4089 30569
4090 28521
4091 25370
4092 25370
4093 38176
4094 25370
4095 25370
4096 25370
4097 25370
4098 25370
4099 25370
4100 32617
4101 25418
4102 25370
4103 25434
4104 37920
4105 37920
4106 5473
4107 37688
4108 37920
4109 27497
4110 25418
4111 37920
4112 58272
4113 37920
4114 27264
4115 49968
4116 37920
4117 25370
4118 37920
4119 37920
4120 37920
4121 25450
4122 28545
4123 50077
4124 8986
4125 39480
4126 37920
4127 5473
4128 25370
4129 25370
4130 40292
4131 37944
4132 27264
4133 37920
4134 25370
4135 25370
4136 19200
4137 38176
4138 50077
4139 37920
4140 37920
4141 53308
4142 25370
4143 5473
4144 37920
4145 49821
4146 25386
4147 37920
4148 49960
4149 37948
4150 28641
4151 37945
4152 39988
4153 37920
4154 37920
4155 25377
4156 25370
4157 27497
4158 37944
4159 5473
4160 37944
4161 37920
4162 37920
4163 38177
4164 37940
4165 64289
4166 37920
4167 25370
4168 25370
4169 25418
4170 37176
4171 37920
4172 37920
4173 25451
4174 37920
4175 37920
4176 25370
4177 25370
4178 28513
4179 25370
4180 36924
4181 25370
4182 53916
4183 25418
4184 27497
4185 37920
4186 38241
4187 37920
4188 25384
4189 25449
4190 25370
4191 19232
4192 37920
4193 38176
4194 37920
4195 25370
4196 25370
4197 28513
4198 28641
4199 49821
4200 37672
4201 17176
4202 25434
4203 25370
4204 54060
4205 25370
4206 25370
4207 27280
4208 25370
4209 37920
4210 60032
4211 37920
4212 25354
4213 37920
4214 26411
4215 37920
4216 37920
4217 37920
4218 25370
4219 37920
4220 27264
4221 17168
4222 37920
4223 25400
4224 49821
4225 25370
4226 37920
4227 27400
4228 37920
4229 25418
4230 56104
4231 37920
4232 25371
4233 37672
4234 37920
4235 5473
4236 25370
4237 37920
4238 37920
4239 2840
4240 59258
4241 25370
4242 37928
4243 25371
4244 39976
4245 25370
4246 25370
4247 25370
4248 25370
4249 59258
4250 25370
4251 49821
4252 32617
4253 25369
4254 28513
4255 27264
4256 49821
4257 25370
4258 25370
4259 37920
4260 37944
4261 49821
4262 37920
4263 26475
4264 27264
4265 25370
4266 26403
4267 49821
4268 49813
4269 25418
4270 37920
4271 17161
4272 19072
4273 25370
4274 49949
4275 25371
4276 37920
4277 49968
4278 37920
4279 15004
4280 50077
4281 53812
4282 39972
4283 49813
4284 25370
4285 25370
4286 37920
4287 25370
4288 50077
4289 25386
4290 49821
4291 28521
4292 27264
4293 49821
4294 32617
4295 49821
4296 28513
4297 37920
4298 37920
4299 25434
4300 58269
4301 37920
4302 37944
4303 49821
4304 49821
4305 8977
4306 28457
4307 28521
4308 37920
4309 40737
4310 37920
4311 65385
4312 55096
4313 25370
4314 58154
4315 37920
4316 19092
4317 25377
4318 27264
4319 37920
4320 37920
4321 25370
4322 49821
4323 27521
4324 38176
4325 28521
4326 26473
4327 37920
4328 25370
4329 54064
4330 26473
4331 54072
4332 49821
4333 25370
4334 40484
4335 25434
4336 25419
4337 27264
4338 28457
4339 25370
4340 25370
4341 7524
4342 37920
4343 19092
4344 50077
4345 25370
4346 28545
4347 39736
4348 50077
4349 25410
4350 25451
4351 25386
4352 28521
4353 61281
4354 25354
4355 28521
4356 53556
4357 25370
4358 49821
4359 25371
4360 27264
4361 27284
4362 25370
4363 59241
4364 28489
4365 37920
4366 28641
4367 37920
4368 25370
4369 25370
4370 54056
4371 25370
4372 37920
4373 37920
4374 28545
4375 15004
4376 49821
4377 30569
4378 37920
4379 25449
4380 25370
4381 17181
4382 60161
4383 49821
4384 25360
4385 27264
4386 37920
4387 25346
4388 49960
4389 25370
4390 28521
4391 25370
4392 37920
4393 49813
4394 25370
4395 61281
4396 38241
4397 28577
4398 49821
4399 25355
4400 28521
4401 32617
4402 25434
4403 60160
4404 37920
4405 49820
4406 49976
4407 49821
4408 37920
4409 25370
4410 38180
4411 5473
4412 59258
4413 37920
4414 37920
4415 25354
4416 28513
4417 28521
4418 25370
4419 25370
4420 25434
4421 25370
4422 25370
4423 25371
4424 25418
4425 25370
4426 23913
4427 26473
4428 28521
4429 25434
4430 28521
4431 49821
4432 27265
4433 26419
4434 25370
4435 39968
4436 25419
4437 27265
4438 28481
4439 25370
4440 25370
4441 25370
4442 28513
4443 37920
4444 37936
4445 37920
4446 37944
4447 37920
4448 49976
4449 25449
4450 7524
4451 37920
4452 37920
4453 37920
4454 25370
4455 37920
4456 37928
4457 58168
4458 25370
4459 37920
4460 37944
4461 50077
4462 25370
4463 49976
4464 5473
4465 25370
4466 38241
4467 37921
4468 37920
4469 25368
4470 25347
4471 37920
4472 27264
4473 37920
4474 25370
4475 37920
4476 25370
4477 25354
4478 25370
4479 49821
4480 39992
4481 37920
4482 25370
4483 25370
4484 53780
4485 40224
4486 37920
4487 50073
4488 37920
4489 27265
4490 54328
4491 25344
4492 39972
4493 17256
4494 37920
4495 37920
4496 25370
4497 37920
4498 37920
4499 5473
4500 25353
4501 27280
4502 38689
4503 17178
4504 59178
4505 15004
4506 54056
4507 49960
4508 25370
4509 37920
4510 25448
4511 25370
4512 25370
4513 37689
4514 25369
4515 26411
4516 5473
4517 37928
4518 25370
4519 37920
4520 39972
4521 37920
4522 58155
4523 54072
4524 37920
4525 49960
4526 25434
4527 37920
4528 25352
4529 40480
4530 25370
4531 39972
4532 25370
4533 25370
4534 37920
4535 59177
4536 26395
4537 26419
4538 37920
4539 25370
4540 38176
4541 25354
4542 27264
4543 25371
4544 26473
4545 17044
4546 37920
4547 25370
4548 58241
4549 15004
4550 37920
4551 25370
4552 39968
4553 37940
4554 39972
4555 49812
4556 32617
4557 39988
4558 25370
4559 28521
4560 26473
4561 17181
4562 37160
4563 38241
4564 37920
4565 25434
4566 37920
4567 25370
4568 25370
4569 25370
4570 37920
4571 40292
4572 25370
4573 25370
4574 25370
4575 27425
4576 26441
4577 25361
4578 25370
4579 37924
4580 49821
4581 50077
4582 49821
4583 26371
4584 25371
4585 49821
4586 25370
4587 38241
4588 49821
4589 37920
4590 37944
4591 49921
4592 49821
4593 49821
4594 25434
4595 25370
4596 37920
4597 50077
4598 54840
4599 25370
4600 53916
4601 28545
4602 58218
4603 25370
4604 25370
4605 28545
4606 25370
4607 54173
4608 49821
4609 49821
4610 49821
4611 49821
4612 25370
4613 37920
4614 25370
4615 27264
4616 25418
4617 58152
4618 49821
4619 49976
4620 37920
4621 25387
4622 49821
4623 25449
4624 40480
4625 39972
4626 58145
4627 38688
4628 25370
4629 25371
4630 25370
4631 37920
4632 19232
4633 37920
4634 39968
4635 39972
4636 37920
4637 37920
4638 25418
4639 49821
4640 53025
4641 28521
4642 28521
4643 37920
4644 37920
4645 25370
4646 49821
4647 5473
4648 28521
4649 27265
4650 25371
4651 25354
4652 27280
4653 28521
4654 25370
4655 28521
4656 56104
4657 25370
4658 25370
4659 26419
4660 49821
4661 51968
4662 38688
4663 54049
4664 26473
4665 27465
4666 26473
4667 30569
4668 27264
4669 26473
4670 26475
4671 27264
4672 25451
4673 28641
4674 28521
4675 25370
4676 25370
4677 37920
4678 28513
4679 37920
4680 49821
4681 25344
4682 28521
4683 23913
4684 28449
4685 28641
4686 28489
4687 26473
4688 30569
4689 28577
4690 39968
4691 25371
4692 8986
4693 60192
4694 65385
4695 37920
4696 37920
4697 40508
4698 37920
4699 25451
4700 37920
4701 49821
4702 28513
4703 28521
4704 37920
4705 25370
4706 28513
4707 25400
4708 25370
4709 37920
4710 5473
4711 50077
4712 49821
4713 38704
4714 10900
4715 37920
4716 37920
4717 27264
4718 17152
4719 27264
4720 37920
4721 25371
4722 26473
4723 25370
4724 37920
4725 37920
4726 37920
4727 28513
4728 37920
4729 37432
4730 37920
4731 63341
4732 26401
4733 37920
4734 25370
4735 28521
4736 25371
4737 25370
4738 37920
4739 37920
4740 37928
4741 28513
4742 28521
4743 27457
4744 54049
4745 30569
4746 37920
4747 58155
4748 28521
4749 25450
4750 25355
4751 26401
4752 25370
4753 37920
4754 55080
4755 37944
4756 37924
4757 40504
4758 38176
4759 37920
4760 49812
4761 5473
4762 37920
4763 26394
4764 54064
4765 26369
4766 37920
4767 38176
4768 39972
4769 27521
4770 38241
4771 28641
4772 50984
4773 32617
4774 28481
4775 25370
4776 27280
4777 38241
4778 49812
4779 25370
4780 17193
4781 27264
4782 37920
4783 37920
4784 25370
4785 37920
4786 25370
4787 37936
4788 40496
4789 25370
4790 25370
4791 25370
4792 26473
4793 25370
4794 25370
4795 39968
4796 39712
4797 5473
4798 37920
4799 25370
4800 37920
4801 37920
4802 37924
4803 37944
4804 37920
4805 27265
4806 25370
4807 54072
4808 37920
4809 37920
4810 38177
4811 37920
4812 40484
4813 37920
4814 32621
4815 37920
4816 58144
4817 25354
4818 25416
4819 40480
4820 37920
4821 25370
4822 37920
4823 37920
4824 26473
4825 25434
4826 25418
4827 58218
4828 37920
4829 58218
4830 37920
4831 5473
4832 37920
4833 37921
4834 37920
4835 37920
4836 36921
4837 37920
4838 37920
4839 19072
4840 25362
4841 15004
4842 25370
4843 58218
4844 37920
4845 37920
4846 25371
4847 37920
4848 25400
4849 63341
4850 49821
4851 54173
4852 25370
4853 37920
4854 28641
4855 37920
4856 37920
4857 58218
4858 25370
4859 37920
4860 25451
4861 25370
4862 54076
4863 54049
4864 25347
4865 25370
4866 49821
4867 53908
4868 37948
4869 50076
4870 25370
4871 25370
4872 28577
4873 25371
4874 49821
4875 37924
4876 37944
4877 25370
4878 28481
4879 25371
4880 37920
4881 28521
4882 39976
4883 25434
4884 58219
4885 25370
4886 37728
4887 25377
4888 49821
4889 37920
4890 19092
4891 25370
4892 36924
4893 49821
4894 37920
4895 49953
4896 49821
4897 50077
4898 61289
4899 49821
4900 37920
4901 38688
4902 25370
4903 26409
4904 37920
4905 27280
4906 30573
4907 25371
4908 25370
4909 37948
4910 26419
4911 25376
4912 54072
4913 49946
4914 37920
4915 17044
4916 26473
4917 25370
4918 25387
4919 37920
4920 25370
4921 65385
4922 25370
4923 25387
4924 25370
4925 37920
4926 25370
4927 37920
4928 54036
4929 40508
4930 27265
4931 50077
4932 37920
4933 58155
4934 53788
4935 27280
4936 37920
4937 25449
4938 38176
4939 39972
4940 25370
4941 25370
4942 25370
4943 39972
4944 28641
4945 49821
4946 27264
4947 59177
4948 38180
4949 49821
4950 28521
4951 26441
4952 26473
4953 25370
4954 26411
4955 40297
4956 37944
4957 28521
4958 27264
4959 25370
4960 54328
4961 25434
4962 32617
4963 27265
4964 25449
4965 25370
4966 61281
4967 27264
4968 28521
4969 26409
4970 28521
4971 28521
4972 25370
4973 37920
4974 54173
4975 58245
4976 27392
4977 58217
4978 37920
4979 37920
4980 27393
4981 28521
4982 800
4983 37920
4984 49953
4985 25450
4986 37920
4987 25370
4988 32621
4989 25417
4990 27280
4991 37920
4992 39968
4993 26473
4994 25371
4995 27393
4996 25370
4997 27264
4998 37920
4999 25371
5000 25354
5001 19201
5002 27265
5003 19072
5004 49821
5005 61281
5006 28521
5007 37920
5008 25370
5009 49952
5010 25370
5011 49920
5012 27457
5013 25371
5014 37920
5015 25370
5016 37920
5017 25370
5018 49952
5019 37920
5020 25386
5021 37920
5022 49821
5023 25370
5024 54049
5025 37948
5026 28521
5027 25370
5028 28489
5029 37920
5030 37920
5031 25370
5032 37920
5033 25354
5034 50077
5035 37920
5036 50069
5037 37920
5038 25370
5039 37920
5040 49812
5041 25371
5042 32617
5043 28641
5044 25384
5045 61281
5046 37920
5047 37920
5048 60256
5049 37920
5050 39968
5051 37920
5052 25370
5053 37920
5054 25370
5055 19216
5056 37920
5057 37668
5058 37920
5059 50077
5060 17208
5061 5473
5062 5473
5063 54072
5064 37924
5065 25370
5066 27264
5067 26409
5068 37945
5069 37928
5070 37920
5071 25370
5072 37936
5073 25370
5074 25379
5075 37920
5076 25354
5077 25370
5078 37920
5079 28449
5080 37920
5081 37920
5082 37920
5083 37924
5084 40508
5085 37924
5086 25370
5087 39992
5088 37920
5089 5473
5090 37920
5091 37920
5092 25370
5093 27265
5094 37920
5095 58153
5096 39988
5097 26387
5098 25370
5099 25370
5100 25370
5101 37920
5102 25370
5103 37920
5104 37920
5105 28481
5106 28521
5107 38184
5108 25371
5109 25370
5110 37920
5111 37920
5112 37920
5113 55072
5114 37921
5115 39996
5116 37920
5117 37688
5118 25370
5119 25450
5120 17185
5121 37920
5122 39992
5123 50072
5124 26371
5125 54172
5126 40228
5127 25370
5128 37672
5129 37920
5130 25370
5131 37920
5132 37920
5133 25434
5134 17168
5135 26411
5136 49821
5137 65385
5138 25370
5139 27264
5140 54045
5141 49944
5142 49821
5143 25370
5144 25370
5145 37920
5146 49821
5147 25370
5148 37920
5149 37672
5150 25370
5151 28521
5152 37940
5153 27264
5154 49821
5155 38176
5156 7524
5157 55096
5158 19248
5159 55096
5160 25355
5161 37920
5162 19092
5163 25371
5164 25370
5165 25370
5166 25370
5167 27264
5168 49821
5169 25386
5170 49821
5171 54073
5172 53917
5173 25354
5174 37920
5175 49821
5176 49821
5177 37920
5178 37920
5179 37920
5180 49821
5181 40504
5182 62241
5183 49821
5184 37920
5185 26394
5186 25371
5187 49821
5188 49821
5189 37672
5190 49949
5191 25370
5192 37176
5193 37920
5194 40745
5195 39996
5196 37672
5197 54049
5198 40508
5199 49821
5200 49821
5201 50073
5202 27264
5203 54049
5204 28521
5205 25370
5206 37920
5207 17176
5208 37920
5209 49821
5210 49821
5211 28521
5212 58269
5213 27264
5214 54173
5215 5473
5216 25368
5217 40508
5218 37920
5219 25370
5220 37924
5221 37928
5222 49821
5223 808
5224 28513
5225 25370
5226 27520
5227 49821
5228 63337
5229 25370
5230 28521
5231 37920
5232 37920
5233 25370
5234 58269
5235 26473
5236 37924
5237 38696
5238 17208
5239 28513
5240 54016
5241 39968
5242 28457
5243 28577
5244 38176
5245 18208
5246 28521
5247 27264
5248 25371
5249 49821
5250 49821
5251 25387
5252 54048
5253 53917
5254 28577
5255 5473
5256 58145
5257 59177
5258 25370
5259 49821
5260 25371
5261 32621
5262 25370
5263 39988
5264 37920
5265 54049
5266 58218
5267 37920
5268 25386
5269 26473
5270 26473
5271 25347
5272 63341
5273 25371
5274 28521
5275 65385
5276 37920
5277 25370
5278 5473
5279 28489
5280 25370
5281 28545
5282 26387
5283 25385
5284 25370
5285 25434
5286 37920
5287 37920
5288 65385
5289 49976
5290 49821
5291 37920
5292 27264
5293 49821
5294 27264
5295 15004
5296 37920
5297 38240
5298 60033
5299 27393
5300 37920
5301 37920
5302 40228
5303 54840
5304 26411
5305 37920
5306 25416
5307 25370
5308 28513
5309 25370
5310 39972
5311 37920
5312 26411
5313 25419
5314 25370
5315 28521
5316 28521
5317 28521
5318 32617
5319 63337
5320 39972
5321 38241
5322 25370
5323 28641
5324 27424
5325 49821
5326 26473
5327 8977
5328 25370
5329 28641
5330 25370
5331 37920
5332 5473
5333 37944
5334 37920
5335 37672
5336 25355
5337 37920
5338 864
5339 37920
5340 37920
5341 37920
5342 25370
5343 37920
5344 37920
5345 25387
5346 25466
5347 25370
5348 5473
5349 25370
5350 37920
5351 25370
5352 27264
5353 5473
5354 27264
5355 28545
5356 37920
5357 25418
5358 37920
5359 54072
5360 59169
5361 26411
5362 25387
5363 37920
5364 27264
5365 37920
5366 38176
5367 25370
5368 37920
5369 39992
5370 37924
5371 2840
5372 37944
5373 25370
5374 37921
5375 39972
5376 37920
5377 25384
5378 37920
5379 37920
5380 27264
5381 25370
5382 38696
5383 25370
5384 37920
5385 26473
5386 54048
5387 58155
5388 37920
5389 37936
5390 37672
5391 37920
5392 40480
5393 38460
5394 37920
5395 58152
5396 25370
5397 37920
5398 38184
5399 25370
5400 52000
5401 25418
5402 25403
5403 30573
5404 25370
5405 39996
5406 58269
5407 25370
5408 37924
5409 37920
5410 25370
5411 40500
5412 37920
5413 25370
5414 37920
5415 37920
5416 25370
5417 25434
5418 37920
5419 37920
5420 49813
5421 25370
5422 37920
5423 37920
5424 54048
5425 25434
5426 25371
5427 49813
5428 37920
5429 25434
5430 39972
5431 25434
5432 37920
5433 25370
5434 27393
5435 37920
5436 49821
5437 25370
5438 25371
5439 65385
5440 17173
5441 49821
5442 54077
5443 37920
5444 25434
5445 49821
5446 25370
5447 37920
5448 37920
5449 49821
5450 49821
5451 37920
5452 49821
5453 50073
5454 25370
5455 25354
5456 25345
5457 40292
5458 25434
5459 37920
5460 27265
5461 37920
5462 27264
5463 58234
5464 17208
5465 25376
5466 58153
5467 37160
5468 54056
5469 49953
5470 27264
5471 58218
5472 25376
5473 25370
5474 49821
5475 40508
5476 25434
5477 37920
5478 37944
5479 28521
5480 37920
5481 25370
5482 27264
5483 25387
5484 28513
5485 61289
5486 25451
5487 25370
5488 8986
5489 25352
5490 27264
5491 49821
5492 38712
5493 37920
5494 37920
5495 26473
5496 25370
5497 37920
5498 25370
5499 58136
5500 28513
5501 25449
5502 25370
5503 37920
5504 49821
5505 26473
5506 17208
5507 61281
5508 25370
5509 25370
5510 59233
5511 25370
5512 25370
5513 25370
5514 39972
5515 49821
5516 26379
5517 37920
5518 54328
5519 61281
5520 37920
5521 25370
5522 25355
5523 37920
5524 54056
5525 37920
5526 25370
5527 49821
5528 25371
5529 37920
5530 37920
5531 17308
5532 49821
5533 25418
5534 27264
5535 37920
5536 63341
5537 28521
5538 39972
5539 49821
5540 58234
5541 26394
5542 54072
5543 25371
5544 19201
5545 25371
5546 37920
5547 25370
5548 5473
5549 39980
5550 50072
5551 32617
5552 37920
5553 27265
5554 37920
5555 28545
5556 54173
5557 37920
5558 37920
5559 37920
5560 25370
5561 37920
5562 25370
5563 27264
5564 55080
5565 26394
5566 25434
5567 50076
5568 25370
5569 28641
5570 27521
5571 37920
5572 27464
5573 25370
5574 26473
5575 27457
5576 25370
5577 50072
5578 38712
5579 25354
5580 25370
5581 26473
5582 37920
5583 37920
5584 49821
5585 25434
5586 49821
5587 49821
5588 25370
5589 27264
5590 25450
5591 28521
5592 26475
5593 25354
5594 28521
5595 26377
5596 27264
5597 61289
5598 25370
5599 25370
5600 37920
5601 27264
5602 37920
5603 25370
5604 49821
5605 25370
5606 49821
5607 30569
5608 25370
5609 26473
5610 49821
5611 28521
5612 26411
5613 5473
5614 25370
5615 39972
5616 59241
5617 37672
5618 37920
5619 37920
5620 37944
5621 25370
5622 54072
5623 27521
5624 40224
5625 50077
5626 25370
5627 5473
5628 37920
5629 8977
5630 30569
5631 25347
5632 52000
5633 54328
5634 37920
5635 25371
5636 25370
5637 25387
5638 37920
5639 25387
5640 37920
5641 37920
5642 5473
5643 37924
5644 21288
5645 37920
5646 26475
5647 39972
5648 37920
5649 8986
5650 37920
5651 37920
5652 37920
5653 28641
5654 37920
5655 25434
5656 25370
5657 37920
5658 25450
5659 39972
5660 26403
5661 25450
5662 25418
5663 25434
5664 53917
5665 37944
5666 37920
5667 62305
5668 25466
5669 37920
5670 55096
5671 25370
5672 27393
5673 37920
5674 56104
5675 37920
5676 37920
5677 25384
5678 37920
5679 27419
5680 50077
5681 37920
5682 39972
5683 37920
5684 37920
5685 25416
5686 57120
5687 37920
5688 27464
5689 37920
5690 25448
5691 37920
5692 5473
5693 25434
5694 37920
5695 39968
5696 25353
5697 25370
5698 18209
5699 25370
5700 58122
5701 50077
5702 54173
5703 49821
5704 25441
5705 37920
5706 37920
5707 37920
5708 25370
5709 25355
5710 19233
5711 17176
5712 25370
5713 37924
5714 49821
5715 25370
5716 53916
5717 49821
5718 58154
5719 58144
5720 49821
5721 49821
5722 15004
5723 49821
5724 49301
5725 49821
5726 26411
5727 37672
5728 39996
5729 39988
5730 25370
5731 49821
5732 39972
5733 49821
5734 25370
5735 25370
5736 49821
5737 25370
5738 49821
5739 27280
5740 25371
5741 37924
5742 54049
5743 49821
5744 25419
5745 25370
5746 25370
5747 39968
5748 25370
5749 37920
5750 37920
5751 27280
5752 25370
5753 28513
5754 49821
5755 25354
5756 54045
5757 37920
5758 26473
5759 27265
5760 49821
5761 49301
5762 26473
5763 25370
5764 27264
5765 17044
5766 40508
5767 25371
5768 55097
5769 10900
5770 25370
5771 39480
5772 49821
5773 28521
5774 54328
5775 25370
5776 28489
5777 49821
5778 37920
5779 8986
5780 25370
5781 27264
5782 26473
5783 49944
5784 25370
5785 49821
5786 28545
5787 57120
5788 59178
5789 25418
5790 25403
5791 55841
5792 37920
5793 25370
5794 25418
5795 28641
5796 37948
5797 37920
5798 25370
5799 28545
5800 37920
5801 25434
5802 58209
5803 26411
5804 27489
5805 37920
5806 37928
5807 37920
5808 37920
5809 25370
5810 37920
5811 37924
5812 25418
5813 37920
5814 26473
5815 25449
5816 25370
5817 38436
5818 28417
5819 30573
5820 37920
5821 25354
5822 19088
5823 26371
5824 37920
5825 37920
5826 39980
5827 37920
5828 26473
5829 25371
5830 25370
5831 25371
5832 25370
5833 25370
5834 25370
5835 26473
5836 25370
5837 25370
5838 25448
5839 38700
5840 52008
5841 58122
5842 37920
5843 27265
5844 54072
5845 5473
5846 25384
5847 37920
5848 37920
5849 37920
5850 25371
5851 37920
5852 37920
5853 39968
5854 5473
5855 25449
5856 37944
5857 25370
5858 28545
5859 32617
5860 25370
5861 37920
5862 49952
5863 39988
5864 25370
5865 25402
5866 4920
5867 37920
5868 19092
5869 7524
5870 37920
5871 58154
5872 37924
5873 25370
5874 59241
5875 25370
5876 37920
5877 27425
5878 51985
5879 37160
5880 37920
5881 37920
5882 38177
5883 27424
5884 25371
5885 37920
5886 25370
5887 19232
5888 65313
5889 37920
5890 55081
5891 25371
5892 51000
5893 25347
5894 27264
5895 25370
5896 37920
5897 27424
5898 37944
5899 37920
5900 37920
5901 25370
5902 32617
5903 25370
5904 37672
5905 25370
5906 50076
5907 39972
5908 37920
5909 54048
5910 37924
5911 49969
5912 25371
5913 37920
5914 37920
5915 37920
5916 49976
5917 25370
5918 25347
5919 37680
5920 54072
5921 49821
5922 37920
5923 25370
5924 37920
5925 37920
5926 25370
5927 37920
5928 37920
5929 37920
5930 8986
5931 25345
5932 49953
5933 25434
5934 25370
5935 38177
5936 25371
5937 40480
5938 37920
5939 25450
5940 26395
5941 25370
5942 25370
5943 37728
5944 49945
5945 40292
5946 37920
5947 37944
5948 27419
5949 37920
5950 25379
5951 39200
5952 37920
5953 49821
5954 25370
5955 28521
5956 50072
5957 49821
5958 54061
5959 49821
5960 37920
5961 58269
5962 49821
5963 25402
5964 19092
5965 23913
5966 49820
5967 25355
5968 54072
5969 25370
5970 37920
5971 28641
5972 58144
5973 28521
5974 28521
5975 54072
5976 49821
5977 27280
5978 25371
5979 49821
5980 49821
5981 25370
5982 37920
5983 19240
5984 54072
5985 28521
5986 39972
5987 28641
5988 55088
5989 27264
5990 28457
5991 19216
5992 37944
5993 5473
5994 32617
5995 37672
5996 27456
5997 39968
5998 39988
5999 25370
6000 26473
6001 25370
6002 38241
6003 37920
6004 17209
6005 38241
6006 49821
6007 37920
6008 61281
6009 25370
6010 37920
6011 25370
6012 25434
6013 37920
6014 20257
6015 37920
6016 25370
6017 37948
6018 39972
6019 23913
6020 28641
6021 37920
6022 25370
6023 39968
6024 49821
6025 37920
6026 54056
6027 37920
6028 25370
6029 37920
6030 5473
6031 39968
6032 39456
6033 37945
6034 39968
6035 25354
6036 25355
6037 30573
6038 19233
6039 26473
6040 37920
6041 52001
6042 54045
6043 49821
6044 28513
6045 53300
6046 37924
6047 28521
6048 26473
6049 54072
6050 27280
6051 37920
6052 26379
6053 25370
6054 19088
6055 49821
6056 40744
6057 27393
6058 37920
6059 25363
6060 25370
6061 26473
6062 27489
6063 19088
6064 25370
6065 25370
6066 25434
6067 25434
6068 25387
6069 27280
6070 37920
6071 40480
6072 25370
6073 25370
6074 26409
6075 25418
6076 25354
6077 28489
6078 25370
6079 28521
6080 37924
6081 5473
6082 40504
6083 37920
6084 37920
6085 26473
6086 39988
6087 37944
6088 26474
6089 37688
6090 49565
6091 25387
6092 49952
6093 37920
6094 25434
6095 37924
6096 28641
6097 37920
6098 17208
6099 39972
6100 25370
6101 25370
6102 49936
6103 37920
6104 37920
6105 25370
6106 37920
6107 37920
6108 37920
6109 39968
6110 39972
6111 39972
6112 37920
6113 37920
6114 37924
6115 25370
6116 37928
6117 37920
6118 37924
6119 61289
6120 17192
6121 54064
6122 25370
6123 17161
6124 27497
6125 37928
6126 25370
6127 25384
6128 26411
6129 37920
6130 37920
6131 25370
6132 52008
6133 39972
6134 37920
6135 37920
6136 37920
6137 25370
6138 25434
6139 37920
6140 37920
6141 25371
6142 37920
6143 25370
6144 25371
6145 37920
6146 37920
6147 58218
6148 38241
6149 37920
6150 25371
6151 26411
6152 37920
6153 25370
6154 26411
6155 28521
6156 50077
6157 19088
6158 37920
6159 27424
6160 49928
6161 49821
6162 25370
6163 39736
6164 37424
6165 37944
6166 27280
6167 27280
6168 25370
6169 25370
6170 25370
6171 25370
6172 49821
6173 37920
6174 37920
6175 25371
6176 19209
6177 54173
6178 49821
6179 25370
6180 28521
6181 49821
6182 49821
6183 63341
6184 37920
6185 49821
6186 19232
6187 49821
6188 37920
6189 49821
6190 49976
6191 25434
6192 54040
6193 25418
6194 50076
6195 37920
6196 7524
6197 49821
6198 38180
6199 58168
6200 26473
6201 15004
6202 37924
6203 28521
6204 49821
6205 38176
6206 49821
6207 37920
6208 26473
6209 37936
6210 28545
6211 39968
6212 25370
6213 17200
6214 39968
6215 37920
6216 19092
6217 61281
6218 37920
6219 37920
6220 25450
6221 25370
6222 39480
6223 37936
6224 25386
6225 39968
6226 37672
6227 25370
6228 37176
6229 38712
6230 37920
6231 56096
6232 25371
6233 37920
6234 49821
6235 25370
6236 39968
6237 4896
6238 25370
6239 37920
6240 23913
6241 25354
6242 37920
6243 25370
6244 50077
6245 25370
6246 28521
6247 57129
6248 27264
6249 37920
6250 25352
6251 25370
6252 49821
6253 54056
6254 28489
6255 25418
6256 25370
6257 25370
6258 37920
6259 53908
6260 37920
6261 25371
6262 26409
6263 61281
6264 25370
6265 37924
6266 28521
6267 49953
6268 40737
6269 27265
6270 27264
6271 37920
6272 37920
6273 49821
6274 49821
6275 25370
6276 37920
6277 25370
6278 28577
6279 37920
6280 28545
6281 25371
6282 49821
6283 37920
6284 25370
6285 39992
6286 54057
6287 39988
6288 37924
6289 25434
6290 25434
6291 54112
6292 25355
6293 63337
6294 30573
6295 39972
6296 25368
6297 32617
6298 37924
6299 25353
6300 25370
6301 25370
6302 25434
6303 25370
6304 25370
6305 26473
6306 28521
6307 37428
6308 28521
6309 25386
6310 28641
6311 58208
6312 49514
6313 37920
6314 25370
6315 37924
6316 37920
6317 25434
6318 39988
6319 27264
6320 28545
6321 37920
6322 37920
6323 25371
6324 25370
6325 25370
6326 37920
6327 37924
6328 25370
6329 39968
6330 39988
6331 37920
6332 19209
6333 39972
6334 824
6335 54056
6336 28577
6337 39972
6338 25370
6339 37920
6340 27265
6341 37920
6342 25451
6343 39996
6344 38177
6345 25370
6346 25370
6347 25370
6348 25370
6349 37920
6350 25370
6351 37920
6352 37920
6353 37920
6354 27264
6355 17200
6356 37920
6357 32617
6358 37920
6359 25386
6360 54072
6361 17185
6362 39988
6363 37920
6364 25355
6365 37920
6366 37920
6367 25370
6368 37920
6369 25371
6370 37920
6371 25371
6372 37920
6373 37920
6374 37920
6375 25370
6376 37224
6377 25370
6378 28521
6379 26385
6380 28521
6381 25370
6382 37920
6383 25370
6384 37920
6385 37944
6386 37921
6387 50077
6388 17185
6389 40292
6390 39972
6391 25434
6392 5473
6393 25419
6394 25371
6395 25434
6396 25370
6397 5473
6398 39984
6399 25370
6400 25370
6401 54029
6402 25419
6403 25434
6404 49821
6405 23913
6406 49929
6407 10900
6408 25370
6409 60032
6410 49821
6411 49821
6412 49821
6413 27264
6414 25355
6415 40292
6416 25370
6417 37920
6418 25370
6419 25370
6420 25370
6421 28513
6422 53917
6423 25370
6424 30573
6425 17184
6426 25370
6427 25370
6428 28449
6429 25434
6430 49821
6431 63341
6432 55081
6433 25370
6434 37156
6435 37936
6436 58168
6437 54048
6438 39968
6439 58155
6440 27280
6441 37920
6442 49821
6443 28521
6444 25434
6445 58218
6446 40496
6447 25370
6448 54057
6449 25449
6450 39480
6451 37920
6452 49812
6453 37924
6454 25451
6455 25370
6456 25449
6457 25370
6458 26473
6459 25451
6460 49812
6461 37920
6462 28489
6463 56097
6464 37920
6465 27264
6466 25370
6467 49821
6468 25376
6469 61281
6470 37920
6471 37920
6472 38241
6473 63264
6474 25370
6475 26411
6476 25370
6477 27264
6478 28641
6479 37928
6480 28481
6481 54328
6482 50077
6483 49821
6484 28457
6485 26473
6486 28521
6487 49821
6488 25418
6489 61289
6490 37688
6491 37920
6492 25370
6493 54056
6494 25417
6495 54056
6496 25370
6497 25451
6498 26473
6499 37672
6500 39972
6501 25370
6502 25370
6503 36920
6504 25354
6505 59258
6506 25370
6507 59241
6508 30573
6509 28481
6510 37920
6511 27265
6512 25370
6513 25370
6514 37920
6515 37920
6516 55080
6517 25370
6518 28481
6519 37920
6520 58144
6521 49952
6522 25419
6523 25354
6524 25370
6525 25360
6526 25416
6527 37920
6528 5473
6529 37920
6530 37920
6531 37920
6532 37944
6533 25370
6534 65385
6535 26473
6536 38688
6537 28545
6538 25370
6539 27264
6540 54072
6541 54052
6542 38689
6543 25370
6544 58155
6545 37920
6546 25355
6547 38689
6548 27265
6549 37920
6550 39968
6551 37920
6552 28545
6553 38704
6554 37920
6555 37920
6556 37920
6557 54056
6558 37920
6559 28545
6560 27393
6561 28545
6562 37920
6563 37920
6564 37920
6565 26394
6566 39992
6567 55096
6568 25370
6569 37920
6570 59177
6571 37944
6572 49821
6573 37920
6574 25370
6575 37920
6576 25451
6577 40508
6578 49952
6579 40225
6580 5473
6581 25370
6582 28641
6583 25370
6584 37920
6585 37920
6586 25370
6587 37920
6588 2848
6589 37920
6590 17192
6591 37920
6592 25347
6593 37920
6594 5473
6595 19208
6596 49821
6597 25370
6598 58269
6599 37920
6600 40508
6601 38696
6602 25418
6603 49821
6604 39968
6605 37920
6606 872
6607 25368
6608 37944
6609 37920
6610 25370
6611 37920
6612 5473
6613 25370
6614 26473
6615 39968
6616 19088
6617 25370
6618 25371
6619 25400
6620 49821
6621 49821
6622 25403
6623 37920
6624 49565
6625 54045
6626 25371
6627 59258
6628 17169
6629 25354
6630 38241
6631 27280
6632 49821
6633 37920
6634 25370
6635 39480
6636 49821
6637 49821
6638 27265
6639 58136
6640 25370
6641 26473
6642 25368
6643 37920
6644 36916
6645 27264
6646 61289
6647 25370
6648 37920
6649 28521
6650 28521
6651 27264
6652 25370
6653 28521
6654 27497
6655 25370
6656 19200
6657 49821
6658 37920
6659 37920
6660 8986
6661 26411
6662 5473
6663 25370
6664 51856
6665 37920
6666 28521
6667 40745
6668 56097
6669 32617
6670 49953
6671 28521
6672 54049
6673 37920
6674 58139
6675 25384
6676 25449
6677 50077
6678 25354
6679 49821
6680 37920
6681 28521
6682 25370
6683 25370
6684 37920
6685 27264
6686 824
6687 37920
6688 37920
6689 39968
6690 37920
6691 65385
6692 26411
6693 49514
6694 25377
6695 32617
6696 33592
6697 27465
6698 49952
6699 25370
6700 28521
6701 25370
6702 54049
6703 37688
6704 25346
6705 19241
6706 25370
6707 37920
6708 27280
6709 37920
6710 37920
6711 25370
6712 37920
6713 28609
6714 25354
6715 54044
6716 37920
6717 25355
6718 60193
6719 49821
6720 39996
6721 7524
6722 25370
6723 25387
6724 28577
6725 25418
6726 37920
6727 37920
6728 39972
6729 25370
6730 25370
6731 25370
6732 65385
6733 25370
6734 37920
6735 58155
6736 37920
6737 25434
6738 26473
6739 25370
6740 37924
6741 26473
6742 27265
6743 37920
6744 37920
6745 37920
6746 37920
6747 37920
6748 25370
6749 26394
6750 37920
6751 58154
6752 25370
6753 28513
6754 39984
6755 37920
6756 5473
6757 37672
6758 25449
6759 25370
6760 37920
6761 39972
6762 25418
6763 37920
6764 56864
6765 37944
6766 58154
6767 37920
6768 54056
6769 39992
6770 40480
6771 37152
6772 39972
6773 25370
6774 37920
6775 28609
6776 37689
6777 28641
6778 37920
6779 37920
6780 37688
6781 37920
6782 37920
6783 17173
6784 25449
6785 28521
6786 37920
6787 37920
6788 37920
6789 37920
6790 25434
6791 38176
6792 25370
6793 62240
6794 61409
6795 37920
6796 54056
6797 37920
6798 58152
6799 25370
6800 37920
6801 25370
6802 37920
6803 28609
6804 25370
6805 37928
6806 40504
6807 37920
6808 25370
6809 37928
6810 54049
6811 37920
6812 37920
6813 50077
6814 54056
6815 19240
6816 25371
6817 25370
6818 49821
6819 26385
6820 40496
6821 59179
6822 4896
6823 59169
6824 53564
6825 25370
6826 37924
6827 37920
6828 39472
6829 54072
6830 25370
6831 49952
6832 38176
6833 50068
6834 58155
6835 25370
6836 27264
6837 49821
6838 37920
6839 39972
6840 37948
6841 49821
6842 39992
6843 40504
6844 25371
6845 49821
6846 872
6847 25370
6848 58155
6849 39968
6850 19224
6851 25362
6852 25370
6853 49821
6854 19072
6855 25370
6856 37920
6857 49821
6858 25370
6859 5473
6860 37920
6861 38177
6862 25370
6863 25370
6864 39972
6865 28457
6866 58170
6867 49821
6868 51968
6869 27425
6870 25355
6871 60032
6872 27265
6873 51000
6874 25448
6875 49821
6876 37920
6877 58152
6878 27264
6879 37920
6880 26473
6881 56097
6882 37920
6883 15004
6884 37920
6885 49821
6886 37920
6887 26473
6888 25417
6889 49920
6890 37944
6891 37920
6892 28521
6893 39984
6894 39480
6895 38184
6896 28449
6897 37920
6898 58144
6899 37920
6900 49821
6901 28641
6902 54048
6903 37920
6904 37920
6905 28521
6906 38688
6907 61281
6908 37672
6909 28521
6910 28513
6911 28641
6912 28641
6913 28609
6914 39980
6915 54840
6916 26419
6917 10908
6918 26400
6919 30569
6920 37920
6921 37920
6922 37920
6923 25370
6924 25370
6925 25434
6926 26473
6927 26473
6928 49920
6929 39968
6930 37920
6931 26411
6932 25371
6933 26473
6934 54840
6935 39992
6936 37920
6937 38696
6938 37920
6939 39972
6940 37920
6941 37920
6942 39972
6943 25370
6944 37920
6945 27424
6946 37932
6947 38688
6948 5473
6949 5473
6950 27264
6951 37920
6952 37688
6953 37920
6954 38177
6955 25370
6956 25418
6957 25371
6958 37920
6959 39976
6960 25370
6961 40504
6962 37920
6963 49976
6964 39972
6965 37924
6966 25370
6967 37920
6968 37920
6969 37920
6970 39972
6971 25370
6972 40744
6973 39972
6974 19232
6975 27264
6976 27457
6977 37672
6978 40481
6979 28513
6980 37920
6981 37920
6982 58122
6983 5473
6984 39972
6985 25370
6986 39968
6987 53557
6988 37920
6989 37920
6990 25419
6991 37920
6992 53268
6993 37920
6994 25370
6995 53300
6996 37920
6997 38241
6998 25370
6999 65385
7000 25355
7001 25370
7002 37920
7003 37920
7004 37672
7005 25370
7006 39988
7007 58153
7008 25370
7009 27521
7010 25370
7011 37920
7012 25370
7013 25370
7014 39972
7015 25371
7016 54173
7017 25434
7018 10900
7019 32617
7020 49961
7021 37920
7022 49821
7023 49821
7024 37920
7025 37924
7026 25370
7027 49976
7028 58186
7029 49821
7030 864
7031 25370
7032 37920
7033 37920
7034 25379
7035 25370
7036 60032
7037 58241
7038 25370
7039 25385
7040 58155
7041 49821
7042 37920
7043 39996
7044 26473
7045 27264
7046 37920
7047 25370
7048 38432
7049 37672
7050 37920
7051 58234
7052 37920
7053 25370
7054 25370
7055 54052
7056 25368
7057 49813
7058 37921
7059 37920
7060 57120
7061 49821
7062 28641
7063 26473
7064 39972
7065 37920
7066 37920
7067 37920
7068 27280
7069 28545
7070 28641
7071 25370
7072 62248
7073 40504
7074 37920
7075 19092
7076 52000
7077 25434
7078 25370
7079 25344
7080 58241
7081 26473
7082 5473
7083 28489
7084 37920
7085 49821
7086 27264
7087 49821
7088 40232
7089 26409
7090 25370
7091 53917
7092 54016
7093 27264
7094 28641
7095 49821
7096 37920
7097 27264
7098 28489
7099 37920
7100 52008
7101 37920
7102 39968
7103 37920
7104 25379
7105 40484
7106 27264
7107 39972
7108 38696
7109 58145
7110 5473
7111 28545
7112 37920
7113 26394
7114 49821
7115 40500
7116 25449
7117 37920
7118 27264
7119 27264
7120 37920
7121 38696
7122 5473
7123 37920
7124 25434
7125 25371
7126 37920
7127 28513
7128 37920
7129 37920
7130 28521
7131 37920
7132 28521
7133 37920
7134 25370
7135 25371
7136 40504
7137 55080
7138 37944
7139 37920
7140 58152
7141 37944
7142 38180
7143 37920
7144 54056
7145 37920
7146 37920
7147 25370
7148 5473
7149 5473
7150 37920
7151 25450
7152 37920
7153 25370
7154 25370
7155 25370
7156 25370
7157 25370
7158 54056
7159 37668
7160 37920
7161 39988
7162 37928
7163 25371
7164 25449
7165 37920
7166 25450
7167 37920
7168 25370
7169 17192
7170 25369
7171 37920
7172 25384
7173 25370
7174 25355
7175 37920
7176 37920
7177 39972
7178 25370
7179 27265
7180 25352
7181 37920
7182 37944
7183 37920
7184 30573
7185 25370
7186 37920
7187 25370
7188 37920
7189 25449
7190 49514
7191 39972
7192 25370
7193 25355
7194 37920
7195 38241
7196 37176
7197 38200
7198 25377
7199 54032
7200 56864
7201 25370
7202 28577
7203 37920
7204 53916
7205 25370
7206 58155
7207 37920
7208 26473
7209 58152
7210 49821
7211 27280
7212 49821
7213 27264
7214 25370
7215 49821
7216 39972
7217 37920
7218 55096
7219 58218
7220 37920
7221 39984
7222 58112
7223 27424
7224 19092
7225 25360
7226 25370
7227 28641
7228 49821
7229 49960
7230 25371
7231 5473
7232 37920
7233 25370
7234 25370
7235 39972
7236 25371
7237 37160
7238 58245
7239 27264
7240 28521
7241 28513
7242 27264
7243 25449
7244 2840
7245 25385
7246 25370
7247 17209
7248 25377
7249 27264
7250 50077
7251 49821
7252 27265
7253 39972
7254 37920
7255 25371
7256 27264
7257 50976
7258 53788
7259 54328
7260 28521
7261 37920
7262 49821
7263 25370
7264 28521
7265 37920
7266 27264
7267 8977
7268 61281
7269 37920
7270 26473
7271 38176
7272 27521
7273 37920
7274 28481
7275 26411
7276 28521
7277 37920
7278 37920
7279 25370
7280 37920
7281 37920
7282 37920
7283 28609
7284 27419
7285 19225
7286 38176
7287 49821
7288 37920
7289 27264
7290 26473
7291 25417
7292 27280
7293 25434
7294 57707
7295 37920
7296 57707
7297 26409
7298 28521
7299 37920
7300 25370
7301 49821
7302 55080
7303 8986
7304 37920
7305 37920
7306 28577
7307 61281
7308 27424
7309 25370
7310 39968
7311 26403
7312 2848
7313 37920
7314 37928
7315 54328
7316 37920
7317 49961
7318 27265
7319 54056
7320 37920
7321 37920
7322 40484
7323 5473
7324 37920
7325 5473
7326 37920
7327 37924
7328 49978
7329 28481
7330 37920
7331 800
7332 49821
7333 5473
7334 37920
7335 58152
7336 37920
7337 39972
7338 25450
7339 28641
7340 37920
7341 37920
7342 28641
7343 37920
7344 25379
7345 28545
7346 25370
7347 54056
7348 37920
7349 25450
7350 37920
7351 37920
7352 25370
7353 37920
7354 25370
7355 19248
7356 17044
7357 37920
7358 40233
7359 37920
7360 40228
7361 28545
7362 40496
7363 25370
7364 39972
7365 37920
7366 37920
7367 37924
7368 37920
7369 17185
7370 25434
7371 37920
7372 5473
7373 37920
7374 25370
7375 37920
7376 26369
7377 40508
7378 37920
7379 25370
7380 39972
7381 49821
7382 37920
7383 37688
7384 50977
7385 37920
7386 37944
7387 5473
7388 49812
7389 53916
7390 26473
7391 10896
7392 37920
7393 49821
7394 7524
7395 25371
7396 37920
7397 40504
7398 39968
7399 49821
7400 49821
7401 37664
7402 27264
7403 27264
7404 49821
7405 26409
7406 28641
7407 37920
7408 25370
7409 54057
7410 25370
7411 37920
7412 59241
7413 25370
7414 53908
7415 37920
7416 28641
7417 37920
7418 37920
7419 58144
7420 26473
7421 37920
7422 25370
7423 5473
7424 25402
7425 25370
7426 37920
7427 55080
7428 27265
7429 37920
7430 52009
7431 49821
7432 37920
7433 28545
7434 37920
7435 37920
7436 37920
7437 49821
7438 26473
7439 39972
7440 37920
7441 58154
7442 25371
7443 25450
7444 26411
7445 49821
7446 37920
7447 37920
7448 37920
7449 40508
7450 37920
7451 37920
7452 54060
7453 17176
7454 54072
7455 27497
7456 49821
7457 19092
7458 25370
7459 49821
7460 54328
7461 25371
7462 25384
7463 37924
7464 28521
7465 25451
7466 5473
7467 27264
7468 37920
7469 25451
7470 27265
7471 25449
7472 27264
7473 55080
7474 39472
7475 37920
7476 49960
7477 37920
7478 39972
7479 28641
7480 37920
7481 64288
7482 37920
7483 28513
7484 28641
7485 59241
7486 39976
7487 37920
7488 54840
7489 39972
7490 39988
7491 37920
7492 25371
7493 39968
7494 37924
7495 39968
7496 5473
7497 40496
7498 28545
7499 25370
7500 25370
7501 25370
7502 54072
7503 38688
7504 37920
7505 32621
7506 37432
7507 28641
7508 37920
7509 37920
7510 39472
7511 25434
7512 17185
7513 49960
7514 39968
7515 28513
7516 49953
7517 40508
7518 25449
7519 37672
7520 25449
7521 49978
7522 37920
7523 2840
7524 37920
7525 37920
7526 25370
7527 25370
7528 27465
7529 37920
7530 37920
7531 25370
7532 38241
7533 53916
7534 37920
7535 4896
7536 37920
7537 37920
7538 37920
7539 37920
7540 53308
7541 40500
7542 52001
7543 37920
7544 25370
7545 25360
7546 37920
7547 39712
7548 25370
7549 37920
7550 37920
7551 59179
7552 37920
7553 49813
7554 25371
7555 39984
7556 37924
7557 49976
7558 7524
7559 25370
7560 25370
7561 37944
7562 25370
7563 39972
7564 37920
7565 27264
7566 25370
7567 49821
7568 37920
7569 25402
7570 49821
7571 37920
7572 27284
7573 49821
7574 49821
7575 37920
7576 50077
7577 25370
7578 49812
7579 37664
7580 38689
7581 28641
7582 25466
7583 39480
7584 19248
7585 25370
7586 25377
7587 27264
7588 25370
7589 37920
7590 49821
7591 28521
7592 37920
7593 37920
7594 25379
7595 17208
7596 58152
7597 25449
7598 53557
7599 58145
7600 37920
7601 19233
7602 37920
7603 58145
7604 27264
7605 28521
7606 37920
7607 49514
7608 37920
7609 54173
7610 25370
7611 49821
7612 40292
7613 58218
7614 49821
7615 25370
7616 28521
7617 39980
7618 28521
7619 37920
7620 37920
7621 37920
7622 38200
7623 27265
7624 25370
7625 26473
7626 25451
7627 37944
7628 25370
7629 37920
7630 37928
7631 28521
7632 58112
7633 37944
7634 5473
7635 28489
7636 53908
7637 40228
7638 54072
7639 25416
7640 37921
7641 40504
7642 28521
7643 37920
7644 37920
7645 27553
7646 27488
7647 25370
7648 25370
7649 28521
7650 25370
7651 25384
7652 37920
7653 25370
7654 23913
7655 26473
7656 25370
7657 40292
7658 25370
7659 37920
7660 26411
7661 49961
7662 49953
7663 26473
7664 39992
7665 37920
7666 37921
7667 25370
7668 37920
7669 27432
7670 25449
7671 25371
7672 37920
7673 37920
7674 37920
7675 25370
7676 17208
7677 38200
7678 37920
7679 28545
7680 28448
7681 25418
7682 25434
7683 54072
7684 2849
7685 37920
7686 25402
7687 55073
7688 2856
7689 37924
7690 37920
7691 39972
7692 38696
7693 37920
7694 37920
7695 37920
7696 37920
7697 25370
7698 37920
7699 37944
7700 28641
7701 39968
7702 37920
7703 26369
7704 37928
7705 37920
7706 25370
7707 17208
7708 37920
7709 58234
7710 25370
7711 25387
7712 25370
7713 5473
7714 25434
7715 37924
7716 37920
7717 38436
7718 58154
7719 25370
7720 39480
7721 25370
7722 37920
7723 25434
7724 37920
7725 55080
7726 37920
7727 25370
7728 49977
7729 25370
7730 25386
7731 37924
7732 37920
7733 39968
7734 25370
7735 37920
7736 25386
7737 25370
7738 25370
7739 37924
7740 27264
7741 25370
7742 53917
7743 25371
7744 39996
7745 52008
7746 49812
7747 25370
7748 26385
7749 7524
7750 37920
7751 39972
7752 37920
7753 26473
7754 37924
7755 37920
7756 37920
7757 37920
7758 27264
7759 25370
7760 25363
7761 25434
7762 25370
7763 25370
7764 19088
7765 49820
7766 37928
7767 37924
7768 37920
7769 40228
7770 50073
7771 25370
7772 17208
7773 58168
7774 37920
7775 25370
7776 37920
7777 25354
7778 37672
7779 25370
7780 25370
7781 25370
7782 49821
7783 49821
7784 54173
7785 28521
7786 37920
7787 39968
7788 37920
7789 28545
7790 25370
7791 28521
7792 37924
7793 58218
7794 58121
7795 37920
7796 37920
7797 25370
7798 58218
7799 25370
7800 37920
7801 25370
7802 53557
7803 25370
7804 39968
7805 30573
7806 37920
7807 37920
7808 25371
7809 872
7810 58234
7811 25370
7812 59241
7813 37920
7814 37920
7815 49940
7816 54048
7817 28521
7818 32621
7819 37920
7820 28513
7821 26473
7822 37920
7823 28521
7824 54024
7825 39988
7826 37920
7827 28521
7828 28489
7829 25344
7830 54173
7831 37920
7832 38696
7833 37920
7834 37920
7835 37920
7836 25370
7837 37920
7838 39968
7839 28521
7840 65385
7841 26411
7842 49821
7843 37920
7844 25371
7845 25370
7846 39968
7847 25370
7848 25434
7849 37920
7850 37920
7851 19233
7852 40737
7853 26385
7854 37920
7855 25434
7856 37920
7857 38452
7858 37920
7859 5473
7860 38177
7861 37920
7862 58138
7863 38712
7864 38241
7865 26473
7866 38241
7867 39996
7868 39988
7869 25370
7870 37928
7871 37920
7872 37920
7873 37920
7874 37920
7875 37920
7876 37920
7877 37920
7878 40736
7879 25434
7880 37920
7881 37920
7882 37920
7883 25434
7884 39968
7885 55840
7886 27393
7887 37920
7888 37920
7889 25370
7890 37920
7891 37920
7892 38688
7893 61409
7894 37920
7895 37920
7896 25370
7897 37920
7898 26419
7899 37920
7900 37924
7901 49821
7902 25434
7903 37944
7904 60160
7905 25370
7906 50077
7907 58155
7908 25353
7909 49821
7910 25370
7911 25370
7912 25434
7913 40224
7914 25370
7915 25370
7916 19240
7917 52001
7918 37920
7919 27264
7920 49821
7921 19216
7922 49821
7923 27264
7924 25369
7925 25370
7926 17160
7927 17193
7928 25386
7929 39972
7930 25371
7931 27425
7932 5473
7933 37920
7934 28513
7935 25387
7936 19092
7937 25370
7938 65377
7939 54173
7940 37920
7941 25370
7942 28513
7943 37920
7944 25370
7945 27264
7946 37920
7947 28521
7948 38180
7949 5473
7950 37920
7951 27264
7952 49514
7953 25387
7954 27280
7955 54056
7956 25370
7957 37920
7958 4920
7959 25370
7960 25370
7961 27280
7962 25370
7963 25371
7964 25370
7965 27264
7966 25370
7967 25354
7968 25370
7969 28521
7970 27424
7971 37920
7972 49821
7973 19092
7974 49821
7975 27264
7976 37920
7977 25370
7978 58120
7979 25370
7980 25371
7981 38689
7982 25371
7983 25353
7984 26473
7985 39992
7986 5473
7987 25370
7988 58144
7989 37920
7990 54072
7991 37920
7992 26475
7993 37920
7994 37920
7995 28521
7996 37928
7997 37920
7998 5473
7999 17044
8000 37920
8001 37688
8002 39988
8003 28481
8004 54173
8005 25400
8006 37920
8007 37924
8008 37928
8009 17210
8010 38177
8011 17176
8012 37920
8013 39472
8014 37920
8015 37920
8016 37920
8017 25370
8018 27520
8019 37672
8020 5473
8021 25352
8022 37920
8023 27265
8024 37920
8025 25370
8026 5473
8027 39968
8028 37920
8029 54049
8030 8977
8031 37944
8032 37920
8033 25387
8034 37920
8035 37944
8036 25370
8037 37948
8038 38184
8039 54840
8040 5473
8041 25370
8042 37920
8043 28521
8044 27419
8045 25370
8046 37920
8047 37920
8048 27264
8049 25370
8050 25379
8051 40508
8052 8977
8053 50077
8054 37920
8055 50077
8056 25387
8057 37920
8058 54040
8059 25370
8060 58170
8061 25370
8062 25418
8063 28609
8064 25370
8065 37920
8066 27264
8067 40508
8068 27553
8069 25370
8070 49813
8071 27264
8072 27280
8073 25370
8074 37920
8075 26473
8076 5473
8077 54056
8078 25353
8079 28521
8080 49953
8081 25370
8082 37920
8083 50077
8084 37920
8085 37920
8086 25370
8087 28513
8088 37920
8089 25384
8090 17192
8091 37920
8092 37944
8093 25370
8094 49821
8095 25384
8096 25370
8097 56096
8098 37920
8099 37920
8100 37920
8101 27280
8102 37920
8103 39456
8104 37920
8105 49952
8106 49978
8107 27264
8108 26409
8109 26441
8110 25370
8111 38176
8112 26401
8113 19232
8114 25370
8115 26473
8116 39972
8117 25370
8118 37920
8119 28521
8120 49960
8121 39968
8122 59241
8123 39972
8124 37920
8125 37920
8126 39996
8127 38241
8128 37920
8129 56864
8130 28521
8131 49961
8132 26400
8133 10900
8134 37920
8135 28545
8136 5473
8137 49821
8138 49821
8139 37920
8140 37920
8141 37920
8142 25371
8143 37920
8144 32617
8145 28521
8146 25440
8147 37920
8148 37672
8149 55080
8150 37920
8151 55080
8152 37920
8153 25370
8154 26419
8155 25434
8156 27521
8157 37920
8158 25353
8159 49976
8160 37920
8161 37944
8162 26401
8163 25386
8164 5473
8165 37920
8166 37920
8167 25354
8168 27264
8169 25370
8170 37920
8171 50077
8172 26411
8173 37920
8174 37920
8175 37920
8176 37944
8177 37920
8178 37920
8179 54048
8180 37920
8181 37920
8182 58123
8183 25370
8184 40736
8185 28641
8186 25370
8187 37920
8188 39972
8189 37920
8190 25355
8191 25451
8192 55080
8193 25451
8194 40504
8195 37920
8196 59258
8197 37920
8198 32621
8199 53917
8200 37920
8201 25370
8202 49812
8203 54056
8204 17184
8205 17308
8206 26411
8207 28641
8208 37920
8209 49944
8210 25402
8211 49821
8212 25370
8213 52001
8214 37920
8215 27457
8216 49821
8217 39996
8218 49976
8219 38176
8220 25354
8221 37920
8222 17176
8223 36916
8224 27264
8225 25371
8226 49821
8227 8986
8228 38688
8229 27264
8230 27264
8231 59179
8232 5473
8233 25449
8234 19216
8235 26474
8236 25370
8237 37920
8238 2840
8239 37928
8240 37928
8241 25370
8242 39480
8243 19233
8244 39968
8245 37920
8246 19232
8247 17184
8248 37940
8249 25370
8250 37940
8251 37920
8252 25370
8253 53917
8254 32617
8255 37920
8256 37920
8257 37920
8258 25355
8259 25370
8260 49821
8261 19233
8262 25370
8263 54173
8264 26473
8265 55081
8266 19240
8267 53560
8268 25370
8269 27280
8270 54072
8271 50077
8272 25449
8273 27264
8274 59169
8275 25354
8276 28521
8277 25449
8278 40228
8279 39996
8280 62248
8281 28641
8282 39712
8283 27393
8284 39972
8285 37944
8286 65313
8287 53525
8288 58144
8289 37921
8290 37921
8291 58139
8292 25370
8293 8986
8294 40232
8295 37688
8296 37920
8297 49961
8298 37920
8299 61281
8300 37920
8301 39988
8302 39972
8303 25370
8304 37920
8305 25370
8306 37920
8307 25370
8308 26474
8309 49976
8310 37920
8311 25370
8312 38696
8313 37920
8314 25370
8315 37920
8316 25370
8317 37920
8318 28577
8319 39992
8320 40504
8321 37944
8322 37920
8323 37944
8324 25448
8325 37920
8326 25418
8327 37920
8328 37920
8329 37920
8330 49952
8331 40504
8332 17208
8333 54052
8334 58154
8335 28641
8336 25384
8337 49952
8338 37920
8339 52001
8340 37924
8341 28449
8342 800
8343 26473
8344 49969
8345 25370
8346 54056
8347 39988
8348 57129
8349 56097
8350 54072
8351 37920
8352 37920
8353 39972
8354 27265
8355 37920
8356 27265
8357 25370
8358 37920
8359 25416
8360 26473
8361 49821
8362 37688
8363 54072
8364 37920
8365 53917
8366 25434
8367 37920
8368 28545
8369 54072
8370 37920
8371 27419
8372 37920
8373 49960
8374 54173
8375 37928
8376 37944
8377 37920
8378 49952
8379 59179
8380 54037
8381 49564
8382 37924
8383 49821
8384 49821
8385 49949
8386 27264
8387 39996
8388 25370
8389 28481
8390 37432
8391 25355
8392 37665
8393 38241
8394 49821
8395 25371
8396 49813
8397 26473
8398 49821
8399 37928
8400 37920
8401 39988
8402 37944
8403 25417
8404 37920
8405 25353
8406 25370
8407 28521
8408 37920
8409 58155
8410 27393
8411 37920
8412 28521
8413 27457
8414 37920
8415 38241
8416 38200
8417 28521
8418 39968
8419 37920
8420 61281
8421 25353
8422 52000
8423 37920
8424 49821
8425 39972
8426 49821
8427 39972
8428 37920
8429 28513
8430 52000
8431 38241
8432 25377
8433 59241
8434 25384
8435 25370
8436 49949
8437 28641
8438 50016
8439 25370
8440 37920
8441 5473
8442 49821
8443 25370
8444 25370
8445 37920
8446 28521
8447 25370
8448 25370
8449 54032
8450 5473
8451 53917
8452 28513
8453 25370
8454 26441
8455 58145
8456 25370
8457 37920
8458 19232
8459 37920
8460 25370
8461 37920
8462 40480
8463 37920
8464 28577
8465 25370
8466 50077
8467 39996
8468 25370
8469 37920
8470 37920
8471 5473
8472 37924
8473 37920
8474 25347
8475 28641
8476 28545
8477 27265
8478 37944
8479 39968
8480 40484
8481 39968
8482 37920
8483 58218
8484 37920
8485 37920
8486 28489
8487 37920
8488 37920
8489 25419
8490 37920
8491 37920
8492 49953
8493 39988
8494 54056
8495 38200
8496 37920
8497 37920
8498 25370
8499 39972
8500 25370
8501 25370
8502 37920
8503 37920
8504 37920
8505 26473
8506 19092
8507 25370
8508 49821
8509 54173
8510 37920
8511 25368
8512 19088
8513 54328
8514 25370
8515 28641
8516 27424
8517 19088
8518 27284
8519 2848
8520 58218
8521 28457
8522 37920
8523 37920
8524 25384
8525 37920
8526 37920
8527 54040
8528 25370
8529 37665
8530 25370
8531 37920
8532 19233
8533 49940
8534 28521
8535 26473
8536 37920
8537 37920
8538 25370
8539 37920
8540 40228
8541 58234
8542 53308
8543 26419
8544 40508
8545 25370
8546 19088
8547 37920
8548 37920
8549 25370
8550 26419
8551 37920
8552 38200
8553 50077
8554 61281
8555 26473
8556 58145
8557 37924
8558 49944
8559 25434
8560 25370
8561 37920
8562 28521
8563 37920
8564 25370
8565 57129
8566 37920
8567 37920
8568 27264
8569 58154
8570 25369
8571 54049
8572 39972
8573 37920
8574 37924
8575 39456
8576 37920
8577 26394
8578 37920
8579 25370
8580 25370
8581 25402
8582 37940
8583 39480
8584 17177
8585 28521
8586 37920
8587 54173
8588 25385
8589 5473
8590 28513
8591 37928
8592 25418
8593 58144
8594 25370
8595 5473
8596 37920
8597 5473
8598 25450
8599 37920
8600 40504
8601 40484
8602 25449
8603 39992
8604 37920
8605 37920
8606 25354
8607 37920
8608 5473
8609 37920
8610 37928
8611 39972
8612 25370
8613 53556
8614 37920
8615 39996
8616 25370
8617 37920
8618 39984
8619 54056
8620 39968
8621 37924
8622 25417
8623 25368
8624 25370
8625 25370
8626 39988
8627 37920
8628 25466
8629 28481
8630 37920
8631 5473
8632 37920
8633 37920
8634 39988
8635 37920
8636 25370
8637 37920
8638 17177
8639 39972
8640 49821
8641 50077
8642 25370
8643 37920
8644 49976
8645 37920
8646 37920
8647 25451
8648 59168
8649 17173
8650 53917
8651 37920
8652 27264
8653 37920
8654 37920
8655 37672
8656 58269
8657 19088
8658 27465
8659 25402
8660 37920
8661 37672
8662 25368
8663 25376
8664 53908
8665 25434
8666 37924
8667 37920
8668 37920
8669 37920
8670 37436
8671 37672
8672 25370
8673 25370
8674 55097
8675 37920
8676 49821
8677 37920
8678 25370
8679 27284
8680 58218
8681 57120
8682 25370
8683 17181
8684 49920
8685 37920
8686 53917
8687 61289
8688 25370
8689 37920
8690 37920
8691 25361
8692 37920
8693 27424
8694 25370
8695 28513
8696 37920
8697 37920
8698 63341
8699 37920
8700 25451
8701 54044
8702 37920
8703 59169
8704 25370
8705 37920
8706 37920
8707 28521
8708 54076
8709 28641
8710 28521
8711 27497
8712 25370
8713 25370
8714 25370
8715 28489
8716 27521
8717 25370
8718 26387
8719 25370
8720 25418
8721 28577
8722 27392
8723 37920
8724 37928
8725 37920
8726 37920
8727 37920
8728 37920
8729 37920
8730 28609
8731 5473
8732 37920
8733 37920
8734 25370
8735 39996
8736 54072
8737 25371
8738 25386
8739 19200
8740 37920
8741 37920
8742 39988
8743 25361
8744 25370
8745 39972
8746 37920
8747 19201
8748 37920
8749 25371
8750 33592
8751 37920
8752 37920
8753 37920
8754 39980
8755 37920
8756 39224
8757 55080
8758 25449
8759 37920
8760 27264
8761 824
8762 38689
8763 39992
8764 37920
8765 37920
8766 37920
8767 37920
8768 37920
8769 37920
8770 37665
8771 27489
8772 27280
8773 7524
8774 2840
8775 37920
8776 37920
8777 39972
8778 37920
8779 25370
8780 37920
8781 49821
8782 49821
8783 37944
8784 37924
8785 37920
8786 27264
8787 49978
8788 25371
8789 40292
8790 25450
8791 38176
8792 25370
8793 28521
8794 37920
8795 27264
8796 49812
8797 49821
8798 28513
8799 40292
8800 40233
8801 54048
8802 39972
8803 38176
8804 5473
8805 25370
8806 25370
8807 17169
8808 37924
8809 26473
8810 39972
8811 32617
8812 37920
8813 38712
8814 37920
8815 38177
8816 55096
8817 37920
8818 37920
8819 59258
8820 37920
8821 37920
8822 27401
8823 59258
8824 37920
8825 25387
8826 37920
8827 25370
8828 37920
8829 39972
8830 17184
8831 38200
8832 37920
8833 37920
8834 40292
8835 55096
8836 28521
8837 37945
8838 37920
8839 58219
8840 37920
8841 25354
8842 17184
8843 28521
8844 37920
8845 37944
8846 37944
8847 37920
8848 39972
8849 37920
8850 59176
8851 37920
8852 54056
8853 37920
8854 28449
8855 25370
8856 5473
8857 37920
8858 40496
8859 36921
8860 37920
8861 54056
8862 40292
8863 38177
8864 37920
8865 37928
8866 39996
8867 28641
8868 39472
8869 2840
8870 37920
8871 37920
8872 37920
8873 39992
8874 37920
8875 40508
8876 37920
8877 37688
8878 37920
8879 25353
8880 37928
8881 54173
8882 25434
8883 37920
8884 28513
8885 25370
8886 49821
8887 27264
8888 39984
8889 37920
8890 37920
8891 38200
8892 40228
8893 28521
8894 50077
8895 37920
8896 37920
8897 25370
8898 39968
8899 25371
8900 27264
8901 39972
8902 40292
8903 37920
8904 25434
8905 59258
8906 25363
8907 37920
8908 49821
8909 37920
8910 49564
8911 5473
8912 27520
8913 37920
8914 37920
8915 5473
8916 49821
8917 28521
8918 37920
8919 63337
8920 37672
8921 25370
8922 37920
8923 37920
8924 8986
8925 37920
8926 5473
8927 49821
8928 25370
8929 49952
8930 58155
8931 37920
8932 61217
8933 28521
8934 38176
8935 37920
8936 37920
8937 39480
8938 25385
8939 25376
8940 39968
8941 58144
8942 49952
8943 37920
8944 40508
8945 55841
8946 37920
8947 27264
8948 54016
8949 37920
8950 27265
8951 28521
8952 55080
8953 37920
8954 58144
8955 27392
8956 26473
8957 65385
8958 37920
8959 37920
8960 40481
8961 26395
8962 28545
8963 25370
8964 37920
8965 37920
8966 25370
8967 27521
8968 25370
8969 39972
8970 37920
8971 53556
8972 37688
8973 58218
8974 37920
8975 37944
8976 37921
8977 37920
8978 39480
8979 49976
8980 27265
8981 39988
8982 28545
8983 37936
8984 49944
8985 25370
8986 37920
8987 37920
8988 37944
8989 37920
8990 37920
8991 25370
8992 39972
8993 19232
8994 37920
8995 25370
8996 50073
8997 37920
8998 37920
8999 37920
9000 25370
9001 37920
9002 37920
9003 37924
9004 58138
9005 27393
9006 39972
9007 37920
9008 49821
9009 25370
9010 25370
9011 39996
9012 37948
9013 39972
9014 37920
9015 37928
9016 39972
9017 27264
9018 25386
9019 27424
9020 54173
9021 40224
9022 37920
9023 39968
9024 37920
9025 50984
9026 55072
9027 28521
9028 37920
9029 53557
9030 37920
9031 37924
9032 37920
9033 25368
9034 37688
9035 39972
9036 39996
9037 37920
9038 39972
9039 25449
9040 58112
9041 28521
9042 37680
9043 27425
9044 37920
9045 27280
9046 49514
9047 25370
9048 49944
9049 28641
9050 28641
9051 40737
9052 25371
9053 26411
9054 39968
9055 27457
9056 37920
9057 37944
9058 872
9059 51985
9060 19240
9061 28521
9062 37920
9063 53788
9064 37920
9065 25353
9066 25387
9067 39972
9068 28521
9069 39972
9070 37920
9071 26411
9072 58145
9073 52000
9074 37920
9075 54112
9076 26474
9077 37920
9078 37924
9079 25370
9080 26387
9081 25418
9082 63273
9083 60192
9084 39992
9085 40232
9086 39972
9087 49820
9088 37920
9089 37920
9090 38712
9091 25370
9092 5473
9093 37920
9094 5473
9095 25386
9096 25370
9097 28449
9098 37920
9099 37944
9100 30569
9101 28545
9102 49952
9103 37920
9104 28545
9105 37920
9106 37920
9107 17176
9108 25370
9109 37920
9110 40504
9111 37920
9112 37920
9113 37920
9114 52001
9115 55072
9116 49820
9117 54072
9118 37920
9119 37920
9120 38180
9121 37920
9122 54328
9123 37944
9124 37928
9125 50077
9126 49821
9127 49821
9128 58152
9129 25370
9130 25344
9131 39968
9132 37920
9133 27264
9134 49812
9135 25448
9136 37920
9137 25370
9138 26473
9139 26473
9140 37920
9141 37920
9142 37920
9143 864
9144 25344
9145 37920
9146 39968
9147 49936
9148 32617
9149 37920
9150 37921
9151 50072
9152 54173
9153 26473
9154 37689
9155 25418
9156 30573
9157 37928
9158 26473
9159 25370
9160 27264
9161 37920
9162 37920
9163 39200
9164 37920
9165 37920
9166 37920
9167 25371
9168 25434
9169 37920
9170 25418
9171 27392
9172 25370
9173 38456
9174 38241
9175 49968
9176 25346
9177 28521
9178 40233
9179 37920
9180 37920
9181 37920
9182 25354
9183 57121
9184 57707
9185 50077
9186 2849
9187 37920
9188 49960
9189 58136
9190 37920
9191 37920
9192 39984
9193 37944
9194 37920
9195 37920
9196 39992
9197 25370
9198 38177
9199 37920
9200 872
9201 25384
9202 37920
9203 37920
9204 39996
9205 40292
9206 17176
9207 37920
9208 19216
9209 37920
9210 37920
9211 25384
9212 37920
9213 37920
9214 28641
9215 37920
9216 39984
9217 40504
9218 54074
9219 5473
9220 37920
9221 39972
9222 37920
9223 25370
9224 27264
9225 53564
9226 27432
9227 37944
9228 49960
9229 51856
9230 49976
9231 50077
9232 37920
9233 53540
9234 25434
9235 37920
9236 49821
9237 37920
9238 26473
9239 54056
9240 37920
9241 25368
9242 37920
9243 19232
9244 28641
9245 37928
9246 25376
9247 54032
9248 37920
9249 54053
9250 39996
9251 49960
9252 39972
9253 37920
9254 37920
9255 25370
9256 25418
9257 38241
9258 39972
9259 27264
9260 5473
9261 37920
9262 27489
9263 25370
9264 55080
9265 17208
9266 27264
9267 37920
9268 49821
9269 39472
9270 6968
9271 37920
9272 28513
9273 37920
9274 58269
9275 54056
9276 37920
9277 27489
9278 37920
9279 27264
9280 39988
9281 25353
9282 26409
9283 39972
9284 39480
9285 37944
9286 37920
9287 37920
9288 40224
9289 37920
9290 27264
9291 28513
9292 37920
9293 28513
9294 28641
9295 39992
9296 39972
9297 37920
9298 37920
9299 37920
9300 37924
9301 54112
9302 2840
9303 28457
9304 25370
9305 37920
9306 40297
9307 37920
9308 54056
9309 37920
9310 49953
9311 25376
9312 28641
9313 28521
9314 37920
9315 25370
9316 25370
9317 37920
9318 25417
9319 25387
9320 40504
9321 25371
9322 37920
9323 5473
9324 39480
9325 37920
9326 50073
9327 49821
9328 37920
9329 37921
9330 19088
9331 5473
9332 37920
9333 37920
9334 37920
9335 54072
9336 37920
9337 54072
9338 37920
9339 37920
9340 37920
9341 54056
9342 37920
9343 25370
9344 49976
9345 28481
9346 26379
9347 58123
9348 37920
9349 39972
9350 37920
9351 37920
9352 39972
9353 40504
9354 25354
9355 49812
9356 25370
9357 19088
9358 37920
9359 37920
9360 57121
9361 37920
9362 49821
9363 37920
9364 39984
9365 27284
9366 19092
9367 38240
9368 55097
9369 5473
9370 37920
9371 37920
9372 17208
9373 50077
9374 37920
9375 25449
9376 57121
9377 25379
9378 54049
9379 49952
9380 37920
9381 25370
9382 28521
9383 19240
9384 37920
9385 25370
9386 27264
9387 28521
9388 25434
9389 37920
9390 26473
9391 37920
9392 26473
9393 17161
9394 39480
9395 37920
9396 30569
9397 25370
9398 39972
9399 30569
9400 27264
9401 25370
9402 37920
9403 37920
9404 37920
9405 37920
9406 58208
9407 8986
9408 25370
9409 28577
9410 37920
9411 37920
9412 49821
9413 37920
9414 25370
9415 25371
9416 28545
9417 37920
9418 37920
9419 37920
9420 37920
9421 25384
9422 37920
9423 25370
9424 37920
9425 37920
9426 37920
9427 37920
9428 37920
9429 37944
9430 5473
9431 40504
9432 25354
9433 39972
9434 37920
9435 37920
9436 36921
9437 37920
9438 37920
9439 39968
9440 39972
9441 39988
9442 37920
9443 49953
9444 25346
9445 17193
9446 25402
9447 38689
9448 37920
9449 37920
9450 25370
9451 37944
9452 25384
9453 50072
9454 37920
9455 37920
9456 25371
9457 37920
9458 25451
9459 38440
9460 25370
9461 37920
9462 37920
9463 17208
9464 17176
9465 49821
9466 37920
9467 25370
9468 39984
9469 37920
9470 38241
9471 37920
9472 37920
9473 5473
9474 37920
9475 37920
9476 25370
9477 39712
9478 39972
9479 39456
9480 49820
9481 28513
9482 37920
9483 27264
9484 25355
9485 7524
9486 5473
9487 40496
9488 25370
9489 49960
9490 26473
9491 28481
9492 37920
9493 27264
9494 58136
9495 49821
9496 39968
9497 54049
9498 37920
9499 25370
9500 37920
9501 37920
9502 54077
9503 49960
9504 37920
9505 37688
9506 37920
9507 27264
9508 39972
9509 54076
9510 26473
9511 58145
9512 25419
9513 64288
9514 27280
9515 25354
9516 27264
9517 26387
9518 53300
9519 26409
9520 25370
9521 25370
9522 50077
9523 37924
9524 55841
9525 62240
9526 49821
9527 59178
9528 56104
9529 25434
9530 25434
9531 25370
9532 27464
9533 28577
9534 5473
9535 37920
9536 37920
9537 37920
9538 37920
9539 39972
9540 40504
9541 27280
9542 37920
9543 37920
9544 25449
9545 54048
9546 5473
9547 50073
9548 37920
9549 37924
9550 7524
9551 40504
9552 37920
9553 17192
9554 37928
9555 37920
9556 37920
9557 28545
9558 25370
9559 7524
9560 37920
9561 37920
9562 37920
9563 25370
9564 37920
9565 40504
9566 25400
9567 28521
9568 55840
9569 37920
9570 37928
9571 37920
9572 39968
9573 50076
9574 54072
9575 19092
9576 40292
9577 27419
9578 5473
9579 37920
9580 37928
9581 58218
9582 25449
9583 49821
9584 25370
9585 37920
9586 37944
9587 58144
9588 37920
9589 37688
9590 37920
9591 37920
9592 37920
9593 37920
9594 25370
9595 37920
9596 37920
9597 27264
9598 37920
9599 27265
9600 28513
9601 25370
9602 5473
9603 39972
9604 8977
9605 37920
9606 28521
9607 17185
9608 37920
9609 49821
9610 5473
9611 49821
9612 57121
9613 58144
9614 37920
9615 28449
9616 872
9617 36921
9618 37920
9619 54328
9620 58218
9621 19233
9622 25353
9623 37920
9624 39968
9625 63337
9626 37920
9627 27489
9628 8977
9629 38176
9630 27264
9631 38456
9632 37920
9633 25370
9634 37940
9635 54049
9636 37920
9637 25385
9638 27393
9639 37920
9640 37920
9641 49960
9642 53908
9643 37920
9644 49821
9645 58216
9646 54173
9647 54044
9648 53540
9649 37920
9650 37920
9651 58218
9652 37920
9653 5473
9654 39972
9655 37688
9656 37920
9657 37920
9658 37924
9659 37920
9660 37920
9661 38436
9662 25368
9663 37664
9664 37944
9665 49928
9666 37920
9667 37920
9668 39972
9669 37920
9670 37944
9671 37920
9672 5473
9673 54072
9674 37920
9675 37920
9676 38188
9677 37920
9678 37920
9679 25370
9680 25417
9681 54016
9682 5473
9683 37920
9684 38180
9685 25418
9686 37920
9687 25434
9688 37920
9689 40292
9690 39968
9691 37920
9692 54072
9693 37920
9694 27464
9695 27424
9696 27264
9697 54077
9698 25370
9699 37920
9700 37920
9701 19088
9702 28545
9703 37920
9704 53276
9705 864
9706 37920
9707 40228
9708 54072
9709 37944
9710 25377
9711 37920
9712 37920
9713 37920
9714 28521
9715 54072
9716 28521
9717 38184
9718 25370
9719 37920
9720 37944
9721 50073
9722 25370
9723 19088
9724 37920
9725 28641
9726 37920
9727 25448
9728 54056
9729 39972
9730 37920
9731 37920
9732 27265
9733 38688
9734 37920
9735 25448
9736 37944
9737 40736
9738 17248
9739 54048
9740 27488
9741 37920
9742 25352
9743 54056
9744 37920
9745 62248
9746 40745
9747 57707
9748 37920
9749 25376
9750 28449
9751 37920
9752 49953
9753 25370
9754 53032
9755 37920
9756 25434
9757 25370
9758 58218
9759 37920
9760 28577
9761 39988
9762 37944
9763 37920
9764 38241
9765 37920
9766 37920
9767 27497
9768 37920
9769 38460
9770 25370
9771 38176
9772 37924
9773 37920
9774 28481
9775 37944
9776 37920
9777 25449
9778 39992
9779 36924
9780 55080
9781 37920
9782 53788
9783 50077
9784 25370
9785 54173
9786 5473
9787 37920
9788 37920
9789 25386
9790 27264
9791 37936
9792 49813
9793 50077
9794 50077
9795 25449
9796 39996
9797 39988
9798 38241
9799 37920
9800 39980
9801 37920
9802 25370
9803 37920
9804 37920
9805 49821
9806 37920
9807 61289
9808 39996
9809 5473
9810 39988
9811 27393
9812 58144
9813 28521
9814 49821
9815 32617
9816 30569
9817 37920
9818 54056
9819 50076
9820 25434
9821 25370
9822 37920
9823 25370
9824 37920
9825 27393
9826 58144
9827 37920
9828 17176
9829 37920
9830 37920
9831 40745
9832 38177
9833 37920
9834 39968
9835 38176
9836 40496
9837 27409
9838 52001
9839 28417
9840 26401
9841 800
9842 25376
9843 54048
9844 27425
9845 54029
9846 37928
9847 37920
9848 40508
9849 25370
9850 49514
9851 25370
9852 50076
9853 28521
9854 55080
9855 55073
9856 37920
9857 37920
9858 37920
9859 37920
9860 39972
9861 25450
9862 37920
9863 38689
9864 5473
9865 37920
9866 25368
9867 37920
9868 37920
9869 38177
9870 37920
9871 39460
9872 37928
9873 25387
9874 37920
9875 54057
9876 37920
9877 37680
9878 37920
9879 37920
9880 37920
9881 25370
9882 58209
9883 27393
9884 28521
9885 58139
9886 25370
9887 37920
9888 39460
9889 50977
9890 39996
9891 37920
9892 49813
9893 25353
9894 49821
9895 27456
9896 37940
9897 37920
9898 37920
9899 55096
9900 25370
9901 25376
9902 37920
9903 28641
9904 37920
9905 25370
9906 17178
9907 55072
9908 49820
9909 50077
9910 37921
9911 54173
9912 27264
9913 26473
9914 25370
9915 37920
9916 25370
9917 37920
9918 39968
9919 37920
9920 40745
9921 37920
9922 37920
9923 37920
9924 28521
9925 25385
9926 53908
9927 37920
9928 27264
9929 26400
9930 62349
9931 17184
9932 25370
9933 25370
9934 37944
9935 37920
9936 17184
9937 26403
9938 19201
9939 60033
9940 19240
9941 49821
9942 37920
9943 5473
9944 37936
9945 27284
9946 25370
9947 58154
9948 8977
9949 25387
9950 25370
9951 28513
9952 58138
9953 37920
9954 50077
9955 28449
9956 26473
9957 27488
9958 25370
9959 25370
9960 28641
9961 37920
9962 39992
9963 39972
9964 5473
9965 25384
9966 52001
9967 37920
9968 39992
9969 39972
9970 37920
9971 27424
9972 37920
9973 37920
9974 27264
9975 39992
9976 37920
9977 37920
9978 37920
9979 37920
9980 37920
9981 25370
9982 37920
9983 40504
9984 37920
9985 37928
9986 37924
9987 25450
9988 37924
9989 27424
9990 37920
9991 54048
9992 25370
9993 49953
9994 54048
9995 27425
9996 37920
9997 37920
9998 54057
9999 49821
10000 49821
10001 5473
10002 39972
10003 38184
10004 37920
10005 53916
10006 38241
10007 28577
10008 37920
10009 37924
10010 39988
10011 37920
10012 51856
10013 54032
10014 60033
10015 19088
10016 27264
10017 27457
10018 25369
10019 5473
10020 37924
10021 37920
10022 37920
10023 28577
10024 28641
10025 37920
10026 37920
10027 25449
10028 27264
10029 27392
10030 37680
10031 38689
10032 37920
10033 37920
10034 37688
10035 37920
10036 37920
10037 25370
10038 8986
10039 28641
10040 37920
10041 25417
10042 25354
10043 39992
10044 25370
10045 25434
10046 49301
10047 39972
10048 37920
10049 27264
10050 26473
10051 38688
10052 801
10053 49821
10054 25368
10055 25370
10056 17193
10057 32617
10058 37944
10059 54173
10060 49952
10061 49514
10062 37936
10063 60256
10064 37920
10065 37920
10066 54049
10067 49821
10068 37944
10069 50077
10070 55081
10071 37920
10072 27489
10073 37920
10074 37424
10075 37920
10076 27280
10077 39976
10078 52001
10079 37920
10080 50077
10081 37944
10082 25376
10083 37920
10084 37920
10085 38696
10086 37928
10087 37924
10088 36921
10089 37920
10090 37920
10091 37928
10092 26377
10093 37920
10094 25370
10095 37920
10096 40292
10097 37936
10098 39968
10099 37920
10100 38177
10101 25370
10102 37936
10103 25370
10104 53917
10105 39972
10106 49821
10107 5473
10108 25352
10109 37920
10110 38241
10111 28513
10112 19232
10113 30569
10114 27521
10115 37920
10116 39984
10117 49921
10118 37920
10119 5473
10120 54060
10121 25370
10122 37924
10123 37920
10124 63341
10125 49813
10126 37920
10127 28521
10128 49960
10129 25370
10130 5473
10131 54056
10132 28521
10133 37920
10134 28521
10135 37920
10136 49821
10137 25355
10138 25418
10139 54060
10140 55081
10141 32617
10142 37920
10143 25354
10144 25370
10145 28513
10146 25370
10147 37920
10148 28641
10149 25355
10150 54328
10151 37920
10152 37924
10153 25370
10154 25355
10155 37920
10156 27264
10157 40504
10158 26411
10159 28577
10160 28521
10161 25434
10162 37920
10163 38184
10164 37920
10165 17208
10166 37924
10167 25370
10168 39972
10169 37920
10170 17176
10171 37920
10172 25354
10173 39992
10174 37920
10175 37920
10176 37920
10177 25371
10178 37920
10179 25370
10180 37920
10181 53792
10182 37920
10183 39988
10184 37920
10185 37920
10186 37920
10187 40504
10188 37920
10189 37928
10190 39968
10191 37920
10192 37920
10193 37920
10194 37920
10195 25449
10196 37920
10197 37920
10198 39972
10199 37920
10200 37928
10201 27553
10202 39984
10203 37920
10204 37920
10205 5473
10206 37944
10207 5473
10208 27280
10209 49821
10210 39988
10211 37920
10212 60161
10213 25344
10214 37920
10215 25370
10216 5473
10217 39968
10218 37920
10219 37920
10220 37920
10221 37920
10222 39972
10223 37920
10224 26473
10225 49821
10226 37928
10227 37920
10228 37920
10229 39972
10230 25370
10231 55096
10232 37728
10233 37920
10234 25370
10235 39972
10236 28521
10237 37920
10238 25370
10239 26475
10240 25370
10241 25377
10242 27425
10243 37920
10244 56104
10245 49961
10246 37920
10247 37920
10248 37920
10249 26411
10250 58218
10251 62241
10252 37688
10253 54040
10254 5473
10255 27280
10256 38460
10257 19201
10258 25376
10259 8986
10260 25368
10261 37920
10262 37920
10263 37920
10264 38176
10265 37920
10266 17208
10267 49952
10268 25450
10269 49937
10270 25370
10271 37920
10272 37436
10273 39972
10274 37920
10275 37920
10276 37920
10277 37944
10278 19092
10279 39972
10280 37920
10281 37920
10282 37920
10283 17208
10284 37920
10285 37920
10286 37924
10287 25370
10288 36921
10289 37928
10290 37924
10291 37920
10292 39972
10293 27264
10294 39972
10295 37920
10296 37920
10297 37920
10298 40504
10299 37920
10300 37920
10301 37920
10302 26473
10303 25370
10304 37920
10305 37688
10306 25418
10307 5473
10308 54056
10309 28513
10310 37944
10311 25370
10312 27264
10313 50077
10314 872
10315 58218
10316 37920
10317 38240
10318 37920
10319 37920
10320 37920
10321 37920
10322 49977
10323 37920
10324 17208
10325 37664
10326 37920
10327 37920
10328 37948
10329 38688
10330 39976
10331 25370
10332 54328
10333 28641
10334 8986
10335 37920
10336 27264
10337 55072
10338 25368
10339 37920
10340 32617
10341 25370
10342 37920
10343 37920
10344 37920
10345 25371
10346 53916
10347 37920
10348 28449
10349 37920
10350 27419
10351 58218
10352 37920
10353 8977
10354 49933
10355 27264
10356 37920
10357 25370
10358 8977
10359 37924
10360 37920
10361 17208
10362 37920
10363 49960
10364 25370
10365 26473
10366 25408
10367 25371
10368 49821
10369 38241
10370 37920
10371 64289
10372 37920
10373 37920
10374 37920
10375 37920
10376 27392
10377 37920
10378 5473
10379 25370
10380 25370
10381 25370
10382 54049
10383 39972
10384 39472
10385 37920
10386 37920
10387 36921
10388 38184
10389 25370
10390 25434
10391 37920
10392 37920
10393 58218
10394 17208
10395 39988
10396 37920
10397 37920
10398 49960
10399 27265
10400 37920
10401 39988
10402 36921
10403 40744
10404 39988
10405 25370
10406 49961
10407 40496
10408 50073
10409 39992
10410 27264
10411 37920
10412 37920
10413 25370
10414 54072
10415 37920
10416 28513
10417 27264
10418 32617
10419 25368
10420 37920
10421 19088
10422 25370
10423 37920
10424 19216
10425 19224
10426 28521
10427 37920
10428 37688
10429 49821
10430 25370
10431 37920
10432 39972
10433 37920
10434 28577
10435 55081
10436 59258
10437 37920
10438 37920
10439 58144
10440 26411
10441 38176
10442 39984
10443 38460
10444 25370
10445 39968
10446 38176
10447 37920
10448 27520
10449 39972
10450 25370
10451 37920
10452 37944
10453 37920
10454 25434
10455 54173
10456 58186
10457 37920
10458 26400
10459 40484
10460 39972
10461 53556
10462 37920
10463 5473
10464 37920
10465 38688
10466 49812
10467 37920
10468 38240
10469 37920
10470 37920
10471 37920
10472 37920
10473 25370
10474 37920
10475 39972
10476 58152
10477 49821
10478 54049
10479 37920
10480 37920
10481 25403
10482 37920
10483 37920
10484 37920
10485 17208
10486 37432
10487 37920
10488 37920
10489 39968
10490 17176
10491 62349
10492 37940
10493 40744
10494 38436
10495 61217
10496 27280
10497 58170
10498 37920
10499 37688
10500 25370
10501 27264
10502 49821
10503 19092
10504 5473
10505 25370
10506 37920
10507 37920
10508 37920
10509 25370
10510 2856
10511 37920
10512 54045
10513 58121
10514 25370
10515 28577
10516 37920
10517 25370
10518 25371
10519 37920
10520 37920
10521 37920
10522 25370
10523 49821
10524 65377
10525 49821
10526 37948
10527 39972
10528 37924
10529 25370
10530 37920
10531 37920
10532 37736
10533 27419
10534 36916
10535 57707
10536 52009
10537 37920
10538 25370
10539 5473
10540 37920
10541 17177
10542 40481
10543 25386
10544 28641
10545 49976
10546 25370
10547 37920
10548 37944
10549 37920
10550 25354
10551 37920
10552 49940
10553 25370
10554 25370
10555 60033
10556 37920
10557 37920
10558 40508
10559 39972
10560 37920
10561 37944
10562 37920
10563 37920
10564 37920
10565 40292
10566 25384
10567 37920
10568 37920
10569 37920
10570 27264
10571 37920
10572 37920
10573 37672
10574 37920
10575 37924
10576 37920
10577 37920
10578 56120
10579 37920
10580 7524
10581 37920
10582 38712
10583 53788
10584 39996
10585 37920
10586 39972
10587 26473
10588 37920
10589 25370
10590 25370
10591 37920
10592 37920
10593 37920
10594 37920
10595 26473
10596 25370
10597 28513
10598 54072
10599 27280
10600 28513
10601 37920
10602 25345
10603 28521
10604 25368
10605 39972
10606 20257
10607 59177
10608 28449
10609 25370
10610 25449
10611 53300
10612 27393
10613 49821
10614 37920
10615 37672
10616 27264
10617 40224
10618 19201
10619 17208
10620 28417
10621 37920
10622 37920
10623 38688
10624 25370
10625 37920
10626 58144
10627 37920
10628 62305
10629 37920
10630 37944
10631 37928
10632 37920
10633 38240
10634 37920
10635 37920
10636 38241
10637 37920
10638 25377
10639 25370
10640 37924
10641 37920
10642 37920
10643 60200
10644 37920
10645 37928
10646 17192
10647 39984
10648 37920
10649 37920
10650 17192
10651 37920
10652 39968
10653 37920
10654 37920
10655 37920
10656 37920
10657 55096
10658 37920
10659 37176
10660 54049
10661 40292
10662 37920
10663 37920
10664 25370
10665 19232
10666 27280
10667 38696
10668 28641
10669 38177
10670 37920
10671 37920
10672 25417
10673 37920
10674 5473
10675 53788
10676 37920
10677 37920
10678 28521
10679 55096
10680 49821
10681 26473
10682 37920
10683 27280
10684 17177
10685 58145
10686 26411
10687 37920
10688 25370
10689 28521
10690 37920
10691 37920
10692 56105
10693 37920
10694 38696
10695 37924
10696 27280
10697 26473
10698 26369
10699 25370
10700 37920
10701 27264
10702 37920
10703 54056
10704 54173
10705 37924
10706 37920
10707 26419
10708 55072
10709 26473
10710 49821
10711 37924
10712 26475
10713 49821
10714 25370
10715 37924
10716 37920
10717 37920
10718 5473
10719 37924
10720 37920
10721 25370
10722 39968
10723 40496
10724 7524
10725 25370
10726 36921
10727 37920
10728 55081
10729 39972
10730 37948
10731 25370
10732 39972
10733 25416
10734 37944
10735 37920
10736 25368
10737 28641
10738 39736
10739 37920
10740 37920
10741 49953
10742 40504
10743 25434
10744 50077
10745 54173
10746 54056
10747 37920
10748 37920
10749 37920
10750 37928
10751 39988
10752 37920
10753 25384
10754 5473
10755 27280
10756 37920
10757 58154
10758 37920
10759 39736
10760 37664
10761 37920
10762 40504
10763 25449
10764 32617
10765 39968
10766 17153
10767 37920
10768 19240
10769 59241
10770 65377
10771 25449
10772 58155
10773 54048
10774 25370
10775 39972
10776 37920
10777 38456
10778 54056
10779 38176
10780 39972
10781 28513
10782 27264
10783 27264
10784 25344
10785 27264
10786 37920
10787 25370
10788 25370
10789 25355
10790 25385
10791 27424
10792 54048
10793 25371
10794 32621
10795 25371
10796 25384
10797 37920
10798 37920
10799 37948
10800 5473
10801 37920
10802 37920
10803 37920
10804 5473
10805 25371
10806 37928
10807 25370
10808 37920
10809 25368
10810 39972
10811 37920
10812 38176
10813 5473
10814 37920
10815 37920
10816 37920
10817 37945
10818 37940
10819 37920
10820 17153
10821 38704
10822 49821
10823 62240
10824 27280
10825 39988
10826 37928
10827 25387
10828 37921
10829 37920
10830 5473
10831 52016
10832 37920
10833 37920
10834 25370
10835 27264
10836 28577
10837 28577
10838 28521
10839 39984
10840 37920
10841 25434
10842 25418
10843 37920
10844 53268
10845 25370
10846 38688
10847 32617
10848 26473
10849 37920
10850 54172
10851 37920
10852 19072
10853 25370
10854 37920
10855 25370
10856 17178
10857 25346
10858 38180
10859 50077
10860 37920
10861 65385
10862 25370
10863 61409
10864 37944
10865 19209
10866 25400
10867 25370
10868 54072
10869 27264
10870 49960
10871 27264
10872 40224
10873 39988
10874 25434
10875 58144
10876 25370
10877 26473
10878 60193
10879 25353
10880 49821
10881 25370
10882 58152
10883 49821
10884 52000
10885 37920
10886 28481
10887 25370
10888 27264
10889 55080
10890 5473
10891 19088
10892 19233
10893 52000
10894 37920
10895 5473
10896 36921
10897 37920
10898 37920
10899 37920
10900 39988
10901 37924
10902 25449
10903 54057
10904 37920
10905 37920
10906 37920
10907 37920
10908 25370
10909 25369
10910 37924
10911 25370
10912 28513
10913 50077
10914 19216
10915 27264
10916 37920
10917 54073
10918 37920
10919 37944
10920 49976
10921 37920
10922 37920
10923 37924
10924 37920
10925 5473
10926 801
10927 37920
10928 37920
10929 25400
10930 37920
10931 53788
10932 6968
10933 32621
10934 37920
10935 37920
10936 19088
10937 28521
10938 26473
10939 39992
10940 28641
10941 28521
10942 37920
10943 54048
10944 59241
10945 65313
10946 37920
10947 61217
10948 49952
10949 37920
10950 38176
10951 28521
10952 25370
10953 37920
10954 37920
10955 37920
10956 37920
10957 40504
10958 25370
10959 27497
10960 25370
10961 25370
10962 51985
10963 38696
10964 36921
10965 25370
10966 27400
10967 25370
10968 37920
10969 54173
10970 25370
10971 38712
10972 37920
10973 37945
10974 37920
10975 25400
10976 37920
10977 37680
10978 37920
10979 37920
10980 37920
10981 37924
10982 39972
10983 37928
10984 38241
10985 38241
10986 37920
10987 37920
10988 37920
10989 25370
10990 37920
10991 37940
10992 5473
10993 37920
10994 37920
10995 38180
10996 37920
10997 37920
10998 37920
10999 25370
11000 37688
11001 25345
11002 25386
11003 50076
11004 49953
11005 38241
11006 5473
11007 25370
11008 27264
11009 27284
11010 50076
11011 38436
11012 25370
11013 37920
11014 25371
11015 49514
11016 27264
11017 27264
11018 55096
11019 5473
11020 5473
11021 8986
11022 25370
11023 37176
11024 27264
11025 25371
11026 26473
11027 17200
11028 5473
11029 49821
11030 37920
11031 19233
11032 57128
11033 25370
11034 49514
11035 49969
11036 27264
11037 49812
11038 26473
11039 37920
11040 26403
11041 37940
11042 39972
11043 37920
11044 37944
11045 49821
11046 49976
11047 25379
11048 37920
11049 51856
11050 40504
11051 53917
11052 28521
11053 17176
11054 26473
11055 25370
11056 37688
11057 58234
11058 39972
11059 37928
11060 26409
11061 25376
11062 27393
11063 37920
11064 39968
11065 25377
11066 25354
11067 49953
11068 26411
11069 25416
11070 53557
11071 25370
11072 25384
11073 58152
11074 25370
11075 49976
11076 54032
11077 37920
11078 5473
11079 25376
11080 37920
11081 38696
11082 37920
11083 27264
11084 37920
11085 25370
11086 37944
11087 5473
11088 27264
11089 37936
11090 56105
11091 6968
11092 37920
11093 25370
11094 37920
11095 38176
11096 37920
11097 37920
11098 39996
11099 37924
11100 54073
11101 55096
11102 37920
11103 25370
11104 58138
11105 37920
11106 25370
11107 37160
11108 4920
11109 49960
11110 38689
11111 17192
11112 25387
11113 25434
11114 39972
11115 49952
11116 37920
11117 38688
11118 37920
11119 55072
11120 25434
11121 39972
11122 54072
11123 49946
11124 40481
11125 40744
11126 25450
11127 37920
11128 26401
11129 37920
11130 25371
11131 39968
11132 49961
11133 25370
11134 17208
11135 60032
11136 5473
11137 25370
11138 37920
11139 25370
11140 25370
11141 39988
11142 39972
11143 19092
11144 37920
11145 59168
11146 27264
11147 63273
11148 37920
11149 5473
11150 37920
11151 25370
11152 37924
11153 37920
11154 26409
11155 49813
11156 37944
11157 39972
11158 49812
11159 59177
11160 19232
11161 38180
11162 37920
11163 26411
11164 54048
11165 40228
11166 25386
11167 26473
11168 39980
11169 19240
11170 25450
11171 37920
11172 37920
11173 37920
11174 37920
11175 37920
11176 39968
11177 37924
11178 54173
11179 39480
11180 58170
11181 2840
11182 37920
11183 25402
11184 52016
11185 25371
11186 49953
11187 53564
11188 49952
11189 25385
11190 58219
11191 49821
11192 39200
11193 5473
11194 39972
11195 25379
11196 58136
11197 37920
11198 58170
11199 60192
11200 37920
11201 37428
11202 37920
11203 25434
11204 37924
11205 26401
11206 49820
11207 25368
11208 25370
11209 25370
11210 25370
11211 27264
11212 37920
11213 25450
11214 37920
11215 27264
11216 28641
11217 25370
11218 37920
11219 50072
11220 28521
11221 25355
11222 37920
11223 37920
11224 54076
11225 27264
11226 17185
11227 58144
11228 25370
11229 37920
11230 49953
11231 27264
11232 17192
11233 28641
11234 37920
11235 37920
11236 37664
11237 28457
11238 52008
11239 27264
11240 19232
11241 17248
11242 49976
11243 58113
11244 27264
11245 27488
11246 26473
11247 32617
11248 40224
11249 26401
11250 17185
11251 25384
11252 54072
11253 58234
11254 37920
11255 17044
11256 28641
11257 28521
11258 25416
11259 64288
11260 25370
11261 49945
11262 58217
11263 39972
11264 62241
11265 37920
11266 37920
11267 17208
11268 38241
11269 37920
11270 39992
11271 37920
11272 37944
11273 40292
11274 37920
11275 37920
11276 37920
11277 26473
11278 37920
11279 53788
11280 37920
11281 58218
11282 37920
11283 38241
11284 824
11285 5473
11286 37920
11287 58170
11288 37920
11289 28513
11290 53908
11291 17256
11292 28449
11293 37920
11294 27280
11295 26473
11296 37920
11297 50077
11298 61409
11299 50077
11300 32617
11301 58170
11302 57120
11303 26473
11304 28521
11305 54072
11306 25370
11307 27264
11308 25345
11309 39968
11310 40504
11311 61281
11312 58112
11313 26473
11314 39972
11315 28641
11316 54112
11317 25370
11318 28641
11319 37920
11320 49821
11321 37920
11322 2849
11323 25418
11324 49952
11325 25400
11326 59258
11327 39988
11328 30573
11329 49978
11330 37920
11331 37920
11332 37688
11333 39984
11334 5473
11335 37920
11336 37920
11337 37920
11338 808
11339 39972
11340 64289
11341 39988
11342 39996
11343 40292
11344 37920
11345 37924
11346 37920
11347 37920
11348 49821
11349 49821
11350 54072
11351 37920
11352 37920
11353 25384
11354 27280
11355 49821
11356 25370
11357 37944
11358 33592
11359 25370
11360 27264
11361 37920
11362 27489
11363 39976
11364 38688
11365 27264
11366 28521
11367 54016
11368 54056
11369 37920
11370 49953
11371 39972
11372 28513
11373 61217
11374 39972
11375 28577
11376 37920
11377 54048
11378 49821
11379 40496
11380 58245
11381 39480
11382 17308
11383 49920
11384 49821
11385 25434
11386 37920
11387 5473
11388 53916
11389 54056
11390 37920
11391 25370
11392 28577
11393 25371
11394 58152
11395 49952
11396 37920
11397 39980
11398 59241
11399 49813
11400 54056
11401 25418
11402 37688
11403 25385
11404 25370
11405 37936
11406 37920
11407 17185
11408 23913
11409 37920
11410 25370
11411 37920
11412 49968
11413 5473
11414 37920
11415 37920
11416 37428
11417 37920
11418 37920
11419 37920
11420 37928
11421 25402
11422 37920
11423 25370
11424 25377
11425 40292
11426 37920
11427 37920
11428 37920
11429 37728
11430 54056
11431 38176
11432 40496
11433 25371
11434 28521
11435 49948
11436 25370
11437 17181
11438 19209
11439 25370
11440 37920
11441 52008
11442 37920
11443 39972
11444 54072
11445 26409
11446 55072
11447 37688
11448 37920
11449 37920
11450 36921
11451 37920
11452 63337
11453 37920
11454 30569
11455 28641
11456 28521
11457 28641
11458 28577
11459 58145
11460 19232
11461 38176
11462 28513
11463 25368
11464 28513
11465 37920
11466 28641
11467 50077
11468 28521
11469 28521
11470 49821
11471 25400
11472 38432
11473 26473
11474 27264
11475 59241
11476 27424
11477 25400
11478 32617
11479 37920
11480 25370
11481 54040
11482 49949
11483 26371
11484 58144
11485 27424
11486 54173
11487 17173
11488 59241
11489 25402
11490 37920
11491 37920
11492 37920
11493 40508
11494 5473
11495 28521
11496 37920
11497 25370
11498 37688
11499 40292
11500 36921
11501 39988
11502 37944
11503 27392
11504 37920
11505 37920
11506 27488
11507 37920
11508 28513
11509 39992
11510 55088
11511 27264
11512 27264
11513 37928
11514 37944
11515 58245
11516 38241
11517 61281
11518 49978
11519 37920
11520 60032
11521 32617
11522 801
11523 38241
11524 25370
11525 27280
11526 25370
11527 28641
11528 19092
11529 27465
11530 49821
11531 27264
11532 37920
11533 38712
11534 49953
11535 25440
11536 28521
11537 63265
11538 25370
11539 25371
11540 39480
11541 25370
11542 37920
11543 49813
11544 61217
11545 27264
11546 27264
11547 56096
11548 17200
11549 25371
11550 37688
11551 37920
11552 39968
11553 65385
11554 25384
11555 25370
11556 37224
11557 25410
11558 50073
11559 50077
11560 19201
11561 50077
11562 54040
11563 25354
11564 38448
11565 38176
11566 19233
11567 62241
11568 17185
11569 37920
11570 25370
11571 37944
11572 5473
11573 27264
11574 37920
11575 39968
11576 37928
11577 37920
11578 39972
11579 37920
11580 37920
11581 37920
11582 37920
11583 40228
11584 37920
11585 37920
11586 38176
11587 37928
11588 26473
11589 5473
11590 27280
11591 58136
11592 37920
11593 27264
11594 17173
11595 38689
11596 37920
11597 37920
11598 26409
11599 27264
11600 5473
11601 25370
11602 27280
11603 25370
11604 5473
11605 37920
11606 37920
11607 25370
11608 28457
11609 59241
11610 25449
11611 26473
11612 38241
11613 37920
11614 25368
11615 27264
11616 19240
11617 37920
11618 38696
11619 19208
11620 28521
11621 25419
11622 37920
11623 19209
11624 25370
11625 26473
11626 54049
11627 25370
11628 27264
11629 27264
11630 38176
11631 27264
11632 25370
11633 49953
11634 38176
11635 52001
11636 25370
11637 27424
11638 52001
11639 49821
11640 25376
11641 49976
11642 25434
11643 54072
11644 58145
11645 38688
11646 49813
11647 49961
11648 54064
11649 39972
11650 62248
11651 39984
11652 27264
11653 37920
11654 37920
11655 37920
11656 40504
11657 36921
11658 39968
11659 37920
11660 25386
11661 37920
11662 50985
11663 37920
11664 824
11665 37920
11666 18217
11667 37920
11668 37920
11669 17210
11670 40480
11671 27280
11672 37920
11673 37920
11674 58152
11675 58218
11676 37944
11677 5473
11678 37920
11679 37920
11680 60192
11681 37920
11682 37920
11683 27553
11684 25355
11685 37920
11686 25417
11687 61281
11688 27264
11689 65385
11690 28521
11691 55081
11692 28521
11693 26473
11694 28521
11695 37920
11696 50077
11697 37920
11698 17176
11699 27264
11700 37920
11701 32617
11702 37920
11703 58136
11704 19224
11705 26395
11706 26473
11707 27264
11708 58144
11709 37920
11710 49952
11711 27264
11712 25400
11713 39980
11714 27521
11715 28513
11716 54056
11717 49960
11718 49953
11719 37920
11720 25360
11721 27425
11722 58272
11723 19241
11724 17176
11725 58272
11726 52001
11727 58144
11728 49976
11729 25440
11730 49969
11731 40504
11732 37920
11733 37944
11734 37920
11735 4896
11736 27264
11737 39996
11738 38689
11739 37920
11740 40292
11741 36921
11742 39988
11743 37688
11744 25370
11745 38696
11746 25451
11747 38452
11748 25370
11749 25370
11750 19088
11751 27264
11752 27280
11753 50976
11754 37920
11755 37920
11756 37920
11757 37920
11758 54056
11759 37920
11760 37920
11761 5473
11762 40508
11763 19201
11764 28521
11765 28641
11766 17208
11767 17185
11768 27264
11769 28521
11770 52009
11771 54173
11772 28521
11773 19088
11774 38176
11775 27264
11776 37920
11777 40744
11778 39972
11779 28577
11780 37920
11781 37920
11782 50069
11783 62240
11784 27264
11785 17192
11786 49933
11787 27280
11788 40484
11789 28521
11790 37924
11791 26473
11792 50977
11793 37948
11794 39480
11795 49952
11796 54076
11797 25434
11798 37928
11799 40504
11800 37672
11801 51000
11802 49821
11803 58113
11804 37736
11805 58216
11806 17185
11807 25434
11808 39712
11809 49945
11810 50077
11811 55080
11812 25352
11813 54049
11814 49941
11815 38689
11816 49821
11817 37924
11818 37920
11819 57129
11820 40504
11821 37944
11822 5473
11823 37920
11824 49976
11825 25354
11826 37432
11827 37920
11828 39992
11829 39988
11830 27401
11831 37920
11832 37920
11833 19232
11834 37920
11835 37920
11836 38688
11837 38176
11838 27264
11839 27264
11840 50077
11841 25386
11842 5473
11843 25370
11844 60032
11845 27280
11846 19088
11847 32617
11848 40228
11849 27433
11850 53788
11851 37924
11852 26473
11853 39980
11854 37920
11855 63264
11856 39972
11857 25379
11858 54072
11859 28521
11860 32617
11861 37920
11862 28489
11863 49812
11864 25368
11865 28521
11866 37920
11867 54064
11868 32617
11869 37920
11870 37924
11871 28513
11872 28521
11873 40292
11874 50073
11875 801
11876 54057
11877 25370
11878 8986
11879 54173
11880 27280
11881 37920
11882 38452
11883 37944
11884 25370
11885 25419
11886 49953
11887 50977
11888 25370
11889 53556
11890 25345
11891 49953
11892 49514
11893 49821
11894 40744
11895 25434
11896 37920
11897 37920
11898 37920
11899 50077
11900 37944
11901 7524
11902 37920
11903 37920
11904 25376
11905 37920
11906 17208
11907 37944
11908 40736
11909 37920
11910 38968
11911 37920
11912 25354
11913 25434
11914 37672
11915 37920
11916 37920
11917 25369
11918 25384
11919 17248
11920 49812
11921 37944
11922 54048
11923 25370
11924 37920
11925 25354
11926 37160
11927 38696
11928 37920
11929 58154
11930 19092
11931 37920
11932 54072
11933 51856
11934 55080
11935 37920
11936 49961
11937 38176
11938 28521
11939 37920
11940 5473
11941 25370
11942 19209
11943 37920
11944 54072
11945 55072
11946 25370
11947 19088
11948 28521
11949 59177
11950 49944
11951 17177
11952 37920
11953 37920
11954 39996
11955 37920
11956 55096
11957 25368
11958 65377
11959 28489
11960 26409
11961 28521
11962 28641
11963 61281
11964 39968
11965 25347
11966 54048
11967 37920
11968 19088
11969 49953
11970 57129
11971 37920
11972 65385
11973 49921
11974 25353
11975 39972
11976 38176
11977 37920
11978 28521
11979 25370
11980 5473
11981 49936
11982 55096
11983 17181
11984 25370
11985 25355
11986 37664
11987 37920
11988 27264
11989 61281
11990 39972
11991 58155
11992 53308
11993 50984
11994 25370
11995 58113
11996 27264
11997 53916
11998 60193
11999 53812
12000 49821
12001 39968
12002 19088
12003 49301
12004 37920
12005 58145
12006 25385
12007 25370
12008 28521
12009 49953
12010 38176
12011 28457
12012 17181
12013 32617
12014 25377
12015 57707
12016 55080
12017 17160
12018 28521
12019 55073
12020 54048
12021 63265
12022 37944
12023 37920
12024 37920
12025 37920
12026 49976
12027 60200
12028 37160
12029 39992
12030 38241
12031 50976
12032 25434
12033 37920
12034 25370
12035 39976
12036 37920
12037 25370
12038 38241
12039 38456
12040 37920
12041 37920
12042 37920
12043 37920
12044 17208
12045 25400
12046 37920
12047 25370
12048 5473
12049 40297
12050 17208
12051 37920
12052 37920
12053 58152
12054 37920
12055 38696
12056 27264
12057 37928
12058 37920
12059 5473
12060 27457
12061 5473
12062 49961
12063 59178
12064 37920
12065 25370
12066 26473
12067 54064
12068 28577
12069 5473
12070 39972
12071 37920
12072 37924
12073 37920
12074 32621
12075 40496
12076 37920
12077 27264
12078 25449
12079 30569
12080 50077
12081 60193
12082 32617
12083 28577
12084 27264
12085 25402
12086 49961
12087 65313
12088 49960
12089 28521
12090 38436
12091 26473
12092 37944
12093 17192
12094 26473
12095 39968
12096 36924
12097 25360
12098 25370
12099 37921
12100 55088
12101 25370
12102 58217
12103 27521
12104 25370
12105 54048
12106 27424
12107 53300
12108 26473
12109 17192
12110 50077
12111 28609
12112 58208
12113 27264
12114 37920
12115 49952
12116 38696
12117 49821
12118 27425
12119 25369
12120 25376
12121 55072
12122 37924
12123 37924
12124 39988
12125 37920
12126 37921
12127 37920
12128 54056
12129 5473
12130 37944
12131 25370
12132 54072
12133 59176
12134 37920
12135 38241
12136 37920
12137 37920
12138 39972
12139 37920
12140 37920
12141 37920
12142 54072
12143 49812
12144 49952
12145 53908
12146 25370
12147 5473
12148 27264
12149 49976
12150 27280
12151 27264
12152 27264
12153 38456
12154 25387
12155 28489
12156 28457
12157 25370
12158 38688
12159 28641
12160 28513
12161 19088
12162 39976
12163 49813
12164 25368
12165 37920
12166 51856
12167 28521
12168 38176
12169 25402
12170 37920
12171 37920
12172 37920
12173 25370
12174 28521
12175 28521
12176 27393
12177 54044
12178 39988
12179 53024
12180 28641
12181 40736
12182 27264
12183 39984
12184 28521
12185 58216
12186 27264
12187 38688
12188 25370
12189 54328
12190 37920
12191 37920
12192 37944
12193 37920
12194 19201
12195 37920
12196 49944
12197 49821
12198 32617
12199 26473
12200 17192
12201 51968
12202 39988
12203 54048
12204 49952
12205 25370
12206 60192
12207 37920
12208 55080
12209 49821
12210 27265
12211 28489
12212 39968
12213 57129
12214 26465
12215 37920
12216 2840
12217 25368
12218 37920
12219 37944
12220 5473
12221 25376
12222 40504
12223 37920
12224 37688
12225 37920
12226 4896
12227 25400
12228 37920
12229 54044
12230 37920
12231 40504
12232 53556
12233 58138
12234 26394
12235 54056
12236 59168
12237 37432
12238 5473
12239 5473
12240 40504
12241 27264
12242 49952
12243 25354
12244 5473
12245 28521
12246 26473
12247 27264
12248 37924
12249 25370
12250 58152
12251 38177
12252 62365
12253 25355
12254 28481
12255 26473
12256 5473
12257 37920
12258 38240
12259 26409
12260 25417
12261 62349
12262 37920
12263 53557
12264 28521
12265 56097
12266 37920
12267 54072
12268 37920
12269 61289
12270 38184
12271 37920
12272 25370
12273 38688
12274 28521
12275 61281
12276 25354
12277 2848
12278 25370
12279 37924
12280 38460
12281 25370
12282 55096
12283 54048
12284 52016
12285 49953
12286 28641
12287 25434
12288 38176
12289 27264
12290 25368
12291 37920
12292 54048
12293 28521
12294 37924
12295 37920
12296 54036
12297 49928
12298 38200
12299 17044
12300 37920
12301 37944
12302 17208
12303 27264
12304 5473
12305 37944
12306 5473
12307 37920
12308 38704
12309 37920
12310 37940
12311 36921
12312 37920
12313 40224
12314 38696
12315 37920
12316 37920
12317 25368
12318 62241
12319 37920
12320 37920
12321 27409
12322 40496
12323 28545
12324 25370
12325 49961
12326 37920
12327 37160
12328 37920
12329 61289
12330 39972
12331 25352
12332 25448
12333 25368
12334 49812
12335 54048
12336 25360
12337 37920
12338 65313
12339 37920
12340 23913
12341 37940
12342 49821
12343 38184
12344 37920
12345 5473
12346 32617
12347 26465
12348 25370
12349 65321
12350 25403
12351 37920
12352 27264
12353 61281
12354 49821
12355 58145
12356 26409
12357 28609
12358 27264
12359 39972
12360 58155
12361 63264
12362 61281
12363 39972
12364 27264
12365 40292
12366 25370
12367 49952
12368 54072
12369 25363
12370 49953
12371 19208
12372 37920
12373 37920
12374 38184
12375 55081
12376 50077
12377 25370
12378 25377
12379 50077
12380 25370
12381 28545
12382 19208
12383 55096
12384 27425
12385 37920
12386 37920
12387 25370
12388 25370
12389 5473
12390 2849
12391 53540
12392 37920
12393 27425
12394 37920
12395 56864
12396 37920
12397 37920
12398 17176
12399 40480
12400 54072
12401 37920
12402 25370
12403 37920
12404 25402
12405 25370
12406 37920
12407 38712
12408 5473
12409 25370
12410 5473
12411 55080
12412 28521
12413 49812
12414 40496
12415 25400
12416 37920
12417 25344
12418 37921
12419 38696
12420 37920
12421 49821
12422 53276
12423 25402
12424 37920
12425 28641
12426 27280
12427 26409
12428 28521
12429 28521
12430 28521
12431 54173
12432 49821
12433 40508
12434 23913
12435 26465
12436 32617
12437 27264
12438 28457
12439 54072
12440 56096
12441 28641
12442 55072
12443 37944
12444 39988
12445 17193
12446 60160
12447 54056
12448 49928
12449 50077
12450 58152
12451 25368
12452 58218
12453 53560
12454 17209
12455 27264
12456 49945
12457 56097
12458 17193
12459 25370
12460 37920
12461 39972
12462 54044
12463 49821
12464 17160
12465 58145
12466 37688
12467 54072
12468 52009
12469 58241
12470 17152
12471 25400
12472 49821
12473 37920
12474 37672
12475 54056
12476 19232
12477 54073
12478 58145
12479 37224
12480 25370
12481 54048
12482 17184
12483 25370
12484 25349
12485 38241
12486 37920
12487 25370
12488 39996
12489 37920
12490 37944
12491 5473
12492 37920
12493 40504
12494 38176
12495 36920
12496 38176
12497 37920
12498 25370
12499 25362
12500 5473
12501 37920
12502 25370
12503 37920
12504 37920
12505 28449
12506 49960
12507 25352
12508 37920
12509 39988
12510 49821
12511 27280
12512 5473
12513 30569
12514 37948
12515 49953
12516 37920
12517 27553
12518 37920
12519 37920
12520 25370
12521 37920
12522 5473
12523 25379
12524 26473
12525 26473
12526 37920
12527 39972
12528 27265
12529 28641
12530 25370
12531 28521
12532 37920
12533 39456
12534 25418
12535 25370
12536 28521
12537 25370
12538 37928
12539 25368
12540 37920
12541 38688
12542 58144
12543 61289
12544 25416
12545 37924
12546 25370
12547 49952
12548 49960
12549 49976
12550 27265
12551 28521
12552 54040
12553 49946
12554 25441
12555 37920
12556 37920
12557 37924
12558 39988
12559 25370
12560 25370
12561 50077
12562 40496
12563 25347
12564 49952
12565 25418
12566 58144
12567 25344
12568 49944
12569 17178
12570 38688
12571 37920
12572 39988
12573 60193
12574 59169
12575 25385
12576 37152
12577 54072
12578 25354
12579 50977
12580 17208
12581 58145
12582 37920
12583 39472
12584 37940
12585 37920
12586 37920
12587 800
12588 37920
12589 37920
12590 37920
12591 37920
12592 32617
12593 27280
12594 38688
12595 51856
12596 39988
12597 17160
12598 37920
12599 37672
12600 27280
12601 37920
12602 49952
12603 49812
12604 17208
12605 25370
12606 28521
12607 55072
12608 26473
12609 37920
12610 37920
12611 49941
12612 37920
12613 39988
12614 39480
12615 37920
12616 40480
12617 25370
12618 25370
12619 38688
12620 25368
12621 25370
12622 26473
12623 27264
12624 37928
12625 37920
12626 40225
12627 58113
12628 50077
12629 25368
12630 25370
12631 58170
12632 63265
12633 37920
12634 27393
12635 37920
12636 37156
12637 54056
12638 37920
12639 50077
12640 49936
12641 37920
12642 27419
12643 52000
12644 37920
12645 49821
12646 37920
12647 56105
12648 25440
12649 58152
12650 37940
12651 54048
12652 62240
12653 58152
12654 37920
12655 801
12656 37920
12657 50076
12658 25370
12659 25370
12660 37920
12661 25369
12662 37920
12663 37672
12664 37920
12665 25362
12666 37920
12667 37920
12668 25370
12669 28577
12670 37920
12671 49978
12672 37920
12673 25370
12674 19088
12675 27456
12676 25434
12677 25368
12678 37920
12679 37920
12680 25370
12681 38177
12682 27280
12683 25371
12684 25402
12685 49976
12686 37672
12687 37920
12688 59169
12689 32617
12690 54049
12691 28513
12692 49812
12693 25370
12694 27264
12695 58112
12696 28521
12697 58145
12698 25370
12699 27425
12700 25376
12701 25466
12702 37920
12703 37920
12704 38176
12705 25402
12706 17192
12707 40736
12708 25370
12709 32617
12710 49820
12711 25352
12712 57121
12713 37924
12714 25384
12715 37920
12716 40504
12717 54045
12718 49952
12719 38176
12720 27425
12721 39736
12722 51856
12723 39712
12724 63273
12725 37920
12726 18209
12727 37688
12728 55072
12729 2840
12730 40480
12731 52001
12732 17208
12733 25377
12734 37920
12735 39988
12736 37668
12737 39996
12738 53025
12739 37920
12740 37920
12741 25403
12742 37920
12743 37689
12744 39972
12745 39972
12746 58144
12747 25368
12748 39976
12749 39480
12750 37920
12751 58170
12752 37945
12753 19224
12754 49976
12755 25370
12756 40504
12757 25370
12758 25450
12759 25440
12760 49952
12761 37920
12762 27264
12763 25370
12764 19233
12765 25368
12766 25349
12767 37920
12768 27393
12769 32617
12770 27264
12771 37924
12772 54072
12773 39968
12774 49960
12775 39472
12776 37920
12777 27264
12778 17208
12779 27457
12780 61289
12781 25417
12782 61281
12783 50077
12784 37920
12785 28417
12786 37920
12787 32617
12788 26369
12789 58170
12790 49921
12791 25377
12792 17160
12793 27280
12794 26403
12795 37688
12796 28513
12797 19232
12798 17208
12799 37920
12800 25417
12801 25370
12802 25418
12803 53788
12804 25377
12805 37920
12806 38456
12807 54173
12808 26419
12809 19088
12810 27424
12811 27392
12812 25345
12813 25370
12814 25370
12815 37920
12816 58113
12817 52008
12818 19088
12819 25370
12820 60161
12821 54056
12822 25370
12823 25360
12824 54049
12825 37920
12826 19201
12827 25384
12828 37920
12829 51856
12830 37920
12831 49976
12832 54056
12833 25434
12834 19201
12835 38689
12836 25370
12837 37920
12838 8977
12839 37920
12840 25448
12841 61281
12842 59178
12843 39968
12844 25362
12845 26473
12846 39988
12847 27425
12848 37920
12849 28641
12850 37920
12851 37920
12852 37920
12853 28457
12854 49976
12855 37920
12856 37688
12857 61289
12858 37920
12859 28641
12860 37920
12861 28417
12862 27264
12863 37920
12864 19241
12865 37920
12866 25402
12867 40504
12868 27280
12869 37428
12870 27280
12871 37920
12872 25370
12873 17176
12874 49960
12875 25354
12876 39976
12877 39972
12878 49960
12879 37920
12880 37920
12881 58154
12882 25370
12883 25418
12884 50977
12885 50077
12886 49960
12887 49976
12888 54048
12889 58128
12890 25345
12891 37920
12892 37665
12893 38689
12894 49976
12895 37920
12896 39992
12897 37920
12898 54074
12899 37920
12900 38696
12901 37920
12902 25370
12903 52016
12904 37948
12905 37920
12906 25370
12907 27264
12908 27264
12909 37920
12910 58216
12911 25370
12912 64288
12913 37920
12914 37936
12915 25377
12916 61281
12917 39972
12918 25370
12919 19092
12920 26473
12921 61289
12922 28521
12923 17192
12924 32617
12925 50976
12926 26473
12927 37160
12928 32617
12929 27401
12930 50068
12931 54077
12932 25450
12933 25402
12934 40496
12935 37920
12936 51968
12937 25344
12938 37428
12939 39972
12940 52000
12941 37944
12942 37924
12943 25377
12944 53560
12945 37920
12946 27392
12947 57129
12948 37920
12949 38432
12950 37920
12951 55080
12952 56104
12953 37920
12954 39480
12955 37920
12956 39988
12957 19208
12958 25370
12959 37920
12960 37944
12961 37920
12962 25370
12963 55080
12964 25370
12965 17192
12966 54056
12967 40500
12968 37920
12969 50985
12970 49933
12971 49952
12972 25368
12973 25368
12974 37920
12975 37672
12976 25384
12977 39972
12978 55080
12979 37920
12980 28513
12981 28545
12982 55073
12983 37920
12984 58154
12985 26473
12986 25370
12987 25370
12988 17044
12989 54173
12990 49960
12991 49960
12992 52008
12993 50077
12994 17185
12995 49953
12996 37920
12997 40500
12998 25370
12999 25361
13000 49812
13001 37920
13002 37156
13003 25352
13004 51968
13005 21288
13006 56097
13007 49821
13008 37920
13009 39988
13010 25451
13011 49952
13012 52001
13013 27424
13014 39712
13015 58208
13016 49933
13017 53300
13018 37920
13019 27419
13020 50077
13021 54056
13022 54112
13023 52001
13024 37920
13025 39984
13026 25370
13027 37920
13028 25354
13029 37920
13030 49952
13031 37920
13032 38241
13033 37920
13034 37920
13035 37920
13036 19201
13037 37920
13038 38712
13039 37920
13040 25370
13041 49976
13042 37920
13043 2856
13044 25448
13045 54072
13046 25370
13047 5473
13048 39996
13049 27264
13050 58216
13051 25384
13052 37920
13053 54072
13054 39472
13055 25369
13056 37920
13057 25370
13058 37920
13059 5473
13060 27465
13061 61217
13062 39972
13063 28641
13064 26473
13065 27264
13066 37920
13067 37920
13068 27425
13069 39480
13070 25450
13071 25434
13072 37924
13073 49953
13074 49952
13075 25434
13076 37920
13077 25371
13078 37920
13079 25370
13080 38180
13081 17308
13082 37920
13083 25368
13084 49812
13085 19092
13086 28521
13087 25362
13088 39996
13089 49952
13090 58136
13091 27425
13092 54016
13093 25376
13094 37920
13095 37920
13096 2840
13097 50077
13098 53793
13099 49944
13100 54049
13101 53525
13102 51969
13103 20257
13104 37920
13105 58113
13106 39980
13107 58113
13108 27392
13109 25370
13110 54049
13111 58145
13112 54072
13113 50077
13114 58152
13115 54073
13116 49921
13117 5473
13118 37920
13119 58144
13120 37920
13121 37920
13122 38241
13123 37920
13124 37920
13125 37944
13126 38704
13127 55096
13128 26403
13129 37920
13130 55080
13131 27280
13132 37920
13133 808
13134 37920
13135 27264
13136 25379
13137 54048
13138 39988
13139 37944
13140 28513
13141 50077
13142 26473
13143 37924
13144 61281
13145 28641
13146 37920
13147 58152
13148 26441
13149 37920
13150 60193
13151 27264
13152 61281
13153 37920
13154 55096
13155 37176
13156 25370
13157 55080
13158 37920
13159 27401
13160 8977
13161 65385
13162 25344
13163 28641
13164 25402
13165 27264
13166 54173
13167 26411
13168 37920
13169 49949
13170 39968
13171 37920
13172 39972
13173 54173
13174 40224
13175 37920
13176 39968
13177 55840
13178 25370
13179 58208
13180 49821
13181 55073
13182 25440
13183 19208
13184 57120
13185 25377
13186 25370
13187 55841
13188 37928
13189 17185
13190 25370
13191 49929
13192 53300
13193 27392
13194 37920
13195 37920
13196 49977
13197 37680
13198 37921
13199 37920
13200 37920
13201 25417
13202 37920
13203 25370
13204 56097
13205 25386
13206 25368
13207 37920
13208 25368
13209 28521
13210 38448
13211 37672
13212 5473
13213 37920
13214 37920
13215 54172
13216 58145
13217 49812
13218 37920
13219 37920
13220 801
13221 38448
13222 25400
13223 40480
13224 54045
13225 17208
13226 25370
13227 28513
13228 26473
13229 37160
13230 27264
13231 52000
13232 25370
13233 49933
13234 37944
13235 37920
13236 63273
13237 25385
13238 49960
13239 37920
13240 25370
13241 37920
13242 39736
13243 62349
13244 4896
13245 54045
13246 53916
13247 19232
13248 49953
13249 36924
13250 37920
13251 58144
13252 54056
13253 49929
13254 53792
13255 54048
13256 49821
13257 58209
13258 25384
13259 49821
13260 55096
13261 49944
13262 39472
13263 27424
13264 37920
13265 37920
13266 38176
13267 54056
13268 27264
13269 40480
13270 37920
13271 37920
13272 37920
13273 37920
13274 37920
13275 37688
13276 37920
13277 17192
13278 25370
13279 25368
13280 58121
13281 37920
13282 50076
13283 26473
13284 19225
13285 25402
13286 39472
13287 27392
13288 49821
13289 38184
13290 39972
13291 39968
13292 25451
13293 49821
13294 37944
13295 19201
13296 28577
13297 37920
13298 37920
13299 37920
13300 37924
13301 25370
13302 50076
13303 27400
13304 52000
13305 27392
13306 25370
13307 25370
13308 37920
13309 25400
13310 37924
13311 49813
13312 17192
13313 53564
13314 39480
13315 38456
13316 52001
13317 25355
13318 37920
13319 37920
13320 37920
13321 39968
13322 55080
13323 39968
13324 25369
13325 59232
13326 25448
13327 25376
13328 58137
13329 39456
13330 28449
13331 17210
13332 25376
13333 37920
13334 37160
13335 25440
13336 5473
13337 37152
13338 25370
13339 17178
13340 57129
13341 37920
13342 37920
13343 37920
13344 40736
13345 37920
13346 19200
13347 37944
13348 25370
13349 19232
13350 37920
13351 38200
13352 39972
13353 17193
13354 17177
13355 864
13356 37424
13357 39988
13358 61217
13359 62241
13360 25370
13361 25347
13362 40504
13363 25370
13364 54057
13365 37920
13366 37920
13367 37920
13368 54040
13369 25370
13370 25448
13371 28641
13372 28521
13373 39972
13374 28521
13375 17044
13376 27264
13377 54057
13378 50076
13379 37920
13380 37920
13381 37920
13382 25352
13383 37924
13384 53788
13385 58245
13386 55096
13387 40508
13388 25370
13389 25377
13390 63264
13391 37920
13392 2848
13393 52001
13394 27264
13395 27401
13396 37924
13397 25370
13398 27264
13399 58208
13400 37920
13401 19208
13402 27393
13403 27264
13404 51969
13405 38176
13406 51969
13407 37948
13408 37940
13409 55840
13410 25384
13411 54328
13412 49821
13413 53300
13414 54112
13415 19232
13416 54056
13417 25370
13418 49945
13419 37928
13420 54040
13421 27264
13422 37664
13423 25370
13424 27392
13425 37920
13426 37920
13427 40480
13428 25360
13429 38696
13430 54060
13431 39996
13432 25370
13433 25370
13434 37920
13435 40504
13436 37945
13437 25370
13438 37920
13439 37920
13440 54112
13441 36916
13442 25353
13443 37920
13444 18209
13445 26401
13446 38436
13447 17256
13448 54074
13449 25370
13450 25370
13451 40496
13452 55080
13453 27393
13454 25370
13455 55073
13456 37920
13457 28521
13458 49941
13459 25369
13460 39984
13461 25418
13462 58154
13463 5473
13464 37920
13465 38712
13466 61289
13467 37920
13468 25402
13469 49821
13470 26409
13471 55081
13472 37920
13473 38968
13474 56105
13475 28521
13476 800
13477 37948
13478 49821
13479 25370
13480 58209
13481 52001
13482 49821
13483 25370
13484 37432
13485 37928
13486 58136
13487 49821
13488 37932
13489 25370
13490 49953
13491 37920
13492 38688
13493 25377
13494 17208
13495 27409
13496 28513
13497 25377
13498 58144
13499 54072
13500 53564
13501 54173
13502 49952
13503 55073
13504 54048
13505 50077
13506 37156
13507 62240
13508 58144
13509 49941
13510 38688
13511 63265
13512 37920
13513 60192
13514 58112
13515 25345
13516 17184
13517 50077
13518 10900
13519 49961
13520 39480
13521 58112
13522 27456
13523 53788
13524 49821
13525 51968
13526 58272
13527 60193
13528 49976
13529 25370
13530 53780
13531 27424
13532 54048
13533 37920
13534 25370
13535 37920
13536 25377
13537 49976
13538 37920
13539 37920
13540 56096
13541 49953
13542 25352
13543 54048
13544 38688
13545 25370
13546 25370
13547 37920
13548 54072
13549 25370
13550 37920
13551 60192
13552 25387
13553 50077
13554 25370
13555 25368
13556 25370
13557 824
13558 53032
13559 37920
13560 25370
13561 37920
13562 61289
13563 17208
13564 39972
13565 27264
13566 27264
13567 53276
13568 39736
13569 37920
13570 37920
13571 49953
13572 50077
13573 50076
13574 36924
13575 49953
13576 38176
13577 25368
13578 25352
13579 25370
13580 52000
13581 37920
13582 25434
13583 28513
13584 25370
13585 17192
13586 58152
13587 55841
13588 8977
13589 50077
13590 38452
13591 37920
13592 49960
13593 49952
13594 27424
13595 54072
13596 57129
13597 54056
13598 17185
13599 37436
13600 19233
13601 52000
13602 58145
13603 27457
13604 38448
13605 5473
13606 37920
13607 37920
13608 2840
13609 37920
13610 37920
13611 39988
13612 25376
13613 37160
13614 25352
13615 17192
13616 58155
13617 25370
13618 54064
13619 37920
13620 37920
13621 37920
13622 25402
13623 37920
13624 25368
13625 801
13626 39988
13627 49976
13628 49937
13629 37672
13630 38688
13631 25368
13632 38176
13633 824
13634 38241
13635 49978
13636 25354
13637 25408
13638 65313
13639 40500
13640 25370
13641 37936
13642 25369
13643 37920
13644 40500
13645 25384
13646 25368
13647 25418
13648 37688
13649 49952
13650 39968
13651 60193
13652 39988
13653 54072
13654 28641
13655 25370
13656 37920
13657 25354
13658 19092
13659 26473
13660 25434
13661 49940
13662 28521
13663 28513
13664 27264
13665 26473
13666 50077
13667 26473
13668 25419
13669 54048
13670 39968
13671 25386
13672 38176
13673 25354
13674 25434
13675 39713
13676 25361
13677 54074
13678 25402
13679 37920
13680 25370
13681 55096
13682 25370
13683 60032
13684 27392
13685 58152
13686 37436
13687 27457
13688 49928
13689 25400
13690 25370
13691 27284
13692 50976
13693 59169
13694 25384
13695 57707
13696 54057
13697 50077
13698 58152
13699 28521
13700 49953
13701 54173
13702 37920
13703 17185
13704 39720
13705 53820
13706 49821
13707 54173
13708 25384
13709 19233
13710 54052
13711 49821
13712 40484
13713 27419
13714 25370
13715 17192
13716 37920
13717 37920
13718 27393
13719 26371
13720 39972
13721 37920
13722 37924
13723 17169
13724 49929
13725 49953
13726 55080
13727 25418
13728 25376
13729 18209
13730 25354
13731 19225
13732 49821
13733 37920
13734 39972
13735 37920
13736 60193
13737 8986
13738 37920
13739 39968
13740 27393
13741 53525
13742 37920
13743 53820
13744 25370
13745 26473
13746 27284
13747 17176
13748 49813
13749 25370
13750 39736
13751 37924
13752 25370
13753 17308
13754 27264
13755 50077
13756 2840
13757 65313
13758 36916
13759 26473
13760 52008
13761 25370
13762 64288
13763 816
13764 49821
13765 28521
13766 27264
13767 37920
13768 25370
13769 27401
13770 17176
13771 40744
13772 56096
13773 55097
13774 49821
13775 54017
13776 49821
13777 25370
13778 17185
13779 37920
13780 25369
13781 55072
13782 27424
13783 25377
13784 49821
13785 58112
13786 27392
13787 55080
13788 52000
13789 38176
13790 58144
13791 62248
13792 17044
13793 37920
13794 54048
13795 37920
13796 39480
13797 5473
13798 37920
13799 39972
13800 58152
13801 25368
13802 27457
13803 37920
13804 25370
13805 37688
13806 37672
13807 49821
13808 17208
13809 39972
13810 38432
13811 25376
13812 25370
13813 37920
13814 37920
13815 63264
13816 25370
13817 50077
13818 37928
13819 49948
13820 37688
13821 49812
13822 8977
13823 58216
13824 55097
13825 40496
13826 27488
13827 37920
13828 37920
13829 39480
13830 26473
13831 32617
13832 61281
13833 28513
13834 27264
13835 54048
13836 28521
13837 37920
13838 37920
13839 39968
13840 25400
13841 25370
13842 28641
13843 28513
13844 37920
13845 54040
13846 61289
13847 39972
13848 17168
13849 19088
13850 25345
13851 37920
13852 28457
13853 55081
13854 25370
13855 49945
13856 27393
13857 27280
13858 25371
13859 54056
13860 27264
13861 37920
13862 49960
13863 49944
13864 36924
13865 53917
13866 25370
13867 28521
13868 19232
13869 52000
13870 25360
13871 26473
13872 37428
13873 25370
13874 19201
13875 49821
13876 37920
13877 53820
13878 25368
13879 51968
13880 55080
13881 58122
13882 25370
13883 55096
13884 19232
13885 55072
13886 25344
13887 39992
13888 58145
13889 17185
13890 25377
13891 55096
13892 54037
13893 25354
13894 25368
13895 37920
13896 19232
13897 50077
13898 37160
13899 27424
13900 54056
13901 25353
13902 50077
13903 53032
13904 39976
13905 25344
13906 19216
13907 38712
13908 25354
13909 37920
13910 49960
13911 25440
13912 25352
13913 25345
13914 62241
13915 27401
13916 25370
13917 49960
13918 40504
13919 25370
13920 25385
13921 37680
13922 37920
13923 49968
13924 17184
13925 39988
13926 40224
13927 25370
13928 28641
13929 28489
13930 61289
13931 28521
13932 54048
13933 27264
13934 65385
13935 61281
13936 37920
13937 27280
13938 28641
13939 58152
13940 39720
13941 28641
13942 37920
13943 19092
13944 25368
13945 54048
13946 54072
13947 49821
13948 49976
13949 49821
13950 56096
13951 38184
13952 27264
13953 37428
13954 27264
13955 37920
13956 25344
13957 25345
13958 26401
13959 36916
13960 27280
13961 25370
13962 58144
13963 37920
13964 49960
13965 25370
13966 53564
13967 50077
13968 49976
13969 37944
13970 53525
13971 17178
13972 37920
13973 49953
13974 54064
13975 51856
13976 25370
13977 50977
13978 25368
13979 38176
13980 49952
13981 17185
13982 17153
13983 53024
13984 27425
13985 37924
13986 25370
13987 60161
13988 25376
13989 62240
13990 27393
13991 39996
13992 38704
13993 17185
13994 25370
13995 39968
13996 27392
13997 27392
13998 53917
13999 53820
14000 60200
14001 51969
14002 49952
14003 49820
14004 38704
14005 38696
14006 37920
14007 37920
14008 37920
14009 37920
14010 25370
14011 49978
14012 25370
14013 54074
14014 37920
14015 53788
14016 28449
14017 49976
14018 26473
14019 26473
14020 28521
14021 28513
14022 37920
14023 40745
14024 39968
14025 25370
14026 25370
14027 39988
14028 54057
14029 27280
14030 37924
14031 65385
14032 28521
14033 25402
14034 27264
14035 58219
14036 27264
14037 28513
14038 55072
14039 39968
14040 25370
14041 49952
14042 17160
14043 50077
14044 49978
14045 49944
14046 19232
14047 49944
14048 54037
14049 54057
14050 25370
14051 49953
14052 25386
14053 25370
14054 59176
14055 25352
14056 55072
14057 37436
14058 39460
14059 50077
14060 56097
14061 49968
14062 37672
14063 58269
14064 56097
14065 60193
14066 19233
14067 37920
14068 25370
14069 49920
14070 17153
14071 58145
14072 59169
14073 50077
14074 54049
14075 25370
14076 49953
14077 19209
14078 49948
14079 37944
14080 50077
14081 54049
14082 40232
14083 27393
14084 39972
14085 54060
14086 25371
14087 37944
14088 38689
14089 39972
14090 27417
14091 25440
14092 64289
14093 7524
14094 25370
14095 25370
14096 40224
14097 54048
14098 49976
14099 4896
14100 25450
14101 36920
14102 39980
14103 39968
14104 28513
14105 37920
14106 27264
14107 25370
14108 37428
14109 55072
14110 25417
14111 37920
14112 37920
14113 37924
14114 27264
14115 38448
14116 25448
14117 54056
14118 49933
14119 49952
14120 54045
14121 37944
14122 40504
14123 54056
14124 26473
14125 51985
14126 37920
14127 26409
14128 27425
14129 28577
14130 37920
14131 37152
14132 53917
14133 54072
14134 17184
14135 26371
14136 25370
14137 51968
14138 25376
14139 54048
14140 54056
14141 49821
14142 49301
14143 816
14144 8986
14145 49928
14146 54053
14147 54056
14148 58144
14149 19092
14150 52008
14151 58144
14152 49953
14153 19200
14154 27424
14155 53560
14156 49821
14157 25370
14158 49813
14159 58152
14160 54048
14161 17208
14162 58145
14163 54048
14164 53024
14165 57121
14166 57120
14167 49953
14168 49944
14169 26401
14170 55096
14171 52008
14172 37920
14173 40480
14174 39472
14175 25402
14176 26395
14177 38712
14178 39980
14179 25363
14180 25370
14181 25370
14182 25384
14183 39972
14184 38696
14185 25344
14186 62349
14187 19201
14188 25450
14189 40504
14190 27264
14191 28641
14192 39968
14193 49960
14194 37920
14195 54072
14196 28641
14197 26473
14198 28641
14199 26473
14200 19092
14201 38460
14202 39968
14203 37920
14204 25371
14205 39480
14206 25370
14207 27264
14208 49952
14209 19232
14210 27264
14211 28513
14212 59232
14213 55073
14214 56864
14215 58121
14216 25371
14217 39968
14218 37920
14219 65385
14220 49821
14221 17184
14222 55080
14223 53308
14224 58137
14225 25370
14226 40504
14227 49952
14228 50077
14229 49821
14230 25403
14231 25344
14232 58144
14233 18209
14234 54173
14235 25353
14236 19241
14237 37688
14238 39712
14239 55073
14240 19233
14241 58145
14242 25377
14243 37688
14244 37920
14245 25352
14246 17044
14247 55073
14248 50984
14249 49953
14250 37688
14251 54048
14252 49821
14253 49953
14254 58145
14255 39720
14256 37920
14257 58145
14258 59169
14259 37920
14260 39976
14261 25354
14262 25370
14263 37920
14264 37920
14265 27488
14266 49960
14267 37920
14268 57120
14269 37920
14270 28521
14271 37920
14272 40508
14273 17210
14274 37920
14275 37920
14276 28641
14277 17210
14278 5473
14279 38712
14280 26411
14281 32617
14282 28513
14283 56105
14284 50069
14285 17176
14286 49976
14287 25400
14288 52009
14289 38176
14290 65385
14291 49960
14292 37920
14293 49953
14294 58269
14295 27280
14296 25370
14297 37688
14298 49821
14299 37924
14300 37944
14301 53917
14302 60192
14303 37688
14304 26473
14305 28521
14306 17192
14307 50077
14308 37924
14309 27425
14310 28521
14311 38700
14312 62240
14313 54072
14314 54024
14315 54173
14316 54048
14317 49821
14318 49821
14319 25370
14320 56104
14321 49928
14322 27280
14323 27424
14324 59179
14325 56097
14326 38184
14327 25355
14328 58144
14329 55072
14330 49821
14331 56097
14332 54029
14333 54049
14334 54036
14335 55073
14336 62249
14337 49952
14338 27425
14339 40508
14340 53788
14341 53788
14342 25418
14343 50072
14344 26474
14345 54060
14346 39200
14347 50077
14348 50077
14349 37928
14350 25386
14351 38688
14352 58113
14353 25370
14354 27424
14355 52001
14356 37920
14357 58153
14358 19224
14359 40481
14360 25370
14361 37920
14362 38241
14363 37920
14364 25347
14365 2849
14366 49961
14367 37920
14368 17184
14369 37920
14370 19241
14371 25370
14372 801
14373 19200
14374 25400
14375 37920
14376 37665
14377 38712
14378 25370
14379 32617
14380 37920
14381 28521
14382 49977
14383 19088
14384 28513
14385 37920
14386 37688
14387 25402
14388 38712
14389 25377
14390 25370
14391 37920
14392 28449
14393 37928
14394 52008
14395 25370
14396 28641
14397 27264
14398 17173
14399 26473
14400 52009
14401 40496
14402 37920
14403 38180
14404 55081
14405 27520
14406 60192
14407 37928
14408 38696
14409 25370
14410 49813
14411 801
14412 55081
14413 55073
14414 54112
14415 54172
14416 54172
14417 58122
14418 54049
14419 19200
14420 37920
14421 58170
14422 60160
14423 38456
14424 25370
14425 54024
14426 49821
14427 49821
14428 26379
14429 26400
14430 49953
14431 25370
14432 37688
14433 27425
14434 49952
14435 53917
14436 27433
14437 39968
14438 54056
14439 49933
14440 39720
14441 49821
14442 25385
14443 27392
14444 25434
14445 51968
14446 49821
14447 53025
14448 62240
14449 37436
14450 62240
14451 25377
14452 49936
14453 37924
14454 62305
14455 25376
14456 58144
14457 49941
14458 53788
14459 56097
14460 58241
14461 19208
14462 50077
14463 58245
14464 25370
14465 25368
14466 25370
14467 39996
14468 25370
14469 17208
14470 37920
14471 38440
14472 25402
14473 37920
14474 37920
14475 8986
14476 55096
14477 25352
14478 2849
14479 28521
14480 54048
14481 37924
14482 37944
14483 28513
14484 50077
14485 28521
14486 27433
14487 37672
14488 61289
14489 37920
14490 27280
14491 25370
14492 26473
14493 52000
14494 25441
14495 25370
14496 19201
14497 20257
14498 17185
14499 37688
14500 54044
14501 56097
14502 59169
14503 54057
14504 19201
14505 56097
14506 17184
14507 10896
14508 25370
14509 52008
14510 40480
14511 38440
14512 64289
14513 37920
14514 56097
14515 25384
14516 62240
14517 61281
14518 49952
14519 54173
14520 49960
14521 39972
14522 27433
14523 58112
14524 38200
14525 27424
14526 25370
14527 25418
14528 25370
14529 58154
14530 50073
14531 17176
14532 37920
14533 61217
14534 26401
14535 26401
14536 49953
14537 58152
14538 40500
14539 40500
14540 54072
14541 37224
14542 25370
14543 37920
14544 37920
14545 58136
14546 39992
14547 38704
14548 25370
14549 37924
14550 25370
14551 39972
14552 37920
14553 58168
14554 25370
14555 25368
14556 40737
14557 37940
14558 25370
14559 25402
14560 39992
14561 37920
14562 25417
14563 17192
14564 17192
14565 37920
14566 54056
14567 5473
14568 28521
14569 65385
14570 25354
14571 37920
14572 27280
14573 25400
14574 54040
14575 25370
14576 17192
14577 17192
14578 37920
14579 25370
14580 58136
14581 28521
14582 25400
14583 28577
14584 39456
14585 27264
14586 37928
14587 61281
14588 49953
14589 27425
14590 37436
14591 25376
14592 54044
14593 17185
14594 17185
14595 19232
14596 50077
14597 37428
14598 38432
14599 50077
14600 64288
14601 25345
14602 50077
14603 54052
14604 49976
14605 40232
14606 25376
14607 49976
14608 25370
14609 25370
14610 49961
14611 53308
14612 38688
14613 25370
14614 58145
14615 19208
14616 49948
14617 38696
14618 49976
14619 55080
14620 49821
14621 37728
14622 54040
14623 25370
14624 60192
14625 17192
14626 19232
14627 17176
14628 58170
14629 50077
14630 49961
14631 54064
14632 52008
14633 59176
14634 27488
14635 37924
14636 60193
14637 58152
14638 17184
14639 40504
14640 19208
14641 25352
14642 17161
14643 38440
14644 25370
14645 37920
14646 25384
14647 25368
14648 37920
14649 25370
14650 25377
14651 52008
14652 39980
14653 40480
14654 37920
14655 27280
14656 54072
14657 37688
14658 28521
14659 28641
14660 25419
14661 37920
14662 65385
14663 49953
14664 26473
14665 53525
14666 28521
14667 39976
14668 40504
14669 54064
14670 58153
14671 37920
14672 25370
14673 54045
14674 49953
14675 38200
14676 58208
14677 25370
14678 58120
14679 37428
14680 53917
14681 59178
14682 25402
14683 37156
14684 37680
14685 2856
14686 53557
14687 27393
14688 56120
14689 25368
14690 17181
14691 55073
14692 53917
14693 37924
14694 28449
14695 25376
14696 52016
14697 58145
14698 62240
14699 25440
14700 25347
14701 60192
14702 54049
14703 54112
14704 38688
14705 25370
14706 49953
14707 17161
14708 54017
14709 54056
14710 17152
14711 62365
14712 54049
14713 19233
14714 49960
14715 25376
14716 37920
14717 51985
14718 54049
14719 38696
14720 58144
14721 54048
14722 49952
14723 17161
14724 49812
14725 55080
14726 27409
14727 54045
14728 58269
14729 49953
14730 39460
14731 824
14732 25369
14733 37920
14734 49952
14735 25370
14736 37920
14737 60192
14738 800
14739 54072
14740 25369
14741 17169
14742 27393
14743 54072
14744 27280
14745 28417
14746 38688
14747 28513
14748 37920
14749 37924
14750 28577
14751 25371
14752 51969
14753 37920
14754 27265
14755 25361
14756 38176
14757 37920
14758 25371
14759 54024
14760 25400
14761 53820
14762 25377
14763 25371
14764 49944
14765 52009
14766 25434
14767 20257
14768 27393
14769 49821
14770 49820
14771 58209
14772 63272
14773 27424
14774 52001
14775 58152
14776 57121
14777 57120
14778 25354
14779 58138
14780 49821
14781 25450
14782 62305
14783 49960
14784 27433
14785 38436
14786 25370
14787 25370
14788 17152
14789 26411
14790 58209
14791 25384
14792 25376
14793 19201
14794 27280
14795 53792
14796 38704
14797 37688
14798 17184
14799 25370
14800 54072
14801 37945
14802 25376
14803 25369
14804 49976
14805 25363
14806 28641
14807 19232
14808 37920
14809 25386
14810 25370
14811 65385
14812 32617
14813 32617
14814 26473
14815 37920
14816 25418
14817 28521
14818 25370
14819 62365
14820 25370
14821 61281
14822 39972
14823 56096
14824 38448
14825 37920
14826 25370
14827 28521
14828 37944
14829 39712
14830 28417
14831 38689
14832 58144
14833 19200
14834 19224
14835 37948
14836 49976
14837 25400
14838 17185
14839 50985
14840 25370
14841 25376
14842 38712
14843 40736
14844 17248
14845 59169
14846 38436
14847 37920
14848 39972
14849 52009
14850 25370
14851 49952
14852 56097
14853 61281
14854 27392
14855 37920
14856 52001
14857 52000
14858 25402
14859 25370
14860 60161
14861 25387
14862 25370
14863 37920
14864 58144
14865 52001
14866 55840
14867 25441
14868 49821
14869 49961
14870 58155
14871 17192
14872 27521
14873 49976
14874 25370
14875 58145
14876 27393
14877 37920
14878 39988
14879 25370
14880 37920
14881 25370
14882 37920
14883 25370
14884 37920
14885 25370
14886 49960
14887 17210
14888 58170
14889 58155
14890 49949
14891 25370
14892 6968
14893 25370
14894 25370
14895 17208
14896 65385
14897 25449
14898 58144
14899 28577
14900 63341
14901 27264
14902 37924
14903 27521
14904 25347
14905 28513
14906 25370
14907 28513
14908 25370
14909 25344
14910 19092
14911 39972
14912 25370
14913 25376
14914 55073
14915 49953
14916 59168
14917 17184
14918 54173
14919 54048
14920 53788
14921 25368
14922 53308
14923 39968
14924 49953
14925 25370
14926 55072
14927 25352
14928 52000
14929 25371
14930 58138
14931 62305
14932 37688
14933 60192
14934 54072
14935 25355
14936 19240
14937 49564
14938 25370
14939 25434
14940 25370
14941 40480
14942 40500
14943 49960
14944 38696
14945 25403
14946 27392
14947 49921
14948 49953
14949 25376
14950 19200
14951 19209
14952 54048
14953 27425
14954 25370
14955 54056
14956 25370
14957 17192
14958 21281
14959 25370
14960 25418
14961 54173
14962 53788
14963 58208
14964 54049
14965 62241
14966 52000
14967 52016
14968 51985
14969 39968
14970 49961
14971 38200
14972 25440
14973 25371
14974 37920
14975 37920
14976 25370
14977 27425
14978 25370
14979 37920
14980 25352
14981 37920
14982 50077
14983 37920
14984 25370
14985 25370
14986 37920
14987 55096
14988 28513
14989 28513
14990 60193
14991 25368
14992 25371
14993 25370
14994 52000
14995 824
14996 25361
14997 37920
14998 40504
14999 25441
15000 25370
15001 40508
15002 28641
15003 37920
15004 52000
15005 62349
15006 28521
15007 54049
15008 25377
15009 40496
15010 25419
15011 25370
15012 49821
15013 27280
15014 36916
15015 55073
15016 37920
15017 49949
15018 63265
15019 39972
15020 25370
15021 54173
15022 60193
15023 49952
15024 25370
15025 37920
15026 17160
15027 49976
15028 54072
15029 60192
15030 25376
15031 62249
15032 25434
15033 17168
15034 25403
15035 58145
15036 25346
15037 50077
15038 51976
15039 51968
15040 27392
15041 25370
15042 49812
15043 54048
15044 25370
15045 53916
15046 27425
15047 25369
15048 54049
15049 54049
15050 19201
15051 39972
15052 58152
15053 25402
15054 57128
15055 37924
15056 27392
15057 26411
15058 58138
15059 54044
15060 19200
15061 64289
15062 62240
15063 27425
15064 58145
15065 58144
15066 39972
15067 58269
15068 25370
15069 27425
15070 49944
15071 25418
15072 39972
15073 53300
15074 59169
15075 52000
15076 25451
15077 37688
15078 25376
15079 39976
15080 801
15081 37920
15082 37664
15083 5473
15084 37920
15085 25370
15086 25368
15087 37920
15088 25370
15089 17210
15090 40504
15091 25370
15092 52001
15093 37920
15094 17208
15095 800
15096 53917
15097 8986
15098 55072
15099 39713
15100 49976
15101 55096
15102 17185
15103 38240
15104 25370
15105 28521
15106 37920
15107 53917
15108 49820
15109 28545
15110 49944
15111 37920
15112 19241
15113 50076
15114 5473
15115 61281
15116 37920
15117 58136
15118 25355
15119 27264
15120 37160
15121 52001
15122 25370
15123 64289
15124 25370
15125 58112
15126 28449
15127 38712
15128 58153
15129 25370
15130 58152
15131 62349
15132 49953
15133 25370
15134 25370
15135 38200
15136 25376
15137 50016
15138 25376
15139 39972
15140 54064
15141 28577
15142 54173
15143 58145
15144 25352
15145 53788
15146 54052
15147 50077
15148 60256
15149 38712
15150 19232
15151 60160
15152 54072
15153 39972
15154 25370
15155 25371
15156 58153
15157 54036
15158 25370
15159 25345
15160 52000
15161 54072
15162 49953
15163 25370
15164 38184
15165 49953
15166 58154
15167 37160
15168 57129
15169 49921
15170 37920
15171 17308
15172 52009
15173 40496
15174 38180
15175 37920
15176 25370
15177 37920
15178 25369
15179 60200
15180 25370
15181 37920
15182 58154
15183 37920
15184 17208
15185 25368
15186 17208
15187 38712
15188 55096
15189 40737
15190 37920
15191 25434
15192 39713
15193 38177
15194 54048
15195 25370
15196 55096
15197 63265
15198 37920
15199 53812
15200 25416
15201 7524
15202 25345
15203 19224
15204 37920
15205 37920
15206 37664
15207 54173
15208 25352
15209 28641
15210 37920
15211 50069
15212 40496
15213 28513
15214 28489
15215 54064
15216 37920
15217 27424
15218 25376
15219 28641
15220 37688
15221 61281
15222 53308
15223 25384
15224 49976
15225 25370
15226 54172
15227 49945
15228 28513
15229 17173
15230 25370
15231 60256
15232 25370
15233 17173
15234 17256
15235 58245
15236 38176
15237 40504
15238 25360
15239 25361
15240 60160
15241 55080
15242 17044
15243 37944
15244 60193
15245 38240
15246 54065
15247 27424
15248 27424
15249 57120
15250 25370
15251 60192
15252 61217
15253 36916
15254 19241
15255 49821
15256 52000
15257 17044
15258 17184
15259 25370
15260 37921
15261 52008
15262 54048
15263 58144
15264 19232
15265 27393
15266 58209
15267 40736
15268 58144
15269 40232
15270 40224
15271 37736
15272 49821
15273 49978
15274 50016
15275 38700
15276 17160
15277 49960
15278 60193
15279 25402
15280 54065
15281 37160
15282 52001
15283 49813
15284 27553
15285 58144
15286 38688
15287 40480
15288 27425
15289 25370
15290 25354
15291 38176
15292 37920
15293 37920
15294 25370
15295 37920
15296 17208
15297 25370
15298 37920
15299 54056
15300 62248
15301 25368
15302 40484
15303 25354
15304 38689
15305 19248
15306 40484
15307 38184
15308 25370
15309 54040
15310 49953
15311 50069
15312 26473
15313 25385
15314 53916
15315 54056
15316 18209
15317 25408
15318 25354
15319 25417
15320 54045
15321 40736
15322 17184
15323 49944
15324 61281
15325 54056
15326 50077
15327 25441
15328 28521
15329 27280
15330 39996
15331 59168
15332 52001
15333 25387
15334 25370
15335 25354
15336 19241
15337 37664
15338 37932
15339 25370
15340 25370
15341 17160
15342 25370
15343 54173
15344 54173
15345 27280
15346 56097
15347 54173
15348 39980
15349 54040
15350 17177
15351 63265
15352 38452
15353 54064
15354 25360
15355 19232
15356 26401
15357 25368
15358 39736
15359 25370
15360 18208
15361 50076
15362 60192
15363 58122
15364 54053
15365 37664
15366 40233
15367 51976
15368 54029
15369 25370
15370 38176
15371 60193
15372 17192
15373 49928
15374 54048
15375 58145
15376 58272
15377 60032
15378 52001
15379 49945
15380 50068
15381 17184
15382 25371
15383 49952
15384 55080
15385 54064
15386 54064
15387 25352
15388 37920
15389 25370
15390 49821
15391 816
15392 49945
15393 40496
15394 54056
15395 25353
15396 25370
15397 50976
15398 58145
15399 25370
15400 27425
15401 50977
15402 54048
15403 59169
15404 28513
15405 62241
15406 25416
15407 60200
15408 25370
15409 25370
15410 55081
15411 27424
15412 37672
15413 25370
15414 54074
15415 58145
15416 38696
15417 25370
15418 17192
15419 61217
15420 49960
15421 25376
15422 25371
15423 40233
15424 25370
15425 40480
15426 25370
15427 38688
15428 49976
15429 25370
15430 17208
15431 50069
15432 5473
15433 25402
15434 25355
15435 17192
15436 5473
15437 25370
15438 62349
15439 53788
15440 39988
15441 26377
15442 49948
15443 27392
15444 28521
15445 25370
15446 40224
15447 38456
15448 25370
15449 38184
15450 49941
15451 28489
15452 25370
15453 54173
15454 25370
15455 49960
15456 37672
15457 40225
15458 37920
15459 39736
15460 25371
15461 25370
15462 54076
15463 54037
15464 54040
15465 37672
15466 57128
15467 25376
15468 54173
15469 49961
15470 25370
15471 25370
15472 50077
15473 55080
15474 38688
15475 58155
15476 25384
15477 54072
15478 25368
15479 25370
15480 58241
15481 58144
15482 54173
15483 58272
15484 58218
15485 60160
15486 40480
15487 52000
15488 801
15489 19209
15490 25371
15491 25384
15492 53820
15493 55080
15494 53024
15495 49820
15496 25370
15497 17044
15498 54072
15499 50069
15500 50985
15501 62305
15502 27393
15503 53025
15504 58152
15505 55096
15506 27488
15507 19232
15508 17184
15509 54049
15510 49960
15511 26419
15512 25360
15513 49940
15514 25344
15515 15004
15516 25370
15517 4920
15518 19201
15519 54048
15520 49978
15521 25416
15522 54032
15523 39456
15524 49978
15525 50077
15526 63265
15527 50077
15528 17176
15529 40225
15530 54072
15531 54048
15532 63273
15533 59169
15534 40504
15535 37920
15536 39736
15537 25434
15538 58152
15539 37672
15540 37672
15541 55841
15542 37920
15543 25368
15544 59179
15545 38688
15546 5473
15547 25371
15548 25387
15549 53788
15550 53276
15551 17173
15552 38200
15553 54056
15554 53308
15555 37156
15556 5473
15557 58241
15558 25370
15559 37928
15560 25368
15561 40500
15562 19232
15563 40508
15564 60032
15565 27264
15566 27457
15567 25377
15568 17208
15569 58152
15570 25344
15571 53917
15572 37668
15573 26369
15574 51969
15575 58145
15576 55080
15577 25376
15578 49565
15579 19200
15580 49940
15581 27425
15582 49977
15583 58144
15584 57120
15585 40224
15586 50077
15587 61217
15588 54052
15589 53916
15590 49953
15591 54036
15592 53788
15593 54049
15594 27424
15595 54044
15596 21281
15597 26411
15598 25370
15599 61217
15600 49968
15601 60192
15602 49976
15603 58152
15604 25450
15605 62240
15606 54056
15607 25370
15608 19233
15609 49821
15610 25376
15611 18208
15612 25370
15613 25355
15614 25376
15615 38688
15616 58152
15617 25370
15618 49953
15619 19232
15620 28641
15621 25370
15622 872
15623 49821
15624 19232
15625 27432
15626 25377
15627 62241
15628 53793
15629 26400
15630 50077
15631 50077
15632 25344
15633 25370
15634 27417
15635 53917
15636 38452
15637 25371
15638 25370
15639 25370
15640 51969
15641 50072
15642 49952
15643 17184
15644 58234
15645 54056
15646 25370
15647 25344
15648 52009
15649 25370
15650 26409
15651 17176
15652 25377
15653 38456
15654 25434
15655 36921
15656 37920
15657 37688
15658 25370
15659 54048
15660 25370
15661 39472
15662 37424
15663 40480
15664 25377
15665 40504
15666 37152
15667 37944
15668 39980
15669 26473
15670 49944
15671 28513
15672 28513
15673 37924
15674 17185
15675 38688
15676 25370
15677 27280
15678 25370
15679 49953
15680 17208
15681 25368
15682 49944
15683 49960
15684 17177
15685 50069
15686 49953
15687 25377
15688 27264
15689 38436
15690 28641
15691 54044
15692 40504
15693 25371
15694 37160
15695 37920
15696 39720
15697 37689
15698 25370
15699 37924
15700 54072
15701 62240
15702 19200
15703 25370
15704 50077
15705 17184
15706 38688
15707 37160
15708 37665
15709 25353
15710 57120
15711 17193
15712 49969
15713 53917
15714 49953
15715 39480
15716 25371
15717 58155
15718 25370
15719 58138
15720 54065
15721 25434
15722 58208
15723 50077
15724 55072
15725 52001
15726 39976
15727 58145
15728 27264
15729 17168
15730 50077
15731 25448
15732 17184
15733 54112
15734 59168
15735 49944
15736 25370
15737 62349
15738 38688
15739 58269
15740 17168
15741 27425
15742 19232
15743 26409
15744 37920
15745 50072
15746 25434
15747 52016
15748 27425
15749 17192
15750 38184
15751 28457
15752 25384
15753 38712
15754 25370
15755 21288
15756 60160
15757 38688
15758 56104
15759 49952
15760 50077
15761 50077
15762 26385
15763 25360
15764 56096
15765 56096
15766 37920
15767 38200
15768 18217
15769 25368
15770 37920
15771 52001
15772 25387
15773 54060
15774 17208
15775 25370
15776 37920
15777 37920
15778 19216
15779 37920
15780 37920
15781 25434
15782 25402
15783 25368
15784 50077
15785 54073
15786 55080
15787 17208
15788 37920
15789 38712
15790 25370
15791 28545
15792 53788
15793 53564
15794 25370
15795 864
15796 8977
15797 51969
15798 37920
15799 25370
15800 27392
15801 40496
15802 23913
15803 25449
15804 49821
15805 54057
15806 53300
15807 53820
15808 17169
15809 58113
15810 49949
15811 37920
15812 38712
15813 27424
15814 25385
15815 37924
15816 25441
15817 49821
15818 38460
15819 49960
15820 37160
15821 25384
15822 50977
15823 17184
15824 18217
15825 55072
15826 27424
15827 25370
15828 25370
15829 25370
15830 54072
15831 52008
15832 53308
15833 25354
15834 17184
15835 54045
15836 55081
15837 58144
15838 25368
15839 50077
15840 55096
15841 60192
15842 54072
15843 17192
15844 56864
15845 38436
15846 39972
15847 54072
15848 54173
15849 49946
15850 25370
15851 52009
15852 27280
15853 50977
15854 25352
15855 54056
15856 38696
15857 62305
15858 57121
15859 25466
15860 38712
15861 60200
15862 49821
15863 54032
15864 49936
15865 58152
15866 50076
15867 58144
15868 17176
15869 53025
15870 38688
15871 63272
15872 52008
15873 25345
15874 62241
15875 54037
15876 25377
15877 49928
15878 50076
15879 39976
15880 52009
15881 17192
15882 52001
15883 40228
15884 58154
15885 25370
15886 49976
15887 38688
15888 25370
15889 27425
15890 17208
15891 57121
15892 25448
15893 25370
15894 52009
15895 49976
15896 49953
15897 25370
15898 39968
15899 6968
15900 18208
15901 25370
15902 25370
15903 39712
15904 25370
15905 49821
15906 55073
15907 5473
15908 25370
15909 28513
15910 25370
15911 49953
15912 37920
15913 27520
15914 37920
15915 27280
15916 37920
15917 58208
15918 39720
15919 52000
15920 17308
15921 58113
15922 57128
15923 58144
15924 52008
15925 37928
15926 37688
15927 39972
15928 53780
15929 37920
15930 25370
15931 25377
15932 25370
15933 55096
15934 54064
15935 38688
15936 50077
15937 49821
15938 38176
15939 58152
15940 25418
15941 25434
15942 54056
15943 54044
15944 37920
15945 52000
15946 25353
15947 39968
15948 26473
15949 25376
15950 55096
15951 39972
15952 37436
15953 25355
15954 25371
15955 40500
15956 50077
15957 37944
15958 37948
15959 53525
15960 50976
15961 25386
15962 53788
15963 54040
15964 39988
15965 25370
15966 25370
15967 17308
15968 58137
15969 54072
15970 25368
15971 25418
15972 50076
15973 39472
15974 25370
15975 54073
15976 55072
15977 19233
15978 25370
15979 40224
15980 51968
15981 49944
15982 58152
15983 51856
15984 49946
15985 25368
15986 53300
15987 50077
15988 39992
15989 37920
15990 17161
15991 25369
15992 25377
15993 54048
15994 53917
15995 25370
15996 51985
15997 57120
15998 39472
15999 58144
16000 28513
16001 19200
16002 49961
16003 2849
16004 25370
16005 37928
16006 25370
16007 25376
16008 37920
16009 49929
16010 53308
16011 58245
16012 55840
16013 63264
16014 2849
16015 49813
16016 59169
16017 59169
16018 58144
16019 38432
16020 54056
16021 62240
16022 27393
16023 37152
16024 54840
16025 25377
16026 25370
16027 37920
16028 27392
16029 25370
16030 37688
16031 25355
16032 39992
16033 49920
16034 25403
16035 39972
16036 25368
16037 25370
16038 39988
16039 37160
16040 49976
16041 37920
16042 37920
16043 25400
16044 39712
16045 61289
16046 39996
16047 54044
16048 53308
16049 49820
16050 37920
16051 32617
16052 17184
16053 25370
16054 17185
16055 26419
16056 39972
16057 17184
16058 37920
16059 25370
16060 27264
16061 49921
16062 37428
16063 37920
16064 27284
16065 28521
16066 33592
16067 55840
16068 25403
16069 25345
16070 27424
16071 25370
16072 49976
16073 27425
16074 28521
16075 49968
16076 25370
16077 59169
16078 25370
16079 38436
16080 37920
16081 58216
16082 54049
16083 54077
16084 54072
16085 27393
16086 54173
16087 52001
16088 25344
16089 55081
16090 58245
16091 54172
16092 54056
16093 54056
16094 25418
16095 58152
16096 25384
16097 19200
16098 59169
16099 52000
16100 25384
16101 19216
16102 65313
16103 49952
16104 49944
16105 58269
16106 53300
16107 54049
16108 17184
16109 54045
16110 54072
16111 25434
16112 53908
16113 53908
16114 25402
16115 49960
16116 58145
16117 59232
16118 17153
16119 58144
16120 55097
16121 52000
16122 49821
16123 25370
16124 38688
16125 55096
16126 39968
16127 49952
16128 62240
16129 38177
16130 25371
16131 19224
16132 25450
16133 25370
16134 38688
16135 37920
16136 40508
16137 17208
16138 37920
16139 38712
16140 37944
16141 25370
16142 37920
16143 25370
16144 25370
16145 25346
16146 37920
16147 49944
16148 39984
16149 25384
16150 19209
16151 25369
16152 26473
16153 58145
16154 51000
16155 37688
16156 37920
16157 37920
16158 25370
16159 38241
16160 37932
16161 28417
16162 26473
16163 26473
16164 27264
16165 17200
16166 49921
16167 25370
16168 26473
16169 27417
16170 58152
16171 37920
16172 61281
16173 50077
16174 32617
16175 37688
16176 49944
16177 54049
16178 25434
16179 49976
16180 37924
16181 25355
16182 17208
16183 25386
16184 49821
16185 38712
16186 54056
16187 55072
16188 17208
16189 51856
16190 39972
16191 61217
16192 32617
16193 25370
16194 25371
16195 39472
16196 38184
16197 27392
16198 39968
16199 53788
16200 38176
16201 25370
16202 54072
16203 49301
16204 25377
16205 55072
16206 40224
16207 54173
16208 19200
16209 25370
16210 37920
16211 25370
16212 37920
16213 58137
16214 49968
16215 25448
16216 38688
16217 17192
16218 57121
16219 37920
16220 54056
16221 50077
16222 25376
16223 25370
16224 54040
16225 56096
16226 62249
16227 54173
16228 54048
16229 54053
16230 39968
16231 49968
16232 25370
16233 25434
16234 25370
16235 38200
16236 55081
16237 59168
16238 64289
16239 50077
16240 55841
16241 52009
16242 39976
16243 25450
16244 25376
16245 26401
16246 37920
16247 54060
16248 58145
16249 25418
16250 25370
16251 52000
16252 58144
16253 49821
16254 27425
16255 28448
16256 25354
16257 25370
16258 56097
16259 19209
16260 25370
16261 39968
16262 37920
16263 28457
16264 50077
16265 53032
16266 17192
16267 39712
16268 25418
16269 19241
16270 54024
16271 19232
16272 37672
16273 25368
16274 27417
16275 37920
16276 25370
16277 37920
16278 37920
16279 37224
16280 25344
16281 39984
16282 55096
16283 25370
16284 37920
16285 39988
16286 2856
16287 25370
16288 5473
16289 40508
16290 25370
16291 33592
16292 55096
16293 54049
16294 39968
16295 5473
16296 27457
16297 28513
16298 25370
16299 39480
16300 58218
16301 25371
16302 25368
16303 25379
16304 54040
16305 50076
16306 808
16307 27264
16308 19233
16309 25434
16310 49953
16311 25368
16312 58152
16313 49820
16314 19201
16315 58145
16316 49944
16317 51976
16318 28521
16319 54056
16320 49976
16321 19233
16322 25361
16323 39720
16324 38176
16325 25370
16326 49944
16327 49940
16328 54072
16329 54048
16330 25352
16331 27393
16332 25370
16333 25402
16334 54076
16335 6968
16336 53308
16337 25352
16338 25466
16339 54173
16340 25376
16341 50077
16342 27425
16343 25384
16344 58145
16345 55841
16346 27432
16347 25370
16348 39480
16349 53820
16350 63265
16351 17184
16352 25450
16353 55072
16354 25370
16355 25387
16356 25434
16357 26369
16358 58144
16359 19240
16360 38176
16361 17184
16362 49937
16363 25363
16364 54056
16365 59168
16366 25370
16367 50077
16368 19233
16369 17200
16370 53780
16371 49821
16372 49953
16373 25368
16374 17176
16375 19200
16376 37672
16377 21281
16378 40225
16379 25345
16380 38440
16381 38688
16382 25400
16383 25352
16384 54060
16385 51969
16386 54328
16387 57120
16388 25370
16389 49920
16390 51985
16391 37920
16392 2848
16393 5473
16394 37920
16395 25402
16396 55096
16397 58152
16398 52000
16399 37924
16400 25370
16401 4896
16402 27456
16403 53300
16404 17185
16405 54064
16406 37924
16407 25347
16408 25370
16409 39456
16410 40496
16411 39480
16412 54056
16413 38176
16414 25354
16415 49953
16416 51985
16417 25353
16418 25376
16419 25370
16420 32617
16421 25370
16422 37944
16423 25370
16424 27425
16425 25370
16426 38688
16427 37224
16428 25345
16429 54056
16430 38712
16431 25370
16432 62305
16433 59169
16434 27280
16435 25376
16436 37920
16437 54074
16438 25344
16439 39968
16440 25377
16441 25418
16442 37924
16443 25370
16444 25384
16445 37688
16446 19233
16447 49820
16448 49953
16449 54056
16450 50077
16451 54072
16452 55841
16453 52000
16454 25370
16455 54072
16456 55096
16457 25441
16458 60161
16459 49821
16460 54072
16461 27392
16462 27393
16463 49953
16464 27425
16465 36924
16466 38184
16467 50077
16468 25346
16469 19240
16470 19233
16471 25368
16472 39712
16473 55073
16474 51856
16475 58144
16476 25434
16477 37924
16478 38688
16479 25370
16480 25354
16481 53917
16482 53788
16483 25376
16484 59169
16485 25370
16486 25371
16487 52008
16488 58144
16489 25370
16490 49944
16491 17176
16492 19233
16493 54048
16494 58112
16495 25434
16496 52008
16497 37932
16498 17178
16499 53820
16500 25466
16501 54049
16502 54048
16503 17176
16504 39972
16505 19248
16506 38689
16507 25370
16508 25352
16509 25368
16510 37920
16511 25417
16512 58144
16513 54056
16514 25376
16515 25377
16516 38688
16517 39996
16518 56104
16519 37920
16520 39972
16521 37920
16522 25384
16523 40504
16524 25346
16525 49514
16526 25354
16527 53525
16528 54060
16529 25368
16530 37672
16531 37920
16532 49821
16533 19240
16534 54036
16535 25377
16536 25370
16537 25402
16538 49960
16539 25376
16540 49952
16541 25384
16542 28513
16543 27264
16544 39980
16545 37924
16546 50077
16547 28545
16548 25434
16549 19232
16550 58218
16551 40496
16552 27424
16553 824
16554 17192
16555 38696
16556 38696
16557 25344
16558 28521
16559 39968
16560 53556
16561 54173
16562 59178
16563 38456
16564 25368
16565 38696
16566 58241
16567 38176
16568 25370
16569 25370
16570 60256
16571 50077
16572 40744
16573 38704
16574 19233
16575 54024
16576 39968
16577 50077
16578 38176
16579 18209
16580 54049
16581 49821
16582 51856
16583 53917
16584 54056
16585 17185
16586 52009
16587 55073
16588 25355
16589 25369
16590 27425
16591 59169
16592 58144
16593 54045
16594 54056
16595 17176
16596 37924
16597 58144
16598 49821
16599 38700
16600 37924
16601 25355
16602 19233
16603 25418
16604 61216
16605 25370
16606 49514
16607 49953
16608 58145
16609 52001
16610 54056
16611 50069
16612 25371
16613 38176
16614 25370
16615 6968
16616 53276
16617 25370
16618 27456
16619 52000
16620 38696
16621 40480
16622 58152
16623 25370
16624 808
16625 25344
16626 19232
16627 62241
16628 49976
16629 37940
16630 38712
16631 25370
16632 37920
16633 25376
16634 17208
16635 37688
16636 25384
16637 37944
16638 37920
16639 37920
16640 37920
16641 37688
16642 58269
16643 17208
16644 49948
16645 25400
16646 37920
16647 40736
16648 25353
16649 38696
16650 37920
16651 37688
16652 8986
16653 37920
16654 60192
16655 57129
16656 62349
16657 17184
16658 28641
16659 25441
16660 54065
16661 36916
16662 56097
16663 27424
16664 39712
16665 49953
16666 19232
16667 27488
16668 49976
16669 58145
16670 58145
16671 49921
16672 19233
16673 38180
16674 25440
16675 26411
16676 54072
16677 37920
16678 19233
16679 63265
16680 49944
16681 26403
16682 54048
16683 38184
16684 58123
16685 58145
16686 39972
16687 17209
16688 25376
16689 25370
16690 27425
16691 50077
16692 25353
16693 19233
16694 55072
16695 40292
16696 19241
16697 19233
16698 51000
16699 38184
16700 25377
16701 25376
16702 25377
16703 49953
16704 25418
16705 59179
16706 19233
16707 27392
16708 25384
16709 58123
16710 59168
16711 19233
16712 58152
16713 55080
16714 54057
16715 25345
16716 50077
16717 17044
16718 52001
16719 54049
16720 58144
16721 50077
16722 52001
16723 50077
16724 54049
16725 25370
16726 17176
16727 25450
16728 38240
16729 25410
16730 54072
16731 25370
16732 25370
16733 62305
16734 864
16735 25370
16736 38696
16737 49976
16738 37688
16739 37920
16740 25370
16741 25371
16742 49944
16743 39712
16744 40496
16745 37680
16746 25370
16747 39984
16748 4920
16749 25360
16750 39736
16751 40481
16752 54049
16753 25368
16754 33592
16755 37920
16756 49976
16757 4920
16758 49961
16759 28513
16760 65385
16761 25376
16762 25352
16763 39968
16764 25418
16765 58145
16766 801
16767 49978
16768 25448
16769 2840
16770 54076
16771 53788
16772 40504
16773 37432
16774 62241
16775 27465
16776 25370
16777 25434
16778 25354
16779 39968
16780 54072
16781 60193
16782 51856
16783 53917
16784 51000
16785 59232
16786 37920
16787 65313
16788 53793
16789 37672
16790 58145
16791 54056
16792 58152
16793 54057
16794 27264
16795 2840
16796 52009
16797 49960
16798 61281
16799 54056
16800 25418
16801 38240
16802 27264
16803 49821
16804 39456
16805 37924
16806 25370
16807 25371
16808 50077
16809 49952
16810 25353
16811 25368
16812 17185
16813 58144
16814 27393
16815 25400
16816 864
16817 27400
16818 27264
16819 808
16820 25371
16821 19200
16822 49952
16823 25370
16824 49960
16825 49821
16826 63341
16827 49921
16828 50077
16829 37932
16830 54056
16831 37936
16832 57128
16833 25352
16834 51856
16835 50077
16836 25371
16837 19224
16838 25418
16839 27424
16840 17184
16841 53917
16842 52001
16843 37920
16844 17185
16845 55840
16846 37924
16847 49952
16848 25370
16849 25370
16850 25384
16851 53308
16852 40736
16853 54072
16854 49976
16855 25370
16856 53308
16857 25370
16858 27392
16859 39968
16860 26419
16861 49961
16862 27419
16863 27393
16864 17176
16865 50077
16866 37920
16867 58208
16868 58216
16869 25370
16870 54048
16871 50077
16872 19232
16873 25418
16874 49953
16875 38176
16876 27489
16877 40224
16878 39968
16879 17176
16880 37688
16881 5473
16882 38176
16883 37920
16884 25370
16885 864
16886 17208
16887 39736
16888 54065
16889 25370
16890 25368
16891 37920
16892 2849
16893 27393
16894 57121
16895 40508
16896 39736
16897 38184
16898 40480
16899 19092
16900 62240
16901 49976
16902 19240
16903 27264
16904 39472
16905 37436
16906 25416
16907 25370
16908 28641
16909 38688
16910 54072
16911 54072
16912 62240
16913 50077
16914 38688
16915 27264
16916 25448
16917 17184
16918 54073
16919 39472
16920 38456
16921 49953
16922 37436
16923 25368
16924 17160
16925 55072
16926 25370
16927 28521
16928 49953
16929 53808
16930 37672
16931 49953
16932 38176
16933 27393
16934 50077
16935 17184
16936 39992
16937 19233
16938 57129
16939 17173
16940 54077
16941 54060
16942 50077
16943 19233
16944 53793
16945 25352
16946 37940
16947 37924
16948 17192
16949 55080
16950 50077
16951 49821
16952 27264
16953 49821
16954 25370
16955 37920
16956 50077
16957 51856
16958 25434
16959 49948
16960 20257
16961 62249
16962 25370
16963 25363
16964 49952
16965 52000
16966 62365
16967 27393
16968 25352
16969 19248
16970 25354
16971 19088
16972 25370
16973 40224
16974 51976
16975 38460
16976 27465
16977 25377
16978 58145
16979 864
16980 38689
16981 49960
16982 49821
16983 49929
16984 58241
16985 17176
16986 62241
16987 37924
16988 49952
16989 27424
16990 58144
16991 37920
16992 54032
16993 56097
16994 53276
16995 50985
16996 25370
16997 17044
16998 25370
16999 54029
17000 60032
17001 59179
17002 49940
17003 58245
17004 50977
17005 25370
17006 54173
17007 51976
17008 40225
17009 17044
17010 27521
17011 53916
17012 25370
17013 37920
17014 17044
17015 49821
17016 56120
17017 39992
17018 25376
17019 25344
17020 25419
17021 20257
17022 50077
17023 54053
17024 25369
17025 38456
17026 19233
17027 25368
17028 51856
17029 25434
17030 58144
17031 25440
17032 53032
17033 25370
17034 55072
17035 27401
17036 19232
17037 25368
17038 49953
17039 61217
17040 27520
17041 25377
17042 25370
17043 58112
17044 25368
17045 25387
17046 25377
17047 55096
17048 37156
17049 52008
17050 25418
17051 54172
17052 25370
17053 51856
17054 25370
17055 27264
17056 25376
17057 49953
17058 25355
17059 52008
17060 50984
17061 52000
17062 54072
17063 19233
17064 25370
17065 33592
17066 25377
17067 40480
17068 17209
17069 49976
17070 39968
17071 17176
17072 25370
17073 25386
17074 37160
17075 19088
17076 17173
17077 17176
17078 38452
17079 30569
17080 39968
17081 39972
17082 27425
17083 37920
17084 25370
17085 27264
17086 25370
17087 30569
17088 38712
17089 50076
17090 54173
17091 40504
17092 28521
17093 39988
17094 65385
17095 37920
17096 25370
17097 55096
17098 25368
17099 58153
17100 37436
17101 28513
17102 37920
17103 38176
17104 25434
17105 58269
17106 54056
17107 30569
17108 27488
17109 54049
17110 25370
17111 27280
17112 49978
17113 27264
17114 39992
17115 54328
17116 58154
17117 25376
17118 25370
17119 50016
17120 50077
17121 37436
17122 26473
17123 27264
17124 37940
17125 19233
17126 58113
17127 54044
17128 27264
17129 61289
17130 27264
17131 39996
17132 49812
17133 61281
17134 52001
17135 38704
17136 49944
17137 50077
17138 49952
17139 39456
17140 54048
17141 27264
17142 58144
17143 25370
17144 19201
17145 53820
17146 49952
17147 49812
17148 54049
17149 55080
17150 37160
17151 25368
17152 38700
17153 49821
17154 26401
17155 49812
17156 25370
17157 53916
17158 39968
17159 49952
17160 25376
17161 59169
17162 49952
17163 38180
17164 55840
17165 50077
17166 52009
17167 50984
17168 25370
17169 25352
17170 60192
17171 38712
17172 61217
17173 19240
17174 50077
17175 49952
17176 17209
17177 28641
17178 49812
17179 63265
17180 37944
17181 37920
17182 49953
17183 25371
17184 58216
17185 54048
17186 49961
17187 52008
17188 58152
17189 49820
17190 25371
17191 25386
17192 17184
17193 58145
17194 58139
17195 58153
17196 37920
17197 17256
17198 56105
17199 49813
17200 25344
17201 37665
17202 53032
17203 53917
17204 58272
17205 54056
17206 58112
17207 50077
17208 37432
17209 25450
17210 54173
17211 25344
17212 17185
17213 17184
17214 25434
17215 17184
17216 19240
17217 57120
17218 54072
17219 36916
17220 50077
17221 38696
17222 49960
17223 18209
17224 49952
17225 19233
17226 25370
17227 50076
17228 17185
17229 38184
17230 37924
17231 58153
17232 49936
17233 49952
17234 58208
17235 17192
17236 53917
17237 49952
17238 40481
17239 55072
17240 27521
17241 53300
17242 25370
17243 54040
17244 25384
17245 49960
17246 49941
17247 49953
17248 49952
17249 25376
17250 54173
17251 54328
17252 25370
17253 58144
17254 38436
17255 17176
17256 25370
17257 49952
17258 52016
17259 54173
17260 25448
17261 53917
17262 52000
17263 37152
17264 49960
17265 54049
17266 39208
17267 21281
17268 54173
17269 58112
17270 60032
17271 25434
17272 58113
17273 25370
17274 54048
17275 17153
17276 27393
17277 60032
17278 54072
17279 25370
17280 55080
17281 49945
17282 25377
17283 54048
17284 38688
17285 37920
17286 37920
17287 37920
17288 49976
17289 25352
17290 61216
17291 38184
17292 39996
17293 37920
17294 37688
17295 37689
17296 57121
17297 25370
17298 55072
17299 53917
17300 37920
17301 39984
17302 40480
17303 54173
17304 37920
17305 25353
17306 25370
17307 37920
17308 25355
17309 4920
17310 28521
17311 37920
17312 25345
17313 28513
17314 27280
17315 27393
17316 37920
17317 38176
17318 26473
17319 25368
17320 50077
17321 26473
17322 27400
17323 39984
17324 25370
17325 58144
17326 28521
17327 54037
17328 25371
17329 17185
17330 27497
17331 37920
17332 25451
17333 25370
17334 37920
17335 17176
17336 800
17337 37944
17338 25370
17339 39972
17340 27400
17341 28521
17342 27424
17343 27280
17344 50977
17345 54017
17346 55840
17347 39976
17348 40508
17349 17152
17350 38696
17351 38456
17352 37920
17353 37920
17354 25370
17355 25354
17356 54056
17357 50077
17358 27264
17359 54048
17360 17192
17361 62240
17362 17153
17363 37664
17364 58144
17365 49953
17366 56096
17367 38696
17368 40504
17369 26474
17370 62249
17371 37672
17372 54173
17373 63265
17374 54112
17375 25370
17376 25386
17377 49976
17378 58139
17379 56096
17380 50076
17381 4920
17382 38176
17383 25352
17384 27489
17385 26409
17386 25384
17387 57128
17388 39480
17389 17152
17390 50076
17391 52001
17392 50977
17393 38712
17394 58144
17395 54073
17396 49944
17397 38689
17398 37728
17399 49949
17400 49821
17401 27425
17402 39736
17403 50076
17404 37920
17405 49945
17406 58123
17407 37920
17408 25353
17409 59232
17410 27424
17411 62365
17412 27425
17413 54072
17414 25352
17415 49821
17416 50977
17417 52000
17418 49946
17419 25370
17420 59179
17421 54049
17422 25400
17423 58155
17424 49929
17425 49960
17426 49952
17427 38176
17428 49813
17429 54049
17430 61217
17431 38176
17432 49976
17433 49952
17434 37672
17435 26473
17436 37920
17437 49933
17438 25377
17439 17178
17440 53917
17441 64289
17442 49953
17443 53808
17444 58136
17445 58112
17446 19233
17447 27520
17448 49953
17449 19232
17450 25370
17451 10900
17452 37924
17453 37940
17454 37920
17455 26409
17456 58145
17457 18209
17458 37920
17459 50077
17460 25370
17461 17160
17462 53917
17463 54048
17464 49821
17465 25370
17466 58121
17467 25370
17468 54072
17469 26401
17470 54049
17471 51976
17472 54072
17473 54173
17474 50069
17475 37736
17476 37924
17477 57128
17478 39968
17479 25355
17480 49821
17481 49945
17482 50077
17483 38689
17484 25434
17485 40232
17486 58209
17487 39200
17488 54048
17489 801
17490 37920
17491 25355
17492 19232
17493 58219
17494 38688
17495 49953
17496 49960
17497 49821
17498 53917
17499 49920
17500 37688
17501 37920
17502 37152
17503 27457
17504 37688
17505 25370
17506 5473
17507 38712
17508 37920
17509 25370
17510 60256
17511 51000
17512 56120
17513 54073
17514 54049
17515 25360
17516 32617
17517 37920
17518 37920
17519 5473
17520 25354
17521 25368
17522 28513
17523 26473
17524 59176
17525 27280
17526 49978
17527 25370
17528 54056
17529 26473
17530 38184
17531 37944
17532 28513
17533 49821
17534 49960
17535 39972
17536 25370
17537 27424
17538 37920
17539 808
17540 55096
17541 25370
17542 25370
17543 49821
17544 25377
17545 53916
17546 54064
17547 38176
17548 54072
17549 26473
17550 2840
17551 26473
17552 25418
17553 50985
17554 38432
17555 25353
17556 25370
17557 27521
17558 39972
17559 17168
17560 25387
17561 28513
17562 25416
17563 64288
17564 25370
17565 49952
17566 49960
17567 49949
17568 25345
17569 28521
17570 55096
17571 49949
17572 49821
17573 54048
17574 54173
17575 17185
17576 49944
17577 25344
17578 17161
17579 19232
17580 25376
17581 25384
17582 64288
17583 49961
17584 58272
17585 53820
17586 56096
17587 50073
17588 25371
17589 40480
17590 56096
17591 25368
17592 28521
17593 55840
17594 38184
17595 54049
17596 17176
17597 38180
17598 17169
17599 27264
17600 19240
17601 49949
17602 25368
17603 19232
17604 54072
17605 49933
17606 59168
17607 50077
17608 49821
17609 52000
17610 19216
17611 49821
17612 8986
17613 19208
17614 49953
17615 37924
17616 25368
17617 49301
17618 49952
17619 19201
17620 27425
17621 59176
17622 39720
17623 39720
17624 50077
17625 54048
17626 50077
17627 17208
17628 25403
17629 58113
17630 50077
17631 17184
17632 57121
17633 49821
17634 38176
17635 49821
17636 53917
17637 37152
17638 58145
17639 58208
17640 55073
17641 25370
17642 54112
17643 37920
17644 49952
17645 25370
17646 57129
17647 56104
17648 58122
17649 54056
17650 27488
17651 49813
17652 25434
17653 25402
17654 19201
17655 54072
17656 54056
17657 54044
17658 58112
17659 26411
17660 19233
17661 17185
17662 57121
17663 52000
17664 50077
17665 25353
17666 58113
17667 54049
17668 17185
17669 19240
17670 54060
17671 54057
17672 49976
17673 19201
17674 53788
17675 27521
17676 54048
17677 54056
17678 54173
17679 49953
17680 39968
17681 49952
17682 49960
17683 60192
17684 58170
17685 21288
17686 27393
17687 54048
17688 17044
17689 65377
17690 62240
17691 25408
17692 49953
17693 58218
17694 17169
17695 58154
17696 17192
17697 58152
17698 50977
17699 872
17700 58153
17701 49976
17702 19092
17703 25370
17704 49813
17705 25370
17706 49949
17707 50077
17708 19232
17709 49968
17710 58144
17711 37920
17712 38689
17713 37920
17714 39720
17715 40744
17716 37920
17717 55073
17718 25345
17719 54072
17720 25370
17721 37920
17722 37920
17723 38176
17724 28641
17725 25368
17726 26473
17727 39968
17728 27280
17729 37920
17730 37160
17731 38176
17732 54072
17733 37944
17734 60193
17735 25370
17736 39968
17737 17181
17738 54052
17739 25440
17740 37920
17741 25377
17742 25344
17743 37920
17744 37920
17745 27393
17746 40508
17747 28521
17748 38456
17749 65385
17750 39972
17751 56097
17752 56096
17753 26385
17754 15004
17755 37920
17756 25370
17757 26395
17758 60160
17759 28641
17760 37920
17761 39736
17762 27392
17763 58145
17764 58145
17765 39972
17766 25370
17767 54061
17768 37948
17769 40496
17770 54049
17771 25370
17772 27392
17773 26473
17774 49821
17775 25370
17776 19233
17777 39984
17778 25371
17779 19200
17780 17208
17781 37672
17782 55081
17783 25370
17784 40737
17785 54172
17786 49949
17787 19201
17788 50077
17789 53788
17790 40224
17791 17184
17792 17176
17793 37924
17794 50977
17795 38448
17796 54049
17797 37948
17798 19224
17799 49940
17800 25355
17801 37432
17802 18209
17803 49952
17804 58145
17805 27488
17806 27392
17807 52008
17808 49961
17809 54072
17810 54173
17811 25352
17812 54024
17813 54049
17814 38688
17815 25370
17816 39968
17817 25370
17818 58145
17819 55840
17820 49952
17821 40737
17822 37680
17823 50069
17824 58123
17825 49952
17826 25368
17827 59178
17828 60193
17829 54057
17830 25370
17831 39968
17832 25370
17833 38689
17834 25450
17835 49821
17836 49945
17837 25370
17838 49821
17839 54048
17840 49952
17841 38696
17842 25370
17843 60256
17844 58241
17845 53808
17846 54045
17847 60256
17848 51985
17849 60192
17850 39968
17851 25370
17852 58112
17853 27400
17854 2840
17855 55841
17856 18217
17857 58272
17858 37936
17859 54173
17860 25346
17861 25371
17862 25370
17863 50077
17864 54049
17865 38688
17866 54044
17867 17248
17868 25384
17869 51000
17870 58155
17871 38696
17872 38177
17873 54056
17874 58208
17875 25377
17876 40744
17877 63264
17878 25370
17879 58145
17880 17184
17881 25370
17882 25377
17883 50077
17884 60200
17885 17178
17886 49961
17887 28449
17888 58145
17889 49821
17890 49961
17891 19233
17892 17208
17893 17176
17894 55081
17895 25352
17896 25370
17897 37672
17898 58123
17899 25400
17900 37920
17901 25370
17902 25368
17903 19224
17904 37920
17905 25384
17906 808
17907 37920
17908 37920
17909 65385
17910 37920
17911 25400
17912 60032
17913 51856
17914 54840
17915 37924
17916 27419
17917 37920
17918 58112
17919 25370
17920 37920
17921 39968
17922 17184
17923 58168
17924 25360
17925 49976
17926 27264
17927 19200
17928 27280
17929 40224
17930 49821
17931 37940
17932 37160
17933 54064
17934 58145
17935 53300
17936 62241
17937 49976
17938 27280
17939 58209
17940 38184
17941 62240
17942 28521
17943 19224
17944 54048
17945 54044
17946 60192
17947 49952
17948 25379
17949 50077
17950 17256
17951 54056
17952 52000
17953 19200
17954 37664
17955 55088
17956 50077
17957 19233
17958 58144
17959 25370
17960 17176
17961 54840
17962 49976
17963 25386
17964 37672
17965 19232
17966 50076
17967 54048
17968 58144
17969 25377
17970 53024
17971 39480
17972 56104
17973 37688
17974 37936
17975 50077
17976 25370
17977 55072
17978 58145
17979 17208
17980 37728
17981 38184
17982 50069
17983 49953
17984 49821
17985 54029
17986 54061
17987 19232
17988 58145
17989 49821
17990 55088
17991 25370
17992 17248
17993 54053
17994 19216
17995 39208
17996 39992
17997 39972
17998 63265
17999 52000
18000 25371
18001 51976
18002 50077
18003 51968
18004 58145
18005 26411
18006 53916
18007 58113
18008 49921
18009 37924
18010 25384
18011 19233
18012 25370
18013 25368
18014 25384
18015 54017
18016 52008
18017 58121
18018 58145
18019 55096
18020 56105
18021 62365
18022 25346
18023 49813
18024 58153
18025 17193
18026 25370
18027 49821
18028 25371
18029 58152
18030 49976
18031 50977
18032 58145
18033 49929
18034 58245
18035 49936
18036 27393
18037 54048
18038 25347
18039 25377
18040 38688
18041 39968
18042 25354
18043 37688
18044 19200
18045 55080
18046 54049
18047 25376
18048 49812
18049 58145
18050 38712
18051 37944
18052 25440
18053 25440
18054 37920
18055 58144
18056 25370
18057 58144
18058 56105
18059 49821
18060 49941
18061 53788
18062 27393
18063 58145
18064 49961
18065 26401
18066 25370
18067 55096
18068 27489
18069 25368
18070 25370
18071 25370
18072 19200
18073 25370
18074 56104
18075 25352
18076 38696
18077 54072
18078 25360
18079 27264
18080 25370
18081 60256
18082 40744
18083 65313
18084 49952
18085 49977
18086 55096
18087 54049
18088 25377
18089 49812
18090 49944
18091 58145
18092 37924
18093 27424
18094 27392
18095 17208
18096 37920
18097 25368
18098 25370
18099 37920
18100 25370
18101 25344
18102 49968
18103 58152
18104 25384
18105 25370
18106 25434
18107 49976
18108 38688
18109 38180
18110 37920
18111 5473
18112 25349
18113 25370
18114 27264
18115 37920
18116 37924
18117 39972
18118 25449
18119 28513
18120 37672
18121 54052
18122 37920
18123 25370
18124 25370
18125 37924
18126 17184
18127 28489
18128 40292
18129 28521
18130 26400
18131 63264
18132 28641
18133 49821
18134 37688
18135 25377
18136 19201
18137 25386
18138 33592
18139 25402
18140 19092
18141 52008
18142 28481
18143 19088
18144 25370
18145 25354
18146 25410
18147 58154
18148 25345
18149 37920
18150 40480
18151 40737
18152 25370
18153 53917
18154 53276
18155 40297
18156 54048
18157 28489
18158 51000
18159 58122
18160 39992
18161 50076
18162 25449
18163 50069
18164 52000
18165 50984
18166 58272
18167 53525
18168 58145
18169 54056
18170 60200
18171 27280
18172 53276
18173 52008
18174 49949
18175 25434
18176 62240
18177 54056
18178 49960
18179 25403
18180 17152
18181 25369
18182 58145
18183 53540
18184 49976
18185 28577
18186 37672
18187 54048
18188 54064
18189 38456
18190 55088
18191 50069
18192 25370
18193 58152
18194 58128
18195 49976
18196 61289
18197 37944
18198 54173
18199 25370
18200 57121
18201 40480
18202 25434
18203 55080
18204 54173
18205 58136
18206 39972
18207 17176
18208 50077
18209 58209
18210 17152
18211 37920
18212 39968
18213 19208
18214 50977
18215 54072
18216 49944
18217 54040
18218 25385
18219 37920
18220 40744
18221 25376
18222 65313
18223 26473
18224 62365
18225 56096
18226 54056
18227 17176
18228 63264
18229 49976
18230 49821
18231 25386
18232 25377
18233 60193
18234 62248
18235 55072
18236 37920
18237 25434
18238 49952
18239 40224
18240 26411
18241 53917
18242 25370
18243 58145
18244 51856
18245 27432
18246 25344
18247 37944
18248 54036
18249 49812
18250 25370
18251 58144
18252 25361
18253 27425
18254 25370
18255 58145
18256 49953
18257 25370
18258 49952
18259 25352
18260 58112
18261 58152
18262 65313
18263 54048
18264 40224
18265 39968
18266 39972
18267 53276
18268 27419
18269 17210
18270 52001
18271 25370
18272 27425
18273 25371
18274 25370
18275 52008
18276 54056
18277 25377
18278 25402
18279 25370
18280 56096
18281 36916
18282 38180
18283 37944
18284 49301
18285 37920
18286 25384
18287 53788
18288 27424
18289 49960
18290 37736
18291 58145
18292 58144
18293 25370
18294 27424
18295 40736
18296 62241
18297 25345
18298 25370
18299 40737
18300 38184
18301 50076
18302 55081
18303 25370
18304 25376
18305 17168
18306 25376
18307 37920
18308 25370
18309 50077
18310 19200
18311 50077
18312 25370
18313 58145
18314 49821
18315 28449
18316 25440
18317 25370
18318 25360
18319 58144
18320 57129
18321 25368
18322 25370
18323 27401
18324 25434
18325 37672
18326 25368
18327 50984
18328 49821
18329 25353
18330 38712
18331 37424
18332 39712
18333 28521
18334 37920
18335 28489
18336 58154
18337 28489
18338 50077
18339 50076
18340 37920
18341 38688
18342 27264
18343 54328
18344 25371
18345 55073
18346 37920
18347 17176
18348 25352
18349 36921
18350 32617
18351 38696
18352 57121
18353 27264
18354 38432
18355 25370
18356 58144
18357 53025
18358 38688
18359 62365
18360 38696
18361 59178
18362 61216
18363 19201
18364 19201
18365 23913
18366 25449
18367 54072
18368 27401
18369 54072
18370 17184
18371 25449
18372 49949
18373 56097
18374 19201
18375 38696
18376 49952
18377 50077
18378 49820
18379 25376
18380 26400
18381 27401
18382 40744
18383 54064
18384 37920
18385 25368
18386 25368
18387 37672
18388 17176
18389 58145
18390 25346
18391 49944
18392 32617
18393 25345
18394 54056
18395 58121
18396 25386
18397 27425
18398 55072
18399 26403
18400 58136
18401 49921
18402 54056
18403 39472
18404 25352
18405 21288
18406 50077
18407 17184
18408 49933
18409 50077
18410 25418
18411 54072
18412 37728
18413 37436
18414 49961
18415 58145
18416 38688
18417 53792
18418 17185
18419 38456
18420 49960
18421 58152
18422 50077
18423 40480
18424 49944
18425 53917
18426 17185
18427 17208
18428 55080
18429 25466
18430 19208
18431 52000
18432 54057
18433 54048
18434 50077
18435 58144
18436 25370
18437 53540
18438 54172
18439 40224
18440 25370
18441 59232
18442 25441
18443 52008
18444 54072
18445 52000
18446 40496
18447 55072
18448 54056
18449 25370
18450 53808
18451 17209
18452 26400
18453 64289
18454 17161
18455 26401
18456 28641
18457 50077
18458 37924
18459 27520
18460 56120
18461 25418
18462 19240
18463 59169
18464 38184
18465 17208
18466 51968
18467 56096
18468 25418
18469 49953
18470 19201
18471 27520
18472 40224
18473 57120
18474 25370
18475 25370
18476 25370
18477 57121
18478 49949
18479 50985
18480 60193
18481 808
18482 25450
18483 56097
18484 56104
18485 25370
18486 49969
18487 25377
18488 55080
18489 25370
18490 25345
18491 37920
18492 19209
18493 25370
18494 54064
18495 25353
18496 17177
18497 36924
18498 52001
18499 25370
18500 62349
18501 37932
18502 37924
18503 25370
18504 27425
18505 38688
18506 58144
18507 59169
18508 25347
18509 25361
18510 25370
18511 27393
18512 17168
18513 25360
18514 38704
18515 37920
18516 39972
18517 49921
18518 54037
18519 59169
18520 864
18521 53300
18522 25355
18523 37944
18524 37920
18525 25370
18526 17193
18527 25370
18528 25376
18529 32617
18530 52008
18531 25385
18532 39968
18533 54052
18534 27424
18535 17152
18536 25466
18537 28481
18538 25362
18539 27264
18540 26473
18541 49953
18542 39200
18543 25370
18544 51856
18545 25466
18546 62240
18547 19240
18548 50076
18549 25344
18550 25376
18551 49976
18552 19232
18553 38452
18554 54064
18555 37920
18556 25369
18557 64288
18558 55080
18559 49960
18560 25376
18561 49952
18562 57129
18563 25377
18564 56096
18565 49952
18566 55080
18567 37932
18568 50077
18569 60193
18570 49952
18571 49812
18572 49960
18573 53917
18574 28417
18575 25370
18576 28513
18577 53820
18578 58120
18579 25377
18580 17208
18581 27425
18582 27425
18583 54056
18584 49953
18585 37920
18586 25370
18587 4896
18588 26387
18589 54053
18590 60032
18591 53560
18592 19232
18593 53308
18594 38460
18595 26411
18596 49952
18597 52000
18598 19241
18599 60200
18600 25384
18601 50016
18602 27392
18603 49301
18604 49812
18605 25352
18606 60200
18607 25354
18608 17192
18609 25371
18610 25370
18611 25370
18612 25370
18613 64288
18614 50076
18615 27456
18616 61281
18617 55081
18618 53917
18619 25345
18620 49944
18621 49921
18622 53268
18623 62349
18624 25370
18625 62240
18626 27392
18627 54044
18628 52008
18629 56096
18630 19200
18631 25369
18632 49936
18633 17192
18634 60193
18635 59177
18636 38456
18637 52001
18638 25370
18639 54064
18640 54112
18641 38176
18642 37920
18643 25370
18644 40508
18645 26395
18646 49821
18647 50077
18648 37924
18649 39992
18650 37944
18651 60032
18652 25370
18653 25449
18654 62240
18655 27432
18656 19233
18657 19232
18658 49948
18659 25408
18660 38176
18661 17208
18662 25377
18663 27432
18664 54037
18665 17161
18666 17185
18667 25370
18668 25371
18669 25370
18670 53917
18671 62305
18672 17160
18673 37920
18674 62349
18675 27393
18676 40504
18677 53917
18678 19233
18679 25370
18680 25376
18681 55080
18682 37664
18683 25369
18684 27425
18685 49812
18686 49960
18687 17184
18688 50077
18689 49920
18690 58269
18691 49936
18692 27424
18693 55080
18694 59169
18695 52001
18696 59177
18697 28449
18698 52001
18699 25370
18700 25376
18701 49952
18702 17152
18703 26385
18704 39972
18705 25345
18706 50077
18707 37920
18708 39968
18709 25368
18710 37920
18711 25369
18712 40500
18713 49976
18714 27432
18715 25352
18716 55097
18717 25368
18718 38689
18719 52000
18720 50077
18721 37920
18722 25370
18723 38176
18724 37920
18725 25408
18726 55072
18727 58145
18728 25355
18729 54173
18730 25370
18731 19092
18732 27409
18733 17184
18734 37920
18735 17169
18736 37920
18737 50072
18738 55072
18739 25376
18740 28521
18741 25386
18742 65321
18743 17184
18744 56096
18745 54840
18746 38176
18747 49976
18748 52009
18749 40224
18750 28641
18751 19233
18752 20257
18753 49961
18754 17177
18755 60161
18756 28641
18757 38184
18758 39472
18759 19201
18760 25370
18761 25387
18762 25369
18763 27425
18764 54076
18765 49976
18766 37688
18767 19200
18768 37920
18769 25355
18770 37688
18771 17308
18772 25368
18773 27425
18774 28521
18775 39992
18776 27489
18777 63272
18778 37428
18779 17209
18780 55073
18781 36924
18782 38456
18783 49953
18784 36916
18785 53793
18786 37920
18787 28641
18788 50077
18789 53268
18790 824
18791 58112
18792 27425
18793 20257
18794 38688
18795 49968
18796 50976
18797 39972
18798 27425
18799 25370
18800 55073
18801 50077
18802 17184
18803 58145
18804 49928
18805 25349
18806 38180
18807 49952
18808 25370
18809 25346
18810 39456
18811 49961
18812 25377
18813 50984
18814 49960
18815 25386
18816 25376
18817 54061
18818 58152
18819 54056
18820 25370
18821 52008
18822 19208
18823 59168
18824 52001
18825 54052
18826 25370
18827 38460
18828 18209
18829 50077
18830 38176
18831 40745
18832 58245
18833 49952
18834 27425
18835 39968
18836 58145
18837 38184
18838 39968
18839 25402
18840 37176
18841 54049
18842 27425
18843 25370
18844 58272
18845 59168
18846 39968
18847 25368
18848 37944
18849 49960
18850 17044
18851 58144
18852 38200
18853 50077
18854 49960
18855 53793
18856 25377
18857 57121
18858 53308
18859 54057
18860 54049
18861 49821
18862 54049
18863 37924
18864 52000
18865 49960
18866 27400
18867 39968
18868 55080
18869 62240
18870 49929
18871 25370
18872 25370
18873 49976
18874 52001
18875 56104
18876 54049
18877 53557
18878 58186
18879 54048
18880 40233
18881 25368
18882 27425
18883 49944
18884 25370
18885 19232
18886 60193
18887 58144
18888 53917
18889 63264
18890 39200
18891 37920
18892 52000
18893 19233
18894 801
18895 54057
18896 38712
18897 824
18898 40292
18899 17210
18900 17192
18901 40504
18902 54056
18903 25345
18904 37924
18905 58170
18906 37920
18907 49976
18908 800
18909 37920
18910 39972
18911 49976
18912 39968
18913 27264
18914 39984
18915 38688
18916 40736
18917 17208
18918 17044
18919 53812
18920 25417
18921 27521
18922 32617
18923 38700
18924 28457
18925 37920
18926 25353
18927 36920
18928 54076
18929 39480
18930 19241
18931 52001
18932 37924
18933 49928
18934 25344
18935 54060
18936 25370
18937 37920
18938 25434
18939 59168
18940 59168
18941 39720
18942 49976
18943 49952
18944 28449
18945 19233
18946 801
18947 52000
18948 50077
18949 49969
18950 25376
18951 58144
18952 39720
18953 39992
18954 25370
18955 25418
18956 53820
18957 25368
18958 40225
18959 25354
18960 40508
18961 38688
18962 25402
18963 37688
18964 49952
18965 49933
18966 38704
18967 40480
18968 38688
18969 17256
18970 39996
18971 27264
18972 49920
18973 50077
18974 38180
18975 27280
18976 54044
18977 37424
18978 54072
18979 38188
18980 37924
18981 55072
18982 25370
18983 25370
18984 38696
18985 37944
18986 40744
18987 56096
18988 54173
18989 36916
18990 37920
18991 26401
18992 17193
18993 54076
18994 25352
18995 56097
18996 27456
18997 27392
18998 49821
18999 37944
19000 17176
19001 56097
19002 54065
19003 25370
19004 19233
19005 49921
19006 58144
19007 53917
19008 49960
19009 49953
19010 25370
19011 50077
19012 50077
19013 54056
19014 27488
19015 25370
19016 51969
19017 37428
19018 39968
19019 58155
19020 61216
19021 25440
19022 54048
19023 25376
19024 58152
19025 52001
19026 25370
19027 25449
19028 49821
19029 39736
19030 49953
19031 25377
19032 55073
19033 63264
19034 52009
19035 58145
19036 51985
19037 50984
19038 37920
19039 37672
19040 17185
19041 49960
19042 54072
19043 54172
19044 53788
19045 49969
19046 40496
19047 37920
19048 25368
19049 49976
19050 58138
19051 37176
19052 19201
19053 17044
19054 49821
19055 59178
19056 55080
19057 40737
19058 37424
19059 54040
19060 25370
19061 40504
19062 17209
19063 56864
19064 25377
19065 54037
19066 25384
19067 25376
19068 50984
19069 19088
19070 25370
19071 54036
19072 54072
19073 55072
19074 49953
19075 49960
19076 38712
19077 39968
19078 38688
19079 54173
19080 38688
19081 38689
19082 51969
19083 19232
19084 50068
19085 55080
19086 40224
19087 19209
19088 58241
19089 61217
19090 49936
19091 25344
19092 62241
19093 17184
19094 49952
19095 25376
19096 58144
19097 26395
19098 58208
19099 17208
19100 49976
19101 49949
19102 25370
19103 49812
19104 25370
19105 25370
19106 50076
19107 25370
19108 27392
19109 25345
19110 52000
19111 52008
19112 25370
19113 25434
19114 58218
19115 39976
19116 50069
19117 58137
19118 8986
19119 39472
19120 25368
19121 49977
19122 37920
19123 58144
19124 37920
19125 19232
19126 37689
19127 39460
19128 54057
19129 37672
19130 49976
19131 37224
19132 37920
19133 37920
19134 26473
19135 28521
19136 37920
19137 25434
19138 37688
19139 38688
19140 54056
19141 37920
19142 49976
19143 39968
19144 26473
19145 37432
19146 26473
19147 17176
19148 58241
19149 37920
19150 32617
19151 17178
19152 28513
19153 49812
19154 25400
19155 25370
19156 27392
19157 49953
19158 17168
19159 54056
19160 61289
19161 38688
19162 39472
19163 54173
19164 52008
19165 58145
19166 40224
19167 54056
19168 25355
19169 37948
19170 60256
19171 52001
19172 40496
19173 49953
19174 49953
19175 52001
19176 25361
19177 53300
19178 25434
19179 40744
19180 27425
19181 17185
19182 25418
19183 58145
19184 27264
19185 17193
19186 55072
19187 25434
19188 60192
19189 25418
19190 54048
19191 49933
19192 17184
19193 25370
19194 57128
19195 25368
19196 49949
19197 56096
19198 37932
19199 58144
19200 25354
19201 25419
19202 19248
19203 54016
19204 25370
19205 54072
19206 56105
19207 25370
19208 37948
19209 65313
19210 55096
19211 59169
19212 25370
19213 25434
19214 56096
19215 25355
19216 17160
19217 25370
19218 25448
19219 55073
19220 37920
19221 19232
19222 49821
19223 49920
19224 39988
19225 17192
19226 51856
19227 40480
19228 59168
19229 62248
19230 25370
19231 49813
19232 55081
19233 17248
19234 19233
19235 58272
19236 17208
19237 37688
19238 27392
19239 17184
19240 49821
19241 52009
19242 54049
19243 55080
19244 49937
19245 54049
19246 25385
19247 27392
19248 25370
19249 37436
19250 25355
19251 37920
19252 17184
19253 25370
19254 63264
19255 60193
19256 25418
19257 61217
19258 19200
19259 54056
19260 49977
19261 49821
19262 27425
19263 38689
19264 37948
19265 54072
19266 25403
19267 56104
19268 58145
19269 27393
19270 25370
19271 25370
19272 54049
19273 25370
19274 53917
19275 25434
19276 52000
19277 52001
19278 60160
19279 60193
19280 54049
19281 52001
19282 39968
19283 49960
19284 25384
19285 36916
19286 25370
19287 49301
19288 37664
19289 53917
19290 55073
19291 49944
19292 25370
19293 60160
19294 58145
19295 60160
19296 54060
19297 38177
19298 25370
19299 37924
19300 59178
19301 58218
19302 25386
19303 58136
19304 54173
19305 25376
19306 25402
19307 50076
19308 38704
19309 54072
19310 37672
19311 25400
19312 19240
19313 38704
19314 25370
19315 25353
19316 58152
19317 49821
19318 58136
19319 37920
19320 37920
19321 37920
19322 28521
19323 57121
19324 25370
19325 58144
19326 25370
19327 25371
19328 61217
19329 37944
19330 25355
19331 25368
19332 25370
19333 28449
19334 5473
19335 38177
19336 28513
19337 58144
19338 37924
19339 28641
19340 54056
19341 36924
19342 40481
19343 49952
19344 25353
19345 19232
19346 49952
19347 60200
19348 25370
19349 25400
19350 37924
19351 26379
19352 37920
19353 51969
19354 37924
19355 19233
19356 39968
19357 63341
19358 55080
19359 25347
19360 25370
19361 56096
19362 25344
19363 54056
19364 26473
19365 55073
19366 49944
19367 54072
19368 57121
19369 58144
19370 17176
19371 25370
19372 19232
19373 38696
19374 50076
19375 50076
19376 37428
19377 25403
19378 25448
19379 49921
19380 25362
19381 40496
19382 53820
19383 38180
19384 38177
19385 17184
19386 55080
19387 25360
19388 60193
19389 65313
19390 54072
19391 25370
19392 55096
19393 25441
19394 38188
19395 54072
19396 49953
19397 19200
19398 25355
19399 54048
19400 25353
19401 26401
19402 37924
19403 25370
19404 39968
19405 49301
19406 28513
19407 58145
19408 49960
19409 55072
19410 25418
19411 53808
19412 49921
19413 49821
19414 25354
19415 25370
19416 39456
19417 60160
19418 54048
19419 60032
19420 27553
19421 27393
19422 25450
19423 2856
19424 27456
19425 17044
19426 49952
19427 58241
19428 17168
19429 55072
19430 25371
19431 49953
19432 50985
19433 25370
19434 27392
19435 49952
19436 25344
19437 25344
19438 25376
19439 39976
19440 58144
19441 49821
19442 60032
19443 54064
19444 38689
19445 56096
19446 872
19447 52000
19448 25370
19449 54048
19450 54049
19451 37424
19452 40736
19453 37920
19454 37920
19455 59168
19456 28417
19457 38712
19458 54064
19459 58138
19460 53792
19461 25345
19462 55072
19463 17176
19464 49945
19465 38184
19466 17161
19467 52001
19468 53916
19469 52000
19470 50076
19471 17185
19472 25369
19473 38176
19474 17184
19475 25370
19476 54056
19477 39480
19478 52001
19479 25355
19480 54172
19481 58154
19482 37940
19483 19232
19484 54053
19485 17192
19486 27393
19487 25418
19488 25368
19489 49953
19490 25376
19491 49960
19492 58113
19493 54056
19494 27401
19495 49952
19496 49821
19497 53564
19498 25370
19499 25370
19500 25370
19501 19224
19502 25370
19503 50984
19504 49952
19505 17192
19506 49961
19507 62248
19508 58152
19509 25360
19510 25360
19511 17185
19512 53917
19513 50077
19514 25377
19515 40233
19516 39976
19517 53812
19518 27464
19519 58155
19520 58152
19521 49944
19522 27425
19523 50985
19524 59169
19525 49960
19526 39980
19527 25370
19528 19232
19529 54048
19530 38176
19531 49960
19532 25370
19533 38712
19534 40225
19535 50077
19536 49920
19537 25370
19538 25370
19539 39984
19540 808
19541 26400
19542 25370
19543 19201
19544 37688
19545 25384
19546 38177
19547 37920
19548 39972
19549 37920
19550 39472
19551 37920
19552 38696
19553 37920
19554 59176
19555 28641
19556 28521
19557 58113
19558 53788
19559 38176
19560 27264
19561 4896
19562 49968
19563 49921
19564 37920
19565 52000
19566 5473
19567 38432
19568 37920
19569 28521
19570 40504
19571 19232
19572 37924
19573 27264
19574 25370
19575 51969
19576 27425
19577 56097
19578 49976
19579 19209
19580 37436
19581 63265
19582 17152
19583 53793
19584 38689
19585 38180
19586 25354
19587 58144
19588 49945
19589 25449
19590 49960
19591 19233
19592 27432
19593 37924
19594 25370
19595 25376
19596 54048
19597 60192
19598 58145
19599 49821
19600 58144
19601 37432
19602 62249
19603 36916
19604 25417
19605 37920
19606 38184
19607 54072
19608 27432
19609 58121
19610 25371
19611 58136
19612 25376
19613 17192
19614 54065
19615 55080
19616 25370
19617 27433
19618 19232
19619 49976
19620 25450
19621 50077
19622 58128
19623 58112
19624 53556
19625 17153
19626 37944
19627 54044
19628 25384
19629 63265
19630 60200
19631 53556
19632 50077
19633 37672
19634 19224
19635 58144
19636 63265
19637 25370
19638 25355
19639 39224
19640 62305
19641 49920
19642 49968
19643 49952
19644 27425
19645 25370
19646 37920
19647 50077
19648 25370
19649 40504
19650 54056
19651 55073
19652 39972
19653 50077
19654 25370
19655 58153
19656 19233
19657 49960
19658 25377
19659 25377
19660 39980
19661 58144
19662 54056
19663 25376
19664 49960
19665 52008
19666 54048
19667 19209
19668 25370
19669 54017
19670 28449
19671 53792
19672 25370
19673 19201
19674 50077
19675 37924
19676 52000
19677 52001
19678 27401
19679 55080
19680 55073
19681 49952
19682 60192
19683 49952
19684 25370
19685 27424
19686 38696
19687 25368
19688 4920
19689 19200
19690 25370
19691 39972
19692 19200
19693 19201
19694 25370
19695 54064
19696 17184
19697 25345
19698 49944
19699 50077
19700 54032
19701 25370
19702 25377
19703 19201
19704 37944
19705 25370
19706 39968
19707 50077
19708 25370
19709 53916
19710 39968
19711 38176
19712 37920
19713 28449
19714 25400
19715 58152
19716 54049
19717 38688
19718 65321
19719 52000
19720 25370
19721 54024
19722 25354
19723 38176
19724 65321
19725 50077
19726 54056
19727 51968
19728 17185
19729 54049
19730 58145
19731 25402
19732 54057
19733 58208
19734 17185
19735 58152
19736 25441
19737 58112
19738 27425
19739 37160
19740 54056
19741 49953
19742 17184
19743 25370
19744 25355
19745 58153
19746 53916
19747 54072
19748 25377
19749 37924
19750 25370
19751 40480
19752 38176
19753 55072
19754 25387
19755 19208
19756 49944
19757 49944
19758 58122
19759 63265
19760 25368
19761 49813
19762 37920
19763 25449
19764 25370
19765 54840
19766 17185
19767 39712
19768 37920
19769 17184
19770 56097
19771 39996
19772 25368
19773 25376
19774 37920
19775 39972
19776 19200
19777 49952
19778 28449
19779 40508
19780 25371
19781 25370
19782 54172
19783 25370
19784 27497
19785 49977
19786 37928
19787 17168
19788 51985
19789 39996
19790 53780
19791 49948
19792 25370
19793 58269
19794 54057
19795 37920
19796 58144
19797 30569
19798 25368
19799 50077
19800 58208
19801 25370
19802 52001
19803 37924
19804 28641
19805 55080
19806 17185
19807 38688
19808 17192
19809 54072
19810 25400
19811 51969
19812 52008
19813 55080
19814 25355
19815 26409
19816 28417
19817 17168
19818 26401
19819 57121
19820 25370
19821 49978
19822 56096
19823 39480
19824 58145
19825 40744
19826 49952
19827 25419
19828 17177
19829 58153
19830 58209
19831 25368
19832 25370
19833 38176
19834 54172
19835 19233
19836 49821
19837 54052
19838 4896
19839 52001
19840 25370
19841 39972
19842 50077
19843 49960
19844 17208
19845 25370
19846 38184
19847 38452
19848 39720
19849 58136
19850 19201
19851 38436
19852 27392
19853 25387
19854 17192
19855 38688
19856 49976
19857 56104
19858 17193
19859 25370
19860 17185
19861 58144
19862 54112
19863 50016
19864 19233
19865 62365
19866 25370
19867 25370
19868 25440
19869 52008
19870 54057
19871 37672
19872 55080
19873 25371
19874 50077
19875 49952
19876 27425
19877 25434
19878 37672
19879 54057
19880 17168
19881 54057
19882 27392
19883 38176
19884 49820
19885 25387
19886 17184
19887 55073
19888 25376
19889 17185
19890 25370
19891 25370
19892 49960
19893 25353
19894 25352
19895 17161
19896 25370
19897 27433
19898 52009
19899 25434
19900 50077
19901 53525
19902 25402
19903 39968
19904 37920
19905 38700
19906 39720
19907 49928
19908 26403
19909 50077
19910 28448
19911 25370
19912 25354
19913 25419
19914 54048
19915 37921
19916 54024
19917 51976
19918 38712
19919 49821
19920 53793
19921 39968
19922 54064
19923 25344
19924 25369
19925 27425
19926 37920
19927 25387
19928 51968
19929 51856
19930 49953
19931 54048
19932 25370
19933 58154
19934 27424
19935 58144
19936 53525
19937 60192
19938 38176
19939 25370
19940 55841
19941 27393
19942 54173
19943 25370
19944 52008
19945 54048
19946 49944
19947 25418
19948 25376
19949 25377
19950 19201
19951 38712
19952 49812
19953 50076
19954 37944
19955 63272
19956 49944
19957 17248
19958 51969
19959 19233
19960 17185
19961 17185
19962 37688
19963 25418
19964 58241
19965 25370
19966 25370
19967 25370
19968 37920
19969 25370
19970 25376
19971 54048
19972 25368
19973 25368
19974 49960
19975 25370
19976 56097
19977 25370
19978 38968
19979 25370
19980 37920
19981 37920
19982 19088
19983 37920
19984 25370
19985 58144
19986 25354
19987 40496
19988 25370
19989 17184
19990 39968
19991 19092
19992 39200
19993 25370
19994 25370
19995 37920
19996 25377
19997 53916
19998 37160
19999 28521
20000 25360
20001 51856
20002 25370
20003 17176
20004 27264
20005 54057
20006 25417
20007 50077
20008 25370
20009 60192
20010 38700
20011 19248
20012 54073
20013 39972
20014 49961
20015 25352
20016 55081
20017 55072
20018 53916
20019 864
20020 27425
20021 58144
20022 54037
20023 872
20024 37672
20025 50076
20026 25376
20027 25448
20028 49936
20029 54048
20030 52001
20031 58145
20032 25352
20033 28481
20034 27280
20035 25369
20036 17192
20037 49952
20038 27432
20039 54057
20040 19240
20041 58153
20042 25370
20043 19240
20044 54076
20045 40232
20046 53032
20047 53024
20048 40736
20049 21281
20050 40480
20051 60193
20052 38688
20053 49821
20054 37920
20055 38184
20056 51969
20057 37160
20058 27432
20059 40744
20060 58145
20061 37944
20062 19208
20063 54072
20064 25370
20065 19201
20066 25352
20067 49944
20068 50077
20069 27264
20070 25346
20071 60161
20072 40480
20073 25370
20074 25376
20075 25384
20076 25345
20077 25384
20078 25379
20079 61216
20080 25370
20081 19200
20082 19201
20083 53917
20084 39988
20085 55081
20086 62305
20087 60200
20088 54173
20089 25419
20090 25353
20091 52008
20092 58113
20093 39968
20094 25360
20095 59169
20096 25370
20097 28448
20098 62241
20099 17184
20100 49820
20101 27433
20102 19233
20103 39988
20104 49921
20105 54173
20106 25370
20107 19233
20108 54049
20109 25354
20110 25370
20111 58154
20112 38184
20113 58272
20114 49953
20115 49944
20116 58145
20117 60160
20118 25354
20119 26403
20120 54048
20121 58145
20122 38696
20123 37664
20124 27264
20125 19233
20126 40480
20127 25368
20128 37924
20129 57129
20130 39988
20131 39972
20132 62241
20133 56096
20134 52008
20135 25371
20136 40504
20137 54057
20138 25370
20139 60193
20140 25345
20141 25370
20142 54053
20143 27488
20144 19233
20145 19241
20146 49953
20147 60193
20148 53268
20149 25450
20150 25371
20151 61217
20152 53308
20153 25370
20154 25354
20155 37688
20156 17153
20157 27424
20158 25370
20159 58144
20160 49952
20161 38176
20162 40500
20163 37176
20164 49821
20165 54056
20166 58155
20167 25355
20168 17184
20169 17168
20170 49952
20171 49960
20172 19208
20173 58152
20174 57120
20175 58144
20176 62249
20177 49949
20178 37940
20179 37424
20180 50976
20181 50076
20182 56105
20183 49961
20184 53808
20185 58136
20186 37944
20187 25355
20188 37920
20189 25369
20190 49977
20191 49952
20192 21281
20193 37920
20194 51969
20195 39968
20196 54328
20197 37924
20198 37424
20199 54056
20200 25402
20201 808
20202 37920
20203 37920
20204 37920
20205 39972
20206 40292
20207 25386
20208 25448
20209 37920
20210 37920
20211 17208
20212 25360
20213 28641
20214 27497
20215 37920
20216 25352
20217 25355
20218 50077
20219 17208
20220 58138
20221 37920
20222 50077
20223 37924
20224 53308
20225 26385
20226 17160
20227 21288
20228 28577
20229 54048
20230 17185
20231 25368
20232 49928
20233 52001
20234 25449
20235 25384
20236 17185
20237 54048
20238 58154
20239 59169
20240 56120
20241 49948
20242 50077
20243 39456
20244 37436
20245 53917
20246 61217
20247 39720
20248 54056
20249 49960
20250 25384
20251 38696
20252 52000
20253 54048
20254 55080
20255 58144
20256 25345
20257 40737
20258 25376
20259 59168
20260 25368
20261 38712
20262 37668
20263 27400
20264 54173
20265 25370
20266 59176
20267 49960
20268 49948
20269 58121
20270 54076
20271 25370
20272 49976
20273 27264
20274 49952
20275 58144
20276 37920
20277 25371
20278 27456
20279 33592
20280 25370
20281 25377
20282 20257
20283 54056
20284 49960
20285 54840
20286 55072
20287 58272
20288 39972
20289 25344
20290 49961
20291 27465
20292 37920
20293 25370
20294 57121
20295 17208
20296 54049
20297 37924
20298 54049
20299 49821
20300 54048
20301 54057
20302 49920
20303 40496
20304 25354
20305 25360
20306 59168
20307 54056
20308 49952
20309 40500
20310 25370
20311 25368
20312 17208
20313 60160
20314 38452
20315 17184
20316 58234
20317 39968
20318 53024
20319 58216
20320 54048
20321 49960
20322 17177
20323 58144
20324 27393
20325 26387
20326 49949
20327 25370
20328 52009
20329 49821
20330 25386
20331 58144
20332 52000
20333 56096
20334 58112
20335 49821
20336 50077
20337 54017
20338 54112
20339 54072
20340 27424
20341 53300
20342 25370
20343 25370
20344 49921
20345 58113
20346 58144
20347 25354
20348 38440
20349 49953
20350 40744
20351 38176
20352 38696
20353 54057
20354 39972
20355 17176
20356 37920
20357 49821
20358 54049
20359 25370
20360 26473
20361 26400
20362 39968
20363 49821
20364 25376
20365 17185
20366 25370
20367 25370
20368 57129
20369 25370
20370 25370
20371 25370
20372 54173
20373 25370
20374 50068
20375 49953
20376 19233
20377 25370
20378 27392
20379 39972
20380 49953
20381 25349
20382 52001
20383 54049
20384 25376
20385 49960
20386 25370
20387 49821
20388 55840
20389 58218
20390 36924
20391 49821
20392 49944
20393 37924
20394 28641
20395 39968
20396 54072
20397 50016
20398 49813
20399 27425
20400 53560
20401 50077
20402 58272
20403 21288
20404 40232
20405 19201
20406 25370
20407 62248
20408 59178
20409 26411
20410 50077
20411 58245
20412 65385
20413 19224
20414 25370
20415 25370
20416 27392
20417 19216
20418 37424
20419 37920
20420 27424
20421 824
20422 37920
20423 25416
20424 26401
20425 37672
20426 37672
20427 37920
20428 25353
20429 19240
20430 52001
20431 25384
20432 40484
20433 49953
20434 25344
20435 53300
20436 37736
20437 49952
20438 39972
20439 37920
20440 40508
20441 25384
20442 19241
20443 27280
20444 17181
20445 60033
20446 26473
20447 50076
20448 25370
20449 25370
20450 25434
20451 52000
20452 40292
20453 54076
20454 50977
20455 25354
20456 58153
20457 55080
20458 50077
20459 28545
20460 53812
20461 26401
20462 25370
20463 25371
20464 58144
20465 37924
20466 54053
20467 49921
20468 17208
20469 37944
20470 54049
20471 17208
20472 54056
20473 25418
20474 25370
20475 40225
20476 40504
20477 36920
20478 25352
20479 54016
20480 49944
20481 25416
20482 49953
20483 25370
20484 52000
20485 50076
20486 54072
20487 25370
20488 49944
20489 25370
20490 19216
20491 25370
20492 27417
20493 52000
20494 28641
20495 25371
20496 54072
20497 55072
20498 27424
20499 25384
20500 27264
20501 58121
20502 54040
20503 54074
20504 49977
20505 39976
20506 824
20507 25370
20508 54048
20509 37940
20510 49976
20511 58152
20512 49952
20513 40232
20514 54048
20515 58128
20516 38456
20517 49944
20518 37920
20519 38696
20520 58137
20521 53308
20522 57121
20523 56096
20524 25370
20525 50076
20526 53916
20527 25450
20528 58145
20529 37672
20530 8986
20531 53916
20532 55080
20533 53917
20534 37924
20535 25370
20536 37920
20537 50077
20538 58145
20539 37924
20540 49821
20541 17176
20542 25377
20543 49952
20544 25363
20545 25377
20546 54074
20547 49933
20548 37920
20549 50077
20550 25376
20551 25370
20552 38688
20553 17192
20554 25369
20555 49821
20556 54056
20557 37940
20558 27425
20559 58152
20560 38176
20561 50077
20562 49960
20563 25368
20564 54173
20565 25385
20566 54048
20567 49944
20568 49953
20569 58241
20570 50077
20571 25370
20572 58152
20573 49976
20574 25354
20575 39968
20576 49944
20577 27393
20578 38688
20579 27400
20580 58145
20581 49976
20582 58154
20583 63264
20584 49953
20585 25370
20586 39976
20587 51000
20588 54056
20589 17184
20590 25370
20591 51968
20592 63264
20593 25370
20594 19209
20595 55080
20596 17176
20597 54173
20598 49968
20599 19240
20600 56104
20601 25370
20602 50077
20603 60200
20604 58186
20605 49821
20606 54048
20607 25370
20608 25387
20609 25387
20610 19232
20611 62349
20612 63264
20613 54072
20614 50077
20615 17184
20616 52000
20617 40225
20618 19233
20619 49921
20620 19240
20621 49813
20622 50976
20623 50077
20624 17184
20625 25370
20626 21281
20627 55080
20628 27400
20629 27425
20630 49976
20631 62305
20632 49952
20633 49813
20634 54048
20635 50077
20636 50984
20637 50077
20638 25370
20639 2848
20640 49813
20641 49820
20642 40224
20643 19216
20644 25370
20645 25370
20646 54056
20647 38180
20648 49821
20649 38688
20650 25370
20651 55073
20652 25370
20653 53308
20654 25370
20655 49952
20656 25434
20657 37156
20658 54112
20659 38688
20660 37924
20661 55072
20662 18208
20663 25440
20664 58144
20665 38456
20666 58208
20667 25344
20668 55072
20669 49920
20670 55080
20671 27488
20672 17208
20673 55080
20674 39996
20675 17185
20676 49952
20677 37672
20678 39972
20679 40481
20680 37428
20681 801
20682 17176
20683 17192
20684 37920
20685 39972
20686 58208
20687 25370
20688 38180
20689 28513
20690 32617
20691 37920
20692 53792
20693 53300
20694 49944
20695 39992
20696 39996
20697 38688
20698 27264
20699 27264
20700 49960
20701 38696
20702 37920
20703 53917
20704 25370
20705 25370
20706 25370
20707 38712
20708 17184
20709 37688
20710 37664
20711 56096
20712 17185
20713 49953
20714 38176
20715 25434
20716 53820
20717 37728
20718 39968
20719 39224
20720 54048
20721 17200
20722 17181
20723 19224
20724 17184
20725 49952
20726 38696
20727 49920
20728 58144
20729 25370
20730 26401
20731 49952
20732 50077
20733 26473
20734 25345
20735 25370
20736 25369
20737 25370
20738 25370
20739 26400
20740 54048
20741 54056
20742 25368
20743 28577
20744 53276
20745 19233
20746 54044
20747 61217
20748 50072
20749 54173
20750 49944
20751 57121
20752 49952
20753 37944
20754 52001
20755 38696
20756 54036
20757 38448
20758 25370
20759 54112
20760 56097
20761 17184
20762 54048
20763 37688
20764 49813
20765 37940
20766 62240
20767 53917
20768 51968
20769 27392
20770 40233
20771 50016
20772 25370
20773 19240
20774 54048
20775 54072
20776 50072
20777 49952
20778 62241
20779 39988
20780 39720
20781 37920
20782 52016
20783 25418
20784 49953
20785 62241
20786 54173
20787 19200
20788 25370
20789 25418
20790 54045
20791 25370
20792 49952
20793 38696
20794 27424
20795 40508
20796 58145
20797 25370
20798 25377
20799 25370
20800 58218
20801 25370
20802 25344
20803 52001
20804 37924
20805 27393
20806 49952
20807 37664
20808 37152
20809 25345
20810 54173
20811 49920
20812 27465
20813 53808
20814 25352
20815 55097
20816 25370
20817 49944
20818 19240
20819 25370
20820 60032
20821 26377
20822 26401
20823 27424
20824 17192
20825 49949
20826 58209
20827 49952
20828 58112
20829 25370
20830 25368
20831 37944
20832 50077
20833 58145
20834 50077
20835 17210
20836 39713
20837 38456
20838 58136
20839 39972
20840 56097
20841 55096
20842 54056
20843 55073
20844 27488
20845 25370
20846 58136
20847 25370
20848 25354
20849 19232
20850 25370
20851 54065
20852 50069
20853 28641
20854 27488
20855 25371
20856 49952
20857 25370
20858 25370
20859 25345
20860 25370
20861 25370
20862 27425
20863 17256
20864 28641
20865 49821
20866 25402
20867 25370
20868 39968
20869 25376
20870 37672
20871 58144
20872 18208
20873 40504
20874 57120
20875 19201
20876 37728
20877 38696
20878 37924
20879 27424
20880 40232
20881 49920
20882 54048
20883 54172
20884 50077
20885 58153
20886 37156
20887 49941
20888 49952
20889 37924
20890 57121
20891 52000
20892 36924
20893 58241
20894 58154
20895 54052
20896 19072
20897 49952
20898 25386
20899 37672
20900 49976
20901 39972
20902 59177
20903 38176
20904 58138
20905 39208
20906 58145
20907 25370
20908 37672
20909 38176
20910 27425
20911 25376
20912 49953
20913 25370
20914 50985
20915 37424
20916 37928
20917 28481
20918 25370
20919 33592
20920 25370
20921 37920
20922 27409
20923 37920
20924 51985
20925 27489
20926 39984
20927 25370
20928 17184
20929 38712
20930 25368
20931 40504
20932 39968
20933 55088
20934 17210
20935 17181
20936 37920
20937 38696
20938 37920
20939 39972
20940 58112
20941 37920
20942 39972
20943 38176
20944 27264
20945 50976
20946 26473
20947 17176
20948 25434
20949 37156
20950 25370
20951 38452
20952 54328
20953 28521
20954 37920
20955 62349
20956 38688
20957 38176
20958 39972
20959 25371
20960 38452
20961 25370
20962 50976
20963 37920
20964 25370
20965 55080
20966 8977
20967 25370
20968 49821
20969 53308
20970 37920
20971 25370
20972 52008
20973 49976
20974 38176
20975 25353
20976 28521
20977 37688
20978 25418
20979 40480
20980 25371
20981 25371
20982 25355
20983 25355
20984 25385
20985 50985
20986 62240
20987 49976
20988 54040
20989 56097
20990 40496
20991 37920
20992 51985
20993 25418
20994 54049
20995 49977
20996 58120
20997 19232
20998 25346
20999 49952
21000 40224
21001 28513
21002 25377
21003 40225
21004 49953
21005 28449
21006 19088
21007 56096
21008 50984
21009 54056
21010 58144
21011 25370
21012 54072
21013 37944
21014 40508
21015 27280
21016 53788
21017 17168
21018 64288
21019 17192
21020 38448
21021 37152
21022 49953
21023 19232
21024 37156
21025 56097
21026 27392
21027 38460
21028 49821
21029 54072
21030 27424
21031 54049
21032 62248
21033 55080
21034 65377
21035 54049
21036 37920
21037 38688
21038 25385
21039 21281
21040 27465
21041 49952
21042 19208
21043 37920
21044 27425
21045 39972
21046 25370
21047 37920
21048 37920
21049 49960
21050 50077
21051 53917
21052 28521
21053 54057
21054 55073
21055 25370
21056 40480
21057 62241
21058 37920
21059 17185
21060 58120
21061 49960
21062 49921
21063 54048
21064 54072
21065 55073
21066 25370
21067 17208
21068 63265
21069 55073
21070 54049
21071 25371
21072 27488
21073 54056
21074 38460
21075 19216
21076 25419
21077 25345
21078 25370
21079 27392
21080 52000
21081 58112
21082 38432
21083 26387
21084 49961
21085 38688
21086 64288
21087 25450
21088 50077
21089 25344
21090 50069
21091 27424
21092 58145
21093 27424
21094 58241
21095 17200
21096 49953
21097 25403
21098 25371
21099 38688
21100 25370
21101 38176
21102 26409
21103 40292
21104 52009
21105 58144
21106 55840
21107 39968
21108 25370
21109 25354
21110 25354
21111 53917
21112 37920
21113 53268
21114 54048
21115 25377
21116 50077
21117 26394
21118 49969
21119 25370
21120 37920
21121 27464
21122 37920
21123 37920
21124 37920
21125 55072
21126 25371
21127 52000
21128 27264
21129 54056
21130 26411
21131 49928
21132 60193
21133 54072
21134 19240
21135 60192
21136 37672
21137 27392
21138 25370
21139 55096
21140 38184
21141 17168
21142 58144
21143 25370
21144 25345
21145 39992
21146 56097
21147 58154
21148 54072
21149 49976
21150 55080
21151 39968
21152 39976
21153 61217
21154 27392
21155 19241
21156 58208
21157 62248
21158 26473
21159 53564
21160 25370
21161 37688
21162 60033
21163 62241
21164 54112
21165 27425
21166 21281
21167 25448
21168 17248
21169 17184
21170 25370
21171 25368
21172 55080
21173 55073
21174 27401
21175 27393
21176 27425
21177 58144
21178 40480
21179 58154
21180 55072
21181 38689
21182 37920
21183 50077
21184 53917
21185 53300
21186 49812
21187 58145
21188 37920
21189 54048
21190 38689
21191 52000
21192 25386
21193 19200
21194 25403
21195 49944
21196 27419
21197 25368
21198 38712
21199 54049
21200 25370
21201 37921
21202 37920
21203 49976
21204 59177
21205 28448
21206 62305
21207 40508
21208 25370
21209 25368
21210 49952
21211 27409
21212 54048
21213 54072
21214 37920
21215 37920
21216 57121
21217 27425
21218 26473
21219 40496
21220 38436
21221 25360
21222 25384
21223 25418
21224 25417
21225 54045
21226 50077
21227 28641
21228 27280
21229 25370
21230 53032
21231 39972
21232 25352
21233 58138
21234 37928
21235 25449
21236 52000
21237 25400
21238 59168
21239 26377
21240 27265
21241 49821
21242 49952
21243 19232
21244 57121
21245 37160
21246 58208
21247 38176
21248 49945
21249 37924
21250 39968
21251 37924
21252 37920
21253 54072
21254 54053
21255 53808
21256 50076
21257 19201
21258 53916
21259 49944
21260 50077
21261 25386
21262 39972
21263 54072
21264 39736
21265 17210
21266 50077
21267 56104
21268 49952
21269 25376
21270 49944
21271 38176
21272 25370
21273 17210
21274 63265
21275 50077
21276 38696
21277 25400
21278 20257
21279 25370
21280 37668
21281 49952
21282 53812
21283 54052
21284 25376
21285 55072
21286 37688
21287 54073
21288 58120
21289 824
21290 63265
21291 25370
21292 54173
21293 53908
21294 65313
21295 54072
21296 49976
21297 37924
21298 37672
21299 54056
21300 19201
21301 54061
21302 37672
21303 54173
21304 27489
21305 17208
21306 54029
21307 37924
21308 58113
21309 58241
21310 37688
21311 58272
21312 37920
21313 28513
21314 57121
21315 59176
21316 26401
21317 54056
21318 28449
21319 61217
21320 54057
21321 40484
21322 65313
21323 38712
21324 25345
21325 54056
21326 37924
21327 50077
21328 60192
21329 38176
21330 50077
21331 25377
21332 49821
21333 4896
21334 37920
21335 38688
21336 51976
21337 27432
21338 54057
21339 25344
21340 50077
21341 25384
21342 38176
21343 25377
21344 54049
21345 39968
21346 27425
21347 40504
21348 25370
21349 39224
21350 54049
21351 54048
21352 27424
21353 53808
21354 26401
21355 49821
21356 27392
21357 52009
21358 54052
21359 54048
21360 49821
21361 37920
21362 49952
21363 58144
21364 17185
21365 26385
21366 49821
21367 37924
21368 49952
21369 37920
21370 19233
21371 55072
21372 54072
21373 52001
21374 54061
21375 53557
21376 25370
21377 38440
21378 25370
21379 25370
21380 54072
21381 49946
21382 55080
21383 49813
21384 49813
21385 25370
21386 53820
21387 25371
21388 25434
21389 54057
21390 17185
21391 25370
21392 58144
21393 50076
21394 37928
21395 25400
21396 40228
21397 56097
21398 40480
21399 50077
21400 25354
21401 64289
21402 4920
21403 58272
21404 17184
21405 60032
21406 25377
21407 58155
21408 36924
21409 25387
21410 25361
21411 55080
21412 25400
21413 62240
21414 25370
21415 25386
21416 52009
21417 52001
21418 17185
21419 52008
21420 56096
21421 49821
21422 38176
21423 50077
21424 26394
21425 55081
21426 38177
21427 49953
21428 17208
21429 25448
21430 52008
21431 25354
21432 19232
21433 55073
21434 49820
21435 25368
21436 25370
21437 53300
21438 53908
21439 37948
21440 59168
21441 53812
21442 25370
21443 39472
21444 49944
21445 58152
21446 25352
21447 17185
21448 25370
21449 25370
21450 25370
21451 25370
21452 25370
21453 58144
21454 25370
21455 54061
21456 27393
21457 37156
21458 54048
21459 37920
21460 17208
21461 17168
21462 17208
21463 5473
21464 19232
21465 51000
21466 37920
21467 25384
21468 37428
21469 52001
21470 816
21471 40737
21472 37920
21473 63272
21474 25370
21475 39980
21476 25345
21477 17185
21478 25370
21479 37920
21480 37920
21481 25370
21482 61281
21483 28641
21484 37920
21485 27465
21486 40224
21487 25400
21488 25354
21489 27393
21490 25369
21491 54048
21492 26409
21493 54056
21494 17192
21495 25371
21496 28521
21497 38177
21498 27265
21499 19225
21500 49952
21501 49960
21502 25370
21503 25354
21504 49821
21505 40504
21506 20257
21507 38180
21508 37428
21509 54056
21510 53564
21511 50077
21512 39472
21513 27424
21514 40508
21515 50077
21516 54064
21517 25370
21518 37920
21519 63272
21520 50072
21521 25355
21522 53025
21523 53788
21524 49944
21525 58145
21526 62240
21527 37672
21528 37688
21529 56105
21530 36916
21531 17208
21532 25370
21533 53557
21534 19240
21535 39972
21536 54072
21537 25370
21538 19232
21539 54049
21540 17208
21541 25370
21542 50077
21543 49952
21544 49564
21545 38704
21546 27264
21547 49920
21548 53793
21549 62365
21550 37932
21551 37920
21552 25384
21553 49948
21554 25434
21555 28577
21556 25370
21557 37152
21558 25377
21559 28449
21560 50077
21561 37680
21562 55073
21563 54056
21564 40480
21565 54065
21566 37924
21567 17153
21568 37736
21569 25361
21570 58145
21571 57121
21572 58208
21573 21281
21574 49976
21575 53792
21576 28521
21577 19233
21578 28641
21579 38176
21580 49952
21581 2856
21582 59177
21583 59169
21584 39200
21585 25370
21586 17184
21587 17176
21588 17192
21589 25370
21590 37920
21591 39972
21592 25370
21593 25370
21594 25370
21595 25370
21596 54060
21597 25370
21598 49952
21599 27393
21600 25408
21601 19233
21602 2856
21603 39968
21604 25354
21605 49952
21606 39988
21607 58144
21608 25344
21609 63273
21610 38712
21611 20257
21612 58245
21613 25370
21614 18217
21615 60192
21616 58145
21617 63272
21618 58218
21619 51969
21620 27425
21621 19233
21622 25370
21623 55080
21624 56096
21625 39988
21626 60032
21627 55072
21628 59168
21629 19200
21630 55073
21631 25360
21632 27425
21633 19200
21634 49821
21635 39968
21636 17161
21637 61216
21638 25370
21639 49821
21640 49952
21641 51968
21642 19201
21643 27457
21644 50077
21645 54072
21646 25370
21647 37920
21648 25417
21649 38696
21650 55073
21651 37920
21652 49960
21653 38176
21654 25377
21655 25371
21656 27393
21657 26411
21658 55081
21659 27425
21660 49961
21661 37928
21662 49952
21663 25370
21664 27393
21665 27392
21666 49945
21667 37424
21668 25408
21669 25370
21670 25370
21671 17161
21672 25370
21673 49968
21674 58145
21675 25369
21676 54049
21677 39968
21678 25370
21679 25434
21680 26411
21681 53917
21682 56864
21683 56097
21684 62240
21685 55096
21686 25400
21687 25370
21688 27425
21689 37944
21690 39972
21691 27409
21692 17152
21693 49936
21694 19216
21695 58112
21696 49941
21697 17176
21698 25344
21699 53917
21700 17184
21701 19232
21702 40232
21703 25370
21704 53793
21705 53525
21706 62248
21707 872
21708 49821
21709 58208
21710 58245
21711 40508
21712 50984
21713 59169
21714 39976
21715 55080
21716 50077
21717 39456
21718 37428
21719 49960
21720 25370
21721 26411
21722 60192
21723 37920
21724 58216
21725 54072
21726 37928
21727 57121
21728 50076
21729 25370
21730 37688
21731 58128
21732 17184
21733 58138
21734 38184
21735 25370
21736 25370
21737 19200
21738 53024
21739 25370
21740 27425
21741 59177
21742 40232
21743 58145
21744 25370
21745 25370
21746 39736
21747 49949
21748 38180
21749 25361
21750 37920
21751 25370
21752 60192
21753 25370
21754 37672
21755 25376
21756 5473
21757 37920
21758 25370
21759 25370
21760 25368
21761 25368
21762 38436
21763 37920
21764 49953
21765 38688
21766 39972
21767 25371
21768 54049
21769 53025
21770 38176
21771 25368
21772 5473
21773 25352
21774 19241
21775 25370
21776 49945
21777 25370
21778 28513
21779 49976
21780 25408
21781 25418
21782 57121
21783 25354
21784 40504
21785 58208
21786 37920
21787 25347
21788 26400
21789 40480
21790 37920
21791 28513
21792 40508
21793 40480
21794 25416
21795 54057
21796 25377
21797 25370
21798 40480
21799 28521
21800 25370
21801 26473
21802 49821
21803 25377
21804 25354
21805 25370
21806 25384
21807 49952
21808 54173
21809 54072
21810 25368
21811 39208
21812 58144
21813 58208
21814 25370
21815 49821
21816 25370
21817 65385
21818 37928
21819 61289
21820 19233
21821 54049
21822 28521
21823 40508
21824 37428
21825 25370
21826 37948
21827 25345
21828 54057
21829 54064
21830 50076
21831 54048
21832 58208
21833 25376
21834 49953
21835 27393
21836 49941
21837 56097
21838 50076
21839 61217
21840 58186
21841 49961
21842 56097
21843 37924
21844 40745
21845 38456
21846 53300
21847 38432
21848 54052
21849 40480
21850 37672
21851 55080
21852 39480
21853 60192
21854 54173
21855 25371
21856 60193
21857 37688
21858 38689
21859 25368
21860 52000
21861 37672
21862 38696
21863 17184
21864 53308
21865 37924
21866 37688
21867 37672
21868 62240
21869 39968
21870 57121
21871 57128
21872 49976
21873 25466
21874 52000
21875 39208
21876 49953
21877 25440
21878 60192
21879 25370
21880 37920
21881 58138
21882 55080
21883 17208
21884 38688
21885 25370
21886 25368
21887 54056
21888 37920
21889 49821
21890 25387
21891 25370
21892 25386
21893 38184
21894 53916
21895 49952
21896 27425
21897 55073
21898 53564
21899 55841
21900 25434
21901 39992
21902 39456
21903 39972
21904 25360
21905 36916
21906 25344
21907 37920
21908 61216
21909 17173
21910 17185
21911 39712
21912 27393
21913 37436
21914 27425
21915 6968
21916 49514
21917 59232
21918 25376
21919 49976
21920 59169
21921 40224
21922 49944
21923 56096
21924 58216
21925 49921
21926 58144
21927 25370
21928 25370
21929 25370
21930 17193
21931 25370
21932 49952
21933 38176
21934 53540
21935 19208
21936 54045
21937 17184
21938 17185
21939 54048
21940 61217
21941 25402
21942 55073
21943 38688
21944 37924
21945 25355
21946 25353
21947 49961
21948 38177
21949 39972
21950 4896
21951 25370
21952 25344
21953 58138
21954 58136
21955 54056
21956 28641
21957 25371
21958 39968
21959 25370
21960 25370
21961 54060
21962 25371
21963 56097
21964 38688
21965 38688
21966 25370
21967 25344
21968 27419
21969 58145
21970 37928
21971 54048
21972 39456
21973 25370
21974 25370
21975 19224
21976 25370
21977 62349
21978 19209
21979 38176
21980 25376
21981 50077
21982 27425
21983 40744
21984 38200
21985 37688
21986 26401
21987 37224
21988 25417
21989 25370
21990 37920
21991 37920
21992 54072
21993 49953
21994 27488
21995 25377
21996 51985
21997 54072
21998 54024
21999 25370
22000 25370
22001 19240
22002 56097
22003 54052
22004 25370
22005 59169
22006 25368
22007 27425
22008 59168
22009 17152
22010 54048
22011 808
22012 19088
22013 26400
22014 26379
22015 25402
22016 58241
22017 17184
22018 49960
22019 19232
22020 49821
22021 25387
22022 25384
22023 25370
22024 25370
22025 54056
22026 17178
22027 58144
22028 25370
22029 65313
22030 25448
22031 56864
22032 54072
22033 58241
22034 17185
22035 25370
22036 56096
22037 49945
22038 25370
22039 51000
22040 25370
22041 49976
22042 25377
22043 37920
22044 25385
22045 25370
22046 37920
22047 25354
22048 25370
22049 2848
22050 37920
22051 25370
22052 25370
22053 49976
22054 49953
22055 25370
22056 8977
22057 801
22058 39972
22059 17209
22060 53556
22061 2849
22062 25370
22063 39968
22064 19248
22065 51985
22066 37428
22067 54072
22068 37920
22069 38448
22070 17184
22071 38704
22072 27464
22073 38176
22074 37920
22075 25354
22076 39972
22077 38184
22078 49953
22079 28545
22080 17248
22081 49976
22082 59233
22083 824
22084 25370
22085 25355
22086 28521
22087 26473
22088 37920
22089 25370
22090 37224
22091 49960
22092 37924
22093 60160
22094 8986
22095 63273
22096 27393
22097 37920
22098 17185
22099 28449
22100 27393
22101 25377
22102 25370
22103 59176
22104 38176
22105 52008
22106 27393
22107 49952
22108 37688
22109 25368
22110 19216
22111 54072
22112 37688
22113 38460
22114 25376
22115 54072
22116 25352
22117 60193
22118 38700
22119 25434
22120 50077
22121 28521
22122 49960
22123 54076
22124 50076
22125 25376
22126 38688
22127 49821
22128 39980
22129 39712
22130 25377
22131 49952
22132 26465
22133 25400
22134 37688
22135 49921
22136 25370
22137 51985
22138 54048
22139 54056
22140 27425
22141 55081
22142 50076
22143 58145
22144 54040
22145 52001
22146 39980
22147 25418
22148 49949
22149 49821
22150 28449
22151 40224
22152 54045
22153 58154
22154 64289
22155 40297
22156 19233
22157 19232
22158 58120
22159 55096
22160 54072
22161 37436
22162 49920
22163 49944
22164 58145
22165 40232
22166 37924
22167 40508
22168 37924
22169 53788
22170 58152
22171 54056
22172 58209
22173 61217
22174 54049
22175 51985
22176 56097
22177 39968
22178 25402
22179 27424
22180 38712
22181 25368
22182 28521
22183 17208
22184 49944
22185 25349
22186 37920
22187 25369
22188 65385
22189 19241
22190 38688
22191 53917
22192 57121
22193 39996
22194 50976
22195 58144
22196 37920
22197 38688
22198 27393
22199 40480
22200 2848
22201 25370
22202 37688
22203 25370
22204 25370
22205 15004
22206 53917
22207 39968
22208 25344
22209 25370
22210 25369
22211 37688
22212 27264
22213 17208
22214 19233
22215 50976
22216 58269
22217 25370
22218 39972
22219 58269
22220 25377
22221 19232
22222 52000
22223 52000
22224 49812
22225 54064
22226 25418
22227 17184
22228 25376
22229 37664
22230 25345
22231 39968
22232 54056
22233 50077
22234 25403
22235 26411
22236 62240
22237 25370
22238 49821
22239 52000
22240 27488
22241 60192
22242 38176
22243 58113
22244 17176
22245 39972
22246 39968
22247 58209
22248 39200
22249 39968
22250 57120
22251 56096
22252 27424
22253 37924
22254 54049
22255 55073
22256 60192
22257 52000
22258 37924
22259 25354
22260 50077
22261 57120
22262 25418
22263 50076
22264 49945
22265 25370
22266 39976
22267 27393
22268 25370
22269 25368
22270 49952
22271 25368
22272 25370
22273 49952
22274 25370
22275 27419
22276 25355
22277 49945
22278 27392
22279 25370
22280 56104
22281 25370
22282 25370
22283 58245
22284 60256
22285 25370
22286 37944
22287 25408
22288 25419
22289 39988
22290 40481
22291 37224
22292 49945
22293 39460
22294 40224
22295 59168
22296 27280
22297 26400
22298 55841
22299 50077
22300 19241
22301 58138
22302 25403
22303 54057
22304 54048
22305 55073
22306 19088
22307 58113
22308 26411
22309 39720
22310 60193
22311 25345
22312 25368
22313 25370
22314 49821
22315 27392
22316 53916
22317 25370
22318 58145
22319 60256
22320 25441
22321 49821
22322 50076
22323 56104
22324 49961
22325 53917
22326 27424
22327 25434
22328 50077
22329 25450
22330 49952
22331 25355
22332 37920
22333 53793
22334 25418
22335 25370
22336 27425
22337 39968
22338 39968
22339 27400
22340 26411
22341 49812
22342 36916
22343 50077
22344 54049
22345 60256
22346 25441
22347 25370
22348 19240
22349 19201
22350 51000
22351 50069
22352 25370
22353 25379
22354 49952
22355 37944
22356 25377
22357 25370
22358 55072
22359 17208
22360 38688
22361 54056
22362 25434
22363 49976
22364 59179
22365 17160
22366 25370
22367 19240
22368 49944
22369 54056
22370 54049
22371 49944
22372 39972
22373 25370
22374 58217
22375 28417
22376 51856
22377 49946
22378 55840
22379 17200
22380 55072
22381 60193
22382 25370
22383 17210
22384 25370
22385 37920
22386 40224
22387 63264
22388 49952
22389 38689
22390 53560
22391 25345
22392 38688
22393 58144
22394 39208
22395 37920
22396 38432
22397 37424
22398 58168
22399 49944
22400 49944
22401 39972
22402 37920
22403 25386
22404 37920
22405 25355
22406 49952
22407 49960
22408 37920
22409 25362
22410 25370
22411 17185
22412 49976
22413 25466
22414 28513
22415 55072
22416 49936
22417 39988
22418 37688
22419 25368
22420 28577
22421 39972
22422 27425
22423 25434
22424 25370
22425 54049
22426 25370
22427 55080
22428 19224
22429 25353
22430 27424
22431 38688
22432 49960
22433 56096
22434 27424
22435 40297
22436 17208
22437 25370
22438 25408
22439 25354
22440 37920
22441 37436
22442 37928
22443 17200
22444 49921
22445 58128
22446 53525
22447 49953
22448 53812
22449 54049
22450 17208
22451 19092
22452 53540
22453 53540
22454 28521
22455 50076
22456 38452
22457 39988
22458 38176
22459 49821
22460 25417
22461 58144
22462 50077
22463 38688
22464 49976
22465 25384
22466 50076
22467 40737
22468 50077
22469 37944
22470 25418
22471 49960
22472 38460
22473 53812
22474 49933
22475 808
22476 38688
22477 54072
22478 25449
22479 27393
22480 25376
22481 58145
22482 39712
22483 54056
22484 40297
22485 19072
22486 50977
22487 37665
22488 49960
22489 58112
22490 21281
22491 50077
22492 55080
22493 25370
22494 54072
22495 25440
22496 25370
22497 59169
22498 40508
22499 38696
22500 25370
22501 58144
22502 40224
22503 49928
22504 58113
22505 25370
22506 53917
22507 38704
22508 54072
22509 49976
22510 49960
22511 28641
22512 49976
22513 49945
22514 38176
22515 49953
22516 40745
22517 25448
22518 53916
22519 19233
22520 25417
22521 54077
22522 38704
22523 52000
22524 25352
22525 37920
22526 49821
22527 39972
22528 17210
22529 54048
22530 38688
22531 37920
22532 25370
22533 62349
22534 27393
22535 27433
22536 25355
22537 26395
22538 51976
22539 39992
22540 25368
22541 39713
22542 28448
22543 56120
22544 25370
22545 49821
22546 59169
22547 37920
22548 62305
22549 38436
22550 25352
22551 52000
22552 25451
22553 25440
22554 49952
22555 25376
22556 25369
22557 54048
22558 37920
22559 52008
22560 49960
22561 27393
22562 54040
22563 55080
22564 25346
22565 37932
22566 54049
22567 53300
22568 25450
22569 39968
22570 60256
22571 25345
22572 50077
22573 25370
22574 49960
22575 51976
22576 39968
22577 17176
22578 27425
22579 54057
22580 27392
22581 17160
22582 19201
22583 25370
22584 38176
22585 53788
22586 17177
22587 59233
22588 58241
22589 17184
22590 25360
22591 25416
22592 25370
22593 25434
22594 58138
22595 60192
22596 49976
22597 58144
22598 25370
22599 40737
22600 25354
22601 49952
22602 25370
22603 37152
22604 38184
22605 54048
22606 37689
22607 25370
22608 25370
22609 25371
22610 56104
22611 50077
22612 40736
22613 25349
22614 49953
22615 25371
22616 37928
22617 25369
22618 49821
22619 17184
22620 52001
22621 26395
22622 25352
22623 57121
22624 54056
22625 27401
22626 27425
22627 52000
22628 8986
22629 38432
22630 39720
22631 58144
22632 38456
22633 52000
22634 40736
22635 25355
22636 50077
22637 60200
22638 49821
22639 53300
22640 25370
22641 58144
22642 25368
22643 50072
22644 38689
22645 49928
22646 58144
22647 54016
22648 25370
22649 54173
22650 25370
22651 25352
22652 37920
22653 49953
22654 54056
22655 54029
22656 25370
22657 50077
22658 58152
22659 54065
22660 25368
22661 54057
22662 54049
22663 25370
22664 25370
22665 49953
22666 49821
22667 49813
22668 25377
22669 25371
22670 54048
22671 59169
22672 54056
22673 49821
22674 50077
22675 25370
22676 25371
22677 25410
22678 25370
22679 54048
22680 19201
22681 25370
22682 54048
22683 25370
22684 26409
22685 25370
22686 51856
22687 49976
22688 54056
22689 25354
22690 49961
22691 37224
22692 25370
22693 40736
22694 17169
22695 25368
22696 58144
22697 25344
22698 19224
22699 52008
22700 49976
22701 37920
22702 49976
22703 58153
22704 39988
22705 56097
22706 58145
22707 25354
22708 25434
22709 40480
22710 36916
22711 49949
22712 25345
22713 25360
22714 25376
22715 59176
22716 37920
22717 37920
22718 49944
22719 25376
22720 38176
22721 25354
22722 25370
22723 38456
22724 58145
22725 55072
22726 38712
22727 28521
22728 39972
22729 25370
22730 27425
22731 49953
22732 39988
22733 17160
22734 39968
22735 37920
22736 27392
22737 38188
22738 37920
22739 38176
22740 37924
22741 25370
22742 25353
22743 49960
22744 49953
22745 60161
22746 37176
22747 25370
22748 58122
22749 25408
22750 53916
22751 49960
22752 49821
22753 49941
22754 54056
22755 39992
22756 55073
22757 49821
22758 65385
22759 37924
22760 28521
22761 40500
22762 25376
22763 25368
22764 65377
22765 2856
22766 54072
22767 25370
22768 39972
22769 25370
22770 49952
22771 49952
22772 58136
22773 49961
22774 49953
22775 63273
22776 60193
22777 37736
22778 25385
22779 49920
22780 38432
22781 25434
22782 40744
22783 38176
22784 54048
22785 38688
22786 55080
22787 19209
22788 17044
22789 54173
22790 54056
22791 25448
22792 54056
22793 25368
22794 19224
22795 38176
22796 54173
22797 53917
22798 54029
22799 52000
22800 54072
22801 37672
22802 25371
22803 26377
22804 25370
22805 54049
22806 57120
22807 59241
22808 38452
22809 51000
22810 58216
22811 17192
22812 54057
22813 49976
22814 28641
22815 19232
22816 40233
22817 55072
22818 27401
22819 60160
22820 49952
22821 38184
22822 58272
22823 49952
22824 40737
22825 60192
22826 58208
22827 25376
22828 25376
22829 27489
22830 39460
22831 58241
22832 49820
22833 55080
22834 25408
22835 25353
22836 872
22837 49821
22838 49944
22839 37920
22840 38177
22841 52000
22842 25370
22843 25376
22844 25370
22845 56864
22846 62241
22847 49953
22848 38177
22849 36924
22850 59232
22851 39712
22852 53812
22853 57121
22854 49952
22855 25370
22856 26379
22857 58144
22858 39968
22859 25416
22860 60193
22861 55072
22862 54048
22863 25368
22864 38689
22865 54056
22866 53917
22867 60032
22868 38688
22869 19233
22870 25418
22871 49944
22872 54056
22873 19233
22874 54056
22875 38688
22876 38700
22877 49952
22878 28449
22879 53025
22880 17208
22881 49960
22882 54049
22883 62240
22884 62240
22885 39972
22886 50072
22887 54056
22888 38688
22889 17208
22890 37940
22891 49944
22892 25361
22893 52000
22894 49952
22895 2849
22896 63265
22897 40736
22898 27392
22899 49953
22900 25370
22901 37920
22902 25385
22903 19232
22904 37688
22905 52001
22906 37688
22907 54328
22908 49952
22909 57121
22910 37920
22911 19233
22912 58152
22913 49936
22914 39968
22915 26401
22916 25370
22917 25353
22918 38200
22919 27393
22920 25344
22921 55081
22922 25376
22923 50976
22924 872
22925 54056
22926 54173
22927 25370
22928 25368
22929 57128
22930 25368
22931 50076
22932 39968
22933 37924
22934 52008
22935 37668
22936 38184
22937 58155
22938 19201
22939 58272
22940 17184
22941 25418
22942 19248
22943 53564
22944 53556
22945 25370
22946 55080
22947 59178
22948 53308
22949 38176
22950 25344
22951 63265
22952 37920
22953 55096
22954 64288
22955 50069
22956 39972
22957 17185
22958 54056
22959 55080
22960 50077
22961 27425
22962 37948
22963 37920
22964 56864
22965 54065
22966 27432
22967 51969
22968 40484
22969 58144
22970 49952
22971 60193
22972 49944
22973 58136
22974 62241
22975 25440
22976 25345
22977 25416
22978 37920
22979 39720
22980 52000
22981 19224
22982 25370
22983 37689
22984 25370
22985 61217
22986 58144
22987 37680
22988 25368
22989 49953
22990 25368
22991 49976
22992 25408
22993 37160
22994 37920
22995 17185
22996 19201
22997 27425
22998 57121
22999 27400
23000 25370
23001 39984
23002 60193
23003 25347
23004 55081
23005 17256
23006 37936
23007 25400
23008 39988
23009 37920
23010 37920
23011 19241
23012 27488
23013 50077
23014 25370
23015 25369
23016 55072
23017 37924
23018 17210
23019 25368
23020 37928
23021 55088
23022 49921
23023 37920
23024 37920
23025 49812
23026 49945
23027 54072
23028 38241
23029 54040
23030 38696
23031 25363
23032 37920
23033 19088
23034 56097
23035 65385
23036 53308
23037 36916
23038 50077
23039 53540
23040 49949
23041 37920
23042 17192
23043 57120
23044 60256
23045 50077
23046 37156
23047 37428
23048 25385
23049 58145
23050 39980
23051 56097
23052 37920
23053 17176
23054 40480
23055 55096
23056 8977
23057 49937
23058 36916
23059 25370
23060 25370
23061 25353
23062 53308
23063 49953
23064 38696
23065 37672
23066 25448
23067 28489
23068 25371
23069 40224
23070 49949
23071 49820
23072 62240
23073 49960
23074 53780
23075 58144
23076 53792
23077 55840
23078 25385
23079 27264
23080 49944
23081 55096
23082 54072
23083 62241
23084 49953
23085 51968
23086 49944
23087 58272
23088 38704
23089 50077
23090 58112
23091 38688
23092 38188
23093 58218
23094 25370
23095 25370
23096 50077
23097 55072
23098 25370
23099 17256
23100 54048
23101 56105
23102 19201
23103 53820
23104 59169
23105 49960
23106 37688
23107 27401
23108 49960
23109 17308
23110 25361
23111 58155
23112 25370
23113 39968
23114 54049
23115 25448
23116 37920
23117 40504
23118 38176
23119 25354
23120 49952
23121 17210
23122 25370
23123 59168
23124 58144
23125 26465
23126 50077
23127 37672
23128 27521
23129 54173
23130 25451
23131 38184
23132 54056
23133 54112
23134 54048
23135 40225
23136 49976
23137 57120
23138 49976
23139 37672
23140 49960
23141 57121
23142 20257
23143 17192
23144 49976
23145 28513
23146 2840
23147 37664
23148 54072
23149 28641
23150 54048
23151 53917
23152 20257
23153 20257
23154 65377
23155 56864
23156 28641
23157 55080
23158 19232
23159 60192
23160 37920
23161 49949
23162 54173
23163 53917
23164 19200
23165 37920
23166 60160
23167 50069
23168 49812
23169 49821
23170 25370
23171 40292
23172 38696
23173 19200
23174 19232
23175 58272
23176 58153
23177 58218
23178 17308
23179 49968
23180 36924
23181 54048
23182 25376
23183 49953
23184 27424
23185 49936
23186 25369
23187 64288
23188 49821
23189 55080
23190 25384
23191 40504
23192 54048
23193 25370
23194 56105
23195 17208
23196 54064
23197 54074
23198 39968
23199 49978
23200 53908
23201 25361
23202 25370
23203 39968
23204 37920
23205 49948
23206 25345
23207 54056
23208 39472
23209 54072
23210 37688
23211 25360
23212 52001
23213 38696
23214 25370
23215 53917
23216 55073
23217 49941
23218 27425
23219 25370
23220 8977
23221 19232
23222 28641
23223 39968
23224 51985
23225 17184
23226 49976
23227 40232
23228 54048
23229 17184
23230 49821
23231 38696
23232 25352
23233 25376
23234 37688
23235 38712
23236 25352
23237 54048
23238 38176
23239 49945
23240 25376
23241 52008
23242 25370
23243 38696
23244 39968
23245 25368
23246 53025
23247 27465
23248 25370
23249 49820
23250 37924
23251 54064
23252 54036
23253 54072
23254 49960
23255 49921
23256 38176
23257 54049
23258 26401
23259 18209
23260 53025
23261 25370
23262 50977
23263 25370
23264 54072
23265 25354
23266 50077
23267 54056
23268 25387
23269 40480
23270 59169
23271 25434
23272 49944
23273 25354
23274 49813
23275 54057
23276 58136
23277 50077
23278 37920
23279 58144
23280 59176
23281 25377
23282 27392
23283 54017
23284 38689
23285 38688
23286 19240
23287 26385
23288 25370
23289 25370
23290 54048
23291 55080
23292 60192
23293 37944
23294 25370
23295 17185
23296 25418
23297 37436
23298 50077
23299 49952
23300 52000
23301 38184
23302 25370
23303 38696
23304 25434
23305 25370
23306 54076
23307 52000
23308 18217
23309 25368
23310 51856
23311 55096
23312 53557
23313 37948
23314 50985
23315 25370
23316 60032
23317 55073
23318 17208
23319 54173
23320 37920
23321 40224
23322 25370
23323 49940
23324 50016
23325 19232
23326 27400
23327 25370
23328 37920
23329 25370
23330 25377
23331 54048
23332 27265
23333 25370
23334 25370
23335 25370
23336 27433
23337 58245
23338 25370
23339 55080
23340 53032
23341 25370
23342 53276
23343 25370
23344 19201
23345 25370
23346 25355
23347 58138
23348 37424
23349 53540
23350 64289
23351 39972
23352 62240
23353 25370
23354 61281
23355 25370
23356 37688
23357 49953
23358 37920
23359 37160
23360 17208
23361 54049
23362 52000
23363 37176
23364 2849
23365 25370
23366 26394
23367 27392
23368 800
23369 38176
23370 37920
23371 54048
23372 58144
23373 26473
23374 17184
23375 27264
23376 28513
23377 25368
23378 28641
23379 19072
23380 58216
23381 28521
23382 27417
23383 27432
23384 51968
23385 37920
23386 54076
23387 25371
23388 17208
23389 25400
23390 55840
23391 38700
23392 25370
23393 54056
23394 25370
23395 49976
23396 27425
23397 25370
23398 25370
23399 28521
23400 25377
23401 49960
23402 25370
23403 62349
23404 59169
23405 37924
23406 52008
23407 25368
23408 58112
23409 53308
23410 25352
23411 58144
23412 25370
23413 54056
23414 25370
23415 25370
23416 38460
23417 27264
23418 49949
23419 54072
23420 25370
23421 37160
23422 25376
23423 25370
23424 49976
23425 52000
23426 50073
23427 49952
23428 19232
23429 54056
23430 19216
23431 38704
23432 60256
23433 38460
23434 50076
23435 40500
23436 49976
23437 62248
23438 25419
23439 54056
23440 50076
23441 58136
23442 49960
23443 49920
23444 54048
23445 56097
23446 28449
23447 17176
23448 50077
23449 51000
23450 39976
23451 60160
23452 39968
23453 38184
23454 51968
23455 49976
23456 25370
23457 54040
23458 17192
23459 53788
23460 49921
23461 49976
23462 53268
23463 54044
23464 25370
23465 27456
23466 55096
23467 39968
23468 50077
23469 54048
23470 39224
23471 25344
23472 40224
23473 56097
23474 25368
23475 37160
23476 37920
23477 49953
23478 65377
23479 57121
23480 60192
23481 26371
23482 53820
23483 54057
23484 28577
23485 25371
23486 54057
23487 58144
23488 59177
23489 27432
23490 50077
23491 32621
23492 40225
23493 40297
23494 49928
23495 37924
23496 55072
23497 49953
23498 57121
23499 25400
23500 28577
23501 19208
23502 800
23503 25370
23504 49960
23505 53308
23506 40508
23507 25377
23508 18208
23509 37688
23510 27432
23511 2848
23512 25376
23513 25370
23514 37152
23515 55080
23516 25344
23517 50077
23518 58144
23519 49976
23520 25354
23521 54056
23522 25370
23523 25370
23524 40744
23525 54040
23526 17152
23527 25344
23528 27392
23529 33592
23530 54048
23531 59177
23532 25376
23533 27393
23534 25344
23535 50077
23536 49944
23537 50077
23538 58272
23539 38712
23540 17176
23541 27400
23542 49952
23543 49821
23544 39976
23545 25368
23546 25418
23547 58241
23548 54048
23549 49953
23550 25370
23551 57121
23552 38200
23553 25370
23554 60256
23555 27409
23556 37940
23557 25434
23558 25353
23559 49937
23560 54045
23561 38712
23562 25376
23563 20257
23564 55096
23565 49976
23566 25370
23567 50077
23568 19233
23569 59168
23570 38436
23571 52001
23572 25370
23573 54173
23574 50984
23575 25376
23576 25362
23577 60192
23578 50072
23579 55072
23580 60032
23581 55080
23582 19240
23583 49952
23584 17176
23585 37944
23586 19092
23587 54073
23588 25370
23589 40297
23590 25368
23591 25371
23592 49952
23593 25354
23594 28521
23595 58153
23596 53788
23597 25345
23598 25355
23599 25370
23600 61281
23601 25370
23602 55073
23603 52001
23604 49976
23605 25384
23606 17185
23607 54048
23608 50984
23609 56105
23610 49948
23611 25434
23612 27400
23613 49976
23614 54173
23615 17177
23616 54049
23617 49952
23618 59169
23619 53540
23620 52016
23621 26411
23622 38176
23623 27392
23624 49944
23625 37160
23626 25370
23627 53916
23628 17185
23629 58123
23630 58241
23631 54057
23632 59258
23633 25371
23634 38696
23635 54173
23636 37688
23637 27424
23638 19241
23639 25368
23640 54032
23641 37436
23642 54017
23643 52000
23644 38696
23645 52001
23646 55081
23647 27417
23648 54173
23649 25370
23650 25377
23651 38460
23652 56105
23653 25371
23654 25419
23655 25370
23656 58272
23657 39208
23658 25370
23659 50077
23660 38704
23661 49929
23662 25377
23663 50077
23664 37672
23665 25370
23666 33592
23667 53917
23668 17184
23669 25370
23670 38452
23671 50072
23672 25370
23673 25370
23674 17185
23675 25370
23676 58112
23677 25370
23678 27465
23679 25370
23680 17185
23681 58145
23682 26400
23683 37920
23684 25370
23685 52008
23686 54048
23687 60161
23688 60193
23689 25368
23690 19241
23691 63273
23692 25346
23693 17176
23694 53792
23695 5473
23696 27424
23697 25370
23698 54049
23699 17210
23700 54048
23701 25344
23702 39736
23703 39972
23704 25371
23705 25370
23706 54048
23707 26401
23708 62248
23709 39968
23710 25368
23711 60192
23712 37688
23713 37920
23714 55080
23715 25370
23716 25370
23717 25448
23718 49812
23719 25370
23720 28521
23721 54072
23722 49921
23723 17208
23724 37920
23725 40496
23726 27521
23727 54328
23728 19241
23729 32617
23730 38180
23731 52001
23732 54072
23733 37924
23734 6968
23735 50077
23736 39972
23737 25370
23738 25377
23739 49953
23740 25377
23741 39996
23742 54048
23743 32617
23744 58113
23745 27401
23746 58138
23747 25370
23748 25370
23749 54072
23750 53025
23751 27264
23752 49952
23753 25344
23754 19200
23755 25370
23756 37924
23757 4896
23758 872
23759 25354
23760 25369
23761 51976
23762 58128
23763 27433
23764 49953
23765 27392
23766 58112
23767 38696
23768 56097
23769 40232
23770 37920
23771 36916
23772 37688
23773 19225
23774 27393
23775 59169
23776 49821
23777 49944
23778 49960
23779 49944
23780 37920
23781 25370
23782 49565
23783 25400
23784 25448
23785 37688
23786 37920
23787 49936
23788 25418
23789 53276
23790 52000
23791 19200
23792 27392
23793 58138
23794 40744
23795 50077
23796 25370
23797 55072
23798 19232
23799 39713
23800 824
23801 54057
23802 59169
23803 27425
23804 49976
23805 53916
23806 49944
23807 53308
23808 54056
23809 49821
23810 49949
23811 49944
23812 25370
23813 25370
23814 58153
23815 54073
23816 49976
23817 56097
23818 61217
23819 50077
23820 27264
23821 53917
23822 37432
23823 50077
23824 17208
23825 49953
23826 27424
23827 40736
23828 26419
23829 58145
23830 25370
23831 54056
23832 60192
23833 49920
23834 26400
23835 58137
23836 54049
23837 58186
23838 49812
23839 38448
23840 55073
23841 38188
23842 25402
23843 54037
23844 17185
23845 49960
23846 50076
23847 26465
23848 49952
23849 58208
23850 37672
23851 49953
23852 56097
23853 25402
23854 53917
23855 49813
23856 50076
23857 17193
23858 25371
23859 49821
23860 50077
23861 50076
23862 58145
23863 25370
23864 38184
23865 37920
23866 58120
23867 58144
23868 37940
23869 49976
23870 25370
23871 27393
23872 49821
23873 38452
23874 55072
23875 32617
23876 38696
23877 37920
23878 39996
23879 57121
23880 63265
23881 17184
23882 26465
23883 25370
23884 17176
23885 40292
23886 25344
23887 54016
23888 8986
23889 49821
23890 25370
23891 25344
23892 37688
23893 38712
23894 25368
23895 49952
23896 58137
23897 18209
23898 53917
23899 50077
23900 17176
23901 19208
23902 56105
23903 40232
23904 49968
23905 25370
23906 25400
23907 49976
23908 37688
23909 62248
23910 17209
23911 27521
23912 38696
23913 25352
23914 56096
23915 49821
23916 49952
23917 40232
23918 57121
23919 19232
23920 56097
23921 37924
23922 19233
23923 52000
23924 54077
23925 17184
23926 38240
23927 27393
23928 58144
23929 17184
23930 25418
23931 49948
23932 37924
23933 19232
23934 54072
23935 54061
23936 53916
23937 20257
23938 58208
23939 56096
23940 53792
23941 49976
23942 65377
23943 49952
23944 18209
23945 49960
23946 54048
23947 49949
23948 28641
23949 17044
23950 2856
23951 59232
23952 49564
23953 25449
23954 55073
23955 17044
23956 49921
23957 27553
23958 27393
23959 17152
23960 27265
23961 60192
23962 54065
23963 25400
23964 19233
23965 58121
23966 59168
23967 25345
23968 25370
23969 39968
23970 50076
23971 65377
23972 17152
23973 25434
23974 25370
23975 40232
23976 25370
23977 19224
23978 25370
23979 37924
23980 58168
23981 25370
23982 25353
23983 52000
23984 25370
23985 19224
23986 54049
23987 25371
23988 54049
23989 25370
23990 52000
23991 40496
23992 17176
23993 52009
23994 37688
23995 49941
23996 63265
23997 25370
23998 54045
23999 37688
24000 25370
24001 49952
24002 25355
24003 49813
24004 49821
24005 58152
24006 38176
24007 17192
24008 50069
24009 25370
24010 25355
24011 58152
24012 61216
24013 37689
24014 25368
24015 58138
24016 26377
24017 58216
24018 25345
24019 51976
24020 17168
24021 58138
24022 38696
24023 37736
24024 38176
24025 25416
24026 37664
24027 62249
24028 58145
24029 25370
24030 17176
24031 38696
24032 25370
24033 54048
24034 54065
24035 56104
24036 25370
24037 54072
24038 55081
24039 25368
24040 19232
24041 25370
24042 19208
24043 50976
24044 50068
24045 25376
24046 63272
24047 53564
24048 51969
24049 25370
24050 58168
24051 25370
24052 64288
24053 25370
24054 25371
24055 25370
24056 49961
24057 64289
24058 25370
24059 40504
24060 25370
24061 25370
24062 25370
24063 25384
24064 25371
24065 25416
24066 28521
24067 37920
24068 27424
24069 19232
24070 37688
24071 17192
24072 38688
24073 25400
24074 40233
24075 54048
24076 38180
24077 55841
24078 54112
24079 53300
24080 25370
24081 58139
24082 55080
24083 17184
24084 25370
24085 58218
24086 49960
24087 55073
24088 25370
24089 60192
24090 25370
24091 49976
24092 52000
24093 58144
24094 25354
24095 38704
24096 58186
24097 49978
24098 25368
24099 27425
24100 19201
24101 39972
24102 27392
24103 25368
24104 25417
24105 38176
24106 52008
24107 58241
24108 58208
24109 25402
24110 25370
24111 55096
24112 38688
24113 49968
24114 37432
24115 53916
24116 58144
24117 25370
24118 49813
24119 19201
24120 25370
24121 53268
24122 57121
24123 55072
24124 25370
24125 54173
24126 54048
24127 25434
24128 27424
24129 58152
24130 37924
24131 55080
24132 25370
24133 25360
24134 27392
24135 17192
24136 38688
24137 25370
24138 25370
24139 60200
24140 37688
24141 25370
24142 49960
24143 49976
24144 25370
24145 27392
24146 25345
24147 25354
24148 25370
