Point_ID Label
0 27153
1 49509
2 54049
3 27152
4 25381
5 49944
6 26400
7 56881
8 49976
9 50533
10 16741
11 25496
12 50533
13 54040
14 54056
15 61797
16 56617
17 50533
18 50992
19 49944
20 49960
21 56681
22 62241
23 6945
24 50533
25 57697
26 19233
27 17176
28 56681
29 57697
30 64353
31 17176
32 19209
33 53600
34 50533
35 10017
36 54040
37 17185
38 25488
39 60201
40 17184
41 11809
42 27393
43 50533
44 25441
45 50533
46 17192
47 50533
48 53605
49 61797
50 53605
51 17248
52 25496
53 49445
54 53540
55 55073
56 17176
57 18961
58 53793
59 25488
60 56681
61 53301
62 18945
63 49944
64 17185
65 27400
66 50533
67 36193
68 54833
69 61797
70 57701
71 27489
72 56681
73 58144
74 54833
75 2840
76 64353
77 25496
78 53605
79 61797
80 49944
81 25377
82 17176
83 61797
84 50533
85 50533
86 14881
87 53793
88 54040
89 51000
90 50533
91 50533
92 61797
93 25488
94 18961
95 58144
96 53605
97 27393
98 50533
99 44385
100 56681
101 58725
102 63272
103 54833
104 27153
105 49976
106 54040
107 50533
108 17208
109 56681
110 61797
111 50533
112 50533
113 53809
114 61797
115 54833
116 25488
117 57701
118 58209
119 17176
120 28161
121 62097
122 50984
123 63265
124 50533
125 50533
126 54817
127 56105
128 61797
129 18945
130 18945
131 27137
132 61797
133 18960
134 56681
135 27264
136 50533
137 50533
138 27136
139 50533
140 27296
141 49509
142 17176
143 54833
144 61797
145 27392
146 25488
147 50533
148 27153
149 3425
150 56681
151 55840
152 50977
153 51000
154 53605
155 54040
156 53793
157 61797
158 64289
159 56681
160 58145
161 50533
162 50533
163 57701
164 25089
165 62821
166 27153
167 7529
168 61797
169 792
170 58144
171 50533
172 50533
173 54833
174 54040
175 64353
176 50533
177 19088
178 54057
179 62081
180 50533
181 19209
182 56681
183 51000
184 17152
185 53605
186 27137
187 61797
188 18961
189 50533
190 61797
191 62305
192 27400
193 25360
194 18961
195 18961
196 54629
197 53604
198 17176
199 54053
200 17176
201 50533
202 25496
203 17176
204 50533
205 19224
206 52000
207 56681
208 50533
209 56881
210 49505
211 20257
212 50533
213 56681
214 49952
215 18944
216 50533
217 27416
218 52001
219 53605
220 56681
221 65377
222 25360
223 25504
224 58209
225 53793
226 56681
227 57121
228 64353
229 50533
230 51000
231 19209
232 60193
233 28457
234 61797
235 17176
236 63264
237 50533
238 18945
239 56681
240 23185
241 49509
242 54817
243 57701
244 37688
245 62241
246 56681
247 53793
248 18961
249 27153
250 49976
251 50533
252 27392
253 57129
254 53605
255 61797
256 18945
257 49960
258 61792
259 54624
260 19201
261 18945
262 55088
263 50533
264 37688
265 28448
266 27544
267 25488
268 19232
269 61797
270 3425
271 49944
272 56681
273 53284
274 18945
275 50985
276 63336
277 25496
278 50533
279 53281
280 19224
281 49505
282 50533
283 19233
284 19232
285 49944
286 56865
287 25504
288 49509
289 62817
290 18961
291 56681
292 64288
293 53813
294 56881
295 18961
296 59937
297 49952
298 53793
299 50533
300 17765
301 51000
302 18961
303 56681
304 57129
305 17176
306 54040
307 49509
308 50533
309 25488
310 61797
311 27400
312 19224
313 54040
314 49509
315 11617
316 50992
317 58136
318 18961
319 61797
320 60321
321 49953
322 51713
323 18961
324 27400
325 50533
326 50533
327 56681
328 49944
329 49509
330 17152
331 49509
332 60200
333 53813
334 53605
335 51744
336 50533
337 61797
338 11041
339 23336
340 17176
341 25496
342 27152
343 51000
344 50533
345 16741
346 27528
347 18945
348 18945
349 50533
350 50533
351 2849
352 19233
353 17176
354 25472
355 25496
356 27425
357 49509
358 61797
359 18944
360 3425
361 61797
362 792
363 56889
364 56889
365 17176
366 57121
367 50533
368 27153
369 54629
370 56681
371 49944
372 61797
373 58208
374 50533
375 17176
376 17176
377 49509
378 27392
379 27424
380 64353
381 63400
382 62313
383 61797
384 27552
385 51000
386 26368
387 6949
388 49968
389 49509
390 18961
391 50533
392 54629
393 52000
394 57121
395 25496
396 50533
397 55081
398 50977
399 53540
400 50533
401 56681
402 16741
403 50533
404 62240
405 19201
406 56881
407 49944
408 61797
409 53545
410 17168
411 56681
412 49944
413 64353
414 53793
415 50533
416 50533
417 56681
418 57701
419 56681
420 61797
421 25496
422 17184
423 14881
424 17153
425 55841
426 27153
427 61797
428 61797
429 26465
430 23057
431 2849
432 27137
433 50533
434 61797
435 3881
436 61797
437 49509
438 61797
439 56881
440 50533
441 27153
442 54040
443 17208
444 61797
445 49944
446 56681
447 50533
448 27400
449 56681
450 56889
451 63272
452 50533
453 27528
454 58725
455 61797
456 27528
457 18961
458 56681
459 56681
460 54064
461 56881
462 49445
463 61797
464 27264
465 53025
466 61797
467 49944
468 61797
469 18944
470 50533
471 57697
472 17189
473 49944
474 50533
475 50533
476 53605
477 25480
478 64865
479 55137
480 50533
481 50072
482 31233
483 25488
484 50533
485 19224
486 25368
487 49509
488 50533
489 51000
490 61797
491 58721
492 55097
493 17176
494 54833
495 56865
496 27153
497 17184
498 50533
499 50533
500 61797
501 25376
502 50992
503 37688
504 19233
505 56673
506 53600
507 60192
508 56681
509 50533
510 50992
511 50533
512 50533
513 54833
514 56681
515 56673
516 54072
517 50533
518 53284
519 50992
520 17176
521 63256
522 53604
523 25496
524 49509
525 49952
526 54629
527 17176
528 51744
529 50533
530 61797
531 44385
532 54833
533 61797
534 18961
535 50533
536 55072
537 57701
538 50533
539 54048
540 18961
541 25496
542 58209
543 61797
544 50533
545 61797
546 17178
547 55073
548 53540
549 52025
550 56681
551 25360
552 27425
553 25344
554 56681
555 57697
556 56865
557 50533
558 52001
559 50533
560 52008
561 51744
562 17176
563 61797
564 792
565 62240
566 57193
567 54629
568 17178
569 53300
570 54040
571 18961
572 49976
573 50533
574 50533
575 50533
576 50992
577 25488
578 56065
579 64032
580 53776
581 53605
582 50533
583 65385
584 50533
585 27153
586 49944
587 56681
588 50533
589 17168
590 50533
591 20321
592 27424
593 64353
594 59169
595 50533
596 49445
597 61797
598 50533
599 2577
600 61797
601 51000
602 56681
603 792
604 18961
605 49952
606 50533
607 49944
608 50533
609 27137
610 57701
611 63272
612 51713
613 50533
614 17176
615 61797
616 19232
617 18961
618 51000
619 53809
620 53809
621 50533
622 25496
623 56681
624 10017
625 25488
626 59168
627 50533
628 53605
629 26400
630 56881
631 64353
632 56681
633 25496
634 50533
635 64097
636 7529
637 18945
638 27425
639 56681
640 49944
641 25488
642 50533
643 53301
644 61797
645 3425
646 50533
647 28161
648 64352
649 61797
650 61797
651 17189
652 49509
653 50533
654 49976
655 25377
656 53793
657 50533
658 54040
659 49976
660 49944
661 50533
662 49509
663 53797
664 17176
665 25504
666 53300
667 27400
668 54629
669 64353
670 25488
671 53540
672 37688
673 27137
674 61797
675 18961
676 25488
677 50533
678 50533
679 56681
680 26409
681 50072
682 19232
683 27536
684 57185
685 53793
686 25089
687 792
688 50533
689 18961
690 53809
691 54072
692 27137
693 50533
694 53793
695 56881
696 64097
697 56681
698 61797
699 61797
700 56681
701 50533
702 53605
703 49944
704 61797
705 49952
706 57697
707 50533
708 50533
709 62821
710 56681
711 56097
712 50533
713 50533
714 50533
715 6944
716 62113
717 49509
718 58145
719 18945
720 65377
721 56673
722 49697
723 17176
724 50992
725 792
726 49509
727 50533
728 17176
729 25445
730 50533
731 59233
732 19201
733 54833
734 23057
735 49509
736 27153
737 57697
738 18961
739 50533
740 54048
741 27544
742 50533
743 55137
744 50533
745 18961
746 27544
747 54629
748 49944
749 55137
750 61797
751 64353
752 50533
753 62304
754 61797
755 49509
756 61797
757 49960
758 50533
759 19240
760 25488
761 61797
762 17168
763 792
764 61797
765 50533
766 14113
767 31233
768 27528
769 18961
770 61797
771 61797
772 50533
773 56681
774 27536
775 50984
776 53605
777 27528
778 50533
779 25496
780 58145
781 49508
782 58208
783 25352
784 56681
785 49944
786 49509
787 50533
788 18961
789 27544
790 61797
791 25360
792 53809
793 53604
794 58145
795 55841
796 50533
797 50533
798 61797
799 18961
800 55136
801 64865
802 27528
803 26401
804 19200
805 25496
806 49944
807 56865
808 61797
809 25472
810 50533
811 17208
812 56617
813 62304
814 18961
815 54072
816 27416
817 792
818 50533
819 25488
820 50533
821 18961
822 50533
823 39713
824 57700
825 18961
826 17160
827 51992
828 62360
829 61797
830 50533
831 19224
832 53813
833 50533
834 19088
835 50992
836 56681
837 49957
838 54040
839 18961
840 19217
841 49509
842 25360
843 61797
844 61797
845 62817
846 25496
847 56681
848 56681
849 31233
850 61797
851 18961
852 50533
853 52000
854 17208
855 50533
856 58725
857 17765
858 18944
859 49505
860 54056
861 64033
862 27136
863 56681
864 54629
865 54821
866 57701
867 27137
868 61797
869 50533
870 62240
871 52001
872 25488
873 56681
874 54072
875 49944
876 58113
877 58721
878 62240
879 61797
880 51000
881 27400
882 50533
883 53793
884 64353
885 49944
886 56681
887 53809
888 61797
889 50533
890 61797
891 25480
892 25472
893 61797
894 56681
895 53605
896 18945
897 28193
898 26145
899 27424
900 49509
901 25368
902 55841
903 61797
904 61797
905 54833
906 50533
907 50533
908 52065
909 58112
910 50533
911 64353
912 25440
913 50992
914 49944
915 53797
916 49504
917 25496
918 53813
919 25496
920 18945
921 17161
922 50533
923 61797
924 50992
925 64288
926 61797
927 56681
928 50533
929 27544
930 50533
931 56681
932 18945
933 50533
934 37688
935 25488
936 27152
937 19240
938 56097
939 61797
940 61797
941 57701
942 51000
943 50533
944 50533
945 56681
946 27153
947 792
948 53793
949 49944
950 56681
951 52009
952 17176
953 50017
954 56881
955 53604
956 25377
957 49944
958 25472
959 47021
960 56681
961 54833
962 27392
963 54048
964 27400
965 18961
966 61797
967 56681
968 54053
969 19201
970 18945
971 19224
972 56681
973 53813
974 61797
975 37665
976 61797
977 18961
978 19233
979 19352
980 59232
981 56681
982 18945
983 54625
984 52000
985 53793
986 49944
987 64353
988 58144
989 54833
990 50977
991 56681
992 25512
993 54817
994 61797
995 49976
996 56881
997 28161
998 58144
999 56681
1000 62305
1001 17176
1002 61797
1003 62305
1004 56681
1005 51000
1006 54833
1007 7529
1008 27528
1009 56681
1010 56681
1011 25496
1012 27425
1013 50992
1014 57121
1015 51000
1016 27400
1017 56681
1018 49921
1019 50533
1020 56681
1021 54629
1022 25488
1023 54833
1024 49952
1025 58149
1026 27528
1027 25496
1028 54833
1029 59169
1030 58120
1031 56865
1032 51552
1033 25376
1034 27400
1035 50533
1036 56681
1037 64353
1038 25496
1039 56865
1040 28193
1041 36193
1042 56681
1043 61281
1044 55841
1045 56681
1046 64297
1047 25376
1048 61797
1049 49957
1050 56881
1051 26536
1052 25496
1053 51000
1054 25377
1055 27432
1056 19224
1057 27137
1058 25496
1059 61797
1060 17178
1061 56681
1062 28193
1063 58145
1064 49445
1065 50072
1066 54049
1067 60193
1068 25488
1069 56681
1070 25496
1071 54040
1072 61797
1073 18961
1074 54040
1075 26145
1076 63272
1077 27137
1078 25496
1079 54833
1080 53300
1081 25344
1082 25496
1083 53793
1084 53024
1085 17168
1086 27153
1087 17185
1088 54040
1089 18945
1090 17168
1091 49944
1092 54072
1093 51000
1094 792
1095 54833
1096 27137
1097 27544
1098 49944
1099 56681
1100 19200
1101 19224
1102 19201
1103 27400
1104 53285
1105 3425
1106 54625
1107 56097
1108 47021
1109 18961
1110 56681
1111 18961
1112 61797
1113 52009
1114 27393
1115 54052
1116 18961
1117 27400
1118 62241
1119 50533
1120 62248
1121 59233
1122 60192
1123 49944
1124 27137
1125 19224
1126 27552
1127 18945
1128 27137
1129 56681
1130 56681
1131 51000
1132 18961
1133 19208
1134 55137
1135 27528
1136 36193
1137 56681
1138 56681
1139 52008
1140 28161
1141 51000
1142 27425
1143 27488
1144 56104
1145 54040
1146 27136
1147 54052
1148 56681
1149 50533
1150 59169
1151 51992
1152 25496
1153 49944
1154 61797
1155 54833
1156 53605
1157 60256
1158 19272
1159 50533
1160 55073
1161 56681
1162 56681
1163 56681
1164 17208
1165 56681
1166 56681
1167 60320
1168 50533
1169 56681
1170 49952
1171 50992
1172 50533
1173 57097
1174 56681
1175 27528
1176 56681
1177 15905
1178 25384
1179 64353
1180 28193
1181 56681
1182 56681
1183 53604
1184 27416
1185 18961
1186 63272
1187 49944
1188 64353
1189 64289
1190 27400
1191 50977
1192 56681
1193 17176
1194 52008
1195 50533
1196 27424
1197 56681
1198 49944
1199 60193
1200 26401
1201 27544
1202 26401
1203 27400
1204 58264
1205 16913
1206 51993
1207 18961
1208 18961
1209 50533
1210 53809
1211 56681
1212 52025
1213 56681
1214 55840
1215 19336
1216 64353
1217 56681
1218 7529
1219 56681
1220 28161
1221 56681
1222 25496
1223 28193
1224 49952
1225 54113
1226 56681
1227 17176
1228 54833
1229 49944
1230 64353
1231 56881
1232 49952
1233 61797
1234 57185
1235 27464
1236 50985
1237 27400
1238 17176
1239 18961
1240 55857
1241 19208
1242 19336
1243 17185
1244 56681
1245 2848
1246 18945
1247 26465
1248 64353
1249 49953
1250 27552
1251 17152
1252 25480
1253 54817
1254 54048
1255 56681
1256 17176
1257 58144
1258 56681
1259 27400
1260 56681
1261 25496
1262 27400
1263 63272
1264 58144
1265 64033
1266 19224
1267 49944
1268 54048
1269 50533
1270 58209
1271 63256
1272 18945
1273 54057
1274 62240
1275 18961
1276 50533
1277 53812
1278 52000
1279 54048
1280 27400
1281 25496
1282 28193
1283 17152
1284 56681
1285 62305
1286 56681
1287 17176
1288 61797
1289 27137
1290 63400
1291 49976
1292 58145
1293 49920
1294 27264
1295 53605
1296 49944
1297 28161
1298 47021
1299 54817
1300 61797
1301 49944
1302 28193
1303 63272
1304 56681
1305 56865
1306 16741
1307 25496
1308 54817
1309 51000
1310 49953
1311 18961
1312 49953
1313 52120
1314 17176
1315 27400
1316 53809
1317 54837
1318 27544
1319 63272
1320 28161
1321 54833
1322 61797
1323 56881
1324 50533
1325 27520
1326 27137
1327 28161
1328 49976
1329 64288
1330 51000
1331 29345
1332 17176
1333 27280
1334 54833
1335 61797
1336 27400
1337 25496
1338 53793
1339 50533
1340 49944
1341 27400
1342 37688
1343 17176
1344 50533
1345 56881
1346 62241
1347 27153
1348 25496
1349 18961
1350 27137
1351 28161
1352 49944
1353 49944
1354 19233
1355 61797
1356 49944
1357 18945
1358 28193
1359 51000
1360 56881
1361 61797
1362 63400
1363 49944
1364 53793
1365 61797
1366 25496
1367 27416
1368 56681
1369 54833
1370 53809
1371 61797
1372 25488
1373 56889
1374 63272
1375 37688
1376 53792
1377 54040
1378 50533
1379 2577
1380 50992
1381 25488
1382 19256
1383 56865
1384 17765
1385 55857
1386 51000
1387 54072
1388 64353
1389 25496
1390 51000
1391 25488
1392 27400
1393 61797
1394 27400
1395 51000
1396 25496
1397 57121
1398 50992
1399 56681
1400 49944
1401 61797
1402 56865
1403 19241
1404 49944
1405 51992
1406 49976
1407 64097
1408 49945
1409 61797
1410 64353
1411 49944
1412 56865
1413 54040
1414 54833
1415 53793
1416 29345
1417 54049
1418 28193
1419 25496
1420 53605
1421 51000
1422 27169
1423 50992
1424 17176
1425 49944
1426 54833
1427 54040
1428 51000
1429 3425
1430 28161
1431 56681
1432 25376
1433 49944
1434 57185
1435 49944
1436 55841
1437 49944
1438 51000
1439 62305
1440 53605
1441 51000
1442 50976
1443 51000
1444 25496
1445 55073
1446 63272
1447 56881
1448 25496
1449 47021
1450 58144
1451 25496
1452 50533
1453 49944
1454 27400
1455 55857
1456 25496
1457 25496
1458 28193
1459 54833
1460 61797
1461 55840
1462 54833
1463 49509
1464 56881
1465 64353
1466 28177
1467 17176
1468 56681
1469 29345
1470 17176
1471 27280
1472 61797
1473 61797
1474 37672
1475 53605
1476 50992
1477 27528
1478 54056
1479 50977
1480 61797
1481 62241
1482 25089
1483 25496
1484 54833
1485 27136
1486 10785
1487 49944
1488 50977
1489 18961
1490 57696
1491 27425
1492 27153
1493 51000
1494 55097
1495 53776
1496 25512
1497 49976
1498 54833
1499 61797
1500 27280
1501 27400
1502 56881
1503 25360
1504 56681
1505 56681
1506 49944
1507 61796
1508 52017
1509 54040
1510 50533
1511 28161
1512 61797
1513 18961
1514 25488
1515 50529
1516 54817
1517 25957
1518 64353
1519 25496
1520 54040
1521 61797
1522 25512
1523 49944
1524 49952
1525 27137
1526 18961
1527 27400
1528 56681
1529 25352
1530 62360
1531 56881
1532 54837
1533 49944
1534 28161
1535 49944
1536 49944
1537 51000
1538 25496
1539 61797
1540 50992
1541 53545
1542 51000
1543 17176
1544 27416
1545 64353
1546 49944
1547 54833
1548 27296
1549 54833
1550 56881
1551 25480
1552 49944
1553 25496
1554 53813
1555 49920
1556 18944
1557 50533
1558 25496
1559 58721
1560 17176
1561 27489
1562 17178
1563 54817
1564 49944
1565 25377
1566 50533
1567 51000
1568 27400
1569 27400
1570 8993
1571 57121
1572 49944
1573 53797
1574 49944
1575 54040
1576 51000
1577 62305
1578 792
1579 51000
1580 27489
1581 25496
1582 49944
1583 27288
1584 17178
1585 56104
1586 17248
1587 54040
1588 19232
1589 49944
1590 25376
1591 27400
1592 62240
1593 29473
1594 17184
1595 53536
1596 58136
1597 17176
1598 19224
1599 12129
1600 61797
1601 27153
1602 56681
1603 61797
1604 54048
1605 18961
1606 62304
1607 55145
1608 27496
1609 62304
1610 58168
1611 61797
1612 49960
1613 25512
1614 18961
1615 49953
1616 27400
1617 53605
1618 50992
1619 56681
1620 56681
1621 55136
1622 18945
1623 27137
1624 56681
1625 27392
1626 56681
1627 54833
1628 61797
1629 49509
1630 56881
1631 19201
1632 49952
1633 56681
1634 17176
1635 17176
1636 27400
1637 58725
1638 27152
1639 56681
1640 64352
1641 51000
1642 56681
1643 25496
1644 56681
1645 54048
1646 54049
1647 28193
1648 56681
1649 56681
1650 25488
1651 29472
1652 59168
1653 18961
1654 25496
1655 63272
1656 49944
1657 50533
1658 62305
1659 51000
1660 27400
1661 50533
1662 56097
1663 49944
1664 50533
1665 51976
1666 52008
1667 58145
1668 64353
1669 55841
1670 50533
1671 27137
1672 50533
1673 53813
1674 56681
1675 19233
1676 56681
1677 53605
1678 28161
1679 17153
1680 56681
1681 63329
1682 56681
1683 17176
1684 49509
1685 61797
1686 55857
1687 59937
1688 56681
1689 56881
1690 28449
1691 27400
1692 61797
1693 55073
1694 55072
1695 27400
1696 56865
1697 27400
1698 19201
1699 11617
1700 49952
1701 49953
1702 56681
1703 19209
1704 11041
1705 37672
1706 17178
1707 27137
1708 62240
1709 61280
1710 56681
1711 26145
1712 61797
1713 7529
1714 54048
1715 27400
1716 25496
1717 63272
1718 27153
1719 56681
1720 50533
1721 58145
1722 25480
1723 18945
1724 64353
1725 27528
1726 16913
1727 56681
1728 26400
1729 53812
1730 27400
1731 28193
1732 57193
1733 56681
1734 50992
1735 19208
1736 54040
1737 50977
1738 28161
1739 56097
1740 53600
1741 27392
1742 27400
1743 64353
1744 58144
1745 57121
1746 49960
1747 55073
1748 55080
1749 49944
1750 61797
1751 21281
1752 47021
1753 56681
1754 49944
1755 53604
1756 17192
1757 17249
1758 27400
1759 56681
1760 16913
1761 19200
1762 59176
1763 51000
1764 49944
1765 27400
1766 17176
1767 64353
1768 53809
1769 56681
1770 56681
1771 27400
1772 58144
1773 61797
1774 25384
1775 50533
1776 58209
1777 54833
1778 17176
1779 18945
1780 64353
1781 59233
1782 27528
1783 50976
1784 54049
1785 26145
1786 56681
1787 27400
1788 25496
1789 27400
1790 54056
1791 50992
1792 25496
1793 64353
1794 27528
1795 49509
1796 53809
1797 57097
1798 56681
1799 51976
1800 28193
1801 64352
1802 51000
1803 53605
1804 28161
1805 27153
1806 55841
1807 61797
1808 49929
1809 56681
1810 49953
1811 27489
1812 18961
1813 53796
1814 55953
1815 25472
1816 64353
1817 27528
1818 56681
1819 54049
1820 56681
1821 56681
1822 56681
1823 49944
1824 17176
1825 55649
1826 27137
1827 53813
1828 56681
1829 56681
1830 47021
1831 53605
1832 50533
1833 25345
1834 26401
1835 49944
1836 50533
1837 58144
1838 54049
1839 29345
1840 62305
1841 49944
1842 56617
1843 25368
1844 61797
1845 62352
1846 27528
1847 49960
1848 792
1849 49944
1850 51000
1851 18944
1852 54833
1853 54040
1854 53793
1855 56681
1856 25957
1857 50992
1858 49952
1859 64353
1860 28177
1861 31233
1862 56681
1863 49944
1864 60257
1865 50533
1866 57129
1867 64353
1868 25496
1869 16741
1870 31233
1871 53601
1872 50533
1873 49944
1874 61797
1875 56681
1876 50992
1877 58113
1878 27425
1879 49944
1880 56881
1881 25488
1882 18945
1883 49944
1884 27153
1885 54833
1886 28449
1887 54049
1888 54056
1889 56609
1890 58112
1891 61797
1892 49944
1893 49944
1894 58128
1895 51000
1896 27137
1897 49944
1898 63264
1899 54048
1900 53809
1901 61797
1902 64289
1903 55841
1904 61797
1905 56617
1906 27400
1907 49509
1908 64353
1909 56681
1910 27544
1911 25496
1912 53025
1913 18961
1914 27400
1915 62113
1916 27137
1917 54053
1918 26145
1919 31521
1920 27528
1921 27400
1922 54072
1923 53797
1924 53797
1925 25496
1926 53809
1927 51000
1928 51000
1929 54057
1930 18945
1931 25496
1932 56881
1933 25496
1934 54833
1935 56881
1936 28161
1937 27400
1938 56681
1939 56881
1940 27137
1941 25496
1942 53809
1943 49944
1944 61797
1945 27536
1946 54833
1947 53605
1948 51968
1949 50529
1950 61797
1951 53809
1952 27528
1953 25496
1954 27169
1955 54040
1956 61797
1957 27528
1958 27137
1959 23185
1960 18961
1961 54072
1962 18944
1963 59939
1964 25496
1965 54048
1966 53793
1967 56681
1968 61797
1969 49944
1970 55097
1971 20265
1972 50533
1973 18945
1974 56889
1975 53089
1976 62081
1977 51984
1978 37688
1979 56881
1980 50533
1981 56881
1982 25496
1983 18961
1984 51000
1985 29217
1986 49944
1987 56681
1988 54833
1989 62208
1990 56881
1991 64352
1992 61797
1993 25488
1994 17192
1995 50992
1996 49944
1997 64353
1998 51000
1999 19088
2000 56681
2001 49944
2002 61797
2003 63272
2004 53793
2005 27400
2006 64097
2007 61797
2008 61797
2009 56681
2010 54833
2011 54817
2012 61797
2013 56681
2014 25488
2015 56681
2016 25496
2017 53793
2018 28513
2019 27400
2020 27153
2021 27528
2022 56881
2023 57129
2024 18945
2025 52001
2026 51000
2027 55144
2028 51000
2029 62241
2030 18961
2031 53793
2032 27528
2033 25496
2034 56617
2035 54833
2036 63392
2037 64097
2038 49944
2039 27528
2040 56681
2041 53809
2042 56881
2043 25496
2044 55073
2045 49944
2046 61985
2047 53300
2048 50992
2049 61797
2050 19209
2051 50533
2052 54817
2053 56681
2054 29345
2055 27528
2056 25488
2057 28161
2058 27457
2059 53605
2060 27544
2061 27432
2062 17176
2063 8993
2064 53605
2065 58144
2066 49944
2067 18961
2068 25377
2069 19233
2070 25496
2071 62248
2072 49944
2073 54817
2074 26145
2075 53793
2076 56681
2077 27424
2078 25496
2079 29345
2080 64353
2081 56881
2082 25377
2083 63336
2084 25488
2085 49944
2086 19208
2087 61797
2088 17176
2089 55073
2090 53809
2091 53793
2092 61797
2093 27280
2094 6949
2095 56681
2096 61797
2097 64353
2098 60257
2099 49508
2100 56681
2101 61797
2102 55857
2103 18961
2104 17185
2105 27400
2106 18961
2107 2825
2108 54817
2109 19224
2110 53777
2111 54049
2112 61216
2113 64353
2114 61797
2115 25384
2116 56681
2117 53793
2118 49952
2119 56681
2120 19224
2121 56681
2122 64353
2123 56681
2124 51000
2125 56681
2126 25496
2127 56681
2128 53793
2129 50533
2130 27137
2131 17176
2132 56681
2133 56681
2134 19208
2135 18961
2136 27544
2137 50533
2138 62241
2139 51000
2140 49944
2141 27489
2142 49944
2143 26536
2144 27408
2145 64353
2146 56865
2147 57121
2148 28449
2149 792
2150 18961
2151 53797
2152 56104
2153 56681
2154 56681
2155 17176
2156 56681
2157 56681
2158 28193
2159 53601
2160 56681
2161 19297
2162 8993
2163 61797
2164 27424
2165 27425
2166 64353
2167 19352
2168 61797
2169 25368
2170 27520
2171 58144
2172 53601
2173 52008
2174 49937
2175 62241
2176 27425
2177 56681
2178 28161
2179 51000
2180 49944
2181 63336
2182 56681
2183 27400
2184 27416
2185 19209
2186 55072
2187 49944
2188 62241
2189 53537
2190 64353
2191 27400
2192 54817
2193 27400
2194 55072
2195 27400
2196 61796
2197 25376
2198 56681
2199 27137
2200 56681
2201 51000
2202 57701
2203 53813
2204 49944
2205 17161
2206 27425
2207 27400
2208 52008
2209 61797
2210 27433
2211 28457
2212 53793
2213 61797
2214 27432
2215 56681
2216 27400
2217 61797
2218 56681
2219 53605
2220 53604
2221 14113
2222 56681
2223 56681
2224 50992
2225 25496
2226 52009
2227 25377
2228 62240
2229 17152
2230 57097
2231 56681
2232 27400
2233 54629
2234 19201
2235 55856
2236 65385
2237 64353
2238 3425
2239 27400
2240 26145
2241 27288
2242 57700
2243 49944
2244 49944
2245 25376
2246 26376
2247 53792
2248 19233
2249 64353
2250 19232
2251 27400
2252 61797
2253 52017
2254 56681
2255 25496
2256 26145
2257 54049
2258 27392
2259 28449
2260 53809
2261 55073
2262 63264
2263 25496
2264 64353
2265 54113
2266 57120
2267 57193
2268 56120
2269 28513
2270 56681
2271 53793
2272 25344
2273 50533
2274 63273
2275 27416
2276 64353
2277 27280
2278 56681
2279 56681
2280 49944
2281 55856
2282 56681
2283 49944
2284 50533
2285 50533
2286 64353
2287 59169
2288 26145
2289 53797
2290 25368
2291 36193
2292 53281
2293 49953
2294 61797
2295 2840
2296 55841
2297 17184
2298 27528
2299 12129
2300 64033
2301 16161
2302 19201
2303 25496
2304 49960
2305 50533
2306 55136
2307 53809
2308 19224
2309 54049
2310 11617
2311 62240
2312 27400
2313 57701
2314 58144
2315 61797
2316 57700
2317 60256
2318 2848
2319 49509
2320 58145
2321 56681
2322 49953
2323 19232
2324 27521
2325 27464
2326 51000
2327 39713
2328 27400
2329 54040
2330 25345
2331 23337
2332 28193
2333 25448
2334 49504
2335 28161
2336 58209
2337 17176
2338 53605
2339 64353
2340 56080
2341 27425
2342 17256
2343 57696
2344 57697
2345 54833
2346 27408
2347 53809
2348 52000
2349 53809
2350 56681
2351 25377
2352 18961
2353 52000
2354 61797
2355 51000
2356 27169
2357 50533
2358 23185
2359 25368
2360 27424
2361 63272
2362 64289
2363 56681
2364 50533
2365 18961
2366 17176
2367 57129
2368 63272
2369 17184
2370 53605
2371 50533
2372 54817
2373 15905
2374 51713
2375 49961
2376 54040
2377 18945
2378 53604
2379 50533
2380 62305
2381 17176
2382 7529
2383 27401
2384 18961
2385 18961
2386 53792
2387 56681
2388 55953
2389 27281
2390 27137
2391 55136
2392 54833
2393 64353
2394 25488
2395 56681
2396 63256
2397 19297
2398 25377
2399 61797
2400 53813
2401 51000
2402 65385
2403 49952
2404 49968
2405 25496
2406 50533
2407 18961
2408 57701
2409 17193
2410 53793
2411 17176
2412 27544
2413 25488
2414 56881
2415 27400
2416 49960
2417 49944
2418 59169
2419 19240
2420 17176
2421 10017
2422 25496
2423 61797
2424 17176
2425 56881
2426 54049
2427 53809
2428 50533
2429 49944
2430 18961
2431 61797
2432 54053
2433 49944
2434 25368
2435 50533
2436 56881
2437 54040
2438 25496
2439 27280
2440 63392
2441 56681
2442 50533
2443 54056
2444 61797
2445 62241
2446 50533
2447 54040
2448 53793
2449 27296
2450 25496
2451 56681
2452 17176
2453 50992
2454 25512
2455 57697
2456 28177
2457 61797
2458 53793
2459 25488
2460 25488
2461 58209
2462 28161
2463 55649
2464 17184
2465 58144
2466 25512
2467 54817
2468 54072
2469 50977
2470 27400
2471 61797
2472 27400
2473 18944
2474 62113
2475 27528
2476 25496
2477 56681
2478 49944
2479 56881
2480 61797
2481 27425
2482 28193
2483 54049
2484 19088
2485 25504
2486 56881
2487 61797
2488 53605
2489 25496
2490 28161
2491 18961
2492 27281
2493 27153
2494 26536
2495 64353
2496 63265
2497 53541
2498 23336
2499 57697
2500 56681
2501 61797
2502 50533
2503 50533
2504 57129
2505 19233
2506 49944
2507 25496
2508 28161
2509 61797
2510 54833
2511 17200
2512 53809
2513 50533
2514 28417
2515 61797
2516 53809
2517 56681
2518 56881
2519 53793
2520 56881
2521 53809
2522 53793
2523 25496
2524 56617
2525 17176
2526 58721
2527 49944
2528 56881
2529 49944
2530 25448
2531 19208
2532 28193
2533 61797
2534 56889
2535 54817
2536 19224
2537 55841
2538 54040
2539 18945
2540 63265
2541 19224
2542 56881
2543 25496
2544 25496
2545 17176
2546 54817
2547 53809
2548 27153
2549 63272
2550 61797
2551 18961
2552 25496
2553 49921
2554 62113
2555 56865
2556 62352
2557 27137
2558 29345
2559 28193
2560 59939
2561 55857
2562 56881
2563 54040
2564 18945
2565 27536
2566 53793
2567 61797
2568 25496
2569 54817
2570 58112
2571 26368
2572 61797
2573 27528
2574 49960
2575 19232
2576 49944
2577 53600
2578 27137
2579 56097
2580 50977
2581 61797
2582 61797
2583 17160
2584 51969
2585 56681
2586 18961
2587 61797
2588 57129
2589 56681
2590 61797
2591 17176
2592 53793
2593 27137
2594 27425
2595 27400
2596 52065
2597 18945
2598 2856
2599 56881
2600 19352
2601 49976
2602 56865
2603 64353
2604 62240
2605 56097
2606 17185
2607 17176
2608 56681
2609 50533
2610 51000
2611 56681
2612 56681
2613 27416
2614 56681
2615 28193
2616 54040
2617 56681
2618 56681
2619 25488
2620 19208
2621 18961
2622 49944
2623 64353
2624 17189
2625 61797
2626 51000
2627 27137
2628 19297
2629 18945
2630 53813
2631 56681
2632 56681
2633 56865
2634 17192
2635 56097
2636 53605
2637 53793
2638 52008
2639 61797
2640 62241
2641 62305
2642 59168
2643 19208
2644 61797
2645 55072
2646 57129
2647 63264
2648 49936
2649 27400
2650 58113
2651 11617
2652 19232
2653 50985
2654 26145
2655 25440
2656 47021
2657 50533
2658 49944
2659 19233
2660 50533
2661 50533
2662 25377
2663 56104
2664 57193
2665 18945
2666 51000
2667 61797
2668 61797
2669 56881
2670 49944
2671 49944
2672 23185
2673 25352
2674 58144
2675 57701
2676 53797
2677 60193
2678 56681
2679 53605
2680 50533
2681 19208
2682 53537
2683 62821
2684 56681
2685 56681
2686 51000
2687 27400
2688 18209
2689 50992
2690 47021
2691 61793
2692 54040
2693 18961
2694 54040
2695 57185
2696 19256
2697 19224
2698 58144
2699 58144
2700 64033
2701 53809
2702 17160
2703 25496
2704 27528
2705 61281
2706 58145
2707 54057
2708 49952
2709 50533
2710 19224
2711 27400
2712 58149
2713 27528
2714 49952
2715 61217
2716 56681
2717 27528
2718 61797
2719 61792
2720 19208
2721 58209
2722 54072
2723 63272
2724 56673
2725 54817
2726 64353
2727 56681
2728 61797
2729 59168
2730 31233
2731 28193
2732 49509
2733 23328
2734 61797
2735 53809
2736 25381
2737 56681
2738 49944
2739 56617
2740 28001
2741 50533
2742 26409
2743 58144
2744 56881
2745 62360
2746 54048
2747 49960
2748 62305
2749 65313
2750 27544
2751 17176
2752 56681
2753 25377
2754 2577
2755 49953
2756 63264
2757 50533
2758 19200
2759 49944
2760 27400
2761 27528
2762 56681
2763 61797
2764 27153
2765 25441
2766 49509
2767 28417
2768 54048
2769 27400
2770 49944
2771 27400
2772 27153
2773 27400
2774 51000
2775 64353
2776 56681
2777 53809
2778 53809
2779 53793
2780 53809
2781 53813
2782 61796
2783 49921
2784 56681
2785 44385
2786 53301
2787 58144
2788 54056
2789 54833
2790 63328
2791 62113
2792 27544
2793 54040
2794 26536
2795 17178
2796 56681
2797 51552
2798 61797
2799 61797
2800 19088
2801 56681
2802 63264
2803 54040
2804 64353
2805 64353
2806 64352
2807 62304
2808 19241
2809 3881
2810 49944
2811 17176
2812 53793
2813 49952
2814 53793
2815 27153
2816 17176
2817 49445
2818 56097
2819 11617
2820 55081
2821 55073
2822 49509
2823 61797
2824 25448
2825 54817
2826 56681
2827 57121
2828 49944
2829 27393
2830 51000
2831 18961
2832 27489
2833 63392
2834 56681
2835 56681
2836 18945
2837 56681
2838 27169
2839 53605
2840 49944
2841 54040
2842 61797
2843 31233
2844 28193
2845 27400
2846 54049
2847 27425
2848 25445
2849 53793
2850 27400
2851 49960
2852 47021
2853 56681
2854 25377
2855 27137
2856 27400
2857 61797
2858 54072
2859 61985
2860 17184
2861 17176
2862 49944
2863 17176
2864 56097
2865 53809
2866 58209
2867 49952
2868 62240
2869 25376
2870 62352
2871 49944
2872 17176
2873 25488
2874 27137
2875 54817
2876 53793
2877 61797
2878 56681
2879 49944
2880 49944
2881 54833
2882 53600
2883 56681
2884 47021
2885 61797
2886 49504
2887 25496
2888 23057
2889 25496
2890 58208
2891 53793
2892 61797
2893 53793
2894 55857
2895 54049
2896 29345
2897 18945
2898 61797
2899 56889
2900 25488
2901 56681
2902 54049
2903 61797
2904 27280
2905 36193
2906 58144
2907 27153
2908 49953
2909 18961
2910 53809
2911 61797
2912 54817
2913 26368
2914 25496
2915 31233
2916 61797
2917 792
2918 27400
2919 53605
2920 53797
2921 58145
2922 27489
2923 56681
2924 49952
2925 37688
2926 63400
2927 19232
2928 64097
2929 56865
2930 61797
2931 27544
2932 51744
2933 61797
2934 53809
2935 53809
2936 61797
2937 56617
2938 49944
2939 53793
2940 64353
2941 49976
2942 27400
2943 61797
2944 27528
2945 12129
2946 64353
2947 18961
2948 26536
2949 50533
2950 55857
2951 28161
2952 53605
2953 62113
2954 47021
2955 56865
2956 50529
2957 17176
2958 20257
2959 61797
2960 25344
2961 64353
2962 27400
2963 29345
2964 50533
2965 27153
2966 49944
2967 10785
2968 49944
2969 27416
2970 27528
2971 62097
2972 25496
2973 61797
2974 27528
2975 27552
2976 19208
2977 19208
2978 19224
2979 56881
2980 63392
2981 49944
2982 17184
2983 55136
2984 58280
2985 50533
2986 64289
2987 25384
2988 49505
2989 27153
2990 52000
2991 60193
2992 49976
2993 53793
2994 19089
2995 26401
2996 61797
2997 53809
2998 50017
2999 18945
3000 56881
3001 56681
3002 18961
3003 25360
3004 25496
3005 54817
3006 50533
3007 61797
3008 18944
3009 25360
3010 61797
3011 63256
3012 49952
3013 61797
3014 64353
3015 54833
3016 53089
3017 25496
3018 49944
3019 53605
3020 49944
3021 61797
3022 63400
3023 61797
3024 18961
3025 49936
3026 27400
3027 17176
3028 61797
3029 53809
3030 54048
3031 49960
3032 57696
3033 27425
3034 58144
3035 18961
3036 58144
3037 58144
3038 61797
3039 56681
3040 8993
3041 49968
3042 25416
3043 27153
3044 12129
3045 12129
3046 57889
3047 64289
3048 56681
3049 49944
3050 56097
3051 61281
3052 56681
3053 56681
3054 56681
3055 28193
3056 56681
3057 25480
3058 63400
3059 49944
3060 49944
3061 27137
3062 49944
3063 54056
3064 62821
3065 54817
3066 64353
3067 50533
3068 18945
3069 53600
3070 56681
3071 49945
3072 61797
3073 50533
3074 28513
3075 57889
3076 18961
3077 54040
3078 53793
3079 62305
3080 19208
3081 61797
3082 27400
3083 44385
3084 25496
3085 53025
3086 64353
3087 58144
3088 17176
3089 17176
3090 27401
3091 50984
3092 17192
3093 54072
3094 50533
3095 52072
3096 51000
3097 53600
3098 55856
3099 49944
3100 50533
3101 27433
3102 54112
3103 60201
3104 53809
3105 61797
3106 19224
3107 53605
3108 28449
3109 27400
3110 27433
3111 53605
3112 27169
3113 56681
3114 25496
3115 27400
3116 56681
3117 54049
3118 58216
3119 27400
3120 27400
3121 49968
3122 27424
3123 49509
3124 7529
3125 25488
3126 56681
3127 60193
3128 50992
3129 54049
3130 54040
3131 57700
3132 27464
3133 27528
3134 60192
3135 55857
3136 55081
3137 27400
3138 49976
3139 27528
3140 61797
3141 54833
3142 54056
3143 55145
3144 16741
3145 25496
3146 55953
3147 7529
3148 56681
3149 61797
3150 50533
3151 27153
3152 49928
3153 63272
3154 53793
3155 51000
3156 56681
3157 17176
3158 63272
3159 64353
3160 11041
3161 54072
3162 54833
3163 54048
3164 61185
3165 62241
3166 62241
3167 27400
3168 17176
3169 27400
3170 57128
3171 54817
3172 62817
3173 56681
3174 19224
3175 61797
3176 50072
3177 62304
3178 50992
3179 51041
3180 11041
3181 61797
3182 61796
3183 27169
3184 27400
3185 54112
3186 49944
3187 62240
3188 27528
3189 61797
3190 53796
3191 56120
3192 64353
3193 54837
3194 53809
3195 58145
3196 25472
3197 61797
3198 28193
3199 47021
3200 56881
3201 64865
3202 64353
3203 53812
3204 25496
3205 18961
3206 54833
3207 62113
3208 31521
3209 62113
3210 49953
3211 63272
3212 25512
3213 18961
3214 56865
3215 64353
3216 62360
3217 54833
3218 54821
3219 18944
3220 53809
3221 27536
3222 58209
3223 27400
3224 61797
3225 17176
3226 53793
3227 51000
3228 49944
3229 61797
3230 18961
3231 52120
3232 19232
3233 19233
3234 49976
3235 27425
3236 49944
3237 49509
3238 52000
3239 56681
3240 49936
3241 27489
3242 61797
3243 17185
3244 20321
3245 54633
3246 54040
3247 25376
3248 19224
3249 58721
3250 49944
3251 25496
3252 50533
3253 56881
3254 19232
3255 61797
3256 25360
3257 17176
3258 62240
3259 18961
3260 17176
3261 49944
3262 63392
3263 58144
3264 23185
3265 64097
3266 60193
3267 49952
3268 49944
3269 63272
3270 50533
3271 53793
3272 49921
3273 49944
3274 17176
3275 25368
3276 28193
3277 62309
3278 28161
3279 49944
3280 50533
3281 50533
3282 49936
3283 62097
3284 58216
3285 27280
3286 28193
3287 17765
3288 50533
3289 54817
3290 62240
3291 64353
3292 49944
3293 27528
3294 19201
3295 55081
3296 64353
3297 27528
3298 56681
3299 54833
3300 50533
3301 57097
3302 60192
3303 26464
3304 49509
3305 56681
3306 25377
3307 19240
3308 54049
3309 56681
3310 54833
3311 27281
3312 50529
3313 62097
3314 50533
3315 61796
3316 19224
3317 17176
3318 56096
3319 17176
3320 28193
3321 18945
3322 17176
3323 64353
3324 62097
3325 27400
3326 53793
3327 57129
3328 50072
3329 49968
3330 61797
3331 61797
3332 27400
3333 50533
3334 54833
3335 64353
3336 56681
3337 27464
3338 27137
3339 27400
3340 61797
3341 44385
3342 64353
3343 53809
3344 53809
3345 49944
3346 61797
3347 29345
3348 27400
3349 56681
3350 56889
3351 27137
3352 27400
3353 56881
3354 49944
3355 54040
3356 56681
3357 27528
3358 27400
3359 25496
3360 63400
3361 55857
3362 17249
3363 56881
3364 49944
3365 54040
3366 50992
3367 56881
3368 27528
3369 27400
3370 26465
3371 27137
3372 53604
3373 53809
3374 56881
3375 6689
3376 17153
3377 27400
3378 49920
3379 61797
3380 61797
3381 27425
3382 28513
3383 56681
3384 54625
3385 49944
3386 56681
3387 54817
3388 54048
3389 61797
3390 49509
3391 56881
3392 58144
3393 27528
3394 56881
3395 53601
3396 50533
3397 19224
3398 18961
3399 17176
3400 53809
3401 25496
3402 27281
3403 18961
3404 18961
3405 25504
3406 53793
3407 25440
3408 17176
3409 8993
3410 57701
3411 25377
3412 51000
3413 17176
3414 55081
3415 50992
3416 64033
3417 54833
3418 61797
3419 25496
3420 62240
3421 53281
3422 49944
3423 56881
3424 50533
3425 64353
3426 61797
3427 54817
3428 27528
3429 25488
3430 18945
3431 27137
3432 27528
3433 61797
3434 55088
3435 49976
3436 17176
3437 27528
3438 28161
3439 53604
3440 19233
3441 56681
3442 62305
3443 56681
3444 27400
3445 62240
3446 27400
3447 18945
3448 23329
3449 27528
3450 53540
3451 57120
3452 51969
3453 61797
3454 25089
3455 7529
3456 50533
3457 56681
3458 56681
3459 28193
3460 25488
3461 27153
3462 47021
3463 49944
3464 56097
3465 49944
3466 57701
3467 64353
3468 19200
3469 53809
3470 57129
3471 56681
3472 27400
3473 61797
3474 25376
3475 54052
3476 27528
3477 19296
3478 11617
3479 49968
3480 55137
3481 51000
3482 27169
3483 54040
3484 64353
3485 27528
3486 52008
3487 51000
3488 63329
3489 54837
3490 49944
3491 27400
3492 51976
3493 54833
3494 61792
3495 53808
3496 50533
3497 49960
3498 25441
3499 61797
3500 27169
3501 25352
3502 51000
3503 50992
3504 49944
3505 54048
3506 52000
3507 58280
3508 7529
3509 27488
3510 50533
3511 53809
3512 50533
3513 18944
3514 27528
3515 58145
3516 50992
3517 61797
3518 53605
3519 57193
3520 27400
3521 2857
3522 27521
3523 23185
3524 50533
3525 52001
3526 53793
3527 64353
3528 28001
3529 50533
3530 53545
3531 54049
3532 61797
3533 56681
3534 63272
3535 54833
3536 56681
3537 49944
3538 63272
3539 27528
3540 53792
3541 62304
3542 58112
3543 28001
3544 55137
3545 44385
3546 50976
3547 49953
3548 50533
3549 19209
3550 56681
3551 60264
3552 57701
3553 19224
3554 19201
3555 61797
3556 19224
3557 57701
3558 50533
3559 56681
3560 10769
3561 27296
3562 27528
3563 25377
3564 55097
3565 27280
3566 49509
3567 56681
3568 61797
3569 63264
3570 53797
3571 53793
3572 53605
3573 49928
3574 53605
3575 53808
3576 53797
3577 51968
3578 49445
3579 50533
3580 61797
3581 53797
3582 27424
3583 49944
3584 57097
3585 61797
3586 59233
3587 25496
3588 54817
3589 18961
3590 27424
3591 27400
3592 53300
3593 61797
3594 63265
3595 64353
3596 53605
3597 54833
3598 49944
3599 27400
3600 25381
3601 56681
3602 49441
3603 50533
3604 55137
3605 54048
3606 50977
3607 25496
3608 57121
3609 61797
3610 25377
3611 56881
3612 51993
3613 49944
3614 54056
3615 17208
3616 62241
3617 27400
3618 54833
3619 62360
3620 64353
3621 53793
3622 25496
3623 62309
3624 61797
3625 50533
3626 53808
3627 62113
3628 62097
3629 54040
3630 62304
3631 49509
3632 25496
3633 29345
3634 57128
3635 54040
3636 54625
3637 18945
3638 28513
3639 53281
3640 11617
3641 62113
3642 26145
3643 19224
3644 56681
3645 54057
3646 28193
3647 53813
3648 17176
3649 53809
3650 17176
3651 50533
3652 49944
3653 49509
3654 27433
3655 56681
3656 25488
3657 56881
3658 49952
3659 54049
3660 55857
3661 18945
3662 54049
3663 28161
3664 56681
3665 17177
3666 58208
3667 54040
3668 19224
3669 53605
3670 54040
3671 64865
3672 53301
3673 19296
3674 19352
3675 58145
3676 50529
3677 56681
3678 53024
3679 17176
3680 49976
3681 56889
3682 55857
3683 25376
3684 54833
3685 54040
3686 56681
3687 18961
3688 58725
3689 25377
3690 56681
3691 56105
3692 27400
3693 17200
3694 53604
3695 56104
3696 27153
3697 19233
3698 49944
3699 56617
3700 27400
3701 17176
3702 18961
3703 52008
3704 54040
3705 18945
3706 18961
3707 56881
3708 62241
3709 53777
3710 58272
3711 53793
3712 56881
3713 54040
3714 17176
3715 27528
3716 54040
3717 53605
3718 53604
3719 56681
3720 63272
3721 49944
3722 64353
3723 61797
3724 25488
3725 25496
3726 27528
3727 27536
3728 26465
3729 57185
3730 62821
3731 57121
3732 50533
3733 53809
3734 53809
3735 53025
3736 53605
3737 64353
3738 18961
3739 18945
3740 27528
3741 25496
3742 25360
3743 61797
3744 61797
3745 64353
3746 28193
3747 18945
3748 56681
3749 57129
3750 58144
3751 51745
3752 59939
3753 27153
3754 61797
3755 53809
3756 27153
3757 61797
3758 18961
3759 53281
3760 26465
3761 27153
3762 62352
3763 53793
3764 52001
3765 64353
3766 61797
3767 61797
3768 61797
3769 61985
3770 58144
3771 25377
3772 53793
3773 61797
3774 61797
3775 54049
3776 28161
3777 53540
3778 19216
3779 19200
3780 27400
3781 27400
3782 25496
3783 53281
3784 50533
3785 53809
3786 53604
3787 19201
3788 61797
3789 54833
3790 18961
3791 54833
3792 18945
3793 61797
3794 53301
3795 25377
3796 64353
3797 27153
3798 56865
3799 27400
3800 49665
3801 61797
3802 49952
3803 53605
3804 53089
3805 61797
3806 60321
3807 56681
3808 54833
3809 53033
3810 10785
3811 27400
3812 18945
3813 53300
3814 62305
3815 56681
3816 56681
3817 58152
3818 56681
3819 56681
3820 28193
3821 56681
3822 25496
3823 7529
3824 17176
3825 19240
3826 29472
3827 6945
3828 61217
3829 53797
3830 49961
3831 58144
3832 56681
3833 61797
3834 53809
3835 11040
3836 54041
3837 27400
3838 27528
3839 53797
3840 25376
3841 49944
3842 53025
3843 63272
3844 50533
3845 58144
3846 64353
3847 27400
3848 25368
3849 27400
3850 58144
3851 56681
3852 51000
3853 54048
3854 53301
3855 17184
3856 27400
3857 58217
3858 57128
3859 53793
3860 62241
3861 49953
3862 64257
3863 61797
3864 28193
3865 27489
3866 56681
3867 25488
3868 56681
3869 25504
3870 58144
3871 54049
3872 49944
3873 25384
3874 27528
3875 64353
3876 58145
3877 56097
3878 11617
3879 25480
3880 53601
3881 50533
3882 29217
3883 59176
3884 55080
3885 19352
3886 17176
3887 61797
3888 65385
3889 27400
3890 19336
3891 58152
3892 56865
3893 51992
3894 25496
3895 17176
3896 12129
3897 53025
3898 50533
3899 27401
3900 63272
3901 53797
3902 49944
3903 50529
3904 27400
3905 56681
3906 56617
3907 62240
3908 25353
3909 55088
3910 56681
3911 17176
3912 61797
3913 49944
3914 56681
3915 61797
3916 64289
3917 50533
3918 49944
3919 50533
3920 27400
3921 54056
3922 57700
3923 62817
3924 58145
3925 49953
3926 27416
3927 53605
3928 56681
3929 25352
3930 53793
3931 27400
3932 58145
3933 56681
3934 58145
3935 18945
3936 27280
3937 10769
3938 57121
3939 62305
3940 27169
3941 64353
3942 49960
3943 3881
3944 54048
3945 54049
3946 19089
3947 61797
3948 63400
3949 61797
3950 49944
3951 58209
3952 49445
3953 63272
3954 61797
3955 55841
3956 27400
3957 64353
3958 61797
3959 56681
3960 49944
3961 27520
3962 27424
3963 54833
3964 27425
3965 57121
3966 49960
3967 56681
3968 25449
3969 27489
3970 7529
3971 54049
3972 27400
3973 25957
3974 50533
3975 49960
3976 63264
3977 28193
3978 53796
3979 54072
3980 54040
3981 64352
3982 53809
3983 64353
3984 50533
3985 62305
3986 57696
3987 53809
3988 17249
3989 49944
3990 62352
3991 18961
3992 63273
3993 51969
3994 51969
3995 53605
3996 27400
3997 55841
3998 53793
3999 47021
4000 25496
4001 27544
4002 62352
4003 27153
4004 17176
4005 27400
4006 62817
4007 28193
4008 19208
4009 49952
4010 53536
4011 14113
4012 56681
4013 28449
4014 792
4015 58209
4016 56097
4017 27153
4018 49944
4019 60161
4020 57701
4021 53793
4022 18961
4023 54049
4024 63329
4025 64353
4026 17176
4027 27528
4028 53536
4029 25496
4030 56881
4031 17176
4032 17185
4033 61797
4034 61797
4035 27400
4036 27416
4037 53541
4038 17176
4039 57129
4040 56681
4041 64353
4042 27400
4043 19208
4044 27169
4045 61797
4046 59177
4047 20257
4048 27528
4049 61792
4050 56881
4051 17169
4052 56681
4053 27416
4054 49944
4055 56681
4056 63329
4057 54049
4058 25496
4059 50533
4060 49960
4061 53809
4062 31233
4063 60192
4064 64353
4065 57129
4066 50533
4067 49509
4068 27416
4069 17176
4070 50533
4071 54072
4072 50533
4073 17176
4074 53797
4075 47021
4076 50024
4077 22305
4078 54056
4079 25368
4080 25480
4081 56681
4082 54072
4083 19233
4084 47021
4085 18961
4086 17176
4087 27400
4088 63400
4089 27416
4090 54833
4091 53793
4092 18945
4093 61797
4094 25488
4095 62305
4096 25441
4097 62097
4098 27528
4099 50533
4100 53809
4101 25496
4102 53541
4103 53793
4104 56881
4105 19089
4106 61797
4107 56881
4108 61797
4109 25488
4110 49961
4111 52000
4112 56617
4113 47021
4114 55073
4115 25496
4116 19232
4117 27400
4118 54833
4119 53809
4120 28161
4121 53793
4122 53809
4123 26145
4124 53605
4125 28161
4126 52000
4127 49944
4128 27528
4129 54569
4130 18961
4131 25496
4132 50533
4133 53797
4134 19201
4135 59939
4136 27393
4137 56881
4138 56889
4139 54833
4140 61797
4141 28161
4142 61797
4143 49504
4144 27528
4145 61796
4146 28193
4147 64289
4148 51000
4149 50533
4150 19201
4151 61797
4152 25504
4153 53300
4154 19272
4155 17184
4156 62241
4157 27536
4158 28193
4159 56681
4160 56681
4161 56681
4162 11809
4163 62304
4164 49944
4165 64353
4166 53300
4167 56681
4168 2857
4169 53604
4170 53809
4171 27137
4172 27400
4173 56681
4174 27528
4175 3425
4176 61793
4177 17176
4178 51552
4179 19208
4180 64353
4181 55857
4182 50992
4183 26376
4184 56881
4185 49944
4186 27432
4187 26465
4188 54833
4189 49953
4190 28513
4191 19208
4192 50992
4193 18945
4194 25344
4195 27432
4196 27401
4197 17192
4198 27424
4199 27432
4200 49952
4201 56080
4202 19224
4203 25352
4204 27416
4205 53809
4206 54048
4207 51000
4208 27528
4209 57700
4210 27425
4211 25352
4212 57701
4213 56681
4214 54817
4215 44385
4216 49953
4217 50533
4218 27409
4219 19232
4220 62360
4221 56881
4222 49944
4223 27400
4224 61797
4225 49505
4226 36193
4227 53605
4228 53793
4229 61281
4230 56881
4231 55081
4232 27400
4233 49509
4234 57701
4235 62240
4236 27488
4237 56681
4238 25496
4239 27137
4240 56681
4241 25352
4242 56881
4243 56881
4244 51000
4245 56609
4246 18961
4247 51984
4248 54817
4249 53809
4250 50533
4251 20265
4252 17176
4253 61797
4254 54049
4255 20233
4256 53793
4257 18961
4258 61281
4259 61797
4260 62097
4261 61797
4262 56881
4263 53793
4264 64353
4265 54065
4266 54821
4267 53809
4268 63272
4269 25472
4270 49665
4271 27488
4272 54817
4273 64353
4274 54833
4275 54833
4276 61797
4277 55649
4278 49944
4279 56681
4280 19297
4281 56681
4282 27528
4283 56681
4284 62240
4285 56072
4286 56088
4287 25353
4288 49944
4289 49944
4290 27153
4291 27528
4292 53605
4293 51993
4294 50024
4295 28193
4296 53809
4297 64353
4298 54625
4299 56681
4300 54040
4301 63392
4302 50533
4303 54040
4304 53604
4305 62081
4306 63272
4307 18945
4308 63265
4309 56865
4310 57696
4311 25496
4312 53813
4313 27280
4314 61792
4315 62113
4316 26145
4317 25089
4318 62241
4319 27152
4320 27169
4321 56681
4322 15905
4323 19232
4324 27400
4325 61797
4326 56681
4327 61797
4328 51000
4329 27153
4330 64353
4331 50533
4332 54048
4333 53605
4334 25496
4335 64097
4336 50533
4337 53797
4338 53813
4339 25496
4340 52000
4341 27400
4342 25089
4343 49944
4344 49928
4345 53809
4346 27432
4347 27528
4348 60192
4349 54056
4350 27528
4351 61797
4352 27424
4353 27400
4354 56681
4355 25496
4356 62352
4357 56681
4358 51745
4359 56881
4360 25384
4361 53797
4362 27153
4363 25377
4364 23185
4365 53793
4366 27528
4367 18217
4368 20265
4369 53284
4370 27153
4371 28193
4372 56681
4373 47021
4374 56681
4375 27400
4376 54833
4377 54048
4378 61797
4379 25480
4380 53793
4381 56681
4382 60161
4383 57128
4384 53809
4385 17184
4386 18945
4387 49944
4388 27400
4389 50529
4390 61797
4391 55136
4392 19336
4393 61797
4394 61797
4395 54040
4396 28193
4397 19201
4398 53809
4399 53809
4400 27400
4401 56681
4402 18961
4403 54833
4404 61797
4405 10769
4406 61797
4407 61797
4408 27137
4409 27400
4410 61797
4411 58136
4412 25496
4413 53809
4414 56097
4415 64033
4416 50533
4417 50976
4418 17176
4419 56881
4420 25496
4421 49944
4422 53809
4423 27536
4424 49952
4425 54057
4426 53605
4427 18945
4428 27425
4429 47021
4430 27137
4431 27393
4432 56865
4433 53793
4434 56881
4435 61797
4436 56881
4437 25488
4438 55073
4439 56881
4440 27528
4441 61797
4442 56681
4443 25496
4444 49944
4445 17184
4446 61797
4447 27400
4448 61797
4449 49961
4450 56681
4451 27489
4452 56681
4453 50977
4454 58209
4455 27400
4456 55857
4457 27400
4458 51745
4459 56681
4460 50533
4461 56681
4462 28193
4463 27416
4464 19224
4465 49944
4466 64353
4467 62240
4468 2857
4469 59937
4470 49952
4471 54833
4472 50533
4473 25440
4474 17176
4475 54048
4476 64353
4477 11041
4478 51000
4479 50533
4480 18945
4481 53793
4482 25377
4483 54837
4484 51041
4485 51553
4486 27528
4487 58209
4488 27137
4489 25496
4490 56681
4491 27416
4492 64289
4493 52000
4494 55856
4495 17765
4496 54048
4497 50977
4498 58153
4499 27137
4500 53812
4501 50992
4502 59233
4503 65385
4504 25368
4505 51968
4506 56681
4507 19224
4508 56681
4509 28193
4510 61281
4511 50533
4512 27401
4513 49509
4514 58128
4515 54817
4516 56681
4517 56681
4518 52009
4519 61797
4520 17176
4521 54065
4522 54056
4523 50533
4524 19224
4525 50533
4526 27400
4527 52009
4528 49944
4529 26465
4530 49944
4531 49944
4532 27265
4533 54048
4534 56681
4535 27400
4536 53540
4537 53793
4538 51000
4539 27424
4540 53797
4541 55137
4542 53605
4543 61797
4544 63272
4545 61797
4546 65313
4547 64353
4548 64353
4549 64353
4550 53605
4551 56881
4552 53793
4553 53300
4554 54040
4555 25496
4556 65377
4557 51000
4558 53809
4559 51969
4560 62817
4561 19240
4562 62305
4563 54040
4564 19201
4565 25440
4566 49976
4567 19208
4568 50533
4569 25449
4570 64353
4571 27528
4572 61217
4573 63272
4574 49944
4575 52001
4576 17176
4577 57701
4578 56681
4579 53809
4580 53797
4581 61985
4582 53809
4583 64353
4584 54040
4585 49944
4586 61797
4587 63256
4588 50533
4589 53605
4590 49960
4591 61797
4592 26536
4593 56865
4594 27153
4595 27400
4596 56097
4597 61797
4598 27416
4599 50992
4600 64033
4601 65377
4602 64353
4603 53605
4604 26145
4605 7529
4606 55953
4607 25448
4608 56673
4609 19352
4610 25376
4611 49944
4612 56681
4613 27528
4614 19201
4615 53808
4616 61797
4617 56681
4618 60321
4619 28161
4620 25496
4621 57701
4622 19201
4623 19088
4624 64353
4625 54629
4626 62113
4627 62305
4628 27400
4629 25368
4630 51968
4631 53284
4632 17176
4633 27496
4634 56681
4635 63392
4636 50992
4637 58216
4638 57193
4639 64353
4640 19352
4641 62821
4642 36193
4643 62817
4644 3881
4645 25360
4646 792
4647 49952
4648 50533
4649 18961
4650 19232
4651 53605
4652 58128
4653 56881
4654 50533
4655 56104
4656 52009
4657 60257
4658 11041
4659 53281
4660 61796
4661 64353
4662 53600
4663 54040
4664 19224
4665 64353
4666 27400
4667 56617
4668 28193
4669 61797
4670 53809
4671 58144
4672 28161
4673 56881
4674 17178
4675 28193
4676 27528
4677 47021
4678 25496
4679 61797
4680 12129
4681 25488
4682 28001
4683 19233
4684 52001
4685 25368
4686 19209
4687 56681
4688 57097
4689 54817
4690 49441
4691 27169
4692 61797
4693 54817
4694 53809
4695 27425
4696 49944
4697 61797
4698 62241
4699 61797
4700 25496
4701 50529
4702 54625
4703 63400
4704 29345
4705 56881
4706 58144
4707 27400
4708 26145
4709 55857
4710 56881
4711 61797
4712 56881
4713 28177
4714 59937
4715 25472
4716 54833
4717 27400
4718 64288
4719 53793
4720 27153
4721 54048
4722 17176
4723 27392
4724 28193
4725 28193
4726 57193
4727 59939
4728 51000
4729 53604
4730 64353
4731 25496
4732 54817
4733 50533
4734 28193
4735 52120
4736 58144
4737 56681
4738 53793
4739 61797
4740 59233
4741 56681
4742 63273
4743 50529
4744 27400
4745 3881
4746 53812
4747 44385
4748 50533
4749 63265
4750 19233
4751 25488
4752 56681
4753 56681
4754 56681
4755 7529
4756 54625
4757 49944
4758 64353
4759 19232
4760 20257
4761 62241
4762 7529
4763 27392
4764 49952
4765 51000
4766 56681
4767 54064
4768 64097
4769 56681
4770 19232
4771 27489
4772 54040
4773 54048
4774 49921
4775 17185
4776 62312
4777 53809
4778 27528
4779 64353
4780 56681
4781 27424
4782 27424
4783 49944
4784 53025
4785 64353
4786 7529
4787 28001
4788 27153
4789 25352
4790 49952
4791 27400
4792 27400
4793 27392
4794 58208
4795 17152
4796 57129
4797 58721
4798 27153
4799 18961
4800 60193
4801 63392
4802 53793
4803 56681
4804 50533
4805 61797
4806 57121
4807 27400
4808 49953
4809 62240
4810 27528
4811 49944
4812 49509
4813 53025
4814 50977
4815 60256
4816 58144
4817 58264
4818 11809
4819 19224
4820 62817
4821 49952
4822 54833
4823 51000
4824 61797
4825 56673
4826 62113
4827 53544
4828 56881
4829 53301
4830 28193
4831 49509
4832 56881
4833 26400
4834 61797
4835 61797
4836 56681
4837 17189
4838 18961
4839 63272
4840 53605
4841 62360
4842 64353
4843 55841
4844 54048
4845 53281
4846 63265
4847 56681
4848 58208
4849 51000
4850 49509
4851 59168
4852 53793
4853 49944
4854 63272
4855 52008
4856 27393
4857 61797
4858 53809
4859 54040
4860 64353
4861 25496
4862 56881
4863 62241
4864 58725
4865 49944
4866 25488
4867 59241
4868 19088
4869 50533
4870 53605
4871 17193
4872 28193
4873 17178
4874 53284
4875 57185
4876 20257
4877 64865
4878 28177
4879 50992
4880 64288
4881 49944
4882 27400
4883 27400
4884 28417
4885 61281
4886 25496
4887 25377
4888 49944
4889 17185
4890 18961
4891 64353
4892 27536
4893 51000
4894 56681
4895 56881
4896 17178
4897 27280
4898 49944
4899 25496
4900 56889
4901 55953
4902 53809
4903 56681
4904 49952
4905 27416
4906 49976
4907 56681
4908 27392
4909 18945
4910 17208
4911 14881
4912 25488
4913 61797
4914 18961
4915 49969
4916 61797
4917 25472
4918 58144
4919 59939
4920 49944
4921 64353
4922 58272
4923 55080
4924 18945
4925 64353
4926 53605
4927 61797
4928 64353
4929 64352
4930 54057
4931 49953
4932 53605
4933 36193
4934 57701
4935 19224
4936 61797
4937 17178
4938 28161
4939 53301
4940 25385
4941 27528
4942 56681
4943 59169
4944 63329
4945 56681
4946 53793
4947 18945
4948 55073
4949 28161
4950 54040
4951 27153
4952 61797
4953 27400
4954 27416
4955 27400
4956 54040
4957 49509
4958 62097
4959 54817
4960 61797
4961 61797
4962 25496
4963 56097
4964 27528
4965 18945
4966 27400
4967 19224
4968 55077
4969 27424
4970 54833
4971 56881
4972 49505
4973 50976
4974 64289
4975 62113
4976 27400
4977 53793
4978 61797
4979 25496
4980 58145
4981 50533
4982 50533
4983 53793
4984 25496
4985 49697
4986 18961
4987 53809
4988 56681
4989 27153
4990 54633
4991 27400
4992 28193
4993 49953
4994 64033
4995 25352
4996 59937
4997 61797
4998 27137
4999 51000
5000 50533
5001 2593
5002 25377
5003 56104
5004 52001
5005 49952
5006 3881
5007 27400
5008 55856
5009 27400
5010 65321
5011 25360
5012 54629
5013 56681
5014 25504
5015 7529
5016 54056
5017 65313
5018 49952
5019 27400
5020 52072
5021 54057
5022 52001
5023 17185
5024 57129
5025 51000
5026 17176
5027 25377
5028 62309
5029 55073
5030 54833
5031 49944
5032 37672
5033 58144
5034 49944
5035 49952
5036 49957
5037 50977
5038 7529
5039 50533
5040 25121
5041 61217
5042 19224
5043 54837
5044 50992
5045 19352
5046 18961
5047 27400
5048 25488
5049 56681
5050 50533
5051 56681
5052 56681
5053 49957
5054 58112
5055 19232
5056 53605
5057 27392
5058 54056
5059 64352
5060 17176
5061 62240
5062 64353
5063 17184
5064 56681
5065 54064
5066 27425
5067 62304
5068 57121
5069 51976
5070 49944
5071 25360
5072 53813
5073 53793
5074 56681
5075 61797
5076 62305
5077 63256
5078 60193
5079 49961
5080 61797
5081 19272
5082 61797
5083 55857
5084 49445
5085 53797
5086 54065
5087 53797
5088 17208
5089 64353
5090 27424
5091 17189
5092 56881
5093 15905
5094 58721
5095 56881
5096 27425
5097 52000
5098 53604
5099 7529
5100 27400
5101 49953
5102 25496
5103 27496
5104 25488
5105 53605
5106 61797
5107 53605
5108 25377
5109 23185
5110 53284
5111 26401
5112 27528
5113 27281
5114 61797
5115 54040
5116 47021
5117 62113
5118 47021
5119 61793
5120 19232
5121 17176
5122 27400
5123 27528
5124 57193
5125 61793
5126 65321
5127 51000
5128 53605
5129 51992
5130 56681
5131 17184
5132 19352
5133 49953
5134 19224
5135 27400
5136 27153
5137 64353
5138 19200
5139 52001
5140 53793
5141 25496
5142 25472
5143 56681
5144 54072
5145 52120
5146 18961
5147 27401
5148 27400
5149 53604
5150 27137
5151 52016
5152 61797
5153 54833
5154 56681
5155 18961
5156 55857
5157 65377
5158 57193
5159 53604
5160 57697
5161 49929
5162 25496
5163 49952
5164 16913
5165 27153
5166 64288
5167 56096
5168 57185
5169 47021
5170 64353
5171 63272
5172 61797
5173 49944
5174 27137
5175 52992
5176 25488
5177 18961
5178 56881
5179 61797
5180 19088
5181 62113
5182 61797
5183 27400
5184 19233
5185 27400
5186 49944
5187 61797
5188 51992
5189 28193
5190 53777
5191 49944
5192 56096
5193 65377
5194 61796
5195 54072
5196 60192
5197 50533
5198 56089
5199 28161
5200 61797
5201 56681
5202 53285
5203 28193
5204 28193
5205 61797
5206 61797
5207 61796
5208 56881
5209 25488
5210 50533
5211 53809
5212 61797
5213 53604
5214 56881
5215 50533
5216 53604
5217 25496
5218 53600
5219 53813
5220 49953
5221 16741
5222 55953
5223 61797
5224 56881
5225 25496
5226 53793
5227 25496
5228 23185
5229 17176
5230 54056
5231 28193
5232 25496
5233 53281
5234 55077
5235 18961
5236 54817
5237 27400
5238 49944
5239 56097
5240 56681
5241 54625
5242 27153
5243 3425
5244 27400
5245 54833
5246 50533
5247 55073
5248 60192
5249 51000
5250 16741
5251 55137
5252 25377
5253 53024
5254 50992
5255 54048
5256 58145
5257 27169
5258 17185
5259 27464
5260 61797
5261 61797
5262 27432
5263 61797
5264 17176
5265 54057
5266 17184
5267 52001
5268 53605
5269 62241
5270 28161
5271 49976
5272 17153
5273 62240
5274 55096
5275 25376
5276 57097
5277 11617
5278 27400
5279 19232
5280 28513
5281 50533
5282 26408
5283 51992
5284 27528
5285 53793
5286 53809
5287 61797
5288 62097
5289 27416
5290 51000
5291 61797
5292 56681
5293 58120
5294 62360
5295 61797
5296 50984
5297 56681
5298 58144
5299 64353
5300 50533
5301 3881
5302 23336
5303 53793
5304 61797
5305 55857
5306 55865
5307 52000
5308 60256
5309 25448
5310 49509
5311 53809
5312 56681
5313 53537
5314 56096
5315 7529
5316 54056
5317 56681
5318 54032
5319 25512
5320 17176
5321 19224
5322 56681
5323 53809
5324 56681
5325 50533
5326 53793
5327 53605
5328 53600
5329 53604
5330 62097
5331 27137
5332 61797
5333 49952
5334 25368
5335 49944
5336 26145
5337 56681
5338 50533
5339 62240
5340 54040
5341 62304
5342 27528
5343 27153
5344 17185
5345 27400
5346 49509
5347 792
5348 56096
5349 53793
5350 61797
5351 49944
5352 54064
5353 61797
5354 64353
5355 52000
5356 61797
5357 28457
5358 25408
5359 25488
5360 27400
5361 61216
5362 54625
5363 27400
5364 54040
5365 53604
5366 27392
5367 49960
5368 55073
5369 52008
5370 53025
5371 25480
5372 18961
5373 19089
5374 26145
5375 64289
5376 49944
5377 25957
5378 27137
5379 50992
5380 25377
5381 61797
5382 53024
5383 64353
5384 50017
5385 50533
5386 61796
5387 56681
5388 53809
5389 61797
5390 27400
5391 49697
5392 28161
5393 61797
5394 54040
5395 56681
5396 27137
5397 27544
5398 28177
5399 28193
5400 63272
5401 27400
5402 49960
5403 27400
5404 54048
5405 2577
5406 56681
5407 25496
5408 53813
5409 63400
5410 63272
5411 27393
5412 53793
5413 53605
5414 25488
5415 49944
5416 55096
5417 27528
5418 27137
5419 54817
5420 28177
5421 49952
5422 61797
5423 62081
5424 61797
5425 54056
5426 54833
5427 27528
5428 25480
5429 19336
5430 61797
5431 54025
5432 64353
5433 56881
5434 61797
5435 49952
5436 11809
5437 19224
5438 56889
5439 27433
5440 27400
5441 56681
5442 61797
5443 50533
5444 58112
5445 64353
5446 25376
5447 54833
5448 53600
5449 58145
5450 25512
5451 31233
5452 27432
5453 27400
5454 53300
5455 19352
5456 56681
5457 25352
5458 60192
5459 2857
5460 63329
5461 54837
5462 28193
5463 17176
5464 56865
5465 64353
5466 50985
5467 51000
5468 49944
5469 49953
5470 27400
5471 58113
5472 57697
5473 22313
5474 27401
5475 49953
5476 58144
5477 51000
5478 27400
5479 61797
5480 25416
5481 58213
5482 56681
5483 25360
5484 56617
5485 56681
5486 17176
5487 56681
5488 61797
5489 49976
5490 61797
5491 28193
5492 53544
5493 54040
5494 27392
5495 56681
5496 27457
5497 54112
5498 26465
5499 58153
5500 49952
5501 27400
5502 25376
5503 50533
5504 63272
5505 25352
5506 17176
5507 27281
5508 55649
5509 27528
5510 58213
5511 61797
5512 63272
5513 51000
5514 27392
5515 26408
5516 51000
5517 63392
5518 53300
5519 17176
5520 25368
5521 56681
5522 11040
5523 19233
5524 61797
5525 27400
5526 57121
5527 28449
5528 7529
5529 54833
5530 27400
5531 53284
5532 53809
5533 58152
5534 57184
5535 56681
5536 14881
5537 19088
5538 19225
5539 64033
5540 53285
5541 50533
5542 49944
5543 62097
5544 61797
5545 61797
5546 61797
5547 17176
5548 27488
5549 51000
5550 19208
5551 54072
5552 56681
5553 49952
5554 17185
5555 49944
5556 27400
5557 65377
5558 26536
5559 60256
5560 27425
5561 62360
5562 64353
5563 51713
5564 63392
5565 53809
5566 54833
5567 53793
5568 61797
5569 56881
5570 56681
5571 56681
5572 55081
5573 17176
5574 61797
5575 49960
5576 27400
5577 28193
5578 27137
5579 58216
5580 56881
5581 18961
5582 25376
5583 25496
5584 53605
5585 49968
5586 57697
5587 57889
5588 57697
5589 27137
5590 61797
5591 56617
5592 17176
5593 58209
5594 50533
5595 52008
5596 49441
5597 61797
5598 51992
5599 61797
5600 50533
5601 18961
5602 56881
5603 51000
5604 55953
5605 61796
5606 62113
5607 28425
5608 27400
5609 25377
5610 61797
5611 50992
5612 53813
5613 64289
5614 28193
5615 53300
5616 17176
5617 57701
5618 50016
5619 17176
5620 6693
5621 53605
5622 49953
5623 25496
5624 25488
5625 10769
5626 17176
5627 25368
5628 63256
5629 25472
5630 62352
5631 27528
5632 53301
5633 53605
5634 27400
5635 56681
5636 56881
5637 28161
5638 56609
5639 53301
5640 59939
5641 51977
5642 62241
5643 25504
5644 26368
5645 27400
5646 61797
5647 18945
5648 25360
5649 53605
5650 62309
5651 58145
5652 61797
5653 49960
5654 49952
5655 53793
5656 51977
5657 57701
5658 54833
5659 47021
5660 25472
5661 61797
5662 61797
5663 54833
5664 54053
5665 64033
5666 27528
5667 54833
5668 27169
5669 49952
5670 55080
5671 27153
5672 19352
5673 60192
5674 56681
5675 28449
5676 53025
5677 27528
5678 55841
5679 2825
5680 54112
5681 53812
5682 54040
5683 19208
5684 3881
5685 53808
5686 51000
5687 61217
5688 56681
5689 19233
5690 27400
5691 27400
5692 54056
5693 27400
5694 44385
5695 7529
5696 27400
5697 57120
5698 54113
5699 51000
5700 27464
5701 61797
5702 27264
5703 56681
5704 27464
5705 56681
5706 25377
5707 55072
5708 57129
5709 11617
5710 56681
5711 61797
5712 50533
5713 54040
5714 58168
5715 25360
5716 56865
5717 27265
5718 61797
5719 50533
5720 62360
5721 61797
5722 62113
5723 62360
5724 61797
5725 50533
5726 62304
5727 56681
5728 51968
5729 56681
5730 55072
5731 2840
5732 20257
5733 53793
5734 53793
5735 53605
5736 27280
5737 27400
5738 27528
5739 58144
5740 27424
5741 50533
5742 64353
5743 27137
5744 27153
5745 54040
5746 27153
5747 53301
5748 28513
5749 63272
5750 54048
5751 57129
5752 52000
5753 49944
5754 27528
5755 53600
5756 50533
5757 19089
5758 25957
5759 53793
5760 56881
5761 62241
5762 53285
5763 61797
5764 56881
5765 53605
5766 56681
5767 49952
5768 49944
5769 27400
5770 27400
5771 27153
5772 56881
5773 64289
5774 54049
5775 25377
5776 53605
5777 61797
5778 19209
5779 50533
5780 53601
5781 47021
5782 49944
5783 64353
5784 53605
5785 17192
5786 18961
5787 61797
5788 63272
5789 27425
5790 62113
5791 53285
5792 53605
5793 61797
5794 62113
5795 17176
5796 49953
5797 19089
5798 53605
5799 49944
5800 60193
5801 17176
5802 57193
5803 49944
5804 28193
5805 54817
5806 53605
5807 25496
5808 26145
5809 28177
5810 49952
5811 56673
5812 61797
5813 53809
5814 36193
5815 26465
5816 25449
5817 54833
5818 62113
5819 56881
5820 18961
5821 18961
5822 62113
5823 52001
5824 56681
5825 61797
5826 19224
5827 54629
5828 57697
5829 17185
5830 17176
5831 61797
5832 53809
5833 53605
5834 61797
5835 27392
5836 53809
5837 57193
5838 54048
5839 25352
5840 28161
5841 27153
5842 53605
5843 54833
5844 62240
5845 61797
5846 25384
5847 61797
5848 54072
5849 58145
5850 53284
5851 27400
5852 57121
5853 62305
5854 27400
5855 57701
5856 28161
5857 55073
5858 54073
5859 49944
5860 25368
5861 27528
5862 54569
5863 58112
5864 19233
5865 49508
5866 54040
5867 2857
5868 25448
5869 56681
5870 58120
5871 27400
5872 53604
5873 49961
5874 49509
5875 19233
5876 54837
5877 57185
5878 56080
5879 17184
5880 27400
5881 54049
5882 25376
5883 53025
5884 57129
5885 19224
5886 49960
5887 61797
5888 51713
5889 49952
5890 25488
5891 26400
5892 54040
5893 53813
5894 25488
5895 19224
5896 51000
5897 55073
5898 58213
5899 62360
5900 61797
5901 64353
5902 19088
5903 56865
5904 49968
5905 58213
5906 56681
5907 52001
5908 54837
5909 49953
5910 19208
5911 54048
5912 18961
5913 27544
5914 27416
5915 53605
5916 17765
5917 27536
5918 53605
5919 64353
5920 19208
5921 56881
5922 56881
5923 58721
5924 58144
5925 27153
5926 55953
5927 53809
5928 27153
5929 58721
5930 47021
5931 54040
5932 61985
5933 27520
5934 56889
5935 61797
5936 56681
5937 27528
5938 55081
5939 50533
5940 54040
5941 57121
5942 25496
5943 19297
5944 17193
5945 56681
5946 58145
5947 53809
5948 61797
5949 18961
5950 61797
5951 54833
5952 17176
5953 53777
5954 19232
5955 50533
5956 3881
5957 56681
5958 27137
5959 27169
5960 53793
5961 49953
5962 25488
5963 49952
5964 54817
5965 49920
5966 27528
5967 54821
5968 27137
5969 53808
5970 25488
5971 55953
5972 62305
5973 61797
5974 54561
5975 62304
5976 55953
5977 57697
5978 19208
5979 61797
5980 61797
5981 17176
5982 56681
5983 27432
5984 59241
5985 61797
5986 56681
5987 27425
5988 27416
5989 25360
5990 17176
5991 56681
5992 57129
5993 57192
5994 10017
5995 56881
5996 52024
5997 19224
5998 53793
5999 61797
6000 49944
6001 63264
6002 25512
6003 49697
6004 61216
6005 28193
6006 50533
6007 18961
6008 56681
6009 25440
6010 49957
6011 61797
6012 54040
6013 61797
6014 18961
6015 27137
6016 25496
6017 25496
6018 56673
6019 25352
6020 61797
6021 27425
6022 54053
6023 53797
6024 54837
6025 56681
6026 54056
6027 64353
6028 56681
6029 62305
6030 25368
6031 51000
6032 51000
6033 54040
6034 18961
6035 27400
6036 54120
6037 49969
6038 19233
6039 58144
6040 58145
6041 52001
6042 7529
6043 19233
6044 61797
6045 25384
6046 28161
6047 17176
6048 49944
6049 27488
6050 59745
6051 62248
6052 27400
6053 50533
6054 58209
6055 49509
6056 27153
6057 49944
6058 25352
6059 49961
6060 53793
6061 56881
6062 50529
6063 19233
6064 60321
6065 62304
6066 64257
6067 61797
6068 18208
6069 50533
6070 64353
6071 56881
6072 53809
6073 56089
6074 54056
6075 50533
6076 28513
6077 56104
6078 17176
6079 49952
6080 37688
6081 53284
6082 53300
6083 27280
6084 11041
6085 18961
6086 61797
6087 47021
6088 62081
6089 55841
6090 50533
6091 57889
6092 56681
6093 27400
6094 53540
6095 27528
6096 62352
6097 50072
6098 55137
6099 55073
6100 25496
6101 61797
6102 61797
6103 53809
6104 54817
6105 29473
6106 53545
6107 53793
6108 27153
6109 49944
6110 53808
6111 49508
6112 27528
6113 53793
6114 27425
6115 50533
6116 54837
6117 25416
6118 56097
6119 25488
6120 17176
6121 50992
6122 62113
6123 56097
6124 61797
6125 51000
6126 25368
6127 28193
6128 28161
6129 18945
6130 49944
6131 64353
6132 27400
6133 25496
6134 19200
6135 49952
6136 49952
6137 56681
6138 25352
6139 27544
6140 56681
6141 27544
6142 55072
6143 61797
6144 56681
6145 27528
6146 49944
6147 61797
6148 54057
6149 64353
6150 23185
6151 61797
6152 28161
6153 54048
6154 53793
6155 27280
6156 25488
6157 27137
6158 56881
6159 25496
6160 62241
6161 57889
6162 61797
6163 25496
6164 18945
6165 53605
6166 27425
6167 52008
6168 54052
6169 54048
6170 53812
6171 2825
6172 57889
6173 56681
6174 50533
6175 28520
6176 2840
6177 26401
6178 65313
6179 51000
6180 19233
6181 19200
6182 59939
6183 49445
6184 21281
6185 56617
6186 56681
6187 28449
6188 17160
6189 51968
6190 63272
6191 54056
6192 27400
6193 17176
6194 56681
6195 58152
6196 26145
6197 20257
6198 53604
6199 25381
6200 17176
6201 25376
6202 56681
6203 27416
6204 27400
6205 62305
6206 55081
6207 50024
6208 61797
6209 50533
6210 61797
6211 53796
6212 61797
6213 23185
6214 47021
6215 53777
6216 61797
6217 56096
6218 27544
6219 25377
6220 55857
6221 64353
6222 53809
6223 58145
6224 56881
6225 17184
6226 54833
6227 56681
6228 27528
6229 53809
6230 55073
6231 54048
6232 54040
6233 20233
6234 60320
6235 53285
6236 50533
6237 57121
6238 27153
6239 17169
6240 28193
6241 51000
6242 50992
6243 64289
6244 49509
6245 56160
6246 53605
6247 56681
6248 61797
6249 54049
6250 64353
6251 20321
6252 19232
6253 54072
6254 56681
6255 27400
6256 17184
6257 19200
6258 22313
6259 57128
6260 27137
6261 25353
6262 56089
6263 59939
6264 6944
6265 57129
6266 58152
6267 54821
6268 49953
6269 25416
6270 19233
6271 61797
6272 62113
6273 62113
6274 28161
6275 57193
6276 57701
6277 56681
6278 49968
6279 49944
6280 53605
6281 61797
6282 19224
6283 18961
6284 27528
6285 60160
6286 64353
6287 11041
6288 18945
6289 23057
6290 18961
6291 17184
6292 58149
6293 56681
6294 62113
6295 62309
6296 56681
6297 55857
6298 55857
6299 61797
6300 61797
6301 62097
6302 64353
6303 51744
6304 27425
6305 27137
6306 59937
6307 53797
6308 61797
6309 53605
6310 49665
6311 50533
6312 54049
6313 60193
6314 28161
6315 28161
6316 17192
6317 53300
6318 58120
6319 27400
6320 62248
6321 27425
6322 2857
6323 57129
6324 51000
6325 49953
6326 49953
6327 17153
6328 57097
6329 51553
6330 56681
6331 6689
6332 53605
6333 2856
6334 60161
6335 62305
6336 17184
6337 51000
6338 55073
6339 58145
6340 53809
6341 57121
6342 58145
6343 17248
6344 56104
6345 26401
6346 28193
6347 49944
6348 25377
6349 54049
6350 63265
6351 50533
6352 27400
6353 58145
6354 58725
6355 19232
6356 55825
6357 28457
6358 51000
6359 53793
6360 55865
6361 53605
6362 17185
6363 57129
6364 61797
6365 54049
6366 64097
6367 19201
6368 18945
6369 53793
6370 62305
6371 53809
6372 49952
6373 61797
6374 57129
6375 57121
6376 27497
6377 54048
6378 28193
6379 53541
6380 55841
6381 56097
6382 53285
6383 10785
6384 53809
6385 53604
6386 27153
6387 61797
6388 27281
6389 51000
6390 28161
6391 60192
6392 56681
6393 50533
6394 50533
6395 27528
6396 56881
6397 27416
6398 18961
6399 54040
6400 61797
6401 64353
6402 58145
6403 65377
6404 25376
6405 49953
6406 56681
6407 64288
6408 54048
6409 25352
6410 27528
6411 54040
6412 27416
6413 49920
6414 27416
6415 53813
6416 27528
6417 61797
6418 54040
6419 56881
6420 27137
6421 25376
6422 28161
6423 27400
6424 27400
6425 50533
6426 19224
6427 27137
6428 2577
6429 53793
6430 54056
6431 55080
6432 49960
6433 62241
6434 2857
6435 27169
6436 27528
6437 25488
6438 18961
6439 27400
6440 61797
6441 62309
6442 50533
6443 61797
6444 61797
6445 19232
6446 56681
6447 27400
6448 53793
6449 25377
6450 27544
6451 27137
6452 49920
6453 25496
6454 61217
6455 55073
6456 56881
6457 27153
6458 54048
6459 53001
6460 61797
6461 58145
6462 28193
6463 61797
6464 27400
6465 27536
6466 61797
6467 64289
6468 65313
6469 53793
6470 64353
6471 25488
6472 61797
6473 54817
6474 64288
6475 61797
6476 27280
6477 55081
6478 55081
6479 61225
6480 17160
6481 56681
6482 56681
6483 56617
6484 54833
6485 53809
6486 27400
6487 49952
6488 27424
6489 49968
6490 27424
6491 27520
6492 54049
6493 64033
6494 56681
6495 17189
6496 56681
6497 26536
6498 26145
6499 27488
6500 53809
6501 28513
6502 52008
6503 57097
6504 50533
6505 50533
6506 56681
6507 49508
6508 55073
6509 56681
6510 3881
6511 25377
6512 54632
6513 50533
6514 44385
6515 49960
6516 49952
6517 19208
6518 56881
6519 56889
6520 25496
6521 61797
6522 53605
6523 61797
6524 17185
6525 53284
6526 49952
6527 53605
6528 53605
6529 62097
6530 27393
6531 17176
6532 27137
6533 56681
6534 56681
6535 54833
6536 25488
6537 49509
6538 54048
6539 58725
6540 25368
6541 64353
6542 63272
6543 53812
6544 53605
6545 50533
6546 64353
6547 62241
6548 53600
6549 53025
6550 27169
6551 56096
6552 50533
6553 54072
6554 54048
6555 25121
6556 47021
6557 53793
6558 61797
6559 53809
6560 64353
6561 53284
6562 53793
6563 62248
6564 58208
6565 51993
6566 27400
6567 52024
6568 25480
6569 28417
6570 17185
6571 28193
6572 50533
6573 27400
6574 64353
6575 51000
6576 25496
6577 64353
6578 28161
6579 27153
6580 53605
6581 25376
6582 25480
6583 2593
6584 49944
6585 58152
6586 49944
6587 25368
6588 28161
6589 56681
6590 17192
6591 16741
6592 49944
6593 18961
6594 19232
6595 19224
6596 53809
6597 51992
6598 56681
6599 61797
6600 28161
6601 25496
6602 54833
6603 27400
6604 25496
6605 51984
6606 25496
6607 25360
6608 25496
6609 28193
6610 25416
6611 18944
6612 54833
6613 55857
6614 55072
6615 60201
6616 51041
6617 55073
6618 49944
6619 50977
6620 64353
6621 56673
6622 54072
6623 19240
6624 52008
6625 19209
6626 25376
6627 57192
6628 49945
6629 56681
6630 25384
6631 57696
6632 28177
6633 25448
6634 55073
6635 57129
6636 27153
6637 47021
6638 63264
6639 27137
6640 58145
6641 17176
6642 51976
6643 58213
6644 54049
6645 27400
6646 49505
6647 50024
6648 65313
6649 55857
6650 27264
6651 25496
6652 54629
6653 61797
6654 65385
6655 53793
6656 18961
6657 62240
6658 53089
6659 54629
6660 58145
6661 56617
6662 49505
6663 27392
6664 53809
6665 64353
6666 49952
6667 61793
6668 50533
6669 17176
6670 17176
6671 59169
6672 54049
6673 27528
6674 51000
6675 52000
6676 21281
6677 49953
6678 52001
6679 49665
6680 62241
6681 64353
6682 28193
6683 62304
6684 19233
6685 51000
6686 61797
6687 61797
6688 64033
6689 54833
6690 54040
6691 53809
6692 61797
6693 49960
6694 61797
6695 57185
6696 53300
6697 56617
6698 20257
6699 56881
6700 3881
6701 49952
6702 27416
6703 62241
6704 27265
6705 49969
6706 18961
6707 60168
6708 54049
6709 27400
6710 54120
6711 54833
6712 19224
6713 50529
6714 64289
6715 25496
6716 27424
6717 25352
6718 28161
6719 55953
6720 18945
6721 54072
6722 25368
6723 52992
6724 53605
6725 59937
6726 31233
6727 27400
6728 28193
6729 53793
6730 27416
6731 54072
6732 56681
6733 27169
6734 54048
6735 53793
6736 60192
6737 27400
6738 49952
6739 61185
6740 27416
6741 56681
6742 62241
6743 61797
6744 60193
6745 56681
6746 27400
6747 65377
6748 53809
6749 56881
6750 49944
6751 61797
6752 56881
6753 19232
6754 61797
6755 51985
6756 55953
6757 47021
6758 57697
6759 56681
6760 58145
6761 58113
6762 27288
6763 25488
6764 25488
6765 63329
6766 60200
6767 27153
6768 53813
6769 54049
6770 58144
6771 17168
6772 27400
6773 54057
6774 56681
6775 59232
6776 27400
6777 63265
6778 56681
6779 51000
6780 50992
6781 61985
6782 65313
6783 19233
6784 62305
6785 56681
6786 27288
6787 27528
6788 3881
6789 17184
6790 55073
6791 55080
6792 47021
6793 58144
6794 56681
6795 27425
6796 57701
6797 53284
6798 26145
6799 17176
6800 62241
6801 27464
6802 59177
6803 52001
6804 53537
6805 54561
6806 54024
6807 27400
6808 53796
6809 18945
6810 53537
6811 55841
6812 61797
6813 25376
6814 25368
6815 53604
6816 25385
6817 25344
6818 56865
6819 62352
6820 54048
6821 25376
6822 65313
6823 54817
6824 54629
6825 25377
6826 50533
6827 49920
6828 53541
6829 64033
6830 61797
6831 792
6832 51000
6833 60193
6834 27400
6835 57193
6836 27528
6837 64353
6838 27424
6839 54016
6840 50976
6841 64033
6842 17161
6843 53793
6844 57121
6845 53605
6846 19256
6847 23329
6848 27400
6849 56681
6850 35617
6851 27400
6852 58145
6853 56617
6854 27280
6855 25376
6856 53809
6857 18945
6858 50017
6859 54040
6860 25377
6861 28193
6862 49944
6863 49944
6864 27544
6865 23185
6866 27544
6867 28161
6868 57701
6869 56865
6870 57121
6871 27392
6872 19240
6873 49944
6874 27400
6875 28449
6876 56617
6877 28193
6878 25496
6879 55072
6880 25488
6881 56617
6882 49961
6883 56104
6884 27528
6885 27416
6886 56617
6887 56064
6888 27400
6889 49920
6890 53284
6891 60192
6892 56881
6893 54040
6894 56681
6895 44385
6896 27400
6897 17160
6898 25472
6899 25488
6900 53793
6901 61797
6902 62081
6903 56681
6904 53809
6905 27560
6906 54821
6907 26536
6908 27536
6909 27400
6910 62304
6911 25488
6912 57193
6913 25504
6914 61797
6915 53777
6916 49697
6917 62240
6918 53797
6919 19352
6920 25416
6921 27416
6922 7529
6923 19233
6924 49944
6925 27553
6926 56681
6927 56681
6928 17153
6929 27400
6930 19208
6931 64352
6932 60257
6933 56681
6934 62113
6935 61797
6936 61797
6937 17176
6938 25488
6939 57121
6940 49920
6941 27528
6942 18961
6943 50977
6944 49952
6945 55857
6946 27544
6947 53601
6948 53809
6949 61797
6950 56097
6951 19089
6952 56881
6953 54049
6954 58153
6955 49952
6956 25416
6957 60161
6958 49509
6959 62241
6960 53793
6961 56881
6962 50533
6963 23185
6964 57120
6965 17152
6966 49509
6967 19352
6968 54817
6969 25416
6970 61797
6971 56097
6972 19240
6973 53605
6974 27536
6975 55649
6976 60193
6977 17185
6978 53605
6979 20233
6980 53793
6981 49944
6982 61797
6983 57121
6984 57889
6985 19224
6986 49944
6987 19224
6988 65313
6989 54056
6990 51969
6991 37665
6992 19232
6993 27153
6994 56681
6995 51969
6996 17184
6997 56681
6998 17208
6999 54629
7000 50533
7001 27400
7002 18961
7003 53605
7004 53793
7005 62240
7006 49944
7007 17178
7008 61797
7009 61797
7010 25377
7011 49968
7012 54833
7013 61797
7014 19225
7015 53793
7016 54833
7017 57193
7018 25512
7019 54833
7020 26401
7021 17176
7022 26145
7023 28193
7024 63264
7025 49957
7026 57129
7027 11809
7028 49960
7029 49697
7030 64289
7031 61796
7032 60192
7033 49953
7034 62240
7035 49944
7036 56865
7037 63265
7038 17192
7039 55809
7040 27401
7041 19224
7042 56681
7043 56609
7044 62081
7045 64865
7046 50977
7047 57697
7048 50533
7049 55649
7050 54040
7051 11048
7052 27528
7053 50533
7054 56072
7055 60193
7056 61797
7057 53025
7058 25376
7059 27400
7060 53284
7061 62305
7062 17160
7063 49952
7064 54817
7065 19200
7066 59745
7067 64353
7068 53797
7069 53541
7070 28449
7071 53797
7072 49957
7073 27392
7074 53541
7075 25496
7076 53300
7077 52008
7078 27280
7079 61797
7080 53809
7081 26465
7082 49957
7083 47021
7084 61217
7085 25360
7086 64353
7087 59137
7088 17185
7089 17160
7090 58725
7091 64353
7092 54016
7093 27265
7094 61797
7095 27400
7096 61797
7097 60192
7098 62305
7099 53809
7100 27400
7101 27464
7102 25440
7103 18944
7104 10017
7105 53300
7106 27137
7107 65377
7108 52000
7109 62241
7110 18945
7111 64353
7112 54040
7113 57701
7114 57129
7115 56681
7116 27264
7117 49960
7118 27153
7119 19240
7120 53604
7121 55080
7122 17248
7123 19224
7124 19224
7125 54833
7126 28161
7127 55841
7128 49961
7129 25496
7130 53604
7131 55857
7132 18961
7133 61797
7134 49953
7135 19336
7136 56865
7137 54837
7138 58144
7139 18945
7140 56681
7141 25360
7142 49944
7143 62081
7144 17176
7145 25496
7146 56681
7147 49944
7148 27400
7149 56681
7150 56881
7151 62241
7152 64353
7153 54833
7154 25480
7155 56881
7156 27528
7157 25496
7158 27400
7159 49921
7160 62305
7161 51760
7162 53605
7163 54064
7164 36193
7165 27528
7166 58208
7167 54057
7168 27393
7169 53600
7170 19209
7171 50992
7172 17189
7173 25441
7174 27401
7175 54049
7176 25376
7177 27416
7178 19201
7179 64353
7180 49976
7181 63264
7182 62241
7183 58213
7184 62241
7185 56681
7186 27400
7187 49509
7188 56881
7189 17765
7190 19296
7191 17208
7192 27424
7193 28193
7194 17176
7195 49952
7196 17184
7197 27400
7198 60193
7199 27153
7200 56097
7201 49960
7202 27456
7203 39713
7204 53300
7205 61797
7206 61797
7207 64353
7208 53793
7209 56097
7210 49509
7211 50533
7212 64289
7213 27433
7214 17176
7215 53797
7216 49944
7217 49441
7218 27424
7219 21288
7220 58145
7221 53600
7222 58144
7223 17208
7224 49944
7225 61797
7226 17185
7227 53601
7228 64353
7229 49960
7230 49961
7231 50533
7232 27153
7233 49953
7234 61797
7235 27416
7236 22305
7237 2857
7238 58145
7239 54625
7240 27425
7241 58208
7242 64865
7243 61797
7244 64353
7245 25957
7246 17200
7247 27400
7248 25377
7249 27137
7250 63265
7251 56073
7252 58217
7253 61797
7254 54049
7255 51000
7256 17176
7257 55072
7258 25496
7259 57129
7260 17176
7261 25384
7262 61797
7263 28193
7264 25377
7265 56681
7266 52024
7267 27288
7268 57193
7269 62240
7270 62208
7271 17153
7272 61797
7273 28193
7274 49976
7275 61797
7276 25488
7277 60193
7278 27136
7279 21280
7280 61797
7281 54048
7282 55073
7283 54040
7284 56881
7285 16913
7286 53285
7287 49968
7288 54048
7289 54056
7290 27400
7291 53809
7292 6693
7293 53605
7294 54040
7295 49928
7296 60160
7297 2848
7298 60193
7299 25416
7300 21280
7301 60192
7302 17184
7303 64289
7304 17176
7305 58144
7306 56681
7307 53797
7308 56681
7309 51968
7310 50977
7311 25384
7312 19352
7313 25360
7314 53300
7315 27488
7316 50533
7317 56681
7318 55081
7319 61797
7320 25440
7321 62304
7322 54624
7323 49505
7324 23328
7325 64353
7326 53793
7327 49952
7328 56681
7329 28161
7330 62309
7331 61797
7332 54833
7333 49944
7334 21280
7335 27400
7336 27528
7337 18945
7338 61797
7339 61281
7340 54057
7341 53809
7342 60192
7343 61797
7344 56681
7345 56681
7346 49960
7347 27393
7348 23185
7349 27400
7350 27153
7351 19233
7352 56681
7353 49504
7354 53032
7355 53793
7356 28161
7357 52000
7358 56681
7359 49952
7360 27393
7361 54048
7362 19233
7363 49952
7364 58152
7365 27424
7366 2817
7367 25488
7368 19272
7369 54057
7370 18945
7371 53797
7372 28193
7373 54040
7374 54833
7375 55073
7376 53032
7377 19233
7378 10017
7379 49952
7380 27528
7381 28161
7382 49960
7383 27280
7384 28193
7385 27424
7386 58136
7387 25496
7388 49920
7389 54040
7390 49961
7391 58145
7392 27528
7393 55825
7394 64353
7395 27425
7396 19336
7397 19200
7398 54049
7399 64353
7400 57193
7401 19201
7402 16741
7403 60193
7404 17176
7405 56096
7406 61793
7407 17249
7408 62241
7409 56681
7410 52008
7411 53300
7412 59241
7413 23057
7414 57120
7415 62305
7416 18961
7417 50016
7418 27400
7419 53793
7420 58209
7421 58144
7422 61797
7423 25360
7424 64353
7425 56617
7426 49921
7427 49952
7428 23185
7429 49508
7430 27416
7431 62241
7432 27400
7433 49505
7434 54833
7435 64289
7436 25345
7437 17176
7438 61216
7439 55073
7440 27432
7441 54057
7442 55857
7443 50977
7444 27432
7445 51985
7446 58113
7447 53001
7448 51744
7449 57193
7450 54049
7451 53605
7452 6689
7453 57129
7454 54072
7455 28161
7456 53604
7457 63264
7458 57128
7459 54072
7460 28193
7461 54057
7462 27400
7463 53793
7464 25368
7465 27424
7466 57097
7467 19209
7468 56865
7469 54817
7470 19256
7471 58152
7472 25360
7473 27152
7474 54040
7475 19088
7476 27488
7477 64033
7478 19088
7479 52992
7480 18945
7481 64353
7482 60160
7483 27400
7484 25416
7485 49953
7486 49944
7487 55080
7488 25512
7489 25352
7490 27169
7491 25416
7492 61797
7493 54817
7494 17184
7495 53025
7496 54040
7497 27169
7498 59168
7499 53605
7500 25384
7501 49944
7502 53808
7503 61797
7504 62312
7505 27409
7506 56889
7507 49953
7508 56121
7509 20321
7510 53285
7511 18945
7512 27400
7513 54833
7514 19232
7515 55953
7516 53605
7517 61797
7518 26465
7519 59233
7520 62241
7521 54833
7522 61797
7523 49944
7524 53604
7525 27153
7526 57120
7527 19241
7528 17176
7529 27137
7530 2577
7531 50017
7532 63272
7533 55857
7534 18945
7535 60193
7536 61797
7537 54041
7538 53605
7539 62241
7540 53605
7541 54049
7542 27400
7543 25448
7544 27400
7545 26408
7546 27400
7547 49961
7548 53605
7549 18945
7550 18945
7551 26376
7552 27400
7553 18961
7554 19241
7555 28193
7556 61797
7557 56681
7558 26376
7559 18945
7560 49944
7561 54833
7562 26145
7563 58145
7564 56681
7565 61797
7566 19336
7567 59169
7568 56617
7569 56681
7570 53537
7571 58272
7572 55840
7573 58144
7574 27392
7575 58144
7576 53793
7577 47021
7578 25360
7579 17248
7580 53300
7581 6945
7582 17176
7583 27424
7584 52017
7585 58725
7586 59233
7587 53300
7588 61797
7589 61280
7590 54817
7591 27496
7592 17153
7593 56681
7594 792
7595 53025
7596 53793
7597 60192
7598 53536
7599 55096
7600 17176
7601 19233
7602 57097
7603 58152
7604 19304
7605 54048
7606 19336
7607 51553
7608 55953
7609 25472
7610 19224
7611 57121
7612 27400
7613 54833
7614 53284
7615 27137
7616 25345
7617 49961
7618 2856
7619 64353
7620 54049
7621 61217
7622 53809
7623 27400
7624 61797
7625 49697
7626 53300
7627 54833
7628 55088
7629 50992
7630 65377
7631 52008
7632 18945
7633 53776
7634 27401
7635 27400
7636 37665
7637 27400
7638 54056
7639 53604
7640 54833
7641 52001
7642 27153
7643 63392
7644 25377
7645 18961
7646 27408
7647 61793
7648 55073
7649 49508
7650 62241
7651 50533
7652 19208
7653 27425
7654 27137
7655 54049
7656 50992
7657 55137
7658 26465
7659 55073
7660 19233
7661 19240
7662 54817
7663 27400
7664 27464
7665 49976
7666 54040
7667 25368
7668 54625
7669 17176
7670 63264
7671 27528
7672 61797
7673 25344
7674 53809
7675 53793
7676 54040
7677 56865
7678 25384
7679 53300
7680 17185
7681 58145
7682 64353
7683 56681
7684 27393
7685 61797
7686 26376
7687 19233
7688 27400
7689 61217
7690 61797
7691 49665
7692 53604
7693 18945
7694 16913
7695 27137
7696 25377
7697 57121
7698 50533
7699 56104
7700 56104
7701 55856
7702 51760
7703 61797
7704 50533
7705 53792
7706 17176
7707 54056
7708 53604
7709 53813
7710 27424
7711 61797
7712 61797
7713 62240
7714 54032
7715 56104
7716 50976
7717 61797
7718 19209
7719 52000
7720 19088
7721 19224
7722 64353
7723 55953
7724 62304
7725 62240
7726 27544
7727 56097
7728 23185
7729 59233
7730 54049
7731 53605
7732 64297
7733 55857
7734 27392
7735 18961
7736 54072
7737 58152
7738 17249
7739 52000
7740 49952
7741 56673
7742 53813
7743 19233
7744 62240
7745 27528
7746 28513
7747 55081
7748 25121
7749 17176
7750 3425
7751 54629
7752 27400
7753 25385
7754 54833
7755 27425
7756 25368
7757 57121
7758 26401
7759 54072
7760 57700
7761 61797
7762 19336
7763 19208
7764 64288
7765 17176
7766 25376
7767 16913
7768 54113
7769 17176
7770 61797
7771 64033
7772 27424
7773 25488
7774 54040
7775 28512
7776 51000
7777 17176
7778 64289
7779 17184
7780 27137
7781 27137
7782 25416
7783 19336
7784 19208
7785 54049
7786 20257
7787 50992
7788 49665
7789 49944
7790 61797
7791 64353
7792 27400
7793 27400
7794 56881
7795 25376
7796 49960
7797 61797
7798 27400
7799 54048
7800 27400
7801 25352
7802 53809
7803 64865
7804 57128
7805 53809
7806 27153
7807 27153
7808 62360
7809 62248
7810 61797
7811 54049
7812 51993
7813 61797
7814 62241
7815 27528
7816 53793
7817 18960
7818 54040
7819 19209
7820 25448
7821 51977
7822 27400
7823 54040
7824 56681
7825 57184
7826 25121
7827 59168
7828 51968
7829 58725
7830 54048
7831 54024
7832 25496
7833 54048
7834 21280
7835 19232
7836 53809
7837 50992
7838 60192
7839 3425
7840 53809
7841 57701
7842 58152
7843 17176
7844 62305
7845 54040
7846 27392
7847 49445
7848 25344
7849 51744
7850 58152
7851 19233
7852 58213
7853 27393
7854 53601
7855 27400
7856 55953
7857 53793
7858 64288
7859 54025
7860 58145
7861 65313
7862 49960
7863 55072
7864 55081
7865 28161
7866 49944
7867 53605
7868 54049
7869 27169
7870 49944
7871 49960
7872 58144
7873 27392
7874 62248
7875 53601
7876 25121
7877 27392
7878 49952
7879 49953
7880 17176
7881 25376
7882 25376
7883 27393
7884 27528
7885 27536
7886 27281
7887 56681
7888 27424
7889 28513
7890 55841
7891 57701
7892 25496
7893 62248
7894 56681
7895 63265
7896 53809
7897 25352
7898 54049
7899 54072
7900 49976
7901 56881
7902 56673
7903 19225
7904 52000
7905 19233
7906 25352
7907 25377
7908 52577
7909 28513
7910 49953
7911 49944
7912 56681
7913 54048
7914 54064
7915 53793
7916 55073
7917 52001
7918 52000
7919 27425
7920 53300
7921 19216
7922 27432
7923 55953
7924 27393
7925 55080
7926 17160
7927 19209
7928 57129
7929 59937
7930 27432
7931 17176
7932 19208
7933 25345
7934 56881
7935 25472
7936 61797
7937 55077
7938 49953
7939 58152
7940 27416
7941 54629
7942 27392
7943 10785
7944 57129
7945 25384
7946 27392
7947 64353
7948 54113
7949 11809
7950 17176
7951 19233
7952 56865
7953 61796
7954 23057
7955 59939
7956 61797
7957 53605
7958 17176
7959 63265
7960 19201
7961 49953
7962 56681
7963 26401
7964 25368
7965 55073
7966 55073
7967 62240
7968 54049
7969 55072
7970 58209
7971 56673
7972 52120
7973 27528
7974 19208
7975 25360
7976 62241
7977 19232
7978 27152
7979 27264
7980 54040
7981 27400
7982 54048
7983 51969
7984 54049
7985 55857
7986 61797
7987 60193
7988 51000
7989 49952
7990 52009
7991 58153
7992 55073
7993 17185
7994 25352
7995 25368
7996 56080
7997 2577
7998 25385
7999 27560
8000 51969
8001 28193
8002 54625
8003 54040
8004 27137
8005 59233
8006 56881
8007 58209
8008 58145
8009 53793
8010 56681
8011 56681
8012 25376
8013 53300
8014 25408
8015 49944
8016 47021
8017 26376
8018 49936
8019 53281
8020 27488
8021 2825
8022 55825
8023 56617
8024 61985
8025 65313
8026 27416
8027 62240
8028 53537
8029 49953
8030 51000
8031 27400
8032 17208
8033 53544
8034 61797
8035 51977
8036 54064
8037 52000
8038 17184
8039 17184
8040 61797
8041 64353
8042 60201
8043 27425
8044 59939
8045 27416
8046 53301
8047 52016
8048 52577
8049 51760
8050 56681
8051 25344
8052 59168
8053 27425
8054 49961
8055 62241
8056 53025
8057 54629
8058 25496
8059 64032
8060 58209
8061 53300
8062 54120
8063 49953
8064 27528
8065 51000
8066 19224
8067 28161
8068 25384
8069 27169
8070 54625
8071 56681
8072 54049
8073 52001
8074 63264
8075 17192
8076 56881
8077 54817
8078 58152
8079 62241
8080 49944
8081 56681
8082 52000
8083 49936
8084 27528
8085 64289
8086 53809
8087 18273
8088 49953
8089 54049
8090 54049
8091 61217
8092 54057
8093 16741
8094 49953
8095 51984
8096 61797
8097 57129
8098 53809
8099 27433
8100 10785
8101 25440
8102 17176
8103 27136
8104 25376
8105 17176
8106 54569
8107 62249
8108 17176
8109 61797
8110 25345
8111 49952
8112 19240
8113 19232
8114 27528
8115 58145
8116 27400
8117 56617
8118 49928
8119 19209
8120 53605
8121 27169
8122 53793
8123 49944
8124 27400
8125 27400
8126 59168
8127 52001
8128 25496
8129 61217
8130 49929
8131 55080
8132 26400
8133 49960
8134 27520
8135 54040
8136 19224
8137 27425
8138 53793
8139 25377
8140 27401
8141 19233
8142 28161
8143 16161
8144 53605
8145 54048
8146 25440
8147 56881
8148 55840
8149 64353
8150 17192
8151 17176
8152 27153
8153 57129
8154 59232
8155 58144
8156 49665
8157 61217
8158 64289
8159 50992
8160 63264
8161 61797
8162 25345
8163 58145
8164 17176
8165 27393
8166 17176
8167 49944
8168 60192
8169 49953
8170 56681
8171 54040
8172 25344
8173 27432
8174 17184
8175 58144
8176 53601
8177 53605
8178 57701
8179 49505
8180 2848
8181 49944
8182 18945
8183 51000
8184 49944
8185 57185
8186 20257
8187 25488
8188 56617
8189 27400
8190 27528
8191 53793
8192 53809
8193 17184
8194 28193
8195 27416
8196 49952
8197 61797
8198 58144
8199 27401
8200 17161
8201 52000
8202 49697
8203 49928
8204 17184
8205 27400
8206 55073
8207 27400
8208 57121
8209 49952
8210 58209
8211 62240
8212 54056
8213 55857
8214 53025
8215 17176
8216 17176
8217 58725
8218 49953
8219 57697
8220 57129
8221 19224
8222 55953
8223 54040
8224 26401
8225 53809
8226 57129
8227 54817
8228 61985
8229 53024
8230 27400
8231 51000
8232 26369
8233 49976
8234 19216
8235 19232
8236 52009
8237 17176
8238 27464
8239 52001
8240 17168
8241 25376
8242 56681
8243 27489
8244 54065
8245 57128
8246 19232
8247 17184
8248 56681
8249 57193
8250 53793
8251 57185
8252 49952
8253 52009
8254 53809
8255 53793
8256 54072
8257 28161
8258 18961
8259 17184
8260 17192
8261 18945
8262 60161
8263 49952
8264 2817
8265 27400
8266 19240
8267 49944
8268 25445
8269 53792
8270 27425
8271 49509
8272 55856
8273 58209
8274 50977
8275 62241
8276 19352
8277 19232
8278 63256
8279 18961
8280 62248
8281 27137
8282 56681
8283 27401
8284 51000
8285 18961
8286 57129
8287 17185
8288 27416
8289 25441
8290 61797
8291 53793
8292 53809
8293 27464
8294 19233
8295 53793
8296 53284
8297 49944
8298 49952
8299 49969
8300 54833
8301 62241
8302 11041
8303 54049
8304 19200
8305 54049
8306 19240
8307 58209
8308 25488
8309 19256
8310 51984
8311 50533
8312 54049
8313 25360
8314 25496
8315 27528
8316 62097
8317 2849
8318 52000
8319 17153
8320 19232
8321 54057
8322 54049
8323 17185
8324 27400
8325 59168
8326 17256
8327 25376
8328 53793
8329 51000
8330 2849
8331 49953
8332 62304
8333 49944
8334 53792
8335 39713
8336 19201
8337 60256
8338 27520
8339 52000
8340 19233
8341 58152
8342 11041
8343 62241
8344 19336
8345 62304
8346 62360
8347 51553
8348 57129
8349 57193
8350 6693
8351 25488
8352 64289
8353 58209
8354 52008
8355 61797
8356 61797
8357 27528
8358 18944
8359 19208
8360 61281
8361 11041
8362 58145
8363 58213
8364 60192
8365 27393
8366 19209
8367 27432
8368 65313
8369 59937
8370 17153
8371 57129
8372 53793
8373 53809
8374 53809
8375 27137
8376 49953
8377 28161
8378 53809
8379 54072
8380 54053
8381 10769
8382 58144
8383 18961
8384 49509
8385 17176
8386 19232
8387 49952
8388 60192
8389 61792
8390 53809
8391 56617
8392 47021
8393 26400
8394 54016
8395 25360
8396 25381
8397 54056
8398 25416
8399 49944
8400 61797
8401 56609
8402 27400
8403 19224
8404 19217
8405 57697
8406 27400
8407 56681
8408 27400
8409 25376
8410 53777
8411 61797
8412 19233
8413 27393
8414 57097
8415 63328
8416 27424
8417 25384
8418 54016
8419 54833
8420 27392
8421 62241
8422 64033
8423 53793
8424 54064
8425 56681
8426 54057
8427 19240
8428 60192
8429 53032
8430 51745
8431 49961
8432 49921
8433 53600
8434 53605
8435 52000
8436 49945
8437 57097
8438 49505
8439 28161
8440 54053
8441 49509
8442 25360
8443 25480
8444 49944
8445 27424
8446 54048
8447 53605
8448 56681
8449 50533
8450 55825
8451 26408
8452 18961
8453 54048
8454 61797
8455 53793
8456 49921
8457 49953
8458 17249
8459 57120
8460 56681
8461 60160
8462 56681
8463 60168
8464 62113
8465 64289
8466 61797
8467 62240
8468 57129
8469 27393
8470 27400
8471 49509
8472 58149
8473 28193
8474 51041
8475 51000
8476 17176
8477 27400
8478 51553
8479 63265
8480 25344
8481 53025
8482 49697
8483 27400
8484 64289
8485 63265
8486 63265
8487 49952
8488 58144
8489 27137
8490 49953
8491 25496
8492 61797
8493 54016
8494 49960
8495 25488
8496 57889
8497 49509
8498 49953
8499 52001
8500 54049
8501 25360
8502 19336
8503 54057
8504 25381
8505 58144
8506 53777
8507 49952
8508 57097
8509 56681
8510 25376
8511 49953
8512 49953
8513 58213
8514 27520
8515 53605
8516 56617
8517 54056
8518 54056
8519 25496
8520 59168
8521 54817
8522 26376
8523 54056
8524 54049
8525 62352
8526 25449
8527 61797
8528 27400
8529 58209
8530 17152
8531 53796
8532 56681
8533 52000
8534 61985
8535 54040
8536 18945
8537 22313
8538 51713
8539 58113
8540 28449
8541 27400
8542 61797
8543 61797
8544 58144
8545 27528
8546 49928
8547 27464
8548 58208
8549 19224
8550 27424
8551 53793
8552 55073
8553 62240
8554 60160
8555 53777
8556 58145
8557 49953
8558 59233
8559 53300
8560 49952
8561 49968
8562 56681
8563 27489
8564 54049
8565 27393
8566 25384
8567 25377
8568 49441
8569 56881
8570 19241
8571 52001
8572 19232
8573 65385
8574 27528
8575 16741
8576 63265
8577 56889
8578 51992
8579 58144
8580 53809
8581 27456
8582 27400
8583 54072
8584 19232
8585 27528
8586 63329
8587 19224
8588 27400
8589 11041
8590 56096
8591 58144
8592 54048
8593 27464
8594 18945
8595 55081
8596 25352
8597 28449
8598 27424
8599 27424
8600 27536
8601 62241
8602 54072
8603 62081
8604 64288
8605 51760
8606 51984
8607 25496
8608 54040
8609 54048
8610 60192
8611 25376
8612 50017
8613 18977
8614 17152
8615 27392
8616 56064
8617 53541
8618 17161
8619 37672
8620 53001
8621 58208
8622 49441
8623 53793
8624 13089
8625 53300
8626 49960
8627 58145
8628 17185
8629 64353
8630 19233
8631 25121
8632 14881
8633 27280
8634 50992
8635 60193
8636 61224
8637 58153
8638 27400
8639 49944
8640 55081
8641 64289
8642 49936
8643 27400
8644 17176
8645 64288
8646 55073
8647 58152
8648 59168
8649 19200
8650 58144
8651 25377
8652 49960
8653 17184
8654 58145
8655 52009
8656 27425
8657 53300
8658 64352
8659 54629
8660 54049
8661 27400
8662 27424
8663 61797
8664 54072
8665 53793
8666 27393
8667 54049
8668 55072
8669 27400
8670 50533
8671 64353
8672 49952
8673 25376
8674 27400
8675 49509
8676 53797
8677 57129
8678 52072
8679 60168
8680 53776
8681 49953
8682 53793
8683 53605
8684 49920
8685 55081
8686 54048
8687 54048
8688 53808
8689 56681
8690 19208
8691 19208
8692 19224
8693 17176
8694 58209
8695 54048
8696 17208
8697 49944
8698 52000
8699 58213
8700 28161
8701 58144
8702 53605
8703 61797
8704 49952
8705 56681
8706 52001
8707 25360
8708 25488
8709 25472
8710 52000
8711 17176
8712 58145
8713 53797
8714 56617
8715 27400
8716 17184
8717 27528
8718 57193
8719 62241
8720 57701
8721 25376
8722 27393
8723 50072
8724 58144
8725 60193
8726 49920
8727 56681
8728 27400
8729 17176
8730 53793
8731 17176
8732 49953
8733 18961
8734 55825
8735 57129
8736 19224
8737 51968
8738 27400
8739 61797
8740 19224
8741 63264
8742 55081
8743 56673
8744 27528
8745 62240
8746 25377
8747 57129
8748 56681
8749 55080
8750 62241
8751 19232
8752 49944
8753 64353
8754 49928
8755 58725
8756 52000
8757 19217
8758 56681
8759 19232
8760 53600
8761 17184
8762 19224
8763 49957
8764 52000
8765 54057
8766 25488
8767 58209
8768 53284
8769 27425
8770 58112
8771 25512
8772 54073
8773 25376
8774 25353
8775 49952
8776 49944
8777 19256
8778 53793
8779 14113
8780 50533
8781 25377
8782 63264
8783 58145
8784 25441
8785 57097
8786 28161
8787 50529
8788 27425
8789 25089
8790 61797
8791 64033
8792 25352
8793 52001
8794 19233
8795 64289
8796 53809
8797 51969
8798 19240
8799 54049
8800 57129
8801 57129
8802 56681
8803 18961
8804 50017
8805 18977
8806 49960
8807 49921
8808 61792
8809 54040
8810 25377
8811 52000
8812 25345
8813 53777
8814 54048
8815 25352
8816 59168
8817 58144
8818 27464
8819 53001
8820 28449
8821 27400
8822 54569
8823 17184
8824 27489
8825 64289
8826 25345
8827 53793
8828 17184
8829 58725
8830 27153
8831 49953
8832 20257
8833 58721
8834 62304
8835 55081
8836 27393
8837 58128
8838 62240
8839 51000
8840 56881
8841 17185
8842 53809
8843 25376
8844 17176
8845 62305
8846 56097
8847 62313
8848 56681
8849 19217
8850 2593
8851 49952
8852 56681
8853 17160
8854 49952
8855 27489
8856 51968
8857 17176
8858 56865
8859 27544
8860 27400
8861 58152
8862 58217
8863 28513
8864 54833
8865 54629
8866 64353
8867 53604
8868 53796
8869 28448
8870 49953
8871 55809
8872 11041
8873 51984
8874 27425
8875 27488
8876 50529
8877 54040
8878 21280
8879 18961
8880 54056
8881 27425
8882 51977
8883 61793
8884 56681
8885 62241
8886 52120
8887 61797
8888 61216
8889 56681
8890 54049
8891 53605
8892 25376
8893 59169
8894 49953
8895 49953
8896 55073
8897 59169
8898 19208
8899 17176
8900 58209
8901 50529
8902 27425
8903 58208
8904 19208
8905 54049
8906 27425
8907 59169
8908 27393
8909 27552
8910 58145
8911 54049
8912 62113
8913 59168
8914 19208
8915 26464
8916 54056
8917 59745
8918 58144
8919 62304
8920 27400
8921 59169
8922 56881
8923 19233
8924 58113
8925 58152
8926 19224
8927 49960
8928 54040
8929 49952
8930 55081
8931 60193
8932 56105
8933 49944
8934 17160
8935 27489
8936 27425
8937 27464
8938 58145
8939 17184
8940 51968
8941 57701
8942 27400
8943 58144
8944 19224
8945 56681
8946 27400
8947 27432
8948 54625
8949 55073
8950 49952
8951 53793
8952 49960
8953 59939
8954 28161
8955 19232
8956 57697
8957 62305
8958 65377
8959 19208
8960 57121
8961 6693
8962 56104
8963 27400
8964 27400
8965 17160
8966 58725
8967 53809
8968 49936
8969 59137
8970 55649
8971 27488
8972 27528
8973 58145
8974 58144
8975 28193
8976 58145
8977 19232
8978 17176
8979 53025
8980 25384
8981 54065
8982 56673
8983 51000
8984 54049
8985 53541
8986 52577
8987 27153
8988 28513
8989 54072
8990 62352
8991 49509
8992 17161
8993 62241
8994 58152
8995 27528
8996 54073
8997 54040
8998 26408
8999 54056
9000 19232
9001 60161
9002 26145
9003 17189
9004 49953
9005 27393
9006 60200
9007 19256
9008 50985
9009 55073
9010 54049
9011 49944
9012 47021
9013 55953
9014 56681
9015 27393
9016 25377
9017 49921
9018 55137
9019 19089
9020 60193
9021 51969
9022 25360
9023 58145
9024 58145
9025 17176
9026 25408
9027 39713
9028 52001
9029 53281
9030 61217
9031 10785
9032 51000
9033 19233
9034 11041
9035 59168
9036 58144
9037 17185
9038 58264
9039 54056
9040 57697
9041 49944
9042 62241
9043 52001
9044 27425
9045 58145
9046 55080
9047 49952
9048 49944
9049 49952
9050 19224
9051 50533
9052 27400
9053 54072
9054 61797
9055 50016
9056 17189
9057 19233
9058 25441
9059 19233
9060 57129
9061 27392
9062 62305
9063 57129
9064 49960
9065 19233
9066 56889
9067 58145
9068 27400
9069 19217
9070 49952
9071 54049
9072 53793
9073 27521
9074 59168
9075 53600
9076 53605
9077 64033
9078 58216
9079 51000
9080 27489
9081 61281
9082 59233
9083 27400
9084 49961
9085 62240
9086 54056
9087 56105
9088 53604
9089 53809
9090 25384
9091 19233
9092 55072
9093 56681
9094 27432
9095 56097
9096 19232
9097 61797
9098 54056
9099 11809
9100 54049
9101 60192
9102 17184
9103 52008
9104 26465
9105 25353
9106 27424
9107 25496
9108 58721
9109 27409
9110 49505
9111 53793
9112 54016
9113 58145
9114 49944
9115 52992
9116 52008
9117 58153
9118 54049
9119 54049
9120 49953
9121 2824
9122 54049
9123 56097
9124 52000
9125 54040
9126 60193
9127 58152
9128 54633
9129 57129
9130 25344
9131 61793
9132 27433
9133 53284
9134 61793
9135 25448
9136 51969
9137 60192
9138 19304
9139 58213
9140 19201
9141 54040
9142 49952
9143 19200
9144 27425
9145 27400
9146 25496
9147 49937
9148 56617
9149 62304
9150 25416
9151 61797
9152 49952
9153 49952
9154 55080
9155 19232
9156 60257
9157 58209
9158 6689
9159 25345
9160 58208
9161 49961
9162 55073
9163 49953
9164 25384
9165 49953
9166 49976
9167 18960
9168 11809
9169 57129
9170 19241
9171 54040
9172 27393
9173 25376
9174 58128
9175 19241
9176 54048
9177 27424
9178 62241
9179 19208
9180 61797
9181 49953
9182 54072
9183 57129
9184 54049
9185 27416
9186 19201
9187 55865
9188 62240
9189 62241
9190 55081
9191 55073
9192 19233
9193 53300
9194 49697
9195 17185
9196 59232
9197 52008
9198 58145
9199 17185
9200 56673
9201 53808
9202 49928
9203 17193
9204 54056
9205 27432
9206 25384
9207 25368
9208 54052
9209 27400
9210 54625
9211 49952
9212 22305
9213 56889
9214 27400
9215 64353
9216 53813
9217 52008
9218 62241
9219 25441
9220 49936
9221 59233
9222 19208
9223 49509
9224 25440
9225 11048
9226 27400
9227 54073
9228 49960
9229 51000
9230 62312
9231 25440
9232 56681
9233 62304
9234 53793
9235 12129
9236 54048
9237 25377
9238 49944
9239 54056
9240 25377
9241 54048
9242 52001
9243 19240
9244 54048
9245 23185
9246 25376
9247 54016
9248 55953
9249 16741
9250 56105
9251 25360
9252 54048
9253 25376
9254 54049
9255 54057
9256 53605
9257 63265
9258 56088
9259 55081
9260 61985
9261 56673
9262 55865
9263 27424
9264 57129
9265 53812
9266 53300
9267 61797
9268 53605
9269 54024
9270 27432
9271 58112
9272 17153
9273 59169
9274 28448
9275 58144
9276 58144
9277 60192
9278 27528
9279 61797
9280 52001
9281 54833
9282 54833
9283 59937
9284 27153
9285 62240
9286 57121
9287 49976
9288 62240
9289 52000
9290 10769
9291 25376
9292 27424
9293 19233
9294 51968
9295 49953
9296 25344
9297 56617
9298 49952
9299 58144
9300 17184
9301 23336
9302 25472
9303 27528
9304 64289
9305 54048
9306 56072
9307 19224
9308 54048
9309 25488
9310 49953
9311 19232
9312 17192
9313 17185
9314 28161
9315 25344
9316 54048
9317 55072
9318 63273
9319 54048
9320 49509
9321 62305
9322 27496
9323 17176
9324 51744
9325 49976
9326 53793
9327 58213
9328 56889
9329 17184
9330 27432
9331 61797
9332 54048
9333 55072
9334 58144
9335 52008
9336 17176
9337 54072
9338 27169
9339 54049
9340 56105
9341 27488
9342 19209
9343 62240
9344 63329
9345 27528
9346 61797
9347 54569
9348 49961
9349 54833
9350 49929
9351 37688
9352 49953
9353 62304
9354 17176
9355 19233
9356 19233
9357 62241
9358 49953
9359 27496
9360 57121
9361 27137
9362 65321
9363 19233
9364 53808
9365 58144
9366 26401
9367 2857
9368 56097
9369 27393
9370 49945
9371 19233
9372 51968
9373 56681
9374 53793
9375 25376
9376 53025
9377 49953
9378 54049
9379 54048
9380 39713
9381 52000
9382 49953
9383 56881
9384 25344
9385 58144
9386 52001
9387 54048
9388 53604
9389 62240
9390 62240
9391 54049
9392 61281
9393 19232
9394 6949
9395 18944
9396 19241
9397 54048
9398 19233
9399 58113
9400 27424
9401 64289
9402 56881
9403 53809
9404 53797
9405 28425
9406 25480
9407 49952
9408 56105
9409 54057
9410 25377
9411 19233
9412 52017
9413 53792
9414 19241
9415 53792
9416 49960
9417 27416
9418 25441
9419 19201
9420 55073
9421 27392
9422 25416
9423 19233
9424 62305
9425 51000
9426 11048
9427 27425
9428 56681
9429 52009
9430 19232
9431 27425
9432 17160
9433 27457
9434 63265
9435 59169
9436 6949
9437 62241
9438 19232
9439 28513
9440 25376
9441 25376
9442 25441
9443 54048
9444 58144
9445 52001
9446 19233
9447 17185
9448 20257
9449 58112
9450 62240
9451 25368
9452 17176
9453 19232
9454 58152
9455 25360
9456 27281
9457 62304
9458 49952
9459 58152
9460 54056
9461 49928
9462 54064
9463 25496
9464 49944
9465 54049
9466 54040
9467 54048
9468 29217
9469 63264
9470 19233
9471 27424
9472 27424
9473 28177
9474 49952
9475 50016
9476 55073
9477 25345
9478 19201
9479 64288
9480 25384
9481 49976
9482 19208
9483 54048
9484 53793
9485 20257
9486 54048
9487 49509
9488 19208
9489 19224
9490 14881
9491 54049
9492 49953
9493 56104
9494 51000
9495 27416
9496 58121
9497 54040
9498 55072
9499 57889
9500 49953
9501 56072
9502 59937
9503 27400
9504 54049
9505 49953
9506 62304
9507 54040
9508 53540
9509 49960
9510 25416
9511 58145
9512 62240
9513 64288
9514 51969
9515 17184
9516 52000
9517 49921
9518 27424
9519 49921
9520 49961
9521 27401
9522 56097
9523 19208
9524 28161
9525 62248
9526 55137
9527 27433
9528 56104
9529 49952
9530 55072
9531 2593
9532 55080
9533 58144
9534 25352
9535 52009
9536 55080
9537 58136
9538 65321
9539 27392
9540 53793
9541 53797
9542 50072
9543 25376
9544 19232
9545 53809
9546 27496
9547 19224
9548 49944
9549 53793
9550 19201
9551 27400
9552 27425
9553 54049
9554 27528
9555 17184
9556 58112
9557 27536
9558 27432
9559 55073
9560 57121
9561 2840
9562 19208
9563 27137
9564 55073
9565 51976
9566 18961
9567 54072
9568 49960
9569 25368
9570 58145
9571 19241
9572 52000
9573 49976
9574 58144
9575 2824
9576 58144
9577 27425
9578 59233
9579 58136
9580 54072
9581 54049
9582 59177
9583 56104
9584 20256
9585 52000
9586 55073
9587 62240
9588 27153
9589 19240
9590 50533
9591 27425
9592 56088
9593 52000
9594 17176
9595 59169
9596 18945
9597 54048
9598 54048
9599 62305
9600 28457
9601 52008
9602 49953
9603 54056
9604 58145
9605 54049
9606 52000
9607 17185
9608 49953
9609 17208
9610 52000
9611 19208
9612 58213
9613 19272
9614 62240
9615 62241
9616 27400
9617 50533
9618 49944
9619 54049
9620 60193
9621 25441
9622 25353
9623 27528
9624 54072
9625 63336
9626 25416
9627 61796
9628 52001
9629 27400
9630 58721
9631 58144
9632 49953
9633 62304
9634 62241
9635 54072
9636 17177
9637 49960
9638 27393
9639 50977
9640 25376
9641 49960
9642 27137
9643 51744
9644 17185
9645 62312
9646 58208
9647 56617
9648 50533
9649 53809
9650 53809
9651 19088
9652 29472
9653 58145
9654 51992
9655 25377
9656 17152
9657 21288
9658 17169
9659 25377
9660 50533
9661 49957
9662 58208
9663 58144
9664 51000
9665 54048
9666 51745
9667 61216
9668 58144
9669 54049
9670 17168
9671 17176
9672 25384
9673 49952
9674 60193
9675 57184
9676 49961
9677 53536
9678 57193
9679 54633
9680 54049
9681 53281
9682 2856
9683 27425
9684 25377
9685 26376
9686 52008
9687 54064
9688 56104
9689 54048
9690 54056
9691 27392
9692 55072
9693 51000
9694 49505
9695 27424
9696 62305
9697 54048
9698 56681
9699 64353
9700 49952
9701 54833
9702 59937
9703 27400
9704 19240
9705 25384
9706 53605
9707 19224
9708 19233
9709 27425
9710 25352
9711 56096
9712 27497
9713 49952
9714 58112
9715 49952
9716 61216
9717 49944
9718 63264
9719 27392
9720 58145
9721 27425
9722 17168
9723 56681
9724 52001
9725 17176
9726 54049
9727 27393
9728 19233
9729 17160
9730 25376
9731 17192
9732 53545
9733 54048
9734 27521
9735 25376
9736 25376
9737 51969
9738 25377
9739 27416
9740 61281
9741 25441
9742 25368
9743 53792
9744 56104
9745 25376
9746 28449
9747 62312
9748 53793
9749 62240
9750 27400
9751 28513
9752 17152
9753 49953
9754 53032
9755 52008
9756 19232
9757 62248
9758 27424
9759 19208
9760 58145
9761 63328
9762 54040
9763 58145
9764 54833
9765 58144
9766 49968
9767 51977
9768 27544
9769 25440
9770 49952
9771 25345
9772 55072
9773 19224
9774 60193
9775 54017
9776 64257
9777 25472
9778 25377
9779 36193
9780 55080
9781 19200
9782 56096
9783 54016
9784 54056
9785 55840
9786 25377
9787 49953
9788 54048
9789 49952
9790 27288
9791 49953
9792 27392
9793 17176
9794 25376
9795 27152
9796 56104
9797 27393
9798 52001
9799 52009
9800 60192
9801 54057
9802 51000
9803 58144
9804 49957
9805 62305
9806 56673
9807 55073
9808 56881
9809 25384
9810 10769
9811 49953
9812 60200
9813 64353
9814 19224
9815 49957
9816 2593
9817 55073
9818 58144
9819 51976
9820 27400
9821 27153
9822 26400
9823 50992
9824 52000
9825 19256
9826 58144
9827 20321
9828 19296
9829 55081
9830 56072
9831 60161
9832 65313
9833 50529
9834 62304
9835 62241
9836 56072
9837 52000
9838 27400
9839 57193
9840 50985
9841 57121
9842 25440
9843 54113
9844 27425
9845 55081
9846 60256
9847 25496
9848 50017
9849 51041
9850 49953
9851 53793
9852 25480
9853 53605
9854 55080
9855 55073
9856 55072
9857 49953
9858 63265
9859 60192
9860 57121
9861 11041
9862 56072
9863 50977
9864 50992
9865 27393
9866 49953
9867 62241
9868 19240
9869 52001
9870 56681
9871 58209
9872 54072
9873 26145
9874 27425
9875 53793
9876 51041
9877 54040
9878 54048
9879 27400
9880 61217
9881 56617
9882 58145
9883 19201
9884 19233
9885 51000
9886 27400
9887 58145
9888 56160
9889 50977
9890 58145
9891 17176
9892 27425
9893 19241
9894 25352
9895 61793
9896 58145
9897 27425
9898 49953
9899 54040
9900 26400
9901 25376
9902 57701
9903 54053
9904 19233
9905 56681
9906 54072
9907 55072
9908 49960
9909 54065
9910 17185
9911 27153
9912 52024
9913 19233
9914 19336
9915 54056
9916 25377
9917 17152
9918 49952
9919 61797
9920 56681
9921 56681
9922 49952
9923 19089
9924 49961
9925 25377
9926 55841
9927 54048
9928 49961
9929 26400
9930 54048
9931 17184
9932 51969
9933 55081
9934 25360
9935 25441
9936 28161
9937 28449
9938 51992
9939 61185
9940 19240
9941 54048
9942 51977
9943 27393
9944 50533
9945 63265
9946 25353
9947 54040
9948 54056
9949 56681
9950 25352
9951 49509
9952 53604
9953 54120
9954 56105
9955 60193
9956 49509
9957 27432
9958 17208
9959 62313
9960 52001
9961 19225
9962 54048
9963 17176
9964 59168
9965 19233
9966 52001
9967 58120
9968 35617
9969 50992
9970 61792
9971 52000
9972 58209
9973 58112
9974 49944
9975 59168
9976 60192
9977 60168
9978 55840
9979 57889
9980 61985
9981 62248
9982 25377
9983 59232
9984 52008
9985 55073
9986 17185
9987 19240
9988 58152
9989 25376
9990 58112
9991 49952
9992 60192
9993 49953
9994 53777
9995 49952
9996 25376
9997 25376
9998 25360
9999 56881
10000 58144
10001 50533
10002 19233
10003 53601
10004 25376
10005 50992
10006 62241
10007 27520
10008 58209
10009 54048
10010 17185
10011 54048
10012 56881
10013 49944
10014 50533
10015 23185
10016 25480
10017 56104
10018 58113
10019 51000
10020 51000
10021 49952
10022 60192
10023 49961
10024 60192
10025 58144
10026 56681
10027 18960
10028 59169
10029 27392
10030 19216
10031 49921
10032 17184
10033 57701
10034 49936
10035 60256
10036 20257
10037 49960
10038 58144
10039 51976
10040 53605
10041 27424
10042 55081
10043 19201
10044 58144
10045 17176
10046 25377
10047 54057
10048 27528
10049 26401
10050 53536
10051 62241
10052 56096
10053 58209
10054 18209
10055 54040
10056 54057
10057 54056
10058 52017
10059 27425
10060 49920
10061 49953
10062 19240
10063 60256
10064 49953
10065 54072
10066 58145
10067 19216
10068 49952
10069 27392
10070 55081
10071 57129
10072 56681
10073 58145
10074 27137
10075 56681
10076 16161
10077 64288
10078 52001
10079 19216
10080 60192
10081 49952
10082 50533
10083 54048
10084 19240
10085 17184
10086 19209
10087 27152
10088 52001
10089 50024
10090 53793
10091 49960
10092 51985
10093 27424
10094 49961
10095 27400
10096 50533
10097 25440
10098 59232
10099 27544
10100 19200
10101 58145
10102 53797
10103 19232
10104 54016
10105 58145
10106 6945
10107 49952
10108 58144
10109 59136
10110 49952
10111 58145
10112 54048
10113 57701
10114 27393
10115 49960
10116 58145
10117 49509
10118 27425
10119 49509
10120 19296
10121 17160
10122 55080
10123 53025
10124 49505
10125 54072
10126 58112
10127 19233
10128 49960
10129 58264
10130 60192
10131 49952
10132 53812
10133 50017
10134 19201
10135 54057
10136 59232
10137 27528
10138 19233
10139 55865
10140 61796
10141 56681
10142 52000
10143 27400
10144 19224
10145 27400
10146 17192
10147 51000
10148 57129
10149 27400
10150 49665
10151 62241
10152 19217
10153 25345
10154 49953
10155 25345
10156 54049
10157 58145
10158 25376
10159 60192
10160 58144
10161 55081
10162 63265
10163 56681
10164 56105
10165 55088
10166 54625
10167 50985
10168 58144
10169 19232
10170 19200
10171 50533
10172 19224
10173 58112
10174 23328
10175 58145
10176 53537
10177 49944
10178 60193
10179 25488
10180 25496
10181 53792
10182 49961
10183 25377
10184 58144
10185 49952
10186 27425
10187 60192
10188 27392
10189 58209
10190 19224
10191 49953
10192 50533
10193 25376
10194 25496
10195 27424
10196 54049
10197 27544
10198 57701
10199 25377
10200 17200
10201 58145
10202 25344
10203 54048
10204 49952
10205 58144
10206 60193
10207 53537
10208 61217
10209 25376
10210 39713
10211 62313
10212 49953
10213 57128
10214 56072
10215 56681
10216 25377
10217 19209
10218 20321
10219 17192
10220 52008
10221 25121
10222 28449
10223 52024
10224 49960
10225 54056
10226 51992
10227 53033
10228 8993
10229 50977
10230 25416
10231 58112
10232 39713
10233 56072
10234 54040
10235 54056
10236 51992
10237 61797
10238 17248
10239 52001
10240 49952
10241 25377
10242 27400
10243 55073
10244 56104
10245 49957
10246 27400
10247 19224
10248 49952
10249 58121
10250 27153
10251 27169
10252 27392
10253 53540
10254 56681
10255 25376
10256 55081
10257 2817
10258 27424
10259 60321
10260 60160
10261 62240
10262 49960
10263 17184
10264 11041
10265 27416
10266 55136
10267 49952
10268 25440
10269 49953
10270 49952
10271 27424
10272 54048
10273 28417
10274 27560
10275 56097
10276 55081
10277 58152
10278 58144
10279 27425
10280 58121
10281 49953
10282 25440
10283 49968
10284 56089
10285 19224
10286 62304
10287 49953
10288 27424
10289 28425
10290 62304
10291 17176
10292 63328
10293 49968
10294 64033
10295 27153
10296 56681
10297 49953
10298 65313
10299 17176
10300 51968
10301 25384
10302 27416
10303 51000
10304 57701
10305 27400
10306 19224
10307 53025
10308 54048
10309 25384
10310 56881
10311 25377
10312 60257
10313 53793
10314 49976
10315 25377
10316 57697
10317 27552
10318 17184
10319 54049
10320 57696
10321 58145
10322 62241
10323 59169
10324 25377
10325 27489
10326 17184
10327 58113
10328 25496
10329 17176
10330 27544
10331 25496
10332 19240
10333 61217
10334 49920
10335 59169
10336 54048
10337 25377
10338 25376
10339 58272
10340 49929
10341 25376
10342 25496
10343 65313
10344 57129
10345 58272
10346 56096
10347 54049
10348 25496
10349 58145
10350 19208
10351 49960
10352 50976
10353 49960
10354 49953
10355 52001
10356 52001
10357 49952
10358 49953
10359 55073
10360 54629
10361 52016
10362 56105
10363 52120
10364 54049
10365 49952
10366 58144
10367 49944
10368 27528
10369 52000
10370 54048
10371 58168
10372 17184
10373 54072
10374 54049
10375 25121
10376 27528
10377 17176
10378 49504
10379 19240
10380 54049
10381 19224
10382 27424
10383 19208
10384 25957
10385 58152
10386 53793
10387 56096
10388 51976
10389 55841
10390 19208
10391 57701
10392 64033
10393 60192
10394 65312
10395 53600
10396 19240
10397 49504
10398 49960
10399 54048
10400 19209
10401 60193
10402 60193
10403 52072
10404 58145
10405 53025
10406 54049
10407 27393
10408 27400
10409 25377
10410 27392
10411 50533
10412 25360
10413 61797
10414 50533
10415 55080
10416 55073
10417 57121
10418 27432
10419 62241
10420 53025
10421 19232
10422 55080
10423 27400
10424 19216
10425 23337
10426 27265
10427 25376
10428 52000
10429 19209
10430 50533
10431 52992
10432 58209
10433 52001
10434 50533
10435 58152
10436 59937
10437 19224
10438 49952
10439 58144
10440 27496
10441 54056
10442 57121
10443 49960
10444 58144
10445 25488
10446 49961
10447 28449
10448 56104
10449 60192
10450 54120
10451 49952
10452 25352
10453 58209
10454 51976
10455 54016
10456 27400
10457 49929
10458 17192
10459 19208
10460 56105
10461 25352
10462 49441
10463 37665
10464 31521
10465 27424
10466 52009
10467 49920
10468 19240
10469 19208
10470 53032
10471 17153
10472 54049
10473 20321
10474 52000
10475 64288
10476 27416
10477 55073
10478 51000
10479 27432
10480 17765
10481 25384
10482 50977
10483 19209
10484 27169
10485 53032
10486 60192
10487 27528
10488 51744
10489 51000
10490 54049
10491 54049
10492 55072
10493 54057
10494 49509
10495 61217
10496 58113
10497 54049
10498 58112
10499 27153
10500 55072
10501 54052
10502 27552
10503 17184
10504 54040
10505 62241
10506 50977
10507 55081
10508 64033
10509 50977
10510 2857
10511 58145
10512 10769
10513 60321
10514 58152
10515 52000
10516 58120
10517 49945
10518 58145
10519 58144
10520 53544
10521 25488
10522 54049
10523 25496
10524 58725
10525 54056
10526 49960
10527 27400
10528 27425
10529 51976
10530 65313
10531 55073
10532 54049
10533 58144
10534 49953
10535 50992
10536 52009
10537 27520
10538 49952
10539 17177
10540 18209
10541 25488
10542 58725
10543 27393
10544 49952
10545 52001
10546 51041
10547 49953
10548 62304
10549 57129
10550 49952
10551 19240
10552 57121
10553 49509
10554 61216
10555 54072
10556 53793
10557 17193
10558 53777
10559 49953
10560 55841
10561 49944
10562 20257
10563 56617
10564 52072
10565 63329
10566 56681
10567 49944
10568 25376
10569 50017
10570 13089
10571 54112
10572 50533
10573 55096
10574 54025
10575 61281
10576 60192
10577 49505
10578 19208
10579 54833
10580 51745
10581 64353
10582 56121
10583 62240
10584 57128
10585 25376
10586 49504
10587 56097
10588 25352
10589 62241
10590 63265
10591 54049
10592 56681
10593 25377
10594 49953
10595 54072
10596 52000
10597 17176
10598 25496
10599 25488
10600 19208
10601 25496
10602 27400
10603 27392
10604 25496
10605 27137
10606 20257
10607 59169
10608 56073
10609 58144
10610 52001
10611 25344
10612 56121
10613 19233
10614 53605
10615 27424
10616 27464
10617 56096
10618 19201
10619 53025
10620 50977
10621 25496
10622 56097
10623 27400
10624 27400
10625 17185
10626 58725
10627 52000
10628 25368
10629 27153
10630 57184
10631 54113
10632 25376
10633 27464
10634 54049
10635 49937
10636 56104
10637 52001
10638 17185
10639 60192
10640 54056
10641 58152
10642 49509
10643 61225
10644 50072
10645 56865
10646 27521
10647 27528
10648 27489
10649 58145
10650 54112
10651 19201
10652 54048
10653 54049
10654 28456
10655 17208
10656 49953
10657 19248
10658 26401
10659 62240
10660 53809
10661 54049
10662 27400
10663 17176
10664 25376
10665 49976
10666 58152
10667 53600
10668 56681
10669 57697
10670 27528
10671 56681
10672 64353
10673 17184
10674 28424
10675 17176
10676 55072
10677 52001
10678 27424
10679 62241
10680 57129
10681 58216
10682 62240
10683 58144
10684 27400
10685 58145
10686 19232
10687 54629
10688 26368
10689 18945
10690 25496
10691 63329
10692 54057
10693 27393
10694 17192
10695 59233
10696 58208
10697 52008
10698 51984
10699 21281
10700 25377
10701 50533
10702 27400
10703 62304
10704 28161
10705 49960
10706 50533
10707 49960
10708 54048
10709 62241
10710 27520
10711 52001
10712 27408
10713 52001
10714 25448
10715 27425
10716 26401
10717 58145
10718 19201
10719 19233
10720 53776
10721 55072
10722 39713
10723 50533
10724 25377
10725 58145
10726 27400
10727 49961
10728 28457
10729 56097
10730 19241
10731 52001
10732 49445
10733 25384
10734 27169
10735 19304
10736 58112
10737 27425
10738 49976
10739 25441
10740 60192
10741 54049
10742 53089
10743 63273
10744 50977
10745 51760
10746 54056
10747 55825
10748 52000
10749 54048
10750 58144
10751 60193
10752 25344
10753 54561
10754 49944
10755 49945
10756 19233
10757 17189
10758 27400
10759 19200
10760 17152
10761 54040
10762 61985
10763 52001
10764 49952
10765 25376
10766 17153
10767 28425
10768 27424
10769 58725
10770 58152
10771 27393
10772 19208
10773 53024
10774 60193
10775 62248
10776 49952
10777 27393
10778 58144
10779 49928
10780 58144
10781 49953
10782 62241
10783 17168
10784 49936
10785 59169
10786 50533
10787 50533
10788 26401
10789 27281
10790 25385
10791 27424
10792 2840
10793 27536
10794 49509
10795 25345
10796 27528
10797 36193
10798 19233
10799 54048
10800 58152
10801 55073
10802 59169
10803 25352
10804 27424
10805 60193
10806 54049
10807 19200
10808 49953
10809 27536
10810 57128
10811 49952
10812 18977
10813 27520
10814 49505
10815 28449
10816 58208
10817 62241
10818 17192
10819 54049
10820 19201
10821 19233
10822 27392
10823 56097
10824 28001
10825 49952
10826 53541
10827 19233
10828 25344
10829 27400
10830 27433
10831 52016
10832 19208
10833 54049
10834 27400
10835 49505
10836 25344
10837 54064
10838 60192
10839 27425
10840 55072
10841 2849
10842 2825
10843 27400
10844 56681
10845 54072
10846 59137
10847 27425
10848 60192
10849 25384
10850 49952
10851 25496
10852 52009
10853 55080
10854 25360
10855 13089
10856 54049
10857 27424
10858 52001
10859 27392
10860 62240
10861 19201
10862 19232
10863 25496
10864 58144
10865 19209
10866 25496
10867 19224
10868 27400
10869 25441
10870 55072
10871 55080
10872 19233
10873 57697
10874 27432
10875 58144
10876 19201
10877 55649
10878 60257
10879 25384
10880 50533
10881 25345
10882 58152
10883 25496
10884 27521
10885 19233
10886 54048
10887 53776
10888 49952
10889 27400
10890 25089
10891 27520
10892 19233
10893 25376
10894 49952
10895 51992
10896 58112
10897 49960
10898 25344
10899 55080
10900 56096
10901 25376
10902 52000
10903 50533
10904 58144
10905 58145
10906 58725
10907 19200
10908 17192
10909 51992
10910 60200
10911 55081
10912 62241
10913 52000
10914 17152
10915 27136
10916 17185
10917 60193
10918 49944
10919 26465
10920 56681
10921 49953
10922 19336
10923 54040
10924 54817
10925 55073
10926 17176
10927 56617
10928 49920
10929 49953
10930 53604
10931 53537
10932 54017
10933 49952
10934 25352
10935 49976
10936 56096
10937 19233
10938 17189
10939 19208
10940 58152
10941 64352
10942 60160
10943 27169
10944 25480
10945 56681
10946 49960
10947 58152
10948 58144
10949 56681
10950 58145
10951 57097
10952 50977
10953 25377
10954 54064
10955 53545
10956 25345
10957 62240
10958 2577
10959 54049
10960 27400
10961 57097
10962 27528
10963 55136
10964 27392
10965 49952
10966 25488
10967 62097
10968 58209
10969 54057
10970 55080
10971 58145
10972 49952
10973 27400
10974 64289
10975 58144
10976 56097
10977 25344
10978 11040
10979 27528
10980 27280
10981 52001
10982 49952
10983 27400
10984 27432
10985 49697
10986 25360
10987 27136
10988 51976
10989 54048
10990 29473
10991 49953
10992 58209
10993 56104
10994 62240
10995 49952
10996 58112
10997 19201
10998 18945
10999 51000
11000 49936
11001 25377
11002 19233
11003 54048
11004 49953
11005 55080
11006 54064
11007 51976
11008 49952
11009 27401
11010 17192
11011 58144
11012 56097
11013 17184
11014 62241
11015 49509
11016 17185
11017 54016
11018 49976
11019 18945
11020 19200
11021 52000
11022 52008
11023 19336
11024 54056
11025 25384
11026 25376
11027 49968
11028 49952
11029 58144
11030 54049
11031 51000
11032 54065
11033 62241
11034 49976
11035 53793
11036 49968
11037 17176
11038 59233
11039 57193
11040 20265
11041 17185
11042 54048
11043 53604
11044 56681
11045 59233
11046 27169
11047 17184
11048 52001
11049 54048
11050 52016
11051 25353
11052 55072
11053 58145
11054 54057
11055 63265
11056 27432
11057 55072
11058 25352
11059 49944
11060 49944
11061 58144
11062 27393
11063 19233
11064 25445
11065 18273
11066 27425
11067 49953
11068 58145
11069 52008
11070 19233
11071 25376
11072 19297
11073 58144
11074 54040
11075 54049
11076 49944
11077 49952
11078 25376
11079 52000
11080 58144
11081 28161
11082 19224
11083 58144
11084 52001
11085 27424
11086 54049
11087 50533
11088 62241
11089 27393
11090 49929
11091 19233
11092 59177
11093 58145
11094 27424
11095 49960
11096 17185
11097 53545
11098 19232
11099 51000
11100 19224
11101 49952
11102 62304
11103 3881
11104 27457
11105 51969
11106 28449
11107 53601
11108 25377
11109 53536
11110 19233
11111 51969
11112 52000
11113 27400
11114 18945
11115 62240
11116 54049
11117 55072
11118 17184
11119 55072
11120 49960
11121 60192
11122 28424
11123 54072
11124 18945
11125 19232
11126 17256
11127 25377
11128 63329
11129 63328
11130 61225
11131 56096
11132 57129
11133 27400
11134 17185
11135 49921
11136 27425
11137 27169
11138 55073
11139 55825
11140 25377
11141 28449
11142 55073
11143 53025
11144 64289
11145 58144
11146 53793
11147 53604
11148 54040
11149 49952
11150 58145
11151 19216
11152 49953
11153 19232
11154 17185
11155 54057
11156 53793
11157 56097
11158 61224
11159 56065
11160 50533
11161 18209
11162 53793
11163 17184
11164 56104
11165 27432
11166 49960
11167 58144
11168 49952
11169 25352
11170 53809
11171 49968
11172 54040
11173 49944
11174 27393
11175 53793
11176 52009
11177 19232
11178 58144
11179 19201
11180 63272
11181 25496
11182 51969
11183 25472
11184 27489
11185 25345
11186 49953
11187 49960
11188 49952
11189 27392
11190 19272
11191 62249
11192 2848
11193 19208
11194 58144
11195 25377
11196 25345
11197 25368
11198 49953
11199 19224
11200 52016
11201 52008
11202 49944
11203 27137
11204 792
11205 55081
11206 57121
11207 19232
11208 19225
11209 53605
11210 50984
11211 64289
11212 54057
11213 28448
11214 25384
11215 19224
11216 56673
11217 52008
11218 58145
11219 19241
11220 50533
11221 55137
11222 53604
11223 56609
11224 55073
11225 54056
11226 17185
11227 58144
11228 49952
11229 19233
11230 27152
11231 50533
11232 60193
11233 53793
11234 52001
11235 54040
11236 19200
11237 49961
11238 56104
11239 56096
11240 19232
11241 27424
11242 25360
11243 54049
11244 26145
11245 27488
11246 49960
11247 54049
11248 49509
11249 26401
11250 17185
11251 25345
11252 25352
11253 58152
11254 58144
11255 25488
11256 20256
11257 27553
11258 25376
11259 54049
11260 61217
11261 51969
11262 58216
11263 25496
11264 62241
11265 25496
11266 19201
11267 19200
11268 56120
11269 57121
11270 52000
11271 49952
11272 27424
11273 19200
11274 19224
11275 49928
11276 27425
11277 58144
11278 62240
11279 54016
11280 56105
11281 49952
11282 57185
11283 27416
11284 25345
11285 58113
11286 52008
11287 62305
11288 50976
11289 54625
11290 62240
11291 19201
11292 27409
11293 27392
11294 27432
11295 26401
11296 26401
11297 54561
11298 50533
11299 27528
11300 64288
11301 54048
11302 53024
11303 62248
11304 49509
11305 62241
11306 26145
11307 27400
11308 49953
11309 62241
11310 27401
11311 27424
11312 25360
11313 49509
11314 28449
11315 62304
11316 19224
11317 51744
11318 50533
11319 17185
11320 54049
11321 19232
11322 2849
11323 27392
11324 49952
11325 25496
11326 62817
11327 17208
11328 25496
11329 55144
11330 54057
11331 50533
11332 54048
11333 25496
11334 25344
11335 49961
11336 55073
11337 60192
11338 17256
11339 25344
11340 58121
11341 25384
11342 18217
11343 59169
11344 19208
11345 17184
11346 17176
11347 49952
11348 63272
11349 49968
11350 49952
11351 55073
11352 58113
11353 64289
11354 49968
11355 27457
11356 28513
11357 54561
11358 25360
11359 49952
11360 17192
11361 55649
11362 58144
11363 49976
11364 17152
11365 60200
11366 49953
11367 63265
11368 54629
11369 27432
11370 49953
11371 59168
11372 62241
11373 57121
11374 54112
11375 55072
11376 56681
11377 62241
11378 50992
11379 53025
11380 55073
11381 58120
11382 11040
11383 49944
11384 56681
11385 58208
11386 63265
11387 49961
11388 56617
11389 56073
11390 27424
11391 63329
11392 27400
11393 60193
11394 25496
11395 49952
11396 62208
11397 62240
11398 49961
11399 18945
11400 54048
11401 50984
11402 58144
11403 54049
11404 51992
11405 58144
11406 56681
11407 49509
11408 28457
11409 56881
11410 27153
11411 21281
11412 17152
11413 51968
11414 6945
11415 50977
11416 53793
11417 19089
11418 62240
11419 25496
11420 27520
11421 54056
11422 62241
11423 49976
11424 27425
11425 52001
11426 53808
11427 53808
11428 56104
11429 49944
11430 60192
11431 29472
11432 60161
11433 52001
11434 58145
11435 54052
11436 27520
11437 25488
11438 50533
11439 18273
11440 49928
11441 50533
11442 59169
11443 53793
11444 25360
11445 58145
11446 58144
11447 17152
11448 49505
11449 52008
11450 17193
11451 51000
11452 58208
11453 17153
11454 52001
11455 17256
11456 54048
11457 60160
11458 53537
11459 49952
11460 57697
11461 55073
11462 2840
11463 17184
11464 49944
11465 27496
11466 25441
11467 62241
11468 27544
11469 27528
11470 27400
11471 50992
11472 49952
11473 27416
11474 63265
11475 54040
11476 28513
11477 54625
11478 57129
11479 18945
11480 27152
11481 25376
11482 19241
11483 49953
11484 56681
11485 27464
11486 25345
11487 19232
11488 49953
11489 54048
11490 58145
11491 60193
11492 27169
11493 17189
11494 28193
11495 54064
11496 55096
11497 55080
11498 50533
11499 27528
11500 58112
11501 19233
11502 17184
11503 25376
11504 58145
11505 27400
11506 27528
11507 19208
11508 25344
11509 17152
11510 54072
11511 56096
11512 19216
11513 58144
11514 25496
11515 25488
11516 19297
11517 59168
11518 49944
11519 55073
11520 58168
11521 17185
11522 50533
11523 59137
11524 55081
11525 27400
11526 25345
11527 53793
11528 63265
11529 54048
11530 54048
11531 65312
11532 27424
11533 52025
11534 49953
11535 58144
11536 54049
11537 59169
11538 27425
11539 13089
11540 27424
11541 56096
11542 25440
11543 58145
11544 19209
11545 50992
11546 28417
11547 53809
11548 55137
11549 19233
11550 56097
11551 26409
11552 19241
11553 58144
11554 57097
11555 27400
11556 51000
11557 18209
11558 52009
11559 14113
11560 19201
11561 62241
11562 19232
11563 49944
11564 18945
11565 25344
11566 26401
11567 50992
11568 17184
11569 54113
11570 49960
11571 56681
11572 55073
11573 54049
11574 19224
11575 63264
11576 64353
11577 17184
11578 19208
11579 54040
11580 19216
11581 19208
11582 17152
11583 62241
11584 27400
11585 27528
11586 17160
11587 27416
11588 25504
11589 49960
11590 54016
11591 54048
11592 28457
11593 17184
11594 17185
11595 28449
11596 25496
11597 52001
11598 49961
11599 56064
11600 25376
11601 27520
11602 19201
11603 54048
11604 2856
11605 60256
11606 59169
11607 25344
11608 52000
11609 61793
11610 19200
11611 19232
11612 60192
11613 25496
11614 49953
11615 27424
11616 23336
11617 54048
11618 60192
11619 19208
11620 49952
11621 27425
11622 53605
11623 55649
11624 58272
11625 56097
11626 54049
11627 27400
11628 19208
11629 64289
11630 53025
11631 27424
11632 58120
11633 49953
11634 49952
11635 52001
11636 54048
11637 27528
11638 2857
11639 56681
11640 25376
11641 49953
11642 49509
11643 49953
11644 57121
11645 27488
11646 56080
11647 49944
11648 54064
11649 15905
11650 62240
11651 53605
11652 17184
11653 54049
11654 54049
11655 17168
11656 57701
11657 57129
11658 31521
11659 50533
11660 55136
11661 19201
11662 50017
11663 19240
11664 27425
11665 50017
11666 28513
11667 49953
11668 17185
11669 23336
11670 62240
11671 50992
11672 54072
11673 54629
11674 54064
11675 60193
11676 19240
11677 27425
11678 58145
11679 26408
11680 60192
11681 62208
11682 52000
11683 50533
11684 50533
11685 29472
11686 17153
11687 19201
11688 25480
11689 62305
11690 25504
11691 55073
11692 54040
11693 59232
11694 58153
11695 25480
11696 58152
11697 57185
11698 17176
11699 55073
11700 17169
11701 50533
11702 50533
11703 49952
11704 25496
11705 25480
11706 25496
11707 27433
11708 54048
11709 2817
11710 25488
11711 49961
11712 23337
11713 50533
11714 25345
11715 19233
11716 53604
11717 49960
11718 49953
11719 62305
11720 49952
11721 27425
11722 53536
11723 27153
11724 27400
11725 58272
11726 52000
11727 57696
11728 56681
11729 25441
11730 49969
11731 49509
11732 19232
11733 49976
11734 54048
11735 28449
11736 27424
11737 60160
11738 59177
11739 19233
11740 8993
11741 49957
11742 53776
11743 54049
11744 19209
11745 28449
11746 27528
11747 55080
11748 56097
11749 50533
11750 17177
11751 54040
11752 17185
11753 54040
11754 27416
11755 62240
11756 27400
11757 19232
11758 49944
11759 27424
11760 54049
11761 27425
11762 54048
11763 19201
11764 58144
11765 17189
11766 50533
11767 23328
11768 19217
11769 25488
11770 52009
11771 23337
11772 28521
11773 54056
11774 25488
11775 52000
11776 60161
11777 63272
11778 18945
11779 51744
11780 49953
11781 25344
11782 17185
11783 62240
11784 50533
11785 54056
11786 17160
11787 53541
11788 27528
11789 27400
11790 54040
11791 25441
11792 54629
11793 25377
11794 51992
11795 49952
11796 63264
11797 25445
11798 58113
11799 49944
11800 27464
11801 27425
11802 51553
11803 19217
11804 50533
11805 49944
11806 56681
11807 25344
11808 59168
11809 27489
11810 25376
11811 55073
11812 27432
11813 25360
11814 27553
11815 54049
11816 53544
11817 25376
11818 52001
11819 54072
11820 49929
11821 27464
11822 25377
11823 25448
11824 59233
11825 64352
11826 49960
11827 54065
11828 27424
11829 62312
11830 19209
11831 54056
11832 54016
11833 19208
11834 60192
11835 17208
11836 25376
11837 58721
11838 55073
11839 62241
11840 55073
11841 27425
11842 49944
11843 52008
11844 62304
11845 19224
11846 56681
11847 25352
11848 27400
11849 19208
11850 55081
11851 56097
11852 55841
11853 27464
11854 10785
11855 63264
11856 19216
11857 25376
11858 56617
11859 19216
11860 57193
11861 27489
11862 60161
11863 49976
11864 25408
11865 25488
11866 26401
11867 25496
11868 25376
11869 27425
11870 19241
11871 19233
11872 25384
11873 49953
11874 49961
11875 57193
11876 49961
11877 55072
11878 19233
11879 25377
11880 21281
11881 27456
11882 58144
11883 6944
11884 53605
11885 56105
11886 49952
11887 55073
11888 49953
11889 11040
11890 59233
11891 27528
11892 57697
11893 60193
11894 56097
11895 56072
11896 27488
11897 54072
11898 58145
11899 19201
11900 19233
11901 54040
11902 58153
11903 54049
11904 25376
11905 25360
11906 52000
11907 52001
11908 19232
11909 53792
11910 59169
11911 20257
11912 58216
11913 62248
11914 17152
11915 58152
11916 20257
11917 56097
11918 50533
11919 25440
11920 51968
11921 54629
11922 54048
11923 25376
11924 50984
11925 28448
11926 54056
11927 19233
11928 53544
11929 49952
11930 25496
11931 25352
11932 54048
11933 56080
11934 64288
11935 25345
11936 53025
11937 52072
11938 52000
11939 54056
11940 59168
11941 18961
11942 19209
11943 49952
11944 49953
11945 53024
11946 60193
11947 51000
11948 52009
11949 58144
11950 51992
11951 27392
11952 56096
11953 17185
11954 49960
11955 49976
11956 53605
11957 25376
11958 62241
11959 60193
11960 64353
11961 58144
11962 60192
11963 58145
11964 56065
11965 53793
11966 27497
11967 19200
11968 54048
11969 49953
11970 55077
11971 58145
11972 27392
11973 25360
11974 27393
11975 58145
11976 26400
11977 58144
11978 55840
11979 60160
11980 49952
11981 49952
11982 60168
11983 26409
11984 25376
11985 25377
11986 19201
11987 49953
11988 49921
11989 52000
11990 25353
11991 27425
11992 52025
11993 25376
11994 19233
11995 54056
11996 25496
11997 49952
11998 53793
11999 49953
12000 25496
12001 19201
12002 27424
12003 56065
12004 25377
12005 60193
12006 25377
12007 27393
12008 54056
12009 49953
12010 27392
12011 28457
12012 19201
12013 59176
12014 27393
12015 25376
12016 55080
12017 25368
12018 55073
12019 62305
12020 54048
12021 63265
12022 50976
12023 6689
12024 54048
12025 27424
12026 17176
12027 60200
12028 58153
12029 51041
12030 58152
12031 25488
12032 51968
12033 58145
12034 27424
12035 25496
12036 25496
12037 25376
12038 25376
12039 59177
12040 52008
12041 17168
12042 26401
12043 17184
12044 25385
12045 55072
12046 27400
12047 64033
12048 49968
12049 65312
12050 19224
12051 58144
12052 55072
12053 58144
12054 25504
12055 49952
12056 51968
12057 62312
12058 58152
12059 25368
12060 54016
12061 17176
12062 49961
12063 60160
12064 27433
12065 27433
12066 62240
12067 19224
12068 54049
12069 62241
12070 18961
12071 56617
12072 52008
12073 55073
12074 64289
12075 27416
12076 53793
12077 51000
12078 17176
12079 52001
12080 56681
12081 64289
12082 19233
12083 19209
12084 58145
12085 54048
12086 62248
12087 60192
12088 54049
12089 49953
12090 13089
12091 54057
12092 54048
12093 54040
12094 49944
12095 49961
12096 25360
12097 25376
12098 49969
12099 49944
12100 26400
12101 19208
12102 25440
12103 25344
12104 25472
12105 54072
12106 27424
12107 53793
12108 6945
12109 17192
12110 49953
12111 53024
12112 26368
12113 25440
12114 25488
12115 51968
12116 25345
12117 62240
12118 27425
12119 10769
12120 58144
12121 25344
12122 19201
12123 62248
12124 54048
12125 54049
12126 28417
12127 17192
12128 26408
12129 28449
12130 28449
12131 56609
12132 21288
12133 65312
12134 51552
12135 49952
12136 56096
12137 54049
12138 49944
12139 53813
12140 54817
12141 23336
12142 49936
12143 52008
12144 18945
12145 17200
12146 28456
12147 17152
12148 54056
12149 62208
12150 62305
12151 25496
12152 60193
12153 49960
12154 61797
12155 52016
12156 49952
12157 62241
12158 56096
12159 27528
12160 25377
12161 49953
12162 25368
12163 19201
12164 25376
12165 49976
12166 19208
12167 49953
12168 28457
12169 27425
12170 19208
12171 64353
12172 59233
12173 27464
12174 25376
12175 27425
12176 18945
12177 62248
12178 49952
12179 57121
12180 52000
12181 19200
12182 59232
12183 17152
12184 57697
12185 58216
12186 27401
12187 62248
12188 49969
12189 27136
12190 49953
12191 27528
12192 19233
12193 59169
12194 27153
12195 20257
12196 49944
12197 58145
12198 56097
12199 27496
12200 27432
12201 56064
12202 60193
12203 54048
12204 49952
12205 17176
12206 60192
12207 25345
12208 49960
12209 25352
12210 25377
12211 25376
12212 49952
12213 58113
12214 54072
12215 19233
12216 55081
12217 49929
12218 59177
12219 57121
12220 27400
12221 50533
12222 54072
12223 58144
12224 49952
12225 27392
12226 10785
12227 27393
12228 19233
12229 19201
12230 54049
12231 58136
12232 27425
12233 27288
12234 27392
12235 49944
12236 59168
12237 17184
12238 51969
12239 56105
12240 55841
12241 25376
12242 25496
12243 58144
12244 27392
12245 19232
12246 54113
12247 54048
12248 26401
12249 19232
12250 58152
12251 58209
12252 53809
12253 25377
12254 49953
12255 49952
12256 55857
12257 17249
12258 50533
12259 25384
12260 25376
12261 54048
12262 27392
12263 49953
12264 49952
12265 56681
12266 17168
12267 54064
12268 16161
12269 58153
12270 55080
12271 49953
12272 56097
12273 58144
12274 27425
12275 58144
12276 49953
12277 27425
12278 49961
12279 25345
12280 54056
12281 62249
12282 37688
12283 50533
12284 52024
12285 49953
12286 49944
12287 19224
12288 58216
12289 49952
12290 62248
12291 58208
12292 27400
12293 63329
12294 27393
12295 61793
12296 58112
12297 49928
12298 25512
12299 25376
12300 28449
12301 54625
12302 49952
12303 49961
12304 10017
12305 49936
12306 27424
12307 59169
12308 49968
12309 19232
12310 27153
12311 27392
12312 18208
12313 19232
12314 57121
12315 49960
12316 58153
12317 25376
12318 54049
12319 19232
12320 58144
12321 62240
12322 19200
12323 64289
12324 27392
12325 49961
12326 58144
12327 54049
12328 49952
12329 54072
12330 52000
12331 49944
12332 58145
12333 49952
12334 26401
12335 59168
12336 59168
12337 25376
12338 53284
12339 27288
12340 54048
12341 17189
12342 52000
12343 54040
12344 55073
12345 27432
12346 53604
12347 49508
12348 19224
12349 49953
12350 52001
12351 25496
12352 54049
12353 63328
12354 59169
12355 58145
12356 25377
12357 58145
12358 58209
12359 27392
12360 49921
12361 58152
12362 60321
12363 19200
12364 55081
12365 17184
12366 49961
12367 49952
12368 58152
12369 54049
12370 49953
12371 19089
12372 54016
12373 56865
12374 54049
12375 15905
12376 49960
12377 53024
12378 25377
12379 25377
12380 49937
12381 27424
12382 19208
12383 58121
12384 57697
12385 17184
12386 49952
12387 49961
12388 25488
12389 57121
12390 27425
12391 52001
12392 49953
12393 27425
12394 27393
12395 50533
12396 59168
12397 49952
12398 50016
12399 27424
12400 57129
12401 60192
12402 52000
12403 25440
12404 61216
12405 17177
12406 62305
12407 54056
12408 49953
12409 61216
12410 56097
12411 19240
12412 58145
12413 19233
12414 27424
12415 64353
12416 49968
12417 27464
12418 55096
12419 17184
12420 55809
12421 51977
12422 28448
12423 19232
12424 49953
12425 25352
12426 58144
12427 58144
12428 54056
12429 49509
12430 60264
12431 25377
12432 56096
12433 58145
12434 58144
12435 25416
12436 25345
12437 19232
12438 17185
12439 54049
12440 49952
12441 52001
12442 55072
12443 56105
12444 49961
12445 25377
12446 57129
12447 11041
12448 19336
12449 60192
12450 58120
12451 61985
12452 27280
12453 27464
12454 57129
12455 17189
12456 19233
12457 57121
12458 25377
12459 25496
12460 55953
12461 25512
12462 62240
12463 17256
12464 17160
12465 58145
12466 49944
12467 54072
12468 27281
12469 49952
12470 17152
12471 27280
12472 17185
12473 56097
12474 19232
12475 54056
12476 19232
12477 54049
12478 58145
12479 19240
12480 25376
12481 54048
12482 17184
12483 27544
12484 17185
12485 58145
12486 58145
12487 19216
12488 59233
12489 58144
12490 55073
12491 59177
12492 17152
12493 63264
12494 54048
12495 23185
12496 58725
12497 52000
12498 27393
12499 19200
12500 19233
12501 58144
12502 25376
12503 27169
12504 51041
12505 49944
12506 27400
12507 25496
12508 54048
12509 25345
12510 55080
12511 25488
12512 27424
12513 55072
12514 54049
12515 25384
12516 61217
12517 27424
12518 52000
12519 50977
12520 49960
12521 25496
12522 27424
12523 63264
12524 56681
12525 58209
12526 51552
12527 49952
12528 53601
12529 17256
12530 61280
12531 54057
12532 54629
12533 27424
12534 25376
12535 27400
12536 62240
12537 17185
12538 60321
12539 53600
12540 25376
12541 25377
12542 63264
12543 53089
12544 31521
12545 18209
12546 52000
12547 49953
12548 17176
12549 25384
12550 59168
12551 25480
12552 56097
12553 51992
12554 17176
12555 2817
12556 19209
12557 54057
12558 19233
12559 58113
12560 58152
12561 44385
12562 49952
12563 27425
12564 62240
12565 27425
12566 58144
12567 19200
12568 58128
12569 51985
12570 49952
12571 54057
12572 54049
12573 58145
12574 53025
12575 25377
12576 23185
12577 56105
12578 56080
12579 58145
12580 10769
12581 58145
12582 62312
12583 55856
12584 49953
12585 58152
12586 62241
12587 25376
12588 63272
12589 54072
12590 49952
12591 53033
12592 6949
12593 27425
12594 62352
12595 25376
12596 25376
12597 27280
12598 25377
12599 54048
12600 56072
12601 56072
12602 25496
12603 28521
12604 49952
12605 27392
12606 58144
12607 25376
12608 19224
12609 58145
12610 58144
12611 19201
12612 27400
12613 19089
12614 63392
12615 57121
12616 19240
12617 27489
12618 53776
12619 25345
12620 49944
12621 17185
12622 10017
12623 55072
12624 58144
12625 27424
12626 54049
12627 58113
12628 25344
12629 49960
12630 27408
12631 54048
12632 25344
12633 49953
12634 27393
12635 49960
12636 28449
12637 54056
12638 49953
12639 49952
12640 49936
12641 56064
12642 60321
12643 52000
12644 54049
12645 56096
12646 25441
12647 57129
12648 25376
12649 58152
12650 55088
12651 57129
12652 19208
12653 25376
12654 53605
12655 58145
12656 27520
12657 58152
12658 2848
12659 25408
12660 17184
12661 25344
12662 58144
12663 58153
12664 49944
12665 56681
12666 57120
12667 26145
12668 19240
12669 17200
12670 27521
12671 17184
12672 25377
12673 54049
12674 19241
12675 19232
12676 19208
12677 55809
12678 61797
12679 27400
12680 18960
12681 62305
12682 27528
12683 58209
12684 59168
12685 52008
12686 54049
12687 58113
12688 53025
12689 58144
12690 54049
12691 19232
12692 61217
12693 58145
12694 55072
12695 27280
12696 6949
12697 54817
12698 50533
12699 27425
12700 25377
12701 6689
12702 19240
12703 25377
12704 26401
12705 59168
12706 62240
12707 50529
12708 25376
12709 25440
12710 17189
12711 2840
12712 49953
12713 25376
12714 25384
12715 49952
12716 28456
12717 58208
12718 49952
12719 54048
12720 27425
12721 25480
12722 19201
12723 19232
12724 27425
12725 49953
12726 18216
12727 54057
12728 54833
12729 58216
12730 61217
12731 52000
12732 58152
12733 25377
12734 56097
12735 49961
12736 25480
12737 47021
12738 6693
12739 58144
12740 58144
12741 19201
12742 28448
12743 50533
12744 25360
12745 63273
12746 54048
12747 58144
12748 58120
12749 50533
12750 25360
12751 59169
12752 58152
12753 51992
12754 54056
12755 25376
12756 25376
12757 19233
12758 54048
12759 27488
12760 53793
12761 31521
12762 49509
12763 25448
12764 19233
12765 25381
12766 54053
12767 54048
12768 54057
12769 27425
12770 27425
12771 25376
12772 58145
12773 19233
12774 49952
12775 54048
12776 17208
12777 58112
12778 60169
12779 11040
12780 57697
12781 17184
12782 59168
12783 19233
12784 27400
12785 63265
12786 25376
12787 27400
12788 58145
12789 58145
12790 19233
12791 25377
12792 50017
12793 52009
12794 25377
12795 62240
12796 19233
12797 54040
12798 51000
12799 27496
12800 27488
12801 49952
12802 25376
12803 62248
12804 27425
12805 57121
12806 54065
12807 50984
12808 22305
12809 51968
12810 27400
12811 61793
12812 27425
12813 51976
12814 25352
12815 21281
12816 54064
12817 52008
12818 54057
12819 2848
12820 60161
12821 54056
12822 49920
12823 23185
12824 49953
12825 62240
12826 53600
12827 58725
12828 54625
12829 59233
12830 56097
12831 49952
12832 52009
12833 58144
12834 19201
12835 27425
12836 51976
12837 54024
12838 49953
12839 19233
12840 25440
12841 56097
12842 50976
12843 17185
12844 49952
12845 25377
12846 19240
12847 27425
12848 60193
12849 17176
12850 58144
12851 54040
12852 25377
12853 25352
12854 58152
12855 17184
12856 19241
12857 27281
12858 54056
12859 64257
12860 56105
12861 2817
12862 54048
12863 54048
12864 52009
12865 19208
12866 25376
12867 27392
12868 27393
12869 50533
12870 27544
12871 27137
12872 58113
12873 23336
12874 49928
12875 25496
12876 39713
12877 54072
12878 49960
12879 58208
12880 2849
12881 19232
12882 62305
12883 28512
12884 50977
12885 27424
12886 27153
12887 60192
12888 54048
12889 25408
12890 25345
12891 54040
12892 58217
12893 17185
12894 19208
12895 52024
12896 17192
12897 14881
12898 58144
12899 49952
12900 56096
12901 17184
12902 18945
12903 52016
12904 19216
12905 19248
12906 27553
12907 17185
12908 54056
12909 27425
12910 62304
12911 27432
12912 62304
12913 55072
12914 27400
12915 17189
12916 19241
12917 53793
12918 17189
12919 49920
12920 28449
12921 56104
12922 58136
12923 25377
12924 52001
12925 54049
12926 49921
12927 25377
12928 17193
12929 21281
12930 19241
12931 59233
12932 64352
12933 55073
12934 19201
12935 19232
12936 51968
12937 25352
12938 50016
12939 26465
12940 52000
12941 58144
12942 19200
12943 27528
12944 56096
12945 25472
12946 27392
12947 57129
12948 19233
12949 19209
12950 57129
12951 52000
12952 52072
12953 49953
12954 27392
12955 50533
12956 61797
12957 60320
12958 27400
12959 62097
12960 27464
12961 54048
12962 17193
12963 55081
12964 61797
12965 63264
12966 50533
12967 58152
12968 58144
12969 55081
12970 25377
12971 49952
12972 49952
12973 56681
12974 58152
12975 17185
12976 27425
12977 49952
12978 62240
12979 50977
12980 50016
12981 47021
12982 63265
12983 54049
12984 62240
12985 49952
12986 58144
12987 17185
12988 19232
12989 55953
12990 49960
12991 58144
12992 52000
12993 58113
12994 50533
12995 27264
12996 61797
12997 49952
12998 27528
12999 27288
13000 27400
13001 58208
13002 58112
13003 17152
13004 52120
13005 54056
13006 19232
13007 19225
13008 25377
13009 19232
13010 58144
13011 17184
13012 52001
13013 27424
13014 49505
13015 58208
13016 58145
13017 49509
13018 49953
13019 55953
13020 65321
13021 54056
13022 25441
13023 52001
13024 17153
13025 25376
13026 52000
13027 58144
13028 60193
13029 49953
13030 49504
13031 58145
13032 59137
13033 60192
13034 49920
13035 55072
13036 19201
13037 50072
13038 54056
13039 57696
13040 57185
13041 49952
13042 19208
13043 23336
13044 27488
13045 49952
13046 61985
13047 28193
13048 54057
13049 49960
13050 31521
13051 25449
13052 54048
13053 54040
13054 49953
13055 53025
13056 27489
13057 26145
13058 19201
13059 58121
13060 27393
13061 49952
13062 25352
13063 27424
13064 61225
13065 61225
13066 49944
13067 25440
13068 27425
13069 52009
13070 58216
13071 58144
13072 25381
13073 49953
13074 49952
13075 54048
13076 58145
13077 27425
13078 27425
13079 60193
13080 28513
13081 58144
13082 27393
13083 58721
13084 25344
13085 17184
13086 49952
13087 49953
13088 49920
13089 49952
13090 54072
13091 60193
13092 53604
13093 58145
13094 25376
13095 58145
13096 17176
13097 58145
13098 59169
13099 54056
13100 62240
13101 58208
13102 56097
13103 27393
13104 25377
13105 25376
13106 51969
13107 49961
13108 19088
13109 53536
13110 58152
13111 59241
13112 19200
13113 58145
13114 54048
13115 54073
13116 49921
13117 59168
13118 52001
13119 62241
13120 58145
13121 54056
13122 17185
13123 54040
13124 58145
13125 25376
13126 25496
13127 56097
13128 17185
13129 25496
13130 62817
13131 57697
13132 19233
13133 60264
13134 28448
13135 25345
13136 49944
13137 49952
13138 54048
13139 17184
13140 51968
13141 17192
13142 25496
13143 17176
13144 52000
13145 17161
13146 25376
13147 58209
13148 60192
13149 51969
13150 50533
13151 56105
13152 62240
13153 53808
13154 54040
13155 54064
13156 49960
13157 55080
13158 19233
13159 19201
13160 49953
13161 62241
13162 19232
13163 49953
13164 58144
13165 54049
13166 62240
13167 62817
13168 26408
13169 19241
13170 55857
13171 53536
13172 60160
13173 62241
13174 25384
13175 57121
13176 60193
13177 27400
13178 59169
13179 27400
13180 49945
13181 27416
13182 62312
13183 19208
13184 19200
13185 25377
13186 49505
13187 56097
13188 6945
13189 50977
13190 27137
13191 56097
13192 19233
13193 25368
13194 19232
13195 28424
13196 52001
13197 58145
13198 27400
13199 19200
13200 25376
13201 61797
13202 60193
13203 25344
13204 56097
13205 58144
13206 27424
13207 59168
13208 19224
13209 19232
13210 58144
13211 25384
13212 19224
13213 2593
13214 17192
13215 58208
13216 27265
13217 17184
13218 27280
13219 53540
13220 25377
13221 27544
13222 19240
13223 27392
13224 58112
13225 17185
13226 50533
13227 11809
13228 62240
13229 54048
13230 55857
13231 25360
13232 52000
13233 54049
13234 59233
13235 27425
13236 28177
13237 53033
13238 26401
13239 19233
13240 56097
13241 27392
13242 52000
13243 63264
13244 63329
13245 58145
13246 54024
13247 19232
13248 49953
13249 53793
13250 56097
13251 58144
13252 54056
13253 19201
13254 19233
13255 49952
13256 27288
13257 61797
13258 25384
13259 6945
13260 49960
13261 54048
13262 19200
13263 27424
13264 27464
13265 52001
13266 58144
13267 19089
13268 53605
13269 27400
13270 25488
13271 55097
13272 55137
13273 25480
13274 49952
13275 56097
13276 56097
13277 27553
13278 58112
13279 25352
13280 54056
13281 54056
13282 52000
13283 54048
13284 19225
13285 19241
13286 49953
13287 27392
13288 61185
13289 56096
13290 58144
13291 52001
13292 19240
13293 19233
13294 52001
13295 19224
13296 49953
13297 50976
13298 17153
13299 51000
13300 19208
13301 27265
13302 56160
13303 37688
13304 55137
13305 60169
13306 27153
13307 58112
13308 27432
13309 19248
13310 54049
13311 54057
13312 57129
13313 49952
13314 53601
13315 27528
13316 52001
13317 49960
13318 49953
13319 27425
13320 27400
13321 60192
13322 59168
13323 60192
13324 63392
13325 59232
13326 49952
13327 25416
13328 26400
13329 60192
13330 28449
13331 55073
13332 54072
13333 53033
13334 62312
13335 64288
13336 56096
13337 53792
13338 17208
13339 27424
13340 57129
13341 52065
13342 25488
13343 25496
13344 53604
13345 55072
13346 19200
13347 27153
13348 27544
13349 52000
13350 52000
13351 58152
13352 56064
13353 19233
13354 49961
13355 49953
13356 25344
13357 49952
13358 61217
13359 62241
13360 49968
13361 50533
13362 58152
13363 19201
13364 54057
13365 49952
13366 60192
13367 52008
13368 51968
13369 54048
13370 25376
13371 56104
13372 17192
13373 25345
13374 58209
13375 27136
13376 58128
13377 54049
13378 58208
13379 27457
13380 27392
13381 17184
13382 25352
13383 50976
13384 49960
13385 58144
13386 54048
13387 49961
13388 19232
13389 50533
13390 62240
13391 19200
13392 19232
13393 52001
13394 17256
13395 27425
13396 54016
13397 27521
13398 54048
13399 58144
13400 27424
13401 19208
13402 51968
13403 17185
13404 51984
13405 49952
13406 49921
13407 19208
13408 19232
13409 25504
13410 25480
13411 53605
13412 25496
13413 58144
13414 54112
13415 27400
13416 25496
13417 27552
13418 19201
13419 49944
13420 60160
13421 49953
13422 25377
13423 27400
13424 27392
13425 62312
13426 28449
13427 19208
13428 27392
13429 25344
13430 56105
13431 56104
13432 17153
13433 25352
13434 19209
13435 60192
13436 25377
13437 49953
13438 56097
13439 54049
13440 25376
13441 50533
13442 26368
13443 19233
13444 19240
13445 20257
13446 17185
13447 27424
13448 52008
13449 19233
13450 26464
13451 19232
13452 56097
13453 52001
13454 27488
13455 49953
13456 19224
13457 54073
13458 49953
13459 52000
13460 54049
13461 27393
13462 59177
13463 58272
13464 49953
13465 58152
13466 54032
13467 25353
13468 27393
13469 49953
13470 27544
13471 61217
13472 49953
13473 27400
13474 2840
13475 27528
13476 53001
13477 58208
13478 55073
13479 25376
13480 27464
13481 52001
13482 54072
13483 49976
13484 49953
13485 27400
13486 58721
13487 52000
13488 60160
13489 64353
13490 17153
13491 19240
13492 27488
13493 25377
13494 27281
13495 27496
13496 54064
13497 55073
13498 58144
13499 58264
13500 54112
13501 27528
13502 51992
13503 55073
13504 54048
13505 51969
13506 17184
13507 62240
13508 58144
13509 61797
13510 17168
13511 63265
13512 54048
13513 60192
13514 54048
13515 17153
13516 61797
13517 50533
13518 56104
13519 19088
13520 25496
13521 53777
13522 19241
13523 25368
13524 53605
13525 51992
13526 62304
13527 25504
13528 54057
13529 17176
13530 49953
13531 27424
13532 6945
13533 27432
13534 59169
13535 54048
13536 49944
13537 54040
13538 54048
13539 49952
13540 56096
13541 19233
13542 27400
13543 39713
13544 58145
13545 50533
13546 19240
13547 52000
13548 58152
13549 19233
13550 49953
13551 27280
13552 49509
13553 23185
13554 25440
13555 25344
13556 49952
13557 25376
13558 61224
13559 54049
13560 25376
13561 58152
13562 61797
13563 61796
13564 50533
13565 55953
13566 59168
13567 19225
13568 54040
13569 27424
13570 792
13571 2593
13572 54056
13573 27424
13574 51992
13575 49953
13576 49960
13577 19240
13578 64032
13579 17192
13580 27424
13581 54048
13582 58120
13583 27416
13584 27425
13585 55073
13586 58153
13587 19233
13588 50533
13589 55072
13590 27553
13591 27296
13592 50533
13593 49952
13594 27424
13595 49952
13596 50533
13597 58152
13598 17185
13599 63273
13600 61797
13601 56865
13602 25376
13603 52001
13604 19248
13605 59169
13606 58144
13607 27393
13608 19201
13609 17185
13610 19232
13611 60192
13612 25376
13613 49976
13614 17184
13615 25416
13616 19224
13617 53605
13618 49953
13619 49976
13620 25496
13621 19224
13622 62305
13623 2849
13624 49952
13625 17184
13626 25488
13627 56096
13628 53605
13629 58144
13630 19297
13631 65377
13632 56617
13633 17184
13634 58144
13635 27425
13636 57701
13637 54064
13638 60192
13639 28521
13640 52000
13641 57129
13642 53605
13643 63265
13644 25376
13645 63265
13646 25496
13647 62241
13648 52001
13649 54049
13650 56096
13651 52000
13652 17185
13653 58145
13654 49953
13655 19233
13656 54049
13657 54049
13658 19201
13659 49952
13660 54049
13661 58144
13662 27392
13663 52001
13664 19232
13665 49936
13666 54048
13667 47021
13668 55953
13669 62241
13670 2840
13671 49961
13672 49952
13673 27393
13674 27281
13675 39713
13676 53777
13677 49952
13678 27400
13679 19232
13680 49952
13681 25377
13682 25376
13683 27392
13684 27464
13685 58144
13686 17184
13687 54064
13688 49944
13689 63265
13690 25376
13691 25344
13692 18208
13693 61225
13694 25384
13695 49937
13696 60161
13697 17192
13698 58144
13699 50533
13700 49953
13701 25376
13702 54056
13703 19233
13704 19208
13705 49953
13706 49961
13707 49505
13708 25376
13709 27281
13710 18273
13711 51976
13712 59168
13713 58144
13714 52001
13715 56104
13716 61217
13717 49953
13718 27137
13719 19296
13720 55953
13721 49944
13722 53793
13723 49953
13724 54025
13725 18977
13726 25376
13727 27400
13728 28449
13729 57193
13730 27424
13731 19241
13732 57701
13733 60160
13734 26368
13735 56096
13736 58213
13737 25496
13738 17153
13739 25384
13740 17176
13741 54040
13742 51969
13743 19208
13744 56104
13745 58145
13746 49952
13747 27409
13748 57701
13749 56104
13750 27281
13751 50533
13752 54056
13753 17185
13754 27393
13755 62241
13756 27520
13757 57121
13758 16741
13759 27264
13760 52008
13761 49953
13762 18961
13763 17153
13764 25368
13765 63264
13766 62240
13767 19233
13768 62241
13769 27401
13770 49944
13771 27425
13772 64352
13773 53604
13774 49960
13775 62241
13776 50977
13777 50992
13778 62305
13779 19200
13780 27264
13781 54048
13782 50533
13783 62241
13784 56097
13785 62304
13786 58145
13787 55080
13788 52000
13789 58209
13790 58144
13791 19208
13792 58144
13793 49952
13794 49952
13795 59233
13796 56089
13797 59169
13798 49921
13799 58113
13800 27488
13801 27425
13802 56105
13803 53024
13804 53793
13805 17200
13806 25385
13807 25377
13808 19224
13809 58144
13810 54049
13811 25376
13812 25344
13813 19201
13814 62241
13815 63264
13816 27393
13817 25384
13818 27288
13819 27416
13820 61797
13821 27424
13822 17208
13823 53604
13824 49937
13825 49969
13826 6944
13827 54048
13828 23185
13829 51969
13830 58144
13831 54072
13832 17152
13833 27400
13834 54569
13835 54048
13836 27425
13837 25376
13838 56104
13839 60192
13840 58144
13841 58209
13842 27169
13843 17185
13844 19208
13845 54048
13846 26401
13847 49952
13848 17192
13849 60161
13850 58113
13851 23328
13852 17184
13853 25377
13854 55097
13855 22305
13856 49952
13857 56097
13858 54049
13859 53808
13860 57121
13861 19201
13862 59169
13863 49944
13864 58152
13865 58272
13866 17169
13867 49945
13868 19232
13869 52000
13870 60193
13871 27544
13872 61797
13873 61797
13874 51713
13875 53604
13876 58145
13877 49920
13878 17192
13879 56097
13880 50985
13881 60161
13882 27424
13883 49952
13884 19232
13885 55072
13886 58144
13887 62305
13888 61217
13889 17185
13890 56097
13891 62240
13892 52001
13893 54048
13894 49920
13895 49960
13896 19233
13897 60169
13898 54056
13899 27424
13900 54056
13901 56097
13902 62240
13903 57184
13904 53025
13905 25344
13906 55953
13907 25344
13908 17169
13909 27264
13910 49960
13911 25440
13912 49952
13913 49953
13914 62241
13915 51993
13916 17185
13917 58144
13918 53032
13919 49952
13920 26409
13921 19233
13922 58112
13923 19233
13924 19233
13925 54048
13926 58209
13927 27432
13928 17176
13929 25376
13930 53605
13931 55073
13932 54048
13933 25352
13934 19232
13935 54048
13936 49960
13937 19208
13938 64289
13939 62304
13940 52008
13941 17184
13942 60200
13943 52000
13944 25368
13945 54048
13946 58145
13947 49961
13948 51760
13949 63264
13950 54561
13951 54049
13952 58725
13953 58145
13954 49952
13955 25376
13956 27496
13957 63265
13958 26409
13959 20257
13960 53541
13961 19233
13962 58144
13963 49953
13964 49960
13965 56104
13966 54064
13967 53605
13968 61217
13969 19240
13970 27400
13971 51976
13972 27425
13973 54049
13974 53812
13975 57120
13976 19208
13977 55097
13978 49944
13979 19232
13980 49952
13981 17185
13982 17153
13983 57121
13984 26400
13985 49953
13986 54056
13987 60161
13988 25376
13989 55953
13990 27393
13991 27281
13992 61797
13993 50016
13994 29472
13995 17185
13996 27392
13997 27392
13998 17153
13999 52001
14000 28520
14001 51968
14002 17185
14003 27400
14004 54049
14005 60200
14006 49952
14007 19224
14008 52001
14009 56065
14010 58144
14011 52000
14012 61792
14013 49960
14014 49952
14015 20257
14016 59233
14017 54049
14018 17192
14019 27393
14020 17153
14021 58145
14022 58145
14023 27488
14024 27169
14025 53024
14026 19241
14027 49953
14028 54057
14029 17153
14030 49952
14031 55072
14032 51969
14033 19240
14034 19209
14035 49952
14036 54049
14037 54056
14038 63328
14039 49953
14040 52000
14041 54040
14042 17152
14043 49952
14044 52000
14045 53604
14046 61796
14047 61797
14048 17184
14049 54057
14050 52017
14051 49953
14052 52000
14053 25385
14054 59176
14055 50533
14056 25496
14057 26401
14058 19240
14059 49960
14060 56097
14061 54064
14062 17176
14063 25377
14064 52001
14065 60193
14066 19232
14067 19233
14068 53777
14069 54113
14070 17153
14071 58145
14072 59169
14073 25376
14074 55073
14075 58152
14076 25377
14077 19209
14078 62240
14079 28193
14080 27280
14081 54049
14082 27425
14083 25496
14084 58145
14085 54040
14086 17185
14087 55080
14088 19233
14089 27425
14090 17208
14091 63265
14092 64289
14093 27424
14094 49509
14095 19232
14096 49952
14097 54048
14098 54056
14099 19233
14100 27553
14101 58272
14102 54049
14103 19233
14104 58145
14105 27464
14106 50977
14107 17185
14108 25377
14109 59169
14110 26376
14111 19232
14112 60192
14113 56681
14114 18216
14115 58112
14116 58208
14117 58152
14118 17189
14119 28193
14120 17185
14121 18977
14122 62241
14123 64289
14124 57128
14125 57129
14126 54624
14127 52001
14128 27489
14129 59177
14130 54048
14131 27169
14132 56088
14133 61796
14134 17168
14135 60192
14136 50533
14137 60160
14138 25440
14139 25376
14140 58144
14141 27424
14142 25345
14143 2849
14144 18960
14145 49928
14146 49921
14147 54056
14148 58144
14149 25376
14150 52008
14151 58144
14152 56097
14153 19200
14154 27424
14155 62248
14156 54072
14157 19233
14158 56097
14159 49953
14160 27280
14161 35617
14162 56097
14163 54048
14164 19241
14165 57121
14166 52001
14167 61797
14168 58216
14169 61797
14170 60321
14171 19089
14172 25384
14173 25488
14174 27400
14175 54056
14176 59168
14177 57097
14178 17160
14179 50533
14180 58145
14181 56097
14182 19232
14183 17184
14184 60192
14185 27425
14186 58144
14187 19201
14188 58144
14189 19232
14190 49952
14191 25344
14192 50533
14193 27393
14194 61185
14195 52025
14196 50533
14197 17184
14198 27393
14199 56105
14200 28193
14201 52001
14202 57129
14203 58209
14204 49953
14205 60160
14206 25344
14207 25376
14208 58152
14209 19232
14210 52016
14211 58144
14212 59233
14213 54049
14214 26368
14215 60193
14216 64288
14217 19233
14218 54048
14219 23328
14220 51976
14221 17176
14222 61797
14223 23328
14224 58144
14225 54048
14226 49928
14227 49952
14228 52000
14229 25376
14230 52001
14231 54112
14232 58144
14233 50533
14234 62249
14235 54041
14236 19241
14237 53604
14238 27432
14239 55073
14240 19233
14241 58145
14242 25377
14243 60193
14244 58144
14245 25352
14246 25376
14247 55073
14248 50984
14249 49953
14250 54048
14251 54048
14252 62241
14253 49509
14254 58145
14255 27401
14256 57129
14257 50533
14258 62241
14259 54064
14260 19240
14261 58144
14262 19233
14263 50977
14264 58144
14265 27488
14266 49960
14267 56096
14268 61280
14269 17200
14270 56881
14271 25376
14272 49953
14273 52000
14274 49953
14275 49945
14276 58120
14277 49953
14278 25377
14279 49920
14280 25344
14281 57120
14282 62208
14283 54056
14284 27425
14285 17184
14286 53025
14287 19232
14288 53545
14289 54057
14290 52000
14291 58152
14292 27400
14293 25472
14294 58153
14295 58144
14296 61797
14297 27425
14298 52024
14299 49953
14300 58209
14301 54025
14302 64033
14303 56681
14304 63265
14305 49944
14306 17192
14307 19233
14308 57129
14309 27425
14310 52001
14311 17160
14312 62240
14313 27425
14314 56088
14315 49961
14316 51969
14317 54048
14318 25376
14319 52000
14320 56104
14321 49928
14322 25376
14323 27424
14324 50533
14325 52001
14326 50533
14327 53601
14328 58144
14329 58144
14330 50992
14331 23329
14332 62241
14333 54049
14334 6693
14335 55073
14336 62249
14337 49952
14338 27425
14339 27425
14340 50533
14341 62240
14342 56097
14343 51984
14344 60193
14345 54048
14346 27544
14347 27520
14348 27424
14349 58264
14350 17184
14351 59168
14352 19089
14353 62240
14354 25376
14355 52001
14356 55953
14357 58153
14358 19240
14359 19233
14360 49936
14361 56097
14362 54056
14363 51969
14364 50533
14365 49505
14366 56097
14367 49952
14368 27152
14369 51969
14370 19233
14371 56097
14372 27425
14373 52992
14374 58144
14375 63265
14376 55072
14377 54057
14378 27497
14379 50533
14380 50533
14381 52001
14382 19241
14383 62241
14384 54056
14385 49953
14386 54048
14387 25488
14388 55073
14389 54049
14390 58144
14391 19240
14392 28449
14393 58121
14394 6949
14395 49944
14396 49952
14397 27264
14398 27393
14399 60200
14400 52065
14401 54040
14402 54048
14403 17185
14404 28449
14405 19200
14406 60192
14407 58144
14408 54056
14409 59937
14410 49953
14411 2849
14412 55081
14413 27393
14414 27464
14415 62240
14416 58209
14417 51992
14418 54049
14419 27393
14420 59169
14421 53025
14422 51968
14423 51984
14424 53540
14425 6949
14426 25377
14427 49952
14428 49969
14429 61217
14430 49505
14431 52001
14432 52001
14433 25377
14434 54049
14435 54049
14436 27433
14437 27520
14438 64289
14439 54049
14440 60200
14441 16741
14442 60193
14443 27392
14444 54056
14445 51968
14446 19232
14447 53025
14448 58145
14449 54049
14450 25376
14451 59169
14452 56096
14453 55073
14454 62241
14455 25376
14456 58144
14457 49953
14458 63265
14459 56609
14460 60193
14461 19208
14462 61216
14463 27425
14464 56881
14465 58112
14466 2848
14467 49952
14468 27560
14469 56096
14470 49920
14471 49960
14472 49952
14473 60192
14474 53792
14475 25344
14476 59176
14477 19208
14478 19201
14479 49960
14480 54048
14481 52001
14482 19240
14483 19224
14484 54040
14485 58145
14486 27433
14487 19089
14488 55072
14489 25352
14490 61216
14491 25345
14492 49952
14493 27553
14494 25441
14495 58144
14496 19201
14497 20257
14498 25377
14499 58144
14500 50977
14501 52001
14502 59169
14503 49961
14504 19201
14505 56097
14506 25376
14507 19233
14508 58144
14509 52008
14510 27425
14511 58152
14512 64289
14513 50984
14514 23336
14515 56881
14516 62240
14517 61797
14518 61797
14519 19233
14520 47021
14521 49944
14522 27433
14523 58112
14524 2856
14525 27424
14526 57192
14527 58725
14528 25376
14529 54048
14530 19201
14531 54040
14532 50533
14533 61217
14534 26401
14535 26401
14536 49953
14537 58152
14538 49953
14539 58113
14540 25384
14541 53536
14542 62352
14543 27296
14544 49953
14545 58208
14546 52001
14547 17168
14548 54049
14549 49961
14550 51984
14551 27393
14552 64353
14553 57129
14554 56096
14555 27425
14556 49952
14557 58144
14558 58208
14559 20256
14560 54049
14561 58145
14562 17152
14563 27400
14564 49953
14565 50976
14566 53605
14567 26401
14568 19201
14569 49960
14570 61217
14571 58152
14572 58144
14573 17152
14574 54048
14575 49976
14576 27400
14577 27400
14578 55072
14579 54057
14580 25344
14581 61281
14582 17192
14583 19233
14584 52000
14585 17193
14586 19240
14587 17184
14588 49953
14589 37665
14590 54064
14591 52065
14592 61224
14593 17184
14594 25377
14595 19232
14596 50072
14597 28417
14598 59169
14599 58209
14600 54048
14601 63265
14602 58145
14603 58144
14604 55081
14605 3881
14606 25376
14607 56097
14608 55073
14609 51977
14610 27400
14611 51976
14612 27400
14613 55080
14614 54049
14615 19208
14616 27392
14617 49960
14618 52025
14619 52009
14620 49952
14621 62240
14622 55072
14623 55081
14624 60192
14625 17192
14626 57129
14627 58112
14628 54629
14629 49953
14630 61797
14631 54821
14632 52008
14633 59176
14634 56865
14635 49961
14636 60193
14637 58144
14638 17184
14639 53024
14640 19208
14641 55841
14642 18273
14643 54049
14644 17153
14645 17152
14646 25384
14647 27424
14648 63265
14649 62240
14650 25377
14651 52008
14652 55145
14653 60161
14654 27400
14655 58145
14656 49960
14657 58145
14658 27392
14659 53600
14660 53024
14661 27416
14662 53600
14663 53604
14664 57701
14665 53601
14666 21281
14667 49952
14668 52009
14669 59169
14670 27401
14671 19201
14672 25377
14673 52000
14674 25377
14675 55081
14676 53025
14677 58112
14678 58120
14679 58144
14680 54040
14681 54112
14682 49952
14683 27425
14684 17185
14685 19241
14686 62304
14687 50533
14688 51993
14689 25384
14690 49961
14691 55073
14692 27264
14693 17160
14694 28449
14695 17248
14696 27536
14697 58145
14698 62240
14699 25440
14700 62241
14701 60192
14702 54049
14703 17193
14704 26465
14705 61217
14706 59233
14707 27528
14708 27400
14709 54056
14710 19200
14711 25344
14712 49509
14713 49953
14714 17192
14715 27432
14716 17184
14717 51993
14718 59176
14719 17184
14720 58144
14721 54048
14722 49952
14723 17249
14724 17184
14725 19232
14726 19233
14727 54561
14728 25384
14729 57697
14730 56064
14731 49953
14732 60256
14733 56681
14734 49952
14735 57129
14736 55073
14737 60320
14738 54049
14739 62241
14740 54629
14741 56097
14742 27393
14743 54056
14744 25441
14745 28001
14746 58145
14747 28417
14748 53793
14749 58144
14750 52992
14751 58145
14752 52001
14753 25368
14754 61985
14755 62313
14756 19232
14757 27400
14758 63265
14759 18216
14760 59168
14761 61796
14762 25377
14763 56097
14764 57697
14765 52009
14766 58209
14767 20257
14768 25488
14769 63265
14770 27432
14771 60257
14772 55096
14773 27424
14774 56097
14775 52000
14776 57121
14777 64288
14778 25384
14779 57128
14780 54056
14781 50977
14782 62305
14783 58152
14784 27433
14785 58144
14786 19200
14787 50533
14788 27137
14789 62097
14790 58209
14791 17192
14792 27528
14793 19201
14794 58144
14795 61985
14796 58144
14797 58144
14798 27424
14799 58144
14800 54056
14801 57097
14802 58144
14803 62305
14804 49960
14805 53025
14806 17185
14807 61796
14808 58145
14809 25376
14810 17184
14811 19201
14812 49960
14813 19232
14814 25377
14815 25353
14816 58144
14817 58144
14818 49952
14819 53545
14820 52009
14821 52000
14822 58144
14823 56096
14824 49952
14825 19233
14826 19200
14827 19208
14828 56097
14829 27425
14830 58145
14831 27425
14832 58144
14833 50533
14834 27544
14835 49509
14836 54049
14837 28449
14838 56609
14839 50985
14840 51744
14841 25376
14842 51969
14843 27393
14844 58144
14845 25384
14846 60161
14847 25376
14848 27425
14849 49960
14850 56617
14851 49952
14852 61797
14853 54049
14854 27392
14855 57121
14856 52001
14857 52000
14858 49953
14859 25384
14860 60161
14861 25377
14862 54048
14863 50977
14864 62240
14865 52001
14866 11040
14867 25376
14868 53809
14869 49961
14870 54057
14871 17192
14872 19217
14873 19240
14874 58145
14875 58145
14876 27393
14877 25344
14878 58144
14879 54056
14880 50533
14881 25512
14882 25360
14883 27425
14884 25440
14885 52000
14886 792
14887 51000
14888 55081
14889 29473
14890 55081
14891 53600
14892 56617
14893 25377
14894 49952
14895 62240
14896 21280
14897 49953
14898 58144
14899 54049
14900 59169
14901 27425
14902 19233
14903 54057
14904 49921
14905 54049
14906 49921
14907 58145
14908 49952
14909 27392
14910 27400
14911 52001
14912 56096
14913 17184
14914 55073
14915 49953
14916 63264
14917 17184
14918 56617
14919 27425
14920 49960
14921 25376
14922 54048
14923 19200
14924 49953
14925 19209
14926 2849
14927 23185
14928 17184
14929 27393
14930 51976
14931 63329
14932 6693
14933 58144
14934 25376
14935 52001
14936 27520
14937 56681
14938 19233
14939 60192
14940 49952
14941 61217
14942 27488
14943 49960
14944 53793
14945 25377
14946 27400
14947 58145
14948 49953
14949 25376
14950 17176
14951 19209
14952 49953
14953 27425
14954 6949
14955 58145
14956 55080
14957 19232
14958 22305
14959 58272
14960 49952
14961 19233
14962 59168
14963 27488
14964 54049
14965 62241
14966 58144
14967 27408
14968 23185
14969 49920
14970 25360
14971 50533
14972 58144
14973 52000
14974 25352
14975 49960
14976 50533
14977 26368
14978 63265
14979 25377
14980 54040
14981 19232
14982 54072
14983 25360
14984 49921
14985 52072
14986 27424
14987 54056
14988 54049
14989 19233
14990 60193
14991 19233
14992 19201
14993 60193
14994 52000
14995 17184
14996 55809
14997 56097
14998 56088
14999 25441
15000 49953
15001 60160
15002 17256
15003 55081
15004 52000
15005 60192
15006 55073
15007 54049
15008 25377
15009 51984
15010 27424
15011 59176
15012 49937
15013 59176
15014 25504
15015 59169
15016 49960
15017 49953
15018 52009
15019 19233
15020 58145
15021 17176
15022 60193
15023 25384
15024 49952
15025 54048
15026 18944
15027 25488
15028 49921
15029 60192
15030 25376
15031 57700
15032 17189
15033 19216
15034 54057
15035 19240
15036 64289
15037 52000
15038 51976
15039 51984
15040 62304
15041 57129
15042 17184
15043 29217
15044 50017
15045 58112
15046 27425
15047 26369
15048 54049
15049 53793
15050 19201
15051 54048
15052 54056
15053 17192
15054 57128
15055 51969
15056 27393
15057 28449
15058 25496
15059 55073
15060 19200
15061 64289
15062 62240
15063 57121
15064 63329
15065 58144
15066 27393
15067 49944
15068 62821
15069 27425
15070 27416
15071 58208
15072 49976
15073 27544
15074 28449
15075 52000
15076 55081
15077 27400
15078 25376
15079 19232
15080 27489
15081 19201
15082 52001
15083 58144
15084 49920
15085 51968
15086 60193
15087 19232
15088 51968
15089 27400
15090 54016
15091 27432
15092 52001
15093 22305
15094 58145
15095 25377
15096 51969
15097 27424
15098 57701
15099 27425
15100 51992
15101 55096
15102 17185
15103 17185
15104 17184
15105 25376
15106 19201
15107 60161
15108 56105
15109 49928
15110 25376
15111 27520
15112 53813
15113 17184
15114 49952
15115 49944
15116 59169
15117 62241
15118 27400
15119 25376
15120 27169
15121 49697
15122 56096
15123 60169
15124 63273
15125 58112
15126 28449
15127 52025
15128 58153
15129 27425
15130 58144
15131 54056
15132 49953
15133 27400
15134 60160
15135 55137
15136 25376
15137 25376
15138 25376
15139 49952
15140 55825
15141 51969
15142 49952
15143 58145
15144 19201
15145 19224
15146 58144
15147 27520
15148 56681
15149 52000
15150 19232
15151 27136
15152 54072
15153 53025
15154 59136
15155 63273
15156 19232
15157 17152
15158 19232
15159 26401
15160 52000
15161 19240
15162 49953
15163 58113
15164 27488
15165 17185
15166 56096
15167 19200
15168 57129
15169 49921
15170 49953
15171 2849
15172 52009
15173 56097
15174 19208
15175 25440
15176 39713
15177 60193
15178 19208
15179 62305
15180 54072
15181 54048
15182 49952
15183 56681
15184 52000
15185 17176
15186 54056
15187 49952
15188 57185
15189 55073
15190 56088
15191 25440
15192 54049
15193 56681
15194 25377
15195 58152
15196 56097
15197 54049
15198 19224
15199 25376
15200 19224
15201 58152
15202 27400
15203 17256
15204 25376
15205 57696
15206 51968
15207 52008
15208 55073
15209 58144
15210 25377
15211 25344
15212 60193
15213 49960
15214 17193
15215 54064
15216 56609
15217 27424
15218 25376
15219 27528
15220 35617
15221 56681
15222 56104
15223 25384
15224 65313
15225 63392
15226 54056
15227 50533
15228 20265
15229 27393
15230 54040
15231 60256
15232 58144
15233 49953
15234 17256
15235 25496
15236 50017
15237 49952
15238 27424
15239 27392
15240 60160
15241 62241
15242 26465
15243 49953
15244 58145
15245 17185
15246 54065
15247 27424
15248 27424
15249 27424
15250 53605
15251 60192
15252 61217
15253 49952
15254 19241
15255 54049
15256 52000
15257 17189
15258 17184
15259 17184
15260 27424
15261 52008
15262 54048
15263 58144
15264 19232
15265 55072
15266 51041
15267 26408
15268 16913
15269 19208
15270 50533
15271 58216
15272 27400
15273 27416
15274 50016
15275 58153
15276 17160
15277 53604
15278 60193
15279 17256
15280 56121
15281 49960
15282 49953
15283 17185
15284 54049
15285 58144
15286 49952
15287 52001
15288 27425
15289 25089
15290 27393
15291 49952
15292 25376
15293 49960
15294 64289
15295 62241
15296 17185
15297 25344
15298 62241
15299 58145
15300 54056
15301 19240
15302 49960
15303 64289
15304 17189
15305 37672
15306 17185
15307 17192
15308 62240
15309 63265
15310 49952
15311 27489
15312 56865
15313 19200
15314 19200
15315 54056
15316 18209
15317 27424
15318 11040
15319 54064
15320 54049
15321 27424
15322 19232
15323 17192
15324 19201
15325 50529
15326 54056
15327 28513
15328 27424
15329 61217
15330 54056
15331 58144
15332 53025
15333 63272
15334 49960
15335 58145
15336 52009
15337 56096
15338 52000
15339 27401
15340 49952
15341 49952
15342 63329
15343 49961
15344 61217
15345 49953
15346 21288
15347 55096
15348 27425
15349 19200
15350 3425
15351 25345
15352 55072
15353 54072
15354 19200
15355 19233
15356 26401
15357 63265
15358 62241
15359 27425
15360 49968
15361 49952
15362 60192
15363 25385
15364 54053
15365 58145
15366 20257
15367 51976
15368 50976
15369 58144
15370 59169
15371 60193
15372 25352
15373 25496
15374 53604
15375 58145
15376 52008
15377 17184
15378 52001
15379 51993
15380 50533
15381 17184
15382 27496
15383 49952
15384 62241
15385 49937
15386 54032
15387 27392
15388 49957
15389 19233
15390 52000
15391 11040
15392 49929
15393 27393
15394 50984
15395 17153
15396 52008
15397 50976
15398 58145
15399 56064
15400 27489
15401 49944
15402 53536
15403 61797
15404 56160
15405 62241
15406 19208
15407 60200
15408 49960
15409 27393
15410 58145
15411 27424
15412 52000
15413 58145
15414 17160
15415 60193
15416 49952
15417 27425
15418 62240
15419 61217
15420 27544
15421 53604
15422 60192
15423 53605
15424 49509
15425 19232
15426 62249
15427 58208
15428 59136
15429 25376
15430 25480
15431 59169
15432 19232
15433 17185
15434 59169
15435 51969
15436 17184
15437 49944
15438 62305
15439 6945
15440 62248
15441 27424
15442 20257
15443 27392
15444 63264
15445 49953
15446 27393
15447 54072
15448 58144
15449 55072
15450 53541
15451 54040
15452 19216
15453 54057
15454 60200
15455 54049
15456 54056
15457 53600
15458 17193
15459 57696
15460 49968
15461 58144
15462 56104
15463 58145
15464 27392
15465 17184
15466 20256
15467 25376
15468 58145
15469 54057
15470 58112
15471 64288
15472 52008
15473 27464
15474 49509
15475 28521
15476 11041
15477 56096
15478 19233
15479 27400
15480 49953
15481 62240
15482 59169
15483 27416
15484 20321
15485 56673
15486 52001
15487 52000
15488 27489
15489 52009
15490 54040
15491 61797
15492 58144
15493 25377
15494 53024
15495 28449
15496 25448
15497 17152
15498 61797
15499 17184
15500 55096
15501 62241
15502 27393
15503 53025
15504 49953
15505 52009
15506 62817
15507 54040
15508 16741
15509 56097
15510 49960
15511 25377
15512 17152
15513 17248
15514 25344
15515 25384
15516 49952
15517 50977
15518 19201
15519 54048
15520 49953
15521 25449
15522 54032
15523 27392
15524 51744
15525 58144
15526 29345
15527 27424
15528 52000
15529 19201
15530 60192
15531 54048
15532 55073
15533 59169
15534 56881
15535 62304
15536 56064
15537 27400
15538 58152
15539 53793
15540 25360
15541 19200
15542 25384
15543 17153
15544 57128
15545 27425
15546 19241
15547 20257
15548 58144
15549 58144
15550 54049
15551 58145
15552 58144
15553 2849
15554 58145
15555 58144
15556 64865
15557 27425
15558 49952
15559 49508
15560 27392
15561 19241
15562 19232
15563 58144
15564 49953
15565 49937
15566 53025
15567 25377
15568 49952
15569 49960
15570 25344
15571 49953
15572 58144
15573 49944
15574 51969
15575 58145
15576 54056
15577 25376
15578 49953
15579 19200
15580 58113
15581 27425
15582 54049
15583 58144
15584 54072
15585 53536
15586 27400
15587 54561
15588 25496
15589 26368
15590 49953
15591 58144
15592 60201
15593 49953
15594 58725
15595 22313
15596 21288
15597 59169
15598 27536
15599 61217
15600 49968
15601 60192
15602 52008
15603 58152
15604 64289
15605 62240
15606 54056
15607 60192
15608 19233
15609 58144
15610 58112
15611 18208
15612 49937
15613 25440
15614 49952
15615 17185
15616 58152
15617 19233
15618 49953
15619 19232
15620 58128
15621 58144
15622 52000
15623 49952
15624 19232
15625 25496
15626 25377
15627 62241
15628 53793
15629 37672
15630 51976
15631 17192
15632 17184
15633 25377
15634 27401
15635 19240
15636 27400
15637 17185
15638 27393
15639 27425
15640 60161
15641 58280
15642 49952
15643 19224
15644 19240
15645 54025
15646 62241
15647 58144
15648 62313
15649 49960
15650 25360
15651 54057
15652 64353
15653 51968
15654 56105
15655 54057
15656 49953
15657 54056
15658 62305
15659 25352
15660 53793
15661 27528
15662 49952
15663 27424
15664 25384
15665 51969
15666 25377
15667 49960
15668 65313
15669 17185
15670 19224
15671 54040
15672 27392
15673 58136
15674 25377
15675 56097
15676 54048
15677 52120
15678 25488
15679 49953
15680 19240
15681 56681
15682 52025
15683 49509
15684 19233
15685 59169
15686 49953
15687 49445
15688 49952
15689 22305
15690 25376
15691 53604
15692 27153
15693 25377
15694 28161
15695 25449
15696 25496
15697 28457
15698 61797
15699 62240
15700 51992
15701 62240
15702 19200
15703 49952
15704 26401
15705 49508
15706 54049
15707 58145
15708 19233
15709 60256
15710 51552
15711 17193
15712 19233
15713 17177
15714 49953
15715 25360
15716 49953
15717 49505
15718 58144
15719 60256
15720 53809
15721 54056
15722 58208
15723 61797
15724 25376
15725 52001
15726 58120
15727 53604
15728 27424
15729 50976
15730 61797
15731 51968
15732 17184
15733 50016
15734 59168
15735 49952
15736 54113
15737 28449
15738 27425
15739 54049
15740 25352
15741 27425
15742 19232
15743 49953
15744 58144
15745 58144
15746 56881
15747 52016
15748 27425
15749 17192
15750 54056
15751 28457
15752 53600
15753 54633
15754 25496
15755 21288
15756 60160
15757 55136
15758 53604
15759 49952
15760 27424
15761 59233
15762 58145
15763 58112
15764 52016
15765 56681
15766 58136
15767 55080
15768 53601
15769 58152
15770 26408
15771 52001
15772 18209
15773 54052
15774 61797
15775 17152
15776 49960
15777 49968
15778 19216
15779 27425
15780 61797
15781 49920
15782 55072
15783 54049
15784 19232
15785 53604
15786 53605
15787 17184
15788 52008
15789 49960
15790 49968
15791 60193
15792 56104
15793 49960
15794 59168
15795 58144
15796 55825
15797 51969
15798 16913
15799 52008
15800 27424
15801 53605
15802 19232
15803 25377
15804 17153
15805 54057
15806 25384
15807 52016
15808 49952
15809 52992
15810 50533
15811 60193
15812 52008
15813 27424
15814 19224
15815 17185
15816 25448
15817 27393
15818 55096
15819 27536
15820 56681
15821 54048
15822 50977
15823 17184
15824 55096
15825 17185
15826 27424
15827 56121
15828 49961
15829 54048
15830 50529
15831 56617
15832 27464
15833 63328
15834 54048
15835 57097
15836 49944
15837 58145
15838 49968
15839 49953
15840 28193
15841 60192
15842 37672
15843 49509
15844 58145
15845 27425
15846 54040
15847 54072
15848 54049
15849 55649
15850 60169
15851 52009
15852 17153
15853 54049
15854 54056
15855 54056
15856 58168
15857 63329
15858 53025
15859 27488
15860 25384
15861 60200
15862 50977
15863 17176
15864 27400
15865 50533
15866 53600
15867 58144
15868 49952
15869 53025
15870 49952
15871 63272
15872 52008
15873 25345
15874 62241
15875 17185
15876 27424
15877 49960
15878 60192
15879 54056
15880 51977
15881 49961
15882 52001
15883 57185
15884 49952
15885 20257
15886 58144
15887 28449
15888 58144
15889 25377
15890 27153
15891 61797
15892 27153
15893 27400
15894 52009
15895 25360
15896 49953
15897 51745
15898 20257
15899 57097
15900 28448
15901 54048
15902 19201
15903 58144
15904 51984
15905 54073
15906 25360
15907 56097
15908 52008
15909 49952
15910 54056
15911 58145
15912 58168
15913 52000
15914 50533
15915 63265
15916 52001
15917 52000
15918 55841
15919 52000
15920 58120
15921 58113
15922 57128
15923 58144
15924 52008
15925 55081
15926 49952
15927 53025
15928 27153
15929 58144
15930 58144
15931 25377
15932 63264
15933 49953
15934 57121
15935 27153
15936 27401
15937 54817
15938 54048
15939 25384
15940 58152
15941 27425
15942 25376
15943 25352
15944 26368
15945 49953
15946 27401
15947 58112
15948 49952
15949 25376
15950 53809
15951 50533
15952 19232
15953 51969
15954 56097
15955 19232
15956 25385
15957 54048
15958 20264
15959 62240
15960 50976
15961 27425
15962 54048
15963 49928
15964 19240
15965 53808
15966 8993
15967 19232
15968 55073
15969 62241
15970 25472
15971 54624
15972 25376
15973 19216
15974 25377
15975 27425
15976 28448
15977 19233
15978 54048
15979 17178
15980 51985
15981 60168
15982 58725
15983 64288
15984 60200
15985 25376
15986 50533
15987 27424
15988 54048
15989 63272
15990 53605
15991 54056
15992 26401
15993 54048
15994 59169
15995 53776
15996 51985
15997 19224
15998 19232
15999 58144
16000 27153
16001 19241
16002 49961
16003 11048
16004 53793
16005 27400
16006 58145
16007 25376
16008 12129
16009 17177
16010 63336
16011 58120
16012 28449
16013 17208
16014 2857
16015 49953
16016 25377
16017 55073
16018 58144
16019 54048
16020 58144
16021 62240
16022 27393
16023 58145
16024 53544
16025 55841
16026 54040
16027 27392
16028 19232
16029 27401
16030 27528
16031 28449
16032 17176
16033 2848
16034 52001
16035 27416
16036 27464
16037 58145
16038 25416
16039 25352
16040 17169
16041 27425
16042 19272
16043 25360
16044 27400
16045 60161
16046 35617
16047 54072
16048 25496
16049 52000
16050 19224
16051 25344
16052 25368
16053 17152
16054 17185
16055 26400
16056 25368
16057 17192
16058 21288
16059 25344
16060 58152
16061 54040
16062 19233
16063 17169
16064 50533
16065 27424
16066 52008
16067 25408
16068 60257
16069 57097
16070 27392
16071 25344
16072 19248
16073 26400
16074 58145
16075 49952
16076 27544
16077 59169
16078 54053
16079 17185
16080 17184
16081 58216
16082 27169
16083 49961
16084 49969
16085 27393
16086 19232
16087 52001
16088 58144
16089 28449
16090 58152
16091 58144
16092 14113
16093 54056
16094 25440
16095 49952
16096 51968
16097 27544
16098 59169
16099 52000
16100 19232
16101 27544
16102 65313
16103 54049
16104 49952
16105 19240
16106 58144
16107 54049
16108 17184
16109 25384
16110 56105
16111 58145
16112 27153
16113 56096
16114 49952
16115 49960
16116 58145
16117 25440
16118 17153
16119 58112
16120 57129
16121 52000
16122 54048
16123 53809
16124 27400
16125 63273
16126 56104
16127 18961
16128 18945
16129 25472
16130 27528
16131 19224
16132 27425
16133 37665
16134 15905
16135 27528
16136 27400
16137 55073
16138 19224
16139 54072
16140 16161
16141 59177
16142 25368
16143 63265
16144 58145
16145 58145
16146 54057
16147 51992
16148 52001
16149 27432
16150 15905
16151 57121
16152 54049
16153 27425
16154 17168
16155 52000
16156 54064
16157 61793
16158 49953
16159 51977
16160 54072
16161 50984
16162 27424
16163 50533
16164 59232
16165 25344
16166 49921
16167 19200
16168 56105
16169 19217
16170 55080
16171 49953
16172 49928
16173 25381
16174 17184
16175 56105
16176 6944
16177 19233
16178 58153
16179 55073
16180 56104
16181 52001
16182 52009
16183 54056
16184 56097
16185 54064
16186 58144
16187 53600
16188 50977
16189 56097
16190 58145
16191 61217
16192 19233
16193 53604
16194 58208
16195 52001
16196 58145
16197 27424
16198 51969
16199 19216
16200 62241
16201 61793
16202 54056
16203 49969
16204 25377
16205 58144
16206 27153
16207 54057
16208 19200
16209 19240
16210 50529
16211 49952
16212 49960
16213 49952
16214 54048
16215 25377
16216 58152
16217 20257
16218 53025
16219 59233
16220 49960
16221 27408
16222 58144
16223 25368
16224 27400
16225 56160
16226 26409
16227 49952
16228 54049
16229 49504
16230 57128
16231 49968
16232 17153
16233 49960
16234 25376
16235 54056
16236 27496
16237 49944
16238 64257
16239 27393
16240 23337
16241 27497
16242 53545
16243 54048
16244 17185
16245 54049
16246 25377
16247 25345
16248 25377
16249 57121
16250 62240
16251 52000
16252 58144
16253 50977
16254 28424
16255 27424
16256 54057
16257 27400
16258 19224
16259 19208
16260 17765
16261 60193
16262 19216
16263 28457
16264 59136
16265 53024
16266 17192
16267 19233
16268 25440
16269 19241
16270 27400
16271 19232
16272 55096
16273 49960
16274 52024
16275 27400
16276 25344
16277 54048
16278 17160
16279 58208
16280 63328
16281 25408
16282 55072
16283 56088
16284 54056
16285 19233
16286 19233
16287 54040
16288 49960
16289 52000
16290 19233
16291 27400
16292 61217
16293 58145
16294 27424
16295 27432
16296 27424
16297 52001
16298 49952
16299 27424
16300 54048
16301 57121
16302 51969
16303 49697
16304 25441
16305 19232
16306 60257
16307 61797
16308 19233
16309 56681
16310 54049
16311 17168
16312 58152
16313 18977
16314 18945
16315 58145
16316 49944
16317 51976
16318 60193
16319 54056
16320 54056
16321 17185
16322 54048
16323 37672
16324 52001
16325 54049
16326 61797
16327 13089
16328 27400
16329 54048
16330 49952
16331 27392
16332 54048
16333 54057
16334 51968
16335 56104
16336 17192
16337 54064
16338 49960
16339 55073
16340 25376
16341 60193
16342 27528
16343 17185
16344 58145
16345 56097
16346 25384
16347 17184
16348 18977
16349 54048
16350 54072
16351 17184
16352 58145
16353 58145
16354 52008
16355 25344
16356 58144
16357 29473
16358 55073
16359 19240
16360 25344
16361 17184
16362 49937
16363 60160
16364 54040
16365 59168
16366 54048
16367 19248
16368 19233
16369 27393
16370 54072
16371 55073
16372 49953
16373 54048
16374 27392
16375 19200
16376 57193
16377 21281
16378 58145
16379 19233
16380 58145
16381 58145
16382 17184
16383 37688
16384 25448
16385 51713
16386 53537
16387 58208
16388 58208
16389 49952
16390 51985
16391 27393
16392 17256
16393 49953
16394 49960
16395 54056
16396 19240
16397 58152
16398 52000
16399 25376
16400 17168
16401 27401
16402 27456
16403 52024
16404 17185
16405 56681
16406 49952
16407 17185
16408 50984
16409 56097
16410 27425
16411 2848
16412 60193
16413 18216
16414 17192
16415 49953
16416 51985
16417 62241
16418 57696
16419 63336
16420 62241
16421 19240
16422 19233
16423 27137
16424 56681
16425 19240
16426 25377
16427 58208
16428 19233
16429 54056
16430 57128
16431 52000
16432 62312
16433 59169
16434 49944
16435 25376
16436 55080
16437 27281
16438 53792
16439 49504
16440 58145
16441 55073
16442 25441
16443 18961
16444 17185
16445 27153
16446 53797
16447 27409
16448 49953
16449 54056
16450 27424
16451 54072
16452 51968
16453 49952
16454 25376
16455 53777
16456 54016
16457 25377
16458 51745
16459 49953
16460 54048
16461 27392
16462 27393
16463 60193
16464 27425
16465 54049
16466 52000
16467 25376
16468 58145
16469 19224
16470 19233
16471 27488
16472 54072
16473 51968
16474 60257
16475 58144
16476 49936
16477 54040
16478 63265
16479 54049
16480 19233
16481 19201
16482 18945
16483 25376
16484 49944
16485 57097
16486 25440
16487 52008
16488 58144
16489 58152
16490 54056
16491 17152
16492 19233
16493 54048
16494 64289
16495 58145
16496 60200
16497 25496
16498 58152
16499 59177
16500 58209
16501 54625
16502 54048
16503 53793
16504 27393
16505 27408
16506 62241
16507 59136
16508 17176
16509 58144
16510 59233
16511 56097
16512 58144
16513 65385
16514 58144
16515 26401
16516 17153
16517 21288
16518 51968
16519 49945
16520 27281
16521 17192
16522 55073
16523 63264
16524 52000
16525 58144
16526 25344
16527 49953
16528 54056
16529 59168
16530 54064
16531 17152
16532 54048
16533 54632
16534 25440
16535 27392
16536 19232
16537 55080
16538 49960
16539 58209
16540 49952
16541 25352
16542 58144
16543 792
16544 27489
16545 57097
16546 27424
16547 25376
16548 49952
16549 19232
16550 25368
16551 49509
16552 27424
16553 60192
16554 25377
16555 49953
16556 54057
16557 58145
16558 17189
16559 19201
16560 19232
16561 19233
16562 54048
16563 60192
16564 19200
16565 27425
16566 53604
16567 54049
16568 27488
16569 52001
16570 54048
16571 58144
16572 56681
16573 49960
16574 19233
16575 56064
16576 56065
16577 59137
16578 27400
16579 18209
16580 62241
16581 60192
16582 56104
16583 25376
16584 25448
16585 17185
16586 58145
16587 52009
16588 64353
16589 54113
16590 27425
16591 59169
16592 25376
16593 49968
16594 54056
16595 17185
16596 17184
16597 55137
16598 62241
16599 17193
16600 64033
16601 60160
16602 19233
16603 52000
16604 28520
16605 17185
16606 62249
16607 49953
16608 58145
16609 52001
16610 54056
16611 19272
16612 25376
16613 58208
16614 26401
16615 25376
16616 19233
16617 54072
16618 52008
16619 57185
16620 19208
16621 52008
16622 63273
16623 49961
16624 19241
16625 58113
16626 19232
16627 62241
16628 49920
16629 17153
16630 25384
16631 50984
16632 57697
16633 61793
16634 52008
16635 63264
16636 54064
16637 58120
16638 49952
16639 49952
16640 19233
16641 49960
16642 58152
16643 58144
16644 25488
16645 17185
16646 58145
16647 27392
16648 58145
16649 62248
16650 53605
16651 55072
16652 27424
16653 52009
16654 60192
16655 28457
16656 27528
16657 17184
16658 28448
16659 25441
16660 55857
16661 52000
16662 19224
16663 27424
16664 52000
16665 49953
16666 27424
16667 27488
16668 58144
16669 58145
16670 58145
16671 55097
16672 17185
16673 54049
16674 25440
16675 17184
16676 58112
16677 49953
16678 19233
16679 49952
16680 49968
16681 63329
16682 54048
16683 19201
16684 58208
16685 58145
16686 25352
16687 54057
16688 25376
16689 60257
16690 27425
16691 27425
16692 25385
16693 27393
16694 53793
16695 25377
16696 54040
16697 52064
16698 63264
16699 19240
16700 25377
16701 57701
16702 25377
16703 49953
16704 27425
16705 49960
16706 51745
16707 27424
16708 25384
16709 19233
16710 63264
16711 27552
16712 55080
16713 49952
16714 15905
16715 25345
16716 19232
16717 59177
16718 52001
16719 53793
16720 58144
16721 60257
16722 52001
16723 19233
16724 54049
16725 58144
16726 17160
16727 62240
16728 63272
16729 58144
16730 25344
16731 19352
16732 58112
16733 62241
16734 49961
16735 50016
16736 53604
16737 60193
16738 64289
16739 25352
16740 61185
16741 19232
16742 54032
16743 61216
16744 51976
16745 19233
16746 49509
16747 27521
16748 29473
16749 61797
16750 2817
16751 27425
16752 54049
16753 25440
16754 50016
16755 54049
16756 54064
16757 54049
16758 49952
16759 19240
16760 54048
16761 49952
16762 25352
16763 56681
16764 54049
16765 58145
16766 25385
16767 55072
16768 58216
16769 60160
16770 65313
16771 59177
16772 19200
16773 58145
16774 65321
16775 19296
16776 52000
16777 60256
16778 58144
16779 54049
16780 57184
16781 60169
16782 57121
16783 53545
16784 62241
16785 59232
16786 49953
16787 65313
16788 49953
16789 58152
16790 58145
16791 52008
16792 26464
16793 55081
16794 27425
16795 54048
16796 52009
16797 49960
16798 53601
16799 19233
16800 19200
16801 58144
16802 17248
16803 55081
16804 58112
16805 50977
16806 62304
16807 19233
16808 27521
16809 64289
16810 61225
16811 54048
16812 17185
16813 18977
16814 27393
16815 50984
16816 17152
16817 58280
16818 54056
16819 19201
16820 58113
16821 19200
16822 27153
16823 27400
16824 49928
16825 58144
16826 17184
16827 49921
16828 54048
16829 49928
16830 27520
16831 54049
16832 61216
16833 54040
16834 19232
16835 51992
16836 27425
16837 19224
16838 52008
16839 27424
16840 53604
16841 6944
16842 58213
16843 58272
16844 6693
16845 56097
16846 54048
16847 49952
16848 56105
16849 60192
16850 25376
16851 58144
16852 14881
16853 52001
16854 59169
16855 27520
16856 54048
16857 49957
16858 27392
16859 27392
16860 49953
16861 49961
16862 17193
16863 27393
16864 17176
16865 52001
16866 17185
16867 55072
16868 58216
16869 60161
16870 54048
16871 59168
16872 19232
16873 27400
16874 49953
16875 54048
16876 62305
16877 54032
16878 27424
16879 27153
16880 64297
16881 57701
16882 55137
16883 49960
16884 49953
16885 17184
16886 59169
16887 27400
16888 49921
16889 58153
16890 58144
16891 19232
16892 19233
16893 60161
16894 56097
16895 57121
16896 60192
16897 54056
16898 56681
16899 25377
16900 62305
16901 49976
16902 16161
16903 62241
16904 19232
16905 19200
16906 27456
16907 25344
16908 60160
16909 49953
16910 54056
16911 52000
16912 62240
16913 25385
16914 59168
16915 27424
16916 50024
16917 17184
16918 17161
16919 27424
16920 61224
16921 49953
16922 27488
16923 64257
16924 17160
16925 60192
16926 52009
16927 49960
16928 49953
16929 49944
16930 54049
16931 49953
16932 17184
16933 27393
16934 49952
16935 17184
16936 52001
16937 28513
16938 57129
16939 59233
16940 55073
16941 58144
16942 19200
16943 19233
16944 53793
16945 57193
16946 54048
16947 25377
16948 53605
16949 54049
16950 49953
16951 49952
16952 17177
16953 27400
16954 62241
16955 27400
16956 25449
16957 25504
16958 56681
16959 49960
16960 17185
16961 54073
16962 50017
16963 27401
16964 58145
16965 52000
16966 56673
16967 18960
16968 58144
16969 19248
16970 55841
16971 57129
16972 25377
16973 54113
16974 51976
16975 58112
16976 50533
16977 27425
16978 60168
16979 27392
16980 27425
16981 2849
16982 17184
16983 6693
16984 27488
16985 25352
16986 62241
16987 54064
16988 49952
16989 2824
16990 25352
16991 37688
16992 50529
16993 56097
16994 62240
16995 27401
16996 27424
16997 17184
16998 27400
16999 27401
17000 54048
17001 55077
17002 17153
17003 58144
17004 55073
17005 58112
17006 17176
17007 51976
17008 27393
17009 28456
17010 52000
17011 20265
17012 54049
17013 25376
17014 19232
17015 27425
17016 25384
17017 54056
17018 27488
17019 25344
17020 27392
17021 20257
17022 27496
17023 25345
17024 19233
17025 54049
17026 52001
17027 25384
17028 19224
17029 60161
17030 58112
17031 25440
17032 56681
17033 63264
17034 27153
17035 27401
17036 27392
17037 27137
17038 49953
17039 61217
17040 17176
17041 58145
17042 60193
17043 58144
17044 25345
17045 55072
17046 25448
17047 50984
17048 17153
17049 19241
17050 49928
17051 54072
17052 54049
17053 50992
17054 25376
17055 60193
17056 25376
17057 49953
17058 51977
17059 52008
17060 52008
17061 52000
17062 62304
17063 27393
17064 58144
17065 56089
17066 25377
17067 63272
17068 54040
17069 50533
17070 11041
17071 49952
17072 50016
17073 58149
17074 50533
17075 58144
17076 17184
17077 49952
17078 17185
17079 63265
17080 25344
17081 35617
17082 17184
17083 58208
17084 19232
17085 19233
17086 53604
17087 54049
17088 17152
17089 49960
17090 54053
17091 49505
17092 19201
17093 19201
17094 26369
17095 49953
17096 54056
17097 49960
17098 27153
17099 25377
17100 19232
17101 49936
17102 62305
17103 49953
17104 18217
17105 28457
17106 58153
17107 19200
17108 64353
17109 54049
17110 49952
17111 19201
17112 58144
17113 27400
17114 27392
17115 27425
17116 58144
17117 52000
17118 58153
17119 50016
17120 49952
17121 28449
17122 49952
17123 17193
17124 49508
17125 2849
17126 58113
17127 62248
17128 27392
17129 49961
17130 57193
17131 58145
17132 55073
17133 60193
17134 52001
17135 25504
17136 57121
17137 53604
17138 49952
17139 54056
17140 54048
17141 27425
17142 58144
17143 25376
17144 19201
17145 51992
17146 49952
17147 52000
17148 58145
17149 55072
17150 54048
17151 18944
17152 26368
17153 56681
17154 27153
17155 25504
17156 54049
17157 58112
17158 18209
17159 49952
17160 25377
17161 55073
17162 54624
17163 49944
17164 27392
17165 58144
17166 52009
17167 55073
17168 60200
17169 27424
17170 60192
17171 27400
17172 27424
17173 19240
17174 54049
17175 49952
17176 52001
17177 58152
17178 25448
17179 63265
17180 19233
17181 54049
17182 49953
17183 57097
17184 58216
17185 54048
17186 49961
17187 27528
17188 58152
17189 57701
17190 27392
17191 58144
17192 49952
17193 58145
17194 51969
17195 58153
17196 52000
17197 26401
17198 51968
17199 58209
17200 19232
17201 37665
17202 53032
17203 56105
17204 61793
17205 54056
17206 58112
17207 53601
17208 54072
17209 62241
17210 57701
17211 26369
17212 57696
17213 17184
17214 58145
17215 27400
17216 19232
17217 65312
17218 52001
17219 57097
17220 63265
17221 49960
17222 51968
17223 18209
17224 49952
17225 19233
17226 27393
17227 25376
17228 56105
17229 25344
17230 55825
17231 54049
17232 49952
17233 49952
17234 59232
17235 17192
17236 49953
17237 49952
17238 55073
17239 58112
17240 49968
17241 62248
17242 55136
17243 25376
17244 25384
17245 49960
17246 17184
17247 61793
17248 49952
17249 58152
17250 62240
17251 17184
17252 27392
17253 58144
17254 58145
17255 58145
17256 17249
17257 52000
17258 52016
17259 52000
17260 62240
17261 62241
17262 57121
17263 54049
17264 49976
17265 56681
17266 57889
17267 23328
17268 53537
17269 59137
17270 58208
17271 25376
17272 58113
17273 25376
17274 54048
17275 19217
17276 27393
17277 62208
17278 27425
17279 19208
17280 54056
17281 49936
17282 58209
17283 60192
17284 49952
17285 55073
17286 54048
17287 20233
17288 28449
17289 50992
17290 61224
17291 55137
17292 58112
17293 56073
17294 53545
17295 53025
17296 28193
17297 54064
17298 61217
17299 19232
17300 25376
17301 25376
17302 19233
17303 19233
17304 58216
17305 55077
17306 54048
17307 19233
17308 54064
17309 19200
17310 58208
17311 54049
17312 29473
17313 49952
17314 19201
17315 52001
17316 58145
17317 19224
17318 50533
17319 49952
17320 58152
17321 54040
17322 58144
17323 52000
17324 27400
17325 58144
17326 58145
17327 54048
17328 58145
17329 58213
17330 19336
17331 54048
17332 62248
17333 59169
17334 54049
17335 49928
17336 17249
17337 58145
17338 17184
17339 25385
17340 27400
17341 49953
17342 27424
17343 19208
17344 50977
17345 27400
17346 55840
17347 58112
17348 58113
17349 17152
17350 60193
17351 58145
17352 62241
17353 62304
17354 49952
17355 49952
17356 49952
17357 25448
17358 17184
17359 27425
17360 17192
17361 62240
17362 51969
17363 792
17364 62240
17365 49953
17366 56120
17367 54057
17368 54016
17369 52008
17370 27393
17371 56104
17372 61217
17373 27153
17374 54112
17375 27153
17376 53793
17377 53793
17378 55809
17379 19240
17380 19208
17381 25496
17382 56681
17383 25384
17384 60193
17385 26409
17386 25384
17387 60264
17388 49952
17389 17152
17390 49952
17391 52001
17392 28449
17393 56681
17394 58144
17395 54040
17396 54040
17397 23337
17398 27392
17399 59177
17400 28417
17401 18977
17402 52024
17403 6945
17404 55856
17405 27536
17406 49953
17407 53793
17408 61793
17409 61224
17410 27392
17411 27137
17412 60193
17413 54072
17414 2848
17415 23328
17416 55073
17417 52000
17418 17193
17419 54048
17420 60161
17421 62241
17422 52000
17423 27425
17424 54056
17425 49960
17426 17192
17427 50533
17428 27425
17429 53605
17430 50533
17431 52016
17432 56096
17433 58208
17434 52000
17435 58145
17436 27392
17437 27393
17438 25377
17439 49952
17440 27456
17441 64289
17442 27497
17443 17184
17444 59169
17445 58112
17446 19233
17447 19232
17448 49953
17449 19232
17450 58145
17451 27424
17452 19232
17453 58113
17454 58145
17455 61217
17456 58145
17457 18209
17458 31521
17459 49952
17460 27392
17461 17160
17462 56097
17463 54048
17464 49960
17465 27401
17466 58121
17467 63264
17468 54056
17469 26401
17470 54049
17471 60169
17472 54113
17473 61797
17474 58145
17475 17192
17476 59233
17477 56104
17478 56105
17479 17153
17480 49928
17481 50985
17482 55072
17483 19209
17484 49952
17485 19209
17486 58209
17487 19232
17488 54048
17489 17185
17490 17184
17491 25377
17492 19232
17493 58145
17494 27425
17495 49953
17496 62352
17497 56105
17498 49952
17499 53793
17500 60256
17501 57097
17502 54049
17503 27288
17504 27280
17505 19224
17506 58209
17507 53793
17508 52001
17509 25384
17510 27392
17511 54048
17512 18961
17513 51985
17514 49953
17515 27544
17516 58144
17517 49944
17518 37688
17519 54049
17520 58144
17521 49960
17522 27424
17523 25344
17524 58144
17525 17193
17526 25344
17527 25377
17528 56104
17529 17192
17530 49961
17531 52009
17532 18961
17533 25472
17534 49960
17535 28425
17536 27392
17537 27424
17538 54064
17539 51969
17540 55073
17541 54048
17542 63264
17543 60200
17544 25377
17545 56072
17546 54048
17547 20257
17548 55080
17549 60192
17550 25377
17551 55073
17552 49952
17553 51993
17554 49509
17555 52001
17556 28448
17557 17765
17558 58144
17559 58112
17560 52000
17561 27392
17562 19233
17563 56088
17564 36193
17565 6944
17566 49960
17567 49961
17568 58113
17569 25344
17570 52001
17571 52001
17572 54016
17573 54048
17574 27424
17575 17185
17576 54025
17577 25440
17578 54057
17579 19232
17580 25376
17581 19201
17582 60192
17583 27425
17584 58145
17585 57700
17586 52000
17587 55080
17588 27432
17589 58145
17590 19232
17591 27392
17592 54048
17593 60193
17594 60192
17595 54049
17596 49944
17597 17192
17598 22305
17599 58144
17600 60256
17601 19232
17602 19208
17603 19232
17604 17184
17605 17192
17606 59168
17607 60193
17608 58113
17609 52000
17610 19216
17611 49953
17612 62240
17613 19209
17614 49953
17615 57121
17616 25352
17617 25440
17618 49952
17619 56617
17620 27425
17621 58112
17622 49960
17623 19209
17624 20265
17625 54016
17626 25384
17627 50992
17628 26376
17629 27400
17630 63329
17631 62240
17632 57121
17633 59177
17634 25377
17635 51000
17636 56097
17637 19304
17638 49953
17639 58208
17640 56681
17641 27488
17642 58208
17643 62241
17644 62241
17645 19209
17646 61280
17647 56104
17648 49953
17649 17256
17650 27488
17651 49960
17652 58152
17653 49953
17654 52001
17655 60192
17656 25376
17657 58145
17658 58144
17659 27496
17660 2824
17661 17185
17662 57129
17663 36193
17664 26400
17665 58145
17666 58113
17667 17153
17668 27496
17669 19240
17670 19200
17671 56104
17672 19233
17673 19216
17674 60192
17675 49952
17676 54048
17677 54056
17678 25345
17679 49953
17680 27488
17681 49952
17682 49960
17683 60320
17684 54072
17685 21288
17686 27393
17687 54048
17688 20256
17689 61281
17690 58145
17691 27456
17692 54049
17693 49952
17694 25345
17695 39713
17696 49953
17697 58152
17698 50977
17699 54048
17700 54052
17701 52000
17702 27520
17703 54064
17704 25345
17705 52001
17706 58144
17707 58113
17708 19232
17709 49968
17710 58152
17711 28449
17712 58121
17713 51968
17714 61797
17715 56681
17716 27424
17717 55073
17718 49920
17719 51968
17720 17193
17721 25384
17722 54056
17723 58209
17724 62241
17725 60192
17726 52017
17727 25345
17728 25488
17729 59169
17730 58145
17731 54049
17732 52017
17733 55841
17734 54049
17735 58145
17736 19200
17737 25488
17738 54048
17739 25440
17740 19209
17741 49929
17742 27392
17743 18945
17744 54049
17745 27393
17746 49920
17747 58113
17748 52024
17749 54052
17750 27488
17751 52009
17752 49928
17753 63265
17754 49952
17755 54629
17756 60192
17757 61224
17758 60160
17759 56097
17760 25376
17761 54072
17762 27392
17763 58145
17764 58145
17765 63272
17766 19201
17767 53605
17768 62241
17769 19233
17770 54049
17771 52000
17772 27392
17773 51760
17774 25496
17775 54057
17776 19233
17777 58144
17778 49952
17779 19200
17780 53605
17781 19240
17782 60193
17783 6693
17784 22305
17785 49961
17786 57129
17787 19201
17788 56097
17789 17161
17790 49952
17791 25376
17792 54049
17793 17185
17794 60193
17795 60193
17796 49953
17797 54049
17798 58144
17799 58144
17800 19233
17801 49936
17802 60201
17803 58144
17804 25089
17805 60264
17806 25377
17807 52008
17808 49953
17809 52017
17810 61217
17811 49953
17812 25352
17813 54049
17814 25376
17815 56097
17816 27520
17817 19232
17818 25345
17819 62817
17820 25121
17821 19233
17822 52000
17823 54048
17824 49921
17825 49953
17826 60192
17827 49952
17828 60193
17829 62241
17830 55072
17831 51968
17832 54048
17833 21281
17834 25377
17835 49920
17836 57700
17837 53776
17838 52008
17839 54048
17840 49952
17841 49952
17842 25377
17843 60264
17844 55073
17845 49953
17846 64289
17847 60264
17848 56096
17849 60192
17850 19216
17851 54049
17852 26368
17853 27400
17854 18961
17855 51745
17856 19201
17857 25376
17858 49969
17859 19208
17860 57184
17861 17189
17862 52000
17863 62241
17864 54049
17865 58145
17866 18961
17867 61985
17868 59169
17869 50977
17870 49960
17871 49960
17872 25376
17873 54072
17874 58209
17875 26401
17876 49953
17877 62304
17878 27425
17879 62305
17880 17189
17881 25360
17882 53777
17883 49953
17884 27392
17885 56609
17886 49961
17887 26401
17888 58145
17889 52000
17890 49961
17891 19233
17892 54072
17893 19352
17894 54025
17895 19208
17896 19232
17897 60321
17898 60193
17899 62241
17900 25377
17901 25352
17902 2849
17903 19224
17904 25377
17905 58152
17906 54112
17907 54049
17908 27424
17909 55072
17910 49976
17911 21280
17912 54049
17913 27416
17914 55809
17915 17185
17916 58725
17917 25381
17918 58144
17919 27425
17920 25448
17921 52000
17922 17184
17923 58128
17924 49952
17925 49976
17926 54049
17927 27393
17928 56160
17929 19208
17930 49936
17931 58144
17932 10769
17933 49953
17934 58145
17935 54056
17936 62241
17937 49952
17938 26400
17939 58209
17940 52008
17941 62240
17942 20265
17943 19224
17944 54048
17945 60168
17946 51744
17947 49952
17948 58145
17949 52000
17950 17193
17951 54048
17952 52000
17953 19200
17954 52001
17955 49929
17956 58149
17957 27425
17958 58144
17959 25345
17960 17184
17961 25344
17962 27424
17963 63273
17964 51968
17965 19232
17966 25376
17967 54048
17968 58144
17969 25377
17970 51976
17971 52000
17972 56104
17973 25384
17974 49505
17975 55073
17976 19233
17977 59168
17978 58145
17979 53032
17980 58145
17981 49953
17982 61185
17983 53537
17984 51969
17985 61281
17986 55073
17987 19232
17988 58145
17989 19209
17990 55077
17991 2848
17992 17248
17993 52001
17994 19240
17995 51968
17996 52001
17997 27560
17998 59169
17999 52000
18000 49961
18001 51976
18002 29473
18003 56065
18004 58145
18005 29473
18006 49960
18007 27153
18008 58272
18009 54625
18010 25384
18011 54064
18012 55841
18013 60200
18014 20321
18015 17176
18016 52000
18017 62313
18018 62305
18019 27137
18020 56105
18021 58216
18022 17184
18023 59168
18024 58153
18025 49961
18026 52000
18027 55649
18028 49960
18029 25384
18030 52000
18031 50977
18032 25504
18033 54032
18034 49960
18035 49952
18036 49665
18037 54629
18038 60193
18039 25377
18040 27432
18041 51969
18042 8993
18043 19224
18044 19200
18045 56097
18046 54049
18047 25376
18048 52000
18049 49953
18050 49960
18051 49952
18052 25440
18053 25440
18054 49944
18055 58144
18056 51992
18057 58144
18058 54056
18059 49968
18060 27393
18061 59176
18062 27393
18063 25368
18064 25352
18065 59169
18066 19240
18067 52008
18068 16741
18069 19241
18070 52001
18071 19241
18072 19217
18073 49952
18074 23336
18075 54048
18076 62249
18077 54072
18078 19233
18079 19200
18080 49960
18081 60256
18082 52009
18083 60193
18084 49952
18085 52008
18086 58145
18087 54049
18088 27425
18089 19201
18090 28417
18091 58145
18092 17184
18093 27424
18094 27424
18095 27392
18096 54048
18097 25352
18098 19232
18099 17192
18100 25377
18101 25376
18102 58144
18103 54049
18104 25089
18105 56681
18106 27400
18107 54056
18108 56681
18109 25344
18110 55080
18111 52001
18112 58145
18113 29473
18114 58209
18115 58152
18116 54048
18117 52000
18118 63264
18119 57701
18120 52064
18121 49508
18122 27457
18123 17184
18124 19217
18125 51744
18126 17185
18127 31521
18128 17189
18129 60161
18130 27392
18131 59168
18132 54048
18133 62240
18134 17161
18135 59169
18136 19201
18137 19208
18138 49961
18139 49952
18140 55073
18141 61797
18142 56096
18143 19233
18144 19232
18145 25344
18146 25440
18147 25376
18148 25377
18149 60192
18150 54064
18151 17185
18152 54049
18153 63265
18154 49952
18155 17185
18156 54048
18157 52000
18158 26401
18159 54048
18160 49920
18161 49952
18162 27393
18163 17152
18164 52000
18165 54048
18166 52001
18167 17193
18168 29473
18169 54048
18170 56104
18171 60256
18172 58145
18173 25368
18174 60193
18175 63265
18176 25368
18177 54056
18178 49960
18179 49921
18180 17152
18181 27425
18182 58145
18183 55073
18184 53777
18185 19232
18186 25441
18187 54048
18188 54064
18189 58144
18190 55841
18191 17185
18192 53793
18193 58152
18194 58144
18195 49976
18196 59169
18197 54056
18198 56097
18199 27392
18200 60264
18201 61217
18202 19200
18203 58145
18204 54032
18205 26408
18206 59233
18207 25352
18208 49960
18209 58209
18210 17208
18211 27424
18212 58112
18213 62313
18214 56681
18215 27536
18216 49944
18217 49952
18218 27497
18219 25360
18220 28457
18221 25376
18222 65313
18223 52000
18224 19209
18225 56096
18226 49960
18227 52008
18228 63264
18229 58145
18230 54049
18231 27425
18232 25377
18233 25377
18234 63272
18235 58144
18236 25376
18237 51744
18238 49952
18239 27425
18240 59169
18241 27424
18242 27137
18243 58145
18244 54040
18245 27432
18246 56681
18247 49953
18248 27392
18249 58144
18250 17193
18251 17176
18252 54049
18253 27425
18254 54064
18255 58144
18256 50533
18257 19232
18258 49952
18259 27392
18260 59168
18261 58144
18262 65313
18263 54048
18264 19200
18265 56065
18266 19233
18267 54049
18268 29473
18269 52000
18270 51745
18271 52008
18272 49665
18273 59169
18274 19256
18275 49960
18276 54056
18277 25377
18278 56681
18279 49920
18280 25368
18281 54056
18282 25376
18283 49952
18284 63265
18285 54049
18286 25376
18287 56104
18288 27424
18289 25344
18290 53808
18291 58145
18292 49944
18293 60192
18294 27424
18295 27392
18296 62241
18297 25345
18298 58145
18299 17184
18300 54057
18301 49960
18302 49960
18303 53793
18304 25441
18305 17168
18306 58144
18307 52000
18308 54048
18309 26400
18310 19200
18311 58152
18312 25384
18313 58145
18314 21280
18315 28449
18316 25440
18317 17200
18318 20256
18319 54048
18320 57129
18321 25344
18322 59169
18323 56673
18324 19240
18325 60192
18326 54048
18327 50984
18328 25376
18329 19233
18330 59233
18331 25352
18332 18945
18333 60192
18334 58144
18335 2856
18336 54048
18337 27393
18338 37672
18339 49920
18340 54048
18341 60192
18342 52000
18343 58152
18344 58145
18345 17153
18346 49665
18347 60256
18348 49952
18349 54120
18350 28457
18351 19240
18352 19241
18353 56104
18354 54057
18355 26401
18356 60192
18357 20265
18358 55072
18359 6949
18360 57121
18361 62248
18362 53024
18363 19201
18364 64033
18365 52008
18366 27425
18367 49952
18368 27393
18369 52000
18370 17184
18371 58208
18372 49937
18373 52001
18374 19201
18375 56673
18376 49944
18377 27528
18378 58144
18379 17184
18380 59233
18381 55081
18382 27433
18383 54064
18384 26376
18385 27153
18386 49944
18387 25377
18388 51000
18389 27528
18390 58144
18391 57129
18392 63264
18393 54040
18394 54049
18395 58145
18396 27400
18397 25377
18398 50017
18399 49952
18400 55081
18401 49921
18402 14113
18403 18977
18404 54072
18405 23337
18406 17185
18407 17184
18408 54049
18409 62241
18410 58208
18411 17185
18412 54112
18413 49976
18414 25353
18415 62241
18416 27424
18417 56065
18418 17185
18419 54064
18420 56104
18421 27400
18422 26145
18423 27425
18424 49921
18425 17192
18426 54064
18427 62241
18428 58152
18429 56088
18430 27400
18431 52000
18432 56097
18433 52000
18434 58209
18435 58144
18436 52024
18437 27488
18438 54048
18439 53793
18440 27425
18441 25449
18442 25441
18443 52008
18444 54056
18445 52000
18446 53089
18447 59168
18448 54056
18449 25384
18450 60256
18451 58145
18452 26400
18453 60257
18454 17161
18455 50977
18456 54064
18457 3425
18458 49920
18459 27400
18460 54048
18461 64289
18462 52000
18463 58144
18464 50976
18465 58144
18466 60200
18467 58272
18468 49952
18469 49953
18470 19201
18471 54064
18472 52000
18473 58144
18474 54048
18475 54048
18476 49937
18477 55825
18478 55073
18479 17208
18480 56681
18481 25360
18482 27280
18483 56097
18484 56104
18485 56681
18486 49969
18487 55073
18488 49953
18489 6949
18490 27425
18491 60193
18492 51977
18493 58145
18494 58144
18495 27425
18496 25384
18497 27425
18498 27400
18499 25344
18500 52000
18501 56617
18502 58145
18503 27496
18504 27425
18505 58144
18506 58145
18507 50977
18508 54113
18509 2840
18510 53600
18511 27520
18512 19200
18513 58144
18514 53025
18515 54048
18516 27392
18517 58145
18518 54048
18519 49952
18520 11040
18521 60193
18522 49961
18523 50976
18524 49953
18525 17192
18526 49953
18527 55073
18528 25376
18529 49505
18530 54040
18531 25381
18532 54064
18533 27424
18534 27424
18535 19217
18536 54057
18537 28448
18538 49953
18539 27392
18540 27520
18541 49953
18542 27424
18543 51969
18544 55841
18545 49952
18546 62240
18547 19240
18548 58144
18549 25344
18550 25376
18551 49952
18552 19232
18553 54049
18554 25376
18555 49960
18556 17168
18557 18961
18558 55080
18559 49509
18560 25376
18561 18961
18562 63273
18563 25377
18564 60160
18565 25344
18566 49960
18567 56097
18568 52008
18569 58145
18570 49952
18571 17184
18572 49960
18573 49953
18574 28417
18575 59169
18576 58144
18577 54056
18578 58120
18579 25377
18580 52008
18581 27425
18582 27425
18583 49952
18584 49953
18585 54056
18586 49953
18587 27425
18588 19224
18589 58209
18590 60192
18591 49976
18592 19232
18593 49936
18594 58144
18595 25376
18596 54048
18597 52000
18598 19241
18599 19304
18600 25376
18601 50016
18602 27392
18603 54048
18604 60193
18605 19233
18606 60200
18607 55081
18608 27401
18609 52016
18610 62248
18611 56097
18612 17185
18613 62240
18614 25440
18615 52000
18616 61217
18617 55081
18618 19201
18619 49953
18620 25368
18621 49921
18622 54049
18623 58144
18624 51969
18625 62240
18626 19232
18627 27401
18628 52008
18629 52000
18630 19200
18631 19233
18632 49936
18633 50984
18634 60193
18635 59177
18636 49920
18637 52001
18638 54049
18639 54064
18640 58209
18641 63265
18642 55073
18643 19208
18644 54056
18645 20257
18646 53793
18647 26368
18648 51969
18649 49960
18650 53604
18651 62305
18652 19233
18653 56096
18654 61797
18655 27432
18656 6693
18657 19232
18658 62304
18659 58113
18660 29473
18661 25368
18662 49509
18663 27401
18664 19208
18665 17161
18666 17185
18667 27392
18668 27393
18669 25376
18670 19217
18671 25441
18672 17160
18673 61985
18674 58145
18675 27393
18676 56097
18677 19241
18678 19233
18679 54048
18680 27400
18681 27400
18682 14113
18683 27425
18684 27393
18685 49953
18686 49960
18687 56681
18688 54072
18689 49920
18690 25368
18691 49936
18692 27424
18693 62241
18694 59169
18695 52001
18696 59177
18697 27425
18698 52001
18699 49953
18700 25376
18701 49952
18702 52992
18703 26400
18704 49952
18705 17184
18706 25344
18707 54048
18708 27425
18709 49952
18710 58168
18711 28449
18712 54049
18713 27424
18714 27432
18715 17185
18716 54057
18717 17184
18718 60193
18719 52000
18720 54113
18721 27521
18722 19233
18723 56096
18724 61216
18725 25496
18726 63272
18727 58145
18728 51977
18729 59169
18730 49952
18731 59169
18732 19232
18733 17184
18734 50024
18735 49921
18736 19201
18737 54024
18738 58145
18739 25376
18740 49952
18741 60192
18742 53605
18743 17184
18744 56096
18745 52000
18746 54049
18747 27393
18748 52009
18749 27392
18750 50977
18751 19233
18752 18960
18753 53025
18754 17153
18755 64289
18756 53024
18757 60192
18758 55825
18759 19201
18760 56104
18761 60193
18762 11040
18763 27425
18764 58112
18765 60192
18766 17192
18767 19200
18768 62241
18769 49961
18770 50016
18771 27488
18772 49953
18773 27425
18774 19201
18775 58144
18776 25376
18777 63329
18778 57129
18779 54056
18780 27425
18781 52001
18782 62249
18783 49953
18784 27520
18785 49921
18786 54049
18787 28449
18788 60193
18789 19233
18790 56080
18791 58112
18792 27425
18793 20265
18794 52000
18795 49968
18796 50976
18797 27425
18798 27425
18799 49944
18800 17169
18801 58280
18802 17184
18803 58145
18804 25408
18805 27488
18806 49953
18807 49952
18808 20321
18809 54057
18810 58272
18811 18977
18812 27137
18813 50984
18814 49960
18815 51000
18816 25377
18817 27400
18818 58136
18819 50992
18820 17152
18821 52008
18822 19208
18823 62241
18824 52001
18825 49952
18826 25385
18827 49976
18828 18209
18829 58209
18830 49508
18831 56105
18832 25344
18833 49952
18834 60193
18835 49505
18836 58145
18837 19233
18838 25480
18839 55081
18840 50016
18841 54049
18842 27425
18843 54048
18844 25376
18845 17176
18846 49928
18847 49509
18848 60168
18849 25496
18850 25376
18851 58144
18852 19224
18853 51969
18854 19232
18855 56097
18856 25377
18857 27393
18858 49953
18859 56105
18860 54049
18861 49929
18862 54049
18863 52017
18864 52000
18865 54056
18866 53793
18867 59169
18868 55080
18869 25352
18870 51993
18871 58136
18872 56105
18873 57120
18874 52001
18875 56104
18876 54049
18877 18209
18878 49952
18879 55072
18880 54057
18881 54053
18882 58145
18883 18216
18884 51969
18885 19232
18886 60193
18887 58144
18888 25440
18889 63264
18890 49952
18891 59169
18892 49952
18893 19233
18894 27552
18895 54052
18896 52024
18897 27425
18898 27393
18899 61792
18900 27424
18901 19241
18902 54056
18903 60161
18904 58144
18905 53604
18906 57121
18907 58144
18908 54064
18909 54064
18910 59168
18911 27400
18912 25344
18913 25376
18914 19201
18915 60193
18916 58145
18917 59168
18918 19233
18919 49920
18920 25377
18921 27424
18922 63328
18923 58144
18924 49968
18925 60193
18926 55073
18927 60201
18928 54833
18929 27528
18930 19241
18931 52001
18932 61985
18933 51969
18934 27400
18935 23337
18936 54057
18937 53793
18938 17184
18939 25376
18940 63264
18941 27528
18942 19232
18943 49952
18944 55841
18945 17189
18946 17185
18947 56681
18948 54017
18949 10785
18950 51745
18951 58144
18952 52008
18953 19224
18954 25377
18955 27401
18956 18273
18957 58144
18958 54049
18959 61793
18960 62249
18961 49952
18962 17184
18963 58144
18964 6944
18965 49961
18966 17193
18967 28449
18968 54072
18969 26464
18970 54120
18971 25440
18972 49920
18973 57128
18974 27528
18975 54048
18976 49944
18977 28161
18978 53024
18979 27489
18980 49952
18981 54048
18982 51968
18983 19240
18984 25384
18985 60200
18986 18217
18987 53792
18988 49953
18989 27520
18990 25377
18991 59169
18992 54049
18993 17184
18994 19232
18995 56097
18996 27456
18997 27392
18998 58145
18999 52000
19000 58145
19001 56097
19002 54065
19003 49976
19004 27425
19005 49921
19006 63264
19007 27425
19008 49960
19009 49953
19010 61224
19011 25376
19012 27392
19013 49960
19014 27488
19015 26401
19016 51969
19017 25345
19018 57121
19019 49953
19020 61216
19021 25440
19022 54048
19023 56681
19024 17192
19025 52001
19026 58208
19027 56681
19028 49952
19029 60200
19030 49953
19031 25377
19032 57121
19033 63264
19034 51977
19035 25377
19036 54057
19037 55136
19038 17192
19039 62241
19040 17185
19041 49960
19042 54049
19043 60256
19044 49952
19045 49961
19046 57121
19047 61797
19048 19216
19049 49952
19050 49929
19051 59168
19052 19201
19053 49952
19054 21280
19055 54048
19056 58145
19057 61793
19058 25440
19059 54040
19060 54056
19061 64288
19062 60193
19063 60257
19064 25377
19065 49953
19066 25384
19067 61985
19068 50984
19069 25344
19070 19232
19071 25376
19072 54072
19073 59176
19074 56881
19075 25360
19076 54064
19077 27393
19078 57889
19079 28177
19080 62241
19081 58145
19082 51969
19083 19232
19084 19200
19085 26400
19086 49960
19087 19209
19088 49441
19089 61217
19090 56096
19091 25344
19092 63265
19093 27400
19094 49952
19095 25376
19096 58144
19097 27393
19098 63264
19099 49976
19100 50533
19101 49952
19102 58152
19103 56609
19104 17192
19105 63265
19106 54048
19107 25376
19108 27392
19109 21281
19110 27169
19111 17192
19112 25376
19113 19352
19114 25448
19115 49952
19116 25377
19117 53600
19118 17184
19119 55072
19120 27528
19121 56105
19122 62304
19123 58144
19124 64353
19125 52001
19126 55081
19127 49952
19128 54057
19129 11048
19130 49952
19131 25416
19132 58152
19133 58145
19134 63265
19135 25344
19136 58145
19137 54056
19138 25376
19139 49953
19140 25360
19141 27393
19142 49952
19143 25385
19144 20256
19145 54056
19146 26401
19147 55073
19148 53793
19149 58216
19150 19200
19151 51993
19152 58144
19153 27392
19154 64297
19155 27424
19156 27392
19157 49953
19158 19216
19159 59169
19160 28521
19161 25376
19162 23336
19163 54056
19164 53600
19165 58145
19166 27489
19167 54056
19168 51977
19169 25512
19170 60257
19171 49952
19172 25345
19173 49953
19174 19208
19175 52001
19176 18960
19177 25376
19178 27425
19179 54048
19180 58209
19181 17185
19182 61796
19183 58145
19184 25345
19185 17193
19186 62240
19187 17184
19188 27520
19189 25352
19190 18944
19191 54048
19192 17184
19193 56673
19194 19304
19195 25376
19196 53001
19197 19232
19198 19248
19199 58144
19200 18945
19201 52000
19202 19248
19203 52992
19204 62241
19205 54056
19206 56105
19207 56065
19208 17185
19209 65313
19210 58128
19211 59169
19212 27424
19213 25344
19214 19296
19215 58209
19216 17160
19217 19232
19218 21281
19219 55073
19220 25376
19221 19232
19222 51976
19223 49920
19224 63265
19225 49944
19226 60256
19227 27424
19228 25384
19229 29217
19230 51000
19231 25345
19232 62241
19233 49944
19234 20257
19235 54040
19236 19232
19237 49952
19238 27392
19239 17184
19240 58120
19241 52009
19242 54049
19243 55072
19244 54064
19245 54049
19246 25385
19247 27392
19248 19240
19249 52000
19250 58144
19251 53793
19252 49952
19253 64288
19254 63328
19255 27496
19256 51968
19257 61217
19258 54629
19259 60193
19260 15905
19261 49944
19262 2849
19263 17185
19264 54057
19265 52000
19266 25381
19267 56104
19268 58145
19269 27393
19270 49976
19271 58112
19272 54049
19273 49952
19274 58153
19275 19200
19276 52000
19277 52001
19278 58144
19279 60193
19280 54049
19281 52001
19282 19201
19283 52000
19284 54048
19285 28520
19286 25377
19287 19297
19288 19208
19289 17193
19290 25345
19291 54072
19292 25376
19293 27553
19294 58145
19295 60160
19296 25376
19297 19233
19298 19200
19299 17193
19300 58152
19301 49952
19302 25376
19303 54048
19304 55073
19305 61796
19306 11040
19307 19200
19308 60192
19309 62304
19310 52000
19311 19232
19312 19240
19313 18209
19314 25376
19315 56617
19316 49960
19317 58208
19318 58144
19319 58144
19320 49952
19321 20257
19322 53605
19323 49953
19324 2824
19325 58144
19326 19240
19327 49960
19328 53604
19329 56104
19330 17185
19331 58144
19332 58217
19333 17192
19334 25376
19335 61797
19336 54049
19337 58144
19338 49937
19339 58145
19340 61797
19341 19216
19342 58145
19343 49504
19344 49921
19345 19232
19346 49952
19347 58152
19348 49960
19349 58144
19350 25376
19351 56104
19352 17184
19353 51969
19354 49953
19355 19233
19356 27424
19357 56121
19358 53604
19359 58145
19360 53797
19361 27152
19362 60160
19363 25344
19364 19225
19365 61792
19366 56681
19367 21280
19368 57121
19369 58144
19370 25352
19371 19208
19372 25488
19373 49952
19374 57696
19375 26145
19376 11041
19377 54049
19378 27488
19379 49921
19380 53793
19381 27393
19382 49960
19383 27456
19384 50533
19385 17184
19386 54049
19387 52000
19388 59937
19389 65313
19390 6945
19391 25376
19392 27432
19393 25441
19394 19201
19395 17176
19396 54049
19397 19200
19398 54049
19399 54048
19400 19208
19401 26401
19402 54049
19403 19232
19404 49921
19405 58149
19406 25376
19407 58145
19408 55841
19409 58144
19410 19232
19411 18977
19412 49945
19413 25376
19414 27425
19415 58112
19416 19200
19417 60160
19418 58145
19419 54049
19420 58144
19421 26369
19422 58208
19423 19240
19424 27456
19425 27400
19426 27137
19427 19232
19428 2577
19429 26408
19430 49953
19431 51968
19432 53025
19433 58144
19434 27392
19435 49952
19436 27408
19437 11041
19438 25376
19439 57129
19440 58144
19441 49952
19442 57701
19443 54064
19444 52001
19445 56096
19446 27456
19447 52000
19448 54048
19449 54048
19450 54049
19451 53536
19452 49920
19453 17152
19454 60193
19455 59168
19456 28417
19457 54056
19458 51969
19459 49928
19460 53792
19461 25345
19462 55072
19463 17192
19464 60193
19465 56096
19466 17161
19467 57121
19468 19352
19469 52000
19470 54024
19471 17185
19472 57121
19473 28512
19474 17184
19475 54048
19476 54056
19477 27392
19478 52001
19479 27425
19480 54048
19481 52001
19482 61797
19483 19232
19484 49952
19485 19233
19486 49952
19487 17177
19488 26400
19489 49953
19490 25376
19491 17192
19492 54049
19493 54056
19494 19297
19495 49952
19496 54072
19497 27425
19498 54048
19499 63265
19500 52001
19501 19224
19502 50977
19503 53792
19504 61797
19505 49961
19506 57889
19507 17185
19508 58152
19509 17184
19510 25376
19511 25377
19512 54049
19513 49944
19514 62241
19515 56681
19516 54064
19517 52008
19518 59169
19519 53032
19520 25496
19521 59137
19522 27488
19523 19209
19524 59169
19525 14881
19526 56105
19527 60257
19528 19232
19529 49952
19530 54040
19531 49505
19532 17152
19533 58144
19534 26401
19535 25376
19536 17189
19537 55841
19538 54049
19539 60192
19540 58144
19541 17176
19542 19208
19543 19201
19544 49961
19545 19232
19546 62248
19547 27433
19548 54056
19549 19216
19550 51968
19551 58152
19552 62249
19553 17185
19554 55073
19555 58145
19556 50017
19557 58113
19558 49960
19559 49952
19560 27425
19561 19224
19562 49968
19563 56065
19564 25440
19565 53601
19566 60257
19567 53025
19568 27400
19569 49920
19570 57129
19571 19232
19572 10769
19573 50017
19574 17185
19575 18977
19576 27393
19577 56097
19578 54049
19579 19209
19580 27136
19581 63265
19582 17152
19583 53797
19584 55073
19585 49952
19586 52000
19587 58144
19588 60161
19589 54056
19590 54056
19591 19233
19592 27432
19593 19233
19594 2817
19595 25376
19596 54048
19597 2848
19598 25377
19599 53809
19600 27424
19601 25376
19602 62248
19603 17152
19604 27425
19605 52008
19606 52001
19607 54072
19608 27432
19609 25353
19610 52009
19611 54024
19612 25376
19613 27393
19614 54065
19615 59169
19616 58144
19617 27433
19618 19232
19619 49968
19620 58145
19621 61225
19622 49952
19623 62240
19624 49953
19625 18961
19626 54072
19627 54048
19628 60160
19629 63265
19630 60256
19631 17185
19632 17185
19633 49952
19634 19224
19635 58112
19636 63265
19637 49952
19638 54049
19639 19200
19640 55137
19641 49920
19642 49952
19643 49952
19644 27425
19645 49441
19646 58145
19647 27424
19648 52000
19649 54049
19650 17160
19651 61217
19652 17160
19653 25377
19654 55081
19655 58145
19656 10785
19657 49960
19658 51000
19659 25377
19660 27393
19661 58144
19662 55081
19663 25344
19664 49944
19665 52024
19666 54048
19667 19240
19668 49952
19669 57120
19670 26401
19671 62241
19672 58145
19673 19209
19674 49953
19675 25377
19676 27489
19677 54064
19678 27401
19679 57128
19680 58145
19681 49920
19682 60192
19683 49944
19684 54057
19685 27424
19686 55137
19687 17153
19688 54064
19689 17192
19690 56104
19691 27433
19692 19200
19693 19201
19694 56681
19695 27424
19696 17184
19697 25345
19698 54072
19699 58128
19700 19208
19701 54040
19702 25368
19703 19201
19704 51976
19705 62248
19706 19232
19707 27393
19708 49445
19709 54048
19710 49952
19711 17160
19712 25376
19713 54056
19714 64288
19715 31521
19716 61797
19717 58209
19718 65321
19719 52000
19720 54056
19721 54024
19722 52001
19723 25352
19724 28424
19725 25377
19726 27401
19727 51745
19728 17189
19729 54049
19730 52001
19731 62248
19732 54049
19733 26464
19734 19224
19735 54048
19736 65377
19737 59136
19738 27393
19739 53540
19740 54056
19741 49953
19742 64289
19743 28449
19744 52001
19745 58153
19746 49920
19747 58152
19748 58145
19749 25376
19750 54048
19751 19233
19752 58145
19753 63264
19754 52008
19755 17152
19756 52009
19757 52001
19758 51969
19759 26401
19760 64352
19761 61217
19762 58144
19763 61793
19764 19232
19765 58128
19766 27425
19767 27544
19768 27408
19769 27424
19770 56097
19771 58144
19772 58144
19773 54049
19774 17160
19775 53605
19776 19200
19777 57121
19778 54049
19779 58152
19780 50024
19781 53793
19782 19272
19783 17184
19784 27425
19785 27544
19786 58145
19787 61985
19788 51992
19789 56881
19790 58144
19791 49952
19792 25368
19793 49944
19794 54057
19795 25360
19796 58144
19797 58153
19798 58725
19799 17184
19800 27400
19801 27393
19802 52001
19803 27464
19804 52001
19805 55072
19806 49953
19807 58144
19808 52000
19809 62241
19810 35617
19811 51969
19812 27432
19813 53793
19814 54049
19815 26401
19816 61225
19817 19216
19818 50976
19819 49953
19820 55073
19821 49969
19822 56096
19823 19201
19824 58145
19825 50984
19826 25376
19827 21281
19828 19208
19829 55081
19830 55136
19831 11040
19832 19232
19833 54052
19834 17189
19835 19233
19836 60161
19837 21280
19838 25445
19839 52001
19840 18961
19841 56096
19842 27393
19843 26401
19844 19200
19845 17192
19846 59937
19847 16161
19848 19233
19849 56681
19850 19201
19851 58145
19852 27392
19853 49953
19854 17192
19855 58144
19856 49944
19857 27400
19858 19201
19859 58153
19860 17185
19861 58144
19862 55144
19863 49952
19864 19233
19865 62240
19866 65385
19867 61281
19868 25440
19869 52008
19870 54057
19871 25345
19872 55080
19873 27424
19874 49445
19875 49952
19876 27153
19877 62304
19878 60192
19879 62313
19880 27408
19881 62241
19882 25441
19883 58136
19884 17192
19885 49937
19886 27552
19887 56681
19888 25376
19889 17185
19890 17184
19891 58272
19892 49960
19893 27433
19894 25368
19895 27393
19896 56681
19897 27433
19898 52009
19899 62304
19900 58144
19901 19201
19902 62240
19903 49961
19904 19232
19905 54049
19906 58153
19907 49928
19908 52001
19909 19200
19910 28448
19911 25376
19912 17192
19913 17185
19914 61797
19915 54064
19916 61793
19917 53600
19918 55137
19919 53605
19920 27400
19921 49509
19922 54064
19923 57889
19924 53541
19925 55841
19926 49952
19927 53793
19928 51976
19929 54040
19930 49953
19931 62240
19932 31521
19933 62305
19934 50533
19935 25360
19936 39713
19937 6693
19938 62304
19939 58145
19940 19233
19941 19224
19942 54056
19943 55073
19944 49960
19945 54048
19946 58144
19947 62305
19948 49953
19949 19232
19950 19201
19951 17192
19952 54032
19953 49952
19954 49960
19955 61216
19956 49952
19957 62240
19958 56065
19959 19233
19960 17185
19961 17185
19962 49944
19963 58216
19964 25376
19965 57121
19966 26401
19967 19200
19968 27424
19969 58121
19970 19225
19971 54048
19972 19297
19973 53793
19974 58152
19975 58144
19976 56064
19977 17184
19978 55825
19979 27425
19980 62241
19981 49952
19982 58144
19983 25376
19984 58144
19985 58145
19986 60192
19987 17192
19988 56105
19989 49504
19990 51744
19991 18208
19992 19201
19993 25353
19994 19224
19995 54048
19996 25377
19997 17192
19998 60192
19999 49929
20000 27393
20001 52016
20002 61792
20003 17168
20004 58145
20005 27425
20006 55144
20007 25352
20008 19232
20009 60192
20010 58152
20011 19208
20012 51969
20013 54057
20014 54057
20015 25352
20016 55081
20017 19232
20018 49944
20019 27489
20020 27425
20021 49952
20022 17185
20023 49952
20024 58209
20025 49960
20026 25376
20027 16913
20028 54048
20029 54048
20030 52001
20031 58145
20032 56681
20033 17184
20034 49961
20035 27392
20036 58216
20037 49952
20038 27432
20039 54057
20040 19208
20041 59169
20042 26400
20043 19240
20044 27520
20045 54057
20046 51976
20047 53024
20048 59168
20049 21281
20050 54048
20051 60193
20052 20256
20053 17189
20054 17168
20055 19200
20056 19201
20057 58209
20058 49960
20059 27433
20060 25352
20061 62240
20062 27544
20063 63265
20064 62208
20065 10785
20066 25368
20067 55144
20068 49944
20069 25384
20070 57696
20071 49968
20072 49952
20073 51760
20074 58208
20075 25384
20076 58113
20077 27432
20078 58145
20079 54056
20080 25345
20081 19200
20082 19201
20083 17153
20084 54056
20085 63265
20086 58721
20087 60200
20088 55073
20089 54049
20090 27432
20091 49968
20092 58113
20093 19232
20094 25368
20095 59169
20096 58145
20097 28512
20098 54112
20099 54048
20100 54049
20101 19241
20102 19233
20103 54072
20104 25488
20105 54048
20106 56097
20107 19233
20108 54049
20109 25345
20110 20233
20111 25416
20112 27488
20113 61792
20114 49953
20115 26400
20116 58145
20117 27425
20118 25376
20119 19200
20120 54048
20121 61793
20122 28456
20123 54048
20124 59233
20125 19233
20126 27425
20127 58144
20128 53605
20129 19208
20130 58145
20131 60193
20132 62241
20133 56104
20134 52000
20135 58113
20136 56096
20137 54057
20138 54033
20139 60193
20140 26401
20141 25377
20142 49953
20143 27488
20144 19233
20145 52025
20146 49953
20147 60193
20148 49953
20149 55080
20150 56105
20151 25344
20152 49976
20153 25377
20154 17192
20155 51976
20156 17153
20157 2848
20158 58144
20159 58144
20160 49952
20161 58145
20162 63273
20163 52000
20164 49952
20165 50533
20166 27153
20167 58209
20168 57120
20169 27153
20170 54040
20171 49960
20172 19208
20173 58145
20174 58149
20175 58144
20176 62249
20177 27288
20178 58144
20179 27392
20180 19224
20181 19232
20182 56105
20183 49961
20184 19232
20185 27424
20186 60192
20187 19241
20188 50533
20189 10769
20190 6689
20191 49952
20192 18961
20193 59168
20194 51969
20195 62304
20196 62241
20197 17185
20198 25344
20199 52008
20200 19232
20201 57097
20202 25377
20203 25352
20204 51968
20205 25376
20206 52001
20207 54052
20208 62304
20209 49952
20210 52000
20211 54049
20212 49953
20213 54057
20214 52008
20215 60193
20216 54056
20217 27489
20218 54049
20219 19208
20220 49952
20221 26400
20222 52000
20223 54056
20224 49509
20225 57701
20226 17160
20227 54056
20228 19225
20229 54048
20230 17185
20231 49952
20232 49928
20233 52001
20234 19200
20235 25377
20236 17185
20237 62241
20238 64289
20239 58144
20240 49944
20241 56096
20242 51985
20243 19232
20244 54072
20245 19201
20246 53025
20247 51968
20248 49952
20249 37672
20250 58208
20251 25352
20252 52000
20253 54049
20254 49960
20255 58144
20256 58153
20257 61185
20258 25376
20259 56096
20260 28449
20261 25384
20262 25440
20263 27400
20264 52001
20265 25377
20266 50529
20267 49960
20268 55857
20269 25440
20270 62241
20271 49944
20272 58113
20273 49960
20274 49952
20275 58144
20276 51976
20277 27425
20278 28425
20279 49944
20280 53033
20281 25345
20282 19201
20283 25376
20284 49960
20285 51976
20286 55072
20287 59169
20288 19200
20289 58112
20290 49961
20291 56097
20292 64289
20293 54056
20294 57121
20295 54048
20296 54049
20297 58145
20298 54049
20299 54040
20300 54048
20301 54057
20302 49920
20303 49952
20304 27425
20305 58144
20306 59168
20307 54056
20308 49952
20309 27424
20310 54048
20311 19256
20312 64289
20313 60160
20314 57121
20315 53601
20316 58112
20317 57193
20318 53024
20319 54056
20320 59176
20321 49960
20322 52025
20323 25496
20324 27393
20325 55072
20326 28417
20327 54040
20328 53601
20329 49961
20330 25441
20331 62240
20332 52000
20333 56096
20334 61797
20335 27392
20336 52001
20337 55953
20338 19297
20339 54048
20340 27424
20341 49952
20342 27400
20343 18961
20344 19200
20345 25345
20346 58144
20347 50533
20348 26369
20349 49953
20350 27424
20351 25512
20352 25377
20353 53601
20354 25345
20355 17176
20356 52001
20357 55077
20358 49953
20359 27425
20360 49944
20361 26400
20362 26401
20363 26400
20364 53540
20365 17185
20366 55073
20367 58216
20368 54625
20369 54049
20370 25408
20371 19240
20372 52000
20373 59169
20374 57696
20375 49953
20376 19233
20377 60192
20378 27392
20379 27393
20380 49953
20381 25345
20382 52001
20383 59168
20384 49953
20385 49960
20386 50016
20387 55073
20388 49960
20389 17184
20390 19200
20391 27409
20392 57097
20393 58145
20394 61985
20395 58208
20396 53793
20397 49952
20398 49953
20399 27425
20400 50017
20401 49953
20402 57129
20403 25344
20404 60200
20405 19201
20406 49960
20407 54048
20408 54049
20409 25377
20410 19233
20411 58145
20412 51744
20413 19241
20414 25345
20415 25344
20416 27392
20417 18960
20418 53604
20419 23057
20420 27424
20421 49952
20422 25344
20423 27432
20424 26401
20425 58145
20426 54048
20427 58208
20428 60161
20429 19240
20430 52001
20431 58144
20432 62240
20433 49953
20434 58144
20435 17185
20436 17152
20437 49952
20438 62240
20439 49953
20440 54049
20441 58152
20442 19241
20443 49921
20444 56681
20445 56096
20446 19233
20447 49953
20448 19240
20449 61216
20450 58216
20451 52000
20452 19224
20453 58152
20454 50977
20455 49960
20456 62305
20457 54057
20458 49952
20459 17161
20460 58144
20461 55073
20462 55073
20463 59169
20464 58144
20465 62248
20466 62241
20467 53537
20468 56681
20469 52000
20470 54049
20471 49952
20472 51000
20473 49952
20474 27400
20475 27528
20476 60192
20477 19224
20478 25496
20479 28521
20480 19352
20481 58152
20482 49504
20483 58208
20484 57696
20485 58153
20486 49920
20487 18961
20488 49952
20489 54040
20490 27536
20491 53604
20492 60193
20493 49952
20494 52008
20495 20257
20496 58144
20497 62304
20498 31521
20499 27400
20500 58152
20501 58121
20502 17192
20503 54048
20504 54053
20505 60193
20506 49936
20507 54056
20508 54048
20509 49960
20510 58144
20511 49953
20512 25408
20513 54040
20514 25376
20515 58128
20516 19224
20517 49952
20518 54056
20519 27544
20520 50976
20521 28449
20522 53025
20523 57121
20524 54049
20525 27424
20526 49504
20527 49920
20528 58145
20529 58208
20530 54048
20531 54040
20532 55096
20533 54048
20534 55080
20535 27400
20536 59176
20537 29472
20538 58145
20539 25376
20540 60160
20541 57128
20542 49953
20543 49952
20544 27280
20545 25377
20546 58144
20547 55137
20548 52001
20549 26369
20550 55073
20551 52025
20552 25345
20553 17192
20554 20265
20555 792
20556 57184
20557 17152
20558 27425
20559 58152
20560 20265
20561 2857
20562 49960
20563 19241
20564 63264
20565 25385
20566 54048
20567 27392
20568 49953
20569 58152
20570 60192
20571 58113
20572 58144
20573 18945
20574 25384
20575 52000
20576 49945
20577 58145
20578 53604
20579 27400
20580 58145
20581 49952
20582 54056
20583 59168
20584 49953
20585 17184
20586 55073
20587 52009
20588 58144
20589 25376
20590 51976
20591 51968
20592 54625
20593 58145
20594 19209
20595 58208
20596 19233
20597 57129
20598 49968
20599 50533
20600 56104
20601 27433
20602 49960
20603 60200
20604 25488
20605 49944
20606 54048
20607 54040
20608 49953
20609 56681
20610 52000
20611 58144
20612 54569
20613 49505
20614 58145
20615 17184
20616 27392
20617 60257
20618 2824
20619 49921
20620 19232
20621 54040
20622 50976
20623 27425
20624 17184
20625 49509
20626 21281
20627 27400
20628 27520
20629 27425
20630 49976
20631 53793
20632 49952
20633 54056
20634 54048
20635 25384
20636 49960
20637 49953
20638 27488
20639 27424
20640 58145
20641 17160
20642 19232
20643 53600
20644 55081
20645 59169
20646 54056
20647 52001
20648 27488
20649 58144
20650 49929
20651 63265
20652 55072
20653 51968
20654 54048
20655 11809
20656 56096
20657 25345
20658 25441
20659 54048
20660 25345
20661 54049
20662 18208
20663 27153
20664 63264
20665 62248
20666 58208
20667 53793
20668 54048
20669 49920
20670 17184
20671 27488
20672 27416
20673 49960
20674 49952
20675 17185
20676 49952
20677 27432
20678 61217
20679 19233
20680 21281
20681 19233
20682 49921
20683 49952
20684 6944
20685 58112
20686 58208
20687 60193
20688 19232
20689 28449
20690 49957
20691 58144
20692 56097
20693 18961
20694 49976
20695 19224
20696 49952
20697 25360
20698 49920
20699 25377
20700 54048
20701 55081
20702 27425
20703 18977
20704 50976
20705 17184
20706 53600
20707 58144
20708 25472
20709 57128
20710 25345
20711 56096
20712 17185
20713 49953
20714 58208
20715 58144
20716 53033
20717 52064
20718 52577
20719 51976
20720 54048
20721 17200
20722 56097
20723 19224
20724 58209
20725 49952
20726 55144
20727 56064
20728 58144
20729 56105
20730 59169
20731 49952
20732 58145
20733 60193
20734 27425
20735 52008
20736 28449
20737 58152
20738 25441
20739 26400
20740 54048
20741 19304
20742 27401
20743 53281
20744 27392
20745 19233
20746 17248
20747 61217
20748 54048
20749 58144
20750 25384
20751 54048
20752 49952
20753 25384
20754 52001
20755 58152
20756 26401
20757 49953
20758 60201
20759 53536
20760 56097
20761 17184
20762 58145
20763 23328
20764 56681
20765 54048
20766 25376
20767 54057
20768 60192
20769 27392
20770 58112
20771 50016
20772 27392
20773 19240
20774 49952
20775 51976
20776 50533
20777 49952
20778 65321
20779 54048
20780 27137
20781 17185
20782 51760
20783 49921
20784 56681
20785 62241
20786 53540
20787 56681
20788 17184
20789 54049
20790 25344
20791 17185
20792 49952
20793 55081
20794 27424
20795 49944
20796 58145
20797 27401
20798 27489
20799 17184
20800 28456
20801 27464
20802 25344
20803 52001
20804 49953
20805 19216
20806 53604
20807 49952
20808 52000
20809 25345
20810 49953
20811 49920
20812 60201
20813 55856
20814 52008
20815 50977
20816 59176
20817 54049
20818 53600
20819 17153
20820 60192
20821 60161
20822 26401
20823 27424
20824 19240
20825 52001
20826 58209
20827 61793
20828 25344
20829 28193
20830 51968
20831 58144
20832 55841
20833 49953
20834 52000
20835 20256
20836 39713
20837 56080
20838 25345
20839 58144
20840 56097
20841 49960
20842 54049
20843 53793
20844 27488
20845 52000
20846 62240
20847 25441
20848 19208
20849 19232
20850 25376
20851 19217
20852 25377
20853 58145
20854 27488
20855 54049
20856 52000
20857 49952
20858 25376
20859 62241
20860 55072
20861 49936
20862 27425
20863 17192
20864 54056
20865 52000
20866 59169
20867 17192
20868 58208
20869 25376
20870 23329
20871 58144
20872 25440
20873 51969
20874 57120
20875 19201
20876 11041
20877 62248
20878 58145
20879 27424
20880 53001
20881 49920
20882 54048
20883 58216
20884 25440
20885 56097
20886 19216
20887 59745
20888 49952
20889 60256
20890 52001
20891 52000
20892 27392
20893 60193
20894 52001
20895 49952
20896 52008
20897 49952
20898 56097
20899 60193
20900 49976
20901 58152
20902 59168
20903 25377
20904 62241
20905 20264
20906 58145
20907 27432
20908 53601
20909 25344
20910 57889
20911 25376
20912 61217
20913 17193
20914 54049
20915 49929
20916 58208
20917 19233
20918 19208
20919 64352
20920 17256
20921 25344
20922 65313
20923 54056
20924 17169
20925 27489
20926 54048
20927 25344
20928 28449
20929 54048
20930 53600
20931 19256
20932 27432
20933 25376
20934 49960
20935 58145
20936 25377
20937 26408
20938 27425
20939 58145
20940 58112
20941 19224
20942 58144
20943 54024
20944 19240
20945 50976
20946 49960
20947 19224
20948 19297
20949 35617
20950 49960
20951 52001
20952 26401
20953 27408
20954 54072
20955 49952
20956 58145
20957 49961
20958 27137
20959 27153
20960 49953
20961 58113
20962 58144
20963 19233
20964 19240
20965 25352
20966 52001
20967 57097
20968 64289
20969 20257
20970 19232
20971 53089
20972 56120
20973 52000
20974 17152
20975 54049
20976 19241
20977 59176
20978 27488
20979 54056
20980 27169
20981 58145
20982 58144
20983 19232
20984 49960
20985 55096
20986 62240
20987 27401
20988 25384
20989 19233
20990 57701
20991 27153
20992 51985
20993 28193
20994 54049
20995 19208
20996 49509
20997 19232
20998 27520
20999 49952
21000 19232
21001 19201
21002 17208
21003 52009
21004 49953
21005 27400
21006 49920
21007 54048
21008 50984
21009 54056
21010 58144
21011 27400
21012 55080
21013 58144
21014 27392
21015 18217
21016 49960
21017 17152
21018 64288
21019 19233
21020 54016
21021 19233
21022 49953
21023 60192
21024 49952
21025 56097
21026 27424
21027 52009
21028 53777
21029 51992
21030 27424
21031 61797
21032 62248
21033 49952
21034 51976
21035 54049
21036 58113
21037 54048
21038 28449
21039 37665
21040 55080
21041 27520
21042 2856
21043 26400
21044 19233
21045 25377
21046 60256
21047 50976
21048 58112
21049 49960
21050 19233
21051 18977
21052 57121
21053 54057
21054 55073
21055 19233
21056 27424
21057 58145
21058 27424
21059 17185
21060 58152
21061 57185
21062 49921
21063 54048
21064 51976
21065 55073
21066 54049
21067 52001
21068 63265
21069 58145
21070 54049
21071 56097
21072 52065
21073 49960
21074 50533
21075 55857
21076 27153
21077 25345
21078 26408
21079 50533
21080 19200
21081 58112
21082 50533
21083 19232
21084 49960
21085 11041
21086 60320
21087 19200
21088 25376
21089 18961
21090 25504
21091 27424
21092 58145
21093 27424
21094 63265
21095 6693
21096 49953
21097 54049
21098 19233
21099 54048
21100 25352
21101 49953
21102 59168
21103 49509
21104 2857
21105 58144
21106 51976
21107 60257
21108 50533
21109 60192
21110 25377
21111 19201
21112 58144
21113 19233
21114 54049
21115 25377
21116 25504
21117 27432
21118 49969
21119 54057
21120 26409
21121 49960
21122 54056
21123 6945
21124 27424
21125 25376
21126 55072
21127 52000
21128 19200
21129 54048
21130 27424
21131 54024
21132 53033
21133 20256
21134 19240
21135 60192
21136 58144
21137 27392
21138 27153
21139 55080
21140 58144
21141 17152
21142 58144
21143 56617
21144 25345
21145 51977
21146 56681
21147 60192
21148 54072
21149 53809
21150 55080
21151 25377
21152 52000
21153 60193
21154 27392
21155 23337
21156 58208
21157 62248
21158 25440
21159 49953
21160 58145
21161 54040
21162 52001
21163 62241
21164 27136
21165 60264
21166 49957
21167 27169
21168 52001
21169 27424
21170 62241
21171 49953
21172 49961
21173 54049
21174 27401
21175 58144
21176 19201
21177 58144
21178 58144
21179 54072
21180 55081
21181 59169
21182 52065
21183 25376
21184 60201
21185 17169
21186 60161
21187 27169
21188 60160
21189 54048
21190 27528
21191 52000
21192 63264
21193 54052
21194 59177
21195 56160
21196 56097
21197 60200
21198 56104
21199 54049
21200 54072
21201 25377
21202 55072
21203 53793
21204 59177
21205 53024
21206 56681
21207 49952
21208 64289
21209 17153
21210 54049
21211 53025
21212 54049
21213 54048
21214 52000
21215 52009
21216 54049
21217 27425
21218 59177
21219 57121
21220 49953
21221 58144
21222 25384
21223 53536
21224 28512
21225 27392
21226 20321
21227 52000
21228 58144
21229 17184
21230 53032
21231 19241
21232 19200
21233 19224
21234 25376
21235 58144
21236 52000
21237 25353
21238 59168
21239 54817
21240 54056
21241 19241
21242 49952
21243 19232
21244 60193
21245 50533
21246 53793
21247 49952
21248 25368
21249 27153
21250 65377
21251 51745
21252 58209
21253 49953
21254 25377
21255 53605
21256 52008
21257 10769
21258 61217
21259 55081
21260 58145
21261 63265
21262 27153
21263 62248
21264 53601
21265 6949
21266 49957
21267 19297
21268 6949
21269 17184
21270 62248
21271 17184
21272 27432
21273 49952
21274 63265
21275 27137
21276 50533
21277 25377
21278 20257
21279 49944
21280 25376
21281 49952
21282 25384
21283 55072
21284 25376
21285 55072
21286 27432
21287 58145
21288 58121
21289 27496
21290 63265
21291 19216
21292 19233
21293 17184
21294 49936
21295 58144
21296 61216
21297 58216
21298 58208
21299 54048
21300 18945
21301 56681
21302 25440
21303 54049
21304 27393
21305 56105
21306 27153
21307 58144
21308 58113
21309 58145
21310 54049
21311 25504
21312 54049
21313 49921
21314 56096
21315 63264
21316 26401
21317 49961
21318 28449
21319 61217
21320 55073
21321 54112
21322 19232
21323 28456
21324 28449
21325 54048
21326 49920
21327 55073
21328 57121
21329 54049
21330 25345
21331 27393
21332 54057
21333 19233
21334 58144
21335 63265
21336 56072
21337 27432
21338 54057
21339 27392
21340 49953
21341 17192
21342 60264
21343 25377
21344 54049
21345 60193
21346 16161
21347 57128
21348 59177
21349 25504
21350 62305
21351 54048
21352 27424
21353 19200
21354 58113
21355 52000
21356 27392
21357 52009
21358 54052
21359 54048
21360 54048
21361 54049
21362 58144
21363 54048
21364 16741
21365 57121
21366 58144
21367 49952
21368 49952
21369 17152
21370 19233
21371 55072
21372 55857
21373 52001
21374 25376
21375 53600
21376 49960
21377 54057
21378 19201
21379 50976
21380 58145
21381 50976
21382 58144
21383 57129
21384 54821
21385 63265
21386 49952
21387 63265
21388 27424
21389 54057
21390 17185
21391 55080
21392 58144
21393 53605
21394 51969
21395 25376
21396 25345
21397 56097
21398 59169
21399 52001
21400 27400
21401 27400
21402 31521
21403 27153
21404 56681
21405 25368
21406 25377
21407 60161
21408 54049
21409 17185
21410 49944
21411 62248
21412 17208
21413 62240
21414 62241
21415 58152
21416 50984
21417 49953
21418 17185
21419 25344
21420 51745
21421 61217
21422 58209
21423 60161
21424 18209
21425 55081
21426 50017
21427 27169
21428 53605
21429 26400
21430 54064
21431 27392
21432 27424
21433 63273
21434 49928
21435 19232
21436 49960
21437 54561
21438 58208
21439 19200
21440 59168
21441 52000
21442 49952
21443 53605
21444 17176
21445 19208
21446 27488
21447 20257
21448 54072
21449 53808
21450 58145
21451 60193
21452 19208
21453 27464
21454 49952
21455 54049
21456 58144
21457 25344
21458 54048
21459 58152
21460 54057
21461 49953
21462 56073
21463 54056
21464 52001
21465 49929
21466 55081
21467 58153
21468 54057
21469 52001
21470 27392
21471 52001
21472 27425
21473 59168
21474 25449
21475 52065
21476 63265
21477 26376
21478 49928
21479 49960
21480 52009
21481 58113
21482 63273
21483 52000
21484 49952
21485 27393
21486 17193
21487 62240
21488 49960
21489 27393
21490 27553
21491 54048
21492 60192
21493 49960
21494 17192
21495 52001
21496 58145
21497 60193
21498 60201
21499 60161
21500 17184
21501 53536
21502 27433
21503 57129
21504 57185
21505 28513
21506 20233
21507 58144
21508 60193
21509 58112
21510 54048
21511 61797
21512 59168
21513 27424
21514 54048
21515 58144
21516 52000
21517 27425
21518 58144
21519 63272
21520 56096
21521 27433
21522 54049
21523 58144
21524 65377
21525 53793
21526 62240
21527 19224
21528 56096
21529 56105
21530 19201
21531 55953
21532 54049
21533 49953
21534 19240
21535 19224
21536 52008
21537 27528
21538 19232
21539 54049
21540 18945
21541 60169
21542 56681
21543 49952
21544 25377
21545 54049
21546 52000
21547 49920
21548 53793
21549 63329
21550 49960
21551 53793
21552 49960
21553 27400
21554 54049
21555 49952
21556 60160
21557 2593
21558 25377
21559 28449
21560 60161
21561 49952
21562 25376
21563 54056
21564 27393
21565 19241
21566 58145
21567 17153
21568 17193
21569 52001
21570 58145
21571 64289
21572 58208
21573 17256
21574 49960
21575 53792
21576 52000
21577 19233
21578 54048
21579 62241
21580 51553
21581 52000
21582 49952
21583 59169
21584 19200
21585 58144
21586 52000
21587 17160
21588 17192
21589 25448
21590 53281
21591 25385
21592 27424
21593 27153
21594 19232
21595 27425
21596 56096
21597 65312
21598 49952
21599 27393
21600 58208
21601 18977
21602 60257
21603 56096
21604 54057
21605 49952
21606 63265
21607 64288
21608 61797
21609 63329
21610 62248
21611 20257
21612 62241
21613 52992
21614 18217
21615 58144
21616 57121
21617 63272
21618 17185
21619 58113
21620 27425
21621 19233
21622 19240
21623 18945
21624 56681
21625 25344
21626 60161
21627 55072
21628 59168
21629 49952
21630 55073
21631 54056
21632 27425
21633 19200
21634 49960
21635 27169
21636 17161
21637 27392
21638 54016
21639 52001
21640 49952
21641 52000
21642 27400
21643 27457
21644 60161
21645 58112
21646 19200
21647 25385
21648 27489
21649 49960
21650 55073
21651 49953
21652 49960
21653 58145
21654 25377
21655 51969
21656 27393
21657 55073
21658 55081
21659 27424
21660 49961
21661 57121
21662 25440
21663 60193
21664 27393
21665 19201
21666 60256
21667 37665
21668 58272
21669 54049
21670 58145
21671 53545
21672 61793
21673 52000
21674 54049
21675 28448
21676 54049
21677 2848
21678 58145
21679 52001
21680 18961
21681 49953
21682 19232
21683 56097
21684 25384
21685 55072
21686 49944
21687 55088
21688 25488
21689 17185
21690 61216
21691 27393
21692 49920
21693 10769
21694 19217
21695 61185
21696 19296
21697 57701
21698 25344
21699 56097
21700 52008
21701 19232
21702 17184
21703 19233
21704 49953
21705 27425
21706 62248
21707 17153
21708 56064
21709 27153
21710 59168
21711 58152
21712 62241
21713 59169
21714 25504
21715 17185
21716 17152
21717 27424
21718 17185
21719 25384
21720 54056
21721 19232
21722 60192
21723 60192
21724 62248
21725 60168
21726 55073
21727 52001
21728 17176
21729 27488
21730 19208
21731 61796
21732 25344
21733 58120
21734 49505
21735 58144
21736 27497
21737 19200
21738 52000
21739 19216
21740 27425
21741 59177
21742 56088
21743 58145
21744 52008
21745 27409
21746 27393
21747 54049
21748 55073
21749 60192
21750 27424
21751 25345
21752 60192
21753 59232
21754 27425
21755 17184
21756 62241
21757 19209
21758 49936
21759 27393
21760 62248
21761 23337
21762 25377
21763 54052
21764 49953
21765 58144
21766 20257
21767 49921
21768 54049
21769 57121
21770 58209
21771 62305
21772 56105
21773 28513
21774 19241
21775 59168
21776 19233
21777 52009
21778 17184
21779 27424
21780 58145
21781 55145
21782 27425
21783 52001
21784 51993
21785 25376
21786 60193
21787 60161
21788 25377
21789 27456
21790 19232
21791 52008
21792 25344
21793 58144
21794 25441
21795 54057
21796 58145
21797 49921
21798 60192
21799 50977
21800 52001
21801 25344
21802 52001
21803 25377
21804 25384
21805 65321
21806 25384
21807 49952
21808 49952
21809 25376
21810 17160
21811 58208
21812 58144
21813 61280
21814 63265
21815 17152
21816 17184
21817 58208
21818 49953
21819 58144
21820 19233
21821 54049
21822 55072
21823 19201
21824 27392
21825 17160
21826 27528
21827 27400
21828 54057
21829 50992
21830 25472
21831 49952
21832 50016
21833 17184
21834 50977
21835 53601
21836 25377
21837 56097
21838 19233
21839 55073
21840 56097
21841 54072
21842 54040
21843 58209
21844 58216
21845 60168
21846 49952
21847 54040
21848 49952
21849 60201
21850 62241
21851 58112
21852 54072
21853 54072
21854 56104
21855 49969
21856 65313
21857 52000
21858 18977
21859 55072
21860 54064
21861 57129
21862 28520
21863 17184
21864 49969
21865 58145
21866 62241
21867 63265
21868 62240
21869 25440
21870 49936
21871 58144
21872 53809
21873 25385
21874 52000
21875 56681
21876 49953
21877 49944
21878 60192
21879 54040
21880 63265
21881 27416
21882 49944
21883 52000
21884 58113
21885 27424
21886 17176
21887 54056
21888 49953
21889 54056
21890 62241
21891 55073
21892 19232
21893 54049
21894 19232
21895 49952
21896 27425
21897 55073
21898 52000
21899 53808
21900 54040
21901 52001
21902 19232
21903 54049
21904 25344
21905 49953
21906 49952
21907 54049
21908 61216
21909 49968
21910 17185
21911 54048
21912 27401
21913 51993
21914 61216
21915 19240
21916 60256
21917 63328
21918 25376
21919 49953
21920 59177
21921 2857
21922 58112
21923 58121
21924 58216
21925 56065
21926 58144
21927 59136
21928 52000
21929 28417
21930 27393
21931 27424
21932 62241
21933 25376
21934 19200
21935 19208
21936 54049
21937 25440
21938 17185
21939 56681
21940 61217
21941 49952
21942 55073
21943 19232
21944 52000
21945 58209
21946 49929
21947 49961
21948 64289
21949 49952
21950 19233
21951 60193
21952 25376
21953 49921
21954 62208
21955 54056
21956 54049
21957 58145
21958 57121
21959 60193
21960 60169
21961 54049
21962 50977
21963 56097
21964 49920
21965 58144
21966 27393
21967 27392
21968 56120
21969 58145
21970 62241
21971 54048
21972 18977
21973 17176
21974 25344
21975 47021
21976 19256
21977 27153
21978 19209
21979 57700
21980 57889
21981 6689
21982 27425
21983 2593
21984 27528
21985 56120
21986 25344
21987 27409
21988 25449
21989 49952
21990 55073
21991 63265
21992 55096
21993 13089
21994 57696
21995 25377
21996 19217
21997 60192
21998 54024
21999 17176
22000 57129
22001 52008
22002 58145
22003 27425
22004 25377
22005 61797
22006 19208
22007 2593
22008 57129
22009 17152
22010 25344
22011 56097
22012 49960
22013 55072
22014 57128
22015 27424
22016 27528
22017 49969
22018 49960
22019 17249
22020 49944
22021 27137
22022 25384
22023 27400
22024 25496
22025 17185
22026 49968
22027 25377
22028 49953
22029 65313
22030 27464
22031 19233
22032 27416
22033 25344
22034 6949
22035 55080
22036 60193
22037 27392
22038 50984
22039 17152
22040 27416
22041 27488
22042 58145
22043 54048
22044 27553
22045 55953
22046 58144
22047 54049
22048 28448
22049 60192
22050 57696
22051 27393
22052 61797
22053 52016
22054 49953
22055 2856
22056 49960
22057 64289
22058 25344
22059 52001
22060 58145
22061 25377
22062 52000
22063 57121
22064 27424
22065 52001
22066 49953
22067 55080
22068 62248
22069 49921
22070 49952
22071 50976
22072 60200
22073 49952
22074 53025
22075 25377
22076 53605
22077 58264
22078 49953
22079 19241
22080 19296
22081 58144
22082 58144
22083 49952
22084 52001
22085 17185
22086 53604
22087 54048
22088 60193
22089 57696
22090 60161
22091 53033
22092 54048
22093 58145
22094 49952
22095 58145
22096 64289
22097 19233
22098 17185
22099 21281
22100 27393
22101 26401
22102 55081
22103 63272
22104 52000
22105 52008
22106 19216
22107 58144
22108 19240
22109 49952
22110 19200
22111 27153
22112 19233
22113 55072
22114 25376
22115 49921
22116 49504
22117 60193
22118 22313
22119 27456
22120 54056
22121 27424
22122 25384
22123 16913
22124 58152
22125 792
22126 53793
22127 19088
22128 19240
22129 17153
22130 27520
22131 54049
22132 27153
22133 58208
22134 18961
22135 54049
22136 61796
22137 23057
22138 6693
22139 27496
22140 27528
22141 55081
22142 49960
22143 25496
22144 18945
22145 53544
22146 19240
22147 27425
22148 15905
22149 61796
22150 28449
22151 53600
22152 18961
22153 27425
22154 53793
22155 57889
22156 19233
22157 54048
22158 61796
22159 18944
22160 19233
22161 25344
22162 49920
22163 52000
22164 58145
22165 49920
22166 54113
22167 55072
22168 58144
22169 58153
22170 49952
22171 54056
22172 58145
22173 58144
22174 54049
22175 25496
22176 58144
22177 56097
22178 49508
22179 27424
22180 55080
22181 25376
22182 19233
22183 19200
22184 49944
22185 53793
22186 58145
22187 6945
22188 49953
22189 19241
22190 63265
22191 54072
22192 49928
22193 27392
22194 49968
22195 58144
22196 27520
22197 25377
22198 27393
22199 49952
22200 19232
22201 55073
22202 49920
22203 27425
22204 55073
22205 58144
22206 53605
22207 52009
22208 59232
22209 19232
22210 56073
22211 58112
22212 25384
22213 17184
22214 27520
22215 63328
22216 49920
22217 19241
22218 55072
22219 27425
22220 25377
22221 19232
22222 52000
22223 52000
22224 18945
22225 17152
22226 50984
22227 17184
22228 54048
22229 58144
22230 26465
22231 19240
22232 58144
22233 49953
22234 27425
22235 17193
22236 58272
22237 54048
22238 54057
22239 51968
22240 27432
22241 56681
22242 26401
22243 60193
22244 17184
22245 58144
22246 49953
22247 52000
22248 58152
22249 53605
22250 52000
22251 62248
22252 27424
22253 49952
22254 54049
22255 63265
22256 60168
22257 52000
22258 55072
22259 54056
22260 49952
22261 60193
22262 18273
22263 17248
22264 20257
22265 25377
22266 56064
22267 27393
22268 62240
22269 27425
22270 54632
22271 18961
22272 52001
22273 49952
22274 58144
22275 57120
22276 58213
22277 19232
22278 27169
22279 51976
22280 49960
22281 54057
22282 17152
22283 56097
22284 52064
22285 60193
22286 56088
22287 58152
22288 54040
22289 28424
22290 27425
22291 27424
22292 49961
22293 19232
22294 60264
22295 63328
22296 25377
22297 61281
22298 51000
22299 27400
22300 22313
22301 49944
22302 50977
22303 54057
22304 25376
22305 55073
22306 51968
22307 25448
22308 49960
22309 56105
22310 59169
22311 49936
22312 17192
22313 27401
22314 55096
22315 28425
22316 55136
22317 8993
22318 25121
22319 60256
22320 52001
22321 19224
22322 19208
22323 56104
22324 49961
22325 16741
22326 27424
22327 49953
22328 54040
22329 25449
22330 49952
22331 58145
22332 58112
22333 56073
22334 49952
22335 61217
22336 19240
22337 64257
22338 52000
22339 27400
22340 54040
22341 58213
22342 49953
22343 54049
22344 54057
22345 60256
22346 58136
22347 54049
22348 27400
22349 54040
22350 51984
22351 17185
22352 25377
22353 27400
22354 49952
22355 25480
22356 25377
22357 62241
22358 49921
22359 27392
22360 52000
22361 58152
22362 58136
22363 58152
22364 54025
22365 60168
22366 54049
22367 19241
22368 60200
22369 54040
22370 49953
22371 54056
22372 19201
22373 54016
22374 58217
22375 60161
22376 52001
22377 58128
22378 25345
22379 54064
22380 55088
22381 60193
22382 54017
22383 19233
22384 19233
22385 49953
22386 19200
22387 63328
22388 49952
22389 17185
22390 54049
22391 63265
22392 56089
22393 58144
22394 2856
22395 64288
22396 25344
22397 25368
22398 60192
22399 17200
22400 54048
22401 25384
22402 49952
22403 59169
22404 56681
22405 49953
22406 49952
22407 58208
22408 60201
22409 63329
22410 54048
22411 17185
22412 49976
22413 52001
22414 54048
22415 63328
22416 17168
22417 49952
22418 25384
22419 54049
22420 53032
22421 27432
22422 49960
22423 49952
22424 27400
22425 54633
22426 50977
22427 27425
22428 17152
22429 52008
22430 27424
22431 54049
22432 60200
22433 56096
22434 25376
22435 49952
22436 57193
22437 60160
22438 25440
22439 58153
22440 60193
22441 58145
22442 49952
22443 27424
22444 57701
22445 54048
22446 53793
22447 58145
22448 53777
22449 54049
22450 27392
22451 2849
22452 25384
22453 27425
22454 63265
22455 62305
22456 63265
22457 19200
22458 19241
22459 54040
22460 49928
22461 58144
22462 49968
22463 19241
22464 27153
22465 54112
22466 25368
22467 19233
22468 49952
22469 55096
22470 27496
22471 49960
22472 54025
22473 56096
22474 25377
22475 55073
22476 62240
22477 19089
22478 27280
22479 56097
22480 25376
22481 63329
22482 27392
22483 60192
22484 55073
22485 56096
22486 50977
22487 37665
22488 49960
22489 58112
22490 21281
22491 25345
22492 54048
22493 58144
22494 19233
22495 58144
22496 27489
22497 59169
22498 65321
22499 51969
22500 52008
22501 25376
22502 19233
22503 49928
22504 58145
22505 49952
22506 58144
22507 50977
22508 54048
22509 52000
22510 49960
22511 17192
22512 53604
22513 58112
22514 58144
22515 49953
22516 58209
22517 62304
22518 58112
22519 19233
22520 58145
22521 52001
22522 58112
22523 56673
22524 18208
22525 54048
22526 2593
22527 60160
22528 49960
22529 54056
22530 55073
22531 54049
22532 61793
22533 59177
22534 27393
22535 27433
22536 50984
22537 62240
22538 51976
22539 17192
22540 58112
22541 52001
22542 28448
22543 56120
22544 62309
22545 56097
22546 59169
22547 27424
22548 2849
22549 13089
22550 57193
22551 19232
22552 58144
22553 25440
22554 49952
22555 25376
22556 25360
22557 49952
22558 27425
22559 27432
22560 49953
22561 27393
22562 54040
22563 60193
22564 19200
22565 58120
22566 54049
22567 50977
22568 59169
22569 27425
22570 60256
22571 25345
22572 53793
22573 49952
22574 49960
22575 58120
22576 53032
22577 49936
22578 27425
22579 54057
22580 52000
22581 60200
22582 19201
22583 19233
22584 54048
22585 54056
22586 49921
22587 26465
22588 58144
22589 19232
22590 25480
22591 27393
22592 17185
22593 54048
22594 51985
22595 58144
22596 54048
22597 58144
22598 50984
22599 50533
22600 49952
22601 53809
22602 51984
22603 62241
22604 51969
22605 58144
22606 27528
22607 25360
22608 26409
22609 54041
22610 56104
22611 52001
22612 27425
22613 25345
22614 54048
22615 27425
22616 54073
22617 2848
22618 19200
22619 53605
22620 52001
22621 55072
22622 58144
22623 57129
22624 54056
22625 27401
22626 27425
22627 52000
22628 27296
22629 58144
22630 52008
22631 49952
22632 57121
22633 62304
22634 17185
22635 56073
22636 19232
22637 62312
22638 63264
22639 49921
22640 55073
22641 58144
22642 25344
22643 58120
22644 58145
22645 54025
22646 58144
22647 53601
22648 25384
22649 19233
22650 60192
22651 54048
22652 54049
22653 35617
22654 27425
22655 56105
22656 19208
22657 54057
22658 49952
22659 64352
22660 54064
22661 54057
22662 54049
22663 49920
22664 53025
22665 49953
22666 62240
22667 17200
22668 25377
22669 60193
22670 56681
22671 27409
22672 55080
22673 19201
22674 58152
22675 19224
22676 17160
22677 58144
22678 27393
22679 54048
22680 19201
22681 59168
22682 62208
22683 53024
22684 6945
22685 27392
22686 49960
22687 49952
22688 53600
22689 17185
22690 57701
22691 19233
22692 54048
22693 57192
22694 49953
22695 17152
22696 58272
22697 25344
22698 27400
22699 52008
22700 27137
22701 49952
22702 60192
22703 58153
22704 51984
22705 53605
22706 58145
22707 58272
22708 58152
22709 20257
22710 54048
22711 59169
22712 49953
22713 58145
22714 54048
22715 59176
22716 49952
22717 60193
22718 49944
22719 25376
22720 54113
22721 52001
22722 25504
22723 54072
22724 58145
22725 49952
22726 54048
22727 27424
22728 17184
22729 17168
22730 27425
22731 49953
22732 19233
22733 17160
22734 52001
22735 25352
22736 27392
22737 17152
22738 19240
22739 49953
22740 60192
22741 54048
22742 58153
22743 17184
22744 53793
22745 60193
22746 54632
22747 58120
22748 19208
22749 60200
22750 25368
22751 27400
22752 50533
22753 50992
22754 54056
22755 27400
22756 25352
22757 60200
22758 62305
22759 59168
22760 57193
22761 49944
22762 25377
22763 50976
22764 58208
22765 52000
22766 58136
22767 61185
22768 61217
22769 62305
22770 54049
22771 27137
22772 60160
22773 17192
22774 49953
22775 63273
22776 60193
22777 49952
22778 20265
22779 54072
22780 27400
22781 49960
22782 54073
22783 49960
22784 27432
22785 49957
22786 27153
22787 19209
22788 60192
22789 17200
22790 52000
22791 54040
22792 54056
22793 60192
22794 53776
22795 27424
22796 58152
22797 54056
22798 52072
22799 52000
22800 49952
22801 58145
22802 27137
22803 57121
22804 58113
22805 49928
22806 54048
22807 27488
22808 19233
22809 56617
22810 62240
22811 56105
22812 54057
22813 18945
22814 52001
22815 27425
22816 27393
22817 55072
22818 52009
22819 58280
22820 49952
22821 54040
22822 49509
22823 17184
22824 27400
22825 64288
22826 62241
22827 58144
22828 25377
22829 58145
22830 2857
22831 27393
22832 60192
22833 50984
22834 25408
22835 49952
22836 49505
22837 49952
22838 25376
22839 57697
22840 54049
22841 52000
22842 49960
22843 25376
22844 52072
22845 58152
22846 29217
22847 49953
22848 51745
22849 56681
22850 59232
22851 39713
22852 51760
22853 57129
22854 50016
22855 55072
22856 28449
22857 58144
22858 54048
22859 19240
22860 58209
22861 27424
22862 58144
22863 51969
22864 49952
22865 54056
22866 58144
22867 60160
22868 49952
22869 19233
22870 25376
22871 19217
22872 54056
22873 56097
22874 49952
22875 25376
22876 55137
22877 58144
22878 28449
22879 53025
22880 49952
22881 49960
22882 54049
22883 62240
22884 62240
22885 19200
22886 58152
22887 52008
22888 57193
22889 19233
22890 54048
22891 54065
22892 57701
22893 49509
22894 53809
22895 35617
22896 63265
22897 56617
22898 27392
22899 49953
22900 37688
22901 55096
22902 25385
22903 54048
22904 27424
22905 52001
22906 50533
22907 51969
22908 58209
22909 63264
22910 25344
22911 50533
22912 25384
22913 49968
22914 19201
22915 11809
22916 17184
22917 49929
22918 53033
22919 27393
22920 25376
22921 55081
22922 25376
22923 50976
22924 27488
22925 25496
22926 26401
22927 50976
22928 56088
22929 61280
22930 55081
22931 52000
22932 27425
22933 17184
22934 52008
22935 19201
22936 58120
22937 64289
22938 19201
22939 19336
22940 17152
22941 25376
22942 22305
22943 54049
22944 13089
22945 54048
22946 49952
22947 25368
22948 52009
22949 25377
22950 49937
22951 63265
22952 62241
22953 60200
22954 27424
22955 52001
22956 49952
22957 19233
22958 54048
22959 56073
22960 51968
22961 27425
22962 27489
22963 25376
22964 49957
22965 54065
22966 52000
22967 51969
22968 52000
22969 25504
22970 49952
22971 60193
22972 49952
22973 54049
22974 62241
22975 27489
22976 27425
22977 59168
22978 53809
22979 60193
22980 58152
22981 27392
22982 54056
22983 56089
22984 49921
22985 54625
22986 58144
22987 6689
22988 17208
22989 49953
22990 62241
22991 49952
22992 58145
22993 49952
22994 56681
22995 58145
22996 19201
22997 27393
22998 57121
22999 58208
23000 19240
23001 54048
23002 60193
23003 58113
23004 55081
23005 54048
23006 49928
23007 59745
23008 54048
23009 25440
23010 58144
23011 27433
23012 58208
23013 54057
23014 49961
23015 61225
23016 55072
23017 65312
23018 20256
23019 25344
23020 53604
23021 50976
23022 27281
23023 19232
23024 17184
23025 27424
23026 54049
23027 49952
23028 49968
23029 53545
23030 55080
23031 49953
23032 49952
23033 17185
23034 60200
23035 25377
23036 54049
23037 54049
23038 26401
23039 54049
23040 53797
23041 19233
23042 26464
23043 57128
23044 60256
23045 19208
23046 25376
23047 56681
23048 53793
23049 58145
23050 52009
23051 28449
23052 52001
23053 62309
23054 53809
23055 49937
23056 27425
23057 19232
23058 49921
23059 51969
23060 50992
23061 27400
23062 49960
23063 49953
23064 58145
23065 17184
23066 25448
23067 58208
23068 25488
23069 20257
23070 60193
23071 49953
23072 62240
23073 49944
23074 2848
23075 58144
23076 23328
23077 56097
23078 25384
23079 49953
23080 54017
23081 54056
23082 56096
23083 62241
23084 49953
23085 56080
23086 27544
23087 60256
23088 17184
23089 49921
23090 56617
23091 60192
23092 54056
23093 61797
23094 54053
23095 56681
23096 27425
23097 25496
23098 17184
23099 49952
23100 54048
23101 56073
23102 19201
23103 17160
23104 59169
23105 49960
23106 56096
23107 19208
23108 49960
23109 27137
23110 60160
23111 49944
23112 52001
23113 49952
23114 54049
23115 25376
23116 39713
23117 27464
23118 18216
23119 27425
23120 49953
23121 19240
23122 19201
23123 59168
23124 60256
23125 26465
23126 27489
23127 28449
23128 52000
23129 19232
23130 59169
23131 17184
23132 54048
23133 56160
23134 54048
23135 25377
23136 54024
23137 63264
23138 49953
23139 27425
23140 49960
23141 58144
23142 50977
23143 17192
23144 49952
23145 58144
23146 58208
23147 20257
23148 63328
23149 19233
23150 53600
23151 54049
23152 20257
23153 49953
23154 25376
23155 53600
23156 49961
23157 55080
23158 19232
23159 60264
23160 27425
23161 28513
23162 49952
23163 53025
23164 52000
23165 49952
23166 60160
23167 25360
23168 51552
23169 19088
23170 60200
23171 58145
23172 60168
23173 19200
23174 19217
23175 52008
23176 54049
23177 58144
23178 56097
23179 49968
23180 54049
23181 54048
23182 27425
23183 19233
23184 27424
23185 49936
23186 2849
23187 60192
23188 20257
23189 55080
23190 25377
23191 54065
23192 62313
23193 19225
23194 56105
23195 57193
23196 54064
23197 54049
23198 54049
23199 49960
23200 54064
23201 17185
23202 19209
23203 59177
23204 55072
23205 49969
23206 25345
23207 54056
23208 54048
23209 54048
23210 52000
23211 49936
23212 52001
23213 53025
23214 25344
23215 19224
23216 26376
23217 25344
23218 27425
23219 50976
23220 20265
23221 11048
23222 27424
23223 55073
23224 51993
23225 49504
23226 49960
23227 19240
23228 58144
23229 17185
23230 58144
23231 58144
23232 58209
23233 25376
23234 27433
23235 54056
23236 57193
23237 25377
23238 58144
23239 64033
23240 25376
23241 52008
23242 54064
23243 54064
23244 57121
23245 63265
23246 53033
23247 19241
23248 29472
23249 25376
23250 53793
23251 49944
23252 27425
23253 60192
23254 49960
23255 19217
23256 19240
23257 54040
23258 49944
23259 18209
23260 53025
23261 54040
23262 19240
23263 63329
23264 25441
23265 49961
23266 19240
23267 54056
23268 49961
23269 18209
23270 59169
23271 54048
23272 54072
23273 60257
23274 58721
23275 54633
23276 62240
23277 49952
23278 60192
23279 58144
23280 55080
23281 25377
23282 60264
23283 54017
23284 19208
23285 17184
23286 19232
23287 49944
23288 49952
23289 60192
23290 54048
23291 54049
23292 60192
23293 56096
23294 58144
23295 18977
23296 19208
23297 17176
23298 62304
23299 49952
23300 52000
23301 17184
23302 52001
23303 17169
23304 62240
23305 60193
23306 58112
23307 52000
23308 53033
23309 49953
23310 52009
23311 19224
23312 17185
23313 62240
23314 59233
23315 57129
23316 49952
23317 55073
23318 52000
23319 49953
23320 53025
23321 27393
23322 54056
23323 54032
23324 50016
23325 19232
23326 27400
23327 49953
23328 55073
23329 62240
23330 19233
23331 54048
23332 52000
23333 19233
23334 50977
23335 52009
23336 27433
23337 62240
23338 19208
23339 55080
23340 27432
23341 49920
23342 54049
23343 28417
23344 57097
23345 49944
23346 54113
23347 49952
23348 52001
23349 55080
23350 56097
23351 49953
23352 62240
23353 25353
23354 56681
23355 52001
23356 61225
23357 49953
23358 57129
23359 56105
23360 58144
23361 54049
23362 52000
23363 54056
23364 19200
23365 54049
23366 28001
23367 27392
23368 27153
23369 19200
23370 53605
23371 17184
23372 61797
23373 65385
23374 53793
23375 27416
23376 57696
23377 6945
23378 54056
23379 49961
23380 19200
23381 17152
23382 59233
23383 27496
23384 51968
23385 27424
23386 59169
23387 54041
23388 58145
23389 19233
23390 51969
23391 16161
23392 58144
23393 54056
23394 19225
23395 54049
23396 58153
23397 19089
23398 59169
23399 17184
23400 25377
23401 49960
23402 63273
23403 61225
23404 59169
23405 27496
23406 52008
23407 58144
23408 58112
23409 53808
23410 25376
23411 58144
23412 19201
23413 58152
23414 54057
23415 19200
23416 6949
23417 54053
23418 52001
23419 52008
23420 60169
23421 25384
23422 25376
23423 58152
23424 17192
23425 52000
23426 56617
23427 49944
23428 19232
23429 29473
23430 18960
23431 11048
23432 52064
23433 58152
23434 26401
23435 55072
23436 58112
23437 49976
23438 27416
23439 54048
23440 49952
23441 58153
23442 57121
23443 49920
23444 25376
23445 52001
23446 49921
23447 49952
23448 56105
23449 51000
23450 57121
23451 60169
23452 27489
23453 54056
23454 51968
23455 58208
23456 53536
23457 49920
23458 17192
23459 58144
23460 61797
23461 62309
23462 49952
23463 61216
23464 58145
23465 61797
23466 60192
23467 58144
23468 25345
23469 54048
23470 49953
23471 50976
23472 27424
23473 56097
23474 19200
23475 51976
23476 28512
23477 49953
23478 17184
23479 27392
23480 60192
23481 61217
23482 53809
23483 55081
23484 19232
23485 27433
23486 54057
23487 58144
23488 59177
23489 27432
23490 25440
23491 17184
23492 57128
23493 19201
23494 49960
23495 49952
23496 63264
23497 49953
23498 49921
23499 58145
23500 49953
23501 19208
23502 27424
23503 62241
23504 57697
23505 54049
23506 56096
23507 25377
23508 62240
23509 27489
23510 25376
23511 58152
23512 57121
23513 51977
23514 19200
23515 27424
23516 25344
23517 60256
23518 58144
23519 26465
23520 19201
23521 25345
23522 52001
23523 19232
23524 57193
23525 49960
23526 49952
23527 19232
23528 27153
23529 54048
23530 61797
23531 61797
23532 57121
23533 27393
23534 25376
23535 2849
23536 54056
23537 56105
23538 60321
23539 57128
23540 17176
23541 27400
23542 25488
23543 58145
23544 27424
23545 28449
23546 54048
23547 54112
23548 19233
23549 52024
23550 6693
23551 28417
23552 52001
23553 58144
23554 60256
23555 25377
23556 58152
23557 27288
23558 19233
23559 49937
23560 61216
23561 55073
23562 59168
23563 20321
23564 52000
23565 61217
23566 54040
23567 59168
23568 57129
23569 62304
23570 17185
23571 52001
23572 54056
23573 17185
23574 50984
23575 25376
23576 49968
23577 60192
23578 51985
23579 63264
23580 60160
23581 54056
23582 2848
23583 49952
23584 54057
23585 55080
23586 58144
23587 56105
23588 55073
23589 54040
23590 58152
23591 55073
23592 17184
23593 27424
23594 19240
23595 58153
23596 53777
23597 58145
23598 27392
23599 58145
23600 27488
23601 52016
23602 55073
23603 52001
23604 25440
23605 53600
23606 17185
23607 54048
23608 58144
23609 56105
23610 58144
23611 54048
23612 27400
23613 49952
23614 60193
23615 25385
23616 50017
23617 49952
23618 59168
23619 49953
23620 18961
23621 49509
23622 58144
23623 27392
23624 49944
23625 50024
23626 61797
23627 60200
23628 17185
23629 58145
23630 58145
23631 54057
23632 25448
23633 27425
23634 17192
23635 62241
23636 62248
23637 27424
23638 19241
23639 62240
23640 54032
23641 55072
23642 49920
23643 52000
23644 25352
23645 56097
23646 64289
23647 17168
23648 27400
23649 55072
23650 25377
23651 52008
23652 19201
23653 50977
23654 64257
23655 25504
23656 25089
23657 51976
23658 19233
23659 52577
23660 26465
23661 60161
23662 25345
23663 26401
23664 27425
23665 25377
23666 17192
23667 58145
23668 17184
23669 49961
23670 55072
23671 52008
23672 50977
23673 49952
23674 58153
23675 25441
23676 58112
23677 19200
23678 58112
23679 17184
23680 58145
23681 58144
23682 26400
23683 50533
23684 63328
23685 52008
23686 58144
23687 60161
23688 57097
23689 57128
23690 19240
23691 63273
23692 59233
23693 49944
23694 18977
23695 17153
23696 11040
23697 27400
23698 19208
23699 49928
23700 54056
23701 49944
23702 2577
23703 51000
23704 52008
23705 58721
23706 54048
23707 55144
23708 58209
23709 54073
23710 49952
23711 60192
23712 64288
23713 50985
23714 58145
23715 58152
23716 63265
23717 25440
23718 56096
23719 49952
23720 63264
23721 55841
23722 49921
23723 27393
23724 27425
23725 27392
23726 19233
23727 49952
23728 52009
23729 28457
23730 49952
23731 52001
23732 54064
23733 27400
23734 49960
23735 2593
23736 62240
23737 27528
23738 25377
23739 49953
23740 25377
23741 27464
23742 54048
23743 58112
23744 58113
23745 27401
23746 49953
23747 55080
23748 25352
23749 49952
23750 53025
23751 58152
23752 19241
23753 25344
23754 27416
23755 19200
23756 25384
23757 27433
23758 54048
23759 58112
23760 19233
23761 51992
23762 58144
23763 27433
23764 49953
23765 27392
23766 58112
23767 58120
23768 53537
23769 62817
23770 17192
23771 56096
23772 54048
23773 19225
23774 55856
23775 59169
23776 62241
23777 57701
23778 17192
23779 19224
23780 17192
23781 19233
23782 57129
23783 25376
23784 25448
23785 55080
23786 25377
23787 54016
23788 63264
23789 19201
23790 50977
23791 18961
23792 27392
23793 56097
23794 56617
23795 54057
23796 61185
23797 55072
23798 19232
23799 35617
23800 55072
23801 54057
23802 59169
23803 27425
23804 52008
23805 49968
23806 57129
23807 17168
23808 54056
23809 19233
23810 49953
23811 54056
23812 54057
23813 57097
23814 60193
23815 25345
23816 60321
23817 56681
23818 61217
23819 19201
23820 17184
23821 57193
23822 49953
23823 25377
23824 19232
23825 49953
23826 57193
23827 57121
23828 52001
23829 49953
23830 27400
23831 54056
23832 64352
23833 49920
23834 26400
23835 59169
23836 54049
23837 49960
23838 19233
23839 54065
23840 55073
23841 49952
23842 58153
23843 19233
23844 56681
23845 49960
23846 65377
23847 26465
23848 49952
23849 58208
23850 25449
23851 54057
23852 56097
23853 56097
23854 54064
23855 49952
23856 27424
23857 17193
23858 53793
23859 27152
23860 60256
23861 49960
23862 58145
23863 28513
23864 50533
23865 27280
23866 55857
23867 27528
23868 27265
23869 63264
23870 55809
23871 27393
23872 27425
23873 54072
23874 55072
23875 49953
23876 11041
23877 56104
23878 27424
23879 27424
23880 63265
23881 19240
23882 26465
23883 58120
23884 54048
23885 19232
23886 25408
23887 25360
23888 27424
23889 27392
23890 52001
23891 49509
23892 25352
23893 58152
23894 19088
23895 54064
23896 60168
23897 18209
23898 52001
23899 19240
23900 19208
23901 19208
23902 61225
23903 56105
23904 49968
23905 58144
23906 27424
23907 52008
23908 62240
23909 62248
23910 58144
23911 51985
23912 49960
23913 54052
23914 56096
23915 49952
23916 49952
23917 52009
23918 19201
23919 25360
23920 56097
23921 52009
23922 19200
23923 52000
23924 54057
23925 25376
23926 63264
23927 53809
23928 58144
23929 19232
23930 25377
23931 54024
23932 25377
23933 54048
23934 49952
23935 2848
23936 54056
23937 20257
23938 63328
23939 56096
23940 54048
23941 54049
23942 55145
23943 49952
23944 54073
23945 49960
23946 54048
23947 57120
23948 58144
23949 53601
23950 49960
23951 59232
23952 56097
23953 52001
23954 54048
23955 17184
23956 49921
23957 2848
23958 27393
23959 17152
23960 49952
23961 53776
23962 54017
23963 19209
23964 17176
23965 50977
23966 53793
23967 25345
23968 25377
23969 54049
23970 54056
23971 19208
23972 49952
23973 17192
23974 25368
23975 19256
23976 25384
23977 19224
23978 25440
23979 25376
23980 58152
23981 25384
23982 19201
23983 52000
23984 17185
23985 19224
23986 60201
23987 52008
23988 27393
23989 54049
23990 19240
23991 58144
23992 25368
23993 55649
23994 58144
23995 27392
23996 54048
23997 19201
23998 56096
23999 60168
24000 61217
24001 49952
24002 55081
24003 52001
24004 52009
24005 58152
24006 23337
24007 27432
24008 25345
24009 58208
24010 49952
24011 58152
24012 61216
24013 27425
24014 19232
24015 49952
24016 27457
24017 52000
24018 54017
24019 27456
24020 19232
24021 65377
24022 27544
24023 58208
24024 57697
24025 11040
24026 62240
24027 58145
24028 62305
24029 27425
24030 17192
24031 54056
24032 51968
24033 54048
24034 57121
24035 50016
24036 19208
24037 56104
24038 55080
24039 63265
24040 19232
24041 52001
24042 19208
24043 25377
24044 49952
24045 25376
24046 59168
24047 49504
24048 56097
24049 27153
24050 49952
24051 50533
24052 25496
24053 50533
24054 27153
24055 54625
24056 17176
24057 27265
24058 61797
24059 62241
24060 57097
24061 56072
24062 6944
24063 58144
24064 27424
24065 54112
24066 19209
24067 57701
24068 27400
24069 25377
24070 54072
24071 49953
24072 61985
24073 25360
24074 54049
24075 54048
24076 49953
24077 50533
24078 54112
24079 19224
24080 55953
24081 49953
24082 54072
24083 25440
24084 19201
24085 19208
24086 49960
24087 17185
24088 63272
24089 60192
24090 49952
24091 55073
24092 52000
24093 65385
24094 64289
24095 63265
24096 18944
24097 49960
24098 19224
24099 27425
24100 19201
24101 52025
24102 27400
24103 25377
24104 63265
24105 19232
24106 52008
24107 19240
24108 58208
24109 60192
24110 53793
24111 56681
24112 54052
24113 49968
24114 53809
24115 54040
24116 25376
24117 11809
24118 58145
24119 19201
24120 27424
24121 54053
24122 56673
24123 62305
24124 49952
24125 55072
24126 54048
24127 58272
24128 27424
24129 60192
24130 25384
24131 58144
24132 57696
24133 49952
24134 27392
24135 17192
24136 27401
24137 25384
24138 54056
24139 60201
24140 61224
24141 58145
24142 49960
24143 19208
24144 49929
24145 27392
24146 62241
24147 25384
24148 25344
24149 52009
24150 58144
24151 25377
24152 60193
24153 27424
24154 25377
24155 61797
24156 19224
24157 17256
24158 51976
24159 27392
24160 62304
24161 27425
24162 58280
24163 63264
24164 49928
24165 54048
24166 62208
24167 49952
24168 17153
24169 49952
24170 52000
24171 56104
24172 62241
24173 26408
24174 18209
24175 19233
24176 52008
24177 17248
24178 58144
24179 51969
24180 27408
24181 54016
24182 53600
24183 53605
24184 59232
24185 58144
24186 49952
24187 51968
24188 27392
24189 59137
24190 59169
24191 62240
24192 19208
24193 27393
24194 63328
24195 49952
24196 27424
24197 58120
24198 58144
24199 54049
24200 58120
24201 49920
24202 54016
24203 49952
24204 52017
24205 63265
24206 60200
24207 28520
24208 49952
24209 25488
24210 19232
24211 60192
24212 58145
24213 52000
24214 54049
24215 25377
24216 58144
24217 28449
24218 52024
24219 19209
24220 25353
24221 27424
24222 19200
24223 53032
24224 62248
24225 19232
24226 54056
24227 49976
24228 17185
24229 17192
24230 26400
24231 54048
24232 29472
24233 62313
24234 60201
24235 27393
24236 49953
24237 27401
24238 25376
24239 52000
24240 58112
24241 25416
24242 19208
24243 17765
24244 54056
24245 54056
24246 27393
24247 27416
24248 49936
24249 19200
24250 25376
24251 50016
24252 58145
24253 61793
24254 54064
24255 49504
24256 17185
24257 52001
24258 62248
24259 27424
24260 58144
24261 54040
24262 58144
24263 63264
24264 56096
24265 61225
24266 54064
24267 52000
24268 17185
24269 54040
24270 59169
24271 19224
24272 49952
24273 49944
24274 23329
24275 55080
24276 58144
24277 27393
24278 49952
24279 19208
24280 17184
24281 62240
24282 27400
24283 54569
24284 54048
24285 25376
24286 60192
24287 60161
24288 49952
24289 54053
24290 58152
24291 58144
24292 49961
24293 58217
24294 54056
24295 49944
24296 49960
24297 60161
24298 49920
24299 52009
24300 52001
24301 53792
24302 17184
24303 52009
24304 26465
24305 19232
24306 52001
24307 63273
24308 54632
24309 62305
24310 25376
24311 49952
24312 51969
24313 27424
24314 18944
24315 58144
24316 53793
24317 61216
24318 58120
24319 56105
24320 53604
24321 58144
24322 27424
24323 62249
24324 56160
24325 64353
24326 27425
24327 58144
24328 52009
24329 54056
24330 19200
24331 49936
24332 56681
24333 19200
24334 61792
24335 49976
24336 25416
24337 54056
24338 19208
24339 52008
24340 57185
24341 55073
24342 17185
24343 54049
24344 60256
24345 52009
24346 63265
24347 61216
24348 50977
24349 60161
24350 49960
24351 53808
24352 17160
24353 19296
24354 64289
24355 57185
24356 59233
24357 54048
24358 50977
24359 27425
24360 57193
24361 17184
24362 63273
24363 56096
24364 56097
24365 54049
24366 55073
24367 25440
24368 17184
24369 54625
24370 60201
24371 53025
24372 56681
24373 60168
24374 59177
24375 61281
24376 58153
24377 19201
24378 60193
24379 17161
24380 54033
24381 19233
24382 58144
24383 51976
24384 25440
24385 56096
24386 58152
24387 49936
24388 49952
24389 54625
24390 58120
24391 56681
24392 55081
24393 21281
24394 54065
24395 54064
24396 17152
24397 57129
24398 19200
24399 63265
24400 19241
24401 27400
24402 54048
24403 54049
24404 49952
24405 27520
24406 56681
24407 27153
24408 53536
24409 54625
24410 61797
24411 61797
24412 54048
24413 56104
24414 57129
24415 54056
24416 25345
24417 56072
24418 25377
24419 25384
24420 55081
24421 58149
24422 51969
24423 25504
24424 62241
24425 50977
24426 19233
24427 27400
24428 60193
24429 27392
24430 17185
24431 19217
24432 49953
24433 19209
24434 63264
24435 25488
24436 49953
24437 57185
24438 25376
24439 58144
24440 25368
24441 49944
24442 49445
24443 53793
24444 56097
24445 17193
24446 59168
24447 49953
24448 59176
24449 56681
24450 56097
24451 49953
24452 17208
24453 25376
24454 60192
24455 17160
24456 58120
24457 63264
24458 58208
24459 58145
24460 19232
24461 58145
24462 25377
24463 27401
24464 19232
24465 59169
24466 58145
24467 49952
24468 17185
24469 27424
24470 54833
24471 64032
24472 49961
24473 54057
24474 55073
24475 58145
24476 62304
24477 27424
24478 25376
24479 51984
24480 49960
24481 49952
24482 19208
24483 58112
24484 60200
24485 62240
24486 54073
24487 58145
24488 25376
24489 19233
24490 52008
24491 58128
24492 18961
24493 58144
24494 62240
24495 51976
24496 19241
24497 65321
24498 54049
24499 17193
24500 31521
24501 54040
24502 55073
24503 58152
24504 58145
24505 54056
24506 19201
24507 52000
24508 54024
24509 58144
24510 27432
24511 17249
24512 56096
24513 58145
24514 25377
24515 49953
24516 53545
24517 27425
24518 25345
24519 25377
24520 51977
24521 53809
24522 25376
24523 58144
24524 52000
24525 54049
24526 55080
24527 50977
24528 25440
24529 19232
24530 49960
24531 27432
24532 19201
24533 28417
24534 54048
24535 58144
24536 27432
24537 54049
24538 35617
24539 56681
24540 19201
24541 56097
24542 25344
24543 54049
24544 54112
24545 59168
24546 57129
24547 51984
24548 27392
24549 63265
24550 52065
24551 49961
24552 27488
24553 27393
24554 60193
24555 49960
24556 19232
24557 28448
24558 25376
24559 49952
24560 49952
24561 52001
24562 26465
24563 62240
24564 54048
24565 27424
24566 50977
24567 27393
24568 60192
24569 25384
24570 19232
24571 60192
24572 19297
24573 59137
24574 25344
24575 49953
24576 60201
24577 55073
24578 61797
24579 61797
24580 57193
24581 55081
24582 56097
24583 60192
24584 58144
24585 54057
24586 51969
24587 17153
24588 25440
24589 55137
24590 59169
24591 27560
24592 58208
24593 27424
24594 54057
24595 56865
24596 56105
24597 58144
24598 52001
24599 56097
24600 27393
24601 27432
24602 54833
24603 28457
24604 54048
24605 63265
24606 27393
24607 19297
24608 58152
24609 59169
24610 54048
24611 27393
24612 27392
24613 53025
24614 49952
24615 55073
24616 49928
24617 49952
24618 55080
24619 20256
24620 27400
24621 27392
24622 27432
24623 60193
24624 54064
24625 17192
24626 56096
24627 53792
24628 52000
24629 49952
24630 56072
24631 52000
24632 25377
24633 17161
24634 49952
24635 20257
24636 25441
24637 25472
24638 25377
24639 55080
24640 49952
24641 60193
24642 27424
24643 19232
24644 64289
24645 19201
24646 49929
24647 25352
24648 54056
24649 56088
24650 54056
24651 56097
24652 25376
24653 17169
24654 58153
24655 57701
24656 19208
24657 58145
24658 54056
24659 58144
24660 27153
24661 56105
24662 59169
24663 58145
24664 56681
24665 49953
24666 52001
24667 58144
24668 27424
24669 57701
24670 19232
24671 58144
24672 25377
24673 54048
24674 49920
24675 27424
24676 60200
24677 57121
24678 27400
24679 49936
24680 27425
24681 59169
24682 27425
24683 19241
24684 54049
24685 19241
24686 26401
24687 54056
24688 25480
24689 52001
24690 27433
24691 62248
24692 52000
24693 25376
24694 52000
24695 25376
24696 20233
24697 17185
24698 19217
24699 49921
24700 52000
24701 62241
24702 54056
24703 19233
24704 52001
24705 53032
24706 27488
24707 55080
24708 25376
24709 52001
24710 50017
24711 17193
24712 56073
24713 49953
24714 21280
24715 54056
24716 52001
24717 17184
24718 59169
24719 27424
24720 25376
24721 60201
24722 53025
24723 54048
24724 58145
24725 52000
24726 27488
24727 58209
24728 27425
24729 25376
24730 27424
24731 27425
24732 25376
24733 58208
24734 55145
24735 54056
24736 19240
24737 49921
24738 54048
24739 58112
24740 19232
24741 58144
24742 49960
24743 54048
24744 54048
24745 25416
24746 19208
24747 51968
24748 21288
24749 49944
24750 17193
24751 49952
24752 56681
24753 28449
24754 53797
24755 62304
24756 52000
24757 54048
24758 54049
24759 51985
24760 25377
24761 19208
24762 25416
24763 54048
24764 25376
24765 19297
24766 16913
24767 51968
24768 49968
24769 17160
24770 49953
24771 54056
24772 25384
24773 60161
24774 26401
24775 64352
24776 25376
24777 58144
24778 19200
24779 10769
24780 54048
24781 19232
24782 51968
24783 27425
24784 58136
24785 58113
24786 25448
24787 25376
24788 63264
24789 54048
24790 54072
24791 60256
24792 49697
24793 27488
24794 49953
24795 51969
24796 51977
24797 55081
24798 50984
24799 61224
24800 52000
24801 58144
24802 27393
24803 58144
24804 27424
24805 27393
24806 17153
24807 60200
24808 54048
24809 37672
24810 27496
24811 58128
24812 19209
24813 65377
24814 56096
24815 58208
24816 19201
24817 19233
24818 19232
24819 52009
24820 60192
24821 64288
24822 62312
24823 49952
24824 53024
24825 27424
24826 19233
24827 54056
24828 62241
24829 25344
24830 50976
24831 25377
24832 60193
24833 25377
24834 25345
24835 25344
24836 19240
24837 60256
24838 25344
24839 60192
24840 55073
24841 58152
24842 27392
24843 51993
24844 57129
24845 28417
24846 52000
24847 17192
24848 51969
24849 27392
24850 26409
24851 54024
24852 26400
24853 54049
24854 49952
24855 58121
24856 58144
24857 62305
24858 54120
24859 19232
24860 50976
24861 49441
24862 62240
24863 60193
24864 49952
24865 59168
24866 27424
24867 19241
24868 49952
24869 49960
24870 49944
24871 51977
24872 19200
24873 58145
24874 54016
24875 65312
24876 49928
24877 17184
24878 19232
24879 58145
24880 27424
24881 53793
24882 19216
24883 25377
24884 49960
24885 27400
24886 25376
24887 62304
24888 19209
24889 59169
24890 49920
24891 57192
24892 56673
24893 54048
24894 25376
24895 56096
24896 18216
24897 55081
24898 49968
24899 58145
24900 19240
24901 49937
24902 27153
24903 17765
24904 55077
24905 61792
24906 27153
24907 58145
24908 27153
24909 55073
24910 25360
24911 49921
24912 49952
24913 54048
24914 27416
24915 28449
24916 58213
24917 65377
24918 27528
24919 51969
24920 27425
24921 25377
24922 62241
24923 58145
24924 18209
24925 27424
24926 19233
24927 25377
24928 25344
24929 19352
24930 25353
24931 52008
24932 55096
24933 25377
24934 54049
24935 27280
24936 55073
24937 54017
24938 53025
24939 25344
24940 50533
24941 17184
24942 56120
24943 52001
24944 54120
24945 58152
24946 49952
24947 51976
24948 17185
24949 61792
24950 51968
24951 54056
24952 25376
24953 49921
24954 17184
24955 17184
24956 53605
24957 27424
24958 54072
24959 49953
24960 56120
24961 58121
24962 27488
24963 25376
24964 27392
24965 55073
24966 20264
24967 62241
24968 49953
24969 52009
24970 27433
24971 60193
24972 54048
24973 58145
24974 54056
24975 19240
24976 56072
24977 25377
24978 19232
24979 60160
24980 56681
24981 58145
24982 20257
24983 27432
24984 17192
24985 20256
24986 62241
24987 59233
24988 28457
24989 54048
24990 49952
24991 28417
24992 28417
24993 65377
24994 62248
24995 25345
24996 49960
24997 58120
24998 52000
24999 27400
25000 58145
25001 28449
25002 56105
25003 50977
25004 20264
25005 49953
25006 58153
25007 62240
25008 54049
25009 19232
25010 49960
25011 65313
25012 64352
25013 54048
25014 27152
25015 58144
25016 60193
25017 17185
25018 17152
25019 17184
25020 49976
25021 28449
25022 56104
25023 60200
25024 17184
25025 54049
25026 57129
25027 55856
25028 63264
25029 25360
25030 27424
25031 19240
25032 51976
25033 58113
25034 19200
25035 58145
25036 56881
25037 58144
25038 62241
25039 62304
25040 19232
25041 49953
25042 27425
25043 25472
25044 58144
25045 56073
25046 19232
25047 17161
25048 49960
25049 52009
25050 27488
25051 49960
25052 17184
25053 20265
25054 56105
25055 60256
25056 27433
25057 54112
25058 19232
25059 25344
25060 49952
25061 55073
25062 11041
25063 58152
25064 25376
25065 19209
25066 27424
25067 19201
25068 19232
25069 25377
25070 54016
25071 49953
25072 27137
25073 57697
25074 60161
25075 59168
25076 60160
25077 49960
25078 27408
25079 65321
25080 2817
25081 55072
25082 49969
25083 60193
25084 25344
25085 50016
25086 62304
25087 27400
25088 17153
25089 17185
25090 52001
25091 19232
25092 58152
25093 60257
25094 49968
25095 58145
25096 59177
25097 19209
25098 54056
25099 56097
25100 58152
25101 27393
25102 25377
25103 25089
25104 19201
25105 49952
25106 27400
25107 49953
25108 56096
25109 23336
25110 19233
25111 49936
25112 53605
25113 27281
25114 54629
25115 58145
25116 54048
25117 27408
25118 26400
25119 27153
25120 18944
25121 62313
25122 26401
25123 54049
25124 61797
25125 49920
25126 53793
25127 59176
25128 17176
25129 27433
25130 25496
25131 53545
25132 27392
25133 49968
25134 54048
25135 19240
25136 54049
25137 58144
25138 25440
25139 49961
25140 58145
25141 55072
25142 58264
25143 49937
25144 49928
25145 19232
25146 49952
25147 19201
25148 11041
25149 18961
25150 27424
25151 19233
25152 58725
25153 18209
25154 53812
25155 25376
25156 54048
25157 25376
25158 49936
25159 52000
25160 49953
25161 49952
25162 17176
25163 49921
25164 58208
25165 58144
25166 49960
25167 53604
25168 19296
25169 19201
25170 49960
25171 56064
25172 52000
25173 37672
25174 58144
25175 27392
25176 19200
25177 56105
25178 49952
25179 17184
25180 58217
25181 54017
25182 56080
25183 65377
25184 64033
25185 27393
25186 25440
25187 54561
25188 49953
25189 25441
25190 49961
25191 56097
25192 56681
25193 27416
25194 19208
25195 60201
25196 58144
25197 25345
25198 49920
25199 49952
25200 25377
25201 60192
25202 19209
25203 52001
25204 52001
25205 59233
25206 19200
25207 25384
25208 27425
25209 49952
25210 59169
25211 58144
25212 65321
25213 59169
25214 63265
25215 52009
25216 27424
25217 57129
25218 53793
25219 60192
25220 58145
25221 52000
25222 54056
25223 27392
25224 25376
25225 19200
25226 20257
25227 58144
25228 54049
25229 19201
25230 792
25231 60256
25232 65312
25233 56105
25234 55073
25235 60160
25236 54057
25237 25360
25238 61224
25239 49944
25240 57129
25241 54064
25242 49968
25243 56097
25244 27393
25245 56104
25246 58144
25247 25376
25248 65377
25249 54048
25250 25377
25251 17192
25252 52001
25253 25384
25254 54049
25255 27424
25256 17153
25257 27433
25258 57129
25259 17192
25260 28449
25261 23329
25262 19233
25263 19233
25264 51969
25265 55081
25266 54048
25267 27425
25268 50024
25269 27424
25270 17153
25271 27400
25272 19241
25273 55073
25274 57185
25275 25377
25276 27392
25277 49944
25278 17185
25279 25376
25280 59176
25281 58144
25282 17152
25283 58144
25284 17185
25285 26401
25286 52008
25287 25448
25288 54048
25289 54040
25290 19233
25291 49953
25292 49960
25293 27496
25294 52001
25295 25344
25296 19240
25297 25384
25298 54049
25299 19233
25300 58217
25301 58145
25302 19233
25303 20257
25304 25344
25305 63272
25306 58113
25307 52000
25308 19209
25309 27392
25310 55081
25311 58145
25312 37672
25313 25376
25314 19233
25315 25377
25316 58136
25317 58145
25318 25440
25319 49952
25320 55073
25321 27528
25322 19201
25323 19208
25324 25384
25325 19201
25326 27488
25327 59169
25328 55841
25329 19232
25330 27393
25331 54049
25332 54040
25333 60200
25334 54048
25335 54049
25336 49953
25337 27424
25338 58144
25339 59168
25340 25344
25341 53812
25342 57701
25343 59137
25344 58721
25345 27553
25346 19232
25347 21280
25348 58145
25349 19304
25350 62305
25351 58120
25352 52008
25353 60193
25354 49944
25355 56681
25356 25352
25357 52000
25358 53545
25359 58145
25360 27425
25361 27153
25362 27400
25363 59168
25364 54064
25365 53545
25366 19224
25367 17176
25368 28513
25369 54057
25370 52008
25371 19233
25372 55081
25373 54072
25374 54052
25375 55081
25376 58144
25377 49920
25378 17193
25379 26376
25380 51968
25381 25352
25382 56065
25383 20256
25384 17185
25385 57697
25386 62240
25387 26401
25388 49968
25389 54048
25390 49953
25391 60193
25392 55145
25393 27400
25394 61797
25395 26409
25396 20257
25397 61217
25398 54072
25399 63264
25400 19241
25401 58144
25402 58144
25403 17152
25404 52000
25405 19232
25406 53024
25407 25376
25408 17248
25409 25352
25410 49952
25411 53600
25412 49952
25413 49953
25414 57129
25415 52008
25416 19201
25417 49952
25418 25377
25419 17152
25420 27432
25421 54072
25422 54056
25423 19233
25424 58112
25425 55841
25426 59169
25427 60192
25428 54632
25429 56105
25430 19208
25431 49953
25432 62241
25433 57193
25434 60257
25435 26369
25436 54625
25437 19208
25438 23329
25439 56681
25440 25376
25441 21288
25442 49953
25443 56681
25444 54625
25445 51976
25446 52025
25447 64865
25448 58136
25449 27425
25450 61185
25451 28425
25452 19232
25453 20256
25454 18944
25455 27392
25456 19233
25457 27489
25458 49953
25459 25344
25460 56865
25461 56681
25462 58145
25463 60161
25464 49968
25465 19224
25466 56681
25467 56096
25468 60193
25469 58144
25470 58144
25471 54049
25472 54048
25473 52000
25474 27392
25475 26401
25476 54112
25477 20257
25478 52000
25479 60161
25480 27393
25481 52009
25482 54048
25483 58145
25484 54048
25485 26400
25486 54048
25487 55857
25488 56881
25489 27432
25490 61797
25491 56681
25492 61797
25493 61797
25494 61797
25495 49961
25496 17176
25497 49952
25498 53605
25499 54053
25500 63336
25501 58145
25502 49952
25503 17185
25504 50024
25505 17184
25506 62240
25507 28417
25508 27432
25509 54048
25510 58144
25511 19208
25512 35617
25513 18217
25514 58145
25515 63265
25516 17176
25517 54065
25518 54056
25519 19225
25520 17200
25521 54049
25522 59169
25523 60193
25524 27400
25525 58144
25526 28513
25527 51968
25528 51744
25529 25376
25530 49952
25531 25344
25532 62240
25533 27553
25534 49960
25535 62305
25536 49953
25537 59169
25538 56088
25539 52001
25540 58112
25541 53033
25542 25376
25543 58145
25544 25488
25545 55073
25546 52001
25547 53001
25548 6689
25549 19232
25550 52000
25551 25376
25552 27393
25553 49920
25554 54048
25555 59169
25556 49960
25557 50977
25558 55073
25559 19201
25560 54048
25561 25408
25562 17168
25563 62240
25564 58144
25565 25376
25566 57184
25567 58144
25568 27153
25569 53793
25570 58144
25571 58144
25572 56104
25573 61217
25574 19233
25575 58112
25576 57121
25577 25377
25578 26401
25579 54048
25580 60160
25581 49953
25582 53604
25583 25384
25584 49953
25585 55072
25586 58144
25587 49953
25588 63265
25589 62304
25590 25441
25591 25368
25592 17192
25593 64257
25594 58145
25595 25377
25596 25440
25597 60321
25598 57129
25599 19208
25600 49952
25601 52000
25602 63264
25603 17184
25604 49953
25605 63265
25606 27425
25607 19216
25608 25345
25609 17184
25610 27424
25611 25353
25612 25376
25613 17185
25614 25377
25615 25344
25616 25352
25617 49953
25618 17160
25619 51968
25620 59176
25621 19200
25622 27153
25623 54048
25624 28448
25625 27425
25626 25377
25627 25376
25628 17152
25629 60192
25630 19296
25631 58144
25632 25377
25633 50024
25634 28449
25635 52000
25636 62304
25637 25441
25638 17193
25639 61793
25640 56080
25641 55072
25642 17192
25643 62309
25644 16913
25645 20265
25646 58209
25647 49953
25648 49952
25649 51041
25650 52000
25651 17192
25652 17184
25653 57701
25654 49953
25655 58209
25656 25376
25657 58145
25658 19241
25659 54064
25660 50977
25661 59177
25662 49960
25663 17160
25664 59168
25665 52001
25666 52008
25667 56104
25668 54049
25669 27464
25670 17153
25671 55073
25672 58144
25673 58113
25674 51992
25675 54056
25676 49952
25677 25472
25678 49960
25679 53793
25680 50533
25681 25504
25682 57097
25683 53793
25684 61796
25685 61793
25686 58144
25687 17176
25688 52001
25689 53600
25690 52000
25691 49952
25692 54056
25693 19209
25694 25377
25695 25381
25696 25376
25697 54056
25698 19241
25699 55856
25700 59168
25701 49953
25702 19232
25703 56097
25704 58144
25705 50977
25706 54048
25707 54057
25708 49920
25709 58145
25710 58113
25711 59176
25712 56097
25713 25377
25714 52008
25715 59177
25716 54049
25717 19232
25718 28457
25719 58145
25720 17184
25721 17184
25722 52001
25723 54049
25724 19208
25725 49953
25726 57696
25727 59232
25728 52008
25729 49936
25730 51992
25731 25376
25732 49952
25733 27392
25734 25376
25735 19233
25736 25496
25737 58145
25738 18945
25739 58144
25740 49960
25741 58145
25742 54049
25743 58144
25744 54065
25745 51968
25746 52000
25747 39713
25748 19232
25749 20257
25750 52009
25751 49953
25752 54049
25753 58209
25754 63328
25755 52001
25756 65313
25757 51745
25758 27553
25759 56120
25760 55080
25761 51976
25762 17169
25763 19201
25764 49960
25765 19208
25766 56096
25767 52000
25768 53600
25769 49957
25770 22305
25771 52001
25772 25408
25773 28449
25774 53793
25775 19232
25776 19201
25777 26409
25778 49952
25779 52001
25780 62240
25781 19233
25782 25376
25783 25352
25784 58144
25785 60192
25786 58136
25787 25376
25788 63265
25789 52001
25790 54049
25791 19233
25792 52008
25793 58144
25794 58144
25795 55144
25796 54056
25797 49920
25798 65321
25799 49920
25800 25440
25801 49952
25802 58208
25803 55081
25804 54017
25805 25376
25806 58144
25807 58113
25808 60160
25809 25376
25810 55649
25811 54048
25812 53089
25813 54032
25814 19248
25815 17249
25816 60192
25817 58144
25818 63272
25819 25377
25820 50533
25821 58128
25822 18217
25823 58145
25824 63265
25825 49953
25826 58144
25827 27425
25828 49952
25829 17185
25830 53605
25831 49960
25832 53025
25833 60169
25834 27424
25835 62309
25836 19232
25837 61797
25838 17184
25839 59169
25840 19201
25841 54072
25842 54049
25843 25376
25844 27425
25845 19208
25846 52001
25847 18960
25848 19233
25849 17153
25850 49952
25851 27400
25852 58113
25853 58152
25854 25344
25855 27392
25856 49961
25857 49952
25858 27488
25859 58144
25860 58152
25861 17168
25862 54048
25863 62241
25864 28417
25865 55137
25866 58208
25867 27393
25868 52001
25869 62312
25870 58144
25871 19272
25872 25496
25873 10017
25874 25368
25875 58144
25876 58113
25877 56681
25878 54048
25879 64352
25880 49920
25881 49944
25882 54016
25883 49961
25884 58721
25885 54057
25886 55073
25887 27169
25888 59168
25889 53797
25890 62240
25891 58145
25892 19233
25893 49929
25894 25376
25895 62240
25896 19209
25897 19233
25898 27464
25899 54048
25900 63329
25901 59169
25902 25368
25903 55073
25904 57120
25905 60193
25906 27464
25907 52009
25908 52008
25909 54048
25910 53033
25911 49953
25912 58144
25913 54056
25914 60169
25915 49953
25916 57129
25917 52000
25918 54049
25919 58144
25920 59168
25921 58144
25922 52000
25923 62312
25924 27424
25925 54048
25926 58145
25927 51745
25928 60257
25929 27400
25930 58145
25931 27400
25932 19208
25933 56617
25934 52000
25935 63272
25936 54049
25937 19232
25938 51968
25939 54056
25940 60256
25941 19233
25942 54056
25943 19232
25944 26401
25945 62241
25946 23328
25947 28457
25948 54057
25949 54025
25950 17184
25951 55073
25952 52009
25953 52008
25954 60192
25955 58144
25956 49920
25957 49952
25958 51760
25959 51969
25960 49961
25961 27393
25962 57129
25963 56089
25964 55073
25965 58145
25966 49953
25967 17153
25968 57097
25969 52024
25970 57700
25971 60169
25972 57121
25973 17152
25974 49976
25975 54048
25976 62241
25977 19233
25978 49960
25979 60193
25980 52001
25981 19232
25982 65385
25983 58152
25984 54048
25985 60192
25986 27425
25987 56097
25988 54048
25989 51969
25990 52000
25991 25376
25992 51976
25993 17184
25994 49953
25995 49961
25996 57129
25997 27416
25998 54633
25999 58144
26000 62249
26001 57121
26002 54049
26003 54049
26004 55072
26005 50984
26006 25384
26007 25376
26008 17184
26009 49960
26010 54056
26011 60192
26012 52001
26013 27456
26014 19232
26015 57121
26016 49952
26017 56681
26018 58145
26019 19217
26020 58144
26021 27425
26022 49920
26023 17185
26024 61796
26025 57129
26026 51977
26027 54561
26028 52001
26029 57193
26030 60193
26031 63328
26032 58145
26033 54048
26034 58145
26035 54817
26036 55857
26037 27153
26038 27137
26039 17185
26040 25472
26041 55953
26042 56681
26043 57701
26044 62304
26045 18945
26046 52009
26047 27425
26048 27400
26049 19201
26050 17185
26051 54817
26052 54048
26053 54569
26054 17184
26055 49937
26056 60192
26057 61796
26058 49952
26059 54049
26060 27425
26061 27425
26062 17185
26063 17200
26064 52000
26065 62241
26066 58145
26067 19216
26068 59137
26069 19200
26070 49953
26071 58145
26072 54024
26073 50977
26074 59233
26075 54056
26076 57121
26077 27424
26078 54056
26079 25377
26080 27424
26081 62312
26082 17185
26083 56681
26084 25504
26085 19240
26086 27456
26087 27488
26088 27424
26089 49960
26090 21288
26091 49960
26092 19208
26093 17184
26094 25377
26095 55145
26096 49953
26097 60193
26098 58145
26099 58145
26100 54033
26101 17184
26102 49952
26103 19201
26104 54048
26105 55072
26106 58144
26107 20257
26108 52000
26109 54049
26110 49953
26111 54049
26112 27393
26113 59168
26114 49921
26115 27424
26116 60264
26117 49953
26118 52000
26119 17153
26120 27425
26121 25376
26122 25345
26123 58145
26124 58144
26125 58144
26126 53796
26127 53605
26128 59168
26129 25376
26130 56096
26131 49936
26132 49936
26133 23336
26134 56096
26135 26400
26136 58113
26137 22313
26138 49944
26139 58152
26140 17152
26141 20264
26142 54056
26143 19209
26144 25353
26145 54049
26146 54056
26147 62241
26148 52001
26149 25376
26150 62240
26151 58145
26152 54625
26153 58152
26154 52008
26155 63273
26156 19233
26157 25345
26158 56097
26159 54056
26160 25377
26161 25376
26162 49960
26163 55073
26164 19233
26165 49952
26166 54048
26167 62240
26168 19224
26169 27424
26170 56065
26171 25352
26172 58152
26173 19233
26174 58152
26175 54052
26176 49952
26177 19201
26178 59169
26179 55081
26180 58113
26181 17185
26182 19201
26183 49952
26184 54048
26185 58216
26186 28449
26187 27425
26188 27425
26189 792
26190 53797
26191 55841
26192 28449
26193 58144
26194 28449
26195 27424
26196 25376
26197 21280
26198 58144
26199 49960
26200 49952
26201 27424
26202 60193
26203 19233
26204 50024
26205 19232
26206 17160
26207 56073
26208 27424
26209 58145
26210 53032
26211 58145
26212 59169
26213 27425
26214 49960
26215 27488
26216 19241
26217 59241
26218 54048
26219 27425
26220 2848
26221 52001
26222 54049
26223 27520
26224 25377
26225 19201
26226 54056
26227 63265
26228 53809
26229 53809
26230 27544
26231 27153
26232 49952
26233 27544
26234 56681
26235 56097
26236 18961
26237 57129
26238 51969
26239 58213
26240 27400
26241 23336
26242 56097
26243 27424
26244 17184
26245 53604
26246 19200
26247 19232
26248 49952
26249 58144
26250 27520
26251 61217
26252 60192
26253 54049
26254 58144
26255 58145
26256 19233
26257 55080
26258 58144
26259 27392
26260 17184
26261 56096
26262 49953
26263 52000
26264 52000
26265 17184
26266 54056
26267 25381
26268 25368
26269 52000
26270 52001
26271 17184
26272 49952
26273 19217
26274 21281
26275 19233
26276 58145
26277 49929
26278 26400
26279 54049
26280 58208
26281 49968
26282 17153
26283 19240
26284 49952
26285 27425
26286 55072
26287 26464
26288 58144
26289 49952
26290 19232
26291 54040
26292 25440
26293 54049
26294 58144
26295 19201
26296 19233
26297 27425
26298 52001
26299 56080
26300 60193
26301 19200
26302 49952
26303 58144
26304 53777
26305 25376
26306 65313
26307 54817
26308 17184
26309 53605
26310 17152
26311 19240
26312 58145
26313 60193
26314 54056
26315 49952
26316 59232
26317 63328
26318 49921
26319 53605
26320 52001
26321 56097
26322 58144
26323 52001
26324 59169
26325 49953
26326 58145
26327 27488
26328 49441
26329 53793
26330 49936
26331 52000
26332 54049
26333 25353
26334 49960
26335 56097
26336 25377
26337 60192
26338 52008
26339 17185
26340 54056
26341 50984
26342 18945
26343 19216
26344 49960
26345 27488
26346 28417
26347 54048
26348 56105
26349 56064
26350 53605
26351 50984
26352 25376
26353 6945
26354 58208
26355 58145
26356 27425
26357 19208
26358 56105
26359 25344
26360 52009
26361 49960
26362 54049
26363 17184
26364 61796
26365 27424
26366 27392
26367 49952
26368 54049
26369 55080
26370 52000
26371 62304
26372 57129
26373 49952
26374 62304
26375 25472
26376 19233
26377 49953
26378 25345
26379 52009
26380 49953
26381 17185
26382 56097
26383 59168
26384 20257
26385 58144
26386 29472
26387 55073
26388 60256
26389 49952
26390 21281
26391 53792
26392 19241
26393 17152
26394 19217
26395 50977
26396 58216
26397 63328
26398 19089
26399 27392
26400 63265
26401 25345
26402 58144
26403 54048
26404 49960
26405 50984
26406 27392
26407 19200
26408 54057
26409 49929
26410 54056
26411 28520
26412 49952
26413 19240
26414 62241
26415 49960
26416 49968
26417 60192
26418 19232
26419 25377
26420 57128
26421 17185
26422 58144
26423 17185
26424 27169
26425 49936
26426 49960
26427 58152
26428 53793
26429 55080
26430 50976
26431 49960
26432 62241
26433 62241
26434 49509
26435 54048
26436 49952
26437 60257
26438 17176
26439 58725
26440 53541
26441 25121
26442 17248
26443 27153
26444 17176
26445 49968
26446 49952
26447 58145
26448 27425
26449 49944
26450 49952
26451 62240
26452 57128
26453 25440
26454 19233
26455 49952
26456 27393
26457 27544
26458 27401
26459 58209
26460 49920
26461 63273
26462 49953
26463 60160
26464 52009
26465 19233
26466 26465
26467 27488
26468 17184
26469 64032
26470 54057
26471 56096
26472 49960
26473 54120
26474 50533
26475 58128
26476 58145
26477 58216
26478 27552
26479 19208
26480 58144
26481 19225
26482 58208
26483 19240
26484 19256
26485 17192
26486 58152
26487 57193
26488 49968
26489 55080
26490 62241
26491 58144
26492 17184
26493 58144
26494 17184
26495 54048
26496 60192
26497 60320
26498 60192
26499 27425
26500 57121
26501 17185
26502 19336
26503 49945
26504 63264
26505 62241
26506 55144
26507 56673
26508 52008
26509 49953
26510 19232
26511 19200
26512 58145
26513 62240
26514 57185
26515 58145
26516 54048
26517 62304
26518 55073
26519 19201
26520 49952
26521 37665
26522 60192
26523 62305
26524 54056
26525 54072
26526 27496
26527 27425
26528 25377
26529 27401
26530 56673
26531 58145
26532 55072
26533 27393
26534 23329
26535 58209
26536 56681
26537 56617
26538 56681
26539 54049
26540 61224
26541 51977
26542 17193
26543 19201
26544 56617
26545 54048
26546 56681
26547 63328
26548 55073
26549 57129
26550 53025
26551 27521
26552 25480
26553 60168
26554 54057
26555 19240
26556 49960
26557 56681
26558 58217
26559 54049
26560 25385
26561 54064
26562 19233
26563 2817
26564 54048
26565 60193
26566 60193
26567 53793
26568 56681
26569 49953
26570 53793
26571 58208
26572 19232
26573 61797
26574 53808
26575 53793
26576 57097
26577 25344
26578 17185
26579 27536
26580 58144
26581 19224
26582 10769
26583 11809
26584 27424
26585 54056
26586 49961
26587 50977
26588 58144
26589 55081
26590 53605
26591 19232
26592 27408
26593 19232
26594 58209
26595 17184
26596 60193
26597 53793
26598 54624
26599 58145
26600 25385
26601 58145
26602 25344
26603 52000
26604 49928
26605 52001
26606 27401
26607 19232
26608 17192
26609 52000
26610 19224
26611 56104
26612 26401
26613 58145
26614 17208
26615 52000
26616 27520
26617 17185
26618 54048
26619 27392
26620 27424
26621 17184
26622 19208
26623 17184
26624 2593
26625 58145
26626 27153
26627 49509
26628 19200
26629 52008
26630 27153
26631 19224
26632 25344
26633 23329
26634 26401
26635 51968
26636 27424
26637 17184
26638 52001
26639 54057
26640 28449
26641 49952
26642 58145
26643 58152
26644 19233
26645 52000
26646 52000
26647 49968
26648 19232
26649 17185
26650 58144
26651 58113
26652 55080
26653 27425
26654 37672
26655 49960
26656 60192
26657 25376
26658 53809
26659 17185
26660 54056
26661 25408
26662 17184
26663 58144
26664 54048
26665 54056
26666 25376
26667 60192
26668 19232
26669 27392
26670 54056
26671 27553
26672 27425
26673 27425
26674 58145
26675 56088
26676 17184
26677 19216
26678 55809
26679 54049
26680 53601
26681 61793
26682 6689
26683 60193
26684 49953
26685 51969
26686 27488
26687 53540
26688 60321
26689 25344
26690 17184
26691 60256
26692 54049
26693 56681
26694 20265
26695 49952
26696 19233
26697 18977
26698 49953
26699 55073
26700 27425
26701 51968
26702 49953
26703 52000
26704 19232
26705 49952
26706 19201
26707 52000
26708 52000
26709 58144
26710 26401
26711 54048
26712 17169
26713 28513
26714 27393
26715 27424
26716 60160
26717 55073
26718 58145
26719 60264
26720 61224
26721 53792
26722 27393
26723 17184
26724 58145
26725 27400
26726 53793
26727 52008
26728 53809
26729 64352
26730 19232
26731 52001
26732 50984
26733 17161
26734 63265
26735 58144
26736 58144
26737 17208
26738 58144
26739 58152
26740 58145
26741 51969
26742 49952
26743 58153
26744 60256
26745 52000
26746 51984
26747 58112
26748 19200
26749 52008
26750 19240
26751 54057
26752 58144
26753 20256
26754 58209
26755 58153
26756 19232
26757 58144
26758 55080
26759 25448
26760 27432
26761 18977
26762 53809
26763 55072
26764 50533
26765 19240
26766 54056
26767 49976
26768 56105
26769 25496
26770 58145
26771 27536
26772 17168
26773 27408
26774 10017
26775 54048
26776 49952
26777 17184
26778 25377
26779 50533
26780 56673
26781 6693
26782 49508
26783 49952
26784 27392
26785 27424
26786 58144
26787 60192
26788 53032
26789 58144
26790 19232
26791 56072
26792 25440
26793 55073
26794 17185
26795 62240
26796 25504
26797 49936
26798 58144
26799 52001
26800 57129
26801 51968
26802 58145
26803 25440
26804 51744
26805 60160
26806 54056
26807 17192
26808 17153
26809 54048
26810 27457
26811 52008
26812 17152
26813 19200
26814 27425
26815 2857
26816 55073
26817 27153
26818 50984
26819 58145
26820 58145
26821 27528
26822 58145
26823 58144
26824 60200
26825 25352
26826 19233
26827 49960
26828 25384
26829 25377
26830 54048
26831 52008
26832 19208
26833 19209
26834 54048
26835 53793
26836 27424
26837 63265
26838 62241
26839 25496
26840 52001
26841 56088
26842 59177
26843 54048
26844 53024
26845 50976
26846 54049
26847 58208
26848 25376
26849 49953
26850 21280
26851 55080
26852 58144
26853 20321
26854 27424
26855 63264
26856 49921
26857 51969
26858 60192
26859 49960
26860 58208
26861 25376
26862 52000
26863 27424
26864 54049
26865 26400
26866 54057
26867 19232
26868 54057
26869 27392
26870 65377
26871 63264
26872 58144
26873 49445
26874 49505
26875 27392
26876 60168
26877 54056
26878 51968
26879 58112
26880 58144
26881 17185
26882 17185
26883 50977
26884 19241
26885 17184
26886 51977
26887 49920
26888 25376
26889 27392
26890 59232
26891 58144
26892 62240
26893 55137
26894 17161
26895 54048
26896 49968
26897 58113
26898 63272
26899 19209
26900 19232
26901 54024
26902 28001
26903 59169
26904 58145
26905 54024
26906 58128
26907 27425
26908 27393
26909 54048
26910 19240
26911 57121
26912 49952
26913 27432
26914 49944
26915 17185
26916 56881
26917 58144
26918 60161
26919 25344
26920 56160
26921 26408
26922 49952
26923 52000
26924 49952
26925 49953
26926 19200
26927 19233
26928 17185
26929 49952
26930 49952
26931 49961
26932 57121
26933 17184
26934 54032
26935 25377
26936 56617
26937 53797
26938 52000
26939 49944
26940 25416
26941 27425
26942 25376
26943 58208
26944 58264
26945 58144
26946 49953
26947 61216
26948 27496
26949 27400
26950 52001
26951 52008
26952 27400
26953 51744
26954 27400
26955 17192
26956 51992
26957 49953
26958 51000
26959 58208
26960 25496
26961 49952
26962 54065
26963 56681
26964 27424
26965 59745
26966 50977
26967 54056
26968 49920
26969 17176
26970 56617
26971 17184
26972 49953
26973 19233
26974 25344
26975 27425
26976 63264
26977 49960
26978 28449
26979 27496
26980 53024
26981 54072
26982 58136
26983 58112
26984 17184
26985 49953
26986 11048
26987 49944
26988 54064
26989 19240
26990 49920
26991 27153
26992 27425
26993 54040
26994 27424
26995 49952
26996 49944
26997 19240
26998 49505
26999 50992
27000 63336
27001 19240
27002 27432
27003 53536
27004 17184
27005 51985
27006 60193
27007 55649
27008 49936
27009 58144
27010 54056
27011 27169
27012 19209
27013 20233
27014 52001
27015 58209
27016 25376
27017 25448
27018 19240
27019 59233
27020 58145
27021 49952
27022 19200
27023 22305
27024 59136
27025 52008
27026 51976
27027 19224
27028 58144
27029 19233
27030 27392
27031 56097
27032 17168
27033 58144
27034 19233
27035 51968
27036 58128
27037 58145
27038 53025
27039 27392
27040 52000
27041 17185
27042 49953
27043 49928
27044 49960
27045 23337
27046 64288
27047 58145
27048 60193
27049 49961
27050 56681
27051 58208
27052 61185
27053 60192
27054 25440
27055 54048
27056 58209
27057 22313
27058 27424
27059 61216
27060 60193
27061 28449
27062 58152
27063 57185
27064 27416
27065 54056
27066 17184
27067 17200
27068 25345
27069 49952
27070 60193
27071 27424
27072 58145
27073 58145
27074 58144
27075 27433
27076 17192
27077 49953
27078 58144
27079 11040
27080 49969
27081 27488
27082 58113
27083 25377
27084 19297
27085 57129
27086 25360
27087 63265
27088 54049
27089 58153
27090 57121
27091 53793
27092 56073
27093 49953
27094 58144
27095 27432
27096 58145
27097 58152
27098 54625
27099 54048
27100 19233
27101 27424
27102 49505
27103 49953
27104 55073
27105 25376
27106 27393
27107 55081
27108 60168
27109 60160
27110 56673
27111 57192
27112 62240
27113 49976
27114 57129
27115 54025
27116 17184
27117 54048
27118 57193
27119 55081
27120 54056
27121 49952
27122 27425
27123 49953
27124 19208
27125 55073
27126 58144
27127 58144
27128 19233
27129 56673
27130 56097
27131 17192
27132 58152
27133 49961
27134 49969
27135 49960
27136 54056
27137 56681
27138 27528
27139 19240
27140 55073
27141 57129
27142 58121
27143 52009
27144 54049
27145 53605
27146 25376
27147 57697
27148 60256
27149 53808
27150 62240
27151 59169
27152 54049
27153 25360
27154 49953
27155 52009
27156 19201
27157 54052
27158 58145
27159 19232
27160 28457
27161 60193
27162 56064
27163 19088
27164 53813
27165 61797
27166 53601
27167 54057
27168 25480
27169 19233
27170 27153
27171 61797
27172 56881
27173 50533
27174 49960
27175 53793
27176 53813
27177 53793
27178 6949
27179 56681
27180 56097
27181 49960
27182 17169
27183 27392
27184 27528
27185 49509
27186 17184
27187 49976
27188 60160
27189 50533
27190 55081
27191 54048
27192 27393
27193 25377
27194 37688
27195 16161
27196 58144
27197 58144
27198 27456
27199 54048
27200 63265
27201 60257
27202 52001
27203 52009
27204 49953
27205 28457
27206 27408
27207 63273
27208 64353
27209 58144
27210 6689
27211 27433
27212 58144
27213 19201
27214 53033
27215 57697
27216 58144
27217 49952
27218 58112
27219 49969
27220 62248
27221 53545
27222 56104
27223 58144
27224 63265
27225 55081
27226 19209
27227 19240
27228 58113
27229 17185
27230 58144
27231 19208
27232 49952
27233 51969
27234 49936
27235 17184
27236 27425
27237 58153
27238 25345
27239 62240
27240 26369
27241 25384
27242 27393
27243 58112
27244 49953
27245 49953
27246 50984
27247 54016
27248 60193
27249 58144
27250 56065
27251 53796
27252 49920
27253 19232
27254 58145
27255 19200
27256 60193
27257 50977
27258 58144
27259 19201
27260 17185
27261 49953
27262 49952
27263 49960
27264 49921
27265 28449
27266 62241
27267 58144
27268 53600
27269 49952
27270 54048
27271 52000
27272 49508
27273 27432
27274 28417
27275 27393
27276 54041
27277 58208
27278 2848
27279 52001
27280 27425
27281 27425
27282 58144
27283 52001
27284 25377
27285 56064
27286 49952
27287 60192
27288 19209
27289 17176
27290 25376
27291 17184
27292 19232
27293 58144
27294 60201
27295 54048
27296 52000
27297 56097
27298 25377
27299 25408
27300 27137
27301 27488
27302 54057
27303 25352
27304 49920
27305 58145
27306 55857
27307 25384
27308 56104
27309 58145
27310 60192
27311 54048
27312 25377
27313 60193
27314 27392
27315 58144
27316 60192
27317 17185
27318 58145
27319 58145
27320 25512
27321 17184
27322 54048
27323 60321
27324 17184
27325 54048
27326 58144
27327 56121
27328 52000
27329 19200
27330 49968
27331 60161
27332 53809
27333 52008
27334 49960
27335 57120
27336 58112
27337 52001
27338 58144
27339 25385
27340 49952
27341 49953
27342 49952
27343 56105
27344 52001
27345 17153
27346 25480
27347 19201
27348 58145
27349 50977
27350 54048
27351 49952
27352 25376
27353 58113
27354 25488
27355 60193
27356 58145
27357 52001
27358 58145
27359 52017
27360 49952
27361 49952
27362 54048
27363 53793
27364 49961
27365 54072
27366 59176
27367 26400
27368 26145
27369 54048
27370 17160
27371 25384
27372 49952
27373 51977
27374 52000
27375 27400
27376 27392
27377 49953
27378 56160
27379 54057
27380 58144
27381 49952
27382 56089
27383 52001
27384 17208
27385 59168
27386 57121
27387 52001
27388 60257
27389 49952
27390 54049
27391 63272
27392 25496
27393 53809
27394 19241
27395 61792
27396 56681
27397 27281
27398 27521
27399 58721
27400 53809
27401 56097
27402 54048
27403 53793
27404 26401
27405 54056
27406 27153
27407 52000
27408 49960
27409 50977
27410 25344
27411 25472
27412 50533
27413 54049
27414 59176
27415 27544
27416 58144
27417 25376
27418 27393
27419 59169
27420 17184
27421 25376
27422 25377
27423 11041
27424 53808
27425 52001
27426 49929
27427 49953
27428 19233
27429 58113
27430 58216
27431 58145
27432 18961
27433 17153
27434 19232
27435 56065
27436 27425
27437 55073
27438 27409
27439 58144
27440 52001
27441 52009
27442 19233
27443 50977
27444 59169
27445 60193
27446 58145
27447 56120
27448 61793
27449 60257
27450 54048
27451 17152
27452 54049
27453 27425
27454 49952
27455 58152
27456 54048
27457 54048
27458 19200
27459 63265
27460 54049
27461 55840
27462 19233
27463 49952
27464 54057
27465 49953
27466 20257
27467 27424
27468 17248
27469 52000
27470 54056
27471 63264
27472 62309
27473 54040
27474 52000
27475 25377
27476 19248
27477 49952
27478 53793
27479 52001
27480 54072
27481 53792
27482 49953
27483 49952
27484 27392
27485 25376
27486 58144
27487 58144
27488 54113
27489 49960
27490 52001
27491 27281
27492 27136
27493 17185
27494 62241
27495 60256
27496 19240
27497 49953
27498 54056
27499 49936
27500 52008
27501 26401
27502 26400
27503 57700
27504 51713
27505 58144
27506 49509
27507 55080
27508 17185
27509 27137
27510 56104
27511 19233
27512 58209
27513 25440
27514 25440
27515 58145
27516 25441
27517 27392
27518 25377
27519 19200
27520 25440
27521 55144
27522 17185
27523 58725
27524 11041
27525 2856
27526 25377
27527 56096
27528 49944
27529 49957
27530 25360
27531 25345
27532 49944
27533 58145
27534 49953
27535 58152
27536 58153
27537 19232
27538 57120
27539 49953
27540 25376
27541 49953
27542 2849
27543 56097
27544 52000
27545 49928
27546 54049
27547 17185
27548 49920
27549 49936
27550 54048
27551 54048
27552 58145
27553 58144
27554 27401
27555 52009
27556 62241
27557 54048
27558 25385
27559 49936
27560 59168
27561 54072
27562 60200
27563 19241
27564 54049
27565 17185
27566 52001
27567 52001
27568 54056
27569 53025
27570 17185
27571 52000
27572 28449
27573 53024
27574 55073
27575 58145
27576 27393
27577 54049
27578 25496
27579 55865
27580 17184
27581 17189
27582 49952
27583 59169
27584 53809
27585 60161
27586 52001
27587 52001
27588 49952
27589 27392
27590 49952
27591 55073
27592 63272
27593 6693
27594 58113
27595 49953
27596 58145
27597 57121
27598 60193
27599 54065
27600 58145
27601 62241
27602 54056
27603 55072
27604 54048
27605 27392
27606 54056
27607 27392
27608 58152
27609 49952
27610 53025
27611 19200
27612 57121
27613 54056
27614 27400
27615 27416
27616 54056
27617 25496
27618 12129
27619 27424
27620 26401
27621 60160
27622 51000
27623 25377
27624 60200
27625 21288
27626 19200
27627 37688
27628 27425
27629 56105
27630 60321
27631 27392
27632 54040
27633 57185
27634 17184
27635 58144
27636 60192
27637 25376
27638 58144
27639 25377
27640 27425
27641 54048
27642 58145
27643 17176
27644 19224
27645 19233
27646 26401
27647 60161
27648 58145
27649 25344
27650 52000
27651 19233
27652 27400
27653 26408
27654 50977
27655 65312
27656 51744
27657 49968
27658 58144
27659 27528
27660 62304
27661 52000
27662 62208
27663 19232
27664 49960
27665 52008
27666 54064
27667 53776
27668 59176
27669 49960
27670 58145
27671 58112
27672 19240
27673 56105
27674 58152
27675 25376
27676 56064
27677 58152
27678 54048
27679 58145
27680 19232
27681 54024
27682 52009
27683 19240
27684 27392
27685 54048
27686 52008
27687 51992
27688 17184
27689 25376
27690 54048
27691 25368
27692 25377
27693 51977
27694 54072
27695 49953
27696 27153
27697 27488
27698 25448
27699 19208
27700 27401
27701 60193
27702 56097
27703 19233
27704 55080
27705 49952
27706 52001
27707 19232
27708 54048
27709 28001
27710 27393
27711 17184
27712 56104
27713 54025
27714 54049
27715 19232
27716 17184
27717 49952
27718 54049
27719 25377
27720 58145
27721 25376
27722 49976
27723 50976
27724 25480
27725 57121
27726 59168
27727 59176
27728 58209
27729 19233
27730 65377
27731 19232
27732 19232
27733 53032
27734 27424
27735 49953
27736 56889
27737 49953
27738 49953
27739 58145
27740 55073
27741 54625
27742 26401
27743 25448
27744 49952
27745 25381
27746 25376
27747 25376
27748 54049
27749 55080
27750 58144
27751 49952
27752 56609
27753 60192
27754 54056
27755 60161
27756 26400
27757 25376
27758 56104
27759 19224
27760 49953
27761 49952
27762 19208
27763 54056
27764 60193
27765 50985
27766 63265
27767 19201
27768 49921
27769 25377
27770 27424
27771 58145
27772 54049
27773 49960
27774 22313
27775 58145
27776 54048
27777 27433
27778 58208
27779 25377
27780 54056
27781 60200
27782 49952
27783 57129
27784 49928
27785 52000
27786 58153
27787 54048
27788 27488
27789 54049
27790 64865
27791 25376
27792 49929
27793 57193
27794 25384
27795 17152
27796 55073
27797 57128
27798 58144
27799 49960
27800 52001
27801 58112
27802 52001
27803 54112
27804 54017
27805 27425
27806 54049
27807 62241
27808 60193
27809 49953
27810 27424
27811 56681
27812 54057
27813 52009
27814 19232
27815 20257
27816 27424
27817 58144
27818 55072
27819 19201
27820 58144
27821 56681
27822 25368
27823 56617
27824 55081
27825 19200
27826 27560
27827 56097
27828 52008
27829 49953
27830 25376
27831 19224
27832 63273
27833 52001
27834 17184
27835 19241
27836 54049
27837 58145
27838 52009
27839 19232
27840 52001
27841 55649
27842 18209
27843 49952
27844 58145
27845 25496
27846 58208
27847 54033
27848 27393
27849 52008
27850 49953
27851 28448
27852 25377
27853 16161
27854 53809
27855 19208
27856 56096
27857 55841
27858 49953
27859 19232
27860 54072
27861 19200
27862 54113
27863 25376
27864 53793
27865 58112
27866 49920
27867 55865
27868 49697
27869 56097
27870 58144
27871 64289
27872 54049
27873 58145
27874 25345
27875 49952
27876 63329
27877 19201
27878 22305
27879 55080
27880 58272
27881 27393
27882 58144
27883 55073
27884 25345
27885 21280
27886 53601
27887 25376
27888 52000
27889 17168
27890 26401
27891 25376
27892 60321
27893 62305
27894 28448
27895 25376
27896 54048
27897 51968
27898 25377
27899 25384
27900 19208
27901 49953
27902 64288
27903 49952
27904 51969
27905 52000
27906 19232
27907 25377
27908 58145
27909 54049
27910 62304
27911 55072
27912 65377
27913 52001
27914 49952
27915 19233
27916 19233
27917 60192
27918 52008
27919 27425
27920 49960
27921 62249
27922 27393
27923 25441
27924 58145
27925 19233
27926 19224
27927 17168
27928 27393
27929 49952
27930 49952
27931 25496
27932 19224
27933 53537
27934 52000
27935 2848
27936 27392
27937 19240
27938 25345
27939 61217
27940 58145
27941 49920
27942 27489
27943 58145
27944 63273
27945 25376
27946 17153
27947 49928
27948 25377
27949 27432
27950 52000
27951 59169
27952 57120
27953 49960
27954 49921
27955 25385
27956 17160
27957 56121
27958 55073
27959 49960
27960 19304
27961 60193
27962 18209
27963 61797
27964 56096
27965 19208
27966 17189
27967 27153
27968 57121
27969 54048
27970 56096
27971 58145
27972 19200
27973 52009
27974 54048
27975 55072
27976 27488
27977 62241
27978 20265
27979 26401
27980 62241
27981 17185
27982 49952
27983 27264
27984 49953
27985 19233
27986 55080
27987 60161
27988 56096
27989 49952
27990 50984
27991 17185
27992 55145
27993 27488
27994 58112
27995 58145
27996 59177
27997 52017
27998 17152
27999 50976
28000 59169
28001 62241
28002 54049
28003 25384
28004 58145
28005 58144
28006 19216
28007 56617
28008 65313
28009 61985
28010 50016
28011 58113
28012 25377
28013 54064
28014 58113
28015 54056
28016 54056
28017 52008
28018 18217
28019 19232
28020 49953
28021 27464
28022 54056
28023 52001
28024 54049
28025 49920
28026 18945
28027 19232
28028 60161
28029 19233
28030 52072
28031 59232
28032 50984
28033 54056
28034 53809
28035 27393
28036 58217
28037 49960
28038 63264
28039 54056
28040 58145
28041 19233
28042 58209
28043 2817
28044 27153
28045 27488
28046 58152
28047 58120
28048 27433
28049 51992
28050 49960
28051 27400
28052 19208
28053 19216
28054 54049
28055 54056
28056 59169
28057 55073
28058 52009
28059 56681
28060 55841
28061 25377
28062 25344
28063 52064
28064 54049
28065 19241
28066 17185
28067 19232
28068 6944
28069 49960
28070 49944
28071 54040
28072 55841
28073 57121
28074 19241
28075 54072
28076 56097
28077 49953
28078 53537
28079 49960
28080 61217
28081 17152
28082 53777
28083 27425
28084 17160
28085 17184
28086 25377
28087 56096
28088 27424
28089 59168
28090 17184
28091 58152
28092 49952
28093 25376
28094 49968
28095 19208
28096 54048
28097 49952
28098 58217
28099 54833
28100 27424
28101 17192
28102 62240
28103 27408
28104 25448
28105 61225
28106 49441
28107 26464
28108 58272
28109 56064
28110 19232
28111 58112
28112 49960
28113 62304
28114 27424
28115 17256
28116 25512
28117 49976
28118 20264
28119 60161
28120 19240
28121 59169
28122 25344
28123 27424
28124 56105
28125 27425
28126 17185
28127 62304
28128 61216
28129 56617
28130 58217
28131 18217
28132 59169
28133 2593
28134 63265
28135 54032
28136 49968
28137 54056
28138 58145
28139 58145
28140 17184
28141 53545
28142 25384
28143 58112
28144 59169
28145 49936
28146 49952
28147 49960
28148 19233
28149 52001
28150 27489
28151 55080
28152 2593
28153 49976
28154 54049
28155 55073
28156 55073
28157 58112
28158 56097
28159 62241
28160 58153
28161 49952
28162 17168
28163 56097
28164 28449
28165 27425
28166 49953
28167 60192
28168 56073
28169 49952
28170 57121
28171 49953
28172 2824
28173 27393
28174 62248
28175 17185
28176 25345
28177 54049
28178 17184
28179 59169
28180 54025
28181 52001
28182 54049
28183 54056
28184 63265
28185 62817
28186 54112
28187 49952
28188 59177
28189 27400
28190 54048
28191 59168
28192 49957
28193 52008
28194 27424
28195 52016
28196 58145
28197 60192
28198 49665
28199 55081
28200 53793
28201 52000
28202 65313
28203 55081
28204 54048
28205 54072
28206 19240
28207 61217
28208 19233
28209 57121
28210 64297
28211 49952
28212 27424
28213 49961
28214 49509
28215 52001
28216 57889
28217 49960
28218 59169
28219 54049
28220 19201
28221 19232
28222 58144
28223 25376
28224 56105
28225 17184
28226 54048
28227 56097
28228 62240
28229 60192
28230 19241
28231 22305
28232 59169
28233 54033
28234 59176
28235 57696
28236 54049
28237 56096
28238 19241
28239 58144
28240 60168
28241 27489
28242 49952
28243 56120
28244 19201
28245 49953
28246 53604
28247 27432
28248 19216
28249 49953
28250 19241
28251 55073
28252 52008
28253 54049
28254 55857
28255 58144
28256 49960
28257 25376
28258 54049
28259 25376
28260 49952
28261 25376
28262 53025
28263 52008
28264 27153
28265 27400
28266 25504
28267 49952
28268 62241
28269 52000
28270 27489
28271 56104
28272 27488
28273 49952
28274 52008
28275 25344
28276 27393
28277 25377
28278 49937
28279 59169
28280 17185
28281 62240
28282 19233
28283 54056
28284 27392
28285 52009
28286 27528
28287 51976
28288 55080
28289 25377
28290 54057
28291 50976
28292 63264
28293 19272
28294 54056
28295 54625
28296 60193
28297 57184
28298 54040
28299 25496
28300 49976
28301 54064
28302 49697
28303 62241
28304 61217
28305 28449
28306 25376
28307 52001
28308 49928
28309 49952
28310 2849
28311 54056
28312 27424
28313 60192
28314 58144
28315 55841
28316 49953
28317 19201
28318 55072
28319 58208
28320 58152
28321 27400
28322 62241
28323 54048
28324 56097
28325 27400
28326 55081
28327 53605
28328 62241
28329 49961
28330 54048
28331 27392
28332 54048
28333 19208
28334 53545
28335 49953
28336 19232
28337 49953
28338 25376
28339 27393
28340 58152
28341 19240
28342 19233
28343 28417
28344 58145
28345 25376
28346 58144
28347 25377
28348 58144
28349 52000
28350 56097
28351 58144
28352 25360
28353 59168
28354 59136
28355 25384
28356 25376
28357 25448
28358 54629
28359 27392
28360 27424
28361 18209
28362 54049
28363 63329
28364 54817
28365 53604
28366 27432
28367 57121
28368 52009
28369 16913
28370 27425
28371 55073
28372 58145
28373 27400
28374 17256
28375 56681
28376 58145
28377 54049
28378 25344
28379 25377
28380 19233
28381 25345
28382 27400
28383 54072
28384 57097
28385 54569
28386 25376
28387 17185
28388 54057
28389 18977
28390 49953
28391 19201
28392 25376
28393 60168
28394 49960
28395 56104
28396 59169
28397 54048
28398 52009
28399 49952
28400 27424
28401 27425
28402 60200
28403 56681
28404 52001
28405 63265
28406 19232
28407 53024
28408 27416
28409 2817
28410 49960
28411 54633
28412 28448
28413 57121
28414 27408
28415 17184
28416 60192
28417 49952
28418 56609
28419 25376
28420 28449
28421 60160
28422 25384
28423 56097
28424 49952
28425 19224
28426 49968
28427 28448
28428 50985
28429 54057
28430 56681
28431 54072
28432 53033
28433 19248
28434 58112
28435 17185
28436 27488
28437 54048
28438 49953
28439 27425
28440 25385
28441 27425
28442 58145
28443 51968
28444 49952
28445 57121
28446 55081
28447 25377
28448 56681
28449 58144
28450 49952
28451 17184
28452 19232
28453 50976
28454 25352
28455 54072
28456 19232
28457 62241
28458 19209
28459 54033
28460 56089
28461 59168
28462 55145
28463 52008
28464 54049
28465 49920
28466 58217
28467 58209
28468 51969
28469 53812
28470 55072
28471 11040
28472 27400
28473 56617
28474 27424
28475 54049
28476 25345
28477 19209
28478 49960
28479 25512
28480 49953
28481 55080
28482 49953
28483 25376
28484 52000
28485 19232
28486 25376
28487 19232
28488 64288
28489 49952
28490 55072
28491 25376
28492 27424
28493 58145
28494 54064
28495 25376
28496 53793
28497 21281
28498 60200
28499 52001
28500 55073
28501 58153
28502 17185
28503 49952
28504 51969
28505 49697
28506 27400
28507 54049
28508 27401
28509 17152
28510 25384
28511 52001
28512 62241
28513 50977
28514 54048
28515 59241
28516 54040
28517 27137
28518 58144
28519 49921
28520 65313
28521 28512
28522 17184
28523 27424
28524 25376
28525 52009
28526 52001
28527 27392
28528 49961
28529 54040
28530 27400
28531 25376
28532 58112
28533 52000
28534 49953
28535 58152
28536 60320
28537 52001
28538 65385
28539 19241
28540 60321
28541 60193
28542 27425
28543 19200
28544 27425
28545 58144
28546 49953
28547 59937
28548 27392
28549 19216
28550 26401
28551 54048
28552 64288
28553 49953
28554 58145
28555 54056
28556 52001
28557 25384
28558 19241
28559 49953
28560 25385
28561 63336
28562 63265
28563 26368
28564 52001
28565 27425
28566 59241
28567 52000
28568 25376
28569 55841
28570 65313
28571 11040
28572 49960
28573 20257
28574 56096
28575 17176
28576 58112
28577 53793
28578 61797
28579 59169
28580 27432
28581 54048
28582 61217
28583 25384
28584 52000
28585 49960
28586 49961
28587 55080
28588 50976
28589 56097
28590 27425
28591 50977
28592 58145
28593 52001
28594 19200
28595 49953
28596 58153
28597 54056
28598 62240
28599 49952
28600 49952
28601 54064
28602 25360
28603 51713
28604 53605
28605 27424
28606 25377
28607 19200
28608 26401
28609 25376
28610 54048
28611 53284
28612 17184
28613 49960
28614 17153
28615 53793
28616 17192
28617 63264
28618 27553
28619 54048
28620 27425
28621 61224
28622 49953
28623 25360
28624 54041
28625 56096
28626 49945
28627 58152
28628 6944
28629 19201
28630 19240
28631 58152
28632 19241
28633 54056
28634 27488
28635 27425
28636 28449
28637 49921
28638 27393
28639 56105
28640 54040
28641 58144
28642 49952
28643 49952
28644 61225
28645 63273
28646 27400
28647 49920
28648 52000
28649 19233
28650 25344
28651 49944
28652 27393
28653 27401
28654 25440
28655 52000
28656 27424
28657 58144
28658 58208
28659 61216
28660 58136
28661 52008
28662 55080
28663 25344
28664 49960
28665 25440
28666 25344
28667 56097
28668 49953
28669 54057
28670 62241
28671 25377
28672 25344
28673 49953
28674 51993
28675 49953
28676 25376
28677 56105
28678 53025
28679 57121
28680 62240
28681 52008
28682 49960
28683 27433
28684 25377
28685 27425
28686 61185
28687 49960
28688 17185
28689 49928
28690 53793
28691 58152
28692 56889
28693 64289
28694 58209
28695 60200
28696 58144
28697 56097
28698 58144
28699 53601
28700 37665
28701 19232
28702 19217
28703 49952
28704 25345
28705 19200
28706 49920
28707 51745
28708 58272
28709 27432
28710 19232
28711 17248
28712 25368
28713 27424
28714 57192
28715 55073
28716 59168
28717 27153
28718 17184
28719 25377
28720 27424
28721 52000
28722 27392
28723 54040
28724 60201
28725 58153
28726 17153
28727 27432
28728 57129
28729 25441
28730 58144
28731 17184
28732 17192
28733 58209
28734 54056
28735 27424
28736 58280
28737 50992
28738 58208
28739 49953
28740 49953
28741 25376
28742 60264
28743 60193
28744 18977
28745 54048
28746 27424
28747 60193
28748 19216
28749 25344
28750 58144
28751 25344
28752 54017
28753 58145
28754 25376
28755 19209
28756 59169
28757 27488
28758 56681
28759 56681
28760 27408
28761 53537
28762 56681
28763 49953
28764 27424
28765 19208
28766 25377
28767 49929
28768 55073
28769 58145
28770 52000
28771 58128
28772 49929
28773 54057
28774 52008
28775 49944
28776 27425
28777 17185
28778 49960
28779 19233
28780 49952
28781 27425
28782 52000
28783 49952
28784 58144
28785 57121
28786 49952
28787 59136
28788 54056
28789 58208
28790 49961
28791 17184
28792 19233
28793 58113
28794 54049
28795 58145
28796 25377
28797 25377
28798 60200
28799 19208
28800 60160
28801 58112
28802 52008
28803 54113
28804 19232
28805 56096
28806 25440
28807 55080
28808 65377
28809 19241
28810 19200
28811 49960
28812 52000
28813 50976
28814 50977
28815 55080
28816 25384
28817 53808
28818 28457
28819 27425
28820 49960
28821 60257
28822 49976
28823 60192
28824 25376
28825 62240
28826 55825
28827 54048
28828 27392
28829 19200
28830 19208
28831 25377
28832 54112
28833 55072
28834 19232
28835 58144
28836 52001
28837 56096
28838 17184
28839 25376
28840 37672
28841 49960
28842 55073
28843 17168
28844 54056
28845 55073
28846 58120
28847 27393
28848 58144
28849 55072
28850 56097
28851 57120
28852 49953
28853 28425
28854 60160
28855 56097
28856 28449
28857 23336
28858 55081
28859 27528
28860 25385
28861 19233
28862 58145
28863 62241
28864 57121
28865 25345
28866 53025
28867 17185
28868 65321
28869 49953
28870 49953
28871 60193
28872 54048
28873 49920
28874 57121
28875 63265
28876 59169
28877 58144
28878 58152
28879 19208
28880 19232
28881 17152
28882 25384
28883 17185
28884 52000
28885 54048
28886 28449
28887 19232
28888 19233
28889 54057
28890 56072
28891 49960
28892 19208
28893 52001
28894 55096
28895 58145
28896 19232
28897 28449
28898 60193
28899 58113
28900 25416
28901 58152
28902 18216
28903 17153
28904 27489
28905 61224
28906 56088
28907 18960
28908 49961
28909 27425
28910 56097
28911 27425
28912 56617
28913 54056
28914 49976
28915 17184
28916 17208
28917 54024
28918 27432
28919 27424
28920 25376
28921 51000
28922 25376
28923 58209
28924 58112
28925 50992
28926 59168
28927 49936
28928 58152
28929 17192
28930 2824
28931 49960
28932 25376
28933 49953
28934 58145
28935 49960
28936 56681
28937 62241
28938 19233
28939 62249
28940 58144
28941 27425
28942 19209
28943 19201
28944 49953
28945 27424
28946 64097
28947 26145
28948 58145
28949 62304
28950 49960
28951 17249
28952 52000
28953 25376
28954 54072
28955 50985
28956 50016
28957 58113
28958 63329
28959 49952
28960 20264
28961 52120
28962 19232
28963 27433
28964 49509
28965 57121
28966 49953
28967 25377
28968 51977
28969 27425
28970 27425
28971 56681
28972 52017
28973 27432
28974 49952
28975 49952
28976 52000
28977 18961
28978 49952
28979 53601
28980 17176
28981 63329
28982 54632
28983 56096
28984 27425
28985 19208
28986 49944
28987 21280
28988 55072
28989 49960
28990 19241
28991 17184
28992 49961
28993 19232
28994 19217
28995 52001
28996 25344
28997 26400
28998 25344
28999 61217
29000 19216
29001 64257
29002 27424
29003 49952
29004 65313
29005 27425
29006 26401
29007 25377
29008 49944
29009 19232
29010 25385
29011 58145
29012 54057
29013 25344
29014 56088
29015 25368
29016 25377
29017 63265
29018 60192
29019 49961
29020 27392
29021 49952
29022 17160
29023 56105
29024 55081
29025 27393
29026 50976
29027 54049
29028 26400
29029 49952
29030 51969
29031 52008
29032 10769
29033 58144
29034 56065
29035 27424
29036 55072
29037 49952
29038 17184
29039 17184
29040 19225
29041 58209
29042 49952
29043 58152
29044 17185
29045 60193
29046 53001
29047 50977
29048 19233
29049 27392
29050 27425
29051 60193
29052 52001
29053 19201
29054 57128
29055 59177
29056 62304
29057 55144
29058 27424
29059 52008
29060 54048
29061 27424
29062 27425
29063 49961
29064 49960
29065 49441
29066 28417
29067 23336
29068 27424
29069 52001
29070 56097
29071 56096
29072 57121
29073 25377
29074 62240
29075 58152
29076 54040
29077 27392
29078 25440
29079 27392
29080 52024
29081 58152
29082 27464
29083 53604
29084 62241
29085 54048
29086 49952
29087 49953
29088 19200
29089 19240
29090 58112
29091 49960
29092 60201
29093 65385
29094 58144
29095 49921
29096 49960
29097 58144
29098 57128
29099 58144
29100 25376
29101 54056
29102 17185
29103 58153
29104 25376
29105 56104
29106 54065
29107 49920
29108 20257
29109 54056
29110 60256
29111 19208
29112 58152
29113 19201
29114 57193
29115 26464
29116 19233
29117 52000
29118 58128
29119 49921
29120 25504
29121 49952
29122 54048
29123 53809
29124 58145
29125 56088
29126 65385
29127 17185
29128 49505
29129 58145
29130 55081
29131 58120
29132 50016
29133 27400
29134 28512
29135 49953
29136 58144
29137 27489
29138 25377
29139 56121
29140 27393
29141 56681
29142 23329
29143 26368
29144 61185
29145 52000
29146 57121
29147 49960
29148 54064
29149 25384
29150 27528
29151 58144
29152 2856
29153 27392
29154 17184
29155 56609
29156 49952
29157 60200
29158 57128
29159 25376
29160 25376
29161 20265
29162 17185
29163 3425
29164 27425
29165 25377
29166 27425
29167 25480
29168 27425
29169 57121
29170 25360
29171 56681
29172 54048
29173 54049
29174 56681
29175 17192
29176 39713
29177 51745
29178 56073
29179 58213
29180 49953
29181 53797
29182 55081
29183 52000
29184 37665
29185 54052
29186 55081
29187 26401
29188 57889
29189 54057
29190 25352
29191 17152
29192 19233
29193 49961
29194 58144
29195 61217
29196 27392
29197 56096
29198 19233
29199 19233
29200 27424
29201 53793
29202 25488
29203 50533
29204 58144
29205 50976
29206 53604
29207 25445
29208 49968
29209 49508
29210 63264
29211 49960
29212 49921
29213 19233
29214 25360
29215 25368
29216 27425
29217 62241
29218 27392
29219 27424
29220 19200
29221 52000
29222 19233
29223 51976
29224 60168
29225 60193
29226 49960
29227 56096
29228 19233
29229 54049
29230 62240
29231 19200
29232 49952
29233 50976
29234 62240
29235 60160
29236 64353
29237 2857
29238 26409
29239 19233
29240 54048
29241 49952
29242 25377
29243 49961
29244 53536
29245 58152
29246 25344
29247 56681
29248 17193
29249 52000
29250 19248
29251 2593
29252 11041
29253 25376
29254 54056
29255 17184
29256 58145
29257 55073
29258 19233
29259 58144
29260 61797
29261 53024
29262 25377
29263 61217
29264 49953
29265 17192
29266 27553
29267 62241
29268 17185
29269 19200
29270 26401
29271 53544
29272 50984
29273 19201
29274 17184
29275 55081
29276 54048
29277 52000
29278 49509
29279 49505
29280 52000
29281 49921
29282 19232
29283 19232
29284 60200
29285 56096
29286 58208
29287 25344
29288 49945
29289 54064
29290 27393
29291 55072
29292 58209
29293 56105
29294 27392
29295 54056
29296 54040
29297 53281
29298 62240
29299 54056
29300 58208
29301 28449
29302 52008
29303 27392
29304 19241
29305 27392
29306 51969
29307 19201
29308 63272
29309 19200
29310 19208
29311 27392
29312 53809
29313 19201
29314 27401
29315 54048
29316 52001
29317 25385
29318 62304
29319 58144
29320 58144
29321 60192
29322 49960
29323 25376
29324 25353
29325 58144
29326 17185
29327 55072
29328 52000
29329 28425
29330 19240
29331 27425
29332 54049
29333 25376
29334 58144
29335 19232
29336 19233
29337 25344
29338 56097
29339 49952
29340 58272
29341 17192
29342 27489
29343 49952
29344 28520
29345 19233
29346 29472
29347 56088
29348 54053
29349 54048
29350 61796
29351 53793
29352 51968
29353 62305
29354 49952
29355 54048
29356 58209
29357 19232
29358 60256
29359 27393
29360 54049
29361 56097
29362 25440
29363 51969
29364 52001
29365 17184
29366 58112
29367 56073
29368 49921
29369 58144
29370 49953
29371 19240
29372 58272
29373 58128
29374 25376
29375 58112
29376 49952
29377 56105
29378 19233
29379 60168
29380 58113
29381 17192
29382 55841
29383 54049
29384 54048
29385 49952
29386 54049
29387 27392
29388 19232
29389 60193
29390 58112
29391 19209
29392 49953
29393 27433
29394 49953
29395 61216
29396 25440
29397 18961
29398 58145
29399 19240
29400 27560
29401 59169
29402 26368
29403 27393
29404 58145
29405 58145
29406 52008
29407 25377
29408 55080
29409 19201
29410 25376
29411 27425
29412 19089
29413 49952
29414 54056
29415 49921
29416 56104
29417 59169
29418 54064
29419 54120
29420 52000
29421 25345
29422 50976
29423 49969
29424 49953
29425 25384
29426 55856
29427 62240
29428 21288
29429 27392
29430 55073
29431 17256
29432 17168
29433 60192
29434 29473
29435 19232
29436 17184
29437 51984
29438 25360
29439 58145
29440 58209
29441 18209
29442 54833
29443 25504
29444 50533
29445 57193
29446 54017
29447 62817
29448 52001
29449 26401
29450 25345
29451 49952
29452 54049
29453 27457
29454 60321
29455 56097
29456 25345
29457 58153
29458 58145
29459 49952
29460 49952
29461 25376
29462 27425
29463 58216
29464 55073
29465 56609
29466 28449
29467 58145
29468 51992
29469 52000
29470 58144
29471 63265
29472 63265
29473 65313
29474 62241
29475 54048
29476 56080
29477 19233
29478 55081
29479 52001
29480 27432
29481 54040
29482 27497
29483 19240
29484 53033
29485 58144
29486 27464
29487 58136
29488 56681
29489 51968
29490 49952
29491 17153
29492 59169
29493 25344
29494 17168
29495 27425
29496 25376
29497 17189
29498 58120
29499 55072
29500 27497
29501 53285
29502 52008
29503 27424
29504 52064
29505 17192
29506 53605
29507 63273
29508 58145
29509 62240
29510 19233
29511 792
29512 55081
29513 58144
29514 50976
29515 17184
29516 52001
29517 17185
29518 52000
29519 60320
29520 56097
29521 19233
29522 58144
29523 57128
29524 55081
29525 49960
29526 17200
29527 58208
29528 52008
29529 58209
29530 49952
29531 54017
29532 56105
29533 54048
29534 27392
29535 17184
29536 19240
29537 54056
29538 53604
29539 56160
29540 49976
29541 49952
29542 49952
29543 52000
29544 17153
29545 19233
29546 54056
29547 54112
29548 27520
29549 19240
29550 49505
29551 27400
29552 54049
29553 49960
29554 58144
29555 53793
29556 17184
29557 56681
29558 49944
29559 58112
29560 19217
29561 27488
29562 52001
29563 53025
29564 54057
29565 58144
29566 19232
29567 59232
29568 55080
29569 25345
29570 49960
29571 62240
29572 52008
29573 56097
29574 58209
29575 49952
29576 63265
29577 59232
29578 49952
29579 54073
29580 27400
29581 52001
29582 52000
29583 25344
29584 59169
29585 55841
29586 49953
29587 61216
29588 49952
29589 17185
29590 49952
29591 27424
29592 52000
29593 49960
29594 58216
29595 61217
29596 49952
29597 27488
29598 20257
29599 17184
29600 63265
29601 54048
29602 17193
29603 19200
29604 25376
29605 60201
29606 54048
29607 19233
29608 58145
29609 49929
29610 49952
29611 49953
29612 60192
29613 54065
29614 49953
29615 19233
29616 25377
29617 49441
29618 57120
29619 17200
29620 55073
29621 59168
29622 54049
29623 54049
29624 54833
29625 27392
29626 17169
29627 27425
29628 49953
29629 63273
29630 57121
29631 23328
29632 19217
29633 49952
29634 53793
29635 55809
29636 58145
29637 52001
29638 62352
29639 63264
29640 56065
29641 58113
29642 56681
29643 50016
29644 25376
29645 54064
29646 50976
29647 61225
29648 27424
29649 19232
29650 54048
29651 19232
29652 58153
29653 27264
29654 58144
29655 54048
29656 58144
29657 54049
29658 52001
29659 27425
29660 52001
29661 28448
29662 19209
29663 52000
29664 49952
29665 25504
29666 58145
29667 54057
29668 25440
29669 62240
29670 57128
29671 19233
29672 52000
29673 49952
29674 59169
29675 49960
29676 25377
29677 54057
29678 63329
29679 59169
29680 25089
29681 27401
