Point_ID Label
0 64289
1 19233
2 62248
3 50985
4 58112
5 58153
6 49936
7 56096
8 12129
9 40736
10 49928
11 59168
12 25377
13 19200
14 40800
15 19201
16 58144
17 57120
18 58153
19 28513
20 49929
21 27393
22 58145
23 19241
24 40800
25 53032
26 54056
27 17152
28 27424
29 40800
30 63272
31 58145
32 53808
33 40800
34 58144
35 54065
36 58145
37 17184
38 52000
39 19209
40 49953
41 49928
42 39712
43 58120
44 54056
45 40736
46 49960
47 19233
48 49953
49 58152
50 17184
51 58145
52 58153
53 54048
54 49953
55 40800
56 55841
57 27425
58 50984
59 49953
60 54049
61 58144
62 49953
63 53024
64 17185
65 58145
66 58144
67 40481
68 58144
69 25377
70 27552
71 25345
72 40800
73 49952
74 17152
75 57120
76 58120
77 56096
78 58121
79 17153
80 56096
81 49968
82 56864
83 25377
84 25349
85 38712
86 49961
87 57184
88 58144
89 25441
90 58144
91 49952
92 19201
93 49952
94 40505
95 64288
96 56104
97 25344
98 50976
99 40736
100 58153
101 56864
102 54056
103 25353
104 49961
105 62249
106 20257
107 25377
108 58208
109 58121
110 55088
111 59177
112 49952
113 49961
114 40480
115 25344
116 58152
117 57184
118 19232
119 57120
120 55080
121 56928
122 59169
123 65313
124 63264
125 54040
126 58145
127 54056
128 40736
129 54049
130 40736
131 3873
132 61216
133 55136
134 63329
135 64288
136 40480
137 49952
138 28512
139 27424
140 49952
141 58121
142 36640
143 58120
144 40288
145 54072
146 25384
147 25377
148 25376
149 58153
150 58144
151 58152
152 27393
153 27488
154 49928
155 19240
156 63264
157 56096
158 54024
159 40481
160 56864
161 58145
162 57120
163 51968
164 58121
165 56865
166 27392
167 58145
168 57120
169 52001
170 58152
171 50984
172 60193
173 49953
174 65313
175 58145
176 40736
177 40497
178 27488
179 40800
180 60200
181 19209
182 6689
183 19240
184 7713
185 40736
186 55072
187 53025
188 49929
189 40736
190 57120
191 57120
192 19233
193 54056
194 49936
195 58153
196 58145
197 54056
198 17185
199 19233
200 17185
201 57120
202 61217
203 49952
204 54064
205 25416
206 40480
207 62248
208 40800
209 49960
210 19233
211 56160
212 40736
213 49953
214 49929
215 54016
216 25376
217 27432
218 49929
219 20257
220 28512
221 65312
222 51968
223 40737
224 56864
225 51968
226 40736
227 20257
228 54057
229 60192
230 49952
231 19201
232 60193
233 55073
234 27584
235 26464
236 58144
237 54057
238 58112
239 19232
240 24353
241 54049
242 19241
243 62241
244 27425
245 58145
246 55073
247 58121
248 54041
249 56865
250 27432
251 55072
252 27392
253 60256
254 49952
255 54016
256 59168
257 63272
258 54057
259 61281
260 3616
261 40736
262 58144
263 49944
264 57120
265 28448
266 25344
267 6945
268 58153
269 54048
270 61217
271 54057
272 27425
273 58153
274 58152
275 55072
276 58121
277 58144
278 65312
279 52001
280 54024
281 58144
282 58121
283 20265
284 19232
285 58152
286 56097
287 57120
288 54048
289 58144
290 40761
291 58144
292 58144
293 27137
294 25345
295 49953
296 53025
297 54057
298 25377
299 58120
300 17184
301 58217
302 57184
303 28513
304 19233
305 17184
306 51977
307 19232
308 27392
309 52009
310 49953
311 52024
312 25449
313 58144
314 58120
315 54120
316 17184
317 58153
318 58145
319 54056
320 60161
321 27297
322 49944
323 19233
324 59169
325 28449
326 55073
327 58152
328 56097
329 56105
330 56096
331 49960
332 58144
333 58144
334 54056
335 39712
336 40480
337 49952
338 19224
339 27432
340 19201
341 65321
342 56097
343 19249
344 59169
345 49952
346 7713
347 52000
348 25377
349 55144
350 49953
351 25352
352 49961
353 40736
354 58145
355 19240
356 25344
357 58120
358 2961
359 57120
360 25377
361 29473
362 49957
363 19240
364 56088
365 40544
366 25377
367 54024
368 27488
369 39472
370 25345
371 55073
372 19232
373 58144
374 19232
375 56097
376 19233
377 59169
378 49929
379 25384
380 49953
381 17184
382 58121
383 27552
384 58145
385 28449
386 58121
387 58145
388 25440
389 19232
390 19248
391 19232
392 49929
393 52000
394 53025
395 19240
396 25344
397 58121
398 59169
399 49929
400 40800
401 25384
402 49952
403 58144
404 58144
405 19241
406 25376
407 21280
408 26400
409 58152
410 27393
411 27393
412 25368
413 51977
414 57120
415 37672
416 17185
417 25448
418 25385
419 26401
420 63328
421 6945
422 54049
423 62304
424 62217
425 58144
426 55072
427 49961
428 17185
429 58144
430 54049
431 55080
432 63329
433 49952
434 52017
435 19241
436 49953
437 40481
438 25376
439 59177
440 58152
441 57184
442 49953
443 19233
444 58209
445 49961
446 28449
447 58145
448 19233
449 39473
450 25377
451 60192
452 56096
453 25376
454 56864
455 25377
456 40481
457 49953
458 52000
459 19233
460 49961
461 60192
462 17184
463 25376
464 49928
465 59169
466 49953
467 56112
468 58112
469 56096
470 62248
471 19120
472 19233
473 58120
474 50016
475 54049
476 58153
477 54056
478 27456
479 55072
480 40480
481 56097
482 60193
483 25408
484 62312
485 52000
486 58144
487 54072
488 55072
489 25376
490 40480
491 59169
492 25344
493 19224
494 40736
495 52001
496 51992
497 17160
498 49953
499 40800
500 60161
501 58144
502 40480
503 56104
504 25377
505 49921
506 49929
507 65312
508 17184
509 25384
510 49960
511 27297
512 27393
513 40480
514 58144
515 27393
516 54048
517 40032
518 56096
519 40800
520 58121
521 49929
522 54048
523 28449
524 54064
525 19233
526 58152
527 49928
528 55072
529 25385
530 25352
531 58113
532 40736
533 56160
534 25344
535 57184
536 56096
537 25344
538 27401
539 49952
540 49928
541 58152
542 58145
543 27424
544 49929
545 25376
546 58208
547 54816
548 56864
549 27432
550 18961
551 27424
552 61217
553 58120
554 20264
555 40800
556 56096
557 40736
558 49961
559 40736
560 58120
561 60193
562 25376
563 55072
564 58144
565 58144
566 58144
567 57184
568 49944
569 58144
570 54049
571 49953
572 52008
573 54057
574 58216
575 19208
576 49953
577 54057
578 58121
579 56097
580 49933
581 54049
582 51745
583 55841
584 58145
585 54016
586 54064
587 58144
588 25384
589 57137
590 40480
591 56104
592 27425
593 25376
594 28513
595 28512
596 58144
597 60192
598 40800
599 58112
600 54049
601 23328
602 27425
603 27425
604 54064
605 49952
606 52008
607 49928
608 58144
609 57129
610 25440
611 56096
612 58152
613 60193
614 58152
615 49952
616 2848
617 55073
618 20257
619 53025
620 27409
621 25344
622 53024
623 49929
624 49952
625 55073
626 25376
627 49929
628 18977
629 57121
630 19233
631 54048
632 17160
633 54048
634 40480
635 39457
636 25377
637 40480
638 49961
639 40736
640 52008
641 25376
642 2593
643 49920
644 60192
645 54048
646 40480
647 56096
648 26409
649 25441
650 40736
651 49952
652 56929
653 55857
654 49944
655 25360
656 19233
657 62240
658 56865
659 19233
660 17153
661 56073
662 54033
663 54057
664 54065
665 56097
666 56864
667 49928
668 40736
669 25360
670 55073
671 3897
672 57120
673 54049
674 58144
675 17153
676 49952
677 49952
678 25377
679 57121
680 55073
681 52001
682 27392
683 17184
684 40544
685 49952
686 27425
687 25377
688 49953
689 11041
690 40480
691 58208
692 57120
693 58120
694 58145
695 63264
696 55857
697 17185
698 39472
699 59233
700 57120
701 25376
702 54049
703 25384
704 25344
705 49968
706 27425
707 51976
708 40800
709 58144
710 40800
711 49960
712 25384
713 58144
714 49952
715 62248
716 54048
717 40736
718 40480
719 40736
720 40736
721 49960
722 49952
723 52001
724 58145
725 2705
726 58144
727 27401
728 40800
729 55088
730 49952
731 40736
732 27408
733 58145
734 58144
735 57120
736 25344
737 2704
738 25377
739 55072
740 40544
741 19200
742 19232
743 54072
744 40480
745 40480
746 52008
747 56865
748 58121
749 27424
750 55073
751 26145
752 55072
753 40480
754 27425
755 25376
756 58112
757 49928
758 27488
759 56097
760 58145
761 54049
762 63264
763 54056
764 55856
765 61280
766 27425
767 54024
768 40736
769 40481
770 27392
771 57120
772 26465
773 58121
774 17184
775 25352
776 59169
777 25376
778 40736
779 58152
780 58145
781 2593
782 26409
783 63265
784 60192
785 40736
786 19201
787 19233
788 25344
789 49961
790 19233
791 27408
792 25360
793 52000
794 58145
795 27433
796 55089
797 54048
798 2720
799 52000
800 58152
801 57137
802 54056
803 57184
804 53032
805 54048
806 49929
807 56864
808 49952
809 62305
810 25376
811 63265
812 58145
813 20257
814 55073
815 19241
816 56120
817 25361
818 25376
819 58240
820 19224
821 57120
822 25344
823 49960
824 57121
825 25376
826 17160
827 58144
828 54049
829 17185
830 55856
831 56089
832 17192
833 19296
834 55072
835 17160
836 25352
837 60193
838 54032
839 54056
840 25345
841 54057
842 58112
843 54056
844 54057
845 3873
846 58145
847 25344
848 58145
849 49953
850 54048
851 19201
852 56096
853 56864
854 54048
855 56097
856 25360
857 58121
858 17184
859 25376
860 25344
861 62240
862 62240
863 20257
864 25376
865 57120
866 36640
867 58152
868 56105
869 56864
870 54048
871 62241
872 17192
873 19201
874 55072
875 54049
876 58121
877 40480
878 62304
879 57121
880 55073
881 49952
882 52000
883 58144
884 49952
885 62217
886 49929
887 2705
888 2848
889 55072
890 17152
891 58120
892 58145
893 56096
894 40736
895 27424
896 58144
897 58144
898 59169
899 54048
900 56097
901 63265
902 27137
903 49960
904 2705
905 25344
906 49953
907 17160
908 27425
909 49952
910 57185
911 19232
912 58152
913 27433
914 58120
915 19233
916 40736
917 25370
918 58144
919 40736
920 56865
921 40480
922 49929
923 49952
924 63264
925 60192
926 40736
927 58144
928 58144
929 25352
930 17184
931 25352
932 58144
933 25384
934 59168
935 55840
936 49952
937 49960
938 19241
939 25377
940 54057
941 58144
942 52001
943 49952
944 25376
945 60192
946 58152
947 56096
948 49937
949 58153
950 17184
951 57129
952 58144
953 25344
954 49952
955 39712
956 49929
957 38712
958 25344
959 54112
960 51992
961 49953
962 40800
963 17168
964 25344
965 49952
966 58145
967 19200
968 49952
969 25360
970 63264
971 25368
972 40736
973 58120
974 25344
975 25368
976 27424
977 49953
978 19233
979 25344
980 58144
981 49928
982 40736
983 56096
984 58144
985 53904
986 25377
987 25376
988 58144
989 55088
990 55136
991 40800
992 40544
993 58153
994 54048
995 53025
996 58144
997 52016
998 58152
999 17184
1000 54072
1001 40480
1002 49920
1003 58112
1004 17192
1005 25344
1006 27424
1007 25376
1008 56097
1009 58144
1010 58144
1011 58144
1012 17185
1013 49952
1014 54049
1015 25377
1016 3616
1017 62249
1018 25360
1019 49952
1020 25360
1021 58144
1022 49952
1023 49928
1024 17184
1025 58144
1026 55072
1027 49952
1028 49952
1029 40480
1030 25368
1031 58145
1032 58144
1033 25377
1034 25377
1035 54048
1036 58144
1037 49952
1038 58144
1039 17185
1040 25376
1041 60192
1042 53937
1043 58144
1044 55073
1045 19200
1046 49953
1047 58144
1048 27425
1049 49953
1050 17160
1051 25376
1052 40736
1053 49960
1054 25377
1055 27584
1056 19240
1057 25370
1058 25344
1059 58145
1060 19344
1061 58144
1062 55072
1063 58145
1064 3873
1065 25352
1066 25376
1067 57120
1068 19233
1069 58145
1070 40736
1071 58145
1072 59137
1073 49920
1074 25368
1075 63264
1076 57184
1077 58144
1078 62312
1079 62304
1080 49928
1081 25344
1082 25344
1083 49952
1084 58144
1085 56864
1086 25377
1087 58121
1088 25344
1089 25344
1090 49969
1091 52000
1092 20257
1093 40480
1094 49953
1095 49929
1096 40736
1097 49952
1098 58120
1099 52009
1100 54024
1101 17168
1102 25344
1103 28449
1104 64288
1105 17184
1106 2960
1107 25376
1108 49952
1109 25376
1110 25344
1111 58144
1112 57120
1113 17168
1114 25344
1115 54056
1116 58144
1117 61216
1118 54048
1119 49944
1120 53808
1121 56864
1122 40480
1123 54049
1124 54049
1125 54025
1126 39728
1127 10081
1128 26369
1129 25385
1130 49977
1131 49961
1132 52008
1133 56112
1134 25440
1135 26401
1136 39968
1137 55072
1138 58121
1139 40480
1140 40736
1141 27137
1142 25376
1143 2848
1144 40736
1145 55832
1146 55072
1147 6689
1148 28448
1149 55856
1150 25344
1151 52001
1152 17185
1153 59169
1154 59168
1155 57145
1156 39968
1157 58120
1158 58145
1159 27488
1160 55073
1161 58144
1162 57089
1163 54049
1164 58152
1165 2736
1166 25344
1167 57121
1168 27400
1169 57120
1170 49952
1171 17168
1172 58185
1173 58145
1174 38712
1175 53024
1176 50977
1177 39728
1178 25344
1179 59169
1180 60193
1181 57184
1182 25344
1183 25368
1184 54048
1185 52000
1186 49953
1187 49953
1188 39480
1189 58145
1190 19201
1191 55072
1192 25344
1193 25376
1194 58152
1195 58152
1196 27424
1197 19208
1198 49697
1199 27297
1200 26401
1201 17184
1202 61217
1203 49953
1204 58152
1205 25352
1206 55088
1207 57121
1208 58208
1209 53809
1210 28513
1211 25344
1212 56865
1213 49929
1214 19233
1215 25344
1216 2593
1217 56097
1218 54049
1219 56881
1220 49921
1221 58184
1222 2720
1223 25352
1224 55072
1225 25368
1226 58144
1227 57121
1228 57120
1229 17160
1230 25344
1231 25344
1232 17184
1233 20257
1234 25344
1235 58145
1236 49929
1237 40736
1238 25352
1239 63264
1240 56105
1241 17200
1242 52001
1243 58144
1244 54049
1245 39712
1246 38688
1247 55072
1248 55073
1249 25345
1250 53776
1251 19328
1252 58145
1253 25344
1254 49952
1255 56104
1256 63264
1257 53793
1258 19232
1259 25360
1260 25377
1261 53777
1262 25352
1263 40800
1264 17168
1265 55073
1266 54072
1267 63264
1268 10081
1269 58121
1270 58112
1271 40761
1272 53937
1273 54065
1274 25376
1275 59177
1276 56096
1277 2592
1278 58120
1279 49952
1280 55073
1281 19201
1282 25344
1283 54048
1284 28449
1285 27489
1286 25377
1287 60193
1288 58153
1289 27488
1290 49960
1291 56105
1292 49961
1293 19232
1294 51713
1295 57121
1296 53025
1297 62241
1298 53025
1299 62217
1300 57129
1301 52024
1302 17168
1303 58144
1304 15969
1305 25344
1306 54048
1307 17152
1308 6945
1309 26408
1310 49953
1311 39473
1312 25344
1313 27416
1314 19200
1315 27400
1316 49928
1317 26369
1318 25344
1319 40800
1320 25344
1321 21280
1322 58152
1323 56864
1324 55073
1325 52001
1326 49944
1327 58144
1328 57120
1329 56096
1330 51976
1331 49952
1332 54057
1333 25344
1334 17184
1335 58144
1336 19232
1337 58121
1338 25344
1339 49952
1340 58121
1341 58144
1342 49953
1343 25377
1344 56096
1345 58144
1346 52001
1347 25352
1348 25344
1349 49929
1350 25376
1351 58145
1352 54061
1353 25376
1354 27393
1355 40800
1356 21280
1357 59169
1358 25384
1359 19224
1360 25344
1361 58144
1362 40480
1363 17169
1364 25377
1365 53809
1366 49936
1367 58145
1368 55072
1369 55073
1370 25344
1371 58144
1372 58144
1373 49952
1374 25368
1375 55072
1376 25368
1377 25377
1378 40736
1379 17168
1380 56928
1381 27424
1382 54064
1383 58145
1384 56865
1385 54048
1386 40480
1387 17184
1388 17184
1389 19088
1390 19233
1391 56865
1392 38696
1393 49928
1394 58121
1395 56160
1396 40800
1397 55073
1398 58120
1399 55072
1400 60168
1401 27392
1402 28513
1403 40736
1404 25344
1405 58152
1406 39456
1407 52000
1408 19344
1409 54041
1410 58144
1411 58144
1412 57120
1413 40736
1414 56089
1415 27392
1416 40736
1417 58145
1418 58144
1419 58144
1420 49953
1421 28449
1422 25344
1423 58144
1424 55857
1425 25385
1426 25448
1427 25344
1428 25368
1429 27425
1430 27432
1431 58144
1432 49952
1433 19233
1434 17160
1435 63265
1436 58144
1437 27432
1438 58144
1439 58144
1440 25344
1441 49952
1442 49953
1443 17168
1444 58152
1445 50016
1446 25376
1447 40736
1448 58112
1449 58144
1450 25440
1451 51976
1452 25344
1453 56096
1454 17152
1455 27425
1456 53776
1457 58144
1458 25344
1459 58112
1460 17185
1461 25360
1462 53809
1463 27400
1464 54120
1465 21281
1466 19240
1467 25376
1468 19233
1469 40480
1470 58121
1471 49952
1472 25376
1473 54056
1474 58152
1475 25376
1476 58113
1477 58145
1478 58144
1479 49961
1480 58144
1481 25384
1482 58145
1483 58144
1484 17185
1485 25344
1486 25344
1487 58152
1488 58144
1489 40737
1490 27424
1491 25344
1492 25344
1493 25381
1494 54056
1495 25377
1496 25344
1497 25344
1498 801
1499 57120
1500 60192
1501 60200
1502 40736
1503 25360
1504 56864
1505 58121
1506 49929
1507 53024
1508 49937
1509 25448
1510 25384
1511 58144
1512 49977
1513 17160
1514 55073
1515 25384
1516 55072
1517 58217
1518 49952
1519 58153
1520 54073
1521 49936
1522 2592
1523 17184
1524 25472
1525 17168
1526 40736
1527 54060
1528 27424
1529 58144
1530 40481
1531 58144
1532 58145
1533 49960
1534 58144
1535 58144
1536 25360
1537 17153
1538 19233
1539 55072
1540 49953
1541 49960
1542 54024
1543 58145
1544 58217
1545 25360
1546 25360
1547 54064
1548 58144
1549 57184
1550 52000
1551 58144
1552 19240
1553 25360
1554 54025
1555 58144
1556 60192
1557 54025
1558 54056
1559 58144
1560 17168
1561 27425
1562 62249
1563 58208
1564 17161
1565 40736
1566 58144
1567 40736
1568 49952
1569 58112
1570 58145
1571 54057
1572 58144
1573 58144
1574 49929
1575 58121
1576 54049
1577 58145
1578 52001
1579 58145
1580 27425
1581 19232
1582 27393
1583 58144
1584 58144
1585 56105
1586 25376
1587 63272
1588 58144
1589 58121
1590 58144
1591 25352
1592 62240
1593 55072
1594 25360
1595 57120
1596 25376
1597 40737
1598 25376
1599 40736
1600 58144
1601 58144
1602 25360
1603 49961
1604 38712
1605 25344
1606 58145
1607 17185
1608 25440
1609 25344
1610 63264
1611 60193
1612 40736
1613 25344
1614 40744
1615 58145
1616 25368
1617 19216
1618 55072
1619 12129
1620 25384
1621 55072
1622 19232
1623 57120
1624 59169
1625 25344
1626 40736
1627 55072
1628 40800
1629 56865
1630 63265
1631 6945
1632 40288
1633 40497
1634 53777
1635 36640
1636 58144
1637 58121
1638 28193
1639 51984
1640 52000
1641 57120
1642 51760
1643 49960
1644 56097
1645 40480
1646 49960
1647 17160
1648 2849
1649 53024
1650 57121
1651 17192
1652 49960
1653 57121
1654 17176
1655 63264
1656 3897
1657 25352
1658 65312
1659 54064
1660 57121
1661 51713
1662 38688
1663 55832
1664 19201
1665 25352
1666 49952
1667 35616
1668 40736
1669 54048
1670 17184
1671 58152
1672 56120
1673 17152
1674 17256
1675 39457
1676 58120
1677 58145
1678 19200
1679 54056
1680 19217
1681 63273
1682 58144
1683 40288
1684 54072
1685 28513
1686 25376
1687 19233
1688 18209
1689 58144
1690 52009
1691 49952
1692 55088
1693 55088
1694 56864
1695 26464
1696 56865
1697 54065
1698 15969
1699 25345
1700 49952
1701 56096
1702 25344
1703 27425
1704 25376
1705 17248
1706 18945
1707 25344
1708 55856
1709 25440
1710 49960
1711 49952
1712 27424
1713 25352
1714 49952
1715 27393
1716 27432
1717 19232
1718 19217
1719 55072
1720 54064
1721 25349
1722 25360
1723 17248
1724 62241
1725 49953
1726 58128
1727 19201
1728 26400
1729 25376
1730 2849
1731 25344
1732 52008
1733 25377
1734 58121
1735 19200
1736 54048
1737 17185
1738 56097
1739 55073
1740 49960
1741 51969
1742 25352
1743 54064
1744 58144
1745 17192
1746 58144
1747 55073
1748 58152
1749 17200
1750 40481
1751 57120
1752 61217
1753 25360
1754 17176
1755 57120
1756 17184
1757 17152
1758 54056
1759 17152
1760 28193
1761 20264
1762 59176
1763 20264
1764 53025
1765 19232
1766 25344
1767 56104
1768 39968
1769 19217
1770 58152
1771 58121
1772 58144
1773 54049
1774 25344
1775 27425
1776 25345
1777 25384
1778 62241
1779 17152
1780 55072
1781 56929
1782 25368
1783 49953
1784 40737
1785 25440
1786 58144
1787 40480
1788 58145
1789 25344
1790 54056
1791 25345
1792 25344
1793 17168
1794 49960
1795 17185
1796 58152
1797 57137
1798 17224
1799 40480
1800 57121
1801 53776
1802 49928
1803 25368
1804 58144
1805 54049
1806 58121
1807 52008
1808 60201
1809 58113
1810 49961
1811 49961
1812 58145
1813 49952
1814 58113
1815 25344
1816 56864
1817 60264
1818 17161
1819 54057
1820 25376
1821 58144
1822 58144
1823 25360
1824 25376
1825 49928
1826 27393
1827 19200
1828 19240
1829 40480
1830 25385
1831 2849
1832 52000
1833 25344
1834 54056
1835 19232
1836 27425
1837 54816
1838 17185
1839 25376
1840 27392
1841 57120
1842 60256
1843 54065
1844 17184
1845 51969
1846 17184
1847 55073
1848 60200
1849 39480
1850 49960
1851 58120
1852 58209
1853 26401
1854 49929
1855 60193
1856 27425
1857 54048
1858 53793
1859 49952
1860 27393
1861 58112
1862 17184
1863 56097
1864 39712
1865 27425
1866 55072
1867 57184
1868 55073
1869 25360
1870 17185
1871 64289
1872 55072
1873 25344
1874 58144
1875 25368
1876 49952
1877 58113
1878 27425
1879 55073
1880 58144
1881 25361
1882 51985
1883 25377
1884 40480
1885 40480
1886 28457
1887 53793
1888 55080
1889 57121
1890 58112
1891 58120
1892 58121
1893 19232
1894 53808
1895 55080
1896 49952
1897 23329
1898 25384
1899 25504
1900 58112
1901 54056
1902 25360
1903 25344
1904 58121
1905 25352
1906 17192
1907 27393
1908 54049
1909 55073
1910 58152
1911 17184
1912 40736
1913 40480
1914 58144
1915 51969
1916 25377
1917 58153
1918 40736
1919 58144
1920 58144
1921 58145
1922 25360
1923 53792
1924 25345
1925 58144
1926 54048
1927 52000
1928 49929
1929 19208
1930 40800
1931 25344
1932 62208
1933 58120
1934 40480
1935 25360
1936 58136
1937 40736
1938 40480
1939 58121
1940 27424
1941 17160
1942 25345
1943 58153
1944 40736
1945 49953
1946 60161
1947 25360
1948 58120
1949 57120
1950 58144
1951 49928
1952 49960
1953 17153
1954 40480
1955 49921
1956 61224
1957 25384
1958 58144
1959 49936
1960 58153
1961 62217
1962 25352
1963 40544
1964 58152
1965 17169
1966 56864
1967 49960
1968 54025
1969 27424
1970 54065
1971 40736
1972 40800
1973 20257
1974 58112
1975 58152
1976 63265
1977 49953
1978 58144
1979 58144
1980 58144
1981 58112
1982 19200
1983 58144
1984 58144
1985 58144
1986 19201
1987 49952
1988 49960
1989 58144
1990 58145
1991 52000
1992 49952
1993 27416
1994 17192
1995 60193
1996 25344
1997 58144
1998 54048
1999 25360
2000 56864
2001 58144
2002 49961
2003 58144
2004 54040
2005 58144
2006 17168
2007 49953
2008 52000
2009 58145
2010 58112
2011 58144
2012 38712
2013 58152
2014 17185
2015 58144
2016 49952
2017 58144
2018 25344
2019 58145
2020 19201
2021 25352
2022 25384
2023 60193
2024 58144
2025 49953
2026 58144
2027 54057
2028 49952
2029 62241
2030 25368
2031 25408
2032 58144
2033 58144
2034 49952
2035 25353
2036 2736
2037 58144
2038 58120
2039 49961
2040 49977
2041 55080
2042 49952
2043 25384
2044 52001
2045 49952
2046 58144
2047 58144
2048 49952
2049 58144
2050 58152
2051 54053
2052 58144
2053 25360
2054 49953
2055 58144
2056 49952
2057 55072
2058 27457
2059 56160
2060 58144
2061 27584
2062 58152
2063 58144
2064 54057
2065 57120
2066 54048
2067 58144
2068 58153
2069 60193
2070 25360
2071 55072
2072 49953
2073 25360
2074 19208
2075 58144
2076 49952
2077 49952
2078 58144
2079 53024
2080 58144
2081 58145
2082 54832
2083 25360
2084 55072
2085 25376
2086 49960
2087 17160
2088 49952
2089 52001
2090 49952
2091 25384
2092 28449
2093 60192
2094 58145
2095 49952
2096 17152
2097 54064
2098 49952
2099 25360
2100 58145
2101 25344
2102 58144
2103 25349
2104 17152
2105 54056
2106 49929
2107 58144
2108 25376
2109 56097
2110 25368
2111 25344
2112 26465
2113 58144
2114 3897
2115 53937
2116 27401
2117 2848
2118 49952
2119 62241
2120 54049
2121 40736
2122 27425
2123 40736
2124 40497
2125 2848
2126 52000
2127 25344
2128 18209
2129 20257
2130 53793
2131 17193
2132 39472
2133 56065
2134 19225
2135 49961
2136 52000
2137 40481
2138 25377
2139 27433
2140 55073
2141 25376
2142 58144
2143 19088
2144 27408
2145 58144
2146 49952
2147 59169
2148 25344
2149 49953
2150 58121
2151 25377
2152 49960
2153 25376
2154 25376
2155 56096
2156 17192
2157 51728
2158 60256
2159 49952
2160 55832
2161 52025
2162 58144
2163 2705
2164 60264
2165 58153
2166 25352
2167 52001
2168 60201
2169 58144
2170 52001
2171 49952
2172 40736
2173 56096
2174 25353
2175 58144
2176 27425
2177 57121
2178 49952
2179 7713
2180 17176
2181 58185
2182 52001
2183 19233
2184 23329
2185 19224
2186 40761
2187 17192
2188 49953
2189 39720
2190 54048
2191 40736
2192 55073
2193 58144
2194 2720
2195 17184
2196 56096
2197 17184
2198 49960
2199 56097
2200 50024
2201 25344
2202 49952
2203 27400
2204 25344
2205 25368
2206 27425
2207 25376
2208 19233
2209 59169
2210 25344
2211 28457
2212 37665
2213 49952
2214 58152
2215 59168
2216 7969
2217 25376
2218 52000
2219 52008
2220 49952
2221 27400
2222 49976
2223 17152
2224 25344
2225 40480
2226 58153
2227 38688
2228 49928
2229 25360
2230 10081
2231 63273
2232 27488
2233 54056
2234 2592
2235 2864
2236 25384
2237 27425
2238 25349
2239 58144
2240 28513
2241 39713
2242 58112
2243 51976
2244 17184
2245 25376
2246 17177
2247 58152
2248 17185
2249 56080
2250 38712
2251 17168
2252 56865
2253 25368
2254 25377
2255 25384
2256 62240
2257 58145
2258 27392
2259 28449
2260 57120
2261 25345
2262 63264
2263 55081
2264 25368
2265 25360
2266 25360
2267 27401
2268 40761
2269 17152
2270 40480
2271 56865
2272 58145
2273 57120
2274 59169
2275 58121
2276 25344
2277 49960
2278 25344
2279 58144
2280 56865
2281 19360
2282 49928
2283 58144
2284 58121
2285 58144
2286 58144
2287 25344
2288 58145
2289 49952
2290 51976
2291 40736
2292 54048
2293 57185
2294 19201
2295 27408
2296 2704
2297 19248
2298 2824
2299 19232
2300 25360
2301 25440
2302 19201
2303 19249
2304 58145
2305 25344
2306 58145
2307 65321
2308 10081
2309 40480
2310 2849
2311 63265
2312 60192
2313 25416
2314 58144
2315 25440
2316 25504
2317 25376
2318 54032
2319 58145
2320 58145
2321 55072
2322 54049
2323 55072
2324 25344
2325 25440
2326 55072
2327 25416
2328 58144
2329 62249
2330 58145
2331 25345
2332 17160
2333 40801
2334 17160
2335 19256
2336 58217
2337 25344
2338 19208
2339 58144
2340 49944
2341 19233
2342 52008
2343 58144
2344 58153
2345 54048
2346 19233
2347 25377
2348 49920
2349 54057
2350 57121
2351 62248
2352 17168
2353 17193
2354 17168
2355 54049
2356 27424
2357 25376
2358 62248
2359 49960
2360 58144
2361 63328
2362 49960
2363 49960
2364 58121
2365 17185
2366 25344
2367 49960
2368 40800
2369 17184
2370 54057
2371 52001
2372 63265
2373 54056
2374 28449
2375 18977
2376 25344
2377 51745
2378 55072
2379 27137
2380 58144
2381 63272
2382 17168
2383 57184
2384 27392
2385 25370
2386 25345
2387 54049
2388 54048
2389 25440
2390 27424
2391 55072
2392 58144
2393 58152
2394 57120
2395 58216
2396 49952
2397 19233
2398 18209
2399 25376
2400 17168
2401 49928
2402 25345
2403 58144
2404 49952
2405 26401
2406 17160
2407 57121
2408 25344
2409 19232
2410 54057
2411 40544
2412 58144
2413 19200
2414 27392
2415 25345
2416 49960
2417 54024
2418 59177
2419 52008
2420 58121
2421 17193
2422 58121
2423 49953
2424 25344
2425 40736
2426 49952
2427 52000
2428 57184
2429 58121
2430 54040
2431 25352
2432 54049
2433 58144
2434 52993
2435 49953
2436 58120
2437 58144
2438 25376
2439 25376
2440 17153
2441 58144
2442 25360
2443 58120
2444 58144
2445 40480
2446 25345
2447 58144
2448 25344
2449 55072
2450 58144
2451 53937
2452 25345
2453 25352
2454 25344
2455 53937
2456 49933
2457 25344
2458 40800
2459 25376
2460 57120
2461 25377
2462 49953
2463 56097
2464 53025
2465 58144
2466 57120
2467 54056
2468 49952
2469 58144
2470 40736
2471 40480
2472 19233
2473 26465
2474 58144
2475 40480
2476 25384
2477 49953
2478 49961
2479 58144
2480 54056
2481 49952
2482 58121
2483 58145
2484 56104
2485 21280
2486 58144
2487 58144
2488 58144
2489 49960
2490 25360
2491 58144
2492 59232
2493 49952
2494 58152
2495 25344
2496 58128
2497 25376
2498 49952
2499 25344
2500 25408
2501 58145
2502 58144
2503 25385
2504 58144
2505 56097
2506 27432
2507 58145
2508 54024
2509 57121
2510 17185
2511 17189
2512 54040
2513 55072
2514 58145
2515 56864
2516 57120
2517 25345
2518 27424
2519 57184
2520 19088
2521 49944
2522 25352
2523 58145
2524 17168
2525 49960
2526 58184
2527 49952
2528 49960
2529 58112
2530 25376
2531 25377
2532 49952
2533 54064
2534 25376
2535 26408
2536 51000
2537 49953
2538 52000
2539 58145
2540 49952
2541 25344
2542 58144
2543 27424
2544 54049
2545 58145
2546 58152
2547 49953
2548 54056
2549 58145
2550 60193
2551 49952
2552 54816
2553 6945
2554 49953
2555 12065
2556 63264
2557 58145
2558 2849
2559 53793
2560 49928
2561 27409
2562 40480
2563 17185
2564 54056
2565 28449
2566 25376
2567 2593
2568 61217
2569 63264
2570 55072
2571 55073
2572 52008
2573 25416
2574 49960
2575 56096
2576 27393
2577 58152
2578 56104
2579 19201
2580 17168
2581 52000
2582 52008
2583 58144
2584 51969
2585 19232
2586 17184
2587 17169
2588 54024
2589 25376
2590 54024
2591 58121
2592 39481
2593 19248
2594 39480
2595 17184
2596 52000
2597 49921
2598 58120
2599 49952
2600 27392
2601 40736
2602 60192
2603 28448
2604 63264
2605 25376
2606 58144
2607 52000
2608 27393
2609 25376
2610 39457
2611 28513
2612 25344
2613 19201
2614 19240
2615 17168
2616 52009
2617 25370
2618 55072
2619 54064
2620 56097
2621 58112
2622 25344
2623 40736
2624 3616
2625 27400
2626 6689
2627 49944
2628 27457
2629 40480
2630 17185
2631 57121
2632 58113
2633 60192
2634 17192
2635 25344
2636 25344
2637 17160
2638 52000
2639 19200
2640 25352
2641 55072
2642 59168
2643 17184
2644 64289
2645 55072
2646 52009
2647 25344
2648 54032
2649 58145
2650 25360
2651 49952
2652 25344
2653 57121
2654 40736
2655 17184
2656 53025
2657 25368
2658 25377
2659 55073
2660 12065
2661 53032
2662 25377
2663 56104
2664 25376
2665 19208
2666 60192
2667 56865
2668 20257
2669 40480
2670 17192
2671 18208
2672 55073
2673 58144
2674 53025
2675 49953
2676 27392
2677 60193
2678 51984
2679 53808
2680 51969
2681 52001
2682 40801
2683 25368
2684 49960
2685 55080
2686 49961
2687 25345
2688 2737
2689 55136
2690 58128
2691 19233
2692 17176
2693 56096
2694 25368
2695 40545
2696 49960
2697 62240
2698 49952
2699 58144
2700 58112
2701 17184
2702 40480
2703 49960
2704 27489
2705 17168
2706 58145
2707 49960
2708 49952
2709 49929
2710 54064
2711 19209
2712 17168
2713 25352
2714 49960
2715 58144
2716 19249
2717 49928
2718 55081
2719 40736
2720 59169
2721 55072
2722 54057
2723 54056
2724 25344
2725 55824
2726 19233
2727 55072
2728 55072
2729 25376
2730 56105
2731 49928
2732 54056
2733 39713
2734 27488
2735 49944
2736 58144
2737 56105
2738 53809
2739 25376
2740 58152
2741 62248
2742 40736
2743 55072
2744 50985
2745 58121
2746 57120
2747 58152
2748 58144
2749 49960
2750 49960
2751 25360
2752 19232
2753 25377
2754 55072
2755 54061
2756 58144
2757 17185
2758 49929
2759 49920
2760 58120
2761 25361
2762 49928
2763 55072
2764 25344
2765 25440
2766 49928
2767 58120
2768 49929
2769 62248
2770 58144
2771 54057
2772 58153
2773 59169
2774 54040
2775 49952
2776 40737
2777 19209
2778 49921
2779 17184
2780 25360
2781 25360
2782 25349
2783 17153
2784 62248
2785 55072
2786 63264
2787 19232
2788 54056
2789 19232
2790 25504
2791 52001
2792 40505
2793 17192
2794 60193
2795 60192
2796 25360
2797 54048
2798 58216
2799 58144
2800 54048
2801 25384
2802 58144
2803 60193
2804 25344
2805 25352
2806 40480
2807 62304
2808 57129
2809 20001
2810 49952
2811 62240
2812 25352
2813 58152
2814 25353
2815 17168
2816 53025
2817 17153
2818 25376
2819 52001
2820 40761
2821 55073
2822 27401
2823 2609
2824 57120
2825 58208
2826 63328
2827 51729
2828 54048
2829 27393
2830 54073
2831 17168
2832 51745
2833 54048
2834 52000
2835 55080
2836 25344
2837 49953
2838 25376
2839 25349
2840 40480
2841 54056
2842 39473
2843 49928
2844 19217
2845 55080
2846 49952
2847 40736
2848 18976
2849 62241
2850 17152
2851 49952
2852 58145
2853 60160
2854 49953
2855 58144
2856 58152
2857 25344
2858 62240
2859 62248
2860 49920
2861 57121
2862 40800
2863 25360
2864 58217
2865 54048
2866 58208
2867 54048
2868 25376
2869 19232
2870 58145
2871 58112
2872 25370
2873 53937
2874 40736
2875 25353
2876 65313
2877 27520
2878 54056
2879 54056
2880 49961
2881 25376
2882 27584
2883 58144
2884 58152
2885 58144
2886 58144
2887 58144
2888 19088
2889 61280
2890 55072
2891 54057
2892 58144
2893 58145
2894 25360
2895 54049
2896 49920
2897 17184
2898 25344
2899 19200
2900 51968
2901 54057
2902 49960
2903 52008
2904 51968
2905 58121
2906 25352
2907 58144
2908 58144
2909 49952
2910 54056
2911 49953
2912 62217
2913 17160
2914 58120
2915 54048
2916 25368
2917 54025
2918 58145
2919 49920
2920 17184
2921 58152
2922 59169
2923 58144
2924 40736
2925 49953
2926 49953
2927 19232
2928 25344
2929 28457
2930 58144
2931 56097
2932 52000
2933 25377
2934 58145
2935 58152
2936 56865
2937 58153
2938 58152
2939 58216
2940 55096
2941 17184
2942 58144
2943 54048
2944 25376
2945 54057
2946 25360
2947 49952
2948 54056
2949 62248
2950 62249
2951 58144
2952 58144
2953 49952
2954 25360
2955 62240
2956 58152
2957 26464
2958 25344
2959 10785
2960 49953
2961 53793
2962 39472
2963 49952
2964 49968
2965 63264
2966 61216
2967 25376
2968 58112
2969 17152
2970 19201
2971 37672
2972 18993
2973 40481
2974 58240
2975 56096
2976 19232
2977 19209
2978 25360
2979 18961
2980 62241
2981 55073
2982 57121
2983 55825
2984 60200
2985 49928
2986 56096
2987 25384
2988 58144
2989 49953
2990 51761
2991 58153
2992 54048
2993 2705
2994 57129
2995 50977
2996 58144
2997 58144
2998 62248
2999 6945
3000 2720
3001 60160
3002 17152
3003 57120
3004 54048
3005 53025
3006 59169
3007 55073
3008 52000
3009 49976
3010 52001
3011 38712
3012 25344
3013 17168
3014 40736
3015 25376
3016 27393
3017 6689
3018 60160
3019 52001
3020 17192
3021 2704
3022 25376
3023 49928
3024 52001
3025 17152
3026 56089
3027 25352
3028 25345
3029 55073
3030 49952
3031 25344
3032 40736
3033 25344
3034 25344
3035 55072
3036 58144
3037 25344
3038 40736
3039 56097
3040 49960
3041 49952
3042 49920
3043 58153
3044 26465
3045 25376
3046 19200
3047 58144
3048 56864
3049 49961
3050 49952
3051 19233
3052 17184
3053 53793
3054 56864
3055 40480
3056 40745
3057 52008
3058 55072
3059 58121
3060 49944
3061 17185
3062 2856
3063 54056
3064 25344
3065 19216
3066 63265
3067 55072
3068 57121
3069 53809
3070 58153
3071 57144
3072 25344
3073 25377
3074 25377
3075 58145
3076 52000
3077 54832
3078 19233
3079 49953
3080 17152
3081 19232
3082 25352
3083 27496
3084 62240
3085 59169
3086 57184
3087 58145
3088 25352
3089 54056
3090 58144
3091 25368
3092 40032
3093 49952
3094 25360
3095 58144
3096 25384
3097 17168
3098 40736
3099 25384
3100 55096
3101 27433
3102 19256
3103 58144
3104 54049
3105 19200
3106 19209
3107 25360
3108 27425
3109 62240
3110 11041
3111 53033
3112 58152
3113 55841
3114 17168
3115 25345
3116 58152
3117 58145
3118 25360
3119 58145
3120 58120
3121 49976
3122 25352
3123 17224
3124 62304
3125 58145
3126 37680
3127 25344
3128 53024
3129 55825
3130 58184
3131 49929
3132 58145
3133 40480
3134 58144
3135 49960
3136 54049
3137 49953
3138 40736
3139 49952
3140 25368
3141 49928
3142 40800
3143 49928
3144 56112
3145 58153
3146 58120
3147 50024
3148 49952
3149 27425
3150 17192
3151 25360
3152 58144
3153 58144
3154 17176
3155 19249
3156 49961
3157 25352
3158 25416
3159 25361
3160 17152
3161 58120
3162 57120
3163 17176
3164 49928
3165 58128
3166 40736
3167 54057
3168 25377
3169 49961
3170 49961
3171 17185
3172 62240
3173 25449
3174 53937
3175 17176
3176 25344
3177 59177
3178 58120
3179 57128
3180 49952
3181 58144
3182 58144
3183 49928
3184 49960
3185 54056
3186 51745
3187 58152
3188 60192
3189 49960
3190 57185
3191 56120
3192 57121
3193 52009
3194 49953
3195 54049
3196 54024
3197 21281
3198 60193
3199 58144
3200 53937
3201 58144
3202 25360
3203 27424
3204 59169
3205 54064
3206 58144
3207 52000
3208 61224
3209 58112
3210 40737
3211 26401
3212 58152
3213 38712
3214 40800
3215 27425
3216 25360
3217 17168
3218 19256
3219 58144
3220 52001
3221 40737
3222 58145
3223 25360
3224 58120
3225 25448
3226 63272
3227 54048
3228 40736
3229 25384
3230 54032
3231 40480
3232 25376
3233 17168
3234 55072
3235 27425
3236 54057
3237 58153
3238 40736
3239 54056
3240 25360
3241 49928
3242 60192
3243 17193
3244 19233
3245 54064
3246 54049
3247 19232
3248 52016
3249 25376
3250 25376
3251 25349
3252 17168
3253 17152
3254 40800
3255 49929
3256 17184
3257 25360
3258 58120
3259 58152
3260 25344
3261 60193
3262 59168
3263 58120
3264 25360
3265 55072
3266 19232
3267 49936
3268 17168
3269 19224
3270 40736
3271 38696
3272 40736
3273 25344
3274 54048
3275 25360
3276 58144
3277 58121
3278 17224
3279 49961
3280 49961
3281 50977
3282 54072
3283 49952
3284 58144
3285 58120
3286 17168
3287 49952
3288 25377
3289 25384
3290 49952
3291 17185
3292 25344
3293 19240
3294 58144
3295 17184
3296 58144
3297 25376
3298 25440
3299 39728
3300 49960
3301 27584
3302 40480
3303 40800
3304 49961
3305 19233
3306 54056
3307 19240
3308 54049
3309 54025
3310 54056
3311 58120
3312 58121
3313 53808
3314 54049
3315 17168
3316 25377
3317 60193
3318 49952
3319 17192
3320 65313
3321 25344
3322 17184
3323 58144
3324 49952
3325 58144
3326 17184
3327 19216
3328 17168
3329 58112
3330 58145
3331 17184
3332 25344
3333 37664
3334 26465
3335 27424
3336 55080
3337 53904
3338 40480
3339 19201
3340 53024
3341 39720
3342 27424
3343 40480
3344 55857
3345 56881
3346 58144
3347 18945
3348 55840
3349 29473
3350 801
3351 25353
3352 56104
3353 56121
3354 25368
3355 63264
3356 54057
3357 54056
3358 55073
3359 54048
3360 55073
3361 58216
3362 25360
3363 11040
3364 58121
3365 17185
3366 40481
3367 49952
3368 58144
3369 51744
3370 55073
3371 25377
3372 19232
3373 49953
3374 58144
3375 49952
3376 25352
3377 2704
3378 54048
3379 54112
3380 19233
3381 25352
3382 58145
3383 57121
3384 19232
3385 55072
3386 56104
3387 49960
3388 55072
3389 57121
3390 51744
3391 28417
3392 53793
3393 55840
3394 40800
3395 49936
3396 58208
3397 55832
3398 25416
3399 25353
3400 54048
3401 25384
3402 18977
3403 60192
3404 55073
3405 51969
3406 56104
3407 25376
3408 58145
3409 25377
3410 25377
3411 49953
3412 25360
3413 49936
3414 25352
3415 54072
3416 51000
3417 40800
3418 54056
3419 54057
3420 58144
3421 25376
3422 52768
3423 20001
3424 63265
3425 25344
3426 57185
3427 58152
3428 54064
3429 56121
3430 25377
3431 58152
3432 58152
3433 57144
3434 40736
3435 54112
3436 2592
3437 21280
3438 58145
3439 57184
3440 19233
3441 19209
3442 19233
3443 55856
3444 17185
3445 49952
3446 58144
3447 58144
3448 53937
3449 40481
3450 25368
3451 52008
3452 19201
3453 57129
3454 49952
3455 40480
3456 55072
3457 19088
3458 49953
3459 17161
3460 25376
3461 49953
3462 55072
3463 25344
3464 56097
3465 54048
3466 19201
3467 17184
3468 49960
3469 60192
3470 25377
3471 17176
3472 53024
3473 39456
3474 25376
3475 25352
3476 58145
3477 19232
3478 40736
3479 25360
3480 49952
3481 40736
3482 54056
3483 58144
3484 53937
3485 27432
3486 27425
3487 25344
3488 63264
3489 17161
3490 63264
3491 60192
3492 51976
3493 40480
3494 25449
3495 53808
3496 58136
3497 25376
3498 25448
3499 25344
3500 56864
3501 55841
3502 27425
3503 19232
3504 54056
3505 54048
3506 57184
3507 25368
3508 25360
3509 25344
3510 27393
3511 55841
3512 52000
3513 58144
3514 27424
3515 58121
3516 49928
3517 27393
3518 49952
3519 40800
3520 49933
3521 27408
3522 27393
3523 54060
3524 27424
3525 58121
3526 56865
3527 54056
3528 53025
3529 58113
3530 49928
3531 58145
3532 58144
3533 20257
3534 54033
3535 25370
3536 54048
3537 27409
3538 54057
3539 25360
3540 25440
3541 58144
3542 25360
3543 49952
3544 62240
3545 53024
3546 17192
3547 25504
3548 28448
3549 19200
3550 25360
3551 25416
3552 54025
3553 17185
3554 50985
3555 38696
3556 57120
3557 17161
3558 58153
3559 58112
3560 53809
3561 49953
3562 49929
3563 25377
3564 27393
3565 58145
3566 25448
3567 58121
3568 58144
3569 19088
3570 54817
3571 40744
3572 17152
3573 55856
3574 50985
3575 58144
3576 25376
3577 49952
3578 55096
3579 54056
3580 58153
3581 62240
3582 18976
3583 58120
3584 25370
3585 58144
3586 58176
3587 58144
3588 58144
3589 58144
3590 58144
3591 58144
3592 49953
3593 56096
3594 25360
3595 58145
3596 17184
3597 25344
3598 58144
3599 17152
3600 54053
3601 51713
3602 2705
3603 28449
3604 57121
3605 39712
3606 55081
3607 49953
3608 54049
3609 25344
3610 58144
3611 25344
3612 49953
3613 19208
3614 25376
3615 2705
3616 55096
3617 58144
3618 49952
3619 49976
3620 49960
3621 40481
3622 49952
3623 62241
3624 57184
3625 54040
3626 52008
3627 25377
3628 57184
3629 58208
3630 55072
3631 17161
3632 40800
3633 19233
3634 40800
3635 40480
3636 58144
3637 58153
3638 26401
3639 56112
3640 58144
3641 54025
3642 49953
3643 58144
3644 20001
3645 38712
3646 49920
3647 39713
3648 53937
3649 57120
3650 17176
3651 54048
3652 58153
3653 25368
3654 25353
3655 27456
3656 58144
3657 51969
3658 49952
3659 17176
3660 58152
3661 40736
3662 18961
3663 17184
3664 27393
3665 57184
3666 25376
3667 59232
3668 25344
3669 25384
3670 19217
3671 54049
3672 54049
3673 27488
3674 17169
3675 56928
3676 62240
3677 58144
3678 25360
3679 58144
3680 27520
3681 17192
3682 27424
3683 58136
3684 17160
3685 54048
3686 25344
3687 17176
3688 25344
3689 57120
3690 25504
3691 40544
3692 54056
3693 49968
3694 25440
3695 53904
3696 49952
3697 17184
3698 54056
3699 49953
3700 57121
3701 17184
3702 17185
3703 58144
3704 56121
3705 19240
3706 49960
3707 54049
3708 54053
3709 49937
3710 49952
3711 17168
3712 25376
3713 25368
3714 25344
3715 27393
3716 60201
3717 56096
3718 58152
3719 20257
3720 57129
3721 19232
3722 25376
3723 7969
3724 61280
3725 17184
3726 2593
3727 56097
3728 55089
3729 25344
3730 27464
3731 52000
3732 37665
3733 17184
3734 56097
3735 59169
3736 2705
3737 58152
3738 2704
3739 56096
3740 27393
3741 17160
3742 57184
3743 10081
3744 49952
3745 27425
3746 57120
3747 54049
3748 55072
3749 27393
3750 58144
3751 25344
3752 60192
3753 65321
3754 2705
3755 57121
3756 40736
3757 25376
3758 19240
3759 64289
3760 8992
3761 55073
3762 54056
3763 25384
3764 25376
3765 65376
3766 54817
3767 25344
3768 49952
3769 57120
3770 49952
3771 17152
3772 54048
3773 56097
3774 25368
3775 40481
3776 52000
3777 52009
3778 40480
3779 49952
3780 54049
3781 55081
3782 56096
3783 19240
3784 19208
3785 54048
3786 49960
3787 19201
3788 17176
3789 17168
3790 40481
3791 55088
3792 27433
3793 27425
3794 55857
3795 54049
3796 25377
3797 25344
3798 56864
3799 58120
3800 49953
3801 58144
3802 49960
3803 55073
3804 2849
3805 40480
3806 25376
3807 55072
3808 25377
3809 19241
3810 2609
3811 54072
3812 19232
3813 40736
3814 56864
3815 18977
3816 58121
3817 58152
3818 25376
3819 54060
3820 54049
3821 19233
3822 49968
3823 25384
3824 55072
3825 25352
3826 49928
3827 2849
3828 57185
3829 58144
3830 25344
3831 54832
3832 2705
3833 56097
3834 17168
3835 60192
3836 49944
3837 17152
3838 58128
3839 57120
3840 25376
3841 25360
3842 57121
3843 38688
3844 58152
3845 61216
3846 49921
3847 25344
3848 54112
3849 17184
3850 25384
3851 17168
3852 40800
3853 54048
3854 57120
3855 40736
3856 56097
3857 17168
3858 25384
3859 49960
3860 49952
3861 25344
3862 17161
3863 56096
3864 54048
3865 51745
3866 17184
3867 49976
3868 25352
3869 19201
3870 58144
3871 54049
3872 62249
3873 62217
3874 27425
3875 10081
3876 25345
3877 58152
3878 25440
3879 25345
3880 25344
3881 40737
3882 58145
3883 59176
3884 55081
3885 17176
3886 17224
3887 25361
3888 3873
3889 54016
3890 17168
3891 58152
3892 54056
3893 49960
3894 27392
3895 62249
3896 58121
3897 25385
3898 58121
3899 17160
3900 58144
3901 49960
3902 40736
3903 57121
3904 58153
3905 25376
3906 54056
3907 63265
3908 58144
3909 58120
3910 57137
3911 51984
3912 55088
3913 25368
3914 54049
3915 25408
3916 53809
3917 19225
3918 58153
3919 19208
3920 54057
3921 55072
3922 52000
3923 62249
3924 40736
3925 58144
3926 25360
3927 49952
3928 19233
3929 53793
3930 25377
3931 25384
3932 58145
3933 58120
3934 53809
3935 25416
3936 25349
3937 25353
3938 49961
3939 58144
3940 58144
3941 55072
3942 19233
3943 19233
3944 62240
3945 49952
3946 25353
3947 40801
3948 65312
3949 40736
3950 56096
3951 58209
3952 52024
3953 37672
3954 25377
3955 56097
3956 40480
3957 19200
3958 54072
3959 58144
3960 54049
3961 58144
3962 27400
3963 58144
3964 27425
3965 40481
3966 49960
3967 25376
3968 25345
3969 10081
3970 58145
3971 49952
3972 17184
3973 55824
3974 58144
3975 58152
3976 63265
3977 58121
3978 58144
3979 62240
3980 59169
3981 19201
3982 27392
3983 25353
3984 54060
3985 26369
3986 25360
3987 58121
3988 17224
3989 53904
3990 56096
3991 25360
3992 25384
3993 61185
3994 17152
3995 25344
3996 54072
3997 25377
3998 58152
3999 40544
4000 54049
4001 27392
4002 17168
4003 58121
4004 54057
4005 40480
4006 52072
4007 55073
4008 58121
4009 58144
4010 17168
4011 25344
4012 62241
4013 19233
4014 17184
4015 58209
4016 54056
4017 17185
4018 56865
4019 60320
4020 55096
4021 55073
4022 54025
4023 25360
4024 54057
4025 40736
4026 19088
4027 58128
4028 58240
4029 58144
4030 25384
4031 19233
4032 25360
4033 19232
4034 49952
4035 25352
4036 56104
4037 17168
4038 58145
4039 51976
4040 19233
4041 58121
4042 55857
4043 25376
4044 58144
4045 58152
4046 59177
4047 40736
4048 49961
4049 58145
4050 49920
4051 17160
4052 62248
4053 19240
4054 25376
4055 52009
4056 58144
4057 49952
4058 25352
4059 58144
4060 6688
4061 25360
4062 49952
4063 19328
4064 17153
4065 49952
4066 25360
4067 49953
4068 52008
4069 58144
4070 25376
4071 49960
4072 27424
4073 49937
4074 54048
4075 58121
4076 25360
4077 58144
4078 49960
4079 49929
4080 58152
4081 53024
4082 49961
4083 25385
4084 25376
4085 58121
4086 25344
4087 49952
4088 25377
4089 58152
4090 57121
4091 25344
4092 58145
4093 2704
4094 25344
4095 25368
4096 17224
4097 58152
4098 25344
4099 25344
4100 57089
4101 25352
4102 17176
4103 25384
4104 19232
4105 56096
4106 12129
4107 58145
4108 57121
4109 49953
4110 54057
4111 40761
4112 58144
4113 40480
4114 52000
4115 49968
4116 56097
4117 25344
4118 17169
4119 38688
4120 40737
4121 60192
4122 25377
4123 58145
4124 17224
4125 49960
4126 57120
4127 2720
4128 27393
4129 25360
4130 7713
4131 19232
4132 58144
4133 27425
4134 56097
4135 19201
4136 19200
4137 54048
4138 49960
4139 53808
4140 54049
4141 54057
4142 25377
4143 28512
4144 54048
4145 60200
4146 53024
4147 54064
4148 49960
4149 49952
4150 19200
4151 54057
4152 55089
4153 57144
4154 57128
4155 17184
4156 49952
4157 54024
4158 40481
4159 2704
4160 49952
4161 19232
4162 57184
4163 49953
4164 54049
4165 64289
4166 55073
4167 25360
4168 58144
4169 17200
4170 52000
4171 55072
4172 55072
4173 58272
4174 19248
4175 53808
4176 27393
4177 58152
4178 49953
4179 17152
4180 54056
4181 17161
4182 54064
4183 58152
4184 17193
4185 40736
4186 2849
4187 40481
4188 18217
4189 58145
4190 19232
4191 27392
4192 52000
4193 55080
4194 40545
4195 25376
4196 25385
4197 58152
4198 19232
4199 17185
4200 54048
4201 56080
4202 17208
4203 25376
4204 64288
4205 25384
4206 17208
4207 60192
4208 25384
4209 54048
4210 27425
4211 54816
4212 49929
4213 54049
4214 25370
4215 2592
4216 57120
4217 54048
4218 25368
4219 56929
4220 49952
4221 25377
4222 39472
4223 61224
4224 49960
4225 25344
4226 55073
4227 52009
4228 56097
4229 60192
4230 39720
4231 55080
4232 49952
4233 58145
4234 57121
4235 49697
4236 25376
4237 58144
4238 56096
4239 25408
4240 25344
4241 17192
4242 56865
4243 52001
4244 25376
4245 51744
4246 17152
4247 17176
4248 25344
4249 25344
4250 17184
4251 58121
4252 58144
4253 25384
4254 54056
4255 58144
4256 58120
4257 58152
4258 63329
4259 40736
4260 53777
4261 54057
4262 55088
4263 25344
4264 52000
4265 17168
4266 17193
4267 54057
4268 23337
4269 25344
4270 40736
4271 27400
4272 17184
4273 58153
4274 62241
4275 49968
4276 57121
4277 60256
4278 39968
4279 25376
4280 27392
4281 49953
4282 58112
4283 54057
4284 25408
4285 58152
4286 40736
4287 25381
4288 27488
4289 25352
4290 54057
4291 49952
4292 54057
4293 25353
4294 58144
4295 54024
4296 58144
4297 53024
4298 57185
4299 49960
4300 25353
4301 40544
4302 49921
4303 58121
4304 49929
4305 52001
4306 17152
4307 58144
4308 56097
4309 57121
4310 54064
4311 49921
4312 49952
4313 25360
4314 58208
4315 40544
4316 55081
4317 62249
4318 60168
4319 40800
4320 40800
4321 25344
4322 62248
4323 27424
4324 40800
4325 58145
4326 19201
4327 40745
4328 49944
4329 58144
4330 49952
4331 54072
4332 58216
4333 25361
4334 62241
4335 2849
4336 25377
4337 58272
4338 49953
4339 25344
4340 52000
4341 25376
4342 57120
4343 49952
4344 49961
4345 19233
4346 49953
4347 54072
4348 54048
4349 49960
4350 54056
4351 58144
4352 19233
4353 58153
4354 25384
4355 58144
4356 49936
4357 25376
4358 49961
4359 25360
4360 49952
4361 25376
4362 58152
4363 59233
4364 17184
4365 54049
4366 52001
4367 39473
4368 27432
4369 25345
4370 25384
4371 27496
4372 27489
4373 2704
4374 62241
4375 59169
4376 58121
4377 53808
4378 56928
4379 58272
4380 25344
4381 25440
4382 60161
4383 58121
4384 19201
4385 58144
4386 2736
4387 28449
4388 49960
4389 25408
4390 49953
4391 25440
4392 56120
4393 49953
4394 25360
4395 54056
4396 2849
4397 20257
4398 49928
4399 25377
4400 17185
4401 58144
4402 57121
4403 60160
4404 55073
4405 49928
4406 54048
4407 62217
4408 57184
4409 25384
4410 26401
4411 19088
4412 49952
4413 54048
4414 57129
4415 27424
4416 58144
4417 58144
4418 58144
4419 25376
4420 25360
4421 58144
4422 17168
4423 25344
4424 25344
4425 25377
4426 49960
4427 58144
4428 52001
4429 25376
4430 49952
4431 27393
4432 58113
4433 25377
4434 25352
4435 52000
4436 27464
4437 19232
4438 59233
4439 25472
4440 25344
4441 25344
4442 52000
4443 56073
4444 58128
4445 19224
4446 54064
4447 54048
4448 54057
4449 49952
4450 27424
4451 2705
4452 2720
4453 55073
4454 25360
4455 26401
4456 40505
4457 54033
4458 25376
4459 57121
4460 56864
4461 25441
4462 56104
4463 49928
4464 2720
4465 17192
4466 57121
4467 2704
4468 56097
4469 52001
4470 25344
4471 40480
4472 58144
4473 65313
4474 50984
4475 49952
4476 25376
4477 19233
4478 25385
4479 49961
4480 51745
4481 19120
4482 25377
4483 17160
4484 37665
4485 19233
4486 57121
4487 58145
4488 55088
4489 25352
4490 55841
4491 27393
4492 39473
4493 17184
4494 55856
4495 51761
4496 54056
4497 40737
4498 40800
4499 2720
4500 60256
4501 62240
4502 59169
4503 25376
4504 58144
4505 51968
4506 25376
4507 28512
4508 25344
4509 56097
4510 49952
4511 62248
4512 49960
4513 60193
4514 27408
4515 17160
4516 10081
4517 40480
4518 52001
4519 40032
4520 56864
4521 54049
4522 17152
4523 58152
4524 57120
4525 49960
4526 49961
4527 51761
4528 58112
4529 26400
4530 25360
4531 57120
4532 25416
4533 25360
4534 40032
4535 49952
4536 58152
4537 25384
4538 57121
4539 25360
4540 56864
4541 25377
4542 54049
4543 25370
4544 54049
4545 25376
4546 57120
4547 25344
4548 54049
4549 52001
4550 53808
4551 25377
4552 19240
4553 54056
4554 40736
4555 55072
4556 25352
4557 39713
4558 17185
4559 49920
4560 27424
4561 19240
4562 25376
4563 55073
4564 18977
4565 25376
4566 55080
4567 17153
4568 25349
4569 25440
4570 54049
4571 2848
4572 25349
4573 54056
4574 17168
4575 19233
4576 58120
4577 25345
4578 25344
4579 49953
4580 49933
4581 54056
4582 58153
4583 25377
4584 25376
4585 62249
4586 27425
4587 57121
4588 62217
4589 39473
4590 55080
4591 49921
4592 58152
4593 58152
4594 58144
4595 52008
4596 2593
4597 27401
4598 57121
4599 25368
4600 54120
4601 58145
4602 17152
4603 17200
4604 58145
4605 56097
4606 27424
4607 62248
4608 49929
4609 49933
4610 58121
4611 58153
4612 19225
4613 52000
4614 25352
4615 54056
4616 25376
4617 58152
4618 58121
4619 56096
4620 58144
4621 25349
4622 49929
4623 56097
4624 60193
4625 54817
4626 58145
4627 27392
4628 25344
4629 63273
4630 17168
4631 57184
4632 19200
4633 56929
4634 57120
4635 65312
4636 40736
4637 63264
4638 25352
4639 49929
4640 53025
4641 49952
4642 49952
4643 57120
4644 40505
4645 60257
4646 62305
4647 26465
4648 25344
4649 58145
4650 19232
4651 58153
4652 49953
4653 58145
4654 17153
4655 54048
4656 52009
4657 25344
4658 58120
4659 25440
4660 17184
4661 51968
4662 49952
4663 54049
4664 17192
4665 25344
4666 49960
4667 56072
4668 58144
4669 27432
4670 25384
4671 58144
4672 63273
4673 27489
4674 54057
4675 25344
4676 17185
4677 55072
4678 59176
4679 49960
4680 17152
4681 25344
4682 58144
4683 17160
4684 49953
4685 58144
4686 19208
4687 27424
4688 25440
4689 19208
4690 19240
4691 25344
4692 25408
4693 65312
4694 54120
4695 57121
4696 40736
4697 55072
4698 17169
4699 54056
4700 40736
4701 58120
4702 54072
4703 58144
4704 55097
4705 25376
4706 58144
4707 49952
4708 25344
4709 40800
4710 27297
4711 54120
4712 25385
4713 49953
4714 25377
4715 40736
4716 6689
4717 25385
4718 54056
4719 60192
4720 56120
4721 25360
4722 54056
4723 25376
4724 23329
4725 23329
4726 40800
4727 49952
4728 54056
4729 17192
4730 53937
4731 49953
4732 17185
4733 63264
4734 25376
4735 49952
4736 25368
4737 25344
4738 56881
4739 57120
4740 61217
4741 58144
4742 59176
4743 49920
4744 54049
4745 25344
4746 57120
4747 27400
4748 58144
4749 25376
4750 27393
4751 25376
4752 25344
4753 3873
4754 58208
4755 52024
4756 53808
4757 62240
4758 20257
4759 65376
4760 18209
4761 18977
4762 57137
4763 27392
4764 54048
4765 58145
4766 56865
4767 54064
4768 40480
4769 27393
4770 40800
4771 19360
4772 58144
4773 49960
4774 57121
4775 19233
4776 60264
4777 2833
4778 49953
4779 17176
4780 17193
4781 58144
4782 58144
4783 56097
4784 61217
4785 57121
4786 25344
4787 49953
4788 21280
4789 25376
4790 49952
4791 25352
4792 54017
4793 25344
4794 49960
4795 60192
4796 19208
4797 27297
4798 55088
4799 25352
4800 57121
4801 56096
4802 49960
4803 19217
4804 54049
4805 65313
4806 25360
4807 49953
4808 40481
4809 39968
4810 18976
4811 20257
4812 49952
4813 50977
4814 25377
4815 56097
4816 58144
4817 49960
4818 25344
4819 2849
4820 55072
4821 17176
4822 55136
4823 57121
4824 58144
4825 25352
4826 25376
4827 54072
4828 40480
4829 25416
4830 56865
4831 10081
4832 63265
4833 18216
4834 55841
4835 39456
4836 2833
4837 20265
4838 52017
4839 19201
4840 54049
4841 25345
4842 25376
4843 49928
4844 53808
4845 57185
4846 25377
4847 54064
4848 55072
4849 54048
4850 49928
4851 59168
4852 25384
4853 56929
4854 58145
4855 57120
4856 65313
4857 17168
4858 58152
4859 55072
4860 49929
4861 25360
4862 54056
4863 58145
4864 25344
4865 25344
4866 58152
4867 58145
4868 49697
4869 56104
4870 17152
4871 54057
4872 57128
4873 56097
4874 49952
4875 27424
4876 3897
4877 25345
4878 57089
4879 25368
4880 55840
4881 52001
4882 27496
4883 17200
4884 27401
4885 25344
4886 37665
4887 25441
4888 54057
4889 40480
4890 17152
4891 25344
4892 54064
4893 58217
4894 27425
4895 49953
4896 58153
4897 49928
4898 50976
4899 58121
4900 53033
4901 62241
4902 25360
4903 49961
4904 57120
4905 49952
4906 49929
4907 27392
4908 25344
4909 57144
4910 25370
4911 26401
4912 52008
4913 49920
4914 40736
4915 49960
4916 58144
4917 25344
4918 58112
4919 40800
4920 25352
4921 49953
4922 58145
4923 17169
4924 58152
4925 55841
4926 50977
4927 55841
4928 19233
4929 55072
4930 54057
4931 58145
4932 18977
4933 58145
4934 17160
4935 49928
4936 62240
4937 25376
4938 40736
4939 19201
4940 25377
4941 27425
4942 25360
4943 50977
4944 58145
4945 49961
4946 58145
4947 61225
4948 55073
4949 58121
4950 58112
4951 25352
4952 55072
4953 25344
4954 58144
4955 50024
4956 56865
4957 25376
4958 60256
4959 25360
4960 18960
4961 58144
4962 19201
4963 58144
4964 27425
4965 25344
4966 60193
4967 49953
4968 54053
4969 60192
4970 58144
4971 51745
4972 58144
4973 39472
4974 54049
4975 58120
4976 58144
4977 62305
4978 40736
4979 40736
4980 58112
4981 25344
4982 23328
4983 40480
4984 49953
4985 60256
4986 19233
4987 25352
4988 52009
4989 49936
4990 19201
4991 56865
4992 55072
4993 49953
4994 25360
4995 58144
4996 25344
4997 58144
4998 55072
4999 19328
5000 58120
5001 19201
5002 25377
5003 52008
5004 49929
5005 55073
5006 17153
5007 55073
5008 25376
5009 49952
5010 58144
5011 27424
5012 17152
5013 17168
5014 52128
5015 58152
5016 55096
5017 54048
5018 49952
5019 40736
5020 62241
5021 56096
5022 62249
5023 25360
5024 54049
5025 53937
5026 52000
5027 25376
5028 58144
5029 40736
5030 56096
5031 19216
5032 56096
5033 58144
5034 58145
5035 52000
5036 49953
5037 39968
5038 49952
5039 65313
5040 58153
5041 25344
5042 25344
5043 55144
5044 49952
5045 57121
5046 19256
5047 53937
5048 27393
5049 40481
5050 65313
5051 2593
5052 27393
5053 49953
5054 25344
5055 19232
5056 40481
5057 19216
5058 40480
5059 58153
5060 54048
5061 27424
5062 2705
5063 54064
5064 27488
5065 49976
5066 58144
5067 54056
5068 56105
5069 53809
5070 57121
5071 25368
5072 49953
5073 49920
5074 49920
5075 56865
5076 25376
5077 25376
5078 57120
5079 49961
5080 49952
5081 53808
5082 53776
5083 55841
5084 51728
5085 18977
5086 49944
5087 51728
5088 57121
5089 18976
5090 19232
5091 52001
5092 54057
5093 17185
5094 65313
5095 58153
5096 19233
5097 58144
5098 19232
5099 25440
5100 25368
5101 55072
5102 25344
5103 19248
5104 54048
5105 49952
5106 60192
5107 54056
5108 25360
5109 58112
5110 63264
5111 40800
5112 55072
5113 63265
5114 26145
5115 49944
5116 56864
5117 49960
5118 17185
5119 25440
5120 19232
5121 54032
5122 39481
5123 19240
5124 25344
5125 49936
5126 55072
5127 25344
5128 53808
5129 57120
5130 17176
5131 40480
5132 18977
5133 49952
5134 17168
5135 25360
5136 49921
5137 52001
5138 17168
5139 58144
5140 49952
5141 59176
5142 58184
5143 17169
5144 54072
5145 56096
5146 58152
5147 58145
5148 55096
5149 54048
5150 26401
5151 52000
5152 55073
5153 62241
5154 58152
5155 60193
5156 15969
5157 54049
5158 58113
5159 54048
5160 27393
5161 56097
5162 60193
5163 25384
5164 27393
5165 58112
5166 25368
5167 49953
5168 56096
5169 39457
5170 49960
5171 26409
5172 19233
5173 19232
5174 40480
5175 54024
5176 58121
5177 56865
5178 40800
5179 40736
5180 25353
5181 54032
5182 62241
5183 58121
5184 57121
5185 25360
5186 58145
5187 58121
5188 49929
5189 58145
5190 19201
5191 25345
5192 56096
5193 55073
5194 65320
5195 56113
5196 25376
5197 49961
5198 56064
5199 50024
5200 58121
5201 55081
5202 27401
5203 54049
5204 58144
5205 25352
5206 40736
5207 37680
5208 56096
5209 49960
5210 54057
5211 50977
5212 25376
5213 49960
5214 62217
5215 26145
5216 49976
5217 51728
5218 57120
5219 25360
5220 49961
5221 40480
5222 49933
5223 25376
5224 58145
5225 17192
5226 19224
5227 49960
5228 54056
5229 17193
5230 58144
5231 53937
5232 40481
5233 25361
5234 63265
5235 17193
5236 56072
5237 17152
5238 27456
5239 19201
5240 54016
5241 63264
5242 17184
5243 19200
5244 40288
5245 28448
5246 49953
5247 55073
5248 27425
5249 58121
5250 49929
5251 62248
5252 25377
5253 52000
5254 19233
5255 10081
5256 58145
5257 57128
5258 17152
5259 58120
5260 17176
5261 58152
5262 25344
5263 27425
5264 2593
5265 49953
5266 25344
5267 61216
5268 17192
5269 58144
5270 49928
5271 25377
5272 25345
5273 49920
5274 62241
5275 19209
5276 55832
5277 19224
5278 2833
5279 19233
5280 25377
5281 54016
5282 25376
5283 25376
5284 25344
5285 25344
5286 55073
5287 40736
5288 58209
5289 56097
5290 49961
5291 55073
5292 58144
5293 49929
5294 58144
5295 25345
5296 57120
5297 57120
5298 62240
5299 19232
5300 40800
5301 55840
5302 40736
5303 28449
5304 49921
5305 57121
5306 25368
5307 25344
5308 49952
5309 17192
5310 40480
5311 63264
5312 58144
5313 17152
5314 17160
5315 19240
5316 21288
5317 60193
5318 49920
5319 58152
5320 57121
5321 2865
5322 17176
5323 58144
5324 27424
5325 58152
5326 25344
5327 54048
5328 25360
5329 19209
5330 17168
5331 50976
5332 12129
5333 53808
5334 49976
5335 19232
5336 49952
5337 57184
5338 27424
5339 40736
5340 40505
5341 62240
5342 25352
5343 54048
5344 40505
5345 25385
5346 53792
5347 52001
5348 2705
5349 49953
5350 58144
5351 27425
5352 19232
5353 12129
5354 58145
5355 19233
5356 3897
5357 25376
5358 56881
5359 54048
5360 59169
5361 51976
5362 63265
5363 59168
5364 27425
5365 54048
5366 49952
5367 25352
5368 55073
5369 19232
5370 57121
5371 25344
5372 55073
5373 19208
5374 18977
5375 52008
5376 55073
5377 25384
5378 20265
5379 51761
5380 27425
5381 25344
5382 20256
5383 17152
5384 39713
5385 49952
5386 19233
5387 49952
5388 40480
5389 49957
5390 60320
5391 55080
5392 58145
5393 63264
5394 56064
5395 49952
5396 25344
5397 57120
5398 19224
5399 25377
5400 52000
5401 58136
5402 49960
5403 52001
5404 54024
5405 56081
5406 56072
5407 25344
5408 40480
5409 19233
5410 63265
5411 38688
5412 57120
5413 25360
5414 23329
5415 19201
5416 25352
5417 49960
5418 38696
5419 56928
5420 25376
5421 25344
5422 2961
5423 56864
5424 54048
5425 54040
5426 25376
5427 54049
5428 52000
5429 25353
5430 28449
5431 17168
5432 55841
5433 49968
5434 27425
5435 55072
5436 49929
5437 25344
5438 25448
5439 52001
5440 19201
5441 27401
5442 58152
5443 40736
5444 58112
5445 58121
5446 25344
5447 59177
5448 40480
5449 58121
5450 58152
5451 54049
5452 54056
5453 49961
5454 58144
5455 27489
5456 17152
5457 12065
5458 49920
5459 57120
5460 58113
5461 20257
5462 25376
5463 49968
5464 52000
5465 58144
5466 58153
5467 27392
5468 54056
5469 49953
5470 52001
5471 25349
5472 62240
5473 25368
5474 49929
5475 49953
5476 27424
5477 56088
5478 55080
5479 58144
5480 55072
5481 25352
5482 27424
5483 25345
5484 54056
5485 59176
5486 25384
5487 62241
5488 25344
5489 54048
5490 27424
5491 58121
5492 37672
5493 40736
5494 53776
5495 49960
5496 25344
5497 40505
5498 25360
5499 25384
5500 49952
5501 25344
5502 25344
5503 53792
5504 58121
5505 58112
5506 25345
5507 55857
5508 49952
5509 25352
5510 54048
5511 25344
5512 58153
5513 49952
5514 27392
5515 58121
5516 55080
5517 40736
5518 53777
5519 58113
5520 55096
5521 25384
5522 27425
5523 40736
5524 37672
5525 40544
5526 25360
5527 28449
5528 25344
5529 49952
5530 39472
5531 19216
5532 58120
5533 25344
5534 62240
5535 54049
5536 27488
5537 58144
5538 40480
5539 54057
5540 17160
5541 25344
5542 54040
5543 63264
5544 19201
5545 25377
5546 56121
5547 25360
5548 2960
5549 28193
5550 2824
5551 54048
5552 7969
5553 17184
5554 55073
5555 60193
5556 55081
5557 54048
5558 27425
5559 56096
5560 25377
5561 53809
5562 25344
5563 19233
5564 49952
5565 25370
5566 27400
5567 58144
5568 25352
5569 62241
5570 49968
5571 2593
5572 50024
5573 17168
5574 25377
5575 27432
5576 54057
5577 62240
5578 55088
5579 58240
5580 49960
5581 54049
5582 36640
5583 57120
5584 49961
5585 17168
5586 58153
5587 58145
5588 58145
5589 49928
5590 25344
5591 58144
5592 49968
5593 49960
5594 49960
5595 57129
5596 25377
5597 54048
5598 25344
5599 17193
5600 40736
5601 54048
5602 53808
5603 25360
5604 54024
5605 21281
5606 62249
5607 58120
5608 25384
5609 25377
5610 58184
5611 58145
5612 49952
5613 2705
5614 58152
5615 27424
5616 25385
5617 58145
5618 53776
5619 17248
5620 57121
5621 25344
5622 17184
5623 54049
5624 60160
5625 19241
5626 54040
5627 2705
5628 27425
5629 25344
5630 27393
5631 25344
5632 49960
5633 52000
5634 54048
5635 19201
5636 25349
5637 27424
5638 55841
5639 53025
5640 2720
5641 54040
5642 63265
5643 27488
5644 27424
5645 54048
5646 49697
5647 19233
5648 19233
5649 17168
5650 57129
5651 52001
5652 55089
5653 49960
5654 55073
5655 25344
5656 49920
5657 53809
5658 57121
5659 55072
5660 60193
5661 25376
5662 58208
5663 17160
5664 55081
5665 63265
5666 53793
5667 59169
5668 27552
5669 40800
5670 55080
5671 801
5672 17193
5673 52768
5674 56104
5675 54065
5676 57120
5677 58208
5678 57121
5679 27409
5680 54112
5681 55840
5682 19233
5683 53024
5684 39480
5685 17168
5686 53025
5687 53025
5688 58112
5689 40032
5690 49961
5691 39472
5692 2848
5693 25360
5694 54049
5695 3616
5696 49920
5697 49952
5698 52001
5699 25360
5700 62208
5701 17192
5702 57129
5703 58120
5704 25441
5705 56865
5706 2833
5707 3897
5708 25344
5709 25344
5710 19233
5711 56088
5712 25344
5713 49937
5714 58120
5715 25377
5716 60160
5717 27401
5718 58144
5719 58144
5720 58120
5721 58121
5722 56864
5723 58153
5724 54057
5725 49960
5726 25368
5727 58216
5728 51992
5729 53025
5730 25440
5731 49928
5732 12065
5733 58121
5734 35616
5735 58144
5736 25440
5737 25368
5738 58152
5739 58153
5740 27416
5741 54049
5742 25377
5743 58121
5744 17168
5745 17185
5746 25345
5747 49952
5748 25376
5749 19217
5750 56072
5751 27425
5752 58144
5753 58144
5754 25352
5755 49952
5756 54056
5757 39473
5758 19201
5759 54049
5760 54024
5761 19241
5762 25472
5763 25360
5764 49953
5765 21281
5766 55097
5767 49920
5768 56865
5769 19241
5770 49936
5771 58152
5772 60161
5773 65321
5774 53937
5775 25344
5776 49920
5777 58121
5778 56865
5779 25360
5780 49945
5781 27424
5782 58112
5783 60160
5784 25376
5785 25352
5786 19201
5787 27424
5788 63272
5789 25344
5790 17168
5791 52000
5792 40736
5793 25440
5794 25344
5795 27416
5796 54048
5797 55841
5798 49960
5799 54048
5800 56865
5801 17168
5802 58209
5803 25352
5804 27489
5805 57120
5806 40736
5807 19233
5808 40736
5809 58120
5810 40736
5811 55072
5812 58113
5813 2865
5814 19232
5815 25376
5816 25352
5817 62240
5818 19201
5819 62241
5820 19232
5821 27401
5822 58209
5823 49937
5824 40736
5825 55080
5826 25352
5827 54049
5828 58144
5829 25345
5830 25360
5831 25344
5832 49952
5833 25344
5834 25352
5835 25360
5836 58120
5837 49953
5838 54048
5839 27425
5840 52008
5841 58152
5842 57144
5843 54049
5844 62240
5845 28513
5846 25384
5847 801
5848 55073
5849 54049
5850 59168
5851 57121
5852 52000
5853 61216
5854 2705
5855 17193
5856 52768
5857 17168
5858 49953
5859 52000
5860 19224
5861 39481
5862 55073
5863 53777
5864 49961
5865 26401
5866 17153
5867 2704
5868 25376
5869 27424
5870 62248
5871 49953
5872 54048
5873 49961
5874 25345
5875 25344
5876 39472
5877 27424
5878 56080
5879 17184
5880 62241
5881 55841
5882 25377
5883 27424
5884 25368
5885 2864
5886 49960
5887 27425
5888 52128
5889 54049
5890 54049
5891 27425
5892 63265
5893 17184
5894 19232
5895 25376
5896 58112
5897 25376
5898 54032
5899 19233
5900 3616
5901 19200
5902 19233
5903 17152
5904 17200
5905 58113
5906 25344
5907 52001
5908 57121
5909 17184
5910 52000
5911 49952
5912 17152
5913 27392
5914 55096
5915 57185
5916 49968
5917 25352
5918 25344
5919 19233
5920 25352
5921 49929
5922 53776
5923 25360
5924 40545
5925 63264
5926 49920
5927 54816
5928 56865
5929 57120
5930 25370
5931 25345
5932 49921
5933 25376
5934 58152
5935 59233
5936 49960
5937 52001
5938 55857
5939 25377
5940 49928
5941 17200
5942 49952
5943 19232
5944 49961
5945 15969
5946 53809
5947 19256
5948 25377
5949 56096
5950 25344
5951 57120
5952 55841
5953 49921
5954 19208
5955 25377
5956 19233
5957 17161
5958 54048
5959 49961
5960 51856
5961 49960
5962 54057
5963 52128
5964 58152
5965 17152
5966 54048
5967 58144
5968 25376
5969 52000
5970 57120
5971 27424
5972 17153
5973 49952
5974 58144
5975 54048
5976 49933
5977 27392
5978 19209
5979 58121
5980 62249
5981 59233
5982 56865
5983 27432
5984 58216
5985 58144
5986 40480
5987 17184
5988 54033
5989 58145
5990 52008
5991 49921
5992 57137
5993 12129
5994 17192
5995 27424
5996 54040
5997 54048
5998 49920
5999 25360
6000 58128
6001 25344
6002 2705
6003 51745
6004 60192
6005 25440
6006 25352
6007 57120
6008 62240
6009 25408
6010 54048
6011 25344
6012 49928
6013 40737
6014 20257
6015 40480
6016 25352
6017 52009
6018 52016
6019 25353
6020 19232
6021 19233
6022 25368
6023 27424
6024 54025
6025 20257
6026 54056
6027 61217
6028 17185
6029 54049
6030 27552
6031 57121
6032 52000
6033 17176
6034 19233
6035 25344
6036 25360
6037 60161
6038 19233
6039 59232
6040 53904
6041 52001
6042 58120
6043 58121
6044 52000
6045 25385
6046 55072
6047 58145
6048 62241
6049 54048
6050 19233
6051 54057
6052 25385
6053 58120
6054 49952
6055 62249
6056 57120
6057 58144
6058 55096
6059 58120
6060 25344
6061 58144
6062 49960
6063 19200
6064 25344
6065 25360
6066 58144
6067 58120
6068 25384
6069 17160
6070 40800
6071 19232
6072 25377
6073 25352
6074 49960
6075 25344
6076 27425
6077 58144
6078 17160
6079 25344
6080 54061
6081 10081
6082 56081
6083 65313
6084 2864
6085 18209
6086 17208
6087 40497
6088 49952
6089 58112
6090 54049
6091 27392
6092 27392
6093 56096
6094 49960
6095 25441
6096 54017
6097 54057
6098 55081
6099 57121
6100 58144
6101 25441
6102 49936
6103 2720
6104 55073
6105 25376
6106 55072
6107 57121
6108 53025
6109 57120
6110 20257
6111 56881
6112 19233
6113 2577
6114 57120
6115 25344
6116 56881
6117 55081
6118 56096
6119 25377
6120 17192
6121 62240
6122 49952
6123 52001
6124 17192
6125 39473
6126 25344
6127 8992
6128 25368
6129 40544
6130 2592
6131 58120
6132 17192
6133 53792
6134 65313
6135 2608
6136 6688
6137 58120
6138 49928
6139 19232
6140 56121
6141 25368
6142 57120
6143 54056
6144 25361
6145 49952
6146 54064
6147 25344
6148 19233
6149 40032
6150 49920
6151 26409
6152 60192
6153 17185
6154 25370
6155 56065
6156 19233
6157 58112
6158 40480
6159 19233
6160 49960
6161 54057
6162 49968
6163 60200
6164 27393
6165 55096
6166 25353
6167 52008
6168 49936
6169 49921
6170 61217
6171 19224
6172 58121
6173 52001
6174 20257
6175 25376
6176 51969
6177 58185
6178 58121
6179 58152
6180 17185
6181 51976
6182 58153
6183 64289
6184 40736
6185 49961
6186 19232
6187 25385
6188 54064
6189 49961
6190 49968
6191 58120
6192 27400
6193 58113
6194 19232
6195 55072
6196 27169
6197 58184
6198 54049
6199 25448
6200 17192
6201 19232
6202 40737
6203 60192
6204 62217
6205 56160
6206 58121
6207 54049
6208 50985
6209 59233
6210 27425
6211 54816
6212 49944
6213 25344
6214 63264
6215 40032
6216 49960
6217 39729
6218 40736
6219 49952
6220 58152
6221 19241
6222 55080
6223 54049
6224 54056
6225 56113
6226 58208
6227 21288
6228 54048
6229 54048
6230 57129
6231 56096
6232 25344
6233 20257
6234 58121
6235 60193
6236 36640
6237 20001
6238 49953
6239 53777
6240 25376
6241 58112
6242 40800
6243 49968
6244 58120
6245 25344
6246 17185
6247 19240
6248 19233
6249 39473
6250 25376
6251 25344
6252 25448
6253 54056
6254 49952
6255 25377
6256 25344
6257 58152
6258 53808
6259 52016
6260 56929
6261 25368
6262 49953
6263 56065
6264 17184
6265 25345
6266 59176
6267 49953
6268 54049
6269 59169
6270 27425
6271 56097
6272 58145
6273 49960
6274 25385
6275 25360
6276 20257
6277 25344
6278 27392
6279 55073
6280 52008
6281 17168
6282 58121
6283 53024
6284 25344
6285 3897
6286 58216
6287 21280
6288 53024
6289 58144
6290 49921
6291 17256
6292 25344
6293 58152
6294 63265
6295 57128
6296 58152
6297 58144
6298 19232
6299 25344
6300 58216
6301 27392
6302 25352
6303 25344
6304 58144
6305 27425
6306 58144
6307 49953
6308 28457
6309 52008
6310 54049
6311 58208
6312 54049
6313 56865
6314 25344
6315 2705
6316 54049
6317 25384
6318 54049
6319 18217
6320 54048
6321 52001
6322 3897
6323 25360
6324 19241
6325 54049
6326 40761
6327 17185
6328 49944
6329 56096
6330 51968
6331 40736
6332 19209
6333 40481
6334 60161
6335 54056
6336 21280
6337 49952
6338 17176
6339 40801
6340 52128
6341 39713
6342 26465
6343 51745
6344 56096
6345 25344
6346 25344
6347 25352
6348 25408
6349 39729
6350 59169
6351 52000
6352 2704
6353 57184
6354 58145
6355 49952
6356 55072
6357 57120
6358 40480
6359 19232
6360 56096
6361 17185
6362 19233
6363 56097
6364 27401
6365 54048
6366 54032
6367 17152
6368 57121
6369 27393
6370 52001
6371 17184
6372 2720
6373 57121
6374 56104
6375 19232
6376 25385
6377 58144
6378 63329
6379 25368
6380 49952
6381 56104
6382 55080
6383 17176
6384 18961
6385 55073
6386 50977
6387 62240
6388 17185
6389 20257
6390 57121
6391 27432
6392 12065
6393 25368
6394 25349
6395 58120
6396 25349
6397 27424
6398 56097
6399 52993
6400 25344
6401 17152
6402 27456
6403 58144
6404 49928
6405 54049
6406 19233
6407 58153
6408 54048
6409 25377
6410 58121
6411 62249
6412 58145
6413 58144
6414 49936
6415 6688
6416 25377
6417 40480
6418 25360
6419 54057
6420 25352
6421 27392
6422 49961
6423 25344
6424 58144
6425 25376
6426 52024
6427 25376
6428 54041
6429 49952
6430 58121
6431 54056
6432 49953
6433 25345
6434 49933
6435 3897
6436 49936
6437 54048
6438 57121
6439 60169
6440 58144
6441 54072
6442 58113
6443 27393
6444 17153
6445 52000
6446 55841
6447 49936
6448 19233
6449 27433
6450 27416
6451 56097
6452 49920
6453 55097
6454 27424
6455 50977
6456 19200
6457 25376
6458 54056
6459 61224
6460 58144
6461 40800
6462 49953
6463 56097
6464 40544
6465 17185
6466 25344
6467 58121
6468 25376
6469 54048
6470 40736
6471 39456
6472 2848
6473 63264
6474 58120
6475 25344
6476 58184
6477 19200
6478 19240
6479 57121
6480 27401
6481 54048
6482 62217
6483 49953
6484 56097
6485 54056
6486 55073
6487 49961
6488 17160
6489 17153
6490 55824
6491 55841
6492 37665
6493 27425
6494 54024
6495 17189
6496 58144
6497 58120
6498 25448
6499 58145
6500 53808
6501 25472
6502 49936
6503 53937
6504 25377
6505 27400
6506 54017
6507 58112
6508 55073
6509 58144
6510 55072
6511 58144
6512 58152
6513 25344
6514 18977
6515 2608
6516 49960
6517 25368
6518 60192
6519 54048
6520 58144
6521 49952
6522 17184
6523 58120
6524 25377
6525 25376
6526 25344
6527 40801
6528 28449
6529 19240
6530 40480
6531 7969
6532 56881
6533 17169
6534 49960
6535 55073
6536 54048
6537 19200
6538 25472
6539 60169
6540 49960
6541 49952
6542 54049
6543 17192
6544 56105
6545 2705
6546 63273
6547 56097
6548 60193
6549 57120
6550 55096
6551 39456
6552 60161
6553 54049
6554 56096
6555 55072
6556 39457
6557 19232
6558 51761
6559 49952
6560 27425
6561 62305
6562 54048
6563 55072
6564 49952
6565 25344
6566 20264
6567 54064
6568 19200
6569 19217
6570 17185
6571 2608
6572 59177
6573 57184
6574 58144
6575 55841
6576 25352
6577 54056
6578 37680
6579 52001
6580 18208
6581 58144
6582 58112
6583 17168
6584 6945
6585 57121
6586 49953
6587 19233
6588 25345
6589 2705
6590 17192
6591 40288
6592 25408
6593 40288
6594 2705
6595 19208
6596 54057
6597 54024
6598 58185
6599 54112
6600 54049
6601 54056
6602 58144
6603 49928
6604 55856
6605 39473
6606 25376
6607 54064
6608 20264
6609 64289
6610 25376
6611 54048
6612 26401
6613 25344
6614 54032
6615 52009
6616 58152
6617 49952
6618 58145
6619 40737
6620 58121
6621 58120
6622 25376
6623 57121
6624 52000
6625 19208
6626 25370
6627 27424
6628 17169
6629 58113
6630 36640
6631 61224
6632 58120
6633 40800
6634 17176
6635 55081
6636 49929
6637 49928
6638 63264
6639 19200
6640 25360
6641 49952
6642 52008
6643 40288
6644 54049
6645 63265
6646 59168
6647 25344
6648 55841
6649 19232
6650 49953
6651 27392
6652 17184
6653 58144
6654 25449
6655 25440
6656 19200
6657 58152
6658 62304
6659 54048
6660 25368
6661 25352
6662 10785
6663 58120
6664 56104
6665 52000
6666 52000
6667 27433
6668 56097
6669 27392
6670 49953
6671 58144
6672 54049
6673 55096
6674 49960
6675 25384
6676 62249
6677 49928
6678 49953
6679 49961
6680 2737
6681 49952
6682 49952
6683 58144
6684 39457
6685 25377
6686 49921
6687 57120
6688 40544
6689 27489
6690 57185
6691 57121
6692 25344
6693 25352
6694 25377
6695 59169
6696 49952
6697 25376
6698 18209
6699 27392
6700 17152
6701 25360
6702 54049
6703 54072
6704 27552
6705 18960
6706 25360
6707 52768
6708 58144
6709 55073
6710 55072
6711 54057
6712 55072
6713 58113
6714 65313
6715 59176
6716 36640
6717 25385
6718 58145
6719 54057
6720 54064
6721 28513
6722 25408
6723 25352
6724 19232
6725 27392
6726 2592
6727 2609
6728 40736
6729 58120
6730 49920
6731 25344
6732 56089
6733 25344
6734 40480
6735 801
6736 39713
6737 25352
6738 49952
6739 25360
6740 52001
6741 61224
6742 25377
6743 54048
6744 51745
6745 54065
6746 55073
6747 19233
6748 25360
6749 54048
6750 39457
6751 58144
6752 25376
6753 20256
6754 54073
6755 56120
6756 11041
6757 49952
6758 58145
6759 27425
6760 17185
6761 54017
6762 17193
6763 51888
6764 62248
6765 55072
6766 58152
6767 20257
6768 49952
6769 19201
6770 2848
6771 17168
6772 39713
6773 25368
6774 57129
6775 25440
6776 56105
6777 55081
6778 55073
6779 56097
6780 28448
6781 38712
6782 56865
6783 19233
6784 49960
6785 54049
6786 55072
6787 37680
6788 2737
6789 40736
6790 54025
6791 55072
6792 52009
6793 62240
6794 55080
6795 40032
6796 52008
6797 62304
6798 54049
6799 25376
6800 53793
6801 58152
6802 40737
6803 49952
6804 25370
6805 39481
6806 56072
6807 54049
6808 25360
6809 49968
6810 54049
6811 55072
6812 56929
6813 58121
6814 58144
6815 19240
6816 25352
6817 25376
6818 58152
6819 19232
6820 55072
6821 25384
6822 64289
6823 59169
6824 57121
6825 19200
6826 57120
6827 53793
6828 52009
6829 57129
6830 27489
6831 49952
6832 17184
6833 17161
6834 49952
6835 27400
6836 58144
6837 49929
6838 56096
6839 54049
6840 55097
6841 58153
6842 19225
6843 24353
6844 19233
6845 58121
6846 27424
6847 52000
6848 25368
6849 56105
6850 19224
6851 62241
6852 25344
6853 58120
6854 54056
6855 25376
6856 54048
6857 17193
6858 17152
6859 26401
6860 49953
6861 58144
6862 27393
6863 59176
6864 20265
6865 20257
6866 17185
6867 54056
6868 51968
6869 27425
6870 59137
6871 58144
6872 19241
6873 49952
6874 27400
6875 58120
6876 55824
6877 54056
6878 55081
6879 53808
6880 55080
6881 23329
6882 40480
6883 56104
6884 40480
6885 49961
6886 53793
6887 58144
6888 49953
6889 49920
6890 53792
6891 57121
6892 25376
6893 55072
6894 63265
6895 17256
6896 49960
6897 19208
6898 58144
6899 40736
6900 58121
6901 52024
6902 17184
6903 19233
6904 56096
6905 52001
6906 54064
6907 49952
6908 19200
6909 59168
6910 23337
6911 49952
6912 19201
6913 58144
6914 53777
6915 49944
6916 19232
6917 58144
6918 58144
6919 54056
6920 53792
6921 53033
6922 55856
6923 25385
6924 58144
6925 25352
6926 25344
6927 17192
6928 49920
6929 54056
6930 54048
6931 25376
6932 25360
6933 61217
6934 52000
6935 2865
6936 39457
6937 58152
6938 40736
6939 11040
6940 40736
6941 51856
6942 40505
6943 58144
6944 50977
6945 27424
6946 49929
6947 63264
6948 10785
6949 10081
6950 19240
6951 59168
6952 53025
6953 57121
6954 26401
6955 49952
6956 56160
6957 58113
6958 2705
6959 54049
6960 17256
6961 23329
6962 56864
6963 49944
6964 53937
6965 17152
6966 25360
6967 52000
6968 57145
6969 57089
6970 54048
6971 25360
6972 19240
6973 57121
6974 19209
6975 50016
6976 60168
6977 17185
6978 28417
6979 58144
6980 57184
6981 54064
6982 49960
6983 10081
6984 28449
6985 19224
6986 51744
6987 19201
6988 65313
6989 55841
6990 25361
6991 40288
6992 54056
6993 29473
6994 49960
6995 55073
6996 40032
6997 18961
6998 25368
6999 55073
7000 17152
7001 49952
7002 54073
7003 40480
7004 54064
7005 62248
7006 19240
7007 58153
7008 25448
7009 61217
7010 17185
7011 53808
7012 25349
7013 17177
7014 2865
7015 25376
7016 52009
7017 58144
7018 58152
7019 49952
7020 49961
7021 57120
7022 58153
7023 49960
7024 63264
7025 53024
7026 58113
7027 49952
7028 17176
7029 58144
7030 19232
7031 25360
7032 57184
7033 52001
7034 25361
7035 17152
7036 19233
7037 63265
7038 17208
7039 27393
7040 27393
7041 56073
7042 55073
7043 54064
7044 18216
7045 60192
7046 55073
7047 25344
7048 58208
7049 52001
7050 57144
7051 2824
7052 40032
7053 25368
7054 54057
7055 60193
7056 19232
7057 52001
7058 2705
7059 19232
7060 57120
7061 58153
7062 52000
7063 49953
7064 60192
7065 18977
7066 40497
7067 52001
7068 27457
7069 52001
7070 28449
7071 58112
7072 19256
7073 52000
7074 17185
7075 49944
7076 54048
7077 58144
7078 25344
7079 25344
7080 49952
7081 55072
7082 2704
7083 58144
7084 40801
7085 54049
7086 49960
7087 58120
7088 19232
7089 17185
7090 59169
7091 62312
7092 54016
7093 49952
7094 55073
7095 58120
7096 40800
7097 52000
7098 58144
7099 56881
7100 52008
7101 20256
7102 57184
7103 11040
7104 17185
7105 2592
7106 19208
7107 56097
7108 53776
7109 58145
7110 19088
7111 54056
7112 19120
7113 27392
7114 58121
7115 19217
7116 25376
7117 19249
7118 25441
7119 17192
7120 54048
7121 54056
7122 25377
7123 54064
7124 49952
7125 17169
7126 40736
7127 58144
7128 57120
7129 56097
7130 17168
7131 40736
7132 49952
7133 56865
7134 25344
7135 25344
7136 61185
7137 25448
7138 52008
7139 17185
7140 56096
7141 2833
7142 25376
7143 7969
7144 58128
7145 40481
7146 56865
7147 56097
7148 2705
7149 10081
7150 18993
7151 58145
7152 63265
7153 17176
7154 25384
7155 27392
7156 58152
7157 51992
7158 54048
7159 58112
7160 57121
7161 54832
7162 20265
7163 25360
7164 49953
7165 56065
7166 49952
7167 40737
7168 25360
7169 58144
7170 51969
7171 55856
7172 19208
7173 19232
7174 25361
7175 54049
7176 54048
7177 55073
7178 17152
7179 52000
7180 25376
7181 40800
7182 10081
7183 55841
7184 62241
7185 25376
7186 19248
7187 25368
7188 52016
7189 19240
7190 27416
7191 27424
7192 25384
7193 25376
7194 39968
7195 19360
7196 17152
7197 55080
7198 25441
7199 54016
7200 56097
7201 49960
7202 19232
7203 54064
7204 54025
7205 55824
7206 49936
7207 52017
7208 54056
7209 62241
7210 58120
7211 53032
7212 49960
7213 19208
7214 58145
7215 49960
7216 58144
7217 3897
7218 59168
7219 17192
7220 57184
7221 52001
7222 58144
7223 27424
7224 60192
7225 25377
7226 17152
7227 54049
7228 58121
7229 49960
7230 17169
7231 28193
7232 57144
7233 52009
7234 54064
7235 55072
7236 25376
7237 7969
7238 60193
7239 49953
7240 27488
7241 58145
7242 49952
7243 25376
7244 62241
7245 52008
7246 25360
7247 58145
7248 25377
7249 58144
7250 50984
7251 49929
7252 56096
7253 20257
7254 56929
7255 49936
7256 52001
7257 50976
7258 55072
7259 49968
7260 58145
7261 57120
7262 49960
7263 40736
7264 25377
7265 57121
7266 19208
7267 52001
7268 55073
7269 55857
7270 25408
7271 19233
7272 58120
7273 54048
7274 49960
7275 27456
7276 49952
7277 61217
7278 51744
7279 25360
7280 57120
7281 39456
7282 39720
7283 53792
7284 27392
7285 19232
7286 49952
7287 49928
7288 55841
7289 58144
7290 25376
7291 58176
7292 52001
7293 17193
7294 27456
7295 65312
7296 27584
7297 19240
7298 25376
7299 40800
7300 17153
7301 58152
7302 53024
7303 25360
7304 54049
7305 52000
7306 49952
7307 58144
7308 27424
7309 49928
7310 58145
7311 40737
7312 19200
7313 37680
7314 18993
7315 52768
7316 2592
7317 49961
7318 59169
7319 54056
7320 65313
7321 49952
7322 54048
7323 2848
7324 40481
7325 10785
7326 53792
7327 17184
7328 49957
7329 58153
7330 55080
7331 64289
7332 58152
7333 28513
7334 55073
7335 27392
7336 55857
7337 53937
7338 54056
7339 56160
7340 55081
7341 55096
7342 49952
7343 56097
7344 58144
7345 49960
7346 49960
7347 49920
7348 57121
7349 54056
7350 39456
7351 40737
7352 49952
7353 17189
7354 25384
7355 19208
7356 58144
7357 40480
7358 56096
7359 49937
7360 28513
7361 54072
7362 19233
7363 25344
7364 37680
7365 51745
7366 57120
7367 17185
7368 51888
7369 54057
7370 17168
7371 17184
7372 2961
7373 40480
7374 17168
7375 55073
7376 57129
7377 19249
7378 55080
7379 17184
7380 54064
7381 58217
7382 40736
7383 27392
7384 60192
7385 2720
7386 52768
7387 2856
7388 49920
7389 58152
7390 49961
7391 25384
7392 55072
7393 58121
7394 28512
7395 25370
7396 40736
7397 17168
7398 56105
7399 58153
7400 58153
7401 19216
7402 58145
7403 58153
7404 58216
7405 19240
7406 58144
7407 55080
7408 25384
7409 54057
7410 17184
7411 40032
7412 59177
7413 54040
7414 51968
7415 55856
7416 17185
7417 56096
7418 57120
7419 58144
7420 62240
7421 2849
7422 58144
7423 12129
7424 54048
7425 55073
7426 54049
7427 49952
7428 27425
7429 19201
7430 51977
7431 58121
7432 54816
7433 49952
7434 55089
7435 40761
7436 56865
7437 49929
7438 58112
7439 57129
7440 55072
7441 49961
7442 27424
7443 58144
7444 27424
7445 49928
7446 59233
7447 40480
7448 49697
7449 49952
7450 57129
7451 36640
7452 62304
7453 49960
7454 54072
7455 56080
7456 58120
7457 58216
7458 17176
7459 49976
7460 53776
7461 25344
7462 49952
7463 57129
7464 17160
7465 19208
7466 2961
7467 19233
7468 55073
7469 62240
7470 19249
7471 58144
7472 58208
7473 55081
7474 19232
7475 19216
7476 25440
7477 40800
7478 55856
7479 51968
7480 40800
7481 64288
7482 40736
7483 58144
7484 60257
7485 52009
7486 40761
7487 57129
7488 52008
7489 57120
7490 54072
7491 19120
7492 25360
7493 56865
7494 19232
7495 56865
7496 2720
7497 56073
7498 59176
7499 49952
7500 25376
7501 25376
7502 19224
7503 27425
7504 55080
7505 58113
7506 25384
7507 54048
7508 40737
7509 57144
7510 56113
7511 17168
7512 17185
7513 58208
7514 19232
7515 58144
7516 49953
7517 51744
7518 58144
7519 58208
7520 27432
7521 49952
7522 57137
7523 17168
7524 52001
7525 53809
7526 52000
7527 17192
7528 25345
7529 40480
7530 52000
7531 25360
7532 63329
7533 54024
7534 40544
7535 27393
7536 63328
7537 19217
7538 56121
7539 39456
7540 49953
7541 58145
7542 49953
7543 56120
7544 25352
7545 26408
7546 56864
7547 60192
7548 25352
7549 19232
7550 40736
7551 58145
7552 56864
7553 54032
7554 25345
7555 26401
7556 63265
7557 52008
7558 28512
7559 59168
7560 57121
7561 53033
7562 55080
7563 56865
7564 57121
7565 54049
7566 19201
7567 58112
7568 40736
7569 49976
7570 49928
7571 58272
7572 49960
7573 58152
7574 58121
7575 59168
7576 49961
7577 19240
7578 25472
7579 19232
7580 57129
7581 49960
7582 19240
7583 27424
7584 52016
7585 26401
7586 25377
7587 58144
7588 19201
7589 40736
7590 62248
7591 27424
7592 54048
7593 39473
7594 25344
7595 18209
7596 60193
7597 58144
7598 49952
7599 54048
7600 56097
7601 19233
7602 19217
7603 58145
7604 28448
7605 58144
7606 3897
7607 49928
7608 2833
7609 52001
7610 19232
7611 49929
7612 57128
7613 25384
7614 58272
7615 27392
7616 58144
7617 2592
7618 25344
7619 49952
7620 18993
7621 57185
7622 54064
7623 49960
7624 50016
7625 19200
7626 58153
7627 55080
7628 25360
7629 55073
7630 19201
7631 19240
7632 58112
7633 58128
7634 26465
7635 25344
7636 54049
7637 56097
7638 54056
7639 19240
7640 2577
7641 52001
7642 58112
7643 40736
7644 56097
7645 58145
7646 27457
7647 25344
7648 25377
7649 2824
7650 58272
7651 58153
7652 56881
7653 25377
7654 27424
7655 27425
7656 27392
7657 57121
7658 26465
7659 54049
7660 58152
7661 49961
7662 49953
7663 17192
7664 53032
7665 55840
7666 38712
7667 20256
7668 2864
7669 27432
7670 62304
7671 25352
7672 24353
7673 40480
7674 55073
7675 25376
7676 56864
7677 53033
7678 19232
7679 51976
7680 49953
7681 25368
7682 60201
7683 52008
7684 27393
7685 63328
7686 17152
7687 19217
7688 52000
7689 61225
7690 57121
7691 15969
7692 49944
7693 55857
7694 801
7695 53809
7696 57120
7697 25376
7698 39481
7699 55857
7700 56104
7701 19233
7702 56080
7703 52001
7704 19232
7705 54048
7706 17152
7707 54056
7708 55073
7709 58152
7710 27424
7711 51976
7712 25345
7713 26400
7714 49944
7715 55840
7716 55072
7717 25377
7718 20257
7719 52008
7720 27393
7721 17168
7722 56864
7723 27457
7724 59233
7725 58144
7726 57121
7727 56097
7728 52001
7729 58145
7730 49953
7731 54048
7732 56097
7733 19217
7734 25360
7735 40505
7736 56097
7737 58152
7738 25377
7739 57120
7740 49960
7741 25344
7742 49968
7743 25344
7744 55825
7745 52008
7746 28448
7747 54049
7748 17200
7749 55080
7750 26400
7751 2593
7752 54048
7753 25384
7754 57120
7755 51745
7756 40736
7757 57121
7758 27425
7759 55081
7760 25349
7761 25352
7762 60200
7763 17176
7764 19224
7765 49928
7766 55072
7767 25345
7768 40800
7769 27432
7770 58136
7771 17168
7772 27424
7773 52024
7774 57120
7775 17248
7776 57121
7777 58144
7778 60193
7779 25376
7780 27392
7781 25345
7782 49929
7783 54057
7784 56105
7785 49961
7786 55073
7787 56096
7788 19241
7789 19233
7790 17161
7791 27425
7792 40480
7793 27424
7794 53025
7795 18977
7796 62240
7797 17176
7798 49960
7799 25368
7800 7969
7801 27400
7802 58144
7803 25344
7804 57120
7805 17185
7806 51760
7807 40737
7808 49920
7809 58136
7810 25472
7811 17185
7812 51969
7813 40800
7814 54816
7815 58144
7816 54048
7817 55096
7818 19232
7819 57137
7820 52072
7821 49928
7822 2849
7823 60200
7824 54024
7825 53792
7826 54017
7827 58144
7828 52000
7829 58145
7830 62248
7831 55088
7832 57120
7833 55072
7834 40480
7835 2593
7836 17184
7837 55841
7838 60192
7839 49952
7840 49952
7841 25381
7842 58121
7843 40480
7844 25344
7845 52001
7846 52001
7847 25370
7848 25344
7849 52000
7850 19120
7851 19233
7852 28457
7853 27400
7854 57121
7855 56105
7856 39473
7857 25376
7858 2864
7859 7713
7860 26145
7861 40481
7862 49960
7863 17193
7864 19217
7865 19209
7866 2705
7867 23337
7868 55073
7869 54056
7870 55080
7871 54048
7872 50976
7873 19200
7874 57121
7875 57137
7876 54049
7877 60192
7878 19216
7879 17153
7880 2849
7881 58144
7882 40736
7883 25344
7884 2865
7885 52001
7886 51984
7887 57121
7888 52000
7889 25368
7890 56121
7891 55081
7892 59176
7893 62248
7894 2736
7895 56929
7896 25344
7897 63264
7898 17185
7899 55088
7900 26145
7901 58153
7902 17184
7903 51992
7904 52000
7905 20257
7906 49960
7907 58144
7908 56105
7909 25353
7910 17168
7911 19209
7912 25376
7913 20257
7914 49960
7915 56096
7916 19240
7917 52001
7918 20264
7919 27392
7920 58152
7921 19216
7922 17192
7923 49953
7924 27393
7925 25352
7926 17160
7927 17185
7928 49952
7929 40800
7930 25352
7931 25377
7932 19216
7933 40544
7934 58144
7935 58145
7936 25385
7937 25344
7938 49953
7939 58152
7940 63328
7941 55080
7942 27424
7943 27425
7944 25344
7945 25384
7946 2704
7947 58145
7948 49957
7949 2593
7950 18976
7951 19233
7952 27464
7953 25344
7954 62312
7955 54056
7956 17168
7957 53776
7958 56865
7959 58145
7960 25361
7961 25352
7962 58152
7963 25344
7964 58152
7965 21281
7966 17184
7967 58144
7968 25384
7969 49952
7970 27424
7971 38696
7972 49929
7973 56088
7974 58120
7975 58144
7976 55073
7977 19232
7978 58144
7979 25344
7980 49944
7981 54049
7982 58152
7983 25344
7984 19233
7985 56160
7986 10081
7987 60193
7988 58144
7989 55856
7990 19241
7991 28193
7992 55080
7993 19233
7994 53024
7995 2848
7996 39473
7997 2608
7998 2833
7999 25384
8000 54064
8001 58144
8002 55080
8003 54024
8004 40744
8005 60193
8006 40505
8007 17184
8008 2577
8009 28449
8010 20257
8011 58145
8012 56096
8013 56120
8014 54817
8015 57120
8016 57121
8017 25376
8018 17185
8019 27424
8020 28512
8021 19240
8022 6945
8023 54032
8024 27425
8025 60193
8026 10081
8027 54048
8028 55840
8029 54049
8030 49952
8031 27424
8032 61217
8033 25360
8034 18976
8035 52025
8036 25368
8037 51760
8038 56097
8039 17184
8040 26145
8041 49968
8042 52009
8043 27425
8044 19201
8045 25368
8046 17184
8047 40736
8048 49953
8049 19232
8050 25368
8051 27392
8052 25377
8053 27425
8054 52001
8055 62241
8056 49960
8057 57120
8058 60193
8059 27392
8060 49952
8061 49952
8062 25448
8063 54048
8064 25377
8065 20257
8066 17153
8067 63329
8068 54056
8069 25344
8070 49952
8071 52000
8072 49953
8073 49952
8074 57120
8075 17184
8076 12129
8077 50016
8078 49952
8079 58145
8080 49953
8081 25377
8082 40480
8083 49952
8084 19120
8085 28417
8086 17184
8087 25377
8088 54049
8089 28449
8090 56096
8091 55841
8092 55097
8093 58145
8094 49953
8095 51992
8096 17200
8097 49952
8098 55089
8099 19241
8100 52000
8101 25440
8102 2704
8103 27424
8104 40480
8105 49952
8106 52008
8107 49961
8108 54049
8109 23328
8110 58121
8111 54048
8112 20257
8113 19232
8114 54072
8115 49953
8116 39729
8117 17152
8118 55072
8119 25344
8120 49960
8121 56112
8122 58152
8123 51713
8124 63265
8125 56097
8126 19248
8127 2704
8128 57121
8129 65313
8130 25352
8131 52000
8132 26400
8133 54048
8134 17152
8135 28417
8136 19120
8137 26409
8138 54057
8139 56928
8140 52025
8141 2849
8142 27432
8143 63264
8144 19200
8145 17152
8146 25440
8147 55096
8148 55840
8149 55096
8150 2704
8151 25376
8152 54032
8153 25344
8154 25384
8155 58144
8156 19217
8157 57120
8158 23329
8159 58144
8160 54064
8161 56881
8162 25376
8163 49953
8164 2705
8165 19201
8166 40736
8167 27425
8168 56097
8169 17152
8170 57121
8171 49960
8172 25352
8173 53809
8174 49952
8175 55841
8176 55857
8177 39481
8178 20257
8179 54048
8180 56096
8181 19233
8182 19232
8183 25344
8184 40737
8185 58144
8186 25345
8187 55856
8188 62240
8189 57184
8190 58144
8191 55081
8192 28448
8193 17184
8194 49968
8195 19216
8196 58240
8197 55840
8198 49952
8199 25353
8200 57121
8201 60192
8202 49953
8203 58144
8204 17184
8205 25384
8206 17184
8207 28457
8208 40480
8209 49952
8210 25385
8211 58121
8212 54072
8213 52001
8214 40800
8215 60168
8216 17153
8217 3897
8218 49953
8219 17184
8220 19224
8221 40480
8222 17161
8223 56096
8224 26401
8225 17169
8226 54056
8227 26400
8228 54048
8229 53024
8230 17152
8231 59233
8232 28449
8233 17224
8234 19216
8235 27552
8236 52009
8237 56929
8238 58209
8239 20264
8240 54072
8241 25472
8242 51968
8243 27489
8244 53809
8245 54032
8246 19232
8247 17184
8248 51969
8249 25344
8250 53025
8251 57121
8252 49952
8253 54057
8254 49953
8255 7969
8256 2720
8257 40801
8258 17192
8259 17184
8260 49928
8261 19233
8262 25344
8263 49929
8264 19200
8265 59177
8266 19240
8267 49976
8268 27425
8269 60192
8270 58112
8271 49952
8272 52008
8273 58209
8274 50977
8275 801
8276 25344
8277 25344
8278 54049
8279 39473
8280 62248
8281 25345
8282 19233
8283 27393
8284 54056
8285 53809
8286 55840
8287 17185
8288 58144
8289 2720
8290 49697
8291 49944
8292 25344
8293 25344
8294 53033
8295 54056
8296 58145
8297 17193
8298 40544
8299 56097
8300 39480
8301 54064
8302 65313
8303 17168
8304 55824
8305 58145
8306 19208
8307 25349
8308 25360
8309 19232
8310 53024
8311 49953
8312 54064
8313 40505
8314 25368
8315 53904
8316 49960
8317 2705
8318 56096
8319 2865
8320 19224
8321 40761
8322 40737
8323 56881
8324 49928
8325 18209
8326 17192
8327 58145
8328 56121
8329 58208
8330 49952
8331 49953
8332 17208
8333 58144
8334 49936
8335 52008
8336 19200
8337 49952
8338 18976
8339 52001
8340 52000
8341 49952
8342 27425
8343 27425
8344 19200
8345 17176
8346 54048
8347 52000
8348 57129
8349 56097
8350 58144
8351 55841
8352 55073
8353 62240
8354 19240
8355 57120
8356 25377
8357 49952
8358 51744
8359 19208
8360 27425
8361 27425
8362 19233
8363 17168
8364 2705
8365 27393
8366 27400
8367 55841
8368 61217
8369 25344
8370 40736
8371 56065
8372 20257
8373 49960
8374 54048
8375 54033
8376 56865
8377 56097
8378 49952
8379 58144
8380 49960
8381 54112
8382 58144
8383 49929
8384 54057
8385 49961
8386 27424
8387 49952
8388 27424
8389 62241
8390 49936
8391 62240
8392 54120
8393 28449
8394 49929
8395 58121
8396 54053
8397 54056
8398 58120
8399 63328
8400 52001
8401 49952
8402 20256
8403 2856
8404 40800
8405 21281
8406 25368
8407 58145
8408 2608
8409 17184
8410 58145
8411 801
8412 17185
8413 27393
8414 2577
8415 26401
8416 52000
8417 25384
8418 51984
8419 54049
8420 58144
8421 64289
8422 52000
8423 40480
8424 54024
8425 40481
8426 17193
8427 40736
8428 55856
8429 53032
8430 52000
8431 38712
8432 49921
8433 54048
8434 27425
8435 52008
8436 51992
8437 54049
8438 54112
8439 25344
8440 49953
8441 19088
8442 58152
8443 58144
8444 58152
8445 19233
8446 25344
8447 58216
8448 58144
8449 19233
8450 2704
8451 25448
8452 58136
8453 49920
8454 17168
8455 58145
8456 58145
8457 56096
8458 27392
8459 28193
8460 54056
8461 56096
8462 52000
8463 56096
8464 49953
8465 58153
8466 52000
8467 53776
8468 25368
8469 18945
8470 51761
8471 2720
8472 17185
8473 54064
8474 25345
8475 52000
8476 58144
8477 27393
8478 19208
8479 57185
8480 10785
8481 53025
8482 55857
8483 25416
8484 39472
8485 50977
8486 63265
8487 54048
8488 63264
8489 25376
8490 49952
8491 39472
8492 49953
8493 53792
8494 58144
8495 65313
8496 19216
8497 56865
8498 25377
8499 55840
8500 54064
8501 17185
8502 54816
8503 37680
8504 2849
8505 25376
8506 54048
8507 19232
8508 58121
8509 49920
8510 40481
8511 58145
8512 49953
8513 62241
8514 25472
8515 54048
8516 27424
8517 55080
8518 58144
8519 19233
8520 63264
8521 28449
8522 57145
8523 63264
8524 54049
8525 55072
8526 39721
8527 19201
8528 55080
8529 25441
8530 49936
8531 40032
8532 19233
8533 17184
8534 25345
8535 57129
8536 56096
8537 40505
8538 49944
8539 17169
8540 28193
8541 17160
8542 54048
8543 55072
8544 52128
8545 25344
8546 49960
8547 40801
8548 40480
8549 17168
8550 2856
8551 51888
8552 49952
8553 60192
8554 60192
8555 58145
8556 58145
8557 49953
8558 59168
8559 25344
8560 49952
8561 3616
8562 58144
8563 2609
8564 17176
8565 27401
8566 53792
8567 18209
8568 49944
8569 49968
8570 23337
8571 49921
8572 53809
8573 40736
8574 52024
8575 19232
8576 55073
8577 59168
8578 55840
8579 25344
8580 19240
8581 60192
8582 49921
8583 54040
8584 19232
8585 60192
8586 63265
8587 57121
8588 58152
8589 2737
8590 56096
8591 55080
8592 17152
8593 58144
8594 58144
8595 19088
8596 57121
8597 11041
8598 25376
8599 64289
8600 27408
8601 62241
8602 17256
8603 57121
8604 38688
8605 55824
8606 17184
8607 57121
8608 2577
8609 57137
8610 51761
8611 54048
8612 49920
8613 56096
8614 52000
8615 6945
8616 17176
8617 49957
8618 39720
8619 54056
8620 57128
8621 57120
8622 52000
8623 27400
8624 58152
8625 58112
8626 19240
8627 40480
8628 17184
8629 62304
8630 57121
8631 10081
8632 40544
8633 57121
8634 50985
8635 52001
8636 25368
8637 40745
8638 26409
8639 58112
8640 25449
8641 49953
8642 49936
8643 55072
8644 25376
8645 51969
8646 56865
8647 49960
8648 59168
8649 19208
8650 25344
8651 60193
8652 58144
8653 51745
8654 57184
8655 49960
8656 27425
8657 25376
8658 55080
8659 52000
8660 39481
8661 2824
8662 60192
8663 25376
8664 54049
8665 58152
8666 19201
8667 18993
8668 55072
8669 40505
8670 54057
8671 25377
8672 17185
8673 25376
8674 63265
8675 6689
8676 58184
8677 7969
8678 50016
8679 61224
8680 17176
8681 49952
8682 25440
8683 49920
8684 49920
8685 2592
8686 54056
8687 54048
8688 17176
8689 57121
8690 40480
8691 19233
8692 18976
8693 27424
8694 54048
8695 55072
8696 40736
8697 57128
8698 49920
8699 2577
8700 54057
8701 58152
8702 40480
8703 59169
8704 17168
8705 54049
8706 39456
8707 50977
8708 19208
8709 49952
8710 58144
8711 61217
8712 58120
8713 49952
8714 17185
8715 25344
8716 25376
8717 25384
8718 26400
8719 25344
8720 59233
8721 58144
8722 27392
8723 40736
8724 19120
8725 39721
8726 53809
8727 56865
8728 55856
8729 56865
8730 17152
8731 2705
8732 55841
8733 53809
8734 18960
8735 57129
8736 19233
8737 25368
8738 54056
8739 19200
8740 55857
8741 57184
8742 53809
8743 61216
8744 25349
8745 64288
8746 19233
8747 19201
8748 55073
8749 49976
8750 8992
8751 56864
8752 49953
8753 56865
8754 2833
8755 40737
8756 40480
8757 49937
8758 49960
8759 19233
8760 25376
8761 54048
8762 49953
8763 2608
8764 52000
8765 53793
8766 6689
8767 57185
8768 57128
8769 57121
8770 58113
8771 58209
8772 19201
8773 27488
8774 49944
8775 2865
8776 57121
8777 2864
8778 40736
8779 17152
8780 57184
8781 25353
8782 58152
8783 56865
8784 19208
8785 56104
8786 59169
8787 19232
8788 62249
8789 6689
8790 25344
8791 6689
8792 17160
8793 52001
8794 56097
8795 54049
8796 52001
8797 54025
8798 19232
8799 20001
8800 53033
8801 54048
8802 6689
8803 19088
8804 59233
8805 54049
8806 49960
8807 49921
8808 52016
8809 25376
8810 53937
8811 49952
8812 54817
8813 54056
8814 2736
8815 54817
8816 58144
8817 2737
8818 24353
8819 62248
8820 56864
8821 27424
8822 55081
8823 49952
8824 27489
8825 25345
8826 54017
8827 25344
8828 55857
8829 53809
8830 17184
8831 49697
8832 2865
8833 59168
8834 63328
8835 55073
8836 60192
8837 53793
8838 65312
8839 27488
8840 57184
8841 17168
8842 17184
8843 25376
8844 40761
8845 53033
8846 2848
8847 40736
8848 54048
8849 2577
8850 55072
8851 55072
8852 54056
8853 56121
8854 19232
8855 25441
8856 2833
8857 55080
8858 51969
8859 19201
8860 55072
8861 58152
8862 15969
8863 27424
8864 40737
8865 40760
8866 56881
8867 58145
8868 27433
8869 52000
8870 40480
8871 53809
8872 27424
8873 52768
8874 57120
8875 25440
8876 53025
8877 49944
8878 55840
8879 53025
8880 39481
8881 27393
8882 17176
8883 55072
8884 27425
8885 58121
8886 54056
8887 49953
8888 61216
8889 63264
8890 39473
8891 54056
8892 2592
8893 58144
8894 58145
8895 57121
8896 57145
8897 25377
8898 53025
8899 19201
8900 58216
8901 57121
8902 10785
8903 55072
8904 27400
8905 25440
8906 25344
8907 56096
8908 58121
8909 55081
8910 58209
8911 6689
8912 19232
8913 54817
8914 39473
8915 27297
8916 54057
8917 52000
8918 53937
8919 58144
8920 54072
8921 58153
8922 52000
8923 39457
8924 54049
8925 55073
8926 2704
8927 54057
8928 25352
8929 49952
8930 54057
8931 57121
8932 56097
8933 17168
8934 40736
8935 57184
8936 27392
8937 25384
8938 58145
8939 17184
8940 57120
8941 58144
8942 49952
8943 2705
8944 19224
8945 57121
8946 58145
8947 27432
8948 54016
8949 54817
8950 25472
8951 54056
8952 17193
8953 39473
8954 58144
8955 19232
8956 58144
8957 63264
8958 59232
8959 39473
8960 57121
8961 49952
8962 55080
8963 49977
8964 40505
8965 40744
8966 58145
8967 17152
8968 49936
8969 55072
8970 19120
8971 27488
8972 27424
8973 19240
8974 49968
8975 20264
8976 2577
8977 6945
8978 19201
8979 58145
8980 17185
8981 39713
8982 27425
8983 17185
8984 54033
8985 25377
8986 19233
8987 18977
8988 52768
8989 56097
8990 53809
8991 17176
8992 17192
8993 27424
8994 38712
8995 19217
8996 54073
8997 55073
8998 40801
8999 40480
9000 19232
9001 55825
9002 35616
9003 17184
9004 49968
9005 27393
9006 56120
9007 52016
9008 58121
9009 49952
9010 58112
9011 54040
9012 54049
9013 55073
9014 19233
9015 20265
9016 19233
9017 49921
9018 25377
9019 27425
9020 60168
9021 57120
9022 52017
9023 58145
9024 57120
9025 25344
9026 25440
9027 58144
9028 55857
9029 58272
9030 40545
9031 53808
9032 6689
9033 54064
9034 56105
9035 55080
9036 59168
9037 54817
9038 54056
9039 54056
9040 58112
9041 60161
9042 58272
9043 19232
9044 52768
9045 53033
9046 17176
9047 49952
9048 49944
9049 55841
9050 60192
9051 27424
9052 25408
9053 49944
9054 53025
9055 49952
9056 53793
9057 40481
9058 25377
9059 19233
9060 19240
9061 25376
9062 49953
9063 19256
9064 52001
9065 25377
9066 25345
9067 27425
9068 60200
9069 19256
9070 49952
9071 55081
9072 58145
9073 52000
9074 56097
9075 58208
9076 25344
9077 58113
9078 62305
9079 58152
9080 17176
9081 17152
9082 63273
9083 60192
9084 52009
9085 27424
9086 39481
9087 54057
9088 53793
9089 40505
9090 25384
9091 25344
9092 2737
9093 52000
9094 28512
9095 54056
9096 51968
9097 58144
9098 40760
9099 25376
9100 55081
9101 52000
9102 17184
9103 56096
9104 25441
9105 54048
9106 20256
9107 52000
9108 62240
9109 56096
9110 27393
9111 52009
9112 39472
9113 49953
9114 52001
9115 61185
9116 52024
9117 58144
9118 57144
9119 55081
9120 54049
9121 2864
9122 53033
9123 54017
9124 57120
9125 54025
9126 62248
9127 58152
9128 62248
9129 25384
9130 25344
9131 52000
9132 55073
9133 51977
9134 49961
9135 25384
9136 55073
9137 58272
9138 58145
9139 49953
9140 6689
9141 2577
9142 54049
9143 19328
9144 27424
9145 54073
9146 19201
9147 49936
9148 49961
9149 38712
9150 40544
9151 25352
9152 17184
9153 49968
9154 55080
9155 54056
9156 27425
9157 63265
9158 25344
9159 25344
9160 62240
9161 40761
9162 40737
9163 40737
9164 25376
9165 40480
9166 56096
9167 18960
9168 49936
9169 51760
9170 19241
9171 27392
9172 25377
9173 19232
9174 27408
9175 19233
9176 54048
9177 19232
9178 55073
9179 19232
9180 18977
9181 57121
9182 54048
9183 57129
9184 27464
9185 58144
9186 19201
9187 52000
9188 49960
9189 49944
9190 57121
9191 57121
9192 28449
9193 2864
9194 40480
9195 2608
9196 55073
9197 25352
9198 26465
9199 55841
9200 25377
9201 27432
9202 55857
9203 56105
9204 52008
9205 15969
9206 17208
9207 53809
9208 19200
9209 57121
9210 23329
9211 49960
9212 56881
9213 56865
9214 49961
9215 55073
9216 2849
9217 56104
9218 63265
9219 25376
9220 55856
9221 63265
9222 56096
9223 58145
9224 51969
9225 62241
9226 19240
9227 54072
9228 49960
9229 49921
9230 58153
9231 58208
9232 55857
9233 59176
9234 25349
9235 40544
9236 54057
9237 57121
9238 19216
9239 54056
9240 40761
9241 54056
9242 55841
9243 19240
9244 54056
9245 3897
9246 25376
9247 56064
9248 39712
9249 26465
9250 56105
9251 58144
9252 54048
9253 57184
9254 57121
9255 54057
9256 58216
9257 28193
9258 40736
9259 26409
9260 28193
9261 53809
9262 63265
9263 27424
9264 19232
9265 25376
9266 27392
9267 19120
9268 49928
9269 54041
9270 27432
9271 51856
9272 49929
9273 55073
9274 26408
9275 18208
9276 49952
9277 51968
9278 56864
9279 49952
9280 54049
9281 58153
9282 60320
9283 40800
9284 55825
9285 25376
9286 40480
9287 56929
9288 54048
9289 52000
9290 58144
9291 25376
9292 3873
9293 17185
9294 27392
9295 52001
9296 49953
9297 51745
9298 53937
9299 62240
9300 19248
9301 54112
9302 25472
9303 58145
9304 49944
9305 55097
9306 56104
9307 51993
9308 54048
9309 57121
9310 49953
9311 19232
9312 54048
9313 49953
9314 2592
9315 58112
9316 17168
9317 55072
9318 58145
9319 17184
9320 51713
9321 58176
9322 20256
9323 12129
9324 19209
9325 2864
9326 60320
9327 62240
9328 26145
9329 38688
9330 27432
9331 27297
9332 55072
9333 40737
9334 39480
9335 52008
9336 56113
9337 49976
9338 56121
9339 55841
9340 39729
9341 52072
9342 54048
9343 58144
9344 63264
9345 60192
9346 59233
9347 58145
9348 54049
9349 57129
9350 52001
9351 39472
9352 40032
9353 27393
9354 27488
9355 19233
9356 17185
9357 62241
9358 55097
9359 62241
9360 57121
9361 57120
9362 58153
9363 55097
9364 55840
9365 17160
9366 27393
9367 2849
9368 56865
9369 28193
9370 39473
9371 40737
9372 52000
9373 63272
9374 51000
9375 25376
9376 53025
9377 49953
9378 54049
9379 54048
9380 39473
9381 54056
9382 25376
9383 19240
9384 56929
9385 25344
9386 19201
9387 54048
9388 49944
9389 40480
9390 25344
9391 40480
9392 58208
9393 19232
9394 21288
9395 53024
9396 25384
9397 54048
9398 19233
9399 26400
9400 19233
9401 58208
9402 56097
9403 53793
9404 2577
9405 57120
9406 58208
9407 25440
9408 25416
9409 55073
9410 54057
9411 3616
9412 49928
9413 57121
9414 19209
9415 25376
9416 54064
9417 55824
9418 27425
9419 52001
9420 57121
9421 27392
9422 55072
9423 25360
9424 40505
9425 54049
9426 39713
9427 17185
9428 57120
9429 39721
9430 2736
9431 23329
9432 17160
9433 28513
9434 56097
9435 53025
9436 19232
9437 57121
9438 19232
9439 57120
9440 26465
9441 57129
9442 54049
9443 49960
9444 58144
9445 52001
9446 19233
9447 17185
9448 57121
9449 57184
9450 58144
9451 19200
9452 17153
9453 25376
9454 39729
9455 49968
9456 19240
9457 57185
9458 57121
9459 58152
9460 54056
9461 51992
9462 40760
9463 49960
9464 50984
9465 54057
9466 56097
9467 49952
9468 54064
9469 57184
9470 26145
9471 19232
9472 56864
9473 27137
9474 55841
9475 57121
9476 55073
9477 25344
9478 19201
9479 52000
9480 54061
9481 19201
9482 52009
9483 58152
9484 58121
9485 12129
9486 12129
9487 52001
9488 17176
9489 49960
9490 54048
9491 50977
9492 56864
9493 56104
9494 25384
9495 58185
9496 63264
9497 49952
9498 53809
9499 25344
9500 53025
9501 6688
9502 61217
9503 49960
9504 20257
9505 40480
9506 55856
9507 51976
9508 56105
9509 49960
9510 58216
9511 58145
9512 58144
9513 64288
9514 49953
9515 25360
9516 52000
9517 49921
9518 27424
9519 49921
9520 54061
9521 25345
9522 56097
9523 54817
9524 55841
9525 62240
9526 25376
9527 55096
9528 56104
9529 58144
9530 54056
9531 49952
9532 25384
9533 49960
9534 26145
9535 39473
9536 28193
9537 40481
9538 53809
9539 61185
9540 54048
9541 49960
9542 49968
9543 56096
9544 17184
9545 17184
9546 11040
9547 59168
9548 55073
9549 62241
9550 28449
9551 39712
9552 28449
9553 58145
9554 19233
9555 3897
9556 57121
9557 17152
9558 60192
9559 26401
9560 56865
9561 54832
9562 56928
9563 27393
9564 57120
9565 21288
9566 59169
9567 54048
9568 56097
9569 2849
9570 3897
9571 55857
9572 51744
9573 17184
9574 58144
9575 19233
9576 27424
9577 27425
9578 28448
9579 56865
9580 53808
9581 54057
9582 59177
9583 56104
9584 20256
9585 56865
9586 54065
9587 62240
9588 56864
9589 19240
9590 40736
9591 65313
9592 56081
9593 39473
9594 54064
9595 57121
9596 40544
9597 54048
9598 55072
9599 55073
9600 25384
9601 25368
9602 17189
9603 53025
9604 49953
9605 54049
9606 27424
9607 17185
9608 57184
9609 54072
9610 2705
9611 54056
9612 25376
9613 58144
9614 40505
9615 54049
9616 56096
9617 54049
9618 40480
9619 54049
9620 58145
9621 19233
9622 25353
9623 2849
9624 50977
9625 62312
9626 49952
9627 60193
9628 52001
9629 64289
9630 27489
9631 58144
9632 57120
9633 56097
9634 53793
9635 54049
9636 55857
9637 49960
9638 27393
9639 19232
9640 39456
9641 49960
9642 27137
9643 40480
9644 17185
9645 62312
9646 55073
9647 17184
9648 59168
9649 56096
9650 54832
9651 17176
9652 23329
9653 10081
9654 19224
9655 25377
9656 3873
9657 56160
9658 17153
9659 55841
9660 19201
9661 53793
9662 60257
9663 58144
9664 52000
9665 49928
9666 56865
9667 57144
9668 40760
9669 17184
9670 20265
9671 56105
9672 26464
9673 49952
9674 39457
9675 53024
9676 49961
9677 56864
9678 55857
9679 17193
9680 54049
9681 54016
9682 801
9683 28417
9684 25377
9685 17161
9686 40800
9687 19208
9688 57128
9689 2848
9690 54048
9691 57120
9692 55072
9693 3897
9694 52000
9695 27424
9696 25377
9697 54048
9698 58145
9699 40505
9700 54048
9701 17153
9702 49944
9703 18961
9704 17192
9705 2856
9706 56865
9707 20257
9708 19233
9709 2849
9710 49953
9711 56096
9712 57185
9713 54072
9714 58128
9715 49960
9716 65312
9717 49944
9718 63264
9719 55840
9720 58145
9721 58121
9722 17176
9723 19240
9724 51888
9725 58144
9726 40800
9727 19233
9728 19201
9729 3616
9730 63264
9731 57120
9732 49933
9733 54048
9734 55857
9735 17184
9736 17184
9737 51969
9738 25377
9739 54048
9740 27488
9741 54049
9742 25352
9743 58208
9744 56096
9745 49952
9746 28449
9747 27488
9748 56097
9749 25376
9750 28449
9751 55841
9752 49953
9753 49961
9754 53032
9755 51745
9756 25376
9757 54056
9758 20264
9759 57129
9760 25377
9761 57121
9762 55841
9763 56097
9764 26465
9765 19120
9766 55857
9767 19209
9768 19201
9769 54048
9770 25384
9771 25441
9772 55072
9773 56097
9774 27425
9775 40761
9776 39473
9777 58144
9778 25377
9779 56097
9780 55080
9781 50976
9782 56096
9783 58184
9784 62248
9785 54061
9786 28512
9787 54049
9788 54065
9789 49952
9790 49957
9791 17168
9792 60161
9793 54057
9794 25385
9795 27400
9796 53808
9797 24353
9798 27169
9799 39481
9800 27424
9801 55081
9802 27424
9803 40288
9804 19120
9805 58185
9806 55073
9807 52001
9808 57121
9809 10081
9810 27425
9811 54049
9812 58152
9813 19240
9814 49929
9815 49961
9816 56096
9817 57121
9818 58144
9819 60168
9820 51992
9821 25344
9822 55072
9823 62249
9824 56864
9825 17185
9826 58144
9827 40736
9828 25448
9829 40800
9830 40480
9831 53777
9832 57121
9833 40736
9834 62240
9835 58145
9836 53776
9837 19240
9838 52001
9839 28448
9840 18209
9841 25376
9842 25376
9843 49953
9844 27425
9845 55081
9846 57121
9847 55857
9848 57120
9849 25352
9850 27488
9851 49952
9852 25440
9853 27392
9854 55080
9855 55073
9856 40737
9857 57121
9858 40737
9859 27169
9860 40737
9861 17184
9862 56112
9863 19233
9864 2961
9865 55825
9866 49961
9867 54065
9868 40744
9869 57121
9870 54072
9871 58208
9872 53809
9873 63264
9874 19233
9875 54057
9876 52001
9877 25377
9878 55096
9879 54832
9880 3873
9881 17168
9882 58209
9883 19201
9884 49952
9885 58152
9886 25384
9887 55073
9888 54048
9889 50977
9890 53793
9891 3897
9892 19201
9893 25385
9894 58121
9895 56064
9896 58145
9897 57120
9898 40497
9899 58145
9900 26400
9901 25376
9902 18976
9903 54049
9904 53025
9905 27424
9906 54072
9907 55072
9908 49960
9909 17176
9910 2577
9911 58145
9912 52024
9913 25376
9914 25349
9915 18976
9916 25377
9917 2848
9918 56096
9919 56865
9920 40745
9921 56096
9922 49952
9923 54049
9924 25376
9925 25377
9926 54057
9927 55089
9928 49961
9929 26400
9930 54048
9931 17184
9932 19216
9933 49961
9934 53937
9935 53793
9936 17184
9937 27393
9938 51992
9939 57089
9940 19240
9941 54056
9942 53809
9943 26145
9944 52001
9945 62217
9946 58152
9947 17208
9948 25408
9949 17160
9950 25360
9951 58144
9952 55080
9953 54048
9954 56105
9955 60193
9956 49952
9957 27488
9958 17168
9959 25344
9960 56097
9961 23329
9962 39712
9963 57129
9964 26465
9965 20257
9966 52001
9967 57121
9968 3897
9969 63265
9970 55856
9971 25440
9972 63265
9973 52001
9974 49957
9975 59168
9976 57120
9977 55856
9978 6945
9979 22305
9980 56865
9981 25344
9982 52001
9983 61216
9984 55856
9985 55072
9986 55841
9987 25377
9988 58152
9989 25376
9990 56080
9991 49952
9992 27424
9993 49953
9994 54048
9995 49952
9996 54048
9997 60192
9998 27424
9999 49928
10000 58145
10001 28193
10002 26145
10003 50024
10004 61281
10005 54056
10006 26145
10007 37664
10008 52001
10009 55072
10010 17185
10011 57121
10012 17184
10013 54016
10014 62249
10015 54056
10016 62249
10017 37664
10018 58113
10019 10081
10020 17160
10021 56120
10022 57120
10023 49961
10024 60160
10025 40761
10026 56928
10027 51968
10028 59169
10029 27392
10030 19216
10031 40480
10032 19232
10033 40480
10034 56104
10035 56160
10036 40480
10037 60257
10038 25376
10039 49960
10040 55857
10041 27424
10042 54048
10043 19233
10044 26408
10045 58152
10046 58121
10047 57129
10048 2577
10049 26401
10050 49953
10051 62240
10052 28449
10053 54056
10054 49944
10055 58152
10056 17193
10057 54056
10058 53937
10059 27425
10060 54064
10061 27392
10062 17184
10063 60256
10064 53809
10065 54040
10066 58145
10067 17168
10068 54032
10069 25344
10070 55081
10071 40801
10072 62240
10073 56097
10074 27169
10075 56097
10076 62240
10077 56865
10078 52001
10079 51729
10080 58145
10081 20265
10082 25376
10083 57121
10084 19232
10085 54048
10086 57121
10087 20001
10088 56097
10089 54048
10090 54064
10091 50977
10092 52001
10093 39712
10094 25344
10095 20257
10096 2864
10097 25376
10098 59168
10099 40544
10100 56097
10101 58144
10102 53808
10103 17184
10104 54016
10105 63329
10106 54025
10107 27297
10108 58144
10109 53809
10110 11040
10111 58145
10112 49952
10113 60192
10114 27137
10115 40505
10116 59169
10117 49921
10118 57121
10119 2593
10120 19296
10121 17176
10122 52016
10123 57121
10124 55073
10125 54048
10126 54032
10127 17152
10128 49960
10129 49944
10130 28449
10131 49952
10132 51976
10133 40737
10134 27424
10135 40736
10136 58112
10137 58144
10138 17192
10139 54024
10140 54061
10141 54060
10142 3616
10143 25352
10144 17224
10145 25440
10146 25368
10147 40480
10148 54048
10149 19225
10150 54040
10151 59168
10152 18961
10153 25360
10154 17153
10155 40544
10156 52001
10157 52000
10158 25376
10159 60192
10160 58145
10161 49952
10162 63265
10163 53904
10164 40736
10165 56096
10166 54049
10167 50985
10168 55840
10169 56097
10170 19200
10171 56096
10172 25352
10173 60192
10174 6689
10175 57121
10176 53808
10177 25344
10178 56097
10179 52000
10180 19120
10181 53792
10182 55081
10183 26401
10184 57120
10185 56096
10186 20257
10187 60192
10188 39473
10189 56096
10190 39472
10191 20257
10192 28457
10193 63264
10194 51761
10195 27432
10196 55857
10197 54048
10198 20257
10199 28512
10200 27408
10201 58145
10202 25344
10203 40544
10204 54048
10205 27297
10206 53793
10207 49953
10208 59169
10209 58121
10210 2848
10211 54040
10212 49953
10213 58144
10214 57184
10215 58144
10216 2593
10217 20257
10218 19201
10219 17184
10220 39721
10221 55841
10222 28449
10223 2737
10224 17192
10225 54057
10226 55857
10227 57121
10228 54056
10229 20256
10230 54056
10231 58112
10232 58145
10233 55841
10234 49976
10235 55840
10236 25376
10237 40544
10238 25352
10239 17176
10240 49952
10241 25377
10242 27400
10243 3616
10244 56104
10245 49961
10246 64296
10247 55856
10248 18977
10249 25370
10250 58152
10251 62241
10252 19233
10253 54040
10254 2737
10255 25376
10256 54049
10257 19201
10258 25376
10259 58272
10260 60160
10261 54048
10262 49960
10263 55096
10264 19232
10265 19233
10266 50976
10267 49952
10268 25440
10269 49921
10270 49952
10271 36640
10272 54072
10273 56881
10274 2593
10275 40737
10276 55097
10277 20264
10278 58144
10279 62240
10280 49929
10281 55073
10282 19233
10283 19232
10284 56113
10285 55072
10286 55072
10287 49937
10288 19232
10289 19233
10290 25376
10291 55857
10292 57120
10293 54064
10294 40744
10295 56097
10296 39472
10297 56097
10298 28457
10299 40480
10300 2577
10301 20256
10302 58144
10303 49952
10304 55072
10305 54072
10306 27392
10307 27169
10308 54056
10309 25384
10310 2865
10311 25377
10312 28449
10313 54049
10314 27424
10315 25440
10316 40801
10317 12065
10318 17184
10319 53809
10320 25344
10321 19233
10322 49961
10323 40544
10324 25377
10325 27489
10326 23329
10327 55081
10328 19201
10329 18209
10330 49920
10331 60160
10332 36640
10333 61217
10334 19344
10335 56929
10336 54048
10337 25377
10338 25344
10339 2704
10340 58121
10341 25416
10342 54064
10343 56865
10344 40480
10345 25448
10346 56096
10347 52000
10348 28449
10349 57145
10350 19224
10351 58152
10352 55073
10353 25368
10354 49953
10355 56104
10356 19233
10357 17184
10358 49976
10359 57121
10360 57120
10361 52000
10362 18977
10363 49960
10364 25384
10365 17184
10366 58208
10367 59168
10368 60161
10369 28449
10370 55072
10371 60257
10372 55856
10373 57121
10374 40497
10375 53024
10376 27392
10377 19233
10378 2704
10379 19232
10380 49960
10381 49977
10382 52001
10383 61281
10384 19201
10385 57129
10386 53793
10387 55840
10388 54024
10389 60193
10390 56104
10391 19232
10392 55825
10393 49952
10394 53025
10395 49953
10396 56096
10397 55072
10398 49960
10399 55072
10400 56096
10401 27424
10402 19201
10403 52072
10404 55072
10405 53025
10406 54049
10407 51985
10408 62248
10409 53809
10410 25376
10411 54817
10412 40736
10413 63272
10414 52000
10415 26145
10416 54048
10417 21288
10418 27424
10419 49957
10420 57121
10421 20256
10422 54057
10423 2577
10424 19216
10425 17193
10426 49960
10427 40736
10428 49952
10429 19209
10430 25344
10431 51888
10432 3616
10433 56097
10434 27424
10435 49960
10436 17168
10437 57120
10438 20257
10439 58144
10440 27456
10441 40736
10442 57121
10443 55080
10444 25344
10445 27489
10446 2593
10447 61217
10448 54048
10449 63272
10450 54056
10451 52000
10452 53937
10453 62240
10454 51976
10455 54016
10456 25352
10457 52017
10458 26464
10459 54056
10460 63265
10461 62240
10462 39473
10463 11041
10464 55857
10465 20257
10466 19241
10467 56113
10468 39713
10469 56865
10470 40481
10471 19216
10472 40544
10473 19232
10474 56097
10475 39712
10476 58152
10477 19232
10478 49953
10479 20256
10480 57137
10481 17184
10482 55073
10483 49933
10484 55841
10485 52000
10486 27424
10487 39457
10488 55840
10489 39728
10490 54049
10491 54049
10492 55080
10493 50984
10494 18209
10495 61217
10496 58113
10497 49953
10498 53808
10499 54065
10500 49952
10501 54048
10502 49960
10503 25376
10504 26145
10505 58145
10506 20257
10507 63264
10508 53809
10509 50977
10510 19241
10511 40288
10512 56097
10513 58240
10514 58152
10515 52000
10516 2833
10517 17169
10518 58113
10519 52001
10520 54056
10521 56929
10522 54049
10523 49960
10524 25352
10525 62248
10526 52008
10527 3616
10528 52001
10529 25368
10530 40481
10531 55073
10532 54048
10533 27456
10534 49953
10535 27520
10536 52009
10537 19233
10538 25344
10539 19217
10540 57120
10541 17161
10542 60193
10543 27393
10544 49952
10545 52001
10546 58145
10547 52001
10548 25384
10549 20257
10550 49952
10551 57121
10552 54057
10553 17153
10554 58152
10555 49953
10556 56865
10557 57121
10558 26464
10559 40737
10560 2856
10561 20265
10562 2577
10563 54056
10564 54048
10565 15969
10566 49960
10567 39729
10568 51888
10569 61224
10570 56096
10571 54061
10572 54032
10573 58152
10574 56097
10575 19233
10576 56096
10577 58153
10578 19208
10579 40480
10580 12065
10581 52001
10582 49977
10583 62208
10584 57128
10585 40736
10586 26465
10587 49953
10588 26401
10589 17168
10590 25377
10591 56864
10592 40800
10593 26401
10594 2705
10595 54056
10596 52000
10597 54060
10598 17184
10599 20257
10600 19201
10601 60256
10602 60193
10603 8992
10604 58152
10605 40801
10606 20257
10607 59169
10608 56073
10609 25344
10610 49952
10611 58145
10612 49977
10613 25385
10614 54056
10615 27424
10616 27464
10617 56096
10618 19201
10619 17169
10620 52993
10621 40761
10622 55840
10623 49952
10624 17152
10625 23329
10626 58144
10627 55840
10628 62305
10629 20265
10630 53032
10631 52768
10632 19232
10633 56160
10634 55857
10635 19120
10636 2705
10637 57121
10638 49953
10639 19233
10640 57120
10641 62248
10642 39473
10643 61225
10644 60192
10645 55072
10646 25377
10647 19208
10648 3897
10649 49953
10650 54112
10651 2865
10652 65312
10653 56864
10654 55089
10655 19233
10656 3897
10657 19232
10658 28449
10659 52008
10660 54056
10661 19233
10662 63264
10663 55857
10664 25376
10665 19233
10666 58152
10667 60192
10668 56097
10669 2593
10670 25376
10671 56104
10672 6945
10673 52008
10674 12129
10675 54072
10676 55073
10677 20257
10678 60160
10679 58145
10680 49960
10681 17192
10682 57184
10683 58144
10684 53025
10685 58145
10686 19216
10687 39472
10688 25360
10689 52001
10690 54033
10691 65313
10692 54057
10693 27401
10694 52008
10695 59233
10696 25376
10697 19232
10698 58120
10699 19241
10700 55080
10701 60192
10702 51977
10703 54056
10704 58208
10705 54072
10706 56864
10707 25376
10708 17184
10709 58144
10710 58120
10711 53024
10712 25384
10713 49929
10714 25384
10715 7969
10716 7713
10717 56097
10718 2705
10719 18993
10720 55856
10721 49952
10722 55840
10723 49952
10724 3873
10725 25345
10726 27393
10727 55856
10728 61225
10729 57145
10730 19241
10731 60193
10732 40497
10733 17248
10734 25381
10735 56097
10736 25344
10737 27425
10738 56120
10739 52001
10740 57120
10741 49953
10742 53032
10743 62249
10744 50985
10745 49952
10746 54056
10747 54064
10748 56096
10749 40480
10750 40737
10751 61217
10752 57120
10753 28449
10754 26145
10755 49960
10756 56097
10757 17185
10758 56865
10759 19200
10760 27400
10761 2961
10762 28417
10763 58152
10764 49952
10765 56865
10766 17153
10767 56929
10768 19240
10769 55136
10770 58152
10771 19233
10772 25360
10773 53024
10774 58145
10775 65320
10776 56865
10777 58128
10778 58144
10779 40480
10780 53937
10781 49953
10782 26401
10783 17168
10784 49936
10785 58112
10786 57137
10787 49953
10788 25376
10789 2849
10790 25385
10791 27424
10792 54048
10793 19233
10794 25376
10795 49953
10796 49960
10797 19233
10798 57121
10799 39721
10800 2960
10801 55073
10802 50977
10803 54032
10804 11041
10805 52001
10806 54065
10807 19200
10808 56105
10809 17169
10810 56881
10811 56096
10812 55857
10813 28448
10814 54048
10815 20257
10816 61280
10817 19233
10818 17192
10819 55073
10820 19201
10821 19233
10822 25448
10823 62240
10824 17184
10825 53776
10826 3897
10827 19233
10828 26145
10829 18977
10830 28193
10831 52016
10832 57129
10833 56929
10834 19208
10835 49953
10836 27393
10837 56105
10838 49952
10839 19233
10840 39457
10841 19233
10842 19208
10843 39729
10844 17184
10845 49952
10846 25344
10847 53025
10848 28449
10849 55072
10850 49952
10851 57184
10852 52009
10853 55072
10854 19216
10855 25344
10856 49920
10857 27424
10858 19233
10859 19208
10860 40544
10861 17160
10862 19232
10863 52024
10864 57184
10865 19209
10866 19224
10867 19201
10868 54072
10869 25441
10870 55072
10871 54057
10872 20257
10873 54048
10874 58152
10875 58144
10876 17168
10877 52001
10878 60257
10879 55081
10880 49960
10881 25345
10882 58152
10883 58176
10884 52000
10885 56865
10886 54048
10887 25344
10888 49952
10889 19232
10890 25377
10891 27432
10892 19233
10893 25376
10894 54112
10895 28512
10896 49936
10897 39457
10898 65312
10899 40760
10900 40505
10901 49952
10902 49952
10903 52009
10904 55072
10905 40800
10906 56097
10907 3616
10908 17160
10909 52024
10910 55089
10911 19233
10912 54049
10913 51977
10914 19216
10915 62240
10916 17185
10917 60193
10918 54049
10919 3897
10920 17185
10921 40480
10922 26145
10923 49952
10924 55081
10925 10785
10926 49953
10927 39473
10928 56097
10929 49953
10930 40480
10931 49953
10932 56865
10933 25344
10934 23329
10935 27424
10936 60192
10937 49952
10938 52001
10939 49936
10940 58152
10941 39713
10942 51985
10943 54048
10944 58152
10945 27400
10946 54056
10947 58152
10948 49952
10949 3616
10950 36640
10951 60193
10952 50977
10953 17185
10954 53808
10955 2849
10956 40736
10957 57120
10958 53776
10959 25384
10960 58144
10961 49944
10962 52009
10963 63328
10964 60160
10965 52000
10966 19240
10967 25377
10968 58144
10969 54057
10970 54056
10971 58113
10972 49952
10973 49952
10974 40737
10975 58144
10976 57121
10977 17152
10978 64288
10979 56120
10980 55857
10981 52016
10982 20256
10983 53777
10984 2720
10985 19241
10986 56113
10987 18216
10988 51968
10989 54064
10990 62241
10991 49953
10992 28512
10993 57144
10994 56096
10995 49952
10996 55841
10997 2577
10998 18945
10999 55073
11000 17168
11001 25377
11002 19233
11003 49928
11004 49953
11005 55096
11006 2736
11007 52000
11008 49952
11009 27401
11010 17192
11011 58144
11012 25377
11013 40736
11014 54053
11015 19328
11016 52001
11017 54016
11018 49976
11019 12129
11020 2704
11021 19233
11022 52008
11023 52008
11024 54056
11025 19232
11026 58144
11027 17200
11028 26465
11029 58152
11030 56096
11031 60161
11032 56105
11033 58144
11034 17189
11035 49953
11036 57089
11037 25376
11038 59233
11039 56096
11040 20257
11041 49957
11042 39456
11043 20256
11044 40480
11045 25385
11046 49976
11047 27424
11048 40736
11049 54048
11050 49944
11051 54025
11052 54048
11053 60192
11054 49953
11055 63265
11056 60192
11057 17256
11058 55080
11059 52001
11060 56096
11061 25376
11062 27393
11063 24353
11064 27424
11065 25377
11066 25377
11067 49953
11068 25408
11069 27432
11070 19233
11071 25376
11072 19240
11073 58144
11074 25368
11075 49952
11076 60192
11077 51744
11078 11041
11079 17184
11080 19120
11081 58144
11082 2865
11083 25376
11084 40761
11085 27424
11086 19120
11087 2960
11088 58144
11089 27393
11090 49929
11091 19233
11092 63265
11093 58152
11094 55840
11095 49960
11096 19233
11097 57145
11098 51744
11099 51000
11100 49977
11101 49952
11102 49952
11103 25377
11104 17176
11105 55841
11106 27425
11107 54049
11108 25377
11109 49960
11110 27424
11111 52001
11112 49953
11113 27392
11114 27424
11115 49952
11116 39473
11117 55072
11118 54048
11119 55072
11120 49944
11121 19232
11122 63264
11123 58240
11124 19233
11125 19232
11126 25448
11127 22305
11128 26409
11129 55072
11130 27416
11131 56112
11132 49961
11133 27393
11134 17160
11135 58145
11136 28193
11137 17161
11138 56881
11139 17169
11140 25377
11141 20257
11142 55073
11143 61217
11144 2736
11145 58144
11146 60193
11147 54056
11148 40497
11149 10081
11150 56097
11151 19216
11152 54049
11153 52000
11154 17185
11155 54057
11156 55096
11157 56097
11158 61224
11159 51969
11160 19232
11161 26400
11162 39472
11163 17184
11164 58152
11165 19240
11166 49960
11167 58144
11168 40736
11169 49960
11170 25440
11171 53809
11172 55841
11173 49921
11174 2849
11175 53793
11176 36640
11177 20256
11178 58144
11179 19328
11180 49976
11181 50024
11182 57121
11183 17184
11184 27433
11185 27393
11186 49953
11187 54056
11188 49952
11189 27393
11190 27393
11191 54056
11192 17256
11193 2704
11194 52000
11195 25377
11196 25345
11197 54033
11198 17169
11199 60192
11200 40480
11201 54060
11202 60193
11203 25344
11204 54048
11205 55073
11206 57121
11207 19232
11208 19201
11209 25344
11210 17152
11211 19233
11212 57121
11213 28448
11214 40544
11215 19201
11216 19232
11217 19208
11218 54049
11219 19241
11220 62240
11221 58144
11222 19120
11223 57185
11224 55073
11225 49960
11226 17185
11227 58144
11228 49952
11229 55841
11230 49953
11231 19232
11232 27520
11233 54049
11234 51969
11235 56881
11236 19200
11237 52009
11238 56104
11239 56096
11240 19232
11241 27424
11242 50976
11243 54049
11244 49961
11245 27488
11246 58152
11247 25376
11248 58216
11249 26401
11250 19233
11251 27393
11252 25353
11253 58120
11254 40800
11255 54056
11256 57120
11257 49953
11258 58112
11259 64288
11260 60201
11261 51969
11262 58216
11263 39473
11264 62241
11265 40736
11266 57089
11267 19200
11268 2704
11269 40481
11270 56096
11271 51745
11272 2833
11273 19232
11274 54048
11275 40480
11276 19233
11277 62240
11278 17185
11279 54016
11280 40505
11281 17152
11282 57184
11283 26465
11284 25377
11285 27137
11286 39481
11287 61225
11288 56928
11289 54056
11290 62241
11291 19328
11292 52000
11293 40737
11294 19233
11295 59169
11296 2737
11297 17184
11298 57121
11299 58112
11300 19200
11301 17192
11302 53024
11303 62248
11304 49953
11305 49960
11306 17200
11307 59169
11308 49953
11309 60193
11310 27401
11311 19232
11312 58112
11313 17184
11314 53025
11315 62304
11316 60256
11317 52000
11318 51968
11319 55857
11320 49952
11321 19232
11322 2849
11323 25344
11324 49952
11325 54056
11326 63264
11327 56097
11328 17160
11329 55080
11330 39721
11331 23337
11332 54056
11333 55073
11334 27393
11335 53025
11336 55072
11337 63328
11338 17256
11339 28513
11340 54049
11341 57144
11342 18217
11343 26400
11344 57121
11345 55841
11346 37680
11347 57120
11348 63272
11349 49968
11350 49952
11351 56097
11352 40481
11353 25440
11354 49968
11355 58185
11356 28457
11357 56097
11358 49952
11359 17184
11360 25384
11361 55841
11362 59176
11363 17168
11364 49952
11365 56105
11366 58145
11367 55072
11368 25441
11369 55840
11370 49953
11371 65313
11372 62240
11373 53025
11374 40800
11375 54048
11376 55073
11377 54048
11378 54024
11379 20257
11380 54049
11381 58121
11382 11040
11383 49928
11384 58152
11385 49952
11386 29473
11387 28512
11388 54033
11389 27400
11390 54072
11391 54056
11392 25376
11393 52001
11394 58152
11395 49952
11396 56865
11397 51761
11398 58120
11399 27392
11400 54056
11401 52000
11402 58144
11403 54049
11404 19224
11405 58144
11406 40480
11407 17185
11408 17168
11409 19296
11410 25368
11411 55841
11412 25376
11413 2705
11414 65313
11415 56065
11416 25377
11417 40497
11418 55840
11419 54048
11420 57121
11421 54024
11422 64289
11423 49976
11424 19233
11425 20257
11426 55856
11427 57120
11428 40288
11429 17160
11430 57120
11431 8992
11432 27392
11433 19232
11434 58113
11435 58144
11436 19216
11437 52000
11438 19209
11439 18208
11440 57120
11441 52008
11442 53025
11443 17185
11444 54048
11445 58145
11446 58144
11447 19216
11448 20257
11449 53809
11450 54057
11451 20256
11452 58208
11453 56865
11454 52001
11455 54056
11456 54048
11457 60160
11458 54048
11459 58145
11460 27424
11461 40544
11462 56097
11463 49952
11464 51969
11465 56120
11466 25377
11467 54048
11468 52008
11469 27488
11470 28417
11471 25376
11472 49952
11473 58112
11474 58145
11475 54056
11476 27424
11477 59169
11478 51992
11479 40288
11480 25344
11481 25376
11482 19241
11483 25377
11484 58144
11485 27424
11486 25345
11487 19232
11488 49961
11489 25384
11490 39473
11491 56097
11492 55840
11493 3873
11494 2704
11495 52008
11496 19256
11497 49960
11498 52000
11499 15969
11500 51969
11501 55841
11502 3897
11503 25376
11504 51729
11505 55072
11506 27433
11507 53024
11508 25344
11509 17184
11510 54072
11511 56096
11512 17168
11513 57184
11514 2833
11515 58145
11516 2593
11517 57121
11518 49944
11519 22305
11520 55080
11521 25345
11522 19233
11523 28449
11524 55081
11525 27425
11526 25345
11527 17152
11528 62241
11529 52000
11530 58144
11531 60192
11532 65312
11533 52025
11534 49953
11535 58144
11536 62240
11537 59169
11538 27424
11539 25384
11540 27425
11541 54056
11542 19233
11543 58145
11544 55841
11545 60320
11546 28417
11547 55857
11548 25377
11549 19233
11550 54064
11551 39457
11552 19209
11553 58144
11554 25384
11555 25384
11556 60257
11557 27392
11558 52009
11559 55072
11560 19201
11561 27424
11562 19232
11563 17168
11564 19233
11565 58144
11566 19233
11567 62241
11568 17185
11569 54049
11570 49960
11571 52025
11572 2705
11573 56105
11574 39729
11575 57128
11576 51976
11577 55841
11578 20264
11579 55857
11580 19232
11581 52000
11582 17185
11583 49952
11584 40480
11585 56097
11586 40480
11587 51000
11588 25504
11589 17184
11590 54016
11591 54048
11592 40800
11593 25376
11594 17153
11595 28449
11596 53024
11597 28193
11598 49961
11599 19208
11600 11041
11601 17185
11602 54017
11603 58144
11604 2833
11605 55841
11606 28448
11607 25344
11608 49952
11609 49960
11610 19200
11611 19240
11612 27169
11613 57185
11614 49953
11615 27424
11616 23328
11617 56113
11618 57184
11619 19208
11620 54048
11621 27401
11622 40800
11623 19209
11624 54048
11625 25376
11626 54049
11627 58144
11628 19232
11629 58144
11630 57185
11631 27424
11632 17184
11633 49953
11634 54048
11635 52001
11636 54048
11637 27424
11638 52001
11639 25377
11640 25376
11641 49953
11642 58145
11643 17192
11644 58145
11645 19233
11646 56080
11647 49961
11648 54064
11649 40481
11650 62240
11651 52009
11652 17184
11653 55073
11654 54049
11655 58176
11656 60192
11657 64296
11658 65312
11659 55096
11660 55136
11661 18977
11662 49928
11663 19232
11664 27425
11665 55856
11666 28449
11667 54049
11668 56865
11669 39720
11670 12065
11671 17185
11672 57121
11673 54817
11674 54064
11675 25344
11676 20257
11677 10081
11678 55857
11679 56865
11680 60192
11681 54032
11682 52000
11683 52000
11684 56097
11685 55072
11686 49921
11687 6945
11688 25384
11689 55081
11690 54048
11691 55073
11692 55073
11693 58208
11694 52009
11695 57184
11696 58152
11697 56097
11698 17176
11699 55073
11700 40481
11701 25352
11702 26401
11703 49928
11704 19224
11705 58144
11706 58144
11707 27433
11708 58144
11709 39473
11710 49952
11711 58153
11712 23337
11713 58144
11714 25353
11715 19233
11716 49960
11717 49960
11718 49953
11719 53793
11720 49952
11721 27425
11722 54048
11723 19241
11724 19200
11725 58272
11726 52001
11727 58144
11728 27424
11729 25441
11730 49969
11731 52001
11732 55840
11733 51761
11734 40480
11735 28449
11736 27424
11737 51713
11738 59177
11739 39457
11740 6689
11741 56865
11742 18961
11743 54049
11744 19209
11745 61216
11746 25385
11747 55081
11748 56097
11749 19232
11750 19225
11751 49961
11752 17161
11753 58145
11754 53025
11755 2609
11756 39728
11757 52000
11758 54056
11759 55856
11760 54049
11761 10081
11762 55072
11763 19201
11764 62241
11765 49952
11766 49953
11767 21281
11768 19217
11769 25344
11770 52009
11771 23337
11772 27489
11773 54056
11774 60192
11775 52000
11776 56864
11777 63272
11778 51713
11779 51744
11780 55841
11781 49952
11782 17185
11783 62240
11784 52001
11785 54056
11786 17160
11787 54049
11788 40736
11789 52008
11790 54056
11791 17153
11792 49953
11793 54033
11794 51856
11795 49952
11796 62240
11797 55081
11798 56081
11799 54040
11800 58208
11801 58145
11802 58185
11803 19328
11804 58144
11805 58216
11806 17185
11807 25352
11808 58144
11809 27489
11810 25376
11811 55073
11812 27424
11813 54049
11814 19201
11815 54049
11816 50024
11817 59168
11818 19233
11819 54072
11820 49929
11821 20257
11822 10785
11823 39480
11824 58145
11825 21280
11826 54056
11827 54049
11828 27424
11829 25440
11830 19209
11831 57121
11832 56864
11833 52000
11834 19240
11835 55089
11836 25377
11837 17184
11838 17184
11839 54049
11840 62240
11841 27425
11842 26401
11843 19328
11844 49952
11845 19208
11846 19233
11847 58145
11848 25345
11849 27433
11850 54048
11851 54049
11852 28513
11853 19120
11854 19249
11855 63264
11856 55825
11857 17185
11858 52001
11859 19232
11860 2849
11861 57184
11862 58240
11863 58136
11864 25441
11865 49952
11866 57184
11867 54064
11868 25376
11869 18977
11870 23337
11871 56097
11872 25376
11873 18209
11874 49961
11875 27457
11876 49961
11877 54048
11878 55089
11879 58217
11880 54049
11881 3616
11882 62240
11883 55832
11884 19232
11885 27400
11886 49953
11887 50977
11888 58153
11889 11040
11890 25377
11891 49953
11892 58136
11893 60257
11894 56096
11895 56072
11896 56160
11897 52000
11898 55073
11899 49929
11900 20265
11901 28193
11902 40745
11903 23329
11904 25376
11905 19200
11906 52001
11907 51761
11908 19232
11909 19232
11910 65313
11911 19209
11912 27432
11913 58216
11914 17152
11915 55081
11916 24353
11917 56097
11918 49960
11919 25440
11920 51968
11921 56865
11922 54048
11923 25376
11924 40760
11925 28448
11926 54056
11927 19233
11928 57184
11929 49952
11930 39720
11931 60192
11932 54048
11933 56081
11934 62304
11935 28513
11936 49953
11937 28449
11938 39712
11939 39472
11940 12129
11941 51984
11942 19209
11943 52001
11944 49953
11945 25344
11946 19233
11947 19232
11948 56105
11949 58144
11950 51992
11951 54049
11952 53024
11953 55080
11954 49976
11955 56097
11956 54065
11957 19232
11958 63265
11959 60193
11960 52009
11961 62304
11962 60192
11963 62241
11964 40481
11965 25376
11966 25449
11967 39472
11968 21280
11969 49953
11970 56105
11971 19233
11972 58112
11973 49921
11974 27393
11975 55080
11976 25376
11977 55856
11978 54048
11979 60160
11980 18208
11981 49952
11982 51992
11983 49961
11984 25376
11985 25377
11986 19201
11987 49953
11988 17153
11989 56096
11990 63273
11991 27392
11992 52025
11993 58144
11994 17184
11995 54056
11996 27489
11997 49952
11998 56097
11999 54064
12000 58121
12001 55825
12002 27424
12003 54025
12004 63272
12005 59169
12006 25385
12007 27584
12008 58144
12009 49953
12010 58144
12011 28457
12012 19201
12013 58144
12014 25377
12015 27584
12016 55080
12017 17160
12018 58144
12019 55073
12020 54048
12021 63265
12022 53025
12023 54817
12024 54048
12025 27424
12026 49976
12027 60200
12028 58145
12029 20264
12030 2704
12031 58144
12032 17152
12033 65313
12034 27424
12035 52008
12036 15969
12037 25344
12038 27424
12039 59177
12040 57120
12041 54048
12042 55073
12043 53793
12044 25385
12045 55072
12046 55840
12047 27425
12048 10081
12049 60256
12050 17168
12051 56865
12052 40032
12053 58144
12054 55073
12055 19232
12056 49928
12057 65376
12058 61216
12059 26145
12060 58176
12061 10081
12062 49961
12063 60160
12064 20257
12065 27433
12066 60320
12067 25344
12068 54049
12069 10081
12070 21280
12071 51761
12072 39457
12073 54817
12074 58120
12075 51968
12076 57121
12077 52000
12078 25376
12079 52001
12080 25384
12081 60193
12082 17185
12083 19209
12084 58145
12085 54048
12086 49961
12087 60192
12088 49953
12089 49952
12090 49961
12091 54025
12092 54056
12093 17192
12094 49952
12095 55073
12096 54048
12097 25376
12098 54033
12099 19233
12100 26400
12101 17152
12102 25440
12103 27392
12104 27425
12105 49953
12106 27424
12107 54048
12108 52001
12109 17192
12110 49953
12111 58144
12112 26400
12113 49952
12114 57120
12115 51968
12116 25377
12117 62240
12118 27425
12119 27393
12120 49952
12121 58145
12122 19233
12123 54056
12124 56096
12125 57121
12126 28417
12127 3897
12128 25376
12129 2705
12130 55073
12131 52001
12132 23329
12133 56096
12134 57120
12135 2593
12136 56112
12137 55097
12138 53777
12139 49952
12140 56865
12141 39713
12142 49944
12143 52008
12144 23329
12145 53808
12146 54056
12147 28512
12148 49960
12149 62208
12150 28449
12151 27488
12152 56097
12153 49944
12154 52001
12155 49937
12156 49953
12157 25344
12158 56096
12159 25376
12160 25377
12161 49953
12162 57129
12163 19201
12164 58144
12165 39456
12166 19217
12167 49953
12168 27433
12169 58145
12170 2608
12171 56096
12172 56865
12173 25345
12174 25376
12175 49953
12176 18960
12177 58145
12178 54048
12179 57121
12180 51968
12181 27408
12182 59168
12183 17152
12184 54049
12185 58216
12186 27401
12187 62241
12188 49952
12189 60192
12190 54817
12191 25377
12192 2865
12193 51888
12194 19201
12195 57128
12196 49944
12197 58121
12198 49953
12199 25376
12200 58153
12201 56064
12202 58153
12203 54048
12204 49952
12205 17176
12206 60192
12207 52001
12208 54056
12209 58121
12210 25377
12211 58144
12212 54048
12213 58113
12214 25440
12215 56097
12216 55081
12217 17160
12218 57120
12219 52008
12220 2960
12221 25376
12222 54072
12223 40545
12224 54049
12225 2593
12226 17184
12227 27393
12228 2593
12229 19201
12230 53809
12231 63264
12232 27425
12233 49953
12234 27392
12235 49952
12236 59168
12237 25377
12238 27297
12239 2737
12240 56105
12241 58144
12242 49952
12243 25376
12244 28449
12245 52000
12246 54049
12247 54056
12248 59169
12249 19232
12250 58152
12251 10081
12252 49953
12253 25344
12254 49953
12255 49952
12256 2849
12257 56929
12258 25376
12259 58152
12260 58145
12261 54056
12262 54064
12263 49953
12264 49952
12265 49952
12266 51985
12267 54064
12268 55088
12269 25385
12270 55080
12271 51745
12272 56097
12273 58144
12274 52001
12275 59168
12276 25368
12277 26465
12278 54049
12279 49920
12280 54056
12281 58120
12282 53024
12283 54048
12284 56113
12285 49953
12286 49920
12287 25344
12288 63264
12289 49952
12290 25352
12291 40481
12292 54048
12293 58144
12294 25345
12295 19233
12296 58112
12297 49928
12298 17184
12299 63264
12300 53025
12301 55073
12302 49952
12303 54057
12304 25345
12305 20264
12306 2960
12307 53025
12308 54048
12309 2609
12310 49952
12311 60161
12312 57121
12313 19232
12314 25441
12315 56097
12316 55096
12317 25376
12318 62241
12319 19232
12320 51744
12321 58144
12322 19232
12323 62240
12324 27392
12325 49961
12326 55840
12327 54057
12328 57120
12329 54073
12330 56096
12331 25352
12332 58145
12333 49952
12334 25441
12335 59168
12336 26400
12337 19232
12338 54065
12339 56097
12340 18945
12341 17185
12342 49952
12343 52008
12344 56881
12345 27297
12346 49960
12347 54049
12348 49960
12349 49953
12350 19233
12351 57121
12352 54049
12353 63264
12354 58121
12355 58145
12356 25377
12357 58272
12358 25377
12359 19200
12360 49953
12361 58152
12362 58144
12363 51968
12364 55081
12365 2593
12366 62241
12367 49952
12368 58152
12369 49953
12370 49953
12371 19208
12372 53808
12373 57129
12374 21288
12375 63265
12376 49960
12377 17185
12378 25377
12379 58145
12380 19232
12381 61216
12382 19208
12383 54025
12384 27425
12385 19200
12386 40736
12387 49961
12388 60160
12389 2705
12390 27425
12391 52001
12392 2704
12393 27425
12394 57121
12395 19232
12396 55080
12397 56864
12398 17160
12399 27424
12400 61224
12401 2737
12402 52000
12403 57120
12404 61216
12405 17177
12406 56929
12407 54056
12408 28513
12409 61216
12410 2704
12411 52009
12412 58145
12413 19233
12414 58144
12415 27393
12416 56864
12417 58145
12418 26401
12419 49952
12420 57128
12421 58120
12422 19209
12423 2848
12424 57121
12425 54048
12426 58152
12427 58144
12428 54056
12429 56097
12430 52072
12431 25377
12432 62248
12433 58145
12434 49920
12435 26465
12436 25345
12437 19232
12438 52001
12439 54049
12440 58144
12441 53025
12442 55072
12443 56105
12444 54073
12445 58145
12446 64296
12447 49968
12448 19328
12449 60192
12450 58144
12451 54049
12452 54056
12453 65321
12454 57129
12455 49933
12456 19201
12457 56097
12458 25377
12459 49952
12460 57121
12461 58145
12462 62240
12463 58184
12464 17160
12465 58145
12466 25384
12467 54072
12468 52009
12469 49952
12470 17152
12471 37672
12472 49961
12473 57121
12474 19232
12475 54056
12476 19232
12477 54065
12478 58145
12479 52008
12480 58216
12481 54048
12482 17184
12483 19233
12484 17185
12485 27425
12486 40481
12487 19200
12488 59168
12489 57120
12490 54048
12491 2961
12492 19200
12493 55072
12494 54048
12495 62208
12496 58209
12497 56097
12498 49952
12499 19200
12500 28449
12501 53809
12502 17152
12503 49968
12504 56865
12505 54056
12506 52000
12507 19232
12508 56864
12509 25345
12510 55080
12511 19201
12512 2736
12513 55072
12514 54049
12515 49953
12516 49697
12517 19232
12518 55840
12519 18993
12520 49960
12521 39473
12522 27297
12523 58144
12524 25440
12525 58209
12526 52000
12527 58144
12528 58144
12529 56097
12530 61280
12531 58152
12532 55856
12533 27424
12534 25376
12535 25376
12536 60192
12537 17168
12538 60320
12539 27424
12540 27400
12541 25376
12542 58144
12543 56104
12544 49960
12545 49953
12546 19233
12547 49952
12548 49960
12549 25384
12550 49952
12551 60193
12552 17193
12553 51992
12554 25441
12555 19233
12556 19233
12557 40737
12558 53793
12559 58113
12560 58152
12561 27425
12562 54048
12563 28449
12564 49952
12565 801
12566 58144
12567 19200
12568 49944
12569 37665
12570 17184
12571 55081
12572 56097
12573 58145
12574 51969
12575 62241
12576 54048
12577 54056
12578 51992
12579 58145
12580 25384
12581 58145
12582 55072
12583 56112
12584 49953
12585 57120
12586 55072
12587 25376
12588 40736
12589 20256
12590 49952
12591 56929
12592 62248
12593 27425
12594 63273
12595 51856
12596 25376
12597 27425
12598 53025
12599 56104
12600 56105
12601 56080
12602 58144
12603 2856
12604 49952
12605 27392
12606 58144
12607 25376
12608 25352
12609 39472
12610 40545
12611 19201
12612 39472
12613 55072
12614 56097
12615 39473
12616 19240
12617 19233
12618 53776
12619 25377
12620 49944
12621 25376
12622 27488
12623 58112
12624 49928
12625 19232
12626 52000
12627 58113
12628 25344
12629 49960
12630 19233
12631 54048
12632 63265
12633 52001
12634 27393
12635 54057
12636 28417
12637 54056
12638 49952
12639 49929
12640 49936
12641 53776
12642 25360
12643 52000
12644 55089
12645 49960
12646 54049
12647 56097
12648 25376
12649 58152
12650 49697
12651 54048
12652 62240
12653 25376
12654 51745
12655 25345
12656 2609
12657 58152
12658 19232
12659 27392
12660 17184
12661 27425
12662 19248
12663 58153
12664 27424
12665 58144
12666 40737
12667 63264
12668 19240
12669 49968
12670 2704
12671 21288
12672 55089
12673 17200
12674 17161
12675 17184
12676 19208
12677 25376
12678 3897
12679 55857
12680 19328
12681 2593
12682 58153
12683 58209
12684 59168
12685 52001
12686 54048
12687 51729
12688 53025
12689 54048
12690 54049
12691 49952
12692 61217
12693 27424
12694 2848
12695 58112
12696 19200
12697 58145
12698 25368
12699 27425
12700 25376
12701 27424
12702 19232
12703 51745
12704 26401
12705 59168
12706 62240
12707 58145
12708 25344
12709 26400
12710 27425
12711 49952
12712 49953
12713 25376
12714 25384
12715 54048
12716 55096
12717 58144
12718 49952
12719 55080
12720 27425
12721 37672
12722 19201
12723 19232
12724 63265
12725 19233
12726 18216
12727 53808
12728 58145
12729 58184
12730 61217
12731 52000
12732 38712
12733 25377
12734 56865
12735 49977
12736 25376
12737 20264
12738 53025
12739 40480
12740 2593
12741 19201
12742 3873
12743 51993
12744 56865
12745 55072
12746 54048
12747 58144
12748 52008
12749 57121
12750 40736
12751 50985
12752 17168
12753 27520
12754 62248
12755 25376
12756 25344
12757 19233
12758 54048
12759 27488
12760 54049
12761 40545
12762 62241
12763 19232
12764 19233
12765 25381
12766 25349
12767 54048
12768 23337
12769 25377
12770 28449
12771 25344
12772 27392
12773 19233
12774 49952
12775 54048
12776 56112
12777 58112
12778 58113
12779 27425
12780 49952
12781 19232
12782 59169
12783 27424
12784 55073
12785 26400
12786 58144
12787 60200
12788 58113
12789 59169
12790 19233
12791 25377
12792 17160
12793 54057
12794 25377
12795 54048
12796 55080
12797 19232
12798 57129
12799 59168
12800 27488
12801 49976
12802 58144
12803 62248
12804 27425
12805 57121
12806 54065
12807 25408
12808 49953
12809 19232
12810 27424
12811 27392
12812 25377
12813 25368
12814 49928
12815 55089
12816 58113
12817 52008
12818 49952
12819 17256
12820 60161
12821 54056
12822 17152
12823 25344
12824 49953
12825 53793
12826 19201
12827 25384
12828 56096
12829 62241
12830 3616
12831 49952
12832 54057
12833 58144
12834 19201
12835 27425
12836 51976
12837 50976
12838 39713
12839 39713
12840 25440
12841 54057
12842 50976
12843 19233
12844 49952
12845 17185
12846 57120
12847 27425
12848 40737
12849 19248
12850 54049
12851 51856
12852 2577
12853 19344
12854 58217
12855 2592
12856 19240
12857 60161
12858 40737
12859 58145
12860 39456
12861 11040
12862 56096
12863 55856
12864 49961
12865 39728
12866 17184
12867 27432
12868 58112
12869 58144
12870 19240
12871 51744
12872 25344
12873 19232
12874 49960
12875 27425
12876 52064
12877 40745
12878 49960
12879 65312
12880 55840
12881 19208
12882 58144
12883 25440
12884 50977
12885 25376
12886 52000
12887 60192
12888 54048
12889 58176
12890 25345
12891 55840
12892 801
12893 17185
12894 19208
12895 51761
12896 17208
12897 39480
12898 58144
12899 40736
12900 56096
12901 40288
12902 17153
12903 52016
12904 51968
12905 40736
12906 58152
12907 17185
12908 54057
12909 40497
12910 62304
12911 27432
12912 62240
12913 20257
12914 20265
12915 25381
12916 50985
12917 2593
12918 49957
12919 54056
12920 28449
12921 57121
12922 58144
12923 54048
12924 27424
12925 49953
12926 49921
12927 49952
12928 17193
12929 17184
12930 19241
12931 49953
12932 49952
12933 55073
12934 19201
12935 2865
12936 51968
12937 25344
12938 49952
12939 3616
12940 52000
12941 49960
12942 20256
12943 25377
12944 56096
12945 51888
12946 27392
12947 57129
12948 51745
12949 19209
12950 57129
12951 52000
12952 60264
12953 28449
12954 19232
12955 55097
12956 56881
12957 17208
12958 49953
12959 53808
12960 58145
12961 54065
12962 17185
12963 55080
12964 51968
12965 27393
12966 58152
12967 25377
12968 51888
12969 55081
12970 58144
12971 49952
12972 49952
12973 58209
12974 2705
12975 17152
12976 25377
12977 2720
12978 63264
12979 39456
12980 55073
12981 58152
12982 63265
12983 53793
12984 58208
12985 54048
12986 58144
12987 49961
12988 19232
12989 54073
12990 49960
12991 58144
12992 52000
12993 58113
12994 17185
12995 52000
12996 19233
12997 49968
12998 27425
12999 58145
13000 19232
13001 3616
13002 49928
13003 19200
13004 51992
13005 54056
13006 19232
13007 49945
13008 19233
13009 19232
13010 25352
13011 17184
13012 52001
13013 27424
13014 52000
13015 58208
13016 58145
13017 59177
13018 56881
13019 19344
13020 54057
13021 54056
13022 25441
13023 52001
13024 20257
13025 26400
13026 52000
13027 40481
13028 52001
13029 55073
13030 49952
13031 49953
13032 27169
13033 60193
13034 57145
13035 55072
13036 19201
13037 2577
13038 54057
13039 53792
13040 63328
13041 49952
13042 56864
13043 23329
13044 27488
13045 49960
13046 58145
13047 28449
13048 54057
13049 19240
13050 58216
13051 25449
13052 55856
13053 54057
13054 52001
13055 57121
13056 19209
13057 55081
13058 19232
13059 27297
13060 52009
13061 49952
13062 54048
13063 25376
13064 61225
13065 61225
13066 17161
13067 56096
13068 27425
13069 51992
13070 58216
13071 58216
13072 25381
13073 49953
13074 49952
13075 54048
13076 58144
13077 28449
13078 20257
13079 25345
13080 19233
13081 58144
13082 18977
13083 61216
13084 25344
13085 49960
13086 49952
13087 49953
13088 51744
13089 49952
13090 54072
13091 19233
13092 54016
13093 27424
13094 40736
13095 55089
13096 40800
13097 58145
13098 49953
13099 54056
13100 54049
13101 49952
13102 51969
13103 20257
13104 56097
13105 25376
13106 56865
13107 49961
13108 27392
13109 19233
13110 49953
13111 58145
13112 49928
13113 58145
13114 49952
13115 54073
13116 49921
13117 2705
13118 57121
13119 62241
13120 40737
13121 54064
13122 18977
13123 56121
13124 54049
13125 25376
13126 52001
13127 54049
13128 17185
13129 54056
13130 59169
13131 58153
13132 19233
13133 60264
13134 40544
13135 25376
13136 50977
13137 49952
13138 56864
13139 54048
13140 54049
13141 17192
13142 56097
13143 27169
13144 52008
13145 27425
13146 63264
13147 58209
13148 54056
13149 40800
13150 60193
13151 56105
13152 17185
13153 19224
13154 49952
13155 49960
13156 49961
13157 55080
13158 23329
13159 49960
13160 25377
13161 63265
13162 19232
13163 49953
13164 58144
13165 54049
13166 62240
13167 59169
13168 57121
13169 19241
13170 56096
13171 2593
13172 40480
13173 25345
13174 55072
13175 57120
13176 60320
13177 51968
13178 58144
13179 58208
13180 54057
13181 56064
13182 60264
13183 19208
13184 19200
13185 25377
13186 19240
13187 55841
13188 54072
13189 17185
13190 25360
13191 54025
13192 19233
13193 27392
13194 20256
13195 63265
13196 52001
13197 25345
13198 2577
13199 57144
13200 59168
13201 27425
13202 55841
13203 19233
13204 56097
13205 58144
13206 27424
13207 57185
13208 19200
13209 56097
13210 58145
13211 25384
13212 27408
13213 3897
13214 6689
13215 58208
13216 58145
13217 49952
13218 49952
13219 39729
13220 19233
13221 54016
13222 19240
13223 19233
13224 58144
13225 17185
13226 27392
13227 54060
13228 62240
13229 54048
13230 52017
13231 19200
13232 17168
13233 17192
13234 27425
13235 28448
13236 63273
13237 53033
13238 26401
13239 57121
13240 58209
13241 52016
13242 52000
13243 63264
13244 59233
13245 58145
13246 56104
13247 19232
13248 49953
13249 55841
13250 56881
13251 58144
13252 54056
13253 19201
13254 17184
13255 49952
13256 58217
13257 58209
13258 25384
13259 2824
13260 49960
13261 54048
13262 19200
13263 27424
13264 56865
13265 18977
13266 58144
13267 52001
13268 49968
13269 19233
13270 40737
13271 55097
13272 63264
13273 49968
13274 19233
13275 52001
13276 39713
13277 60320
13278 58144
13279 25352
13280 54057
13281 56097
13282 51976
13283 60192
13284 19225
13285 19233
13286 49921
13287 27392
13288 51713
13289 56096
13290 2720
13291 52001
13292 25352
13293 58121
13294 51760
13295 19217
13296 49952
13297 63265
13298 55857
13299 53025
13300 18208
13301 60193
13302 39720
13303 19233
13304 52000
13305 51976
13306 27392
13307 58112
13308 52008
13309 19248
13310 54049
13311 54057
13312 19209
13313 54056
13314 52000
13315 49953
13316 52001
13317 49945
13318 49953
13319 19201
13320 57121
13321 60192
13322 58144
13323 61216
13324 54049
13325 59232
13326 49952
13327 25376
13328 59168
13329 60192
13330 28449
13331 20265
13332 25376
13333 57121
13334 58144
13335 64288
13336 2705
13337 54048
13338 19232
13339 27424
13340 57129
13341 40737
13342 56097
13343 55072
13344 17192
13345 55096
13346 19200
13347 52024
13348 49960
13349 19232
13350 55841
13351 58145
13352 57184
13353 19233
13354 49961
13355 49952
13356 17152
13357 49952
13358 61217
13359 62241
13360 49952
13361 49952
13362 52008
13363 19201
13364 54057
13365 56104
13366 10081
13367 51992
13368 51968
13369 49952
13370 25376
13371 57121
13372 17184
13373 56865
13374 58145
13375 58208
13376 58128
13377 56097
13378 58208
13379 56096
13380 19200
13381 54048
13382 25352
13383 50976
13384 49960
13385 58144
13386 56097
13387 49961
13388 60192
13389 25377
13390 62240
13391 55857
13392 19232
13393 52001
13394 52000
13395 27425
13396 54016
13397 25504
13398 54112
13399 58144
13400 56112
13401 19208
13402 51968
13403 17193
13404 51984
13405 25376
13406 51969
13407 52008
13408 19232
13409 60192
13410 25376
13411 49976
13412 49921
13413 58144
13414 54112
13415 19232
13416 54049
13417 53033
13418 19201
13419 54072
13420 60160
13421 54049
13422 58145
13423 27400
13424 27392
13425 57120
13426 61217
13427 17153
13428 27392
13429 25344
13430 56105
13431 20265
13432 17153
13433 25352
13434 56097
13435 60192
13436 23329
13437 19232
13438 40497
13439 54049
13440 25376
13441 58145
13442 57121
13443 39712
13444 19240
13445 20257
13446 27137
13447 19232
13448 19240
13449 19233
13450 25440
13451 19233
13452 56065
13453 52001
13454 27488
13455 49953
13456 19088
13457 49952
13458 49953
13459 51976
13460 49969
13461 27457
13462 26465
13463 2720
13464 55073
13465 25384
13466 54064
13467 54057
13468 27393
13469 49953
13470 27424
13471 59169
13472 56865
13473 19241
13474 19208
13475 25344
13476 20265
13477 27464
13478 20257
13479 25376
13480 25440
13481 52001
13482 58144
13483 49976
13484 49953
13485 55072
13486 58112
13487 52000
13488 61216
13489 27488
13490 19209
13491 3897
13492 19296
13493 25377
13494 19200
13495 27425
13496 58145
13497 20257
13498 58144
13499 49968
13500 54120
13501 49952
13502 49952
13503 55073
13504 54048
13505 51969
13506 17184
13507 62240
13508 58144
13509 58144
13510 49953
13511 63265
13512 54048
13513 60192
13514 58112
13515 17153
13516 17184
13517 58185
13518 55080
13519 49961
13520 52008
13521 58112
13522 19241
13523 49960
13524 60192
13525 51992
13526 52008
13527 60193
13528 54049
13529 17168
13530 54057
13531 60192
13532 54048
13533 56096
13534 59169
13535 55856
13536 62241
13537 50985
13538 37680
13539 57184
13540 56096
13541 49953
13542 27400
13543 54048
13544 58145
13545 52000
13546 2856
13547 40544
13548 58152
13549 17184
13550 56097
13551 60192
13552 58144
13553 19200
13554 25440
13555 27424
13556 49952
13557 25376
13558 61224
13559 62241
13560 25344
13561 6688
13562 60200
13563 53808
13564 57120
13565 27425
13566 59168
13567 17177
13568 56088
13569 20257
13570 51745
13571 50977
13572 54056
13573 27424
13574 51992
13575 49953
13576 54049
13577 52009
13578 52008
13579 17168
13580 52001
13581 40736
13582 49928
13583 49952
13584 27425
13585 55073
13586 58153
13587 19233
13588 8992
13589 55080
13590 60320
13591 56096
13592 49960
13593 49952
13594 27424
13595 49968
13596 57129
13597 58152
13598 17185
13599 63273
13600 19233
13601 18976
13602 58145
13603 19233
13604 52016
13605 12129
13606 49952
13607 57089
13608 19201
13609 3616
13610 56096
13611 60192
13612 25376
13613 52009
13614 17184
13615 62304
13616 49960
13617 17152
13618 49952
13619 49976
13620 51745
13621 39480
13622 55081
13623 55080
13624 49952
13625 17185
13626 65313
13627 56096
13628 49953
13629 58144
13630 19232
13631 63329
13632 25376
13633 17184
13634 58144
13635 58152
13636 27392
13637 26400
13638 60192
13639 28513
13640 52000
13641 58145
13642 49921
13643 6689
13644 25376
13645 63265
13646 54064
13647 64289
13648 52001
13649 49952
13650 19232
13651 60193
13652 55073
13653 58144
13654 17185
13655 19233
13656 55073
13657 62241
13658 19233
13659 49952
13660 54056
13661 25344
13662 27424
13663 20256
13664 19232
13665 25376
13666 54048
13667 54056
13668 19208
13669 62241
13670 2856
13671 49961
13672 49952
13673 17184
13674 25376
13675 39713
13676 17184
13677 54048
13678 19233
13679 57120
13680 49952
13681 59169
13682 25376
13683 27392
13684 58144
13685 58144
13686 49952
13687 61216
13688 49928
13689 40481
13690 25376
13691 17160
13692 18208
13693 59169
13694 25384
13695 27488
13696 60161
13697 49960
13698 58144
13699 54056
13700 49953
13701 25376
13702 55080
13703 19233
13704 19240
13705 49953
13706 58121
13707 19233
13708 25376
13709 19233
13710 54049
13711 49928
13712 55080
13713 54048
13714 49953
13715 56104
13716 40481
13717 49953
13718 27425
13719 27425
13720 27400
13721 57121
13722 58145
13723 49953
13724 56089
13725 52009
13726 25376
13727 58144
13728 28449
13729 18217
13730 25376
13731 19241
13732 17153
13733 60192
13734 55072
13735 57121
13736 60193
13737 25344
13738 49921
13739 19360
13740 27392
13741 17184
13742 55857
13743 19208
13744 56104
13745 49953
13746 58152
13747 17192
13748 58145
13749 52000
13750 62241
13751 62304
13752 54056
13753 17184
13754 27393
13755 62241
13756 27392
13757 65313
13758 19209
13759 58145
13760 52008
13761 17168
13762 56065
13763 17168
13764 58121
13765 58144
13766 62240
13767 55857
13768 58152
13769 27401
13770 49944
13771 27425
13772 56096
13773 56105
13774 49960
13775 54049
13776 58121
13777 25368
13778 17185
13779 19248
13780 52000
13781 55072
13782 27424
13783 25377
13784 57121
13785 58112
13786 27392
13787 55080
13788 52000
13789 58144
13790 58144
13791 62240
13792 58144
13793 54048
13794 49952
13795 40737
13796 56089
13797 2737
13798 55097
13799 55841
13800 27488
13801 19233
13802 56105
13803 19232
13804 56072
13805 17176
13806 25385
13807 25376
13808 17168
13809 58144
13810 25377
13811 25376
13812 27392
13813 2577
13814 39472
13815 63264
13816 27393
13817 25384
13818 52000
13819 50024
13820 54049
13821 27393
13822 25376
13823 58152
13824 49937
13825 53809
13826 27488
13827 51856
13828 53809
13829 51969
13830 58144
13831 19360
13832 17185
13833 49960
13834 50977
13835 54048
13836 60193
13837 62240
13838 57120
13839 56096
13840 58144
13841 25440
13842 18977
13843 58144
13844 19224
13845 54048
13846 25377
13847 55072
13848 17192
13849 60161
13850 58113
13851 55072
13852 49953
13853 59169
13854 55097
13855 57121
13856 17185
13857 56105
13858 21280
13859 54056
13860 55081
13861 23329
13862 59169
13863 49944
13864 58152
13865 58144
13866 17168
13867 49920
13868 19232
13869 52000
13870 60193
13871 19233
13872 19232
13873 25344
13874 19201
13875 58120
13876 62241
13877 51984
13878 17192
13879 56097
13880 50977
13881 60160
13882 19240
13883 54048
13884 19232
13885 55072
13886 58144
13887 49960
13888 58145
13889 17185
13890 56097
13891 54056
13892 52001
13893 54048
13894 17168
13895 55080
13896 19233
13897 60169
13898 54056
13899 27424
13900 54056
13901 19233
13902 62240
13903 57184
13904 20257
13905 25344
13906 19216
13907 55080
13908 55073
13909 57144
13910 49960
13911 25440
13912 49952
13913 49953
13914 62241
13915 51993
13916 17185
13917 58144
13918 56112
13919 52000
13920 26409
13921 19233
13922 58112
13923 19233
13924 19233
13925 19232
13926 27393
13927 19232
13928 17160
13929 17184
13930 37665
13931 49953
13932 54048
13933 52009
13934 17184
13935 65312
13936 54072
13937 27400
13938 56073
13939 58152
13940 52000
13941 17184
13942 55840
13943 49952
13944 25377
13945 54048
13946 60192
13947 58120
13948 58145
13949 59232
13950 56096
13951 54049
13952 25440
13953 58145
13954 51976
13955 19249
13956 52000
13957 63265
13958 26401
13959 20257
13960 51977
13961 19233
13962 58144
13963 49953
13964 49960
13965 56104
13966 49953
13967 6945
13968 61217
13969 2608
13970 27400
13971 51976
13972 52001
13973 54049
13974 54064
13975 52000
13976 49944
13977 50977
13978 49968
13979 2848
13980 49952
13981 17185
13982 17153
13983 25376
13984 27425
13985 55073
13986 54056
13987 60161
13988 25376
13989 62240
13990 27393
13991 20265
13992 58144
13993 17185
13994 27424
13995 18209
13996 27392
13997 27392
13998 58145
13999 52001
14000 61224
14001 51968
14002 17185
14003 27400
14004 25361
14005 64296
14006 55097
14007 56096
14008 54048
14009 53904
14010 49960
14011 52000
14012 58144
14013 49960
14014 19120
14015 56096
14016 26401
14017 54049
14018 17192
14019 58112
14020 17153
14021 58145
14022 49952
14023 27488
14024 19200
14025 53024
14026 17193
14027 54065
14028 54057
14029 17153
14030 49952
14031 55073
14032 56097
14033 19240
14034 49933
14035 54049
14036 54057
14037 54056
14038 63328
14039 52000
14040 19200
14041 49952
14042 17152
14043 49952
14044 60168
14045 58120
14046 19232
14047 37672
14048 17184
14049 54057
14050 49937
14051 49953
14052 51976
14053 25385
14054 59176
14055 25376
14056 55072
14057 26401
14058 19240
14059 49960
14060 56097
14061 54064
14062 37672
14063 27433
14064 52001
14065 60193
14066 19232
14067 53809
14068 51977
14069 58209
14070 17153
14071 58145
14072 59169
14073 25377
14074 55073
14075 58152
14076 49953
14077 19209
14078 62240
14079 49960
14080 18209
14081 54049
14082 28513
14083 27393
14084 56865
14085 58120
14086 19233
14087 55080
14088 19233
14089 18945
14090 19249
14091 26400
14092 64289
14093 25376
14094 52001
14095 19232
14096 52000
14097 54048
14098 56104
14099 17185
14100 25441
14101 54048
14102 17152
14103 19232
14104 60193
14105 19240
14106 52008
14107 17185
14108 54049
14109 59137
14110 61281
14111 2848
14112 39472
14113 58145
14114 49960
14115 49953
14116 58216
14117 58152
14118 17193
14119 49952
14120 17185
14121 49697
14122 55097
14123 64289
14124 19232
14125 51985
14126 20256
14127 52001
14128 27425
14129 61225
14130 54048
14131 25440
14132 54056
14133 25472
14134 17184
14135 60200
14136 49960
14137 51968
14138 25376
14139 25376
14140 58144
14141 27424
14142 58113
14143 19248
14144 49952
14145 49928
14146 49921
14147 54056
14148 58144
14149 25376
14150 52008
14151 58144
14152 49953
14153 19200
14154 27424
14155 62248
14156 54072
14157 19233
14158 56097
14159 52000
14160 54048
14161 49952
14162 56097
14163 54048
14164 19241
14165 57121
14166 52001
14167 49953
14168 58216
14169 27425
14170 52128
14171 52008
14172 50976
14173 55073
14174 39720
14175 54048
14176 25345
14177 49977
14178 19217
14179 19233
14180 58145
14181 49952
14182 19232
14183 19216
14184 60192
14185 27425
14186 25376
14187 19201
14188 27488
14189 19256
14190 49952
14191 25345
14192 51729
14193 27393
14194 64289
14195 39720
14196 58145
14197 17184
14198 27393
14199 56089
14200 49929
14201 51729
14202 19232
14203 55840
14204 49953
14205 60168
14206 25368
14207 25376
14208 59176
14209 19232
14210 52008
14211 58144
14212 65376
14213 54049
14214 56864
14215 60193
14216 60160
14217 2849
14218 54048
14219 54049
14220 51976
14221 17184
14222 55080
14223 21280
14224 58144
14225 54048
14226 49936
14227 49952
14228 52000
14229 25376
14230 51969
14231 49960
14232 58144
14233 18209
14234 49960
14235 25344
14236 19241
14237 54072
14238 27424
14239 55073
14240 19233
14241 58145
14242 25377
14243 55097
14244 40800
14245 25352
14246 25376
14247 55073
14248 50984
14249 49953
14250 54048
14251 54048
14252 62241
14253 49953
14254 58145
14255 27401
14256 55073
14257 64289
14258 62241
14259 56113
14260 19240
14261 58144
14262 52001
14263 26145
14264 57184
14265 27488
14266 49960
14267 39481
14268 61280
14269 56112
14270 58216
14271 17184
14272 49953
14273 52000
14274 18209
14275 2704
14276 58209
14277 49953
14278 2737
14279 49936
14280 19200
14281 40744
14282 54048
14283 52009
14284 20257
14285 17184
14286 53025
14287 17200
14288 52009
14289 54057
14290 52000
14291 58152
14292 53792
14293 58145
14294 58153
14295 49952
14296 64296
14297 49928
14298 52024
14299 55841
14300 53033
14301 54025
14302 60192
14303 51968
14304 55081
14305 52000
14306 17192
14307 19233
14308 57129
14309 27425
14310 54064
14311 17160
14312 62240
14313 27392
14314 56088
14315 49929
14316 51969
14317 62240
14318 49960
14319 49960
14320 56104
14321 49928
14322 25376
14323 27424
14324 54049
14325 52001
14326 55072
14327 52001
14328 58144
14329 58144
14330 19232
14331 56097
14332 62241
14333 54049
14334 62241
14335 55073
14336 62249
14337 49952
14338 27425
14339 27393
14340 55073
14341 54048
14342 56105
14343 49944
14344 60192
14345 54024
14346 19200
14347 60160
14348 27424
14349 49960
14350 25376
14351 59168
14352 58113
14353 62240
14354 25376
14355 52001
14356 40744
14357 58153
14358 19240
14359 19233
14360 17168
14361 57121
14362 2592
14363 52993
14364 54049
14365 27457
14366 56097
14367 63264
14368 17184
14369 55825
14370 19233
14371 56097
14372 19233
14373 19200
14374 52000
14375 40745
14376 57120
14377 54057
14378 25441
14379 52001
14380 57120
14381 51968
14382 19241
14383 58152
14384 54056
14385 52017
14386 55072
14387 55073
14388 55073
14389 25377
14390 58144
14391 18993
14392 28449
14393 57121
14394 52008
14395 49953
14396 58144
14397 54060
14398 25377
14399 58152
14400 60264
14401 54040
14402 56864
14403 17185
14404 28449
14405 19200
14406 60192
14407 64288
14408 54056
14409 27393
14410 49953
14411 801
14412 55081
14413 27393
14414 52064
14415 62240
14416 49952
14417 56112
14418 54049
14419 27393
14420 57121
14421 57128
14422 51968
14423 51984
14424 49960
14425 56072
14426 58217
14427 58184
14428 49969
14429 28449
14430 49953
14431 54057
14432 52001
14433 25377
14434 54049
14435 56097
14436 27433
14437 57120
14438 62240
14439 54049
14440 60200
14441 27425
14442 60193
14443 27392
14444 49960
14445 51968
14446 61281
14447 53025
14448 58145
14449 54057
14450 62240
14451 59169
14452 52000
14453 55073
14454 60257
14455 25376
14456 58144
14457 49953
14458 63265
14459 56097
14460 60193
14461 19208
14462 53024
14463 27425
14464 8992
14465 58112
14466 35616
14467 39480
14468 49968
14469 52000
14470 56097
14471 54060
14472 49952
14473 56064
14474 2737
14475 25344
14476 63272
14477 19208
14478 19201
14479 19200
14480 54048
14481 52001
14482 17208
14483 17168
14484 57121
14485 58145
14486 27433
14487 57184
14488 55072
14489 2833
14490 27432
14491 49945
14492 25376
14493 52000
14494 25441
14495 25376
14496 19201
14497 20257
14498 17185
14499 58144
14500 25376
14501 52001
14502 59169
14503 49961
14504 19201
14505 56097
14506 25376
14507 52001
14508 58136
14509 52008
14510 27425
14511 58152
14512 64289
14513 55072
14514 23337
14515 25384
14516 62240
14517 57120
14518 49952
14519 19233
14520 49960
14521 52008
14522 27433
14523 58112
14524 37672
14525 27424
14526 25384
14527 58120
14528 25376
14529 54048
14530 51969
14531 54040
14532 53809
14533 61217
14534 26401
14535 26401
14536 49953
14537 58152
14538 49953
14539 27425
14540 54048
14541 54064
14542 60161
14543 56120
14544 51761
14545 58144
14546 52001
14547 17168
14548 54049
14549 54049
14550 19224
14551 18993
14552 55824
14553 62248
14554 56096
14555 27425
14556 49953
14557 58144
14558 25384
14559 20256
14560 54065
14561 19120
14562 17152
14563 27400
14564 49953
14565 55073
14566 17184
14567 27297
14568 58112
14569 58112
14570 59169
14571 58152
14572 27424
14573 17152
14574 54048
14575 58152
14576 49952
14577 27433
14578 55089
14579 17176
14580 25376
14581 27425
14582 17192
14583 17185
14584 52000
14585 49960
14586 3897
14587 25376
14588 49953
14589 27425
14590 54064
14591 25376
14592 61224
14593 17184
14594 25377
14595 19232
14596 17192
14597 25344
14598 59169
14599 58209
14600 37664
14601 62241
14602 58145
14603 58144
14604 55081
14605 20257
14606 25376
14607 52000
14608 54048
14609 17161
14610 49961
14611 49952
14612 26401
14613 55080
14614 58145
14615 19208
14616 27400
14617 49960
14618 49968
14619 52009
14620 49960
14621 58216
14622 63265
14623 50984
14624 60192
14625 17192
14626 19240
14627 58112
14628 55073
14629 49953
14630 49961
14631 55072
14632 52008
14633 59176
14634 27488
14635 54057
14636 60193
14637 58144
14638 17184
14639 53024
14640 19208
14641 56064
14642 17192
14643 54049
14644 19201
14645 55089
14646 25384
14647 27392
14648 56865
14649 62240
14650 25377
14651 52008
14652 25353
14653 61217
14654 19088
14655 58145
14656 49960
14657 58145
14658 25344
14659 49952
14660 49952
14661 25384
14662 54056
14663 49953
14664 25377
14665 54049
14666 49961
14667 49952
14668 56105
14669 58145
14670 27401
14671 18961
14672 25377
14673 52000
14674 58145
14675 55081
14676 53025
14677 58136
14678 58120
14679 49952
14680 54040
14681 55856
14682 49952
14683 27425
14684 17185
14685 19241
14686 62304
14687 27393
14688 51993
14689 25384
14690 49961
14691 55073
14692 19240
14693 52000
14694 26401
14695 25377
14696 51744
14697 58145
14698 62240
14699 25440
14700 62241
14701 60192
14702 54049
14703 50024
14704 26465
14705 55073
14706 49953
14707 19201
14708 49952
14709 49960
14710 17152
14711 49936
14712 54049
14713 19233
14714 49960
14715 19232
14716 56096
14717 51993
14718 54049
14719 17184
14720 58144
14721 54048
14722 49952
14723 17161
14724 19360
14725 19232
14726 19233
14727 55081
14728 25352
14729 49953
14730 54016
14731 58145
14732 27424
14733 55840
14734 49952
14735 58152
14736 19233
14737 58272
14738 58145
14739 49960
14740 63273
14741 17168
14742 27393
14743 54056
14744 27552
14745 28449
14746 58145
14747 27400
14748 39713
14749 58144
14750 57121
14751 58272
14752 52001
14753 17184
14754 49936
14755 49957
14756 19232
14757 53025
14758 63265
14759 18216
14760 59168
14761 27392
14762 25377
14763 56097
14764 58120
14765 52009
14766 58209
14767 20257
14768 27393
14769 54049
14770 27432
14771 60257
14772 63272
14773 27424
14774 56097
14775 52000
14776 57121
14777 64288
14778 58152
14779 51968
14780 54057
14781 50977
14782 62305
14783 58152
14784 27433
14785 58144
14786 49968
14787 54048
14788 17152
14789 17184
14790 58209
14791 17192
14792 25376
14793 19201
14794 49960
14795 25344
14796 25344
14797 58144
14798 27424
14799 58144
14800 55080
14801 54065
14802 58144
14803 26409
14804 49960
14805 60193
14806 17185
14807 19232
14808 51856
14809 25376
14810 17184
14811 52001
14812 49960
14813 52000
14814 25345
14815 2833
14816 59168
14817 55072
14818 49952
14819 54057
14820 19208
14821 49952
14822 40800
14823 56096
14824 54049
14825 19233
14826 17160
14827 19208
14828 56097
14829 27425
14830 28417
14831 27425
14832 58144
14833 19200
14834 27408
14835 49920
14836 62241
14837 28449
14838 17185
14839 50985
14840 51744
14841 25376
14842 51969
14843 27393
14844 58144
14845 59169
14846 60161
14847 49953
14848 27425
14849 52009
14850 58136
14851 49952
14852 56097
14853 55072
14854 27392
14855 63265
14856 52001
14857 52000
14858 49952
14859 25384
14860 60161
14861 27424
14862 54048
14863 55073
14864 62240
14865 52001
14866 25376
14867 25376
14868 52009
14869 49961
14870 54057
14871 17192
14872 19217
14873 19240
14874 58145
14875 58145
14876 27393
14877 53793
14878 25376
14879 54056
14880 57121
14881 58144
14882 17168
14883 27425
14884 55072
14885 52000
14886 17152
14887 49952
14888 55081
14889 54049
14890 55081
14891 49920
14892 19201
14893 25377
14894 49952
14895 62240
14896 54048
14897 54049
14898 58144
14899 54049
14900 25345
14901 27425
14902 49952
14903 56096
14904 58112
14905 52001
14906 49920
14907 60193
14908 49952
14909 25344
14910 25376
14911 49952
14912 54072
14913 17184
14914 55073
14915 49953
14916 59168
14917 17184
14918 55073
14919 27424
14920 49960
14921 25376
14922 54048
14923 19200
14924 49953
14925 17176
14926 49952
14927 62248
14928 17184
14929 27393
14930 51976
14931 63329
14932 19201
14933 58144
14934 25376
14935 52001
14936 19240
14937 52064
14938 17184
14939 27424
14940 17184
14941 61217
14942 27488
14943 49960
14944 40737
14945 25377
14946 27400
14947 58145
14948 49953
14949 25376
14950 19200
14951 19209
14952 49953
14953 27425
14954 19240
14955 58145
14956 55080
14957 19232
14958 22305
14959 58112
14960 49952
14961 19233
14962 53025
14963 27488
14964 54049
14965 62241
14966 58144
14967 27408
14968 51985
14969 56096
14970 49961
14971 58112
14972 58144
14973 52000
14974 62240
14975 56096
14976 19233
14977 27425
14978 63265
14979 53793
14980 27424
14981 53024
14982 64296
14983 55856
14984 27393
14985 60257
14986 39456
14987 54056
14988 49952
14989 19201
14990 60193
14991 19232
14992 19201
14993 62305
14994 52000
14995 17184
14996 55825
14997 40481
14998 19224
14999 25441
15000 27393
15001 27408
15002 25376
15003 3897
15004 52000
15005 60192
15006 55081
15007 54049
15008 25377
15009 51984
15010 19233
15011 25352
15012 49937
15013 59176
15014 49952
15015 59169
15016 56096
15017 49953
15018 63265
15019 19232
15020 58145
15021 55080
15022 60193
15023 49952
15024 49952
15025 54064
15026 19240
15027 49952
15028 49921
15029 60192
15030 25376
15031 62249
15032 19241
15033 19216
15034 49961
15035 58145
15036 19232
15037 52000
15038 51976
15039 51984
15040 27392
15041 27432
15042 17184
15043 54048
15044 60192
15045 58112
15046 27425
15047 26369
15048 54049
15049 54049
15050 19201
15051 21280
15052 54056
15053 18217
15054 57128
15055 51968
15056 27393
15057 25377
15058 58144
15059 55073
15060 19200
15061 64289
15062 62240
15063 27425
15064 58145
15065 58144
15066 27393
15067 60161
15068 28457
15069 27425
15070 58144
15071 58208
15072 25384
15073 55073
15074 28449
15075 52000
15076 55081
15077 27425
15078 25376
15079 19232
15080 27489
15081 40737
15082 56097
15083 2593
15084 56097
15085 51968
15086 64289
15087 39472
15088 51968
15089 17184
15090 54016
15091 27432
15092 52001
15093 56881
15094 58145
15095 25376
15096 51969
15097 25376
15098 58145
15099 27425
15100 51992
15101 49976
15102 17185
15103 2720
15104 17184
15105 25376
15106 18977
15107 60161
15108 57129
15109 54056
15110 25376
15111 55073
15112 19241
15113 17184
15114 53024
15115 22305
15116 55073
15117 58145
15118 56065
15119 58145
15120 49953
15121 49697
15122 52064
15123 65321
15124 63265
15125 58112
15126 28449
15127 52025
15128 58153
15129 27425
15130 58152
15131 54056
15132 49953
15133 27400
15134 60168
15135 19240
15136 25376
15137 19232
15138 25376
15139 54048
15140 54064
15141 51969
15142 49952
15143 58145
15144 19201
15145 52000
15146 59168
15147 19200
15148 60256
15149 56096
15150 19232
15151 60160
15152 54072
15153 57121
15154 25368
15155 63273
15156 52000
15157 17152
15158 17152
15159 25345
15160 52000
15161 19240
15162 49953
15163 25376
15164 27424
15165 17185
15166 55840
15167 19208
15168 57129
15169 49921
15170 49953
15171 19200
15172 52009
15173 57121
15174 19240
15175 40800
15176 801
15177 51745
15178 19208
15179 61224
15180 54072
15181 56097
15182 49952
15183 57121
15184 52000
15185 27433
15186 54048
15187 58152
15188 60192
15189 55073
15190 39480
15191 25440
15192 54049
15193 26401
15194 58144
15195 61217
15196 56097
15197 54049
15198 55841
15199 17184
15200 54061
15201 2720
15202 27393
15203 37672
15204 37664
15205 52000
15206 56064
15207 52008
15208 55073
15209 58144
15210 2705
15211 25344
15212 52001
15213 49952
15214 25377
15215 54064
15216 3897
15217 27424
15218 25376
15219 19200
15220 39712
15221 49968
15222 56104
15223 25384
15224 65313
15225 49952
15226 54072
15227 52000
15228 19241
15229 27393
15230 54056
15231 60256
15232 58144
15233 49921
15234 17256
15235 60161
15236 18208
15237 53024
15238 27424
15239 27392
15240 60160
15241 55073
15242 25377
15243 49953
15244 60193
15245 19233
15246 54065
15247 27424
15248 27424
15249 27424
15250 27393
15251 60192
15252 61217
15253 49953
15254 19241
15255 49961
15256 52000
15257 27433
15258 19360
15259 17192
15260 60193
15261 52008
15262 54048
15263 58144
15264 19232
15265 49952
15266 58209
15267 28448
15268 58144
15269 56088
15270 56096
15271 58216
15272 27400
15273 61216
15274 50016
15275 58153
15276 17160
15277 49960
15278 60193
15279 17248
15280 57137
15281 49960
15282 52001
15283 17185
15284 25377
15285 58144
15286 49952
15287 52001
15288 27425
15289 25384
15290 27393
15291 49952
15292 54048
15293 40760
15294 64289
15295 53809
15296 17185
15297 25344
15298 54048
15299 25376
15300 54056
15301 19240
15302 54049
15303 57121
15304 17189
15305 19248
15306 25441
15307 17184
15308 54056
15309 57129
15310 49952
15311 27489
15312 60192
15313 19200
15314 19200
15315 54056
15316 18209
15317 27424
15318 25376
15319 58144
15320 54048
15321 19232
15322 19232
15323 17192
15324 28449
15325 54056
15326 54056
15327 27489
15328 19232
15329 60193
15330 54072
15331 49952
15332 52001
15333 63272
15334 17176
15335 17185
15336 56105
15337 19232
15338 52000
15339 25353
15340 49952
15341 17152
15342 26408
15343 49961
15344 61217
15345 49953
15346 56097
15347 54049
15348 27425
15349 19200
15350 27392
15351 25345
15352 51744
15353 54072
15354 19200
15355 19232
15356 26401
15357 63265
15358 62241
15359 19233
15360 56096
15361 49952
15362 60192
15363 25385
15364 54053
15365 58145
15366 20257
15367 51976
15368 50976
15369 58144
15370 59169
15371 60193
15372 49952
15373 49928
15374 54048
15375 58145
15376 52008
15377 27424
15378 52001
15379 51993
15380 25376
15381 17184
15382 27432
15383 49952
15384 55080
15385 54064
15386 54064
15387 27392
15388 17189
15389 19233
15390 49960
15391 27392
15392 49929
15393 60192
15394 54056
15395 17153
15396 52008
15397 50976
15398 58145
15399 54016
15400 27425
15401 50977
15402 54048
15403 59137
15404 28513
15405 62241
15406 17161
15407 60200
15408 49960
15409 27393
15410 58145
15411 27424
15412 52000
15413 58144
15414 17168
15415 60193
15416 49952
15417 27425
15418 62240
15419 61217
15420 54056
15421 55840
15422 58152
15423 51993
15424 57121
15425 49953
15426 62241
15427 59232
15428 52993
15429 25376
15430 19240
15431 59169
15432 19088
15433 17185
15434 58145
15435 51969
15436 2720
15437 49944
15438 63273
15439 8992
15440 54056
15441 65320
15442 27424
15443 27392
15444 54049
15445 17185
15446 27393
15447 54072
15448 58144
15449 54048
15450 17185
15451 49944
15452 51728
15453 54057
15454 60200
15455 54065
15456 40480
15457 54112
15458 55073
15459 54060
15460 17168
15461 58144
15462 56104
15463 58145
15464 27392
15465 17184
15466 53032
15467 25376
15468 58145
15469 54057
15470 58112
15471 64288
15472 52008
15473 55073
15474 49952
15475 59177
15476 58144
15477 49960
15478 19233
15479 25377
15480 49953
15481 58144
15482 59169
15483 27424
15484 56081
15485 56072
15486 52001
15487 52000
15488 27424
15489 19209
15490 59168
15491 25384
15492 58144
15493 53024
15494 53024
15495 28449
15496 25384
15497 17152
15498 57128
15499 17184
15500 50985
15501 19233
15502 27393
15503 53025
15504 49953
15505 53033
15506 27457
15507 19232
15508 17184
15509 54049
15510 49960
15511 49952
15512 17152
15513 17256
15514 25344
15515 54056
15516 58144
15517 54033
15518 19201
15519 54048
15520 49953
15521 25449
15522 54032
15523 27392
15524 51744
15525 58144
15526 63265
15527 27424
15528 52000
15529 19233
15530 60192
15531 54048
15532 55073
15533 59169
15534 55825
15535 55841
15536 56064
15537 19208
15538 58152
15539 52000
15540 28457
15541 19200
15542 17184
15543 17153
15544 57128
15545 27393
15546 28193
15547 20257
15548 58144
15549 58144
15550 51977
15551 58145
15552 49952
15553 58145
15554 49945
15555 58144
15556 28193
15557 27425
15558 17168
15559 3897
15560 60160
15561 19241
15562 19232
15563 49952
15564 49953
15565 49953
15566 50976
15567 25377
15568 49952
15569 58152
15570 25344
15571 50984
15572 58144
15573 54040
15574 51969
15575 58145
15576 54056
15577 25376
15578 49953
15579 19200
15580 58113
15581 27425
15582 54049
15583 58144
15584 57120
15585 58144
15586 27456
15587 55073
15588 17184
15589 54057
15590 49953
15591 58144
15592 60201
15593 49953
15594 27424
15595 21288
15596 23329
15597 59168
15598 58112
15599 61217
15600 49968
15601 60192
15602 52008
15603 58152
15604 64289
15605 62240
15606 54056
15607 60192
15608 19233
15609 58144
15610 58112
15611 18208
15612 49937
15613 26464
15614 49952
15615 17185
15616 58152
15617 19233
15618 49953
15619 19232
15620 25360
15621 58144
15622 52000
15623 49952
15624 19232
15625 27432
15626 25377
15627 62241
15628 53793
15629 8992
15630 49928
15631 17192
15632 17184
15633 49953
15634 27401
15635 19240
15636 17184
15637 17185
15638 27393
15639 38712
15640 51969
15641 54056
15642 49952
15643 17184
15644 54056
15645 62217
15646 58144
15647 58144
15648 62312
15649 49961
15650 28449
15651 54057
15652 25377
15653 49936
15654 56105
15655 54057
15656 55857
15657 54056
15658 52000
15659 49952
15660 56865
15661 19208
15662 58145
15663 27424
15664 25377
15665 51968
15666 25377
15667 50984
15668 55073
15669 19232
15670 25344
15671 58144
15672 27401
15673 54072
15674 17185
15675 56097
15676 62248
15677 58112
15678 25376
15679 49953
15680 19240
15681 25384
15682 25377
15683 59169
15684 19233
15685 58144
15686 49953
15687 25377
15688 17184
15689 22305
15690 25344
15691 17184
15692 58112
15693 25345
15694 49952
15695 54048
15696 60201
15697 27433
15698 17184
15699 60193
15700 51992
15701 62240
15702 19200
15703 49952
15704 26401
15705 17184
15706 54049
15707 58145
15708 2848
15709 61216
15710 17184
15711 17193
15712 17185
15713 17177
15714 49953
15715 37665
15716 49953
15717 58145
15718 58112
15719 58120
15720 54065
15721 54056
15722 58208
15723 60193
15724 25376
15725 52001
15726 58120
15727 58145
15728 27424
15729 50976
15730 49944
15731 51976
15732 17184
15733 54112
15734 59168
15735 49952
15736 62304
15737 28449
15738 27425
15739 54049
15740 17168
15741 27425
15742 19232
15743 25376
15744 63328
15745 58144
15746 58152
15747 52016
15748 27425
15749 17192
15750 54056
15751 28457
15752 25384
15753 55096
15754 25376
15755 21288
15756 60160
15757 55072
15758 27432
15759 49952
15760 25384
15761 59233
15762 58145
15763 25344
15764 56112
15765 56096
15766 57120
15767 55080
15768 18217
15769 58152
15770 61225
15771 52001
15772 18209
15773 54060
15774 27425
15775 17152
15776 53025
15777 54064
15778 19216
15779 39713
15780 64289
15781 49920
15782 55072
15783 54049
15784 19232
15785 54057
15786 55073
15787 55072
15788 52024
15789 49960
15790 49968
15791 60193
15792 56104
15793 49960
15794 59168
15795 49952
15796 49945
15797 51969
15798 55089
15799 52008
15800 27424
15801 53793
15802 17184
15803 25377
15804 17153
15805 54057
15806 58144
15807 54049
15808 17168
15809 58112
15810 58145
15811 56097
15812 52008
15813 27424
15814 19233
15815 17185
15816 58209
15817 58113
15818 54072
15819 49960
15820 17184
15821 54048
15822 50977
15823 17184
15824 18217
15825 17185
15826 27424
15827 56121
15828 49953
15829 49928
15830 54065
15831 52008
15832 55073
15833 62248
15834 17184
15835 27400
15836 55081
15837 58145
15838 49968
15839 17185
15840 58120
15841 60192
15842 54072
15843 17192
15844 58145
15845 49952
15846 56097
15847 54072
15848 54049
15849 60257
15850 60169
15851 52009
15852 49921
15853 54049
15854 54056
15855 54056
15856 58144
15857 63329
15858 53025
15859 27488
15860 25384
15861 60200
15862 50977
15863 54048
15864 25345
15865 56104
15866 50984
15867 58144
15868 49952
15869 53025
15870 54049
15871 63272
15872 52008
15873 25345
15874 62241
15875 21281
15876 54049
15877 49960
15878 60192
15879 54056
15880 51977
15881 49961
15882 52001
15883 6689
15884 49952
15885 28449
15886 52000
15887 27393
15888 58144
15889 27425
15890 19232
15891 58209
15892 25385
15893 19232
15894 52008
15895 52009
15896 49953
15897 49697
15898 20257
15899 19201
15900 28448
15901 49952
15902 19201
15903 58144
15904 18961
15905 54073
15906 25376
15907 27297
15908 52008
15909 49960
15910 57121
15911 58145
15912 56928
15913 52128
15914 55080
15915 63265
15916 56097
15917 52000
15918 52000
15919 52000
15920 58120
15921 58113
15922 57128
15923 58144
15924 52008
15925 3897
15926 49952
15927 53025
15928 19232
15929 58144
15930 25376
15931 25377
15932 63264
15933 49953
15934 54049
15935 52000
15936 27401
15937 58145
15938 54048
15939 58152
15940 25416
15941 25377
15942 25376
15943 25352
15944 55081
15945 52000
15946 17161
15947 58112
15948 58144
15949 25376
15950 54056
15951 19201
15952 19232
15953 53025
15954 55081
15955 19232
15956 25385
15957 53808
15958 20264
15959 62248
15960 50976
15961 19233
15962 54048
15963 49928
15964 19240
15965 53808
15966 59169
15967 49952
15968 55081
15969 54040
15970 25376
15971 49952
15972 25376
15973 19216
15974 25377
15975 27425
15976 28448
15977 19233
15978 54048
15979 3873
15980 51968
15981 60200
15982 62240
15983 56096
15984 58152
15985 25376
15986 25440
15987 52001
15988 60192
15989 63272
15990 51977
15991 54056
15992 26401
15993 54048
15994 26369
15995 51968
15996 51985
15997 54048
15998 19232
15999 58144
16000 28513
16001 19200
16002 49961
16003 2849
16004 21281
16005 62240
16006 58145
16007 25376
16008 62240
16009 49929
16010 62312
16011 58120
16012 28449
16013 58145
16014 2849
16015 49953
16016 25377
16017 55073
16018 58144
16019 54048
16020 58144
16021 62240
16022 27393
16023 58145
16024 49952
16025 60193
16026 51968
16027 19200
16028 27392
16029 58121
16030 54049
16031 27393
16032 19225
16033 49920
16034 52001
16035 52001
16036 54049
16037 58145
16038 28457
16039 25344
16040 49936
16041 61217
16042 27169
16043 63265
16044 19232
16045 65313
16046 39713
16047 49960
16048 62248
16049 52000
16050 51761
16051 25344
16052 17184
16053 17184
16054 17185
16055 25360
16056 55096
16057 17184
16058 39473
16059 25344
16060 58152
16061 49921
16062 19201
16063 3616
16064 19200
16065 25376
16066 52008
16067 25440
16068 17176
16069 25345
16070 27424
16071 49929
16072 19248
16073 26400
16074 58145
16075 49952
16076 52001
16077 59169
16078 17189
16079 17185
16080 17184
16081 58216
16082 54049
16083 49961
16084 49969
16085 27393
16086 19232
16087 52001
16088 58144
16089 55073
16090 58152
16091 58144
16092 54056
16093 54056
16094 25440
16095 49952
16096 51968
16097 19200
16098 59169
16099 52000
16100 19232
16101 19216
16102 65313
16103 54049
16104 49952
16105 19240
16106 58144
16107 54049
16108 17184
16109 50976
16110 56105
16111 58120
16112 49953
16113 56096
16114 58144
16115 49960
16116 58145
16117 25440
16118 17153
16119 58144
16120 65321
16121 52000
16122 54056
16123 19201
16124 26401
16125 63273
16126 56105
16127 49952
16128 62240
16129 17185
16130 27425
16131 19224
16132 59169
16133 54057
16134 60192
16135 54064
16136 36640
16137 55073
16138 27392
16139 55072
16140 54057
16141 59177
16142 22305
16143 63265
16144 58145
16145 19232
16146 56929
16147 51992
16148 19233
16149 60192
16150 19240
16151 57121
16152 54048
16153 58145
16154 19201
16155 52000
16156 55073
16157 39472
16158 58217
16159 2704
16160 54072
16161 28417
16162 17184
16163 57120
16164 59232
16165 49968
16166 49921
16167 19200
16168 39720
16169 19217
16170 55080
16171 51984
16172 58144
16173 54061
16174 19232
16175 49976
16176 54048
16177 19233
16178 25353
16179 55073
16180 57120
16181 49953
16182 54073
16183 54056
16184 56097
16185 54064
16186 25376
16187 54048
16188 50977
16189 56097
16190 49952
16191 61217
16192 25377
16193 49944
16194 58208
16195 56113
16196 61217
16197 27424
16198 51969
16199 51984
16200 62240
16201 49961
16202 54056
16203 17189
16204 25377
16205 58144
16206 19233
16207 54057
16208 19200
16209 25384
16210 49968
16211 49952
16212 39473
16213 49960
16214 54048
16215 25377
16216 25376
16217 20257
16218 53025
16219 65376
16220 57120
16221 27393
16222 58144
16223 18208
16224 60192
16225 56160
16226 26409
16227 49952
16228 54048
16229 52000
16230 57128
16231 49968
16232 17153
16233 49976
16234 25376
16235 54056
16236 55081
16237 59168
16238 63273
16239 27393
16240 23337
16241 60169
16242 49960
16243 37672
16244 17185
16245 54053
16246 40481
16247 17185
16248 58145
16249 60193
16250 62248
16251 52000
16252 58144
16253 59169
16254 27425
16255 28448
16256 54057
16257 25408
16258 56097
16259 19208
16260 21281
16261 28448
16262 19233
16263 28457
16264 50976
16265 57128
16266 17192
16267 19233
16268 25376
16269 19241
16270 54024
16271 19232
16272 17192
16273 49960
16274 51976
16275 57120
16276 25344
16277 55856
16278 55080
16279 58208
16280 25376
16281 52000
16282 63264
16283 54048
16284 6688
16285 56097
16286 19233
16287 59233
16288 2720
16289 52000
16290 19233
16291 17192
16292 61217
16293 58145
16294 28448
16295 2720
16296 27425
16297 52000
16298 49952
16299 19232
16300 58144
16301 56097
16302 51969
16303 19233
16304 25344
16305 19200
16306 60256
16307 58217
16308 19233
16309 56097
16310 54049
16311 40480
16312 58152
16313 56096
16314 19201
16315 58145
16316 49944
16317 51976
16318 27393
16319 49960
16320 54056
16321 19233
16322 54048
16323 39721
16324 52001
16325 54049
16326 58144
16327 58144
16328 54057
16329 54048
16330 49952
16331 27393
16332 54048
16333 54057
16334 51968
16335 21288
16336 49957
16337 25352
16338 54056
16339 55081
16340 25376
16341 60193
16342 27425
16343 17185
16344 58145
16345 56097
16346 25384
16347 17184
16348 56096
16349 49952
16350 63265
16351 17184
16352 49952
16353 58145
16354 19240
16355 25344
16356 58208
16357 29473
16358 58144
16359 19240
16360 17185
16361 17184
16362 49937
16363 60192
16364 54056
16365 59168
16366 54048
16367 49952
16368 19233
16369 27393
16370 54072
16371 54024
16372 49953
16373 54048
16374 27392
16375 19200
16376 54056
16377 21281
16378 58145
16379 19233
16380 58145
16381 58145
16382 17152
16383 50984
16384 25448
16385 51713
16386 54057
16387 58208
16388 58144
16389 49952
16390 51985
16391 53025
16392 54060
16393 25376
16394 57121
16395 54072
16396 19240
16397 58152
16398 52000
16399 17184
16400 49952
16401 27401
16402 27456
16403 19232
16404 17185
16405 49952
16406 49952
16407 17184
16408 61224
16409 52000
16410 27425
16411 2848
16412 60193
16413 2720
16414 17192
16415 49953
16416 51985
16417 54049
16418 25376
16419 62312
16420 62241
16421 17160
16422 53777
16423 58144
16424 27425
16425 19232
16426 25377
16427 58208
16428 19233
16429 54056
16430 49936
16431 17184
16432 62305
16433 59169
16434 17176
16435 25376
16436 55072
16437 54056
16438 17184
16439 52000
16440 58145
16441 58144
16442 58208
16443 56089
16444 17185
16445 53025
16446 19233
16447 19208
16448 49953
16449 54056
16450 58144
16451 56105
16452 51968
16453 52000
16454 25376
16455 56089
16456 54072
16457 25377
16458 52001
16459 52008
16460 49928
16461 27392
16462 27393
16463 49953
16464 27425
16465 54049
16466 52000
16467 27488
16468 58145
16469 19240
16470 19233
16471 27488
16472 17184
16473 55073
16474 40737
16475 58144
16476 49936
16477 54048
16478 63265
16479 54049
16480 19233
16481 19201
16482 19232
16483 25376
16484 59169
16485 25368
16486 25384
16487 52008
16488 58144
16489 54056
16490 54056
16491 17152
16492 19233
16493 54048
16494 61216
16495 25377
16496 60200
16497 49960
16498 58152
16499 59177
16500 58209
16501 54049
16502 54048
16503 25345
16504 63265
16505 27409
16506 25377
16507 58112
16508 28448
16509 58144
16510 55073
16511 40737
16512 58144
16513 54056
16514 25376
16515 26401
16516 17153
16517 22305
16518 51968
16519 49968
16520 2720
16521 17192
16522 55073
16523 27425
16524 52008
16525 58144
16526 25376
16527 49953
16528 54056
16529 59168
16530 49968
16531 17184
16532 54048
16533 19240
16534 25376
16535 25377
16536 19232
16537 55080
16538 49960
16539 25376
16540 49952
16541 25384
16542 25376
16543 58145
16544 11040
16545 54048
16546 58208
16547 58144
16548 53024
16549 19232
16550 58144
16551 54064
16552 27424
16553 60192
16554 54049
16555 49953
16556 54056
16557 49952
16558 19209
16559 19233
16560 19232
16561 19233
16562 54048
16563 60192
16564 19200
16565 25377
16566 62240
16567 54048
16568 25408
16569 52001
16570 60256
16571 60192
16572 57128
16573 49960
16574 19233
16575 56064
16576 54017
16577 59137
16578 40480
16579 18209
16580 62241
16581 58121
16582 56104
16583 59169
16584 54056
16585 17185
16586 52009
16587 55073
16588 49961
16589 55081
16590 27425
16591 59169
16592 58144
16593 39712
16594 54056
16595 17185
16596 40736
16597 58144
16598 25449
16599 17193
16600 49952
16601 27392
16602 19233
16603 52008
16604 61216
16605 17169
16606 58145
16607 49953
16608 58145
16609 52001
16610 54056
16611 19233
16612 25376
16613 58208
16614 25377
16615 25376
16616 19233
16617 54048
16618 52000
16619 52000
16620 17192
16621 52000
16622 63273
16623 49960
16624 19241
16625 28417
16626 19232
16627 62305
16628 54048
16629 25345
16630 54056
16631 49952
16632 55841
16633 25376
16634 52008
16635 63264
16636 52000
16637 25344
16638 2720
16639 54065
16640 55857
16641 49960
16642 58152
16643 58144
16644 54112
16645 49953
16646 53025
16647 27392
16648 25377
16649 62248
16650 19233
16651 55072
16652 49976
16653 52009
16654 60192
16655 28457
16656 25385
16657 17184
16658 27424
16659 25441
16660 55857
16661 52000
16662 19224
16663 27424
16664 52000
16665 49953
16666 27424
16667 27488
16668 58144
16669 58145
16670 58145
16671 49921
16672 17185
16673 54049
16674 25440
16675 17184
16676 58112
16677 57121
16678 19233
16679 49968
16680 49968
16681 63329
16682 54048
16683 19201
16684 52000
16685 58145
16686 17160
16687 54057
16688 25376
16689 60193
16690 27425
16691 27425
16692 25385
16693 19233
16694 52000
16695 58145
16696 19241
16697 19232
16698 63272
16699 19240
16700 25377
16701 25376
16702 25377
16703 49953
16704 27425
16705 52008
16706 19233
16707 27424
16708 25384
16709 52009
16710 63264
16711 19233
16712 55080
16713 49952
16714 54057
16715 25345
16716 19232
16717 59177
16718 52001
16719 54049
16720 58144
16721 60193
16722 52001
16723 19233
16724 54049
16725 58144
16726 17160
16727 62240
16728 59176
16729 58144
16730 58136
16731 19216
16732 58112
16733 62305
16734 49920
16735 25440
16736 49952
16737 60193
16738 56097
16739 49936
16740 61185
16741 40481
16742 54032
16743 28448
16744 19201
16745 25377
16746 49960
16747 25440
16748 25384
16749 27392
16750 801
16751 27425
16752 54049
16753 25376
16754 50016
16755 49936
16756 54064
16757 54049
16758 49960
16759 60264
16760 54056
16761 25376
16762 25352
16763 56097
16764 54056
16765 58145
16766 39721
16767 55080
16768 58216
16769 52072
16770 64289
16771 59177
16772 19216
16773 58272
16774 62241
16775 27456
16776 49952
16777 58152
16778 25376
16779 55073
16780 57120
16781 60169
16782 57121
16783 52008
16784 62241
16785 59232
16786 49953
16787 65313
16788 49953
16789 58152
16790 58145
16791 52008
16792 26464
16793 54057
16794 27425
16795 54072
16796 52009
16797 49960
16798 53793
16799 19233
16800 19200
16801 58144
16802 17248
16803 55081
16804 58112
16805 49953
16806 25384
16807 25345
16808 27425
16809 49952
16810 61225
16811 54048
16812 17185
16813 58144
16814 27393
16815 50984
16816 17152
16817 27432
16818 54056
16819 19200
16820 52001
16821 19200
16822 49952
16823 27393
16824 49928
16825 58144
16826 54056
16827 49921
16828 54048
16829 17248
16830 19232
16831 60256
16832 61224
16833 49960
16834 19232
16835 51992
16836 27393
16837 19224
16838 51976
16839 27424
16840 50976
16841 54057
16842 52001
16843 60320
16844 17185
16845 49953
16846 54048
16847 49952
16848 56104
16849 60192
16850 58144
16851 58144
16852 60192
16853 19232
16854 59169
16855 27520
16856 49936
16857 17153
16858 27392
16859 27392
16860 49961
16861 49961
16862 25353
16863 27393
16864 17176
16865 52001
16866 52001
16867 55072
16868 58216
16869 60161
16870 54048
16871 59168
16872 19232
16873 19209
16874 49953
16875 54048
16876 27489
16877 56096
16878 27424
16879 49928
16880 52000
16881 27169
16882 49953
16883 55857
16884 49953
16885 17184
16886 26401
16887 27400
16888 49921
16889 25377
16890 58144
16891 39473
16892 19233
16893 27393
16894 56097
16895 2592
16896 52000
16897 54056
16898 63328
16899 25377
16900 62240
16901 49976
16902 52008
16903 62241
16904 19232
16905 19200
16906 27456
16907 25344
16908 60160
16909 17185
16910 54056
16911 52000
16912 62240
16913 25385
16914 59168
16915 27424
16916 50024
16917 17184
16918 17161
16919 27424
16920 59176
16921 49953
16922 25440
16923 58145
16924 17160
16925 60192
16926 56105
16927 25384
16928 49953
16929 49944
16930 54048
16931 49953
16932 19232
16933 27393
16934 49952
16935 17184
16936 52009
16937 19233
16938 57129
16939 63329
16940 55073
16941 58144
16942 19216
16943 19233
16944 53793
16945 25352
16946 54048
16947 25377
16948 17192
16949 54049
16950 49921
16951 58152
16952 17177
16953 58153
16954 25344
16955 60192
16956 62217
16957 54048
16958 49976
16959 49960
16960 17185
16961 58145
16962 49920
16963 25345
16964 49952
16965 52000
16966 25377
16967 27393
16968 58144
16969 19248
16970 62241
16971 61225
16972 27425
16973 56096
16974 51976
16975 56064
16976 25352
16977 27425
16978 58145
16979 27392
16980 27425
16981 49960
16982 54048
16983 49944
16984 28512
16985 62241
16986 62241
16987 58144
16988 49952
16989 27424
16990 58144
16991 37680
16992 59168
16993 56097
16994 62240
16995 27393
16996 27424
16997 17184
16998 25377
16999 55081
17000 54048
17001 49953
17002 17153
17003 58144
17004 57121
17005 58120
17006 54049
17007 51976
17008 61217
17009 54056
17010 52001
17011 49960
17012 54049
17013 54049
17014 49952
17015 27393
17016 25376
17017 54056
17018 25376
17019 25344
17020 27456
17021 20257
17022 27496
17023 63265
17024 19233
17025 49936
17026 52001
17027 25384
17028 52993
17029 18960
17030 58112
17031 25440
17032 53032
17033 58144
17034 58145
17035 27401
17036 19232
17037 58145
17038 49953
17039 61217
17040 52009
17041 25377
17042 60201
17043 58144
17044 25345
17045 55073
17046 25377
17047 55072
17048 17153
17049 19241
17050 49928
17051 54072
17052 54049
17053 50977
17054 25377
17055 52001
17056 25376
17057 49953
17058 52009
17059 52008
17060 52008
17061 52000
17062 62304
17063 19233
17064 58144
17065 54057
17066 25377
17067 63264
17068 25376
17069 49960
17070 19201
17071 54056
17072 50016
17073 19233
17074 56096
17075 58144
17076 19360
17077 49952
17078 17185
17079 63265
17080 19232
17081 39721
17082 49952
17083 56097
17084 19232
17085 19233
17086 19232
17087 54049
17088 17176
17089 49960
17090 54053
17091 19248
17092 17185
17093 18945
17094 58144
17095 51761
17096 49976
17097 49960
17098 25353
17099 58145
17100 19232
17101 49936
17102 62249
17103 54048
17104 49960
17105 28457
17106 58153
17107 19200
17108 27488
17109 54049
17110 57120
17111 19201
17112 58144
17113 27400
17114 19224
17115 17168
17116 63264
17117 52000
17118 25376
17119 50016
17120 49952
17121 28449
17122 49952
17123 17193
17124 49952
17125 19233
17126 58113
17127 62248
17128 27392
17129 58121
17130 49961
17131 58145
17132 54048
17133 58144
17134 52001
17135 49952
17136 58113
17137 49936
17138 49952
17139 54056
17140 54048
17141 27425
17142 58144
17143 19232
17144 19201
17145 49944
17146 49952
17147 49960
17148 58145
17149 55080
17150 54048
17151 17184
17152 60193
17153 27393
17154 26401
17155 49952
17156 17184
17157 58112
17158 50977
17159 49952
17160 25376
17161 55073
17162 49952
17163 49952
17164 27392
17165 58144
17166 52009
17167 50984
17168 65320
17169 52000
17170 60192
17171 20264
17172 61217
17173 19240
17174 54049
17175 49952
17176 52001
17177 58112
17178 58144
17179 63265
17180 53792
17181 54049
17182 49953
17183 25368
17184 58216
17185 54048
17186 49961
17187 52008
17188 58152
17189 56096
17190 25368
17191 49952
17192 49952
17193 58145
17194 51969
17195 58153
17196 53808
17197 26401
17198 51968
17199 58209
17200 19232
17201 37665
17202 53032
17203 56105
17204 58209
17205 54056
17206 58112
17207 53025
17208 54072
17209 58136
17210 58145
17211 25344
17212 17185
17213 17184
17214 58145
17215 17184
17216 19240
17217 65312
17218 56096
17219 51969
17220 63265
17221 49960
17222 51976
17223 18209
17224 49952
17225 19233
17226 27393
17227 58144
17228 17185
17229 27425
17230 19233
17231 54049
17232 49968
17233 49952
17234 59232
17235 17192
17236 49953
17237 49952
17238 55073
17239 58112
17240 54064
17241 55096
17242 63328
17243 49944
17244 25384
17245 49960
17246 17184
17247 60193
17248 49952
17249 58152
17250 62240
17251 54072
17252 25344
17253 58144
17254 58145
17255 58121
17256 17185
17257 49952
17258 52016
17259 52000
17260 62240
17261 62241
17262 52000
17263 17152
17264 49960
17265 54049
17266 19233
17267 21280
17268 54057
17269 59137
17270 58208
17271 25344
17272 58113
17273 25376
17274 54048
17275 17153
17276 27393
17277 62208
17278 25353
17279 19200
17280 54056
17281 49921
17282 25377
17283 54049
17284 49952
17285 56865
17286 40480
17287 56864
17288 60193
17289 52000
17290 61216
17291 54049
17292 2593
17293 55856
17294 52008
17295 53025
17296 55073
17297 54048
17298 61185
17299 19232
17300 63264
17301 25377
17302 52001
17303 56096
17304 54048
17305 49933
17306 54048
17307 39473
17308 17193
17309 19200
17310 61217
17311 56097
17312 58145
17313 17185
17314 19201
17315 52001
17316 63264
17317 17184
17318 60193
17319 49952
17320 58152
17321 58144
17322 58144
17323 56096
17324 49944
17325 58144
17326 58145
17327 54048
17328 18209
17329 17185
17330 19240
17331 54048
17332 58121
17333 59169
17334 55857
17335 49928
17336 8992
17337 58113
17338 17184
17339 25377
17340 27400
17341 58145
17342 27424
17343 51968
17344 50977
17345 59168
17346 55840
17347 54016
17348 58121
17349 17152
17350 25376
17351 49961
17352 54816
17353 61216
17354 58144
17355 49952
17356 49952
17357 58152
17358 19232
17359 27425
17360 17192
17361 62240
17362 52001
17363 39713
17364 62240
17365 49953
17366 56096
17367 54057
17368 51985
17369 58152
17370 27393
17371 56104
17372 52009
17373 63265
17374 54112
17375 49953
17376 62241
17377 50977
17378 56073
17379 19240
17380 19240
17381 19232
17382 60193
17383 25384
17384 60193
17385 26409
17386 25384
17387 60264
17388 49952
17389 17152
17390 49952
17391 52001
17392 28449
17393 49928
17394 58144
17395 52025
17396 56064
17397 40745
17398 27392
17399 55081
17400 28417
17401 27425
17402 52024
17403 56096
17404 54048
17405 60320
17406 17184
17407 6945
17408 60193
17409 61224
17410 27424
17411 58153
17412 60193
17413 54072
17414 2848
17415 2592
17416 50977
17417 52000
17418 17193
17419 54048
17420 60193
17421 62241
17422 56097
17423 27425
17424 54040
17425 49960
17426 49952
17427 20264
17428 27425
17429 54057
17430 61217
17431 49952
17432 52016
17433 49952
17434 52000
17435 58145
17436 27392
17437 27393
17438 25377
17439 49952
17440 27456
17441 64289
17442 27489
17443 17184
17444 59169
17445 58112
17446 19233
17447 19232
17448 49953
17449 19232
17450 58145
17451 52008
17452 19232
17453 54048
17454 55841
17455 26369
17456 58145
17457 18209
17458 56097
17459 49952
17460 19344
17461 17160
17462 53025
17463 54048
17464 49960
17465 27401
17466 58121
17467 55072
17468 54056
17469 26401
17470 54049
17471 60169
17472 54049
17473 49952
17474 58145
17475 17192
17476 59233
17477 49960
17478 57120
17479 17153
17480 49928
17481 50985
17482 55072
17483 19233
17484 49952
17485 19209
17486 58209
17487 19232
17488 54048
17489 17185
17490 17184
17491 25377
17492 19232
17493 58145
17494 27393
17495 49953
17496 58144
17497 52001
17498 54064
17499 49920
17500 27424
17501 51713
17502 54048
17503 27425
17504 53025
17505 17168
17506 2593
17507 49952
17508 54057
17509 25384
17510 27392
17511 49952
17512 56073
17513 51985
17514 49953
17515 25360
17516 58145
17517 56112
17518 55080
17519 27297
17520 49952
17521 49960
17522 27392
17523 58144
17524 25376
17525 17193
17526 49952
17527 25344
17528 54056
17529 17192
17530 49961
17531 49944
17532 54048
17533 25504
17534 49960
17535 59168
17536 25345
17537 27424
17538 54064
17539 51969
17540 55073
17541 54048
17542 25368
17543 60200
17544 25377
17545 56072
17546 54048
17547 57121
17548 55080
17549 56096
17550 49936
17551 55073
17552 49952
17553 49977
17554 55073
17555 52001
17556 25344
17557 53024
17558 49953
17559 58112
17560 19240
17561 25345
17562 62304
17563 56088
17564 2848
17565 49952
17566 49960
17567 49961
17568 58113
17569 58152
17570 49961
17571 52001
17572 54016
17573 54048
17574 27424
17575 17185
17576 54025
17577 25376
17578 54057
17579 19232
17580 25376
17581 27393
17582 60320
17583 58145
17584 58240
17585 25352
17586 52000
17587 54072
17588 27432
17589 58145
17590 19232
17591 27392
17592 49976
17593 60193
17594 60192
17595 54049
17596 54048
17597 18216
17598 28513
17599 58144
17600 19240
17601 19232
17602 19208
17603 19232
17604 17184
17605 17192
17606 59168
17607 49953
17608 17153
17609 52000
17610 19216
17611 49953
17612 49976
17613 19208
17614 49953
17615 57121
17616 25377
17617 25440
17618 49952
17619 52001
17620 27425
17621 59176
17622 49960
17623 19209
17624 53033
17625 54016
17626 18208
17627 54048
17628 26369
17629 25344
17630 63265
17631 62240
17632 57121
17633 59177
17634 25441
17635 49953
17636 56097
17637 49952
17638 49953
17639 58208
17640 18209
17641 25440
17642 58112
17643 62241
17644 49952
17645 19208
17646 65376
17647 56104
17648 49953
17649 49960
17650 27488
17651 49960
17652 49952
17653 49953
17654 19201
17655 25376
17656 49952
17657 58145
17658 58144
17659 25440
17660 19233
17661 17185
17662 57129
17663 52000
17664 26401
17665 58145
17666 58113
17667 54049
17668 17185
17669 19240
17670 19200
17671 56104
17672 19233
17673 19201
17674 60192
17675 49952
17676 54048
17677 54056
17678 25345
17679 49953
17680 27488
17681 49952
17682 49960
17683 60320
17684 54072
17685 25384
17686 27393
17687 54048
17688 19256
17689 61281
17690 58145
17691 27456
17692 54049
17693 49976
17694 25345
17695 39713
17696 49953
17697 58152
17698 50977
17699 54048
17700 58153
17701 52000
17702 27520
17703 54064
17704 25345
17705 52001
17706 58145
17707 58113
17708 19232
17709 49968
17710 58144
17711 28449
17712 19201
17713 40481
17714 27464
17715 57089
17716 24353
17717 55073
17718 49920
17719 51968
17720 17193
17721 56096
17722 54048
17723 58209
17724 62241
17725 60192
17726 51984
17727 60193
17728 17168
17729 63265
17730 49952
17731 63265
17732 52024
17733 53809
17734 58145
17735 25360
17736 19200
17737 19209
17738 54048
17739 25440
17740 52001
17741 27393
17742 27392
17743 40736
17744 54049
17745 27393
17746 49952
17747 60193
17748 52016
17749 54060
17750 49952
17751 52009
17752 49928
17753 49977
17754 49952
17755 56104
17756 27424
17757 26408
17758 60160
17759 56097
17760 62240
17761 39720
17762 27392
17763 58145
17764 58145
17765 63272
17766 19201
17767 49961
17768 62241
17769 19233
17770 54049
17771 52000
17772 27392
17773 19232
17774 54049
17775 54057
17776 19233
17777 58144
17778 49936
17779 19200
17780 54049
17781 27432
17782 60193
17783 54048
17784 40737
17785 49961
17786 49961
17787 19201
17788 56097
17789 17160
17790 49952
17791 25376
17792 54049
17793 17185
17794 61216
17795 60193
17796 49953
17797 49961
17798 58144
17799 58144
17800 19233
17801 49936
17802 18209
17803 58144
17804 58145
17805 60264
17806 25385
17807 52008
17808 49953
17809 52017
17810 61217
17811 49953
17812 17152
17813 54049
17814 25376
17815 25352
17816 60192
17817 19200
17818 58145
17819 59169
17820 49952
17821 19233
17822 49952
17823 54048
17824 49921
17825 49953
17826 60192
17827 49952
17828 60193
17829 62241
17830 62248
17831 51968
17832 49952
17833 21281
17834 25377
17835 52000
17836 25408
17837 53776
17838 52008
17839 54048
17840 49952
17841 49952
17842 25377
17843 27584
17844 55073
17845 49953
17846 64289
17847 27496
17848 51728
17849 60192
17850 56080
17851 27408
17852 51000
17853 25352
17854 49944
17855 51745
17856 19201
17857 25376
17858 17200
17859 19208
17860 60192
17861 17189
17862 52008
17863 54017
17864 54049
17865 25345
17866 49952
17867 17184
17868 63264
17869 50977
17870 49961
17871 49960
17872 20257
17873 54056
17874 58209
17875 25377
17876 49953
17877 62304
17878 27425
17879 58145
17880 17184
17881 62240
17882 25377
17883 25377
17884 60200
17885 51976
17886 49961
17887 26401
17888 58145
17889 52000
17890 49961
17891 19233
17892 19233
17893 17152
17894 54025
17895 19208
17896 19232
17897 58144
17898 27393
17899 62241
17900 50977
17901 25352
17902 19233
17903 19224
17904 25377
17905 58152
17906 19200
17907 55841
17908 23328
17909 49952
17910 28448
17911 17184
17912 54049
17913 27416
17914 51968
17915 49953
17916 26401
17917 63265
17918 58144
17919 27425
17920 39729
17921 52000
17922 17184
17923 49969
17924 49952
17925 49976
17926 54049
17927 27393
17928 60192
17929 56096
17930 49936
17931 54048
17932 58208
17933 49953
17934 58145
17935 54056
17936 62241
17937 49952
17938 26400
17939 58209
17940 52008
17941 62240
17942 57129
17943 19224
17944 54048
17945 60168
17946 60192
17947 49952
17948 58145
17949 52000
17950 17193
17951 54048
17952 52000
17953 19200
17954 52000
17955 49929
17956 54053
17957 19233
17958 58144
17959 25345
17960 17184
17961 25344
17962 27424
17963 63273
17964 19200
17965 19232
17966 26464
17967 54048
17968 58144
17969 25377
17970 49944
17971 51992
17972 56104
17973 25384
17974 49953
17975 55073
17976 19233
17977 59168
17978 58145
17979 53032
17980 58209
17981 49953
17982 27393
17983 49953
17984 51969
17985 61281
17986 55073
17987 19232
17988 58145
17989 19209
17990 55073
17991 2848
17992 17248
17993 52001
17994 19240
17995 27392
17996 27392
17997 49960
17998 59169
17999 52000
18000 54057
18001 51976
18002 19209
18003 56065
18004 58145
18005 29473
18006 49960
18007 58113
18008 49921
18009 57121
18010 25384
18011 19233
18012 17185
18013 60200
18014 28449
18015 17169
18016 52000
18017 60257
18018 58145
18019 19216
18020 56105
18021 58216
18022 17184
18023 58144
18024 58153
18025 17193
18026 52000
18027 57121
18028 49960
18029 58152
18030 52000
18031 50977
18032 58145
18033 55096
18034 49960
18035 49952
18036 27393
18037 62304
18038 60193
18039 25377
18040 63264
18041 51969
18042 25377
18043 19248
18044 19200
18045 56096
18046 54049
18047 25376
18048 52000
18049 58145
18050 17176
18051 49944
18052 25440
18053 25440
18054 52001
18055 58144
18056 56096
18057 58144
18058 54056
18059 49952
18060 27393
18061 58144
18062 27393
18063 58145
18064 49961
18065 59169
18066 19240
18067 52008
18068 27489
18069 19241
18070 52001
18071 25349
18072 19328
18073 49952
18074 64296
18075 54048
18076 62249
18077 54072
18078 19233
18079 19200
18080 54056
18081 60256
18082 52009
18083 64289
18084 49952
18085 52008
18086 58145
18087 54049
18088 27425
18089 19201
18090 52993
18091 58145
18092 55144
18093 27424
18094 27392
18095 52001
18096 56096
18097 25344
18098 19232
18099 39713
18100 25377
18101 25376
18102 58144
18103 49960
18104 58152
18105 61217
18106 52000
18107 54056
18108 26400
18109 25344
18110 55073
18111 2720
18112 26401
18113 25377
18114 25345
18115 56104
18116 54048
18117 52000
18118 49952
18119 27392
18120 19296
18121 52000
18122 19201
18123 25344
18124 19217
18125 51744
18126 17185
18127 58145
18128 17189
18129 60161
18130 26400
18131 59168
18132 54048
18133 63264
18134 27401
18135 59169
18136 19201
18137 19240
18138 54057
18139 17184
18140 49960
18141 52008
18142 49952
18143 19233
18144 19200
18145 58112
18146 25440
18147 25448
18148 25377
18149 56096
18150 56120
18151 17185
18152 54048
18153 63273
18154 54049
18155 57121
18156 54048
18157 54056
18158 25344
18159 54048
18160 49920
18161 49952
18162 27392
18163 17185
18164 49952
18165 54048
18166 58272
18167 17193
18168 58145
18169 54048
18170 56104
18171 60192
18172 58145
18173 51976
18174 60193
18175 59168
18176 25376
18177 54056
18178 49960
18179 49921
18180 17152
18181 27425
18182 58145
18183 55073
18184 25344
18185 19233
18186 25441
18187 54048
18188 49936
18189 58144
18190 49953
18191 17185
18192 56072
18193 58152
18194 58144
18195 49976
18196 59169
18197 56104
18198 51977
18199 27392
18200 60264
18201 61217
18202 19200
18203 58145
18204 54032
18205 26408
18206 53024
18207 25352
18208 49960
18209 58209
18210 17152
18211 19232
18212 54048
18213 19208
18214 50977
18215 54064
18216 49944
18217 49952
18218 27433
18219 54048
18220 28457
18221 25376
18222 65313
18223 19232
18224 19209
18225 56096
18226 49960
18227 52008
18228 63264
18229 58145
18230 49929
18231 27425
18232 25377
18233 25377
18234 63272
18235 58144
18236 19296
18237 51744
18238 49952
18239 27425
18240 25376
18241 27424
18242 60193
18243 58145
18244 51729
18245 27432
18246 25377
18247 54049
18248 27392
18249 58144
18250 49961
18251 58144
18252 54049
18253 27425
18254 54064
18255 58145
18256 49953
18257 19232
18258 49952
18259 27392
18260 59168
18261 58144
18262 65313
18263 54048
18264 56096
18265 56096
18266 40744
18267 54065
18268 27393
18269 52000
18270 51745
18271 52008
18272 27425
18273 59169
18274 17200
18275 49960
18276 54056
18277 25377
18278 17185
18279 58144
18280 52000
18281 49960
18282 25376
18283 58144
18284 63329
18285 52001
18286 58144
18287 56104
18288 27424
18289 25344
18290 54056
18291 58145
18292 58144
18293 58144
18294 27424
18295 27392
18296 62241
18297 25345
18298 59169
18299 19233
18300 54057
18301 49960
18302 50984
18303 19240
18304 25441
18305 17168
18306 25376
18307 52000
18308 54048
18309 26400
18310 19200
18311 58152
18312 17192
18313 58145
18314 21280
18315 28449
18316 25440
18317 17176
18318 20256
18319 54048
18320 57129
18321 25376
18322 59169
18323 19233
18324 19240
18325 60192
18326 54048
18327 50984
18328 25376
18329 17185
18330 25376
18331 52000
18332 52000
18333 27424
18334 52000
18335 19240
18336 54048
18337 25360
18338 8992
18339 19232
18340 40736
18341 60192
18342 52000
18343 49976
18344 25360
18345 17161
18346 53776
18347 58176
18348 49952
18349 54112
18350 53025
18351 19240
18352 19241
18353 56104
18354 54057
18355 25376
18356 58144
18357 20265
18358 55072
18359 25352
18360 40737
18361 62248
18362 53024
18363 19201
18364 19201
18365 52009
18366 27425
18367 49952
18368 27393
18369 52000
18370 17184
18371 58208
18372 49937
18373 52001
18374 19201
18375 62304
18376 49952
18377 58216
18378 59168
18379 52000
18380 26400
18381 55081
18382 27433
18383 54064
18384 26400
18385 17153
18386 49920
18387 25377
18388 17176
18389 58145
18390 17184
18391 50984
18392 63265
18393 25345
18394 54049
18395 58144
18396 19232
18397 25377
18398 58144
18399 17200
18400 55081
18401 49921
18402 49960
18403 19233
18404 61216
18405 21288
18406 17185
18407 17184
18408 54049
18409 49953
18410 58208
18411 17185
18412 49952
18413 53792
18414 49961
18415 58145
18416 27424
18417 56065
18418 17185
18419 54057
18420 56104
18421 58144
18422 49968
18423 27425
18424 49921
18425 49953
18426 17185
18427 62241
18428 58152
18429 57128
18430 27400
18431 52000
18432 54057
18433 54048
18434 58113
18435 58144
18436 52024
18437 27488
18438 54048
18439 63265
18440 27425
18441 25449
18442 25441
18443 52008
18444 54056
18445 52000
18446 55072
18447 59168
18448 54056
18449 58120
18450 60256
18451 58145
18452 26400
18453 60257
18454 17161
18455 50977
18456 56097
18457 17161
18458 49920
18459 27400
18460 49976
18461 60193
18462 52000
18463 58144
18464 54048
18465 58112
18466 51968
18467 49952
18468 55072
18469 49953
18470 19201
18471 49944
18472 52000
18473 58144
18474 54048
18475 54120
18476 49937
18477 57121
18478 55073
18479 50985
18480 60193
18481 17184
18482 35616
18483 56097
18484 56104
18485 62240
18486 49969
18487 25377
18488 49953
18489 58145
18490 27425
18491 55072
18492 51977
18493 59169
18494 58144
18495 27425
18496 25384
18497 19240
18498 25377
18499 25344
18500 52000
18501 17192
18502 58145
18503 60200
18504 27425
18505 58144
18506 58145
18507 50977
18508 58145
18509 19233
18510 58113
18511 27425
18512 19200
18513 58144
18514 52993
18515 54048
18516 65312
18517 58145
18518 54048
18519 49952
18520 25440
18521 60193
18522 49953
18523 50977
18524 53793
18525 17189
18526 49953
18527 55073
18528 25376
18529 17185
18530 52008
18531 27433
18532 27424
18533 19232
18534 27424
18535 17152
18536 54056
18537 61216
18538 49953
18539 27424
18540 39721
18541 49953
18542 56104
18543 51969
18544 27424
18545 49952
18546 62240
18547 19240
18548 58144
18549 25344
18550 25376
18551 49952
18552 19232
18553 55073
18554 49920
18555 49976
18556 17168
18557 18961
18558 55080
18559 49960
18560 25376
18561 49952
18562 63273
18563 25377
18564 60160
18565 25344
18566 49960
18567 56097
18568 52008
18569 60193
18570 49952
18571 17184
18572 49960
18573 49953
18574 28417
18575 59169
18576 62240
18577 54057
18578 58120
18579 25377
18580 52008
18581 27425
18582 27425
18583 17184
18584 49953
18585 40736
18586 54049
18587 25376
18588 54072
18589 25441
18590 60192
18591 49976
18592 19232
18593 49936
18594 62240
18595 25376
18596 49952
18597 52000
18598 19241
18599 27424
18600 25376
18601 50016
18602 27392
18603 54048
18604 60193
18605 19233
18606 60200
18607 62249
18608 27401
18609 52024
18610 62248
18611 56097
18612 17185
18613 62240
18614 25440
18615 52000
18616 61217
18617 55081
18618 19201
18619 49953
18620 49928
18621 49921
18622 54049
18623 58144
18624 19241
18625 62240
18626 19232
18627 27401
18628 52008
18629 52000
18630 19200
18631 19233
18632 49936
18633 50984
18634 60193
18635 59177
18636 54048
18637 52001
18638 56097
18639 54064
18640 58209
18641 55073
18642 57185
18643 19208
18644 54056
18645 25353
18646 54049
18647 25385
18648 56097
18649 54061
18650 56096
18651 49952
18652 60193
18653 27552
18654 62240
18655 27432
18656 19233
18657 19232
18658 62304
18659 25345
18660 58145
18661 17208
18662 58145
18663 61224
18664 49953
18665 17161
18666 17185
18667 25504
18668 25345
18669 25344
18670 19217
18671 25441
18672 17160
18673 63265
18674 58145
18675 27393
18676 56097
18677 52009
18678 19233
18679 54048
18680 25376
18681 58112
18682 54049
18683 27425
18684 27425
18685 49953
18686 49960
18687 17184
18688 54049
18689 49920
18690 25344
18691 49936
18692 27424
18693 58145
18694 59169
18695 52001
18696 59177
18697 28449
18698 52001
18699 19232
18700 25376
18701 49952
18702 50976
18703 25376
18704 55072
18705 25377
18706 25376
18707 55072
18708 27425
18709 56096
18710 49976
18711 28449
18712 37665
18713 27424
18714 27432
18715 17185
18716 50985
18717 25376
18718 61217
18719 52000
18720 58209
18721 64289
18722 19233
18723 17153
18724 57120
18725 58144
18726 55073
18727 58145
18728 51969
18729 59169
18730 49952
18731 26400
18732 19233
18733 17184
18734 54072
18735 17169
18736 40736
18737 54024
18738 58145
18739 25376
18740 49952
18741 25344
18742 57129
18743 17184
18744 56096
18745 51760
18746 54049
18747 49952
18748 52009
18749 27392
18750 57121
18751 19233
18752 19201
18753 53025
18754 17153
18755 64289
18756 59168
18757 27392
18758 55825
18759 19201
18760 56104
18761 49937
18762 2824
18763 27425
18764 58112
18765 60192
18766 17192
18767 19200
18768 40737
18769 49961
18770 50016
18771 27488
18772 49953
18773 27425
18774 17152
18775 54048
18776 25376
18777 63265
18778 49957
18779 56120
18780 27425
18781 52001
18782 58144
18783 49953
18784 51977
18785 49921
18786 55073
18787 25448
18788 25377
18789 19233
18790 56081
18791 58112
18792 27425
18793 20265
18794 56096
18795 49968
18796 50976
18797 19233
18798 27425
18799 49944
18800 55073
18801 60193
18802 17184
18803 58145
18804 58112
18805 27488
18806 17185
18807 49952
18808 19200
18809 55073
18810 49920
18811 49961
18812 25377
18813 50984
18814 49960
18815 25376
18816 25376
18817 49957
18818 58144
18819 54048
18820 17192
18821 52008
18822 19208
18823 59168
18824 52001
18825 49952
18826 25385
18827 49976
18828 18209
18829 63265
18830 49952
18831 56105
18832 25344
18833 49952
18834 27425
18835 25353
18836 58145
18837 19233
18838 54048
18839 55073
18840 58209
18841 54049
18842 27425
18843 54048
18844 25376
18845 59168
18846 55081
18847 49961
18848 57089
18849 52000
18850 25376
18851 58144
18852 19256
18853 51969
18854 49960
18855 56097
18856 25377
18857 27489
18858 49953
18859 56105
18860 54049
18861 49929
18862 54049
18863 52128
18864 52000
18865 49960
18866 19240
18867 59169
18868 55080
18869 62240
18870 51993
18871 25352
18872 56105
18873 57120
18874 52001
18875 56104
18876 54049
18877 18209
18878 49960
18879 55072
18880 57129
18881 54053
18882 27425
18883 50984
18884 51969
18885 19232
18886 60193
18887 58144
18888 54048
18889 63264
18890 19232
18891 3873
18892 52000
18893 19233
18894 19232
18895 37672
18896 52024
18897 19233
18898 2593
18899 55080
18900 27424
18901 19241
18902 54056
18903 60161
18904 58144
18905 54048
18906 56865
18907 58145
18908 25377
18909 54057
18910 63272
18911 27400
18912 27392
18913 25376
18914 19201
18915 25376
18916 60193
18917 55073
18918 19233
18919 49920
18920 25377
18921 27489
18922 58144
18923 58144
18924 49968
18925 64288
18926 54017
18927 54049
18928 54048
18929 19232
18930 19241
18931 52001
18932 54048
18933 49928
18934 62240
18935 54060
18936 54057
18937 52000
18938 25472
18939 59168
18940 63264
18941 27520
18942 19232
18943 49952
18944 19249
18945 19233
18946 17185
18947 52000
18948 54017
18949 25377
18950 25376
18951 58144
18952 52008
18953 50976
18954 25377
18955 27416
18956 28417
18957 58144
18958 54049
18959 25448
18960 62249
18961 49952
18962 17184
18963 58144
18964 58144
18965 49961
18966 17193
18967 28449
18968 54049
18969 26464
18970 54056
18971 25440
18972 49920
18973 56096
18974 26401
18975 54048
18976 49976
18977 54049
18978 53024
18979 26465
18980 49952
18981 54048
18982 51968
18983 19233
18984 25384
18985 65320
18986 28457
18987 56096
18988 49953
18989 52001
18990 59169
18991 59169
18992 54049
18993 17192
18994 19232
18995 56097
18996 27456
18997 27392
18998 58121
18999 62240
19000 25377
19001 56097
19002 54065
19003 49976
19004 27425
19005 49921
19006 58144
19007 27425
19008 49960
19009 49953
19010 50984
19011 25376
19012 27392
19013 54056
19014 27488
19015 26401
19016 51969
19017 58113
19018 57121
19019 49953
19020 61216
19021 25440
19022 54048
19023 8992
19024 17192
19025 52001
19026 25352
19027 19233
19028 54056
19029 60200
19030 49953
19031 25377
19032 57121
19033 63264
19034 52009
19035 58145
19036 54057
19037 50984
19038 17192
19039 64289
19040 17185
19041 49960
19042 49953
19043 60256
19044 49952
19045 49961
19046 57121
19047 19233
19048 19216
19049 49952
19050 49929
19051 58152
19052 19201
19053 49952
19054 55144
19055 54048
19056 25376
19057 27489
19058 25384
19059 54040
19060 17192
19061 19200
19062 60193
19063 60257
19064 25377
19065 49953
19066 25384
19067 25376
19068 50984
19069 54049
19070 19232
19071 49952
19072 54072
19073 50976
19074 49953
19075 49960
19076 54072
19077 19201
19078 25376
19079 59168
19080 62241
19081 58145
19082 51969
19083 19232
19084 19232
19085 63264
19086 52000
19087 19209
19088 49953
19089 61217
19090 56096
19091 25344
19092 62241
19093 17184
19094 49952
19095 25376
19096 58144
19097 27393
19098 63264
19099 49976
19100 58208
19101 49952
19102 58152
19103 25376
19104 17192
19105 63265
19106 54048
19107 25344
19108 27392
19109 21281
19110 52000
19111 17192
19112 25376
19113 49960
19114 25448
19115 49952
19116 25377
19117 52000
19118 25376
19119 49952
19120 27425
19121 56105
19122 37680
19123 58144
19124 52001
19125 52001
19126 54049
19127 17184
19128 54057
19129 2856
19130 49952
19131 25377
19132 20257
19133 62241
19134 63265
19135 25344
19136 51745
19137 49960
19138 25376
19139 49953
19140 58144
19141 56096
19142 49952
19143 53024
19144 20256
19145 54056
19146 26401
19147 54048
19148 58144
19149 59168
19150 25344
19151 51993
19152 60193
19153 27392
19154 60201
19155 19200
19156 27392
19157 49953
19158 19216
19159 25376
19160 65321
19161 25384
19162 39720
19163 54056
19164 52008
19165 58145
19166 27488
19167 54056
19168 51977
19169 55080
19170 60257
19171 19200
19172 25344
19173 49953
19174 49953
19175 52001
19176 18960
19177 25376
19178 27425
19179 54048
19180 27425
19181 17185
19182 49928
19183 58145
19184 51969
19185 17193
19186 62240
19187 17184
19188 60192
19189 25352
19190 54048
19191 54048
19192 17184
19193 56160
19194 27432
19195 27392
19196 52993
19197 19232
19198 19248
19199 58144
19200 49952
19201 27392
19202 19248
19203 54016
19204 62241
19205 54056
19206 56105
19207 54041
19208 49953
19209 65313
19210 58136
19211 59169
19212 27424
19213 58112
19214 56096
19215 58145
19216 17160
19217 19232
19218 21281
19219 55073
19220 25376
19221 19232
19222 51976
19223 49920
19224 63265
19225 49952
19226 27432
19227 27424
19228 59168
19229 62249
19230 27424
19231 25345
19232 55081
19233 17248
19234 19233
19235 58144
19236 19232
19237 49952
19238 27392
19239 17184
19240 58152
19241 52009
19242 54049
19243 55072
19244 58145
19245 54049
19246 25385
19247 27392
19248 27432
19249 55840
19250 58112
19251 54057
19252 17184
19253 49968
19254 63264
19255 60193
19256 17176
19257 61217
19258 19200
19259 60193
19260 57120
19261 17160
19262 27425
19263 17185
19264 54049
19265 52000
19266 25381
19267 56104
19268 58145
19269 27393
19270 25376
19271 58136
19272 54049
19273 49960
19274 60193
19275 19200
19276 52000
19277 52001
19278 60160
19279 60193
19280 54049
19281 52001
19282 19201
19283 52008
19284 54056
19285 61224
19286 25344
19287 62304
19288 56096
19289 17193
19290 49952
19291 54072
19292 25376
19293 58240
19294 58145
19295 60160
19296 25376
19297 26409
19298 19200
19299 17193
19300 58152
19301 49952
19302 25376
19303 54056
19304 801
19305 54048
19306 27424
19307 19200
19308 25344
19309 58144
19310 52000
19311 19232
19312 19240
19313 20257
19314 25376
19315 54056
19316 58152
19317 27425
19318 58144
19319 54048
19320 19233
19321 20257
19322 54049
19323 55073
19324 49960
19325 58144
19326 19240
19327 49952
19328 58144
19329 49976
19330 25345
19331 58144
19332 58217
19333 17192
19334 26401
19335 62241
19336 54049
19337 58144
19338 49936
19339 54048
19340 52008
19341 19216
19342 58145
19343 49952
19344 54060
19345 19232
19346 49952
19347 60200
19348 49960
19349 58144
19350 25376
19351 55080
19352 17184
19353 51969
19354 53793
19355 19233
19356 27424
19357 27393
19358 55080
19359 58145
19360 19209
19361 52000
19362 60160
19363 25344
19364 25377
19365 55073
19366 58120
19367 21280
19368 57121
19369 58144
19370 25352
19371 52000
19372 19232
19373 49952
19374 58216
19375 58208
19376 51728
19377 54057
19378 27488
19379 49921
19380 17185
19381 51969
19382 49960
19383 25440
19384 18209
19385 17184
19386 54049
19387 52000
19388 60320
19389 65313
19390 19240
19391 25376
19392 27432
19393 25441
19394 60193
19395 54048
19396 49953
19397 19200
19398 54049
19399 54048
19400 19240
19401 26401
19402 49953
19403 17168
19404 56865
19405 54049
19406 25376
19407 58145
19408 52008
19409 58144
19410 19232
19411 53808
19412 58240
19413 25376
19414 17153
19415 25368
19416 19201
19417 60160
19418 58145
19419 54049
19420 25472
19421 17152
19422 58208
19423 2856
19424 27456
19425 27400
19426 49952
19427 19232
19428 17168
19429 26408
19430 17168
19431 51968
19432 53025
19433 25440
19434 27392
19435 49952
19436 25344
19437 25376
19438 25376
19439 49953
19440 58144
19441 58121
19442 49953
19443 54064
19444 58145
19445 56096
19446 27456
19447 52000
19448 54048
19449 54048
19450 54049
19451 49952
19452 49952
19453 17168
19454 60193
19455 59168
19456 28417
19457 55080
19458 51969
19459 49928
19460 53792
19461 25345
19462 55072
19463 17192
19464 60193
19465 54032
19466 17161
19467 52001
19468 19224
19469 52000
19470 54024
19471 17185
19472 57121
19473 28512
19474 17184
19475 54056
19476 54056
19477 27392
19478 52001
19479 27425
19480 54048
19481 51761
19482 53777
19483 19232
19484 49952
19485 17192
19486 49920
19487 25368
19488 25368
19489 49953
19490 25376
19491 17192
19492 54049
19493 54056
19494 27401
19495 49952
19496 54072
19497 27425
19498 54048
19499 63265
19500 52001
19501 19224
19502 17185
19503 49952
19504 49952
19505 2856
19506 49961
19507 62248
19508 58152
19509 17184
19510 25376
19511 25377
19512 54061
19513 49976
19514 25377
19515 25385
19516 51984
19517 56104
19518 58145
19519 61224
19520 58152
19521 52993
19522 27425
19523 50985
19524 59169
19525 49960
19526 56105
19527 27392
19528 19232
19529 49952
19530 50984
19531 49960
19532 17168
19533 58144
19534 26401
19535 25376
19536 17189
19537 55841
19538 54049
19539 60192
19540 58144
19541 57120
19542 2824
19543 19201
19544 49961
19545 19232
19546 63265
19547 57121
19548 54072
19549 39472
19550 60161
19551 55081
19552 62249
19553 54048
19554 55073
19555 58144
19556 49953
19557 58113
19558 49944
19559 54048
19560 27425
19561 19208
19562 49968
19563 56065
19564 58144
19565 56096
19566 11041
19567 53025
19568 3897
19569 49952
19570 56097
19571 19232
19572 49952
19573 50016
19574 17185
19575 51969
19576 27393
19577 56097
19578 54049
19579 19209
19580 17184
19581 63265
19582 17184
19583 49957
19584 55073
19585 49952
19586 54048
19587 58144
19588 27393
19589 58136
19590 49960
19591 19233
19592 27432
19593 19233
19594 2824
19595 25376
19596 54048
19597 60192
19598 25377
19599 19209
19600 58144
19601 25376
19602 62248
19603 49952
19604 27425
19605 52008
19606 53025
19607 54072
19608 27432
19609 25353
19610 25353
19611 54024
19612 25376
19613 19201
19614 54065
19615 55073
19616 25376
19617 27433
19618 19232
19619 49968
19620 25344
19621 19241
19622 49952
19623 62240
19624 49953
19625 19232
19626 54040
19627 54048
19628 25384
19629 63265
19630 60192
19631 17185
19632 17185
19633 49944
19634 19224
19635 58144
19636 63265
19637 17184
19638 17153
19639 56064
19640 63329
19641 49920
19642 49952
19643 49952
19644 27425
19645 49921
19646 52001
19647 27424
19648 25344
19649 54049
19650 54056
19651 59169
19652 21280
19653 25377
19654 25384
19655 58153
19656 19233
19657 49960
19658 25377
19659 25377
19660 19201
19661 58144
19662 55081
19663 25344
19664 49960
19665 52024
19666 54048
19667 19209
19668 49952
19669 57120
19670 28449
19671 62241
19672 58145
19673 19209
19674 49953
19675 25377
19676 52000
19677 52001
19678 27401
19679 57128
19680 58209
19681 49920
19682 60192
19683 49952
19684 54057
19685 27424
19686 55080
19687 17153
19688 27400
19689 17192
19690 49960
19691 50984
19692 19200
19693 19201
19694 56105
19695 58144
19696 17184
19697 25345
19698 49960
19699 58128
19700 49952
19701 49933
19702 25377
19703 19201
19704 53808
19705 58216
19706 19232
19707 58113
19708 58145
19709 53792
19710 51744
19711 49952
19712 51745
19713 54056
19714 60192
19715 23337
19716 54049
19717 58144
19718 65321
19719 52000
19720 54056
19721 54024
19722 54017
19723 27432
19724 61224
19725 59233
19726 60161
19727 51968
19728 17185
19729 54049
19730 52001
19731 62248
19732 54049
19733 58208
19734 17185
19735 54048
19736 64289
19737 58112
19738 27425
19739 54072
19740 54056
19741 49953
19742 17184
19743 26369
19744 52001
19745 58153
19746 49920
19747 58152
19748 25377
19749 25376
19750 54048
19751 19233
19752 58145
19753 63264
19754 17185
19755 19208
19756 52009
19757 52001
19758 51977
19759 26401
19760 52000
19761 61217
19762 56097
19763 58209
19764 19232
19765 49969
19766 27425
19767 62240
19768 18208
19769 27424
19770 56097
19771 54048
19772 58144
19773 54049
19774 2609
19775 54072
19776 19200
19777 49952
19778 54048
19779 58208
19780 56065
19781 49952
19782 52064
19783 17192
19784 25352
19785 25368
19786 57121
19787 19232
19788 51992
19789 56081
19790 58144
19791 49952
19792 17176
19793 28449
19794 54057
19795 49697
19796 58144
19797 58153
19798 60193
19799 17184
19800 58208
19801 27393
19802 52001
19803 27488
19804 59177
19805 55080
19806 17185
19807 58144
19808 19232
19809 58144
19810 35616
19811 51969
19812 27432
19813 55080
19814 54049
19815 26401
19816 61225
19817 19216
19818 50977
19819 54048
19820 58145
19821 54049
19822 56096
19823 19201
19824 58145
19825 50984
19826 25376
19827 17193
19828 49953
19829 55081
19830 55072
19831 27424
19832 19232
19833 17189
19834 17189
19835 19233
19836 60161
19837 21280
19838 28448
19839 52001
19840 58136
19841 56096
19842 27393
19843 26401
19844 19200
19845 25384
19846 58145
19847 54049
19848 19233
19849 52009
19850 19201
19851 58145
19852 27392
19853 49953
19854 17192
19855 58144
19856 49944
19857 51976
19858 19201
19859 58145
19860 17185
19861 58144
19862 55144
19863 49952
19864 19233
19865 62240
19866 58145
19867 27489
19868 25440
19869 52008
19870 54057
19871 27393
19872 55080
19873 25384
19874 49976
19875 54048
19876 52001
19877 58208
19878 60192
19879 54057
19880 17168
19881 62241
19882 27392
19883 58184
19884 17192
19885 49944
19886 17184
19887 55073
19888 25376
19889 17185
19890 2865
19891 58272
19892 49960
19893 27433
19894 25352
19895 19201
19896 54048
19897 27433
19898 52009
19899 58208
19900 58144
19901 19201
19902 62240
19903 52000
19904 19232
19905 54049
19906 58153
19907 49928
19908 19233
19909 19200
19910 28448
19911 25376
19912 17192
19913 49945
19914 25344
19915 54049
19916 58185
19917 51976
19918 53032
19919 55073
19920 27425
19921 19201
19922 54064
19923 58112
19924 19256
19925 27425
19926 55840
19927 49952
19928 51976
19929 49968
19930 49953
19931 62240
19932 29473
19933 62241
19934 27424
19935 58144
19936 56096
19937 60192
19938 62304
19939 58145
19940 19233
19941 27393
19942 54056
19943 55073
19944 49960
19945 54048
19946 58144
19947 63265
19948 25376
19949 19232
19950 19201
19951 17192
19952 49952
19953 19232
19954 49944
19955 61185
19956 49952
19957 62248
19958 56065
19959 19233
19960 17185
19961 17185
19962 49944
19963 58216
19964 25376
19965 58145
19966 25377
19967 19200
19968 19233
19969 58121
19970 25376
19971 54048
19972 17193
19973 58144
19974 58152
19975 58144
19976 56064
19977 17184
19978 19240
19979 19233
19980 49952
19981 53024
19982 62248
19983 54016
19984 58144
19985 58144
19986 25344
19987 17192
19988 54056
19989 17184
19990 39456
19991 26409
19992 19201
19993 25345
19994 17208
19995 51744
19996 25377
19997 17192
19998 60192
19999 49929
20000 19200
20001 51856
20002 54064
20003 17168
20004 60193
20005 61225
20006 58144
20007 25352
20008 19232
20009 60192
20010 58152
20011 19208
20012 51969
20013 54057
20014 54057
20015 25352
20016 55081
20017 19232
20018 53776
20019 27489
20020 27425
20021 58144
20022 17153
20023 49952
20024 58208
20025 49960
20026 25376
20027 58152
20028 25376
20029 54048
20030 52001
20031 58145
20032 25352
20033 25377
20034 49961
20035 28448
20036 17193
20037 49952
20038 27432
20039 54057
20040 19208
20041 59169
20042 26400
20043 19240
20044 27520
20045 54057
20046 51976
20047 53024
20048 59168
20049 21281
20050 54048
20051 60193
20052 20256
20053 17189
20054 53792
20055 19200
20056 51969
20057 58209
20058 27432
20059 27433
20060 58145
20061 62240
20062 19208
20063 63265
20064 62208
20065 19201
20066 58145
20067 49960
20068 27425
20069 49952
20070 25360
20071 27456
20072 49952
20073 18960
20074 25376
20075 25384
20076 25345
20077 27432
20078 49961
20079 65376
20080 17168
20081 19200
20082 19201
20083 54033
20084 51760
20085 63265
20086 63329
20087 60200
20088 55073
20089 54049
20090 25352
20091 52000
20092 58113
20093 52000
20094 27424
20095 59169
20096 54049
20097 28512
20098 62241
20099 54048
20100 58217
20101 19241
20102 19233
20103 49953
20104 49921
20105 54048
20106 56096
20107 19233
20108 54049
20109 58112
20110 27393
20111 59233
20112 27488
20113 58152
20114 49953
20115 17184
20116 58145
20117 27425
20118 25376
20119 19200
20120 54048
20121 58145
20122 59168
20123 54048
20124 58145
20125 19233
20126 27425
20127 58144
20128 49953
20129 52993
20130 62241
20131 53025
20132 62241
20133 56096
20134 52000
20135 49921
20136 56088
20137 54057
20138 17152
20139 60193
20140 26401
20141 25377
20142 49953
20143 27488
20144 19233
20145 51993
20146 49953
20147 60193
20148 49953
20149 55080
20150 49953
20151 61217
20152 49976
20153 25376
20154 17192
20155 51976
20156 17153
20157 19360
20158 49952
20159 58144
20160 49952
20161 58145
20162 54057
20163 52000
20164 25376
20165 54056
20166 52001
20167 59233
20168 17184
20169 17184
20170 49952
20171 49960
20172 19208
20173 58145
20174 49953
20175 58144
20176 62249
20177 54064
20178 54048
20179 27425
20180 50976
20181 19232
20182 56105
20183 49961
20184 18960
20185 27424
20186 49952
20187 19241
20188 55080
20189 27393
20190 52001
20191 49952
20192 21281
20193 59168
20194 51969
20195 39456
20196 54817
20197 17185
20198 25344
20199 52008
20200 19240
20201 19200
20202 21288
20203 54048
20204 51745
20205 52000
20206 2720
20207 62241
20208 58208
20209 54048
20210 55856
20211 49952
20212 49953
20213 54057
20214 49960
20215 19233
20216 54056
20217 27425
20218 54049
20219 52001
20220 50976
20221 52001
20222 19224
20223 17185
20224 17193
20225 27425
20226 17160
20227 54056
20228 19201
20229 54048
20230 17185
20231 49920
20232 49928
20233 52001
20234 17200
20235 25377
20236 17185
20237 58145
20238 64289
20239 58144
20240 51992
20241 56096
20242 49953
20243 19232
20244 54072
20245 19201
20246 53025
20247 51968
20248 54056
20249 37664
20250 25384
20251 25352
20252 52000
20253 54048
20254 49960
20255 58144
20256 58153
20257 61185
20258 25376
20259 61224
20260 28449
20261 25384
20262 25440
20263 27400
20264 52001
20265 49961
20266 59176
20267 49960
20268 62240
20269 27488
20270 62241
20271 49944
20272 27392
20273 49960
20274 49952
20275 58144
20276 57128
20277 27425
20278 27456
20279 49944
20280 52009
20281 22305
20282 17185
20283 17184
20284 49960
20285 51976
20286 55072
20287 59169
20288 19240
20289 25344
20290 49961
20291 25376
20292 49969
20293 49976
20294 57121
20295 54048
20296 54049
20297 63265
20298 54049
20299 55081
20300 54048
20301 54057
20302 49920
20303 49952
20304 27425
20305 26400
20306 59168
20307 54056
20308 49952
20309 25376
20310 49952
20311 20264
20312 49952
20313 60160
20314 57121
20315 54049
20316 49936
20317 59168
20318 53024
20319 54056
20320 54048
20321 49960
20322 40761
20323 58144
20324 27393
20325 62240
20326 50977
20327 19233
20328 52009
20329 58217
20330 19232
20331 58144
20332 52000
20333 56096
20334 58112
20335 25377
20336 19233
20337 55073
20338 27489
20339 54072
20340 27424
20341 49952
20342 27400
20343 19201
20344 49921
20345 58113
20346 58144
20347 49952
20348 26401
20349 49953
20350 27424
20351 58144
20352 25377
20353 54057
20354 62240
20355 19216
20356 57184
20357 25352
20358 52001
20359 17185
20360 58216
20361 26400
20362 28449
20363 28449
20364 25376
20365 17185
20366 19233
20367 54120
20368 57129
20369 54049
20370 25344
20371 19240
20372 52000
20373 25361
20374 60160
20375 49953
20376 19233
20377 52000
20378 27392
20379 56065
20380 49953
20381 25345
20382 52001
20383 63264
20384 49953
20385 49960
20386 25376
20387 55073
20388 49976
20389 17160
20390 19200
20391 54024
20392 56089
20393 58145
20394 51713
20395 58144
20396 54048
20397 49952
20398 49953
20399 27425
20400 19241
20401 49953
20402 58145
20403 28448
20404 60200
20405 19201
20406 49960
20407 54048
20408 54048
20409 25377
20410 19233
20411 58145
20412 52000
20413 19241
20414 25345
20415 27392
20416 27392
20417 18960
20418 56088
20419 58120
20420 27424
20421 54049
20422 19233
20423 25376
20424 59169
20425 58208
20426 49952
20427 49952
20428 27401
20429 19240
20430 52001
20431 25384
20432 62241
20433 49953
20434 58144
20435 17185
20436 25344
20437 49952
20438 62305
20439 54049
20440 39457
20441 49960
20442 19241
20443 58112
20444 58144
20445 49920
20446 17192
20447 49953
20448 19233
20449 61216
20450 58152
20451 52000
20452 17200
20453 49960
20454 50977
20455 49960
20456 54049
20457 54057
20458 49953
20459 17193
20460 58144
20461 55073
20462 62240
20463 59169
20464 58144
20465 63273
20466 62241
20467 56097
20468 49953
20469 23328
20470 54049
20471 49952
20472 54056
20473 49960
20474 51977
20475 56865
20476 52000
20477 51745
20478 58272
20479 54048
20480 49944
20481 58152
20482 49953
20483 25440
20484 52000
20485 58153
20486 49920
20487 61216
20488 49952
20489 49928
20490 19344
20491 52008
20492 60193
20493 52000
20494 52072
20495 20257
20496 58145
20497 62240
20498 27424
20499 25352
20500 58152
20501 58121
20502 54072
20503 54048
20504 54061
20505 64289
20506 49936
20507 56104
20508 54048
20509 54061
20510 58144
20511 49953
20512 49952
20513 57129
20514 54048
20515 58128
20516 63264
20517 49952
20518 55080
20519 52001
20520 50976
20521 28449
20522 57121
20523 56096
20524 65312
20525 25440
20526 52000
20527 49920
20528 58145
20529 49952
20530 49976
20531 54048
20532 55080
20533 54048
20534 57120
20535 25360
20536 63272
20537 55072
20538 58145
20539 25376
20540 60160
20541 57128
20542 49953
20543 49952
20544 53793
20545 25377
20546 53024
20547 54041
20548 54049
20549 26369
20550 55073
20551 52025
20552 25345
20553 17192
20554 28457
20555 17184
20556 54056
20557 17152
20558 27425
20559 58152
20560 55081
20561 28457
20562 49960
20563 19240
20564 63264
20565 25385
20566 54048
20567 27392
20568 49953
20569 58144
20570 60192
20571 58113
20572 58144
20573 49936
20574 58152
20575 52000
20576 49945
20577 19201
20578 19232
20579 27400
20580 58145
20581 49952
20582 54056
20583 59168
20584 49953
20585 20256
20586 55073
20587 52009
20588 49952
20589 25376
20590 52001
20591 51968
20592 63264
20593 58145
20594 19209
20595 58208
20596 19233
20597 53033
20598 49968
20599 19240
20600 56104
20601 27433
20602 54056
20603 60200
20604 58120
20605 54056
20606 54048
20607 17192
20608 25376
20609 17193
20610 19232
20611 58144
20612 63328
20613 54072
20614 58145
20615 17184
20616 27392
20617 61217
20618 19233
20619 49921
20620 19240
20621 54061
20622 50976
20623 52001
20624 17184
20625 19232
20626 21281
20627 55080
20628 27520
20629 27425
20630 49976
20631 63329
20632 49952
20633 54056
20634 54048
20635 25384
20636 49960
20637 49953
20638 25344
20639 27424
20640 49953
20641 17152
20642 19232
20643 19224
20644 55081
20645 58144
20646 54056
20647 52001
20648 27488
20649 58144
20650 49929
20651 63265
20652 55072
20653 51968
20654 54056
20655 49952
20656 56096
20657 25345
20658 25441
20659 49952
20660 25377
20661 54049
20662 18208
20663 25440
20664 58144
20665 54072
20666 58208
20667 17168
20668 54048
20669 49920
20670 17153
20671 27488
20672 56096
20673 54057
20674 51744
20675 17185
20676 49952
20677 49952
20678 20257
20679 20257
20680 17185
20681 19233
20682 49921
20683 49952
20684 39728
20685 49944
20686 58208
20687 50977
20688 25448
20689 28449
20690 49953
20691 62240
20692 56097
20693 52001
20694 49976
20695 55073
20696 49952
20697 49953
20698 54024
20699 58145
20700 49960
20701 55081
20702 61217
20703 55080
20704 58208
20705 17184
20706 54056
20707 58144
20708 25472
20709 57128
20710 25377
20711 56096
20712 17185
20713 49953
20714 58208
20715 58144
20716 53033
20717 52064
20718 52000
20719 56120
20720 54048
20721 17200
20722 17185
20723 19224
20724 25376
20725 49952
20726 55144
20727 52000
20728 58144
20729 56105
20730 27393
20731 49952
20732 54048
20733 27425
20734 27425
20735 52008
20736 28449
20737 55073
20738 25441
20739 26400
20740 54048
20741 57184
20742 27401
20743 19232
20744 27392
20745 19233
20746 37664
20747 61217
20748 54048
20749 58144
20750 25384
20751 56097
20752 49952
20753 25384
20754 52001
20755 58152
20756 26401
20757 49953
20758 58121
20759 17248
20760 56097
20761 17184
20762 58145
20763 23328
20764 62241
20765 54048
20766 25376
20767 54057
20768 60192
20769 27392
20770 64289
20771 50016
20772 27392
20773 19240
20774 49952
20775 51976
20776 58152
20777 49952
20778 63265
20779 62248
20780 55080
20781 57120
20782 51760
20783 49921
20784 49953
20785 62241
20786 49960
20787 19200
20788 25376
20789 54049
20790 25344
20791 25376
20792 49952
20793 26401
20794 27424
20795 53024
20796 58145
20797 18217
20798 27425
20799 17200
20800 62248
20801 54049
20802 25344
20803 52001
20804 57121
20805 19216
20806 49952
20807 49952
20808 52000
20809 25345
20810 19241
20811 49920
20812 19241
20813 55856
20814 52008
20815 50985
20816 62248
20817 54049
20818 19240
20819 17160
20820 60192
20821 25345
20822 26401
20823 27424
20824 19240
20825 19241
20826 58209
20827 49953
20828 25344
20829 25352
20830 51968
20831 56864
20832 19232
20833 49953
20834 52000
20835 20256
20836 39713
20837 51984
20838 25345
20839 49960
20840 56097
20841 54056
20842 54048
20843 55073
20844 27488
20845 52000
20846 54048
20847 25408
20848 54056
20849 19232
20850 27424
20851 49969
20852 25377
20853 58145
20854 27488
20855 56097
20856 52000
20857 25368
20858 25376
20859 62241
20860 20256
20861 54016
20862 27425
20863 17192
20864 56097
20865 52000
20866 58145
20867 25384
20868 57184
20869 25376
20870 56096
20871 58144
20872 27424
20873 51969
20874 57120
20875 19201
20876 27424
20877 55080
20878 58145
20879 27424
20880 19233
20881 49920
20882 54048
20883 58216
20884 25440
20885 57129
20886 19201
20887 49953
20888 49952
20889 60256
20890 52001
20891 52000
20892 27392
20893 60193
20894 52001
20895 49952
20896 27424
20897 49952
20898 49929
20899 60193
20900 49976
20901 52000
20902 59168
20903 25377
20904 62241
20905 36640
20906 58145
20907 27400
20908 25449
20909 26400
20910 27425
20911 25376
20912 61217
20913 17192
20914 54049
20915 17161
20916 52000
20917 18209
20918 19208
20919 56097
20920 17224
20921 10785
20922 27393
20923 55096
20924 19217
20925 27489
20926 54049
20927 25344
20928 28449
20929 55072
20930 55072
20931 19256
20932 27432
20933 25376
20934 49960
20935 52001
20936 63329
20937 26408
20938 58145
20939 58145
20940 58112
20941 56120
20942 54048
20943 49920
20944 19240
20945 50976
20946 49952
20947 19216
20948 58209
20949 64289
20950 17184
20951 52001
20952 54024
20953 17184
20954 50976
20955 54049
20956 25376
20957 55081
20958 25377
20959 54048
20960 49953
20961 49937
20962 58144
20963 19233
20964 17192
20965 54024
20966 20257
20967 56072
20968 54049
20969 53024
20970 56096
20971 51992
20972 56120
20973 52000
20974 52000
20975 54049
20976 25385
20977 55080
20978 27488
20979 54056
20980 25344
20981 58145
20982 49952
20983 53024
20984 49960
20985 55073
20986 62240
20987 27401
20988 49952
20989 56097
20990 27393
20991 49953
20992 51985
20993 19233
20994 54049
20995 54057
20996 49952
20997 19232
20998 52000
20999 49952
21000 19232
21001 17185
21002 17185
21003 52001
21004 49953
21005 59168
21006 19344
21007 54048
21008 50984
21009 54056
21010 58144
21011 19233
21012 54072
21013 54032
21014 27408
21015 26408
21016 49960
21017 17152
21018 64288
21019 19233
21020 54016
21021 19233
21022 49953
21023 60192
21024 49952
21025 56097
21026 19232
21027 52009
21028 56089
21029 51992
21030 27424
21031 54049
21032 62248
21033 55136
21034 56104
21035 54049
21036 51713
21037 54048
21038 61217
21039 25441
21040 55073
21041 49952
21042 19232
21043 26400
21044 27425
21045 7969
21046 25344
21047 57120
21048 40480
21049 49960
21050 27425
21051 53793
21052 58145
21053 54057
21054 55073
21055 19233
21056 60192
21057 62241
21058 58144
21059 17185
21060 58152
21061 27393
21062 49921
21063 54048
21064 51976
21065 55073
21066 54049
21067 52001
21068 63265
21069 58145
21070 54049
21071 19201
21072 52064
21073 49960
21074 63264
21075 19216
21076 19200
21077 25345
21078 25376
21079 27424
21080 19200
21081 58112
21082 54065
21083 19233
21084 49960
21085 58145
21086 60320
21087 19200
21088 17185
21089 25344
21090 61217
21091 27424
21092 58145
21093 27424
21094 61217
21095 54049
21096 49953
21097 54049
21098 19233
21099 55072
21100 58145
21101 49953
21102 59168
21103 2848
21104 60201
21105 58144
21106 51976
21107 27433
21108 25377
21109 27424
21110 801
21111 51969
21112 49952
21113 19233
21114 54049
21115 25377
21116 27425
21117 27432
21118 49969
21119 49953
21120 40736
21121 49952
21122 40736
21123 40736
21124 36640
21125 25376
21126 55072
21127 52000
21128 52000
21129 54048
21130 27424
21131 54120
21132 60193
21133 55080
21134 19240
21135 60192
21136 55072
21137 27392
21138 62240
21139 55080
21140 52000
21141 17152
21142 58144
21143 27393
21144 25345
21145 51984
21146 56097
21147 52000
21148 54072
21149 49976
21150 55080
21151 25377
21152 40736
21153 60193
21154 27392
21155 23337
21156 58208
21157 62248
21158 26465
21159 49953
21160 58145
21161 54040
21162 52001
21163 62241
21164 58209
21165 27425
21166 17189
21167 17161
21168 52001
21169 27424
21170 62241
21171 49921
21172 49961
21173 55073
21174 27401
21175 58144
21176 27425
21177 58144
21178 49952
21179 54072
21180 55081
21181 59169
21182 19224
21183 54049
21184 52009
21185 28417
21186 60161
21187 58145
21188 52000
21189 54048
21190 27425
21191 52000
21192 63264
21193 19328
21194 59177
21195 56096
21196 52001
21197 60200
21198 56104
21199 54049
21200 54072
21201 2593
21202 50976
21203 63265
21204 59177
21205 53024
21206 11041
21207 49952
21208 60320
21209 17153
21210 49952
21211 57121
21212 49952
21213 49944
21214 57121
21215 56121
21216 55073
21217 27425
21218 59177
21219 54049
21220 49953
21221 54064
21222 25384
21223 54048
21224 28512
21225 27393
21226 58184
21227 52000
21228 49952
21229 18209
21230 53032
21231 57121
21232 19200
21233 19224
21234 3897
21235 58144
21236 52000
21237 25352
21238 59168
21239 59137
21240 54048
21241 19241
21242 49952
21243 19232
21244 53025
21245 52128
21246 62304
21247 54048
21248 58145
21249 19201
21250 2848
21251 59169
21252 49953
21253 49953
21254 25377
21255 27393
21256 52008
21257 19201
21258 61217
21259 55081
21260 58145
21261 49961
21262 52008
21263 54057
21264 56096
21265 54057
21266 49957
21267 39720
21268 49952
21269 17184
21270 62248
21271 49960
21272 25385
21273 49952
21274 63265
21275 27393
21276 58216
21277 25377
21278 20257
21279 17176
21280 25376
21281 49952
21282 49961
21283 55072
21284 25376
21285 55072
21286 27432
21287 25345
21288 58120
21289 27496
21290 63265
21291 17160
21292 19233
21293 17184
21294 63272
21295 58144
21296 61216
21297 58208
21298 60192
21299 54048
21300 18945
21301 54048
21302 25440
21303 54049
21304 28449
21305 56105
21306 57129
21307 58144
21308 58113
21309 58145
21310 54049
21311 25504
21312 54049
21313 56097
21314 57121
21315 59176
21316 26401
21317 57121
21318 28449
21319 61217
21320 54057
21321 56160
21322 52001
21323 26408
21324 25345
21325 54048
21326 25345
21327 55073
21328 60192
21329 54049
21330 62249
21331 25377
21332 49960
21333 20257
21334 57120
21335 63265
21336 51976
21337 27432
21338 54057
21339 27392
21340 50977
21341 17192
21342 61217
21343 25377
21344 54049
21345 51969
21346 27425
21347 55080
21348 49960
21349 24353
21350 54049
21351 54048
21352 27424
21353 19200
21354 58121
21355 27400
21356 27392
21357 52009
21358 54053
21359 54048
21360 49952
21361 55072
21362 58144
21363 54048
21364 17185
21365 57121
21366 58144
21367 49952
21368 49952
21369 49953
21370 19233
21371 55072
21372 25376
21373 52001
21374 25376
21375 49960
21376 19256
21377 54057
21378 19201
21379 49952
21380 58145
21381 50976
21382 58144
21383 52016
21384 54049
21385 11040
21386 49952
21387 63265
21388 27424
21389 54057
21390 17185
21391 58152
21392 58144
21393 17160
21394 40480
21395 26401
21396 40481
21397 56097
21398 25377
21399 58145
21400 27424
21401 54033
21402 19233
21403 25504
21404 49952
21405 49952
21406 25377
21407 60169
21408 49952
21409 17185
21410 27425
21411 63272
21412 17185
21413 62240
21414 17168
21415 62248
21416 52009
21417 51969
21418 17185
21419 25344
21420 51745
21421 63273
21422 61281
21423 60161
21424 18209
21425 55081
21426 49953
21427 49953
21428 19248
21429 26400
21430 52008
21431 58112
21432 19232
21433 63273
21434 49928
21435 19232
21436 49960
21437 49952
21438 58208
21439 19200
21440 59168
21441 52000
21442 17152
21443 39712
21444 17176
21445 59169
21446 27424
21447 20257
21448 58208
21449 19233
21450 58144
21451 27425
21452 17184
21453 58144
21454 19233
21455 54049
21456 25376
21457 25408
21458 54048
21459 54064
21460 54057
21461 49953
21462 56073
21463 2609
21464 25377
21465 49945
21466 55097
21467 58153
21468 54057
21469 52001
21470 27392
21471 27425
21472 6689
21473 59168
21474 25449
21475 21281
21476 63264
21477 17185
21478 49928
21479 57128
21480 56097
21481 25345
21482 63265
21483 52000
21484 56112
21485 27416
21486 17193
21487 62240
21488 49960
21489 27393
21490 19328
21491 54048
21492 61216
21493 49960
21494 17192
21495 52001
21496 60193
21497 17185
21498 60201
21499 60161
21500 49952
21501 49960
21502 27433
21503 17160
21504 27392
21505 19232
21506 52993
21507 58144
21508 60193
21509 58112
21510 54056
21511 19201
21512 58144
21513 27424
21514 54048
21515 58144
21516 52000
21517 25377
21518 53024
21519 63272
21520 56096
21521 27432
21522 53025
21523 58144
21524 27424
21525 58145
21526 62240
21527 56097
21528 56096
21529 56105
21530 19201
21531 25360
21532 27432
21533 49953
21534 19240
21535 19232
21536 60200
21537 27392
21538 19232
21539 54049
21540 18945
21541 60169
21542 25377
21543 49952
21544 58144
21545 54049
21546 52000
21547 49920
21548 53793
21549 63329
21550 49960
21551 54049
21552 17184
21553 27400
21554 58136
21555 52000
21556 27392
21557 49957
21558 25377
21559 28449
21560 60161
21561 49952
21562 59169
21563 54056
21564 27393
21565 17161
21566 59169
21567 17153
21568 17161
21569 52001
21570 58145
21571 57121
21572 58208
21573 17256
21574 49960
21575 53792
21576 19232
21577 19233
21578 57121
21579 60193
21580 49952
21581 19232
21582 49952
21583 59169
21584 51968
21585 58144
21586 52000
21587 17160
21588 17192
21589 25352
21590 56864
21591 40800
21592 25360
21593 17193
21594 25376
21595 17152
21596 56096
21597 57121
21598 49952
21599 27393
21600 58208
21601 18977
21602 2824
21603 57120
21604 54057
21605 49952
21606 63264
21607 58144
21608 54048
21609 63273
21610 62248
21611 20257
21612 62241
21613 57089
21614 18217
21615 58144
21616 57121
21617 63272
21618 17161
21619 51969
21620 27425
21621 19233
21622 19240
21623 17192
21624 56096
21625 25344
21626 60161
21627 55072
21628 59168
21629 51968
21630 55073
21631 54056
21632 27425
21633 19200
21634 49960
21635 56097
21636 17161
21637 28417
21638 49920
21639 49961
21640 49952
21641 51968
21642 19201
21643 27457
21644 60161
21645 58112
21646 27424
21647 25385
21648 27489
21649 49960
21650 55073
21651 53793
21652 49960
21653 58145
21654 25377
21655 27393
21656 27393
21657 55073
21658 55081
21659 27425
21660 49961
21661 57121
21662 25448
21663 25344
21664 27393
21665 19201
21666 56160
21667 37665
21668 60192
21669 17161
21670 25344
21671 54057
21672 58112
21673 52000
21674 54049
21675 28448
21676 58145
21677 2848
21678 25376
21679 25360
21680 62241
21681 54065
21682 19232
21683 56097
21684 25384
21685 55072
21686 54048
21687 56097
21688 52001
21689 17208
21690 59168
21691 27393
21692 17152
21693 49936
21694 19217
21695 58112
21696 19232
21697 17153
21698 25344
21699 56097
21700 17184
21701 19232
21702 17184
21703 19233
21704 49953
21705 27425
21706 62248
21707 17153
21708 56104
21709 58144
21710 59168
21711 58152
21712 62241
21713 59169
21714 57120
21715 17185
21716 49928
21717 27424
21718 19233
21719 25384
21720 54056
21721 19232
21722 60192
21723 61216
21724 62248
21725 60168
21726 57120
21727 52001
21728 17176
21729 25448
21730 19208
21731 25345
21732 25344
21733 49928
21734 17168
21735 58112
21736 27401
21737 19200
21738 19232
21739 17168
21740 27425
21741 59177
21742 56120
21743 58145
21744 17176
21745 52000
21746 27393
21747 49953
21748 55073
21749 27392
21750 3616
21751 25345
21752 60192
21753 26400
21754 27425
21755 17184
21756 2593
21757 39720
21758 49936
21759 27393
21760 62248
21761 17161
21762 26401
21763 7969
21764 49953
21765 58144
21766 20257
21767 49921
21768 54049
21769 57121
21770 58113
21771 17184
21772 2720
21773 28513
21774 19241
21775 63265
21776 19233
21777 52000
21778 25377
21779 27424
21780 58208
21781 59177
21782 27425
21783 52000
21784 51993
21785 58144
21786 61217
21787 60161
21788 25377
21789 27392
21790 19232
21791 60200
21792 3616
21793 58144
21794 25441
21795 54057
21796 58145
21797 49936
21798 60192
21799 17185
21800 17184
21801 25344
21802 52001
21803 25377
21804 25384
21805 27424
21806 25384
21807 49952
21808 49952
21809 17184
21810 19328
21811 58208
21812 58144
21813 55144
21814 63265
21815 17152
21816 17184
21817 58208
21818 49953
21819 58144
21820 19233
21821 54049
21822 59168
21823 19201
21824 27393
21825 17160
21826 59169
21827 60161
21828 54057
21829 25377
21830 58144
21831 49952
21832 58208
21833 25376
21834 49953
21835 27393
21836 25377
21837 56097
21838 6945
21839 49952
21840 56097
21841 54072
21842 56097
21843 58145
21844 58216
21845 56072
21846 49952
21847 54048
21848 49952
21849 51968
21850 65313
21851 58112
21852 54056
21853 60192
21854 56104
21855 49969
21856 65313
21857 52000
21858 54049
21859 55072
21860 52000
21861 40737
21862 61281
21863 17184
21864 17176
21865 58145
21866 54049
21867 59169
21868 62240
21869 25440
21870 54049
21871 50976
21872 54073
21873 58153
21874 52000
21875 57120
21876 49953
21877 58144
21878 60192
21879 49936
21880 63265
21881 58145
21882 55080
21883 52000
21884 60193
21885 25376
21886 49936
21887 54056
21888 56097
21889 54057
21890 54056
21891 61281
21892 19232
21893 54056
21894 52000
21895 49952
21896 27425
21897 55073
21898 52000
21899 49920
21900 54040
21901 19201
21902 19232
21903 54049
21904 25344
21905 49953
21906 25344
21907 56096
21908 61216
21909 49968
21910 17185
21911 54048
21912 27393
21913 49929
21914 60192
21915 19240
21916 27424
21917 59232
21918 25376
21919 49953
21920 59169
21921 60257
21922 58112
21923 58121
21924 58216
21925 56065
21926 58144
21927 52993
21928 52000
21929 57121
21930 27393
21931 25344
21932 58112
21933 58144
21934 52064
21935 19208
21936 54049
21937 25344
21938 17185
21939 54048
21940 61217
21941 49952
21942 55073
21943 20256
21944 52000
21945 58209
21946 49929
21947 49961
21948 64289
21949 52064
21950 19233
21951 49953
21952 25376
21953 17153
21954 62208
21955 54056
21956 54049
21957 58145
21958 57121
21959 19217
21960 58113
21961 54049
21962 17185
21963 56097
21964 49920
21965 60192
21966 25344
21967 27392
21968 58112
21969 58145
21970 54040
21971 54048
21972 18977
21973 19296
21974 25344
21975 19208
21976 801
21977 55081
21978 19209
21979 25440
21980 25376
21981 54049
21982 27425
21983 56105
21984 58208
21985 49928
21986 22305
21987 52000
21988 25449
21989 49952
21990 57121
21991 63265
21992 55080
21993 49953
21994 27488
21995 25377
21996 19217
21997 58112
21998 54024
21999 49953
22000 57121
22001 52008
22002 58145
22003 27425
22004 17185
22005 59169
22006 19208
22007 27425
22008 59168
22009 17152
22010 25344
22011 21281
22012 49960
22013 50976
22014 57128
22015 27424
22016 27393
22017 17184
22018 49960
22019 19232
22020 49952
22021 49960
22022 25384
22023 25368
22024 25352
22025 17185
22026 49968
22027 25377
22028 52001
22029 65313
22030 25448
22031 55841
22032 49952
22033 64288
22034 17185
22035 18216
22036 52000
22037 27392
22038 49960
22039 17152
22040 28448
22041 27488
22042 60193
22043 54048
22044 25385
22045 61217
22046 40736
22047 54057
22048 25344
22049 60192
22050 3873
22051 27393
22052 58208
22053 52016
22054 49953
22055 8992
22056 58152
22057 60193
22058 17192
22059 52001
22060 58144
22061 25377
22062 52000
22063 39457
22064 60192
22065 52001
22066 25377
22067 55080
22068 55088
22069 51713
22070 58144
22071 50976
22072 60200
22073 17184
22074 57121
22075 25377
22076 37672
22077 62240
22078 49953
22079 19233
22080 17256
22081 49952
22082 62240
22083 56096
22084 52001
22085 17185
22086 27424
22087 49968
22088 51745
22089 58144
22090 58209
22091 19233
22092 54048
22093 58145
22094 54048
22095 58145
22096 39713
22097 52001
22098 17185
22099 56105
22100 27393
22101 26401
22102 59169
22103 59176
22104 52000
22105 52008
22106 19216
22107 58144
22108 19241
22109 49968
22110 19328
22111 63264
22112 19233
22113 25344
22114 25376
22115 49921
22116 19232
22117 60193
22118 17193
22119 27456
22120 54056
22121 57120
22122 25384
22123 54057
22124 58152
22125 26401
22126 58112
22127 58112
22128 19240
22129 19201
22130 25377
22131 49952
22132 25344
22133 58208
22134 19249
22135 17153
22136 58144
22137 19249
22138 54048
22139 27496
22140 27425
22141 55081
22142 49960
22143 58145
22144 54072
22145 52001
22146 19240
22147 27425
22148 55073
22149 62312
22150 28449
22151 54056
22152 27425
22153 27425
22154 55832
22155 25441
22156 19233
22157 54048
22158 58144
22159 54064
22160 56097
22161 25344
22162 49920
22163 52000
22164 58145
22165 54048
22166 54057
22167 65320
22168 61216
22169 58153
22170 58152
22171 54056
22172 62304
22173 63265
22174 54049
22175 56073
22176 58144
22177 56097
22178 49952
22179 27424
22180 55080
22181 25376
22182 19233
22183 19200
22184 49944
22185 27393
22186 40480
22187 19201
22188 19201
22189 19241
22190 63265
22191 49968
22192 57121
22193 27424
22194 19248
22195 58144
22196 61216
22197 25377
22198 27393
22199 55072
22200 19232
22201 62241
22202 49952
22203 27393
22204 17224
22205 62240
22206 54049
22207 27424
22208 26400
22209 27400
22210 56073
22211 58144
22212 25384
22213 49952
22214 19233
22215 8992
22216 17184
22217 19241
22218 55072
22219 27425
22220 25377
22221 19232
22222 52000
22223 52000
22224 18945
22225 17152
22226 50984
22227 17184
22228 54048
22229 58144
22230 25377
22231 19240
22232 58144
22233 49953
22234 59169
22235 21288
22236 62240
22237 54048
22238 54057
22239 51968
22240 27432
22241 60192
22242 26401
22243 60193
22244 17184
22245 62240
22246 52001
22247 52000
22248 65376
22249 57120
22250 52000
22251 54056
22252 27424
22253 49952
22254 54049
22255 63265
22256 60192
22257 52000
22258 55072
22259 17192
22260 49952
22261 27425
22262 25440
22263 17248
22264 20257
22265 25344
22266 54048
22267 27393
22268 64288
22269 27425
22270 58144
22271 56096
22272 19232
22273 49952
22274 25352
22275 20256
22276 58145
22277 19232
22278 27392
22279 51976
22280 49960
22281 49937
22282 25344
22283 56097
22284 52064
22285 27425
22286 57128
22287 25345
22288 17153
22289 56865
22290 27425
22291 2848
22292 49961
22293 19232
22294 52768
22295 59168
22296 49928
22297 26400
22298 62241
22299 27424
22300 19241
22301 19209
22302 49953
22303 54057
22304 25376
22305 55073
22306 27392
22307 58113
22308 52008
22309 56104
22310 59169
22311 25345
22312 17192
22313 19241
22314 59177
22315 27392
22316 51000
22317 63264
22318 58145
22319 60256
22320 52001
22321 27424
22322 19232
22323 56104
22324 49961
22325 17168
22326 27424
22327 54017
22328 49952
22329 17193
22330 49952
22331 58145
22332 54064
22333 51969
22334 25376
22335 25377
22336 27425
22337 56097
22338 2592
22339 27400
22340 56065
22341 59233
22342 49953
22343 54049
22344 54049
22345 60256
22346 25441
22347 54057
22348 19240
22349 19201
22350 51984
22351 17185
22352 25344
22353 60161
22354 49952
22355 58152
22356 25377
22357 65313
22358 25377
22359 27400
22360 52000
22361 58152
22362 25368
22363 58152
22364 54025
22365 60168
22366 49953
22367 2856
22368 60200
22369 54056
22370 49953
22371 54056
22372 19233
22373 17152
22374 58217
22375 60161
22376 52128
22377 58128
22378 27393
22379 54064
22380 55072
22381 60193
22382 58113
22383 19233
22384 27393
22385 54049
22386 19200
22387 63328
22388 49952
22389 17185
22390 54049
22391 58145
22392 56089
22393 58144
22394 2856
22395 2720
22396 25344
22397 27392
22398 60192
22399 17200
22400 54048
22401 19232
22402 56096
22403 59169
22404 56096
22405 49953
22406 49952
22407 49960
22408 40544
22409 58144
22410 54048
22411 17185
22412 49952
22413 49952
22414 54048
22415 63328
22416 17168
22417 53792
22418 25384
22419 25377
22420 57128
22421 50984
22422 49960
22423 49952
22424 27401
22425 54049
22426 50977
22427 27425
22428 17152
22429 52001
22430 27424
22431 19233
22432 60200
22433 56096
22434 25376
22435 57121
22436 19208
22437 49968
22438 25440
22439 58153
22440 60193
22441 54032
22442 54048
22443 27424
22444 49921
22445 54048
22446 56097
22447 58145
22448 19201
22449 54049
22450 58144
22451 27425
22452 25384
22453 27425
22454 25377
22455 54048
22456 55073
22457 19200
22458 19241
22459 54040
22460 49928
22461 58144
22462 19200
22463 19241
22464 17184
22465 49952
22466 25344
22467 19233
22468 59168
22469 53777
22470 58208
22471 49960
22472 54024
22473 56096
22474 25377
22475 55073
22476 58144
22477 49953
22478 54049
22479 56097
22480 25376
22481 62240
22482 27392
22483 52000
22484 54057
22485 51976
22486 50977
22487 37665
22488 49960
22489 58112
22490 24353
22491 25345
22492 54048
22493 52000
22494 19233
22495 58144
22496 27425
22497 59169
22498 58112
22499 54049
22500 52008
22501 58144
22502 19233
22503 49928
22504 62241
22505 17168
22506 55072
22507 50977
22508 54048
22509 52000
22510 49960
22511 55073
22512 57121
22513 58112
22514 25376
22515 49953
22516 50976
22517 62304
22518 62208
22519 19233
22520 58185
22521 52001
22522 17152
22523 52000
22524 17192
22525 54064
22526 54057
22527 19200
22528 49960
22529 54056
22530 55073
22531 40800
22532 58112
22533 58152
22534 27393
22535 27433
22536 58153
22537 54056
22538 51976
22539 49960
22540 58112
22541 52001
22542 28448
22543 56120
22544 49920
22545 52000
22546 59169
22547 51968
22548 62305
22549 58144
22550 22305
22551 19232
22552 58144
22553 25440
22554 49952
22555 25376
22556 25345
22557 49952
22558 27425
22559 27432
22560 49960
22561 27393
22562 54040
22563 60193
22564 17152
22565 63264
22566 54049
22567 50977
22568 59169
22569 58145
22570 60256
22571 25345
22572 58113
22573 17160
22574 49960
22575 51976
22576 57120
22577 49952
22578 27425
22579 54057
22580 52000
22581 54060
22582 19201
22583 17184
22584 54048
22585 54056
22586 49921
22587 26465
22588 49952
22589 19232
22590 49953
22591 27393
22592 17152
22593 54048
22594 17176
22595 58144
22596 58144
22597 58144
22598 17160
22599 28449
22600 57120
22601 49952
22602 51984
22603 49953
22604 58153
22605 58144
22606 27393
22607 17176
22608 26465
22609 49945
22610 56104
22611 49961
22612 27425
22613 25345
22614 49953
22615 27489
22616 40737
22617 8992
22618 51992
22619 17184
22620 52001
22621 54048
22622 58144
22623 57129
22624 54056
22625 27401
22626 27425
22627 52000
22628 19344
22629 55072
22630 19240
22631 58144
22632 55073
22633 52000
22634 25376
22635 52008
22636 19232
22637 62312
22638 63264
22639 49921
22640 63265
22641 58144
22642 25344
22643 49928
22644 58145
22645 54025
22646 58144
22647 54112
22648 25384
22649 19233
22650 27425
22651 54048
22652 54049
22653 49953
22654 27425
22655 56105
22656 19208
22657 54057
22658 49952
22659 58272
22660 54064
22661 54057
22662 54049
22663 49920
22664 53025
22665 49953
22666 62240
22667 49968
22668 25377
22669 27425
22670 54048
22671 59169
22672 55080
22673 19201
22674 49960
22675 19224
22676 17160
22677 25344
22678 25360
22679 54048
22680 19201
22681 59168
22682 54048
22683 54060
22684 26409
22685 27392
22686 49960
22687 49952
22688 2848
22689 17185
22690 49957
22691 19233
22692 17168
22693 61280
22694 49953
22695 17152
22696 58144
22697 25344
22698 27392
22699 52008
22700 49936
22701 53809
22702 60192
22703 58153
22704 51728
22705 56097
22706 58145
22707 25504
22708 58216
22709 28513
22710 49952
22711 59169
22712 49953
22713 19233
22714 54048
22715 59176
22716 54049
22717 57121
22718 49944
22719 25376
22720 62305
22721 17184
22722 27424
22723 54072
22724 58145
22725 49952
22726 49936
22727 25377
22728 54048
22729 17168
22730 27425
22731 49953
22732 19233
22733 17160
22734 52001
22735 27432
22736 27392
22737 49928
22738 57121
22739 53024
22740 60192
22741 54048
22742 58153
22743 17184
22744 53793
22745 60193
22746 49952
22747 58120
22748 49960
22749 57121
22750 54048
22751 49960
22752 21280
22753 17185
22754 54056
22755 64296
22756 55073
22757 60200
22758 64289
22759 59176
22760 25344
22761 58144
22762 25376
22763 18209
22764 63328
22765 52000
22766 58136
22767 58128
22768 56865
22769 26465
22770 49952
22771 49952
22772 60160
22773 49961
22774 49953
22775 63273
22776 60193
22777 49952
22778 25377
22779 49920
22780 63265
22781 56096
22782 54073
22783 25376
22784 49952
22785 49953
22786 19232
22787 19209
22788 60192
22789 19233
22790 52001
22791 49952
22792 54056
22793 60192
22794 19200
22795 27424
22796 58152
22797 54056
22798 52072
22799 52000
22800 49952
22801 58145
22802 49952
22803 57121
22804 58113
22805 54049
22806 55072
22807 60257
22808 19233
22809 27393
22810 62240
22811 56105
22812 54057
22813 18945
22814 61217
22815 27425
22816 27425
22817 55072
22818 52009
22819 60201
22820 49952
22821 54040
22822 49968
22823 49952
22824 27393
22825 60192
22826 55073
22827 58144
22828 25376
22829 60193
22830 37680
22831 27393
22832 60200
22833 58152
22834 25408
22835 49952
22836 25376
22837 54056
22838 58145
22839 61216
22840 57121
22841 52000
22842 49976
22843 25376
22844 52072
22845 55072
22846 62241
22847 49953
22848 52001
22849 56096
22850 59232
22851 39712
22852 51760
22853 57121
22854 49952
22855 54064
22856 28449
22857 58144
22858 56096
22859 25368
22860 58209
22861 27424
22862 58144
22863 52001
22864 52001
22865 54056
22866 49936
22867 27392
22868 49952
22869 19233
22870 27424
22871 19225
22872 54056
22873 19233
22874 52000
22875 25384
22876 62241
22877 58144
22878 28449
22879 53025
22880 49952
22881 49960
22882 54049
22883 62240
22884 62240
22885 17168
22886 52008
22887 52008
22888 27425
22889 60192
22890 58144
22891 54064
22892 59137
22893 52000
22894 49952
22895 37665
22896 63265
22897 19233
22898 27392
22899 49953
22900 19296
22901 40737
22902 25385
22903 19232
22904 27424
22905 52001
22906 56104
22907 49944
22908 58144
22909 57121
22910 19232
22911 19233
22912 62248
22913 49936
22914 19201
22915 26401
22916 17184
22917 49929
22918 53033
22919 27393
22920 25376
22921 55081
22922 25376
22923 50976
22924 27488
22925 56105
22926 26401
22927 49953
22928 56120
22929 61280
22930 17193
22931 52000
22932 25376
22933 25376
22934 52008
22935 19201
22936 60200
22937 64289
22938 19201
22939 19216
22940 17152
22941 25376
22942 7969
22943 54049
22944 49953
22945 58145
22946 49952
22947 59233
22948 52009
22949 25377
22950 25344
22951 63265
22952 62241
22953 27432
22954 27424
22955 52001
22956 49952
22957 19233
22958 54056
22959 54049
22960 51968
22961 27425
22962 60257
22963 61216
22964 52001
22965 54065
22966 52000
22967 51969
22968 56160
22969 58144
22970 49952
22971 60193
22972 49952
22973 49952
22974 62241
22975 27489
22976 27425
22977 59169
22978 49953
22979 52001
22980 58152
22981 19200
22982 54056
22983 56089
22984 49921
22985 61217
22986 58144
22987 56096
22988 17208
22989 49953
22990 58112
22991 49952
22992 58145
22993 49952
22994 25344
22995 58145
22996 19201
22997 27425
22998 57121
22999 19232
23000 17184
23001 21280
23002 60193
23003 25345
23004 55081
23005 54048
23006 58113
23007 25441
23008 54048
23009 60193
23010 54056
23011 19241
23012 58208
23013 54057
23014 49968
23015 61225
23016 55072
23017 63264
23018 25376
23019 25344
23020 40736
23021 50976
23022 49921
23023 19233
23024 63264
23025 27424
23026 54049
23027 49952
23028 58145
23029 54040
23030 55080
23031 49953
23032 56096
23033 17185
23034 60200
23035 58145
23036 54056
23037 54049
23038 26401
23039 25377
23040 54053
23041 18977
23042 26464
23043 57128
23044 60256
23045 19208
23046 25376
23047 25376
23048 58144
23049 58145
23050 52009
23051 27425
23052 56097
23053 25360
23054 60193
23055 49961
23056 27425
23057 19232
23058 49921
23059 51969
23060 27425
23061 59169
23062 49960
23063 49953
23064 50977
23065 17184
23066 25448
23067 25368
23068 27392
23069 40737
23070 60193
23071 56097
23072 62240
23073 49960
23074 19232
23075 58144
23076 23328
23077 56096
23078 25384
23079 50977
23080 56073
23081 54056
23082 56096
23083 62241
23084 49953
23085 52024
23086 27392
23087 60256
23088 17184
23089 49921
23090 58113
23091 60192
23092 54056
23093 60256
23094 54072
23095 17200
23096 27425
23097 50976
23098 17184
23099 19232
23100 54048
23101 56073
23102 19201
23103 17160
23104 59169
23105 49960
23106 56096
23107 19208
23108 49960
23109 25376
23110 60160
23111 17152
23112 52001
23113 49952
23114 54049
23115 25384
23116 39721
23117 27464
23118 18216
23119 27425
23120 49953
23121 19240
23122 19209
23123 59168
23124 58144
23125 26465
23126 27489
23127 25345
23128 56097
23129 49960
23130 59169
23131 17184
23132 57120
23133 56160
23134 54048
23135 17153
23136 49928
23137 63264
23138 58113
23139 25377
23140 49960
23141 55073
23142 55073
23143 17192
23144 56097
23145 58112
23146 54048
23147 20257
23148 60192
23149 56097
23150 54048
23151 57121
23152 20257
23153 17192
23154 63265
23155 54112
23156 57129
23157 55080
23158 19232
23159 60192
23160 38688
23161 28513
23162 49968
23163 52001
23164 19200
23165 40800
23166 60160
23167 49952
23168 19296
23169 51728
23170 58152
23171 63265
23172 19208
23173 19200
23174 19201
23175 52008
23176 54049
23177 58144
23178 27425
23179 49968
23180 54048
23181 54048
23182 27425
23183 49952
23184 27424
23185 49936
23186 2849
23187 60192
23188 20257
23189 55080
23190 25377
23191 54065
23192 54048
23193 19224
23194 56105
23195 58216
23196 54064
23197 58145
23198 57121
23199 49960
23200 54064
23201 25377
23202 19209
23203 59176
23204 55072
23205 49969
23206 25345
23207 54056
23208 56096
23209 54048
23210 52000
23211 49936
23212 52001
23213 53025
23214 27425
23215 19209
23216 26369
23217 58113
23218 27425
23219 54049
23220 19201
23221 17184
23222 27424
23223 40737
23224 51993
23225 17184
23226 49961
23227 19232
23228 58144
23229 17184
23230 62240
23231 27424
23232 58112
23233 25376
23234 27433
23235 55080
23236 19208
23237 25377
23238 28448
23239 51969
23240 25376
23241 52008
23242 49936
23243 58145
23244 57121
23245 63265
23246 53033
23247 19241
23248 25376
23249 49952
23250 57184
23251 54064
23252 27424
23253 58144
23254 49960
23255 49921
23256 40736
23257 54049
23258 26401
23259 18209
23260 53025
23261 58145
23262 50977
23263 58208
23264 49952
23265 49960
23266 19240
23267 54056
23268 58120
23269 55073
23270 59169
23271 54048
23272 49944
23273 60257
23274 54064
23275 54057
23276 63264
23277 49952
23278 40800
23279 58144
23280 55080
23281 25377
23282 27392
23283 54017
23284 49952
23285 17184
23286 19240
23287 17176
23288 49952
23289 60192
23290 54048
23291 54049
23292 60192
23293 56096
23294 58144
23295 18977
23296 17184
23297 17176
23298 62304
23299 49952
23300 52000
23301 17184
23302 52001
23303 17169
23304 64289
23305 19209
23306 17184
23307 52000
23308 53033
23309 49953
23310 52009
23311 49976
23312 17185
23313 62240
23314 25449
23315 25360
23316 49952
23317 55073
23318 58144
23319 49953
23320 53025
23321 28449
23322 49920
23323 54032
23324 50016
23325 19232
23326 27400
23327 49953
23328 55073
23329 58144
23330 19233
23331 54048
23332 52128
23333 19233
23334 58144
23335 19232
23336 27433
23337 62240
23338 25368
23339 55080
23340 27432
23341 49920
23342 54049
23343 27392
23344 19201
23345 25360
23346 25441
23347 49952
23348 53025
23349 55096
23350 64289
23351 7969
23352 62240
23353 25353
23354 61281
23355 49952
23356 61225
23357 49953
23358 40505
23359 56096
23360 58144
23361 54049
23362 52000
23363 54056
23364 19201
23365 54049
23366 63265
23367 27392
23368 27393
23369 19200
23370 52001
23371 17184
23372 58144
23373 25352
23374 17184
23375 58145
23376 52128
23377 55072
23378 58216
23379 49961
23380 19200
23381 17176
23382 28457
23383 27496
23384 51968
23385 52768
23386 59169
23387 54041
23388 58145
23389 19233
23390 51969
23391 28457
23392 58144
23393 54056
23394 19225
23395 54049
23396 58153
23397 54049
23398 58145
23399 49952
23400 25377
23401 49960
23402 63273
23403 50985
23404 59169
23405 27488
23406 52008
23407 58144
23408 58112
23409 54048
23410 25376
23411 58144
23412 19201
23413 58152
23414 54057
23415 19200
23416 25384
23417 54049
23418 52001
23419 52008
23420 60169
23421 25384
23422 25376
23423 58152
23424 17192
23425 52000
23426 25352
23427 49952
23428 19232
23429 58209
23430 18960
23431 27425
23432 52064
23433 58152
23434 26401
23435 55072
23436 58112
23437 62248
23438 27416
23439 54048
23440 49952
23441 58153
23442 57121
23443 49920
23444 25376
23445 56097
23446 49937
23447 49952
23448 52008
23449 51000
23450 56104
23451 60160
23452 27489
23453 54056
23454 51968
23455 25384
23456 17256
23457 49920
23458 17192
23459 51984
23460 49921
23461 57121
23462 55080
23463 61216
23464 27425
23465 52072
23466 64288
23467 59168
23468 25345
23469 54048
23470 51968
23471 50976
23472 27424
23473 56097
23474 19200
23475 52009
23476 28512
23477 49953
23478 57121
23479 64288
23480 60192
23481 25440
23482 55073
23483 49957
23484 56097
23485 27401
23486 54057
23487 58144
23488 59177
23489 27432
23490 58208
23491 22305
23492 57128
23493 19233
23494 49960
23495 49952
23496 63264
23497 49953
23498 54049
23499 58145
23500 53025
23501 19208
23502 36640
23503 62241
23504 58209
23505 54049
23506 52000
23507 25377
23508 62240
23509 25377
23510 27488
23511 60192
23512 57121
23513 19209
23514 19200
23515 27424
23516 25344
23517 27520
23518 58144
23519 28449
23520 51969
23521 27393
23522 52001
23523 19328
23524 19232
23525 49952
23526 17152
23527 19232
23528 27392
23529 54056
23530 54048
23531 49929
23532 17184
23533 27393
23534 25344
23535 49952
23536 54064
23537 21288
23538 58272
23539 21288
23540 17176
23541 27400
23542 49952
23543 25377
23544 53024
23545 28449
23546 54048
23547 54112
23548 19233
23549 52000
23550 19232
23551 28417
23552 49953
23553 58144
23554 60256
23555 19233
23556 62248
23557 25377
23558 19233
23559 49937
23560 28448
23561 55073
23562 59168
23563 28513
23564 52000
23565 61217
23566 25344
23567 59168
23568 19233
23569 63264
23570 17185
23571 52001
23572 17192
23573 17185
23574 50984
23575 25376
23576 51984
23577 60192
23578 51985
23579 63264
23580 60160
23581 54056
23582 19240
23583 49952
23584 54057
23585 55096
23586 58112
23587 52001
23588 54057
23589 59169
23590 58152
23591 52000
23592 49952
23593 25376
23594 57121
23595 58153
23596 53777
23597 49953
23598 25360
23599 58208
23600 60192
23601 49968
23602 55073
23603 52001
23604 54048
23605 54048
23606 17185
23607 54048
23608 50984
23609 56105
23610 58112
23611 54072
23612 27400
23613 49952
23614 60193
23615 25385
23616 50016
23617 49952
23618 59168
23619 49953
23620 52016
23621 17184
23622 58144
23623 27392
23624 49944
23625 27433
23626 52001
23627 64296
23628 17185
23629 58145
23630 58145
23631 54057
23632 27424
23633 27425
23634 17192
23635 62241
23636 62248
23637 27424
23638 19241
23639 62240
23640 54032
23641 55072
23642 54017
23643 52000
23644 25352
23645 52001
23646 55073
23647 17176
23648 19233
23649 55072
23650 25377
23651 52008
23652 52993
23653 49921
23654 60169
23655 25504
23656 25504
23657 51976
23658 19200
23659 27424
23660 26465
23661 51969
23662 25345
23663 26401
23664 27425
23665 25377
23666 54056
23667 58145
23668 17184
23669 49961
23670 55073
23671 52008
23672 20257
23673 17168
23674 60193
23675 25408
23676 58112
23677 19200
23678 58144
23679 17184
23680 17185
23681 58144
23682 26400
23683 53025
23684 58128
23685 52008
23686 58144
23687 60161
23688 60193
23689 63272
23690 19241
23691 63273
23692 59233
23693 49944
23694 49697
23695 2720
23696 27424
23697 49961
23698 54049
23699 19240
23700 54048
23701 58112
23702 39728
23703 58209
23704 56097
23705 49920
23706 54048
23707 26401
23708 62248
23709 56121
23710 49952
23711 60192
23712 49952
23713 52001
23714 58145
23715 58145
23716 59169
23717 25440
23718 19201
23719 17184
23720 63264
23721 56096
23722 49921
23723 27393
23724 56096
23725 61185
23726 17152
23727 55072
23728 19241
23729 51969
23730 49952
23731 52001
23732 49953
23733 59168
23734 17192
23735 58120
23736 63264
23737 25352
23738 25377
23739 49953
23740 25377
23741 60256
23742 54048
23743 25344
23744 58113
23745 27401
23746 49953
23747 55080
23748 25352
23749 49952
23750 53025
23751 58152
23752 49952
23753 25344
23754 19200
23755 27408
23756 25384
23757 21288
23758 54048
23759 49944
23760 19233
23761 51976
23762 58144
23763 27433
23764 49953
23765 27392
23766 58112
23767 49920
23768 56097
23769 65313
23770 49952
23771 35616
23772 54048
23773 19225
23774 55856
23775 59169
23776 49921
23777 49952
23778 49960
23779 49944
23780 19240
23781 19209
23782 52008
23783 25376
23784 25448
23785 17176
23786 17185
23787 54016
23788 63264
23789 19201
23790 52000
23791 19200
23792 27392
23793 56097
23794 19224
23795 54057
23796 27393
23797 55072
23798 19232
23799 35616
23800 55072
23801 54057
23802 59169
23803 27425
23804 52008
23805 49968
23806 52000
23807 49944
23808 54056
23809 19233
23810 49952
23811 54057
23812 54057
23813 27400
23814 60257
23815 58113
23816 52128
23817 56097
23818 61217
23819 19233
23820 19232
23821 57121
23822 25385
23823 25377
23824 19232
23825 49953
23826 27424
23827 19232
23828 52001
23829 49953
23830 49961
23831 54056
23832 60192
23833 49920
23834 26400
23835 59169
23836 54049
23837 49960
23838 19233
23839 49953
23840 55073
23841 54057
23842 58152
23843 19233
23844 17185
23845 49960
23846 59232
23847 26465
23848 49952
23849 58208
23850 25449
23851 49953
23852 56097
23853 39713
23854 54064
23855 49960
23856 27424
23857 17193
23858 54048
23859 54072
23860 60256
23861 49960
23862 58145
23863 27424
23864 61217
23865 49969
23866 52000
23867 58144
23868 62240
23869 50984
23870 21281
23871 27393
23872 61281
23873 62240
23874 55072
23875 49921
23876 55081
23877 56104
23878 27424
23879 28449
23880 63265
23881 17184
23882 26465
23883 58120
23884 54048
23885 19296
23886 25344
23887 57089
23888 25349
23889 27392
23890 52000
23891 49952
23892 25352
23893 58152
23894 25345
23895 49952
23896 65320
23897 18209
23898 52001
23899 19232
23900 19208
23901 19208
23902 61225
23903 57129
23904 49968
23905 49952
23906 27424
23907 52008
23908 62240
23909 62248
23910 58144
23911 55841
23912 49960
23913 54060
23914 56096
23915 60257
23916 49952
23917 20265
23918 24353
23919 25368
23920 56097
23921 52009
23922 19233
23923 52000
23924 54049
23925 17184
23926 57120
23927 25344
23928 58144
23929 17184
23930 17184
23931 54060
23932 62305
23933 56096
23934 49952
23935 19233
23936 54056
23937 20257
23938 58208
23939 56096
23940 54049
23941 49976
23942 57121
23943 49952
23944 49969
23945 49960
23946 54048
23947 57120
23948 56096
23949 49952
23950 49960
23951 59232
23952 54056
23953 56096
23954 54048
23955 17168
23956 49921
23957 2848
23958 27393
23959 17152
23960 25377
23961 54032
23962 54033
23963 19209
23964 19233
23965 50977
23966 59168
23967 25345
23968 25344
23969 56097
23970 54056
23971 57129
23972 49952
23973 17224
23974 17168
23975 19240
23976 25376
23977 19224
23978 25344
23979 40800
23980 54056
23981 25384
23982 19201
23983 52000
23984 19233
23985 19224
23986 54049
23987 17208
23988 27393
23989 54064
23990 19240
23991 49928
23992 27416
23993 52009
23994 58144
23995 19200
23996 63265
23997 19233
23998 19216
23999 60168
24000 61217
24001 49952
24002 25352
24003 52001
24004 52009
24005 58152
24006 27489
24007 17192
24008 25345
24009 58208
24010 49952
24011 58152
24012 61216
24013 19233
24014 19232
24015 49952
24016 60161
24017 52000
24018 58113
24019 50984
24020 19232
24021 58144
24022 60192
24023 62240
24024 58144
24025 64289
24026 62240
24027 58145
24028 58145
24029 26464
24030 17192
24031 54056
24032 25344
24033 54048
24034 56865
24035 52000
24036 17152
24037 54072
24038 55080
24039 61217
24040 19232
24041 52001
24042 19208
24043 25377
24044 49952
24045 25376
24046 59168
24047 19240
24048 54025
24049 18960
24050 49952
24051 20257
24052 60200
24053 49952
24054 49953
24055 52000
24056 58145
24057 64289
24058 58112
24059 56097
24060 49937
24061 49944
24062 25440
24063 60193
24064 25376
24065 54112
24066 52008
24067 40800
24068 27424
24069 25377
24070 58128
24071 49953
24072 62241
24073 25384
24074 50977
24075 54048
24076 17184
24077 51745
24078 54112
24079 51992
24080 17176
24081 49953
24082 55080
24083 17184
24084 19233
24085 52000
24086 49960
24087 17185
24088 63272
24089 60192
24090 49976
24091 61217
24092 52000
24093 58144
24094 64289
24095 63265
24096 19344
24097 55080
24098 19224
24099 27425
24100 19201
24101 52025
24102 27392
24103 25377
24104 63265
24105 19232
24106 52008
24107 19240
24108 58208
24109 60192
24110 54048
24111 50976
24112 54053
24113 49968
24114 52000
24115 54040
24116 25376
24117 58145
24118 58153
24119 19201
24120 25344
24121 54053
24122 57121
24123 54048
24124 19232
24125 50976
24126 54048
24127 49937
24128 27424
24129 60192
24130 25384
24131 25384
24132 58144
24133 49952
24134 27392
24135 17192
24136 27401
24137 2824
24138 54056
24139 60201
24140 61224
24141 58145
24142 49960
24143 19208
24144 49921
24145 27392
24146 49937
24147 25384
24148 25360
