Point_ID Label
0 5984
1 37649
2 61289
3 53780
4 27624
5 39441
6 38752
7 39441
8 27393
9 39440
10 53780
11 53780
12 18949
13 39441
14 54032
15 27624
16 26473
17 27432
18 60224
19 38752
20 27624
21 10080
22 28457
23 27465
24 55072
25 28425
26 55960
27 37393
28 53808
29 39440
30 28457
31 33632
32 39441
33 18209
34 56104
35 37393
36 28457
37 49953
38 28457
39 28425
40 54049
41 27624
42 63336
43 39440
44 27464
45 53780
46 37393
47 55960
48 55952
49 28648
50 39441
51 27465
52 28649
53 27465
54 39441
55 5984
56 39440
57 1888
58 28425
59 53780
60 37672
61 53780
62 28425
63 57129
64 14176
65 58145
66 27425
67 53780
68 38752
69 53780
70 39440
71 53780
72 16917
73 37648
74 16933
75 14176
76 16933
77 39457
78 37393
79 37393
80 39441
81 39440
82 41784
83 39440
84 53780
85 39440
86 39441
87 56097
88 37648
89 28649
90 37393
91 28649
92 39441
93 33552
94 39441
95 39440
96 53780
97 58136
98 37649
99 39441
100 28521
101 55960
102 55953
103 27401
104 25376
105 53780
106 37680
107 17153
108 55960
109 28649
110 53780
111 58128
112 38752
113 53780
114 28425
115 37664
116 28648
117 28425
118 55960
119 28649
120 39440
121 46944
122 10080
123 28457
124 33584
125 27624
126 55960
127 28649
128 28425
129 12137
130 28649
131 55864
132 38752
133 55960
134 53780
135 53780
136 63336
137 28425
138 39440
139 55896
140 55824
141 37396
142 27624
143 55953
144 53780
145 49960
146 10080
147 28649
148 39441
149 49936
150 28425
151 27624
152 37393
153 28425
154 37393
155 19209
156 28649
157 53780
158 27624
159 55960
160 28457
161 28425
162 39440
163 37393
164 39440
165 39440
166 53780
167 59240
168 57144
169 55825
170 49968
171 55073
172 27616
173 39473
174 39441
175 28649
176 53792
177 37409
178 25345
179 39440
180 55960
181 19209
182 27401
183 27624
184 27464
185 17185
186 53780
187 37648
188 55960
189 28425
190 27624
191 27465
192 53793
193 28457
194 55824
195 27624
196 28521
197 27624
198 28425
199 37680
200 27624
201 34658
202 53780
203 53780
204 39440
205 27624
206 52000
207 56216
208 39441
209 55960
210 53781
211 55824
212 28457
213 27397
214 53808
215 28425
216 27624
217 27584
218 55960
219 54032
220 10600
221 37648
222 1888
223 37648
224 39441
225 16897
226 39440
227 53793
228 37664
229 55888
230 49936
231 27624
232 60265
233 53780
234 39441
235 55960
236 54048
237 28425
238 28649
239 5984
240 1888
241 53780
242 28649
243 37664
244 46944
245 54049
246 28425
247 39441
248 27624
249 53780
250 38752
251 53780
252 28425
253 53796
254 28425
255 37393
256 53780
257 10080
258 37393
259 27624
260 19201
261 53780
262 27560
263 55064
264 55828
265 38752
266 9064
267 28457
268 37393
269 53536
270 37393
271 39441
272 28425
273 27624
274 28521
275 57129
276 59240
277 55960
278 28457
279 55960
280 28425
281 28648
282 27496
283 37648
284 5984
285 37393
286 55096
287 28649
288 55960
289 28425
290 53780
291 53780
292 53780
293 39441
294 37393
295 37393
296 64464
297 39441
298 39440
299 37681
300 27624
301 25377
302 37393
303 25385
304 5984
305 53780
306 5984
307 37393
308 53780
309 37393
310 27624
311 33568
312 37680
313 54032
314 5984
315 55136
316 53780
317 18961
318 27624
319 37216
320 28457
321 55960
322 55809
323 28425
324 28489
325 38752
326 27624
327 50960
328 27400
329 28425
330 53780
331 53780
332 28425
333 54040
334 37396
335 10080
336 17169
337 16933
338 37648
339 53780
340 55832
341 5984
342 28425
343 10016
344 28648
345 54048
346 10080
347 56088
348 55960
349 28457
350 1824
351 10080
352 37393
353 28457
354 27624
355 28457
356 56088
357 54048
358 38688
359 51000
360 55960
361 28425
362 28457
363 20233
364 53780
365 53776
366 54048
367 55832
368 53780
369 27624
370 27496
371 37393
372 55088
373 39440
374 50992
375 37664
376 53808
377 37648
378 10080
379 38752
380 28425
381 28425
382 54057
383 27401
384 53780
385 39441
386 55828
387 37648
388 53780
389 1888
390 11112
391 28425
392 37393
393 37648
394 28457
395 28649
396 54040
397 28520
398 55960
399 53780
400 28648
401 53776
402 55960
403 37393
404 10080
405 37393
406 28425
407 53780
408 53780
409 28649
410 37392
411 39441
412 27624
413 38752
414 53780
415 28649
416 55832
417 53780
418 28425
419 17168
420 56024
421 37393
422 37393
423 33553
424 39441
425 39440
426 53780
427 39440
428 28649
429 37393
430 27624
431 53780
432 39440
433 53780
434 53780
435 53781
436 53780
437 53268
438 37393
439 37393
440 53780
441 33584
442 54053
443 37393
444 53793
445 53780
446 53780
447 37393
448 37393
449 37393
450 39441
451 55960
452 37393
453 28425
454 37393
455 18960
456 39441
457 53780
458 39441
459 53780
460 39441
461 55960
462 53780
463 39440
464 27465
465 37393
466 37648
467 53780
468 37648
469 53780
470 53780
471 37392
472 37648
473 37393
474 53780
475 26408
476 37393
477 37648
478 39441
479 39441
480 53780
481 54040
482 53780
483 53909
484 59169
485 53780
486 37393
487 53796
488 53780
489 53780
490 39441
491 53777
492 53780
493 16933
494 37648
495 37393
496 37393
497 27624
498 28425
499 55960
500 16917
501 53780
502 37393
503 53780
504 53780
505 53780
506 53780
507 53780
508 37393
509 53780
510 53780
511 37649
512 55960
513 53780
514 39440
515 37393
516 55952
517 53780
518 53797
519 53780
520 38752
521 37728
522 39441
523 18981
524 28649
525 27465
526 53284
527 61289
528 53780
529 28425
530 28649
531 12137
532 37680
533 60161
534 53780
535 53252
536 53780
537 18961
538 55832
539 38752
540 27401
541 46944
542 38752
543 56152
544 37393
545 38688
546 53780
547 32553
548 27624
549 28457
550 37648
551 55960
552 55960
553 28457
554 28425
555 42848
556 53780
557 37648
558 56120
559 39441
560 10080
561 50968
562 14176
563 37649
564 28457
565 28457
566 53780
567 28457
568 53780
569 37393
570 53780
571 37393
572 52008
573 5984
574 27624
575 34656
576 39441
577 53780
578 27401
579 28648
580 56856
581 56120
582 56024
583 53780
584 55896
585 38688
586 53780
587 39441
588 55136
589 27624
590 55096
591 55960
592 55960
593 56280
594 27624
595 26464
596 28425
597 53780
598 54052
599 27624
600 28425
601 37681
602 37664
603 39441
604 53780
605 28425
606 56088
607 55960
608 28425
609 28425
610 53780
611 56088
612 38696
613 27465
614 28425
615 56120
616 38752
617 53780
618 55144
619 56088
620 27624
621 53781
622 27624
623 37648
624 27624
625 53780
626 28425
627 53780
628 39440
629 28520
630 39457
631 53780
632 53780
633 28425
634 19208
635 60193
636 27137
637 27401
638 53780
639 53780
640 37648
641 60352
642 28649
643 27401
644 55832
645 54048
646 56024
647 28425
648 28525
649 56856
650 37648
651 37393
652 53780
653 33553
654 53780
655 19233
656 28425
657 53780
658 55960
659 14176
660 53780
661 16917
662 37648
663 55832
664 53780
665 55960
666 37649
667 37648
668 39441
669 54032
670 53780
671 39441
672 39441
673 27624
674 28521
675 38688
676 53780
677 49952
678 53780
679 27624
680 53780
681 38688
682 37393
683 37648
684 39440
685 37393
686 27624
687 49957
688 39441
689 53780
690 27624
691 16917
692 37393
693 53765
694 53780
695 27624
696 19213
697 37393
698 37393
699 59233
700 39440
701 53780
702 53780
703 39441
704 28425
705 53780
706 16933
707 27624
708 37393
709 53780
710 53780
711 53780
712 55960
713 54048
714 41784
715 39441
716 28457
717 38688
718 37648
719 28457
720 53780
721 28425
722 37648
723 39441
724 55960
725 27624
726 49920
727 37393
728 28513
729 27624
730 37680
731 53780
732 39441
733 39441
734 39441
735 53780
736 25376
737 53780
738 39441
739 53780
740 53780
741 53780
742 53780
743 55960
744 53780
745 56024
746 39441
747 16933
748 51992
749 34665
750 53780
751 19213
752 17185
753 37649
754 52001
755 28425
756 28425
757 28425
758 27624
759 53780
760 53780
761 53284
762 39473
763 53780
764 53764
765 27393
766 33553
767 39441
768 28425
769 37393
770 39441
771 39441
772 53780
773 56888
774 55960
775 39441
776 53780
777 39441
778 34592
779 37648
780 53780
781 37392
782 18961
783 53780
784 27401
785 28425
786 54048
787 37393
788 18945
789 1888
790 28425
791 49936
792 38688
793 53776
794 38752
795 27624
796 39440
797 55960
798 28457
799 28425
800 53780
801 27488
802 37393
803 38752
804 55056
805 38712
806 57129
807 53780
808 54052
809 55072
810 28425
811 57144
812 53780
813 37393
814 1888
815 53780
816 38688
817 53764
818 56088
819 56888
820 5984
821 55088
822 53780
823 28648
824 37393
825 38688
826 37393
827 27624
828 37393
829 55960
830 38752
831 53252
832 27624
833 27592
834 53284
835 28425
836 38752
837 27624
838 37648
839 53780
840 17153
841 27624
842 26408
843 28457
844 28425
845 28457
846 53796
847 5984
848 56880
849 55056
850 10080
851 53781
852 5984
853 54064
854 28425
855 53780
856 28425
857 53780
858 28457
859 56152
860 17185
861 55960
862 27496
863 16901
864 28457
865 19241
866 37393
867 63337
868 28425
869 38752
870 53780
871 64464
872 19240
873 37664
874 53780
875 27624
876 27624
877 27624
878 53780
879 55832
880 55960
881 54112
882 37664
883 28649
884 53033
885 28649
886 53780
887 63337
888 27624
889 28648
890 39441
891 53780
892 28457
893 27425
894 56024
895 58128
896 55832
897 14176
898 53780
899 28425
900 53780
901 53780
902 28489
903 53780
904 28425
905 27624
906 37393
907 28425
908 37664
909 56024
910 53780
911 55960
912 53780
913 53780
914 28649
915 55960
916 28457
917 27624
918 25381
919 53780
920 28457
921 37393
922 53780
923 10080
924 37393
925 39441
926 53780
927 53909
928 27624
929 39441
930 34592
931 38752
932 53780
933 39441
934 55096
935 37393
936 28425
937 55096
938 5984
939 53780
940 39441
941 53780
942 27393
943 53812
944 39441
945 53780
946 37393
947 28457
948 53780
949 53780
950 49952
951 37393
952 28457
953 37393
954 55960
955 37393
956 53780
957 53780
958 37648
959 55832
960 28425
961 55960
962 53780
963 28649
964 16933
965 39441
966 28649
967 28425
968 49957
969 55832
970 28425
971 53780
972 39441
973 28457
974 53780
975 53780
976 53780
977 53780
978 5984
979 10080
980 37393
981 53780
982 53780
983 53780
984 52000
985 25344
986 39441
987 27624
988 53780
989 38752
990 37393
991 39441
992 5984
993 54048
994 53792
995 37648
996 55960
997 53780
998 33592
999 27400
1000 55064
1001 60224
1002 53600
1003 53780
1004 39441
1005 53780
1006 37393
1007 53909
1008 27465
1009 34592
1010 28425
1011 56024
1012 27624
1013 16933
1014 39440
1015 39441
1016 27624
1017 28649
1018 5984
1019 37664
1020 28649
1021 54048
1022 37393
1023 27592
1024 37393
1025 26464
1026 37393
1027 53780
1028 53780
1029 53780
1030 17192
1031 38688
1032 53780
1033 39441
1034 37648
1035 39441
1036 37649
1037 37648
1038 58152
1039 38688
1040 39441
1041 27624
1042 39441
1043 38752
1044 39441
1045 38752
1046 53780
1047 49685
1048 39441
1049 53780
1050 53780
1051 37393
1052 58144
1053 64336
1054 53780
1055 37393
1056 27397
1057 38752
1058 38752
1059 37393
1060 27624
1061 53780
1062 55960
1063 39440
1064 55960
1065 28521
1066 55832
1067 39441
1068 17184
1069 55960
1070 28521
1071 37393
1072 10080
1073 38752
1074 56088
1075 28521
1076 14176
1077 37680
1078 53780
1079 55136
1080 27401
1081 5984
1082 1824
1083 37393
1084 53780
1085 53781
1086 56088
1087 37393
1088 50992
1089 53780
1090 27624
1091 37648
1092 28457
1093 39441
1094 27624
1095 64080
1096 55072
1097 28425
1098 1824
1099 27624
1100 18961
1101 53780
1102 18977
1103 38752
1104 37393
1105 50992
1106 38752
1107 16933
1108 55064
1109 53284
1110 33634
1111 53780
1112 37393
1113 55832
1114 53780
1115 38752
1116 38752
1117 27624
1118 27624
1119 49960
1120 28425
1121 53780
1122 55824
1123 55960
1124 55088
1125 28425
1126 27560
1127 28457
1128 39444
1129 55960
1130 28425
1131 1888
1132 55824
1133 53780
1134 54048
1135 53780
1136 54072
1137 55088
1138 27624
1139 38752
1140 53540
1141 28425
1142 37393
1143 53780
1144 27624
1145 54040
1146 53780
1147 53780
1148 55832
1149 55960
1150 16933
1151 28525
1152 37393
1153 54052
1154 28425
1155 61225
1156 53780
1157 27624
1158 28457
1159 27616
1160 1888
1161 27624
1162 54032
1163 55960
1164 53780
1165 39441
1166 53780
1167 27624
1168 56888
1169 56088
1170 54040
1171 28425
1172 28457
1173 45856
1174 55832
1175 53780
1176 5984
1177 53780
1178 27433
1179 39441
1180 53780
1181 53780
1182 56024
1183 62249
1184 28425
1185 55832
1186 28425
1187 53780
1188 51729
1189 55960
1190 54040
1191 27624
1192 28425
1193 27488
1194 54040
1195 55832
1196 34656
1197 39441
1198 28457
1199 28648
1200 37664
1201 38752
1202 5984
1203 39441
1204 37396
1205 1888
1206 27624
1207 37680
1208 28425
1209 52009
1210 800
1211 53781
1212 53780
1213 53780
1214 19208
1215 53284
1216 53780
1217 53796
1218 39441
1219 55073
1220 1888
1221 28457
1222 19240
1223 37680
1224 26408
1225 34656
1226 37648
1227 53780
1228 37393
1229 37393
1230 53780
1231 53780
1232 27624
1233 39440
1234 37393
1235 37648
1236 54032
1237 28425
1238 37393
1239 20329
1240 53780
1241 53780
1242 27456
1243 34656
1244 28425
1245 27401
1246 28425
1247 28457
1248 27624
1249 39441
1250 53780
1251 39441
1252 37648
1253 37392
1254 53780
1255 53780
1256 39441
1257 53780
1258 10080
1259 27624
1260 58145
1261 54056
1262 39440
1263 38696
1264 55953
1265 53780
1266 55960
1267 54048
1268 55072
1269 5984
1270 49960
1271 53780
1272 37393
1273 27425
1274 37393
1275 53780
1276 5984
1277 19213
1278 28489
1279 38752
1280 38712
1281 28425
1282 53780
1283 39441
1284 27624
1285 53780
1286 53780
1287 58145
1288 39444
1289 42848
1290 53780
1291 53780
1292 25377
1293 26408
1294 38752
1295 39441
1296 27489
1297 33553
1298 53780
1299 53780
1300 53780
1301 53780
1302 5984
1303 53780
1304 53780
1305 28425
1306 55960
1307 55097
1308 39441
1309 26408
1310 28425
1311 28457
1312 54033
1313 53780
1314 28425
1315 37393
1316 53780
1317 59168
1318 37648
1319 55960
1320 58144
1321 28425
1322 28520
1323 37649
1324 26401
1325 53780
1326 37393
1327 37648
1328 39441
1329 37664
1330 60168
1331 19213
1332 37393
1333 53780
1334 39441
1335 53780
1336 53780
1337 55828
1338 25384
1339 37648
1340 28457
1341 28425
1342 53780
1343 37648
1344 27401
1345 54064
1346 53780
1347 28649
1348 28649
1349 38752
1350 12137
1351 27624
1352 10080
1353 38752
1354 39441
1355 56024
1356 53780
1357 28425
1358 56152
1359 53780
1360 26401
1361 55960
1362 37393
1363 34656
1364 37664
1365 53809
1366 5984
1367 28521
1368 53780
1369 54033
1370 53780
1371 38752
1372 27624
1373 10080
1374 37393
1375 53780
1376 54040
1377 53776
1378 56856
1379 49936
1380 39445
1381 53780
1382 53780
1383 25377
1384 53776
1385 27624
1386 49952
1387 17184
1388 55960
1389 50984
1390 5984
1391 37664
1392 11112
1393 19209
1394 16901
1395 64289
1396 37393
1397 37680
1398 53780
1399 27072
1400 55136
1401 16901
1402 50992
1403 27401
1404 28521
1405 37665
1406 53780
1407 27624
1408 54040
1409 27624
1410 64464
1411 55073
1412 27624
1413 49953
1414 51993
1415 27425
1416 56088
1417 55832
1418 53780
1419 37393
1420 53780
1421 54064
1422 52000
1423 53780
1424 17169
1425 54033
1426 37393
1427 28457
1428 5984
1429 53780
1430 55096
1431 10080
1432 10080
1433 54048
1434 55840
1435 27501
1436 55960
1437 55960
1438 58216
1439 58152
1440 55088
1441 53536
1442 55064
1443 39441
1444 53780
1445 53536
1446 27624
1447 18209
1448 28521
1449 53780
1450 55953
1451 28425
1452 55960
1453 39440
1454 54032
1455 28425
1456 55832
1457 28425
1458 37648
1459 53780
1460 37393
1461 56024
1462 1888
1463 27624
1464 53780
1465 55960
1466 28457
1467 55960
1468 53780
1469 37680
1470 53780
1471 28425
1472 37393
1473 37393
1474 53780
1475 27624
1476 55960
1477 53780
1478 53780
1479 53781
1480 27624
1481 17184
1482 55896
1483 37648
1484 1888
1485 58152
1486 28425
1487 53780
1488 27432
1489 38688
1490 27520
1491 53780
1492 28425
1493 55960
1494 53780
1495 26409
1496 53780
1497 53780
1498 53780
1499 28457
1500 28457
1501 39441
1502 53780
1503 53781
1504 27425
1505 38752
1506 53780
1507 16933
1508 25345
1509 55809
1510 53780
1511 53780
1512 39473
1513 53780
1514 53780
1515 53760
1516 58144
1517 27624
1518 53909
1519 28456
1520 39441
1521 37664
1522 37393
1523 60352
1524 54032
1525 33568
1526 27624
1527 58216
1528 53764
1529 55896
1530 55096
1531 37393
1532 19241
1533 38752
1534 55832
1535 28457
1536 27401
1537 28425
1538 26400
1539 53780
1540 56024
1541 28425
1542 55960
1543 55960
1544 27465
1545 51968
1546 28649
1547 28648
1548 28425
1549 38688
1550 28512
1551 39441
1552 53780
1553 52008
1554 53780
1555 49920
1556 54033
1557 27624
1558 37664
1559 37649
1560 53780
1561 37648
1562 39441
1563 53780
1564 53780
1565 28649
1566 53780
1567 49936
1568 17168
1569 37393
1570 28457
1571 28449
1572 28520
1573 37664
1574 37393
1575 53780
1576 53780
1577 56088
1578 38752
1579 49953
1580 50985
1581 55960
1582 33592
1583 33584
1584 39440
1585 27624
1586 53793
1587 53780
1588 54072
1589 53796
1590 28425
1591 33552
1592 33592
1593 53780
1594 28457
1595 39441
1596 37664
1597 27624
1598 39441
1599 33569
1600 37393
1601 38752
1602 53780
1603 37393
1604 27624
1605 27624
1606 27465
1607 53780
1608 37393
1609 53780
1610 33553
1611 28425
1612 37393
1613 19233
1614 53780
1615 33634
1616 54048
1617 53780
1618 53780
1619 55828
1620 5984
1621 53780
1622 53780
1623 39441
1624 27624
1625 28425
1626 34665
1627 37649
1628 58128
1629 53776
1630 28457
1631 39441
1632 37664
1633 37664
1634 37648
1635 39441
1636 51977
1637 53780
1638 39441
1639 51976
1640 52000
1641 27624
1642 28457
1643 53780
1644 55097
1645 37393
1646 27624
1647 26408
1648 28457
1649 53780
1650 58145
1651 53780
1652 54064
1653 55097
1654 37648
1655 53780
1656 53780
1657 34656
1658 53780
1659 53780
1660 19237
1661 39441
1662 27465
1663 18977
1664 39441
1665 53780
1666 37680
1667 55896
1668 53780
1669 27521
1670 1888
1671 36900
1672 53780
1673 18208
1674 55960
1675 5984
1676 56024
1677 39440
1678 38752
1679 53780
1680 28425
1681 53780
1682 28425
1683 53780
1684 10080
1685 53780
1686 55960
1687 10080
1688 55096
1689 53780
1690 39444
1691 61288
1692 56024
1693 61193
1694 53765
1695 26464
1696 37649
1697 53780
1698 1888
1699 39441
1700 10080
1701 53780
1702 21029
1703 28489
1704 55088
1705 28457
1706 63273
1707 28425
1708 53780
1709 5984
1710 54048
1711 10080
1712 39441
1713 27624
1714 53780
1715 27465
1716 37649
1717 28425
1718 53780
1719 28425
1720 58112
1721 18949
1722 58145
1723 53780
1724 37393
1725 56024
1726 38752
1727 56024
1728 11112
1729 53764
1730 38688
1731 64464
1732 53600
1733 54064
1734 53780
1735 28649
1736 55056
1737 28457
1738 25377
1739 39441
1740 55064
1741 37392
1742 39441
1743 16917
1744 56024
1745 28457
1746 27624
1747 55953
1748 53780
1749 37664
1750 53780
1751 2920
1752 27624
1753 55960
1754 5984
1755 27496
1756 23057
1757 54053
1758 28425
1759 37393
1760 53780
1761 16933
1762 55064
1763 53780
1764 10080
1765 50960
1766 55960
1767 55096
1768 39441
1769 52009
1770 53780
1771 55832
1772 58272
1773 37393
1774 37392
1775 19201
1776 27624
1777 28425
1778 55960
1779 28448
1780 27392
1781 53765
1782 28425
1783 37648
1784 27624
1785 53780
1786 17184
1787 53781
1788 54032
1789 39441
1790 28425
1791 23057
1792 28649
1793 28489
1794 27560
1795 53780
1796 37393
1797 28425
1798 49952
1799 60169
1800 53781
1801 54072
1802 53780
1803 55960
1804 38696
1805 38688
1806 28649
1807 55832
1808 55960
1809 28425
1810 27624
1811 28449
1812 34592
1813 37648
1814 53777
1815 37393
1816 28648
1817 28457
1818 39441
1819 53780
1820 37664
1821 34601
1822 53780
1823 53780
1824 33592
1825 55960
1826 56088
1827 38752
1828 53780
1829 53780
1830 37664
1831 49961
1832 39441
1833 39440
1834 37413
1835 39441
1836 37425
1837 37648
1838 38752
1839 27624
1840 37648
1841 53780
1842 28425
1843 60200
1844 17152
1845 53780
1846 28457
1847 53776
1848 28425
1849 39441
1850 28649
1851 53780
1852 28648
1853 62241
1854 53909
1855 53780
1856 38752
1857 53776
1858 28520
1859 39441
1860 28425
1861 53780
1862 33552
1863 5984
1864 28425
1865 27425
1866 39441
1867 39441
1868 39440
1869 53780
1870 19205
1871 28425
1872 27624
1873 27624
1874 39441
1875 60161
1876 54032
1877 27401
1878 16901
1879 54049
1880 5984
1881 38752
1882 55960
1883 5984
1884 55896
1885 39441
1886 28457
1887 37393
1888 5984
1889 33552
1890 39440
1891 27393
1892 37393
1893 60192
1894 58144
1895 28649
1896 33592
1897 5984
1898 39440
1899 53780
1900 53780
1901 33592
1902 37392
1903 59169
1904 65321
1905 28456
1906 26377
1907 55960
1908 54048
1909 57129
1910 39441
1911 5920
1912 33553
1913 54016
1914 37393
1915 34592
1916 28425
1917 34600
1918 39441
1919 39441
1920 37649
1921 39441
1922 39441
1923 53780
1924 38688
1925 53780
1926 18945
1927 28425
1928 20233
1929 53780
1930 37393
1931 53781
1932 39441
1933 53780
1934 19336
1935 38752
1936 53780
1937 53764
1938 39713
1939 27425
1940 56024
1941 28425
1942 1824
1943 53764
1944 28457
1945 16901
1946 28425
1947 1888
1948 53780
1949 28425
1950 16933
1951 54040
1952 19225
1953 26464
1954 54049
1955 37393
1956 54052
1957 56088
1958 28425
1959 54064
1960 27496
1961 28649
1962 53780
1963 53797
1964 27433
1965 53780
1966 53780
1967 28457
1968 55832
1969 49681
1970 64472
1971 56088
1972 38752
1973 53780
1974 58113
1975 37393
1976 55960
1977 54032
1978 55056
1979 27624
1980 49944
1981 53780
1982 1888
1983 56024
1984 28425
1985 28649
1986 38752
1987 55088
1988 27496
1989 37680
1990 28457
1991 39441
1992 37396
1993 53780
1994 53780
1995 61217
1996 28457
1997 25344
1998 53780
1999 28417
2000 10088
2001 54072
2002 27521
2003 53780
2004 53780
2005 53780
2006 53780
2007 54048
2008 53780
2009 64336
2010 55096
2011 25384
2012 39441
2013 53780
2014 28425
2015 53780
2016 27624
2017 58209
2018 60193
2019 27584
2020 50960
2021 27624
2022 34656
2023 55824
2024 61225
2025 28649
2026 28457
2027 64288
2028 37393
2029 37648
2030 28417
2031 55896
2032 58144
2033 58144
2034 39441
2035 37396
2036 53780
2037 27624
2038 28425
2039 19217
2040 37392
2041 53780
2042 37648
2043 27624
2044 53780
2045 64289
2046 39440
2047 16933
2048 53780
2049 55832
2050 27624
2051 55832
2052 38752
2053 55832
2054 37665
2055 53780
2056 53284
2057 54048
2058 28649
2059 10080
2060 55097
2061 19237
2062 62240
2063 28448
2064 55832
2065 53765
2066 10080
2067 53780
2068 53776
2069 10080
2070 27433
2071 37393
2072 53780
2073 54064
2074 28457
2075 28425
2076 28457
2077 27392
2078 18208
2079 18977
2080 54032
2081 53780
2082 39441
2083 28457
2084 56088
2085 2848
2086 18949
2087 10080
2088 38688
2089 5984
2090 55960
2091 53780
2092 61225
2093 27624
2094 28521
2095 60224
2096 53780
2097 53780
2098 55832
2099 28457
2100 55097
2101 39440
2102 38688
2103 53780
2104 53780
2105 38688
2106 27425
2107 28425
2108 27488
2109 53780
2110 55080
2111 1824
2112 39441
2113 37648
2114 53780
2115 53780
2116 56216
2117 54072
2118 38688
2119 37649
2120 28457
2121 18949
2122 27624
2123 39440
2124 54048
2125 25377
2126 53780
2127 53780
2128 49953
2129 53780
2130 53764
2131 37393
2132 37648
2133 53780
2134 19224
2135 53780
2136 17189
2137 37393
2138 54040
2139 37393
2140 5984
2141 53780
2142 5984
2143 60376
2144 28425
2145 16933
2146 37393
2147 53780
2148 53780
2149 10080
2150 53780
2151 26473
2152 58152
2153 27456
2154 33584
2155 37393
2156 53780
2157 39441
2158 53780
2159 53780
2160 39440
2161 53780
2162 16897
2163 53780
2164 37393
2165 55096
2166 37648
2167 53780
2168 51985
2169 28513
2170 53780
2171 27624
2172 28425
2173 37728
2174 34592
2175 37393
2176 53780
2177 53780
2178 55832
2179 55960
2180 55960
2181 39441
2182 38752
2183 1888
2184 56088
2185 53284
2186 55812
2187 28649
2188 53792
2189 28425
2190 14176
2191 53780
2192 1888
2193 56088
2194 39445
2195 27592
2196 55960
2197 28425
2198 28425
2199 1888
2200 51977
2201 16933
2202 53781
2203 53780
2204 10088
2205 18949
2206 53761
2207 53780
2208 53284
2209 37393
2210 55960
2211 28425
2212 5984
2213 55064
2214 27560
2215 28648
2216 53764
2217 17160
2218 28425
2219 28649
2220 28425
2221 53780
2222 49976
2223 37393
2224 56856
2225 38752
2226 38752
2227 38688
2228 27624
2229 53780
2230 27624
2231 55960
2232 19233
2233 54056
2234 27624
2235 55960
2236 56088
2237 53780
2238 38752
2239 37393
2240 28457
2241 53780
2242 50968
2243 55960
2244 53780
2245 37664
2246 55960
2247 28489
2248 19233
2249 56096
2250 53780
2251 28649
2252 55096
2253 61225
2254 55136
2255 54032
2256 37393
2257 28521
2258 53781
2259 64288
2260 53780
2261 27624
2262 54048
2263 54048
2264 37664
2265 53780
2266 37664
2267 53780
2268 51993
2269 28425
2270 27456
2271 14176
2272 28457
2273 58144
2274 28521
2275 27392
2276 28425
2277 58152
2278 28489
2279 28649
2280 39441
2281 39441
2282 27433
2283 27624
2284 28649
2285 28649
2286 37425
2287 28648
2288 39441
2289 39441
2290 28457
2291 28425
2292 11112
2293 33553
2294 39441
2295 37648
2296 37664
2297 16901
2298 28521
2299 53780
2300 34656
2301 10080
2302 53780
2303 27456
2304 39441
2305 53780
2306 53780
2307 27624
2308 55064
2309 56024
2310 37681
2311 53781
2312 53780
2313 37664
2314 28457
2315 28649
2316 39441
2317 27624
2318 55857
2319 27464
2320 33576
2321 53780
2322 53780
2323 53780
2324 55888
2325 10080
2326 53796
2327 53812
2328 53780
2329 53780
2330 28457
2331 53780
2332 39444
2333 21013
2334 17189
2335 39441
2336 37664
2337 16933
2338 27497
2339 37728
2340 54040
2341 39441
2342 55960
2343 27401
2344 59176
2345 37680
2346 53780
2347 28521
2348 54064
2349 33592
2350 34656
2351 37680
2352 14176
2353 55856
2354 17168
2355 38752
2356 39441
2357 27584
2358 55832
2359 53780
2360 25384
2361 37396
2362 28457
2363 28521
2364 53780
2365 58144
2366 53780
2367 19240
2368 39440
2369 39441
2370 56105
2371 37664
2372 62304
2373 37393
2374 53780
2375 37393
2376 37664
2377 55072
2378 54048
2379 53780
2380 28457
2381 55960
2382 53780
2383 55136
2384 34600
2385 53780
2386 38752
2387 53780
2388 53780
2389 27465
2390 33584
2391 53780
2392 53780
2393 39441
2394 53780
2395 37392
2396 54048
2397 53780
2398 53780
2399 39444
2400 34656
2401 37393
2402 37649
2403 37392
2404 38752
2405 53780
2406 39441
2407 53780
2408 16901
2409 28457
2410 54024
2411 53780
2412 50968
2413 39441
2414 33553
2415 33592
2416 16933
2417 54056
2418 53780
2419 53909
2420 39441
2421 54072
2422 18945
2423 55088
2424 1888
2425 37393
2426 53780
2427 37393
2428 37393
2429 37681
2430 53780
2431 39440
2432 53781
2433 55832
2434 28457
2435 33553
2436 39473
2437 28649
2438 53536
2439 39441
2440 33592
2441 19233
2442 54024
2443 53780
2444 53780
2445 62241
2446 37393
2447 53780
2448 54016
2449 37648
2450 56088
2451 53780
2452 37648
2453 1824
2454 53765
2455 53780
2456 55960
2457 27624
2458 55064
2459 27624
2460 37648
2461 5984
2462 34592
2463 53780
2464 53780
2465 38752
2466 38752
2467 55824
2468 53765
2469 53796
2470 1888
2471 27401
2472 54032
2473 37393
2474 38688
2475 53780
2476 58136
2477 37393
2478 28425
2479 53781
2480 38752
2481 56152
2482 27624
2483 28649
2484 53033
2485 37648
2486 53780
2487 28425
2488 54064
2489 53780
2490 55960
2491 53780
2492 53781
2493 34592
2494 39441
2495 27592
2496 53780
2497 28649
2498 53796
2499 38688
2500 55056
2501 27624
2502 28425
2503 53776
2504 28425
2505 28425
2506 55953
2507 53780
2508 53780
2509 28425
2510 49969
2511 53780
2512 37393
2513 28457
2514 53781
2515 27624
2516 5984
2517 53780
2518 27500
2519 37664
2520 28649
2521 60168
2522 56152
2523 37664
2524 53780
2525 33568
2526 54064
2527 28425
2528 27401
2529 19209
2530 60200
2531 28649
2532 53780
2533 55096
2534 10080
2535 28425
2536 38688
2537 56065
2538 39441
2539 33568
2540 37393
2541 39441
2542 28649
2543 10088
2544 39440
2545 19233
2546 28457
2547 33592
2548 27624
2549 28457
2550 53780
2551 28649
2552 28649
2553 53780
2554 39441
2555 37393
2556 27400
2557 64080
2558 1824
2559 16933
2560 27624
2561 37681
2562 53780
2563 34656
2564 54040
2565 27393
2566 60352
2567 39457
2568 62240
2569 37393
2570 27584
2571 53780
2572 53780
2573 27624
2574 27624
2575 49952
2576 53780
2577 37664
2578 53780
2579 53780
2580 55096
2581 54040
2582 51968
2583 27624
2584 27624
2585 37396
2586 28457
2587 56097
2588 28425
2589 39441
2590 38752
2591 53780
2592 54032
2593 34601
2594 28457
2595 58152
2596 27624
2597 28425
2598 10080
2599 27401
2600 37393
2601 54049
2602 27624
2603 39445
2604 49937
2605 33634
2606 53781
2607 53780
2608 18945
2609 37680
2610 25381
2611 56088
2612 58144
2613 53780
2614 49968
2615 19241
2616 38712
2617 28521
2618 25381
2619 53765
2620 53780
2621 33584
2622 39441
2623 53781
2624 53780
2625 53780
2626 55812
2627 37396
2628 56096
2629 17189
2630 39441
2631 53909
2632 62240
2633 53781
2634 53764
2635 39441
2636 53780
2637 53780
2638 58128
2639 53780
2640 53780
2641 1824
2642 33634
2643 53780
2644 53780
2645 37648
2646 28457
2647 39440
2648 39440
2649 38752
2650 49936
2651 16933
2652 54040
2653 53780
2654 54056
2655 19200
2656 53780
2657 16897
2658 39441
2659 55960
2660 56024
2661 1888
2662 39441
2663 64464
2664 37648
2665 19208
2666 27624
2667 27624
2668 27624
2669 37648
2670 57121
2671 53780
2672 53780
2673 37649
2674 27392
2675 37648
2676 55960
2677 55832
2678 37393
2679 54049
2680 28649
2681 27624
2682 18981
2683 37393
2684 53780
2685 53780
2686 33584
2687 16933
2688 33592
2689 53780
2690 33576
2691 37413
2692 28649
2693 37664
2694 53812
2695 53780
2696 27397
2697 27624
2698 28425
2699 27433
2700 53780
2701 37648
2702 53780
2703 55088
2704 55960
2705 28649
2706 39441
2707 53780
2708 53780
2709 55056
2710 55960
2711 28489
2712 27624
2713 38688
2714 27397
2715 37664
2716 53780
2717 18945
2718 54112
2719 38752
2720 53780
2721 56024
2722 28521
2723 38752
2724 27424
2725 27624
2726 28457
2727 39441
2728 53797
2729 28457
2730 53792
2731 34592
2732 27401
2733 53284
2734 37664
2735 28425
2736 28649
2737 56105
2738 28457
2739 28457
2740 39441
2741 53780
2742 28425
2743 53780
2744 33553
2745 53780
2746 27624
2747 27401
2748 37393
2749 54064
2750 49968
2751 55960
2752 53796
2753 28457
2754 55832
2755 55136
2756 53780
2757 50992
2758 28425
2759 28425
2760 27392
2761 55960
2762 61225
2763 28425
2764 27624
2765 25440
2766 37648
2767 28425
2768 55809
2769 28649
2770 53780
2771 37393
2772 38688
2773 53025
2774 37393
2775 39444
2776 53796
2777 27624
2778 26473
2779 54032
2780 56024
2781 5984
2782 16901
2783 53780
2784 55088
2785 51977
2786 56024
2787 37680
2788 27496
2789 19237
2790 28649
2791 34592
2792 27624
2793 55953
2794 37664
2795 53780
2796 37393
2797 53780
2798 21281
2799 57121
2800 33592
2801 53780
2802 5984
2803 59169
2804 53780
2805 39441
2806 53764
2807 37728
2808 19241
2809 49952
2810 53780
2811 27592
2812 53780
2813 39441
2814 19209
2815 54040
2816 28457
2817 27624
2818 23057
2819 19233
2820 38697
2821 10080
2822 53780
2823 55857
2824 18961
2825 39441
2826 53780
2827 58136
2828 38688
2829 19201
2830 54073
2831 55096
2832 37649
2833 39441
2834 53780
2835 53780
2836 27393
2837 16897
2838 53780
2839 53780
2840 62241
2841 55960
2842 37393
2843 16917
2844 55857
2845 5984
2846 37649
2847 53780
2848 37413
2849 53780
2850 53780
2851 55088
2852 55056
2853 1888
2854 53777
2855 28457
2856 53780
2857 53780
2858 16901
2859 55960
2860 27624
2861 27425
2862 65321
2863 56024
2864 55960
2865 37648
2866 58144
2867 39441
2868 54048
2869 37393
2870 37648
2871 55960
2872 10080
2873 60193
2874 54057
2875 39441
2876 37648
2877 53780
2878 53780
2879 55832
2880 39441
2881 25381
2882 53780
2883 53780
2884 27397
2885 28425
2886 54040
2887 55857
2888 53780
2889 37393
2890 37393
2891 53780
2892 37649
2893 53777
2894 55096
2895 53780
2896 53780
2897 53780
2898 53780
2899 37664
2900 27401
2901 33553
2902 53780
2903 37393
2904 39441
2905 2857
2906 23057
2907 62240
2908 37665
2909 55097
2910 37393
2911 53780
2912 51729
2913 16917
2914 27393
2915 53780
2916 39441
2917 16897
2918 53780
2919 37393
2920 37393
2921 54024
2922 58113
2923 34601
2924 37648
2925 53780
2926 18961
2927 53780
2928 37648
2929 53780
2930 27624
2931 28489
2932 53780
2933 53909
2934 56216
2935 56152
2936 33584
2937 53780
2938 50960
2939 55096
2940 50984
2941 10080
2942 56216
2943 55857
2944 52001
2945 37648
2946 38688
2947 53780
2948 18948
2949 55096
2950 37664
2951 27433
2952 34592
2953 1888
2954 27072
2955 56280
2956 5984
2957 56152
2958 37648
2959 27624
2960 18961
2961 28457
2962 28425
2963 53780
2964 53780
2965 55096
2966 37664
2967 5984
2968 55960
2969 17168
2970 27401
2971 53780
2972 27392
2973 27624
2974 53780
2975 52008
2976 53780
2977 26400
2978 28425
2979 39441
2980 62240
2981 53780
2982 28425
2983 53909
2984 39440
2985 55960
2986 28521
2987 64472
2988 53780
2989 53780
2990 27624
2991 28521
2992 55064
2993 53780
2994 56024
2995 28489
2996 28649
2997 53808
2998 53796
2999 55096
3000 20265
3001 28425
3002 10080
3003 56888
3004 27401
3005 53780
3006 55832
3007 10016
3008 52000
3009 55960
3010 55832
3011 55960
3012 49952
3013 37648
3014 28648
3015 60161
3016 28425
3017 37393
3018 51968
3019 28648
3020 17192
3021 53780
3022 27624
3023 33592
3024 37393
3025 46944
3026 18981
3027 65321
3028 53781
3029 37393
3030 53780
3031 39441
3032 39441
3033 5984
3034 55832
3035 19237
3036 27624
3037 63265
3038 37664
3039 27497
3040 53780
3041 53780
3042 53780
3043 53780
3044 53776
3045 28449
3046 39441
3047 53780
3048 37393
3049 28649
3050 53780
3051 39440
3052 27624
3053 37397
3054 53780
3055 39444
3056 37216
3057 39441
3058 64080
3059 27624
3060 55832
3061 27624
3062 53780
3063 53780
3064 56024
3065 18981
3066 56280
3067 54053
3068 37393
3069 39440
3070 28425
3071 55097
3072 34616
3073 27401
3074 17189
3075 53780
3076 18961
3077 38696
3078 53780
3079 33592
3080 49944
3081 58136
3082 53780
3083 28457
3084 55960
3085 55856
3086 18945
3087 56024
3088 53796
3089 53780
3090 53780
3091 55896
3092 54064
3093 53780
3094 53780
3095 53780
3096 39441
3097 16933
3098 58152
3099 49960
3100 50984
3101 53780
3102 37409
3103 53780
3104 38688
3105 53780
3106 55832
3107 53780
3108 39441
3109 37648
3110 53780
3111 37396
3112 38752
3113 53797
3114 37393
3115 54032
3116 55096
3117 53780
3118 27401
3119 27624
3120 18961
3121 54033
3122 37664
3123 53909
3124 53780
3125 53780
3126 18960
3127 28449
3128 37393
3129 34665
3130 53600
3131 54048
3132 27624
3133 55096
3134 39441
3135 6945
3136 58209
3137 10080
3138 53780
3139 16933
3140 41784
3141 58136
3142 37393
3143 25381
3144 53776
3145 33553
3146 53780
3147 39441
3148 37393
3149 39441
3150 33568
3151 17185
3152 1888
3153 39441
3154 1888
3155 1824
3156 39473
3157 39445
3158 53780
3159 16933
3160 54072
3161 37393
3162 37648
3163 53780
3164 63265
3165 39441
3166 18216
3167 53780
3168 28649
3169 56152
3170 38752
3171 38688
3172 50992
3173 39444
3174 28425
3175 38688
3176 25344
3177 54040
3178 17185
3179 55824
3180 53284
3181 53780
3182 58112
3183 28521
3184 28457
3185 53780
3186 37393
3187 38752
3188 5984
3189 28649
3190 53780
3191 53268
3192 28457
3193 28457
3194 53780
3195 53780
3196 49952
3197 37681
3198 54064
3199 53780
3200 27624
3201 53780
3202 53780
3203 55960
3204 28425
3205 28457
3206 50984
3207 53780
3208 53780
3209 28425
3210 28521
3211 53780
3212 55832
3213 37393
3214 53780
3215 53780
3216 53909
3217 53780
3218 55832
3219 27496
3220 53796
3221 28425
3222 57144
3223 38752
3224 55960
3225 53780
3226 28457
3227 27624
3228 53780
3229 55896
3230 55064
3231 49920
3232 55096
3233 39441
3234 37648
3235 27552
3236 17185
3237 28425
3238 28649
3239 37393
3240 49936
3241 50984
3242 53780
3243 53780
3244 37648
3245 34656
3246 56024
3247 16933
3248 60224
3249 37393
3250 37393
3251 37664
3252 27624
3253 38752
3254 55088
3255 53780
3256 54056
3257 53909
3258 53780
3259 53780
3260 28649
3261 39441
3262 28649
3263 55096
3264 53781
3265 50992
3266 53780
3267 37728
3268 54112
3269 27624
3270 27624
3271 28649
3272 28457
3273 19233
3274 53780
3275 37393
3276 34601
3277 55097
3278 28457
3279 39441
3280 57144
3281 37648
3282 49920
3283 37393
3284 37392
3285 16917
3286 37664
3287 53780
3288 14176
3289 16933
3290 57129
3291 37648
3292 37393
3293 19209
3294 28457
3295 53780
3296 5984
3297 49936
3298 53780
3299 53780
3300 53780
3301 53780
3302 28425
3303 28425
3304 28457
3305 53780
3306 18977
3307 18949
3308 54064
3309 37648
3310 53797
3311 18949
3312 55072
3313 52001
3314 54017
3315 37680
3316 1888
3317 50960
3318 16933
3319 53781
3320 50992
3321 54032
3322 53796
3323 28520
3324 38688
3325 37393
3326 10016
3327 49936
3328 53780
3329 37392
3330 53780
3331 39441
3332 25352
3333 49944
3334 55097
3335 53780
3336 55064
3337 37393
3338 53780
3339 54057
3340 37393
3341 53780
3342 10016
3343 53780
3344 53780
3345 34616
3346 1824
3347 53780
3348 53780
3349 53780
3350 55081
3351 16901
3352 39441
3353 37664
3354 37664
3355 39440
3356 53777
3357 53780
3358 28520
3359 53796
3360 53780
3361 53780
3362 37393
3363 39441
3364 37393
3365 53780
3366 54073
3367 54040
3368 34616
3369 38752
3370 17189
3371 53780
3372 55824
3373 53780
3374 16933
3375 53780
3376 56088
3377 53780
3378 37664
3379 26465
3380 53812
3381 34656
3382 55832
3383 54064
3384 17184
3385 18949
3386 27564
3387 27624
3388 54040
3389 38752
3390 53780
3391 38752
3392 28457
3393 53780
3394 54120
3395 53780
3396 37728
3397 27624
3398 28521
3399 27401
3400 55144
3401 56280
3402 53780
3403 39444
3404 37393
3405 49952
3406 55960
3407 55864
3408 33632
3409 53780
3410 55072
3411 37665
3412 39441
3413 53780
3414 28457
3415 53780
3416 53780
3417 53780
3418 58120
3419 28649
3420 55960
3421 53764
3422 55960
3423 49681
3424 56152
3425 53780
3426 53780
3427 55088
3428 55960
3429 55080
3430 28425
3431 38752
3432 1888
3433 28425
3434 28520
3435 61225
3436 28521
3437 55960
3438 25349
3439 21029
3440 54048
3441 39440
3442 27624
3443 39441
3444 28457
3445 39441
3446 28649
3447 37393
3448 27624
3449 16917
3450 37393
3451 55096
3452 49681
3453 34601
3454 27624
3455 53780
3456 53812
3457 53780
3458 53780
3459 27500
3460 56024
3461 11112
3462 27624
3463 53780
3464 60352
3465 28457
3466 25349
3467 27553
3468 38688
3469 27624
3470 53780
3471 37648
3472 37680
3473 38752
3474 1888
3475 37392
3476 58145
3477 53780
3478 28649
3479 49952
3480 37393
3481 39441
3482 27401
3483 5984
3484 39444
3485 37393
3486 51968
3487 27497
3488 55828
3489 25344
3490 53764
3491 53780
3492 27393
3493 27561
3494 37393
3495 49968
3496 53780
3497 27624
3498 37393
3499 53780
3500 17184
3501 53780
3502 38688
3503 17189
3504 37648
3505 53781
3506 19232
3507 53780
3508 5984
3509 27488
3510 16933
3511 5984
3512 53780
3513 34656
3514 39440
3515 37393
3516 55832
3517 38752
3518 16917
3519 33552
3520 5984
3521 55825
3522 53780
3523 49953
3524 53780
3525 18961
3526 38752
3527 53780
3528 28649
3529 39441
3530 37413
3531 28457
3532 27624
3533 39440
3534 25345
3535 53780
3536 53780
3537 53780
3538 55952
3539 39441
3540 37664
3541 53780
3542 54024
3543 5984
3544 54016
3545 61216
3546 53780
3547 55953
3548 49976
3549 53781
3550 37393
3551 63337
3552 37393
3553 34665
3554 16933
3555 61289
3556 28489
3557 38752
3558 37681
3559 54032
3560 39441
3561 28457
3562 58136
3563 53780
3564 16933
3565 53780
3566 58208
3567 53780
3568 21029
3569 54040
3570 28521
3571 53780
3572 49952
3573 1888
3574 53780
3575 55960
3576 49952
3577 28425
3578 38712
3579 56280
3580 28425
3581 1888
3582 1824
3583 56088
3584 27433
3585 53780
3586 5984
3587 800
3588 55960
3589 5984
3590 53780
3591 27433
3592 28457
3593 55088
3594 49952
3595 39441
3596 38752
3597 55960
3598 53780
3599 27624
3600 27433
3601 53780
3602 34592
3603 54048
3604 53780
3605 56072
3606 51729
3607 55960
3608 28425
3609 59169
3610 38688
3611 53780
3612 20265
3613 27425
3614 53780
3615 54048
3616 39441
3617 56024
3618 28425
3619 26408
3620 60169
3621 55960
3622 53780
3623 54048
3624 60352
3625 28649
3626 5984
3627 28425
3628 38752
3629 58208
3630 33553
3631 27624
3632 28425
3633 53780
3634 57128
3635 39441
3636 39440
3637 27624
3638 28649
3639 53780
3640 53780
3641 54049
3642 28457
3643 53780
3644 53780
3645 37688
3646 18961
3647 28489
3648 55064
3649 51993
3650 27401
3651 37680
3652 28649
3653 28649
3654 54057
3655 39441
3656 28649
3657 51969
3658 27465
3659 53780
3660 37648
3661 27624
3662 2849
3663 39441
3664 28648
3665 49952
3666 39441
3667 28425
3668 37393
3669 38688
3670 1888
3671 53780
3672 1888
3673 27624
3674 55953
3675 16933
3676 62240
3677 39441
3678 39441
3679 5984
3680 53780
3681 19304
3682 38752
3683 53780
3684 28425
3685 37649
3686 37680
3687 57129
3688 59176
3689 41784
3690 33592
3691 39441
3692 33592
3693 27624
3694 28425
3695 39441
3696 27433
3697 53780
3698 37393
3699 37728
3700 5984
3701 37648
3702 53780
3703 53764
3704 54072
3705 27072
3706 28457
3707 17184
3708 38688
3709 33584
3710 49936
3711 34601
3712 5984
3713 53780
3714 25384
3715 59176
3716 55064
3717 53780
3718 33592
3719 53797
3720 65321
3721 37648
3722 28457
3723 54052
3724 28457
3725 51729
3726 53780
3727 53781
3728 58136
3729 53780
3730 26400
3731 28425
3732 53781
3733 25376
3734 55960
3735 55136
3736 37648
3737 19205
3738 38752
3739 55825
3740 37393
3741 38752
3742 60169
3743 39444
3744 53780
3745 27397
3746 37393
3747 55088
3748 26408
3749 53780
3750 55064
3751 16897
3752 16933
3753 53780
3754 37392
3755 19200
3756 18944
3757 55097
3758 54024
3759 53780
3760 55097
3761 53780
3762 53780
3763 53780
3764 39441
3765 58145
3766 55096
3767 28457
3768 39441
3769 53781
3770 55809
3771 18944
3772 16933
3773 55096
3774 53780
3775 27397
3776 16933
3777 28457
3778 37664
3779 53780
3780 55064
3781 37681
3782 26400
3783 28425
3784 55064
3785 38688
3786 53909
3787 51992
3788 18949
3789 1824
3790 19073
3791 49960
3792 1824
3793 5984
3794 28648
3795 54049
3796 28521
3797 27401
3798 51977
3799 53780
3800 34616
3801 63265
3802 38752
3803 27624
3804 55960
3805 26464
3806 53780
3807 55825
3808 53780
3809 55960
3810 49685
3811 49944
3812 49952
3813 53780
3814 53764
3815 28521
3816 53797
3817 27624
3818 53780
3819 27496
3820 61225
3821 53780
3822 28425
3823 53781
3824 53780
3825 27496
3826 53780
3827 51969
3828 10016
3829 55960
3830 5984
3831 28457
3832 1888
3833 56280
3834 20233
3835 39473
3836 28425
3837 28649
3838 54040
3839 53780
3840 53781
3841 19217
3842 37393
3843 38712
3844 27624
3845 39441
3846 28649
3847 53781
3848 53268
3849 39473
3850 55960
3851 18949
3852 53780
3853 27624
3854 53765
3855 28649
3856 38688
3857 55960
3858 27624
3859 28457
3860 60161
3861 28649
3862 27584
3863 28457
3864 53780
3865 53780
3866 27624
3867 37665
3868 25376
3869 49681
3870 37649
3871 53780
3872 28521
3873 28457
3874 53780
3875 53780
3876 5984
3877 53780
3878 54056
3879 27624
3880 39441
3881 28457
3882 28425
3883 53777
3884 37393
3885 53780
3886 39441
3887 53780
3888 34656
3889 57120
3890 51977
3891 27401
3892 55097
3893 55080
3894 53780
3895 28425
3896 53780
3897 16901
3898 28457
3899 58136
3900 41784
3901 33592
3902 11112
3903 37393
3904 37393
3905 53780
3906 27624
3907 37648
3908 39441
3909 53780
3910 53780
3911 18949
3912 53780
3913 53780
3914 54049
3915 53780
3916 53780
3917 53780
3918 61193
3919 49952
3920 49960
3921 53780
3922 33592
3923 56280
3924 54048
3925 27425
3926 54112
3927 28457
3928 37648
3929 10016
3930 53780
3931 56024
3932 53780
3933 37393
3934 37664
3935 53780
3936 53780
3937 37688
3938 18981
3939 16933
3940 27425
3941 53780
3942 37664
3943 55824
3944 23057
3945 37393
3946 53780
3947 37425
3948 28521
3949 28457
3950 53780
3951 37664
3952 49952
3953 53796
3954 37393
3955 55064
3956 37680
3957 16933
3958 54072
3959 53797
3960 39441
3961 49968
3962 53780
3963 37393
3964 20265
3965 56096
3966 37648
3967 53780
3968 39441
3969 28521
3970 53780
3971 39441
3972 16917
3973 37392
3974 37393
3975 53780
3976 32553
3977 39440
3978 53780
3979 56088
3980 28649
3981 39441
3982 27456
3983 55064
3984 5984
3985 27624
3986 54032
3987 16901
3988 5984
3989 39441
3990 53540
3991 55096
3992 27465
3993 53780
3994 27401
3995 28425
3996 38752
3997 62240
3998 54056
3999 38688
4000 38752
4001 28425
4002 1888
4003 28648
4004 28649
4005 53781
4006 58208
4007 53780
4008 53780
4009 28425
4010 53780
4011 55960
4012 21029
4013 10080
4014 28457
4015 28649
4016 53780
4017 53780
4018 55960
4019 34592
4020 28425
4021 14176
4022 28521
4023 26952
4024 53780
4025 54040
4026 39441
4027 49969
4028 28649
4029 55072
4030 37396
4031 27624
4032 19073
4033 55960
4034 16933
4035 55064
4036 37680
4037 56024
4038 37648
4039 34656
4040 53780
4041 53776
4042 53780
4043 28457
4044 53776
4045 58208
4046 28425
4047 53780
4048 27624
4049 27624
4050 27393
4051 17169
4052 53780
4053 27401
4054 38688
4055 50968
4056 53808
4057 49953
4058 56152
4059 37648
4060 54048
4061 25344
4062 54048
4063 55952
4064 5984
4065 39441
4066 53780
4067 60352
4068 39444
4069 55960
4070 27624
4071 38697
4072 28457
4073 27397
4074 53780
4075 34601
4076 37393
4077 33592
4078 54064
4079 27624
4080 54032
4081 55096
4082 58145
4083 37648
4084 27401
4085 39441
4086 39441
4087 49681
4088 53776
4089 55832
4090 53780
4091 49960
4092 39440
4093 33576
4094 16917
4095 53780
4096 33592
4097 54072
4098 37665
4099 16901
4100 10080
4101 53780
4102 37413
4103 39441
4104 53780
4105 53796
4106 1888
4107 53776
4108 49928
4109 53781
4110 27417
4111 33592
4112 58144
4113 5984
4114 27072
4115 18981
4116 37393
4117 18208
4118 17184
4119 37648
4120 33592
4121 23057
4122 28425
4123 10080
4124 28425
4125 53268
4126 52000
4127 53780
4128 39441
4129 37648
4130 39440
4131 37393
4132 39440
4133 37393
4134 53780
4135 53780
4136 34656
4137 53780
4138 39440
4139 11104
4140 37664
4141 54049
4142 50985
4143 21013
4144 53780
4145 28648
4146 53025
4147 37665
4148 53780
4149 28489
4150 55953
4151 27625
4152 54048
4153 53780
4154 37648
4155 37393
4156 38697
4157 37393
4158 39440
4159 55088
4160 53780
4161 28425
4162 28449
4163 55809
4164 1888
4165 39441
4166 39441
4167 53780
4168 53780
4169 21029
4170 55096
4171 37392
4172 28649
4173 28425
4174 53780
4175 55832
4176 55960
4177 21013
4178 55960
4179 1888
4180 18949
4181 55088
4182 27556
4183 5920
4184 38752
4185 27624
4186 37216
4187 64336
4188 53780
4189 55832
4190 27624
4191 56024
4192 27401
4193 27496
4194 54120
4195 28457
4196 28649
4197 1888
4198 53780
4199 49953
4200 56024
4201 56024
4202 53780
4203 53796
4204 28425
4205 25376
4206 28425
4207 27624
4208 53780
4209 53780
4210 55064
4211 53780
4212 55832
4213 34656
4214 28425
4215 53780
4216 49936
4217 28425
4218 37649
4219 28649
4220 33552
4221 37393
4222 28457
4223 27624
4224 38752
4225 27624
4226 54049
4227 19233
4228 53780
4229 37648
4230 27624
4231 56856
4232 55096
4233 54048
4234 58209
4235 5984
4236 27496
4237 27496
4238 5984
4239 28649
4240 54032
4241 54056
4242 55824
4243 27624
4244 27432
4245 53780
4246 53780
4247 34656
4248 53780
4249 27433
4250 5984
4251 53780
4252 28425
4253 37648
4254 5984
4255 55064
4256 25344
4257 27624
4258 28649
4259 37649
4260 19209
4261 38688
4262 53780
4263 55097
4264 34600
4265 53797
4266 38688
4267 27392
4268 19240
4269 27457
4270 54040
4271 56088
4272 53780
4273 18949
4274 54032
4275 33592
4276 27624
4277 53780
4278 53780
4279 28457
4280 39440
4281 28425
4282 39441
4283 39441
4284 53268
4285 18944
4286 54048
4287 37728
4288 55960
4289 18949
4290 54040
4291 33592
4292 53780
4293 19201
4294 18949
4295 37396
4296 37393
4297 1888
4298 55096
4299 27464
4300 28425
4301 60200
4302 1888
4303 33592
4304 28417
4305 34656
4306 5984
4307 16933
4308 55953
4309 38248
4310 53780
4311 28521
4312 53780
4313 39441
4314 58208
4315 54049
4316 53780
4317 37648
4318 53780
4319 53780
4320 53780
4321 61225
4322 53780
4323 56088
4324 39440
4325 10081
4326 55056
4327 55960
4328 37393
4329 37664
4330 37393
4331 53780
4332 53780
4333 19233
4334 18981
4335 53780
4336 10081
4337 16933
4338 39441
4339 18981
4340 53776
4341 53780
4342 39440
4343 28457
4344 28425
4345 55960
4346 53780
4347 53780
4348 39457
4349 27496
4350 16933
4351 53780
4352 39441
4353 55088
4354 53780
4355 21029
4356 37393
4357 37664
4358 28457
4359 39441
4360 28521
4361 10600
4362 58144
4363 1888
4364 50992
4365 37664
4366 53780
4367 1888
4368 5984
4369 53780
4370 39441
4371 27624
4372 28425
4373 28425
4374 39441
4375 53780
4376 26401
4377 38760
4378 5984
4379 39441
4380 53796
4381 54048
4382 37664
4383 28457
4384 9064
4385 55136
4386 25381
4387 28457
4388 55960
4389 37425
4390 38752
4391 28425
4392 55960
4393 27624
4394 37393
4395 39440
4396 27624
4397 56088
4398 53536
4399 37728
4400 53600
4401 37664
4402 50992
4403 10080
4404 50984
4405 28457
4406 39441
4407 63265
4408 55832
4409 27624
4410 53780
4411 27624
4412 28649
4413 37649
4414 27624
4415 27624
4416 5984
4417 55960
4418 18949
4419 39444
4420 49944
4421 37648
4422 38712
4423 51969
4424 5984
4425 55096
4426 27624
4427 55064
4428 27401
4429 53780
4430 39441
4431 27624
4432 28521
4433 28521
4434 53780
4435 38688
4436 38752
4437 37393
4438 53780
4439 54048
4440 39441
4441 27401
4442 28425
4443 16933
4444 37648
4445 5984
4446 53780
4447 28425
4448 53780
4449 37396
4450 49953
4451 34601
4452 27624
4453 54032
4454 55960
4455 27624
4456 37393
4457 33576
4458 54112
4459 55857
4460 55096
4461 50968
4462 49976
4463 28425
4464 53780
4465 39440
4466 37648
4467 61193
4468 39441
4469 28648
4470 33576
4471 55080
4472 28425
4473 25440
4474 55096
4475 37393
4476 27397
4477 55857
4478 27624
4479 28449
4480 39441
4481 37648
4482 55960
4483 28457
4484 54052
4485 39441
4486 55953
4487 53780
4488 53781
4489 39441
4490 53780
4491 58136
4492 49952
4493 53765
4494 53780
4495 37393
4496 55081
4497 37648
4498 27401
4499 53780
4500 16933
4501 39444
4502 53780
4503 58144
4504 58144
4505 55056
4506 53765
4507 53780
4508 55888
4509 27624
4510 53780
4511 61225
4512 49961
4513 49937
4514 18949
4515 37393
4516 62241
4517 53780
4518 49957
4519 59168
4520 37648
4521 54048
4522 18949
4523 51000
4524 55097
4525 37393
4526 16933
4527 37397
4528 60376
4529 26400
4530 16933
4531 53780
4532 37393
4533 16933
4534 49944
4535 53780
4536 53780
4537 16901
4538 39440
4539 55960
4540 53796
4541 28457
4542 53780
4543 9064
4544 38752
4545 53796
4546 5984
4547 34656
4548 53780
4549 39445
4550 53780
4551 55056
4552 28457
4553 28425
4554 55960
4555 27624
4556 5984
4557 27624
4558 53780
4559 28649
4560 38688
4561 19240
4562 53780
4563 38688
4564 64336
4565 39440
4566 28425
4567 53780
4568 53780
4569 53780
4570 27521
4571 18945
4572 61281
4573 55064
4574 53776
4575 54112
4576 49936
4577 51985
4578 55960
4579 10088
4580 28521
4581 27433
4582 25376
4583 53780
4584 27456
4585 53780
4586 28489
4587 28489
4588 37681
4589 1888
4590 39441
4591 59168
4592 49953
4593 50992
4594 55960
4595 53780
4596 53780
4597 54064
4598 28457
4599 28425
4600 37728
4601 58136
4602 53780
4603 38752
4604 14176
4605 16933
4606 39457
4607 20329
4608 27592
4609 27401
4610 25376
4611 28489
4612 53781
4613 16933
4614 19201
4615 16933
4616 53780
4617 58121
4618 37393
4619 37648
4620 28425
4621 16933
4622 27393
4623 39440
4624 56880
4625 39444
4626 39441
4627 27424
4628 53780
4629 39445
4630 34601
4631 18208
4632 53780
4633 28425
4634 28648
4635 39441
4636 53780
4637 37648
4638 38752
4639 56097
4640 53781
4641 18209
4642 54040
4643 55144
4644 1888
4645 55144
4646 38688
4647 58144
4648 53765
4649 53909
4650 39440
4651 38712
4652 37393
4653 37664
4654 39441
4655 33576
4656 56856
4657 18948
4658 53780
4659 53780
4660 39441
4661 27401
4662 53796
4663 1888
4664 18960
4665 18981
4666 52008
4667 53780
4668 53781
4669 55064
4670 53780
4671 53780
4672 63265
4673 54049
4674 53780
4675 60352
4676 52000
4677 55096
4678 58152
4679 53780
4680 28457
4681 27424
4682 28425
4683 53780
4684 50984
4685 16901
4686 55096
4687 19232
4688 49936
4689 53781
4690 17193
4691 39441
4692 33553
4693 37680
4694 37664
4695 53780
4696 50985
4697 18944
4698 49952
4699 55080
4700 54032
4701 37393
4702 53780
4703 37664
4704 37393
4705 39441
4706 38752
4707 39440
4708 37393
4709 55064
4710 39441
4711 53780
4712 49681
4713 54064
4714 55097
4715 53780
4716 27624
4717 53780
4718 16933
4719 27561
4720 53780
4721 60201
4722 28425
4723 53780
4724 5984
4725 12137
4726 54052
4727 27624
4728 28648
4729 53780
4730 27424
4731 27497
4732 55832
4733 27496
4734 53780
4735 54052
4736 28425
4737 28649
4738 53780
4739 55856
4740 53780
4741 55960
4742 53761
4743 37393
4744 55064
4745 28457
4746 37664
4747 33552
4748 61225
4749 42848
4750 27401
4751 27401
4752 53780
4753 28425
4754 19232
4755 27624
4756 37393
4757 38752
4758 39441
4759 37648
4760 37664
4761 16901
4762 55088
4763 27624
4764 49952
4765 53780
4766 16901
4767 53780
4768 19232
4769 28425
4770 39440
4771 53780
4772 53780
4773 53780
4774 54112
4775 1888
4776 14176
4777 37393
4778 37216
4779 56104
4780 37664
4781 28457
4782 27624
4783 55960
4784 37648
4785 53780
4786 53780
4787 16917
4788 16933
4789 56024
4790 49920
4791 37393
4792 33592
4793 53780
4794 25441
4795 27624
4796 27401
4797 53540
4798 49937
4799 39441
4800 55832
4801 18945
4802 28525
4803 53780
4804 54065
4805 27401
4806 55832
4807 53780
4808 28457
4809 53780
4810 37648
4811 55856
4812 49952
4813 53780
4814 63337
4815 56024
4816 54033
4817 37648
4818 28417
4819 37397
4820 16901
4821 16933
4822 61225
4823 28525
4824 37664
4825 53780
4826 55088
4827 53777
4828 27137
4829 53780
4830 16933
4831 19233
4832 34656
4833 53780
4834 16901
4835 55096
4836 53780
4837 53780
4838 49968
4839 27393
4840 27401
4841 53781
4842 27432
4843 39441
4844 55960
4845 53793
4846 16933
4847 39441
4848 37648
4849 53780
4850 37425
4851 53780
4852 28457
4853 37393
4854 37393
4855 39441
4856 16897
4857 39441
4858 53780
4859 27392
4860 27400
4861 50992
4862 28521
4863 53780
4864 55832
4865 64464
4866 28649
4867 53780
4868 18961
4869 38688
4870 38752
4871 27624
4872 28425
4873 27624
4874 49936
4875 27424
4876 28425
4877 28425
4878 53780
4879 50960
4880 34656
4881 53780
4882 39444
4883 53780
4884 53764
4885 27616
4886 55960
4887 55096
4888 37393
4889 56088
4890 55832
4891 54032
4892 50992
4893 60161
4894 53780
4895 42848
4896 28425
4897 37393
4898 17185
4899 58113
4900 37393
4901 28457
4902 28425
4903 55072
4904 49961
4905 37648
4906 39441
4907 27624
4908 38752
4909 18949
4910 28457
4911 53812
4912 53780
4913 28649
4914 49936
4915 37393
4916 28489
4917 38688
4918 17189
4919 37648
4920 38752
4921 49953
4922 27401
4923 37393
4924 58152
4925 27624
4926 10080
4927 39441
4928 53780
4929 38752
4930 27624
4931 49953
4932 37393
4933 50992
4934 50960
4935 55081
4936 53780
4937 19205
4938 53780
4939 18949
4940 33592
4941 53780
4942 27465
4943 28457
4944 38752
4945 54057
4946 58153
4947 19233
4948 54024
4949 38752
4950 53780
4951 53780
4952 37680
4953 53780
4954 58144
4955 28457
4956 53780
4957 58216
4958 1888
4959 18960
4960 39441
4961 28521
4962 39444
4963 55081
4964 54032
4965 27564
4966 53780
4967 37648
4968 33592
4969 27424
4970 55096
4971 1888
4972 55088
4973 38688
4974 53780
4975 16901
4976 10088
4977 53780
4978 39441
4979 18961
4980 19217
4981 55096
4982 38688
4983 53780
4984 49953
4985 37649
4986 53780
4987 53780
4988 53780
4989 49936
4990 51968
4991 53780
4992 19205
4993 53765
4994 27624
4995 53600
4996 60368
4997 27401
4998 39441
4999 37649
5000 25381
5001 27397
5002 53781
5003 28425
5004 53780
5005 49952
5006 34656
5007 39441
5008 63273
5009 37393
5010 53780
5011 27397
5012 28649
5013 49937
5014 58153
5015 34656
5016 53780
5017 28457
5018 49952
5019 27624
5020 28521
5021 16917
5022 55056
5023 27520
5024 27624
5025 58145
5026 19073
5027 55856
5028 38752
5029 53796
5030 14176
5031 27552
5032 27392
5033 28425
5034 28521
5035 37664
5036 38688
5037 28425
5038 27624
5039 21013
5040 28649
5041 55096
5042 53780
5043 53780
5044 55960
5045 49953
5046 39441
5047 55088
5048 53780
5049 28649
5050 55096
5051 55824
5052 28425
5053 17184
5054 58112
5055 27624
5056 53796
5057 5984
5058 56065
5059 53780
5060 55072
5061 28457
5062 27401
5063 27465
5064 28449
5065 53765
5066 37393
5067 53780
5068 5984
5069 55809
5070 27624
5071 27624
5072 18981
5073 53780
5074 55096
5075 39441
5076 34592
5077 1888
5078 28648
5079 26473
5080 56024
5081 17160
5082 53780
5083 28417
5084 28489
5085 53780
5086 53780
5087 27624
5088 19213
5089 26464
5090 10080
5091 38760
5092 27417
5093 28649
5094 27401
5095 58153
5096 56080
5097 28457
5098 34656
5099 27457
5100 37393
5101 28649
5102 61217
5103 28649
5104 37664
5105 55953
5106 39441
5107 39441
5108 55096
5109 53780
5110 28425
5111 53777
5112 37664
5113 37393
5114 33592
5115 11112
5116 26377
5117 27433
5118 37664
5119 26401
5120 19232
5121 17189
5122 34656
5123 53796
5124 18949
5125 54064
5126 28489
5127 55097
5128 1888
5129 19073
5130 39440
5131 53909
5132 33552
5133 27624
5134 53780
5135 18961
5136 27465
5137 53780
5138 39440
5139 26465
5140 28649
5141 55088
5142 27624
5143 55081
5144 53780
5145 18945
5146 53780
5147 51000
5148 33634
5149 16933
5150 53780
5151 53780
5152 50976
5153 53780
5154 16933
5155 55809
5156 28425
5157 54049
5158 53780
5159 53796
5160 16917
5161 53776
5162 38752
5163 54048
5164 55953
5165 58112
5166 53780
5167 37664
5168 28449
5169 39441
5170 53780
5171 55096
5172 55080
5173 53780
5174 28425
5175 34665
5176 27137
5177 53780
5178 54049
5179 53780
5180 28649
5181 37397
5182 28457
5183 27400
5184 55832
5185 55080
5186 18977
5187 28457
5188 53780
5189 33553
5190 27401
5191 34601
5192 27624
5193 28457
5194 26473
5195 10080
5196 55960
5197 53764
5198 27401
5199 37665
5200 54032
5201 38688
5202 28521
5203 38688
5204 53780
5205 18945
5206 1888
5207 16933
5208 28521
5209 5984
5210 39441
5211 27624
5212 28457
5213 28457
5214 55960
5215 55073
5216 37664
5217 28425
5218 55096
5219 27624
5220 54040
5221 53780
5222 53780
5223 25376
5224 28425
5225 37393
5226 27401
5227 39441
5228 28425
5229 55096
5230 28425
5231 38752
5232 27401
5233 38752
5234 56024
5235 55960
5236 49944
5237 28457
5238 28649
5239 53780
5240 53780
5241 39441
5242 17184
5243 39441
5244 28649
5245 38752
5246 53780
5247 28457
5248 56088
5249 53780
5250 28649
5251 53780
5252 64080
5253 28649
5254 19233
5255 27624
5256 28648
5257 56024
5258 28425
5259 50985
5260 28649
5261 37680
5262 53780
5263 27624
5264 5984
5265 18981
5266 54112
5267 50968
5268 27624
5269 37413
5270 28457
5271 55096
5272 27393
5273 38688
5274 27624
5275 53780
5276 37649
5277 53780
5278 49961
5279 28425
5280 51729
5281 33592
5282 55072
5283 16933
5284 53780
5285 38752
5286 37393
5287 39441
5288 27457
5289 28489
5290 17185
5291 39441
5292 5984
5293 18961
5294 53781
5295 37664
5296 16933
5297 49960
5298 27401
5299 55097
5300 55096
5301 39444
5302 37665
5303 39441
5304 49976
5305 28521
5306 34658
5307 27497
5308 55832
5309 28457
5310 28457
5311 60368
5312 37648
5313 27624
5314 39441
5315 27401
5316 37397
5317 55096
5318 33592
5319 58152
5320 53777
5321 17185
5322 39440
5323 39441
5324 27496
5325 39441
5326 53780
5327 18949
5328 28457
5329 28425
5330 16901
5331 16933
5332 55088
5333 28521
5334 53796
5335 18949
5336 49969
5337 55056
5338 16897
5339 49961
5340 53780
5341 37393
5342 49944
5343 53780
5344 54033
5345 5984
5346 54032
5347 52001
5348 53780
5349 49953
5350 37393
5351 56880
5352 28457
5353 49953
5354 39441
5355 16933
5356 33592
5357 53797
5358 19213
5359 37393
5360 54032
5361 56024
5362 59233
5363 39440
5364 63272
5365 53780
5366 63265
5367 49960
5368 53780
5369 58128
5370 55824
5371 53776
5372 10080
5373 55096
5374 28456
5375 55064
5376 42848
5377 53780
5378 27624
5379 55096
5380 14176
5381 53781
5382 54052
5383 28489
5384 17189
5385 49936
5386 53764
5387 16933
5388 1888
5389 55096
5390 27624
5391 28457
5392 38688
5393 46944
5394 1888
5395 37393
5396 28425
5397 56088
5398 28425
5399 53780
5400 27624
5401 28649
5402 55832
5403 64472
5404 53792
5405 19213
5406 56024
5407 19200
5408 53780
5409 16917
5410 28457
5411 37648
5412 55825
5413 1888
5414 55960
5415 1888
5416 56152
5417 37664
5418 53780
5419 9064
5420 53780
5421 27401
5422 27401
5423 28425
5424 53780
5425 27624
5426 28649
5427 5984
5428 56120
5429 28425
5430 28521
5431 37664
5432 28425
5433 39441
5434 27624
5435 53780
5436 54049
5437 55832
5438 56088
5439 53780
5440 27624
5441 28425
5442 27560
5443 37664
5444 49920
5445 25384
5446 38752
5447 16933
5448 37680
5449 54048
5450 26409
5451 53780
5452 28457
5453 56105
5454 27401
5455 16933
5456 53780
5457 53780
5458 16933
5459 60192
5460 55096
5461 56088
5462 25385
5463 27393
5464 53780
5465 53780
5466 37649
5467 37648
5468 33592
5469 27401
5470 36900
5471 53780
5472 18949
5473 53780
5474 1888
5475 34656
5476 18945
5477 53780
5478 28457
5479 55088
5480 59169
5481 53780
5482 38688
5483 53781
5484 39441
5485 55096
5486 53780
5487 34665
5488 56024
5489 49976
5490 53780
5491 27616
5492 53780
5493 37672
5494 53780
5495 18945
5496 33568
5497 53780
5498 55096
5499 37392
5500 9064
5501 53780
5502 37425
5503 63337
5504 53780
5505 39441
5506 33569
5507 19073
5508 53780
5509 20265
5510 39445
5511 55097
5512 53780
5513 55960
5514 27401
5515 25448
5516 55081
5517 27584
5518 50968
5519 53780
5520 37413
5521 1824
5522 61281
5523 37393
5524 28425
5525 53780
5526 53780
5527 28520
5528 53780
5529 56152
5530 28457
5531 53780
5532 27624
5533 54048
5534 38752
5535 18960
5536 5984
5537 27624
5538 53780
5539 56152
5540 53776
5541 55960
5542 55064
5543 53780
5544 56024
5545 53780
5546 54052
5547 55832
5548 53780
5549 34592
5550 28457
5551 27465
5552 52009
5553 28649
5554 37649
5555 56888
5556 53780
5557 56088
5558 28648
5559 39441
5560 37665
5561 54064
5562 54112
5563 55960
5564 19296
5565 23057
5566 37648
5567 53780
5568 53780
5569 53780
5570 49968
5571 55824
5572 56024
5573 27401
5574 17153
5575 49960
5576 53796
5577 56065
5578 60161
5579 53780
5580 53780
5581 5920
5582 63336
5583 63264
5584 38688
5585 27456
5586 53780
5587 54048
5588 53781
5589 55952
5590 28425
5591 55096
5592 28425
5593 53781
5594 34656
5595 53780
5596 53761
5597 55960
5598 37393
5599 55953
5600 37425
5601 55136
5602 55136
5603 39441
5604 37648
5605 37393
5606 54048
5607 53780
5608 53780
5609 53780
5610 16917
5611 53780
5612 37393
5613 28513
5614 14176
5615 37393
5616 37393
5617 52001
5618 49957
5619 53780
5620 28649
5621 37648
5622 16933
5623 39444
5624 53780
5625 17189
5626 53780
5627 10080
5628 53780
5629 28425
5630 53780
5631 50960
5632 27397
5633 1888
5634 5984
5635 38688
5636 37393
5637 27624
5638 28425
5639 19233
5640 38752
5641 28649
5642 28649
5643 25504
5644 27488
5645 39444
5646 53781
5647 55896
5648 27624
5649 49936
5650 53780
5651 54048
5652 53781
5653 38712
5654 55896
5655 37393
5656 53764
5657 28425
5658 28457
5659 59169
5660 28456
5661 28513
5662 28489
5663 53033
5664 27497
5665 55960
5666 27584
5667 50992
5668 60169
5669 5984
5670 1888
5671 37664
5672 1888
5673 16901
5674 56097
5675 53781
5676 53780
5677 38712
5678 27584
5679 16933
5680 55081
5681 38696
5682 27424
5683 33584
5684 55896
5685 37393
5686 27624
5687 61224
5688 54064
5689 19233
5690 18949
5691 28649
5692 54056
5693 39440
5694 53796
5695 39473
5696 37393
5697 55064
5698 38752
5699 25377
5700 58113
5701 27624
5702 34656
5703 27624
5704 25441
5705 53780
5706 33592
5707 28425
5708 34665
5709 49685
5710 53780
5711 16933
5712 53780
5713 27624
5714 53809
5715 37681
5716 58144
5717 39440
5718 54048
5719 39713
5720 58113
5721 27424
5722 50968
5723 10016
5724 54048
5725 16933
5726 53780
5727 58216
5728 51985
5729 39441
5730 16917
5731 49976
5732 16901
5733 39441
5734 18949
5735 16933
5736 53780
5737 33584
5738 27397
5739 53780
5740 37393
5741 39441
5742 56088
5743 38688
5744 2920
5745 20233
5746 27496
5747 1888
5748 37664
5749 56024
5750 28425
5751 28457
5752 33632
5753 55960
5754 27400
5755 53780
5756 27072
5757 55960
5758 27401
5759 53780
5760 37392
5761 53780
5762 54032
5763 28457
5764 53780
5765 27393
5766 5984
5767 55136
5768 51000
5769 27401
5770 53808
5771 53780
5772 55960
5773 55832
5774 16933
5775 28521
5776 28649
5777 28649
5778 54064
5779 50968
5780 55832
5781 27424
5782 10080
5783 56024
5784 20265
5785 28649
5786 56088
5787 53780
5788 61289
5789 34656
5790 28425
5791 49920
5792 55953
5793 37649
5794 10016
5795 28649
5796 5984
5797 37393
5798 39440
5799 28425
5800 33592
5801 53780
5802 39441
5803 56024
5804 27624
5805 28649
5806 19233
5807 53780
5808 53780
5809 53780
5810 53780
5811 27424
5812 58113
5813 54040
5814 19232
5815 28649
5816 25349
5817 27624
5818 42848
5819 38248
5820 19232
5821 53776
5822 55096
5823 16933
5824 33584
5825 39441
5826 16901
5827 37393
5828 58144
5829 19232
5830 55064
5831 53600
5832 53780
5833 53764
5834 54040
5835 39444
5836 53781
5837 54112
5838 53780
5839 39441
5840 60160
5841 53777
5842 37648
5843 55073
5844 27397
5845 39441
5846 59233
5847 53764
5848 37393
5849 53780
5850 53780
5851 53780
5852 53780
5853 18981
5854 53284
5855 38752
5856 28521
5857 28457
5858 51993
5859 28648
5860 19224
5861 28457
5862 55832
5863 58112
5864 19233
5865 51000
5866 10080
5867 55960
5868 54048
5869 49952
5870 28425
5871 56856
5872 28457
5873 58153
5874 12137
5875 53781
5876 28649
5877 28425
5878 56024
5879 18949
5880 53780
5881 27496
5882 34656
5883 50968
5884 38688
5885 1888
5886 28521
5887 37392
5888 19233
5889 1888
5890 55088
5891 53780
5892 25349
5893 49944
5894 27397
5895 18945
5896 55960
5897 25376
5898 53780
5899 53781
5900 16901
5901 53268
5902 59168
5903 39441
5904 39441
5905 27397
5906 25344
5907 55096
5908 27624
5909 33552
5910 55888
5911 39440
5912 16933
5913 53780
5914 54056
5915 34601
5916 16933
5917 39441
5918 28649
5919 21013
5920 18944
5921 37648
5922 37648
5923 54040
5924 53780
5925 39444
5926 55097
5927 61225
5928 53781
5929 28649
5930 16901
5931 53781
5932 54017
5933 39441
5934 58153
5935 28521
5936 53780
5937 55953
5938 37393
5939 53780
5940 53781
5941 27401
5942 53252
5943 39440
5944 37648
5945 39441
5946 37393
5947 54040
5948 53780
5949 28649
5950 39441
5951 54032
5952 53780
5953 56097
5954 50960
5955 1888
5956 37728
5957 18949
5958 38752
5959 56024
5960 26409
5961 38696
5962 54040
5963 49952
5964 28425
5965 5984
5966 60256
5967 27425
5968 56280
5969 53780
5970 53780
5971 27392
5972 39440
5973 19233
5974 59168
5975 28649
5976 51976
5977 19073
5978 49968
5979 28521
5980 49685
5981 39473
5982 10080
5983 55064
5984 53780
5985 56280
5986 27425
5987 39441
5988 55960
5989 50992
5990 33634
5991 27464
5992 37393
5993 53780
5994 53780
5995 18981
5996 53780
5997 53780
5998 53764
5999 53780
6000 51968
6001 53780
6002 38760
6003 33553
6004 55096
6005 58208
6006 27624
6007 60224
6008 37680
6009 53780
6010 39440
6011 54024
6012 23057
6013 27592
6014 55096
6015 37393
6016 27624
6017 39441
6018 16933
6019 62312
6020 19233
6021 49952
6022 54112
6023 53780
6024 16933
6025 53797
6026 57128
6027 59169
6028 27393
6029 53780
6030 16933
6031 53780
6032 27624
6033 58136
6034 53780
6035 53781
6036 55144
6037 50977
6038 53780
6039 27624
6040 53808
6041 52001
6042 53781
6043 21013
6044 53780
6045 53780
6046 28521
6047 39441
6048 25353
6049 37393
6050 27392
6051 39441
6052 53780
6053 39441
6054 55064
6055 18981
6056 54056
6057 39441
6058 16901
6059 53780
6060 55088
6061 56088
6062 10088
6063 53796
6064 28425
6065 53780
6066 55064
6067 34656
6068 10080
6069 39441
6070 16933
6071 53780
6072 10080
6073 39445
6074 53777
6075 10080
6076 28521
6077 1888
6078 27628
6079 49952
6080 28457
6081 55960
6082 28425
6083 60161
6084 27624
6085 39441
6086 53780
6087 27433
6088 27624
6089 50968
6090 55136
6091 28521
6092 27401
6093 51000
6094 53780
6095 39445
6096 53780
6097 53909
6098 38696
6099 38752
6100 53796
6101 49976
6102 39440
6103 49961
6104 53780
6105 39445
6106 53780
6107 27496
6108 38752
6109 10088
6110 54040
6111 54040
6112 33576
6113 16933
6114 37664
6115 39441
6116 39441
6117 55096
6118 18949
6119 17185
6120 55096
6121 37664
6122 54049
6123 25440
6124 53777
6125 55096
6126 54112
6127 56024
6128 53780
6129 16933
6130 53792
6131 51992
6132 53780
6133 58144
6134 1888
6135 52001
6136 53780
6137 53765
6138 64464
6139 37393
6140 54073
6141 27392
6142 39441
6143 53780
6144 25377
6145 27624
6146 53780
6147 37728
6148 28525
6149 28457
6150 53780
6151 18981
6152 5984
6153 10088
6154 56888
6155 27624
6156 9064
6157 33632
6158 27401
6159 51729
6160 53765
6161 56024
6162 28457
6163 28425
6164 28425
6165 55960
6166 28425
6167 14176
6168 28457
6169 55960
6170 53781
6171 51992
6172 49953
6173 28489
6174 27424
6175 34656
6176 55960
6177 53780
6178 28521
6179 58113
6180 28425
6181 27624
6182 60161
6183 28649
6184 53764
6185 28425
6186 27393
6187 55832
6188 55064
6189 1888
6190 27624
6191 25449
6192 53780
6193 53765
6194 28425
6195 28425
6196 53909
6197 53776
6198 28457
6199 34665
6200 53780
6201 25376
6202 37393
6203 55096
6204 34600
6205 28457
6206 53780
6207 54049
6208 53780
6209 18949
6210 53780
6211 54048
6212 54032
6213 53780
6214 37680
6215 53780
6216 37680
6217 50992
6218 25353
6219 49968
6220 19240
6221 55096
6222 63273
6223 37393
6224 39441
6225 53780
6226 54056
6227 54032
6228 28417
6229 53780
6230 61225
6231 28425
6232 55088
6233 54040
6234 39441
6235 21029
6236 53780
6237 54053
6238 27401
6239 53780
6240 25377
6241 27397
6242 28521
6243 54032
6244 53780
6245 60352
6246 37664
6247 20265
6248 55960
6249 55960
6250 38752
6251 28425
6252 38752
6253 28457
6254 55828
6255 25377
6256 17184
6257 55960
6258 27465
6259 58112
6260 28649
6261 19224
6262 16933
6263 53780
6264 53780
6265 60376
6266 56152
6267 27624
6268 37664
6269 53780
6270 53780
6271 53780
6272 55097
6273 53780
6274 28425
6275 53780
6276 28449
6277 33576
6278 34592
6279 37680
6280 55960
6281 54048
6282 28425
6283 28425
6284 55072
6285 53780
6286 53796
6287 55857
6288 53780
6289 39441
6290 53776
6291 37393
6292 39441
6293 19216
6294 58112
6295 37649
6296 39441
6297 16901
6298 53780
6299 58112
6300 33576
6301 16933
6302 37680
6303 60192
6304 53780
6305 27397
6306 53780
6307 53780
6308 53792
6309 39441
6310 37728
6311 5984
6312 54049
6313 50992
6314 37665
6315 53780
6316 14176
6317 50992
6318 28457
6319 37393
6320 26409
6321 16933
6322 28425
6323 27392
6324 27624
6325 53780
6326 55824
6327 10088
6328 38688
6329 56024
6330 28457
6331 18949
6332 28425
6333 27465
6334 12137
6335 54056
6336 55896
6337 28425
6338 56024
6339 5984
6340 27465
6341 58144
6342 27393
6343 52000
6344 27624
6345 18949
6346 53760
6347 53780
6348 27425
6349 54049
6350 53764
6351 37664
6352 55832
6353 27489
6354 58145
6355 28457
6356 61225
6357 53809
6358 39441
6359 53780
6360 55097
6361 55832
6362 53780
6363 53780
6364 27624
6365 38696
6366 38752
6367 39441
6368 16901
6369 37393
6370 53780
6371 27624
6372 58144
6373 50992
6374 53781
6375 16933
6376 1824
6377 49968
6378 55960
6379 27624
6380 53780
6381 39441
6382 55064
6383 57129
6384 27137
6385 53780
6386 53780
6387 53780
6388 36900
6389 28457
6390 27425
6391 57144
6392 53780
6393 51968
6394 28457
6395 56152
6396 28457
6397 39441
6398 53780
6399 37648
6400 26401
6401 55056
6402 5984
6403 10080
6404 38688
6405 55960
6406 19233
6407 28425
6408 39441
6409 53780
6410 57144
6411 5984
6412 55960
6413 49920
6414 28521
6415 53780
6416 16901
6417 28649
6418 37393
6419 53780
6420 63337
6421 1888
6422 55088
6423 53780
6424 58144
6425 25376
6426 54024
6427 53780
6428 53780
6429 54072
6430 63272
6431 21029
6432 49921
6433 55832
6434 19240
6435 27425
6436 37397
6437 54049
6438 55064
6439 19209
6440 5984
6441 27433
6442 53780
6443 27393
6444 39441
6445 37393
6446 53780
6447 49936
6448 53780
6449 10080
6450 61225
6451 27624
6452 55064
6453 53797
6454 53780
6455 28648
6456 27624
6457 56856
6458 28457
6459 16901
6460 55064
6461 55088
6462 57129
6463 28425
6464 62241
6465 19209
6466 28425
6467 55960
6468 49952
6469 28457
6470 27465
6471 16917
6472 27432
6473 16933
6474 54032
6475 51729
6476 57144
6477 55080
6478 37393
6479 28417
6480 53780
6481 37664
6482 54049
6483 55960
6484 56097
6485 61225
6486 61217
6487 53780
6488 37664
6489 53780
6490 55096
6491 58145
6492 27624
6493 28425
6494 18949
6495 55097
6496 58145
6497 46944
6498 27397
6499 28649
6500 38697
6501 55064
6502 53761
6503 39441
6504 55096
6505 16933
6506 27497
6507 58208
6508 34665
6509 37393
6510 53780
6511 27616
6512 61288
6513 37680
6514 51729
6515 51000
6516 37393
6517 56024
6518 39441
6519 38752
6520 53780
6521 53033
6522 27465
6523 58208
6524 53780
6525 39440
6526 54064
6527 5984
6528 38688
6529 28457
6530 55953
6531 37664
6532 17168
6533 28425
6534 53780
6535 38752
6536 27465
6537 19200
6538 37393
6539 28457
6540 28520
6541 53765
6542 5984
6543 1888
6544 5984
6545 33632
6546 55832
6547 28425
6548 27401
6549 55096
6550 53781
6551 55960
6552 53780
6553 37664
6554 50984
6555 28521
6556 53780
6557 52001
6558 28649
6559 53780
6560 28425
6561 27624
6562 59233
6563 37393
6564 53780
6565 37425
6566 28425
6567 37664
6568 16933
6569 28521
6570 33632
6571 34600
6572 37393
6573 33592
6574 28457
6575 56097
6576 16901
6577 62241
6578 54048
6579 27560
6580 55088
6581 55096
6582 25376
6583 27397
6584 51729
6585 27624
6586 34665
6587 55064
6588 49920
6589 55097
6590 62312
6591 39441
6592 54048
6593 55064
6594 39444
6595 54024
6596 53781
6597 53780
6598 53781
6599 53764
6600 37393
6601 53780
6602 54052
6603 55809
6604 49936
6605 16933
6606 27624
6607 54064
6608 37664
6609 53781
6610 39441
6611 27465
6612 37664
6613 53780
6614 55096
6615 28457
6616 58153
6617 38688
6618 28424
6619 49685
6620 27401
6621 55096
6622 6945
6623 53780
6624 52008
6625 53780
6626 18944
6627 46944
6628 27624
6629 60376
6630 17189
6631 10080
6632 28489
6633 60265
6634 53540
6635 28425
6636 53764
6637 28425
6638 53780
6639 56088
6640 58145
6641 55812
6642 53780
6643 28521
6644 19233
6645 18949
6646 27624
6647 60352
6648 62241
6649 49685
6650 64472
6651 53780
6652 55064
6653 54017
6654 64472
6655 27496
6656 19200
6657 53780
6658 51976
6659 54048
6660 28457
6661 38696
6662 55088
6663 53776
6664 55097
6665 53780
6666 53780
6667 16901
6668 37648
6669 53780
6670 38760
6671 37393
6672 53792
6673 18949
6674 27425
6675 58152
6676 54057
6677 33553
6678 16901
6679 25349
6680 27425
6681 28425
6682 53780
6683 27465
6684 16901
6685 28448
6686 53781
6687 54065
6688 53284
6689 17185
6690 36900
6691 28425
6692 25385
6693 53268
6694 28457
6695 53780
6696 55064
6697 16901
6698 53780
6699 53781
6700 39441
6701 53780
6702 53808
6703 16933
6704 19216
6705 27624
6706 55056
6707 38712
6708 53781
6709 37664
6710 37680
6711 55960
6712 61193
6713 60169
6714 56856
6715 54048
6716 19200
6717 37728
6718 49953
6719 55960
6720 55960
6721 57129
6722 53780
6723 38688
6724 28457
6725 27465
6726 19232
6727 27425
6728 23057
6729 55064
6730 28425
6731 27465
6732 55960
6733 53780
6734 34592
6735 55064
6736 52000
6737 53780
6738 39441
6739 57144
6740 55096
6741 37648
6742 55824
6743 5984
6744 60193
6745 54048
6746 53780
6747 18949
6748 53809
6749 56097
6750 27425
6751 38712
6752 27624
6753 27624
6754 53776
6755 28649
6756 37680
6757 16901
6758 27433
6759 60201
6760 55144
6761 16917
6762 10080
6763 49953
6764 53780
6765 33553
6766 53780
6767 28457
6768 54048
6769 53765
6770 27424
6771 51992
6772 53780
6773 53796
6774 55136
6775 1888
6776 55960
6777 27496
6778 10080
6779 49952
6780 54057
6781 28489
6782 53780
6783 19233
6784 28457
6785 54032
6786 54032
6787 27624
6788 28457
6789 53780
6790 28457
6791 55072
6792 37648
6793 28425
6794 28649
6795 55072
6796 55896
6797 58209
6798 54057
6799 19201
6800 27425
6801 34656
6802 55824
6803 53780
6804 19209
6805 38752
6806 18948
6807 10088
6808 37393
6809 18944
6810 28513
6811 53780
6812 16917
6813 53780
6814 28417
6815 53780
6816 55096
6817 33553
6818 28513
6819 53792
6820 55832
6821 28457
6822 59168
6823 16933
6824 57121
6825 28457
6826 37648
6827 55088
6828 19237
6829 55828
6830 53252
6831 53780
6832 53780
6833 19209
6834 28457
6835 42848
6836 16933
6837 54064
6838 53780
6839 28457
6840 54048
6841 51000
6842 46944
6843 19213
6844 1888
6845 9064
6846 54040
6847 27624
6848 25345
6849 54064
6850 54048
6851 55832
6852 58113
6853 54017
6854 27464
6855 28425
6856 28425
6857 56856
6858 54032
6859 10080
6860 27624
6861 58144
6862 37665
6863 59177
6864 56088
6865 5984
6866 37664
6867 18949
6868 27624
6869 28521
6870 55857
6871 16933
6872 55096
6873 1824
6874 19205
6875 53032
6876 55096
6877 37648
6878 27592
6879 16933
6880 54048
6881 16933
6882 19205
6883 53780
6884 53812
6885 27624
6886 55097
6887 18948
6888 28457
6889 54049
6890 49952
6891 20233
6892 11040
6893 53780
6894 59169
6895 53780
6896 53792
6897 28649
6898 28521
6899 27624
6900 38688
6901 53540
6902 14176
6903 16933
6904 1888
6905 52001
6906 27397
6907 59169
6908 56280
6909 62241
6910 28425
6911 28457
6912 27401
6913 53780
6914 27397
6915 53797
6916 55960
6917 53780
6918 37393
6919 14176
6920 38752
6921 53780
6922 53808
6923 19233
6924 27397
6925 55096
6926 27465
6927 53780
6928 53808
6929 38760
6930 38688
6931 53780
6932 53781
6933 39457
6934 55864
6935 16933
6936 34665
6937 25384
6938 49944
6939 54032
6940 16897
6941 55072
6942 51000
6943 28457
6944 53780
6945 38752
6946 53780
6947 53780
6948 37664
6949 53780
6950 27624
6951 27424
6952 26377
6953 54049
6954 27392
6955 1824
6956 37216
6957 53780
6958 18960
6959 37216
6960 28425
6961 53780
6962 27624
6963 53780
6964 55832
6965 55136
6966 28425
6967 27400
6968 28649
6969 57144
6970 25349
6971 53780
6972 56216
6973 53780
6974 38688
6975 38760
6976 33576
6977 27497
6978 28417
6979 53780
6980 28649
6981 60201
6982 37680
6983 53780
6984 54024
6985 21013
6986 55857
6987 55096
6988 38752
6989 61225
6990 17153
6991 54048
6992 18949
6993 54048
6994 52000
6995 49685
6996 17184
6997 27624
6998 16933
6999 53780
7000 34656
7001 53809
7002 56024
7003 28649
7004 37393
7005 55096
7006 16933
7007 18981
7008 28425
7009 53765
7010 55832
7011 49952
7012 55064
7013 19225
7014 53268
7015 37393
7016 33592
7017 28648
7018 5984
7019 55096
7020 56024
7021 53780
7022 28457
7023 49681
7024 63264
7025 37664
7026 55960
7027 49960
7028 55960
7029 27397
7030 53780
7031 60368
7032 54048
7033 54032
7034 56024
7035 20265
7036 28521
7037 55096
7038 28521
7039 18961
7040 55832
7041 28425
7042 21281
7043 33568
7044 18208
7045 53780
7046 39441
7047 53780
7048 49976
7049 57121
7050 27628
7051 27624
7052 53252
7053 18944
7054 55097
7055 53780
7056 53781
7057 28649
7058 27488
7059 50992
7060 37425
7061 53781
7062 17152
7063 49952
7064 53780
7065 53780
7066 53780
7067 53780
7068 55096
7069 54048
7070 25377
7071 58112
7072 33553
7073 37648
7074 49961
7075 49936
7076 49960
7077 52000
7078 19233
7079 37664
7080 55832
7081 28425
7082 28425
7083 53797
7084 54052
7085 55960
7086 55832
7087 55960
7088 27401
7089 28425
7090 59169
7091 25440
7092 39441
7093 56088
7094 19073
7095 49952
7096 58145
7097 18945
7098 56024
7099 55097
7100 37664
7101 33632
7102 37664
7103 39444
7104 16933
7105 27624
7106 53780
7107 53780
7108 27624
7109 16933
7110 27624
7111 28457
7112 54040
7113 55832
7114 54024
7115 50960
7116 27496
7117 53780
7118 49952
7119 28425
7120 53780
7121 55080
7122 18944
7123 25376
7124 55096
7125 28425
7126 55096
7127 21013
7128 53284
7129 28457
7130 53780
7131 53780
7132 53780
7133 54040
7134 37680
7135 53780
7136 27624
7137 27464
7138 19205
7139 53780
7140 28489
7141 39441
7142 53780
7143 33553
7144 54052
7145 51000
7146 53780
7147 28425
7148 27424
7149 28457
7150 28425
7151 53536
7152 53780
7153 16933
7154 55064
7155 10080
7156 54024
7157 5984
7158 27624
7159 33592
7160 50960
7161 53764
7162 16933
7163 51969
7164 53780
7165 55832
7166 39440
7167 53781
7168 19232
7169 64464
7170 53780
7171 55096
7172 37664
7173 25349
7174 28425
7175 27401
7176 58144
7177 55088
7178 19233
7179 27432
7180 25384
7181 63264
7182 53540
7183 10080
7184 37664
7185 54052
7186 1888
7187 9064
7188 58153
7189 28425
7190 53780
7191 64464
7192 36900
7193 54016
7194 14176
7195 28457
7196 17152
7197 54072
7198 27496
7199 28649
7200 55097
7201 37648
7202 28425
7203 27401
7204 55064
7205 55824
7206 53780
7207 54072
7208 34656
7209 55096
7210 39440
7211 10080
7212 1824
7213 28521
7214 10080
7215 38688
7216 55088
7217 28521
7218 37664
7219 19213
7220 53796
7221 53780
7222 53796
7223 18961
7224 53780
7225 28521
7226 49920
7227 54024
7228 27624
7229 27624
7230 55960
7231 53780
7232 1888
7233 53780
7234 19240
7235 58144
7236 38760
7237 19233
7238 53780
7239 21013
7240 39441
7241 37680
7242 37728
7243 37413
7244 53780
7245 49952
7246 27624
7247 54065
7248 27488
7249 60376
7250 37393
7251 10080
7252 19304
7253 5984
7254 56024
7255 53780
7256 61281
7257 56088
7258 55097
7259 55096
7260 27465
7261 27556
7262 54072
7263 37728
7264 25377
7265 56888
7266 52008
7267 5984
7268 38760
7269 62240
7270 18949
7271 49937
7272 58152
7273 55096
7274 54032
7275 53777
7276 5984
7277 27137
7278 55064
7279 55136
7280 33552
7281 53780
7282 63272
7283 55096
7284 38752
7285 27625
7286 49952
7287 27397
7288 56152
7289 53780
7290 55088
7291 39441
7292 39441
7293 38696
7294 53780
7295 28457
7296 19216
7297 19232
7298 27488
7299 33632
7300 53781
7301 60192
7302 53780
7303 39473
7304 53780
7305 42848
7306 27624
7307 34592
7308 27465
7309 51968
7310 55832
7311 27624
7312 33568
7313 54048
7314 55960
7315 28425
7316 56024
7317 55832
7318 28513
7319 37393
7320 53776
7321 58152
7322 54120
7323 27624
7324 37664
7325 53780
7326 28649
7327 27397
7328 28457
7329 53780
7330 37648
7331 53780
7332 52008
7333 27624
7334 28521
7335 53780
7336 55064
7337 38760
7338 37728
7339 27501
7340 18944
7341 55960
7342 39440
7343 50960
7344 28649
7345 37393
7346 27624
7347 56024
7348 42848
7349 28425
7350 54040
7351 27625
7352 37393
7353 49960
7354 37681
7355 27400
7356 38696
7357 28521
7358 37728
7359 28457
7360 60352
7361 53780
7362 19233
7363 54064
7364 54048
7365 55960
7366 64464
7367 28457
7368 27424
7369 37665
7370 33632
7371 28457
7372 53780
7373 49937
7374 39713
7375 28425
7376 55832
7377 50992
7378 55828
7379 28649
7380 5984
7381 18949
7382 27624
7383 49936
7384 39441
7385 55088
7386 55832
7387 16933
7388 54048
7389 16933
7390 1888
7391 53780
7392 34658
7393 55824
7394 58144
7395 27624
7396 16901
7397 55064
7398 28649
7399 55064
7400 54064
7401 19216
7402 27400
7403 55088
7404 53780
7405 53792
7406 33634
7407 38752
7408 34656
7409 54057
7410 53792
7411 27624
7412 62241
7413 27564
7414 53780
7415 53780
7416 1888
7417 37728
7418 53780
7419 37680
7420 54048
7421 38688
7422 55960
7423 2920
7424 53033
7425 27496
7426 49953
7427 55824
7428 38688
7429 53780
7430 54048
7431 53780
7432 62241
7433 54072
7434 28425
7435 56088
7436 25345
7437 28649
7438 53776
7439 38688
7440 53780
7441 28649
7442 28457
7443 28648
7444 39441
7445 54064
7446 53780
7447 53812
7448 53796
7449 53780
7450 53780
7451 28457
7452 62240
7453 33634
7454 53776
7455 37393
7456 49952
7457 53764
7458 53796
7459 53780
7460 37393
7461 34592
7462 53780
7463 53780
7464 53781
7465 54032
7466 53780
7467 53780
7468 2920
7469 37664
7470 27401
7471 37393
7472 10081
7473 38712
7474 37392
7475 37392
7476 38760
7477 26465
7478 53780
7479 5984
7480 27417
7481 10080
7482 33632
7483 33634
7484 37413
7485 5984
7486 37680
7487 37392
7488 56088
7489 10080
7490 53780
7491 38752
7492 56152
7493 54048
7494 16917
7495 19233
7496 54048
7497 58121
7498 26400
7499 38752
7500 27624
7501 18944
7502 33592
7503 27425
7504 62312
7505 33568
7506 53780
7507 57121
7508 27624
7509 38697
7510 53780
7511 57129
7512 28521
7513 27624
7514 27624
7515 28425
7516 27624
7517 58112
7518 27496
7519 38752
7520 27624
7521 18945
7522 54048
7523 53909
7524 56024
7525 37664
7526 55056
7527 27624
7528 53780
7529 38696
7530 19201
7531 54048
7532 34658
7533 38760
7534 37393
7535 54040
7536 2857
7537 37664
7538 39441
7539 53540
7540 33592
7541 38696
7542 53540
7543 38688
7544 64472
7545 53780
7546 54048
7547 38248
7548 55064
7549 39441
7550 17152
7551 64336
7552 55856
7553 49936
7554 56065
7555 53540
7556 26377
7557 53780
7558 55064
7559 37648
7560 18945
7561 53780
7562 61225
7563 28425
7564 55888
7565 53776
7566 53780
7567 54048
7568 49953
7569 37648
7570 53780
7571 53780
7572 55960
7573 27393
7574 27624
7575 55840
7576 28425
7577 27624
7578 56024
7579 53796
7580 53780
7581 39441
7582 37393
7583 55064
7584 38752
7585 53780
7586 53780
7587 39440
7588 33568
7589 28425
7590 54064
7591 53764
7592 27465
7593 56024
7594 10080
7595 26952
7596 56024
7597 37216
7598 20265
7599 55064
7600 53765
7601 34592
7602 19201
7603 28425
7604 54064
7605 27624
7606 19200
7607 52001
7608 19233
7609 38688
7610 27465
7611 57121
7612 38760
7613 54032
7614 18981
7615 53780
7616 38688
7617 37664
7618 55096
7619 54040
7620 19200
7621 10080
7622 54048
7623 37648
7624 37649
7625 27392
7626 27401
7627 53780
7628 50960
7629 50960
7630 39440
7631 62249
7632 55064
7633 49937
7634 20265
7635 55056
7636 53780
7637 28513
7638 27624
7639 37396
7640 28425
7641 54052
7642 58128
7643 10081
7644 53765
7645 38696
7646 53781
7647 38752
7648 28521
7649 54052
7650 53780
7651 53780
7652 53781
7653 54048
7654 28457
7655 10080
7656 54048
7657 1888
7658 42848
7659 26473
7660 53780
7661 49961
7662 53780
7663 38696
7664 54048
7665 53780
7666 27401
7667 27401
7668 54048
7669 60168
7670 1888
7671 54040
7672 25349
7673 27628
7674 55960
7675 18945
7676 27424
7677 55056
7678 58208
7679 62240
7680 61225
7681 53777
7682 33576
7683 53812
7684 55824
7685 55144
7686 49921
7687 19217
7688 34616
7689 53796
7690 19073
7691 33576
7692 37680
7693 16933
7694 53781
7695 54049
7696 28457
7697 10080
7698 27425
7699 55096
7700 56072
7701 19233
7702 28425
7703 28425
7704 18948
7705 28457
7706 63336
7707 27624
7708 27496
7709 28649
7710 27424
7711 51000
7712 58128
7713 54052
7714 54048
7715 53765
7716 63265
7717 53780
7718 19209
7719 52009
7720 27624
7721 54048
7722 39441
7723 27489
7724 53780
7725 54064
7726 55960
7727 27401
7728 49945
7729 10080
7730 54048
7731 54048
7732 37664
7733 53284
7734 55064
7735 52008
7736 54049
7737 58152
7738 56280
7739 56024
7740 53909
7741 27393
7742 53909
7743 19233
7744 53780
7745 37728
7746 37648
7747 28457
7748 54032
7749 53780
7750 25440
7751 28457
7752 55064
7753 28457
7754 54072
7755 53780
7756 28449
7757 49920
7758 26401
7759 55096
7760 27584
7761 53780
7762 53780
7763 56104
7764 5920
7765 39441
7766 62240
7767 56856
7768 55960
7769 27560
7770 54048
7771 55832
7772 53792
7773 53780
7774 53780
7775 59232
7776 63337
7777 56280
7778 55096
7779 55096
7780 27592
7781 55064
7782 62304
7783 25377
7784 53284
7785 37680
7786 53025
7787 55960
7788 54053
7789 33584
7790 53780
7791 41784
7792 27624
7793 50992
7794 53025
7795 39440
7796 27424
7797 55064
7798 50992
7799 39441
7800 56097
7801 53600
7802 58144
7803 27489
7804 28457
7805 37648
7806 56216
7807 49953
7808 55832
7809 62248
7810 19233
7811 39440
7812 53780
7813 55064
7814 55824
7815 38752
7816 51977
7817 54072
7818 27465
7819 28457
7820 36900
7821 56024
7822 52009
7823 27432
7824 37413
7825 54048
7826 55960
7827 54032
7828 39440
7829 55832
7830 41784
7831 55064
7832 28521
7833 56088
7834 54052
7835 50992
7836 53765
7837 54048
7838 19208
7839 53025
7840 28457
7841 37396
7842 50992
7843 53776
7844 55064
7845 52000
7846 55088
7847 56088
7848 27392
7849 55832
7850 16933
7851 53781
7852 27624
7853 27401
7854 55056
7855 60168
7856 5920
7857 53536
7858 11040
7859 54049
7860 55960
7861 19233
7862 53812
7863 38752
7864 55064
7865 19225
7866 53540
7867 32553
7868 27624
7869 54048
7870 53780
7871 49960
7872 28457
7873 38752
7874 34592
7875 19232
7876 25349
7877 27392
7878 27397
7879 50992
7880 38688
7881 17185
7882 18961
7883 53780
7884 53536
7885 56088
7886 53776
7887 34601
7888 55064
7889 37393
7890 54064
7891 38696
7892 59168
7893 27624
7894 55064
7895 63265
7896 55064
7897 37393
7898 27624
7899 55096
7900 17184
7901 52001
7902 28457
7903 39441
7904 52000
7905 19201
7906 49953
7907 27433
7908 27433
7909 6945
7910 27624
7911 19200
7912 53792
7913 27425
7914 49960
7915 38688
7916 33552
7917 55136
7918 54048
7919 27425
7920 55072
7921 53780
7922 54072
7923 27397
7924 38696
7925 5920
7926 10080
7927 53796
7928 33576
7929 27624
7930 54032
7931 37665
7932 51000
7933 25349
7934 27624
7935 38752
7936 54040
7937 60193
7938 37393
7939 53780
7940 33568
7941 37393
7942 55136
7943 64289
7944 49921
7945 27400
7946 51000
7947 27496
7948 28649
7949 37393
7950 55096
7951 54064
7952 38697
7953 54032
7954 27528
7955 54048
7956 54064
7957 49952
7958 53780
7959 53600
7960 10080
7961 25377
7962 58208
7963 28457
7964 55096
7965 27457
7966 55073
7967 62240
7968 53781
7969 54048
7970 27424
7971 21281
7972 28425
7973 19208
7974 28521
7975 56024
7976 28457
7977 19232
7978 54032
7979 27624
7980 28457
7981 53764
7982 55136
7983 56880
7984 53780
7985 18945
7986 53781
7987 55056
7988 53781
7989 33584
7990 5984
7991 53600
7992 54032
7993 16933
7994 34656
7995 16933
7996 53780
7997 53780
7998 27497
7999 54064
8000 27401
8001 61224
8002 50976
8003 14176
8004 53780
8005 56880
8006 55096
8007 25376
8008 55064
8009 28449
8010 53761
8011 54048
8012 55825
8013 52008
8014 62241
8015 53796
8016 28425
8017 55088
8018 53780
8019 27425
8020 27488
8021 37425
8022 27401
8023 54040
8024 28425
8025 28425
8026 25377
8027 55888
8028 54032
8029 5984
8030 55088
8031 53796
8032 53780
8033 28521
8034 27584
8035 53780
8036 54032
8037 55096
8038 1824
8039 50984
8040 27397
8041 2920
8042 38696
8043 53780
8044 10600
8045 1888
8046 17185
8047 27624
8048 49953
8049 54032
8050 55096
8051 49944
8052 55080
8053 37664
8054 27401
8055 55096
8056 28457
8057 19200
8058 53781
8059 28448
8060 49952
8061 28489
8062 54120
8063 54048
8064 28457
8065 53781
8066 55960
8067 1824
8068 27465
8069 25345
8070 49968
8071 49952
8072 38752
8073 56024
8074 37728
8075 54064
8076 16897
8077 38752
8078 56024
8079 55096
8080 56088
8081 54048
8082 54048
8083 55056
8084 53780
8085 51985
8086 33592
8087 54048
8088 54064
8089 53781
8090 54120
8091 37728
8092 55096
8093 16933
8094 37649
8095 27556
8096 55832
8097 50992
8098 18961
8099 53796
8100 49968
8101 28521
8102 37425
8103 27397
8104 49952
8105 28457
8106 28457
8107 49961
8108 49953
8109 28457
8110 38688
8111 28457
8112 38712
8113 33634
8114 54064
8115 58145
8116 37664
8117 55896
8118 54024
8119 55960
8120 49960
8121 38752
8122 59168
8123 53781
8124 16901
8125 33553
8126 58153
8127 53780
8128 54049
8129 55088
8130 37664
8131 54048
8132 5984
8133 54072
8134 18945
8135 59241
8136 56088
8137 55064
8138 33584
8139 56024
8140 54049
8141 28425
8142 27624
8143 39441
8144 52001
8145 26401
8146 53780
8147 55096
8148 55840
8149 27432
8150 27624
8151 25376
8152 20233
8153 27624
8154 27624
8155 37393
8156 1824
8157 27624
8158 53033
8159 18945
8160 34656
8161 25344
8162 28521
8163 16901
8164 49937
8165 28425
8166 37688
8167 28521
8168 32553
8169 53764
8170 16933
8171 53780
8172 55857
8173 54032
8174 56088
8175 25376
8176 37672
8177 9064
8178 54048
8179 54048
8180 27624
8181 56280
8182 19240
8183 28457
8184 51000
8185 37393
8186 28521
8187 56216
8188 58272
8189 27456
8190 53797
8191 54048
8192 53780
8193 17184
8194 53781
8195 27400
8196 49920
8197 62240
8198 58144
8199 45856
8200 28425
8201 54048
8202 27433
8203 53780
8204 17184
8205 27424
8206 55832
8207 57120
8208 55064
8209 1888
8210 27465
8211 64464
8212 55960
8213 54040
8214 37425
8215 64472
8216 10600
8217 55832
8218 28425
8219 55064
8220 19240
8221 49936
8222 33632
8223 49960
8224 55096
8225 60368
8226 55096
8227 28448
8228 54052
8229 55072
8230 51000
8231 53780
8232 53760
8233 33568
8234 19216
8235 53780
8236 33584
8237 55064
8238 37393
8239 53780
8240 27528
8241 37425
8242 53780
8243 34658
8244 56105
8245 54064
8246 53780
8247 54040
8248 17152
8249 28448
8250 37664
8251 27393
8252 50992
8253 52009
8254 55072
8255 28425
8256 27616
8257 63265
8258 10016
8259 53765
8260 10080
8261 37216
8262 53781
8263 27624
8264 38752
8265 54040
8266 53780
8267 16933
8268 28457
8269 51000
8270 18961
8271 53780
8272 53780
8273 2920
8274 50976
8275 57121
8276 18949
8277 28457
8278 38248
8279 17184
8280 16933
8281 60161
8282 16933
8283 53780
8284 39441
8285 28521
8286 55056
8287 38248
8288 33592
8289 27488
8290 37664
8291 19073
8292 58144
8293 27489
8294 28457
8295 62248
8296 55080
8297 17168
8298 49952
8299 54065
8300 55809
8301 64289
8302 25385
8303 54049
8304 54112
8305 54049
8306 56216
8307 56024
8308 53761
8309 28425
8310 37680
8311 56024
8312 54056
8313 16901
8314 26409
8315 50968
8316 37393
8317 50960
8318 18949
8319 25345
8320 54040
8321 54040
8322 37648
8323 27624
8324 53780
8325 55097
8326 34601
8327 37728
8328 37728
8329 60160
8330 53780
8331 53600
8332 16901
8333 16933
8334 41784
8335 25384
8336 41784
8337 1888
8338 54040
8339 61225
8340 58152
8341 55096
8342 27425
8343 60352
8344 27392
8345 53600
8346 54056
8347 38712
8348 57129
8349 37728
8350 54112
8351 28457
8352 64289
8353 28521
8354 52008
8355 55096
8356 27624
8357 56024
8358 19304
8359 19208
8360 28513
8361 27425
8362 28425
8363 49952
8364 28457
8365 27433
8366 33632
8367 55088
8368 61217
8369 53776
8370 19209
8371 39441
8372 53780
8373 38752
8374 25345
8375 64080
8376 53765
8377 55080
8378 49968
8379 54064
8380 38752
8381 59233
8382 27496
8383 39441
8384 61225
8385 55064
8386 55144
8387 39441
8388 27424
8389 18208
8390 18944
8391 54048
8392 37664
8393 26400
8394 53780
8395 10016
8396 28457
8397 60256
8398 62249
8399 62304
8400 54064
8401 53764
8402 28457
8403 19233
8404 34656
8405 21281
8406 54032
8407 50992
8408 17184
8409 27425
8410 27500
8411 20233
8412 56088
8413 27393
8414 63337
8415 55064
8416 53780
8417 37393
8418 50992
8419 55064
8420 27392
8421 54053
8422 52000
8423 25345
8424 37664
8425 55824
8426 28457
8427 2920
8428 60192
8429 56072
8430 54032
8431 39440
8432 49921
8433 54049
8434 27464
8435 52000
8436 49945
8437 61193
8438 37393
8439 50977
8440 56088
8441 49952
8442 38752
8443 55096
8444 33568
8445 55056
8446 54052
8447 25440
8448 27624
8449 17184
8450 39440
8451 55960
8452 54048
8453 28425
8454 1888
8455 37413
8456 37648
8457 51000
8458 53780
8459 28521
8460 53796
8461 27624
8462 34665
8463 18945
8464 49953
8465 27401
8466 55096
8467 54112
8468 34616
8469 16933
8470 19216
8471 49936
8472 27520
8473 28425
8474 55064
8475 55096
8476 55096
8477 28425
8478 28520
8479 65321
8480 27424
8481 52001
8482 27425
8483 19241
8484 52001
8485 58145
8486 51969
8487 56097
8488 38752
8489 39441
8490 58144
8491 53781
8492 37681
8493 39441
8494 49960
8495 61217
8496 19200
8497 50992
8498 53600
8499 27465
8500 55088
8501 54072
8502 16901
8503 54064
8504 64464
8505 27624
8506 54048
8507 28649
8508 55896
8509 25349
8510 55096
8511 53776
8512 17169
8513 37728
8514 50960
8515 53796
8516 55064
8517 49968
8518 58144
8519 53781
8520 53776
8521 18948
8522 54032
8523 54056
8524 54049
8525 54048
8526 25441
8527 55064
8528 45856
8529 25441
8530 49920
8531 53781
8532 27624
8533 52000
8534 53781
8535 51993
8536 27456
8537 17169
8538 27624
8539 49952
8540 54024
8541 28457
8542 54048
8543 55096
8544 16933
8545 25504
8546 55960
8547 54048
8548 10080
8549 55812
8550 54024
8551 39441
8552 20265
8553 55096
8554 18944
8555 50992
8556 50968
8557 53812
8558 60352
8559 55960
8560 53808
8561 34656
8562 25377
8563 49921
8564 54072
8565 28649
8566 50960
8567 53780
8568 10080
8569 55960
8570 27592
8571 56088
8572 64464
8573 56088
8574 51968
8575 51000
8576 19217
8577 38696
8578 37413
8579 53812
8580 34601
8581 55136
8582 53765
8583 56216
8584 53781
8585 27424
8586 58209
8587 33584
8588 27624
8589 51000
8590 50992
8591 34665
8592 55832
8593 58144
8594 55072
8595 53780
8596 33634
8597 37728
8598 27424
8599 54112
8600 55080
8601 28521
8602 51977
8603 39441
8604 53765
8605 18944
8606 5984
8607 54048
8608 54065
8609 28457
8610 27433
8611 34656
8612 56280
8613 52000
8614 54112
8615 37664
8616 54048
8617 53600
8618 28425
8619 55960
8620 18949
8621 53780
8622 55960
8623 37728
8624 38760
8625 37649
8626 17192
8627 58145
8628 27456
8629 58208
8630 33552
8631 52001
8632 53780
8633 53781
8634 38752
8635 18208
8636 54048
8637 58153
8638 61225
8639 33634
8640 56080
8641 56280
8642 27584
8643 49681
8644 27496
8645 54016
8646 20265
8647 19240
8648 38688
8649 53252
8650 49936
8651 55056
8652 56080
8653 27624
8654 27425
8655 52009
8656 55096
8657 21029
8658 27624
8659 52000
8660 37672
8661 56088
8662 28425
8663 27624
8664 53781
8665 54072
8666 27521
8667 54040
8668 55864
8669 55832
8670 19073
8671 64464
8672 54032
8673 53765
8674 61225
8675 38688
8676 27500
8677 51985
8678 27401
8679 16933
8680 55072
8681 49952
8682 55832
8683 53761
8684 33568
8685 37664
8686 53600
8687 54048
8688 54072
8689 60256
8690 56024
8691 19233
8692 55896
8693 11104
8694 58144
8695 54048
8696 27624
8697 19209
8698 54048
8699 27628
8700 34656
8701 54032
8702 27624
8703 55088
8704 49952
8705 55960
8706 55960
8707 55088
8708 55960
8709 28649
8710 54048
8711 28521
8712 34601
8713 54040
8714 50976
8715 55056
8716 39441
8717 50960
8718 50976
8719 58153
8720 28525
8721 25440
8722 25344
8723 54049
8724 27496
8725 19296
8726 27401
8727 19233
8728 27521
8729 55096
8730 55960
8731 54033
8732 27624
8733 54112
8734 18960
8735 55081
8736 25345
8737 55056
8738 60201
8739 19200
8740 55088
8741 56024
8742 28649
8743 63264
8744 60352
8745 28489
8746 56216
8747 5984
8748 54040
8749 54072
8750 39441
8751 10088
8752 54024
8753 53761
8754 58136
8755 28457
8756 56024
8757 54040
8758 28457
8759 17184
8760 27400
8761 56088
8762 53025
8763 54032
8764 28457
8765 54040
8766 53780
8767 58209
8768 56024
8769 27424
8770 58112
8771 28521
8772 19201
8773 49952
8774 25353
8775 56216
8776 28513
8777 37672
8778 37680
8779 54040
8780 53764
8781 56024
8782 26409
8783 28449
8784 1888
8785 54040
8786 28521
8787 27624
8788 20265
8789 25376
8790 54048
8791 56096
8792 28417
8793 53780
8794 28457
8795 55088
8796 54048
8797 37648
8798 54040
8799 54064
8800 55064
8801 54048
8802 49953
8803 56120
8804 54112
8805 49953
8806 27401
8807 53793
8808 55832
8809 49936
8810 25377
8811 28457
8812 27592
8813 54056
8814 27417
8815 53797
8816 61216
8817 42848
8818 37728
8819 28457
8820 28448
8821 49944
8822 53764
8823 34656
8824 19073
8825 53780
8826 53796
8827 54048
8828 53540
8829 58145
8830 53780
8831 27564
8832 20257
8833 55056
8834 33584
8835 16901
8836 54064
8837 55064
8838 37664
8839 39713
8840 17168
8841 53808
8842 27624
8843 11112
8844 27624
8845 56024
8846 19232
8847 25352
8848 27624
8849 19217
8850 49960
8851 49952
8852 54056
8853 53268
8854 28457
8855 58145
8856 55064
8857 27624
8858 27393
8859 19233
8860 27424
8861 58152
8862 27465
8863 62312
8864 27624
8865 28457
8866 27401
8867 28521
8868 37664
8869 37393
8870 55096
8871 53780
8872 38688
8873 27401
8874 19209
8875 18208
8876 54072
8877 27417
8878 34665
8879 56152
8880 54056
8881 55096
8882 28425
8883 61288
8884 51729
8885 28521
8886 54048
8887 19213
8888 38752
8889 54040
8890 54049
8891 27496
8892 25440
8893 26409
8894 53909
8895 53780
8896 54048
8897 56152
8898 52001
8899 27393
8900 53780
8901 28425
8902 53780
8903 58208
8904 51729
8905 58144
8906 27425
8907 54064
8908 55056
8909 55888
8910 53780
8911 58128
8912 54112
8913 53780
8914 60193
8915 55888
8916 61225
8917 28649
8918 56080
8919 53780
8920 28425
8921 18981
8922 54064
8923 55056
8924 58113
8925 54032
8926 55828
8927 27628
8928 53765
8929 49952
8930 54052
8931 27425
8932 54049
8933 51968
8934 28425
8935 20233
8936 27425
8937 54032
8938 28457
8939 27497
8940 55096
8941 55832
8942 49952
8943 58208
8944 1824
8945 28425
8946 32553
8947 55960
8948 28425
8949 55073
8950 54040
8951 55832
8952 27624
8953 53776
8954 58208
8955 56024
8956 52009
8957 39441
8958 55832
8959 54040
8960 27424
8961 55073
8962 39444
8963 54048
8964 38760
8965 54048
8966 58145
8967 28425
8968 49936
8969 26464
8970 27592
8971 27488
8972 52001
8973 28521
8974 58112
8975 55081
8976 58145
8977 19232
8978 19200
8979 55960
8980 28425
8981 55088
8982 53780
8983 54072
8984 53777
8985 55896
8986 28457
8987 53780
8988 28489
8989 60224
8990 60352
8991 50960
8992 16933
8993 27432
8994 55088
8995 27501
8996 10600
8997 54040
8998 55056
8999 2920
9000 27624
9001 51969
9002 25376
9003 25376
9004 49953
9005 39441
9006 60200
9007 28425
9008 26409
9009 55073
9010 56024
9011 37664
9012 49681
9013 59177
9014 26401
9015 55064
9016 27624
9017 55064
9018 55056
9019 27553
9020 64288
9021 53781
9022 54032
9023 55064
9024 59169
9025 34601
9026 37680
9027 26409
9028 27500
9029 50992
9030 37648
9031 17184
9032 19213
9033 19224
9034 55096
9035 38752
9036 45856
9037 28457
9038 54032
9039 54064
9040 49936
9041 19208
9042 53780
9043 9064
9044 27624
9045 37664
9046 55080
9047 49952
9048 28649
9049 49952
9050 28521
9051 28457
9052 58144
9053 55096
9054 19201
9055 28489
9056 17189
9057 20233
9058 25377
9059 53781
9060 55064
9061 53781
9062 5984
9063 56888
9064 49960
9065 19233
9066 55960
9067 1888
9068 39441
9069 54048
9070 54064
9071 53781
9072 18981
9073 28521
9074 54040
9075 58208
9076 17184
9077 37393
9078 54053
9079 27624
9080 17184
9081 38752
9082 53536
9083 38752
9084 50992
9085 27392
9086 53536
9087 27433
9088 49960
9089 49953
9090 25384
9091 28425
9092 28521
9093 53780
9094 27432
9095 56097
9096 53780
9097 58144
9098 53796
9099 53284
9100 54057
9101 27497
9102 18948
9103 52008
9104 58145
9105 51729
9106 27400
9107 53780
9108 27624
9109 28457
9110 27401
9111 19209
9112 54016
9113 54049
9114 53780
9115 51968
9116 53780
9117 53600
9118 12137
9119 53284
9120 54049
9121 27392
9122 20265
9123 56072
9124 57128
9125 51977
9126 56072
9127 45856
9128 34656
9129 59168
9130 53780
9131 54024
9132 27433
9133 55096
9134 28425
9135 28457
9136 55960
9137 27521
9138 27432
9139 53780
9140 27401
9141 27137
9142 54112
9143 38760
9144 18944
9145 53780
9146 27401
9147 27433
9148 28425
9149 53781
9150 61281
9151 19241
9152 17184
9153 39444
9154 27465
9155 28425
9156 53765
9157 27464
9158 25344
9159 53764
9160 5920
9161 55073
9162 58145
9163 49685
9164 28457
9165 28649
9166 27401
9167 27624
9168 27624
9169 52008
9170 19241
9171 27432
9172 55832
9173 27425
9174 58128
9175 19241
9176 54048
9177 27424
9178 27592
9179 19208
9180 17184
9181 49953
9182 54072
9183 34656
9184 59168
9185 53776
9186 55056
9187 18961
9188 55064
9189 38688
9190 37728
9191 53776
9192 27497
9193 16901
9194 54049
9195 51000
9196 37393
9197 52008
9198 58145
9199 49953
9200 49936
9201 55096
9202 54016
9203 17193
9204 28457
9205 54048
9206 25384
9207 49952
9208 19200
9209 58216
9210 56097
9211 49960
9212 26401
9213 55824
9214 49953
9215 63265
9216 2848
9217 28425
9218 59169
9219 27624
9220 49936
9221 53781
9222 19233
9223 58145
9224 19201
9225 60256
9226 19240
9227 54057
9228 49960
9229 49921
9230 25385
9231 25440
9232 62240
9233 55888
9234 49953
9235 55136
9236 34658
9237 54048
9238 34658
9239 54064
9240 53780
9241 56080
9242 33553
9243 10088
9244 53536
9245 54040
9246 37680
9247 28425
9248 37664
9249 26465
9250 52009
9251 54120
9252 54048
9253 25376
9254 54049
9255 28521
9256 63264
9257 63265
9258 57120
9259 28457
9260 62241
9261 53793
9262 53780
9263 51992
9264 27432
9265 25344
9266 27392
9267 49953
9268 56104
9269 54024
9270 27432
9271 58112
9272 17153
9273 28513
9274 28448
9275 25376
9276 49953
9277 49921
9278 49953
9279 53780
9280 18960
9281 59169
9282 27624
9283 60224
9284 27624
9285 59240
9286 28457
9287 37665
9288 19200
9289 52000
9290 19232
9291 25376
9292 17185
9293 27393
9294 19213
9295 19233
9296 27393
9297 27624
9298 28489
9299 27496
9300 17184
9301 27624
9302 28457
9303 28457
9304 54056
9305 54048
9306 56072
9307 19224
9308 54048
9309 27624
9310 49953
9311 19232
9312 54048
9313 17185
9314 52000
9315 27496
9316 54048
9317 54048
9318 27624
9319 49953
9320 53780
9321 27624
9322 60192
9323 56104
9324 53777
9325 58144
9326 27425
9327 62240
9328 34592
9329 55096
9330 33568
9331 53780
9332 54032
9333 54112
9334 55960
9335 55056
9336 27592
9337 55832
9338 16897
9339 27465
9340 54048
9341 28457
9342 64472
9343 53776
9344 54032
9345 58144
9346 27624
9347 34592
9348 56088
9349 2920
9350 58144
9351 27624
9352 34616
9353 33632
9354 53780
9355 27624
9356 53793
9357 62241
9358 28521
9359 51000
9360 53033
9361 58144
9362 61225
9363 28457
9364 55840
9365 17160
9366 27393
9367 2857
9368 57129
9369 27393
9370 49945
9371 27624
9372 28425
9373 28457
9374 58113
9375 25384
9376 20265
9377 53781
9378 52001
9379 54048
9380 54057
9381 52000
9382 49953
9383 19240
9384 51968
9385 58144
9386 52001
9387 54048
9388 53776
9389 62240
9390 27592
9391 54049
9392 61281
9393 19232
9394 54056
9395 58152
9396 54033
9397 54048
9398 27496
9399 54064
9400 55097
9401 53776
9402 27425
9403 55088
9404 58145
9405 56088
9406 56280
9407 27624
9408 54016
9409 55960
9410 49937
9411 55812
9412 39440
9413 14176
9414 19241
9415 34658
9416 27624
9417 27624
9418 56088
9419 49953
9420 20233
9421 27392
9422 63264
9423 19233
9424 58209
9425 58121
9426 19233
9427 27592
9428 52000
9429 2920
9430 52000
9431 27425
9432 37664
9433 33584
9434 63265
9435 25377
9436 25376
9437 55856
9438 27624
9439 60160
9440 27496
9441 5984
9442 49976
9443 54048
9444 58144
9445 19233
9446 27561
9447 17185
9448 28649
9449 54032
9450 27424
9451 10081
9452 55096
9453 56088
9454 65321
9455 55896
9456 50960
9457 49952
9458 49685
9459 59176
9460 54056
9461 28425
9462 51000
9463 49960
9464 28457
9465 56088
9466 28457
9467 37393
9468 54048
9469 63272
9470 19233
9471 25376
9472 27520
9473 54016
9474 54056
9475 53780
9476 55073
9477 25344
9478 55960
9479 56856
9480 56024
9481 38688
9482 56216
9483 25352
9484 27592
9485 19304
9486 26473
9487 52001
9488 19208
9489 56280
9490 54064
9491 1888
9492 53780
9493 10080
9494 37393
9495 55824
9496 18961
9497 2848
9498 61225
9499 17185
9500 51000
9501 38760
9502 28457
9503 27456
9504 34616
9505 28457
9506 55064
9507 28457
9508 52009
9509 53600
9510 27624
9511 27561
9512 50960
9513 64288
9514 55056
9515 17184
9516 19232
9517 28425
9518 28489
9519 28425
9520 19209
9521 25377
9522 55857
9523 55073
9524 53781
9525 28425
9526 28448
9527 53781
9528 28457
9529 61225
9530 55072
9531 55096
9532 39441
9533 28457
9534 53781
9535 61193
9536 55096
9537 52000
9538 49952
9539 39441
9540 55073
9541 27624
9542 58152
9543 17184
9544 19232
9545 17184
9546 25376
9547 54064
9548 54048
9549 27624
9550 19201
9551 19200
9552 27425
9553 27553
9554 10080
9555 56088
9556 19073
9557 53780
9558 54040
9559 27496
9560 28649
9561 53780
9562 38752
9563 53780
9564 55096
9565 55064
9566 56280
9567 28425
9568 56120
9569 27560
9570 34616
9571 33584
9572 51968
9573 33568
9574 27624
9575 19233
9576 61225
9577 28457
9578 27401
9579 27496
9580 54072
9581 28457
9582 56888
9583 2920
9584 50977
9585 19241
9586 55073
9587 28425
9588 28521
9589 19240
9590 54072
9591 27425
9592 56088
9593 39457
9594 54064
9595 28425
9596 27425
9597 27624
9598 28457
9599 59177
9600 25384
9601 52008
9602 49953
9603 53600
9604 27624
9605 38760
9606 38752
9607 25377
9608 53765
9609 27624
9610 34592
9611 53793
9612 60192
9613 37672
9614 37728
9615 54040
9616 52000
9617 54049
9618 27400
9619 54049
9620 54049
9621 27624
9622 34616
9623 33568
9624 54016
9625 53780
9626 27624
9627 27496
9628 19201
9629 10081
9630 28513
9631 59176
9632 54048
9633 61193
9634 53284
9635 54049
9636 27401
9637 49960
9638 27393
9639 17184
9640 27432
9641 54040
9642 27137
9643 52000
9644 17185
9645 62312
9646 55080
9647 53780
9648 59168
9649 55888
9650 55080
9651 28424
9652 21281
9653 17185
9654 55096
9655 27456
9656 17152
9657 10600
9658 54040
9659 25377
9660 27425
9661 56088
9662 38760
9663 37648
9664 54040
9665 27592
9666 50968
9667 59168
9668 50992
9669 49953
9670 56216
9671 55064
9672 51968
9673 28648
9674 37393
9675 56024
9676 28489
9677 54040
9678 33584
9679 19304
9680 55832
9681 27584
9682 25377
9683 57144
9684 25377
9685 54024
9686 27401
9687 27400
9688 53032
9689 54064
9690 54056
9691 27488
9692 54048
9693 17185
9694 65321
9695 27496
9696 25377
9697 55064
9698 53764
9699 27392
9700 49952
9701 53780
9702 19304
9703 19200
9704 19240
9705 27592
9706 56065
9707 52008
9708 19336
9709 27425
9710 54032
9711 52000
9712 58145
9713 51968
9714 58112
9715 49952
9716 61216
9717 27496
9718 63264
9719 27424
9720 27624
9721 27433
9722 17168
9723 1888
9724 56024
9725 38752
9726 28457
9727 18961
9728 54120
9729 55088
9730 27624
9731 56024
9732 42848
9733 38760
9734 27401
9735 64336
9736 25376
9737 55832
9738 26984
9739 10016
9740 56088
9741 25441
9742 25352
9743 54048
9744 53776
9745 27424
9746 28425
9747 62312
9748 49952
9749 25376
9750 28417
9751 62241
9752 49953
9753 28457
9754 53032
9755 61193
9756 19232
9757 62248
9758 53780
9759 57129
9760 58145
9761 64288
9762 19240
9763 60161
9764 25376
9765 58144
9766 52000
9767 27624
9768 27393
9769 25440
9770 49952
9771 25345
9772 28648
9773 25377
9774 52001
9775 58113
9776 27424
9777 54048
9778 25377
9779 54049
9780 55080
9781 19200
9782 56104
9783 54016
9784 61225
9785 53780
9786 28449
9787 54049
9788 54048
9789 49952
9790 49953
9791 26464
9792 28521
9793 56024
9794 55960
9795 58128
9796 18961
9797 27624
9798 54024
9799 54048
9800 10080
9801 53780
9802 27500
9803 58144
9804 54052
9805 28489
9806 27624
9807 52001
9808 53780
9809 10080
9810 49952
9811 37664
9812 27624
9813 27433
9814 19216
9815 54053
9816 52000
9817 28457
9818 58144
9819 28521
9820 60200
9821 27392
9822 28489
9823 53780
9824 28521
9825 18945
9826 28457
9827 27496
9828 19232
9829 27496
9830 54056
9831 60193
9832 28457
9833 27624
9834 39713
9835 64472
9836 56888
9837 9064
9838 34592
9839 58136
9840 55088
9841 37664
9842 53780
9843 38712
9844 60192
9845 63273
9846 54048
9847 54048
9848 10080
9849 49944
9850 54049
9851 27496
9852 25440
9853 53761
9854 55080
9855 28521
9856 28457
9857 28457
9858 28525
9859 27488
9860 56065
9861 27497
9862 51976
9863 50977
9864 19225
9865 27393
9866 49953
9867 27401
9868 19240
9869 52001
9870 54072
9871 58145
9872 54072
9873 56088
9874 27425
9875 27496
9876 25376
9877 27624
9878 54048
9879 54040
9880 56024
9881 53780
9882 59233
9883 19201
9884 19233
9885 58152
9886 27392
9887 58145
9888 54048
9889 50977
9890 53600
9891 37664
9892 53764
9893 37216
9894 37664
9895 9064
9896 28489
9897 20265
9898 53780
9899 55960
9900 39441
9901 27401
9902 17184
9903 53764
9904 19233
9905 55832
9906 34658
9907 27496
9908 49952
9909 20233
9910 28521
9911 58144
9912 55824
9913 28425
9914 19336
9915 28457
9916 27624
9917 27392
9918 56072
9919 49957
9920 57120
9921 58145
9922 27496
9923 39441
9924 25377
9925 25377
9926 54057
9927 54048
9928 27496
9929 26400
9930 53780
9931 17184
9932 19216
9933 49961
9934 58144
9935 25377
9936 17184
9937 56096
9938 27624
9939 10080
9940 19240
9941 54048
9942 51977
9943 28425
9944 52000
9945 63265
9946 25353
9947 17184
9948 58144
9949 55832
9950 28425
9951 27401
9952 38752
9953 53764
9954 34656
9955 10080
9956 54040
9957 53781
9958 61225
9959 56088
9960 53797
9961 17185
9962 55088
9963 54049
9964 37664
9965 27624
9966 27624
9967 27624
9968 2857
9969 58153
9970 53033
9971 27624
9972 28457
9973 28521
9974 55081
9975 59168
9976 60192
9977 28425
9978 19232
9979 27496
9980 54048
9981 28457
9982 25377
9983 56024
9984 52008
9985 58144
9986 49952
9987 12137
9988 58152
9989 25376
9990 27624
9991 60192
9992 60192
9993 27624
9994 54048
9995 49952
9996 27464
9997 53812
9998 55832
9999 53781
10000 28457
10001 27496
10002 19233
10003 55080
10004 58144
10005 54056
10006 58144
10007 27424
10008 27425
10009 55088
10010 27624
10011 54017
10012 53776
10013 54016
10014 27624
10015 50960
10016 56024
10017 56104
10018 55952
10019 800
10020 27592
10021 27624
10022 60192
10023 53781
10024 60192
10025 25440
10026 53025
10027 28457
10028 59169
10029 27592
10030 19216
10031 26377
10032 55096
10033 60200
10034 54049
10035 27624
10036 19200
10037 27624
10038 28457
10039 51976
10040 28457
10041 27592
10042 27624
10043 19233
10044 58113
10045 58153
10046 25377
10047 54057
10048 39473
10049 28457
10050 28457
10051 53780
10052 28521
10053 54056
10054 25376
10055 58112
10056 54064
10057 54056
10058 27625
10059 27425
10060 17152
10061 53780
10062 17184
10063 60256
10064 25377
10065 17152
10066 58145
10067 19216
10068 56152
10069 25344
10070 55081
10071 53797
10072 63264
10073 58145
10074 27137
10075 54056
10076 62240
10077 64288
10078 20265
10079 19216
10080 60192
10081 54064
10082 27624
10083 28457
10084 55828
10085 55081
10086 34592
10087 53796
10088 55840
10089 17160
10090 54040
10091 64464
10092 55056
10093 55896
10094 27624
10095 58152
10096 5920
10097 53765
10098 28489
10099 27624
10100 53792
10101 27497
10102 1824
10103 2848
10104 38688
10105 27624
10106 53761
10107 51000
10108 27433
10109 28457
10110 61225
10111 61225
10112 19208
10113 60192
10114 27553
10115 12137
10116 58145
10117 28425
10118 28425
10119 25377
10120 19232
10121 17168
10122 28425
10123 53025
10124 49953
10125 54048
10126 58112
10127 19233
10128 49960
10129 49945
10130 60192
10131 18216
10132 55088
10133 52001
10134 27624
10135 27624
10136 12137
10137 64080
10138 19233
10139 49920
10140 19213
10141 18216
10142 52000
10143 25376
10144 19200
10145 39441
10146 55888
10147 56096
10148 19233
10149 57129
10150 58112
10151 58144
10152 19217
10153 26400
10154 54049
10155 25345
10156 56880
10157 58144
10158 25376
10159 54048
10160 55960
10161 54040
10162 28457
10163 27624
10164 27624
10165 37664
10166 54049
10167 27628
10168 37393
10169 54052
10170 27624
10171 38752
10172 28425
10173 27624
10174 28457
10175 41784
10176 26984
10177 57121
10178 27497
10179 28457
10180 27425
10181 37664
10182 54049
10183 55896
10184 61289
10185 27624
10186 49953
10187 60192
10188 18960
10189 27624
10190 28489
10191 52000
10192 33569
10193 28457
10194 28457
10195 50992
10196 49953
10197 61193
10198 25377
10199 25376
10200 27392
10201 27561
10202 25344
10203 54048
10204 49952
10205 28520
10206 28449
10207 17185
10208 28521
10209 54049
10210 12137
10211 62248
10212 49953
10213 59169
10214 28425
10215 58144
10216 53781
10217 27401
10218 19296
10219 25376
10220 53780
10221 17185
10222 55088
10223 19213
10224 55960
10225 26952
10226 51992
10227 52009
10228 54048
10229 60224
10230 54056
10231 58112
10232 58145
10233 56097
10234 55072
10235 54056
10236 27624
10237 54048
10238 27592
10239 52001
10240 27624
10241 25377
10242 19201
10243 64472
10244 54056
10245 49961
10246 27432
10247 18209
10248 27433
10249 58145
10250 54048
10251 28513
10252 27392
10253 54040
10254 17185
10255 25376
10256 50977
10257 55824
10258 56024
10259 10080
10260 49968
10261 55088
10262 27432
10263 37216
10264 38688
10265 53780
10266 55832
10267 37393
10268 27624
10269 27497
10270 27624
10271 37664
10272 53796
10273 55824
10274 54048
10275 54024
10276 27624
10277 58152
10278 27496
10279 27425
10280 58121
10281 49953
10282 18208
10283 54053
10284 56216
10285 27432
10286 49952
10287 28649
10288 27424
10289 58152
10290 25376
10291 19201
10292 59232
10293 27417
10294 57120
10295 28649
10296 39441
10297 64472
10298 26409
10299 17184
10300 51968
10301 28457
10302 27464
10303 49952
10304 54048
10305 39444
10306 27392
10307 53025
10308 54056
10309 25384
10310 51993
10311 25377
10312 27624
10313 60201
10314 23057
10315 25376
10316 60224
10317 58144
10318 17184
10319 49953
10320 27624
10321 25376
10322 17193
10323 59169
10324 25377
10325 39713
10326 17184
10327 49936
10328 39444
10329 20329
10330 49920
10331 39445
10332 49953
10333 28513
10334 55960
10335 59169
10336 53780
10337 25377
10338 25352
10339 58144
10340 49945
10341 27624
10342 54048
10343 57121
10344 57129
10345 58144
10346 56880
10347 37664
10348 28449
10349 55064
10350 19201
10351 54053
10352 55896
10353 38688
10354 55856
10355 28425
10356 27625
10357 56152
10358 55056
10359 49968
10360 19296
10361 28457
10362 59241
10363 27624
10364 54049
10365 50984
10366 58144
10367 58144
10368 17169
10369 28457
10370 28457
10371 25344
10372 17184
10373 54048
10374 53777
10375 27464
10376 19213
10377 56088
10378 28521
10379 19240
10380 49960
10381 28425
10382 27488
10383 60192
10384 25345
10385 28457
10386 54052
10387 64288
10388 51976
10389 28489
10390 28521
10391 28521
10392 55960
10393 28649
10394 60200
10395 27624
10396 28649
10397 49952
10398 54040
10399 54048
10400 27400
10401 56088
10402 27393
10403 56104
10404 58145
10405 53025
10406 54049
10407 19209
10408 58152
10409 25377
10410 25440
10411 54048
10412 27624
10413 55960
10414 27624
10415 28649
10416 49952
10417 57120
10418 27432
10419 27624
10420 53025
10421 19232
10422 54056
10423 60376
10424 27561
10425 17193
10426 19216
10427 26400
10428 27464
10429 49961
10430 60368
10431 53025
10432 27401
10433 1888
10434 53780
10435 55080
10436 55960
10437 56104
10438 37665
10439 37728
10440 27496
10441 17160
10442 37664
10443 27624
10444 58144
10445 28425
10446 28457
10447 25377
10448 52008
10449 60192
10450 28457
10451 49952
10452 25352
10453 27465
10454 27401
10455 54016
10456 49961
10457 17152
10458 26464
10459 51976
10460 27624
10461 39441
10462 27624
10463 27424
10464 54064
10465 27489
10466 54040
10467 60368
10468 17185
10469 52008
10470 53032
10471 27624
10472 27592
10473 19232
10474 54072
10475 19232
10476 49953
10477 19232
10478 49953
10479 18216
10480 19217
10481 17184
10482 55073
10483 19209
10484 49968
10485 28520
10486 60192
10487 60192
10488 27520
10489 19208
10490 54049
10491 60265
10492 55080
10493 49960
10494 27561
10495 61217
10496 50977
10497 49953
10498 58112
10499 56088
10500 50976
10501 27488
10502 56096
10503 27560
10504 54072
10505 62241
10506 27592
10507 55081
10508 49953
10509 50977
10510 2857
10511 58145
10512 56097
10513 60160
10514 58152
10515 55832
10516 55960
10517 38696
10518 55056
10519 54048
10520 38760
10521 55952
10522 53540
10523 27624
10524 25352
10525 55832
10526 50968
10527 38712
10528 49953
10529 19240
10530 56088
10531 53600
10532 27496
10533 58144
10534 33634
10535 51992
10536 28649
10537 25376
10538 17192
10539 27592
10540 26401
10541 27072
10542 60193
10543 27393
10544 19208
10545 55825
10546 58145
10547 49953
10548 28425
10549 27520
10550 28425
10551 28457
10552 27496
10553 17184
10554 49953
10555 28489
10556 60193
10557 19233
10558 27624
10559 27425
10560 27400
10561 19216
10562 28649
10563 28649
10564 27624
10565 28457
10566 37665
10567 28425
10568 25504
10569 27624
10570 55864
10571 53780
10572 27496
10573 58152
10574 25353
10575 27424
10576 60192
10577 58145
10578 27624
10579 25448
10580 52001
10581 27488
10582 49945
10583 27624
10584 57128
10585 53793
10586 49920
10587 1888
10588 55825
10589 27584
10590 27488
10591 53025
10592 54053
10593 25377
10594 49953
10595 56104
10596 60224
10597 19237
10598 39444
10599 20257
10600 19201
10601 27488
10602 27624
10603 54040
10604 37664
10605 37664
10606 55056
10607 50992
10608 51993
10609 56856
10610 27624
10611 55824
10612 55857
10613 55824
10614 54040
10615 37664
10616 62312
10617 53600
10618 19201
10619 54065
10620 46944
10621 37664
10622 27424
10623 28649
10624 17153
10625 17189
10626 28489
10627 54048
10628 2857
10629 17185
10630 27624
10631 58209
10632 27624
10633 19224
10634 33632
10635 19217
10636 56065
10637 56072
10638 49953
10639 60192
10640 54056
10641 39713
10642 49953
10643 61225
10644 58152
10645 59168
10646 27625
10647 28457
10648 27392
10649 58145
10650 62312
10651 19201
10652 58216
10653 54064
10654 27553
10655 27561
10656 27496
10657 19232
10658 26401
10659 52008
10660 39444
10661 54049
10662 58145
10663 28425
10664 55096
10665 27624
10666 58152
10667 52000
10668 49953
10669 58144
10670 25376
10671 58112
10672 19233
10673 17184
10674 28424
10675 54072
10676 39473
10677 52001
10678 56024
10679 55832
10680 53780
10681 34592
10682 28457
10683 37664
10684 28425
10685 34656
10686 37413
10687 49976
10688 55096
10689 33568
10690 37648
10691 56088
10692 55064
10693 55064
10694 27433
10695 59233
10696 37664
10697 54048
10698 49936
10699 54048
10700 27624
10701 27432
10702 39712
10703 53780
10704 25376
10705 33584
10706 61289
10707 27624
10708 20233
10709 28457
10710 54049
10711 49952
10712 49976
10713 52001
10714 53780
10715 28425
10716 26409
10717 58145
10718 37665
10719 27624
10720 53776
10721 53797
10722 19240
10723 28585
10724 25377
10725 27616
10726 27400
10727 49952
10728 55064
10729 54057
10730 19241
10731 18977
10732 25377
10733 27624
10734 25377
10735 27496
10736 27624
10737 27425
10738 49976
10739 27488
10740 60192
10741 27624
10742 53025
10743 28525
10744 50977
10745 49952
10746 54056
10747 27400
10748 19240
10749 56088
10750 58144
10751 28513
10752 27392
10753 57121
10754 49944
10755 51993
10756 19201
10757 6945
10758 27624
10759 27528
10760 19201
10761 17168
10762 27393
10763 60193
10764 49952
10765 25376
10766 56024
10767 37664
10768 33632
10769 27465
10770 27624
10771 37664
10772 38712
10773 27624
10774 55824
10775 55096
10776 37649
10777 27457
10778 55096
10779 51000
10780 53796
10781 54048
10782 34600
10783 17184
10784 54064
10785 27584
10786 53812
10787 60352
10788 26401
10789 27552
10790 55096
10791 27424
10792 53781
10793 10080
10794 27496
10795 49953
10796 49952
10797 27624
10798 27488
10799 28649
10800 27528
10801 53781
10802 27624
10803 25352
10804 19232
10805 27624
10806 27392
10807 19200
10808 56065
10809 12137
10810 57129
10811 49952
10812 12137
10813 49952
10814 62240
10815 28449
10816 27624
10817 27489
10818 17192
10819 27432
10820 19201
10821 19233
10822 27624
10823 62240
10824 27624
10825 49952
10826 54073
10827 27624
10828 27592
10829 27424
10830 27433
10831 54048
10832 54056
10833 54049
10834 19208
10835 49953
10836 27425
10837 28457
10838 60192
10839 27425
10840 28649
10841 19233
10842 56104
10843 58120
10844 2848
10845 27624
10846 25344
10847 27624
10848 39441
10849 25384
10850 18945
10851 33552
10852 52009
10853 55072
10854 27072
10855 64464
10856 54052
10857 27584
10858 53909
10859 18945
10860 37664
10861 27592
10862 55064
10863 20233
10864 27624
10865 27625
10866 37672
10867 19209
10868 54072
10869 28513
10870 54064
10871 28425
10872 19233
10873 27624
10874 27432
10875 27624
10876 39444
10877 27624
10878 55088
10879 38688
10880 27624
10881 25345
10882 49960
10883 55096
10884 52000
10885 37664
10886 49952
10887 49920
10888 49952
10889 27432
10890 27624
10891 25376
10892 19233
10893 25384
10894 54048
10895 49960
10896 27624
10897 55812
10898 25376
10899 49960
10900 56096
10901 27624
10902 27496
10903 53033
10904 26408
10905 60193
10906 58209
10907 19200
10908 17192
10909 37648
10910 54072
10911 27624
10912 56088
10913 27496
10914 19216
10915 53765
10916 56088
10917 54049
10918 17184
10919 64080
10920 17185
10921 2849
10922 53781
10923 27624
10924 27624
10925 49961
10926 54064
10927 49952
10928 49920
10929 49953
10930 37648
10931 49953
10932 54017
10933 56856
10934 34592
10935 27624
10936 37664
10937 56088
10938 27624
10939 54048
10940 55064
10941 55096
10942 27592
10943 27624
10944 38697
10945 54032
10946 27560
10947 54064
10948 54048
10949 59241
10950 55825
10951 27624
10952 28457
10953 17184
10954 54048
10955 37665
10956 25345
10957 38688
10958 56096
10959 28649
10960 58145
10961 51976
10962 52009
10963 28521
10964 17189
10965 52000
10966 19201
10967 25377
10968 53793
10969 28457
10970 49960
10971 45856
10972 51968
10973 54049
10974 37664
10975 58272
10976 54049
10977 27584
10978 27424
10979 49960
10980 27624
10981 27560
10982 27496
10983 58112
10984 27432
10985 27624
10986 28425
10987 25440
10988 53780
10989 54048
10990 28649
10991 49953
10992 59241
10993 28425
10994 58144
10995 19296
10996 60169
10997 53781
10998 18945
10999 55073
11000 25344
11001 25376
11002 19233
11003 19208
11004 49953
11005 27456
11006 49968
11007 54032
11008 27624
11009 28649
11010 17192
11011 58145
11012 33569
11013 17184
11014 53765
11015 27624
11016 19201
11017 27624
11018 49976
11019 27624
11020 27592
11021 53780
11022 27624
11023 28649
11024 55960
11025 54053
11026 58144
11027 27624
11028 27401
11029 26984
11030 27393
11031 27624
11032 27564
11033 54048
11034 53032
11035 49953
11036 26401
11037 25376
11038 59233
11039 2848
11040 20257
11041 17185
11042 27624
11043 27489
11044 27624
11045 28649
11046 49976
11047 27424
11048 52001
11049 27560
11050 57120
11051 56105
11052 26984
11053 55960
11054 53780
11055 53796
11056 27624
11057 20329
11058 54048
11059 33592
11060 27624
11061 27401
11062 54048
11063 34665
11064 27624
11065 28425
11066 54072
11067 53780
11068 27625
11069 55064
11070 54056
11071 25376
11072 38752
11073 52008
11074 37648
11075 33569
11076 27496
11077 27424
11078 53780
11079 27624
11080 28417
11081 27624
11082 19209
11083 28521
11084 62249
11085 27424
11086 54053
11087 27624
11088 61193
11089 27393
11090 51977
11091 19233
11092 59177
11093 28457
11094 28425
11095 49960
11096 25449
11097 17193
11098 27520
11099 28457
11100 28425
11101 55088
11102 27624
11103 32553
11104 27625
11105 39441
11106 21013
11107 39445
11108 28649
11109 49960
11110 27624
11111 28457
11112 19233
11113 27392
11114 27616
11115 54032
11116 54053
11117 50976
11118 53780
11119 57128
11120 54024
11121 58144
11122 55072
11123 49969
11124 28649
11125 19232
11126 39713
11127 27624
11128 63337
11129 62304
11130 61225
11131 27624
11132 28649
11133 27584
11134 53764
11135 55960
11136 55832
11137 38688
11138 55073
11139 55825
11140 25377
11141 27624
11142 54049
11143 27624
11144 27625
11145 39445
11146 27497
11147 54056
11148 27496
11149 27624
11150 58145
11151 27624
11152 27497
11153 39441
11154 27561
11155 54057
11156 27624
11157 56097
11158 61288
11159 27624
11160 27624
11161 60368
11162 37413
11163 54040
11164 53808
11165 36900
11166 49960
11167 37688
11168 53536
11169 27624
11170 27624
11171 49968
11172 27456
11173 49921
11174 55960
11175 38688
11176 37728
11177 19232
11178 28521
11179 19201
11180 56280
11181 27624
11182 27425
11183 27624
11184 10081
11185 33553
11186 27432
11187 27628
11188 12137
11189 27624
11190 58145
11191 5984
11192 26984
11193 19240
11194 58144
11195 53793
11196 39441
11197 39444
11198 26473
11199 27425
11200 55960
11201 54053
11202 27488
11203 58144
11204 28457
11205 54049
11206 57121
11207 19201
11208 53764
11209 55960
11210 52008
11211 27616
11212 60265
11213 28448
11214 58145
11215 19201
11216 2849
11217 19208
11218 25377
11219 19241
11220 27628
11221 58144
11222 27624
11223 28649
11224 55073
11225 54056
11226 17185
11227 27624
11228 27628
11229 19233
11230 38712
11231 53780
11232 28585
11233 54049
11234 27496
11235 55088
11236 19200
11237 53780
11238 52008
11239 56096
11240 28425
11241 27424
11242 28448
11243 58120
11244 54064
11245 55072
11246 53780
11247 49953
11248 49960
11249 28449
11250 25504
11251 28649
11252 28520
11253 27496
11254 27520
11255 54048
11256 19232
11257 49953
11258 27392
11259 64288
11260 28417
11261 27584
11262 58216
11263 27464
11264 37648
11265 27624
11266 19201
11267 51985
11268 10600
11269 53796
11270 52000
11271 49952
11272 54052
11273 56024
11274 37664
11275 37664
11276 53780
11277 37648
11278 54040
11279 53780
11280 54049
11281 37664
11282 19209
11283 55832
11284 54040
11285 27624
11286 27496
11287 54056
11288 54064
11289 55064
11290 54048
11291 27624
11292 58144
11293 54032
11294 33568
11295 53797
11296 37728
11297 53284
11298 53765
11299 49685
11300 53776
11301 27624
11302 55072
11303 62248
11304 27433
11305 27624
11306 53780
11307 59168
11308 61225
11309 60161
11310 28425
11311 64472
11312 55064
11313 28457
11314 61289
11315 54052
11316 28457
11317 20257
11318 58120
11319 55088
11320 54049
11321 19240
11322 19213
11323 25376
11324 28425
11325 58152
11326 62249
11327 19304
11328 27400
11329 28457
11330 28425
11331 33568
11332 54048
11333 27624
11334 11104
11335 27624
11336 28520
11337 60192
11338 26464
11339 25344
11340 28520
11341 27624
11342 27497
11343 28649
11344 28649
11345 25377
11346 27624
11347 28521
11348 63272
11349 49968
11350 27496
11351 28521
11352 28513
11353 27488
11354 49968
11355 25441
11356 28513
11357 53780
11358 55832
11359 49952
11360 25352
11361 53780
11362 58144
11363 27528
11364 17152
11365 27497
11366 28521
11367 27624
11368 25441
11369 27424
11370 49953
11371 27464
11372 62241
11373 53025
11374 53780
11375 27496
11376 63265
11377 52000
11378 55080
11379 28457
11380 27624
11381 58120
11382 11040
11383 49928
11384 27624
11385 53777
11386 28512
11387 49961
11388 19241
11389 27400
11390 27624
11391 49960
11392 25377
11393 28649
11394 27624
11395 25377
11396 38752
11397 55080
11398 27624
11399 27392
11400 27624
11401 54049
11402 27560
11403 12137
11404 28649
11405 25441
11406 58144
11407 28449
11408 60192
11409 27624
11410 17152
11411 27624
11412 17152
11413 51968
11414 55073
11415 50977
11416 55088
11417 55073
11418 19241
11419 27624
11420 27496
11421 58216
11422 62241
11423 27624
11424 27624
11425 54032
11426 19216
11427 27624
11428 27497
11429 25376
11430 60192
11431 27624
11432 27393
11433 38248
11434 54048
11435 53780
11436 56088
11437 54048
11438 55064
11439 34665
11440 37688
11441 54040
11442 56088
11443 27624
11444 27624
11445 25377
11446 49960
11447 37688
11448 49920
11449 52008
11450 53600
11451 19240
11452 25448
11453 54048
11454 28649
11455 53600
11456 27624
11457 27392
11458 28425
11459 37397
11460 27424
11461 55064
11462 28457
11463 28425
11464 51968
11465 27465
11466 53761
11467 53796
11468 19208
11469 27497
11470 28417
11471 54040
11472 53780
11473 59177
11474 28457
11475 28425
11476 27424
11477 27488
11478 27624
11479 27465
11480 27425
11481 25376
11482 27456
11483 26408
11484 58144
11485 27624
11486 37648
11487 27624
11488 27624
11489 49952
11490 58145
11491 27624
11492 56096
11493 27624
11494 60256
11495 27624
11496 58128
11497 28649
11498 28521
11499 27624
11500 27584
11501 27624
11502 19232
11503 27425
11504 20265
11505 39440
11506 27425
11507 19208
11508 27392
11509 49952
11510 27432
11511 56152
11512 39473
11513 49952
11514 25345
11515 27624
11516 19304
11517 59168
11518 17160
11519 54049
11520 55832
11521 27401
11522 50976
11523 28425
11524 55081
11525 27425
11526 25345
11527 27624
11528 54017
11529 49952
11530 54048
11531 60192
11532 27488
11533 53780
11534 49953
11535 58144
11536 27496
11537 59169
11538 27425
11539 25377
11540 27424
11541 54049
11542 27432
11543 25377
11544 52001
11545 60193
11546 28417
11547 53760
11548 25376
11549 2849
11550 60192
11551 19213
11552 55960
11553 28648
11554 55096
11555 27624
11556 28521
11557 27400
11558 27624
11559 52000
11560 19201
11561 27424
11562 27520
11563 27624
11564 19233
11565 25376
11566 19233
11567 58145
11568 17185
11569 58209
11570 49920
11571 54056
11572 54017
11573 27497
11574 37393
11575 27624
11576 60168
11577 27624
11578 27592
11579 53797
11580 2848
11581 27560
11582 17152
11583 49953
11584 27401
11585 27624
11586 17160
11587 2848
11588 25504
11589 49960
11590 54016
11591 54048
11592 28457
11593 27624
11594 17185
11595 28449
11596 55812
11597 54048
11598 17193
11599 55064
11600 27624
11601 51729
11602 27465
11603 55088
11604 27624
11605 53780
11606 33569
11607 56024
11608 38712
11609 38696
11610 19200
11611 53797
11612 60192
11613 56024
11614 49953
11615 60160
11616 61225
11617 54064
11618 56024
11619 49945
11620 49952
11621 27425
11622 27625
11623 27465
11624 54056
11625 27465
11626 28457
11627 58144
11628 28425
11629 27624
11630 19241
11631 27424
11632 58120
11633 49953
11634 49952
11635 52001
11636 54048
11637 27424
11638 54065
11639 27393
11640 27432
11641 49953
11642 60192
11643 17152
11644 33568
11645 27425
11646 56080
11647 54053
11648 27496
11649 27496
11650 62240
11651 11112
11652 27560
11653 37425
11654 54049
11655 17168
11656 27624
11657 53780
11658 39441
11659 28649
11660 25440
11661 27616
11662 49928
11663 17192
11664 27496
11665 37680
11666 28449
11667 25376
11668 17185
11669 19240
11670 61216
11671 17185
11672 64289
11673 53809
11674 54064
11675 52009
11676 19241
11677 19296
11678 58145
11679 28457
11680 60192
11681 54032
11682 52000
11683 27465
11684 56097
11685 17184
11686 27401
11687 19201
11688 19237
11689 26401
11690 27432
11691 27496
11692 28520
11693 27497
11694 60201
11695 27496
11696 27433
11697 27624
11698 27560
11699 55072
11700 17185
11701 27624
11702 25440
11703 6945
11704 27624
11705 27624
11706 25377
11707 53780
11708 53761
11709 27624
11710 17184
11711 27625
11712 39713
11713 27624
11714 25345
11715 19233
11716 27561
11717 49960
11718 27624
11719 27624
11720 37648
11721 56024
11722 28649
11723 27624
11724 28649
11725 28648
11726 52001
11727 53793
11728 25377
11729 12137
11730 27528
11731 27561
11732 19232
11733 28425
11734 27433
11735 28521
11736 27400
11737 60160
11738 53781
11739 19233
11740 53781
11741 56097
11742 27624
11743 54049
11744 27592
11745 28449
11746 25441
11747 17185
11748 56097
11749 19232
11750 27624
11751 17192
11752 27496
11753 27489
11754 18949
11755 19240
11756 52008
11757 27624
11758 53764
11759 27624
11760 55952
11761 27425
11762 60256
11763 53780
11764 25448
11765 52000
11766 27624
11767 21281
11768 19217
11769 27496
11770 60169
11771 17193
11772 28521
11773 54056
11774 34656
11775 10080
11776 27556
11777 27624
11778 27528
11779 56096
11780 27624
11781 27528
11782 54056
11783 54064
11784 52000
11785 49936
11786 26377
11787 53781
11788 33632
11789 52008
11790 54056
11791 27392
11792 37728
11793 25377
11794 55952
11795 27560
11796 62240
11797 57129
11798 27464
11799 49976
11800 59233
11801 27425
11802 25441
11803 19217
11804 50992
11805 27624
11806 17185
11807 17152
11808 26465
11809 27401
11810 28457
11811 28521
11812 27432
11813 54049
11814 19201
11815 19241
11816 60201
11817 59240
11818 27496
11819 27624
11820 27624
11821 27624
11822 27624
11823 27624
11824 28521
11825 2920
11826 49960
11827 54065
11828 27393
11829 27624
11830 27624
11831 37396
11832 54032
11833 27624
11834 27488
11835 27624
11836 56072
11837 25376
11838 55073
11839 53781
11840 58144
11841 28521
11842 27400
11843 53764
11844 25504
11845 27433
11846 2849
11847 51977
11848 49936
11849 37664
11850 27501
11851 28649
11852 27425
11853 19232
11854 17185
11855 63265
11856 19216
11857 17185
11858 52001
11859 19216
11860 2857
11861 27489
11862 27624
11863 27624
11864 27624
11865 60192
11866 27624
11867 54048
11868 27552
11869 53781
11870 27624
11871 27624
11872 25384
11873 49953
11874 49961
11875 27489
11876 49961
11877 53780
11878 55953
11879 58145
11880 19233
11881 28513
11882 62240
11883 27624
11884 27624
11885 56105
11886 27624
11887 27624
11888 27497
11889 37393
11890 28648
11891 54048
11892 27624
11893 60224
11894 56097
11895 56072
11896 60264
11897 52000
11898 49953
11899 27501
11900 28449
11901 53765
11902 55064
11903 27592
11904 25376
11905 55953
11906 51969
11907 51729
11908 19232
11909 27624
11910 59169
11911 27500
11912 60376
11913 54064
11914 17152
11915 54056
11916 28521
11917 56097
11918 49960
11919 28521
11920 27592
11921 28648
11922 27624
11923 27496
11924 27624
11925 28448
11926 27624
11927 19233
11928 53764
11929 27624
11930 27624
11931 37392
11932 49952
11933 53780
11934 62304
11935 53780
11936 52001
11937 56080
11938 53764
11939 1888
11940 55072
11941 38688
11942 27624
11943 49952
11944 54072
11945 27624
11946 53765
11947 19217
11948 53781
11949 49952
11950 38688
11951 53765
11952 19232
11953 18216
11954 33634
11955 25376
11956 54065
11957 25376
11958 60192
11959 60193
11960 52009
11961 58144
11962 60192
11963 58145
11964 56065
11965 27401
11966 27497
11967 19200
11968 56088
11969 49953
11970 57129
11971 58113
11972 56072
11973 49921
11974 27624
11975 58145
11976 28417
11977 54052
11978 55812
11979 27624
11980 27624
11981 27624
11982 27496
11983 27624
11984 27560
11985 25377
11986 19201
11987 25376
11988 49945
11989 52000
11990 19209
11991 28649
11992 27624
11993 27624
11994 39457
11995 54056
11996 53781
11997 27624
11998 27624
11999 49953
12000 60160
12001 27624
12002 53764
12003 56065
12004 25377
12005 59169
12006 10600
12007 28521
12008 54049
12009 39445
12010 60160
12011 27624
12012 19201
12013 61224
12014 58112
12015 27624
12016 28649
12017 17160
12018 37392
12019 63265
12020 54064
12021 27624
12022 27624
12023 54048
12024 27624
12025 39473
12026 49976
12027 61224
12028 49953
12029 27624
12030 58152
12031 27624
12032 51968
12033 28521
12034 27424
12035 27624
12036 27624
12037 25344
12038 27552
12039 59177
12040 27624
12041 27616
12042 28649
12043 28649
12044 53780
12045 55080
12046 27624
12047 54064
12048 50977
12049 28457
12050 53780
12051 27624
12052 38688
12053 56152
12054 58144
12055 52000
12056 27592
12057 28521
12058 49960
12059 27496
12060 27624
12061 25384
12062 27624
12063 19240
12064 27433
12065 27433
12066 27624
12067 27624
12068 27624
12069 27624
12070 27624
12071 52001
12072 52000
12073 27624
12074 49928
12075 60160
12076 25448
12077 27624
12078 27624
12079 39441
12080 27592
12081 60193
12082 27624
12083 19209
12084 58145
12085 28521
12086 49961
12087 60192
12088 64288
12089 49953
12090 53780
12091 54057
12092 53760
12093 19240
12094 49952
12095 55812
12096 53780
12097 27624
12098 16897
12099 27624
12100 53781
12101 33576
12102 27624
12103 58128
12104 27553
12105 50960
12106 55096
12107 27624
12108 27624
12109 28457
12110 21013
12111 53808
12112 38752
12113 55888
12114 38752
12115 53540
12116 17185
12117 27624
12118 27488
12119 28425
12120 49952
12121 54032
12122 17185
12123 57129
12124 28521
12125 28457
12126 16897
12127 27465
12128 25376
12129 28449
12130 63264
12131 27497
12132 17193
12133 27624
12134 61289
12135 60192
12136 51992
12137 20265
12138 54032
12139 28457
12140 28520
12141 27624
12142 27496
12143 27624
12144 28457
12145 27616
12146 54056
12147 19201
12148 28521
12149 59176
12150 27489
12151 27624
12152 27624
12153 49960
12154 28521
12155 54073
12156 49937
12157 11112
12158 53780
12159 27137
12160 17185
12161 17160
12162 56105
12163 19201
12164 25376
12165 28525
12166 27624
12167 49953
12168 28449
12169 58145
12170 27624
12171 58152
12172 53780
12173 27456
12174 27564
12175 27496
12176 18945
12177 54053
12178 27628
12179 27624
12180 39713
12181 19200
12182 58145
12183 17152
12184 27624
12185 27624
12186 27401
12187 60192
12188 53781
12189 60192
12190 37396
12191 25385
12192 19233
12193 27616
12194 19201
12195 27624
12196 49944
12197 37649
12198 56097
12199 27496
12200 27624
12201 37648
12202 53780
12203 10080
12204 55088
12205 17160
12206 39457
12207 55960
12208 18216
12209 28649
12210 25377
12211 27624
12212 27624
12213 58113
12214 27496
12215 28425
12216 28520
12217 27500
12218 59177
12219 52001
12220 25352
12221 60161
12222 54072
12223 49952
12224 27624
12225 53780
12226 17184
12227 53781
12228 53793
12229 27561
12230 27592
12231 63264
12232 27624
12233 56096
12234 27392
12235 28512
12236 60192
12237 17184
12238 27624
12239 53540
12240 27624
12241 25504
12242 27624
12243 55809
12244 27392
12245 19232
12246 54049
12247 39444
12248 28457
12249 27552
12250 58152
12251 27425
12252 49953
12253 25376
12254 53796
12255 33632
12256 37680
12257 33569
12258 27624
12259 25385
12260 55064
12261 27624
12262 9064
12263 27624
12264 17152
12265 58144
12266 49936
12267 37664
12268 55888
12269 38760
12270 38696
12271 53797
12272 10080
12273 27624
12274 27425
12275 53780
12276 53764
12277 26465
12278 27464
12279 58113
12280 52008
12281 62249
12282 59176
12283 54048
12284 51992
12285 49953
12286 55960
12287 55096
12288 27624
12289 17184
12290 53780
12291 58209
12292 28457
12293 27425
12294 33569
12295 19233
12296 58112
12297 54056
12298 38688
12299 27433
12300 27624
12301 55073
12302 27552
12303 56888
12304 27616
12305 49920
12306 27624
12307 27624
12308 27552
12309 55096
12310 58145
12311 27624
12312 26377
12313 27624
12314 25441
12315 27624
12316 37648
12317 27624
12318 53780
12319 37393
12320 28648
12321 27624
12322 28649
12323 53780
12324 28425
12325 49961
12326 55056
12327 60265
12328 56880
12329 53776
12330 52000
12331 25352
12332 27489
12333 58208
12334 26401
12335 59169
12336 59168
12337 25376
12338 55824
12339 19201
12340 27624
12341 17185
12342 19296
12343 55812
12344 28585
12345 27432
12346 17192
12347 54049
12348 54048
12349 28649
12350 28457
12351 27624
12352 27624
12353 27556
12354 53781
12355 58145
12356 25377
12357 27624
12358 25377
12359 800
12360 19200
12361 27496
12362 28457
12363 27592
12364 27496
12365 17184
12366 49961
12367 39445
12368 58152
12369 54049
12370 49953
12371 19208
12372 49952
12373 27433
12374 54049
12375 63265
12376 49928
12377 37393
12378 27624
12379 53780
12380 39441
12381 27624
12382 27624
12383 28649
12384 28521
12385 19240
12386 49952
12387 49961
12388 28425
12389 57121
12390 27425
12391 27624
12392 17168
12393 27425
12394 27393
12395 19232
12396 59168
12397 49952
12398 37649
12399 27424
12400 27624
12401 60192
12402 39441
12403 27624
12404 61216
12405 53780
12406 27624
12407 54056
12408 50977
12409 26952
12410 27624
12411 27624
12412 27624
12413 27584
12414 27424
12415 27393
12416 52000
12417 58145
12418 54049
12419 28521
12420 57120
12421 27465
12422 28424
12423 19232
12424 28521
12425 56097
12426 58112
12427 28521
12428 12137
12429 54049
12430 60264
12431 25377
12432 56096
12433 58145
12434 25352
12435 26465
12436 27624
12437 19232
12438 37664
12439 27496
12440 60200
12441 61225
12442 55896
12443 27624
12444 49961
12445 27624
12446 55064
12447 49968
12448 53780
12449 27624
12450 58144
12451 27624
12452 19304
12453 56097
12454 57129
12455 17193
12456 19233
12457 53284
12458 25376
12459 54048
12460 27624
12461 58145
12462 28521
12463 5984
12464 28425
12465 28489
12466 58152
12467 27417
12468 52009
12469 64464
12470 28425
12471 800
12472 17185
12473 19241
12474 19232
12475 54056
12476 19232
12477 27592
12478 58145
12479 19240
12480 27496
12481 54048
12482 17184
12483 11112
12484 17185
12485 58145
12486 27624
12487 51968
12488 45856
12489 58144
12490 27616
12491 53033
12492 17152
12493 27496
12494 54048
12495 27624
12496 58209
12497 52000
12498 27592
12499 27392
12500 12137
12501 27400
12502 27624
12503 25344
12504 28649
12505 27624
12506 53781
12507 27628
12508 49952
12509 12137
12510 27624
12511 19201
12512 19232
12513 28520
12514 53780
12515 49961
12516 27628
12517 10016
12518 52000
12519 50977
12520 56088
12521 37665
12522 53780
12523 55072
12524 25440
12525 54112
12526 49952
12527 49952
12528 27624
12529 17192
12530 39441
12531 27624
12532 54056
12533 27624
12534 25448
12535 25376
12536 27624
12537 17185
12538 27624
12539 28521
12540 55812
12541 27520
12542 49921
12543 56104
12544 54049
12545 26401
12546 27624
12547 49952
12548 49960
12549 27624
12550 17184
12551 63265
12552 17193
12553 27624
12554 27624
12555 2857
12556 19209
12557 54057
12558 37393
12559 58216
12560 27624
12561 27624
12562 55840
12563 33569
12564 28649
12565 60161
12566 28649
12567 39445
12568 27592
12569 27624
12570 17184
12571 62241
12572 52001
12573 58145
12574 53809
12575 28449
12576 49952
12577 54056
12578 51992
12579 53765
12580 27628
12581 58145
12582 60264
12583 27624
12584 49953
12585 53776
12586 58208
12587 25376
12588 27624
12589 27556
12590 54065
12591 53808
12592 56104
12593 55888
12594 39445
12595 27425
12596 25376
12597 27489
12598 58145
12599 52000
12600 27624
12601 56072
12602 53781
12603 2857
12604 49952
12605 27392
12606 58144
12607 12137
12608 27496
12609 27625
12610 58144
12611 19201
12612 55064
12613 37680
12614 37664
12615 28457
12616 53792
12617 34656
12618 59241
12619 53760
12620 27624
12621 50984
12622 28425
12623 49937
12624 54048
12625 53776
12626 33568
12627 53780
12628 49936
12629 49960
12630 55072
12631 38696
12632 28521
12633 34616
12634 33632
12635 49953
12636 27432
12637 28425
12638 55136
12639 19240
12640 54072
12641 27464
12642 27425
12643 52000
12644 55073
12645 27624
12646 25441
12647 61225
12648 27424
12649 58152
12650 25504
12651 39440
12652 62240
12653 17153
12654 27425
12655 58145
12656 37665
12657 58216
12658 19232
12659 49936
12660 27624
12661 49953
12662 27496
12663 19336
12664 27424
12665 58144
12666 27624
12667 27624
12668 27624
12669 49968
12670 25376
12671 27624
12672 25377
12673 27624
12674 54064
12675 19232
12676 27496
12677 27624
12678 39441
12679 27624
12680 28649
12681 27624
12682 34592
12683 61281
12684 27465
12685 54072
12686 54048
12687 28521
12688 39457
12689 58144
12690 54049
12691 28648
12692 61217
12693 58145
12694 27592
12695 27624
12696 19208
12697 27624
12698 59176
12699 27433
12700 25376
12701 27616
12702 27496
12703 27457
12704 27624
12705 27560
12706 27488
12707 17185
12708 27624
12709 27488
12710 27497
12711 19213
12712 27137
12713 27496
12714 25384
12715 54072
12716 12137
12717 28521
12718 27624
12719 54048
12720 27624
12721 33576
12722 53780
12723 19232
12724 28449
12725 53780
12726 18216
12727 19241
12728 27433
12729 27625
12730 55856
12731 37393
12732 27624
12733 28521
12734 28649
12735 27624
12736 39441
12737 27624
12738 28521
12739 27624
12740 27496
12741 28457
12742 28448
12743 54073
12744 60161
12745 63273
12746 28521
12747 27624
12748 58120
12749 56097
12750 28521
12751 27624
12752 54072
12753 19216
12754 58152
12755 27624
12756 27496
12757 19233
12758 19304
12759 27624
12760 27564
12761 18977
12762 27624
12763 27496
12764 27616
12765 21029
12766 53764
12767 54048
12768 53797
12769 27560
12770 27425
12771 25376
12772 39445
12773 19233
12774 49952
12775 26984
12776 53780
12777 58112
12778 51977
12779 53780
12780 27624
12781 17184
12782 59168
12783 19233
12784 63265
12785 27424
12786 25376
12787 53781
12788 27628
12789 5920
12790 55088
12791 34601
12792 37664
12793 27592
12794 27401
12795 55088
12796 39441
12797 27624
12798 54032
12799 37392
12800 18208
12801 50992
12802 60201
12803 37688
12804 27425
12805 38752
12806 54065
12807 19296
12808 17169
12809 19200
12810 54048
12811 53780
12812 62249
12813 51976
12814 58113
12815 27417
12816 56024
12817 51992
12818 54057
12819 2857
12820 28425
12821 54056
12822 49952
12823 55064
12824 49953
12825 55056
12826 28425
12827 55064
12828 28520
12829 62241
12830 19213
12831 28425
12832 27624
12833 64288
12834 19201
12835 27556
12836 28425
12837 27624
12838 27496
12839 20329
12840 25440
12841 19213
12842 59168
12843 27560
12844 25504
12845 27564
12846 27628
12847 27425
12848 27489
12849 28457
12850 58144
12851 62240
12852 27497
12853 58112
12854 58152
12855 17184
12856 19241
12857 27456
12858 56088
12859 62241
12860 56105
12861 39712
12862 54048
12863 55824
12864 49953
12865 53780
12866 27624
12867 27496
12868 27393
12869 58144
12870 52000
12871 27552
12872 62249
12873 17192
12874 49960
12875 27553
12876 56097
12877 27628
12878 27624
12879 58208
12880 19296
12881 49681
12882 58209
12883 28512
12884 27624
12885 25376
12886 27624
12887 60192
12888 54048
12889 58128
12890 25345
12891 52001
12892 21281
12893 19233
12894 27624
12895 39445
12896 19240
12897 54064
12898 27624
12899 49952
12900 56097
12901 26984
12902 19233
12903 60192
12904 51968
12905 39441
12906 49961
12907 27624
12908 37688
12909 28649
12910 27624
12911 27432
12912 64464
12913 28649
12914 28513
12915 19237
12916 19241
12917 53780
12918 55088
12919 49920
12920 28425
12921 27624
12922 60160
12923 54048
12924 16901
12925 54017
12926 49921
12927 28649
12928 17193
12929 53781
12930 53780
12931 49953
12932 49952
12933 55073
12934 27624
12935 19232
12936 52000
12937 60224
12938 28457
12939 27425
12940 52001
12941 60192
12942 27496
12943 27624
12944 27624
12945 64288
12946 27400
12947 20265
12948 19233
12949 27497
12950 27624
12951 52000
12952 27624
12953 27624
12954 27528
12955 28521
12956 27425
12957 19224
12958 49953
12959 27624
12960 28521
12961 27624
12962 53780
12963 38688
12964 17168
12965 62240
12966 54073
12967 27433
12968 37425
12969 55081
12970 18961
12971 38696
12972 27624
12973 27465
12974 34600
12975 53796
12976 28457
12977 27400
12978 28521
12979 9064
12980 53808
12981 54053
12982 28648
12983 54048
12984 62304
12985 55072
12986 54048
12987 49961
12988 27624
12989 54073
12990 49960
12991 61289
12992 19213
12993 58113
12994 28521
12995 64464
12996 28457
12997 20233
12998 27465
12999 55088
13000 19232
13001 27496
13002 27624
13003 27456
13004 49936
13005 27624
13006 53776
13007 19225
13008 27624
13009 27424
13010 28520
13011 53780
13012 52001
13013 27624
13014 53780
13015 27500
13016 58145
13017 58152
13018 60192
13019 27624
13020 19213
13021 53764
13022 25441
13023 27401
13024 17152
13025 27624
13026 28457
13027 58145
13028 27489
13029 49953
13030 49968
13031 27497
13032 27137
13033 28649
13034 28648
13035 28649
13036 19201
13037 53780
13038 27624
13039 49952
13040 53764
13041 49952
13042 49953
13043 27624
13044 37664
13045 49952
13046 58145
13047 27624
13048 54057
13049 28457
13050 27624
13051 25449
13052 53780
13053 28649
13054 27624
13055 37393
13056 27624
13057 55073
13058 19201
13059 58121
13060 27432
13061 49952
13062 27624
13063 54064
13064 28457
13065 58113
13066 60224
13067 27496
13068 60376
13069 27592
13070 27624
13071 28425
13072 25345
13073 53780
13074 27624
13075 54056
13076 28649
13077 18944
13078 27425
13079 60193
13080 19241
13081 27496
13082 27393
13083 27456
13084 25344
13085 17184
13086 28649
13087 49953
13088 49952
13089 53776
13090 27624
13091 28649
13092 53780
13093 27561
13094 27624
13095 59169
13096 49952
13097 58145
13098 27624
13099 54072
13100 54049
13101 27628
13102 54032
13103 27624
13104 56024
13105 25377
13106 27564
13107 54032
13108 33552
13109 27401
13110 49953
13111 27497
13112 19304
13113 58145
13114 49952
13115 20265
13116 55960
13117 58144
13118 58145
13119 56024
13120 58145
13121 60169
13122 49921
13123 56104
13124 27625
13125 25376
13126 58113
13127 55824
13128 27553
13129 54056
13130 50977
13131 55953
13132 19233
13133 64288
13134 27496
13135 19200
13136 27488
13137 27624
13138 54048
13139 17184
13140 51968
13141 28521
13142 54048
13143 28521
13144 34665
13145 28457
13146 56280
13147 58209
13148 60192
13149 34656
13150 37665
13151 53764
13152 58145
13153 21013
13154 27424
13155 27401
13156 49960
13157 55080
13158 27433
13159 54057
13160 53760
13161 27625
13162 27624
13163 55080
13164 28457
13165 54049
13166 28457
13167 28457
13168 27624
13169 20257
13170 54056
13171 28448
13172 27496
13173 27496
13174 58144
13175 27624
13176 27624
13177 27624
13178 27624
13179 27496
13180 49945
13181 60160
13182 27496
13183 27400
13184 27464
13185 25377
13186 19233
13187 27584
13188 54048
13189 17185
13190 25353
13191 56024
13192 5920
13193 27392
13194 19232
13195 63272
13196 28649
13197 58145
13198 53033
13199 60376
13200 25376
13201 27425
13202 60193
13203 25345
13204 27624
13205 27624
13206 23057
13207 59169
13208 10600
13209 27624
13210 58144
13211 27624
13212 27500
13213 27624
13214 25449
13215 27496
13216 37665
13217 27564
13218 27624
13219 2857
13220 25377
13221 27625
13222 19240
13223 27496
13224 25381
13225 27624
13226 54052
13227 27628
13228 58144
13229 27624
13230 19241
13231 19233
13232 27560
13233 27496
13234 25449
13235 27425
13236 63273
13237 27624
13238 26401
13239 19233
13240 60256
13241 27624
13242 56080
13243 5984
13244 28425
13245 27433
13246 54040
13247 19304
13248 27552
13249 39457
13250 55960
13251 28521
13252 19240
13253 25345
13254 19233
13255 27552
13256 60224
13257 55953
13258 62248
13259 6945
13260 27624
13261 28521
13262 19232
13263 28648
13264 19233
13265 53780
13266 27624
13267 53780
13268 49968
13269 19233
13270 27624
13271 25440
13272 58112
13273 27624
13274 49952
13275 52001
13276 56097
13277 27552
13278 28521
13279 17160
13280 62249
13281 54056
13282 27624
13283 27560
13284 19225
13285 28489
13286 27561
13287 27392
13288 63265
13289 53792
13290 58144
13291 27616
13292 19304
13293 54048
13294 19209
13295 27417
13296 27624
13297 59169
13298 55064
13299 27624
13300 34600
13301 50985
13302 5920
13303 19233
13304 52000
13305 60169
13306 49952
13307 27400
13308 53033
13309 19216
13310 56120
13311 27465
13312 27500
13313 49952
13314 52000
13315 56088
13316 52001
13317 49960
13318 49953
13319 27425
13320 33568
13321 33568
13322 59168
13323 27624
13324 25448
13325 59232
13326 27488
13327 11040
13328 27624
13329 27624
13330 56024
13331 20265
13332 27624
13333 27425
13334 62312
13335 64288
13336 27560
13337 39457
13338 27624
13339 27624
13340 27496
13341 37648
13342 27624
13343 25504
13344 17192
13345 27624
13346 19200
13347 27624
13348 27560
13349 19232
13350 27488
13351 59169
13352 54032
13353 37728
13354 27496
13355 49953
13356 39440
13357 27392
13358 55096
13359 54049
13360 19232
13361 53781
13362 58152
13363 19201
13364 54057
13365 54040
13366 27624
13367 52008
13368 12137
13369 27624
13370 54040
13371 56096
13372 17192
13373 17169
13374 58145
13375 58208
13376 28585
13377 56097
13378 58145
13379 53780
13380 28425
13381 27624
13382 27624
13383 50984
13384 27624
13385 27624
13386 27624
13387 54057
13388 53780
13389 27560
13390 62240
13391 37216
13392 27624
13393 52001
13394 28649
13395 27425
13396 54016
13397 27520
13398 37216
13399 27624
13400 27424
13401 53780
13402 17153
13403 19240
13404 55825
13405 58144
13406 51969
13407 19208
13408 27624
13409 60192
13410 5984
13411 27624
13412 37425
13413 53792
13414 54112
13415 27465
13416 60193
13417 55081
13418 54064
13419 27624
13420 49685
13421 50977
13422 28648
13423 55096
13424 27392
13425 63336
13426 27624
13427 27528
13428 27392
13429 28456
13430 56105
13431 55828
13432 28425
13433 27628
13434 27624
13435 27561
13436 25377
13437 27624
13438 49953
13439 28521
13440 27624
13441 58145
13442 56097
13443 27624
13444 54032
13445 27624
13446 27564
13447 27624
13448 19240
13449 28649
13450 26464
13451 19232
13452 19205
13453 52001
13454 27496
13455 27624
13456 19224
13457 53780
13458 49953
13459 51976
13460 27433
13461 27456
13462 59177
13463 38760
13464 34656
13465 27625
13466 27401
13467 38752
13468 52001
13469 28457
13470 49976
13471 53776
13472 55096
13473 38688
13474 39712
13475 53780
13476 53780
13477 37664
13478 37216
13479 25376
13480 53536
13481 53781
13482 62240
13483 53536
13484 58121
13485 50976
13486 55056
13487 52000
13488 27488
13489 53600
13490 19209
13491 56104
13492 28520
13493 27625
13494 27400
13495 27425
13496 51000
13497 50977
13498 63265
13499 56216
13500 27624
13501 27560
13502 49952
13503 55081
13504 54048
13505 27488
13506 27625
13507 60193
13508 27497
13509 58144
13510 27561
13511 28521
13512 54048
13513 27556
13514 27456
13515 27628
13516 17184
13517 54024
13518 12137
13519 39441
13520 27624
13521 27392
13522 27496
13523 27624
13524 52000
13525 51992
13526 49960
13527 27624
13528 60256
13529 52008
13530 53781
13531 27616
13532 54048
13533 53780
13534 50977
13535 54048
13536 55832
13537 50985
13538 55896
13539 54048
13540 27465
13541 49953
13542 27400
13543 54048
13544 58145
13545 52008
13546 19240
13547 52000
13548 27624
13549 53780
13550 51729
13551 27393
13552 62241
13553 57120
13554 54017
13555 25344
13556 49952
13557 27624
13558 33552
13559 54049
13560 28425
13561 58152
13562 61281
13563 27401
13564 53781
13565 27425
13566 53781
13567 27417
13568 54040
13569 28448
13570 49957
13571 27624
13572 54056
13573 54032
13574 20329
13575 28649
13576 28457
13577 52009
13578 54072
13579 17192
13580 55812
13581 27552
13582 58120
13583 27624
13584 27425
13585 27496
13586 58153
13587 55812
13588 11040
13589 28520
13590 27553
13591 60264
13592 49960
13593 49952
13594 27556
13595 27560
13596 57129
13597 58152
13598 27624
13599 27497
13600 19233
13601 19216
13602 37393
13603 55888
13604 27497
13605 64472
13606 28521
13607 27624
13608 19201
13609 54040
13610 27465
13611 27488
13612 25377
13613 52009
13614 37680
13615 62304
13616 27624
13617 19336
13618 52000
13619 27560
13620 28585
13621 56097
13622 63273
13623 58152
13624 17184
13625 39440
13626 28649
13627 39444
13628 49953
13629 27560
13630 27624
13631 55888
13632 17184
13633 27424
13634 58144
13635 58152
13636 53765
13637 26400
13638 27496
13639 27624
13640 56096
13641 49952
13642 28425
13643 26464
13644 27564
13645 63265
13646 27624
13647 27625
13648 27496
13649 52001
13650 19232
13651 28649
13652 17185
13653 27624
13654 27400
13655 19232
13656 19232
13657 60265
13658 19201
13659 53781
13660 54049
13661 60368
13662 27392
13663 27624
13664 27624
13665 37648
13666 32553
13667 37728
13668 51993
13669 1824
13670 27417
13671 39445
13672 53540
13673 16933
13674 26464
13675 37409
13676 17184
13677 27624
13678 27401
13679 38688
13680 58120
13681 49685
13682 53796
13683 37728
13684 53764
13685 62240
13686 18208
13687 26400
13688 27400
13689 54049
13690 25377
13691 27400
13692 17184
13693 61225
13694 55064
13695 56080
13696 27624
13697 19208
13698 54048
13699 28521
13700 49953
13701 28417
13702 28457
13703 28425
13704 19200
13705 49953
13706 52009
13707 27560
13708 37648
13709 27553
13710 27624
13711 27500
13712 27624
13713 58144
13714 27560
13715 56104
13716 27501
13717 49953
13718 27624
13719 27624
13720 27401
13721 27489
13722 27624
13723 27624
13724 57120
13725 27624
13726 28521
13727 51976
13728 27500
13729 27624
13730 27432
13731 27433
13732 27521
13733 51977
13734 50976
13735 56096
13736 60256
13737 25440
13738 17153
13739 27624
13740 27496
13741 27564
13742 51969
13743 28649
13744 56104
13745 27401
13746 49952
13747 56088
13748 58145
13749 52000
13750 62241
13751 58145
13752 54048
13753 27584
13754 27624
13755 27496
13756 27520
13757 28521
13758 27496
13759 58145
13760 27624
13761 49953
13762 27496
13763 27501
13764 25377
13765 27624
13766 27624
13767 57129
13768 53796
13769 60168
13770 49944
13771 39440
13772 27624
13773 54065
13774 27624
13775 27465
13776 20257
13777 27496
13778 17185
13779 19200
13780 27584
13781 54048
13782 37393
13783 27488
13784 10600
13785 27553
13786 39441
13787 27556
13788 27624
13789 17185
13790 58144
13791 62240
13792 58144
13793 27552
13794 27624
13795 45856
13796 51977
13797 59169
13798 27624
13799 27553
13800 27488
13801 27496
13802 56105
13803 27424
13804 56072
13805 27624
13806 27401
13807 27624
13808 27624
13809 53776
13810 25377
13811 25376
13812 27624
13813 19201
13814 50992
13815 28649
13816 27393
13817 33568
13818 27556
13819 55080
13820 28457
13821 27624
13822 27624
13823 37648
13824 28489
13825 49969
13826 11104
13827 54048
13828 27496
13829 27401
13830 56152
13831 19232
13832 25504
13833 27624
13834 28520
13835 27432
13836 27624
13837 59232
13838 60265
13839 55809
13840 27624
13841 56280
13842 39441
13843 27624
13844 19201
13845 28521
13846 26401
13847 27624
13848 17192
13849 60161
13850 54048
13851 27624
13852 27624
13853 27624
13854 55097
13855 28457
13856 27560
13857 56065
13858 27496
13859 27496
13860 57121
13861 27560
13862 61217
13863 27624
13864 58152
13865 27520
13866 17169
13867 54033
13868 19232
13869 33632
13870 38688
13871 54048
13872 56080
13873 58144
13874 27624
13875 38760
13876 27624
13877 27592
13878 17192
13879 53792
13880 55081
13881 60160
13882 17184
13883 49952
13884 37664
13885 27424
13886 58144
13887 53796
13888 28649
13889 34616
13890 56097
13891 62248
13892 53808
13893 53793
13894 49920
13895 27401
13896 19233
13897 27401
13898 27592
13899 27401
13900 54056
13901 27400
13902 27624
13903 19213
13904 28449
13905 27496
13906 27496
13907 27592
13908 28520
13909 58152
13910 28520
13911 53764
13912 27488
13913 56088
13914 62312
13915 2857
13916 27624
13917 58144
13918 20265
13919 27628
13920 26409
13921 27528
13922 58272
13923 28425
13924 28425
13925 17184
13926 28425
13927 27433
13928 25352
13929 17184
13930 21281
13931 17189
13932 27496
13933 25352
13934 19232
13935 54048
13936 49960
13937 27401
13938 64336
13939 39441
13940 39712
13941 28457
13942 55832
13943 53780
13944 27624
13945 53780
13946 27624
13947 58153
13948 49953
13949 61289
13950 56096
13951 50984
13952 58144
13953 25376
13954 27624
13955 27401
13956 19213
13957 63265
13958 27497
13959 20257
13960 19213
13961 64080
13962 58144
13963 56097
13964 27624
13965 27432
13966 27624
13967 27497
13968 27624
13969 52008
13970 27624
13971 27624
13972 27616
13973 54048
13974 54064
13975 28520
13976 49961
13977 18209
13978 53777
13979 19232
13980 49968
13981 17185
13982 53909
13983 27624
13984 27624
13985 27624
13986 27624
13987 27553
13988 53796
13989 27616
13990 28417
13991 49921
13992 27564
13993 19233
13994 27432
13995 27425
13996 11104
13997 27392
13998 27393
13999 52001
14000 27496
14001 54120
14002 53780
14003 27400
14004 27560
14005 27496
14006 49960
14007 54048
14008 64289
14009 39445
14010 27624
14011 49952
14012 28457
14013 55888
14014 37649
14015 19240
14016 28457
14017 55960
14018 53268
14019 28649
14020 17153
14021 53797
14022 27624
14023 27488
14024 27393
14025 28489
14026 52009
14027 49953
14028 27624
14029 17153
14030 28648
14031 28425
14032 51969
14033 28456
14034 21013
14035 56024
14036 55081
14037 54056
14038 28520
14039 27624
14040 28649
14041 25384
14042 17152
14043 1888
14044 52000
14045 27624
14046 19208
14047 39441
14048 25376
14049 27624
14050 27425
14051 27624
14052 27560
14053 27500
14054 12137
14055 27624
14056 55072
14057 27496
14058 28521
14059 49960
14060 39473
14061 27496
14062 37672
14063 28648
14064 53780
14065 53780
14066 49953
14067 27433
14068 27624
14069 25345
14070 17153
14071 27624
14072 27624
14073 27553
14074 26984
14075 27624
14076 25381
14077 19209
14078 62240
14079 19304
14080 28424
14081 54049
14082 53780
14083 50960
14084 27433
14085 53780
14086 37409
14087 54112
14088 55096
14089 37664
14090 10088
14091 26400
14092 53764
14093 27425
14094 54048
14095 17184
14096 53600
14097 55064
14098 53600
14099 53540
14100 25441
14101 55072
14102 53284
14103 53536
14104 57144
14105 58208
14106 18208
14107 17185
14108 27464
14109 60192
14110 28521
14111 55096
14112 27624
14113 27560
14114 34592
14115 54032
14116 27400
14117 58152
14118 17193
14119 28457
14120 27624
14121 37393
14122 38696
14123 37393
14124 55840
14125 28585
14126 27624
14127 19233
14128 37649
14129 59177
14130 55096
14131 25376
14132 54072
14133 27624
14134 17184
14135 27500
14136 27560
14137 27624
14138 27624
14139 25376
14140 58144
14141 27616
14142 37393
14143 28425
14144 19336
14145 53780
14146 27628
14147 54056
14148 58144
14149 25376
14150 27464
14151 27624
14152 28521
14153 39712
14154 27424
14155 27624
14156 56104
14157 27552
14158 39457
14159 27625
14160 54048
14161 52000
14162 27624
14163 28521
14164 27624
14165 57121
14166 52001
14167 27497
14168 54016
14169 5984
14170 52000
14171 28457
14172 27488
14173 55073
14174 56104
14175 54048
14176 59176
14177 54073
14178 17160
14179 55832
14180 28425
14181 53792
14182 37409
14183 17184
14184 60192
14185 27624
14186 58144
14187 27624
14188 56880
14189 27624
14190 27624
14191 27584
14192 27432
14193 19208
14194 25345
14195 53033
14196 53909
14197 39441
14198 27417
14199 27624
14200 27628
14201 27584
14202 27624
14203 58208
14204 27624
14205 27624
14206 27624
14207 27624
14208 59176
14209 52000
14210 52008
14211 27624
14212 27496
14213 27624
14214 27624
14215 27433
14216 53780
14217 19233
14218 27616
14219 17184
14220 51976
14221 17184
14222 53780
14223 19217
14224 58144
14225 54049
14226 27400
14227 54048
14228 52000
14229 37681
14230 55064
14231 54040
14232 27464
14233 28457
14234 49960
14235 25344
14236 19241
14237 28425
14238 27424
14239 53781
14240 53765
14241 28457
14242 25381
14243 37681
14244 27624
14245 27624
14246 53780
14247 55073
14248 19240
14249 49953
14250 27584
14251 54048
14252 62241
14253 58153
14254 60200
14255 27401
14256 55081
14257 53780
14258 37648
14259 27624
14260 27624
14261 27496
14262 53780
14263 27552
14264 58144
14265 53780
14266 27432
14267 56096
14268 27560
14269 27592
14270 27624
14271 27624
14272 27624
14273 27552
14274 28585
14275 27624
14276 27624
14277 49953
14278 25377
14279 27464
14280 27624
14281 57120
14282 27497
14283 27624
14284 27624
14285 17184
14286 28425
14287 19232
14288 52009
14289 54057
14290 53780
14291 58152
14292 56024
14293 54049
14294 27497
14295 27456
14296 27464
14297 27624
14298 51000
14299 54032
14300 37728
14301 54064
14302 60192
14303 27624
14304 10088
14305 49921
14306 17192
14307 27401
14308 53780
14309 27425
14310 54048
14311 17152
14312 62240
14313 54016
14314 56088
14315 49961
14316 28425
14317 58145
14318 60168
14319 37216
14320 28425
14321 28457
14322 33568
14323 27624
14324 54032
14325 54049
14326 53808
14327 52001
14328 58144
14329 58144
14330 19232
14331 56097
14332 34592
14333 27628
14334 53764
14335 61281
14336 56024
14337 27500
14338 27433
14339 27500
14340 19213
14341 58144
14342 57129
14343 19216
14344 60193
14345 27624
14346 51992
14347 27496
14348 27496
14349 27624
14350 27624
14351 27496
14352 27624
14353 62240
14354 27616
14355 39441
14356 52008
14357 27624
14358 37664
14359 19241
14360 49936
14361 27425
14362 27432
14363 27464
14364 37665
14365 27497
14366 17192
14367 27624
14368 27624
14369 19209
14370 27560
14371 39473
14372 23057
14373 19200
14374 27624
14375 28520
14376 37664
14377 55080
14378 27497
14379 27624
14380 49952
14381 49957
14382 27456
14383 27424
14384 59176
14385 27624
14386 64472
14387 61225
14388 53760
14389 56120
14390 27401
14391 39713
14392 28449
14393 58121
14394 55812
14395 60256
14396 54032
14397 27496
14398 27624
14399 60200
14400 53780
14401 27624
14402 27556
14403 37648
14404 27624
14405 33553
14406 60192
14407 27496
14408 54056
14409 52001
14410 49953
14411 27528
14412 28521
14413 27393
14414 10600
14415 62240
14416 27464
14417 53780
14418 49953
14419 27592
14420 20265
14421 54048
14422 51968
14423 27400
14424 27424
14425 27500
14426 27553
14427 58144
14428 21281
14429 28457
14430 63336
14431 27624
14432 27624
14433 37413
14434 54049
14435 27624
14436 27433
14437 60192
14438 28521
14439 28425
14440 60200
14441 55960
14442 27561
14443 27392
14444 53780
14445 19304
14446 27424
14447 19304
14448 62240
14449 27425
14450 28489
14451 59169
14452 53776
14453 27624
14454 27497
14455 56088
14456 55812
14457 49953
14458 28425
14459 51985
14460 60193
14461 19208
14462 61216
14463 55072
14464 37665
14465 53781
14466 52000
14467 49952
14468 54048
14469 11112
14470 27400
14471 37393
14472 49952
14473 60192
14474 60192
14475 26952
14476 28649
14477 19208
14478 39441
14479 49960
14480 27488
14481 39713
14482 27624
14483 53764
14484 27625
14485 27560
14486 27497
14487 58144
14488 55080
14489 53777
14490 28456
14491 53780
14492 27564
14493 52000
14494 25441
14495 27624
14496 53765
14497 27425
14498 17185
14499 49960
14500 49952
14501 52001
14502 62241
14503 53793
14504 28425
14505 26952
14506 27560
14507 19336
14508 27496
14509 27624
14510 64464
14511 27624
14512 64289
14513 27628
14514 53780
14515 53764
14516 58208
14517 52000
14518 19232
14519 19233
14520 49960
14521 50992
14522 38752
14523 39445
14524 28521
14525 54064
14526 37680
14527 16901
14528 37664
14529 61225
14530 39441
14531 53600
14532 50968
14533 50992
14534 49936
14535 27624
14536 34601
14537 58216
14538 33569
14539 34592
14540 27624
14541 28457
14542 27393
14543 53536
14544 54052
14545 58144
14546 34656
14547 34656
14548 34592
14549 49953
14550 27401
14551 28425
14552 27521
14553 53780
14554 54048
14555 27425
14556 53776
14557 59232
14558 61225
14559 55096
14560 50968
14561 26401
14562 27465
14563 27400
14564 17185
14565 50977
14566 27496
14567 28525
14568 19336
14569 27496
14570 61217
14571 27432
14572 27552
14573 27624
14574 54048
14575 27624
14576 49952
14577 27432
14578 28585
14579 54057
14580 25376
14581 27424
14582 26409
14583 17185
14584 27425
14585 27624
14586 27624
14587 17184
14588 49953
14589 27616
14590 19240
14591 27400
14592 54032
14593 27560
14594 28520
14595 28649
14596 19296
14597 28520
14598 28425
14599 27624
14600 33568
14601 62241
14602 27425
14603 52000
14604 55081
14605 28521
14606 25376
14607 27624
14608 32553
14609 52001
14610 27624
14611 49952
14612 26401
14613 55064
14614 27624
14615 19209
14616 28457
14617 49960
14618 49976
14619 52009
14620 49952
14621 28425
14622 53777
14623 55072
14624 58112
14625 56280
14626 19240
14627 58112
14628 55073
14629 28521
14630 52009
14631 55072
14632 49960
14633 27624
14634 27488
14635 27560
14636 37664
14637 54048
14638 17184
14639 28425
14640 27624
14641 39440
14642 17160
14643 53780
14644 17153
14645 27624
14646 2848
14647 27424
14648 27624
14649 27552
14650 53780
14651 52008
14652 27628
14653 27496
14654 54120
14655 27560
14656 27624
14657 27624
14658 54052
14659 27433
14660 50977
14661 54064
14662 49976
14663 27425
14664 58144
14665 54049
14666 19296
14667 49952
14668 27433
14669 59169
14670 39473
14671 19201
14672 27624
14673 26984
14674 58145
14675 51729
14676 49953
14677 58120
14678 27624
14679 51968
14680 55824
14681 37664
14682 54048
14683 37393
14684 17185
14685 37672
14686 28457
14687 56096
14688 19225
14689 25384
14690 49944
14691 53809
14692 19240
14693 56024
14694 28449
14695 49969
14696 39473
14697 56024
14698 28457
14699 49936
14700 53808
14701 27624
14702 27496
14703 27624
14704 59169
14705 55960
14706 27401
14707 19201
14708 27456
14709 27496
14710 37664
14711 38688
14712 27500
14713 53780
14714 25384
14715 19232
14716 61288
14717 55960
14718 54049
14719 49952
14720 53781
14721 54048
14722 27624
14723 27624
14724 19217
14725 27624
14726 39441
14727 54056
14728 27624
14729 17185
14730 53761
14731 27552
14732 27624
14733 60192
14734 53780
14735 27624
14736 28457
14737 58272
14738 53764
14739 27432
14740 28520
14741 27560
14742 27497
14743 27560
14744 27392
14745 27425
14746 49953
14747 27464
14748 27624
14749 27624
14750 57120
14751 27425
14752 27624
14753 27496
14754 49936
14755 27496
14756 27624
14757 39441
14758 53780
14759 27624
14760 28520
14761 27392
14762 58145
14763 53796
14764 53600
14765 52009
14766 54032
14767 53780
14768 56088
14769 49953
14770 14176
14771 27624
14772 61288
14773 27496
14774 33569
14775 33568
14776 56097
14777 55888
14778 33634
14779 37728
14780 53781
14781 55096
14782 33632
14783 28457
14784 53540
14785 53808
14786 55136
14787 53780
14788 17152
14789 27496
14790 28520
14791 17192
14792 20265
14793 19201
14794 64336
14795 25344
14796 25376
14797 53812
14798 27425
14799 27401
14800 61224
14801 19233
14802 28457
14803 26409
14804 37648
14805 54032
14806 17185
14807 27624
14808 27624
14809 38752
14810 38688
14811 27489
14812 58152
14813 27624
14814 25377
14815 25353
14816 27624
14817 27552
14818 39440
14819 27564
14820 27496
14821 27628
14822 54048
14823 27624
14824 55832
14825 55960
14826 27528
14827 37681
14828 20329
14829 27616
14830 27401
14831 27553
14832 53765
14833 19200
14834 49936
14835 53792
14836 28521
14837 38688
14838 27624
14839 53797
14840 56096
14841 54048
14842 19201
14843 27393
14844 28417
14845 28520
14846 60161
14847 27424
14848 27624
14849 53777
14850 27425
14851 27552
14852 27432
14853 37393
14854 37393
14855 59169
14856 19241
14857 52000
14858 52001
14859 27624
14860 60161
14861 27624
14862 56097
14863 28649
14864 37648
14865 27432
14866 25376
14867 11040
14868 53781
14869 27496
14870 54049
14871 27628
14872 27401
14873 52000
14874 53780
14875 55809
14876 27393
14877 27393
14878 27624
14879 61288
14880 53780
14881 53780
14882 27393
14883 28425
14884 27592
14885 53780
14886 27624
14887 49952
14888 28457
14889 56856
14890 28456
14891 27624
14892 19201
14893 28449
14894 27496
14895 62240
14896 27584
14897 49953
14898 58144
14899 51969
14900 28512
14901 12137
14902 17184
14903 27624
14904 28521
14905 52001
14906 49921
14907 58145
14908 60200
14909 27553
14910 28425
14911 52001
14912 27624
14913 27624
14914 37681
14915 27624
14916 27433
14917 17184
14918 55073
14919 11040
14920 49960
14921 28512
14922 39457
14923 27624
14924 53780
14925 27561
14926 28520
14927 60161
14928 27624
14929 27393
14930 38688
14931 54053
14932 53780
14933 37664
14934 53909
14935 19241
14936 27624
14937 52000
14938 27401
14939 60192
14940 28457
14941 27432
14942 27424
14943 27401
14944 60224
14945 25345
14946 27464
14947 53781
14948 16901
14949 27624
14950 19200
14951 19209
14952 49953
14953 27624
14954 17185
14955 60169
14956 55080
14957 56152
14958 28521
14959 27624
14960 28649
14961 27624
14962 27496
14963 28521
14964 27624
14965 62249
14966 27433
14967 19216
14968 27433
14969 49920
14970 53792
14971 54064
14972 25376
14973 27624
14974 27400
14975 49960
14976 39441
14977 27624
14978 27496
14979 27624
14980 27392
14981 2848
14982 54072
14983 27624
14984 27400
14985 59233
14986 27488
14987 28521
14988 54049
14989 27624
14990 5984
14991 53780
14992 54040
14993 60193
14994 51729
14995 27433
14996 55960
14997 61289
14998 54032
14999 53793
15000 54064
15001 27528
15002 27488
15003 49953
15004 28417
15005 21013
15006 55073
15007 53600
15008 25377
15009 49952
15010 54048
15011 55064
15012 28425
15013 53764
15014 54032
15015 28457
15016 49960
15017 1888
15018 61225
15019 49681
15020 58145
15021 55081
15022 60193
15023 49952
15024 27624
15025 54048
15026 37648
15027 56096
15028 49921
15029 60192
15030 27624
15031 62249
15032 53780
15033 800
15034 49961
15035 27556
15036 27624
15037 27628
15038 56024
15039 19200
15040 27456
15041 37664
15042 17184
15043 54048
15044 60192
15045 27488
15046 28425
15047 27393
15048 49960
15049 27552
15050 54048
15051 27560
15052 54056
15053 25440
15054 28525
15055 19201
15056 27393
15057 53777
15058 27496
15059 28457
15060 53780
15061 64289
15062 62248
15063 27425
15064 27624
15065 27556
15066 39440
15067 27624
15068 54033
15069 27489
15070 28520
15071 27624
15072 27624
15073 27433
15074 28512
15075 21029
15076 27501
15077 27433
15078 27616
15079 11104
15080 60161
15081 27624
15082 39441
15083 27624
15084 54016
15085 27624
15086 60201
15087 53776
15088 51968
15089 27401
15090 27496
15091 27432
15092 28457
15093 27624
15094 28425
15095 10016
15096 27433
15097 59240
15098 28425
15099 27425
15100 55096
15101 53780
15102 28425
15103 19208
15104 53808
15105 27393
15106 55832
15107 28649
15108 19241
15109 54048
15110 25376
15111 27624
15112 19241
15113 28520
15114 49952
15115 27500
15116 55073
15117 27497
15118 51969
15119 27556
15120 27624
15121 39457
15122 27624
15123 27624
15124 62248
15125 28648
15126 28449
15127 27624
15128 58153
15129 33553
15130 27624
15131 28425
15132 28425
15133 27432
15134 53780
15135 27624
15136 27624
15137 25376
15138 54048
15139 49952
15140 54064
15141 39457
15142 49952
15143 58145
15144 19201
15145 52000
15146 37664
15147 27520
15148 60160
15149 27464
15150 27401
15151 27624
15152 27624
15153 53793
15154 25352
15155 63273
15156 19232
15157 54056
15158 27496
15159 17184
15160 27496
15161 27624
15162 49953
15163 56024
15164 27496
15165 27496
15166 27624
15167 19200
15168 57129
15169 54017
15170 61225
15171 19216
15172 53780
15173 19233
15174 19232
15175 25377
15176 21281
15177 27624
15178 55960
15179 28457
15180 33568
15181 28457
15182 53780
15183 53780
15184 37680
15185 25384
15186 27560
15187 28425
15188 27496
15189 56088
15190 56088
15191 25376
15192 20233
15193 55073
15194 58144
15195 58152
15196 27496
15197 12137
15198 27552
15199 19237
15200 56105
15201 27496
15202 27624
15203 27624
15204 27488
15205 27624
15206 49920
15207 27433
15208 55073
15209 62304
15210 27624
15211 27624
15212 28456
15213 10600
15214 19213
15215 61225
15216 27624
15217 54048
15218 27584
15219 27424
15220 39712
15221 60224
15222 56104
15223 27496
15224 63265
15225 49952
15226 27624
15227 27624
15228 20265
15229 16897
15230 27624
15231 60256
15232 27624
15233 49957
15234 17192
15235 55812
15236 28456
15237 53780
15238 54048
15239 27424
15240 49936
15241 27624
15242 27556
15243 27624
15244 27616
15245 27624
15246 27624
15247 27624
15248 27624
15249 27488
15250 27393
15251 39712
15252 27624
15253 27424
15254 38752
15255 49937
15256 1888
15257 19213
15258 33592
15259 17184
15260 1888
15261 54032
15262 54048
15263 37680
15264 17184
15265 53792
15266 53600
15267 38688
15268 53600
15269 53600
15270 27624
15271 62240
15272 27401
15273 25448
15274 58208
15275 58153
15276 50992
15277 27624
15278 58272
15279 27465
15280 56088
15281 49960
15282 28489
15283 27561
15284 37392
15285 27624
15286 54048
15287 60193
15288 39441
15289 25448
15290 27592
15291 49952
15292 27616
15293 10080
15294 54048
15295 56880
15296 27564
15297 28457
15298 37648
15299 37393
15300 28521
15301 19240
15302 49960
15303 55832
15304 39713
15305 34616
15306 17185
15307 27624
15308 27433
15309 53252
15310 49952
15311 53780
15312 28513
15313 19200
15314 19200
15315 54056
15316 19296
15317 27424
15318 61193
15319 28521
15320 27624
15321 27425
15322 27624
15323 49936
15324 17185
15325 61288
15326 39713
15327 27496
15328 39441
15329 27625
15330 54056
15331 27465
15332 52001
15333 63272
15334 54016
15335 27496
15336 10600
15337 37216
15338 27393
15339 27628
15340 52000
15341 27624
15342 27500
15343 27624
15344 61217
15345 27561
15346 27624
15347 28425
15348 2848
15349 27592
15350 27624
15351 27456
15352 27624
15353 37393
15354 27496
15355 2848
15356 12137
15357 27624
15358 60256
15359 28521
15360 54064
15361 27552
15362 60192
15363 25449
15364 27624
15365 27624
15366 19240
15367 27401
15368 27496
15369 59232
15370 53284
15371 39441
15372 28457
15373 28425
15374 38712
15375 28649
15376 61288
15377 49952
15378 28457
15379 28425
15380 25376
15381 28457
15382 27496
15383 28457
15384 54048
15385 28425
15386 38760
15387 27624
15388 37665
15389 28449
15390 39441
15391 2848
15392 49961
15393 60192
15394 54056
15395 17153
15396 52008
15397 54064
15398 25377
15399 49928
15400 39712
15401 50977
15402 27624
15403 27624
15404 27496
15405 56024
15406 37681
15407 27624
15408 49960
15409 27624
15410 54052
15411 27624
15412 28521
15413 58145
15414 53780
15415 28425
15416 49952
15417 53780
15418 27552
15419 28513
15420 37648
15421 6945
15422 60192
15423 27624
15424 59169
15425 33552
15426 62249
15427 25440
15428 54024
15429 53780
15430 27552
15431 27624
15432 27552
15433 27624
15434 39444
15435 52001
15436 27624
15437 27624
15438 28521
15439 38696
15440 27624
15441 27424
15442 27496
15443 27496
15444 63264
15445 17185
15446 27592
15447 54056
15448 27624
15449 37680
15450 27564
15451 56080
15452 53780
15453 28425
15454 53780
15455 51977
15456 19213
15457 28457
15458 37665
15459 19216
15460 28457
15461 58144
15462 56104
15463 28521
15464 49937
15465 27072
15466 61288
15467 25376
15468 28521
15469 54049
15470 56024
15471 64288
15472 27496
15473 27496
15474 17184
15475 59241
15476 54052
15477 54056
15478 27624
15479 19213
15480 27624
15481 58144
15482 59169
15483 27424
15484 18961
15485 56104
15486 36900
15487 27624
15488 62240
15489 27592
15490 28425
15491 58144
15492 53765
15493 28425
15494 28521
15495 28449
15496 27624
15497 17152
15498 27628
15499 17184
15500 55832
15501 19241
15502 27393
15503 28449
15504 27624
15505 27624
15506 27457
15507 27520
15508 53909
15509 27625
15510 27624
15511 55832
15512 17152
15513 27496
15514 28424
15515 27624
15516 28648
15517 27497
15518 19201
15519 28520
15520 27624
15521 28521
15522 54064
15523 17184
15524 27624
15525 58144
15526 37664
15527 27560
15528 17184
15529 27625
15530 28521
15531 54048
15532 18949
15533 54048
15534 53764
15535 38760
15536 27528
15537 27400
15538 59240
15539 52000
15540 28457
15541 53780
15542 21013
15543 25385
15544 54064
15545 54048
15546 33576
15547 27497
15548 58144
15549 28457
15550 55809
15551 58145
15552 28649
15553 55080
15554 28425
15555 60169
15556 55064
15557 28457
15558 27560
15559 2848
15560 28457
15561 19241
15562 19336
15563 58112
15564 27624
15565 27592
15566 53025
15567 51729
15568 19213
15569 60264
15570 27624
15571 49953
15572 58144
15573 27624
15574 26473
15575 58145
15576 27624
15577 27496
15578 27628
15579 19209
15580 58216
15581 39713
15582 37216
15583 58144
15584 57120
15585 27488
15586 27628
15587 28425
15588 27624
15589 65321
15590 27496
15591 28457
15592 60201
15593 27625
15594 27425
15595 21281
15596 33553
15597 28449
15598 37216
15599 28520
15600 27624
15601 27401
15602 27496
15603 60192
15604 28521
15605 60256
15606 37672
15607 60192
15608 17185
15609 58144
15610 27560
15611 37664
15612 27464
15613 45856
15614 49952
15615 27425
15616 37664
15617 27624
15618 54032
15619 27433
15620 54064
15621 58144
15622 2848
15623 19232
15624 19200
15625 2848
15626 27592
15627 28425
15628 39457
15629 45856
15630 49928
15631 27496
15632 27624
15633 64289
15634 27401
15635 19240
15636 27496
15637 52001
15638 17185
15639 27497
15640 27393
15641 60200
15642 27624
15643 27496
15644 54064
15645 27496
15646 27556
15647 58144
15648 60265
15649 27497
15650 28457
15651 52009
15652 25377
15653 56024
15654 56105
15655 54057
15656 28425
15657 65321
15658 52000
15659 27401
15660 54065
15661 28425
15662 49952
15663 27425
15664 25377
15665 49685
15666 25377
15667 56152
15668 28521
15669 27592
15670 27584
15671 53780
15672 39440
15673 58136
15674 17185
15675 56097
15676 56104
15677 58112
15678 25376
15679 49953
15680 52001
15681 25384
15682 58272
15683 27624
15684 19233
15685 56152
15686 27553
15687 27624
15688 27624
15689 28521
15690 58272
15691 17184
15692 59177
15693 56024
15694 27432
15695 27624
15696 60201
15697 27561
15698 28521
15699 37392
15700 51992
15701 27500
15702 27592
15703 27496
15704 27624
15705 27624
15706 28456
15707 27433
15708 39713
15709 60193
15710 17184
15711 27624
15712 19237
15713 55144
15714 28425
15715 54049
15716 49953
15717 58145
15718 25384
15719 60168
15720 27496
15721 27496
15722 58208
15723 27624
15724 27560
15725 17184
15726 27496
15727 58145
15728 27624
15729 19201
15730 49944
15731 19200
15732 27433
15733 27496
15734 27624
15735 49952
15736 39457
15737 27433
15738 27624
15739 27433
15740 17168
15741 19237
15742 19233
15743 55856
15744 58144
15745 27424
15746 27401
15747 2848
15748 27425
15749 17192
15750 54056
15751 28457
15752 63273
15753 55096
15754 25376
15755 54056
15756 28521
15757 28456
15758 27432
15759 49952
15760 27424
15761 26465
15762 58145
15763 25344
15764 27624
15765 56096
15766 58136
15767 55080
15768 55960
15769 27528
15770 26408
15771 27624
15772 27560
15773 17160
15774 58272
15775 27624
15776 49960
15777 56088
15778 53780
15779 53780
15780 27560
15781 27592
15782 55072
15783 56105
15784 39441
15785 55097
15786 54048
15787 37664
15788 53780
15789 53909
15790 27624
15791 27624
15792 56104
15793 19209
15794 27496
15795 58272
15796 27624
15797 27624
15798 49953
15799 2857
15800 55812
15801 64289
15802 27624
15803 58216
15804 17153
15805 53780
15806 58144
15807 27560
15808 19224
15809 58112
15810 28489
15811 27625
15812 27560
15813 27424
15814 28456
15815 19237
15816 27624
15817 27401
15818 27560
15819 37680
15820 17184
15821 54048
15822 55073
15823 50960
15824 33568
15825 54064
15826 16917
15827 34592
15828 53776
15829 53600
15830 55096
15831 41784
15832 55096
15833 37681
15834 38696
15835 27496
15836 37664
15837 27500
15838 25349
15839 17185
15840 54056
15841 60192
15842 27624
15843 27401
15844 58145
15845 49952
15846 27425
15847 60200
15848 27400
15849 53765
15850 60169
15851 27625
15852 25349
15853 37393
15854 37393
15855 54056
15856 58152
15857 28649
15858 28457
15859 27488
15860 37648
15861 60200
15862 50977
15863 54048
15864 37393
15865 56104
15866 27624
15867 60160
15868 27628
15869 53025
15870 20233
15871 63272
15872 27624
15873 27592
15874 28457
15875 6945
15876 25440
15877 27417
15878 60192
15879 49961
15880 27401
15881 37393
15882 27624
15883 19217
15884 25376
15885 27624
15886 58144
15887 27393
15888 58144
15889 27425
15890 20265
15891 27496
15892 37425
15893 27624
15894 27433
15895 52009
15896 32553
15897 27552
15898 28521
15899 27528
15900 11040
15901 27433
15902 27624
15903 17184
15904 27528
15905 37648
15906 27552
15907 27624
15908 58272
15909 49952
15910 27497
15911 60201
15912 63272
15913 55952
15914 2848
15915 27624
15916 53781
15917 60192
15918 27624
15919 27496
15920 27592
15921 60265
15922 37681
15923 27624
15924 56088
15925 37665
15926 27624
15927 20257
15928 17184
15929 37649
15930 27624
15931 27561
15932 53793
15933 49953
15934 28457
15935 60193
15936 28649
15937 59169
15938 54048
15939 28457
15940 27464
15941 27616
15942 27561
15943 25353
15944 25353
15945 55888
15946 53781
15947 53780
15948 49952
15949 55136
15950 53780
15951 28425
15952 19232
15953 27457
15954 51729
15955 19232
15956 28489
15957 19240
15958 28649
15959 28425
15960 53780
15961 28457
15962 54048
15963 49928
15964 27624
15965 56120
15966 59169
15967 54048
15968 55081
15969 27624
15970 25376
15971 49952
15972 37680
15973 19216
15974 25377
15975 27624
15976 27624
15977 19233
15978 56096
15979 17193
15980 39473
15981 62240
15982 27616
15983 27624
15984 60200
15985 25376
15986 19296
15987 27497
15988 53760
15989 63272
15990 27624
15991 27624
15992 27497
15993 54048
15994 25345
15995 27624
15996 19209
15997 27624
15998 27624
15999 28457
16000 53780
16001 27496
16002 49961
16003 27560
16004 54017
16005 53780
16006 58145
16007 27624
16008 27497
16009 28425
16010 63336
16011 27624
16012 27497
16013 56024
16014 37664
16015 27432
16016 25377
16017 58145
16018 58144
16019 27552
16020 58144
16021 62240
16022 27624
16023 58145
16024 58272
16025 27624
16026 27624
16027 27401
16028 28425
16029 27497
16030 56024
16031 28521
16032 19225
16033 37648
16034 27616
16035 27497
16036 54049
16037 27624
16038 28457
16039 27624
16040 49936
16041 23057
16042 27457
16043 59177
16044 19232
16045 28425
16046 55832
16047 54032
16048 28457
16049 27624
16050 28425
16051 28457
16052 33632
16053 53780
16054 17185
16055 27624
16056 51000
16057 17184
16058 62249
16059 28520
16060 28457
16061 49957
16062 55832
16063 27624
16064 27433
16065 53780
16066 27401
16067 25440
16068 19208
16069 28425
16070 27624
16071 25344
16072 19217
16073 26400
16074 37649
16075 27392
16076 52001
16077 63265
16078 25441
16079 27393
16080 19232
16081 27496
16082 25441
16083 17193
16084 27560
16085 27393
16086 19240
16087 19232
16088 58144
16089 55073
16090 58152
16091 62240
16092 55825
16093 27624
16094 55952
16095 58272
16096 26952
16097 28521
16098 28521
16099 52000
16100 19232
16101 19216
16102 37409
16103 19336
16104 27592
16105 19240
16106 58144
16107 54049
16108 27624
16109 39457
16110 27624
16111 60224
16112 49953
16113 61193
16114 53780
16115 17192
16116 58145
16117 27401
16118 17153
16119 25448
16120 27465
16121 52008
16122 54048
16123 19201
16124 28456
16125 27501
16126 39440
16127 49952
16128 62240
16129 27425
16130 27624
16131 27592
16132 28425
16133 28425
16134 27624
16135 55960
16136 27624
16137 55073
16138 37648
16139 49960
16140 60265
16141 27624
16142 27497
16143 55825
16144 49952
16145 27552
16146 54057
16147 27624
16148 19233
16149 27624
16150 19209
16151 51992
16152 51000
16153 37216
16154 49936
16155 52000
16156 54049
16157 56280
16158 55088
16159 55064
16160 54072
16161 28417
16162 49944
16163 28425
16164 53797
16165 25344
16166 37216
16167 34600
16168 55072
16169 19208
16170 55088
16171 51729
16172 28425
16173 55096
16174 37665
16175 55064
16176 27417
16177 27401
16178 58153
16179 28521
16180 56104
16181 53765
16182 52009
16183 27489
16184 56097
16185 38688
16186 27624
16187 54048
16188 37425
16189 56097
16190 60224
16191 61217
16192 19296
16193 54064
16194 1888
16195 27552
16196 58272
16197 27424
16198 51969
16199 51993
16200 62241
16201 25449
16202 54056
16203 49969
16204 27393
16205 27624
16206 27496
16207 54057
16208 27528
16209 28457
16210 49952
16211 27624
16212 27624
16213 49952
16214 27496
16215 27433
16216 27624
16217 28425
16218 50985
16219 27624
16220 53809
16221 27393
16222 28457
16223 28425
16224 27624
16225 28457
16226 55080
16227 27556
16228 27624
16229 49957
16230 37648
16231 28425
16232 27592
16233 27432
16234 27488
16235 27624
16236 27624
16237 28520
16238 60192
16239 27393
16240 56105
16241 27624
16242 52008
16243 28457
16244 37665
16245 27624
16246 54048
16247 27624
16248 58272
16249 27624
16250 27496
16251 56104
16252 54048
16253 28521
16254 27393
16255 28448
16256 52009
16257 28457
16258 19241
16259 27496
16260 27628
16261 27489
16262 2849
16263 27496
16264 28417
16265 28520
16266 53540
16267 27592
16268 27624
16269 39713
16270 27464
16271 27496
16272 19240
16273 27401
16274 27624
16275 28521
16276 39440
16277 39457
16278 25448
16279 27465
16280 27497
16281 28489
16282 61225
16283 39457
16284 53780
16285 27496
16286 27433
16287 27497
16288 28457
16289 52000
16290 19233
16291 27553
16292 27624
16293 27489
16294 58112
16295 19233
16296 50968
16297 55832
16298 28425
16299 28649
16300 54032
16301 28457
16302 27624
16303 27489
16304 25441
16305 19232
16306 27497
16307 58209
16308 19224
16309 10080
16310 53761
16311 17168
16312 27433
16313 34656
16314 27560
16315 25377
16316 49944
16317 27401
16318 27465
16319 54048
16320 54056
16321 19233
16322 19304
16323 54049
16324 52001
16325 55960
16326 58152
16327 27500
16328 27628
16329 54048
16330 53780
16331 27433
16332 27560
16333 54057
16334 27528
16335 28457
16336 17192
16337 27624
16338 27624
16339 55073
16340 25504
16341 37648
16342 27425
16343 28649
16344 58145
16345 54032
16346 27496
16347 17184
16348 56097
16349 27560
16350 19213
16351 17184
16352 39473
16353 38752
16354 19240
16355 27616
16356 58144
16357 62241
16358 58144
16359 27500
16360 53780
16361 17184
16362 27624
16363 27561
16364 28521
16365 59168
16366 54048
16367 54064
16368 27497
16369 27624
16370 20233
16371 61216
16372 27497
16373 27624
16374 27496
16375 55096
16376 54056
16377 21281
16378 58145
16379 27624
16380 53760
16381 27497
16382 27496
16383 50984
16384 27624
16385 60265
16386 49961
16387 58208
16388 27592
16389 27456
16390 28425
16391 27393
16392 19237
16393 25384
16394 27624
16395 25384
16396 19240
16397 27624
16398 56096
16399 28425
16400 28649
16401 33552
16402 28489
16403 27624
16404 28425
16405 56216
16406 54064
16407 53781
16408 50984
16409 52000
16410 53033
16411 27624
16412 60193
16413 18216
16414 53765
16415 28489
16416 51985
16417 59169
16418 58272
16419 27624
16420 54053
16421 37648
16422 19233
16423 27424
16424 58272
16425 27624
16426 25377
16427 58208
16428 19233
16429 57128
16430 27400
16431 27628
16432 11112
16433 59169
16434 51977
16435 27624
16436 55080
16437 27624
16438 28489
16439 52000
16440 28513
16441 58144
16442 25441
16443 39441
16444 17185
16445 53780
16446 27624
16447 27401
16448 27496
16449 54056
16450 58144
16451 53796
16452 19336
16453 52000
16454 25376
16455 56072
16456 27624
16457 25377
16458 27489
16459 60168
16460 27496
16461 39441
16462 27393
16463 49953
16464 27497
16465 54049
16466 53780
16467 28425
16468 27624
16469 27624
16470 27496
16471 27496
16472 27624
16473 55073
16474 6945
16475 27624
16476 27400
16477 54048
16478 27624
16479 54049
16480 19240
16481 1824
16482 19200
16483 27624
16484 59233
16485 17160
16486 39441
16487 53780
16488 27616
16489 58152
16490 54056
16491 17152
16492 19237
16493 54064
16494 49952
16495 58145
16496 60200
16497 49960
16498 58152
16499 25384
16500 19233
16501 27624
16502 27433
16503 54048
16504 54057
16505 27401
16506 38760
16507 37393
16508 19201
16509 27624
16510 59169
16511 56097
16512 27393
16513 37664
16514 49952
16515 55856
16516 53600
16517 54056
16518 38696
16519 55072
16520 17185
16521 49936
16522 55073
16523 37648
16524 27624
16525 39441
16526 49952
16527 49953
16528 28457
16529 62240
16530 54064
16531 17168
16532 37393
16533 27556
16534 53765
16535 49952
16536 55856
16537 55080
16538 37648
16539 27624
16540 49952
16541 56024
16542 27624
16543 27624
16544 27489
16545 49928
16546 58208
16547 27496
16548 53776
16549 27624
16550 27624
16551 27401
16552 27424
16553 60192
16554 28525
16555 49953
16556 28525
16557 49952
16558 19233
16559 27624
16560 27496
16561 19233
16562 27497
16563 60192
16564 19200
16565 37393
16566 27624
16567 27624
16568 49920
16569 39441
16570 27628
16571 61224
16572 57128
16573 27624
16574 19233
16575 27624
16576 27561
16577 27624
16578 39457
16579 54048
16580 60264
16581 27616
16582 27624
16583 54049
16584 55824
16585 27497
16586 27496
16587 28525
16588 54032
16589 60256
16590 28521
16591 59169
16592 27624
16593 27401
16594 37664
16595 27432
16596 27496
16597 58216
16598 27433
16599 17193
16600 27465
16601 28425
16602 2848
16603 52000
16604 61216
16605 27401
16606 28425
16607 27401
16608 58272
16609 19232
16610 54048
16611 19241
16612 25376
16613 60256
16614 28449
16615 27496
16616 27624
16617 55960
16618 27433
16619 28457
16620 52000
16621 27592
16622 63336
16623 28457
16624 19241
16625 27456
16626 27400
16627 27624
16628 19296
16629 27624
16630 37648
16631 27624
16632 27560
16633 27616
16634 54049
16635 62240
16636 52000
16637 27433
16638 27624
16639 49952
16640 28457
16641 27496
16642 28457
16643 28417
16644 27624
16645 27624
16646 25377
16647 28425
16648 27401
16649 27400
16650 28457
16651 27496
16652 28425
16653 27464
16654 50976
16655 28457
16656 25385
16657 27592
16658 28457
16659 58209
16660 55960
16661 54032
16662 19224
16663 53764
16664 52000
16665 53780
16666 27424
16667 53780
16668 58144
16669 53781
16670 28425
16671 27464
16672 28425
16673 54049
16674 25440
16675 17184
16676 49936
16677 49953
16678 27497
16679 49952
16680 49968
16681 59169
16682 27488
16683 19201
16684 39441
16685 58145
16686 27624
16687 54053
16688 58144
16689 60193
16690 38752
16691 27425
16692 25385
16693 39713
16694 49936
16695 25377
16696 19241
16697 27624
16698 55072
16699 25376
16700 27465
16701 800
16702 25349
16703 27560
16704 28489
16705 27560
16706 2849
16707 27424
16708 27624
16709 19213
16710 28417
16711 19233
16712 27496
16713 28585
16714 61193
16715 54032
16716 5920
16717 28648
16718 27624
16719 56024
16720 49936
16721 27425
16722 52001
16723 19241
16724 27496
16725 60192
16726 27400
16727 27624
16728 57144
16729 60200
16730 27496
16731 27624
16732 56024
16733 62304
16734 27624
16735 58208
16736 27624
16737 27552
16738 27556
16739 27624
16740 28457
16741 19232
16742 54032
16743 27552
16744 51976
16745 27433
16746 49960
16747 25440
16748 62248
16749 27488
16750 19217
16751 28457
16752 39441
16753 56088
16754 55072
16755 54049
16756 27432
16757 64289
16758 52009
16759 19208
16760 61225
16761 25376
16762 53776
16763 56096
16764 27500
16765 58145
16766 62249
16767 56216
16768 27624
16769 27592
16770 60193
16771 59177
16772 27624
16773 54053
16774 39457
16775 61289
16776 28457
16777 60256
16778 27624
16779 54049
16780 55088
16781 33569
16782 57121
16783 52008
16784 25377
16785 39457
16786 49953
16787 1824
16788 27624
16789 27496
16790 58145
16791 19240
16792 27624
16793 54057
16794 27425
16795 54048
16796 27561
16797 54064
16798 27624
16799 28457
16800 19208
16801 27592
16802 25440
16803 28649
16804 27624
16805 27424
16806 28457
16807 19233
16808 27425
16809 19232
16810 61193
16811 27624
16812 1824
16813 58144
16814 27393
16815 56024
16816 49921
16817 27432
16818 54056
16819 19200
16820 19201
16821 27624
16822 54048
16823 64336
16824 49928
16825 39440
16826 17184
16827 27496
16828 54048
16829 49928
16830 27624
16831 27624
16832 27496
16833 27520
16834 56080
16835 55824
16836 28425
16837 27592
16838 19213
16839 27424
16840 49681
16841 27496
16842 52001
16843 60192
16844 27624
16845 27624
16846 54048
16847 52008
16848 56024
16849 55136
16850 55096
16851 58144
16852 56088
16853 54048
16854 38712
16855 27624
16856 54032
16857 28525
16858 56088
16859 51729
16860 49953
16861 54064
16862 28457
16863 37728
16864 16917
16865 37664
16866 17185
16867 38752
16868 58216
16869 27624
16870 54064
16871 27433
16872 27496
16873 19209
16874 55081
16875 54048
16876 27488
16877 56104
16878 61193
16879 38696
16880 19241
16881 45856
16882 2849
16883 27560
16884 49953
16885 49936
16886 55096
16887 27624
16888 58272
16889 49936
16890 55960
16891 27624
16892 19233
16893 27624
16894 28521
16895 57121
16896 56280
16897 27628
16898 59232
16899 25377
16900 62249
16901 49976
16902 52008
16903 62241
16904 54048
16905 28425
16906 27624
16907 25344
16908 27592
16909 17185
16910 27624
16911 60200
16912 62240
16913 58272
16914 27500
16915 27424
16916 37648
16917 55960
16918 27432
16919 27624
16920 27624
16921 49953
16922 28521
16923 60169
16924 19240
16925 60192
16926 38696
16927 27500
16928 27624
16929 27520
16930 56152
16931 28425
16932 27564
16933 28521
16934 27624
16935 54064
16936 2920
16937 19233
16938 53033
16939 59233
16940 27624
16941 54032
16942 19200
16943 19233
16944 26377
16945 25352
16946 28457
16947 25377
16948 17192
16949 50960
16950 28425
16951 28425
16952 18961
16953 2849
16954 54048
16955 60201
16956 28425
16957 27624
16958 54048
16959 28457
16960 20233
16961 27624
16962 26377
16963 19209
16964 28457
16965 37425
16966 27496
16967 27401
16968 27401
16969 27401
16970 27624
16971 27624
16972 27552
16973 27465
16974 27592
16975 28425
16976 18961
16977 27401
16978 63272
16979 27392
16980 27425
16981 20233
16982 27496
16983 27592
16984 27624
16985 27417
16986 37680
16987 54048
16988 19232
16989 27624
16990 58144
16991 53812
16992 60169
16993 39713
16994 27624
16995 27401
16996 27424
16997 25376
16998 51000
16999 60201
17000 64289
17001 27433
17002 49937
17003 28457
17004 28521
17005 27560
17006 27401
17007 26377
17008 28425
17009 28456
17010 33568
17011 27624
17012 53033
17013 25376
17014 27400
17015 27425
17016 62240
17017 27432
17018 25376
17019 54032
17020 28425
17021 28489
17022 27464
17023 55832
17024 27401
17025 28489
17026 55088
17027 27432
17028 28457
17029 27401
17030 28457
17031 25349
17032 53032
17033 55096
17034 27401
17035 27417
17036 27393
17037 55809
17038 27465
17039 58145
17040 52009
17041 25377
17042 27624
17043 27624
17044 54032
17045 28520
17046 25377
17047 55080
17048 53761
17049 27432
17050 53777
17051 20265
17052 60169
17053 50992
17054 25376
17055 60193
17056 27628
17057 49953
17058 18945
17059 52008
17060 60264
17061 27624
17062 62240
17063 27464
17064 51992
17065 19213
17066 27628
17067 58113
17068 49952
17069 54032
17070 27393
17071 49952
17072 17192
17073 27392
17074 54053
17075 27624
17076 17184
17077 27552
17078 17185
17079 55073
17080 27592
17081 28425
17082 27624
17083 25448
17084 27433
17085 27616
17086 27592
17087 54049
17088 27624
17089 27433
17090 28457
17091 27432
17092 2849
17093 19201
17094 23057
17095 27616
17096 54056
17097 27624
17098 27624
17099 28520
17100 27624
17101 27528
17102 27624
17103 49953
17104 27393
17105 28425
17106 27496
17107 28457
17108 27584
17109 58272
17110 54064
17111 27393
17112 58144
17113 27496
17114 27400
17115 54040
17116 58144
17117 27624
17118 39441
17119 58208
17120 27556
17121 60192
17122 49952
17123 17193
17124 27624
17125 19233
17126 58113
17127 62240
17128 27392
17129 27624
17130 60193
17131 27616
17132 10600
17133 60193
17134 27625
17135 27560
17136 28457
17137 49936
17138 54032
17139 28425
17140 61225
17141 25377
17142 58144
17143 27497
17144 17189
17145 55960
17146 28417
17147 55864
17148 25349
17149 55088
17150 54048
17151 17184
17152 39713
17153 27401
17154 26401
17155 49920
17156 19201
17157 27592
17158 28521
17159 49952
17160 27624
17161 55073
17162 56152
17163 19208
17164 53780
17165 27496
17166 53780
17167 20257
17168 39713
17169 52009
17170 51993
17171 27592
17172 28417
17173 27496
17174 54049
17175 27624
17176 28425
17177 27497
17178 27624
17179 11104
17180 19233
17181 27624
17182 49953
17183 28521
17184 27496
17185 27556
17186 52009
17187 51992
17188 58145
17189 56096
17190 27392
17191 49936
17192 53780
17193 28521
17194 27592
17195 27624
17196 19200
17197 26401
17198 51968
17199 53780
17200 27624
17201 37413
17202 53032
17203 27432
17204 58145
17205 27624
17206 27616
17207 19213
17208 54072
17209 27624
17210 27496
17211 28521
17212 28457
17213 17184
17214 21029
17215 53780
17216 27592
17217 57120
17218 52001
17219 27624
17220 63265
17221 54053
17222 51976
17223 28457
17224 49952
17225 28457
17226 55828
17227 27624
17228 27624
17229 27624
17230 27625
17231 55096
17232 55832
17233 49952
17234 28648
17235 38752
17236 49953
17237 27624
17238 57129
17239 58112
17240 27560
17241 26473
17242 28520
17243 27624
17244 25384
17245 49960
17246 27624
17247 60193
17248 28456
17249 27496
17250 62240
17251 27496
17252 27400
17253 58112
17254 5984
17255 10016
17256 55088
17257 53776
17258 55088
17259 52000
17260 56024
17261 62241
17262 52000
17263 53797
17264 37648
17265 54049
17266 54072
17267 18208
17268 60201
17269 59169
17270 27465
17271 54072
17272 53780
17273 25376
17274 55096
17275 17153
17276 27392
17277 62241
17278 53765
17279 53780
17280 37728
17281 49921
17282 25377
17283 54049
17284 53760
17285 55073
17286 49952
17287 53780
17288 60193
17289 38248
17290 61216
17291 51000
17292 28425
17293 53780
17294 39441
17295 37680
17296 55088
17297 27628
17298 53033
17299 19232
17300 25376
17301 55856
17302 5920
17303 53764
17304 55080
17305 49953
17306 54048
17307 37393
17308 49961
17309 19200
17310 58208
17311 56024
17312 27624
17313 27552
17314 19201
17315 27553
17316 25448
17317 27624
17318 39441
17319 27556
17320 54053
17321 27496
17322 27496
17323 52000
17324 64464
17325 59232
17326 58145
17327 27625
17328 52001
17329 34656
17330 17160
17331 53760
17332 54057
17333 26473
17334 28425
17335 2849
17336 27500
17337 62249
17338 27628
17339 25385
17340 37664
17341 49953
17342 53909
17343 27392
17344 53764
17345 59168
17346 27496
17347 53764
17348 58113
17349 17152
17350 27401
17351 5984
17352 54048
17353 39445
17354 27628
17355 27624
17356 27624
17357 62304
17358 27624
17359 33568
17360 37425
17361 62240
17362 51969
17363 27401
17364 1888
17365 55144
17366 27432
17367 37681
17368 54032
17369 56216
17370 54048
17371 27432
17372 37664
17373 27561
17374 27433
17375 37648
17376 28525
17377 50977
17378 27496
17379 39457
17380 27496
17381 17184
17382 27401
17383 54064
17384 27564
17385 54048
17386 27496
17387 27496
17388 49952
17389 27401
17390 27400
17391 55824
17392 27624
17393 19224
17394 59176
17395 20265
17396 60224
17397 27624
17398 27392
17399 59177
17400 28521
17401 11040
17402 37392
17403 19240
17404 52000
17405 28425
17406 27401
17407 28457
17408 28425
17409 28520
17410 28424
17411 58153
17412 62240
17413 37393
17414 27560
17415 55840
17416 27624
17417 39457
17418 28457
17419 28521
17420 27401
17421 27553
17422 28457
17423 27553
17424 56088
17425 55825
17426 59176
17427 28457
17428 27560
17429 17193
17430 55960
17431 27560
17432 23057
17433 27624
17434 27624
17435 62240
17436 27424
17437 27592
17438 27624
17439 27433
17440 27465
17441 37409
17442 27401
17443 27433
17444 27496
17445 49936
17446 53909
17447 27401
17448 28457
17449 27624
17450 59177
17451 27424
17452 2849
17453 58113
17454 58145
17455 59169
17456 59241
17457 10016
17458 27624
17459 27432
17460 27552
17461 17160
17462 53025
17463 28521
17464 49960
17465 27624
17466 28457
17467 28457
17468 54056
17469 27425
17470 27497
17471 39713
17472 54040
17473 49953
17474 58145
17475 55824
17476 28521
17477 27560
17478 28525
17479 27624
17480 56152
17481 28457
17482 51000
17483 27401
17484 27624
17485 27401
17486 60193
17487 19233
17488 27496
17489 27564
17490 50960
17491 49953
17492 26409
17493 27496
17494 37425
17495 19201
17496 26408
17497 19233
17498 61225
17499 51968
17500 27401
17501 28425
17502 54049
17503 27425
17504 52001
17505 49936
17506 27496
17507 49952
17508 52001
17509 27560
17510 58144
17511 54048
17512 27496
17513 51985
17514 49953
17515 27624
17516 58144
17517 28425
17518 52008
17519 28649
17520 27497
17521 27624
17522 27624
17523 25344
17524 28457
17525 27401
17526 27401
17527 25377
17528 53780
17529 17192
17530 49961
17531 52009
17532 17184
17533 25504
17534 49960
17535 25352
17536 27392
17537 27424
17538 54064
17539 26952
17540 28457
17541 54033
17542 55856
17543 27400
17544 54048
17545 56072
17546 28649
17547 57121
17548 55080
17549 60192
17550 49685
17551 55073
17552 49961
17553 61281
17554 27624
17555 27401
17556 28448
17557 28425
17558 58144
17559 55832
17560 27432
17561 27497
17562 27497
17563 19224
17564 54073
17565 25448
17566 27624
17567 27624
17568 58113
17569 27564
17570 28521
17571 26952
17572 27624
17573 54048
17574 17184
17575 49953
17576 17153
17577 25376
17578 27628
17579 49952
17580 27624
17581 27560
17582 60193
17583 27425
17584 39441
17585 27624
17586 10600
17587 55832
17588 27432
17589 53780
17590 49952
17591 27464
17592 27624
17593 58272
17594 27624
17595 55824
17596 27624
17597 19304
17598 27425
17599 58144
17600 49952
17601 27624
17602 27400
17603 28457
17604 54048
17605 27564
17606 27624
17607 49953
17608 28521
17609 27496
17610 19216
17611 49953
17612 49952
17613 53780
17614 49953
17615 53780
17616 27624
17617 25440
17618 49952
17619 52001
17620 56024
17621 58216
17622 49960
17623 19209
17624 27624
17625 28425
17626 18208
17627 19232
17628 49937
17629 60376
17630 28649
17631 62240
17632 27496
17633 28521
17634 25441
17635 19233
17636 27624
17637 49952
17638 49953
17639 27624
17640 18209
17641 39713
17642 27401
17643 28649
17644 27624
17645 27584
17646 61288
17647 28457
17648 28425
17649 49960
17650 28425
17651 49960
17652 53780
17653 49953
17654 19201
17655 25376
17656 53781
17657 58145
17658 58144
17659 49952
17660 19233
17661 17184
17662 57129
17663 52000
17664 28457
17665 58145
17666 56097
17667 27624
17668 54052
17669 19240
17670 27592
17671 56104
17672 38752
17673 39440
17674 37393
17675 49952
17676 11112
17677 27624
17678 28649
17679 28457
17680 27488
17681 19213
17682 49960
17683 55832
17684 54072
17685 27560
17686 27624
17687 54048
17688 20257
17689 61281
17690 53780
17691 27624
17692 56088
17693 55812
17694 25345
17695 2857
17696 27497
17697 60264
17698 53793
17699 55960
17700 27624
17701 52000
17702 27520
17703 54064
17704 27624
17705 27560
17706 58145
17707 58113
17708 19232
17709 27624
17710 53780
17711 55088
17712 28425
17713 19208
17714 19304
17715 27624
17716 27624
17717 27497
17718 27497
17719 54040
17720 17193
17721 33568
17722 54048
17723 58209
17724 62241
17725 27624
17726 27624
17727 27465
17728 19216
17729 27624
17730 11112
17731 63264
17732 27624
17733 27424
17734 27624
17735 60193
17736 28521
17737 19209
17738 54048
17739 25440
17740 27592
17741 64464
17742 27392
17743 25344
17744 55952
17745 27401
17746 49920
17747 58113
17748 52008
17749 28425
17750 27488
17751 19304
17752 52008
17753 63265
17754 28521
17755 62312
17756 60192
17757 28520
17758 27624
17759 56097
17760 25376
17761 52008
17762 19200
17763 58145
