Point_ID Label
0 32273
1 33061
2 54328
3 27280
4 49332
5 25498
6 62379
7 56888
8 49628
9 49509
10 53605
11 29611
12 293
13 25370
14 25498
15 4453
16 56681
17 49509
18 27552
19 25498
20 49960
21 56681
22 56681
23 2593
24 49573
25 357
26 28449
27 2400
28 56681
29 49573
30 64129
31 25498
32 17157
33 5477
34 49509
35 10157
36 14184
37 25376
38 63471
39 56681
40 27544
41 26409
42 40484
43 49509
44 56681
45 49509
46 5472
47 49509
48 53605
49 53605
50 33061
51 16740
52 9196
53 49573
54 32289
55 55073
56 10080
57 32277
58 40508
59 29678
60 56681
61 56881
62 27153
63 27544
64 51000
65 2393
66 49509
67 33125
68 56881
69 53605
70 49636
71 49562
72 56681
73 58144
74 56881
75 2840
76 60033
77 25582
78 53605
79 5477
80 26464
81 28161
82 14176
83 53605
84 49509
85 49509
86 10157
87 58273
88 4920
89 2400
90 49509
91 49509
92 53605
93 29678
94 23057
95 49445
96 5473
97 17188
98 49509
99 33125
100 56681
101 53605
102 63471
103 56881
104 32273
105 4449
106 20265
107 49636
108 872
109 56681
110 53605
111 49573
112 49509
113 56881
114 49636
115 40508
116 62379
117 49509
118 33125
119 14176
120 10157
121 62113
122 17189
123 56681
124 49509
125 49509
126 56880
127 56681
128 53605
129 32257
130 32261
131 32273
132 53605
133 15000
134 56673
135 62083
136 49509
137 33125
138 32273
139 49509
140 27544
141 49509
142 10080
143 56888
144 53605
145 23041
146 9196
147 49509
148 11797
149 33125
150 64865
151 49957
152 19384
153 53176
154 49445
155 4920
156 40508
157 53605
158 5984
159 56681
160 2968
161 49509
162 49636
163 49636
164 10157
165 61797
166 32277
167 63469
168 53605
169 2400
170 58144
171 49509
172 49509
173 56888
174 922
175 65217
176 49509
177 2970
178 55832
179 62371
180 49509
181 19209
182 56681
183 51000
184 49332
185 49636
186 23041
187 53605
188 32273
189 49509
190 53605
191 55955
192 2392
193 25496
194 32277
195 32277
196 61121
197 26474
198 17178
199 53605
200 18248
201 49509
202 63471
203 10080
204 49509
205 19288
206 53604
207 56681
208 49509
209 56888
210 61797
211 6409
212 49509
213 56681
214 54049
215 32273
216 49509
217 4920
218 805
219 53605
220 56681
221 5473
222 47021
223 63471
224 64865
225 53813
226 56681
227 54629
228 64129
229 49509
230 51000
231 19209
232 5472
233 26536
234 53605
235 10080
236 58272
237 49509
238 32257
239 56673
240 23881
241 49445
242 56888
243 53605
244 4920
245 55808
246 56681
247 56865
248 32273
249 357
250 53176
251 49509
252 27153
253 56681
254 53605
255 5472
256 24065
257 53605
258 60035
259 5477
260 28449
261 23041
262 52920
263 49509
264 50138
265 56880
266 25560
267 29611
268 40484
269 49636
270 33125
271 17306
272 56681
273 54840
274 32277
275 49957
276 49509
277 25560
278 49509
279 54833
280 2328
281 53605
282 49636
283 49445
284 25580
285 5984
286 56889
287 25506
288 49573
289 61281
290 11809
291 56681
292 65121
293 56881
294 56888
295 17157
296 56881
297 1888
298 40508
299 49509
300 50533
301 52920
302 32273
303 56681
304 56673
305 14176
306 4984
307 49636
308 49509
309 63471
310 53605
311 2329
312 25370
313 58138
314 4449
315 1829
316 52920
317 50074
318 32277
319 53605
320 19209
321 49509
322 56889
323 32273
324 2377
325 49509
326 49573
327 56681
328 4920
329 49636
330 17152
331 49573
332 16788
333 56880
334 49508
335 55857
336 49509
337 53605
338 10157
339 29544
340 10080
341 29611
342 27280
343 51000
344 49509
345 50533
346 27528
347 28177
348 32273
349 49509
350 49509
351 5473
352 53605
353 4449
354 29603
355 29678
356 25498
357 49637
358 53605
359 27153
360 3849
361 49636
362 5472
363 55832
364 56888
365 49444
366 3425
367 49509
368 32277
369 33125
370 56681
371 19352
372 53605
373 53604
374 49509
375 14176
376 2400
377 49573
378 28177
379 27425
380 64129
381 63471
382 53605
383 5473
384 62240
385 53176
386 5473
387 10157
388 26458
389 49445
390 32277
391 49509
392 49509
393 52000
394 49509
395 29328
396 49509
397 17308
398 33125
399 49636
400 49509
401 56681
402 49572
403 49509
404 56681
405 18977
406 56888
407 17304
408 53605
409 61796
410 3425
411 61281
412 17306
413 60033
414 54841
415 49509
416 49573
417 61797
418 53605
419 56681
420 53605
421 25432
422 5472
423 24065
424 11797
425 64001
426 32257
427 53605
428 53605
429 10033
430 16933
431 15893
432 15893
433 49509
434 49636
435 10149
436 49636
437 49573
438 53605
439 40484
440 49509
441 56881
442 50074
443 5473
444 49636
445 25498
446 56673
447 49509
448 2329
449 56681
450 56888
451 63465
452 49509
453 2393
454 49636
455 53605
456 9196
457 32273
458 56681
459 56681
460 26474
461 56888
462 53605
463 53605
464 62371
465 2849
466 53605
467 49562
468 53605
469 55808
470 49509
471 53612
472 18944
473 19256
474 49509
475 49573
476 53605
477 27560
478 23885
479 293
480 49509
481 25496
482 31377
483 62379
484 49509
485 2328
486 2400
487 49573
488 49573
489 52920
490 26474
491 49637
492 56888
493 14176
494 56888
495 56881
496 10029
497 14176
498 49509
499 33125
500 49508
501 25498
502 49332
503 5984
504 357
505 6409
506 5984
507 60192
508 56681
509 49509
510 52920
511 49509
512 33125
513 56888
514 56681
515 56681
516 4449
517 49509
518 40508
519 52920
520 10080
521 63465
522 53604
523 63471
524 49445
525 52001
526 49508
527 10080
528 2593
529 49509
530 53605
531 49508
532 56888
533 53605
534 32257
535 49509
536 55077
537 57701
538 49509
539 49636
540 23041
541 25578
542 49636
543 53605
544 49445
545 53605
546 25370
547 55073
548 49636
549 10033
550 56681
551 63403
552 27425
553 25344
554 61153
555 56681
556 56888
557 33125
558 293
559 49509
560 49509
561 56681
562 10080
563 49508
564 25370
565 53604
566 56617
567 49636
568 25434
569 40508
570 5984
571 23041
572 52920
573 49509
574 53601
575 49509
576 52920
577 15004
578 51000
579 65153
580 53564
581 61121
582 49509
583 64865
584 49445
585 32273
586 27552
587 56681
588 49509
589 49444
590 49509
591 5473
592 25576
593 64129
594 63272
595 49509
596 49573
597 49636
598 49509
599 15004
600 53605
601 53048
602 56673
603 10080
604 32273
605 58144
606 49637
607 4453
608 49509
609 32273
610 53605
611 63403
612 28193
613 49509
614 2400
615 53605
616 293
617 32277
618 51000
619 56881
620 40508
621 49509
622 25582
623 53605
624 10081
625 63471
626 59168
627 49445
628 49636
629 25381
630 56888
631 65377
632 64865
633 29611
634 49636
635 64033
636 4453
637 32257
638 26153
639 56681
640 25498
641 63471
642 49509
643 56881
644 53605
645 33125
646 49509
647 10157
648 61281
649 53605
650 49508
651 293
652 53613
653 49509
654 16796
655 14176
656 56888
657 49636
658 25370
659 27560
660 856
661 49509
662 49573
663 40508
664 25370
665 63471
666 56880
667 2393
668 53605
669 60033
670 25580
671 49508
672 50074
673 10157
674 53605
675 32277
676 25582
677 4968
678 49573
679 56681
680 10157
681 53048
682 10080
683 29676
684 2392
685 49697
686 14253
687 25498
688 16788
689 14177
690 56881
691 5984
692 10029
693 49509
694 56881
695 56881
696 60033
697 56673
698 53605
699 49636
700 56681
701 49509
702 20837
703 25370
704 60129
705 53605
706 37221
707 49509
708 49509
709 53605
710 64865
711 54049
712 49509
713 49509
714 49636
715 15004
716 63471
717 49573
718 40484
719 23057
720 3425
721 56681
722 53797
723 4920
724 49332
725 5984
726 1829
727 33125
728 14176
729 25440
730 49509
731 57701
732 16677
733 56888
734 15004
735 49573
736 26153
737 5473
738 32277
739 49509
740 56416
741 27544
742 49509
743 33125
744 33125
745 28177
746 15004
747 53605
748 17306
749 49509
750 53605
751 60033
752 49509
753 64097
754 53605
755 5477
756 49636
757 49960
758 49509
759 27560
760 63407
761 53605
762 53176
763 5984
764 53605
765 49509
766 10157
767 15004
768 2393
769 28177
770 53605
771 53605
772 49509
773 56681
774 4920
775 25562
776 53605
777 2840
778 49509
779 25578
780 16788
781 53605
782 53605
783 29678
784 56681
785 2970
786 33061
787 49509
788 32277
789 26536
790 53605
791 25514
792 56881
793 53605
794 2841
795 40484
796 49509
797 49445
798 53605
799 24065
800 1829
801 53605
802 2393
803 10157
804 40484
805 25512
806 25368
807 56881
808 53605
809 25488
810 49509
811 4449
812 64865
813 61153
814 28177
815 20256
816 2393
817 5473
818 49509
819 29678
820 49509
821 55809
822 49509
823 60193
824 49636
825 21029
826 49516
827 5473
828 62360
829 53605
830 49509
831 23057
832 56880
833 49509
834 62083
835 51000
836 64865
837 49573
838 2970
839 32257
840 54841
841 33125
842 4449
843 64097
844 49636
845 53605
846 29678
847 56681
848 56681
849 28177
850 53605
851 32277
852 49509
853 37229
854 888
855 49509
856 49573
857 27552
858 55809
859 53605
860 49596
861 60033
862 15893
863 64865
864 61281
865 54816
866 49445
867 32273
868 49636
869 49509
870 61281
871 52920
872 63471
873 56681
874 17306
875 17306
876 1829
877 49637
878 51000
879 53605
880 51000
881 7529
882 49509
883 56888
884 60033
885 25370
886 56681
887 56888
888 49508
889 49636
890 49508
891 2968
892 25480
893 53605
894 56681
895 53605
896 32273
897 10157
898 32261
899 65025
900 49636
901 4920
902 56881
903 53605
904 49636
905 56881
906 49509
907 49509
908 2968
909 49573
910 49509
911 61121
912 56681
913 52920
914 17306
915 40508
916 63469
917 9196
918 40508
919 63401
920 32273
921 17248
922 49445
923 53605
924 53176
925 65376
926 53605
927 56681
928 49509
929 63471
930 33125
931 56681
932 32277
933 49509
934 25498
935 29603
936 15004
937 2381
938 53541
939 53605
940 53605
941 5477
942 26408
943 33125
944 4453
945 56681
946 29345
947 856
948 55093
949 17306
950 56681
951 58152
952 10080
953 32277
954 56888
955 53605
956 63715
957 25496
958 54629
959 63471
960 56681
961 56888
962 63715
963 53541
964 2377
965 32273
966 61797
967 56681
968 54629
969 19209
970 32257
971 2904
972 56681
973 56881
974 53605
975 63465
976 53605
977 32273
978 2825
979 2393
980 922
981 64865
982 32277
983 16788
984 49504
985 56881
986 26458
987 60033
988 56681
989 56888
990 61797
991 56673
992 62379
993 56888
994 53605
995 18216
996 56888
997 10029
998 33061
999 56681
1000 65121
1001 5992
1002 53605
1003 64097
1004 56681
1005 51000
1006 54840
1007 37221
1008 2393
1009 56681
1010 64865
1011 29611
1012 2393
1013 53176
1014 64129
1015 53048
1016 2393
1017 56681
1018 17304
1019 49509
1020 56681
1021 53605
1022 25480
1023 56889
1024 49952
1025 27152
1026 3401
1027 27544
1028 56881
1029 59937
1030 56681
1031 56889
1032 57828
1033 56681
1034 2393
1035 49509
1036 56681
1037 64129
1038 29611
1039 56888
1040 10157
1041 1829
1042 56681
1043 61121
1044 55808
1045 56681
1046 26153
1047 2400
1048 37221
1049 27152
1050 56888
1051 63471
1052 62379
1053 19352
1054 49332
1055 2329
1056 7497
1057 32277
1058 25514
1059 53605
1060 10080
1061 56681
1062 10157
1063 55955
1064 14176
1065 17306
1066 64097
1067 58272
1068 29610
1069 56681
1070 63471
1071 2970
1072 53605
1073 32277
1074 25370
1075 10157
1076 63471
1077 32273
1078 29611
1079 56888
1080 56888
1081 25498
1082 29611
1083 56888
1084 50072
1085 18713
1086 32277
1087 4984
1088 2970
1089 32273
1090 17168
1091 25562
1092 2970
1093 53176
1094 5984
1095 56888
1096 32273
1097 57792
1098 25498
1099 56681
1100 19200
1101 5472
1102 55809
1103 2393
1104 56889
1105 33125
1106 53284
1107 31249
1108 63471
1109 32277
1110 56681
1111 32277
1112 53605
1113 60033
1114 5992
1115 17306
1116 32277
1117 2393
1118 2393
1119 53605
1120 50072
1121 61797
1122 56849
1123 17306
1124 32277
1125 2840
1126 33125
1127 32277
1128 32257
1129 56681
1130 65089
1131 53048
1132 32277
1133 2329
1134 55136
1135 2377
1136 33125
1137 56681
1138 56681
1139 2840
1140 10157
1141 51000
1142 28177
1143 27544
1144 57129
1145 19224
1146 10025
1147 63715
1148 56681
1149 49509
1150 64873
1151 53048
1152 62379
1153 25370
1154 53605
1155 56888
1156 18765
1157 58209
1158 2377
1159 49509
1160 25562
1161 56681
1162 56681
1163 56681
1164 10080
1165 64865
1166 56681
1167 58280
1168 49509
1169 56681
1170 17189
1171 51000
1172 49509
1173 65377
1174 56681
1175 2328
1176 56681
1177 26413
1178 19272
1179 60033
1180 10157
1181 56681
1182 56681
1183 49636
1184 49445
1185 32277
1186 63272
1187 49562
1188 64129
1189 18272
1190 2393
1191 59232
1192 56681
1193 16860
1194 17304
1195 49509
1196 27544
1197 56681
1198 26474
1199 27416
1200 26401
1201 2376
1202 28177
1203 2377
1204 63272
1205 56881
1206 65121
1207 32277
1208 32277
1209 49509
1210 54328
1211 56681
1212 2328
1213 56633
1214 56888
1215 2392
1216 60033
1217 56681
1218 2849
1219 56681
1220 10157
1221 56681
1222 29611
1223 10157
1224 2409
1225 53605
1226 56681
1227 10080
1228 56888
1229 26458
1230 60033
1231 56888
1232 55841
1233 53605
1234 56681
1235 7497
1236 10033
1237 2393
1238 14176
1239 32277
1240 63288
1241 1829
1242 2393
1243 19352
1244 56681
1245 16748
1246 32273
1247 49332
1248 60033
1249 53605
1250 27544
1251 56673
1252 62379
1253 56888
1254 10017
1255 56681
1256 10080
1257 2328
1258 56681
1259 2393
1260 56681
1261 29611
1262 33125
1263 63469
1264 27137
1265 60129
1266 2328
1267 25562
1268 2377
1269 49509
1270 16796
1271 63336
1272 27136
1273 64097
1274 26392
1275 32277
1276 49509
1277 56888
1278 56680
1279 56681
1280 2377
1281 29611
1282 10157
1283 33125
1284 56673
1285 60033
1286 56681
1287 2400
1288 53605
1289 32257
1290 63471
1291 50976
1292 65089
1293 2328
1294 23885
1295 53605
1296 17306
1297 10157
1298 63471
1299 56888
1300 53605
1301 17304
1302 10029
1303 63471
1304 56681
1305 56888
1306 49332
1307 29611
1308 56888
1309 51000
1310 18761
1311 32277
1312 10025
1313 17304
1314 14176
1315 2393
1316 56888
1317 56888
1318 29609
1319 63272
1320 14253
1321 56888
1322 53605
1323 56888
1324 49509
1325 25515
1326 32273
1327 28177
1328 51000
1329 54328
1330 51000
1331 63471
1332 10080
1333 62371
1334 56888
1335 53605
1336 2393
1337 63469
1338 56888
1339 49509
1340 50138
1341 7497
1342 50138
1343 10080
1344 49509
1345 56888
1346 64161
1347 63469
1348 29611
1349 32277
1350 24065
1351 10157
1352 25498
1353 17304
1354 33061
1355 53604
1356 10080
1357 28177
1358 10157
1359 53048
1360 56888
1361 53605
1362 63471
1363 14176
1364 56888
1365 53605
1366 29678
1367 19224
1368 56681
1369 56888
1370 28161
1371 53605
1372 62379
1373 56888
1374 63471
1375 50138
1376 40508
1377 19384
1378 49509
1379 11797
1380 51000
1381 25514
1382 50072
1383 54840
1384 49509
1385 56888
1386 51000
1387 4449
1388 64129
1389 25515
1390 51000
1391 29611
1392 2393
1393 53605
1394 2393
1395 51000
1396 29611
1397 57121
1398 52920
1399 56681
1400 49560
1401 53605
1402 56888
1403 19352
1404 19352
1405 52024
1406 18216
1407 55955
1408 11809
1409 53613
1410 61121
1411 25434
1412 56888
1413 17306
1414 56888
1415 56888
1416 62371
1417 53549
1418 47021
1419 62371
1420 49508
1421 51000
1422 10029
1423 53176
1424 10080
1425 17306
1426 56888
1427 51000
1428 51000
1429 49445
1430 10157
1431 56681
1432 26408
1433 17306
1434 56416
1435 2970
1436 56888
1437 25434
1438 51000
1439 64033
1440 5473
1441 51000
1442 57121
1443 51000
1444 62379
1445 56888
1446 63471
1447 56881
1448 63471
1449 63471
1450 58144
1451 25514
1452 49509
1453 17306
1454 2377
1455 56888
1456 25515
1457 29609
1458 10157
1459 56888
1460 53605
1461 40484
1462 56888
1463 49509
1464 56888
1465 60033
1466 11797
1467 10080
1468 65377
1469 63403
1470 10080
1471 63469
1472 53605
1473 53605
1474 52120
1475 61797
1476 53048
1477 2377
1478 856
1479 5473
1480 53605
1481 63715
1482 63471
1483 25514
1484 56888
1485 23041
1486 11797
1487 51000
1488 17306
1489 28177
1490 61797
1491 32257
1492 28177
1493 51000
1494 55096
1495 56888
1496 63471
1497 856
1498 56888
1499 53605
1500 55955
1501 2392
1502 56888
1503 25507
1504 56633
1505 56681
1506 19224
1507 53605
1508 49508
1509 50074
1510 49509
1511 47021
1512 53605
1513 32277
1514 62371
1515 49509
1516 56888
1517 4453
1518 60033
1519 62379
1520 25434
1521 53605
1522 63471
1523 19352
1524 54840
1525 10029
1526 32277
1527 2393
1528 56681
1529 17184
1530 63471
1531 56888
1532 40508
1533 49628
1534 10157
1535 25432
1536 17306
1537 51000
1538 63471
1539 53605
1540 52920
1541 56609
1542 53048
1543 14176
1544 2393
1545 64129
1546 17306
1547 56888
1548 63471
1549 56888
1550 56888
1551 29603
1552 17306
1553 29611
1554 54833
1555 49920
1556 32277
1557 49509
1558 29611
1559 10081
1560 14176
1561 58149
1562 25498
1563 56888
1564 25498
1565 14176
1566 49509
1567 52152
1568 2377
1569 2393
1570 10157
1571 64001
1572 25432
1573 40508
1574 25370
1575 51000
1576 53048
1577 55841
1578 25370
1579 51000
1580 62817
1581 63471
1582 2522
1583 27560
1584 2522
1585 55864
1586 27520
1587 25434
1588 856
1589 25498
1590 25488
1591 3401
1592 62240
1593 5472
1594 18945
1595 53813
1596 52152
1597 2328
1598 56888
1599 63715
1600 53605
1601 32277
1602 56681
1603 53605
1604 64033
1605 32277
1606 61797
1607 61793
1608 57701
1609 53541
1610 49628
1611 53605
1612 49509
1613 2328
1614 32277
1615 53541
1616 2393
1617 53605
1618 17304
1619 56681
1620 56681
1621 2329
1622 32277
1623 32277
1624 65121
1625 57792
1626 56681
1627 56888
1628 53605
1629 33125
1630 56888
1631 9064
1632 49453
1633 56681
1634 14176
1635 872
1636 18840
1637 49509
1638 25496
1639 56681
1640 56417
1641 51000
1642 56681
1643 29611
1644 56681
1645 10025
1646 60033
1647 10157
1648 56681
1649 56681
1650 62371
1651 357
1652 59168
1653 32277
1654 63469
1655 63403
1656 25498
1657 49573
1658 60033
1659 53048
1660 2393
1661 49509
1662 38760
1663 25498
1664 49509
1665 50088
1666 18760
1667 23041
1668 60033
1669 56881
1670 5477
1671 32277
1672 49509
1673 56881
1674 56681
1675 2329
1676 64865
1677 49509
1678 10029
1679 32273
1680 56681
1681 53605
1682 56681
1683 1888
1684 32277
1685 53605
1686 65057
1687 60097
1688 64865
1689 56888
1690 64001
1691 2393
1692 53605
1693 55841
1694 49560
1695 18765
1696 56881
1697 2377
1698 56881
1699 1829
1700 824
1701 49953
1702 56681
1703 2329
1704 26413
1705 50992
1706 2970
1707 28181
1708 64097
1709 25576
1710 56681
1711 26405
1712 53605
1713 33125
1714 56681
1715 2393
1716 29608
1717 63469
1718 10157
1719 56681
1720 49509
1721 58145
1722 26536
1723 32277
1724 64129
1725 2377
1726 56881
1727 62817
1728 65384
1729 56892
1730 2393
1731 10157
1732 56673
1733 56681
1734 17176
1735 65089
1736 49944
1737 2329
1738 10157
1739 64225
1740 52120
1741 62371
1742 2393
1743 60033
1744 58144
1745 56681
1746 49944
1747 10033
1748 6409
1749 17306
1750 4453
1751 64033
1752 63471
1753 56681
1754 17304
1755 53605
1756 3401
1757 49509
1758 2377
1759 56681
1760 33125
1761 2968
1762 59176
1763 51000
1764 922
1765 2393
1766 16796
1767 60033
1768 56888
1769 56673
1770 56681
1771 2393
1772 888
1773 53605
1774 25580
1775 53605
1776 57701
1777 56888
1778 10080
1779 32277
1780 60033
1781 56681
1782 2393
1783 10025
1784 53600
1785 10157
1786 56673
1787 2329
1788 29611
1789 2393
1790 2381
1791 51000
1792 25512
1793 60033
1794 2377
1795 49509
1796 56888
1797 29592
1798 56681
1799 2522
1800 10029
1801 65377
1802 51000
1803 7533
1804 10157
1805 32277
1806 56888
1807 53605
1808 56681
1809 56681
1810 49953
1811 2393
1812 32273
1813 40484
1814 15000
1815 62371
1816 64129
1817 2393
1818 64865
1819 872
1820 56681
1821 56617
1822 56681
1823 49562
1824 10080
1825 56681
1826 26409
1827 40508
1828 56617
1829 56681
1830 63471
1831 53604
1832 49445
1833 53813
1834 26413
1835 49944
1836 49509
1837 63336
1838 56881
1839 63471
1840 64129
1841 26474
1842 56633
1843 25432
1844 49636
1845 63400
1846 2393
1847 872
1848 17178
1849 25498
1850 53048
1851 23041
1852 56888
1853 17306
1854 53541
1855 56681
1856 53605
1857 50104
1858 54072
1859 60033
1860 10157
1861 26153
1862 56681
1863 25434
1864 49637
1865 33125
1866 56377
1867 64129
1868 29611
1869 53605
1870 26153
1871 16860
1872 33125
1873 25434
1874 53605
1875 56617
1876 53048
1877 49937
1878 61217
1879 25496
1880 56888
1881 62379
1882 32273
1883 922
1884 10029
1885 56888
1886 31521
1887 62305
1888 54056
1889 56681
1890 53541
1891 49508
1892 25562
1893 26458
1894 17189
1895 51000
1896 32273
1897 25498
1898 63400
1899 25232
1900 56888
1901 53605
1902 64129
1903 56888
1904 53605
1905 56633
1906 2393
1907 49508
1908 60033
1909 56681
1910 25576
1911 29611
1912 49440
1913 32277
1914 2393
1915 63471
1916 26409
1917 53541
1918 10157
1919 13997
1920 2393
1921 2393
1922 55832
1923 40508
1924 56881
1925 25506
1926 56888
1927 17304
1928 51000
1929 4920
1930 32277
1931 29608
1932 40504
1933 29603
1934 56888
1935 56888
1936 10157
1937 2393
1938 56681
1939 56888
1940 32277
1941 63471
1942 56888
1943 17306
1944 53605
1945 29676
1946 56888
1947 53605
1948 53808
1949 49637
1950 53605
1951 56888
1952 2393
1953 29611
1954 10157
1955 25434
1956 53605
1957 2377
1958 32261
1959 62083
1960 32273
1961 2840
1962 18961
1963 56881
1964 29611
1965 5472
1966 40484
1967 56681
1968 49636
1969 27153
1970 55096
1971 52920
1972 49509
1973 32277
1974 56889
1975 64001
1976 63469
1977 49445
1978 50138
1979 56888
1980 49509
1981 56881
1982 29611
1983 32277
1984 53048
1985 13997
1986 25498
1987 56617
1988 56888
1989 62360
1990 56888
1991 56673
1992 53605
1993 29603
1994 17192
1995 53048
1996 25498
1997 60033
1998 53048
1999 63471
2000 56681
2001 16794
2002 49636
2003 63400
2004 56888
2005 2393
2006 61121
2007 53605
2008 53605
2009 56681
2010 56881
2011 56888
2012 53605
2013 56681
2014 62371
2015 56673
2016 25512
2017 56888
2018 17157
2019 2393
2020 26157
2021 2377
2022 56888
2023 61025
2024 32257
2025 49953
2026 51000
2027 55144
2028 51000
2029 4984
2030 32277
2031 40508
2032 2328
2033 29611
2034 805
2035 28161
2036 63272
2037 64129
2038 10080
2039 7497
2040 56681
2041 56881
2042 56888
2043 63471
2044 55073
2045 25368
2046 64033
2047 56888
2048 52920
2049 53605
2050 19241
2051 49636
2052 56888
2053 56681
2054 25514
2055 23881
2056 25514
2057 10029
2058 50992
2059 49636
2060 47021
2061 27432
2062 14176
2063 10157
2064 53601
2065 54817
2066 26458
2067 32277
2068 32277
2069 16788
2070 29611
2071 5984
2072 25498
2073 56888
2074 10157
2075 56881
2076 56681
2077 17306
2078 25514
2079 25507
2080 60033
2081 56889
2082 63464
2083 63471
2084 29611
2085 25434
2086 19352
2087 53605
2088 10080
2089 27153
2090 56889
2091 56881
2092 49508
2093 27264
2094 10021
2095 56673
2096 53605
2097 60033
2098 10017
2099 53605
2100 56681
2101 53605
2102 56881
2103 32277
2104 52001
2105 2377
2106 32273
2107 2841
2108 56888
2109 2393
2110 56889
2111 54817
2112 49976
2113 64129
2114 57701
2115 53605
2116 56681
2117 56888
2118 11813
2119 56681
2120 3425
2121 56673
2122 65377
2123 56681
2124 51000
2125 56681
2126 29611
2127 56681
2128 56888
2129 49445
2130 10157
2131 10080
2132 56681
2133 56681
2134 33061
2135 32273
2136 27544
2137 49509
2138 60035
2139 27544
2140 25498
2141 18208
2142 2970
2143 63336
2144 2393
2145 64129
2146 56888
2147 53605
2148 27137
2149 16794
2150 32277
2151 56880
2152 61861
2153 56681
2154 56681
2155 2840
2156 65121
2157 56681
2158 10157
2159 61797
2160 56681
2161 2313
2162 28181
2163 53605
2164 60035
2165 54573
2166 57697
2167 2377
2168 53605
2169 25370
2170 25480
2171 18697
2172 2377
2173 54056
2174 53176
2175 60033
2176 56681
2177 56681
2178 10157
2179 51000
2180 25432
2181 63273
2182 56681
2183 2393
2184 27544
2185 2825
2186 27137
2187 17306
2188 49573
2189 16796
2190 60033
2191 2393
2192 56881
2193 2328
2194 29592
2195 2393
2196 61797
2197 25472
2198 64865
2199 27137
2200 56681
2201 51000
2202 53605
2203 40508
2204 17306
2205 25368
2206 28177
2207 2328
2208 52008
2209 54325
2210 57816
2211 56617
2212 56880
2213 53605
2214 53537
2215 56681
2216 2392
2217 53605
2218 56681
2219 53604
2220 49628
2221 26413
2222 56681
2223 56681
2224 52920
2225 25512
2226 61804
2227 28177
2228 64033
2229 25498
2230 56681
2231 56681
2232 2393
2233 18944
2234 24065
2235 56881
2236 49509
2237 61121
2238 33125
2239 2393
2240 10157
2241 25516
2242 49636
2243 25498
2244 18248
2245 7497
2246 23881
2247 56888
2248 33125
2249 60033
2250 50104
2251 2393
2252 53605
2253 54048
2254 62444
2255 29611
2256 26145
2257 51000
2258 18760
2259 7497
2260 56888
2261 56865
2262 63264
2263 29611
2264 61121
2265 9064
2266 56416
2267 56681
2268 16740
2269 2376
2270 64865
2271 56881
2272 53797
2273 49509
2274 14177
2275 2393
2276 64129
2277 63471
2278 56681
2279 56681
2280 25498
2281 56888
2282 56681
2283 25432
2284 33125
2285 49509
2286 60033
2287 26409
2288 10157
2289 56889
2290 62360
2291 1829
2292 54833
2293 49976
2294 53605
2295 2840
2296 56881
2297 17184
2298 2377
2299 357
2300 56881
2301 10029
2302 60033
2303 63471
2304 17304
2305 49509
2306 64097
2307 56881
2308 16796
2309 64865
2310 4453
2311 25496
2312 2840
2313 49445
2314 53600
2315 23885
2316 53613
2317 64129
2318 9064
2319 2400
2320 61797
2321 56417
2322 16796
2323 14184
2324 27520
2325 2393
2326 53048
2327 11809
2328 2393
2329 17306
2330 26408
2331 32273
2332 10029
2333 25448
2334 53605
2335 10157
2336 2377
2337 10080
2338 53605
2339 60033
2340 5472
2341 2400
2342 10088
2343 2381
2344 33125
2345 56888
2346 25482
2347 56888
2348 54841
2349 56889
2350 56681
2351 10080
2352 28177
2353 2968
2354 53605
2355 25370
2356 10029
2357 49509
2358 15004
2359 27544
2360 25512
2361 63469
2362 60033
2363 64865
2364 49509
2365 32273
2366 10080
2367 33125
2368 63471
2369 2968
2370 53605
2371 49509
2372 56888
2373 26409
2374 56881
2375 4920
2376 49944
2377 32273
2378 53605
2379 49509
2380 64097
2381 17368
2382 4449
2383 17176
2384 32273
2385 32273
2386 56880
2387 56681
2388 63469
2389 62115
2390 21029
2391 56888
2392 56888
2393 60131
2394 29611
2395 56681
2396 63471
2397 54309
2398 25370
2399 53605
2400 56888
2401 51000
2402 62433
2403 49697
2404 49944
2405 29608
2406 49509
2407 32277
2408 49573
2409 19209
2410 53285
2411 14176
2412 47021
2413 25514
2414 56889
2415 2377
2416 14184
2417 10088
2418 63265
2419 19240
2420 10088
2421 11809
2422 29611
2423 53605
2424 10080
2425 56888
2426 57097
2427 56889
2428 33061
2429 25498
2430 32277
2431 53605
2432 10017
2433 25498
2434 25514
2435 33125
2436 56888
2437 25370
2438 29611
2439 63471
2440 63272
2441 56673
2442 49509
2443 54056
2444 53605
2445 49445
2446 49445
2447 25370
2448 56888
2449 27544
2450 25514
2451 56681
2452 49624
2453 53048
2454 26536
2455 5472
2456 26157
2457 53605
2458 56865
2459 25474
2460 62379
2461 23881
2462 10157
2463 49445
2464 17184
2465 1896
2466 63272
2467 56888
2468 14177
2469 50977
2470 2328
2471 53605
2472 2393
2473 55809
2474 63471
2475 2392
2476 63471
2477 56681
2478 19384
2479 56888
2480 53605
2481 27425
2482 10157
2483 54049
2484 62083
2485 54832
2486 56888
2487 53605
2488 21029
2489 62371
2490 10157
2491 32257
2492 62371
2493 25360
2494 63272
2495 60033
2496 65121
2497 53285
2498 54052
2499 53605
2500 56681
2501 53604
2502 49509
2503 5984
2504 56617
2505 4920
2506 25498
2507 25514
2508 10157
2509 53605
2510 56888
2511 60131
2512 54328
2513 49509
2514 16788
2515 53605
2516 56889
2517 56673
2518 56881
2519 56888
2520 56888
2521 56889
2522 56881
2523 25515
2524 56681
2525 25498
2526 49509
2527 25370
2528 56881
2529 2970
2530 9064
2531 5992
2532 10157
2533 53605
2534 56888
2535 56888
2536 2393
2537 55841
2538 25434
2539 23057
2540 5984
2541 2393
2542 56881
2543 25482
2544 29610
2545 10088
2546 56881
2547 56881
2548 62371
2549 63471
2550 37221
2551 32277
2552 62379
2553 32289
2554 63471
2555 56888
2556 62371
2557 10157
2558 63407
2559 10157
2560 56889
2561 56881
2562 56881
2563 17176
2564 32277
2565 29611
2566 56881
2567 53605
2568 29678
2569 56881
2570 25488
2571 31377
2572 49636
2573 2377
2574 49960
2575 5984
2576 2970
2577 62380
2578 32257
2579 65121
2580 27153
2581 53605
2582 49636
2583 19209
2584 58272
2585 56681
2586 32273
2587 53605
2588 54573
2589 56681
2590 53605
2591 18248
2592 53809
2593 32277
2594 56673
2595 2393
2596 25512
2597 32257
2598 2841
2599 56889
2600 2328
2601 17304
2602 56881
2603 65121
2604 63464
2605 64353
2606 26405
2607 10088
2608 64865
2609 53605
2610 53048
2611 56673
2612 56681
2613 2456
2614 56681
2615 10157
2616 10080
2617 56681
2618 56681
2619 25514
2620 2328
2621 32277
2622 25370
2623 60033
2624 19352
2625 53605
2626 53176
2627 32273
2628 1829
2629 32277
2630 56888
2631 56681
2632 64865
2633 56888
2634 49564
2635 55840
2636 61797
2637 54309
2638 2593
2639 53605
2640 28193
2641 64129
2642 64033
2643 7497
2644 53605
2645 55585
2646 56681
2647 53605
2648 17189
2649 2393
2650 29600
2651 49636
2652 16741
2653 17304
2654 10017
2655 56681
2656 63469
2657 33061
2658 25498
2659 19233
2660 49509
2661 49509
2662 357
2663 27536
2664 56633
2665 28161
2666 51000
2667 53605
2668 53605
2669 56889
2670 49628
2671 49564
2672 63471
2673 6409
2674 57185
2675 49509
2676 54833
2677 2329
2678 64865
2679 49564
2680 33125
2681 2329
2682 16737
2683 53605
2684 56681
2685 56673
2686 51000
2687 2328
2688 57121
2689 52920
2690 63407
2691 64033
2692 63272
2693 32273
2694 49564
2695 62113
2696 18761
2697 2840
2698 25512
2699 49504
2700 64097
2701 56881
2702 49604
2703 29611
2704 2377
2705 49332
2706 64865
2707 25368
2708 55080
2709 49509
2710 2968
2711 19224
2712 18944
2713 2393
2714 64033
2715 62305
2716 56681
2717 2392
2718 53605
2719 53605
2720 2328
2721 53605
2722 10080
2723 63471
2724 56681
2725 56888
2726 61121
2727 56673
2728 53605
2729 17304
2730 47021
2731 10157
2732 49509
2733 5472
2734 53605
2735 56888
2736 2522
2737 56681
2738 2968
2739 56633
2740 4449
2741 49445
2742 26413
2743 14184
2744 56881
2745 63336
2746 53605
2747 63585
2748 60131
2749 1829
2750 25514
2751 25370
2752 64865
2753 2393
2754 26401
2755 61793
2756 17306
2757 49509
2758 19209
2759 25498
2760 25068
2761 2393
2762 56633
2763 53605
2764 27153
2765 53605
2766 26405
2767 18961
2768 49509
2769 2393
2770 25434
2771 2393
2772 27536
2773 23881
2774 51000
2775 61121
2776 56673
2777 56889
2778 56888
2779 53541
2780 56888
2781 56888
2782 57701
2783 49921
2784 56681
2785 10021
2786 56881
2787 2970
2788 2970
2789 56888
2790 5472
2791 63471
2792 25514
2793 25370
2794 63464
2795 26392
2796 56681
2797 53604
2798 53605
2799 23885
2800 5473
2801 56673
2802 63265
2803 25370
2804 60033
2805 64129
2806 56681
2807 20837
2808 2970
2809 16788
2810 14176
2811 10080
2812 56888
2813 17306
2814 56889
2815 28177
2816 14176
2817 49573
2818 55072
2819 33125
2820 57097
2821 805
2822 10081
2823 53605
2824 25370
2825 56881
2826 56681
2827 64001
2828 17306
2829 27137
2830 53048
2831 32277
2832 57701
2833 62113
2834 56681
2835 56681
2836 13997
2837 56681
2838 10029
2839 53605
2840 19352
2841 49624
2842 53605
2843 28161
2844 10157
2845 2393
2846 5472
2847 15893
2848 2329
2849 40508
2850 2393
2851 49564
2852 10157
2853 56617
2854 53025
2855 32277
2856 2377
2857 53605
2858 17306
2859 55809
2860 26409
2861 19288
2862 25434
2863 2328
2864 64033
2865 56889
2866 57701
2867 49952
2868 64033
2869 25376
2870 63471
2871 17306
2872 14176
2873 62379
2874 32273
2875 56888
2876 56881
2877 53605
2878 56681
2879 27152
2880 2970
2881 56888
2882 53605
2883 56681
2884 63471
2885 53605
2886 5984
2887 62379
2888 15004
2889 25560
2890 65057
2891 56881
2892 53605
2893 56888
2894 56881
2895 28177
2896 63471
2897 32257
2898 49636
2899 56888
2900 62379
2901 64865
2902 14184
2903 53605
2904 9196
2905 37221
2906 58144
2907 29345
2908 49953
2909 32277
2910 56889
2911 53605
2912 56888
2913 25490
2914 29611
2915 15004
2916 53605
2917 49564
2918 18713
2919 53605
2920 54833
2921 54821
2922 25448
2923 56681
2924 16736
2925 50138
2926 63471
2927 51744
2928 60033
2929 56881
2930 65121
2931 47021
2932 55841
2933 53605
2934 56881
2935 56881
2936 53605
2937 56617
2938 57816
2939 40508
2940 64129
2941 17306
2942 2377
2943 53605
2944 2840
2945 3425
2946 60033
2947 32273
2948 63336
2949 49573
2950 56881
2951 10157
2952 53605
2953 63471
2954 63471
2955 56888
2956 33125
2957 1896
2958 32273
2959 53605
2960 63403
2961 64129
2962 2328
2963 55955
2964 49509
2965 62115
2966 17304
2967 26145
2968 49944
2969 2393
2970 2377
2971 63471
2972 62371
2973 53605
2974 2393
2975 27264
2976 2393
2977 19208
2978 2328
2979 56888
2980 63272
2981 25498
2982 17184
2983 65121
2984 63272
2985 49509
2986 60033
2987 25384
2988 5984
2989 10157
2990 56673
2991 60193
2992 17306
2993 56888
2994 64001
2995 52920
2996 53605
2997 56889
2998 17188
2999 27137
3000 56888
3001 56681
3002 32273
3003 25578
3004 25514
3005 56888
3006 49509
3007 53605
3008 10080
3009 25582
3010 53605
3011 63471
3012 49976
3013 53605
3014 64129
3015 56888
3016 10025
3017 29611
3018 51000
3019 53605
3020 2970
3021 53605
3022 63471
3023 53605
3024 5473
3025 54841
3026 2393
3027 10080
3028 53605
3029 56881
3030 62380
3031 49960
3032 49604
3033 56673
3034 54816
3035 32277
3036 2393
3037 56681
3038 53605
3039 56681
3040 26413
3041 56681
3042 2328
3043 32273
3044 2377
3045 1829
3046 56889
3047 64161
3048 65121
3049 10080
3050 54821
3051 37221
3052 56673
3053 56681
3054 56681
3055 28181
3056 56681
3057 25496
3058 62379
3059 17306
3060 10017
3061 32261
3062 17304
3063 16796
3064 4453
3065 56888
3066 60033
3067 33125
3068 32261
3069 61793
3070 56681
3071 64129
3072 53605
3073 49509
3074 3425
3075 27153
3076 21029
3077 5477
3078 54833
3079 60033
3080 2328
3081 53605
3082 2393
3083 49509
3084 29603
3085 56681
3086 61121
3087 56681
3088 14176
3089 5984
3090 16796
3091 16796
3092 2393
3093 25368
3094 49445
3095 9196
3096 51000
3097 53604
3098 56889
3099 49628
3100 49509
3101 57129
3102 49628
3103 60257
3104 56888
3105 53605
3106 2328
3107 61797
3108 16741
3109 2392
3110 60131
3111 53613
3112 10157
3113 56681
3114 25514
3115 2393
3116 56617
3117 28161
3118 49628
3119 2393
3120 2393
3121 53541
3122 64033
3123 57765
3124 33125
3125 63403
3126 64865
3127 61217
3128 51000
3129 26401
3130 49564
3131 49636
3132 2377
3133 2393
3134 53605
3135 56888
3136 56681
3137 2840
3138 17184
3139 2377
3140 53605
3141 56888
3142 2840
3143 2456
3144 10149
3145 9196
3146 63471
3147 7529
3148 56681
3149 7501
3150 49509
3151 10157
3152 49928
3153 63272
3154 56888
3155 51000
3156 56681
3157 25498
3158 63471
3159 61281
3160 10021
3161 55136
3162 56888
3163 53605
3164 33125
3165 64225
3166 55841
3167 2393
3168 14184
3169 2328
3170 33125
3171 56888
3172 29676
3173 56681
3174 19352
3175 53605
3176 18248
3177 32277
3178 53176
3179 10157
3180 16796
3181 53605
3182 53605
3183 10025
3184 2393
3185 54048
3186 17306
3187 64033
3188 16796
3189 53605
3190 40508
3191 53548
3192 61057
3193 56888
3194 56888
3195 58145
3196 26536
3197 53605
3198 10157
3199 63471
3200 56888
3201 56681
3202 23041
3203 56880
3204 29611
3205 32277
3206 56888
3207 63407
3208 32273
3209 63471
3210 17188
3211 63471
3212 63464
3213 23057
3214 56888
3215 64129
3216 63471
3217 56888
3218 40504
3219 32257
3220 56888
3221 25560
3222 16860
3223 7497
3224 53605
3225 10080
3226 56888
3227 52152
3228 17176
3229 37221
3230 32277
3231 17306
3232 54837
3233 32261
3234 56681
3235 63273
3236 25370
3237 33061
3238 17306
3239 56617
3240 2329
3241 18248
3242 53605
3243 54049
3244 3425
3245 64033
3246 922
3247 2377
3248 2968
3249 63841
3250 49628
3251 63403
3252 49509
3253 56888
3254 3401
3255 53605
3256 62371
3257 4968
3258 64129
3259 32273
3260 19352
3261 2970
3262 63272
3263 58153
3264 62115
3265 60033
3266 55841
3267 49508
3268 1888
3269 63471
3270 49445
3271 64129
3272 49921
3273 25434
3274 10088
3275 27432
3276 28181
3277 49508
3278 11797
3279 25434
3280 49509
3281 49445
3282 54064
3283 62371
3284 50024
3285 63471
3286 10157
3287 53605
3288 49509
3289 56888
3290 25562
3291 60033
3292 25498
3293 2393
3294 11793
3295 61793
3296 60033
3297 2377
3298 56681
3299 56881
3300 49509
3301 27153
3302 19273
3303 1888
3304 49573
3305 56681
3306 10025
3307 14113
3308 54049
3309 56681
3310 56888
3311 10157
3312 33125
3313 63471
3314 49509
3315 61153
3316 19384
3317 10080
3318 37229
3319 25498
3320 10157
3321 32273
3322 7529
3323 60033
3324 62377
3325 23881
3326 56889
3327 56673
3328 51000
3329 9064
3330 53605
3331 53605
3332 2329
3333 4453
3334 56888
3335 64129
3336 56681
3337 2377
3338 23057
3339 2393
3340 53605
3341 49509
3342 65217
3343 56888
3344 54328
3345 25498
3346 53605
3347 62371
3348 2377
3349 56681
3350 26458
3351 32273
3352 27400
3353 56881
3354 25498
3355 49944
3356 64353
3357 27544
3358 2393
3359 29611
3360 63272
3361 56889
3362 801
3363 56881
3364 19352
3365 4449
3366 53176
3367 56888
3368 2393
3369 2377
3370 26465
3371 32257
3372 49636
3373 40508
3374 62112
3375 11797
3376 28161
3377 2377
3378 54016
3379 53605
3380 53605
3381 19233
3382 49572
3383 56889
3384 20837
3385 25498
3386 56673
3387 32257
3388 25498
3389 53605
3390 49445
3391 56881
3392 49952
3393 2393
3394 56888
3395 53605
3396 49509
3397 51992
3398 32273
3399 10080
3400 56889
3401 29611
3402 62371
3403 32277
3404 32273
3405 63272
3406 54832
3407 25440
3408 14176
3409 26405
3410 49636
3411 26409
3412 51000
3413 10080
3414 63272
3415 17304
3416 56865
3417 56892
3418 53605
3419 62379
3420 62240
3421 54325
3422 50984
3423 56888
3424 33125
3425 60033
3426 53605
3427 56888
3428 7529
3429 25512
3430 32277
3431 27280
3432 2329
3433 53605
3434 55096
3435 10080
3436 5984
3437 23881
3438 10157
3439 49508
3440 18248
3441 56681
3442 23885
3443 56673
3444 2328
3445 32257
3446 2393
3447 32277
3448 2377
3449 2377
3450 2970
3451 56681
3452 63841
3453 53605
3454 10157
3455 4453
3456 49509
3457 56681
3458 56681
3459 10157
3460 29611
3461 32277
3462 63469
3463 25432
3464 27153
3465 25498
3466 53605
3467 61121
3468 56673
3469 56880
3470 56681
3471 56681
3472 2841
3473 53605
3474 61153
3475 64033
3476 2377
3477 11809
3478 33125
3479 56849
3480 51000
3481 53176
3482 4453
3483 25434
3484 61121
3485 2393
3486 33125
3487 51000
3488 61793
3489 54325
3490 25434
3491 19224
3492 56681
3493 56881
3494 61797
3495 56881
3496 63715
3497 1888
3498 25441
3499 2381
3500 10029
3501 888
3502 51000
3503 52920
3504 922
3505 53605
3506 25568
3507 25480
3508 7529
3509 25568
3510 49509
3511 56881
3512 33125
3513 27152
3514 2377
3515 56673
3516 51000
3517 53605
3518 53605
3519 25572
3520 2840
3521 2393
3522 10080
3523 62371
3524 49509
3525 10080
3526 56888
3527 60033
3528 2377
3529 49509
3530 53605
3531 888
3532 53605
3533 56681
3534 63400
3535 56880
3536 56681
3537 17178
3538 63471
3539 2377
3540 54840
3541 63336
3542 17160
3543 49509
3544 54629
3545 49636
3546 57697
3547 18765
3548 33125
3549 14176
3550 64865
3551 2376
3552 33125
3553 2392
3554 50072
3555 53605
3556 49560
3557 53605
3558 49509
3559 56681
3560 26409
3561 63469
3562 17306
3563 25377
3564 56888
3565 29608
3566 53605
3567 56681
3568 53605
3569 27408
3570 56880
3571 40508
3572 49636
3573 52016
3574 49508
3575 56880
3576 56892
3577 19352
3578 49573
3579 33125
3580 53605
3581 56889
3582 27392
3583 25434
3584 56416
3585 53605
3586 64097
3587 62371
3588 56888
3589 32273
3590 27424
3591 2393
3592 56880
3593 61797
3594 63265
3595 60033
3596 53605
3597 56888
3598 25498
3599 7497
3600 32261
3601 56681
3602 33125
3603 63841
3604 54629
3605 17178
3606 17304
3607 29610
3608 64865
3609 53605
3610 14184
3611 56888
3612 2825
3613 49564
3614 53808
3615 64033
3616 63336
3617 2377
3618 56888
3619 62360
3620 64129
3621 55841
3622 62379
3623 53605
3624 53605
3625 1829
3626 53557
3627 63471
3628 63407
3629 49564
3630 11041
3631 49445
3632 29611
3633 63471
3634 32289
3635 16794
3636 53605
3637 32273
3638 26465
3639 53308
3640 5473
3641 63471
3642 10157
3643 16672
3644 56681
3645 53548
3646 26413
3647 40508
3648 10080
3649 62112
3650 17304
3651 33125
3652 2400
3653 49509
3654 60131
3655 64865
3656 25480
3657 56888
3658 49952
3659 28177
3660 56889
3661 32273
3662 53604
3663 10157
3664 56681
3665 55072
3666 20836
3667 55096
3668 17176
3669 54841
3670 4984
3671 61121
3672 54328
3673 10017
3674 23881
3675 58145
3676 10029
3677 61025
3678 53024
3679 14176
3680 5472
3681 56888
3682 56888
3683 18216
3684 56881
3685 25368
3686 56681
3687 32257
3688 53605
3689 49596
3690 56377
3691 17178
3692 2393
3693 357
3694 37221
3695 56888
3696 62371
3697 872
3698 18248
3699 65121
3700 2393
3701 10080
3702 32277
3703 17306
3704 26472
3705 32257
3706 32273
3707 56888
3708 40484
3709 56881
3710 53944
3711 56888
3712 40508
3713 49564
3714 10080
3715 2377
3716 25434
3717 62817
3718 53605
3719 56617
3720 63272
3721 17306
3722 60033
3723 53605
3724 63403
3725 25514
3726 2393
3727 29603
3728 49445
3729 64865
3730 53605
3731 56673
3732 49509
3733 56888
3734 56881
3735 49332
3736 53604
3737 61121
3738 21029
3739 28177
3740 2393
3741 29611
3742 55955
3743 53605
3744 53605
3745 61121
3746 10157
3747 23057
3748 56681
3749 64865
3750 65377
3751 53541
3752 56889
3753 62115
3754 53605
3755 56881
3756 62113
3757 53605
3758 15893
3759 54328
3760 2970
3761 10029
3762 25496
3763 40508
3764 57144
3765 64129
3766 53605
3767 64161
3768 53605
3769 56881
3770 58144
3771 27425
3772 56881
3773 53605
3774 53605
3775 53025
3776 26153
3777 5473
3778 64865
3779 19224
3780 2825
3781 2329
3782 25514
3783 54817
3784 49509
3785 56889
3786 53605
3787 17185
3788 53605
3789 56888
3790 32273
3791 56889
3792 32277
3793 61805
3794 56888
3795 25377
3796 61121
3797 29345
3798 56864
3799 2393
3800 53285
3801 53605
3802 17304
3803 53605
3804 18961
3805 49636
3806 56673
3807 56681
3808 56881
3809 19224
3810 26145
3811 2393
3812 32273
3813 56880
3814 63585
3815 56673
3816 56681
3817 58152
3818 65377
3819 56681
3820 10157
3821 56673
3822 29611
3823 5473
3824 25434
3825 25498
3826 32257
3827 24353
3828 64097
3829 56880
3830 56673
3831 18765
3832 56681
3833 53605
3834 56881
3835 15893
3836 64001
3837 2377
3838 2328
3839 56880
3840 5992
3841 25434
3842 62112
3843 63403
3844 49509
3845 17304
3846 64129
3847 2393
3848 25370
3849 2393
3850 49957
3851 56681
3852 53048
3853 53541
3854 54832
3855 10016
3856 2329
3857 52001
3858 61793
3859 56849
3860 61985
3861 49564
3862 56681
3863 2381
3864 10157
3865 57121
3866 64865
3867 62379
3868 56681
3869 59240
3870 50072
3871 54049
3872 25370
3873 49508
3874 2328
3875 64129
3876 56681
3877 56864
3878 37221
3879 25514
3880 53605
3881 49509
3882 63469
3883 25434
3884 54048
3885 23881
3886 5992
3887 53605
3888 63273
3889 2393
3890 2393
3891 55093
3892 56888
3893 52152
3894 29611
3895 10088
3896 5473
3897 53025
3898 49509
3899 26153
3900 63469
3901 53308
3902 25498
3903 25434
3904 2393
3905 56681
3906 64865
3907 63272
3908 10033
3909 38760
3910 56681
3911 14176
3912 53605
3913 25498
3914 56681
3915 61793
3916 64129
3917 49573
3918 25434
3919 49509
3920 2377
3921 49624
3922 53605
3923 10021
3924 33125
3925 58272
3926 49628
3927 10157
3928 56681
3929 2377
3930 56888
3931 2393
3932 31521
3933 56681
3934 49624
3935 32257
3936 25474
3937 7501
3938 53541
3939 56889
3940 26157
3941 64033
3942 49960
3943 49573
3944 54048
3945 49509
3946 62115
3947 61797
3948 63471
3949 53605
3950 25498
3951 53548
3952 56881
3953 63471
3954 53605
3955 56880
3956 2393
3957 60033
3958 53605
3959 56681
3960 25370
3961 63471
3962 55077
3963 56888
3964 10080
3965 65377
3966 49976
3967 53605
3968 49564
3969 50976
3970 5473
3971 53605
3972 2393
3973 293
3974 49445
3975 49960
3976 6473
3977 10157
3978 56888
3979 5984
3980 25434
3981 65120
3982 56889
3983 60033
3984 49445
3985 65217
3986 53605
3987 56889
3988 10017
3989 25498
3990 64033
3991 32277
3992 5473
3993 51969
3994 51969
3995 53605
3996 2377
3997 40484
3998 56888
3999 63471
4000 62371
4001 63405
4002 29345
4003 29328
4004 10080
4005 2377
4006 61281
4007 10157
4008 18761
4009 53605
4010 53604
4011 33125
4012 56681
4013 59233
4014 10080
4015 60131
4016 56097
4017 62371
4018 25434
4019 19224
4020 49636
4021 56881
4022 32273
4023 26145
4024 5477
4025 65121
4026 10080
4027 2377
4028 23817
4029 25472
4030 56881
4031 19354
4032 16860
4033 53605
4034 53605
4035 2329
4036 2329
4037 56889
4038 14176
4039 56681
4040 56681
4041 64129
4042 2393
4043 2377
4044 28177
4045 49636
4046 19785
4047 55809
4048 2392
4049 53605
4050 56888
4051 62264
4052 56617
4053 19288
4054 25498
4055 56681
4056 20837
4057 16677
4058 29678
4059 49445
4060 25498
4061 56889
4062 64001
4063 61281
4064 60033
4065 25572
4066 33125
4067 33125
4068 2393
4069 10088
4070 49509
4071 64865
4072 49509
4073 17176
4074 40484
4075 63471
4076 50138
4077 26409
4078 54633
4079 4968
4080 25514
4081 56681
4082 17304
4083 19233
4084 63471
4085 32277
4086 10080
4087 2393
4088 63272
4089 2377
4090 56881
4091 56888
4092 32273
4093 53605
4094 29611
4095 64097
4096 26413
4097 62371
4098 2393
4099 49509
4100 56888
4101 29611
4102 53540
4103 56889
4104 54840
4105 27288
4106 53605
4107 56889
4108 53605
4109 63403
4110 49953
4111 52000
4112 56681
4113 63471
4114 65121
4115 29611
4116 19232
4117 2393
4118 56888
4119 56881
4120 10157
4121 56888
4122 54840
4123 10157
4124 53605
4125 10157
4126 52000
4127 2970
4128 2393
4129 55955
4130 32277
4131 62371
4132 49509
4133 40508
4134 32257
4135 55955
4136 28177
4137 56888
4138 56888
4139 56888
4140 20837
4141 10157
4142 53605
4143 26424
4144 2377
4145 53605
4146 26157
4147 55809
4148 51000
4149 49509
4150 26393
4151 37221
4152 54629
4153 56880
4154 2328
4155 25498
4156 55809
4157 25496
4158 10157
4159 56681
4160 56681
4161 56681
4162 10157
4163 23881
4164 16856
4165 60033
4166 40508
4167 56681
4168 2313
4169 53605
4170 56881
4171 28177
4172 2393
4173 32273
4174 2377
4175 357
4176 53541
4177 10080
4178 16933
4179 2392
4180 64129
4181 26413
4182 51000
4183 19288
4184 56889
4185 49624
4186 2377
4187 64865
4188 56881
4189 17304
4190 57701
4191 19224
4192 52920
4193 28181
4194 49453
4195 49512
4196 2329
4197 856
4198 49504
4199 2968
4200 51000
4201 51984
4202 2841
4203 2329
4204 2393
4205 56888
4206 56681
4207 51000
4208 2393
4209 49509
4210 28193
4211 25496
4212 53605
4213 64865
4214 56888
4215 49445
4216 49445
4217 49509
4218 10029
4219 15893
4220 62360
4221 56888
4222 17306
4223 2393
4224 53605
4225 5992
4226 33125
4227 53605
4228 56888
4229 51553
4230 23881
4231 4984
4232 2840
4233 49509
4234 23885
4235 27137
4236 7533
4237 56681
4238 25480
4239 32273
4240 56681
4241 2456
4242 56888
4243 56888
4244 51000
4245 65121
4246 32273
4247 56888
4248 56888
4249 40508
4250 49445
4251 56881
4252 49564
4253 53604
4254 25504
4255 33061
4256 40508
4257 32277
4258 49509
4259 53605
4260 62083
4261 53605
4262 56881
4263 56881
4264 60033
4265 54840
4266 56881
4267 56888
4268 63471
4269 25512
4270 53813
4271 14176
4272 56888
4273 60033
4274 56888
4275 56880
4276 53605
4277 53605
4278 17176
4279 56617
4280 53605
4281 56681
4282 19354
4283 56377
4284 64033
4285 49624
4286 25448
4287 2840
4288 17306
4289 49628
4290 62115
4291 16792
4292 53605
4293 25434
4294 14176
4295 10157
4296 56892
4297 64129
4298 25498
4299 56681
4300 49628
4301 63400
4302 1829
4303 26392
4304 54832
4305 63471
4306 63469
4307 32257
4308 5984
4309 24097
4310 49508
4311 63471
4312 54833
4313 25582
4314 5477
4315 63471
4316 10157
4317 25480
4318 54817
4319 27536
4320 26409
4321 56673
4322 28177
4323 11793
4324 2329
4325 53605
4326 56681
4327 53605
4328 18216
4329 62115
4330 60033
4331 49445
4332 56888
4333 53605
4334 29610
4335 64097
4336 49445
4337 56881
4338 54837
4339 29611
4340 792
4341 2393
4342 62115
4343 17304
4344 49928
4345 56881
4346 17306
4347 2393
4348 2328
4349 14176
4350 2377
4351 53605
4352 16736
4353 2393
4354 56681
4355 25512
4356 63272
4357 56673
4358 49445
4359 56888
4360 25384
4361 56881
4362 32277
4363 5984
4364 55955
4365 54817
4366 2393
4367 54573
4368 65120
4369 40504
4370 32277
4371 26413
4372 56681
4373 63471
4374 61281
4375 2377
4376 56881
4377 53605
4378 53605
4379 29611
4380 56881
4381 56681
4382 60161
4383 56888
4384 40508
4385 17184
4386 32277
4387 51000
4388 2313
4389 49573
4390 53605
4391 23336
4392 2329
4393 53605
4394 53605
4395 27544
4396 26413
4397 21281
4398 54328
4399 56889
4400 2393
4401 56681
4402 32277
4403 56888
4404 53605
4405 10157
4406 53605
4407 53605
4408 27280
4409 2393
4410 49508
4411 17304
4412 62379
4413 56888
4414 31249
4415 56865
4416 49509
4417 25434
4418 10080
4419 56888
4420 25578
4421 25498
4422 56881
4423 29603
4424 49952
4425 54057
4426 49509
4427 56881
4428 25344
4429 63469
4430 32277
4431 25368
4432 56888
4433 53557
4434 56888
4435 53605
4436 56888
4437 62379
4438 50976
4439 56888
4440 2377
4441 53605
4442 64865
4443 25582
4444 25370
4445 17240
4446 61797
4447 7497
4448 53605
4449 56681
4450 64865
4451 2393
4452 56681
4453 54629
4454 58209
4455 23881
4456 56881
4457 2377
4458 49445
4459 56673
4460 49509
4461 56681
4462 10157
4463 27544
4464 33125
4465 25370
4466 60033
4467 64097
4468 2313
4469 56864
4470 27152
4471 56881
4472 49509
4473 25440
4474 10088
4475 14176
4476 60033
4477 26405
4478 53048
4479 33125
4480 32273
4481 56881
4482 54629
4483 56881
4484 50976
4485 63585
4486 2377
4487 17184
4488 14253
4489 25528
4490 64353
4491 2393
4492 65121
4493 60065
4494 55857
4495 33125
4496 55072
4497 50138
4498 63337
4499 26413
4500 56888
4501 51000
4502 7533
4503 65377
4504 888
4505 49968
4506 64865
4507 19256
4508 56681
4509 10157
4510 5477
4511 49509
4512 14177
4513 49445
4514 62370
4515 56888
4516 56681
4517 56681
4518 49572
4519 53605
4520 10080
4521 54833
4522 2392
4523 49509
4524 25434
4525 49509
4526 2393
4527 17157
4528 25434
4529 23885
4530 25498
4531 25434
4532 10016
4533 2392
4534 65377
4535 2377
4536 56864
4537 56881
4538 51000
4539 49957
4540 40504
4541 2840
4542 49509
4543 49636
4544 63471
4545 53605
4546 65313
4547 65217
4548 60033
4549 56681
4550 53605
4551 56889
4552 56881
4553 40508
4554 4968
4555 63405
4556 64001
4557 17306
4558 56881
4559 49445
4560 53605
4561 18840
4562 64129
4563 19224
4564 49573
4565 64865
4566 49564
4567 357
4568 49509
4569 53613
4570 60033
4571 7529
4572 26409
4573 63469
4574 25434
4575 58145
4576 10080
4577 53605
4578 65377
4579 40508
4580 56888
4581 26153
4582 56888
4583 60033
4584 58138
4585 25434
4586 53605
4587 63471
4588 49509
4589 49636
4590 49440
4591 53613
4592 47021
4593 56888
4594 62113
4595 2377
4596 49445
4597 53605
4598 27536
4599 53048
4600 56865
4601 61281
4602 60033
4603 53605
4604 10029
4605 53605
4606 15000
4607 2376
4608 64865
4609 2393
4610 15893
4611 17306
4612 56681
4613 23881
4614 61797
4615 53284
4616 54841
4617 64001
4618 20264
4619 10029
4620 63471
4621 53605
4622 63715
4623 25582
4624 60033
4625 19352
4626 63471
4627 55840
4628 2377
4629 29611
4630 51968
4631 40504
4632 10088
4633 2392
4634 65120
4635 26536
4636 19352
4637 63585
4638 32257
4639 64129
4640 23881
4641 11809
4642 2377
4643 53605
4644 49573
4645 25514
4646 2968
4647 18248
4648 49509
4649 32277
4650 56880
4651 4453
4652 63400
4653 40484
4654 49509
4655 56377
4656 52009
4657 56864
4658 10029
4659 54328
4660 54821
4661 64129
4662 49636
4663 17304
4664 19224
4665 64129
4666 2393
4667 56681
4668 10157
4669 49508
4670 56888
4671 58144
4672 10029
4673 56881
4674 2970
4675 10157
4676 2377
4677 63469
4678 63403
4679 53605
4680 357
4681 29611
4682 49636
4683 19233
4684 56097
4685 24065
4686 14184
4687 56681
4688 56633
4689 40508
4690 53284
4691 25472
4692 49508
4693 54816
4694 56881
4695 49562
4696 17306
4697 53605
4698 54629
4699 49508
4700 63471
4701 49573
4702 17157
4703 63471
4704 29609
4705 56888
4706 51992
4707 2393
4708 10157
4709 56892
4710 56888
4711 53605
4712 56888
4713 10029
4714 55955
4715 25504
4716 28161
4717 2393
4718 64129
4719 56888
4720 62371
4721 64033
4722 7497
4723 27136
4724 10157
4725 10157
4726 65376
4727 56881
4728 53048
4729 49508
4730 61121
4731 25506
4732 56881
4733 49509
4734 10157
4735 54629
4736 56681
4737 56681
4738 53793
4739 49636
4740 64865
4741 56681
4742 3849
4743 49509
4744 2377
4745 3433
4746 56880
4747 33125
4748 49509
4749 26409
4750 56865
4751 25507
4752 56681
4753 56681
4754 56681
4755 5477
4756 38760
4757 17306
4758 61121
4759 53605
4760 20257
4761 64225
4762 33125
4763 14184
4764 922
4765 51000
4766 56673
4767 54072
4768 64129
4769 56681
4770 50104
4771 57701
4772 49628
4773 56064
4774 4984
4775 50533
4776 65377
4777 56881
4778 2393
4779 64129
4780 56681
4781 32257
4782 49596
4783 26474
4784 55073
4785 60033
4786 37221
4787 17157
4788 14177
4789 2329
4790 49976
4791 2328
4792 19225
4793 7533
4794 55077
4795 60033
4796 56865
4797 49445
4798 26413
4799 32277
4800 56889
4801 63272
4802 53564
4803 64865
4804 49509
4805 53605
4806 64129
4807 2393
4808 5992
4809 64001
4810 2393
4811 25434
4812 33125
4813 56353
4814 32277
4815 25498
4816 26393
4817 62360
4818 28161
4819 2968
4820 61797
4821 53280
4822 56888
4823 51000
4824 49636
4825 61281
4826 63471
4827 56888
4828 56888
4829 40508
4830 10157
4831 49445
4832 56888
4833 26400
4834 53605
4835 49636
4836 56681
4837 40484
4838 32277
4839 63471
4840 53605
4841 63471
4842 64129
4843 56888
4844 54048
4845 56881
4846 59937
4847 56681
4848 57792
4849 51000
4850 33125
4851 10088
4852 56888
4853 25434
4854 63469
4855 64296
4856 2329
4857 53605
4858 56888
4859 25370
4860 60033
4861 25514
4862 56888
4863 5984
4864 49445
4865 17306
4866 63465
4867 49509
4868 63471
4869 49509
4870 54832
4871 16740
4872 10157
4873 57796
4874 53600
4875 55809
4876 57129
4877 61793
4878 10157
4879 51000
4880 64129
4881 16792
4882 2393
4883 2377
4884 32257
4885 57829
4886 25512
4887 53605
4888 17306
4889 18208
4890 62371
4891 64129
4892 25496
4893 51000
4894 56681
4895 56881
4896 17306
4897 62371
4898 17306
4899 25496
4900 56864
4901 62113
4902 56889
4903 56681
4904 64865
4905 2393
4906 10080
4907 56681
4908 60097
4909 21029
4910 872
4911 10157
4912 63471
4913 53605
4914 23057
4915 54841
4916 61797
4917 25514
4918 65377
4919 56881
4920 17306
4921 60033
4922 63400
4923 5984
4924 32257
4925 61121
4926 53605
4927 53605
4928 64129
4929 55809
4930 26409
4931 49953
4932 49508
4933 49509
4934 53285
4935 2393
4936 53605
4937 25498
4938 10157
4939 56889
4940 55072
4941 2393
4942 56681
4943 56681
4944 62305
4945 64865
4946 40508
4947 32273
4948 55073
4949 10157
4950 49628
4951 27280
4952 53605
4953 7497
4954 2392
4955 2393
4956 19224
4957 33125
4958 63469
4959 56888
4960 53605
4961 53605
4962 29611
4963 54048
4964 2377
4965 23057
4966 2393
4967 2377
4968 40504
4969 27424
4970 56881
4971 56888
4972 49509
4973 56864
4974 60097
4975 63471
4976 2393
4977 56888
4978 53605
4979 29610
4980 61797
4981 33125
4982 49509
4983 56881
4984 63407
4985 56881
4986 32277
4987 40484
4988 56633
4989 62083
4990 64865
4991 2393
4992 26413
4993 49953
4994 60033
4995 2393
4996 55955
4997 53605
4998 10157
4999 53048
5000 49509
5001 12065
5002 27137
5003 56681
5004 52001
5005 61793
5006 33125
5007 6409
5008 56888
5009 2393
5010 65377
5011 25232
5012 53605
5013 56681
5014 25480
5015 49509
5016 357
5017 63841
5018 14184
5019 2377
5020 17178
5021 49445
5022 52001
5023 49573
5024 64033
5025 51000
5026 50074
5027 56617
5028 49957
5029 53797
5030 56880
5031 17304
5032 56120
5033 26413
5034 25434
5035 25448
5036 33125
5037 60033
5038 7529
5039 16677
5040 10157
5041 16796
5042 2377
5043 56888
5044 51000
5045 7497
5046 28177
5047 2393
5048 29611
5049 56673
5050 49445
5051 56681
5052 64865
5053 54837
5054 25370
5055 1888
5056 53605
5057 54040
5058 37221
5059 60033
5060 10080
5061 17306
5062 27456
5063 20837
5064 56681
5065 26409
5066 27544
5067 64033
5068 55073
5069 62380
5070 17306
5071 25488
5072 40504
5073 56888
5074 56673
5075 53605
5076 53605
5077 63471
5078 58145
5079 49961
5080 53605
5081 16748
5082 53605
5083 56888
5084 49445
5085 56888
5086 56617
5087 56892
5088 10080
5089 60033
5090 57185
5091 49332
5092 56889
5093 5984
5094 49445
5095 56881
5096 28161
5097 19232
5098 53604
5099 33125
5100 2328
5101 64097
5102 25512
5103 65384
5104 29603
5105 53605
5106 18765
5107 54309
5108 10021
5109 63471
5110 56880
5111 33125
5112 2393
5113 25582
5114 53605
5115 49957
5116 63471
5117 63471
5118 63471
5119 49564
5120 55841
5121 10080
5122 2840
5123 7497
5124 65377
5125 53605
5126 25370
5127 51000
5128 53605
5129 52120
5130 56681
5131 2376
5132 2377
5133 62373
5134 2313
5135 2328
5136 62115
5137 64129
5138 25370
5139 57128
5140 56881
5141 29611
5142 60033
5143 64865
5144 53564
5145 51992
5146 32277
5147 23881
5148 3401
5149 53605
5150 10021
5151 2329
5152 53605
5153 56888
5154 65377
5155 32273
5156 56888
5157 3425
5158 56681
5159 56888
5160 53605
5161 54073
5162 29611
5163 56864
5164 56881
5165 10157
5166 32277
5167 56673
5168 53605
5169 63471
5170 64129
5171 63272
5172 53605
5173 25434
5174 32273
5175 54016
5176 25514
5177 32273
5178 56888
5179 53605
5180 63471
5181 63471
5182 53605
5183 25576
5184 64033
5185 2377
5186 49562
5187 53605
5188 52008
5189 14253
5190 56881
5191 3433
5192 55857
5193 63457
5194 49604
5195 26474
5196 57697
5197 49445
5198 32289
5199 10157
5200 53605
5201 56681
5202 54841
5203 10029
5204 10157
5205 53605
5206 53605
5207 49636
5208 54840
5209 62371
5210 49509
5211 56881
5212 53605
5213 61797
5214 54841
5215 49573
5216 53605
5217 29611
5218 53605
5219 54328
5220 49957
5221 53605
5222 63469
5223 53605
5224 56889
5225 62379
5226 54832
5227 29611
5228 62371
5229 26392
5230 54056
5231 10157
5232 29611
5233 54840
5234 61281
5235 32277
5236 56888
5237 2393
5238 17306
5239 55840
5240 56681
5241 7501
5242 31233
5243 293
5244 2393
5245 56881
5246 33125
5247 18697
5248 25512
5249 53048
5250 49509
5251 32257
5252 26409
5253 62376
5254 52152
5255 24329
5256 58145
5257 5472
5258 357
5259 2328
5260 53605
5261 53605
5262 2377
5263 53605
5264 10080
5265 49976
5266 26413
5267 19352
5268 53605
5269 63715
5270 10029
5271 1888
5272 24065
5273 1888
5274 17178
5275 17308
5276 53604
5277 33125
5278 2329
5279 63585
5280 61797
5281 805
5282 27520
5283 14184
5284 7497
5285 56888
5286 56888
5287 53605
5288 62115
5289 2393
5290 51000
5291 53605
5292 56681
5293 51992
5294 63407
5295 31249
5296 17304
5297 56681
5298 64097
5299 60033
5300 33125
5301 49573
5302 23336
5303 40504
5304 53605
5305 56889
5306 56888
5307 15893
5308 56888
5309 25448
5310 53605
5311 56881
5312 64865
5313 53541
5314 64032
5315 37221
5316 53536
5317 64353
5318 54056
5319 25512
5320 10088
5321 3401
5322 56633
5323 56880
5324 56681
5325 49509
5326 53813
5327 53605
5328 53605
5329 40508
5330 63471
5331 27152
5332 53605
5333 49920
5334 25496
5335 10080
5336 14253
5337 56681
5338 33125
5339 64097
5340 25370
5341 32261
5342 2393
5343 55955
5344 18945
5345 2328
5346 49509
5347 18272
5348 64033
5349 65057
5350 53605
5351 16860
5352 56880
5353 54817
5354 60033
5355 65385
5356 53605
5357 18697
5358 888
5359 29678
5360 23881
5361 19288
5362 23057
5363 2393
5364 49628
5365 53605
5366 32257
5367 62248
5368 56617
5369 23881
5370 2593
5371 16792
5372 32257
5373 62113
5374 10157
5375 64001
5376 25498
5377 33125
5378 15893
5379 53048
5380 62369
5381 49508
5382 57792
5383 61121
5384 56681
5385 49509
5386 53605
5387 56673
5388 56888
5389 53605
5390 2328
5391 53808
5392 10029
5393 53605
5394 25434
5395 64865
5396 13997
5397 25515
5398 10149
5399 10157
5400 63464
5401 2328
5402 49960
5403 2393
5404 25370
5405 28177
5406 56633
5407 25514
5408 56888
5409 63471
5410 7497
5411 10017
5412 53797
5413 56881
5414 62379
5415 17306
5416 2970
5417 3401
5418 32277
5419 56888
5420 10157
5421 49952
5422 53605
5423 63469
5424 53605
5425 55144
5426 56888
5427 2393
5428 25512
5429 2329
5430 61797
5431 54025
5432 61057
5433 56881
5434 53605
5435 49952
5436 13997
5437 2392
5438 56888
5439 20233
5440 2393
5441 56681
5442 61797
5443 49509
5444 58112
5445 60033
5446 16741
5447 56889
5448 57696
5449 17193
5450 29610
5451 55809
5452 19273
5453 2328
5454 40504
5455 2393
5456 56681
5457 16788
5458 63585
5459 357
5460 26465
5461 56881
5462 14253
5463 10080
5464 53809
5465 64129
5466 18713
5467 51000
5468 25434
5469 49509
5470 2393
5471 53605
5472 53605
5473 64033
5474 33125
5475 32257
5476 25370
5477 51000
5478 2328
5479 53605
5480 19785
5481 49509
5482 56416
5483 17248
5484 56377
5485 56681
5486 10080
5487 56681
5488 53605
5489 17176
5490 53605
5491 14177
5492 5992
5493 25434
5494 2329
5495 56681
5496 10080
5497 53600
5498 56097
5499 25514
5500 49952
5501 2328
5502 19785
5503 49509
5504 17176
5505 2328
5506 49628
5507 31377
5508 64353
5509 23881
5510 37221
5511 53605
5512 63471
5513 51000
5514 27392
5515 63471
5516 53048
5517 63471
5518 40508
5519 5992
5520 62360
5521 56673
5522 14177
5523 25434
5524 53605
5525 2392
5526 16856
5527 49560
5528 5473
5529 56888
5530 2377
5531 53604
5532 56881
5533 58209
5534 7497
5535 56681
5536 10157
5537 63471
5538 23817
5539 65057
5540 54841
5541 49509
5542 53176
5543 62115
5544 49636
5545 54833
5546 49508
5547 10080
5548 26393
5549 51000
5550 2328
5551 25434
5552 56681
5553 53600
5554 17304
5555 17306
5556 2393
5557 61121
5558 26536
5559 49445
5560 56416
5561 63471
5562 60033
5563 28161
5564 63471
5565 56888
5566 54832
5567 40508
5568 53605
5569 56881
5570 56673
5571 56681
5572 792
5573 51000
5574 53605
5575 2328
5576 2393
5577 10157
5578 32273
5579 49504
5580 56888
5581 32277
5582 25377
5583 29611
5584 53605
5585 55096
5586 32277
5587 49697
5588 10088
5589 26413
5590 64225
5591 64033
5592 18765
5593 5984
5594 49509
5595 63336
5596 28193
5597 53605
5598 872
5599 53605
5600 49509
5601 32273
5602 56880
5603 51000
5604 63471
5605 53605
5606 63471
5607 16796
5608 2328
5609 26464
5610 53605
5611 53308
5612 54328
5613 64033
5614 10157
5615 40504
5616 2841
5617 53605
5618 53604
5619 27544
5620 59297
5621 53605
5622 53605
5623 29603
5624 29603
5625 28177
5626 27544
5627 2377
5628 63471
5629 26536
5630 63465
5631 2377
5632 54328
5633 49636
5634 2393
5635 56681
5636 56888
5637 10157
5638 56353
5639 54328
5640 56881
5641 51977
5642 27153
5643 25060
5644 55955
5645 31249
5646 53605
5647 32277
5648 55955
5649 53605
5650 56889
5651 58145
5652 49636
5653 49960
5654 17192
5655 56889
5656 56865
5657 20837
5658 56881
5659 63469
5660 25480
5661 53605
5662 53605
5663 56888
5664 53540
5665 65057
5666 7497
5667 56889
5668 10157
5669 60131
5670 55096
5671 32273
5672 2393
5673 54837
5674 56681
5675 16788
5676 33125
5677 2329
5678 54328
5679 7529
5680 2377
5681 56888
5682 19352
5683 25370
5684 10157
5685 33125
5686 53048
5687 28177
5688 56673
5689 37157
5690 2328
5691 2393
5692 49976
5693 2328
5694 33125
5695 7533
5696 2392
5697 29328
5698 55841
5699 51000
5700 2328
5701 53605
5702 27552
5703 56617
5704 2456
5705 56681
5706 26409
5707 55093
5708 61793
5709 33125
5710 56681
5711 53605
5712 49509
5713 2329
5714 49624
5715 25488
5716 56888
5717 56617
5718 53605
5719 49509
5720 63403
5721 53605
5722 63471
5723 62371
5724 53605
5725 4968
5726 60033
5727 56681
5728 55832
5729 56673
5730 53605
5731 19288
5732 50017
5733 56888
5734 56888
5735 49509
5736 63471
5737 2393
5738 2393
5739 58144
5740 10080
5741 53605
5742 60033
5743 32273
5744 27153
5745 25432
5746 25496
5747 56889
5748 54629
5749 63471
5750 792
5751 56681
5752 52000
5753 17304
5754 2393
5755 61797
5756 49445
5757 64865
5758 2522
5759 56881
5760 56881
5761 23057
5762 54328
5763 53605
5764 56881
5765 53605
5766 56681
5767 49952
5768 16794
5769 2328
5770 2393
5771 32277
5772 56888
5773 64225
5774 55809
5775 64001
5776 49636
5777 53541
5778 16933
5779 49509
5780 53605
5781 63471
5782 1896
5783 64129
5784 53605
5785 19240
5786 56881
5787 53605
5788 63272
5789 27400
5790 63471
5791 54328
5792 7501
5793 54565
5794 63471
5795 49960
5796 49953
5797 63471
5798 53605
5799 25370
5800 2377
5801 2840
5802 27264
5803 5984
5804 28177
5805 56881
5806 2409
5807 29611
5808 10157
5809 10029
5810 53600
5811 56416
5812 53605
5813 56881
5814 33125
5815 5984
5816 62240
5817 56888
5818 62115
5819 56889
5820 31249
5821 32277
5822 64161
5823 53541
5824 56681
5825 53605
5826 2392
5827 50533
5828 50072
5829 17185
5830 27544
5831 53605
5832 56889
5833 53605
5834 53605
5835 19201
5836 56888
5837 56681
5838 11809
5839 29676
5840 15004
5841 62377
5842 61797
5843 56888
5844 63465
5845 53605
5846 16736
5847 53605
5848 5984
5849 25384
5850 56888
5851 18713
5852 18961
5853 64225
5854 2377
5855 49636
5856 10157
5857 50533
5858 49976
5859 17306
5860 19354
5861 2393
5862 55081
5863 56681
5864 28449
5865 20837
5866 26424
5867 2841
5868 25432
5869 56681
5870 17176
5871 2393
5872 53604
5873 49953
5874 17189
5875 19233
5876 26401
5877 53604
5878 17176
5879 18765
5880 2329
5881 60129
5882 49508
5883 49445
5884 56681
5885 2329
5886 49960
5887 49636
5888 55825
5889 16796
5890 63403
5891 26464
5892 2328
5893 56880
5894 25506
5895 2393
5896 51000
5897 57701
5898 53605
5899 29672
5900 53605
5901 60033
5902 47021
5903 56888
5904 17185
5905 55077
5906 56681
5907 10025
5908 56881
5909 49509
5910 23881
5911 62305
5912 11797
5913 16796
5914 2393
5915 53605
5916 49573
5917 25496
5918 53605
5919 60033
5920 26401
5921 56881
5922 56888
5923 49636
5924 58144
5925 29345
5926 27288
5927 56881
5928 29345
5929 4453
5930 63471
5931 49564
5932 56881
5933 9196
5934 54840
5935 53605
5936 56681
5937 2393
5938 55081
5939 49637
5940 54040
5941 57121
5942 63407
5943 18272
5944 25384
5945 56681
5946 58145
5947 28161
5948 53605
5949 32277
5950 53605
5951 56881
5952 17306
5953 56889
5954 27137
5955 33125
5956 49573
5957 56681
5958 10029
5959 10017
5960 40508
5961 49953
5962 29611
5963 49952
5964 56888
5965 49937
5966 7529
5967 56888
5968 32273
5969 53537
5970 29611
5971 47021
5972 55841
5973 53605
5974 53548
5975 49636
5976 62360
5977 53605
5978 2329
5979 53605
5980 53605
5981 9064
5982 56681
5983 17184
5984 60264
5985 53605
5986 56617
5987 27425
5988 2393
5989 25490
5990 14176
5991 56681
5992 57129
5993 56633
5994 10157
5995 56888
5996 27544
5997 3401
5998 56881
5999 53605
6000 26458
6001 62241
6002 63400
6003 55809
6004 61216
6005 10029
6006 49445
6007 11793
6008 56681
6009 25440
6010 49509
6011 53605
6012 4920
6013 53605
6014 32277
6015 23041
6016 29611
6017 25506
6018 65057
6019 57796
6020 61797
6021 52001
6022 53605
6023 56881
6024 56881
6025 56681
6026 23041
6027 60033
6028 56681
6029 63715
6030 2970
6031 51000
6032 53048
6033 49628
6034 32277
6035 2377
6036 64033
6037 20257
6038 19354
6039 49441
6040 23885
6041 53605
6042 49509
6043 50992
6044 53605
6045 63715
6046 14253
6047 10080
6048 17304
6049 57121
6050 25506
6051 62248
6052 2392
6053 33125
6054 7497
6055 49445
6056 31249
6057 16796
6058 2393
6059 49960
6060 56888
6061 56888
6062 3425
6063 2400
6064 49509
6065 65025
6066 56681
6067 53605
6068 58208
6069 53605
6070 65153
6071 56888
6072 56880
6073 56888
6074 49956
6075 33125
6076 63329
6077 56673
6078 53793
6079 49952
6080 51993
6081 56888
6082 40504
6083 25582
6084 11809
6085 32277
6086 53605
6087 63471
6088 63471
6089 63401
6090 49509
6091 56881
6092 61281
6093 2377
6094 53604
6095 2377
6096 62113
6097 5472
6098 33061
6099 56881
6100 29611
6101 53605
6102 53605
6103 56888
6104 56888
6105 57129
6106 16860
6107 56880
6108 15004
6109 51000
6110 56888
6111 5984
6112 2328
6113 56881
6114 32257
6115 53605
6116 56888
6117 2329
6118 62370
6119 27280
6120 25432
6121 52920
6122 63471
6123 52120
6124 53605
6125 53176
6126 27536
6127 10157
6128 10157
6129 32277
6130 17306
6131 64129
6132 18840
6133 25514
6134 2329
6135 49952
6136 49952
6137 56633
6138 2841
6139 3401
6140 56681
6141 2968
6142 55072
6143 53605
6144 56681
6145 2393
6146 25434
6147 49636
6148 23817
6149 60033
6150 63403
6151 53605
6152 10157
6153 54048
6154 55955
6155 57129
6156 25515
6157 31249
6158 56888
6159 29611
6160 65120
6161 28161
6162 53605
6163 62379
6164 32257
6165 53605
6166 56681
6167 53613
6168 17368
6169 19785
6170 40508
6171 17157
6172 49976
6173 56681
6174 49508
6175 7533
6176 2329
6177 2409
6178 10029
6179 51000
6180 54065
6181 10080
6182 56881
6183 15893
6184 21288
6185 64225
6186 56681
6187 26401
6188 17304
6189 56681
6190 58138
6191 53604
6192 2328
6193 10080
6194 56673
6195 17178
6196 28177
6197 19201
6198 53541
6199 14176
6200 10080
6201 50992
6202 56681
6203 2393
6204 2377
6205 56681
6206 64001
6207 2381
6208 53605
6209 357
6210 53605
6211 56880
6212 49508
6213 62113
6214 63471
6215 31377
6216 53605
6217 56681
6218 63405
6219 10080
6220 40484
6221 61057
6222 56888
6223 10080
6224 56888
6225 357
6226 28161
6227 56681
6228 2393
6229 56892
6230 40508
6231 2329
6232 57792
6233 19352
6234 55856
6235 54833
6236 37221
6237 64033
6238 32277
6239 53537
6240 10157
6241 51000
6242 53048
6243 64033
6244 33125
6245 5472
6246 53605
6247 56681
6248 49636
6249 54049
6250 60033
6251 17157
6252 19232
6253 50104
6254 56681
6255 2393
6256 17184
6257 27153
6258 28417
6259 56633
6260 29328
6261 17176
6262 56089
6263 56881
6264 11809
6265 53605
6266 56681
6267 56888
6268 25504
6269 23881
6270 24932
6271 53605
6272 63471
6273 63405
6274 10157
6275 56681
6276 53605
6277 56681
6278 52920
6279 2840
6280 49508
6281 49508
6282 2393
6283 32277
6284 23881
6285 60160
6286 61057
6287 13997
6288 32273
6289 40484
6290 32273
6291 357
6292 49509
6293 56681
6294 63405
6295 56889
6296 64865
6297 56888
6298 56888
6299 53605
6300 53605
6301 63471
6302 60033
6303 53541
6304 64033
6305 26157
6306 56881
6307 40508
6308 53605
6309 53605
6310 40484
6311 49509
6312 53605
6313 53605
6314 10029
6315 10157
6316 17192
6317 40508
6318 2377
6319 19225
6320 53605
6321 32273
6322 33061
6323 65121
6324 51000
6325 62248
6326 23041
6327 12065
6328 64865
6329 53605
6330 56681
6331 15893
6332 53605
6333 2313
6334 60161
6335 64225
6336 17368
6337 53048
6338 24097
6339 49624
6340 56888
6341 65377
6342 58145
6343 14176
6344 26393
6345 56865
6346 10029
6347 25370
6348 18761
6349 55841
6350 14176
6351 49509
6352 3401
6353 64001
6354 33125
6355 18208
6356 62113
6357 3849
6358 51000
6359 40508
6360 56888
6361 53605
6362 49952
6363 56681
6364 53605
6365 54048
6366 61121
6367 25060
6368 32277
6369 56888
6370 64033
6371 56881
6372 19384
6373 53605
6374 64865
6375 64296
6376 56888
6377 2376
6378 14253
6379 49573
6380 40484
6381 55093
6382 54840
6383 11793
6384 53797
6385 64033
6386 32277
6387 53605
6388 62115
6389 51000
6390 10157
6391 62376
6392 56673
6393 49445
6394 33125
6395 2393
6396 2593
6397 2393
6398 23057
6399 49564
6400 53604
6401 60033
6402 53284
6403 64865
6404 24353
6405 17185
6406 56681
6407 61121
6408 54200
6409 7497
6410 2377
6411 49564
6412 2377
6413 64033
6414 2393
6415 56881
6416 2377
6417 53605
6418 17368
6419 28193
6420 32273
6421 25376
6422 13997
6423 2392
6424 2393
6425 49509
6426 19224
6427 60035
6428 28177
6429 56881
6430 56888
6431 25496
6432 19224
6433 23041
6434 33061
6435 10029
6436 23881
6437 62379
6438 32277
6439 2393
6440 53605
6441 49509
6442 49509
6443 49636
6444 53605
6445 19232
6446 56681
6447 2393
6448 56865
6449 10080
6450 25560
6451 31249
6452 49920
6453 62379
6454 24329
6455 54817
6456 56888
6457 32277
6458 54048
6459 32257
6460 53605
6461 49445
6462 14253
6463 49508
6464 2393
6465 25560
6466 53605
6467 23057
6468 3425
6469 56881
6470 60131
6471 29610
6472 53605
6473 56888
6474 60131
6475 53605
6476 27280
6477 57129
6478 56865
6479 49929
6480 7497
6481 56681
6482 56681
6483 64033
6484 40508
6485 56881
6486 2393
6487 26409
6488 17184
6489 50104
6490 63400
6491 19209
6492 64161
6493 56881
6494 56681
6495 54840
6496 64865
6497 63464
6498 26409
6499 16860
6500 56888
6501 28177
6502 56681
6503 56417
6504 805
6505 49509
6506 56681
6507 16740
6508 26409
6509 64032
6510 33125
6511 801
6512 56681
6513 49509
6514 49445
6515 17306
6516 63288
6517 2968
6518 56888
6519 40508
6520 25514
6521 53605
6522 53605
6523 53605
6524 49445
6525 56880
6526 57121
6527 49509
6528 31249
6529 63471
6530 54833
6531 14176
6532 60065
6533 56681
6534 64865
6535 56888
6536 62379
6537 49636
6538 53604
6539 65377
6540 25496
6541 64129
6542 63471
6543 56892
6544 49636
6545 49509
6546 60033
6547 65057
6548 53600
6549 56617
6550 26409
6551 56096
6552 49509
6553 50072
6554 55840
6555 56888
6556 63471
6557 56888
6558 53605
6559 56865
6560 60033
6561 40508
6562 18761
6563 25370
6564 33125
6565 19224
6566 2328
6567 4449
6568 26536
6569 28177
6570 25384
6571 10157
6572 53605
6573 2393
6574 60033
6575 51000
6576 29611
6577 64129
6578 10157
6579 62115
6580 53605
6581 53540
6582 57792
6583 11793
6584 25370
6585 49960
6586 7497
6587 25370
6588 10157
6589 56609
6590 17192
6591 33125
6592 25562
6593 32277
6594 18760
6595 2393
6596 56888
6597 19721
6598 56617
6599 53605
6600 10157
6601 63471
6602 56881
6603 2377
6604 29611
6605 51968
6606 62379
6607 25507
6608 29611
6609 10157
6610 2393
6611 32273
6612 54841
6613 32257
6614 28181
6615 63841
6616 56617
6617 18961
6618 17304
6619 50976
6620 60033
6621 64865
6622 51000
6623 19240
6624 52008
6625 16933
6626 25376
6627 56680
6628 2841
6629 64865
6630 53604
6631 53605
6632 10029
6633 53605
6634 54625
6635 65377
6636 10017
6637 63471
6638 54840
6639 10157
6640 1896
6641 10080
6642 56673
6643 56681
6644 56681
6645 2328
6646 49636
6647 2392
6648 64416
6649 56880
6650 27553
6651 27544
6652 293
6653 53605
6654 64865
6655 56888
6656 10157
6657 56681
6658 16741
6659 49508
6660 25498
6661 56892
6662 53605
6663 10017
6664 56888
6665 64129
6666 54833
6667 49636
6668 49509
6669 19224
6670 10080
6671 49624
6672 57097
6673 2328
6674 51000
6675 64865
6676 26409
6677 49953
6678 64865
6679 56881
6680 63265
6681 64129
6682 10157
6683 65385
6684 49445
6685 51000
6686 53605
6687 53605
6688 56889
6689 56889
6690 54040
6691 54840
6692 53605
6693 54072
6694 49508
6695 63841
6696 56880
6697 62444
6698 49332
6699 56888
6700 7529
6701 53540
6702 2393
6703 64129
6704 824
6705 64001
6706 23057
6707 55840
6708 54049
6709 2377
6710 26409
6711 28161
6712 19352
6713 12065
6714 64033
6715 25512
6716 27424
6717 25498
6718 10029
6719 63469
6720 32273
6721 17178
6722 25496
6723 62376
6724 53605
6725 56881
6726 28177
6727 2393
6728 13997
6729 53541
6730 23881
6731 58136
6732 56681
6733 10157
6734 62369
6735 56881
6736 60192
6737 2377
6738 53793
6739 56416
6740 2393
6741 65376
6742 49509
6743 53605
6744 20265
6745 56681
6746 2377
6747 65377
6748 56888
6749 56888
6750 25562
6751 53605
6752 56865
6753 56880
6754 53605
6755 54841
6756 55955
6757 63469
6758 57701
6759 56681
6760 56881
6761 58113
6762 47021
6763 62379
6764 29603
6765 65057
6766 60320
6767 62115
6768 40508
6769 54049
6770 18945
6771 49504
6772 2393
6773 2377
6774 56681
6775 63715
6776 2393
6777 18961
6778 64865
6779 26458
6780 49332
6781 55841
6782 61793
6783 27544
6784 63715
6785 56377
6786 27560
6787 2393
6788 1829
6789 17184
6790 10017
6791 61793
6792 63471
6793 62248
6794 56681
6795 19233
6796 49508
6797 56892
6798 10157
6799 10080
6800 4453
6801 2377
6802 59177
6803 2393
6804 2522
6805 53605
6806 56088
6807 2392
6808 56892
6809 32277
6810 61797
6811 56881
6812 53605
6813 25377
6814 62376
6815 53605
6816 19224
6817 10080
6818 56888
6819 55955
6820 54056
6821 27425
6822 55144
6823 56888
6824 53605
6825 10080
6826 16860
6827 17248
6828 56889
6829 56865
6830 53605
6831 5992
6832 53048
6833 55809
6834 2393
6835 64033
6836 2377
6837 65217
6838 19354
6839 18765
6840 50976
6841 56881
6842 17161
6843 56881
6844 57121
6845 53605
6846 2970
6847 32273
6848 2393
6849 56681
6850 64033
6851 2377
6852 10080
6853 56353
6854 15004
6855 18961
6856 54833
6857 31249
6858 49504
6859 54040
6860 10080
6861 10157
6862 2968
6863 25370
6864 25480
6865 15004
6866 25512
6867 10157
6868 49636
6869 56888
6870 64033
6871 15000
6872 17208
6873 27416
6874 2329
6875 60033
6876 56681
6877 10157
6878 62379
6879 56416
6880 62379
6881 56417
6882 53809
6883 56104
6884 2328
6885 2328
6886 56377
6887 37157
6888 2377
6889 49920
6890 56888
6891 55955
6892 54841
6893 19224
6894 56673
6895 33125
6896 2393
6897 51000
6898 29345
6899 63471
6900 54817
6901 53605
6902 63469
6903 56681
6904 56881
6905 2377
6906 40484
6907 63464
6908 25506
6909 2328
6910 33125
6911 62379
6912 64865
6913 62371
6914 53605
6915 54833
6916 56881
6917 25434
6918 56881
6919 2393
6920 2393
6921 2328
6922 37221
6923 37229
6924 49628
6925 21029
6926 56673
6927 56681
6928 54837
6929 2393
6930 357
6931 65376
6932 27136
6933 56681
6934 63471
6935 53605
6936 53605
6937 5992
6938 63403
6939 33125
6940 49508
6941 2329
6942 15000
6943 55073
6944 53280
6945 56888
6946 58296
6947 54821
6948 56881
6949 53605
6950 60033
6951 56416
6952 56881
6953 54049
6954 58153
6955 49960
6956 2970
6957 49509
6958 33125
6959 18761
6960 53541
6961 56881
6962 5473
6963 47021
6964 64001
6965 55955
6966 49509
6967 49564
6968 56864
6969 25416
6970 53605
6971 56097
6972 19240
6973 63715
6974 27544
6975 56681
6976 27528
6977 29480
6978 5473
6979 1829
6980 56888
6981 19352
6982 49604
6983 49445
6984 53793
6985 17176
6986 49560
6987 19224
6988 56865
6989 54056
6990 51969
6991 32289
6992 23328
6993 29328
6994 56681
6995 25512
6996 17184
6997 56673
6998 55096
6999 53605
7000 57701
7001 2393
7002 23881
7003 57696
7004 40484
7005 62248
7006 57816
7007 25434
7008 53605
7009 53605
7010 25377
7011 16856
7012 56888
7013 53605
7014 56864
7015 55955
7016 56889
7017 56617
7018 26536
7019 56889
7020 11797
7021 25434
7022 47021
7023 10157
7024 63264
7025 49509
7026 64865
7027 26413
7028 17306
7029 24097
7030 64033
7031 53605
7032 57129
7033 18961
7034 18961
7035 16794
7036 56881
7037 64033
7038 2393
7039 29328
7040 23885
7041 2328
7042 56617
7043 56681
7044 62371
7045 61281
7046 50533
7047 49636
7048 49445
7049 64865
7050 10080
7051 2329
7052 2392
7053 33125
7054 56681
7055 60193
7056 53605
7057 49444
7058 25496
7059 2392
7060 40508
7061 53605
7062 51000
7063 49976
7064 56881
7065 19200
7066 64097
7067 65153
7068 54833
7069 49636
7070 63273
7071 56880
7072 26472
7073 56881
7074 53605
7075 25580
7076 56880
7077 2328
7078 29611
7079 53605
7080 56888
7081 49445
7082 56889
7083 63471
7084 60033
7085 29603
7086 60033
7087 64001
7088 17185
7089 2825
7090 14176
7091 64129
7092 61793
7093 28177
7094 53605
7095 2393
7096 49509
7097 57185
7098 64161
7099 56880
7100 2392
7101 2392
7102 27464
7103 24065
7104 10021
7105 56880
7106 26409
7107 61281
7108 17168
7109 56681
7110 18945
7111 61121
7112 16796
7113 53605
7114 55841
7115 56681
7116 27560
7117 49960
7118 59297
7119 19240
7120 53605
7121 55080
7122 57796
7123 2393
7124 2377
7125 56889
7126 10157
7127 53541
7128 49453
7129 29611
7130 53605
7131 56888
7132 32277
7133 54841
7134 49953
7135 2393
7136 56881
7137 56888
7138 58144
7139 18961
7140 56681
7141 63403
7142 17306
7143 63403
7144 25368
7145 29678
7146 61281
7147 2840
7148 23881
7149 56681
7150 56881
7151 31233
7152 60033
7153 56888
7154 29611
7155 32289
7156 2377
7157 25580
7158 2393
7159 24329
7160 64033
7161 25472
7162 61797
7163 54064
7164 3433
7165 2393
7166 25498
7167 14176
7168 19201
7169 49636
7170 19209
7171 51000
7172 49332
7173 57701
7174 25480
7175 56681
7176 49441
7177 2393
7178 16677
7179 63715
7180 53176
7181 63264
7182 60065
7183 2968
7184 26393
7185 56681
7186 2393
7187 53605
7188 56888
7189 805
7190 55832
7191 5984
7192 32273
7193 10157
7194 14176
7195 5984
7196 49504
7197 2393
7198 28161
7199 10029
7200 56617
7201 2392
7202 49628
7203 5473
7204 40508
7205 49636
7206 53605
7207 60033
7208 56888
7209 55096
7210 19352
7211 1829
7212 64033
7213 10029
7214 2400
7215 56881
7216 55096
7217 53604
7218 27528
7219 21288
7220 25448
7221 53605
7222 25368
7223 856
7224 17306
7225 53605
7226 25472
7227 18961
7228 61057
7229 49960
7230 57121
7231 4453
7232 47021
7233 49953
7234 53605
7235 2328
7236 5472
7237 16860
7238 58208
7239 56681
7240 27425
7241 25434
7242 64033
7243 54325
7244 61057
7245 16788
7246 49332
7247 2377
7248 61985
7249 10017
7250 32257
7251 64865
7252 55081
7253 61797
7254 25448
7255 53048
7256 10080
7257 58337
7258 26536
7259 64001
7260 1896
7261 2393
7262 53605
7263 10157
7264 63273
7265 56681
7266 57128
7267 47021
7268 56673
7269 64097
7270 62304
7271 17192
7272 54325
7273 10157
7274 49976
7275 61797
7276 29608
7277 60193
7278 27552
7279 53605
7280 53605
7281 56681
7282 54817
7283 2840
7284 7533
7285 56889
7286 53541
7287 56888
7288 54048
7289 2393
7290 2393
7291 56888
7292 59297
7293 53605
7294 19224
7295 2968
7296 60033
7297 2377
7298 56881
7299 23881
7300 16741
7301 58272
7302 63288
7303 65057
7304 10080
7305 60320
7306 56681
7307 56880
7308 56681
7309 53540
7310 49509
7311 49564
7312 2392
7313 17185
7314 40508
7315 2329
7316 33125
7317 56681
7318 55081
7319 53605
7320 25440
7321 60097
7322 64865
7323 53605
7324 32257
7325 60033
7326 25370
7327 55841
7328 56617
7329 26153
7330 56889
7331 49508
7332 56888
7333 17306
7334 2970
7335 19785
7336 2393
7337 32261
7338 49509
7339 5992
7340 56617
7341 56881
7342 49504
7343 54821
7344 56681
7345 64865
7346 49960
7347 62309
7348 63471
7349 2393
7350 28161
7351 19233
7352 56681
7353 25512
7354 56617
7355 56888
7356 26153
7357 52000
7358 65120
7359 49952
7360 14176
7361 5472
7362 19233
7363 61861
7364 58152
7365 27424
7366 60961
7367 63471
7368 2377
7369 54049
7370 32273
7371 56888
7372 26157
7373 25370
7374 56889
7375 55073
7376 51000
7377 25381
7378 26145
7379 49952
7380 23881
7381 26157
7382 57700
7383 49636
7384 10029
7385 27528
7386 2392
7387 29610
7388 25504
7389 17306
7390 27153
7391 49445
7392 2377
7393 56849
7394 60033
7395 27544
7396 2329
7397 17304
7398 2329
7399 64033
7400 65217
7401 23057
7402 49504
7403 10021
7404 14176
7405 53541
7406 49628
7407 50024
7408 63715
7409 56633
7410 3401
7411 56880
7412 58145
7413 32273
7414 57120
7415 61153
7416 32273
7417 54120
7418 2328
7419 56888
7420 49509
7421 25496
7422 23885
7423 29328
7424 60033
7425 56865
7426 50074
7427 49952
7428 62115
7429 53605
7430 2329
7431 64001
7432 3433
7433 49508
7434 61025
7435 64033
7436 58209
7437 16794
7438 61797
7439 55093
7440 49624
7441 62309
7442 56881
7443 14176
7444 2392
7445 51985
7446 62377
7447 55840
7448 49697
7449 56681
7450 53605
7451 49508
7452 5984
7453 64033
7454 54072
7455 10029
7456 53605
7457 23057
7458 56353
7459 54072
7460 10157
7461 56089
7462 2377
7463 54841
7464 2409
7465 2970
7466 23881
7467 20233
7468 56416
7469 53605
7470 20233
7471 2840
7472 25578
7473 25496
7474 2840
7475 64129
7476 27488
7477 61281
7478 2400
7479 52920
7480 12065
7481 54629
7482 56681
7483 2393
7484 19785
7485 17312
7486 17306
7487 55080
7488 26536
7489 49628
7490 10033
7491 2392
7492 53605
7493 56888
7494 53604
7495 65377
7496 53605
7497 26153
7498 59168
7499 53605
7500 49624
7501 17304
7502 56888
7503 53604
7504 62312
7505 27153
7506 56888
7507 14176
7508 61281
7509 20837
7510 56889
7511 23057
7512 17304
7513 56881
7514 19200
7515 63405
7516 54821
7517 53605
7518 10021
7519 26401
7520 56673
7521 54841
7522 53605
7523 1896
7524 54328
7525 11813
7526 61793
7527 18977
7528 17304
7529 62115
7530 15893
7531 49628
7532 2381
7533 62115
7534 32277
7535 55955
7536 7533
7537 62264
7538 53605
7539 62241
7540 53605
7541 49509
7542 2393
7543 2377
7544 2377
7545 27400
7546 2392
7547 56864
7548 53605
7549 32257
7550 32273
7551 23881
7552 2328
7553 32277
7554 2313
7555 10157
7556 53605
7557 56681
7558 2329
7559 32273
7560 17176
7561 56881
7562 63137
7563 58145
7564 56681
7565 61797
7566 18713
7567 10021
7568 56377
7569 56681
7570 49508
7571 58272
7572 53808
7573 56681
7574 49509
7575 25504
7576 56888
7577 29608
7578 62370
7579 10017
7580 56888
7581 10025
7582 10088
7583 25512
7584 53537
7585 16794
7586 25434
7587 40508
7588 2381
7589 65376
7590 54833
7591 17256
7592 26409
7593 56633
7594 17178
7595 49445
7596 56881
7597 57700
7598 53280
7599 5472
7600 19224
7601 63715
7602 55809
7603 10088
7604 3401
7605 17176
7606 49562
7607 49509
7608 62115
7609 29611
7610 2328
7611 57121
7612 2393
7613 56889
7614 53280
7615 27153
7616 47021
7617 56865
7618 55808
7619 61121
7620 53541
7621 2377
7622 56881
7623 2329
7624 53605
7625 49445
7626 56880
7627 56881
7628 65120
7629 51000
7630 64097
7631 52008
7632 23057
7633 49445
7634 28161
7635 2393
7636 2968
7637 2393
7638 54056
7639 53605
7640 56888
7641 19233
7642 32273
7643 63400
7644 25377
7645 32273
7646 25496
7647 32273
7648 55073
7649 49508
7650 64097
7651 37221
7652 33125
7653 32257
7654 32277
7655 56865
7656 17184
7657 63585
7658 16741
7659 61805
7660 28161
7661 16792
7662 53540
7663 2393
7664 18840
7665 14176
7666 62264
7667 25368
7668 49508
7669 14176
7670 61792
7671 7497
7672 53605
7673 31377
7674 56888
7675 54833
7676 25370
7677 56888
7678 25384
7679 56880
7680 17185
7681 56681
7682 57700
7683 56681
7684 2968
7685 53605
7686 2329
7687 17306
7688 2393
7689 56609
7690 53605
7691 27137
7692 25376
7693 27153
7694 28161
7695 62113
7696 10080
7697 65377
7698 50533
7699 55856
7700 55585
7701 56880
7702 24097
7703 49508
7704 33125
7705 53564
7706 10080
7707 54056
7708 53605
7709 56881
7710 19232
7711 53605
7712 53605
7713 15893
7714 54833
7715 3849
7716 55073
7717 53605
7718 19209
7719 19240
7720 27536
7721 3401
7722 60033
7723 27288
7724 61796
7725 54049
7726 27528
7727 56097
7728 62115
7729 49508
7730 5472
7731 53605
7732 49441
7733 53809
7734 17185
7735 28177
7736 50072
7737 26409
7738 2377
7739 11797
7740 64001
7741 56681
7742 56880
7743 17304
7744 32257
7745 2393
7746 57701
7747 64225
7748 10025
7749 10080
7750 33125
7751 25434
7752 2328
7753 25385
7754 56888
7755 2400
7756 26458
7757 56681
7758 65385
7759 18840
7760 53605
7761 53605
7762 2393
7763 2328
7764 64129
7765 14176
7766 17306
7767 56881
7768 61793
7769 25434
7770 53541
7771 32289
7772 49508
7773 55808
7774 17306
7775 18272
7776 51000
7777 5992
7778 64033
7779 2968
7780 29345
7781 56881
7782 2968
7783 2328
7784 17306
7785 53944
7786 26409
7787 53564
7788 56881
7789 2377
7790 53605
7791 64129
7792 2377
7793 2393
7794 56881
7795 63265
7796 58128
7797 53605
7798 2392
7799 56880
7800 2393
7801 26408
7802 54841
7803 64865
7804 33125
7805 56889
7806 26157
7807 15893
7808 63465
7809 26424
7810 53605
7811 54841
7812 19225
7813 53605
7814 62369
7815 7529
7816 53793
7817 28177
7818 17304
7819 52001
7820 2329
7821 17176
7822 3401
7823 50072
7824 56681
7825 37221
7826 11797
7827 14176
7828 65025
7829 50533
7830 16860
7831 49920
7832 2328
7833 55072
7834 21281
7835 19232
7836 56888
7837 52920
7838 27552
7839 357
7840 40504
7841 49508
7842 58152
7843 3433
7844 64033
7845 18248
7846 27520
7847 33061
7848 25344
7849 2329
7850 25498
7851 2968
7852 56888
7853 10017
7854 53605
7855 2328
7856 62083
7857 56881
7858 64097
7859 5992
7860 58145
7861 28161
7862 49960
7863 2400
7864 56681
7865 10157
7866 17256
7867 53605
7868 55857
7869 10029
7870 18208
7871 2329
7872 58144
7873 11793
7874 59176
7875 53605
7876 10029
7877 2377
7878 53544
7879 49953
7880 17306
7881 52920
7882 25376
7883 50533
7884 2456
7885 25514
7886 55955
7887 65377
7888 60097
7889 50533
7890 23041
7891 49636
7892 63407
7893 62248
7894 64865
7895 54625
7896 56881
7897 25353
7898 2377
7899 18248
7900 17178
7901 56889
7902 56681
7903 28177
7904 31233
7905 49453
7906 23881
7907 2456
7908 50533
7909 65025
7910 49445
7911 49628
7912 56681
7913 56880
7914 53808
7915 56880
7916 56889
7917 53541
7918 55856
7919 27425
7920 56888
7921 18960
7922 2328
7923 63471
7924 49512
7925 33125
7926 2377
7927 18765
7928 64865
7929 56881
7930 25496
7931 2970
7932 19208
7933 27520
7934 56881
7935 25472
7936 53605
7937 56889
7938 49953
7939 58152
7940 25496
7941 53605
7942 27392
7943 28193
7944 57129
7945 25384
7946 27392
7947 65153
7948 5984
7949 10149
7950 14176
7951 19233
7952 20257
7953 16933
7954 15004
7955 27137
7956 53605
7957 53605
7958 10080
7959 54025
7960 10088
7961 49953
7962 56681
7963 10157
7964 27544
7965 56633
7966 53605
7967 62240
7968 53793
7969 53604
7970 57829
7971 56681
7972 18248
7973 2329
7974 19208
7975 25578
7976 60131
7977 19232
7978 27153
7979 27552
7980 17178
7981 2393
7982 53541
7983 51969
7984 56865
7985 56881
7986 53605
7987 64097
7988 5472
7989 14176
7990 32261
7991 27137
7992 55073
7993 19209
7994 2393
7995 7497
7996 23057
7997 28177
7998 2825
7999 16792
8000 14176
8001 10157
8002 49604
8003 25434
8004 28177
8005 59233
8006 54840
8007 53605
8008 54837
8009 56865
8010 56681
8011 56377
8012 2840
8013 54840
8014 49624
8015 872
8016 63469
8017 2393
8018 55955
8019 40484
8020 57144
8021 4968
8022 55832
8023 65120
8024 56881
8025 57129
8026 7497
8027 31249
8028 64296
8029 28161
8030 53048
8031 2377
8032 57792
8033 61281
8034 53605
8035 16744
8036 54064
8037 51744
8038 19201
8039 55080
8040 53605
8041 56673
8042 7533
8043 27425
8044 56889
8045 16744
8046 56889
8047 56120
8048 5984
8049 56881
8050 56617
8051 25344
8052 53541
8053 62377
8054 49961
8055 55841
8056 57185
8057 49509
8058 29611
8059 64032
8060 5477
8061 56880
8062 2377
8063 50992
8064 2393
8065 51000
8066 2393
8067 10157
8068 25384
8069 10157
8070 53605
8071 56681
8072 56881
8073 65121
8074 25368
8075 17176
8076 56888
8077 56880
8078 10080
8079 58272
8080 58138
8081 56681
8082 17308
8083 49628
8084 25232
8085 64097
8086 56888
8087 801
8088 49505
8089 56865
8090 37221
8091 51553
8092 55081
8093 5472
8094 32277
8095 51984
8096 53605
8097 64865
8098 49509
8099 32277
8100 11793
8101 58272
8102 14176
8103 16933
8104 17308
8105 49560
8106 56864
8107 57792
8108 7533
8109 53605
8110 824
8111 49952
8112 10029
8113 18961
8114 2393
8115 54837
8116 2393
8117 56681
8118 19224
8119 19721
8120 53605
8121 14253
8122 56881
8123 25370
8124 2393
8125 2329
8126 11793
8127 55841
8128 25582
8129 56073
8130 56089
8131 55096
8132 26400
8133 2841
8134 25560
8135 2970
8136 19209
8137 60961
8138 56880
8139 49509
8140 19209
8141 52920
8142 10157
8143 10157
8144 53605
8145 56096
8146 56681
8147 56888
8148 55840
8149 60033
8150 17192
8151 2393
8152 26153
8153 64001
8154 59232
8155 64353
8156 56881
8157 24329
8158 65217
8159 52920
8160 65121
8161 53605
8162 10033
8163 64161
8164 10080
8165 49509
8166 10080
8167 49562
8168 60192
8169 58145
8170 55809
8171 26392
8172 27153
8173 25370
8174 25504
8175 64097
8176 53605
8177 53604
8178 53605
8179 33125
8180 2848
8181 17308
8182 27137
8183 51000
8184 17306
8185 56681
8186 26401
8187 29611
8188 56617
8189 2393
8190 2377
8191 56881
8192 56881
8193 17184
8194 10157
8195 19225
8196 49508
8197 872
8198 58144
8199 27400
8200 2841
8201 52000
8202 56865
8203 2840
8204 17184
8205 2377
8206 55073
8207 2377
8208 26405
8209 2328
8210 2392
8211 31249
8212 56681
8213 56881
8214 59937
8215 14176
8216 49624
8217 33125
8218 49953
8219 17308
8220 56633
8221 2393
8222 63469
8223 19785
8224 26401
8225 56881
8226 19224
8227 63264
8228 11793
8229 53024
8230 25498
8231 51000
8232 26392
8233 49564
8234 19216
8235 27560
8236 52009
8237 25434
8238 2377
8239 52001
8240 27152
8241 25344
8242 56673
8243 53285
8244 54048
8245 56681
8246 55856
8247 872
8248 56681
8249 65121
8250 54832
8251 56681
8252 49952
8253 25516
8254 56889
8255 61281
8256 5472
8257 10157
8258 32277
8259 10080
8260 54056
8261 20233
8262 19209
8263 49952
8264 26413
8265 2329
8266 19240
8267 49560
8268 53605
8269 56880
8270 50072
8271 53605
8272 56888
8273 33061
8274 50016
8275 64032
8276 2392
8277 19232
8278 63471
8279 32273
8280 62248
8281 32273
8282 64865
8283 19273
8284 53048
8285 61057
8286 56681
8287 17185
8288 2328
8289 25441
8290 53605
8291 53541
8292 56889
8293 2968
8294 63715
8295 7533
8296 53284
8297 25434
8298 31233
8299 54065
8300 24097
8301 64033
8302 53601
8303 54049
8304 53604
8305 54049
8306 19240
8307 10017
8308 29603
8309 19256
8310 51984
8311 49509
8312 54049
8313 62379
8314 29611
8315 2392
8316 63471
8317 32289
8318 60192
8319 33125
8320 18945
8321 54057
8322 55840
8323 17185
8324 2393
8325 2377
8326 55077
8327 25376
8328 56888
8329 53048
8330 10029
8331 53605
8332 56681
8333 17306
8334 53308
8335 50976
8336 56617
8337 57701
8338 27520
8339 1888
8340 52001
8341 56681
8342 61121
8343 64033
8344 16788
8345 55841
8346 63401
8347 17178
8348 55081
8349 64097
8350 26413
8351 29611
8352 64289
8353 17312
8354 49445
8355 53605
8356 53605
8357 23881
8358 28177
8359 62440
8360 64865
8361 49509
8362 58145
8363 53605
8364 55136
8365 58145
8366 7497
8367 2840
8368 15893
8369 56865
8370 856
8371 56417
8372 56865
8373 56881
8374 56889
8375 47021
8376 49953
8377 14253
8378 56881
8379 2968
8380 40508
8381 10149
8382 58144
8383 32277
8384 5984
8385 5984
8386 53600
8387 2377
8388 16677
8389 65025
8390 56888
8391 55809
8392 63471
8393 26400
8394 49445
8395 25496
8396 16860
8397 4984
8398 23881
8399 25498
8400 53605
8401 64225
8402 2329
8403 2377
8404 49944
8405 63715
8406 2328
8407 56681
8408 2393
8409 25376
8410 56881
8411 49636
8412 872
8413 56681
8414 65377
8415 55136
8416 25512
8417 25384
8418 56681
8419 56881
8420 27392
8421 57697
8422 64129
8423 53280
8424 54064
8425 56681
8426 54057
8427 65057
8428 60192
8429 57129
8430 16672
8431 49961
8432 49921
8433 9064
8434 37221
8435 52000
8436 49945
8437 64865
8438 49505
8439 10157
8440 53285
8441 49573
8442 62371
8443 25512
8444 19256
8445 27424
8446 54048
8447 49572
8448 56681
8449 49445
8450 56889
8451 49953
8452 32273
8453 54832
8454 53605
8455 56888
8456 50992
8457 19224
8458 19288
8459 64033
8460 56681
8461 56681
8462 56673
8463 49445
8464 63403
8465 64129
8466 49508
8467 56864
8468 61224
8469 27393
8470 2393
8471 293
8472 53797
8473 10157
8474 14184
8475 53048
8476 1888
8477 2393
8478 53605
8479 293
8480 64001
8481 25512
8482 56889
8483 2329
8484 60033
8485 56416
8486 63265
8487 62240
8488 58144
8489 10157
8490 49953
8491 63471
8492 56881
8493 54016
8494 49960
8495 63407
8496 56881
8497 20837
8498 49953
8499 14176
8500 54049
8501 19224
8502 2393
8503 53613
8504 56889
8505 54625
8506 56888
8507 65376
8508 64033
8509 65121
8510 56889
8511 55096
8512 49573
8513 53605
8514 17306
8515 53605
8516 65153
8517 54048
8518 56888
8519 29611
8520 62372
8521 56865
8522 54633
8523 56681
8524 58277
8525 25496
8526 2968
8527 53605
8528 23881
8529 58209
8530 49573
8531 56880
8532 64865
8533 53541
8534 62113
8535 17178
8536 28448
8537 2381
8538 56881
8539 49953
8540 19224
8541 2376
8542 53605
8543 53605
8544 63328
8545 2393
8546 49928
8547 2392
8548 2329
8549 2328
8550 23329
8551 54833
8552 49445
8553 25498
8554 60192
8555 64033
8556 58145
8557 63265
8558 59233
8559 56880
8560 16796
8561 51000
8562 64873
8563 11797
8564 55841
8565 32273
8566 49628
8567 50976
8568 49636
8569 56888
8570 17193
8571 63841
8572 27520
8573 56681
8574 2393
8575 1888
8576 55080
8577 56889
8578 49562
8579 55072
8580 56888
8581 2522
8582 2393
8583 4920
8584 56681
8585 2393
8586 61797
8587 2328
8588 2393
8589 28161
8590 56096
8591 2392
8592 54048
8593 2377
8594 32277
8595 57121
8596 2328
8597 28449
8598 27424
8599 27424
8600 27288
8601 62309
8602 2970
8603 63469
8604 50016
8605 51744
8606 56888
8607 63403
8608 55096
8609 63464
8610 27392
8611 49508
8612 49508
8613 17201
8614 17176
8615 27616
8616 23041
8617 1888
8618 53793
8619 24065
8620 17176
8621 55136
8622 49444
8623 56888
8624 26413
8625 40508
8626 64296
8627 59233
8628 23336
8629 64873
8630 19233
8631 10017
8632 28181
8633 29345
8634 51000
8635 49509
8636 17208
8637 7533
8638 2840
8639 18248
8640 10017
8641 60033
8642 49572
8643 2377
8644 49564
8645 64033
8646 55081
8647 58152
8648 65313
8649 19200
8650 58144
8651 25377
8652 49960
8653 49952
8654 58145
8655 56105
8656 27433
8657 56888
8658 64033
8659 57701
8660 49564
8661 49562
8662 27424
8663 53605
8664 54040
8665 56881
8666 25576
8667 53605
8668 55072
8669 3401
8670 49509
8671 60033
8672 49952
8673 19272
8674 2393
8675 16677
8676 56888
8677 56353
8678 54120
8679 26472
8680 27536
8681 25498
8682 55081
8683 53605
8684 856
8685 65120
8686 54841
8687 54049
8688 53285
8689 64865
8690 2328
8691 23881
8692 2328
8693 10088
8694 4968
8695 53605
8696 62380
8697 2970
8698 52000
8699 53605
8700 10157
8701 58208
8702 53605
8703 53605
8704 49952
8705 64097
8706 52001
8707 25514
8708 63471
8709 25512
8710 49960
8711 10080
8712 58145
8713 56880
8714 64033
8715 2329
8716 18761
8717 2329
8718 55809
8719 64033
8720 53605
8721 49562
8722 19354
8723 25496
8724 2328
8725 28449
8726 56681
8727 56681
8728 2329
8729 2970
8730 56881
8731 61793
8732 60097
8733 28177
8734 56881
8735 58138
8736 23881
8737 53604
8738 2393
8739 53605
8740 2329
8741 14113
8742 56681
8743 65121
8744 23881
8745 62240
8746 27528
8747 56849
8748 64865
8749 55080
8750 64033
8751 65057
8752 2970
8753 64033
8754 856
8755 49573
8756 52000
8757 19217
8758 56681
8759 56681
8760 49636
8761 49957
8762 2328
8763 33125
8764 57796
8765 56865
8766 29611
8767 58209
8768 56888
8769 27425
8770 64353
8771 49453
8772 54017
8773 25376
8774 53605
8775 5472
8776 49562
8777 56681
8778 56881
8779 65025
8780 49573
8781 62248
8782 56673
8783 33061
8784 27137
8785 56633
8786 10157
8787 49509
8788 27529
8789 29345
8790 37221
8791 53793
8792 25528
8793 56353
8794 64033
8795 64097
8796 56881
8797 51969
8798 19240
8799 57121
8800 56681
8801 56681
8802 56633
8803 11793
8804 38760
8805 31233
8806 49960
8807 10017
8808 65376
8809 19225
8810 25377
8811 52000
8812 25345
8813 54833
8814 54048
8815 25496
8816 14176
8817 19352
8818 16792
8819 3849
8820 64225
8821 58344
8822 53605
8823 50072
8824 27489
8825 16677
8826 53613
8827 56881
8828 17184
8829 49636
8830 29328
8831 17192
8832 1829
8833 14176
8834 32261
8835 56417
8836 14176
8837 17176
8838 27520
8839 53176
8840 28161
8841 26401
8842 55955
8843 25376
8844 2377
8845 64033
8846 55841
8847 64865
8848 56673
8849 792
8850 11793
8851 49952
8852 56681
8853 17160
8854 17312
8855 58209
8856 27280
8857 5984
8858 56881
8859 27544
8860 2393
8861 58152
8862 58217
8863 59233
8864 56881
8865 49509
8866 64033
8867 2522
8868 56888
8869 56681
8870 53809
8871 55809
8872 10081
8873 49936
8874 26401
8875 27488
8876 53605
8877 2904
8878 64129
8879 28177
8880 53536
8881 5992
8882 56681
8883 53605
8884 56681
8885 57129
8886 25496
8887 53605
8888 33125
8889 56681
8890 54049
8891 49604
8892 57120
8893 59169
8894 17312
8895 49953
8896 14184
8897 49440
8898 23817
8899 25434
8900 10017
8901 4984
8902 64033
8903 58208
8904 19200
8905 62112
8906 19785
8907 58145
8908 32257
8909 62360
8910 62113
8911 54049
8912 63471
8913 59168
8914 23817
8915 49505
8916 19224
8917 2970
8918 14176
8919 64033
8920 4984
8921 55073
8922 56888
8923 19233
8924 61792
8925 49952
8926 19352
8927 49960
8928 25434
8929 49952
8930 11793
8931 60193
8932 56873
8933 6473
8934 19224
8935 2393
8936 28449
8937 2328
8938 49445
8939 17184
8940 51968
8941 49444
8942 2328
8943 61796
8944 19224
8945 56681
8946 2381
8947 49952
8948 53605
8949 62240
8950 53808
8951 56865
8952 16744
8953 27137
8954 10029
8955 64033
8956 10021
8957 54817
8958 65121
8959 2392
8960 57121
8961 10149
8962 56104
8963 2393
8964 2329
8965 49952
8966 49509
8967 56881
8968 25488
8969 17185
8970 49509
8971 18944
8972 2328
8973 53793
8974 27553
8975 64129
8976 57792
8977 27528
8978 2840
8979 2849
8980 25384
8981 54040
8982 64001
8983 51000
8984 59937
8985 49445
8986 57701
8987 15000
8988 26413
8989 56088
8990 63471
8991 49445
8992 17161
8993 56416
8994 54573
8995 2328
8996 11813
8997 2392
8998 17368
8999 4968
9000 28161
9001 60161
9002 10157
9003 49445
9004 49953
9005 26392
9006 60200
9007 888
9008 50985
9009 55081
9010 65025
9011 49944
9012 62381
9013 62379
9014 65120
9015 10017
9016 25377
9017 49921
9018 65377
9019 62113
9020 60193
9021 51969
9022 25578
9023 58145
9024 53541
9025 26474
9026 58209
9027 25368
9028 53537
9029 54841
9030 61217
9031 10033
9032 51000
9033 16677
9034 10017
9035 59168
9036 61796
9037 26409
9038 27153
9039 54056
9040 53605
9041 2377
9042 64033
9043 49445
9044 64097
9045 64001
9046 5984
9047 57185
9048 49944
9049 49952
9050 2393
9051 49445
9052 2377
9053 54072
9054 49508
9055 50016
9056 61797
9057 19352
9058 53605
9059 2968
9060 64865
9061 27153
9062 64033
9063 65377
9064 49960
9065 54625
9066 56889
9067 58145
9068 2377
9069 27153
9070 27137
9071 49509
9072 56888
9073 49573
9074 55809
9075 16744
9076 54328
9077 56889
9078 33125
9079 51000
9080 12065
9081 49505
9082 14176
9083 2840
9084 11793
9085 55808
9086 54821
9087 33061
9088 53605
9089 56881
9090 33061
9091 19233
9092 55096
9093 65121
9094 61224
9095 56097
9096 49564
9097 57701
9098 27425
9099 26413
9100 28193
9101 56864
9102 5992
9103 49957
9104 49509
9105 37688
9106 27424
9107 29611
9108 33125
9109 10157
9110 53605
9111 53793
9112 54016
9113 293
9114 18216
9115 53024
9116 52008
9117 49445
9118 56881
9119 49509
9120 24329
9121 2328
9122 2329
9123 37688
9124 65057
9125 50072
9126 801
9127 2328
9128 65376
9129 64865
9130 58112
9131 5473
9132 19241
9133 54840
9134 56681
9135 25384
9136 25498
9137 60192
9138 2392
9139 61797
9140 64129
9141 55096
9142 53544
9143 19200
9144 14176
9145 2329
9146 62379
9147 26405
9148 56617
9149 64097
9150 2377
9151 53605
9152 49952
9153 56880
9154 55072
9155 23336
9156 10081
9157 856
9158 11793
9159 51000
9160 62240
9161 57097
9162 872
9163 38760
9164 23041
9165 26401
9166 1888
9167 18960
9168 59297
9169 56416
9170 19241
9171 19224
9172 27520
9173 25376
9174 58128
9175 19241
9176 54048
9177 60320
9178 62241
9179 19208
9180 53605
9181 49953
9182 53541
9183 53605
9184 54817
9185 2393
9186 16796
9187 56889
9188 55840
9189 64033
9190 51000
9191 65057
9192 2968
9193 40508
9194 53792
9195 19224
9196 58208
9197 49504
9198 26401
9199 293
9200 56681
9201 56880
9202 49564
9203 53605
9204 54056
9205 2392
9206 16741
9207 6473
9208 56880
9209 2393
9210 49445
9211 49573
9212 24353
9213 56889
9214 2328
9215 65057
9216 54833
9217 58348
9218 32273
9219 25370
9220 49564
9221 50533
9222 2393
9223 49509
9224 10080
9225 27416
9226 3401
9227 54845
9228 10025
9229 51000
9230 65385
9231 2377
9232 56681
9233 32257
9234 61985
9235 33125
9236 54048
9237 10017
9238 872
9239 54056
9240 25377
9241 54048
9242 52001
9243 19240
9244 53605
9245 15000
9246 29592
9247 61985
9248 15000
9249 16740
9250 56105
9251 25474
9252 54048
9253 25376
9254 24329
9255 33061
9256 53605
9257 56089
9258 25370
9259 55081
9260 2377
9261 56681
9262 56888
9263 27424
9264 63585
9265 56880
9266 56888
9267 53605
9268 16856
9269 54040
9270 54633
9271 25504
9272 65313
9273 55073
9274 28448
9275 32273
9276 5992
9277 5984
9278 2329
9279 53605
9280 53024
9281 56889
9282 56889
9283 56865
9284 5992
9285 26401
9286 55809
9287 51000
9288 63841
9289 52000
9290 28161
9291 26145
9292 872
9293 19233
9294 60160
9295 49953
9296 5992
9297 56681
9298 49952
9299 58144
9300 17184
9301 52152
9302 25472
9303 2393
9304 61025
9305 54048
9306 56072
9307 27544
9308 54048
9309 29611
9310 49953
9311 19232
9312 7533
9313 17185
9314 10157
9315 25360
9316 54048
9317 56881
9318 54040
9319 50074
9320 293
9321 4984
9322 2328
9323 14176
9324 55856
9325 51000
9326 56888
9327 57701
9328 55832
9329 17184
9330 2856
9331 37221
9332 56681
9333 55072
9334 62115
9335 52008
9336 1888
9337 19352
9338 28177
9339 28161
9340 57129
9341 19384
9342 27432
9343 25508
9344 59233
9345 23881
9346 7533
9347 49445
9348 49961
9349 56881
9350 28417
9351 37688
9352 26413
9353 64129
9354 19354
9355 19233
9356 20837
9357 62241
9358 26401
9359 2392
9360 57121
9361 27137
9362 65321
9363 19233
9364 55856
9365 60065
9366 25381
9367 2856
9368 55081
9369 27528
9370 49945
9371 19233
9372 57097
9373 56673
9374 53793
9375 25376
9376 53025
9377 49953
9378 54049
9379 53541
9380 37221
9381 52000
9382 49953
9383 56881
9384 25344
9385 58144
9386 52001
9387 62241
9388 53604
9389 62240
9390 55841
9391 62241
9392 28193
9393 19232
9394 59361
9395 55809
9396 27529
9397 54048
9398 19233
9399 58113
9400 27425
9401 1888
9402 28161
9403 56881
9404 54837
9405 60169
9406 27528
9407 53308
9408 56889
9409 49944
9410 10029
9411 19233
9412 56681
9413 56888
9414 55841
9415 55840
9416 49960
9417 2329
9418 922
9419 2968
9420 63272
9421 27392
9422 2377
9423 19233
9424 53280
9425 51000
9426 2328
9427 9064
9428 56681
9429 64097
9430 61985
9431 57129
9432 25368
9433 27489
9434 63265
9435 59169
9436 10157
9437 58209
9438 10080
9439 49445
9440 4984
9441 25376
9442 25441
9443 54048
9444 58144
9445 52001
9446 19233
9447 62309
9448 14176
9449 58112
9450 49508
9451 2968
9452 19224
9453 52024
9454 58152
9455 25578
9456 28177
9457 60033
9458 49952
9459 58152
9460 54056
9461 49928
9462 56880
9463 25512
9464 18248
9465 54056
9466 49564
9467 55072
9468 26409
9469 63264
9470 19233
9471 27400
9472 27424
9473 10157
9474 54048
9475 50016
9476 55073
9477 28177
9478 49956
9479 64033
9480 17240
9481 51000
9482 2841
9483 56880
9484 56865
9485 56864
9486 54048
9487 49445
9488 53541
9489 2328
9490 10029
9491 64033
9492 52001
9493 25512
9494 51000
9495 2392
9496 25368
9497 25370
9498 62112
9499 49697
9500 49445
9501 19273
9502 56881
9503 2377
9504 54049
9505 49573
9506 28177
9507 10088
9508 53284
9509 49956
9510 18760
9511 58145
9512 64032
9513 64288
9514 51969
9515 17184
9516 52000
9517 58112
9518 27424
9519 49921
9520 14177
9521 19273
9522 55809
9523 2329
9524 10157
9525 58273
9526 62309
9527 27433
9528 21288
9529 58144
9530 55072
9531 11793
9532 61281
9533 62304
9534 33061
9535 56681
9536 2329
9537 2970
9538 64161
9539 17304
9540 54817
9541 56880
9542 49976
9543 10017
9544 62392
9545 56881
9546 19272
9547 2329
9548 17176
9549 53809
9550 19201
9551 19288
9552 49968
9553 49628
9554 24329
9555 57792
9556 54625
9557 25496
9558 2329
9559 64033
9560 23881
9561 7529
9562 2328
9563 56865
9564 55073
9565 51976
9566 10029
9567 2840
9568 26405
9569 16744
9570 58277
9571 801
9572 49444
9573 50072
9574 58144
9575 792
9576 58144
9577 27425
9578 33125
9579 4920
9580 54072
9581 58336
9582 59177
9583 56096
9584 20256
9585 52000
9586 55073
9587 62240
9588 10157
9589 19240
9590 49509
9591 27425
9592 56088
9593 52000
9594 10080
9595 61217
9596 21029
9597 54048
9598 54048
9599 64033
9600 25498
9601 49596
9602 49505
9603 53600
9604 64129
9605 54049
9606 52000
9607 54048
9608 49953
9609 17208
9610 61793
9611 2377
9612 10033
9613 23881
9614 64129
9615 54625
9616 2393
9617 61797
9618 25370
9619 54049
9620 64865
9621 3425
9622 25353
9623 2393
9624 28417
9625 57193
9626 2329
9627 61797
9628 10021
9629 2377
9630 12065
9631 62241
9632 29472
9633 65121
9634 64033
9635 50104
9636 50985
9637 49960
9638 27393
9639 65057
9640 25376
9641 49960
9642 49697
9643 62112
9644 18216
9645 62312
9646 4968
9647 65377
9648 49445
9649 56881
9650 56881
9651 27280
9652 29472
9653 58145
9654 51992
9655 25377
9656 17152
9657 21288
9658 17169
9659 27424
9660 49445
9661 49509
9662 58208
9663 27264
9664 53176
9665 49509
9666 53605
9667 61216
9668 58144
9669 54049
9670 17168
9671 26408
9672 19272
9673 17201
9674 56681
9675 65057
9676 49453
9677 18272
9678 56417
9679 53605
9680 4984
9681 56864
9682 49562
9683 59169
9684 49445
9685 23881
9686 26409
9687 57792
9688 56104
9689 53792
9690 16933
9691 27520
9692 55072
9693 51000
9694 58277
9695 27424
9696 65025
9697 54200
9698 64033
9699 65121
9700 49952
9701 28161
9702 56881
9703 2377
9704 19240
9705 25384
9706 54837
9707 27288
9708 19233
9709 27425
9710 2328
9711 56864
9712 19288
9713 53033
9714 17306
9715 49952
9716 61216
9717 26145
9718 63264
9719 27392
9720 58145
9721 16741
9722 17176
9723 56681
9724 52001
9725 25370
9726 54049
9727 27393
9728 19233
9729 17160
9730 25376
9731 17192
9732 49453
9733 54048
9734 32257
9735 25376
9736 25376
9737 51969
9738 25377
9739 2377
9740 65377
9741 25441
9742 51000
9743 56888
9744 56096
9745 25376
9746 10080
9747 9196
9748 53797
9749 64033
9750 2377
9751 33125
9752 56681
9753 53613
9754 28456
9755 52008
9756 57145
9757 357
9758 27424
9759 2328
9760 7529
9761 56673
9762 2840
9763 32257
9764 56881
9765 58144
9766 56881
9767 51969
9768 2393
9769 25440
9770 49952
9771 25345
9772 55072
9773 2328
9774 60193
9775 54017
9776 18961
9777 62371
9778 49509
9779 5473
9780 56617
9781 19328
9782 56096
9783 54016
9784 54057
9785 55840
9786 25377
9787 49953
9788 54048
9789 49952
9790 27528
9791 49953
9792 25472
9793 14176
9794 27425
9795 27520
9796 56104
9797 27393
9798 52001
9799 6409
9800 60192
9801 64001
9802 51000
9803 58144
9804 49445
9805 31249
9806 64865
9807 55585
9808 56881
9809 55145
9810 28161
9811 14184
9812 2328
9813 64001
9814 2328
9815 49509
9816 11793
9817 53808
9818 27520
9819 56881
9820 2393
9821 11793
9822 10025
9823 49332
9824 61925
9825 2400
9826 62376
9827 65025
9828 54056
9829 64033
9830 7501
9831 56865
9832 65313
9833 38760
9834 65385
9835 64033
9836 2329
9837 64032
9838 2840
9839 64033
9840 38760
9841 65377
9842 2970
9843 54060
9844 27425
9845 55081
9846 5992
9847 25580
9848 50017
9849 49445
9850 49953
9851 56881
9852 29611
9853 54841
9854 55080
9855 55073
9856 55072
9857 49953
9858 63265
9859 27424
9860 65321
9861 31233
9862 55832
9863 50977
9864 53176
9865 27393
9866 49953
9867 54053
9868 16740
9869 52001
9870 56681
9871 53605
9872 5992
9873 10033
9874 27425
9875 31377
9876 49572
9877 14184
9878 53536
9879 2377
9880 60193
9881 64865
9882 19233
9883 19209
9884 54840
9885 53176
9886 65121
9887 2968
9888 14176
9889 50977
9890 49572
9891 14176
9892 14176
9893 49957
9894 25352
9895 61797
9896 65057
9897 26409
9898 10033
9899 25498
9900 26400
9901 64033
9902 49509
9903 49564
9904 64353
9905 64001
9906 17176
9907 55072
9908 53604
9909 56881
9910 49509
9911 29328
9912 52024
9913 10080
9914 19328
9915 54056
9916 25377
9917 33125
9918 49952
9919 53605
9920 56681
9921 56681
9922 49952
9923 64161
9924 49961
9925 2329
9926 55841
9927 54048
9928 49961
9929 26400
9930 54048
9931 29600
9932 16740
9933 55841
9934 9196
9935 26465
9936 13997
9937 32257
9938 51992
9939 58113
9940 19240
9941 54048
9942 51977
9943 27393
9944 49637
9945 49957
9946 2968
9947 19224
9948 56089
9949 56681
9950 2377
9951 53605
9952 53605
9953 56680
9954 54056
9955 60193
9956 5984
9957 18761
9958 51000
9959 61797
9960 52001
9961 49976
9962 54048
9963 5992
9964 62240
9965 19233
9966 55585
9967 58120
9968 49562
9969 16860
9970 2377
9971 56881
9972 49445
9973 58144
9974 19384
9975 64416
9976 60192
9977 25498
9978 25507
9979 53793
9980 56864
9981 62248
9982 25377
9983 49957
9984 52008
9985 65377
9986 64033
9987 27432
9988 58152
9989 25376
9990 60192
9991 58144
9992 872
9993 4984
9994 56880
9995 49952
9996 25384
9997 25376
9998 25488
9999 56888
10000 58144
10001 49445
10002 19233
10003 53605
10004 25506
10005 53048
10006 64097
10007 27520
10008 33125
10009 54048
10010 49572
10011 25480
10012 56888
10013 18208
10014 49509
10015 62083
10016 25480
10017 56104
10018 20233
10019 53048
10020 53176
10021 20233
10022 60192
10023 49961
10024 27528
10025 49957
10026 56681
10027 10157
10028 59169
10029 27392
10030 19216
10031 49921
10032 55080
10033 33125
10034 17168
10035 49508
10036 54629
10037 18248
10038 61985
10039 56865
10040 17308
10041 293
10042 33125
10043 16736
10044 49929
10045 5984
10046 49509
10047 55585
10048 2329
10049 32289
10050 56096
10051 55808
10052 6473
10053 56681
10054 54833
10055 3401
10056 49509
10057 55080
10058 56889
10059 27425
10060 53285
10061 49953
10062 19208
10063 64001
10064 55081
10065 17178
10066 58145
10067 19216
10068 49952
10069 7529
10070 55081
10071 56417
10072 64865
10073 58145
10074 64097
10075 64865
10076 10021
10077 64288
10078 23041
10079 19216
10080 60192
10081 49952
10082 49509
10083 54048
10084 31249
10085 17184
10086 23817
10087 25488
10088 19785
10089 50024
10090 53541
10091 49960
10092 60033
10093 27424
10094 53605
10095 2328
10096 49509
10097 25576
10098 49509
10099 2328
10100 24329
10101 23881
10102 53809
10103 52000
10104 53604
10105 58145
10106 10017
10107 49952
10108 58144
10109 53033
10110 49952
10111 58145
10112 53605
10113 49573
10114 11041
10115 49960
10116 58153
10117 53605
10118 53605
10119 33125
10120 19272
10121 2392
10122 55080
10123 57129
10124 49572
10125 50104
10126 54112
10127 17189
10128 19224
10129 27544
10130 60192
10131 49504
10132 56880
10133 49509
10134 51968
10135 53541
10136 59233
10137 2392
10138 64097
10139 56888
10140 64033
10141 64865
10142 28457
10143 18697
10144 24329
10145 2329
10146 55840
10147 51000
10148 64033
10149 2377
10150 56881
10151 55841
10152 19217
10153 10157
10154 54049
10155 26145
10156 49573
10157 27137
10158 25376
10159 1888
10160 58144
10161 65377
10162 63265
10163 56673
10164 56617
10165 10080
10166 38760
10167 50985
10168 27488
10169 60264
10170 51553
10171 49509
10172 23881
10173 58112
10174 56377
10175 58145
10176 53605
10177 2968
10178 60193
10179 25582
10180 25515
10181 33125
10182 55081
10183 31233
10184 58144
10185 49952
10186 27425
10187 60192
10188 27392
10189 49508
10190 2329
10191 49953
10192 49636
10193 25376
10194 63471
10195 27424
10196 54053
10197 27544
10198 49445
10199 17308
10200 62376
10201 29600
10202 25344
10203 54048
10204 49952
10205 58144
10206 60193
10207 53605
10208 49509
10209 50992
10210 16794
10211 53285
10212 49953
10213 56888
10214 56617
10215 64865
10216 56889
10217 26409
10218 64033
10219 2376
10220 17208
10221 10017
10222 24353
10223 7529
10224 51000
10225 53549
10226 3433
10227 11793
10228 10021
10229 50977
10230 19224
10231 58112
10232 10021
10233 19225
10234 18248
10235 54056
10236 6473
10237 10017
10238 53604
10239 49440
10240 53600
10241 58277
10242 27400
10243 54049
10244 25512
10245 1888
10246 25370
10247 2328
10248 25440
10249 27401
10250 28177
10251 10029
10252 5992
10253 53605
10254 56681
10255 58208
10256 19225
10257 11041
10258 27424
10259 56673
10260 27137
10261 62240
10262 49960
10263 25368
10264 5473
10265 2329
10266 55840
10267 49952
10268 57696
10269 49953
10270 49952
10271 27424
10272 54056
10273 25560
10274 25576
10275 56097
10276 55081
10277 58152
10278 58144
10279 27425
10280 58121
10281 49953
10282 57697
10283 19352
10284 55841
10285 7497
10286 64033
10287 60257
10288 50072
10289 23885
10290 20837
10291 14176
10292 62304
10293 29600
10294 56888
10295 32273
10296 56681
10297 58145
10298 63337
10299 14176
10300 25368
10301 56681
10302 25434
10303 51000
10304 5984
10305 2377
10306 2377
10307 53025
10308 54053
10309 25384
10310 56889
10311 62368
10312 56865
10313 24097
10314 49564
10315 50992
10316 37221
10317 25472
10318 17184
10319 64033
10320 5984
10321 65057
10322 64097
10323 59169
10324 25377
10325 60257
10326 17152
10327 58121
10328 25514
10329 2840
10330 27288
10331 25506
10332 2968
10333 61217
10334 49920
10335 59169
10336 54048
10337 25377
10338 25376
10339 27520
10340 53033
10341 25496
10342 9196
10343 65313
10344 57129
10345 58344
10346 56096
10347 64033
10348 29611
10349 49508
10350 2328
10351 19225
10352 50976
10353 49960
10354 49953
10355 49564
10356 52001
10357 49952
10358 27265
10359 55073
10360 33125
10361 52016
10362 56105
10363 52120
10364 53605
10365 49445
10366 58208
10367 26400
10368 2329
10369 49596
10370 53604
10371 23817
10372 16792
10373 51000
10374 54049
10375 26413
10376 2392
10377 888
10378 10080
10379 19233
10380 10021
10381 19224
10382 49445
10383 23881
10384 14176
10385 58152
10386 56881
10387 56096
10388 51976
10389 56881
10390 2328
10391 10021
10392 64001
10393 49952
10394 65312
10395 53605
10396 19240
10397 4449
10398 56617
10399 54072
10400 55841
10401 64033
10402 65377
10403 2377
10404 17248
10405 888
10406 54049
10407 27408
10408 28521
10409 25377
10410 25480
10411 49445
10412 25514
10413 61797
10414 33125
10415 2329
10416 55088
10417 56881
10418 27432
10419 62241
10420 53025
10421 19232
10422 9196
10423 51976
10424 62372
10425 56681
10426 10029
10427 63272
10428 52000
10429 19209
10430 49573
10431 18209
10432 49445
10433 52001
10434 49445
10435 58152
10436 56865
10437 2968
10438 49952
10439 58144
10440 27496
10441 54056
10442 26409
10443 49960
10444 58144
10445 25514
10446 49961
10447 28449
10448 56104
10449 60192
10450 54120
10451 49952
10452 25352
10453 58209
10454 51976
10455 54016
10456 2329
10457 33125
10458 824
10459 19224
10460 63841
10461 2393
10462 64001
10463 5984
10464 21029
10465 57816
10466 20233
10467 54837
10468 7497
10469 2328
10470 49952
10471 17153
10472 53793
10473 64097
10474 10088
10475 56673
10476 3433
10477 28161
10478 53176
10479 2393
10480 5984
10481 17178
10482 54565
10483 32257
10484 31249
10485 23817
10486 53176
10487 2393
10488 54816
10489 51000
10490 2329
10491 25377
10492 55072
10493 52008
10494 53605
10495 64097
10496 58113
10497 55585
10498 4984
10499 26145
10500 53600
10501 53604
10502 25480
10503 65121
10504 54049
10505 57697
10506 54056
10507 55073
10508 23041
10509 50977
10510 17193
10511 25377
10512 28177
10513 27520
10514 58152
10515 52000
10516 58120
10517 62240
10518 57701
10519 58273
10520 64416
10521 62371
10522 54049
10523 63403
10524 49509
10525 49445
10526 55857
10527 27400
10528 27425
10529 51976
10530 62444
10531 55073
10532 54049
10533 58144
10534 49953
10535 51000
10536 52009
10537 27528
10538 49952
10539 49945
10540 17152
10541 63403
10542 33125
10543 49445
10544 54565
10545 54573
10546 10017
10547 19354
10548 64033
10549 56681
10550 59937
10551 2329
10552 55096
10553 62113
10554 19209
10555 6473
10556 56888
10557 53048
10558 56881
10559 54625
10560 56889
10561 5992
10562 7501
10563 55841
10564 19288
10565 33125
10566 64865
10567 55096
10568 25376
10569 50992
10570 824
10571 53797
10572 357
10573 31521
10574 64865
10575 49509
10576 2377
10577 49936
10578 27528
10579 54841
10580 56881
10581 64033
10582 55096
10583 26153
10584 64865
10585 25576
10586 49508
10587 18272
10588 2377
10589 57697
10590 63715
10591 57129
10592 56681
10593 53605
10594 49953
10595 54072
10596 60160
10597 50072
10598 29611
10599 29611
10600 19721
10601 25514
10602 2328
10603 60193
10604 29611
10605 10157
10606 19225
10607 59169
10608 54024
10609 59168
10610 62433
10611 25506
10612 50985
10613 19200
10614 49509
10615 27424
10616 27464
10617 56096
10618 51984
10619 53025
10620 49445
10621 63403
10622 56881
10623 2393
10624 2329
10625 17185
10626 49509
10627 52000
10628 29608
10629 11793
10630 54120
10631 33125
10632 25376
10633 27464
10634 14113
10635 17308
10636 19256
10637 27137
10638 56865
10639 64161
10640 53544
10641 51000
10642 49441
10643 61792
10644 50072
10645 56881
10646 16860
10647 3401
10648 16788
10649 25248
10650 57144
10651 19201
10652 14176
10653 53600
10654 23881
10655 872
10656 27137
10657 25381
10658 56880
10659 55841
10660 56889
10661 37221
10662 2393
10663 17304
10664 25377
10665 19352
10666 58152
10667 49636
10668 54573
10669 49509
10670 2393
10671 65377
10672 64033
10673 17184
10674 53032
10675 6409
10676 55072
10677 52001
10678 27424
10679 54053
10680 56673
10681 65377
10682 62240
10683 58144
10684 7497
10685 824
10686 19232
10687 53605
10688 29328
10689 28177
10690 62379
10691 63329
10692 54057
10693 31233
10694 27560
10695 59233
10696 49509
10697 52008
10698 27280
10699 17201
10700 57701
10701 49445
10702 2328
10703 63841
10704 10157
10705 49960
10706 33125
10707 16741
10708 55809
10709 23041
10710 62379
10711 52001
10712 25474
10713 52001
10714 26472
10715 27425
10716 26401
10717 58145
10718 19201
10719 19233
10720 54016
10721 55072
10722 2848
10723 49573
10724 55585
10725 58145
10726 49453
10727 17157
10728 59937
10729 5984
10730 19241
10731 51744
10732 16796
10733 25516
10734 28193
10735 2840
10736 19352
10737 10088
10738 25432
10739 10080
10740 49952
10741 63585
10742 65377
10743 17176
10744 59240
10745 55955
10746 54056
10747 10029
10748 64416
10749 63336
10750 25370
10751 56881
10752 25344
10753 53605
10754 49944
10755 49573
10756 18945
10757 53605
10758 2392
10759 19200
10760 357
10761 2840
10762 49445
10763 51977
10764 49952
10765 62240
10766 17153
10767 60169
10768 25496
10769 49509
10770 58152
10771 27393
10772 19208
10773 53024
10774 60193
10775 62248
10776 49952
10777 27393
10778 58144
10779 49928
10780 58144
10781 49953
10782 61985
10783 17168
10784 49936
10785 59169
10786 49509
10787 53605
10788 26401
10789 27544
10790 25385
10791 27424
10792 7501
10793 25512
10794 49445
10795 25488
10796 2328
10797 54625
10798 20257
10799 54048
10800 27153
10801 54629
10802 59169
10803 25352
10804 27424
10805 53605
10806 62240
10807 19200
10808 58213
10809 25496
10810 54625
10811 49952
10812 18977
10813 9196
10814 49445
10815 49953
10816 25448
10817 62368
10818 18697
10819 51000
10820 65025
10821 17188
10822 49509
10823 51000
10824 18248
10825 52001
10826 49332
10827 28177
10828 25480
10829 2329
10830 27433
10831 56120
10832 19224
10833 54049
10834 19224
10835 60131
10836 25504
10837 2840
10838 19352
10839 27416
10840 61797
10841 32273
10842 23881
10843 2328
10844 56673
10845 2968
10846 28417
10847 25440
10848 56673
10849 49445
10850 49952
10851 2377
10852 52009
10853 65377
10854 25360
10855 10021
10856 56617
10857 872
10858 56104
10859 19232
10860 55072
10861 19201
10862 19232
10863 25515
10864 62376
10865 3849
10866 29611
10867 2377
10868 2393
10869 25441
10870 55072
10871 55080
10872 27424
10873 4453
10874 27432
10875 58144
10876 57120
10877 53605
10878 60257
10879 25560
10880 49509
10881 25345
10882 58152
10883 62379
10884 27265
10885 19233
10886 55080
10887 56888
10888 58272
10889 7497
10890 25232
10891 27528
10892 19233
10893 25376
10894 58276
10895 56088
10896 58112
10897 49960
10898 25344
10899 63336
10900 27529
10901 25472
10902 49952
10903 49509
10904 58144
10905 58145
10906 33125
10907 19200
10908 19352
10909 65120
10910 57193
10911 49976
10912 53604
10913 52000
10914 20837
10915 32277
10916 17185
10917 872
10918 26424
10919 50533
10920 65089
10921 2376
10922 2329
10923 49944
10924 56881
10925 18945
10926 2393
10927 65377
10928 16677
10929 25498
10930 53605
10931 4453
10932 5984
10933 49952
10934 2377
10935 53048
10936 55840
10937 56097
10938 51000
10939 18840
10940 56681
10941 64033
10942 50016
10943 26409
10944 9196
10945 56673
10946 49960
10947 55073
10948 56681
10949 56681
10950 49441
10951 65121
10952 57129
10953 49953
10954 55857
10955 64033
10956 4984
10957 19200
10958 10016
10959 54049
10960 27528
10961 65376
10962 27296
10963 56864
10964 27392
10965 64033
10966 62371
10967 63471
10968 49509
10969 54057
10970 55080
10971 58145
10972 49952
10973 2393
10974 64289
10975 58144
10976 54049
10977 27392
10978 12065
10979 25514
10980 27280
10981 49445
10982 49952
10983 2393
10984 27400
10985 56865
10986 25482
10987 27544
10988 51976
10989 54048
10990 25345
10991 49953
10992 58209
10993 62248
10994 54832
10995 56673
10996 58112
10997 17152
10998 26392
10999 51000
11000 62392
11001 49952
11002 19233
11003 53792
11004 49953
11005 55080
11006 49960
11007 51976
11008 49952
11009 17160
11010 17192
11011 25472
11012 53605
11013 805
11014 10017
11015 805
11016 63841
11017 17248
11018 62380
11019 17184
11020 25580
11021 19721
11022 53605
11023 2377
11024 32257
11025 25434
11026 18760
11027 53540
11028 16744
11029 49508
11030 31249
11031 51000
11032 55832
11033 64033
11034 51000
11035 53797
11036 16856
11037 1896
11038 60257
11039 64865
11040 19352
11041 53540
11042 21029
11043 53604
11044 64865
11045 10029
11046 10017
11047 64416
11048 19232
11049 54048
11050 52016
11051 62440
11052 25370
11053 62112
11054 54057
11055 50016
11056 11041
11057 50976
11058 25496
11059 27416
11060 2968
11061 25345
11062 27393
11063 19233
11064 16741
11065 49445
11066 27425
11067 49953
11068 58153
11069 33061
11070 19233
11071 25376
11072 37221
11073 58144
11074 54040
11075 54049
11076 25370
11077 49952
11078 59168
11079 51984
11080 62240
11081 10157
11082 56681
11083 58144
11084 53605
11085 27424
11086 54049
11087 33125
11088 49953
11089 25368
11090 54057
11091 19233
11092 59177
11093 64865
11094 27424
11095 50984
11096 17185
11097 33061
11098 19232
11099 51000
11100 2328
11101 56681
11102 64033
11103 2409
11104 26401
11105 19224
11106 2968
11107 61793
11108 58145
11109 50072
11110 55857
11111 53541
11112 51000
11113 2393
11114 28449
11115 64033
11116 5984
11117 55072
11118 17184
11119 61793
11120 824
11121 25370
11122 7529
11123 49628
11124 18945
11125 56096
11126 2393
11127 25377
11128 64001
11129 55841
11130 61225
11131 65121
11132 65025
11133 19208
11134 49509
11135 56681
11136 27425
11137 10025
11138 62240
11139 55825
11140 56865
11141 28449
11142 55073
11143 53025
11144 64001
11145 58144
11146 56881
11147 58149
11148 50992
11149 49952
11150 61797
11151 19216
11152 49953
11153 19232
11154 17185
11155 54057
11156 53793
11157 56097
11158 63336
11159 25509
11160 49509
11161 16736
11162 53541
11163 17184
11164 56104
11165 27432
11166 49960
11167 58144
11168 49952
11169 63272
11170 56881
11171 49445
11172 19288
11173 2840
11174 27393
11175 54049
11176 65025
11177 19232
11178 25504
11179 19201
11180 25384
11181 29611
11182 51969
11183 25515
11184 27489
11185 25381
11186 49953
11187 49960
11188 17184
11189 2381
11190 18761
11191 49509
11192 10017
11193 824
11194 25381
11195 55073
11196 17161
11197 23885
11198 55080
11199 26408
11200 52016
11201 52009
11202 18248
11203 28161
11204 1888
11205 25368
11206 57121
11207 19232
11208 51000
11209 10081
11210 18208
11211 64033
11212 5992
11213 28448
11214 17306
11215 2328
11216 64865
11217 64097
11218 2968
11219 27560
11220 37221
11221 4453
11222 49332
11223 56681
11224 55073
11225 53600
11226 17185
11227 25448
11228 49952
11229 53944
11230 25474
11231 33125
11232 60193
11233 57121
11234 52001
11235 19224
11236 19200
11237 49961
11238 56104
11239 56097
11240 25068
11241 33125
11242 25498
11243 49509
11244 14253
11245 27488
11246 49960
11247 27425
11248 49509
11249 2392
11250 25377
11251 25381
11252 25496
11253 62304
11254 58144
11255 29611
11256 20256
11257 27265
11258 25504
11259 54072
11260 61797
11261 51969
11262 58216
11263 25514
11264 62241
11265 29611
11266 19201
11267 19200
11268 2329
11269 57121
11270 52000
11271 23817
11272 25496
11273 49445
11274 2328
11275 49928
11276 57144
11277 2377
11278 50992
11279 56673
11280 2392
11281 2392
11282 65377
11283 10016
11284 55093
11285 2841
11286 56681
11287 60033
11288 64416
11289 1829
11290 31233
11291 55857
11292 7529
11293 10016
11294 18761
11295 19225
11296 23041
11297 49509
11298 357
11299 2329
11300 56865
11301 58149
11302 17308
11303 63336
11304 10021
11305 65121
11306 10025
11307 3849
11308 55073
11309 58145
11310 27401
11311 27424
11312 25498
11313 33125
11314 26413
11315 62304
11316 17306
11317 19216
11318 49509
11319 49953
11320 53537
11321 19232
11322 2849
11323 25376
11324 25352
11325 62379
11326 49508
11327 25496
11328 29611
11329 19209
11330 54057
11331 33125
11332 54056
11333 29611
11334 25344
11335 55085
11336 57121
11337 33125
11338 17192
11339 25344
11340 2328
11341 25384
11342 17193
11343 58144
11344 2393
11345 17184
11346 17176
11347 49952
11348 63272
11349 49968
11350 49952
11351 53541
11352 57701
11353 64289
11354 49968
11355 27489
11356 28512
11357 49509
11358 27296
11359 49952
11360 19240
11361 25576
11362 2841
11363 17304
11364 49953
11365 65385
11366 49961
11367 53541
11368 49572
11369 2376
11370 53601
11371 53605
11372 25504
11373 57129
11374 62264
11375 55072
11376 64865
11377 60035
11378 51000
11379 29592
11380 49445
11381 53608
11382 29624
11383 49332
11384 56681
11385 61797
11386 63265
11387 49961
11388 65377
11389 62817
11390 27424
11391 49564
11392 2456
11393 5992
11394 25509
11395 49952
11396 64225
11397 54056
11398 49961
11399 15893
11400 54056
11401 62444
11402 58144
11403 54049
11404 51992
11405 58272
11406 56673
11407 33125
11408 23881
11409 56881
11410 28177
11411 21281
11412 17152
11413 51968
11414 11809
11415 50977
11416 54837
11417 27265
11418 62240
11419 25496
11420 62377
11421 62264
11422 62241
11423 51977
11424 27425
11425 52001
11426 54840
11427 31377
11428 18840
11429 2970
11430 60192
11431 29472
11432 53797
11433 49445
11434 58145
11435 54052
11436 25474
11437 25576
11438 33125
11439 62309
11440 49928
11441 49509
11442 59169
11443 54053
11444 25514
11445 58145
11446 62444
11447 17152
11448 49509
11449 2393
11450 1888
11451 51000
11452 58208
11453 23817
11454 2840
11455 64033
11456 54048
11457 60160
11458 16796
11459 16744
11460 57792
11461 56880
11462 2392
11463 2377
11464 5992
11465 2393
11466 64097
11467 65377
11468 2522
11469 2393
11470 2393
11471 50976
11472 18208
11473 19352
11474 63265
11475 54072
11476 5984
11477 53604
11478 54837
11479 2593
11480 28177
11481 27425
11482 56097
11483 57121
11484 65121
11485 25434
11486 2841
11487 2856
11488 6409
11489 49445
11490 49628
11491 56681
11492 14176
11493 49509
11494 10021
11495 25562
11496 29480
11497 57144
11498 49509
11499 2393
11500 58112
11501 59937
11502 25488
11503 25344
11504 64097
11505 2393
11506 27528
11507 33125
11508 25416
11509 27408
11510 54072
11511 62372
11512 53604
11513 58144
11514 29610
11515 29603
11516 25352
11517 59168
11518 25496
11519 55073
11520 25560
11521 17185
11522 33125
11523 63265
11524 19224
11525 3433
11526 25345
11527 28161
11528 64289
11529 54048
11530 54048
11531 61797
11532 25496
11533 52025
11534 55080
11535 58145
11536 37157
11537 59233
11538 27425
11539 11809
11540 27424
11541 56096
11542 17248
11543 53793
11544 56105
11545 51000
11546 17368
11547 53808
11548 65385
11549 2968
11550 19354
11551 18208
11552 19241
11553 52001
11554 65057
11555 2377
11556 53048
11557 32257
11558 49504
11559 5984
11560 53605
11561 64033
11562 19232
11563 50072
11564 2593
11565 25507
11566 3401
11567 49968
11568 55080
11569 64097
11570 2393
11571 56681
11572 55808
11573 49628
11574 2840
11575 4984
11576 65025
11577 17184
11578 19208
11579 2840
11580 19216
11581 19224
11582 17152
11583 64289
11584 2393
11585 19208
11586 17193
11587 27416
11588 25496
11589 49960
11590 54016
11591 54817
11592 28457
11593 17184
11594 17185
11595 26400
11596 25496
11597 53025
11598 61861
11599 56064
11600 25480
11601 25576
11602 25472
11603 54048
11604 2856
11605 60256
11606 11041
11607 25344
11608 52000
11609 49517
11610 19200
11611 19232
11612 60192
11613 62379
11614 49953
11615 49509
11616 29472
11617 64288
11618 60065
11619 19208
11620 17304
11621 49509
11622 53605
11623 64225
11624 25496
11625 5984
11626 64033
11627 3401
11628 19785
11629 51000
11630 25381
11631 2377
11632 58120
11633 49953
11634 55840
11635 49332
11636 54048
11637 2393
11638 7497
11639 65377
11640 26393
11641 26401
11642 16860
11643 856
11644 56673
11645 2392
11646 19216
11647 2522
11648 56417
11649 14176
11650 19272
11651 65376
11652 62376
11653 54049
11654 54049
11655 17152
11656 33061
11657 56681
11658 32277
11659 49509
11660 53600
11661 2392
11662 53549
11663 2392
11664 888
11665 49509
11666 17304
11667 53537
11668 64097
11669 56104
11670 65376
11671 51000
11672 7529
11673 38760
11674 54064
11675 27529
11676 18761
11677 14176
11678 58145
11679 2392
11680 60192
11681 64033
11682 25474
11683 49445
11684 49509
11685 18272
11686 25345
11687 19201
11688 63471
11689 64129
11690 62370
11691 55073
11692 17178
11693 59232
11694 58153
11695 25576
11696 58152
11697 56617
11698 17176
11699 55073
11700 17169
11701 49509
11702 49509
11703 54048
11704 25512
11705 2328
11706 29609
11707 28457
11708 64033
11709 25232
11710 62371
11711 49961
11712 56105
11713 49445
11714 25345
11715 27528
11716 53605
11717 49960
11718 49953
11719 53601
11720 54837
11721 27425
11722 49564
11723 11793
11724 56681
11725 25353
11726 55832
11727 53604
11728 65377
11729 25441
11730 49969
11731 33125
11732 54837
11733 53176
11734 10088
11735 50017
11736 62368
11737 60161
11738 58153
11739 19233
11740 49573
11741 53605
11742 49697
11743 4984
11744 19209
11745 61217
11746 2328
11747 56633
11748 56097
11749 49509
11750 17161
11751 17304
11752 17185
11753 25370
11754 7497
11755 64033
11756 2377
11757 19232
11758 19352
11759 62440
11760 54049
11761 27425
11762 54048
11763 19201
11764 58144
11765 49444
11766 49445
11767 54833
11768 19217
11769 25496
11770 52009
11771 21288
11772 25448
11773 54056
11774 25506
11775 52000
11776 62373
11777 63272
11778 18945
11779 51744
11780 49953
11781 27520
11782 17185
11783 62240
11784 49509
11785 54056
11786 17160
11787 53605
11788 2377
11789 60201
11790 2968
11791 57796
11792 33125
11793 25377
11794 64033
11795 49952
11796 62376
11797 10017
11798 58113
11799 49944
11800 2392
11801 27425
11802 51553
11803 19328
11804 49573
11805 18840
11806 56681
11807 25344
11808 61796
11809 27489
11810 25376
11811 53604
11812 27432
11813 29608
11814 27280
11815 54049
11816 53544
11817 25376
11818 52001
11819 54072
11820 11797
11821 2392
11822 25377
11823 2376
11824 65025
11825 64129
11826 16796
11827 54065
11828 27424
11829 62312
11830 19209
11831 26409
11832 54052
11833 19224
11834 56673
11835 10080
11836 49604
11837 357
11838 55809
11839 32257
11840 61121
11841 27425
11842 7497
11843 56681
11844 32273
11845 19224
11846 28161
11847 2329
11848 2328
11849 2393
11850 64033
11851 49628
11852 56865
11853 18840
11854 10029
11855 55072
11856 17168
11857 56681
11858 65377
11859 60320
11860 56681
11861 27489
11862 58149
11863 49976
11864 16796
11865 25496
11866 26401
11867 27544
11868 25472
11869 27425
11870 19241
11871 19233
11872 17184
11873 49953
11874 49961
11875 56681
11876 49953
11877 55072
11878 19233
11879 28161
11880 14113
11881 27456
11882 25432
11883 11813
11884 53605
11885 53549
11886 9196
11887 49509
11888 58273
11889 2848
11890 62309
11891 25480
11892 49509
11893 27520
11894 56097
11895 56072
11896 27488
11897 25368
11898 58145
11899 19201
11900 19233
11901 2840
11902 57792
11903 57121
11904 25376
11905 25496
11906 64416
11907 52001
11908 19232
11909 56880
11910 59169
11911 20257
11912 58344
11913 58152
11914 17152
11915 58152
11916 20257
11917 56097
11918 49573
11919 25440
11920 51968
11921 53605
11922 29584
11923 25496
11924 50984
11925 28448
11926 54056
11927 19233
11928 53604
11929 54056
11930 29672
11931 2329
11932 54048
11933 52016
11934 16748
11935 25345
11936 49440
11937 2328
11938 16796
11939 54056
11940 14176
11941 10025
11942 16748
11943 25512
11944 19354
11945 50992
11946 56681
11947 51000
11948 52009
11949 10088
11950 54841
11951 27432
11952 56673
11953 21029
11954 49960
11955 53176
11956 10029
11957 27392
11958 19225
11959 61217
11960 65057
11961 49628
11962 60192
11963 58273
11964 56097
11965 54833
11966 64033
11967 25512
11968 49504
11969 49504
11970 37157
11971 58145
11972 28177
11973 25490
11974 27393
11975 58145
11976 62376
11977 58144
11978 56880
11979 60160
11980 49952
11981 58144
11982 60168
11983 26409
11984 25376
11985 27560
11986 19201
11987 49445
11988 53605
11989 52000
11990 25353
11991 27425
11992 52025
11993 25376
11994 64289
11995 54056
11996 29611
11997 49952
11998 53541
11999 25068
12000 25496
12001 19201
12002 53605
12003 56065
12004 25377
12005 59232
12006 53605
12007 27393
12008 1896
12009 49953
12010 58153
12011 28457
12012 19201
12013 59176
12014 25472
12015 25376
12016 62248
12017 14176
12018 63272
12019 64033
12020 53541
12021 63265
12022 55072
12023 11797
12024 54048
12025 27424
12026 31233
12027 27432
12028 63336
12029 49573
12030 49953
12031 29603
12032 25496
12033 58145
12034 25384
12035 25576
12036 25514
12037 57829
12038 16740
12039 2329
12040 5984
12041 25488
12042 26401
12043 17184
12044 25385
12045 54833
12046 18760
12047 64033
12048 50992
12049 61797
12050 2329
12051 60033
12052 54624
12053 58144
12054 26536
12055 17184
12056 56088
12057 62312
12058 55080
12059 17176
12060 50017
12061 25370
12062 49960
12063 56673
12064 27433
12065 50104
12066 64033
12067 18248
12068 49953
12069 64097
12070 32273
12071 64865
12072 53308
12073 55073
12074 64033
12075 1888
12076 56881
12077 51000
12078 2968
12079 62369
12080 65377
12081 64097
12082 56681
12083 19209
12084 58145
12085 53540
12086 49952
12087 60192
12088 54049
12089 58144
12090 26145
12091 53545
12092 54048
12093 24936
12094 17304
12095 49961
12096 1896
12097 25472
12098 49968
12099 49564
12100 26400
12101 19209
12102 25440
12103 26408
12104 27544
12105 54040
12106 27424
12107 53540
12108 12065
12109 17192
12110 49953
12111 53025
12112 32289
12113 25440
12114 25515
12115 51968
12116 61804
12117 62240
12118 27425
12119 59361
12120 25440
12121 62370
12122 25496
12123 62312
12124 54048
12125 54049
12126 28417
12127 52008
12128 29672
12129 28449
12130 32257
12131 16788
12132 21288
12133 65312
12134 53604
12135 49952
12136 53605
12137 54049
12138 26424
12139 56881
12140 53541
12141 23336
12142 49936
12143 52008
12144 32257
12145 31249
12146 23881
12147 17152
12148 54056
12149 58121
12150 56681
12151 29611
12152 60193
12153 55096
12154 53605
12155 63288
12156 49445
12157 54817
12158 56096
12159 25496
12160 63336
12161 49953
12162 25432
12163 19201
12164 25344
12165 49332
12166 2329
12167 23881
12168 19209
12169 2393
12170 2841
12171 64033
12172 56865
12173 2392
12174 25568
12175 10017
12176 18945
12177 14176
12178 50024
12179 57121
12180 33061
12181 19200
12182 63272
12183 17152
12184 61793
12185 10080
12186 2841
12187 2393
12188 51000
12189 11809
12190 62240
12191 19352
12192 19233
12193 64033
12194 28177
12195 2840
12196 49944
12197 25377
12198 49509
12199 19352
12200 2904
12201 64296
12202 60193
12203 26474
12204 25344
12205 17176
12206 10157
12207 26393
12208 19785
12209 25352
12210 25504
12211 25376
12212 2329
12213 60169
12214 856
12215 49944
12216 53604
12217 57097
12218 59177
12219 49445
12220 27416
12221 49509
12222 54056
12223 58144
12224 49952
12225 27392
12226 63137
12227 27393
12228 58216
12229 2377
12230 55096
12231 25368
12232 27425
12233 47021
12234 27392
12235 25562
12236 59168
12237 17184
12238 51969
12239 54841
12240 53793
12241 25504
12242 62379
12243 58144
12244 27392
12245 19240
12246 53605
12247 54048
12248 29345
12249 19232
12250 58152
12251 58209
12252 54833
12253 25377
12254 53537
12255 49952
12256 56881
12257 49509
12258 33125
12259 29544
12260 25376
12261 62240
12262 27392
12263 49953
12264 49952
12265 65377
12266 17168
12267 49976
12268 10029
12269 63337
12270 55080
12271 293
12272 56097
12273 58144
12274 27425
12275 58144
12276 53544
12277 25480
12278 49961
12279 27520
12280 54056
12281 62241
12282 37688
12283 49509
12284 27288
12285 49944
12286 17304
12287 2328
12288 58216
12289 7529
12290 62248
12291 25498
12292 2393
12293 50016
12294 27393
12295 53605
12296 25508
12297 54040
12298 33125
12299 62376
12300 65057
12301 7497
12302 14177
12303 49445
12304 14176
12305 17176
12306 27424
12307 50992
12308 50976
12309 56617
12310 15004
12311 49453
12312 5992
12313 51553
12314 64001
12315 49508
12316 17248
12317 25376
12318 54049
12319 19232
12320 58144
12321 27432
12322 19200
12323 64289
12324 27392
12325 25504
12326 58144
12327 28177
12328 49952
12329 49976
12330 25496
12331 58136
12332 58145
12333 57700
12334 59233
12335 64097
12336 26472
12337 16677
12338 56880
12339 63405
12340 16740
12341 27153
12342 27520
12343 2968
12344 55073
12345 27400
12346 49509
12347 53605
12348 2968
12349 58144
12350 52001
12351 62379
12352 54049
12353 49508
12354 59169
12355 58145
12356 25377
12357 58145
12358 58209
12359 27392
12360 49921
12361 58152
12362 58273
12363 19200
12364 49445
12365 17184
12366 49961
12367 49952
12368 58152
12369 54049
12370 62392
12371 25496
12372 55809
12373 54833
12374 17304
12375 61057
12376 58152
12377 49505
12378 25377
12379 25377
12380 50072
12381 27424
12382 19208
12383 58121
12384 56881
12385 17184
12386 54057
12387 49961
12388 25514
12389 57121
12390 27425
12391 52001
12392 49957
12393 27425
12394 17185
12395 33125
12396 59168
12397 49952
12398 49508
12399 25440
12400 62371
12401 60192
12402 52000
12403 58216
12404 61216
12405 49945
12406 49508
12407 54056
12408 55585
12409 29480
12410 54049
12411 19240
12412 25496
12413 19233
12414 2377
12415 65057
12416 2409
12417 18761
12418 53564
12419 51000
12420 18209
12421 49445
12422 49509
12423 60129
12424 49921
12425 33125
12426 2328
12427 54624
12428 4968
12429 872
12430 27136
12431 65385
12432 2328
12433 2377
12434 10029
12435 3401
12436 16736
12437 16740
12438 64865
12439 55096
12440 49508
12441 16788
12442 55072
12443 51977
12444 58121
12445 25377
12446 56681
12447 10025
12448 2376
12449 801
12450 17176
12451 56881
12452 25496
12453 2409
12454 55081
12455 58337
12456 19233
12457 49509
12458 17189
12459 25496
12460 15000
12461 58280
12462 62240
12463 26472
12464 17160
12465 58145
12466 19352
12467 54072
12468 27264
12469 49952
12470 17152
12471 9196
12472 28177
12473 56097
12474 19232
12475 54056
12476 19232
12477 53537
12478 58145
12479 25480
12480 25376
12481 53536
12482 17184
12483 25506
12484 17189
12485 58145
12486 33125
12487 19216
12488 25376
12489 58144
12490 55073
12491 61805
12492 17152
12493 63264
12494 54048
12495 19354
12496 33125
12497 52000
12498 58272
12499 19201
12500 19233
12501 29624
12502 25376
12503 26153
12504 53605
12505 17304
12506 4453
12507 29610
12508 49957
12509 25441
12510 55080
12511 29611
12512 27424
12513 55072
12514 54049
12515 25496
12516 28449
12517 27424
12518 52000
12519 50977
12520 49960
12521 25480
12522 33125
12523 63264
12524 56681
12525 58209
12526 53605
12527 49952
12528 33125
12529 19328
12530 28512
12531 61925
12532 33125
12533 27424
12534 25376
12535 18761
12536 65385
12537 17185
12538 58280
12539 14177
12540 49508
12541 60131
12542 16856
12543 5984
12544 32261
12545 50992
12546 25370
12547 61793
12548 2456
12549 10017
12550 49508
12551 25576
12552 57128
12553 16792
12554 18248
12555 10033
12556 19209
12557 54049
12558 19233
12559 58113
12560 65385
12561 10016
12562 49952
12563 10157
12564 54048
12565 25505
12566 54833
12567 25512
12568 62392
12569 17201
12570 28161
12571 29480
12572 49953
12573 58145
12574 60161
12575 27425
12576 62371
12577 56105
12578 64033
12579 58145
12580 65089
12581 58145
12582 62312
12583 53944
12584 49953
12585 50016
12586 62241
12587 25376
12588 63272
12589 55096
12590 16736
12591 53033
12592 10021
12593 27425
12594 26536
12595 25504
12596 27264
12597 25576
12598 19256
12599 54048
12600 49453
12601 56072
12602 58280
12603 27489
12604 54048
12605 25344
12606 58144
12607 25376
12608 5472
12609 58145
12610 64033
12611 27521
12612 25576
12613 62360
12614 63272
12615 56865
12616 27424
12617 27489
12618 54016
12619 62115
12620 49928
12621 17185
12622 10029
12623 62240
12624 58144
12625 25528
12626 53604
12627 58113
12628 25344
12629 49960
12630 25490
12631 54048
12632 25496
12633 49953
12634 27393
12635 49960
12636 28449
12637 54056
12638 49952
12639 17185
12640 54048
12641 62433
12642 64289
12643 27424
12644 54049
12645 56096
12646 25441
12647 25580
12648 25376
12649 56681
12650 17308
12651 56617
12652 2409
12653 58208
12654 49508
12655 17308
12656 25504
12657 58152
12658 2328
12659 64865
12660 9064
12661 25512
12662 29592
12663 10088
12664 25434
12665 65376
12666 64296
12667 10157
12668 19240
12669 31249
12670 19384
12671 26401
12672 55073
12673 56681
12674 19241
12675 27560
12676 19209
12677 49957
12678 49508
12679 19224
12680 17200
12681 65057
12682 3401
12683 49509
12684 58208
12685 52008
12686 53605
12687 49445
12688 50977
12689 58144
12690 54049
12691 27528
12692 61217
12693 58145
12694 1829
12695 27544
12696 10157
12697 56881
12698 33125
12699 27425
12700 32257
12701 32273
12702 57128
12703 49509
12704 28521
12705 31233
12706 62240
12707 53605
12708 25376
12709 25440
12710 49332
12711 17304
12712 54817
12713 25376
12714 25384
12715 62376
12716 57128
12717 58208
12718 49952
12719 54048
12720 27425
12721 25560
12722 49921
12723 19232
12724 27425
12725 49953
12726 18216
12727 54057
12728 56881
12729 58216
12730 61217
12731 52000
12732 58152
12733 25377
12734 56097
12735 49961
12736 25576
12737 63469
12738 61057
12739 58144
12740 58144
12741 19201
12742 28448
12743 49573
12744 25506
12745 63273
12746 62368
12747 58144
12748 58120
12749 33125
12750 25498
12751 59169
12752 58152
12753 55832
12754 25480
12755 25376
12756 64033
12757 61793
12758 54048
12759 27488
12760 53797
12761 62379
12762 49445
12763 28520
12764 19233
12765 25381
12766 357
12767 54048
12768 49445
12769 53605
12770 27425
12771 25376
12772 25560
12773 19233
12774 49952
12775 54064
12776 17208
12777 58112
12778 16796
12779 2329
12780 49636
12781 17184
12782 26401
12783 19233
12784 2377
12785 61792
12786 16736
12787 57700
12788 7533
12789 61217
12790 50992
12791 53600
12792 19224
12793 888
12794 27393
12795 7497
12796 19233
12797 49596
12798 51000
12799 18760
12800 57696
12801 49504
12802 61797
12803 63288
12804 27425
12805 11793
12806 25504
12807 51000
12808 33125
12809 51968
12810 2393
12811 49604
12812 801
12813 61793
12814 16744
12815 54049
12816 856
12817 52008
12818 54057
12819 805
12820 60161
12821 53605
12822 27552
12823 31377
12824 58145
12825 62240
12826 49508
12827 33125
12828 53605
12829 922
12830 56097
12831 49952
12832 52009
12833 58144
12834 19201
12835 27425
12836 51976
12837 54024
12838 49953
12839 19233
12840 64865
12841 56097
12842 50976
12843 49509
12844 53024
12845 25377
12846 2393
12847 27425
12848 60193
12849 2968
12850 58144
12851 2904
12852 25377
12853 25352
12854 61796
12855 17184
12856 19241
12857 25480
12858 54056
12859 51977
12860 56105
12861 11041
12862 54048
12863 53604
12864 52009
12865 19208
12866 25376
12867 25480
12868 27393
12869 33125
12870 63469
12871 23041
12872 64129
12873 58149
12874 25504
12875 62371
12876 60257
12877 54072
12878 49960
12879 58208
12880 10029
12881 19232
12882 58209
12883 28512
12884 50977
12885 25504
12886 10157
12887 60320
12888 54048
12889 58128
12890 62113
12891 19224
12892 56681
12893 17185
12894 19208
12895 20233
12896 17192
12897 53792
12898 58145
12899 2970
12900 62368
12901 17184
12902 23057
12903 52016
12904 19217
12905 19248
12906 27528
12907 25352
12908 54056
12909 27552
12910 16740
12911 65057
12912 64033
12913 2522
12914 2377
12915 2377
12916 53600
12917 53813
12918 52008
12919 25516
12920 28449
12921 57144
12922 55136
12923 62248
12924 18977
12925 53601
12926 18840
12927 14176
12928 54056
12929 25505
12930 19241
12931 57697
12932 56681
12933 55073
12934 10157
12935 19352
12936 51968
12937 27416
12938 49508
12939 5473
12940 56681
12941 54056
12942 19200
12943 2393
12944 56096
12945 27616
12946 27400
12947 65313
12948 19233
12949 19209
12950 57129
12951 52000
12952 25068
12953 49953
12954 27392
12955 33125
12956 53605
12957 56681
12958 2328
12959 62115
12960 2392
12961 54833
12962 19225
12963 62113
12964 53605
12965 62369
12966 33125
12967 58152
12968 50016
12969 55081
12970 10157
12971 49952
12972 49952
12973 56681
12974 25352
12975 17185
12976 59240
12977 55585
12978 62240
12979 62240
12980 50016
12981 63469
12982 63264
12983 62368
12984 63328
12985 54048
12986 58144
12987 65057
12988 19232
12989 31377
12990 49960
12991 58144
12992 53605
12993 58113
12994 49445
12995 27553
12996 61797
12997 25528
12998 2393
12999 27528
13000 2393
13001 57696
13002 58112
13003 17185
13004 60035
13005 54056
13006 19232
13007 19225
13008 25488
13009 19232
13010 58144
13011 17184
13012 52001
13013 27424
13014 805
13015 58208
13016 58145
13017 49445
13018 62392
13019 63471
13020 56681
13021 54056
13022 61925
13023 52001
13024 25504
13025 25376
13026 64416
13027 25504
13028 57701
13029 49953
13030 53605
13031 58145
13032 54817
13033 60192
13034 53605
13035 63264
13036 62437
13037 17304
13038 19224
13039 53605
13040 64097
13041 61925
13042 2328
13043 23336
13044 28449
13045 62304
13046 54624
13047 10029
13048 55145
13049 24936
13050 24065
13051 25449
13052 53285
13053 2840
13054 49953
13055 53025
13056 27489
13057 26413
13058 19201
13059 58121
13060 26409
13061 49952
13062 888
13063 27424
13064 65385
13065 57129
13066 25368
13067 25440
13068 58277
13069 17176
13070 18208
13071 25376
13072 18248
13073 33061
13074 49952
13075 61805
13076 58145
13077 27425
13078 25440
13079 58209
13080 3433
13081 58208
13082 25352
13083 53605
13084 25488
13085 17184
13086 49952
13087 49953
13088 58112
13089 49952
13090 54072
13091 56681
13092 49508
13093 60201
13094 25440
13095 58145
13096 19208
13097 54821
13098 26401
13099 25434
13100 62371
13101 62304
13102 53541
13103 28161
13104 25377
13105 25384
13106 52008
13107 49961
13108 27528
13109 53604
13110 55080
13111 49509
13112 19216
13113 25448
13114 53809
13115 54073
13116 49921
13117 54048
13118 54200
13119 62241
13120 57701
13121 54056
13122 17185
13123 62360
13124 58145
13125 25376
13126 62379
13127 56097
13128 19224
13129 29611
13130 49509
13131 53605
13132 19233
13133 60264
13134 28448
13135 10157
13136 17306
13137 54065
13138 54048
13139 57701
13140 51968
13141 17192
13142 25512
13143 5472
13144 52000
13145 17161
13146 25376
13147 58209
13148 60192
13149 51969
13150 33125
13151 56105
13152 54048
13153 40504
13154 792
13155 55096
13156 62433
13157 61797
13158 53557
13159 27153
13160 49953
13161 62241
13162 17184
13163 49445
13164 27424
13165 54049
13166 62240
13167 20836
13168 26408
13169 19241
13170 56881
13171 20836
13172 60160
13173 65121
13174 19785
13175 65376
13176 49509
13177 2329
13178 17304
13179 3401
13180 53605
13181 2377
13182 14113
13183 2328
13184 53541
13185 25344
13186 49517
13187 57192
13188 28177
13189 18216
13190 32273
13191 40484
13192 19233
13193 3433
13194 19232
13195 23881
13196 52001
13197 64097
13198 19224
13199 26409
13200 17248
13201 49628
13202 60193
13203 62368
13204 29592
13205 56681
13206 27432
13207 25376
13208 2904
13209 33061
13210 58144
13211 25384
13212 19224
13213 2593
13214 61804
13215 58208
13216 62377
13217 17184
13218 27288
13219 49636
13220 17184
13221 2377
13222 19240
13223 27392
13224 2329
13225 17185
13226 33125
13227 10157
13228 62240
13229 54048
13230 56881
13231 25480
13232 52000
13233 53541
13234 33125
13235 27425
13236 65089
13237 53033
13238 26401
13239 19233
13240 56097
13241 27392
13242 59297
13243 63264
13244 53605
13245 58145
13246 25416
13247 19232
13248 49953
13249 53537
13250 56097
13251 58144
13252 54056
13253 19201
13254 56673
13255 49952
13256 27544
13257 61797
13258 25384
13259 23336
13260 49960
13261 54048
13262 19200
13263 27424
13264 2328
13265 52001
13266 27520
13267 27288
13268 53605
13269 2392
13270 25580
13271 65121
13272 63337
13273 25496
13274 49952
13275 54049
13276 56097
13277 27553
13278 58112
13279 25352
13280 54056
13281 54056
13282 52000
13283 54048
13284 19225
13285 49509
13286 49953
13287 62304
13288 29676
13289 56096
13290 58144
13291 52001
13292 19240
13293 19233
13294 2329
13295 19354
13296 2970
13297 25498
13298 49960
13299 51000
13300 23881
13301 64416
13302 5472
13303 17304
13304 56673
13305 27401
13306 28161
13307 51000
13308 58216
13309 57697
13310 54049
13311 54057
13312 65121
13313 17184
13314 53605
13315 2393
13316 54049
13317 49444
13318 49953
13319 27425
13320 2313
13321 60192
13322 10021
13323 60192
13324 29584
13325 54624
13326 56888
13327 7529
13328 58145
13329 60160
13330 61797
13331 53605
13332 2392
13333 62248
13334 25448
13335 56096
13336 53605
13337 54817
13338 4984
13339 58296
13340 57129
13341 27489
13342 25515
13343 25496
13344 53605
13345 53601
13346 19200
13347 10029
13348 27544
13349 56864
13350 52000
13351 23881
13352 17184
13353 19233
13354 50984
13355 49953
13356 53605
13357 49952
13358 28520
13359 62241
13360 62377
13361 49445
13362 58152
13363 19201
13364 55585
13365 62312
13366 10025
13367 52008
13368 51968
13369 54048
13370 17168
13371 56104
13372 49960
13373 17157
13374 49953
13375 28177
13376 58128
13377 54049
13378 58208
13379 49504
13380 25488
13381 17184
13382 25352
13383 17184
13384 25512
13385 58144
13386 49953
13387 49961
13388 27560
13389 33125
13390 62240
13391 19224
13392 25440
13393 57129
13394 27496
13395 25345
13396 53285
13397 19328
13398 54048
13399 61797
13400 17184
13401 19208
13402 51968
13403 17185
13404 51984
13405 49968
13406 57701
13407 19208
13408 19232
13409 62115
13410 25480
13411 53605
13412 25496
13413 58144
13414 54112
13415 2377
13416 25480
13417 62083
13418 16672
13419 2392
13420 60160
13421 50976
13422 58273
13423 27560
13424 27520
13425 62312
13426 28449
13427 17160
13428 60193
13429 56681
13430 56105
13431 56104
13432 25472
13433 25352
13434 27432
13435 60192
13436 11041
13437 56865
13438 63841
13439 56865
13440 25376
13441 49509
13442 29345
13443 37157
13444 19232
13445 20257
13446 17185
13447 27424
13448 62440
13449 53601
13450 26464
13451 19232
13452 53605
13453 27264
13454 27488
13455 49953
13456 27544
13457 54073
13458 61217
13459 49573
13460 53541
13461 64033
13462 58217
13463 17176
13464 53605
13465 50072
13466 4453
13467 26393
13468 27393
13469 62392
13470 2393
13471 49957
13472 17189
13473 27544
13474 2848
13475 16748
13476 27560
13477 2522
13478 18209
13479 25376
13480 27416
13481 52001
13482 2840
13483 53604
13484 63273
13485 2393
13486 49509
13487 64865
13488 60192
13489 64033
13490 49509
13491 18761
13492 27488
13493 26401
13494 27544
13495 2392
13496 19352
13497 53536
13498 58144
13499 55832
13500 62304
13501 2393
13502 2392
13503 49960
13504 49516
13505 51969
13506 33125
13507 62240
13508 50017
13509 53605
13510 54565
13511 62113
13512 54048
13513 54052
13514 53536
13515 49445
13516 53605
13517 49445
13518 56681
13519 64129
13520 9196
13521 56881
13522 19241
13523 5473
13524 26458
13525 64296
13526 40484
13527 62113
13528 62312
13529 14176
13530 49953
13531 27424
13532 32257
13533 27432
13534 25384
13535 54048
13536 25370
13537 25434
13538 54048
13539 58144
13540 56096
13541 28177
13542 27400
13543 17201
13544 58145
13545 49509
13546 19240
13547 52000
13548 58152
13549 19233
13550 49953
13551 31377
13552 33125
13553 15004
13554 25448
13555 58340
13556 49952
13557 25376
13558 52008
13559 54049
13560 25376
13561 58152
13562 53605
13563 53605
13564 49509
13565 47021
13566 59168
13567 27392
13568 29608
13569 25560
13570 888
13571 28177
13572 54056
13573 61216
13574 17208
13575 49953
13576 2840
13577 2825
13578 64033
13579 16677
13580 63272
13581 54048
13582 49928
13583 2393
13584 25232
13585 55073
13586 58153
13587 61985
13588 49509
13589 55072
13590 64353
13591 47021
13592 33125
13593 49952
13594 25488
13595 49952
13596 33125
13597 58152
13598 16741
13599 63273
13600 53605
13601 54629
13602 62392
13603 49505
13604 19248
13605 64353
13606 58144
13607 27393
13608 19201
13609 17185
13610 25505
13611 60256
13612 56681
13613 50992
13614 32257
13615 2376
13616 2393
13617 49508
13618 1829
13619 49976
13620 63400
13621 2328
13622 56681
13623 11793
13624 26458
13625 17184
13626 25488
13627 2456
13628 26413
13629 62369
13630 2904
13631 25576
13632 55809
13633 54072
13634 58144
13635 19224
13636 53605
13637 19224
13638 25572
13639 54625
13640 26393
13641 65153
13642 49636
13643 21029
13644 25376
13645 63265
13646 26536
13647 62241
13648 27264
13649 53808
13650 53544
13651 2328
13652 25345
13653 49957
13654 2313
13655 19233
13656 54049
13657 62369
13658 56888
13659 62312
13660 54049
13661 33125
13662 27392
13663 27552
13664 19232
13665 49936
13666 54048
13667 63471
13668 63469
13669 58145
13670 824
13671 62305
13672 49952
13673 11793
13674 29345
13675 56097
13676 54833
13677 49952
13678 19272
13679 17184
13680 58144
13681 25504
13682 25376
13683 27392
13684 3401
13685 58144
13686 19225
13687 17178
13688 25368
13689 59169
13690 49509
13691 25384
13692 17184
13693 62369
13694 62305
13695 29676
13696 27520
13697 49952
13698 25504
13699 33125
13700 49953
13701 25376
13702 25496
13703 19233
13704 19208
13705 49953
13706 49961
13707 26405
13708 16740
13709 29345
13710 293
13711 53605
13712 59168
13713 58144
13714 52001
13715 56104
13716 61225
13717 49953
13718 27265
13719 16740
13720 25496
13721 24329
13722 54817
13723 49957
13724 54025
13725 11793
13726 25376
13727 16740
13728 28449
13729 64033
13730 27424
13731 19241
13732 53605
13733 27520
13734 62368
13735 56096
13736 33125
13737 25496
13738 25344
13739 27400
13740 2968
13741 17304
13742 51969
13743 19208
13744 56104
13745 49509
13746 49968
13747 10029
13748 49508
13749 58340
13750 27265
13751 49509
13752 54056
13753 50992
13754 27393
13755 49957
13756 10017
13757 61925
13758 49509
13759 27553
13760 52008
13761 49953
13762 31377
13763 17153
13764 49564
13765 62304
13766 62240
13767 2329
13768 65376
13769 2825
13770 2328
13771 33125
13772 64033
13773 53604
13774 25509
13775 56681
13776 2393
13777 51000
13778 49445
13779 19208
13780 25512
13781 56681
13782 49509
13783 25232
13784 57796
13785 64129
13786 28177
13787 55080
13788 62444
13789 49509
13790 64033
13791 57792
13792 56416
13793 54053
13794 801
13795 10025
13796 55857
13797 63264
13798 58336
13799 58113
13800 27488
13801 49952
13802 56105
13803 10080
13804 24329
13805 15004
13806 25370
13807 25377
13808 27408
13809 25376
13810 27280
13811 53605
13812 25509
13813 25508
13814 62241
13815 63264
13816 27393
13817 25384
13818 27528
13819 40484
13820 53605
13821 16748
13822 2968
13823 53605
13824 49937
13825 54049
13826 14177
13827 54048
13828 62113
13829 19209
13830 58121
13831 2904
13832 17152
13833 2377
13834 56353
13835 54048
13836 27425
13837 25376
13838 56104
13839 62368
13840 58144
13841 16740
13842 25377
13843 25448
13844 19208
13845 54048
13846 26401
13847 49952
13848 53604
13849 18945
13850 10157
13851 23328
13852 17184
13853 25377
13854 50985
13855 31249
13856 49952
13857 62369
13858 54049
13859 54832
13860 57121
13861 19201
13862 58213
13863 49944
13864 25512
13865 58272
13866 17169
13867 54017
13868 19232
13869 52000
13870 60193
13871 63469
13872 53605
13873 53605
13874 56865
13875 53605
13876 56681
13877 19201
13878 17192
13879 56097
13880 20265
13881 64289
13882 49504
13883 49952
13884 19232
13885 54048
13886 58144
13887 31249
13888 37221
13889 17185
13890 56105
13891 19288
13892 53944
13893 54048
13894 49920
13895 25496
13896 49440
13897 60169
13898 54056
13899 62373
13900 54056
13901 293
13902 62240
13903 60264
13904 53025
13905 49508
13906 15004
13907 62248
13908 25488
13909 63405
13910 49960
13911 25440
13912 49952
13913 53605
13914 62368
13915 51993
13916 17185
13917 58144
13918 55809
13919 53604
13920 2970
13921 18961
13922 53605
13923 57700
13924 16740
13925 53809
13926 56617
13927 23885
13928 53608
13929 16740
13930 61797
13931 49444
13932 62240
13933 17304
13934 19232
13935 54048
13936 25360
13937 25480
13938 64001
13939 61796
13940 56120
13941 17184
13942 60200
13943 49952
13944 14184
13945 54048
13946 53605
13947 49961
13948 28449
13949 63265
13950 49440
13951 54049
13952 33125
13953 19721
13954 49952
13955 17176
13956 2377
13957 63265
13958 7497
13959 54048
13960 53605
13961 27393
13962 55072
13963 49953
13964 25576
13965 25352
13966 17178
13967 53605
13968 65313
13969 27560
13970 27400
13971 49441
13972 25376
13973 54048
13974 40484
13975 27560
13976 19209
13977 63273
13978 25496
13979 19232
13980 49952
13981 17185
13982 17153
13983 56417
13984 27520
13985 49953
13986 54056
13987 58113
13988 33125
13989 62115
13990 64097
13991 27265
13992 53605
13993 49504
13994 29472
13995 17184
13996 27392
13997 27392
13998 49624
13999 52001
14000 28520
14001 51968
14002 25580
14003 27400
14004 54049
14005 64288
14006 49952
14007 19288
14008 56096
14009 56065
14010 53541
14011 52000
14012 57700
14013 49960
14014 49952
14015 805
14016 53605
14017 54049
14018 17192
14019 60033
14020 17153
14021 58145
14022 58145
14023 27488
14024 26413
14025 52000
14026 62371
14027 61793
14028 17169
14029 17153
14030 58272
14031 61797
14032 51969
14033 19240
14034 19209
14035 53604
14036 25368
14037 54056
14038 63328
14039 58145
14040 60192
14041 50072
14042 17152
14043 52000
14044 52000
14045 53605
14046 61797
14047 53605
14048 17184
14049 54057
14050 55857
14051 49953
14052 52000
14053 27433
14054 59176
14055 49509
14056 29611
14057 26401
14058 19240
14059 49960
14060 54049
14061 54064
14062 25496
14063 25377
14064 52001
14065 60193
14066 19240
14067 19233
14068 56881
14069 17153
14070 17153
14071 25480
14072 59168
14073 25376
14074 55073
14075 58152
14076 25384
14077 19209
14078 62240
14079 10157
14080 64129
14081 54049
14082 27425
14083 25580
14084 25376
14085 50072
14086 25377
14087 55080
14088 19233
14089 25248
14090 29345
14091 49509
14092 61797
14093 57700
14094 49445
14095 62304
14096 58145
14097 54048
14098 54056
14099 19233
14100 25248
14101 25480
14102 18765
14103 37229
14104 64033
14105 7497
14106 19354
14107 53605
14108 25512
14109 59169
14110 20233
14111 19232
14112 49517
14113 56681
14114 14184
14115 25496
14116 18977
14117 62440
14118 19352
14119 14184
14120 17185
14121 49697
14122 64033
14123 64289
14124 25232
14125 56681
14126 63457
14127 27489
14128 16737
14129 59177
14130 53604
14131 26409
14132 19225
14133 53605
14134 56880
14135 33125
14136 293
14137 55096
14138 61797
14139 25376
14140 49968
14141 27424
14142 26393
14143 872
14144 27280
14145 49928
14146 49921
14147 23881
14148 19272
14149 17176
14150 52008
14151 58144
14152 57120
14153 25384
14154 60192
14155 53608
14156 54072
14157 49441
14158 29600
14159 25472
14160 29345
14161 24353
14162 62433
14163 54816
14164 57145
14165 25504
14166 59169
14167 53605
14168 50024
14169 53605
14170 51744
14171 27280
14172 56673
14173 25514
14174 56889
14175 6473
14176 59168
14177 56673
14178 17160
14179 33125
14180 58145
14181 49956
14182 2848
14183 17184
14184 60192
14185 17189
14186 25448
14187 19201
14188 58208
14189 23336
14190 49952
14191 25344
14192 49509
14193 49957
14194 25472
14195 37157
14196 49509
14197 17184
14198 27393
14199 56105
14200 28177
14201 52001
14202 57129
14203 64416
14204 49953
14205 49508
14206 25344
14207 25068
14208 58152
14209 19232
14210 27280
14211 57701
14212 62817
14213 54049
14214 63400
14215 60193
14216 33061
14217 61804
14218 54048
14219 23328
14220 51976
14221 14176
14222 53605
14223 23328
14224 58144
14225 54048
14226 49508
14227 49952
14228 52000
14229 25376
14230 52001
14231 53600
14232 55585
14233 49573
14234 62249
14235 15000
14236 23336
14237 49636
14238 27560
14239 57129
14240 19233
14241 58209
14242 56681
14243 18945
14244 58144
14245 25580
14246 25376
14247 55073
14248 50984
14249 49953
14250 53605
14251 54048
14252 61797
14253 49509
14254 58145
14255 17189
14256 49509
14257 49445
14258 62241
14259 64416
14260 25572
14261 58144
14262 52008
14263 293
14264 58144
14265 27488
14266 49960
14267 64296
14268 58208
14269 25572
14270 54833
14271 25376
14272 49953
14273 52000
14274 25385
14275 54017
14276 58120
14277 17306
14278 25440
14279 54625
14280 25512
14281 57120
14282 29608
14283 2593
14284 888
14285 17184
14286 5992
14287 2329
14288 53605
14289 61797
14290 49952
14291 54072
14292 2456
14293 49453
14294 53605
14295 58144
14296 61797
14297 10157
14298 52024
14299 49953
14300 57701
14301 54025
14302 56865
14303 56681
14304 63265
14305 7529
14306 49944
14307 19233
14308 55081
14309 27425
14310 14113
14311 17160
14312 18713
14313 49957
14314 56088
14315 54057
14316 19201
14317 53604
14318 25376
14319 52000
14320 62440
14321 25580
14322 25441
14323 60193
14324 49509
14325 52001
14326 33125
14327 37221
14328 58144
14329 58144
14330 53176
14331 28161
14332 57121
14333 54049
14334 61057
14335 55073
14336 16933
14337 49952
14338 27425
14339 27425
14340 49509
14341 62376
14342 56097
14343 51984
14344 60193
14345 54049
14346 25512
14347 62380
14348 27424
14349 25496
14350 49953
14351 59168
14352 62360
14353 62240
14354 57696
14355 29608
14356 29345
14357 58153
14358 19240
14359 19233
14360 64033
14361 56097
14362 54056
14363 51969
14364 49509
14365 61797
14366 55585
14367 49952
14368 27153
14369 56609
14370 19233
14371 25504
14372 27425
14373 57192
14374 56889
14375 32257
14376 55072
14377 54057
14378 2840
14379 49445
14380 49509
14381 19208
14382 19241
14383 54837
14384 63272
14385 49509
14386 54049
14387 29676
14388 55073
14389 53541
14390 58144
14391 19240
14392 28449
14393 58121
14394 61057
14395 17306
14396 49952
14397 63469
14398 27432
14399 58272
14400 60264
14401 54040
14402 54048
14403 17185
14404 20257
14405 52001
14406 60192
14407 58144
14408 54056
14409 57701
14410 49953
14411 29472
14412 54057
14413 2970
14414 2393
14415 62304
14416 5992
14417 2328
14418 54049
14419 27393
14420 59169
14421 25498
14422 58272
14423 18272
14424 25498
14425 10029
14426 10017
14427 2328
14428 50104
14429 51000
14430 53605
14431 57816
14432 51969
14433 25568
14434 54049
14435 53605
14436 27433
14437 29609
14438 38760
14439 62241
14440 60200
14441 33125
14442 61797
14443 27392
14444 5473
14445 27400
14446 2392
14447 27153
14448 58145
14449 54049
14450 19785
14451 55073
14452 53604
14453 54053
14454 14177
14455 25376
14456 58272
14457 49508
14458 63265
14459 65313
14460 59232
14461 16748
14462 61216
14463 27425
14464 56881
14465 58112
14466 16672
14467 49952
14468 47021
14469 56096
14470 49920
14471 49960
14472 49952
14473 60192
14474 56865
14475 25344
14476 25384
14477 19208
14478 19201
14479 49960
14480 54048
14481 52001
14482 19240
14483 2328
14484 2970
14485 58145
14486 27433
14487 29345
14488 55073
14489 25352
14490 61216
14491 27401
14492 56681
14493 27296
14494 25441
14495 58144
14496 53601
14497 20257
14498 26408
14499 58144
14500 26401
14501 52001
14502 59169
14503 49961
14504 19201
14505 56097
14506 29608
14507 53605
14508 58144
14509 52008
14510 27425
14511 58152
14512 64289
14513 59232
14514 23336
14515 56888
14516 53605
14517 53605
14518 61797
14519 17185
14520 63469
14521 2970
14522 27433
14523 58112
14524 2856
14525 27424
14526 65377
14527 49445
14528 55832
14529 53536
14530 19201
14531 54040
14532 33125
14533 58144
14534 26401
14535 26401
14536 49952
14537 58152
14538 49953
14539 58209
14540 2376
14541 53604
14542 62083
14543 63471
14544 49953
14545 53605
14546 49509
14547 17168
14548 54049
14549 49953
14550 55856
14551 27393
14552 65377
14553 62360
14554 56096
14555 27425
14556 60192
14557 58144
14558 53605
14559 26424
14560 54049
14561 58145
14562 16736
14563 27400
14564 49953
14565 27529
14566 53605
14567 59169
14568 53613
14569 49960
14570 61217
14571 58152
14572 49504
14573 25488
14574 54048
14575 49968
14576 2393
14577 2400
14578 49441
14579 26393
14580 17304
14581 28177
14582 17192
14583 17304
14584 2393
14585 17193
14586 23057
14587 27424
14588 32289
14589 25498
14590 54064
14591 64865
14592 65320
14593 17184
14594 25480
14595 2393
14596 49944
14597 4984
14598 59169
14599 25509
14600 54048
14601 10017
14602 10025
14603 58144
14604 2377
14605 17189
14606 19785
14607 4449
14608 56088
14609 56873
14610 2329
14611 2329
14612 7497
14613 55072
14614 53541
14615 19208
14616 27392
14617 2393
14618 14177
14619 19785
14620 49952
14621 58273
14622 53605
14623 63264
14624 60192
14625 17192
14626 56673
14627 49952
14628 53605
14629 49953
14630 53605
14631 54841
14632 52008
14633 59176
14634 53541
14635 49445
14636 60193
14637 54056
14638 20837
14639 53024
14640 27552
14641 33125
14642 5984
14643 54049
14644 19208
14645 17152
14646 25384
14647 49504
14648 63265
14649 62240
14650 21029
14651 57129
14652 57701
14653 27521
14654 27400
14655 58145
14656 49960
14657 58145
14658 27392
14659 53605
14660 53032
14661 2840
14662 49508
14663 53605
14664 53605
14665 53605
14666 21281
14667 61797
14668 65321
14669 59169
14670 27401
14671 19201
14672 25377
14673 52000
14674 20233
14675 55081
14676 53025
14677 58112
14678 25352
14679 49953
14680 54056
14681 53604
14682 49952
14683 33125
14684 17185
14685 27432
14686 62304
14687 49509
14688 51993
14689 25352
14690 49961
14691 54053
14692 63405
14693 17160
14694 27393
14695 49508
14696 62392
14697 58145
14698 62240
14699 25440
14700 62241
14701 60192
14702 6409
14703 55841
14704 7533
14705 61217
14706 2393
14707 2377
14708 2329
14709 2393
14710 54048
14711 10033
14712 54573
14713 10080
14714 2393
14715 2376
14716 53601
14717 26424
14718 6409
14719 2392
14720 49504
14721 2593
14722 56417
14723 17240
14724 16740
14725 25498
14726 19233
14727 49332
14728 10017
14729 7497
14730 56865
14731 49572
14732 53601
14733 65057
14734 18840
14735 64865
14736 53544
14737 2377
14738 64865
14739 55809
14740 49453
14741 4920
14742 58209
14743 54056
14744 53605
14745 10017
14746 62817
14747 25498
14748 2313
14749 58144
14750 1896
14751 60193
14752 52001
14753 17306
14754 53793
14755 56681
14756 19232
14757 2393
14758 28521
14759 18216
14760 59168
14761 53605
14762 25377
14763 61797
14764 25576
14765 54200
14766 58209
14767 62369
14768 25506
14769 63469
14770 25352
14771 62309
14772 63272
14773 27424
14774 56097
14775 49952
14776 57121
14777 64288
14778 25384
14779 56681
14780 54056
14781 63264
14782 62305
14783 58152
14784 56105
14785 49509
14786 49508
14787 49573
14788 27264
14789 62115
14790 58209
14791 17192
14792 2377
14793 19201
14794 58144
14795 49509
14796 58336
14797 58144
14798 27424
14799 58144
14800 25368
14801 56681
14802 58144
14803 64001
14804 49960
14805 60193
14806 17185
14807 61797
14808 58145
14809 25376
14810 25509
14811 51553
14812 50024
14813 19232
14814 25377
14815 25353
14816 50016
14817 61792
14818 49509
14819 49509
14820 52009
14821 52000
14822 58296
14823 53600
14824 54048
14825 25377
14826 19200
14827 19208
14828 56097
14829 27425
14830 26401
14831 16740
14832 58144
14833 33125
14834 27528
14835 33125
14836 53809
14837 28449
14838 56673
14839 55085
14840 51744
14841 25376
14842 57121
14843 27393
14844 58144
14845 20233
14846 60161
14847 25480
14848 27432
14849 57129
14850 65057
14851 57829
14852 53605
14853 54049
14854 57828
14855 61804
14856 53605
14857 64416
14858 53605
14859 25504
14860 58145
14861 25377
14862 53537
14863 50977
14864 62240
14865 52001
14866 11809
14867 25376
14868 56889
14869 49961
14870 54057
14871 17192
14872 19217
14873 2840
14874 16796
14875 58145
14876 27393
14877 18761
14878 58144
14879 64033
14880 33061
14881 63288
14882 25496
14883 27425
14884 61025
14885 16856
14886 14176
14887 49976
14888 25352
14889 28193
14890 55081
14891 53604
14892 56681
14893 57696
14894 49952
14895 61792
14896 792
14897 49953
14898 55080
14899 53536
14900 58209
14901 27425
14902 31249
14903 17306
14904 49445
14905 51000
14906 49921
14907 25498
14908 58208
14909 18761
14910 25370
14911 25472
14912 56096
14913 17184
14914 55073
14915 25572
14916 61792
14917 17184
14918 56416
14919 19224
14920 56617
14921 25376
14922 54048
14923 19200
14924 49953
14925 19209
14926 12065
14927 63403
14928 17184
14929 27393
14930 51976
14931 58209
14932 61281
14933 58144
14934 25376
14935 54049
14936 25512
14937 65377
14938 19233
14939 60192
14940 49952
14941 25509
14942 27488
14943 49960
14944 62112
14945 25377
14946 27400
14947 57701
14948 49953
14949 25376
14950 25368
14951 19209
14952 49953
14953 27521
14954 10029
14955 58145
14956 53600
14957 19232
14958 21281
14959 61925
14960 25480
14961 19233
14962 63400
14963 27488
14964 54049
14965 62241
14966 49960
14967 27408
14968 63471
14969 53537
14970 25528
14971 33125
14972 58144
14973 52025
14974 25352
14975 49960
14976 49509
14977 25514
14978 63265
14979 32257
14980 2968
14981 2848
14982 54072
14983 25232
14984 56880
14985 60264
14986 27424
14987 54056
14988 54049
14989 19233
14990 57145
14991 17188
14992 19201
14993 60193
14994 52000
14995 25376
14996 55809
14997 56097
14998 25384
14999 58209
15000 62241
15001 58336
15002 17256
15003 61793
15004 58272
15005 58144
15006 55073
15007 54049
15008 62368
15009 49952
15010 27424
15011 59176
15012 25508
15013 62304
15014 63272
15015 59169
15016 2313
15017 49445
15018 19256
15019 61793
15020 49517
15021 2393
15022 63272
15023 19785
15024 56881
15025 57144
15026 18944
15027 25514
15028 49921
15029 888
15030 25370
15031 5472
15032 49444
15033 55077
15034 29592
15035 49562
15036 64097
15037 49596
15038 51976
15039 51984
15040 64033
15041 4984
15042 17184
15043 26153
15044 10017
15045 61796
15046 49445
15047 25345
15048 37688
15049 53793
15050 49505
15051 49445
15052 54056
15053 49944
15054 49504
15055 57701
15056 27393
15057 49505
15058 25576
15059 62240
15060 25508
15061 53537
15062 58336
15063 54625
15064 61797
15065 58144
15066 27393
15067 19224
15068 53605
15069 27425
15070 2377
15071 58208
15072 50976
15073 27288
15074 28449
15075 52000
15076 55081
15077 2840
15078 25376
15079 54821
15080 27489
15081 27521
15082 52001
15083 58144
15084 49920
15085 51968
15086 60193
15087 19232
15088 2329
15089 2329
15090 54016
15091 27432
15092 52001
15093 24353
15094 58145
15095 25377
15096 51969
15097 25568
15098 49509
15099 27425
15100 51992
15101 55096
15102 17185
15103 18944
15104 17184
15105 25376
15106 19201
15107 60161
15108 56105
15109 49928
15110 25376
15111 25480
15112 56881
15113 17184
15114 17176
15115 2840
15116 59169
15117 64033
15118 23881
15119 63265
15120 26413
15121 49697
15122 56096
15123 56681
15124 63273
15125 58112
15126 28449
15127 52025
15128 58153
15129 27489
15130 63264
15131 54048
15132 49953
15133 16677
15134 25344
15135 53605
15136 53537
15137 25376
15138 49952
15139 49952
15140 56120
15141 51969
15142 17192
15143 58145
15144 19201
15145 2329
15146 25472
15147 25512
15148 56681
15149 53605
15150 19232
15151 16933
15152 54072
15153 53025
15154 58128
15155 65321
15156 17184
15157 17152
15158 19232
15159 17256
15160 52000
15161 19240
15162 49953
15163 58113
15164 27488
15165 17185
15166 56096
15167 19200
15168 56681
15169 53605
15170 49953
15171 10017
15172 56681
15173 57121
15174 27560
15175 25440
15176 20257
15177 27153
15178 56681
15179 17176
15180 16796
15181 54048
15182 54072
15183 64865
15184 53537
15185 3849
15186 26408
15187 2377
15188 1829
15189 55073
15190 53544
15191 25440
15192 54049
15193 64033
15194 5992
15195 58152
15196 56097
15197 6409
15198 2904
15199 27401
15200 7497
15201 58120
15202 2392
15203 2392
15204 25376
15205 53604
15206 51968
15207 27400
15208 55072
15209 54048
15210 7497
15211 25344
15212 49445
15213 58216
15214 17176
15215 50976
15216 56681
15217 27424
15218 63264
15219 61281
15220 56096
15221 56681
15222 56104
15223 62312
15224 14177
15225 63272
15226 54024
15227 49509
15228 49961
15229 27393
15230 856
15231 60256
15232 58144
15233 49953
15234 17256
15235 29611
15236 53605
15237 49952
15238 27424
15239 27392
15240 60160
15241 56681
15242 26465
15243 49953
15244 56681
15245 52001
15246 29600
15247 27424
15248 27424
15249 27424
15250 54821
15251 60192
15252 61217
15253 49952
15254 19241
15255 58348
15256 49508
15257 19241
15258 58272
15259 25376
15260 27424
15261 52008
15262 54048
15263 58144
15264 19232
15265 64097
15266 17193
15267 63272
15268 26153
15269 19208
15270 49509
15271 58208
15272 27400
15273 2328
15274 49504
15275 58153
15276 17160
15277 53605
15278 58277
15279 16744
15280 57129
15281 49960
15282 49505
15283 17185
15284 54049
15285 62241
15286 49952
15287 52001
15288 27425
15289 62113
15290 51977
15291 49952
15292 25472
15293 49504
15294 62248
15295 62241
15296 49445
15297 25344
15298 63457
15299 49957
15300 53604
15301 25432
15302 49952
15303 64289
15304 54053
15305 26157
15306 53605
15307 17192
15308 49509
15309 63137
15310 49952
15311 27489
15312 56880
15313 19200
15314 65320
15315 65057
15316 28161
15317 25568
15318 2377
15319 16796
15320 56617
15321 49508
15322 16741
15323 55096
15324 57701
15325 33125
15326 53604
15327 55585
15328 27424
15329 32257
15330 54057
15331 17304
15332 2593
15333 25370
15334 56681
15335 63337
15336 50984
15337 25516
15338 54048
15339 19225
15340 49952
15341 33125
15342 31249
15343 56889
15344 59233
15345 49953
15346 2456
15347 17178
15348 49509
15349 19200
15350 1888
15351 57121
15352 53797
15353 49976
15354 2848
15355 11797
15356 17240
15357 58217
15358 62240
15359 27137
15360 49969
15361 49952
15362 60192
15363 25385
15364 49969
15365 25472
15366 57121
15367 54049
15368 50976
15369 25384
15370 59169
15371 60193
15372 62371
15373 29611
15374 61793
15375 58145
15376 52008
15377 56681
15378 52001
15379 51993
15380 33125
15381 17184
15382 25440
15383 62248
15384 56633
15385 27153
15386 54040
15387 27392
15388 49957
15389 62312
15390 52000
15391 53605
15392 17192
15393 25488
15394 53544
15395 17153
15396 52008
15397 63457
15398 58145
15399 56064
15400 33125
15401 49628
15402 56416
15403 53605
15404 53605
15405 27521
15406 19208
15407 60200
15408 54056
15409 57701
15410 58145
15411 27424
15412 52000
15413 58145
15414 56681
15415 60193
15416 49952
15417 27425
15418 62240
15419 62241
15420 62379
15421 61797
15422 60192
15423 53605
15424 53605
15425 19232
15426 62249
15427 59233
15428 58113
15429 60256
15430 25578
15431 59169
15432 56673
15433 19233
15434 59169
15435 52001
15436 17185
15437 62264
15438 56681
15439 2848
15440 62248
15441 27424
15442 63457
15443 27392
15444 65312
15445 49953
15446 27393
15447 54072
15448 58144
15449 55072
15450 29676
15451 2522
15452 19216
15453 54057
15454 27432
15455 61796
15456 49504
15457 53600
15458 50985
15459 65377
15460 49968
15461 58144
15462 56104
15463 58337
15464 27392
15465 17184
15466 20256
15467 25376
15468 58145
15469 53605
15470 19209
15471 2392
15472 53605
15473 2393
15474 16856
15475 19785
15476 10025
15477 56681
15478 19233
15479 23881
15480 49953
15481 53605
15482 61797
15483 17368
15484 17304
15485 10157
15486 53604
15487 27432
15488 32261
15489 56681
15490 49564
15491 53605
15492 58144
15493 57829
15494 2841
15495 28449
15496 17192
15497 17152
15498 53605
15499 17184
15500 53608
15501 63841
15502 27393
15503 54625
15504 62112
15505 52025
15506 26413
15507 53284
15508 33125
15509 54049
15510 49960
15511 50976
15512 17152
15513 17240
15514 25344
15515 29608
15516 49952
15517 19201
15518 10033
15519 29328
15520 49952
15521 27456
15522 53944
15523 27392
15524 49920
15525 58144
15526 63471
15527 58208
15528 25512
15529 19201
15530 60192
15531 54048
15532 55073
15533 59169
15534 56881
15535 53605
15536 56064
15537 27400
15538 59168
15539 53541
15540 29603
15541 19200
15542 25384
15543 16736
15544 49960
15545 49960
15546 19241
15547 20257
15548 58144
15549 62376
15550 53605
15551 58145
15552 58144
15553 11809
15554 58145
15555 58144
15556 56681
15557 53604
15558 25496
15559 53605
15560 27392
15561 19241
15562 53604
15563 58144
15564 58280
15565 49937
15566 56617
15567 25377
15568 49952
15569 58340
15570 25344
15571 49953
15572 58144
15573 49968
15574 51969
15575 58145
15576 55080
15577 25376
15578 53537
15579 19200
15580 56681
15581 65377
15582 56681
15583 58144
15584 24329
15585 53605
15586 11041
15587 53605
15588 29611
15589 29608
15590 49953
15591 58144
15592 60201
15593 49953
15594 49445
15595 29480
15596 9196
15597 33125
15598 27536
15599 65313
15600 54072
15601 60192
15602 52008
15603 58152
15604 62241
15605 62240
15606 25480
15607 60192
15608 19233
15609 62370
15610 58112
15611 18209
15612 17168
15613 25440
15614 49952
15615 54049
15616 58152
15617 19233
15618 49953
15619 27424
15620 25496
15621 58144
15622 52000
15623 49952
15624 19232
15625 29678
15626 25377
15627 62241
15628 53793
15629 19248
15630 51976
15631 56681
15632 2377
15633 57697
15634 19384
15635 49512
15636 2392
15637 26409
15638 16796
15639 801
15640 56673
15641 14184
15642 50074
15643 2328
15644 6409
15645 62368
15646 56673
15647 53797
15648 62249
15649 61797
15650 25488
15651 2329
15652 64865
15653 62368
15654 56105
15655 53605
15656 53541
15657 64033
15658 64161
15659 57792
15660 54821
15661 27529
15662 38760
15663 27544
15664 57828
15665 4449
15666 25377
15667 57129
15668 65320
15669 23057
15670 19288
15671 18248
15672 27393
15673 25498
15674 17161
15675 11809
15676 53608
15677 856
15678 29611
15679 49953
15680 52009
15681 64865
15682 4920
15683 49573
15684 53605
15685 59169
15686 49953
15687 49445
15688 49952
15689 53605
15690 27560
15691 49636
15692 31377
15693 61925
15694 10029
15695 25449
15696 29603
15697 28457
15698 53605
15699 62368
15700 56617
15701 62240
15702 19200
15703 49952
15704 32257
15705 53605
15706 54049
15707 58145
15708 19233
15709 55080
15710 49928
15711 17193
15712 54565
15713 17169
15714 53540
15715 25488
15716 49953
15717 49509
15718 58144
15719 49508
15720 54833
15721 54056
15722 58208
15723 53605
15724 49952
15725 52001
15726 56681
15727 53605
15728 57144
15729 49952
15730 53605
15731 52000
15732 54120
15733 57192
15734 63264
15735 49952
15736 54624
15737 65377
15738 27425
15739 54049
15740 63336
15741 53605
15742 60256
15743 49953
15744 58144
15745 58144
15746 56880
15747 52016
15748 27425
15749 17192
15750 54056
15751 28457
15752 49636
15753 56681
15754 29611
15755 55832
15756 56617
15757 62248
15758 61797
15759 54056
15760 27496
15761 56681
15762 58145
15763 53792
15764 52016
15765 56681
15766 56681
15767 62312
15768 53605
15769 63841
15770 26408
15771 52001
15772 18209
15773 15893
15774 53605
15775 17152
15776 49960
15777 49968
15778 19216
15779 33061
15780 53605
15781 49920
15782 55136
15783 54048
15784 19232
15785 53605
15786 53605
15787 17184
15788 52008
15789 49960
15790 49952
15791 60193
15792 56104
15793 49960
15794 59168
15795 25360
15796 31377
15797 51968
15798 58272
15799 52008
15800 27424
15801 53605
15802 19232
15803 25377
15804 17153
15805 2825
15806 33125
15807 19225
15808 64033
15809 53176
15810 64033
15811 6409
15812 52008
15813 2329
15814 2377
15815 25516
15816 18761
15817 18697
15818 19225
15819 25232
15820 56681
15821 49453
15822 56681
15823 16748
15824 49332
15825 29544
15826 27424
15827 54040
15828 61797
15829 6473
15830 10017
15831 293
15832 2393
15833 63328
15834 64033
15835 65120
15836 49628
15837 58145
15838 53600
15839 49445
15840 26413
15841 27552
15842 26413
15843 872
15844 58145
15845 5472
15846 27416
15847 49445
15848 18960
15849 53605
15850 19209
15851 20233
15852 49453
15853 54049
15854 54056
15855 54056
15856 25370
15857 63329
15858 52001
15859 54048
15860 25384
15861 27400
15862 50977
15863 2393
15864 2329
15865 49509
15866 62309
15867 19224
15868 57836
15869 27552
15870 19225
15871 19785
15872 52008
15873 7497
15874 62241
15875 25376
15876 19224
15877 2392
15878 60192
15879 54056
15880 53541
15881 49961
15882 52001
15883 56681
15884 58144
15885 20257
15886 58144
15887 53605
15888 49504
15889 25385
15890 10157
15891 53605
15892 25496
15893 7497
15894 52009
15895 25506
15896 49953
15897 49953
15898 19233
15899 65089
15900 28448
15901 54048
15902 56681
15903 56888
15904 51984
15905 29592
15906 25488
15907 23329
15908 52008
15909 62433
15910 49624
15911 58145
15912 58128
15913 25528
15914 49509
15915 62241
15916 52001
15917 60320
15918 62112
15919 52000
15920 58120
15921 58113
15922 53605
15923 58144
15924 52008
15925 53604
15926 49952
15927 53025
15928 27520
15929 58144
15930 60193
15931 25377
15932 63265
15933 49952
15934 63841
15935 62115
15936 49945
15937 54817
15938 54048
15939 25416
15940 58152
15941 27425
15942 25376
15943 25352
15944 62371
15945 49953
15946 27401
15947 58112
15948 49952
15949 29600
15950 56889
15951 33125
15952 19232
15953 27288
15954 49953
15955 19232
15956 57701
15957 54048
15958 50024
15959 62240
15960 55073
15961 27432
15962 53605
15963 54016
15964 19240
15965 55856
15966 32261
15967 58144
15968 55085
15969 54573
15970 26536
15971 55088
15972 14176
15973 56617
15974 19224
15975 27425
15976 28448
15977 9064
15978 53605
15979 26408
15980 55857
15981 17176
15982 10021
15983 64288
15984 27544
15985 49508
15986 16736
15987 18761
15988 25368
15989 56617
15990 53564
15991 49952
15992 10017
15993 56097
15994 32261
15995 53793
15996 51985
15997 2377
15998 19232
15999 58144
16000 28177
16001 49445
16002 49961
16003 2840
16004 56881
16005 2392
16006 25441
16007 25472
16008 5477
16009 28177
16010 59240
16011 58120
16012 58209
16013 10025
16014 2841
16015 49952
16016 20233
16017 62240
16018 58144
16019 62240
16020 58144
16021 37221
16022 25377
16023 57697
16024 53600
16025 53605
16026 18248
16027 58336
16028 19232
16029 18945
16030 7529
16031 28449
16032 19721
16033 11793
16034 52001
16035 3433
16036 2328
16037 49953
16038 2392
16039 18961
16040 28177
16041 27425
16042 2392
16043 25474
16044 2393
16045 19209
16046 32257
16047 2328
16048 29603
16049 52000
16050 2393
16051 19224
16052 27528
16053 17152
16054 53541
16055 23041
16056 2841
16057 2377
16058 17306
16059 25344
16060 58152
16061 17304
16062 33061
16063 55857
16064 49445
16065 27424
16066 52008
16067 25440
16068 64865
16069 56681
16070 56617
16071 25344
16072 19248
16073 26400
16074 58145
16075 49952
16076 25560
16077 59169
16078 49445
16079 17185
16080 17184
16081 58216
16082 26145
16083 49445
16084 49969
16085 27393
16086 23328
16087 52001
16088 58144
16089 10029
16090 58152
16091 58144
16092 26413
16093 65313
16094 61793
16095 58144
16096 51968
16097 27544
16098 59169
16099 52000
16100 19232
16101 27528
16102 62241
16103 54049
16104 49952
16105 19240
16106 58144
16107 54049
16108 25496
16109 58149
16110 56105
16111 58216
16112 10149
16113 56096
16114 49952
16115 49960
16116 49953
16117 25440
16118 17153
16119 58208
16120 57129
16121 52000
16122 54052
16123 53308
16124 2328
16125 63273
16126 56104
16127 28177
16128 32273
16129 29611
16130 2328
16131 2328
16132 10157
16133 28177
16134 28177
16135 23881
16136 2377
16137 56881
16138 2970
16139 6473
16140 26153
16141 59177
16142 25496
16143 51977
16144 2329
16145 27137
16146 54057
16147 51992
16148 19225
16149 2840
16150 31377
16151 19785
16152 54049
16153 32257
16154 18765
16155 52000
16156 24329
16157 53605
16158 57792
16159 54073
16160 54072
16161 18761
16162 53024
16163 49445
16164 59232
16165 27408
16166 63265
16167 54200
16168 54056
16169 27416
16170 55080
16171 54072
16172 49928
16173 59169
16174 54072
16175 56105
16176 59297
16177 19233
16178 58153
16179 55073
16180 65320
16181 52001
16182 52009
16183 54056
16184 56097
16185 54064
16186 25440
16187 53605
16188 55072
16189 62376
16190 58145
16191 61217
16192 19233
16193 53541
16194 58208
16195 52001
16196 58145
16197 27424
16198 62377
16199 19216
16200 62241
16201 62817
16202 25512
16203 53605
16204 25377
16205 58144
16206 10029
16207 33061
16208 19200
16209 19240
16210 49509
16211 49952
16212 49512
16213 49952
16214 54056
16215 29480
16216 49512
16217 20265
16218 53025
16219 65057
16220 792
16221 25498
16222 58208
16223 50104
16224 19224
16225 53544
16226 26409
16227 49952
16228 17189
16229 2377
16230 63272
16231 49968
16232 2825
16233 55809
16234 63272
16235 53540
16236 2392
16237 19224
16238 58128
16239 27393
16240 56105
16241 57796
16242 37157
16243 54056
16244 56681
16245 53605
16246 29472
16247 27401
16248 58272
16249 56681
16250 62240
16251 52000
16252 17240
16253 63265
16254 27400
16255 55073
16256 54057
16257 18760
16258 3433
16259 25352
16260 53605
16261 19785
16262 18248
16263 28457
16264 50533
16265 53024
16266 17192
16267 19233
16268 25440
16269 19241
16270 2840
16271 19208
16272 18248
16273 62248
16274 62376
16275 19225
16276 25344
16277 54048
16278 17160
16279 58208
16280 2968
16281 58340
16282 58272
16283 55832
16284 54056
16285 19233
16286 19233
16287 19288
16288 49960
16289 52000
16290 19233
16291 2328
16292 28449
16293 58145
16294 27424
16295 2968
16296 27424
16297 49505
16298 2825
16299 27424
16300 62370
16301 54053
16302 51976
16303 29345
16304 25441
16305 19232
16306 60257
16307 53605
16308 19233
16309 56681
16310 54049
16311 26392
16312 58152
16313 31377
16314 27153
16315 58145
16316 49944
16317 51976
16318 58277
16319 54056
16320 54056
16321 53605
16322 57129
16323 56105
16324 26413
16325 49921
16326 4453
16327 10029
16328 2329
16329 54048
16330 17184
16331 25344
16332 54048
16333 54057
16334 51968
16335 56681
16336 17192
16337 17176
16338 49960
16339 54065
16340 25376
16341 60193
16342 2393
16343 17185
16344 25377
16345 57121
16346 25384
16347 17184
16348 31249
16349 54816
16350 49944
16351 17184
16352 57697
16353 58145
16354 52008
16355 25344
16356 58144
16357 27408
16358 17184
16359 19240
16360 25490
16361 17184
16362 49937
16363 57129
16364 55096
16365 59168
16366 54048
16367 23057
16368 19233
16369 27393
16370 25370
16371 55073
16372 59233
16373 54048
16374 25512
16375 58277
16376 56617
16377 21281
16378 25508
16379 19233
16380 58145
16381 61797
16382 17184
16383 5984
16384 29480
16385 49944
16386 53600
16387 58208
16388 58208
16389 57701
16390 51985
16391 27393
16392 23336
16393 49953
16394 62248
16395 54056
16396 17185
16397 58152
16398 52000
16399 25376
16400 25368
16401 27401
16402 27456
16403 52920
16404 17185
16405 56681
16406 49952
16407 17185
16408 55080
16409 53612
16410 27425
16411 2848
16412 25512
16413 18216
16414 58344
16415 49953
16416 51985
16417 63337
16418 49508
16419 63337
16420 62241
16421 19240
16422 19233
16423 25472
16424 56681
16425 19240
16426 25377
16427 58208
16428 19233
16429 54056
16430 56617
16431 18945
16432 62392
16433 17152
16434 49944
16435 25376
16436 55080
16437 62113
16438 53793
16439 53605
16440 58145
16441 56681
16442 64865
16443 55825
16444 26401
16445 31377
16446 32277
16447 25496
16448 49953
16449 55080
16450 56673
16451 2840
16452 51968
16453 50016
16454 54048
16455 54833
16456 54833
16457 25370
16458 28177
16459 54841
16460 54817
16461 27392
16462 53601
16463 56681
16464 27425
16465 54049
16466 52009
16467 58272
16468 63329
16469 57144
16470 19233
16471 27488
16472 25434
16473 52001
16474 60257
16475 58144
16476 49936
16477 25498
16478 63265
16479 54049
16480 19233
16481 19201
16482 32273
16483 56681
16484 2968
16485 56681
16486 27616
16487 52008
16488 58144
16489 58152
16490 62312
16491 29600
16492 32257
16493 54048
16494 56673
16495 58145
16496 60200
16497 25496
16498 25068
16499 59177
16500 58209
16501 63471
16502 54048
16503 53285
16504 26145
16505 27408
16506 56617
16507 63264
16508 26392
16509 56681
16510 49445
16511 53537
16512 58272
16513 56681
16514 25480
16515 26401
16516 17153
16517 21288
16518 51968
16519 4968
16520 26145
16521 17256
16522 55073
16523 63264
16524 52000
16525 58144
16526 25504
16527 25509
16528 54056
16529 25512
16530 56881
16531 32261
16532 54048
16533 61797
16534 53605
16535 25248
16536 19232
16537 61804
16538 49960
16539 33125
16540 54112
16541 18761
16542 58209
16543 5984
16544 16748
16545 56681
16546 25576
16547 25376
16548 49952
16549 19232
16550 18216
16551 16677
16552 27424
16553 60192
16554 62371
16555 54048
16556 53608
16557 25377
16558 16677
16559 19201
16560 19232
16561 19233
16562 54048
16563 60192
16564 19200
16565 27425
16566 53604
16567 29544
16568 27488
16569 52001
16570 53280
16571 58144
16572 56681
16573 29608
16574 2329
16575 65057
16576 62369
16577 26393
16578 2393
16579 18209
16580 62241
16581 57816
16582 56104
16583 2377
16584 25434
16585 53605
16586 63137
16587 2377
16588 64129
16589 26474
16590 27424
16591 25370
16592 2328
16593 51000
16594 53600
16595 58272
16596 17184
16597 64033
16598 64033
16599 33061
16600 64097
16601 19328
16602 19233
16603 27432
16604 2970
16605 17189
16606 61225
16607 26413
16608 63585
16609 31233
16610 16788
16611 2393
16612 25368
16613 58208
16614 25572
16615 25376
16616 19233
16617 55096
16618 52008
16619 4968
16620 2392
16621 51553
16622 63272
16623 49961
16624 2840
16625 56865
16626 19232
16627 7501
16628 19224
16629 17157
16630 29608
16631 53032
16632 53605
16633 53605
16634 49961
16635 63264
16636 25498
16637 25448
16638 52000
16639 19352
16640 19233
16641 25480
16642 25496
16643 58144
16644 25232
16645 17185
16646 25480
16647 27392
16648 25344
16649 62248
16650 53605
16651 19208
16652 24932
16653 52009
16654 60192
16655 20265
16656 2393
16657 17184
16658 25376
16659 25568
16660 55857
16661 53537
16662 19224
16663 49504
16664 52001
16665 59176
16666 27424
16667 27488
16668 58144
16669 58145
16670 58145
16671 51969
16672 17185
16673 54049
16674 25440
16675 17184
16676 49944
16677 53605
16678 19233
16679 25248
16680 49968
16681 63329
16682 16741
16683 19201
16684 58208
16685 49957
16686 29624
16687 29480
16688 49957
16689 65377
16690 25504
16691 25377
16692 25416
16693 27528
16694 53557
16695 25377
16696 18761
16697 53605
16698 63264
16699 19240
16700 25377
16701 53605
16702 32261
16703 49953
16704 27425
16705 49960
16706 55841
16707 56617
16708 25352
16709 19233
16710 63264
16711 27528
16712 55080
16713 49952
16714 26157
16715 25345
16716 19232
16717 26413
16718 52001
16719 53792
16720 58144
16721 63841
16722 52001
16723 19208
16724 54049
16725 58144
16726 17160
16727 62240
16728 63329
16729 58336
16730 25344
16731 19352
16732 58112
16733 58209
16734 49961
16735 25344
16736 61797
16737 58145
16738 64289
16739 25352
16740 24329
16741 52000
16742 53541
16743 61216
16744 27393
16745 23057
16746 49509
16747 26413
16748 29480
16749 53605
16750 56849
16751 11041
16752 54049
16753 25440
16754 53605
16755 62437
16756 54064
16757 62241
16758 62381
16759 24932
16760 53541
16761 53541
16762 25352
16763 56681
16764 54049
16765 25496
16766 29600
16767 55072
16768 58216
16769 60160
16770 33125
16771 25384
16772 17152
16773 62241
16774 56617
16775 25068
16776 53605
16777 25576
16778 56673
16779 55081
16780 37221
16781 60169
16782 53605
16783 49509
16784 25504
16785 59232
16786 49953
16787 65313
16788 49953
16789 58152
16790 58145
16791 52008
16792 26464
16793 55081
16794 27425
16795 29480
16796 49509
16797 49960
16798 54633
16799 19233
16800 54200
16801 58145
16802 17248
16803 55081
16804 58112
16805 50977
16806 20836
16807 19233
16808 27264
16809 56617
16810 61225
16811 54048
16812 17185
16813 27488
16814 27393
16815 50984
16816 17152
16817 63337
16818 56609
16819 16792
16820 29600
16821 19200
16822 25488
16823 2840
16824 49928
16825 58144
16826 17184
16827 62368
16828 54048
16829 25512
16830 19256
16831 53540
16832 55072
16833 25370
16834 19232
16835 51992
16836 27425
16837 19224
16838 52008
16839 32257
16840 53605
16841 59297
16842 53605
16843 51744
16844 10157
16845 56681
16846 54048
16847 49952
16848 56105
16849 60192
16850 25376
16851 58144
16852 26153
16853 49445
16854 59169
16855 27521
16856 54048
16857 53605
16858 27392
16859 17201
16860 55085
16861 49961
16862 17193
16863 54833
16864 19224
16865 52001
16866 25377
16867 55072
16868 58216
16869 20264
16870 54072
16871 59240
16872 19233
16873 27560
16874 17185
16875 54048
16876 24932
16877 56064
16878 27424
16879 27401
16880 65320
16881 33125
16882 63265
16883 49960
16884 49953
16885 17184
16886 59169
16887 27400
16888 49921
16889 25384
16890 58144
16891 17184
16892 60257
16893 49957
16894 56097
16895 49929
16896 2377
16897 54056
16898 56681
16899 25376
16900 61793
16901 49976
16902 10081
16903 25376
16904 19232
16905 26409
16906 25068
16907 293
16908 60160
16909 49956
16910 54056
16911 57128
16912 62240
16913 25381
16914 59168
16915 57185
16916 50024
16917 17184
16918 17161
16919 27424
16920 25385
16921 49953
16922 56681
16923 65385
16924 49509
16925 60192
16926 52009
16927 49960
16928 49953
16929 49952
16930 54833
16931 49953
16932 49508
16933 27489
16934 49952
16935 17184
16936 52001
16937 27560
16938 53609
16939 53605
16940 55073
16941 58144
16942 19208
16943 19233
16944 53793
16945 56681
16946 56681
16947 25377
16948 53605
16949 54049
16950 49953
16951 49952
16952 49604
16953 2377
16954 14184
16955 2377
16956 56865
16957 25488
16958 56673
16959 49960
16960 28449
16961 52120
16962 49332
16963 25370
16964 54821
16965 52000
16966 56681
16967 25360
16968 62240
16969 17185
16970 56088
16971 65057
16972 25505
16973 14113
16974 50088
16975 27400
16976 49509
16977 25512
16978 65385
16979 2968
16980 27425
16981 10088
16982 27392
16983 26409
16984 18760
16985 19224
16986 61793
16987 58136
16988 49920
16989 2329
16990 25432
16991 37688
16992 53600
16993 17304
16994 49920
16995 27401
16996 65312
16997 2376
16998 2329
16999 19209
17000 49509
17001 57129
17002 16740
17003 58144
17004 55073
17005 25508
17006 25434
17007 49953
17008 63272
17009 49504
17010 19240
17011 53605
17012 54049
17013 25376
17014 19232
17015 2856
17016 2392
17017 29472
17018 25580
17019 17185
17020 26401
17021 25384
17022 27496
17023 25344
17024 19233
17025 25572
17026 52001
17027 25384
17028 19224
17029 62440
17030 58112
17031 58208
17032 56681
17033 63264
17034 31377
17035 25377
17036 18960
17037 27288
17038 49953
17039 61217
17040 5984
17041 49445
17042 56681
17043 58144
17044 17153
17045 55072
17046 25576
17047 55080
17048 53793
17049 19241
17050 17160
17051 54072
17052 54049
17053 49952
17054 49505
17055 60193
17056 25376
17057 52001
17058 51976
17059 52008
17060 61792
17061 52000
17062 62304
17063 27520
17064 25504
17065 56088
17066 25376
17067 63288
17068 51000
17069 49509
17070 10021
17071 49952
17072 50016
17073 53605
17074 49573
17075 60192
17076 25504
17077 49952
17078 17185
17079 63265
17080 25344
17081 27489
17082 17184
17083 53548
17084 25496
17085 19233
17086 53605
17087 54049
17088 49504
17089 49960
17090 54053
17091 53605
17092 19201
17093 19201
17094 61225
17095 49953
17096 54060
17097 49960
17098 15004
17099 25384
17100 19232
17101 49936
17102 53605
17103 55081
17104 27433
17105 28161
17106 58120
17107 63264
17108 64865
17109 54049
17110 56617
17111 19201
17112 58144
17113 60168
17114 27392
17115 27425
17116 61925
17117 52000
17118 56681
17119 50016
17120 49952
17121 28449
17122 26465
17123 17193
17124 53605
17125 28177
17126 58113
17127 62368
17128 58336
17129 25384
17130 56617
17131 58208
17132 62309
17133 25440
17134 52001
17135 25472
17136 56681
17137 49636
17138 57120
17139 54056
17140 54048
17141 27425
17142 58144
17143 25496
17144 19201
17145 51992
17146 49952
17147 27552
17148 58145
17149 55072
17150 56681
17151 23057
17152 25496
17153 56681
17154 54840
17155 25512
17156 54840
17157 54817
17158 53025
17159 49952
17160 58208
17161 55073
17162 64865
17163 10080
17164 57120
17165 58144
17166 52009
17167 54053
17168 65320
17169 25496
17170 58208
17171 27400
17172 27552
17173 19240
17174 54049
17175 31233
17176 52001
17177 29676
17178 19224
17179 63264
17180 19233
17181 53541
17182 61797
17183 56681
17184 25448
17185 62373
17186 49961
17187 2328
17188 54057
17189 49509
17190 27392
17191 58144
17192 49952
17193 61797
17194 19201
17195 62249
17196 33125
17197 26401
17198 17184
17199 58209
17200 19232
17201 53601
17202 53032
17203 56105
17204 63457
17205 54056
17206 58112
17207 49508
17208 62444
17209 62241
17210 53605
17211 56681
17212 53605
17213 17184
17214 25377
17215 2393
17216 56104
17217 56096
17218 52001
17219 56681
17220 63328
17221 49960
17222 49508
17223 18209
17224 49952
17225 62373
17226 49508
17227 18977
17228 29592
17229 25344
17230 56865
17231 54049
17232 25512
17233 49952
17234 59232
17235 17160
17236 49953
17237 49952
17238 57129
17239 60320
17240 25472
17241 58152
17242 54624
17243 56681
17244 25384
17245 63329
17246 62433
17247 53605
17248 49952
17249 58152
17250 62240
17251 61805
17252 25472
17253 62372
17254 58145
17255 58145
17256 17248
17257 56617
17258 52016
17259 52000
17260 62240
17261 62240
17262 53605
17263 49953
17264 58296
17265 56681
17266 56889
17267 56617
17268 53605
17269 59177
17270 55096
17271 25376
17272 58113
17273 25376
17274 25376
17275 27536
17276 27393
17277 62241
17278 27425
17279 27520
17280 26393
17281 51000
17282 60193
17283 58209
17284 62368
17285 55073
17286 54056
17287 24329
17288 28449
17289 53176
17290 50074
17291 32257
17292 57792
17293 60169
17294 2970
17295 20265
17296 10016
17297 17306
17298 11809
17299 293
17300 53605
17301 49508
17302 49944
17303 10081
17304 56681
17305 37221
17306 62248
17307 16740
17308 49944
17309 52000
17310 32257
17311 53793
17312 26413
17313 2377
17314 16737
17315 52001
17316 58145
17317 2377
17318 38760
17319 17184
17320 58152
17321 17240
17322 58144
17323 57120
17324 19224
17325 26392
17326 2328
17327 62392
17328 27296
17329 62373
17330 27553
17331 50088
17332 25353
17333 59176
17334 25580
17335 49928
17336 53600
17337 58145
17338 17184
17339 25385
17340 27400
17341 49953
17342 27424
17343 2377
17344 57129
17345 19225
17346 27296
17347 58112
17348 58113
17349 17152
17350 60193
17351 53605
17352 61861
17353 61797
17354 49953
17355 49952
17356 49952
17357 1888
17358 17200
17359 27425
17360 54052
17361 62240
17362 16737
17363 49697
17364 62240
17365 53605
17366 63401
17367 54057
17368 56681
17369 52008
17370 27393
17371 56104
17372 7501
17373 25488
17374 33125
17375 25488
17376 56881
17377 56880
17378 32257
17379 64032
17380 2392
17381 29608
17382 65377
17383 25384
17384 60193
17385 26409
17386 25440
17387 27496
17388 49952
17389 49441
17390 19232
17391 52001
17392 25480
17393 56681
17394 58144
17395 2970
17396 2968
17397 23336
17398 27392
17399 58216
17400 28417
17401 27264
17402 52024
17403 10017
17404 63401
17405 25496
17406 33125
17407 56888
17408 53605
17409 65320
17410 27400
17411 23057
17412 60193
17413 16677
17414 19232
17415 23328
17416 50977
17417 52000
17418 19209
17419 54048
17420 27521
17421 62241
17422 49952
17423 58273
17424 56681
17425 49953
17426 18248
17427 33125
17428 61793
17429 53605
17430 33125
17431 19224
17432 62392
17433 56681
17434 52000
17435 49953
17436 27392
17437 27264
17438 25377
17439 50984
17440 27456
17441 64289
17442 53605
17443 17184
17444 59169
17445 26401
17446 58273
17447 19232
17448 62372
17449 17184
17450 58209
17451 27424
17452 19232
17453 58113
17454 55136
17455 60160
17456 58145
17457 18209
17458 31521
17459 49952
17460 17152
17461 17161
17462 58209
17463 62373
17464 49960
17465 27401
17466 58120
17467 25528
17468 54056
17469 17189
17470 58280
17471 60169
17472 53605
17473 53605
17474 58145
17475 25480
17476 59233
17477 25528
17478 56105
17479 17153
17480 49928
17481 50985
17482 55072
17483 19209
17484 16736
17485 19209
17486 54049
17487 19232
17488 54048
17489 17200
17490 17184
17491 49453
17492 27393
17493 62240
17494 19241
17495 49953
17496 29584
17497 65313
17498 25480
17499 56880
17500 56096
17501 56681
17502 54049
17503 27288
17504 27280
17505 2328
17506 63336
17507 55077
17508 52001
17509 25384
17510 27392
17511 54048
17512 24065
17513 51985
17514 53605
17515 25498
17516 49960
17517 17306
17518 54040
17519 54049
17520 49960
17521 49960
17522 27424
17523 60160
17524 58144
17525 49953
17526 25488
17527 25381
17528 56681
17529 17192
17530 49961
17531 52009
17532 18961
17533 19785
17534 49960
17535 59232
17536 27392
17537 27424
17538 54064
17539 51969
17540 55073
17541 10021
17542 63264
17543 60200
17544 25377
17545 57129
17546 54048
17547 20257
17548 55072
17549 61797
17550 25377
17551 55081
17552 49952
17553 50985
17554 33125
17555 52001
17556 28448
17557 33125
17558 2409
17559 60160
17560 53809
17561 27392
17562 26145
17563 56088
17564 55077
17565 10029
17566 49960
17567 25385
17568 58113
17569 25344
17570 52001
17571 52001
17572 53605
17573 62392
17574 25376
17575 17185
17576 54025
17577 56681
17578 53541
17579 19232
17580 25376
17581 53605
17582 25060
17583 27425
17584 17189
17585 57829
17586 52000
17587 53536
17588 25068
17589 58209
17590 19232
17591 27392
17592 54049
17593 60193
17594 60192
17595 54049
17596 58138
17597 25384
17598 20257
17599 58149
17600 56681
17601 19232
17602 19208
17603 19232
17604 17184
17605 17192
17606 59168
17607 65385
17608 58113
17609 52000
17610 19216
17611 49953
17612 62368
17613 57097
17614 49953
17615 57121
17616 25496
17617 25440
17618 61797
17619 56681
17620 27425
17621 62113
17622 49960
17623 19208
17624 18761
17625 2841
17626 57193
17627 51000
17628 23881
17629 2329
17630 32289
17631 58145
17632 54040
17633 3849
17634 32257
17635 50984
17636 56097
17637 2377
17638 58152
17639 50138
17640 65121
17641 2328
17642 57697
17643 65057
17644 56681
17645 26409
17646 56865
17647 52008
17648 49953
17649 50024
17650 17240
17651 49960
17652 19224
17653 49953
17654 25448
17655 25512
17656 58144
17657 58145
17658 58280
17659 25416
17660 2840
17661 19224
17662 63336
17663 5992
17664 55096
17665 59168
17666 23817
17667 32257
17668 18761
17669 19240
17670 19200
17671 53540
17672 19201
17673 2376
17674 4920
17675 49952
17676 56864
17677 50104
17678 25488
17679 49953
17680 58152
17681 52001
17682 49960
17683 60320
17684 23057
17685 21288
17686 27393
17687 56088
17688 19232
17689 61281
17690 2377
17691 25472
17692 62264
17693 25376
17694 33061
17695 40504
17696 49961
17697 58152
17698 50977
17699 54048
17700 62380
17701 49953
17702 49509
17703 54064
17704 25580
17705 17189
17706 55072
17707 58113
17708 19232
17709 49504
17710 29608
17711 27552
17712 10033
17713 49697
17714 53605
17715 63337
17716 27424
17717 55073
17718 27392
17719 51968
17720 19240
17721 53605
17722 54056
17723 56681
17724 62241
17725 60192
17726 51985
17727 28177
17728 29611
17729 59169
17730 55841
17731 53541
17732 19248
17733 54841
17734 53557
17735 58145
17736 19224
17737 25515
17738 54048
17739 25440
17740 49960
17741 55825
17742 27424
17743 32273
17744 54049
17745 27393
17746 17184
17747 2825
17748 52016
17749 54052
17750 49956
17751 49509
17752 50977
17753 62241
17754 10025
17755 4453
17756 58208
17757 61224
17758 60160
17759 21281
17760 16736
17761 17178
17762 27392
17763 58145
17764 58145
17765 63272
17766 61804
17767 53605
17768 62241
17769 19233
17770 54049
17771 27560
17772 25344
17773 25060
17774 29672
17775 54057
17776 19233
17777 58272
17778 25376
17779 19200
17780 53605
17781 19240
17782 61797
17783 59361
17784 24353
17785 49960
17786 56681
17787 19201
17788 53545
17789 25516
17790 49952
17791 61793
17792 54049
17793 17185
17794 60193
17795 60193
17796 49953
17797 61797
17798 58144
17799 58144
17800 19233
17801 49936
17802 61805
17803 49508
17804 25488
17805 60264
17806 25377
17807 56105
17808 53613
17809 56097
17810 61217
17811 49953
17812 25496
17813 54049
17814 25376
17815 49509
17816 27616
17817 25580
17818 26424
17819 53605
17820 26153
17821 56097
17822 52000
17823 62248
17824 58144
17825 50977
17826 60192
17827 49952
17828 53541
17829 62241
17830 57193
17831 51968
17832 17192
17833 21281
17834 25377
17835 49920
17836 61797
17837 54016
17838 52008
17839 54048
17840 49952
17841 49952
17842 25377
17843 25512
17844 55073
17845 49953
17846 57185
17847 56681
17848 53605
17849 62433
17850 19216
17851 54049
17852 49936
17853 56681
17854 56377
17855 65384
17856 53025
17857 25376
17858 17201
17859 53604
17860 56681
17861 10017
17862 52000
17863 62241
17864 53605
17865 64097
17866 26392
17867 55840
17868 54624
17869 51000
17870 58152
17871 49960
17872 50138
17873 54072
17874 58209
17875 17189
17876 58153
17877 57696
17878 27425
17879 56681
17880 16741
17881 62371
17882 56881
17883 49445
17884 47021
17885 33125
17886 49961
17887 61805
17888 58145
17889 52000
17890 62249
17891 49509
17892 49944
17893 27544
17894 62264
17895 19208
17896 19232
17897 27520
17898 60193
17899 62241
17900 61797
17901 25352
17902 28177
17903 19224
17904 25377
17905 58152
17906 53536
17907 49957
17908 27424
17909 55072
17910 17208
17911 17184
17912 54048
17913 27416
17914 62433
17915 17185
17916 49509
17917 10157
17918 62240
17919 56865
17920 57144
17921 52000
17922 17184
17923 58128
17924 49952
17925 49976
17926 25232
17927 27393
17928 60257
17929 19208
17930 49957
17931 58144
17932 65089
17933 49953
17934 58145
17935 25516
17936 62241
17937 49440
17938 26400
17939 62305
17940 25576
17941 62240
17942 61925
17943 53032
17944 54048
17945 25496
17946 51744
17947 49952
17948 57701
17949 52000
17950 58209
17951 56673
17952 52000
17953 19200
17954 61793
17955 17160
17956 58149
17957 65377
17958 56633
17959 25345
17960 17184
17961 57700
17962 27424
17963 61793
17964 57829
17965 27528
17966 25504
17967 54048
17968 58144
17969 25377
17970 57145
17971 52000
17972 56104
17973 24932
17974 53604
17975 55073
17976 19233
17977 25376
17978 58145
17979 53032
17980 56673
17981 49953
17982 56353
17983 53541
17984 51969
17985 61281
17986 54048
17987 49504
17988 58145
17989 9196
17990 55077
17991 2848
17992 17248
17993 49509
17994 49445
17995 2393
17996 52001
17997 58296
17998 50104
17999 18697
18000 2329
18001 51976
18002 16933
18003 56353
18004 56681
18005 54053
18006 25496
18007 27280
18008 56865
18009 53285
18010 2393
18011 49944
18012 29624
18013 19224
18014 10017
18015 19209
18016 49957
18017 51553
18018 56681
18019 10157
18020 53541
18021 49508
18022 25504
18023 59168
18024 63337
18025 2377
18026 27136
18027 32289
18028 16860
18029 2840
18030 52000
18031 50977
18032 25472
18033 49445
18034 49960
18035 52000
18036 2377
18037 293
18038 60193
18039 25377
18040 25434
18041 49953
18042 2377
18043 2328
18044 27520
18045 56097
18046 53541
18047 25376
18048 52000
18049 61985
18050 49960
18051 49952
18052 28456
18053 57697
18054 25368
18055 49952
18056 17176
18057 58144
18058 2840
18059 25528
18060 27393
18061 52120
18062 25512
18063 25370
18064 25580
18065 55073
18066 53557
18067 25480
18068 49509
18069 19241
18070 52001
18071 19241
18072 19328
18073 19224
18074 17160
18075 25352
18076 25352
18077 57765
18078 19233
18079 19200
18080 49960
18081 58208
18082 57129
18083 28448
18084 49952
18085 52008
18086 25472
18087 53605
18088 25504
18089 19201
18090 53025
18091 58145
18092 58144
18093 27424
18094 63336
18095 27424
18096 54048
18097 25352
18098 19232
18099 52016
18100 25377
18101 54048
18102 58144
18103 54049
18104 25512
18105 56681
18106 2393
18107 54056
18108 56681
18109 58217
18110 55080
18111 52001
18112 63585
18113 26409
18114 49573
18115 58152
18116 54048
18117 52000
18118 56681
18119 33125
18120 53024
18121 53605
18122 20837
18123 17184
18124 51985
18125 51744
18126 49509
18127 31521
18128 17189
18129 60161
18130 61025
18131 59168
18132 54048
18133 62240
18134 17176
18135 59169
18136 293
18137 19208
18138 54073
18139 49952
18140 53605
18141 53605
18142 49952
18143 19233
18144 19232
18145 28161
18146 58208
18147 55093
18148 25377
18149 60192
18150 19225
18151 49957
18152 54049
18153 63265
18154 56681
18155 17185
18156 54048
18157 25352
18158 25368
18159 54048
18160 56673
18161 62113
18162 27393
18163 53605
18164 28193
18165 55072
18166 49573
18167 17193
18168 16748
18169 54048
18170 51976
18171 60256
18172 58145
18173 25432
18174 60193
18175 63457
18176 19352
18177 54056
18178 53613
18179 49921
18180 17184
18181 11041
18182 25376
18183 53605
18184 54833
18185 2393
18186 25441
18187 54048
18188 49508
18189 17192
18190 54821
18191 17185
18192 53541
18193 58152
18194 58144
18195 49976
18196 59169
18197 25560
18198 56681
18199 27136
18200 60264
18201 61217
18202 25528
18203 53604
18204 49920
18205 26408
18206 56681
18207 25352
18208 54056
18209 58209
18210 26474
18211 27424
18212 58112
18213 64873
18214 56681
18215 25496
18216 49944
18217 62371
18218 53605
18219 25496
18220 28521
18221 25376
18222 65313
18223 49509
18224 57129
18225 56096
18226 49960
18227 52008
18228 63264
18229 58145
18230 49445
18231 27425
18232 25377
18233 25377
18234 63272
18235 56681
18236 24932
18237 51744
18238 49952
18239 27425
18240 61281
18241 27424
18242 25488
18243 25377
18244 50072
18245 63272
18246 56681
18247 17193
18248 27456
18249 58144
18250 55081
18251 5472
18252 54049
18253 17185
18254 54064
18255 64873
18256 33125
18257 19232
18258 49952
18259 17152
18260 50984
18261 58144
18262 32257
18263 63272
18264 62368
18265 53944
18266 27393
18267 49953
18268 10017
18269 52000
18270 49697
18271 52008
18272 62113
18273 58272
18274 19208
18275 16677
18276 54056
18277 62309
18278 56617
18279 55825
18280 25496
18281 54048
18282 49509
18283 58208
18284 63265
18285 54049
18286 25376
18287 56104
18288 27424
18289 61797
18290 56889
18291 58145
18292 49944
18293 60192
18294 27424
18295 25496
18296 62241
18297 25345
18298 25528
18299 19232
18300 54056
18301 49960
18302 922
18303 53792
18304 25441
18305 2840
18306 25060
18307 58348
18308 54048
18309 26400
18310 19200
18311 61792
18312 25384
18313 58145
18314 23329
18315 25248
18316 25440
18317 17168
18318 57121
18319 54048
18320 57129
18321 27544
18322 59169
18323 61797
18324 19240
18325 58344
18326 54064
18327 49960
18328 25376
18329 25384
18330 57701
18331 14176
18332 64001
18333 25512
18334 49509
18335 2856
18336 62368
18337 27392
18338 52025
18339 56681
18340 54048
18341 27553
18342 52000
18343 58152
18344 25496
18345 5473
18346 56881
18347 64865
18348 49952
18349 54120
18350 25480
18351 19240
18352 19241
18353 62248
18354 54057
18355 26401
18356 56417
18357 20265
18358 55072
18359 59361
18360 57128
18361 62248
18362 53024
18363 17184
18364 56673
18365 52008
18366 27425
18367 49952
18368 49505
18369 64296
18370 16736
18371 58216
18372 49968
18373 52001
18374 19201
18375 56681
18376 2392
18377 2393
18378 59937
18379 58272
18380 56681
18381 55080
18382 27433
18383 54064
18384 19288
18385 26145
18386 17176
18387 31233
18388 53176
18389 6409
18390 49508
18391 63272
18392 23881
18393 25498
18394 17192
18395 26409
18396 19352
18397 54065
18398 14176
18399 56681
18400 55081
18401 54841
18402 5984
18403 57128
18404 2840
18405 19233
18406 10017
18407 25345
18408 54049
18409 50074
18410 50016
18411 62373
18412 53605
18413 18216
18414 23817
18415 1829
18416 24329
18417 56065
18418 19232
18419 17304
18420 55096
18421 2329
18422 10157
18423 25504
18424 17185
18425 17192
18426 922
18427 53557
18428 792
18429 17304
18430 19785
18431 29592
18432 64033
18433 63585
18434 58209
18435 55080
18436 49508
18437 27136
18438 54048
18439 24329
18440 27425
18441 26472
18442 25449
18443 52008
18444 54056
18445 53600
18446 61805
18447 62368
18448 54056
18449 25384
18450 58216
18451 61796
18452 25512
18453 25352
18454 62360
18455 50977
18456 54072
18457 5477
18458 56681
18459 27400
18460 61797
18461 63329
18462 52000
18463 63264
18464 50992
18465 58209
18466 56681
18467 65377
18468 17192
18469 49953
18470 54049
18471 49440
18472 57696
18473 58144
18474 54048
18475 63265
18476 49944
18477 31377
18478 62248
18479 10088
18480 56681
18481 25504
18482 25480
18483 56097
18484 56104
18485 56681
18486 49969
18487 56888
18488 52001
18489 59361
18490 27425
18491 60193
18492 51977
18493 58145
18494 26409
18495 19721
18496 25384
18497 10157
18498 2393
18499 25344
18500 52000
18501 56681
18502 58145
18503 27496
18504 25480
18505 58144
18506 58145
18507 50977
18508 53605
18509 2377
18510 53605
18511 27544
18512 19200
18513 58144
18514 53025
18515 57121
18516 65320
18517 33125
18518 54048
18519 49952
18520 11809
18521 60193
18522 49961
18523 62264
18524 53809
18525 2377
18526 49953
18527 55073
18528 25376
18529 49509
18530 50072
18531 59169
18532 2392
18533 54056
18534 27424
18535 10025
18536 62376
18537 27528
18538 49441
18539 27392
18540 27264
18541 54049
18542 25376
18543 51969
18544 56889
18545 49952
18546 49440
18547 19240
18548 59168
18549 25344
18550 25384
18551 49952
18552 19232
18553 54049
18554 58144
18555 49960
18556 17168
18557 18961
18558 56681
18559 33125
18560 17184
18561 23057
18562 63273
18563 25377
18564 27392
18565 25482
18566 49960
18567 56097
18568 58336
18569 49953
18570 16677
18571 17184
18572 49504
18573 49953
18574 54017
18575 49504
18576 58144
18577 55081
18578 58120
18579 25377
18580 49508
18581 49509
18582 2848
18583 25376
18584 52000
18585 54056
18586 52001
18587 27425
18588 4984
18589 58337
18590 60192
18591 49976
18592 19232
18593 33125
18594 62376
18595 25472
18596 53604
18597 52000
18598 19241
18599 53032
18600 792
18601 50016
18602 27392
18603 54048
18604 60193
18605 49953
18606 60200
18607 55081
18608 27401
18609 49504
18610 54056
18611 32273
18612 57701
18613 62240
18614 27488
18615 60192
18616 60256
18617 55081
18618 19201
18619 49953
18620 25368
18621 49921
18622 54049
18623 49504
18624 56681
18625 62240
18626 51968
18627 17193
18628 52008
18629 52000
18630 62433
18631 19233
18632 49936
18633 50984
18634 60193
18635 49953
18636 53600
18637 60193
18638 54049
18639 54048
18640 58209
18641 63265
18642 55073
18643 19208
18644 54056
18645 20257
18646 56881
18647 62376
18648 56617
18649 56681
18650 49508
18651 64129
18652 19233
18653 55832
18654 54325
18655 27432
18656 59361
18657 19232
18658 62304
18659 63337
18660 26409
18661 2840
18662 33125
18663 11797
18664 2329
18665 17161
18666 62309
18667 52008
18668 27393
18669 25376
18670 19217
18671 49509
18672 29480
18673 54840
18674 58209
18675 27393
18676 56097
18677 19241
18678 57128
18679 25496
18680 19224
18681 19224
18682 26153
18683 27425
18684 27392
18685 54053
18686 49960
18687 56681
18688 2840
18689 49920
18690 2392
18691 54064
18692 27424
18693 49509
18694 58144
18695 52001
18696 59177
18697 63273
18698 52001
18699 55841
18700 25376
18701 49952
18702 26401
18703 26400
18704 49952
18705 17184
18706 27265
18707 54048
18708 25504
18709 49508
18710 25496
18711 61925
18712 53544
18713 27424
18714 27432
18715 25512
18716 54049
18717 49509
18718 61217
18719 53024
18720 49509
18721 27553
18722 31249
18723 56096
18724 61216
18725 62379
18726 62371
18727 58145
18728 51977
18729 59169
18730 25496
18731 63337
18732 17189
18733 17184
18734 62444
18735 49953
18736 17185
18737 53609
18738 58145
18739 56617
18740 49952
18741 60192
18742 54565
18743 17184
18744 56096
18745 52000
18746 54049
18747 25472
18748 62368
18749 57828
18750 49957
18751 62370
18752 18960
18753 33125
18754 17153
18755 52001
18756 60192
18757 60192
18758 55825
18759 19201
18760 29472
18761 60193
18762 61797
18763 27425
18764 58112
18765 57697
18766 25504
18767 27528
18768 62241
18769 27432
18770 55136
18771 27488
18772 54625
18773 56681
18774 19201
18775 58144
18776 58144
18777 63329
18778 56617
18779 56617
18780 27425
18781 27528
18782 65385
18783 58145
18784 50088
18785 62248
18786 54049
18787 28449
18788 29328
18789 33061
18790 52025
18791 58112
18792 25512
18793 27400
18794 52000
18795 49968
18796 54048
18797 61792
18798 62369
18799 49944
18800 62113
18801 27416
18802 17184
18803 58145
18804 25472
18805 25509
18806 49953
18807 56681
18808 49444
18809 49628
18810 56681
18811 55809
18812 26153
18813 65057
18814 25498
18815 52920
18816 54049
18817 2968
18818 49976
18819 51000
18820 26393
18821 54072
18822 49445
18823 32257
18824 25496
18825 2393
18826 27401
18827 2329
18828 54837
18829 49697
18830 17240
18831 31233
18832 49445
18833 54837
18834 63329
18835 26413
18836 25512
18837 2856
18838 49952
18839 55080
18840 888
18841 25377
18842 27425
18843 25384
18844 49504
18845 18248
18846 49928
18847 49512
18848 27464
18849 29608
18850 49504
18851 58144
18852 2392
18853 25498
18854 17184
18855 56865
18856 25449
18857 25576
18858 19225
18859 56105
18860 17306
18861 49929
18862 33061
18863 53605
18864 52000
18865 24065
18866 53793
18867 59169
18868 55080
18869 19288
18870 19209
18871 49504
18872 56105
18873 63336
18874 52001
18875 56104
18876 54049
18877 18209
18878 58152
18879 55072
18880 54057
18881 54053
18882 60961
18883 25416
18884 49445
18885 19232
18886 60193
18887 58280
18888 16740
18889 63264
18890 49952
18891 49957
18892 27552
18893 19233
18894 19233
18895 37157
18896 52024
18897 293
18898 51977
18899 37221
18900 52000
18901 54056
18902 54072
18903 56681
18904 56681
18905 49636
18906 60193
18907 58144
18908 49944
18909 792
18910 19224
18911 16736
18912 50976
18913 27424
18914 27392
18915 60193
18916 58145
18917 59168
18918 19233
18919 49952
18920 28449
18921 57700
18922 56416
18923 25512
18924 49968
18925 56680
18926 25508
18927 25512
18928 56881
18929 63403
18930 27432
18931 50072
18932 56881
18933 23041
18934 2392
18935 54052
18936 49445
18937 53809
18938 17184
18939 28177
18940 55072
18941 27528
18942 52000
18943 49952
18944 55841
18945 49509
18946 17185
18947 65121
18948 54017
18949 26409
18950 56888
18951 33061
18952 52008
18953 2392
18954 25344
18955 16741
18956 49509
18957 58144
18958 54049
18959 53605
18960 58209
18961 49952
18962 17184
18963 25376
18964 11813
18965 57129
18966 49945
18967 28449
18968 2328
18969 26464
18970 53605
18971 25440
18972 49920
18973 56617
18974 18697
18975 25508
18976 17176
18977 10157
18978 53024
18979 25381
18980 53604
18981 53605
18982 51968
18983 19241
18984 49504
18985 65320
18986 57185
18987 53280
18988 49953
18989 25488
18990 25440
18991 55073
18992 54049
18993 25496
18994 60256
18995 62444
18996 63336
18997 27392
18998 61796
18999 27296
19000 49957
19001 56097
19002 54049
19003 49976
19004 27393
19005 49921
19006 58336
19007 27400
19008 49960
19009 49953
19010 61224
19011 25376
19012 25344
19013 58280
19014 27488
19015 26401
19016 49445
19017 58340
19018 62368
19019 54049
19020 61216
19021 25440
19022 53540
19023 56681
19024 17192
19025 52001
19026 32257
19027 56681
19028 53604
19029 60200
19030 49953
19031 49445
19032 62113
19033 63336
19034 56681
19035 26401
19036 62373
19037 53604
19038 16740
19039 56865
19040 49953
19041 49976
19042 61925
19043 63457
19044 17184
19045 54056
19046 56673
19047 53605
19048 19216
19049 49952
19050 49929
19051 58208
19052 19201
19053 49952
19054 55081
19055 54048
19056 58145
19057 53605
19058 27488
19059 16748
19060 52008
19061 56681
19062 60193
19063 60257
19064 25377
19065 49952
19066 25384
19067 54841
19068 49960
19069 62240
19070 19232
19071 25376
19072 54072
19073 56681
19074 56889
19075 25506
19076 53536
19077 27393
19078 24097
19079 10157
19080 62241
19081 58209
19082 61217
19083 19232
19084 27393
19085 26400
19086 2313
19087 19209
19088 53605
19089 61224
19090 56096
19091 28417
19092 63265
19093 2328
19094 49508
19095 25376
19096 58144
19097 27393
19098 63264
19099 25576
19100 33125
19101 49952
19102 58152
19103 61281
19104 49512
19105 63265
19106 54048
19107 56681
19108 27392
19109 18945
19110 26413
19111 17192
19112 27424
19113 2968
19114 25448
19115 54048
19116 17184
19117 53605
19118 17184
19119 57129
19120 2328
19121 53545
19122 62304
19123 58144
19124 65120
19125 52001
19126 53613
19127 49952
19128 54057
19129 2856
19130 53809
19131 7529
19132 58152
19133 54837
19134 32257
19135 25345
19136 58145
19137 54049
19138 26409
19139 49953
19140 25496
19141 27392
19142 49952
19143 25385
19144 20256
19145 54056
19146 26401
19147 54049
19148 56881
19149 56681
19150 56681
19151 51977
19152 57765
19153 17152
19154 33061
19155 27424
19156 27520
19157 49960
19158 19216
19159 59169
19160 28521
19161 25376
19162 37221
19163 56681
19164 63329
19165 58145
19166 801
19167 54056
19168 51977
19169 29608
19170 57828
19171 27520
19172 25345
19173 61797
19174 56681
19175 52001
19176 17200
19177 25376
19178 61797
19179 54048
19180 53605
19181 56681
19182 53605
19183 49508
19184 25345
19185 17193
19186 62240
19187 17184
19188 27560
19189 25472
19190 23057
19191 54049
19192 55073
19193 53605
19194 49440
19195 16740
19196 58121
19197 29592
19198 54573
19199 58144
19200 31249
19201 52000
19202 62376
19203 54016
19204 62241
19205 54056
19206 56105
19207 17185
19208 17185
19209 61797
19210 62240
19211 59169
19212 27424
19213 27456
19214 2392
19215 58209
19216 17160
19217 62444
19218 16740
19219 55077
19220 27424
19221 19232
19222 64296
19223 49920
19224 63265
19225 19225
19226 56681
19227 19208
19228 19288
19229 26153
19230 51000
19231 33125
19232 64001
19233 17308
19234 29592
19235 17306
19236 26393
19237 49952
19238 17201
19239 16737
19240 58120
19241 52009
19242 54049
19243 53604
19244 19216
19245 55073
19246 26409
19247 27153
19248 31249
19249 52000
19250 62248
19251 53793
19252 17176
19253 58280
19254 61796
19255 18840
19256 51968
19257 61217
19258 17248
19259 60193
19260 32273
19261 19288
19262 28161
19263 49953
19264 51000
19265 19208
19266 17192
19267 54072
19268 49441
19269 7533
19270 25498
19271 58112
19272 23057
19273 19224
19274 27544
19275 19200
19276 52000
19277 52001
19278 5472
19279 58336
19280 53541
19281 27528
19282 19201
19283 49508
19284 54072
19285 28177
19286 25377
19287 27489
19288 2328
19289 17193
19290 25376
19291 29624
19292 25376
19293 62380
19294 19225
19295 58208
19296 25376
19297 19233
19298 19200
19299 25512
19300 54060
19301 53608
19302 17185
19303 62392
19304 56617
19305 53605
19306 19272
19307 27392
19308 53024
19309 62369
19310 52000
19311 19232
19312 19240
19313 54625
19314 62305
19315 61793
19316 49960
19317 59240
19318 58144
19319 58208
19320 65384
19321 20257
19322 53605
19323 49953
19324 2400
19325 49953
19326 19240
19327 49960
19328 53605
19329 56104
19330 63336
19331 54833
19332 58217
19333 16672
19334 17184
19335 29328
19336 56873
19337 58209
19338 56617
19339 62305
19340 61797
19341 19216
19342 25377
19343 57697
19344 49921
19345 19232
19346 49952
19347 16677
19348 49952
19349 25376
19350 49508
19351 56104
19352 17184
19353 51969
19354 49953
19355 19233
19356 27424
19357 56889
19358 53605
19359 58145
19360 54837
19361 25496
19362 60160
19363 25344
19364 17176
19365 65120
19366 65377
19367 10080
19368 57121
19369 58144
19370 25352
19371 23881
19372 29603
19373 49952
19374 53604
19375 11797
19376 26413
19377 49445
19378 27488
19379 49921
19380 56881
19381 27393
19382 49960
19383 19224
19384 33125
19385 17184
19386 54049
19387 52000
19388 62373
19389 63265
19390 10029
19391 25376
19392 25384
19393 62309
19394 51969
19395 5984
19396 53541
19397 19200
19398 54049
19399 54048
19400 19208
19401 26401
19402 61797
19403 19232
19404 49921
19405 54837
19406 25376
19407 58145
19408 53544
19409 25384
19410 19232
19411 11793
19412 61805
19413 25384
19414 27425
19415 50016
19416 27264
19417 27424
19418 58145
19419 54049
19420 58213
19421 21029
19422 58208
19423 64097
19424 27464
19425 53540
19426 60033
19427 19232
19428 28177
19429 26408
19430 49953
19431 51968
19432 53605
19433 58144
19434 49509
19435 49952
19436 60193
19437 28177
19438 25512
19439 56681
19440 58144
19441 49952
19442 57697
19443 49969
19444 49957
19445 56096
19446 27456
19447 52000
19448 62248
19449 64289
19450 54049
19451 53813
19452 54048
19453 32273
19454 61217
19455 51993
19456 33125
19457 61805
19458 58120
19459 49928
19460 53792
19461 56681
19462 55072
19463 17192
19464 49953
19465 54048
19466 53601
19467 63457
19468 27560
19469 17184
19470 54024
19471 50977
19472 57121
19473 28512
19474 25060
19475 61804
19476 56681
19477 27456
19478 17185
19479 27425
19480 56673
19481 25512
19482 53605
19483 19232
19484 49952
19485 25504
19486 49952
19487 53544
19488 25376
19489 49953
19490 55864
19491 49976
19492 54049
19493 56673
19494 19225
19495 49952
19496 54072
19497 27520
19498 54049
19499 63265
19500 51977
19501 19224
19502 56681
19503 53792
19504 53605
19505 51000
19506 56881
19507 54833
19508 58152
19509 56888
19510 27520
19511 25377
19512 53793
19513 18208
19514 65121
19515 64865
19516 54072
19517 52008
19518 32257
19519 23881
19520 29611
19521 19201
19522 27488
19523 26409
19524 59169
19525 32257
19526 53549
19527 56673
19528 17184
19529 54048
19530 49564
19531 33125
19532 54072
19533 33125
19534 28449
19535 62444
19536 17169
19537 55841
19538 54049
19539 29584
19540 58144
19541 10080
19542 17188
19543 19201
19544 54056
19545 57129
19546 62248
19547 27433
19548 54072
19549 61804
19550 51968
19551 2377
19552 62249
19553 32289
19554 55073
19555 49957
19556 53605
19557 59169
19558 49960
19559 25504
19560 27425
19561 56617
19562 53605
19563 56065
19564 25440
19565 53600
19566 60257
19567 53025
19568 27400
19569 49920
19570 54573
19571 33125
19572 10029
19573 49509
19574 17185
19575 28177
19576 27392
19577 56097
19578 54049
19579 19209
19580 27136
19581 29584
19582 25472
19583 53797
19584 59169
19585 49952
19586 52000
19587 58144
19588 63585
19589 53604
19590 61804
19591 19233
19592 27432
19593 19233
19594 2848
19595 16736
19596 53600
19597 11793
19598 57696
19599 56881
19600 56681
19601 58144
19602 63273
19603 63272
19604 27425
19605 61861
19606 56865
19607 54072
19608 27432
19609 25353
19610 53536
19611 25508
19612 25376
19613 27520
19614 9196
19615 56681
19616 58144
19617 27425
19618 17185
19619 49976
19620 61797
19621 56681
19622 25376
19623 54060
19624 54048
19625 25496
19626 53540
19627 54048
19628 25448
19629 63265
19630 53605
19631 37157
19632 17185
19633 49952
19634 27536
19635 49512
19636 59169
19637 49952
19638 33061
19639 19200
19640 53605
19641 49920
19642 49952
19643 49952
19644 27425
19645 49445
19646 49953
19647 27424
19648 52000
19649 2329
19650 19224
19651 61217
19652 2392
19653 54629
19654 63272
19655 56889
19656 26409
19657 49960
19658 51000
19659 25377
19660 56681
19661 64001
19662 59176
19663 2377
19664 25498
19665 53600
19666 888
19667 62440
19668 56681
19669 57120
19670 26401
19671 23329
19672 19352
19673 53613
19674 49953
19675 25381
19676 28521
19677 54040
19678 27401
19679 57128
19680 50088
19681 25377
19682 49453
19683 25562
19684 65057
19685 27424
19686 2970
19687 19201
19688 49944
19689 17192
19690 52008
19691 58145
19692 19200
19693 19224
19694 61281
19695 2840
19696 53604
19697 62248
19698 51000
19699 56681
19700 2329
19701 25370
19702 5992
19703 17176
19704 2329
19705 62248
19706 19232
19707 58272
19708 49509
19709 55840
19710 49508
19711 19224
19712 25376
19713 2393
19714 60168
19715 61793
19716 37221
19717 61797
19718 61804
19719 52000
19720 54056
19721 54200
19722 52001
19723 58208
19724 18216
19725 49509
19726 25370
19727 29600
19728 28449
19729 53605
19730 52001
19731 58344
19732 62240
19733 51000
19734 2377
19735 54048
19736 65377
19737 55093
19738 51992
19739 62112
19740 54056
19741 49953
19742 56681
19743 28449
19744 52001
19745 62370
19746 63400
19747 25512
19748 65385
19749 25504
19750 25480
19751 19233
19752 55085
19753 59176
19754 27560
19755 56680
19756 52009
19757 52001
19758 27432
19759 26401
19760 56673
19761 61217
19762 58144
19763 61797
19764 19232
19765 58128
19766 27425
19767 7497
19768 25509
19769 27424
19770 54049
19771 49504
19772 62240
19773 54049
19774 25352
19775 53605
19776 56609
19777 56681
19778 54049
19779 50016
19780 16744
19781 53540
19782 19208
19783 17184
19784 27425
19785 2329
19786 58145
19787 56881
19788 51992
19789 53541
19790 58144
19791 3849
19792 25496
19793 2968
19794 54057
19795 25480
19796 58145
19797 62249
19798 33125
19799 49509
19800 2328
19801 27393
19802 52001
19803 2392
19804 52001
19805 55081
19806 49953
19807 58144
19808 54053
19809 40484
19810 19248
19811 51969
19812 27432
19813 53540
19814 20836
19815 17184
19816 61225
19817 19216
19818 50976
19819 49953
19820 32257
19821 55081
19822 52000
19823 19201
19824 58145
19825 50984
19826 25376
19827 17188
19828 2329
19829 55081
19830 53601
19831 11793
19832 19232
19833 49956
19834 17189
19835 19233
19836 60161
19837 23328
19838 57701
19839 52001
19840 23057
19841 25384
19842 25472
19843 49953
19844 27408
19845 63337
19846 59937
19847 26401
19848 27424
19849 56681
19850 19201
19851 58145
19852 27392
19853 49953
19854 25384
19855 58144
19856 49969
19857 49508
19858 17185
19859 56681
19860 17185
19861 25376
19862 55144
19863 25512
19864 19233
19865 62240
19866 56681
19867 61281
19868 25440
19869 52008
19870 56104
19871 53601
19872 55080
19873 25440
19874 49509
19875 54624
19876 29608
19877 58340
19878 60192
19879 65385
19880 27536
19881 25504
19882 53605
19883 54120
19884 17192
19885 49937
19886 25232
19887 56673
19888 25376
19889 17185
19890 17184
19891 58272
19892 49952
19893 27433
19894 25496
19895 56681
19896 56681
19897 57696
19898 52009
19899 61796
19900 58144
19901 19233
19902 62240
19903 49961
19904 16740
19905 54049
19906 58153
19907 49928
19908 4453
19909 16740
19910 61224
19911 25376
19912 17192
19913 17185
19914 53605
19915 65384
19916 49636
19917 61793
19918 293
19919 53605
19920 2328
19921 54845
19922 54064
19923 56881
19924 54837
19925 53308
19926 55856
19927 56881
19928 55832
19929 2970
19930 17304
19931 25496
19932 31521
19933 54837
19934 49509
19935 25576
19936 33125
19937 59361
19938 53793
19939 58145
19940 54049
19941 2328
19942 54049
19943 55073
19944 54056
19945 19224
19946 58144
19947 64033
19948 56881
19949 2376
19950 17184
19951 53605
19952 25370
19953 49573
19954 49444
19955 61216
19956 53605
19957 62248
19958 65025
19959 19233
19960 17185
19961 17169
19962 49944
19963 61797
19964 25512
19965 56681
19966 26401
19967 19224
19968 28512
19969 58121
19970 56617
19971 54048
19972 49453
19973 61985
19974 27552
19975 55096
19976 49969
19977 17184
19978 54841
19979 27425
19980 62241
19981 50016
19982 54112
19983 25376
19984 58208
19985 58272
19986 60192
19987 17192
19988 54120
19989 27552
19990 51744
19991 32289
19992 56681
19993 25353
19994 19224
19995 49512
19996 53545
19997 49509
19998 60192
19999 49929
20000 27393
20001 49445
20002 53605
20003 25508
20004 58145
20005 27425
20006 56617
20007 58336
20008 19232
20009 60192
20010 58152
20011 17192
20012 51969
20013 54057
20014 54057
20015 58276
20016 53604
20017 20256
20018 49944
20019 27489
20020 27425
20021 62369
20022 17185
20023 49952
20024 58209
20025 56681
20026 25576
20027 49508
20028 53605
20029 54072
20030 52001
20031 65377
20032 56681
20033 17184
20034 53604
20035 27392
20036 27544
20037 49960
20038 25384
20039 54057
20040 19208
20041 58216
20042 26400
20043 17193
20044 49508
20045 54057
20046 64296
20047 53024
20048 59168
20049 21281
20050 54048
20051 27552
20052 53025
20053 49509
20054 27408
20055 19200
20056 25488
20057 58209
20058 53176
20059 25384
20060 2328
20061 62249
20062 25496
20063 2377
20064 58144
20065 26409
20066 888
20067 56681
20068 18272
20069 25448
20070 61797
20071 19352
20072 23881
20073 26472
20074 49504
20075 25448
20076 53793
20077 25480
20078 55081
20079 53176
20080 10025
20081 49332
20082 19201
20083 17153
20084 58144
20085 58145
20086 10029
20087 60200
20088 32257
20089 2848
20090 16796
20091 17304
20092 58113
20093 19232
20094 10088
20095 25488
20096 58145
20097 28512
20098 10080
20099 23328
20100 2393
20101 2825
20102 32257
20103 17178
20104 62379
20105 1888
20106 59233
20107 19233
20108 49445
20109 28161
20110 49921
20111 2328
20112 2376
20113 61797
20114 49953
20115 25504
20116 19225
20117 25377
20118 25384
20119 19200
20120 54048
20121 53605
20122 28456
20123 25572
20124 59233
20125 19233
20126 27425
20127 58144
20128 53605
20129 19225
20130 49956
20131 56681
20132 55085
20133 56681
20134 60065
20135 55832
20136 55080
20137 61805
20138 19224
20139 60193
20140 62444
20141 56681
20142 49953
20143 16736
20144 56617
20145 56681
20146 49953
20147 63329
20148 49953
20149 55080
20150 53605
20151 25480
20152 50016
20153 25472
20154 17192
20155 49960
20156 17153
20157 56673
20158 25376
20159 58144
20160 49952
20161 58145
20162 63337
20163 53541
20164 54816
20165 49573
20166 62115
20167 58209
20168 53536
20169 26409
20170 20233
20171 49960
20172 19208
20173 58145
20174 57701
20175 58144
20176 62249
20177 15000
20178 54840
20179 27392
20180 2392
20181 52152
20182 57129
20183 49961
20184 49952
20185 27424
20186 60192
20187 19241
20188 33125
20189 28177
20190 60961
20191 49968
20192 32273
20193 25376
20194 55832
20195 61797
20196 62241
20197 17185
20198 63272
20199 50016
20200 33125
20201 64865
20202 62241
20203 2377
20204 64033
20205 25376
20206 55145
20207 64161
20208 62304
20209 49952
20210 52000
20211 53605
20212 49953
20213 54057
20214 52008
20215 60193
20216 21288
20217 25441
20218 56104
20219 2377
20220 57700
20221 25572
20222 56617
20223 62373
20224 53605
20225 53605
20226 17160
20227 54056
20228 19225
20229 54056
20230 50017
20231 49952
20232 49928
20233 52001
20234 17184
20235 25377
20236 17192
20237 53605
20238 53537
20239 63264
20240 56633
20241 62304
20242 15000
20243 19232
20244 54072
20245 19201
20246 53025
20247 51968
20248 56417
20249 62241
20250 25568
20251 25352
20252 52000
20253 56681
20254 49960
20255 17192
20256 17185
20257 59240
20258 29600
20259 56096
20260 28449
20261 25384
20262 25480
20263 27400
20264 52001
20265 10029
20266 17185
20267 49960
20268 53557
20269 25440
20270 62241
20271 54048
20272 58113
20273 49960
20274 49952
20275 58144
20276 51976
20277 25377
20278 65384
20279 49944
20280 53033
20281 55073
20282 57121
20283 16736
20284 49960
20285 51976
20286 55072
20287 59169
20288 19200
20289 57700
20290 49961
20291 56617
20292 63457
20293 54056
20294 57121
20295 54048
20296 62368
20297 55077
20298 25504
20299 2970
20300 17185
20301 54057
20302 49920
20303 49952
20304 52001
20305 58144
20306 63264
20307 55080
20308 49952
20309 25377
20310 54048
20311 4968
20312 64289
20313 27520
20314 57121
20315 53605
20316 58112
20317 63336
20318 62248
20319 54056
20320 63288
20321 49960
20322 53541
20323 25506
20324 17185
20325 53284
20326 28177
20327 18248
20328 53605
20329 49961
20330 357
20331 61025
20332 52001
20333 56096
20334 53605
20335 19224
20336 53605
20337 62115
20338 50017
20339 53793
20340 27424
20341 49952
20342 27400
20343 23057
20344 27528
20345 25352
20346 58144
20347 33125
20348 26409
20349 31233
20350 27424
20351 10157
20352 25377
20353 53605
20354 25345
20355 17240
20356 52001
20357 53605
20358 49953
20359 49509
20360 17176
20361 26400
20362 26401
20363 63272
20364 53605
20365 17185
20366 29472
20367 58217
20368 53605
20369 55073
20370 57696
20371 20264
20372 53605
20373 59169
20374 53605
20375 18713
20376 20233
20377 60192
20378 16741
20379 27393
20380 56617
20381 25345
20382 52001
20383 25480
20384 49953
20385 49504
20386 53604
20387 50977
20388 49976
20389 17184
20390 19200
20391 28177
20392 56681
20393 58145
20394 61985
20395 59232
20396 56865
20397 58144
20398 59169
20399 25381
20400 49509
20401 49953
20402 56681
20403 25352
20404 60200
20405 51993
20406 49960
20407 54048
20408 54049
20409 25377
20410 58344
20411 58145
20412 19328
20413 19240
20414 57129
20415 57697
20416 25496
20417 18960
20418 53605
20419 32261
20420 60192
20421 49952
20422 27392
20423 27432
20424 53605
20425 49509
20426 62248
20427 63329
20428 63336
20429 53604
20430 52001
20431 29600
20432 53604
20433 49508
20434 64865
20435 17185
20436 28177
20437 49920
20438 58216
20439 53280
20440 33061
20441 56681
20442 55081
20443 61793
20444 56681
20445 56681
20446 19233
20447 49953
20448 19352
20449 58152
20450 17160
20451 52000
20452 52008
20453 50977
20454 50977
20455 49960
20456 56681
20457 55081
20458 25496
20459 17161
20460 58144
20461 55073
20462 25248
20463 59169
20464 58144
20465 62248
20466 57129
20467 53605
20468 57128
20469 56680
20470 56873
20471 49952
20472 53176
20473 59168
20474 2392
20475 2377
20476 56681
20477 23817
20478 2392
20479 19785
20480 19224
20481 62304
20482 53605
20483 56673
20484 10157
20485 25385
20486 56681
20487 27536
20488 49952
20489 17306
20490 65121
20491 49628
20492 64033
20493 49952
20494 55840
20495 14176
20496 25434
20497 65376
20498 824
20499 2904
20500 25368
20501 58121
20502 25368
20503 54048
20504 54821
20505 26409
20506 2841
20507 54056
20508 65025
20509 49960
20510 58144
20511 17176
20512 49952
20513 25370
20514 54049
20515 58128
20516 26424
20517 49952
20518 54056
20519 2522
20520 50976
20521 28449
20522 19721
20523 17178
20524 53541
20525 25376
20526 49332
20527 23041
20528 19224
20529 57828
20530 53793
20531 25370
20532 17306
20533 54048
20534 55080
20535 2393
20536 59176
20537 25576
20538 58145
20539 25376
20540 60160
20541 57128
20542 54048
20543 49952
20544 25512
20545 58144
20546 27520
20547 53605
20548 25508
20549 49953
20550 55073
20551 53604
20552 25345
20553 52008
20554 65321
20555 5472
20556 54060
20557 49441
20558 49504
20559 58152
20560 20265
20561 19721
20562 32257
20563 29592
20564 63264
20565 25377
20566 53284
20567 17152
20568 49953
20569 55085
20570 56096
20571 58113
20572 62240
20573 19201
20574 17192
20575 56864
20576 49945
20577 53605
20578 53605
20579 27400
20580 61217
20581 49952
20582 54056
20583 59168
20584 49953
20585 17184
20586 54832
20587 57192
20588 58152
20589 25440
20590 64416
20591 58144
20592 58144
20593 58145
20594 19209
20595 58208
20596 17184
20597 65321
20598 16672
20599 49445
20600 56104
20601 27433
20602 19224
20603 60200
20604 62371
20605 49628
20606 17184
20607 25370
20608 49953
20609 65121
20610 53605
20611 58144
20612 64001
20613 33061
20614 51977
20615 54052
20616 27392
20617 25576
20618 2377
20619 49921
20620 4984
20621 25498
20622 50976
20623 65313
20624 50088
20625 33125
20626 21281
20627 2377
20628 27520
20629 7501
20630 15893
20631 56881
20632 65313
20633 56681
20634 54048
20635 25384
20636 49960
20637 25384
20638 27488
20639 27424
20640 32273
20641 33125
20642 49445
20643 53605
20644 55081
20645 59168
20646 54056
20647 52001
20648 27392
20649 58144
20650 49517
20651 63265
20652 54817
20653 49564
20654 55072
20655 26413
20656 56096
20657 25345
20658 25441
20659 53793
20660 49953
20661 54049
20662 18208
20663 25496
20664 56681
20665 56681
20666 58144
20667 54832
20668 54048
20669 58136
20670 64289
20671 27488
20672 2328
20673 49961
20674 49952
20675 17185
20676 53605
20677 23881
20678 54565
20679 59176
20680 25504
20681 17189
20682 49921
20683 3401
20684 10029
20685 58112
20686 58208
20687 59232
20688 27528
20689 28449
20690 53605
20691 58144
20692 56097
20693 27280
20694 49976
20695 7497
20696 53604
20697 25488
20698 58348
20699 25377
20700 53605
20701 55081
20702 27425
20703 28177
20704 17192
20705 27392
20706 53605
20707 49509
20708 50088
20709 57193
20710 25528
20711 56096
20712 17185
20713 60193
20714 61792
20715 58144
20716 53601
20717 53605
20718 27464
20719 51976
20720 53793
20721 49509
20722 64353
20723 19224
20724 62433
20725 64288
20726 62312
20727 56865
20728 57697
20729 57193
20730 58209
20731 17185
20732 29472
20733 60192
20734 27425
20735 52008
20736 28449
20737 63336
20738 58216
20739 59168
20740 54048
20741 25580
20742 56617
20743 54845
20744 25344
20745 65313
20746 19232
20747 61217
20748 54048
20749 58144
20750 56681
20751 54048
20752 25440
20753 58144
20754 62380
20755 58152
20756 56681
20757 49961
20758 53605
20759 62380
20760 57129
20761 56681
20762 49509
20763 27528
20764 56681
20765 54048
20766 25376
20767 54057
20768 60192
20769 27392
20770 58112
20771 50016
20772 25376
20773 19224
20774 25504
20775 19208
20776 33125
20777 49952
20778 2329
20779 54816
20780 29609
20781 49445
20782 49445
20783 17368
20784 56681
20785 64001
20786 53797
20787 65057
20788 17152
20789 17185
20790 25344
20791 17185
20792 50016
20793 64033
20794 16672
20795 17306
20796 57701
20797 19209
20798 49509
20799 19232
20800 19785
20801 2392
20802 56888
20803 56865
20804 49509
20805 56681
20806 53605
20807 49952
20808 53604
20809 25345
20810 27425
20811 49920
20812 25580
20813 55856
20814 62360
20815 17169
20816 33125
20817 49509
20818 53605
20819 25345
20820 60192
20821 57700
20822 26401
20823 27488
20824 19240
20825 49445
20826 58209
20827 49628
20828 25344
20829 63137
20830 51969
20831 60160
20832 49445
20833 49953
20834 52000
20835 50976
20836 56881
20837 58128
20838 25345
20839 56096
20840 53604
20841 49960
20842 54049
20843 53541
20844 27488
20845 49509
20846 25496
20847 57701
20848 24329
20849 16740
20850 25376
20851 53793
20852 25377
20853 61225
20854 27488
20855 52000
20856 64416
20857 49636
20858 25232
20859 54049
20860 55072
20861 19224
20862 27425
20863 17192
20864 54056
20865 52000
20866 25448
20867 17192
20868 61797
20869 55093
20870 32257
20871 58144
20872 49636
20873 56681
20874 57120
20875 19201
20876 28161
20877 63336
20878 58145
20879 27424
20880 56681
20881 49953
20882 23328
20883 58216
20884 49509
20885 49445
20886 56633
20887 56673
20888 49952
20889 60256
20890 52001
20891 19232
20892 25345
20893 58216
20894 52001
20895 49952
20896 56673
20897 49952
20898 56097
20899 60193
20900 49504
20901 62392
20902 26472
20903 25376
20904 61925
20905 25384
20906 58145
20907 9064
20908 53605
20909 25360
20910 56889
20911 25376
20912 49953
20913 17193
20914 29592
20915 49929
20916 58152
20917 19233
20918 27400
20919 65384
20920 17256
20921 56681
20922 58145
20923 54056
20924 56881
20925 27489
20926 54048
20927 56673
20928 28449
20929 54048
20930 49508
20931 19256
20932 60256
20933 25376
20934 54056
20935 63337
20936 63264
20937 26408
20938 27425
20939 53605
20940 58112
20941 2840
20942 49952
20943 56889
20944 19240
20945 56681
20946 18761
20947 17168
20948 2409
20949 53605
20950 49440
20951 52001
20952 50976
20953 25496
20954 2970
20955 55841
20956 27264
20957 56681
20958 27136
20959 25232
20960 49953
20961 49441
20962 56673
20963 49441
20964 16740
20965 2393
20966 52001
20967 49509
20968 65057
20969 5984
20970 58208
20971 25580
20972 51000
20973 52000
20974 17152
20975 54049
20976 27393
20977 55080
20978 27488
20979 49509
20980 17168
20981 60193
20982 58144
20983 19232
20984 16788
20985 50104
20986 53541
20987 27401
20988 19224
20989 2393
20990 53605
20991 28161
20992 51993
20993 26153
20994 54049
20995 19225
20996 49332
20997 53604
20998 49952
20999 49952
21000 31233
21001 32273
21002 792
21003 63585
21004 17304
21005 2377
21006 49920
21007 54056
21008 50984
21009 57128
21010 28449
21011 2393
21012 62433
21013 58144
21014 27392
21015 62264
21016 25512
21017 17152
21018 56104
21019 16677
21020 54016
21021 2328
21022 49572
21023 56120
21024 54120
21025 53536
21026 57697
21027 53540
21028 55825
21029 25496
21030 25480
21031 53541
21032 19785
21033 25576
21034 51976
21035 54065
21036 19273
21037 54048
21038 26409
21039 805
21040 55080
21041 49504
21042 2593
21043 26464
21044 28177
21045 62248
21046 56680
21047 50976
21048 58112
21049 25472
21050 24097
21051 26405
21052 65385
21053 56617
21054 63337
21055 19233
21056 27424
21057 49509
21058 27424
21059 17185
21060 58152
21061 27552
21062 53601
21063 57120
21064 54072
21065 55073
21066 25504
21067 49953
21068 63265
21069 61797
21070 55073
21071 27264
21072 54112
21073 49952
21074 49509
21075 53564
21076 15004
21077 25496
21078 56888
21079 49509
21080 19200
21081 55832
21082 49509
21083 19232
21084 49960
21085 10081
21086 60160
21087 31249
21088 25376
21089 32273
21090 25504
21091 29592
21092 801
21093 27424
21094 61797
21095 59361
21096 49953
21097 56681
21098 19233
21099 54048
21100 19224
21101 49953
21102 25376
21103 49509
21104 2849
21105 62240
21106 51976
21107 56681
21108 53605
21109 56681
21110 57697
21111 27529
21112 58144
21113 2849
21114 54049
21115 25377
21116 25504
21117 27432
21118 62392
21119 54057
21120 26409
21121 49960
21122 57121
21123 11797
21124 17184
21125 25344
21126 54048
21127 25068
21128 19200
21129 54048
21130 27424
21131 54024
21132 56681
21133 20256
21134 19240
21135 62312
21136 58144
21137 27392
21138 25488
21139 55080
21140 58144
21141 58276
21142 25504
21143 56681
21144 25345
21145 51977
21146 56681
21147 65057
21148 54056
21149 53813
21150 55080
21151 54821
21152 56881
21153 60193
21154 27392
21155 19241
21156 58208
21157 26409
21158 25440
21159 49953
21160 25377
21161 54040
21162 56681
21163 62241
21164 26153
21165 25576
21166 29600
21167 26409
21168 52001
21169 27424
21170 62241
21171 49505
21172 62376
21173 53605
21174 27401
21175 58208
21176 55825
21177 58208
21178 62113
21179 54072
21180 55081
21181 53605
21182 56681
21183 25496
21184 60201
21185 25345
21186 27392
21187 26413
21188 60160
21189 56681
21190 25496
21191 27424
21192 29472
21193 49508
21194 59177
21195 53600
21196 56097
21197 60200
21198 49445
21199 53944
21200 54072
21201 50016
21202 55072
21203 61804
21204 63400
21205 53537
21206 56681
21207 49952
21208 63465
21209 25505
21210 56881
21211 53025
21212 62369
21213 53604
21214 56681
21215 49957
21216 54049
21217 25377
21218 59177
21219 65377
21220 49953
21221 58144
21222 25384
21223 53604
21224 28512
21225 56681
21226 49509
21227 49508
21228 58144
21229 19224
21230 53032
21231 19241
21232 19200
21233 19224
21234 58208
21235 55072
21236 62240
21237 25345
21238 59176
21239 54833
21240 54056
21241 19241
21242 49952
21243 17188
21244 27424
21245 33125
21246 53308
21247 17304
21248 25512
21249 29345
21250 56681
21251 56881
21252 53605
21253 56681
21254 49509
21255 54833
21256 52008
21257 11797
21258 25448
21259 32257
21260 60193
21261 54841
21262 31249
21263 62264
21264 33125
21265 59361
21266 62304
21267 56104
21268 10149
21269 17184
21270 62248
21271 54048
21272 19208
21273 25472
21274 49969
21275 27265
21276 49509
21277 49509
21278 24097
21279 53809
21280 50016
21281 49952
21282 25512
21283 55080
21284 25376
21285 63272
21286 17208
21287 57701
21288 25480
21289 27496
21290 63265
21291 27265
21292 56865
21293 17184
21294 58128
21295 58144
21296 61216
21297 58216
21298 53605
21299 54048
21300 18945
21301 56681
21302 25440
21303 56681
21304 25416
21305 53549
21306 27280
21307 49509
21308 49921
21309 58145
21310 55073
21311 25568
21312 54049
21313 49921
21314 56096
21315 61796
21316 26401
21317 49961
21318 62444
21319 61217
21320 55081
21321 53604
21322 19232
21323 28456
21324 32257
21325 55072
21326 49920
21327 53605
21328 56681
21329 54049
21330 25345
21331 28177
21332 54057
21333 29624
21334 63329
21335 63265
21336 24936
21337 27432
21338 53541
21339 27392
21340 49953
21341 49960
21342 27400
21343 17152
21344 54049
21345 61797
21346 10029
21347 57128
21348 56681
21349 47021
21350 65376
21351 54048
21352 27424
21353 63336
21354 58145
21355 63457
21356 25368
21357 19240
21358 55077
21359 54048
21360 23885
21361 53605
21362 58144
21363 54048
21364 53605
21365 57121
21366 58149
21367 49508
21368 49952
21369 17152
21370 27521
21371 55072
21372 17201
21373 52016
21374 16741
21375 53604
21376 54056
21377 49445
21378 19201
21379 50976
21380 58145
21381 50976
21382 25448
21383 56633
21384 56889
21385 25576
21386 49952
21387 63265
21388 27424
21389 54057
21390 17185
21391 62240
21392 58144
21393 54841
21394 49920
21395 25376
21396 25344
21397 56097
21398 3425
21399 54112
21400 2376
21401 2329
21402 31249
21403 25232
21404 56681
21405 2393
21406 56681
21407 27536
21408 62113
21409 17176
21410 16788
21411 55096
21412 50984
21413 17189
21414 64097
21415 59176
21416 53176
21417 2393
21418 17306
21419 17248
21420 53541
21421 57696
21422 29672
21423 60161
21424 16737
21425 27416
21426 17248
21427 13997
21428 57697
21429 26400
21430 50074
21431 49952
21432 58280
21433 63273
21434 10029
21435 19232
21436 49960
21437 2392
21438 25368
21439 19200
21440 59168
21441 2840
21442 49952
21443 2970
21444 54064
21445 20233
21446 53605
21447 32273
21448 25370
21449 792
21450 19209
21451 60193
21452 2377
21453 2393
21454 49952
21455 49445
21456 58144
21457 25344
21458 6409
21459 58152
21460 60169
21461 49953
21462 2329
21463 62376
21464 49508
21465 54837
21466 55073
21467 33125
21468 16748
21469 53537
21470 27392
21471 54840
21472 49504
21473 63328
21474 25449
21475 53601
21476 63265
21477 2377
21478 49928
21479 55073
21480 31233
21481 58208
21482 63273
21483 52000
21484 63336
21485 19208
21486 49961
21487 58144
21488 49960
21489 25377
21490 19328
21491 53605
21492 25512
21493 17184
21494 57193
21495 50088
21496 61797
21497 60193
21498 60201
21499 53600
21500 49952
21501 61797
21502 57129
21503 29480
21504 65384
21505 27552
21506 20233
21507 58144
21508 60193
21509 57796
21510 53536
21511 53605
21512 25472
21513 27424
21514 54048
21515 25448
21516 19232
21517 27425
21518 58208
21519 50984
21520 60320
21521 27433
21522 54833
21523 58144
21524 25448
21525 56880
21526 62240
21527 2328
21528 10017
21529 56105
21530 17161
21531 15000
21532 49953
21533 56673
21534 19224
21535 1896
21536 52008
21537 29611
21538 19233
21539 57129
21540 16933
21541 9196
21542 65120
21543 17192
21544 25377
21545 63336
21546 52000
21547 49920
21548 53793
21549 61797
21550 49960
21551 53541
21552 49960
21553 27400
21554 49953
21555 2840
21556 60160
21557 11809
21558 49953
21559 28449
21560 60161
21561 49952
21562 25376
21563 49960
21564 27393
21565 19241
21566 58145
21567 17153
21568 57765
21569 52001
21570 58145
21571 56865
21572 49508
21573 50024
21574 49960
21575 53792
21576 19233
21577 19233
21578 54048
21579 58209
21580 56873
21581 27552
21582 32257
21583 59169
21584 56681
21585 58144
21586 49952
21587 17160
21588 17192
21589 49516
21590 54845
21591 26409
21592 27424
21593 31377
21594 19232
21595 25448
21596 56096
21597 56681
21598 2392
21599 27393
21600 58208
21601 18977
21602 56681
21603 56096
21604 61925
21605 49952
21606 63264
21607 32273
21608 61797
21609 61797
21610 62248
21611 20257
21612 62241
21613 51968
21614 62248
21615 16677
21616 57185
21617 49509
21618 25384
21619 25512
21620 61797
21621 19233
21622 19240
21623 32273
21624 56681
21625 25344
21626 27400
21627 55072
21628 61216
21629 25516
21630 55073
21631 58280
21632 27425
21633 19200
21634 49960
21635 10025
21636 25352
21637 62433
21638 49952
21639 57121
21640 29480
21641 61793
21642 29624
21643 65377
21644 60161
21645 49928
21646 19200
21647 25385
21648 25568
21649 54056
21650 55073
21651 49953
21652 25480
21653 58145
21654 25344
21655 53792
21656 27393
21657 62309
21658 53541
21659 27392
21660 49961
21661 57121
21662 25440
21663 49509
21664 27393
21665 49504
21666 63336
21667 58149
21668 58112
21669 54049
21670 58145
21671 20837
21672 58336
21673 62264
21674 54049
21675 28448
21676 56880
21677 11797
21678 56888
21679 49957
21680 32277
21681 49953
21682 19232
21683 56097
21684 63272
21685 23817
21686 2970
21687 55825
21688 62379
21689 17192
21690 61216
21691 27393
21692 33125
21693 26413
21694 19217
21695 25576
21696 16740
21697 53605
21698 25344
21699 56097
21700 58276
21701 19232
21702 17184
21703 27425
21704 49953
21705 27425
21706 54056
21707 17153
21708 64416
21709 11797
21710 58144
21711 58152
21712 25504
21713 49953
21714 63400
21715 17185
21716 17152
21717 2848
21718 53537
21719 17248
21720 54056
21721 19232
21722 58144
21723 49509
21724 54112
21725 60168
21726 53541
21727 52001
21728 49453
21729 16736
21730 17192
21731 61797
21732 25344
21733 58208
21734 53605
21735 25376
21736 65385
21737 16933
21738 53605
21739 53025
21740 27552
21741 59177
21742 56088
21743 25384
21744 52008
21745 25496
21746 24936
21747 55085
21748 61797
21749 65376
21750 55841
21751 25345
21752 49445
21753 61793
21754 57128
21755 17184
21756 63585
21757 19209
21758 49936
21759 27400
21760 62248
21761 57765
21762 25377
21763 49509
21764 49953
21765 58144
21766 16737
21767 49921
21768 49953
21769 25504
21770 17153
21771 32257
21772 56681
21773 25376
21774 19241
21775 63265
21776 19233
21777 52008
21778 25512
21779 27424
21780 58145
21781 56681
21782 27425
21783 51992
21784 51993
21785 10017
21786 63272
21787 60161
21788 25504
21789 27456
21790 53605
21791 62440
21792 25472
21793 63264
21794 25441
21795 54057
21796 58145
21797 56377
21798 27520
21799 55073
21800 49445
21801 25344
21802 27264
21803 25441
21804 25504
21805 25488
21806 25384
21807 49952
21808 49952
21809 25352
21810 19208
21811 54112
21812 56681
21813 25576
21814 54056
21815 17152
21816 17184
21817 58208
21818 56681
21819 58144
21820 19233
21821 62376
21822 62248
21823 19201
21824 65385
21825 16788
21826 2393
21827 2840
21828 54200
21829 51000
21830 25368
21831 51984
21832 17248
21833 56681
21834 53793
21835 64033
21836 17189
21837 54833
21838 56880
21839 62381
21840 56097
21841 54072
21842 25498
21843 49332
21844 58208
21845 25449
21846 64873
21847 9064
21848 26413
21849 56681
21850 54049
21851 62264
21852 57796
21853 14176
21854 57129
21855 49969
21856 26409
21857 64296
21858 23817
21859 54040
21860 50072
21861 56681
21862 26409
21863 17184
21864 56881
21865 856
21866 61793
21867 16933
21868 56888
21869 25448
21870 25368
21871 17304
21872 49573
21873 17304
21874 49445
21875 56681
21876 49953
21877 14184
21878 31249
21879 25370
21880 32257
21881 10016
21882 25370
21883 52000
21884 58145
21885 58209
21886 2328
21887 49928
21888 49509
21889 6473
21890 54049
21891 24329
21892 19232
21893 28177
21894 40484
21895 49952
21896 28449
21897 56864
21898 57701
21899 17188
21900 54064
21901 56889
21902 17188
21903 54049
21904 17152
21905 37229
21906 25512
21907 54053
21908 61216
21909 25508
21910 55077
21911 53604
21912 18713
21913 49445
21914 55081
21915 32257
21916 49956
21917 63328
21918 16677
21919 58145
21920 25580
21921 2400
21922 25572
21923 58121
21924 55080
21925 49505
21926 58144
21927 49969
21928 52000
21929 27536
21930 27520
21931 25504
21932 63337
21933 25376
21934 19200
21935 19208
21936 54049
21937 49440
21938 49957
21939 65385
21940 28457
21941 56880
21942 53549
21943 52000
21944 52000
21945 53605
21946 49957
21947 49509
21948 60193
21949 357
21950 19233
21951 52008
21952 16741
21953 49921
21954 63264
21955 49508
21956 53537
21957 58145
21958 49441
21959 49953
21960 27265
21961 54049
21962 50977
21963 62248
21964 49920
21965 58145
21966 27393
21967 49509
21968 49976
21969 58145
21970 63457
21971 54048
21972 27296
21973 10080
21974 53601
21975 63469
21976 17306
21977 25578
21978 19209
21979 54841
21980 55841
21981 10021
21982 27425
21983 28161
21984 2393
21985 56889
21986 25472
21987 27153
21988 25449
21989 49952
21990 55073
21991 63265
21992 55096
21993 26153
21994 49504
21995 25376
21996 19217
21997 25472
21998 54048
21999 2392
22000 54073
22001 52008
22002 58145
22003 805
22004 9196
22005 61797
22006 51992
22007 28177
22008 56681
22009 17152
22010 49509
22011 56681
22012 49960
22013 55072
22014 55081
22015 27424
22016 2377
22017 53541
22018 49976
22019 4453
22020 57765
22021 10033
22022 25384
22023 27400
22024 25514
22025 49953
22026 52016
22027 25377
22028 49953
22029 65313
22030 2328
22031 31377
22032 2328
22033 25376
22034 10021
22035 55080
22036 56681
22037 27392
22038 50984
22039 17152
22040 2328
22041 27488
22042 49509
22043 54048
22044 27553
22045 55955
22046 58144
22047 54049
22048 28448
22049 27552
22050 53605
22051 56681
22052 53605
22053 64416
22054 49953
22055 19240
22056 58152
22057 27552
22058 26408
22059 57701
22060 64873
22061 25377
22062 49957
22063 53601
22064 27424
22065 19232
22066 49445
22067 54056
22068 62248
22069 49921
22070 49952
22071 54048
22072 33125
22073 62113
22074 53025
22075 25504
22076 53605
22077 58296
22078 49953
22079 56681
22080 18272
22081 58208
22082 25448
22083 49952
22084 52001
22085 17185
22086 53604
22087 54048
22088 49953
22089 53605
22090 60161
22091 29678
22092 54048
22093 58145
22094 25440
22095 58272
22096 63137
22097 19233
22098 17185
22099 54049
22100 25381
22101 25384
22102 59168
22103 61793
22104 58272
22105 25512
22106 51968
22107 25504
22108 19240
22109 56617
22110 19328
22111 63405
22112 49952
22113 65377
22114 17248
22115 25353
22116 16740
22117 60193
22118 55081
22119 49504
22120 54056
22121 27400
22122 25384
22123 25488
22124 16736
22125 5984
22126 53792
22127 19352
22128 19240
22129 17178
22130 25472
22131 54833
22132 62371
22133 55072
22134 55864
22135 4453
22136 53541
22137 23057
22138 60961
22139 25576
22140 2393
22141 55073
22142 50024
22143 25488
22144 15893
22145 54840
22146 19272
22147 27425
22148 28177
22149 61797
22150 28449
22151 53605
22152 31377
22153 25472
22154 54837
22155 61985
22156 19232
22157 54048
22158 53605
22159 55808
22160 19233
22161 25344
22162 49920
22163 52000
22164 58145
22165 49920
22166 53605
22167 53605
22168 25344
22169 49961
22170 53541
22171 53544
22172 26401
22173 58144
22174 56097
22175 64416
22176 58144
22177 31521
22178 53605
22179 27424
22180 55081
22181 25376
22182 56681
22183 57129
22184 53557
22185 56881
22186 49509
22187 60961
22188 25496
22189 19241
22190 63265
22191 10017
22192 2329
22193 60168
22194 17201
22195 58145
22196 58272
22197 25377
22198 27528
22199 25496
22200 19232
22201 63328
22202 49952
22203 27425
22204 55073
22205 58144
22206 53605
22207 65321
22208 57700
22209 19232
22210 56073
22211 25472
22212 25384
22213 59176
22214 25488
22215 37221
22216 56681
22217 58217
22218 55136
22219 27433
22220 25384
22221 19232
22222 49952
22223 52000
22224 25504
22225 61797
22226 25448
22227 17184
22228 54048
22229 58144
22230 17153
22231 58344
22232 25504
22233 25472
22234 53944
22235 55080
22236 27560
22237 54048
22238 54057
22239 25060
22240 27432
22241 65384
22242 25472
22243 60193
22244 17184
22245 49509
22246 54049
22247 62444
22248 64296
22249 53605
22250 62248
22251 53944
22252 27424
22253 56417
22254 55073
22255 57121
22256 25512
22257 52000
22258 55136
22259 19328
22260 49952
22261 53605
22262 17248
22263 17248
22264 49953
22265 25440
22266 55096
22267 27552
22268 54048
22269 27425
22270 56681
22271 25496
22272 52001
22273 49504
22274 58144
22275 17248
22276 53605
22277 19232
22278 56881
22279 51976
22280 53604
22281 54057
22282 17152
22283 56097
22284 61797
22285 49509
22286 2329
22287 63336
22288 2841
22289 23881
22290 20257
22291 16741
22292 29624
22293 54200
22294 59937
22295 56673
22296 26413
22297 61805
22298 53048
22299 19785
22300 64001
22301 2970
22302 50977
22303 54057
22304 64033
22305 55093
22306 49445
22307 26400
22308 2328
22309 55841
22310 53600
22311 49440
22312 49920
22313 56681
22314 25370
22315 63841
22316 56673
22317 14253
22318 26413
22319 62380
22320 56105
22321 18248
22322 25370
22323 54200
22324 62249
22325 26409
22326 27425
22327 58208
22328 25434
22329 25449
22330 18761
22331 58145
22332 27416
22333 55832
22334 17306
22335 28449
22336 2376
22337 32257
22338 53604
22339 2328
22340 18248
22341 57701
22342 32257
22343 49957
22344 2392
22345 60256
22346 17176
22347 23057
22348 27400
22349 2840
22350 51984
22351 17185
22352 18977
22353 2392
22354 19208
22355 26392
22356 25377
22357 62305
22358 54049
22359 27137
22360 52000
22361 58152
22362 58136
22363 20265
22364 2329
22365 49508
22366 54049
22367 19241
22368 60200
22369 10149
22370 49953
22371 19224
22372 19201
22373 54016
22374 58217
22375 25580
22376 17312
22377 27408
22378 19209
22379 54072
22380 53541
22381 60193
22382 53793
22383 19233
22384 16741
22385 31249
22386 17168
22387 25568
22388 49952
22389 17185
22390 56681
22391 25472
22392 56089
22393 49957
22394 57129
22395 64288
22396 25344
22397 52120
22398 25512
22399 17200
22400 54048
22401 25384
22402 50016
22403 59232
22404 50088
22405 62370
22406 49952
22407 56681
22408 49509
22409 61797
22410 54112
22411 54625
22412 27560
22413 54841
22414 54048
22415 62440
22416 17184
22417 53540
22418 25384
22419 54049
22420 53032
22421 25480
22422 49445
22423 16677
22424 57700
22425 63273
22426 50977
22427 27425
22428 17189
22429 27520
22430 27552
22431 53541
22432 54057
22433 56096
22434 25376
22435 49976
22436 64873
22437 56681
22438 25376
22439 25576
22440 49505
22441 49637
22442 49952
22443 25376
22444 49573
22445 53536
22446 56881
22447 49952
22448 56889
22449 37157
22450 60256
22451 32257
22452 25384
22453 19232
22454 63265
22455 62304
22456 63265
22457 19200
22458 19241
22459 55096
22460 17160
22461 58144
22462 51000
22463 19241
22464 28177
22465 53604
22466 1896
22467 19233
22468 50976
22469 2841
22470 19785
22471 62248
22472 56073
22473 56096
22474 25377
22475 55073
22476 62240
22477 27280
22478 27288
22479 64353
22480 25376
22481 25580
22482 27392
22483 53540
22484 54048
22485 56889
22486 50977
22487 62241
22488 10029
22489 55072
22490 24353
22491 25345
22492 33125
22493 58144
22494 19233
22495 58144
22496 357
22497 59169
22498 53944
22499 51969
22500 49960
22501 58340
22502 19233
22503 56681
22504 58145
22505 49952
22506 58144
22507 50977
22508 29624
22509 52000
22510 52008
22511 25576
22512 53605
22513 58112
22514 58144
22515 58145
22516 56681
22517 62304
22518 49921
22519 19233
22520 58145
22521 52009
22522 55073
22523 56681
22524 24065
22525 54048
22526 23057
22527 57700
22528 53604
22529 33125
22530 55073
22531 54112
22532 61797
22533 59169
22534 27393
22535 25528
22536 1888
22537 11797
22538 51976
22539 29624
22540 49953
22541 52001
22542 28448
22543 18208
22544 25580
22545 53604
22546 59169
22547 27528
22548 28161
22549 26401
22550 56617
22551 61861
22552 50976
22553 25440
22554 49952
22555 25376
22556 58112
22557 49952
22558 27425
22559 17184
22560 62372
22561 25472
22562 63400
22563 60193
22564 25068
22565 49509
22566 54049
22567 50977
22568 59168
22569 25441
22570 60256
22571 25345
22572 54833
22573 53605
22574 25376
22575 63336
22576 17192
22577 27520
22578 27425
22579 54057
22580 52000
22581 49516
22582 27392
22583 19233
22584 54048
22585 57129
22586 17312
22587 26465
22588 58208
22589 25376
22590 62376
22591 27393
22592 17185
22593 53541
22594 56681
22595 65384
22596 57192
22597 63264
22598 50984
22599 49509
22600 53600
22601 53541
22602 19200
22603 64033
22604 32261
22605 58144
22606 2329
22607 25496
22608 25353
22609 49929
22610 56104
22611 54049
22612 27560
22613 25345
22614 63585
22615 27488
22616 53809
22617 17168
22618 27136
22619 49509
22620 19224
22621 55088
22622 65313
22623 19785
22624 54056
22625 25381
22626 27425
22627 52000
22628 63469
22629 58272
22630 23336
22631 63336
22632 56681
22633 49508
22634 25376
22635 33061
22636 19233
22637 14184
22638 59168
22639 49921
22640 58121
22641 27424
22642 24936
22643 58344
22644 61796
22645 54025
22646 58144
22647 53605
22648 25384
22649 57701
22650 18761
22651 56377
22652 49445
22653 56681
22654 27425
22655 56105
22656 19208
22657 54057
22658 49952
22659 65121
22660 17200
22661 54057
22662 49953
22663 25360
22664 54625
22665 49953
22666 58276
22667 17200
22668 25377
22669 60193
22670 56681
22671 26145
22672 55080
22673 23041
22674 55081
22675 25448
22676 25448
22677 58144
22678 27393
22679 53604
22680 49509
22681 26408
22682 25488
22683 14184
22684 11813
22685 27392
22686 17192
22687 16740
22688 20836
22689 2849
22690 61925
22691 19233
22692 5992
22693 54624
22694 57121
22695 17152
22696 63328
22697 58144
22698 27528
22699 52008
22700 26153
22701 60320
22702 56097
22703 58153
22704 57128
22705 53605
22706 58272
22707 58144
22708 50024
22709 16740
22710 54048
22711 59232
22712 49953
22713 61793
22714 56673
22715 59176
22716 49504
22717 58145
22718 49944
22719 25376
22720 54112
22721 33125
22722 25580
22723 62264
22724 65385
22725 58280
22726 54048
22727 25504
22728 55088
22729 17168
22730 27425
22731 58149
22732 27425
22733 49444
22734 52001
22735 25528
22736 27392
22737 17152
22738 25384
22739 49953
22740 60193
22741 54048
22742 58153
22743 49508
22744 57129
22745 60193
22746 58144
22747 63336
22748 2328
22749 19785
22750 23881
22751 18765
22752 33125
22753 53176
22754 54056
22755 23881
22756 2377
22757 18944
22758 53605
22759 19352
22760 64865
22761 25498
22762 25498
22763 57144
22764 63336
22765 2840
22766 26393
22767 62113
22768 55077
22769 60097
22770 28177
22771 26413
22772 60160
22773 26408
22774 57816
22775 26413
22776 60193
22777 25434
22778 17192
22779 17306
22780 2329
22781 49960
22782 51993
22783 64865
22784 2392
22785 50533
22786 28177
22787 19225
22788 19352
22789 9064
22790 52000
22791 2970
22792 54056
22793 32257
22794 17178
22795 23336
22796 18713
22797 53541
22798 27136
22799 58216
22800 49952
22801 58145
22802 28177
22803 57121
22804 62381
22805 18760
22806 54816
22807 57696
22808 19233
22809 65057
22810 62304
22811 53537
22812 57144
22813 19721
22814 52001
22815 27264
22816 17248
22817 55072
22818 52009
22819 25480
22820 49944
22821 19225
22822 21029
22823 2825
22824 3401
22825 57129
22826 32257
22827 58144
22828 17185
22829 60193
22830 2409
22831 27393
22832 58336
22833 63336
22834 58208
22835 49953
22836 1829
22837 25512
22838 49637
22839 53605
22840 54049
22841 53605
22842 54056
22843 49953
22844 56681
22845 65385
22846 25507
22847 49953
22848 54565
22849 65384
22850 57696
22851 33125
22852 49968
22853 57129
22854 53605
22855 64416
22856 28449
22857 58144
22858 54624
22859 57129
22860 28449
22861 27424
22862 49508
22863 58280
22864 54048
22865 53608
22866 49957
22867 61792
22868 54048
22869 25448
22870 25504
22871 19224
22872 53540
22873 55857
22874 56096
22875 25440
22876 58272
22877 24932
22878 28449
22879 53025
22880 49952
22881 49960
22882 53604
22883 55136
22884 62240
22885 19200
22886 62248
22887 52008
22888 65384
22889 65120
22890 54833
22891 54049
22892 54841
22893 16677
22894 56881
22895 2848
22896 63265
22897 56681
22898 2377
22899 49953
22900 4920
22901 2328
22902 25385
22903 53604
22904 19352
22905 54057
22906 49445
22907 51969
22908 17192
22909 25507
22910 25344
22911 33125
22912 25370
22913 53600
22914 19201
22915 10017
22916 56681
22917 65385
22918 53033
22919 25344
22920 25376
22921 55081
22922 25376
22923 50976
22924 27488
22925 62379
22926 26401
22927 50976
22928 56088
22929 28512
22930 55081
22931 52000
22932 25441
22933 56617
22934 52008
22935 25474
22936 58120
22937 52001
22938 19201
22939 27432
22940 27408
22941 25376
22942 57121
22943 62113
22944 26153
22945 53605
22946 2377
22947 19288
22948 54049
22949 61797
22950 49445
22951 63265
22952 62241
22953 60200
22954 57193
22955 27432
22956 33125
22957 19233
22958 53600
22959 56681
22960 51968
22961 49508
22962 28161
22963 25440
22964 49628
22965 56873
22966 65313
22967 51553
22968 49952
22969 63272
22970 49952
22971 59233
22972 49952
22973 61861
22974 62241
22975 27520
22976 62437
22977 59168
22978 53813
22979 49509
22980 49512
22981 27392
22982 49960
22983 56089
22984 49921
22985 53605
22986 58208
22987 11797
22988 17176
22989 55073
22990 58144
22991 49952
22992 58145
22993 60192
22994 56681
22995 49445
22996 19201
22997 2329
22998 57121
22999 61797
23000 19240
23001 54064
23002 61793
23003 61217
23004 63272
23005 54048
23006 49928
23007 25576
23008 54048
23009 65385
23010 58280
23011 28456
23012 49504
23013 54056
23014 49961
23015 57129
23016 55072
23017 33125
23018 49512
23019 25344
23020 53605
23021 57121
23022 25232
23023 57765
23024 17184
23025 25376
23026 54049
23027 53536
23028 58145
23029 56681
23030 55080
23031 49953
23032 49952
23033 17185
23034 27521
23035 56617
23036 54049
23037 53537
23038 26401
23039 49445
23040 37157
23041 19233
23042 53605
23043 57128
23044 60256
23045 19208
23046 25376
23047 56681
23048 56881
23049 5473
23050 52009
23051 56881
23052 33125
23053 56881
23054 56880
23055 56377
23056 27425
23057 49952
23058 49921
23059 51969
23060 52920
23061 19224
23062 49960
23063 18760
23064 58145
23065 17184
23066 25448
23067 17184
23068 25514
23069 20257
23070 60193
23071 49508
23072 62240
23073 53604
23074 2848
23075 63336
23076 56865
23077 56097
23078 25384
23079 49953
23080 56073
23081 54056
23082 56096
23083 50985
23084 49953
23085 62371
23086 25496
23087 60256
23088 17184
23089 49957
23090 56681
23091 53024
23092 54056
23093 53605
23094 53605
23095 56617
23096 65321
23097 62379
23098 49953
23099 55080
23100 64416
23101 56073
23102 19201
23103 17160
23104 59169
23105 49960
23106 56096
23107 19208
23108 56617
23109 26401
23110 60160
23111 17178
23112 52001
23113 49952
23114 54309
23115 25376
23116 56105
23117 27464
23118 18216
23119 60193
23120 25504
23121 28520
23122 53605
23123 63328
23124 56681
23125 56681
23126 27489
23127 62369
23128 53537
23129 27153
23130 59169
23131 16741
23132 54048
23133 60264
23134 54048
23135 53605
23136 56072
23137 55096
23138 54833
23139 27265
23140 49960
23141 58144
23142 53544
23143 17192
23144 19233
23145 25376
23146 28521
23147 20257
23148 53604
23149 19233
23150 53605
23151 54049
23152 20264
23153 56681
23154 25376
23155 53600
23156 49961
23157 55080
23158 19240
23159 56681
23160 17189
23161 26465
23162 49952
23163 53025
23164 16736
23165 56681
23166 60160
23167 25514
23168 25576
23169 27264
23170 58272
23171 58145
23172 29480
23173 19200
23174 57193
23175 52008
23176 54049
23177 25504
23178 49445
23179 54056
23180 55857
23181 54048
23182 61797
23183 28161
23184 27424
23185 49937
23186 2849
23187 60192
23188 19233
23189 63288
23190 25377
23191 54065
23192 56681
23193 19225
23194 56105
23195 59240
23196 54064
23197 54833
23198 54049
23199 49453
23200 54064
23201 17185
23202 27400
23203 59177
23204 55072
23205 49969
23206 25345
23207 54056
23208 53605
23209 62304
23210 52000
23211 49936
23212 25232
23213 53025
23214 63337
23215 3401
23216 2377
23217 59233
23218 27560
23219 18208
23220 19201
23221 2840
23222 53540
23223 55864
23224 18961
23225 14253
23226 65385
23227 19240
23228 19208
23229 25370
23230 58144
23231 58280
23232 27137
23233 25376
23234 17176
23235 13997
23236 49509
23237 57701
23238 10017
23239 28161
23240 26409
23241 52008
23242 56888
23243 17178
23244 26409
23245 2377
23246 53033
23247 2840
23248 2968
23249 62381
23250 53792
23251 51000
23252 2968
23253 60192
23254 19224
23255 27153
23256 60264
23257 14184
23258 19224
23259 25377
23260 19225
23261 25434
23262 19209
23263 14177
23264 26400
23265 2840
23266 19240
23267 56105
23268 25385
23269 17306
23270 27425
23271 2377
23272 49628
23273 60257
23274 28177
23275 61797
23276 19225
23277 17208
23278 56609
23279 27424
23280 55080
23281 25509
23282 2392
23283 53285
23284 25434
23285 53541
23286 19232
23287 49944
23288 19224
23289 49440
23290 54048
23291 29600
23292 60192
23293 49960
23294 54048
23295 56097
23296 19785
23297 2328
23298 58208
23299 49952
23300 25504
23301 54048
23302 52001
23303 49953
23304 61792
23305 53032
23306 56353
23307 21029
23308 63272
23309 49953
23310 52009
23311 25496
23312 49953
23313 62240
23314 56681
23315 65377
23316 49952
23317 55073
23318 27424
23319 49953
23320 57121
23321 25441
23322 54056
23323 49936
23324 63336
23325 19232
23326 27400
23327 49952
23328 53541
23329 62241
23330 19233
23331 54048
23332 58336
23333 19233
23334 54624
23335 52009
23336 27433
23337 62240
23338 17256
23339 54056
23340 10080
23341 49920
23342 55145
23343 28417
23344 57129
23345 17208
23346 53605
23347 53032
23348 17184
23349 55136
23350 53605
23351 53541
23352 53600
23353 25381
23354 64865
23355 49952
23356 25384
23357 49953
23358 56617
23359 64296
23360 58144
23361 54049
23362 52000
23363 54048
23364 49508
23365 54817
23366 5477
23367 27392
23368 62083
23369 56865
23370 53605
23371 49953
23372 53605
23373 64865
23374 53809
23375 19224
23376 49508
23377 11797
23378 56681
23379 49961
23380 19200
23381 17184
23382 57792
23383 27496
23384 51968
23385 27424
23386 59169
23387 56073
23388 58145
23389 56673
23390 32273
23391 26413
23392 58144
23393 53944
23394 17160
23395 29472
23396 49453
23397 31377
23398 59169
23399 17184
23400 25377
23401 49960
23402 63273
23403 61225
23404 59169
23405 18760
23406 25512
23407 58144
23408 58112
23409 25488
23410 25376
23411 61792
23412 17152
23413 54072
23414 54057
23415 27496
23416 26145
23417 53605
23418 29592
23419 52008
23420 60169
23421 16736
23422 25376
23423 58145
23424 25580
23425 55093
23426 56681
23427 5984
23428 32273
23429 26413
23430 18960
23431 19272
23432 60257
23433 58280
23434 63400
23435 55072
23436 58112
23437 5473
23438 27416
23439 62305
23440 58337
23441 58272
23442 57121
23443 58272
23444 25376
23445 64416
23446 49921
23447 54048
23448 53605
23449 57129
23450 63272
23451 65321
23452 27401
23453 54056
23454 51968
23455 56681
23456 53605
23457 49920
23458 17192
23459 63265
23460 53605
23461 56889
23462 17248
23463 63272
23464 56881
23465 53541
23466 62240
23467 58144
23468 25345
23469 54049
23470 56416
23471 25376
23472 60192
23473 56097
23474 19200
23475 57836
23476 25441
23477 49953
23478 53541
23479 27392
23480 16744
23481 25580
23482 56888
23483 55085
23484 16672
23485 27433
23486 62376
23487 60256
23488 59177
23489 27432
23490 61796
23491 49953
23492 57128
23493 19201
23494 54056
23495 55072
23496 63264
23497 49953
23498 17169
23499 32273
23500 53025
23501 19208
23502 27424
23503 62305
23504 61797
23505 54056
23506 54053
23507 25060
23508 63264
23509 56681
23510 25376
23511 58152
23512 57121
23513 62371
23514 19200
23515 58144
23516 27528
23517 58344
23518 54048
23519 61797
23520 58213
23521 25345
23522 52001
23523 19200
23524 56681
23525 25384
23526 49445
23527 19232
23528 63471
23529 54048
23530 53605
23531 53605
23532 56681
23533 25368
23534 50016
23535 11813
23536 63272
23537 56105
23538 19328
23539 57128
23540 19224
23541 25352
23542 62379
23543 54841
23544 53541
23545 26408
23546 54048
23547 54112
23548 31233
23549 2968
23550 59297
23551 28417
23552 27264
23553 58144
23554 60256
23555 25377
23556 49509
23557 27288
23558 19233
23559 49937
23560 58145
23561 55073
23562 59168
23563 20257
23564 54048
23565 61217
23566 18248
23567 59168
23568 56681
23569 64865
23570 61861
23571 52001
23572 54056
23573 17185
23574 50984
23575 55093
23576 49968
23577 60192
23578 56849
23579 63264
23580 60160
23581 54056
23582 11793
23583 49952
23584 792
23585 55080
23586 49952
23587 56681
23588 55081
23589 2409
23590 31233
23591 55073
23592 26409
23593 53604
23594 2856
23595 58145
23596 49937
23597 58145
23598 10025
23599 55073
23600 28512
23601 53944
23602 55073
23603 52001
23604 25440
23605 53605
23606 25472
23607 54048
23608 56681
23609 56105
23610 49509
23611 54048
23612 64865
23613 49952
23614 60193
23615 25368
23616 50017
23617 49952
23618 63264
23619 49968
23620 10029
23621 49509
23622 58144
23623 27392
23624 53793
23625 59240
23626 54841
23627 53612
23628 17185
23629 57128
23630 25376
23631 29608
23632 19233
23633 28457
23634 17192
23635 62241
23636 62248
23637 27424
23638 19241
23639 62240
23640 49945
23641 55072
23642 25381
23643 52000
23644 25352
23645 49953
23646 56617
23647 55080
23648 2329
23649 53600
23650 62440
23651 49976
23652 56681
23653 25377
23654 60161
23655 17312
23656 25472
23657 51976
23658 19233
23659 61805
23660 26465
23661 56681
23662 25345
23663 27400
23664 27425
23665 25377
23666 17192
23667 32257
23668 61792
23669 49961
23670 58144
23671 52008
23672 25376
23673 49512
23674 49504
23675 62312
23676 58144
23677 19200
23678 58144
23679 17184
23680 56681
23681 58144
23682 26400
23683 33125
23684 53605
23685 53612
23686 58144
23687 60161
23688 56681
23689 65377
23690 61804
23691 63273
23692 7529
23693 49944
23694 2841
23695 25472
23696 3849
23697 2377
23698 2328
23699 56617
23700 19208
23701 25434
23702 11797
23703 26424
23704 18697
23705 14176
23706 57816
23707 56681
23708 11809
23709 58138
23710 55077
23711 33061
23712 65385
23713 50992
23714 2377
23715 19224
23716 49957
23717 25440
23718 62312
23719 19224
23720 63336
23721 10025
23722 19209
23723 28417
23724 10025
23725 25384
23726 10088
23727 27153
23728 2329
23729 23881
23730 2904
23731 18840
23732 49944
23733 7497
23734 17176
23735 10017
23736 62240
23737 49960
23738 17185
23739 49953
23740 32257
23741 27464
23742 50072
23743 58112
23744 23881
23745 17189
23746 49953
23747 55080
23748 17189
23749 56096
23750 20257
23751 58152
23752 50088
23753 25344
23754 2328
23755 51968
23756 62444
23757 27433
23758 49508
23759 29584
23760 56889
23761 49562
23762 58144
23763 63272
23764 63272
23765 27392
23766 27416
23767 58120
23768 53605
23769 53605
23770 17192
23771 50088
23772 10017
23773 55832
23774 55856
23775 59169
23776 62241
23777 53605
23778 2840
23779 2840
23780 17192
23781 25509
23782 27560
23783 25376
23784 25480
23785 64865
23786 25512
23787 54016
23788 63336
23789 19201
23790 49445
23791 17152
23792 27392
23793 25376
23794 56617
23795 51985
23796 65377
23797 55072
23798 19232
23799 53541
23800 56681
23801 54057
23802 58152
23803 53793
23804 16744
23805 57192
23806 65320
23807 17168
23808 54056
23809 56097
23810 49509
23811 54056
23812 25384
23813 25576
23814 57121
23815 25345
23816 27552
23817 56681
23818 57121
23819 27392
23820 56681
23821 56873
23822 33061
23823 17248
23824 19232
23825 49953
23826 64865
23827 65376
23828 56681
23829 50533
23830 2329
23831 54056
23832 56681
23833 49453
23834 25440
23835 59169
23836 29600
23837 49960
23838 16741
23839 62112
23840 55081
23841 54048
23842 62817
23843 805
23844 56681
23845 25512
23846 63336
23847 26465
23848 49508
23849 58208
23850 25449
23851 49952
23852 56097
23853 56097
23854 54064
23855 49952
23856 58277
23857 17193
23858 56881
23859 27536
23860 57696
23861 49960
23862 49953
23863 18944
23864 33125
23865 25507
23866 53809
23867 23881
23868 62113
23869 53604
23870 56881
23871 10149
23872 27425
23873 14176
23874 55080
23875 49445
23876 28177
23877 56104
23878 27424
23879 27392
23880 55073
23881 2392
23882 26465
23883 58120
23884 54048
23885 17248
23886 25440
23887 25498
23888 27424
23889 27393
23890 55840
23891 49445
23892 19209
23893 58152
23894 27288
23895 56089
23896 62312
23897 50977
23898 52001
23899 3433
23900 801
23901 19208
23902 49953
23903 54049
23904 49968
23905 25384
23906 25440
23907 52008
23908 62240
23909 62248
23910 53048
23911 51985
23912 57144
23913 17188
23914 56096
23915 60193
23916 49952
23917 53033
23918 19201
23919 60168
23920 56097
23921 27529
23922 56096
23923 52000
23924 54057
23925 56681
23926 55072
23927 54833
23928 58144
23929 61793
23930 10157
23931 54060
23932 25377
23933 53605
23934 54048
23935 58213
23936 53604
23937 20257
23938 56681
23939 56096
23940 56681
23941 53540
23942 63337
23943 57836
23944 50985
23945 49960
23946 54048
23947 57120
23948 58144
23949 53605
23950 49960
23951 59232
23952 58276
23953 25508
23954 54048
23955 17184
23956 49921
23957 2848
23958 27393
23959 17152
23960 49952
23961 56881
23962 54053
23963 53605
23964 1888
23965 50977
23966 56889
23967 25345
23968 25377
23969 54112
23970 54056
23971 19272
23972 49952
23973 27528
23974 33125
23975 19256
23976 25384
23977 54072
23978 25440
23979 25504
23980 59176
23981 25384
23982 293
23983 52000
23984 17185
23985 19217
23986 56681
23987 52008
23988 27393
23989 53604
23990 19208
23991 57193
23992 25368
23993 53605
23994 58144
23995 56681
23996 56673
23997 53541
23998 53605
23999 60168
24000 25377
24001 55077
24002 25580
24003 52001
24004 52009
24005 61797
24006 28521
24007 56681
24008 25345
24009 25504
24010 17184
24011 54056
24012 62369
24013 27425
24014 53605
24015 49952
24016 27393
24017 60256
24018 54049
24019 29480
24020 19232
24021 63464
24022 27544
24023 56417
24024 63457
24025 27489
24026 62240
24027 63273
24028 58348
24029 25440
24030 17192
24031 62248
24032 51968
24033 54048
24034 49953
24035 49636
24036 6473
24037 63328
24038 62248
24039 63264
24040 19232
24041 52001
24042 19208
24043 25376
24044 49952
24045 25376
24046 63265
24047 53605
24048 56889
24049 27280
24050 25496
24051 33125
24052 25496
24053 33125
24054 29609
24055 50533
24056 2328
24057 63469
24058 53605
24059 62241
24060 56681
24061 54024
24062 59361
24063 58144
24064 27424
24065 54112
24066 19209
24067 14184
24068 20233
24069 25377
24070 54072
24071 53541
24072 55841
24073 62392
24074 56881
24075 23329
24076 56881
24077 49445
24078 54112
24079 19224
24080 55955
24081 49953
24082 54040
24083 49636
24084 19201
24085 2328
24086 49960
24087 17185
24088 63272
24089 60192
24090 54048
24091 53604
24092 52001
24093 56673
24094 56681
24095 54833
24096 23057
24097 53544
24098 19224
24099 27425
24100 19201
24101 52025
24102 56681
24103 25377
24104 63265
24105 19232
24106 52008
24107 19240
24108 58208
24109 60192
24110 56881
24111 56681
24112 16740
24113 49968
24114 56889
24115 54040
24116 25376
24117 10029
24118 58145
24119 19201
24120 49509
24121 54821
24122 54625
24123 53605
24124 49952
24125 55072
24126 54048
24127 64225
24128 27552
24129 60193
24130 49508
24131 58144
24132 53605
24133 49952
24134 24932
24135 17192
24136 27400
24137 62372
24138 54056
24139 60201
24140 61224
24141 58145
24142 24936
24143 25508
24144 49929
24145 27392
24146 54053
24147 25384
24148 33061
24149 52920
24150 58280
24151 25377
24152 61793
24153 58208
24154 56681
24155 53605
24156 2328
24157 25449
24158 51976
24159 27392
24160 63272
24161 25381
24162 49953
24163 62240
24164 58120
24165 54832
24166 25360
24167 49952
24168 17153
24169 58213
24170 49952
24171 53944
24172 63336
24173 49508
24174 49445
24175 53605
24176 52008
24177 53605
24178 54048
24179 56681
24180 17152
24181 54016
24182 61797
24183 53605
24184 54325
24185 65377
24186 49952
24187 51968
24188 49968
24189 59240
24190 25504
24191 62240
24192 19208
24193 56681
24194 59240
24195 56888
24196 27264
24197 58120
24198 58209
24199 54049
24200 58120
24201 55857
24202 64225
24203 49952
24204 52001
24205 54048
24206 60200
24207 28520
24208 49952
24209 31377
24210 57121
24211 58296
24212 57193
24213 49440
24214 54049
24215 25376
24216 61792
24217 27425
24218 58348
24219 49453
24220 27528
24221 23328
24222 27464
24223 53032
24224 62248
24225 19233
24226 49509
24227 49976
24228 57192
24229 25384
24230 26400
24231 49957
24232 25504
24233 56681
24234 65321
24235 27393
24236 53605
24237 19288
24238 58217
24239 2392
24240 58112
24241 2392
24242 19288
24243 20837
24244 55096
24245 62392
24246 65025
24247 27416
24248 57816
24249 60256
24250 49957
24251 26408
24252 33061
24253 64416
24254 2968
24255 49508
24256 805
24257 56617
24258 888
24259 26401
24260 63336
24261 62392
24262 19288
24263 26409
24264 26413
24265 17304
24266 49944
24267 52000
24268 2393
24269 2970
24270 59169
24271 19224
24272 49952
24273 19224
24274 32277
24275 17176
24276 19288
24277 27392
24278 19224
24279 25512
24280 856
24281 7533
24282 9064
24283 63337
24284 54048
24285 27400
24286 28161
24287 64416
24288 49952
24289 54845
24290 58152
24291 54057
24292 49961
24293 58217
24294 54048
24295 63288
24296 29624
24297 19288
24298 49920
24299 53612
24300 25508
24301 59240
24302 17184
24303 53541
24304 7533
24305 19208
24306 49953
24307 58149
24308 56681
24309 65376
24310 25440
24311 53540
24312 28417
24313 27424
24314 18944
24315 58336
24316 49957
24317 61216
24318 58112
24319 63337
24320 53605
24321 58144
24322 27424
24323 65385
24324 65385
24325 65376
24326 24353
24327 53541
24328 52009
24329 65384
24330 27392
24331 49936
24332 64001
24333 19200
24334 56681
24335 49976
24336 25416
24337 54056
24338 19256
24339 52000
24340 65376
24341 53536
24342 53600
24343 53600
24344 65384
24345 19241
24346 55073
24347 28512
24348 17248
24349 56849
24350 49960
24351 53808
24352 17160
24353 49512
24354 64289
24355 64865
24356 65384
24357 57696
24358 19256
24359 53033
24360 65377
24361 17184
24362 62312
24363 56681
24364 61793
24365 53605
24366 29472
24367 25440
24368 17184
24369 53605
24370 60264
24371 49509
24372 56673
24373 25504
24374 17185
24375 57120
24376 49953
24377 63841
24378 57128
24379 25512
24380 56065
24381 54573
24382 62240
24383 49508
24384 58208
24385 49508
24386 62264
24387 53604
24388 49440
24389 56673
24390 58120
24391 64865
24392 55080
24393 57193
24394 53541
24395 55096
24396 17176
24397 62444
24398 58145
24399 805
24400 19241
24401 65385
24402 63336
24403 54049
24404 55856
24405 25507
24406 56681
24407 31377
24408 57701
24409 25370
24410 53605
24411 53613
24412 54048
24413 54064
24414 63585
24415 53540
24416 25381
24417 56072
24418 25377
24419 25384
24420 55081
24421 53604
24422 51969
24423 63400
24424 62305
24425 50977
24426 19233
24427 17304
24428 64033
24429 27392
24430 17185
24431 62360
24432 53541
24433 19209
24434 25528
24435 25488
24436 49953
24437 57185
24438 29544
24439 62304
24440 25512
24441 49944
24442 293
24443 53793
24444 56097
24445 17193
24446 59168
24447 57700
24448 63272
24449 65377
24450 54817
24451 56889
24452 17208
24453 25376
24454 60192
24455 49508
24456 63336
24457 63264
24458 25576
24459 58145
24460 2848
24461 25528
24462 25377
24463 27401
24464 16736
24465 53605
24466 59169
24467 54048
24468 17189
24469 27424
24470 65057
24471 56681
24472 49961
24473 54057
24474 55073
24475 58145
24476 62304
24477 49504
24478 27488
24479 51984
24480 53544
24481 49952
24482 56680
24483 25472
24484 57836
24485 58208
24486 53605
24487 16737
24488 25496
24489 27528
24490 57129
24491 60320
24492 27280
24493 58144
24494 54048
24495 51976
24496 19241
24497 25496
24498 54049
24499 16740
24500 65057
24501 54040
24502 53605
24503 58152
24504 58145
24505 54056
24506 19201
24507 53541
24508 56681
24509 62371
24510 27496
24511 27489
24512 56096
24513 29624
24514 28456
24515 53540
24516 54633
24517 27425
24518 27137
24519 25504
24520 19224
24521 53548
24522 25376
24523 58144
24524 64416
24525 54049
24526 61793
24527 50977
24528 25440
24529 19232
24530 49960
24531 27432
24532 16737
24533 19209
24534 54048
24535 50016
24536 27432
24537 54048
24538 19328
24539 56681
24540 27264
24541 56097
24542 49509
24543 61797
24544 56681
24545 25480
24546 56681
24547 51984
24548 27392
24549 54841
24550 49516
24551 25068
24552 64296
24553 64416
24554 63272
24555 49960
24556 27424
24557 49952
24558 25376
24559 49952
24560 49952
24561 56097
24562 26465
24563 58144
24564 50016
24565 57696
24566 55073
24567 27393
24568 58145
24569 25384
24570 25384
24571 56681
24572 27488
24573 58113
24574 62115
24575 56097
24576 49637
24577 17157
24578 53605
24579 53605
24580 56681
24581 55081
24582 10017
24583 60192
24584 53541
24585 54057
24586 51969
24587 17185
24588 53605
24589 49445
24590 49505
24591 26536
24592 58209
24593 27424
24594 49961
24595 53813
24596 52008
24597 58144
24598 52001
24599 6409
24600 27393
24601 27432
24602 56888
24603 28457
24604 53604
24605 25385
24606 17185
24607 19233
24608 25440
24609 62241
24610 53604
24611 27393
24612 57193
24613 53025
24614 54049
24615 53541
24616 49453
24617 29592
24618 55072
24619 57128
24620 2328
24621 27392
24622 58216
24623 20836
24624 54048
24625 17192
24626 53541
24627 63336
24628 56673
24629 49952
24630 56104
24631 64289
24632 25377
24633 25480
24634 49952
24635 20257
24636 25441
24637 26536
24638 20265
24639 55080
24640 49952
24641 56681
24642 27424
24643 19232
24644 62112
24645 19201
24646 49929
24647 49928
24648 49516
24649 54072
24650 57129
24651 56681
24652 25512
24653 17169
24654 25384
24655 53605
24656 2328
24657 56609
24658 54056
24659 58216
24660 62115
24661 49961
24662 59169
24663 58145
24664 56681
24665 56673
24666 56097
24667 25440
24668 27400
24669 20837
24670 25384
24671 63337
24672 25377
24673 54048
24674 49504
24675 49976
24676 25384
24677 24353
24678 59240
24679 49936
24680 16741
24681 49509
24682 49508
24683 19241
24684 49445
24685 19241
24686 26401
24687 65385
24688 25480
24689 53557
24690 27433
24691 57145
24692 52000
24693 25376
24694 27560
24695 62240
24696 56065
24697 17185
24698 16677
24699 49921
24700 49508
24701 56617
24702 54120
24703 19233
24704 53605
24705 53032
24706 27488
24707 55080
24708 25384
24709 52001
24710 61281
24711 17185
24712 56088
24713 25377
24714 17200
24715 58296
24716 52001
24717 17184
24718 59169
24719 59176
24720 25496
24721 62376
24722 53537
24723 62240
24724 57696
24725 49440
24726 27488
24727 56681
24728 49445
24729 25376
24730 60192
24731 27425
24732 25376
24733 58336
24734 65385
24735 54056
24736 19240
24737 49937
24738 54048
24739 49508
24740 19232
24741 25504
24742 53604
24743 49508
24744 2377
24745 2393
24746 19224
24747 55080
24748 2904
24749 53176
24750 55825
24751 53605
24752 64865
24753 10017
24754 53541
24755 57193
24756 25512
24757 25440
24758 54049
24759 53549
24760 49509
24761 49628
24762 2377
24763 65121
24764 63264
24765 17176
24766 28177
24767 25472
24768 54064
24769 2825
24770 49509
24771 58149
24772 2329
24773 17176
24774 59169
24775 51553
24776 2392
24777 27400
24778 32257
24779 10157
24780 54048
24781 19232
24782 18977
24783 25384
24784 10080
24785 58113
24786 19288
24787 19224
24788 19224
24789 27433
24790 14176
24791 25572
24792 49697
24793 27424
24794 49953
24795 51969
24796 51977
24797 61793
24798 50984
24799 28449
24800 3433
24801 19273
24802 10021
24803 49504
24804 62264
24805 27401
24806 19233
24807 60200
24808 54048
24809 2328
24810 6473
24811 58128
24812 19209
24813 61925
24814 56104
24815 58208
24816 19233
24817 19233
24818 50976
24819 56681
24820 60192
24821 56609
24822 53540
24823 27424
24824 53024
24825 27424
24826 27424
24827 17192
24828 62241
24829 49504
24830 58144
24831 25377
24832 49509
24833 25505
24834 49445
24835 49945
24836 19240
24837 49509
24838 25344
24839 54048
24840 54049
24841 49960
24842 27392
24843 53605
24844 54200
24845 63336
24846 49509
24847 17192
24848 64865
24849 49509
24850 25377
24851 53605
24852 25440
24853 54049
24854 27520
24855 17161
24856 58144
24857 29672
24858 53604
24859 19232
24860 50977
24861 53605
24862 54625
24863 60193
24864 49504
24865 58144
24866 65385
24867 19241
24868 49952
24869 49960
24870 49944
24871 51977
24872 18960
24873 25504
24874 25488
24875 65312
24876 49953
24877 17184
24878 62248
24879 49953
24880 56888
24881 53793
24882 17184
24883 25377
24884 56681
24885 27400
24886 55080
24887 62304
24888 19241
24889 59169
24890 49952
24891 64865
24892 57192
24893 64296
24894 25376
24895 55840
24896 17160
24897 55080
24898 55096
24899 25504
24900 16736
24901 51992
24902 29328
24903 50533
24904 33061
24905 53605
24906 25496
24907 25496
24908 62371
24909 28177
24910 25496
24911 7529
24912 49952
24913 37229
24914 2328
24915 57128
24916 56681
24917 56681
24918 25496
24919 51969
24920 27280
24921 28449
24922 62241
24923 58145
24924 49952
24925 27424
24926 19233
24927 25377
24928 25496
24929 19225
24930 27288
24931 16736
24932 32273
24933 25496
24934 54049
24935 62360
24936 55073
24937 29328
24938 62309
24939 25344
24940 49509
24941 17184
24942 54073
24943 52001
24944 53600
24945 56681
24946 49952
24947 52000
24948 17185
24949 49508
24950 3433
24951 55080
24952 25376
24953 49921
24954 17188
24955 17184
24956 61797
24957 27424
24958 54072
24959 49953
24960 53540
24961 56681
24962 16741
24963 2393
24964 27392
24965 53605
24966 20264
24967 63288
24968 49953
24969 52009
24970 27392
24971 60193
24972 49508
24973 25384
24974 25516
24975 19240
24976 57193
24977 21281
24978 19232
24979 60160
24980 56681
24981 58145
24982 20257
24983 27432
24984 25580
24985 53024
24986 62368
24987 53605
24988 29480
24989 54048
24990 49952
24991 58145
24992 28417
24993 56681
24994 56681
24995 25345
24996 49960
24997 61224
24998 52000
24999 25580
25000 58145
25001 28449
25002 56105
25003 50977
25004 24936
25005 56673
25006 19224
25007 25472
25008 54049
25009 19232
25010 49960
25011 65313
25012 25512
25013 62392
25014 53605
25015 62248
25016 25512
25017 28193
25018 17152
25019 58208
25020 18208
25021 28449
25022 62440
25023 60200
25024 21288
25025 54049
25026 65377
25027 56880
25028 63264
25029 25482
25030 27424
25031 19240
25032 51976
25033 58113
25034 19200
25035 58145
25036 54841
25037 58272
25038 33061
25039 25576
25040 53541
25041 49953
25042 25504
25043 25480
25044 49504
25045 49512
25046 19785
25047 17161
25048 49960
25049 33125
25050 25568
25051 49960
25052 49952
25053 49509
25054 54057
25055 49508
25056 58272
25057 53605
25058 29472
25059 25344
25060 53813
25061 54048
25062 11041
25063 53600
25064 25376
25065 19233
25066 27424
25067 19233
25068 19232
25069 25377
25070 54016
25071 49953
25072 32273
25073 57701
25074 60161
25075 59168
25076 17152
25077 49960
25078 25512
25079 60200
25080 28177
25081 62248
25082 53944
25083 60193
25084 25344
25085 49508
25086 64865
25087 25528
25088 16677
25089 57129
25090 52024
25091 53032
25092 50016
25093 56681
25094 49969
25095 58145
25096 58152
25097 19209
25098 49960
25099 53605
25100 58152
25101 56681
25102 25377
25103 27153
25104 17153
25105 49952
25106 56681
25107 49953
25108 56096
25109 23336
25110 25440
25111 49936
25112 53605
25113 25514
25114 33125
25115 58145
25116 54056
25117 62370
25118 50104
25119 29328
25120 32273
25121 63272
25122 26401
25123 54049
25124 53605
25125 49936
25126 21029
25127 17176
25128 55144
25129 57129
25130 25496
25131 53545
25132 25488
25133 56673
25134 53600
25135 19240
25136 54565
25137 58144
25138 25440
25139 49961
25140 58272
25141 55080
25142 27544
25143 49937
25144 49928
25145 19232
25146 23057
25147 19201
25148 26401
25149 53285
25150 27424
25151 62433
25152 49573
25153 18209
25154 54837
25155 25376
25156 54048
25157 25496
25158 49936
25159 52000
25160 49953
25161 49952
25162 25370
25163 49921
25164 63336
25165 25377
25166 50024
25167 53605
25168 61792
25169 58152
25170 49960
25171 58276
25172 49953
25173 2904
25174 58144
25175 64296
25176 19200
25177 56105
25178 49952
25179 25512
25180 25512
25181 62241
25182 51984
25183 53605
25184 61985
25185 64865
25186 25440
25187 56681
25188 49953
25189 31521
25190 49961
25191 53793
25192 56681
25193 2328
25194 19208
25195 25512
25196 17248
25197 25345
25198 57765
25199 49952
25200 25377
25201 60192
25202 57129
25203 52001
25204 62370
25205 49512
25206 60192
25207 61797
25208 27425
25209 49952
25210 59169
25211 58144
25212 65321
25213 63329
25214 58145
25215 52009
25216 25384
25217 63336
25218 54833
25219 25376
25220 31521
25221 19232
25222 54056
25223 55144
25224 25384
25225 60256
25226 54048
25227 58144
25228 54049
25229 19232
25230 37688
25231 60256
25232 65312
25233 53548
25234 54057
25235 60160
25236 61925
25237 25360
25238 63336
25239 49944
25240 57129
25241 57193
25242 49968
25243 62113
25244 62248
25245 56104
25246 49944
25247 17248
25248 56681
25249 53536
25250 25377
25251 17192
25252 25384
25253 58296
25254 54049
25255 27424
25256 17153
25257 25516
25258 62248
25259 19208
25260 27424
25261 23329
25262 19233
25263 19233
25264 62376
25265 55081
25266 49976
25267 27425
25268 49516
25269 27400
25270 17153
25271 53564
25272 19240
25273 54832
25274 63457
25275 16677
25276 27392
25277 49944
25278 17185
25279 25376
25280 59176
25281 58144
25282 25512
25283 65312
25284 25377
25285 25377
25286 52008
25287 25448
25288 53600
25289 54040
25290 19233
25291 49953
25292 49509
25293 27432
25294 53540
25295 25344
25296 19240
25297 25512
25298 53605
25299 19232
25300 56681
25301 49957
25302 19233
25303 56681
25304 25344
25305 63272
25306 63265
25307 27521
25308 19209
25309 27392
25310 55081
25311 56681
25312 2848
25313 60192
25314 19233
25315 25377
25316 25496
25317 25512
25318 24932
25319 56681
25320 55073
25321 2393
25322 19201
25323 2841
25324 26408
25325 4984
25326 25434
25327 59169
25328 53545
25329 17201
25330 53541
25331 54049
25332 25370
25333 18945
25334 53604
25335 53541
25336 49953
25337 64001
25338 53541
25339 59168
25340 17304
25341 56880
25342 10021
25343 54040
25344 26413
25345 63337
25346 19232
25347 16740
25348 58145
25349 27464
25350 64033
25351 26409
25352 23881
25353 58213
25354 17306
25355 65121
25356 27400
25357 19256
25358 56681
25359 58145
25360 32273
25361 28161
25362 2329
25363 50976
25364 37157
25365 56617
25366 19224
25367 7497
25368 2840
25369 54057
25370 49509
25371 19208
25372 19721
25373 26392
25374 49508
25375 53604
25376 49504
25377 49920
25378 17193
25379 18248
25380 51968
25381 2377
25382 56065
25383 10017
25384 17185
25385 57701
25386 62264
25387 26401
25388 2840
25389 53605
25390 18216
25391 60193
25392 58217
25393 2393
25394 53605
25395 58348
25396 20257
25397 27560
25398 18272
25399 62304
25400 19241
25401 58208
25402 58144
25403 57129
25404 52000
25405 63273
25406 53024
25407 62377
25408 56865
25409 2329
25410 49953
25411 49944
25412 49952
25413 49953
25414 32257
25415 17192
25416 17153
25417 54048
25418 57828
25419 25496
25420 49509
25421 25488
25422 53600
25423 19233
25424 58112
25425 54821
25426 53541
25427 53285
25428 55080
25429 54057
25430 19209
25431 49953
25432 53601
25433 64865
25434 60257
25435 56681
25436 64865
25437 17304
25438 23329
25439 65385
25440 17185
25441 21288
25442 25472
25443 64865
25444 25504
25445 53808
25446 53813
25447 65377
25448 25368
25449 63273
25450 53033
25451 1829
25452 52001
25453 20256
25454 19200
25455 25344
25456 25352
25457 357
25458 54049
25459 25344
25460 56865
25461 56681
25462 58145
25463 25376
25464 53604
25465 57697
25466 56681
25467 56096
25468 61217
25469 58145
25470 50016
25471 54049
25472 54048
25473 57129
25474 60160
25475 50977
25476 24932
25477 54200
25478 52000
25479 60161
25480 57193
25481 52009
25482 56681
25483 58145
25484 54048
25485 49509
25486 54048
25487 49957
25488 56889
25489 27400
25490 54817
25491 56681
25492 49508
25493 53604
25494 53605
25495 54833
25496 10080
25497 56673
25498 49636
25499 56888
25500 63329
25501 58145
25502 49952
25503 17185
25504 29600
25505 17184
25506 62240
25507 28417
25508 27432
25509 64288
25510 58144
25511 2904
25512 56097
25513 18216
25514 57121
25515 50017
25516 17188
25517 54049
25518 54056
25519 19225
25520 17168
25521 58145
25522 59169
25523 60193
25524 27400
25525 58144
25526 28417
25527 51968
25528 18977
25529 25376
25530 54048
25531 49508
25532 56681
25533 49517
25534 29584
25535 53605
25536 53605
25537 54049
25538 64416
25539 58272
25540 25496
25541 53605
25542 25376
25543 58145
25544 62379
25545 55073
25546 53541
25547 49960
25548 10157
25549 51744
25550 52000
25551 25376
25552 19201
25553 53536
25554 54633
25555 59169
25556 49960
25557 50977
25558 54057
25559 17189
25560 54048
25561 14176
25562 49936
25563 53600
25564 53541
25565 25376
25566 54112
25567 58144
25568 25480
25569 56881
25570 58336
25571 65385
25572 61804
25573 26408
25574 49504
25575 2377
25576 56097
25577 57697
25578 25440
25579 49956
25580 60129
25581 49953
25582 53605
25583 25384
25584 49953
25585 40504
25586 58144
25587 61925
25588 63265
25589 61796
25590 25441
25591 25368
25592 25376
25593 56065
25594 58145
25595 25385
25596 17160
25597 65385
25598 57129
25599 19208
25600 49960
25601 52000
25602 63264
25603 58149
25604 61861
25605 63265
25606 27425
25607 60320
25608 57765
25609 17184
25610 27425
25611 54845
25612 53537
25613 17185
25614 25377
25615 25344
25616 49952
25617 65121
25618 25352
25619 56681
25620 18209
25621 27416
25622 27536
25623 58216
25624 28448
25625 49509
25626 25377
25627 25376
25628 17152
25629 52000
25630 16736
25631 49952
25632 25377
25633 53609
25634 63469
25635 52000
25636 29676
25637 25068
25638 17193
25639 61797
25640 54064
25641 55072
25642 25504
25643 40504
25644 54833
25645 27296
25646 57829
25647 49953
25648 49441
25649 54629
25650 52000
25651 17192
25652 17256
25653 61796
25654 49953
25655 25384
25656 25376
25657 25377
25658 25376
25659 54064
25660 25504
25661 59177
25662 49960
25663 17160
25664 59168
25665 52001
25666 52008
25667 56104
25668 25580
25669 27464
25670 25385
25671 55073
25672 58144
25673 59176
25674 51992
25675 54056
25676 49509
25677 27520
25678 27432
25679 53797
25680 33125
25681 63400
25682 56673
25683 56881
25684 53605
25685 53605
25686 58144
25687 10080
25688 53025
25689 53605
25690 52008
25691 49952
25692 33125
25693 19209
25694 25377
25695 26413
25696 25376
25697 54056
25698 19241
25699 63337
25700 62376
25701 49953
25702 19232
25703 56097
25704 53537
25705 50977
25706 54048
25707 54057
25708 49920
25709 58145
25710 58113
25711 26408
25712 56097
25713 49929
25714 52008
25715 59177
25716 54049
25717 19232
25718 60264
25719 58145
25720 17188
25721 17185
25722 52001
25723 54049
25724 25068
25725 49957
25726 49509
25727 59232
25728 25384
25729 49936
25730 56680
25731 25376
25732 49952
25733 25480
25734 25376
25735 19233
25736 62379
25737 58145
25738 11793
25739 58144
25740 25512
25741 56681
25742 53605
25743 25504
25744 53793
25745 51968
25746 52000
25747 54048
25748 19232
25749 20257
25750 52009
25751 49953
25752 54049
25753 53605
25754 29608
25755 52001
25756 65313
25757 19256
25758 29345
25759 19256
25760 55080
25761 51976
25762 61804
25763 27264
25764 49960
25765 2393
25766 62112
25767 52000
25768 53605
25769 49957
25770 53612
25771 52001
25772 25440
25773 57701
25774 49445
25775 53605
25776 19201
25777 25512
25778 53605
25779 52001
25780 64288
25781 33125
25782 59169
25783 25352
25784 62368
25785 60192
25786 62392
25787 56681
25788 63265
25789 52001
25790 54049
25791 49505
25792 52008
25793 25344
25794 58144
25795 56680
25796 54056
25797 17176
25798 65321
25799 49920
25800 25440
25801 49952
25802 57121
25803 55081
25804 57121
25805 25376
25806 58208
25807 58113
25808 27400
25809 63337
25810 56681
25811 57816
25812 63336
25813 25496
25814 19248
25815 53605
25816 52008
25817 58213
25818 63272
25819 25377
25820 33125
25821 29584
25822 62309
25823 25376
25824 63265
25825 49512
25826 58144
25827 58144
25828 49504
25829 17185
25830 53605
25831 57129
25832 53025
25833 61797
25834 57120
25835 40504
25836 19200
25837 61797
25838 17184
25839 50977
25840 25505
25841 17208
25842 55081
25843 25384
25844 27425
25845 19208
25846 52001
25847 62444
25848 19233
25849 17201
25850 62113
25851 56681
25852 58113
25853 25504
25854 31377
25855 27392
25856 49961
25857 49952
25858 58208
25859 58152
25860 58152
25861 58276
25862 27424
25863 53601
25864 28417
25865 62444
25866 58208
25867 27393
25868 53605
25869 40484
25870 58144
25871 18761
25872 62379
25873 26401
25874 4984
25875 54832
25876 58113
25877 56681
25878 53797
25879 56417
25880 2329
25881 58138
25882 53541
25883 49961
25884 49504
25885 55825
25886 55073
25887 10029
25888 25512
25889 33061
25890 49953
25891 58145
25892 19233
25893 2329
25894 25344
25895 25370
25896 19209
25897 805
25898 2392
25899 54072
25900 49572
25901 25441
25902 2329
25903 23881
25904 2840
25905 60193
25906 7497
25907 52009
25908 52008
25909 55832
25910 25576
25911 49961
25912 65385
25913 54056
25914 62312
25915 2328
25916 57129
25917 52000
25918 2377
25919 49504
25920 59168
25921 62240
25922 57144
25923 62248
25924 2840
25925 56104
25926 27264
25927 49957
25928 65313
25929 27544
25930 2840
25931 2393
25932 2377
25933 55080
25934 52000
25935 61804
25936 62241
25937 27392
25938 27528
25939 54056
25940 25472
25941 25377
25942 56416
25943 19232
25944 14113
25945 64873
25946 23328
25947 27432
25948 23329
25949 25496
25950 17184
25951 25572
25952 52009
25953 63336
25954 60192
25955 58145
25956 49508
25957 17185
25958 54064
25959 19201
25960 57128
25961 56097
25962 63336
25963 2377
25964 55073
25965 49953
25966 49953
25967 54053
25968 57185
25969 52920
25970 57701
25971 53557
25972 57121
25973 16672
25974 49976
25975 62240
25976 54629
25977 25376
25978 53541
25979 53793
25980 49509
25981 32273
25982 65377
25983 25448
25984 54048
25985 25440
25986 25384
25987 54049
25988 53605
25989 49505
25990 54625
25991 25376
25992 58152
25993 25376
25994 49445
25995 49961
25996 65312
25997 49956
25998 56096
25999 58340
26000 54841
26001 62369
26002 62241
26003 53536
26004 55072
26005 55072
26006 25384
26007 25376
26008 54633
26009 49517
26010 53541
26011 49508
26012 16736
26013 27616
26014 56880
26015 54624
26016 49952
26017 65385
26018 59169
26019 53033
26020 49953
26021 27425
26022 49936
26023 17185
26024 56880
26025 56673
26026 51977
26027 54624
26028 52001
26029 56681
26030 60193
26031 63328
26032 54817
26033 58272
26034 56881
26035 53605
26036 56888
26037 27520
26038 26409
26039 17185
26040 27280
26041 47021
26042 64865
26043 49509
26044 25440
26045 28177
26046 52009
26047 17188
26048 2377
26049 49953
26050 53605
26051 53541
26052 54048
26053 63585
26054 54833
26055 17169
26056 60192
26057 53605
26058 25384
26059 54049
26060 25440
26061 53605
26062 17185
26063 58144
26064 49504
26065 54837
26066 58145
26067 19216
26068 63400
26069 2825
26070 65313
26071 58145
26072 54024
26073 50977
26074 59233
26075 54056
26076 57121
26077 57129
26078 54056
26079 25377
26080 27424
26081 63336
26082 17184
26083 56681
26084 25504
26085 25512
26086 33125
26087 56681
26088 27424
26089 49960
26090 25384
26091 49960
26092 25368
26093 55585
26094 18209
26095 56681
26096 53793
26097 60193
26098 25480
26099 58145
26100 54049
26101 17184
26102 49952
26103 19201
26104 54048
26105 55088
26106 49445
26107 28177
26108 52000
26109 54049
26110 49953
26111 53605
26112 27393
26113 59168
26114 54073
26115 27424
26116 57192
26117 49953
26118 52000
26119 27392
26120 27425
26121 25504
26122 19209
26123 58145
26124 58152
26125 49976
26126 56880
26127 54309
26128 59168
26129 49957
26130 56096
26131 49936
26132 63337
26133 56888
26134 62113
26135 26400
26136 29608
26137 54817
26138 49944
26139 57696
26140 16736
26141 20264
26142 54049
26143 19209
26144 25360
26145 65384
26146 54056
26147 61793
26148 27296
26149 17184
26150 62240
26151 58145
26152 33125
26153 58152
26154 52008
26155 56681
26156 11793
26157 25449
26158 61861
26159 54056
26160 54325
26161 25376
26162 49512
26163 49969
26164 19233
26165 53605
26166 54048
26167 49952
26168 2393
26169 27424
26170 62376
26171 49516
26172 60200
26173 19233
26174 62312
26175 54841
26176 49952
26177 61224
26178 25509
26179 57193
26180 58276
26181 53605
26182 19217
26183 53604
26184 55073
26185 53605
26186 19256
26187 27425
26188 19232
26189 1888
26190 55093
26191 56881
26192 28449
26193 56681
26194 49509
26195 27424
26196 25376
26197 17200
26198 27264
26199 56681
26200 49440
26201 56681
26202 53557
26203 20257
26204 56681
26205 19232
26206 19224
26207 53549
26208 16736
26209 58145
26210 55080
26211 58145
26212 49509
26213 27425
26214 17208
26215 27488
26216 19241
26217 54633
26218 54048
26219 27424
26220 25448
26221 52001
26222 54049
26223 56681
26224 58144
26225 27560
26226 65385
26227 54053
26228 56888
26229 56880
26230 25472
26231 47021
26232 49952
26233 25480
26234 56681
26235 56097
26236 32273
26237 56673
26238 52000
26239 53605
26240 2377
26241 23336
26242 19201
26243 27424
26244 49441
26245 53605
26246 25504
26247 62368
26248 49952
26249 58144
26250 27553
26251 54053
26252 60192
26253 49957
26254 58144
26255 49953
26256 16677
26257 55080
26258 58144
26259 27520
26260 23336
26261 54200
26262 49953
26263 52000
26264 52000
26265 17184
26266 2393
26267 25381
26268 25576
26269 52000
26270 53541
26271 17184
26272 56673
26273 49564
26274 54057
26275 58337
26276 49508
26277 49929
26278 26400
26279 54049
26280 62304
26281 49968
26282 17153
26283 19240
26284 49952
26285 27425
26286 55072
26287 26464
26288 58145
26289 49445
26290 19232
26291 54040
26292 24932
26293 50977
26294 33125
26295 58152
26296 58273
26297 25377
26298 52001
26299 54072
26300 60193
26301 19200
26302 25576
26303 25512
26304 54841
26305 25376
26306 53605
26307 56881
26308 49445
26309 53605
26310 17152
26311 19240
26312 25345
26313 60193
26314 63336
26315 53549
26316 61797
26317 63328
26318 25480
26319 53605
26320 52001
26321 56097
26322 56681
26323 53604
26324 59169
26325 49953
26326 56881
26327 62440
26328 37221
26329 54833
26330 49936
26331 52000
26332 54049
26333 25353
26334 49960
26335 17153
26336 25377
26337 60192
26338 49445
26339 17185
26340 54056
26341 50984
26342 32277
26343 55864
26344 49960
26345 25504
26346 28417
26347 54833
26348 53601
26349 25504
26350 53605
26351 59240
26352 25376
26353 11041
26354 49509
26355 58145
26356 27425
26357 2329
26358 56105
26359 29672
26360 49508
26361 49960
26362 54049
26363 17184
26364 54328
26365 27424
26366 27392
26367 49960
26368 54049
26369 57120
26370 52000
26371 62304
26372 62376
26373 49952
26374 53605
26375 27544
26376 27528
26377 62380
26378 25345
26379 53541
26380 54049
26381 17185
26382 56681
26383 59168
26384 20257
26385 58144
26386 29472
26387 25360
26388 56673
26389 49952
26390 21281
26391 57192
26392 17189
26393 19224
26394 19217
26395 17193
26396 56681
26397 63328
26398 62113
26399 27392
26400 56681
26401 17201
26402 63465
26403 54048
26404 50024
26405 50984
26406 25416
26407 19200
26408 57193
26409 49929
26410 54056
26411 27496
26412 58152
26413 16748
26414 62240
26415 49960
26416 62392
26417 63336
26418 25572
26419 49517
26420 62817
26421 17185
26422 2377
26423 2329
26424 26409
26425 49936
26426 1888
26427 49440
26428 56881
26429 56681
26430 51000
26431 50138
26432 55841
26433 53605
26434 1888
26435 58136
26436 50017
26437 14177
26438 17304
26439 5984
26440 54832
26441 10157
26442 17248
26443 10029
26444 10080
26445 19224
26446 33125
26447 33125
26448 27137
26449 63328
26450 25432
26451 2377
26452 54817
26453 26472
26454 792
26455 56073
26456 27401
26457 2328
26458 24329
26459 58209
26460 49920
26461 56089
26462 7497
26463 27552
26464 52009
26465 19233
26466 26465
26467 27488
26468 17184
26469 24932
26470 54057
26471 56096
26472 49445
26473 56892
26474 49445
26475 50016
26476 57697
26477 58208
26478 27552
26479 19208
26480 58144
26481 19225
26482 55144
26483 2329
26484 2840
26485 17192
26486 58272
26487 25384
26488 49968
26489 55080
26490 25498
26491 49952
26492 25504
26493 63457
26494 55144
26495 54048
26496 52000
26497 65385
26498 32257
26499 27425
26500 62370
26501 56889
26502 2393
26503 49945
26504 32257
26505 62241
26506 55145
26507 56416
26508 52008
26509 25504
26510 27552
26511 19200
26512 25472
26513 54048
26514 27560
26515 58145
26516 53792
26517 62312
26518 56681
26519 19201
26520 49504
26521 54057
26522 60192
26523 56681
26524 54056
26525 14177
26526 58208
26527 32257
26528 25377
26529 27401
26530 56417
26531 55081
26532 55072
26533 60320
26534 49960
26535 25376
26536 62440
26537 64416
26538 56673
26539 65384
26540 65385
26541 51977
26542 17193
26543 56681
26544 53549
26545 53541
26546 56681
26547 63336
26548 55073
26549 56673
26550 25384
26551 27520
26552 49697
26553 53792
26554 25504
26555 25512
26556 49960
26557 56681
26558 57700
26559 54073
26560 27433
26561 49952
26562 33125
26563 25504
26564 54048
26565 60193
26566 49957
26567 53280
26568 25512
26569 49441
26570 56881
26571 65312
26572 54833
26573 49508
26574 56880
26575 56881
26576 64865
26577 25512
26578 17185
26579 25496
26580 49960
26581 17208
26582 11797
26583 26409
26584 27424
26585 33125
26586 53605
26587 56865
26588 58144
26589 55081
26590 61793
26591 19232
26592 25496
26593 19232
26594 58209
26595 17184
26596 60193
26597 53797
26598 53605
26599 58145
26600 25385
26601 62241
26602 25344
26603 53541
26604 49928
26605 52001
26606 17185
26607 62264
26608 17192
26609 60192
26610 33125
26611 56104
26612 26401
26613 49509
26614 55072
26615 52000
26616 27520
26617 53605
26618 54048
26619 27392
26620 25480
26621 57129
26622 19208
26623 20264
26624 15893
26625 17189
26626 25496
26627 49509
26628 19200
26629 52008
26630 62115
26631 2328
26632 27520
26633 23336
26634 58296
26635 51968
26636 19232
26637 17184
26638 64416
26639 54057
26640 28449
26641 49952
26642 58144
26643 58144
26644 16737
26645 52000
26646 62376
26647 54112
26648 53048
26649 17185
26650 63264
26651 58149
26652 55080
26653 27425
26654 56681
26655 17192
26656 60192
26657 56865
26658 54060
26659 31233
26660 56888
26661 16933
26662 17176
26663 58144
26664 62113
26665 54056
26666 25376
26667 53033
26668 16672
26669 27392
26670 54056
26671 62437
26672 27425
26673 27432
26674 58272
26675 10080
26676 54821
26677 25384
26678 29592
26679 62312
26680 49509
26681 53605
26682 11797
26683 25480
26684 61797
26685 49921
26686 27552
26687 62373
26688 60201
26689 25384
26690 17184
26691 56681
26692 25512
26693 56681
26694 50985
26695 61797
26696 56681
26697 49445
26698 56617
26699 55073
26700 49509
26701 51968
26702 49953
26703 25352
26704 19232
26705 49509
26706 25385
26707 53600
26708 56681
26709 25576
26710 17185
26711 54048
26712 25508
26713 28521
26714 27393
26715 27528
26716 56864
26717 53541
26718 58276
26719 65384
26720 57193
26721 56881
26722 63336
26723 25504
26724 56681
26725 28456
26726 53813
26727 52008
26728 53808
26729 61796
26730 56681
26731 57828
26732 50984
26733 25352
26734 63265
26735 58144
26736 58144
26737 17184
26738 58144
26739 49961
26740 62360
26741 19328
26742 49952
26743 17189
26744 64865
26745 19352
26746 54065
26747 57193
26748 25368
26749 52008
26750 19240
26751 54057
26752 58144
26753 20257
26754 58209
26755 32289
26756 27560
26757 65377
26758 55080
26759 25576
26760 33061
26761 33061
26762 56881
26763 55096
26764 49445
26765 52008
26766 53545
26767 49968
26768 56889
26769 29672
26770 58145
26771 25512
26772 17168
26773 54840
26774 10017
26775 25384
26776 53541
26777 17184
26778 25377
26779 49509
26780 53605
26781 10157
26782 53604
26783 49952
26784 56064
26785 27424
26786 25440
26787 52000
26788 57128
26789 58144
26790 19232
26791 56088
26792 25504
26793 55145
26794 17185
26795 56417
26796 49508
26797 25496
26798 58144
26799 25480
26800 29603
26801 51968
26802 58145
26803 17152
26804 49572
26805 56681
26806 54056
26807 49444
26808 19201
26809 54048
26810 27520
26811 57192
26812 40484
26813 25368
26814 65320
26815 11813
26816 55073
26817 25507
26818 50984
26819 58145
26820 61804
26821 2328
26822 58145
26823 58144
26824 65384
26825 25472
26826 19233
26827 49960
26828 25384
26829 25441
26830 54048
26831 19384
26832 19208
26833 19209
26834 59168
26835 54833
26836 27424
26837 63265
26838 64289
26839 25488
26840 63457
26841 56088
26842 56681
26843 55072
26844 53024
26845 50976
26846 53809
26847 58208
26848 25440
26849 53944
26850 11797
26851 19224
26852 49960
26853 2970
26854 27424
26855 62368
26856 49921
26857 49953
26858 25512
26859 63336
26860 58208
26861 25376
26862 52000
26863 27424
26864 54049
26865 27432
26866 58152
26867 50016
26868 49453
26869 62305
26870 53604
26871 56681
26872 61797
26873 805
26874 49505
26875 28449
26876 57700
26877 54056
26878 49504
26879 58112
26880 58272
26881 17184
26882 62369
26883 50977
26884 19240
26885 56681
26886 56617
26887 49920
26888 25376
26889 63336
26890 61792
26891 25440
26892 54048
26893 25512
26894 49929
26895 50024
26896 49952
26897 56681
26898 55081
26899 25352
26900 19232
26901 54024
26902 3433
26903 59169
26904 62371
26905 49928
26906 58348
26907 17189
26908 27528
26909 56681
26910 27528
26911 53604
26912 49952
26913 27432
26914 49929
26915 17185
26916 56889
26917 58144
26918 56681
26919 52024
26920 62304
26921 25381
26922 49952
26923 56680
26924 49968
26925 49953
26926 16933
26927 62372
26928 20836
26929 56681
26930 49952
26931 49961
26932 56617
26933 57121
26934 17176
26935 49445
26936 57129
26937 53557
26938 54048
26939 17176
26940 25432
26941 20257
26942 25376
26943 27136
26944 25488
26945 62368
26946 49953
26947 54325
26948 2377
26949 2840
26950 49697
26951 52008
26952 2377
26953 2328
26954 2328
26955 17192
26956 18697
26957 49953
26958 52920
26959 25440
26960 51992
26961 19224
26962 54065
26963 56681
26964 27424
26965 64416
26966 61793
26967 63336
26968 49920
26969 17304
26970 64033
26971 17184
26972 10017
26973 824
26974 18765
26975 31521
26976 63272
26977 49960
26978 2825
26979 2377
26980 53600
26981 25370
26982 58136
26983 26393
26984 17184
26985 49953
26986 27416
26987 17192
26988 17304
26989 16736
26990 49920
26991 25345
26992 31521
26993 2840
26994 2377
26995 1888
26996 17306
26997 19209
26998 5984
26999 52920
27000 58217
27001 19224
27002 28456
27003 53605
27004 17184
27005 51985
27006 60193
27007 58276
27008 49944
27009 58144
27010 56888
27011 10021
27012 25498
27013 20233
27014 49952
27015 53605
27016 25376
27017 2376
27018 19208
27019 63329
27020 49697
27021 49952
27022 55856
27023 56065
27024 57696
27025 56088
27026 19225
27027 2840
27028 55585
27029 17189
27030 25360
27031 56097
27032 49952
27033 58144
27034 19233
27035 49920
27036 58128
27037 62249
27038 53025
27039 27392
27040 52000
27041 56681
27042 32257
27043 49928
27044 49960
27045 23329
27046 56681
27047 58145
27048 62368
27049 49961
27050 64129
27051 59232
27052 57701
27053 56681
27054 59233
27055 31233
27056 61792
27057 55073
27058 56673
27059 61216
27060 65385
27061 54049
27062 62241
27063 27456
27064 25480
27065 58280
27066 2381
27067 53541
27068 17152
27069 57128
27070 60193
27071 49509
27072 58145
27073 17185
27074 49952
27075 49562
27076 56889
27077 49953
27078 53605
27079 32273
27080 49969
27081 54053
27082 58113
27083 25377
27084 16741
27085 55081
27086 55096
27087 63265
27088 49445
27089 61797
27090 57121
27091 53285
27092 64296
27093 54053
27094 58144
27095 19240
27096 58145
27097 54056
27098 53605
27099 54048
27100 19233
27101 63336
27102 53605
27103 49952
27104 54633
27105 25376
27106 59177
27107 65321
27108 23336
27109 25344
27110 64865
27111 25448
27112 29600
27113 55093
27114 53549
27115 6409
27116 17184
27117 54048
27118 56673
27119 62380
27120 54056
27121 49952
27122 27425
27123 55081
27124 19240
27125 25512
27126 54049
27127 49960
27128 17184
27129 61217
27130 56097
27131 25504
27132 25512
27133 49961
27134 53557
27135 49504
27136 53564
27137 56673
27138 53604
27139 19240
27140 25472
27141 29672
27142 58121
27143 56881
27144 25376
27145 49564
27146 25376
27147 57796
27148 63329
27149 53284
27150 62240
27151 59169
27152 54049
27153 25360
27154 49953
27155 52009
27156 25345
27157 56681
27158 56673
27159 19233
27160 25512
27161 60193
27162 54840
27163 62371
27164 56892
27165 61797
27166 53605
27167 56617
27168 25514
27169 26401
27170 62371
27171 53605
27172 56888
27173 49509
27174 54048
27175 53540
27176 56881
27177 54833
27178 11797
27179 56681
27180 55841
27181 62248
27182 49969
27183 27392
27184 25580
27185 33125
27186 17184
27187 2456
27188 27392
27189 49509
27190 53605
27191 56681
27192 27393
27193 24932
27194 17248
27195 63457
27196 58144
27197 49444
27198 27496
27199 54064
27200 63265
27201 56673
27202 19233
27203 52009
27204 49953
27205 28457
27206 62392
27207 63273
27208 65384
27209 58144
27210 14253
27211 27433
27212 58144
27213 19201
27214 58337
27215 53605
27216 60961
27217 49952
27218 58337
27219 53600
27220 63336
27221 56681
27222 57828
27223 58144
27224 63265
27225 55081
27226 19209
27227 56681
27228 58113
27229 25377
27230 62304
27231 20264
27232 49952
27233 51969
27234 49936
27235 49504
27236 27425
27237 58153
27238 49953
27239 27424
27240 29608
27241 58208
27242 27425
27243 54817
27244 49953
27245 49953
27246 25560
27247 52000
27248 58145
27249 49957
27250 54048
27251 53308
27252 49936
27253 19232
27254 58145
27255 27552
27256 56681
27257 62376
27258 25376
27259 19201
27260 49505
27261 49953
27262 49509
27263 49957
27264 49921
27265 49953
27266 65057
27267 58144
27268 25068
27269 62392
27270 58340
27271 27424
27272 37221
27273 32257
27274 25472
27275 49509
27276 62249
27277 54112
27278 11797
27279 29472
27280 52008
27281 27425
27282 58144
27283 52001
27284 57121
27285 37157
27286 49952
27287 52001
27288 27400
27289 17176
27290 62376
27291 17184
27292 19232
27293 58144
27294 60201
27295 54048
27296 52000
27297 56097
27298 25377
27299 25580
27300 28177
27301 56673
27302 54057
27303 27400
27304 50016
27305 58145
27306 56881
27307 25580
27308 2848
27309 63137
27310 53605
27311 32257
27312 25377
27313 60192
27314 56880
27315 58144
27316 60192
27317 52024
27318 58145
27319 58145
27320 25480
27321 26401
27322 2329
27323 58145
27324 17184
27325 54052
27326 53604
27327 51992
27328 60192
27329 25512
27330 49968
27331 60161
27332 56889
27333 49952
27334 55080
27335 55080
27336 56673
27337 52001
27338 25376
27339 25472
27340 25472
27341 49953
27342 49952
27343 56104
27344 64416
27345 17153
27346 25472
27347 49445
27348 25504
27349 2381
27350 54048
27351 49952
27352 55144
27353 53601
27354 25496
27355 65313
27356 61793
27357 25376
27358 62240
27359 62368
27360 49952
27361 54064
27362 54048
27363 53541
27364 56681
27365 49960
27366 59176
27367 25384
27368 10029
27369 49952
27370 17160
27371 25384
27372 58272
27373 56681
27374 27392
27375 17256
27376 27456
27377 62241
27378 54120
27379 54057
27380 58144
27381 49952
27382 56089
27383 53809
27384 25384
27385 59168
27386 55077
27387 56673
27388 56673
27389 57129
27390 49957
27391 62248
27392 63471
27393 56881
27394 19241
27395 62305
27396 56681
27397 25507
27398 10149
27399 57701
27400 56889
27401 53605
27402 53792
27403 54840
27404 25441
27405 55096
27406 10029
27407 53541
27408 49960
27409 50977
27410 25385
27411 25560
27412 49445
27413 54049
27414 59176
27415 19352
27416 53604
27417 25376
27418 56681
27419 49953
27420 17184
27421 25376
27422 856
27423 26153
27424 54841
27425 29544
27426 49961
27427 62369
27428 19233
27429 58113
27430 55096
27431 58145
27432 25528
27433 17153
27434 52001
27435 56065
27436 25377
27437 55073
27438 26409
27439 58144
27440 56609
27441 49440
27442 19233
27443 53605
27444 59169
27445 60193
27446 53604
27447 56120
27448 61793
27449 56681
27450 54048
27451 25496
27452 56865
27453 27425
27454 63272
27455 55080
27456 53601
27457 54048
27458 19200
27459 63265
27460 54049
27461 55841
27462 19233
27463 58337
27464 54057
27465 49953
27466 19232
27467 25512
27468 16740
27469 49444
27470 49508
27471 63265
27472 62444
27473 54040
27474 56096
27475 58213
27476 19248
27477 49952
27478 54837
27479 17189
27480 53536
27481 53540
27482 49953
27483 53604
27484 31377
27485 25376
27486 62241
27487 58144
27488 62113
27489 58348
27490 50977
27491 27280
27492 60320
27493 17185
27494 55073
27495 60256
27496 19240
27497 54821
27498 54056
27499 53605
27500 52008
27501 27560
27502 17184
27503 53605
27504 28177
27505 58144
27506 49509
27507 55080
27508 17185
27509 28177
27510 63401
27511 23329
27512 57701
27513 25440
27514 27424
27515 58145
27516 25441
27517 27392
27518 25377
27519 19200
27520 25440
27521 56681
27522 58145
27523 62437
27524 29608
27525 2848
27526 25377
27527 17192
27528 49944
27529 62381
27530 25377
27531 25376
27532 56088
27533 58145
27534 49957
27535 58152
27536 50024
27537 25509
27538 55080
27539 49505
27540 29608
27541 49953
27542 11797
27543 53944
27544 63715
27545 53608
27546 61861
27547 25472
27548 49952
27549 54633
27550 54048
27551 54048
27552 58145
27553 49504
27554 54056
27555 19233
27556 63288
27557 54112
27558 65385
27559 55864
27560 56681
27561 55096
27562 56681
27563 57129
27564 53793
27565 25504
27566 49504
27567 52001
27568 54056
27569 53025
27570 54200
27571 52000
27572 61224
27573 65312
27574 55073
27575 58145
27576 27400
27577 53541
27578 25496
27579 56889
27580 17184
27581 27424
27582 49504
27583 59168
27584 54833
27585 63457
27586 52001
27587 52001
27588 25472
27589 26472
27590 49952
27591 53605
27592 53557
27593 59297
27594 58113
27595 49953
27596 56681
27597 53600
27598 56681
27599 54065
27600 49953
27601 25576
27602 54056
27603 53608
27604 54048
27605 25480
27606 56888
27607 60160
27608 58152
27609 49952
27610 53025
27611 19200
27612 57120
27613 54056
27614 2377
27615 2393
27616 56617
27617 63403
27618 357
27619 2409
27620 10029
27621 29624
27622 51000
27623 26408
27624 19209
27625 14176
27626 17184
27627 1888
27628 54841
27629 65385
27630 58145
27631 2377
27632 17306
27633 32257
27634 17184
27635 54112
27636 19208
27637 49517
27638 14176
27639 28457
27640 21029
27641 2840
27642 19785
27643 5984
27644 17176
27645 19328
27646 26401
27647 27392
27648 57701
27649 25344
27650 52000
27651 19233
27652 19224
27653 19225
27654 50977
27655 53604
27656 56417
27657 51000
27658 27152
27659 2393
27660 25432
27661 65025
27662 56673
27663 19232
27664 49960
27665 25509
27666 25370
27667 17178
27668 59176
27669 25496
27670 58145
27671 25496
27672 2377
27673 53608
27674 60200
27675 25376
27676 56064
27677 25576
27678 54048
27679 19785
27680 2825
27681 54024
27682 10017
27683 19240
27684 24932
27685 54048
27686 52009
27687 53944
27688 19241
27689 25377
27690 54048
27691 32257
27692 25504
27693 51977
27694 54072
27695 49953
27696 25496
27697 49604
27698 2377
27699 2377
27700 18761
27701 60193
27702 63403
27703 57193
27704 54120
27705 49445
27706 61804
27707 2329
27708 54048
27709 27560
27710 27393
27711 17184
27712 56104
27713 54025
27714 54049
27715 17184
27716 17184
27717 25480
27718 54049
27719 53605
27720 56881
27721 49504
27722 49976
27723 50976
27724 20233
27725 53032
27726 59168
27727 16736
27728 58209
27729 19233
27730 61797
27731 19232
27732 19208
27733 53032
27734 56681
27735 49953
27736 2381
27737 25384
27738 49953
27739 58145
27740 62368
27741 29544
27742 2381
27743 25448
27744 49952
27745 21281
27746 25376
27747 25376
27748 57193
27749 55080
27750 57696
27751 50104
27752 56417
27753 53605
27754 62248
27755 60169
27756 32289
27757 25376
27758 56104
27759 19224
27760 56681
27761 54048
27762 56617
27763 62376
27764 60193
27765 55081
27766 63264
27767 16736
27768 53605
27769 58213
27770 56881
27771 56865
27772 54049
27773 49960
27774 37157
27775 52001
27776 54048
27777 27433
27778 58208
27779 55073
27780 54056
27781 60200
27782 49508
27783 61224
27784 25472
27785 55073
27786 58153
27787 54048
27788 56681
27789 54049
27790 65377
27791 19224
27792 55077
27793 56681
27794 25384
27795 54837
27796 54565
27797 63264
27798 58208
27799 54633
27800 49505
27801 58112
27802 62312
27803 53604
27804 63273
27805 57193
27806 54056
27807 58152
27808 49441
27809 31249
27810 24932
27811 57129
27812 54056
27813 2377
27814 19232
27815 32273
27816 27424
27817 63329
27818 57185
27819 17185
27820 53540
27821 56681
27822 24329
27823 56673
27824 25512
27825 357
27826 49564
27827 54049
27828 53557
27829 27425
27830 25376
27831 53285
27832 63273
27833 49445
27834 2377
27835 19241
27836 53601
27837 49445
27838 52008
27839 52000
27840 53605
27841 37229
27842 18209
27843 50977
27844 58145
27845 63403
27846 31233
27847 55832
27848 27393
27849 52008
27850 56617
27851 28448
27852 49953
27853 13997
27854 54841
27855 2377
27856 61216
27857 19224
27858 49953
27859 19232
27860 17304
27861 64353
27862 53605
27863 25376
27864 53541
27865 58112
27866 49920
27867 53308
27868 49445
27869 56681
27870 58144
27871 56681
27872 49445
27873 63457
27874 25345
27875 19328
27876 63265
27877 19201
27878 56881
27879 57129
27880 19328
27881 25576
27882 56681
27883 55073
27884 25345
27885 54048
27886 53605
27887 56681
27888 49952
27889 17168
27890 26401
27891 49952
27892 60169
27893 29544
27894 25440
27895 25376
27896 61861
27897 62444
27898 25377
27899 28448
27900 56617
27901 49953
27902 62444
27903 49952
27904 64416
27905 52000
27906 19232
27907 33061
27908 27616
27909 54049
27910 65377
27911 63272
27912 56673
27913 52001
27914 49952
27915 11793
27916 33061
27917 58216
27918 52008
27919 27425
27920 49960
27921 25488
27922 27393
27923 62368
27924 58145
27925 19233
27926 19224
27927 56681
27928 27616
27929 27536
27930 25512
27931 25496
27932 16748
27933 61797
27934 33061
27935 64001
27936 56617
27937 19240
27938 25345
27939 65313
27940 58145
27941 53600
27942 25568
27943 49957
27944 53609
27945 25376
27946 25344
27947 49928
27948 25377
27949 57700
27950 53025
27951 58213
27952 54112
27953 55585
27954 49509
27955 25385
27956 27544
27957 49957
27958 55096
27959 62368
27960 27496
27961 57121
27962 18209
27963 61797
27964 56096
27965 19208
27966 17189
27967 25496
27968 57121
27969 53541
27970 55840
27971 58145
27972 19200
27973 52009
27974 54048
27975 55080
27976 25440
27977 62241
27978 55077
27979 26401
27980 62241
27981 17185
27982 58280
27983 58145
27984 49953
27985 19233
27986 25504
27987 60161
27988 56880
27989 49952
27990 58216
27991 17185
27992 58144
27993 27488
27994 58112
27995 58145
27996 59177
27997 25516
27998 49573
27999 25384
28000 62368
28001 54057
28002 54049
28003 25384
28004 49953
28005 58144
28006 19216
28007 65384
28008 65313
28009 56416
28010 49509
28011 25504
28012 60065
28013 54064
28014 58113
28015 54056
28016 54056
28017 53605
28018 33125
28019 55585
28020 49512
28021 27488
28022 58152
28023 53541
28024 54840
28025 49920
28026 56889
28027 19232
28028 25504
28029 17185
28030 56104
28031 57696
28032 61861
28033 54056
28034 56881
28035 27425
28036 64873
28037 49952
28038 63329
28039 55841
28040 25488
28041 27264
28042 56681
28043 17189
28044 31377
28045 25576
28046 54072
28047 58120
28048 27400
28049 58280
28050 49960
28051 27432
28052 17192
28053 19224
28054 54049
28055 54056
28056 54565
28057 49445
28058 52009
28059 65121
28060 53793
28061 25377
28062 25344
28063 60256
28064 54049
28065 19241
28066 17185
28067 19232
28068 60129
28069 58216
28070 25368
28071 54040
28072 56881
28073 57121
28074 53605
28075 50072
28076 55808
28077 49509
28078 53605
28079 50016
28080 61217
28081 17152
28082 56888
28083 25472
28084 25352
28085 17184
28086 27425
28087 56096
28088 27424
28089 59168
28090 17152
28091 57701
28092 49509
28093 25384
28094 49960
28095 25504
28096 53540
28097 49952
28098 56681
28099 56881
28100 56681
28101 25512
28102 62240
28103 25488
28104 49504
28105 56681
28106 61805
28107 59233
28108 25505
28109 56064
28110 25376
28111 49952
28112 49960
28113 49509
28114 27424
28115 17193
28116 61216
28117 49952
28118 56681
28119 27392
28120 19240
28121 49953
28122 25344
28123 27424
28124 56105
28125 56681
28126 17185
28127 63841
28128 61216
28129 56681
28130 64873
28131 25381
28132 59169
28133 11793
28134 53605
28135 54040
28136 49968
28137 54056
28138 61797
28139 58145
28140 25516
28141 53605
28142 65385
28143 58112
28144 59169
28145 19328
28146 53605
28147 29592
28148 19233
28149 52001
28150 27489
28151 55080
28152 28177
28153 49508
28154 54049
28155 49953
28156 54049
28157 58112
28158 54056
28159 62241
28160 58209
28161 49952
28162 25376
28163 54049
28164 18209
28165 27425
28166 54817
28167 55072
28168 53544
28169 49952
28170 53541
28171 49953
28172 25576
28173 27393
28174 64873
28175 25576
28176 25345
28177 54049
28178 17184
28179 53600
28180 54053
28181 62380
28182 53793
28183 56617
28184 63265
28185 53605
28186 54112
28187 53541
28188 59177
28189 25512
28190 54048
28191 59168
28192 50088
28193 52008
28194 63457
28195 52016
28196 58145
28197 60192
28198 53797
28199 55081
28200 54841
28201 52000
28202 65313
28203 55081
28204 54048
28205 54064
28206 19240
28207 25480
28208 16740
28209 25504
28210 53605
28211 58144
28212 60192
28213 54060
28214 61805
28215 52001
28216 49697
28217 49960
28218 61217
28219 53605
28220 19200
28221 19232
28222 58144
28223 25376
28224 53605
28225 49504
28226 56609
28227 56097
28228 53600
28229 58144
28230 20837
28231 56681
28232 59169
28233 62112
28234 59176
28235 49504
28236 53605
28237 64032
28238 61805
28239 54049
28240 60168
28241 65377
28242 49952
28243 56120
28244 27528
28245 49953
28246 49636
28247 25440
28248 27408
28249 54837
28250 19241
28251 53604
28252 25516
28253 17184
28254 56881
28255 62264
28256 65385
28257 60193
28258 61861
28259 25480
28260 64416
28261 25480
28262 53025
28263 53541
28264 31377
28265 27400
28266 53540
28267 49952
28268 62241
28269 56097
28270 27489
28271 56680
28272 27488
28273 49952
28274 62312
28275 25344
28276 27393
28277 25377
28278 49937
28279 25377
28280 49509
28281 2329
28282 2329
28283 52152
28284 2392
28285 56889
28286 2392
28287 2329
28288 18697
28289 25377
28290 2970
28291 55096
28292 26401
28293 7497
28294 49944
28295 53605
28296 53541
28297 62376
28298 26409
28299 62379
28300 51000
28301 49944
28302 49957
28303 27153
28304 61217
28305 26408
28306 24932
28307 10025
28308 17160
28309 17200
28310 10021
28311 54056
28312 25498
28313 19248
28314 26409
28315 37157
28316 49953
28317 19224
28318 25368
28319 49504
28320 58153
28321 2328
28322 56416
28323 49596
28324 56673
28325 2393
28326 54057
28327 16794
28328 54625
28329 49961
28330 54048
28331 27392
28332 54048
28333 19224
28334 53545
28335 49509
28336 18761
28337 28177
28338 25376
28339 27393
28340 17176
28341 19240
28342 49445
28343 24932
28344 56880
28345 2377
28346 62112
28347 10025
28348 58144
28349 49952
28350 52001
28351 51968
28352 25360
28353 58208
28354 24932
28355 25352
28356 25376
28357 25448
28358 62372
28359 27392
28360 27424
28361 18209
28362 56681
28363 27264
28364 62372
28365 61797
28366 53605
28367 63273
28368 52009
28369 54309
28370 27425
28371 55073
28372 49509
28373 27400
28374 32257
28375 53605
28376 65385
28377 54049
28378 25508
28379 25377
28380 27553
28381 25345
28382 2393
28383 65384
28384 50976
28385 25576
28386 25376
28387 49953
28388 55144
28389 56881
28390 49953
28391 19201
28392 25376
28393 60168
28394 49960
28395 56104
28396 63272
28397 2313
28398 52009
28399 53601
28400 27424
28401 27425
28402 55080
28403 56673
28404 52001
28405 53541
28406 19721
28407 50016
28408 18208
28409 32257
28410 49960
28411 57120
28412 65384
28413 57120
28414 10033
28415 54053
28416 57697
28417 58145
28418 25512
28419 25376
28420 61224
28421 58144
28422 17160
28423 56097
28424 49952
28425 56888
28426 54072
28427 57185
28428 50985
28429 54057
28430 56673
28431 25505
28432 49509
28433 10017
28434 58112
28435 50977
28436 27488
28437 58280
28438 49953
28439 54049
28440 49509
28441 801
28442 61925
28443 49960
28444 53541
28445 57193
28446 58209
28447 25377
28448 56681
28449 50016
28450 49952
28451 17184
28452 19232
28453 19785
28454 52008
28455 56120
28456 57836
28457 62241
28458 20257
28459 56065
28460 49445
28461 59168
28462 29480
28463 2392
28464 25384
28465 25508
28466 28417
28467 53813
28468 51969
28469 53813
28470 54048
28471 28417
28472 49509
28473 55864
28474 2376
28475 54048
28476 25345
28477 19209
28478 49960
28479 58216
28480 49953
28481 55080
28482 62241
28483 25376
28484 52000
28485 27552
28486 25376
28487 19232
28488 64288
28489 25504
28490 55072
28491 25376
28492 28448
28493 25504
28494 56881
28495 26401
28496 53541
28497 21281
28498 60200
28499 61797
28500 55073
28501 58153
28502 17153
28503 49952
28504 51969
28505 49697
28506 25480
28507 54049
28508 25480
28509 56097
28510 25384
28511 52001
28512 62241
28513 50977
28514 54049
28515 50017
28516 3433
28517 10157
28518 61793
28519 17157
28520 65313
28521 61224
28522 17152
28523 27424
28524 25376
28525 53609
28526 52001
28527 27392
28528 49961
28529 54040
28530 2329
28531 49956
28532 17152
28533 33061
28534 53604
28535 65385
28536 60320
28537 25528
28538 29672
28539 19241
28540 60201
28541 60193
28542 27425
28543 53613
28544 27425
28545 58144
28546 49953
28547 55809
28548 27137
28549 53285
28550 26401
28551 54048
28552 56681
28553 62368
28554 58145
28555 33061
28556 56865
28557 25384
28558 19241
28559 49953
28560 56681
28561 64865
28562 62248
28563 29328
28564 52001
28565 17185
28566 56681
28567 25528
28568 25376
28569 64161
28570 49509
28571 2848
28572 49960
28573 20257
28574 56096
28575 56617
28576 58112
28577 53541
28578 61793
28579 25377
28580 27528
28581 53536
28582 63400
28583 25512
28584 49444
28585 53600
28586 49505
28587 55080
28588 50976
28589 56097
28590 27425
28591 50977
28592 58144
28593 54821
28594 19200
28595 54048
28596 53613
28597 53608
28598 55080
28599 54048
28600 49953
28601 54064
28602 25572
28603 56065
28604 37229
28605 27424
28606 25580
28607 16740
28608 26401
28609 25376
28610 54056
28611 53308
28612 64416
28613 50016
28614 25472
28615 53797
28616 49440
28617 63272
28618 62113
28619 54048
28620 27425
28621 61224
28622 49953
28623 54048
28624 54073
28625 56096
28626 52920
28627 58152
28628 31521
28629 50017
28630 57696
28631 58152
28632 24353
28633 62264
28634 63336
28635 27425
28636 28449
28637 56065
28638 27393
28639 33061
28640 55080
28641 58144
28642 49952
28643 49952
28644 61225
28645 65385
28646 27528
28647 62248
28648 63457
28649 19233
28650 25344
28651 49944
28652 17152
28653 27401
28654 53605
28655 27528
28656 63288
28657 58336
28658 58145
28659 56681
28660 58136
28661 33061
28662 55080
28663 19224
28664 49960
28665 25440
28666 25504
28667 56681
28668 25480
28669 61797
28670 62241
28671 63265
28672 59233
28673 49961
28674 54065
28675 49504
28676 25384
28677 56105
28678 53025
28679 57121
28680 49445
28681 27432
28682 16740
28683 29624
28684 25472
28685 27425
28686 56673
28687 49960
28688 17185
28689 49928
28690 56880
28691 58280
28692 56889
28693 64289
28694 53605
28695 58216
28696 58144
28697 56097
28698 60961
28699 61797
28700 49453
28701 19233
28702 19217
28703 49952
28704 57836
28705 19200
28706 49920
28707 53541
28708 58272
28709 25384
28710 16736
28711 24936
28712 2377
28713 28177
28714 57192
28715 56064
28716 53605
28717 27536
28718 17184
28719 25376
28720 49952
28721 52000
28722 56680
28723 54040
28724 60201
28725 6409
28726 17153
28727 27432
28728 57129
28729 25441
28730 58208
28731 17184
28732 17192
28733 25440
28734 54056
28735 27424
28736 58280
28737 29624
28738 53604
28739 62240
28740 54072
28741 58152
28742 60264
28743 60193
28744 32273
28745 49508
28746 27528
28747 60193
28748 19216
28749 25472
28750 58144
28751 25345
28752 21281
28753 58145
28754 25352
28755 19209
28756 59169
28757 27488
28758 56681
28759 56681
28760 29608
28761 52000
28762 56681
28763 54049
28764 27424
28765 19208
28766 25377
28767 54837
28768 55073
28769 25576
28770 56681
28771 54840
28772 49929
28773 54057
28774 49516
28775 54040
28776 27424
28777 17185
28778 54200
28779 19233
28780 49956
28781 53605
28782 52000
28783 25376
28784 58336
28785 57121
28786 58152
28787 58128
28788 54056
28789 53605
28790 63336
28791 17184
28792 19233
28793 58113
28794 54056
28795 33125
28796 25377
28797 64865
28798 49957
28799 19208
28800 60160
28801 58112
28802 29480
28803 53605
28804 51744
28805 53540
28806 25440
28807 61797
28808 65377
28809 54060
28810 19200
28811 49960
28812 52000
28813 60192
28814 55856
28815 55080
28816 25384
28817 53813
28818 56889
28819 57701
28820 49960
28821 56105
28822 49976
28823 60192
28824 58144
28825 62240
28826 65313
28827 49504
28828 54112
28829 62113
28830 56681
28831 25377
28832 53604
28833 57128
28834 49953
28835 29480
28836 53025
28837 56096
28838 54817
28839 25504
28840 62264
28841 49960
28842 53601
28843 25528
28844 62376
28845 57185
28846 57836
28847 16741
28848 58144
28849 56681
28850 61797
28851 56096
28852 49953
28853 25496
28854 56681
28855 53605
28856 28449
28857 53540
28858 57193
28859 58136
28860 49953
28861 56673
28862 54056
28863 62381
28864 56681
28865 57129
28866 25516
28867 25376
28868 56681
28869 49953
28870 58280
28871 56681
28872 58144
28873 49509
28874 62369
28875 49960
28876 59169
28877 53557
28878 26472
28879 49928
28880 25504
28881 17152
28882 25384
28883 57128
28884 52000
28885 54048
28886 28449
28887 19232
28888 19233
28889 54057
28890 49952
28891 57193
28892 19224
28893 52001
28894 49944
28895 2329
28896 2392
28897 49953
28898 60193
28899 58113
28900 6473
28901 61797
28902 19288
28903 28177
28904 14176
28905 19273
28906 29624
28907 32273
28908 25512
28909 60193
28910 19352
28911 26409
28912 56681
28913 54056
28914 52920
28915 10088
28916 18944
28917 19224
28918 2377
28919 27424
28920 56417
28921 51000
28922 17185
28923 62369
28924 58112
28925 25434
28926 2393
28927 25360
28928 25512
28929 55840
28930 2328
28931 17248
28932 25376
28933 17201
28934 58145
28935 53557
28936 64865
28937 4984
28938 25370
28939 62249
28940 49504
28941 10088
28942 53605
28943 18713
28944 2329
28945 25562
28946 65120
28947 10029
28948 29600
28949 65057
28950 2329
28951 12065
28952 49952
28953 49509
28954 2840
28955 19208
28956 2377
28957 58113
28958 63329
28959 17189
28960 20264
28961 16856
28962 19232
28963 27433
28964 1829
28965 63585
28966 53793
28967 25377
28968 19209
28969 27425
28970 27425
28971 56681
28972 64289
28973 27432
28974 17176
28975 49952
28976 52000
28977 23057
28978 19209
28979 16933
28980 18765
28981 65377
28982 49636
28983 56096
28984 19224
28985 19288
28986 25368
28987 3849
28988 55072
28989 6409
28990 19241
28991 17184
28992 2329
28993 27425
28994 19217
28995 54817
28996 27136
28997 25448
28998 25232
28999 61217
29000 17304
29001 56089
29002 27424
29003 49952
29004 57765
29005 2392
29006 26401
29007 26145
29008 49944
29009 2970
29010 25385
29011 58145
29012 54057
29013 58208
29014 56088
29015 17240
29016 25377
29017 55073
29018 60192
29019 49961
29020 2840
29021 17192
29022 19208
29023 54057
29024 55081
29025 27393
29026 50976
29027 54049
29028 26400
29029 58112
29030 53540
29031 52008
29032 16860
29033 50016
29034 56065
29035 27424
29036 63336
29037 49952
29038 31233
29039 17184
29040 19225
29041 25441
29042 49952
29043 58152
29044 17185
29045 60193
29046 32257
29047 50977
29048 19233
29049 27392
29050 27425
29051 18945
29052 52001
29053 19201
29054 49508
29055 23817
29056 64865
29057 51000
29058 65384
29059 52008
29060 54048
29061 57192
29062 27425
29063 55081
29064 49960
29065 64033
29066 2841
29067 25580
29068 27424
29069 27424
29070 25504
29071 53284
29072 56864
29073 26472
29074 58208
29075 56681
29076 54040
29077 16741
29078 25376
29079 57192
29080 49564
29081 53600
29082 7497
29083 53605
29084 62241
29085 54048
29086 53600
29087 62241
29088 25512
29089 31233
29090 58112
29091 50984
29092 56681
29093 65385
29094 63337
29095 56889
29096 49960
29097 62368
29098 57129
29099 63288
29100 25376
29101 54056
29102 17185
29103 58153
29104 25441
29105 56104
29106 54837
29107 49920
29108 57129
29109 54056
29110 60256
29111 27528
29112 25384
29113 19201
29114 57129
29115 26464
29116 19233
29117 25472
29118 25488
29119 58144
29120 25376
29121 49952
29122 10021
29123 56881
29124 65385
29125 56088
29126 25576
29127 17185
29128 53605
29129 27529
29130 55081
29131 58120
29132 16796
29133 27400
29134 63336
29135 53809
29136 54625
29137 27489
29138 25504
29139 56073
29140 56681
29141 56681
29142 23329
29143 65312
29144 58112
29145 57144
29146 55841
29147 25496
29148 57121
29149 27552
29150 17157
29151 55072
29152 2522
29153 27392
29154 2377
29155 57129
29156 49952
29157 60200
29158 57128
29159 65384
29160 27520
29161 25385
29162 25377
29163 1829
29164 53541
29165 25377
29166 57193
29167 25480
29168 27425
29169 58280
29170 27137
29171 56681
29172 56881
29173 54049
29174 56673
29175 2329
29176 805
29177 53541
29178 57097
29179 6409
29180 25505
29181 53285
29182 64296
29183 52000
29184 6409
29185 25488
29186 57129
29187 26401
29188 56881
29189 57836
29190 25352
29191 17152
29192 49445
29193 49961
29194 58144
29195 57701
29196 25496
29197 56096
29198 19233
29199 19233
29200 27424
29201 56881
29202 62379
29203 33125
29204 56681
29205 50976
29206 54309
29207 49509
29208 49968
29209 17188
29210 14184
29211 49960
29212 53604
29213 49509
29214 25368
29215 19224
29216 27424
29217 62241
29218 27392
29219 27424
29220 62248
29221 52000
29222 19233
29223 51976
29224 55840
29225 58216
29226 49960
29227 62376
29228 19233
29229 56097
29230 62304
29231 19208
29232 49952
29233 50976
29234 19224
29235 56377
29236 56681
29237 2848
29238 20264
29239 16740
29240 54048
29241 49952
29242 25377
29243 56681
29244 53604
29245 58152
29246 25344
29247 56681
29248 17193
29249 52000
29250 19248
29251 11793
29252 25441
29253 25376
29254 54056
29255 17184
29256 58145
29257 53541
29258 18209
29259 58144
29260 53605
29261 49952
29262 25377
29263 61217
29264 49952
29265 17192
29266 64289
29267 60193
29268 58273
29269 53605
29270 18208
29271 53544
29272 50984
29273 33125
29274 17184
29275 56617
29276 54048
29277 52000
29278 31521
29279 53605
29280 52000
29281 49921
29282 25572
29283 25512
29284 52008
29285 53605
29286 61797
29287 25344
29288 49945
29289 54064
29290 27393
29291 56681
29292 58209
29293 56105
29294 25232
29295 49952
29296 54072
29297 53285
29298 54821
29299 54840
29300 49509
29301 58213
29302 25496
29303 57193
29304 49445
29305 64416
29306 25472
29307 19201
29308 14177
29309 17153
29310 18697
29311 27528
29312 53308
29313 19201
29314 27401
29315 49952
29316 52001
29317 25385
29318 62304
29319 53600
29320 25384
29321 58208
29322 62444
29323 63336
29324 25385
29325 58144
29326 49445
29327 53944
29328 63272
29329 28456
29330 19240
29331 27425
29332 50088
29333 25376
29334 63337
29335 49956
29336 25376
29337 25344
29338 56097
29339 3401
29340 29600
29341 17192
29342 25441
29343 49952
29344 28520
29345 19233
29346 29472
29347 25528
29348 53813
29349 54048
29350 53605
29351 53793
29352 51968
29353 62305
29354 49508
29355 54048
29356 25381
29357 19232
29358 56681
29359 25512
29360 54049
29361 53537
29362 25440
29363 54053
29364 52000
29365 53537
29366 58112
29367 33125
29368 62437
29369 57828
29370 56089
29371 25352
29372 19217
29373 25344
29374 58209
29375 58112
29376 49509
29377 19225
29378 19233
29379 25512
29380 62368
29381 357
29382 54841
29383 53541
29384 53604
29385 63328
29386 53793
29387 27528
29388 19232
29389 55080
29390 25384
29391 19209
29392 49953
29393 27433
29394 49953
29395 25512
29396 25440
29397 62113
29398 55093
29399 19233
29400 29676
29401 58209
29402 29480
29403 49508
29404 27264
29405 63329
29406 50088
29407 25472
29408 63272
29409 19201
29410 17184
29411 27424
29412 27553
29413 27560
29414 56681
29415 49445
29416 56104
29417 59169
29418 57144
29419 54120
29420 27560
29421 56681
29422 57193
29423 49976
29424 49953
29425 58217
29426 62392
29427 58208
29428 21288
29429 56681
29430 57128
29431 65384
29432 17168
29433 60192
29434 56681
29435 55864
29436 17184
29437 56880
29438 19224
29439 25384
29440 56673
29441 18209
29442 56888
29443 27296
29444 49509
29445 56416
29446 24065
29447 53605
29448 56097
29449 26401
29450 25345
29451 49952
29452 51000
29453 27464
29454 60201
29455 56105
29456 25353
29457 56681
29458 58145
29459 49952
29460 49952
29461 25376
29462 27425
29463 58216
29464 23817
29465 64865
29466 17185
29467 58145
29468 25528
29469 52000
29470 49445
29471 63329
29472 63265
29473 65313
29474 64033
29475 54064
29476 53944
29477 19233
29478 55081
29479 52001
29480 27432
29481 54040
29482 60169
29483 19240
29484 57193
29485 58144
29486 62440
29487 25368
29488 56681
29489 51968
29490 49952
29491 17153
29492 26409
29493 25472
29494 19216
29495 27425
29496 25376
29497 17169
29498 58120
29499 50016
29500 25568
29501 56889
29502 52008
29503 27424
29504 49505
29505 16737
29506 53541
29507 63273
29508 58145
29509 62240
29510 19233
29511 5992
29512 56681
29513 49952
29514 50976
29515 61797
29516 52001
29517 49953
29518 2848
29519 58272
29520 53601
29521 19233
29522 27560
29523 29624
29524 56681
29525 49960
29526 58277
29527 63137
29528 29608
29529 58209
29530 57836
29531 49953
29532 65385
29533 54048
29534 25344
29535 49953
29536 19240
29537 54056
29538 54309
29539 53605
29540 49976
29541 49952
29542 57836
29543 64416
29544 56609
29545 54837
29546 54056
29547 54112
29548 49509
29549 2377
29550 49509
29551 23881
29552 53613
29553 49960
29554 58272
29555 53797
29556 56104
29557 56681
29558 49944
29559 58112
29560 19217
29561 27488
29562 49508
29563 49332
29564 55096
29565 58144
29566 19232
29567 59232
29568 53608
29569 56673
29570 49960
29571 62240
29572 52008
29573 52001
29574 58209
29575 49952
29576 50017
29577 59232
29578 49952
29579 55096
29580 2393
29581 52001
29582 25512
29583 25377
29584 25472
29585 56889
29586 62309
29587 27488
29588 49952
29589 17185
29590 53605
29591 58144
29592 54112
29593 49960
29594 58216
29595 61217
29596 54048
29597 55077
29598 62240
29599 17184
29600 63265
29601 54048
29602 53605
29603 19200
29604 54309
29605 60201
29606 63841
29607 19233
29608 18761
29609 62433
29610 58272
29611 54049
29612 60192
29613 54064
29614 53605
29615 19233
29616 16796
29617 57129
29618 20264
29619 17200
29620 63264
29621 59168
29622 54049
29623 54049
29624 33061
29625 27392
29626 17169
29627 58145
29628 49953
29629 63273
29630 56681
29631 23328
29632 25488
29633 53944
29634 56881
29635 56681
29636 25496
29637 52001
29638 63471
29639 63264
29640 19201
29641 63329
29642 57185
29643 50016
29644 53605
29645 62264
29646 25376
29647 61805
29648 27520
29649 25384
29650 61797
29651 57121
29652 65385
29653 61153
29654 29676
29655 58272
29656 25568
29657 54049
29658 52001
29659 27432
29660 56617
29661 28448
29662 19209
29663 52000
29664 58144
29665 25504
29666 56681
29667 57129
29668 25440
29669 65376
29670 56617
29671 57129
29672 58216
29673 49952
29674 59169
29675 49960
29676 25377
29677 54057
29678 63329
29679 51000
29680 25488
29681 56681
