Point_ID Label
0 27280
1 39968
2 25448
3 62349
4 32617
5 25369
6 25370
7 39968
8 5473
9 37920
10 49821
11 37920
12 25370
13 28521
14 37920
15 32621
16 27264
17 37920
18 49821
19 40292
20 49821
21 27264
22 60033
23 19240
24 37920
25 54040
26 49821
27 27521
28 27264
29 37920
30 58136
31 17192
32 37920
33 37920
34 27264
35 40496
36 28513
37 55072
38 39456
39 54044
40 25346
41 49821
42 39968
43 49821
44 49821
45 37920
46 25384
47 19248
48 39996
49 27264
50 32617
51 27264
52 49821
53 39968
54 37920
55 37920
56 39968
57 28481
58 30573
59 49953
60 37924
61 27264
62 39968
63 39728
64 17208
65 26394
66 27264
67 37920
68 27264
69 27264
70 28641
71 28545
72 37920
73 28577
74 17152
75 39972
76 49821
77 51856
78 49821
79 62221
80 32617
81 27280
82 37920
83 50077
84 25387
85 39984
86 49821
87 37920
88 27264
89 25441
90 27264
91 25370
92 30573
93 28641
94 37928
95 61281
96 50077
97 26394
98 27265
99 37920
100 50077
101 37920
102 25450
103 49821
104 49821
105 49813
106 6704
107 27280
108 37688
109 49821
110 39972
111 49961
112 27265
113 49821
114 37920
115 53916
116 49821
117 37920
118 37920
119 37920
120 39972
121 37920
122 59169
123 32617
124 39968
125 60161
126 54029
127 28545
128 37920
129 39972
130 37920
131 37920
132 37920
133 39988
134 27265
135 27265
136 37920
137 27265
138 25400
139 39972
140 28521
141 49821
142 37920
143 50077
144 37920
145 37920
146 25371
147 27392
148 25376
149 49821
150 27264
151 49821
152 27264
153 27488
154 49821
155 49976
156 54048
157 39968
158 50077
159 39972
160 37920
161 62221
162 37920
163 37920
164 49821
165 37920
166 25353
167 27264
168 19232
169 37920
170 49821
171 28641
172 27280
173 25370
174 39968
175 28641
176 37920
177 37920
178 6704
179 40292
180 28609
181 27264
182 7269
183 50073
184 37920
185 37920
186 39972
187 37920
188 49821
189 37920
190 37920
191 37920
192 37920
193 49821
194 25370
195 49821
196 58145
197 51000
198 32617
199 25376
200 27264
201 37920
202 39968
203 27264
204 37924
205 49821
206 37920
207 26472
208 37920
209 53916
210 19233
211 27521
212 37920
213 27264
214 49821
215 25370
216 28577
217 27521
218 49821
219 37920
220 37920
221 27265
222 37936
223 37920
224 37920
225 37688
226 37920
227 37920
228 50077
229 39736
230 27264
231 27265
232 19232
233 808
234 57706
235 32621
236 27264
237 49821
238 25370
239 50068
240 38436
241 49961
242 28577
243 28641
244 28513
245 63341
246 28513
247 49821
248 28521
249 37920
250 54029
251 39968
252 59192
253 26472
254 27264
255 58136
256 49976
257 27425
258 49821
259 27264
260 38176
261 37920
262 25370
263 17176
264 37920
265 51000
266 28641
267 39968
268 49821
269 60048
270 800
271 49821
272 28417
273 49821
274 25370
275 39968
276 49821
277 27264
278 54072
279 27265
280 49821
281 27264
282 50077
283 27280
284 25370
285 25371
286 28513
287 37920
288 28641
289 49813
290 37944
291 27265
292 27553
293 37924
294 25371
295 39984
296 40500
297 49821
298 50077
299 49821
300 27264
301 49821
302 37920
303 27264
304 50077
305 27392
306 54173
307 50069
308 19248
309 49949
310 27264
311 27424
312 28545
313 28641
314 58121
315 28641
316 27264
317 50077
318 27264
319 54056
320 63341
321 5473
322 49821
323 39457
324 28641
325 39968
326 53025
327 27264
328 54072
329 25353
330 39968
331 49960
332 27264
333 25370
334 26473
335 39972
336 37920
337 27264
338 39992
339 27264
340 28417
341 39972
342 49977
343 37920
344 27280
345 25370
346 40292
347 39968
348 25377
349 65385
350 27264
351 49821
352 49821
353 37920
354 27264
355 32621
356 25370
357 49821
358 5473
359 38176
360 50077
361 39988
362 27264
363 19233
364 49821
365 37920
366 50068
367 49821
368 27280
369 37920
370 25370
371 39968
372 28641
373 37940
374 39968
375 39480
376 37920
377 54173
378 49821
379 25370
380 28545
381 49976
382 49821
383 28521
384 28545
385 28641
386 49821
387 61281
388 25376
389 37936
390 17208
391 19201
392 49821
393 19248
394 54048
395 62349
396 25370
397 49821
398 27264
399 49821
400 37920
401 25370
402 17208
403 28641
404 49968
405 27264
406 27264
407 40480
408 38176
409 25370
410 50077
411 27264
412 25370
413 27264
414 39968
415 39968
416 25370
417 49821
418 54056
419 25360
420 28641
421 28521
422 54029
423 26473
424 49821
425 27264
426 39972
427 25370
428 28481
429 61345
430 37920
431 25384
432 65385
433 30573
434 37920
435 19241
436 27264
437 37920
438 27264
439 28641
440 49821
441 37920
442 28641
443 57121
444 17256
445 49821
446 25384
447 58145
448 28545
449 37920
450 54029
451 27265
452 37672
453 26411
454 37920
455 28609
456 37920
457 49812
458 27264
459 21281
460 49821
461 28641
462 27280
463 25376
464 49821
465 17192
466 27264
467 37920
468 65385
469 27265
470 54173
471 39992
472 19233
473 54172
474 27264
475 54029
476 49821
477 54173
478 28513
479 37920
480 37920
481 40225
482 27264
483 25370
484 50073
485 55096
486 28513
487 49976
488 37944
489 27264
490 37920
491 54056
492 26387
493 19224
494 37920
495 37924
496 19216
497 54072
498 28521
499 37920
500 27265
501 27264
502 37920
503 62253
504 27264
505 27401
506 49821
507 37920
508 25370
509 37688
510 27264
511 5473
512 53024
513 37920
514 25371
515 27265
516 27521
517 37920
518 39972
519 37920
520 49821
521 49821
522 25386
523 6704
524 28513
525 40224
526 27265
527 49821
528 37920
529 37665
530 28641
531 63273
532 37920
533 25370
534 25355
535 37920
536 28417
537 28545
538 27264
539 40500
540 49821
541 25370
542 27264
543 50077
544 49821
545 28521
546 25370
547 37920
548 37920
549 25449
550 39968
551 27264
552 27264
553 49821
554 39972
555 37920
556 39972
557 37920
558 49821
559 37920
560 49821
561 28521
562 25370
563 39968
564 50077
565 27264
566 27393
567 27280
568 49821
569 27264
570 28545
571 28609
572 52008
573 32617
574 50077
575 28641
576 37920
577 49821
578 49821
579 39968
580 49821
581 49821
582 37920
583 27521
584 28513
585 54072
586 27280
587 27521
588 27264
589 37920
590 37920
591 40504
592 37920
593 39992
594 39968
595 27280
596 54056
597 54173
598 37920
599 25370
600 37920
601 37920
602 27264
603 28545
604 40496
605 49952
606 19785
607 49821
608 27264
609 39972
610 27456
611 56096
612 49821
613 28521
614 27264
615 27265
616 25400
617 55073
618 39968
619 37928
620 25387
621 25370
622 37920
623 49821
624 25371
625 38448
626 25355
627 49821
628 18976
629 39968
630 37920
631 37920
632 38176
633 49944
634 37920
635 37920
636 25377
637 37920
638 54173
639 37920
640 39720
641 25370
642 5473
643 38448
644 17184
645 39968
646 37920
647 37920
648 25354
649 25441
650 37920
651 25371
652 37920
653 37920
654 58234
655 25370
656 17176
657 25384
658 37920
659 38689
660 54173
661 39972
662 40508
663 49821
664 37920
665 37920
666 39992
667 49821
668 37920
669 25370
670 37924
671 37944
672 39968
673 37920
674 25345
675 25361
676 54072
677 25368
678 25353
679 39972
680 39972
681 27264
682 25416
683 17184
684 37920
685 25370
686 25369
687 25377
688 49978
689 5473
690 37920
691 25387
692 39968
693 28641
694 25371
695 39968
696 37924
697 17184
698 39968
699 26465
700 39968
701 25370
702 39972
703 25370
704 25370
705 25368
706 17184
707 28513
708 37920
709 27280
710 37920
711 25371
712 25370
713 25370
714 28641
715 62349
716 54072
717 37920
718 37920
719 37920
720 37920
721 27265
722 28513
723 37920
724 27280
725 37920
726 28513
727 49977
728 37920
729 39968
730 28513
731 37920
732 25370
733 49960
734 28641
735 37920
736 25368
737 5473
738 28521
739 37920
740 37920
741 28609
742 28641
743 25370
744 37920
745 37920
746 28609
747 37920
748 49821
749 27392
750 39968
751 5473
752 37920
753 37920
754 25371
755 25376
756 25368
757 49821
758 49960
759 39968
760 58145
761 27280
762 37920
763 49821
764 55856
765 39968
766 39968
767 40508
768 37920
769 39968
770 17168
771 37920
772 25408
773 49821
774 25400
775 39480
776 28577
777 25370
778 37920
779 49812
780 50077
781 39972
782 25370
783 37924
784 60192
785 39968
786 37920
787 54173
788 25370
789 25371
790 17208
791 25370
792 25370
793 38176
794 59168
795 28641
796 39992
797 39972
798 5473
799 52008
800 49976
801 39968
802 50077
803 37920
804 54029
805 39972
806 49821
807 37920
808 37412
809 25440
810 25370
811 54173
812 27264
813 39992
814 39992
815 25370
816 56120
817 25387
818 54048
819 25370
820 40504
821 39968
822 25370
823 25371
824 37920
825 25370
826 25370
827 25370
828 25370
829 25360
830 37920
831 40504
832 25370
833 37920
834 39972
835 25370
836 25370
837 28513
838 49976
839 49960
840 25400
841 58125
842 25371
843 38696
844 49821
845 7716
846 54069
847 25368
848 58125
849 25344
850 39968
851 25370
852 40504
853 37920
854 37944
855 39992
856 25370
857 49821
858 55072
859 25352
860 25370
861 40484
862 25371
863 37944
864 25370
865 37920
866 37920
867 58152
868 39972
869 37920
870 39980
871 38200
872 25402
873 54072
874 37944
875 25370
876 49821
877 37920
878 39984
879 39988
880 55073
881 17208
882 25384
883 25370
884 25370
885 50077
886 54040
887 37920
888 39968
889 39968
890 25370
891 49821
892 54040
893 39968
894 37920
895 4896
896 25370
897 62381
898 25361
899 40504
900 49976
901 39972
902 37920
903 25370
904 37920
905 25370
906 37936
907 25370
908 28489
909 39480
910 37920
911 38241
912 25371
913 25370
914 49821
915 801
916 37920
917 25355
918 25370
919 37920
920 39988
921 37920
922 49821
923 25370
924 37920
925 28545
926 37920
927 27264
928 28641
929 25370
930 27280
931 50077
932 27264
933 25370
934 28577
935 39968
936 28513
937 25370
938 27280
939 27265
940 49821
941 28513
942 28641
943 27264
944 28521
945 49821
946 49821
947 27264
948 49944
949 49821
950 25370
951 28577
952 28545
953 25370
954 27265
955 39968
956 49821
957 37920
958 25370
959 27264
960 27264
961 27264
962 37920
963 25370
964 25370
965 25371
966 28521
967 27264
968 28641
969 25370
970 39968
971 25370
972 37920
973 25370
974 25387
975 25370
976 5477
977 28545
978 27264
979 25370
980 28641
981 25371
982 37920
983 37432
984 25370
985 37944
986 25370
987 28513
988 28513
989 37920
990 40484
991 37920
992 37920
993 49821
994 54048
995 37920
996 27265
997 39996
998 49821
999 27265
1000 58170
1001 37920
1002 25370
1003 25370
1004 38184
1005 25370
1006 28641
1007 25370
1008 28449
1009 28513
1010 25418
1011 28513
1012 25371
1013 37920
1014 28521
1015 25371
1016 39968
1017 49821
1018 25370
1019 39988
1020 25370
1021 26409
1022 28641
1023 26473
1024 25370
1025 25387
1026 37920
1027 58216
1028 26473
1029 37920
1030 25370
1031 27264
1032 28513
1033 25432
1034 25371
1035 25370
1036 28641
1037 27265
1038 27264
1039 25370
1040 27264
1041 28545
1042 37920
1043 28513
1044 37920
1045 54173
1046 27264
1047 28513
1048 28545
1049 28641
1050 17176
1051 19209
1052 37920
1053 27265
1054 25385
1055 57707
1056 49976
1057 25370
1058 25370
1059 28513
1060 27521
1061 27264
1062 39972
1063 54173
1064 37920
1065 25371
1066 25370
1067 39968
1068 40480
1069 27264
1070 37920
1071 32617
1072 59193
1073 25370
1074 25370
1075 39968
1076 37920
1077 25371
1078 28641
1079 28641
1080 28513
1081 27264
1082 25370
1083 28641
1084 25370
1085 37920
1086 27264
1087 50077
1088 25370
1089 25370
1090 28577
1091 39972
1092 39968
1093 37920
1094 28513
1095 49821
1096 37920
1097 28513
1098 25370
1099 27264
1100 28521
1101 25370
1102 25370
1103 28641
1104 39968
1105 37920
1106 5473
1107 28489
1108 28513
1109 25370
1110 25371
1111 28513
1112 37920
1113 25370
1114 25371
1115 32621
1116 27264
1117 55080
1118 28641
1119 40484
1120 39968
1121 37920
1122 37920
1123 62221
1124 39972
1125 50077
1126 39968
1127 5473
1128 27280
1129 25371
1130 49976
1131 49821
1132 27264
1133 39968
1134 25370
1135 6245
1136 37920
1137 39972
1138 49821
1139 37920
1140 37920
1141 49813
1142 25371
1143 39968
1144 37920
1145 39972
1146 25354
1147 38177
1148 53032
1149 37920
1150 25370
1151 28641
1152 38448
1153 37920
1154 25377
1155 39968
1156 37920
1157 49821
1158 49977
1159 25370
1160 37920
1161 28513
1162 39968
1163 54052
1164 25371
1165 5473
1166 25371
1167 39988
1168 7269
1169 39984
1170 39980
1171 25371
1172 62349
1173 27264
1174 37920
1175 39972
1176 49976
1177 37920
1178 25370
1179 25370
1180 27393
1181 37920
1182 25370
1183 25370
1184 25368
1185 28545
1186 27264
1187 52001
1188 37920
1189 25368
1190 49977
1191 37920
1192 25370
1193 25376
1194 25371
1195 49960
1196 4896
1197 27280
1198 37940
1199 5473
1200 26400
1201 50077
1202 40480
1203 58113
1204 54072
1205 25370
1206 37920
1207 37920
1208 28641
1209 37920
1210 40292
1211 25370
1212 39972
1213 49821
1214 37920
1215 25370
1216 5473
1217 37920
1218 54069
1219 37944
1220 25370
1221 25370
1222 5473
1223 25370
1224 39972
1225 25370
1226 37924
1227 39972
1228 39968
1229 25370
1230 25370
1231 25371
1232 17200
1233 39968
1234 25370
1235 58145
1236 50077
1237 37920
1238 25370
1239 39968
1240 25384
1241 26394
1242 50077
1243 25370
1244 37920
1245 40225
1246 37920
1247 39968
1248 25370
1249 25355
1250 37944
1251 39480
1252 25370
1253 25370
1254 28513
1255 39972
1256 25377
1257 39972
1258 39972
1259 26411
1260 25370
1261 37920
1262 25370
1263 37920
1264 25368
1265 39968
1266 37920
1267 25370
1268 5473
1269 49821
1270 25370
1271 39996
1272 37920
1273 37920
1274 37920
1275 25400
1276 39972
1277 39972
1278 49813
1279 37688
1280 55073
1281 25400
1282 25370
1283 28577
1284 39968
1285 7269
1286 25355
1287 37936
1288 49821
1289 4897
1290 27264
1291 37920
1292 26409
1293 27521
1294 25368
1295 39972
1296 37920
1297 27296
1298 28545
1299 49821
1300 28577
1301 54040
1302 25370
1303 28513
1304 39972
1305 25370
1306 37920
1307 25370
1308 40292
1309 25370
1310 60321
1311 37920
1312 25370
1313 25434
1314 25368
1315 25371
1316 50077
1317 54029
1318 25370
1319 37920
1320 6704
1321 50077
1322 54173
1323 37920
1324 37920
1325 27264
1326 25370
1327 25370
1328 37920
1329 39972
1330 49944
1331 27264
1332 54173
1333 25434
1334 25370
1335 28513
1336 19232
1337 49821
1338 25370
1339 49952
1340 49821
1341 28513
1342 28641
1343 27264
1344 39968
1345 28513
1346 27264
1347 25370
1348 25370
1349 49821
1350 25370
1351 28513
1352 50077
1353 25370
1354 25354
1355 37920
1356 40496
1357 54817
1358 25370
1359 37944
1360 25370
1361 28513
1362 37920
1363 25368
1364 25370
1365 37920
1366 49936
1367 25371
1368 37920
1369 40496
1370 25370
1371 27264
1372 28513
1373 49952
1374 25370
1375 37920
1376 25370
1377 58113
1378 37920
1379 25370
1380 37920
1381 25384
1382 37920
1383 38689
1384 37920
1385 39968
1386 37920
1387 25434
1388 28457
1389 5473
1390 39972
1391 39968
1392 40484
1393 49821
1394 49821
1395 25408
1396 37920
1397 39972
1398 49821
1399 39968
1400 54072
1401 27265
1402 53560
1403 37920
1404 25355
1405 25370
1406 39968
1407 39968
1408 5473
1409 6704
1410 28513
1411 25355
1412 39968
1413 37920
1414 37920
1415 50077
1416 37920
1417 27264
1418 28641
1419 28513
1420 27264
1421 39968
1422 25386
1423 25371
1424 37920
1425 25355
1426 25370
1427 25370
1428 26411
1429 26473
1430 26472
1431 28513
1432 28513
1433 27465
1434 25371
1435 37920
1436 28513
1437 61281
1438 27521
1439 28641
1440 25370
1441 25416
1442 28513
1443 25370
1444 25371
1445 58125
1446 25370
1447 39972
1448 25370
1449 28513
1450 25370
1451 25417
1452 25344
1453 56096
1454 25370
1455 28513
1456 39972
1457 28513
1458 25370
1459 25371
1460 25370
1461 25370
1462 37920
1463 28521
1464 25371
1465 27264
1466 58125
1467 25370
1468 28521
1469 37920
1470 49821
1471 27264
1472 27264
1473 50077
1474 49821
1475 25370
1476 49812
1477 28545
1478 28513
1479 50077
1480 28641
1481 25371
1482 28641
1483 28641
1484 17177
1485 25370
1486 25370
1487 49821
1488 28513
1489 37920
1490 28513
1491 25370
1492 25370
1493 27264
1494 54173
1495 28609
1496 25370
1497 25370
1498 27409
1499 37920
1500 28641
1501 28513
1502 37920
1503 25371
1504 37920
1505 49821
1506 49821
1507 27264
1508 53917
1509 25370
1510 25370
1511 28513
1512 25371
1513 54072
1514 37920
1515 25371
1516 39968
1517 49821
1518 28641
1519 49821
1520 49813
1521 27264
1522 37920
1523 25371
1524 25370
1525 25370
1526 37920
1527 25370
1528 28545
1529 28513
1530 37920
1531 27264
1532 28641
1533 27264
1534 28545
1535 28513
1536 25354
1537 25371
1538 27393
1539 39968
1540 28513
1541 25434
1542 40508
1543 28545
1544 50077
1545 25370
1546 25370
1547 25370
1548 27264
1549 37920
1550 25384
1551 28513
1552 49821
1553 25370
1554 49821
1555 27264
1556 60192
1557 49821
1558 54173
1559 27264
1560 25370
1561 27265
1562 54173
1563 25370
1564 25371
1565 37920
1566 28513
1567 37920
1568 28513
1569 28641
1570 28513
1571 49821
1572 27264
1573 28513
1574 49821
1575 49821
1576 25387
1577 28641
1578 28577
1579 28641
1580 27265
1581 28449
1582 27280
1583 28513
1584 28641
1585 28545
1586 26411
1587 39996
1588 28513
1589 49821
1590 28513
1591 25371
1592 25370
1593 39972
1594 25371
1595 37920
1596 25370
1597 37920
1598 28513
1599 37920
1600 28513
1601 28513
1602 25370
1603 49821
1604 37920
1605 25370
1606 28513
1607 28513
1608 28545
1609 25370
1610 61345
1611 28641
1612 37920
1613 25370
1614 37920
1615 54173
1616 25370
1617 27392
1618 39968
1619 7269
1620 25371
1621 37924
1622 27264
1623 39968
1624 55081
1625 25370
1626 37920
1627 39968
1628 37920
1629 37920
1630 50077
1631 40292
1632 37920
1633 37920
1634 37924
1635 37920
1636 28641
1637 49821
1638 40484
1639 37920
1640 49976
1641 37920
1642 37920
1643 37920
1644 37920
1645 37920
1646 50077
1647 25370
1648 39480
1649 37920
1650 39996
1651 27617
1652 25370
1653 39996
1654 25370
1655 39972
1656 37920
1657 25370
1658 39988
1659 49976
1660 27264
1661 39992
1662 39972
1663 39480
1664 25344
1665 25370
1666 49976
1667 25370
1668 37920
1669 58136
1670 17208
1671 25370
1672 25370
1673 25370
1674 25416
1675 39968
1676 49821
1677 39968
1678 19200
1679 49821
1680 25370
1681 49821
1682 25370
1683 37920
1684 37944
1685 5473
1686 54173
1687 25370
1688 37940
1689 25370
1690 54045
1691 25370
1692 39972
1693 37920
1694 39968
1695 25376
1696 37920
1697 37920
1698 40292
1699 25360
1700 28521
1701 39968
1702 25371
1703 25376
1704 28521
1705 37152
1706 39988
1707 25370
1708 39988
1709 824
1710 55096
1711 49952
1712 25370
1713 25370
1714 28577
1715 25387
1716 5473
1717 25368
1718 25370
1719 37920
1720 37920
1721 25371
1722 25370
1723 38200
1724 27264
1725 58155
1726 25368
1727 19200
1728 55072
1729 25370
1730 40292
1731 25370
1732 17208
1733 25371
1734 49821
1735 54172
1736 39968
1737 26387
1738 37944
1739 37920
1740 25370
1741 28545
1742 25371
1743 37944
1744 58144
1745 25371
1746 28641
1747 37920
1748 25371
1749 27521
1750 37920
1751 39968
1752 55073
1753 25370
1754 25370
1755 37920
1756 25371
1757 25370
1758 824
1759 25370
1760 7269
1761 39988
1762 25368
1763 7716
1764 37920
1765 37920
1766 25370
1767 25370
1768 37920
1769 25370
1770 25371
1771 49821
1772 27264
1773 37920
1774 25370
1775 27264
1776 25370
1777 25371
1778 25370
1779 25370
1780 37920
1781 37920
1782 25370
1783 26411
1784 39972
1785 27265
1786 25371
1787 37920
1788 25400
1789 25370
1790 49976
1791 25370
1792 25370
1793 25370
1794 62349
1795 54173
1796 58155
1797 39972
1798 25370
1799 37920
1800 39972
1801 39996
1802 25370
1803 25370
1804 25370
1805 54057
1806 49821
1807 49821
1808 28513
1809 49821
1810 25371
1811 49821
1812 27264
1813 28521
1814 25371
1815 25370
1816 37920
1817 25418
1818 25371
1819 50077
1820 54061
1821 28641
1822 28513
1823 25370
1824 25370
1825 25370
1826 27265
1827 53916
1828 27264
1829 37920
1830 25370
1831 38177
1832 39972
1833 25360
1834 54072
1835 27264
1836 58269
1837 39968
1838 25347
1839 37688
1840 25370
1841 37920
1842 60033
1843 37176
1844 27265
1845 28577
1846 27264
1847 49976
1848 56104
1849 37928
1850 25370
1851 49821
1852 38436
1853 5221
1854 49821
1855 28577
1856 27425
1857 58154
1858 37920
1859 25370
1860 25347
1861 25403
1862 25370
1863 40736
1864 37920
1865 40484
1866 39968
1867 37920
1868 39988
1869 25370
1870 25370
1871 800
1872 39972
1873 25370
1874 28641
1875 25370
1876 27264
1877 27264
1878 27425
1879 18209
1880 28641
1881 25370
1882 51985
1883 26473
1884 39968
1885 37920
1886 25370
1887 39972
1888 28521
1889 39972
1890 49821
1891 49821
1892 49821
1893 800
1894 39984
1895 65385
1896 37940
1897 37920
1898 50077
1899 25434
1900 27264
1901 49821
1902 25370
1903 25370
1904 49821
1905 27401
1906 26411
1907 25371
1908 37924
1909 55081
1910 26411
1911 27264
1912 37920
1913 37920
1914 28513
1915 49821
1916 28513
1917 49821
1918 37920
1919 28513
1920 28513
1921 28641
1922 25370
1923 53792
1924 60033
1925 28513
1926 25370
1927 52000
1928 49821
1929 25370
1930 37920
1931 25370
1932 53917
1933 49821
1934 37920
1935 25371
1936 25370
1937 37920
1938 37920
1939 49821
1940 27264
1941 25370
1942 57706
1943 49821
1944 37920
1945 28545
1946 58136
1947 25370
1948 49821
1949 39968
1950 28513
1951 25370
1952 28521
1953 17184
1954 37920
1955 28513
1956 28513
1957 25371
1958 28513
1959 25370
1960 49821
1961 49821
1962 49821
1963 37920
1964 49821
1965 28545
1966 37920
1967 25371
1968 49821
1969 27264
1970 37920
1971 37920
1972 37920
1973 27280
1974 28521
1975 54173
1976 40480
1977 27265
1978 28513
1979 28641
1980 28641
1981 25371
1982 25370
1983 58125
1984 28513
1985 28513
1986 27264
1987 50077
1988 49821
1989 28641
1990 28513
1991 28641
1992 37920
1993 50077
1994 25368
1995 28513
1996 25434
1997 28513
1998 38176
1999 25370
2000 37920
2001 27265
2002 50077
2003 28609
2004 54328
2005 28513
2006 25370
2007 49953
2008 37672
2009 28545
2010 28481
2011 28513
2012 37920
2013 25387
2014 27264
2015 28513
2016 62381
2017 28641
2018 25370
2019 28641
2020 27425
2021 49821
2022 25370
2023 27264
2024 28513
2025 28641
2026 25386
2027 27264
2028 27265
2029 54045
2030 25370
2031 25370
2032 27264
2033 28641
2034 25370
2035 49821
2036 37936
2037 25371
2038 50077
2039 50077
2040 25371
2041 25355
2042 25370
2043 53916
2044 28641
2045 27264
2046 28609
2047 28513
2048 27265
2049 28513
2050 25370
2051 27264
2052 28513
2053 25370
2054 28641
2055 28513
2056 27264
2057 37920
2058 808
2059 25449
2060 39972
2061 25419
2062 50077
2063 50077
2064 61281
2065 37920
2066 54072
2067 28513
2068 49821
2069 28641
2070 25370
2071 39972
2072 27265
2073 25370
2074 27264
2075 28641
2076 25370
2077 28577
2078 28545
2079 39968
2080 27264
2081 28513
2082 39992
2083 26394
2084 37920
2085 25370
2086 49821
2087 25370
2088 28521
2089 28577
2090 27264
2091 25371
2092 28521
2093 27264
2094 28513
2095 27265
2096 25370
2097 39972
2098 28489
2099 25370
2100 28641
2101 25370
2102 28513
2103 57706
2104 25368
2105 28449
2106 49821
2107 28641
2108 25371
2109 39968
2110 25370
2111 25370
2112 5477
2113 25371
2114 39992
2115 37920
2116 25370
2117 7716
2118 25376
2119 62241
2120 40736
2121 37920
2122 39972
2123 37920
2124 39972
2125 39972
2126 39968
2127 25370
2128 39972
2129 37920
2130 37920
2131 17193
2132 37920
2133 40480
2134 25371
2135 25371
2136 25370
2137 37920
2138 27553
2139 28513
2140 37948
2141 38704
2142 25370
2143 5473
2144 27408
2145 25384
2146 27264
2147 27264
2148 25370
2149 25370
2150 49821
2151 801
2152 58234
2153 27264
2154 39972
2155 39968
2156 25384
2157 37920
2158 58216
2159 54048
2160 25370
2161 39972
2162 25368
2163 5473
2164 54044
2165 49821
2166 25370
2167 25370
2168 62349
2169 25370
2170 52001
2171 28457
2172 37920
2173 62248
2174 25371
2175 25371
2176 9056
2177 37920
2178 25370
2179 39972
2180 25370
2181 62221
2182 39968
2183 25370
2184 37920
2185 37944
2186 39992
2187 25370
2188 49976
2189 56096
2190 39972
2191 37920
2192 39968
2193 55080
2194 5473
2195 25370
2196 39968
2197 37940
2198 54072
2199 37920
2200 25416
2201 25370
2202 54072
2203 25370
2204 25370
2205 25370
2206 25440
2207 25370
2208 40292
2209 59194
2210 25370
2211 58269
2212 33592
2213 17208
2214 25371
2215 49976
2216 37920
2217 25370
2218 28641
2219 25371
2220 53917
2221 25434
2222 25370
2223 25370
2224 25370
2225 37920
2226 25370
2227 37920
2228 25370
2229 25370
2230 5473
2231 55081
2232 7716
2233 54056
2234 39972
2235 39992
2236 25371
2237 25371
2238 25379
2239 25386
2240 25354
2241 37920
2242 55081
2243 49944
2244 39968
2245 54173
2246 25370
2247 25370
2248 25370
2249 25400
2250 37920
2251 25370
2252 37920
2253 25370
2254 25371
2255 25371
2256 53916
2257 37664
2258 25370
2259 25370
2260 37920
2261 25371
2262 59176
2263 54061
2264 25370
2265 25370
2266 25370
2267 54060
2268 37920
2269 25370
2270 37920
2271 37920
2272 25371
2273 39968
2274 60032
2275 49821
2276 25370
2277 60321
2278 25370
2279 28521
2280 37920
2281 58155
2282 25355
2283 28513
2284 49821
2285 28513
2286 28641
2287 25370
2288 25370
2289 50077
2290 40292
2291 37920
2292 58136
2293 37920
2294 37940
2295 25434
2296 5473
2297 5473
2298 39968
2299 25369
2300 25370
2301 25371
2302 27169
2303 39992
2304 28641
2305 25370
2306 28521
2307 39988
2308 5473
2309 37920
2310 27409
2311 39972
2312 25371
2313 25370
2314 50024
2315 25370
2316 25370
2317 25370
2318 39992
2319 40497
2320 25370
2321 27264
2322 39972
2323 37412
2324 25370
2325 25434
2326 52000
2327 25370
2328 25371
2329 65385
2330 58145
2331 25370
2332 17176
2333 40224
2334 25370
2335 39736
2336 50077
2337 50077
2338 25418
2339 28513
2340 25370
2341 28513
2342 25368
2343 25370
2344 49821
2345 26473
2346 28513
2347 25355
2348 25370
2349 49812
2350 37920
2351 62365
2352 27393
2353 27265
2354 25370
2355 28417
2356 50077
2357 27264
2358 25368
2359 50077
2360 28513
2361 26473
2362 27264
2363 25370
2364 49949
2365 28489
2366 25370
2367 25352
2368 37920
2369 37436
2370 27264
2371 27393
2372 65385
2373 28641
2374 40484
2375 38241
2376 25370
2377 37936
2378 39968
2379 801
2380 61281
2381 39968
2382 25387
2383 37920
2384 27264
2385 25371
2386 25370
2387 37920
2388 39972
2389 25440
2390 28521
2391 8992
2392 28641
2393 27280
2394 39968
2395 58208
2396 25370
2397 37920
2398 17200
2399 25370
2400 25370
2401 49821
2402 25370
2403 58153
2404 27264
2405 28609
2406 50077
2407 37920
2408 28513
2409 51969
2410 49821
2411 37920
2412 28641
2413 27280
2414 25371
2415 25371
2416 25370
2417 49821
2418 37944
2419 25370
2420 49821
2421 21281
2422 49821
2423 49952
2424 25370
2425 37920
2426 28513
2427 39712
2428 37920
2429 50077
2430 53916
2431 25371
2432 28521
2433 28513
2434 60048
2435 37928
2436 50077
2437 28513
2438 25370
2439 27264
2440 19088
2441 28513
2442 25370
2443 49821
2444 25370
2445 37920
2446 25370
2447 28513
2448 25370
2449 38176
2450 28513
2451 37944
2452 28641
2453 57706
2454 25370
2455 39996
2456 49821
2457 25371
2458 37920
2459 27392
2460 37920
2461 28513
2462 28513
2463 56097
2464 37920
2465 54056
2466 37920
2467 38460
2468 25370
2469 28641
2470 37920
2471 37920
2472 19233
2473 28521
2474 28513
2475 37920
2476 49821
2477 49933
2478 25370
2479 28513
2480 54173
2481 28513
2482 49821
2483 28449
2484 27521
2485 25370
2486 25370
2487 28513
2488 28513
2489 49944
2490 25370
2491 28513
2492 25387
2493 39972
2494 25371
2495 25370
2496 25370
2497 28641
2498 28513
2499 25370
2500 25387
2501 25355
2502 28513
2503 25371
2504 28513
2505 39984
2506 28641
2507 28513
2508 28449
2509 39972
2510 49821
2511 37920
2512 37920
2513 39968
2514 28513
2515 37920
2516 39968
2517 28417
2518 28521
2519 37920
2520 5473
2521 17176
2522 25370
2523 27521
2524 25370
2525 49821
2526 49821
2527 28641
2528 62221
2529 25370
2530 28513
2531 28513
2532 25370
2533 26411
2534 25370
2535 28521
2536 55072
2537 27521
2538 39200
2539 25371
2540 61217
2541 25370
2542 28513
2543 59176
2544 25379
2545 28513
2546 25371
2547 28513
2548 39972
2549 28513
2550 28641
2551 25371
2552 37920
2553 39968
2554 25370
2555 7269
2556 40488
2557 25355
2558 39996
2559 39972
2560 49928
2561 25370
2562 37920
2563 50077
2564 25368
2565 39968
2566 25370
2567 40484
2568 37920
2569 39480
2570 38432
2571 37924
2572 37160
2573 25370
2574 28513
2575 39988
2576 6945
2577 25370
2578 39976
2579 27393
2580 25370
2581 28545
2582 54040
2583 28513
2584 27521
2585 37944
2586 27520
2587 25370
2588 25432
2589 25370
2590 62365
2591 49821
2592 37944
2593 19248
2594 37920
2595 40500
2596 62253
2597 53916
2598 25371
2599 37428
2600 50077
2601 37920
2602 40480
2603 7780
2604 39968
2605 25370
2606 25371
2607 39972
2608 40481
2609 28641
2610 39968
2611 40292
2612 25370
2613 54056
2614 37936
2615 25370
2616 52009
2617 25370
2618 39972
2619 39972
2620 39968
2621 39968
2622 25370
2623 37920
2624 39968
2625 25371
2626 39972
2627 25370
2628 28545
2629 37920
2630 37920
2631 37920
2632 5221
2633 49976
2634 27553
2635 25370
2636 25370
2637 25370
2638 28609
2639 25360
2640 25370
2641 39968
2642 62365
2643 6945
2644 28641
2645 39972
2646 25371
2647 25370
2648 37920
2649 25370
2650 25370
2651 28641
2652 25370
2653 39968
2654 37944
2655 17208
2656 27280
2657 25370
2658 25371
2659 39968
2660 7269
2661 39992
2662 39972
2663 17208
2664 6704
2665 40508
2666 27457
2667 37920
2668 38688
2669 37920
2670 25371
2671 37944
2672 39972
2673 28513
2674 37920
2675 27264
2676 25370
2677 54048
2678 39968
2679 39968
2680 39972
2681 39968
2682 37920
2683 25370
2684 25371
2685 37920
2686 25371
2687 25385
2688 5473
2689 25434
2690 25370
2691 25377
2692 50072
2693 39972
2694 25371
2695 37920
2696 25371
2697 58144
2698 50977
2699 54173
2700 25370
2701 25371
2702 37920
2703 50077
2704 25370
2705 25370
2706 28449
2707 25370
2708 28513
2709 49821
2710 6704
2711 28545
2712 25370
2713 26411
2714 25370
2715 58144
2716 39988
2717 49821
2718 50077
2719 37920
2720 39996
2721 37920
2722 28577
2723 27264
2724 25370
2725 39968
2726 25355
2727 39980
2728 54072
2729 30573
2730 37920
2731 25370
2732 54056
2733 40228
2734 6704
2735 25370
2736 25370
2737 57129
2738 37920
2739 25370
2740 25370
2741 49821
2742 37920
2743 40496
2744 26377
2745 49821
2746 37920
2747 25371
2748 28513
2749 25370
2750 25371
2751 27264
2752 27520
2753 58113
2754 39968
2755 49821
2756 28513
2757 25385
2758 49821
2759 49944
2760 49821
2761 28425
2762 50076
2763 39972
2764 25368
2765 26465
2766 49821
2767 49821
2768 49821
2769 53916
2770 25387
2771 28449
2772 49821
2773 25371
2774 49976
2775 19232
2776 37920
2777 25371
2778 25368
2779 17184
2780 25370
2781 25370
2782 25370
2783 25418
2784 25370
2785 39968
2786 37920
2787 25385
2788 28641
2789 39472
2790 17176
2791 27280
2792 37928
2793 25371
2794 50077
2795 60192
2796 25370
2797 54076
2798 25418
2799 28513
2800 49948
2801 25370
2802 25370
2803 61281
2804 25370
2805 49821
2806 37920
2807 25376
2808 37920
2809 37920
2810 25370
2811 25402
2812 49821
2813 25370
2814 28577
2815 25355
2816 37920
2817 25370
2818 25370
2819 40496
2820 39992
2821 55073
2822 28577
2823 37920
2824 39968
2825 25387
2826 37932
2827 5473
2828 54048
2829 25370
2830 25370
2831 25371
2832 18976
2833 27280
2834 27265
2835 39968
2836 25370
2837 27264
2838 25368
2839 25370
2840 37920
2841 28521
2842 37920
2843 27264
2844 50077
2845 39972
2846 25371
2847 37920
2848 37924
2849 53917
2850 25354
2851 27265
2852 25370
2853 28513
2854 28641
2855 28513
2856 26411
2857 25370
2858 55072
2859 49821
2860 25370
2861 54029
2862 37920
2863 25370
2864 49821
2865 40496
2866 58144
2867 39472
2868 26465
2869 28641
2870 63264
2871 25370
2872 26411
2873 39968
2874 37920
2875 49821
2876 37920
2877 28521
2878 50077
2879 25370
2880 49961
2881 26394
2882 57707
2883 28513
2884 25370
2885 28513
2886 28513
2887 28513
2888 5473
2889 37920
2890 39968
2891 49821
2892 28513
2893 49944
2894 25370
2895 54049
2896 56096
2897 25371
2898 25370
2899 25370
2900 39480
2901 36924
2902 25370
2903 52008
2904 28513
2905 49821
2906 25370
2907 27465
2908 28513
2909 28641
2910 28481
2911 27265
2912 49821
2913 25371
2914 49821
2915 25345
2916 25371
2917 28577
2918 28641
2919 25434
2920 28513
2921 25355
2922 26401
2923 28513
2924 37920
2925 26409
2926 25355
2927 28521
2928 58145
2929 28449
2930 25371
2931 56097
2932 52000
2933 25370
2934 28513
2935 25370
2936 39972
2937 50077
2938 49821
2939 50077
2940 39972
2941 28513
2942 28513
2943 28513
2944 28513
2945 50077
2946 25370
2947 28641
2948 28449
2949 50077
2950 27433
2951 28513
2952 25370
2953 25355
2954 25370
2955 27264
2956 25370
2957 28513
2958 25370
2959 5473
2960 38456
2961 37920
2962 39988
2963 40504
2964 25370
2965 40508
2966 37920
2967 25376
2968 27521
2969 56065
2970 37920
2971 39480
2972 37944
2973 37920
2974 25370
2975 39968
2976 27393
2977 25368
2978 25370
2979 37936
2980 60033
2981 28545
2982 39988
2983 39480
2984 28513
2985 25370
2986 52008
2987 25370
2988 25370
2989 17208
2990 39968
2991 49821
2992 25450
2993 38177
2994 55097
2995 25371
2996 54173
2997 25370
2998 25354
2999 40484
3000 38241
3001 50077
3002 54032
3003 37920
3004 39972
3005 37920
3006 28513
3007 28577
3008 20257
3009 58234
3010 54072
3011 39972
3012 25370
3013 39972
3014 37920
3015 19232
3016 25386
3017 40292
3018 49976
3019 50077
3020 37664
3021 5473
3022 50024
3023 27553
3024 37936
3025 25368
3026 39996
3027 25370
3028 25370
3029 39968
3030 37920
3031 25370
3032 37920
3033 25370
3034 25370
3035 37920
3036 25371
3037 25370
3038 37920
3039 39968
3040 25370
3041 28641
3042 25370
3043 58153
3044 26465
3045 25418
3046 25371
3047 25370
3048 39972
3049 26411
3050 25371
3051 39988
3052 816
3053 39968
3054 37920
3055 37920
3056 39972
3057 56104
3058 53560
3059 25370
3060 51856
3061 37924
3062 39988
3063 25370
3064 25370
3065 816
3066 25345
3067 39968
3068 39972
3069 37920
3070 30573
3071 37944
3072 25370
3073 25370
3074 25370
3075 17208
3076 37920
3077 39972
3078 38177
3079 49953
3080 25370
3081 20265
3082 25370
3083 58253
3084 39968
3085 54173
3086 37920
3087 25371
3088 25370
3089 49821
3090 25370
3091 25370
3092 37920
3093 25354
3094 25370
3095 28513
3096 49821
3097 25370
3098 37920
3099 25371
3100 54076
3101 19248
3102 39972
3103 28513
3104 37936
3105 53812
3106 27280
3107 25370
3108 38688
3109 17192
3110 37920
3111 39988
3112 25370
3113 37920
3114 25370
3115 25360
3116 25370
3117 25371
3118 25370
3119 27264
3120 50077
3121 58234
3122 25370
3123 25370
3124 25434
3125 28513
3126 39968
3127 25370
3128 38688
3129 37936
3130 49821
3131 49821
3132 53916
3133 37920
3134 25371
3135 50077
3136 65385
3137 28577
3138 37920
3139 28513
3140 25370
3141 49821
3142 37920
3143 49821
3144 39968
3145 25416
3146 49821
3147 54173
3148 51856
3149 27425
3150 25371
3151 25371
3152 28513
3153 28513
3154 25370
3155 28449
3156 50077
3157 25370
3158 25371
3159 25370
3160 25418
3161 25352
3162 37920
3163 25370
3164 25371
3165 25360
3166 37920
3167 25371
3168 28641
3169 50077
3170 49821
3171 28513
3172 27264
3173 58125
3174 37924
3175 25370
3176 25370
3177 62349
3178 49821
3179 59176
3180 28513
3181 26473
3182 28545
3183 49821
3184 25370
3185 49821
3186 40480
3187 49821
3188 27264
3189 25370
3190 37920
3191 53820
3192 37920
3193 52009
3194 25371
3195 37920
3196 49821
3197 25370
3198 27264
3199 28513
3200 37920
3201 58269
3202 25370
3203 27424
3204 59169
3205 53808
3206 28641
3207 52000
3208 28641
3209 25387
3210 37920
3211 25402
3212 25371
3213 37944
3214 37920
3215 25449
3216 25370
3217 25370
3218 37676
3219 58209
3220 28489
3221 37920
3222 25368
3223 25370
3224 53916
3225 25370
3226 37920
3227 37924
3228 37920
3229 25371
3230 54832
3231 37920
3232 28425
3233 25370
3234 39968
3235 59169
3236 50077
3237 49821
3238 37920
3239 27264
3240 25370
3241 49821
3242 37176
3243 50077
3244 40737
3245 37920
3246 54049
3247 37920
3248 39972
3249 28641
3250 28513
3251 25370
3252 25370
3253 19785
3254 37920
3255 49821
3256 25371
3257 25370
3258 25387
3259 25370
3260 25370
3261 28513
3262 27457
3263 25371
3264 25370
3265 57121
3266 53025
3267 27489
3268 25370
3269 19224
3270 37920
3271 37920
3272 37920
3273 25370
3274 58128
3275 25370
3276 28513
3277 49821
3278 25370
3279 49821
3280 50077
3281 27264
3282 55096
3283 28513
3284 28513
3285 25371
3286 25370
3287 25385
3288 25370
3289 25371
3290 28513
3291 28521
3292 25370
3293 27521
3294 28513
3295 25370
3296 25387
3297 25370
3298 27425
3299 39728
3300 28641
3301 25419
3302 37920
3303 37920
3304 54076
3305 38240
3306 28577
3307 28641
3308 55072
3309 49821
3310 49821
3311 49821
3312 49821
3313 39972
3314 27521
3315 25371
3316 28513
3317 28641
3318 28513
3319 25449
3320 28577
3321 25370
3322 25418
3323 25371
3324 25370
3325 28513
3326 28513
3327 25370
3328 27553
3329 25370
3330 28513
3331 25449
3332 25370
3333 25384
3334 5473
3335 25370
3336 39992
3337 37944
3338 39972
3339 54056
3340 37920
3341 27457
3342 7780
3343 37920
3344 39968
3345 37920
3346 39968
3347 7269
3348 37920
3349 25386
3350 25370
3351 28417
3352 39972
3353 50077
3354 25370
3355 37920
3356 54173
3357 25371
3358 39984
3359 37920
3360 37920
3361 25386
3362 25370
3363 37920
3364 49821
3365 5473
3366 39968
3367 25370
3368 27264
3369 39992
3370 37920
3371 37936
3372 25368
3373 25344
3374 25370
3375 25370
3376 58234
3377 37920
3378 37920
3379 25418
3380 40228
3381 25387
3382 28513
3383 39968
3384 27265
3385 37920
3386 62248
3387 17208
3388 39968
3389 37920
3390 37944
3391 39968
3392 37920
3393 39968
3394 37920
3395 25370
3396 63337
3397 39968
3398 25370
3399 26377
3400 37924
3401 25371
3402 40484
3403 60192
3404 37920
3405 37920
3406 32621
3407 25370
3408 49952
3409 25370
3410 25355
3411 37920
3412 25370
3413 25370
3414 25370
3415 49944
3416 25371
3417 37920
3418 37920
3419 25368
3420 28641
3421 25371
3422 39992
3423 37920
3424 25370
3425 25370
3426 37920
3427 25370
3428 39996
3429 25370
3430 25370
3431 25403
3432 17184
3433 37944
3434 37920
3435 54173
3436 39972
3437 39968
3438 25371
3439 37920
3440 25370
3441 25353
3442 39728
3443 39972
3444 25344
3445 25371
3446 25370
3447 25371
3448 37920
3449 39968
3450 25370
3451 25368
3452 19201
3453 39972
3454 49952
3455 37920
3456 37920
3457 5473
3458 63341
3459 25434
3460 25370
3461 49977
3462 39968
3463 62365
3464 49941
3465 39968
3466 25370
3467 25370
3468 49821
3469 60192
3470 25387
3471 25370
3472 38176
3473 37920
3474 25370
3475 25418
3476 58169
3477 54173
3478 37920
3479 25370
3480 25355
3481 37920
3482 49821
3483 25370
3484 37920
3485 28521
3486 39969
3487 25370
3488 25370
3489 37920
3490 39988
3491 55096
3492 30573
3493 37920
3494 63329
3495 37920
3496 25370
3497 25370
3498 25370
3499 25370
3500 37920
3501 37920
3502 39969
3503 19232
3504 27553
3505 25370
3506 37920
3507 25370
3508 25371
3509 25370
3510 28513
3511 37924
3512 28641
3513 58234
3514 25352
3515 49821
3516 49821
3517 28521
3518 26411
3519 37920
3520 50077
3521 39992
3522 27264
3523 54045
3524 27424
3525 49821
3526 39968
3527 50077
3528 39968
3529 25371
3530 50077
3531 27264
3532 28521
3533 39992
3534 38704
3535 58218
3536 38176
3537 25369
3538 58122
3539 25370
3540 58186
3541 25440
3542 25371
3543 54048
3544 62240
3545 27264
3546 25370
3547 25434
3548 61216
3549 27280
3550 25370
3551 58218
3552 49821
3553 25370
3554 54173
3555 37920
3556 39968
3557 49821
3558 49821
3559 28641
3560 37920
3561 28513
3562 49821
3563 25377
3564 25419
3565 28513
3566 28521
3567 49821
3568 27264
3569 5473
3570 39988
3571 37924
3572 25370
3573 39968
3574 50985
3575 25370
3576 58219
3577 27264
3578 51000
3579 27280
3580 54173
3581 38456
3582 39972
3583 62349
3584 25370
3585 28513
3586 25370
3587 28513
3588 28513
3589 28513
3590 28513
3591 28513
3592 28513
3593 39968
3594 25370
3595 28513
3596 28577
3597 25370
3598 28513
3599 27393
3600 37924
3601 60161
3602 5473
3603 40737
3604 39968
3605 37920
3606 50077
3607 27264
3608 55073
3609 25371
3610 28545
3611 25371
3612 27553
3613 25385
3614 6704
3615 5473
3616 37944
3617 58268
3618 28513
3619 39972
3620 28641
3621 37920
3622 28641
3623 37944
3624 37920
3625 57706
3626 28577
3627 28521
3628 37920
3629 28513
3630 63337
3631 50077
3632 37920
3633 25368
3634 37920
3635 37920
3636 25371
3637 28641
3638 27169
3639 37920
3640 28641
3641 50077
3642 38697
3643 28513
3644 39972
3645 39968
3646 54072
3647 37920
3648 39988
3649 39972
3650 27264
3651 25449
3652 27265
3653 25387
3654 28641
3655 25419
3656 28513
3657 57129
3658 49968
3659 25370
3660 28489
3661 37920
3662 5473
3663 25370
3664 27424
3665 37920
3666 27264
3667 58121
3668 28449
3669 25387
3670 5473
3671 54049
3672 37920
3673 25418
3674 17169
3675 37920
3676 59241
3677 28513
3678 25370
3679 28513
3680 25419
3681 25370
3682 28577
3683 26473
3684 25370
3685 28513
3686 25370
3687 25370
3688 25370
3689 37920
3690 5473
3691 37920
3692 50077
3693 17200
3694 62221
3695 39968
3696 58144
3697 25371
3698 59177
3699 28513
3700 61281
3701 25387
3702 27264
3703 28513
3704 28457
3705 25371
3706 25370
3707 28641
3708 28513
3709 28577
3710 25370
3711 25370
3712 28513
3713 25370
3714 25370
3715 28513
3716 28449
3717 40504
3718 28521
3719 37920
3720 37944
3721 7716
3722 40480
3723 37920
3724 39968
3725 25368
3726 39972
3727 62221
3728 39988
3729 25370
3730 62248
3731 37920
3732 9056
3733 26411
3734 39972
3735 25371
3736 5473
3737 25370
3738 5473
3739 39984
3740 28521
3741 25370
3742 37920
3743 5473
3744 27264
3745 39992
3746 37920
3747 37944
3748 39972
3749 25370
3750 39984
3751 25371
3752 49976
3753 39992
3754 5473
3755 37920
3756 37920
3757 25370
3758 25384
3759 40480
3760 7716
3761 39972
3762 62365
3763 25371
3764 25370
3765 37920
3766 37920
3767 25371
3768 37936
3769 39988
3770 40496
3771 40292
3772 39972
3773 37920
3774 25370
3775 37920
3776 38241
3777 56105
3778 37920
3779 27264
3780 37928
3781 54072
3782 39968
3783 39480
3784 25352
3785 49952
3786 25370
3787 25352
3788 25370
3789 25370
3790 37920
3791 37920
3792 27433
3793 25370
3794 37920
3795 37944
3796 25371
3797 25370
3798 39968
3799 25371
3800 28513
3801 25370
3802 54173
3803 39972
3804 7205
3805 37920
3806 25370
3807 37920
3808 25371
3809 25371
3810 37920
3811 37688
3812 28577
3813 37920
3814 37920
3815 37920
3816 49821
3817 54072
3818 25371
3819 39972
3820 54049
3821 37665
3822 55096
3823 25355
3824 37920
3825 25370
3826 25370
3827 25363
3828 37920
3829 58144
3830 25370
3831 37920
3832 5473
3833 39968
3834 25370
3835 49936
3836 25434
3837 25371
3838 53916
3839 37920
3840 25354
3841 25371
3842 39968
3843 37920
3844 49821
3845 49821
3846 25371
3847 25371
3848 25434
3849 27264
3850 25370
3851 25370
3852 37920
3853 25370
3854 37920
3855 37920
3856 37920
3857 25370
3858 59178
3859 25370
3860 37428
3861 25370
3862 37665
3863 39972
3864 37688
3865 37920
3866 25371
3867 27465
3868 25370
3869 49953
3870 49976
3871 38176
3872 49821
3873 50077
3874 27393
3875 5473
3876 25355
3877 27264
3878 25370
3879 25370
3880 25370
3881 37920
3882 37664
3883 25386
3884 37944
3885 25370
3886 25370
3887 25371
3888 40228
3889 28417
3890 58136
3891 25370
3892 25371
3893 25370
3894 27392
3895 49821
3896 49821
3897 26473
3898 49821
3899 25370
3900 58120
3901 62365
3902 37920
3903 37920
3904 50077
3905 54040
3906 25370
3907 37920
3908 28513
3909 25370
3910 37920
3911 37920
3912 39988
3913 25370
3914 39972
3915 25418
3916 39968
3917 39992
3918 49821
3919 25368
3920 38688
3921 37920
3922 39968
3923 50077
3924 37920
3925 28641
3926 25370
3927 27264
3928 38689
3929 37920
3930 26465
3931 25370
3932 54049
3933 50077
3934 39972
3935 25386
3936 58219
3937 49821
3938 50077
3939 28513
3940 49976
3941 39968
3942 37920
3943 54053
3944 26473
3945 25371
3946 25371
3947 37920
3948 28521
3949 37920
3950 28513
3951 49821
3952 37920
3953 28521
3954 25371
3955 56097
3956 37920
3957 25370
3958 27169
3959 28513
3960 37920
3961 26473
3962 28513
3963 28513
3964 25377
3965 37920
3966 25370
3967 25370
3968 25370
3969 5473
3970 28521
3971 25370
3972 27520
3973 39992
3974 49949
3975 25371
3976 54045
3977 49821
3978 28513
3979 62240
3980 59169
3981 27393
3982 28641
3983 25370
3984 25371
3985 28513
3986 25370
3987 49821
3988 25434
3989 39996
3990 40292
3991 25370
3992 28513
3993 28577
3994 25353
3995 25370
3996 62221
3997 6245
3998 63337
3999 37920
4000 25371
4001 28641
4002 25370
4003 49821
4004 50077
4005 37920
4006 27465
4007 54173
4008 49821
4009 25370
4010 25370
4011 25370
4012 26411
4013 28513
4014 26377
4015 30573
4016 25370
4017 32617
4018 37920
4019 56864
4020 39968
4021 17193
4022 49821
4023 26394
4024 28577
4025 37920
4026 5473
4027 63341
4028 28521
4029 28513
4030 25370
4031 27265
4032 25370
4033 37920
4034 49952
4035 25371
4036 26409
4037 58218
4038 25370
4039 25370
4040 37920
4041 49821
4042 37920
4043 25370
4044 28513
4045 49821
4046 27265
4047 37920
4048 49821
4049 28513
4050 25353
4051 25370
4052 49821
4053 37920
4054 25370
4055 52009
4056 28513
4057 26473
4058 25370
4059 28481
4060 39972
4061 25370
4062 28641
4063 25432
4064 28521
4065 25371
4066 26472
4067 20257
4068 28513
4069 25355
4070 25370
4071 25371
4072 28417
4073 37920
4074 37920
4075 49821
4076 25370
4077 28513
4078 50076
4079 49821
4080 25370
4081 37920
4082 49821
4083 25371
4084 25370
4085 49821
4086 25370
4087 28513
4088 25387
4089 26473
4090 28577
4091 25370
4092 25370
4093 38240
4094 25370
4095 25370
4096 25370
4097 25371
4098 25370
4099 25370
4100 28641
4101 25355
4102 25370
4103 25370
4104 37936
4105 39972
4106 5473
4107 51000
4108 39968
4109 28521
4110 25418
4111 37944
4112 60200
4113 37920
4114 39984
4115 49968
4116 39972
4117 25370
4118 39972
4119 37920
4120 39968
4121 25370
4122 27393
4123 50077
4124 25370
4125 37688
4126 37920
4127 5473
4128 25370
4129 25370
4130 40292
4131 37944
4132 27264
4133 39968
4134 49977
4135 25354
4136 19200
4137 38176
4138 62365
4139 37936
4140 37924
4141 53917
4142 25370
4143 5473
4144 39968
4145 50077
4146 59192
4147 37920
4148 49960
4149 37936
4150 61217
4151 39992
4152 39988
4153 37920
4154 39972
4155 25377
4156 25370
4157 32617
4158 37920
4159 5473
4160 54072
4161 39972
4162 37920
4163 37920
4164 38452
4165 64289
4166 39972
4167 25370
4168 25370
4169 25370
4170 38452
4171 39968
4172 37920
4173 28521
4174 37920
4175 37940
4176 25371
4177 25371
4178 28513
4179 25370
4180 37436
4181 25371
4182 39992
4183 58154
4184 27521
4185 37920
4186 38240
4187 39968
4188 25352
4189 25449
4190 25352
4191 19232
4192 39968
4193 37920
4194 37920
4195 25371
4196 25371
4197 28513
4198 28641
4199 49821
4200 37680
4201 25368
4202 25370
4203 25370
4204 54056
4205 25370
4206 25370
4207 27280
4208 25371
4209 39968
4210 27265
4211 39968
4212 25355
4213 39984
4214 25387
4215 39968
4216 37920
4217 39968
4218 25370
4219 37920
4220 27264
4221 25360
4222 37920
4223 17192
4224 49821
4225 25370
4226 37920
4227 27521
4228 39968
4229 25346
4230 56120
4231 37920
4232 58170
4233 6944
4234 37920
4235 7205
4236 25371
4237 39968
4238 37920
4239 25370
4240 26394
4241 25370
4242 37920
4243 25371
4244 40480
4245 49976
4246 25370
4247 25434
4248 25370
4249 25370
4250 25370
4251 49821
4252 28513
4253 25371
4254 28577
4255 27264
4256 49821
4257 25370
4258 37664
4259 37920
4260 37944
4261 49821
4262 37920
4263 25370
4264 27265
4265 25370
4266 26409
4267 49821
4268 54157
4269 25371
4270 37920
4271 27393
4272 27264
4273 25354
4274 58137
4275 25370
4276 37920
4277 49952
4278 37920
4279 25363
4280 50077
4281 53812
4282 40484
4283 49821
4284 25418
4285 25370
4286 37920
4287 25370
4288 62253
4289 25371
4290 49821
4291 28513
4292 27265
4293 49821
4294 28513
4295 49821
4296 28513
4297 37920
4298 37920
4299 25370
4300 58253
4301 37920
4302 54328
4303 49821
4304 49821
4305 58155
4306 28545
4307 28513
4308 37920
4309 40737
4310 37920
4311 65313
4312 55088
4313 25370
4314 25354
4315 37920
4316 19088
4317 25371
4318 27264
4319 37920
4320 37920
4321 25370
4322 49821
4323 27521
4324 37920
4325 28513
4326 28513
4327 37928
4328 25370
4329 49952
4330 26473
4331 54072
4332 49821
4333 25370
4334 55084
4335 25370
4336 25352
4337 27264
4338 28449
4339 25370
4340 25370
4341 7780
4342 37920
4343 53916
4344 50077
4345 25377
4346 27264
4347 54840
4348 62365
4349 25355
4350 30573
4351 25370
4352 28641
4353 26473
4354 25370
4355 28513
4356 54076
4357 25370
4358 49821
4359 25370
4360 27264
4361 49812
4362 25370
4363 61281
4364 28521
4365 39972
4366 28577
4367 37920
4368 25370
4369 25370
4370 37672
4371 25370
4372 37920
4373 37936
4374 28641
4375 27264
4376 49821
4377 65313
4378 37920
4379 63341
4380 25370
4381 25353
4382 60161
4383 49821
4384 25361
4385 27265
4386 37944
4387 27392
4388 49960
4389 25370
4390 28513
4391 25370
4392 39992
4393 53909
4394 25371
4395 28513
4396 38176
4397 28545
4398 49821
4399 25355
4400 27393
4401 28521
4402 19785
4403 54016
4404 37920
4405 60048
4406 49968
4407 49821
4408 37920
4409 25371
4410 54036
4411 5473
4412 58234
4413 39972
4414 39992
4415 25418
4416 28513
4417 28513
4418 25370
4419 25371
4420 25370
4421 25371
4422 25370
4423 25370
4424 25370
4425 25370
4426 26377
4427 25385
4428 28641
4429 25370
4430 28641
4431 49813
4432 28417
4433 25371
4434 25370
4435 39968
4436 25419
4437 27521
4438 28641
4439 25370
4440 25371
4441 25370
4442 28641
4443 37920
4444 40497
4445 39988
4446 37944
4447 37920
4448 49960
4449 25449
4450 7780
4451 37920
4452 37920
4453 37924
4454 25370
4455 37920
4456 37928
4457 51000
4458 25371
4459 39972
4460 39968
4461 54173
4462 25370
4463 25368
4464 5473
4465 25370
4466 37920
4467 38241
4468 39968
4469 37672
4470 25371
4471 37920
4472 27264
4473 39972
4474 49978
4475 37936
4476 25370
4477 17193
4478 25370
4479 49821
4480 37944
4481 37920
4482 25370
4483 25370
4484 39988
4485 40224
4486 39968
4487 50073
4488 37920
4489 28425
4490 37936
4491 25344
4492 39972
4493 17208
4494 37936
4495 37944
4496 25386
4497 37920
4498 37920
4499 5473
4500 25416
4501 27264
4502 55073
4503 25368
4504 25370
4505 27280
4506 54072
4507 27488
4508 25370
4509 37920
4510 60192
4511 25370
4512 25370
4513 54073
4514 27409
4515 25355
4516 5473
4517 37920
4518 25354
4519 37920
4520 39988
4521 37920
4522 58155
4523 54072
4524 37920
4525 49960
4526 25371
4527 39972
4528 25370
4529 40736
4530 25370
4531 39968
4532 25434
4533 25370
4534 37920
4535 58154
4536 25371
4537 25387
4538 39968
4539 25370
4540 38176
4541 25370
4542 27265
4543 25371
4544 28513
4545 49812
4546 37920
4547 25370
4548 54049
4549 27264
4550 37920
4551 25370
4552 37928
4553 37948
4554 37920
4555 27264
4556 28521
4557 39988
4558 25352
4559 28417
4560 28641
4561 17160
4562 37152
4563 37920
4564 37920
4565 25370
4566 37924
4567 25370
4568 25370
4569 25370
4570 37920
4571 7716
4572 25370
4573 25370
4574 25370
4575 27425
4576 58241
4577 17177
4578 25370
4579 37936
4580 49821
4581 62349
4582 49821
4583 26411
4584 25370
4585 49821
4586 25370
4587 37920
4588 49821
4589 37920
4590 37944
4591 49921
4592 49821
4593 49821
4594 25371
4595 27392
4596 37920
4597 50077
4598 39968
4599 25355
4600 53916
4601 28545
4602 58218
4603 25370
4604 25370
4605 28577
4606 25370
4607 54173
4608 49821
4609 49821
4610 49821
4611 49821
4612 25370
4613 37944
4614 25371
4615 27264
4616 25371
4617 58152
4618 49821
4619 49976
4620 37920
4621 25371
4622 49821
4623 28521
4624 38689
4625 39988
4626 58145
4627 17208
4628 25370
4629 25355
4630 25370
4631 37920
4632 19232
4633 37920
4634 39968
4635 39972
4636 37920
4637 37920
4638 25370
4639 49821
4640 53025
4641 28513
4642 28521
4643 37920
4644 37928
4645 25418
4646 50077
4647 5473
4648 30573
4649 28545
4650 25371
4651 25370
4652 27264
4653 28513
4654 25371
4655 28513
4656 56104
4657 25370
4658 25370
4659 800
4660 50077
4661 51968
4662 49953
4663 54049
4664 28513
4665 19785
4666 25387
4667 28513
4668 27264
4669 28521
4670 25354
4671 27264
4672 30573
4673 28521
4674 28641
4675 25370
4676 25370
4677 39968
4678 28641
4679 40744
4680 50077
4681 25344
4682 28513
4683 25371
4684 28577
4685 28641
4686 28521
4687 27521
4688 28521
4689 28577
4690 39457
4691 25371
4692 25363
4693 53024
4694 27553
4695 39972
4696 37920
4697 40508
4698 37920
4699 30573
4700 37920
4701 49821
4702 59169
4703 28513
4704 39972
4705 25371
4706 28513
4707 17208
4708 25370
4709 37920
4710 5473
4711 50077
4712 49821
4713 38689
4714 27169
4715 37920
4716 39968
4717 58155
4718 59194
4719 27264
4720 37920
4721 25370
4722 26473
4723 25352
4724 39972
4725 39972
4726 37920
4727 28641
4728 37920
4729 38456
4730 37920
4731 62221
4732 26387
4733 39972
4734 25370
4735 28513
4736 25370
4737 25370
4738 37944
4739 39968
4740 39992
4741 28641
4742 28521
4743 27465
4744 54049
4745 28513
4746 37920
4747 25387
4748 28641
4749 25370
4750 25370
4751 25355
4752 25370
4753 37920
4754 25384
4755 39992
4756 37944
4757 39480
4758 37920
4759 37920
4760 54053
4761 5473
4762 39968
4763 25355
4764 54048
4765 26369
4766 39968
4767 38184
4768 37920
4769 27521
4770 37920
4771 28641
4772 55080
4773 28577
4774 27521
4775 25370
4776 27264
4777 5473
4778 27264
4779 25370
4780 17193
4781 27264
4782 38176
4783 37924
4784 25384
4785 39988
4786 25370
4787 53808
4788 40504
4789 25371
4790 25370
4791 25370
4792 63341
4793 25370
4794 25370
4795 39972
4796 2848
4797 5473
4798 37920
4799 25370
4800 37920
4801 39968
4802 37948
4803 37944
4804 39972
4805 27265
4806 25370
4807 37432
4808 37920
4809 37920
4810 38241
4811 39972
4812 40484
4813 37920
4814 28521
4815 39972
4816 58144
4817 25370
4818 25370
4819 40736
4820 39968
4821 25370
4822 37920
4823 37920
4824 28513
4825 25370
4826 25418
4827 38696
4828 37920
4829 58234
4830 37920
4831 5473
4832 37920
4833 37944
4834 37920
4835 37920
4836 39480
4837 39996
4838 37944
4839 39984
4840 17185
4841 25361
4842 25370
4843 25371
4844 37920
4845 37920
4846 25387
4847 39984
4848 38712
4849 54029
4850 50077
4851 54173
4852 25370
4853 37920
4854 28641
4855 37920
4856 37920
4857 25371
4858 25371
4859 39972
4860 54029
4861 25370
4862 54077
4863 54049
4864 25370
4865 25370
4866 49821
4867 37428
4868 37936
4869 50077
4870 25370
4871 25368
4872 61345
4873 25370
4874 54173
4875 37924
4876 37944
4877 25370
4878 28417
4879 25370
4880 37920
4881 28577
4882 37672
4883 25370
4884 26403
4885 25370
4886 25379
4887 25449
4888 49821
4889 37920
4890 50077
4891 25371
4892 37436
4893 49821
4894 39968
4895 49953
4896 49821
4897 50077
4898 26473
4899 49821
4900 38176
4901 63265
4902 25370
4903 27425
4904 37920
4905 27280
4906 63341
4907 25371
4908 25370
4909 37944
4910 26411
4911 800
4912 49976
4913 49944
4914 37920
4915 49821
4916 28513
4917 25370
4918 25371
4919 37920
4920 25370
4921 28641
4922 25370
4923 25371
4924 49976
4925 39972
4926 25400
4927 37920
4928 54053
4929 40504
4930 65313
4931 50077
4932 37920
4933 25387
4934 54076
4935 27280
4936 37920
4937 25352
4938 37920
4939 40496
4940 25370
4941 25371
4942 25370
4943 39972
4944 28513
4945 49821
4946 27264
4947 59169
4948 37924
4949 49821
4950 28521
4951 25353
4952 26409
4953 25370
4954 25371
4955 40233
4956 37920
4957 28521
4958 27264
4959 25370
4960 54328
4961 25370
4962 28489
4963 27265
4964 27553
4965 25370
4966 28641
4967 27264
4968 28641
4969 28449
4970 28513
4971 28449
4972 25370
4973 37920
4974 54157
4975 62365
4976 28545
4977 58217
4978 37920
4979 37920
4980 27393
4981 27489
4982 20257
4983 37920
4984 49953
4985 25448
4986 37920
4987 25371
4988 32617
4989 54029
4990 27264
4991 39968
4992 39972
4993 28449
4994 25370
4995 28425
4996 25371
4997 27264
4998 37920
4999 25370
5000 25370
5001 19201
5002 28545
5003 28545
5004 49821
5005 28641
5006 25354
5007 37920
5008 25370
5009 49952
5010 25370
5011 19200
5012 27465
5013 25370
5014 39980
5015 25371
5016 37920
5017 25370
5018 49952
5019 37920
5020 25371
5021 39968
5022 50077
5023 25370
5024 54049
5025 37944
5026 28521
5027 25370
5028 28481
5029 37920
5030 39972
5031 25371
5032 39972
5033 25371
5034 62365
5035 37936
5036 50069
5037 37920
5038 25371
5039 39972
5040 49821
5041 25370
5042 28513
5043 28641
5044 25354
5045 28577
5046 39996
5047 37920
5048 27424
5049 39968
5050 39968
5051 38177
5052 25370
5053 37920
5054 25370
5055 27169
5056 37920
5057 4896
5058 37920
5059 62349
5060 38712
5061 5473
5062 5473
5063 49968
5064 39972
5065 25371
5066 27264
5067 25387
5068 39992
5069 37944
5070 39972
5071 25370
5072 37936
5073 25371
5074 25370
5075 37920
5076 58154
5077 25370
5078 39968
5079 50985
5080 39968
5081 37920
5082 39988
5083 39972
5084 37920
5085 39968
5086 25370
5087 39480
5088 37920
5089 5473
5090 37920
5091 37920
5092 49976
5093 27265
5094 39988
5095 58153
5096 39972
5097 26411
5098 25368
5099 25376
5100 25370
5101 37920
5102 25370
5103 37920
5104 39972
5105 28545
5106 28641
5107 38696
5108 25354
5109 25400
5110 37920
5111 37920
5112 39968
5113 38688
5114 37921
5115 39992
5116 39968
5117 54064
5118 25370
5119 25354
5120 808
5121 37924
5122 39992
5123 62365
5124 25371
5125 54040
5126 40484
5127 25370
5128 37920
5129 37920
5130 25434
5131 37920
5132 39988
5133 25370
5134 17168
5135 26411
5136 53917
5137 28577
5138 25370
5139 27264
5140 49949
5141 54056
5142 49821
5143 25370
5144 25370
5145 39972
5146 49821
5147 25371
5148 37928
5149 54072
5150 25370
5151 28513
5152 39984
5153 27264
5154 49821
5155 38180
5156 40292
5157 54072
5158 27169
5159 55096
5160 25353
5161 39968
5162 27280
5163 25354
5164 25371
5165 25370
5166 25370
5167 27264
5168 53917
5169 25371
5170 49821
5171 50985
5172 27265
5173 25370
5174 37920
5175 49821
5176 49821
5177 37920
5178 37920
5179 37920
5180 49821
5181 55856
5182 62241
5183 49821
5184 37920
5185 58170
5186 26401
5187 49821
5188 49821
5189 49960
5190 49941
5191 25370
5192 39984
5193 39972
5194 57129
5195 39992
5196 49952
5197 49961
5198 40508
5199 50077
5200 49821
5201 50073
5202 49812
5203 54049
5204 28513
5205 25370
5206 37920
5207 37688
5208 39972
5209 49821
5210 49821
5211 28449
5212 58120
5213 49812
5214 54173
5215 5473
5216 25368
5217 39988
5218 39968
5219 25370
5220 38456
5221 37920
5222 49821
5223 17192
5224 28641
5225 25370
5226 25354
5227 50077
5228 26473
5229 25371
5230 28513
5231 39972
5232 37920
5233 25370
5234 62253
5235 28449
5236 39988
5237 38696
5238 25368
5239 28521
5240 54016
5241 38688
5242 28577
5243 28577
5244 37920
5245 40292
5246 28449
5247 27264
5248 4897
5249 49821
5250 49821
5251 25371
5252 37664
5253 50077
5254 27553
5255 5473
5256 58145
5257 59178
5258 25370
5259 49821
5260 25370
5261 28641
5262 25370
5263 39988
5264 37920
5265 49953
5266 58218
5267 39972
5268 17208
5269 28513
5270 25449
5271 27393
5272 30573
5273 25370
5274 28521
5275 28641
5276 37944
5277 25370
5278 5473
5279 27393
5280 25371
5281 28545
5282 25370
5283 25370
5284 25370
5285 25370
5286 37920
5287 37920
5288 62221
5289 49976
5290 49821
5291 37924
5292 27264
5293 49821
5294 25368
5295 27264
5296 37920
5297 40292
5298 55856
5299 19233
5300 37920
5301 39968
5302 39972
5303 54840
5304 25387
5305 39972
5306 25370
5307 25370
5308 28641
5309 25360
5310 39968
5311 37920
5312 25387
5313 25355
5314 25370
5315 28489
5316 28577
5317 28641
5318 28457
5319 26473
5320 39972
5321 37920
5322 25370
5323 28641
5324 27424
5325 50077
5326 25370
5327 25371
5328 25370
5329 28641
5330 25370
5331 37920
5332 7269
5333 37944
5334 37940
5335 54064
5336 25384
5337 37920
5338 7205
5339 37920
5340 37928
5341 39968
5342 25370
5343 39968
5344 37920
5345 25370
5346 37920
5347 25360
5348 5473
5349 25371
5350 37920
5351 25370
5352 27296
5353 5473
5354 27264
5355 28545
5356 37920
5357 25370
5358 37920
5359 54072
5360 59169
5361 26394
5362 25379
5363 37920
5364 27265
5365 39968
5366 37920
5367 25371
5368 37920
5369 39992
5370 39972
5371 25368
5372 37944
5373 25370
5374 38241
5375 39968
5376 37944
5377 25384
5378 37920
5379 37920
5380 27265
5381 25370
5382 40744
5383 25370
5384 39968
5385 28513
5386 18976
5387 25355
5388 37920
5389 37944
5390 37672
5391 39972
5392 40484
5393 40500
5394 39972
5395 49960
5396 25370
5397 39968
5398 6704
5399 25370
5400 52000
5401 58218
5402 25370
5403 63341
5404 58186
5405 40508
5406 58268
5407 25370
5408 37920
5409 39972
5410 25370
5411 39988
5412 39968
5413 25370
5414 37920
5415 5477
5416 25370
5417 25370
5418 39972
5419 37920
5420 53780
5421 25370
5422 37921
5423 37920
5424 54048
5425 25370
5426 25370
5427 58245
5428 37936
5429 25371
5430 39996
5431 25370
5432 39972
5433 25418
5434 27393
5435 39972
5436 49821
5437 25370
5438 25434
5439 28521
5440 50069
5441 50077
5442 54045
5443 39968
5444 25370
5445 49821
5446 25370
5447 37920
5448 37920
5449 49821
5450 49821
5451 39972
5452 49821
5453 50077
5454 25371
5455 58139
5456 25345
5457 7716
5458 25370
5459 39972
5460 27264
5461 37920
5462 27264
5463 58218
5464 19200
5465 25376
5466 58153
5467 19232
5468 54056
5469 49953
5470 27264
5471 58218
5472 25440
5473 25370
5474 50077
5475 40504
5476 58218
5477 39968
5478 37928
5479 28641
5480 37920
5481 25370
5482 27264
5483 25347
5484 28449
5485 28513
5486 25449
5487 49960
5488 25370
5489 26472
5490 27264
5491 49821
5492 55096
5493 37920
5494 39988
5495 28513
5496 25370
5497 37928
5498 25370
5499 58136
5500 28449
5501 25352
5502 25370
5503 39972
5504 49821
5505 25370
5506 25370
5507 61217
5508 25370
5509 25370
5510 59241
5511 25370
5512 25355
5513 25370
5514 39712
5515 49821
5516 28457
5517 37920
5518 40504
5519 28577
5520 37920
5521 25370
5522 25387
5523 37920
5524 25384
5525 37920
5526 25370
5527 50077
5528 25371
5529 39972
5530 37920
5531 49948
5532 49821
5533 25370
5534 27265
5535 37924
5536 9056
5537 28449
5538 37920
5539 49821
5540 58218
5541 25370
5542 54072
5543 25371
5544 19201
5545 25361
5546 37920
5547 25370
5548 5473
5549 39968
5550 25434
5551 28417
5552 37921
5553 19233
5554 37920
5555 27457
5556 62349
5557 37920
5558 39968
5559 39972
5560 25370
5561 37920
5562 25370
5563 27521
5564 49976
5565 25371
5566 25370
5567 50076
5568 25370
5569 28641
5570 27456
5571 37920
5572 27496
5573 25370
5574 28521
5575 27457
5576 25370
5577 50073
5578 37920
5579 25416
5580 25371
5581 28457
5582 37920
5583 37920
5584 49821
5585 25370
5586 49821
5587 49821
5588 25370
5589 27265
5590 25370
5591 28513
5592 28521
5593 25371
5594 28513
5595 28449
5596 27264
5597 28513
5598 25370
5599 25371
5600 37920
5601 27296
5602 39996
5603 25370
5604 50077
5605 25370
5606 49821
5607 28521
5608 25370
5609 26473
5610 49821
5611 28641
5612 25371
5613 5473
5614 25371
5615 40484
5616 28577
5617 27424
5618 39992
5619 37920
5620 39988
5621 25370
5622 54072
5623 25377
5624 40224
5625 50077
5626 55096
5627 5473
5628 37920
5629 25370
5630 28457
5631 25370
5632 19248
5633 54840
5634 39968
5635 25368
5636 25370
5637 25371
5638 37936
5639 17192
5640 37920
5641 39972
5642 63329
5643 39972
5644 816
5645 39972
5646 25371
5647 39972
5648 37920
5649 25370
5650 39988
5651 37920
5652 37920
5653 28577
5654 39972
5655 25370
5656 25370
5657 37920
5658 28521
5659 39972
5660 26411
5661 25370
5662 25418
5663 25371
5664 38456
5665 39992
5666 37920
5667 63329
5668 49960
5669 39968
5670 55096
5671 25370
5672 27401
5673 37920
5674 56104
5675 37920
5676 37920
5677 25370
5678 37920
5679 25371
5680 54044
5681 39992
5682 40484
5683 37920
5684 39972
5685 25370
5686 53025
5687 37920
5688 25370
5689 37920
5690 60161
5691 39968
5692 5473
5693 25370
5694 39972
5695 39968
5696 25345
5697 25371
5698 18217
5699 25370
5700 58138
5701 50077
5702 62217
5703 49821
5704 25441
5705 37920
5706 37920
5707 37944
5708 25370
5709 25370
5710 19233
5711 54072
5712 25370
5713 39992
5714 49821
5715 25370
5716 27264
5717 49821
5718 25355
5719 58144
5720 49821
5721 49821
5722 39972
5723 50077
5724 49821
5725 49821
5726 25371
5727 37672
5728 39996
5729 39988
5730 25370
5731 49821
5732 37920
5733 49821
5734 25384
5735 25371
5736 50077
5737 25370
5738 50077
5739 27264
5740 25418
5741 37932
5742 25377
5743 49821
5744 25370
5745 25371
5746 25370
5747 39988
5748 25368
5749 39992
5750 39972
5751 27280
5752 25370
5753 28513
5754 58138
5755 25371
5756 54073
5757 37920
5758 26473
5759 27393
5760 49821
5761 28513
5762 28521
5763 25370
5764 27169
5765 49812
5766 40508
5767 25371
5768 37920
5769 49821
5770 25370
5771 54056
5772 49821
5773 28513
5774 37944
5775 25370
5776 28513
5777 49821
5778 37920
5779 25370
5780 25371
5781 27264
5782 28521
5783 58136
5784 25370
5785 50077
5786 28513
5787 57120
5788 25402
5789 25370
5790 25370
5791 52000
5792 37920
5793 25418
5794 25370
5795 28641
5796 39996
5797 39972
5798 25370
5799 28609
5800 39972
5801 25370
5802 58209
5803 26411
5804 27489
5805 37920
5806 37920
5807 37944
5808 37920
5809 25370
5810 37920
5811 39972
5812 25371
5813 39968
5814 25371
5815 28521
5816 25370
5817 37664
5818 28417
5819 28521
5820 37932
5821 25355
5822 27264
5823 25371
5824 37920
5825 37920
5826 55080
5827 37924
5828 25370
5829 25370
5830 25370
5831 25371
5832 25370
5833 25370
5834 25370
5835 25370
5836 25370
5837 25370
5838 25376
5839 37920
5840 52008
5841 58154
5842 39988
5843 27296
5844 54056
5845 5473
5846 25384
5847 37920
5848 37920
5849 37920
5850 58139
5851 39968
5852 39968
5853 37920
5854 5473
5855 27553
5856 39992
5857 25370
5858 28545
5859 27521
5860 25368
5861 39972
5862 17184
5863 39988
5864 25371
5865 25384
5866 38712
5867 37920
5868 27264
5869 7269
5870 37920
5871 58155
5872 37936
5873 25368
5874 63341
5875 25370
5876 39972
5877 28449
5878 56073
5879 37688
5880 37924
5881 39972
5882 54817
5883 27424
5884 25370
5885 37944
5886 25368
5887 19232
5888 57121
5889 39968
5890 39969
5891 25347
5892 49976
5893 58122
5894 28545
5895 25371
5896 37920
5897 27424
5898 37924
5899 39969
5900 39968
5901 25370
5902 28521
5903 25370
5904 37688
5905 25370
5906 50072
5907 39988
5908 39972
5909 49952
5910 39988
5911 54072
5912 25370
5913 6704
5914 39972
5915 37920
5916 25368
5917 25370
5918 25370
5919 18976
5920 54072
5921 50077
5922 39988
5923 25370
5924 37920
5925 39972
5926 25371
5927 39968
5928 37920
5929 39972
5930 25371
5931 25345
5932 49953
5933 25370
5934 25370
5935 63265
5936 25371
5937 39457
5938 39968
5939 25354
5940 25371
5941 25370
5942 25370
5943 17256
5944 49929
5945 40292
5946 37920
5947 37944
5948 25371
5949 37920
5950 25370
5951 37920
5952 37920
5953 49821
5954 25370
5955 28545
5956 50073
5957 50077
5958 62253
5959 49821
5960 39972
5961 54173
5962 49821
5963 25371
5964 50068
5965 25418
5966 49812
5967 25370
5968 54072
5969 17208
5970 37920
5971 28577
5972 25368
5973 28513
5974 28521
5975 49976
5976 49821
5977 27264
5978 19225
5979 49821
5980 54173
5981 25370
5982 39972
5983 19240
5984 54072
5985 28641
5986 37920
5987 28513
5988 40737
5989 27264
5990 28449
5991 27264
5992 37944
5993 5473
5994 28577
5995 54048
5996 27393
5997 40480
5998 38436
5999 25370
6000 28521
6001 25370
6002 38241
6003 37920
6004 49952
6005 37152
6006 49821
6007 39968
6008 28513
6009 25370
6010 39972
6011 25370
6012 25370
6013 37920
6014 20257
6015 37920
6016 25370
6017 54173
6018 39968
6019 19785
6020 28577
6021 39968
6022 25370
6023 39456
6024 50077
6025 37920
6026 54056
6027 39968
6028 25362
6029 39968
6030 5473
6031 40481
6032 39456
6033 37945
6034 39968
6035 25370
6036 25370
6037 63341
6038 19233
6039 38697
6040 37944
6041 52001
6042 58253
6043 49821
6044 28641
6045 25384
6046 37940
6047 28489
6048 28521
6049 37688
6050 27264
6051 37936
6052 25355
6053 25370
6054 27264
6055 49821
6056 39980
6057 28449
6058 39988
6059 25371
6060 25370
6061 26473
6062 25417
6063 27264
6064 25370
6065 25370
6066 25370
6067 25370
6068 25371
6069 27264
6070 37920
6071 40480
6072 25386
6073 25370
6074 26411
6075 25370
6076 25371
6077 28489
6078 25370
6079 28513
6080 37924
6081 5473
6082 54832
6083 37920
6084 39984
6085 28449
6086 39992
6087 37944
6088 25370
6089 37680
6090 19785
6091 25370
6092 25344
6093 39972
6094 25370
6095 37920
6096 28545
6097 37920
6098 55080
6099 39988
6100 25371
6101 25370
6102 49936
6103 37920
6104 37920
6105 25371
6106 39968
6107 39968
6108 37920
6109 39972
6110 40500
6111 39972
6112 37920
6113 37920
6114 39988
6115 25370
6116 37944
6117 37928
6118 39972
6119 28641
6120 17192
6121 63264
6122 25370
6123 19241
6124 19240
6125 37944
6126 25370
6127 26384
6128 26411
6129 37920
6130 39972
6131 25371
6132 19240
6133 39988
6134 37920
6135 37920
6136 37920
6137 25370
6138 25370
6139 39972
6140 37920
6141 25370
6142 39968
6143 25370
6144 25371
6145 37920
6146 37920
6147 25370
6148 38241
6149 37920
6150 25370
6151 26411
6152 39968
6153 25370
6154 26411
6155 28641
6156 54189
6157 27264
6158 37920
6159 27424
6160 49928
6161 50077
6162 25370
6163 19240
6164 27393
6165 39992
6166 49812
6167 27280
6168 25370
6169 25370
6170 25360
6171 25370
6172 49821
6173 37920
6174 37920
6175 25370
6176 56073
6177 50077
6178 49821
6179 25370
6180 28513
6181 49821
6182 49821
6183 65385
6184 37920
6185 50077
6186 19232
6187 49821
6188 37920
6189 49821
6190 49936
6191 25370
6192 62248
6193 25408
6194 58269
6195 37920
6196 39972
6197 49821
6198 37160
6199 25400
6200 25449
6201 27280
6202 37920
6203 28513
6204 49821
6205 37152
6206 49821
6207 37920
6208 27393
6209 37936
6210 28545
6211 39972
6212 25370
6213 25376
6214 39972
6215 37920
6216 49812
6217 28449
6218 37920
6219 39972
6220 25370
6221 25370
6222 55840
6223 54832
6224 58138
6225 39996
6226 54056
6227 25386
6228 7205
6229 55096
6230 39972
6231 56096
6232 25371
6233 38177
6234 49821
6235 25370
6236 39968
6237 40737
6238 25355
6239 39972
6240 28489
6241 25370
6242 37920
6243 58170
6244 49821
6245 25370
6246 28449
6247 57121
6248 18976
6249 37920
6250 28481
6251 25370
6252 50077
6253 54056
6254 28521
6255 25386
6256 25370
6257 25370
6258 37920
6259 39480
6260 37920
6261 25370
6262 28577
6263 28545
6264 25370
6265 6704
6266 28513
6267 49953
6268 40737
6269 28545
6270 28609
6271 39972
6272 38457
6273 49821
6274 50077
6275 25370
6276 37920
6277 25370
6278 28577
6279 37920
6280 28577
6281 25370
6282 49821
6283 37920
6284 25370
6285 39992
6286 58217
6287 39988
6288 37920
6289 58208
6290 25370
6291 54112
6292 25370
6293 25387
6294 63341
6295 37924
6296 37688
6297 28513
6298 37924
6299 25354
6300 25370
6301 25370
6302 25434
6303 25370
6304 25371
6305 27497
6306 28641
6307 53792
6308 28577
6309 58217
6310 28577
6311 58208
6312 57706
6313 39968
6314 25370
6315 38241
6316 39972
6317 25434
6318 39988
6319 27280
6320 27265
6321 39968
6322 37920
6323 25371
6324 25370
6325 25370
6326 37928
6327 39988
6328 25370
6329 39968
6330 40508
6331 37920
6332 19209
6333 39972
6334 801
6335 54056
6336 28577
6337 40504
6338 25370
6339 37920
6340 27265
6341 37920
6342 30573
6343 39984
6344 37920
6345 25370
6346 25370
6347 25370
6348 25370
6349 39968
6350 58154
6351 37920
6352 37944
6353 37920
6354 27264
6355 19248
6356 37920
6357 33576
6358 37920
6359 25386
6360 38712
6361 17185
6362 39988
6363 39968
6364 25371
6365 37920
6366 37920
6367 25371
6368 37920
6369 25370
6370 39972
6371 25370
6372 37920
6373 37920
6374 39968
6375 25370
6376 17192
6377 25370
6378 28449
6379 26411
6380 28513
6381 25370
6382 39968
6383 25371
6384 39984
6385 37936
6386 37920
6387 50077
6388 17185
6389 40292
6390 39972
6391 25370
6392 7269
6393 25370
6394 25370
6395 25368
6396 25370
6397 7269
6398 39984
6399 25370
6400 25370
6401 62217
6402 57707
6403 25386
6404 49821
6405 19785
6406 19233
6407 27264
6408 25368
6409 27280
6410 50077
6411 49821
6412 49821
6413 27264
6414 25370
6415 40292
6416 25370
6417 37920
6418 25370
6419 49978
6420 25371
6421 28513
6422 49821
6423 25370
6424 58208
6425 27424
6426 25370
6427 25370
6428 28577
6429 25434
6430 49821
6431 28521
6432 49953
6433 25371
6434 54060
6435 39992
6436 33592
6437 54048
6438 37920
6439 25355
6440 27264
6441 39968
6442 50077
6443 28449
6444 25434
6445 57706
6446 39472
6447 25370
6448 38457
6449 27553
6450 39480
6451 37920
6452 50068
6453 37924
6454 25449
6455 25370
6456 17161
6457 25370
6458 25417
6459 26473
6460 54173
6461 37920
6462 28513
6463 56097
6464 37920
6465 27265
6466 25370
6467 49821
6468 25376
6469 28577
6470 37920
6471 39972
6472 38241
6473 63264
6474 25370
6475 25387
6476 25371
6477 27264
6478 28577
6479 37928
6480 28641
6481 37944
6482 50077
6483 58269
6484 28449
6485 26473
6486 28513
6487 49821
6488 25370
6489 28577
6490 38176
6491 37920
6492 25387
6493 58153
6494 62221
6495 38436
6496 25370
6497 63341
6498 28521
6499 25376
6500 40508
6501 25370
6502 25370
6503 40504
6504 25371
6505 58154
6506 25370
6507 25450
6508 63341
6509 28481
6510 39972
6511 27265
6512 25370
6513 25370
6514 37920
6515 37920
6516 54056
6517 25370
6518 28481
6519 37920
6520 58144
6521 49952
6522 25370
6523 25370
6524 25370
6525 27408
6526 25370
6527 37920
6528 7269
6529 39996
6530 37920
6531 37920
6532 37944
6533 25370
6534 28513
6535 61217
6536 55072
6537 27265
6538 25370
6539 27280
6540 54072
6541 54048
6542 38689
6543 25370
6544 58155
6545 37920
6546 26411
6547 38184
6548 28577
6549 39968
6550 37920
6551 39972
6552 28577
6553 38448
6554 37944
6555 39968
6556 37920
6557 54056
6558 37944
6559 27553
6560 27457
6561 28545
6562 39972
6563 39968
6564 37924
6565 25371
6566 39992
6567 55096
6568 6704
6569 37920
6570 49960
6571 37944
6572 50077
6573 37920
6574 25370
6575 39972
6576 26472
6577 40508
6578 38688
6579 39968
6580 7269
6581 25371
6582 27392
6583 25370
6584 37944
6585 39968
6586 25347
6587 37920
6588 39712
6589 37920
6590 17192
6591 37920
6592 25370
6593 37920
6594 5473
6595 19208
6596 49821
6597 17176
6598 54173
6599 37924
6600 40504
6601 37688
6602 25354
6603 49821
6604 39968
6605 37920
6606 25440
6607 25370
6608 39992
6609 39972
6610 25370
6611 37920
6612 7269
6613 25370
6614 26473
6615 40488
6616 27264
6617 25371
6618 25371
6619 37920
6620 49821
6621 49821
6622 25371
6623 37920
6624 25418
6625 49929
6626 26411
6627 25419
6628 49937
6629 25370
6630 39968
6631 27280
6632 49821
6633 37920
6634 25370
6635 37944
6636 49821
6637 49821
6638 28641
6639 25449
6640 25371
6641 28513
6642 55096
6643 37920
6644 36924
6645 27264
6646 28449
6647 25370
6648 37920
6649 28577
6650 28513
6651 27264
6652 25370
6653 28513
6654 27497
6655 25370
6656 19200
6657 49821
6658 37920
6659 37944
6660 58219
6661 26411
6662 5473
6663 25355
6664 51977
6665 39992
6666 28641
6667 25385
6668 56065
6669 32617
6670 49953
6671 28513
6672 54049
6673 37920
6674 25371
6675 25384
6676 25449
6677 50077
6678 25376
6679 50077
6680 37920
6681 28513
6682 25371
6683 25370
6684 39972
6685 27264
6686 37945
6687 37920
6688 37920
6689 39968
6690 37920
6691 38241
6692 25387
6693 57706
6694 25377
6695 28449
6696 37688
6697 27457
6698 49952
6699 25371
6700 25370
6701 25371
6702 54049
6703 38184
6704 25370
6705 19241
6706 25370
6707 39968
6708 27280
6709 37920
6710 39968
6711 58152
6712 37920
6713 28417
6714 25368
6715 54072
6716 37920
6717 25371
6718 52001
6719 49821
6720 39968
6721 40292
6722 25418
6723 25371
6724 27521
6725 27393
6726 39968
6727 37920
6728 37920
6729 25371
6730 25370
6731 25370
6732 28641
6733 25370
6734 37920
6735 26411
6736 37920
6737 25370
6738 26473
6739 25370
6740 37920
6741 28449
6742 27521
6743 39972
6744 37920
6745 37920
6746 37920
6747 37920
6748 25370
6749 26384
6750 37920
6751 25387
6752 25370
6753 28577
6754 39988
6755 39972
6756 5477
6757 49952
6758 27617
6759 25370
6760 37924
6761 39988
6762 25370
6763 37920
6764 55080
6765 37944
6766 58218
6767 39968
6768 54056
6769 37940
6770 2848
6771 25370
6772 38240
6773 25370
6774 39972
6775 26465
6776 55864
6777 28641
6778 39972
6779 39968
6780 37920
6781 37920
6782 37920
6783 25361
6784 27553
6785 28513
6786 37920
6787 39972
6788 37944
6789 37920
6790 25370
6791 37928
6792 25353
6793 62240
6794 63272
6795 37920
6796 49960
6797 37920
6798 54056
6799 25370
6800 39968
6801 25370
6802 37920
6803 28609
6804 25370
6805 37944
6806 39736
6807 37920
6808 25370
6809 37944
6810 54049
6811 37920
6812 37920
6813 50077
6814 54072
6815 19240
6816 25371
6817 25370
6818 49821
6819 26369
6820 38432
6821 26411
6822 25360
6823 59169
6824 54061
6825 25370
6826 39972
6827 37920
6828 39992
6829 54056
6830 25370
6831 49952
6832 38688
6833 49936
6834 25379
6835 25370
6836 27264
6837 49821
6838 39972
6839 39988
6840 37944
6841 49821
6842 39480
6843 40504
6844 25370
6845 49821
6846 40736
6847 25370
6848 25371
6849 39968
6850 19224
6851 25362
6852 25370
6853 49821
6854 54328
6855 25370
6856 39972
6857 49821
6858 25370
6859 7269
6860 37920
6861 38177
6862 25370
6863 59192
6864 39988
6865 28449
6866 26411
6867 54173
6868 51968
6869 27425
6870 26403
6871 60032
6872 27521
6873 55096
6874 27553
6875 49821
6876 39968
6877 58152
6878 27264
6879 37920
6880 28513
6881 56097
6882 37920
6883 27280
6884 37920
6885 49821
6886 37920
6887 28513
6888 27393
6889 49920
6890 37920
6891 39968
6892 28641
6893 40500
6894 39480
6895 38184
6896 28417
6897 37928
6898 58144
6899 37920
6900 49821
6901 28577
6902 25376
6903 37920
6904 37920
6905 28513
6906 37920
6907 28641
6908 52008
6909 28449
6910 28449
6911 63337
6912 28577
6913 28641
6914 39980
6915 54840
6916 37920
6917 27264
6918 25376
6919 28513
6920 37920
6921 39976
6922 39972
6923 25370
6924 25371
6925 25354
6926 25354
6927 28457
6928 49920
6929 38688
6930 37920
6931 25371
6932 25370
6933 28513
6934 55864
6935 40504
6936 37920
6937 54056
6938 37920
6939 7716
6940 37920
6941 37920
6942 37920
6943 25370
6944 39968
6945 27424
6946 53560
6947 37920
6948 5473
6949 5473
6950 27264
6951 37920
6952 37945
6953 39972
6954 18209
6955 25402
6956 28417
6957 25371
6958 37921
6959 39968
6960 25370
6961 40504
6962 39972
6963 49976
6964 39996
6965 39988
6966 25370
6967 39968
6968 37928
6969 39972
6970 39972
6971 25370
6972 54056
6973 39972
6974 27393
6975 27264
6976 27465
6977 38432
6978 27393
6979 28641
6980 37920
6981 39972
6982 58153
6983 5473
6984 39968
6985 25368
6986 39968
6987 53789
6988 39972
6989 37924
6990 25371
6991 37920
6992 54173
6993 39972
6994 25371
6995 37920
6996 37920
6997 5221
6998 25370
6999 61281
7000 25369
7001 25344
7002 37928
7003 37920
7004 37688
7005 25370
7006 40500
7007 58153
7008 25371
7009 65377
7010 25370
7011 37920
7012 25370
7013 25370
7014 39968
7015 25370
7016 54173
7017 25370
7018 27280
7019 28521
7020 49961
7021 37920
7022 49821
7023 54173
7024 39968
7025 39972
7026 25371
7027 17200
7028 58234
7029 50077
7030 39456
7031 25370
7032 37920
7033 38176
7034 25355
7035 25370
7036 51969
7037 63265
7038 25370
7039 27393
7040 58186
7041 49821
7042 39968
7043 39980
7044 28449
7045 27264
7046 37920
7047 25370
7048 39712
7049 17184
7050 39972
7051 59194
7052 37920
7053 58218
7054 25370
7055 54060
7056 25369
7057 53909
7058 37944
7059 37920
7060 57120
7061 49821
7062 28577
7063 28641
7064 40480
7065 39972
7066 37928
7067 37944
7068 27264
7069 28641
7070 28449
7071 25368
7072 54056
7073 39480
7074 38689
7075 27280
7076 52000
7077 25371
7078 25370
7079 25344
7080 54053
7081 28513
7082 5473
7083 28513
7084 37920
7085 25370
7086 27264
7087 49821
7088 40232
7089 25377
7090 25408
7091 54173
7092 54016
7093 27265
7094 28641
7095 49821
7096 37920
7097 27264
7098 28513
7099 37920
7100 52008
7101 37920
7102 39968
7103 37920
7104 5473
7105 38240
7106 27264
7107 39972
7108 37920
7109 58145
7110 5221
7111 28513
7112 37920
7113 25371
7114 49821
7115 39472
7116 27424
7117 37920
7118 28545
7119 27264
7120 39968
7121 39992
7122 7269
7123 39968
7124 25434
7125 25370
7126 37920
7127 28641
7128 37920
7129 37920
7130 25418
7131 37920
7132 28513
7133 37920
7134 25370
7135 25355
7136 40496
7137 54056
7138 39992
7139 39972
7140 54056
7141 37944
7142 53540
7143 37921
7144 54048
7145 37920
7146 39968
7147 25368
7148 5473
7149 5473
7150 39972
7151 25450
7152 37920
7153 25370
7154 25371
7155 25370
7156 25371
7157 25370
7158 54048
7159 37664
7160 39972
7161 39972
7162 39992
7163 25371
7164 27497
7165 39972
7166 25370
7167 39984
7168 25370
7169 25368
7170 55096
7171 37944
7172 25368
7173 25370
7174 25371
7175 37944
7176 39968
7177 39972
7178 25370
7179 28513
7180 25370
7181 37920
7182 37920
7183 39968
7184 63341
7185 25370
7186 37920
7187 25370
7188 37920
7189 28449
7190 57707
7191 40292
7192 25371
7193 25355
7194 37920
7195 39969
7196 54072
7197 37928
7198 808
7199 54016
7200 56864
7201 25402
7202 27553
7203 37920
7204 60048
7205 17176
7206 58154
7207 37944
7208 26473
7209 62253
7210 49821
7211 27280
7212 49821
7213 27265
7214 25370
7215 54173
7216 39968
7217 39972
7218 54072
7219 58218
7220 37920
7221 39984
7222 58144
7223 27424
7224 51856
7225 49960
7226 25370
7227 28641
7228 49821
7229 49960
7230 25370
7231 7269
7232 39972
7233 27553
7234 25370
7235 40508
7236 25370
7237 39200
7238 58241
7239 27264
7240 28481
7241 28513
7242 27264
7243 63341
7244 58122
7245 27392
7246 25370
7247 54064
7248 25377
7249 27264
7250 54173
7251 49821
7252 28545
7253 39988
7254 37920
7255 25370
7256 27264
7257 50976
7258 53788
7259 40496
7260 28513
7261 37920
7262 49821
7263 37920
7264 28449
7265 37920
7266 27264
7267 58155
7268 28641
7269 37920
7270 26473
7271 38688
7272 27264
7273 39972
7274 28481
7275 58154
7276 28513
7277 39968
7278 37936
7279 25370
7280 37920
7281 37920
7282 37944
7283 64288
7284 25419
7285 19209
7286 54048
7287 49821
7288 39968
7289 27264
7290 28521
7291 25416
7292 27280
7293 25355
7294 25419
7295 39972
7296 25419
7297 26411
7298 27497
7299 37920
7300 25370
7301 49821
7302 38688
7303 25370
7304 39972
7305 39968
7306 53025
7307 28513
7308 27424
7309 25370
7310 39968
7311 38177
7312 19232
7313 39968
7314 37944
7315 40504
7316 37921
7317 49961
7318 27296
7319 54056
7320 37920
7321 37920
7322 58234
7323 5473
7324 39968
7325 5473
7326 39972
7327 37924
7328 49976
7329 25347
7330 39972
7331 801
7332 49821
7333 5473
7334 37920
7335 17192
7336 39972
7337 39996
7338 63337
7339 28513
7340 39972
7341 37920
7342 28577
7343 37920
7344 25346
7345 28609
7346 25370
7347 49960
7348 37920
7349 58208
7350 37920
7351 37920
7352 49976
7353 37936
7354 25370
7355 27169
7356 58120
7357 37920
7358 33592
7359 37944
7360 40228
7361 19201
7362 39456
7363 25370
7364 39968
7365 37920
7366 37920
7367 54049
7368 37944
7369 25385
7370 25370
7371 37920
7372 5473
7373 37920
7374 25370
7375 39972
7376 26385
7377 40496
7378 39968
7379 25368
7380 37920
7381 50077
7382 37920
7383 37688
7384 55072
7385 37920
7386 40504
7387 5221
7388 53909
7389 53916
7390 27489
7391 59194
7392 37920
7393 49821
7394 40292
7395 25370
7396 37920
7397 39480
7398 39968
7399 49821
7400 50077
7401 17176
7402 27264
7403 27265
7404 49821
7405 25385
7406 26394
7407 39968
7408 25370
7409 54057
7410 25370
7411 37920
7412 59241
7413 25371
7414 27280
7415 39968
7416 28641
7417 39972
7418 39972
7419 58144
7420 28449
7421 37920
7422 25371
7423 5473
7424 17208
7425 25400
7426 37936
7427 38176
7428 28577
7429 37924
7430 51977
7431 49821
7432 38432
7433 28577
7434 37920
7435 37928
7436 37920
7437 49821
7438 28513
7439 39988
7440 37920
7441 25371
7442 25403
7443 25371
7444 25354
7445 49821
7446 38176
7447 37920
7448 39972
7449 38448
7450 39972
7451 39968
7452 62248
7453 25368
7454 54072
7455 63341
7456 49821
7457 27280
7458 25370
7459 50077
7460 40504
7461 25370
7462 25386
7463 39988
7464 28481
7465 62221
7466 5473
7467 27265
7468 39972
7469 63341
7470 27521
7471 63341
7472 27296
7473 38697
7474 39456
7475 37920
7476 25352
7477 37920
7478 39988
7479 28545
7480 37920
7481 64288
7482 37920
7483 27617
7484 28513
7485 27553
7486 40504
7487 39972
7488 39992
7489 37920
7490 39988
7491 37944
7492 25370
7493 39968
7494 39972
7495 39968
7496 5473
7497 56097
7498 28545
7499 25402
7500 25386
7501 25370
7502 37944
7503 40496
7504 37920
7505 28521
7506 37688
7507 28577
7508 37920
7509 37920
7510 55864
7511 25370
7512 17185
7513 25440
7514 39456
7515 60193
7516 49953
7517 39992
7518 27497
7519 38688
7520 27489
7521 49976
7522 37920
7523 25434
7524 37920
7525 37936
7526 49976
7527 25418
7528 25360
7529 37920
7530 39972
7531 25370
7532 37921
7533 53916
7534 37920
7535 25377
7536 38448
7537 39968
7538 39996
7539 39968
7540 37936
7541 6245
7542 49953
7543 39984
7544 25370
7545 63272
7546 37920
7547 60192
7548 25370
7549 37920
7550 37920
7551 26411
7552 37920
7553 53909
7554 25355
7555 40497
7556 40508
7557 49976
7558 7269
7559 25368
7560 37920
7561 39992
7562 25400
7563 37920
7564 37920
7565 27265
7566 25370
7567 50077
7568 37920
7569 25403
7570 49821
7571 37920
7572 27264
7573 49821
7574 49821
7575 39972
7576 50077
7577 25371
7578 49812
7579 40292
7580 38697
7581 28577
7582 50024
7583 39480
7584 19248
7585 25370
7586 25377
7587 27264
7588 25370
7589 37920
7590 49821
7591 28641
7592 39972
7593 39972
7594 25370
7595 37928
7596 4896
7597 26473
7598 53300
7599 54057
7600 37924
7601 19233
7602 39968
7603 58145
7604 27264
7605 28513
7606 37920
7607 58218
7608 37920
7609 54157
7610 17176
7611 49821
7612 39968
7613 58218
7614 50077
7615 25370
7616 28513
7617 39968
7618 28513
7619 37944
7620 37920
7621 37920
7622 38456
7623 27265
7624 25370
7625 25353
7626 26472
7627 37920
7628 25370
7629 37921
7630 37928
7631 27425
7632 58112
7633 38456
7634 5473
7635 28489
7636 27280
7637 40228
7638 54056
7639 17192
7640 37936
7641 40496
7642 28521
7643 37920
7644 39968
7645 58145
7646 27488
7647 25370
7648 25370
7649 27465
7650 25370
7651 25385
7652 37936
7653 25370
7654 28513
7655 28449
7656 25352
7657 39968
7658 58137
7659 38432
7660 26411
7661 49961
7662 49953
7663 26377
7664 39992
7665 37920
7666 37944
7667 37920
7668 37944
7669 27432
7670 58208
7671 25370
7672 37920
7673 37920
7674 39972
7675 25370
7676 39968
7677 37944
7678 37920
7679 28417
7680 19233
7681 25370
7682 25371
7683 54072
7684 39728
7685 37936
7686 25368
7687 6704
7688 6704
7689 38432
7690 37920
7691 39972
7692 58170
7693 39968
7694 37936
7695 37920
7696 37920
7697 25370
7698 39972
7699 37920
7700 28577
7701 40744
7702 39968
7703 40504
7704 37944
7705 39972
7706 25370
7707 17208
7708 37920
7709 25434
7710 25370
7711 25370
7712 25370
7713 7269
7714 25370
7715 39988
7716 39968
7717 39457
7718 40228
7719 25371
7720 6704
7721 25370
7722 37920
7723 25370
7724 37920
7725 54056
7726 37920
7727 25370
7728 17161
7729 25370
7730 17185
7731 37924
7732 37920
7733 39480
7734 26411
7735 37920
7736 25370
7737 25370
7738 25370
7739 39972
7740 27264
7741 25370
7742 53916
7743 25371
7744 40504
7745 52008
7746 50068
7747 25402
7748 17200
7749 40508
7750 37920
7751 37920
7752 39972
7753 25370
7754 37924
7755 37920
7756 37920
7757 39972
7758 27264
7759 25402
7760 25371
7761 25352
7762 25371
7763 25370
7764 27264
7765 50077
7766 37920
7767 38180
7768 37920
7769 40224
7770 49944
7771 25370
7772 37688
7773 49944
7774 37920
7775 25434
7776 37920
7777 25344
7778 37672
7779 25371
7780 25370
7781 25368
7782 50077
7783 49821
7784 54189
7785 28513
7786 37920
7787 39988
7788 39968
7789 27265
7790 25370
7791 28513
7792 37920
7793 26387
7794 50985
7795 37920
7796 39972
7797 25370
7798 25434
7799 25370
7800 37920
7801 25370
7802 53540
7803 25370
7804 39968
7805 28457
7806 37920
7807 37920
7808 25370
7809 58234
7810 58234
7811 25370
7812 17161
7813 37920
7814 39968
7815 58125
7816 54048
7817 28641
7818 28513
7819 37920
7820 28641
7821 28521
7822 37920
7823 28521
7824 54024
7825 39988
7826 40496
7827 28513
7828 28449
7829 25344
7830 54173
7831 39972
7832 37920
7833 37924
7834 37920
7835 37920
7836 25370
7837 39972
7838 37928
7839 28521
7840 59194
7841 25387
7842 49821
7843 37920
7844 25387
7845 26369
7846 39984
7847 25370
7848 25370
7849 39972
7850 37944
7851 19233
7852 53025
7853 26385
7854 39968
7855 25434
7856 37920
7857 37424
7858 39984
7859 7780
7860 37920
7861 37920
7862 54072
7863 55097
7864 38241
7865 28521
7866 5473
7867 39988
7868 39996
7869 25370
7870 39968
7871 37920
7872 39972
7873 39968
7874 39972
7875 37928
7876 39972
7877 39968
7878 39728
7879 25370
7880 39968
7881 37920
7882 37920
7883 25370
7884 37920
7885 52001
7886 25370
7887 37920
7888 39968
7889 25370
7890 39968
7891 39968
7892 59176
7893 25448
7894 37920
7895 37920
7896 25370
7897 37920
7898 25370
7899 39968
7900 39988
7901 49821
7902 25450
7903 37944
7904 52000
7905 800
7906 62349
7907 58217
7908 58121
7909 50077
7910 25370
7911 25370
7912 25370
7913 40737
7914 25370
7915 17176
7916 19240
7917 52001
7918 39968
7919 27264
7920 49821
7921 19216
7922 50077
7923 27264
7924 25369
7925 25370
7926 19208
7927 21281
7928 49976
7929 37920
7930 25370
7931 28457
7932 5477
7933 37920
7934 28513
7935 25379
7936 49812
7937 25371
7938 65313
7939 58253
7940 37928
7941 25370
7942 28481
7943 37936
7944 25370
7945 27264
7946 37921
7947 28513
7948 54053
7949 5473
7950 37920
7951 27264
7952 57706
7953 26411
7954 27280
7955 54056
7956 25370
7957 37944
7958 37920
7959 25371
7960 25370
7961 27264
7962 25371
7963 25370
7964 25371
7965 27264
7966 25370
7967 25371
7968 25370
7969 28641
7970 27424
7971 39968
7972 49821
7973 50076
7974 49821
7975 27264
7976 37920
7977 25362
7978 58112
7979 25371
7980 25370
7981 54049
7982 25370
7983 27393
7984 28449
7985 39992
7986 7269
7987 25440
7988 58144
7989 39968
7990 39480
7991 39984
7992 59194
7993 37920
7994 39968
7995 28545
7996 37944
7997 37944
7998 5473
7999 19088
8000 37920
8001 54048
8002 39996
8003 19785
8004 37688
8005 800
8006 39968
8007 37940
8008 37920
8009 17208
8010 37921
8011 25384
8012 39968
8013 37944
8014 39972
8015 39972
8016 39988
8017 25370
8018 55840
8019 33592
8020 7269
8021 27400
8022 39988
8023 27265
8024 37944
8025 25370
8026 5473
8027 39972
8028 39972
8029 54049
8030 25370
8031 39992
8032 39968
8033 25387
8034 37920
8035 37945
8036 25370
8037 39996
8038 37920
8039 38688
8040 6245
8041 25370
8042 39972
8043 28513
8044 25371
8045 25370
8046 37920
8047 37920
8048 27264
8049 25402
8050 26411
8051 52000
8052 25369
8053 62349
8054 37920
8055 58253
8056 49945
8057 37920
8058 54045
8059 25370
8060 58170
8061 25370
8062 25418
8063 61281
8064 25353
8065 37920
8066 27264
8067 40508
8068 27553
8069 25370
8070 54041
8071 27264
8072 27264
8073 25370
8074 37920
8075 28513
8076 5477
8077 17193
8078 25384
8079 28641
8080 49953
8081 25355
8082 37920
8083 50072
8084 37944
8085 39968
8086 25370
8087 28641
8088 37936
8089 25386
8090 17208
8091 37944
8092 37944
8093 25402
8094 54173
8095 25368
8096 25370
8097 49952
8098 39972
8099 37920
8100 37920
8101 6704
8102 37920
8103 52001
8104 37920
8105 49952
8106 49976
8107 27264
8108 26387
8109 28457
8110 25371
8111 38688
8112 17184
8113 19232
8114 54072
8115 25368
8116 39988
8117 25370
8118 39996
8119 28481
8120 49960
8121 39988
8122 58152
8123 40508
8124 37920
8125 39972
8126 39996
8127 5473
8128 37920
8129 60193
8130 25417
8131 49920
8132 26400
8133 53308
8134 38448
8135 28545
8136 5473
8137 62365
8138 49821
8139 37920
8140 39992
8141 37920
8142 25370
8143 37920
8144 28481
8145 28489
8146 25440
8147 37920
8148 39472
8149 37920
8150 37921
8151 25376
8152 55088
8153 25370
8154 25403
8155 58154
8156 19201
8157 37920
8158 6704
8159 25384
8160 39972
8161 37944
8162 25377
8163 25354
8164 5473
8165 37920
8166 37920
8167 25354
8168 55840
8169 25371
8170 39968
8171 50072
8172 26411
8173 37924
8174 37920
8175 37920
8176 39992
8177 39996
8178 37920
8179 54048
8180 39968
8181 37920
8182 58218
8183 25370
8184 39968
8185 28641
8186 25370
8187 37920
8188 39972
8189 37920
8190 25371
8191 63341
8192 50984
8193 25353
8194 39480
8195 37944
8196 25368
8197 37920
8198 30573
8199 50077
8200 37920
8201 25370
8202 53909
8203 54056
8204 17184
8205 58269
8206 25370
8207 26473
8208 37920
8209 49944
8210 25370
8211 50077
8212 54072
8213 52001
8214 37920
8215 27457
8216 54173
8217 39992
8218 54072
8219 37152
8220 17176
8221 37920
8222 17176
8223 37152
8224 27280
8225 25370
8226 49821
8227 26385
8228 37920
8229 27264
8230 27264
8231 26411
8232 7269
8233 25416
8234 19216
8235 25370
8236 17178
8237 37920
8238 25355
8239 37944
8240 37944
8241 25370
8242 39736
8243 19233
8244 37920
8245 39968
8246 19232
8247 17184
8248 54817
8249 25370
8250 39988
8251 37920
8252 25370
8253 54173
8254 28641
8255 37921
8256 37920
8257 37920
8258 50985
8259 25370
8260 49821
8261 19233
8262 25370
8263 54173
8264 27425
8265 59177
8266 19240
8267 54328
8268 25370
8269 27264
8270 49976
8271 62365
8272 28641
8273 27264
8274 50977
8275 25370
8276 28481
8277 27393
8278 40228
8279 39992
8280 62248
8281 28641
8282 53025
8283 27393
8284 39972
8285 37936
8286 64289
8287 54053
8288 58144
8289 38241
8290 37936
8291 25370
8292 25370
8293 25370
8294 40232
8295 37688
8296 37920
8297 17160
8298 37920
8299 28577
8300 37944
8301 39972
8302 39972
8303 25370
8304 37920
8305 25371
8306 37920
8307 25370
8308 25370
8309 25368
8310 37920
8311 25371
8312 37920
8313 39988
8314 25370
8315 39992
8316 25370
8317 37920
8318 28577
8319 39992
8320 39480
8321 37944
8322 37920
8323 37944
8324 25448
8325 39972
8326 25416
8327 39968
8328 39972
8329 56864
8330 54048
8331 38456
8332 17208
8333 54052
8334 58155
8335 28577
8336 25370
8337 49952
8338 37936
8339 52001
8340 39988
8341 28449
8342 27392
8343 55081
8344 17168
8345 25370
8346 54056
8347 39988
8348 57129
8349 56097
8350 37668
8351 37920
8352 37920
8353 39972
8354 27521
8355 37920
8356 62221
8357 25370
8358 37928
8359 27400
8360 28513
8361 50077
8362 19248
8363 25370
8364 37944
8365 54045
8366 25434
8367 37920
8368 28545
8369 25400
8370 37920
8371 26411
8372 39968
8373 49960
8374 58268
8375 37944
8376 37920
8377 37920
8378 49952
8379 58112
8380 54076
8381 49948
8382 37920
8383 49821
8384 49821
8385 49933
8386 27264
8387 39996
8388 25370
8389 65385
8390 37432
8391 25347
8392 37672
8393 7205
8394 49821
8395 25371
8396 27280
8397 25385
8398 49821
8399 38696
8400 37920
8401 39988
8402 39992
8403 27400
8404 37920
8405 49948
8406 25370
8407 28513
8408 39968
8409 25448
8410 27393
8411 37920
8412 28457
8413 27457
8414 37920
8415 7269
8416 37432
8417 27489
8418 39200
8419 39972
8420 28641
8421 58241
8422 52000
8423 37920
8424 49821
8425 37920
8426 50077
8427 37920
8428 39972
8429 28513
8430 52000
8431 37920
8432 19233
8433 58219
8434 25384
8435 25371
8436 49929
8437 28641
8438 50016
8439 25434
8440 38452
8441 5473
8442 49821
8443 25370
8444 25370
8445 37920
8446 25354
8447 25370
8448 25368
8449 27393
8450 5473
8451 53916
8452 28449
8453 25371
8454 25370
8455 58145
8456 25370
8457 39972
8458 27424
8459 37920
8460 59178
8461 39972
8462 55840
8463 39968
8464 25377
8465 25402
8466 62365
8467 39988
8468 25371
8469 37920
8470 37920
8471 5473
8472 39988
8473 39972
8474 25345
8475 28577
8476 28545
8477 27265
8478 39480
8479 37920
8480 6245
8481 57121
8482 37920
8483 58218
8484 37920
8485 37924
8486 61281
8487 37920
8488 37920
8489 27393
8490 40496
8491 37920
8492 49953
8493 37940
8494 54072
8495 38177
8496 39972
8497 37920
8498 25371
8499 39968
8500 25362
8501 25392
8502 39968
8503 39972
8504 37920
8505 28521
8506 60033
8507 58170
8508 50077
8509 50077
8510 37920
8511 25369
8512 27264
8513 54840
8514 25370
8515 28641
8516 27424
8517 27264
8518 27264
8519 27393
8520 63272
8521 28449
8522 39972
8523 37920
8524 27265
8525 39972
8526 39972
8527 19225
8528 51000
8529 58209
8530 25371
8531 37920
8532 19233
8533 25418
8534 28513
8535 28449
8536 37920
8537 37920
8538 25370
8539 37936
8540 7269
8541 58234
8542 37432
8543 26384
8544 40504
8545 25370
8546 27264
8547 37920
8548 37920
8549 25370
8550 58154
8551 37920
8552 38712
8553 50077
8554 28641
8555 28449
8556 58145
8557 37944
8558 38696
8559 25370
8560 25370
8561 37920
8562 28521
8563 37944
8564 25370
8565 56105
8566 39972
8567 37920
8568 27264
8569 58170
8570 17160
8571 54049
8572 39988
8573 37920
8574 40504
8575 56096
8576 37920
8577 59176
8578 39968
8579 25370
8580 25370
8581 25370
8582 53808
8583 37432
8584 17177
8585 28513
8586 37920
8587 62349
8588 25385
8589 5473
8590 28641
8591 37944
8592 25370
8593 58144
8594 25370
8595 5473
8596 37920
8597 5473
8598 25384
8599 39972
8600 39480
8601 40484
8602 27488
8603 39992
8604 37920
8605 39996
8606 25370
8607 37920
8608 5473
8609 39968
8610 37944
8611 39972
8612 25370
8613 37668
8614 39972
8615 39988
8616 25370
8617 37924
8618 39992
8619 54056
8620 39968
8621 39988
8622 58217
8623 27416
8624 25370
8625 25370
8626 39992
8627 37920
8628 25434
8629 28481
8630 37920
8631 5473
8632 37920
8633 39972
8634 39996
8635 37920
8636 25370
8637 39968
8638 51000
8639 39972
8640 50077
8641 50077
8642 25370
8643 39968
8644 54072
8645 39968
8646 37920
8647 25370
8648 59168
8649 50077
8650 54173
8651 39968
8652 27264
8653 37920
8654 37920
8655 37688
8656 58145
8657 27264
8658 28449
8659 17192
8660 37928
8661 37672
8662 17192
8663 25376
8664 27280
8665 25370
8666 37920
8667 39972
8668 39968
8669 37928
8670 37432
8671 17184
8672 26385
8673 25370
8674 38176
8675 37920
8676 49821
8677 37920
8678 25370
8679 62217
8680 26411
8681 54048
8682 25370
8683 49948
8684 49920
8685 37920
8686 54077
8687 28449
8688 25370
8689 39972
8690 37920
8691 25361
8692 37920
8693 27424
8694 25370
8695 28481
8696 37920
8697 39968
8698 58121
8699 37920
8700 26473
8701 49944
8702 37920
8703 59169
8704 25370
8705 38176
8706 37920
8707 28513
8708 54076
8709 28577
8710 28513
8711 30573
8712 25355
8713 17176
8714 25370
8715 28489
8716 27521
8717 25371
8718 26385
8719 25370
8720 58155
8721 27425
8722 27392
8723 37920
8724 37944
8725 39972
8726 39972
8727 37920
8728 37920
8729 37920
8730 28481
8731 5473
8732 37920
8733 39968
8734 17176
8735 40508
8736 54064
8737 25371
8738 25370
8739 19200
8740 39972
8741 37920
8742 39988
8743 26400
8744 25370
8745 40480
8746 37924
8747 19201
8748 39972
8749 25371
8750 40504
8751 39968
8752 37920
8753 37920
8754 37920
8755 39968
8756 37920
8757 25370
8758 27465
8759 37920
8760 27264
8761 38712
8762 17185
8763 39992
8764 37920
8765 37920
8766 37920
8767 37920
8768 39972
8769 39972
8770 37664
8771 27617
8772 27264
8773 6245
8774 40504
8775 37944
8776 37920
8777 7205
8778 37920
8779 25354
8780 37920
8781 50077
8782 49821
8783 37920
8784 37924
8785 39988
8786 27264
8787 38184
8788 25355
8789 40292
8790 25418
8791 7205
8792 25370
8793 28449
8794 39968
8795 27265
8796 51856
8797 49821
8798 28449
8799 7269
8800 57129
8801 54048
8802 37920
8803 5473
8804 5473
8805 25370
8806 25370
8807 49921
8808 39972
8809 25449
8810 39972
8811 28489
8812 37920
8813 55080
8814 37920
8815 37944
8816 55096
8817 37921
8818 39968
8819 58218
8820 37920
8821 37920
8822 17161
8823 49976
8824 38176
8825 25371
8826 37936
8827 25370
8828 37920
8829 39988
8830 17184
8831 37920
8832 37944
8833 38432
8834 37664
8835 55072
8836 28513
8837 39480
8838 39972
8839 25418
8840 39968
8841 25370
8842 17184
8843 26473
8844 37920
8845 39992
8846 37944
8847 37920
8848 39988
8849 39984
8850 38696
8851 37920
8852 54056
8853 39972
8854 39992
8855 25370
8856 5473
8857 39972
8858 55840
8859 39737
8860 39968
8861 54072
8862 40292
8863 37936
8864 39972
8865 37944
8866 39996
8867 28577
8868 64289
8869 56120
8870 37920
8871 37920
8872 37920
8873 39992
8874 37920
8875 39976
8876 37920
8877 54040
8878 39972
8879 25400
8880 37944
8881 62349
8882 25370
8883 37920
8884 28449
8885 25370
8886 50077
8887 27296
8888 40480
8889 39968
8890 37944
8891 37176
8892 39972
8893 28513
8894 50077
8895 37920
8896 37920
8897 25371
8898 39968
8899 25352
8900 50077
8901 39968
8902 7780
8903 37924
8904 25370
8905 58170
8906 25371
8907 39968
8908 49821
8909 37928
8910 57707
8911 7269
8912 27169
8913 37920
8914 37944
8915 5473
8916 49821
8917 28577
8918 39996
8919 61281
8920 38176
8921 25371
8922 39992
8923 39968
8924 49937
8925 37920
8926 5473
8927 50077
8928 25370
8929 49952
8930 49961
8931 37920
8932 61217
8933 25370
8934 37920
8935 37920
8936 37920
8937 39480
8938 58137
8939 25376
8940 37920
8941 58144
8942 49952
8943 37921
8944 56120
8945 57121
8946 37924
8947 27264
8948 54016
8949 37920
8950 27265
8951 28449
8952 38457
8953 37920
8954 58144
8955 27392
8956 25387
8957 63337
8958 37920
8959 37920
8960 57121
8961 25371
8962 28481
8963 25370
8964 37920
8965 37920
8966 25400
8967 60321
8968 49944
8969 39972
8970 37944
8971 54052
8972 39736
8973 57706
8974 37920
8975 37944
8976 38241
8977 37920
8978 56120
8979 49976
8980 19201
8981 39984
8982 28481
8983 37940
8984 17176
8985 25370
8986 39988
8987 39972
8988 39992
8989 39968
8990 37920
8991 25370
8992 40504
8993 39456
8994 37944
8995 25370
8996 50073
8997 39972
8998 37920
8999 37920
9000 17178
9001 39968
9002 37920
9003 39972
9004 58170
9005 27393
9006 39972
9007 39968
9008 49821
9009 25370
9010 25370
9011 39996
9012 39996
9013 39972
9014 37920
9015 37944
9016 39968
9017 27264
9018 25384
9019 27424
9020 49933
9021 40224
9022 37920
9023 54816
9024 37920
9025 25402
9026 54112
9027 28513
9028 39968
9029 38240
9030 37920
9031 37944
9032 37920
9033 54072
9034 37688
9035 37928
9036 39992
9037 37920
9038 40504
9039 25353
9040 58112
9041 28513
9042 19232
9043 27425
9044 37920
9045 27264
9046 57707
9047 25370
9048 49944
9049 61345
9050 60257
9051 17184
9052 25371
9053 25371
9054 39968
9055 27457
9056 39972
9057 37920
9058 9056
9059 19233
9060 19240
9061 28521
9062 37920
9063 56088
9064 39972
9065 25355
9066 25387
9067 40484
9068 28641
9069 40508
9070 37920
9071 55096
9072 60193
9073 52000
9074 37920
9075 58208
9076 25370
9077 39968
9078 38436
9079 25371
9080 25387
9081 25370
9082 63273
9083 60192
9084 39992
9085 40224
9086 39988
9087 49812
9088 39988
9089 37928
9090 38712
9091 25370
9092 5473
9093 39968
9094 5473
9095 25370
9096 25370
9097 28513
9098 39972
9099 37920
9100 28521
9101 28449
9102 17184
9103 39972
9104 28641
9105 39968
9106 37920
9107 17176
9108 25370
9109 39968
9110 39480
9111 37920
9112 37920
9113 37924
9114 52001
9115 55072
9116 53788
9117 54056
9118 37920
9119 39968
9120 54052
9121 37920
9122 40504
9123 37944
9124 37920
9125 50077
9126 54173
9127 49821
9128 58152
9129 25371
9130 25344
9131 39968
9132 39968
9133 27264
9134 60048
9135 27617
9136 37920
9137 25370
9138 28513
9139 28513
9140 37920
9141 37920
9142 39968
9143 864
9144 27424
9145 37944
9146 39968
9147 49936
9148 28457
9149 37928
9150 37920
9151 50073
9152 54189
9153 26409
9154 63272
9155 25416
9156 5473
9157 37944
9158 20265
9159 25370
9160 27264
9161 37920
9162 37920
9163 37920
9164 37920
9165 37920
9166 37920
9167 25370
9168 17178
9169 37920
9170 25355
9171 27392
9172 25370
9173 38456
9174 37920
9175 17184
9176 49952
9177 28545
9178 38177
9179 39984
9180 37920
9181 37920
9182 25370
9183 57121
9184 25419
9185 49948
9186 19201
9187 37920
9188 49960
9189 25370
9190 37928
9191 39968
9192 6245
9193 37944
9194 37920
9195 37928
9196 39992
9197 25370
9198 38241
9199 37920
9200 8992
9201 25352
9202 39972
9203 39972
9204 40504
9205 40292
9206 54840
9207 39988
9208 19200
9209 39968
9210 37944
9211 58168
9212 37920
9213 37920
9214 28577
9215 39972
9216 40497
9217 39480
9218 55096
9219 7269
9220 37924
9221 39972
9222 39968
9223 17176
9224 27521
9225 54060
9226 20265
9227 37944
9228 49960
9229 51985
9230 49976
9231 62349
9232 37944
9233 37920
9234 25370
9235 37920
9236 49821
9237 37920
9238 28449
9239 54056
9240 37920
9241 25352
9242 39972
9243 2848
9244 28577
9245 37944
9246 17184
9247 56064
9248 37920
9249 26465
9250 39992
9251 19232
9252 37672
9253 37920
9254 39968
9255 25353
9256 58217
9257 7269
9258 37920
9259 27264
9260 7269
9261 39972
9262 25440
9263 25370
9264 38712
9265 25368
9266 27264
9267 37944
9268 49821
9269 39472
9270 27400
9271 37944
9272 25354
9273 37920
9274 62349
9275 17184
9276 38688
9277 27553
9278 37920
9279 27264
9280 39988
9281 25369
9282 27393
9283 39968
9284 40504
9285 39480
9286 39968
9287 37920
9288 37920
9289 39968
9290 27264
9291 28577
9292 37920
9293 28449
9294 28417
9295 40504
9296 40484
9297 39968
9298 37920
9299 37920
9300 37920
9301 54112
9302 864
9303 28457
9304 25371
9305 37928
9306 61217
9307 37944
9308 54072
9309 39968
9310 49953
9311 17184
9312 28641
9313 28513
9314 38241
9315 25370
9316 25370
9317 37920
9318 28513
9319 25376
9320 55864
9321 25370
9322 37920
9323 5473
9324 39480
9325 37920
9326 50073
9327 62365
9328 39988
9329 37920
9330 27264
9331 5473
9332 39972
9333 39968
9334 37928
9335 37688
9336 39972
9337 54072
9338 39996
9339 37920
9340 37944
9341 54056
9342 37920
9343 25368
9344 55072
9345 27497
9346 25441
9347 25385
9348 37920
9349 39968
9350 37920
9351 39968
9352 37920
9353 40480
9354 25370
9355 50077
9356 17185
9357 60048
9358 39972
9359 37920
9360 57121
9361 37920
9362 50077
9363 37928
9364 39472
9365 27264
9366 27280
9367 7205
9368 39968
9369 7269
9370 39972
9371 39968
9372 17208
9373 49944
9374 39972
9375 25385
9376 57121
9377 25370
9378 54049
9379 49960
9380 37920
9381 25371
9382 27553
9383 19240
9384 37920
9385 25370
9386 27264
9387 28513
9388 25370
9389 39968
9390 28521
9391 37920
9392 26473
9393 27425
9394 39480
9395 37920
9396 26409
9397 25344
9398 39972
9399 26465
9400 27264
9401 25387
9402 37920
9403 39972
9404 37920
9405 37920
9406 58208
9407 25353
9408 25370
9409 20257
9410 38696
9411 39968
9412 49821
9413 37920
9414 25370
9415 25371
9416 28545
9417 37920
9418 37920
9419 39984
9420 37920
9421 25370
9422 37920
9423 25370
9424 37920
9425 37920
9426 39968
9427 37424
9428 37920
9429 37944
9430 5473
9431 40504
9432 25370
9433 39968
9434 37928
9435 37920
9436 39480
9437 37920
9438 39972
9439 39972
9440 39984
9441 39996
9442 37920
9443 49960
9444 25346
9445 49977
9446 25403
9447 801
9448 39972
9449 37920
9450 25368
9451 37945
9452 25370
9453 26394
9454 37944
9455 39968
9456 25370
9457 37920
9458 25417
9459 40488
9460 25368
9461 37920
9462 37928
9463 25368
9464 55096
9465 49821
9466 39972
9467 25346
9468 40496
9469 37920
9470 5221
9471 37920
9472 39968
9473 6245
9474 39972
9475 39968
9476 49977
9477 25376
9478 37668
9479 39712
9480 54173
9481 28521
9482 39968
9483 27264
9484 25355
9485 40292
9486 7269
9487 39456
9488 25370
9489 49960
9490 61217
9491 28513
9492 37920
9493 27264
9494 25370
9495 50077
9496 39968
9497 63337
9498 37944
9499 25370
9500 37920
9501 39968
9502 54077
9503 49960
9504 37920
9505 37920
9506 37920
9507 27264
9508 39972
9509 54061
9510 27489
9511 58145
9512 25370
9513 64288
9514 27264
9515 25370
9516 27264
9517 26369
9518 53820
9519 27393
9520 25400
9521 25370
9522 54077
9523 37924
9524 39969
9525 62240
9526 54044
9527 55096
9528 56104
9529 25370
9530 25370
9531 25386
9532 25384
9533 27521
9534 5473
9535 37936
9536 37944
9537 37920
9538 37920
9539 39968
9540 37944
9541 27264
9542 37920
9543 39968
9544 27457
9545 49952
9546 5221
9547 58137
9548 37920
9549 40480
9550 40228
9551 40504
9552 37920
9553 17185
9554 37944
9555 37920
9556 39988
9557 27457
9558 25368
9559 7269
9560 37920
9561 39972
9562 37920
9563 25370
9564 37920
9565 39480
9566 25400
9567 28513
9568 18976
9569 37920
9570 37944
9571 37920
9572 39968
9573 58152
9574 54056
9575 27264
9576 7716
9577 25371
9578 7269
9579 37920
9580 37944
9581 26411
9582 26473
9583 54173
9584 25344
9585 39972
9586 37944
9587 25376
9588 37920
9589 37688
9590 37920
9591 39968
9592 37920
9593 39972
9594 25368
9595 39968
9596 37920
9597 27264
9598 37920
9599 28417
9600 28513
9601 25370
9602 38241
9603 39988
9604 801
9605 37920
9606 28513
9607 17185
9608 37920
9609 54173
9610 5473
9611 50077
9612 57120
9613 58144
9614 37944
9615 28641
9616 37160
9617 39480
9618 39968
9619 54832
9620 58186
9621 19233
9622 25353
9623 37920
9624 40496
9625 63337
9626 37920
9627 28577
9628 38241
9629 39968
9630 27264
9631 38456
9632 37920
9633 25370
9634 36924
9635 54049
9636 37920
9637 25384
9638 27393
9639 37920
9640 37920
9641 49960
9642 26369
9643 37920
9644 58268
9645 54024
9646 62349
9647 54044
9648 55088
9649 39968
9650 39972
9651 58138
9652 37920
9653 7269
9654 39996
9655 37688
9656 37920
9657 38176
9658 39972
9659 37920
9660 39984
9661 54817
9662 52000
9663 62240
9664 39992
9665 49928
9666 39972
9667 37928
9668 39972
9669 37944
9670 39992
9671 39972
9672 7269
9673 17176
9674 37920
9675 39972
9676 54060
9677 37920
9678 37944
9679 25370
9680 27457
9681 54016
9682 6245
9683 37944
9684 38180
9685 25418
9686 37920
9687 25387
9688 39972
9689 7716
9690 39972
9691 37920
9692 54064
9693 37944
9694 25418
9695 27424
9696 27264
9697 54057
9698 25355
9699 37920
9700 39972
9701 27264
9702 28481
9703 39988
9704 54173
9705 4896
9706 37920
9707 40484
9708 37688
9709 39988
9710 17168
9711 39972
9712 37920
9713 39968
9714 28481
9715 54072
9716 28521
9717 37688
9718 25352
9719 39972
9720 55073
9721 50077
9722 26387
9723 27280
9724 37920
9725 28641
9726 37920
9727 25384
9728 25353
9729 39972
9730 37920
9731 37920
9732 27280
9733 55072
9734 37920
9735 9056
9736 37936
9737 56096
9738 63329
9739 54048
9740 27488
9741 37924
9742 25352
9743 25368
9744 39972
9745 58152
9746 40737
9747 58219
9748 39968
9749 25376
9750 28449
9751 37920
9752 49953
9753 25355
9754 53032
9755 37944
9756 25370
9757 25370
9758 55080
9759 39968
9760 28545
9761 39996
9762 39992
9763 39972
9764 38241
9765 37944
9766 39968
9767 27401
9768 39972
9769 40500
9770 25371
9771 37936
9772 39972
9773 39968
9774 28545
9775 37944
9776 39988
9777 27488
9778 40488
9779 37176
9780 55080
9781 37920
9782 54044
9783 50076
9784 25370
9785 54173
9786 5473
9787 37920
9788 37920
9789 25386
9790 27264
9791 38456
9792 60048
9793 58121
9794 62349
9795 28577
9796 39996
9797 39984
9798 7205
9799 37920
9800 40500
9801 39968
9802 17176
9803 37920
9804 37944
9805 49821
9806 38432
9807 61281
9808 40508
9809 5477
9810 39992
9811 49921
9812 58120
9813 28513
9814 49821
9815 27553
9816 28577
9817 37920
9818 59241
9819 50072
9820 25368
9821 25370
9822 39968
9823 25353
9824 37920
9825 19201
9826 58144
9827 37920
9828 49928
9829 37920
9830 37920
9831 39480
9832 39968
9833 37920
9834 40737
9835 38688
9836 39480
9837 27400
9838 52001
9839 28481
9840 26385
9841 17184
9842 25376
9843 53025
9844 27425
9845 62253
9846 37928
9847 39972
9848 39972
9849 25370
9850 57707
9851 25371
9852 50077
9853 25355
9854 55080
9855 55073
9856 37920
9857 37920
9858 39972
9859 37920
9860 39968
9861 25354
9862 37920
9863 26385
9864 5473
9865 37920
9866 25384
9867 37920
9868 39968
9869 38176
9870 37928
9871 37668
9872 37944
9873 59178
9874 39972
9875 54057
9876 39972
9877 37680
9878 37920
9879 37920
9880 39968
9881 25370
9882 58209
9883 19209
9884 28513
9885 58136
9886 25371
9887 37920
9888 39972
9889 50977
9890 40508
9891 37944
9892 58245
9893 25385
9894 50077
9895 27392
9896 38452
9897 37920
9898 39992
9899 55096
9900 58136
9901 27424
9902 39972
9903 28577
9904 37920
9905 25370
9906 49944
9907 55072
9908 49929
9909 58122
9910 38241
9911 50077
9912 27264
9913 26473
9914 25370
9915 39968
9916 25368
9917 39968
9918 39968
9919 37920
9920 57129
9921 39968
9922 37920
9923 37924
9924 28513
9925 27393
9926 53916
9927 37920
9928 27264
9929 26400
9930 58253
9931 17184
9932 17208
9933 25370
9934 37944
9935 37920
9936 17184
9937 26411
9938 51977
9939 28481
9940 19240
9941 50077
9942 37920
9943 5473
9944 38448
9945 49821
9946 25371
9947 25371
9948 25403
9949 58155
9950 25370
9951 28513
9952 54040
9953 37924
9954 62349
9955 28641
9956 26409
9957 27488
9958 25370
9959 25370
9960 28641
9961 39972
9962 39480
9963 39988
9964 5473
9965 58152
9966 52001
9967 39972
9968 39992
9969 39972
9970 39968
9971 27488
9972 37920
9973 39972
9974 28577
9975 38456
9976 39968
9977 37920
9978 37928
9979 39972
9980 39972
9981 25370
9982 39988
9983 40488
9984 39968
9985 37920
9986 39972
9987 25354
9988 38460
9989 27424
9990 39984
9991 54048
9992 25370
9993 49953
9994 54048
9995 49961
9996 39972
9997 37944
9998 55081
9999 49821
10000 50077
10001 7269
10002 39972
10003 37160
10004 37920
10005 54072
10006 7269
10007 28577
10008 37928
10009 37924
10010 39988
10011 37920
10012 37432
10013 54032
10014 60048
10015 27264
10016 27265
10017 27265
10018 25353
10019 5221
10020 37920
10021 39972
10022 39968
10023 61345
10024 27521
10025 37928
10026 37920
10027 19201
10028 27265
10029 27392
10030 39728
10031 37920
10032 37920
10033 37920
10034 37688
10035 37944
10036 37920
10037 25370
10038 25370
10039 28641
10040 37920
10041 27457
10042 25384
10043 39472
10044 25369
10045 25370
10046 49821
10047 40484
10048 37920
10049 27264
10050 28641
10051 38696
10052 37664
10053 50077
10054 59192
10055 25370
10056 17193
10057 28641
10058 39992
10059 54045
10060 59176
10061 57707
10062 54064
10063 60256
10064 39972
10065 39996
10066 49953
10067 50077
10068 37944
10069 50077
10070 55081
10071 37920
10072 27465
10073 37920
10074 27169
10075 39968
10076 27264
10077 39988
10078 52001
10079 39972
10080 54173
10081 37944
10082 25376
10083 39968
10084 39968
10085 54056
10086 37944
10087 39968
10088 39480
10089 39972
10090 37920
10091 37920
10092 37945
10093 37920
10094 25370
10095 37920
10096 7716
10097 6704
10098 40480
10099 37920
10100 37920
10101 25370
10102 37940
10103 25371
10104 54045
10105 38180
10106 49821
10107 5473
10108 49968
10109 37920
10110 7269
10111 26401
10112 19232
10113 28521
10114 65313
10115 37928
10116 7205
10117 49921
10118 37920
10119 7269
10120 17184
10121 25370
10122 39992
10123 37920
10124 38697
10125 60033
10126 39968
10127 28449
10128 49960
10129 17176
10130 7269
10131 54056
10132 28513
10133 37920
10134 28449
10135 37920
10136 50077
10137 25371
10138 25418
10139 54173
10140 37665
10141 28513
10142 37920
10143 25355
10144 58234
10145 26473
10146 25371
10147 37920
10148 28577
10149 25355
10150 54328
10151 38432
10152 39972
10153 25370
10154 25369
10155 37920
10156 27264
10157 40496
10158 25371
10159 56096
10160 28641
10161 38240
10162 37920
10163 39992
10164 37920
10165 25402
10166 37940
10167 17208
10168 37920
10169 39968
10170 19208
10171 37920
10172 25355
10173 39992
10174 39972
10175 39968
10176 37920
10177 25370
10178 37920
10179 25370
10180 37944
10181 53792
10182 37920
10183 37940
10184 37920
10185 39972
10186 39972
10187 40496
10188 37920
10189 37944
10190 39984
10191 37920
10192 39972
10193 37920
10194 37920
10195 27425
10196 37920
10197 39968
10198 39972
10199 37920
10200 37945
10201 60193
10202 4896
10203 37920
10204 38180
10205 5473
10206 39984
10207 38241
10208 27264
10209 49821
10210 40480
10211 37944
10212 49953
10213 25344
10214 39968
10215 25376
10216 7269
10217 39968
10218 37920
10219 37924
10220 37920
10221 37944
10222 40481
10223 37920
10224 28513
10225 54173
10226 37944
10227 37920
10228 37920
10229 39988
10230 49976
10231 51000
10232 54112
10233 39972
10234 25370
10235 39988
10236 27489
10237 37920
10238 25370
10239 26411
10240 25370
10241 25377
10242 27425
10243 37920
10244 56104
10245 49961
10246 39972
10247 39972
10248 37920
10249 26411
10250 25386
10251 62241
10252 18976
10253 54040
10254 5473
10255 27264
10256 40508
10257 19201
10258 19232
10259 49969
10260 25344
10261 39968
10262 38712
10263 37920
10264 39200
10265 37920
10266 49976
10267 49952
10268 25448
10269 49941
10270 17177
10271 39968
10272 37436
10273 39996
10274 37944
10275 37920
10276 37920
10277 39992
10278 27280
10279 39972
10280 39992
10281 39968
10282 37920
10283 25384
10284 37920
10285 39968
10286 39988
10287 25371
10288 39480
10289 37944
10290 54817
10291 39972
10292 39972
10293 27264
10294 39996
10295 39968
10296 37920
10297 37920
10298 55097
10299 37920
10300 37920
10301 39968
10302 28513
10303 25370
10304 37920
10305 17208
10306 25370
10307 5473
10308 54056
10309 27521
10310 37944
10311 25370
10312 27264
10313 58253
10314 8992
10315 58208
10316 37920
10317 39972
10318 39972
10319 37920
10320 39992
10321 37920
10322 54057
10323 37920
10324 17200
10325 4896
10326 37920
10327 37920
10328 39996
10329 17192
10330 40504
10331 25370
10332 37920
10333 28577
10334 25370
10335 37920
10336 27264
10337 54056
10338 25368
10339 37944
10340 28641
10341 25370
10342 37920
10343 37944
10344 39968
10345 25370
10346 53820
10347 39984
10348 28449
10349 37920
10350 25418
10351 58218
10352 39972
10353 58155
10354 50077
10355 58122
10356 37920
10357 25370
10358 58170
10359 40500
10360 39968
10361 49976
10362 37921
10363 49960
10364 25370
10365 26473
10366 25408
10367 25371
10368 54173
10369 7205
10370 37920
10371 60257
10372 37920
10373 37920
10374 37920
10375 37920
10376 27392
10377 37928
10378 5473
10379 25370
10380 26384
10381 25368
10382 49952
10383 39972
10384 39472
10385 39972
10386 39972
10387 39480
10388 39976
10389 25370
10390 25370
10391 39972
10392 39972
10393 38184
10394 40736
10395 39988
10396 37920
10397 37920
10398 49960
10399 58218
10400 37920
10401 40480
10402 39480
10403 54112
10404 39988
10405 25371
10406 49953
10407 39472
10408 58253
10409 39992
10410 27264
10411 37920
10412 37920
10413 25353
10414 54056
10415 37921
10416 28521
10417 27264
10418 28513
10419 25370
10420 37920
10421 27264
10422 25368
10423 37920
10424 19216
10425 17161
10426 28513
10427 37920
10428 37688
10429 50077
10430 25370
10431 39968
10432 39968
10433 37920
10434 28577
10435 57128
10436 58234
10437 37920
10438 37920
10439 58144
10440 58218
10441 37920
10442 39984
10443 38460
10444 25370
10445 40224
10446 37921
10447 37920
10448 27521
10449 39972
10450 25370
10451 39968
10452 37944
10453 39972
10454 50072
10455 62365
10456 25354
10457 37936
10458 59176
10459 38460
10460 40480
10461 54077
10462 37920
10463 5473
10464 37920
10465 40480
10466 50077
10467 37920
10468 38240
10469 37920
10470 37928
10471 37920
10472 37920
10473 25402
10474 39968
10475 39972
10476 58152
10477 17177
10478 54049
10479 37920
10480 37928
10481 25403
10482 37920
10483 37944
10484 37920
10485 49976
10486 39728
10487 39968
10488 39968
10489 39972
10490 49945
10491 62253
10492 38436
10493 40744
10494 38689
10495 61217
10496 27264
10497 58144
10498 37920
10499 54064
10500 25371
10501 27264
10502 50077
10503 27280
10504 5473
10505 25370
10506 37920
10507 37944
10508 39972
10509 25377
10510 17193
10511 37920
10512 54060
10513 58121
10514 25354
10515 28577
10516 37944
10517 25370
10518 25355
10519 39968
10520 39968
10521 37920
10522 25371
10523 50077
10524 28513
10525 50077
10526 37944
10527 39972
10528 39972
10529 25370
10530 37920
10531 37920
10532 40484
10533 25419
10534 37676
10535 25419
10536 52009
10537 37944
10538 25370
10539 5473
10540 37920
10541 17177
10542 57121
10543 25384
10544 28577
10545 49976
10546 28521
10547 38432
10548 38456
10549 37920
10550 25370
10551 37920
10552 58217
10553 25371
10554 25370
10555 27264
10556 37920
10557 37920
10558 39996
10559 37920
10560 37920
10561 39992
10562 37921
10563 39968
10564 39972
10565 40292
10566 25448
10567 37936
10568 37944
10569 39968
10570 40233
10571 37944
10572 39972
10573 17208
10574 39968
10575 39972
10576 39968
10577 37921
10578 51992
10579 37920
10580 7780
10581 39972
10582 37688
10583 55096
10584 40504
10585 37920
10586 5473
10587 28521
10588 37924
10589 25371
10590 25402
10591 37920
10592 37920
10593 39972
10594 37944
10595 26473
10596 54048
10597 28577
10598 54072
10599 27264
10600 28449
10601 39968
10602 60161
10603 28449
10604 54072
10605 39972
10606 20257
10607 59177
10608 28545
10609 25370
10610 25384
10611 53300
10612 28417
10613 49821
10614 37920
10615 17184
10616 27264
10617 39200
10618 19201
10619 17200
10620 28417
10621 39972
10622 39968
10623 55072
10624 25370
10625 37920
10626 58144
10627 37920
10628 64289
10629 37920
10630 39992
10631 37944
10632 39968
10633 7205
10634 39988
10635 37944
10636 5473
10637 37920
10638 25377
10639 25370
10640 37920
10641 37928
10642 39972
10643 60200
10644 39968
10645 37928
10646 25440
10647 6704
10648 37944
10649 39972
10650 54112
10651 37920
10652 39968
10653 37920
10654 37920
10655 37920
10656 37944
10657 17208
10658 39968
10659 53560
10660 54060
10661 40228
10662 39972
10663 37944
10664 25370
10665 19233
10666 60048
10667 37672
10668 28641
10669 7269
10670 39972
10671 39972
10672 28481
10673 39968
10674 7269
10675 51856
10676 37920
10677 39972
10678 28513
10679 49976
10680 50077
10681 26409
10682 37920
10683 27264
10684 49949
10685 58145
10686 25371
10687 37920
10688 25370
10689 28521
10690 37920
10691 37936
10692 56105
10693 38688
10694 39720
10695 53540
10696 27264
10697 28521
10698 25355
10699 25370
10700 39968
10701 27264
10702 39968
10703 54056
10704 62365
10705 39972
10706 39968
10707 25387
10708 54048
10709 25354
10710 49821
10711 40480
10712 26473
10713 49821
10714 25370
10715 37920
10716 37920
10717 37920
10718 5473
10719 39968
10720 39972
10721 25408
10722 39968
10723 49952
10724 40292
10725 25371
10726 39480
10727 39968
10728 49961
10729 37920
10730 40744
10731 25370
10732 39972
10733 25448
10734 37944
10735 37920
10736 25368
10737 28577
10738 40504
10739 37920
10740 39972
10741 49953
10742 40744
10743 25371
10744 60048
10745 54173
10746 54056
10747 37920
10748 37920
10749 37920
10750 37928
10751 39988
10752 37920
10753 25352
10754 7269
10755 27264
10756 39972
10757 17256
10758 39972
10759 56096
10760 17176
10761 37920
10762 40504
10763 25385
10764 28449
10765 39988
10766 17153
10767 37920
10768 19240
10769 28513
10770 61217
10771 27425
10772 26411
10773 18209
10774 25370
10775 40484
10776 37920
10777 38456
10778 54072
10779 37920
10780 39996
10781 27425
10782 27265
10783 27264
10784 25344
10785 28545
10786 37920
10787 25377
10788 25370
10789 25371
10790 25385
10791 27424
10792 54048
10793 25355
10794 28513
10795 25370
10796 25354
10797 37920
10798 39972
10799 37944
10800 5473
10801 39988
10802 39968
10803 39972
10804 5473
10805 25371
10806 37944
10807 25368
10808 39972
10809 25368
10810 39988
10811 37920
10812 37936
10813 7269
10814 37920
10815 37920
10816 37920
10817 37945
10818 37940
10819 39968
10820 19201
10821 54072
10822 50077
10823 62240
10824 27264
10825 39988
10826 37944
10827 25355
10828 5473
10829 37920
10830 7269
10831 52016
10832 37920
10833 37920
10834 25370
10835 27264
10836 27265
10837 61345
10838 28513
10839 39984
10840 37944
10841 49976
10842 25418
10843 39972
10844 50076
10845 25400
10846 38696
10847 28641
10848 28513
10849 39968
10850 58264
10851 37920
10852 27265
10853 49944
10854 37920
10855 25370
10856 25346
10857 25362
10858 37920
10859 50077
10860 37920
10861 28521
10862 25418
10863 28577
10864 37920
10865 19209
10866 25352
10867 25370
10868 54072
10869 49821
10870 54056
10871 27264
10872 40224
10873 40500
10874 25371
10875 58144
10876 25370
10877 27489
10878 60257
10879 25385
10880 49821
10881 25371
10882 58152
10883 50077
10884 52000
10885 37920
10886 28457
10887 25370
10888 27264
10889 18208
10890 5221
10891 27280
10892 19233
10893 25376
10894 37920
10895 5473
10896 39480
10897 37920
10898 37920
10899 37928
10900 39988
10901 39972
10902 27496
10903 49977
10904 39972
10905 37920
10906 37920
10907 39968
10908 25370
10909 25368
10910 39972
10911 25370
10912 28513
10913 50077
10914 19216
10915 27264
10916 37920
10917 49961
10918 39972
10919 37944
10920 54072
10921 37920
10922 37944
10923 37920
10924 38184
10925 7269
10926 38457
10927 39972
10928 37920
10929 25384
10930 37920
10931 27264
10932 37920
10933 28521
10934 37920
10935 39972
10936 27280
10937 28489
10938 27425
10939 39992
10940 28641
10941 28449
10942 37920
10943 54048
10944 59241
10945 61217
10946 39972
10947 59169
10948 49952
10949 39968
10950 37920
10951 28577
10952 17208
10953 37920
10954 39984
10955 37920
10956 37920
10957 39480
10958 17178
10959 25354
10960 58186
10961 25370
10962 56105
10963 38696
10964 39480
10965 25370
10966 19240
10967 25376
10968 38432
10969 54045
10970 25370
10971 54072
10972 38712
10973 37944
10974 39968
10975 17208
10976 39972
10977 54064
10978 39968
10979 39968
10980 39972
10981 40504
10982 39988
10983 37944
10984 38241
10985 38177
10986 37920
10987 37944
10988 39984
10989 25370
10990 37920
10991 53820
10992 7269
10993 39968
10994 37948
10995 55072
10996 37920
10997 37920
10998 37920
10999 49968
11000 37688
11001 25376
11002 25377
11003 50077
11004 49953
11005 37921
11006 5473
11007 25370
11008 27264
11009 27265
11010 58269
11011 37668
11012 25368
11013 39968
11014 25369
11015 57706
11016 27296
11017 27264
11018 54072
11019 5477
11020 5473
11021 25368
11022 25368
11023 39736
11024 27264
11025 38688
11026 27489
11027 17200
11028 7269
11029 49821
11030 39968
11031 60161
11032 56096
11033 25370
11034 53560
11035 54049
11036 27264
11037 50068
11038 26465
11039 39972
11040 26401
11041 38452
11042 39968
11043 39972
11044 37920
11045 50077
11046 49976
11047 25419
11048 37920
11049 60048
11050 38456
11051 62349
11052 28577
11053 49976
11054 26409
11055 25403
11056 38696
11057 58218
11058 39972
11059 37928
11060 26409
11061 25376
11062 27393
11063 37920
11064 40480
11065 25377
11066 25352
11067 49953
11068 25370
11069 27496
11070 49949
11071 25352
11072 17208
11073 54056
11074 25370
11075 49976
11076 58241
11077 37920
11078 5473
11079 800
11080 37944
11081 54072
11082 37920
11083 27264
11084 37920
11085 25352
11086 37944
11087 5473
11088 27264
11089 40497
11090 54057
11091 19248
11092 39968
11093 25371
11094 39972
11095 38696
11096 37920
11097 37928
11098 39992
11099 39972
11100 54073
11101 37920
11102 37920
11103 25370
11104 58136
11105 39968
11106 25368
11107 54056
11108 63265
11109 49960
11110 816
11111 55073
11112 25387
11113 25370
11114 40480
11115 49952
11116 37920
11117 55072
11118 39972
11119 55072
11120 25370
11121 40484
11122 54072
11123 49944
11124 40481
11125 53032
11126 17256
11127 39968
11128 26409
11129 39972
11130 25370
11131 39968
11132 49961
11133 25344
11134 38712
11135 27264
11136 7269
11137 25370
11138 37936
11139 25370
11140 25360
11141 39988
11142 40480
11143 27280
11144 37920
11145 26400
11146 27265
11147 65313
11148 37920
11149 5473
11150 39968
11151 25370
11152 37924
11153 39968
11154 26401
11155 54173
11156 37944
11157 39968
11158 54072
11159 58153
11160 19232
11161 38688
11162 39972
11163 25387
11164 57121
11165 54056
11166 17208
11167 28513
11168 39972
11169 27432
11170 25376
11171 37920
11172 39972
11173 38176
11174 37920
11175 37940
11176 39968
11177 39988
11178 54076
11179 55864
11180 58234
11181 57706
11182 37920
11183 25402
11184 39480
11185 17178
11186 49953
11187 38200
11188 49952
11189 25355
11190 57707
11191 50077
11192 39712
11193 5473
11194 39996
11195 25386
11196 17176
11197 37920
11198 58170
11199 60192
11200 37920
11201 37436
11202 37920
11203 25370
11204 37924
11205 50985
11206 27264
11207 58120
11208 25368
11209 25370
11210 25370
11211 27264
11212 37920
11213 25376
11214 37920
11215 27264
11216 28641
11217 25368
11218 37920
11219 51977
11220 28641
11221 25370
11222 37920
11223 37920
11224 37672
11225 27264
11226 17185
11227 58144
11228 17176
11229 37920
11230 49953
11231 27264
11232 25384
11233 28577
11234 37920
11235 39972
11236 39712
11237 28577
11238 56104
11239 27264
11240 19232
11241 62304
11242 49976
11243 58113
11244 27265
11245 27488
11246 25355
11247 28513
11248 37676
11249 26401
11250 38177
11251 25384
11252 25368
11253 25368
11254 37920
11255 49812
11256 28577
11257 28513
11258 25368
11259 64288
11260 25355
11261 49945
11262 58209
11263 39988
11264 62241
11265 37920
11266 37920
11267 17208
11268 5473
11269 39972
11270 39480
11271 37920
11272 37944
11273 6245
11274 39972
11275 37920
11276 39972
11277 28513
11278 37936
11279 49936
11280 37920
11281 58218
11282 39968
11283 7269
11284 17208
11285 6245
11286 37920
11287 49976
11288 37920
11289 28449
11290 49812
11291 25370
11292 28449
11293 37920
11294 27264
11295 26473
11296 37920
11297 50076
11298 28577
11299 62365
11300 28513
11301 58155
11302 57120
11303 61281
11304 28449
11305 54056
11306 25370
11307 27264
11308 26403
11309 39968
11310 54072
11311 28641
11312 58112
11313 28521
11314 37920
11315 28577
11316 60256
11317 25368
11318 28641
11319 37920
11320 49948
11321 37936
11322 2849
11323 25370
11324 49952
11325 49976
11326 38696
11327 39988
11328 58218
11329 49976
11330 39992
11331 37920
11332 37688
11333 40497
11334 5221
11335 37920
11336 39972
11337 37920
11338 38696
11339 39968
11340 64289
11341 39988
11342 39992
11343 7716
11344 37920
11345 39972
11346 39968
11347 37920
11348 62365
11349 53788
11350 49976
11351 37920
11352 37920
11353 25448
11354 27264
11355 49821
11356 25384
11357 37932
11358 17184
11359 25370
11360 27264
11361 37920
11362 28513
11363 33592
11364 37920
11365 27265
11366 28577
11367 55072
11368 54056
11369 39972
11370 49953
11371 39988
11372 28577
11373 53025
11374 37920
11375 28577
11376 37920
11377 54048
11378 49821
11379 40496
11380 58241
11381 39480
11382 8992
11383 19200
11384 49821
11385 25370
11386 37924
11387 5473
11388 54041
11389 27425
11390 37920
11391 17208
11392 27393
11393 25363
11394 58152
11395 49952
11396 37920
11397 37920
11398 25450
11399 49812
11400 54056
11401 27457
11402 49944
11403 38697
11404 25370
11405 38448
11406 37920
11407 17185
11408 19785
11409 39968
11410 25370
11411 39972
11412 17184
11413 5473
11414 39968
11415 37944
11416 54061
11417 37920
11418 39972
11419 37920
11420 37944
11421 49944
11422 37920
11423 25368
11424 25360
11425 7780
11426 37920
11427 39972
11428 37920
11429 4896
11430 39968
11431 37936
11432 39472
11433 17208
11434 26473
11435 54032
11436 25370
11437 58253
11438 19209
11439 25368
11440 37920
11441 52008
11442 39968
11443 7716
11444 54072
11445 26409
11446 63328
11447 37424
11448 39996
11449 37944
11450 37944
11451 37920
11452 28521
11453 37920
11454 61345
11455 28641
11456 28513
11457 28577
11458 28577
11459 58145
11460 27424
11461 37920
11462 28641
11463 55096
11464 28577
11465 39968
11466 28513
11467 54173
11468 28641
11469 28641
11470 27280
11471 17200
11472 57120
11473 28513
11474 27264
11475 59177
11476 27424
11477 25376
11478 28521
11479 37920
11480 25370
11481 49944
11482 17193
11483 26411
11484 58144
11485 27424
11486 62349
11487 17169
11488 28521
11489 25386
11490 37920
11491 37920
11492 37920
11493 39992
11494 5473
11495 60321
11496 37920
11497 25370
11498 37688
11499 40292
11500 39480
11501 39988
11502 37944
11503 27424
11504 39968
11505 39972
11506 27432
11507 37920
11508 25345
11509 39480
11510 55088
11511 27264
11512 27264
11513 37920
11514 37944
11515 58145
11516 7269
11517 28513
11518 54072
11519 39972
11520 27264
11521 28577
11522 39712
11523 7269
11524 25400
11525 27264
11526 25371
11527 28449
11528 27280
11529 28641
11530 50077
11531 27264
11532 39972
11533 55096
11534 49953
11535 25408
11536 28513
11537 63264
11538 25370
11539 25370
11540 39480
11541 25370
11542 40736
11543 49813
11544 28577
11545 27264
11546 27264
11547 52000
11548 17185
11549 27416
11550 37688
11551 39972
11552 39976
11553 28641
11554 25384
11555 25370
11556 50024
11557 25344
11558 51977
11559 50077
11560 19201
11561 62349
11562 54040
11563 25371
11564 38452
11565 37920
11566 19233
11567 62241
11568 17185
11569 37924
11570 25370
11571 37944
11572 5473
11573 27264
11574 39968
11575 39972
11576 40232
11577 39972
11578 39972
11579 37920
11580 37920
11581 37944
11582 37920
11583 39972
11584 37920
11585 37920
11586 37920
11587 37928
11588 27425
11589 5221
11590 27264
11591 49952
11592 37920
11593 27264
11594 17169
11595 38688
11596 37920
11597 37920
11598 28449
11599 27264
11600 5473
11601 25370
11602 27280
11603 25434
11604 5473
11605 37920
11606 39968
11607 25370
11608 28577
11609 59177
11610 18217
11611 28457
11612 38241
11613 37920
11614 25360
11615 27264
11616 19240
11617 37920
11618 37920
11619 19208
11620 28641
11621 25419
11622 37920
11623 19209
11624 25402
11625 28513
11626 54049
11627 25370
11628 27264
11629 27264
11630 38176
11631 27264
11632 25368
11633 49953
11634 37920
11635 52001
11636 49944
11637 27424
11638 52001
11639 58141
11640 25376
11641 54073
11642 25371
11643 25368
11644 58145
11645 51000
11646 50077
11647 49961
11648 54064
11649 39988
11650 62248
11651 39992
11652 27264
11653 39972
11654 39972
11655 37920
11656 39480
11657 39480
11658 39968
11659 37928
11660 49960
11661 39972
11662 17176
11663 39972
11664 25384
11665 37920
11666 25385
11667 37924
11668 37920
11669 54072
11670 40481
11671 27264
11672 37920
11673 37920
11674 54057
11675 25370
11676 37928
11677 5477
11678 37920
11679 39968
11680 60192
11681 39972
11682 37920
11683 27425
11684 25353
11685 37924
11686 27393
11687 28449
11688 27264
11689 28513
11690 28513
11691 55073
11692 28449
11693 28513
11694 28513
11695 37920
11696 62365
11697 39968
11698 17176
11699 27264
11700 37920
11701 28521
11702 39968
11703 49948
11704 19224
11705 25371
11706 28513
11707 27264
11708 58144
11709 37920
11710 49952
11711 27264
11712 25353
11713 40508
11714 27393
11715 27425
11716 49960
11717 49960
11718 49953
11719 37920
11720 25360
11721 27425
11722 54048
11723 19241
11724 17160
11725 58144
11726 52001
11727 58144
11728 58145
11729 54112
11730 49969
11731 39480
11732 39972
11733 39992
11734 37920
11735 26401
11736 27296
11737 39992
11738 63273
11739 39972
11740 40292
11741 39480
11742 39988
11743 54048
11744 17208
11745 37920
11746 25386
11747 38436
11748 25370
11749 25370
11750 19088
11751 27264
11752 27264
11753 17184
11754 39968
11755 7205
11756 39968
11757 37920
11758 54056
11759 37920
11760 39972
11761 7269
11762 39980
11763 19201
11764 28513
11765 28577
11766 49976
11767 17185
11768 27264
11769 27393
11770 52009
11771 54189
11772 28521
11773 27264
11774 38176
11775 27264
11776 37920
11777 38696
11778 40484
11779 61345
11780 37920
11781 37920
11782 49953
11783 62240
11784 27264
11785 17208
11786 49933
11787 27280
11788 39968
11789 28449
11790 37924
11791 28513
11792 54056
11793 37944
11794 39992
11795 49952
11796 54060
11797 25370
11798 37944
11799 40504
11800 49960
11801 38688
11802 49821
11803 19201
11804 58218
11805 58216
11806 17185
11807 25370
11808 17184
11809 49949
11810 58120
11811 55080
11812 25384
11813 54049
11814 49941
11815 54065
11816 50077
11817 38432
11818 37920
11819 54072
11820 54073
11821 37944
11822 5473
11823 37920
11824 55088
11825 25385
11826 56120
11827 37924
11828 39992
11829 39992
11830 27401
11831 37920
11832 37920
11833 56096
11834 37928
11835 39972
11836 38688
11837 38176
11838 27264
11839 27264
11840 58253
11841 25376
11842 7269
11843 25370
11844 27296
11845 27264
11846 19088
11847 28513
11848 40484
11849 27433
11850 49812
11851 39972
11852 28513
11853 39996
11854 37920
11855 63264
11856 39988
11857 25377
11858 49976
11859 28577
11860 28521
11861 37920
11862 26473
11863 50077
11864 25408
11865 28417
11866 37920
11867 54064
11868 28489
11869 39968
11870 39980
11871 28577
11872 28513
11873 7716
11874 50077
11875 801
11876 28449
11877 25370
11878 38457
11879 54173
11880 27264
11881 39968
11882 38448
11883 39992
11884 25370
11885 25419
11886 49953
11887 50977
11888 25371
11889 54077
11890 25345
11891 49953
11892 57706
11893 50077
11894 57120
11895 25370
11896 37920
11897 37920
11898 39968
11899 50077
11900 39992
11901 6245
11902 37928
11903 37920
11904 25376
11905 37920
11906 49968
11907 40504
11908 37664
11909 37920
11910 40497
11911 37920
11912 25352
11913 25434
11914 17184
11915 39972
11916 37920
11917 49961
11918 58152
11919 25440
11920 53909
11921 37945
11922 54048
11923 25370
11924 37920
11925 25352
11926 37672
11927 50985
11928 37920
11929 25370
11930 27280
11931 37920
11932 54064
11933 60048
11934 54056
11935 39972
11936 49961
11937 7269
11938 28641
11939 37920
11940 5473
11941 25370
11942 19225
11943 37920
11944 55072
11945 58128
11946 17184
11947 27264
11948 28641
11949 59169
11950 54040
11951 54049
11952 39968
11953 37920
11954 39996
11955 37920
11956 55096
11957 17168
11958 65377
11959 28641
11960 26409
11961 28641
11962 28577
11963 28641
11964 39968
11965 25379
11966 55081
11967 37920
11968 27280
11969 49953
11970 57129
11971 37920
11972 28641
11973 49921
11974 25345
11975 39968
11976 38688
11977 37920
11978 28513
11979 25370
11980 6245
11981 49952
11982 38712
11983 49977
11984 25368
11985 25377
11986 17176
11987 37920
11988 27264
11989 28641
11990 39972
11991 25355
11992 54041
11993 38688
11994 25418
11995 62217
11996 27280
11997 54060
11998 61217
11999 54064
12000 49821
12001 39972
12002 27265
12003 50077
12004 38696
12005 59169
12006 25385
12007 25434
12008 28513
12009 49953
12010 39968
12011 28457
12012 17176
12013 28521
12014 25377
12015 25419
12016 55080
12017 17192
12018 28513
12019 55073
12020 54048
12021 63265
12022 37928
12023 37920
12024 37920
12025 39968
12026 49976
12027 60200
12028 864
12029 37944
12030 5473
12031 49952
12032 25434
12033 37920
12034 25370
12035 40504
12036 39972
12037 25368
12038 38240
12039 38456
12040 39972
12041 37920
12042 37920
12043 39972
12044 25384
12045 59192
12046 37920
12047 25345
12048 5473
12049 58216
12050 17176
12051 37920
12052 37920
12053 25344
12054 39972
12055 37672
12056 27264
12057 37928
12058 37920
12059 5473
12060 28513
12061 5473
12062 49961
12063 58170
12064 37920
12065 25370
12066 27425
12067 25368
12068 28449
12069 5473
12070 39988
12071 37920
12072 39988
12073 39972
12074 28489
12075 56112
12076 37920
12077 27264
12078 25449
12079 28449
12080 50077
12081 60193
12082 28513
12083 28577
12084 27264
12085 49976
12086 49961
12087 54056
12088 49976
12089 28513
12090 55080
12091 26473
12092 38456
12093 17192
12094 26465
12095 39988
12096 37944
12097 25360
12098 17208
12099 37920
12100 49936
12101 25370
12102 58217
12103 58241
12104 27408
12105 54048
12106 27424
12107 54052
12108 25449
12109 17192
12110 50069
12111 28641
12112 58144
12113 27265
12114 37920
12115 49952
12116 55081
12117 54173
12118 27425
12119 25369
12120 25376
12121 54048
12122 39972
12123 37924
12124 39984
12125 37920
12126 5221
12127 37920
12128 55080
12129 5473
12130 37944
12131 25403
12132 54064
12133 25384
12134 37920
12135 38177
12136 39968
12137 37928
12138 39972
12139 39972
12140 37920
12141 37920
12142 17176
12143 58120
12144 25352
12145 37940
12146 25370
12147 5473
12148 27264
12149 17208
12150 27264
12151 27264
12152 27264
12153 54072
12154 25345
12155 25370
12156 28577
12157 25370
12158 38696
12159 28641
12160 28641
12161 27264
12162 39976
12163 54173
12164 25352
12165 37920
12166 51856
12167 28641
12168 25384
12169 25402
12170 37920
12171 39968
12172 37920
12173 25346
12174 28641
12175 28521
12176 25353
12177 54060
12178 40504
12179 53025
12180 28641
12181 25368
12182 27264
12183 6245
12184 28513
12185 58216
12186 27264
12187 37664
12188 25354
12189 54044
12190 37920
12191 38688
12192 37944
12193 37920
12194 19201
12195 39972
12196 49944
12197 49821
12198 28521
12199 28513
12200 25386
12201 56064
12202 40508
12203 54048
12204 49952
12205 25370
12206 60192
12207 37920
12208 54056
12209 49821
12210 27265
12211 28641
12212 39968
12213 55080
12214 25440
12215 39972
12216 51000
12217 49976
12218 37920
12219 37944
12220 5473
12221 25376
12222 39480
12223 37920
12224 37688
12225 5473
12226 800
12227 27416
12228 39972
12229 17168
12230 39968
12231 38712
12232 37668
12233 58137
12234 25400
12235 54056
12236 61217
12237 6945
12238 5473
12239 5473
12240 40504
12241 27264
12242 49952
12243 25354
12244 7269
12245 28577
12246 28417
12247 27264
12248 38436
12249 25368
12250 58152
12251 37921
12252 62349
12253 25347
12254 28513
12255 26473
12256 5473
12257 37920
12258 37920
12259 28449
12260 27465
12261 62349
12262 37920
12263 53556
12264 28513
12265 28417
12266 39968
12267 54072
12268 37920
12269 28609
12270 38184
12271 39968
12272 49976
12273 49960
12274 28457
12275 28641
12276 25354
12277 25441
12278 25402
12279 37920
12280 37436
12281 25370
12282 55072
12283 54048
12284 52016
12285 49953
12286 28641
12287 25418
12288 37920
12289 27264
12290 25368
12291 37920
12292 54048
12293 28513
12294 26401
12295 37944
12296 54032
12297 49928
12298 37680
12299 27280
12300 37920
12301 37944
12302 17208
12303 27264
12304 7205
12305 37944
12306 5473
12307 37920
12308 38200
12309 39968
12310 39996
12311 39480
12312 39968
12313 19232
12314 54056
12315 39972
12316 37920
12317 25376
12318 62241
12319 37920
12320 37920
12321 27409
12322 40744
12323 28513
12324 25352
12325 49961
12326 37920
12327 38689
12328 37920
12329 58170
12330 39972
12331 25352
12332 25384
12333 25368
12334 60032
12335 59168
12336 25360
12337 37920
12338 57121
12339 37920
12340 26385
12341 37665
12342 49813
12343 54076
12344 37920
12345 5473
12346 28425
12347 28577
12348 25370
12349 61217
12350 25402
12351 37920
12352 27264
12353 28577
12354 50077
12355 58145
12356 28513
12357 28545
12358 27264
12359 39984
12360 58153
12361 63328
12362 27425
12363 39456
12364 27264
12365 7716
12366 54072
12367 49952
12368 49976
12369 25363
12370 49953
12371 19208
12372 37920
12373 37920
12374 38176
12375 55073
12376 62349
12377 17208
12378 25377
12379 62365
12380 17208
12381 27521
12382 19208
12383 55096
12384 27425
12385 39968
12386 37920
12387 25370
12388 25368
12389 5473
12390 864
12391 53556
12392 37920
12393 27425
12394 39972
12395 56096
12396 37920
12397 37920
12398 25368
12399 40736
12400 54072
12401 37920
12402 25368
12403 37920
12404 25400
12405 25370
12406 37920
12407 17208
12408 5473
12409 25370
12410 5473
12411 49976
12412 28513
12413 27264
12414 38712
12415 25368
12416 37920
12417 58144
12418 7205
12419 33592
12420 39972
12421 50077
12422 54173
12423 800
12424 37920
12425 28577
12426 27264
12427 26409
12428 27553
12429 28641
12430 28641
12431 58253
12432 49821
12433 38696
12434 19785
12435 26465
12436 28521
12437 27264
12438 28449
12439 54056
12440 55840
12441 28577
12442 55072
12443 39996
12444 39992
12445 25385
12446 62248
12447 49976
12448 17160
12449 50077
12450 62248
12451 25392
12452 25384
12453 37944
12454 54072
12455 27264
12456 49945
12457 56097
12458 17193
12459 25368
12460 39972
12461 40500
12462 54076
12463 49821
12464 17160
12465 58145
12466 49976
12467 54072
12468 52009
12469 49968
12470 17152
12471 17192
12472 50077
12473 39968
12474 37160
12475 54056
12476 19232
12477 54073
12478 58145
12479 38176
12480 25370
12481 54048
12482 17184
12483 25402
12484 17185
12485 37921
12486 39972
12487 25368
12488 39984
12489 37920
12490 37945
12491 5473
12492 37920
12493 40504
12494 38688
12495 37432
12496 54112
12497 37920
12498 49960
12499 25362
12500 7269
12501 37920
12502 25370
12503 37920
12504 39972
12505 25376
12506 33592
12507 17184
12508 37920
12509 40500
12510 54173
12511 27264
12512 5473
12513 26473
12514 36924
12515 49953
12516 37924
12517 25368
12518 39968
12519 37944
12520 25368
12521 39972
12522 5473
12523 58218
12524 25434
12525 28513
12526 39968
12527 39972
12528 27521
12529 28577
12530 25402
12531 28513
12532 39972
12533 54056
12534 25448
12535 25370
12536 28481
12537 25370
12538 37920
12539 25368
12540 39968
12541 38688
12542 58144
12543 28641
12544 28521
12545 40497
12546 40224
12547 49952
12548 49960
12549 17208
12550 28545
12551 28641
12552 54072
12553 17176
12554 25441
12555 37920
12556 37920
12557 37920
12558 39472
12559 25370
12560 25384
12561 58253
12562 39988
12563 26403
12564 49952
12565 25371
12566 58144
12567 25368
12568 49944
12569 25370
12570 38688
12571 39968
12572 39988
12573 58145
12574 17208
12575 17185
12576 37152
12577 54072
12578 25370
12579 50977
12580 25384
12581 58145
12582 37920
12583 56112
12584 37940
12585 39972
12586 37920
12587 25440
12588 39968
12589 37920
12590 54816
12591 37920
12592 28513
12593 27264
12594 55096
12595 51856
12596 39988
12597 19201
12598 37920
12599 55080
12600 27280
12601 39972
12602 58144
12603 58253
12604 17208
12605 25368
12606 28641
12607 55072
12608 26473
12609 37928
12610 37920
12611 53781
12612 39972
12613 39988
12614 39472
12615 37920
12616 38696
12617 25416
12618 25392
12619 816
12620 25368
12621 25370
12622 28513
12623 27264
12624 55096
12625 37944
12626 6944
12627 58113
12628 58269
12629 58152
12630 25392
12631 49968
12632 63265
12633 37920
12634 27393
12635 37920
12636 27409
12637 54056
12638 37920
12639 50077
12640 49936
12641 37920
12642 25371
12643 52000
12644 39968
12645 49821
12646 37920
12647 56097
12648 25376
12649 58152
12650 53812
12651 54048
12652 62240
12653 58152
12654 37920
12655 25361
12656 37928
12657 27264
12658 25362
12659 25368
12660 37920
12661 27425
12662 37944
12663 52009
12664 39988
12665 25346
12666 39972
12667 39972
12668 25384
12669 49968
12670 37920
12671 55096
12672 37920
12673 17208
12674 27280
12675 27392
12676 25400
12677 25360
12678 37944
12679 39988
12680 25370
12681 7269
12682 27264
12683 25416
12684 25400
12685 49976
12686 54056
12687 37920
12688 59168
12689 61217
12690 54049
12691 28641
12692 60033
12693 25370
12694 27264
12695 58112
12696 28513
12697 58145
12698 25370
12699 27425
12700 25376
12701 9056
12702 39972
12703 39968
12704 38176
12705 25376
12706 25352
12707 39968
12708 25370
12709 28641
12710 53909
12711 58152
12712 61217
12713 37924
12714 25384
12715 39988
12716 40504
12717 54076
12718 49952
12719 38696
12720 27425
12721 39720
12722 19201
12723 56096
12724 63273
12725 37920
12726 18217
12727 38696
12728 55072
12729 58216
12730 40481
12731 52000
12732 17208
12733 25377
12734 37920
12735 38457
12736 37664
12737 39992
12738 53025
12739 37920
12740 37920
12741 17208
12742 37920
12743 39737
12744 37920
12745 39972
12746 58144
12747 25352
12748 39720
12749 40497
12750 39968
12751 59193
12752 37945
12753 51992
12754 25368
12755 25384
12756 6704
12757 25370
12758 25448
12759 25440
12760 49952
12761 37920
12762 27264
12763 25402
12764 19233
12765 25377
12766 17153
12767 39972
12768 18217
12769 28513
12770 27264
12771 37924
12772 25368
12773 39457
12774 58144
12775 40496
12776 37920
12777 27264
12778 49976
12779 27392
12780 28641
12781 28513
12782 28513
12783 50077
12784 37920
12785 27393
12786 37924
12787 28641
12788 25361
12789 38712
12790 19233
12791 25377
12792 17160
12793 27264
12794 25371
12795 38448
12796 40736
12797 19232
12798 55096
12799 39968
12800 25416
12801 25370
12802 19785
12803 54076
12804 25377
12805 39968
12806 55096
12807 62349
12808 26387
12809 27264
12810 27424
12811 27392
12812 25353
12813 25370
12814 25370
12815 37920
12816 58113
12817 52008
12818 27264
12819 25370
12820 60161
12821 54056
12822 25370
12823 27392
12824 54049
12825 37920
12826 19201
12827 25352
12828 39968
12829 27264
12830 39968
12831 49976
12832 55081
12833 25408
12834 19201
12835 40736
12836 17176
12837 37920
12838 37665
12839 39968
12840 27424
12841 26401
12842 25354
12843 39968
12844 25362
12845 26473
12846 39996
12847 27425
12848 37920
12849 27393
12850 37920
12851 39992
12852 37920
12853 25368
12854 49976
12855 37920
12856 824
12857 28513
12858 37920
12859 28449
12860 39968
12861 27521
12862 27264
12863 37920
12864 19241
12865 39968
12866 38704
12867 57128
12868 50073
12869 53812
12870 27264
12871 37920
12872 25370
12873 17160
12874 49960
12875 27392
12876 39720
12877 39972
12878 49960
12879 37920
12880 37924
12881 25371
12882 58154
12883 25418
12884 50977
12885 58253
12886 52008
12887 60192
12888 54048
12889 58176
12890 25345
12891 39972
12892 37672
12893 40737
12894 17208
12895 37920
12896 37944
12897 37920
12898 37688
12899 37920
12900 54056
12901 37920
12902 25360
12903 52016
12904 38460
12905 37920
12906 25371
12907 27264
12908 27264
12909 39972
12910 62304
12911 25370
12912 64288
12913 37936
12914 39992
12915 2849
12916 28513
12917 37920
12918 25368
12919 27264
12920 26409
12921 28577
12922 28641
12923 17208
12924 28513
12925 25377
12926 28449
12927 54048
12928 28577
12929 25370
12930 54061
12931 18209
12932 53560
12933 50976
12934 40497
12935 39968
12936 51968
12937 25344
12938 54048
12939 39972
12940 52000
12941 37944
12942 37920
12943 25377
12944 56120
12945 37920
12946 27392
12947 57129
12948 37920
12949 38456
12950 39972
12951 49976
12952 19240
12953 37920
12954 39480
12955 37920
12956 39988
12957 19208
12958 25370
12959 37920
12960 54072
12961 37944
12962 25384
12963 54072
12964 49976
12965 25384
12966 54056
12967 38448
12968 37944
12969 59177
12970 62249
12971 49952
12972 25384
12973 37688
12974 37944
12975 37672
12976 25384
12977 37920
12978 38696
12979 37920
12980 28641
12981 28521
12982 55073
12983 39968
12984 25354
12985 26409
12986 25379
12987 17161
12988 50076
12989 54045
12990 49960
12991 49960
12992 52008
12993 62365
12994 25377
12995 52001
12996 37920
12997 40496
12998 25370
12999 58128
13000 25345
13001 37920
13002 54052
13003 25368
13004 51992
13005 54056
13006 54049
13007 49821
13008 37920
13009 39988
13010 25418
13011 49952
13012 52001
13013 27424
13014 38688
13015 58208
13016 58125
13017 55084
13018 37920
13019 19224
13020 62365
13021 54056
13022 25441
13023 52001
13024 37920
13025 38448
13026 25370
13027 37920
13028 25384
13029 37920
13030 49952
13031 37920
13032 5473
13033 37920
13034 37920
13035 39972
13036 19201
13037 37920
13038 38712
13039 37920
13040 55072
13041 49976
13042 37920
13043 51985
13044 9056
13045 54072
13046 17208
13047 7269
13048 37944
13049 27264
13050 58216
13051 25448
13052 37920
13053 49976
13054 54817
13055 55097
13056 39972
13057 26409
13058 39988
13059 5473
13060 28481
13061 28577
13062 40484
13063 27617
13064 28513
13065 60032
13066 39972
13067 39968
13068 27425
13069 39480
13070 25448
13071 26394
13072 53300
13073 49953
13074 49952
13075 49976
13076 37920
13077 25371
13078 37920
13079 25370
13080 56065
13081 25352
13082 39968
13083 25352
13084 49813
13085 49821
13086 27393
13087 25345
13088 39980
13089 49952
13090 25368
13091 19233
13092 54016
13093 27424
13094 37920
13095 37920
13096 37920
13097 54045
13098 49953
13099 25418
13100 54049
13101 53556
13102 51969
13103 20257
13104 39968
13105 25377
13106 39968
13107 49961
13108 27392
13109 25400
13110 49953
13111 58145
13112 55080
13113 62349
13114 17208
13115 54073
13116 49921
13117 5473
13118 39968
13119 58145
13120 37920
13121 39972
13122 5473
13123 39972
13124 39972
13125 37945
13126 17168
13127 59193
13128 800
13129 37920
13130 50976
13131 27265
13132 39968
13133 808
13134 39968
13135 27264
13136 25377
13137 54048
13138 39988
13139 37920
13140 28577
13141 50076
13142 28457
13143 37920
13144 28641
13145 28641
13146 37920
13147 25449
13148 26472
13149 37920
13150 60193
13151 27264
13152 28641
13153 39968
13154 55096
13155 37176
13156 25384
13157 55080
13158 39972
13159 27425
13160 6245
13161 61281
13162 25344
13163 28641
13164 25376
13165 27264
13166 54045
13167 25387
13168 39968
13169 58141
13170 39968
13171 38241
13172 39968
13173 62221
13174 37920
13175 39968
13176 56096
13177 51968
13178 25370
13179 58176
13180 62365
13181 52000
13182 28513
13183 19208
13184 19232
13185 25377
13186 25385
13187 51968
13188 37944
13189 17185
13190 25370
13191 49921
13192 53300
13193 27392
13194 37920
13195 39972
13196 39736
13197 40480
13198 37921
13199 37928
13200 39972
13201 25385
13202 37920
13203 25368
13204 56097
13205 25370
13206 25400
13207 37920
13208 17176
13209 28521
13210 38688
13211 33576
13212 7269
13213 37920
13214 37920
13215 58264
13216 58145
13217 19088
13218 37940
13219 37920
13220 40737
13221 54832
13222 25352
13223 40488
13224 50077
13225 49952
13226 25408
13227 28641
13228 26465
13229 53560
13230 27264
13231 51985
13232 25370
13233 49960
13234 37944
13235 37920
13236 63273
13237 17193
13238 58152
13239 37920
13240 58120
13241 39968
13242 54048
13243 62248
13244 808
13245 54057
13246 37436
13247 19232
13248 49953
13249 37428
13250 37920
13251 58144
13252 54056
13253 17161
13254 53808
13255 49952
13256 50077
13257 58209
13258 25384
13259 50077
13260 54072
13261 49944
13262 37428
13263 27424
13264 37920
13265 37920
13266 864
13267 54072
13268 27264
13269 37665
13270 37920
13271 37920
13272 39968
13273 39968
13274 37944
13275 38712
13276 39972
13277 17192
13278 25347
13279 17208
13280 58153
13281 37920
13282 49948
13283 28521
13284 19225
13285 25402
13286 53808
13287 27392
13288 54173
13289 37944
13290 37920
13291 39968
13292 25370
13293 49821
13294 37944
13295 19217
13296 28577
13297 39972
13298 37920
13299 39968
13300 37940
13301 25355
13302 62221
13303 27393
13304 52000
13305 51968
13306 25368
13307 25368
13308 37920
13309 816
13310 38460
13311 50072
13312 19208
13313 54061
13314 39472
13315 39472
13316 52001
13317 25355
13318 37928
13319 37920
13320 37920
13321 39712
13322 55080
13323 39968
13324 49949
13325 59232
13326 17184
13327 25376
13328 58141
13329 39712
13330 28449
13331 17208
13332 25376
13333 39972
13334 25402
13335 25376
13336 5473
13337 54048
13338 25368
13339 17178
13340 57129
13341 39968
13342 39972
13343 37920
13344 38696
13345 37928
13346 19200
13347 39992
13348 25370
13349 19232
13350 39972
13351 33576
13352 37920
13353 25392
13354 55081
13355 4897
13356 38448
13357 39988
13358 61217
13359 62241
13360 25363
13361 49968
13362 40744
13363 25368
13364 54057
13365 39972
13366 37920
13367 39988
13368 49960
13369 58176
13370 25370
13371 28449
13372 25354
13373 37920
13374 28641
13375 60048
13376 27264
13377 56105
13378 58152
13379 39968
13380 39984
13381 37920
13382 25352
13383 37924
13384 53788
13385 58241
13386 37936
13387 39736
13388 25368
13389 25377
13390 63265
13391 39968
13392 19232
13393 52001
13394 27264
13395 27393
13396 37924
13397 25370
13398 27264
13399 58144
13400 37920
13401 19208
13402 27392
13403 27265
13404 51968
13405 55072
13406 51969
13407 39720
13408 37932
13409 52000
13410 25384
13411 54840
13412 54173
13413 53812
13414 54112
13415 19232
13416 54057
13417 25400
13418 17153
13419 37944
13420 49944
13421 27265
13422 38176
13423 25432
13424 27392
13425 37920
13426 39968
13427 6704
13428 27392
13429 54072
13430 54044
13431 39992
13432 25369
13433 25368
13434 39968
13435 39480
13436 39992
13437 25368
13438 37920
13439 39972
13440 25376
13441 37924
13442 57120
13443 39968
13444 17208
13445 49953
13446 40500
13447 19232
13448 49976
13449 25354
13450 25370
13451 40496
13452 54072
13453 27393
13454 25448
13455 49953
13456 37944
13457 28521
13458 54049
13459 49944
13460 6704
13461 25416
13462 17192
13463 5473
13464 37920
13465 6704
13466 28449
13467 37920
13468 49976
13469 53917
13470 25377
13471 63273
13472 37920
13473 39736
13474 19208
13475 28521
13476 40224
13477 54044
13478 54173
13479 25370
13480 58209
13481 52001
13482 58253
13483 25370
13484 37688
13485 37920
13486 58120
13487 27280
13488 38188
13489 25354
13490 17161
13491 37944
13492 9056
13493 25377
13494 824
13495 25377
13496 28641
13497 25376
13498 58144
13499 54064
13500 53540
13501 54189
13502 49952
13503 55073
13504 49952
13505 50077
13506 53556
13507 62240
13508 58144
13509 49937
13510 49953
13511 63265
13512 38432
13513 60192
13514 58112
13515 25345
13516 17184
13517 50077
13518 58136
13519 49961
13520 39720
13521 58112
13522 27456
13523 54044
13524 50077
13525 51992
13526 60160
13527 60193
13528 37936
13529 25370
13530 60033
13531 19248
13532 54048
13533 39968
13534 25352
13535 37944
13536 62241
13537 55096
13538 39972
13539 37920
13540 56096
13541 49953
13542 27400
13543 54048
13544 55073
13545 25370
13546 25384
13547 37920
13548 54072
13549 25345
13550 37924
13551 60192
13552 25386
13553 17177
13554 25448
13555 27424
13556 25370
13557 37688
13558 51976
13559 38689
13560 26384
13561 39972
13562 28641
13563 37920
13564 39972
13565 27264
13566 27264
13567 37436
13568 39736
13569 37920
13570 37920
13571 50977
13572 50077
13573 50076
13574 37432
13575 49953
13576 55080
13577 27401
13578 49976
13579 25370
13580 52000
13581 39968
13582 25370
13583 28513
13584 25418
13585 55072
13586 58153
13587 56097
13588 25368
13589 62365
13590 37428
13591 39968
13592 49960
13593 49952
13594 27424
13595 37432
13596 57129
13597 62248
13598 17185
13599 38456
13600 19233
13601 18976
13602 58145
13603 25346
13604 40496
13605 5473
13606 37920
13607 39968
13608 27409
13609 37920
13610 37920
13611 40496
13612 25376
13613 49944
13614 25376
13615 25384
13616 58154
13617 25370
13618 54048
13619 37920
13620 37920
13621 37928
13622 17208
13623 39972
13624 25368
13625 25392
13626 40500
13627 54072
13628 25361
13629 49960
13630 824
13631 25440
13632 5477
13633 25392
13634 18208
13635 25371
13636 25352
13637 25344
13638 59168
13639 40480
13640 17176
13641 53793
13642 25361
13643 37920
13644 6245
13645 58152
13646 54072
13647 25450
13648 17208
13649 49952
13650 40480
13651 60193
13652 39988
13653 55096
13654 27425
13655 25362
13656 37920
13657 25385
13658 27264
13659 25418
13660 58170
13661 49948
13662 28641
13663 28577
13664 27264
13665 26473
13666 54173
13667 26473
13668 25354
13669 54049
13670 38184
13671 17193
13672 58218
13673 25370
13674 25384
13675 39713
13676 17200
13677 38712
13678 17192
13679 39972
13680 49976
13681 51000
13682 25402
13683 19200
13684 60160
13685 58152
13686 38460
13687 28513
13688 49928
13689 37920
13690 25370
13691 27264
13692 18208
13693 59169
13694 25384
13695 25419
13696 61217
13697 50077
13698 25376
13699 28641
13700 49953
13701 62381
13702 37920
13703 17185
13704 39720
13705 53820
13706 49821
13707 54173
13708 25384
13709 19233
13710 54049
13711 50077
13712 39972
13713 54840
13714 25354
13715 49960
13716 37920
13717 37920
13718 27393
13719 25377
13720 40480
13721 37920
13722 54048
13723 54049
13724 56073
13725 25403
13726 55072
13727 25370
13728 25344
13729 18209
13730 25354
13731 19225
13732 50077
13733 39968
13734 40500
13735 39972
13736 60193
13737 25362
13738 37920
13739 39968
13740 25355
13741 53300
13742 39968
13743 54056
13744 56120
13745 59241
13746 27264
13747 17160
13748 58245
13749 25352
13750 39480
13751 38176
13752 25370
13753 50076
13754 27264
13755 54173
13756 19224
13757 65313
13758 38452
13759 26473
13760 52008
13761 25370
13762 56065
13763 816
13764 49821
13765 28513
13766 27264
13767 37920
13768 25370
13769 27401
13770 17176
13771 21281
13772 56096
13773 55097
13774 50077
13775 56065
13776 49821
13777 58154
13778 17185
13779 39968
13780 19224
13781 54816
13782 27424
13783 25377
13784 54173
13785 58112
13786 27392
13787 55080
13788 52000
13789 54048
13790 58144
13791 62248
13792 58138
13793 37920
13794 54048
13795 37920
13796 39480
13797 5473
13798 37928
13799 39972
13800 25400
13801 25360
13802 56096
13803 37936
13804 25353
13805 37688
13806 38696
13807 62365
13808 19233
13809 39972
13810 6945
13811 8992
13812 25370
13813 37920
13814 37920
13815 63265
13816 25370
13817 58253
13818 37944
13819 50076
13820 38689
13821 19088
13822 25376
13823 17192
13824 51000
13825 54832
13826 27488
13827 37944
13828 37920
13829 39480
13830 61281
13831 28577
13832 28641
13833 28641
13834 27264
13835 54048
13836 28521
13837 38448
13838 37920
13839 40736
13840 55080
13841 25450
13842 28641
13843 28641
13844 37920
13845 58152
13846 28513
13847 39972
13848 17168
13849 27264
13850 25377
13851 39968
13852 28449
13853 26401
13854 25368
13855 49949
13856 27393
13857 27280
13858 25370
13859 54056
13860 27264
13861 37920
13862 63264
13863 49944
13864 37160
13865 53781
13866 25370
13867 28513
13868 19232
13869 52000
13870 39456
13871 28513
13872 37668
13873 25370
13874 19201
13875 50077
13876 39968
13877 37948
13878 25368
13879 56096
13880 50984
13881 58112
13882 25370
13883 38696
13884 19232
13885 55072
13886 17184
13887 38456
13888 58145
13889 17185
13890 25385
13891 55096
13892 54069
13893 25379
13894 25360
13895 39972
13896 19233
13897 62349
13898 37176
13899 27424
13900 54056
13901 25345
13902 62365
13903 53032
13904 40504
13905 25344
13906 19216
13907 38712
13908 38696
13909 37920
13910 49960
13911 25440
13912 25344
13913 25370
13914 62241
13915 17177
13916 25362
13917 49976
13918 40496
13919 25370
13920 25384
13921 17169
13922 39968
13923 49952
13924 19232
13925 39988
13926 38689
13927 25370
13928 28577
13929 28417
13930 28449
13931 28449
13932 54049
13933 27264
13934 28513
13935 28577
13936 37920
13937 27264
13938 28513
13939 58152
13940 52008
13941 28641
13942 39972
13943 27264
13944 25376
13945 54048
13946 54040
13947 50077
13948 49936
13949 53917
13950 56096
13951 37160
13952 27264
13953 53792
13954 27264
13955 37920
13956 54048
13957 26401
13958 26401
13959 37940
13960 27280
13961 25368
13962 58144
13963 54045
13964 49960
13965 25352
13966 54053
13967 54045
13968 49952
13969 37944
13970 36924
13971 19224
13972 37920
13973 54049
13974 54064
13975 19200
13976 25371
13977 50977
13978 25368
13979 38688
13980 49952
13981 17185
13982 17153
13983 52000
13984 27425
13985 37920
13986 17176
13987 60161
13988 25376
13989 62240
13990 27393
13991 37944
13992 38448
13993 17185
13994 25368
13995 40736
13996 27392
13997 27392
13998 54044
13999 53820
14000 60200
14001 51969
14002 49952
14003 27280
14004 25361
14005 54056
14006 37928
14007 37920
14008 39972
14009 37944
14010 50024
14011 49976
14012 49944
14013 55096
14014 37944
14015 37436
14016 26401
14017 17208
14018 26473
14019 26473
14020 28513
14021 28641
14022 39996
14023 54112
14024 39972
14025 27488
14026 25370
14027 37940
14028 54057
14029 27264
14030 39968
14031 28513
14032 28449
14033 55096
14034 27264
14035 58125
14036 27264
14037 25368
14038 63264
14039 40225
14040 25370
14041 49952
14042 17152
14043 50077
14044 25370
14045 58120
14046 19232
14047 54056
14048 49952
14049 54057
14050 25371
14051 49953
14052 25386
14053 25384
14054 59176
14055 17184
14056 55072
14057 55080
14058 39712
14059 62365
14060 56097
14061 49968
14062 37672
14063 58269
14064 56097
14065 60193
14066 19233
14067 39968
14068 17208
14069 49920
14070 17153
14071 58145
14072 59169
14073 50077
14074 54053
14075 25368
14076 49953
14077 19209
14078 62240
14079 37944
14080 62349
14081 54049
14082 40224
14083 27393
14084 39972
14085 54056
14086 26401
14087 37944
14088 37665
14089 39996
14090 27409
14091 25440
14092 64289
14093 7780
14094 38704
14095 25368
14096 40224
14097 37668
14098 49976
14099 25344
14100 25441
14101 37176
14102 25355
14103 39968
14104 28521
14105 39968
14106 27264
14107 25370
14108 54817
14109 61216
14110 26377
14111 39968
14112 37920
14113 38188
14114 27264
14115 54064
14116 25354
14117 62248
14118 58217
14119 49952
14120 54061
14121 55856
14122 40504
14123 62241
14124 28513
14125 51985
14126 37920
14127 28449
14128 27425
14129 60321
14130 54832
14131 54112
14132 54076
14133 25370
14134 17184
14135 25361
14136 25370
14137 51968
14138 25376
14139 54052
14140 25370
14141 54068
14142 58253
14143 816
14144 25362
14145 49928
14146 62253
14147 54056
14148 58144
14149 50076
14150 52008
14151 58144
14152 49953
14153 19200
14154 27424
14155 54044
14156 54173
14157 17208
14158 54053
14159 25352
14160 54048
14161 25400
14162 58145
14163 54048
14164 57129
14165 57121
14166 56097
14167 49953
14168 25368
14169 25377
14170 51000
14171 52008
14172 37920
14173 40480
14174 39480
14175 25385
14176 25371
14177 55096
14178 39972
14179 25345
14180 25370
14181 25370
14182 25384
14183 38240
14184 800
14185 25344
14186 62349
14187 19201
14188 25354
14189 40504
14190 27264
14191 28641
14192 39976
14193 17192
14194 39968
14195 37688
14196 28641
14197 27433
14198 28641
14199 28457
14200 27264
14201 40504
14202 38696
14203 37920
14204 17169
14205 39480
14206 25370
14207 27280
14208 55080
14209 19232
14210 27264
14211 27489
14212 65377
14213 54049
14214 56864
14215 25377
14216 25360
14217 39968
14218 38688
14219 19201
14220 50076
14221 17184
14222 55080
14223 53820
14224 58169
14225 25450
14226 40504
14227 49952
14228 50077
14229 50077
14230 49977
14231 49960
14232 58144
14233 18209
14234 62349
14235 25344
14236 19241
14237 54072
14238 52000
14239 55073
14240 19233
14241 58145
14242 25377
14243 37944
14244 37920
14245 25368
14246 58245
14247 55073
14248 50984
14249 49953
14250 39968
14251 54048
14252 62365
14253 49953
14254 58145
14255 19209
14256 37920
14257 58145
14258 59192
14259 37920
14260 40508
14261 25384
14262 25400
14263 37920
14264 37920
14265 27488
14266 49960
14267 37944
14268 57120
14269 39972
14270 28521
14271 37920
14272 39472
14273 17208
14274 37920
14275 37944
14276 28641
14277 17208
14278 5473
14279 55096
14280 25355
14281 28481
14282 28641
14283 56105
14284 49941
14285 49968
14286 55096
14287 49968
14288 52009
14289 38688
14290 28577
14291 58152
14292 37920
14293 58145
14294 58125
14295 27264
14296 25368
14297 54072
14298 49821
14299 39972
14300 39992
14301 54173
14302 60192
14303 54072
14304 26409
14305 27425
14306 17192
14307 25369
14308 37932
14309 27425
14310 28449
14311 56096
14312 62240
14313 58138
14314 56088
14315 58253
14316 37664
14317 50077
14318 50077
14319 25370
14320 56104
14321 49928
14322 58136
14323 27424
14324 26411
14325 52001
14326 38176
14327 25347
14328 58144
14329 54056
14330 54173
14331 56097
14332 62349
14333 54049
14334 54048
14335 55073
14336 62249
14337 49952
14338 27425
14339 40508
14340 54044
14341 53820
14342 25371
14343 49944
14344 25440
14345 54029
14346 21281
14347 62365
14348 58245
14349 38712
14350 25371
14351 55072
14352 58113
14353 58139
14354 27424
14355 52001
14356 37928
14357 58153
14358 53032
14359 55097
14360 17176
14361 39968
14362 5473
14363 39972
14364 25379
14365 39713
14366 57129
14367 37920
14368 17184
14369 39972
14370 17193
14371 17176
14372 801
14373 19200
14374 25360
14375 39972
14376 40480
14377 54072
14378 25416
14379 28513
14380 37920
14381 28641
14382 58153
14383 27280
14384 25416
14385 37920
14386 38688
14387 25384
14388 38712
14389 25377
14390 25368
14391 37920
14392 28449
14393 39968
14394 52008
14395 25370
14396 28577
14397 27264
14398 49949
14399 27425
14400 52009
14401 39472
14402 39968
14403 54029
14404 18209
14405 27520
14406 60192
14407 37920
14408 55096
14409 25371
14410 53909
14411 801
14412 55081
14413 57121
14414 2849
14415 54056
14416 54036
14417 58170
14418 54049
14419 19200
14420 39972
14421 58168
14422 56112
14423 54072
14424 25370
14425 54024
14426 50077
14427 49821
14428 25371
14429 40736
14430 49953
14431 54073
14432 39737
14433 27425
14434 49952
14435 54029
14436 27433
14437 39968
14438 25400
14439 62365
14440 56104
14441 58269
14442 62249
14443 27392
14444 25434
14445 51968
14446 54173
14447 53025
14448 62240
14449 37676
14450 62240
14451 25377
14452 51968
14453 37924
14454 60257
14455 25376
14456 58144
14457 49921
14458 54173
14459 56097
14460 58241
14461 19208
14462 58141
14463 58121
14464 25370
14465 25360
14466 17176
14467 39988
14468 25370
14469 19248
14470 39972
14471 37176
14472 54048
14473 39968
14474 37928
14475 25370
14476 55080
14477 17176
14478 39737
14479 28577
14480 54048
14481 37932
14482 37944
14483 25418
14484 54173
14485 28641
14486 27433
14487 39972
14488 28449
14489 37944
14490 26394
14491 6704
14492 25370
14493 52000
14494 25441
14495 25370
14496 19201
14497 20257
14498 17185
14499 37688
14500 37688
14501 52001
14502 59169
14503 49961
14504 19201
14505 56097
14506 25376
14507 51992
14508 25402
14509 52008
14510 60192
14511 40488
14512 64289
14513 37920
14514 56064
14515 25384
14516 62240
14517 38688
14518 49952
14519 54157
14520 49960
14521 39972
14522 27433
14523 58112
14524 38696
14525 27424
14526 25370
14527 25352
14528 25355
14529 58152
14530 50077
14531 54040
14532 37920
14533 61217
14534 26401
14535 26401
14536 49953
14537 58152
14538 40480
14539 6245
14540 54072
14541 37424
14542 25368
14543 39972
14544 39968
14545 25368
14546 40504
14547 816
14548 49976
14549 38689
14550 25370
14551 37920
14552 39968
14553 59177
14554 25402
14555 824
14556 40737
14557 37924
14558 25354
14559 49976
14560 37944
14561 37944
14562 25370
14563 19208
14564 25387
14565 37924
14566 54048
14567 5473
14568 28641
14569 28513
14570 25386
14571 37920
14572 27264
14573 816
14574 54072
14575 25386
14576 25384
14577 816
14578 37920
14579 25370
14580 58120
14581 28449
14582 808
14583 27393
14584 55840
14585 27264
14586 37944
14587 28641
14588 49953
14589 27425
14590 37436
14591 25376
14592 54045
14593 17185
14594 25377
14595 19232
14596 49944
14597 39472
14598 38432
14599 58152
14600 56104
14601 25379
14602 54173
14603 54053
14604 25402
14605 39969
14606 25376
14607 49976
14608 58186
14609 25370
14610 49961
14611 54076
14612 55088
14613 25370
14614 58145
14615 19208
14616 50076
14617 55080
14618 49968
14619 54072
14620 49821
14621 33576
14622 54040
14623 55096
14624 60192
14625 17192
14626 19232
14627 55072
14628 25386
14629 54173
14630 49961
14631 54064
14632 52008
14633 59176
14634 27488
14635 53308
14636 60193
14637 58152
14638 17184
14639 39456
14640 19208
14641 25360
14642 17160
14643 38448
14644 17176
14645 37920
14646 25384
14647 27408
14648 39972
14649 54072
14650 25377
14651 52008
14652 38448
14653 57121
14654 37944
14655 27264
14656 49976
14657 54072
14658 27425
14659 28577
14660 28489
14661 40736
14662 28513
14663 49953
14664 25419
14665 37428
14666 28521
14667 40504
14668 40504
14669 58144
14670 49977
14671 37920
14672 25370
14673 54053
14674 58145
14675 54073
14676 58144
14677 25370
14678 58120
14679 38452
14680 53788
14681 38688
14682 25400
14683 37152
14684 39737
14685 19241
14686 54053
14687 27393
14688 56073
14689 25352
14690 25369
14691 55073
14692 53917
14693 39972
14694 28449
14695 25376
14696 52016
14697 58145
14698 62240
14699 25440
14700 25347
14701 60192
14702 54049
14703 54112
14704 26401
14705 58168
14706 49953
14707 19201
14708 54049
14709 49976
14710 17152
14711 58264
14712 54049
14713 19233
14714 49960
14715 17184
14716 39972
14717 51992
14718 54049
14719 55080
14720 58144
14721 54048
14722 49952
14723 17161
14724 50068
14725 38688
14726 27393
14727 54045
14728 58268
14729 49953
14730 53792
14731 824
14732 27432
14733 39972
14734 49952
14735 25371
14736 37920
14737 60192
14738 38688
14739 49960
14740 49976
14741 25361
14742 27393
14743 54072
14744 27264
14745 28449
14746 38688
14747 25417
14748 39968
14749 37924
14750 60321
14751 25355
14752 52001
14753 39972
14754 27265
14755 25370
14756 38688
14757 37920
14758 25347
14759 50984
14760 58168
14761 54044
14762 25377
14763 40496
14764 58136
14765 52009
14766 25440
14767 20257
14768 27393
14769 54173
14770 50076
14771 60257
14772 63272
14773 27424
14774 56097
14775 52008
14776 57121
14777 54048
14778 25371
14779 58136
14780 50077
14781 25377
14782 63329
14783 49960
14784 27433
14785 53796
14786 25370
14787 25370
14788 17152
14789 25370
14790 60257
14791 25384
14792 25376
14793 19201
14794 49812
14795 62241
14796 49952
14797 37688
14798 25376
14799 25352
14800 38712
14801 38457
14802 58144
14803 26384
14804 54072
14805 25379
14806 28577
14807 19232
14808 37944
14809 25384
14810 25400
14811 28641
14812 28521
14813 28641
14814 28513
14815 37920
14816 25440
14817 28641
14818 25370
14819 62349
14820 25370
14821 28513
14822 39968
14823 56096
14824 55073
14825 38712
14826 25362
14827 28449
14828 38456
14829 56096
14830 28417
14831 38689
14832 58144
14833 19200
14834 27408
14835 40508
14836 54048
14837 25377
14838 17185
14839 50985
14840 17178
14841 25376
14842 40744
14843 39713
14844 55072
14845 59169
14846 54049
14847 37920
14848 38444
14849 52009
14850 25370
14851 49952
14852 56097
14853 55072
14854 27392
14855 37920
14856 52001
14857 52000
14858 17184
14859 25370
14860 60161
14861 38688
14862 58112
14863 37920
14864 58144
14865 52001
14866 39472
14867 25418
14868 50077
14869 49961
14870 58155
14871 17192
14872 27521
14873 25370
14874 25370
14875 58145
14876 27393
14877 37920
14878 6704
14879 25448
14880 37920
14881 25370
14882 37920
14883 37664
14884 38176
14885 25370
14886 17152
14887 17208
14888 55096
14889 25386
14890 54072
14891 25370
14892 864
14893 25345
14894 17208
14895 25392
14896 28641
14897 61217
14898 58144
14899 28577
14900 28521
14901 27264
14902 37412
14903 27521
14904 25345
14905 28545
14906 25370
14907 28577
14908 25353
14909 25344
14910 27280
14911 39984
14912 55864
14913 49952
14914 55073
14915 49953
14916 59168
14917 17184
14918 54173
14919 62248
14920 53820
14921 25360
14922 53820
14923 40224
14924 49953
14925 25370
14926 49952
14927 59241
14928 19232
14929 25369
14930 49944
14931 63329
14932 49945
14933 60192
14934 55840
14935 49976
14936 19240
14937 50072
14938 25370
14939 25370
14940 25370
14941 56864
14942 40480
14943 49960
14944 37920
14945 55072
14946 19208
14947 58113
14948 49953
14949 25376
14950 19200
14951 19209
14952 54049
14953 27425
14954 25370
14955 49920
14956 25402
14957 17200
14958 18217
14959 25370
14960 25370
14961 62365
14962 53820
14963 27488
14964 54049
14965 62241
14966 49952
14967 27408
14968 51985
14969 39968
14970 49961
14971 55096
14972 25376
14973 33592
14974 39972
14975 39972
14976 25392
14977 27393
14978 25416
14979 39972
14980 25352
14981 39972
14982 17177
14983 39972
14984 25368
14985 25368
14986 39972
14987 55096
14988 28513
14989 28609
14990 60193
14991 25392
14992 25353
14993 25387
14994 52000
14995 37688
14996 17168
14997 39968
14998 38712
14999 25441
15000 25370
15001 40504
15002 28577
15003 37944
15004 52000
15005 62253
15006 19785
15007 54049
15008 25377
15009 39472
15010 27497
15011 25370
15012 50077
15013 27264
15014 37436
15015 57121
15016 37920
15017 53308
15018 63265
15019 39988
15020 25370
15021 54189
15022 60193
15023 49952
15024 25361
15025 37944
15026 52008
15027 49976
15028 54056
15029 60192
15030 25376
15031 62249
15032 54056
15033 17168
15034 25402
15035 58145
15036 27408
15037 54173
15038 51976
15039 51968
15040 27392
15041 25387
15042 58245
15043 54048
15044 25370
15045 53788
15046 27425
15047 49941
15048 54049
15049 54049
15050 19201
15051 38180
15052 62248
15053 17184
15054 57128
15055 37948
15056 27392
15057 25355
15058 25368
15059 54061
15060 19200
15061 64289
15062 62240
15063 27425
15064 58145
15065 58144
15066 40480
15067 58253
15068 26384
15069 27425
15070 54072
15071 25440
15072 37924
15073 53308
15074 26401
15075 52000
15076 25354
15077 17208
15078 25376
15079 39736
15080 864
15081 39972
15082 39968
15083 37921
15084 39968
15085 25370
15086 54056
15087 39968
15088 25370
15089 25402
15090 55096
15091 25368
15092 52001
15093 37920
15094 49976
15095 8992
15096 58245
15097 26394
15098 59168
15099 40481
15100 56120
15101 49976
15102 17185
15103 5473
15104 25370
15105 28641
15106 37920
15107 54173
15108 54041
15109 28641
15110 25368
15111 39972
15112 19241
15113 58268
15114 5473
15115 28641
15116 37920
15117 58112
15118 25370
15119 27264
15120 37688
15121 53793
15122 25370
15123 64289
15124 55072
15125 58112
15126 28449
15127 37688
15128 58153
15129 25370
15130 58152
15131 58125
15132 58145
15133 25370
15134 17176
15135 25384
15136 25376
15137 25376
15138 25376
15139 39988
15140 54064
15141 27393
15142 62349
15143 58145
15144 19241
15145 54076
15146 54052
15147 58269
15148 60160
15149 40744
15150 19232
15151 60160
15152 54072
15153 39972
15154 25370
15155 25371
15156 58152
15157 49944
15158 26411
15159 25345
15160 52000
15161 49976
15162 49953
15163 25370
15164 38688
15165 49953
15166 54056
15167 37928
15168 57129
15169 49921
15170 38176
15171 25368
15172 52009
15173 40496
15174 38188
15175 37920
15176 25448
15177 37920
15178 19224
15179 60200
15180 49944
15181 37920
15182 58154
15183 39968
15184 54072
15185 8992
15186 38688
15187 55096
15188 54072
15189 40737
15190 39968
15191 25432
15192 801
15193 38457
15194 54048
15195 25400
15196 55096
15197 63265
15198 37920
15199 53792
15200 49928
15201 5473
15202 25345
15203 56088
15204 37920
15205 37920
15206 38176
15207 62365
15208 25377
15209 25440
15210 37920
15211 49928
15212 40496
15213 28513
15214 19785
15215 54064
15216 37944
15217 27424
15218 25376
15219 28513
15220 39472
15221 60321
15222 54076
15223 25384
15224 49952
15225 25370
15226 54040
15227 58121
15228 28641
15229 25361
15230 25370
15231 60256
15232 58152
15233 58138
15234 17256
15235 62217
15236 38688
15237 40736
15238 25344
15239 49941
15240 60160
15241 38696
15242 26369
15243 38704
15244 60193
15245 38688
15246 54065
15247 27424
15248 27424
15249 57120
15250 27401
15251 60192
15252 61217
15253 38688
15254 19241
15255 49821
15256 52000
15257 56073
15258 49953
15259 25370
15260 37920
15261 52008
15262 54048
15263 58144
15264 19232
15265 60192
15266 58209
15267 53024
15268 58144
15269 37920
15270 37920
15271 25448
15272 62365
15273 59194
15274 50016
15275 38697
15276 17160
15277 49960
15278 60193
15279 25448
15280 39737
15281 49960
15282 52001
15283 50077
15284 28513
15285 58144
15286 49952
15287 57120
15288 27425
15289 25384
15290 25368
15291 38688
15292 39972
15293 39972
15294 25352
15295 37920
15296 54048
15297 25370
15298 39968
15299 58152
15300 62217
15301 21288
15302 37668
15303 54072
15304 49953
15305 19248
15306 37668
15307 37672
15308 54072
15309 54056
15310 49952
15311 27457
15312 26473
15313 27393
15314 49948
15315 54056
15316 18209
15317 27488
15318 25346
15319 25419
15320 54061
15321 56864
15322 40736
15323 25368
15324 28641
15325 54056
15326 49945
15327 25441
15328 28513
15329 27264
15330 38456
15331 17192
15332 52001
15333 58152
15334 25370
15335 25376
15336 49961
15337 56096
15338 39968
15339 58136
15340 25402
15341 49920
15342 25352
15343 54073
15344 62253
15345 27264
15346 56097
15347 54173
15348 40484
15349 49944
15350 27400
15351 25345
15352 53808
15353 54072
15354 19216
15355 19232
15356 26401
15357 58121
15358 37676
15359 25370
15360 38688
15361 50076
15362 60192
15363 49944
15364 54053
15365 37665
15366 40233
15367 51976
15368 62217
15369 25370
15370 38176
15371 60193
15372 49952
15373 49928
15374 54048
15375 58153
15376 62248
15377 27520
15378 52001
15379 51992
15380 62365
15381 17184
15382 25370
15383 49952
15384 55080
15385 54064
15386 54064
15387 27400
15388 37940
15389 25384
15390 50077
15391 17168
15392 49929
15393 40496
15394 54056
15395 25345
15396 25352
15397 50976
15398 58145
15399 25368
15400 27425
15401 50977
15402 54048
15403 59169
15404 28513
15405 62241
15406 25370
15407 60200
15408 17176
15409 25370
15410 54049
15411 27424
15412 37672
15413 25376
15414 38696
15415 58145
15416 54056
15417 25352
15418 38696
15419 61217
15420 37688
15421 52000
15422 25371
15423 57129
15424 55096
15425 40480
15426 25370
15427 63328
15428 54072
15429 25370
15430 49976
15431 58153
15432 5473
15433 25400
15434 25354
15435 19201
15436 5473
15437 25370
15438 62217
15439 53780
15440 39992
15441 58113
15442 58125
15443 27392
15444 28513
15445 25370
15446 37680
15447 38456
15448 25344
15449 38696
15450 17177
15451 49945
15452 39480
15453 62349
15454 58170
15455 54072
15456 37920
15457 54112
15458 39968
15459 39200
15460 25354
15461 25346
15462 54044
15463 54061
15464 53789
15465 49960
15466 40744
15467 25376
15468 54173
15469 54057
15470 25370
15471 58136
15472 50076
15473 55080
15474 38688
15475 58153
15476 25384
15477 17208
15478 19200
15479 25370
15480 49953
15481 58144
15482 62349
15483 58152
15484 49978
15485 56088
15486 55840
15487 52000
15488 38240
15489 19209
15490 26387
15491 25384
15492 53820
15493 38176
15494 53024
15495 50069
15496 25370
15497 17168
15498 55080
15499 49949
15500 50985
15501 2849
15502 27393
15503 53025
15504 58168
15505 38712
15506 27488
15507 19232
15508 17184
15509 54049
15510 49960
15511 25387
15512 17152
15513 50076
15514 25344
15515 53917
15516 25370
15517 38448
15518 19201
15519 54048
15520 49976
15521 25352
15522 54032
15523 56096
15524 59194
15525 58269
15526 63265
15527 62365
15528 49976
15529 40225
15530 54072
15531 54048
15532 63273
15533 59169
15534 40496
15535 37944
15536 55856
15537 25418
15538 58152
15539 37160
15540 54057
15541 53808
15542 39968
15543 17168
15544 25403
15545 25369
15546 7269
15547 26411
15548 58144
15549 54044
15550 54173
15551 58217
15552 55096
15553 49960
15554 54840
15555 37668
15556 7269
15557 58145
15558 25370
15559 37944
15560 25376
15561 39457
15562 19232
15563 40504
15564 27264
15565 27264
15566 25360
15567 25377
15568 49976
15569 58152
15570 25344
15571 37944
15572 37664
15573 58137
15574 51969
15575 58145
15576 55080
15577 25376
15578 49949
15579 19200
15580 25368
15581 27425
15582 33592
15583 58144
15584 57120
15585 55072
15586 58253
15587 57121
15588 54052
15589 54173
15590 49953
15591 49952
15592 62253
15593 54049
15594 27424
15595 49949
15596 21281
15597 59169
15598 25370
15599 61217
15600 49968
15601 60192
15602 49976
15603 58152
15604 25353
15605 62240
15606 54056
15607 49976
15608 19233
15609 50077
15610 25344
15611 18208
15612 25371
15613 25368
15614 17184
15615 50977
15616 58152
15617 25400
15618 49953
15619 19232
15620 28577
15621 25370
15622 25384
15623 50069
15624 19232
15625 27432
15626 25377
15627 62241
15628 53793
15629 63264
15630 50077
15631 54173
15632 25376
15633 25400
15634 19209
15635 53917
15636 37688
15637 25370
15638 25376
15639 25370
15640 51969
15641 62365
15642 49952
15643 17184
15644 58136
15645 54056
15646 25370
15647 58112
15648 60200
15649 25368
15650 26409
15651 17193
15652 25377
15653 54840
15654 25370
15655 39480
15656 37920
15657 37688
15658 25354
15659 54048
15660 37920
15661 55840
15662 38448
15663 18976
15664 25377
15665 39472
15666 38689
15667 39992
15668 39996
15669 26409
15670 54040
15671 28641
15672 28641
15673 40508
15674 17185
15675 38688
15676 25370
15677 27264
15678 25384
15679 49953
15680 25368
15681 58136
15682 58136
15683 38696
15684 17153
15685 50076
15686 49953
15687 25377
15688 27264
15689 40481
15690 27425
15691 54060
15692 54840
15693 25347
15694 54056
15695 39972
15696 39712
15697 40488
15698 25370
15699 37924
15700 49944
15701 62240
15702 19200
15703 49976
15704 62365
15705 17184
15706 55080
15707 55081
15708 6944
15709 58145
15710 19200
15711 17193
15712 17177
15713 54173
15714 49953
15715 37676
15716 25403
15717 25387
15718 25370
15719 58139
15720 54065
15721 25434
15722 58208
15723 58269
15724 54048
15725 52001
15726 40504
15727 58145
15728 27520
15729 49968
15730 50077
15731 25368
15732 17184
15733 54112
15734 59168
15735 54040
15736 25370
15737 62253
15738 801
15739 62381
15740 17168
15741 27425
15742 19232
15743 26387
15744 37920
15745 58268
15746 25370
15747 52016
15748 27425
15749 17192
15750 37672
15751 28457
15752 25384
15753 38456
15754 25370
15755 21288
15756 60160
15757 38688
15758 27432
15759 49952
15760 50077
15761 54036
15762 26385
15763 17168
15764 56112
15765 56096
15766 37920
15767 54072
15768 18217
15769 25368
15770 39968
15771 52001
15772 25400
15773 54060
15774 17208
15775 25368
15776 37920
15777 39972
15778 19216
15779 37920
15780 39968
15781 25352
15782 25370
15783 49928
15784 54173
15785 54072
15786 55096
15787 55096
15788 39968
15789 54056
15790 25370
15791 28577
15792 54172
15793 54076
15794 25400
15795 4896
15796 54840
15797 51969
15798 37920
15799 49944
15800 27392
15801 39472
15802 28521
15803 25377
15804 54173
15805 54057
15806 53300
15807 53788
15808 17200
15809 58112
15810 58121
15811 39968
15812 38712
15813 27424
15814 20265
15815 37924
15816 26465
15817 53917
15818 38456
15819 49960
15820 37160
15821 54056
15822 50977
15823 17184
15824 18217
15825 55072
15826 27424
15827 49944
15828 25370
15829 25370
15830 55096
15831 52008
15832 53820
15833 25371
15834 17184
15835 62248
15836 55081
15837 58145
15838 25370
15839 54045
15840 54072
15841 60192
15842 54072
15843 17192
15844 55072
15845 40484
15846 39968
15847 54072
15848 62365
15849 25440
15850 25370
15851 52009
15852 27264
15853 17184
15854 25368
15855 54056
15856 55080
15857 63329
15858 57121
15859 25448
15860 49976
15861 60200
15862 54173
15863 54048
15864 25345
15865 25384
15866 54173
15867 58144
15868 49952
15869 53025
15870 55073
15871 63272
15872 52008
15873 25345
15874 62241
15875 37668
15876 49952
15877 49920
15878 49933
15879 38444
15880 51977
15881 33576
15882 52001
15883 39968
15884 25386
15885 25370
15886 38184
15887 55072
15888 25368
15889 27425
15890 49976
15891 58209
15892 27488
15893 17208
15894 52008
15895 17208
15896 49953
15897 25363
15898 39984
15899 864
15900 18208
15901 25347
15902 17208
15903 39712
15904 25362
15905 50077
15906 54048
15907 5473
15908 25370
15909 28577
15910 59192
15911 58145
15912 37920
15913 27521
15914 39968
15915 27264
15916 39972
15917 60256
15918 52000
15919 52000
15920 25352
15921 58113
15922 57128
15923 58144
15924 52008
15925 37944
15926 37688
15927 40481
15928 54044
15929 39972
15930 25344
15931 25377
15932 58152
15933 55096
15934 54816
15935 55072
15936 58269
15937 50077
15938 38688
15939 58152
15940 25418
15941 25370
15942 49976
15943 62253
15944 39972
15945 52000
15946 20265
15947 39472
15948 28641
15949 25376
15950 55096
15951 37412
15952 39712
15953 25347
15954 25353
15955 40496
15956 54060
15957 37936
15958 37428
15959 36924
15960 50976
15961 25370
15962 53820
15963 49944
15964 39480
15965 49976
15966 25400
15967 62365
15968 25369
15969 54072
15970 25368
15971 25370
15972 58136
15973 19248
15974 26384
15975 54073
15976 57120
15977 19233
15978 25370
15979 40736
15980 51968
15981 58120
15982 62240
15983 53780
15984 25370
15985 17168
15986 53300
15987 58125
15988 39720
15989 39968
15990 49920
15991 58137
15992 25377
15993 54048
15994 62365
15995 25368
15996 51985
15997 39200
15998 39472
15999 58144
16000 28513
16001 19200
16002 49961
16003 2849
16004 25384
16005 39968
16006 25400
16007 25376
16008 37920
16009 49929
16010 53820
16011 62217
16012 57121
16013 63264
16014 2849
16015 62381
16016 25377
16017 63265
16018 58144
16019 54816
16020 54056
16021 62240
16022 27393
16023 49952
16024 49976
16025 25377
16026 25370
16027 39972
16028 27392
16029 25368
16030 54072
16031 25371
16032 57129
16033 49920
16034 54049
16035 39972
16036 25368
16037 25370
16038 39988
16039 37688
16040 49976
16041 39968
16042 37920
16043 37672
16044 19232
16045 28513
16046 40504
16047 54060
16048 54076
16049 49813
16050 39968
16051 28521
16052 17184
16053 25354
16054 17185
16055 26384
16056 39972
16057 17184
16058 37944
16059 25360
16060 27264
16061 49921
16062 39457
16063 37920
16064 27280
16065 28577
16066 33576
16067 27265
16068 25403
16069 25345
16070 27424
16071 25355
16072 49968
16073 25377
16074 28521
16075 17184
16076 25354
16077 63265
16078 25441
16079 55072
16080 38176
16081 58216
16082 54049
16083 54077
16084 54064
16085 27393
16086 54061
16087 52001
16088 58144
16089 55072
16090 58152
16091 53788
16092 54056
16093 54056
16094 25434
16095 58145
16096 25368
16097 19200
16098 59169
16099 52000
16100 21288
16101 19216
16102 65313
16103 54049
16104 25360
16105 62365
16106 54052
16107 54049
16108 17184
16109 54077
16110 54072
16111 25370
16112 53916
16113 54040
16114 25371
16115 49960
16116 58145
16117 59232
16118 17153
16119 58144
16120 49977
16121 52000
16122 54173
16123 25368
16124 57120
16125 59193
16126 40224
16127 49952
16128 62240
16129 4897
16130 27393
16131 19224
16132 25449
16133 58170
16134 55072
16135 39972
16136 39980
16137 17208
16138 37920
16139 38704
16140 37944
16141 25370
16142 39972
16143 25368
16144 25361
16145 19232
16146 37920
16147 51992
16148 7205
16149 25384
16150 19208
16151 49977
16152 25385
16153 58145
16154 20265
16155 55096
16156 40484
16157 39968
16158 25418
16159 5473
16160 54072
16161 28417
16162 25385
16163 28417
16164 27264
16165 17200
16166 49921
16167 17176
16168 28513
16169 27409
16170 63272
16171 37920
16172 28641
16173 54173
16174 28577
16175 824
16176 54032
16177 54048
16178 58219
16179 55096
16180 39972
16181 25370
16182 38456
16183 25402
16184 54173
16185 38712
16186 28449
16187 54048
16188 49960
16189 54053
16190 40508
16191 61217
16192 28521
16193 25371
16194 25387
16195 55856
16196 37920
16197 27392
16198 40504
16199 49944
16200 37160
16201 17176
16202 17208
16203 50068
16204 25377
16205 63264
16206 39968
16207 62349
16208 19200
16209 25370
16210 37920
16211 25370
16212 37920
16213 58139
16214 54048
16215 25384
16216 39720
16217 18217
16218 53025
16219 37920
16220 37920
16221 50077
16222 58144
16223 38704
16224 62248
16225 56096
16226 25385
16227 54189
16228 54048
16229 49928
16230 39968
16231 49968
16232 25370
16233 25370
16234 25386
16235 38184
16236 55081
16237 59168
16238 63273
16239 49949
16240 56065
16241 60200
16242 40504
16243 25370
16244 25376
16245 58145
16246 37920
16247 25344
16248 58145
16249 25379
16250 25370
16251 52000
16252 58144
16253 54173
16254 27425
16255 61216
16256 17192
16257 25370
16258 56097
16259 19208
16260 25368
16261 39968
16262 39968
16263 28457
16264 54173
16265 56088
16266 17192
16267 21288
16268 25370
16269 19241
16270 54024
16271 19232
16272 38712
16273 17192
16274 27401
16275 39968
16276 25370
16277 37920
16278 39972
16279 50024
16280 25440
16281 40736
16282 38200
16283 25368
16284 37920
16285 39984
16286 37688
16287 25449
16288 5473
16289 56864
16290 25362
16291 33592
16292 55096
16293 55073
16294 40480
16295 5473
16296 25418
16297 28513
16298 25370
16299 39472
16300 58218
16301 25363
16302 54040
16303 26401
16304 25368
16305 50076
16306 864
16307 27264
16308 19233
16309 25418
16310 58145
16311 37920
16312 58152
16313 27280
16314 19201
16315 58145
16316 49944
16317 51976
16318 28449
16319 54072
16320 49976
16321 19233
16322 25368
16323 56105
16324 38176
16325 58137
16326 58136
16327 58136
16328 54073
16329 54048
16330 58125
16331 27393
16332 25370
16333 49976
16334 54036
16335 6944
16336 53808
16337 25352
16338 37928
16339 54173
16340 25376
16341 62349
16342 27425
16343 17184
16344 58145
16345 53793
16346 25384
16347 25370
16348 55840
16349 53820
16350 63265
16351 17184
16352 25370
16353 55072
16354 25370
16355 59192
16356 49976
16357 25361
16358 58144
16359 19240
16360 38689
16361 17184
16362 49937
16363 25361
16364 54056
16365 59168
16366 25370
16367 54173
16368 19233
16369 19233
16370 49944
16371 49821
16372 49953
16373 25344
16374 25344
16375 19200
16376 37672
16377 21281
16378 57120
16379 25345
16380 55072
16381 37664
16382 25400
16383 25400
16384 54056
16385 56073
16386 37928
16387 61217
16388 25370
16389 49952
16390 51985
16391 39968
16392 19241
16393 6944
16394 37920
16395 49976
16396 17208
16397 58152
16398 52000
16399 39972
16400 25368
16401 38704
16402 27456
16403 37436
16404 17185
16405 49968
16406 54052
16407 25379
16408 59192
16409 56096
16410 40481
16411 39736
16412 49960
16413 38241
16414 25354
16415 49953
16416 51985
16417 58153
16418 25376
16419 25418
16420 28641
16421 25370
16422 37936
16423 25370
16424 27425
16425 25370
16426 49953
16427 25440
16428 25377
16429 54056
16430 38712
16431 25344
16432 60200
16433 59169
16434 27264
16435 25376
16436 38176
16437 37928
16438 25376
16439 39456
16440 58145
16441 25354
16442 38240
16443 25370
16444 25385
16445 51000
16446 19233
16447 50077
16448 49953
16449 54056
16450 62365
16451 56105
16452 51968
16453 52000
16454 26384
16455 54072
16456 55096
16457 25377
16458 58113
16459 53917
16460 54072
16461 27392
16462 27393
16463 49953
16464 27425
16465 37436
16466 54072
16467 58269
16468 25345
16469 19240
16470 19233
16471 58136
16472 56096
16473 55073
16474 38432
16475 58144
16476 25370
16477 38436
16478 55072
16479 25368
16480 25370
16481 49949
16482 53820
16483 25376
16484 59169
16485 25370
16486 25371
16487 52008
16488 58144
16489 25368
16490 54040
16491 49928
16492 19233
16493 54048
16494 49952
16495 25370
16496 56104
16497 37672
16498 49976
16499 53820
16500 17256
16501 54049
16502 54048
16503 49976
16504 39972
16505 19248
16506 4897
16507 25368
16508 25384
16509 58152
16510 37920
16511 40737
16512 58144
16513 54056
16514 25344
16515 25377
16516 26384
16517 37676
16518 56104
16519 39972
16520 37920
16521 38184
16522 58144
16523 56120
16524 25346
16525 49949
16526 25376
16527 54069
16528 54060
16529 38712
16530 37688
16531 37920
16532 62349
16533 19240
16534 17152
16535 26369
16536 25352
16537 37672
16538 49960
16539 25376
16540 49952
16541 25352
16542 25353
16543 27264
16544 39988
16545 37920
16546 62349
16547 28641
16548 25352
16549 19232
16550 58216
16551 39472
16552 27424
16553 27488
16554 54073
16555 38712
16556 54056
16557 49952
16558 28513
16559 40736
16560 37924
16561 54061
16562 55096
16563 40744
16564 49944
16565 25370
16566 62240
16567 38688
16568 25370
16569 25370
16570 60256
16571 50077
16572 57128
16573 38688
16574 19233
16575 56064
16576 39457
16577 62349
16578 37920
16579 18209
16580 58145
16581 49821
16582 56120
16583 54173
16584 54056
16585 17185
16586 52009
16587 55073
16588 25369
16589 25369
16590 27425
16591 59169
16592 58144
16593 50073
16594 54056
16595 25352
16596 37920
16597 58144
16598 50077
16599 54061
16600 37436
16601 25371
16602 19233
16603 25368
16604 61216
16605 25370
16606 49977
16607 49953
16608 58145
16609 52001
16610 54056
16611 62381
16612 25370
16613 38432
16614 25353
16615 38696
16616 49949
16617 58170
16618 19200
16619 52000
16620 37672
16621 39456
16622 58152
16623 54056
16624 54072
16625 54036
16626 19232
16627 63329
16628 58168
16629 6704
16630 38712
16631 25368
16632 37920
16633 25376
16634 17160
16635 38176
16636 25384
16637 37688
16638 37920
16639 37920
16640 37920
16641 39736
16642 62365
16643 25344
16644 54076
16645 54064
16646 37920
16647 39712
16648 25353
16649 38696
16650 37920
16651 38712
16652 33592
16653 37928
16654 60192
16655 20265
16656 58253
16657 17184
16658 28545
16659 25441
16660 53792
16661 37428
16662 19208
16663 27424
16664 39712
16665 49953
16666 19232
16667 27488
16668 49976
16669 58145
16670 58145
16671 49921
16672 17185
16673 38688
16674 25440
16675 25371
16676 54040
16677 37920
16678 19233
16679 38688
16680 17176
16681 59178
16682 54048
16683 38176
16684 58154
16685 58145
16686 39972
16687 39736
16688 25376
16689 25370
16690 27425
16691 58269
16692 25353
16693 19233
16694 55072
16695 38180
16696 19241
16697 19232
16698 51000
16699 40744
16700 25377
16701 25376
16702 25377
16703 49953
16704 25353
16705 58154
16706 19233
16707 27392
16708 25384
16709 58155
16710 59168
16711 19233
16712 62248
16713 58154
16714 54057
16715 17153
16716 54173
16717 49812
16718 52001
16719 54049
16720 58144
16721 62349
16722 52001
16723 50077
16724 54049
16725 58152
16726 49944
16727 25354
16728 63272
16729 25408
16730 56088
16731 17178
16732 25360
16733 63329
16734 824
16735 25370
16736 55096
16737 49976
16738 37688
16739 37920
16740 25368
16741 39968
16742 49944
16743 2848
16744 39713
16745 6945
16746 25370
16747 39984
16748 37672
16749 27408
16750 6704
16751 6704
16752 54049
16753 58152
16754 25440
16755 37688
16756 49976
16757 39472
16758 33576
16759 28641
16760 28513
16761 25376
16762 25352
16763 39968
16764 54056
16765 58145
16766 2849
16767 55080
16768 58216
16769 39200
16770 37664
16771 54072
16772 39480
16773 37432
16774 62241
16775 25432
16776 25400
16777 25434
16778 25344
16779 40224
16780 38712
16781 60161
16782 51856
16783 62365
16784 58145
16785 59232
16786 38688
16787 65313
16788 49953
16789 54056
16790 58145
16791 54072
16792 63328
16793 54057
16794 27264
16795 38456
16796 52009
16797 49960
16798 28513
16799 17192
16800 27392
16801 62304
16802 27264
16803 54157
16804 54048
16805 36924
16806 25400
16807 25347
16808 58269
16809 49952
16810 25353
16811 25368
16812 17185
16813 58144
16814 27393
16815 59176
16816 50016
16817 25352
16818 27264
16819 808
16820 25347
16821 19200
16822 49952
16823 25370
16824 49960
16825 54173
16826 54029
16827 49921
16828 49948
16829 55080
16830 49949
16831 40224
16832 61216
16833 17192
16834 54032
16835 50073
16836 25387
16837 19224
16838 25354
16839 27424
16840 49968
16841 53789
16842 52001
16843 38432
16844 17185
16845 54048
16846 37920
16847 49952
16848 25370
16849 25370
16850 25376
16851 53308
16852 40736
16853 49976
16854 49976
16855 25370
16856 55864
16857 25370
16858 27392
16859 39737
16860 25371
16861 49961
16862 25370
16863 27393
16864 17176
16865 58269
16866 37920
16867 58112
16868 58216
16869 25371
16870 54048
16871 58264
16872 19232
16873 17192
16874 49953
16875 39200
16876 27489
16877 40736
16878 6704
16879 49976
16880 37688
16881 5473
16882 54049
16883 37920
16884 49976
16885 6704
16886 18217
16887 39728
16888 49953
16889 25386
16890 25408
16891 37920
16892 39713
16893 27393
16894 56097
16895 39968
16896 52000
16897 37160
16898 53792
16899 27280
16900 62240
16901 49976
16902 57128
16903 27264
16904 6944
16905 19232
16906 25416
16907 25370
16908 28641
16909 4896
16910 54072
16911 54056
16912 62240
16913 58125
16914 38696
16915 27264
16916 50016
16917 17184
16918 54072
16919 40496
16920 55080
16921 49953
16922 53796
16923 58120
16924 17160
16925 64288
16926 54072
16927 28513
16928 49953
16929 53808
16930 21288
16931 49953
16932 38176
16933 27393
16934 58253
16935 17184
16936 40504
16937 19233
16938 57129
16939 58145
16940 54057
16941 37668
16942 50077
16943 19233
16944 53793
16945 25352
16946 38688
16947 37924
16948 17192
16949 55080
16950 50077
16951 49821
16952 27265
16953 49821
16954 25354
16955 37920
16956 50077
16957 27264
16958 25434
16959 54077
16960 18209
16961 58145
16962 17168
16963 25371
16964 49952
16965 52000
16966 62381
16967 27393
16968 25352
16969 19248
16970 25379
16971 60032
16972 37152
16973 56096
16974 51976
16975 38456
16976 27400
16977 25345
16978 58145
16979 9056
16980 26401
16981 49960
16982 53917
16983 49944
16984 58245
16985 17192
16986 62241
16987 38452
16988 49952
16989 27424
16990 58144
16991 37920
16992 63264
16993 56097
16994 54076
16995 49977
16996 17192
16997 17168
16998 25355
16999 54057
17000 54048
17001 51000
17002 58125
17003 58245
17004 55073
17005 25368
17006 54061
17007 51976
17008 40224
17009 27265
17010 27264
17011 49821
17012 25370
17013 39972
17014 27265
17015 19088
17016 25419
17017 40504
17018 25376
17019 25344
17020 25355
17021 20257
17022 58269
17023 53812
17024 49941
17025 40504
17026 52001
17027 25384
17028 60048
17029 56120
17030 58144
17031 25440
17032 53032
17033 25354
17034 55072
17035 27401
17036 19232
17037 25368
17038 49953
17039 61217
17040 58137
17041 25377
17042 25370
17043 58144
17044 25368
17045 59169
17046 25377
17047 38200
17048 38436
17049 52008
17050 54056
17051 54040
17052 58137
17053 53781
17054 25370
17055 25363
17056 25376
17057 49953
17058 25355
17059 52008
17060 25400
17061 52000
17062 50024
17063 19233
17064 25400
17065 37688
17066 25376
17067 38688
17068 37664
17069 49976
17070 39968
17071 17208
17072 25370
17073 25352
17074 37152
17075 27264
17076 50068
17077 49936
17078 37412
17079 28449
17080 39988
17081 39972
17082 25377
17083 37920
17084 25368
17085 27264
17086 25370
17087 25449
17088 58170
17089 54172
17090 54173
17091 40504
17092 28641
17093 40496
17094 61281
17095 37920
17096 25418
17097 55096
17098 25368
17099 58153
17100 37428
17101 27425
17102 37920
17103 38176
17104 25418
17105 62349
17106 58153
17107 28457
17108 27488
17109 54049
17110 38200
17111 27264
17112 49976
17113 27264
17114 40504
17115 54840
17116 38176
17117 37664
17118 25368
17119 50016
17120 58269
17121 38436
17122 28449
17123 27264
17124 38448
17125 19233
17126 58113
17127 54044
17128 27520
17129 28577
17130 27264
17131 40496
17132 19088
17133 28545
17134 52001
17135 37924
17136 54172
17137 50077
17138 49952
17139 54072
17140 54048
17141 27264
17142 58144
17143 25376
17144 19201
17145 53820
17146 49952
17147 58253
17148 58145
17149 55080
17150 54056
17151 17177
17152 55081
17153 49812
17154 26401
17155 50069
17156 25368
17157 54044
17158 40736
17159 49952
17160 25376
17161 55073
17162 49952
17163 54076
17164 19200
17165 62365
17166 52009
17167 50984
17168 25368
17169 19240
17170 60192
17171 55096
17172 61217
17173 19240
17174 50077
17175 49952
17176 17185
17177 28577
17178 62349
17179 63265
17180 37944
17181 37920
17182 49953
17183 25370
17184 58216
17185 54048
17186 49961
17187 52008
17188 58152
17189 54060
17190 25370
17191 25346
17192 49952
17193 58145
17194 58121
17195 58153
17196 37936
17197 25440
17198 51968
17199 54173
17200 17168
17201 37665
17202 53032
17203 62365
17204 62241
17205 54056
17206 58112
17207 49941
17208 54072
17209 25434
17210 62349
17211 25344
17212 17185
17213 17184
17214 55096
17215 17184
17216 19240
17217 57120
17218 54064
17219 36924
17220 58137
17221 54056
17222 49960
17223 18209
17224 49952
17225 19233
17226 25363
17227 58136
17228 17185
17229 57120
17230 38177
17231 58153
17232 49976
17233 54048
17234 59232
17235 17192
17236 54045
17237 49952
17238 57121
17239 50976
17240 57121
17241 37948
17242 58152
17243 54840
17244 25384
17245 49960
17246 25345
17247 58145
17248 49952
17249 58152
17250 62349
17251 54328
17252 25368
17253 58144
17254 54048
17255 25370
17256 25370
17257 49952
17258 52016
17259 62349
17260 25440
17261 54173
17262 52000
17263 25370
17264 49960
17265 54049
17266 39712
17267 6945
17268 54045
17269 58112
17270 62304
17271 49976
17272 58113
17273 25368
17274 54048
17275 17153
17276 27393
17277 58241
17278 25400
17279 25370
17280 54056
17281 54069
17282 25377
17283 50977
17284 38688
17285 37920
17286 37920
17287 37920
17288 54072
17289 27432
17290 61216
17291 55080
17292 39972
17293 37924
17294 37688
17295 38457
17296 55073
17297 25370
17298 51968
17299 54173
17300 39988
17301 39984
17302 39457
17303 54173
17304 37920
17305 25353
17306 58152
17307 39968
17308 25370
17309 824
17310 28641
17311 37920
17312 25441
17313 60193
17314 27264
17315 28545
17316 37920
17317 38180
17318 28521
17319 25384
17320 62365
17321 25354
17322 27553
17323 39984
17324 25368
17325 58144
17326 28513
17327 54053
17328 25345
17329 17185
17330 27553
17331 37920
17332 58217
17333 25352
17334 37920
17335 17176
17336 800
17337 39480
17338 25368
17339 37412
17340 27400
17341 28513
17342 27424
17343 27264
17344 50977
17345 63264
17346 55840
17347 54816
17348 54040
17349 17152
17350 59178
17351 38448
17352 37920
17353 38688
17354 25402
17355 25344
17356 49960
17357 62349
17358 27264
17359 19233
17360 17192
17361 62240
17362 17153
17363 39713
17364 58144
17365 49953
17366 56096
17367 55081
17368 40504
17369 25370
17370 25353
17371 40488
17372 62365
17373 63265
17374 54112
17375 25370
17376 25376
17377 50977
17378 58139
17379 56096
17380 49948
17381 55080
17382 808
17383 25384
17384 60193
17385 26409
17386 25384
17387 63272
17388 37688
17389 17152
17390 50072
17391 52001
17392 52001
17393 55096
17394 58144
17395 49977
17396 54040
17397 38696
17398 37672
17399 53917
17400 50077
17401 27425
17402 39736
17403 49941
17404 39968
17405 50077
17406 58170
17407 39972
17408 27425
17409 59232
17410 27424
17411 62349
17412 60193
17413 54072
17414 27392
17415 50077
17416 50977
17417 52000
17418 58121
17419 25368
17420 50977
17421 54049
17422 54056
17423 25353
17424 54041
17425 49960
17426 49952
17427 40224
17428 58141
17429 54057
17430 61217
17431 38704
17432 49944
17433 49952
17434 39720
17435 59168
17436 55072
17437 58253
17438 25377
17439 49969
17440 54044
17441 64289
17442 54049
17443 54064
17444 49944
17445 58112
17446 19233
17447 27520
17448 49953
17449 19232
17450 25377
17451 58264
17452 38180
17453 39972
17454 37920
17455 26387
17456 58145
17457 18209
17458 39968
17459 62365
17460 25370
17461 17160
17462 53788
17463 54048
17464 62365
17465 25370
17466 58121
17467 25370
17468 54072
17469 26401
17470 54049
17471 56073
17472 54072
17473 54061
17474 50069
17475 54056
17476 37924
17477 54056
17478 39968
17479 25371
17480 62365
17481 54041
17482 62365
17483 38689
17484 25368
17485 40224
17486 58209
17487 2848
17488 54048
17489 17153
17490 38176
17491 25345
17492 19232
17493 54048
17494 25377
17495 49953
17496 25450
17497 49949
17498 53820
17499 49920
17500 37688
17501 39968
17502 49952
17503 25441
17504 38712
17505 25370
17506 5473
17507 38712
17508 37920
17509 25370
17510 27456
17511 25384
17512 56073
17513 54072
17514 54049
17515 25360
17516 28513
17517 39968
17518 39988
17519 5473
17520 25346
17521 25368
17522 28641
17523 28513
17524 59192
17525 27264
17526 49968
17527 25368
17528 54056
17529 28521
17530 59178
17531 40504
17532 28449
17533 58269
17534 49960
17535 39972
17536 25368
17537 27424
17538 37920
17539 17176
17540 55072
17541 25368
17542 25370
17543 62349
17544 25377
17545 53820
17546 54064
17547 37920
17548 55080
17549 26473
17550 54840
17551 28513
17552 25370
17553 59177
17554 38448
17555 58145
17556 25370
17557 28577
17558 39972
17559 25360
17560 25370
17561 28577
17562 58208
17563 56088
17564 25370
17565 49952
17566 49960
17567 49949
17568 25345
17569 28641
17570 25368
17571 49945
17572 54173
17573 54048
17574 50077
17575 17185
17576 49945
17577 25352
17578 54057
17579 19232
17580 25376
17581 25370
17582 64288
17583 49949
17584 25376
17585 49976
17586 56096
17587 50073
17588 25370
17589 38432
17590 56096
17591 27416
17592 28489
17593 52000
17594 38184
17595 54049
17596 49944
17597 54061
17598 49941
17599 27264
17600 19240
17601 49929
17602 17176
17603 19232
17604 49976
17605 62249
17606 59168
17607 49945
17608 54173
17609 52000
17610 19216
17611 50077
17612 25386
17613 19224
17614 49953
17615 40736
17616 25368
17617 50077
17618 49952
17619 52001
17620 27425
17621 59176
17622 56104
17623 19209
17624 62349
17625 54048
17626 62365
17627 49976
17628 25403
17629 58120
17630 54173
17631 62240
17632 57121
17633 54173
17634 25377
17635 54173
17636 54173
17637 54112
17638 49953
17639 58208
17640 18209
17641 25354
17642 54112
17643 38689
17644 49952
17645 25368
17646 63328
17647 56104
17648 25369
17649 25400
17650 27488
17651 54173
17652 49978
17653 17184
17654 19201
17655 25384
17656 58154
17657 62381
17658 58176
17659 25418
17660 19233
17661 17185
17662 57121
17663 52000
17664 50077
17665 25353
17666 58113
17667 54049
17668 17185
17669 19240
17670 49952
17671 56104
17672 17208
17673 17153
17674 40508
17675 25346
17676 54048
17677 54056
17678 54045
17679 49953
17680 40224
17681 49952
17682 49960
17683 60192
17684 58170
17685 21288
17686 27393
17687 54048
17688 53780
17689 65377
17690 58145
17691 27456
17692 54049
17693 25434
17694 25361
17695 49945
17696 25385
17697 58152
17698 50977
17699 25384
17700 58153
17701 54072
17702 54032
17703 25370
17704 49941
17705 25363
17706 49941
17707 58136
17708 19232
17709 49968
17710 58144
17711 37920
17712 801
17713 37920
17714 40744
17715 40504
17716 39972
17717 55073
17718 25345
17719 56120
17720 25384
17721 37920
17722 37920
17723 38688
17724 28641
17725 49976
17726 28521
17727 39968
17728 27264
17729 37920
17730 37664
17731 54048
17732 54072
17733 37944
17734 61217
17735 25370
17736 37920
17737 17177
17738 54048
17739 25440
17740 37924
17741 25345
17742 25344
17743 37920
17744 38696
17745 27393
17746 54840
17747 28641
17748 40504
17749 28521
17750 39988
17751 56097
17752 52000
17753 26403
17754 27280
17755 37920
17756 25402
17757 26409
17758 60160
17759 28577
17760 39972
17761 39720
17762 27392
17763 58145
17764 58145
17765 38460
17766 25352
17767 54061
17768 53820
17769 40496
17770 54049
17771 25370
17772 27392
17773 25353
17774 53308
17775 25370
17776 19233
17777 38448
17778 25370
17779 19200
17780 54072
17781 39200
17782 49961
17783 25370
17784 40737
17785 49976
17786 58137
17787 19201
17788 54173
17789 53916
17790 54048
17791 25376
17792 54073
17793 38188
17794 59169
17795 40497
17796 49953
17797 53796
17798 56120
17799 49948
17800 9056
17801 37432
17802 18209
17803 49952
17804 58145
17805 27432
17806 25360
17807 52008
17808 49961
17809 55097
17810 62349
17811 50077
17812 17152
17813 54049
17814 6945
17815 25370
17816 39968
17817 25370
17818 58145
17819 63265
17820 49952
17821 57121
17822 54048
17823 54189
17824 49937
17825 49976
17826 25368
17827 55096
17828 60193
17829 62241
17830 25370
17831 38688
17832 25370
17833 38689
17834 25434
17835 50077
17836 25369
17837 25368
17838 50077
17839 54048
17840 49952
17841 50984
17842 25368
17843 60256
17844 62241
17845 49969
17846 58121
17847 27496
17848 19216
17849 60192
17850 39472
17851 25370
17852 50976
17853 19208
17854 54840
17855 39457
17856 17185
17857 62248
17858 53808
17859 62365
17860 25384
17861 17169
17862 25352
17863 53781
17864 54049
17865 37665
17866 54072
17867 17184
17868 25386
17869 50977
17870 26411
17871 55080
17872 55097
17873 54056
17874 58208
17875 25377
17876 57121
17877 62304
17878 25370
17879 58145
17880 17184
17881 25370
17882 25377
17883 58141
17884 60200
17885 54072
17886 49961
17887 28449
17888 58145
17889 62349
17890 49961
17891 19233
17892 54073
17893 17176
17894 54073
17895 17160
17896 17208
17897 38688
17898 25345
17899 58152
17900 37920
17901 25370
17902 17184
17903 19224
17904 38688
17905 54056
17906 54112
17907 39972
17908 39972
17909 65313
17910 39968
17911 18208
17912 53812
17913 51992
17914 54040
17915 53540
17916 25361
17917 39972
17918 58144
17919 25370
17920 37920
17921 39968
17922 17184
17923 58128
17924 49952
17925 49976
17926 27264
17927 27393
17928 27280
17929 40225
17930 58269
17931 53812
17932 4896
17933 49968
17934 58145
17935 53308
17936 62241
17937 49920
17938 17184
17939 58209
17940 37672
17941 62240
17942 28577
17943 19224
17944 54048
17945 54076
17946 60192
17947 49952
17948 58209
17949 58269
17950 37672
17951 54048
17952 52000
17953 19200
17954 56096
17955 55096
17956 62349
17957 19233
17958 58144
17959 25370
17960 17168
17961 17168
17962 49944
17963 25400
17964 54048
17965 19232
17966 58253
17967 54048
17968 58144
17969 25377
17970 53025
17971 39480
17972 56104
17973 49960
17974 54049
17975 58253
17976 17152
17977 55072
17978 58145
17979 49976
17980 40292
17981 38689
17982 58245
17983 49953
17984 49821
17985 51969
17986 54061
17987 19232
17988 58145
17989 56088
17990 18209
17991 25370
17992 19200
17993 56097
17994 27408
17995 27400
17996 56104
17997 40484
17998 63265
17999 52000
18000 25370
18001 51976
18002 58268
18003 56065
18004 58145
18005 58153
18006 54077
18007 58113
18008 49921
18009 37924
18010 25384
18011 19233
18012 25370
18013 25368
18014 25376
18015 17169
18016 52000
18017 60257
18018 58145
18019 40488
18020 56105
18021 62349
18022 25360
18023 50077
18024 58153
18025 17193
18026 25370
18027 54173
18028 25370
18029 58152
18030 49976
18031 50977
18032 58145
18033 54041
18034 58125
18035 58128
18036 27393
18037 62304
18038 25345
18039 25377
18040 55072
18041 40480
18042 25377
18043 25368
18044 19200
18045 37920
18046 54049
18047 25376
18048 49948
18049 58145
18050 25402
18051 38456
18052 25440
18053 25440
18054 38176
18055 58144
18056 25370
18057 58144
18058 56073
18059 50073
18060 49941
18061 53788
18062 27393
18063 58145
18064 49961
18065 59193
18066 17176
18067 55096
18068 27489
18069 49945
18070 25371
18071 25370
18072 27520
18073 25370
18074 60200
18075 49944
18076 55097
18077 54072
18078 25345
18079 27264
18080 25370
18081 60256
18082 40744
18083 65313
18084 49952
18085 49945
18086 55096
18087 54049
18088 27425
18089 58253
18090 49977
18091 58145
18092 38180
18093 27424
18094 27392
18095 38688
18096 39972
18097 54072
18098 25368
18099 37920
18100 25376
18101 25376
18102 49952
18103 25386
18104 58152
18105 25384
18106 25368
18107 37688
18108 38688
18109 54076
18110 37920
18111 5473
18112 25361
18113 25370
18114 27265
18115 37920
18116 38180
18117 40484
18118 25384
18119 27265
18120 54056
18121 54048
18122 37920
18123 25370
18124 25370
18125 53796
18126 17185
18127 19785
18128 5221
18129 28545
18130 26400
18131 59168
18132 59178
18133 50068
18134 17176
18135 25377
18136 19201
18137 25402
18138 37664
18139 25402
18140 60048
18141 52008
18142 27521
18143 27264
18144 25344
18145 27392
18146 25440
18147 25352
18148 25345
18149 39972
18150 39728
18151 57121
18152 25370
18153 50077
18154 54045
18155 61217
18156 54048
18157 28577
18158 25368
18159 58137
18160 40496
18161 50076
18162 25353
18163 50077
18164 52000
18165 55072
18166 60257
18167 49949
18168 58145
18169 25400
18170 60200
18171 27264
18172 53820
18173 49928
18174 58113
18175 25360
18176 25376
18177 54056
18178 49960
18179 25371
18180 17152
18181 25353
18182 58145
18183 54069
18184 49976
18185 28577
18186 37672
18187 54048
18188 54064
18189 38712
18190 37428
18191 49949
18192 25370
18193 58152
18194 58112
18195 49976
18196 28577
18197 38456
18198 54173
18199 25369
18200 60256
18201 40736
18202 25370
18203 55072
18204 49948
18205 25370
18206 37920
18207 17160
18208 54173
18209 58209
18210 17152
18211 37920
18212 39968
18213 19208
18214 50977
18215 54072
18216 49944
18217 49944
18218 25353
18219 55072
18220 40744
18221 25376
18222 65313
18223 25354
18224 62349
18225 56096
18226 54056
18227 25368
18228 63264
18229 62248
18230 50077
18231 50985
18232 25377
18233 25377
18234 62248
18235 38688
18236 37920
18237 25370
18238 49952
18239 37672
18240 26411
18241 54173
18242 58145
18243 58145
18244 53781
18245 27432
18246 25345
18247 37944
18248 49948
18249 62349
18250 17208
18251 58144
18252 49937
18253 27425
18254 25368
18255 58145
18256 49953
18257 25368
18258 49952
18259 25344
18260 58112
18261 25384
18262 65313
18263 54048
18264 40224
18265 37920
18266 39968
18267 53820
18268 25419
18269 25370
18270 53793
18271 25370
18272 27425
18273 25385
18274 25402
18275 49960
18276 54056
18277 25377
18278 25403
18279 25370
18280 56112
18281 53556
18282 38688
18283 53560
18284 49813
18285 38176
18286 25346
18287 54060
18288 27392
18289 25360
18290 37672
18291 58145
18292 58144
18293 25354
18294 27424
18295 52016
18296 62241
18297 25345
18298 25368
18299 6944
18300 38696
18301 50077
18302 59176
18303 25370
18304 25441
18305 17168
18306 25376
18307 39968
18308 26411
18309 50077
18310 19200
18311 58121
18312 25370
18313 58145
18314 54173
18315 28449
18316 25440
18317 25370
18318 25345
18319 49952
18320 57129
18321 25360
18322 25384
18323 27425
18324 25402
18325 37672
18326 25368
18327 50984
18328 50069
18329 25385
18330 38712
18331 39472
18332 40480
18333 28513
18334 37920
18335 27521
18336 58152
18337 27393
18338 54044
18339 50076
18340 39968
18341 800
18342 27264
18343 54328
18344 25371
18345 54056
18346 39972
18347 58138
18348 25384
18349 37945
18350 28449
18351 37676
18352 19241
18353 27264
18354 55080
18355 25370
18356 58144
18357 20265
18358 38688
18359 62349
18360 55096
18361 25370
18362 61216
18363 19201
18364 19201
18365 28417
18366 25353
18367 54056
18368 27393
18369 54072
18370 17184
18371 27425
18372 49949
18373 56097
18374 19201
18375 54048
18376 49952
18377 58253
18378 58268
18379 25376
18380 26400
18381 54057
18382 40744
18383 54064
18384 38448
18385 25369
18386 25344
18387 38689
18388 17176
18389 58145
18390 25377
18391 54072
18392 28545
18393 25345
18394 54048
18395 58144
18396 25370
18397 25377
18398 54048
18399 26403
18400 58139
18401 49921
18402 49960
18403 55840
18404 25352
18405 21288
18406 49949
18407 17184
18408 62253
18409 62365
18410 25408
18411 54072
18412 55072
18413 39972
18414 49961
18415 58145
18416 38704
18417 56065
18418 17185
18419 38456
18420 49960
18421 25376
18422 58269
18423 40736
18424 49944
18425 53788
18426 17185
18427 49976
18428 25386
18429 49976
18430 27400
18431 52000
18432 54057
18433 54048
18434 62349
18435 58144
18436 25371
18437 53556
18438 54172
18439 39968
18440 25360
18441 26472
18442 25441
18443 52008
18444 37688
18445 52000
18446 40496
18447 63264
18448 54056
18449 25370
18450 54056
18451 49945
18452 26400
18453 60257
18454 17161
18455 50976
18456 28577
18457 50077
18458 38176
18459 27392
18460 49976
18461 25379
18462 19232
18463 26401
18464 38688
18465 17208
18466 19200
18467 58145
18468 55096
18469 49953
18470 19201
18471 26394
18472 39200
18473 27488
18474 25370
18475 25371
18476 49976
18477 57121
18478 50077
18479 50985
18480 60193
18481 17184
18482 19233
18483 56097
18484 56104
18485 25370
18486 49969
18487 25377
18488 50977
18489 25370
18490 25377
18491 38176
18492 19209
18493 58152
18494 49952
18495 25385
18496 25371
18497 36924
18498 52001
18499 25370
18500 62253
18501 54068
18502 55072
18503 25371
18504 27425
18505 38688
18506 49952
18507 55073
18508 25379
18509 27425
18510 25370
18511 27393
18512 17168
18513 58144
18514 55096
18515 37920
18516 40484
18517 49921
18518 54064
18519 50976
18520 54112
18521 54077
18522 25387
18523 55096
18524 37924
18525 25370
18526 17193
18527 25370
18528 25376
18529 28513
18530 52008
18531 27433
18532 40480
18533 54048
18534 27424
18535 17152
18536 49960
18537 28609
18538 25347
18539 27264
18540 28449
18541 49953
18542 39720
18543 25370
18544 64289
18545 37152
18546 62240
18547 19240
18548 58269
18549 25344
18550 25376
18551 49960
18552 19232
18553 40500
18554 37424
18555 38184
18556 25361
18557 39728
18558 55080
18559 49960
18560 25376
18561 49952
18562 57129
18563 25377
18564 56096
18565 25376
18566 55080
18567 37940
18568 54173
18569 60193
18570 49952
18571 54068
18572 49960
18573 53789
18574 28417
18575 25370
18576 28577
18577 55084
18578 58120
18579 25377
18580 17208
18581 27425
18582 27425
18583 17184
18584 49953
18585 37920
18586 25370
18587 26401
18588 26387
18589 54053
18590 60032
18591 53820
18592 19232
18593 53308
18594 40504
18595 25370
18596 49952
18597 52000
18598 19241
18599 60257
18600 25384
18601 50016
18602 27392
18603 50077
18604 58245
18605 27401
18606 60200
18607 25387
18608 17160
18609 25368
18610 25402
18611 25370
18612 25370
18613 64288
18614 50068
18615 52000
18616 61281
18617 55081
18618 53789
18619 25376
18620 17176
18621 49921
18622 54069
18623 62349
18624 25370
18625 62240
18626 19200
18627 54173
18628 52008
18629 56096
18630 19200
18631 25385
18632 49936
18633 17192
18634 60193
18635 59177
18636 38448
18637 52001
18638 25368
18639 54064
18640 58209
18641 38176
18642 37920
18643 25371
18644 38456
18645 26411
18646 53917
18647 62349
18648 38456
18649 40504
18650 39712
18651 51856
18652 38696
18653 25377
18654 62240
18655 27432
18656 19233
18657 19232
18658 54036
18659 25345
18660 38688
18661 17208
18662 25377
18663 27432
18664 54053
18665 17161
18666 17185
18667 25370
18668 25370
18669 25370
18670 54173
18671 25441
18672 17160
18673 38689
18674 62349
18675 27393
18676 39472
18677 53788
18678 19233
18679 25402
18680 25376
18681 62248
18682 38689
18683 58137
18684 27425
18685 49953
18686 49960
18687 17184
18688 58253
18689 49920
18690 58268
18691 49936
18692 27424
18693 49952
18694 59169
18695 52001
18696 59177
18697 27425
18698 52001
18699 25370
18700 25376
18701 49952
18702 50984
18703 26385
18704 39972
18705 25376
18706 50068
18707 37920
18708 40480
18709 39968
18710 37920
18711 25353
18712 37424
18713 17208
18714 27432
18715 17185
18716 55097
18717 25368
18718 65313
18719 52000
18720 54053
18721 37920
18722 19248
18723 49976
18724 39968
18725 25344
18726 55072
18727 58145
18728 25355
18729 54044
18730 25400
18731 49812
18732 27409
18733 17184
18734 37920
18735 17169
18736 37920
18737 49944
18738 54048
18739 25376
18740 28513
18741 25352
18742 61217
18743 17184
18744 56096
18745 54840
18746 38176
18747 17208
18748 52009
18749 56096
18750 28577
18751 19233
18752 19201
18753 49961
18754 17169
18755 60193
18756 28641
18757 57707
18758 39472
18759 19201
18760 25384
18761 25371
18762 58121
18763 27425
18764 54076
18765 25354
18766 54072
18767 19200
18768 37920
18769 25369
18770 37688
18771 27432
18772 25368
18773 27425
18774 28545
18775 39992
18776 27425
18777 63337
18778 40497
18779 54073
18780 54049
18781 54053
18782 37688
18783 49953
18784 53560
18785 53793
18786 37920
18787 28641
18788 50069
18789 54036
18790 17208
18791 58112
18792 27425
18793 20265
18794 39968
18795 49968
18796 50976
18797 39968
18798 27425
18799 25370
18800 55073
18801 54045
18802 17184
18803 58145
18804 58112
18805 25441
18806 49953
18807 49952
18808 25400
18809 25377
18810 39472
18811 49961
18812 25377
18813 50984
18814 49960
18815 25379
18816 25376
18817 54061
18818 58112
18819 53560
18820 17208
18821 52008
18822 19208
18823 59168
18824 52001
18825 54048
18826 25371
18827 37432
18828 18209
18829 62349
18830 38688
18831 57129
18832 58241
18833 49952
18834 27425
18835 37672
18836 58145
18837 6945
18838 38688
18839 55096
18840 38176
18841 54049
18842 27425
18843 58152
18844 58241
18845 59168
18846 39968
18847 17160
18848 37944
18849 49952
18850 49812
18851 58144
18852 37944
18853 58137
18854 49960
18855 56105
18856 25377
18857 57121
18858 53820
18859 54049
18860 54049
18861 50077
18862 54049
18863 54064
18864 52000
18865 49960
18866 19240
18867 39968
18868 55080
18869 62240
18870 56088
18871 25370
18872 17192
18873 49976
18874 52001
18875 56104
18876 54049
18877 54068
18878 55080
18879 63264
18880 40232
18881 17176
18882 27425
18883 51000
18884 25370
18885 19232
18886 60193
18887 58144
18888 53789
18889 63264
18890 39712
18891 37920
18892 52000
18893 2849
18894 800
18895 54057
18896 38712
18897 37688
18898 37920
18899 49976
18900 37664
18901 40504
18902 55080
18903 25347
18904 38432
18905 49976
18906 37920
18907 38456
18908 18208
18909 37920
18910 39988
18911 49976
18912 40224
18913 27264
18914 39480
18915 25450
18916 39200
18917 38704
18918 53788
18919 53808
18920 27457
18921 28641
18922 28641
18923 63273
18924 28577
18925 39972
18926 17153
18927 38448
18928 54076
18929 37432
18930 19241
18931 52001
18932 37924
18933 49928
18934 58112
18935 54060
18936 25370
18937 39968
18938 25370
18939 59168
18940 59168
18941 52008
18942 17192
18943 49952
18944 27425
18945 19233
18946 17185
18947 52000
18948 54173
18949 25377
18950 25376
18951 58144
18952 56104
18953 38456
18954 25370
18955 25354
18956 38460
18957 25368
18958 40736
18959 25384
18960 38432
18961 38688
18962 25403
18963 38696
18964 49952
18965 54061
18966 55081
18967 40480
18968 37664
18969 50024
18970 39996
18971 60192
18972 49920
18973 58125
18974 54061
18975 27264
18976 53820
18977 38448
18978 54072
18979 38188
18980 37664
18981 54048
18982 49976
18983 25370
18984 38696
18985 37944
18986 40744
18987 56096
18988 62381
18989 54069
18990 39972
18991 26401
18992 49953
18993 54072
18994 17192
18995 56097
18996 27456
18997 27392
18998 49821
18999 39968
19000 17193
19001 56097
19002 54065
19003 25370
19004 19233
19005 49921
19006 58144
19007 54077
19008 49960
19009 54049
19010 25370
19011 50076
19012 62365
19013 54056
19014 27488
19015 25370
19016 51969
19017 53812
19018 40224
19019 33576
19020 61216
19021 25440
19022 54048
19023 8992
19024 17192
19025 52001
19026 25370
19027 25385
19028 49821
19029 39736
19030 49953
19031 25377
19032 55072
19033 63264
19034 52009
19035 58145
19036 49945
19037 50984
19038 38712
19039 37665
19040 17185
19041 49960
19042 55080
19043 54040
19044 54044
19045 49961
19046 40480
19047 37152
19048 25368
19049 49952
19050 58136
19051 50024
19052 19201
19053 50068
19054 49821
19055 54048
19056 58218
19057 28513
19058 40504
19059 54040
19060 25370
19061 39480
19062 40736
19063 40736
19064 25377
19065 54029
19066 25384
19067 25376
19068 50984
19069 51856
19070 25370
19071 54036
19072 54072
19073 55072
19074 49953
19075 49960
19076 38712
19077 40224
19078 38688
19079 53909
19080 55073
19081 808
19082 51969
19083 19232
19084 54068
19085 55080
19086 40736
19087 19209
19088 49953
19089 61217
19090 56064
19091 25344
19092 62241
19093 17184
19094 49952
19095 25376
19096 58144
19097 25368
19098 58176
19099 17208
19100 49976
19101 49949
19102 25368
19103 37424
19104 25370
19105 25370
19106 54172
19107 25370
19108 27392
19109 25377
19110 52000
19111 17192
19112 59192
19113 17178
19114 25448
19115 37920
19116 58245
19117 49945
19118 25434
19119 54048
19120 19233
19121 54057
19122 39972
19123 58144
19124 37920
19125 52001
19126 54057
19127 6944
19128 54057
19129 38696
19130 49976
19131 37152
19132 37944
19133 39972
19134 28641
19135 28641
19136 37920
19137 58218
19138 37664
19139 54048
19140 58144
19141 39972
19142 49944
19143 39968
19144 28521
19145 54056
19146 26465
19147 50024
19148 58144
19149 38432
19150 25449
19151 38457
19152 28513
19153 58128
19154 17208
19155 25370
19156 27392
19157 49953
19158 19248
19159 54072
19160 60257
19161 38456
19162 39457
19163 54061
19164 52008
19165 58145
19166 40224
19167 54056
19168 17208
19169 38444
19170 60257
19171 19200
19172 55097
19173 49953
19174 49953
19175 52001
19176 25361
19177 54816
19178 25408
19179 40744
19180 27425
19181 17185
19182 25416
19183 58145
19184 27264
19185 17193
19186 62240
19187 25352
19188 60192
19189 25434
19190 54048
19191 58145
19192 17184
19193 25370
19194 19240
19195 25368
19196 54173
19197 19232
19198 39472
19199 58144
19200 58154
19201 25419
19202 19248
19203 54024
19204 25370
19205 54056
19206 56105
19207 25370
19208 37948
19209 65313
19210 55096
19211 59169
19212 25370
19213 25370
19214 56096
19215 25354
19216 17160
19217 25370
19218 25370
19219 55073
19220 38188
19221 19232
19222 50077
19223 49920
19224 40500
19225 49968
19226 60160
19227 39456
19228 59168
19229 62249
19230 25354
19231 58245
19232 55081
19233 50016
19234 19233
19235 58144
19236 17192
19237 49976
19238 27392
19239 17184
19240 50077
19241 52009
19242 49953
19243 55096
19244 49937
19245 54049
19246 25385
19247 27392
19248 25371
19249 37432
19250 25354
19251 38457
19252 17185
19253 25371
19254 63264
19255 60193
19256 25418
19257 61217
19258 19200
19259 38688
19260 55096
19261 54173
19262 27425
19263 38689
19264 37948
19265 54056
19266 25402
19267 56104
19268 58145
19269 25345
19270 25370
19271 25370
19272 54049
19273 25371
19274 62365
19275 25370
19276 52000
19277 52001
19278 60160
19279 60193
19280 54049
19281 52001
19282 40224
19283 52008
19284 49960
19285 37428
19286 25370
19287 50077
19288 49953
19289 54173
19290 38176
19291 54072
19292 25400
19293 60160
19294 58145
19295 60160
19296 62249
19297 55081
19298 25368
19299 37920
19300 58152
19301 25385
19302 25384
19303 49944
19304 54029
19305 54048
19306 25376
19307 50077
19308 26384
19309 54072
19310 37672
19311 8992
19312 19240
19313 51000
19314 25368
19315 17192
19316 25384
19317 58253
19318 58144
19319 37920
19320 37920
19321 39969
19322 28449
19323 57121
19324 25371
19325 58144
19326 17176
19327 25368
19328 63265
19329 38456
19330 25353
19331 25368
19332 25448
19333 54048
19334 7269
19335 37668
19336 28417
19337 58144
19338 37924
19339 28577
19340 25370
19341 37436
19342 40481
19343 49952
19344 49933
19345 19232
19346 49952
19347 60200
19348 25370
19349 58152
19350 38436
19351 58121
19352 38688
19353 51969
19354 39972
19355 19233
19356 40496
19357 65377
19358 55080
19359 25377
19360 25368
19361 56096
19362 49920
19363 54072
19364 28449
19365 55073
19366 49944
19367 17208
19368 57121
19369 58144
19370 49976
19371 25369
19372 19232
19373 55072
19374 58253
19375 58268
19376 53812
19377 25387
19378 6945
19379 49921
19380 17185
19381 38448
19382 54076
19383 53540
19384 40233
19385 17184
19386 54073
19387 60192
19388 60193
19389 65313
19390 56104
19391 26387
19392 25384
19393 25441
19394 38188
19395 54056
19396 49953
19397 19200
19398 58137
19399 54048
19400 50024
19401 26401
19402 37924
19403 25370
19404 39968
19405 54173
19406 27488
19407 58145
19408 54056
19409 62240
19410 17176
19411 53808
19412 51977
19413 53917
19414 25346
19415 25434
19416 53793
19417 60160
19418 54048
19419 49953
19420 27553
19421 25346
19422 25418
19423 27432
19424 27456
19425 58269
19426 49952
19427 49928
19428 17168
19429 26400
19430 25370
19431 49952
19432 50977
19433 25370
19434 27392
19435 49952
19436 25344
19437 25376
19438 25376
19439 40504
19440 58144
19441 49821
19442 58245
19443 54064
19444 50977
19445 56096
19446 39713
19447 52000
19448 25370
19449 54048
19450 54049
19451 54064
19452 38688
19453 37920
19454 38688
19455 59168
19456 28417
19457 55096
19458 54064
19459 58138
19460 53792
19461 25345
19462 55072
19463 17208
19464 58137
19465 49976
19466 17161
19467 52001
19468 53916
19469 52000
19470 58268
19471 17185
19472 25369
19473 38696
19474 17184
19475 25402
19476 54056
19477 39712
19478 52001
19479 25377
19480 54068
19481 55096
19482 40504
19483 19232
19484 49952
19485 17192
19486 27393
19487 25370
19488 6704
19489 49953
19490 25376
19491 49928
19492 58113
19493 54056
19494 27401
19495 49952
19496 49821
19497 54061
19498 49976
19499 25370
19500 25371
19501 19224
19502 25370
19503 49968
19504 49952
19505 17192
19506 49961
19507 62248
19508 58152
19509 25360
19510 25360
19511 25377
19512 49821
19513 62349
19514 25377
19515 38697
19516 38696
19517 51856
19518 27456
19519 17208
19520 58152
19521 54044
19522 27425
19523 20265
19524 59169
19525 49960
19526 37436
19527 25370
19528 19232
19529 54048
19530 55080
19531 49960
19532 25370
19533 38712
19534 40225
19535 62365
19536 49920
19537 25353
19538 25385
19539 40496
19540 37664
19541 38688
19542 25370
19543 19201
19544 54072
19545 27432
19546 55081
19547 39972
19548 39968
19549 39968
19550 55840
19551 37920
19552 54057
19553 37924
19554 25368
19555 28577
19556 28577
19557 58113
19558 54044
19559 38184
19560 27264
19561 17208
19562 49968
19563 56065
19564 39972
19565 56096
19566 5221
19567 38688
19568 37944
19569 28641
19570 39457
19571 19232
19572 40484
19573 27264
19574 25368
19575 51969
19576 27393
19577 56097
19578 17208
19579 19209
19580 39736
19581 63265
19582 17152
19583 53793
19584 55073
19585 38184
19586 51000
19587 58144
19588 58137
19589 25416
19590 49960
19591 19233
19592 27432
19593 39968
19594 25370
19595 25376
19596 54048
19597 60192
19598 25377
19599 54173
19600 58144
19601 56096
19602 62248
19603 37688
19604 27489
19605 37928
19606 38184
19607 54072
19608 27432
19609 58121
19610 25353
19611 49944
19612 17184
19613 17184
19614 54065
19615 55073
19616 25376
19617 27433
19618 19232
19619 49976
19620 25370
19621 62381
19622 49944
19623 54056
19624 53556
19625 17200
19626 37944
19627 54044
19628 25384
19629 63265
19630 60200
19631 37676
19632 54173
19633 25402
19634 19224
19635 58144
19636 63265
19637 17178
19638 25355
19639 39968
19640 63329
19641 49920
19642 49952
19643 49952
19644 27425
19645 25363
19646 37920
19647 58245
19648 25370
19649 40496
19650 54056
19651 59169
19652 39972
19653 58253
19654 25370
19655 58153
19656 19233
19657 49960
19658 25377
19659 25377
19660 40480
19661 58144
19662 58153
19663 25344
19664 49960
19665 56104
19666 54048
19667 19209
19668 25370
19669 56073
19670 28449
19671 53792
19672 25362
19673 19209
19674 62349
19675 38436
19676 52000
19677 52001
19678 27401
19679 55096
19680 58209
19681 49952
19682 60192
19683 49952
19684 25370
19685 27424
19686 55080
19687 25352
19688 25368
19689 19232
19690 25370
19691 39972
19692 19200
19693 19201
19694 25368
19695 49952
19696 17184
19697 25345
19698 62248
19699 50077
19700 54064
19701 25370
19702 25377
19703 19201
19704 37920
19705 25370
19706 38176
19707 50077
19708 25370
19709 53788
19710 40496
19711 38696
19712 39972
19713 28577
19714 25392
19715 54057
19716 54049
19717 54048
19718 57129
19719 52000
19720 25368
19721 54024
19722 25371
19723 38184
19724 56105
19725 54173
19726 62241
19727 51968
19728 17185
19729 54049
19730 52001
19731 25400
19732 54057
19733 58208
19734 17185
19735 54056
19736 61281
19737 58112
19738 27425
19739 53560
19740 54056
19741 49953
19742 17184
19743 25370
19744 26409
19745 58153
19746 54172
19747 54040
19748 25377
19749 37428
19750 49976
19751 40496
19752 38696
19753 63264
19754 25371
19755 19208
19756 49976
19757 58136
19758 58139
19759 26401
19760 50076
19761 58125
19762 37920
19763 25449
19764 25400
19765 54328
19766 38689
19767 54052
19768 37920
19769 25376
19770 56097
19771 37920
19772 25370
19773 17184
19774 37920
19775 40500
19776 19200
19777 49952
19778 28577
19779 56864
19780 26369
19781 25368
19782 54172
19783 25400
19784 25354
19785 58170
19786 37928
19787 19232
19788 51992
19789 40497
19790 53788
19791 54048
19792 25368
19793 58253
19794 54057
19795 37920
19796 58144
19797 28513
19798 25377
19799 17176
19800 58208
19801 25371
19802 52001
19803 39968
19804 28577
19805 55080
19806 17185
19807 37672
19808 37672
19809 49976
19810 824
19811 51969
19812 27432
19813 55080
19814 17153
19815 26409
19816 28449
19817 17176
19818 25361
19819 55072
19820 25371
19821 49976
19822 56096
19823 39737
19824 58145
19825 55080
19826 25376
19827 25355
19828 25377
19829 55081
19830 50976
19831 27392
19832 25368
19833 37672
19834 54036
19835 19233
19836 50077
19837 54048
19838 808
19839 52001
19840 50073
19841 53796
19842 62349
19843 17208
19844 17208
19845 25370
19846 38176
19847 38452
19848 6945
19849 49976
19850 19201
19851 55072
19852 27392
19853 58155
19854 17192
19855 40736
19856 49976
19857 52008
19858 17185
19859 25387
19860 17185
19861 58144
19862 60257
19863 54048
19864 19233
19865 62349
19866 25370
19867 25355
19868 25440
19869 52008
19870 54057
19871 824
19872 55080
19873 25370
19874 54173
19875 54048
19876 27425
19877 25408
19878 49976
19879 54057
19880 17168
19881 62241
19882 27392
19883 38688
19884 62365
19885 25355
19886 17184
19887 56073
19888 25376
19889 17185
19890 38689
19891 25370
19892 49960
19893 25385
19894 25352
19895 17161
19896 25402
19897 27433
19898 52009
19899 25440
19900 62349
19901 53789
19902 25402
19903 37920
19904 37160
19905 54817
19906 40736
19907 49928
19908 26403
19909 50077
19910 61216
19911 25346
19912 25352
19913 25370
19914 25376
19915 54817
19916 60161
19917 51976
19918 55080
19919 54173
19920 54052
19921 40736
19922 54064
19923 58112
19924 58141
19925 27425
19926 37920
19927 58170
19928 51968
19929 49936
19930 49953
19931 54048
19932 25370
19933 54056
19934 27424
19935 58144
19936 53556
19937 60192
19938 38176
19939 25344
19940 53808
19941 27425
19942 54077
19943 25370
19944 52008
19945 54048
19946 49944
19947 26409
19948 25376
19949 25376
19950 19201
19951 37672
19952 58264
19953 50076
19954 37928
19955 26384
19956 58136
19957 54068
19958 56073
19959 19233
19960 17185
19961 17185
19962 37688
19963 25448
19964 58125
19965 25370
19966 26411
19967 17176
19968 37920
19969 25353
19970 25376
19971 54048
19972 17208
19973 25360
19974 49960
19975 25403
19976 51969
19977 17208
19978 39480
19979 25384
19980 38688
19981 39968
19982 27280
19983 37924
19984 25392
19985 58144
19986 25370
19987 40504
19988 25352
19989 17184
19990 37920
19991 27264
19992 6704
19993 25370
19994 25370
19995 37944
19996 25345
19997 54172
19998 37664
19999 28641
20000 54072
20001 51856
20002 25362
20003 17176
20004 27264
20005 58153
20006 28513
20007 62365
20008 25360
20009 60192
20010 37672
20011 19208
20012 40744
20013 37928
20014 49961
20015 25352
20016 55081
20017 21288
20018 53788
20019 9056
20020 27425
20021 58144
20022 25361
20023 37664
20024 38176
20025 49944
20026 25376
20027 54056
20028 58112
20029 54048
20030 52001
20031 58145
20032 25352
20033 27521
20034 27264
20035 6704
20036 37664
20037 49952
20038 27432
20039 54057
20040 19240
20041 59169
20042 25368
20043 19240
20044 50076
20045 40233
20046 52008
20047 53024
20048 55072
20049 21281
20050 38432
20051 60193
20052 55096
20053 54173
20054 37920
20055 37688
20056 51969
20057 54056
20058 27432
20059 19241
20060 58145
20061 37944
20062 19208
20063 54056
20064 58136
20065 19201
20066 58145
20067 58120
20068 50077
20069 27264
20070 25347
20071 27393
20072 40496
20073 25370
20074 25376
20075 25384
20076 25345
20077 27400
20078 25347
20079 59232
20080 25370
20081 19200
20082 19201
20083 53788
20084 40500
20085 55081
20086 63329
20087 60200
20088 62365
20089 25371
20090 25354
20091 19232
20092 58113
20093 40736
20094 27424
20095 59169
20096 38689
20097 53024
20098 62241
20099 54048
20100 49821
20101 27433
20102 19233
20103 39988
20104 49921
20105 54173
20106 25376
20107 19233
20108 54049
20109 25370
20110 25369
20111 58209
20112 55096
20113 62248
20114 49953
20115 49944
20116 58145
20117 27393
20118 25418
20119 25363
20120 54048
20121 58145
20122 55080
20123 54052
20124 27264
20125 19233
20126 18976
20127 58136
20128 39972
20129 53032
20130 39972
20131 39972
20132 62241
20133 56096
20134 52008
20135 38688
20136 56120
20137 54057
20138 25370
20139 60193
20140 25345
20141 25370
20142 54049
20143 27488
20144 19233
20145 19209
20146 49953
20147 60193
20148 53781
20149 58218
20150 28425
20151 61217
20152 53308
20153 25370
20154 25386
20155 49944
20156 17153
20157 27520
20158 25392
20159 58144
20160 49952
20161 55073
20162 40504
20163 37688
20164 62349
20165 54056
20166 49945
20167 25355
20168 17184
20169 17200
20170 49952
20171 49960
20172 19208
20173 58152
20174 53540
20175 58144
20176 62249
20177 49944
20178 36924
20179 40496
20180 50976
20181 49948
20182 56105
20183 49961
20184 55856
20185 25384
20186 17208
20187 25352
20188 39968
20189 25353
20190 37688
20191 49952
20192 21281
20193 37924
20194 51969
20195 39972
20196 37944
20197 38688
20198 25360
20199 52008
20200 25368
20201 52008
20202 38432
20203 37920
20204 39968
20205 39972
20206 38241
20207 8992
20208 25450
20209 37920
20210 37920
20211 54072
20212 17185
20213 28513
20214 52008
20215 37920
20216 58153
20217 25347
20218 54029
20219 37664
20220 25368
20221 37920
20222 50077
20223 39969
20224 53820
20225 26400
20226 17160
20227 54056
20228 28577
20229 54048
20230 17185
20231 25368
20232 49928
20233 52001
20234 25353
20235 58145
20236 17185
20237 58145
20238 58152
20239 55072
20240 56088
20241 58136
20242 49949
20243 39456
20244 37436
20245 53789
20246 60193
20247 51976
20248 54056
20249 25384
20250 25384
20251 55080
20252 52000
20253 54048
20254 55080
20255 58144
20256 58137
20257 57121
20258 25376
20259 49952
20260 26369
20261 55080
20262 54052
20263 27400
20264 54061
20265 25370
20266 59176
20267 49960
20268 50076
20269 58113
20270 54077
20271 25370
20272 49944
20273 19088
20274 17184
20275 58144
20276 39968
20277 25369
20278 27456
20279 37688
20280 25370
20281 17185
20282 19233
20283 25385
20284 49960
20285 54072
20286 55072
20287 63337
20288 39720
20289 25344
20290 49961
20291 27393
20292 40496
20293 25370
20294 57121
20295 49952
20296 54049
20297 39972
20298 62241
20299 62365
20300 54048
20301 54057
20302 49920
20303 17200
20304 25352
20305 25344
20306 59168
20307 54056
20308 49952
20309 40484
20310 25362
20311 59192
20312 25403
20313 60160
20314 39996
20315 49952
20316 38200
20317 40224
20318 53024
20319 62248
20320 54048
20321 49960
20322 17177
20323 58144
20324 27393
20325 25371
20326 25345
20327 25362
20328 49961
20329 49821
20330 17208
20331 58144
20332 52000
20333 56096
20334 58112
20335 50077
20336 62349
20337 54053
20338 2849
20339 54072
20340 27424
20341 37428
20342 25370
20343 17169
20344 49921
20345 58113
20346 58144
20347 58144
20348 55081
20349 49953
20350 56088
20351 37665
20352 55096
20353 54057
20354 39988
20355 25368
20356 37920
20357 54173
20358 57121
20359 25370
20360 58216
20361 26400
20362 39968
20363 62349
20364 25376
20365 17185
20366 25370
20367 25370
20368 57129
20369 25370
20370 25370
20371 25370
20372 54173
20373 25370
20374 58269
20375 49953
20376 19233
20377 25370
20378 27392
20379 39988
20380 49953
20381 62249
20382 52001
20383 49953
20384 25376
20385 49960
20386 25370
20387 62365
20388 56096
20389 25354
20390 37436
20391 50077
20392 54044
20393 55084
20394 27553
20395 38688
20396 54072
20397 49952
20398 58141
20399 27425
20400 49961
20401 62349
20402 49953
20403 25384
20404 56104
20405 19201
20406 17208
20407 62248
20408 38696
20409 25403
20410 50077
20411 62221
20412 28577
20413 39720
20414 25370
20415 25402
20416 27392
20417 51968
20418 56088
20419 38696
20420 27424
20421 17208
20422 37920
20423 25352
20424 18209
20425 54048
20426 55096
20427 37920
20428 25352
20429 19240
20430 52001
20431 25384
20432 40481
20433 49953
20434 58144
20435 53808
20436 58216
20437 49952
20438 37668
20439 37920
20440 39972
20441 54056
20442 19241
20443 27264
20444 49945
20445 60321
20446 25418
20447 54076
20448 25402
20449 27393
20450 25370
20451 52000
20452 40480
20453 54060
20454 50977
20455 17256
20456 49953
20457 54057
20458 50077
20459 28545
20460 53812
20461 8992
20462 25352
20463 801
20464 58144
20465 55084
20466 62241
20467 56097
20468 54072
20469 57121
20470 54049
20471 17208
20472 54056
20473 25416
20474 25353
20475 39968
20476 39736
20477 39480
20478 19217
20479 54048
20480 49944
20481 25416
20482 49953
20483 25416
20484 52000
20485 58136
20486 54056
20487 49976
20488 49976
20489 25371
20490 19216
20491 25368
20492 19232
20493 52000
20494 27489
20495 25361
20496 58168
20497 55072
20498 27424
20499 17192
20500 27264
20501 58121
20502 54040
20503 49978
20504 49976
20505 39976
20506 37424
20507 58138
20508 54048
20509 37940
20510 54072
20511 55073
20512 49952
20513 40233
20514 54048
20515 58128
20516 38712
20517 53812
20518 39972
20519 49977
20520 58137
20521 37948
20522 57121
20523 56096
20524 25354
20525 50076
20526 54076
20527 25402
20528 58145
20529 38688
20530 25371
20531 54172
20532 55080
20533 53789
20534 39968
20535 25370
20536 38184
20537 62349
20538 58145
20539 54052
20540 50077
20541 54072
20542 49953
20543 49952
20544 54069
20545 25377
20546 38184
20547 62249
20548 39968
20549 62365
20550 49952
20551 25370
20552 38688
20553 17192
20554 25369
20555 62365
20556 54056
20557 37152
20558 27425
20559 58152
20560 38176
20561 49933
20562 49960
20563 17177
20564 62349
20565 25385
20566 54048
20567 58136
20568 49953
20569 58144
20570 49949
20571 17208
20572 17192
20573 58169
20574 25354
20575 39976
20576 49945
20577 27393
20578 40480
20579 25368
20580 58145
20581 54048
20582 53560
20583 63264
20584 49953
20585 26384
20586 40232
20587 17208
20588 38184
20589 17184
20590 25370
20591 51968
20592 62240
20593 58168
20594 19209
20595 49960
20596 25368
20597 54173
20598 49968
20599 19240
20600 56104
20601 25370
20602 54172
20603 60200
20604 25370
20605 49821
20606 54048
20607 25370
20608 25370
20609 25385
20610 19232
20611 58253
20612 63328
20613 54072
20614 54173
20615 17184
20616 27392
20617 40736
20618 19233
20619 49921
20620 19240
20621 54077
20622 50976
20623 49949
20624 17184
20625 25360
20626 21281
20627 55080
20628 27520
20629 27425
20630 49976
20631 63329
20632 49952
20633 50069
20634 54048
20635 62365
20636 17192
20637 54157
20638 25370
20639 19232
20640 58253
20641 50076
20642 56096
20643 19216
20644 25402
20645 25370
20646 54056
20647 39968
20648 50077
20649 4896
20650 25353
20651 63265
20652 49976
20653 53820
20654 25370
20655 49952
20656 25368
20657 54068
20658 62304
20659 37664
20660 38688
20661 55072
20662 18208
20663 25440
20664 58144
20665 40504
20666 58208
20667 27392
20668 54048
20669 49920
20670 55096
20671 27488
20672 49976
20673 55080
20674 37920
20675 17185
20676 49952
20677 17184
20678 40484
20679 38689
20680 6704
20681 4897
20682 49944
20683 53792
20684 39968
20685 39988
20686 58208
20687 25370
20688 54036
20689 28417
20690 61281
20691 39972
20692 56097
20693 53300
20694 49944
20695 39992
20696 37940
20697 37665
20698 27264
20699 27264
20700 49960
20701 38696
20702 38188
20703 54173
20704 25416
20705 25344
20706 25370
20707 17208
20708 17152
20709 37688
20710 37665
20711 56096
20712 17185
20713 49953
20714 62304
20715 25418
20716 55084
20717 54112
20718 39968
20719 39992
20720 54048
20721 17200
20722 17177
20723 19224
20724 17200
20725 49952
20726 38696
20727 56112
20728 58144
20729 49976
20730 26369
20731 49952
20732 54173
20733 28513
20734 25345
20735 25352
20736 25353
20737 25402
20738 25370
20739 26400
20740 54048
20741 37920
20742 17176
20743 19233
20744 53788
20745 19233
20746 49944
20747 61217
20748 49944
20749 62381
20750 49928
20751 57121
20752 49952
20753 38712
20754 52001
20755 37688
20756 54076
20757 54832
20758 25370
20759 50016
20760 56097
20761 17184
20762 54049
20763 37688
20764 62365
20765 38436
20766 39728
20767 54173
20768 54056
20769 27392
20770 65313
20771 50016
20772 25368
20773 19240
20774 54048
20775 38696
20776 49928
20777 49952
20778 62241
20779 40508
20780 54060
20781 37920
20782 52016
20783 25370
20784 49953
20785 62241
20786 54157
20787 19200
20788 58138
20789 25370
20790 54045
20791 25370
20792 49952
20793 38688
20794 27424
20795 40508
20796 58145
20797 51000
20798 27433
20799 25370
20800 58136
20801 26403
20802 25344
20803 52001
20804 37920
20805 19201
20806 49952
20807 37664
20808 39200
20809 25345
20810 54173
20811 49920
20812 27465
20813 53793
20814 56104
20815 55097
20816 25368
20817 54061
20818 19240
20819 25370
20820 51856
20821 25354
20822 26401
20823 27424
20824 19240
20825 49945
20826 58209
20827 54048
20828 58112
20829 25370
20830 17176
20831 37920
20832 54173
20833 58153
20834 58269
20835 49976
20836 39713
20837 40504
20838 58120
20839 39968
20840 56097
20841 55096
20842 49976
20843 55073
20844 27488
20845 52000
20846 49976
20847 25370
20848 58154
20849 19232
20850 25408
20851 54065
20852 49941
20853 28449
20854 27488
20855 17184
20856 52000
20857 25371
20858 25370
20859 64289
20860 40224
20861 25370
20862 27425
20863 17192
20864 27521
20865 54173
20866 25402
20867 25370
20868 38176
20869 25376
20870 56104
20871 58144
20872 19232
20873 40481
20874 57120
20875 19201
20876 25400
20877 38696
20878 38436
20879 27424
20880 40224
20881 49920
20882 54048
20883 54172
20884 50077
20885 54061
20886 39737
20887 49937
20888 49952
20889 37428
20890 57121
20891 52000
20892 37436
20893 62241
20894 49945
20895 49952
20896 58241
20897 49952
20898 25371
20899 49976
20900 49976
20901 39968
20902 59168
20903 38689
20904 58113
20905 40224
20906 58145
20907 25370
20908 54056
20909 38688
20910 27425
20911 25376
20912 55073
20913 25370
20914 25402
20915 19233
20916 37944
20917 28481
20918 25368
20919 37665
20920 25368
20921 37921
20922 27409
20923 37920
20924 19217
20925 27489
20926 38448
20927 25368
20928 25385
20929 38712
20930 17176
20931 40504
20932 40744
20933 4896
20934 17208
20935 25353
20936 37920
20937 63272
20938 40480
20939 37412
20940 58112
20941 39992
20942 39972
20943 37672
20944 27264
20945 50976
20946 25370
20947 17176
20948 25440
20949 37436
20950 25384
20951 56864
20952 54840
20953 25368
20954 39972
20955 62349
20956 37680
20957 38697
20958 38436
20959 38457
20960 37688
20961 58136
20962 53024
20963 40481
20964 25370
20965 55080
20966 25377
20967 25370
20968 50077
20969 38456
20970 39972
20971 25370
20972 52008
20973 37688
20974 38688
20975 58153
20976 28521
20977 37688
20978 25432
20979 38176
20980 50072
20981 49977
20982 58155
20983 25376
20984 25385
20985 50984
20986 62240
20987 17176
20988 54040
20989 56097
20990 40497
20991 40480
20992 51985
20993 27425
20994 58145
20995 33576
20996 58112
20997 19232
20998 49952
20999 49952
21000 40224
21001 28641
21002 54053
21003 40224
21004 49953
21005 28449
21006 49813
21007 56096
21008 50984
21009 54056
21010 58144
21011 17208
21012 55080
21013 37944
21014 39472
21015 27264
21016 54172
21017 17152
21018 64288
21019 19233
21020 38448
21021 37672
21022 49953
21023 19232
21024 38180
21025 56097
21026 27392
21027 38444
21028 54173
21029 54072
21030 27424
21031 54049
21032 62248
21033 55080
21034 57121
21035 54049
21036 37920
21037 55072
21038 26401
21039 54053
21040 27393
21041 49952
21042 19240
21043 38176
21044 27425
21045 39968
21046 25370
21047 37920
21048 37920
21049 49960
21050 54053
21051 37940
21052 28513
21053 54057
21054 55073
21055 25377
21056 55840
21057 62241
21058 37920
21059 17185
21060 58152
21061 25400
21062 49921
21063 54048
21064 54072
21065 55073
21066 25370
21067 49976
21068 63265
21069 58145
21070 54049
21071 25371
21072 60257
21073 49960
21074 38460
21075 19216
21076 25370
21077 25345
21078 25370
21079 27424
21080 19201
21081 58112
21082 38456
21083 26385
21084 49961
21085 50977
21086 60160
21087 25386
21088 53917
21089 25344
21090 25353
21091 27424
21092 58145
21093 27424
21094 61217
21095 49953
21096 49953
21097 25402
21098 25345
21099 57120
21100 58138
21101 37920
21102 59176
21103 40228
21104 62249
21105 58144
21106 56120
21107 40232
21108 25400
21109 25352
21110 25370
21111 54173
21112 37920
21113 53300
21114 54049
21115 25377
21116 62349
21117 17208
21118 49969
21119 25370
21120 37920
21121 28457
21122 37920
21123 37920
21124 37920
21125 18208
21126 26403
21127 52000
21128 27265
21129 54056
21130 25354
21131 17160
21132 60193
21133 55080
21134 19240
21135 60192
21136 37672
21137 27392
21138 25400
21139 51000
21140 38184
21141 54064
21142 58144
21143 25370
21144 25345
21145 40504
21146 56097
21147 25370
21148 54072
21149 49976
21150 55080
21151 40224
21152 39968
21153 61216
21154 27392
21155 19241
21156 58208
21157 62248
21158 25385
21159 54060
21160 25370
21161 54072
21162 60321
21163 62241
21164 54112
21165 27425
21166 21281
21167 25416
21168 21281
21169 25344
21170 25368
21171 25370
21172 55080
21173 55073
21174 27401
21175 27393
21176 27425
21177 58144
21178 55072
21179 58168
21180 54056
21181 55073
21182 37924
21183 54045
21184 53820
21185 53820
21186 50069
21187 58145
21188 39968
21189 54048
21190 4897
21191 52000
21192 25376
21193 19216
21194 59177
21195 52016
21196 19201
21197 25400
21198 56120
21199 54049
21200 25368
21201 37921
21202 37920
21203 54072
21204 59177
21205 53024
21206 2849
21207 55864
21208 25370
21209 25360
21210 49952
21211 26401
21212 49952
21213 25370
21214 39992
21215 39968
21216 57121
21217 27425
21218 28521
21219 39456
21220 55072
21221 25360
21222 25384
21223 17192
21224 27496
21225 53781
21226 50077
21227 27497
21228 27280
21229 25360
21230 53032
21231 39972
21232 49928
21233 58139
21234 37944
21235 27489
21236 52000
21237 25355
21238 59168
21239 59193
21240 27521
21241 50077
21242 49952
21243 19232
21244 57121
21245 37160
21246 62304
21247 38176
21248 58137
21249 38180
21250 39712
21251 40225
21252 37920
21253 54064
21254 54053
21255 19217
21256 50076
21257 19201
21258 55864
21259 58137
21260 62381
21261 25384
21262 39968
21263 54072
21264 40504
21265 17193
21266 62365
21267 19241
21268 49952
21269 25376
21270 58136
21271 38176
21272 25368
21273 33592
21274 63265
21275 53789
21276 58216
21277 17184
21278 20257
21279 25370
21280 54048
21281 49952
21282 49961
21283 55084
21284 25376
21285 55072
21286 37688
21287 54073
21288 58120
21289 37688
21290 63265
21291 25368
21292 54173
21293 53780
21294 61345
21295 49944
21296 49976
21297 37920
21298 38696
21299 54048
21300 19217
21301 54060
21302 37672
21303 62349
21304 28449
21305 25400
21306 56073
21307 38444
21308 58113
21309 58241
21310 37680
21311 27520
21312 38180
21313 28577
21314 57121
21315 59176
21316 26401
21317 37920
21318 28449
21319 61217
21320 54057
21321 64288
21322 61217
21323 55080
21324 25345
21325 39200
21326 54052
21327 54173
21328 60192
21329 37664
21330 50077
21331 25377
21332 49821
21333 40480
21334 37920
21335 55073
21336 51976
21337 27432
21338 54057
21339 25344
21340 62349
21341 17192
21342 38177
21343 25377
21344 54049
21345 39968
21346 27425
21347 39992
21348 25370
21349 38176
21350 54049
21351 54048
21352 27424
21353 19232
21354 26411
21355 50077
21356 27392
21357 52009
21358 54052
21359 54048
21360 50077
21361 37920
21362 17184
21363 62240
21364 17185
21365 49921
21366 62349
21367 37924
21368 49952
21369 39968
21370 19233
21371 55072
21372 54072
21373 52001
21374 54061
21375 53308
21376 25370
21377 40504
21378 25362
21379 25370
21380 55080
21381 54072
21382 49960
21383 49813
21384 49933
21385 25360
21386 53788
21387 27425
21388 9056
21389 54057
21390 17185
21391 25370
21392 59168
21393 50076
21394 37920
21395 38688
21396 39972
21397 52001
21398 40480
21399 50077
21400 25352
21401 54065
21402 18217
21403 17152
21404 39712
21405 58245
21406 25377
21407 25371
21408 36924
21409 25379
21410 27425
21411 55080
21412 25379
21413 62240
21414 25370
21415 25370
21416 52009
21417 52001
21418 17185
21419 27392
21420 19233
21421 49821
21422 38688
21423 54173
21424 26384
21425 55081
21426 37920
21427 49953
21428 17208
21429 38696
21430 52008
21431 25370
21432 19232
21433 55081
21434 54029
21435 17168
21436 49976
21437 36924
21438 53780
21439 37436
21440 59168
21441 39456
21442 25370
21443 39472
21444 49944
21445 49976
21446 27400
21447 19233
21448 25370
21449 25370
21450 25370
21451 25370
21452 25370
21453 58144
21454 38177
21455 54061
21456 27393
21457 864
21458 54048
21459 37920
21460 54072
21461 49952
21462 17176
21463 5473
21464 25376
21465 59193
21466 37920
21467 38696
21468 55084
21469 52001
21470 49952
21471 40737
21472 37920
21473 55072
21474 25370
21475 40233
21476 58144
21477 17185
21478 17208
21479 39968
21480 39988
21481 25370
21482 28641
21483 28513
21484 37920
21485 25416
21486 40232
21487 25400
21488 25370
21489 27393
21490 58125
21491 54048
21492 59176
21493 54056
21494 17192
21495 25363
21496 28513
21497 37936
21498 27265
21499 27401
21500 49952
21501 49960
21502 25370
21503 25416
21504 50077
21505 40496
21506 20257
21507 37924
21508 39456
21509 54056
21510 54060
21511 53781
21512 64288
21513 27424
21514 38452
21515 49948
21516 49952
21517 25368
21518 39968
21519 63272
21520 49944
21521 25352
21522 53025
21523 53788
21524 58136
21525 58145
21526 62240
21527 37664
21528 40736
21529 56105
21530 53781
21531 17168
21532 25376
21533 54053
21534 19240
21535 39969
21536 58136
21537 25370
21538 19232
21539 54049
21540 17168
21541 54072
21542 49949
21543 49952
21544 49944
21545 38688
21546 27280
21547 49920
21548 53793
21549 62381
21550 37932
21551 40736
21552 33576
21553 49948
21554 25370
21555 65313
21556 25408
21557 37152
21558 25377
21559 28449
21560 58253
21561 37680
21562 57121
21563 54056
21564 40496
21565 54049
21566 38188
21567 17153
21568 50024
21569 58169
21570 58145
21571 57121
21572 58208
21573 21281
21574 54072
21575 53792
21576 27521
21577 19233
21578 28577
21579 38688
21580 49952
21581 864
21582 37664
21583 59169
21584 51968
21585 25370
21586 17184
21587 17176
21588 17192
21589 25354
21590 37920
21591 37920
21592 25370
21593 25370
21594 25370
21595 25370
21596 54060
21597 55080
21598 49952
21599 27393
21600 58208
21601 19233
21602 27401
21603 39968
21604 25370
21605 49952
21606 39988
21607 58144
21608 58144
21609 63273
21610 55096
21611 20257
21612 58113
21613 25368
21614 18217
21615 60192
21616 57121
21617 63272
21618 59178
21619 51969
21620 27425
21621 19233
21622 25370
21623 17192
21624 56096
21625 40496
21626 58245
21627 55072
21628 58144
21629 51968
21630 55073
21631 58152
21632 27425
21633 19200
21634 54173
21635 40480
21636 17161
21637 61216
21638 25368
21639 50077
21640 49952
21641 51968
21642 19201
21643 27457
21644 62349
21645 25368
21646 25371
21647 38184
21648 27489
21649 54056
21650 55073
21651 39972
21652 49960
21653 38176
21654 25377
21655 25408
21656 27393
21657 26403
21658 55081
21659 27425
21660 49961
21661 37920
21662 58120
21663 25370
21664 27393
21665 19201
21666 49945
21667 39457
21668 60256
21669 25434
21670 25370
21671 55081
21672 25370
21673 52000
21674 49953
21675 25361
21676 54049
21677 39968
21678 25370
21679 25370
21680 58113
21681 53820
21682 56864
21683 56097
21684 25384
21685 55096
21686 37672
21687 25347
21688 25377
21689 39984
21690 38432
21691 27393
21692 17152
21693 49936
21694 19217
21695 58112
21696 49948
21697 54048
21698 25344
21699 53820
21700 17184
21701 19232
21702 40224
21703 25344
21704 53793
21705 53556
21706 62248
21707 25370
21708 50077
21709 58144
21710 62349
21711 55080
21712 17208
21713 59169
21714 37928
21715 55072
21716 54173
21717 39456
21718 54060
21719 25384
21720 25370
21721 25386
21722 60192
21723 37920
21724 54056
21725 54072
21726 38712
21727 57121
21728 50076
21729 25370
21730 38712
21731 58112
21732 17200
21733 58138
21734 38712
21735 25370
21736 25368
21737 19200
21738 57120
21739 25370
21740 27425
21741 59177
21742 38188
21743 58145
21744 25370
21745 25370
21746 39736
21747 49949
21748 38689
21749 27408
21750 37920
21751 25371
21752 60192
21753 25376
21754 37672
21755 17192
21756 5473
21757 39972
21758 54072
21759 25370
21760 25384
21761 25368
21762 37412
21763 37920
21764 49953
21765 55072
21766 40481
21767 49953
21768 54049
21769 57121
21770 25385
21771 25376
21772 5473
21773 25384
21774 19241
21775 38688
21776 17177
21777 25370
21778 28521
21779 17208
21780 25440
21781 25368
21782 28449
21783 25344
21784 39737
21785 58144
21786 39968
21787 25347
21788 25376
21789 4896
21790 37688
21791 28641
21792 39980
21793 54816
21794 25384
21795 54057
21796 58145
21797 17176
21798 40480
21799 28417
21800 25370
21801 28513
21802 54173
21803 25377
21804 25384
21805 25386
21806 25384
21807 49952
21808 62365
21809 49976
21810 17160
21811 62304
21812 58144
21813 59232
21814 55080
21815 50077
21816 49960
21817 61216
21818 39984
21819 28641
21820 19233
21821 54049
21822 28577
21823 40481
21824 53812
21825 25352
21826 53820
21827 60193
21828 54057
21829 37424
21830 58120
21831 54048
21832 58208
21833 25376
21834 49953
21835 27393
21836 50077
21837 56097
21838 54061
21839 54049
21840 58139
21841 54072
21842 56097
21843 53796
21844 63328
21845 56104
21846 54044
21847 54064
21848 49952
21849 40480
21850 38696
21851 54056
21852 37688
21853 60192
21854 54173
21855 25371
21856 60192
21857 54056
21858 55073
21859 49944
21860 52000
21861 37672
21862 57129
21863 17184
21864 53308
21865 37920
21866 37688
21867 38176
21868 62240
21869 40224
21870 56097
21871 57128
21872 54073
21873 25370
21874 52000
21875 40225
21876 49953
21877 25440
21878 60192
21879 25370
21880 38176
21881 25371
21882 55080
21883 37688
21884 57120
21885 25370
21886 27392
21887 54056
21888 39968
21889 53917
21890 58154
21891 37920
21892 864
21893 54056
21894 53916
21895 49952
21896 27425
21897 55073
21898 54044
21899 55856
21900 49978
21901 38704
21902 57120
21903 39968
21904 25344
21905 38180
21906 25344
21907 37920
21908 61216
21909 17177
21910 17185
21911 37152
21912 27393
21913 37436
21914 60192
21915 19224
21916 58216
21917 59232
21918 25376
21919 55072
21920 59169
21921 40224
21922 49944
21923 54056
21924 58216
21925 56065
21926 58144
21927 25370
21928 25370
21929 57129
21930 37665
21931 25370
21932 54048
21933 37920
21934 37668
21935 19208
21936 54049
21937 17184
21938 17185
21939 54048
21940 61217
21941 25370
21942 55073
21943 38689
21944 40224
21945 58209
21946 25353
21947 49961
21948 54049
21949 39968
21950 40736
21951 25370
21952 25376
21953 25371
21954 58136
21955 54056
21956 28577
21957 25369
21958 39968
21959 25370
21960 25370
21961 53792
21962 25371
21963 56097
21964 38696
21965 38688
21966 25370
21967 27424
21968 28481
21969 58145
21970 39984
21971 54048
21972 39456
21973 25418
21974 27456
21975 19240
21976 25370
21977 62349
21978 19209
21979 18208
21980 25376
21981 49949
21982 27425
21983 55081
21984 37944
21985 37688
21986 37920
21987 864
21988 25417
21989 25368
21990 39968
21991 38176
21992 54056
21993 49953
21994 27488
21995 25377
21996 19217
21997 58154
21998 54024
21999 25370
22000 38689
22001 27432
22002 54049
22003 54048
22004 25384
22005 59169
22006 25368
22007 27425
22008 59168
22009 17152
22010 54048
22011 37672
22012 54072
22013 26400
22014 26377
22015 25370
22016 58241
22017 17184
22018 49960
22019 19232
22020 50077
22021 25403
22022 25384
22023 25370
22024 25371
22025 17192
22026 25346
22027 25376
22028 38688
22029 65313
22030 25448
22031 40480
22032 54072
22033 53909
22034 17185
22035 25370
22036 56096
22037 49944
22038 25354
22039 17200
22040 25360
22041 17192
22042 25377
22043 39972
22044 25385
22045 25377
22046 37920
22047 25402
22048 25370
22049 19232
22050 37920
22051 25368
22052 25384
22053 54072
22054 49953
22055 25370
22056 808
22057 25377
22058 37940
22059 38688
22060 49952
22061 25377
22062 25384
22063 39972
22064 52016
22065 52001
22066 6945
22067 55080
22068 37920
22069 53808
22070 49952
22071 38704
22072 60200
22073 816
22074 39968
22075 25345
22076 39972
22077 38712
22078 49953
22079 28545
22080 54112
22081 17208
22082 55072
22083 38176
22084 25363
22085 25346
22086 28641
22087 25371
22088 37920
22089 25371
22090 58155
22091 25402
22092 38180
22093 51992
22094 37160
22095 26401
22096 27425
22097 37920
22098 17185
22099 27393
22100 27393
22101 25377
22102 25384
22103 59176
22104 38176
22105 52008
22106 19201
22107 25377
22108 37688
22109 25344
22110 19216
22111 54072
22112 55080
22113 38448
22114 25376
22115 51000
22116 19232
22117 60193
22118 55073
22119 25346
22120 54172
22121 28641
22122 25352
22123 53820
22124 50077
22125 26401
22126 55096
22127 60048
22128 53796
22129 39712
22130 27425
22131 49952
22132 25344
22133 58208
22134 49976
22135 25345
22136 25352
22137 51985
22138 54048
22139 54056
22140 27425
22141 55081
22142 49944
22143 58145
22144 37948
22145 52001
22146 38452
22147 25354
22148 54044
22149 50077
22150 28449
22151 40224
22152 54173
22153 58155
22154 56073
22155 40232
22156 19233
22157 56096
22158 58112
22159 38712
22160 37664
22161 54072
22162 49920
22163 54040
22164 58145
22165 40233
22166 37920
22167 55084
22168 37920
22169 54044
22170 58152
22171 54056
22172 62304
22173 61217
22174 54049
22175 56073
22176 56097
22177 39968
22178 17192
22179 27424
22180 17208
22181 25384
22182 28449
22183 19233
22184 49944
22185 25345
22186 39968
22187 58137
22188 28513
22189 19241
22190 55073
22191 49945
22192 57120
22193 39992
22194 54065
22195 54048
22196 40232
22197 40736
22198 27393
22199 40480
22200 19240
22201 25371
22202 37672
22203 25370
22204 25434
22205 40500
22206 54173
22207 40736
22208 25376
22209 25434
22210 51977
22211 38176
22212 27264
22213 17184
22214 19233
22215 63264
22216 62349
22217 25370
22218 39968
22219 25385
22220 25377
22221 19232
22222 52000
22223 52000
22224 49813
22225 54048
22226 25386
22227 17184
22228 58144
22229 58144
22230 27425
22231 38180
22232 54056
22233 50069
22234 38704
22235 25387
22236 62240
22237 25370
22238 53917
22239 51968
22240 27432
22241 60192
22242 38176
22243 58145
22244 17168
22245 37924
22246 39976
22247 60257
22248 40224
22249 39968
22250 57120
22251 60200
22252 27424
22253 53300
22254 54049
22255 63265
22256 60192
22257 52000
22258 37940
22259 17208
22260 62349
22261 56097
22262 27456
22263 49948
22264 58137
22265 25370
22266 40504
22267 27393
22268 25448
22269 25361
22270 58144
22271 37664
22272 25370
22273 49952
22274 25370
22275 26385
22276 25403
22277 58139
22278 27392
22279 25369
22280 49960
22281 25370
22282 25371
22283 54157
22284 60256
22285 25370
22286 37944
22287 25441
22288 19785
22289 39988
22290 40481
22291 38240
22292 49961
22293 37412
22294 40224
22295 59168
22296 27280
22297 26400
22298 54049
22299 54173
22300 19241
22301 25370
22302 51000
22303 54057
22304 54048
22305 55073
22306 25361
22307 58113
22308 25387
22309 54056
22310 59169
22311 25345
22312 25352
22313 25370
22314 50077
22315 27392
22316 53916
22317 25368
22318 58145
22319 60256
22320 52001
22321 50069
22322 50076
22323 56104
22324 49961
22325 53788
22326 27424
22327 38704
22328 62365
22329 38184
22330 49952
22331 58113
22332 39968
22333 53793
22334 25354
22335 25368
22336 27425
22337 39968
22338 39968
22339 27400
22340 25403
22341 53780
22342 53300
22343 62365
22344 54049
22345 60256
22346 25441
22347 25370
22348 19240
22349 19201
22350 49976
22351 54053
22352 25370
22353 61281
22354 49952
22355 57128
22356 25377
22357 25377
22358 17208
22359 54072
22360 55080
22361 58152
22362 25434
22363 38696
22364 51000
22365 17160
22366 17192
22367 19241
22368 58138
22369 54056
22370 49952
22371 58136
22372 37920
22373 25370
22374 58217
22375 60161
22376 49937
22377 49944
22378 27425
22379 49968
22380 55072
22381 60193
22382 25368
22383 17176
22384 25371
22385 37920
22386 38176
22387 63328
22388 49952
22389 49969
22390 53793
22391 58113
22392 39737
22393 58144
22394 39736
22395 37920
22396 55072
22397 27424
22398 40736
22399 49944
22400 49920
22401 40496
22402 39968
22403 59168
22404 37920
22405 25377
22406 49952
22407 49960
22408 37920
22409 26394
22410 25370
22411 17185
22412 49976
22413 25418
22414 28449
22415 63328
22416 49936
22417 39988
22418 17192
22419 25352
22420 28577
22421 39968
22422 27424
22423 25354
22424 25370
22425 54049
22426 25370
22427 55080
22428 25344
22429 25353
22430 27424
22431 816
22432 58168
22433 56096
22434 27424
22435 57121
22436 37688
22437 25370
22438 25441
22439 25376
22440 38176
22441 55864
22442 37948
22443 27424
22444 49921
22445 49968
22446 53789
22447 49953
22448 53812
22449 54049
22450 58144
22451 27264
22452 54060
22453 53540
22454 28481
22455 53916
22456 38704
22457 37940
22458 38696
22459 62365
22460 27400
22461 58144
22462 50077
22463 38696
22464 49976
22465 25384
22466 58264
22467 40737
22468 62349
22469 37944
22470 25440
22471 49960
22472 56088
22473 53792
22474 62253
22475 37672
22476 38688
22477 54064
22478 38697
22479 52001
22480 25376
22481 62240
22482 56096
22483 56096
22484 21281
22485 53909
22486 50977
22487 37665
22488 49960
22489 58112
22490 20265
22491 58269
22492 38696
22493 25370
22494 54072
22495 9056
22496 17176
22497 59169
22498 37432
22499 52001
22500 60321
22501 58144
22502 56097
22503 49928
22504 62241
22505 25370
22506 49945
22507 55088
22508 54056
22509 49952
22510 49960
22511 28577
22512 54072
22513 49944
22514 55072
22515 49953
22516 40736
22517 58216
22518 53780
22519 19233
22520 25441
22521 50077
22522 25370
22523 52000
22524 25384
22525 37920
22526 49821
22527 39480
22528 49978
22529 54056
22530 55073
22531 37920
22532 25370
22533 62349
22534 27393
22535 27433
22536 25355
22537 59194
22538 51976
22539 37672
22540 25370
22541 52001
22542 53024
22543 56120
22544 25370
22545 62365
22546 59169
22547 40480
22548 63329
22549 38436
22550 25344
22551 19232
22552 25376
22553 25440
22554 49952
22555 25376
22556 58137
22557 54048
22558 38184
22559 52008
22560 49960
22561 27393
22562 54040
22563 55081
22564 25346
22565 37920
22566 54049
22567 53300
22568 808
22569 39968
22570 60256
22571 25345
22572 62349
22573 25370
22574 49960
22575 51976
22576 38688
22577 49944
22578 27425
22579 54057
22580 19232
22581 60200
22582 19201
22583 25370
22584 38688
22585 54077
22586 17177
22587 26465
22588 58112
22589 19232
22590 49953
22591 28489
22592 25370
22593 25384
22594 25370
22595 58144
22596 37688
22597 58144
22598 25370
22599 40737
22600 40736
22601 49952
22602 49968
22603 37152
22604 37160
22605 58144
22606 49945
22607 25370
22608 25354
22609 25370
22610 56104
22611 50077
22612 52001
22613 25345
22614 49953
22615 37920
22616 37920
22617 17192
22618 49821
22619 17184
22620 52001
22621 26411
22622 58144
22623 57121
22624 54056
22625 27401
22626 27425
22627 52000
22628 58218
22629 38432
22630 39720
22631 58144
22632 38456
22633 52000
22634 6945
22635 25386
22636 54173
22637 60200
22638 54173
22639 53788
22640 25368
22641 58144
22642 25368
22643 58264
22644 38689
22645 17161
22646 58144
22647 56065
22648 25448
22649 54045
22650 27433
22651 58152
22652 39972
22653 49953
22654 54052
22655 54057
22656 25370
22657 54173
22658 58152
22659 54049
22660 17208
22661 54057
22662 54049
22663 25370
22664 25371
22665 49953
22666 50077
22667 49813
22668 25377
22669 25371
22670 54048
22671 59169
22672 55080
22673 50077
22674 58269
22675 25370
22676 58154
22677 25408
22678 25370
22679 54048
22680 19201
22681 25400
22682 54048
22683 25368
22684 26409
22685 25370
22686 54056
22687 54072
22688 55080
22689 25377
22690 49961
22691 33576
22692 25370
22693 2848
22694 17208
22695 25368
22696 58144
22697 25344
22698 19240
22699 52008
22700 25368
22701 37920
22702 54048
22703 58153
22704 40500
22705 56097
22706 58145
22707 25344
22708 25416
22709 40736
22710 25440
22711 58121
22712 25345
22713 25360
22714 37664
22715 59176
22716 37920
22717 39972
22718 49944
22719 25376
22720 54112
22721 25370
22722 25371
22723 38712
22724 58145
22725 57128
22726 55096
22727 28577
22728 39972
22729 25370
22730 27425
22731 49953
22732 40496
22733 17160
22734 40480
22735 39968
22736 27392
22737 55084
22738 37920
22739 38176
22740 38432
22741 25368
22742 49961
22743 33576
22744 49953
22745 60161
22746 54056
22747 25346
22748 58120
22749 25416
22750 54036
22751 49960
22752 49821
22753 17169
22754 54056
22755 39996
22756 55073
22757 58269
22758 28513
22759 38188
22760 28489
22761 38448
22762 25376
22763 17168
22764 63329
22765 52000
22766 54072
22767 58112
22768 39972
22769 25370
22770 49952
22771 49952
22772 58120
22773 49961
22774 49953
22775 63273
22776 60193
22777 54056
22778 17185
22779 49920
22780 37676
22781 38688
22782 54073
22783 38176
22784 54064
22785 38688
22786 55080
22787 19209
22788 58245
22789 50077
22790 54056
22791 17184
22792 54056
22793 25344
22794 19224
22795 38688
22796 62365
22797 54044
22798 54024
22799 52000
22800 49976
22801 37160
22802 25371
22803 57129
22804 25369
22805 54049
22806 57120
22807 58121
22808 40736
22809 49976
22810 62248
22811 56097
22812 54057
22813 55080
22814 61345
22815 57121
22816 57121
22817 55072
22818 27433
22819 27433
22820 49952
22821 38184
22822 49969
22823 49952
22824 40737
22825 60192
22826 57121
22827 25376
22828 25376
22829 27489
22830 37436
22831 58113
22832 58264
22833 59178
22834 25408
22835 49960
22836 864
22837 49821
22838 58120
22839 39968
22840 38177
22841 52000
22842 25370
22843 25376
22844 25368
22845 54816
22846 62241
22847 49953
22848 55073
22849 36924
22850 59232
22851 39712
22852 55856
22853 57121
22854 49952
22855 54072
22856 26385
22857 58144
22858 39968
22859 25434
22860 58209
22861 25384
22862 54048
22863 33576
22864 38712
22865 54056
22866 37436
22867 27520
22868 54048
22869 19233
22870 39712
22871 25368
22872 54056
22873 19233
22874 38688
22875 55072
22876 38444
22877 54048
22878 28449
22879 53025
22880 25402
22881 49960
22882 54049
22883 62240
22884 62240
22885 39968
22886 50076
22887 54056
22888 26401
22889 25384
22890 36924
22891 54064
22892 58113
22893 52000
22894 49952
22895 2849
22896 63265
22897 40736
22898 27392
22899 49953
22900 25370
22901 37920
22902 25385
22903 19232
22904 38704
22905 52001
22906 54072
22907 54840
22908 58144
22909 57121
22910 37920
22911 19233
22912 58152
22913 49936
22914 39996
22915 26401
22916 17184
22917 25353
22918 55096
22919 27393
22920 25344
22921 55081
22922 25376
22923 50976
22924 9056
22925 56105
22926 54045
22927 25370
22928 49976
22929 63328
22930 25368
22931 54172
22932 39480
22933 38688
22934 52008
22935 54036
22936 38696
22937 801
22938 19201
22939 19216
22940 17184
22941 25347
22942 39713
22943 58120
22944 54061
22945 17208
22946 49952
22947 25387
22948 53308
22949 38688
22950 25344
22951 63265
22952 54817
22953 58168
22954 27424
22955 49945
22956 39972
22957 57121
22958 54056
22959 38696
22960 50077
22961 27425
22962 37928
22963 37920
22964 56864
22965 54049
22966 19232
22967 51969
22968 7716
22969 58144
22970 49952
22971 60193
22972 49976
22973 58137
22974 62241
22975 25418
22976 27393
22977 25441
22978 39968
22979 40224
22980 60192
22981 25344
22982 58152
22983 38457
22984 801
22985 61217
22986 58144
22987 37664
22988 25368
22989 49953
22990 58152
22991 49976
22992 25345
22993 33592
22994 39968
22995 55073
22996 19201
22997 27425
22998 57121
22999 19232
23000 25354
23001 39472
23002 60193
23003 25370
23004 55081
23005 37672
23006 55073
23007 808
23008 37940
23009 37920
23010 38452
23011 19241
23012 25440
23013 54173
23014 25370
23015 27432
23016 55072
23017 53796
23018 49976
23019 25360
23020 37920
23021 53812
23022 49921
23023 37920
23024 39988
23025 49812
23026 54057
23027 54072
23028 7205
23029 54040
23030 37688
23031 19233
23032 37920
23033 19088
23034 56104
23035 28641
23036 54044
23037 53540
23038 50069
23039 37676
23040 54029
23041 37920
23042 17192
23043 57120
23044 60256
23045 17177
23046 37432
23047 38432
23048 25377
23049 58145
23050 40508
23051 27393
23052 37920
23053 25368
23054 39968
23055 55080
23056 25377
23057 17177
23058 36924
23059 25371
23060 25370
23061 26409
23062 54077
23063 49953
23064 38688
23065 38688
23066 25448
23067 26472
23068 25361
23069 40224
23070 58141
23071 19088
23072 62240
23073 49960
23074 49812
23075 58144
23076 57120
23077 55840
23078 25384
23079 27264
23080 49949
23081 55080
23082 49976
23083 62241
23084 49953
23085 51977
23086 58136
23087 62248
23088 37428
23089 49949
23090 58112
23091 38688
23092 38188
23093 57706
23094 25370
23095 25370
23096 62349
23097 55072
23098 25368
23099 38688
23100 54048
23101 56073
23102 19201
23103 54072
23104 59169
23105 49960
23106 37688
23107 60160
23108 49960
23109 49944
23110 49937
23111 25387
23112 25370
23113 39968
23114 54049
23115 21288
23116 38184
23117 40744
23118 38688
23119 58121
23120 49952
23121 25370
23122 25384
23123 59168
23124 58144
23125 26465
23126 62349
23127 17208
23128 56097
23129 54076
23130 25385
23131 38184
23132 55080
23133 54112
23134 54048
23135 56097
23136 54072
23137 57120
23138 25370
23139 17184
23140 54056
23141 61217
23142 57121
23143 17192
23144 38188
23145 61281
23146 37944
23147 17184
23148 54072
23149 65377
23150 54048
23151 54036
23152 20257
23153 20257
23154 28577
23155 53792
23156 61217
23157 55080
23158 19232
23159 60192
23160 37920
23161 25353
23162 54173
23163 53917
23164 19200
23165 37920
23166 60160
23167 58241
23168 60257
23169 53909
23170 25371
23171 39968
23172 25400
23173 19200
23174 17184
23175 49928
23176 49961
23177 58154
23178 39737
23179 49968
23180 37436
23181 54048
23182 27425
23183 37920
23184 27424
23185 49936
23186 49977
23187 64288
23188 54173
23189 55080
23190 25376
23191 55097
23192 54048
23193 17176
23194 56105
23195 25370
23196 54064
23197 58139
23198 37920
23199 49976
23200 53788
23201 25361
23202 25370
23203 55080
23204 37920
23205 49949
23206 25345
23207 54056
23208 39472
23209 54076
23210 37680
23211 25360
23212 52001
23213 55081
23214 25376
23215 54173
23216 55073
23217 54036
23218 27425
23219 25352
23220 25353
23221 19232
23222 28577
23223 39968
23224 51985
23225 17184
23226 17208
23227 40232
23228 55072
23229 17184
23230 54173
23231 54056
23232 25344
23233 25376
23234 37688
23235 38696
23236 27400
23237 54048
23238 37920
23239 49945
23240 25376
23241 52008
23242 25370
23243 38696
23244 39968
23245 25371
23246 53032
23247 28577
23248 25370
23249 50077
23250 37924
23251 54064
23252 4896
23253 37688
23254 49960
23255 49921
23256 37920
23257 54049
23258 26401
23259 18209
23260 53025
23261 25370
23262 50977
23263 25370
23264 54072
23265 25384
23266 62365
23267 54056
23268 25355
23269 40496
23270 59169
23271 49944
23272 49944
23273 25386
23274 58264
23275 54057
23276 58120
23277 58141
23278 37920
23279 58144
23280 55080
23281 25377
23282 27392
23283 51985
23284 57121
23285 38688
23286 19240
23287 25371
23288 25400
23289 49978
23290 49952
23291 25402
23292 60192
23293 38456
23294 25450
23295 17184
23296 38176
23297 37436
23298 62349
23299 49952
23300 52000
23301 37940
23302 17208
23303 55080
23304 25408
23305 25370
23306 54044
23307 52000
23308 50977
23309 58121
23310 51856
23311 54072
23312 53556
23313 54072
23314 59241
23315 25370
23316 49952
23317 55073
23318 17208
23319 58245
23320 40224
23321 57120
23322 25370
23323 50076
23324 50016
23325 19232
23326 27400
23327 25370
23328 38176
23329 25370
23330 38240
23331 54048
23332 27296
23333 19233
23334 25370
23335 37688
23336 27433
23337 58241
23338 25370
23339 55080
23340 27496
23341 25370
23342 54076
23343 25370
23344 19201
23345 25370
23346 25387
23347 58136
23348 38457
23349 54036
23350 64289
23351 39972
23352 62240
23353 25368
23354 61281
23355 17208
23356 49960
23357 49953
23358 37936
23359 37176
23360 25402
23361 54049
23362 52000
23363 54072
23364 19201
23365 25400
23366 55096
23367 27392
23368 8992
23369 49952
23370 37920
23371 17184
23372 58144
23373 25355
23374 17184
23375 27264
23376 28577
23377 58152
23378 28641
23379 57121
23380 25418
23381 26377
23382 26409
23383 27496
23384 51968
23385 39968
23386 55084
23387 25371
23388 49976
23389 25362
23390 56064
23391 40744
23392 25370
23393 54056
23394 25400
23395 49977
23396 25345
23397 25370
23398 25371
23399 28521
23400 25377
23401 49960
23402 25370
23403 62381
23404 59169
23405 39972
23406 52008
23407 25368
23408 58112
23409 53820
23410 25376
23411 58144
23412 25370
23413 54056
23414 49976
23415 25416
23416 54076
23417 27264
23418 49945
23419 49960
23420 25370
23421 37160
23422 25376
23423 58120
23424 54072
23425 52000
23426 58264
23427 49952
23428 19232
23429 54056
23430 19216
23431 4897
23432 60257
23433 54072
23434 49944
23435 40496
23436 19248
23437 62217
23438 27392
23439 62249
23440 50072
23441 58153
23442 49960
23443 49920
23444 54048
23445 56097
23446 58145
23447 49968
23448 54173
23449 51000
23450 40504
23451 60160
23452 40224
23453 38712
23454 51968
23455 25400
23456 25370
23457 54040
23458 17192
23459 54173
23460 49921
23461 49968
23462 53812
23463 54076
23464 25354
23465 25416
23466 55080
23467 40232
23468 62349
23469 54048
23470 39200
23471 58208
23472 40736
23473 56097
23474 808
23475 38184
23476 38176
23477 49953
23478 28449
23479 57121
23480 60192
23481 26369
23482 36924
23483 54057
23484 60321
23485 25371
23486 54057
23487 58144
23488 59177
23489 27432
23490 62349
23491 28641
23492 57120
23493 28513
23494 49960
23495 54048
23496 55072
23497 49953
23498 61217
23499 25385
23500 28577
23501 19208
23502 39712
23503 25370
23504 54056
23505 53812
23506 40508
23507 25377
23508 26465
23509 54056
23510 27432
23511 2848
23512 40737
23513 17208
23514 864
23515 55080
23516 25344
23517 58253
23518 58144
23519 49976
23520 25370
23521 38688
23522 49977
23523 25370
23524 40744
23525 54072
23526 17152
23527 25344
23528 27392
23529 37688
23530 54048
23531 49977
23532 17184
23533 27393
23534 25344
23535 62349
23536 53808
23537 54173
23538 58241
23539 38712
23540 17176
23541 27400
23542 49952
23543 49813
23544 39968
23545 25352
23546 58152
23547 58208
23548 54049
23549 52000
23550 25403
23551 57121
23552 38688
23553 25370
23554 60256
23555 27401
23556 37920
23557 25370
23558 2849
23559 49937
23560 58253
23561 55081
23562 58144
23563 60257
23564 55096
23565 55073
23566 25370
23567 62365
23568 19233
23569 63264
23570 37676
23571 52001
23572 25418
23573 54173
23574 50984
23575 25376
23576 25362
23577 60192
23578 49937
23579 55072
23580 51992
23581 54056
23582 19240
23583 49952
23584 49976
23585 39968
23586 49944
23587 54065
23588 25370
23589 61281
23590 58136
23591 58170
23592 49952
23593 25345
23594 28641
23595 58153
23596 49936
23597 25377
23598 25347
23599 58218
23600 28577
23601 25370
23602 55073
23603 52001
23604 25370
23605 58144
23606 17185
23607 54048
23608 50984
23609 56105
23610 58136
23611 25370
23612 27400
23613 49976
23614 54157
23615 25353
23616 54049
23617 49952
23618 59169
23619 54048
23620 52016
23621 26411
23622 38688
23623 27392
23624 49944
23625 54056
23626 54072
23627 58268
23628 17185
23629 49945
23630 58145
23631 54057
23632 9056
23633 25352
23634 55080
23635 54173
23636 25400
23637 27424
23638 19241
23639 17176
23640 54032
23641 37436
23642 54016
23643 52000
23644 38712
23645 52001
23646 55072
23647 27416
23648 54073
23649 55072
23650 25377
23651 38460
23652 56073
23653 25370
23654 27393
23655 25370
23656 27425
23657 56104
23658 25370
23659 58253
23660 38688
23661 54041
23662 25377
23663 50077
23664 37664
23665 25370
23666 37688
23667 54189
23668 17184
23669 49961
23670 55088
23671 49945
23672 25377
23673 25370
23674 38177
23675 25370
23676 58112
23677 25371
23678 60321
23679 25368
23680 17185
23681 58144
23682 26400
23683 39968
23684 25370
23685 52008
23686 54048
23687 60161
23688 60193
23689 25368
23690 19241
23691 63273
23692 26401
23693 54072
23694 53793
23695 5473
23696 27424
23697 25368
23698 54049
23699 17208
23700 54048
23701 25344
23702 37688
23703 40497
23704 58153
23705 25370
23706 54048
23707 26401
23708 62248
23709 40504
23710 25360
23711 60192
23712 17208
23713 37920
23714 25440
23715 25370
23716 25368
23717 25440
23718 49813
23719 25370
23720 28481
23721 54072
23722 49929
23723 25370
23724 37920
23725 40736
23726 27521
23727 54328
23728 19241
23729 28481
23730 38180
23731 52001
23732 49976
23733 37924
23734 17256
23735 50077
23736 37924
23737 25368
23738 25377
23739 49953
23740 25377
23741 39720
23742 54048
23743 28513
23744 58113
23745 27401
23746 58137
23747 59192
23748 49944
23749 58144
23750 53025
23751 27264
23752 49952
23753 25344
23754 19200
23755 25370
23756 38180
23757 37664
23758 37664
23759 25370
23760 25345
23761 51976
23762 58208
23763 27433
23764 49953
23765 27392
23766 58112
23767 37688
23768 56097
23769 57121
23770 37920
23771 36924
23772 37688
23773 19225
23774 56112
23775 59169
23776 49949
23777 50076
23778 49960
23779 49944
23780 37672
23781 25370
23782 50076
23783 54048
23784 25448
23785 37688
23786 37920
23787 49936
23788 25448
23789 53300
23790 52000
23791 19200
23792 27392
23793 49960
23794 40744
23795 58253
23796 25368
23797 55072
23798 19232
23799 39713
23800 40224
23801 54057
23802 59169
23803 27425
23804 55080
23805 54172
23806 49952
23807 53788
23808 54056
23809 50077
23810 54044
23811 49945
23812 17185
23813 17192
23814 38697
23815 54069
23816 49976
23817 56097
23818 61217
23819 50077
23820 27264
23821 53917
23822 37688
23823 49949
23824 49976
23825 49953
23826 27424
23827 38688
23828 49945
23829 49953
23830 25370
23831 54056
23832 60192
23833 49928
23834 26400
23835 58137
23836 54049
23837 49944
23838 49813
23839 53808
23840 55073
23841 38188
23842 37672
23843 17185
23844 17185
23845 49960
23846 50076
23847 26465
23848 49952
23849 58208
23850 9056
23851 49953
23852 56097
23853 25370
23854 54173
23855 49813
23856 58269
23857 17193
23858 58145
23859 54044
23860 50076
23861 50076
23862 58145
23863 25416
23864 55080
23865 38176
23866 52000
23867 58144
23868 53820
23869 50984
23870 25384
23871 27393
23872 50077
23873 38712
23874 55072
23875 28417
23876 38696
23877 40224
23878 40500
23879 61217
23880 63265
23881 17184
23882 26465
23883 25368
23884 49944
23885 40233
23886 25344
23887 56065
23888 25370
23889 50077
23890 25370
23891 49952
23892 37688
23893 40224
23894 27416
23895 49952
23896 54072
23897 18209
23898 53789
23899 54077
23900 49936
23901 19208
23902 56073
23903 40233
23904 49968
23905 25371
23906 49976
23907 49976
23908 54056
23909 62248
23910 50076
23911 56097
23912 38696
23913 25370
23914 56096
23915 49821
23916 49952
23917 40233
23918 61217
23919 25432
23920 56097
23921 39972
23922 19233
23923 52000
23924 55084
23925 17184
23926 40225
23927 27424
23928 58144
23929 17184
23930 17200
23931 50076
23932 38176
23933 52000
23934 54072
23935 37676
23936 49928
23937 20257
23938 58208
23939 56096
23940 54048
23941 49976
23942 28577
23943 49952
23944 54065
23945 49960
23946 54048
23947 54029
23948 27553
23949 50068
23950 27496
23951 59232
23952 58125
23953 28641
23954 55073
23955 49812
23956 49921
23957 27520
23958 27393
23959 17152
23960 27265
23961 58144
23962 54065
23963 25400
23964 19233
23965 49961
23966 59168
23967 25345
23968 25370
23969 37920
23970 58268
23971 61217
23972 49920
23973 25434
23974 25370
23975 2848
23976 25370
23977 19224
23978 25370
23979 37920
23980 54056
23981 25370
23982 25371
23983 52000
23984 4897
23985 19224
23986 54049
23987 25400
23988 25370
23989 49978
23990 19240
23991 38696
23992 25368
23993 52009
23994 37672
23995 17169
23996 63265
23997 25370
23998 54173
23999 49944
24000 25370
24001 49952
24002 25370
24003 62365
24004 54045
24005 58152
24006 17192
24007 17192
24008 50077
24009 25448
24010 25370
24011 58152
24012 61216
24013 37424
24014 19208
24015 58139
24016 25353
24017 60256
24018 25345
24019 53032
24020 54048
24021 58169
24022 54072
24023 54056
24024 38176
24025 27393
24026 37672
24027 62241
24028 58145
24029 25370
24030 17208
24031 55080
24032 25370
24033 54048
24034 55840
24035 56120
24036 25370
24037 54072
24038 55080
24039 25368
24040 39712
24041 25370
24042 19208
24043 26403
24044 54053
24045 25376
24046 63264
24047 54076
24048 56064
24049 25368
24050 49960
24051 25361
24052 60200
24053 25370
24054 25387
24055 25370
24056 58145
24057 64289
24058 25370
24059 37688
24060 25363
24061 25370
24062 25370
24063 58209
24064 25371
24065 58216
24066 19785
24067 37920
24068 27424
24069 27392
24070 25368
24071 49960
24072 55072
24073 25384
24074 40737
24075 54048
24076 38688
24077 57121
24078 54112
24079 53308
24080 25370
24081 49969
24082 55080
24083 17184
24084 25370
24085 33576
24086 49960
24087 17185
24088 25448
24089 60192
24090 25370
24091 55072
24092 52000
24093 58144
24094 25384
24095 55088
24096 25370
24097 38184
24098 19224
24099 27425
24100 19201
24101 40508
24102 27392
24103 25360
24104 25352
24105 38688
24106 52008
24107 58241
24108 58208
24109 25400
24110 25370
24111 55096
24112 38688
24113 49968
24114 37688
24115 53788
24116 58144
24117 25370
24118 50077
24119 19201
24120 25370
24121 53556
24122 57121
24123 55072
24124 25386
24125 54172
24126 54048
24127 53560
24128 27424
24129 58153
24130 39968
24131 55096
24132 25370
24133 17184
24134 27392
24135 17192
24136 38712
24137 25384
24138 25370
24139 52009
24140 38696
24141 25370
24142 49960
24143 54072
24144 25347
24145 27392
24146 25345
24147 25370
24148 25370
