# .PCD v0.7 - Point Cloud Data file format
VERSION 0.7
FIELDS x y z rgb edge
SIZE 4 4 4 4 4
TYPE F F F F F
COUNT 1 1 1 1 1
WIDTH 15506
HEIGHT 1
VIEWPOINT 0 0 0 1 0 0 0
POINTS 15506
DATA ascii
0.993471 0.754273 0.496756 16776959 0.000433
0.900744 0.720615 0.450926 16579835 0.000344
0.003486 0.796813 0.468676 12040119 0.994351
0.508449 0.499461 0.525401 16119029 0.000870
0.956229 0.244117 0.476515 12499901 0.006962
0.716044 0.668905 0.489396 16777215 0.000126
0.988594 0.276602 0.501042 16776703 0.000755
0.559994 0.668615 0.482995 16777215 0.000201
0.588532 0.254543 0.500117 8421760 0.012001
0.983315 0.475867 0.535896 16382713 0.096937
0.604750 0.245633 0.499286 9211019 0.009361
0.442499 0.718563 0.497457 16777215 0.001575
0.917484 0.249258 0.547426 16777215 0.000537
0.709037 0.444157 0.464054 12171705 0.492097
0.905558 0.507018 0.473476 16777215 0.001397
0.746342 0.281297 0.497856 16777215 0.002204
0.946839 0.203028 0.501234 6645348 0.000900
0.377073 0.755181 0.496835 13093063 0.014213
0.833555 0.286352 0.499723 16776702 0.004604
0.108722 0.233896 0.493882 11316396 0.011766
0.987838 0.244985 0.500497 15855600 0.004033
0.004593 0.208466 0.461290 10132636 0.758204
0.981479 0.697796 0.493588 15066339 0.004466
0.520839 0.794429 0.500407 11185065 0.001762
0.064440 0.744277 0.496958 12171705 0.005575
0.965206 0.251064 0.548566 16777215 0.028208
0.942687 0.795280 0.501711 9737620 0.001924
0.006025 0.391748 0.512271 12237497 0.006009
0.493335 0.510725 0.450974 12829635 0.000102
0.380604 0.703858 0.497332 16777215 0.001291
0.165849 0.654731 0.497129 16777215 0.000326
0.120719 0.748541 0.505542 16777215 0.001071
0.965247 0.777331 0.497497 14013653 0.015345
0.853353 0.318704 0.479215 16777215 0.000989
0.852718 0.664681 0.498086 16185592 0.001352
0.078131 0.727131 0.508411 13882579 0.006398
0.115677 0.681129 0.483773 16777215 0.000103
0.319831 0.202526 0.500504 7895158 0.000437
0.622764 0.265909 0.500816 13882579 0.005933
0.403612 0.797220 0.499236 11514032 0.000401
0.957561 0.785146 0.498820 10198172 0.008713
0.965006 0.355639 0.489534 16513786 0.001023
0.172474 0.246493 0.499308 16777215 0.002188
0.777455 0.270449 0.494110 16777215 0.003322
0.872792 0.677441 0.489379 13092808 0.004288
0.039695 0.773582 0.504815 12040376 0.010992
0.971421 0.465362 0.513549 10329502 0.050115
0.117086 0.417818 0.480763 16777215 0.000475
0.018739 0.212220 0.496836 8750468 0.003659
0.009378 0.557005 0.497904 12369082 0.065717
0.250873 0.672992 0.488272 16777215 0.000117
0.889196 0.203271 0.469162 6776679 0.009888
0.032070 0.382261 0.501732 16777215 0.015034
0.837669 0.746070 0.497992 16777215 0.002606
0.031206 0.271091 0.545407 16777215 0.516023
0.409186 0.786274 0.483946 11316653 0.048338
0.622937 0.210768 0.511600 9078664 0.000576
0.080185 0.740497 0.498099 16777215 0.002461
0.574458 0.620053 0.493836 16777215 0.000075
0.965220 0.762526 0.454014 16316663 0.003564
0.097109 0.796230 0.452288 16777215 0.919761
0.696104 0.267351 0.497014 13158601 0.004620
0.963775 0.759386 0.501333 16777215 0.013360
0.582561 0.795992 0.462615 11118763 0.981627
0.153647 0.796221 0.501118 12434877 0.000269
0.863422 0.674131 0.540008 16777215 0.000267
0.365756 0.599144 0.494580 16777215 0.000542
0.938018 0.745170 0.551930 16777215 0.003114
0.614601 0.795828 0.498805 10527137 0.000787
0.775347 0.764760 0.496182 12237753 0.019825
0.948848 0.695993 0.488920 16777215 0.002431
0.011962 0.750002 0.523952 12500670 0.351868
0.016508 0.691656 0.453853 16777215 0.003006
0.463949 0.256610 0.498679 16777215 0.004099
0.072752 0.764070 0.545981 16777215 0.000570
0.980985 0.745958 0.484656 14671325 0.004186
0.061165 0.224582 0.451170 16777215 0.011112
0.319094 0.752115 0.493150 16777215 0.003086
0.862486 0.705630 0.499074 16777215 0.004252
0.773611 0.705963 0.496029 13487563 0.002249
0.494764 0.505065 0.494868 16777215 0.000175
0.592074 0.562323 0.507961 16777215 0.000067
0.746172 0.408521 0.496633 16777215 0.001843
0.941533 0.646273 0.497874 7500402 0.025649
0.748728 0.437850 0.517108 16777215 0.000871
0.143527 0.244701 0.499247 16251127 0.003282
0.146214 0.337096 0.476549 16777215 0.000267
0.636251 0.578758 0.494184 16777215 0.000096
0.307856 0.259011 0.495583 16777215 0.002899
0.545258 0.546421 0.494187 16777215 0.000021
0.449775 0.525192 0.506940 16119541 0.000691
0.624161 0.697018 0.483748 15724783 0.000762
0.537636 0.729569 0.501462 11579568 0.006626
0.803753 0.722150 0.496778 14343644 0.003673
0.272310 0.669463 0.482372 16777215 0.000049
0.493548 0.234203 0.489679 11316396 0.021891
0.433452 0.621432 0.493617 16777215 0.000167
0.079604 0.209340 0.500514 9013641 0.000120
0.120997 0.286553 0.477007 16777215 0.000225
0.327660 0.201114 0.499909 8290174 0.000030
0.889459 0.703688 0.490646 16777215 0.001106
0.130163 0.683835 0.489745 16777215 0.000165
0.185738 0.330353 0.487622 16777215 0.000277
0.487958 0.691748 0.497714 16777215 0.000149
0.674130 0.795176 0.468314 10395550 0.011934
0.132986 0.288222 0.511521 16777215 0.000328
0.057737 0.638221 0.500642 16777215 0.002319
0.904605 0.651465 0.498509 10921638 0.004866
0.230528 0.738848 0.464632 16777215 0.000244
0.310623 0.224427 0.518960 14869218 0.123875
0.012305 0.771582 0.509717 12105912 0.009864
0.305928 0.696599 0.483741 16777215 0.000481
0.593328 0.737981 0.500642 16777215 0.002224
0.559159 0.762981 0.526973 10921638 0.021889
0.246917 0.295034 0.495464 15856370 0.000542
0.963906 0.732293 0.515626 16777215 0.010465
0.345863 0.754250 0.501063 13355723 0.013638
0.309447 0.477835 0.453297 10066070 0.308660
0.005971 0.748690 0.497766 10526623 0.000855
0.407731 0.200859 0.500006 7895416 0.000111
0.545597 0.272486 0.496918 14145496 0.005523
0.886972 0.750244 0.502436 16777215 0.007506
0.993545 0.244365 0.492599 16513785 0.000744
0.007804 0.206716 0.457613 16777215 0.804498
0.807619 0.743733 0.509192 12632256 0.010840
0.860322 0.796099 0.501282 10000793 0.000242
0.916306 0.273058 0.490128 11777204 0.021550
0.244009 0.201301 0.499649 8355710 0.000111
0.178030 0.794257 0.500116 12500927 0.000338
0.018003 0.761887 0.499420 13158857 0.002523
0.354124 0.200646 0.500196 7960953 0.000086
0.036495 0.343547 0.500533 16777215 0.014483
0.938851 0.270368 0.496955 14935010 0.023592
0.996255 0.796193 0.488586 15658478 0.890165
0.214702 0.721121 0.497575 16777215 0.001344
0.405352 0.746265 0.479208 13948116 0.006158
0.706527 0.230023 0.500732 8355711 0.012080
0.013110 0.262182 0.496457 12829378 0.004026
0.401979 0.209288 0.501341 8816262 0.000082
0.874121 0.782924 0.500210 12237500 0.007569
0.951827 0.275503 0.502493 15592940 0.010344
0.634904 0.220378 0.499449 8289917 0.005678
0.031000 0.703711 0.499894 16777215 0.742166
0.995740 0.671173 0.493771 16645883 0.000224
0.005611 0.308799 0.494294 10527137 0.000415
0.481592 0.492482 0.514344 12763840 0.001753
0.954952 0.488423 0.501036 16777215 0.009639
0.308260 0.431716 0.518338 15000547 0.003111
0.143501 0.795360 0.516884 13290186 0.000195
0.806032 0.325028 0.496798 12369084 0.004078
0.006270 0.771938 0.497188 10855589 0.001358
0.022369 0.754939 0.495379 12895428 0.015829
0.954694 0.244484 0.452729 16777215 0.003207
0.842112 0.292961 0.495410 16777215 0.000485
0.098778 0.728417 0.487988 16777215 0.001200
0.267839 0.308572 0.496168 16777215 0.000392
0.873754 0.302522 0.515341 16777215 0.001830
0.995985 0.765352 0.517800 16513786 0.000981
0.773882 0.201193 0.500243 7040107 0.000198
0.372390 0.255567 0.494352 16448249 0.002744
0.028390 0.348503 0.548777 16777215 0.728340
0.613531 0.757680 0.461688 16777215 0.000435
0.066014 0.795210 0.492188 11974070 0.001461
0.958843 0.205891 0.504605 6711143 0.000762
0.484066 0.685247 0.445744 16777215 0.000137
0.057267 0.796128 0.499210 12895428 0.001040
0.086447 0.270559 0.499142 13750995 0.001157
0.761613 0.791656 0.499393 10724259 0.001607
0.040514 0.205643 0.498047 9013642 0.000784
0.915176 0.401424 0.490402 15066853 0.001563
0.668282 0.212616 0.502102 9342607 0.001732
0.016052 0.768728 0.505086 10132121 0.004790
0.238777 0.795118 0.500053 12566976 0.000728
0.817557 0.779414 0.480149 12566206 0.025226
0.643970 0.277220 0.490473 16777215 0.001753
0.082874 0.716558 0.470144 15461354 0.000984
0.450997 0.275174 0.495629 12895428 0.006295
0.094011 0.703457 0.489405 16777215 0.000335
0.955017 0.501342 0.501565 8026746 0.065343
0.058644 0.591308 0.500906 16777215 0.012229
0.004807 0.794170 0.494333 11448238 0.024766
0.621666 0.712849 0.507476 13487566 0.003194
0.500520 0.323346 0.495871 16777215 0.001185
0.431790 0.202713 0.499844 7303280 0.000856
0.050429 0.254472 0.499830 16777215 0.005820
0.960250 0.224911 0.462742 15724271 0.004376
0.122303 0.751448 0.449537 16777215 0.000176
0.720096 0.206963 0.499257 6974313 0.000152
0.247434 0.221211 0.501339 14933983 0.004596
0.301074 0.270730 0.496438 16777215 0.000864
0.560768 0.690097 0.489285 16777215 0.000471
0.091365 0.618911 0.490617 16777215 0.000271
0.004040 0.642410 0.492875 10461599 0.000942
0.282316 0.435443 0.539356 10527137 0.672842
0.407876 0.225733 0.516866 11776947 0.022275
0.046041 0.781946 0.495879 13487568 0.025910
0.912719 0.239784 0.498475 13093064 0.004505
0.753394 0.223434 0.501498 6513249 0.016190
0.398213 0.246508 0.496298 10461088 0.010916
0.130969 0.665849 0.493606 16777215 0.000391
0.092459 0.343082 0.500196 16777215 0.000668
0.006615 0.244181 0.491403 10526879 0.012871
0.095867 0.795388 0.503301 12763845 0.000328
0.757610 0.216550 0.500655 8486013 0.005287
0.385768 0.797859 0.499546 11711153 0.000316
0.226542 0.746409 0.486940 16777215 0.000358
0.349725 0.796072 0.501483 11908533 0.000516
0.540878 0.728777 0.496812 15132647 0.003952
0.071001 0.204699 0.500465 9013641 0.000212
0.295897 0.230832 0.498251 11711410 0.006693
0.844015 0.251320 0.497099 15001829 0.002366
0.966105 0.795075 0.498806 9605778 0.004422
0.345063 0.306454 0.493688 16777215 0.000175
0.833285 0.216256 0.501576 6711393 0.002000
0.985527 0.206070 0.536082 16777215 0.208916
0.632155 0.685467 0.539779 16777215 0.000028
0.632137 0.313353 0.493486 16777215 0.000363
0.599630 0.308190 0.470527 16777215 0.000304
0.929302 0.256944 0.497616 10461600 0.017363
0.038446 0.392359 0.508540 16514043 0.012163
0.117532 0.242033 0.496757 16777215 0.000868
0.185552 0.361231 0.500013 16777215 0.000143
0.004412 0.700971 0.494751 10460831 0.000742
0.350820 0.735099 0.497488 16777215 0.004971
0.048371 0.729894 0.495561 11316652 0.004367
0.543288 0.203228 0.500619 7039593 0.000852
0.645800 0.631538 0.498409 16777215 0.000223
0.956287 0.287760 0.548163 16777215 0.004473
0.685715 0.796089 0.500110 10790052 0.000268
0.128073 0.202678 0.500865 8947591 0.000329
0.171157 0.246667 0.501456 11975095 0.002767
0.004342 0.365001 0.493202 10197658 0.001550
0.198400 0.265065 0.497605 16777215 0.000992
0.003333 0.204105 0.488909 10263708 0.893707
0.904748 0.337189 0.456099 16777215 0.000099
0.994617 0.255387 0.492819 16776957 0.000734
0.036345 0.290315 0.480992 16777215 0.001370
0.142807 0.661094 0.474684 16777215 0.000091
0.714882 0.445852 0.488884 10724002 0.511648
0.171958 0.704595 0.490073 16777215 0.000791
0.223324 0.232598 0.499582 15066596 0.006760
0.012907 0.603215 0.499852 10132120 0.008496
0.958670 0.681840 0.500000 16777215 0.013765
0.038483 0.725262 0.500635 16777215 0.013473
0.010859 0.795543 0.537942 16777215 0.980263
0.044781 0.226818 0.493814 16185846 0.025892
0.113136 0.731793 0.496074 16580350 0.001074
0.713907 0.321394 0.496800 16777215 0.000439
0.160658 0.296651 0.490266 16777215 0.000096
0.008631 0.639969 0.499932 12369084 0.007876
0.936244 0.277672 0.493530 14803938 0.020949
0.034068 0.795419 0.520820 13158601 0.005690
0.143102 0.224714 0.500870 16777215 0.007259
0.994010 0.754488 0.494965 16382201 0.000060
0.989614 0.258644 0.499687 16777215 0.000344
0.859933 0.245075 0.546332 16777215 0.000127
0.092808 0.222604 0.504065 12697790 0.000969
0.995055 0.204295 0.529828 16777215 0.971475
0.003881 0.203229 0.454064 8684417 0.950536
0.974055 0.282435 0.548955 16777215 0.942196
0.974599 0.787000 0.498960 13291468 0.006356
0.990402 0.795791 0.496740 8882310 0.008077
0.979485 0.487537 0.482329 16777215 0.000678
0.017045 0.205306 0.475057 8750725 0.001017
0.037862 0.224064 0.545796 16777215 0.007769
0.970909 0.764869 0.455166 16645371 0.000287
0.948384 0.760213 0.500611 16777215 0.011063
0.217908 0.796160 0.506135 12303291 0.000150
0.923187 0.710435 0.546614 16777215 0.000186
0.570239 0.796982 0.499565 11185067 0.000305
0.007531 0.754344 0.457807 15790575 0.549057
0.040801 0.702655 0.454462 16777215 0.000051
0.137967 0.719224 0.547452 16777215 0.000008
0.984540 0.739054 0.501600 16777215 0.001312
0.117192 0.242690 0.449858 16777215 0.000121
0.322126 0.206558 0.499904 8618882 0.000026
0.600994 0.767879 0.479553 16777215 0.022139
0.190153 0.298345 0.536032 16777215 0.000016
0.233197 0.228853 0.506350 15856370 0.089007
0.019942 0.760765 0.539609 16777215 0.021697
0.560222 0.743323 0.508916 16777215 0.000717
0.008781 0.680471 0.474307 9737107 0.007043
0.993124 0.229377 0.479806 16777215 0.000570
0.037428 0.212979 0.456320 16777215 0.310070
0.994264 0.200775 0.484605 4934474 0.982474
0.997247 0.798162 0.484254 11710898 0.996732
0.370389 0.752559 0.448603 16777215 0.000027
0.960433 0.243511 0.453592 16777215 0.000589
0.904792 0.500665 0.453144 16711422 0.000008
0.491679 0.623586 0.451207 16777215 0.000004
0.059892 0.795601 0.501287 12895428 0.000483
0.045298 0.206070 0.501284 9210764 0.000327
0.297213 0.795568 0.500059 12106168 0.000192
0.772220 0.786942 0.476647 13092807 0.000645
0.003044 0.797292 0.491373 11974069 0.993936
0.984338 0.214552 0.455998 16777215 0.031503
0.004402 0.648545 0.494370 10526880 0.000220
0.030740 0.794394 0.472068 12369084 0.088645
0.007220 0.242674 0.491233 10461343 0.002584
0.275897 0.798404 0.499402 12303291 0.000044
0.019203 0.204289 0.526901 8947590 0.016717
0.194718 0.203580 0.477130 8158589 0.000148
0.002295 0.202253 0.481765 9802901 0.989617
0.887708 0.389568 0.454126 16777215 0.000014
0.994608 0.270174 0.493068 16777215 0.000052
0.053077 0.328180 0.472648 16777215 0.000053
0.012229 0.745691 0.537892 16777215 0.071358
0.025569 0.219002 0.526391 16777215 0.954800
0.008044 0.680442 0.499132 12105912 0.001883
0.068739 0.795670 0.500261 12632257 0.000426
0.113407 0.492704 0.545766 16777215 0.000010
0.714005 0.674294 0.537380 16777215 0.000011
0.896176 0.582870 0.519974 16777215 0.000022
0.902344 0.652341 0.453338 16777215 0.000007
0.582937 0.508400 0.471529 16777215 0.000004
0.321434 0.340595 0.473662 16777215 0.000006
0.003042 0.242648 0.455062 10263965 0.932085
0.823300 0.652280 0.449334 16777215 0.000007
0.538395 0.349306 0.491894 16777215 0.000003
0.728192 0.671300 0.453801 16777215 0.000005
0.799960 0.233992 0.518265 16777215 0.000350
0.695626 0.730189 0.501041 16777215 0.000083
0.033260 0.313064 0.477578 16777215 0.000431
0.847890 0.231114 0.518216 15527405 0.006064
0.979041 0.730635 0.486330 15264491 0.000319
0.147658 0.667602 0.525966 16777215 0.000005
0.828790 0.209238 0.535527 10920870 0.884162
0.965280 0.501266 0.465266 16777215 0.000030
0.145748 0.396724 0.455972 16777215 0.000002
0.148468 0.739348 0.541464 16777215 0.000005
0.906009 0.758706 0.460895 16053751 0.000093
0.829540 0.238063 0.498231 14936293 0.000500
0.996329 0.783956 0.521931 16777215 0.016613
0.834013 0.735896 0.448065 16777215 0.000008
0.003212 0.796562 0.522017 12368828 0.996652
0.991337 0.340690 0.498729 16777215 0.000036
0.984470 0.463798 0.515678 16251127 0.058894
0.903289 0.259558 0.547913 16777215 0.000035
0.694951 0.467423 0.455934 8421503 0.512330
0.916243 0.202417 0.500580 6776935 0.000264
0.004685 0.202058 0.453880 2959915 0.963137
0.979137 0.203985 0.546020 16777215 0.996418
0.967355 0.796933 0.538204 9934486 0.162229
0.005537 0.420018 0.512131 11514288 0.003064
0.193058 0.738951 0.511323 16777215 0.000090
0.941345 0.761908 0.495459 16383999 0.028891
0.968437 0.795503 0.501908 9539985 0.004302
0.978446 0.484925 0.496190 16777215 0.000011
0.012444 0.206047 0.515611 9342348 0.000817
0.023802 0.214671 0.546776 16777215 0.685341
0.004498 0.796489 0.453165 16777215 0.961286
0.967178 0.753690 0.503337 16777215 0.006420
0.241486 0.796592 0.501277 12237497 0.000057
0.835042 0.658132 0.550799 16777215 0.000011
0.944456 0.757176 0.548709 16777215 0.000315
0.730299 0.795879 0.499716 10790052 0.000230
0.049078 0.670503 0.464899 16777215 0.000044
0.054584 0.733629 0.544518 16777215 0.000078
0.975570 0.723918 0.490929 16316408 0.000110
0.037125 0.205796 0.453040 16777215 0.928769
0.282913 0.744012 0.500327 16777215 0.000355
0.720526 0.559456 0.457810 13816530 0.132930
0.223131 0.320236 0.453240 16777215 0.000003
0.299343 0.291163 0.527575 16777215 0.000016
0.006730 0.773839 0.478107 10658209 0.001057
0.993555 0.228964 0.478772 16777215 0.000328
0.028666 0.204084 0.452891 15132134 0.996019
0.883903 0.792677 0.486925 10066329 0.000133
0.997994 0.202090 0.475405 14277335 0.980737
0.165843 0.202199 0.500056 8882056 0.000031
0.033034 0.374464 0.500349 16777215 0.002317
0.994644 0.790409 0.492494 16053749 0.024332
0.042054 0.731475 0.509359 16777215 0.093086
0.005476 0.373565 0.496284 10461086 0.001128
0.074093 0.796659 0.529108 13224393 0.000058
0.971078 0.229041 0.454735 16777214 0.000735
0.997970 0.717916 0.524179 16777215 0.047033
0.442866 0.653823 0.469214 16777215 0.000006
0.058982 0.786908 0.498508 12961734 0.001351
0.036667 0.209894 0.501139 9013900 0.000261
0.386675 0.795584 0.499308 11382187 0.000197
0.022000 0.776922 0.484767 11382443 0.022287
0.370032 0.202328 0.499828 7763830 0.000089
0.995822 0.205355 0.498058 16645628 0.022018
0.021134 0.795023 0.527402 14014167 0.001375
0.006944 0.282950 0.500383 10987433 0.000320
0.422451 0.797284 0.500131 11777203 0.000134
0.447784 0.793779 0.469495 11118760 0.000614
0.976971 0.795524 0.469016 9342606 0.041526
0.991987 0.202702 0.509171 6184798 0.979066
0.631294 0.655571 0.535781 16777215 0.000007
0.577922 0.329254 0.478618 16777215 0.000018
0.049048 0.382860 0.499653 16777215 0.000128
0.005640 0.670420 0.494058 10592928 0.000115
0.926300 0.254336 0.543454 16777215 0.000658
0.078576 0.204832 0.521880 9408655 0.000063
0.044388 0.320666 0.534523 16777215 0.823463
0.004707 0.203833 0.467945 9802900 0.925381
0.082018 0.300331 0.474822 16777215 0.000054
0.023664 0.796645 0.546757 16777215 0.994839
0.631544 0.339876 0.500689 16777215 0.000012
0.020160 0.797071 0.544895 14408923 0.991672
0.963031 0.340161 0.540568 16777215 0.470807
0.990376 0.746125 0.527356 16777215 0.004237
0.840688 0.662756 0.457917 16777215 0.000006
0.981270 0.264861 0.504070 16777215 0.012792
0.979666 0.230569 0.521114 16777215 0.008739
0.002696 0.219325 0.454495 9408398 0.980279
0.976346 0.787138 0.498312 13750736 0.008625
0.417327 0.797328 0.500092 11974582 0.000102
0.984411 0.797902 0.538081 6184542 0.965501
0.894876 0.731595 0.503381 16777215 0.001241
0.345473 0.795968 0.500010 11974582 0.000043
0.930162 0.686818 0.548415 16777215 0.000120
0.065321 0.676819 0.459742 16777215 0.000007
0.078593 0.714186 0.524748 16777215 0.000013
0.212263 0.267842 0.449946 16777215 0.000007
0.256313 0.330691 0.525732 16777215 0.000003
0.993370 0.215901 0.496778 16777215 0.001247
0.222417 0.206585 0.457704 16118006 0.951977
0.996871 0.201056 0.495568 8750212 0.995359
0.995681 0.796929 0.529381 15526890 0.995247
0.947963 0.260946 0.452397 16777215 0.000246
0.496336 0.592367 0.484735 16777215 0.000002
0.043940 0.794647 0.483788 12369085 0.000673
0.020973 0.204873 0.517775 9343118 0.000189
0.343856 0.795145 0.499149 11711154 0.000087
0.002696 0.797301 0.500736 11645619 0.921280
0.985405 0.203754 0.453639 14079702 0.995963
0.006336 0.744932 0.468613 10658467 0.010431
0.007644 0.238260 0.494571 10855844 0.000751
0.875760 0.310572 0.545294 16777215 0.000035
0.162549 0.201692 0.500091 8750468 0.000021
0.058741 0.278366 0.523483 16777215 0.717174
0.003844 0.211085 0.522680 10921638 0.618953
0.833445 0.412395 0.454479 16777215 0.000004
0.995759 0.223540 0.520952 16777215 0.000239
0.110208 0.382159 0.480623 16777215 0.000009
0.104238 0.795071 0.475415 12237497 0.000246
0.962405 0.303585 0.541219 16777215 0.001081
0.786777 0.662546 0.544837 16777215 0.000003
0.073062 0.202284 0.542919 8026746 0.014392
0.005619 0.579416 0.480332 9013386 0.118478
0.851061 0.604521 0.458205 16777215 0.000001
0.765391 0.655529 0.452473 16777215 0.000002
0.008680 0.291633 0.452728 16777215 0.610876
0.795379 0.233561 0.515569 13816530 0.002736
0.989948 0.715970 0.475910 16513789 0.000047
0.129761 0.558889 0.518781 16777215 0.000003
0.115933 0.200365 0.546158 8618882 0.963338
0.127407 0.209849 0.491407 9276555 0.000106
0.010396 0.327314 0.491162 10855845 0.000180
0.277448 0.739487 0.550183 16777215 0.000001
0.848818 0.798244 0.465479 10000536 0.001157
0.863540 0.209487 0.546856 16777215 0.952451
0.005814 0.493739 0.502497 11053225 0.000490
0.330863 0.686624 0.455094 16777215 0.000001
0.577687 0.646439 0.472898 16777215 0.000003
0.100099 0.552245 0.480484 16777215 0.000044
0.372145 0.484411 0.508246 16777215 0.000002
0.466277 0.676686 0.486835 16777215 0.000009
0.445689 0.442103 0.527419 16777215 0.000001
0.458899 0.379158 0.498582 16777215 0.000007
0.369344 0.275282 0.530936 16777215 0.000042
0.286222 0.296618 0.460685 16777215 0.000006
0.109300 0.202556 0.525917 8947848 0.000075
0.811844 0.329807 0.532971 16777215 0.000006
0.445341 0.334146 0.507189 16777215 0.000004
0.351741 0.667058 0.532497 16777215 0.000002
0.910632 0.525003 0.536236 16777215 0.000019
0.737396 0.672436 0.519147 16777215 0.000011
0.955950 0.492767 0.497726 16777215 0.000028
0.312272 0.662776 0.515473 16777215 0.000011
0.481772 0.499266 0.500964 16777215 0.000002
0.410352 0.491565 0.466801 16777215 0.000002
0.917429 0.579699 0.541451 16777215 0.000035
0.166221 0.666134 0.452209 16777215 0.000002
0.025900 0.436064 0.478848 16777215 0.001771
0.126883 0.518169 0.462327 16777215 0.000002
0.540673 0.504110 0.505218 16777215 0.000000
0.843276 0.598722 0.545882 16777215 0.000010
0.232431 0.334749 0.537553 16777215 0.000002
0.562645 0.245734 0.479294 16777215 0.007956
0.072241 0.381775 0.452891 16777215 0.000000
0.003531 0.353066 0.520281 11053224 0.002262
0.228841 0.357679 0.448181 16777215 0.000001
0.187122 0.367683 0.504051 16777215 0.000036
0.010936 0.597125 0.467729 16053747 0.016348
0.398623 0.326013 0.451204 16777215 0.000000
0.860309 0.794973 0.529976 10263451 0.000403
0.331120 0.367781 0.478167 16777215 0.000001
0.737339 0.584343 0.505340 16777215 0.000006
0.511797 0.391850 0.483697 16777215 0.000002
0.325166 0.322485 0.547334 16777215 0.000000
0.772398 0.256346 0.450827 16777215 0.000003
0.504587 0.455543 0.507019 16777215 0.000001
0.705836 0.632607 0.452582 16777215 0.000031
0.005896 0.530805 0.508294 10921893 0.000679
0.752087 0.329908 0.537428 16777215 0.000004
0.843938 0.205078 0.547978 16777215 0.985605
0.605683 0.239669 0.464985 16777215 0.000521
0.552239 0.795525 0.468522 11513518 0.003251
0.920383 0.358726 0.459274 16777215 0.000004
0.726197 0.667189 0.485470 16777215 0.000005
0.104557 0.458771 0.539114 16777215 0.000001
0.739827 0.600488 0.449058 16777215 0.001411
0.391161 0.630985 0.542207 16777215 0.000003
0.435638 0.609763 0.515736 16777215 0.000008
0.091476 0.533364 0.482294 16777215 0.000021
0.420678 0.492844 0.505383 16777215 0.000002
0.432867 0.572154 0.478191 16777215 0.000002
0.255833 0.285671 0.546944 16777215 0.000002
0.484333 0.235243 0.499904 16777215 0.000131
0.245834 0.327859 0.471754 16777215 0.000002
0.864053 0.585783 0.474262 16777215 0.000005
0.106548 0.582441 0.452637 16777215 0.000003
0.703255 0.335022 0.477507 16777215 0.000004
0.493027 0.366480 0.514514 16777215 0.000005
0.049375 0.698042 0.470212 16777215 0.000063
0.482504 0.636764 0.530997 16777215 0.000004
0.619098 0.501345 0.490377 16777215 0.000009
0.910029 0.489766 0.485014 16777215 0.000012
0.380036 0.644048 0.528481 16777215 0.000002
0.545804 0.456235 0.490377 16777215 0.000002
0.616085 0.515449 0.543588 16777215 0.000000
0.136739 0.341430 0.534974 16777215 0.000002
0.417814 0.269515 0.549717 16777215 0.000001
0.502410 0.547456 0.505181 16777215 0.000003
0.603324 0.246551 0.533093 16777215 0.015668
0.601985 0.589937 0.539072 16777215 0.000001
0.870115 0.501432 0.512062 16777215 0.000032
0.310582 0.331085 0.470321 16777215 0.000001
0.753883 0.339854 0.454574 16777215 0.000001
0.409962 0.652248 0.468388 16777215 0.000001
0.872869 0.230117 0.480533 16777215 0.000603
0.873585 0.795551 0.538635 10790052 0.000935
0.005045 0.761987 0.460201 11580082 0.148009
0.010161 0.633764 0.505113 10790050 0.000490
0.801003 0.648917 0.517039 16777215 0.000013
0.958779 0.428994 0.529855 16777215 0.143982
0.061236 0.345727 0.542162 16777215 0.000007
0.642246 0.420595 0.482336 16777215 0.000008
0.872487 0.350196 0.548366 16777215 0.000005
0.849225 0.772688 0.547568 16777215 0.000002
0.327462 0.253075 0.546849 16777215 0.000001
0.606941 0.361224 0.541792 16777215 0.000000
0.757734 0.590446 0.537710 16777215 0.000045
0.324349 0.669655 0.461633 16777215 0.000001
0.422099 0.495066 0.544108 16777215 0.000000
0.498832 0.416938 0.535593 16777215 0.000002
0.876118 0.477494 0.449236 16777215 0.000004
0.004558 0.596963 0.493697 10329500 0.000101
0.669706 0.334842 0.534338 16777215 0.000001
0.566732 0.216386 0.460888 16777215 0.000047
0.400972 0.223562 0.514934 9211537 0.001131
0.829573 0.607106 0.480381 16777215 0.000009
0.956680 0.302485 0.528667 16777215 0.544347
0.006633 0.345232 0.470758 11250346 0.001403
0.105561 0.514066 0.517723 16777215 0.000001
0.642249 0.605200 0.460851 16777215 0.000009
0.758677 0.325561 0.548155 16777215 0.000000
0.988239 0.716810 0.501532 16645631 0.000034
0.993994 0.743019 0.494696 16645372 0.000031
0.885244 0.607252 0.455931 16777215 0.000007
0.046037 0.793498 0.480423 13947347 0.021505
0.714225 0.445587 0.541249 16777215 0.682401
0.871688 0.202035 0.500198 6711398 0.000157
0.004310 0.202865 0.453920 8684418 0.956159
0.498749 0.786365 0.509835 11777204 0.002374
0.982082 0.268635 0.524779 16777215 0.749334
0.960325 0.795429 0.529718 10066585 0.002434
0.531260 0.478297 0.507146 16777215 0.000012
0.454161 0.797232 0.537699 11250602 0.005912
0.022215 0.226645 0.519999 10198429 0.003433
0.016210 0.216537 0.538843 16777215 0.016862
0.934647 0.735320 0.495400 16777215 0.000421
0.059399 0.784460 0.454381 16777215 0.018064
0.869721 0.691352 0.551856 16777215 0.000005
0.933389 0.733417 0.543271 16777215 0.000160
0.005505 0.550245 0.451600 16777215 0.005604
0.155557 0.746001 0.545292 16777215 0.000007
0.708788 0.552782 0.462574 11645361 0.164330
0.004373 0.741141 0.517881 10461600 0.000334
0.993128 0.224527 0.474969 16777215 0.000160
0.943766 0.794926 0.472452 9934742 0.001249
0.984865 0.203389 0.484879 6381921 0.204380
0.996586 0.796568 0.462425 14013652 0.992306
0.994475 0.646665 0.468758 16711419 0.000042
0.001047 0.238782 0.525858 8092539 0.490728
0.943840 0.239678 0.458098 16777215 0.001228
0.974794 0.751447 0.494218 15988724 0.000078
0.107981 0.266490 0.544903 16777215 0.000010
0.068037 0.795040 0.470383 12566463 0.026342
0.027290 0.208665 0.500695 9277070 0.000120
0.853042 0.795122 0.472967 10526878 0.000479
0.001646 0.735746 0.526489 10131865 0.488003
0.152720 0.722962 0.454230 16777215 0.000006
0.008367 0.696796 0.487160 11382447 0.000328
0.007216 0.266840 0.481511 10592930 0.005956
0.504920 0.797352 0.499973 11513775 0.000025
0.269354 0.783813 0.496957 13224905 0.002103
0.994640 0.797073 0.456582 5592147 0.944912
0.996638 0.202156 0.502283 9408400 0.998135
0.921527 0.301490 0.541576 16777215 0.000938
0.050664 0.201641 0.530704 9342092 0.000117
0.066821 0.291690 0.519637 16777215 0.015686
0.007201 0.224878 0.514424 11118503 0.002032
0.849892 0.298920 0.458623 16777215 0.000006
0.996846 0.263229 0.523233 16777215 0.000156
0.037303 0.759268 0.528619 16777215 0.419686
0.012867 0.796922 0.536363 13619152 0.916708
0.995721 0.741682 0.516779 16777215 0.000146
0.828392 0.769184 0.450605 16777215 0.000006
0.942241 0.795824 0.525686 9868949 0.000516
0.979207 0.794894 0.518600 10329500 0.004864
0.225977 0.227257 0.546893 16777215 0.000211
0.901021 0.788321 0.453317 16777215 0.025690
0.216518 0.786046 0.495501 12237753 0.005623
0.925745 0.708996 0.544049 16777215 0.000030
0.063548 0.729338 0.453299 16777215 0.000004
0.219869 0.715427 0.546179 16777215 0.000001
0.094902 0.293387 0.453382 16777215 0.000004
0.021738 0.679487 0.530420 16777215 0.006310
0.992783 0.245159 0.474645 16777215 0.000326
0.994515 0.201465 0.462618 1974561 0.969637
0.996589 0.797973 0.492658 12895429 0.990471
0.942388 0.263097 0.455018 16777213 0.000136
0.074322 0.316158 0.539041 16777215 0.000028
0.045782 0.799208 0.456516 11645359 0.761649
0.036034 0.205160 0.514831 9342351 0.000058
0.003048 0.787719 0.525892 11447725 0.612967
0.012082 0.723906 0.479524 10921124 0.000449
0.017869 0.204466 0.526667 9672596 0.000802
0.005872 0.709579 0.481986 11381932 0.000342
0.907265 0.290611 0.546331 16777215 0.000026
0.110163 0.201157 0.456261 6250077 0.868360
0.006593 0.212847 0.493682 11184553 0.006982
0.994492 0.238270 0.507466 16777215 0.000029
0.967728 0.345892 0.539187 16777215 0.002247
0.004537 0.244466 0.452958 16777215 0.989615
0.908696 0.239163 0.468771 16185591 0.000812
0.004283 0.673400 0.463547 10526881 0.051038
0.044447 0.204656 0.532233 9342862 0.000501
0.872299 0.796261 0.548556 16777215 0.998900
0.005300 0.345953 0.512783 10790052 0.000456
0.837738 0.799143 0.545441 9605778 0.972912
0.984918 0.201304 0.454790 131843 0.988953
0.014213 0.584393 0.491936 11119015 0.000254
0.738199 0.211726 0.547809 16777215 0.988496
0.011001 0.468276 0.495305 9673620 0.007062
0.031406 0.774395 0.504582 13421000 0.055862
0.975326 0.203774 0.523935 6381922 0.011533
0.004343 0.203865 0.453017 16777215 0.991936
0.970136 0.301025 0.547067 16777215 0.066328
0.008035 0.205754 0.534164 16777215 0.992045
0.986611 0.703868 0.453970 16645884 0.001182
0.017177 0.795874 0.453726 16448251 0.763301
0.211868 0.786929 0.501529 12500413 0.000512
0.832826 0.655470 0.550906 16777215 0.000004
0.951122 0.758089 0.540659 16777215 0.000421
0.818815 0.796820 0.539666 11052967 0.006008
0.090628 0.204571 0.462687 8684933 0.001098
0.261827 0.795028 0.482470 12171448 0.000228
0.995524 0.744636 0.453666 16514299 0.720130
0.994023 0.553157 0.500417 16711678 0.000023
0.858437 0.227749 0.451781 16777215 0.000069
0.005494 0.797079 0.453852 11908533 0.978229
0.159122 0.256870 0.547960 16777215 0.000006
0.037340 0.794894 0.512028 13026758 0.000148
0.018917 0.727451 0.486945 10527907 0.014097
0.013543 0.635629 0.474652 11316650 0.000575
0.354185 0.795234 0.474483 12237497 0.000798
0.309668 0.793572 0.508262 12500670 0.000146
0.931966 0.249033 0.549565 16777215 0.000337
0.051415 0.289568 0.513632 16777215 0.095472
0.025118 0.792845 0.478526 12698048 0.060686
0.959333 0.228102 0.547875 16777215 0.068413
0.991452 0.793685 0.477635 11447981 0.017230
0.359631 0.797184 0.534598 11645360 0.000302
0.986223 0.793549 0.524781 12172473 0.009951
0.953168 0.617635 0.457831 16645886 0.000009
0.308615 0.795825 0.464217 11513774 0.001495
0.907016 0.719691 0.551712 16777215 0.000011
0.990612 0.203964 0.464784 8882310 0.509313
0.988554 0.796498 0.538247 16777215 0.994304
0.301476 0.795727 0.520802 11842740 0.000096
0.022626 0.769330 0.469334 13094088 0.073111
0.976563 0.214275 0.466927 16775935 0.031099
0.882721 0.347900 0.550825 16777215 0.000007
0.002889 0.668502 0.530308 16777215 0.935924
0.004439 0.211693 0.454234 15527405 0.994711
0.032716 0.206905 0.539912 9539471 0.149642
0.901409 0.796905 0.462536 9737106 0.842763
0.034108 0.329677 0.460275 16777215 0.000069
0.093994 0.203161 0.536719 9013897 0.006471
0.946585 0.778561 0.533748 16777215 0.038841
0.874125 0.792233 0.489596 10461343 0.000071
0.849793 0.787890 0.452673 16777215 0.031622
0.898684 0.225215 0.540973 16777215 0.003400
0.484891 0.628488 0.482254 16777215 0.000000
0.160747 0.217341 0.495473 10065817 0.000236
0.018515 0.525473 0.462165 16777215 0.010746
0.884778 0.462419 0.530072 16777215 0.000008
0.671463 0.639383 0.526794 16777215 0.000002
0.942247 0.794247 0.478316 10132122 0.000134
0.055042 0.473629 0.474060 16777215 0.000170
0.961526 0.617199 0.511505 16777215 0.003294
0.073072 0.794673 0.468482 12895171 0.029910
0.096423 0.794730 0.468413 12565950 0.021434
0.749824 0.668102 0.524628 16777215 0.000001
0.557847 0.298678 0.550998 16777215 0.000000
0.683398 0.786551 0.532837 16777215 0.142715
0.208970 0.382347 0.450714 16777215 0.000000
0.218725 0.220860 0.482564 16777215 0.030637
0.795051 0.218265 0.498267 12302780 0.002271
0.896912 0.795209 0.533727 10197915 0.000056
0.007499 0.635951 0.494425 11447980 0.000433
0.877104 0.748991 0.527580 16777215 0.000182
0.009045 0.607530 0.487961 10920872 0.004814
0.586570 0.794435 0.486016 12040119 0.000159
0.585112 0.222491 0.546433 16777215 0.001723
0.050538 0.329705 0.542248 16777215 0.004397
0.012720 0.523367 0.501576 10263195 0.001282
0.897913 0.445199 0.457974 16777215 0.000000
0.087119 0.580489 0.470878 16777215 0.000009
0.936582 0.647392 0.525228 16777215 0.004199
0.197061 0.720086 0.449265 16777215 0.000000
0.118708 0.650229 0.528637 16777215 0.000006
0.039103 0.451250 0.514540 16777215 0.002055
0.860504 0.791307 0.508891 11381161 0.002376
0.274562 0.786876 0.482249 11711415 0.093627
0.173003 0.328158 0.541374 16777215 0.000001
0.130066 0.735620 0.469591 16777215 0.000002
0.016840 0.393204 0.484707 10921894 0.000135
0.011138 0.361967 0.526038 16777215 0.015340
0.258433 0.788466 0.518572 12434363 0.087137
0.965554 0.318825 0.475259 16580345 0.000165
0.160422 0.361555 0.529713 16777215 0.000000
0.867276 0.347745 0.541385 16777215 0.000003
0.376172 0.244272 0.548843 16777215 0.000000
0.228107 0.272975 0.476639 16777215 0.011151
0.010624 0.581598 0.509156 10854563 0.001041
0.742237 0.239996 0.545414 16777215 0.000001
0.011514 0.296985 0.468242 12895174 0.000118
0.926199 0.683181 0.455115 16448250 0.000001
0.790612 0.790552 0.533120 10987947 0.468099
0.790581 0.676340 0.456547 16777215 0.000001
0.088353 0.234266 0.479837 16777215 0.000217
0.949066 0.689957 0.470886 16777212 0.000037
0.792870 0.795945 0.465690 9934999 0.008298
0.045296 0.616942 0.540923 16777215 0.001125
0.849937 0.227530 0.543986 16777215 0.000062
0.703202 0.332454 0.480398 16777215 0.000000
0.860766 0.597026 0.454758 16777215 0.000000
0.677490 0.207500 0.501826 7434352 0.000003
0.140880 0.221065 0.476977 16777215 0.185472
0.988534 0.630853 0.487812 16776444 0.000017
0.817090 0.224578 0.547168 16777215 0.000066
0.377341 0.774095 0.515977 16777215 0.002503
0.737431 0.722011 0.547917 16777215 0.000001
0.289418 0.217061 0.475923 16777215 0.414848
0.055773 0.204063 0.529857 9211020 0.000004
0.574326 0.501887 0.548311 16777215 0.000002
0.034175 0.535008 0.530634 16777215 0.046244
0.991062 0.674842 0.471691 16186617 0.000026
0.160440 0.573643 0.457279 16777215 0.000005
0.290830 0.723645 0.445905 16777215 0.000000
0.088928 0.559957 0.536078 16777215 0.000069
0.538053 0.292213 0.460950 16777215 0.000000
0.476667 0.209338 0.476734 6974056 0.000877
0.950043 0.483632 0.540703 16777215 0.000106
0.396510 0.602314 0.455762 16777215 0.000000
0.533540 0.643727 0.550777 16777215 0.000000
0.912068 0.245729 0.517344 16777215 0.003987
0.846787 0.483674 0.549030 16777215 0.000002
0.911407 0.446735 0.544338 16777215 0.005267
0.618396 0.654728 0.468977 16777215 0.000000
0.513299 0.241902 0.533940 16777215 0.000011
0.843450 0.370581 0.548994 16777215 0.000000
0.964028 0.582711 0.459544 16381942 0.000138
0.711944 0.224055 0.518993 7369073 0.001662
0.904697 0.219665 0.542639 16777215 0.000133
0.960652 0.689069 0.530709 16777215 0.010845
0.423901 0.303363 0.459877 16777215 0.000000
0.690116 0.376487 0.451361 16777215 0.000000
0.649926 0.215685 0.541052 16777215 0.003424
0.980529 0.605569 0.474695 16250612 0.000075
0.772309 0.331639 0.477232 16777215 0.000005
0.983419 0.533883 0.515148 16777215 0.025626
0.010906 0.433524 0.470475 12500153 0.017458
0.101082 0.513269 0.534032 16777215 0.000002
0.792536 0.769736 0.538079 16777215 0.000035
0.599038 0.496923 0.452052 16777215 0.000000
0.453490 0.787610 0.523646 11579565 0.004772
0.305466 0.639888 0.536227 16777215 0.000001
0.844779 0.560992 0.521073 16777215 0.000018
0.192094 0.209048 0.523518 8619135 0.001012
0.018242 0.349364 0.455183 16777215 0.030279
0.806259 0.787853 0.455732 16250871 0.281591
0.199933 0.255023 0.507950 16777215 0.000001
0.500497 0.581110 0.519539 16777215 0.000000
0.490249 0.666797 0.545053 16777215 0.000000
0.010443 0.582649 0.477457 10067096 0.000961
0.040104 0.558813 0.466693 16777215 0.000175
0.565516 0.618983 0.503093 16777215 0.000000
0.130897 0.794794 0.466487 12171705 0.000258
0.521368 0.697810 0.457592 16777215 0.000000
0.907345 0.792551 0.470987 10987173 0.002576
0.973576 0.411672 0.526706 16777215 0.000404
0.662111 0.788587 0.465011 15658221 0.740564
0.895401 0.507324 0.467756 16777215 0.000002
0.835586 0.790323 0.517329 10263450 0.000052
0.979047 0.559111 0.527307 16777215 0.000036
0.195147 0.787744 0.489217 12566718 0.000692
0.731292 0.317977 0.452888 16777215 0.000000
0.825635 0.228307 0.481370 16777215 0.006114
0.004432 0.628459 0.472479 9868693 0.020005
0.897541 0.583844 0.453149 16777215 0.000001
0.005127 0.442079 0.485835 10132379 0.000239
0.947760 0.209725 0.539471 16777215 0.878323
0.972465 0.537946 0.516144 16777215 0.011198
0.813104 0.329133 0.455194 16777215 0.000000
0.398945 0.767863 0.481121 14211030 0.005194
0.795335 0.206797 0.495783 7631471 0.000293
0.962209 0.408853 0.541686 16777215 0.002857
0.524851 0.371598 0.547941 16777215 0.000000
0.040607 0.566838 0.536569 16777215 0.042097
0.276605 0.667669 0.463149 16777215 0.000002
0.671638 0.257582 0.460822 16777215 0.000042
0.188386 0.774900 0.451606 16777215 0.000000
0.118705 0.549472 0.518425 16777215 0.000014
0.979382 0.485664 0.494946 16777215 0.000705
0.155501 0.656290 0.534427 16777215 0.000002
0.941289 0.221637 0.499866 16777215 0.163798
0.313919 0.775175 0.457463 16777215 0.000223
0.046114 0.490862 0.500087 16777215 0.001685
0.544583 0.337819 0.541075 16777215 0.000000
0.432387 0.341231 0.543791 16777215 0.000000
0.352532 0.663333 0.538013 16777215 0.000000
0.013653 0.556756 0.452411 16777215 0.005971
0.010008 0.567335 0.512512 11513519 0.004530
0.918476 0.476434 0.538311 16777215 0.019970
0.011003 0.405722 0.460390 14409435 0.013023
0.280493 0.255911 0.535347 16777215 0.000009
0.028384 0.353683 0.504191 16777215 0.001871
0.348485 0.248389 0.459923 16777215 0.000004
0.840899 0.478602 0.513634 16777215 0.019190
0.965928 0.572421 0.467124 16382201 0.000274
0.373954 0.526171 0.481626 16777215 0.000001
0.381209 0.479206 0.546196 16777215 0.000001
0.744489 0.232755 0.536094 16777215 0.000014
0.407535 0.226714 0.477009 16777215 0.000612
0.437110 0.200733 0.519095 8158332 0.000003
0.625262 0.309627 0.452763 16777215 0.000000
0.533270 0.254237 0.524135 16777215 0.000227
0.594387 0.790156 0.476468 11316396 0.001170
0.377565 0.790972 0.521949 12237242 0.000101
0.093935 0.794975 0.481755 12566208 0.000392
0.395438 0.208425 0.531866 8487298 0.000036
0.074682 0.240937 0.513927 10131604 0.067839
0.324992 0.214884 0.492918 8158332 0.000021
0.963172 0.514637 0.495703 16777215 0.002791
0.619647 0.298798 0.540146 16777215 0.000000
0.474808 0.778767 0.493718 11842485 0.058938
0.004823 0.486597 0.467449 10461343 0.000328
0.980572 0.565175 0.528998 16777215 0.083028
0.015832 0.460215 0.473068 9606037 0.039458
0.071300 0.519229 0.544001 16777215 0.008360
0.812015 0.786589 0.546413 16777215 0.000122
0.652412 0.748413 0.498539 16777215 0.100049
0.964954 0.514832 0.528089 16777215 0.002213
0.428894 0.245194 0.451922 16777215 0.000002
0.605246 0.323004 0.453741 16777215 0.000000
0.382660 0.789113 0.477143 11776689 0.000579
0.458816 0.716872 0.444667 16777215 0.000000
0.527938 0.248063 0.453022 16777215 0.000000
0.726547 0.723782 0.455039 16777215 0.000026
0.465689 0.631085 0.542374 16777215 0.000000
0.005966 0.583634 0.466792 10067099 0.000305
0.023686 0.543988 0.507119 11644075 0.000170
0.263215 0.233160 0.452137 16777215 0.000002
0.943617 0.424672 0.512091 16777215 0.000348
0.032744 0.574100 0.536501 16777215 0.016821
0.498130 0.358083 0.452816 16777215 0.000000
0.976416 0.403865 0.455331 16777215 0.000003
0.403905 0.510760 0.450918 16777215 0.000000
0.058446 0.492340 0.534346 16777215 0.002280
0.749520 0.786245 0.454972 16777215 0.006327
0.825807 0.696434 0.452480 16777215 0.000004
0.711128 0.446663 0.474487 12237497 0.017855
0.511574 0.493944 0.508935 16777215 0.000012
0.041907 0.333903 0.515740 16777215 0.607615
0.915253 0.776962 0.452866 16513785 0.000078
0.113656 0.793328 0.504945 12434622 0.000160
0.954316 0.695146 0.544696 16777215 0.000605
0.017079 0.585780 0.454710 16777215 0.001664
0.275481 0.214851 0.452492 16777215 0.071456
0.716837 0.555361 0.467240 10461087 0.099067
0.993934 0.213337 0.462420 16777215 0.001392
0.229463 0.204284 0.452739 16448249 0.994251
0.916507 0.795074 0.510632 10132379 0.000036
0.966463 0.780087 0.474170 16777215 0.003206
0.983631 0.627980 0.492519 16447993 0.000061
0.921765 0.230116 0.453122 16777215 0.000103
0.977461 0.758752 0.486956 14541281 0.000226
0.036227 0.205903 0.464517 9013641 0.003793
0.016291 0.786950 0.497639 12237240 0.003081
0.069685 0.616890 0.530008 16777215 0.000624
0.012139 0.534877 0.518938 11711410 0.000419
0.006962 0.224707 0.475449 10461089 0.001129
0.467459 0.796784 0.482965 11447982 0.000106
0.940284 0.782431 0.502390 9012866 0.003521
0.953772 0.260234 0.545914 16777215 0.000952
0.003116 0.203251 0.470215 9868695 0.985411
0.877528 0.347430 0.456337 16777215 0.000005
0.994198 0.234383 0.509166 16645115 0.000029
0.005833 0.737024 0.532950 16777215 0.922076
0.957268 0.256364 0.529092 16777215 0.025826
0.986594 0.773126 0.527183 16777215 0.000164
0.797742 0.261352 0.548781 16777215 0.000005
0.988077 0.273382 0.538733 16777215 0.032812
0.003329 0.203405 0.453618 10724515 0.963112
0.995809 0.296085 0.530103 16777215 0.553047
0.455285 0.796217 0.498789 11447982 0.000059
0.040762 0.275422 0.528441 16777215 0.314594
0.904549 0.741407 0.546951 16777215 0.000014
0.145586 0.339118 0.453457 16777215 0.000001
0.995375 0.206020 0.521724 16777215 0.133586
0.992395 0.795335 0.455283 15001061 0.986591
0.093242 0.338864 0.543631 16777215 0.000013
0.995453 0.231779 0.452085 16250870 0.993219
0.037269 0.203827 0.458965 8224124 0.354968
0.914507 0.314325 0.547185 16777215 0.000045
0.038330 0.310923 0.489151 16777215 0.003587
0.002762 0.202937 0.488736 9737364 0.988941
0.984900 0.256683 0.498528 16185335 0.000068
0.028155 0.772012 0.545979 16777215 0.012796
0.945724 0.342433 0.541613 16777215 0.001059
0.045613 0.205732 0.533380 8947592 0.001091
0.834074 0.241882 0.452211 16777215 0.000001
0.908424 0.766031 0.476162 15658479 0.010448
0.866905 0.267842 0.451778 16777215 0.000010
0.047776 0.206414 0.473453 9145226 0.005177
0.004785 0.295069 0.464782 10066585 0.020133
0.682431 0.664894 0.466875 16777215 0.000000
0.059777 0.209620 0.532817 11316140 0.002082
0.003138 0.288872 0.524995 12500927 0.011668
0.787817 0.206906 0.547127 16777215 0.995947
0.979491 0.764278 0.482950 16777215 0.000105
0.975317 0.218681 0.548658 16777215 0.993773
0.025706 0.212950 0.486861 9539472 0.001181
0.024266 0.203368 0.546519 16777215 0.997698
0.005092 0.739363 0.453205 16580091 0.938326
0.929219 0.751907 0.546783 16777215 0.000072
0.646744 0.795705 0.498999 10987431 0.000038
0.994263 0.223988 0.512070 16777215 0.000619
0.153411 0.201840 0.499679 8947590 0.000009
0.992579 0.740615 0.464389 16514299 0.000393
0.973834 0.652293 0.491434 16777215 0.000163
0.846058 0.217269 0.452448 16777215 0.000215
0.058903 0.355755 0.536100 16777215 0.000217
0.996533 0.204146 0.454119 16777215 0.984251
0.959534 0.798243 0.454911 7303537 0.918611
0.030634 0.204497 0.455354 10198171 0.924406
0.875791 0.305065 0.496327 16777215 0.000030
0.019999 0.789928 0.510870 12829377 0.002580
0.946248 0.269414 0.505217 16777215 0.041990
0.938974 0.795987 0.538827 10658465 0.011966
0.944995 0.783990 0.506879 12236203 0.046851
0.143198 0.782389 0.454898 16777215 0.001011
0.909531 0.644271 0.551570 16777215 0.000007
0.993143 0.217687 0.468985 16777215 0.002085
0.995383 0.201323 0.468766 4473923 0.945378
0.002909 0.671921 0.519664 10263965 0.000205
0.023339 0.256333 0.540616 16777215 0.000381
0.993327 0.209969 0.513653 16777215 0.000299
0.013172 0.656318 0.523256 16777215 0.286657
0.132204 0.205146 0.456735 12434620 0.981790
0.916951 0.797741 0.547012 12895685 0.997720
0.846364 0.781633 0.452718 16777215 0.000058
0.931640 0.226223 0.544040 16777215 0.042432
0.976670 0.360911 0.487777 16252924 0.000048
0.021415 0.566923 0.467017 16777211 0.002856
0.855679 0.795359 0.527189 10658720 0.000071
0.079588 0.665836 0.529264 16777215 0.000104
0.669396 0.788737 0.514311 10921384 0.000394
0.306162 0.362388 0.541626 16777215 0.000000
0.537817 0.227460 0.487705 16514039 0.000045
0.863732 0.783004 0.488962 10395036 0.000239
0.009179 0.641759 0.476099 10790562 0.000172
0.068193 0.434114 0.504394 16777215 0.012297
0.008416 0.551834 0.485053 11118247 0.000329
0.777042 0.238332 0.530840 16777215 0.000010
0.778348 0.570561 0.537855 16777215 0.037935
0.991895 0.704244 0.475623 16645369 0.000191
0.743851 0.795604 0.507244 10724258 0.000007
0.046375 0.405843 0.519875 16777215 0.002906
0.051735 0.447422 0.454877 16777215 0.000000
0.172916 0.426341 0.496070 16777215 0.000009
0.894044 0.794631 0.523739 10461088 0.000002
0.967225 0.313420 0.485386 16777215 0.000039
0.005413 0.203728 0.458409 8684934 0.938072
0.179540 0.204528 0.457495 14474200 0.964742
0.119038 0.604049 0.535053 16777215 0.000006
0.005256 0.378215 0.462118 9934742 0.004389
0.965288 0.574859 0.493502 16777215 0.000292
0.994266 0.230616 0.454223 16777215 0.879327
0.804214 0.716714 0.540003 16777215 0.000005
0.947733 0.245212 0.488242 16776959 0.000361
0.995663 0.202701 0.455825 8881540 0.987856
0.960911 0.240929 0.495435 16777215 0.003337
0.836273 0.315869 0.511910 16777215 0.000018
0.006744 0.744520 0.466126 10460831 0.005206
0.006417 0.280561 0.473463 10461345 0.000607
0.971745 0.646990 0.548587 16777215 0.920029
0.993101 0.364056 0.473364 16777215 0.000005
0.919778 0.201589 0.523643 7039850 0.000031
0.004144 0.203895 0.459804 9605522 0.995393
0.021089 0.231647 0.525871 16777215 0.128176
0.107046 0.204237 0.474743 9079178 0.000027
0.330354 0.215235 0.546112 16777215 0.000668
0.317020 0.796783 0.538698 11711154 0.000187
0.924763 0.731362 0.540932 16777215 0.000027
0.983804 0.792673 0.542025 16777215 0.965849
0.052963 0.213228 0.489254 9475213 0.000945
0.083564 0.205293 0.514803 9407888 0.000094
0.004425 0.542501 0.466379 10526624 0.000132
0.057571 0.495794 0.462320 16777215 0.000166
0.948788 0.504168 0.470537 16777215 0.000048
0.177500 0.766272 0.491979 13552843 0.172977
0.681264 0.710264 0.499257 16777215 0.013239
0.011818 0.459466 0.513642 12303289 0.005353
0.009801 0.754346 0.480746 11381931 0.000202
0.053030 0.598460 0.497925 16777215 0.116359
0.003516 0.442175 0.520067 10329758 0.000486
0.004938 0.565995 0.472486 10197915 0.000178
0.972365 0.703395 0.480533 16777215 0.000496
0.941922 0.630877 0.531857 16777215 0.000502
0.834144 0.793391 0.503916 10395294 0.000011
0.180528 0.365030 0.540173 16777215 0.000000
0.265871 0.785632 0.517453 12632256 0.310609
0.350963 0.303224 0.546498 16777215 0.000000
0.002413 0.299361 0.457766 10330014 0.704893
0.607215 0.787823 0.500485 10921640 0.001713
0.778278 0.787703 0.518011 9671830 0.003848
0.751118 0.784589 0.481904 10790565 0.017595
0.571055 0.210950 0.539833 6710884 0.949690
0.850929 0.277925 0.536517 16777215 0.000003
0.223767 0.787152 0.489339 12895171 0.000075
0.057588 0.219215 0.513161 16777215 0.017344
0.018802 0.306328 0.461762 16777215 0.000119
0.727550 0.787179 0.507942 11118761 0.000068
0.816507 0.794387 0.530499 9737622 0.002313
0.050809 0.563026 0.526978 16777215 0.085500
0.212713 0.212198 0.535241 8750469 0.003253
0.983080 0.656599 0.487521 16777215 0.000024
0.005542 0.253902 0.458432 11579823 0.021314
0.980780 0.501393 0.508425 16644093 0.000180
0.428574 0.214368 0.547262 16777215 0.000053
0.177486 0.793384 0.541643 15264233 0.934266
0.515860 0.229111 0.487225 9603981 0.000226
0.481806 0.212759 0.464828 16777215 0.263927
0.265588 0.791879 0.453109 16777215 0.012200
0.012089 0.412388 0.501062 10329247 0.011909
0.563559 0.643779 0.539155 16777215 0.000000
0.808177 0.348843 0.553585 16777215 0.000000
0.084839 0.202848 0.535968 9277069 0.000257
0.033860 0.474869 0.502992 13224391 0.000287
0.713897 0.780126 0.493783 11843253 0.000114
0.352814 0.212788 0.511869 9803412 0.000003
0.944225 0.489882 0.468582 16777215 0.000011
0.993178 0.512208 0.525932 16777215 0.612809
0.467818 0.213096 0.547237 16777215 0.078246
0.204878 0.612669 0.546933 16777215 0.000001
0.588545 0.788066 0.511853 12435133 0.001431
0.781891 0.288801 0.456789 16777215 0.000000
0.580862 0.253622 0.536890 16777215 0.000033
0.036693 0.434137 0.531892 16777215 0.002990
0.983468 0.504336 0.516703 16777215 0.000175
0.768253 0.256718 0.486697 16777215 0.000629
0.980135 0.422455 0.464626 16777215 0.010873
0.576915 0.716341 0.538211 16777215 0.000003
0.793232 0.771606 0.541478 16777215 0.087391
0.964450 0.201232 0.459161 5921370 0.852537
0.321442 0.212642 0.479175 7500659 0.000102
0.920269 0.703695 0.468649 16711422 0.000011
0.402517 0.206441 0.478822 8158076 0.000034
0.992156 0.480822 0.506920 16777215 0.000017
0.768800 0.225012 0.517683 16777215 0.002144
0.121199 0.432749 0.528228 16777215 0.000002
0.775200 0.271715 0.461699 16777215 0.000007
0.013703 0.591636 0.480134 9472909 0.017037
0.036437 0.325679 0.492886 14795217 0.015214
0.903265 0.557759 0.451395 16777215 0.000000
0.806905 0.787280 0.509411 11249833 0.000265
0.025047 0.384500 0.482410 16777215 0.000204
0.980823 0.710068 0.534463 16777215 0.000217
0.985533 0.384748 0.508240 16777215 0.000307
0.771121 0.261756 0.535990 16777215 0.000004
0.619381 0.347953 0.463514 16777215 0.000000
0.702463 0.241527 0.542026 16777215 0.000116
0.325699 0.779694 0.527462 11447982 0.006323
0.020233 0.529414 0.507946 16777215 0.354623
0.936199 0.430277 0.538102 16777215 0.007690
0.001902 0.442147 0.458237 10197914 0.336066
0.285023 0.234006 0.540623 16777215 0.000004
0.346219 0.792463 0.528104 13947858 0.867673
0.828164 0.219533 0.455986 16777215 0.008528
0.019648 0.437662 0.488558 12960197 0.164288
0.284860 0.254272 0.546461 16777215 0.000002
0.089143 0.212061 0.534273 9672085 0.000599
0.730805 0.789272 0.536288 13355721 0.838966
0.448680 0.268573 0.464660 16777215 0.000005
0.672419 0.791518 0.469763 11381418 0.002944
0.831810 0.786151 0.534243 10066327 0.001341
0.287140 0.203803 0.466213 8487297 0.000066
0.959585 0.548652 0.512421 16777215 0.007332
0.058557 0.545455 0.541583 16777215 0.000030
0.824401 0.758745 0.533384 16777215 0.000065
0.584357 0.215843 0.542756 16777215 0.013029
0.340701 0.229794 0.486018 13421516 0.000724
0.514492 0.231620 0.454192 16777215 0.000000
0.325022 0.249607 0.452166 16777215 0.000000
0.594929 0.799056 0.459729 10987174 0.453803
0.754362 0.796367 0.533235 10724259 0.000117
0.820195 0.203984 0.470174 6908522 0.000243
0.126469 0.773173 0.452868 16777215 0.000007
0.013550 0.418447 0.486630 10789795 0.000156
0.297945 0.263961 0.467855 16777215 0.000000
0.632045 0.258342 0.548879 16777215 0.000000
0.531485 0.585654 0.548744 16777215 0.000000
0.131478 0.530903 0.451389 16777215 0.000000
0.019607 0.505756 0.509909 12566461 0.007000
0.805280 0.795607 0.526642 10329757 0.000045
0.009949 0.522363 0.478494 9475476 0.000201
0.282846 0.798355 0.543831 13092807 0.979532
0.692366 0.393522 0.547451 16777215 0.000000
0.211888 0.201949 0.500002 8882054 0.000001
0.827097 0.501333 0.484085 16777215 0.000995
0.447061 0.679292 0.468229 16777215 0.000000
0.312377 0.208897 0.487857 8421247 0.000041
0.732486 0.797895 0.474696 10592672 0.000029
0.941567 0.469073 0.483829 16777215 0.000382
0.006046 0.441341 0.480195 10263453 0.000113
0.051967 0.796984 0.535677 13289927 0.005023
0.071695 0.435037 0.539993 16777215 0.000071
0.493090 0.279976 0.460532 16777215 0.000000
0.188440 0.784288 0.454770 16777214 0.000913
0.868284 0.413217 0.535522 16777215 0.000083
0.610984 0.230096 0.546718 16777215 0.000001
0.621302 0.215346 0.514103 7829368 0.000528
0.960768 0.517240 0.460539 16711422 0.000012
0.441093 0.785180 0.541888 16777215 0.005054
0.769702 0.247174 0.539929 16777215 0.000001
0.561656 0.408631 0.521728 16777215 0.000000
0.988498 0.411090 0.484006 16448505 0.000001
0.983333 0.604410 0.521914 16777215 0.000063
0.705882 0.380784 0.463889 16777215 0.000000
0.675820 0.742558 0.519958 16777215 0.000154
0.050110 0.461767 0.525812 16777215 0.000510
0.290588 0.758494 0.537540 16777215 0.002143
0.667297 0.220370 0.491754 8288890 0.000010
0.518222 0.648201 0.521620 16777215 0.000000
0.461350 0.206651 0.535191 8158333 0.007402
0.584602 0.778354 0.535544 16777215 0.000029
0.347900 0.762731 0.497221 16777215 0.000269
0.518703 0.795928 0.451632 16777215 0.920888
0.545035 0.210427 0.528975 7106158 0.000042
0.452516 0.672991 0.550438 16777215 0.000000
0.987140 0.488581 0.484929 16449529 0.000004
0.524217 0.200697 0.545263 6644836 0.947623
0.938319 0.500984 0.523659 16777215 0.111248
0.057402 0.425649 0.468675 16777215 0.000000
0.500166 0.490637 0.443585 16777215 0.000000
0.762820 0.763120 0.468732 16777215 0.000002
0.318856 0.784320 0.538225 16777215 0.329583
0.581225 0.203431 0.476580 7303023 0.000015
0.932946 0.680745 0.517925 16777215 0.000094
0.799069 0.770701 0.532380 16777215 0.000035
0.415078 0.210599 0.541047 6447714 0.344477
0.950855 0.426853 0.538144 16777215 0.000005
0.021981 0.319784 0.472300 16777215 0.000398
0.006895 0.638898 0.504237 10659233 0.003422
0.295619 0.243958 0.535452 16777215 0.000195
0.493750 0.779080 0.538967 16777215 0.003988
0.310085 0.475630 0.500691 16777215 0.003123
0.606439 0.796491 0.534942 11316395 0.000594
0.006885 0.758574 0.466010 10724259 0.123877
0.021086 0.575844 0.467164 11382189 0.002743
0.012849 0.441743 0.477075 9736852 0.000263
0.976404 0.428344 0.532425 16777215 0.006027
0.680559 0.791148 0.472721 11711410 0.722632
0.438477 0.533968 0.531840 16777215 0.000000
0.640252 0.767242 0.454466 16777215 0.000001
0.959615 0.570793 0.543294 16777215 0.000010
0.071344 0.507047 0.452279 16777215 0.000000
0.605092 0.690967 0.529039 16777215 0.000002
0.448707 0.794764 0.529771 10987175 0.013748
0.994368 0.632676 0.503749 16777215 0.000046
0.778143 0.796700 0.536680 10658466 0.000185
0.033718 0.282780 0.528524 16777215 0.026434
0.004534 0.542857 0.518280 10395552 0.002623
0.175286 0.208830 0.517048 9145484 0.000009
0.794111 0.409406 0.494155 16777215 0.193639
0.842804 0.337993 0.486929 16777215 0.000002
0.521071 0.742030 0.447804 16777215 0.000000
0.376816 0.210903 0.479130 8224382 0.000118
0.187415 0.796640 0.529024 12434877 0.000077
0.880481 0.219732 0.515307 6710631 0.000030
0.985681 0.349965 0.483111 16645884 0.000087
0.005400 0.462818 0.466493 10197657 0.000879
0.985776 0.386566 0.469760 16646139 0.000071
0.972186 0.611166 0.511679 16777215 0.001623
0.173038 0.794642 0.463079 12434876 0.023701
0.150707 0.215894 0.515969 9539731 0.000050
0.980449 0.670289 0.532300 16777215 0.016172
0.583299 0.705344 0.458443 16777215 0.000003
0.568020 0.215152 0.518931 8223353 0.000045
0.750624 0.273638 0.461253 16777215 0.000000
0.700822 0.243190 0.528752 16777215 0.000006
0.246955 0.770406 0.469793 16777215 0.004652
0.961255 0.507218 0.474858 16514046 0.000040
0.492840 0.775280 0.531363 16777215 0.000003
0.693183 0.302198 0.538559 16777215 0.000000
0.464420 0.392674 0.545049 16777215 0.000000
0.322293 0.413960 0.546163 16777215 0.000000
0.394329 0.225974 0.499294 16777215 0.000075
0.980755 0.452038 0.498365 16777215 0.000000
0.425946 0.207815 0.529864 8421503 0.000036
0.606097 0.214744 0.445590 16777215 0.540793
0.927688 0.435607 0.541671 16777215 0.000129
0.787824 0.730680 0.459114 16777215 0.000000
0.937259 0.418646 0.456783 16777215 0.000000
0.934431 0.550362 0.525749 16777215 0.002383
0.676336 0.214323 0.544887 16777215 0.969391
0.243295 0.781219 0.451356 16777215 0.000001
0.718980 0.734260 0.463112 16777215 0.000598
0.563419 0.260735 0.457862 16777215 0.000000
0.386776 0.759113 0.534163 16777215 0.000100
0.976306 0.443292 0.522615 16777215 0.008377
0.550334 0.202433 0.482873 7434865 0.000002
0.465554 0.235247 0.455204 16777215 0.000000
0.371813 0.206417 0.463383 9078920 0.001715
0.980583 0.537670 0.493700 16777215 0.000007
0.526215 0.211405 0.539709 4670532 0.411759
0.988424 0.555120 0.473863 16251124 0.000532
0.731897 0.240328 0.535709 16777215 0.006644
0.764705 0.225980 0.452081 16777215 0.000003
0.629802 0.229119 0.498032 8423298 0.000181
0.251889 0.210185 0.538357 9606292 0.000772
0.053631 0.499143 0.460475 16777215 0.000000
0.601532 0.231362 0.450403 16777215 0.000000
0.987728 0.465029 0.510202 16777215 0.000003
0.503867 0.380668 0.458453 16777215 0.000000
0.990655 0.425919 0.472894 16513787 0.000008
0.888091 0.549968 0.546857 16777215 0.000001
0.966381 0.474184 0.532551 16777215 0.000173
0.010959 0.338714 0.452226 16777215 0.349924
0.038968 0.528776 0.504075 14212828 0.007555
0.456694 0.753064 0.510287 16777215 0.000036
0.527718 0.776718 0.547503 16777215 0.005502
0.826371 0.655869 0.472986 16777215 0.000015
0.494115 0.518418 0.498916 13948117 0.000050
0.052249 0.241785 0.534178 16777215 0.046734
0.925005 0.713647 0.476744 16777215 0.000084
0.507375 0.771113 0.485352 12500926 0.643625
0.012726 0.741659 0.454102 16777215 0.001634
0.067107 0.713077 0.539834 16777215 0.000011
0.058539 0.253974 0.452615 16777215 0.000064
0.725274 0.561939 0.489056 10000535 0.224842
0.311718 0.482371 0.455898 13948373 0.051071
0.988692 0.237569 0.501839 16777215 0.000929
0.995998 0.200303 0.477285 5066061 0.984432
0.987494 0.784432 0.536079 16777215 0.085364
0.901329 0.302401 0.465060 16777215 0.000048
0.602481 0.204432 0.499806 7500402 0.000011
0.124796 0.259722 0.543970 16777215 0.000015
0.006015 0.787326 0.486212 10790308 0.001346
0.041123 0.644837 0.546049 16777215 0.000347
0.034895 0.689888 0.499850 13749967 0.003138
0.397528 0.795574 0.462950 11447981 0.002760
0.980321 0.793995 0.528081 9934997 0.032852
0.015754 0.651759 0.513155 11512745 0.001873
0.917023 0.265151 0.488454 16777215 0.001131
0.054061 0.388665 0.511534 16777215 0.620433
0.003904 0.316923 0.516799 10790052 0.000662
0.012873 0.212433 0.504569 10197404 0.004307
0.829423 0.341386 0.456720 16777215 0.000002
0.993705 0.277905 0.494279 16776446 0.000036
0.984836 0.600969 0.499696 16449276 0.000250
0.005632 0.768669 0.523661 11514033 0.949297
0.018454 0.796368 0.466344 13158856 0.254161
0.994336 0.719027 0.505608 16777215 0.000051
0.856697 0.751706 0.452318 16645628 0.000002
0.859744 0.273955 0.539613 16777215 0.000004
0.985349 0.233411 0.538161 16777215 0.006190
0.008288 0.218342 0.464427 10790308 0.028402
0.179583 0.213922 0.546369 16777215 0.012125
0.118970 0.790900 0.453876 16777215 0.012450
0.986575 0.235996 0.484856 16776186 0.000139
0.987631 0.205548 0.482843 8749955 0.215511
0.902852 0.299801 0.455825 16777215 0.000008
0.050916 0.378765 0.537527 16777215 0.000076
0.979083 0.224205 0.464539 16185846 0.000727
0.024089 0.443798 0.509316 16777215 0.071541
0.006443 0.207962 0.466676 10132378 0.372378
0.870535 0.350996 0.449380 16777215 0.000001
0.010182 0.755584 0.533581 16777215 0.247079
0.953680 0.424628 0.532993 16777215 0.003654
0.084249 0.211201 0.513047 8356991 0.001515
0.824820 0.234203 0.449753 16777215 0.000002
0.856403 0.782049 0.495473 10656157 0.502198
0.872560 0.220510 0.461230 16777215 0.002081
0.025995 0.207359 0.464608 9276554 0.012379
0.005912 0.242038 0.471010 10132120 0.003323
0.963739 0.369808 0.479197 16777215 0.000400
0.899147 0.758664 0.529481 16777215 0.407171
0.167621 0.794920 0.505285 12500414 0.000081
0.995188 0.776420 0.518384 16711679 0.000032
0.024955 0.242887 0.492387 10130321 0.002302
0.970644 0.770975 0.457415 16315896 0.000179
0.010520 0.796507 0.454031 15395306 0.900078
0.915156 0.748299 0.536713 16777215 0.000217
0.716497 0.554882 0.543120 16777215 0.127602
0.995767 0.570876 0.513996 16710910 0.000013
0.949596 0.311386 0.453009 16777215 0.000008
0.034246 0.292212 0.546362 16777215 0.000229
0.971997 0.280838 0.505952 15398130 0.000020
0.724772 0.436658 0.473555 12303547 0.379246
0.011479 0.795168 0.534524 15263977 0.618928
0.969933 0.228342 0.546646 16777215 0.028002
0.996704 0.798438 0.504103 10592673 0.996936
0.290359 0.231992 0.540578 16777215 0.000239
0.944822 0.735446 0.462506 16185592 0.000023
0.065860 0.777966 0.476400 16250358 0.020084
0.902567 0.635123 0.538827 16777215 0.000005
0.992985 0.224906 0.473033 16513786 0.000270
0.996095 0.295563 0.451931 15790063 0.999731
0.991705 0.217758 0.485860 16777215 0.000053
0.023477 0.209991 0.475530 9671827 0.001387
0.059791 0.205239 0.464962 9408141 0.000789
0.899045 0.762359 0.522239 16777215 0.060414
0.894665 0.783912 0.506525 11119275 0.000625
0.891079 0.242834 0.544974 16777215 0.001040
0.043576 0.625671 0.530512 16777215 0.001049
0.977881 0.650693 0.525260 16777215 0.006112
0.013181 0.596561 0.500594 10921125 0.001847
0.781203 0.211517 0.452604 16777215 0.308409
0.011683 0.648602 0.522172 12039606 0.001521
0.932471 0.784826 0.458762 16514042 0.012386
0.010307 0.476163 0.518855 16777215 0.501074
0.813736 0.247103 0.524065 16777215 0.000088
0.139320 0.760065 0.533397 16777215 0.000003
0.053539 0.675253 0.543962 16777215 0.000006
0.023445 0.427616 0.455481 16777215 0.000001
0.005688 0.490629 0.492753 10460830 0.000053
0.896301 0.787520 0.502997 10000536 0.000004
0.982560 0.291961 0.487938 16777215 0.000026
0.014601 0.547988 0.480663 10002851 0.021979
0.004799 0.223550 0.452909 16777215 0.994713
0.907437 0.750323 0.545209 16777215 0.000051
0.124764 0.205460 0.454981 16777215 0.990998
0.968758 0.791102 0.459789 16514297 0.065568
0.930771 0.682182 0.485789 16777215 0.000044
0.115042 0.628604 0.516458 16777215 0.000006
0.981351 0.797609 0.454049 10592417 0.994973
0.002591 0.612475 0.460071 10065816 0.406768
0.003108 0.203144 0.466627 9606033 0.996202
0.005240 0.272252 0.522318 11974325 0.993672
0.137393 0.202592 0.500586 9145226 0.000008
0.996841 0.795970 0.454049 14868447 0.994859
0.954484 0.229432 0.546786 16777215 0.006258
0.512597 0.796922 0.501066 11776946 0.000030
0.328247 0.232050 0.544451 16777215 0.000119
0.259049 0.765870 0.469996 16777215 0.000541
0.943510 0.685343 0.545566 16777215 0.000031
0.144767 0.213678 0.503361 9014922 0.000202
0.034187 0.784805 0.531135 16777215 0.324258
0.034452 0.673367 0.483768 16777215 0.000178
0.590509 0.248104 0.536976 16777215 0.000102
0.956140 0.655184 0.532509 16777215 0.000310
0.007547 0.630622 0.512587 10527136 0.004380
0.007847 0.452901 0.478287 10656926 0.004976
0.016076 0.572075 0.486520 11513766 0.000884
0.815542 0.510135 0.453119 16777215 0.246883
0.914674 0.216497 0.547292 16777215 0.000108
0.979260 0.201521 0.453758 4473666 0.999196
0.043382 0.364450 0.481493 16777215 0.000025
0.733555 0.782960 0.478960 11053224 0.187897
0.990059 0.276227 0.514394 16514298 0.000098
0.097485 0.205440 0.548012 16777215 0.981490
0.439893 0.245480 0.488186 12433854 0.001045
0.005552 0.565921 0.464211 10461085 0.001279
0.004998 0.514065 0.464390 10197915 0.001481
0.152612 0.786515 0.480196 12829896 0.136317
0.020100 0.630218 0.517705 16777215 0.276230
0.028195 0.519300 0.505418 12764353 0.001069
0.474302 0.256359 0.542674 16777215 0.000004
0.965007 0.544201 0.521224 16777215 0.001053
0.976062 0.423625 0.475096 16711679 0.000007
0.822303 0.201257 0.500036 6842984 0.000023
0.496310 0.788827 0.501419 12238271 0.000915
0.736154 0.204394 0.531295 7303024 0.000722
0.955118 0.641151 0.472764 16777215 0.000049
0.848975 0.227242 0.497652 16777215 0.006936
0.034919 0.448470 0.458476 16777215 0.000040
0.778347 0.798412 0.458482 10395293 0.424752
0.977659 0.566419 0.513735 16777215 0.002886
0.662585 0.206025 0.547455 16777215 0.994071
0.016207 0.537359 0.454560 16777215 0.124584
0.923052 0.480202 0.541384 16777215 0.016050
0.007070 0.445150 0.493672 10855845 0.000042
0.657809 0.789006 0.474981 11645103 0.001450
0.438188 0.230021 0.535504 16777215 0.000613
0.414360 0.283703 0.461885 16777215 0.000000
0.478945 0.228866 0.511637 16777215 0.078186
0.226388 0.758956 0.547229 16777215 0.000001
0.487288 0.201190 0.524158 8092282 0.000029
0.020949 0.628904 0.490490 12828611 0.000762
0.056998 0.753879 0.500860 13817555 0.000783
0.023140 0.322280 0.520391 16777215 0.314692
0.014189 0.210271 0.466047 9408915 0.009079
0.466163 0.796167 0.497776 11579568 0.000015
0.997022 0.797616 0.472182 12369083 0.998687
0.096062 0.215503 0.466018 16777215 0.028616
0.965326 0.203703 0.547954 16777215 0.997863
0.025658 0.222495 0.512095 16777215 0.583670
0.893113 0.753972 0.539722 16777215 0.000104
0.981755 0.232948 0.469143 16777215 0.002751
0.001523 0.557937 0.524080 9606034 0.226647
0.234268 0.216988 0.546018 16777215 0.956635
0.941330 0.785316 0.470482 12501950 0.128014
0.034674 0.798232 0.545588 14211032 0.979199
0.880005 0.769985 0.452266 16777215 0.000011
0.087594 0.597712 0.536679 16777215 0.000011
0.317558 0.344161 0.535066 16777215 0.000000
0.009602 0.549185 0.483393 10724003 0.000142
0.950370 0.699777 0.468800 16711165 0.000239
0.072699 0.444987 0.515408 16777215 0.002050
0.263974 0.789915 0.504760 11776949 0.004780
0.011552 0.587251 0.493949 11251374 0.020583
0.491569 0.204498 0.469211 7434865 0.000014
0.640263 0.797001 0.528068 11119017 0.000031
0.914011 0.354696 0.542930 16777215 0.000141
0.097070 0.790048 0.455660 16777215 0.007339
0.008801 0.454920 0.496996 11119273 0.000069
0.008376 0.445450 0.526438 16777215 0.691527
0.739149 0.770678 0.517304 16777215 0.078248
0.785449 0.211612 0.486657 7106415 0.000467
0.498144 0.789159 0.493460 10855331 0.000485
0.739735 0.230156 0.515613 12957117 0.001143
0.007850 0.392245 0.511298 10855843 0.000365
0.809926 0.751813 0.529595 16777215 0.001901
0.022841 0.557944 0.526487 16777215 0.222017
0.981215 0.626805 0.467160 16709886 0.000021
0.005862 0.232476 0.464160 10724002 0.001653
0.297906 0.716237 0.458983 16777215 0.000237
0.597524 0.795580 0.538713 12237497 0.005779
0.960323 0.686568 0.539334 16777215 0.001719
0.947046 0.573566 0.476422 15790576 0.000012
0.183588 0.218151 0.497401 7631989 0.000359
0.978867 0.563248 0.518839 16777215 0.000276
0.991841 0.538121 0.476023 16777213 0.000000
0.975887 0.365899 0.461808 16645630 0.000015
0.698211 0.728170 0.476545 16777215 0.000000
0.104469 0.600917 0.540823 16777215 0.000012
0.989559 0.499521 0.503638 16383994 0.000028
0.846599 0.214849 0.488999 6974314 0.000070
0.134138 0.220804 0.474422 16579327 0.025249
0.648854 0.788973 0.486233 10658724 0.000071
0.924321 0.368614 0.525778 16777215 0.000151
0.300211 0.757354 0.513141 13686229 0.000140
0.046622 0.544297 0.536194 16777215 0.052051
0.184244 0.797383 0.541497 11908532 0.684652
0.957600 0.378365 0.539419 16777215 0.000824
0.945981 0.381785 0.498552 16777215 0.000062
0.860733 0.787830 0.523416 10725291 0.001407
0.546341 0.244445 0.544959 16777215 0.000025
0.656711 0.254218 0.539660 16777215 0.000019
0.016599 0.406488 0.453658 16777215 0.001869
0.483455 0.214608 0.546564 16777215 0.178219
0.630427 0.208918 0.536285 6316385 0.000073
0.047882 0.604630 0.512133 13421773 0.001477
0.976619 0.524096 0.532229 16777215 0.000898
0.067833 0.757117 0.524322 16777215 0.000043
0.951036 0.592833 0.523380 16777215 0.000031
0.111332 0.549266 0.462600 16777215 0.000000
0.540765 0.242657 0.532707 16777215 0.003854
0.400942 0.784883 0.512599 12105912 0.007002
0.985464 0.533149 0.511849 16579580 0.000236
0.017482 0.609497 0.463158 10527394 0.001698
0.986664 0.302127 0.496939 16777215 0.000409
0.463768 0.781537 0.500990 11117990 0.405739
0.372220 0.774547 0.519972 9211789 0.042379
0.987323 0.587888 0.512578 16777215 0.000115
0.973382 0.605895 0.516586 16777215 0.024522
0.627522 0.226062 0.518980 10855846 0.000615
0.971163 0.611985 0.494453 16777215 0.000003
0.409994 0.781985 0.474884 16777215 0.123605
0.973232 0.551207 0.519024 16777215 0.001161
0.639193 0.786552 0.531828 16777215 0.000426
0.942630 0.317735 0.465686 16777215 0.000000
0.336540 0.233589 0.452419 16777215 0.000229
0.656446 0.233717 0.538988 16777215 0.001843
0.108611 0.512643 0.531151 16777215 0.000020
0.795097 0.203551 0.465348 6710629 0.001772
0.460401 0.229651 0.452410 16777215 0.000000
0.214230 0.210003 0.492396 9342348 0.000320
0.552956 0.636410 0.508393 16777215 0.000000
0.531945 0.225573 0.452215 16777215 0.000000
0.626337 0.209672 0.528751 7236972 0.000039
0.212477 0.213495 0.539091 11053480 0.014330
0.100142 0.381442 0.460872 16777215 0.000000
0.773868 0.781446 0.530535 16777215 0.000148
0.993914 0.448676 0.469864 16776446 0.000006
0.950814 0.452686 0.530792 16777215 0.000084
0.530633 0.204505 0.471458 7763316 0.000094
0.904133 0.499994 0.503880 16777215 0.000013
0.553835 0.774625 0.544735 16777215 0.000098
0.207266 0.259373 0.458168 16777215 0.000000
0.925015 0.367143 0.483186 16777215 0.000045
0.610220 0.789361 0.473371 11580077 0.648538
0.654972 0.767809 0.475730 16777215 0.000002
0.922248 0.447339 0.548968 16777215 0.000001
0.537405 0.220128 0.546409 16777215 0.000608
0.461959 0.792610 0.526370 11052970 0.011265
0.994913 0.655649 0.515872 16777215 0.000231
0.788209 0.790388 0.501671 10658209 0.000006
0.274390 0.790287 0.537813 16777215 0.680534
0.812592 0.213739 0.459321 16777215 0.000942
0.648792 0.788982 0.465398 11711155 0.075596
0.144682 0.796520 0.537740 12632770 0.002967
0.302679 0.782587 0.492024 13816525 0.105796
0.170428 0.795738 0.464363 11514542 0.044839
0.434021 0.204171 0.467717 8224125 0.001737
0.570196 0.200832 0.499767 7763573 0.000001
0.523497 0.202681 0.462800 7039852 0.000412
0.610230 0.307961 0.494041 16777215 0.000000
0.525428 0.222635 0.489377 16777215 0.545183
0.546920 0.275118 0.517688 16777215 0.000000
0.928384 0.501700 0.483072 16777215 0.000006
0.433922 0.744702 0.459608 16777215 0.000000
0.014177 0.472386 0.458069 16777215 0.000008
0.923469 0.485245 0.545816 16777215 0.234079
0.159517 0.771706 0.533208 16777215 0.002962
0.561166 0.208105 0.495233 7434855 0.032853
0.518392 0.748519 0.548776 16777215 0.000000
0.956927 0.424738 0.465102 16777215 0.000000
0.421945 0.750861 0.543295 16777215 0.000006
0.980213 0.368508 0.530006 16777215 0.012965
0.655852 0.203525 0.465912 6645093 0.000035
0.579661 0.217278 0.499627 7829879 0.000001
0.401960 0.236315 0.482290 15527144 0.000320
0.922536 0.638358 0.479572 16777215 0.000001
0.975453 0.527396 0.460855 16777215 0.002008
0.973232 0.543469 0.523318 16777215 0.052333
0.545545 0.779315 0.478753 16777215 0.020748
0.318370 0.785266 0.461722 16777215 0.056899
0.985136 0.445203 0.524807 16776959 0.015563
0.888892 0.546739 0.549600 16777215 0.000000
0.574699 0.203841 0.500532 7895416 0.000884
0.011278 0.293938 0.471365 10462113 0.106296
0.004358 0.657422 0.516487 10000793 0.000775
0.049936 0.548208 0.473276 11513518 0.001285
0.962569 0.338053 0.471352 16777215 0.000510
0.991572 0.554755 0.463715 16777215 0.000021
0.436455 0.771138 0.514481 14474202 0.002503
0.621472 0.795260 0.460611 11447980 0.008029
0.929794 0.789378 0.475044 14410723 0.063162
0.944163 0.646055 0.537079 16777215 0.000339
0.240792 0.672859 0.474924 16777215 0.000000
0.147834 0.429822 0.539930 16777215 0.000001
0.241191 0.416002 0.448235 16777215 0.000002
0.565212 0.213268 0.479731 10327942 0.006564
0.730947 0.253341 0.546029 16777215 0.000000
0.989726 0.570789 0.478856 16251388 0.000085
0.035941 0.537347 0.520961 12632511 0.004863
0.354219 0.218673 0.535109 8224638 0.001404
0.068591 0.778840 0.523058 16777215 0.000068
0.014314 0.417942 0.517697 16777215 0.043446
0.887231 0.785206 0.539084 16777215 0.401174
0.991649 0.406961 0.518661 16777215 0.000041
0.986948 0.658393 0.515596 16448763 0.000030
0.826518 0.788049 0.501961 11118244 0.000107
0.954333 0.497921 0.538292 16777215 0.000878
0.031187 0.615482 0.533105 16777215 0.165063
0.161304 0.582383 0.539333 16777215 0.000000
0.423458 0.715112 0.467569 16777215 0.000000
0.603471 0.209317 0.519549 7830136 0.000011
0.363137 0.779278 0.462060 16777215 0.000181
0.975996 0.283191 0.515564 16777215 0.047051
0.808939 0.758375 0.538365 16777215 0.000000
0.985023 0.536836 0.469820 14870248 0.012689
0.445414 0.215078 0.492625 8618883 0.000031
0.692153 0.680215 0.533972 16777215 0.000000
0.896872 0.512913 0.475263 16777215 0.000001
0.584477 0.244086 0.458641 16777215 0.000000
0.014305 0.634097 0.463925 16777215 0.000041
0.986936 0.658064 0.477840 16776696 0.000018
0.985311 0.524746 0.471064 16777215 0.000024
0.978546 0.467197 0.460492 16777215 0.000088
0.967695 0.602548 0.535910 16777215 0.001042
0.749327 0.225358 0.547385 16777215 0.000001
0.610611 0.769127 0.474742 11645110 0.007066
0.481360 0.243209 0.488335 10263451 0.000071
0.983436 0.471528 0.494173 16579837 0.000003
0.688729 0.203512 0.467599 7039851 0.000016
0.968414 0.409360 0.464092 16645630 0.000446
0.325757 0.205766 0.483442 8223868 0.000003
0.409609 0.225878 0.486235 16777215 0.227859
0.464037 0.781005 0.466537 14211287 0.970739
0.498022 0.765357 0.462009 16777215 0.000011
0.251900 0.650825 0.541049 16777215 0.000001
0.313573 0.700986 0.541567 16777215 0.000000
0.016649 0.388870 0.513231 11448495 0.000578
0.707749 0.202736 0.515878 7566195 0.000001
0.729780 0.745556 0.545365 16777215 0.000000
0.430825 0.792862 0.534797 12368571 0.771642
0.435336 0.744467 0.524951 16777215 0.000000
0.962091 0.634695 0.459121 16447993 0.000118
0.913074 0.479639 0.545211 16777215 0.000001
0.276985 0.670118 0.529094 16777215 0.000000
0.708536 0.793319 0.528595 11513518 0.000680
0.013953 0.658447 0.500105 9606292 0.000791
0.197868 0.528730 0.526186 16777215 0.025523
0.971457 0.604078 0.493033 16381177 0.000160
0.553124 0.778261 0.523440 11908277 0.040687
0.715770 0.793903 0.495163 10790051 0.000060
0.139594 0.782474 0.526665 12105655 0.052492
0.813037 0.781345 0.464014 16250361 0.380789
0.948107 0.644641 0.534231 16777215 0.001044
0.863522 0.790715 0.494862 9934743 0.000017
0.205132 0.675485 0.471080 16777215 0.000000
0.800497 0.227388 0.541422 16777215 0.000001
0.991761 0.574739 0.482981 16448762 0.000012
0.171624 0.258422 0.476696 16777215 0.000000
0.014625 0.589119 0.491779 10395545 0.000064
0.244802 0.215114 0.538805 7368302 0.000878
0.038520 0.470169 0.528254 16777215 0.733788
0.828729 0.786493 0.534299 16777215 0.863819
0.683967 0.793377 0.511482 11118758 0.000028
0.656762 0.779123 0.490521 10591122 0.006069
0.543367 0.212556 0.475242 7961467 0.000707
0.634169 0.208955 0.463453 7434608 0.000473
0.142635 0.769172 0.457154 16777215 0.000017
0.971107 0.442130 0.527325 16777215 0.102636
0.441056 0.270224 0.485129 11841971 0.002312
0.066239 0.408496 0.540670 16777215 0.000056
0.518533 0.283000 0.457039 16777215 0.000000
0.065812 0.652171 0.451751 16777215 0.000000
0.961606 0.474685 0.470489 16777215 0.000026
0.977978 0.459178 0.459132 16184563 0.000078
0.535456 0.777670 0.521778 13026243 0.137592
0.187543 0.728019 0.543880 16777215 0.000002
0.885456 0.218145 0.545328 16777215 0.000008
0.267106 0.206557 0.470381 7961211 0.005620
0.595728 0.259088 0.457871 16777214 0.000001
0.300598 0.571605 0.546243 16777215 0.000009
0.944180 0.305454 0.461756 16777215 0.000364
0.610433 0.738472 0.460355 16777215 0.000001
0.436617 0.711779 0.548678 16777215 0.000000
0.469838 0.752299 0.544887 16777215 0.000000
0.332938 0.773093 0.506638 16777215 0.000011
0.568118 0.768870 0.537634 16777215 0.000086
0.530081 0.203074 0.530303 7039083 0.000032
0.466225 0.777093 0.460957 16777215 0.033452
0.867464 0.672133 0.454331 16776958 0.000006
0.696807 0.449244 0.459653 12566976 0.018250
0.004673 0.204014 0.455063 8421759 0.903713
0.946035 0.784572 0.498015 9868693 0.000516
0.515406 0.797213 0.471162 11053224 0.000450
0.134759 0.231800 0.544959 16777215 0.000589
0.939249 0.741878 0.480585 16777215 0.000377
0.010491 0.714669 0.455489 16777215 0.319326
0.576557 0.795437 0.453937 13422027 0.991114
0.040747 0.728110 0.465154 16777215 0.000041
0.108239 0.663553 0.532712 16777215 0.000005
0.813276 0.248490 0.528243 9408914 0.025493
0.312389 0.498157 0.454641 6447713 0.885341
0.301216 0.204717 0.501915 8947591 0.000015
0.976056 0.251009 0.499606 16777215 0.010116
0.973985 0.203321 0.481095 6381921 0.045918
0.078191 0.204323 0.529602 9407627 0.000055
0.994294 0.793336 0.518171 16579835 0.251633
0.977859 0.706730 0.493308 15724530 0.000233
0.912124 0.250993 0.461652 16777215 0.000071
0.003411 0.791972 0.456416 11448495 0.998670
0.067684 0.250846 0.543667 16777215 0.000039
0.174507 0.794255 0.477752 12303292 0.000193
0.012161 0.716965 0.486695 10986663 0.000469
0.930747 0.290060 0.545737 16777215 0.000053
0.005884 0.304624 0.474044 10197659 0.001706
0.008899 0.206430 0.475201 9802899 0.003614
0.899631 0.431637 0.463719 16777215 0.000002
0.989654 0.314806 0.500165 16579321 0.000054
0.989881 0.643175 0.488619 15792883 0.000129
0.963150 0.313825 0.527849 16777215 0.676364
0.989619 0.223518 0.510383 16777215 0.014956
0.867533 0.212735 0.544891 16777215 0.959242
0.165764 0.227418 0.544763 16777215 0.000136
0.128497 0.787359 0.454542 16777215 0.007708
0.914882 0.757371 0.538113 16777215 0.000110
0.980697 0.233966 0.515329 16777215 0.004075
0.945389 0.202542 0.530013 6710887 0.001149
0.981555 0.778244 0.523323 16777215 0.585920
0.917101 0.273850 0.485203 16777208 0.000101
0.059586 0.342922 0.542148 16777215 0.000032
0.017625 0.791243 0.474124 13026244 0.036755
0.969265 0.210814 0.455685 16777215 0.004919
0.032369 0.647387 0.521724 13092802 0.001260
0.054028 0.338164 0.509937 16777215 0.068344
0.003099 0.202833 0.491573 10329500 0.991256
0.836556 0.334365 0.507127 16777215 0.000003
0.054352 0.770505 0.539282 16777215 0.011841
0.938476 0.348405 0.537803 16777215 0.001641
0.072792 0.201588 0.547084 14539997 0.995977
0.939350 0.216581 0.454356 16580091 0.001047
0.080039 0.211806 0.481691 9408399 0.003034
0.010476 0.309514 0.479063 10133661 0.001894
0.973402 0.404697 0.514884 16777215 0.010596
0.004921 0.265699 0.515585 10593186 0.000454
0.072687 0.796983 0.540680 12105655 0.001850
0.975770 0.343261 0.472318 16776703 0.000286
0.993491 0.774667 0.476225 16513788 0.000018
0.028755 0.209627 0.455586 16777215 0.048309
0.041038 0.317366 0.530246 16777215 0.791793
0.034832 0.797373 0.453662 14540253 0.985865
0.734819 0.567177 0.500115 15987698 0.062635
0.141245 0.204856 0.453898 16777215 0.980889
0.971929 0.763178 0.510218 16777215 0.004052
0.998688 0.667182 0.523238 16579836 0.000113
0.964246 0.277566 0.454117 16777215 0.000036
0.104490 0.329230 0.543158 16777215 0.000002
0.032806 0.294990 0.507224 16777215 0.010067
0.999730 0.360865 0.518428 16777215 0.000057
0.756369 0.433489 0.454943 16777215 0.451001
0.003085 0.765060 0.530894 16777215 0.940052
0.976311 0.796967 0.457343 9605520 0.723892
0.972857 0.788172 0.479576 11118504 0.001833
0.258369 0.212196 0.546577 16777215 0.014839
0.181307 0.788688 0.455937 16777215 0.003106
0.931376 0.743036 0.550916 16777215 0.000018
0.003744 0.785297 0.459122 10592673 0.538369
0.147483 0.204604 0.474228 8816262 0.000011
0.983443 0.223744 0.529973 16777215 0.000755
0.031392 0.208567 0.474866 9210763 0.043021
0.009021 0.229443 0.454018 16777215 0.484995
0.052200 0.203094 0.536246 8947592 0.000312
0.909484 0.760677 0.507797 16777215 0.115825
0.895706 0.236530 0.499904 16777215 0.012902
0.882589 0.765861 0.473993 15001317 0.000956
0.056505 0.798432 0.460389 12500926 0.362652
0.447034 0.243808 0.510076 10199194 0.000561
0.014515 0.708194 0.485886 9804187 0.000305
0.864821 0.775364 0.464007 16777215 0.034600
0.004612 0.490751 0.530036 16777215 0.731400
0.024560 0.518316 0.494352 13355462 0.000475
0.743008 0.253289 0.536143 16777215 0.000002
0.768308 0.606973 0.469970 16777215 0.000340
0.174007 0.699558 0.526346 16777215 0.000000
0.970855 0.644279 0.471921 15857139 0.002782
0.945682 0.708043 0.496680 16777215 0.007762
0.071582 0.668687 0.543540 16777215 0.000004
0.051309 0.379095 0.486601 16777215 0.000121
0.034892 0.407941 0.481142 16118773 0.022818
0.024201 0.383660 0.453205 16777215 0.000002
0.852606 0.774559 0.517261 11908021 0.000622
0.990737 0.377956 0.467927 16777215 0.000009
0.118874 0.402659 0.539957 16777215 0.000000
0.032634 0.569216 0.501641 16777215 0.011535
0.257127 0.203285 0.494479 8750470 0.000002
0.956998 0.756833 0.476099 11119524 0.065461
0.977201 0.221864 0.517597 5722453 0.345077
0.973744 0.274988 0.546715 16777215 0.137184
0.018288 0.765923 0.457730 16776958 0.121734
0.064372 0.274268 0.514828 11317162 0.155405
0.013934 0.646880 0.476323 9276560 0.008789
0.009354 0.304953 0.482725 10656927 0.002046
0.979184 0.442174 0.515996 16777215 0.002442
0.972419 0.788801 0.548200 16777215 0.863439
0.965312 0.395280 0.477648 16777215 0.000019
0.980359 0.713304 0.546857 16777215 0.756073
0.013064 0.225106 0.539464 16777215 0.218114
0.935595 0.734892 0.461053 16185077 0.000004
0.948754 0.693791 0.525964 16777215 0.001506
0.847352 0.771781 0.508621 10987941 0.009499
0.107687 0.211525 0.496386 9342092 0.000007
0.948463 0.781412 0.483459 15067877 0.002847
0.300558 0.223450 0.544201 16777215 0.000293
0.154683 0.781142 0.457598 16777215 0.003268
0.976993 0.796777 0.546973 16777215 0.999513
0.209576 0.219228 0.546470 16777215 0.078688
0.109565 0.233309 0.509619 12500925 0.001473
0.910073 0.761337 0.454407 16579579 0.000005
0.052752 0.763330 0.472332 16118772 0.003083
0.025981 0.548120 0.509641 9541010 0.014685
0.008366 0.572245 0.506016 10987175 0.000165
0.626176 0.237893 0.470587 16777215 0.000756
0.971472 0.711248 0.492973 16777215 0.001533
0.959760 0.614902 0.534140 16777215 0.002664
0.682724 0.796682 0.523692 10921894 0.000014
0.018629 0.488442 0.485740 11512747 0.006857
0.172907 0.790669 0.486905 12829377 0.000071
0.817603 0.592040 0.448751 16777215 0.000004
0.789843 0.310932 0.526531 16777215 0.000000
0.036593 0.402093 0.478815 16777215 0.000045
0.006552 0.236520 0.458104 13357006 0.042672
0.988497 0.451915 0.482010 16777215 0.000007
0.319572 0.214443 0.464977 16777215 0.004230
0.675746 0.215093 0.477518 7237230 0.009831
0.550543 0.237651 0.542780 16777215 0.000000
0.006371 0.479259 0.476238 10263707 0.000079
0.290791 0.791100 0.507842 12106941 0.000221
0.008939 0.498841 0.487695 10921383 0.000106
0.610243 0.236986 0.547651 16777215 0.000013
0.770680 0.202790 0.534269 7105388 0.000343
0.966247 0.643192 0.473475 16382201 0.000030
0.815108 0.216144 0.546907 16777215 0.001553
0.777533 0.794830 0.530014 11250860 0.000050
0.048654 0.392892 0.486350 16777215 0.000071
0.776897 0.259833 0.458147 16777215 0.000007
0.630650 0.239052 0.546023 16777215 0.006903
0.211922 0.223947 0.509073 16777215 0.321691
0.229712 0.218040 0.493006 9473422 0.000221
0.018210 0.598203 0.453797 16777215 0.000274
0.932827 0.500709 0.533677 16777215 0.036320
0.008847 0.531652 0.483155 10921637 0.000027
0.629701 0.720599 0.550584 16777215 0.000000
0.701649 0.212897 0.547013 16777215 0.514962
0.579123 0.260893 0.523347 16777215 0.000122
0.063963 0.494362 0.534544 16777215 0.000549
0.753374 0.217301 0.501267 7171182 0.000105
0.028663 0.331622 0.518723 16777215 0.721510
0.006245 0.206232 0.495196 10066842 0.086952
0.756435 0.774099 0.451459 16777215 0.000002
0.960239 0.216789 0.497336 4868943 0.224245
0.044709 0.261032 0.525049 16777215 0.954294
0.085298 0.775795 0.456657 16777215 0.000081
0.033256 0.794149 0.495576 12829636 0.006305
0.961036 0.524262 0.479495 16777215 0.000028
0.055236 0.357111 0.519551 16777215 0.020480
0.764693 0.776286 0.462866 16777215 0.001713
0.986652 0.418031 0.478953 16777215 0.000003
0.116389 0.779157 0.460128 16777215 0.001264
0.901006 0.752334 0.545297 16777215 0.000001
0.108274 0.794166 0.482109 12500672 0.000923
0.012951 0.512244 0.497787 11643821 0.000197
0.045331 0.551490 0.529740 16777215 0.000814
0.272354 0.758614 0.518024 15067369 0.000658
0.968006 0.383658 0.534843 16777215 0.011182
0.921903 0.581836 0.477133 16777215 0.000009
0.510103 0.223705 0.546177 16777215 0.000005
0.824671 0.773926 0.538200 16777215 0.215347
0.993088 0.466442 0.515171 16777215 0.000016
0.602858 0.209247 0.531737 5987677 0.000047
0.261577 0.236812 0.546381 16777215 0.000128
0.428058 0.210323 0.547219 16777215 0.903000
0.279633 0.791409 0.474537 11776951 0.285334
0.336817 0.204807 0.468463 6908780 0.006597
0.046388 0.575028 0.458848 16777215 0.000012
0.947435 0.396270 0.524004 16777215 0.002270
0.502227 0.234844 0.543261 16777215 0.003966
0.093025 0.769481 0.537568 16777215 0.000008
0.987034 0.671385 0.485305 16447735 0.000012
0.184063 0.787857 0.478562 12236475 0.196337
0.704591 0.421700 0.552539 16777215 0.000000
0.818672 0.482728 0.540437 16777215 0.020221
0.692953 0.241972 0.524242 8223611 0.016313
0.698692 0.219752 0.483726 16777215 0.000032
0.306725 0.783845 0.454666 16777215 0.607225
0.339542 0.339104 0.472235 16777215 0.000000
0.818165 0.758479 0.539106 16777215 0.000001
0.143961 0.768242 0.530301 16777215 0.000023
0.025331 0.558491 0.455678 16777215 0.000043
0.531300 0.756041 0.542978 16777215 0.000006
0.437223 0.769058 0.541317 16777215 0.000000
0.226119 0.787016 0.541032 16777215 0.043654
0.981991 0.544203 0.467152 15528178 0.000073
0.561749 0.767586 0.450705 16777215 0.005569
0.228227 0.215741 0.545412 16777215 0.958265
0.610498 0.768779 0.520739 16777215 0.029559
0.850501 0.227337 0.465316 16777215 0.118012
0.481122 0.205693 0.538957 5592920 0.170612
0.428187 0.799005 0.544849 10395036 0.888736
0.670611 0.205872 0.477205 7566195 0.000041
0.981304 0.579701 0.477314 16711167 0.000011
0.350848 0.755636 0.543920 16777215 0.000000
0.451131 0.220683 0.475086 16777215 0.029388
0.374871 0.785356 0.534313 16777215 0.000845
0.016467 0.418528 0.460016 16777215 0.016558
0.480098 0.752866 0.459746 16777215 0.000000
0.981522 0.606362 0.485470 16183797 0.000210
0.842686 0.267503 0.456619 16777215 0.000001
0.033892 0.374343 0.497648 13422027 0.000455
0.008481 0.770147 0.530298 16777215 0.101554
0.895600 0.755575 0.508524 15264236 0.238999
0.082641 0.732002 0.502839 16777215 0.017901
0.017166 0.451628 0.514525 16777215 0.058201
0.989217 0.617830 0.467626 16777215 0.000102
0.712081 0.761040 0.526442 16777215 0.179520
0.036338 0.216574 0.502457 10395548 0.005431
0.007545 0.673961 0.462619 11447981 0.007984
0.992910 0.788538 0.459401 16251128 0.000927
0.944428 0.742301 0.538842 16777215 0.000012
0.014839 0.608514 0.467922 16777215 0.177606
0.015895 0.561847 0.486603 10855848 0.002110
0.015064 0.514096 0.510217 11974581 0.000400
0.959214 0.605972 0.499093 16183798 0.000428
0.020412 0.623517 0.468326 10658202 0.143293
0.832093 0.785549 0.468017 10790051 0.440644
0.992159 0.272495 0.485285 16777215 0.000015
0.007345 0.367204 0.474084 10263965 0.000733
0.060500 0.227053 0.510937 16777215 0.013009
0.564152 0.206241 0.463460 16777215 0.789600
0.429917 0.779444 0.482244 13356494 0.000233
0.800372 0.784190 0.498146 10658978 0.010195
0.439833 0.782383 0.474328 11645361 0.173151
0.034124 0.423740 0.512362 16316150 0.000110
0.156989 0.207425 0.535716 8816775 0.000014
0.965754 0.315046 0.471092 16710653 0.000294
0.966373 0.764629 0.536324 16777215 0.000035
0.009944 0.476178 0.519071 11119530 0.000153
0.788650 0.795892 0.478355 10526623 0.000026
0.006423 0.498578 0.509068 10461085 0.000039
0.051810 0.769085 0.457712 16777215 0.000138
0.502059 0.780590 0.483700 12565435 0.015804
0.975257 0.526668 0.480715 16646139 0.000081
0.663824 0.212340 0.509713 7830136 0.000116
0.385673 0.211642 0.503342 9013126 0.000067
0.611440 0.796103 0.517587 11448239 0.000185
0.987231 0.475421 0.488556 16580605 0.000007
0.729194 0.788409 0.532111 9737364 0.876812
0.059111 0.472268 0.462165 16777215 0.000008
0.912607 0.422127 0.522802 16777215 0.000004
0.621719 0.791004 0.535328 16777215 0.000344
0.915802 0.420666 0.527132 16777215 0.000222
0.145532 0.764275 0.488061 16777215 0.002413
0.883798 0.468940 0.489955 16777215 0.000001
0.714073 0.783534 0.475565 10066072 0.785012
0.616911 0.785618 0.535267 16777215 0.878798
0.673205 0.207391 0.534989 6841960 0.010729
0.919102 0.242508 0.481229 7566707 0.000022
0.942125 0.688907 0.483666 16777215 0.001542
0.556896 0.768614 0.454810 16777215 0.000000
0.381098 0.723430 0.537501 16777215 0.000000
0.402970 0.293809 0.448434 16777215 0.000066
0.298872 0.726020 0.462258 16777215 0.000000
0.389170 0.212647 0.490203 7634559 0.363729
0.681465 0.740183 0.537263 16777215 0.000005
0.229248 0.765270 0.535216 16777215 0.021403
0.587885 0.204193 0.542246 5789525 0.002737
0.343092 0.214262 0.500715 9079178 0.000031
0.714792 0.776273 0.518218 9540241 0.018838
0.005631 0.613303 0.471809 10328477 0.000413
0.214993 0.776164 0.541799 16777215 0.000002
0.931444 0.537775 0.479142 16777214 0.000482
0.895867 0.796663 0.461603 10395293 0.131246
0.027586 0.537235 0.483262 10790568 0.000348
0.040085 0.364486 0.477427 16777215 0.002387
0.870002 0.776868 0.476935 12632257 0.000397
0.869286 0.401104 0.498500 16777215 0.000030
0.039401 0.571766 0.521466 16777215 0.208245
0.523961 0.213916 0.463430 7960953 0.000532
0.978839 0.651081 0.460598 16777215 0.010185
0.509487 0.208481 0.514860 7105897 0.005120
0.375512 0.219822 0.515713 7105899 0.034443
0.070971 0.632070 0.456040 16777215 0.000000
0.935453 0.694314 0.462011 16514300 0.000004
0.982713 0.464654 0.477447 16645630 0.000062
0.204304 0.775533 0.520007 16777215 0.000023
0.818015 0.236522 0.547180 16777215 0.000001
0.148426 0.783554 0.466576 16777215 0.131940
0.982856 0.379319 0.465986 16579325 0.000566
0.448749 0.790474 0.495660 12303033 0.174736
0.981943 0.309343 0.463848 16645885 0.000115
0.285821 0.785476 0.529738 16777215 0.000102
0.200558 0.525785 0.525831 16777215 0.020883
0.018245 0.666511 0.478641 13092802 0.005677
0.306655 0.537032 0.489743 16777215 0.014004
0.602480 0.245409 0.480027 16777215 0.000001
0.469731 0.747084 0.480602 16777215 0.000000
0.954423 0.534178 0.457724 16777215 0.000003
0.778343 0.220557 0.518305 8421504 0.000103
0.342681 0.223546 0.519886 14801631 0.031093
0.986205 0.465852 0.459613 16645882 0.000006
0.976559 0.552580 0.477157 15922933 0.027544
0.435369 0.744795 0.546956 16777215 0.000000
0.527148 0.210030 0.502340 8947591 0.000023
0.180862 0.487569 0.550382 16777215 0.014574
0.913357 0.435328 0.542083 16777215 0.000000
0.038347 0.207135 0.539930 6974828 0.034836
0.241336 0.796610 0.526462 12171705 0.000021
0.399289 0.663226 0.487243 16777215 0.000001
0.286575 0.577203 0.489038 16777215 0.000108
0.016990 0.653117 0.510882 11448234 0.001895
0.064876 0.792894 0.470483 12632257 0.250757
0.078544 0.442295 0.536454 16777215 0.000279
0.208988 0.763072 0.482397 16777215 0.000014
0.793247 0.254553 0.460656 16777215 0.000000
0.863742 0.775930 0.502698 11973556 0.000149
0.768878 0.209911 0.526284 6184793 0.002695
0.376965 0.713321 0.456329 16777215 0.000000
0.018475 0.613706 0.454521 16777215 0.000007
0.959874 0.483700 0.471330 16777215 0.000016
0.963281 0.471067 0.535859 16777215 0.002293
0.975362 0.339967 0.465158 16776959 0.000038
0.786185 0.281613 0.539494 16777215 0.000000
0.614917 0.679516 0.453369 16777215 0.000000
0.262752 0.200603 0.534912 8816005 0.000063
0.449448 0.201343 0.508198 8092795 0.000002
0.556445 0.783386 0.483830 11644847 0.362836
0.969691 0.468259 0.500791 16777215 0.000034
0.458118 0.745584 0.465340 16777215 0.000000
0.912435 0.346165 0.527473 16777215 0.000413
0.290569 0.551144 0.540674 16777215 0.075225
0.681703 0.764564 0.456527 16777215 0.000000
0.594616 0.788246 0.534701 16777215 0.564327
0.983546 0.527566 0.497138 16777215 0.000514
0.169243 0.787172 0.476904 13093063 0.414570
0.575053 0.203793 0.520321 7960440 0.000001
0.962168 0.387844 0.534420 16777215 0.079485
0.026875 0.511776 0.454735 16777215 0.000000
0.977390 0.540674 0.471406 16777215 0.000003
0.738839 0.733997 0.512576 16777215 0.000000
0.975428 0.436421 0.519298 16777215 0.162435
0.052182 0.451371 0.534683 16777215 0.002882
0.970820 0.625095 0.471643 16514042 0.000021
0.252641 0.718148 0.537458 16777215 0.000000
0.945306 0.431659 0.467116 16513785 0.000005
0.596469 0.655018 0.533945 16777215 0.000000
0.695553 0.775533 0.546303 16777215 0.000000
0.989591 0.472338 0.489817 16776703 0.000001
0.752144 0.670836 0.512908 16777215 0.000000
0.126464 0.583759 0.528246 16777215 0.000000
0.987053 0.542772 0.462811 15922933 0.000306
0.162711 0.205378 0.532042 8619138 0.006694
0.183920 0.780428 0.516021 12894657 0.001963
0.326003 0.500238 0.499081 16777215 0.000065
0.462485 0.258995 0.455950 16777215 0.000000
0.290605 0.740439 0.523148 16777215 0.000002
0.806985 0.265324 0.497517 16777215 0.000000
0.803446 0.792154 0.515981 10461601 0.000074
0.058108 0.457798 0.534549 16777215 0.007022
0.018045 0.642993 0.454167 16777215 0.000023
0.469099 0.741357 0.462959 16777215 0.000000
0.037398 0.663553 0.471534 16777215 0.000001
0.984303 0.427369 0.472110 16711678 0.000005
0.916844 0.588079 0.462896 16645885 0.000000
0.927271 0.473687 0.536491 16777215 0.001663
0.290048 0.229466 0.470607 16777215 0.000300
0.523623 0.796307 0.537897 12105912 0.000840
0.745707 0.774424 0.515522 11908788 0.052956
0.816228 0.324837 0.536882 16777215 0.000000
0.715856 0.569371 0.465510 16777215 0.000755
0.765632 0.721685 0.448615 16777215 0.000000
0.351365 0.221482 0.541912 16777215 0.358494
0.431456 0.244063 0.509806 10132633 0.000608
0.188844 0.219111 0.494962 9539983 0.000002
0.369956 0.790905 0.473932 11710899 0.007149
0.619338 0.763945 0.546943 16777215 0.000000
0.255445 0.564220 0.521080 16777215 0.045615
0.640637 0.718491 0.463044 16777215 0.000000
0.985713 0.512725 0.502298 16775934 0.000275
0.978074 0.594114 0.526582 16777215 0.025438
0.651137 0.203807 0.512079 7697268 0.000002
0.976625 0.565917 0.481514 16185592 0.000001
0.636522 0.794217 0.513885 11119017 0.000014
0.706291 0.720084 0.532790 16777215 0.000000
0.590658 0.224165 0.459391 8684163 0.444574
0.070357 0.356215 0.544217 16777215 0.000748
0.510273 0.786193 0.531629 16777215 0.915306
0.651906 0.787353 0.535072 16777215 0.901202
0.994851 0.597379 0.456042 16777215 0.000007
0.187178 0.513133 0.476818 16777215 0.014655
0.389680 0.628046 0.494994 16777215 0.000000
0.986060 0.359375 0.474545 15525868 0.000975
0.532081 0.618065 0.526127 16777215 0.000000
0.770968 0.768674 0.537842 16777215 0.000000
0.991164 0.459969 0.468044 16777215 0.000006
0.679298 0.666681 0.523245 16777215 0.000000
0.164307 0.507006 0.545930 16777215 0.000000
0.706692 0.445893 0.548916 16777215 0.298190
0.894174 0.673224 0.464998 16777215 0.000015
0.016938 0.798521 0.456173 11579822 0.955128
0.720966 0.437697 0.454084 15593198 0.060148
0.500305 0.497573 0.474078 15132646 0.000019
0.076755 0.233485 0.532352 16777215 0.022677
0.956194 0.713998 0.456894 16448505 0.000089
0.006309 0.787951 0.454099 16777215 0.838415
0.098042 0.736417 0.518030 16777215 0.000050
0.713583 0.564735 0.490311 14408668 0.592128
0.994112 0.573654 0.472954 16579836 0.000013
0.927228 0.238517 0.466726 16777215 0.000092
0.083333 0.305547 0.544654 16777215 0.000046
0.003533 0.793667 0.458904 11513519 0.948465
0.039158 0.633191 0.537203 16777215 0.003924
0.006893 0.698915 0.504696 11052967 0.000118
0.978632 0.366157 0.498284 16580604 0.000038
0.010569 0.242967 0.524921 16777215 0.751214
0.005235 0.410396 0.484069 10527136 0.000346
0.007573 0.217929 0.478370 10657951 0.003174
0.771102 0.332090 0.477032 16777215 0.000002
0.007866 0.751859 0.520743 12040632 0.949353
0.987946 0.403325 0.535262 16777215 0.019994
0.013576 0.206987 0.456752 10921125 0.013600
0.855818 0.212112 0.543603 16777215 0.983018
0.387278 0.796254 0.531264 12040118 0.000049
0.170351 0.237689 0.544509 16777215 0.000123
0.312070 0.794847 0.477318 11710897 0.000065
0.891851 0.735528 0.536900 16777215 0.000025
0.762719 0.204634 0.529546 7303022 0.000253
0.967086 0.758930 0.506193 16777215 0.107330
0.085811 0.382674 0.532107 16777215 0.000019
0.984724 0.210543 0.456642 16580607 0.006526
0.006893 0.675998 0.495236 10723489 0.000172
0.005539 0.397724 0.528866 16777215 0.719629
0.990187 0.360807 0.499879 16645373 0.000019
0.021742 0.749097 0.546834 16777215 0.890924
0.954451 0.401192 0.533091 16777215 0.003242
0.905910 0.216107 0.453872 16777215 0.002617
0.005883 0.211320 0.460714 10263710 0.149024
0.932692 0.773551 0.519606 16777215 0.759085
0.004418 0.365716 0.521656 11974582 0.003456
0.148279 0.786523 0.533842 16777215 0.017349
0.905522 0.779388 0.495301 8223613 0.005068
0.750864 0.206944 0.541298 16777215 0.995977
0.962467 0.360352 0.478200 16777215 0.001646
0.994792 0.777557 0.515345 16580093 0.000049
0.995223 0.214789 0.527836 16777215 0.946978
0.009387 0.209011 0.524261 12500669 0.023107
0.986427 0.778832 0.456182 16514043 0.024874
0.927945 0.676318 0.531529 16777215 0.000215
0.979790 0.589698 0.493031 16447993 0.000029
0.886249 0.229429 0.454029 16777215 0.000016
0.988086 0.773965 0.476761 16316921 0.000006
0.062852 0.356183 0.543673 16777215 0.000006
0.718637 0.443322 0.493868 13750737 0.399559
0.058137 0.772601 0.513821 16777215 0.851021
0.020251 0.782469 0.545148 16777215 0.542722
0.959831 0.231900 0.524526 16777215 0.107718
0.529001 0.795520 0.489171 11513775 0.000050
0.978942 0.775948 0.514408 11709617 0.016957
0.315037 0.216669 0.545775 16777215 0.033231
0.355401 0.782817 0.497941 12434619 0.003224
0.894618 0.582665 0.540999 16777215 0.000005
0.990775 0.219885 0.504909 15198695 0.009773
0.969983 0.758089 0.513613 16777215 0.404042
0.967073 0.229901 0.480142 16383997 0.000013
0.182906 0.219643 0.548113 16777215 0.646679
0.023000 0.295763 0.458047 16777215 0.000101
0.036483 0.201464 0.544728 9737365 0.866594
0.878929 0.765412 0.524222 16777215 0.015464
0.847285 0.794016 0.530025 10658208 0.007934
0.858120 0.760433 0.476512 16777215 0.000059
0.765915 0.786516 0.492442 10263708 0.000135
0.903639 0.297799 0.525124 16777215 0.000600
0.895297 0.787512 0.491118 9803153 0.000188
0.378168 0.208705 0.533982 9671825 0.000039
0.755703 0.568061 0.450957 16777215 0.201573
0.959048 0.701353 0.495378 16777215 0.002644
0.094239 0.655529 0.528246 16777215 0.000007
0.067324 0.355264 0.458661 16777215 0.000000
0.015202 0.662624 0.509353 13027789 0.000591
0.988086 0.271846 0.475633 16777215 0.000053
0.023423 0.623268 0.517276 16777215 0.044944
0.961821 0.206915 0.536033 7698294 0.061430
0.943568 0.265894 0.525583 16777215 0.050629
0.983829 0.253218 0.456717 16646143 0.001271
0.006815 0.277858 0.462324 10460830 0.002874
0.909937 0.758441 0.526374 16777215 0.707858
0.987693 0.771502 0.517323 16777215 0.000422
0.026822 0.269100 0.514958 16777215 0.961538
0.162741 0.318206 0.513778 16777215 0.000003
0.380218 0.221063 0.545438 16777215 0.000905
0.036525 0.204587 0.535147 9408143 0.000718
0.005837 0.796026 0.531025 16448251 0.990494
0.472977 0.782733 0.489138 11579311 0.001399
0.655775 0.212468 0.461307 16777215 0.123431
0.667418 0.791801 0.453236 16777215 0.236260
0.984056 0.736401 0.469833 16777215 0.001158
0.634596 0.748764 0.465133 16777215 0.000010
0.013387 0.473637 0.481922 10659238 0.012329
0.836753 0.520065 0.450639 16777215 0.000033
0.048365 0.375922 0.479912 16777215 0.000010
0.682759 0.486717 0.485097 16777215 0.000037
0.985986 0.440649 0.458634 16579836 0.002795
0.005442 0.528517 0.507881 10658465 0.000047
0.380181 0.794048 0.509951 12632514 0.000037
0.259117 0.205642 0.530906 9276815 0.000001
0.495383 0.223963 0.539171 16777215 0.000100
0.821025 0.248035 0.481749 16777215 0.000002
0.558455 0.238457 0.538770 16777215 0.000247
0.809175 0.777882 0.465617 16513270 0.002438
0.966404 0.668643 0.472942 16775935 0.000375
0.072049 0.699975 0.529575 16777215 0.000040
0.579983 0.212255 0.541520 16777215 0.862055
0.902861 0.220402 0.489996 9537679 0.000454
0.021702 0.396955 0.515518 16777215 0.048445
0.991994 0.400459 0.495163 16777215 0.000010
0.948663 0.213659 0.545055 16777215 0.001413
0.704283 0.243174 0.471469 16777215 0.000024
0.335563 0.215598 0.515510 16318461 0.000314
0.368137 0.229699 0.541595 16777215 0.000005
0.160040 0.786052 0.508550 12764101 0.002126
0.042402 0.614714 0.463972 16777215 0.000025
0.932768 0.399926 0.525267 16777215 0.001002
0.286956 0.215558 0.468030 16777215 0.536939
0.992075 0.659108 0.525099 16777215 0.497515
0.563321 0.697291 0.511755 16777215 0.000000
0.878362 0.511874 0.483118 16777215 0.000016
0.548785 0.235051 0.536679 16777215 0.003470
0.016017 0.323852 0.531183 16777215 0.001990
0.926135 0.257805 0.542351 16777215 0.000681
0.983124 0.216544 0.460438 16777215 0.001232
0.099579 0.211367 0.532616 9605268 0.000466
0.018027 0.207128 0.544367 16777215 0.990937
0.996365 0.205287 0.488706 16777215 0.434067
0.018960 0.595429 0.497121 11250345 0.000148
0.132901 0.207462 0.547954 16777215 0.943673
0.023409 0.796261 0.537935 13948116 0.647902
0.973920 0.588975 0.525928 16777215 0.001138
0.813829 0.781352 0.472342 16777215 0.240344
0.153138 0.773082 0.462640 16777215 0.001299
0.961348 0.779052 0.512834 16777215 0.160541
0.043159 0.551168 0.522629 16777215 0.000887
0.009148 0.452516 0.502605 10001050 0.000107
0.793421 0.211940 0.544139 16777215 0.984294
0.230644 0.687875 0.457230 16777215 0.000000
0.054574 0.636574 0.460038 16777215 0.000000
0.984885 0.574297 0.467326 16580091 0.000015
0.989009 0.419099 0.482618 16251637 0.001958
0.438273 0.765957 0.501035 16777215 0.000181
0.376488 0.222540 0.493189 11119016 0.000004
0.789960 0.796275 0.498336 10526880 0.000002
0.012211 0.433522 0.504659 10658979 0.001047
0.759487 0.789819 0.531099 9803160 0.401407
0.046856 0.549900 0.480872 16777215 0.000060
0.978243 0.347972 0.524184 16777215 0.004937
0.589172 0.218986 0.546233 16777215 0.525671
0.167288 0.792545 0.545931 16777215 0.018768
0.953928 0.575019 0.534129 16777215 0.000214
0.396879 0.769427 0.514183 13686488 0.015780
0.176958 0.774834 0.494847 12303036 0.003508
0.541178 0.780489 0.492112 11382448 0.697093
0.603582 0.215582 0.457187 16777215 0.002958
0.046515 0.505716 0.462021 16777215 0.000288
0.711479 0.212367 0.498038 7566715 0.000012
0.770807 0.216827 0.497144 7367280 0.000009
0.434775 0.763147 0.539929 16777215 0.000001
0.976900 0.533452 0.465975 16777215 0.000030
0.493555 0.762224 0.527870 16777215 0.006052
0.466803 0.761280 0.541043 16777215 0.000197
0.130414 0.214052 0.548576 16777215 0.869572
0.218531 0.740096 0.450704 16777215 0.000000
0.734647 0.788746 0.502828 11052968 0.000056
0.864182 0.214819 0.461618 15262690 0.005061
0.383267 0.213113 0.492073 9210504 0.000016
0.514061 0.786764 0.521680 13222850 0.017800
0.061844 0.212172 0.525779 10330014 0.000001
0.590767 0.230348 0.539976 16777215 0.000003
0.508589 0.757271 0.541318 16777215 0.000007
0.312362 0.266167 0.463757 16777215 0.000001
0.392214 0.787276 0.457202 16777215 0.036563
0.911231 0.460452 0.482430 16711423 0.000000
0.700115 0.770489 0.513647 16777215 0.000020
0.029909 0.793730 0.454199 16777215 0.321042
0.964554 0.556854 0.505074 16777215 0.000106
0.053261 0.336478 0.530229 16777215 0.066534
0.019682 0.627896 0.497341 16777215 0.265185
0.858295 0.751483 0.546595 16777215 0.000002
0.009915 0.487692 0.522937 14540509 0.000743
0.699598 0.232054 0.475579 16777215 0.000740
0.015817 0.365703 0.462008 11184554 0.162408
0.832761 0.790388 0.471988 10856613 0.634114
0.985923 0.346525 0.511870 16711165 0.000065
0.963813 0.204684 0.537734 7632244 0.110778
0.007796 0.539975 0.486715 10922150 0.000034
0.005490 0.471780 0.514041 11316138 0.000072
0.016831 0.602618 0.513275 16777215 0.148354
0.017268 0.249792 0.511098 10460316 0.004128
0.465267 0.785207 0.490337 11382187 0.000506
0.029524 0.550865 0.521039 16777215 0.599150
0.609370 0.765447 0.505398 16777215 0.003539
0.722066 0.215130 0.502244 9208708 0.000151
0.592818 0.229500 0.454348 16777215 0.000022
0.988217 0.552268 0.480297 16514557 0.000000
0.360596 0.209145 0.452950 16777215 0.411125
0.982458 0.667116 0.485013 16777215 0.024448
0.390042 0.651647 0.472440 16777215 0.000000
0.043527 0.476290 0.538943 16777215 0.000388
0.954478 0.372813 0.459936 16777214 0.000000
0.254045 0.225663 0.505384 9868180 0.000012
0.934290 0.796148 0.460458 9606034 0.213097
0.406780 0.210331 0.487303 8356735 0.000063
0.972843 0.693611 0.456710 16184824 0.001500
0.057139 0.639159 0.466438 16777215 0.000000
0.257107 0.754917 0.533548 16777215 0.000093
0.337673 0.764907 0.539406 16777215 0.000001
0.977976 0.381657 0.479620 16777210 0.000320
0.194175 0.532137 0.536547 16777215 0.003097
0.929296 0.618116 0.541072 16777215 0.000243
0.222780 0.201747 0.546022 9408399 0.963632
0.196775 0.780639 0.540798 16777215 0.001579
0.304335 0.536058 0.457227 16777215 0.010186
0.541902 0.243122 0.451773 16777215 0.000001
0.005727 0.411524 0.516296 10000537 0.003463
0.181922 0.463179 0.554685 16777215 0.045051
0.029216 0.700986 0.511033 16777215 0.004263
0.005523 0.704155 0.472553 10526879 0.000299
0.993487 0.374149 0.482290 16777214 0.000002
0.087902 0.238036 0.528081 16777215 0.020455
0.919007 0.293904 0.521435 16777215 0.007669
0.932108 0.721264 0.540490 16777215 0.000005
0.979105 0.688371 0.471443 16777215 0.001571
0.958326 0.440161 0.524822 16777215 0.008751
0.118290 0.767352 0.461382 16777215 0.000900
0.624397 0.793950 0.453655 16645630 0.716078
0.019471 0.419425 0.480989 12237240 0.089538
0.208318 0.794251 0.464451 11842482 0.042935
0.668154 0.751390 0.456761 16777215 0.000388
0.898517 0.431452 0.527577 16777215 0.000780
0.661584 0.728354 0.478586 16777215 0.005248
0.966147 0.389569 0.535359 16777215 0.005083
0.031145 0.286709 0.455739 16777215 0.011710
0.168883 0.246587 0.460041 16777215 0.000000
0.667019 0.728047 0.460999 16777215 0.000000
0.986893 0.455446 0.491449 16777215 0.000010
0.274288 0.794196 0.458809 10790051 0.473924
0.140115 0.221049 0.508327 12040886 0.000015
0.081027 0.591865 0.467707 16777215 0.000001
0.395736 0.694423 0.521255 16777215 0.000000
0.498615 0.769456 0.463217 16777215 0.002383
0.383526 0.785624 0.500326 12303548 0.000434
0.440717 0.791724 0.497754 11842482 0.012280
0.056083 0.492739 0.453341 16777215 0.000000
0.020818 0.474967 0.456524 16777215 0.000055
0.716554 0.739929 0.531987 16777215 0.000000
0.741471 0.726558 0.502304 16777215 0.000353
0.966384 0.287327 0.535440 16777215 0.000469
0.908812 0.464238 0.486647 16777215 0.000001
0.767384 0.790817 0.512807 10330021 0.014290
0.624666 0.763334 0.465897 16777215 0.000001
0.303382 0.255952 0.511929 13223886 0.000018
0.962501 0.498707 0.509447 16777215 0.000017
0.975526 0.217259 0.455388 16777215 0.083756
0.466792 0.212302 0.540829 6908007 0.012647
0.365237 0.234516 0.518158 11513258 0.002489
0.925872 0.688657 0.461454 16711422 0.000002
0.985097 0.480482 0.488083 16777215 0.000094
0.642343 0.777382 0.519980 12566463 0.082771
0.988299 0.381105 0.458991 16777215 0.006256
0.198675 0.752655 0.523863 16777215 0.000004
0.971072 0.414234 0.480400 16318458 0.000007
0.982775 0.553861 0.524891 16777215 0.049210
0.047600 0.387919 0.493793 16777215 0.000096
0.595528 0.779611 0.464773 16777215 0.202234
0.668244 0.780827 0.493235 11579051 0.061064
0.018445 0.533079 0.453206 16777215 0.000012
0.862929 0.350935 0.468013 16777215 0.000002
0.589704 0.784179 0.490952 11052972 0.001380
0.711460 0.728597 0.542522 16777215 0.000000
0.112931 0.414130 0.488899 16777215 0.000000
0.989753 0.570838 0.466967 16710653 0.000001
0.631255 0.794759 0.531099 10986915 0.000296
0.530791 0.790451 0.454564 16777215 0.094655
0.708278 0.399042 0.539887 16777215 0.000244
0.441098 0.727920 0.450732 16777215 0.000291
0.611826 0.268195 0.467164 16777215 0.000354
0.269938 0.779289 0.460467 16382198 0.379014
0.692538 0.756161 0.538428 16777215 0.000000
0.687055 0.471077 0.547662 16777215 0.620945
0.154445 0.227844 0.498507 9934485 0.043437
0.011781 0.564866 0.516146 11316907 0.017202
0.267282 0.782969 0.466783 14146007 0.160756
0.972747 0.210806 0.463779 8092541 0.051952
0.705797 0.205280 0.507166 8750725 0.008693
0.780455 0.785956 0.496992 10922914 0.035974
0.981670 0.520195 0.522018 16777215 0.002162
0.318766 0.332576 0.470625 16777215 0.000000
0.268633 0.214839 0.514545 10263964 0.000004
0.931760 0.514461 0.508214 16777215 0.000004
0.935268 0.552069 0.518934 16777215 0.018717
0.934664 0.454778 0.534904 16777215 0.213140
0.326186 0.789194 0.458863 16382712 0.334911
0.674015 0.496632 0.511451 16777215 0.002518
0.983190 0.266805 0.457159 16645630 0.000031
0.877470 0.246113 0.488037 15790576 0.000020
0.995460 0.293683 0.527757 16777215 0.044984
0.023338 0.559938 0.521798 16777215 0.211224
0.981789 0.693985 0.465927 16777215 0.010493
0.036224 0.289951 0.501283 14077907 0.001101
0.975437 0.277400 0.478480 16381434 0.000007
0.008734 0.515350 0.469369 11185067 0.000117
0.580020 0.745616 0.455624 16777215 0.000001
0.827589 0.795482 0.510368 10658468 0.000332
0.940307 0.401340 0.460627 16777215 0.000000
0.987584 0.507039 0.500154 16777215 0.000001
0.658687 0.796246 0.451218 16777215 0.939573
0.269560 0.566694 0.450500 16777215 0.000000
0.063685 0.216226 0.532142 11579309 0.000543
0.574664 0.751575 0.469389 16777215 0.000000
0.689727 0.236515 0.501566 16777215 0.000001
0.444019 0.239523 0.453539 16777215 0.000000
0.252079 0.201633 0.535238 6647918 0.525862
0.985754 0.627164 0.463967 16053235 0.000016
0.559162 0.205327 0.505470 8224124 0.000001
0.722479 0.780478 0.509426 10263708 0.242848
0.258922 0.438821 0.508178 16777215 0.000235
0.984524 0.401700 0.484980 16711679 0.000011
0.303238 0.748435 0.471912 16777215 0.000000
0.320147 0.542892 0.551032 16777215 0.000030
0.971573 0.428841 0.463389 16646140 0.000017
0.686783 0.525947 0.454251 16777215 0.209799
0.351265 0.433973 0.548176 16777215 0.000000
0.272533 0.437568 0.467955 16777215 0.023462
0.696750 0.334196 0.472873 16777215 0.000000
0.974911 0.318738 0.520963 16777215 0.034468
0.026967 0.476957 0.537980 16777215 0.194363
0.283674 0.613513 0.473471 16777215 0.000001
0.920205 0.767268 0.520049 16777215 0.345009
0.040718 0.463326 0.484755 16184825 0.000115
0.271881 0.790123 0.471041 12369342 0.036334
0.023251 0.285149 0.501681 10856355 0.000291
0.942349 0.381334 0.474765 16777215 0.000002
0.972787 0.479367 0.524957 16777215 0.006020
0.619304 0.778870 0.462945 16777215 0.000005
0.866486 0.430584 0.478414 16777215 0.000000
0.990356 0.523743 0.495501 16580095 0.000001
0.003923 0.290580 0.459616 12237496 0.957949
0.861515 0.455790 0.457765 16777215 0.000000
0.209541 0.208907 0.536829 10591647 0.005613
0.543578 0.759714 0.469471 16777215 0.000000
0.570461 0.262792 0.451420 16777215 0.000000
0.992918 0.506737 0.478909 16382200 0.000003
0.279468 0.203361 0.534229 8290688 0.382552
0.991639 0.654719 0.480466 16448507 0.000009
0.909530 0.778451 0.493826 7961215 0.974540
0.255174 0.426586 0.530464 16777215 0.202412
0.910488 0.463915 0.484366 16777215 0.000000
0.364508 0.747345 0.448489 16777215 0.000000
0.933444 0.376300 0.470740 16777215 0.000006
0.533877 0.791908 0.471901 13289926 0.662429
0.277371 0.624258 0.450735 16777215 0.000000
0.291292 0.448916 0.457949 16777215 0.091450
0.513127 0.486669 0.450674 13684943 0.000002
0.062795 0.221950 0.533345 16777215 0.052645
0.948087 0.744783 0.463430 16316407 0.000040
0.112578 0.738674 0.540360 16777215 0.000008
0.697954 0.561021 0.492494 16777215 0.901219
0.204481 0.795612 0.474597 11974326 0.000120
0.994051 0.789567 0.468012 15856113 0.016746
0.986711 0.611736 0.525164 16777215 0.000118
0.934118 0.261189 0.462615 16777215 0.000037
0.046504 0.425942 0.545898 16777215 0.000445
0.498214 0.713874 0.477691 16777215 0.000032
0.012849 0.644308 0.527037 16777215 0.016834
0.902954 0.259044 0.544664 16777215 0.000093
0.004148 0.392629 0.466083 10066584 0.079409
0.016554 0.220654 0.483263 9999254 0.006895
0.992848 0.258892 0.479462 16513786 0.000013
0.958538 0.276958 0.534000 16777215 0.287867
0.510536 0.795816 0.522153 11447981 0.000015
0.281868 0.233695 0.545640 16777215 0.000155
0.838668 0.726615 0.525067 16777215 0.000005
0.988946 0.203589 0.471126 6908265 0.407525
0.036827 0.744782 0.533957 16777215 0.143543
0.953003 0.328363 0.533388 16777215 0.004835
0.925869 0.221298 0.455675 16777215 0.000546
0.927633 0.777431 0.523938 16777215 0.521869
0.000569 0.301507 0.525626 9078920 0.600968
0.077725 0.783472 0.507646 12565954 0.044689
0.995001 0.770638 0.520903 16777215 0.000115
0.085943 0.208945 0.451834 10132122 0.998916
0.911549 0.207435 0.541109 16777215 0.996600
0.043132 0.250030 0.527807 16777215 0.423130
0.951150 0.782849 0.461422 16777215 0.002101
0.004851 0.765466 0.453029 15526892 0.995532
0.743832 0.574783 0.518839 15789807 0.227246
0.846938 0.795316 0.502204 10066328 0.000015
0.978073 0.587378 0.496434 16777215 0.000047
0.047049 0.324927 0.531630 16777215 0.000015
0.385265 0.788692 0.490084 11316137 0.000134
0.732240 0.436688 0.521950 14540766 0.075492
0.023994 0.776612 0.546081 16777215 0.465571
0.977023 0.271058 0.527709 16777215 0.091489
0.944620 0.790016 0.482812 10790567 0.003863
0.974140 0.767372 0.512089 11053994 0.103567
0.165933 0.234123 0.503683 16777215 0.001346
0.950457 0.669891 0.461381 16447993 0.000011
0.002325 0.673192 0.456055 9802900 0.866218
0.990298 0.202354 0.533647 11842740 0.998396
0.007761 0.768692 0.478255 11250862 0.033967
0.290237 0.789357 0.501423 12039862 0.000034
0.987172 0.226808 0.513612 16777215 0.005277
0.005443 0.711923 0.530729 16777215 0.855363
0.013057 0.265510 0.453519 16777215 0.145196
0.062788 0.224192 0.519481 13491160 0.000843
0.918471 0.765735 0.534560 16777215 0.056457
0.913066 0.794767 0.535533 10592930 0.004752
0.914575 0.774883 0.453151 16447993 0.000014
0.880284 0.258445 0.546189 16777215 0.001007
0.901682 0.522920 0.539067 16777215 0.000003
0.827490 0.795841 0.481102 10198171 0.000170
0.411499 0.226115 0.491469 12106174 0.000071
0.019557 0.645821 0.497102 10724767 0.003239
0.889221 0.778510 0.464638 16777215 0.173546
0.107803 0.761611 0.526658 16777215 0.000007
0.026610 0.464914 0.535170 16777215 0.007568
0.977986 0.705235 0.507975 16579583 0.006629
0.092027 0.678525 0.537235 16777215 0.000004
0.066011 0.432970 0.491136 16777215 0.000274
0.010727 0.468229 0.518217 13816018 0.919177
0.032313 0.367670 0.453904 16777215 0.000000
0.024801 0.624664 0.506938 12171706 0.001222
0.032192 0.620428 0.526097 16777215 0.172053
0.029000 0.632402 0.460813 16777215 0.000176
0.195298 0.215257 0.455765 16777215 0.214492
0.984790 0.242005 0.523067 16777215 0.069954
0.997043 0.201018 0.472518 5657942 0.978794
0.992317 0.396974 0.455068 16777215 0.656589
0.012386 0.202172 0.537190 12763587 0.987741
0.091198 0.207489 0.517980 9211020 0.000003
0.037731 0.340411 0.476580 12961478 0.006395
0.697386 0.232267 0.543029 16777215 0.165367
0.983465 0.720714 0.506189 16777215 0.002277
0.021906 0.213684 0.528197 16777215 0.558598
0.011384 0.223327 0.461561 16777215 0.162550
0.763587 0.787948 0.514315 11053223 0.000295
0.165872 0.205173 0.471377 8618883 0.000013
0.984148 0.526541 0.486872 16448509 0.000023
0.275671 0.217284 0.545022 16777215 0.000605
0.018507 0.773063 0.520692 16777215 0.072195
0.005232 0.204554 0.453899 16777215 0.998244
0.119562 0.206793 0.538558 10197916 0.001196
0.025559 0.798575 0.533733 13224393 0.991868
0.975758 0.720173 0.475984 15988471 0.006595
0.208037 0.783410 0.503311 12829635 0.044581
0.015949 0.335166 0.470272 16645887 0.000493
0.006347 0.399873 0.478373 10395294 0.000353
0.093374 0.573794 0.535231 16777215 0.000017
0.185952 0.275411 0.539287 16777215 0.000000
0.516919 0.261940 0.524306 16777215 0.000001
0.057143 0.496377 0.501484 13949658 0.000724
0.301061 0.791940 0.533494 12763585 0.001800
0.348662 0.223990 0.494630 10592678 0.000012
0.567603 0.787530 0.525867 10592671 0.003924
0.505198 0.290079 0.513258 16777215 0.000022
0.505965 0.773604 0.545312 16777215 0.000021
0.963080 0.204670 0.470569 6711144 0.007984
0.055570 0.697342 0.506027 16777215 0.000097
0.014194 0.386102 0.469272 16777215 0.014195
0.972043 0.656373 0.534596 16777215 0.003538
0.831899 0.285916 0.541133 16777215 0.000066
0.051373 0.577538 0.531110 16777215 0.199953
0.192354 0.792238 0.528642 12434876 0.002133
0.678006 0.798598 0.544616 10395038 0.973116
0.657037 0.220719 0.539591 16777215 0.015679
0.046993 0.509824 0.537649 16777215 0.003667
0.014628 0.726922 0.460914 16777215 0.000962
0.068420 0.254764 0.533031 16777215 0.000353
0.028733 0.246924 0.523161 16777215 0.179362
0.026113 0.225576 0.518281 10394532 0.019265
0.948494 0.593855 0.482237 15789298 0.000022
0.828579 0.761162 0.466294 16777215 0.000001
0.100400 0.335134 0.541734 16777215 0.000003
0.316122 0.796213 0.533999 12368827 0.000029
0.940903 0.408027 0.547036 16777215 0.000041
0.945250 0.315395 0.504091 16777215 0.007932
0.518209 0.204366 0.464862 10263963 0.996015
0.953393 0.306847 0.466518 16777215 0.000015
0.907417 0.776224 0.475255 16777215 0.036015
0.151479 0.233681 0.496035 16777215 0.040500
0.018422 0.731471 0.545504 16777215 0.278022
0.949629 0.612500 0.511547 16777215 0.013366
0.522174 0.209548 0.501244 7960696 0.000005
0.998077 0.202842 0.460805 16777215 0.987186
0.992013 0.723101 0.526739 16777215 0.191569
0.005322 0.674892 0.464070 10921637 0.004212
0.016586 0.386621 0.507749 12566720 0.000812
0.689718 0.789360 0.529371 10592673 0.000015
0.162473 0.204320 0.520126 10462112 0.000322
0.593342 0.794795 0.491908 11316396 0.000004
0.217501 0.217918 0.471451 16777215 0.057205
0.008240 0.579992 0.453113 16777215 0.385415
0.918009 0.553676 0.455795 16777215 0.000000
0.244880 0.204273 0.473116 8355455 0.000002
0.115365 0.538997 0.481107 16777215 0.000000
0.424298 0.242669 0.512886 16777215 0.000914
0.443330 0.212240 0.541783 16777215 0.952833
0.051598 0.220474 0.460660 16777215 0.000020
0.085717 0.793069 0.545463 16777215 0.002898
0.962779 0.613023 0.518862 16777215 0.000044
0.021778 0.520003 0.495567 10198170 0.006305
0.378031 0.203719 0.531114 8619397 0.000001
0.518453 0.213930 0.546411 16777215 0.987105
0.454957 0.759185 0.501429 16777215 0.000014
0.502823 0.215689 0.520400 5789271 0.000055
0.995428 0.529160 0.456257 16777215 0.000024
0.462405 0.760748 0.531617 16777215 0.001902
0.544375 0.780781 0.529669 16777215 0.030236
0.198015 0.215296 0.543438 16777215 0.984475
0.185065 0.743006 0.524697 16777215 0.000071
0.768709 0.798232 0.544063 11316653 0.882844
0.075970 0.222427 0.513203 12369343 0.000004
0.360778 0.781544 0.509590 11250343 0.006491
0.368682 0.762886 0.531336 16777215 0.000014
0.022921 0.458688 0.454313 16777215 0.000003
0.491212 0.744701 0.544066 16777215 0.000001
0.038357 0.462735 0.461957 16777215 0.003109
0.579176 0.787911 0.493689 11974593 0.673150
0.605717 0.204714 0.498823 7565941 0.000008
0.986703 0.352295 0.470600 16777215 0.058561
0.821741 0.658358 0.509521 16777215 0.000000
0.020365 0.754436 0.531487 16777215 0.088965
0.008783 0.626104 0.516499 13620174 0.938862
0.956600 0.787608 0.457857 14604767 0.667494
0.920363 0.720936 0.491385 16777215 0.000012
0.713664 0.223458 0.454540 16777215 0.001378
0.821202 0.530693 0.461713 16777215 0.011076
0.821233 0.303945 0.535380 16777215 0.000001
0.006698 0.421035 0.497521 11250347 0.001493
0.223258 0.217737 0.499961 8618627 0.000003
0.801913 0.203907 0.541830 3158064 0.944093
0.006208 0.516833 0.489336 10987944 0.000017
0.990117 0.600631 0.467032 16252407 0.000001
0.168454 0.234434 0.505084 16777215 0.026592
0.995080 0.535779 0.516048 16777215 0.000013
0.014363 0.621506 0.462506 16777215 0.002626
0.975890 0.565846 0.463281 15790064 0.002846
0.547783 0.229439 0.486287 16777215 0.000032
0.789457 0.731133 0.532375 16777215 0.000000
0.965048 0.694852 0.536786 16777215 0.005929
0.971258 0.359426 0.533755 16777215 0.006894
0.258938 0.771812 0.520564 16777215 0.000007
0.359432 0.209880 0.529707 8290687 0.000040
0.985934 0.670246 0.465703 16777215 0.040630
0.973803 0.530365 0.461260 16381688 0.000003
0.216658 0.762157 0.521694 16777215 0.002515
0.484759 0.778268 0.482555 16777215 0.355163
0.978255 0.396643 0.482093 16053749 0.000396
0.172544 0.541563 0.498139 16777215 0.117934
0.309748 0.259916 0.509502 14606826 0.000063
0.830083 0.774262 0.524321 16777215 0.254854
0.690149 0.779374 0.512940 10526882 0.000273
0.234581 0.207916 0.532607 7697267 0.021987
0.617183 0.793769 0.463020 11842739 0.998634
0.005858 0.430141 0.497704 9869462 0.011180
0.433417 0.756537 0.513432 16777215 0.000000
0.993712 0.311448 0.491023 16777215 0.000007
0.915336 0.751038 0.522164 16777215 0.000015
0.113650 0.798333 0.456448 12434877 0.543307
0.972767 0.287335 0.532631 16777215 0.263550
0.979220 0.734812 0.530571 16777215 0.026824
0.994664 0.786277 0.530825 16777215 0.817027
0.041659 0.490969 0.488637 16777215 0.009032
0.759509 0.262863 0.457580 16777215 0.000000
0.043350 0.513639 0.536460 16777215 0.041118
0.042470 0.213855 0.535418 16777215 0.493325
0.696357 0.776820 0.533082 16777215 0.000003
0.575628 0.787840 0.518383 11053224 0.000025
0.751362 0.787950 0.492331 11184552 0.014318
0.648163 0.757470 0.479415 16777215 0.063057
0.994081 0.473470 0.462238 16645631 0.000000
0.060438 0.351070 0.470054 16776959 0.000300
0.977936 0.552800 0.516495 16777215 0.050247
0.307116 0.560549 0.517512 16777215 0.119368
0.190973 0.438899 0.544026 16777215 0.000017
0.283054 0.783275 0.479314 14671324 0.839142
0.007882 0.560234 0.500144 12238266 0.003826
0.304319 0.780858 0.468432 11776691 0.764185
0.259363 0.790069 0.466572 12961476 0.289221
0.120886 0.783403 0.488959 12368826 0.000458
0.017860 0.729666 0.480480 11315372 0.000417
0.057834 0.444575 0.521044 16777215 0.152776
0.088477 0.788303 0.477536 13421000 0.353420
0.722393 0.562884 0.451129 16777215 0.228324
0.947984 0.265947 0.471925 16777215 0.000074
0.981001 0.687171 0.495457 15721701 0.008302
0.874942 0.213739 0.534328 6711654 0.064897
0.978547 0.439246 0.500580 15790576 0.000033
0.976144 0.330191 0.512236 16513531 0.000071
0.016183 0.330381 0.478328 11777204 0.000019
0.286672 0.295656 0.528837 16777215 0.000201
0.056133 0.442571 0.516229 14671582 0.001300
0.677360 0.203202 0.490551 7302767 0.000000
0.279228 0.220163 0.480474 9934742 0.023297
0.567358 0.229417 0.470176 16777215 0.000006
0.467779 0.744739 0.527799 16777215 0.000303
0.572633 0.332059 0.507570 16777215 0.000000
0.010408 0.612014 0.509218 10790561 0.001106
0.983880 0.623762 0.486382 16514296 0.002805
0.238498 0.747688 0.487845 16777215 0.000004
0.138880 0.547582 0.497354 16777215 0.002846
0.982591 0.455847 0.521796 16777215 0.015327
0.444744 0.358218 0.491578 16777215 0.000000
0.973497 0.595074 0.469897 16249335 0.033673
0.962813 0.716284 0.471503 15198955 0.002358
0.988641 0.499029 0.505509 16777215 0.000001
0.088806 0.452731 0.541844 16777215 0.000327
0.675881 0.778978 0.465826 16777215 0.117031
0.352397 0.784781 0.473077 13289667 0.380574
0.704882 0.703074 0.537823 16777215 0.000000
0.987177 0.602186 0.472793 16711678 0.000000
0.443740 0.797173 0.455248 13948372 0.925203
0.524294 0.785087 0.530185 16777215 0.996585
0.046246 0.436011 0.464221 16777215 0.000021
0.276513 0.789482 0.479516 11643823 0.031514
0.060928 0.422529 0.514309 16777215 0.019105
0.987183 0.458880 0.470969 16777215 0.000041
0.730964 0.209010 0.465520 8421506 0.340089
0.288852 0.212346 0.525097 8881025 0.019202
0.796873 0.740479 0.484693 16777215 0.004437
0.198830 0.571610 0.539440 16777215 0.000299
0.318928 0.510126 0.549558 16777215 0.904772
0.991534 0.707003 0.456897 16382714 0.005568
0.960676 0.404679 0.481697 16777215 0.001831
0.829140 0.780869 0.525620 10461086 0.000730
0.559043 0.357476 0.462127 16777215 0.000000
0.926771 0.476086 0.464659 16777215 0.000001
0.686613 0.745563 0.515806 16777215 0.009463
0.226630 0.576242 0.544766 16777215 0.004904
0.067625 0.501374 0.525102 16777215 0.000008
0.011511 0.629631 0.475219 12632511 0.000481
0.033435 0.337441 0.493836 16777215 0.046959
0.993103 0.305147 0.456260 16777215 0.000167
0.415977 0.209592 0.462593 7434866 0.000235
0.963383 0.361322 0.475434 16449019 0.000037
0.866653 0.795348 0.527090 10197915 0.000003
0.685244 0.474317 0.454572 16777215 0.110677
0.447982 0.233669 0.537063 16777215 0.000006
0.969592 0.457114 0.532737 16777215 0.000444
0.857658 0.208991 0.483273 6776936 0.000094
0.178606 0.786373 0.456151 16777215 0.026552
0.075022 0.593499 0.530819 16777215 0.000680
0.978554 0.629261 0.464790 16645116 0.000083
0.651193 0.780029 0.521870 16777215 0.780989
0.754545 0.787652 0.540932 16777215 0.000032
0.735229 0.423878 0.546667 16777215 0.000338
0.548482 0.204048 0.534264 6251622 0.694585
0.581249 0.208608 0.475396 8224385 0.028290
0.464325 0.293069 0.534879 16777215 0.000000
0.812287 0.790900 0.534811 16777215 0.897650
0.943968 0.691596 0.453806 16514299 0.000440
0.248551 0.213888 0.532643 16777215 0.000008
0.396616 0.223786 0.487130 16777215 0.000011
0.242018 0.423559 0.470188 16777215 0.000000
0.978790 0.496773 0.524687 16777215 0.149999
0.527111 0.656997 0.483612 16777215 0.000000
0.200794 0.449228 0.549011 16777215 0.000728
0.971640 0.597986 0.510957 16777215 0.026340
0.249004 0.671704 0.514444 16777215 0.000000
0.856227 0.487710 0.486703 16777215 0.000005
0.333645 0.227024 0.452175 16777215 0.000000
0.173507 0.530575 0.541994 16777215 0.000349
0.686251 0.582222 0.481026 16777215 0.000065
0.991384 0.330329 0.502520 16777214 0.000028
0.053638 0.427514 0.533457 16777215 0.000210
0.978961 0.302086 0.463724 16777215 0.000071
0.003901 0.269793 0.453297 14211033 0.999554
0.346418 0.202080 0.462562 7829110 0.000036
0.993700 0.612799 0.531590 16777215 0.248966
0.895702 0.790179 0.493088 9934743 0.000004
0.682546 0.491545 0.453750 16777215 0.126630
0.979791 0.492605 0.458696 16777215 0.072983
0.308447 0.222458 0.545032 16777215 0.000001
0.990331 0.370355 0.512333 16711679 0.000059
0.971561 0.546362 0.479675 16777215 0.000013
0.269015 0.779262 0.463537 15856371 0.014032
0.985874 0.594247 0.488473 16645113 0.000012
0.971822 0.414653 0.529081 16777215 0.020720
0.599439 0.239658 0.454593 16777215 0.000013
0.745975 0.412489 0.541184 16777215 0.000025
0.149108 0.799506 0.453766 11776434 0.998793
0.619929 0.202364 0.495698 7697782 0.011837
0.573543 0.227628 0.544272 16777215 0.000003
0.973650 0.479254 0.538367 16777215 0.000567
0.706477 0.767488 0.535356 16777215 0.000077
0.946638 0.713398 0.473727 15789550 0.011172
0.386748 0.437700 0.520321 16777215 0.000001
0.156933 0.335408 0.479976 16777215 0.000000
0.387297 0.520983 0.544725 16777215 0.000000
0.979974 0.495011 0.524231 16777215 0.030534
0.626611 0.709636 0.478319 16777215 0.000000
0.319373 0.346290 0.523197 16777215 0.000001
0.872990 0.758858 0.540006 16777215 0.000001
0.969929 0.558105 0.536545 16777215 0.007940
0.180357 0.575451 0.534437 16777215 0.000002
0.780288 0.577557 0.452167 16777215 0.000022
0.398836 0.499822 0.530707 16777215 0.000010
0.456785 0.336816 0.467644 16777215 0.000000
0.146518 0.544374 0.508731 16777215 0.000001
0.610408 0.498206 0.492164 16777215 0.000002
0.063799 0.237307 0.539843 16777215 0.011222
0.949507 0.765715 0.454436 16514043 0.000131
0.873006 0.674524 0.522135 16777215 0.000037
0.094851 0.760689 0.545583 16777215 0.000009
0.701658 0.547091 0.455256 13027271 0.297034
0.974935 0.204732 0.500487 7303023 0.000986
0.111273 0.775238 0.498514 13158345 0.000763
0.991658 0.786157 0.481598 15396076 0.004921
0.986783 0.716093 0.486545 16776188 0.000028
0.893878 0.252226 0.451627 16777215 0.000005
0.092440 0.361396 0.536225 16777215 0.000013
0.953750 0.257089 0.540005 16777215 0.002185
0.024199 0.299714 0.516220 16777215 0.210232
0.019618 0.300258 0.489572 10131866 0.000360
0.008662 0.222018 0.496696 10526879 0.008992
0.882963 0.423128 0.485488 16777215 0.000005
0.966675 0.263115 0.503229 16777215 0.000459
0.988248 0.574423 0.508907 16777215 0.000038
0.039108 0.769426 0.523782 16777215 0.391740
0.967257 0.267771 0.538877 16777215 0.024202
0.995157 0.206611 0.528563 16777215 0.265494
0.933367 0.211307 0.546621 16777215 0.959358
0.041993 0.259420 0.529930 16777215 0.387479
0.946214 0.713882 0.543329 16777215 0.000079
0.569201 0.794723 0.499225 10987173 0.000151
0.985045 0.221575 0.458454 16777215 0.000853
0.932570 0.342861 0.537765 16777215 0.000171
0.006038 0.207522 0.491017 10921380 0.324437
0.987307 0.257063 0.501148 16777215 0.000050
0.058164 0.740177 0.507667 16777215 0.019119
0.883777 0.220756 0.452973 16777215 0.000396
0.013451 0.239565 0.473411 12435649 0.009543
0.016021 0.284559 0.492448 10724771 0.001185
0.069999 0.796079 0.523754 13553104 0.000489
0.913364 0.789006 0.506189 9145485 0.001626
0.987934 0.736349 0.488598 16316409 0.000027
0.971875 0.767012 0.474737 16777215 0.000810
0.720150 0.565219 0.477629 11908277 0.193284
0.959643 0.238616 0.455365 16777215 0.000029
0.108963 0.353068 0.539643 16777215 0.000003
0.986894 0.215510 0.495307 15657447 0.025754
0.744415 0.432795 0.460613 16777215 0.876341
0.953902 0.229741 0.543398 16777215 0.036918
0.981501 0.791437 0.470708 11119018 0.011810
0.250540 0.233699 0.541914 16777215 0.000498
0.957755 0.753510 0.533750 16777215 0.000413
0.089879 0.761440 0.459467 16777215 0.000030
0.002616 0.754118 0.454609 10855844 0.992104
0.006615 0.790626 0.495150 12105655 0.001229
0.245436 0.787605 0.493830 12106169 0.000136
0.993526 0.209469 0.513987 16777215 0.000153
0.019734 0.686653 0.528628 16777215 0.054911
0.033324 0.298470 0.468421 16777215 0.000668
0.067054 0.224208 0.523306 13751248 0.001360
0.932401 0.785388 0.545007 16777215 0.013812
0.869903 0.247697 0.540007 16777215 0.022788
0.874274 0.782900 0.480224 12040119 0.002612
0.456047 0.216262 0.491767 7763830 0.000075
0.138431 0.778328 0.522759 16777215 0.000007
0.127100 0.661640 0.530927 16777215 0.000002
0.055317 0.394937 0.494175 16777215 0.002062
0.054468 0.321292 0.459823 16777215 0.000000
0.035100 0.639327 0.500755 14143963 0.000215
0.980757 0.291024 0.468505 16777215 0.000126
0.184058 0.216020 0.452774 16777215 0.001328
0.982947 0.674917 0.482755 16054004 0.000014
0.964479 0.274869 0.538597 16777215 0.052171
0.995611 0.204322 0.459470 14474200 0.351947
0.065770 0.205219 0.465552 8750725 0.000063
0.941097 0.366660 0.547366 16777215 0.003674
0.004929 0.202978 0.528553 13158600 0.971363
0.022398 0.342340 0.493991 11315886 0.001138
0.970683 0.757914 0.514175 16777215 0.020880
0.011913 0.201224 0.453511 0 0.996048
0.014198 0.232046 0.515277 13093576 0.994707
0.081073 0.214627 0.478309 16777215 0.196048
0.085940 0.228770 0.519709 16777215 0.000024
0.010010 0.624924 0.473881 9934998 0.000205
0.032093 0.757605 0.492772 16777215 0.009148
0.056839 0.220258 0.532142 11708833 0.007168
0.825649 0.732501 0.529895 16777215 0.000617
0.975758 0.727698 0.483773 16777214 0.002185
0.765750 0.765677 0.468379 16777215 0.001406
0.135805 0.722185 0.515589 16777215 0.000009
0.920658 0.710822 0.454228 16448507 0.000000
0.781556 0.778012 0.511258 11711926 0.007374
0.049034 0.557837 0.538647 16777215 0.000290
0.027320 0.339311 0.515877 16777215 0.002308
0.009975 0.395718 0.500628 11053737 0.002354
0.227644 0.267097 0.538545 16777215 0.000000
0.985960 0.515179 0.487001 16251388 0.000001
0.010204 0.474649 0.502572 10328218 0.000217
0.355626 0.786267 0.515846 12895171 0.019575
0.325557 0.214916 0.524520 9343121 0.000008
0.500031 0.221293 0.545397 16777215 0.000126
0.488096 0.285502 0.510273 16777215 0.000046
0.816869 0.207622 0.535068 5590864 0.280306
0.977060 0.639955 0.464183 16448762 0.000259
0.809149 0.205140 0.480772 7566193 0.000286
0.012197 0.408713 0.525572 16777215 0.224679
0.673294 0.791519 0.473831 10856873 0.002417
0.976961 0.617394 0.524253 16777215 0.088696
0.875092 0.237146 0.544207 16777215 0.000219
0.710484 0.277422 0.466596 16777215 0.000000
0.376400 0.217237 0.484312 8882056 0.012712
0.967322 0.417211 0.537155 16777215 0.005162
0.747956 0.727180 0.493630 16777215 0.000043
0.636302 0.747697 0.513641 16777215 0.000002
0.584642 0.247536 0.536978 16777215 0.005441
0.012764 0.786992 0.480955 12500415 0.009000
0.007169 0.220090 0.512593 10329245 0.004468
0.977753 0.222357 0.526489 16777215 0.008701
0.967888 0.698823 0.548366 16777215 0.001202
0.974776 0.324655 0.480122 16777215 0.003013
0.887410 0.785877 0.544948 16777215 0.074903
0.972266 0.320234 0.475936 16316158 0.000382
0.052978 0.208058 0.547809 16777215 0.998267
0.957992 0.785857 0.455891 16645628 0.027892
0.991906 0.230600 0.458093 16777215 0.007826
0.109068 0.790166 0.471781 13092808 0.220816
0.891372 0.776278 0.513075 10462871 0.005470
0.490100 0.211322 0.470984 7368816 0.000108
0.975739 0.445681 0.484173 16711423 0.000004
0.078034 0.751703 0.512517 16777215 0.002931
0.599698 0.792590 0.466221 10526880 0.000884
0.735820 0.778169 0.526607 16777215 0.037900
0.750606 0.784363 0.505495 11448496 0.000048
0.956777 0.667284 0.532873 16777215 0.000671
0.018187 0.284222 0.503552 16777215 0.166788
0.665956 0.785454 0.479868 10526623 0.083821
0.421630 0.241972 0.511036 16777215 0.001816
0.793142 0.784747 0.495771 10067097 0.000382
0.161087 0.228674 0.454210 16777215 0.000007
0.977634 0.432271 0.509742 16777215 0.007426
0.430357 0.758735 0.520572 15330026 0.068078
0.674210 0.794623 0.526108 10921639 0.000008
0.703480 0.205573 0.479395 7500401 0.000007
0.393416 0.283501 0.487867 16777215 0.000000
0.607962 0.670331 0.482794 16777215 0.000000
0.557200 0.208801 0.538134 16250358 0.988688
0.494732 0.221127 0.516361 6974573 0.000070
0.228894 0.784254 0.540639 16777215 0.001475
0.619730 0.217181 0.507233 7369071 0.000008
0.976358 0.545629 0.464400 16776959 0.000268
0.462551 0.214381 0.517095 8880255 0.000006
0.640572 0.771136 0.541343 16777215 0.000001
0.023552 0.323202 0.455218 16777215 0.000042
0.381561 0.752901 0.485967 16777215 0.000728
0.355094 0.298351 0.488821 16777215 0.000000
0.197517 0.776935 0.525199 16777215 0.000012
0.705002 0.793869 0.528243 11514033 0.000052
0.979415 0.203707 0.453014 14606046 0.993107
0.025547 0.408158 0.466943 16777215 0.000012
0.258578 0.258746 0.460413 16777215 0.000001
0.293826 0.735952 0.458762 16777215 0.000084
0.613878 0.217540 0.493645 7499886 0.000025
0.975954 0.393060 0.462836 16777215 0.000093
0.749716 0.584578 0.527588 16777215 0.001976
0.056577 0.796722 0.548200 16777215 0.996783
0.902112 0.251320 0.537135 16777215 0.000355
0.978130 0.385014 0.512242 16777215 0.008301
0.996282 0.754985 0.452448 15066340 0.999109
0.925294 0.584079 0.547182 16777215 0.000002
0.706118 0.229994 0.486335 16777215 0.000483
0.981364 0.687620 0.471967 15001583 0.000166
0.827075 0.253904 0.536515 16777215 0.000005
0.950383 0.794299 0.453272 14803425 0.998420
0.833017 0.773594 0.532050 16777215 0.137056
0.996581 0.201145 0.489668 7303278 0.991831
0.018060 0.642003 0.517888 16777215 0.051009
0.011237 0.579620 0.516133 11513517 0.000024
0.952357 0.626875 0.463114 16382713 0.000001
0.478413 0.225797 0.545576 16777215 0.000001
0.402225 0.773176 0.547347 16777215 0.000000
0.979079 0.351819 0.477874 16777215 0.000001
0.336779 0.770354 0.531679 16777215 0.000006
0.976596 0.605585 0.540848 16777215 0.000070
0.670695 0.202281 0.456983 7631987 0.983776
0.313487 0.205892 0.524312 8618882 0.000156
0.937747 0.473830 0.459160 16777215 0.000010
0.852422 0.234252 0.505710 7894903 0.000027
0.189275 0.518267 0.542466 16777215 0.001681
0.534495 0.216856 0.477943 7565166 0.038479
0.310630 0.537880 0.504737 16777215 0.000014
0.223146 0.203754 0.541472 9079433 0.003762
0.980196 0.687194 0.519252 16777215 0.049553
0.830391 0.232670 0.539612 16777215 0.000000
0.190534 0.443094 0.546881 16777215 0.000666
0.895182 0.435901 0.535820 16777215 0.000000
0.063127 0.327285 0.524770 16777215 0.000035
0.003216 0.203028 0.510814 10658467 0.998359
0.994409 0.330327 0.514834 16777215 0.000006
0.888590 0.691079 0.544675 16777215 0.000001
0.946150 0.741878 0.539692 16777215 0.008110
0.940504 0.599907 0.535369 16777215 0.000331
0.969065 0.534849 0.490264 16777215 0.003300
0.117006 0.569552 0.512619 16777215 0.000012
0.485735 0.784456 0.493582 11646387 0.000063
0.787382 0.758838 0.539527 16777215 0.000000
0.545214 0.253407 0.463084 16777215 0.000002
0.658108 0.766256 0.540524 16777215 0.000000
0.675601 0.736582 0.496552 16777215 0.000005
0.005678 0.447835 0.527179 16777215 0.059050
0.226701 0.768768 0.461511 16777215 0.001311
0.509771 0.786400 0.479880 10789276 0.075555
0.985450 0.446240 0.486380 16118770 0.000002
0.683117 0.463463 0.453722 16777215 0.000061
0.391043 0.208858 0.527649 7763574 0.000159
0.993300 0.634619 0.501400 16777215 0.016834
0.989550 0.557389 0.501260 16777214 0.000020
0.030835 0.341483 0.502059 16777215 0.006064
0.198595 0.731590 0.472428 16777215 0.000001
0.012068 0.412636 0.505862 10264476 0.000570
0.223013 0.783641 0.491936 12171449 0.611039
0.551626 0.242415 0.457883 16777215 0.000005
0.935307 0.530736 0.526480 16777215 0.001297
0.023285 0.758212 0.545912 16777215 0.123893
0.980961 0.650789 0.476892 16777215 0.000858
0.821576 0.743995 0.531105 16777215 0.000001
0.662929 0.221784 0.518835 12304312 0.000606
0.601987 0.218269 0.504458 10328217 0.365012
0.042156 0.509052 0.535979 16777215 0.003185
0.648362 0.778959 0.468777 16777215 0.316625
0.981949 0.356359 0.463418 16777215 0.002906
0.990333 0.560441 0.467255 16580090 0.000000
0.018909 0.581093 0.506719 16777215 0.090725
0.845996 0.795012 0.537746 11250859 0.002620
0.238583 0.437302 0.505537 16777215 0.001276
0.341429 0.790111 0.475449 11842996 0.013316
0.983358 0.391294 0.522864 16646140 0.000109
0.044578 0.407382 0.525120 16777215 0.280685
0.937591 0.276775 0.495898 16777215 0.002098
0.021057 0.789348 0.545399 16777215 0.811020
0.008039 0.775112 0.462273 16579323 0.308725
0.281631 0.754546 0.502980 16777215 0.000029
0.970745 0.291153 0.474484 16382970 0.000031
0.017655 0.689098 0.459048 16777215 0.000148
0.075758 0.211203 0.476959 9013125 0.000346
0.010164 0.504431 0.482664 10396321 0.003054
0.066145 0.573235 0.539471 16777215 0.000093
0.966694 0.608383 0.472291 16382455 0.000003
0.581219 0.751855 0.540211 16777215 0.000003
0.656666 0.778264 0.489099 10921124 0.026189
0.713612 0.224616 0.451382 16777215 0.000009
0.223933 0.774866 0.502181 16577527 0.009332
0.962642 0.419126 0.530750 16777215 0.011819
0.723714 0.735788 0.550515 16777215 0.000000
0.016056 0.711787 0.508130 16777215 0.028549
0.588246 0.786217 0.490980 11515308 0.000321
0.008613 0.733173 0.476539 10855845 0.000331
0.010552 0.603485 0.468951 12238014 0.050016
0.787792 0.750387 0.536169 16777215 0.000000
0.711878 0.784629 0.516852 10987688 0.000067
0.350080 0.738762 0.509575 16777215 0.000001
0.492465 0.663111 0.483428 16777215 0.000000
0.006745 0.438039 0.452012 16777215 0.871242
0.543608 0.232666 0.514702 8947591 0.000056
0.992957 0.508353 0.517522 16777215 0.000080
0.581997 0.210526 0.517009 9866895 0.001517
0.203045 0.698411 0.471893 16777215 0.000001
0.052835 0.783244 0.543033 16777215 0.004278
0.981845 0.709834 0.506105 16777215 0.004085
0.529418 0.672865 0.508103 16777215 0.000025
0.969750 0.451307 0.535483 16777215 0.086942
0.047593 0.571621 0.457279 16777215 0.000000
0.982929 0.396895 0.482227 16777215 0.000005
0.988549 0.326106 0.525982 16777215 0.000698
0.945385 0.560051 0.540823 16777215 0.000440
0.981336 0.732277 0.526505 16777215 0.023512
0.985984 0.437673 0.505662 16777215 0.000098
0.986349 0.728065 0.483007 16579056 0.001577
0.285378 0.219298 0.481376 8882826 0.000416
0.091430 0.510304 0.516315 16777215 0.000000
0.328595 0.790722 0.461403 12565949 0.021063
0.005337 0.593113 0.496194 10658208 0.000023
0.002564 0.562191 0.452230 16449021 0.996948
0.952387 0.621227 0.520205 16777215 0.006511
0.997398 0.333474 0.526491 15724785 0.000148
0.050746 0.466181 0.504771 16777215 0.000005
0.208229 0.783720 0.464541 15527920 0.010242
0.916084 0.648349 0.499966 16777215 0.000001
0.993078 0.431683 0.518716 16777215 0.000931
0.782201 0.740712 0.549399 16777215 0.000000
0.685615 0.364335 0.549142 16777215 0.000002
0.220936 0.790323 0.498885 14872563 0.030681
0.181582 0.503387 0.452705 16777215 0.109432
0.146319 0.579272 0.527152 16777215 0.000001
0.124687 0.353194 0.540731 16777215 0.000001
0.634983 0.473599 0.501046 16777215 0.000010
0.296260 0.246967 0.544330 16777215 0.000000
0.952006 0.396799 0.528113 16777215 0.000833
0.300944 0.772714 0.461812 16777215 0.004064
0.415748 0.308843 0.451934 16777215 0.000000
0.858681 0.766479 0.536172 16777215 0.000002
0.592681 0.245109 0.547023 16777215 0.000000
0.823881 0.784559 0.536447 16777215 0.014381
0.847259 0.735637 0.531800 16777215 0.000000
0.784626 0.556250 0.464995 16777215 0.031154
0.046284 0.715840 0.537124 16777215 0.002099
0.934712 0.368603 0.529149 16777215 0.014296
0.988081 0.592086 0.496993 16252920 0.000047
0.110206 0.497528 0.457257 16777215 0.000000
0.488922 0.277753 0.457720 16777215 0.000000
0.806813 0.251880 0.456938 16777215 0.000000
0.983885 0.562501 0.481598 16448247 0.000002
0.062994 0.568160 0.527723 16777215 0.000000
0.358460 0.694916 0.478019 16777215 0.000000
0.974494 0.325095 0.503392 16777215 0.011325
0.880302 0.441661 0.545619 16777215 0.000000
0.014842 0.596089 0.464041 12500153 0.085220
0.863423 0.430875 0.517020 16777215 0.000030
0.267116 0.798732 0.457058 12040118 0.606147
0.561526 0.776183 0.460873 16777215 0.000012
0.005267 0.394161 0.451743 16777215 0.890367
0.661649 0.209779 0.503341 8026233 0.000003
0.690680 0.791080 0.533352 10789281 0.948826
0.269053 0.561510 0.537760 16777215 0.005190
0.857038 0.625781 0.509306 16777215 0.000003
0.033875 0.366417 0.539684 16777215 0.002903
0.488946 0.711933 0.487080 16777215 0.000000
0.308137 0.353837 0.473954 16777215 0.000003
0.233775 0.429292 0.471825 16777215 0.000065
0.683493 0.544162 0.542859 16777215 0.000003
0.903508 0.599887 0.476838 16777215 0.000003
0.335365 0.494136 0.549499 16777215 0.000005
0.308671 0.444698 0.551295 16777215 0.000172
0.839560 0.474768 0.453318 16777215 0.000025
0.287413 0.437623 0.452350 16777215 0.000001
0.821851 0.492103 0.450135 16777215 0.010096
0.033888 0.697767 0.541860 16777215 0.003842
0.985852 0.667740 0.503811 16777211 0.000231
0.162235 0.450396 0.452131 16777215 0.000000
0.029733 0.426249 0.529299 16777215 0.192011
0.110594 0.544991 0.467872 16777215 0.000000
0.319129 0.289360 0.460291 16777215 0.000000
0.848775 0.241056 0.456831 16777215 0.000000
0.123660 0.535726 0.534943 16777215 0.000000
0.244441 0.687953 0.479633 16777215 0.000000
0.937865 0.388953 0.544318 16777215 0.000000
0.325443 0.208506 0.544491 16777215 0.991905
0.021499 0.620998 0.474090 10066072 0.246664
0.139869 0.788289 0.472232 12632000 0.000541
0.573004 0.760711 0.465271 16777215 0.000021
0.033283 0.279629 0.466871 16777215 0.002092
0.410227 0.216128 0.511097 7697265 0.000001
0.679091 0.771503 0.516965 11447982 0.244432
0.564288 0.778227 0.461367 16777215 0.000004
0.356524 0.766003 0.451996 16777215 0.000000
0.972204 0.549625 0.521411 16777215 0.000037
0.297300 0.453270 0.538517 16777215 0.001086
0.973487 0.491415 0.464422 16777215 0.000016
0.278739 0.561956 0.548442 16777215 0.844711
0.382535 0.466225 0.526416 16777215 0.000003
0.331211 0.493699 0.549909 16777215 0.001377
0.975276 0.545736 0.467334 16777215 0.000017
0.501483 0.785049 0.529636 16777215 0.977431
0.262101 0.418258 0.457160 16777215 0.000000
0.519047 0.477640 0.511506 15790064 0.000015
0.029234 0.243801 0.539799 16777215 0.035117
0.937531 0.723471 0.487625 16777215 0.000383
0.014062 0.775388 0.454979 16777215 0.084784
0.885932 0.729705 0.520952 16777215 0.000514
0.945062 0.609698 0.465564 16777214 0.000007
0.973285 0.220725 0.498254 4934993 0.004633
0.996532 0.685462 0.515822 16777215 0.000042
0.947504 0.250902 0.482326 16777215 0.000428
0.063096 0.246387 0.545910 16777215 0.000069
0.011154 0.671059 0.484923 10461342 0.000231
0.917718 0.261570 0.532076 16777215 0.000319
0.029809 0.296250 0.506574 16777215 0.033151
0.027334 0.230192 0.492574 13748680 0.013829
0.772035 0.367976 0.463610 16777215 0.000003
0.994446 0.262281 0.508278 16777215 0.000055
0.985394 0.245142 0.520016 16777215 0.599203
0.912392 0.696478 0.543235 16777215 0.000010
0.224242 0.666327 0.525647 16777215 0.000001
0.987353 0.203413 0.471103 6909035 0.504858
0.988019 0.212157 0.485393 16777215 0.001896
0.025900 0.211322 0.477397 10001822 0.117393
0.995886 0.314533 0.520098 16777215 0.000034
0.943219 0.222089 0.461287 15988215 0.003123
0.005921 0.220847 0.461868 10132636 0.040479
0.868825 0.770398 0.517420 14739943 0.063985
0.836516 0.208026 0.540954 16777215 0.993093
0.992553 0.776468 0.505579 16776959 0.000041
0.032158 0.785896 0.483733 13556685 0.347216
0.823830 0.201035 0.459590 5329489 0.316662
0.966779 0.765825 0.485524 15727080 0.005156
0.018788 0.216864 0.454047 16777215 0.242719
0.914056 0.280293 0.453664 16777215 0.000001
0.982244 0.755768 0.507500 16645628 0.000105
0.049016 0.296052 0.543823 16777215 0.000020
0.733705 0.437172 0.460323 14342874 0.680920
0.033154 0.275608 0.512447 12174550 0.052412
0.958530 0.247680 0.537820 16777215 0.042275
0.974539 0.779307 0.470730 12104886 0.007703
0.110538 0.745089 0.467923 16777215 0.000081
0.002728 0.621567 0.455933 8619141 0.915619
0.050811 0.785209 0.477979 13222850 0.014120
0.240266 0.769724 0.510738 13092551 0.000934
0.855479 0.342746 0.502347 16777215 0.000018
0.995037 0.217964 0.522120 16777215 0.000211
0.033498 0.744575 0.521906 16777215 0.044380
0.018208 0.257887 0.460925 16777215 0.002296
0.123086 0.211417 0.504283 10065303 0.000067
0.945242 0.794671 0.547119 16777215 0.859956
0.225948 0.785687 0.536251 16777215 0.984188
0.837376 0.772804 0.459264 16316664 0.000003
0.919218 0.230638 0.544205 16777215 0.003103
0.906154 0.785635 0.484074 10132378 0.000333
0.250932 0.206290 0.526589 5394766 0.001592
0.012777 0.518526 0.473888 11641509 0.000324
0.269076 0.769806 0.516993 16777215 0.000228
0.160901 0.782488 0.543458 16777215 0.000004
0.016199 0.505865 0.526521 16777215 0.010961
0.081008 0.691564 0.536683 16777215 0.000018
0.967993 0.386856 0.466362 16777212 0.000267
0.990828 0.638142 0.513770 16777215 0.000009
0.137067 0.710237 0.465554 16777215 0.000000
0.991048 0.204092 0.496176 5723992 0.982735
0.961152 0.282001 0.527519 16777215 0.185344
0.916474 0.654177 0.544571 16777215 0.000003
0.984768 0.223623 0.471310 16776959 0.010447
0.124009 0.208420 0.501343 10066332 0.000006
0.919555 0.763244 0.531176 16777215 0.904500
0.744045 0.235190 0.533598 16777215 0.261748
0.981560 0.757594 0.543949 16777215 0.058625
0.171303 0.207019 0.459489 16777215 0.683170
0.981657 0.524592 0.491339 16777215 0.000010
0.173355 0.221618 0.545699 16777215 0.000935
0.025709 0.785507 0.544845 16777215 0.130047
0.045842 0.218425 0.496377 9211018 0.000423
0.590451 0.794050 0.501576 11513775 0.000007
0.989463 0.688354 0.486691 16187389 0.005129
0.878687 0.241953 0.466381 16777215 0.000121
0.225575 0.785291 0.483058 12434621 0.000040
0.822737 0.787289 0.490632 10197400 0.000392
0.018057 0.364494 0.471536 16777215 0.003247
0.218767 0.250967 0.542355 16777215 0.000000
0.481670 0.259816 0.514656 16777215 0.000000
0.758794 0.792218 0.492463 10921381 0.000007
0.201595 0.779846 0.488097 13419719 0.498036
0.397598 0.234661 0.523685 9342862 0.000193
0.447302 0.227417 0.544419 16777215 0.000118
0.515812 0.231766 0.540030 16777215 0.000197
0.195265 0.304833 0.473000 16777215 0.000000
0.765058 0.773501 0.464599 16777215 0.000297
0.499949 0.774425 0.532533 16777215 0.000993
0.914984 0.208440 0.495321 6909034 0.000235
0.975009 0.694816 0.496734 16580092 0.014642
0.078244 0.641656 0.524465 16777215 0.000098
0.056854 0.396582 0.486315 16051704 0.007173
0.004505 0.282557 0.452875 16777215 0.981667
0.756640 0.785638 0.486364 11250347 0.270219
0.910909 0.226993 0.539887 16777215 0.002062
0.736694 0.232215 0.479299 16777215 0.000031
0.995619 0.214234 0.453359 16382200 0.966785
0.560218 0.233289 0.530756 16777215 0.019026
0.882039 0.782705 0.486968 12826300 0.601432
0.187023 0.231902 0.498700 12170421 0.000004
0.024546 0.778151 0.478573 11448753 0.022347
0.030254 0.225911 0.508290 8756123 0.037198
0.976559 0.661142 0.483411 16777215 0.000060
0.954225 0.727711 0.545210 16777215 0.000048
0.093651 0.780635 0.457572 16777215 0.000395
0.970719 0.370556 0.531541 16777215 0.042097
0.948815 0.198772 0.453329 0 0.999650
0.036832 0.287402 0.535688 16777215 0.988450
0.575490 0.795476 0.532649 10987430 0.000145
0.936974 0.790225 0.512438 10330267 0.000511
0.926081 0.761556 0.459105 16053235 0.000002
0.964903 0.613633 0.522464 16777215 0.051955
0.866991 0.774972 0.469287 15329511 0.519727
0.506399 0.207372 0.486823 8158332 0.000005
0.930245 0.375091 0.542926 16777215 0.000048
0.935397 0.312173 0.476785 16777215 0.000007
0.991373 0.780049 0.530608 16777215 0.021958
0.041069 0.696876 0.494897 16580606 0.000977
0.628692 0.783148 0.495720 10921896 0.000074
0.961549 0.611637 0.535525 16777215 0.007067
0.992929 0.528308 0.524516 16777215 0.011833
0.470966 0.238820 0.524302 16777215 0.000073
0.284854 0.226769 0.457047 16777215 0.000004
0.571735 0.210297 0.547690 16777215 0.980410
0.101578 0.256353 0.485213 16777215 0.000053
0.987792 0.331804 0.463513 16777215 0.000094
0.425840 0.783960 0.514162 11908022 0.062361
0.721011 0.219223 0.475974 9342607 0.000062
0.462210 0.331281 0.451108 16777215 0.000000
0.469335 0.787121 0.468082 12698559 0.858564
0.301632 0.218953 0.468503 16777215 0.004446
0.425669 0.211275 0.526034 8158589 0.000012
0.647574 0.201923 0.525727 7697781 0.000007
0.952313 0.218475 0.487902 7631230 0.003066
0.415527 0.726519 0.488616 16777215 0.000000
0.501078 0.203845 0.535515 7632247 0.000011
0.719364 0.784695 0.540511 16777215 0.000412
0.980980 0.544516 0.476246 16645119 0.000288
0.306438 0.464171 0.506253 16777215 0.001607
0.944343 0.337126 0.505589 16777215 0.001290
0.409179 0.240744 0.455498 16777215 0.000012
0.203214 0.765314 0.533710 16777215 0.000054
0.751177 0.778301 0.485925 11251117 0.000438
0.791380 0.410417 0.553805 16777215 0.000123
0.281562 0.205725 0.475551 8355967 0.000007
0.492450 0.202577 0.500251 7763831 0.000000
0.608823 0.336355 0.525207 16777215 0.000000
0.019369 0.399141 0.466467 15855085 0.005840
0.417262 0.780484 0.535297 16777215 0.000191
0.212380 0.236573 0.464458 16777215 0.000123
0.301922 0.773003 0.457554 16777215 0.000128
0.741803 0.798635 0.458985 9737619 0.982372
0.490380 0.736273 0.487066 16777215 0.000000
0.600381 0.218431 0.482422 8683133 0.000101
0.006656 0.269623 0.478160 10658209 0.000031
0.991543 0.371562 0.479912 16777215 0.000037
0.759411 0.563978 0.542495 16777215 0.204116
0.744978 0.227242 0.486565 16777215 0.001667
0.968011 0.703452 0.483819 16777215 0.000426
0.870805 0.248333 0.548588 16777215 0.000003
0.023290 0.606870 0.461100 16777215 0.000028
0.984300 0.791927 0.457443 15526893 0.106926
0.981393 0.345322 0.481812 16250879 0.000698
0.009859 0.611789 0.528666 16777215 0.013199
0.031778 0.513797 0.503624 12434620 0.000430
0.018369 0.347286 0.469211 8883599 0.044902
0.373269 0.255021 0.471164 16777215 0.000000
0.452449 0.243931 0.458391 16777215 0.002046
0.201700 0.772426 0.457299 16777215 0.000000
0.104322 0.218300 0.524348 12696772 0.000031
0.331082 0.763072 0.510841 16777215 0.000007
0.500104 0.214834 0.474183 10263453 0.003988
0.787063 0.724696 0.532343 16777215 0.000000
0.379443 0.229497 0.509279 13224647 0.003806
0.339899 0.203805 0.470616 8158332 0.000003
0.745635 0.244905 0.504311 9408654 0.000072
0.983750 0.691995 0.523905 16777215 0.044860
0.793141 0.239798 0.543065 16777215 0.000000
0.992456 0.402913 0.486042 16710909 0.000000
0.124354 0.475530 0.540045 16777215 0.000024
0.387638 0.746428 0.528628 16777215 0.000000
0.022336 0.723437 0.521462 16777215 0.002969
0.026469 0.296283 0.510334 16777215 0.087236
0.929335 0.769429 0.521074 16777215 0.188170
0.985756 0.489965 0.488003 16776446 0.003541
0.816125 0.215129 0.504135 6908777 0.000158
0.484810 0.204066 0.479125 7894903 0.000000
0.433227 0.783120 0.482056 11711668 0.030328
0.577945 0.205786 0.499865 7698295 0.000014
0.509976 0.238132 0.478494 16777215 0.000003
0.485340 0.778621 0.465223 16777215 0.024453
0.277697 0.205666 0.536847 7764087 0.000086
0.466361 0.230752 0.492779 16777215 0.000002
0.961332 0.416221 0.530546 16777215 0.008382
0.689498 0.789091 0.474381 11382189 0.000176
0.793231 0.793988 0.500596 10460830 0.000539
0.934574 0.401892 0.469267 16777215 0.000001
0.988164 0.275148 0.471535 16447994 0.000028
0.140057 0.448592 0.527373 16777215 0.000026
0.032772 0.515031 0.545695 16777215 0.011937
0.261969 0.238250 0.479367 12303289 0.018031
0.295364 0.550589 0.523941 16777215 0.008051
0.297560 0.783273 0.453879 16777215 0.155100
0.531725 0.778340 0.469047 16777215 0.147731
0.967180 0.622704 0.526152 16777215 0.082897
0.419533 0.213533 0.517450 8619397 0.014121
0.106267 0.790090 0.488568 12303291 0.000118
0.989142 0.588455 0.509412 16645631 0.000090
0.006142 0.628510 0.531878 16777215 0.847305
0.206972 0.781274 0.482527 12370628 0.523744
0.758698 0.593612 0.450709 16777215 0.000033
0.030887 0.446603 0.508539 16777215 0.012317
0.957944 0.369093 0.539591 16777215 0.000952
0.895688 0.353058 0.482903 16777215 0.000013
0.524634 0.780865 0.453035 16777215 0.000000
0.041907 0.772410 0.542573 16777215 0.011308
0.529016 0.775233 0.526374 12631743 0.002936
0.977631 0.366112 0.507788 15922420 0.000179
0.793636 0.722931 0.505057 16777215 0.000001
0.652869 0.205919 0.461126 16777215 0.986346
0.216037 0.424045 0.549521 16777215 0.000013
0.558634 0.784483 0.546604 16777215 0.000000
0.189075 0.589020 0.534074 16777215 0.000076
0.683595 0.535541 0.453525 16777215 0.000228
0.652470 0.769116 0.467154 16777215 0.000000
0.924579 0.426092 0.492141 16777215 0.000002
0.019638 0.374387 0.523230 16777215 0.068020
0.995377 0.202010 0.462134 6974059 0.983800
0.976113 0.601083 0.484092 16775935 0.000005
0.658674 0.738387 0.515465 16777215 0.000002
0.021645 0.736450 0.536885 16777215 0.008163
0.744501 0.785447 0.532233 16777215 0.164573
0.948117 0.583352 0.475325 16777215 0.000007
0.979653 0.444696 0.526595 16777215 0.378165
0.731240 0.583532 0.442002 16777215 0.000314
0.606592 0.206698 0.532944 6974829 0.000000
0.408803 0.778648 0.493343 12896452 0.667892
0.938008 0.464491 0.476696 16777215 0.000005
0.674396 0.480762 0.473834 16777215 0.000041
0.947810 0.445342 0.534083 16777215 0.000005
0.255294 0.586896 0.498343 16777215 0.000000
0.761141 0.697982 0.478081 16777215 0.000006
0.924258 0.449891 0.536287 16777215 0.000100
0.329432 0.776572 0.514782 16777215 0.017821
0.459072 0.249786 0.538539 16777215 0.000012
0.318752 0.204794 0.532631 8487296 0.000035
0.873644 0.325406 0.526568 16777215 0.000263
0.067747 0.614747 0.516982 16777215 0.001266
0.981735 0.458813 0.498094 16777215 0.002998
0.803821 0.778976 0.484083 10592414 0.000343
0.536535 0.208704 0.538683 7960953 0.000022
0.545553 0.236566 0.496794 12698813 0.000054
0.924847 0.383349 0.495229 16777215 0.000045
0.661374 0.303460 0.472683 16777215 0.000000
0.087512 0.787284 0.545738 16777215 0.296749
0.614213 0.754361 0.531617 16777215 0.000246
0.056025 0.497013 0.497259 16777215 0.000009
0.944405 0.527817 0.462101 16777215 0.000000
0.510228 0.220142 0.506092 10726563 0.000474
0.894751 0.708428 0.546789 16777215 0.000089
0.068519 0.671739 0.518584 16777215 0.009287
0.157294 0.786181 0.533757 16777215 0.000307
0.022881 0.590898 0.453453 16777215 0.000001
0.071532 0.360548 0.518673 16777215 0.000007
0.094387 0.440880 0.535275 16777215 0.000180
0.972551 0.510462 0.477937 16777212 0.000035
0.094931 0.533163 0.539075 16777215 0.000103
0.684265 0.263729 0.540878 16777215 0.000000
0.984511 0.471973 0.471150 16515067 0.000000
0.976956 0.414249 0.524970 16777215 0.204541
0.950184 0.553839 0.537461 16777215 0.000730
0.949518 0.722993 0.502892 16777215 0.000180
0.199009 0.251108 0.538863 16777215 0.000000
0.982591 0.519977 0.458509 16777215 0.000023
0.438397 0.367137 0.456089 16777215 0.000000
0.696086 0.237304 0.502119 13881554 0.000003
0.294707 0.269360 0.469118 13818833 0.008666
0.327112 0.754785 0.474443 16777215 0.000001
0.011338 0.550336 0.489139 13488327 0.019160
0.596463 0.761280 0.464386 16777215 0.000000
0.985537 0.394975 0.513342 16777215 0.000082
0.020101 0.569008 0.460529 16777215 0.007055
0.692498 0.531746 0.544468 16777215 0.067922
0.305483 0.542447 0.548280 16777215 0.963815
0.985188 0.460739 0.511140 16777215 0.000046
0.980980 0.466212 0.507271 16777215 0.000060
0.945368 0.629345 0.528152 16777215 0.001548
0.037127 0.267722 0.481574 16777215 0.000437
0.017045 0.404871 0.468505 12435390 0.453530
0.844377 0.389761 0.534922 16777215 0.000000
0.594301 0.775535 0.459745 16777215 0.000002
0.946842 0.572291 0.474210 16119288 0.000020
0.848443 0.464754 0.453533 16777215 0.000010
0.022603 0.301943 0.454394 16777215 0.000005
0.008936 0.349184 0.512346 9869207 0.004275
0.022931 0.466679 0.477239 12828348 0.000573
0.293041 0.794985 0.530022 12632254 0.100720
0.994024 0.440652 0.500609 16777215 0.000002
0.656450 0.273203 0.451975 16777215 0.000000
0.971659 0.199625 0.454103 0 0.990751
0.018734 0.310735 0.486747 10790313 0.000043
0.952823 0.495393 0.463586 16777215 0.000000
0.961132 0.474645 0.530258 16777215 0.114851
0.731401 0.206377 0.505173 7500402 0.000004
0.129312 0.787813 0.461098 12105909 0.973410
0.544036 0.203018 0.501404 6315617 0.000004
0.984775 0.505298 0.517155 16777215 0.030546
0.433295 0.211164 0.513226 8684420 0.000000
0.740506 0.791761 0.548967 16777215 0.990835
0.603758 0.210678 0.508488 7566194 0.000001
0.766879 0.781471 0.476837 14144723 0.931515
0.986815 0.630437 0.516858 16777215 0.031127
0.461441 0.443387 0.488202 16777215 0.000000
0.992157 0.597793 0.521985 16777215 0.001207
0.965628 0.580052 0.531869 16777215 0.011137
0.265088 0.611876 0.517508 16777215 0.000011
0.582073 0.505172 0.526944 16777215 0.000000
0.866257 0.512085 0.461405 16777215 0.000001
0.275403 0.628084 0.459706 16777215 0.000003
0.516366 0.228456 0.509851 11382445 0.104185
0.166803 0.499209 0.471070 16777215 0.000004
0.016550 0.692541 0.500951 10066075 0.001147
0.015273 0.325283 0.454112 16777215 0.072053
0.010926 0.731973 0.495984 10921638 0.011059
0.403740 0.217930 0.468720 16777215 0.309766
0.009790 0.479851 0.474993 11316650 0.000170
0.271456 0.782829 0.513732 12500414 0.228783
0.592503 0.321121 0.469021 16777215 0.000000
0.002333 0.372523 0.523210 9868433 0.000648
0.450024 0.756038 0.492317 14146009 0.417056
0.016399 0.591764 0.462223 16777215 0.248156
0.978286 0.588926 0.476766 16645116 0.000000
0.975873 0.405044 0.527739 16777215 0.004666
0.432269 0.199832 0.527834 8421760 0.000001
0.514791 0.208550 0.520756 7567221 0.000001
0.978960 0.520568 0.531891 16777215 0.005473
0.986914 0.595724 0.466254 16777215 0.005628
0.529337 0.222269 0.490793 8881801 0.000003
0.663015 0.786673 0.533351 16777215 0.337523
0.677374 0.214539 0.507752 7960696 0.000002
0.768452 0.430363 0.458788 16777215 0.000060
0.498498 0.775402 0.464913 16777215 0.000115
0.444160 0.771104 0.468329 16777215 0.002995
0.978828 0.556416 0.527404 16777215 0.361853
0.342123 0.530200 0.452378 16777215 0.000000
0.988684 0.627534 0.490566 15855344 0.000714
0.027601 0.590253 0.522118 16777215 0.027106
0.356677 0.533698 0.549067 16777215 0.000001
0.617249 0.492409 0.528599 16777215 0.000000
0.211870 0.578980 0.453146 16777215 0.000001
0.739915 0.587026 0.484571 16777215 0.000000
0.318042 0.465428 0.490497 16777215 0.000001
0.261945 0.413277 0.542486 16777215 0.000149
0.181608 0.556893 0.452194 16777215 0.000000
0.832565 0.548522 0.469485 16777215 0.000005
0.060827 0.262655 0.526565 16777215 0.036776
0.919105 0.723960 0.467264 16448508 0.000018
0.944092 0.761136 0.548164 16777215 0.000254
0.103656 0.764739 0.536749 16777215 0.000024
0.711072 0.554734 0.527139 15001059 0.064909
0.813893 0.201681 0.535123 6974058 0.000337
0.182506 0.792418 0.483097 12303034 0.000036
0.987165 0.790358 0.534252 16777215 0.002791
0.101164 0.317295 0.535530 16777215 0.000009
0.457753 0.769520 0.465392 16777215 0.000077
0.892909 0.284455 0.537548 16777215 0.000280
0.058938 0.487474 0.524713 16777215 0.663009
0.005471 0.419464 0.501530 10526623 0.000130
0.009165 0.208201 0.485090 9868950 0.004936
0.838319 0.330869 0.458069 16777215 0.000001
0.002952 0.727278 0.522908 12566719 0.986690
0.962596 0.300802 0.530298 16777215 0.252701
0.985496 0.207388 0.491654 7171438 0.995067
0.905080 0.703676 0.540870 16777215 0.000005
0.056725 0.762772 0.523965 16777215 0.036197
0.889725 0.202692 0.533319 6974057 0.002395
0.003519 0.790605 0.470095 11316910 0.924260
0.916023 0.323174 0.542206 16777215 0.000045
0.046407 0.758304 0.540777 16777215 0.012687
0.990505 0.211391 0.457998 16711166 0.882040
0.013070 0.318585 0.511554 11842996 0.003131
0.869953 0.793756 0.532973 9870744 0.028913
0.982090 0.229525 0.506682 16777215 0.316888
0.883241 0.208712 0.492525 6909545 0.000014
0.970880 0.737333 0.474412 16777215 0.005275
0.728877 0.577947 0.487552 16777215 0.546487
0.983911 0.210012 0.484516 9539213 0.287105
0.994169 0.711142 0.510247 16776956 0.000006
0.089412 0.321203 0.529446 16777215 0.000018
0.722367 0.440694 0.470166 12171705 0.545253
0.006931 0.794510 0.508960 14013397 0.275610
0.968510 0.216421 0.541901 16777215 0.007574
0.960041 0.793117 0.511637 12105393 0.053205
0.188771 0.231989 0.546045 16777215 0.000190
0.006287 0.777816 0.463011 11447983 0.056902
0.005247 0.795712 0.493962 12500413 0.642655
0.991993 0.220050 0.500413 16382201 0.000007
0.013998 0.266145 0.456961 16777213 0.004294
0.062136 0.208712 0.524606 10067096 0.000269
0.870746 0.779931 0.522501 9671827 0.576598
0.796113 0.762283 0.459850 16777215 0.000004
0.933969 0.222718 0.536909 16777215 0.011638
0.297984 0.766808 0.525151 16777215 0.000126
0.176076 0.768959 0.529047 16777215 0.000054
0.972669 0.675871 0.535188 16777215 0.053591
0.043188 0.608587 0.503925 16777215 0.000009
0.984353 0.351756 0.478496 16777215 0.000077
0.991672 0.784158 0.466035 15198695 0.000521
0.982328 0.297416 0.531453 16777215 0.017031
0.968879 0.242732 0.456353 16776955 0.000272
0.020725 0.298568 0.546865 16777215 0.755270
0.079715 0.213929 0.459789 16777215 0.401023
0.733668 0.790153 0.487197 11448238 0.000028
0.131969 0.213834 0.495715 8157044 0.000012
0.271831 0.223873 0.542488 16777215 0.001172
0.027854 0.730865 0.519826 16777215 0.047748
0.583733 0.795406 0.474029 11052967 0.000572
0.818156 0.780155 0.525420 11381423 0.006995
0.010194 0.252249 0.456859 16777215 0.012481
0.001548 0.235668 0.453259 10591389 0.984260
0.438750 0.227462 0.547069 16777215 0.000001
0.720275 0.787627 0.492527 10658209 0.000007
0.536608 0.238158 0.542766 16777215 0.000032
0.677616 0.750590 0.472993 16777215 0.000146
0.527147 0.738082 0.541260 16777215 0.000004
0.934996 0.203500 0.467679 6579300 0.019812
0.005425 0.248356 0.461910 10789795 0.064798
0.764200 0.785860 0.485737 10461342 0.059478
0.812172 0.265287 0.466905 16777215 0.000000
0.028342 0.533112 0.512307 16777215 0.499610
0.036798 0.243467 0.546567 16777215 0.000928
0.025702 0.264692 0.519949 16777215 0.273540
0.012067 0.217648 0.495612 10724001 0.015088
0.953583 0.756842 0.538773 16777215 0.000491
0.314728 0.783630 0.496777 12566465 0.000893
0.087200 0.216771 0.526612 10264991 0.001547
0.013554 0.275182 0.497990 10724259 0.000123
0.961379 0.305595 0.478470 16777215 0.000059
0.929165 0.796457 0.453201 14408667 0.934225
0.892688 0.629733 0.543021 16777215 0.000000
0.035711 0.795618 0.536026 14145753 0.008708
0.921028 0.786922 0.501410 10789786 0.002276
0.322209 0.784576 0.486531 11908532 0.031603
0.527819 0.228124 0.500792 10132635 0.000261
0.024092 0.722545 0.504382 10591904 0.000202
0.976320 0.779222 0.521431 16777215 0.168406
0.614240 0.787282 0.495658 11250346 0.012024
0.391496 0.215518 0.497094 8487554 0.000002
0.626056 0.793796 0.533049 11645104 0.000052
0.290223 0.284699 0.470796 16777215 0.000000
0.663025 0.787752 0.479817 10855839 0.006040
0.778184 0.796167 0.520930 10856102 0.000009
0.215813 0.227842 0.453075 16777215 0.002232
0.311812 0.226342 0.492551 9540242 0.000031
0.505404 0.203725 0.494057 7566194 0.000003
0.551793 0.207221 0.472583 7105902 0.000056
0.405188 0.212828 0.515311 8289660 0.000003
0.303841 0.765514 0.536599 16777215 0.000217
0.655035 0.210539 0.537267 16777215 0.994795
0.010339 0.499861 0.453179 16777215 0.362768
0.680687 0.264959 0.451986 16777215 0.000000
0.402673 0.222255 0.523277 7106930 0.000061
0.375026 0.235357 0.469910 16777215 0.000004
0.973946 0.622402 0.469565 16381943 0.000060
0.547364 0.791059 0.545965 16777215 0.198606
0.286821 0.240076 0.476166 16777215 0.000151
0.694927 0.742960 0.455998 16777215 0.000036
0.536360 0.780614 0.504858 12239809 0.731333
0.496401 0.766403 0.458286 16777215 0.000000
0.755869 0.248003 0.515009 16777215 0.036348
0.853438 0.201765 0.513863 7040106 0.000017
0.951892 0.225766 0.502987 5793119 0.001389
0.943968 0.541248 0.506071 16777215 0.000050
0.019334 0.337962 0.500001 10921896 0.000164
0.989733 0.391857 0.479239 16645373 0.000057
0.750758 0.562408 0.531503 16777215 0.012816
0.128415 0.306157 0.542009 16777215 0.000000
0.085517 0.212938 0.454296 16777215 0.340436
0.006509 0.591993 0.521029 13092805 0.974655
0.930285 0.773751 0.466304 15987700 0.000865
0.008470 0.463312 0.515897 11447726 0.083011
0.993929 0.687547 0.457048 16645629 0.000056
0.876518 0.227697 0.545833 16777215 0.000006
0.952635 0.549548 0.517784 16777215 0.000299
0.188544 0.212126 0.502031 8947592 0.000001
0.986274 0.296895 0.471666 16777215 0.000020
0.917668 0.199477 0.545914 4407874 0.992899
0.469466 0.232035 0.543592 16777215 0.000002
0.664279 0.781819 0.507550 12108988 0.132100
0.371963 0.712356 0.501998 16777215 0.000000
0.967570 0.299219 0.473010 16776959 0.000034
0.362645 0.771574 0.538431 16777215 0.000002
0.185776 0.743360 0.466591 16777215 0.000000
0.083359 0.437196 0.537003 16777215 0.000090
0.732863 0.224076 0.517413 7633529 0.000073
0.509982 0.308721 0.453644 16777215 0.000000
0.245085 0.200703 0.456828 8092539 0.769177
0.187408 0.518609 0.497711 16777215 0.011286
0.764047 0.785204 0.485235 16777215 0.962779
0.310762 0.525933 0.457028 16777215 0.034619
0.447551 0.247796 0.524308 16777215 0.000001
0.982264 0.517694 0.485213 16579066 0.000001
0.033122 0.696575 0.543679 16777215 0.014978
0.019519 0.226423 0.544372 15988725 0.376339
0.923278 0.708235 0.541032 16777215 0.000007
0.866021 0.693342 0.483647 16777215 0.000002
0.948964 0.305132 0.539602 16777215 0.006269
0.982573 0.219726 0.477183 16777215 0.588827
0.932799 0.743575 0.533830 16777215 0.283857
0.670199 0.784257 0.500093 16382713 0.732101
0.976519 0.410468 0.501320 16777215 0.000006
0.477211 0.207093 0.492426 8092538 0.000000
0.108175 0.224116 0.521734 16777215 0.008862
0.577446 0.211056 0.509190 7829110 0.000029
0.983172 0.508990 0.537341 16777215 0.003724
0.470770 0.734348 0.535499 16777215 0.000002
0.395735 0.789951 0.478547 11842230 0.042752
0.553155 0.781906 0.485484 10987429 0.098469
0.047173 0.514222 0.454329 16777215 0.000000
0.488993 0.777000 0.527791 13224391 0.153161
0.303005 0.540358 0.544200 16777215 0.023286
0.224386 0.225555 0.505898 16777215 0.679024
0.972810 0.511278 0.530199 16777215 0.000016
0.404387 0.206174 0.471990 8422017 0.008048
0.127168 0.797389 0.530581 12631743 0.000018
0.869071 0.204013 0.538969 8355969 0.058996
0.055273 0.759857 0.541975 16777215 0.008257
0.558238 0.779515 0.528271 14079705 0.014129
0.177018 0.529580 0.521324 16777215 0.013985
0.989624 0.392648 0.507738 16777215 0.000087
0.716027 0.769679 0.541622 16777215 0.000000
0.220838 0.578391 0.534666 16777215 0.003050
0.683158 0.527826 0.463886 16777215 0.010285
0.365981 0.273440 0.483805 16777215 0.000001
0.306961 0.599708 0.541383 16777215 0.000000
0.252172 0.435167 0.530186 16777215 0.000429
0.003402 0.669126 0.454700 14211032 0.991722
0.018390 0.209193 0.455269 16777215 0.438715
0.981432 0.681908 0.482506 16054776 0.000001
0.574440 0.244283 0.515646 16777215 0.000619
0.562170 0.768748 0.514429 16777215 0.000257
0.708134 0.745606 0.520708 16777215 0.064241
0.024293 0.641696 0.515577 16777215 0.001490
0.021712 0.221792 0.496506 16777215 0.184131
0.369931 0.220403 0.492746 16777215 0.014850
0.732066 0.629861 0.454632 16777215 0.000004
0.108238 0.449025 0.535550 16777215 0.000000
0.720510 0.406214 0.525343 16777215 0.000020
0.209829 0.783005 0.490976 13619408 0.795766
0.672146 0.485804 0.463189 16777215 0.000054
0.893991 0.487722 0.533790 16777215 0.000000
0.792567 0.397810 0.550442 16777215 0.000063
0.897385 0.786456 0.544231 16777215 0.002281
0.975665 0.592223 0.519155 16777215 0.073308
0.580635 0.782128 0.532753 16777215 0.000772
0.042867 0.747031 0.524991 16777215 0.018389
0.013906 0.682445 0.522030 16777215 0.035744
0.919565 0.356708 0.486645 16777215 0.000000
0.966075 0.531439 0.490617 16777215 0.000019
0.040352 0.429683 0.537256 16777215 0.198730
0.688672 0.519934 0.483354 16777215 0.018794
0.227268 0.579486 0.537435 16777215 0.004661
0.990104 0.247674 0.486156 16777215 0.000009
0.968470 0.633431 0.527749 16777215 0.052962
0.052481 0.700250 0.481039 16777215 0.000000
0.946911 0.289299 0.538791 16777215 0.051175
0.948032 0.272060 0.540179 16777215 0.126907
0.978427 0.691157 0.489742 16777215 0.000394
0.960482 0.666099 0.528364 16777215 0.013603
0.034704 0.672116 0.510866 16777215 0.067744
0.965119 0.680022 0.524474 16777215 0.016645
0.995273 0.539923 0.520209 16777215 0.000043
0.985916 0.673154 0.517554 16777215 0.304557
0.844530 0.259777 0.537316 16777215 0.000000
0.927209 0.403807 0.528717 16777215 0.000336
0.990896 0.581414 0.518547 16777215 0.141792
0.392358 0.206830 0.508709 8814722 0.002338
0.026422 0.228231 0.528711 16777215 0.007653
0.024698 0.705179 0.536452 16777215 0.039138
0.980955 0.359574 0.477470 16777215 0.000005
0.027168 0.434061 0.505450 16777215 0.019524
0.948077 0.629689 0.524382 16777215 0.029796
0.912432 0.472788 0.542165 16777215 0.000027
0.292432 0.794125 0.522149 12830919 0.002394
0.572982 0.743990 0.520977 16777215 0.000047
0.115746 0.561610 0.527102 16777215 0.000011
0.899411 0.554139 0.499568 16777215 0.000000
0.007500 0.247052 0.479410 10329501 0.000760
0.868741 0.204160 0.474867 6842215 0.036782
0.535070 0.204750 0.530820 7565674 0.000019
0.250642 0.639627 0.495550 16777215 0.000000
0.004551 0.714069 0.460636 10329244 0.002407
0.937617 0.530000 0.518043 16777215 0.003530
0.988745 0.428742 0.514866 15463152 0.000029
0.015903 0.372915 0.490214 10723747 0.000012
0.413385 0.207137 0.463979 16777215 0.000437
0.457150 0.752616 0.464552 16777215 0.000095
0.977822 0.569300 0.528348 16777215 0.236934
0.946739 0.574338 0.526897 16777215 0.010435
0.266060 0.430439 0.495828 16777215 0.000500
0.982399 0.687219 0.526560 16777215 0.000775
0.154475 0.780390 0.457976 16777215 0.000889
0.904492 0.552840 0.462729 16711420 0.000000
0.027636 0.542626 0.528326 16777215 0.135583
0.775734 0.778175 0.460901 16777215 0.001573
0.979977 0.473907 0.498463 16777215 0.000008
0.567299 0.217989 0.545794 16777215 0.001944
0.673079 0.782856 0.463580 16777215 0.054438
0.974994 0.601301 0.525675 16777215 0.056607
0.712994 0.767432 0.480023 16777215 0.000351
0.044846 0.651964 0.462415 16777215 0.000000
0.809261 0.783151 0.532260 16777214 0.906722
0.911477 0.485973 0.542531 16777215 0.000015
0.451787 0.205137 0.528269 7500402 0.000059
0.088096 0.437837 0.531025 16777215 0.000015
0.004027 0.485103 0.520945 9869977 0.000101
0.368908 0.775157 0.476733 16250615 0.000002
0.733176 0.430815 0.542870 16777215 0.500070
0.084563 0.713326 0.540635 16777215 0.000003
0.739530 0.327301 0.514589 16777215 0.000003
0.536981 0.767224 0.546837 16777215 0.000011
0.898456 0.396995 0.547654 16777215 0.000000
0.356494 0.770850 0.459020 16777215 0.000234
0.217269 0.439570 0.549004 16777215 0.849961
0.224355 0.581693 0.487876 16777215 0.000025
0.667866 0.470656 0.548771 16777215 0.000000
0.682647 0.542291 0.472645 16777215 0.011896
0.310481 0.581374 0.445822 16777215 0.000000
0.106966 0.528019 0.472400 16777215 0.000000
0.386574 0.410162 0.545477 16777215 0.000001
0.877848 0.454144 0.456288 16777215 0.000000
0.781527 0.405310 0.442890 16777215 0.000262
0.984082 0.386812 0.484310 16777215 0.000020
0.319667 0.558107 0.516619 16777215 0.005537
0.283291 0.382114 0.530539 16777215 0.000062
0.208430 0.396857 0.544102 16777215 0.000002
0.246335 0.371945 0.534887 16777215 0.000153
0.991294 0.604306 0.494901 16646140 0.000003
0.200026 0.788147 0.463275 16447481 0.002125
0.875240 0.513387 0.452041 16777215 0.000000
0.794321 0.791075 0.455033 16777215 0.005072
0.406100 0.209164 0.488880 7368301 0.000018
0.971424 0.479752 0.507590 16777215 0.000197
0.110188 0.789893 0.455595 16119285 0.890590
0.691796 0.208869 0.547587 16777215 0.964805
0.684943 0.779872 0.455665 16777215 0.003676
0.254023 0.596647 0.458215 16777215 0.000000
0.035542 0.603745 0.458318 16777215 0.000000
0.969005 0.439033 0.548316 16777215 0.223265
0.975678 0.451243 0.518489 16777215 0.001993
0.499556 0.203120 0.510005 8816511 0.000629
0.744772 0.759633 0.545330 16777215 0.000009
0.029434 0.494907 0.483776 14014160 0.000072
0.476873 0.768663 0.453178 16777215 0.000000
0.249283 0.563350 0.481262 16777215 0.001202
0.821892 0.550521 0.450842 16777215 0.007602
0.754397 0.411121 0.547676 16777215 0.000305
0.745871 0.423562 0.450628 16777215 0.000000
0.832910 0.413125 0.547194 16777215 0.000001
0.541666 0.786753 0.464103 15855592 0.000063
0.890734 0.599224 0.544108 16777215 0.000000
0.364671 0.780340 0.454767 16777215 0.000394
0.650162 0.465652 0.465997 16777215 0.000001
0.346676 0.527659 0.546416 16777215 0.000021
0.334186 0.583503 0.466462 16777215 0.000000
0.955643 0.325055 0.460096 16776959 0.000017
0.121011 0.570936 0.468689 16777215 0.000000
0.254045 0.432398 0.548365 16777215 0.945442
0.809132 0.475993 0.466848 16777215 0.214865
0.978792 0.472304 0.518143 16777215 0.000050
0.317576 0.483032 0.549572 16777215 0.968929
0.906637 0.340022 0.487770 16777215 0.000000
0.276484 0.357298 0.527453 16777215 0.000004
0.700080 0.438312 0.478050 10723746 0.106379
0.066189 0.227597 0.542853 16777215 0.009260
0.954226 0.716227 0.463849 16579579 0.000077
0.139338 0.704904 0.530143 16777215 0.000010
0.952219 0.205400 0.482278 6776678 0.000587
0.949749 0.772846 0.478123 14869988 0.004141
0.113011 0.292722 0.536254 16777215 0.000016
0.910440 0.251175 0.535809 16777215 0.000620
0.016529 0.387533 0.521303 16777215 0.187084
0.031861 0.244507 0.490191 15789295 0.000926
0.823374 0.350141 0.452737 16777215 0.000002
0.964827 0.329363 0.534971 16777215 0.033687
0.020578 0.785204 0.531349 11316910 0.294043
0.030788 0.216878 0.525915 9014672 0.195251
0.017857 0.762746 0.544221 16777215 0.150882
0.727506 0.216716 0.543213 16777215 0.991592
0.981112 0.770280 0.507659 16185333 0.000046
0.026602 0.781295 0.522512 13620694 0.015919
0.980293 0.789261 0.455387 16777215 0.106277
0.059134 0.797303 0.453677 14408668 0.996280
0.939696 0.679302 0.516187 16777215 0.000795
0.702859 0.550581 0.450573 16777215 0.045745
0.066625 0.205101 0.452747 15198440 0.998240
0.985523 0.715515 0.504974 16777206 0.000068
0.051230 0.426828 0.534972 16777215 0.000233
0.749154 0.415341 0.486374 16777215 0.993988
0.010745 0.791211 0.535006 16777215 0.469493
0.969414 0.787097 0.468852 13158089 0.009312
0.959752 0.764613 0.513019 10460825 0.128422
0.960595 0.715194 0.460696 16777215 0.000046
0.993723 0.210397 0.498626 16777215 0.000115
0.006639 0.794623 0.516068 12894657 0.431419
0.030376 0.600528 0.494192 16447478 0.000049
0.991501 0.222940 0.494214 16711423 0.000030
0.014657 0.714899 0.526116 16777215 0.183215
0.046573 0.294636 0.486092 16777215 0.000822
0.917002 0.261191 0.533204 16777215 0.008522
0.922648 0.794369 0.467335 10527138 0.000759
0.354577 0.210584 0.537653 7237744 0.002293
0.318358 0.777982 0.513764 11185069 0.004347
0.325641 0.783189 0.536297 16777215 0.000069
0.148391 0.759732 0.518946 16777215 0.000004
0.659494 0.607354 0.535331 16777215 0.000024
0.070731 0.673203 0.522934 16777215 0.000018
0.033989 0.345961 0.525606 16777215 0.000617
0.026417 0.480813 0.522258 16777215 0.434992
0.984002 0.311066 0.478316 16777215 0.000061
0.982672 0.673631 0.488909 16514557 0.000012
0.996970 0.202624 0.477929 15658988 0.987877
0.974822 0.233362 0.494225 16777215 0.009872
0.011296 0.353585 0.465663 11579824 0.001359
0.740680 0.224931 0.529559 16777215 0.684392
0.985651 0.771468 0.526595 16777215 0.000793
0.943974 0.764008 0.454984 16250615 0.000070
0.950271 0.766947 0.546082 16777215 0.000073
0.783290 0.776499 0.521867 11052967 0.000119
0.115716 0.214439 0.501407 9408402 0.000023
0.249270 0.219034 0.545120 16777215 0.001457
0.027608 0.761282 0.534108 16777215 0.124774
0.937474 0.450806 0.541532 16777215 0.000295
0.459474 0.788348 0.485701 12237497 0.000036
0.091587 0.665203 0.530195 16777215 0.000004
0.042380 0.416341 0.500589 11513515 0.000444
0.674571 0.782836 0.490459 12631998 0.288465
0.778402 0.784788 0.492024 12171704 0.024577
0.015479 0.314678 0.465596 16580093 0.004909
0.086989 0.213909 0.522924 12434374 0.005418
0.965337 0.619155 0.481774 16777215 0.000004
0.358264 0.249648 0.534684 16777215 0.000002
0.672146 0.791641 0.515915 11119273 0.000003
0.005908 0.613439 0.472258 11250600 0.000074
0.456567 0.771248 0.541351 16777215 0.000116
0.976295 0.203160 0.464346 6776679 0.158892
0.246503 0.227644 0.482829 10987946 0.005517
0.060711 0.606391 0.524235 16777215 0.000259
0.032232 0.348309 0.481236 13291206 0.021104
0.924850 0.224310 0.534113 16777215 0.006362
0.031920 0.526165 0.506738 16777215 0.132214
0.003742 0.313359 0.463597 10000536 0.178607
0.586281 0.727815 0.542746 16777215 0.000000
0.702819 0.234556 0.547430 16777215 0.000618
0.143137 0.204907 0.462304 8618883 0.000118
0.038053 0.785012 0.491624 12368827 0.112046
0.025247 0.243521 0.530002 16777215 0.008212
0.918241 0.251190 0.524456 16777215 0.000313
0.017438 0.679530 0.476427 12894915 0.000292
0.213528 0.792965 0.520446 13027016 0.000035
0.059525 0.388456 0.468025 16777215 0.000245
0.027161 0.262462 0.496262 12764344 0.000302
0.967721 0.309005 0.502486 16777215 0.000019
0.996252 0.244073 0.530445 16777215 0.549629
0.021794 0.228022 0.545555 16777215 0.453630
0.926888 0.767403 0.478036 12699332 0.028108
0.659680 0.787241 0.486698 11973814 0.000897
0.987929 0.213623 0.509596 15922421 0.109097
0.036486 0.640889 0.490527 13749452 0.000119
0.020164 0.733598 0.476172 16777215 0.299355
0.084153 0.778658 0.512188 13881554 0.067614
0.935005 0.753944 0.511841 12499900 0.097944
0.011256 0.612772 0.475372 9671826 0.010243
0.497874 0.227498 0.479855 9146253 0.000675
0.044111 0.478765 0.511881 16777215 0.001369
0.028446 0.728471 0.508492 11316149 0.000102
0.020196 0.475234 0.521214 16777215 0.101170
0.016613 0.316703 0.469516 10592931 0.549880
0.011524 0.280379 0.480444 10592672 0.000069
0.514865 0.215586 0.545824 16777215 0.106594
0.036667 0.315953 0.521596 15658736 0.609910
0.305986 0.263309 0.462890 16777215 0.000004
0.185528 0.217039 0.496595 8551810 0.000806
0.690877 0.780920 0.471305 13159372 0.005743
0.791543 0.796620 0.498679 10592929 0.000002
0.103422 0.229451 0.499556 16777215 0.002463
0.583966 0.205650 0.532690 16777215 0.981930
0.984659 0.319528 0.483317 16449535 0.000141
0.458984 0.218640 0.500911 8618372 0.000013
0.609261 0.217352 0.488987 8882311 0.000291
0.509516 0.203687 0.468338 9605521 0.975836
0.507802 0.205433 0.546769 16777215 0.998051
0.039898 0.488382 0.491397 16777215 0.020748
0.082484 0.512981 0.534556 16777215 0.000164
0.648419 0.218109 0.513602 7434608 0.000247
0.673417 0.217670 0.452064 16777215 0.000505
0.425142 0.215210 0.542288 6908009 0.011325
0.312012 0.481054 0.521212 16777215 0.001603
0.242476 0.236795 0.457204 16777215 0.000009
0.972332 0.396460 0.526727 16777215 0.028767
0.126648 0.780195 0.537549 16777215 0.009540
0.788048 0.435831 0.547939 16777215 0.100752
0.040444 0.428577 0.489740 16777215 0.004852
0.499540 0.767845 0.536015 16777215 0.002564
0.401584 0.235129 0.451785 16777215 0.014130
0.415680 0.753139 0.538234 16777215 0.000001
0.629834 0.781821 0.475003 16777215 0.048836
0.438583 0.781508 0.451416 16777215 0.000001
0.043713 0.427348 0.473254 16777215 0.000012
0.986247 0.544518 0.489391 16777215 0.000006
0.016367 0.325212 0.493137 11381158 0.000400
0.719875 0.567471 0.529934 16777215 0.000427
0.035115 0.783230 0.505891 16777215 0.824532
0.026609 0.234373 0.462855 16777215 0.004656
0.884876 0.788862 0.449056 15329514 0.992940
0.058938 0.526720 0.519273 12698566 0.025150
0.991551 0.736723 0.459142 16645372 0.000071
0.650450 0.214511 0.522312 6776424 0.003337
0.877972 0.229660 0.543318 16777215 0.000010
0.663359 0.730994 0.541805 16777215 0.000000
0.510616 0.251421 0.538987 16777215 0.000003
0.873190 0.769144 0.526074 16777215 0.023790
0.964993 0.321064 0.526735 16777215 0.000658
0.895671 0.211721 0.542789 8619140 0.289190
0.444871 0.235110 0.535321 16777215 0.000003
0.972167 0.446583 0.515660 16777215 0.022959
0.116812 0.778243 0.542876 16777215 0.149893
0.962363 0.354045 0.465576 16777215 0.000013
0.613421 0.202713 0.461678 6645093 0.002034
0.338772 0.734733 0.538263 16777215 0.000001
0.272230 0.253313 0.455969 16777215 0.000000
0.246453 0.225371 0.478983 5461079 0.000384
0.223100 0.206420 0.518825 8816264 0.000005
0.046092 0.440445 0.521305 16777215 0.000957
0.219162 0.759580 0.537661 16777215 0.000096
0.320644 0.766758 0.503933 16777215 0.000001
0.284030 0.215918 0.497142 9013128 0.000007
0.975613 0.408975 0.474315 16777215 0.000082
0.973236 0.682318 0.496724 15395306 0.008275
0.367349 0.730969 0.538595 16777215 0.000000
0.055486 0.707469 0.532640 16777215 0.012558
0.031850 0.213207 0.529931 8554885 0.080253
0.995970 0.767420 0.529266 16777215 0.614768
0.742521 0.200374 0.542743 6842472 0.647190
0.768965 0.773955 0.468106 16646141 0.234711
0.736459 0.672170 0.486718 16777215 0.000000
0.735619 0.204982 0.475697 7105387 0.000063
0.650387 0.203171 0.463754 8289917 0.085049
0.984413 0.477641 0.509909 16777215 0.010943
0.014234 0.457029 0.467431 16777215 0.065440
0.047589 0.218033 0.476056 16055286 0.050217
0.008755 0.518501 0.484440 12038583 0.005564
0.647894 0.216719 0.500360 9473165 0.000180
0.313970 0.715945 0.521036 16777215 0.000000
0.054015 0.534253 0.484857 16777215 0.000010
0.720229 0.757920 0.523245 16777215 0.000000
0.006853 0.659333 0.513200 11448750 0.004000
0.084417 0.213032 0.548642 16777215 0.960433
0.963987 0.496893 0.521838 16777215 0.000132
0.764238 0.571948 0.450919 16777215 0.029732
0.016497 0.288426 0.474358 12302765 0.022541
0.660160 0.216630 0.547210 16777215 0.000562
0.625796 0.257552 0.460836 16777215 0.000000
0.646653 0.237775 0.456820 16777215 0.000002
0.619551 0.791573 0.495028 11250345 0.000163
0.194854 0.530766 0.510921 16777215 0.004132
0.971744 0.582225 0.530235 16777215 0.000302
0.725147 0.754090 0.461132 16777215 0.000059
0.682117 0.460512 0.505688 16777215 0.746068
0.238752 0.581454 0.537989 16777215 0.000251
0.662578 0.541384 0.464502 16777215 0.000019
0.979668 0.479777 0.534622 16777215 0.001279
0.413274 0.220123 0.452462 16777215 0.000262
0.295097 0.609220 0.542989 16777215 0.000001
0.227645 0.428336 0.474503 16777215 0.038349
0.212345 0.440834 0.450112 16777215 0.006692
0.286686 0.441128 0.459015 16777215 0.051474
0.724552 0.217883 0.545925 16777215 0.001524
0.598947 0.794469 0.519386 11776689 0.000044
0.706643 0.776987 0.509629 16777215 0.476996
0.031793 0.693187 0.482752 15395306 0.002369
0.026659 0.203880 0.531404 14867940 0.976036
0.036713 0.738387 0.461173 16777215 0.000000
0.725922 0.578271 0.453017 16777215 0.000582
0.970772 0.570511 0.479789 16777215 0.095399
0.022490 0.543287 0.465057 16580607 0.004267
0.968958 0.439072 0.537281 16777215 0.000001
0.715984 0.765684 0.536972 16777215 0.000004
0.923133 0.466746 0.541546 16777215 0.000018
0.941869 0.405569 0.531396 16777215 0.000027
0.021751 0.342371 0.457679 16777215 0.001305
0.030087 0.658293 0.548400 16777215 0.615321
0.756611 0.775682 0.546398 16777215 0.000000
0.091128 0.388421 0.532090 16777215 0.000022
0.995090 0.655458 0.482811 16119542 0.004961
0.341003 0.223257 0.480426 11052717 0.095010
0.212098 0.567239 0.464544 16777215 0.002140
0.427620 0.209123 0.535505 16777215 0.999149
0.918103 0.397267 0.543020 16777215 0.000000
0.376951 0.210988 0.542257 16777215 0.999847
0.358552 0.585879 0.457774 16777215 0.000000
0.826447 0.506479 0.456374 16777215 0.072001
0.977114 0.588645 0.483946 16777215 0.000040
0.967630 0.617439 0.529745 16777215 0.023502
0.569288 0.236387 0.516627 11973558 0.000024
0.316056 0.224808 0.498657 16777215 0.782394
0.517568 0.200802 0.529572 7500402 0.000000
0.330925 0.781244 0.458489 16777215 0.000256
0.929152 0.345390 0.543467 16777215 0.000011
0.935886 0.691122 0.536823 16777215 0.016280
0.978240 0.250625 0.515833 16777215 0.124242
0.992166 0.677274 0.465962 16382972 0.000002
0.965656 0.737582 0.542356 16777215 0.000212
0.982568 0.413183 0.525680 16777215 0.040448
0.030342 0.746169 0.514529 16777215 0.020681
0.056052 0.685300 0.475444 12763841 0.002200
0.657728 0.201767 0.524796 7895416 0.000016
0.387064 0.741650 0.511438 16777215 0.000000
0.047883 0.418966 0.461964 16777215 0.000034
0.305442 0.769203 0.461488 16777215 0.000025
0.942976 0.437990 0.498497 16777215 0.001741
0.015593 0.617682 0.527191 16777215 0.033534
0.461182 0.254091 0.466942 10125448 0.005658
0.791788 0.755724 0.535273 16777215 0.005699
0.115287 0.738404 0.533224 16777215 0.000114
0.972334 0.574113 0.528304 16777215 0.107668
0.410582 0.799417 0.458696 11184812 0.989187
0.331520 0.208697 0.542560 16777215 0.999690
0.734185 0.795708 0.451287 16316666 0.989814
0.137855 0.747272 0.500633 16777215 0.146402
0.301542 0.783526 0.465892 16777215 0.383258
0.707991 0.431240 0.452431 16777215 0.000000
0.354401 0.764271 0.459618 16777215 0.000036
0.207654 0.449536 0.493690 16777215 0.617117
0.025896 0.577007 0.515823 16777215 0.066809
0.975370 0.540986 0.483192 16777215 0.000004
0.811131 0.779751 0.458107 16777215 0.000104
0.442741 0.220476 0.494672 9209736 0.000093
0.817796 0.531424 0.449370 16777215 0.000010
0.276521 0.773835 0.471817 16055547 0.719709
0.962769 0.559806 0.486545 16777215 0.010935
0.228129 0.400058 0.507539 16777215 0.000216
0.360582 0.446307 0.546773 16777215 0.000110
0.908901 0.529131 0.535729 16777215 0.000001
0.821935 0.521270 0.449391 16777215 0.086737
0.931006 0.586351 0.505659 16777215 0.000000
0.715109 0.755271 0.449662 16777215 0.000000
0.947323 0.605263 0.522251 16777215 0.024793
0.397055 0.404711 0.494511 16777215 0.000000
0.961998 0.571797 0.539309 16777215 0.000237
0.970463 0.396975 0.474987 16777215 0.000041
0.697282 0.214161 0.499620 7237230 0.000000
0.295522 0.556219 0.472362 16777215 0.000152
0.435003 0.263214 0.461882 16777215 0.000000
0.976416 0.450991 0.541192 16777215 0.062616
0.657758 0.776749 0.542661 16777215 0.000000
0.991586 0.675394 0.459324 16580351 0.000000
0.947805 0.482079 0.539571 16777215 0.000330
0.831761 0.502742 0.456849 16777215 0.047009
0.275809 0.436185 0.549563 16777215 0.953114
0.371195 0.595397 0.508307 16777215 0.000019
0.166857 0.483764 0.452207 16777215 0.000000
0.819389 0.484385 0.551858 16777215 0.038242
0.229479 0.429868 0.548855 16777215 0.000040
0.648122 0.406811 0.452893 16777215 0.000000
0.870382 0.524837 0.519258 16777215 0.000000
0.174974 0.464394 0.477528 16777215 0.000297
0.835666 0.539672 0.456166 16777215 0.000103
0.692807 0.703622 0.451868 16777215 0.000000
0.357772 0.459099 0.469353 16777215 0.000000
0.997084 0.592792 0.524624 16514555 0.000153
0.585469 0.238342 0.517915 10725030 0.000192
0.941486 0.516493 0.539119 16777215 0.000195
0.993976 0.387108 0.458283 16777215 0.000056
0.592386 0.201161 0.528811 7763574 0.000000
0.246205 0.743368 0.459155 16777215 0.000000
0.316364 0.502308 0.456441 16777215 0.005857
0.991124 0.468449 0.466629 16777215 0.000001
0.981103 0.504541 0.512172 16711167 0.000010
0.043340 0.461915 0.536488 16777215 0.237089
0.225528 0.580841 0.464157 16777215 0.000031
0.978885 0.543119 0.464387 16316662 0.000006
0.934017 0.413128 0.523000 16777215 0.001168
0.804283 0.439595 0.471213 16777215 0.000669
0.188386 0.409505 0.545891 16777215 0.003649
0.265478 0.561313 0.507129 16777215 0.006996
0.332436 0.579211 0.454243 16777215 0.000000
0.161251 0.566063 0.482405 16777215 0.000000
0.808209 0.576604 0.523308 16777215 0.000621
0.199717 0.449036 0.490668 16777215 0.014918
0.878424 0.360389 0.457603 16777215 0.000000
0.985254 0.204061 0.495432 7039594 0.142660
0.959691 0.785043 0.497165 14278618 0.019242
0.096415 0.286234 0.531018 16777215 0.000016
0.952394 0.244982 0.508538 16777215 0.001510
0.028171 0.387228 0.519243 16777215 0.121315
0.025107 0.225203 0.501625 8685706 0.043676
0.990712 0.245745 0.489964 16448506 0.000041
0.963200 0.286129 0.529452 16777215 0.062386
0.976067 0.210699 0.546304 16777215 0.842262
0.033330 0.752861 0.539680 16777215 0.020174
0.906132 0.215831 0.458883 16711679 0.005251
0.193360 0.792500 0.532351 11974584 0.009424
0.995130 0.787066 0.523956 16777215 0.004863
0.705595 0.446088 0.482296 11184299 0.958723
0.031557 0.215345 0.545749 16777215 0.079150
0.004775 0.795127 0.453160 16777215 0.982084
0.609858 0.770569 0.501576 16777215 0.000362
0.003744 0.796837 0.454341 11580083 0.996566
0.989899 0.682039 0.510119 15461095 0.000394
0.995100 0.265744 0.516451 16777215 0.000012
0.047856 0.759812 0.521646 16777215 0.864856
0.963462 0.222844 0.545041 16777215 0.004338
0.953096 0.791462 0.474493 9671828 0.221489
0.977942 0.781596 0.499652 10199967 0.025096
0.125702 0.222422 0.545699 16777215 0.000335
0.938905 0.667882 0.472558 16777213 0.000008
0.996368 0.797523 0.515916 13422031 0.997867
0.978165 0.233817 0.505259 16777215 0.001529
0.077172 0.216622 0.499118 10919328 0.000106
0.896254 0.761380 0.528598 16777215 0.065687
0.973632 0.237840 0.536697 16777215 0.013235
0.874908 0.778959 0.498940 9080718 0.004666
0.165595 0.790107 0.482571 12433596 0.126863
0.309698 0.783827 0.492566 11579310 0.000164
0.009504 0.544536 0.471594 11447209 0.001073
0.129861 0.760844 0.537665 16777215 0.000001
0.056637 0.658527 0.522431 16777215 0.000012
0.050917 0.411727 0.513198 16777215 0.000246
0.975816 0.403061 0.481210 16777215 0.000116
0.236673 0.224329 0.457697 16777215 0.004627
0.975359 0.649800 0.480428 16776959 0.000080
0.971212 0.269481 0.531624 16777215 0.274266
0.990800 0.268311 0.457227 16777215 0.007018
0.888177 0.755265 0.524026 16777215 0.968239
0.762304 0.232189 0.536367 16777215 0.608342
0.985469 0.749895 0.536128 16777215 0.017080
0.025234 0.241363 0.501380 16777215 0.279579
0.914219 0.298440 0.538934 16777215 0.000037
0.173844 0.226497 0.545948 16777215 0.003597
0.971690 0.787430 0.533787 16777215 0.022047
0.881233 0.785758 0.462279 15592942 0.750699
0.015373 0.426525 0.490925 10526368 0.000102
0.633279 0.785717 0.482010 10725029 0.019156
0.773040 0.787578 0.494207 11053738 0.000842
0.584203 0.764392 0.499040 16777215 0.000072
0.015975 0.380361 0.467560 16116198 0.011009
0.094785 0.214157 0.546049 16777215 0.000286
0.390672 0.227246 0.545160 16777215 0.000002
0.587174 0.786963 0.517045 11974072 0.000024
0.528172 0.786696 0.548286 16777215 0.647627
0.819395 0.205587 0.539342 16250614 0.995025
0.931666 0.240518 0.536393 16777215 0.000633
0.822336 0.235658 0.458009 16777215 0.000013
0.007988 0.325063 0.467616 10592930 0.000640
0.934387 0.598502 0.461850 16382458 0.000001
0.628008 0.733988 0.538700 16777215 0.000000
0.234570 0.227474 0.480013 10527393 0.000540
0.187182 0.730109 0.536703 16777215 0.000001
0.048831 0.295906 0.539117 16777215 0.000231
0.075532 0.622863 0.542850 16777215 0.000007
0.013954 0.725367 0.521816 11973812 0.000096
0.029335 0.375847 0.506640 16777215 0.691199
0.983658 0.252382 0.540818 16777215 0.095488
0.283117 0.785057 0.507991 12171192 0.000160
0.036567 0.299661 0.500484 14609629 0.000196
0.990650 0.367930 0.515693 16776447 0.000060
0.005409 0.631775 0.509185 10724514 0.000085
0.199604 0.242186 0.524004 16777215 0.050724
0.067218 0.791686 0.506786 13355465 0.003251
0.340832 0.793832 0.476158 11842997 0.104960
0.003548 0.650540 0.523257 13421772 0.989483
0.168818 0.201230 0.533766 8882055 0.000006
0.945299 0.267021 0.545848 16777215 0.000040
0.014193 0.684542 0.474016 10066587 0.000078
0.014834 0.473722 0.536726 16777215 0.110080
0.434433 0.231362 0.544598 16777215 0.000063
0.006028 0.276974 0.526687 16777215 0.187601
0.306888 0.239754 0.456997 16777215 0.000006
0.640521 0.721668 0.473814 16777215 0.000000
0.900200 0.513405 0.461555 16777215 0.000000
0.750273 0.788232 0.471783 11381931 0.843179
0.220978 0.213243 0.496222 8619136 0.010444
0.166156 0.205940 0.537361 10987945 0.000336
0.681645 0.788328 0.486076 12236986 0.000879
0.244649 0.211547 0.501729 8486016 0.000009
0.483056 0.789763 0.533444 12829380 0.645372
0.470900 0.203374 0.461798 7171436 0.000084
0.604018 0.204436 0.468501 7632244 0.000349
0.015478 0.532110 0.457426 16777214 0.439850
0.615395 0.282404 0.458087 16777215 0.000000
0.406694 0.205710 0.527738 8158076 0.000234
0.353150 0.442135 0.499691 16777215 0.000092
0.234022 0.229332 0.479152 16777215 0.000053
0.965286 0.404343 0.527936 16777215 0.076402
0.817193 0.434455 0.540878 16777215 0.003476
0.370048 0.767487 0.537342 16777215 0.000001
0.464444 0.737406 0.452211 16777215 0.000000
0.752152 0.202517 0.539698 7500402 0.000181
0.977149 0.537489 0.485889 16645117 0.000037
0.021484 0.348035 0.473164 11512746 0.002023
0.789358 0.564740 0.505880 16777215 0.070993
0.038458 0.784798 0.538813 16777215 0.969007
0.072707 0.749477 0.510011 16777215 0.001102
0.945043 0.316951 0.494729 16777215 0.000189
0.746535 0.244956 0.462338 16777215 0.000910
0.991619 0.678772 0.458040 16776959 0.000155
0.811745 0.547010 0.509228 16777215 0.050681
0.752217 0.218996 0.511833 7829364 0.001018
0.879737 0.778457 0.493567 10396319 0.986422
0.943290 0.791572 0.453017 15132905 0.997044
0.818561 0.778130 0.544392 16777215 0.000275
0.994245 0.266718 0.457708 16777215 0.000023
0.024664 0.752090 0.454836 16777215 0.001702
0.264770 0.231414 0.544693 16777215 0.011451
0.277466 0.203182 0.465243 7237742 0.000335
0.498416 0.778170 0.479472 11973048 0.000549
0.220663 0.225611 0.520953 16777215 0.043535
0.017628 0.552369 0.456279 16777215 0.004874
0.984142 0.349731 0.471015 16773869 0.074735
0.167519 0.782138 0.471640 16711165 0.001704
0.102024 0.203287 0.527859 9342607 0.000003
0.269453 0.773624 0.522833 16777215 0.004114
0.043503 0.434831 0.537311 16777215 0.001544
0.273768 0.759637 0.514225 16777215 0.000001
0.291294 0.222813 0.486080 10395804 0.000024
0.960882 0.472375 0.462843 16777215 0.000053
0.194077 0.536316 0.454376 16777215 0.003578
0.105453 0.203023 0.531361 9803670 0.002046
0.987003 0.590525 0.464941 16777215 0.001849
0.975094 0.606322 0.468050 15986930 0.000134
0.174620 0.493455 0.538882 16777215 0.000585
0.038885 0.687369 0.534186 16777215 0.013132
0.820407 0.682692 0.508535 16777215 0.000000
0.034902 0.249006 0.527347 10199190 0.297872
0.988520 0.664601 0.494240 16251901 0.000006
0.125049 0.222624 0.453608 16777215 0.000157
0.966278 0.767680 0.549160 16777215 0.009657
0.983162 0.559340 0.459101 16776446 0.000992
0.867698 0.216052 0.527549 7565936 0.000908
0.439180 0.205846 0.488659 7960954 0.000000
0.624795 0.201810 0.525517 8026488 0.000005
0.638880 0.203212 0.486359 7566195 0.000197
0.992688 0.479565 0.503518 16777215 0.001886
0.991181 0.577610 0.456737 16777215 0.006067
0.412380 0.768460 0.516009 12041146 0.021268
0.685317 0.794022 0.485288 11381933 0.000952
0.528737 0.760294 0.463952 16777215 0.000026
0.986826 0.464549 0.481598 16777215 0.000001
0.914138 0.462005 0.523780 16777215 0.000000
0.025306 0.620446 0.457258 16777215 0.000049
0.575033 0.776766 0.521718 13027015 0.507512
0.300945 0.561415 0.505862 16777215 0.001715
0.048749 0.643327 0.514491 13092550 0.123423
0.987464 0.320957 0.458588 16777215 0.000017
0.163923 0.208217 0.543568 16777215 0.991574
0.977398 0.495161 0.519797 16777215 0.000050
0.186552 0.498872 0.498352 16777215 0.016056
0.096928 0.794845 0.523925 12697537 0.000025
0.062533 0.786809 0.482696 14013396 0.400166
0.740821 0.628844 0.483249 16777215 0.000024
0.031017 0.353921 0.514712 16777215 0.334664
0.199617 0.769207 0.454705 16777215 0.000122
0.657065 0.780602 0.525325 11710898 0.380836
0.643984 0.261686 0.459762 16777215 0.000001
0.053226 0.530013 0.465626 16777215 0.000054
0.682874 0.443735 0.530716 16777215 0.001698
0.959333 0.497495 0.460201 16711678 0.000001
0.229740 0.574698 0.549954 16777215 0.000281
0.985814 0.424928 0.503412 16777215 0.000002
0.672008 0.539266 0.466985 16777215 0.000438
0.774162 0.793838 0.531871 11775410 0.011077
0.923051 0.200620 0.452806 1052174 0.996987
0.210013 0.441776 0.477000 15527148 0.175156
0.265951 0.428626 0.456222 16777215 0.000935
0.952625 0.219223 0.525445 5196104 0.558032
0.079414 0.674200 0.482117 16777215 0.000000
0.656820 0.780649 0.456889 16777215 0.000090
0.532988 0.793914 0.531883 11776688 0.000137
0.014538 0.634290 0.513987 13158597 0.009519
0.912803 0.770304 0.490140 10264481 0.965590
0.712983 0.567582 0.450815 16777215 0.000489
0.056382 0.416240 0.516999 16777215 0.000002
0.220490 0.592493 0.512679 16777215 0.000000
0.981429 0.361341 0.482730 16777214 0.000003
0.875235 0.422184 0.507053 16777215 0.000000
0.164339 0.504000 0.537845 16777215 0.000001
0.675618 0.490675 0.475332 16777215 0.007169
0.957456 0.523061 0.525884 16777215 0.000003
0.437016 0.224321 0.487968 16777215 0.000001
0.938285 0.385393 0.535277 16777215 0.000208
0.958369 0.759583 0.524810 16777215 0.000034
0.649191 0.773943 0.520163 16777215 0.671361
0.344955 0.791456 0.490287 12434363 0.001236
0.152387 0.775524 0.484434 15001319 0.236487
0.165218 0.785006 0.538012 16777215 0.001192
0.514314 0.744180 0.532218 16777215 0.000000
0.974059 0.431869 0.497810 16777215 0.000009
0.782636 0.568223 0.451389 16777215 0.000001
0.012714 0.499160 0.467734 16777215 0.108510
0.917642 0.601343 0.533243 16777215 0.000058
0.253665 0.623435 0.478660 16777215 0.000000
0.785126 0.558072 0.452815 16777215 0.353133
0.681314 0.212402 0.489043 7500915 0.000121
0.811085 0.471456 0.450758 16777215 0.276390
0.003215 0.229848 0.453879 15132387 0.994626
0.985903 0.713451 0.523969 16777215 0.137137
0.561681 0.225372 0.487133 14080727 0.000001
0.046463 0.400826 0.513434 11447982 0.102853
0.222694 0.566492 0.450546 16777215 0.000001
0.150036 0.784269 0.483177 13618635 0.353357
0.963155 0.718960 0.488185 16777215 0.015147
0.214127 0.791475 0.527469 13092550 0.000016
0.959650 0.605335 0.473434 16777215 0.000005
0.036208 0.745602 0.541598 16777215 0.145351
0.314555 0.553538 0.523692 16777215 0.002576
0.846745 0.586245 0.484347 16777215 0.000000
0.541955 0.785342 0.475782 10658980 0.855863
0.850847 0.526019 0.547542 16777215 0.000000
0.042973 0.562315 0.537174 16777215 0.244282
0.017198 0.488484 0.532689 16777215 0.005356
0.959851 0.707358 0.528794 16777215 0.162302
0.988175 0.504619 0.463761 16777215 0.006912
0.322769 0.503581 0.541533 16777215 0.107215
0.932454 0.783723 0.458662 16382712 0.000051
0.957366 0.467964 0.539603 16777215 0.050962
0.897747 0.258830 0.522978 16777215 0.001796
0.636992 0.784678 0.485399 10658469 0.011401
0.993493 0.311733 0.460902 16514046 0.000006
0.962760 0.359753 0.534388 16777215 0.011031
0.953089 0.413884 0.472601 16777215 0.000022
0.062775 0.689117 0.504776 16777215 0.002877
0.683654 0.792255 0.546275 16777215 0.046475
0.373398 0.759637 0.460256 16578815 0.009815
0.824466 0.774739 0.524073 15526881 0.022002
0.300465 0.446599 0.461429 16777215 0.007572
0.095297 0.450029 0.525529 16777215 0.000000
0.711463 0.719442 0.489080 16777215 0.000000
0.931779 0.417908 0.532246 16777215 0.000034
0.928209 0.708630 0.460621 16777214 0.004237
0.216164 0.618575 0.461320 16777215 0.000000
0.929681 0.392802 0.535901 16777215 0.000003
0.976917 0.603286 0.513664 16777215 0.040854
0.541490 0.206529 0.501139 8685438 0.000001
0.649818 0.776472 0.519038 11251116 0.438499
0.056815 0.649430 0.525619 16777215 0.018780
0.655160 0.202330 0.535676 7435123 0.000005
0.525989 0.236524 0.478980 16777215 0.015312
0.197451 0.456930 0.451732 16777215 0.000010
0.203730 0.416959 0.491355 16777215 0.001310
0.832144 0.448601 0.565470 16777215 0.000129
0.675427 0.786165 0.495657 10327703 0.000140
0.947825 0.557723 0.542110 16777215 0.000113
0.305293 0.422683 0.494134 16777215 0.000030
0.970405 0.494090 0.540053 16777215 0.112228
0.151778 0.465284 0.464862 16777215 0.000000
0.220654 0.413277 0.546630 16777215 0.000031
0.244044 0.584797 0.498615 16777215 0.000037
0.949541 0.595882 0.466568 16514043 0.000011
0.029253 0.613221 0.505657 14935012 0.059269
0.651594 0.220148 0.546911 16777215 0.000000
0.992103 0.204863 0.454204 15527406 0.995286
0.359563 0.215249 0.490037 16777215 0.288717
0.393085 0.455066 0.493175 16777215 0.000000
0.605036 0.749704 0.525095 16777215 0.000000
0.350324 0.754350 0.548918 16777215 0.000000
0.688047 0.754433 0.535668 16777215 0.000000
0.019410 0.573494 0.457031 16777215 0.000000
0.976275 0.561812 0.529859 16777215 0.277502
0.968541 0.420671 0.483061 16777215 0.000920
0.981497 0.435974 0.511130 16055288 0.000080
0.977213 0.713808 0.518541 16777215 0.014148
0.158646 0.547568 0.548028 16777215 0.000230
0.384349 0.563168 0.543012 16777215 0.000075
0.336675 0.570665 0.497325 16777215 0.000779
0.757520 0.407419 0.496425 16777215 0.070819
0.981003 0.361029 0.521474 16777215 0.000312
0.239759 0.407932 0.450616 16777215 0.000000
0.917147 0.644657 0.468103 16777215 0.000048
0.433222 0.771157 0.456770 16777215 0.000062
0.594496 0.360517 0.481762 16777215 0.000000
0.290790 0.755608 0.487640 16777215 0.001317
0.576807 0.278570 0.539089 16777215 0.000000
0.993768 0.204202 0.453885 16448510 0.995391
0.292586 0.218589 0.480007 16777215 0.242135
0.141844 0.790894 0.453691 16777215 0.030229
0.981494 0.443147 0.531272 16777215 0.005796
0.340731 0.452869 0.457039 16777215 0.000000
0.511123 0.751038 0.534768 16777215 0.000000
0.248073 0.708502 0.538254 16777215 0.000000
0.389516 0.756956 0.463112 16777215 0.000001
0.023560 0.666405 0.455511 16777215 0.000000
0.636605 0.784456 0.540989 16777215 0.010687
0.011129 0.720470 0.527295 16777215 0.045161
0.965861 0.544897 0.533214 16777215 0.157401
0.308985 0.590675 0.473927 16777215 0.000000
0.236909 0.400810 0.540458 16777215 0.000010
0.225404 0.564925 0.549075 16777215 0.747438
0.303950 0.455576 0.549227 16777215 0.939294
0.204786 0.578691 0.471643 16777215 0.000491
0.977449 0.415301 0.521001 16777215 0.000449
0.714689 0.419909 0.519896 10263446 0.714013
0.041940 0.255014 0.539357 16777215 0.102732
0.011955 0.787434 0.454650 16777215 0.536654
0.926796 0.709459 0.531846 16777215 0.000260
0.725968 0.553287 0.488252 14672095 0.678916
0.053158 0.271070 0.541590 16777215 0.000064
0.013807 0.773370 0.478490 11118510 0.023942
0.038654 0.408558 0.522849 16777215 0.232080
0.993638 0.303215 0.494198 16711678 0.000006
0.027709 0.761325 0.538679 16777215 0.349474
0.929626 0.680651 0.545993 16777215 0.000025
0.993490 0.208094 0.460095 16777215 0.000691
0.073512 0.710807 0.484958 16514555 0.000107
0.033704 0.770833 0.535222 16777215 0.010657
0.864439 0.786318 0.533451 16777215 0.821490
0.010179 0.321962 0.512522 11710384 0.022123
0.877723 0.771896 0.506699 11711155 0.082184
0.737529 0.426028 0.475827 16777215 0.986942
0.970551 0.235877 0.531114 16777215 0.928919
0.890934 0.204556 0.475790 7236716 0.000044
0.043774 0.299298 0.531463 16777215 0.762627
0.022207 0.796433 0.477001 13553357 0.451646
0.005206 0.796450 0.454768 12631998 0.994448
0.986597 0.744276 0.498811 16777215 0.000092
0.037660 0.339005 0.545728 16777215 0.000092
0.059076 0.770146 0.517518 15659242 0.848095
0.973543 0.243915 0.548468 16777215 0.527558
0.951162 0.793826 0.470408 9013640 0.467640
0.973228 0.754013 0.501858 13419976 0.011966
0.295122 0.244289 0.539540 16777215 0.000605
0.948311 0.684281 0.459428 16448761 0.000012
0.920756 0.654670 0.545673 16777215 0.000020
0.997494 0.748430 0.525467 16777215 0.908491
0.987826 0.234067 0.516739 16777215 0.001026
0.085497 0.214722 0.491866 9474194 0.000122
0.928640 0.777595 0.511050 10328729 0.573627
0.925815 0.227748 0.532129 16777215 0.105985
0.919434 0.783349 0.486982 10724259 0.001192
0.299587 0.721518 0.508458 16777215 0.000094
0.011728 0.513560 0.469220 13025471 0.002661
0.716867 0.582836 0.543011 16777215 0.000084
0.040238 0.674994 0.545024 16777215 0.000090
0.090361 0.413129 0.492926 16777215 0.000177
0.200508 0.269885 0.493815 16777215 0.000110
0.978246 0.702533 0.478108 16579323 0.000006
0.006095 0.238135 0.517355 10856102 0.007774
0.004664 0.773290 0.524101 11185066 0.020841
0.975857 0.347579 0.537662 16777215 0.038272
0.132657 0.365724 0.522201 16777215 0.000001
0.965369 0.338787 0.542345 16777215 0.000987
0.963057 0.778753 0.523475 16777215 0.922576
0.985239 0.774450 0.456102 16579835 0.000287
0.785098 0.766213 0.476874 16777215 0.000134
0.211902 0.223056 0.534759 16777215 0.007802
0.465467 0.796207 0.526025 11645617 0.000002
0.126889 0.575677 0.527685 16777215 0.000001
0.898729 0.795694 0.462599 11053992 0.362350
0.755954 0.776528 0.520214 14999268 0.019573
0.179483 0.222510 0.540273 16777215 0.000213
0.249168 0.303740 0.536859 16777215 0.000000
0.348094 0.210951 0.529289 7961210 0.000375
0.609251 0.215805 0.546186 16777215 0.004795
0.210829 0.222588 0.486721 9802387 0.012140
0.011446 0.324110 0.476828 11051946 0.027095
0.912864 0.246788 0.514243 16777215 0.001968
0.730470 0.212867 0.451777 16777215 0.000080
0.005034 0.420591 0.463746 9868949 0.000328
0.601419 0.764793 0.531987 16777215 0.000002
0.562745 0.218063 0.546544 16777215 0.058331
0.258057 0.212318 0.475906 8750468 0.000377
0.023377 0.788926 0.490008 13092037 0.009667
0.182338 0.747240 0.538700 16777215 0.000002
0.948778 0.293852 0.539713 16777215 0.000053
0.036549 0.221628 0.536374 16777215 0.023773
0.005058 0.205444 0.488690 10264220 0.477915
0.019931 0.285934 0.503400 12105656 0.000399
0.916957 0.330053 0.472625 16580349 0.000008
0.677292 0.788396 0.481371 10856101 0.000120
0.991702 0.222988 0.458844 16777215 0.021858
0.991594 0.208848 0.475351 16777215 0.003745
0.870127 0.789427 0.546158 16777215 0.004139
0.034355 0.794548 0.519189 12828611 0.005378
0.949262 0.759431 0.517696 12960702 0.088985
0.729135 0.787085 0.467339 16777215 0.003304
0.234552 0.228054 0.500366 9211534 0.000008
0.011953 0.711096 0.503350 10263713 0.000084
0.727682 0.769009 0.532709 16777215 0.048834
0.426772 0.258285 0.519987 16777215 0.000049
0.015450 0.294888 0.513362 16777215 0.129882
0.277038 0.226882 0.489538 16777215 0.000051
0.707641 0.742983 0.480450 16777215 0.000001
0.416722 0.775614 0.485129 15001319 0.308428
0.718437 0.208126 0.506635 7171692 0.000004
0.221575 0.220403 0.480836 8092537 0.136745
0.571254 0.777969 0.499837 12171448 0.000158
0.838058 0.256767 0.454817 16777215 0.000895
0.559326 0.210696 0.497262 7895416 0.000011
0.593506 0.213918 0.478301 9077891 0.045076
0.676374 0.272099 0.481717 16777215 0.000000
0.510143 0.211485 0.514780 7629676 0.000138
0.844581 0.596752 0.511774 16777215 0.000000
0.255132 0.254988 0.465614 16777215 0.000001
0.971299 0.381963 0.501896 16777215 0.003115
0.412525 0.224899 0.486718 16777215 0.000381
0.435391 0.783490 0.544777 16777215 0.000047
0.571916 0.776446 0.458088 16777215 0.022612
0.781388 0.209930 0.532060 5723991 0.000938
0.950225 0.596317 0.487139 16579582 0.000072
0.965338 0.214176 0.471663 10262939 0.094693
0.107462 0.405579 0.536334 16777215 0.000002
0.916850 0.709440 0.534084 16777215 0.000054
0.988293 0.738274 0.478660 16381947 0.000212
0.853902 0.264208 0.528967 16777215 0.000002
0.992591 0.202391 0.455156 2301984 0.999611
0.824185 0.769156 0.539386 16777215 0.001474
0.978562 0.301542 0.465440 16711679 0.000276
0.910876 0.203958 0.548223 16777215 0.999237
0.013849 0.643156 0.496868 11316903 0.000153
0.967529 0.215228 0.526847 7499631 0.011028
0.155548 0.791991 0.454886 16777215 0.009262
0.370026 0.211804 0.492667 8356479 0.000519
0.430600 0.224885 0.543222 16777215 0.000043
0.314647 0.248850 0.462786 16777215 0.000045
0.971667 0.204054 0.451813 15592684 0.999980
0.473144 0.782718 0.490042 12565697 0.929398
0.676132 0.215704 0.470154 16777215 0.046092
0.323387 0.770199 0.533367 16777215 0.000002
0.310234 0.226851 0.495096 10460829 0.000021
0.984821 0.343464 0.466713 16777215 0.000104
0.198732 0.204131 0.506966 9407630 0.005189
0.986327 0.568970 0.468557 16777215 0.003165
0.145605 0.508518 0.537613 16777215 0.000107
0.892018 0.254018 0.461960 16777215 0.000146
0.981680 0.730642 0.483502 16776959 0.000307
0.988744 0.690661 0.495639 15526890 0.000007
0.983408 0.321068 0.498711 16777215 0.000057
0.805581 0.753174 0.460606 16777215 0.000004
0.990309 0.231400 0.456337 16646141 0.762678
0.965568 0.770782 0.527002 16777215 0.109634
0.066541 0.438105 0.532152 16777215 0.019982
0.771881 0.210711 0.523371 8223867 0.000708
0.607984 0.760686 0.478994 16580346 0.000001
0.859223 0.204188 0.465943 6711142 0.013611
0.713813 0.787481 0.483901 10131867 0.000106
0.266145 0.766094 0.458853 16777215 0.000379
0.325265 0.752224 0.471778 16777215 0.000021
0.005616 0.498138 0.451504 16777215 0.865167
0.593255 0.776980 0.517360 12764357 0.379731
0.881274 0.784917 0.475296 11315880 0.955389
0.979827 0.381744 0.495186 15396072 0.000114
0.975031 0.552811 0.525830 16777215 0.000049
0.748337 0.785520 0.546357 16777215 0.000000
0.718938 0.204638 0.529589 7236972 0.000430
0.065053 0.699687 0.466858 16777215 0.000000
0.951915 0.367601 0.542729 16777215 0.001941
0.019735 0.228056 0.458309 16777215 0.004321
0.551516 0.230440 0.486164 15198951 0.000461
0.584297 0.234794 0.487197 16382714 0.000083
0.883243 0.231330 0.463977 16777215 0.003163
0.585040 0.794325 0.538908 10855589 0.613991
0.948968 0.628889 0.533235 16777215 0.000731
0.662492 0.456674 0.501046 16777215 0.005404
0.539994 0.772353 0.534851 16777215 0.000000
0.284014 0.574551 0.450860 16777215 0.000000
0.835198 0.776278 0.525460 15396334 0.505480
0.515881 0.786809 0.478814 16777215 0.428313
0.347599 0.793066 0.462447 11776435 0.079669
0.209950 0.409522 0.501858 16777215 0.000134
0.906698 0.221539 0.484053 7961214 0.005252
0.591081 0.780050 0.518358 11382189 0.002568
0.035938 0.584896 0.469159 16777215 0.004742
0.976176 0.579416 0.542222 16777215 0.003172
0.992492 0.546078 0.461296 16251135 0.031157
0.320145 0.572089 0.519995 16777215 0.011795
0.979167 0.262838 0.459589 16777215 0.000044
0.657611 0.454019 0.477704 16777215 0.000017
0.681262 0.784773 0.537586 16777215 0.000003
0.656933 0.509293 0.493471 16777215 0.000113
0.748443 0.426876 0.551443 16777215 0.002115
0.939002 0.776321 0.522623 16777215 0.365718
0.943476 0.456486 0.530904 16777215 0.000014
0.649985 0.785827 0.535757 16777215 0.499527
0.421274 0.782611 0.474441 12828096 0.138518
0.533462 0.781053 0.524535 16777215 0.999021
0.761469 0.213482 0.468751 7631732 0.216854
0.990511 0.470779 0.509870 16185335 0.000006
0.014041 0.480591 0.455948 16777215 0.014420
0.816099 0.473921 0.454182 16777215 0.434008
0.968223 0.316471 0.463739 16777214 0.000010
0.950839 0.594162 0.521599 16777215 0.000035
0.981035 0.431363 0.494613 16777215 0.000110
0.071375 0.787576 0.454119 16711421 0.779197
0.217096 0.732852 0.489068 16777215 0.000000
0.760652 0.794372 0.459265 12961477 0.985277
0.018440 0.674793 0.546735 16777215 0.767417
0.955271 0.615342 0.531220 16777215 0.002367
0.305525 0.794915 0.459266 16777215 0.821838
0.314775 0.468542 0.462863 16777215 0.000729
0.014069 0.578207 0.514199 13092808 0.001230
0.975954 0.540375 0.526473 16777215 0.083608
0.794508 0.452392 0.455702 16777215 0.279528
0.214189 0.432791 0.520094 16777215 0.002404
0.986686 0.545736 0.465743 16711679 0.000027
0.058406 0.470288 0.521380 16777215 0.000138
0.218994 0.431504 0.546528 16777215 0.087222
0.976537 0.713506 0.489768 15593449 0.000320
0.446684 0.228703 0.482778 16777215 0.910291
0.330944 0.463072 0.552796 16777215 0.003317
0.806500 0.540603 0.450460 16777215 0.196979
0.979223 0.339077 0.513680 16777215 0.001190
0.278215 0.418009 0.550291 16777215 0.000449
0.992620 0.202698 0.460031 7105641 0.741619
0.807188 0.266591 0.487054 16449018 0.000001
0.916449 0.590869 0.479095 16777215 0.000000
0.058602 0.749492 0.542772 16777215 0.062334
0.257526 0.227254 0.488030 10000025 0.000000
0.790585 0.367807 0.513973 16777215 0.000025
0.161172 0.217910 0.531808 13947858 0.005788
0.339445 0.793021 0.519943 13357011 0.025965
0.667577 0.220777 0.504188 9080467 0.000062
0.907178 0.321042 0.494725 16777215 0.000003
0.991897 0.741696 0.521516 16777215 0.019754
0.367433 0.231937 0.524277 12236997 0.002531
0.931639 0.398577 0.536168 16777215 0.000504
0.888439 0.356640 0.523378 16777215 0.000000
0.820720 0.460816 0.565081 16777215 0.002057
0.940049 0.608680 0.542065 16777215 0.000140
0.028993 0.637403 0.462908 16777215 0.263246
0.864761 0.640943 0.476868 16777215 0.000001
0.002736 0.559841 0.455339 13355980 0.997535
0.046990 0.586659 0.536488 16777215 0.023183
0.385469 0.247626 0.520267 16777215 0.000000
0.949339 0.493667 0.460904 16777215 0.000328
0.194065 0.539456 0.501840 16777215 0.668395
0.993285 0.359779 0.472879 16448507 0.000203
0.714042 0.783480 0.452050 16777215 0.000000
0.434721 0.787578 0.544399 16777215 0.001958
0.381873 0.210180 0.539815 8157818 0.517676
0.425600 0.785949 0.533063 16777215 0.942653
0.019283 0.452544 0.510053 12436156 0.005674
0.880313 0.691806 0.515644 16777215 0.001542
0.638073 0.755804 0.468390 16777215 0.000019
0.037110 0.494245 0.527926 16777215 0.000121
0.293296 0.438933 0.551234 16777215 0.000242
0.758371 0.361435 0.551405 16777215 0.000046
0.856921 0.558107 0.457082 16777215 0.000001
0.159253 0.471005 0.512744 16777215 0.001170
0.981977 0.532749 0.487053 16777204 0.000019
0.611801 0.408093 0.476920 16777215 0.000000
0.014229 0.526493 0.518167 16777215 0.665369
0.317119 0.472192 0.548962 16777215 0.692468
0.673722 0.508512 0.549344 16777215 0.000000
0.149983 0.445186 0.509368 16777215 0.000000
0.483935 0.779623 0.510902 11842225 0.000101
0.989020 0.353060 0.484602 16777215 0.000367
0.833430 0.736908 0.470427 16777215 0.000001
0.006652 0.573487 0.459641 10790568 0.019286
0.439777 0.781572 0.506296 12962243 0.761381
0.403973 0.758961 0.525641 16777215 0.000010
0.268625 0.203867 0.540662 592652 0.973341
0.552630 0.785581 0.536401 16777215 0.765390
0.538999 0.213446 0.462343 16777215 0.005008
0.948644 0.598203 0.527203 16777215 0.106763
0.122676 0.786901 0.517569 12236214 0.000043
0.667402 0.775104 0.470374 16777215 0.007074
0.051662 0.442651 0.485480 16777215 0.000003
0.346087 0.480626 0.548256 16777215 0.000010
0.795267 0.586544 0.458237 16777215 0.000002
0.109953 0.607298 0.533052 16777215 0.000011
0.991064 0.657703 0.460031 16711167 0.000003
0.373688 0.555753 0.530141 16777215 0.000280
0.680867 0.505592 0.547710 16777215 0.663915
0.216217 0.612266 0.480389 16777215 0.000000
0.583049 0.787936 0.485415 11580338 0.000082
0.069929 0.217417 0.544945 16777215 0.004084
0.089406 0.797270 0.453666 14539997 0.977001
0.948844 0.761997 0.512422 16777215 0.020107
0.981901 0.688674 0.503155 16646143 0.000032
0.093905 0.269981 0.542405 16777215 0.000021
0.005969 0.785946 0.510223 11382446 0.001134
0.966972 0.308168 0.516176 16777215 0.205907
0.914080 0.783207 0.487778 9405825 0.030918
0.960919 0.728425 0.485437 16777215 0.000018
0.012988 0.326058 0.501248 9540241 0.011665
0.772891 0.207260 0.541273 16777215 0.998156
0.114022 0.205664 0.454500 16777215 0.998609
0.832657 0.783763 0.495349 10132633 0.000223
0.987454 0.741351 0.506811 16777215 0.000036
0.976795 0.299177 0.502137 16777215 0.000148
0.010655 0.783427 0.533097 16777215 0.563707
0.950070 0.789593 0.480487 9934486 0.389570
0.156914 0.239987 0.525972 16777215 0.003653
0.969688 0.720266 0.457139 16514043 0.000038
0.996128 0.206732 0.454256 16777215 0.994611
0.014097 0.728040 0.487577 10658210 0.000060
0.981744 0.251985 0.518668 16777215 0.004330
0.053280 0.214491 0.529356 16777215 0.000347
0.898858 0.772659 0.541147 16777215 0.033047
0.936884 0.783545 0.512621 9210241 0.163778
0.832210 0.761764 0.458566 16579837 0.000024
0.933563 0.228261 0.539327 16777215 0.062967
0.301760 0.207701 0.541947 7499888 0.915266
0.005349 0.606521 0.464186 12237239 0.000864
0.254390 0.781617 0.538617 16777215 0.000010
0.973801 0.702016 0.522448 16777215 0.012129
0.050494 0.612650 0.536605 16777215 0.000111
0.038229 0.390782 0.484418 16777215 0.000700
0.004390 0.623740 0.466169 10659234 0.001391
0.248384 0.246200 0.461261 16777215 0.000130
0.988545 0.683813 0.483141 16316922 0.000002
0.007920 0.224572 0.483905 10790822 0.015072
0.913608 0.293480 0.531950 16777215 0.000339
0.954848 0.341585 0.532756 16777215 0.155496
0.063352 0.205753 0.477027 9079433 0.000012
0.940516 0.777506 0.532712 16777215 0.849665
0.964594 0.767260 0.534580 16777215 0.000527
0.987286 0.760012 0.454914 16382968 0.000239
0.218364 0.216507 0.541208 16777215 0.008816
0.982273 0.672388 0.542900 16777215 0.729971
0.862917 0.353054 0.549169 16777215 0.000001
0.506577 0.796124 0.536090 10921637 0.000114
0.847755 0.779700 0.476143 11447981 0.424377
0.029238 0.710498 0.497104 15329772 0.000262
0.583136 0.788809 0.477690 11316399 0.025696
0.515661 0.790127 0.534303 16777215 0.000134
0.990532 0.632392 0.469213 16777213 0.000001
0.213558 0.243433 0.541063 16777215 0.000000
0.648871 0.794698 0.531562 11250603 0.000035
0.282957 0.209228 0.532924 8619650 0.004084
0.439700 0.252220 0.535341 16777215 0.000090
0.250527 0.223751 0.478322 9474962 0.040474
0.796862 0.233609 0.471680 16777215 0.000020
0.012636 0.351782 0.492227 10724003 0.000263
0.799274 0.783375 0.482760 10987432 0.000084
0.577750 0.762287 0.507778 16777215 0.000010
0.185722 0.202726 0.461702 7960438 0.012004
0.029945 0.788257 0.478890 13618638 0.055528
0.040938 0.355100 0.539296 16777215 0.012382
0.003904 0.717343 0.514899 10790310 0.000210
0.949186 0.250579 0.538030 16777215 0.000123
0.027856 0.339426 0.508208 16777215 0.438493
0.948444 0.718735 0.531467 16777215 0.001166
0.295761 0.796650 0.519189 12106167 0.000249
0.034595 0.266374 0.507506 13551563 0.003751
0.976738 0.296941 0.469123 16054007 0.000032
0.981387 0.240698 0.525299 16777215 0.536284
0.684995 0.787900 0.505760 12302010 0.000134
0.992065 0.239854 0.457966 16447737 0.021014
0.923737 0.757023 0.512910 16777215 0.019962
0.043124 0.482448 0.539531 16777215 0.948486
0.700066 0.771687 0.459810 16777215 0.000568
0.454989 0.220879 0.490668 9475217 0.000050
0.630176 0.786322 0.477637 11119271 0.002337
0.441787 0.249503 0.535899 16777215 0.000037
0.008992 0.328368 0.519140 16777215 0.122650
0.028567 0.380140 0.487789 11909562 0.000820
0.616987 0.757697 0.455559 16777215 0.000000
0.066739 0.568799 0.525115 16777215 0.000004
0.864528 0.234674 0.502037 15725039 0.011916
0.502097 0.209017 0.504205 9407883 0.000083
0.565687 0.260741 0.537514 16777215 0.000000
0.392945 0.754489 0.540391 16777215 0.000000
0.009958 0.621817 0.493574 12039605 0.938818
0.468810 0.200677 0.542914 6908008 0.365548
0.710811 0.235681 0.455215 16777215 0.000000
0.458430 0.211522 0.537949 7959927 0.000728
0.018468 0.571757 0.482102 13293013 0.002871
0.414697 0.786716 0.458100 16446964 0.103657
0.281689 0.226832 0.453261 16777215 0.000059
0.429753 0.222164 0.497889 16777215 0.001892
0.384195 0.776685 0.544466 16777215 0.000014
0.347760 0.728265 0.506681 16777215 0.000010
0.442618 0.767014 0.468968 16777215 0.000003
0.041927 0.633283 0.543380 16777215 0.000307
0.036578 0.722760 0.533931 16777215 0.033456
0.686623 0.575843 0.490097 16777215 0.000566
0.035540 0.779249 0.530023 16777215 0.164529
0.013527 0.731001 0.527774 16777215 0.367920
0.120200 0.785915 0.478301 12501187 0.084039
0.018437 0.510657 0.547145 16777215 0.844649
0.008209 0.565420 0.518046 15857651 0.914567
0.993035 0.793519 0.468241 16578552 0.978597
0.938740 0.790823 0.454891 16777215 0.079223
0.987910 0.703852 0.462972 16185335 0.000503
0.702603 0.231290 0.493725 9408910 0.005610
0.152073 0.210500 0.508074 10921123 0.000007
0.895331 0.781594 0.544955 16777215 0.005469
0.979830 0.345970 0.468611 16777215 0.000194
0.010890 0.630027 0.513637 10790310 0.000224
0.065111 0.757213 0.469254 16777215 0.001106
0.350427 0.210696 0.499169 8288891 0.001212
0.013524 0.484496 0.461206 9013125 0.009683
0.523520 0.791171 0.510584 11053225 0.000006
0.059530 0.205977 0.540814 16777215 0.980366
0.407515 0.224475 0.546660 16777215 0.000110
0.940321 0.606299 0.469420 16645118 0.000027
0.552708 0.213592 0.501777 7303029 0.000001
0.239134 0.222338 0.496386 10591901 0.000016
0.551166 0.206654 0.538043 15329511 0.998112
0.989575 0.386220 0.458058 16580348 0.000769
0.276058 0.217319 0.485145 8948619 0.000032
0.960391 0.419187 0.464422 16777215 0.000014
0.533667 0.754658 0.470407 16777215 0.000001
0.467966 0.777556 0.492153 12434620 0.011305
0.957409 0.743438 0.475402 15789556 0.000271
0.993129 0.683707 0.481776 16250869 0.000004
0.989217 0.345494 0.508110 16777215 0.000028
0.828575 0.742754 0.535758 16777215 0.000135
0.974553 0.318168 0.471888 16777215 0.000004
0.860470 0.207249 0.536934 6250591 0.001521
0.608509 0.779181 0.453585 16777215 0.000000
0.644237 0.204653 0.528368 7566451 0.000107
0.820664 0.487065 0.498633 16777215 0.001560
0.421919 0.795677 0.514100 11448496 0.017919
0.664016 0.785073 0.535080 12237498 0.231688
0.732981 0.785234 0.505343 11514798 0.042828
0.674604 0.213114 0.539132 7631731 0.136208
0.249185 0.790112 0.452880 16777215 0.000142
0.003283 0.294037 0.452871 12237754 0.999632
0.049959 0.592001 0.472476 16777215 0.000011
0.716669 0.788918 0.533833 14013653 0.971175
0.282612 0.563410 0.542535 16777215 0.006857
0.953789 0.510429 0.511614 16777215 0.052791
0.983005 0.679366 0.527729 16777215 0.049172
0.966907 0.416586 0.470137 16777215 0.000017
0.760426 0.743354 0.527756 16777215 0.000000
0.653868 0.214067 0.525904 8355454 0.000455
0.987337 0.621543 0.479510 16251639 0.000002
0.954869 0.530426 0.491893 16054261 0.000007
0.969349 0.380121 0.537455 16777215 0.089890
0.881947 0.791920 0.463473 16777215 0.057318
0.793799 0.604110 0.452106 16777215 0.000072
0.029286 0.260594 0.479989 16777215 0.006024
0.041107 0.786707 0.546211 16777215 0.093019
0.661762 0.788847 0.530461 8749698 0.180898
0.182747 0.548103 0.506254 16777215 0.001500
0.603061 0.203563 0.534048 7171692 0.001656
0.666396 0.438818 0.561407 16777215 0.003100
0.256417 0.417373 0.511371 16777215 0.007205
0.260786 0.388334 0.459281 16777215 0.000036
0.282716 0.446275 0.464603 16777215 0.050462
0.951178 0.634071 0.537689 16777215 0.009170
0.965652 0.263532 0.518869 16777215 0.021935
0.575036 0.782367 0.500593 10395553 0.000139
0.044409 0.598689 0.465437 16777215 0.000285
0.242644 0.794739 0.475983 11382191 0.001272
0.992255 0.513196 0.514303 16777215 0.000083
0.323757 0.555956 0.540241 16777215 0.008919
0.187836 0.566227 0.490128 16777215 0.000071
0.975401 0.339476 0.498790 15792883 0.000014
0.681807 0.467539 0.461718 16777215 0.000619
0.950681 0.410629 0.480374 16644863 0.000002
0.335870 0.796038 0.451449 16777215 0.991643
0.014166 0.668368 0.463974 16777215 0.939891
0.659038 0.489423 0.466633 16777215 0.000070
0.929264 0.503755 0.527298 16777215 0.000013
0.933268 0.417663 0.514459 16777215 0.000023
0.016311 0.538452 0.524647 16777215 0.270104
0.033152 0.630737 0.533906 16777215 0.313461
0.004145 0.204201 0.521260 10986918 0.999175
0.081165 0.775055 0.538434 16777215 0.000504
0.984659 0.662111 0.460145 16580606 0.008200
0.993975 0.498617 0.460953 16777215 0.000000
0.197309 0.590573 0.472249 16777215 0.000005
0.947851 0.417292 0.473925 16777215 0.000001
0.254304 0.568208 0.549281 16777215 0.879472
0.971955 0.610744 0.489000 16777215 0.000005
0.088923 0.244597 0.545088 16777215 0.000011
0.955999 0.610227 0.498991 16777215 0.000024
0.028788 0.663955 0.539147 16777215 0.029931
0.192356 0.784938 0.464376 16777215 0.267969
0.961646 0.697116 0.524519 16777215 0.093274
0.021783 0.428977 0.500837 16777215 0.262010
0.018060 0.732647 0.532758 16777215 0.018008
0.933695 0.648814 0.509970 16777215 0.007862
0.315035 0.505436 0.476698 16777215 0.013144
0.016679 0.499580 0.515252 10724258 0.008084
0.974967 0.548285 0.520486 16777215 0.076867
0.971838 0.716846 0.534327 16777215 0.003745
0.994693 0.488849 0.467096 15856381 0.018236
0.017846 0.560922 0.506415 16777215 0.063099
0.106861 0.450889 0.537391 16777215 0.000000
0.204785 0.434340 0.500951 16777215 0.215353
0.019109 0.573041 0.514649 16777215 0.061458
0.946793 0.590069 0.471272 16777215 0.001360
0.982064 0.588615 0.458482 16777215 0.008389
0.310626 0.462568 0.534443 16777215 0.950379
0.181142 0.777972 0.483791 13817039 0.267045
0.970611 0.338260 0.529558 16777215 0.023738
0.247583 0.788257 0.508112 12565181 0.003214
0.854236 0.538686 0.456532 16777215 0.000770
0.214488 0.416522 0.532619 16777215 0.021383
0.964304 0.491039 0.539131 16777215 0.000005
0.308979 0.473577 0.460649 15461611 0.074955
0.809264 0.452681 0.564685 16777215 0.004599
0.447907 0.783823 0.459443 16777215 0.113903
0.033354 0.371862 0.518804 16777215 0.358174
0.965996 0.286962 0.534314 16777215 0.127324
0.890528 0.711832 0.528828 16777215 0.000002
0.010101 0.692888 0.533008 16777215 0.008082
0.832833 0.786061 0.484786 9933973 0.107929
0.887207 0.245212 0.521883 10132376 0.117030
0.299040 0.794883 0.512756 12763844 0.000097
0.029080 0.497051 0.527164 16777215 0.268225
0.374636 0.788464 0.545995 16777215 0.001143
0.977582 0.509843 0.480728 16777215 0.001627
0.700675 0.777774 0.479309 10987430 0.638619
0.006883 0.735898 0.506894 10592414 0.006653
0.976775 0.586572 0.527403 16777215 0.059815
0.150194 0.609710 0.472339 16777215 0.000004
0.977182 0.613423 0.536207 16777215 0.044510
0.741493 0.432115 0.549627 16777215 0.817073
0.988488 0.447984 0.511212 16776958 0.000044
0.284190 0.779030 0.464614 16777215 0.097159
0.880228 0.774917 0.472804 12238790 0.051206
0.290751 0.564704 0.452689 16777215 0.000000
0.811936 0.551103 0.442036 16777215 0.000440
0.304124 0.770148 0.512302 16645116 0.670569
0.824170 0.549769 0.565867 16777215 0.000121
0.990774 0.273159 0.464120 16777215 0.000007
0.189563 0.796607 0.461588 11382448 0.079276
0.047318 0.578358 0.538128 16777215 0.001187
0.652605 0.458026 0.534177 16777215 0.000001
0.731448 0.567335 0.550007 16777215 0.339660
0.151495 0.794874 0.516902 12434620 0.042166
0.447508 0.598476 0.496498 16777215 0.000000
0.021972 0.462181 0.539579 16777215 0.191521
0.428104 0.230156 0.499052 14802907 0.000000
0.674311 0.229370 0.547080 16777215 0.000000
0.033224 0.525082 0.529252 16777215 0.001332
0.986634 0.639783 0.481570 16777215 0.008701
0.517034 0.793582 0.464946 16777215 0.268514
0.768539 0.413425 0.554001 16777215 0.000392
0.774624 0.599905 0.520581 16777215 0.000756
0.680054 0.571341 0.537848 16777215 0.000000
0.891152 0.526229 0.482604 16777215 0.005101
0.789297 0.602555 0.474311 16777215 0.000054
0.812656 0.468669 0.457114 16777215 0.108254
0.274006 0.599171 0.521323 16777215 0.000000
0.280801 0.434658 0.532259 16777215 0.881286
0.040778 0.332274 0.539014 16777215 0.000506
0.776667 0.565364 0.548768 16777215 0.031551
0.251835 0.791572 0.536573 14079960 0.997393
0.320366 0.480532 0.450066 16777215 0.018114
0.018936 0.588430 0.519310 16777215 0.065703
0.524674 0.203420 0.535597 6908265 0.009326
0.747385 0.218902 0.540246 16777215 0.000000
0.841650 0.422714 0.533043 16777215 0.000124
0.075436 0.582780 0.537218 16777215 0.000659
0.010868 0.666749 0.519258 11711928 0.030687
0.957618 0.656216 0.537494 16777215 0.019092
0.488991 0.790832 0.546303 16777215 0.021460
0.984364 0.535171 0.464662 16119029 0.044078
0.659213 0.782959 0.473096 16777215 0.253272
0.204532 0.555482 0.532432 16777215 0.963386
0.790575 0.788558 0.537209 16777215 0.992841
0.473258 0.261085 0.459955 16777215 0.000000
0.721652 0.401975 0.547897 16777215 0.000774
0.615278 0.505761 0.496532 16777215 0.000011
0.777637 0.430686 0.449826 16777215 0.001540
0.851079 0.501618 0.471229 16777215 0.212831
0.220434 0.565027 0.467929 16776701 0.000002
0.367552 0.479430 0.545767 16777215 0.001847
0.834985 0.499280 0.548684 16777215 0.000000
0.778308 0.441964 0.509468 16777215 0.000049
0.970045 0.782964 0.527822 16777215 0.041251
0.989933 0.609986 0.508565 16448507 0.000040
0.039996 0.284373 0.537181 16777215 0.000189
0.010221 0.791494 0.518746 12237498 0.012959
0.869155 0.343710 0.473345 16777215 0.000004
0.970490 0.275919 0.512684 16777215 0.128077
0.983596 0.794001 0.496281 9802899 0.000743
0.030572 0.767191 0.524121 16777215 0.077357
0.991711 0.779100 0.515856 16777215 0.000271
0.976347 0.226401 0.530964 16777215 0.953634
0.031178 0.775712 0.467972 16777215 0.106891
0.730582 0.565604 0.471048 13948629 0.119103
0.993791 0.208059 0.477137 16119286 0.051039
0.720543 0.440733 0.459984 10197914 0.678198
0.972850 0.331778 0.549644 16777215 0.904594
0.943588 0.779394 0.472915 9474190 0.219483
0.961813 0.711320 0.464958 16777215 0.000076
0.991600 0.244344 0.469686 15987444 0.000126
0.885262 0.783921 0.470147 11974840 0.958329
0.135205 0.204630 0.465465 9211021 0.985357
0.053700 0.213062 0.526663 11576744 0.000187
0.928489 0.789064 0.546951 16777215 0.353230
0.932333 0.790987 0.528561 8487050 0.091986
0.831195 0.768383 0.471389 16382199 0.000559
0.899853 0.795564 0.472006 9540241 0.000651
0.127914 0.780032 0.538513 16777215 0.000003
0.984515 0.696034 0.517649 16777215 0.017123
0.025114 0.291938 0.534022 16777215 0.000206
0.056820 0.601510 0.497960 16777215 0.000027
0.133134 0.218201 0.457906 16777215 0.017892
0.980139 0.675382 0.494263 16777215 0.000031
0.025828 0.238241 0.472186 16777215 0.001162
0.953353 0.335795 0.536853 16777215 0.053895
0.988085 0.327293 0.470687 15855846 0.023710
0.007561 0.355389 0.471682 10855844 0.003676
0.982737 0.766744 0.515063 16777215 0.004467
0.970297 0.664447 0.458450 16645372 0.000016
0.786614 0.776506 0.520924 10987428 0.000160
0.971010 0.500148 0.483516 16777215 0.000017
0.076247 0.661634 0.541349 16777215 0.000005
0.010826 0.722560 0.498818 11184554 0.000058
0.260572 0.751368 0.528594 16777215 0.000003
0.557960 0.785797 0.528255 16777215 0.000309
0.966211 0.662774 0.476621 16711675 0.000020
0.120511 0.219401 0.541988 16777215 0.000590
0.409755 0.224045 0.546559 16777215 0.000001
0.698241 0.777847 0.488147 9144710 0.000429
0.487350 0.223907 0.540273 16777215 0.002630
0.907639 0.779026 0.477106 11382961 0.780260
0.988215 0.202804 0.461158 6053211 0.944160
0.156246 0.208395 0.503901 12696768 0.004191
0.750282 0.229048 0.544070 16777215 0.013436
0.894944 0.222974 0.546268 16777215 0.001240
0.320332 0.793145 0.515989 12500155 0.000731
0.872878 0.439217 0.535376 16777215 0.000081
0.708243 0.792724 0.537581 10658722 0.000238
0.536791 0.764224 0.547139 16777215 0.000001
0.198755 0.736589 0.538232 16777215 0.000002
0.005008 0.203180 0.454606 6710111 0.928678
0.937167 0.755110 0.534247 16777215 0.000480
0.044639 0.788943 0.454622 16777215 0.003843
0.980195 0.365085 0.527708 16777215 0.178390
0.012961 0.320238 0.506097 11579823 0.000131
0.992182 0.309101 0.482016 16777215 0.000031
0.717919 0.788143 0.506783 11974324 0.000112
0.989129 0.207103 0.493007 13620177 0.122885
0.010758 0.658772 0.517471 15527662 0.924977
0.035325 0.792960 0.505104 13354699 0.022650
0.950215 0.797482 0.545075 9211021 0.988539
0.866120 0.769311 0.454976 16711163 0.000002
0.596061 0.790734 0.502229 11053737 0.000009
0.419288 0.203080 0.464442 7565941 0.000503
0.216086 0.206180 0.515610 8947847 0.000001
0.032873 0.668932 0.481416 14079444 0.000284
0.638514 0.765778 0.535462 16777215 0.102424
0.411723 0.230206 0.546764 16777215 0.000000
0.507263 0.254023 0.547010 16777215 0.000089
0.006051 0.362648 0.527703 16777215 0.082494
0.011626 0.382967 0.482328 9605264 0.000373
0.673276 0.779377 0.454664 16777215 0.000000
0.747797 0.204053 0.474018 7303022 0.000047
0.435644 0.789649 0.475158 11250858 0.093451
0.545905 0.214264 0.543026 5131597 0.000284
0.050387 0.547240 0.457634 16777215 0.000000
0.506037 0.214914 0.499330 7895417 0.000049
0.923003 0.203034 0.453126 16777215 0.999918
0.588015 0.251835 0.495150 8553092 0.000046
0.287868 0.212767 0.510260 8618883 0.000000
0.682671 0.252517 0.450563 16777215 0.000000
0.493130 0.217951 0.516308 5921113 0.001574
0.222728 0.221262 0.509861 16777215 0.000493
0.973972 0.585877 0.478910 15067626 0.000142
0.509389 0.224510 0.487818 16777215 0.000778
0.368680 0.765196 0.542421 16777215 0.000002
0.485855 0.783035 0.453203 16777215 0.000002
0.020688 0.345578 0.483376 11316400 0.001061
0.714200 0.554261 0.511952 16777215 0.005144
0.024956 0.765619 0.532122 16777215 0.597336
0.078276 0.697312 0.542127 16777215 0.000001
0.017698 0.241387 0.459355 16777215 0.049337
0.969314 0.434643 0.519747 16777215 0.071719
0.025697 0.201111 0.454132 1710618 0.998652
0.017185 0.501043 0.505670 10526108 0.003663
0.718036 0.212285 0.463925 16777215 0.004290
0.986381 0.729226 0.473916 16119029 0.000200
0.719717 0.208231 0.523228 7171950 0.000508
0.972783 0.315076 0.469523 16776959 0.000453
0.009344 0.653414 0.509619 11184035 0.000293
0.922274 0.219701 0.533033 6776934 0.766377
0.033676 0.795009 0.528077 12961221 0.015470
0.081654 0.782136 0.459577 15132901 0.003853
0.320321 0.220485 0.493482 8157561 0.004677
0.007067 0.383510 0.463045 10329758 0.017220
0.562675 0.792989 0.504114 11316139 0.000009
0.417538 0.259566 0.524601 16777215 0.000044
0.364271 0.732556 0.544557 16777215 0.000000
0.547547 0.206061 0.468532 6645605 0.000056
0.615296 0.778858 0.541146 16777215 0.000014
0.198997 0.207667 0.505330 9539216 0.000003
0.975760 0.377468 0.485127 16777215 0.005519
0.568976 0.782446 0.464925 16777215 0.020018
0.971427 0.450833 0.482155 16645885 0.000485
0.605699 0.770216 0.465761 16777215 0.000000
0.107126 0.661114 0.469039 16777215 0.000000
0.976131 0.684774 0.539066 16777215 0.005546
0.849977 0.222035 0.547794 16777215 0.000000
0.610205 0.781640 0.497459 10461086 0.001730
0.175377 0.453589 0.533618 16777215 0.000748
0.849940 0.767182 0.529922 16777215 0.037853
0.968260 0.765871 0.457357 16777215 0.001711
0.980747 0.689256 0.526592 16777215 0.000025
0.967762 0.784849 0.545489 16777215 0.116617
0.967501 0.771296 0.530864 16777215 0.958941
0.064553 0.455257 0.537419 16777215 0.018878
0.861904 0.241768 0.528862 7566196 0.021837
0.619522 0.753662 0.464447 16777215 0.000000
0.572544 0.793544 0.526284 11514032 0.000002
0.788195 0.205537 0.465637 7566194 0.003546
0.709335 0.793303 0.488427 10526624 0.000034
0.456077 0.218122 0.545585 16777215 0.000000
0.137445 0.757278 0.455828 16777215 0.000226
0.729099 0.781092 0.515118 10197914 0.141180
0.305314 0.787604 0.450475 16777215 0.000103
0.221616 0.747321 0.542316 16777215 0.000000
0.427954 0.224165 0.451667 16777215 0.000075
0.028362 0.571668 0.463124 16777215 0.000044
0.657093 0.789679 0.534290 12106169 0.976539
0.363747 0.785304 0.470593 12501442 0.808190
0.535954 0.731769 0.525061 16777215 0.000000
0.984176 0.513232 0.499535 16185836 0.000063
0.037822 0.344459 0.503254 15198443 0.000764
0.522772 0.216511 0.544375 16777215 0.000450
0.040298 0.783484 0.533846 16777215 0.066143
0.637318 0.783505 0.528699 13618635 0.112563
0.206261 0.536451 0.514446 16777215 0.178553
0.993830 0.447186 0.513647 16777215 0.045391
0.192764 0.461148 0.549753 16777215 0.075593
0.741660 0.764425 0.465172 16777215 0.042850
0.945776 0.580604 0.513217 16777215 0.000685
0.731441 0.765435 0.540552 16777215 0.000000
0.668009 0.211518 0.486985 16777215 0.276161
0.341669 0.787576 0.473016 9804182 0.553178
0.019865 0.497500 0.503178 11117992 0.000537
0.210775 0.573593 0.540659 16777215 0.000020
0.214353 0.785789 0.484923 11450035 0.300397
0.679336 0.522628 0.509218 16777215 0.613991
0.012133 0.607056 0.514726 11974836 0.001144
0.871688 0.792497 0.536091 12566206 0.817910
0.242299 0.400846 0.476940 16777215 0.000168
0.257975 0.426534 0.467052 16777215 0.006072
0.315602 0.412706 0.498573 16777215 0.000086
0.985179 0.201495 0.537106 8750212 0.998367
0.017729 0.216906 0.519759 7434864 0.003969
0.045834 0.210225 0.457569 16777215 0.009347
0.984040 0.295439 0.519036 16777215 0.013558
0.570740 0.780011 0.517130 10922401 0.004523
0.046996 0.645016 0.453960 16777215 0.000323
0.703615 0.582684 0.448788 16777215 0.000853
0.219468 0.587999 0.537761 16777215 0.000332
0.859739 0.212435 0.492836 7895162 0.016291
0.619027 0.447104 0.487309 16777215 0.000004
0.970279 0.430208 0.465428 16316408 0.000007
0.662140 0.385060 0.540717 16777215 0.000003
0.662575 0.781216 0.540906 16777215 0.000027
0.157802 0.567249 0.541242 16777215 0.000001
0.669577 0.499100 0.489049 16777215 0.005798
0.948772 0.491230 0.539841 16777215 0.000081
0.977350 0.202633 0.455811 7763830 0.998838
0.919193 0.363201 0.549190 16777215 0.000006
0.489792 0.773428 0.538591 16777215 0.000014
0.955848 0.462822 0.539960 16777215 0.000015
0.014323 0.472403 0.508330 10461601 0.007919
0.463036 0.739565 0.543570 16777215 0.000602
0.052811 0.535440 0.519938 16777215 0.073143
0.329324 0.746320 0.540354 16777215 0.000000
0.047378 0.766272 0.522765 16777215 0.029181
0.954647 0.408205 0.478390 16777215 0.000000
0.983206 0.515531 0.521728 16777215 0.035941
0.351452 0.412475 0.523379 16777215 0.000009
0.299560 0.449364 0.497944 16777215 0.000012
0.003515 0.257520 0.451934 16052724 0.999229
0.986058 0.480127 0.509608 16777215 0.000007
0.055717 0.664551 0.510237 16777215 0.008118
0.286635 0.780511 0.461904 16777215 0.026165
0.980723 0.725461 0.516930 16777215 0.029262
0.190080 0.793305 0.511327 12895172 0.000008
0.589922 0.218187 0.483457 12039862 0.000009
0.315219 0.523160 0.456246 16777215 0.041325
0.971723 0.323749 0.511542 16777215 0.000128
0.648100 0.454004 0.543638 16777215 0.000005
0.014803 0.521885 0.518567 10921125 0.001733
0.205962 0.406470 0.518204 16777215 0.002146
0.341121 0.603626 0.485045 16777215 0.000000
0.984301 0.534970 0.469736 16777215 0.000277
0.097596 0.491200 0.533298 16777215 0.000010
0.261510 0.400794 0.544599 16777215 0.000024
0.314954 0.509355 0.468658 16711679 0.001693
0.814480 0.484618 0.451627 16777215 0.278466
0.815917 0.473405 0.547566 16777215 0.035669
0.960401 0.495726 0.494673 16777215 0.000001
0.063766 0.641544 0.533602 16777215 0.000067
0.988174 0.741703 0.522157 16777215 0.009686
0.052783 0.456060 0.538269 16777215 0.510212
0.210771 0.222124 0.491026 16777215 0.046743
0.713557 0.385778 0.521747 16777215 0.000201
0.245880 0.780656 0.464863 16383228 0.223580
0.321009 0.568991 0.456571 16777215 0.000000
0.096164 0.630751 0.509803 16777215 0.000130
0.921324 0.291014 0.526018 16777215 0.000070
0.934555 0.339521 0.529779 16777215 0.199520
0.205807 0.213715 0.529617 7960441 0.000084
0.295942 0.789649 0.501529 12368823 0.001190
0.408683 0.759039 0.537899 16777215 0.000000
0.992446 0.725905 0.470964 16513784 0.000259
0.245393 0.783785 0.545487 16777215 0.529630
0.935099 0.333383 0.497429 16646142 0.000037
0.721281 0.757781 0.540155 16777215 0.000002
0.454569 0.774267 0.482589 12172483 0.636715
0.200926 0.640205 0.468683 16777215 0.000000
0.032306 0.693533 0.514336 16777215 0.031558
0.932843 0.613657 0.484157 16777215 0.000455
0.456961 0.270189 0.500904 13091265 0.035442
0.816914 0.522712 0.547284 16777215 0.065180
0.022511 0.425373 0.517739 16777215 0.070992
0.035617 0.617393 0.528968 16777215 0.468718
0.331739 0.774834 0.540242 16777215 0.000149
0.955733 0.567380 0.505697 16777215 0.055406
0.266026 0.791692 0.526420 12895935 0.074823
0.844849 0.574238 0.468608 16777215 0.000077
0.032637 0.410556 0.532709 16777215 0.314788
0.289477 0.793284 0.532075 11711411 0.002264
0.486643 0.752982 0.536591 16777215 0.000000
0.664011 0.234736 0.451359 16777215 0.000000
0.794735 0.686980 0.532838 16777215 0.000000
0.977792 0.466273 0.472258 15001060 0.009169
0.025374 0.710447 0.456460 16777215 0.000000
0.133461 0.557416 0.526454 16777215 0.000004
0.117742 0.447871 0.488265 16777215 0.000000
0.222015 0.791637 0.536545 11710896 0.000258
0.433283 0.765830 0.542369 16777215 0.000000
0.768431 0.237014 0.455734 16777215 0.000191
0.773887 0.675304 0.519183 16777215 0.000000
0.317574 0.202306 0.471240 9538958 0.998919
0.975799 0.333811 0.476140 16250356 0.011773
0.016479 0.615961 0.456628 16777215 0.000002
0.119163 0.501361 0.474784 16777215 0.000000
0.989078 0.504739 0.458602 16710908 0.875992
0.708309 0.626392 0.540319 16777215 0.000000
0.026186 0.798701 0.462428 12303804 0.993335
0.498513 0.484321 0.503883 16185079 0.000015
0.702594 0.561623 0.497850 16777215 0.873176
0.068432 0.275626 0.540498 16777215 0.000056
0.006266 0.791907 0.476718 11842997 0.032312
0.929153 0.242254 0.529306 16777215 0.001990
0.917789 0.391411 0.464077 16316664 0.000004
0.977142 0.298123 0.517637 16777215 0.077565
0.983814 0.276934 0.518369 16777215 0.885254
0.018149 0.743237 0.527604 16777215 0.064977
0.898266 0.221732 0.532954 16777215 0.420310
0.990536 0.779342 0.511434 16777215 0.000061
0.813773 0.209018 0.508453 7631987 0.000008
0.045606 0.263995 0.529157 16777215 0.543894
0.729446 0.563842 0.460564 15658735 0.060424
0.003774 0.718635 0.453620 14474460 0.999549
0.982974 0.312228 0.491801 16777215 0.000030
0.724631 0.431789 0.465589 16447994 0.889131
0.963993 0.785084 0.505164 10395802 0.023022
0.238376 0.226319 0.545590 16777215 0.002544
0.006811 0.747488 0.493612 11447469 0.012753
0.983892 0.218213 0.509637 15986932 0.001572
0.027947 0.591701 0.530177 16777215 0.072800
0.853921 0.778643 0.455254 16645116 0.000037
0.838520 0.229162 0.536554 16777215 0.453604
0.940889 0.790251 0.471383 10790050 0.003509
0.892098 0.790203 0.521406 10329760 0.000047
0.962930 0.791648 0.475789 11184557 0.844605
0.040345 0.229590 0.535831 14540254 0.017505
0.992820 0.257767 0.504684 16777215 0.000009
0.980121 0.345739 0.460513 16777215 0.046558
0.005469 0.251405 0.463949 10461087 0.028994
0.934987 0.784818 0.515911 16777215 0.944408
0.626213 0.216057 0.543422 16777215 0.981484
0.996365 0.758901 0.527706 16777215 0.182197
0.973743 0.741353 0.483306 16777215 0.000204
0.808732 0.796234 0.529184 10724259 0.000004
0.993070 0.774875 0.457627 16184820 0.000299
0.016939 0.747364 0.508128 16777215 0.172366
0.033221 0.219332 0.527225 10659237 0.001017
0.108426 0.214090 0.523411 11052447 0.000049
0.304899 0.738788 0.525702 16777215 0.000001
0.025292 0.475586 0.495357 11974325 0.000378
0.490613 0.789017 0.470499 10460830 0.385322
0.117538 0.211765 0.530350 10064536 0.024778
0.987634 0.623991 0.480337 16644350 0.000011
0.083803 0.224207 0.545568 16777215 0.000807
0.285479 0.246029 0.532354 16777215 0.000003
0.710502 0.779719 0.494653 10987429 0.000030
0.434569 0.252423 0.538698 16777215 0.000164
0.009070 0.532104 0.492801 10461350 0.000063
0.929667 0.217458 0.545610 16777215 0.001948
0.820579 0.236336 0.491041 16777215 0.000098
0.725721 0.793894 0.515919 11119530 0.000088
0.633306 0.205805 0.541617 16777215 0.996246
0.202321 0.212038 0.488174 8684677 0.000600
0.004030 0.793303 0.509783 11842995 0.368194
0.181749 0.751905 0.544771 16777215 0.000001
0.002308 0.641158 0.524180 10855589 0.269524
0.961865 0.748750 0.541372 16777215 0.000059
0.986310 0.380637 0.526056 16777215 0.033260
0.014770 0.279490 0.510301 11184296 0.000319
0.987305 0.316470 0.469976 16777215 0.000044
0.682371 0.788737 0.495302 11844024 0.000369
0.151136 0.214545 0.546231 16777215 0.017603
0.980309 0.226641 0.477831 15658990 0.395428
0.130356 0.799065 0.545984 12763842 0.996091
0.952982 0.789504 0.484375 10526877 0.444185
0.664953 0.781632 0.462160 16777215 0.004409
0.414049 0.219174 0.490283 8158332 0.001989
0.188414 0.221531 0.506127 9868954 0.000025
0.928357 0.301733 0.541347 16777215 0.000031
0.755399 0.783813 0.533951 16777215 0.132602
0.003029 0.265373 0.529851 16777215 0.908065
0.638849 0.753851 0.458201 16777215 0.000000
0.603612 0.225207 0.540260 16777215 0.001778
0.479656 0.205488 0.502286 8619141 0.000206
0.567826 0.223771 0.534791 16777215 0.978230
0.591230 0.203733 0.528385 7434864 0.000014
0.678346 0.232999 0.455375 16777215 0.000001
0.404254 0.234930 0.455298 16777215 0.000965
0.250291 0.234877 0.488407 16777215 0.000201
0.992262 0.575487 0.455930 16777214 0.000245
0.568039 0.214435 0.458004 16777215 0.144081
0.561460 0.219556 0.513816 6645866 0.000007
0.425600 0.785729 0.536317 16777215 0.000141
0.981459 0.209947 0.541179 16777215 0.002423
0.010368 0.383148 0.478663 11052967 0.000429
0.708547 0.574358 0.503767 16777215 0.001686
0.997003 0.205793 0.481570 16777215 0.971810
0.025366 0.765711 0.535767 16777215 0.016316
0.700948 0.253738 0.457578 16777215 0.000002
0.021548 0.583488 0.518604 16777215 0.417029
0.995981 0.787756 0.453606 15264233 0.998399
0.855932 0.791005 0.452416 16580349 0.386236
0.987419 0.687094 0.457747 16382715 0.000094
0.775201 0.210298 0.547600 16777215 0.783514
0.222011 0.203527 0.467102 8158589 0.000005
0.859059 0.774668 0.516608 16777215 0.056884
0.974207 0.356205 0.464983 16777215 0.000146
0.803000 0.209018 0.544750 16777215 0.997836
0.843910 0.209308 0.537106 7039593 0.990184
0.045318 0.797942 0.543778 12829635 0.584585
0.096272 0.756782 0.458911 16777215 0.000881
0.015915 0.505424 0.517190 16777215 0.158811
0.579544 0.785417 0.470910 10790311 0.000095
0.404262 0.766614 0.531214 16777215 0.013186
0.368236 0.727323 0.531791 16777215 0.000000
0.600825 0.206109 0.469776 7829368 0.000067
0.263081 0.202862 0.463013 7632501 0.048302
0.658460 0.755884 0.532196 16777215 0.000000
0.216204 0.221826 0.512457 8420988 0.000027
0.987504 0.332241 0.465735 16777215 0.002441
0.292684 0.207553 0.473296 7434611 0.000090
0.549821 0.771628 0.464780 16777215 0.000001
0.974731 0.564157 0.468280 16514043 0.000041
0.142583 0.446705 0.518072 16777215 0.000159
0.860480 0.783332 0.541627 16777215 0.015232
0.952602 0.761053 0.461043 16777215 0.000745
0.979587 0.309078 0.498611 15989753 0.000047
0.966107 0.771947 0.530916 16777215 0.325787
0.018184 0.258840 0.544057 16777215 0.190910
0.974689 0.782965 0.529274 16777215 0.684058
0.761433 0.208836 0.534104 6974827 0.000750
0.687734 0.771907 0.463622 16777215 0.000250
0.730079 0.781681 0.476020 11381160 0.071142
0.022014 0.459899 0.464495 16777215 0.000011
0.037451 0.449559 0.454845 16777215 0.000761
0.964859 0.366177 0.474323 16777215 0.000042
0.022487 0.470090 0.505666 16777215 0.044564
0.715428 0.784508 0.529442 11053224 0.444365
0.045492 0.395188 0.535323 16777215 0.009424
0.983268 0.673639 0.513418 15593452 0.013510
0.709887 0.763290 0.515974 16777215 0.000000
0.986647 0.581078 0.507293 16777213 0.000017
0.022017 0.240550 0.546200 16777215 0.519344
0.754153 0.763727 0.476055 16776692 0.001907
0.860702 0.222890 0.529087 4736839 0.294979
0.070167 0.207879 0.546828 16777215 0.989538
0.021879 0.242205 0.508564 16777215 0.095597
0.646665 0.238796 0.459147 16777215 0.005051
0.012660 0.459811 0.491192 10855330 0.000007
0.652149 0.791884 0.531148 10525855 0.174953
0.614117 0.218743 0.462166 16777215 0.007880
0.199121 0.536077 0.524067 16777215 0.003105
0.729532 0.775418 0.463298 16118772 0.561545
0.655647 0.793491 0.515021 10921637 0.000042
0.685506 0.463675 0.547071 16777215 0.000981
0.483209 0.762554 0.548674 16777215 0.000000
0.678997 0.743740 0.457627 16777215 0.000000
0.282432 0.399692 0.524932 16777215 0.033248
0.192824 0.425647 0.489201 16777215 0.000309
0.337372 0.430371 0.469671 16777215 0.000133
0.047173 0.410765 0.545102 16777215 0.001976
0.991234 0.203268 0.488203 7105901 0.950770
0.016075 0.206508 0.521451 10394267 0.004565
0.893537 0.208033 0.474973 6316637 0.030818
0.971761 0.307737 0.512737 16777215 0.033979
0.027278 0.734782 0.546023 16777215 0.594283
0.540409 0.771395 0.518004 12764358 0.017766
0.080752 0.630883 0.495132 16777215 0.000251
0.291378 0.791703 0.472710 11843253 0.019832
0.210992 0.224033 0.498996 10330525 0.000360
0.109182 0.796501 0.460122 12895427 0.230008
0.976739 0.629061 0.525454 16777215 0.012620
0.488735 0.786176 0.524417 11711153 0.000035
0.703878 0.584747 0.451206 16777215 0.000122
0.988750 0.616027 0.467505 16645622 0.047673
0.200863 0.581936 0.460477 16777215 0.000009
0.975207 0.589686 0.524037 16777215 0.047151
0.003609 0.422555 0.453487 15395049 0.988735
0.978006 0.473235 0.462259 15396587 0.000036
0.696274 0.774366 0.539530 16777215 0.000025
0.175472 0.528833 0.535968 16777215 0.001189
0.014397 0.275748 0.478866 12895941 0.960683
0.949542 0.451916 0.520211 16777215 0.000193
0.902555 0.768220 0.512851 16777215 0.396889
0.086623 0.586189 0.519432 16777215 0.000192
0.421491 0.775033 0.509986 16777215 0.003187
0.933164 0.397908 0.533948 16777215 0.000038
0.015480 0.524477 0.514462 16777215 0.131254
0.085006 0.409970 0.534985 16777215 0.000000
0.240747 0.569450 0.454958 16777215 0.000017
0.655106 0.513429 0.494763 16777215 0.000794
0.991112 0.389390 0.517644 16777215 0.000002
0.896159 0.404951 0.538459 16777215 0.000000
0.296830 0.456644 0.520278 16777215 0.000036
0.007638 0.281536 0.460955 15000806 0.056944
0.980220 0.577952 0.477671 16777215 0.000055
0.641985 0.228078 0.451181 16777215 0.000000
0.040153 0.330813 0.531790 16777215 0.184682
0.411155 0.210198 0.536775 16777215 0.999953
0.665428 0.556016 0.501682 16777215 0.000068
0.976583 0.425784 0.516853 16052724 0.000040
0.760971 0.206764 0.467002 7171179 0.000274
0.649154 0.743990 0.526006 16777215 0.000031
0.310195 0.767998 0.538830 16777215 0.000024
0.597655 0.209814 0.513742 7434866 0.000007
0.307393 0.782783 0.473044 10000279 0.898912
0.453853 0.775513 0.464199 15132132 0.959656
0.977574 0.668309 0.530421 16777215 0.019422
0.197984 0.421768 0.523557 16777215 0.016452
0.983908 0.544403 0.481474 16644347 0.000310
0.045032 0.551126 0.538042 16777215 0.001667
0.013030 0.298244 0.470118 10066075 0.892637
0.256620 0.409537 0.511220 16777215 0.005081
0.148525 0.794442 0.519787 13092805 0.008938
0.980576 0.498006 0.530234 16777215 0.475149
0.512229 0.221778 0.543273 16777215 0.000070
0.920914 0.645784 0.486709 16777215 0.000218
0.990576 0.653551 0.465809 16777215 0.047547
0.161977 0.451046 0.466467 16777215 0.000001
0.628480 0.778898 0.469322 10132122 0.432494
0.329385 0.486065 0.493549 16777215 0.000462
0.974269 0.579601 0.527185 16777215 0.386037
0.960033 0.793484 0.453295 16777215 0.515241
0.979581 0.724936 0.465236 15724529 0.002701
0.003811 0.203060 0.521498 10132635 0.999092
0.849036 0.504542 0.450652 16777215 0.032837
0.311563 0.565939 0.460928 16777215 0.000657
0.057338 0.498335 0.521869 16777215 0.000008
0.025157 0.309697 0.525520 16777215 0.171071
0.341149 0.235768 0.456494 16777215 0.000160
0.293377 0.450702 0.472483 16777215 0.002179
0.906249 0.253214 0.483926 16316415 0.006714
0.932152 0.498159 0.511133 16777215 0.138408
0.740447 0.429446 0.540756 16777215 0.913887
0.239723 0.793406 0.457426 9934745 0.918804
0.118089 0.778385 0.496273 13224137 0.668426
0.992219 0.263649 0.505078 16054522 0.000354
0.867597 0.791280 0.469335 10789540 0.002601
0.974637 0.313803 0.476715 16777215 0.001673
0.056696 0.402959 0.511370 12828868 0.056557
0.744676 0.234732 0.455667 16777215 0.000012
0.526255 0.316410 0.496610 16777215 0.000004
0.704028 0.242863 0.451223 16777215 0.000000
0.452528 0.243059 0.453703 16777215 0.000249
0.722598 0.222855 0.474664 16777215 0.003349
0.517467 0.257640 0.459275 16777215 0.000000
0.629171 0.220933 0.546428 16777215 0.995375
0.085022 0.430882 0.492708 16777215 0.001012
0.761477 0.601933 0.454839 16777215 0.000558
0.675867 0.288393 0.496540 16777215 0.000010
0.201495 0.433939 0.543981 16777215 0.000215
0.983501 0.478845 0.495061 16777215 0.000148
0.894325 0.480554 0.514089 16777215 0.000002
0.063143 0.623198 0.523372 16777215 0.000323
0.953228 0.464547 0.487400 16777215 0.000001
0.947108 0.618816 0.480019 16777215 0.000004
0.947541 0.713557 0.499634 16777215 0.008545
0.367758 0.545740 0.480271 16777215 0.000000
0.987706 0.574481 0.523529 16777215 0.006686
0.239475 0.748435 0.517742 16777215 0.000108
0.366994 0.660281 0.499301 16777215 0.000000
0.152412 0.203934 0.500237 10197663 0.000844
0.923893 0.459477 0.459555 16777215 0.000099
0.024282 0.512814 0.540772 16777215 0.000926
0.976162 0.522142 0.473642 16777215 0.000034
0.947247 0.321681 0.509764 16777215 0.001678
0.608602 0.740207 0.549875 16777215 0.000001
0.624250 0.782846 0.497309 9737102 0.000178
0.367686 0.783358 0.453109 16777215 0.000000
0.894230 0.290012 0.482580 16777215 0.000341
0.290409 0.778249 0.471971 15461613 0.004654
0.707387 0.768004 0.539784 16777215 0.000001
0.253378 0.594230 0.547282 16777215 0.000005
0.772921 0.783667 0.536531 16777215 0.991291
0.385512 0.781253 0.543723 16777215 0.000000
0.972513 0.561264 0.535893 16777215 0.032884
0.029074 0.583881 0.525655 16777215 0.165687
0.795620 0.396180 0.451169 16777215 0.000000
0.040844 0.621674 0.537837 16777215 0.000257
0.024387 0.410737 0.528460 16777215 0.008229
0.242410 0.216229 0.462957 16777215 0.006343
0.566244 0.770981 0.541787 16777215 0.000026
0.813401 0.784744 0.494836 10197399 0.000195
0.447618 0.776355 0.460876 16777215 0.000004
0.294018 0.211013 0.542020 16777215 0.999108
0.788771 0.205587 0.450161 16777215 0.892310
0.403087 0.786801 0.455796 16777215 0.000001
0.992708 0.301074 0.473053 15857398 0.000022
0.268346 0.788403 0.454848 16777215 0.000433
0.125548 0.597247 0.467828 16777215 0.000019
0.761104 0.786982 0.546949 16777215 0.000027
0.211527 0.788726 0.479809 15723497 0.153207
0.246543 0.573946 0.549973 16777215 0.006220
0.859762 0.427797 0.527587 16777215 0.000009
0.748585 0.787576 0.531094 16777215 0.994937
0.298017 0.760638 0.536157 16777215 0.000000
0.963218 0.738689 0.538256 16777215 0.004033
0.016894 0.686440 0.542382 16777215 0.016327
0.793366 0.419972 0.454292 16777215 0.000001
0.010885 0.790233 0.500366 14408409 0.946483
0.045668 0.231046 0.505986 16777215 0.008681
0.696429 0.566197 0.458013 16777215 0.008665
0.217539 0.788531 0.496017 11908534 0.000047
0.076919 0.277707 0.537549 16777215 0.000059
0.006529 0.786112 0.468325 11710642 0.023550
0.008585 0.689263 0.499144 10987684 0.000383
0.008630 0.765859 0.526394 12172475 0.975741
0.911226 0.783659 0.488806 9733510 0.103409
0.052217 0.754037 0.530942 16777215 0.002129
0.013500 0.238166 0.498579 11054763 0.066197
0.817329 0.207825 0.539872 16777215 0.997731
0.991621 0.781518 0.494838 16382458 0.000006
0.013932 0.797554 0.463228 13354698 0.979371
0.719316 0.574610 0.478930 16777215 0.018646
0.022199 0.768610 0.546187 16777215 0.651131
0.964923 0.240743 0.520059 16777215 0.200236
0.995494 0.206755 0.454933 16777215 0.998853
0.987275 0.228591 0.500764 16777215 0.000032
0.083452 0.206981 0.523382 10066842 0.000108
0.958270 0.223281 0.539741 16777215 0.152590
0.017287 0.486326 0.478374 10592928 0.042386
0.160753 0.770969 0.527899 16777215 0.000004
0.017375 0.239441 0.511831 11316394 0.008904
0.080415 0.210151 0.486565 9013642 0.000014
0.007452 0.329124 0.472523 10921637 0.002186
0.958790 0.781645 0.523520 16777215 0.964145
0.779916 0.215156 0.543476 16777215 0.820126
0.982305 0.767966 0.520004 16777215 0.001763
0.805398 0.785765 0.502743 10855850 0.000100
0.104674 0.208093 0.475416 8553090 0.000017
0.991466 0.556889 0.493758 16711675 0.000003
0.126358 0.213027 0.545486 16777215 0.031973
0.504953 0.776717 0.522675 11579312 0.000746
0.009249 0.677053 0.515192 12763841 0.000143
0.519331 0.785550 0.525405 16777215 0.139621
0.020990 0.365260 0.462998 16777215 0.065539
0.127913 0.230725 0.545836 16777215 0.002587
0.344393 0.225513 0.545685 16777215 0.000002
0.697167 0.794988 0.530766 10460316 0.000116
0.488866 0.218909 0.542757 16777215 0.002091
0.285012 0.769128 0.517541 13026500 0.003406
0.009554 0.412353 0.475811 10132124 0.000192
0.745393 0.767047 0.512744 13750984 0.006680
0.139615 0.210862 0.485606 8552834 0.000437
0.223289 0.740731 0.520006 16777215 0.000004
0.021049 0.700389 0.510738 10986659 0.009277
0.939597 0.251644 0.537871 16777215 0.000106
0.026499 0.258738 0.509131 16777215 0.037789
0.949064 0.690664 0.542074 16777215 0.000033
0.032306 0.777619 0.455028 16777215 0.005520
0.977207 0.321610 0.519031 16777215 0.048833
0.656553 0.797250 0.477125 11053224 0.000202
0.992026 0.208195 0.520678 15001318 0.020820
0.248416 0.211651 0.545582 16777215 0.993471
0.916498 0.782260 0.538032 16777215 0.001367
0.946117 0.786052 0.515262 11249323 0.419160
0.876998 0.728917 0.455748 16777215 0.000000
0.410691 0.213545 0.497144 8356227 0.001271
0.020847 0.603898 0.504744 16777215 0.533807
0.291405 0.208770 0.517474 8224383 0.000003
0.276356 0.209981 0.529279 9540240 0.000001
0.030603 0.308305 0.513469 16777215 0.231508
0.613834 0.700044 0.479358 16777215 0.000000
0.562639 0.785015 0.491570 11580081 0.000068
0.767647 0.204953 0.476667 7368816 0.000206
0.966952 0.345847 0.465278 16776959 0.000014
0.533535 0.206506 0.503258 7894392 0.000133
0.455798 0.207627 0.536988 7107181 0.090343
0.982931 0.648342 0.522896 16777215 0.009689
0.482455 0.239568 0.467574 16777215 0.005876
0.475069 0.203526 0.532846 7039594 0.000001
0.363511 0.761746 0.546223 16777215 0.000073
0.561017 0.771293 0.461756 16777215 0.006554
0.145892 0.235140 0.493935 16777215 0.000009
0.013429 0.657611 0.457119 16777215 0.702708
0.029280 0.307785 0.503367 11383211 0.000841
0.044183 0.711676 0.523811 16777215 0.003218
0.142824 0.786911 0.468889 12237499 0.157950
0.980223 0.742637 0.467689 16777215 0.000586
0.971183 0.321832 0.506122 16777215 0.000316
0.847282 0.788590 0.545168 16777215 0.016479
0.987823 0.327704 0.463349 16645629 0.000271
0.974119 0.201384 0.543655 6118748 0.983755
0.036158 0.793491 0.491212 13553872 0.051679
0.113591 0.774311 0.460776 16514042 0.007511
0.979770 0.512717 0.494485 16777215 0.000003
0.363303 0.217252 0.493476 6384749 0.021523
0.429514 0.223627 0.545451 16777215 0.000439
0.676521 0.200682 0.530608 7500402 0.000001
0.311005 0.224377 0.470704 16777215 0.000102
0.426270 0.212982 0.538201 6381922 0.000223
0.030654 0.636840 0.521518 13684943 0.062651
0.563481 0.211202 0.486441 6908268 0.000856
0.621067 0.734433 0.507935 16777215 0.000000
0.135876 0.200891 0.538779 8224382 0.000206
0.329769 0.201928 0.544642 6250336 0.962249
0.685056 0.762305 0.470100 16777215 0.000000
0.901327 0.426190 0.544627 16777215 0.000000
0.987605 0.616406 0.521193 16777215 0.508293
0.855064 0.230736 0.546723 16777215 0.000001
0.487761 0.206397 0.464580 16777215 0.891303
0.979351 0.595641 0.479208 16711679 0.000062
0.176401 0.464117 0.548214 16777215 0.000054
0.029512 0.288561 0.527521 16777215 0.635814
0.013622 0.209832 0.527714 14276310 0.022504
0.981864 0.747797 0.482829 16514301 0.000549
0.987521 0.611995 0.514619 16777215 0.000001
0.963461 0.408353 0.510513 16579581 0.000054
0.137917 0.773254 0.476657 12237754 0.445515
0.120229 0.263199 0.455647 16777215 0.000009
0.970301 0.764530 0.516780 16777215 0.000662
0.011708 0.212867 0.537239 16777215 0.505520
0.957695 0.783447 0.518967 16777215 0.341266
0.666320 0.210098 0.478068 7368557 0.000466
0.866253 0.215014 0.526681 8816515 0.008764
0.599315 0.772330 0.456916 16777215 0.000002
0.566287 0.778734 0.499174 11711152 0.000015
0.830337 0.798903 0.457045 9803412 0.879642
0.981241 0.319932 0.473651 16056055 0.000050
0.196064 0.770945 0.532827 16777215 0.000000
0.164839 0.545641 0.497478 16777215 0.002208
0.341855 0.552711 0.510645 16777215 0.002464
0.930944 0.528700 0.509891 16777215 0.003009
0.236975 0.227608 0.548449 16777215 0.995524
0.696317 0.206120 0.537987 6776419 0.006327
0.985672 0.597279 0.476602 16250870 0.000002
0.019999 0.451866 0.489974 16777215 0.176266
0.055008 0.204933 0.545915 16777215 0.992603
0.831249 0.210281 0.535746 3817279 0.228916
0.062437 0.225067 0.476702 16777215 0.112517
0.571020 0.230145 0.457279 16777215 0.000002
0.194044 0.531849 0.535365 16777215 0.016026
0.005855 0.488945 0.501625 10461855 0.000181
0.209196 0.575591 0.525103 16777215 0.000041
0.050330 0.413283 0.525978 16777215 0.000001
0.681626 0.527393 0.467330 16777215 0.003296
0.572251 0.783163 0.455924 16777215 0.000003
0.236323 0.417025 0.456372 16777215 0.000200
0.310262 0.423928 0.497786 16777215 0.000502
0.938611 0.221740 0.525437 4276037 0.082938
0.267567 0.762611 0.522713 16777215 0.000013
0.030411 0.212858 0.531003 9473429 0.022514
0.087385 0.207293 0.450739 16777215 0.997391
0.010536 0.566032 0.475977 10789027 0.003665
0.974494 0.266763 0.511378 16777215 0.039751
0.095598 0.479075 0.539179 16777215 0.000371
0.555559 0.793380 0.528387 11382189 0.010727
0.736250 0.201844 0.458782 4736838 0.889485
0.803398 0.750119 0.509109 16777215 0.000001
0.984143 0.480645 0.509023 16777215 0.000145
0.979439 0.641781 0.519833 16777215 0.063822
0.470397 0.785550 0.502418 11842484 0.000135
0.678735 0.591671 0.458282 16777215 0.000023
0.195400 0.566959 0.449377 16777215 0.000003
0.663015 0.452486 0.464213 16777215 0.000049
0.498817 0.235047 0.534646 16777215 0.000000
0.691038 0.779773 0.542355 16777215 0.000108
0.154304 0.544013 0.510766 16777215 0.000006
0.682048 0.522465 0.496892 16777215 0.013698
0.984811 0.412730 0.477292 16777215 0.000002
0.945123 0.331693 0.538309 16777215 0.001133
0.985806 0.447049 0.528676 16777215 0.000110
0.011193 0.489672 0.480960 10856099 0.010860
0.052968 0.537513 0.524721 16777215 0.048251
0.048811 0.745882 0.542535 16777215 0.051027
0.958585 0.522103 0.465818 16711678 0.000000
0.964466 0.492748 0.503319 16777215 0.026678
0.239307 0.575602 0.465790 16777215 0.000381
0.690228 0.527871 0.526489 16777215 0.000953
0.026283 0.463325 0.476578 16777215 0.017641
0.302570 0.465142 0.487903 16777215 0.006008
0.290752 0.579862 0.521315 16777215 0.067640
0.484214 0.763871 0.507432 16777215 0.000039
0.030287 0.342988 0.495321 16777215 0.084933
0.976241 0.656126 0.540531 16777215 0.000678
0.960428 0.548108 0.463976 16249586 0.000018
0.692010 0.510190 0.513706 16777215 0.140166
0.010127 0.366230 0.454770 16777215 0.073037
0.270918 0.774017 0.520302 16777215 0.000166
0.191070 0.798101 0.453717 13487309 0.989094
0.178188 0.787472 0.540444 16777215 0.059013
0.211261 0.434145 0.517720 16777215 0.033094
0.304391 0.580365 0.454980 16777215 0.000001
0.993185 0.537681 0.461793 16185847 0.000047
0.022971 0.557397 0.527291 16777215 0.002785
0.230082 0.786320 0.532024 16777215 0.908773
0.020812 0.770031 0.517325 16777215 0.056655
0.976022 0.481740 0.517599 16777215 0.533997
0.511403 0.246660 0.525052 16777215 0.000364
0.256871 0.770894 0.485651 14014165 0.664022
0.126458 0.795012 0.527848 12566721 0.000007
0.553115 0.780070 0.470952 15328741 0.201474
0.989636 0.330443 0.524678 16777215 0.001195
0.315323 0.473641 0.523146 16777215 0.000011
0.460499 0.781120 0.463603 16184819 0.922994
0.052671 0.416511 0.522871 16777215 0.316936
0.989712 0.432148 0.499998 16776959 0.000000
0.988957 0.355444 0.480494 16777215 0.000012
0.960053 0.404771 0.527789 16777215 0.000276
0.823633 0.525606 0.459084 16777215 0.033934
0.827459 0.557778 0.472680 16777215 0.033197
0.068392 0.555222 0.513807 16777215 0.000014
0.876003 0.795765 0.451948 16777215 0.868603
0.263815 0.577947 0.477266 16777215 0.818771
0.694877 0.565851 0.548032 16777215 0.000585
0.947694 0.253103 0.535624 16777215 0.082857
0.811870 0.783591 0.454313 16777214 0.000039
0.081598 0.555579 0.533065 16777215 0.000133
0.324416 0.780533 0.492541 16777215 0.000450
0.930338 0.202736 0.453542 8421760 0.999887
0.024772 0.638221 0.526277 16777215 0.025020
0.603444 0.758859 0.481312 15260893 0.013084
0.362824 0.240038 0.457678 16777215 0.001327
0.535786 0.205980 0.451743 16777215 0.834053
0.732429 0.715566 0.527617 16777215 0.000000
0.267811 0.229889 0.494453 10724258 0.000160
0.048123 0.461763 0.469525 16777215 0.000000
0.056769 0.431484 0.535872 16777215 0.004964
0.990650 0.566654 0.527931 16777215 0.000150
0.122703 0.381209 0.540505 16777215 0.000000
0.006732 0.240465 0.478683 11845047 0.779768
0.046608 0.574863 0.538929 16777215 0.000139
0.373037 0.777130 0.499386 13817807 0.709508
0.775518 0.231674 0.454102 16777215 0.000071
0.645867 0.248619 0.530384 16777215 0.000000
0.957794 0.536362 0.510477 16777215 0.063731
0.703714 0.218539 0.470958 16777215 0.033155
0.421401 0.785150 0.531403 16777215 0.000000
0.053840 0.748767 0.525870 16777215 0.009080
0.852820 0.760458 0.476287 16777215 0.000017
0.924076 0.286422 0.516658 16777215 0.000001
0.028083 0.670343 0.542799 16777215 0.029760
0.008847 0.536308 0.480637 9934486 0.000038
0.419675 0.249095 0.456735 16777215 0.000000
0.911430 0.711270 0.471221 16777215 0.000062
0.435897 0.771244 0.460257 16777215 0.000001
0.910066 0.399176 0.515406 16777215 0.000031
0.329678 0.748199 0.530132 16777215 0.000000
0.141449 0.203931 0.537621 12501187 0.949209
0.481806 0.787037 0.452422 16777215 0.013111
0.859281 0.492899 0.537607 16777215 0.000024
0.937095 0.463393 0.545249 16777215 0.000292
0.990350 0.443376 0.519104 16777215 0.000030
0.804834 0.427949 0.510965 16777215 0.002479
0.837365 0.459377 0.454124 16777215 0.006564
0.843336 0.481594 0.536902 16777215 0.010462
0.027263 0.597040 0.526787 16777215 0.110770
0.849275 0.783296 0.470942 14737632 0.001169
0.895718 0.391866 0.515827 16777215 0.000001
0.979485 0.570964 0.526060 16777215 0.121803
0.042574 0.558710 0.525197 16777215 0.000012
0.595275 0.778437 0.466976 13158342 0.433881
0.833519 0.776738 0.464380 10395036 0.962410
0.004786 0.542352 0.493984 10592417 0.000006
0.987684 0.671423 0.474418 16777215 0.000101
0.928936 0.501690 0.534327 16777215 0.000099
0.261679 0.748244 0.531965 16777215 0.000000
0.522301 0.782025 0.463362 16777215 0.000005
0.939783 0.207315 0.454925 13421001 0.999384
0.749156 0.744076 0.500458 16777215 0.069643
0.819776 0.428725 0.519300 16777215 0.000154
0.827448 0.378714 0.531207 16777215 0.000044
0.240260 0.600983 0.453779 16777215 0.000000
0.037764 0.210274 0.547431 16777215 0.752484
0.057728 0.220851 0.544868 16777215 0.016919
0.704668 0.565866 0.494669 16777215 0.970406
0.035204 0.268837 0.453926 16777215 0.000041
0.934321 0.253138 0.525172 16777215 0.001606
0.304589 0.796621 0.500812 12105909 0.000056
0.884612 0.716376 0.512089 16777215 0.000039
0.941784 0.329123 0.529665 16777215 0.000331
0.915119 0.236996 0.485942 16777215 0.034925
0.791255 0.205291 0.539727 16777215 0.996698
0.988598 0.738191 0.492092 16777215 0.000019
0.038314 0.216562 0.537489 16777215 0.056464
0.907492 0.737611 0.510814 16777215 0.000070
0.065059 0.746392 0.536213 16777215 0.000006
0.981181 0.760402 0.489621 16317432 0.000022
0.993037 0.363338 0.508075 16514041 0.000012
0.901354 0.797964 0.454553 10855587 0.964341
0.908213 0.660824 0.525401 16777215 0.000013
0.046244 0.266761 0.466576 16777215 0.000727
0.071108 0.216140 0.514036 9473165 0.000927
0.896867 0.796518 0.467389 9540242 0.023830
0.855175 0.790990 0.519040 9736593 0.000164
0.798948 0.286003 0.456472 16777215 0.000000
0.177590 0.783802 0.541818 16777215 0.000018
0.397069 0.771233 0.479252 14540512 0.000085
0.995050 0.793873 0.454121 15133419 0.995382
0.988956 0.664517 0.485877 16777215 0.000008
0.996684 0.202525 0.481056 12567488 0.997498
0.777693 0.767312 0.456902 16777215 0.000001
0.934677 0.760370 0.532608 16777215 0.943254
0.980437 0.760309 0.531286 16777215 0.000696
0.005852 0.208885 0.495161 11051942 0.992498
0.959996 0.702247 0.459362 16777212 0.000009
0.827860 0.787770 0.481914 10987173 0.000010
0.982469 0.781781 0.478275 16382457 0.000334
0.967147 0.510198 0.499441 16777215 0.000136
0.020757 0.777603 0.494702 16249844 0.862226
0.931749 0.404425 0.511435 16777215 0.000087
0.474905 0.786567 0.491159 12040118 0.000205
0.018799 0.627065 0.485593 10855838 0.000197
0.740874 0.239755 0.462878 16119800 0.000907
0.984409 0.347871 0.493036 16777215 0.000017
0.413526 0.231583 0.541784 16777215 0.000002
0.675792 0.782129 0.490269 9738393 0.000455
0.012715 0.554087 0.484266 9673366 0.000841
0.747100 0.231763 0.498560 16777211 0.000122
0.123237 0.743020 0.468879 16777215 0.000000
0.728383 0.739597 0.518478 16777215 0.000442
0.513671 0.205719 0.531237 16777215 0.960993
0.189027 0.213413 0.494078 9211532 0.000588
0.004062 0.797298 0.512862 12763841 0.986841
0.978283 0.293759 0.529503 16777215 0.006187
0.966807 0.656999 0.536967 16777215 0.000691
0.024182 0.240091 0.501885 12041142 0.082975
0.976260 0.438777 0.525504 16777215 0.027011
0.992664 0.301357 0.459251 16777215 0.000011
0.968949 0.230096 0.541419 16777215 0.883793
0.004946 0.219727 0.531755 16777215 0.995604
0.982201 0.210585 0.513823 9211278 0.010042
0.902716 0.773574 0.530773 16777215 0.038118
0.967196 0.784964 0.528094 9207937 0.097043
0.831938 0.773897 0.468347 16777215 0.000025
0.578499 0.786103 0.526964 13159112 0.000127
0.466108 0.212892 0.504208 9868437 0.006162
0.013746 0.584229 0.515370 16777215 0.663154
0.009857 0.519481 0.489732 10065558 0.003160
0.282679 0.218779 0.503046 7764344 0.000007
0.927690 0.318953 0.530208 16777215 0.000030
0.816537 0.226409 0.494115 8749699 0.000474
0.647962 0.217716 0.506845 7960951 0.000010
0.273673 0.207797 0.547040 16777215 0.995403
0.517994 0.223654 0.491849 8947594 0.007738
0.781404 0.749901 0.465237 16777215 0.000046
0.234762 0.236129 0.488321 16777215 0.003762
0.980224 0.690339 0.524227 16777215 0.014893
0.531461 0.204431 0.502150 7828853 0.000001
0.417912 0.753579 0.531611 16777215 0.001092
0.771924 0.226733 0.514233 16777215 0.070237
0.525128 0.779393 0.496843 15725555 0.088842
0.815621 0.221592 0.504245 7500659 0.000024
0.985446 0.616414 0.490576 16777215 0.000009
0.013253 0.368944 0.493038 10198685 0.000188
0.710323 0.552787 0.505039 16777215 0.435787
0.102080 0.282147 0.517054 16777215 0.000002
0.021338 0.722962 0.519339 16777215 0.004822
0.717555 0.268442 0.461365 16777215 0.000003
0.969068 0.500598 0.514712 16777215 0.004460
0.986812 0.723490 0.466359 16777215 0.001086
0.975511 0.720186 0.516567 16777215 0.003072
0.972888 0.318405 0.496482 16777215 0.000072
0.829186 0.761410 0.524660 16777215 0.038185
0.990350 0.218474 0.525400 16777215 0.875598
0.934883 0.205860 0.539469 7566451 0.049371
0.027707 0.785264 0.529785 14540770 0.150792
0.092535 0.785346 0.455229 16777215 0.006932
0.407993 0.219869 0.545090 16777215 0.001910
0.332688 0.259361 0.455845 16777215 0.000019
0.146049 0.766494 0.519448 12961733 0.216572
0.659265 0.205056 0.497590 7500401 0.000000
0.493555 0.218286 0.512946 7105129 0.003061
0.821679 0.292743 0.500262 16777215 0.000043
0.371480 0.206542 0.546467 16777215 0.999584
0.582747 0.210563 0.462139 16777215 0.666737
0.301657 0.228807 0.492441 9211789 0.000015
0.842936 0.231471 0.485826 16777215 0.024862
0.943385 0.692409 0.531273 16777215 0.073056
0.708847 0.203573 0.464833 6644837 0.000003
0.968171 0.568733 0.466158 16775934 0.000035
0.158215 0.464586 0.526723 16777215 0.003269
0.942735 0.725223 0.493087 16777215 0.003079
0.985969 0.720050 0.494911 15266026 0.000003
0.151195 0.773308 0.458863 16777215 0.000066
0.821481 0.760629 0.513441 16777215 0.007418
0.090480 0.232124 0.457310 16777215 0.000095
0.970647 0.779922 0.547789 16777215 0.044829
0.019534 0.282730 0.512000 15723507 0.762067
0.006560 0.598036 0.456446 16579579 0.973631
0.780242 0.203992 0.538693 5987420 0.006185
0.191210 0.226756 0.486493 16777215 0.000002
0.581592 0.768321 0.469600 16777215 0.000003
0.512208 0.794181 0.501540 12237754 0.000047
0.733839 0.787229 0.466131 10131606 0.006695
0.817272 0.508117 0.536748 16777215 0.006791
0.048998 0.444714 0.461742 16777215 0.000418
0.994071 0.359159 0.459883 16777215 0.000005
0.607839 0.726925 0.492595 16777215 0.000015
0.619100 0.223708 0.492316 8948104 0.029790
0.029013 0.403631 0.548240 16777215 0.490569
0.885965 0.785861 0.504184 11382188 0.001943
0.234284 0.751593 0.546244 16777215 0.000000
0.531569 0.765027 0.460287 16777215 0.000001
0.019250 0.667459 0.461982 16777215 0.000005
0.299106 0.550134 0.491172 16777215 0.172778
0.745404 0.207938 0.518811 7434608 0.000145
0.987088 0.533545 0.493088 16777215 0.000013
0.027176 0.317788 0.502730 11447728 0.000511
0.956213 0.217623 0.480255 6514784 0.004839
0.163498 0.750550 0.458016 16777215 0.000019
0.307693 0.531230 0.465801 16777215 0.030677
0.970993 0.590073 0.524604 16777215 0.000845
0.201628 0.582950 0.510459 16777215 0.000031
0.039329 0.484946 0.534328 16777215 0.000001
0.009819 0.550122 0.517708 11710896 0.000662
0.040625 0.509890 0.542430 16777215 0.000002
0.257374 0.431416 0.450300 16777215 0.017988
0.291143 0.449659 0.466344 16777215 0.126056
0.242665 0.773923 0.504356 16777215 0.000108
0.977834 0.380001 0.518149 16777215 0.013925
0.051612 0.527999 0.512104 16777215 0.006384
0.232837 0.789014 0.471220 11974069 0.005595
0.614194 0.216244 0.499250 8026743 0.000017
0.768555 0.780743 0.545590 16777215 0.000001
0.954481 0.584777 0.470955 16645106 0.000005
0.397045 0.254711 0.459911 16777215 0.000000
0.986851 0.538973 0.491038 16646143 0.000099
0.954110 0.645684 0.479734 16777215 0.004104
0.463845 0.794420 0.537249 12829636 0.002398
0.698549 0.571366 0.462331 16777215 0.000116
0.261240 0.214789 0.502544 8818058 0.000003
0.204810 0.560497 0.476239 16777215 0.000090
0.667032 0.453402 0.458649 16777215 0.000324
0.647301 0.452171 0.465370 16777215 0.000816
0.978489 0.419867 0.476972 16382458 0.000044
0.273731 0.226083 0.479919 16777215 0.001136
0.947826 0.754069 0.506247 16777215 0.175602
0.983453 0.402287 0.522930 16777215 0.009550
0.075114 0.779654 0.515703 16777215 0.001570
0.434278 0.225692 0.519442 8421246 0.000355
0.047272 0.767641 0.524452 16777215 0.326699
0.044813 0.583175 0.543025 16777215 0.817745
0.186611 0.515927 0.500186 16777215 0.015778
0.980937 0.713315 0.465441 16316400 0.003453
0.381466 0.782072 0.457018 16777215 0.040464
0.235451 0.579084 0.458594 16777215 0.000060
0.690521 0.530890 0.531196 16777215 0.002185
0.345272 0.791808 0.452481 16777215 0.000378
0.239636 0.576174 0.514310 16777215 0.076722
0.036064 0.251187 0.465725 16777215 0.002735
0.903546 0.339359 0.531867 16777215 0.000280
0.972267 0.399868 0.466714 15986676 0.000063
0.688201 0.539316 0.535735 16777215 0.000136
0.929656 0.499973 0.463353 16777215 0.000000
0.021658 0.599465 0.471107 11250345 0.037791
0.455742 0.783044 0.547006 16777215 0.000000
0.676265 0.789186 0.543571 16777215 0.002340
0.258765 0.760529 0.455276 16777215 0.000000
0.314410 0.543000 0.519380 16777215 0.145498
0.268329 0.783478 0.523953 12697019 0.001488
0.531866 0.213534 0.486324 7236718 0.000133
0.968757 0.417861 0.519650 16777215 0.010304
0.982829 0.516343 0.467426 16645887 0.000120
0.988384 0.506016 0.528961 16777215 0.622553
0.244057 0.780283 0.462860 16777215 0.004213
0.944132 0.673125 0.524631 16777215 0.051888
0.833765 0.541778 0.458222 16777215 0.006182
0.963652 0.323771 0.524027 16777215 0.004953
0.286928 0.412696 0.535020 16777215 0.014955
0.312028 0.486479 0.462578 13816787 0.060855
0.986458 0.647802 0.459057 16054001 0.000018
0.951272 0.773920 0.527406 16777215 0.089120
0.811249 0.556013 0.457350 16777215 0.000419
0.213284 0.563196 0.549872 16777215 0.001524
0.845891 0.737199 0.460997 16447742 0.000005
0.584074 0.208906 0.478529 7040107 0.058563
0.938399 0.330579 0.510683 16777215 0.000416
0.934963 0.563826 0.543172 16777215 0.000009
0.662308 0.209575 0.449711 16185078 0.999612
0.829934 0.451803 0.469077 16777215 0.017233
0.044956 0.792401 0.466595 12895681 0.089719
0.731530 0.430194 0.551547 16777215 0.014150
0.322896 0.453162 0.544998 16777215 0.536784
0.800438 0.444328 0.543277 16777215 0.003744
0.037339 0.651652 0.534577 16777215 0.280806
0.035017 0.414209 0.491286 13684944 0.895313
0.845810 0.721458 0.505056 16777215 0.000002
0.040859 0.343894 0.539046 16777215 0.059349
0.977452 0.778158 0.518111 16777215 0.014191
0.033537 0.243634 0.547292 16777215 0.362688
0.483834 0.764704 0.540234 16777215 0.000000
0.055570 0.462656 0.515420 16777215 0.000001
0.005791 0.758268 0.471214 11184554 0.001503
0.497286 0.761062 0.479186 16777214 0.016946
0.209412 0.215352 0.525931 11119024 0.000045
0.918370 0.421408 0.548912 16777215 0.000000
0.540568 0.787525 0.476620 11119013 0.179931
0.052031 0.309687 0.509921 11513524 0.006532
0.546594 0.240079 0.457164 16777215 0.000009
0.049426 0.488424 0.523938 16777215 0.515249
0.370846 0.796780 0.452796 14540252 0.984450
0.679158 0.512206 0.507440 16777215 0.057212
0.971181 0.526670 0.532984 16777215 0.087483
0.917416 0.471645 0.538519 16777215 0.000292
0.942830 0.590262 0.522813 16777215 0.009675
0.369934 0.283969 0.478156 16777215 0.000005
0.038866 0.414760 0.489853 16777215 0.002869
0.199125 0.795631 0.454712 16777215 0.740669
0.419744 0.245938 0.524849 16777215 0.000000
0.912711 0.510564 0.529568 16777215 0.000008
0.987337 0.448771 0.506843 16777215 0.000047
0.845151 0.780599 0.479961 16777215 0.001901
0.017013 0.527706 0.489156 13948628 0.830657
0.343518 0.210718 0.535508 6447971 0.000017
0.549391 0.785603 0.468209 11579823 0.678315
0.547059 0.788117 0.484938 10592926 0.001011
0.441327 0.209124 0.474054 16776187 0.950668
0.427594 0.764576 0.532173 16777215 0.000003
0.424546 0.265122 0.459844 16777215 0.000000
0.973496 0.557219 0.488866 16777215 0.000023
0.823596 0.488998 0.546427 16777215 0.041711
0.291450 0.555115 0.450767 16777215 0.063911
0.121280 0.455946 0.501803 16777215 0.000007
0.133243 0.485590 0.480400 16777215 0.000000
0.776023 0.431906 0.547698 16777215 0.000038
0.371808 0.220467 0.502214 16777215 0.889482
0.462298 0.790491 0.477954 11315885 0.408907
0.382270 0.266228 0.457330 16777215 0.000000
0.005007 0.530448 0.523946 14343644 0.995621
0.984906 0.284755 0.463603 16514298 0.002632
0.644400 0.798356 0.459472 10263964 0.616931
0.546242 0.786419 0.537062 12829378 0.883970
0.548095 0.780667 0.516946 10131356 0.747370
0.976754 0.638081 0.485379 16775933 0.000025
0.816974 0.481073 0.548853 16777215 0.137482
0.292827 0.569372 0.473399 16777215 0.000005
0.233640 0.346074 0.520977 16777215 0.000000
0.207154 0.777562 0.526999 10855589 0.000201
0.213344 0.437039 0.452938 16777215 0.000000
0.914523 0.504910 0.529301 16777215 0.000407
0.462158 0.733855 0.491936 16776703 0.153416
0.028996 0.213679 0.544023 16777215 0.003434
0.059797 0.230787 0.534451 16777215 0.017493
0.870319 0.748800 0.540233 16777215 0.000053
0.701913 0.566675 0.469021 15066080 0.169248
0.079497 0.284152 0.528987 16777215 0.000071
0.012219 0.785667 0.508024 11513517 0.001480
0.975922 0.345188 0.534149 16777215 0.041495
0.964373 0.795842 0.462192 9013641 0.317346
0.926952 0.689617 0.543926 16777215 0.000007
0.993598 0.202426 0.459453 8026488 0.814833
0.050019 0.761135 0.520107 16777215 0.022206
0.948858 0.214109 0.455121 16514043 0.021143
0.026894 0.338546 0.505613 13947345 0.039123
0.976003 0.774413 0.481681 16186106 0.000064
0.702126 0.447520 0.454760 14605790 0.278595
0.927889 0.751333 0.523225 16777215 0.000232
0.987170 0.738600 0.500225 16777215 0.000016
0.970406 0.216326 0.465008 12305085 0.034448
0.939296 0.245626 0.548492 16777215 0.007973
0.948700 0.797812 0.453861 7434351 0.911986
0.938276 0.654798 0.545079 16777215 0.000014
0.997225 0.201562 0.469446 16777215 0.995485
0.030494 0.231173 0.454778 16777215 0.011102
0.081870 0.207978 0.523423 12237239 0.000170
0.920864 0.779843 0.526777 11184810 0.887279
0.148924 0.773753 0.539109 16777215 0.000019
0.013184 0.583654 0.469089 10854561 0.008505
0.013964 0.241735 0.510483 10527135 0.005505
0.990522 0.206297 0.511585 8486781 0.980869
0.980701 0.238419 0.490941 16777215 0.000051
0.056128 0.211498 0.478532 9145740 0.000052
0.976017 0.326846 0.540437 16777215 0.000704
0.009856 0.205134 0.454088 16119285 0.948312
0.050649 0.347578 0.494284 14343390 0.008027
0.936137 0.774573 0.528854 16777215 0.965982
0.984240 0.757537 0.514416 16777215 0.005266
0.959602 0.686569 0.468276 15988467 0.000017
0.012218 0.739913 0.515737 16777215 0.542030
0.014385 0.707543 0.514560 11446954 0.000289
0.084496 0.601420 0.540461 16777215 0.000024
0.109539 0.790315 0.475473 12171705 0.001447
0.714691 0.782307 0.508540 10131866 0.000417
0.914270 0.385582 0.536859 16777215 0.000001
0.438292 0.229833 0.544355 16777215 0.005121
0.767163 0.756155 0.526560 16777215 0.000044
0.949957 0.223157 0.539992 16777215 0.008206
0.734386 0.220730 0.470189 16777215 0.000062
0.731260 0.776688 0.519686 10921388 0.001843
0.230196 0.213496 0.491212 8225923 0.016504
0.015846 0.698192 0.516334 12829635 0.002539
0.936203 0.240668 0.541311 16777215 0.000329
0.983317 0.243966 0.496221 16777215 0.004490
0.045503 0.762796 0.458525 16777215 0.000178
0.935370 0.318624 0.465979 16776959 0.000046
0.975909 0.795164 0.452608 16777215 0.533187
0.127223 0.209131 0.452656 16777215 0.488996
0.602349 0.798818 0.545199 10724259 0.975673
0.018155 0.678634 0.485084 10396326 0.000252
0.972422 0.216699 0.479203 13224907 0.323849
0.030516 0.674477 0.537518 16777215 0.067041
0.947194 0.794883 0.537820 9342607 0.906661
0.026922 0.794591 0.458584 13026757 0.079129
0.563693 0.785905 0.528555 13356749 0.000158
0.037445 0.549256 0.494450 16777215 0.629550
0.927413 0.289847 0.527094 16777215 0.000049
0.007429 0.796299 0.526798 13421773 0.829278
0.023270 0.242230 0.491402 13224652 0.008502
0.313086 0.261713 0.538575 16777215 0.000000
0.328132 0.788079 0.519140 13093835 0.001463
0.535987 0.796222 0.492456 11842739 0.000006
0.824578 0.208229 0.475896 6973802 0.002942
0.247588 0.221156 0.480072 6908263 0.156931
0.992841 0.356187 0.465658 16777215 0.000015
0.595966 0.745690 0.503193 16777215 0.042470
0.038322 0.422830 0.457068 16777215 0.000003
0.980924 0.590140 0.506205 16777215 0.000148
0.924438 0.286173 0.525447 16777215 0.001453
0.063050 0.787103 0.515909 15462129 0.968967
0.995560 0.218145 0.452294 16777215 0.997627
0.032848 0.720813 0.486161 16777215 0.000536
0.116415 0.780892 0.464210 12040630 0.284474
0.944267 0.795785 0.459986 7697265 0.978300
0.953740 0.429069 0.499276 16777215 0.016503
0.992622 0.205039 0.466919 6645607 0.998835
0.654596 0.230557 0.530473 16777215 0.011171
0.950467 0.205727 0.537403 7566966 0.137725
0.446488 0.783487 0.536953 16777215 0.015982
0.348158 0.242101 0.538571 16777215 0.007608
0.248373 0.211850 0.460738 16777215 0.000236
0.004588 0.417085 0.451012 16777215 0.965287
0.552821 0.221095 0.524132 10592167 0.001542
0.050069 0.577662 0.499359 13750474 0.007615
0.153356 0.784747 0.454836 16777215 0.005628
0.643467 0.768393 0.517879 16777215 0.000002
0.922257 0.794102 0.470752 10329759 0.000429
0.980567 0.691665 0.529771 16777215 0.085742
0.185807 0.462498 0.516759 16777215 0.098489
0.901100 0.422052 0.517559 16777215 0.000000
0.980397 0.739730 0.491233 16777215 0.000646
0.991571 0.659090 0.503062 16579324 0.000003
0.985424 0.400503 0.513914 16777215 0.000026
0.779092 0.397323 0.495488 16777215 0.928446
0.815013 0.771051 0.528969 16777215 0.065408
0.962914 0.772097 0.525472 16777215 0.264609
0.968715 0.776719 0.536633 16777215 0.000036
0.034001 0.272521 0.521479 16777215 0.511276
0.735483 0.785143 0.486270 10526623 0.000034
0.045391 0.460904 0.535945 16777215 0.006195
0.814492 0.209160 0.538934 5921369 0.011002
0.555079 0.790136 0.504633 12435649 0.000044
0.957511 0.578397 0.538558 16777215 0.000167
0.820366 0.460872 0.509843 16777215 0.000221
0.655998 0.200535 0.455225 5000269 0.950933
0.494106 0.205085 0.476661 7828855 0.000003
0.698278 0.783320 0.523442 10132636 0.600613
0.192013 0.733486 0.544191 16777215 0.000000
0.807120 0.767123 0.493918 11053999 0.652209
0.063905 0.612998 0.463924 16777215 0.000000
0.924339 0.579182 0.469810 16448762 0.000006
0.418810 0.782678 0.496059 12500410 0.000542
0.027520 0.406958 0.507946 16777215 0.553474
0.789438 0.577636 0.480372 16777215 0.055203
0.865925 0.772315 0.466343 16777215 0.000131
0.549186 0.223540 0.470756 16777215 0.001795
0.018928 0.247001 0.524471 16777215 0.084601
0.699028 0.217332 0.451343 16777215 0.019545
0.036117 0.758239 0.525276 16777215 0.618064
0.211075 0.768669 0.459284 16777215 0.000127
0.271864 0.780650 0.465087 15988214 0.064560
0.332286 0.761797 0.485929 13224652 0.002968
0.158602 0.780198 0.456057 16777215 0.005897
0.965645 0.471478 0.467557 16777215 0.039962
0.176079 0.635869 0.512242 16777215 0.000005
0.634141 0.610202 0.453415 16777215 0.000773
0.591787 0.769657 0.464026 16777215 0.000000
0.228756 0.406743 0.529680 16777215 0.000451
0.030063 0.611618 0.545267 16777215 0.000084
0.042576 0.365228 0.545673 16777215 0.000575
0.267191 0.780524 0.497733 12565950 0.282840
0.658817 0.208049 0.497459 7237743 0.003407
0.410499 0.215212 0.455157 16777215 0.000047
0.978793 0.647221 0.531367 16777215 0.051894
0.701885 0.597194 0.454739 16777215 0.000240
0.728352 0.749840 0.531652 16777215 0.000000
0.189130 0.572385 0.470244 16777215 0.000042
0.991627 0.362244 0.500281 16776959 0.000004
0.985569 0.583577 0.515789 16777215 0.317068
0.014083 0.287532 0.526871 16777215 0.588646
0.973229 0.421428 0.482161 16645631 0.000012
0.946512 0.780417 0.526534 16777215 0.617147
0.958442 0.431306 0.534238 16777215 0.000207
0.015924 0.476218 0.514915 12567235 0.009887
0.972720 0.203458 0.454257 13619409 0.948913
0.041108 0.623891 0.530939 16777215 0.401390
0.189851 0.523574 0.544537 16777215 0.064497
0.974051 0.671504 0.472626 16776955 0.008169
0.994301 0.444939 0.492832 16448506 0.000000
0.231566 0.573373 0.483940 16777215 0.044022
0.659036 0.781515 0.540163 14079959 0.879602
0.390223 0.772324 0.457598 16777215 0.000000
0.255278 0.600552 0.504221 16777215 0.042241
0.986490 0.576967 0.502225 16382709 0.000164
0.483702 0.231424 0.507470 16777215 0.000499
0.617385 0.786937 0.546550 16777215 0.005556
0.324377 0.775816 0.539073 16777215 0.003320
0.293393 0.714156 0.492210 16777215 0.000000
0.004601 0.217861 0.471062 11382191 0.997990
0.983214 0.530729 0.481059 16777215 0.000009
0.192234 0.401691 0.479416 16777215 0.000751
0.987535 0.541189 0.468641 16777213 0.000144
0.227501 0.417991 0.535066 16777215 0.036419
0.329895 0.490602 0.510120 16777215 0.738171
0.420583 0.795718 0.453231 16777215 0.945708
0.355501 0.708210 0.480019 16777215 0.000000
0.307656 0.480381 0.470123 16514042 0.315832
0.601679 0.753741 0.535842 16777215 0.000000
0.016415 0.386225 0.477255 16777215 0.299864
0.987721 0.607174 0.478709 16645887 0.000193
0.802611 0.608880 0.476344 16777215 0.006057
0.185603 0.593877 0.543073 16777215 0.001180
0.329085 0.445380 0.550807 16777215 0.001039
0.778172 0.762042 0.460607 16777213 0.000003
0.935848 0.309450 0.518206 16777215 0.000522
0.982602 0.710503 0.528185 16777215 0.031054
0.988060 0.417709 0.485343 16318459 0.000000
0.983845 0.669632 0.481379 15920619 0.013423
0.811388 0.454727 0.461082 16777215 0.004392
0.709127 0.443911 0.450389 16777215 0.114761
0.968227 0.379433 0.527165 16777215 0.032694
0.750553 0.411151 0.529244 16777215 0.017191
0.345162 0.757346 0.528624 16777215 0.007351
0.801475 0.432715 0.544779 16777215 0.001224
0.010874 0.753575 0.528450 16777215 0.107545
0.044856 0.375883 0.537345 16777215 0.058301
0.811756 0.426539 0.534101 16777215 0.000002
0.099024 0.603454 0.530371 16777215 0.000053
0.079171 0.513696 0.528211 16777215 0.000924
0.724658 0.775200 0.455738 16777215 0.000001
0.056789 0.414205 0.525074 16777215 0.000136
0.082912 0.216300 0.477355 11381162 0.266754
0.972214 0.513151 0.532164 16777215 0.173706
0.012153 0.683225 0.530128 16777215 0.086828
0.729800 0.219724 0.519496 11512743 0.052807
0.904410 0.316134 0.509581 16777215 0.000038
0.867825 0.759709 0.516665 13225934 0.000041
0.059322 0.245643 0.544812 16777215 0.014547
0.261535 0.778488 0.491976 14342868 0.013049
0.318901 0.238748 0.535592 10650766 0.038745
0.141253 0.741929 0.486784 13291730 0.018419
0.825348 0.782193 0.472395 12105911 0.272396
0.699565 0.777078 0.540578 16777215 0.003380
0.006357 0.490389 0.527573 16777215 0.217063
0.608640 0.768725 0.540290 16777215 0.001012
0.928941 0.673130 0.479582 16777215 0.000189
0.791780 0.429712 0.452957 16777215 0.235247
0.501148 0.764022 0.502660 16777215 0.000000
0.523972 0.795039 0.465747 11316141 0.123496
0.284468 0.568479 0.467959 16251124 0.001531
0.655940 0.759637 0.479064 16777215 0.001678
0.717058 0.783139 0.533979 16777215 0.984279
0.919842 0.257554 0.452705 16777215 0.000645
0.265099 0.737426 0.519203 16777215 0.000001
0.944902 0.424585 0.509827 16777215 0.040852
0.515312 0.771245 0.546921 16777215 0.010985
0.996034 0.375494 0.531663 16777215 0.428186
0.978315 0.584274 0.465683 15659251 0.000219
0.507276 0.339621 0.471503 16777215 0.000000
0.694514 0.749992 0.473967 16777215 0.000000
0.980972 0.424715 0.466431 16446200 0.000027
0.053240 0.285687 0.533396 16777215 0.018342
0.530891 0.731436 0.511626 16777215 0.000422
0.035037 0.536227 0.542285 16777215 0.431554
0.311595 0.547324 0.505182 16777215 0.000062
0.817655 0.513938 0.453098 16777215 0.373990
0.418353 0.767568 0.545212 16777215 0.000001
0.972005 0.671000 0.533128 16777215 0.079694
0.155474 0.576452 0.491362 16777215 0.000000
0.227657 0.395053 0.452925 16777215 0.000000
0.818006 0.422273 0.538421 16777215 0.000001
0.947618 0.404250 0.537435 16777215 0.013038
0.399285 0.208436 0.457914 16777215 0.321294
0.467642 0.766870 0.534683 16777215 0.037328
0.971252 0.414694 0.530892 16777215 0.006403
0.978642 0.504170 0.467110 15922665 0.000540
0.484142 0.309155 0.465693 16777215 0.000000
0.506801 0.779424 0.463368 16777215 0.000029
0.984931 0.313398 0.478002 16711422 0.000012
0.491319 0.758230 0.544727 16777215 0.000065
0.987523 0.422163 0.477083 16777215 0.000000
0.018205 0.579509 0.531920 16777215 0.080001
0.843858 0.504054 0.458974 16777215 0.000051
0.564133 0.702991 0.543035 16777215 0.000000
0.147259 0.606849 0.487702 16777215 0.000000
0.925391 0.703820 0.481310 16777215 0.001177
0.171145 0.487736 0.476749 16777215 0.004116
0.776064 0.412224 0.538395 16777215 0.000023
0.806940 0.201459 0.530372 7368559 0.000272
0.113220 0.228285 0.543344 16777215 0.001631
0.745120 0.431263 0.496643 16777215 0.000173
0.953857 0.781009 0.518009 14932961 0.035702
0.054199 0.276451 0.541650 16777215 0.000155
0.942307 0.773184 0.481023 9342089 0.011721
0.996009 0.797474 0.459734 10987686 0.997479
0.932555 0.287452 0.530340 16777215 0.000096
0.003681 0.223157 0.455646 8684932 0.667507
0.020762 0.789275 0.530490 16777215 0.836162
0.915005 0.726552 0.473900 16777215 0.000018
0.966932 0.219685 0.475559 16515071 0.050376
0.961639 0.250042 0.537061 16777215 0.013350
0.026563 0.689931 0.478326 15066601 0.000343
0.029461 0.203818 0.538452 10066328 0.003357
0.049513 0.209832 0.513196 9539215 0.000342
0.539540 0.796087 0.539428 9934487 0.289464
0.726628 0.251457 0.545498 16777215 0.000003
0.522845 0.784655 0.528883 11447984 0.001686
0.225922 0.779518 0.528621 16777215 0.000035
0.015682 0.228822 0.496319 9935771 0.031688
0.961080 0.213948 0.531498 6251100 0.936012
0.969053 0.374734 0.539224 16777215 0.000287
0.924912 0.766453 0.532556 16777215 0.987741
0.980085 0.754355 0.520921 16777215 0.007936
0.786179 0.794111 0.512520 10330013 0.000004
0.111561 0.213185 0.507753 10986666 0.000136
0.085966 0.594329 0.523316 16777215 0.000089
0.261323 0.261890 0.521191 16777215 0.000008
0.395498 0.266733 0.524378 16777215 0.003538
0.012686 0.601562 0.478088 10000021 0.002603
0.271959 0.789583 0.536685 14013653 0.196342
0.115463 0.207609 0.541594 12500670 0.008588
0.748124 0.781421 0.521477 10590623 0.020342
0.451924 0.366222 0.449540 16777215 0.000000
0.154899 0.211403 0.479569 8354941 0.011704
0.017776 0.743263 0.518491 10526111 0.000951
0.024653 0.297108 0.519335 16777215 0.201212
0.033273 0.202282 0.460420 10329758 0.992552
0.060812 0.783007 0.456760 16777213 0.001008
0.015923 0.301566 0.514253 11250858 0.000358
0.993419 0.279256 0.474882 16777215 0.000028
0.092923 0.220787 0.482636 16449017 0.041484
0.025940 0.564004 0.495001 9605768 0.000426
0.987475 0.214514 0.483560 15593204 0.002160
0.980898 0.779104 0.525940 9144456 0.926155
0.892951 0.779442 0.457312 16777215 0.000006
0.369682 0.290604 0.519240 16777215 0.000000
0.029928 0.324577 0.517837 16777215 0.821302
0.513078 0.787617 0.509894 10262938 0.000122
0.661397 0.243150 0.514208 8355454 0.000088
0.110379 0.207092 0.471037 9276554 0.027597
0.050602 0.571244 0.467195 16777215 0.000000
0.978238 0.366987 0.482378 16711679 0.000042
0.298239 0.204271 0.537846 8224382 0.000108
0.751295 0.738986 0.466632 16777215 0.000024
0.027936 0.369857 0.456952 16777215 0.000006
0.150718 0.230476 0.469679 16777215 0.001352
0.771899 0.212073 0.531193 6645094 0.000380
0.968372 0.641727 0.497494 16646142 0.000011
0.717308 0.558914 0.533405 16777215 0.012859
0.947180 0.302588 0.532242 16777215 0.004976
0.709363 0.224376 0.484003 16777215 0.000499
0.974515 0.512529 0.523076 16777215 0.005709
0.156665 0.203355 0.529209 9145228 0.000007
0.988553 0.203066 0.465755 5789528 0.984457
0.375757 0.228952 0.544770 16777215 0.026198
0.677279 0.215970 0.525467 7895162 0.000006
0.974380 0.491120 0.507758 16777215 0.000014
0.926228 0.611311 0.486744 16777215 0.000011
0.279010 0.200851 0.530992 8487040 0.000000
0.005191 0.568908 0.452740 16777215 0.832711
0.863676 0.757456 0.534509 16777215 0.000000
0.008702 0.610576 0.510633 11316141 0.009556
0.793919 0.206429 0.458402 15132646 0.981899
0.582521 0.769486 0.529165 16777215 0.000001
0.216859 0.204524 0.540554 8093053 0.000257
0.826299 0.791565 0.471660 10986664 0.000436
0.687269 0.763076 0.465167 16777215 0.000000
0.715716 0.259039 0.543772 16777215 0.000000
0.599121 0.204968 0.520621 8093052 0.000002
0.985490 0.702803 0.523005 16777215 0.053820
0.832929 0.226666 0.543378 16777215 0.000002
0.010604 0.398095 0.506778 10264223 0.017283
0.869838 0.751594 0.524378 16777215 0.002707
0.957352 0.758144 0.463344 16777215 0.002012
0.969070 0.696148 0.483904 16777215 0.000009
0.178807 0.763329 0.462429 16777215 0.000021
0.981361 0.775675 0.541072 16777215 0.000108
0.954671 0.782718 0.524810 16777215 0.994624
0.798207 0.204923 0.540347 6052956 0.022453
0.424101 0.206974 0.475454 8224125 0.000001
0.521931 0.752434 0.528827 16777215 0.000002
0.768357 0.773820 0.474389 8817287 0.166123
0.947859 0.624904 0.533362 16777215 0.000014
0.765312 0.771892 0.499823 11776690 0.494626
0.043543 0.584951 0.530293 16777215 0.395457
0.489061 0.781651 0.457258 16777215 0.670117
0.967477 0.401657 0.529791 16777215 0.288979
0.732707 0.202991 0.533025 7566196 0.000820
0.026693 0.418583 0.507023 16777215 0.411275
0.017097 0.319734 0.506117 13882324 0.000694
0.078087 0.206468 0.453902 15461869 0.998997
0.770456 0.585081 0.449219 16777215 0.000288
0.869376 0.781808 0.457741 15856113 0.000078
0.952780 0.558751 0.532231 16777215 0.002658
0.026399 0.260359 0.524000 16777215 0.202129
0.599913 0.267988 0.545322 16777215 0.000006
0.308936 0.746427 0.512208 16777215 0.000000
0.974580 0.640440 0.524923 16777215 0.079873
0.013085 0.460907 0.456365 16777215 0.022342
0.667320 0.442363 0.533807 16777215 0.014334
0.409229 0.778403 0.481653 12829120 0.351454
0.683259 0.539347 0.460080 16777215 0.001351
0.010308 0.524030 0.492552 11646388 0.001750
0.639570 0.771016 0.462105 16777215 0.000003
0.295365 0.399777 0.456122 16777215 0.000015
0.289309 0.452753 0.489986 16777215 0.011702
0.094240 0.417357 0.540441 16777215 0.000005
0.993034 0.202808 0.457335 6579813 0.993966
0.734655 0.207066 0.461104 16579577 0.962824
0.700852 0.781455 0.470008 10921638 0.009245
0.021301 0.678981 0.508349 16777215 0.060885
0.231989 0.786981 0.473598 12106425 0.124961
0.386271 0.212520 0.512247 8684420 0.000000
0.739416 0.782123 0.536498 16777215 0.000001
0.586308 0.791847 0.466194 10987174 0.002760
0.982055 0.676728 0.542793 16777215 0.000850
0.708343 0.575749 0.471608 16777215 0.001373
0.158754 0.579473 0.478154 16777215 0.000018
0.970070 0.538404 0.525564 16777215 0.318968
0.572603 0.216741 0.506768 16777215 0.001847
0.789539 0.205513 0.529675 7369586 0.001630
0.024194 0.306420 0.523465 16777215 0.557894
0.669629 0.478243 0.481495 16777215 0.011899
0.269274 0.237282 0.488393 16777215 0.018406
0.926342 0.704768 0.527141 16777215 0.001662
0.937943 0.772004 0.522312 16777215 0.522518
0.966578 0.452063 0.536258 16777215 0.000393
0.564714 0.789779 0.508313 11447727 0.016766
0.006455 0.452742 0.494701 10789798 0.003072
0.175668 0.412286 0.525465 16777215 0.000053
0.526277 0.768679 0.538062 16777215 0.000000
0.602446 0.754575 0.542711 16777215 0.000000
0.674679 0.782496 0.531639 16777215 0.261831
0.982687 0.496241 0.488969 16711676 0.000000
0.250189 0.567484 0.452273 16777215 0.085231
0.655389 0.782841 0.493795 14935532 0.830113
0.411962 0.776677 0.458581 16777215 0.000000
0.988846 0.383594 0.529939 16777215 0.000070
0.976025 0.426511 0.481708 15264490 0.000507
0.019675 0.403134 0.457239 16777215 0.005711
0.528696 0.236803 0.515200 9079178 0.000038
0.339910 0.786103 0.535616 16777215 0.011949
0.199363 0.567756 0.543727 16777215 0.000265
0.571579 0.202982 0.462000 6842471 0.000902
0.207414 0.444230 0.503279 16777215 0.876395
0.003872 0.229767 0.454096 13224391 0.988333
0.253492 0.779487 0.458951 16777215 0.004568
0.228190 0.438472 0.454962 16777215 0.033856
0.333358 0.208800 0.540767 14342616 0.999991
0.275110 0.774581 0.453288 16777215 0.000000
0.308765 0.466230 0.459840 16777215 0.072159
0.982367 0.561736 0.468746 16777215 0.000002
0.570980 0.791523 0.546969 16777215 0.011625
0.011483 0.358134 0.466852 16777215 0.215189
0.808880 0.570412 0.456551 16777215 0.026929
0.817651 0.497143 0.493827 16777215 0.182463
0.338849 0.788310 0.463600 14276569 0.996410
0.807302 0.783582 0.455054 16777215 0.000042
0.347049 0.213847 0.547138 16777215 0.999093
0.994603 0.437038 0.495983 16777215 0.000000
0.984695 0.674699 0.456899 16579066 0.004983
0.927553 0.561404 0.527881 16777215 0.000010
0.022138 0.714769 0.534972 16777215 0.022695
0.818673 0.439955 0.463539 16777215 0.013087
0.691858 0.436315 0.468178 16777215 0.000000
0.425419 0.783569 0.517886 11316909 0.014740
0.287192 0.790960 0.475442 12106941 0.333117
0.715180 0.409562 0.552396 16777215 0.000165
0.741782 0.572448 0.551994 16777215 0.227944
0.801429 0.437880 0.529541 16777215 0.021205
0.970226 0.310567 0.532921 16777215 0.161133
0.091012 0.572252 0.530951 16777215 0.000146
0.826340 0.471700 0.534680 16777215 0.000738
0.021509 0.632615 0.532426 16777215 0.028640
0.673139 0.774167 0.517942 16777215 0.008402
0.888722 0.552044 0.520228 16777215 0.000000
0.918526 0.408518 0.537606 16777215 0.000000
0.458405 0.757571 0.469410 16777215 0.000000
0.029340 0.486551 0.536171 16777215 0.494439
0.881798 0.235663 0.515946 15131873 0.025454
0.283825 0.793351 0.522994 11973045 0.000680
0.034292 0.385613 0.464409 13882831 0.000539
0.404160 0.770994 0.508012 16777215 0.001027
0.383142 0.799226 0.456290 12566207 0.848301
0.655705 0.225126 0.485479 13949908 0.001374
0.062333 0.391679 0.512459 16777215 0.000020
0.673452 0.767530 0.518826 16777215 0.000000
0.018690 0.469330 0.516951 12697793 0.019142
0.171619 0.516758 0.538120 16777215 0.007542
0.973753 0.363928 0.529340 16777215 0.003830
0.642681 0.203377 0.497929 6249822 0.030644
0.166967 0.746894 0.507986 16777215 0.017687
0.425520 0.760500 0.494454 12698562 0.402892
0.804562 0.429245 0.524952 16777215 0.000068
0.870526 0.417642 0.469911 16777215 0.000000
0.880758 0.798073 0.457715 8881541 0.896223
0.399152 0.233738 0.456289 16777215 0.007221
0.198404 0.630670 0.457353 16777215 0.000000
0.225455 0.611092 0.512368 16777215 0.000000
0.990393 0.202816 0.463232 6382179 0.969111
0.741533 0.404719 0.457150 16777215 0.000000
0.982489 0.535466 0.478475 16053750 0.000878
0.229510 0.380216 0.512549 16777215 0.000001
0.274514 0.790515 0.538057 16777215 0.991678
0.773661 0.378104 0.450464 16777215 0.000000
0.958886 0.204301 0.475104 7170924 0.345863
0.299697 0.219674 0.451838 16777215 0.004611
0.182129 0.558604 0.477306 16777215 0.000000
0.267133 0.574253 0.458363 16777215 0.000001
0.755053 0.415635 0.454927 16777215 0.000000
0.247637 0.778080 0.467171 16514298 0.963780
0.962008 0.550997 0.544979 16777215 0.400793
0.227482 0.275904 0.485536 16777215 0.000002
0.036054 0.222430 0.542969 16777215 0.001589
0.699865 0.558800 0.482122 15592943 0.504358
0.978570 0.785551 0.481471 13488078 0.027520
0.038325 0.297935 0.538904 16777215 0.000134
0.980297 0.292440 0.524747 16777215 0.064394
0.961510 0.246246 0.532958 16777215 0.421396
0.902112 0.306478 0.528889 16777215 0.000031
0.029050 0.763127 0.519286 16777215 0.038001
0.902668 0.785614 0.511809 11382191 0.463347
0.043636 0.787669 0.510036 16249341 0.902796
0.834634 0.214687 0.465840 11250865 0.001188
0.943721 0.706533 0.542850 16777215 0.000100
0.724676 0.561988 0.469147 13750224 0.095857
0.994631 0.730686 0.497974 16777215 0.000008
0.981924 0.307283 0.490739 16777215 0.000029
0.003416 0.205808 0.454150 7566197 0.939913
0.958811 0.265574 0.531048 16777215 0.170422
0.957408 0.789363 0.479705 8026745 0.317103
0.995606 0.219273 0.525855 16777215 0.000207
0.018935 0.270750 0.466326 16777215 0.007096
0.048538 0.208899 0.538148 13751763 0.001611
0.933610 0.781912 0.528135 12960452 0.930993
0.853990 0.792951 0.529582 10067099 0.000070
0.497219 0.794532 0.499066 11513773 0.002074
0.889320 0.792249 0.511685 9671571 0.000012
0.094856 0.367794 0.538074 16777215 0.000000
0.026598 0.211744 0.466162 16184824 0.465194
0.016312 0.225623 0.530173 15724270 0.008409
0.003065 0.683553 0.526015 12303290 0.312276
0.995829 0.236389 0.525395 16777215 0.000056
0.012089 0.218750 0.512740 11513772 0.977913
0.780871 0.783450 0.519753 9934485 0.000349
0.337174 0.765026 0.523166 16777215 0.000012
0.040905 0.591219 0.544519 16777215 0.000590
0.339384 0.247458 0.541216 16777215 0.000001
0.692497 0.205641 0.543908 16777215 0.996151
0.913419 0.226993 0.539354 16777215 0.016936
0.366259 0.790680 0.540723 16777215 0.989526
0.206139 0.224785 0.482410 12236985 0.026697
0.009009 0.735373 0.510852 11184811 0.000641
0.044311 0.322748 0.526751 16777215 0.113515
0.060767 0.767399 0.468458 16777215 0.001372
0.174497 0.333735 0.474418 16777215 0.000000
0.003119 0.203358 0.489365 9803156 0.903596
0.016685 0.256863 0.501681 11579311 0.000309
0.986634 0.313069 0.470676 16777215 0.000061
0.020809 0.218608 0.545291 16777215 0.446138
0.173353 0.214734 0.468677 16777215 0.092741
0.105459 0.226943 0.546030 16777215 0.005846
0.989805 0.215501 0.516010 15920623 0.019971
0.922591 0.793233 0.539561 9211275 0.840848
0.890800 0.748897 0.462938 16645371 0.000000
0.597587 0.769582 0.502006 14804199 0.000091
0.020697 0.310429 0.504899 16777215 0.096843
0.442743 0.761030 0.523454 16777215 0.000040
0.070962 0.468473 0.487651 16777215 0.000000
0.523876 0.792292 0.467480 11382189 0.000507
0.727989 0.793108 0.493051 10790051 0.000011
0.970964 0.354826 0.472411 16711675 0.000032
0.412116 0.775724 0.539383 16777215 0.016209
0.415781 0.213506 0.535495 8157820 0.098782
0.415439 0.203868 0.530026 8224125 0.000000
0.059098 0.449295 0.472242 16777215 0.000001
0.174485 0.227447 0.481133 16777215 0.006973
0.800752 0.211129 0.525016 7434098 0.000231
0.983942 0.607532 0.502979 16777215 0.000037
0.709466 0.552868 0.511173 16777215 0.003215
0.338960 0.794279 0.525703 12106170 0.000006
0.978226 0.796228 0.461867 8882828 0.984353
0.923028 0.677061 0.541649 16777215 0.000010
0.992962 0.408778 0.517004 16777215 0.000039
0.694534 0.246233 0.531431 16777215 0.004742
0.159321 0.209705 0.510932 9145229 0.000006
0.938099 0.217338 0.536018 8290431 0.806386
0.014890 0.440796 0.460614 10722721 0.026665
0.405520 0.212538 0.540001 16777215 0.955259
0.975531 0.620888 0.502628 16316916 0.000096
0.010156 0.484719 0.454817 16579320 0.395557
0.868048 0.766295 0.526288 16777215 0.000019
0.847637 0.786620 0.484485 11118762 0.000255
0.313308 0.206101 0.478291 7434095 0.000189
0.618035 0.204580 0.471142 7171437 0.000010
0.982632 0.756992 0.457386 16316920 0.000237
0.778905 0.397599 0.494946 16777215 0.949192
0.132554 0.238712 0.474172 16777215 0.000583
0.975772 0.238804 0.536925 16777215 0.034576
0.914145 0.763846 0.526288 16777215 0.582534
0.977059 0.759926 0.522411 16777215 0.001215
0.950548 0.787488 0.533620 16777215 0.923319
0.309662 0.249614 0.454810 16777215 0.000000
0.491355 0.780009 0.523847 12434105 0.000144
0.906155 0.204214 0.464695 7105385 0.084705
0.981440 0.411139 0.506545 16777215 0.000005
0.524714 0.769347 0.461013 16777215 0.000004
0.049750 0.574142 0.523181 16777215 0.617794
0.304462 0.586868 0.524982 16777215 0.058832
0.988872 0.640575 0.505980 16777215 0.004524
0.983106 0.427067 0.528867 16777215 0.075395
0.699722 0.208142 0.495928 7499887 0.001179
0.985275 0.591331 0.481054 16055796 0.000008
0.018407 0.435831 0.546647 16777215 0.569045
0.763542 0.616015 0.458845 16777215 0.000075
0.011908 0.262927 0.535234 16777215 0.025466
0.033926 0.793012 0.547455 16777215 0.962514
0.314812 0.526011 0.513230 16776959 0.000572
0.946426 0.580714 0.515076 16777215 0.000647
0.692504 0.457091 0.550674 16777215 0.274849
0.361596 0.784772 0.471222 11645617 0.017391
0.173596 0.590257 0.539187 16777215 0.000065
0.671141 0.555528 0.465042 16777215 0.005880
0.290003 0.453437 0.483678 16777215 0.001376
0.054825 0.363884 0.543311 16777215 0.000326
0.285726 0.779127 0.539787 16777215 0.000006
0.004431 0.690373 0.453922 16777215 0.930223
0.020864 0.217609 0.528300 11907252 0.009564
0.012182 0.797834 0.537658 11447470 0.998633
0.399980 0.215953 0.492281 16777215 0.679257
0.714099 0.793463 0.468211 9605776 0.001799
0.979629 0.283570 0.503325 16777213 0.022648
0.726121 0.757534 0.533195 16777215 0.000004
0.598362 0.789941 0.473823 11184297 0.004878
0.985462 0.487355 0.500457 16777215 0.000079
0.976427 0.378509 0.463646 16251121 0.000024
0.960047 0.657196 0.515335 16777215 0.052721
0.463862 0.776897 0.519056 11315884 0.000168
0.719273 0.567975 0.492758 16382456 0.090525
0.318289 0.515214 0.546736 16777215 0.834291
0.982916 0.376348 0.478270 16580603 0.000002
0.915092 0.588293 0.524731 16777215 0.005956
0.681480 0.768719 0.545927 16777215 0.003544
0.948369 0.464688 0.461993 16777215 0.000003
0.948719 0.488048 0.538864 16777215 0.000120
0.351843 0.228179 0.464105 16185076 0.864188
0.577075 0.787379 0.515611 10592672 0.018588
0.184245 0.428852 0.539553 16777215 0.000356
0.042312 0.354686 0.536152 16777215 0.000008
0.987767 0.468186 0.481210 16449019 0.000000
0.276449 0.584078 0.462958 16777215 0.000112
0.664208 0.739347 0.504342 13091781 0.099897
0.401763 0.764367 0.465230 16777215 0.000000
0.399011 0.230401 0.480349 7040108 0.097556
0.543398 0.796466 0.454468 15790321 0.650942
0.978503 0.272509 0.529665 16777215 0.064276
0.015024 0.579737 0.464038 15329768 0.995400
0.057811 0.581080 0.496349 16777215 0.000175
0.314205 0.510406 0.497911 16579836 0.000426
0.677167 0.769823 0.519189 15066602 0.000191
0.588386 0.223266 0.489921 8420478 0.000403
0.012033 0.607853 0.459375 15329770 0.997762
0.033989 0.207305 0.538141 16777215 0.882316
0.964194 0.548410 0.516892 16777215 0.024716
0.980017 0.659692 0.521574 16777215 0.119286
0.280500 0.751610 0.461705 16777215 0.000000
0.972890 0.373311 0.532898 16777215 0.012194
0.321473 0.481323 0.477678 16777215 0.001566
0.983228 0.525093 0.467998 16777215 0.000001
0.572070 0.761178 0.538542 16777215 0.000001
0.423320 0.783396 0.543382 16777215 0.000007
0.401427 0.205748 0.457941 16776701 0.993802
0.216251 0.560785 0.541780 16777215 0.008907
0.982134 0.230227 0.508494 16777215 0.044815
0.036380 0.702847 0.545921 16777215 0.000144
0.985377 0.236572 0.455403 16777215 0.048206
0.947334 0.694404 0.535468 16777215 0.051087
0.663217 0.205797 0.495163 7105388 0.006672
0.928073 0.547442 0.538950 16777215 0.000009
0.043564 0.703159 0.526401 16777215 0.341974
0.813614 0.553046 0.447083 16777215 0.136346
0.452268 0.204567 0.474200 7894644 0.000000
0.944740 0.321058 0.496586 16777215 0.000761
0.043197 0.395473 0.535527 16777215 0.133552
0.044873 0.540230 0.532287 16777215 0.005226
0.549287 0.210098 0.507883 16777215 0.998610
0.786029 0.206111 0.539288 16777215 0.997107
0.673118 0.760211 0.473311 16513786 0.006018
0.142753 0.740650 0.493476 16777215 0.000039
0.431975 0.781400 0.541265 16777215 0.000002
0.952223 0.520278 0.530467 16777215 0.219643
0.012052 0.633398 0.524310 16777215 0.012489
0.981016 0.402558 0.461497 16711679 0.062067
0.980656 0.395984 0.486121 16777215 0.000000
0.799444 0.798324 0.454748 10658722 0.997615
0.726797 0.740137 0.516986 16777215 0.001744
0.033032 0.488231 0.509206 16777215 0.061114
0.976695 0.591378 0.508788 16777215 0.050563
0.682408 0.771821 0.495383 16777215 0.651655
0.566490 0.787131 0.527950 9474193 0.968195
0.651178 0.210277 0.505114 6513250 0.008713
0.813162 0.405841 0.455963 16777215 0.001704
0.507533 0.786650 0.529271 10790050 0.001221
0.175628 0.739395 0.520047 16777215 0.000000
0.181761 0.782295 0.486299 13685202 0.658020
0.011092 0.534738 0.520701 16777215 0.005362
0.912931 0.567712 0.512542 16777215 0.000049
0.243518 0.795366 0.464788 12040118 0.099014
0.914446 0.430137 0.511743 16777215 0.000001
0.974526 0.730614 0.500955 14673895 0.027106
0.936354 0.262688 0.537915 16777215 0.022265
0.301390 0.756723 0.535334 16777215 0.000005
0.971310 0.708161 0.490775 16777215 0.010550
0.820583 0.505076 0.547277 16777215 0.051647
0.176378 0.779195 0.544479 16777215 0.000048
0.175724 0.200421 0.533957 8618627 0.000019
0.979548 0.438101 0.527389 16777215 0.045644
0.025393 0.407630 0.504292 12303291 0.118446
0.252977 0.784478 0.464831 13422285 0.915506
0.006610 0.477039 0.512277 10791079 0.033420
0.315411 0.785967 0.469763 12040373 0.211143
0.545314 0.202575 0.472003 7368561 0.592842
0.519588 0.786996 0.454545 16777215 0.000000
0.230082 0.575068 0.449404 16777215 0.001663
0.955690 0.372515 0.534241 16777215 0.014259
0.401850 0.452022 0.452850 16777215 0.000000
0.741281 0.408480 0.508608 16777215 0.000114
0.681285 0.455652 0.534093 16777215 0.000194
0.271889 0.793096 0.455327 15395563 0.994247
0.768936 0.434455 0.548211 16777215 0.269643
0.730168 0.776867 0.459634 16777215 0.000007
0.641174 0.790696 0.493560 11119016 0.000009
0.835065 0.495888 0.535383 16777215 0.054819
0.122838 0.790781 0.539226 16777215 0.000015
0.964897 0.492796 0.528281 16777215 0.064285
0.983432 0.437420 0.514386 16251129 0.000010
0.332953 0.765170 0.522710 12039609 0.019746
0.505879 0.760702 0.452278 16777215 0.000000
0.211158 0.557537 0.482693 15922420 0.138800
0.282982 0.595941 0.470913 16777215 0.000000
0.656353 0.524532 0.549669 16777215 0.000014
0.896017 0.496953 0.539948 16777215 0.005103
0.682827 0.776245 0.462765 16777215 0.000006
0.316468 0.209349 0.487661 14672351 0.953031
0.047015 0.212930 0.540790 16777215 0.076348
0.467597 0.526882 0.503253 16777215 0.000002
0.022659 0.794790 0.453480 16777214 0.188245
0.993853 0.792291 0.503249 14737888 0.120707
0.985975 0.641930 0.491549 16777215 0.000058
0.063469 0.281245 0.539784 16777215 0.000123
0.032724 0.777882 0.479844 14869223 0.004865
0.019706 0.227270 0.482874 14736857 0.016703
0.976839 0.281876 0.522147 16777215 0.124808
0.975377 0.224607 0.524868 16777215 0.299140
0.933239 0.791105 0.481649 8618875 0.014434
0.988197 0.206283 0.467949 8158334 0.212740
0.897184 0.348969 0.545210 16777215 0.000018
0.011903 0.784442 0.536179 16777215 0.047122
0.975689 0.234214 0.548372 16777215 0.844622
0.832840 0.210102 0.476356 8025978 0.001484
0.039639 0.253133 0.532615 16777215 0.464460
0.995985 0.771617 0.452725 15790320 0.993124
0.725773 0.599402 0.505455 15724777 0.037794
0.003237 0.783455 0.454752 12171448 0.999357
0.989122 0.722237 0.503834 16777215 0.000024
0.992421 0.206661 0.491229 15987442 0.004854
0.983127 0.294704 0.516278 15987702 0.000049
0.968963 0.263475 0.528324 16777215 0.154220
0.013373 0.208089 0.454151 16777215 0.891967
0.073648 0.216932 0.525191 10526620 0.009767
0.878554 0.781726 0.527048 16777215 0.633915
0.920882 0.782551 0.530029 10658466 0.968599
0.900401 0.224429 0.530058 16777215 0.353745
0.366776 0.782147 0.500594 12763846 0.005527
0.848933 0.253260 0.529140 16777215 0.000100
0.988321 0.691550 0.483096 16580603 0.000003
0.921329 0.771766 0.534469 16777215 0.975073
0.974626 0.746438 0.523347 16777215 0.058907
0.837055 0.795133 0.495679 10328729 0.000034
0.101143 0.204414 0.543761 16777215 0.941405
0.887190 0.409569 0.542349 16777215 0.000008
0.075823 0.211412 0.519023 9605012 0.000318
0.047098 0.654286 0.511766 15000807 0.002441
0.067297 0.213771 0.545956 16777215 0.058044
0.340021 0.236644 0.535630 16777215 0.000010
0.102261 0.787094 0.542026 16777215 0.014670
0.007026 0.554329 0.476676 10133399 0.000160
0.017974 0.634915 0.486376 10986880 0.052689
0.872732 0.236933 0.457665 16777215 0.001471
0.026235 0.546177 0.532245 16777215 0.400265
0.057458 0.211762 0.533812 12040119 0.032303
0.782628 0.780491 0.520921 8815234 0.066700
0.450063 0.213139 0.543849 16777215 0.992728
0.126139 0.203284 0.465388 7763572 0.017953
0.159193 0.797722 0.533567 12171449 0.000035
0.050491 0.349768 0.523710 16777215 0.423526
0.030482 0.376790 0.525908 16777215 0.124607
0.013082 0.774133 0.478709 13026505 0.525694
0.101264 0.787716 0.454901 16777215 0.004209
0.982942 0.221861 0.484893 16580090 0.052836
0.006850 0.699010 0.471404 10987688 0.000031
0.008249 0.207130 0.496648 10065817 0.004563
0.017378 0.291258 0.507542 10067869 0.001774
0.789974 0.215357 0.543986 16777215 0.983355
0.992133 0.339819 0.461253 16777215 0.000042
0.868143 0.784317 0.462364 15792115 0.126254
0.090296 0.219092 0.546009 16777215 0.034001
0.991768 0.208372 0.510937 13093580 0.031372
0.911592 0.771230 0.531269 16777215 0.002335
0.939829 0.786670 0.529195 11183278 0.825064
0.652705 0.780404 0.515997 10263964 0.001392
0.038224 0.516210 0.487799 13816789 0.007569
0.377056 0.229656 0.540018 16777215 0.000000
0.458988 0.785360 0.520432 10921894 0.677189
0.047643 0.552249 0.459713 16777215 0.000000
0.615322 0.264511 0.530957 16777215 0.000101
0.986830 0.371345 0.474997 16777210 0.000078
0.417648 0.206202 0.542910 4736838 0.874238
0.810308 0.567114 0.563852 16777215 0.000000
0.378104 0.225810 0.482603 16777215 0.001421
0.524526 0.203637 0.538244 6974314 0.000024
0.727190 0.209239 0.527441 7302770 0.000150
0.719023 0.553766 0.523574 16777215 0.001924
0.952798 0.273620 0.540051 16777215 0.000235
0.027084 0.778467 0.545070 16777215 0.949439
0.014273 0.745302 0.523648 16777215 0.013098
0.729233 0.232735 0.452048 16777215 0.000075
0.991908 0.742880 0.459805 16777215 0.235760
0.983818 0.277578 0.488366 16777215 0.000017
0.116281 0.210743 0.517220 9540243 0.000002
0.953398 0.205848 0.547582 16777215 0.998916
0.865805 0.199568 0.545429 2960428 0.974662
0.017068 0.444987 0.501602 12039093 0.000040
0.517237 0.213239 0.523709 7566707 0.005166
0.840648 0.753448 0.530753 16777215 0.000001
0.332555 0.777026 0.545700 16777215 0.000000
0.179476 0.212182 0.527290 8357760 0.014340
0.844753 0.774899 0.518948 10856099 0.002370
0.226472 0.203810 0.468396 7434866 0.000568
0.833006 0.217259 0.544080 16777215 0.000001
0.601519 0.211060 0.476259 9341834 0.000027
0.971766 0.716646 0.534381 16777215 0.068285
0.679441 0.221542 0.499922 9013643 0.000001
0.912469 0.233402 0.463823 16777215 0.001423
0.981541 0.771672 0.456212 16579321 0.001355
0.973039 0.636602 0.500839 16777215 0.000023
0.734488 0.434138 0.449670 16777215 0.054846
0.148435 0.238744 0.454371 16777215 0.003300
0.979377 0.762232 0.528593 16777215 0.000199
0.027520 0.263314 0.523039 16777215 0.271834
0.966442 0.781257 0.530929 16777215 0.996730
0.013455 0.667918 0.458727 16777215 0.292322
0.787746 0.212666 0.533719 5328976 0.007041
0.432086 0.205109 0.495153 8027003 0.000000
0.315911 0.223283 0.476591 15988985 0.000001
0.514473 0.793896 0.533467 11381418 0.000012
0.771129 0.211735 0.472809 7763577 0.080473
0.725797 0.791302 0.474488 10395807 0.706459
0.524863 0.225110 0.541771 16777215 0.000000
0.405832 0.775395 0.501030 16777215 0.258888
0.011122 0.773282 0.453618 16777215 0.631808
0.706049 0.775281 0.521374 10527137 0.824191
0.730389 0.793727 0.529217 10329244 0.941890
0.978979 0.390834 0.502205 16777215 0.000010
0.292604 0.774713 0.540349 16777215 0.000000
0.543517 0.779372 0.466113 16777215 0.037482
0.038796 0.611816 0.459985 16777215 0.000008
0.993172 0.580635 0.518531 16777215 0.012590
0.235234 0.209385 0.502488 9080203 0.000002
0.360398 0.246566 0.504549 10724004 0.010871
0.973904 0.455400 0.520479 16777215 0.319514
0.698321 0.202958 0.525314 6644579 0.006969
0.987462 0.558481 0.472234 16120052 0.000025
0.789057 0.766636 0.464633 16777215 0.000004
0.603118 0.259928 0.464264 16777215 0.000060
0.018490 0.381211 0.540910 16777215 0.138829
0.553581 0.215659 0.489007 7960953 0.002681
0.095554 0.780154 0.455943 16777215 0.002446
0.304921 0.537359 0.463937 16777215 0.033550
0.678542 0.455343 0.548317 16777215 0.001713
0.359839 0.788937 0.491455 11974327 0.007307
0.205535 0.583702 0.520650 16777215 0.000067
0.035514 0.462678 0.527328 16777215 0.000002
0.961241 0.435149 0.470881 16447995 0.000001
0.697690 0.550650 0.494228 16777215 0.094502
0.289814 0.408148 0.451823 16777215 0.000042
0.285082 0.443255 0.482309 16777215 0.011349
0.975301 0.216645 0.520345 7041894 0.906517
0.315080 0.784276 0.528855 16777215 0.000008
0.011990 0.204332 0.530558 11316139 0.099932
0.729068 0.786141 0.480063 10000280 0.008598
0.972851 0.316545 0.522021 16777215 0.106217
0.036625 0.745785 0.532596 16777215 0.333634
0.365770 0.239394 0.461269 16777215 0.000000
0.985640 0.517892 0.504635 16317177 0.000188
0.975887 0.586344 0.513678 16777215 0.126145
0.458826 0.780842 0.496983 12961733 0.000431
0.714530 0.576829 0.488453 16777215 0.002791
0.976239 0.360123 0.505072 16447737 0.000004
0.983123 0.424875 0.523862 16777215 0.014834
0.665201 0.778258 0.523502 16777215 0.066570
0.012895 0.289788 0.528968 16777215 0.362114
0.683452 0.512435 0.466781 16777215 0.937746
0.980899 0.679532 0.532131 16777215 0.002229
0.925622 0.772484 0.532186 16777215 0.322944
0.918041 0.675032 0.505519 16777215 0.000054
0.001027 0.385582 0.525862 9671572 0.533676
0.047222 0.645084 0.523283 16777215 0.579997
0.176218 0.495265 0.515972 16777215 0.000274
0.992888 0.428197 0.462899 16515070 0.000000
0.341234 0.791817 0.454965 16777215 0.159037
0.675093 0.513332 0.507307 16777215 0.002189
0.336619 0.761225 0.461403 16777215 0.000000
0.264652 0.572717 0.545746 16777215 0.029432
0.022319 0.638975 0.499062 16777215 0.120714
0.964022 0.445839 0.468679 16381948 0.000027
0.490038 0.207085 0.539005 14803168 0.999979
0.228120 0.594330 0.459642 16777215 0.000000
0.111441 0.763919 0.514772 13223626 0.296443
0.865497 0.213039 0.491689 7501942 0.000032
0.992756 0.203742 0.470188 6711399 0.939807
0.339028 0.739556 0.542572 16777215 0.000000
0.773062 0.578995 0.469709 16777215 0.058742
0.967439 0.204957 0.515536 7368558 0.078719
0.262079 0.794909 0.505701 13355212 0.010235
0.026492 0.519926 0.527175 16777215 0.078410
0.173915 0.404885 0.524252 16777215 0.013522
0.004153 0.250470 0.452851 16447991 0.994590
0.286380 0.794637 0.454201 16777215 0.992307
0.011039 0.747047 0.530983 16777215 0.083712
0.650466 0.206110 0.540076 3750457 0.983053
0.424473 0.212625 0.515972 8158075 0.004753
0.030129 0.231481 0.547019 16777215 0.617582
0.604508 0.215906 0.502951 9343123 0.000009
0.222399 0.436837 0.465426 16316920 0.180705
0.008773 0.688148 0.455777 16777215 0.147701
0.940176 0.427306 0.548316 16777215 0.000002
0.826808 0.501461 0.451258 16777215 0.000997
0.215582 0.750365 0.515582 16777215 0.000000
0.208655 0.556192 0.469798 16119284 0.000026
0.309948 0.470095 0.476007 16777215 0.042068
0.984323 0.512762 0.466263 16777215 0.000001
0.299813 0.217588 0.458949 16777215 0.456170
0.828231 0.468145 0.461403 16777215 0.018168
0.949480 0.507223 0.544103 16777215 0.003936
0.211692 0.576100 0.543299 16777215 0.006577
0.323838 0.458313 0.547021 16777215 0.018785
0.992092 0.257678 0.460777 16711679 0.016477
0.070352 0.455290 0.534052 16777215 0.000011
0.985501 0.663027 0.466520 16777215 0.006783
0.987268 0.645023 0.465662 16448244 0.011409
0.216416 0.784248 0.461115 16777215 0.332229
0.807698 0.450685 0.457096 16777215 0.001262
0.840054 0.557928 0.474993 16777215 0.000333
0.146596 0.793541 0.509245 13357009 0.000042
0.499576 0.241020 0.479869 16777215 0.000313
0.866182 0.340031 0.530536 16777215 0.000000
0.730439 0.420063 0.532089 16777215 0.654107
0.011701 0.650214 0.469925 16777215 0.559883
0.952843 0.465188 0.506414 16777215 0.017890
0.869843 0.385669 0.550192 16777215 0.000001
0.049535 0.550915 0.520951 16777215 0.022924
0.986437 0.658293 0.498879 16710910 0.000005
0.016611 0.511175 0.525777 16777215 0.195545
0.971514 0.571191 0.539503 16777215 0.041831
0.604344 0.208836 0.459320 13816785 0.999919
0.616107 0.218032 0.452124 16777215 0.007264
0.949315 0.650607 0.515390 16777215 0.000831
0.977429 0.509311 0.533228 16777215 0.020230
0.044828 0.634106 0.535165 16777215 0.316155
0.839450 0.220848 0.471649 16777215 0.005840
0.130319 0.482754 0.508564 16777215 0.000000
0.449662 0.777337 0.521573 15065574 0.000024
0.265174 0.781072 0.461221 15066853 0.845381
0.965671 0.437015 0.532948 16777215 0.493355
0.899905 0.404985 0.526465 16777215 0.000000
0.983712 0.523421 0.518436 16777215 0.112175
0.957382 0.679588 0.489690 16777215 0.002237
0.981476 0.531470 0.529520 16777215 0.104956
0.917970 0.799624 0.453939 5460819 0.982931
0.033771 0.723353 0.466200 16777215 0.024221
0.279317 0.204142 0.522742 8750212 0.000003
0.432094 0.747566 0.481933 16777215 0.003168
0.347673 0.247684 0.479683 11380900 0.007162
0.824495 0.753439 0.547403 16777215 0.000264
0.706679 0.227044 0.483157 16777215 0.638520
0.027839 0.361566 0.496326 16777215 0.098704
0.409674 0.251027 0.526112 16777215 0.003691
0.041305 0.376902 0.529693 16777215 0.000798
0.153403 0.433931 0.523785 16777215 0.000037
0.948290 0.558765 0.532902 16777215 0.289584
0.970362 0.523756 0.542131 16777215 0.728793
0.266816 0.788150 0.479936 11382185 0.358887
0.873676 0.201811 0.463100 5198419 0.999726
0.506437 0.219297 0.499810 13749946 0.006816
0.245746 0.780829 0.470058 11120041 0.515394
0.558134 0.209088 0.481933 9606026 0.086297
0.233567 0.579139 0.450470 16777215 0.018508
0.929378 0.374722 0.519529 16777215 0.000535
0.864889 0.528772 0.519164 16777215 0.000067
0.967054 0.460471 0.503373 16777215 0.009438
0.983990 0.422681 0.512380 16777215 0.000003
0.553508 0.210519 0.474296 7961720 0.426969
0.561851 0.213240 0.541445 16777215 0.995412
0.858339 0.592947 0.528105 16777215 0.000000
0.500166 0.215851 0.501002 7171181 0.000002
0.714106 0.682695 0.520954 16777215 0.000000
0.074763 0.780379 0.459257 16777215 0.002694
0.556016 0.760906 0.466340 16777215 0.000020
0.561209 0.763279 0.483460 15462380 0.000002
0.007338 0.606819 0.515841 12763071 0.002353
0.267138 0.563585 0.473877 16777215 0.000667
0.321703 0.780757 0.541291 16777215 0.054777
0.973981 0.513863 0.525565 16777215 0.071924
0.321093 0.541967 0.456983 16777215 0.000000
0.532816 0.784639 0.461400 16777215 0.966868
0.788768 0.443565 0.545145 16777215 0.411290
0.257001 0.781211 0.492393 12500669 0.000277
0.815202 0.610780 0.561695 16777215 0.000000
0.985718 0.202813 0.470073 7434352 0.999956
0.744217 0.771659 0.465717 16447993 0.000004
0.580936 0.777173 0.465240 16580607 0.000134
0.621475 0.771887 0.518924 9606035 0.000030
0.014696 0.617672 0.509527 11709362 0.018002
0.334066 0.549801 0.480449 16777215 0.000038
0.013610 0.334493 0.463898 15263719 0.999399
0.978619 0.585646 0.528323 16777215 0.137984
0.921580 0.212702 0.523449 7369073 0.000061
0.019559 0.793792 0.454014 16777215 0.704274
0.981187 0.784397 0.503939 13158345 0.021245
0.985752 0.659177 0.495486 16383229 0.000045
0.005377 0.790716 0.515339 11316395 0.002221
0.965846 0.287443 0.533207 16777215 0.062464
0.926228 0.785654 0.482677 9869978 0.031239
0.899126 0.670674 0.491651 16777215 0.000019
0.032853 0.742530 0.538652 16777215 0.027569
0.971178 0.223907 0.462237 14803168 0.875878
0.012432 0.232264 0.469913 9344398 0.093513
0.866694 0.774027 0.521834 13751507 0.110613
0.993640 0.761474 0.519302 16777215 0.000129
0.002346 0.797567 0.507213 12303290 0.997300
0.914072 0.731434 0.516472 16777215 0.000020
0.697535 0.550689 0.455345 16777215 0.062468
0.985175 0.712918 0.513499 15986674 0.000112
0.710167 0.421185 0.484516 13618899 0.305029
0.935094 0.253789 0.543717 16777215 0.011768
0.977571 0.694841 0.465971 16119283 0.000066
0.013607 0.281057 0.457278 16777215 0.012595
0.044876 0.205461 0.536854 9014153 0.004944
0.920007 0.792618 0.530450 10724770 0.906930
0.352093 0.793073 0.507690 13158600 0.000267
0.006206 0.220258 0.515878 10526879 0.025453
0.002899 0.695262 0.453327 12764356 0.994904
0.996450 0.201881 0.464307 13356238 0.999122
0.992995 0.203033 0.458904 5921115 0.973597
0.656547 0.214864 0.544830 16777215 0.983315
0.961202 0.755378 0.519088 16777215 0.011067
0.833718 0.785838 0.493224 11578792 0.000006
0.019340 0.679525 0.528600 16777215 0.464634
0.080348 0.224866 0.490935 11845046 0.000121
0.008362 0.651594 0.520250 11381930 0.000964
0.798033 0.273815 0.544688 16777215 0.000000
0.125193 0.205658 0.538770 16777215 0.972941
0.333630 0.246902 0.505622 16777215 0.000002
0.018839 0.467014 0.476352 12304317 0.001918
0.668929 0.794789 0.497409 10526880 0.000035
0.437691 0.244765 0.518939 16777215 0.119905
0.686466 0.213162 0.543819 16777215 0.921603
0.801092 0.242709 0.452736 16777215 0.001852
0.777921 0.792350 0.532753 10264225 0.022844
0.026332 0.565211 0.519677 16777215 0.443102
0.143346 0.203837 0.461981 5987677 0.799620
0.016138 0.746709 0.519956 13423055 0.001591
0.134682 0.740985 0.493375 16777215 0.000014
0.165505 0.788173 0.484071 12106170 0.000035
0.017812 0.285582 0.530743 16777215 0.041854
0.055379 0.787916 0.525102 12566202 0.000077
0.978913 0.296371 0.520305 16777215 0.026077
0.060793 0.779875 0.457233 16777215 0.003584
0.979303 0.214052 0.474113 16777215 0.012233
0.005444 0.608147 0.471921 10460061 0.000530
0.010803 0.256274 0.515357 12303804 0.000598
0.025133 0.223161 0.546698 16777215 0.994344
0.663783 0.775103 0.510293 12631997 0.002266
0.096847 0.261284 0.527760 16777215 0.003615
0.029903 0.664146 0.531434 16777215 0.228078
0.888256 0.777260 0.525909 16777215 0.002277
0.081339 0.801115 0.458950 11185065 0.954272
0.617658 0.781366 0.515211 10526365 0.001187
0.318111 0.273250 0.506915 16777215 0.000003
0.023986 0.526741 0.453911 16777215 0.000000
0.018293 0.455885 0.516460 13421511 0.258875
0.975678 0.316414 0.467440 16118772 0.000039
0.785543 0.772792 0.482083 15723760 0.006021
0.043374 0.448454 0.495770 16777215 0.000038
0.793969 0.212331 0.519170 7237483 0.000171
0.717517 0.556265 0.539416 16777215 0.014328
0.992415 0.550444 0.489160 16777212 0.000002
0.916476 0.303800 0.529393 16777215 0.000057
0.064243 0.202875 0.455021 9013641 0.966841
0.304312 0.779881 0.491342 12895169 0.000036
0.021012 0.697477 0.518742 16777215 0.018462
0.892561 0.797261 0.454271 12566464 0.998634
0.875885 0.258138 0.543301 16777215 0.000001
0.165238 0.236209 0.510074 10790308 0.000026
0.906445 0.209699 0.545412 16777215 0.992052
0.011793 0.539787 0.522892 10920868 0.000364
0.952787 0.224622 0.519838 6382689 0.624256
0.329102 0.217951 0.490442 8027256 0.134288
0.031953 0.658909 0.465903 16777215 0.000028
0.721217 0.214916 0.499571 8354944 0.000001
0.746030 0.208495 0.497720 7434352 0.000000
0.006867 0.481081 0.514279 9342863 0.000412
0.020897 0.564995 0.477762 16777215 0.413213
0.141932 0.775467 0.519817 12829378 0.000449
0.623231 0.761075 0.536345 16777215 0.000003
0.227176 0.211442 0.487695 7237231 0.002899
0.979157 0.447217 0.481526 16579317 0.001087
0.603320 0.212681 0.478892 6579299 0.000304
0.993625 0.685692 0.529213 16777215 0.718743
0.681652 0.205713 0.499166 7763572 0.000001
0.982448 0.753321 0.459240 16315894 0.000723
0.740515 0.427761 0.462298 16777215 0.644352
0.966720 0.259210 0.542665 16777215 0.000424
0.931064 0.770617 0.521195 16777215 0.704694
0.021268 0.244406 0.519108 16777215 0.204411
0.911865 0.214794 0.495500 6776678 0.003004
0.575009 0.796781 0.451843 16777215 0.983800
0.280186 0.226486 0.459276 16777215 0.000003
0.473977 0.789429 0.514203 11776947 0.000007
0.013014 0.519275 0.510522 9737361 0.000100
0.989795 0.446775 0.513938 16777215 0.000002
0.208183 0.767714 0.506403 16777215 0.000000
0.021708 0.577054 0.519562 16777215 0.465953
0.586340 0.776599 0.462674 16186618 0.232150
0.981919 0.625367 0.514037 15657967 0.030180
0.732316 0.224413 0.506176 10199713 0.004531
0.271413 0.265629 0.536434 16777215 0.000047
0.748547 0.581516 0.476234 16777215 0.014877
0.825972 0.789188 0.452777 16777215 0.021434
0.443432 0.311125 0.514521 16777215 0.000000
0.600465 0.230797 0.500201 11776947 0.073538
0.136528 0.795658 0.479928 12435389 0.005042
0.081761 0.783784 0.459549 16777215 0.006921
0.313688 0.546695 0.482968 16777215 0.014603
0.969438 0.591131 0.514498 16777215 0.024140
0.617449 0.201203 0.543621 7171180 0.731207
0.697278 0.443383 0.504295 16777215 0.909125
0.987485 0.584950 0.458714 16578810 0.293190
0.187767 0.574157 0.542891 16777215 0.000473
0.028784 0.426376 0.544680 16777215 0.000067
0.962639 0.488551 0.464182 16710910 0.000004
0.245465 0.415916 0.461423 16777215 0.000232
0.304386 0.448551 0.457039 16777215 0.033477
0.993087 0.203319 0.460201 7434865 0.998872
0.229339 0.776654 0.522609 16777215 0.000040
0.446704 0.220785 0.515533 16777215 0.553693
0.690065 0.772893 0.475743 14538455 0.020628
0.721425 0.753021 0.524048 16777215 0.000004
0.992799 0.550974 0.484133 16449529 0.000026
0.752010 0.777453 0.494170 10592924 0.000027
0.414023 0.243302 0.458980 16777215 0.000000
0.980867 0.494712 0.508375 16777215 0.000118
0.462285 0.786608 0.456468 16777215 0.000598
0.440237 0.779216 0.517148 10658467 0.001005
0.719490 0.581308 0.463284 16777215 0.005226
0.978009 0.419608 0.500284 16777215 0.000007
0.979850 0.571834 0.521319 16777215 0.259342
0.682774 0.451650 0.465023 16777215 0.000143
0.959423 0.591088 0.514223 16777215 0.000005
0.934226 0.395885 0.525422 16777215 0.000002
0.669857 0.478158 0.488831 16777215 0.041313
0.324660 0.777893 0.540863 16777215 0.000017
0.915733 0.751679 0.524849 16777215 0.175249
0.487433 0.781831 0.532645 16777215 0.104431
0.506250 0.210231 0.514804 8290942 0.013383
0.029478 0.782724 0.537268 16777215 0.034887
0.186164 0.525854 0.517457 16777215 0.000290
0.033848 0.399298 0.530942 16777215 0.000097
0.477056 0.753440 0.533138 16777215 0.000000
0.962790 0.538966 0.468128 16777215 0.000000
0.343560 0.755838 0.463510 16777215 0.000000
0.009215 0.412755 0.521313 15724525 0.890788
0.332212 0.210678 0.490561 6842992 0.024838
0.888833 0.353112 0.503767 16777215 0.000006
0.062850 0.589893 0.545452 16777215 0.345329
0.564721 0.226639 0.520700 8947848 0.000000
0.421790 0.765917 0.539652 16777215 0.000000
0.102689 0.786685 0.487579 13617876 0.369376
0.976144 0.323454 0.526859 16777215 0.107981
0.984086 0.792500 0.454302 16185077 0.263745
0.012528 0.524098 0.489781 11118759 0.002246
0.108920 0.775641 0.530259 16777215 0.000535
0.011138 0.582132 0.532638 16777215 0.115324
0.270052 0.783780 0.502349 11579313 0.000125
0.001815 0.275145 0.455540 8026489 0.996930
0.228065 0.434051 0.528070 16777215 0.967945
0.984935 0.474914 0.521276 16777215 0.476525
0.077528 0.204402 0.543703 16777215 0.988077
0.019868 0.502882 0.461360 16644860 0.001399
0.080782 0.784875 0.479548 13224653 0.297527
0.856847 0.550407 0.476232 16777215 0.000822
0.198040 0.574518 0.471305 16777215 0.000001
0.334153 0.521215 0.495856 16777215 0.000030
0.951399 0.520885 0.480534 16777215 0.000001
0.381291 0.769467 0.497768 16777215 0.000003
0.008000 0.350419 0.488603 11776689 0.771618
0.416502 0.206145 0.485862 9805215 0.999590
0.847419 0.450432 0.476220 16777215 0.008500
0.967339 0.444425 0.527637 16777215 0.016352
0.352549 0.217144 0.512026 8885134 0.000074
0.077665 0.468666 0.492903 16777215 0.000004
0.449761 0.757369 0.459133 16777215 0.000000
0.663315 0.211988 0.509780 7829365 0.009345
0.989181 0.670147 0.458611 16777215 0.006488
0.945444 0.515018 0.536542 16777215 0.000025
0.782539 0.439391 0.453636 16777215 0.227057
0.979211 0.710432 0.464102 16250609 0.086460
0.166017 0.749792 0.505696 16777215 0.000003
0.135679 0.777058 0.526128 16119536 0.000004
0.743505 0.412349 0.498867 16777215 0.618087
0.393705 0.751478 0.536667 16777215 0.001550
0.734536 0.573253 0.547498 16777215 0.052561
0.030328 0.654999 0.534713 16777215 0.096554
0.943800 0.245280 0.532631 16777215 0.070267
0.972691 0.306046 0.522042 16777215 0.071503
0.013245 0.714872 0.463886 16250872 0.106756
0.809817 0.583147 0.468408 16777215 0.001806
0.015574 0.611704 0.511968 16777215 0.006517
0.456016 0.203528 0.464949 10198170 0.999798
0.544287 0.204505 0.496148 14802906 0.998980
0.992466 0.203784 0.469569 5922140 0.900044
0.566166 0.776347 0.457970 16777215 0.000000
0.029288 0.622479 0.536247 16777215 0.006835
0.006413 0.498688 0.524873 14475230 0.005686
0.048727 0.690835 0.530304 16777215 0.052786
0.729182 0.783485 0.537137 16777215 0.023711
0.805746 0.450112 0.452482 16777215 0.001006
0.970270 0.511258 0.527964 16777215 0.696381
0.254683 0.216201 0.527583 10657697 0.000002
0.428916 0.213863 0.478786 6119007 0.714522
0.927445 0.346208 0.547899 16777215 0.000002
0.066136 0.551905 0.466961 16777215 0.000000
0.441711 0.773763 0.517198 16777215 0.641933
0.042175 0.434562 0.483943 16777215 0.000022
0.017816 0.587946 0.459086 16777215 0.279541
0.309829 0.749682 0.535403 16777215 0.000000
0.309536 0.563773 0.518963 16777215 0.001425
0.984161 0.317780 0.479265 16777215 0.000188
0.917216 0.556291 0.496838 16777215 0.000032
0.745181 0.204468 0.466248 8683907 0.871519
0.103977 0.757959 0.530096 16777215 0.004503
0.928536 0.492236 0.523562 16777215 0.007032
0.918805 0.612148 0.508560 16777215 0.054663
0.260519 0.790550 0.484089 13093833 0.266045
0.412776 0.764684 0.481066 13223621 0.067659
0.838641 0.552615 0.543485 16777215 0.000001
0.578827 0.743428 0.517968 16777215 0.000000
0.442439 0.755900 0.545924 16777215 0.000000
0.013420 0.352603 0.516899 10395294 0.332842
0.220090 0.219635 0.452552 16777215 0.000804
0.935570 0.589768 0.453815 16579836 0.000000
0.005127 0.447553 0.512692 10329243 0.000101
0.123101 0.222299 0.511339 16777215 0.504256
0.507893 0.764035 0.532287 16777215 0.000000
0.399790 0.232714 0.460466 16777215 0.002124
0.098529 0.568101 0.462378 16777215 0.000028
0.177397 0.484906 0.533605 16777215 0.000665
0.829836 0.439391 0.498883 16777215 0.000134
0.986238 0.337788 0.529937 16777215 0.009010
0.182659 0.542165 0.453860 16777215 0.000516
0.842063 0.497914 0.536711 16777215 0.000839
0.491565 0.208801 0.488231 10858137 0.010588
0.877564 0.789632 0.538648 16777215 0.200175
0.230592 0.314576 0.472804 16777215 0.000000
0.959151 0.549146 0.458608 16777215 0.000000
0.020830 0.468224 0.485797 9934486 0.000120
0.478335 0.231249 0.452260 16777215 0.003153
0.581492 0.418448 0.504303 16777215 0.000000
0.175834 0.503235 0.540228 16777215 0.000648
0.776460 0.406735 0.541819 16777215 0.000168
0.984350 0.410252 0.524378 16777215 0.045776
0.149222 0.426325 0.466658 16777215 0.000021
0.502697 0.211015 0.467287 8420988 0.135730
0.044588 0.214228 0.547236 16777215 0.146021
0.036200 0.242099 0.530989 16777215 0.025791
0.025411 0.785454 0.455325 16777215 0.057922
0.929641 0.745061 0.546473 16777215 0.000129
0.984180 0.771502 0.512316 16777215 0.075187
0.015282 0.760916 0.473423 14079703 0.211330
0.034362 0.275860 0.539198 16777215 0.001458
0.023262 0.780310 0.521351 16777215 0.695233
0.982372 0.228374 0.491423 16777215 0.983258
0.957087 0.227670 0.535058 16777215 0.410397
0.937399 0.792553 0.457498 15527405 0.959353
0.997463 0.797685 0.478129 13883093 0.999114
0.914126 0.326406 0.544913 16777215 0.000014
0.026303 0.221758 0.492964 11910589 0.042601
0.020628 0.740274 0.525132 16777215 0.009231
0.907968 0.227281 0.456971 16777215 0.068737
0.883329 0.777478 0.527357 16777215 0.165698
0.808738 0.209313 0.544619 16777215 0.999623
0.011985 0.778139 0.521069 12565694 0.026851
0.694113 0.450968 0.484625 16777215 0.956643
0.037518 0.229824 0.537220 16777215 0.117242
0.930619 0.754775 0.524794 16777215 0.000114
0.749045 0.566449 0.473169 16777215 0.056937
0.993472 0.366781 0.511041 16777215 0.000002
0.009568 0.771770 0.532277 16777215 0.844712
0.030235 0.784186 0.521335 15395306 0.017486
0.958195 0.263175 0.534029 16777215 0.056942
0.931828 0.780417 0.487046 12896712 0.901475
0.970074 0.666910 0.456382 16777215 0.000022
0.988591 0.790157 0.514770 16777215 0.245387
0.993663 0.216708 0.453417 15330282 0.999859
0.014895 0.352085 0.459681 16777215 0.082369
0.951271 0.221740 0.528614 16777215 0.637043
0.823071 0.230315 0.510763 16777215 0.000187
0.984953 0.788838 0.478282 13553356 0.001775
0.017227 0.245603 0.517999 12763582 0.027002
0.011067 0.689993 0.455000 15658734 0.998868
0.978162 0.785363 0.468705 15922930 0.010899
0.987763 0.737101 0.536194 16777215 0.003124
0.028154 0.255121 0.517568 16777215 0.985436
0.982153 0.703559 0.456579 16645886 0.000142
0.167005 0.216822 0.521103 16777215 0.777150
0.989077 0.773193 0.528662 16777215 0.053472
0.102142 0.206592 0.495913 9210767 0.000013
0.001927 0.626238 0.522444 8816261 0.006280
0.005850 0.521562 0.475828 10395295 0.000084
0.012791 0.246649 0.467523 12301750 0.084647
0.114852 0.206182 0.550043 16777215 0.996877
0.321475 0.233928 0.508174 16777215 0.000028
0.005468 0.462806 0.465821 10790051 0.001630
0.496920 0.227142 0.522509 16777215 0.361650
0.918740 0.219412 0.538814 16777215 0.086688
0.009981 0.536562 0.522647 16777215 0.964425
0.012424 0.393045 0.469679 13882323 0.000304
0.707193 0.784186 0.537407 16777215 0.021526
0.016824 0.570080 0.516128 16777215 0.318354
0.010652 0.532867 0.479532 11184039 0.000012
0.150307 0.201788 0.459851 6908521 0.319703
0.006754 0.762384 0.480996 11646128 0.679517
0.207623 0.778459 0.545924 16777215 0.000001
0.039760 0.384897 0.531026 16777215 0.071384
0.038452 0.384841 0.520957 16777215 0.194060
0.150859 0.789133 0.534433 15857141 0.000307
0.990278 0.310995 0.524686 16777215 0.954991
0.966738 0.701314 0.524936 16777215 0.000067
0.077061 0.770963 0.464565 16777215 0.003541
0.982778 0.228560 0.502955 16777215 0.117868
0.006039 0.207286 0.468361 10658979 0.762166
0.015686 0.295129 0.508736 10263707 0.000520
0.991018 0.338149 0.462121 16777215 0.000035
0.015814 0.218795 0.519866 16777215 0.998524
0.996064 0.206079 0.468875 16777215 0.236881
0.110189 0.227348 0.534446 16777215 0.023516
0.992697 0.206519 0.471783 16777215 0.025651
0.027108 0.650014 0.511667 16777215 0.059577
0.860375 0.778193 0.536597 16777215 0.001211
0.941654 0.780099 0.523008 9408656 0.623262
0.073266 0.798136 0.454463 12829892 0.929605
0.638590 0.787237 0.526424 11908532 0.000088
0.047537 0.550257 0.526562 16777215 0.265040
0.022478 0.645873 0.525218 16777215 0.867755
0.048098 0.780245 0.508447 14805220 0.030893
0.393759 0.236519 0.512166 16777215 0.000003
0.925031 0.209306 0.474188 7566453 0.002597
0.615275 0.205693 0.521657 7040108 0.000001
0.694293 0.208890 0.532946 6250336 0.000041
0.985191 0.622256 0.500907 15790837 0.000006
0.678237 0.582363 0.532223 16777215 0.000489
0.044782 0.290407 0.522171 16777215 0.000008
0.085670 0.783363 0.535579 16777215 0.008232
0.981463 0.783046 0.515253 13421258 0.012191
0.978715 0.241042 0.475908 16579327 0.004753
0.319099 0.794021 0.516276 12895683 0.000001
0.040631 0.661823 0.534010 16777215 0.196765
0.700609 0.235549 0.454809 16777215 0.000367
0.007881 0.204423 0.460200 3488828 0.996546
0.920631 0.641646 0.543142 16777215 0.000001
0.985120 0.764889 0.518873 15132131 0.979238
0.797181 0.777206 0.527102 16777215 0.092145
0.973642 0.224990 0.533984 16777215 0.991498
0.007048 0.556544 0.516321 12303548 0.000103
0.375720 0.221142 0.520234 16777215 0.677929
0.016913 0.478616 0.500350 10592674 0.000007
0.823153 0.749449 0.532792 16777215 0.000000
0.884058 0.210947 0.456005 16777215 0.327590
0.125795 0.797342 0.539575 12829635 0.002987
0.845794 0.774191 0.468593 16316662 0.002159
0.506069 0.786747 0.493501 11578795 0.000023
0.953834 0.216912 0.473220 16777215 0.025630
0.329021 0.223599 0.479729 15197670 0.007063
0.947790 0.203343 0.450974 16777215 0.987120
0.955299 0.461328 0.460897 16777215 0.000034
0.987581 0.688652 0.510442 16777215 0.081174
0.505146 0.766825 0.465306 16777215 0.005665
0.976931 0.737173 0.457470 16777215 0.001083
0.992042 0.663536 0.503567 16777215 0.000001
0.773690 0.399622 0.494710 16777215 0.648291
0.172614 0.222140 0.465491 16777215 0.026881
0.979402 0.272137 0.526527 16777215 0.857763
0.957878 0.770357 0.519842 16777215 0.325505
0.986448 0.751687 0.531241 16777215 0.000198
0.961427 0.795937 0.548137 16777215 0.999975
0.026297 0.509067 0.520785 16777215 0.167625
0.499386 0.795132 0.525110 12763585 0.000026
0.919289 0.780125 0.480870 12962252 0.917994
0.832652 0.486306 0.515318 16777215 0.000328
0.657510 0.793534 0.537051 10724771 0.986776
0.172254 0.756336 0.524921 16777215 0.000000
0.975125 0.635611 0.523889 16777215 0.008971
0.044013 0.308280 0.526959 16777215 0.840821
0.025234 0.416676 0.501188 16777215 0.424718
0.113030 0.343089 0.531271 16777215 0.000000
0.917917 0.797035 0.455239 13487564 0.999425
0.755407 0.581301 0.452275 16777215 0.001572
0.527749 0.236825 0.530897 16777215 0.022859
0.023784 0.279216 0.514487 16777215 0.108217
0.032992 0.780484 0.530716 16777215 0.107449
0.156868 0.791248 0.474078 12632256 0.001137
0.135291 0.783225 0.454704 16777213 0.030359
0.221982 0.224449 0.516672 10065304 0.000153
0.985912 0.490206 0.528975 16777215 0.001555
0.175641 0.439687 0.527981 16777215 0.000538
0.573224 0.208447 0.539232 8685191 0.073830
0.668361 0.440812 0.525868 16777215 0.004149
0.312009 0.579436 0.479962 16777215 0.000000
0.016984 0.466647 0.520387 16777215 0.000083
0.983574 0.491312 0.456617 16777215 0.000018
0.309919 0.422932 0.458244 16777215 0.000072
0.283840 0.446479 0.479311 16777215 0.004547
0.210229 0.205736 0.459122 16777215 0.999508
0.216265 0.771637 0.537839 16777215 0.000036
0.028837 0.220854 0.521431 14343898 0.245688
0.640568 0.792998 0.464981 11908276 0.007735
0.988818 0.474064 0.515475 16777215 0.000028
0.971474 0.632571 0.539064 16777215 0.002981
0.422338 0.762361 0.522686 16777215 0.000165
0.708078 0.573072 0.455428 16777215 0.000519
0.317787 0.526705 0.548639 16777215 0.531336
0.990682 0.421954 0.501186 16777215 0.000001
0.675268 0.467721 0.448503 16777215 0.000137
0.257915 0.239376 0.497389 16777215 0.000003
0.991642 0.458749 0.518419 16777215 0.000706
0.004042 0.235253 0.453754 16777215 0.999812
0.681454 0.495629 0.458015 16777215 0.011697
0.928349 0.772474 0.538214 16777215 0.043005
0.061655 0.788854 0.543385 16777215 0.003175
0.014179 0.777931 0.530176 16777215 0.979700
0.170186 0.515532 0.513889 16777215 0.000334
0.018349 0.217431 0.513577 13225692 0.065732
0.047346 0.388753 0.533682 16777215 0.000014
0.976535 0.451654 0.474525 16777215 0.000000
0.967841 0.484712 0.474267 16777215 0.000000
0.318511 0.766733 0.461073 16777215 0.000000
0.266743 0.563543 0.538904 16777215 0.961358
0.004743 0.308897 0.517953 13093064 0.991168
0.955762 0.629059 0.532375 16777215 0.000155
0.418886 0.772156 0.528602 16777215 0.000000
0.304136 0.547441 0.549971 16777215 0.937244
0.996409 0.576837 0.458658 16184821 0.996245
0.006515 0.363984 0.513131 10921382 0.000334
0.959442 0.795195 0.453835 15856113 0.902203
0.451332 0.779248 0.537673 16777215 0.000331
0.970527 0.239484 0.529799 14407901 0.823781
0.712420 0.211063 0.452213 16777215 0.470365
0.005185 0.333297 0.453933 14605789 0.999911
0.983815 0.553914 0.528776 16777215 0.018646
0.259369 0.794293 0.539314 12895171 0.021712
0.214622 0.433055 0.463226 16777215 0.839525
0.239961 0.419268 0.541107 16777215 0.011400
0.319839 0.480682 0.523480 16777215 0.979125
0.046449 0.751971 0.529695 16777215 0.011571
0.353124 0.741759 0.539653 16777215 0.000003
0.789284 0.422781 0.526650 16777215 0.208432
0.976065 0.366937 0.471788 16777215 0.369769
0.051983 0.212748 0.530988 16777215 0.891676
0.013472 0.568911 0.469760 16777215 0.822319
0.095816 0.769707 0.531766 16777215 0.000006
0.202079 0.555782 0.461930 16777215 0.000003
0.172315 0.450086 0.461902 16777215 0.000000
0.278005 0.436395 0.538450 16777215 0.951626
0.323246 0.493528 0.467855 16777215 0.000239
0.184817 0.776835 0.463531 16777215 0.151416
0.788267 0.557724 0.463973 16777215 0.889328
0.808200 0.466239 0.482169 16777215 0.113040
0.214092 0.571616 0.547847 16777215 0.000613
0.994653 0.382053 0.454355 16711167 0.990548
0.350570 0.215014 0.525654 16777215 0.989974
0.988392 0.638253 0.472636 16777215 0.029451
0.681641 0.424567 0.456410 16777215 0.000000
0.832218 0.795755 0.450406 16777215 0.964747
0.232072 0.581632 0.509899 16777215 0.059500
0.719531 0.413289 0.538899 16777215 0.002393
0.136977 0.546842 0.473733 16777215 0.000000
0.937858 0.205003 0.452936 16711164 0.998416
0.743879 0.566835 0.455779 16777215 0.592338
0.803689 0.429289 0.544023 16777215 0.000000
0.025380 0.610884 0.513896 16777215 0.009021
0.977035 0.581368 0.526484 16777215 0.169532
0.737786 0.777660 0.486409 11973814 0.898102
0.362429 0.790039 0.471007 11777464 0.139003
0.593280 0.773297 0.464401 16777215 0.000000
0.028668 0.625025 0.505934 16777215 0.170460
0.884974 0.204966 0.453042 16777215 0.934934
0.689611 0.781476 0.530035 16777215 0.074018
0.304969 0.554770 0.454930 16777215 0.001194
0.935015 0.655654 0.540136 16777215 0.005586
0.303585 0.792059 0.462905 12303548 0.856718
0.006936 0.585171 0.510176 10725029 0.000051
0.586922 0.795104 0.452262 16777215 0.965683
0.334413 0.785690 0.479256 12764870 0.992896
0.970809 0.260847 0.527265 16777215 0.361025
0.076129 0.787511 0.454774 16185077 0.992096
0.988586 0.589537 0.474189 16777215 0.020711
0.972955 0.382760 0.479183 16777215 0.160862
0.368091 0.219855 0.543401 16777215 0.999965
0.008678 0.632401 0.522441 12697792 0.000875
0.037171 0.684325 0.536661 16777215 0.651048
0.038583 0.514086 0.520429 16777215 0.000378
0.975243 0.420037 0.510857 16777215 0.000001
0.993611 0.580466 0.516402 16777215 0.000694
0.422158 0.768793 0.513732 12499901 0.000263
0.022674 0.395713 0.505843 10066844 0.000045
0.986572 0.367509 0.537953 16777215 0.101257
0.881345 0.787947 0.541049 16777215 0.915455
0.365328 0.219923 0.452757 16777215 0.000069
0.434414 0.252059 0.457945 16777215 0.000013
0.200245 0.790330 0.511836 12500672 0.000004
0.343310 0.770288 0.538310 16777215 0.015180
0.800183 0.553924 0.549875 16777215 0.000002
0.606545 0.204802 0.451535 16777215 0.996410
0.986443 0.486610 0.465786 16777215 0.000014
0.037175 0.543769 0.546128 16777215 0.854607
0.493515 0.699127 0.541239 16777215 0.000000
0.276741 0.792034 0.527003 12106170 0.979708
0.753030 0.606631 0.546665 16777215 0.000000
0.966125 0.458321 0.517241 16777215 0.317132
0.015528 0.633846 0.470085 13157572 0.391891
0.544880 0.213237 0.466804 16777215 0.903562
0.980800 0.506827 0.455028 16513789 0.000062
0.046632 0.649952 0.532821 16777215 0.457191
0.205261 0.793716 0.547391 16777215 0.997236
0.966015 0.539612 0.528845 16777215 0.106540
0.712433 0.789501 0.540530 16777215 0.999897
0.958921 0.296269 0.532702 16777215 0.103591
0.975413 0.225316 0.542563 16777215 0.070717
0.941873 0.343515 0.546257 16777215 0.000017
0.963758 0.206244 0.451050 16777215 0.972800
0.969134 0.732852 0.490082 16777215 0.000300
0.976654 0.323661 0.485527 16777215 0.000085
0.713067 0.438299 0.490028 11777716 0.791343
0.956054 0.269631 0.535438 16777215 0.074881
0.907664 0.787309 0.472564 9541013 0.573330
0.968155 0.723379 0.465256 16316662 0.000080
0.052685 0.212770 0.492255 10724256 0.000812
0.911487 0.769825 0.535145 16777215 0.980792
0.796948 0.236516 0.536458 16777215 0.000044
0.062406 0.215276 0.470290 16777215 0.880876
0.009688 0.226646 0.487821 10789537 0.055317
0.973493 0.795770 0.473709 10001304 0.982439
0.995284 0.450417 0.453027 15921906 0.998778
0.918184 0.770769 0.534700 16777215 0.981891
0.943266 0.460819 0.540543 16777215 0.000044
0.070916 0.233441 0.522783 11909833 0.000471
0.016469 0.631529 0.529987 13684172 0.002332
0.007604 0.510280 0.476319 10197400 0.000148
0.041643 0.601596 0.536150 16777215 0.001198
0.353427 0.249853 0.526470 16777215 0.000004
0.007753 0.467077 0.478595 10263966 0.003370
0.690578 0.224519 0.548124 16777215 0.360326
0.911348 0.227924 0.543929 16777215 0.057169
0.019759 0.497498 0.506356 16777215 0.584564
0.017965 0.406669 0.488954 11710903 0.000595
0.039598 0.354577 0.528176 16777215 0.182099
0.958660 0.699766 0.536147 16777215 0.000064
0.986702 0.209430 0.524003 12303041 0.036539
0.018048 0.287120 0.510100 10528163 0.002183
0.982151 0.318720 0.468083 16185843 0.000205
0.622610 0.786713 0.495789 11710385 0.001159
0.048685 0.205525 0.458402 8684676 0.981872
0.943823 0.788589 0.526462 6712942 0.834114
0.616421 0.778032 0.526936 9013641 0.003770
0.007293 0.640088 0.523167 16777215 0.944620
0.474510 0.794168 0.495222 11842741 0.000049
0.348969 0.209748 0.543655 16777215 0.985753
0.628002 0.219445 0.452247 16777215 0.217687
0.552361 0.219556 0.529233 8684678 0.090822
0.033974 0.388207 0.455698 16777215 0.000006
0.008380 0.429648 0.511756 12369086 0.000472
0.933572 0.254149 0.540413 16777215 0.000113
0.994400 0.210507 0.463437 16711423 0.991507
0.010357 0.656389 0.527981 16777215 0.091946
0.141853 0.219389 0.501301 12371396 0.000032
0.951646 0.226012 0.531478 16777215 0.952496
0.899672 0.221585 0.532373 5197904 0.942393
0.982145 0.514333 0.513862 16777215 0.000044
0.033371 0.670606 0.459626 16777215 0.000003
0.822926 0.781110 0.530340 16777215 0.000001
0.975013 0.487062 0.471876 16710903 0.000375
0.980948 0.705493 0.520709 16777215 0.132694
0.027660 0.348267 0.525023 16777215 0.231038
0.015435 0.628217 0.460120 14540513 0.991807
0.981834 0.744545 0.482004 16777215 0.000999
0.904822 0.757296 0.525555 16777215 0.719324
0.971173 0.772532 0.530957 16777215 0.000384
0.025590 0.256181 0.520093 16777215 0.384433
0.735795 0.232013 0.526722 4738124 0.114373
0.957953 0.670724 0.535505 16777215 0.144297
0.782061 0.217400 0.544307 16777215 0.000047
0.614048 0.741355 0.530341 16777215 0.000000
0.754855 0.781402 0.530525 11249832 0.911926
0.990851 0.420088 0.520832 16777214 0.000002
0.367370 0.223751 0.451867 16777215 0.000096
0.986004 0.627670 0.520090 16776191 0.014623
0.075852 0.224616 0.537874 16777215 0.020488
0.050282 0.207561 0.462789 11908787 0.688820
0.674410 0.795153 0.453795 16777215 0.933716
0.946204 0.499365 0.516520 16777215 0.000579
0.015792 0.320319 0.541173 16777215 0.042887
0.038276 0.229038 0.531582 16777215 0.042976
0.010510 0.692118 0.469038 16514298 0.703617
0.976466 0.481430 0.526977 16777215 0.049030
0.981650 0.592679 0.504296 14411235 0.009567
0.969539 0.201272 0.465114 6512993 0.857510
0.045303 0.415361 0.531591 16777215 0.000168
0.026390 0.300304 0.500279 11711666 0.001628
0.315204 0.767767 0.538504 16777215 0.000004
0.976602 0.328796 0.523399 16777215 0.033259
0.426060 0.784178 0.526060 15659506 0.000391
0.970660 0.473219 0.531593 16777215 0.014403
0.956170 0.418286 0.531535 16777215 0.000005
0.748433 0.242632 0.531587 5986907 0.422077
0.678490 0.484100 0.460946 16777215 0.138444
0.761029 0.780828 0.534785 16777215 0.000007
0.954534 0.744646 0.551903 16777215 0.030010
0.040776 0.773372 0.527931 16777215 0.063524
0.308960 0.773064 0.525276 16777215 0.000007
0.044063 0.345630 0.534876 16777215 0.000013
0.497681 0.744265 0.529682 16777215 0.000000
0.326027 0.216994 0.471923 6777191 0.965293
0.336291 0.781399 0.466181 16777215 0.357529
0.003951 0.278236 0.461502 12237242 0.994380
0.484917 0.246644 0.497903 10527136 0.000155
0.973183 0.747217 0.466588 16119546 0.000033
0.205266 0.430585 0.525272 16777215 0.247929
0.973632 0.530933 0.532873 16777215 0.401555
0.961853 0.688739 0.475146 16777215 0.000005
0.006290 0.416121 0.457999 14868704 0.972191
0.132002 0.230418 0.460606 16777215 0.000022
0.976777 0.600909 0.534586 16777215 0.003718
0.926991 0.508032 0.532916 16777215 0.022452
0.963211 0.674475 0.526615 16777215 0.046412
0.884693 0.795728 0.453141 16119542 0.982315
0.762945 0.418380 0.533164 16777215 0.208601
0.019074 0.636463 0.465148 15198183 0.876215
0.965206 0.204054 0.455726 16316409 0.997657
0.053343 0.651531 0.531350 16777215 0.008510
0.170049 0.782831 0.540309 16777215 0.000012
0.011200 0.287927 0.462493 13553614 0.028605
0.054108 0.433035 0.526668 16777215 0.012332
0.974225 0.497479 0.534584 16777215 0.073622
0.552226 0.789816 0.536369 14736095 0.839877
0.170179 0.212360 0.481041 11184297 0.984943
0.968476 0.627272 0.529179 16777215 0.007050
0.557066 0.800473 0.456672 10197915 0.922250
0.006433 0.585977 0.476625 12698563 0.996111
0.968296 0.398005 0.535720 16777215 0.158047
0.147340 0.789850 0.514803 13487308 0.000073
0.019128 0.634243 0.473782 11513006 0.923394
0.091090 0.797207 0.536730 11908021 0.000131
0.958843 0.391016 0.533162 16777215 0.104627
0.220962 0.221601 0.541660 16777215 0.924358
0.975178 0.282737 0.489674 16777215 0.000019
0.895092 0.353317 0.531658 16777215 0.000002
0.044173 0.317716 0.524950 16777215 0.369018
0.019633 0.485120 0.461839 16252405 0.000000
0.968183 0.613997 0.514067 16777215 0.000238
0.946710 0.423157 0.520062 16777215 0.000001
0.005146 0.497036 0.494726 10131860 0.000059
0.429037 0.778446 0.454294 16777215 0.000000
0.726934 0.774140 0.485706 16777213 0.000002
0.574569 0.758092 0.457862 16777215 0.000044
0.876882 0.775517 0.542750 16777215 0.943976
0.255709 0.216893 0.469323 16777215 0.000238
0.399814 0.202140 0.540028 5921370 0.000002
0.965929 0.596094 0.535981 16777215 0.025163
0.398667 0.219176 0.456882 16777215 0.000167
0.987527 0.454561 0.524686 16777215 0.000054
0.334205 0.753116 0.463398 16777215 0.000000
0.197035 0.541892 0.456297 16777215 0.000033
0.719408 0.405685 0.457542 16777215 0.000000
0.013148 0.642851 0.526997 16777215 0.023654
0.031228 0.566128 0.547985 16777215 0.530298
0.092384 0.600164 0.498779 16777215 0.000001
0.619247 0.475227 0.521469 16777215 0.000011
0.941883 0.457805 0.531072 16777215 0.000315
0.903012 0.428726 0.529361 16777215 0.000004
0.574286 0.581881 0.509079 16777215 0.000000
0.416989 0.787833 0.531248 11184039 0.997407
0.963541 0.353492 0.532728 16777215 0.076649
0.009642 0.713128 0.469627 14014164 0.957442
0.989673 0.432452 0.518615 16251381 0.000006
0.945059 0.309311 0.539608 16777215 0.000001
0.020563 0.628819 0.455048 16777215 0.000000
0.797402 0.776652 0.473180 16774895 0.003022
0.974946 0.620478 0.514465 16777215 0.000253
0.012592 0.459967 0.516696 11447470 0.068567
0.872944 0.530812 0.484063 16777215 0.000000
0.192000 0.758731 0.462297 16777215 0.000000
0.659489 0.224884 0.537335 16777215 0.991020
0.640976 0.769182 0.460254 16777215 0.000000
0.742809 0.769192 0.540160 16777215 0.013025
0.259706 0.208652 0.461535 16777215 0.000062
0.179297 0.756599 0.530215 16777215 0.000000
0.397442 0.218604 0.505322 7763832 0.000000
0.323794 0.789228 0.456990 16777215 0.032965
0.328822 0.208911 0.452069 16777215 0.077467
0.984892 0.429702 0.520229 16777215 0.000034
0.452091 0.793158 0.456518 14671582 0.995272
0.636037 0.772266 0.541935 16777215 0.527835
0.386307 0.759708 0.472760 14541026 0.000000
0.187463 0.553142 0.451343 16777215 0.000006
0.211527 0.212155 0.476773 13750481 0.985708
0.687179 0.446357 0.456940 16777215 0.000000
0.969275 0.558727 0.537337 16777215 0.421351
0.076372 0.508880 0.525249 16777215 0.000007
0.635938 0.440645 0.517057 16777215 0.000015
0.985534 0.440793 0.453555 15987440 0.838926
0.935946 0.456427 0.502201 16777215 0.000071
0.935488 0.534666 0.518384 16777215 0.000091
0.256782 0.225959 0.492837 16777215 0.000226
0.457728 0.611409 0.535117 16777215 0.000000
0.374416 0.787351 0.534518 9408657 0.997930
0.990922 0.787269 0.506640 14605532 0.008192
0.001990 0.632234 0.454515 9605263 0.998620
0.056570 0.298071 0.537304 16777215 0.001759
0.938421 0.306938 0.527021 16777215 0.170158
0.971774 0.245484 0.537103 16777215 0.227940
0.940810 0.799180 0.462940 8355453 0.833446
0.910514 0.322734 0.527533 16777215 0.000133
0.015276 0.776752 0.530183 16777215 0.027602
0.721878 0.570402 0.484372 13158344 0.585779
0.992725 0.704326 0.506870 16777215 0.000042
0.981966 0.212893 0.474588 15000546 0.043924
0.727308 0.436546 0.477846 12171449 0.672327
0.969502 0.687121 0.479673 16711162 0.000072
0.987946 0.216841 0.459781 15132135 0.997162
0.025071 0.268368 0.465330 16777215 0.010702
0.789784 0.245995 0.512557 16777215 0.000196
0.119293 0.785051 0.513843 13947600 0.000261
0.945928 0.776189 0.528473 16777215 0.966723
0.990320 0.204921 0.475397 6381660 0.980261
0.983672 0.781543 0.470560 15329776 0.002594
0.044515 0.211707 0.514708 10133155 0.000198
0.114536 0.205948 0.530664 9341066 0.000610
0.382843 0.781002 0.532641 16777215 0.000015
0.855128 0.233013 0.463903 15724525 0.003530
0.036589 0.661080 0.524791 16777215 0.000882
0.356946 0.224815 0.544231 16777215 0.000006
0.006637 0.504160 0.462140 10460831 0.004116
0.727743 0.787366 0.513769 12565686 0.000353
0.735051 0.777562 0.524739 16777215 0.009152
0.363234 0.216228 0.471681 16777215 0.921951
0.030398 0.367057 0.528188 16777215 0.276602
0.983775 0.227617 0.534949 16777215 0.009541
0.978348 0.249120 0.516523 16777215 0.579436
0.952904 0.661805 0.531809 16777215 0.000193
0.995729 0.256698 0.453185 16185078 0.998649
0.010791 0.265213 0.510056 11512488 0.001438
0.987314 0.323561 0.470133 16777215 0.000047
0.167567 0.222285 0.522699 16777215 0.075617
0.897134 0.780542 0.538350 16777215 0.010133
0.968129 0.781674 0.527227 10921127 0.981768
0.636756 0.794071 0.536478 10395552 0.003662
0.045143 0.511714 0.531742 16777215 0.697777
0.032376 0.705422 0.546211 16777215 0.829725
0.037134 0.787872 0.517452 11974328 0.174138
0.482862 0.795936 0.534432 12434876 0.000147
0.743007 0.790470 0.517739 11051943 0.000047
0.604108 0.793770 0.523568 11579568 0.000048
0.616802 0.222156 0.458817 16777215 0.275317
0.025131 0.453327 0.455797 16777215 0.000063
0.781378 0.213260 0.510788 8288634 0.000137
0.020295 0.283433 0.490589 12039093 0.000109
0.012328 0.415264 0.511144 10328988 0.002385
0.038847 0.289296 0.538576 16777215 0.000009
0.928324 0.308534 0.525756 16777215 0.002201
0.283531 0.788664 0.526364 11908531 0.000076
0.902326 0.770790 0.476498 15592429 0.049516
0.993936 0.518391 0.513527 16777215 0.000002
0.790063 0.781995 0.541784 16777215 0.000001
0.802729 0.793868 0.466822 10922152 0.001609
0.015664 0.591537 0.475854 11446698 0.000200
0.977201 0.512033 0.471607 15396073 0.000451
0.577764 0.781634 0.493763 12697277 0.381030
0.679883 0.208221 0.476008 7566195 0.000003
0.025703 0.381419 0.510283 16777215 0.026996
0.974104 0.730506 0.486106 16113897 0.003373
0.995094 0.612866 0.518510 16645627 0.000003
0.934017 0.770472 0.522363 16777215 0.425280
0.700264 0.233692 0.536696 16777215 0.000175
0.841110 0.779510 0.474021 10395556 0.904815
0.358657 0.782266 0.496664 12633032 0.000179
0.020427 0.480992 0.502981 11379881 0.000017
0.152437 0.460813 0.535654 16777215 0.000071
0.386262 0.235266 0.488304 16777215 0.000513
0.987871 0.632367 0.508350 16777215 0.015777
0.010404 0.344002 0.527296 16777215 0.318772
0.031706 0.215500 0.484520 15133162 0.419000
0.952879 0.795884 0.464430 11513259 0.983249
0.763921 0.571617 0.473654 16777215 0.014104
0.021195 0.275946 0.514861 16777215 0.173655
0.557066 0.204728 0.474362 8289147 0.001929
0.174115 0.559589 0.513361 16777215 0.002107
0.142781 0.217408 0.532930 9671059 0.001185
0.307196 0.541740 0.461015 16777215 0.005285
0.982203 0.450282 0.514929 16777215 0.036137
0.179299 0.452716 0.498911 16777215 0.769108
0.019560 0.474236 0.468858 16119540 0.039744
0.680180 0.469998 0.515086 16777215 0.040272
0.268115 0.576724 0.451747 16777215 0.000018
0.695589 0.539921 0.482321 16777215 0.902139
0.134674 0.216085 0.500283 9144198 0.000067
0.980891 0.318172 0.512244 16777215 0.033623
0.542848 0.215693 0.520246 10856617 0.000011
0.978947 0.651887 0.525171 16777215 0.042101
0.461398 0.769797 0.519890 13685713 0.004308
0.707502 0.578955 0.453442 16777215 0.005808
0.270793 0.206015 0.523965 8421248 0.000000
0.985699 0.577339 0.520531 16777215 0.252490
0.365826 0.226508 0.528773 16777215 0.000001
0.679209 0.514519 0.465551 16777215 0.517541
0.793922 0.783061 0.532009 16777215 0.000006
0.946765 0.583732 0.544977 16777215 0.380198
0.951297 0.791018 0.543670 16777215 0.019092
0.056188 0.641499 0.538233 16777215 0.000059
0.955514 0.727578 0.534782 16777215 0.000023
0.151939 0.517971 0.511809 16777215 0.001199
0.385129 0.771146 0.470763 16777215 0.000031
0.044845 0.382668 0.540801 16777215 0.000016
0.991882 0.476842 0.471420 16775422 0.000000
0.375953 0.206007 0.540404 15592941 0.999921
0.511004 0.773484 0.467616 16777215 0.000003
0.023407 0.479862 0.513749 16777215 0.635653
0.429223 0.776513 0.542045 16777215 0.000000
0.033065 0.374988 0.459353 16777215 0.000006
0.957368 0.588216 0.529878 16777215 0.000978
0.495490 0.207223 0.516781 8027262 0.000018
0.980365 0.741495 0.476518 16053751 0.000023
0.936243 0.210169 0.536051 7040107 0.062142
0.117090 0.783992 0.475844 14736861 0.976085
0.309597 0.788703 0.528425 11513774 0.002863
0.957936 0.420961 0.531026 16777215 0.005879
0.979318 0.543351 0.530534 16777215 0.749711
0.797820 0.428430 0.547856 16777215 0.003506
0.680973 0.235946 0.522050 16777215 0.000234
0.216510 0.434273 0.464297 16382200 0.000215
0.456586 0.798038 0.452924 11842738 0.989394
0.660833 0.784615 0.476276 7830141 0.265763
0.318764 0.488400 0.473095 16777214 0.007039
0.498823 0.779794 0.546136 16777215 0.002251
0.793484 0.565279 0.455921 16777215 0.022059
0.969436 0.446807 0.526136 16777215 0.017075
0.202173 0.581149 0.531401 16777215 0.007678
0.814064 0.437966 0.473960 16777215 0.002471
0.203989 0.213899 0.547862 16777215 0.999946
0.720315 0.416364 0.549077 16777215 0.109216
0.887342 0.783010 0.461934 11053994 0.904677
0.964456 0.203149 0.453507 12764100 0.994741
0.195722 0.448400 0.539266 16777215 0.079280
0.232822 0.566432 0.451766 16777215 0.032412
0.005810 0.527134 0.533197 16777215 0.448803
0.562672 0.788197 0.473829 10328986 0.898449
0.191841 0.426054 0.516011 16777215 0.000403
0.807041 0.779557 0.544098 16777215 0.000001
0.008207 0.576719 0.524857 16777215 0.046760
0.019533 0.471055 0.526291 16777215 0.110598
0.313746 0.784055 0.455592 16777215 0.411653
0.569974 0.786347 0.469564 16447739 0.958082
0.361350 0.787119 0.460000 11577769 0.292838
0.735270 0.217781 0.477374 6382176 0.873079
0.284250 0.560108 0.453386 16777215 0.004429
0.938916 0.599255 0.518386 16777215 0.000112
0.980577 0.595112 0.527235 16777215 0.098817
0.045420 0.460294 0.532423 16777215 0.000005
0.339251 0.777549 0.545848 16777215 0.001558
0.443407 0.219550 0.545404 16777215 0.999970
0.973655 0.313482 0.507431 16777215 0.024562
0.798318 0.441023 0.544862 16777215 0.000468
0.636653 0.792045 0.531168 10330014 0.005310
0.358854 0.211664 0.485296 14209751 0.282586
0.995424 0.573670 0.453428 16184563 0.937548
0.983029 0.592324 0.525544 16777215 0.034902
0.540657 0.798462 0.456041 12303546 0.998967
0.919025 0.501702 0.543387 16777215 0.000061
0.001896 0.243612 0.458061 8883339 0.994939
0.261963 0.214065 0.472613 7697782 0.555110
0.657490 0.774139 0.507235 13291992 0.001206
0.505435 0.767488 0.468818 16777215 0.000048
0.737146 0.779797 0.518737 16777215 0.000005
0.037659 0.587459 0.533830 16777215 0.540366
0.029448 0.451235 0.531276 16777215 0.006986
0.221338 0.415532 0.460336 16777215 0.000196
0.679347 0.786372 0.543593 16777215 0.000042
0.975405 0.415148 0.540717 16777215 0.039987
0.657418 0.493502 0.502027 16777215 0.000824
0.167520 0.557510 0.452954 16777215 0.000000
0.221067 0.783907 0.523399 11382190 0.847844
0.986344 0.645302 0.483503 16777215 0.344998
0.801394 0.453386 0.549475 16777215 0.192364
0.830723 0.784393 0.468479 16054001 0.962845
0.822174 0.436147 0.470558 16777215 0.008198
0.971977 0.459807 0.534100 16777215 0.518281
0.626680 0.202463 0.458553 5395027 0.999907
0.940089 0.495410 0.536362 16777215 0.000451
0.626504 0.775552 0.521277 14868965 0.000460
0.514541 0.777395 0.465883 16317439 0.000355
0.008079 0.632290 0.463051 12764100 0.998525
0.044322 0.474556 0.535680 16777215 0.332895
0.663590 0.754666 0.547879 16777215 0.000001
0.052679 0.356921 0.515191 16777215 0.005186
0.291802 0.431951 0.458257 16777215 0.003341
0.616383 0.780358 0.546136 16777215 0.000113
0.671570 0.527011 0.523814 16777215 0.001892
0.180476 0.521728 0.472323 16777215 0.000129
0.831779 0.427951 0.536085 16777215 0.000001
0.451784 0.783315 0.457188 16777215 0.996550
0.710098 0.222167 0.470501 6382692 0.989838
0.280799 0.784411 0.462057 15593196 0.954831
0.817729 0.428620 0.460199 16777215 0.000474
0.967620 0.400642 0.523398 16119030 0.119640
0.816271 0.210543 0.529879 7631729 0.000052
0.037854 0.297552 0.509025 16777215 0.003070
0.978122 0.238939 0.524377 16777215 0.942041
0.959110 0.270456 0.538342 16777215 0.145437
0.929273 0.361479 0.522983 16777215 0.000148
0.856276 0.789836 0.518717 10591897 0.943244
0.934957 0.210746 0.468666 7763314 0.061683
0.977528 0.747999 0.509187 16776958 0.000121
0.039212 0.787598 0.533102 16777215 0.782831
0.994465 0.208677 0.454059 15527662 0.998979
0.013695 0.674641 0.479631 10394783 0.000302
0.086991 0.210213 0.525905 8225920 0.009080
0.406659 0.785218 0.512135 11776435 0.000246
0.001587 0.709701 0.454964 7895160 0.998528
0.938462 0.780629 0.527425 16777215 0.991210
0.848331 0.793336 0.531269 9474705 0.000066
0.975538 0.781588 0.470525 16054257 0.003515
0.012613 0.760023 0.515872 16777215 0.337333
0.074004 0.228379 0.516801 11053478 0.001087
0.012750 0.650455 0.501389 11251889 0.002183
0.325540 0.756107 0.531103 16777215 0.000008
0.036180 0.593281 0.542306 16777215 0.001719
0.345121 0.233205 0.542198 16777215 0.000004
0.019586 0.426260 0.480228 10267043 0.003188
0.011975 0.418936 0.506403 9673884 0.000334
0.691612 0.790396 0.508051 9605773 0.000143
0.751377 0.761053 0.513814 16777215 0.016873
0.012813 0.367906 0.478037 10395036 0.004080
0.009786 0.674658 0.456692 16777215 0.180071
0.149447 0.762477 0.548829 16777215 0.000002
0.040179 0.422598 0.526646 16777215 0.303030
0.014062 0.777035 0.511063 14476510 0.918167
0.071936 0.783682 0.510643 11910074 0.000948
0.922944 0.700436 0.515945 16777215 0.000074
0.048911 0.789004 0.455746 15856113 0.011684
0.023111 0.309728 0.506652 10855073 0.000814
0.978053 0.299859 0.474459 16777215 0.000060
0.970620 0.270275 0.541300 16777215 0.976595
0.026532 0.208651 0.543709 16777215 0.014006
0.874438 0.780906 0.471759 16448255 0.451456
0.975048 0.776002 0.525715 9077125 0.946529
0.615690 0.794171 0.536547 11776948 0.001855
0.045634 0.488116 0.527857 16777215 0.726900
0.014109 0.569889 0.512162 16777215 0.397932
0.012449 0.293217 0.475996 11119276 0.000164
0.008125 0.679038 0.503019 10592675 0.000704
0.389071 0.245909 0.529573 16777215 0.000001
0.432947 0.795442 0.525284 12040119 0.000027
0.639551 0.229581 0.509180 7369073 0.000049
0.299440 0.220689 0.503467 9277069 0.000005
0.506090 0.205426 0.534546 8223612 0.000004
0.035292 0.343196 0.458896 16777215 0.000016
0.051126 0.678478 0.516764 16777215 0.000087
0.013515 0.385534 0.505509 10328987 0.000572
0.976727 0.772282 0.526230 12041148 0.569998
0.985679 0.214750 0.468026 16448511 0.997032
0.268458 0.790334 0.508145 13092553 0.000024
0.021951 0.677717 0.526207 16777215 0.081073
0.868417 0.778632 0.483999 16777215 0.065125
0.950247 0.668162 0.512765 16777215 0.002404
0.155858 0.210745 0.527220 7696245 0.000021
0.043403 0.791476 0.526212 12105400 0.104939
0.832209 0.779380 0.539759 16777215 0.000019
0.588968 0.741743 0.543590 16777215 0.000000
0.283542 0.201590 0.458182 6908008 0.452730
0.397770 0.779798 0.466077 10066581 0.010470
0.970999 0.496483 0.469979 15726318 0.000608
0.525655 0.788727 0.473993 10263967 0.043503
0.668207 0.206818 0.471373 7697524 0.000012
0.979803 0.687180 0.511495 15856639 0.000009
0.379051 0.788543 0.524269 11710130 0.006617
0.024265 0.499612 0.477539 16777215 0.000002
0.773786 0.794765 0.533971 10461344 0.994647
0.204012 0.776475 0.468059 15986930 0.001069
0.340357 0.228377 0.483204 16777215 0.001988
0.981138 0.597908 0.513887 16777215 0.022066
0.263654 0.213408 0.508661 9342093 0.000005
0.983801 0.531818 0.503685 16776959 0.000016
0.777797 0.586181 0.444042 16777215 0.017255
0.938241 0.201989 0.453109 6052442 0.999977
0.106195 0.767977 0.468607 16777215 0.000013
0.326071 0.224934 0.460477 16777215 0.033805
0.018070 0.706155 0.472025 14802659 0.771239
0.190828 0.782583 0.470006 10327184 0.050076
0.307134 0.535653 0.484676 16777215 0.007335
0.165002 0.446408 0.538326 16777215 0.009567
0.309715 0.599222 0.486680 16777215 0.000000
0.016186 0.292720 0.496563 10396065 0.001799
0.983562 0.214286 0.496760 5789010 0.958154
0.023991 0.201444 0.545099 8553091 0.995325
0.971510 0.407965 0.506575 16777215 0.017662
0.493757 0.212825 0.502585 9013386 0.000004
0.717928 0.787140 0.527974 10790309 0.000003
0.776687 0.756267 0.538952 16777215 0.000000
0.227123 0.229242 0.532258 16777215 0.000001
0.723754 0.771658 0.540337 16777215 0.000013
0.949228 0.432058 0.533100 16777215 0.000012
0.344154 0.778565 0.534461 16777215 0.001309
0.924125 0.445680 0.542022 16777215 0.000038
0.583181 0.784958 0.532218 10790565 0.021934
0.959869 0.720555 0.538826 16777215 0.000029
0.348365 0.209257 0.536996 258 0.789889
0.004014 0.210543 0.517857 10132122 0.994034
0.005693 0.462931 0.520509 13487821 0.992801
0.017796 0.434411 0.512469 16777215 0.137018
0.430580 0.203800 0.462223 8224125 0.452258
0.956908 0.665139 0.536623 16777215 0.001680
0.705667 0.769344 0.537785 16777215 0.000405
0.534836 0.210949 0.525638 7960440 0.000000
0.659499 0.580680 0.508027 16777215 0.000262
0.861762 0.209010 0.480232 6974570 0.000156
0.366999 0.201490 0.531973 8618883 0.000006
0.982226 0.750055 0.466730 16777215 0.000020
0.020268 0.548636 0.516372 16777215 0.157531
0.201561 0.448060 0.496455 16777215 0.713274
0.278642 0.789836 0.511163 11776947 0.000311
0.281898 0.778056 0.471925 16119290 0.707150
0.061986 0.214721 0.546906 16777215 0.977931
0.649758 0.207556 0.472256 7171954 0.000336
0.043753 0.443055 0.530954 16777215 0.000000
0.824712 0.527215 0.457787 16777215 0.001643
0.320716 0.503716 0.476766 16251639 0.000182
0.588742 0.791457 0.548532 16777215 0.889059
0.951671 0.602279 0.520213 16777215 0.010601
0.951815 0.470569 0.537136 16777215 0.058587
0.867555 0.779736 0.471100 15920626 0.187400
0.014163 0.605814 0.461779 16777215 0.000193
0.661222 0.784532 0.526931 16777215 0.971569
0.805874 0.455482 0.458766 16777215 0.026379
0.828777 0.566675 0.459044 16777215 0.005436
0.019138 0.474609 0.479409 12237755 0.979223
0.254706 0.781591 0.455649 16777215 0.000000
0.538438 0.220956 0.490527 16777215 0.002319
0.045085 0.756570 0.536960 16777215 0.017842
0.042378 0.789642 0.461874 13487564 0.012817
0.712843 0.776125 0.542677 16777215 0.000047
0.330529 0.225020 0.537042 16777215 0.999772
0.952614 0.247739 0.535881 16777215 0.014911
0.806453 0.760591 0.543966 16777215 0.002080
0.961807 0.457001 0.506988 16777215 0.000011
0.961364 0.201638 0.453954 8486527 0.999973
0.022050 0.312675 0.510440 16777215 0.658481
0.954813 0.491693 0.533067 16777215 0.001405
0.005502 0.455308 0.492515 12041403 0.996032
0.024885 0.744947 0.525361 16777215 0.055908
0.795739 0.785540 0.471819 16776701 0.622005
0.043371 0.675995 0.531096 16777215 0.000446
0.042151 0.434183 0.533249 16777215 0.000008
0.364702 0.224613 0.529868 9079434 0.040638
0.739631 0.779126 0.546760 16777215 0.656459
0.013727 0.571863 0.459028 10790820 0.269590
0.975808 0.634365 0.525678 16777215 0.123673
0.539173 0.223746 0.477238 12695998 0.999660
0.966777 0.648275 0.526936 16777215 0.000611
0.024737 0.574317 0.527951 16777215 0.701250
0.651151 0.756471 0.541855 16777215 0.000002
0.449532 0.784346 0.528887 16777215 0.946687
0.007258 0.472461 0.471630 10066330 0.001123
0.895516 0.603869 0.474919 16777215 0.000000
0.807118 0.205270 0.461871 8026747 0.963027
0.176429 0.530377 0.543657 16777215 0.000046
0.301054 0.771357 0.541269 16777215 0.000044
0.490408 0.780622 0.460649 16777215 0.000276
0.287931 0.785811 0.453737 15988471 0.835775
0.895129 0.202636 0.453813 6382176 0.999875
0.811741 0.461497 0.451998 16777215 0.004193
0.282914 0.774856 0.462591 16777215 0.000000
0.959599 0.591038 0.529791 16777215 0.000615
0.688663 0.609127 0.515206 16777215 0.000005
0.022141 0.448105 0.546691 16777215 0.722878
0.198264 0.782046 0.540867 16777215 0.997626
0.681120 0.217814 0.543616 16777215 0.862232
0.990010 0.479135 0.511697 16777215 0.000012
0.928993 0.644829 0.471100 16382457 0.000000
0.816935 0.766925 0.452186 16777215 0.000032
0.634122 0.208861 0.450064 8553605 0.995817
0.196561 0.599153 0.512331 16777215 0.000104
0.271946 0.789419 0.537138 16777215 0.000113
0.289876 0.219260 0.545749 16777215 0.999779
0.021104 0.501078 0.508836 11513259 0.071036
0.298255 0.764811 0.464109 16777215 0.000000
0.007706 0.489888 0.462938 16777215 0.521407
0.658848 0.503158 0.538903 16777215 0.000004
0.270098 0.787645 0.532396 16777215 0.997221
0.151457 0.779257 0.468413 14472921 0.951142
0.053468 0.218699 0.545249 16777215 0.030312
0.004165 0.681457 0.457397 9211277 0.998210
0.045747 0.303444 0.536959 16777215 0.001275
0.958325 0.335461 0.533330 16777215 0.048401
0.981200 0.205502 0.506831 9342863 0.985367
0.699614 0.450732 0.476889 12039862 0.929771
0.953381 0.761904 0.541135 16777215 0.000058
0.987612 0.689589 0.513048 16777215 0.000152
0.985077 0.288302 0.491137 16053744 0.000014
0.004435 0.786880 0.529556 16777215 0.996279
0.003016 0.209166 0.454838 7105899 0.995416
0.956262 0.790984 0.513593 10195863 0.688274
0.151780 0.790966 0.518315 12105653 0.000342
0.976898 0.219898 0.512581 5396056 0.147219
0.926534 0.784255 0.531453 16777215 0.957864
0.648951 0.221072 0.536643 16777215 0.964498
0.963522 0.703047 0.537718 16777215 0.004599
0.027469 0.258739 0.545999 16777215 0.760375
0.063393 0.209606 0.531514 9407373 0.000152
0.037250 0.653396 0.511206 12764095 0.033971
0.383605 0.222712 0.547146 16777215 0.000006
0.700858 0.785525 0.523611 10921894 0.000302
0.020109 0.360386 0.474039 10526621 0.016783
0.040842 0.521785 0.519850 16777215 0.464731
0.438187 0.206807 0.534648 16777215 0.992414
0.020159 0.764985 0.546735 16777215 0.412214
0.966030 0.243599 0.503927 16777215 0.009092
0.974827 0.300595 0.522727 16777215 0.816927
0.021273 0.299018 0.500878 11514033 0.003382
0.340628 0.208330 0.461159 16777215 0.880058
0.884051 0.789421 0.544452 16777215 0.010738
0.945252 0.784138 0.529139 11709872 0.931833
0.601294 0.786482 0.523229 11250346 0.060368
0.009617 0.673449 0.497395 11120042 0.002880
0.291719 0.779487 0.511481 11118248 0.000279
0.479168 0.233717 0.535619 16777215 0.000114
0.036655 0.455673 0.531020 16777215 0.000244
0.002569 0.312375 0.528716 16777215 0.932934
0.619282 0.212589 0.503026 9145486 0.000044
0.595233 0.214555 0.545140 16777215 0.999182
0.258788 0.206139 0.528435 8750213 0.000010
0.528948 0.208295 0.491991 8158844 0.000009
0.478438 0.785838 0.487412 11118503 0.005224
0.012507 0.380536 0.501464 10855588 0.001380
0.110389 0.215379 0.459399 16777215 0.204325
0.715367 0.575879 0.492445 16777215 0.002859
0.044624 0.265259 0.539068 16777215 0.000002
0.930726 0.264572 0.528903 16777215 0.000785
0.972650 0.706647 0.525274 16777215 0.000431
0.168074 0.211264 0.532757 9210504 0.000048
0.017963 0.791960 0.531518 14868961 0.060073
0.802994 0.785240 0.536037 16777215 0.000010
0.626583 0.778380 0.541240 16777215 0.000001
0.978637 0.479030 0.459835 16645886 0.000751
0.982848 0.706877 0.510618 16777215 0.067050
0.676991 0.214863 0.477014 8486269 0.030077
0.015329 0.211056 0.525359 11974072 0.541201
0.973244 0.708077 0.515044 16777215 0.000012
0.979273 0.216267 0.542036 16777215 0.008501
0.915939 0.762637 0.529334 16777215 0.690763
0.963711 0.783078 0.528282 16777215 0.972725
0.441538 0.206534 0.474585 8553347 0.000013
0.023722 0.515834 0.508727 13354947 0.000040
0.788745 0.792944 0.534603 11645619 0.995230
0.225468 0.761407 0.452575 16777215 0.001508
0.470512 0.783381 0.463958 16777215 0.103196
0.582822 0.218702 0.534960 4868683 0.004483
0.974489 0.567065 0.496001 16776702 0.000028
0.017277 0.417635 0.521413 16777215 0.615890
0.097543 0.322222 0.527639 16777215 0.000001
0.834900 0.797538 0.454446 12698307 0.994534
0.064353 0.786200 0.473254 14868189 0.289721
0.023412 0.309167 0.518434 16777215 0.213285
0.545591 0.213020 0.540116 2961203 0.306494
0.378068 0.781750 0.531642 16777215 0.000002
0.004204 0.612613 0.454281 16645114 0.985983
0.309508 0.544272 0.474135 16777215 0.033389
0.682432 0.455932 0.538365 16777215 0.016685
0.680776 0.536780 0.468348 16777215 0.016681
0.618625 0.203445 0.459678 10000279 0.989087
0.013073 0.304243 0.487603 11118505 0.003822
0.767833 0.787466 0.480909 9737880 0.147619
0.983332 0.275548 0.497204 16777215 0.027914
0.427813 0.793227 0.534345 13684947 0.010861
0.980487 0.587333 0.529581 16777215 0.049350
0.323668 0.227301 0.540279 16777215 0.000002
0.937973 0.434838 0.530205 16777215 0.000027
0.685527 0.480653 0.455234 16777215 0.487362
0.684383 0.552653 0.463426 13946315 0.016911
0.952474 0.724819 0.539279 16777215 0.000027
0.024158 0.763886 0.546711 16777215 0.952903
0.486678 0.763626 0.462178 16777215 0.000023
0.978555 0.499268 0.459654 16777213 0.000001
0.726138 0.787103 0.536410 16777215 0.344534
0.055190 0.398390 0.532446 16777215 0.000000
0.235656 0.777564 0.470946 16777215 0.180009
0.688862 0.536418 0.546178 16777215 0.002513
0.010915 0.425566 0.462092 16777215 0.004697
0.490262 0.205198 0.519392 9013384 0.000068
0.012465 0.562497 0.524411 16777215 0.318608
0.606354 0.208472 0.466425 7894644 0.161167
0.214607 0.436912 0.536290 16777215 0.714040
0.003809 0.312130 0.452497 14342873 0.999952
0.188805 0.787587 0.477171 16777215 0.010103
0.282988 0.791626 0.532662 12828863 0.000303
0.008061 0.726489 0.526888 16777215 0.308357
0.042382 0.224313 0.531169 16777215 0.899327
0.045812 0.440117 0.528233 16777215 0.000000
0.569689 0.779619 0.460702 16777215 0.495070
0.060251 0.641113 0.538824 16777215 0.000008
0.261345 0.215961 0.474319 15724527 0.996250
0.792551 0.570469 0.462531 16777215 0.013064
0.811565 0.789547 0.455267 13093065 0.999319
0.933414 0.481944 0.523684 16777215 0.154397
0.213408 0.569935 0.542820 16777215 0.041226
0.047158 0.573864 0.529426 16777215 0.463311
0.013672 0.565987 0.467259 16777215 0.000689
0.209268 0.564597 0.492429 16777215 0.399293
0.047304 0.697294 0.524389 16777215 0.448048
0.818218 0.434302 0.486669 16777215 0.007606
0.813640 0.548402 0.453285 16777215 0.017027
0.176259 0.212149 0.477130 8421249 0.000031
0.030672 0.536343 0.527747 12566719 0.048437
0.682954 0.787071 0.539503 16777215 0.000200
0.307671 0.778534 0.541478 16777215 0.000000
0.765944 0.416340 0.529699 16777215 0.228566
0.698301 0.789285 0.509804 16777215 0.942703
0.978396 0.378865 0.490118 16644857 0.000006
0.840966 0.229683 0.477738 16777215 0.000293
0.235655 0.591648 0.468305 16777215 0.000179
0.010979 0.534819 0.525553 16777215 0.090087
0.239429 0.794087 0.478540 11842740 0.009071
0.952951 0.492102 0.529375 16777215 0.000840
0.275161 0.763693 0.534151 16777215 0.000171
0.593641 0.797380 0.455054 16777215 0.953883
0.047599 0.639442 0.540991 16777215 0.000508
0.965081 0.609802 0.528849 16777215 0.005091
0.166954 0.538666 0.485258 16777215 0.005823
0.929549 0.203485 0.452557 14935266 0.999905
0.001509 0.262929 0.453564 4144444 0.994777
0.468712 0.788582 0.529740 13816786 0.995592
0.273919 0.793422 0.547784 16777215 0.804070
0.907155 0.216855 0.458032 16777215 0.467621
0.400672 0.210109 0.544597 16777215 0.999986
0.236661 0.208438 0.507787 8883077 0.000037
0.973577 0.283249 0.532345 16777215 0.009380
0.994576 0.627302 0.455824 15987443 0.999480
0.800248 0.444961 0.548397 16777215 0.000526
0.964347 0.697037 0.537528 16777215 0.006565
0.003329 0.224251 0.467627 11316912 0.997509
0.008140 0.410633 0.465997 11119017 0.001845
0.193133 0.792266 0.539532 15263976 0.998461
0.937850 0.603429 0.480509 16777215 0.000014
0.005064 0.616309 0.455674 15263977 0.997295
0.400717 0.781268 0.525827 10856102 0.960099
0.521192 0.774373 0.458908 16777215 0.000903
0.757906 0.250617 0.525374 16777215 0.000000
0.186543 0.768573 0.539720 16777215 0.000005
0.188350 0.220961 0.453479 16646143 0.000025
0.686349 0.256142 0.461288 16777215 0.000000
0.581986 0.788440 0.456860 16777215 0.631742
0.256070 0.792429 0.545485 16777215 0.000228
0.081566 0.382064 0.544415 16777215 0.000009
0.982575 0.598283 0.518979 14606813 0.000013
0.854075 0.488998 0.535709 16777215 0.000000
0.939802 0.791945 0.533336 12040117 0.983817
0.651528 0.249767 0.526243 16777215 0.000000
0.221494 0.790541 0.536809 15001060 0.988235
0.092198 0.752386 0.510915 16777215 0.000012
0.308423 0.229169 0.467872 16777215 0.009252
0.220753 0.245527 0.453725 16777215 0.000006
0.441924 0.231974 0.460825 16777215 0.000007
0.535463 0.790403 0.543295 16777215 0.087571
0.695755 0.220797 0.475323 16777215 0.000001
0.295873 0.782299 0.457081 16777215 0.000001
0.024413 0.524215 0.523721 16777215 0.121616
0.813180 0.555819 0.542821 16777215 0.000004
0.026937 0.215613 0.524216 16777215 0.504393
0.893503 0.208834 0.529771 7369071 0.000065
0.499097 0.498295 0.451436 13619151 0.000009
0.043810 0.334714 0.540478 16777215 0.001904
0.967090 0.236709 0.536431 16777215 0.394903
0.980588 0.212953 0.516247 4078909 0.819458
0.925837 0.365288 0.545945 16777215 0.000056
0.014591 0.731536 0.525092 16777215 0.156200
0.942182 0.211061 0.538260 13488334 0.982129
0.045497 0.224824 0.538153 16777215 0.357301
0.995596 0.740346 0.520288 16777215 0.000197
0.991073 0.209262 0.473331 14802910 0.144683
0.993381 0.271390 0.516008 16777215 0.000029
0.719569 0.433674 0.463798 13356236 0.770171
0.104059 0.206690 0.546317 16777215 0.990415
0.967771 0.713213 0.460702 16382455 0.000048
0.166987 0.796498 0.534524 11777205 0.000046
0.008898 0.763912 0.520026 10724259 0.006709
0.982641 0.215214 0.494215 8618115 0.984016
0.950428 0.774825 0.528485 16777215 0.967771
0.971330 0.753000 0.516072 16777215 0.023574
0.006255 0.576841 0.510966 10065558 0.005983
0.333905 0.229594 0.526884 16777215 0.000018
0.014361 0.453569 0.511938 10727085 0.003420
0.718919 0.780552 0.521967 11381420 0.000978
0.045177 0.791629 0.531717 12763844 0.000389
0.986977 0.248226 0.501748 16777215 0.436714
0.008098 0.213896 0.486257 10460573 0.314436
0.023634 0.274968 0.515614 13224657 0.006152
0.975418 0.308416 0.463603 16777215 0.000106
0.045412 0.216755 0.516105 16777215 0.046781
0.780417 0.796238 0.453666 16777215 0.978323
0.069407 0.210250 0.463182 15131634 0.837704
0.044768 0.509540 0.534636 16777215 0.759772
0.003085 0.608918 0.519710 10527136 0.001353
0.011084 0.619583 0.517873 16777215 0.926134
0.378185 0.243188 0.519857 16777215 0.000002
0.245636 0.213491 0.533907 7633016 0.000002
0.388369 0.206177 0.473445 8289405 0.001779
0.009548 0.380624 0.511555 10132378 0.002386
0.052118 0.227632 0.461050 16777215 0.196628
0.049574 0.318444 0.537446 16777215 0.000003
0.941036 0.294131 0.538425 16777215 0.000414
0.733048 0.206608 0.530953 16382714 0.990619
0.020744 0.729832 0.463309 16579326 0.000799
0.812488 0.755050 0.513083 16777215 0.000535
0.548640 0.763710 0.525156 16777215 0.000001
0.481471 0.790604 0.477140 11975100 0.069782
0.979545 0.563138 0.463421 16449532 0.001398
0.657668 0.215254 0.480186 9078918 0.000014
0.857773 0.788248 0.528557 16777215 0.049704
0.971617 0.750571 0.456145 16579322 0.014292
0.748612 0.419949 0.460188 16777215 0.581896
0.003320 0.744079 0.530797 16777215 0.970562
0.959309 0.767347 0.534750 16777215 0.478217
0.977258 0.772394 0.530425 16777215 0.000748
0.442441 0.204654 0.466132 7961210 0.000010
0.248067 0.224226 0.480283 10263710 0.012542
0.021290 0.488344 0.460352 16777215 0.004230
0.694408 0.764364 0.515076 11382702 0.745621
0.164375 0.785375 0.538606 16777215 0.000146
0.185005 0.513845 0.462783 16777215 0.041851
0.982735 0.562757 0.511944 16775930 0.000027
0.053596 0.793190 0.471711 12895430 0.201364
0.023033 0.293267 0.528615 16777215 0.387523
0.354815 0.762152 0.534414 16777215 0.000002
0.775008 0.210570 0.532584 16777215 0.998610
0.996294 0.444828 0.528193 16777215 0.026144
0.016962 0.529763 0.464000 16777215 0.077987
0.365839 0.792645 0.463046 11710897 0.013372
0.302206 0.595280 0.468369 16777215 0.000000
0.669807 0.541292 0.455894 16777215 0.001878
0.008129 0.277516 0.508173 10330786 0.003447
0.025741 0.457999 0.530080 16777215 0.001788
0.995991 0.395859 0.529757 16777215 0.143793
0.974091 0.594642 0.522174 16777215 0.067653
0.437083 0.792800 0.536175 10856100 0.064932
0.711903 0.576654 0.466986 16777215 0.006181
0.981491 0.562967 0.510477 16777215 0.161295
0.953340 0.537230 0.537052 16777215 0.000206
0.962340 0.632282 0.524979 16777215 0.007385
0.678399 0.508881 0.455679 16777215 0.143839
0.967553 0.471397 0.537324 16777215 0.000006
0.788182 0.756730 0.531483 16777215 0.000001
0.930987 0.776318 0.532444 16777215 0.116836
0.925727 0.503571 0.540852 16777215 0.000018
0.563429 0.776185 0.517777 14342619 0.007317
0.958676 0.733372 0.539359 16777215 0.000009
0.996962 0.793601 0.455374 16777215 0.998305
0.174511 0.520424 0.509075 16777215 0.001173
0.942685 0.523697 0.482686 16316665 0.000001
0.049398 0.426160 0.537200 16777215 0.000000
0.350700 0.776143 0.462795 16777215 0.000005
0.011692 0.473333 0.525258 16777215 0.807465
0.008949 0.439012 0.521907 11645361 0.980014
0.958707 0.640130 0.535058 16777215 0.001060
0.959642 0.438990 0.462731 16448761 0.000133
0.662934 0.564763 0.524981 16777215 0.000462
0.015055 0.373148 0.470249 16777215 0.000046
0.767069 0.212123 0.483759 7631990 0.001645
0.025550 0.454040 0.460828 16777215 0.003095
0.487232 0.206272 0.537619 7962237 0.000041
0.979112 0.756187 0.460506 16711679 0.000069
0.997985 0.206673 0.527142 6052956 0.994323
0.130516 0.789012 0.541040 16777215 0.001731
0.154921 0.770285 0.458203 16316668 0.001331
0.282987 0.792243 0.532453 12631742 0.000234
0.190699 0.783043 0.471564 14803938 0.936034
0.308990 0.463054 0.543198 16777215 0.983192
0.763330 0.239959 0.461274 16054517 0.006655
0.522826 0.213247 0.452879 16777215 0.000912
0.037984 0.218963 0.504840 16777215 0.791478
0.039415 0.462112 0.538963 16777215 0.000001
0.183429 0.467999 0.456808 16777215 0.000002
0.314995 0.490030 0.470473 15987444 0.182857
0.593168 0.786526 0.535358 16777215 0.000003
0.935455 0.224559 0.484526 5526354 0.397711
0.802886 0.577515 0.459031 16777215 0.027164
0.834528 0.473257 0.476841 16777215 0.062213
0.969980 0.518730 0.534926 16777215 0.030631
0.649833 0.237405 0.491103 16777215 0.000019
0.965076 0.556025 0.543499 16777215 0.004581
0.977388 0.710164 0.524570 16777215 0.057613
0.588194 0.213954 0.483526 7171948 0.500841
0.019861 0.575733 0.547812 16777215 0.986758
0.978251 0.672372 0.530241 16777215 0.001589
0.815632 0.435795 0.460035 16777215 0.006221
0.828331 0.546929 0.467670 16777215 0.003684
0.534856 0.219821 0.488617 16777215 0.001409
0.025233 0.791669 0.455167 16777215 0.241555
0.025109 0.485907 0.519181 10988200 0.060550
0.078319 0.788585 0.472480 12829379 0.596407
0.686107 0.756076 0.528839 16777215 0.000573
0.271682 0.746932 0.531492 16777215 0.000000
0.772527 0.416333 0.526244 16777215 0.663215
0.321508 0.754223 0.546576 16777215 0.000004
0.987820 0.379038 0.513147 16777215 0.000009
0.173040 0.213785 0.491938 10525856 0.000319
0.589708 0.755654 0.526840 16777215 0.000000
0.062666 0.790631 0.453445 16777215 0.949049
0.227934 0.581497 0.461186 16777215 0.000532
0.983808 0.405096 0.512188 16777215 0.000006
0.022811 0.318611 0.511016 16777214 0.670945
0.933772 0.511088 0.521074 16777215 0.006014
0.138315 0.781987 0.461246 16777215 0.002644
0.948450 0.531142 0.538508 16777215 0.001142
0.293276 0.557655 0.499640 16777215 0.023833
0.029963 0.497911 0.508541 16777215 0.265649
0.978367 0.580138 0.512183 16777215 0.018277
0.177191 0.534290 0.533218 16777215 0.003001
0.505093 0.208879 0.479709 6253678 0.037677
0.701038 0.794919 0.451174 16777215 0.867121
0.583848 0.775483 0.522570 16777215 0.897055
0.275855 0.794068 0.544056 15066854 0.986317
0.962255 0.501775 0.545070 16777215 0.000034
0.216639 0.211008 0.505049 8751237 0.000014
0.946673 0.696376 0.512802 16777215 0.004581
0.208393 0.203758 0.459684 10987172 0.999610
0.957893 0.619636 0.530487 16777215 0.115650
0.935833 0.202707 0.451648 16777215 0.997259
0.974998 0.552163 0.526057 16777215 0.387393
0.450573 0.770349 0.534572 16777215 0.000001
0.963711 0.394051 0.537599 16777215 0.040579
0.627627 0.718273 0.500953 16777215 0.000001
0.452224 0.213495 0.477737 16251898 0.929459
0.220051 0.781358 0.538898 16777215 0.015986
0.271216 0.773617 0.537886 16777215 0.000000
0.157761 0.782207 0.543747 16777215 0.000009
0.534628 0.778727 0.525729 16777215 0.991598
0.175103 0.791947 0.534516 11250861 0.991940
0.417829 0.277773 0.477437 16777215 0.000000
0.616091 0.786990 0.513838 10000288 0.342289
0.224028 0.770148 0.458434 16777215 0.000000
0.509199 0.791590 0.537920 10987175 0.868653
0.246136 0.764899 0.483973 16777215 0.001543
0.654838 0.546756 0.531985 16777215 0.000000
0.993725 0.371928 0.507257 16777215 0.025756
0.991335 0.550281 0.467962 16777215 0.000002
0.429442 0.778689 0.460937 16777215 0.000390
0.591787 0.789026 0.453729 16777215 0.858549
0.012139 0.539392 0.535985 16777215 0.058435
0.362553 0.788387 0.468839 13684687 0.945189
0.822629 0.532645 0.545758 16777215 0.000073
0.898213 0.202538 0.470385 10263709 0.999400
0.003681 0.295112 0.455662 14540252 0.998714
0.495000 0.783770 0.538000 16777215 0.999955
0.782948 0.786501 0.532827 14869731 0.968281
0.620092 0.784729 0.532768 12172219 0.270205
0.240276 0.762793 0.461402 16777215 0.000000
0.666035 0.466799 0.537859 16777215 0.000000
0.984332 0.427764 0.515924 16645886 0.128569
0.972069 0.527583 0.463922 16777215 0.000003
0.460887 0.786838 0.456230 16777215 0.000654
0.439217 0.786420 0.533880 16777215 0.995328
0.834076 0.501282 0.540787 16777215 0.015621
0.012379 0.423485 0.469949 14606816 0.998694
0.256193 0.785871 0.529761 16777215 0.999659
0.009197 0.797169 0.463178 12368570 0.997716
0.035880 0.238768 0.538614 16777215 0.027140
0.045480 0.345016 0.535746 16777215 0.001523
0.019682 0.789942 0.489810 12764356 0.019171
0.964389 0.312790 0.512031 16777215 0.182330
0.970492 0.261517 0.539433 16777215 0.338061
0.255008 0.783820 0.489200 12894397 0.000527
0.931005 0.334525 0.539627 16777215 0.000048
0.017698 0.779860 0.524329 16777215 0.028010
0.984089 0.211757 0.473137 14540256 0.022124
0.988885 0.302703 0.515699 16777215 0.000028
0.957276 0.677447 0.459662 16382458 0.000019
0.991162 0.205421 0.454489 15264234 0.999201
0.700561 0.435164 0.520297 16776957 0.875568
0.919456 0.764542 0.543147 16777215 0.000020
0.996819 0.202077 0.516163 10395807 0.999602
0.807709 0.216449 0.454681 16448248 0.064414
0.364556 0.232167 0.539778 16777215 0.000005
0.034985 0.455131 0.512183 12829119 0.009790
0.018799 0.521008 0.516642 16777215 0.191897
0.984498 0.225911 0.511911 15527152 0.041027
0.930776 0.780099 0.518387 9737366 0.103024
0.984405 0.339615 0.467383 16317688 0.000156
0.043485 0.203469 0.547018 16777215 0.999802
0.729574 0.790899 0.463853 15527408 0.956666
0.970918 0.778780 0.525492 9210252 0.907241
0.067473 0.798477 0.453686 13685456 0.992896
0.010383 0.673965 0.507606 11578793 0.005270
0.032755 0.372230 0.518665 16777215 0.874776
0.533701 0.795921 0.536251 12105913 0.001381
0.971535 0.340928 0.472219 16186109 0.000047
0.494863 0.781930 0.477780 16777215 0.109384
0.397617 0.212476 0.474469 10264217 0.054558
0.051310 0.475915 0.459049 16777215 0.000021
0.806085 0.786873 0.457503 16711677 0.046867
0.812631 0.784973 0.538606 16777215 0.000461
0.236108 0.766279 0.542836 16777215 0.000004
0.587400 0.783871 0.546427 16777215 0.000001
0.215152 0.786271 0.546261 16777215 0.573805
0.985262 0.517052 0.463191 16777212 0.000679
0.705519 0.212454 0.471565 7567481 0.000524
0.027510 0.426174 0.527713 16777215 0.077188
0.994678 0.686116 0.518107 16777215 0.000001
0.031526 0.748776 0.525919 16777215 0.974859
0.969920 0.783386 0.540103 16777215 0.088538
0.978133 0.766869 0.539829 16777215 0.000253
0.020460 0.231793 0.524266 16777215 0.032033
0.451480 0.772416 0.542122 16777215 0.000000
0.016815 0.474225 0.465513 16777215 0.003019
0.125922 0.776311 0.533806 16777215 0.000239
0.165589 0.473605 0.530774 16777215 0.000421
0.987883 0.607799 0.504885 16777215 0.005492
0.989496 0.530949 0.474967 16777215 0.000015
0.091550 0.389711 0.541809 16777215 0.000000
0.325985 0.223283 0.475286 16777215 0.148325
0.125630 0.786855 0.479186 12371397 0.268220
0.984680 0.438890 0.511345 16777215 0.073367
0.979504 0.521715 0.532314 16777215 0.178132
0.293216 0.790826 0.491150 12369083 0.048097
0.268643 0.575423 0.462717 16777215 0.000000
0.852573 0.234796 0.467003 16777215 0.000069
0.499076 0.209027 0.536486 9737622 0.000016
0.953246 0.497823 0.518891 16777215 0.000456
0.985578 0.630881 0.530324 16777215 0.014796
0.980136 0.543754 0.516470 16777215 0.098265
0.956521 0.505430 0.536734 16777215 0.000037
0.178007 0.534483 0.531668 16777215 0.002395
0.778343 0.772470 0.543642 16777215 0.000002
0.709541 0.552518 0.456869 13290185 0.421911
0.023729 0.708242 0.509990 16777215 0.000282
0.048552 0.350519 0.532921 16777215 0.000112
0.719705 0.786484 0.536176 16777215 0.883971
0.021945 0.452241 0.512709 16777215 0.634254
0.293268 0.773064 0.467064 16513527 0.259600
0.678758 0.545595 0.549901 16777215 0.000285
0.013271 0.278630 0.460542 16777215 0.326074
0.986483 0.752690 0.465054 16316149 0.000009
0.993521 0.203273 0.519350 7368558 0.995319
0.235003 0.783993 0.478122 13816785 0.879736
0.026124 0.766456 0.522176 16777215 0.076113
0.991325 0.533992 0.508267 16251129 0.300488
0.039958 0.788546 0.531604 16777215 0.020816
0.080900 0.217817 0.548614 16777215 0.967217
0.036544 0.537693 0.539902 16777215 0.000000
0.314150 0.500676 0.485560 15461097 0.006921
0.815948 0.477236 0.463149 16777215 0.337126
0.965682 0.598910 0.546131 16777215 0.000288
0.972235 0.453965 0.522681 16777215 0.013726
0.978452 0.680061 0.532970 16777215 0.020546
0.024300 0.531299 0.459322 16777215 0.000129
0.133195 0.798656 0.461610 11710896 0.986998
0.970656 0.642260 0.486077 16777215 0.005538
0.022862 0.649110 0.545673 16777215 0.253402
0.799158 0.447943 0.455918 16777215 0.041285
0.003708 0.264636 0.452139 16777215 0.996224
0.538764 0.217543 0.470832 16777215 0.003479
0.072604 0.638850 0.520478 16777215 0.000194
0.703209 0.780445 0.539075 16777215 0.005761
0.724534 0.425257 0.530797 16514043 0.544943
0.337772 0.783566 0.535172 16777215 0.003216
0.987300 0.402509 0.512414 16777215 0.000020
0.013252 0.663516 0.523335 16777215 0.083277
0.859095 0.217905 0.461049 16446708 0.001692
0.788719 0.777802 0.538462 16777215 0.131344
0.986330 0.429053 0.506594 16777215 0.000003
0.249327 0.786708 0.536281 16777215 0.017749
0.021279 0.256886 0.513734 16777215 0.369399
0.323577 0.780892 0.464308 15988981 0.690922
0.014943 0.707150 0.529888 16777215 0.128271
0.019816 0.404040 0.460645 11447727 0.964945
0.324078 0.783907 0.538761 16777215 0.001298
0.973302 0.627479 0.532147 16777215 0.013745
0.048164 0.468459 0.538022 16777215 0.000005
0.259766 0.764948 0.496979 13685195 0.886272
0.002314 0.225835 0.455132 7764087 0.989645
0.946686 0.501353 0.539640 16777215 0.000011
0.225471 0.233795 0.506768 10263199 0.000348
0.997536 0.402720 0.452001 16053233 0.987507
0.632885 0.207112 0.523077 10592670 0.999530
0.994830 0.589579 0.452641 15197923 0.971663
0.804647 0.441657 0.535321 16777215 0.002564
0.018414 0.701230 0.506232 16777215 0.137136
0.268624 0.763417 0.527249 16777215 0.000011
0.951169 0.525542 0.536967 16777215 0.000060
0.624865 0.779835 0.467953 10527394 0.695094
0.958903 0.575700 0.542140 16777215 0.001396
0.951412 0.702631 0.524944 16777215 0.003729
0.395711 0.758152 0.468995 14936306 0.000050
0.403714 0.768749 0.508325 16777215 0.967684
0.011858 0.628476 0.521801 11447977 0.009000
0.037843 0.527314 0.531340 16777215 0.809504
0.972123 0.294594 0.465481 16777215 0.000002
0.769778 0.773091 0.465645 5790041 0.405653
0.706929 0.778550 0.464242 16777215 0.828261
0.345738 0.783426 0.536161 16777215 0.000007
0.336726 0.780556 0.461121 16777215 0.000004
0.212895 0.580199 0.540202 16777215 0.000125
0.280175 0.777214 0.468360 14869480 0.000000
0.464646 0.785965 0.467097 9606547 0.917158
0.822502 0.589426 0.548282 16777215 0.000000
0.659948 0.211548 0.461850 8289920 0.985216
0.009102 0.549694 0.453221 14343387 0.996317
0.005092 0.302627 0.462439 11119017 0.177285
0.965431 0.424041 0.467645 16316409 0.000002
0.094798 0.208666 0.473228 12171707 0.871329
0.611291 0.781558 0.464992 16250869 0.869808
0.421550 0.770593 0.539289 16777215 0.000008
0.142237 0.552235 0.535223 16777215 0.000178
0.170237 0.733994 0.488559 16777215 0.000000
0.873094 0.409919 0.543670 16777215 0.000000
0.012982 0.329938 0.457407 11249832 0.997285
0.009059 0.513087 0.468806 10924207 0.986591
0.017229 0.794883 0.479150 12303547 0.984516
0.977259 0.441762 0.527141 15198182 0.153397
0.859046 0.225361 0.534351 7829111 0.002124
0.044780 0.261614 0.528448 16777215 0.447453
0.054601 0.262755 0.537122 16777215 0.000471
0.965082 0.317284 0.528553 16777215 0.193262
0.964781 0.237320 0.515739 16777215 0.679660
0.978789 0.216555 0.487778 2698029 0.810154
0.990251 0.796427 0.462308 7500660 0.995873
0.877997 0.215200 0.544465 16777215 0.993747
0.002044 0.778019 0.525151 8486014 0.994565
0.714305 0.574816 0.465009 16447989 0.047495
0.977606 0.719876 0.495134 16777213 0.000044
0.973168 0.223302 0.486202 13817551 0.159417
0.991176 0.348784 0.511189 16449023 0.000045
0.968124 0.263783 0.529314 16777215 0.543396
0.936925 0.799769 0.456023 7828595 0.974072
0.218991 0.205597 0.544044 16777215 0.990669
0.972328 0.657261 0.456228 16646142 0.000025
0.019845 0.658063 0.513218 11974584 0.000680
0.013834 0.289722 0.513177 13159111 0.000290
0.862141 0.235926 0.525938 16777215 0.000112
0.990599 0.785960 0.512033 13749708 0.085351
0.959294 0.781596 0.526338 16777215 0.994971
0.910533 0.787388 0.523245 10197916 0.002253
0.783524 0.783276 0.471312 10725795 0.004966
0.340362 0.229742 0.532341 16777215 0.000024
0.014017 0.393394 0.511583 12501439 0.033115
0.009729 0.430533 0.506880 11248551 0.001821
0.697137 0.789830 0.519556 13223359 0.000316
0.389193 0.211145 0.540053 16777215 0.989068
0.791440 0.783131 0.534892 16777215 0.060113
0.018727 0.483112 0.510189 16777215 0.571507
0.858743 0.761969 0.543028 16777215 0.000005
0.074814 0.788390 0.526438 11973815 0.001180
0.970673 0.293554 0.528235 16777215 0.655417
0.068343 0.787865 0.455241 16777215 0.019921
0.005381 0.252589 0.525461 13027271 0.000399
0.915089 0.784632 0.517741 9936286 0.181751
0.989471 0.352811 0.467426 16777215 0.000051
0.931893 0.784568 0.525487 8948620 0.967463
0.016524 0.633274 0.509245 11448239 0.002372
0.441088 0.245627 0.532746 16777215 0.000073
0.446697 0.793759 0.536027 11447468 0.000395
0.362624 0.222397 0.544912 16777215 0.984069
0.965268 0.355357 0.474051 16381178 0.000042
0.279790 0.206064 0.525731 7764087 0.000004
0.537393 0.782889 0.524606 11514544 0.000073
0.748328 0.788882 0.524249 10527395 0.000021
0.638987 0.785542 0.517799 11514034 0.000221
0.432799 0.201137 0.538641 7106157 0.000004
0.504002 0.778320 0.461517 16777215 0.205715
0.996887 0.461773 0.518694 16777215 0.000000
0.023766 0.299396 0.497263 12038320 0.000214
0.055343 0.276065 0.532661 16777215 0.000002
0.994992 0.283499 0.452601 16053492 0.999949
0.269741 0.785723 0.521740 12501697 0.000095
0.001376 0.544220 0.458023 9539984 0.250558
0.894976 0.765445 0.461114 16053491 0.008013
0.141067 0.790049 0.481912 12764101 0.011224
0.988607 0.735734 0.457446 15921903 0.322116
0.960853 0.640432 0.529647 16777215 0.007924
0.180658 0.208729 0.520057 9078407 0.000009
0.989523 0.223428 0.528724 16777215 0.994224
0.861864 0.201434 0.539422 4012862 0.995315
0.019435 0.695217 0.488751 15658223 0.000359
0.851335 0.784515 0.535862 16777215 0.002760
0.165234 0.773396 0.528094 16777215 0.000002
0.535272 0.749761 0.519208 16777215 0.000001
0.019262 0.600431 0.484029 9802900 0.000721
0.159801 0.782605 0.529413 16777215 0.107274
0.959627 0.465636 0.508382 16777215 0.000005
0.983658 0.551881 0.461620 16448506 0.002025
0.019287 0.394441 0.533452 16777215 0.052241
0.887924 0.782120 0.541256 16777215 0.006701
0.985570 0.703943 0.522224 16777215 0.000026
0.040622 0.211517 0.469757 8947852 0.985831
0.926550 0.764956 0.528420 16777215 0.628662
0.928810 0.731053 0.497333 16777215 0.000196
0.027354 0.254702 0.516959 16777215 0.344451
0.970633 0.781078 0.530823 16777215 0.858297
0.828614 0.204819 0.468245 6513763 0.000661
0.397875 0.207747 0.469309 8026748 0.000040
0.425250 0.237390 0.545452 16777215 0.000000
0.959638 0.653898 0.525737 16777215 0.000022
0.018135 0.446133 0.482503 15856885 0.000072
0.099449 0.762479 0.518560 16777215 0.001014
0.605470 0.794516 0.534902 10855847 0.003275
0.661585 0.209082 0.533941 7829624 0.016082
0.992134 0.580756 0.517426 16777215 0.000019
0.983594 0.370531 0.520171 16777215 0.043209
0.059705 0.785462 0.479731 12701129 0.482137
0.054243 0.778882 0.543448 16777215 0.000011
0.342829 0.235711 0.530981 9539217 0.004532
0.322249 0.553689 0.483031 16777215 0.002261
0.979790 0.515770 0.534815 16777215 0.025690
0.191735 0.446346 0.541984 16777215 0.024924
0.991450 0.611283 0.457722 16777215 0.020366
0.953251 0.484548 0.516616 16777215 0.127275
0.287030 0.599299 0.456638 16777215 0.000000
0.028374 0.484251 0.522699 16777215 0.021746
0.664642 0.787159 0.524866 14737117 0.000370
0.426765 0.219260 0.477277 16777215 0.000008
0.764742 0.790679 0.534382 11250605 0.000310
0.991319 0.499397 0.509246 16646143 0.000118
0.972341 0.556463 0.536446 16777215 0.005643
0.985234 0.554959 0.514745 16777215 0.072723
0.339803 0.216310 0.543182 16777215 0.000003
0.932542 0.492850 0.520358 16777215 0.000035
0.683917 0.485929 0.470176 16777215 0.594399
0.734398 0.764802 0.533739 16777215 0.000014
0.943349 0.439749 0.522039 16777215 0.000021
0.906471 0.695930 0.495304 16777215 0.000028
0.049997 0.308956 0.530997 16777215 0.000055
0.990014 0.516626 0.468370 16579833 0.000000
0.048550 0.412543 0.527670 16777215 0.000000
0.014588 0.337218 0.455989 16776954 0.057532
0.026717 0.517523 0.530968 16777215 0.019579
0.022161 0.415278 0.510299 16777215 0.597180
0.684690 0.202269 0.457035 8947591 0.999694
0.461419 0.787046 0.536562 16777215 0.000012
0.686504 0.539799 0.531101 16777215 0.004235
0.012340 0.455313 0.459817 16777215 0.017038
0.372885 0.214154 0.541004 6645350 0.004180
0.989816 0.739237 0.469787 16054008 0.000011
0.879703 0.205369 0.538240 8355712 0.981598
0.597061 0.203643 0.464280 6514533 0.544839
0.203734 0.428539 0.521678 16777215 0.535194
0.284916 0.789030 0.528934 13157834 0.029951
0.253599 0.788460 0.479031 13224391 0.915799
0.319100 0.475509 0.539559 16777215 0.909548
0.732298 0.210406 0.536270 9277583 0.830447
0.055767 0.780640 0.530357 16777215 0.025086
0.968135 0.311206 0.518356 16777215 0.001962
0.205091 0.418846 0.454495 16777215 0.000164
0.527983 0.788588 0.545376 16777215 0.000507
0.019555 0.597395 0.475985 16777215 0.000004
0.825042 0.466325 0.462631 16777215 0.073207
0.951263 0.573197 0.536599 16777215 0.001233
0.970400 0.497977 0.530363 16777215 0.020420
0.427649 0.766182 0.459541 16777215 0.000000
0.046117 0.558758 0.528757 16777215 0.000330
0.939672 0.789662 0.454654 15000803 0.337318
0.016604 0.482503 0.516639 10198433 0.050546
0.671841 0.210171 0.465335 5789782 0.863565
0.679590 0.786186 0.523621 16777215 0.001402
0.040188 0.650469 0.534108 16777215 0.505230
0.627162 0.781372 0.546031 16777215 0.000000
0.179260 0.441156 0.532892 16777215 0.003503
0.320507 0.785396 0.534214 15592172 0.495775
0.037799 0.742835 0.523136 16777215 0.033004
0.143576 0.775512 0.460900 16777215 0.009924
0.029062 0.571593 0.531672 16777215 0.028839
0.043812 0.738119 0.518558 16777215 0.000004
0.399042 0.783184 0.459456 16777215 0.218194
0.124756 0.207746 0.536693 16777215 0.996156
0.297100 0.773326 0.538147 16777215 0.017009
0.208398 0.762754 0.464715 16777215 0.000000
0.605971 0.785320 0.458192 16513015 0.749740
0.497432 0.787656 0.530832 11644847 0.002866
0.946393 0.582327 0.519091 16777215 0.011761
0.638117 0.781061 0.529764 16777215 0.781400
0.341029 0.792603 0.455815 15132390 0.951542
0.323071 0.775181 0.541730 16777215 0.000000
0.984276 0.626884 0.517803 16777215 0.002217
0.548396 0.223249 0.548050 16777215 0.999952
0.158482 0.205329 0.456222 16777215 0.999451
0.988012 0.304973 0.525667 16777215 0.024840
0.392666 0.788010 0.478760 12698050 0.938676
0.812656 0.433909 0.542804 16777215 0.001488
0.726912 0.787979 0.460292 10987430 0.999912
0.034356 0.313618 0.500944 16777215 0.042001
0.004644 0.235334 0.464727 11250860 0.998106
0.568613 0.786540 0.482602 10790823 0.983026
0.954692 0.438088 0.539193 16777215 0.547131
0.158080 0.762912 0.530236 16777215 0.002585
0.540713 0.785743 0.530677 16777215 0.986756
0.186025 0.794168 0.537094 12500926 0.989193
0.676632 0.785767 0.502741 11447988 0.000125
0.651563 0.234213 0.476231 9142656 0.000111
0.830274 0.788497 0.533585 10790309 0.990084
0.270682 0.771641 0.517189 16777215 0.000015
0.750171 0.787963 0.457006 15856883 0.000970
0.478632 0.213905 0.456179 16777215 0.978058
0.015635 0.628767 0.472188 12632256 0.992779
0.664302 0.528745 0.533344 16777215 0.000000
0.989017 0.632227 0.506698 16777215 0.005300
0.039163 0.526273 0.547163 16777215 0.501581
0.213353 0.796738 0.458759 11316650 0.151239
0.978869 0.306178 0.520612 16777215 0.155152
0.335882 0.794350 0.466152 10657697 0.973593
0.006937 0.390721 0.461233 8618882 0.922369
0.981913 0.336950 0.479186 16514557 0.000024
0.396645 0.795236 0.546678 16777215 0.956578
0.689127 0.776939 0.466740 16777215 0.007162
0.557552 0.787914 0.532535 16777215 0.966121
0.010454 0.668983 0.455804 16315634 0.752454
0.680625 0.566620 0.539043 16777215 0.000000
0.509855 0.785343 0.464624 10461085 0.940254
0.989452 0.293294 0.469178 16777215 0.000008
0.045320 0.247177 0.533486 16777215 0.109054
0.044779 0.330243 0.530049 16777215 0.006152
0.969664 0.286412 0.538119 16777215 0.088589
0.976899 0.215779 0.516877 16777215 0.858155
0.914572 0.743053 0.529918 16777215 0.000203
0.979005 0.208646 0.478621 6644579 0.139547
0.041077 0.245838 0.528076 16777215 0.532379
0.991404 0.249056 0.470419 16776957 0.028075
0.980389 0.339844 0.503326 16777215 0.000078
0.037243 0.785597 0.522040 13816019 0.935189
0.970895 0.711966 0.476786 16120055 0.000106
0.979865 0.211951 0.477369 7303026 0.923931
0.973998 0.796065 0.526199 10197916 0.998463
0.010898 0.671403 0.493441 11578540 0.000723
0.010365 0.343084 0.478924 10592672 0.000751
0.985094 0.649143 0.478928 16448255 0.000008
0.986431 0.210664 0.491282 8683386 0.904731
0.008670 0.662603 0.453793 12763841 0.996138
0.888488 0.785675 0.516552 10396320 0.002427
0.979156 0.737542 0.502836 16777215 0.042283
0.860727 0.795837 0.523134 11645360 0.000041
0.959867 0.782568 0.459681 15923702 0.036439
0.047741 0.632465 0.526587 16777215 0.000953
0.712818 0.789860 0.525570 10461601 0.000133
0.006638 0.428563 0.466999 10527392 0.000200
0.015975 0.637882 0.477614 9673368 0.000395
0.005733 0.206466 0.470948 9606290 0.956241
0.013290 0.268320 0.505268 10922409 0.000769
0.260567 0.203863 0.457735 12830148 0.998477
0.956921 0.780483 0.527732 10065816 0.972152
0.014247 0.503642 0.472116 9408655 0.152511
0.007862 0.626736 0.496049 11184809 0.004107
0.580559 0.211082 0.507971 8618374 0.000025
0.574187 0.779189 0.487049 11447983 0.002716
0.017014 0.432227 0.513352 13750993 0.529275
0.269967 0.223401 0.522620 10199198 0.000030
0.749092 0.767598 0.519370 12303805 0.000097
0.545290 0.212211 0.508172 7960184 0.000010
0.637116 0.785892 0.454714 16777215 0.020452
0.487073 0.761725 0.480041 14473952 0.001771
0.013134 0.417754 0.510575 9736853 0.027655
0.724813 0.563283 0.528767 16777215 0.007705
0.061175 0.285688 0.528996 16777215 0.000009
0.080996 0.693616 0.522589 16777215 0.000002
0.010299 0.653061 0.469152 10789797 0.021868
0.152855 0.794230 0.462564 12368311 0.015784
0.025119 0.634451 0.466320 15725812 0.000312
0.591223 0.785455 0.526148 16777215 0.000007
0.488871 0.795118 0.465644 10987428 0.550492
0.984820 0.608003 0.463123 16777215 0.003328
0.982471 0.676478 0.517921 16777215 0.352823
0.685679 0.210860 0.469418 10524825 0.005972
0.989814 0.722968 0.499876 16777215 0.000002
0.019543 0.772189 0.546126 16777215 0.841685
0.095383 0.693155 0.529695 16777215 0.000001
0.962755 0.771725 0.532304 16777215 0.571907
0.035045 0.306310 0.520282 16777215 0.762907
0.801615 0.208590 0.477978 6973797 0.001320
0.460577 0.212110 0.474749 7895417 0.000300
0.677452 0.224128 0.539819 16777215 0.001255
0.967283 0.596995 0.537451 16777215 0.000018
0.183999 0.541618 0.512954 16777215 0.047990
0.093969 0.785131 0.539609 16777215 0.000530
0.597083 0.792365 0.529181 10395555 0.002907
0.090022 0.359773 0.515048 16777215 0.000001
0.349690 0.215022 0.518891 6645347 0.067254
0.310227 0.540103 0.475498 16777215 0.005208
0.980548 0.461536 0.518873 16777215 0.108347
0.981905 0.641287 0.462925 16052980 0.003548
0.285805 0.590978 0.460786 16777215 0.000000
0.005997 0.313224 0.511740 10462113 0.004714
0.471854 0.214860 0.519971 7429996 0.001593
0.768983 0.789211 0.537711 12368828 0.000200
0.560627 0.791869 0.470129 10789800 0.079676
0.711157 0.560204 0.451659 16777215 0.371820
0.293623 0.779802 0.473832 10790566 0.557963
0.975978 0.281495 0.474674 16777215 0.000030
0.979729 0.585144 0.514715 16777215 0.186748
0.329001 0.226929 0.523592 16777215 0.000015
0.749716 0.229435 0.534864 7236716 0.792727
0.688446 0.530580 0.463042 16777215 0.220831
0.746528 0.753523 0.531935 16777215 0.000025
0.968318 0.725899 0.534877 16777215 0.000039
0.185001 0.521025 0.519468 16777215 0.001201
0.050030 0.358988 0.532926 16777215 0.000096
0.993715 0.494184 0.466839 16777215 0.000000
0.044022 0.401927 0.531103 16777215 0.000000
0.270614 0.579562 0.546801 16777215 0.044036
0.948259 0.636033 0.542350 16777215 0.005818
0.661221 0.561073 0.537587 16777215 0.000201
0.021453 0.344626 0.459496 16777215 0.000032
0.016037 0.433208 0.477829 16777215 0.149157
0.992675 0.744296 0.458139 16317434 0.000015
0.979963 0.572667 0.464839 15856880 0.019705
0.719815 0.210851 0.471575 6579815 0.006540
0.030092 0.794133 0.452568 13816530 0.997977
0.055086 0.782701 0.545638 16777215 0.456699
0.178196 0.471550 0.463410 16777215 0.000031
0.319697 0.516994 0.470750 16777215 0.001206
0.020911 0.579724 0.458953 16777215 0.000005
0.828858 0.471533 0.463573 16777215 0.012028
0.972924 0.601930 0.531103 16777215 0.001097
0.035239 0.598013 0.525785 16777215 0.880757
0.200820 0.563380 0.479319 16317693 0.229335
0.792181 0.449446 0.462081 16777215 0.160601
0.041565 0.536691 0.534733 16777215 0.000461
0.039747 0.639827 0.532812 16777215 0.000512
0.974969 0.694045 0.463802 16777215 0.000307
0.766416 0.418437 0.545316 16777215 0.136604
0.991163 0.396178 0.521371 16777215 0.000011
0.981582 0.412902 0.521967 16777215 0.027616
0.553952 0.218391 0.510178 16777215 0.993136
0.172177 0.437145 0.538730 16777215 0.001343
0.984207 0.437857 0.490405 16777215 0.000002
0.317477 0.787025 0.537296 14211031 0.631151
0.030389 0.726428 0.523382 16777215 0.035084
0.636695 0.795528 0.523394 10856873 0.000241
0.046818 0.434824 0.530626 16777215 0.000045
0.969749 0.639066 0.498136 16777215 0.065213
0.199525 0.210677 0.533798 10196890 0.000163
0.160495 0.209585 0.467106 9736593 0.999824
0.980884 0.292552 0.509507 16777215 0.021325
0.019769 0.536087 0.459759 15987953 0.288877
0.808268 0.439861 0.542201 16777215 0.008549
0.966540 0.409654 0.516372 16777215 0.304325
0.432735 0.775886 0.455973 16777215 0.004777
0.274651 0.218129 0.467647 14408925 0.998017
0.976813 0.397627 0.522205 16711422 0.191373
0.928618 0.554504 0.521148 16777215 0.000068
0.911804 0.633878 0.530764 16777215 0.011398
0.033500 0.427852 0.507694 16775935 0.815685
0.603962 0.776625 0.521587 16777215 0.967970
0.341348 0.787843 0.532830 16777215 0.966083
0.963060 0.643232 0.537390 16777215 0.000661
0.745216 0.203817 0.454156 11316396 0.996649
0.550233 0.785651 0.541573 16777215 0.000011
0.947998 0.584209 0.512056 16777215 0.000969
0.012071 0.324277 0.465767 12829120 0.911936
0.387173 0.793347 0.544838 16777215 0.137731
0.914027 0.343935 0.550745 16777215 0.000019
0.779331 0.784677 0.543401 16777215 0.944627
0.590986 0.721023 0.473602 16777215 0.000000
0.995320 0.374476 0.493888 16777215 0.000002
0.992607 0.658663 0.487768 16777213 0.000000
0.987940 0.617081 0.482318 16777215 0.000006
0.433736 0.212775 0.522029 4933962 0.058609
0.036766 0.432407 0.543638 16777215 0.000046
0.591258 0.780645 0.527198 16777215 0.969575
0.486421 0.779561 0.542695 16777215 0.000000
0.476044 0.203458 0.470493 7171177 0.998649
0.957085 0.370372 0.540359 16777215 0.000050
0.583607 0.774429 0.464010 16777215 0.000005
0.969170 0.499709 0.492896 16777215 0.000025
0.759663 0.786507 0.455732 16119797 0.102580
0.987173 0.507061 0.484705 16645880 0.000000
0.026646 0.424523 0.524194 16777215 0.217297
0.983413 0.663948 0.496641 16777213 0.000024
0.971645 0.551633 0.474086 15529202 0.000005
0.167312 0.384335 0.497359 16777215 0.000028
0.699885 0.783464 0.535923 16777215 0.963421
0.715588 0.784952 0.456435 15724529 0.614019
0.035581 0.483586 0.534076 16777215 0.000014
0.645952 0.784958 0.539797 16777215 0.078915
0.552883 0.797342 0.453323 16382715 0.953228
0.783002 0.791245 0.547369 16777215 0.999016
0.854293 0.498802 0.543778 16777215 0.000000
0.432280 0.779368 0.469364 9474704 0.968890
0.419240 0.222538 0.463477 11184547 0.999257
0.853874 0.218722 0.521846 8225154 0.000973
0.028066 0.781844 0.523455 16777215 0.775805
0.970772 0.334341 0.542290 16777215 0.033051
0.029061 0.757642 0.499798 16777215 0.025347
0.958736 0.216211 0.536427 15398124 0.272522
0.988086 0.752086 0.506274 16777215 0.000956
0.028087 0.789684 0.543548 16777215 0.099343
0.885365 0.224816 0.540064 16777215 0.755056
0.158994 0.787623 0.500567 12369339 0.000330
0.711408 0.564921 0.488484 15923189 0.628744
0.966145 0.305398 0.536981 16777215 0.029979
0.883754 0.783672 0.516499 10394261 0.000559
0.012681 0.220245 0.517440 16777215 0.986092
0.838133 0.781954 0.516897 12171449 0.000107
0.724043 0.792296 0.523646 10065561 0.000113
0.952654 0.284442 0.532098 16777215 0.794388
0.967308 0.344385 0.466883 16579835 0.000068
0.020267 0.217008 0.522698 16777215 0.984773
0.933446 0.786117 0.517077 11713973 0.678527
0.022925 0.496735 0.484143 11510187 0.107260
0.007496 0.296791 0.470743 10987431 0.000134
0.019391 0.673503 0.525965 16711677 0.884045
0.598633 0.237666 0.526339 10264222 0.000307
0.020903 0.464544 0.509286 15922163 0.567277
0.981770 0.328312 0.466092 16777215 0.000030
0.546673 0.788368 0.505672 12040118 0.000071
0.738688 0.784451 0.529844 12171703 0.000031
0.599978 0.788988 0.531329 11974068 0.000055
0.704905 0.226021 0.542269 16777215 0.226471
0.498661 0.780537 0.461719 16777215 0.202680
0.690831 0.212584 0.527441 6711658 0.000131
0.014158 0.391844 0.508813 11447981 0.028619
0.127199 0.216751 0.491703 16777215 0.430476
0.710819 0.556061 0.515014 16777215 0.006705
0.037913 0.283244 0.504612 16777215 0.000013
0.048938 0.693270 0.540246 16777215 0.000001
0.004362 0.602140 0.459093 9079177 0.034679
0.094018 0.782833 0.474938 12501439 0.022983
0.012718 0.578132 0.513604 12698294 0.000579
0.193314 0.780033 0.535802 16777215 0.000011
0.559447 0.777038 0.522162 16777215 0.000003
0.990472 0.496652 0.508890 16645883 0.000006
0.903610 0.779730 0.533144 16777215 0.008125
0.966191 0.704275 0.500523 16777215 0.000016
0.055967 0.203848 0.457925 11776946 0.992191
0.025914 0.267985 0.523750 16777215 0.477420
0.723281 0.234499 0.532312 16777215 0.001011
0.381376 0.786250 0.505692 12171965 0.904274
0.296191 0.217891 0.473384 6513506 0.437511
0.122052 0.778925 0.469878 16448506 0.008642
0.303394 0.202680 0.464130 7698038 0.000013
0.103603 0.778532 0.533838 16777215 0.000640
0.177271 0.506363 0.549574 16777215 0.004998
0.978023 0.579714 0.465373 16579836 0.000008
0.591850 0.204436 0.533421 6381406 0.138983
0.035831 0.328439 0.527856 16777215 0.790148
0.533922 0.222196 0.537924 16777215 0.000796
0.187823 0.542983 0.533864 16777215 0.004398
0.985978 0.446831 0.513088 16777215 0.130032
0.681824 0.514821 0.455639 16777215 0.128889
0.005086 0.364767 0.501039 10987944 0.009411
0.982554 0.205603 0.520246 8487557 0.971874
0.966493 0.605145 0.537886 16777215 0.015656
0.726646 0.566625 0.461952 16777215 0.237045
0.982404 0.561086 0.516743 16777215 0.187594
0.951141 0.600435 0.538254 16777215 0.000182
0.762462 0.782058 0.542264 16777215 0.000034
0.927610 0.518021 0.536426 16777215 0.000018
0.473956 0.216522 0.484879 10395810 0.000005
0.178431 0.526094 0.535497 16777215 0.000559
0.044434 0.375683 0.535372 16777215 0.000000
0.983439 0.775589 0.530787 16777215 0.001304
0.989892 0.546111 0.508086 16777215 0.000044
0.975445 0.441491 0.470184 15528429 0.001010
0.659938 0.533370 0.497986 16777215 0.000143
0.047278 0.340497 0.456777 16777215 0.000007
0.932897 0.650322 0.526723 16777215 0.000393
0.197992 0.226830 0.480812 9671572 0.000069
0.323282 0.790036 0.475368 12105911 0.334162
0.213993 0.424222 0.527108 16777215 0.646545
0.832842 0.423052 0.547040 16777215 0.007662
0.959913 0.342726 0.538157 16777215 0.000533
0.706992 0.236721 0.533063 16777215 0.000070
0.035146 0.683602 0.534146 16777215 0.263478
0.668512 0.784384 0.535500 16777215 0.000000
0.960795 0.541580 0.539881 16777215 0.001732
0.625017 0.775044 0.522381 16777215 0.947980
0.803229 0.446408 0.464440 16777215 0.013811
0.043122 0.569386 0.530602 16777215 0.007193
0.746378 0.432368 0.526374 16777215 0.175576
0.991578 0.406695 0.497708 16776191 0.000010
0.012749 0.668025 0.525677 16777215 0.036846
0.797784 0.790939 0.545587 16777215 0.034807
0.396228 0.208220 0.543985 16777215 0.999920
0.771461 0.781612 0.529110 16777215 0.784831
0.009079 0.516133 0.470298 11513257 0.006211
0.245864 0.574662 0.477230 16776184 0.001340
0.990770 0.438691 0.510290 15792633 0.000005
0.317336 0.785862 0.506744 12895427 0.569745
0.911398 0.202332 0.454179 8026744 0.999987
0.045246 0.706666 0.527011 16777215 0.414516
0.965607 0.495223 0.534310 16777215 0.000807
0.013617 0.674334 0.514918 16777215 0.050693
0.282272 0.222136 0.461933 16777215 0.021696
0.061647 0.694379 0.533017 16777215 0.000030
0.015071 0.444863 0.458582 16777215 0.919112
0.252960 0.423798 0.461166 16777215 0.020653
0.531551 0.793163 0.454513 16776701 0.814766
0.629914 0.755437 0.528792 14476768 0.000135
0.670074 0.772599 0.466968 16777215 0.000000
0.547429 0.796319 0.452644 15395305 0.972917
0.044946 0.465925 0.536630 16777215 0.000124
0.646812 0.787346 0.469769 11581107 0.841232
0.658186 0.798123 0.468728 10132381 0.948067
0.665525 0.521239 0.531342 16777215 0.000000
0.813312 0.454959 0.530159 16777215 0.007981
0.290134 0.768552 0.537857 16777215 0.000068
0.987928 0.673650 0.527399 16777215 0.028457
0.484666 0.784552 0.462671 15264750 0.002569
0.866703 0.209698 0.458136 8092282 0.999813
0.404285 0.787655 0.538673 16777215 0.938283
0.151275 0.218086 0.483285 12171704 0.996973
0.985250 0.543904 0.466904 16777215 0.010118
0.567305 0.238789 0.515323 9211534 0.717104
0.531703 0.767691 0.526848 16777215 0.789486
0.644934 0.789950 0.530043 16777215 0.974305
0.300432 0.779171 0.508522 16777215 0.370786
0.487828 0.777438 0.526619 13025732 0.000182
0.718373 0.778157 0.544812 16777215 0.000000
0.975177 0.502898 0.465695 16777208 0.000000
0.105375 0.786022 0.543401 16777215 0.908507
0.640350 0.725801 0.545209 16777215 0.000000
0.030160 0.544493 0.539933 16777215 0.003207
0.833890 0.510706 0.542324 16777215 0.000027
0.956126 0.202821 0.453893 13027014 0.999952
0.481434 0.757700 0.513163 16777215 0.000002
0.536912 0.204736 0.477003 10724515 0.999985
0.011156 0.728981 0.492218 11513777 0.003460
0.437519 0.785430 0.511536 12633281 0.000399
0.517264 0.776890 0.468725 10066330 0.697214
0.446790 0.783193 0.524267 11907507 0.847964
0.981009 0.567947 0.465147 16250610 0.000000
0.027853 0.592257 0.543366 16777215 0.012569
0.815481 0.590126 0.530323 16777215 0.000000
0.992782 0.611609 0.458271 16317174 0.000866
0.970869 0.208839 0.455613 14540254 0.999480
0.027740 0.541805 0.521764 16777215 0.018071
0.057207 0.214778 0.525229 16777215 0.716817
0.002412 0.214026 0.456098 9211020 0.959483
0.813182 0.214918 0.534639 16777215 0.996800
0.986351 0.755541 0.509306 16777215 0.000412
0.963178 0.343327 0.514394 16777215 0.000164
0.912938 0.794305 0.453975 14736858 0.977549
0.971413 0.687142 0.467986 16316150 0.000057
0.026480 0.643112 0.500045 13488080 0.000613
0.420540 0.772019 0.517856 16054254 0.000263
0.876762 0.778842 0.523059 12171186 0.003519
0.967599 0.749800 0.464171 16120056 0.000085
0.319663 0.248808 0.516077 16777215 0.000034
0.010964 0.525128 0.521650 16777215 0.630171
0.014494 0.732115 0.524102 14145749 0.917850
0.111846 0.794347 0.453587 16777215 0.478969
0.006024 0.732289 0.463115 9869208 0.001490
0.017763 0.280639 0.504551 11712177 0.002601
0.975580 0.348656 0.466747 16250873 0.000071
0.733168 0.788178 0.452848 16777215 0.926647
0.015531 0.601888 0.530127 16777215 0.934902
0.466735 0.232220 0.532349 16777215 0.000594
0.641391 0.219741 0.509331 7831419 0.000307
0.591214 0.774565 0.508822 16777215 0.000049
0.608661 0.779841 0.513179 11843762 0.000037
0.705660 0.214081 0.544442 16777215 0.504382
0.639749 0.774679 0.465583 16184565 0.024243
0.380256 0.205284 0.470098 8552832 0.073050
0.700802 0.542327 0.516566 16777215 0.014825
0.006988 0.699523 0.457199 16777215 0.967808
0.008030 0.708189 0.470656 11974068 0.041301
0.817523 0.776702 0.463542 15921389 0.078569
0.112542 0.210644 0.524791 9672340 0.000054
0.022739 0.644536 0.458678 16777215 0.000153
0.019120 0.528695 0.461761 15395301 0.611162
0.546689 0.755699 0.540995 16777215 0.000003
0.503417 0.760071 0.521539 16777215 0.000273
0.141584 0.571097 0.488185 16777215 0.001472
0.463253 0.793627 0.472452 11711924 0.348502
0.968108 0.699702 0.504175 16777215 0.000022
0.961049 0.712887 0.543117 16777215 0.010396
0.029816 0.288973 0.523352 16777215 0.549980
0.941122 0.789234 0.508845 16773364 0.997741
0.803312 0.206483 0.470281 7500659 0.003478
0.450601 0.206820 0.467907 7368558 0.001029
0.408164 0.261222 0.518243 16777215 0.000000
0.149312 0.770866 0.523494 16777215 0.008075
0.474902 0.782275 0.458335 16777215 0.423177
0.587636 0.782926 0.486319 14147039 0.003114
0.799771 0.209932 0.541882 7171438 0.954788
0.761086 0.229214 0.512696 16777215 0.989658
0.703998 0.775043 0.470311 12237495 0.988674
0.968711 0.439063 0.529840 16777215 0.123856
0.582540 0.785476 0.461981 12105911 0.999138
0.982326 0.616912 0.476590 16777211 0.031180
0.016447 0.344408 0.512314 12894914 0.011401
0.989982 0.695379 0.469208 16514046 0.000017
0.489098 0.206573 0.458319 15724527 0.991555
0.465869 0.209251 0.542527 16777215 0.997338
0.810700 0.775962 0.528436 13421514 0.000246
0.602249 0.790871 0.533112 11907765 0.868750
0.978788 0.526208 0.510588 16777215 0.000127
0.316794 0.515617 0.541665 16777215 0.862066
0.989431 0.638837 0.518828 16777215 0.138086
0.361307 0.226961 0.533622 16777215 0.000006
0.937666 0.558378 0.534260 16777215 0.001541
0.917610 0.517092 0.527183 16777215 0.000066
0.986996 0.209510 0.486962 6249563 0.868869
0.178446 0.524276 0.520249 16777215 0.000990
0.043699 0.370932 0.530815 16777215 0.000001
0.982368 0.584405 0.515238 16775927 0.000092
0.721763 0.210934 0.462035 8816261 0.999378
0.978654 0.464247 0.465271 16777215 0.004181
0.679360 0.541455 0.520396 16777215 0.000533
0.970881 0.675426 0.539691 16777215 0.001375
0.014650 0.337388 0.469146 15855342 0.613878
0.969253 0.222555 0.519613 6051927 0.876503
0.728905 0.426690 0.532470 16777215 0.297543
0.010162 0.590205 0.476249 11907761 0.000889
0.784723 0.226464 0.459393 16777215 0.035342
0.595833 0.218711 0.542218 16777215 0.978157
0.426696 0.210451 0.534329 8684932 0.000760
0.930858 0.305305 0.540283 16777215 0.000776
0.524678 0.204347 0.466372 14148324 0.997500
0.582691 0.777366 0.502681 16777215 0.000013
0.846127 0.455676 0.463379 16777215 0.067137
0.671766 0.238402 0.454288 16777215 0.007447
0.968865 0.441285 0.535821 16777215 0.001925
0.448760 0.773462 0.459231 16777215 0.000000
0.023487 0.601566 0.548364 16777215 0.864842
0.226816 0.578381 0.536326 16777215 0.694226
0.337157 0.770745 0.522788 16777215 0.000003
0.965653 0.432402 0.541000 16777215 0.003502
0.989623 0.433291 0.509176 16776703 0.000006
0.836230 0.779330 0.522829 16777215 0.057863
0.649363 0.749492 0.542561 16777215 0.000000
0.306839 0.785587 0.519337 13290188 0.735981
0.501653 0.210366 0.463605 16777215 0.247408
0.266362 0.207608 0.544796 16777215 0.999530
0.392652 0.211581 0.508285 8946310 0.000000
0.398985 0.209598 0.542714 16777215 0.999958
0.016970 0.628218 0.514490 16777215 0.560836
0.033892 0.501277 0.530167 16777215 0.482710
0.009178 0.512269 0.477359 13419978 0.042860
0.708889 0.762426 0.460471 16777215 0.000000
0.042001 0.498213 0.536938 16777215 0.000328
0.694594 0.423861 0.455707 16777215 0.000000
0.703092 0.217733 0.465428 13092811 0.999927
0.974880 0.207935 0.452805 14869218 0.999516
0.176955 0.204913 0.533829 9210765 0.008236
0.962232 0.537569 0.542677 16777215 0.471720
0.451420 0.796443 0.453127 15329769 0.998526
0.976277 0.304210 0.522554 16777215 0.079237
0.663744 0.489278 0.545926 16777215 0.000000
0.025280 0.588944 0.549633 16777215 0.989507
0.027427 0.613127 0.531476 16777215 0.060796
0.509053 0.776962 0.462249 16777215 0.019602
0.270643 0.222063 0.486391 14738661 0.995473
0.171529 0.789710 0.537606 16119028 0.999409
0.009663 0.398468 0.473885 12830920 0.997315
0.253459 0.789538 0.459034 15987956 0.996357
0.806465 0.564496 0.539026 16777215 0.000000
0.994136 0.757410 0.519387 16777215 0.000097
0.043249 0.486362 0.497154 16777215 0.000021
0.291203 0.776016 0.504682 16777215 0.000161
0.007458 0.564799 0.516466 10328730 0.400798
0.944043 0.200679 0.456695 5988191 0.999930
0.661615 0.774396 0.543125 16777215 0.000759
0.283781 0.223757 0.546583 16777215 0.999957
0.137998 0.797499 0.453035 13159115 0.992579
0.988659 0.330812 0.518124 16777215 0.000006
0.020303 0.563968 0.530655 16777215 0.017086
0.296336 0.786668 0.535645 12961221 0.942279
0.005150 0.678347 0.471629 11712698 0.993565
0.838065 0.481110 0.535489 16777215 0.002160
0.298058 0.785694 0.530559 16777215 0.001160
0.158658 0.787522 0.541277 16777215 0.003938
0.353103 0.215609 0.541385 16777215 0.998276
0.968460 0.372069 0.459603 16777215 0.000030
0.781796 0.788393 0.455352 15856112 0.995118
0.454288 0.216950 0.540829 7500658 0.038374
0.949229 0.676879 0.537047 16777215 0.017146
0.032676 0.564592 0.539530 16777215 0.039466
0.292856 0.791405 0.535427 14606302 0.961593
0.319031 0.796751 0.453067 12105912 0.999379
0.556078 0.771751 0.466408 16777215 0.906240
0.302459 0.786350 0.543496 16777215 0.000223
0.010537 0.305438 0.479869 12105401 0.988069
0.415709 0.800296 0.456489 11119273 0.995427
0.090671 0.207694 0.541433 16777215 0.993708
0.860139 0.241274 0.516112 9142147 0.002661
0.986550 0.749293 0.519008 16777215 0.001029
0.981662 0.718402 0.472689 15395301 0.000141
0.028750 0.657483 0.509886 12830659 0.000784
0.196121 0.797622 0.543505 12697793 0.996350
0.522229 0.790971 0.532269 11579568 0.002072
0.815095 0.223590 0.544758 16777215 0.000027
0.700311 0.449894 0.500856 16777215 0.832604
0.984333 0.797553 0.458147 6249304 0.997697
0.035748 0.244143 0.522060 11842997 0.309906
0.004549 0.680645 0.453715 14343388 0.999501
0.004472 0.758652 0.527630 12106168 0.179856
0.987095 0.208859 0.495469 8552833 0.989878
0.897078 0.783717 0.532790 12303546 0.004189
0.817022 0.794720 0.533005 10000792 0.000190
0.318329 0.235930 0.537531 16777215 0.000014
0.710033 0.791344 0.532677 13092550 0.003315
0.115878 0.790425 0.532619 13619411 0.026547
0.969211 0.305171 0.528995 16777215 0.799105
0.004665 0.592920 0.465962 10592416 0.000615
0.016977 0.265213 0.504507 11184038 0.002157
0.876574 0.785854 0.535187 11842484 0.487492
0.153463 0.202619 0.456735 9934741 0.993632
0.889788 0.798981 0.545302 7105901 0.999286
0.368798 0.234396 0.539939 16777215 0.000005
0.943285 0.201832 0.461576 6645092 0.272998
0.734463 0.794273 0.525160 10987173 0.000032
0.004067 0.355260 0.524031 14803169 0.642440
0.275013 0.211825 0.539367 10461344 0.000018
0.497174 0.783228 0.473694 16777215 0.506497
0.567805 0.790855 0.520252 10527136 0.000107
0.745850 0.789851 0.535188 13224135 0.000111
0.674666 0.788096 0.528193 10066846 0.000402
0.297565 0.788832 0.542634 16777215 0.938518
0.612929 0.781185 0.461666 16448761 0.035895
0.539134 0.200758 0.541879 2105118 0.965551
0.716551 0.553301 0.533288 16777215 0.011174
0.039715 0.261305 0.538122 16777215 0.000003
0.093061 0.794065 0.465236 11974328 0.014296
0.986911 0.207661 0.463073 7105387 0.999229
0.987180 0.229788 0.537801 16777215 0.993956
0.025473 0.589007 0.515324 12961478 0.001049
0.016446 0.789405 0.527987 15067365 0.077638
0.218862 0.787697 0.536527 16645629 0.803527
0.045051 0.666608 0.456822 16777215 0.000025
0.210142 0.782663 0.538444 16777215 0.000456
0.574570 0.785268 0.546014 16777215 0.000054
0.880189 0.769491 0.542421 16777215 0.013531
0.990864 0.634536 0.506623 16777213 0.000006
0.996648 0.416967 0.451570 15197926 0.999855
0.973340 0.779726 0.536137 16777215 0.345198
0.021617 0.219847 0.526909 16777215 0.100347
0.785502 0.206381 0.536550 6184543 0.894546
0.469234 0.210345 0.473674 6447970 0.000898
0.387767 0.798600 0.545047 13027270 0.999092
0.329379 0.209067 0.470472 6974310 0.308888
0.580736 0.204308 0.540059 5855578 0.001513
0.834546 0.791000 0.478955 10329758 0.000569
0.400050 0.202861 0.464191 8158589 0.000009
0.427015 0.791781 0.452344 16777215 0.770905
0.262580 0.203509 0.530917 8815490 0.030849
0.697577 0.439111 0.549337 16777215 0.000027
0.977258 0.410727 0.464041 16777215 0.000784
0.419451 0.206447 0.547501 16777215 0.999505
0.563626 0.227588 0.546358 16777215 0.001680
0.985978 0.337081 0.481723 16777215 0.000337
0.995041 0.646021 0.454629 16447992 0.567492
0.687198 0.467231 0.539471 16777215 0.272812
0.275613 0.576526 0.468721 16777215 0.000000
0.687686 0.538169 0.491611 16777215 0.028693
0.027124 0.338462 0.514172 10922409 0.008109
0.601397 0.788725 0.531901 13027271 0.940743
0.982871 0.536981 0.508862 16777215 0.000157
0.713889 0.576933 0.479922 16777215 0.014476
0.233055 0.204828 0.523914 8815492 0.000003
0.981194 0.588032 0.515476 16777215 0.155685
0.268694 0.219512 0.531733 16777215 0.000023
0.721276 0.785462 0.545598 16777215 0.000058
0.701981 0.560623 0.467440 14474717 0.128992
0.997329 0.794304 0.458948 16183794 0.996245
0.178439 0.522737 0.538567 16777215 0.000613
0.564477 0.233481 0.524314 11447469 0.000009
0.046851 0.362704 0.531672 16777215 0.000858
0.985340 0.581602 0.512994 16777215 0.000047
0.984228 0.495006 0.463484 15395817 0.020054
0.403973 0.774529 0.521953 16777215 0.026890
0.693291 0.517336 0.518058 16777215 0.001809
0.287397 0.553168 0.542568 16777215 0.979762
0.935863 0.217773 0.533490 9474704 0.835183
0.450205 0.199480 0.454761 2171425 0.947116
0.205136 0.428374 0.515921 16777215 0.549557
0.018403 0.776092 0.539851 16777215 0.077067
0.976779 0.630560 0.527200 16777215 0.131713
0.163216 0.430263 0.465045 16777215 0.000000
0.323999 0.484469 0.474386 16777215 0.032311
0.199757 0.550781 0.477556 16777215 0.007775
0.777586 0.566001 0.453115 16777215 0.017574
0.904727 0.214917 0.455990 16711678 0.184228
0.978834 0.488329 0.510055 16777215 0.007869
0.816542 0.796076 0.452845 16777215 0.929900
0.301404 0.444566 0.545738 16777215 0.926472
0.980252 0.674727 0.526274 16777215 0.096154
0.393891 0.772199 0.459473 16777215 0.000000
0.731114 0.575362 0.537409 16777215 0.069091
0.348169 0.210944 0.458639 16777215 0.948108
0.903800 0.203416 0.452102 12303291 0.999651
0.842115 0.782436 0.537224 16777215 0.073597
0.232384 0.571102 0.476175 16777215 0.002651
0.271017 0.791268 0.540141 16777215 0.979026
0.025670 0.291143 0.518469 15067109 0.881155
0.983910 0.621548 0.463716 16185591 0.000165
0.043353 0.713469 0.544462 16777215 0.522277
0.265601 0.218391 0.523933 8487040 0.000000
0.041272 0.697816 0.530014 16777215 0.000018
0.005679 0.306556 0.461466 13027013 0.992023
0.244747 0.424837 0.453797 16777215 0.005457
0.322663 0.564610 0.465174 16777215 0.000842
0.026330 0.484548 0.530408 16777215 0.367193
0.686532 0.749472 0.466465 16777215 0.000000
0.988904 0.449037 0.458416 16777215 0.000000
0.513475 0.790481 0.546067 16777215 0.995726
0.530639 0.789485 0.537269 13422030 0.999448
0.233743 0.768236 0.538575 16777215 0.000000
0.290918 0.208212 0.546689 16777215 0.999737
0.221843 0.211461 0.524772 8224381 0.003799
0.024387 0.518949 0.465150 15790321 0.569999
0.367534 0.786309 0.463962 16777215 0.838581
0.994826 0.477953 0.451587 16514299 0.999888
0.400105 0.785128 0.539926 16777215 0.000063
0.443907 0.773116 0.463293 16777215 0.013306
0.439931 0.780309 0.528240 16777215 0.994999
0.760523 0.202976 0.454097 10330015 0.999811
0.753305 0.202914 0.452812 10395293 0.999992
0.597250 0.207011 0.546358 16053749 0.999976
0.588454 0.784230 0.536124 16777215 0.964740
0.808282 0.573622 0.556172 16777215 0.000004
0.025305 0.630155 0.461649 15132136 0.945665
0.477048 0.794626 0.475202 11119020 0.466681
0.983743 0.538760 0.490707 16777215 0.000041
0.780608 0.209037 0.453760 14014166 0.998572
0.056674 0.516543 0.526873 16777215 0.016708
0.557569 0.206003 0.463488 10262935 0.999884
0.320247 0.214073 0.542388 16777215 0.964008
0.989675 0.391836 0.470719 16777215 0.000051
0.986516 0.563956 0.480314 16383483 0.000000
0.531170 0.206576 0.509684 8289918 0.000000
0.304646 0.787957 0.496402 11119019 0.000748
0.150934 0.772062 0.480728 14540257 0.011390
0.980178 0.450892 0.461927 16777213 0.000019
0.991600 0.486021 0.460957 16776959 0.000001
0.454288 0.209964 0.530587 6119777 0.000000
0.974025 0.610265 0.544245 16777215 0.059792
0.026282 0.498639 0.545795 16777215 0.071844
0.025616 0.480174 0.549286 16777215 0.968320
0.358083 0.783054 0.539647 16777215 0.993044
0.563770 0.787290 0.533627 16777215 0.998748
0.197112 0.204841 0.547928 16777215 0.999529
0.975548 0.286198 0.461578 16777215 0.000060
0.856310 0.789993 0.458618 16777215 0.355927
0.233481 0.210370 0.538043 16777215 0.968372
0.989787 0.567670 0.477738 16777215 0.000000
0.467696 0.209934 0.523016 7170665 0.000001
0.267451 0.785145 0.461523 11447468 0.000728
0.577041 0.214025 0.520033 7368559 0.000003
0.152912 0.789505 0.453172 16777215 0.211332
0.833884 0.203098 0.538891 6380379 0.985684
0.976489 0.387090 0.461573 16711679 0.000012
0.991489 0.475797 0.465491 16777215 0.000000
0.969565 0.559718 0.535095 16777215 0.006765
0.392689 0.210033 0.526393 8026234 0.000000
0.312563 0.791384 0.539002 14474460 0.660230
0.966069 0.544333 0.532362 16777215 0.204131
0.978484 0.481203 0.524875 16777215 0.127173
0.894016 0.201706 0.456860 9868949 0.999960
0.024256 0.489905 0.549199 16777215 0.973765
0.258872 0.785115 0.544432 16777215 0.999869
0.043373 0.204303 0.535479 13618896 0.963850
0.835268 0.212862 0.535376 6776678 0.000219
0.996637 0.794669 0.472862 16119285 0.892492
0.974345 0.213805 0.487015 4540741 0.846822
0.814319 0.214287 0.545735 16777215 0.996600
0.120234 0.204267 0.452705 14868961 0.999918
0.003500 0.634660 0.455116 13750737 0.998074
0.994555 0.736207 0.515919 16777215 0.000049
0.987057 0.324586 0.513888 16777215 0.000026
0.974505 0.641781 0.457995 16250614 0.000025
0.994903 0.795270 0.524574 11644593 0.998595
0.011899 0.618264 0.483044 10395035 0.000477
0.830559 0.213772 0.545434 16777215 0.000364
0.178568 0.786248 0.496740 12961475 0.000382
0.995333 0.202839 0.464029 9408656 0.997651
0.182723 0.199977 0.453912 0 0.998158
0.938083 0.780800 0.534594 16777215 0.991381
0.882263 0.791630 0.523350 11316389 0.016099
0.006315 0.718709 0.520972 14474717 0.965617
0.364305 0.227556 0.539705 16777215 0.000125
0.015764 0.509752 0.509941 16777215 0.721242
0.014074 0.718745 0.463730 16777215 0.044683
0.974136 0.266816 0.536214 16777215 0.123143
0.005666 0.685407 0.464590 10198172 0.000680
0.018649 0.285880 0.511389 12238009 0.003348
0.763865 0.211745 0.543129 16777215 0.996335
0.972498 0.229183 0.536207 16777215 0.802934
0.019653 0.234886 0.545615 16777215 0.972070
0.016291 0.778697 0.463924 16776703 0.068941
0.948920 0.797579 0.531830 9081491 0.954540
0.010970 0.668695 0.465442 11382696 0.018741
0.586313 0.213910 0.538845 7500399 0.003746
0.547869 0.778301 0.462586 16777215 0.311037
0.648881 0.789300 0.509097 12105909 0.000120
0.668710 0.210582 0.543759 16777215 0.896757
0.558769 0.792402 0.456609 16777215 0.163374
0.649803 0.786635 0.457348 16777215 0.052028
0.764249 0.206723 0.519966 5659996 0.000399
0.046607 0.288134 0.535751 16777215 0.000006
0.995699 0.793627 0.495168 11842227 0.987529
0.018814 0.222025 0.483463 15263977 0.980294
0.127178 0.784647 0.474984 13882325 0.081571
0.132320 0.204449 0.533577 9211790 0.000054
0.995595 0.796294 0.463278 12106164 0.999502
0.958639 0.206761 0.539471 16777215 0.995408
0.846866 0.212898 0.539477 6447455 0.987312
0.619379 0.207891 0.547168 16777215 0.999502
0.017042 0.649181 0.456944 16777215 0.000555
0.014594 0.657768 0.458832 16777215 0.886605
0.235335 0.780477 0.529178 16777215 0.001543
0.560944 0.778006 0.533083 16777215 0.000107
0.009058 0.573307 0.475083 11910080 0.000239
0.226715 0.785363 0.459647 16777215 0.019821
0.920601 0.789866 0.545499 16777215 0.104486
0.991518 0.678868 0.518596 16711420 0.000003
0.763815 0.420306 0.466927 16777215 0.180170
0.048020 0.218100 0.474800 10527907 0.983620
0.207220 0.215892 0.544924 16777215 0.001838
0.963622 0.769670 0.534135 16777215 0.585830
0.005963 0.390460 0.461087 14408669 0.986942
0.763255 0.200605 0.544766 5197391 0.972809
0.435943 0.203759 0.466471 7565934 0.004948
0.955162 0.584969 0.534137 16777215 0.000026
0.349743 0.199255 0.456435 7171435 0.741635
0.502506 0.212565 0.473710 8092536 0.000006
0.815884 0.205441 0.460393 16777215 0.997835
0.296466 0.797280 0.452666 16777215 0.921440
0.169802 0.477452 0.538769 16777215 0.000641
0.977423 0.584975 0.472152 16317433 0.000009
0.489445 0.205313 0.548260 16777215 0.999555
0.956384 0.612664 0.518002 16777215 0.000042
0.803334 0.206084 0.543877 16777215 0.999777
0.985321 0.470122 0.516487 16777215 0.556582
0.581779 0.788772 0.466211 11513773 0.998608
0.992007 0.362654 0.463068 16185592 0.002308
0.272532 0.574278 0.451019 16777215 0.000021
0.684200 0.531946 0.484703 16777215 0.067215
0.273010 0.444872 0.476657 16777215 0.058041
0.995230 0.206391 0.514380 9539984 0.998821
0.691957 0.790276 0.515584 12104106 0.000955
0.035058 0.730010 0.533700 16777215 0.098616
0.538678 0.214203 0.543563 16777215 0.982665
0.984960 0.517540 0.512248 16777215 0.000046
0.223831 0.203114 0.527441 10461342 0.008664
0.716925 0.571617 0.464242 16777215 0.084319
0.982770 0.643948 0.522581 16777215 0.384141
0.300861 0.223338 0.536982 16777215 0.000095
0.957564 0.536313 0.543124 16777215 0.006994
0.912058 0.204526 0.451546 16777215 0.899563
0.736755 0.210851 0.537897 7500658 0.972573
0.033553 0.356852 0.508066 16777215 0.788278
0.038200 0.605791 0.543185 16777215 0.000096
0.018275 0.783927 0.538188 16777215 0.977044
0.032571 0.449270 0.543299 16777215 0.000004
0.972082 0.777448 0.527338 16777215 0.029604
0.581533 0.786452 0.454048 16777215 0.322616
0.692132 0.525323 0.538050 16777215 0.002479
0.035499 0.266911 0.529901 16777215 0.611286
0.883567 0.783779 0.469877 12303292 0.837664
0.012289 0.427473 0.461242 16777215 0.069784
0.949108 0.218163 0.535104 6579556 0.931327
0.541238 0.205106 0.550283 16777215 0.999973
0.249240 0.429010 0.536965 16777215 0.935721
0.020921 0.744651 0.531261 16777215 0.064418
0.953342 0.210856 0.450803 16777215 0.254026
0.759235 0.780390 0.525631 16777215 0.286109
0.956726 0.373375 0.542049 16777215 0.002824
0.204026 0.441256 0.455938 16777215 0.001137
0.676621 0.205624 0.539178 7171439 0.000020
0.984753 0.467988 0.518942 16777215 0.013255
0.727580 0.781896 0.458550 16776959 0.327085
0.390527 0.777708 0.458809 16777215 0.000000
0.922864 0.212976 0.539211 16777215 0.999485
0.023499 0.710259 0.547843 16777215 0.933940
0.821346 0.563969 0.450745 16777215 0.040092
0.944048 0.781481 0.463994 14933470 0.289771
0.390110 0.204502 0.542095 4868425 0.000798
0.053287 0.689600 0.541692 16777215 0.000032
0.015449 0.492853 0.520432 7893875 0.084170
0.616953 0.199383 0.458910 6974057 0.927113
0.265833 0.568800 0.549075 16777215 0.885404
0.727293 0.579067 0.536642 16777215 0.012676
0.392372 0.779110 0.543434 16777215 0.218064
0.985305 0.356369 0.520065 16777215 0.000008
0.960786 0.293094 0.529577 16777215 0.198979
0.235110 0.216107 0.546862 16777215 0.001105
0.634917 0.757381 0.535519 16777215 0.000001
0.028107 0.646260 0.459695 16777215 0.000000
0.255423 0.769735 0.542504 16777215 0.000000
0.138230 0.796609 0.452298 16777215 0.974104
0.877847 0.205497 0.454917 15000803 0.992701
0.373313 0.208668 0.539663 7631732 0.000037
0.028830 0.725498 0.532918 16777215 0.007871
0.961162 0.533706 0.539651 16777215 0.023569
0.295036 0.791371 0.525378 10921894 0.019203
0.839293 0.216065 0.536679 5263439 0.041513
0.712723 0.433885 0.465001 16777215 0.000008
0.521668 0.201785 0.454545 5066573 0.846956
0.029726 0.388085 0.543554 16777215 0.892102
0.962608 0.794722 0.461946 11448493 0.944433
0.524457 0.786110 0.458363 16777215 0.977485
0.616890 0.782866 0.462047 16317948 0.151689
0.257455 0.772515 0.514412 16777215 0.000000
0.726271 0.790917 0.464360 12632514 0.617810
0.783113 0.428958 0.546027 16777215 0.005282
0.207929 0.201125 0.532759 9342350 0.001404
0.138177 0.784411 0.460785 16777215 0.177286
0.546169 0.206111 0.540003 16777215 0.997711
0.984764 0.279095 0.513625 16777215 0.016840
0.965666 0.447072 0.531318 16777215 0.006419
0.976356 0.575502 0.537930 16777215 0.039704
0.387930 0.768174 0.543043 16777215 0.000093
0.201641 0.604686 0.465025 16777215 0.000657
0.540501 0.787221 0.534094 16777215 0.999001
0.359898 0.795004 0.458117 12171960 0.754103
0.055000 0.419895 0.526962 16777215 0.556069
0.175457 0.800191 0.456604 10526880 0.976578
0.355124 0.787274 0.467301 10724774 0.942440
0.005749 0.689947 0.460506 11975610 0.999607
0.591917 0.781256 0.524916 16777215 0.970801
0.945040 0.613130 0.510779 16777215 0.000534
0.611411 0.787065 0.542642 11645617 0.951725
0.978393 0.522366 0.513291 16777215 0.000099
0.955127 0.557745 0.540846 16777215 0.008962
0.054600 0.452254 0.538616 16777215 0.000000
0.582104 0.788353 0.540216 16777215 0.001265
0.993337 0.371269 0.452780 16777215 0.991998
0.659789 0.762328 0.537757 16777215 0.000000
0.986590 0.653384 0.482979 15659499 0.000131
0.513516 0.793212 0.539596 11316393 0.999845
0.379916 0.773805 0.519182 16777215 0.000302
0.719739 0.209457 0.456213 12040635 0.999999
0.850975 0.790374 0.539554 16580090 0.999854
0.467780 0.211903 0.495438 10199698 0.000000
0.012267 0.564304 0.516045 16777215 0.904176
0.965420 0.634833 0.534156 16777215 0.020057
0.683362 0.791776 0.533025 12895429 0.984924
0.817524 0.783999 0.535814 16777215 0.983171
0.192464 0.794146 0.542449 15527917 0.996037
0.037978 0.295857 0.540585 16777215 0.003617
0.747633 0.777041 0.542026 16777215 0.000000
0.896165 0.201878 0.475843 9342865 0.999568
0.660852 0.783723 0.543785 16777215 0.000002
0.009170 0.283407 0.480061 14212058 0.995990
0.014304 0.407553 0.462138 15263723 0.997190
0.016647 0.511409 0.523458 16777215 0.901055
0.003080 0.330360 0.529791 16777215 0.988145
0.972107 0.672897 0.537041 16777215 0.003590
0.847281 0.794155 0.547532 16777215 0.999141
0.173634 0.791936 0.544236 16777215 0.998557
0.043146 0.337567 0.533858 16777215 0.005951
0.687695 0.770598 0.517526 16777215 0.000000
0.977055 0.377927 0.526639 16777215 0.081699
0.492693 0.207685 0.462812 16777215 0.873204
0.390894 0.206344 0.534670 5131855 0.975674
0.720344 0.417526 0.546407 16777215 0.000057
0.656417 0.516154 0.499481 16777215 0.000002
0.335814 0.785821 0.460303 16777215 0.819719
0.464713 0.208703 0.457375 13685200 0.999987
0.978037 0.415501 0.531033 15987700 0.055909
0.058435 0.205655 0.532286 13159625 0.990424
0.871244 0.213654 0.526865 7106157 0.000642
0.007164 0.776115 0.501359 11118760 0.004225
0.692510 0.444039 0.486891 10461089 0.506130
0.990105 0.734831 0.514240 16777215 0.000398
0.974074 0.786675 0.520551 9276300 0.660721
0.983364 0.700839 0.460423 16514556 0.000129
0.974961 0.216136 0.494950 7171951 0.827400
0.015136 0.797640 0.487039 12632515 0.343217
0.886546 0.779334 0.518773 11645878 0.000180
0.185000 0.791568 0.529293 13026503 0.000091
0.976144 0.317322 0.528566 16777215 0.016641
0.883039 0.779186 0.523645 11581107 0.012384
0.020791 0.216871 0.520431 16777215 0.954200
0.313802 0.227314 0.529055 16777215 0.000209
0.004535 0.538078 0.514461 10987431 0.000077
0.003016 0.202900 0.465377 8882053 0.969835
0.112029 0.796446 0.537723 12434879 0.034474
0.985304 0.266349 0.521775 16777215 0.425956
0.958796 0.673331 0.535949 16777215 0.000513
0.003679 0.638957 0.465452 10263451 0.004983
0.516688 0.238951 0.527664 16777215 0.000302
0.621409 0.202470 0.539017 6579557 0.001160
0.605977 0.773857 0.543794 16777215 0.000189
0.960771 0.421520 0.528852 16777215 0.000002
0.758476 0.792988 0.522995 11316652 0.000087
0.657331 0.779658 0.506053 11316909 0.000229
0.253613 0.782374 0.548052 16777215 0.781730
0.509626 0.776079 0.459779 16777215 0.319700
0.592765 0.779413 0.457889 16447484 0.105702
0.479622 0.786866 0.469404 11645359 0.057630
0.341947 0.212898 0.459490 16777215 0.961217
0.711445 0.562348 0.510213 16777215 0.054514
0.959972 0.345625 0.548372 16777215 0.000911
0.979377 0.797451 0.467315 11907507 0.934797
0.297144 0.789465 0.508579 12628671 0.000079
0.004151 0.215949 0.454026 16777215 0.996884
0.769614 0.782825 0.464347 15001574 0.015683
0.987782 0.218269 0.531568 16777215 0.983064
0.011405 0.597542 0.525543 10263708 0.001807
0.884143 0.214728 0.535588 7303020 0.992583
0.679885 0.213331 0.545023 16777215 0.996735
0.581302 0.785404 0.525829 10461088 0.000068
0.014344 0.537351 0.466200 16645886 0.872880
0.505351 0.224922 0.538246 7698038 0.248046
0.377536 0.779385 0.540469 16777215 0.000001
0.011712 0.564508 0.470311 10394781 0.003328
0.984417 0.481916 0.508899 16777215 0.000010
0.942639 0.439179 0.544488 16777215 0.000000
0.967483 0.701827 0.508751 16777215 0.000025
0.002873 0.776734 0.529496 16777215 0.980273
0.939930 0.768618 0.534705 16777215 0.689996
0.027096 0.254129 0.519764 16777215 0.326952
0.961777 0.784086 0.531511 16777215 0.995031
0.513112 0.204590 0.462681 8026745 0.101219
0.424666 0.238648 0.527549 16777215 0.000003
0.958193 0.599905 0.542364 16777215 0.000054
0.469955 0.777972 0.468726 16777215 0.651845
0.072816 0.335626 0.523207 16777215 0.000001
0.165892 0.795595 0.525807 12763842 0.000005
0.087827 0.207949 0.537438 16777215 0.748968
0.139518 0.795780 0.546777 16777215 0.997666
0.267006 0.573368 0.456186 16777215 0.000000
0.005551 0.781371 0.454026 16777215 0.998514
0.996404 0.316942 0.452231 15856111 0.999065
0.546268 0.231696 0.539008 16777215 0.967780
0.979788 0.550207 0.527307 16777215 0.127573
0.039390 0.300326 0.529233 16777215 0.828320
0.003357 0.252874 0.453718 12171192 0.999657
0.042685 0.544673 0.542650 16777215 0.000083
0.969882 0.222393 0.486656 4408914 0.483363
0.183269 0.519341 0.515208 16777215 0.000711
0.357401 0.230493 0.542606 16777215 0.000000
0.963245 0.772308 0.525690 16777215 0.022128
0.984294 0.609874 0.511456 16777215 0.000043
0.686692 0.526574 0.543975 16777215 0.046992
0.037531 0.284748 0.531318 16777215 0.556399
0.013298 0.401670 0.467518 15658476 0.475723
0.988876 0.203603 0.529851 6447201 0.957162
0.316862 0.473546 0.540969 16777215 0.951353
0.758316 0.216814 0.492925 15987700 0.044148
0.987916 0.477167 0.520856 16777215 0.586833
0.917806 0.210482 0.534390 7239286 0.064428
0.319672 0.477843 0.464860 16777215 0.067588
0.645753 0.221772 0.541199 16777215 0.998364
0.947913 0.775900 0.536950 16777215 0.040956
0.718909 0.783710 0.509129 16777215 0.001125
0.314127 0.443694 0.545096 16777215 0.468151
0.978153 0.386662 0.532775 16777215 0.006820
0.787282 0.778587 0.458592 16777214 0.000012
0.782228 0.790236 0.456949 16777215 0.979629
0.938667 0.211391 0.542610 16777215 0.997120
0.694472 0.781337 0.542387 16777215 0.990491
0.040826 0.691766 0.531120 16777215 0.576857
0.679744 0.503016 0.547630 16777215 0.072041
0.969086 0.358716 0.542401 16777215 0.166201
0.718419 0.580495 0.539255 16777215 0.059053
0.345923 0.780404 0.540887 16777215 0.196211
0.613167 0.785863 0.465440 16777215 0.009384
0.819472 0.785460 0.530596 16777215 0.625226
0.518317 0.208778 0.540289 16777215 0.999652
0.619220 0.758440 0.536318 16777215 0.000001
0.003736 0.744492 0.454209 15066084 0.999848
0.639569 0.786064 0.526710 16777215 0.000077
0.042542 0.396846 0.541503 16777215 0.008295
0.987136 0.627320 0.487824 14672865 0.473123
0.000952 0.458560 0.453820 6513507 0.985079
0.699202 0.776170 0.463099 16382460 0.000000
0.171093 0.529838 0.537285 16777215 0.007348
0.480287 0.784619 0.543788 16777215 0.955897
0.478133 0.774225 0.538412 16777215 0.000000
0.282431 0.775979 0.526336 16777215 0.000000
0.784778 0.787512 0.472266 11052967 0.971928
0.176514 0.211968 0.539388 9473936 0.014213
0.514296 0.216666 0.539999 16777215 0.998442
0.491828 0.780797 0.464231 16448250 0.992578
0.512998 0.211600 0.466053 10329501 0.999107
0.165533 0.786254 0.529660 13749453 0.000498
0.980207 0.472400 0.517532 16777215 0.003016
0.005163 0.321665 0.453989 14145751 0.999930
0.242492 0.209248 0.540879 14013911 0.999993
0.418877 0.219345 0.546424 16777215 0.999993
0.014141 0.627366 0.536538 16777215 0.022174
0.448296 0.772651 0.463785 16777215 0.014204
0.449101 0.794250 0.519281 12235699 0.010760
0.005466 0.305084 0.454579 14540251 0.999950
0.467155 0.786738 0.531264 16579579 0.998948
0.983020 0.346158 0.518405 16777215 0.080779
0.341605 0.209618 0.541677 16777215 0.999998
0.344229 0.782983 0.545152 16777215 0.000028
0.363024 0.786403 0.541114 15526378 0.991146
0.985327 0.445847 0.467940 16646143 0.000275
0.944707 0.538596 0.522388 16777215 0.021473
0.777453 0.791315 0.536790 11580080 0.999674
0.238189 0.778061 0.467148 12368314 0.607117
0.784727 0.205276 0.465363 8617595 0.999946
0.568381 0.782189 0.535667 16777215 0.003149
0.745142 0.789983 0.536260 14803425 0.999858
0.746524 0.786295 0.544894 16777215 0.985217
0.968399 0.581426 0.490237 16777215 0.000003
0.375674 0.217985 0.469592 16777215 0.000031
0.960003 0.540931 0.541064 16777215 0.023886
0.933992 0.346531 0.530219 16777215 0.001268
0.393657 0.744044 0.524484 16777215 0.001255
0.959450 0.568426 0.543494 16777215 0.001389
0.320311 0.205053 0.539677 7763572 0.995746
0.966027 0.555486 0.535801 16777215 0.022580
0.944830 0.646155 0.538681 16777215 0.010719
0.952961 0.400397 0.507702 16777215 0.025928
0.003966 0.587231 0.519134 10658722 0.000476
0.172512 0.787538 0.494867 13158848 0.000022
0.519049 0.753092 0.518759 16777215 0.000000
0.743836 0.771018 0.537677 16777215 0.000000
0.525833 0.776603 0.464527 16777215 0.000001
0.651569 0.201202 0.534149 4540231 0.940957
0.927713 0.528645 0.539002 16777215 0.000047
0.025809 0.386418 0.534602 16777215 0.000014
0.260635 0.777252 0.460178 16777215 0.001080
0.675586 0.784335 0.474895 12237757 0.985629
0.276472 0.798481 0.453385 11974069 0.997729
0.398316 0.212730 0.538678 8619140 0.000006
0.806738 0.547003 0.547704 16777215 0.000140
0.045167 0.716001 0.527303 12633026 0.001433
0.403526 0.760746 0.545782 16777215 0.000000
0.501169 0.790242 0.540373 16777215 0.001954
0.824109 0.782929 0.539910 16777215 0.000000
0.005154 0.441966 0.458205 12894147 0.976626
0.451800 0.788344 0.455555 16777215 0.000004
0.971257 0.519434 0.541781 16777215 0.088056
0.931900 0.468985 0.537810 16777215 0.000055
0.057589 0.435966 0.535263 16777215 0.000013
0.286480 0.778130 0.468237 16777215 0.000752
0.973120 0.618875 0.537643 16777215 0.117210
0.278984 0.793304 0.453747 14343646 0.944542
0.596821 0.208508 0.473128 12697793 0.999410
0.478190 0.209232 0.530096 6053213 0.000011
0.810809 0.544757 0.545412 16777215 0.022266
0.431654 0.212638 0.461251 13948371 0.999896
0.976207 0.405286 0.522624 16252412 0.105687
0.837925 0.223937 0.513494 7960951 0.001510
0.014784 0.796613 0.539883 16777215 0.996029
0.958374 0.361548 0.541955 16777215 0.254621
0.984082 0.450069 0.475006 16711423 0.000027
0.990745 0.216129 0.521133 16777215 0.936932
0.888169 0.206435 0.544215 16777215 0.998102
0.992374 0.725263 0.517797 16777215 0.000257
0.979813 0.329521 0.527929 16777215 0.000044
0.979754 0.656190 0.476781 16711676 0.000081
0.986903 0.213682 0.471115 14933208 0.996795
0.002900 0.249850 0.458631 13355722 0.999385
0.013959 0.343258 0.493110 12303783 0.001506
0.545929 0.787688 0.530122 10066328 0.190810
0.402418 0.792259 0.520957 11974072 0.000119
0.013515 0.680860 0.456911 14935268 0.993342
0.915557 0.786254 0.530983 15921906 0.995265
0.894252 0.784284 0.525281 10263967 0.031004
0.394422 0.242641 0.531172 16777215 0.000022
0.747062 0.783315 0.528918 9934228 0.182105
0.031270 0.433464 0.488927 14476501 0.001602
0.856213 0.782397 0.539835 16777215 0.000031
0.022924 0.709338 0.462822 16777215 0.257384
0.036523 0.643266 0.517891 9671314 0.157201
0.981246 0.263959 0.534109 16777215 0.017845
0.990279 0.284316 0.525235 16777215 0.840708
0.958859 0.652134 0.534879 16777215 0.000850
0.010709 0.616257 0.475426 10592421 0.001162
0.010293 0.297862 0.502840 11513776 0.012089
0.035717 0.218186 0.529386 16777215 0.280975
0.954341 0.793118 0.522115 10330270 0.968719
0.409359 0.238211 0.537240 16777215 0.000001
0.979712 0.612373 0.464885 16053750 0.000001
0.609920 0.790501 0.512350 11251113 0.000118
0.762416 0.786284 0.518420 12764099 0.000195
0.604088 0.786965 0.528329 12631489 0.000223
0.566013 0.791889 0.454162 16777215 0.261878
0.586883 0.788300 0.454481 16777215 0.274439
0.891711 0.232530 0.459092 16514814 0.000621
0.035541 0.274091 0.545566 16777215 0.000042
0.250933 0.788563 0.528788 12237241 0.000037
0.710896 0.795224 0.452327 16777215 0.710959
0.795424 0.792093 0.470921 10527134 0.000642
0.370412 0.212872 0.541075 16777215 0.995519
0.013498 0.603360 0.471276 10591902 0.000490
0.985510 0.681696 0.519816 16777215 0.737457
0.935954 0.473083 0.537556 16777215 0.000000
0.981353 0.650633 0.518546 16777215 0.000056
0.020007 0.780583 0.527121 13685712 0.993549
0.973114 0.729733 0.534304 16777215 0.043628
0.969892 0.783998 0.526476 14868449 0.998612
0.427577 0.210816 0.469041 8619397 0.035705
0.502512 0.237289 0.537242 16777215 0.000000
0.965009 0.590983 0.538056 16777215 0.000066
0.040454 0.506780 0.460014 16777215 0.000033
0.007877 0.506714 0.509585 10658464 0.000051
0.337892 0.223163 0.481155 11381674 0.000020
0.179619 0.502130 0.550208 16777215 0.265705
0.911676 0.797839 0.455568 12171704 0.994424
0.976423 0.494223 0.537740 16777215 0.045696
0.977788 0.459897 0.468811 15856365 0.000003
0.997533 0.577441 0.456664 16119795 0.971248
0.293186 0.448857 0.462763 16777215 0.064042
0.125230 0.202923 0.455210 10132378 0.999870
0.004966 0.786522 0.453247 16711166 0.998985
0.996895 0.203091 0.512552 9278868 0.996817
0.990398 0.308022 0.458748 15724527 0.994816
0.383491 0.212941 0.465673 16777215 0.000024
0.992315 0.520226 0.470739 16777215 0.000007
0.993472 0.480924 0.512692 16777215 0.000024
0.223710 0.229074 0.519818 10395808 0.000005
0.240493 0.787055 0.472036 11645621 0.696410
0.982508 0.564875 0.521152 16777215 0.127150
0.371830 0.211636 0.546208 16777215 0.000126
0.683358 0.535905 0.491987 16777215 0.124872
0.961543 0.512085 0.541003 16777215 0.000021
0.702096 0.548968 0.461031 14935265 0.392185
0.042247 0.611921 0.539712 16777215 0.000086
0.188847 0.512192 0.538318 16777215 0.000519
0.281293 0.560903 0.530353 16777215 0.729736
0.970386 0.744172 0.534407 16777215 0.009612
0.981615 0.574478 0.516395 16777212 0.000096
0.046307 0.277012 0.531541 16777215 0.367717
0.752170 0.796651 0.453254 13421772 0.985526
0.211300 0.213444 0.473802 9145223 0.000084
0.925583 0.200478 0.460607 6316641 0.694228
0.895753 0.214715 0.452916 16777215 0.074478
0.534315 0.221950 0.455674 16777215 0.001096
0.902051 0.215630 0.537273 7697780 0.017684
0.779345 0.785907 0.534450 16777215 0.661190
0.147460 0.784444 0.484986 14803165 0.635827
0.694310 0.215250 0.524100 7304559 0.000023
0.318564 0.512672 0.460814 16777215 0.022382
0.008596 0.332597 0.464129 12763328 0.994276
0.796477 0.548180 0.455484 16777215 0.360829
0.817732 0.463672 0.454381 16777215 0.183907
0.684637 0.208171 0.465216 16777215 0.869484
0.710208 0.783382 0.544437 16777215 0.002413
0.178638 0.781243 0.460723 16777215 0.038422
0.205761 0.555182 0.529917 16777215 0.337963
0.784538 0.778049 0.457920 16777215 0.000030
0.996643 0.383263 0.452240 16382457 0.988135
0.416968 0.777213 0.463210 16777215 0.000000
0.017510 0.571483 0.540139 16777215 0.390986
0.666143 0.783974 0.530665 16777215 0.979569
0.179001 0.502346 0.467456 16777215 0.366554
0.018148 0.528153 0.511500 9604243 0.348361
0.768856 0.414990 0.531359 16777215 0.572468
0.346768 0.782458 0.535225 16777215 0.201508
0.619753 0.796106 0.453271 16777215 0.538311
0.997221 0.390835 0.522792 16777215 0.000003
0.639917 0.766731 0.535117 16777215 0.000000
0.004387 0.772373 0.454640 14014165 0.999648
0.271483 0.764197 0.539640 16777215 0.000000
0.792890 0.215434 0.536838 16777215 0.998193
0.042864 0.491832 0.531667 16777215 0.399452
0.286666 0.790374 0.531653 12829893 0.574523
0.680531 0.776722 0.465316 16777215 0.000000
0.953386 0.580212 0.535945 16777215 0.000037
0.303251 0.203248 0.471223 8027514 0.996218
0.844007 0.793680 0.460649 13158857 0.999358
0.275351 0.781923 0.534520 16777215 0.000000
0.189142 0.218033 0.526801 9144711 0.079438
0.199771 0.784404 0.461667 16777215 0.122975
0.996507 0.458432 0.451669 15526636 0.997416
0.409995 0.229644 0.523638 6973289 0.000100
0.010153 0.656561 0.524112 16777215 0.075922
0.784982 0.779375 0.533434 16777215 0.000003
0.972108 0.418039 0.534327 16777215 0.006464
0.966874 0.472669 0.539489 16777215 0.077782
0.532952 0.787260 0.536065 13684944 0.997858
0.437729 0.787162 0.459895 16777215 0.030826
0.187605 0.462590 0.530415 16777215 0.037523
0.011753 0.573230 0.516542 16777215 0.964026
0.984311 0.319697 0.504978 16777215 0.037915
0.043942 0.416829 0.534265 16777215 0.480443
0.986440 0.432088 0.478452 15660011 0.001017
0.721604 0.208546 0.465281 12762555 0.999728
0.373008 0.791967 0.535043 10066845 0.838316
0.829927 0.786443 0.534740 15264490 0.999435
0.844671 0.786035 0.546782 16777215 0.990725
0.633220 0.788281 0.535709 16777215 0.993049
0.046574 0.507437 0.536215 16777215 0.001283
0.385446 0.766203 0.506165 16251382 0.941979
0.008415 0.564843 0.518900 9473680 0.062949
0.946985 0.434986 0.501437 16777215 0.007296
0.647473 0.788345 0.534542 16777215 0.996485
0.306909 0.781132 0.542174 16777215 0.994956
0.956139 0.555078 0.533194 16777215 0.011537
0.022930 0.597836 0.506769 10988458 0.000667
0.979957 0.509828 0.545737 16777215 0.391369
0.962335 0.626122 0.539538 16777215 0.054570
0.943602 0.405761 0.542878 16777215 0.002396
0.713123 0.205565 0.540496 16777215 0.999574
0.318214 0.791152 0.546674 16777215 0.026961
0.592297 0.792865 0.539844 16777215 0.980589
0.526566 0.795706 0.548224 16777215 0.999969
0.649905 0.212670 0.457962 11513513 0.999985
0.641939 0.201577 0.544078 4736839 0.887035
0.284642 0.217143 0.530416 4669754 0.000109
0.280695 0.786667 0.534411 16777215 0.473725
0.353619 0.783412 0.546246 16777215 0.000025
0.092892 0.203362 0.543938 16777215 0.998493
0.016998 0.628714 0.457598 15987704 0.997809
0.996450 0.503932 0.452430 15395562 0.999531
0.368617 0.201740 0.466899 8554116 0.999099
0.999191 0.644676 0.456895 14737885 0.999949
0.004010 0.259511 0.457312 14277338 0.999797
0.772253 0.207602 0.463275 13026757 0.999957
0.079566 0.211913 0.529005 16777215 0.350019
0.857607 0.202571 0.534411 6908266 0.001084
0.047456 0.795234 0.451843 16777215 0.872762
0.935667 0.756795 0.531753 16777215 0.000383
0.010287 0.657941 0.457686 15461099 0.998354
0.967677 0.314724 0.544508 16777215 0.025732
0.968424 0.263989 0.536501 16777215 0.778764
0.002495 0.786983 0.465213 10527649 0.988722
0.007636 0.213992 0.472755 9736853 0.725375
0.003619 0.743828 0.454461 11514288 0.999011
0.967674 0.727443 0.503981 16777215 0.001642
0.016441 0.796104 0.519390 13684686 0.991852
0.968092 0.646596 0.464799 16185847 0.000214
0.987140 0.207418 0.473312 10328735 0.973946
0.222056 0.790473 0.536086 14014166 0.974980
0.007161 0.342005 0.505711 10921639 0.000459
0.828487 0.230828 0.540516 16777215 0.000287
0.979120 0.242713 0.513727 9998242 0.982140
0.967145 0.327197 0.514720 16777215 0.055265
0.920835 0.790614 0.538504 10790310 0.020952
0.839024 0.793724 0.532464 10790821 0.000489
0.990400 0.793636 0.518165 14277080 0.985624
0.358225 0.231003 0.531447 16777215 0.000207
0.006117 0.467720 0.470386 10264734 0.003058
0.740616 0.794136 0.540894 10329241 0.497046
0.028248 0.518853 0.548903 16777215 0.960048
0.008511 0.704062 0.454718 16777215 0.056028
0.018415 0.216091 0.483365 9078143 0.068414
0.077372 0.781618 0.528806 13288646 0.041827
0.958756 0.647056 0.540392 16777215 0.000528
0.845682 0.787238 0.534841 11974326 0.324712
0.962758 0.212688 0.537214 16777215 0.971474
0.134663 0.796192 0.453091 14606046 0.996582
0.560938 0.783544 0.466898 12434619 0.062023
0.684112 0.787337 0.533455 10329757 0.000350
0.673516 0.223185 0.539497 16777215 0.842179
0.464440 0.793871 0.451530 16777215 0.908607
0.303409 0.207470 0.458007 16777215 0.943870
0.052296 0.296051 0.500465 16777215 0.000005
0.359534 0.790087 0.526802 11448753 0.000060
0.208987 0.795329 0.459956 12698304 0.057399
0.169235 0.207935 0.527969 10198171 0.000270
0.967370 0.212209 0.546591 16777215 0.998418
0.807401 0.198452 0.545549 3026221 0.999707
0.253515 0.789870 0.537323 13290186 0.675403
0.493979 0.213142 0.539108 8025976 0.677297
0.024597 0.567613 0.483947 11844030 0.001646
0.973150 0.686021 0.509527 16514559 0.000050
0.432982 0.206965 0.463402 13157316 0.998570
0.986231 0.764647 0.527608 16777215 0.075062
0.954676 0.743464 0.511910 16777215 0.094390
0.961610 0.777054 0.532892 16777215 0.991995
0.954727 0.425983 0.535544 16777215 0.010160
0.463493 0.235191 0.540917 16777215 0.000002
0.508687 0.204870 0.464641 7040364 0.000029
0.015167 0.465722 0.461812 16777215 0.006924
0.301543 0.794091 0.453987 16777215 0.786227
0.550673 0.788670 0.535694 12501955 0.150966
0.251142 0.199878 0.545406 4013115 0.983007
0.739580 0.215816 0.537714 16777215 0.997872
0.977164 0.454256 0.526625 16777215 0.058175
0.985868 0.324580 0.466018 16316149 0.001371
0.693738 0.537672 0.461657 16777215 0.539131
0.026171 0.719300 0.511047 16777215 0.087283
0.983676 0.511660 0.460434 16317173 0.000011
0.985384 0.667578 0.519162 16777215 0.451029
0.354417 0.228397 0.536302 16777215 0.001384
0.962727 0.519245 0.534015 16777215 0.066311
0.950469 0.495037 0.541147 16777215 0.000340
0.079993 0.796720 0.547348 16777215 0.999699
0.977950 0.753471 0.523785 16777215 0.011216
0.690275 0.524245 0.531114 16777215 0.044755
0.503474 0.769039 0.512644 16777215 0.000080
0.993499 0.203370 0.525492 6315614 0.997035
0.185186 0.428321 0.460651 16777215 0.000708
0.836165 0.532036 0.461219 16777215 0.024454
0.677181 0.208488 0.531090 6381409 0.000008
0.712511 0.203951 0.540903 5855321 0.042989
0.718428 0.203206 0.522767 7500658 0.000004
0.783294 0.565523 0.453757 16777215 0.322582
0.693447 0.223298 0.453062 16579583 0.083325
0.186671 0.781556 0.458048 16777215 0.099538
0.789079 0.784459 0.454487 16447736 0.938028
0.889213 0.212888 0.544966 16777215 0.995389
0.678085 0.786318 0.534804 16777215 0.994370
0.023190 0.665815 0.531415 16777215 0.474283
0.765369 0.792314 0.454297 15790321 0.873789
0.739837 0.430883 0.541091 16777215 0.913662
0.362158 0.784163 0.539765 16777215 0.460799
0.545552 0.792058 0.454560 16777215 0.536040
0.965274 0.284034 0.543039 16777215 0.185137
0.672536 0.778556 0.462401 15659504 0.513202
0.003422 0.729880 0.453648 13684431 0.999941
0.245653 0.780750 0.541597 16777215 0.000025
0.043695 0.788051 0.534419 12237241 0.936479
0.267898 0.747536 0.524184 16777215 0.000000
0.041962 0.733352 0.532835 16777215 0.353878
0.966636 0.306903 0.469863 16777215 0.000078
0.379524 0.210143 0.516381 8224126 0.000001
0.036190 0.394309 0.541295 16777215 0.005934
0.258595 0.423302 0.456936 16777215 0.010451
0.686117 0.783177 0.456459 16777215 0.000000
0.954144 0.586543 0.531838 16777215 0.000162
0.032169 0.364044 0.539253 16777215 0.702641
0.984771 0.646584 0.536251 16777215 0.000912
0.275234 0.782102 0.538933 16777215 0.000000
0.974221 0.432291 0.532494 16777215 0.522980
0.321217 0.784619 0.529925 16777215 0.993926
0.457165 0.215861 0.539928 16777215 0.998771
0.995525 0.521027 0.453397 16184564 0.998208
0.980659 0.316287 0.525429 16777215 0.071433
0.010756 0.463505 0.464668 16317691 0.575370
0.071252 0.203677 0.455978 12500668 0.999937
0.012780 0.554349 0.485917 10329249 0.017116
0.977006 0.780316 0.537449 16777215 0.319261
0.445370 0.216778 0.540147 9078665 0.000711
0.025512 0.651682 0.530121 16777215 0.053774
0.826710 0.435927 0.533395 16777215 0.017049
0.274217 0.204787 0.468033 11777462 0.999821
0.064514 0.792238 0.547693 16777215 0.998384
0.440791 0.793004 0.538965 13092807 0.998751
0.435945 0.782214 0.461529 16777215 0.050987
0.036194 0.445937 0.535571 16777215 0.037327
0.003544 0.592593 0.453438 13224137 0.999837
0.958010 0.202430 0.455336 14079188 0.999994
0.450463 0.786606 0.455710 16250615 0.961391
0.019564 0.604738 0.458198 15133929 0.940385
0.370293 0.794788 0.536449 11052453 0.994932
0.856894 0.774245 0.537257 16777215 0.002597
0.030924 0.587295 0.502162 16777215 0.005222
0.987102 0.445836 0.459169 16777215 0.998081
0.271751 0.788088 0.539101 16777215 0.549459
0.993690 0.639537 0.457506 16316406 0.996980
0.985485 0.661906 0.534208 16777215 0.039242
0.017705 0.683315 0.528421 16777215 0.939666
0.980543 0.641552 0.524303 16777215 0.232668
0.546122 0.774593 0.501324 11581090 0.052795
0.832803 0.761513 0.523143 16777215 0.000014
0.303332 0.205401 0.458802 13355723 0.999319
0.236388 0.787214 0.471197 12171446 0.559317
0.996176 0.332895 0.452818 16250870 0.991566
0.970896 0.477157 0.517821 16777215 0.070021
0.933091 0.586606 0.516169 16777215 0.020564
0.894161 0.786402 0.467967 10132121 0.979628
0.174219 0.791199 0.528229 11908017 0.000820
0.989074 0.672298 0.455911 16448765 0.000001
0.900999 0.474857 0.515344 16777215 0.000001
0.017294 0.407925 0.514480 16777215 0.911999
0.548733 0.210743 0.464366 16777215 0.997357
0.012147 0.377508 0.458646 16777215 0.578624
0.772228 0.789072 0.455063 16580349 0.775400
0.488220 0.201221 0.452878 7039848 0.999977
0.419551 0.784516 0.543798 16777215 0.216420
0.515404 0.793472 0.538827 12368827 0.961305
0.650294 0.211873 0.461038 12434363 0.999915
0.705115 0.798330 0.547090 14474717 0.999993
0.606670 0.229682 0.469588 16777215 0.956729
0.358669 0.203697 0.457278 14211288 0.999990
0.979759 0.626329 0.482407 16318463 0.000005
0.938590 0.440611 0.542998 16777215 0.000001
0.017650 0.489288 0.517905 5329488 0.323752
0.597682 0.202006 0.453052 12106169 0.999930
0.480119 0.207668 0.463495 10263966 0.999610
0.360885 0.783767 0.541021 16777215 0.528548
0.234196 0.783843 0.464125 13224392 0.924803
0.902020 0.205917 0.456119 10987943 0.999976
0.740268 0.789888 0.538237 13552079 0.999663
0.599985 0.789343 0.538714 16777215 0.995054
0.978549 0.455090 0.537553 16250358 0.065785
0.892194 0.209191 0.535445 8816518 0.008341
0.959663 0.346410 0.537536 16777215 0.123171
0.967732 0.262204 0.534886 16777215 0.800174
0.799781 0.212489 0.535204 16777215 0.998691
0.996789 0.724268 0.451960 14802910 0.999028
0.989762 0.724378 0.515019 16777215 0.001820
0.987102 0.368915 0.514106 16777215 0.000102
0.016932 0.797673 0.539997 13882066 0.998720
0.546140 0.791434 0.536704 10329245 0.518077
0.975146 0.301088 0.530712 16777215 0.037160
0.981049 0.795553 0.526447 10725286 0.989874
0.885217 0.793189 0.529740 10393493 0.166621
0.977464 0.733029 0.476800 15594220 0.000097
0.994355 0.795740 0.529608 16777215 0.996504
0.016456 0.703144 0.530054 15197669 0.943986
0.105516 0.211055 0.517213 8356228 0.001800
0.367319 0.221911 0.539828 16777215 0.000611
0.750833 0.790307 0.534817 11974324 0.843855
0.012059 0.737420 0.455503 16777215 0.172691
0.034511 0.561720 0.495402 14408654 0.000178
0.139594 0.793835 0.534839 13750737 0.505633
0.981857 0.241816 0.530201 16777215 0.009204
0.012063 0.271034 0.518429 11580082 0.002260
0.908653 0.794510 0.538916 11710130 0.844031
0.818581 0.220410 0.537318 16777215 0.988972
0.966886 0.729053 0.471200 15263717 0.000400
0.510265 0.241780 0.547018 16777215 0.000231
0.707689 0.796257 0.537687 10790052 0.000626
0.707043 0.208107 0.541036 16777215 0.988465
0.728892 0.202798 0.532191 6447456 0.002687
0.315920 0.790254 0.528669 12763327 0.000058
0.163236 0.786597 0.477313 11514287 0.070357
0.974324 0.213889 0.543457 16777215 0.988309
0.004793 0.331560 0.457321 13224393 0.994271
0.010800 0.576701 0.483245 10528674 0.001599
0.454457 0.787995 0.468780 13026499 0.908452
0.980546 0.450009 0.518235 16777215 0.000017
0.975974 0.660994 0.525588 16777215 0.217919
0.913210 0.792006 0.539484 16777215 0.723102
0.988269 0.684425 0.515308 15988210 0.000019
0.073095 0.211681 0.521037 8948619 0.000104
0.983918 0.735793 0.524364 16777215 0.110803
0.601020 0.218705 0.533781 5066574 0.000085
0.483634 0.221538 0.474359 7567224 0.000095
0.166785 0.487041 0.548114 16777215 0.004589
0.217006 0.208974 0.537283 6580068 0.858734
0.393677 0.212063 0.538647 15658219 0.998364
0.981837 0.462445 0.525927 16777215 0.110869
0.954338 0.456012 0.459293 16777215 0.000001
0.009568 0.295050 0.509692 10921895 0.007643
0.971615 0.203419 0.532053 6710109 0.999344
0.977061 0.691204 0.464871 16119030 0.000020
0.019480 0.742676 0.531634 16777215 0.069038
0.982492 0.494099 0.465783 16514036 0.000005
0.991081 0.513233 0.502301 16777212 0.000024
0.274979 0.207670 0.532912 9013639 0.000003
0.978811 0.600437 0.524215 16777215 0.040582
0.711184 0.553256 0.470762 12434877 0.262221
0.321420 0.212006 0.513979 8092279 0.000000
0.040553 0.793200 0.544560 16777215 0.996473
0.174931 0.512716 0.529800 16777215 0.000502
0.012735 0.215387 0.507517 10659237 0.868531
0.795059 0.564350 0.480011 16777215 0.041679
0.947419 0.759126 0.497654 16777215 0.007018
0.983198 0.607431 0.515785 16251126 0.000030
0.689322 0.523219 0.539499 16777215 0.008610
0.973046 0.794198 0.454539 14079703 0.956639
0.920804 0.211971 0.534420 3816508 0.953418
0.012106 0.740137 0.528373 16777215 0.040350
0.530597 0.214102 0.465024 16777215 0.013101
0.847123 0.211425 0.539554 5723478 0.630525
0.657978 0.201493 0.535698 5987162 0.000008
0.825183 0.481251 0.539967 16777215 0.086723
0.671780 0.206101 0.540516 6249820 0.004070
0.807993 0.464242 0.465942 16777215 0.397466
0.986160 0.340239 0.513149 16777215 0.002485
0.953909 0.256555 0.542641 16777215 0.045821
0.916238 0.209315 0.540615 16777215 0.999007
0.804360 0.438357 0.474599 16777215 0.039975
0.726951 0.427456 0.537937 16777215 0.794725
0.735191 0.575185 0.549714 16777215 0.034515
0.739896 0.786267 0.540187 16777215 0.994704
0.953148 0.271191 0.537042 16777215 0.221692
0.186223 0.458898 0.535512 16777215 0.270405
0.024236 0.282328 0.520337 16777215 0.741518
0.987568 0.711060 0.497974 15788529 0.000443
0.355678 0.214837 0.538939 5066316 0.000003
0.991418 0.201963 0.466870 6185055 0.992332
0.426675 0.213729 0.540069 16777215 0.999746
0.961023 0.619940 0.535433 16777215 0.000299
0.088719 0.212991 0.471981 8158847 0.994260
0.030784 0.485343 0.530597 16777215 0.468789
0.967187 0.604834 0.544250 16777215 0.000035
0.186369 0.527192 0.524513 16777215 0.017182
0.835387 0.529996 0.454272 16777215 0.126274
0.403009 0.205253 0.463125 9409168 0.995185
0.486391 0.784823 0.546285 16777215 0.994762
0.336859 0.205552 0.527863 8552833 0.000001
0.444182 0.781142 0.534517 16777215 0.000001
0.285396 0.790185 0.544168 16777215 0.000006
0.982726 0.392890 0.521884 16777215 0.456112
0.411085 0.211261 0.540423 5920855 0.025464
0.578624 0.217289 0.542723 8750211 0.009979
0.007266 0.544546 0.454069 16777215 0.718222
0.970840 0.791527 0.539842 16777215 0.562754
0.224339 0.794268 0.534548 12369083 0.000649
0.974264 0.549156 0.528515 16777215 0.044545
0.004070 0.724087 0.456655 13291212 0.998780
0.939395 0.414829 0.535381 16777215 0.019630
0.014021 0.468220 0.513038 16777215 0.733392
0.384662 0.796855 0.540067 12040379 0.994987
0.992943 0.450624 0.454077 16711676 0.998220
0.336086 0.794170 0.540494 11908277 0.989019
0.929512 0.203277 0.457712 10001307 0.999998
0.027044 0.569175 0.537412 16777215 0.000386
0.720295 0.787883 0.535189 15856370 0.999898
0.958925 0.535761 0.541096 16777215 0.030651
0.769916 0.796100 0.462369 8816518 0.994736
0.996019 0.340641 0.457155 16777213 0.921322
0.355350 0.205920 0.454830 16777215 0.977752
0.916534 0.481914 0.516528 16777215 0.382402
0.774316 0.788882 0.532271 13487820 0.999003
0.556848 0.784555 0.510213 16777215 0.990770
0.985378 0.660950 0.461960 16514812 0.000042
0.019112 0.404880 0.466602 12435394 0.475710
0.966773 0.645343 0.541548 16777215 0.001499
0.965187 0.517418 0.542020 16777215 0.000455
0.678499 0.208805 0.520643 7105388 0.000000
0.661129 0.203007 0.463013 9869722 0.999997
0.870175 0.202811 0.453770 11842483 1.000000
0.972283 0.593994 0.472231 16777206 0.000124
0.291376 0.793575 0.540173 12105655 0.996043
0.020272 0.646391 0.523099 16777215 0.864836
0.070949 0.796452 0.544080 15658991 0.998692
0.359084 0.798623 0.461019 12303290 0.913367
0.967025 0.571068 0.536468 16777215 0.000152
0.611418 0.209786 0.507296 7368818 0.000000
0.988412 0.302155 0.503018 16777215 0.000017
0.990870 0.507637 0.459147 16777214 0.996735
0.220459 0.783886 0.548811 16777215 0.999141
0.403453 0.218614 0.450068 16382198 0.999959
0.867235 0.211071 0.466203 11909048 0.999999
0.974886 0.436010 0.533403 15660276 0.129209
0.807176 0.213561 0.532242 6512737 0.001851
0.978681 0.346013 0.530193 16777215 0.112321
0.982342 0.213045 0.514486 16777215 0.893343
0.701383 0.449742 0.466308 10131865 0.946489
0.991259 0.734390 0.516037 16777215 0.001272
0.996372 0.796225 0.486585 13751763 0.980727
0.918354 0.220093 0.543718 16777215 0.843545
0.821642 0.221315 0.538438 16777215 0.001497
0.716426 0.425376 0.526316 16777215 0.708878
0.445825 0.786192 0.509068 9869206 0.001549
0.013698 0.229168 0.504904 10395298 0.119702
0.150224 0.202199 0.543622 12895428 0.995640
0.921223 0.774121 0.539798 16777215 0.818039
0.096001 0.212977 0.525491 8554631 0.000996
0.353485 0.222896 0.539086 16777215 0.000391
0.774714 0.788083 0.532139 9671571 0.872560
0.968533 0.664681 0.530308 16777215 0.002714
0.022231 0.267217 0.509042 12632771 0.012218
0.357780 0.203725 0.460557 10329499 0.999512
0.936155 0.789440 0.533169 11842486 0.991050
0.610060 0.784207 0.488750 12171707 0.000310
0.665313 0.784591 0.513454 9737362 0.006404
0.534019 0.779356 0.465880 16777215 0.393176
0.723712 0.210729 0.531054 6973802 0.005840
0.178504 0.213290 0.526771 16777215 0.001038
0.727122 0.556586 0.517371 16777215 0.008359
0.136029 0.204381 0.456019 14276823 0.998638
0.974617 0.783479 0.525311 7828857 0.889933
0.338190 0.787835 0.520149 10855844 0.000206
0.744910 0.793857 0.452659 16777215 0.782676
0.004745 0.335337 0.453235 16777215 0.969234
0.747459 0.202285 0.525254 7631731 0.000001
0.013888 0.575445 0.487368 12237751 0.009689
0.994793 0.717965 0.453234 16776959 0.908970
0.988596 0.666535 0.510670 16317174 0.000011
0.575826 0.209615 0.454510 5131597 0.929406
0.359058 0.794395 0.453136 16645372 0.967764
0.617068 0.784699 0.507966 11382189 0.673445
0.910749 0.790262 0.450513 12961478 0.983590
0.593274 0.229434 0.519282 9670546 0.000075
0.100185 0.784344 0.542365 16777215 0.000047
0.202707 0.769292 0.540459 16777215 0.000320
0.995071 0.507072 0.515155 16777215 0.294414
0.299166 0.597561 0.445100 16777215 0.000000
0.973543 0.478202 0.467291 16776703 0.000005
0.995700 0.393623 0.452287 16118772 0.999908
0.975798 0.630127 0.475404 16646143 0.000084
0.204850 0.210383 0.536392 9539987 0.000008
0.969714 0.539450 0.525378 16777215 0.302803
0.984599 0.558589 0.533467 16777215 0.007073
0.141646 0.564311 0.537284 16777215 0.000868
0.312208 0.233232 0.542026 16777215 0.000000
0.972097 0.764203 0.527249 16777215 0.013135
0.429348 0.221366 0.539882 16777215 0.325974
0.695066 0.526210 0.514125 16777215 0.066998
0.042293 0.272755 0.531106 16777215 0.377946
0.834606 0.789334 0.469504 8948104 0.933064
0.325216 0.474223 0.536990 16777215 0.413822
0.015230 0.772176 0.537449 16777215 0.032704
0.032065 0.787190 0.539399 16777215 0.106955
0.873978 0.213908 0.536218 6644833 0.106735
0.615434 0.235834 0.534988 16777215 0.000403
0.978895 0.340781 0.468931 15462382 0.000104
0.316850 0.481067 0.463091 16777215 0.468003
0.983205 0.617815 0.460483 16119025 0.000399
0.171663 0.541740 0.541861 16777215 0.000323
0.797115 0.568075 0.456115 16777215 0.094773
0.217172 0.570170 0.537186 16777215 0.333547
0.957413 0.232503 0.500412 16777215 0.040015
0.995895 0.373301 0.452997 16777215 0.996721
0.418571 0.770385 0.468351 16777215 0.000000
0.025019 0.587715 0.538308 16777215 0.751655
0.028410 0.667499 0.531319 16777215 0.615674
0.813533 0.438817 0.465866 16777215 0.080283
0.177112 0.512396 0.455774 16777215 0.000002
0.868283 0.782898 0.461430 14013396 0.904634
0.481848 0.207340 0.534541 7500917 0.000003
0.955097 0.383504 0.541923 16777215 0.068279
0.562514 0.796747 0.451918 16777215 0.980648
0.955453 0.284440 0.540408 16777215 0.188606
0.164257 0.217631 0.539180 16777215 0.002235
0.257448 0.207832 0.544905 16777215 0.999853
0.150008 0.778900 0.534586 16777215 0.008161
0.035337 0.672143 0.534484 16777215 0.000056
0.134756 0.759984 0.542408 16777215 0.000007
0.956515 0.460537 0.536615 16777215 0.002278
0.983647 0.644896 0.458682 15790575 0.715400
0.042802 0.483903 0.535047 16777215 0.380854
0.516507 0.784583 0.526421 10526879 0.254815
0.675844 0.774401 0.459536 16777215 0.000000
0.159446 0.216913 0.530663 12632001 0.971520
0.702609 0.434796 0.462807 16777215 0.000281
0.489603 0.781157 0.534924 16777215 0.000000
0.891868 0.205919 0.454978 12566462 0.999999
0.250211 0.782372 0.539404 16777215 0.000010
0.494926 0.224966 0.479301 10198170 0.005047
0.006623 0.569600 0.456251 8488066 0.998493
0.995152 0.302938 0.528157 16777215 0.077204
0.033468 0.522467 0.542517 16777215 0.008784
0.114810 0.794789 0.547862 16777215 0.999831
0.009972 0.441720 0.464587 13619663 0.999152
0.041992 0.444936 0.532783 16777215 0.295325
0.976601 0.468944 0.463113 16055029 0.998335
0.571677 0.204957 0.451477 15921906 0.999065
0.383741 0.787809 0.535570 16777215 0.002038
0.671051 0.783524 0.466085 10132121 0.949229
0.128448 0.784929 0.544642 16777215 0.601613
0.547669 0.782507 0.537225 16777215 0.215377
0.974539 0.558837 0.526507 16777215 0.067053
0.003897 0.648017 0.453975 13948371 0.999287
0.974550 0.552294 0.537021 16777215 0.054010
0.958696 0.510021 0.541437 16777215 0.039213
0.822405 0.552752 0.541928 16777215 0.000089
0.963385 0.709491 0.487430 16777215 0.000017
0.114510 0.206508 0.456614 15988726 0.999929
0.942811 0.530676 0.526027 16777215 0.045759
0.973056 0.431254 0.532084 16777215 0.662088
0.692869 0.211340 0.456766 14145751 0.999996
0.989538 0.358666 0.511594 16777215 0.000212
0.005843 0.380217 0.464426 10591899 0.034651
0.430895 0.791782 0.455998 15395820 0.765225
0.970888 0.496885 0.468145 16578558 0.000005
0.341442 0.208045 0.518898 8947848 0.000000
0.636562 0.212562 0.517368 6842218 0.000002
0.166763 0.783738 0.458295 16777215 0.116563
0.283155 0.216117 0.538296 16777215 0.992744
0.333748 0.797666 0.465579 11777971 0.970087
0.393928 0.211102 0.477399 15658478 0.998856
0.989436 0.398284 0.521610 16777213 0.000042
0.011998 0.395689 0.468296 10198431 0.055058
0.435712 0.796438 0.451736 16777215 0.988997
0.683219 0.205092 0.543863 16777215 0.999934
0.984822 0.556953 0.460100 15856120 0.000005
0.274871 0.214786 0.519776 8750722 0.000000
0.666081 0.206630 0.518414 7041651 0.000000
0.202439 0.779245 0.526808 16777215 0.000042
0.364203 0.797467 0.462825 11513775 0.926966
0.349924 0.214100 0.461308 9406341 0.961565
0.341274 0.790775 0.467895 13158340 0.985890
0.003279 0.552495 0.456241 13948628 0.999532
0.585384 0.204852 0.464480 10131863 0.999884
0.975484 0.458677 0.527930 15461610 0.102588
0.039208 0.795663 0.465523 12500669 0.626680
0.526634 0.207467 0.473953 7237743 0.017531
0.013815 0.786280 0.532599 16777215 0.746735
0.954074 0.280155 0.539622 16777215 0.579016
0.802636 0.223275 0.533084 16777215 0.997228
0.987762 0.743743 0.515056 16777215 0.001227
0.991265 0.210086 0.504047 13750224 0.011653
0.806756 0.224121 0.536409 16777215 0.004719
0.699988 0.451577 0.526396 16777215 0.762811
0.007714 0.519198 0.454022 14539997 0.999343
0.971246 0.316934 0.537467 16777215 0.028752
0.918894 0.790197 0.528708 9211272 0.241991
0.978114 0.713756 0.528491 16777215 0.020604
0.014071 0.712973 0.512416 16777215 0.781023
0.379657 0.227622 0.535435 16777215 0.007792
0.732047 0.791375 0.530652 10396065 0.826667
0.031609 0.539863 0.532745 16777215 0.754371
0.013906 0.205922 0.455969 6315867 0.979919
0.981157 0.277200 0.524069 16777215 0.506787
0.952875 0.675188 0.533386 16777215 0.003962
0.784442 0.221069 0.541282 16777215 0.983047
0.010097 0.744369 0.514034 10987945 0.000029
0.019478 0.209713 0.472555 9867925 0.485260
0.120503 0.796404 0.453239 14145239 0.992129
0.616352 0.775454 0.518469 16777215 0.016184
0.986660 0.422885 0.533469 16777215 0.001634
0.667372 0.778139 0.532292 12303805 0.002909
0.437216 0.791794 0.467485 11250346 0.192907
0.167838 0.204168 0.456677 14803426 0.999376
0.995015 0.319585 0.456590 16184563 0.999868
0.313756 0.792163 0.509037 12040119 0.000069
0.716922 0.781034 0.460945 16579833 0.227888
0.172251 0.213553 0.522631 9343118 0.000368
0.005653 0.560971 0.513330 11052967 0.000336
0.040032 0.792230 0.522609 14016223 0.862767
0.020624 0.446772 0.523473 16777215 0.335872
0.984669 0.686720 0.517540 16777215 0.299313
0.871895 0.782968 0.529101 16777215 0.733417
0.996488 0.690985 0.452028 16053236 0.984128
0.991586 0.684650 0.515528 16777215 0.000008
0.013275 0.779888 0.528151 15921650 0.727462
0.192804 0.223599 0.534285 16777215 0.000350
0.338588 0.211773 0.458310 15461353 0.998959
0.974780 0.243947 0.519402 16777215 0.089448
0.972007 0.776500 0.546876 16777215 0.081479
0.962105 0.415888 0.546977 16777215 0.062245
0.485137 0.227568 0.538794 16777215 0.000001
0.484354 0.217527 0.452011 16777215 0.002348
0.475178 0.208944 0.476824 6581353 0.001123
0.678860 0.419257 0.542462 16777215 0.000302
0.102875 0.798196 0.453545 13487821 0.953495
0.981527 0.366923 0.509852 16777215 0.000004
0.639025 0.209832 0.527736 6776936 0.000059
0.083491 0.779850 0.543906 16777215 0.000126
0.989829 0.442929 0.521388 16777215 0.100996
0.182119 0.472829 0.544227 16777215 0.007511
0.983364 0.671646 0.464169 16448250 0.000073
0.939058 0.385698 0.531842 16777215 0.000007
0.316224 0.509791 0.542920 16777215 0.942955
0.265067 0.220161 0.537818 16777215 0.574641
0.014644 0.292249 0.519627 15988727 0.817534
0.994002 0.203291 0.521962 7633269 0.977285
0.182192 0.514387 0.536751 16777215 0.002084
0.171106 0.498853 0.484813 16777215 0.715203
0.989035 0.332949 0.516393 16381944 0.000023
0.931694 0.783909 0.541338 16777215 0.023372
0.991857 0.778298 0.517059 16777215 0.011119
0.016808 0.451240 0.522492 16184824 0.491214
0.809048 0.204666 0.467227 8026490 0.050376
0.989322 0.562351 0.518101 16777215 0.000025
0.838512 0.790047 0.465852 11777461 0.934001
0.976593 0.206270 0.529607 7763062 0.941184
0.739360 0.225314 0.537644 16777215 0.004724
0.043477 0.791369 0.450044 14408668 0.993542
0.985700 0.274639 0.524211 16777215 0.847311
0.583919 0.225741 0.455947 16777215 0.108839
0.233960 0.208297 0.517186 8026235 0.000006
0.779502 0.783310 0.537159 16777215 0.870143
0.957409 0.337132 0.537353 16777215 0.001284
0.617705 0.228909 0.536672 16777215 0.000599
0.175617 0.463143 0.458691 16777215 0.000001
0.805525 0.213484 0.526044 6317156 0.000022
0.830354 0.459500 0.470167 16777215 0.096261
0.954876 0.264678 0.547514 16777215 0.045279
0.730339 0.789529 0.455950 16777215 0.937698
0.987338 0.393226 0.510422 16777215 0.000000
0.875002 0.211221 0.542447 16777215 0.998224
0.869302 0.796378 0.452925 16383227 0.854683
0.012310 0.622694 0.514168 11645103 0.000097
0.275189 0.562844 0.535678 16777215 0.824568
0.582010 0.780178 0.463582 15461094 0.798360
0.834583 0.786766 0.540050 11711153 0.935430
0.177868 0.443566 0.543229 16777215 0.010142
0.581818 0.784361 0.459668 16776958 0.896976
0.010983 0.695019 0.520800 12698564 0.028426
0.382439 0.213883 0.527951 8554887 0.000001
0.805698 0.781330 0.461348 14935268 0.942764
0.042802 0.680900 0.531730 16777215 0.000494
0.047744 0.411039 0.533807 16777215 0.012464
0.955187 0.510803 0.535637 16777215 0.010511
0.308017 0.570451 0.457137 16777215 0.019452
0.534397 0.787040 0.538487 11250347 0.400498
0.720496 0.783194 0.467012 10197400 0.033329
0.244051 0.571122 0.456940 16777215 0.075881
0.304160 0.208706 0.538181 14606046 0.999814
0.455978 0.782702 0.515367 16777215 0.000003
0.016970 0.739370 0.517111 12105398 0.031667
0.524010 0.208813 0.467297 7237489 0.025566
0.780481 0.427474 0.536723 16777215 0.095857
0.541353 0.202501 0.535932 7236973 0.000015
0.652453 0.782244 0.458413 16777215 0.969419
0.551067 0.203254 0.546537 16777215 0.999659
0.032413 0.475278 0.521287 15462637 0.005179
0.431708 0.198295 0.542437 6315871 0.902112
0.783146 0.435367 0.534395 16777215 0.434272
0.196272 0.793229 0.516170 11907761 0.001570
0.960195 0.569067 0.529984 16777215 0.034524
0.015813 0.568910 0.522825 16777215 0.049611
0.021262 0.644456 0.537087 16777215 0.016287
0.976476 0.394007 0.539495 16777215 0.003785
0.647857 0.206379 0.540302 16777215 0.999794
0.393672 0.781923 0.461112 16777215 0.059052
0.012296 0.603147 0.523720 16777215 0.991213
0.042131 0.447227 0.536249 16777215 0.157645
0.276953 0.225769 0.539389 16777215 0.999995
0.033775 0.423793 0.542513 16777215 0.673059
0.200787 0.798768 0.454471 11710898 0.979436
0.165855 0.794312 0.463222 12369088 0.993573
0.525311 0.772193 0.539319 16777215 0.000121
0.385555 0.776569 0.539952 16777215 0.008233
0.203920 0.787891 0.465224 12107193 0.696057
0.553851 0.781356 0.522499 16777215 0.373422
0.968514 0.603546 0.533192 16777215 0.131703
0.031318 0.643280 0.517965 16777215 0.880501
0.966265 0.646214 0.538051 16777215 0.013472
0.331582 0.791557 0.536412 13685202 0.000192
0.739606 0.780360 0.546608 16777215 0.997470
0.199520 0.759245 0.522755 16777215 0.000010
0.951502 0.365162 0.468219 16777215 0.000005
0.984837 0.534475 0.519970 16777215 0.303500
0.974292 0.201851 0.475616 7895414 0.995402
0.672634 0.777895 0.544928 16777215 0.995079
0.482590 0.218584 0.486322 15790319 0.000000
0.035166 0.451560 0.534318 16777215 0.605980
0.164216 0.783846 0.460814 16776445 0.384847
0.350858 0.797328 0.452012 15790061 0.995982
0.004324 0.500358 0.461140 14605535 0.999889
0.860643 0.215964 0.460530 14013652 0.999981
0.257464 0.786418 0.460640 10395293 0.987716
0.366498 0.204251 0.460664 5066316 0.944137
0.560359 0.788002 0.533028 16777215 0.998747
0.979790 0.579613 0.524949 16777215 0.423823
0.164579 0.513109 0.458565 16777215 0.000000
0.026712 0.555775 0.529750 16777215 0.482996
0.008798 0.625082 0.464328 13027015 0.997156
0.994461 0.475494 0.452572 16777215 0.999810
0.303582 0.795064 0.454637 13289927 0.995560
0.008605 0.377534 0.461031 13948372 0.999865
0.602968 0.789781 0.464422 15922161 0.936560
0.398984 0.206487 0.466102 11842997 0.999908
0.676161 0.779625 0.545047 16777215 0.999426
0.806098 0.206615 0.464010 10658726 0.999994
0.976396 0.459469 0.525419 13422537 0.280208
0.875514 0.206111 0.523173 6118493 0.001576
0.996841 0.701004 0.451424 15329513 0.998938
0.984693 0.747336 0.510524 16186619 0.001687
0.028529 0.767619 0.542356 16777215 0.919594
0.010764 0.344626 0.514842 14342874 0.000507
0.816559 0.224196 0.540505 16777215 0.044061
0.429947 0.790453 0.526523 10198171 0.000231
0.906654 0.788918 0.536075 11711667 0.464541
0.704407 0.211428 0.543817 16777215 0.991446
0.971304 0.784107 0.514731 16777215 0.932631
0.392556 0.224468 0.541536 16777215 0.068877
0.007286 0.375996 0.513070 10395550 0.011135
0.003425 0.462059 0.523557 10066070 0.007329
0.014692 0.690115 0.458647 16777215 0.151577
0.979664 0.284942 0.521138 16777215 0.660140
0.005885 0.277146 0.519677 12434876 0.001641
0.214969 0.209471 0.456753 14737887 0.997595
0.011259 0.436172 0.467995 12434104 0.000124
0.668951 0.789464 0.524917 10394270 0.016663
0.572613 0.779287 0.464090 16777215 0.408795
0.475219 0.800464 0.458790 11513774 0.648737
0.008059 0.299356 0.505633 10658209 0.000444
0.709509 0.562773 0.531824 16777215 0.073575
0.046456 0.299996 0.537988 16777215 0.000049
0.304310 0.785997 0.531017 12960708 0.000167
0.009270 0.211699 0.460142 16777215 0.994224
0.166867 0.797951 0.460482 12500926 0.094020
0.761358 0.793875 0.459513 16777215 0.261977
0.928772 0.208913 0.540483 16777215 0.996078
0.006793 0.579283 0.512047 11053738 0.000763
0.759562 0.205411 0.537056 3159351 0.983931
0.040977 0.791801 0.516452 14144209 0.835968
0.019166 0.668116 0.456694 16776703 0.001542
0.424515 0.238961 0.461448 16777215 0.004620
0.982461 0.695041 0.517551 16777215 0.382480
0.900999 0.784020 0.530866 16777215 0.815654
0.983727 0.687400 0.512152 15859705 0.000008
0.962367 0.793210 0.522665 9738899 0.998853
0.434011 0.221379 0.539921 16777215 0.000010
0.018092 0.459717 0.459444 16777215 0.003363
0.324259 0.212191 0.480446 7235946 0.000156
0.173834 0.493979 0.540945 16777215 0.003981
0.194288 0.795112 0.513912 12172474 0.000020
0.015510 0.652089 0.533530 16777215 0.089724
0.037503 0.314841 0.532401 16777215 0.248395
0.981202 0.423208 0.515506 16777215 0.234966
0.977915 0.376264 0.465679 16382461 0.001650
0.984403 0.210991 0.520230 6250336 0.995304
0.978612 0.656084 0.462303 16053750 0.000057
0.663413 0.782309 0.529621 9802902 0.090163
0.773166 0.788316 0.520780 11514290 0.046489
0.983464 0.483044 0.507995 16449535 0.000060
0.446167 0.207727 0.475577 7829622 0.000016
0.287623 0.226408 0.521823 16777215 0.696696
0.004172 0.239881 0.453819 16777215 0.999759
0.991126 0.626569 0.506572 16777215 0.005069
0.640187 0.215283 0.459997 15132134 0.989005
0.698480 0.557987 0.467882 14803940 0.137927
0.043808 0.590709 0.531776 16777215 0.000416
0.004399 0.474185 0.525248 14408410 0.920740
0.805843 0.205652 0.471242 6776934 0.027780
0.036834 0.289272 0.529200 16777215 0.731383
0.968150 0.796639 0.454299 13750993 0.969710
0.926452 0.217041 0.535543 8027002 0.934262
0.404144 0.223505 0.541448 16777215 0.999932
0.024613 0.797304 0.453113 14540254 0.998214
0.763101 0.783701 0.530658 16777215 0.934342
0.962970 0.324924 0.538701 16777215 0.000783
0.657837 0.212351 0.524566 8289915 0.000090
0.675374 0.752917 0.534875 16777215 0.000000
0.176503 0.474140 0.454779 16777215 0.000000
0.848239 0.465391 0.542395 16777215 0.001645
0.702570 0.208387 0.536502 6251364 0.004108
0.328805 0.497849 0.475025 16777215 0.006448
0.470165 0.215780 0.488129 6514278 0.000008
0.795435 0.207142 0.540215 5526356 0.000107
0.724626 0.204578 0.539990 5855321 0.999025
0.942529 0.777388 0.537010 16777215 0.016189
0.818979 0.465609 0.455723 16777215 0.061947
0.870592 0.791646 0.453207 14540767 0.999077
0.995246 0.443011 0.453160 16711166 0.998117
0.769257 0.795474 0.450640 16777215 0.981881
0.925625 0.217505 0.536017 16777215 0.992798
0.032675 0.617249 0.533671 16777215 0.657561
0.805404 0.443421 0.462790 16777215 0.138513
0.259963 0.568781 0.539972 16777215 0.620731
0.759197 0.218022 0.543357 16777215 0.000000
0.836089 0.780949 0.528706 16777215 0.768723
0.623379 0.774330 0.516969 16777215 0.000020
0.013449 0.670000 0.513923 10726058 0.028106
0.005879 0.223509 0.533764 16777215 0.979982
0.296249 0.777142 0.531132 16777215 0.000000
0.355331 0.211000 0.525582 9145226 0.000002
0.980419 0.681470 0.518441 16777215 0.222225
0.388808 0.216112 0.528909 8553601 0.000010
0.204249 0.784842 0.533590 16777215 0.021786
0.043764 0.652293 0.537238 16777215 0.006052
0.798953 0.210707 0.527666 7829104 0.000313
0.366739 0.778199 0.465117 16777215 0.000001
0.675165 0.431136 0.472436 16777215 0.000273
0.004125 0.322573 0.455550 14803939 0.997826
0.040586 0.371301 0.549809 16777215 0.949923
0.695522 0.795141 0.451244 16776959 0.988581
0.629459 0.803034 0.462216 10395808 0.953674
0.467176 0.785193 0.545842 16777215 0.000001
0.012341 0.653192 0.468683 15592677 0.995911
0.984476 0.388277 0.511635 16777215 0.089493
0.996180 0.779194 0.454029 16120567 0.988305
0.503093 0.218737 0.547518 16777215 0.998561
0.990056 0.421869 0.512431 16777215 0.000000
0.981225 0.349856 0.513703 15329770 0.032109
0.004798 0.445677 0.454860 14014681 0.999761
0.004470 0.515125 0.454737 16777215 0.908583
0.007159 0.487327 0.507031 12961733 0.002488
0.942620 0.775305 0.537837 16777215 0.999777
0.231137 0.790787 0.533484 11315884 0.946118
0.048698 0.519674 0.541892 16777215 0.059674
0.951906 0.554795 0.531515 16777215 0.029048
0.005101 0.730573 0.457133 16777215 0.924583
0.335278 0.790274 0.461168 16316663 0.147297
0.003995 0.368071 0.455509 10790821 0.991705
0.222410 0.769215 0.537606 16777215 0.000000
0.011221 0.616198 0.521128 16777215 0.981782
0.299562 0.208395 0.545698 16777215 0.999999
0.922075 0.483905 0.524967 16777215 0.000019
0.390414 0.791145 0.533716 10856100 0.998085
0.547612 0.798634 0.460622 11382441 0.996893
0.571087 0.792420 0.465658 15197412 0.986646
0.705284 0.200870 0.544558 4670791 0.999818
0.042412 0.539623 0.537077 16777215 0.001668
0.855498 0.209528 0.460424 12105654 0.999931
0.936716 0.564161 0.525169 16777215 0.004151
0.043335 0.471416 0.537562 16777215 0.000000
0.576012 0.784843 0.529457 16777215 0.566225
0.699888 0.754519 0.530511 16777215 0.000000
0.762336 0.208363 0.459541 15593709 0.999797
0.991348 0.575985 0.458504 14934246 0.994989
0.980910 0.650206 0.530278 16777215 0.018703
0.181908 0.788876 0.536623 16777215 0.997631
0.686016 0.785524 0.533314 16777215 0.996543
0.449345 0.782412 0.525583 16777215 0.996469
0.982276 0.696408 0.531449 16777215 0.253834
0.934055 0.425918 0.521140 16777215 0.120540
0.930553 0.321457 0.514395 16777215 0.000742
0.965375 0.521441 0.523590 16777215 0.010725
0.443536 0.213215 0.540095 4538688 0.285047
0.970897 0.663893 0.536799 16777215 0.138301
0.369476 0.744889 0.523685 16777215 0.001151
0.981692 0.624341 0.537339 16777215 0.071495
0.594162 0.225585 0.522119 16777215 0.999046
0.279102 0.792193 0.467484 11974581 0.981425
0.597708 0.782420 0.542431 12434621 0.816349
0.005098 0.592313 0.466866 13290442 0.974455
0.466604 0.787825 0.456329 12171706 0.908280
0.346893 0.203721 0.537308 8553346 0.000025
0.512918 0.786296 0.536262 16777215 0.001889
0.439513 0.779136 0.460609 16777215 0.000001
0.920240 0.787978 0.456763 15197928 0.893126
0.146634 0.539805 0.447608 16777215 0.000012
0.357314 0.210236 0.538331 5130565 0.130573
0.003351 0.408004 0.474989 12039607 0.998244
0.432927 0.207235 0.462798 14343130 0.999993
0.587558 0.788194 0.537381 11381933 0.880953
0.011753 0.448126 0.459165 16777215 0.907005
0.528778 0.800053 0.453649 9079177 0.978754
0.078559 0.799349 0.453783 10658210 0.958380
0.288001 0.209763 0.527938 8816774 0.000005
0.603492 0.780887 0.542565 16777215 0.000929
0.413718 0.788811 0.455456 16777215 0.000004
0.174141 0.421851 0.455786 16777215 0.000003
0.997248 0.670740 0.451559 15856368 0.994105
0.392869 0.217440 0.463392 10198168 0.998711
0.206702 0.795828 0.459826 16053745 0.982517
0.441092 0.204510 0.534992 5658200 0.812868
0.711453 0.201293 0.463916 10395807 0.999927
0.008423 0.359809 0.467217 14999771 0.969644
0.005353 0.531360 0.457852 13750223 0.999789
0.581360 0.204492 0.454194 13355722 0.999994
0.809759 0.201767 0.536493 6776679 0.002578
0.072151 0.796418 0.452174 16777215 0.954937
0.967291 0.464205 0.470517 16447987 0.000065
0.994181 0.218297 0.522007 16776446 0.913509
0.971817 0.277100 0.542079 16777215 0.858242
0.996616 0.735184 0.523502 16777215 0.008757
0.988363 0.781943 0.520341 15132134 0.958692
0.005592 0.786618 0.513563 10921123 0.378008
0.008599 0.380060 0.510392 11185837 0.002698
0.789408 0.208277 0.544705 16777215 0.869030
0.427549 0.783380 0.514262 10724256 0.000898
0.898908 0.784693 0.529435 10592671 0.509485
0.755932 0.209653 0.541713 16777215 0.992229
0.988471 0.731243 0.525934 16777215 0.010598
0.005472 0.702306 0.529704 16777215 0.905470
0.009665 0.423310 0.511258 10658465 0.038771
0.006762 0.445631 0.465646 9212557 0.003341
0.016051 0.203584 0.465091 8355969 0.972114
0.143882 0.793442 0.533303 12369340 0.830313
0.012408 0.258917 0.497739 11777717 0.005223
0.055248 0.213225 0.458919 12171965 0.975990
0.127105 0.796376 0.453086 14539996 0.992156
0.425541 0.227569 0.537463 16777215 0.000012
0.569402 0.795685 0.526020 11908533 0.000072
0.665889 0.783051 0.530633 15460582 0.043646
0.691766 0.209104 0.533293 5921881 0.193723
0.474799 0.794296 0.464428 12039861 0.120398
0.996208 0.309346 0.451595 15855855 0.999789
0.305101 0.793001 0.522935 12696512 0.000099
0.150174 0.785705 0.467091 11382446 0.130660
0.744492 0.781287 0.453772 16777215 0.602973
0.219884 0.206036 0.528650 8027259 0.001051
0.970133 0.207187 0.539401 16777215 0.994435
0.019502 0.660457 0.459848 16777215 0.030064
0.989103 0.676282 0.525564 16777215 0.582535
0.983755 0.675689 0.512467 16777215 0.000029
0.356467 0.212459 0.463508 16777215 0.998487
0.953564 0.769199 0.536485 16777215 0.702225
0.962157 0.776390 0.532132 16777215 0.997318
0.609701 0.242219 0.511816 9668743 0.000033
0.026016 0.420684 0.456658 16777215 0.002074
0.015737 0.601346 0.526776 16777215 0.108150
0.744195 0.566949 0.465969 16777215 0.785632
0.922862 0.786368 0.467375 10263961 0.855035
0.186842 0.209505 0.535509 16777215 0.990014
0.576051 0.231218 0.533420 16777215 0.007019
0.149208 0.789186 0.542130 16777215 0.000378
0.984628 0.419131 0.517515 16777215 0.308428
0.005280 0.788339 0.453407 13750992 0.997630
0.024300 0.214013 0.526457 11119273 0.896162
0.978352 0.636008 0.459680 15922164 0.000103
0.705339 0.783952 0.529731 10724515 0.088507
0.804410 0.765527 0.535254 12962505 0.029225
0.988853 0.506943 0.517179 16777215 0.000218
0.731840 0.573306 0.458302 16777215 0.165535
0.012175 0.332251 0.524941 16777215 0.672067
0.982075 0.610426 0.526137 16777215 0.015291
0.681103 0.491312 0.484050 16777215 0.296728
0.040036 0.787905 0.547998 16777215 0.971042
0.157630 0.543438 0.500127 16777215 0.000531
0.013182 0.452330 0.514289 16185339 0.767661
0.966778 0.583303 0.466862 16515070 0.000003
0.966400 0.784982 0.462414 15330282 0.647696
0.975483 0.203195 0.536140 5856860 0.935669
0.460991 0.210945 0.545629 16777215 0.999981
0.061478 0.796220 0.460875 12763329 0.994746
0.847397 0.210309 0.538845 7303022 0.190133
0.757071 0.787962 0.536532 16777215 0.890709
0.970626 0.377624 0.546250 16777215 0.005603
0.188078 0.782067 0.462471 16251127 0.984408
0.977077 0.600531 0.527824 16777215 0.049202
0.638290 0.205740 0.539205 7961211 0.000314
0.652057 0.770178 0.538213 16777215 0.000000
0.817382 0.473598 0.542815 16777215 0.059948
0.686053 0.201536 0.540155 6776421 0.334928
0.101559 0.204872 0.532028 9276299 0.000001
0.620448 0.205897 0.541888 16777215 0.999919
0.804453 0.569280 0.457254 16777215 0.206759
0.621223 0.229174 0.537672 16777215 0.000000
0.231131 0.573031 0.546249 16777215 0.376921
0.973826 0.387502 0.532906 16777215 0.012344
0.943355 0.215275 0.546123 16777215 0.997601
0.038818 0.682695 0.527016 16777215 0.628726
0.802084 0.455373 0.459459 16777215 0.216721
0.920835 0.201890 0.461521 6120035 0.749986
0.586845 0.795690 0.458931 15264490 0.820467
0.845139 0.783688 0.525704 10264223 0.938417
0.192562 0.459115 0.547336 16777215 0.235984
0.007073 0.738148 0.526931 14804454 0.011970
0.312001 0.768419 0.526857 16777215 0.000000
0.018641 0.721321 0.538259 16777215 0.028829
0.940375 0.202119 0.543200 6316385 0.985736
0.180310 0.783393 0.542135 16777215 0.127510
0.031892 0.705556 0.511350 16777215 0.002545
0.374842 0.210445 0.539870 16777215 0.999782
0.163586 0.789663 0.537774 16777215 0.000020
0.017780 0.214105 0.527823 15922160 0.997667
0.309218 0.777481 0.457140 16777215 0.000001
0.985641 0.491833 0.458611 16777215 0.954100
0.826940 0.472307 0.543279 16777215 0.046947
0.269188 0.788643 0.528046 12829636 0.925584
0.400423 0.200669 0.460783 7697267 0.989807
0.267764 0.209105 0.533418 9276556 0.000003
0.889169 0.786310 0.464481 12434366 0.992998
0.994461 0.687597 0.516254 16777215 0.000805
0.256546 0.580231 0.459773 16777215 0.012365
0.293616 0.780490 0.532424 16777215 0.000171
0.979381 0.440689 0.539417 16777215 0.357296
0.783102 0.419534 0.556513 16777215 0.073111
0.566292 0.207842 0.541241 16777215 0.999651
0.007770 0.515623 0.514492 9343378 0.019684
0.760795 0.787110 0.453908 16777215 0.668097
0.471363 0.226989 0.450739 14869219 0.999859
0.187097 0.793310 0.523712 12698305 0.016947
0.726283 0.795563 0.459047 8816005 0.727543
0.337228 0.786449 0.541695 16777215 0.995244
0.428408 0.212812 0.540948 16777215 1.000000
0.026446 0.621388 0.533493 16777215 0.035630
0.843128 0.414329 0.530447 16777215 0.044890
0.722295 0.208919 0.545194 16777215 0.999944
0.984027 0.693918 0.534650 16777215 0.001462
0.678806 0.213891 0.477899 12698050 0.999931
0.386560 0.790500 0.453116 16777215 0.463237
0.007022 0.612165 0.519972 16777215 0.994956
0.045068 0.465818 0.538175 16777215 0.154411
0.004562 0.555177 0.469934 12632512 0.999476
0.324746 0.214972 0.545689 16777215 0.999990
0.376324 0.788715 0.534590 16777215 0.987914
0.268158 0.780638 0.461745 16777215 0.000485
0.592405 0.787212 0.540002 16777215 0.000314
0.729851 0.204170 0.543396 9079690 0.998926
0.029181 0.540189 0.535995 16777215 0.000523
0.037686 0.469075 0.537091 16777215 0.000001
0.631431 0.217299 0.475504 15855602 0.999614
0.338868 0.211480 0.541521 16777215 0.998491
0.216638 0.797069 0.453649 15000805 0.973602
0.980236 0.568252 0.545866 16777215 0.377907
0.341423 0.785192 0.533109 16777215 0.907481
0.662865 0.207672 0.465829 11579312 0.999995
0.061414 0.661365 0.541229 16777215 0.001822
0.251212 0.793137 0.453848 16777215 0.958021
0.468112 0.213205 0.537789 6447459 0.622881
0.568255 0.213013 0.464054 14606815 0.999985
0.867733 0.209604 0.542078 16777215 0.998698
0.974768 0.424427 0.548688 16777215 0.994053
0.004125 0.533856 0.518727 12105912 0.979057
0.554039 0.763239 0.541801 16777215 0.000000
0.020651 0.567957 0.528631 16777215 0.583704
0.163776 0.545230 0.458465 16777215 0.000000
0.655565 0.213460 0.543565 16777215 0.998967
0.974532 0.674919 0.538272 16777215 0.090564
0.815529 0.209282 0.531356 16777215 0.988831
0.019838 0.608006 0.456675 16053749 0.998714
0.011953 0.516344 0.523357 16777215 0.895894
0.838543 0.786975 0.533720 11448238 0.978143
0.267670 0.203292 0.464987 10526880 0.999112
0.499799 0.796074 0.451506 16777215 0.959354
0.302052 0.210302 0.464475 16777215 0.976495
0.577494 0.762798 0.544177 16777215 0.000000
0.498359 0.228023 0.537090 16777215 0.994675
0.029740 0.534892 0.537812 16777215 0.427542
0.440159 0.786806 0.455438 16777215 0.745923
0.310035 0.780636 0.523882 16777215 0.998455
0.583826 0.796224 0.456885 10987430 0.996172
0.744488 0.211708 0.458072 13553357 0.985424
0.980013 0.468476 0.508286 16777215 0.055664
0.851074 0.206114 0.518435 7237744 0.000404
0.002805 0.792361 0.465497 9672592 0.984342
0.995774 0.715584 0.454014 15921649 0.998497
0.004038 0.699767 0.455220 14277595 0.996966
0.983008 0.742830 0.518378 16777215 0.014372
0.988836 0.795741 0.516229 12500666 0.964192
0.802792 0.218811 0.542320 16777215 0.461634
0.704131 0.446079 0.518063 16777215 0.647123
0.429235 0.793444 0.532360 11316653 0.000172
0.983372 0.213020 0.508342 8091254 0.994361
0.970189 0.708239 0.515455 16777215 0.026712
0.835111 0.789367 0.511616 11579567 0.000612
0.003752 0.500129 0.460780 9670289 0.009305
0.021208 0.564942 0.462135 16777215 0.000913
0.817542 0.741038 0.540676 16777215 0.000002
0.019239 0.674726 0.462289 16777213 0.228218
0.984706 0.256757 0.531278 16777215 0.024049
0.972107 0.297232 0.528266 16777215 0.505330
0.021133 0.307215 0.506220 13685966 0.012590
0.007097 0.759080 0.458083 16777215 0.806520
0.046943 0.207456 0.462966 12499383 0.952995
0.935330 0.312098 0.544657 16777215 0.000037
0.282068 0.791818 0.525700 11711152 0.000024
0.456487 0.228126 0.535114 16777215 0.001486
0.726618 0.790863 0.519168 10790567 0.000040
0.513623 0.782338 0.459596 16777215 0.349966
0.737592 0.765199 0.522228 14343130 0.000052
0.673894 0.792956 0.533316 11579310 0.045174
0.551925 0.789815 0.455731 16777215 0.361536
0.470783 0.792251 0.475145 11513005 0.090630
0.312485 0.203501 0.453221 13421772 0.999879
0.996747 0.266758 0.450757 16184565 0.999840
0.337174 0.792967 0.528940 12105912 0.000084
0.005374 0.216040 0.453228 16777215 0.997033
0.178996 0.785476 0.461064 11448495 0.142149
0.009727 0.560212 0.466289 10066844 0.019754
0.972948 0.507572 0.548483 16777215 0.800853
0.470957 0.216275 0.485063 7039586 0.027862
0.681539 0.423732 0.545762 16777215 0.000379
0.219678 0.778610 0.524960 12303034 0.000022
0.765239 0.568791 0.457455 16777215 0.128467
0.557588 0.214156 0.511392 8354684 0.000049
0.981743 0.418832 0.523326 16777215 0.229864
0.989927 0.648354 0.456616 16777215 0.000572
0.017002 0.731937 0.532468 16777215 0.207893
0.997122 0.492358 0.522015 16777215 0.000036
0.185400 0.525024 0.534076 16777215 0.001822
0.980833 0.765734 0.510804 16777215 0.003531
0.981573 0.601850 0.519718 16383996 0.000080
0.040300 0.506915 0.534346 16777215 0.001955
0.544213 0.770577 0.538897 16777215 0.000000
0.684709 0.526357 0.541205 16777215 0.002878
0.013413 0.313745 0.474463 14011342 0.045224
0.919887 0.218992 0.532484 5065547 0.974687
0.199619 0.439236 0.543949 16777215 0.468363
0.966205 0.264703 0.533809 16777215 0.849256
0.184915 0.474587 0.452359 16777215 0.000001
0.016819 0.450023 0.537381 16777215 0.042026
0.587364 0.217683 0.546001 16777215 0.999690
0.185570 0.544370 0.458086 16777215 0.001142
0.980882 0.397329 0.535709 16777215 0.004767
0.961943 0.240554 0.536986 16777215 0.054251
0.799237 0.451291 0.473032 16777215 0.114577
0.084388 0.798074 0.455633 12566206 0.812265
0.717960 0.594829 0.519949 16777215 0.063171
0.018071 0.266842 0.519394 16119282 0.784833
0.155190 0.785870 0.471763 16777215 0.933101
0.005029 0.277258 0.453928 14408664 0.997529
0.043089 0.697077 0.539207 16777215 0.015864
0.047471 0.652345 0.538889 16777215 0.009480
0.047925 0.378397 0.535291 16777215 0.015810
0.756463 0.768213 0.536088 16777215 0.000001
0.532578 0.791921 0.537848 11381677 0.134354
0.049094 0.584070 0.523047 16777215 0.000004
0.992851 0.338676 0.531797 16777215 0.204104
0.308018 0.210217 0.520612 8486782 0.000002
0.855072 0.788210 0.453775 13816529 0.998423
0.303835 0.205085 0.538443 13092805 0.999995
0.002020 0.314666 0.454158 8420991 0.998912
0.277186 0.785321 0.534634 16777215 0.004334
0.019750 0.528586 0.507723 11644592 0.033885
0.990838 0.347430 0.513149 16777215 0.053855
0.022490 0.509253 0.504891 16777215 0.005974
0.180519 0.543683 0.459655 16777215 0.000176
0.213576 0.796298 0.541456 12697792 0.018126
0.980671 0.540627 0.542994 16777215 0.033253
0.006001 0.700964 0.454227 16777215 0.997734
0.016526 0.540563 0.520370 16777215 0.237379
0.962915 0.428194 0.539010 16777215 0.339780
0.988419 0.686821 0.523458 16777215 0.014369
0.414240 0.778884 0.458217 16777215 0.195604
0.368373 0.241556 0.536297 16777215 0.000001
0.326043 0.789845 0.462560 10790310 0.691071
0.274353 0.783817 0.540936 16777215 0.000000
0.194765 0.788036 0.544472 16777215 0.000004
0.997096 0.607046 0.451815 15724784 0.999329
0.355325 0.784283 0.532032 16777215 0.000073
0.014669 0.596142 0.457877 15394797 0.962912
0.366875 0.796105 0.542145 12303035 0.999817
0.219936 0.762745 0.459809 16777215 0.000044
0.953628 0.528195 0.533485 16777215 0.005697
0.799112 0.786895 0.535831 16250358 0.971531
0.967378 0.562251 0.548603 16777215 0.563700
0.558928 0.783675 0.514209 13684429 0.822171
0.127672 0.779653 0.532648 16777215 0.000112
0.958598 0.362725 0.531233 16777215 0.001657
0.125024 0.785790 0.539340 16777215 0.000002
0.177554 0.788239 0.507834 14606818 0.007076
0.960222 0.564314 0.541511 16777215 0.218502
0.426961 0.204888 0.461786 9934231 0.999988
0.668138 0.795818 0.540918 10593700 0.970631
0.969833 0.448206 0.540251 16777215 0.017058
0.634993 0.793586 0.547972 16777215 0.940618
0.986929 0.645729 0.508433 16777215 0.512167
0.614041 0.792621 0.538607 11842741 0.965093
0.254239 0.219302 0.459367 15592942 0.949831
0.864836 0.791846 0.458247 11974325 0.947908
0.466307 0.213284 0.540075 16777215 0.999979
0.974412 0.364206 0.532062 16777215 0.002686
0.225722 0.211673 0.461684 6974315 0.513352
0.323695 0.201832 0.466908 4342591 0.985435
0.706005 0.796030 0.460128 10066072 0.942845
0.847925 0.214868 0.464043 13684945 0.999996
0.012428 0.571778 0.465895 8618885 0.976683
0.029260 0.619018 0.541980 16777215 0.055943
0.391494 0.790376 0.536181 12500414 0.999473
0.917761 0.219502 0.455842 11054249 0.999861
0.634296 0.788941 0.537055 14080216 0.999918
0.971975 0.528119 0.534716 16777215 0.225264
0.365503 0.779926 0.545220 16777215 0.940894
0.696395 0.786950 0.538213 16777215 0.997900
0.630274 0.783558 0.538777 16777215 0.375415
0.667150 0.790549 0.536520 12303548 0.931406
0.465172 0.209709 0.546956 16777215 0.999997
0.952279 0.345766 0.539524 16777215 0.009961
0.567163 0.785016 0.539601 16777215 0.472921
0.996562 0.360544 0.450903 15132390 0.998749
0.289144 0.210322 0.471462 5395282 0.641901
0.461179 0.792078 0.454008 13290698 0.987061
0.525091 0.782096 0.538790 16777215 0.000018
0.922101 0.212992 0.458976 14014424 0.999999
0.012576 0.651815 0.454905 15790321 0.992212
0.030689 0.629853 0.541403 16777215 0.037295
0.485850 0.786217 0.536584 12368571 0.999306
0.414587 0.212240 0.459591 16316660 0.992491
0.341892 0.204786 0.542746 7565938 0.999911
0.992533 0.536353 0.452811 16250357 0.999723
0.268461 0.202835 0.462799 5789783 0.998885
0.721934 0.789577 0.541169 15921907 0.999964
0.979833 0.525777 0.545581 16777215 0.428056
0.007756 0.391062 0.456054 14341587 0.999462
0.788825 0.784938 0.537076 16777215 0.998500
0.092889 0.206644 0.547141 16777215 0.984950
0.855051 0.205845 0.527968 7368558 0.002110
0.996969 0.796769 0.466870 15461613 0.867426
0.984065 0.457737 0.483753 16580604 0.000023
0.986664 0.210972 0.531331 16777215 0.192319
0.987993 0.737493 0.508900 16777215 0.004446
0.992795 0.202919 0.486201 8290689 0.996847
0.991058 0.780893 0.518054 14276317 0.987175
0.885190 0.217728 0.547803 16777215 0.935992
0.440181 0.782788 0.522452 10263710 0.001027
0.910432 0.783974 0.531659 16316665 0.960386
0.762383 0.210066 0.537587 16777215 0.988409
0.982397 0.691088 0.527651 16777215 0.046800
0.148291 0.207343 0.455566 16777215 0.555000
0.013238 0.419094 0.511346 11447983 0.073236
0.005522 0.452189 0.461702 10460829 0.013585
0.015057 0.461676 0.511521 11645874 0.008957
0.015256 0.701600 0.455856 16777215 0.312841
0.985417 0.258514 0.532037 16777215 0.013995
0.962300 0.697534 0.541585 16777215 0.002232
0.988710 0.223835 0.475243 14471901 0.973534
0.013593 0.260845 0.510772 12106425 0.009395
0.024561 0.209814 0.546697 16777215 0.995969
0.009331 0.738736 0.456757 16777215 0.475246
0.013311 0.680968 0.517330 13224397 0.000069
0.933945 0.309018 0.502740 16777215 0.000296
0.294571 0.789296 0.491756 10986915 0.000060
0.426210 0.240883 0.528618 16777215 0.000010
0.978399 0.495497 0.522087 16645116 0.486466
0.525268 0.782232 0.466309 16777215 0.396941
0.494171 0.216555 0.538883 5131595 0.197028
0.587509 0.788973 0.515485 11449012 0.000274
0.988981 0.776648 0.514301 10854300 0.980271
0.992713 0.328995 0.458773 15329256 0.999490
0.994383 0.787999 0.458773 12237750 0.995845
0.971384 0.208903 0.530434 16777215 0.989761
0.612439 0.789884 0.518566 12171450 0.000341
0.017880 0.646615 0.469298 16777215 0.015359
0.941373 0.204126 0.450237 16250103 0.995477
0.007938 0.572923 0.471782 12498616 0.025331
0.861374 0.784258 0.531070 16777215 0.795656
0.995316 0.660035 0.520567 16777215 0.000016
0.012607 0.785576 0.518353 15921645 0.961458
0.639886 0.206893 0.460551 13750737 0.999599
0.972998 0.781595 0.519638 16777215 0.587731
0.994652 0.715340 0.524478 16777215 0.349033
0.960478 0.781363 0.532728 16448252 0.998411
0.013090 0.491266 0.464692 16777215 0.048594
0.639735 0.206727 0.542734 7895160 0.914126
0.348474 0.215086 0.479313 8422017 0.000336
0.140914 0.491381 0.508048 16777215 0.007567
0.985411 0.559897 0.470559 16776959 0.000004
0.218425 0.788828 0.495713 13158086 0.000017
0.936120 0.793750 0.463556 10790563 0.980601
0.021647 0.308254 0.531536 16777215 0.112857
0.567271 0.236174 0.536547 16777215 0.006059
0.163866 0.782357 0.532218 16777215 0.000169
0.012723 0.618712 0.470492 16777215 0.746624
0.004431 0.779436 0.454420 16316921 0.997918
0.231462 0.212349 0.458403 16316663 0.999624
0.989856 0.204159 0.519926 7632500 0.998494
0.996676 0.354914 0.452524 15132389 0.999778
0.972733 0.626155 0.471516 16777215 0.000187
0.024503 0.728893 0.537696 16777215 0.055616
0.136663 0.212526 0.540614 16777215 0.974951
0.711419 0.573184 0.461798 16777215 0.044013
0.328329 0.216227 0.542924 16777215 0.813571
0.016893 0.368932 0.524110 16777215 0.661276
0.001655 0.778033 0.455917 8553346 0.998022
0.038823 0.579224 0.543338 16777215 0.000570
0.996715 0.780234 0.451848 14934756 0.999116
0.978315 0.771500 0.526799 16777215 0.032575
0.984946 0.576981 0.517179 16777215 0.000067
0.547681 0.778214 0.541220 16777215 0.000000
0.957836 0.503213 0.486736 16777215 0.000038
0.024225 0.253597 0.516803 16777215 0.461921
0.987810 0.700391 0.469806 15988726 0.000013
0.328774 0.472144 0.536317 16777215 0.716228
0.030511 0.772217 0.535942 16777215 0.090641
0.755791 0.206678 0.540551 16777215 0.994910
0.979959 0.244363 0.522880 16777215 0.461008
0.908949 0.202798 0.539894 7434865 0.117328
0.753189 0.785025 0.530650 16777215 0.946169
0.125607 0.794756 0.461190 13290440 0.729278
0.052478 0.652047 0.533209 16777215 0.309966
0.341726 0.210844 0.542424 16777215 0.999892
0.976065 0.584059 0.531686 16777215 0.029333
0.653346 0.203751 0.521081 7960443 0.000178
0.626605 0.210212 0.540826 16777215 0.999868
0.953469 0.774047 0.533580 16777215 0.012377
0.820929 0.457119 0.461936 16777215 0.360308
0.979574 0.476765 0.534309 16777215 0.002584
0.960449 0.393232 0.536129 16777215 0.006710
0.957086 0.233623 0.543840 16777215 0.037770
0.896275 0.206420 0.544137 16777215 0.999066
0.668943 0.795147 0.451165 11777459 0.984596
0.263759 0.571800 0.537689 16777215 0.738224
0.183167 0.458709 0.516092 16777215 0.021914
0.225073 0.571926 0.463245 16777215 0.003052
0.593721 0.785554 0.533443 16777215 0.635864
0.016904 0.267283 0.522295 16777215 0.800545
0.298441 0.778708 0.533800 16777215 0.000001
0.341688 0.202405 0.532659 8355455 0.000008
0.002638 0.304530 0.452525 12895941 0.999881
0.287287 0.209009 0.507344 9210762 0.000000
0.958765 0.201750 0.544144 4736584 0.994421
0.981397 0.644452 0.527617 16777215 0.377204
0.384327 0.207954 0.533642 8815492 0.000198
0.023482 0.702368 0.516167 16777215 0.018602
0.976563 0.770831 0.531713 16777215 0.000362
0.986787 0.322982 0.485182 16382968 0.000000
0.051991 0.364937 0.530310 16777215 0.021844
0.250509 0.430246 0.453661 16777215 0.046576
0.004308 0.457871 0.460541 9804440 0.912009
0.314516 0.201529 0.540631 8355712 0.000476
0.024217 0.711563 0.511335 13355465 0.038988
0.287035 0.789124 0.536680 16777215 0.463660
0.594967 0.205968 0.538044 7565937 0.008751
0.535581 0.215033 0.546680 16777215 0.999695
0.004166 0.313319 0.452778 15395049 0.999902
0.459774 0.214661 0.546489 16777215 0.998229
0.012292 0.518706 0.507679 11119272 0.019170
0.993582 0.513760 0.457605 16580095 0.999764
0.954220 0.783151 0.532825 16777215 0.995795
0.980766 0.539791 0.523359 16777215 0.041841
0.412652 0.211288 0.537476 16777215 0.999998
0.216749 0.771005 0.535925 16777215 0.000000
0.194617 0.788464 0.542233 16777215 0.000009
0.491053 0.209019 0.462988 13027269 0.999960
0.972560 0.341012 0.510257 16777215 0.108542
0.279754 0.213855 0.545021 16777215 0.999998
0.342129 0.784490 0.529778 16777215 0.001003
0.326431 0.787001 0.532215 15461098 0.965848
0.256018 0.782710 0.467325 16777215 0.051813
0.980112 0.439363 0.463981 16119796 0.000090
0.536802 0.777961 0.541112 16777215 0.000012
0.976102 0.516241 0.534501 16777215 0.002157
0.084849 0.204413 0.453297 12237498 0.999958
0.856990 0.203707 0.456222 10000537 0.999806
0.456155 0.208819 0.540077 16777215 0.999770
0.990899 0.641835 0.525421 16777215 0.335170
0.153585 0.788935 0.452918 16052720 0.973712
0.944469 0.576831 0.515240 16777215 0.199545
0.487234 0.779637 0.483640 12434620 0.977136
0.457684 0.781568 0.538312 16777215 0.999448
0.478947 0.795344 0.547069 16777215 0.999928
0.986936 0.522383 0.520769 16777215 0.000146
0.995733 0.683450 0.530757 16777215 0.247218
0.957539 0.543976 0.504965 16777215 0.292094
0.606172 0.786741 0.532827 16777215 0.899577
0.496397 0.785313 0.545148 16777215 0.999973
0.399374 0.201733 0.472664 10461345 0.999345
0.533412 0.783205 0.545343 16777215 0.000060
0.348436 0.209330 0.538190 7566196 0.999952
0.882215 0.210888 0.538549 6052699 0.996352
0.273852 0.200131 0.545386 7368559 0.998912
0.566702 0.203866 0.536293 6710629 0.000047
0.984866 0.454244 0.520033 16777215 0.450324
0.987240 0.496297 0.510985 16383481 0.000093
0.618770 0.225814 0.544338 16777215 0.997285
0.250006 0.794832 0.453653 12764356 0.982999
0.448545 0.788845 0.534311 12105912 0.997330
0.893498 0.203764 0.451590 14605789 0.999940
0.036757 0.479497 0.534446 16777215 0.000001
0.682749 0.771626 0.539788 16777215 0.000001
0.005367 0.674797 0.452798 16645374 0.999708
0.102081 0.204170 0.543417 8684676 0.000677
0.725953 0.207617 0.538520 5132625 0.994554
0.298605 0.210824 0.462317 11250091 0.996938
0.532434 0.210013 0.519338 6908263 0.000164
0.009868 0.403446 0.462356 16777215 0.754435
0.002075 0.472932 0.454381 12303547 0.999801
0.004152 0.490692 0.452029 16777215 0.955683
0.564738 0.792364 0.537102 15000548 0.000094
0.008183 0.659198 0.457520 15987956 0.994512
0.112179 0.795511 0.453022 15132131 0.976966
0.673760 0.206716 0.465488 3815735 0.997678
0.921638 0.209839 0.451542 14407895 0.999783
0.037101 0.451258 0.542342 16777215 0.000002
0.651491 0.209663 0.454790 16777215 0.999932
0.990555 0.453558 0.533714 16777215 0.044035
0.065483 0.211600 0.528403 16777215 0.980059
0.842375 0.200737 0.536771 6579301 0.005847
0.046909 0.306586 0.533764 16777215 0.305583
0.988133 0.455045 0.467391 16382463 0.000021
0.995025 0.222623 0.522189 16777215 0.948356
0.997143 0.735680 0.451147 14935524 0.997897
0.988296 0.732522 0.518420 16777215 0.011744
0.983830 0.214387 0.463513 11513520 0.975059
0.908816 0.214337 0.545222 16777215 0.963936
0.004681 0.218622 0.516531 11249834 0.386982
0.985109 0.692285 0.521088 16777215 0.044740
0.961376 0.717664 0.466167 16776956 0.000231
0.435478 0.211306 0.530829 16777215 0.905932
0.009919 0.441146 0.464042 10330013 0.019208
0.007657 0.643184 0.455432 16777215 0.400851
0.989783 0.278325 0.527412 16777215 0.515244
0.957125 0.680868 0.541064 16777215 0.003842
0.015925 0.270704 0.509729 13947862 0.008376
0.950460 0.356966 0.529759 16777215 0.000474
0.009897 0.437972 0.476946 10329245 0.001989
0.498251 0.780046 0.465514 16777215 0.864399
0.325149 0.785422 0.551717 16777215 0.985891
0.704069 0.207560 0.531961 13753552 0.985892
0.500228 0.780758 0.463267 15396077 0.612690
0.042669 0.306554 0.539427 16777215 0.000016
0.995938 0.333555 0.452429 14934499 0.999848
0.362814 0.790894 0.523296 12697536 0.000151
0.914191 0.220482 0.544826 16777215 0.000031
0.008464 0.501774 0.471543 10263197 0.000045
0.726010 0.790832 0.461785 15922420 0.281489
0.990776 0.209812 0.531366 16777215 0.998353
0.011578 0.577552 0.515582 13553616 0.007364
0.206117 0.787141 0.535475 12303291 0.869455
0.014571 0.653659 0.456827 16777215 0.011578
0.022220 0.411272 0.455202 16777215 0.000073
0.014012 0.567422 0.468830 13420490 0.021350
0.988843 0.494314 0.518582 16777215 0.000012
0.040763 0.211489 0.532431 16250358 0.885880
0.992186 0.709839 0.509924 16580090 0.000006
0.957835 0.768370 0.535852 16777215 0.756235
0.963227 0.776898 0.533762 16645372 0.998361
0.555432 0.215081 0.455435 16777215 0.052357
0.334298 0.206931 0.469209 8882056 0.001074
0.167781 0.472284 0.535030 16777215 0.007879
0.982429 0.580746 0.463260 16184821 0.000006
0.208248 0.209310 0.533390 16777215 0.995598
0.072451 0.791565 0.518920 16777215 0.000278
0.556186 0.793874 0.462744 9868693 0.999888
0.692309 0.470593 0.538459 16777215 0.885864
0.288701 0.205667 0.460018 14868962 0.999739
0.019256 0.727033 0.459986 14671838 0.422959
0.996223 0.348600 0.452233 15592941 0.999785
0.826445 0.224459 0.460619 16447993 0.000330
0.707015 0.785637 0.527719 10263196 0.608147
0.018380 0.719342 0.531755 16777215 0.249739
0.778047 0.784295 0.524255 8947852 0.086285
0.043647 0.604257 0.542866 16777215 0.002881
0.927656 0.426674 0.521984 16777215 0.003453
0.183317 0.520947 0.538647 16777215 0.002243
0.992273 0.685024 0.499986 16449277 0.000007
0.518472 0.778456 0.467733 15131619 0.671676
0.014827 0.456486 0.525199 16777215 0.806520
0.704331 0.535460 0.512500 16777215 0.075211
0.015590 0.419929 0.456985 16777215 0.363386
0.894467 0.203886 0.531771 7697524 0.015121
0.005107 0.729712 0.455792 12895941 0.991280
0.202084 0.421507 0.538124 16777215 0.149748
0.708181 0.208984 0.544898 16777215 0.961595
0.319070 0.459204 0.546552 16777215 0.910420
0.044990 0.606217 0.496297 14735584 0.000755
0.984974 0.251802 0.528429 16777215 0.368685
0.723194 0.785266 0.534223 16777215 0.810853
0.210374 0.431170 0.449235 16777215 0.000937
0.166542 0.788078 0.453989 16317177 0.998168
0.915408 0.337605 0.540102 16777215 0.000003
0.690799 0.205956 0.540520 6842727 0.001207
0.690776 0.199652 0.545760 2894636 0.978356
0.013764 0.671135 0.521365 15724269 0.969907
0.982504 0.444818 0.534670 16777215 0.002026
0.208636 0.565771 0.529225 16777215 0.281961
0.984943 0.379252 0.529534 16777215 0.008181
0.962471 0.237716 0.538082 16777215 0.070533
0.903457 0.211878 0.546017 16777215 0.997545
0.013112 0.550144 0.460382 16777215 0.277885
0.451508 0.210359 0.541135 920588 0.992899
0.684216 0.790689 0.455056 13026757 0.988163
0.710543 0.567912 0.542348 16777215 0.489215
0.961350 0.345432 0.534637 16777215 0.315988
0.204980 0.213482 0.527260 16777215 0.569384
0.645376 0.782266 0.541424 16777215 0.621954
0.015868 0.687040 0.518734 12303807 0.053525
0.299861 0.774192 0.538942 16777215 0.000001
0.362037 0.207267 0.532631 7829625 0.000043
0.389672 0.206890 0.523476 9538958 0.000226
0.804841 0.205668 0.529670 7697524 0.000189
0.025008 0.389261 0.529581 16777215 0.051007
0.563528 0.788482 0.531445 11974071 0.476233
0.484723 0.797733 0.452524 16054261 0.909604
0.019281 0.596808 0.517830 16777215 0.000007
0.298979 0.199280 0.536643 8421504 0.000006
0.798020 0.206985 0.539170 5790556 0.056242
0.262289 0.577345 0.461189 16777215 0.006781
0.282565 0.786950 0.539360 16777215 0.188773
0.010543 0.655134 0.455560 15198186 0.999292
0.995251 0.784505 0.453092 14606303 0.996164
0.004832 0.589310 0.457538 13618897 0.999637
0.011296 0.393373 0.516586 13421260 0.084140
0.541763 0.207327 0.537157 16447736 0.999489
0.990525 0.299823 0.532077 16777215 0.032085
0.965491 0.779541 0.530067 16777215 0.999751
0.435424 0.218458 0.461194 16315640 0.056136
0.557719 0.781834 0.519621 16777215 0.969860
0.748401 0.796709 0.453629 12500927 0.952778
0.877525 0.204814 0.461252 5395538 0.999030
0.975760 0.547967 0.533332 16777215 0.023944
0.475528 0.208189 0.540609 16777215 0.999999
0.004024 0.406569 0.452909 16448507 0.998485
0.807061 0.450717 0.544882 16777215 0.084101
0.215659 0.786063 0.537724 16777215 0.000007
0.387252 0.787248 0.539961 16777215 0.001838
0.012307 0.505299 0.463677 15461866 0.991672
0.977927 0.618171 0.457765 16777215 0.003221
0.873037 0.215183 0.464287 15197667 0.997130
0.995963 0.616339 0.457678 15791090 0.999933
0.994966 0.466283 0.453166 16777215 0.999876
0.994095 0.401706 0.453143 16317688 0.999591
0.750467 0.782737 0.518506 12763072 0.966874
0.887050 0.208041 0.459721 7829621 0.982572
0.966455 0.503661 0.539017 16777215 0.048976
0.472963 0.798954 0.456615 11382188 0.982895
0.916457 0.204311 0.452636 16185590 0.999853
0.976791 0.404331 0.543266 16777215 0.120888
0.174341 0.788949 0.535643 16777215 0.998548
0.974971 0.489188 0.536404 16777215 0.232146
0.518478 0.769916 0.543626 16777215 0.000005
0.482033 0.785895 0.539577 14079702 0.999968
0.956001 0.469923 0.523069 16777215 0.247063
0.000484 0.511844 0.454251 7631988 0.979088
0.439368 0.797058 0.461443 10987430 0.314889
0.380859 0.203844 0.469930 11381416 0.998196
0.712313 0.219844 0.465027 7435120 0.976023
0.991121 0.578704 0.524971 16777215 0.000153
0.221575 0.203333 0.537736 8356224 0.996901
0.023971 0.264720 0.480104 12896456 0.441944
0.310326 0.789611 0.535533 14013653 0.980449
0.524499 0.798866 0.463820 10066586 0.995905
0.003482 0.567808 0.457072 13947860 0.999981
0.561887 0.787091 0.541732 13158087 0.991518
0.518708 0.789102 0.477278 11513264 0.259110
0.314612 0.218406 0.481742 15000545 0.994263
0.988548 0.609903 0.511767 16777215 0.000029
0.728141 0.795550 0.451726 16777215 0.996560
0.545134 0.206592 0.461562 7763060 0.367327
0.825496 0.205309 0.455465 11250089 0.999989
0.628103 0.207774 0.457339 16777215 0.936150
0.532773 0.792706 0.536164 11908791 0.991975
0.992751 0.476843 0.536225 16777215 0.096807
0.812911 0.219398 0.534763 8159359 0.081312
0.545398 0.205577 0.465215 6776680 0.376516
0.987781 0.793462 0.462128 12829377 0.911453
0.951729 0.212794 0.537872 15330026 0.992336
0.003872 0.675879 0.453936 14672353 0.998805
0.996459 0.729085 0.522420 16777215 0.002432
0.995779 0.796168 0.510975 11581107 0.991939
0.041640 0.210309 0.534537 8290178 0.594395
0.427393 0.785573 0.518703 11185577 0.001135
0.003506 0.699446 0.454797 11185324 0.984036
0.764052 0.221357 0.540165 16777215 0.987927
0.367165 0.222862 0.530672 16777215 0.831165
0.015691 0.402727 0.511542 11448239 0.150459
0.006447 0.361342 0.465569 11250858 0.073358
0.014246 0.457622 0.512779 11514033 0.021784
0.019529 0.561763 0.455917 16777215 0.012110
0.010491 0.207278 0.467009 9868440 0.973669
0.983664 0.659491 0.500210 16777215 0.000027
0.984544 0.280264 0.532564 16777215 0.022310
0.996539 0.219522 0.454592 16645884 0.990415
0.009341 0.662338 0.465751 10592671 0.002995
0.018553 0.283093 0.510263 12369084 0.006021
0.019889 0.686348 0.512086 12963282 0.000294
0.267791 0.789517 0.508059 12830403 0.000069
0.016394 0.344856 0.469660 10987181 0.124555
0.996030 0.551422 0.520048 16777215 0.809793
0.013047 0.429123 0.490219 11513008 0.001059
0.495483 0.783581 0.459704 14541028 0.480789
0.612747 0.787371 0.510707 10199192 0.000309
0.497583 0.778963 0.456993 16119797 0.739318
0.012589 0.322031 0.455091 16777215 0.035905
0.713108 0.206202 0.540733 8355967 0.682293
0.142776 0.202083 0.466769 10395550 0.998733
0.045655 0.285549 0.536326 16777215 0.000022
0.004375 0.320356 0.452722 16777215 0.996529
0.751649 0.786239 0.456184 16515068 0.558048
0.991202 0.209223 0.529200 16777215 0.998624
0.016674 0.576087 0.518886 14278105 0.027110
0.607561 0.783963 0.524838 10461346 0.000707
0.016331 0.641834 0.457846 16646143 0.040003
0.432597 0.230189 0.457866 16777215 0.004624
0.019372 0.450006 0.455740 16777215 0.000093
0.986436 0.493607 0.521753 16777215 0.000010
0.044831 0.201161 0.545805 11250603 0.992989
0.992977 0.689194 0.518516 16777215 0.000007
0.956572 0.768365 0.535730 16777215 0.825970
0.811615 0.219369 0.546986 16777215 0.000266
0.677680 0.224628 0.535796 16777215 0.026026
0.480996 0.226344 0.453608 16777215 0.073411
0.434063 0.202400 0.458310 5921369 0.395419
0.347107 0.214134 0.468175 7830391 0.002194
0.154452 0.208125 0.511478 7631732 0.001382
0.699248 0.437331 0.539741 16777215 0.033555
0.215995 0.787525 0.503183 13684178 0.000033
0.884542 0.795737 0.462311 10131094 0.987526
0.608484 0.220748 0.546405 16777215 0.006596
0.011199 0.632632 0.452886 14803424 0.979031
0.681964 0.523517 0.460209 16777215 0.247945
0.080325 0.202127 0.467725 8750981 0.975576
0.987723 0.209622 0.492969 6579044 0.998764
0.996366 0.341892 0.452926 16514300 0.999524
0.985506 0.674658 0.463295 15854833 0.000194
0.024674 0.743485 0.532933 16777215 0.113826
0.766696 0.785008 0.516712 11843509 0.138293
0.579937 0.801094 0.455580 10460828 0.843471
0.189017 0.436960 0.535531 16777215 0.000083
0.010875 0.296102 0.530711 16777215 0.710501
0.995948 0.780907 0.451098 15856368 0.998843
0.003997 0.206960 0.511522 12105399 0.972478
0.014435 0.342963 0.455627 16777215 0.420163
0.973802 0.755895 0.531393 16777215 0.016157
0.682124 0.545611 0.535266 16777215 0.021164
0.966974 0.794914 0.458166 12698307 0.793887
0.023107 0.505325 0.455489 16777215 0.004443
0.921409 0.203593 0.538922 6580586 0.974138
0.242964 0.211073 0.466586 8947849 0.002164
0.865037 0.220943 0.536435 9408400 0.020242
0.006177 0.758609 0.462718 14868707 0.955613
0.995493 0.471009 0.522621 16777215 0.000004
0.023921 0.779215 0.531925 16777215 0.056197
0.992350 0.773865 0.516619 16711679 0.398026
0.171668 0.794368 0.452191 16120312 0.993799
0.963130 0.609375 0.523988 16777215 0.041696
0.616101 0.207039 0.541331 16710907 0.999849
0.189248 0.532055 0.458918 16777215 0.003001
0.794291 0.566158 0.463937 16777215 0.190650
0.979514 0.374692 0.535265 16777215 0.006621
0.982360 0.433809 0.505799 16777215 0.000000
0.945948 0.204123 0.545471 16777215 0.999826
0.801533 0.444003 0.464241 16777215 0.054448
0.680970 0.506723 0.545599 16777215 0.564439
0.189168 0.210546 0.471489 9737104 0.000174
0.465573 0.216025 0.463423 16777215 0.227753
0.003462 0.262227 0.454105 13816017 0.999346
0.281031 0.575437 0.522600 16777215 0.480810
0.732250 0.425368 0.514087 16777215 0.659450
0.014533 0.254756 0.529962 16777215 0.709613
0.289721 0.785824 0.545528 16777215 0.000002
0.031741 0.759560 0.534668 16777215 0.355524
0.184135 0.213274 0.459880 16777215 0.322164
0.018090 0.682519 0.539173 16777215 0.030158
0.990763 0.203036 0.517787 6250078 0.990337
0.099515 0.205228 0.523646 9079689 0.000003
0.988215 0.613821 0.513938 16777215 0.280331
0.296981 0.559362 0.453011 16777215 0.041454
0.264263 0.785596 0.523696 12237243 0.922975
0.988352 0.347711 0.523188 16777215 0.296210
0.284421 0.206492 0.519469 8947847 0.000002
0.823966 0.793521 0.460157 10790053 0.996905
0.209306 0.209586 0.516423 8947595 0.000001
0.992399 0.459930 0.517837 16777215 0.679979
0.004113 0.402258 0.523051 10658210 0.090985
0.989487 0.317057 0.519387 16777215 0.090868
0.961501 0.777209 0.533559 16777215 0.999906
0.981271 0.592303 0.523508 16777215 0.967096
0.746949 0.203778 0.469478 6976109 0.984724
0.006969 0.291087 0.470941 13552847 0.985303
0.904190 0.792395 0.455160 14409180 0.999887
0.458224 0.215115 0.543241 16777215 1.000000
0.006050 0.341367 0.453509 16777215 0.994102
0.991014 0.457484 0.517018 16316666 0.000003
0.403129 0.780570 0.463622 16777215 0.313893
0.002630 0.490064 0.457269 10724003 0.998401
0.405569 0.205078 0.475486 12698304 0.999893
0.986036 0.374467 0.521770 16777215 0.071939
0.035083 0.594867 0.524924 16777215 0.967234
0.012307 0.300157 0.457188 16118259 0.914055
0.257242 0.203514 0.462978 12368829 0.998062
0.100551 0.205361 0.453575 16119540 0.998605
0.004801 0.320743 0.454744 14080216 0.999916
0.012209 0.447512 0.456875 16710908 0.671917
0.030692 0.575080 0.536855 16777215 0.001375
0.456709 0.205231 0.452373 12961223 0.998853
0.720187 0.787486 0.455950 13026759 0.999343
0.043154 0.472082 0.538662 16777215 0.014768
0.114775 0.204182 0.456320 13487309 0.999962
0.955332 0.472444 0.541760 16777215 0.006437
0.742807 0.210868 0.475431 10264220 0.999743
0.016184 0.641692 0.517583 15922164 0.919085
0.003926 0.353409 0.450159 16777215 0.974478
0.936280 0.206484 0.456800 13158855 0.999999
0.415275 0.790907 0.527246 13028042 0.998146
0.817593 0.204763 0.457060 16777215 0.999618
0.792005 0.780897 0.465359 10460316 0.945342
0.984919 0.668044 0.514340 16777215 0.300157
0.607312 0.792277 0.540929 16777215 0.977206
0.987862 0.551878 0.462402 16250868 0.000003
0.985264 0.622485 0.522942 16777215 0.690137
0.547281 0.211632 0.455739 15394789 0.999587
0.456085 0.210796 0.465514 5592406 0.980726
0.190124 0.461229 0.460405 16777215 0.000010
0.011756 0.318694 0.460035 12303033 0.999282
0.224174 0.788891 0.537777 16777215 0.887719
0.480075 0.206064 0.467790 12632259 0.998620
0.996076 0.655712 0.452329 14803937 0.999960
0.290005 0.783534 0.459521 15066338 0.994573
0.113130 0.786042 0.545162 16777215 0.999841
0.235334 0.785062 0.544774 16777215 0.956467
0.192921 0.411055 0.463780 16777215 0.000001
0.663950 0.212977 0.540382 4671047 0.830955
0.392016 0.203498 0.530508 6052956 0.033867
0.386555 0.784603 0.539351 16777215 0.892662
0.775244 0.789792 0.453929 16777215 0.765726
0.394162 0.208608 0.465426 10263964 0.999081
0.445278 0.203969 0.472125 14869733 0.996925
0.302975 0.212126 0.475027 14278363 0.999801
0.008405 0.794993 0.498054 13750480 0.971829
0.103918 0.206587 0.545659 16777215 0.990987
0.036331 0.304301 0.537041 16777215 0.381628
0.995856 0.206212 0.503924 16052718 0.961382
0.977663 0.305490 0.547236 16777215 0.946649
0.003384 0.797145 0.516785 12698306 0.989769
0.980507 0.218556 0.500402 15658738 0.021949
0.986344 0.217028 0.486670 9868693 0.940121
0.840705 0.208058 0.538387 16777215 0.985444
0.841451 0.215722 0.537883 16777215 0.901361
0.437812 0.789980 0.513913 13093063 0.000348
0.013527 0.219044 0.519497 10856617 0.463755
0.001896 0.659858 0.454720 9342864 0.981022
0.903633 0.783918 0.528485 16777215 0.936628
0.983298 0.673404 0.532951 16777215 0.014232
0.964619 0.315295 0.535614 16777215 0.027500
0.971285 0.783275 0.518818 16184566 0.829759
0.013070 0.456939 0.508137 11317166 0.013401
0.004173 0.204698 0.461231 9211278 0.986025
0.151085 0.789978 0.534712 12895169 0.911598
0.980665 0.301686 0.518753 16777215 0.408357
0.957790 0.673571 0.540568 16777215 0.034271
0.006614 0.677334 0.464262 10263964 0.002960
0.019470 0.268479 0.511450 12500672 0.012729
0.965789 0.219119 0.537138 16777215 0.979652
0.012903 0.706134 0.513812 12302775 0.000071
0.039640 0.208419 0.460000 11118500 0.904479
0.943999 0.785315 0.527647 11183526 0.974972
0.422768 0.236145 0.528547 16777215 0.000007
0.488694 0.780693 0.464723 16251639 0.494097
0.511678 0.785844 0.456647 16777215 0.534549
0.012577 0.213279 0.469630 13816273 0.741428
0.971797 0.788075 0.478882 9935512 0.944142
0.962665 0.208668 0.538052 16777215 0.997608
0.605656 0.786749 0.525377 12040635 0.001275
0.993406 0.687541 0.508209 16777215 0.000023
0.224787 0.227992 0.529550 16777215 0.001227
0.991136 0.709602 0.534305 16777215 0.224153
0.974639 0.790861 0.543462 16777215 0.996769
0.669857 0.227544 0.537925 16777215 0.031115
0.484185 0.219363 0.458963 16777215 0.311901
0.382714 0.789990 0.530816 11842740 0.414372
0.162673 0.208659 0.534650 11710899 0.000003
0.619843 0.788304 0.465723 14605533 0.210923
0.215195 0.792208 0.530131 12040119 0.000026
0.013866 0.625195 0.525742 16777215 0.114153
0.785976 0.798009 0.454127 12763842 0.999064
0.019973 0.365899 0.525833 16777215 0.253842
0.620329 0.225729 0.542890 16777215 0.005941
0.115145 0.777781 0.543053 16777215 0.000118
0.250062 0.423083 0.530659 16777215 0.148007
0.995555 0.355340 0.452540 16382715 0.999321
0.134771 0.211095 0.502016 12302005 0.000059
0.973149 0.614758 0.468654 16646142 0.000396
0.779351 0.779867 0.522465 12435133 0.108422
0.606743 0.788988 0.476043 12369331 0.771349
0.137954 0.210711 0.535429 16777215 0.993926
0.986178 0.260897 0.467482 16777215 0.000019
0.709831 0.558012 0.454976 15725041 0.211802
0.042636 0.630363 0.536668 16777215 0.008744
0.026199 0.785876 0.531821 16777215 0.962237
0.015069 0.377509 0.466543 16777215 0.401854
0.975253 0.771078 0.533304 16777215 0.017584
0.961820 0.798042 0.464200 9736591 0.860758
0.017575 0.508980 0.462098 16777215 0.020531
0.895985 0.207770 0.531687 8355711 0.009424
0.964555 0.409204 0.538709 16777215 0.018793
0.225566 0.413739 0.529851 16777215 0.804368
0.019084 0.739754 0.532755 16777215 0.104067
0.014741 0.517400 0.484496 12238011 0.000685
0.764401 0.205722 0.535503 7236975 0.005803
0.830333 0.533193 0.450956 16777215 0.025169
0.825817 0.454354 0.459975 16777215 0.062344
0.972412 0.490517 0.525949 16777215 0.007125
0.220929 0.571168 0.542744 16777215 0.359170
0.986215 0.427513 0.536751 16777215 0.005116
0.965363 0.251976 0.540973 16777215 0.128227
0.961225 0.317597 0.535307 16777215 0.001616
0.893659 0.205687 0.544757 16777215 0.999124
0.793697 0.442092 0.460912 16777215 0.232266
0.042649 0.796789 0.454131 14672352 0.985503
0.983415 0.727515 0.516200 15923449 0.000009
0.264815 0.567136 0.548767 16777215 0.901630
0.480606 0.779315 0.545667 16777215 0.001142
0.973232 0.345479 0.548101 16777215 0.717193
0.623846 0.784308 0.471926 15526892 0.102968
0.773749 0.223279 0.539585 16777215 0.023416
0.333987 0.212194 0.523242 7434865 0.001983
0.983157 0.202835 0.532520 6908775 0.959651
0.120461 0.207064 0.531070 9278099 0.000006
0.650945 0.783617 0.513097 11382959 0.601901
0.474540 0.797265 0.453531 15921649 0.968879
0.710320 0.792001 0.462270 11578796 0.122056
0.767861 0.430119 0.455364 16777215 0.566533
0.014903 0.687488 0.517213 10658723 0.086549
0.227170 0.209848 0.531287 9539984 0.000001
0.987755 0.451976 0.525401 16776957 0.820850
0.592445 0.206065 0.538243 8486785 0.032602
0.670514 0.204076 0.453763 12961221 0.999481
0.342490 0.216247 0.509763 10065050 0.000000
0.514204 0.214329 0.538072 16777215 0.998385
0.010834 0.521512 0.509060 11053220 0.049895
0.408985 0.203330 0.539944 4408900 0.948640
0.950072 0.787098 0.530023 16185586 0.999908
0.977622 0.529684 0.518183 16514043 0.030858
0.745508 0.790032 0.470380 9473936 0.457159
0.885947 0.208801 0.460368 6711656 0.999098
0.004801 0.619267 0.454279 15987445 0.998999
0.023452 0.546284 0.524552 16777215 0.160445
0.004124 0.454844 0.453001 16513274 0.994633
0.130857 0.788598 0.546252 16777215 0.994186
0.381821 0.791469 0.455816 16777215 0.318439
0.222127 0.210170 0.546610 16777215 0.996894
0.286406 0.782018 0.542296 16777215 0.000001
0.228851 0.781894 0.542721 16777215 0.000027
0.018878 0.580483 0.530389 16777215 0.992844
0.322896 0.213482 0.544437 16777215 0.999997
0.030467 0.465616 0.540467 16777215 0.698885
0.354282 0.788062 0.537004 16777215 0.815650
0.995323 0.658932 0.451105 14803426 0.993996
0.019597 0.599494 0.524999 16777215 0.013722
0.250943 0.214354 0.534901 16777215 0.999420
0.180776 0.795024 0.539942 13948116 0.998687
0.219475 0.784337 0.456533 15263975 0.969961
0.013963 0.620938 0.529471 15461099 0.962144
0.955481 0.310704 0.542396 16777215 0.000036
0.933865 0.597357 0.542099 16777215 0.000025
0.978661 0.496686 0.528173 16777215 0.108685
0.750547 0.204635 0.542690 16777215 0.999968
0.442871 0.789320 0.539533 16777215 0.999962
0.414084 0.213487 0.539252 7894135 0.009230
0.941903 0.419591 0.516719 16777215 0.029781
0.585529 0.206575 0.547657 16777215 0.999997
0.172516 0.200577 0.544580 8158075 0.998921
0.977589 0.464920 0.544559 16777215 0.240595
0.160731 0.204245 0.481600 13290188 0.999617
0.467420 0.786890 0.535778 15856369 0.999848
0.967216 0.469671 0.539534 16777215 0.174885
0.996401 0.731141 0.452501 16118770 0.997184
0.162731 0.204093 0.455874 14671839 0.999690
0.980009 0.504240 0.522697 16777215 0.028839
0.278026 0.206753 0.461602 14869474 0.999945
0.315450 0.204057 0.452098 13422030 0.999998
0.351980 0.206672 0.454278 13882065 0.999992
0.741624 0.204082 0.536339 7961469 0.838658
0.993664 0.436012 0.519569 16777215 0.000000
0.404341 0.217927 0.540155 16777215 0.000001
0.662727 0.208017 0.539565 6315871 0.001116
0.985674 0.393804 0.514276 16777215 0.000000
0.338020 0.790052 0.543333 16777215 0.000161
0.903149 0.800252 0.463178 9276042 0.999409
0.444000 0.204204 0.474136 11776947 0.999977
0.960141 0.206554 0.471560 8750214 0.977203
0.010803 0.601780 0.463597 13224393 0.999826
0.697426 0.783602 0.466895 16645115 0.765249
0.980939 0.433089 0.508594 16777215 0.000000
0.333147 0.229899 0.540523 16777215 0.000001
0.673482 0.207166 0.540517 7368560 0.000726
0.353702 0.209867 0.528782 9803416 0.000002
0.426244 0.204465 0.461059 15132392 0.933232
0.989078 0.348758 0.460920 14802397 0.999426
0.631430 0.210706 0.468229 7764346 0.999996
0.006199 0.580396 0.476564 12434621 0.999872
0.975906 0.442315 0.521569 14606046 0.087667
0.799047 0.210168 0.531731 7632245 0.310985
0.951004 0.234109 0.539847 16777215 0.010771
0.937866 0.272669 0.543627 16777215 0.001733
0.965692 0.275052 0.533021 16777215 0.818543
0.919488 0.704849 0.530599 16777215 0.000090
0.695685 0.459562 0.455536 11645363 0.672061
0.986585 0.217175 0.529833 16777215 0.528098
0.018023 0.204645 0.453868 13093061 0.998135
0.021324 0.722468 0.471011 13816529 0.990974
0.993389 0.728032 0.504482 16777215 0.001562
0.990191 0.206959 0.509789 11448235 0.115473
0.990086 0.206350 0.461931 13026760 0.995443
0.861539 0.208105 0.538524 16777215 0.939609
0.984087 0.210017 0.497530 7565936 0.996673
0.072899 0.208932 0.471239 8288638 0.437932
0.981117 0.697895 0.531501 16777215 0.012857
0.984608 0.790396 0.525085 14605276 0.965262
0.011673 0.451559 0.509727 11842995 0.014890
0.989469 0.605063 0.500910 16777215 0.000022
0.974068 0.267924 0.533455 16777215 0.047126
0.988656 0.272738 0.519787 16777215 0.498748
0.990324 0.213492 0.456723 16054005 0.981362
0.009771 0.281807 0.518299 11645361 0.003704
0.804098 0.209759 0.544644 16777215 0.998094
0.056317 0.207875 0.457796 9737878 0.958605
0.941188 0.788069 0.533786 11973815 0.991423
0.008776 0.432741 0.470837 9473677 0.002070
0.539013 0.794082 0.452149 16777215 0.817972
0.016849 0.316159 0.466568 16580605 0.180789
0.306308 0.794020 0.533726 12500927 0.008091
0.012016 0.644070 0.468458 10855074 0.018342
0.973959 0.211424 0.540799 16777215 0.998951
0.009698 0.797118 0.530617 11775665 0.897708
0.196686 0.790001 0.534614 13289158 0.975337
0.639160 0.204534 0.470657 6645086 0.391509
0.610889 0.786273 0.527899 11580332 0.002535
0.015587 0.636855 0.460436 16777215 0.058492
0.565818 0.796278 0.457365 10197912 0.346560
0.004085 0.524737 0.464258 9935514 0.208147
0.994666 0.673364 0.503622 16777215 0.000007
0.204509 0.228682 0.538709 16777215 0.000625
0.959251 0.778247 0.532201 16777215 0.818615
0.969853 0.781397 0.533080 16580606 0.999012
0.803361 0.225408 0.540058 16777215 0.000426
0.705578 0.225539 0.545386 16777215 0.022696
0.475524 0.225372 0.544826 16777215 0.000016
0.168167 0.205663 0.526382 9869979 0.000002
0.351739 0.207114 0.460348 8551552 0.031539
0.982073 0.583129 0.459685 16185078 0.000005
0.229520 0.791012 0.521653 11646386 0.000023
0.010887 0.588831 0.521924 16777215 0.118436
0.761039 0.570617 0.466600 16777215 0.091255
0.868139 0.795165 0.457606 10066587 0.992464
0.710199 0.780634 0.458466 16777215 0.036855
0.960791 0.467697 0.533884 16777215 0.000230
0.571257 0.236633 0.536626 16777215 0.019896
0.145851 0.789572 0.540764 16777215 0.000846
0.191294 0.204274 0.529152 11053227 0.000837
0.693680 0.472912 0.530453 16777215 0.607146
0.694096 0.795140 0.455986 16711164 0.840633
0.163275 0.201720 0.454156 6447456 0.994592
0.991661 0.206229 0.502722 7828338 0.999156
0.013345 0.209054 0.524980 12961474 0.943185
0.093441 0.210090 0.528098 8685194 0.000200
0.978815 0.604321 0.478406 16056309 0.000646
0.710109 0.783058 0.525863 11053224 0.761808
0.701533 0.550666 0.465646 16777215 0.342929
0.960560 0.736997 0.537569 16777215 0.000054
0.991051 0.205779 0.454909 13621206 0.996513
0.976254 0.760095 0.533323 16777215 0.008875
0.528372 0.793371 0.452252 16777215 0.951223
0.012477 0.469838 0.518143 14804449 0.867176
0.908348 0.218397 0.525294 8684424 0.029468
0.008998 0.735561 0.456370 13619663 0.985696
0.992067 0.671569 0.458795 16513015 0.993831
0.957901 0.397262 0.530616 16777215 0.013142
0.368958 0.199984 0.453235 1184274 0.995922
0.326684 0.473362 0.538583 16777215 0.862450
0.011818 0.540415 0.469284 12896196 0.001757
0.990512 0.242086 0.519448 16777215 0.569484
0.520626 0.236855 0.535215 16777215 0.098392
0.097725 0.793163 0.539679 16777215 0.940737
0.737428 0.787059 0.535303 16777215 0.975985
0.739808 0.203124 0.522908 8027260 0.002281
0.204322 0.431624 0.454896 16777215 0.001955
0.229958 0.794736 0.449895 16777215 0.997327
0.044099 0.658826 0.545976 16777215 0.355260
0.974242 0.580421 0.532658 16777215 0.049314
0.953575 0.766802 0.542160 16777215 0.014159
0.811584 0.452891 0.456150 16777215 0.274235
0.978780 0.369764 0.535753 16777215 0.002349
0.970856 0.241396 0.538918 16777215 0.085264
0.010931 0.518420 0.476149 13487823 0.610201
0.689166 0.800672 0.458537 9934486 0.994056
0.467379 0.206613 0.533807 9604751 0.000045
0.271617 0.570469 0.547164 16777215 0.822375
0.591811 0.794127 0.463714 14474201 0.126123
0.184752 0.453480 0.535225 16777215 0.016425
0.992193 0.208931 0.522025 7895417 0.996434
0.069319 0.796833 0.537486 13356236 0.998451
0.118132 0.211958 0.530919 10593447 0.000035
0.857414 0.207236 0.462210 11645104 0.999981
0.469833 0.227633 0.459911 16777215 0.000002
0.255243 0.434683 0.470676 16777215 0.139333
0.347976 0.768833 0.470955 16777215 0.000002
0.575943 0.786276 0.539649 13751509 0.877133
0.614136 0.790128 0.530819 10461854 0.790545
0.493431 0.798100 0.453250 15988214 0.980588
0.678353 0.797279 0.455768 10329757 0.624042
0.756378 0.795636 0.453591 16777215 0.984191
0.004399 0.577357 0.452881 16777215 0.672212
0.161571 0.772973 0.463259 16776191 0.038223
0.843705 0.794426 0.454875 12039348 0.950107
0.462631 0.203709 0.453980 13684687 0.999493
0.700007 0.209601 0.542644 16777215 0.995175
0.220620 0.208109 0.530270 8026488 0.000002
0.964479 0.407315 0.526618 16777215 0.650812
0.488839 0.208438 0.529766 8882564 0.000874
0.185099 0.216217 0.457514 13619407 0.999975
0.968678 0.786027 0.533873 16777215 0.999805
0.977794 0.541218 0.531419 16777215 0.049142
0.007803 0.353891 0.454006 14475229 0.996707
0.241623 0.565949 0.499741 16777215 0.010643
0.853521 0.798095 0.453390 11053481 0.999827
0.611391 0.204111 0.458966 10855845 0.999926
0.978593 0.659159 0.530416 16777215 0.009546
0.239002 0.778710 0.541911 16777215 0.000001
0.254524 0.781669 0.540513 16777215 0.000207
0.010719 0.567649 0.518362 16777215 0.984837
0.004155 0.346865 0.455235 6776166 0.999634
0.425057 0.795033 0.547827 16777215 0.995678
0.274490 0.774217 0.459974 16777215 0.000775
0.979839 0.418645 0.458887 16777215 0.000115
0.029944 0.602334 0.534062 16777215 0.017990
0.978349 0.421416 0.534703 16777215 0.000001
0.274650 0.788197 0.537086 16777215 0.912959
0.139681 0.789601 0.536741 16777215 0.405263
0.154171 0.205257 0.452892 15790320 0.999947
0.740070 0.788215 0.534821 11579823 0.992648
0.927848 0.310849 0.538674 16777215 0.000051
0.945741 0.605912 0.536772 16777215 0.000060
0.236151 0.795450 0.461438 15067108 0.993401
0.325819 0.206263 0.454438 12566976 0.999800
0.502599 0.208618 0.463235 8356225 0.996346
0.962794 0.551672 0.543858 16777215 0.318552
0.440339 0.784178 0.536324 16777215 0.991683
0.390194 0.786635 0.455350 16579321 0.931195
0.997490 0.622707 0.450860 15921392 0.997186
0.728444 0.785696 0.536292 13158344 0.999957
0.442246 0.793907 0.536911 11974581 0.999640
0.347501 0.792959 0.534330 13290443 0.994598
0.684608 0.230308 0.471098 3619127 0.998933
0.969341 0.419401 0.543042 16777215 0.978631
0.005647 0.584870 0.455999 14540253 0.999802
0.496134 0.794586 0.541709 12171704 0.999996
0.925255 0.502351 0.526621 16777215 0.318668
0.875174 0.200896 0.455207 4604995 0.998584
0.991659 0.420167 0.518770 16777215 0.020968
0.327737 0.201989 0.469153 9869463 0.999977
0.006935 0.570811 0.455937 13487822 0.999980
0.983270 0.476557 0.529366 16777215 0.019574
0.929967 0.428182 0.528451 16777215 0.005203
0.954256 0.555991 0.518586 16777215 0.203136
0.963333 0.433066 0.521637 16777215 0.000000
0.611315 0.206082 0.458936 8619396 0.653810
0.694305 0.208510 0.534318 4408645 0.000020
0.993906 0.339783 0.520252 16777215 0.000002
0.973109 0.475892 0.536125 16777215 0.008069
0.758774 0.781139 0.458259 16777215 0.000130
0.647845 0.794211 0.462959 15856369 0.694588
0.730013 0.770204 0.475579 16710139 0.000002
0.530427 0.200288 0.452697 3289649 0.987339
0.987975 0.546055 0.528669 16777215 0.982290
0.800178 0.205632 0.457577 6250847 0.999016
0.155650 0.784372 0.543082 16777215 0.998774
0.766022 0.200814 0.455438 4605508 0.999982
0.988698 0.366270 0.462847 15592685 0.999953
0.703441 0.792169 0.454785 12303548 0.999833
0.466554 0.205627 0.466881 14079189 0.999982
0.305370 0.207383 0.459509 15922162 0.999963
0.627126 0.202707 0.459936 3749942 0.947070
0.995679 0.398240 0.523387 16777215 0.000001
0.511707 0.797871 0.457617 10658466 0.965693
0.974748 0.510415 0.532784 16777215 0.015867
0.800631 0.781151 0.462890 16777215 0.000237
0.608498 0.797319 0.452649 15329769 0.975659
0.608996 0.773900 0.458719 16777215 0.000001
0.561822 0.200646 0.453508 1381394 0.994687
0.265166 0.202816 0.459175 7960952 0.999501
0.990813 0.584412 0.528745 16777215 0.955720
0.842548 0.200841 0.460371 3947579 0.999016
0.181618 0.785514 0.538261 16777215 0.998846
0.564324 0.791957 0.456027 16184821 0.985730
0.004539 0.405629 0.455160 13618895 0.999948
0.764567 0.788423 0.454045 15856112 0.999735
0.863481 0.205945 0.466308 9079173 0.999998
0.979527 0.471235 0.526645 13356233 0.068534
0.109108 0.212334 0.536363 16777215 0.910136
0.811354 0.216784 0.532314 6776680 0.301183
0.996565 0.796125 0.470202 15659503 0.651247
0.963611 0.254078 0.537839 16777215 0.001475
0.984881 0.463795 0.467939 16449535 0.000047
0.002871 0.797010 0.472918 11579055 0.992279
0.007616 0.711290 0.463461 12171451 0.996185
0.989334 0.746464 0.511943 16777215 0.003855
0.991989 0.208534 0.489945 15197927 0.019729
0.984973 0.209004 0.474667 10065559 0.994013
0.995886 0.796633 0.519359 13158858 0.996711
0.713303 0.430745 0.531560 16777215 0.742564
0.990493 0.677510 0.470608 16775675 0.000008
0.037608 0.230900 0.511194 10658466 0.313404
0.983975 0.209458 0.487382 9737103 0.997781
0.086952 0.204783 0.469873 8749190 0.404483
0.947267 0.788376 0.536891 16711679 0.976474
0.970889 0.268481 0.538094 16777215 0.002627
0.979872 0.728066 0.483581 15526371 0.000377
0.978711 0.782320 0.525457 15527405 0.845400
0.028733 0.461099 0.520865 12698306 0.015049
0.030148 0.556905 0.463269 15657965 0.001729
0.011475 0.531612 0.517281 9671826 0.000155
0.992254 0.657831 0.497710 16777215 0.000008
0.973417 0.281762 0.530464 16777215 0.045380
0.965926 0.676159 0.541586 16777215 0.026833
0.995685 0.224369 0.450961 15132902 0.996159
0.012109 0.651511 0.469281 11777204 0.007128
0.008702 0.277302 0.513710 13223622 0.006747
0.033490 0.210534 0.537147 16777215 0.393546
0.003619 0.736644 0.456991 12040631 0.978147
0.078055 0.206032 0.461280 9012866 0.925438
0.273224 0.776786 0.522984 13290443 0.000081
0.988849 0.218297 0.532392 16777215 0.001077
0.712647 0.560015 0.535105 16777215 0.039436
0.313473 0.785838 0.531972 12960968 0.024337
0.973005 0.203970 0.548800 16777215 0.998691
0.230878 0.789726 0.535945 12105141 0.972968
0.012753 0.638371 0.453371 16777215 0.047764
0.566190 0.788125 0.466330 14013140 0.088109
0.943001 0.204294 0.450633 16711167 0.981584
0.016001 0.209082 0.472756 9803925 0.844157
0.863961 0.789725 0.535633 16777215 0.799827
0.991270 0.673389 0.513131 16777215 0.000015
0.968959 0.710603 0.535590 16777215 0.303360
0.682271 0.228289 0.536734 16777215 0.035529
0.649652 0.202556 0.543155 6250077 0.991969
0.390949 0.205233 0.470559 7434610 0.023853
0.604000 0.798248 0.455999 9145226 0.901322
0.991432 0.580246 0.462011 16447738 0.000001
0.880405 0.797711 0.454665 10658722 0.992359
0.581909 0.223611 0.538145 16777215 0.051602
0.192917 0.205225 0.533620 7829882 0.013779
0.686108 0.488566 0.533440 16777215 0.425692
0.276525 0.435955 0.487962 16777215 0.018897
0.175816 0.205761 0.460376 9343374 0.990207
0.024367 0.292018 0.516466 12764354 0.233464
0.978099 0.214897 0.519792 7436150 0.993490
0.104170 0.204506 0.529790 9671828 0.000110
0.982926 0.625823 0.459645 16777215 0.001115
0.796586 0.223460 0.457449 16777215 0.000626
0.684935 0.791462 0.532143 9472907 0.867896
0.806926 0.785075 0.537572 12698052 0.138311
0.273983 0.217283 0.539186 16777215 0.859076
0.984289 0.614773 0.522080 16777215 0.058680
0.959351 0.732340 0.540049 16777215 0.000051
0.173925 0.511551 0.535871 16777215 0.000715
0.980662 0.738951 0.540244 16777215 0.016745
0.920483 0.205287 0.538222 9143940 0.930838
0.011469 0.762221 0.452296 16316151 0.986062
0.210659 0.443744 0.528710 16777215 0.373992
0.256614 0.428420 0.538602 16777215 0.913756
0.017782 0.756307 0.542172 16777215 0.144155
0.983388 0.246482 0.531034 16777215 0.288841
0.915434 0.222789 0.532569 8882059 0.096030
0.732204 0.785105 0.540200 16645115 0.971788
0.273103 0.435759 0.543373 16777215 0.968991
0.973973 0.240988 0.531126 16777215 0.085409
0.172514 0.553135 0.467899 16777215 0.002633
0.814233 0.459306 0.456255 16777215 0.195228
0.188658 0.451871 0.455018 16777215 0.000002
0.971954 0.231711 0.539302 16777215 0.043540
0.927777 0.206042 0.544948 16777215 0.999579
0.014071 0.516668 0.452889 16777215 0.370836
0.319329 0.204914 0.543110 6513251 0.988154
0.192793 0.213083 0.523943 9277067 0.000001
0.876788 0.209137 0.453927 16777215 0.509276
0.257450 0.576662 0.535952 16777215 0.132421
0.834371 0.787038 0.541988 12763583 0.973535
0.274974 0.209114 0.537882 16184565 0.995444
0.590757 0.785513 0.459323 16777215 0.113683
0.823929 0.785562 0.532328 16777215 0.821071
0.022577 0.291939 0.508051 16777215 0.828808
0.992898 0.202912 0.527477 5723735 0.964270
0.096668 0.207049 0.529054 9803669 0.000006
0.981012 0.573712 0.517226 16777215 0.000073
0.041927 0.377689 0.537327 16777215 0.041194
0.996530 0.467239 0.451118 15987443 0.999037
0.921103 0.200783 0.459246 3750203 0.999168
0.294671 0.557413 0.457449 16777215 0.326608
0.006093 0.384437 0.463512 13093576 0.997247
0.968213 0.718044 0.456126 15987444 0.001410
0.007695 0.704863 0.514276 13684941 0.101222
0.192578 0.211444 0.529928 9541012 0.000002
0.769503 0.434360 0.545153 16777215 0.331282
0.553638 0.214949 0.540828 8289920 0.601748
0.440425 0.798621 0.454619 14014422 0.999512
0.012956 0.498350 0.514705 11053738 0.037648
0.986906 0.340090 0.514772 16777215 0.091807
0.011931 0.562602 0.454420 16776956 0.986550
0.181831 0.209575 0.459431 14408667 0.999980
0.950426 0.773453 0.535364 16777215 0.999869
0.982370 0.666531 0.528188 16777215 0.004575
0.226522 0.775833 0.532890 16777215 0.000006
0.351145 0.785366 0.531551 16777215 0.862602
0.930665 0.211067 0.451562 13619150 0.999997
0.006437 0.340354 0.459431 12171192 0.994171
0.987123 0.415081 0.463738 16448247 0.000212
0.716199 0.780111 0.525341 16777215 0.992108
0.717517 0.206153 0.532954 10591901 0.989552
0.023238 0.596485 0.541107 16777215 0.018948
0.454895 0.203193 0.453477 12105912 0.999970
0.167335 0.790401 0.541357 16777215 0.473537
0.949608 0.203767 0.452293 13684944 0.999822
0.703064 0.793117 0.541508 10396064 0.997624
0.951691 0.297332 0.540596 16777215 0.000073
0.936569 0.589844 0.517077 16777215 0.000175
0.970679 0.554239 0.545254 16777215 0.768584
0.712486 0.788830 0.456277 16777215 0.983177
0.799656 0.785301 0.458719 11119531 0.986429
0.004778 0.465543 0.454919 15263976 0.999924
0.327188 0.793095 0.452412 16316920 0.990359
0.975189 0.462467 0.537259 16777215 0.155034
0.972854 0.403873 0.542555 16777215 0.980298
0.726180 0.207393 0.461627 16118770 0.997144
0.971746 0.597197 0.549506 16777215 0.858565
0.476859 0.786618 0.540293 14474716 0.999977
0.984770 0.491835 0.521088 16777215 0.013670
0.284044 0.202319 0.459565 8552834 0.999316
0.934724 0.575628 0.520000 16777215 0.129372
0.012852 0.585913 0.467858 10528165 0.999781
0.976359 0.577713 0.523089 16777215 0.961865
0.946822 0.291999 0.463882 16777215 0.000000
0.476684 0.223733 0.454623 16777215 0.016876
0.241119 0.422569 0.544164 16777215 0.000081
0.195429 0.564272 0.454288 16777215 0.005076
0.781798 0.210157 0.462639 13553357 0.999981
0.574107 0.209202 0.455776 10461602 0.998565
0.727905 0.795586 0.455058 7763317 0.949092
0.980482 0.620686 0.544587 16777215 0.082914
0.005967 0.486754 0.457065 16777215 0.998041
0.823352 0.209416 0.454492 13290185 0.998081
0.531568 0.792042 0.453716 13422798 0.999028
0.961619 0.541385 0.548396 16777215 0.002634
0.251773 0.793160 0.456903 14540253 0.981817
0.713688 0.202456 0.456632 7960440 0.999997
0.142320 0.205362 0.457478 16777215 0.999837
0.317586 0.224368 0.457453 13356493 0.999993
0.962453 0.321159 0.460846 16776701 0.000000
0.559753 0.792802 0.455391 16777215 0.704143
0.452070 0.208403 0.451791 16777215 0.117256
0.435329 0.203998 0.461330 6250592 0.758212
0.011421 0.629628 0.470103 13488076 0.973955
0.976122 0.326293 0.531133 16777215 0.024564
0.226758 0.425841 0.543047 16777215 0.000159
0.228542 0.589383 0.452736 16777215 0.004877
0.411931 0.226503 0.520440 7894137 0.047374
0.770584 0.204162 0.463443 10198426 0.999977
0.865130 0.202115 0.464403 10461345 0.999892
0.978246 0.590555 0.534310 16777215 0.063417
0.407689 0.796131 0.450598 16777215 0.914420
0.430637 0.796094 0.454849 12895427 0.996612
0.484005 0.785357 0.544730 16777215 0.999793
0.472246 0.207696 0.464025 15395820 0.999994
0.323488 0.208531 0.464478 14737889 0.999955
0.420909 0.217608 0.451273 15197669 0.999986
0.982616 0.490241 0.530533 16777215 0.074693
0.043174 0.301797 0.538372 16777215 0.365833
0.979696 0.212141 0.543213 16777215 0.993443
0.990769 0.731035 0.518594 16777215 0.003520
0.978227 0.217922 0.476947 14079446 0.029194
0.995269 0.795374 0.509968 13223881 0.987856
0.868119 0.211318 0.531987 16777215 0.957010
0.001926 0.725618 0.524042 9474450 0.308474
0.015298 0.695033 0.469630 9539988 0.973519
0.985796 0.674864 0.526704 16777215 0.060516
0.962572 0.257195 0.539539 16777215 0.005087
0.977576 0.784217 0.529985 14144726 0.972579
0.007820 0.416170 0.518922 10724004 0.034897
0.006404 0.433524 0.510557 11052960 0.023029
0.018440 0.588736 0.454708 16777215 0.004508
0.027884 0.560719 0.521964 16777215 0.900664
0.973503 0.283702 0.532512 16777215 0.032528
0.992627 0.270107 0.525154 16777215 0.386080
0.963478 0.671395 0.536514 16777215 0.053441
0.012165 0.618518 0.479029 10987433 0.009433
0.007959 0.243675 0.521768 12829634 0.005417
0.133866 0.797039 0.461482 13027270 0.984195
0.012888 0.307836 0.468949 11842999 0.288601
0.011711 0.432148 0.466050 11316391 0.008012
0.506422 0.793100 0.454038 16777215 0.911890
0.475760 0.204161 0.542682 6710373 0.989398
0.006335 0.287511 0.459903 13947602 0.981421
0.206268 0.791530 0.535967 12566976 0.976904
0.587924 0.783513 0.480284 11383216 0.179404
0.935902 0.207585 0.451085 15592942 0.996487
0.980207 0.518704 0.522992 16777215 0.000013
0.056348 0.208157 0.531312 14278108 0.979642
0.847794 0.784883 0.535970 16777215 0.857911
0.016536 0.764123 0.528822 15921905 0.931230
0.957031 0.765518 0.537691 16777215 0.710221
0.019407 0.472911 0.470029 16382974 0.045931
0.631506 0.201685 0.533597 8553090 0.922317
0.231161 0.774980 0.522176 13027268 0.000029
0.663745 0.789868 0.455404 16777215 0.119091
0.975884 0.476770 0.539248 16777215 0.000056
0.027812 0.334331 0.530461 16777215 0.237937
0.590559 0.224958 0.530149 16777215 0.149812
0.137964 0.782202 0.538529 16777215 0.000244
0.311756 0.543551 0.467813 16777215 0.016594
0.023721 0.785035 0.452987 15593200 0.993248
0.227635 0.210429 0.466936 16579321 0.999006
0.995765 0.202049 0.527918 9012614 0.999499
0.024073 0.215461 0.515851 11777461 0.174559
0.977674 0.617455 0.463349 16513787 0.001378
0.689668 0.787441 0.532840 10131609 0.857958
0.023274 0.741313 0.531631 16777215 0.219484
0.800112 0.786055 0.538604 15724529 0.074651
0.472036 0.210886 0.479843 7895418 0.000029
0.337723 0.211091 0.536257 16777215 0.970069
0.009432 0.349418 0.516301 15856368 0.873484
0.004622 0.248314 0.454254 15330025 0.990923
0.991084 0.636348 0.525496 16777215 0.410065
0.705821 0.552217 0.463061 15921390 0.363580
0.962645 0.724100 0.536962 16777215 0.000067
0.040638 0.786670 0.532245 16777215 0.977685
0.958147 0.767218 0.539074 16777215 0.275124
0.974738 0.740146 0.534001 16777215 0.018527
0.008182 0.490292 0.525381 16777215 0.931179
0.817891 0.204306 0.460499 7237228 0.542372
0.309268 0.554408 0.532678 16777215 0.872957
0.003130 0.786873 0.463998 11515310 0.935849
0.018293 0.515708 0.455241 16777215 0.046307
0.211908 0.430855 0.530285 16777215 0.768923
0.299401 0.206535 0.458805 1447445 0.989560
0.008265 0.564280 0.471843 13815501 0.002316
0.993966 0.237209 0.520732 16775935 0.366918
0.532674 0.210489 0.547165 16777215 0.996386
0.928105 0.204525 0.536507 8356483 0.075389
0.977607 0.595903 0.526450 16777215 0.131724
0.996260 0.794227 0.475650 13224905 0.962388
0.977250 0.231602 0.532859 16777215 0.037548
0.503675 0.209293 0.464889 8421508 0.000056
0.189089 0.541764 0.460191 16777215 0.001172
0.962105 0.769647 0.534338 16777215 0.008613
0.190088 0.447139 0.457441 16777215 0.000001
0.309319 0.448209 0.546236 16777215 0.904620
0.959787 0.232085 0.541533 16777215 0.087637
0.969677 0.560439 0.537826 16777215 0.001846
0.679023 0.796671 0.461573 11381933 0.980879
0.016114 0.499024 0.525930 16777215 0.584970
0.959532 0.790698 0.533084 11119016 0.839661
0.594050 0.792501 0.454479 16777215 0.219511
0.005281 0.753557 0.453572 15592939 0.999527
0.003121 0.231078 0.527857 16711422 0.945020
0.768324 0.212938 0.544145 16777215 0.034827
0.010945 0.225943 0.519600 16777215 0.109855
0.990001 0.202802 0.526240 6710886 0.989920
0.982858 0.567594 0.534048 16777215 0.000066
0.338762 0.774881 0.459507 16777215 0.000007
0.995543 0.495639 0.452162 16776957 0.999623
0.298386 0.563182 0.456598 16777215 0.033582
0.827756 0.473399 0.538331 16777215 0.101979
0.568830 0.785724 0.535534 13355980 0.949933
0.667264 0.215692 0.480836 16777215 0.017359
0.476409 0.790496 0.454352 14342873 0.865976
0.971393 0.593041 0.524834 16777215 0.007799
0.254475 0.574014 0.456148 16777215 0.050751
0.008148 0.663639 0.517825 14738144 0.054919
0.678158 0.210930 0.537809 16777215 0.995984
0.214346 0.207840 0.529606 8355968 0.000009
0.996400 0.420434 0.530692 16777215 0.873014
0.778822 0.430462 0.540659 16777215 0.192248
0.565996 0.211236 0.540855 7434095 0.541803
0.013822 0.361574 0.513485 11776689 0.078841
0.313845 0.208078 0.535835 8157562 0.000000
0.238760 0.213858 0.455030 16777215 0.467808
0.961360 0.794699 0.543386 16777215 0.999135
0.866299 0.209233 0.461004 11512745 0.999377
0.014857 0.641664 0.450178 15988210 0.996523
0.010817 0.310355 0.463874 13290185 0.991675
0.227482 0.575076 0.456627 16777215 0.028816
0.981900 0.676740 0.524773 16777215 0.013822
0.242603 0.771301 0.541186 16777215 0.000015
0.004461 0.581000 0.530288 16777215 0.998557
0.993981 0.360641 0.504372 16777215 0.070093
0.982378 0.434671 0.465995 16777215 0.000682
0.290512 0.779891 0.455385 16777215 0.011947
0.011537 0.300144 0.467719 13948373 0.982296
0.977438 0.447378 0.468453 16317172 0.000277
0.012353 0.465564 0.454513 16777215 0.789134
0.022056 0.546831 0.544745 16777215 0.118024
0.993577 0.422650 0.504806 16777215 0.000001
0.282660 0.787063 0.533129 16777215 0.947034
0.417601 0.211631 0.457706 16645372 0.976534
0.085943 0.204437 0.453968 15856112 0.999898
0.955282 0.340502 0.542636 16777215 0.000081
0.040225 0.211730 0.474090 10462886 0.997111
0.426208 0.786521 0.537956 16777215 0.986957
0.050621 0.798254 0.453128 13751250 0.990352
0.519515 0.786007 0.535481 16777215 0.999797
0.856281 0.212108 0.536611 6315871 0.445246
0.392955 0.208518 0.463171 12171706 0.998711
0.174804 0.207870 0.468383 10000283 0.999689
0.574771 0.216167 0.539622 16382458 0.999979
0.973235 0.437893 0.534043 16777215 0.137628
0.217484 0.788174 0.538871 16777215 0.999827
0.480464 0.786267 0.535309 16448506 0.999923
0.973990 0.381389 0.531522 16777215 0.006040
0.359887 0.784894 0.538064 15197928 0.997032
0.974739 0.501511 0.523619 16777215 0.027489
0.280034 0.209541 0.459616 5329490 0.999772
0.090133 0.204435 0.452491 15855857 0.999375
0.986253 0.549670 0.523094 16777215 0.964642
0.190385 0.210884 0.458692 16250101 0.998994
0.294149 0.205060 0.461652 10921380 0.999105
0.635789 0.205455 0.461010 14474970 0.999996
0.414342 0.219155 0.497341 11185833 0.430383
0.518070 0.214535 0.530697 16777215 0.936616
0.983635 0.639755 0.491895 16711679 0.000044
0.312126 0.790155 0.472251 11580340 0.430214
0.317756 0.793074 0.454056 15856113 0.999131
0.609251 0.783764 0.539784 16777215 0.948140
0.400898 0.787088 0.537989 11842740 0.978139
0.226774 0.786605 0.462455 16777215 0.176025
0.182609 0.365571 0.457015 16777215 0.000000
0.825808 0.791111 0.474211 12107196 0.971067
0.318680 0.204437 0.464895 11645872 0.999322
0.474738 0.205509 0.451814 15000547 0.999997
0.249219 0.210396 0.458381 13684944 0.999990
0.991604 0.664354 0.517918 16777215 0.000026
0.153295 0.783359 0.487803 13421521 0.405351
0.207768 0.797727 0.452503 15724270 0.998415
0.539266 0.786813 0.535860 16777215 0.916814
0.325322 0.797106 0.539350 14408667 0.992998
0.009721 0.430647 0.469062 12303551 0.993039
0.414593 0.789732 0.542039 16777215 0.835975
0.873913 0.201906 0.459318 5395284 1.000000
0.169040 0.493991 0.462145 16777215 0.000002
0.855354 0.203392 0.455716 11777460 0.999999
0.002838 0.796465 0.458352 11974325 0.983627
0.976112 0.477018 0.529542 15463678 0.161965
0.140157 0.210238 0.531590 15396075 0.957339
0.969887 0.236147 0.534477 16777215 0.016679
0.052060 0.796044 0.454040 16777215 0.736546
0.985897 0.792130 0.469501 14277337 0.548998
0.993594 0.217358 0.522064 16711679 0.940797
0.002826 0.797342 0.480380 10987176 0.995961
0.014964 0.211459 0.469940 10329756 0.568607
0.003278 0.221897 0.455916 9277585 0.958603
0.997703 0.707202 0.452012 15658734 0.996369
0.004669 0.679806 0.458040 13684432 0.998800
0.987176 0.707304 0.519579 16777215 0.013943
0.982178 0.209539 0.510565 13093062 0.037156
0.986034 0.208424 0.477943 10262938 0.991054
0.995113 0.793406 0.501659 13356233 0.996848
0.863644 0.210478 0.534812 16777215 0.931250
0.003313 0.221186 0.520669 10330273 0.391044
0.010199 0.749964 0.521361 11119527 0.164093
0.992341 0.209920 0.498904 9079176 0.994068
0.008401 0.662647 0.458355 10461086 0.961596
0.987177 0.793302 0.462093 13027011 0.760204
0.916952 0.787679 0.543422 16777215 0.995503
0.981930 0.675150 0.517731 16777215 0.102408
0.956754 0.291886 0.542855 16777215 0.015745
0.988293 0.795474 0.536119 15593197 0.996736
0.007375 0.693829 0.522781 16777215 0.897006
0.012287 0.686496 0.460696 16382970 0.188212
0.035662 0.542242 0.518256 16646142 0.000082
0.020124 0.209493 0.468866 10327184 0.548233
0.996168 0.242047 0.453074 16053491 0.996694
0.012979 0.277839 0.518526 13158343 0.002325
0.814351 0.215379 0.533954 16777215 0.997108
0.026015 0.773907 0.464370 16777215 0.759197
0.934046 0.790241 0.537664 11514034 0.959531
0.112254 0.788964 0.457830 15395818 0.909778
0.952759 0.340410 0.545310 16777215 0.000092
0.167944 0.224428 0.475210 15461355 0.841796
0.281216 0.789208 0.534531 11842995 0.000144
0.006638 0.440530 0.466439 10132632 0.002969
0.625289 0.789512 0.536954 15066852 0.936890
0.343209 0.787517 0.535527 13816789 0.220822
0.008030 0.211937 0.454768 16514814 0.996241
0.762910 0.794496 0.464231 11118503 0.025977
0.979803 0.207081 0.536062 16777215 0.995987
0.005740 0.564460 0.514986 10000022 0.008320
0.015259 0.788170 0.534385 13881039 0.920175
0.553668 0.793115 0.473093 11775920 0.127966
0.991219 0.538304 0.516554 16777215 0.000020
0.187546 0.789304 0.456982 16777215 0.081871
0.022902 0.203952 0.537387 13883608 0.927530
0.818839 0.793807 0.548453 16777215 0.988473
0.987770 0.673726 0.513496 16777215 0.000040
0.009422 0.749887 0.528188 16777215 0.887856
0.971965 0.289999 0.537776 16777215 0.151692
0.972430 0.778291 0.531554 16777215 0.633583
0.980277 0.704302 0.529398 16777215 0.528959
0.980752 0.785598 0.543062 16777215 0.999004
0.732687 0.212416 0.543483 16777215 0.045301
0.015928 0.428814 0.468622 16579583 0.116519
0.314421 0.212086 0.538614 7434865 0.013515
0.008283 0.604240 0.526131 16777215 0.264576
0.685235 0.782401 0.462993 16777215 0.074715
0.115200 0.215267 0.536649 16777215 0.729966
0.685534 0.475469 0.534032 16777215 0.533398
0.009461 0.302476 0.514607 10724771 0.197007
0.981865 0.207650 0.515631 8222332 0.995596
0.988042 0.634078 0.460587 16776701 0.001122
0.028297 0.746747 0.537794 16777215 0.108190
0.801986 0.791431 0.533924 10461344 0.250205
0.716525 0.568419 0.460744 16777215 0.104128
0.333541 0.531567 0.537397 16777215 0.392027
0.005075 0.342732 0.530468 16777215 0.873243
0.985328 0.626200 0.523133 16777215 0.230073
0.953059 0.685599 0.544526 16777215 0.000045
0.984484 0.206558 0.466229 13026500 0.970954
0.988179 0.207999 0.471195 8026232 0.973187
0.007276 0.423173 0.460567 16777215 0.682808
0.988361 0.680061 0.510321 16777215 0.000018
0.986006 0.731016 0.529663 16777215 0.022869
0.728651 0.785373 0.540257 16777215 0.965839
0.033203 0.287132 0.537699 16777215 0.784929
0.938040 0.795319 0.453264 14540509 0.974016
0.968079 0.206361 0.534383 6842986 0.973453
0.204438 0.208628 0.465756 8224128 0.031594
0.002955 0.756512 0.465182 12105147 0.825828
0.205934 0.426119 0.540302 16777215 0.101086
0.023636 0.778383 0.537567 16777215 0.067612
0.014505 0.547541 0.471394 11843254 0.003818
0.739078 0.786672 0.543418 16777215 0.983528
0.984530 0.760647 0.526283 16777215 0.363353
0.965597 0.581091 0.538761 16777215 0.194001
0.985862 0.563848 0.519616 16777215 0.000063
0.996048 0.796512 0.513524 15987180 0.995418
0.983145 0.260984 0.540694 16777215 0.081690
0.794369 0.563770 0.455371 16777215 0.167235
0.823398 0.459708 0.460167 16777215 0.168112
0.208051 0.584105 0.457093 16777215 0.000000
0.193406 0.458279 0.452924 16777215 0.000004
0.957099 0.234657 0.539858 16777215 0.137433
0.108041 0.794991 0.453134 13816787 0.981010
0.905169 0.215934 0.457748 15987700 0.720966
0.822366 0.789045 0.538890 10658466 0.996255
0.240464 0.207055 0.537224 16777215 0.898745
0.580195 0.789774 0.461640 16777215 0.138664
0.828753 0.786445 0.544336 16777215 0.888550
0.178858 0.452870 0.535663 16777215 0.030628
0.006482 0.735274 0.453734 15000292 0.999334
0.004806 0.241986 0.531455 16777215 0.858740
0.022931 0.236117 0.529021 16777215 0.025912
0.231908 0.219903 0.467432 16777215 0.551006
0.264623 0.215890 0.540367 16777215 0.999211
0.019448 0.716968 0.530512 16777215 0.008248
0.989359 0.203349 0.523212 6711398 0.975149
0.154149 0.203261 0.533315 10131610 0.000015
0.477188 0.771010 0.454350 16777215 0.000393
0.326116 0.777239 0.461740 16777213 0.000087
0.025189 0.530892 0.511791 16777215 0.991928
0.564679 0.793054 0.542725 12369085 0.982070
0.494118 0.787199 0.462786 13816534 0.878109
0.041560 0.601011 0.535057 16777215 0.000011
0.689223 0.791941 0.460514 11381161 0.398230
0.992051 0.374116 0.525690 16777215 0.731667
0.035921 0.344477 0.541072 16777215 0.900135
0.775259 0.796812 0.453951 16777215 0.929380
0.250242 0.581858 0.450205 16777215 0.038327
0.012885 0.706122 0.519111 12368564 0.090486
0.648254 0.210557 0.540751 16777215 0.998351
0.219485 0.204071 0.535586 7566966 0.000008
0.988624 0.786001 0.457862 16777215 0.944546
0.816213 0.578025 0.559589 16777215 0.000000
0.415592 0.795011 0.462297 11645359 0.054313
0.331841 0.207436 0.534514 8158331 0.000000
0.605415 0.783599 0.540332 16777215 0.001443
0.134802 0.212236 0.472601 13224392 0.999879
0.973590 0.791054 0.544733 16777215 0.999370
0.277145 0.791499 0.540904 10132376 0.992384
0.437810 0.793090 0.451922 16447993 0.996603
0.226145 0.575828 0.453735 16777215 0.032241
0.012864 0.524382 0.523048 16777215 0.171145
0.001997 0.728888 0.457564 8751242 0.989331
0.382900 0.794295 0.463985 14869731 0.993514
0.984723 0.670538 0.528611 16777215 0.016725
0.255627 0.773821 0.539311 16777215 0.000028
0.037937 0.464264 0.537461 16777215 0.193982
0.993852 0.367622 0.514224 16777215 0.108971
0.038718 0.443659 0.541433 16777215 0.863857
0.183464 0.787245 0.453855 16777215 0.288955
0.250657 0.785775 0.465377 16777215 0.014158
0.994811 0.290541 0.454415 16645367 0.999870
0.175735 0.206846 0.462897 15065309 0.998457
0.691377 0.206566 0.537460 5657942 0.996599
0.030311 0.576515 0.536376 16777215 0.071668
0.992379 0.414876 0.522340 16777215 0.000001
0.164804 0.207447 0.538279 16777215 0.999456
0.728327 0.798764 0.545693 10066071 0.999164
0.160460 0.793870 0.463613 11973812 0.944116
0.995777 0.561934 0.452301 16052979 0.999753
0.414282 0.212008 0.454095 16777215 0.980680
0.004608 0.359604 0.455570 14737631 0.997905
0.077066 0.205453 0.460001 10198684 0.999565
0.291498 0.774282 0.540782 16777215 0.000002
0.483325 0.788012 0.541228 16777215 0.999718
0.715149 0.784513 0.536187 12632512 0.999980
0.407788 0.796104 0.544126 13619152 0.999914
0.058658 0.782649 0.525422 16777215 0.997923
0.005855 0.642937 0.464492 9406603 0.659895
0.979415 0.525312 0.528834 16777215 0.007356
0.501962 0.788132 0.538213 14737888 0.999982
0.009998 0.514446 0.456213 14869992 0.999887
0.285296 0.204999 0.460844 12632512 0.999986
0.003628 0.462689 0.451992 16250358 0.999675
0.981363 0.476104 0.527533 16777215 0.071239
0.015518 0.587375 0.456465 13354953 0.999970
0.962941 0.335320 0.541092 16777215 0.388742
0.983974 0.372588 0.526466 16777215 0.042851
0.466376 0.212361 0.466664 16777215 0.957910
0.995422 0.599037 0.455031 15856367 0.998081
0.654324 0.213281 0.462044 14080473 0.999905
0.332083 0.790451 0.533803 13027527 0.994570
0.815859 0.220688 0.449037 13289675 1.000000
0.291246 0.791904 0.490688 12369085 0.000027
0.494195 0.781616 0.464140 14538972 0.891544
0.153668 0.794575 0.452052 16777215 0.990999
0.514043 0.205997 0.544265 16777215 1.000000
0.012486 0.367127 0.462629 14803681 0.986857
0.977533 0.488681 0.547408 16777215 0.720570
0.735466 0.207224 0.465385 13158341 0.999333
0.277549 0.770604 0.517194 11052967 0.000014
0.596453 0.797802 0.452326 16777215 0.930791
0.710891 0.207271 0.460686 8026486 0.999336
0.013749 0.556845 0.515807 16777215 0.995596
0.322718 0.780959 0.540189 16777215 0.000026
0.005171 0.310269 0.464266 15460843 0.993376
0.989886 0.576951 0.456733 15855856 0.989209
0.566367 0.216458 0.546557 16777215 0.999986
0.971204 0.401568 0.540422 16777215 0.372456
0.004365 0.431666 0.464241 10000019 0.969162
0.699121 0.207370 0.461849 8487550 0.999717
0.842884 0.207862 0.455958 11974582 0.999999
0.969194 0.453312 0.531025 16777215 0.042271
0.949710 0.255248 0.545366 16777215 0.013969
0.078334 0.784072 0.472879 16777215 0.520468
0.994609 0.796119 0.490126 15658732 0.893449
0.019148 0.786713 0.529197 16777215 0.961703
0.988453 0.218421 0.508446 16777215 0.982243
0.002797 0.204854 0.498641 10592162 0.996050
0.982181 0.224262 0.531681 16777215 0.911171
0.993264 0.694572 0.454333 16184820 0.998515
0.023036 0.209034 0.454041 16777215 0.995982
0.994991 0.713873 0.520686 16777215 0.006325
0.067252 0.213534 0.528704 11185067 0.264696
0.814206 0.218032 0.538400 16777215 0.976419
0.996777 0.792092 0.462646 14540767 0.997462
0.982536 0.785703 0.485083 13685204 0.118289
0.980360 0.649276 0.529960 16777215 0.028548
0.952915 0.289077 0.539886 16777215 0.009461
0.984292 0.789159 0.525353 16777215 0.814298
0.016784 0.679303 0.462776 16777215 0.243198
0.184127 0.205710 0.460925 16777215 0.973767
0.958363 0.646021 0.534466 16777215 0.035937
0.776980 0.212872 0.534944 16777215 0.997140
0.971284 0.229901 0.535816 16777215 0.834282
0.030308 0.217853 0.529924 16777215 0.996590
0.006907 0.270198 0.463341 10921894 0.244969
0.513103 0.782254 0.462760 16777215 0.925160
0.494542 0.213905 0.533130 11841968 0.810018
0.472880 0.212913 0.531973 8948105 0.740705
0.653955 0.782955 0.533107 16382202 0.947824
0.697091 0.568510 0.540751 16777215 0.030907
0.038086 0.292397 0.538758 16777215 0.000049
0.987486 0.792315 0.494508 14672350 0.304757
0.972014 0.787522 0.476508 12303548 0.942094
0.660347 0.216053 0.538408 16777215 0.993801
0.990972 0.794432 0.466551 12500412 0.996826
0.963892 0.213147 0.542715 16777215 0.997606
0.020188 0.568812 0.512073 9935513 0.019363
0.188818 0.789931 0.533637 16777215 0.989242
0.014974 0.593348 0.458229 16777215 0.633650
0.980412 0.517982 0.519155 16777215 0.000008
0.004039 0.203321 0.490059 10657696 0.996122
0.041725 0.205953 0.538822 16514300 0.980549
0.995647 0.643403 0.519408 16777215 0.000017
0.016962 0.754740 0.523063 16777215 0.968758
0.951418 0.765924 0.535313 16777215 0.929227
0.971004 0.708241 0.532270 16777215 0.547442
0.466713 0.220419 0.534700 16777215 0.025151
0.017053 0.414047 0.464108 16777215 0.721695
0.645557 0.202506 0.536379 9210506 0.986916
0.314985 0.210056 0.533917 7763319 0.005228
0.019938 0.624613 0.528175 16777215 0.457236
0.761323 0.568112 0.466103 16777215 0.278237
0.838279 0.797517 0.455825 11447982 0.998932
0.643703 0.788678 0.453051 16777215 0.501003
0.035597 0.341066 0.531553 16777215 0.468715
0.137332 0.208742 0.546582 16777215 0.950162
0.611441 0.226836 0.540100 16777215 0.092603
0.144306 0.214258 0.530999 10657183 0.252029
0.609539 0.795319 0.454436 16777215 0.911176
0.010147 0.777966 0.454439 16119798 0.999252
0.015767 0.205606 0.535375 13948628 0.942864
0.681911 0.782519 0.540213 12763329 0.865279
0.718758 0.572721 0.453835 16777215 0.106494
0.324440 0.506954 0.551789 16777215 0.871594
0.334545 0.220460 0.539967 16777215 0.968229
0.020024 0.369214 0.523340 16777215 0.917349
0.060332 0.791052 0.547943 16777215 0.999404
0.985533 0.216271 0.482275 10329246 0.986508
0.190419 0.523141 0.540520 16777215 0.003165
0.013735 0.210933 0.514740 10198169 0.988484
0.170077 0.492497 0.455478 16777215 0.028909
0.981336 0.762770 0.533971 16777215 0.018853
0.539410 0.215737 0.538678 16777215 0.963029
0.682859 0.537827 0.545021 16777215 0.008950
0.034444 0.277288 0.539049 16777215 0.857944
0.906512 0.795162 0.453441 16777215 0.986642
0.025915 0.506979 0.466767 16777215 0.037906
0.920536 0.204512 0.537066 5263441 0.992076
0.219729 0.439647 0.543421 16777215 0.967129
0.966923 0.416037 0.537281 16777215 0.007503
0.036122 0.794699 0.454383 16777215 0.999122
0.429156 0.778760 0.456283 16777215 0.000000
0.977687 0.603257 0.537706 16777215 0.131433
0.980677 0.579148 0.524999 16777215 0.000124
0.316839 0.501317 0.465537 16054004 0.002628
0.980349 0.249568 0.528401 16777215 0.092451
0.741596 0.204980 0.538882 8224381 0.995508
0.783652 0.561287 0.454224 16777215 0.280533
0.814354 0.472681 0.464228 16777215 0.270659
0.219040 0.568250 0.450740 16777215 0.000000
0.212511 0.569133 0.545599 16777215 0.665447
0.310915 0.450172 0.547433 16777215 0.884023
0.891899 0.219445 0.538955 16777215 0.999312
0.143574 0.795664 0.453126 15856370 0.994897
0.040555 0.669521 0.539983 16777215 0.853071
0.805556 0.437534 0.462604 16777215 0.079834
0.394707 0.208104 0.536711 6381664 0.996837
0.568610 0.789012 0.458074 13947605 0.987345
0.043616 0.534753 0.543413 16777215 0.952059
0.723762 0.572924 0.548851 16777215 0.064018
0.827681 0.786945 0.534396 10461086 0.983839
0.970430 0.338117 0.546273 16777215 0.573539
0.354690 0.207280 0.545755 16777215 0.999298
0.269425 0.208174 0.546989 16777215 0.991191
0.600711 0.791247 0.453462 16777215 0.647805
0.806564 0.783431 0.548970 16777215 0.984635
0.120456 0.783979 0.541345 16777215 0.998314
0.996524 0.792188 0.454364 16645370 0.997666
0.252455 0.214980 0.546183 16777215 0.999587
0.103845 0.211422 0.531870 13355974 0.000036
0.251176 0.217819 0.533592 16777215 0.987704
0.036158 0.393927 0.539838 16777215 0.132104
0.325805 0.779910 0.459975 16777215 0.000007
0.341210 0.787568 0.474798 14606048 0.975913
0.461662 0.783082 0.453715 16777215 0.979502
0.529649 0.793859 0.540386 13158343 0.990421
0.661374 0.792223 0.537428 12895427 0.980143
0.668000 0.215858 0.462572 16777215 0.089311
0.446066 0.788480 0.459092 14540767 0.964586
0.713181 0.784697 0.478871 13026243 0.362863
0.237031 0.579573 0.475652 16777215 0.016182
0.310160 0.208719 0.538769 16777215 0.999993
0.172619 0.204729 0.527739 9211275 0.000024
0.881770 0.208400 0.451833 16777215 0.997798
0.774252 0.438388 0.521735 16777215 0.143542
0.881681 0.205588 0.538106 5263439 0.934239
0.813681 0.795277 0.462420 9737620 0.998369
0.344517 0.210963 0.530837 7500146 0.000001
0.368510 0.787520 0.541609 16777215 0.000005
0.540629 0.209491 0.544810 16777215 0.999555
0.373897 0.202089 0.539787 4539460 0.948178
0.567705 0.790709 0.454804 16777215 0.976907
0.983288 0.362240 0.526795 16777215 0.037504
0.012505 0.596489 0.459218 16777215 0.991286
0.958313 0.778239 0.534723 16777215 0.999950
0.305055 0.781812 0.466392 16777215 0.994689
0.235566 0.793191 0.541219 14145495 0.988420
0.032419 0.551363 0.537891 16777215 0.112130
0.468436 0.789608 0.456886 16777215 0.999428
0.231233 0.571301 0.470842 16777215 0.011680
0.859970 0.792168 0.458737 14145753 0.999939
0.977476 0.634573 0.530897 16777215 0.004529
0.232646 0.784932 0.542369 16777215 0.000154
0.035461 0.481500 0.541834 16777215 0.268958
0.859111 0.205636 0.460742 15855856 0.999991
0.102978 0.205722 0.455587 16777215 0.999568
0.160357 0.794520 0.450366 16185077 0.997323
0.234892 0.793476 0.452454 16777215 0.991586
0.775924 0.206873 0.453841 16777215 0.979996
0.384742 0.206347 0.544055 16777215 0.999979
0.034116 0.613210 0.537357 16777215 0.951418
0.407904 0.783074 0.538614 13881807 0.998895
0.161387 0.788177 0.548059 16777215 0.967559
0.196689 0.203480 0.462710 6447198 0.998677
0.462930 0.212291 0.462773 16777215 0.104856
0.200502 0.208660 0.548167 16777215 0.999802
0.319868 0.203573 0.458902 16185333 0.999971
0.386233 0.206866 0.455539 13947861 0.999516
0.976709 0.616541 0.532784 16777215 0.002990
0.196169 0.786790 0.464198 15132389 0.998698
0.613592 0.213846 0.458980 15330538 0.999976
0.323726 0.785470 0.541400 16777215 0.000022
0.430378 0.785825 0.546439 16777215 0.996886
0.082024 0.796575 0.453927 15593198 0.992994
0.995398 0.299563 0.454257 16119286 0.966161
0.434558 0.208972 0.539614 8947592 0.482216
0.398086 0.787348 0.531491 16053234 0.999271
0.882086 0.205967 0.458507 7961978 1.000000
0.071119 0.792255 0.548464 16777215 0.999808
0.134937 0.788323 0.454923 15592942 0.997943
0.212653 0.208255 0.459394 16777215 0.999794
0.617583 0.208242 0.470136 7500403 0.862845
0.668732 0.800738 0.457758 10000536 0.996846
0.308204 0.781543 0.462478 16777215 0.878484
0.994834 0.618731 0.454963 16514301 0.981197
0.190567 0.788824 0.467435 12895170 0.996033
0.956560 0.467985 0.536521 16777215 0.086666
0.504437 0.795410 0.547137 16580093 0.999999
0.961716 0.498159 0.540190 16777215 0.175652
0.008117 0.539210 0.461347 12895171 0.999965
0.623963 0.783234 0.547418 16777215 0.996350
0.245589 0.221734 0.463153 16776703 0.999992
0.762911 0.209057 0.465090 14999264 1.000000
0.978655 0.410450 0.527509 16777215 0.032352
0.233797 0.786095 0.457708 13092549 0.997209
0.004761 0.624908 0.455217 14343130 0.999647
0.959091 0.572349 0.539141 16777215 0.162591
0.305968 0.208077 0.468009 9802644 0.999890
0.959498 0.516775 0.534036 16777215 0.174356
0.092425 0.212870 0.547581 16777215 0.932473
0.144157 0.789510 0.460099 15921907 0.991184
0.854725 0.203782 0.463358 8026230 0.905756
0.693999 0.797172 0.454275 12960964 0.999924
0.751557 0.789957 0.547177 16777215 0.999265
0.199849 0.206799 0.537675 7763575 0.000001
0.039029 0.419587 0.538855 16777215 0.969660
0.505818 0.208452 0.535444 6973545 0.744745
0.104315 0.785290 0.458984 16777215 0.486799
0.238606 0.788051 0.459729 16777215 0.255159
0.881481 0.203369 0.452852 11974326 1.000000
0.542829 0.204021 0.466309 13356492 0.999938
0.011808 0.325853 0.462702 16777215 0.996576
0.531681 0.789554 0.535871 16777215 0.999979
0.396031 0.792494 0.457931 12895942 0.999160
0.009619 0.402216 0.475654 15132642 0.996269
0.826243 0.202420 0.459721 12763585 0.999972
0.592734 0.202053 0.454546 4276284 0.999404
0.162714 0.203913 0.546305 16777215 0.999637
0.107758 0.785126 0.466769 15066598 0.408831
0.662340 0.786817 0.454319 16316151 0.999884
0.364586 0.206473 0.463944 8421248 0.978857
0.704797 0.785407 0.548200 16777215 0.996086
0.674503 0.213613 0.545409 16777215 0.999801
0.257357 0.206013 0.527855 8947848 0.000000
0.512542 0.202731 0.535013 7237228 0.900198
0.139925 0.798360 0.449938 15658734 0.998082
0.604171 0.209915 0.450075 13750992 0.999984
0.009027 0.503873 0.462853 13619408 0.999966
0.420501 0.223080 0.458872 16514813 0.999941
0.006600 0.370654 0.458982 13290186 0.999897
0.532299 0.786619 0.534016 15856369 0.999962
0.007259 0.418883 0.458205 14408155 0.999844
0.589814 0.206744 0.459299 15592169 0.997475
0.012573 0.436085 0.464422 15657448 0.999056
0.017337 0.480799 0.463605 13223369 0.999652
0.513164 0.205865 0.451973 10133149 0.999995
0.725379 0.201707 0.454544 8158075 1.000000
0.975020 0.491005 0.528138 14474461 0.096794
0.480770 0.509407 0.468587 14737632 0.000049
0.680251 0.463559 0.461879 11579053 0.471453
0.021150 0.207072 0.454010 16777215 0.973228
0.013290 0.204734 0.453192 15790065 0.999068
0.990108 0.726447 0.520484 16777215 0.016219
0.992331 0.204361 0.454728 11053993 0.998474
0.991109 0.204113 0.478967 7566709 0.998633
0.004613 0.650150 0.461478 9868436 0.986244
0.991028 0.789030 0.495683 13159110 0.976610
0.006530 0.226731 0.452922 16777215 0.988738
0.983937 0.684627 0.531632 16777215 0.041969
0.990839 0.793103 0.534842 16054003 0.995371
0.008665 0.713884 0.519085 16777215 0.917994
0.103251 0.792898 0.531066 12302523 0.916863
0.959939 0.282044 0.524318 16777215 0.088862
0.991197 0.299015 0.518279 16777215 0.535574
0.011413 0.257625 0.519624 13093578 0.008555
0.929560 0.791789 0.538496 11448754 0.993881
0.209161 0.206821 0.455617 16448764 0.978108
0.522544 0.213688 0.527388 6250334 0.735912
0.620686 0.787623 0.532266 14277082 0.941896
0.017341 0.316280 0.452582 16777215 0.182579
0.993544 0.325389 0.457092 15396591 0.999666
0.320957 0.792283 0.534604 13817044 0.510536
0.649234 0.217622 0.530038 16777215 0.988746
0.008051 0.576929 0.515324 12106170 0.029478
0.030889 0.796547 0.536222 14277337 0.963945
0.019374 0.610746 0.452825 16711423 0.240303
0.988547 0.529604 0.513432 16777212 0.000005
0.853802 0.785753 0.535017 16777215 0.968363
0.990340 0.658419 0.516852 16777215 0.000060
0.982292 0.711074 0.539824 16777215 0.221267
0.015931 0.428196 0.464168 15133160 0.106489
0.308123 0.211276 0.527642 5395538 0.021809
0.581646 0.223252 0.527189 16777215 0.609063
0.164948 0.785755 0.532260 16777215 0.000153
0.167920 0.206637 0.459261 10197657 0.987113
0.054121 0.204483 0.456095 11185066 0.998903
0.002435 0.686555 0.457631 9934489 0.742388
0.681984 0.788860 0.532107 10461089 0.914106
0.029397 0.746336 0.531279 16777215 0.181798
0.769303 0.787732 0.530382 11974327 0.315649
0.142291 0.216186 0.528320 16777215 0.996081
0.978401 0.618250 0.526866 16777215 0.183874
0.963314 0.708204 0.538418 16777215 0.000124
0.985282 0.206296 0.472801 4407874 0.995406
0.976703 0.750098 0.529980 16777215 0.019338
0.026081 0.659782 0.524495 16777215 0.849157
0.035029 0.277033 0.534995 16777215 0.564895
0.218248 0.204474 0.466627 8486531 0.059444
0.004210 0.675493 0.455670 14343129 0.996344
0.043857 0.208695 0.453197 12171961 0.999085
0.986013 0.254611 0.524510 16777215 0.728443
0.098205 0.787229 0.533488 16777215 0.978882
0.970490 0.592581 0.531895 16777215 0.268158
0.989502 0.576375 0.518637 16777215 0.000115
0.499413 0.780638 0.542369 16777215 0.219850
0.016037 0.444702 0.531497 16777215 0.085235
0.492906 0.212986 0.472180 7500402 0.000057
0.972121 0.266040 0.549638 16777215 0.826155
0.903678 0.216053 0.533535 16777215 0.998967
0.957029 0.323745 0.542291 16777215 0.662473
0.291673 0.217694 0.542954 16777215 0.990384
0.801714 0.784296 0.533941 16777215 0.938079
0.011606 0.729016 0.454078 14803680 0.999835
0.072710 0.791581 0.536352 12237756 0.994150
0.259607 0.214759 0.536249 16777215 0.999737
0.985329 0.570155 0.520915 16777215 0.000194
0.239972 0.217277 0.531638 16777215 0.987263
0.039469 0.395578 0.542486 16777215 0.128636
0.550998 0.789274 0.535445 13487053 0.940509
0.986962 0.342074 0.521474 16777215 0.448962
0.004780 0.678681 0.522539 13025473 0.192988
0.027806 0.431673 0.534212 16777215 0.492643
0.989202 0.439387 0.514605 16777215 0.825822
0.450299 0.207097 0.547374 16777215 0.997737
0.018229 0.363786 0.544955 16777215 0.246491
0.837459 0.793000 0.462908 10066839 0.996669
0.991072 0.542150 0.461759 14541284 0.989889
0.364214 0.785215 0.540059 16777215 0.000002
0.517782 0.217495 0.534904 16777215 0.994485
0.009025 0.520811 0.519080 9210249 0.053709
0.005251 0.255194 0.453894 14014677 0.996742
0.956306 0.786929 0.538452 16777215 0.999938
0.253095 0.776067 0.534435 16777215 0.000217
0.989704 0.354964 0.519788 16777215 0.116629
0.846007 0.203678 0.456477 14277080 0.999995
0.225873 0.212666 0.457620 13948115 0.999708
0.390558 0.788874 0.534742 12303548 0.996691
0.166948 0.214713 0.530813 16777215 0.996997
0.049816 0.209908 0.458710 15263978 0.999711
0.727705 0.789915 0.534849 12698049 0.996757
0.441181 0.219937 0.461670 16777215 0.254055
0.269095 0.212272 0.471429 12369085 0.999823
0.961599 0.561669 0.540953 16777215 0.402620
0.332230 0.781588 0.535909 16777215 0.000014
0.471284 0.780877 0.539657 16777215 0.999723
0.418462 0.777790 0.533507 16777215 0.985277
0.704970 0.207154 0.465755 4605509 0.984687
0.693876 0.785299 0.535975 15132390 0.999964
0.579550 0.204690 0.537057 8882310 0.013609
0.903647 0.216953 0.456420 9474448 1.000000
0.337595 0.210502 0.473134 10066585 0.997315
0.614379 0.213743 0.534575 16777215 0.999989
0.963036 0.426675 0.535925 16777215 0.985476
0.624530 0.207885 0.466571 13618638 0.999833
0.580628 0.787584 0.465318 9934742 0.990881
0.183524 0.209289 0.470987 11974068 0.999948
0.220388 0.785798 0.537259 16777215 0.999851
0.370857 0.797598 0.452936 7500402 0.995820
0.356738 0.209853 0.466883 8816520 0.999913
0.563443 0.797788 0.459726 10395293 0.999973
0.970908 0.416408 0.533473 16777215 0.052883
0.602245 0.783830 0.537927 16777215 0.991688
0.298533 0.794701 0.540821 15263976 0.999542
0.979280 0.490832 0.516330 16448757 0.090456
0.153416 0.199371 0.545607 9539985 0.999130
0.530592 0.795405 0.460398 10790563 0.997897
0.296079 0.794774 0.458981 10790307 0.992683
0.987984 0.559894 0.526097 16777215 0.991752
0.602929 0.205954 0.454617 14540767 0.999641
0.460431 0.795288 0.465651 9869465 0.998440
0.968451 0.484513 0.533122 16777215 0.637736
0.785224 0.782167 0.535160 16777215 0.968592
0.000447 0.431041 0.527038 9276813 0.289491
0.948741 0.372720 0.536621 16777215 0.000124
0.946515 0.631400 0.470559 16185592 0.000000
0.185058 0.790487 0.538780 12829634 0.989307
0.623212 0.717557 0.549227 16777215 0.000002
0.565104 0.208391 0.539799 6842216 0.890454
0.385226 0.210687 0.463414 10329243 0.351280
0.021201 0.651649 0.526271 16777215 0.212026
0.971403 0.482119 0.527336 16777215 0.000158
0.034158 0.346019 0.545392 16777215 0.396953
0.350477 0.217893 0.540062 16777215 0.971932
0.012815 0.499320 0.514553 16777215 0.948153
0.335485 0.725135 0.528560 16777215 0.000003
0.929149 0.792506 0.462847 9869208 0.998760
0.675055 0.218216 0.459088 14541027 0.699653
0.542929 0.788783 0.467229 12961478 0.965416
0.866764 0.218784 0.454549 15394278 0.954307
0.987216 0.288044 0.518717 16777215 0.151588
0.716623 0.785504 0.541234 16777215 0.010623
0.974608 0.650312 0.534624 16777215 0.008452
0.009983 0.482100 0.456152 8093307 0.997986
0.710252 0.207878 0.532245 4605253 0.999201
0.662058 0.208511 0.466029 16251386 0.999685
0.983922 0.730056 0.529940 16777215 0.016420
0.488463 0.208728 0.466047 13421772 0.999942
0.350007 0.788342 0.462771 9014153 0.960556
0.449368 0.788640 0.541206 13619151 0.999659
0.997804 0.536336 0.455382 15460327 0.999962
0.136936 0.792696 0.455990 16711422 0.994542
0.227250 0.214612 0.465553 9737110 1.000000
0.472772 0.210734 0.461342 13422030 0.999898
0.596418 0.208770 0.468346 9145480 0.999998
0.010182 0.479254 0.461370 12237242 0.999400
0.980876 0.476029 0.533816 16777215 0.046179
0.689852 0.213962 0.462380 10658209 1.000000
0.560035 0.219080 0.459427 12565948 0.999978
0.583971 0.207868 0.457311 15857394 0.999587
0.780381 0.208361 0.451493 14606303 0.999993
0.620322 0.776276 0.544669 16777215 0.035368
0.004671 0.457624 0.517659 9671827 0.085773
0.937664 0.303898 0.538860 16777215 0.000166
0.618132 0.209076 0.537366 6513250 0.974691
0.397532 0.206197 0.473402 7829367 0.210999
0.015496 0.667941 0.526349 16777215 0.247530
0.966478 0.484491 0.541153 16777215 0.000617
0.019264 0.453585 0.545738 16777215 0.617343
0.278532 0.225627 0.533842 16777215 0.957797
0.029236 0.442001 0.523054 16777215 0.808163
0.040657 0.694815 0.532291 16777215 0.111285
0.007961 0.520865 0.532203 16777215 0.959413
0.354860 0.742502 0.547425 16777215 0.000013
0.699777 0.203945 0.536561 6711400 0.999091
0.170124 0.791422 0.456426 13158599 0.993885
0.761100 0.213477 0.458156 15791090 0.607688
0.991597 0.369342 0.518295 16777215 0.139363
0.628719 0.784388 0.536256 16777215 0.037555
0.977157 0.652549 0.530279 16777215 0.025390
0.039001 0.435563 0.541435 16777215 0.866767
0.416872 0.789062 0.462392 12238010 0.994838
0.745955 0.204118 0.537103 2500906 0.999336
0.189950 0.793097 0.457137 12565945 0.983684
0.547909 0.211906 0.456740 13948112 0.999974
0.969045 0.548291 0.526597 16777215 0.030808
0.506166 0.205337 0.455911 12960965 0.999875
0.389664 0.788201 0.455734 12040118 0.978020
0.989151 0.586073 0.462706 16250870 0.999866
0.437956 0.213682 0.459583 13027272 1.000000
0.331722 0.214547 0.460670 13816016 0.999844
0.515064 0.211906 0.464478 7105387 0.999999
0.984691 0.539734 0.515304 16777215 0.049673
0.988797 0.611176 0.461192 14671584 0.999967
0.584018 0.206788 0.458876 12697792 0.999991
0.572907 0.207572 0.463507 13947857 0.999511
0.478119 0.216066 0.457442 14474718 0.999442
0.955480 0.315845 0.526296 16777215 0.000266
0.822774 0.773041 0.547514 16777215 0.024780
0.214886 0.209567 0.461082 13487307 0.999991
0.970454 0.474831 0.521212 15790833 0.114898
0.957430 0.254316 0.538598 16777215 0.016378
0.498358 0.504340 0.457334 13882323 0.000019
0.044035 0.329773 0.542028 16777215 0.402270
0.978605 0.239997 0.522747 16776959 0.958106
0.013156 0.786068 0.501601 10329242 0.987817
0.995477 0.686102 0.453876 15526377 0.999104
0.036287 0.206288 0.458265 16777215 0.850417
0.019907 0.203754 0.454268 12632769 0.999079
0.004234 0.627224 0.454232 16777215 0.999307
0.992087 0.706549 0.522926 16777215 0.014874
0.993597 0.207379 0.509618 8816520 0.992698
0.009628 0.366484 0.501016 11381676 0.004215
0.832094 0.216192 0.540564 16777215 0.984779
0.014025 0.752574 0.523967 12632768 0.384749
0.003813 0.643885 0.454648 9868951 0.995072
0.735625 0.213685 0.533223 16777215 0.969835
0.956799 0.284310 0.535423 16777215 0.029405
0.008012 0.422810 0.508258 10592674 0.171301
0.037519 0.559314 0.546058 16777215 0.927711
0.140997 0.788110 0.530255 12303292 0.927962
0.974289 0.274454 0.525411 16777215 0.037989
0.976185 0.280448 0.519980 16777215 0.422135
0.004697 0.210094 0.490170 9934487 0.989919
0.009820 0.286030 0.510161 11974325 0.007153
0.962945 0.231922 0.535278 16777215 0.992635
0.035680 0.215416 0.534810 16777215 0.995338
0.082513 0.210593 0.463918 12566721 0.944973
0.924353 0.789179 0.528391 11250858 0.995115
0.219310 0.213228 0.463705 14671837 0.954723
0.011018 0.454587 0.467757 12109765 0.037329
0.524618 0.212271 0.533305 5986906 0.852283
0.606353 0.794741 0.538976 13816272 0.956924
0.011003 0.312251 0.462941 16777215 0.221976
0.047726 0.289846 0.533389 16777215 0.000049
0.993524 0.299003 0.459523 15922162 0.999261
0.327916 0.787851 0.531501 13224393 0.547857
0.626477 0.212738 0.540178 16777215 0.994654
0.948486 0.215941 0.537111 16777215 0.998120
0.662575 0.210196 0.478946 7764335 0.000680
0.410391 0.214328 0.532639 9342608 0.909368
0.971833 0.585787 0.539691 16777215 0.000402
0.986852 0.513118 0.512727 16777215 0.000010
0.985731 0.655391 0.510727 16777215 0.000038
0.967490 0.713524 0.532820 16777215 0.720228
0.963610 0.778828 0.534372 16317179 0.999530
0.428667 0.220866 0.539064 16777215 0.353671
0.411924 0.787343 0.532058 10922150 0.721239
0.022716 0.456236 0.462183 14342872 0.083240
0.169064 0.481068 0.539079 16777215 0.003342
0.298539 0.207074 0.537247 8487808 0.101596
0.279528 0.573652 0.458781 16777215 0.000000
0.100926 0.203506 0.461481 10395293 0.982157
0.009354 0.320121 0.513226 11119274 0.357850
0.003231 0.771115 0.459560 11054764 0.997632
0.986124 0.208276 0.523399 8224893 0.997984
0.022778 0.214561 0.525594 10790310 0.984749
0.673652 0.787691 0.531463 10395037 0.901803
0.016861 0.740783 0.528203 16777215 0.200204
0.767020 0.794046 0.534669 11843253 0.357463
0.700888 0.208203 0.455343 16777215 0.791536
0.131739 0.213608 0.538726 16777215 0.997066
0.711737 0.577025 0.454085 16777215 0.179712
0.982316 0.641541 0.525266 16777215 0.186908
0.673170 0.476625 0.462176 16777215 0.094936
0.948720 0.732417 0.531580 16777215 0.000216
0.977577 0.209975 0.470495 13025987 0.988325
0.996313 0.765124 0.451368 15395819 0.998700
0.176900 0.531182 0.529889 16777215 0.001188
0.024822 0.418232 0.532188 16777215 0.002345
0.179162 0.520447 0.483467 16777215 0.194978
0.939400 0.778147 0.538428 16777215 0.638895
0.971343 0.749142 0.531288 16777215 0.036910
0.563033 0.209465 0.546421 16777215 0.991276
0.693139 0.781499 0.541742 16777215 0.981641
0.032449 0.303886 0.526344 16777215 0.744607
0.018673 0.511938 0.468513 16050412 0.086225
0.927777 0.216949 0.530921 4934731 0.985552
0.207721 0.214261 0.467253 9278869 0.175046
0.006863 0.664491 0.454788 15132646 0.995980
0.675589 0.226468 0.531765 16777215 0.811869
0.962819 0.420499 0.536640 16777215 0.027590
0.016881 0.767814 0.529552 16777215 0.109167
0.985290 0.249412 0.529814 16777215 0.568363
0.470997 0.214464 0.534615 16777215 0.998979
0.736046 0.211963 0.529366 9342862 0.013961
0.267673 0.432713 0.537059 16777215 0.905355
0.972802 0.262374 0.528220 16777215 0.267050
0.014109 0.663492 0.521580 13882321 0.972581
0.498095 0.211553 0.464631 7237743 0.000073
0.747655 0.213285 0.533072 10461081 0.000070
0.217228 0.570409 0.540311 16777215 0.432581
0.306604 0.450946 0.539169 16777215 0.854101
0.960012 0.255416 0.535540 16777215 0.318316
0.890907 0.218058 0.537787 16777215 0.999236
0.019137 0.682257 0.527801 16777215 0.611508
0.818478 0.555044 0.456839 16777215 0.097919
0.455796 0.212704 0.457081 16711679 0.567109
0.725258 0.414458 0.532633 16777215 0.673602
0.306280 0.211677 0.540216 16777214 0.996456
0.227756 0.207344 0.547402 16777215 0.995069
0.186689 0.459935 0.531368 16777215 0.048899
0.605883 0.214521 0.531922 16777215 0.993499
0.012364 0.274191 0.517483 16777215 0.846982
0.784821 0.204840 0.471218 6907750 0.151072
0.776521 0.214528 0.542525 16777215 0.429450
0.504581 0.205465 0.450779 16777215 0.920960
0.021207 0.254973 0.526331 16777215 0.057065
0.254990 0.214356 0.463925 16777215 0.864335
0.209765 0.212462 0.544761 16777215 0.989827
0.043647 0.417462 0.541349 16777215 0.171667
0.303209 0.564097 0.457903 16777215 0.035707
0.012032 0.535498 0.507406 12961734 0.995490
0.556212 0.789926 0.530870 12632513 0.936839
0.609658 0.789287 0.538765 11646131 0.826259
0.046063 0.602659 0.538017 16777215 0.000005
0.992285 0.361392 0.520949 16777215 0.523346
0.965633 0.702281 0.534331 16777215 0.000846
0.241660 0.575542 0.467499 16777215 0.044036
0.207940 0.212118 0.528927 8882823 0.000192
0.009456 0.415493 0.520595 16777215 0.986666
0.433174 0.793697 0.470403 11316394 0.240449
0.337986 0.781574 0.539961 16777215 0.000007
0.508770 0.219183 0.538470 16777215 0.994114
0.367770 0.207213 0.538037 5592404 0.970367
0.250083 0.213403 0.466228 16777215 0.391344
0.652326 0.212762 0.542315 10593442 0.129995
0.035249 0.419222 0.536281 16777215 0.000014
0.957544 0.775929 0.535565 16513527 0.999964
0.249239 0.783497 0.538652 11381932 0.986037
0.016695 0.547319 0.537956 16777215 0.119427
0.026030 0.439921 0.528501 16777215 0.146794
0.248519 0.783516 0.543744 16777215 0.000279
0.989455 0.397238 0.518764 16777215 0.084381
0.980970 0.435973 0.465431 16777215 0.001836
0.779071 0.209026 0.461502 11185323 0.999986
0.993405 0.279622 0.457229 15659502 0.999868
0.984421 0.447752 0.464286 15200234 0.000507
0.775980 0.788108 0.536545 16777215 0.998544
0.344305 0.211752 0.542803 16777215 0.999897
0.004379 0.546205 0.452763 15000804 0.999845
0.026237 0.603449 0.528065 16777215 0.194900
0.727084 0.204632 0.456555 16777215 0.988724
0.173715 0.784302 0.542675 16777215 0.947314
0.069708 0.212672 0.462960 15132134 0.999821
0.726645 0.792094 0.533713 12434877 0.996562
0.616853 0.209021 0.545192 16777215 0.999646
0.455637 0.214472 0.453754 16777215 0.626294
0.316634 0.205972 0.467306 11053224 0.999943
0.394581 0.204542 0.455713 16777215 0.976465
0.947295 0.356775 0.535143 16777215 0.000558
0.006463 0.511772 0.460225 14473690 0.999880
0.071697 0.211217 0.463121 10330016 0.999524
0.312235 0.782345 0.536513 16777215 0.000031
0.469130 0.785306 0.546816 16777215 0.999871
0.432620 0.782854 0.541605 16777215 0.994700
0.781081 0.207500 0.539467 3026735 0.999238
0.972540 0.638354 0.528259 16777215 0.003492
0.404613 0.207806 0.460551 10592671 0.998683
0.565989 0.213963 0.540790 16777215 0.999936
0.003108 0.328035 0.453128 12566464 0.999903
0.714597 0.214599 0.537736 16052977 0.999952
0.584365 0.204996 0.469330 11775918 0.999871
0.244665 0.788625 0.547513 16777215 0.999976
0.591218 0.783747 0.544617 16777215 0.807602
0.649785 0.784689 0.541640 16777215 0.972202
0.009501 0.379715 0.463563 9671057 0.999702
0.358068 0.210299 0.535921 16381686 0.999950
0.255408 0.206762 0.539503 6447968 0.995462
0.886361 0.200238 0.454124 3552564 0.993050
0.358668 0.211638 0.461822 13158341 0.999241
0.571370 0.796938 0.463952 10460573 0.999946
0.972562 0.403590 0.527403 16777215 0.045333
0.636619 0.785246 0.539202 16777215 0.996714
0.686335 0.206063 0.468086 11185067 0.999989
0.303037 0.787366 0.537148 16448507 0.999190
0.978908 0.484101 0.524642 15592940 0.075970
0.250344 0.213236 0.462556 12829121 0.999995
0.637076 0.207362 0.466545 14539994 0.999993
0.965583 0.364649 0.538834 16777215 0.443660
0.287969 0.210708 0.472526 10526879 0.999388
0.965955 0.435227 0.531618 16777215 0.059174
0.274286 0.795037 0.461672 9803413 0.995329
0.401447 0.781917 0.540550 16777215 0.977367
0.664584 0.211660 0.524236 9212299 0.970888
0.958384 0.567676 0.537391 16777215 0.408510
0.622885 0.213503 0.452884 13421771 0.999990
0.807490 0.205625 0.461257 12697534 0.999978
0.454554 0.209960 0.473956 8950151 0.999862
0.570806 0.220966 0.457035 12960963 0.999988
0.775647 0.202079 0.538784 2565414 0.956301
0.007065 0.489242 0.465618 9475478 0.133418
0.010811 0.674240 0.457288 16777215 0.243263
0.676556 0.787286 0.469786 9012870 0.560367
0.851241 0.791002 0.541599 16777215 0.980664
0.759265 0.219746 0.452022 16777215 0.010643
0.472959 0.784788 0.459990 16777215 0.000072
0.013541 0.563253 0.464753 13026501 0.011906
0.969077 0.586987 0.533452 16777215 0.452289
0.640003 0.789380 0.464906 10000023 0.990507
0.517122 0.782336 0.459376 16579322 0.561516
0.304878 0.209687 0.546054 16777215 0.999943
0.992124 0.462931 0.457270 16251128 0.995405
0.722379 0.216535 0.456742 15131366 0.348998
0.983917 0.524755 0.517527 16777215 0.632679
0.011127 0.510302 0.515885 8749956 0.127444
0.025250 0.509929 0.545659 16777215 0.634009
0.616761 0.212205 0.464292 16052981 0.999937
0.160033 0.209722 0.533066 16777215 0.999853
0.686094 0.215694 0.456099 13619664 0.999999
0.962395 0.538823 0.541455 16777215 0.803288
0.756913 0.788382 0.455167 16777215 0.972651
0.166730 0.208059 0.459884 13487050 0.999991
0.393346 0.205570 0.538995 10131352 0.284187
0.369648 0.208160 0.459326 11382447 0.999581
0.470522 0.205636 0.462706 11316396 0.998421
0.006225 0.515561 0.454478 14474718 0.999987
0.560648 0.203788 0.451249 13224651 0.999999
0.775622 0.208509 0.465643 13290439 0.999996
0.450119 0.212673 0.453838 16777215 0.876133
0.228713 0.215128 0.468978 11841971 0.998996
0.010952 0.455873 0.467669 15000291 0.993011
0.986564 0.552424 0.459161 15329514 0.997436
0.004679 0.344225 0.453645 14408410 0.999951
0.906677 0.215964 0.455520 12566977 1.000000
0.441598 0.795292 0.466988 10526880 0.998100
0.580075 0.204373 0.454798 12565692 1.000000
0.816653 0.206292 0.465155 13355723 1.000000
0.592265 0.201243 0.461299 6053214 0.999999
0.601894 0.215644 0.455587 13883604 0.999994
0.818728 0.215214 0.533307 5131854 0.520771
0.011257 0.635082 0.460633 10527138 0.057100
0.831620 0.787406 0.550928 16777215 0.987558
0.711520 0.210468 0.451988 16777215 0.001527
0.545486 0.779224 0.458517 16777215 0.000196
0.009328 0.580722 0.466595 12765124 0.010198
0.964399 0.612757 0.533762 16777215 0.461902
0.846623 0.793969 0.538648 10394780 0.996123
0.563339 0.788029 0.453318 16777215 0.462583
0.328904 0.212292 0.540981 16382713 0.999863
0.013482 0.615639 0.462011 16776700 0.998378
0.987126 0.410269 0.462016 15460070 0.996084
0.507169 0.797730 0.451199 16777215 0.998048
0.691455 0.209681 0.451909 16777215 0.841271
0.994461 0.457683 0.529364 16777215 0.917411
0.006057 0.495464 0.517394 12697792 0.175541
0.015058 0.534439 0.455872 16118770 0.999587
0.524871 0.203350 0.457933 13356236 0.999984
0.318996 0.204157 0.545899 16777215 0.999957
0.772005 0.209905 0.451524 14277340 1.000000
0.959739 0.562976 0.535038 16777215 0.788422
0.394744 0.214266 0.537413 9475472 0.645518
0.389391 0.796262 0.454734 15264234 0.987789
0.340695 0.205297 0.466827 10988452 0.999573
0.371637 0.214494 0.460723 13419716 0.998804
0.344679 0.204652 0.459450 10657952 0.999957
0.007077 0.468716 0.456954 13752276 0.999920
0.017366 0.518763 0.457186 15000803 0.999984
0.746902 0.207060 0.462429 12436671 0.999995
0.358701 0.217038 0.456037 6315870 0.999550
0.993165 0.513659 0.456272 16250870 0.998592
0.018837 0.454406 0.459183 14671840 0.999749
0.868198 0.215745 0.452252 12895427 1.000000
0.439695 0.215353 0.454009 15593455 0.998654
0.503316 0.206668 0.464558 11119273 0.999999
0.854405 0.215745 0.459645 12040633 1.000000
0.645259 0.213919 0.454453 14475485 0.999997
0.494251 0.508432 0.459839 14474203 0.000014
0.951560 0.289063 0.539448 16777215 0.002726
0.020570 0.785722 0.525923 16777215 0.980453
0.002375 0.797318 0.508076 12171961 0.994608
0.023303 0.204008 0.454895 13487052 0.997001
0.006523 0.668707 0.453634 16053492 0.997728
0.981122 0.213528 0.484236 7303280 0.993442
0.016349 0.732658 0.519965 11974074 0.311426
0.988865 0.213132 0.498886 7369584 0.997237
0.985353 0.261716 0.516758 16777215 0.000128
0.007707 0.663787 0.460281 10855330 0.984336
0.867886 0.790435 0.538507 9474192 0.896684
0.739708 0.212356 0.539727 16777215 0.981608
0.962623 0.264341 0.540408 16777215 0.021650
0.817075 0.787160 0.531650 12500926 0.001045
0.991956 0.768349 0.456134 16777207 0.530579
0.208930 0.215381 0.465733 15987699 0.983454
0.107901 0.793232 0.536492 13552845 0.969712
0.982833 0.267239 0.533581 16777215 0.020755
0.982374 0.271948 0.521301 16777215 0.432898
0.014233 0.280411 0.517147 12896455 0.011015
0.778507 0.212432 0.541812 16777215 0.991054
0.011347 0.212437 0.522027 16777215 0.995231
0.011375 0.448335 0.508169 11119786 0.000286
0.594797 0.786116 0.463410 9408398 0.210721
0.282353 0.786571 0.526692 13818072 0.917143
0.497547 0.787093 0.456978 16711679 0.915104
0.513684 0.211556 0.538855 8223097 0.791398
0.613959 0.791286 0.536040 12435389 0.965052
0.706625 0.559766 0.523998 16777215 0.062570
0.044840 0.283143 0.535602 16777215 0.000056
0.009148 0.225588 0.460370 15461099 0.994379
0.965953 0.793289 0.467879 11053224 0.988802
0.645662 0.215049 0.530675 16777215 0.982034
0.975403 0.218389 0.536631 16777215 0.997868
0.010405 0.584105 0.519806 11645105 0.066246
0.039299 0.786873 0.534021 12960964 0.962259
0.412440 0.215540 0.537903 9211020 0.821499
0.990591 0.526252 0.515731 16777215 0.000009
0.057988 0.208168 0.535740 15724268 0.985239
0.985517 0.669256 0.515413 16777215 0.000033
0.014892 0.473691 0.511802 16777215 0.512978
0.981841 0.713604 0.532873 16777215 0.595819
0.967109 0.785327 0.533894 15790577 0.998980
0.431724 0.227105 0.540225 16777215 0.493644
0.428662 0.787892 0.536596 13553614 0.757665
0.023071 0.443733 0.459264 15065313 0.215894
0.008474 0.481159 0.505277 10922151 0.000053
0.602177 0.792378 0.467518 12763328 0.666988
0.178322 0.484941 0.540059 16777215 0.008890
0.765884 0.577890 0.457666 16777215 0.092326
0.852421 0.791412 0.466286 12368570 0.983986
0.678440 0.784723 0.456448 15790578 0.271967
0.315680 0.539537 0.472887 16777215 0.011982
0.684099 0.529492 0.458614 16777215 0.232498
0.995192 0.383686 0.455290 16185083 0.999662
0.673502 0.790539 0.535580 10921637 0.923003
0.021382 0.750614 0.543142 16777215 0.167097
0.766837 0.787557 0.531515 14014168 0.259218
0.714478 0.570672 0.459060 16777215 0.130897
0.189620 0.437960 0.539753 16777215 0.000081
0.987814 0.649358 0.529118 16777215 0.126288
0.007868 0.771917 0.464059 8224636 0.995508
0.996563 0.779932 0.452581 14277076 0.998682
0.666668 0.204077 0.460064 5724250 0.986566
0.014470 0.423601 0.515963 16777215 0.002383
0.940271 0.785298 0.535387 16777215 0.360339
0.971265 0.741822 0.534387 16777215 0.016406
0.553676 0.221074 0.535459 16777215 0.953689
0.040136 0.503199 0.535086 16777215 0.002456
0.012429 0.623036 0.519754 16777215 0.708085
0.034656 0.274177 0.535227 16777215 0.550871
0.239619 0.203098 0.464882 7894901 0.224249
0.018529 0.756921 0.540308 16777215 0.043002
0.983746 0.266320 0.517647 16777215 0.588869
0.521144 0.217803 0.541238 16777215 0.995378
0.729970 0.203376 0.531194 8882050 0.009095
0.970762 0.597573 0.505290 16776441 0.000067
0.975587 0.259145 0.532707 16777215 0.091918
0.490138 0.215369 0.471619 6448741 0.000078
0.184257 0.547967 0.461412 16777215 0.001225
0.824598 0.456865 0.460051 16777215 0.199161
0.892961 0.781780 0.535981 16777215 0.000736
0.882548 0.216054 0.538556 16777215 0.999014
0.023094 0.508295 0.459908 15198181 0.802633
0.023787 0.664085 0.546372 16777215 0.740757
0.493909 0.209181 0.540902 1644567 0.999478
0.431848 0.219083 0.467119 16645629 0.670768
0.251029 0.572378 0.549499 16777215 0.914783
0.727386 0.422675 0.539415 16777215 0.412698
0.941091 0.788136 0.533544 10000281 0.957888
0.014081 0.366713 0.513210 16383227 0.010546
0.183157 0.448908 0.529400 16777215 0.018909
0.013638 0.651921 0.514127 11908277 0.163026
0.024315 0.256895 0.518135 16777215 0.818884
0.023751 0.264412 0.538015 16777215 0.058215
0.057899 0.405350 0.537091 16777215 0.000535
0.018007 0.717970 0.535617 16777215 0.008358
0.977689 0.577570 0.516122 16777215 0.000089
0.466492 0.781162 0.458060 16777215 0.004281
0.236550 0.214798 0.531900 16777215 0.985143
0.034235 0.397111 0.544391 16777215 0.386564
0.344381 0.778008 0.458954 16186103 0.000046
0.299611 0.564674 0.461233 16777215 0.028486
0.026316 0.543405 0.522572 16777215 0.992918
0.607130 0.788224 0.532738 10001304 0.919797
0.430938 0.206462 0.467359 6118494 0.420151
0.042051 0.622750 0.537837 16777215 0.000004
0.041973 0.375199 0.520421 16777215 0.000420
0.410293 0.792516 0.452011 16777215 0.924526
0.238658 0.576989 0.460193 16777215 0.032672
0.017584 0.676260 0.517875 13487566 0.213706
0.779701 0.427971 0.539690 16777215 0.033652
0.863798 0.222779 0.534232 5723734 0.903167
0.435102 0.787409 0.461015 11580080 0.352237
0.341348 0.785007 0.531112 16777215 0.000018
0.373133 0.208115 0.534198 7763318 0.937786
0.617963 0.206876 0.531196 8158330 0.127667
0.003413 0.328577 0.452347 16448247 0.999886
0.950680 0.785501 0.535697 16776444 0.999954
0.246951 0.791972 0.538442 15066594 0.990153
0.224169 0.576383 0.461199 16777215 0.018284
0.013987 0.530860 0.537937 16777215 0.163183
0.811393 0.444151 0.541218 16777215 0.060152
0.528535 0.784927 0.539710 16777215 0.654464
0.031650 0.453244 0.537860 16777215 0.061592
0.254975 0.779650 0.534310 16777215 0.000701
0.972823 0.365250 0.521218 16777215 0.087073
0.527599 0.222401 0.458877 16777215 0.000092
0.964965 0.489890 0.536310 16777215 0.000034
0.985046 0.408441 0.466590 16777215 0.000906
0.126725 0.802284 0.460360 11514032 0.987895
0.985077 0.423704 0.467419 16449023 0.000291
0.383947 0.783502 0.533587 16777215 0.040978
0.273934 0.785219 0.456779 14606302 0.987923
0.326749 0.206456 0.543930 16777215 0.999810
0.035534 0.482254 0.530829 16777215 0.006535
0.025777 0.471901 0.540301 16777215 0.864275
0.163592 0.212314 0.459642 15921649 0.999952
0.739920 0.789617 0.538938 12763329 0.996469
0.634531 0.215180 0.533200 16777215 0.998708
0.298694 0.216153 0.456475 13553103 0.999981
0.013997 0.532598 0.518927 11513774 0.000065
0.977935 0.635848 0.545052 16777215 0.378014
0.105609 0.206383 0.460238 11316138 0.999758
0.315746 0.777416 0.534167 16777215 0.000057
0.480878 0.784251 0.539006 16250872 0.999896
0.781361 0.203051 0.539461 5328976 0.999582
0.709900 0.787085 0.536188 15921905 0.999970
0.191643 0.790545 0.462011 15856632 0.998598
0.691801 0.206223 0.536310 6118749 0.999339
0.955643 0.372219 0.529370 16777215 0.001386
0.961184 0.590156 0.528750 16777215 0.156739
0.964935 0.427181 0.538029 16777215 0.988310
0.676322 0.208994 0.462906 15001831 0.999946
0.963912 0.510162 0.544848 16777215 0.394009
0.983613 0.516640 0.535020 16777215 0.035856
0.361719 0.790404 0.532749 11447469 0.999633
0.599243 0.780538 0.542736 16777215 0.839573
0.647223 0.787086 0.536927 16777215 0.962434
0.571375 0.209636 0.532757 2236704 0.997771
0.231257 0.203286 0.537724 7895928 0.993663
0.971088 0.418029 0.533734 16777215 0.062553
0.591493 0.780567 0.538838 16777215 0.996746
0.828033 0.206127 0.453295 13092807 0.999998
0.988108 0.490863 0.533750 16777215 0.069291
0.366141 0.208159 0.536036 16777215 0.999300
0.007468 0.349216 0.462857 7893616 0.885927
0.073076 0.207568 0.458862 11645872 0.999900
0.965237 0.357380 0.532216 16777215 0.564837
0.973762 0.449718 0.538215 16777215 0.028070
0.241116 0.788788 0.457153 13948373 0.992724
0.545447 0.204679 0.465463 11447982 0.999639
0.406679 0.783746 0.535661 16777215 0.975331
0.138392 0.210834 0.451248 16777215 0.999879
0.311719 0.206967 0.458318 13422029 0.999755
0.509678 0.212264 0.462978 8026230 0.998914
0.959975 0.558555 0.540958 16777215 0.543666
0.011918 0.563223 0.515312 13685199 0.998505
0.523178 0.213920 0.463807 13486794 0.999508
0.864026 0.203628 0.457831 7435381 0.936616
0.971784 0.588818 0.534508 16777215 0.000512
0.986424 0.479171 0.528054 16777215 0.871198
0.569051 0.210648 0.464128 14079187 0.999995
0.690679 0.212681 0.463940 12171451 1.000000
0.985274 0.549007 0.529382 16777215 0.079276
0.181423 0.214668 0.465817 14474204 0.976250
0.979090 0.370660 0.477263 16381439 0.000000
0.529623 0.212189 0.539007 8816005 0.971104
0.307376 0.786251 0.528765 14013651 0.633736
0.580506 0.791396 0.538743 11316396 0.973185
0.955236 0.639016 0.536005 16777215 0.005087
0.005352 0.426670 0.520418 14342874 0.993455
0.811531 0.218372 0.451966 14475489 0.999993
0.272040 0.208198 0.464431 14539996 0.999631
0.995911 0.581625 0.451922 15724528 0.996728
0.254003 0.787239 0.536857 16777215 0.000020
0.009721 0.665187 0.456645 13421259 0.999701
0.798748 0.205009 0.453018 13881811 1.000000
0.699533 0.207244 0.463976 3486514 0.996302
0.406402 0.209594 0.462560 11842740 0.999255
0.730842 0.795079 0.455095 11118760 0.982311
0.452968 0.787956 0.538743 15067110 0.999990
0.238153 0.788263 0.536730 13290187 0.999376
0.148056 0.204143 0.460609 12368829 0.999998
0.465312 0.798611 0.454227 11447725 0.998297
0.491537 0.213906 0.461265 10790052 0.999008
0.588492 0.220137 0.461139 12434621 0.999990
0.011864 0.485744 0.465458 14538972 0.999957
0.659287 0.213911 0.464240 11645361 0.999999
0.001515 0.555556 0.455810 7499889 0.999974
0.647716 0.212385 0.458656 12501182 0.999998
0.538399 0.211293 0.461425 12566719 0.999933
0.795359 0.207718 0.462428 15526892 0.993584
0.982488 0.680573 0.524394 16777215 0.066752
0.396235 0.790007 0.533747 8552834 0.871068
0.406480 0.786264 0.456196 16710906 0.004789
0.564290 0.796610 0.543909 13027014 0.992682
0.976915 0.556297 0.533656 16777215 0.006042
0.262777 0.205286 0.535995 6974829 0.000485
0.173136 0.212860 0.462873 14211545 0.999187
0.203504 0.783896 0.534367 16777215 0.000017
0.857010 0.209582 0.459669 9803155 0.999999
0.751899 0.207302 0.463568 5065804 0.994177
0.320090 0.210286 0.461802 10131866 0.999016
0.702932 0.801024 0.454121 8882055 0.993203
0.478707 0.790962 0.535357 16777212 0.999990
0.866459 0.202570 0.452137 3684406 0.985318
0.321871 0.792050 0.548082 14211287 0.999629
0.248721 0.204258 0.454922 13356491 0.999999
0.294152 0.205325 0.461235 6843243 0.999743
0.539521 0.799894 0.457832 10790820 0.997615
0.004810 0.509931 0.463426 13487563 0.997320
0.458944 0.212659 0.458638 12500668 0.999793
0.006466 0.632319 0.458522 13882061 0.999879
0.563430 0.212922 0.463494 12500670 0.999992
0.003270 0.523518 0.464883 13094092 0.999986
0.533096 0.206688 0.464442 12237241 0.999998
0.674198 0.220035 0.462106 15395819 0.993598
0.036124 0.356563 0.536956 16777215 0.564502
0.990722 0.204089 0.475368 5725015 0.995853
0.006756 0.790319 0.512576 12171704 0.989481
0.969100 0.221714 0.536339 16514556 0.992404
0.017514 0.206847 0.455177 12699074 0.995132
0.010283 0.652104 0.464880 14211029 0.998182
0.990446 0.726500 0.513605 16777215 0.006212
0.114252 0.206592 0.530281 7567223 0.923145
0.870290 0.211930 0.540397 16777215 0.938079
0.833218 0.219800 0.541058 16777215 0.977859
0.856965 0.796986 0.542430 10198172 0.975930
0.736470 0.220173 0.529394 16777215 0.991396
0.830845 0.792519 0.533564 11052967 0.001797
0.982529 0.788834 0.532377 13355211 0.993602
0.011773 0.674965 0.515611 16777215 0.864289
0.210402 0.211277 0.461330 16250356 0.978600
0.150399 0.795434 0.534492 12368831 0.964612
0.974172 0.276113 0.525765 16777215 0.066197
0.992097 0.226738 0.452140 15987700 0.996478
0.767945 0.219644 0.542799 16777215 0.996901
0.912113 0.795137 0.542483 12302773 0.994087
0.306751 0.791838 0.534980 12829890 0.000107
0.012373 0.474089 0.469055 10856362 0.056821
0.517247 0.211856 0.536277 3289907 0.873767
0.713632 0.557540 0.527651 16777215 0.087750
0.037299 0.304682 0.542476 16777215 0.000182
0.976229 0.795376 0.459970 10723744 0.995240
0.961749 0.212758 0.535657 16777215 0.995407
0.659344 0.204305 0.469176 8157565 0.012345
0.988801 0.510622 0.513837 16580346 0.000018
0.201529 0.791525 0.456151 16777215 0.448233
0.989047 0.675625 0.515981 16777215 0.000038
0.015599 0.502947 0.520487 15987697 0.657297
0.949578 0.775987 0.534283 16777215 0.863899
0.973050 0.706809 0.534603 16777215 0.605829
0.021198 0.437879 0.458401 15854836 0.152736
0.017401 0.490392 0.511091 12435906 0.000234
0.702105 0.438052 0.540313 16777215 0.148523
0.763737 0.583466 0.451364 16777215 0.109922
0.847597 0.796086 0.457844 11052966 0.996700
0.430776 0.226307 0.460991 16777215 0.097918
0.154538 0.213150 0.463451 11645616 0.983628
0.095273 0.209369 0.458540 8948102 0.998503
0.023924 0.210650 0.528235 11908015 0.975959
0.988644 0.692991 0.462382 16777215 0.048400
0.690949 0.785100 0.529752 9342095 0.943512
0.012782 0.719366 0.536616 16777215 0.252254
0.791056 0.785949 0.537310 14145752 0.619276
0.724051 0.577733 0.442414 16777215 0.191064
0.984718 0.629026 0.525019 16777215 0.183344
0.671972 0.482997 0.468376 16777215 0.069532
0.959835 0.700317 0.539807 16777215 0.000142
0.690114 0.206832 0.463655 7171436 0.985414
0.015069 0.418235 0.520818 16777215 0.002684
0.990577 0.429264 0.521776 15791091 0.000674
0.950422 0.793102 0.542891 16777215 0.684961
0.971070 0.763875 0.528363 16777215 0.028650
0.547661 0.231398 0.542850 16777215 0.960330
0.039009 0.499893 0.536014 16777215 0.005599
0.013127 0.647648 0.523219 16777215 0.826984
0.699203 0.779926 0.532021 16777215 0.964444
0.026052 0.302981 0.538494 16777215 0.655687
0.909012 0.790348 0.454221 15264491 0.912085
0.525644 0.784205 0.539996 16777215 0.001344
0.238150 0.204935 0.467538 8289663 0.398746
0.676421 0.223742 0.537164 16777215 0.959848
0.964625 0.410278 0.535855 16777215 0.034974
0.241359 0.429102 0.538250 16777215 0.926418
0.016683 0.765070 0.538930 16777215 0.165662
0.050547 0.208688 0.459925 16776445 0.994724
0.989405 0.237781 0.527201 16777215 0.443128
0.119300 0.790024 0.537347 16777215 0.982150
0.738515 0.208176 0.527280 7237230 0.040490
0.198326 0.425177 0.450075 16777215 0.002479
0.284122 0.431810 0.548969 16777215 0.798965
0.977893 0.268005 0.531308 16777215 0.091500
0.018603 0.481487 0.527692 16777215 0.121868
0.470900 0.208440 0.468224 6315613 0.000052
0.734969 0.212070 0.531813 8158333 0.000172
0.817305 0.466349 0.456265 16777215 0.134230
0.311467 0.450009 0.546206 16777215 0.932292
0.964844 0.259530 0.541070 16777215 0.378232
0.024897 0.512595 0.540222 16777215 0.792480
0.257287 0.568484 0.545464 16777215 0.786818
0.728279 0.420061 0.535267 16777215 0.696633
0.722763 0.572333 0.544956 16777215 0.180739
0.963815 0.332295 0.540226 16777215 0.800232
0.308882 0.219082 0.530518 16777215 0.996941
0.004778 0.247201 0.523715 15790321 0.936233
0.815736 0.205062 0.467394 6645094 0.555493
0.986040 0.596287 0.465868 16777215 0.000065
0.751798 0.224643 0.542659 16777215 0.592546
0.020029 0.244122 0.535257 16777215 0.073773
0.349922 0.206274 0.451502 16777213 0.966807
0.464815 0.781353 0.458976 16250360 0.004141
0.253917 0.221694 0.538546 16777215 0.994175
0.029552 0.414748 0.546135 16777215 0.349344
0.264009 0.418700 0.459810 16777215 0.014236
0.361366 0.795508 0.455432 12829635 0.986964
0.299960 0.562938 0.458357 16777215 0.017751
0.614886 0.796390 0.543236 11250346 0.990209
0.420490 0.202235 0.461972 6052701 0.598814
0.039741 0.589860 0.534627 16777215 0.000017
0.407870 0.796120 0.454161 15987187 0.916413
0.989640 0.386512 0.533439 16777215 0.412825
0.817100 0.206464 0.536685 6908780 0.013573
0.232754 0.572145 0.487311 16777215 0.050118
0.011626 0.679734 0.519068 12369341 0.231408
0.029081 0.436470 0.539481 16777215 0.457206
0.460037 0.212986 0.541171 16777215 0.996490
0.018171 0.364079 0.538970 16777215 0.051789
0.006485 0.373827 0.509358 11316650 0.348597
0.794608 0.799174 0.459942 10460830 0.997163
0.370577 0.785183 0.535678 16777215 0.000008
0.377259 0.208495 0.537838 8092540 0.965667
0.566209 0.792107 0.455309 16777215 0.982300
0.625764 0.211005 0.529942 8684675 0.374433
0.033537 0.409020 0.538458 16777215 0.000035
0.956216 0.786149 0.537598 15198439 0.999961
0.995952 0.596463 0.454889 16118258 0.999209
0.268846 0.798002 0.546718 13750737 0.999414
0.040509 0.561915 0.538910 16777215 0.314877
0.706147 0.211173 0.461304 9869461 0.999972
0.227181 0.573070 0.458873 16777215 0.019557
0.016752 0.526592 0.515737 16777215 0.383865
0.817832 0.454627 0.550881 16777215 0.141999
0.598483 0.787997 0.543475 16777215 0.870911
0.030779 0.415223 0.541230 16777215 0.193274
0.007147 0.295664 0.512866 14737887 0.915370
0.257970 0.785035 0.541351 16777215 0.003768
0.996022 0.651441 0.453100 16119543 0.999011
0.026681 0.557308 0.535502 16777215 0.986065
0.987431 0.432267 0.464154 16777215 0.000984
0.985763 0.448270 0.464169 16777215 0.000304
0.409124 0.788794 0.538794 16777215 0.072082
0.524657 0.200623 0.456495 2960683 0.995826
0.791701 0.787204 0.545212 16777215 0.999378
0.378765 0.793295 0.459755 13619665 0.986951
0.007078 0.622710 0.455516 16449276 0.999480
0.334346 0.218289 0.539204 16777215 0.999827
0.357952 0.795147 0.538503 11974584 0.999428
0.189235 0.787586 0.547704 16777215 0.955858
0.031513 0.500280 0.536891 16777215 0.013714
0.211461 0.206765 0.453028 14408924 0.999970
0.733827 0.793932 0.540123 12303291 0.998428
0.364326 0.216912 0.542761 16777215 0.999756
0.755195 0.208804 0.532078 6513507 0.939353
0.472356 0.219283 0.544215 16777215 0.999077
0.283747 0.212695 0.460136 12698049 0.999964
0.233749 0.783400 0.453876 15593199 0.742750
0.249389 0.205887 0.461802 8816519 0.998377
0.341267 0.207315 0.532354 7697781 0.994996
0.973982 0.601992 0.535233 16777215 0.434188
0.994270 0.589120 0.459562 16055032 0.921779
0.155477 0.204178 0.462799 12237757 0.999894
0.329275 0.781926 0.539714 16777215 0.000360
0.481106 0.789439 0.540680 16383483 0.999955
0.739111 0.786302 0.535883 16777215 0.999982
0.526745 0.792376 0.461652 15593716 0.989132
0.293870 0.795974 0.537920 13487309 0.989877
0.671808 0.787557 0.455412 14671838 0.997178
0.983344 0.398694 0.459539 15197918 0.999829
0.921750 0.206940 0.459195 12567234 0.999998
0.069054 0.794544 0.539578 16777215 0.999596
0.590955 0.205177 0.452091 16776959 0.999494
0.183158 0.797096 0.462271 12698563 0.954045
0.994820 0.610684 0.453086 14606303 0.990307
0.578575 0.218546 0.535200 16185335 0.999979
0.986141 0.483485 0.454520 15989488 0.999780
0.409416 0.200207 0.455619 5657681 0.987778
0.995303 0.429328 0.463493 16711679 0.995987
0.712733 0.206572 0.529319 3618360 0.999789
0.963416 0.378788 0.534006 16777215 0.001991
0.762641 0.211192 0.533928 15066854 0.999957
0.967840 0.425706 0.537815 16777215 0.990370
0.223252 0.790974 0.466206 13553101 0.990131
0.330084 0.207809 0.462058 12302520 0.999521
0.976463 0.537636 0.535168 16777215 0.020690
0.964644 0.539816 0.530628 16777215 0.217515
0.664492 0.782664 0.541197 16777215 0.978731
0.400906 0.218691 0.540085 16711677 0.999957
0.278102 0.205241 0.529180 7237744 0.996376
0.458666 0.210562 0.456699 16119543 0.999374
0.287782 0.780897 0.535637 16777215 0.977780
0.384570 0.212183 0.458412 12567234 0.999552
0.972038 0.396850 0.534222 16777215 0.056715
0.982964 0.491903 0.525082 16777215 0.093066
0.330033 0.223073 0.544874 16777215 0.999524
0.989693 0.477902 0.460987 15725045 0.999967
0.117655 0.209537 0.460217 14277593 0.999942
0.875084 0.212436 0.458257 15856883 0.999842
0.965256 0.337109 0.533727 16777215 0.512608
0.719193 0.217040 0.540782 16777215 0.999975
0.577987 0.220735 0.541885 15395305 0.999996
0.148678 0.212374 0.541369 11119017 0.997344
0.972572 0.451440 0.535926 16777215 0.041747
0.428061 0.785449 0.542806 16777215 0.994705
0.990320 0.382967 0.515123 16777215 0.000000
0.522014 0.798865 0.465723 11381162 0.932416
0.636592 0.220872 0.537818 7236964 0.987077
0.527790 0.211358 0.455404 13553614 0.999830
0.017361 0.586346 0.513451 15856370 0.997726
0.741087 0.209665 0.458261 13224136 0.999985
0.855524 0.203861 0.457282 2039071 1.000000
0.967919 0.472297 0.532779 16777215 0.547199
0.724574 0.206465 0.536339 3948606 0.999899
0.032666 0.377489 0.548132 16777215 0.394422
0.009133 0.528327 0.460904 14541023 0.999926
0.513589 0.788781 0.536018 12040120 0.973326
0.442765 0.206112 0.535447 6382179 0.948874
0.993128 0.356471 0.459511 16382457 0.999618
0.450469 0.212324 0.538371 0 0.999467
0.820834 0.791084 0.537237 16777215 0.985536
0.443910 0.211044 0.460061 16777215 0.862024
0.782397 0.791193 0.456719 15592686 0.970140
0.359920 0.217361 0.539497 7566709 0.001720
0.328279 0.217302 0.531480 9210764 0.000003
0.307537 0.793407 0.455357 16777215 0.979385
0.375823 0.213347 0.461327 16579836 0.736195
0.410997 0.782019 0.541383 16777215 0.995253
0.007420 0.355956 0.458922 12634309 0.999866
0.365571 0.211871 0.461443 10921895 0.999988
0.183612 0.788443 0.538511 16777215 0.999913
0.407697 0.207990 0.460399 11646131 0.993219
0.992451 0.590371 0.463406 15396331 0.998447
0.387582 0.209808 0.458615 11118248 0.999906
0.267106 0.207623 0.459600 7237228 0.999774
0.680430 0.211445 0.455310 14145752 0.999949
0.742733 0.215770 0.467485 7368559 0.999996
0.863615 0.204608 0.457861 8817034 0.999992
0.011328 0.529760 0.465451 12960967 0.999956
0.840643 0.211177 0.455731 13685459 0.999996
0.013472 0.682395 0.456896 16777215 0.367175
0.963179 0.658633 0.541196 16777215 0.239662
0.612696 0.788702 0.537126 13552845 0.969756
0.355760 0.211746 0.536504 8223869 0.910010
0.287637 0.215309 0.539370 16777215 0.970116
0.858665 0.787390 0.537802 16777215 0.978235
0.491746 0.207856 0.458168 16777215 0.919753
0.845415 0.795712 0.463433 11448238 0.956845
0.450420 0.214408 0.536577 6777451 0.002081
0.327483 0.204160 0.527626 7237488 0.000005
0.342475 0.792718 0.455464 14013652 0.994597
0.391825 0.208303 0.460737 16777215 0.724230
0.834814 0.789730 0.467963 10330015 0.989314
0.463260 0.773919 0.538231 16777215 0.992132
0.008793 0.456601 0.458793 12501956 0.999895
0.717290 0.209194 0.454801 12040631 0.999975
0.277126 0.209349 0.462712 13092808 0.999987
0.141600 0.788426 0.536855 16777215 0.999952
0.431160 0.204566 0.461556 13750738 0.996900
0.429620 0.201846 0.467214 11382443 0.999932
0.147289 0.788079 0.456304 13554385 0.970604
0.332277 0.205534 0.460079 8882311 0.999814
0.991913 0.648644 0.463138 15329514 0.983571
0.871841 0.211189 0.459526 13092550 0.999980
0.011734 0.574372 0.453471 15526121 0.997342
0.570829 0.219977 0.469625 13289674 0.999995
0.707761 0.212903 0.459400 11184811 0.999999
0.002963 0.796781 0.463793 11579567 0.997438
0.962741 0.257906 0.541122 16777215 0.023969
0.973279 0.270545 0.543260 16777215 0.901337
0.003880 0.796251 0.484324 12698305 0.995705
0.979097 0.209450 0.535533 16777215 0.983815
0.994010 0.697362 0.462322 15460327 0.996616
0.985646 0.704990 0.520807 16777215 0.020623
0.852306 0.212464 0.535986 16777215 0.971484
0.010103 0.737087 0.521733 11777203 0.400150
0.991531 0.246669 0.514766 16777215 0.000153
0.005644 0.643937 0.457060 9542551 0.990132
0.892350 0.787310 0.538930 16777215 0.990448
0.860855 0.790728 0.535866 9672345 0.934938
0.742567 0.213207 0.536815 16777215 0.991884
0.990210 0.759926 0.456045 16381944 0.639077
0.977962 0.786192 0.526932 15264232 0.994698
0.011051 0.666110 0.522146 16777215 0.773525
0.210075 0.213458 0.461950 15396072 0.977445
0.014728 0.717568 0.523702 16777215 0.836645
0.170608 0.789980 0.535245 11514030 0.962525
0.980684 0.264384 0.535301 16777215 0.027246
0.986139 0.305915 0.521678 16777215 0.504953
0.990890 0.247033 0.454970 16579578 0.991380
0.011175 0.286344 0.515882 12698305 0.004145
0.010657 0.449002 0.516997 10921892 0.000203
0.007661 0.448829 0.469191 10921122 0.057630
0.271423 0.793330 0.531204 13355722 0.960149
0.519118 0.796213 0.453690 16777215 0.873782
0.141757 0.789928 0.455968 16580351 0.007724
0.722266 0.550483 0.525368 16777215 0.097814
0.043918 0.286323 0.537433 16777215 0.000058
0.988990 0.285761 0.458537 15725039 0.999687
0.675236 0.213707 0.536645 16777215 0.989999
0.954241 0.217597 0.543413 16777215 0.996829
0.010746 0.583000 0.514782 11447981 0.081508
0.991829 0.517536 0.510756 16777215 0.000015
0.075926 0.211643 0.535299 15067368 0.987372
0.989672 0.647610 0.514126 16513787 0.000065
0.988742 0.374272 0.514157 16777215 0.000050
0.014642 0.501316 0.521518 16777215 0.605412
0.952083 0.773235 0.534226 16777215 0.797881
0.981356 0.735009 0.540436 16777215 0.655603
0.983751 0.456360 0.511562 16382455 0.000012
0.425386 0.787030 0.536032 13090500 0.788366
0.015900 0.469427 0.515966 12633026 0.000102
0.761766 0.574114 0.455061 16777215 0.113828
0.277480 0.575937 0.455211 16777215 0.000000
0.983285 0.221776 0.523179 9606293 0.998462
0.984012 0.682842 0.463284 16645886 0.082821
0.694732 0.780287 0.528640 11250602 0.939243
0.505176 0.212083 0.473167 9737362 0.992193
0.027889 0.736042 0.536752 16777215 0.216614
0.763447 0.790739 0.534220 10461343 0.615350
0.161149 0.209994 0.533966 16777215 0.997625
0.713830 0.571754 0.455140 16777215 0.163291
0.326616 0.518321 0.545384 16777215 0.741095
0.195402 0.443768 0.543257 16777215 0.000138
0.987228 0.609280 0.519407 16777215 0.181554
0.967370 0.716026 0.538739 16777215 0.000127
0.036063 0.788158 0.540240 16777215 0.986501
0.015874 0.433391 0.524252 15461611 0.002281
0.015084 0.381635 0.454695 15988212 0.822030
0.979121 0.750268 0.537982 16777215 0.041311
0.573847 0.211721 0.536004 16777215 0.959276
0.044771 0.504479 0.535960 16777215 0.005502
0.013955 0.628875 0.522237 16777215 0.750908
0.690607 0.535182 0.529130 16777215 0.068978
0.307955 0.547907 0.538164 16777215 0.912919
0.718548 0.782688 0.537668 16777215 0.971838
0.035203 0.279658 0.534407 16777215 0.605756
0.915104 0.211697 0.535796 4276544 0.987938
0.205819 0.210798 0.467246 9079436 0.411169
0.008769 0.706753 0.455528 14804455 0.986304
0.993622 0.530305 0.508145 16777215 0.000018
0.704272 0.214326 0.536293 16777215 0.926762
0.960828 0.413113 0.540052 16777215 0.047868
0.251382 0.426589 0.541096 16777215 0.901973
0.326071 0.474599 0.542079 16777215 0.872031
0.031022 0.762049 0.529090 16777215 0.140221
0.037083 0.209532 0.460450 14803166 0.994026
0.987383 0.250875 0.527265 16777215 0.452498
0.531738 0.214511 0.528957 16777215 0.996340
0.734791 0.208075 0.530249 7302767 0.050905
0.197855 0.431521 0.456807 16777215 0.003836
0.281491 0.428746 0.544144 16777215 0.839184
0.520059 0.781025 0.538338 16777215 0.419662
0.979743 0.264742 0.537403 16777215 0.071913
0.184608 0.545546 0.462584 16777215 0.001236
0.961929 0.748531 0.539180 16777215 0.007069
0.215227 0.574165 0.461852 16777215 0.000000
0.231408 0.575763 0.547841 16777215 0.579284
0.968636 0.257534 0.543822 16777215 0.319499
0.919527 0.216099 0.540862 16777215 0.998729
0.069305 0.796953 0.454427 14935268 0.981414
0.468334 0.216899 0.466027 16777215 0.738674
0.464100 0.222676 0.540631 8027002 0.003103
0.361235 0.769851 0.531297 16777215 0.000072
0.732153 0.423975 0.542308 16777215 0.565468
0.736128 0.566574 0.538515 16777215 0.248273
0.948343 0.791713 0.534080 10263452 0.978284
0.013973 0.349450 0.517411 16382201 0.017121
0.011849 0.657804 0.513800 11053481 0.118729
0.011193 0.274378 0.522140 16316664 0.699969
0.809805 0.204725 0.459125 7434865 0.635097
0.779909 0.215733 0.536109 16777215 0.413503
0.026662 0.261495 0.534420 16777215 0.079254
0.290183 0.211701 0.457925 16777215 0.955334
0.959446 0.212978 0.535573 4342595 0.973209
0.117564 0.208023 0.522974 9605774 0.000055
0.986863 0.552442 0.510886 16777215 0.000146
0.473310 0.785316 0.455539 16777215 0.014126
0.898846 0.792350 0.466667 13224133 0.927266
0.234280 0.210516 0.537412 16777215 0.993976
0.244692 0.415696 0.466914 16777215 0.010514
0.392849 0.793952 0.458815 15263202 0.985900
0.583824 0.790002 0.536554 10921894 0.943887
0.038425 0.612170 0.538082 16777215 0.000012
0.989381 0.379947 0.523148 16777215 0.353408
0.012583 0.556989 0.454106 16777215 0.735300
0.966785 0.668994 0.536758 16777215 0.000837
0.258266 0.576474 0.456484 16777215 0.036426
0.013003 0.677517 0.517517 12894399 0.176367
0.776602 0.426717 0.541953 16777215 0.143027
0.987124 0.779423 0.457262 13618381 0.988643
0.949674 0.216898 0.541972 16777215 0.998460
0.860083 0.206068 0.536170 2171426 0.936751
0.437658 0.798507 0.458860 11842482 0.395984
0.377260 0.782306 0.538585 16777215 0.000006
0.530215 0.212970 0.537249 16777215 0.996393
0.615552 0.206457 0.531175 7105901 0.356608
0.035802 0.423236 0.537998 16777215 0.000019
0.946973 0.787473 0.535717 16777215 0.999924
0.010446 0.324763 0.463296 14934497 0.999872
0.995251 0.375985 0.453096 16777215 0.982087
0.224970 0.574870 0.460454 16777215 0.011683
0.015293 0.511631 0.522824 16777215 0.219604
0.809963 0.445066 0.541604 16777215 0.099719
0.298437 0.205921 0.466008 8222840 0.280749
0.248625 0.782056 0.539511 16777215 0.002291
0.424989 0.212858 0.466246 16777215 0.506472
0.012409 0.759481 0.518217 16513783 0.914240
0.022705 0.596617 0.544427 16776959 0.983597
0.985223 0.429796 0.465027 16711677 0.002056
0.993521 0.342302 0.454809 16514042 0.999962
0.399789 0.785187 0.538048 16777215 0.290085
0.407451 0.212656 0.529676 16777215 0.999908
0.006724 0.460370 0.455452 16777215 0.935688
0.006359 0.588259 0.455677 10198427 0.999511
0.351203 0.209489 0.531281 16777215 0.999796
0.793795 0.210928 0.451832 15066342 0.986234
0.664735 0.790727 0.459919 16777215 0.976227
0.386827 0.789024 0.537832 13882838 0.998825
0.194912 0.210744 0.534950 16777215 0.998938
0.166251 0.208154 0.457353 15066340 0.999952
0.502858 0.214699 0.537282 16777215 0.998648
0.012064 0.318030 0.518339 16777215 0.981519
0.854620 0.781840 0.539137 16777215 0.996614
0.951836 0.332328 0.540656 16777215 0.000307
0.818604 0.791222 0.461383 15659248 0.985784
0.308309 0.780152 0.537040 16777215 0.000107
0.505076 0.790990 0.540015 16777215 0.999975
0.990957 0.498090 0.460263 15198699 0.998518
0.034314 0.506867 0.526165 16777215 0.908934
0.007898 0.730734 0.460054 11185322 0.999877
0.988836 0.334915 0.458337 16710391 0.989339
0.717577 0.789366 0.538968 15330283 0.999963
0.991504 0.738559 0.460010 14868449 0.999403
0.519591 0.800423 0.462510 11973298 0.991324
0.265407 0.786299 0.457594 16054006 0.994501
0.896203 0.212109 0.463104 10724258 0.999999
0.991144 0.592564 0.457493 14934242 0.995721
0.567505 0.211162 0.536008 16777215 0.999982
0.995127 0.461236 0.452960 14933981 0.999899
0.004873 0.346227 0.455817 15658734 0.996037
0.705079 0.204654 0.534771 6118493 0.999539
0.007190 0.497333 0.458053 13750994 0.999896
0.961477 0.364707 0.539430 16777215 0.001394
0.965006 0.544630 0.537895 16777215 0.157375
0.204194 0.788602 0.457664 12500669 0.996445
0.277365 0.218077 0.470522 12040116 0.999750
0.971633 0.489072 0.541428 16777215 0.484621
0.980386 0.513619 0.531422 16777215 0.038839
0.619580 0.784704 0.541304 16777215 0.804080
0.658748 0.784589 0.537516 16777215 0.961058
0.456629 0.210219 0.539134 16777215 0.999997
0.221675 0.213351 0.475196 12106425 0.999986
0.470123 0.783604 0.535373 16777215 0.999400
0.261890 0.207893 0.532137 6381665 0.997443
0.515865 0.210753 0.460428 13815500 0.999584
0.320997 0.785903 0.542872 16777215 0.975360
0.011761 0.342781 0.459865 14671585 0.996402
0.973855 0.389472 0.538207 16777215 0.076814
0.598900 0.784138 0.540898 16777215 0.995672
0.981969 0.479438 0.529188 16777215 0.099977
0.582135 0.206382 0.468214 5527122 0.486632
0.964523 0.334019 0.539842 16777215 0.467360
0.970247 0.440819 0.538201 16777215 0.039529
0.284750 0.792091 0.467977 11777458 0.992056
0.415321 0.784026 0.538979 16777215 0.972201
0.156694 0.207645 0.453355 13356236 0.999917
0.143163 0.213514 0.466441 14539994 0.999896
0.994492 0.399035 0.511777 16777215 0.000000
0.145653 0.210493 0.467488 13816786 0.999953
0.507023 0.210559 0.460872 9145741 0.999291
0.963244 0.561308 0.538182 16777215 0.519416
0.989835 0.485279 0.464618 15461357 0.999021
0.016484 0.574503 0.520229 16316919 0.994979
0.628570 0.209604 0.467087 13421770 0.999847
0.826491 0.786504 0.535855 16777215 0.924110
0.582277 0.212359 0.457782 14014421 0.999994
0.763092 0.205559 0.526761 1774617 0.952570
0.043276 0.348099 0.522394 16777215 0.489571
0.593788 0.784435 0.529460 12831172 0.939706
0.042086 0.409295 0.530739 16777215 0.000027
0.227699 0.786809 0.532022 13553358 0.996361
0.662666 0.212660 0.461295 11646130 0.999997
0.843673 0.205277 0.464704 11449265 0.999993
0.418688 0.778597 0.531512 16777215 0.991693
0.751829 0.208261 0.466328 9934487 0.999995
0.865456 0.775980 0.522247 16777215 0.968108
0.787348 0.209346 0.462747 11119273 0.999996
0.802115 0.780055 0.454648 12698307 0.995029
0.215430 0.786537 0.538037 16777215 0.995421
0.297850 0.207992 0.532218 5724249 0.976873
0.170359 0.791985 0.540114 15724783 0.993446
0.013398 0.545750 0.459340 16053750 0.974242
0.231387 0.205218 0.540548 16777215 0.997712
0.989083 0.466462 0.470440 15987443 0.000565
0.097744 0.787321 0.539946 16777215 0.781848
0.185298 0.210870 0.524343 16777215 0.999570
0.677776 0.788360 0.534182 11381932 0.997805
0.375175 0.219416 0.543305 16777215 0.999932
0.988569 0.384453 0.463948 16777214 0.193901
0.366402 0.793299 0.458658 16777215 0.880779
0.670655 0.797546 0.462559 10724513 0.995072
0.463422 0.202943 0.534225 7500404 0.099593
0.006879 0.614585 0.462149 7041135 0.867435
0.621992 0.205390 0.458452 9803157 0.999993
0.506253 0.207110 0.466609 9737620 0.999989
0.410444 0.210343 0.464864 10855847 0.999346
0.364129 0.209528 0.542368 16777215 0.999983
0.487790 0.206070 0.470771 12566462 0.999972
0.385073 0.207355 0.456664 12698050 0.999672
0.009478 0.470020 0.455061 15921650 0.999937
0.584793 0.205768 0.462625 13816786 0.999472
0.009476 0.436583 0.462602 16777215 0.306843
0.157889 0.210506 0.465776 13553873 0.975680
0.175767 0.788125 0.534663 16777215 0.995395
0.351939 0.208168 0.533022 5790294 0.973555
0.326179 0.210763 0.469776 16777215 0.598708
0.305011 0.789060 0.540059 12303292 0.994086
0.341191 0.212546 0.539543 16777215 0.991656
0.987344 0.433712 0.463505 16776959 0.000407
0.012684 0.380451 0.459854 13092036 0.999658
0.187792 0.787254 0.539114 16777215 0.919305
0.133319 0.206498 0.537660 16777215 0.999788
0.763622 0.791413 0.535849 11776946 0.998637
0.384437 0.209059 0.535715 16777215 0.999891
0.297378 0.209289 0.462797 14211032 0.999974
0.353133 0.208376 0.465133 8947591 0.999476
0.985941 0.408696 0.462998 16513532 0.257492
0.526153 0.207438 0.539698 7237487 0.055455
0.625941 0.208119 0.466510 9803157 0.999992
0.398435 0.211939 0.524675 15658475 0.999960
0.397555 0.220097 0.462387 12171961 0.999974
0.317901 0.208357 0.463364 11381676 0.999765
0.007410 0.314401 0.453363 12566720 0.999940
0.585103 0.224821 0.453637 13816786 0.999555
0.749256 0.209128 0.452086 16514044 0.999476
0.735620 0.207943 0.461294 11316906 0.999997
0.701771 0.202393 0.459392 1710358 0.999780
0.995269 0.794503 0.489597 14078418 0.810643
0.038668 0.335609 0.540977 16777215 0.531272
0.006867 0.208444 0.471319 9474958 0.884235
0.973768 0.280596 0.538826 16777215 0.894770
0.027965 0.214838 0.495979 9015692 0.987405
0.003112 0.230945 0.454989 10461344 0.972052
0.981145 0.212375 0.536536 16777215 0.987957
0.022527 0.209839 0.457154 14407637 0.993840
0.991983 0.734020 0.514938 16777215 0.026553
0.109628 0.214871 0.539684 9079690 0.777394
0.460803 0.791642 0.523383 11514034 0.001814
0.012230 0.731412 0.513887 11775923 0.560961
0.018963 0.788116 0.527754 12827842 0.863034
0.903832 0.788376 0.538968 16580094 0.997565
0.845111 0.795233 0.538840 10527389 0.959283
0.749449 0.215215 0.536029 16777215 0.993800
0.808721 0.789051 0.530706 11975350 0.004168
0.989902 0.765297 0.454531 16184821 0.514335
0.981308 0.791198 0.534315 13750993 0.991515
0.014391 0.666317 0.524782 16777215 0.912109
0.008101 0.411034 0.516443 11184552 0.262424
0.802576 0.780016 0.536962 16777215 0.000038
0.216126 0.219617 0.458750 16777215 0.994371
0.983201 0.298258 0.526351 16777215 0.392986
0.992275 0.215704 0.457147 16120053 0.989967
0.013065 0.280590 0.516878 12435391 0.009156
0.797837 0.214814 0.548176 16777215 0.996658
0.975071 0.223133 0.538914 16777215 0.989113
0.923812 0.790967 0.537163 12303290 0.995415
0.970187 0.641137 0.538028 16777215 0.895606
0.293728 0.787933 0.528466 12106425 0.000152
0.010148 0.469270 0.513526 10461088 0.000399
0.738800 0.785639 0.524563 10527135 0.000089
0.283581 0.787741 0.536644 13422028 0.973945
0.514731 0.210016 0.537858 4539459 0.849221
0.761237 0.782440 0.524552 10461341 0.000140
0.042836 0.290948 0.538928 16777215 0.000062
0.997624 0.794584 0.509251 9671572 0.997106
0.990355 0.289308 0.459265 15657963 0.999159
0.004406 0.222081 0.455652 14276566 0.995307
0.670137 0.214978 0.538831 16777215 0.996959
0.996207 0.796892 0.464836 10988202 0.998532
0.977911 0.214142 0.540029 16777215 0.994961
0.032730 0.788254 0.532443 12764863 0.969692
0.991434 0.494226 0.510092 16645116 0.000019
0.057560 0.201554 0.547169 14342875 0.997411
0.991150 0.667885 0.514634 16777215 0.000073
0.011750 0.476083 0.529481 16777215 0.684693
0.955952 0.780061 0.537428 16777215 0.793290
0.987048 0.705641 0.538979 16777215 0.379882
0.453184 0.217604 0.540134 16777215 0.912710
0.615250 0.792863 0.464595 11119016 0.819869
0.172364 0.478864 0.542729 16777215 0.004516
0.982182 0.592700 0.464805 16645374 0.000003
0.763581 0.576294 0.455796 16777215 0.145483
0.096523 0.215055 0.543068 16777215 0.869489
0.138077 0.782090 0.539218 16777215 0.001889
0.361447 0.221219 0.461222 16777215 0.161563
0.217317 0.208401 0.534003 9079178 0.871824
0.090265 0.212325 0.459392 9870492 0.996430
0.982885 0.211017 0.521692 8553087 0.998144
0.680223 0.788343 0.536193 11053222 0.969302
0.520437 0.206106 0.473707 10593185 0.990629
0.017547 0.739543 0.541686 16777215 0.160452
0.986894 0.515121 0.463760 16774655 0.000010
0.776029 0.785929 0.532531 10988715 0.629287
0.743354 0.210690 0.450821 16777215 0.939007
0.713448 0.571009 0.464974 16777215 0.186137
0.323694 0.508429 0.538971 16777215 0.831219
0.010050 0.259999 0.459160 11251374 0.999710
0.990761 0.613800 0.520012 16580093 0.249050
0.961280 0.696580 0.536703 16777215 0.000225
0.041909 0.787078 0.539005 16777215 0.991538
0.994277 0.776115 0.458014 15197924 0.997623
0.005029 0.207621 0.510021 10592162 0.998502
0.008763 0.432131 0.523786 16777215 0.007594
0.004722 0.404467 0.451947 16777215 0.917546
0.975026 0.757737 0.528780 16777215 0.029943
0.584285 0.218828 0.538017 16777215 0.970096
0.045817 0.521456 0.537026 16777215 0.003753
0.014553 0.632836 0.523977 16777215 0.832599
0.310467 0.548696 0.534816 16777215 0.941799
0.728460 0.785272 0.537792 16777215 0.985016
0.025386 0.280621 0.534874 16777215 0.668425
0.011165 0.519915 0.458176 16777215 0.239534
0.530552 0.782036 0.536448 16777215 0.005370
0.694477 0.219831 0.540245 16777215 0.939155
0.978397 0.434443 0.534115 16777215 0.130564
0.050385 0.207778 0.466359 13159111 0.996989
0.985118 0.256041 0.524121 16777215 0.670740
0.904016 0.214980 0.532842 9408913 0.176718
0.722235 0.208644 0.533788 5197647 0.247441
0.767429 0.577504 0.455527 16777215 0.020049
0.997203 0.791815 0.520102 12632515 0.997589
0.984163 0.278397 0.530367 16777215 0.077467
0.023417 0.464462 0.529782 16777215 0.067697
0.788992 0.562084 0.458562 16777215 0.239749
0.961878 0.244498 0.539419 16777215 0.366499
0.891947 0.784207 0.542178 16777215 0.001741
0.020529 0.654323 0.541332 16777215 0.601158
0.815441 0.550000 0.455139 16777215 0.141447
0.984590 0.662741 0.533049 16777215 0.622321
0.457429 0.210208 0.456880 16777215 0.853996
0.441700 0.213410 0.535039 5855321 0.012630
0.033750 0.518124 0.537902 16777214 0.697425
0.341940 0.791027 0.455634 16777215 0.993599
0.731757 0.422423 0.538709 16777215 0.716302
0.959692 0.340709 0.542131 16777215 0.860827
0.310366 0.214214 0.536672 16777215 0.996140
0.183688 0.452357 0.541005 16777215 0.023606
0.013667 0.647939 0.515200 11512240 0.237231
0.979525 0.586100 0.465402 16773119 0.000087
0.782842 0.221075 0.540107 16777215 0.663914
0.021133 0.270291 0.536582 16777215 0.142937
0.167037 0.784903 0.459774 14145237 0.983646
0.898806 0.796611 0.458931 11777716 0.947097
0.164462 0.775874 0.538999 16777215 0.000007
0.268375 0.213979 0.537712 16777215 0.993039
0.037752 0.410456 0.539923 16777215 0.223244
0.256612 0.425892 0.454145 16777215 0.013442
0.366802 0.777891 0.458971 16185334 0.000136
0.301204 0.564297 0.458552 16777215 0.043884
0.614241 0.790048 0.535803 11250602 0.959668
0.031698 0.603795 0.544646 16777215 0.000164
0.985191 0.394692 0.529425 16777215 0.412857
0.010156 0.551409 0.466200 12830403 0.809659
0.787527 0.209839 0.535057 4539717 0.011261
0.985132 0.658998 0.535208 16777215 0.000490
0.257811 0.574733 0.456434 16777215 0.037357
0.337929 0.792782 0.541460 16777215 0.999723
0.014106 0.672290 0.514937 11971515 0.379895
0.777529 0.425340 0.540136 16777215 0.114929
0.994457 0.784159 0.454343 15460587 0.983680
0.456479 0.220542 0.540948 16777215 0.990554
0.968525 0.212544 0.541967 16777215 0.997190
0.865633 0.210228 0.535734 5789785 0.947272
0.029987 0.378642 0.533315 16777215 0.129396
0.424701 0.791435 0.464631 13224649 0.557320
0.348483 0.781294 0.540915 16777215 0.000034
0.490242 0.213858 0.540128 16777215 0.999465
0.622840 0.210747 0.534137 7566452 0.399298
0.034954 0.438798 0.537444 16777215 0.000023
0.960724 0.787165 0.538523 16777215 0.999942
0.389803 0.213713 0.469741 14737889 0.999915
0.247952 0.786240 0.526930 12895433 0.015527
0.178486 0.786331 0.536619 16777215 0.988044
0.992153 0.269049 0.455345 14935010 0.998342
0.221017 0.577078 0.455891 16777215 0.014912
0.016779 0.516944 0.526607 16777215 0.358501
0.811086 0.444250 0.541394 16777215 0.128659
0.290169 0.210292 0.468367 8553347 0.260439
0.755777 0.795374 0.458178 10197144 0.994052
0.034452 0.444827 0.539105 16777215 0.306674
0.276072 0.783105 0.538335 16777215 0.018122
0.395915 0.218005 0.458286 16777215 0.532271
0.980073 0.448258 0.464420 16776191 0.002571
0.420804 0.206604 0.529361 5395025 0.000002
0.393275 0.785117 0.537433 16777215 0.728770
0.802050 0.784252 0.537467 16777215 0.004587
0.406937 0.213979 0.540157 16777215 0.999850
0.004966 0.468333 0.454993 16119285 0.960976
0.812610 0.213800 0.453993 15329511 0.991526
0.386010 0.792125 0.542613 14868961 0.998869
0.038048 0.462172 0.542421 16777215 0.966353
0.203120 0.213962 0.539684 16777215 0.999121
0.142936 0.208852 0.457009 15855856 0.999933
0.483367 0.214937 0.537375 16777215 0.999433
0.372128 0.208187 0.533009 6315871 0.000029
0.868003 0.784086 0.542394 15328741 0.998712
0.232641 0.213433 0.457213 11316395 0.999290
0.167982 0.210816 0.461315 9802645 0.999881
0.521959 0.789783 0.540028 16777215 0.999965
0.630927 0.211350 0.536427 3618614 0.762897
0.105170 0.783021 0.458507 13684687 0.993837
0.237591 0.207673 0.537783 3683894 0.979805
0.990186 0.624131 0.459298 16447225 0.996835
0.707480 0.790118 0.540529 13948630 0.999986
0.991454 0.729508 0.458701 15460069 0.997549
0.301128 0.781192 0.535625 16777215 0.000002
0.330200 0.788960 0.534703 13753055 0.990684
0.988964 0.398061 0.453489 15526123 0.999842
0.090472 0.788747 0.547262 16777215 0.999737
0.590702 0.213029 0.456085 16777215 0.996938
0.989975 0.588967 0.464446 15394030 0.996585
0.570600 0.213759 0.540355 16448506 0.999985
0.005692 0.385506 0.459700 12895685 0.997491
0.964699 0.381813 0.532690 16777215 0.003083
0.194569 0.778524 0.459497 16316663 0.963850
0.984406 0.564209 0.537119 16777215 0.099957
0.972845 0.432107 0.539996 16777215 0.989458
0.235353 0.782024 0.460523 12698050 0.994925
0.298024 0.213045 0.466227 13356495 0.999777
0.381190 0.784439 0.535553 12830918 0.999790
0.966782 0.545473 0.537832 16777215 0.343370
0.669716 0.783701 0.542085 16777215 0.989650
0.467959 0.213366 0.536445 16777215 0.999997
0.977472 0.518618 0.533432 16777215 0.362252
0.478555 0.785677 0.539860 16777215 0.999819
0.248938 0.211448 0.538056 5066061 0.996778
0.343212 0.781226 0.543664 16777215 0.987174
0.990941 0.361127 0.460109 15265773 0.999693
0.624538 0.785672 0.535119 16777215 0.997023
0.003353 0.513780 0.453871 8554374 0.976994
0.003265 0.552982 0.461549 13618895 0.999981
0.975890 0.473725 0.514343 15790319 0.132937
0.374080 0.213662 0.535625 16777215 0.999690
0.119998 0.204023 0.467949 13158605 0.999953
0.970564 0.364208 0.534534 16777215 0.569946
0.004703 0.443975 0.458952 11842741 0.999029
0.163893 0.206397 0.531201 11250859 0.997209
0.975872 0.461787 0.532534 16777215 0.137945
0.421113 0.785767 0.536882 16777215 0.985705
0.421644 0.210748 0.457631 14606044 0.999889
0.540251 0.217113 0.453553 8881798 0.999955
0.531763 0.209421 0.459468 9803157 0.999783
0.970245 0.583732 0.537337 16777215 0.756552
0.601212 0.211747 0.465064 16777215 0.568919
0.988387 0.498436 0.460674 15263719 0.997096
0.033877 0.527150 0.531226 16777215 0.068851
0.500666 0.787007 0.535179 16119541 0.999998
0.153627 0.782436 0.543180 16777215 0.923144
0.990314 0.455274 0.525308 16777215 0.906253
0.796748 0.207083 0.459639 10132636 0.999997
0.708583 0.204745 0.453801 13290187 1.000000
0.006693 0.507415 0.459783 12237501 0.999961
0.782764 0.213416 0.463421 10264219 0.999995
0.157572 0.785516 0.518907 16777215 0.989326
0.146587 0.797021 0.539767 12632257 0.988516
0.341356 0.207035 0.533972 6316129 0.825958
0.145362 0.216363 0.542319 16777215 0.994906
0.976365 0.518378 0.471530 16774911 0.000001
0.787090 0.209516 0.461494 6052955 0.779516
0.218916 0.209224 0.455152 16777215 0.952576
0.698315 0.203020 0.469020 5066320 0.955036
0.000801 0.554708 0.524687 6381664 0.803247
0.575901 0.201718 0.459696 2960169 0.996248
0.465915 0.205177 0.460069 16184564 0.979206
0.320153 0.207195 0.464478 10592416 0.998653
0.336277 0.777947 0.527910 16777215 0.999964
0.980908 0.629874 0.546292 16777215 0.554517
0.277466 0.787708 0.459615 13290699 0.991268
0.730120 0.201308 0.461458 5329746 0.999841
0.761742 0.205231 0.459402 14474717 0.999996
0.481331 0.210839 0.462349 14737376 0.999359
0.694042 0.213233 0.460863 11447981 0.999997
0.192647 0.212613 0.462525 12303035 0.999574
0.338134 0.789986 0.449454 11513516 0.997652
0.469414 0.213710 0.457943 13816530 0.999871
0.189099 0.789874 0.547583 16777215 0.999730
0.798493 0.202617 0.543785 3355187 0.999964
0.472121 0.209712 0.460804 10658979 0.999991
0.806241 0.217542 0.451184 14342618 0.999744
0.509992 0.211860 0.464241 16777215 0.985030
0.296863 0.207862 0.453055 6511969 0.999923
0.008406 0.535863 0.459742 14803939 0.999948
0.984859 0.428686 0.465522 16187378 0.000035
0.221862 0.790085 0.538533 11382190 0.980184
0.297585 0.205229 0.538311 5066061 0.838572
0.156083 0.213515 0.529060 16777215 0.996488
0.979664 0.479938 0.460956 16777215 0.000001
0.831297 0.206308 0.468218 7236202 0.720147
0.000127 0.498102 0.526417 3946295 0.762041
0.445509 0.210086 0.456658 16777215 0.987394
0.310705 0.210005 0.461506 10000537 0.999266
0.245670 0.789223 0.543108 16777215 0.999989
0.971484 0.527760 0.538288 16777215 0.514617
0.382557 0.792606 0.466887 11711668 0.992660
0.005954 0.412259 0.453354 14080730 0.999675
0.664794 0.205613 0.463867 3288878 0.999611
0.725272 0.794937 0.451948 14409179 0.998061
0.809727 0.210420 0.462316 11118502 0.999992
0.010850 0.431668 0.456982 12238267 0.999890
0.380057 0.210310 0.458350 15131875 0.999278
0.701591 0.203549 0.457484 11908276 0.999997
0.208745 0.212430 0.466413 12632769 0.999798
0.340839 0.797057 0.454919 9210765 0.999168
0.879688 0.794408 0.462082 9211277 0.999410
0.187773 0.788305 0.541445 16777215 0.999209
0.754933 0.208172 0.538351 2302498 0.999943
0.542978 0.203633 0.462652 11909304 0.999993
0.429038 0.217885 0.459537 13882320 0.994151
0.780699 0.212649 0.460721 12368569 0.999762
0.594365 0.219058 0.458744 16186106 0.986188
0.008147 0.440979 0.467171 13290697 0.997842
0.340335 0.204693 0.460360 6184541 0.999954
0.017203 0.789418 0.481909 12829893 0.992541
0.032940 0.330761 0.540417 16777215 0.539986
0.962100 0.274882 0.543343 16777215 0.927960
0.008832 0.658983 0.454845 14080214 0.998649
0.992325 0.730313 0.513244 16777215 0.025792
0.987754 0.209364 0.484760 7631217 0.993921
0.986165 0.782494 0.515204 15264488 0.992077
0.832141 0.215584 0.541379 16777215 0.980356
0.449916 0.786652 0.518656 11184553 0.004981
0.988335 0.210350 0.499142 7895159 0.995353
0.006512 0.660726 0.456413 10462110 0.992653
0.863275 0.797803 0.538710 11250089 0.935597
0.730885 0.215310 0.540585 16777215 0.992364
0.829101 0.789999 0.529458 12303290 0.003425
0.364497 0.788503 0.525574 11907509 0.000271
0.973175 0.787492 0.524796 13685199 0.991061
0.228153 0.216543 0.460864 16052723 0.992838
0.990496 0.302335 0.520856 16777215 0.540440
0.011601 0.292923 0.509075 13421772 0.014667
0.772747 0.221799 0.536937 16777215 0.994895
0.042182 0.206478 0.537450 16777215 0.997089
0.003817 0.738009 0.467228 12697791 0.945726
0.931789 0.791292 0.538046 12500670 0.996612
0.963979 0.641245 0.537479 16777215 0.914283
0.319492 0.789540 0.529733 12697793 0.000148
0.009019 0.439036 0.517798 13093062 0.000331
0.595837 0.795139 0.468818 10789796 0.328532
0.297112 0.790872 0.534666 15000548 0.968936
0.517237 0.783121 0.456582 15527406 0.899644
0.770055 0.788380 0.521599 11711152 0.000138
0.041488 0.290767 0.538034 16777215 0.000076
0.993423 0.791771 0.509426 10328474 0.995643
0.990867 0.304403 0.461775 15724270 0.999605
0.792263 0.216975 0.460409 16777215 0.258094
0.642953 0.215200 0.533471 16777215 0.996603
0.986425 0.790902 0.472476 12434618 0.997088
0.971127 0.214025 0.540204 16777215 0.997708
0.023361 0.793400 0.536031 12895428 0.964450
0.990490 0.527568 0.512586 16777215 0.000019
0.992529 0.676736 0.512997 16777215 0.000046
0.981222 0.369606 0.517403 16777215 0.000048
0.016118 0.495593 0.528873 16777215 0.704407
0.969592 0.777596 0.534690 16777215 0.862159
0.975829 0.718063 0.534615 16777215 0.601291
0.179526 0.480749 0.546037 16777215 0.011328
0.183924 0.780276 0.539363 16777215 0.004994
0.393138 0.217369 0.455181 16777215 0.203429
0.277326 0.575156 0.447317 16777215 0.000000
0.087993 0.210928 0.462481 9211020 0.998649
0.987263 0.662416 0.462949 16777215 0.203779
0.680337 0.793312 0.539673 10000279 0.970411
0.561486 0.208018 0.461337 12829120 0.994208
0.018622 0.732320 0.535789 16777215 0.210985
0.772226 0.787705 0.533646 11711155 0.745973
0.713507 0.571484 0.459799 16777215 0.245368
0.327021 0.516665 0.544721 16777215 0.825039
0.987421 0.629494 0.518173 16777215 0.208344
0.962808 0.683282 0.540023 16777215 0.000521
0.032169 0.790015 0.534251 16777215 0.991752
0.017084 0.421415 0.526148 16119285 0.016714
0.250883 0.792256 0.479102 11843252 0.340761
0.957770 0.779005 0.531602 16777215 0.665188
0.971953 0.757944 0.533746 16777215 0.033773
0.048109 0.509180 0.538650 16777215 0.004764
0.688011 0.542834 0.533890 16777215 0.035211
0.738542 0.784387 0.542970 16777215 0.990874
0.030566 0.284837 0.538740 16777215 0.603228
0.545196 0.782514 0.531680 16777215 0.020939
0.258387 0.212699 0.474735 10263451 0.592458
0.004101 0.672285 0.461830 11776691 0.994205
0.678524 0.211222 0.538748 16777215 0.967985
0.960218 0.426800 0.541380 16777215 0.139182
0.324588 0.474253 0.538817 16777215 0.940107
0.031329 0.765371 0.535320 16777215 0.126638
0.067092 0.209114 0.455760 16777215 0.997936
0.981644 0.253207 0.525990 16777215 0.559078
0.501678 0.216213 0.538260 16777215 0.998108
0.907819 0.208643 0.533945 8028035 0.305226
0.989170 0.771972 0.519125 16777215 0.572719
0.712833 0.209578 0.529903 6316386 0.480631
0.990381 0.602174 0.514690 16776703 0.000096
0.988360 0.788493 0.497344 12041406 0.995314
0.823261 0.212504 0.540482 16777215 0.995359
0.015108 0.478506 0.529944 16777215 0.069206
0.913504 0.206543 0.458695 460553 0.998442
0.821776 0.457784 0.456523 16777215 0.134238
0.217887 0.572078 0.454915 16777215 0.000000
0.705699 0.780996 0.542833 16777215 0.009641
0.218539 0.569450 0.545506 16777215 0.598223
0.962588 0.255296 0.541079 16777215 0.501736
0.894605 0.217158 0.541083 16777215 0.999094
0.033625 0.668577 0.538408 16777215 0.685339
0.680339 0.514626 0.542479 16777215 0.613193
0.979398 0.672178 0.529763 16777215 0.670841
0.465667 0.222875 0.540577 8289404 0.053119
0.033608 0.522983 0.539177 16777215 0.783522
0.259606 0.577082 0.541605 16777215 0.800438
0.366709 0.777664 0.543091 16777215 0.000288
0.313466 0.211687 0.536808 16777215 0.997898
0.961851 0.789786 0.533480 10724260 0.979768
0.012437 0.361500 0.522874 16777215 0.074081
0.850305 0.205212 0.456871 16185591 0.992718
0.190157 0.457009 0.546469 16777215 0.026093
0.008424 0.736469 0.453964 14672094 0.999632
0.007910 0.652659 0.519850 11908277 0.289879
0.014317 0.261340 0.532701 16777215 0.108130
0.012286 0.693221 0.534321 16777215 0.013304
0.249000 0.215875 0.545287 16777215 0.991528
0.258611 0.418310 0.455006 16777215 0.014752
0.302196 0.565982 0.453775 16777215 0.042622
0.621101 0.789659 0.534558 10987431 0.954335
0.452489 0.208954 0.466671 8881799 0.740464
0.039248 0.620717 0.537241 16777215 0.000023
0.982439 0.387995 0.516901 16777215 0.374792
0.977890 0.666863 0.531904 16777215 0.000711
0.249565 0.576729 0.455756 16777215 0.086339
0.319361 0.209621 0.534902 15329512 0.999994
0.322647 0.787176 0.536681 16777215 0.999416
0.015384 0.691534 0.511503 11778223 0.356570
0.853746 0.217340 0.540654 3947579 0.961436
0.031628 0.370921 0.534630 16777215 0.098483
0.971944 0.680160 0.531517 16777215 0.001364
0.034154 0.420265 0.536600 16777215 0.000026
0.682580 0.213979 0.453190 16777215 0.380601
0.142227 0.792029 0.529311 13816788 0.002326
0.957179 0.793717 0.539039 15790578 0.999965
0.460329 0.213914 0.459815 13684942 0.999966
0.269450 0.784540 0.533134 13750995 0.017969
0.991345 0.392073 0.458712 16710647 0.985266
0.219343 0.783646 0.545080 16777215 0.996581
0.992677 0.458843 0.459565 16382201 0.998127
0.327504 0.216586 0.461532 16777215 0.026600
0.992191 0.258166 0.460193 15528178 0.997363
0.222672 0.577813 0.460208 16777215 0.035625
0.015637 0.527361 0.516535 16777215 0.391091
0.993426 0.573709 0.456863 16710909 0.877408
0.301683 0.204799 0.468010 7171950 0.319750
0.026401 0.456743 0.538348 16777215 0.394980
0.008811 0.313517 0.518997 16777215 0.910510
0.260600 0.779988 0.537267 16777215 0.248008
0.992326 0.647807 0.457971 15856881 0.999328
0.012480 0.736208 0.513331 16777215 0.974434
0.987512 0.411357 0.528570 16777215 0.134304
0.530803 0.220171 0.463333 16777215 0.000271
0.031635 0.582177 0.539818 16777215 0.975363
0.049624 0.202196 0.546089 16777215 0.999856
0.409330 0.782346 0.541871 16777215 0.901139
0.405795 0.200414 0.461160 2763048 0.999646
0.814613 0.782171 0.536467 16777215 0.008947
0.012771 0.460531 0.456293 16052979 0.977021
0.205630 0.789011 0.533887 13487566 0.996991
0.410767 0.784716 0.535856 15264233 0.998377
0.403484 0.219043 0.538980 16777215 0.999379
0.603062 0.215495 0.542718 15987955 0.999986
0.034378 0.509402 0.536894 16777215 0.022528
0.173435 0.220448 0.543629 16777215 0.999237
0.041957 0.481930 0.541164 16777215 0.951703
0.118720 0.213448 0.463043 15920361 0.999919
0.476079 0.224569 0.538535 16777215 0.999273
0.865929 0.787307 0.529509 16777215 0.997720
0.245961 0.212585 0.455600 13685716 0.999680
0.994983 0.622541 0.458460 15920878 0.998795
0.117588 0.212445 0.461840 13222854 0.999830
0.304848 0.781860 0.532869 16777215 0.001226
0.504854 0.786999 0.533141 16777215 0.999948
0.620210 0.211349 0.535697 5592148 0.828116
0.991584 0.495958 0.460909 14870246 0.999394
0.785263 0.204647 0.537396 3684152 0.999474
0.009805 0.746575 0.451409 13684689 0.999966
0.991033 0.541370 0.460716 16711419 0.996243
0.503092 0.208699 0.462230 9145481 0.999972
0.724629 0.787771 0.539329 14145239 0.999984
0.334131 0.781942 0.524333 12960708 0.986206
0.082177 0.787287 0.534676 16777215 0.999624
0.589535 0.210083 0.461639 16776703 0.998287
0.667599 0.218736 0.540270 16777215 0.999955
0.991323 0.577258 0.456891 16053239 0.997489
0.178020 0.212607 0.464344 13882069 0.999519
0.985932 0.586875 0.458689 15592173 0.983687
0.593890 0.215936 0.540032 15724528 0.999989
0.990770 0.474771 0.455151 15526893 0.999830
0.474069 0.801030 0.457897 9868692 0.637811
0.974491 0.648043 0.540934 16777215 0.096928
0.982344 0.578606 0.536853 16777215 0.178959
0.972530 0.429101 0.530208 16777215 0.988414
0.228981 0.791828 0.452073 15724271 0.997180
0.305812 0.210145 0.463841 11777204 0.999825
0.191560 0.786486 0.532416 12962504 0.012159
0.969342 0.539276 0.534205 16777215 0.032725
0.374640 0.789273 0.533600 12960708 0.999828
0.963800 0.561676 0.534838 16777215 0.385827
0.462447 0.216280 0.541455 16777215 0.999998
0.976210 0.527117 0.539518 16777215 0.284752
0.260947 0.210157 0.456504 14803938 0.999995
0.091853 0.208946 0.461232 14737884 0.999951
0.486943 0.786414 0.533818 16777215 0.999876
0.259110 0.206349 0.533947 7697782 0.998196
0.988684 0.363449 0.461145 14935010 0.999716
0.891233 0.203074 0.471302 6908013 0.999044
0.206882 0.210206 0.467045 12632256 0.999938
0.970262 0.419779 0.537580 16777215 0.076591
0.108906 0.211395 0.460022 15657705 0.999953
0.014783 0.561074 0.458843 11250604 0.999413
0.980841 0.341379 0.523994 16777215 0.454403
0.719654 0.213897 0.545417 16777215 0.999976
0.967665 0.471163 0.532361 16777215 0.116897
0.685716 0.797050 0.467412 10395806 0.989111
0.514271 0.204067 0.456599 15329513 0.999846
0.430971 0.783489 0.538635 16777215 0.995258
0.160731 0.225450 0.464005 14671583 0.999929
0.348840 0.204763 0.466158 12766153 0.999725
0.571018 0.203347 0.458720 9474192 0.999990
0.497662 0.796949 0.466509 10986916 0.960910
0.212497 0.210267 0.459000 13487567 0.999467
0.995130 0.456891 0.454704 15462123 0.999183
0.175740 0.208643 0.465478 12039864 0.999961
0.967324 0.601720 0.535675 16777215 0.781988
0.973916 0.618612 0.535497 16777215 0.049790
0.992499 0.507773 0.462072 16580607 0.999045
0.506880 0.785725 0.535228 16711679 0.999999
0.255886 0.205785 0.463663 5329491 0.997679
0.182719 0.784510 0.543140 16777215 0.946702
0.002468 0.423517 0.459528 8158333 0.984520
0.983651 0.474565 0.533854 16777215 0.864291
0.589673 0.786564 0.535028 14605789 0.983229
0.275510 0.790698 0.546069 14145238 0.998533
0.516067 0.209117 0.463189 14144724 0.999839
0.655859 0.218308 0.539002 16777215 0.995088
0.973182 0.501471 0.520788 16777215 0.000019
0.984159 0.408172 0.514565 16777215 0.382427
0.335387 0.787220 0.536904 16777215 0.999801
0.978537 0.519393 0.517619 16777215 0.252910
0.522738 0.214200 0.465647 9079691 0.999869
0.802367 0.209603 0.458631 10725030 0.999995
0.721362 0.202322 0.456722 11185064 1.000000
0.220509 0.216478 0.463406 15066855 0.965237
0.981523 0.623138 0.528608 16777215 0.471235
0.771990 0.211553 0.463549 13486796 0.999997
0.183867 0.788696 0.536127 16777215 0.999747
0.306726 0.206251 0.464587 11578795 0.999501
0.777134 0.213740 0.460889 11119786 0.999818
0.007176 0.404777 0.523376 12500927 0.279559
0.205435 0.778608 0.457570 16777215 0.438124
0.204549 0.776199 0.541110 16777215 0.000005
0.455883 0.205015 0.453161 16777215 0.945476
0.792957 0.203180 0.460693 4474179 0.918477
0.587440 0.209947 0.523512 8093053 0.000003
0.253049 0.777295 0.535768 16777215 0.000130
0.503623 0.222151 0.541036 16777215 0.998056
0.486453 0.210979 0.457338 16777215 0.668059
0.993241 0.478547 0.458348 16777215 0.004793
0.017786 0.552501 0.457768 13684430 0.999749
0.764761 0.215717 0.454070 15723244 0.992275
0.537446 0.792084 0.457115 11119532 0.991592
0.007768 0.396839 0.458306 11250348 0.997873
0.003988 0.542859 0.455903 16250870 0.999803
0.262553 0.208683 0.454461 16777215 0.999504
0.694199 0.792974 0.544067 16777215 0.997397
0.644985 0.784327 0.549235 16777215 0.998350
0.361428 0.209409 0.466559 15526891 0.999991
0.446944 0.207296 0.540938 16777215 0.999882
0.005687 0.358085 0.459432 7633015 0.967456
0.986238 0.562730 0.456449 16120309 0.999962
0.684754 0.206078 0.455450 10723746 0.999999
0.403544 0.215826 0.453196 15856112 0.999932
0.015315 0.545537 0.455455 10131866 0.999192
0.349503 0.209753 0.455290 16777215 0.983923
0.295918 0.795557 0.460037 9672085 0.993283
0.311951 0.207977 0.462512 12040120 0.999954
0.469058 0.215795 0.461252 16052977 0.874209
0.527205 0.210084 0.459447 8751240 0.999743
0.238070 0.211631 0.466367 16777215 0.971796
0.441222 0.210130 0.456806 16777215 0.998748
0.294216 0.215298 0.458327 13092550 1.000000
0.702052 0.216973 0.454086 12040376 0.999997
0.713022 0.210138 0.458915 10000537 0.999997
0.572397 0.224296 0.473509 13818072 1.000000
0.533814 0.209255 0.452662 13816528 1.000000
0.222276 0.797610 0.453421 16777215 0.416377
0.154627 0.774913 0.529799 16777215 0.000005
0.477616 0.211107 0.462193 16777215 0.886253
0.807977 0.208769 0.459491 7369072 0.837326
0.588411 0.210742 0.537936 6645607 0.000002
0.305385 0.780768 0.541874 16777215 0.000106
0.551287 0.214689 0.541562 16777215 0.998203
0.838674 0.799009 0.455049 7435379 0.996214
0.451978 0.208364 0.460389 16777215 0.671048
0.990182 0.408734 0.459500 16777215 0.006717
0.008975 0.648283 0.454997 14145239 0.999794
0.806898 0.213041 0.453328 13816786 0.994903
0.535610 0.796707 0.453922 12895685 0.997692
0.015502 0.388710 0.462577 13421258 0.998727
0.013892 0.339555 0.451716 14474204 0.996867
0.276718 0.214158 0.462872 11908533 0.999344
0.618925 0.788687 0.538242 16777215 0.994358
0.659302 0.787092 0.545404 16777215 0.999277
0.403011 0.218387 0.539368 16777215 0.999743
0.001165 0.435507 0.456114 8620936 0.976791
0.992136 0.453053 0.470472 15658220 0.999974
0.594565 0.206758 0.461670 13750479 0.999999
0.394987 0.205358 0.462969 12762813 0.999950
0.004452 0.383368 0.455881 10132378 0.999411
0.505204 0.207955 0.460246 16645373 0.983210
0.365415 0.797899 0.467202 10987174 0.995062
0.317477 0.205432 0.459479 12105913 0.999982
0.499835 0.217887 0.458312 16777215 0.909819
0.557890 0.208742 0.454713 11449779 0.999795
0.446378 0.202474 0.529280 8093826 0.950763
0.319400 0.208971 0.457867 16777215 0.981532
0.383125 0.209305 0.454318 16777215 0.998026
0.242760 0.209003 0.462138 13816529 0.999998
0.285556 0.223231 0.455951 13093837 1.000000
0.725565 0.206649 0.456168 12500412 0.999998
0.810788 0.214438 0.462216 9671312 0.999998
0.556083 0.204525 0.462231 11251374 1.000000
0.475685 0.208643 0.464200 12829635 1.000000
0.012427 0.791430 0.485366 12303546 0.987891
0.992728 0.791773 0.472149 15198184 0.775312
0.040160 0.335138 0.537828 16777215 0.653599
0.006455 0.205439 0.489092 9803924 0.876579
0.018216 0.786717 0.530182 16777215 0.977941
0.972019 0.283082 0.542268 16777215 0.945069
0.003955 0.789661 0.488713 11381675 0.987471
0.006197 0.227175 0.456437 12172474 0.937579
0.046952 0.207469 0.453293 16777215 0.914357
0.027475 0.208894 0.458306 13553618 0.994407
0.991284 0.707524 0.521802 16777215 0.043995
0.123661 0.210641 0.538306 8816262 0.945098
0.009162 0.362136 0.510648 11908789 0.002051
0.854592 0.215666 0.541368 16777215 0.975797
0.438113 0.787023 0.529032 13092805 0.002488
0.011950 0.732022 0.520467 10331043 0.469545
0.022289 0.785749 0.529343 11580344 0.908555
0.036492 0.799102 0.459635 11975097 0.682823
0.863627 0.786542 0.540302 16777215 0.996056
0.827273 0.791144 0.534209 11448239 0.924867
0.750149 0.218338 0.535648 16777215 0.993149
0.978883 0.787767 0.529133 14869473 0.993204
0.014745 0.674953 0.526868 16777215 0.920076
0.228724 0.212273 0.458500 16777215 0.993894
0.014724 0.723052 0.525329 16777215 0.911780
0.989425 0.290271 0.531902 16777215 0.496533
0.993061 0.231324 0.452639 15988723 0.994245
0.012479 0.292862 0.518622 13093063 0.009972
0.800634 0.211093 0.545309 16777215 0.997350
0.973992 0.215553 0.545593 16777215 0.994060
0.022131 0.210600 0.545773 16777215 0.997523
0.011161 0.681846 0.513225 11580084 0.000185
0.125482 0.211098 0.464622 12565951 0.976798
0.971539 0.671778 0.546760 16777215 0.916596
0.318715 0.788552 0.530536 11118760 0.000150
0.011067 0.458434 0.512985 12171961 0.000441
0.010363 0.441863 0.464921 10329757 0.308768
0.513370 0.788678 0.456717 16777215 0.927536
0.528655 0.209022 0.539354 8157562 0.898594
0.035292 0.291212 0.536522 16777215 0.000178
0.993763 0.321007 0.455370 16053238 0.999707
0.781645 0.217674 0.456244 16053233 0.203572
0.005705 0.218012 0.457083 15592945 0.993740
0.659774 0.216860 0.537370 16777215 0.989564
0.997462 0.797114 0.463373 12171704 0.998756
0.979524 0.213944 0.538743 16777215 0.998592
0.010096 0.557213 0.518314 11513775 0.188575
0.025791 0.791562 0.536143 13356237 0.942982
0.675144 0.204500 0.464295 6908006 0.280452
0.986983 0.517732 0.521347 16777215 0.000040
0.076280 0.215061 0.537042 13817043 0.994383
0.023457 0.798740 0.455752 14408924 0.989101
0.990740 0.661868 0.520123 16777215 0.000128
0.014756 0.505305 0.526172 16777215 0.646920
0.966403 0.782797 0.543673 16777215 0.860704
0.978212 0.704712 0.541236 16777215 0.729204
0.427994 0.212581 0.546012 16777215 0.938710
0.174705 0.482003 0.542326 16777215 0.010727
0.013376 0.399747 0.523430 16777215 0.625992
0.023379 0.785050 0.530923 16777215 0.382288
0.763710 0.574046 0.449983 16777215 0.227889
0.133142 0.216262 0.540936 16777215 0.920364
0.372502 0.216601 0.460871 16777215 0.233434
0.195468 0.212221 0.537338 8947848 0.931060
0.607979 0.787175 0.460395 16185076 0.594450
0.270673 0.576190 0.453007 16777215 0.000000
0.682854 0.529585 0.463946 16777215 0.205249
0.013058 0.776151 0.456683 14474717 0.996642
0.004368 0.666224 0.455951 11053223 0.873394
0.022242 0.213586 0.530381 11184554 0.988261
0.669651 0.791049 0.537227 11710897 0.976902
0.560368 0.208042 0.465429 10921380 0.997939
0.022537 0.722667 0.536476 16777215 0.194134
0.758238 0.789512 0.537441 12303548 0.852685
0.720826 0.213382 0.453610 16777215 0.942351
0.712062 0.571538 0.453959 16777215 0.207133
0.010592 0.254215 0.454443 13947860 0.999668
0.986955 0.627284 0.528503 16777215 0.254712
0.682834 0.500070 0.470028 16777215 0.152065
0.001857 0.772919 0.458691 12961220 0.993556
0.959077 0.708424 0.541456 16777215 0.000752
0.043849 0.788874 0.540654 16777215 0.990890
0.180469 0.527235 0.535877 16777215 0.002078
0.013470 0.212524 0.515630 8618882 0.997386
0.014825 0.431643 0.517753 16053746 0.015873
0.177659 0.504338 0.480086 16777215 0.067213
0.016259 0.394015 0.457634 16777215 0.904549
0.253783 0.422038 0.463601 16777215 0.000000
0.939770 0.786689 0.538251 16777215 0.569547
0.977974 0.762574 0.538819 16777215 0.044650
0.579540 0.210308 0.547695 16777215 0.991367
0.037486 0.497161 0.535658 16777215 0.007597
0.693985 0.531831 0.536171 16777215 0.026500
0.306014 0.554038 0.541011 16777215 0.918963
0.724034 0.781901 0.543102 16777215 0.979852
0.011479 0.787378 0.482616 10921383 0.454730
0.029875 0.292890 0.528618 16777215 0.625837
0.020803 0.496984 0.458771 16645629 0.357817
0.924333 0.210378 0.537853 3881530 0.989821
0.237731 0.209922 0.465376 9473162 0.593517
0.198678 0.432796 0.542840 16777215 0.718771
0.694722 0.212056 0.540425 16777215 0.929607
0.246797 0.428689 0.548729 16777215 0.879844
0.322054 0.481583 0.551916 16777215 0.919563
0.019590 0.753052 0.529824 16777215 0.093057
0.057161 0.789512 0.456146 16053490 0.995104
0.075633 0.205227 0.465097 13092805 0.998197
0.987711 0.240172 0.528234 16777215 0.510597
0.511363 0.215790 0.539666 16777215 0.998844
0.739698 0.210752 0.532784 7632245 0.448394
0.271414 0.430111 0.540366 16777215 0.860514
0.019494 0.466766 0.528611 16777215 0.102246
0.185135 0.545690 0.462722 16777215 0.002177
0.802277 0.564455 0.457646 16777215 0.274202
0.815740 0.462857 0.454527 16777215 0.185809
0.215041 0.574134 0.459006 16777215 0.000000
0.676096 0.783859 0.538309 16777215 0.007302
0.210888 0.573327 0.538982 16777215 0.587396
0.312766 0.447476 0.543270 16777215 0.808851
0.971745 0.235610 0.544027 16777215 0.436341
0.923949 0.214916 0.541618 16777215 0.999328
0.016557 0.497226 0.457269 16514301 0.872677
0.021221 0.681373 0.529716 16777215 0.659391
0.983659 0.649897 0.541887 16777215 0.792338
0.470442 0.210364 0.541451 9605520 0.108023
0.006408 0.277094 0.454992 14014165 0.999697
0.340603 0.788317 0.459034 16777215 0.988209
0.368503 0.780037 0.538650 16777215 0.000303
0.725435 0.418635 0.538620 16777215 0.673998
0.014367 0.371678 0.522258 16777215 0.075464
0.856873 0.210678 0.457679 16777215 0.982938
0.012851 0.639685 0.516563 11645872 0.246288
0.119819 0.791511 0.537877 13948119 0.995848
0.015168 0.272613 0.527558 16118518 0.927368
0.021782 0.271111 0.526632 16777215 0.123153
0.343044 0.206745 0.541047 7105902 0.984968
0.183169 0.788900 0.458832 14145238 0.985794
0.888873 0.793094 0.464863 10460314 0.954835
0.275528 0.210546 0.533435 16777215 0.994655
0.040579 0.411512 0.542309 16777215 0.484585
0.260962 0.423591 0.452644 16777215 0.018982
0.362188 0.788682 0.454078 15855856 0.988241
0.594175 0.795455 0.540962 10921638 0.981396
0.038969 0.619717 0.535188 16777215 0.000028
0.427005 0.788766 0.458839 16777215 0.931962
0.697528 0.431751 0.456583 16777215 0.062392
0.988429 0.362484 0.528835 16777215 0.361136
0.020844 0.556451 0.461236 15790065 0.826467
0.973731 0.672969 0.534848 16777215 0.000795
0.253370 0.577150 0.461706 16777215 0.050597
0.315127 0.791625 0.542663 16777215 0.999846
0.012139 0.669703 0.517970 10921893 0.374014
0.775738 0.423103 0.543107 16777215 0.153267
0.965702 0.213692 0.538643 16777215 0.998696
0.878305 0.207301 0.537402 2829099 0.959447
0.023626 0.379520 0.531221 16777215 0.111676
0.605688 0.209764 0.533242 7237488 0.562250
0.686370 0.214070 0.450379 15988724 0.383871
0.962534 0.784084 0.535464 15461613 0.999980
0.424433 0.204746 0.452209 16777215 0.999977
0.005738 0.314584 0.455573 15987957 0.999917
0.259916 0.786154 0.531680 13092294 0.018251
0.198086 0.785597 0.543704 16777215 0.996157
0.990436 0.458699 0.461493 15001827 0.998997
0.039773 0.543961 0.539670 16777215 0.360384
0.313206 0.216443 0.460907 16777215 0.036387
0.989757 0.275766 0.454253 16777215 0.997768
0.224938 0.574027 0.459001 16777215 0.013212
0.013692 0.539169 0.524765 16777215 0.468332
0.807718 0.447641 0.548207 16777215 0.108406
0.008848 0.723287 0.462753 8553345 0.998734
0.569375 0.782810 0.539316 16777215 0.752241
0.026335 0.447121 0.536801 16777215 0.529305
0.012820 0.294684 0.457644 15987442 0.999952
0.251995 0.783823 0.538753 16777215 0.394456
0.990064 0.671912 0.457409 16052468 0.999413
0.260797 0.785004 0.537842 16777215 0.000043
0.015786 0.584628 0.463449 12501444 0.999555
0.012900 0.734451 0.522880 15921906 0.974258
0.836838 0.789739 0.460704 14079959 0.999198
0.987008 0.401828 0.530211 16777215 0.142287
0.049175 0.216742 0.533170 16777215 0.999763
0.431131 0.202993 0.532079 7237231 0.000002
0.993378 0.290190 0.456067 16448506 0.999942
0.696699 0.209899 0.465962 9802899 0.999689
0.400681 0.787368 0.539908 16777215 0.898296
0.421828 0.202689 0.461217 3552565 0.999584
0.798805 0.784003 0.538878 16777215 0.006824
0.379196 0.208654 0.544015 16777215 0.999961
0.031347 0.589532 0.542406 16777215 0.979485
0.182499 0.789094 0.537860 11645876 0.996526
0.380717 0.788094 0.535679 13027269 0.998203
0.399494 0.218270 0.537370 16777215 0.999507
0.743221 0.210994 0.460399 7895414 0.999987
0.037392 0.484866 0.538819 16777215 0.038940
0.199861 0.214899 0.536984 16777215 0.999405
0.635211 0.213980 0.544250 16777215 0.999190
0.496844 0.215970 0.538693 16777215 0.999398
0.258295 0.786608 0.456855 16579836 0.863272
0.010636 0.333226 0.520423 16777215 0.987480
0.833465 0.786111 0.533950 16777215 0.997261
0.141904 0.786812 0.541586 16777215 0.995252
0.979945 0.519928 0.541473 16777215 0.234480
0.314912 0.783417 0.539035 16777215 0.002818
0.517167 0.786452 0.539543 16053748 0.999959
0.639778 0.213563 0.532211 4473923 0.790787
0.993940 0.523948 0.460548 15856112 0.999522
0.817420 0.209851 0.535790 2368548 0.999545
0.249996 0.211351 0.535849 3158062 0.984470
0.993006 0.519939 0.459662 16182506 0.997860
0.991156 0.333603 0.459114 15790578 0.987315
0.504498 0.206979 0.461452 5262925 0.999974
0.701336 0.786371 0.539359 15001059 0.999974
0.915016 0.208964 0.461205 9868693 1.000000
0.369450 0.206199 0.477409 7632498 0.999566
0.989520 0.397470 0.457935 15790574 0.999883
0.090643 0.789057 0.539683 16777215 0.999509
0.587153 0.217390 0.455516 14802655 0.999075
0.982292 0.325543 0.457989 14802910 0.999885
0.989852 0.713256 0.459557 15527920 0.980555
0.421302 0.216321 0.533122 7763313 0.684990
0.994896 0.595600 0.453201 15526635 0.994287
0.990708 0.716466 0.456137 15461098 0.999015
0.481858 0.793114 0.470023 10658978 0.607896
0.993212 0.463348 0.454820 16777215 0.997832
0.440788 0.206816 0.540303 5395542 0.865961
0.110353 0.793446 0.458697 15132647 0.995250
0.163077 0.787195 0.541582 16777215 0.000254
0.963425 0.382728 0.537576 16777215 0.003904
0.198743 0.789627 0.456547 14342875 0.976225
0.974419 0.553738 0.537302 16777215 0.262010
0.962997 0.435732 0.542022 16777215 0.989641
0.991249 0.716271 0.456966 14803427 0.998618
0.965468 0.515583 0.546185 16777215 0.758871
0.204848 0.788079 0.535787 14605021 0.008180
0.977747 0.537411 0.536130 16777215 0.030831
0.361954 0.789844 0.536420 12237242 0.999854
0.958794 0.577987 0.545026 16777215 0.480824
0.657126 0.787746 0.539842 16777215 0.922898
0.994170 0.538031 0.455948 15198440 0.999865
0.975171 0.514956 0.542366 16777215 0.289399
0.110269 0.207254 0.461926 13026757 0.999969
0.350192 0.795658 0.464999 10855590 0.991519
0.463803 0.785715 0.539657 16777215 0.999877
0.579622 0.200287 0.537742 197894 0.999851
0.256838 0.207074 0.537990 6513507 0.998022
0.990992 0.351540 0.460576 16446963 0.999671
0.690025 0.212083 0.536529 2170912 0.964768
0.969008 0.408995 0.534447 16777215 0.126840
0.006362 0.508032 0.459671 7303794 0.981753
0.012146 0.553081 0.463302 13421258 0.999613
0.964095 0.340313 0.536584 16777215 0.746042
0.672946 0.203102 0.458636 13816786 0.999505
0.177451 0.210207 0.532137 8421761 0.998056
0.973885 0.467022 0.539536 16777215 0.160480
0.167582 0.215853 0.458797 14671326 0.999722
0.670446 0.794531 0.465738 9868438 0.991714
0.481180 0.211618 0.461250 12237499 0.999225
0.421037 0.784382 0.542789 16777215 0.993119
0.501201 0.794576 0.464889 11777203 0.940884
0.545023 0.200202 0.455639 920587 0.998045
0.346635 0.203172 0.544535 7105388 0.994520
0.173876 0.214972 0.455078 16119286 0.999980
0.963383 0.539198 0.536956 16777215 0.827348
0.967130 0.592353 0.540850 16777215 0.819883
0.979205 0.620336 0.536283 16777215 0.075182
0.992689 0.517940 0.456542 16645887 0.999723
0.013239 0.580323 0.516525 16580604 0.998238
0.024714 0.539775 0.534810 16777215 0.075532
0.741375 0.217306 0.456109 13487053 0.999988
0.925045 0.219123 0.460823 16382458 0.997561
0.489312 0.783257 0.538561 15856368 0.999997
0.875764 0.217446 0.454678 10986918 1.000000
0.237950 0.207233 0.546698 16777215 0.996173
0.442957 0.220243 0.454563 16777215 0.629054
0.007571 0.405849 0.461931 9474193 0.985846
0.986654 0.453556 0.520777 16777215 0.937400
0.419645 0.212588 0.460082 11249319 0.999783
0.557706 0.788673 0.533997 13026757 0.990493
0.252265 0.791273 0.538422 14013909 0.999330
0.745032 0.226530 0.457989 12105651 0.999991
0.523105 0.208802 0.458088 14737889 0.999952
0.359425 0.206421 0.456813 13684428 0.999999
0.987579 0.679179 0.459051 15328744 0.998249
0.278654 0.205849 0.526547 8815491 0.000001
0.691980 0.798002 0.457641 11382188 0.912333
0.985326 0.705634 0.460880 16446711 0.393307
0.258408 0.207583 0.537941 16777215 0.997014
0.485907 0.220087 0.456525 16777215 0.000025
0.753138 0.794737 0.462372 11250860 0.992627
0.476373 0.791051 0.462671 11908531 0.622869
0.001534 0.332164 0.457851 10593954 0.969683
0.012260 0.486930 0.460696 16710394 0.962385
0.412291 0.790297 0.454058 15857401 0.982860
0.191556 0.210164 0.459549 9211018 0.999020
0.163300 0.219845 0.545038 16777215 0.999698
0.990955 0.642463 0.454728 14210775 0.999227
0.245483 0.793328 0.462308 12631744 0.998790
0.994650 0.508452 0.460413 14935784 0.998598
0.593693 0.211918 0.538676 16777215 0.999990
0.476765 0.206467 0.465892 12829120 0.999994
0.284119 0.791625 0.461557 12632510 0.996334
0.205385 0.212744 0.453066 14211031 0.999949
0.235832 0.210909 0.542168 16777215 0.999963
0.619149 0.210889 0.468124 7302508 0.821979
0.009115 0.484535 0.455921 14408668 0.999906
0.773361 0.208228 0.456676 6841956 0.999862
0.574385 0.205160 0.456856 7368816 0.999981
0.236888 0.207089 0.469697 13620693 0.999490
0.577859 0.210976 0.455587 15987955 0.999997
0.007167 0.469040 0.461692 13882838 0.999972
0.868130 0.217059 0.459622 12368829 0.999997
0.006602 0.345296 0.456624 13619150 0.998221
0.830927 0.206923 0.468552 7632244 0.942854
0.808959 0.202197 0.455675 10987686 0.999998
0.209909 0.212106 0.464898 11251632 0.999525
0.304487 0.207964 0.466185 14079959 0.999982
0.633399 0.211693 0.460475 13224395 0.999967
0.641941 0.216302 0.454238 12829377 0.999999
0.991574 0.617325 0.456080 15657962 0.998720
0.446079 0.209711 0.523387 8553085 0.000001
0.558410 0.791589 0.459290 11315884 0.897872
0.992264 0.698614 0.455869 16317181 0.540446
0.259761 0.211586 0.541811 16777215 0.996558
0.460456 0.217794 0.458914 16777215 0.000018
0.436558 0.209327 0.464677 7434867 0.737258
0.505003 0.795168 0.457865 16052976 0.996205
0.772356 0.793900 0.461764 10132636 0.995337
0.410791 0.791338 0.469805 10790049 0.718737
0.007409 0.279602 0.464822 8750469 0.957537
0.004412 0.312497 0.459177 16777215 0.940368
0.193805 0.204176 0.449634 10263450 0.999220
0.155674 0.212828 0.543103 16777215 0.999607
0.991554 0.674147 0.457237 15395302 0.998569
0.790190 0.788872 0.457976 15987700 0.986689
0.613485 0.215793 0.547473 16777215 0.999984
0.252106 0.795769 0.462278 14408664 0.994960
0.121543 0.208773 0.543348 16711679 0.999949
0.009879 0.368801 0.456643 12829891 0.999913
0.555125 0.205621 0.463148 6118492 0.814732
0.008777 0.625503 0.457985 15197926 0.999925
0.462297 0.790446 0.457546 14540511 0.999448
0.867962 0.207776 0.465695 8158590 0.999751
0.286775 0.201767 0.459479 9408143 0.999936
0.794855 0.794263 0.455294 9079687 0.997038
0.217764 0.208710 0.463045 10660009 0.999673
0.605477 0.209645 0.462980 10197658 0.999997
0.270207 0.208112 0.453085 2565929 0.997950
0.889271 0.215788 0.455825 12631999 0.999997
0.009493 0.480092 0.467785 14408666 0.998312
0.482867 0.204232 0.454708 14671326 0.999942
0.849137 0.204976 0.460461 5658453 0.969744
0.675068 0.205504 0.461056 10001820 0.999997
0.191481 0.218097 0.457407 13947858 0.999428
0.491298 0.208923 0.456348 11184809 1.000000
0.472837 0.206987 0.465705 13487825 0.999951
0.671929 0.211312 0.460936 10855843 0.999998
0.004356 0.782653 0.469673 10854819 0.989113
0.083230 0.795707 0.452349 15527920 0.892245
0.992560 0.789060 0.485598 15327712 0.817216
0.036540 0.344132 0.539324 16777215 0.552966
0.004982 0.207309 0.492223 10265502 0.867501
0.968773 0.275727 0.540660 16777215 0.943952
0.995478 0.793379 0.478435 11184298 0.997331
0.007205 0.795285 0.496405 12369850 0.990795
0.025397 0.210065 0.454454 15921135 0.907240
0.018257 0.210219 0.456958 12698304 0.994024
0.989004 0.717740 0.518458 16777212 0.038223
0.985813 0.214247 0.494218 8552574 0.997151
0.123499 0.207877 0.531226 7434609 0.969840
0.836560 0.214893 0.532464 16777215 0.988784
0.005306 0.731046 0.520186 11382443 0.467645
0.987790 0.212364 0.506598 7698293 0.998781
0.982796 0.787688 0.492911 12697279 0.987099
0.041563 0.794238 0.466305 11973298 0.802860
0.111769 0.207757 0.466931 5658711 0.819475
0.860876 0.784294 0.535441 16118768 0.998912
0.837387 0.784794 0.529727 9540241 0.976064
0.732825 0.214637 0.540629 16777215 0.989842
0.962442 0.284118 0.538884 16777215 0.045708
0.986301 0.747343 0.461547 16645887 0.677950
0.979840 0.788316 0.516541 15986416 0.994204
0.007374 0.665522 0.529968 16777215 0.907811
0.246556 0.211710 0.470024 14934497 0.994266
0.987478 0.278244 0.522377 16777215 0.623893
0.997246 0.247064 0.465878 15263718 0.991851
0.006154 0.208686 0.491627 9078663 0.989246
0.012866 0.283034 0.515625 13683921 0.007466
0.969729 0.218382 0.537372 16777215 0.993043
0.030353 0.213145 0.535441 16777215 0.996650
0.134593 0.208724 0.468758 12368830 0.979372
0.931522 0.785303 0.548516 15198698 0.997891
0.312672 0.787308 0.521358 11316653 0.000214
0.006163 0.429468 0.510909 12040375 0.000463
0.603676 0.792188 0.469763 10394779 0.480664
0.506308 0.793680 0.458060 14934753 0.902606
0.522222 0.209418 0.528358 5461590 0.952399
0.983533 0.787292 0.497850 10328987 0.996154
0.989397 0.304664 0.461652 15066087 0.999812
0.814282 0.217028 0.447632 16777215 0.303041
0.763527 0.796433 0.468980 9737620 0.474200
0.640656 0.215141 0.535497 16777215 0.996625
0.996571 0.790213 0.463179 12631746 0.998281
0.951341 0.212830 0.539294 16777215 0.998749
0.007486 0.577158 0.515183 11513776 0.168482
0.043831 0.787115 0.531180 13619150 0.980062
0.008552 0.208892 0.490830 9012612 0.992167
0.069957 0.212505 0.528529 13026500 0.994747
0.993827 0.664060 0.512971 16777214 0.000066
0.009022 0.482789 0.522807 16382713 0.716366
0.958580 0.769951 0.540954 16777215 0.867722
0.976149 0.702751 0.533233 16777215 0.745489
0.965720 0.784933 0.533152 15724528 0.999517
0.422943 0.220347 0.530869 16777215 0.869567
0.174089 0.486531 0.541611 16777215 0.016322
0.699879 0.437230 0.546971 16777215 0.185063
0.764275 0.578426 0.455969 16777215 0.147064
0.124588 0.213645 0.540632 16777215 0.922814
0.146334 0.780750 0.533285 16777215 0.009334
0.366683 0.210267 0.450513 16514301 0.383743
0.210883 0.211001 0.537174 7566966 0.960365
0.611923 0.791496 0.457466 15790320 0.648859
0.650953 0.789728 0.458747 16777215 0.925809
0.679678 0.536408 0.463382 16777215 0.123185
0.008445 0.310598 0.517904 10394781 0.477049
0.078971 0.213669 0.462410 9210764 0.998770
0.017946 0.768316 0.455341 14342617 0.993576
0.005706 0.672421 0.464521 8553089 0.865175
0.986371 0.396147 0.462629 16777215 0.703355
0.018687 0.211459 0.526712 11315883 0.984839
0.672581 0.787034 0.529031 10329245 0.979167
0.025928 0.727766 0.535769 16777215 0.243106
0.759424 0.787592 0.525398 11513518 0.860029
0.330136 0.524462 0.533180 16777215 0.877151
0.006966 0.263843 0.453487 14737889 0.999148
0.980770 0.612024 0.532855 16777215 0.198761
0.140439 0.795986 0.465475 11512238 0.998403
0.003079 0.768214 0.465968 10724257 0.988855
0.962178 0.703554 0.542848 16777215 0.001752
0.046701 0.783882 0.533850 16777215 0.996118
0.986986 0.761387 0.455956 15460072 0.999185
0.005510 0.210173 0.510579 11118505 0.998035
0.011937 0.466831 0.517369 16711679 0.056549
0.257579 0.784067 0.461909 14803425 0.561669
0.010906 0.391884 0.458533 16382712 0.878020
0.934852 0.783398 0.529236 16777215 0.837788
0.977872 0.747741 0.538094 16777215 0.068112
0.559605 0.218949 0.538335 16777215 0.980773
0.009210 0.622894 0.530838 16777215 0.818298
0.731391 0.781308 0.533132 16777215 0.991631
0.008124 0.795113 0.497670 11578541 0.508398
0.027405 0.316860 0.538393 16777215 0.739382
0.947507 0.799652 0.464909 14539995 0.916813
0.013149 0.514217 0.465722 16777215 0.246561
0.527610 0.779235 0.534341 16777215 0.134777
0.913303 0.209860 0.531861 4145473 0.994962
0.255750 0.212589 0.466677 9143942 0.741483
0.012732 0.668990 0.461478 12960964 0.990089
0.207371 0.431036 0.534207 16777215 0.721431
0.679782 0.222991 0.532409 16777215 0.950092
0.956688 0.443125 0.538398 16777215 0.118026
0.247683 0.420915 0.542189 16777215 0.908390
0.326831 0.473361 0.540036 16777215 0.951433
0.027101 0.765473 0.533352 16777215 0.195767
0.040684 0.783389 0.450361 15658733 0.995500
0.052053 0.208518 0.464017 14605790 0.997412
0.983329 0.255266 0.525759 16777215 0.618714
0.500191 0.217414 0.534585 16777215 0.997612
0.983401 0.753661 0.524971 16777215 0.621615
0.726060 0.209350 0.531115 6909036 0.604115
0.283506 0.427727 0.542937 16777215 0.946259
0.989709 0.591753 0.518353 16777215 0.000136
0.984050 0.787487 0.512420 13355978 0.997853
0.009858 0.642710 0.516832 14409697 0.988436
0.182611 0.547860 0.467988 16777215 0.002664
0.941896 0.213207 0.459295 65536 0.997818
0.798245 0.568987 0.455682 16777215 0.227037
0.220793 0.570693 0.447397 16777215 0.000001
0.675314 0.780681 0.533672 16777215 0.032400
0.312734 0.446763 0.544568 16777215 0.914358
0.966293 0.248362 0.537524 16777215 0.555981
0.915135 0.213600 0.533885 16777215 0.999487
0.005579 0.511184 0.468460 16777215 0.787350
0.026379 0.676959 0.537517 16777215 0.730692
0.815094 0.545767 0.451019 16777215 0.115087
0.079226 0.783463 0.451736 15329258 0.967774
0.974349 0.669251 0.534027 16777215 0.763805
0.465889 0.210530 0.530125 6710886 0.201673
0.027078 0.527861 0.538242 16777215 0.835165
0.008834 0.277574 0.459337 11514030 0.999596
0.324854 0.793385 0.449346 15921906 0.991519
0.727217 0.420671 0.541231 16777215 0.800733
0.966489 0.321189 0.538672 16777215 0.915007
0.956313 0.784706 0.531264 8027261 0.991211
0.012422 0.385417 0.527162 16777215 0.105559
0.186251 0.457580 0.533503 16777215 0.053669
0.009473 0.721685 0.461906 13750736 0.999418
0.006107 0.649678 0.515946 10395296 0.257794
0.126687 0.791651 0.538784 13421774 0.996161
0.010107 0.262333 0.526865 16777215 0.900989
0.986612 0.555707 0.463160 16777215 0.000333
0.024457 0.261233 0.533219 16777215 0.112431
0.005275 0.434629 0.459502 12763586 0.991609
0.324679 0.206724 0.537040 7302509 0.967475
0.746923 0.209666 0.471553 4605769 0.901692
0.181048 0.784435 0.464413 15264231 0.991867
0.897067 0.785799 0.453151 12631746 0.970001
0.265863 0.215298 0.532723 16777215 0.996835
0.035442 0.406061 0.537540 16777215 0.443538
0.263388 0.424947 0.455183 16777215 0.010036
0.099888 0.218583 0.458081 16777215 0.488848
0.598982 0.791307 0.537395 10856358 0.971032
0.037237 0.623163 0.534827 16777215 0.000081
0.425390 0.792804 0.456380 15920622 0.936846
0.988015 0.367809 0.518328 16777215 0.296152
0.008841 0.575196 0.458857 16777215 0.802302
0.973631 0.663828 0.530500 16777215 0.000681
0.007572 0.695051 0.518087 11910072 0.299681
0.777696 0.426867 0.541630 16777215 0.169492
0.994027 0.779659 0.459767 15724782 0.993157
0.858628 0.208613 0.535160 2895149 0.979189
0.008788 0.390142 0.520580 11776691 0.434084
0.262078 0.794384 0.462080 15066595 0.994467
0.931389 0.793544 0.454788 5987419 0.991764
0.060419 0.216070 0.464287 8355709 0.961827
0.889530 0.789242 0.454428 11316397 0.998408
0.558897 0.787808 0.453413 16777215 0.974307
0.613212 0.211224 0.534521 6579043 0.665391
0.102217 0.219627 0.541856 16777215 0.995808
0.958311 0.785091 0.531358 15395820 0.999970
0.991158 0.587264 0.459644 15461097 0.996907
0.005687 0.330678 0.461539 14540252 0.999885
0.243469 0.789332 0.531093 14014166 0.017983
0.991766 0.393737 0.458814 16645885 0.993672
0.617082 0.214773 0.457972 16777215 0.997477
0.207857 0.783604 0.534139 16777215 0.997614
0.990146 0.472576 0.459432 14803167 0.999451
0.906035 0.784459 0.442262 15068652 0.988939
0.400011 0.210860 0.531179 4210753 0.000001
0.040131 0.567017 0.537561 16777215 0.496231
0.321053 0.211164 0.453634 16777215 0.060875
0.990063 0.272300 0.459443 15790832 0.998556
0.222792 0.576271 0.461077 16777215 0.026776
0.011371 0.525132 0.528561 16777215 0.339026
0.808278 0.446418 0.542886 16777215 0.112283
0.002870 0.715707 0.461749 7829623 0.998542
0.277773 0.210576 0.464913 9211274 0.381443
0.948753 0.205487 0.461788 7564138 0.999981
0.574540 0.781232 0.532389 16777215 0.882469
0.032027 0.449789 0.537335 16777215 0.650128
0.007516 0.324224 0.525268 16382458 0.927345
0.008062 0.301279 0.458749 14277080 0.999937
0.258161 0.781537 0.535601 16777215 0.696615
0.991257 0.621752 0.460436 15988212 0.999766
0.244870 0.779704 0.533128 16777215 0.000175
0.981565 0.390152 0.523364 16776957 0.110304
0.028683 0.581313 0.539142 16777215 0.989314
0.141973 0.806567 0.463706 11316401 0.988697
0.991295 0.298192 0.453995 15396079 0.999947
0.399866 0.783328 0.535173 16777215 0.954554
0.252950 0.214513 0.466689 9606035 0.997777
0.764349 0.207495 0.470681 11841715 0.997447
0.786036 0.781269 0.523542 16777213 0.999136
0.794214 0.780165 0.535602 16777215 0.022658
0.393849 0.215795 0.534510 16777215 0.999972
0.034871 0.577819 0.539111 16777215 0.990399
0.189286 0.788951 0.527154 12961222 0.997037
0.004656 0.695366 0.460786 13159112 0.999284
0.992642 0.433886 0.457724 14343131 0.999931
0.396722 0.790463 0.531064 13225162 0.999211
0.421972 0.217184 0.535200 16777215 0.999502
0.992400 0.646714 0.452439 16382972 0.609330
0.462591 0.206650 0.461605 591111 0.951759
0.927502 0.214336 0.463331 9934230 0.999633
0.033833 0.502372 0.537753 16777215 0.035468
0.035320 0.475105 0.539610 16777215 0.962846
0.182537 0.215308 0.536479 16777215 0.999672
0.913871 0.212683 0.469137 8883852 0.999958
0.034754 0.485840 0.541977 16777215 0.977034
0.111578 0.212574 0.463368 15328741 0.999900
0.184338 0.207577 0.460862 0 0.998497
0.609206 0.217381 0.530962 16777215 0.999359
0.752696 0.208693 0.530701 4408131 0.976650
0.493365 0.217787 0.535458 16777215 0.999674
0.526785 0.216181 0.538553 16777215 0.999980
0.374035 0.213721 0.536136 5262670 0.000516
0.191423 0.792241 0.462379 10921896 0.983108
0.853566 0.781971 0.530496 16777215 0.999152
0.157571 0.785807 0.539962 16777215 0.997771
0.949035 0.342241 0.538479 16777215 0.000779
0.126209 0.785477 0.531232 16777215 0.997571
0.002812 0.460118 0.462707 7434865 0.981547
0.124368 0.215639 0.463411 10658211 0.999875
0.988470 0.396738 0.460092 16777215 0.985172
0.826811 0.785385 0.447471 13619405 0.999201
0.308270 0.778240 0.531716 16777215 0.011588
0.519225 0.784072 0.535789 15724784 0.999972
0.626994 0.206126 0.535195 4012858 0.873527
0.994212 0.516002 0.454773 14737377 0.999824
0.038629 0.515744 0.538807 16777215 0.957511
0.121577 0.781143 0.459183 15856369 0.996732
0.813478 0.208647 0.534237 2434341 0.999784
0.256102 0.208172 0.535539 3092013 0.984547
0.082088 0.783987 0.538296 16777215 0.999680
0.004911 0.722042 0.454390 14408666 0.999928
0.989357 0.645991 0.453731 15988212 0.998085
0.987914 0.320324 0.452797 15396332 0.991513
0.713421 0.783766 0.533400 14474718 0.999991
0.613142 0.204649 0.458561 11185324 0.999907
0.992190 0.730909 0.457123 15001573 0.999487
0.879601 0.216844 0.461831 11842739 1.000000
0.558621 0.217117 0.459773 7302767 0.950133
0.988921 0.400624 0.463312 15330538 0.999915
0.097285 0.786201 0.532671 16777215 0.999773
0.589401 0.213105 0.457900 15921394 0.999254
0.991971 0.333195 0.459730 15789807 0.999939
0.991436 0.706922 0.461182 16317179 0.985199
0.542939 0.213387 0.538488 16777215 0.999688
0.417401 0.208592 0.536830 7630703 0.854889
0.187830 0.780708 0.457965 13421255 0.977216
0.993540 0.688750 0.458497 15133415 0.999346
0.480156 0.795206 0.465135 11118759 0.699676
0.711660 0.210523 0.535391 3289395 0.999846
0.990290 0.685787 0.456874 15722467 0.994045
0.583013 0.208782 0.465604 12040636 0.999988
0.454740 0.219868 0.536287 16777215 0.999975
0.958665 0.371252 0.538996 16777215 0.006601
0.202095 0.799118 0.463566 14407379 0.963311
0.972745 0.570320 0.535619 16777215 0.288678
0.960840 0.420000 0.544657 16777215 0.994658
0.995264 0.718886 0.454753 16777215 0.998427
0.346684 0.208180 0.456110 13422285 0.999908
0.965435 0.506053 0.538503 16777215 0.757909
0.198830 0.787815 0.525645 13685200 0.015206
0.973432 0.554097 0.536091 16777215 0.023955
0.988274 0.611731 0.458460 15658734 0.999590
0.632752 0.783146 0.533931 16777215 0.944092
0.988071 0.356890 0.462828 15593189 0.998819
0.971175 0.511701 0.537134 16777215 0.400548
0.318011 0.216285 0.526269 7828852 0.000271
0.075484 0.214527 0.464214 12960965 0.999944
0.478555 0.783144 0.525578 16777215 0.999928
0.278130 0.210970 0.532896 5921370 0.999094
0.990325 0.343564 0.464295 16777213 0.999777
0.687796 0.206665 0.536384 2369064 0.978146
0.006282 0.416880 0.446907 16776957 0.997638
0.973271 0.393919 0.530586 16777215 0.085916
0.000280 0.513685 0.461111 8618881 0.984205
0.851946 0.208816 0.463127 11579567 0.999991
0.983666 0.492519 0.528283 15855333 0.094112
0.003980 0.494685 0.462187 9868691 0.998023
0.116113 0.211025 0.457893 15461100 0.999960
0.964526 0.347956 0.537706 16777215 0.686155
0.733876 0.214271 0.539985 16777215 0.999979
0.169649 0.206298 0.537594 8618882 0.998468
0.977421 0.464653 0.529534 16777215 0.112814
0.166365 0.211062 0.459033 13224649 0.999700
0.389533 0.213416 0.458830 2037526 0.994984
0.699711 0.791166 0.461373 11382446 0.996064
0.455601 0.213525 0.461453 12500412 0.999672
0.862150 0.793514 0.462089 10593183 0.999805
0.425608 0.783200 0.535776 16777215 0.995565
0.887465 0.212589 0.467282 4277060 0.998995
0.795694 0.211817 0.464597 4275003 0.999978
0.637634 0.209679 0.466588 5724501 0.953650
0.500985 0.785337 0.462209 13289930 0.963517
0.583845 0.785192 0.452771 15264491 0.979498
0.327390 0.200590 0.545095 8092279 0.993450
0.991428 0.475124 0.460965 14342616 0.999530
0.188004 0.213403 0.463015 13750736 0.999978
0.463901 0.208466 0.465103 10658722 0.999972
0.963648 0.606326 0.539094 16777215 0.596512
0.973299 0.619996 0.535064 16777215 0.063547
0.717705 0.210268 0.463089 8092024 0.999997
0.485046 0.205145 0.539235 5657941 0.992950
0.990831 0.518226 0.459435 16776957 0.999658
0.007051 0.599727 0.523827 15856114 0.998757
0.025538 0.556995 0.530985 16777215 0.159935
0.951870 0.787848 0.464974 11053738 0.966079
0.994818 0.574024 0.455249 15395308 0.999872
0.282168 0.208224 0.460970 12435133 0.999991
0.893463 0.215635 0.458884 16119543 0.998250
0.501286 0.783492 0.531894 15461868 0.999999
0.145296 0.211042 0.532171 16777215 0.999630
0.426533 0.212129 0.545400 16777215 0.998285
0.995703 0.683133 0.453101 15395304 0.999525
0.218286 0.208165 0.545855 16777215 0.997888
0.979082 0.472796 0.534383 16777215 0.956167
0.812616 0.208486 0.463572 12565950 1.000000
0.566352 0.792866 0.526723 11514548 0.993591
0.605388 0.790692 0.538057 11052712 0.992369
0.441823 0.214891 0.543066 16777215 0.997947
0.259684 0.788193 0.532274 14408667 0.999263
0.604347 0.213713 0.456843 16316669 0.999339
0.486243 0.212230 0.450273 16777215 0.876977
0.974795 0.624158 0.537739 16777215 0.542726
0.416622 0.225519 0.451419 16054771 0.999959
0.976726 0.522292 0.518707 16777215 0.000035
0.035159 0.392746 0.540513 16777215 0.398358
0.596422 0.216549 0.457330 16777215 0.999448
0.957327 0.521922 0.539580 16777215 0.691168
0.992610 0.550533 0.474384 16777213 0.999799
0.150162 0.223760 0.473163 13751255 0.999498
0.348600 0.207379 0.528898 6119008 0.994396
0.171754 0.223687 0.461149 15001575 0.999965
0.755684 0.206057 0.454450 14276308 0.999996
0.902515 0.214770 0.453928 12171961 1.000000
0.533718 0.207697 0.462335 15592685 0.999955
0.784247 0.204609 0.460739 7436658 0.999922
0.002779 0.688463 0.470268 11842739 0.997809
0.007001 0.625419 0.461590 9013384 0.993488
0.715355 0.207178 0.466101 6381664 0.438290
0.989820 0.512869 0.519803 16777215 0.000039
0.738483 0.213831 0.458091 16777215 0.952928
0.002900 0.309486 0.463868 9408143 0.956143
0.920316 0.215414 0.449984 16513528 0.983400
0.271703 0.785600 0.532862 16777215 0.999800
0.008642 0.453167 0.456420 16777215 0.999626
0.637641 0.206525 0.474845 11184038 0.999977
0.653448 0.216504 0.457315 16777215 0.528232
0.409652 0.215068 0.459359 14079445 0.999983
0.211137 0.799276 0.465464 10921894 0.992913
0.005425 0.493130 0.464211 11052968 0.999393
0.845774 0.787729 0.458863 12895942 0.998999
0.334825 0.210094 0.459080 2038811 0.999636
0.339284 0.209485 0.540963 16777215 0.999851
0.995281 0.740852 0.453697 13487053 0.997394
0.277689 0.781243 0.457679 16776186 0.837148
0.300412 0.797263 0.457567 11316395 0.977437
0.703863 0.788248 0.459155 14015445 0.992188
0.496399 0.226530 0.457501 16776958 0.536548
0.995751 0.671305 0.458933 16514042 0.977176
0.246551 0.212780 0.466143 12040631 0.999993
0.702653 0.781770 0.450003 14868449 0.914196
0.426519 0.800822 0.454640 9013898 0.997116
0.588972 0.207052 0.538447 0 0.999723
0.744291 0.215212 0.453519 14277597 0.999999
0.007085 0.522979 0.451893 13881550 0.999743
0.329096 0.201122 0.457963 11974325 0.999997
0.495497 0.209017 0.468655 10328731 0.999666
0.002391 0.461432 0.468359 13882323 0.999745
0.591185 0.212485 0.465042 11645620 0.999996
0.429208 0.208179 0.461324 13355979 0.999958
0.991646 0.659213 0.452813 15329773 0.999388
0.002219 0.472934 0.462367 11514033 0.987521
0.662913 0.203436 0.458064 12565695 1.000000
0.446901 0.203953 0.459278 10855844 0.999893
0.920493 0.204631 0.459441 13027524 0.999995
0.568352 0.211660 0.456450 13356494 0.999999
0.452421 0.210033 0.462908 13817556 0.999970
0.312969 0.211746 0.454128 14211544 0.999998
0.404308 0.209497 0.460660 6118234 0.999911
0.229071 0.211925 0.455110 14672097 0.999935
0.816153 0.208112 0.456161 7236464 0.999938
0.598275 0.226454 0.465599 16513535 0.999977
0.011490 0.673838 0.459087 15658479 0.996332
0.013047 0.639627 0.448166 11118760 0.985191
0.584985 0.208771 0.463197 7895415 0.362313
0.990395 0.517150 0.520276 16777215 0.000033
0.716768 0.214324 0.457670 16777215 0.948793
0.003250 0.332558 0.465331 9211277 0.958996
0.718201 0.215562 0.458359 16053746 0.991837
0.314229 0.780999 0.532877 15724785 0.999798
0.006568 0.298018 0.447071 16777215 0.999587
0.588122 0.209459 0.478726 10331294 0.999961
0.553502 0.209464 0.460967 16777215 0.541560
0.412239 0.215055 0.459564 15329767 0.999973
0.227024 0.794711 0.467054 10526625 0.993217
0.001378 0.573350 0.463681 10197914 0.999360
0.832574 0.793090 0.463847 12961734 0.999187
0.471987 0.209600 0.457719 2499623 0.999649
0.371541 0.214322 0.543425 16777215 0.999826
0.987872 0.721723 0.460535 14605790 0.996442
0.174028 0.783492 0.454386 16777215 0.836458
0.203189 0.785829 0.460154 12369339 0.970521
0.691022 0.778698 0.448602 14737373 0.994256
0.637829 0.210688 0.451185 16777215 0.586114
0.993275 0.646260 0.459328 14211290 0.984516
0.276764 0.204249 0.456098 15856882 0.999990
0.723130 0.801227 0.468792 10526625 0.900109
0.329004 0.783950 0.454853 12500156 0.995695
0.683427 0.202519 0.538402 0 0.999711
0.890067 0.209975 0.463482 12238523 0.999999
0.004795 0.541030 0.454057 13355723 0.999740
0.392788 0.204829 0.464860 8618882 0.999996
0.433990 0.202825 0.451844 14342873 0.999855
0.008115 0.416089 0.457727 12763586 0.999540
0.692010 0.211560 0.461458 12632514 0.999997
0.310708 0.206022 0.447683 13948372 0.999981
0.994417 0.730375 0.455810 15329258 0.999364
0.005201 0.437371 0.466868 9737109 0.980936
0.698792 0.207864 0.453582 12170680 1.000000
0.397682 0.212358 0.459884 13750480 0.999926
0.888888 0.220841 0.457063 14605788 0.999998
0.659532 0.205014 0.463029 12434364 0.999999
0.557578 0.209531 0.459392 13817044 0.999962
0.316489 0.214151 0.460503 14013652 0.999999
0.332586 0.212312 0.461645 6512992 0.999909
0.322102 0.204099 0.464180 13224647 0.999946
0.788194 0.216239 0.455655 8092281 0.999921
0.634956 0.206453 0.458953 16644858 0.999986
