Point_ID Label
0 32273
1 33125
2 37665
3 27280
4 49844
5 25498
6 63400
7 56888
8 2968
9 33125
10 53605
11 25560
12 33125
13 25370
14 25498
15 4453
16 56681
17 33125
18 49332
19 25498
20 49960
21 56681
22 56681
23 39713
24 33125
25 33125
26 27425
27 864
28 56681
29 49445
30 64033
31 2970
32 1829
33 4453
34 33125
35 11797
36 792
37 17184
38 29608
39 56681
40 17184
41 28177
42 55809
43 33125
44 7521
45 33125
46 17256
47 33125
48 53605
49 53605
50 33125
51 16736
52 25560
53 33125
54 55808
55 55073
56 1896
57 32273
58 56888
59 25496
60 56681
61 56881
62 23057
63 50072
64 25504
65 2328
66 33125
67 33125
68 56881
69 53605
70 53605
71 2968
72 56681
73 58144
74 56881
75 1896
76 64033
77 25560
78 53605
79 4453
80 51000
81 28161
82 1896
83 53605
84 33125
85 33125
86 10157
87 53793
88 2968
89 49332
90 33125
91 33125
92 53605
93 25560
94 23041
95 53601
96 4453
97 27393
98 33125
99 357
100 56681
101 53605
102 63469
103 56881
104 31249
105 888
106 18208
107 49445
108 792
109 56681
110 53605
111 33125
112 33125
113 56881
114 53605
115 56888
116 13228
117 49445
118 33125
119 1888
120 26413
121 62113
122 49844
123 56681
124 33125
125 33125
126 56880
127 56681
128 53605
129 23057
130 23057
131 31249
132 53605
133 23057
134 56681
135 27265
136 33125
137 33125
138 31249
139 33125
140 27528
141 33125
142 872
143 56881
144 53605
145 23041
146 25560
147 33125
148 28177
149 357
150 56681
151 53809
152 56888
153 51000
154 33125
155 856
156 56888
157 53605
158 4968
159 56681
160 58136
161 33125
162 33125
163 53605
164 10029
165 61797
166 32273
167 4453
168 53605
169 1888
170 58144
171 33125
172 33125
173 56889
174 2970
175 64033
176 33125
177 27280
178 56889
179 62121
180 33125
181 19209
182 56681
183 51000
184 16672
185 53605
186 23041
187 53605
188 18961
189 33125
190 53605
191 55840
192 2840
193 25384
194 32273
195 32273
196 61281
197 5473
198 17176
199 53541
200 25498
201 33125
202 25560
203 10088
204 33125
205 2968
206 53604
207 56681
208 33125
209 56889
210 61797
211 58725
212 33125
213 56681
214 56096
215 18961
216 33125
217 25368
218 8997
219 53605
220 56681
221 64865
222 23185
223 63272
224 56673
225 53793
226 56681
227 56673
228 64033
229 33125
230 51000
231 19209
232 14176
233 26536
234 53605
235 872
236 59168
237 33125
238 23041
239 56681
240 23057
241 33125
242 56888
243 61797
244 792
245 53792
246 56681
247 56865
248 32273
249 5473
250 51000
251 33125
252 18944
253 56681
254 49509
255 5477
256 31249
257 53537
258 65377
259 37221
260 27425
261 18944
262 55096
263 33125
264 794
265 56880
266 25560
267 25496
268 27552
269 53605
270 33125
271 25498
272 56681
273 54328
274 31249
275 49953
276 49509
277 25496
278 33125
279 53809
280 2840
281 53605
282 53605
283 16677
284 25568
285 5992
286 56888
287 58264
288 33125
289 61281
290 15905
291 56681
292 64097
293 56881
294 56888
295 11777
296 56881
297 4960
298 56888
299 33125
300 7529
301 52920
302 23057
303 56681
304 56681
305 872
306 792
307 53605
308 33125
309 29608
310 53605
311 2328
312 25432
313 2968
314 37221
315 1829
316 52920
317 25498
318 32273
319 53605
320 51041
321 53601
322 56881
323 32273
324 2328
325 33125
326 33125
327 56681
328 9048
329 49509
330 17152
331 49445
332 17304
333 56881
334 53605
335 55840
336 33125
337 53605
338 26413
339 54056
340 872
341 25480
342 27152
343 51000
344 33125
345 17765
346 27528
347 28177
348 32273
349 33125
350 33125
351 3873
352 19233
353 856
354 25496
355 9176
356 25498
357 33125
358 53605
359 27153
360 1829
361 53605
362 5472
363 56888
364 56888
365 17200
366 28513
367 33125
368 32273
369 33125
370 56681
371 52120
372 53605
373 49504
374 33125
375 5992
376 25440
377 49445
378 27153
379 27425
380 64033
381 63469
382 53601
383 4453
384 25505
385 51000
386 5473
387 10157
388 51000
389 49445
390 32273
391 33125
392 61797
393 52000
394 49509
395 25496
396 33125
397 49944
398 49509
399 49444
400 33125
401 56681
402 49572
403 33125
404 57193
405 18977
406 56881
407 25498
408 53605
409 57700
410 18208
411 65121
412 25498
413 64033
414 54833
415 33125
416 33125
417 64865
418 53605
419 56681
420 53605
421 25560
422 17184
423 23041
424 51713
425 55808
426 23057
427 53605
428 53605
429 26405
430 6689
431 31233
432 32273
433 33125
434 53605
435 10157
436 53605
437 49509
438 53605
439 56889
440 33125
441 56881
442 49946
443 888
444 53605
445 25498
446 56681
447 33125
448 2328
449 56681
450 56888
451 63272
452 33125
453 2328
454 53605
455 53605
456 25560
457 32273
458 56681
459 56681
460 5473
461 56888
462 33125
463 53605
464 62371
465 27521
466 53605
467 25498
468 53605
469 55825
470 33125
471 49636
472 18944
473 17208
474 33125
475 49445
476 53605
477 25576
478 23881
479 17765
480 33125
481 51000
482 55953
483 25496
484 33125
485 2328
486 10080
487 33125
488 33125
489 51000
490 53605
491 49509
492 56889
493 872
494 56888
495 56881
496 28193
497 37688
498 33125
499 33125
500 53605
501 25498
502 49332
503 5473
504 365
505 7529
506 5473
507 60192
508 56681
509 33125
510 51000
511 33125
512 33125
513 56888
514 56681
515 56681
516 888
517 33125
518 56880
519 49332
520 888
521 63400
522 20836
523 9176
524 33125
525 49952
526 53605
527 1896
528 6689
529 33125
530 53605
531 37221
532 56888
533 53605
534 23057
535 33125
536 55072
537 61797
538 33125
539 37221
540 23057
541 25560
542 33061
543 53605
544 33125
545 53605
546 25498
547 55073
548 53605
549 52024
550 56681
551 9112
552 27425
553 25344
554 64865
555 50533
556 56888
557 33125
558 49957
559 33125
560 49445
561 56681
562 872
563 53605
564 10088
565 53604
566 56617
567 53605
568 2970
569 56888
570 37688
571 23057
572 52920
573 33125
574 53605
575 33125
576 49844
577 62121
578 51000
579 65057
580 54041
581 64865
582 33125
583 65377
584 33125
585 32273
586 25400
587 56681
588 33125
589 17184
590 33125
591 4453
592 62248
593 64097
594 63272
595 33125
596 49509
597 53605
598 33125
599 28417
600 53605
601 51000
602 56673
603 1896
604 32273
605 58144
606 33125
607 352
608 33125
609 28177
610 37221
611 63272
612 39713
613 33125
614 888
615 53605
616 17189
617 23057
618 51000
619 56881
620 56888
621 33125
622 25560
623 53613
624 10021
625 25560
626 59168
627 49445
628 53605
629 18977
630 56881
631 64865
632 56681
633 25480
634 33125
635 64097
636 5473
637 23057
638 26153
639 56681
640 25498
641 9112
642 33125
643 56881
644 53605
645 357
646 33125
647 26413
648 65377
649 53605
650 5477
651 16677
652 53605
653 33125
654 17304
655 4448
656 56889
657 49509
658 25370
659 26408
660 792
661 33125
662 49509
663 56888
664 888
665 63400
666 56880
667 2328
668 53605
669 64033
670 25560
671 53604
672 25370
673 10157
674 53605
675 32273
676 25496
677 17185
678 33125
679 56681
680 10157
681 52920
682 1896
683 25496
684 58725
685 53793
686 10157
687 792
688 49445
689 6689
690 56881
691 5992
692 26145
693 33125
694 56865
695 56881
696 65121
697 56681
698 53605
699 53605
700 56681
701 33125
702 20837
703 25370
704 61793
705 49509
706 37221
707 33125
708 33125
709 54629
710 64865
711 54049
712 33125
713 33125
714 53605
715 23185
716 63469
717 49445
718 55840
719 23057
720 7521
721 64865
722 53797
723 4984
724 49844
725 4984
726 49445
727 49509
728 1896
729 25441
730 33125
731 50533
732 17189
733 56889
734 28177
735 49509
736 26153
737 37221
738 32273
739 33125
740 56417
741 27544
742 33125
743 1381
744 49509
745 32273
746 25496
747 53605
748 25498
749 21861
750 53605
751 64033
752 33125
753 64096
754 53605
755 4453
756 53605
757 49960
758 33125
759 27560
760 29608
761 53605
762 25512
763 888
764 53605
765 33125
766 10157
767 28177
768 2328
769 28177
770 53605
771 53605
772 33125
773 56681
774 25480
775 17306
776 53605
777 2840
778 33125
779 25560
780 17176
781 37221
782 53604
783 25512
784 56681
785 25498
786 49509
787 33125
788 32273
789 25480
790 53605
791 25498
792 56881
793 53605
794 2328
795 24097
796 33125
797 33125
798 53605
799 23057
800 1829
801 53605
802 2329
803 10157
804 23057
805 25496
806 17304
807 56881
808 53605
809 62113
810 33125
811 4984
812 64865
813 64033
814 28177
815 1888
816 2328
817 4968
818 33125
819 25560
820 33125
821 23041
822 33125
823 57185
824 49636
825 31249
826 17160
827 56088
828 63272
829 53605
830 33125
831 18961
832 56881
833 33125
834 27280
835 51000
836 64865
837 49445
838 49944
839 31249
840 27521
841 33125
842 17176
843 61793
844 53605
845 53605
846 9176
847 56681
848 56681
849 28177
850 53605
851 31249
852 33125
853 18712
854 856
855 33125
856 33125
857 49572
858 23057
859 37221
860 49976
861 55840
862 18944
863 64865
864 62817
865 54328
866 33125
867 32257
868 53605
869 33125
870 65121
871 49844
872 25580
873 56681
874 25370
875 25498
876 50533
877 49509
878 54048
879 53605
880 51000
881 2329
882 33125
883 56888
884 64033
885 25370
886 56681
887 56888
888 53605
889 53605
890 53605
891 2968
892 25496
893 53605
894 56681
895 53605
896 23057
897 26413
898 26157
899 15905
900 33125
901 27416
902 56881
903 53605
904 53605
905 56881
906 33125
907 33125
908 2376
909 49572
910 33125
911 64033
912 56681
913 49844
914 25498
915 56888
916 49509
917 25496
918 56880
919 63405
920 32273
921 888
922 33125
923 53605
924 52920
925 65120
926 53605
927 56681
928 33125
929 9128
930 33125
931 56681
932 18961
933 33125
934 25370
935 25512
936 28177
937 18776
938 53537
939 53605
940 53605
941 49509
942 51000
943 33125
944 54629
945 56681
946 28177
947 856
948 53813
949 25498
950 56681
951 58152
952 872
953 31249
954 56888
955 53605
956 61793
957 25370
958 54625
959 63469
960 56681
961 56888
962 57697
963 53280
964 19224
965 31249
966 61797
967 56681
968 56681
969 19209
970 32273
971 17176
972 56681
973 56881
974 53605
975 63465
976 53605
977 32273
978 2825
979 2328
980 17176
981 56681
982 31249
983 16740
984 57696
985 56881
986 25370
987 64033
988 56681
989 56888
990 57697
991 56673
992 29608
993 56888
994 53605
995 51000
996 56888
997 26413
998 33061
999 56681
1000 65121
1001 4984
1002 53605
1003 63841
1004 56681
1005 51000
1006 56881
1007 5473
1008 2328
1009 56681
1010 56681
1011 25496
1012 2393
1013 51000
1014 64865
1015 51000
1016 2328
1017 56681
1018 17304
1019 33125
1020 56681
1021 53605
1022 25480
1023 56881
1024 49952
1025 27153
1026 2393
1027 25496
1028 56881
1029 64033
1030 56681
1031 56888
1032 61793
1033 56681
1034 2328
1035 33125
1036 56681
1037 64097
1038 25496
1039 56888
1040 26413
1041 33061
1042 56681
1043 65121
1044 55808
1045 56681
1046 26153
1047 10080
1048 53605
1049 25381
1050 56888
1051 63405
1052 25480
1053 51000
1054 25377
1055 2840
1056 2328
1057 32273
1058 25496
1059 53605
1060 25498
1061 56681
1062 26413
1063 55841
1064 5984
1065 27544
1066 64033
1067 57889
1068 25496
1069 56681
1070 25560
1071 25498
1072 53605
1073 31249
1074 25370
1075 26413
1076 63469
1077 32273
1078 25512
1079 56888
1080 56880
1081 17304
1082 25480
1083 56888
1084 49944
1085 18712
1086 32273
1087 792
1088 25498
1089 23057
1090 17168
1091 25498
1092 2970
1093 51000
1094 4984
1095 56888
1096 32273
1097 25496
1098 25370
1099 56681
1100 19200
1101 5472
1102 18945
1103 2328
1104 54841
1105 357
1106 54565
1107 23041
1108 63469
1109 32273
1110 56681
1111 32273
1112 53605
1113 63841
1114 4984
1115 17304
1116 32273
1117 2328
1118 19288
1119 49509
1120 58136
1121 61797
1122 64001
1123 25498
1124 32273
1125 19224
1126 33061
1127 32273
1128 32257
1129 56681
1130 64865
1131 51000
1132 31249
1133 2329
1134 37665
1135 2328
1136 33125
1137 56681
1138 56681
1139 19224
1140 26413
1141 51000
1142 27153
1143 25496
1144 57129
1145 17178
1146 26401
1147 64033
1148 56681
1149 33125
1150 65377
1151 51000
1152 9112
1153 25370
1154 53605
1155 56888
1156 53605
1157 61281
1158 2377
1159 33125
1160 17178
1161 56681
1162 56681
1163 56681
1164 1888
1165 56673
1166 56681
1167 58280
1168 33125
1169 56681
1170 17189
1171 51000
1172 33125
1173 65377
1174 56681
1175 2328
1176 56681
1177 28193
1178 19272
1179 64033
1180 26413
1181 56681
1182 56681
1183 53605
1184 49445
1185 32273
1186 63272
1187 25498
1188 64033
1189 49976
1190 2328
1191 27457
1192 56681
1193 25498
1194 17304
1195 33125
1196 17304
1197 56681
1198 25370
1199 60161
1200 26401
1201 19224
1202 27153
1203 2328
1204 63272
1205 56881
1206 56673
1207 31249
1208 31249
1209 33125
1210 56881
1211 56681
1212 2328
1213 56681
1214 56880
1215 2328
1216 64033
1217 56681
1218 5473
1219 56681
1220 26413
1221 56681
1222 25512
1223 26413
1224 2904
1225 53605
1226 56681
1227 1896
1228 56888
1229 25370
1230 64033
1231 56888
1232 53537
1233 53605
1234 56681
1235 2329
1236 1829
1237 2328
1238 872
1239 31249
1240 55096
1241 3873
1242 2392
1243 25432
1244 56681
1245 16740
1246 27153
1247 17316
1248 64033
1249 53600
1250 27544
1251 56681
1252 25512
1253 56888
1254 10017
1255 56681
1256 1896
1257 19224
1258 56681
1259 2328
1260 56681
1261 25496
1262 53613
1263 63272
1264 64033
1265 64097
1266 2328
1267 25498
1268 18776
1269 33125
1270 17304
1271 63272
1272 27137
1273 64097
1274 17176
1275 32273
1276 33125
1277 56880
1278 56672
1279 56673
1280 2328
1281 25496
1282 26413
1283 33061
1284 56681
1285 64033
1286 56681
1287 352
1288 53605
1289 31249
1290 63400
1291 49968
1292 65025
1293 19224
1294 49572
1295 53605
1296 25498
1297 26413
1298 63469
1299 56888
1300 53605
1301 17306
1302 26413
1303 63465
1304 56681
1305 56888
1306 49572
1307 25480
1308 56888
1309 51000
1310 18697
1311 32273
1312 9016
1313 25498
1314 4984
1315 2328
1316 56888
1317 56888
1318 25496
1319 63272
1320 26153
1321 56888
1322 53605
1323 56888
1324 33125
1325 25512
1326 32273
1327 11793
1328 51000
1329 56417
1330 51000
1331 47020
1332 872
1333 9112
1334 56888
1335 53605
1336 2328
1337 25560
1338 56888
1339 33125
1340 25498
1341 2393
1342 25370
1343 9064
1344 33125
1345 56888
1346 64033
1347 46765
1348 25512
1349 32273
1350 23041
1351 26413
1352 25498
1353 17304
1354 37217
1355 53605
1356 872
1357 28161
1358 26413
1359 51000
1360 56888
1361 53605
1362 63405
1363 4984
1364 56888
1365 53605
1366 25560
1367 19224
1368 56681
1369 56888
1370 24065
1371 53605
1372 25512
1373 56888
1374 63465
1375 25370
1376 56888
1377 25370
1378 33125
1379 11797
1380 51000
1381 25480
1382 49944
1383 56889
1384 33125
1385 56888
1386 51000
1387 4960
1388 64033
1389 25496
1390 51000
1391 25512
1392 2328
1393 53605
1394 2328
1395 51000
1396 25496
1397 57121
1398 53176
1399 56681
1400 25498
1401 53605
1402 56888
1403 19224
1404 19352
1405 19224
1406 51000
1407 55808
1408 25361
1409 53605
1410 65121
1411 25370
1412 56888
1413 25498
1414 56888
1415 56888
1416 29608
1417 53541
1418 26153
1419 9112
1420 49509
1421 51000
1422 26401
1423 51000
1424 872
1425 25498
1426 56888
1427 51000
1428 51000
1429 1829
1430 10029
1431 56681
1432 25400
1433 25498
1434 56417
1435 25498
1436 56888
1437 25498
1438 51000
1439 64097
1440 5473
1441 51000
1442 57121
1443 51000
1444 25512
1445 56888
1446 63272
1447 56881
1448 25560
1449 47021
1450 58144
1451 25496
1452 33125
1453 25498
1454 2328
1455 56888
1456 25496
1457 25560
1458 26413
1459 56888
1460 53605
1461 55808
1462 56888
1463 33125
1464 56888
1465 64033
1466 11797
1467 872
1468 65377
1469 63469
1470 872
1471 9112
1472 53605
1473 53605
1474 56857
1475 61797
1476 52920
1477 2393
1478 792
1479 5473
1480 4453
1481 64097
1482 62371
1483 25496
1484 56888
1485 23041
1486 11797
1487 17304
1488 17304
1489 27153
1490 57701
1491 28161
1492 28177
1493 51000
1494 56888
1495 56857
1496 63400
1497 856
1498 56888
1499 53605
1500 62371
1501 2328
1502 56888
1503 25490
1504 56617
1505 56681
1506 17178
1507 53605
1508 20836
1509 25370
1510 33125
1511 26153
1512 53605
1513 31249
1514 29608
1515 7529
1516 56888
1517 357
1518 64033
1519 25512
1520 25370
1521 53605
1522 26536
1523 17304
1524 53808
1525 26145
1526 32273
1527 2328
1528 56681
1529 25352
1530 63469
1531 56888
1532 56880
1533 2970
1534 26413
1535 25498
1536 25498
1537 51000
1538 9176
1539 53605
1540 52920
1541 53537
1542 51000
1543 4968
1544 2328
1545 64033
1546 25498
1547 56888
1548 63469
1549 56888
1550 56888
1551 25496
1552 25498
1553 25480
1554 56881
1555 49920
1556 23057
1557 33125
1558 25496
1559 10017
1560 5992
1561 57701
1562 25498
1563 56888
1564 25498
1565 14184
1566 33125
1567 50104
1568 2328
1569 2328
1570 10157
1571 64033
1572 25370
1573 56888
1574 25498
1575 54072
1576 51000
1577 64033
1578 794
1579 51000
1580 27489
1581 9128
1582 19352
1583 27528
1584 19354
1585 56888
1586 27392
1587 25370
1588 792
1589 25498
1590 25472
1591 2328
1592 54048
1593 5472
1594 18961
1595 53285
1596 51000
1597 2328
1598 20264
1599 61793
1600 53605
1601 32273
1602 56681
1603 53605
1604 63841
1605 31249
1606 61796
1607 61796
1608 57696
1609 61793
1610 25432
1611 53605
1612 53545
1613 2968
1614 32273
1615 49957
1616 2328
1617 53605
1618 17304
1619 56681
1620 56681
1621 18713
1622 32273
1623 32273
1624 65121
1625 58176
1626 56681
1627 56888
1628 53605
1629 33125
1630 56888
1631 9048
1632 49444
1633 56681
1634 1888
1635 856
1636 2841
1637 33125
1638 25498
1639 56681
1640 56417
1641 51000
1642 56681
1643 25512
1644 56681
1645 26409
1646 63585
1647 26413
1648 56681
1649 56681
1650 25512
1651 357
1652 59168
1653 32273
1654 26536
1655 63272
1656 25498
1657 49509
1658 64097
1659 51000
1660 2328
1661 33125
1662 37688
1663 25498
1664 33125
1665 49960
1666 19224
1667 6689
1668 64033
1669 56881
1670 357
1671 31249
1672 33125
1673 56881
1674 56681
1675 2841
1676 56681
1677 49509
1678 26409
1679 23057
1680 56681
1681 53605
1682 56681
1683 872
1684 15905
1685 53605
1686 56865
1687 63585
1688 64865
1689 56888
1690 64033
1691 2328
1692 53605
1693 54049
1694 49944
1695 19224
1696 56881
1697 2328
1698 56881
1699 1381
1700 824
1701 49953
1702 56681
1703 18713
1704 26401
1705 49976
1706 17306
1707 28161
1708 64096
1709 25448
1710 56681
1711 26401
1712 53605
1713 37221
1714 56681
1715 2328
1716 25512
1717 63272
1718 10029
1719 56681
1720 33125
1721 58145
1722 25480
1723 32273
1724 64033
1725 2393
1726 56881
1727 61793
1728 59240
1729 56888
1730 2328
1731 26413
1732 56681
1733 56681
1734 51000
1735 65025
1736 17176
1737 2329
1738 26413
1739 63585
1740 17306
1741 25480
1742 2328
1743 64033
1744 58144
1745 56681
1746 49976
1747 50985
1748 18697
1749 25498
1750 53605
1751 64033
1752 63469
1753 56681
1754 25498
1755 53605
1756 18776
1757 49509
1758 2392
1759 56681
1760 49445
1761 17304
1762 59176
1763 51000
1764 25498
1765 2328
1766 17306
1767 64033
1768 56888
1769 56681
1770 56681
1771 2328
1772 25368
1773 53605
1774 25444
1775 33125
1776 57701
1777 56888
1778 25498
1779 27153
1780 64033
1781 56673
1782 2328
1783 9000
1784 54624
1785 26413
1786 56681
1787 2328
1788 25496
1789 2328
1790 18712
1791 51000
1792 25512
1793 64033
1794 2328
1795 33125
1796 56888
1797 62248
1798 56681
1799 2968
1800 26413
1801 65121
1802 51000
1803 53605
1804 26413
1805 32273
1806 56881
1807 53605
1808 56681
1809 56681
1810 49953
1811 2329
1812 31249
1813 56888
1814 64145
1815 62121
1816 64033
1817 2328
1818 64865
1819 17176
1820 56681
1821 56617
1822 56681
1823 19352
1824 872
1825 56673
1826 26409
1827 56888
1828 56681
1829 56681
1830 63405
1831 53605
1832 33125
1833 53813
1834 26413
1835 49944
1836 33125
1837 9000
1838 56865
1839 63469
1840 64033
1841 25498
1842 56633
1843 25498
1844 53605
1845 63392
1846 2328
1847 824
1848 794
1849 17306
1850 51000
1851 23057
1852 56888
1853 25498
1854 53813
1855 56681
1856 49509
1857 51000
1858 54056
1859 64033
1860 26157
1861 26153
1862 56681
1863 25498
1864 33061
1865 33125
1866 56376
1867 64033
1868 25496
1869 53605
1870 26153
1871 17304
1872 33125
1873 25498
1874 53605
1875 56681
1876 51000
1877 49937
1878 27392
1879 25498
1880 56889
1881 25512
1882 23057
1883 2970
1884 26409
1885 56888
1886 32545
1887 62305
1888 54056
1889 56681
1890 49921
1891 53605
1892 17306
1893 25498
1894 49953
1895 51000
1896 31249
1897 25498
1898 63272
1899 25472
1900 56881
1901 53605
1902 64033
1903 56888
1904 53605
1905 56617
1906 2328
1907 53605
1908 64033
1909 56681
1910 25560
1911 25496
1912 17184
1913 32273
1914 2328
1915 63469
1916 26401
1917 54053
1918 26413
1919 26153
1920 2328
1921 2328
1922 56857
1923 56880
1924 56881
1925 25496
1926 56888
1927 51000
1928 51000
1929 4920
1930 32273
1931 25496
1932 56888
1933 25496
1934 56888
1935 56888
1936 26413
1937 2392
1938 56681
1939 56888
1940 32273
1941 47020
1942 56888
1943 17306
1944 53605
1945 25560
1946 56888
1947 53605
1948 49968
1949 33125
1950 53605
1951 56888
1952 2393
1953 25480
1954 10017
1955 2970
1956 53605
1957 2393
1958 31233
1959 64145
1960 32273
1961 2840
1962 18961
1963 56881
1964 25496
1965 5472
1966 56880
1967 56681
1968 53605
1969 17304
1970 56888
1971 53032
1972 33125
1973 32273
1974 57145
1975 64001
1976 62121
1977 49445
1978 25370
1979 56888
1980 33125
1981 56881
1982 25480
1983 32273
1984 51000
1985 47021
1986 17304
1987 56617
1988 56888
1989 58240
1990 56888
1991 56673
1992 53605
1993 25512
1994 17192
1995 52920
1996 25498
1997 64033
1998 51000
1999 9112
2000 56681
2001 25498
2002 53605
2003 63272
2004 56888
2005 2328
2006 64033
2007 53605
2008 53605
2009 56681
2010 56881
2011 56888
2012 53605
2013 56681
2014 29608
2015 56673
2016 25560
2017 56889
2018 28417
2019 2328
2020 26153
2021 2328
2022 56888
2023 56857
2024 23057
2025 52001
2026 51000
2027 55144
2028 51000
2029 4920
2030 32273
2031 56888
2032 2328
2033 25496
2034 1829
2035 56881
2036 63272
2037 64033
2038 888
2039 2393
2040 56681
2041 56881
2042 56888
2043 25512
2044 55073
2045 25498
2046 64033
2047 56880
2048 49332
2049 53605
2050 19209
2051 53605
2052 56888
2053 56681
2054 9128
2055 19785
2056 9112
2057 26157
2058 17192
2059 53605
2060 45977
2061 27432
2062 1896
2063 26409
2064 53601
2065 54817
2066 25370
2067 32273
2068 23057
2069 49512
2070 25496
2071 888
2072 25498
2073 56888
2074 10157
2075 56881
2076 56681
2077 25370
2078 25496
2079 9128
2080 64033
2081 56889
2082 26153
2083 47020
2084 25496
2085 25498
2086 17304
2087 53605
2088 872
2089 18961
2090 56881
2091 56881
2092 53605
2093 27280
2094 10021
2095 56681
2096 53605
2097 64033
2098 10017
2099 49508
2100 56681
2101 53605
2102 56881
2103 32273
2104 56097
2105 2328
2106 32273
2107 2825
2108 56888
2109 2328
2110 56881
2111 53793
2112 49952
2113 64033
2114 53605
2115 53605
2116 56681
2117 56888
2118 10017
2119 56681
2120 7521
2121 56681
2122 65377
2123 56681
2124 51000
2125 56681
2126 25480
2127 56681
2128 56881
2129 33125
2130 26413
2131 872
2132 56681
2133 56681
2134 33061
2135 31249
2136 27544
2137 33125
2138 63585
2139 51000
2140 25498
2141 17184
2142 25498
2143 63272
2144 2328
2145 64033
2146 56888
2147 62817
2148 27137
2149 2970
2150 32273
2151 56881
2152 62368
2153 56681
2154 56681
2155 19224
2156 64865
2157 56681
2158 26413
2159 61797
2160 56681
2161 365
2162 28177
2163 53605
2164 63841
2165 56681
2166 61793
2167 2328
2168 53605
2169 25498
2170 27520
2171 17161
2172 6473
2173 52008
2174 49944
2175 64033
2176 56673
2177 56681
2178 26413
2179 51000
2180 25370
2181 63273
2182 56681
2183 2328
2184 27544
2185 19209
2186 27137
2187 25498
2188 64289
2189 17304
2190 64033
2191 2328
2192 56881
2193 2840
2194 29496
2195 2328
2196 53605
2197 25504
2198 56681
2199 27153
2200 56681
2201 51000
2202 53605
2203 56889
2204 25498
2205 25368
2206 28193
2207 2328
2208 52008
2209 53285
2210 25432
2211 56617
2212 56881
2213 53605
2214 53537
2215 56681
2216 2328
2217 53605
2218 56681
2219 53605
2220 49636
2221 10029
2222 56681
2223 56681
2224 49332
2225 25496
2226 62252
2227 28161
2228 55840
2229 25498
2230 56681
2231 56681
2232 2328
2233 18977
2234 18945
2235 56881
2236 49509
2237 64033
2238 33125
2239 2328
2240 26413
2241 27544
2242 49636
2243 25498
2244 19224
2245 2329
2246 7497
2247 56888
2248 49509
2249 64033
2250 49976
2251 2328
2252 53605
2253 54048
2254 54633
2255 25480
2256 26409
2257 49976
2258 19224
2259 2329
2260 56888
2261 54817
2262 63264
2263 25496
2264 64097
2265 4968
2266 56417
2267 56681
2268 20836
2269 64873
2270 56681
2271 56881
2272 21280
2273 33125
2274 26409
2275 2328
2276 64033
2277 62125
2278 56681
2279 56681
2280 25498
2281 56889
2282 56681
2283 25498
2284 33125
2285 33125
2286 64033
2287 26409
2288 10029
2289 56889
2290 58264
2291 3873
2292 54833
2293 50024
2294 53605
2295 2840
2296 56881
2297 17184
2298 2328
2299 1381
2300 56881
2301 10021
2302 64033
2303 25560
2304 49944
2305 33125
2306 64352
2307 56881
2308 2328
2309 64865
2310 3873
2311 25496
2312 19224
2313 33125
2314 62240
2315 53605
2316 53605
2317 63840
2318 9064
2319 49509
2320 57697
2321 56681
2322 17304
2323 26400
2324 27520
2325 2328
2326 51000
2327 12065
2328 2329
2329 25370
2330 25360
2331 23057
2332 26409
2333 25448
2334 49509
2335 26413
2336 2329
2337 1896
2338 53605
2339 64033
2340 5992
2341 16741
2342 856
2343 53604
2344 33125
2345 56888
2346 27408
2347 56889
2348 54833
2349 56881
2350 56681
2351 25376
2352 28177
2353 19288
2354 53605
2355 51000
2356 26409
2357 33125
2358 23185
2359 27544
2360 25512
2361 63272
2362 64033
2363 64865
2364 49509
2365 32273
2366 25370
2367 53605
2368 63469
2369 19352
2370 53605
2371 33125
2372 56888
2373 26409
2374 56865
2375 25370
2376 49944
2377 32273
2378 53605
2379 33125
2380 64097
2381 25434
2382 7529
2383 49445
2384 31249
2385 32273
2386 55856
2387 56681
2388 23185
2389 27265
2390 32289
2391 55072
2392 56888
2393 64097
2394 25496
2395 56681
2396 63400
2397 53541
2398 25368
2399 53605
2400 56881
2401 51000
2402 62305
2403 49953
2404 49976
2405 25496
2406 33125
2407 32273
2408 49509
2409 17193
2410 53285
2411 872
2412 46765
2413 25496
2414 56881
2415 2328
2416 824
2417 872
2418 59169
2419 56104
2420 872
2421 10021
2422 25496
2423 53605
2424 872
2425 56888
2426 57129
2427 56889
2428 33125
2429 25370
2430 32273
2431 53605
2432 25377
2433 25498
2434 25496
2435 33125
2436 56888
2437 25498
2438 25512
2439 9112
2440 63272
2441 56681
2442 33125
2443 54056
2444 53605
2445 54053
2446 293
2447 25498
2448 56888
2449 27296
2450 9112
2451 56681
2452 17306
2453 53176
2454 25512
2455 5984
2456 26157
2457 37221
2458 54817
2459 25560
2460 25496
2461 61281
2462 26413
2463 49509
2464 17184
2465 25400
2466 63272
2467 56888
2468 4968
2469 50977
2470 19224
2471 53605
2472 2328
2473 23041
2474 63405
2475 23881
2476 47020
2477 56681
2478 19352
2479 56888
2480 53605
2481 27425
2482 26413
2483 54049
2484 23185
2485 31377
2486 56888
2487 53605
2488 53605
2489 25496
2490 26157
2491 31249
2492 62371
2493 25360
2494 63272
2495 64033
2496 65377
2497 53605
2498 17160
2499 53605
2500 56681
2501 53605
2502 33125
2503 5921
2504 57185
2505 792
2506 25498
2507 25496
2508 26409
2509 53605
2510 56888
2511 63585
2512 56888
2513 33125
2514 365
2515 53605
2516 56881
2517 56681
2518 56881
2519 56888
2520 56888
2521 56881
2522 56881
2523 25496
2524 56681
2525 17306
2526 49509
2527 25498
2528 56881
2529 25498
2530 872
2531 856
2532 26413
2533 53605
2534 56888
2535 56888
2536 2328
2537 55841
2538 25370
2539 23041
2540 5472
2541 2328
2542 56881
2543 25560
2544 25496
2545 872
2546 56881
2547 56881
2548 62097
2549 63272
2550 53605
2551 31249
2552 9112
2553 55856
2554 63469
2555 56888
2556 62113
2557 10029
2558 63405
2559 26413
2560 56881
2561 56881
2562 56881
2563 17178
2564 32273
2565 25480
2566 56881
2567 53605
2568 25512
2569 56881
2570 25488
2571 31377
2572 53605
2573 2328
2574 49960
2575 352
2576 25498
2577 62308
2578 31249
2579 64097
2580 18961
2581 53605
2582 53605
2583 19225
2584 56097
2585 56681
2586 32273
2587 53605
2588 54625
2589 56681
2590 53605
2591 25370
2592 53809
2593 32273
2594 57185
2595 2328
2596 25512
2597 23041
2598 2409
2599 56889
2600 2328
2601 17304
2602 56881
2603 64097
2604 63328
2605 56673
2606 25369
2607 1896
2608 56681
2609 53605
2610 51000
2611 64865
2612 56681
2613 2328
2614 64865
2615 26413
2616 5984
2617 56681
2618 56681
2619 25496
2620 2840
2621 32273
2622 25498
2623 64033
2624 53176
2625 53605
2626 51000
2627 28177
2628 12065
2629 31249
2630 56881
2631 56681
2632 56673
2633 56888
2634 17176
2635 64032
2636 53605
2637 54821
2638 19209
2639 53605
2640 28193
2641 64033
2642 64288
2643 19225
2644 53605
2645 53792
2646 56681
2647 53600
2648 17169
2649 2328
2650 62112
2651 5473
2652 17224
2653 49445
2654 10157
2655 56681
2656 47021
2657 33061
2658 25498
2659 19233
2660 33125
2661 33125
2662 33125
2663 62248
2664 56617
2665 28177
2666 51000
2667 53605
2668 53605
2669 56881
2670 25498
2671 25498
2672 62121
2673 2840
2674 57185
2675 49509
2676 54833
2677 19224
2678 56681
2679 49636
2680 33125
2681 2328
2682 53609
2683 53605
2684 56681
2685 56681
2686 51000
2687 2328
2688 56097
2689 49332
2690 47021
2691 64033
2692 9016
2693 23057
2694 17306
2695 62112
2696 18761
2697 2840
2698 25512
2699 49952
2700 63841
2701 56881
2702 53609
2703 25512
2704 2392
2705 16677
2706 63841
2707 25369
2708 54832
2709 33125
2710 2840
2711 17176
2712 17316
2713 2328
2714 63585
2715 58208
2716 56681
2717 2328
2718 53605
2719 61797
2720 19352
2721 49509
2722 856
2723 63469
2724 56681
2725 56888
2726 65121
2727 56673
2728 53605
2729 49944
2730 26153
2731 26413
2732 33125
2733 5472
2734 53605
2735 56888
2736 49844
2737 56681
2738 25498
2739 56633
2740 7529
2741 33125
2742 26409
2743 9048
2744 56881
2745 63272
2746 53605
2747 64033
2748 61793
2749 1829
2750 25480
2751 25370
2752 56673
2753 19224
2754 28177
2755 53601
2756 17176
2757 33125
2758 18697
2759 25498
2760 25576
2761 2328
2762 56617
2763 53605
2764 27153
2765 57701
2766 26405
2767 32273
2768 49509
2769 2328
2770 25498
2771 2328
2772 27280
2773 2328
2774 51000
2775 65121
2776 56681
2777 56881
2778 56880
2779 54053
2780 56888
2781 56881
2782 57701
2783 49921
2784 56681
2785 8997
2786 56881
2787 19354
2788 2970
2789 56888
2790 5984
2791 63469
2792 27544
2793 25498
2794 63272
2795 25370
2796 56681
2797 53605
2798 53605
2799 53605
2800 25488
2801 56681
2802 63264
2803 25370
2804 64033
2805 64033
2806 56673
2807 53604
2808 19224
2809 27521
2810 9064
2811 872
2812 56888
2813 17176
2814 56865
2815 28177
2816 1896
2817 33061
2818 55072
2819 1381
2820 57097
2821 8997
2822 10081
2823 53605
2824 25498
2825 54833
2826 56681
2827 64033
2828 25498
2829 27137
2830 51000
2831 32273
2832 57701
2833 62368
2834 56681
2835 56681
2836 28177
2837 56681
2838 26153
2839 53605
2840 17306
2841 25498
2842 53605
2843 28193
2844 26413
2845 2328
2846 5472
2847 32273
2848 53609
2849 56888
2850 2328
2851 49976
2852 47021
2853 56681
2854 28449
2855 32273
2856 2329
2857 53605
2858 25498
2859 64033
2860 26401
2861 19354
2862 25498
2863 2904
2864 55841
2865 56881
2866 49509
2867 49952
2868 64032
2869 25376
2870 63272
2871 25498
2872 872
2873 25512
2874 32273
2875 56888
2876 56881
2877 53605
2878 56681
2879 25498
2880 19354
2881 56881
2882 53605
2883 56681
2884 47021
2885 53605
2886 5984
2887 9176
2888 28177
2889 25560
2890 65313
2891 54833
2892 53605
2893 56888
2894 56881
2895 17185
2896 13228
2897 31249
2898 53605
2899 56888
2900 25512
2901 56673
2902 9000
2903 53605
2904 9112
2905 37217
2906 58144
2907 27153
2908 49953
2909 32273
2910 56889
2911 53605
2912 56888
2913 25498
2914 25496
2915 26157
2916 53605
2917 794
2918 19224
2919 53605
2920 56881
2921 54053
2922 28520
2923 56681
2924 49952
2925 25370
2926 47020
2927 51744
2928 64033
2929 56881
2930 61797
2931 47021
2932 55840
2933 53605
2934 56881
2935 56881
2936 53605
2937 56681
2938 19354
2939 56888
2940 64033
2941 17306
2942 2329
2943 53605
2944 2328
2945 58725
2946 64033
2947 32273
2948 63272
2949 33125
2950 56881
2951 26413
2952 53605
2953 63405
2954 47021
2955 56888
2956 33125
2957 1896
2958 18945
2959 53605
2960 29608
2961 64033
2962 19224
2963 64145
2964 33125
2965 31377
2966 17306
2967 26145
2968 54040
2969 2328
2970 2392
2971 46765
2972 25480
2973 53605
2974 2328
2975 27520
2976 2840
2977 19208
2978 2328
2979 56881
2980 63272
2981 25498
2982 17184
2983 65120
2984 63272
2985 33125
2986 63585
2987 25384
2988 4920
2989 26409
2990 57121
2991 60193
2992 19352
2993 56888
2994 55825
2995 49844
2996 53605
2997 56881
2998 54629
2999 27153
3000 56888
3001 56681
3002 23057
3003 25498
3004 25432
3005 56888
3006 33125
3007 53605
3008 1888
3009 25496
3010 53605
3011 63272
3012 49960
3013 53605
3014 64033
3015 56888
3016 28457
3017 25560
3018 50104
3019 53605
3020 25498
3021 53605
3022 29608
3023 53605
3024 15905
3025 54841
3026 2328
3027 872
3028 53605
3029 56881
3030 62312
3031 49960
3032 57700
3033 56673
3034 53792
3035 32273
3036 18713
3037 56681
3038 53605
3039 56681
3040 26409
3041 56681
3042 2328
3043 31249
3044 365
3045 17765
3046 56881
3047 64097
3048 56673
3049 888
3050 54821
3051 365
3052 56681
3053 56681
3054 56681
3055 26153
3056 56681
3057 25496
3058 29608
3059 25498
3060 8985
3061 28177
3062 17304
3063 18776
3064 53605
3065 56888
3066 64033
3067 33125
3068 31249
3069 61797
3070 56681
3071 64033
3072 53605
3073 33125
3074 10081
3075 27153
3076 31249
3077 4453
3078 54833
3079 64033
3080 18713
3081 53605
3082 2328
3083 33125
3084 25480
3085 56681
3086 64033
3087 56681
3088 888
3089 4984
3090 365
3091 19352
3092 2328
3093 25370
3094 49509
3095 27456
3096 51000
3097 53604
3098 56880
3099 25498
3100 33125
3101 56673
3102 2970
3103 27457
3104 56889
3105 53605
3106 2328
3107 61797
3108 50533
3109 2392
3110 64097
3111 53605
3112 26413
3113 56681
3114 25496
3115 2328
3116 56681
3117 32257
3118 17304
3119 2328
3120 2328
3121 53541
3122 64352
3123 49509
3124 7529
3125 25560
3126 64865
3127 61217
3128 51000
3129 11793
3130 25498
3131 49636
3132 2392
3133 2328
3134 61793
3135 56888
3136 56681
3137 2840
3138 49968
3139 2328
3140 53605
3141 56888
3142 19224
3143 18761
3144 1829
3145 25560
3146 46765
3147 7529
3148 56681
3149 53605
3150 33125
3151 26401
3152 49928
3153 63272
3154 56888
3155 51000
3156 56681
3157 25370
3158 63465
3159 61281
3160 10021
3161 5992
3162 56889
3163 53600
3164 57697
3165 61793
3166 64033
3167 2328
3168 5984
3169 2329
3170 33061
3171 56888
3172 9128
3173 56681
3174 17304
3175 53605
3176 19785
3177 32257
3178 53176
3179 26413
3180 25376
3181 53605
3182 53605
3183 26401
3184 2328
3185 54048
3186 25370
3187 64032
3188 18712
3189 53605
3190 56888
3191 53544
3192 64033
3193 56888
3194 56888
3195 58145
3196 25512
3197 53605
3198 26413
3199 47021
3200 56888
3201 64865
3202 64033
3203 55856
3204 25560
3205 32273
3206 56888
3207 47021
3208 32273
3209 63469
3210 49953
3211 63465
3212 63400
3213 23057
3214 56888
3215 64033
3216 63403
3217 56888
3218 56880
3219 23041
3220 56881
3221 25496
3222 49944
3223 2328
3224 53605
3225 872
3226 56888
3227 51000
3228 49944
3229 53605
3230 32273
3231 25498
3232 54821
3233 2849
3234 56680
3235 65321
3236 17178
3237 33061
3238 17176
3239 56681
3240 18713
3241 2377
3242 53605
3243 54049
3244 21861
3245 63841
3246 19352
3247 2377
3248 2840
3249 61793
3250 25498
3251 29608
3252 33125
3253 56888
3254 2393
3255 37221
3256 25232
3257 4968
3258 64033
3259 31249
3260 17304
3261 17306
3262 63272
3263 25377
3264 23185
3265 64033
3266 64033
3267 49508
3268 824
3269 63405
3270 33125
3271 55808
3272 49921
3273 25370
3274 872
3275 25496
3276 26145
3277 49508
3278 11797
3279 25498
3280 33125
3281 33125
3282 54064
3283 62125
3284 57696
3285 9128
3286 26413
3287 5477
3288 33125
3289 56888
3290 25370
3291 64033
3292 25498
3293 2328
3294 27153
3295 61793
3296 64033
3297 2328
3298 56681
3299 56881
3300 33125
3301 18961
3302 19208
3303 18208
3304 49509
3305 56681
3306 26409
3307 26401
3308 54049
3309 56681
3310 56888
3311 10029
3312 1381
3313 62125
3314 33125
3315 57697
3316 27544
3317 9064
3318 18697
3319 17306
3320 26413
3321 31249
3322 2840
3323 64033
3324 62097
3325 2329
3326 56881
3327 56681
3328 50104
3329 888
3330 37221
3331 53605
3332 2328
3333 33125
3334 56888
3335 64033
3336 56673
3337 2328
3338 23057
3339 2328
3340 53605
3341 33125
3342 65121
3343 56888
3344 56881
3345 25498
3346 53605
3347 63469
3348 2393
3349 56681
3350 56888
3351 31249
3352 27400
3353 56881
3354 25498
3355 49944
3356 65377
3357 27544
3358 2329
3359 25512
3360 63272
3361 56881
3362 801
3363 56881
3364 17306
3365 4448
3366 51000
3367 56888
3368 2328
3369 2328
3370 26465
3371 32273
3372 53604
3373 56888
3374 56881
3375 11793
3376 27425
3377 2328
3378 49920
3379 53605
3380 53605
3381 27425
3382 16740
3383 56681
3384 61797
3385 25498
3386 56681
3387 56865
3388 17178
3389 53605
3390 49509
3391 56881
3392 49952
3393 2328
3394 56888
3395 53605
3396 33125
3397 18960
3398 31249
3399 1896
3400 54841
3401 25496
3402 25232
3403 32273
3404 23057
3405 26408
3406 54817
3407 25440
3408 5992
3409 26145
3410 53605
3411 26401
3412 51000
3413 872
3414 63272
3415 17306
3416 56865
3417 56881
3418 53605
3419 25512
3420 62240
3421 53280
3422 25498
3423 56888
3424 33125
3425 64033
3426 53605
3427 56888
3428 2329
3429 25496
3430 32273
3431 27265
3432 2328
3433 53605
3434 55096
3435 26472
3436 872
3437 2393
3438 26157
3439 53605
3440 27416
3441 56681
3442 18697
3443 56681
3444 2840
3445 59937
3446 2328
3447 31249
3448 365
3449 2393
3450 17304
3451 56681
3452 55649
3453 53605
3454 26409
3455 4453
3456 33125
3457 56681
3458 56681
3459 26413
3460 25496
3461 32273
3462 47021
3463 25370
3464 27153
3465 25498
3466 53605
3467 64033
3468 56673
3469 56881
3470 56681
3471 56681
3472 19224
3473 53605
3474 58209
3475 53604
3476 2328
3477 11809
3478 1381
3479 55857
3480 49976
3481 51000
3482 5921
3483 17306
3484 64033
3485 2393
3486 49509
3487 51000
3488 62817
3489 54837
3490 25498
3491 19208
3492 56681
3493 56881
3494 53605
3495 56881
3496 57697
3497 1888
3498 25441
3499 53605
3500 26401
3501 856
3502 51000
3503 49332
3504 25498
3505 53605
3506 60320
3507 25480
3508 7529
3509 25448
3510 33125
3511 54833
3512 33125
3513 27152
3514 2328
3515 56673
3516 51000
3517 53605
3518 53605
3519 58208
3520 2840
3521 2329
3522 864
3523 64145
3524 33125
3525 888
3526 56888
3527 64033
3528 2377
3529 33125
3530 53613
3531 9000
3532 53605
3533 56681
3534 63272
3535 56881
3536 56681
3537 25370
3538 63465
3539 2328
3540 56888
3541 63328
3542 17224
3543 33125
3544 64865
3545 37221
3546 53600
3547 18712
3548 33125
3549 5984
3550 64865
3551 2392
3552 33125
3553 2840
3554 49944
3555 53605
3556 25496
3557 61797
3558 33125
3559 56681
3560 26409
3561 63405
3562 25498
3563 25377
3564 56889
3565 9112
3566 53605
3567 56681
3568 53605
3569 27392
3570 56880
3571 56888
3572 53605
3573 51984
3574 53605
3575 53812
3576 56888
3577 19224
3578 49445
3579 357
3580 37221
3581 56881
3582 27392
3583 25498
3584 56376
3585 53605
3586 64353
3587 25488
3588 56888
3589 31249
3590 27424
3591 2328
3592 56880
3593 61797
3594 63265
3595 64033
3596 37221
3597 56888
3598 17306
3599 2392
3600 31233
3601 56681
3602 49509
3603 63841
3604 56673
3605 19224
3606 49944
3607 9128
3608 56673
3609 53605
3610 9016
3611 56881
3612 19209
3613 17306
3614 53544
3615 56096
3616 63328
3617 2328
3618 56888
3619 58264
3620 64033
3621 55840
3622 25496
3623 53605
3624 53605
3625 805
3626 53284
3627 63405
3628 63405
3629 17178
3630 9000
3631 49509
3632 25496
3633 63469
3634 56865
3635 2970
3636 53605
3637 32273
3638 59233
3639 53280
3640 5473
3641 63405
3642 10029
3643 19232
3644 56681
3645 53541
3646 26413
3647 56881
3648 872
3649 53809
3650 17176
3651 33125
3652 18208
3653 49509
3654 63841
3655 64865
3656 25496
3657 56881
3658 49952
3659 28177
3660 56881
3661 31249
3662 20836
3663 26413
3664 56681
3665 53033
3666 53604
3667 54040
3668 25370
3669 54840
3670 792
3671 61281
3672 54840
3673 8993
3674 18713
3675 58145
3676 26405
3677 64865
3678 53024
3679 872
3680 5984
3681 56888
3682 56888
3683 49960
3684 56881
3685 25370
3686 56681
3687 31249
3688 53605
3689 49960
3690 56376
3691 19224
3692 2328
3693 357
3694 4453
3695 57129
3696 64145
3697 856
3698 19224
3699 65121
3700 2328
3701 1896
3702 32273
3703 17306
3704 25370
3705 23057
3706 31249
3707 56881
3708 55808
3709 56881
3710 25232
3711 56888
3712 56881
3713 25370
3714 872
3715 2328
3716 25370
3717 53605
3718 53605
3719 56681
3720 63272
3721 25498
3722 64033
3723 53605
3724 25560
3725 25560
3726 2328
3727 25496
3728 1381
3729 65377
3730 53605
3731 64865
3732 33125
3733 56888
3734 56881
3735 49844
3736 53605
3737 65121
3738 15905
3739 23057
3740 2328
3741 25480
3742 55953
3743 53605
3744 53605
3745 64033
3746 26413
3747 23057
3748 56681
3749 64865
3750 65377
3751 53541
3752 56881
3753 23185
3754 53605
3755 56881
3756 62113
3757 53605
3758 27153
3759 54328
3760 2968
3761 28177
3762 63392
3763 56888
3764 19224
3765 64033
3766 53605
3767 61797
3768 37221
3769 56881
3770 58144
3771 25377
3772 56881
3773 53605
3774 53605
3775 49953
3776 26153
3777 5473
3778 65121
3779 19216
3780 2825
3781 2329
3782 25560
3783 53280
3784 49509
3785 56881
3786 53605
3787 17185
3788 53605
3789 56888
3790 32273
3791 56881
3792 31249
3793 37221
3794 54832
3795 25377
3796 64097
3797 31377
3798 56865
3799 2328
3800 53281
3801 53605
3802 17304
3803 53605
3804 18961
3805 53605
3806 57121
3807 56681
3808 56881
3809 19209
3810 26401
3811 2328
3812 31249
3813 56880
3814 63841
3815 56681
3816 56681
3817 58152
3818 64865
3819 56681
3820 26413
3821 56681
3822 25496
3823 5473
3824 25498
3825 25498
3826 32289
3827 56097
3828 63841
3829 56881
3830 57121
3831 53609
3832 56681
3833 53605
3834 56881
3835 23057
3836 63841
3837 2328
3838 2328
3839 56881
3840 17192
3841 25498
3842 62392
3843 63272
3844 33125
3845 17304
3846 64033
3847 2328
3848 25498
3849 2328
3850 58145
3851 56681
3852 51000
3853 53537
3854 53809
3855 25361
3856 2329
3857 56673
3858 61792
3859 55825
3860 64032
3861 53557
3862 56681
3863 53605
3864 26413
3865 57185
3866 56673
3867 25512
3868 56681
3869 26536
3870 49944
3871 54049
3872 25498
3873 58208
3874 2328
3875 64033
3876 56681
3877 57121
3878 7521
3879 25512
3880 53601
3881 33125
3882 26409
3883 25370
3884 55072
3885 2393
3886 856
3887 53605
3888 57193
3889 2328
3890 2328
3891 55081
3892 56888
3893 50072
3894 25496
3895 888
3896 7529
3897 57121
3898 33125
3899 26153
3900 63272
3901 53813
3902 25498
3903 25498
3904 2328
3905 56681
3906 56673
3907 55072
3908 8997
3909 37688
3910 56681
3911 1896
3912 53605
3913 25498
3914 56681
3915 53605
3916 64033
3917 33125
3918 25370
3919 33125
3920 2329
3921 25434
3922 49508
3923 26401
3924 49509
3925 58272
3926 17178
3927 10157
3928 56681
3929 2392
3930 56888
3931 2328
3932 31233
3933 56681
3934 25432
3935 31249
3936 27280
3937 2825
3938 57121
3939 56880
3940 26145
3941 64033
3942 49960
3943 49445
3944 54048
3945 49509
3946 23185
3947 61797
3948 63465
3949 53605
3950 25498
3951 49509
3952 56881
3953 63465
3954 37221
3955 56881
3956 2328
3957 65121
3958 53605
3959 56681
3960 25370
3961 25560
3962 17189
3963 56888
3964 10017
3965 57185
3966 50072
3967 54625
3968 17304
3969 4448
3970 5473
3971 53601
3972 2328
3973 1829
3974 33125
3975 49960
3976 18713
3977 26413
3978 53812
3979 4448
3980 25370
3981 64096
3982 56881
3983 64033
3984 49509
3985 64097
3986 53605
3987 56881
3988 8993
3989 25370
3990 55808
3991 32273
3992 5473
3993 51969
3994 51969
3995 61797
3996 2328
3997 56880
3998 56888
3999 13228
4000 25512
4001 45977
4002 63392
4003 31377
4004 1896
4005 2328
4006 62817
4007 26413
4008 19208
4009 53600
4010 53604
4011 1829
4012 56681
4013 28513
4014 4984
4015 64097
4016 56097
4017 62081
4018 25498
4019 27400
4020 49508
4021 56881
4022 31249
4023 26401
4024 3873
4025 64097
4026 1896
4027 2392
4028 18713
4029 25496
4030 56889
4031 25498
4032 19354
4033 53605
4034 53605
4035 2328
4036 2328
4037 54841
4038 864
4039 56681
4040 56681
4041 64033
4042 2328
4043 2377
4044 28177
4045 53605
4046 28457
4047 64033
4048 2392
4049 53605
4050 56888
4051 29496
4052 56681
4053 25370
4054 25498
4055 56681
4056 21861
4057 18945
4058 25560
4059 33125
4060 25498
4061 56881
4062 25473
4063 64352
4064 64033
4065 29544
4066 33125
4067 49509
4068 2328
4069 824
4070 49509
4071 56672
4072 33125
4073 17176
4074 56888
4075 63469
4076 792
4077 26401
4078 53544
4079 856
4080 25512
4081 56681
4082 17306
4083 19233
4084 13228
4085 32273
4086 1896
4087 2328
4088 63272
4089 2328
4090 56881
4091 56888
4092 23057
4093 53605
4094 25512
4095 64096
4096 26393
4097 62081
4098 2328
4099 33125
4100 56888
4101 9128
4102 53540
4103 56881
4104 56881
4105 27281
4106 53605
4107 56881
4108 53605
4109 25512
4110 58145
4111 52000
4112 64865
4113 63469
4114 65120
4115 25480
4116 19232
4117 2328
4118 56888
4119 56881
4120 26413
4121 56888
4122 54840
4123 26413
4124 53605
4125 26413
4126 52000
4127 25498
4128 2328
4129 55841
4130 32273
4131 29608
4132 33125
4133 56888
4134 55809
4135 56881
4136 28177
4137 56888
4138 56888
4139 56888
4140 53605
4141 26413
4142 53605
4143 26400
4144 2328
4145 53605
4146 26153
4147 55840
4148 51000
4149 33125
4150 26409
4151 53605
4152 63336
4153 56880
4154 2328
4155 17306
4156 55808
4157 27544
4158 26413
4159 56681
4160 56681
4161 56681
4162 26409
4163 54025
4164 25498
4165 64033
4166 56888
4167 56681
4168 2313
4169 53605
4170 56881
4171 27153
4172 2328
4173 56833
4174 2393
4175 7521
4176 37221
4177 872
4178 58725
4179 2328
4180 64033
4181 26145
4182 51000
4183 19288
4184 56881
4185 25498
4186 19209
4187 58725
4188 56881
4189 50072
4190 64353
4191 19224
4192 52920
4193 27137
4194 365
4195 50016
4196 2329
4197 856
4198 17248
4199 2840
4200 49968
4201 56064
4202 2841
4203 19224
4204 2328
4205 56888
4206 56681
4207 51000
4208 2328
4209 53605
4210 27137
4211 25496
4212 53605
4213 56681
4214 56888
4215 33125
4216 49445
4217 33125
4218 26413
4219 18945
4220 58264
4221 56888
4222 25498
4223 2328
4224 53605
4225 5984
4226 33061
4227 53605
4228 56888
4229 59233
4230 24329
4231 792
4232 17178
4233 49509
4234 53613
4235 64001
4236 16741
4237 56681
4238 25480
4239 31249
4240 56681
4241 2840
4242 56889
4243 56888
4244 51000
4245 65121
4246 32273
4247 55832
4248 56888
4249 56881
4250 33125
4251 55857
4252 25498
4253 53605
4254 54049
4255 49445
4256 56888
4257 32273
4258 33125
4259 61797
4260 62081
4261 53605
4262 56881
4263 56881
4264 64033
4265 56888
4266 56888
4267 56888
4268 63465
4269 25512
4270 53797
4271 10088
4272 56888
4273 64033
4274 56888
4275 56881
4276 53605
4277 54629
4278 17176
4279 56681
4280 27457
4281 56681
4282 25498
4283 56617
4284 64288
4285 49944
4286 9064
4287 19224
4288 25498
4289 17176
4290 31377
4291 19224
4292 53605
4293 2968
4294 5984
4295 26413
4296 56881
4297 64033
4298 51992
4299 56681
4300 25498
4301 63400
4302 58725
4303 25434
4304 53284
4305 63403
4306 47020
4307 23041
4308 5984
4309 56881
4310 53605
4311 47020
4312 56881
4313 9112
4314 53605
4315 63469
4316 26413
4317 27265
4318 54624
4319 27416
4320 26409
4321 56681
4322 28177
4323 15905
4324 2328
4325 53605
4326 56681
4327 53605
4328 18216
4329 31377
4330 64033
4331 49509
4332 55072
4333 53605
4334 25496
4335 64097
4336 33125
4337 56881
4338 53813
4339 25512
4340 17176
4341 2328
4342 27265
4343 17306
4344 49928
4345 56881
4346 25498
4347 2328
4348 2840
4349 888
4350 2328
4351 53605
4352 17192
4353 2328
4354 56681
4355 25496
4356 63272
4357 56681
4358 49697
4359 56881
4360 25384
4361 56881
4362 31249
4363 10080
4364 55953
4365 56881
4366 2328
4367 39713
4368 56672
4369 53812
4370 32273
4371 26413
4372 56681
4373 63469
4374 65377
4375 2328
4376 56881
4377 17224
4378 53605
4379 25512
4380 56881
4381 56681
4382 60161
4383 57128
4384 56888
4385 17184
4386 32273
4387 54841
4388 2329
4389 49509
4390 53605
4391 28512
4392 2328
4393 53605
4394 53605
4395 49946
4396 26413
4397 17192
4398 54833
4399 56889
4400 2329
4401 56681
4402 32273
4403 56881
4404 53605
4405 26157
4406 53605
4407 53605
4408 27281
4409 2328
4410 53605
4411 17304
4412 25496
4413 56888
4414 23057
4415 64033
4416 33125
4417 51000
4418 1896
4419 56888
4420 25560
4421 25370
4422 56881
4423 25512
4424 49952
4425 54057
4426 53605
4427 18961
4428 25344
4429 47021
4430 23057
4431 25368
4432 56888
4433 54053
4434 56888
4435 53605
4436 56889
4437 9112
4438 50976
4439 56881
4440 2328
4441 53605
4442 64865
4443 25560
4444 25498
4445 17248
4446 61797
4447 2328
4448 53605
4449 56681
4450 64865
4451 2393
4452 56681
4453 54633
4454 58209
4455 18761
4456 56881
4457 2328
4458 54049
4459 56673
4460 33125
4461 56681
4462 26413
4463 27544
4464 365
4465 25370
4466 64033
4467 64096
4468 365
4469 55841
4470 27153
4471 56881
4472 33125
4473 25440
4474 872
4475 17248
4476 64033
4477 26401
4478 51000
4479 33125
4480 23057
4481 56881
4482 63329
4483 56881
4484 50976
4485 63585
4486 2328
4487 17248
4488 10029
4489 25496
4490 65377
4491 2328
4492 64097
4493 61793
4494 55857
4495 49445
4496 54048
4497 25498
4498 65385
4499 26413
4500 56880
4501 51000
4502 21861
4503 64865
4504 856
4505 18945
4506 64865
4507 19224
4508 56681
4509 26409
4510 7521
4511 33125
4512 28177
4513 49509
4514 63264
4515 56888
4516 56681
4517 56681
4518 49572
4519 53605
4520 10080
4521 54833
4522 18712
4523 33125
4524 25370
4525 33125
4526 2329
4527 49445
4528 25434
4529 53605
4530 25498
4531 25498
4532 3873
4533 2328
4534 56681
4535 2328
4536 53284
4537 56881
4538 51000
4539 17185
4540 56880
4541 19288
4542 53605
4543 53605
4544 63336
4545 53605
4546 65313
4547 64033
4548 64033
4549 56673
4550 53605
4551 56889
4552 56881
4553 56888
4554 4960
4555 25560
4556 65376
4557 17306
4558 56881
4559 49957
4560 53605
4561 19352
4562 64097
4563 17176
4564 17316
4565 64865
4566 49944
4567 365
4568 33125
4569 23881
4570 64033
4571 2377
4572 28425
4573 63272
4574 25498
4575 25377
4576 872
4577 49509
4578 64865
4579 56888
4580 56880
4581 47021
4582 56881
4583 64033
4584 25498
4585 25498
4586 53605
4587 63272
4588 33125
4589 53605
4590 50984
4591 53605
4592 63272
4593 56888
4594 62097
4595 2328
4596 33125
4597 53605
4598 27536
4599 51000
4600 56865
4601 65376
4602 64033
4603 53605
4604 26413
4605 5473
4606 23185
4607 2888
4608 64865
4609 2328
4610 32273
4611 25498
4612 56681
4613 2377
4614 58149
4615 53797
4616 53285
4617 64097
4618 19336
4619 26413
4620 25560
4621 53605
4622 63841
4623 9112
4624 64033
4625 49572
4626 63469
4627 64033
4628 18713
4629 25512
4630 51968
4631 53812
4632 872
4633 2904
4634 56673
4635 63272
4636 50104
4637 53536
4638 56681
4639 64033
4640 2392
4641 20837
4642 365
4643 53605
4644 33061
4645 25496
4646 856
4647 4453
4648 33125
4649 32273
4650 51744
4651 53605
4652 63392
4653 56889
4654 33125
4655 56633
4656 52009
4657 64033
4658 10017
4659 53280
4660 53605
4661 64033
4662 53605
4663 25370
4664 19224
4665 64033
4666 2328
4667 56681
4668 26413
4669 53605
4670 56888
4671 58144
4672 26157
4673 56881
4674 2970
4675 26413
4676 2328
4677 47021
4678 9128
4679 53605
4680 1381
4681 25512
4682 7521
4683 19233
4684 54049
4685 25434
4686 856
4687 56681
4688 56633
4689 56888
4690 53540
4691 27520
4692 37221
4693 54816
4694 56881
4695 2970
4696 25498
4697 53605
4698 55649
4699 53605
4700 25560
4701 49509
4702 54629
4703 63469
4704 9128
4705 56888
4706 51000
4707 2328
4708 26413
4709 56888
4710 56888
4711 53605
4712 56889
4713 26157
4714 55953
4715 26536
4716 56881
4717 2328
4718 65121
4719 56880
4720 62081
4721 64097
4722 2968
4723 27392
4724 26413
4725 26413
4726 65377
4727 56881
4728 51000
4729 53605
4730 64097
4731 25512
4732 53793
4733 33125
4734 26413
4735 54565
4736 56681
4737 56681
4738 53793
4739 53605
4740 64865
4741 56681
4742 1829
4743 57701
4744 2328
4745 365
4746 56880
4747 33125
4748 33125
4749 26409
4750 54821
4751 25488
4752 56681
4753 56681
4754 56681
4755 5477
4756 37665
4757 25498
4758 64033
4759 49508
4760 20257
4761 64353
4762 37217
4763 4984
4764 17306
4765 51000
4766 56681
4767 54072
4768 64033
4769 56681
4770 17208
4771 57701
4772 25370
4773 56097
4774 37688
4775 58725
4776 63328
4777 56881
4778 2328
4779 64097
4780 56681
4781 31233
4782 49976
4783 25370
4784 53025
4785 64033
4786 7529
4787 1381
4788 28177
4789 2840
4790 49944
4791 2328
4792 19224
4793 19785
4794 53541
4795 25344
4796 56617
4797 49445
4798 26153
4799 31249
4800 56889
4801 63272
4802 54832
4803 56681
4804 33125
4805 53605
4806 64097
4807 2328
4808 4984
4809 64032
4810 2328
4811 2970
4812 33125
4813 56609
4814 32289
4815 17304
4816 25473
4817 25496
4818 28161
4819 2328
4820 61797
4821 54048
4822 56888
4823 51000
4824 53605
4825 65377
4826 63469
4827 56888
4828 56881
4829 56888
4830 26413
4831 33125
4832 56888
4833 26400
4834 53605
4835 53605
4836 56681
4837 55840
4838 32273
4839 63469
4840 53605
4841 63403
4842 64033
4843 56888
4844 54048
4845 54833
4846 62241
4847 56681
4848 58176
4849 51000
4850 33125
4851 872
4852 56888
4853 25370
4854 63400
4855 52008
4856 2841
4857 53605
4858 56888
4859 25370
4860 64033
4861 25512
4862 56888
4863 5984
4864 49509
4865 25498
4866 26536
4867 49509
4868 13228
4869 33125
4870 54328
4871 20836
4872 26413
4873 25498
4874 54328
4875 64033
4876 57129
4877 61793
4878 10029
4879 51000
4880 64032
4881 19352
4882 2328
4883 2328
4884 27137
4885 58212
4886 25560
4887 53605
4888 25498
4889 18208
4890 62097
4891 64033
4892 25496
4893 51000
4894 56681
4895 56881
4896 25498
4897 9112
4898 25498
4899 25560
4900 56888
4901 64145
4902 56881
4903 56681
4904 56681
4905 2328
4906 17248
4907 56681
4908 64097
4909 23057
4910 856
4911 10029
4912 25512
4913 53605
4914 18961
4915 54833
4916 61797
4917 25480
4918 61281
4919 56881
4920 25498
4921 64033
4922 63392
4923 4984
4924 23041
4925 64097
4926 53605
4927 53605
4928 64033
4929 64033
4930 26401
4931 49953
4932 53605
4933 33125
4934 53605
4935 2393
4936 53605
4937 25498
4938 26413
4939 56889
4940 25353
4941 2328
4942 56673
4943 54633
4944 65377
4945 64865
4946 56888
4947 18961
4948 55073
4949 10029
4950 25498
4951 27153
4952 53605
4953 2393
4954 2328
4955 2328
4956 56088
4957 49509
4958 63405
4959 56888
4960 53605
4961 53605
4962 25480
4963 56096
4964 2328
4965 23057
4966 2328
4967 2328
4968 56880
4969 27424
4970 56881
4971 56881
4972 49509
4973 57120
4974 64097
4975 63469
4976 2328
4977 56888
4978 53605
4979 25496
4980 49509
4981 33125
4982 33125
4983 56881
4984 9176
4985 56881
4986 32273
4987 56888
4988 56617
4989 23185
4990 64865
4991 2328
4992 26409
4993 49953
4994 64097
4995 2328
4996 23041
4997 53605
4998 26413
4999 51000
5000 33125
5001 11809
5002 27393
5003 56681
5004 52001
5005 61792
5006 33125
5007 19225
5008 56880
5009 2328
5010 65377
5011 25496
5012 53605
5013 56681
5014 25496
5015 7529
5016 365
5017 63841
5018 9016
5019 2328
5020 17178
5021 53557
5022 52001
5023 16677
5024 64033
5025 51000
5026 49944
5027 56681
5028 54053
5029 55809
5030 56881
5031 50072
5032 54069
5033 26409
5034 25370
5035 25384
5036 16677
5037 61793
5038 7529
5039 293
5040 26413
5041 19352
5042 2393
5043 56888
5044 51000
5045 2393
5046 28177
5047 2328
5048 25496
5049 56681
5050 33125
5051 56681
5052 56673
5053 54837
5054 25498
5055 352
5056 53605
5057 17169
5058 37217
5059 63585
5060 872
5061 17176
5062 60256
5063 16741
5064 56681
5065 26393
5066 19352
5067 64352
5068 49445
5069 58152
5070 25498
5071 25496
5072 56880
5073 56888
5074 56681
5075 53605
5076 53605
5077 63272
5078 58145
5079 49961
5080 53605
5081 25444
5082 53605
5083 56888
5084 49445
5085 56880
5086 56617
5087 56888
5088 872
5089 64033
5090 61217
5091 17312
5092 56881
5093 5984
5094 33061
5095 56881
5096 28161
5097 52000
5098 53604
5099 5477
5100 19224
5101 62305
5102 25480
5103 61288
5104 25480
5105 53605
5106 53605
5107 53605
5108 26401
5109 62113
5110 55856
5111 33061
5112 2328
5113 9112
5114 53605
5115 53813
5116 63469
5117 63405
5118 47021
5119 17176
5120 53541
5121 872
5122 2328
5123 2329
5124 64865
5125 61793
5126 25498
5127 49976
5128 53605
5129 51968
5130 56681
5131 2328
5132 2328
5133 62368
5134 2329
5135 2328
5136 31377
5137 64033
5138 25498
5139 24097
5140 56881
5141 25496
5142 25472
5143 56681
5144 54072
5145 49960
5146 32273
5147 18697
5148 2328
5149 53605
5150 10017
5151 2328
5152 53605
5153 56881
5154 64865
5155 23057
5156 56888
5157 7521
5158 56681
5159 56880
5160 49509
5161 51977
5162 25496
5163 55072
5164 28193
5165 11797
5166 31233
5167 56673
5168 54625
5169 63405
5170 64033
5171 63272
5172 53605
5173 25498
5174 31249
5175 50976
5176 25496
5177 32273
5178 56888
5179 53605
5180 9112
5181 46765
5182 53605
5183 25512
5184 63841
5185 2328
5186 25498
5187 53605
5188 49960
5189 26413
5190 56881
5191 2970
5192 56096
5193 62305
5194 57700
5195 54048
5196 53601
5197 49509
5198 56865
5199 26413
5200 53605
5201 56681
5202 56889
5203 26413
5204 26413
5205 53605
5206 53605
5207 53605
5208 56888
5209 9176
5210 33125
5211 56881
5212 53605
5213 61797
5214 56881
5215 49509
5216 53605
5217 25512
5218 53605
5219 54833
5220 54049
5221 20837
5222 45977
5223 53605
5224 56881
5225 25496
5226 54817
5227 25512
5228 62113
5229 25370
5230 54056
5231 26413
5232 25512
5233 54328
5234 58213
5235 32273
5236 56888
5237 2328
5238 17306
5239 55840
5240 56681
5241 54633
5242 27137
5243 7521
5244 2328
5245 56881
5246 33125
5247 19225
5248 60256
5249 51000
5250 33125
5251 54629
5252 26413
5253 25384
5254 49944
5255 53281
5256 58145
5257 10017
5258 357
5259 2328
5260 53605
5261 53605
5262 19208
5263 53605
5264 10088
5265 17176
5266 26409
5267 19352
5268 53605
5269 63585
5270 10029
5271 17192
5272 65025
5273 18208
5274 54040
5275 17176
5276 53600
5277 33125
5278 2328
5279 63841
5280 57697
5281 805
5282 25512
5283 25368
5284 2328
5285 56888
5286 56888
5287 53605
5288 62113
5289 2328
5290 51000
5291 53605
5292 56681
5293 49944
5294 63272
5295 53605
5296 49976
5297 56681
5298 64096
5299 64033
5300 33125
5301 1829
5302 23336
5303 56888
5304 53605
5305 56889
5306 56888
5307 18945
5308 52024
5309 25448
5310 53605
5311 56881
5312 64865
5313 53541
5314 64033
5315 7529
5316 54048
5317 63841
5318 54056
5319 25576
5320 872
5321 2393
5322 56617
5323 56881
5324 56681
5325 33125
5326 53809
5327 53605
5328 53605
5329 53284
5330 46765
5331 27152
5332 37221
5333 49952
5334 25368
5335 888
5336 26413
5337 56681
5338 33125
5339 64033
5340 17178
5341 31233
5342 2329
5343 31377
5344 17185
5345 2328
5346 57701
5347 824
5348 64033
5349 64033
5350 53605
5351 25498
5352 55856
5353 53605
5354 64033
5355 65377
5356 53605
5357 18697
5358 4960
5359 25560
5360 18761
5361 27416
5362 23041
5363 2328
5364 2968
5365 53605
5366 55809
5367 62248
5368 56681
5369 19785
5370 18977
5371 25498
5372 23057
5373 62113
5374 26413
5375 64033
5376 25498
5377 49509
5378 28177
5379 51000
5380 25568
5381 53605
5382 17224
5383 65121
5384 56681
5385 33125
5386 53605
5387 56673
5388 56888
5389 53605
5390 2328
5391 53797
5392 26413
5393 53605
5394 25370
5395 64865
5396 10157
5397 25496
5398 10029
5399 10029
5400 63400
5401 2328
5402 49960
5403 2329
5404 25370
5405 28177
5406 56617
5407 25496
5408 56880
5409 63400
5410 18713
5411 28417
5412 53793
5413 54821
5414 25512
5415 25498
5416 55096
5417 2393
5418 32257
5419 56881
5420 10029
5421 49952
5422 53605
5423 47021
5424 53605
5425 54056
5426 56888
5427 2328
5428 25512
5429 2328
5430 61797
5431 54025
5432 64033
5433 56881
5434 53605
5435 49952
5436 26153
5437 2392
5438 56888
5439 19209
5440 2328
5441 56681
5442 61797
5443 33125
5444 58112
5445 64033
5446 16677
5447 56881
5448 57696
5449 25385
5450 25576
5451 23041
5452 19272
5453 2328
5454 56888
5455 2328
5456 56681
5457 19352
5458 61985
5459 4453
5460 26401
5461 56881
5462 26413
5463 872
5464 53809
5465 64033
5466 2840
5467 51000
5468 25498
5469 49509
5470 2328
5471 49509
5472 53601
5473 64289
5474 16741
5475 19201
5476 25370
5477 51000
5478 2328
5479 53605
5480 17176
5481 57701
5482 56673
5483 17176
5484 56376
5485 56681
5486 1896
5487 56681
5488 53605
5489 49944
5490 53605
5491 10025
5492 5992
5493 25370
5494 18761
5495 56681
5496 872
5497 54112
5498 63841
5499 25512
5500 49952
5501 2328
5502 2393
5503 33125
5504 17176
5505 2840
5506 25498
5507 64145
5508 55649
5509 2329
5510 53605
5511 53605
5512 63465
5513 51000
5514 27392
5515 63465
5516 51000
5517 63403
5518 56880
5519 4968
5520 25496
5521 56681
5522 29472
5523 8984
5524 53605
5525 2328
5526 17306
5527 25498
5528 5473
5529 56888
5530 2329
5531 53284
5532 56881
5533 58209
5534 2377
5535 56681
5536 11797
5537 13228
5538 56089
5539 56865
5540 54841
5541 33125
5542 50104
5543 62371
5544 53605
5545 53285
5546 53605
5547 872
5548 27401
5549 51000
5550 2328
5551 49944
5552 56681
5553 53600
5554 17304
5555 25498
5556 2328
5557 65377
5558 26536
5559 49440
5560 62371
5561 47021
5562 64033
5563 18945
5564 63272
5565 56888
5566 56881
5567 56888
5568 53605
5569 56881
5570 56681
5571 56681
5572 792
5573 50104
5574 53605
5575 19224
5576 2328
5577 26413
5578 32273
5579 57696
5580 56881
5581 32273
5582 25377
5583 25512
5584 53605
5585 55096
5586 27137
5587 57889
5588 4448
5589 26409
5590 53605
5591 56865
5592 20232
5593 5472
5594 49509
5595 56681
5596 27425
5597 53605
5598 17248
5599 53605
5600 33125
5601 28177
5602 56881
5603 51000
5604 46765
5605 53605
5606 63469
5607 19352
5608 2328
5609 17248
5610 53605
5611 56376
5612 54840
5613 64033
5614 11797
5615 56880
5616 2840
5617 57701
5618 53600
5619 25496
5620 10029
5621 53605
5622 49445
5623 9112
5624 25512
5625 28177
5626 27544
5627 2392
5628 63272
5629 25512
5630 63288
5631 2328
5632 54328
5633 53605
5634 2328
5635 56681
5636 56881
5637 26157
5638 56609
5639 54840
5640 56881
5641 51977
5642 59937
5643 17316
5644 55953
5645 19224
5646 53605
5647 31249
5648 27265
5649 53605
5650 56881
5651 58145
5652 53605
5653 49960
5654 17208
5655 56888
5656 56065
5657 49509
5658 56881
5659 47021
5660 25480
5661 53605
5662 53605
5663 56888
5664 53540
5665 64033
5666 2328
5667 56881
5668 26413
5669 63841
5670 50985
5671 31249
5672 2329
5673 54833
5674 56681
5675 2825
5676 17765
5677 2328
5678 56889
5679 2825
5680 18712
5681 56881
5682 25370
5683 17176
5684 26413
5685 33061
5686 51000
5687 28417
5688 56681
5689 33061
5690 2840
5691 2328
5692 49976
5693 2840
5694 357
5695 7529
5696 2328
5697 62392
5698 55841
5699 51000
5700 2328
5701 53605
5702 27296
5703 56681
5704 2328
5705 56681
5706 25368
5707 55077
5708 62817
5709 357
5710 56681
5711 53605
5712 33125
5713 19224
5714 25370
5715 25360
5716 56888
5717 55953
5718 53605
5719 33125
5720 62376
5721 53605
5722 47021
5723 63392
5724 53605
5725 888
5726 64033
5727 56681
5728 53809
5729 56681
5730 53604
5731 19224
5732 17177
5733 56880
5734 56888
5735 33125
5736 9176
5737 2328
5738 2328
5739 58144
5740 27560
5741 53605
5742 64033
5743 31249
5744 27153
5745 25370
5746 27153
5747 56881
5748 1381
5749 63469
5750 856
5751 56681
5752 52000
5753 17306
5754 2328
5755 53605
5756 33125
5757 55825
5758 19352
5759 56881
5760 56881
5761 64033
5762 54328
5763 53605
5764 56881
5765 53605
5766 56681
5767 49952
5768 2970
5769 19224
5770 2328
5771 32273
5772 56889
5773 64097
5774 55841
5775 64001
5776 53605
5777 37221
5778 6689
5779 33125
5780 53605
5781 63469
5782 17178
5783 64033
5784 53605
5785 19240
5786 55857
5787 53605
5788 63272
5789 27400
5790 47021
5791 54840
5792 53605
5793 53605
5794 63469
5795 49944
5796 49953
5797 62113
5798 53605
5799 25498
5800 2329
5801 17306
5802 27616
5803 5984
5804 26153
5805 56865
5806 53605
5807 25496
5808 26413
5809 26413
5810 53536
5811 65120
5812 53605
5813 56881
5814 33125
5815 824
5816 25377
5817 56888
5818 13228
5819 56889
5820 23057
5821 32273
5822 62371
5823 49957
5824 56681
5825 53605
5826 19224
5827 50533
5828 49636
5829 17185
5830 2970
5831 53605
5832 56881
5833 53605
5834 53605
5835 51969
5836 56888
5837 56681
5838 10017
5839 25512
5840 26157
5841 31377
5842 53605
5843 56888
5844 59177
5845 53605
5846 25440
5847 53605
5848 5984
5849 25385
5850 56880
5851 19224
5852 18945
5853 64865
5854 2328
5855 49509
5856 10029
5857 64865
5858 49976
5859 25370
5860 17176
5861 2328
5862 55080
5863 56681
5864 27425
5865 16677
5866 17178
5867 2825
5868 25416
5869 56681
5870 17176
5871 2328
5872 53605
5873 49961
5874 49957
5875 19233
5876 26113
5877 61793
5878 49944
5879 19328
5880 2329
5881 61793
5882 17248
5883 54565
5884 56673
5885 2840
5886 49960
5887 53605
5888 55825
5889 17176
5890 25496
5891 26464
5892 2970
5893 56880
5894 25496
5895 2329
5896 51000
5897 58725
5898 33125
5899 63405
5900 53605
5901 64033
5902 45977
5903 56888
5904 49953
5905 49957
5906 56681
5907 10017
5908 56881
5909 49509
5910 19785
5911 62304
5912 28177
5913 25498
5914 2328
5915 53605
5916 357
5917 25496
5918 53605
5919 64033
5920 27416
5921 56881
5922 56888
5923 53605
5924 58144
5925 64145
5926 45977
5927 56881
5928 62097
5929 5472
5930 47021
5931 25498
5932 56881
5933 25496
5934 56888
5935 53605
5936 56681
5937 2328
5938 55081
5939 33125
5940 49944
5941 57121
5942 25496
5943 864
5944 17193
5945 56681
5946 58145
5947 56881
5948 53605
5949 31249
5950 53605
5951 56881
5952 25498
5953 56857
5954 18945
5955 33125
5956 33061
5957 56681
5958 26113
5959 8985
5960 56888
5961 49953
5962 25496
5963 49952
5964 56888
5965 17153
5966 23881
5967 56881
5968 31249
5969 50080
5970 25480
5971 45977
5972 64033
5973 53605
5974 54625
5975 53604
5976 64145
5977 53605
5978 2313
5979 53605
5980 53605
5981 888
5982 56681
5983 17184
5984 65321
5985 53605
5986 56681
5987 27425
5988 2329
5989 25488
5990 872
5991 56681
5992 57129
5993 56617
5994 10157
5995 56888
5996 19224
5997 2393
5998 56881
5999 53605
6000 25370
6001 62240
6002 63272
6003 53797
6004 61216
6005 26413
6006 33125
6007 28177
6008 56681
6009 25440
6010 49445
6011 53605
6012 25370
6013 53605
6014 32273
6015 23057
6016 25496
6017 25560
6018 65121
6019 27464
6020 53605
6021 52001
6022 53605
6023 53809
6024 56881
6025 56681
6026 55841
6027 64033
6028 56681
6029 63841
6030 2840
6031 51000
6032 51000
6033 17306
6034 32273
6035 2329
6036 64288
6037 52000
6038 19354
6039 49505
6040 53605
6041 49505
6042 23881
6043 17312
6044 53605
6045 64353
6046 26153
6047 872
6048 49976
6049 56673
6050 58336
6051 62248
6052 2328
6053 33125
6054 2377
6055 49445
6056 11797
6057 25498
6058 18776
6059 49953
6060 56888
6061 56888
6062 50533
6063 27552
6064 49509
6065 64033
6066 56673
6067 53605
6068 54112
6069 37221
6070 64097
6071 56888
6072 56881
6073 56889
6074 54056
6075 33125
6076 25445
6077 56417
6078 56097
6079 49952
6080 54041
6081 56880
6082 53812
6083 9112
6084 8993
6085 32273
6086 53605
6087 63469
6088 47021
6089 65057
6090 33125
6091 56865
6092 64873
6093 2392
6094 53284
6095 2393
6096 63392
6097 50976
6098 49509
6099 55081
6100 25496
6101 53605
6102 53605
6103 56888
6104 56888
6105 57129
6106 18712
6107 54833
6108 31377
6109 19352
6110 56880
6111 4453
6112 2328
6113 54833
6114 28161
6115 357
6116 56888
6117 2328
6118 62240
6119 25232
6120 25498
6121 49332
6122 63469
6123 52920
6124 53605
6125 51000
6126 25434
6127 26413
6128 26413
6129 31249
6130 17306
6131 64033
6132 19224
6133 9176
6134 2329
6135 49952
6136 49952
6137 56681
6138 25352
6139 2392
6140 56681
6141 2840
6142 55072
6143 53605
6144 56681
6145 2393
6146 25370
6147 53605
6148 56889
6149 64033
6150 62113
6151 53605
6152 26413
6153 54048
6154 53808
6155 9128
6156 9112
6157 23057
6158 56888
6159 25512
6160 64096
6161 24065
6162 53605
6163 25496
6164 23041
6165 53605
6166 65385
6167 53545
6168 50072
6169 58144
6170 56880
6171 49445
6172 56881
6173 56681
6174 33125
6175 7529
6176 2329
6177 2377
6178 28449
6179 51000
6180 19233
6181 888
6182 56881
6183 51713
6184 21280
6185 64353
6186 56681
6187 28449
6188 25370
6189 56681
6190 63288
6191 53536
6192 2328
6193 872
6194 56681
6195 19224
6196 26145
6197 19201
6198 53541
6199 4968
6200 872
6201 49968
6202 56673
6203 2328
6204 2328
6205 56681
6206 64001
6207 18713
6208 53605
6209 58725
6210 53605
6211 55856
6212 53605
6213 62113
6214 63469
6215 27281
6216 53605
6217 57128
6218 45977
6219 352
6220 56888
6221 64033
6222 56881
6223 58208
6224 56888
6225 16741
6226 56889
6227 56681
6228 2328
6229 56888
6230 54840
6231 2328
6232 25498
6233 19352
6234 50080
6235 54837
6236 37221
6237 64033
6238 32273
6239 49953
6240 26413
6241 51000
6242 51000
6243 64097
6244 33125
6245 4448
6246 53605
6247 56681
6248 53605
6249 54049
6250 64033
6251 49445
6252 19232
6253 49976
6254 56681
6255 2328
6256 17184
6257 25361
6258 28425
6259 57121
6260 27265
6261 17160
6262 56089
6263 56881
6264 15905
6265 57697
6266 57192
6267 56889
6268 58272
6269 2328
6270 50017
6271 53605
6272 47021
6273 62113
6274 26413
6275 56681
6276 53605
6277 56681
6278 49844
6279 17306
6280 53605
6281 53605
6282 19288
6283 32273
6284 20233
6285 60160
6286 64033
6287 11797
6288 31233
6289 24097
6290 32273
6291 357
6292 49509
6293 56681
6294 47021
6295 56881
6296 56673
6297 56888
6298 56888
6299 53605
6300 53605
6301 62113
6302 64033
6303 54053
6304 27425
6305 28161
6306 56865
6307 56880
6308 53605
6309 53605
6310 24097
6311 33125
6312 53605
6313 49953
6314 26413
6315 26413
6316 17192
6317 56880
6318 2393
6319 19224
6320 53605
6321 27153
6322 365
6323 56417
6324 51000
6325 62248
6326 23041
6327 25361
6328 56673
6329 61792
6330 56681
6331 11813
6332 53605
6333 1381
6334 60161
6335 64097
6336 17178
6337 51000
6338 7521
6339 25432
6340 56888
6341 57185
6342 58145
6343 1888
6344 26393
6345 50977
6346 26409
6347 25370
6348 27464
6349 54049
6350 14176
6351 33125
6352 2392
6353 64033
6354 49509
6355 18208
6356 27153
6357 2841
6358 51000
6359 56888
6360 56888
6361 53605
6362 17185
6363 56617
6364 53605
6365 49952
6366 64033
6367 17152
6368 32273
6369 56888
6370 64097
6371 56881
6372 49976
6373 53605
6374 56673
6375 62264
6376 57128
6377 2392
6378 10029
6379 49445
6380 56833
6381 54053
6382 54840
6383 26145
6384 53797
6385 64097
6386 32273
6387 53605
6388 64145
6389 49976
6390 26413
6391 62248
6392 56681
6393 49445
6394 33125
6395 2328
6396 24329
6397 2392
6398 23057
6399 17304
6400 53605
6401 64033
6402 53793
6403 65377
6404 17184
6405 17185
6406 56681
6407 64097
6408 54048
6409 2328
6410 2329
6411 17304
6412 2328
6413 64289
6414 2328
6415 56881
6416 2393
6417 53605
6418 25498
6419 56881
6420 23057
6421 25376
6422 10029
6423 19224
6424 2328
6425 33125
6426 19224
6427 26113
6428 28177
6429 56881
6430 56888
6431 25400
6432 49944
6433 64033
6434 365
6435 26153
6436 2329
6437 25512
6438 31249
6439 2328
6440 53605
6441 53604
6442 33125
6443 37221
6444 53605
6445 19232
6446 56681
6447 2328
6448 56881
6449 9064
6450 25560
6451 32273
6452 49920
6453 25512
6454 61217
6455 55073
6456 56888
6457 31249
6458 54048
6459 32257
6460 53605
6461 55077
6462 26413
6463 53605
6464 2328
6465 25496
6466 53605
6467 64033
6468 64865
6469 56881
6470 63585
6471 25496
6472 53605
6473 56888
6474 63841
6475 53605
6476 27280
6477 56889
6478 56865
6479 49929
6480 2329
6481 56681
6482 56681
6483 65121
6484 56881
6485 53809
6486 2328
6487 25345
6488 17184
6489 49976
6490 58296
6491 19336
6492 53537
6493 56865
6494 56681
6495 55080
6496 56681
6497 26408
6498 26409
6499 57700
6500 56888
6501 1829
6502 56681
6503 56417
6504 49509
6505 33125
6506 56681
6507 49508
6508 26413
6509 65120
6510 33125
6511 17185
6512 56681
6513 33125
6514 33125
6515 17304
6516 50984
6517 19352
6518 56888
6519 56888
6520 25496
6521 53605
6522 53605
6523 53605
6524 49445
6525 53808
6526 57121
6527 53605
6528 53605
6529 63403
6530 55073
6531 1896
6532 58145
6533 56681
6534 64865
6535 56889
6536 25496
6537 53605
6538 53540
6539 54629
6540 25496
6541 64033
6542 63465
6543 54832
6544 53605
6545 33125
6546 64033
6547 64033
6548 49504
6549 56681
6550 25369
6551 56096
6552 49509
6553 49944
6554 54048
6555 27153
6556 63469
6557 56881
6558 53605
6559 56889
6560 64033
6561 53808
6562 18713
6563 25370
6564 33125
6565 51993
6566 2328
6567 18216
6568 26536
6569 28177
6570 30504
6571 26413
6572 33125
6573 2328
6574 64033
6575 51000
6576 25496
6577 64033
6578 26413
6579 62097
6580 53605
6581 54053
6582 27416
6583 11809
6584 25370
6585 49960
6586 2840
6587 25370
6588 26413
6589 65377
6590 17192
6591 33061
6592 25498
6593 32273
6594 19240
6595 2328
6596 56881
6597 18697
6598 56617
6599 53605
6600 26413
6601 63405
6602 56881
6603 2328
6604 25512
6605 56064
6606 25512
6607 25360
6608 25512
6609 26413
6610 2328
6611 23057
6612 56881
6613 23057
6614 31249
6615 64353
6616 56681
6617 18961
6618 25498
6619 50977
6620 64033
6621 64865
6622 51000
6623 19240
6624 52008
6625 18945
6626 25376
6627 56681
6628 365
6629 56681
6630 56097
6631 49508
6632 26413
6633 53605
6634 54625
6635 65377
6636 28177
6637 63469
6638 54832
6639 26157
6640 824
6641 872
6642 56681
6643 56673
6644 56681
6645 2328
6646 53605
6647 2840
6648 62368
6649 56881
6650 27296
6651 25434
6652 50533
6653 53605
6654 64865
6655 56888
6656 28161
6657 56681
6658 20837
6659 53605
6660 25370
6661 56616
6662 53605
6663 28417
6664 56888
6665 64033
6666 54817
6667 53605
6668 53605
6669 17176
6670 872
6671 25498
6672 56097
6673 2328
6674 51000
6675 61281
6676 8993
6677 49953
6678 63841
6679 56881
6680 62241
6681 64033
6682 26413
6683 56673
6684 19233
6685 51000
6686 53605
6687 53605
6688 56889
6689 56889
6690 54040
6691 56889
6692 53605
6693 54072
6694 53605
6695 63841
6696 53808
6697 62312
6698 49844
6699 56888
6700 7529
6701 49952
6702 2328
6703 64033
6704 824
6705 18960
6706 23057
6707 56857
6708 53793
6709 2328
6710 26401
6711 28193
6712 51992
6713 10021
6714 64033
6715 25560
6716 27424
6717 25368
6718 26413
6719 46765
6720 23057
6721 4920
6722 25496
6723 25384
6724 53605
6725 56865
6726 28177
6727 2328
6728 26413
6729 54053
6730 23881
6731 17176
6732 56681
6733 26413
6734 62112
6735 56865
6736 60192
6737 2328
6738 53793
6739 65377
6740 2328
6741 65377
6742 53605
6743 53605
6744 53025
6745 56681
6746 2392
6747 65377
6748 56888
6749 56888
6750 25498
6751 53605
6752 56881
6753 23328
6754 53605
6755 54837
6756 23185
6757 47021
6758 57697
6759 56681
6760 54833
6761 58113
6762 45977
6763 25496
6764 25496
6765 65377
6766 60192
6767 31377
6768 56888
6769 54049
6770 23041
6771 49504
6772 2392
6773 2329
6774 56681
6775 61793
6776 2328
6777 39713
6778 56681
6779 51000
6780 49332
6781 64097
6782 61793
6783 49936
6784 61793
6785 56681
6786 27528
6787 2328
6788 3873
6789 17184
6790 28449
6791 63841
6792 63469
6793 58120
6794 56681
6795 27137
6796 49509
6797 56880
6798 26413
6799 872
6800 352
6801 2392
6802 59177
6803 2328
6804 17185
6805 53605
6806 17176
6807 2328
6808 53284
6809 32273
6810 53601
6811 56881
6812 53605
6813 25377
6814 25496
6815 53605
6816 27544
6817 1888
6818 56888
6819 25490
6820 54048
6821 27424
6822 54072
6823 56888
6824 53605
6825 25440
6826 49445
6827 17248
6828 54840
6829 56881
6830 53605
6831 4984
6832 51000
6833 55841
6834 2328
6835 65376
6836 2328
6837 64033
6838 25560
6839 18712
6840 50976
6841 56881
6842 17161
6843 56881
6844 57121
6845 53605
6846 19352
6847 23057
6848 2328
6849 56681
6850 63585
6851 2328
6852 58208
6853 56417
6854 23185
6855 55809
6856 56881
6857 23057
6858 49504
6859 54040
6860 57701
6861 26413
6862 17306
6863 25498
6864 25480
6865 23185
6866 25480
6867 26157
6868 53605
6869 56888
6870 64097
6871 25360
6872 824
6873 25370
6874 2328
6875 60193
6876 56673
6877 26413
6878 25512
6879 65376
6880 25496
6881 56417
6882 49961
6883 56104
6884 2328
6885 2840
6886 56376
6887 37157
6888 2393
6889 49920
6890 56888
6891 55840
6892 56881
6893 17176
6894 56681
6895 33125
6896 2328
6897 17176
6898 25480
6899 25560
6900 54817
6901 53605
6902 63400
6903 56681
6904 56881
6905 27465
6906 56880
6907 63272
6908 25480
6909 2328
6910 49509
6911 25512
6912 64865
6913 25512
6914 53605
6915 53813
6916 56881
6917 25576
6918 56881
6919 2328
6920 2328
6921 19224
6922 7529
6923 365
6924 17306
6925 23041
6926 56681
6927 56681
6928 54837
6929 2328
6930 357
6931 65376
6932 2849
6933 56681
6934 63469
6935 53605
6936 53605
6937 872
6938 25560
6939 49509
6940 49504
6941 2328
6942 27152
6943 55073
6944 54048
6945 56888
6946 25496
6947 54565
6948 56881
6949 53605
6950 65121
6951 56888
6952 56881
6953 54049
6954 58153
6955 58120
6956 25498
6957 49509
6958 33125
6959 18761
6960 53809
6961 56881
6962 33125
6963 46765
6964 64032
6965 55808
6966 49509
6967 17176
6968 54840
6969 25416
6970 53605
6971 56097
6972 19240
6973 61793
6974 25496
6975 56681
6976 27400
6977 29480
6978 5473
6979 2313
6980 56888
6981 25498
6982 53605
6983 54625
6984 53793
6985 17176
6986 25498
6987 19224
6988 57121
6989 54056
6990 51969
6991 11797
6992 23328
6993 9112
6994 56681
6995 25384
6996 17184
6997 56681
6998 57144
6999 37221
7000 49509
7001 2328
7002 20233
7003 53604
7004 56888
7005 62248
7006 2970
7007 2970
7008 53605
7009 53605
7010 25377
7011 17304
7012 56888
7013 53605
7014 53033
7015 56881
7016 56881
7017 56617
7018 26536
7019 56881
7020 11793
7021 25498
7022 26413
7023 26413
7024 63264
7025 49509
7026 64865
7027 26145
7028 25498
7029 56881
7030 64033
7031 61797
7032 57121
7033 18961
7034 27153
7035 25498
7036 56881
7037 64033
7038 2840
7039 29592
7040 19785
7041 19224
7042 56681
7043 56673
7044 62371
7045 61281
7046 50533
7047 49509
7048 33125
7049 56673
7050 872
7051 2840
7052 2328
7053 33125
7054 56680
7055 60193
7056 53605
7057 49844
7058 25360
7059 2392
7060 56888
7061 61797
7062 17176
7063 50104
7064 56881
7065 19200
7066 37217
7067 64033
7068 55857
7069 33125
7070 55080
7071 55856
7072 17248
7073 51744
7074 53605
7075 25496
7076 56880
7077 19224
7078 25496
7079 53605
7080 56889
7081 26465
7082 1829
7083 13228
7084 64001
7085 25496
7086 64033
7087 64257
7088 17185
7089 17160
7090 4960
7091 64033
7092 64289
7093 28177
7094 53605
7095 2329
7096 53605
7097 57120
7098 64033
7099 56880
7100 2328
7101 2392
7102 27496
7103 23041
7104 10017
7105 56880
7106 26409
7107 64873
7108 8985
7109 56673
7110 18945
7111 64033
7112 25370
7113 53605
7114 56097
7115 56681
7116 27296
7117 49960
7118 26413
7119 19240
7120 53605
7121 55080
7122 17224
7123 2328
7124 2329
7125 56881
7126 26413
7127 53797
7128 54061
7129 25496
7130 53605
7131 56889
7132 32273
7133 53285
7134 49953
7135 2328
7136 56881
7137 56881
7138 58144
7139 55953
7140 56681
7141 9176
7142 25498
7143 63403
7144 17176
7145 25496
7146 64865
7147 17306
7148 19785
7149 56681
7150 56881
7151 64033
7152 64033
7153 56888
7154 25512
7155 24097
7156 2329
7157 25560
7158 2328
7159 24329
7160 64097
7161 27392
7162 61797
7163 54064
7164 365
7165 2328
7166 17304
7167 5992
7168 18945
7169 49512
7170 19209
7171 51000
7172 49844
7173 57697
7174 27528
7175 56681
7176 52001
7177 2328
7178 49445
7179 63840
7180 51000
7181 63264
7182 62241
7183 19352
7184 26393
7185 56681
7186 2840
7187 49509
7188 56888
7189 1829
7190 16676
7191 888
7192 32273
7193 10029
7194 1896
7195 888
7196 16736
7197 2328
7198 31233
7199 28177
7200 57121
7201 19224
7202 17304
7203 37217
7204 56880
7205 53605
7206 53605
7207 64033
7208 56880
7209 54072
7210 17176
7211 1829
7212 64096
7213 10029
7214 18208
7215 56881
7216 49944
7217 53605
7218 27544
7219 21288
7220 17248
7221 37221
7222 25368
7223 856
7224 25370
7225 53605
7226 17200
7227 18961
7228 64033
7229 49960
7230 19209
7231 33125
7232 23185
7233 49953
7234 53605
7235 2328
7236 5984
7237 2393
7238 58208
7239 56681
7240 27425
7241 25432
7242 64353
7243 53541
7244 64033
7245 1829
7246 49332
7247 2393
7248 62241
7249 26393
7250 55809
7251 64865
7252 56681
7253 53605
7254 25384
7255 51000
7256 1896
7257 58176
7258 26536
7259 65121
7260 824
7261 19208
7262 53605
7263 26413
7264 63273
7265 56681
7266 52024
7267 27528
7268 56681
7269 64097
7270 62208
7271 17193
7272 53541
7273 26413
7274 49976
7275 53605
7276 25496
7277 60193
7278 27552
7279 53605
7280 53605
7281 56681
7282 55073
7283 17306
7284 23881
7285 56881
7286 53605
7287 54832
7288 54048
7289 2392
7290 2328
7291 56888
7292 11813
7293 53605
7294 25370
7295 19224
7296 64097
7297 2393
7298 56865
7299 19785
7300 20837
7301 58144
7302 62264
7303 65313
7304 1896
7305 27552
7306 56681
7307 56881
7308 56681
7309 53604
7310 53605
7311 17176
7312 2392
7313 17200
7314 56888
7315 2328
7316 33125
7317 56681
7318 55081
7319 53605
7320 25440
7321 64033
7322 56417
7323 53605
7324 23057
7325 64033
7326 25368
7327 55841
7328 56617
7329 26409
7330 32289
7331 53605
7332 56881
7333 25498
7334 2968
7335 19288
7336 2329
7337 27137
7338 53605
7339 888
7340 55081
7341 56881
7342 49504
7343 53605
7344 56681
7345 64865
7346 49960
7347 58209
7348 62113
7349 2328
7350 24065
7351 19233
7352 56681
7353 25576
7354 56617
7355 56888
7356 26153
7357 52000
7358 56681
7359 49952
7360 26472
7361 5984
7362 19233
7363 49960
7364 58152
7365 27424
7366 11793
7367 25560
7368 3401
7369 54049
7370 23057
7371 56881
7372 26157
7373 25370
7374 56881
7375 55073
7376 51000
7377 25381
7378 26401
7379 49952
7380 2377
7381 26113
7382 49504
7383 25232
7384 26157
7385 27496
7386 2904
7387 25496
7388 25472
7389 2970
7390 18961
7391 58145
7392 2392
7393 56881
7394 64033
7395 17304
7396 2328
7397 17176
7398 2328
7399 64097
7400 65121
7401 19201
7402 49509
7403 10017
7404 872
7405 53537
7406 17224
7407 19304
7408 62305
7409 56617
7410 2392
7411 53812
7412 59233
7413 27153
7414 57120
7415 65121
7416 32273
7417 50016
7418 2392
7419 56888
7420 49509
7421 25496
7422 53605
7423 25360
7424 64033
7425 56865
7426 25432
7427 49952
7428 62113
7429 20837
7430 2328
7431 64033
7432 2329
7433 49509
7434 56881
7435 64097
7436 57889
7437 25498
7438 61797
7439 55073
7440 25370
7441 54057
7442 56881
7443 4984
7444 2904
7445 51985
7446 58240
7447 56672
7448 51744
7449 56681
7450 53605
7451 53605
7452 5473
7453 65057
7454 54072
7455 10029
7456 53605
7457 64032
7458 56609
7459 54072
7460 26413
7461 19225
7462 2329
7463 54841
7464 9000
7465 17306
7466 20233
7467 57113
7468 65120
7469 53605
7470 19241
7471 19224
7472 25496
7473 25360
7474 25498
7475 55953
7476 27488
7477 65376
7478 18208
7479 50976
7480 12065
7481 63841
7482 56681
7483 2328
7484 19288
7485 16672
7486 25498
7487 55080
7488 26536
7489 25498
7490 10017
7491 18776
7492 53605
7493 56888
7494 17184
7495 60193
7496 53540
7497 26145
7498 59168
7499 53605
7500 25560
7501 17306
7502 56880
7503 53605
7504 62312
7505 27153
7506 56888
7507 872
7508 65377
7509 5477
7510 56889
7511 23057
7512 17176
7513 56881
7514 19200
7515 62097
7516 53605
7517 53605
7518 805
7519 26401
7520 65377
7521 54841
7522 53605
7523 792
7524 54328
7525 28177
7526 63585
7527 19233
7528 25496
7529 62081
7530 23057
7531 25496
7532 2904
7533 56881
7534 32273
7535 31233
7536 5477
7537 62264
7538 53605
7539 62241
7540 53605
7541 53605
7542 2328
7543 2377
7544 2393
7545 27464
7546 2840
7547 53033
7548 53605
7549 32273
7550 31249
7551 57113
7552 2328
7553 32273
7554 19209
7555 26413
7556 53605
7557 56681
7558 2328
7559 31249
7560 17178
7561 56881
7562 26413
7563 58145
7564 56681
7565 61797
7566 2328
7567 10017
7568 56633
7569 56681
7570 352
7571 58272
7572 53812
7573 56681
7574 17189
7575 25512
7576 56888
7577 63405
7578 63392
7579 26401
7580 56880
7581 10025
7582 888
7583 9128
7584 54049
7585 2968
7586 17176
7587 56880
7588 53605
7589 65376
7590 54833
7591 19304
7592 26409
7593 56617
7594 2970
7595 49445
7596 53809
7597 57696
7598 53284
7599 5984
7600 17304
7601 61793
7602 65377
7603 25370
7604 2377
7605 49946
7606 19354
7607 53613
7608 55953
7609 25512
7610 19224
7611 57121
7612 2328
7613 56881
7614 56880
7615 28177
7616 29608
7617 54049
7618 2848
7619 64033
7620 53541
7621 18761
7622 56881
7623 2328
7624 53605
7625 49445
7626 56880
7627 56881
7628 65120
7629 51000
7630 64097
7631 52008
7632 23057
7633 49957
7634 27137
7635 2328
7636 2968
7637 2328
7638 54056
7639 53605
7640 56889
7641 19233
7642 31249
7643 63272
7644 25377
7645 31249
7646 25498
7647 55809
7648 55073
7649 37221
7650 64353
7651 37221
7652 16740
7653 28161
7654 31249
7655 56865
7656 17184
7657 64097
7658 16741
7659 63337
7660 27137
7661 2968
7662 54821
7663 2328
7664 19224
7665 888
7666 62232
7667 25368
7668 53605
7669 872
7670 54112
7671 2328
7672 53605
7673 55825
7674 56888
7675 54833
7676 25498
7677 56888
7678 25384
7679 53808
7680 17185
7681 54625
7682 61793
7683 56681
7684 2840
7685 53605
7686 2840
7687 17178
7688 2392
7689 56609
7690 53605
7691 18961
7692 49504
7693 27153
7694 18961
7695 62113
7696 25384
7697 65377
7698 33125
7699 57128
7700 56609
7701 56880
7702 56881
7703 53605
7704 33125
7705 53809
7706 888
7707 54056
7708 61797
7709 56881
7710 19232
7711 53605
7712 53605
7713 56353
7714 53809
7715 24329
7716 50976
7717 53605
7718 19209
7719 56105
7720 19088
7721 2329
7722 64033
7723 45977
7724 58212
7725 54049
7726 27528
7727 56097
7728 64145
7729 53600
7730 14176
7731 53605
7732 55841
7733 53793
7734 51969
7735 28177
7736 49944
7737 59176
7738 18761
7739 25361
7740 61985
7741 56681
7742 53812
7743 17304
7744 64033
7745 2328
7746 57701
7747 63841
7748 26409
7749 872
7750 33125
7751 17176
7752 2328
7753 25385
7754 56888
7755 352
7756 25370
7757 56681
7758 56681
7759 25370
7760 53605
7761 53605
7762 2329
7763 2840
7764 64097
7765 1896
7766 25498
7767 56881
7768 61793
7769 25498
7770 53605
7771 64033
7772 57696
7773 55953
7774 25498
7775 18272
7776 51000
7777 4984
7778 64289
7779 17178
7780 27265
7781 53777
7782 2904
7783 2328
7784 17178
7785 62392
7786 26409
7787 52920
7788 55857
7789 2392
7790 53605
7791 64033
7792 2328
7793 2328
7794 56881
7795 58145
7796 49960
7797 53605
7798 2328
7799 55072
7800 2328
7801 28456
7802 56881
7803 64865
7804 37221
7805 56881
7806 26153
7807 28177
7808 63403
7809 8985
7810 53605
7811 54057
7812 51993
7813 53605
7814 62241
7815 2377
7816 53793
7817 27153
7818 25370
7819 52001
7820 2329
7821 17176
7822 2393
7823 50072
7824 56681
7825 7521
7826 11793
7827 888
7828 56072
7829 58725
7830 19352
7831 49928
7832 2328
7833 54048
7834 21280
7835 19232
7836 56881
7837 49332
7838 27552
7839 357
7840 56881
7841 53605
7842 58152
7843 2840
7844 64033
7845 17178
7846 27520
7847 49509
7848 25344
7849 2329
7850 25370
7851 19224
7852 56888
7853 10017
7854 53605
7855 19224
7856 64145
7857 56881
7858 64097
7859 4984
7860 58145
7861 28513
7862 49960
7863 18208
7864 56681
7865 26413
7866 25370
7867 53605
7868 56889
7869 26413
7870 19224
7871 17224
7872 58144
7873 11777
7874 25368
7875 37221
7876 26401
7877 19273
7878 53544
7879 49953
7880 25370
7881 49332
7882 25376
7883 27393
7884 2328
7885 9112
7886 62113
7887 64865
7888 65121
7889 17765
7890 23041
7891 53605
7892 25560
7893 62248
7894 64865
7895 57185
7896 56881
7897 25352
7898 2329
7899 19224
7900 17178
7901 56881
7902 56681
7903 28177
7904 64001
7905 2841
7906 7497
7907 2329
7908 17765
7909 64033
7910 49445
7911 25498
7912 56681
7913 54048
7914 54064
7915 56880
7916 56889
7917 53541
7918 55840
7919 27425
7920 56880
7921 18960
7922 2328
7923 46765
7924 49960
7925 49953
7926 2377
7927 19209
7928 64865
7929 56865
7930 25496
7931 25498
7932 19208
7933 27488
7934 56881
7935 25480
7936 53605
7937 56888
7938 49953
7939 58152
7940 27544
7941 21861
7942 27392
7943 26145
7944 56681
7945 25384
7946 27392
7947 64097
7948 2840
7949 10017
7950 872
7951 19233
7952 24065
7953 53605
7954 32273
7955 24065
7956 53605
7957 53605
7958 1896
7959 55081
7960 8984
7961 17185
7962 56681
7963 26401
7964 25498
7965 56617
7966 49504
7967 62240
7968 53793
7969 53540
7970 57701
7971 56673
7972 2968
7973 2328
7974 19208
7975 25496
7976 63841
7977 19232
7978 27153
7979 27296
7980 25370
7981 2328
7982 53541
7983 51969
7984 54817
7985 56881
7986 53605
7987 64097
7988 5472
7989 8993
7990 2849
7991 27137
7992 55073
7993 17161
7994 18713
7995 7497
7996 56833
7997 28177
7998 19209
7999 25498
8000 872
8001 26401
8002 49508
8003 25434
8004 28177
8005 59233
8006 56881
8007 49509
8008 55077
8009 56865
8010 56681
8011 56617
8012 19224
8013 54840
8014 25368
8015 792
8016 47021
8017 2377
8018 23185
8019 54328
8020 19240
8021 872
8022 56857
8023 65120
8024 56865
8025 65313
8026 2329
8027 31233
8028 60193
8029 27137
8030 51000
8031 2392
8032 2968
8033 61793
8034 53605
8035 49960
8036 54064
8037 51744
8038 19200
8039 50984
8040 53605
8041 56681
8042 2857
8043 27425
8044 56865
8045 25352
8046 56881
8047 52024
8048 1829
8049 55857
8050 56617
8051 25344
8052 55077
8053 62249
8054 49961
8055 64033
8056 53025
8057 33125
8058 25480
8059 64096
8060 58725
8061 56880
8062 2392
8063 49968
8064 2392
8065 51000
8066 2329
8067 26413
8068 25384
8069 26413
8070 53605
8071 56681
8072 53809
8073 64353
8074 49944
8075 17176
8076 56888
8077 56881
8078 1888
8079 62304
8080 17178
8081 56673
8082 49944
8083 25498
8084 25496
8085 64097
8086 56889
8087 10017
8088 49953
8089 54049
8090 37221
8091 61281
8092 54057
8093 5472
8094 17189
8095 51984
8096 53605
8097 64865
8098 53541
8099 27137
8100 11825
8101 58208
8102 872
8103 18977
8104 17304
8105 25498
8106 55585
8107 58217
8108 19785
8109 53605
8110 17192
8111 49952
8112 26401
8113 18945
8114 2328
8115 54821
8116 2328
8117 56681
8118 19224
8119 19209
8120 53605
8121 26413
8122 56881
8123 25370
8124 2328
8125 2840
8126 18945
8127 52001
8128 25480
8129 57097
8130 54041
8131 54840
8132 26400
8133 19224
8134 25496
8135 25498
8136 19209
8137 28193
8138 53281
8139 49445
8140 27401
8141 20265
8142 26413
8143 10029
8144 53605
8145 56096
8146 56681
8147 56889
8148 55840
8149 64033
8150 17192
8151 2392
8152 11793
8153 64033
8154 59232
8155 63329
8156 53809
8157 24329
8158 64033
8159 51000
8160 64352
8161 53605
8162 1829
8163 64097
8164 1896
8165 19297
8166 1896
8167 25370
8168 60192
8169 49953
8170 64001
8171 17178
8172 27153
8173 19224
8174 25504
8175 64097
8176 53605
8177 53605
8178 53605
8179 49509
8180 2848
8181 17304
8182 27153
8183 51000
8184 25498
8185 56673
8186 28449
8187 25496
8188 56617
8189 2392
8190 2329
8191 54833
8192 56881
8193 17184
8194 26413
8195 19225
8196 57696
8197 4968
8198 58144
8199 27416
8200 17177
8201 52000
8202 53793
8203 19272
8204 17184
8205 2328
8206 55073
8207 2393
8208 12065
8209 49944
8210 801
8211 55809
8212 56617
8213 56881
8214 49697
8215 872
8216 25370
8217 33125
8218 49953
8219 49636
8220 56633
8221 2328
8222 62125
8223 2392
8224 26401
8225 56881
8226 51992
8227 54840
8228 18961
8229 53024
8230 25498
8231 51000
8232 58128
8233 17306
8234 19216
8235 25512
8236 52009
8237 17178
8238 2329
8239 52001
8240 27408
8241 25376
8242 56681
8243 19297
8244 54065
8245 56681
8246 55840
8247 9000
8248 56681
8249 65121
8250 54833
8251 56681
8252 49952
8253 25512
8254 56889
8255 56880
8256 55072
8257 26413
8258 32273
8259 1888
8260 54056
8261 19209
8262 19225
8263 49952
8264 26145
8265 19224
8266 19240
8267 25498
8268 805
8269 54816
8270 25496
8271 49509
8272 56888
8273 57697
8274 50017
8275 64032
8276 19224
8277 19232
8278 63400
8279 23057
8280 62248
8281 31249
8282 56681
8283 27465
8284 51000
8285 26145
8286 56673
8287 17185
8288 2328
8289 25441
8290 53605
8291 53797
8292 56881
8293 2968
8294 57697
8295 23881
8296 53284
8297 17306
8298 64032
8299 49969
8300 56881
8301 64033
8302 62305
8303 54049
8304 50016
8305 54049
8306 19240
8307 8985
8308 25496
8309 19256
8310 51984
8311 33125
8312 54049
8313 25560
8314 25512
8315 2328
8316 47021
8317 15905
8318 52000
8319 293
8320 18945
8321 54057
8322 55840
8323 25377
8324 2328
8325 2392
8326 54053
8327 25376
8328 56888
8329 51000
8330 10017
8331 49953
8332 56681
8333 25498
8334 53808
8335 51000
8336 56617
8337 57701
8338 27520
8339 17192
8340 19233
8341 57193
8342 64001
8343 64097
8344 19352
8345 54048
8346 63272
8347 19224
8348 55081
8349 64097
8350 11809
8351 25480
8352 64289
8353 57697
8354 49445
8355 53605
8356 53605
8357 2329
8358 28177
8359 25448
8360 56673
8361 357
8362 58145
8363 49509
8364 63328
8365 58145
8366 19785
8367 19208
8368 15905
8369 56865
8370 8984
8371 56673
8372 53793
8373 56881
8374 54841
8375 26153
8376 49953
8377 26413
8378 56881
8379 25370
8380 56880
8381 11793
8382 58144
8383 32273
8384 5472
8385 5992
8386 50016
8387 2393
8388 25445
8389 64096
8390 56888
8391 64033
8392 63469
8393 26400
8394 49445
8395 25496
8396 365
8397 856
8398 19209
8399 25370
8400 53605
8401 63840
8402 2329
8403 2393
8404 17176
8405 61793
8406 2328
8407 56681
8408 2329
8409 25376
8410 56881
8411 53605
8412 824
8413 56681
8414 65377
8415 63328
8416 25480
8417 25384
8418 56673
8419 56881
8420 27392
8421 53793
8422 64033
8423 53280
8424 54064
8425 56681
8426 54057
8427 65376
8428 60192
8429 57129
8430 49441
8431 49961
8432 49921
8433 856
8434 53605
8435 52000
8436 49945
8437 65385
8438 49505
8439 10029
8440 53541
8441 49509
8442 25544
8443 9128
8444 17178
8445 27424
8446 54048
8447 49504
8448 56681
8449 33125
8450 56889
8451 52001
8452 23057
8453 53812
8454 53605
8455 56888
8456 49968
8457 27416
8458 19288
8459 64033
8460 56681
8461 56681
8462 56673
8463 49509
8464 62371
8465 64033
8466 53605
8467 55072
8468 57128
8469 27393
8470 2328
8471 357
8472 53797
8473 26413
8474 4960
8475 51000
8476 872
8477 2328
8478 53605
8479 293
8480 60160
8481 25384
8482 56881
8483 2328
8484 64033
8485 53280
8486 63265
8487 62240
8488 58144
8489 26413
8490 49953
8491 25560
8492 56865
8493 54016
8494 49960
8495 9176
8496 24097
8497 53605
8498 49953
8499 5472
8500 54049
8501 17176
8502 2328
8503 53605
8504 56889
8505 54625
8506 56857
8507 60192
8508 64097
8509 65377
8510 56881
8511 55096
8512 54053
8513 57701
8514 25498
8515 53605
8516 65121
8517 54049
8518 56888
8519 9176
8520 62304
8521 56865
8522 56681
8523 56681
8524 49957
8525 63392
8526 2968
8527 53605
8528 19224
8529 58209
8530 49953
8531 54832
8532 64865
8533 54565
8534 65121
8535 17306
8536 27137
8537 2329
8538 55857
8539 49953
8540 19224
8541 2904
8542 53605
8543 53605
8544 62240
8545 2328
8546 49928
8547 2888
8548 2329
8549 2328
8550 27424
8551 53809
8552 53541
8553 25370
8554 60160
8555 64033
8556 58145
8557 26401
8558 59233
8559 55856
8560 17176
8561 51000
8562 64865
8563 10017
8564 53793
8565 31249
8566 17304
8567 18208
8568 49508
8569 56881
8570 19241
8571 55585
8572 27424
8573 64873
8574 2328
8575 864
8576 55080
8577 56889
8578 17178
8579 55072
8580 56888
8581 25434
8582 2392
8583 9016
8584 56681
8585 2328
8586 61797
8587 2328
8588 2328
8589 26413
8590 56096
8591 2392
8592 54048
8593 2329
8594 31249
8595 62240
8596 2392
8597 28449
8598 27424
8599 27424
8600 27536
8601 54052
8602 25370
8603 62121
8604 58208
8605 51744
8606 55856
8607 29608
8608 54040
8609 25440
8610 60192
8611 53600
8612 49509
8613 17169
8614 25368
8615 27457
8616 23041
8617 55136
8618 54049
8619 23041
8620 17178
8621 54112
8622 49508
8623 56880
8624 26413
8625 56880
8626 58152
8627 58145
8628 21288
8629 56673
8630 19233
8631 26401
8632 28177
8633 27265
8634 51000
8635 49509
8636 17208
8637 18697
8638 19224
8639 17178
8640 5921
8641 65121
8642 49636
8643 2393
8644 25498
8645 64033
8646 55081
8647 58152
8648 59168
8649 19200
8650 58144
8651 25377
8652 49960
8653 49952
8654 58145
8655 56105
8656 27433
8657 56880
8658 64033
8659 61797
8660 50072
8661 25434
8662 27424
8663 53605
8664 54072
8665 56881
8666 25352
8667 53537
8668 55072
8669 2393
8670 49509
8671 64033
8672 49952
8673 27424
8674 2328
8675 49509
8676 56881
8677 56617
8678 17224
8679 63272
8680 17316
8681 25498
8682 55081
8683 53605
8684 856
8685 65120
8686 54833
8687 54049
8688 53808
8689 64865
8690 2840
8691 2328
8692 2328
8693 25498
8694 4968
8695 53541
8696 54056
8697 25498
8698 52000
8699 53605
8700 10029
8701 60192
8702 53605
8703 53605
8704 49952
8705 65121
8706 52001
8707 25498
8708 9176
8709 25496
8710 49960
8711 872
8712 58145
8713 56880
8714 64097
8715 2329
8716 19224
8717 2329
8718 65377
8719 64097
8720 49508
8721 25370
8722 19352
8723 27544
8724 19224
8725 28161
8726 56681
8727 56681
8728 2328
8729 17306
8730 56881
8731 53608
8732 60257
8733 23057
8734 56881
8735 25368
8736 3401
8737 62240
8738 2328
8739 53605
8740 2328
8741 14113
8742 56681
8743 65377
8744 2888
8745 62240
8746 25480
8747 56353
8748 64865
8749 55080
8750 64033
8751 64096
8752 25498
8753 64353
8754 856
8755 49445
8756 52000
8757 19217
8758 56681
8759 56681
8760 53605
8761 49953
8762 2840
8763 49509
8764 51984
8765 57129
8766 25480
8767 58209
8768 56880
8769 27425
8770 64097
8771 18776
8772 65057
8773 25376
8774 53605
8775 53600
8776 25498
8777 56681
8778 54833
8779 31233
8780 49509
8781 29480
8782 56681
8783 58145
8784 27137
8785 56617
8786 26413
8787 50533
8788 27401
8789 27265
8790 53605
8791 53793
8792 25368
8793 56353
8794 64033
8795 64033
8796 56881
8797 51969
8798 19240
8799 57121
8800 56681
8801 56673
8802 56617
8803 28177
8804 4984
8805 64001
8806 49960
8807 8985
8808 65376
8809 25368
8810 25377
8811 52000
8812 25345
8813 54832
8814 54048
8815 25496
8816 9016
8817 17304
8818 17176
8819 365
8820 64353
8821 25512
8822 55649
8823 17176
8824 27489
8825 49957
8826 53613
8827 53809
8828 17184
8829 53605
8830 23185
8831 50985
8832 3873
8833 4448
8834 15905
8835 56673
8836 4984
8837 49944
8838 60192
8839 51000
8840 28161
8841 26401
8842 50080
8843 25376
8844 2968
8845 64097
8846 55840
8847 64873
8848 56681
8849 2840
8850 11809
8851 49952
8852 56673
8853 17160
8854 17184
8855 58209
8856 18960
8857 872
8858 56881
8859 27544
8860 2329
8861 58152
8862 58217
8863 26464
8864 56881
8865 53605
8866 64097
8867 17306
8868 54840
8869 56681
8870 54065
8871 55809
8872 10081
8873 51984
8874 27433
8875 27488
8876 53605
8877 17306
8878 64033
8879 28177
8880 53544
8881 888
8882 56681
8883 53605
8884 56681
8885 63273
8886 25496
8887 53605
8888 49505
8889 56681
8890 54049
8891 53605
8892 58144
8893 59169
8894 55073
8895 49953
8896 4920
8897 60193
8898 19209
8899 25370
8900 10017
8901 4920
8902 64033
8903 58208
8904 19200
8905 55072
8906 19209
8907 58145
8908 32257
8909 45977
8910 25505
8911 54049
8912 63469
8913 59168
8914 2328
8915 58209
8916 19224
8917 2840
8918 5992
8919 64033
8920 856
8921 55073
8922 56888
8923 19233
8924 61793
8925 49952
8926 19352
8927 49960
8928 25370
8929 49952
8930 17189
8931 60193
8932 56889
8933 2968
8934 19224
8935 2329
8936 28417
8937 2328
8938 49957
8939 17184
8940 51968
8941 49572
8942 2328
8943 62304
8944 19224
8945 56681
8946 2841
8947 19233
8948 53605
8949 62240
8950 53808
8951 54817
8952 9048
8953 24065
8954 26157
8955 64288
8956 8997
8957 55073
8958 65377
8959 2904
8960 57121
8961 10021
8962 56104
8963 2328
8964 2840
8965 17152
8966 33125
8967 56881
8968 25528
8969 25377
8970 49509
8971 27424
8972 2328
8973 53793
8974 25504
8975 10029
8976 49504
8977 27528
8978 17178
8979 52025
8980 25384
8981 54040
8982 64033
8983 49976
8984 62241
8985 49445
8986 57697
8987 27280
8988 26401
8989 19224
8990 63272
8991 33125
8992 17161
8993 62817
8994 55081
8995 2328
8996 18961
8997 19224
8998 25368
8999 888
9000 27137
9001 60161
9002 26413
9003 17189
9004 49953
9005 8984
9006 60200
9007 888
9008 50985
9009 55073
9010 55841
9011 49944
9012 63469
9013 62097
9014 65377
9015 28417
9016 25377
9017 49921
9018 65377
9019 62113
9020 60193
9021 51969
9022 25496
9023 58145
9024 49957
9025 14184
9026 25408
9027 792
9028 54049
9029 54328
9030 61217
9031 10017
9032 51000
9033 16677
9034 8993
9035 59168
9036 25416
9037 26401
9038 27153
9039 54056
9040 50533
9041 2968
9042 64097
9043 49953
9044 64353
9045 64033
9046 888
9047 54048
9048 49944
9049 49952
9050 2328
9051 49509
9052 2328
9053 54072
9054 53605
9055 50016
9056 49445
9057 50072
9058 17184
9059 17304
9060 64865
9061 27137
9062 64033
9063 57185
9064 49960
9065 54625
9066 56889
9067 58145
9068 2328
9069 18961
9070 18945
9071 53605
9072 56881
9073 49445
9074 61985
9075 49504
9076 54328
9077 56881
9078 53613
9079 51000
9080 12065
9081 58725
9082 4968
9083 19208
9084 27153
9085 55840
9086 54052
9087 37665
9088 53605
9089 56881
9090 17189
9091 19233
9092 55096
9093 56673
9094 61224
9095 56097
9096 17178
9097 61797
9098 25376
9099 28177
9100 26401
9101 53024
9102 888
9103 54053
9104 49509
9105 824
9106 27424
9107 25480
9108 33125
9109 27401
9110 53605
9111 53793
9112 54016
9113 49953
9114 19352
9115 53024
9116 52008
9117 53793
9118 55857
9119 49957
9120 19209
9121 2840
9122 19224
9123 53557
9124 56353
9125 49944
9126 19201
9127 19224
9128 63840
9129 64865
9130 58208
9131 5473
9132 19241
9133 55856
9134 56681
9135 25384
9136 17178
9137 60192
9138 2392
9139 49509
9140 60161
9141 55096
9142 49952
9143 19200
9144 10080
9145 2328
9146 25576
9147 8997
9148 56617
9149 64352
9150 2393
9151 53605
9152 49952
9153 56880
9154 55080
9155 56104
9156 58217
9157 50024
9158 11793
9159 17184
9160 62304
9161 57097
9162 54049
9163 792
9164 18944
9165 26401
9166 17256
9167 18960
9168 11793
9169 56673
9170 19241
9171 25370
9172 27392
9173 25376
9174 58128
9175 19241
9176 54048
9177 27552
9178 62241
9179 19208
9180 53605
9181 49953
9182 53536
9183 53541
9184 56865
9185 2393
9186 17304
9187 56889
9188 55840
9189 64097
9190 49976
9191 65025
9192 2840
9193 56880
9194 53793
9195 17177
9196 58208
9197 49504
9198 26401
9199 365
9200 56673
9201 55856
9202 19352
9203 53609
9204 54072
9205 19224
9206 16741
9207 2968
9208 53812
9209 2328
9210 49445
9211 49572
9212 32545
9213 56889
9214 2328
9215 64033
9216 54833
9217 58216
9218 55809
9219 49944
9220 17304
9221 58725
9222 2329
9223 49509
9224 4984
9225 25352
9226 2888
9227 54833
9228 26393
9229 51000
9230 65385
9231 2392
9232 56681
9233 32289
9234 53793
9235 33061
9236 54048
9237 25377
9238 888
9239 54056
9240 25377
9241 54048
9242 52001
9243 19240
9244 53541
9245 23185
9246 58272
9247 62304
9248 23185
9249 16741
9250 56105
9251 25490
9252 54048
9253 25376
9254 19209
9255 49957
9256 53605
9257 57113
9258 25368
9259 55081
9260 2329
9261 56681
9262 56888
9263 27424
9264 64289
9265 53808
9266 56880
9267 49509
9268 49636
9269 54040
9270 51041
9271 25480
9272 64289
9273 63265
9274 28448
9275 32273
9276 4984
9277 5984
9278 2329
9279 53605
9280 49953
9281 56889
9282 56881
9283 56865
9284 8984
9285 26409
9286 55809
9287 51000
9288 63840
9289 52000
9290 11793
9291 25377
9292 25384
9293 19233
9294 51968
9295 49953
9296 888
9297 56617
9298 49952
9299 58144
9300 17184
9301 56120
9302 25472
9303 2328
9304 65120
9305 54048
9306 56072
9307 27544
9308 54048
9309 25496
9310 49953
9311 19232
9312 19304
9313 17185
9314 26413
9315 25360
9316 54048
9317 54817
9318 51000
9319 49944
9320 33125
9321 856
9322 2840
9323 1896
9324 55856
9325 51000
9326 56881
9327 57701
9328 56857
9329 17184
9330 27432
9331 53605
9332 56681
9333 55072
9334 58144
9335 52008
9336 872
9337 18776
9338 26401
9339 15905
9340 57129
9341 19352
9342 27424
9343 25580
9344 63329
9345 18761
9346 53605
9347 56889
9348 49961
9349 56881
9350 17161
9351 37688
9352 26405
9353 64033
9354 25498
9355 19233
9356 49441
9357 62241
9358 26401
9359 27464
9360 57121
9361 28177
9362 65321
9363 19233
9364 55856
9365 64289
9366 25376
9367 2857
9368 55081
9369 27520
9370 49945
9371 19233
9372 56104
9373 56681
9374 53793
9375 25376
9376 53025
9377 49953
9378 54049
9379 53541
9380 2849
9381 52000
9382 49953
9383 56881
9384 25344
9385 58144
9386 52001
9387 54049
9388 53604
9389 62240
9390 64097
9391 54049
9392 12065
9393 19232
9394 11825
9395 23041
9396 19209
9397 54048
9398 19233
9399 58113
9400 27425
9401 5984
9402 56881
9403 56881
9404 54821
9405 28425
9406 27528
9407 53540
9408 56889
9409 49944
9410 26409
9411 19233
9412 56681
9413 56880
9414 55841
9415 55840
9416 49960
9417 2328
9418 17304
9419 19225
9420 26408
9421 27392
9422 2393
9423 19233
9424 61793
9425 51000
9426 2888
9427 9000
9428 56673
9429 64352
9430 23041
9431 32545
9432 17168
9433 27457
9434 63265
9435 59169
9436 10021
9437 58209
9438 25440
9439 49445
9440 856
9441 25376
9442 25441
9443 54048
9444 58144
9445 52001
9446 19233
9447 25444
9448 10080
9449 58112
9450 62240
9451 25370
9452 17304
9453 19232
9454 58152
9455 25496
9456 28177
9457 64033
9458 49952
9459 58152
9460 54056
9461 49928
9462 55856
9463 25480
9464 25368
9465 54057
9466 25370
9467 54048
9468 26409
9469 63264
9470 19233
9471 27424
9472 27424
9473 26157
9474 54048
9475 50016
9476 55073
9477 28177
9478 17316
9479 64033
9480 17176
9481 51000
9482 365
9483 53808
9484 53793
9485 53025
9486 54048
9487 33125
9488 55585
9489 2328
9490 10029
9491 64033
9492 49953
9493 57128
9494 51000
9495 2840
9496 49944
9497 25498
9498 62240
9499 57889
9500 53541
9501 56073
9502 56881
9503 2328
9504 54049
9505 49445
9506 28161
9507 17176
9508 53284
9509 49960
9510 19272
9511 58145
9512 64096
9513 64288
9514 51969
9515 17184
9516 52000
9517 58113
9518 27424
9519 49921
9520 4960
9521 27465
9522 56065
9523 2329
9524 26413
9525 62248
9526 63336
9527 27433
9528 9000
9529 58144
9530 55072
9531 11793
9532 65377
9533 62304
9534 365
9535 56681
9536 2329
9537 17178
9538 55841
9539 17304
9540 53793
9541 56880
9542 51000
9543 8993
9544 25400
9545 56881
9546 19336
9547 19224
9548 25370
9549 53809
9550 19201
9551 19288
9552 17184
9553 17224
9554 2392
9555 19224
9556 57192
9557 27544
9558 2328
9559 64032
9560 20233
9561 23881
9562 2840
9563 18961
9564 55073
9565 51976
9566 28177
9567 25498
9568 25381
9569 792
9570 62241
9571 805
9572 50080
9573 17176
9574 58144
9575 2840
9576 58144
9577 27425
9578 33125
9579 792
9580 54072
9581 62305
9582 59177
9583 56096
9584 20256
9585 52000
9586 55073
9587 62240
9588 28177
9589 19240
9590 33125
9591 27425
9592 56088
9593 52000
9594 872
9595 61217
9596 32273
9597 54048
9598 54048
9599 64033
9600 17304
9601 50104
9602 49440
9603 49952
9604 64097
9605 54049
9606 52000
9607 17184
9608 49953
9609 17208
9610 61793
9611 2377
9612 49445
9613 19785
9614 64033
9615 54625
9616 2328
9617 57701
9618 25370
9619 54049
9620 64865
9621 62817
9622 25353
9623 2328
9624 20225
9625 57193
9626 2329
9627 61797
9628 8997
9629 2328
9630 3873
9631 58145
9632 49953
9633 64096
9634 64033
9635 51000
9636 17177
9637 49960
9638 27393
9639 65121
9640 25376
9641 49960
9642 57889
9643 27265
9644 17184
9645 62312
9646 856
9647 64865
9648 33125
9649 53809
9650 56881
9651 19088
9652 29472
9653 58145
9654 51992
9655 25377
9656 17152
9657 21288
9658 17169
9659 27424
9660 33125
9661 49509
9662 58208
9663 25472
9664 51000
9665 49445
9666 53541
9667 61216
9668 58144
9669 54049
9670 17168
9671 25384
9672 19272
9673 17177
9674 56681
9675 64097
9676 54061
9677 18272
9678 56673
9679 53605
9680 4984
9681 53280
9682 2968
9683 27425
9684 17189
9685 7497
9686 10025
9687 54072
9688 56104
9689 53808
9690 6689
9691 27552
9692 55072
9693 51000
9694 58340
9695 27424
9696 64033
9697 54072
9698 65121
9699 65377
9700 49952
9701 56881
9702 56881
9703 2329
9704 19240
9705 25384
9706 53541
9707 45977
9708 19233
9709 27425
9710 18760
9711 55840
9712 19272
9713 56681
9714 25370
9715 49952
9716 61216
9717 25369
9718 63264
9719 27392
9720 58145
9721 17189
9722 17168
9723 56681
9724 52001
9725 17178
9726 54049
9727 27393
9728 19233
9729 17160
9730 25376
9731 17192
9732 49929
9733 54048
9734 23041
9735 25376
9736 25376
9737 51969
9738 25377
9739 2392
9740 64865
9741 25441
9742 17176
9743 56888
9744 56104
9745 25376
9746 10017
9747 29544
9748 53797
9749 64097
9750 2328
9751 58725
9752 56681
9753 53537
9754 53032
9755 52008
9756 19240
9757 365
9758 27424
9759 2328
9760 7497
9761 57184
9762 25370
9763 27137
9764 56881
9765 58144
9766 56881
9767 51977
9768 2328
9769 25440
9770 49952
9771 25345
9772 55072
9773 2328
9774 60193
9775 51713
9776 18945
9777 25512
9778 49953
9779 33125
9780 57129
9781 19216
9782 56096
9783 54016
9784 54057
9785 55840
9786 25377
9787 49953
9788 54048
9789 49952
9790 27544
9791 49953
9792 27520
9793 5984
9794 27424
9795 27152
9796 56104
9797 27393
9798 52001
9799 2841
9800 60192
9801 55841
9802 51000
9803 58144
9804 49957
9805 31233
9806 64865
9807 55585
9808 56881
9809 54633
9810 28177
9811 9048
9812 19224
9813 64033
9814 2328
9815 49509
9816 11793
9817 54048
9818 25512
9819 56104
9820 2329
9821 28177
9822 10017
9823 49844
9824 62252
9825 1888
9826 58216
9827 65313
9828 54056
9829 64033
9830 23881
9831 55809
9832 65313
9833 4960
9834 56681
9835 64097
9836 19224
9837 19240
9838 18712
9839 65121
9840 824
9841 65377
9842 25370
9843 55077
9844 27425
9845 54061
9846 856
9847 9176
9848 50017
9849 49445
9850 49953
9851 53809
9852 25512
9853 54840
9854 55080
9855 55073
9856 55072
9857 49953
9858 63265
9859 27424
9860 57121
9861 31233
9862 56088
9863 50977
9864 53176
9865 27393
9866 49953
9867 54053
9868 16740
9869 52001
9870 56681
9871 57701
9872 4920
9873 10017
9874 27425
9875 64001
9876 49572
9877 794
9878 54048
9879 2328
9880 58209
9881 64865
9882 28449
9883 19201
9884 57128
9885 51000
9886 64032
9887 60169
9888 888
9889 50977
9890 50080
9891 5992
9892 9064
9893 52001
9894 25352
9895 61793
9896 61985
9897 26401
9898 11825
9899 25498
9900 26400
9901 64033
9902 49509
9903 17304
9904 56097
9905 64032
9906 25368
9907 55088
9908 49504
9909 56881
9910 49508
9911 27281
9912 52024
9913 8984
9914 19336
9915 54056
9916 25377
9917 33125
9918 49952
9919 53605
9920 64865
9921 56681
9922 49952
9923 64145
9924 49961
9925 2968
9926 23041
9927 54048
9928 49961
9929 26400
9930 54048
9931 25376
9932 293
9933 53537
9934 25368
9935 25441
9936 26157
9937 24065
9938 51992
9939 61185
9940 19240
9941 54048
9942 51977
9943 27393
9944 33125
9945 55073
9946 25368
9947 17178
9948 56120
9949 56681
9950 2840
9951 49509
9952 53605
9953 55144
9954 54056
9955 60193
9956 4448
9957 19208
9958 49976
9959 61797
9960 52001
9961 49976
9962 54048
9963 856
9964 58144
9965 19233
9966 55585
9967 58120
9968 2970
9969 2968
9970 2376
9971 55840
9972 33061
9973 58144
9974 51000
9975 63264
9976 60192
9977 25368
9978 55856
9979 53793
9980 56865
9981 62248
9982 25377
9983 26465
9984 52008
9985 65121
9986 63841
9987 19240
9988 58152
9989 25376
9990 60160
9991 49952
9992 856
9993 856
9994 56881
9995 49952
9996 25384
9997 25376
9998 25490
9999 56888
10000 58144
10001 33125
10002 19233
10003 53605
10004 25512
10005 51000
10006 64097
10007 27544
10008 49509
10009 54048
10010 57828
10011 25480
10012 56888
10013 25370
10014 33125
10015 23185
10016 25480
10017 56104
10018 19209
10019 51000
10020 51000
10021 20232
10022 60192
10023 49961
10024 60160
10025 49957
10026 56681
10027 26413
10028 59169
10029 27392
10030 19216
10031 49921
10032 49952
10033 33125
10034 49944
10035 57696
10036 5473
10037 2840
10038 62241
10039 55841
10040 50072
10041 805
10042 53605
10043 17248
10044 58113
10045 872
10046 16741
10047 56609
10048 2968
10049 28193
10050 53537
10051 55840
10052 2904
10053 56673
10054 54833
10055 2392
10056 53605
10057 55080
10058 56889
10059 27425
10060 62308
10061 49953
10062 19240
10063 64352
10064 54049
10065 17178
10066 58145
10067 19216
10068 49952
10069 3401
10070 55081
10071 65376
10072 65376
10073 58145
10074 61281
10075 64865
10076 10017
10077 64288
10078 55809
10079 19216
10080 60192
10081 52000
10082 33125
10083 54048
10084 18945
10085 17184
10086 57113
10087 25360
10088 23881
10089 50024
10090 54053
10091 49960
10092 27281
10093 27424
10094 49445
10095 2328
10096 33125
10097 25448
10098 49509
10099 2840
10100 56073
10101 19209
10102 53813
10103 52000
10104 54016
10105 58145
10106 28177
10107 49952
10108 58144
10109 50984
10110 49952
10111 58145
10112 53541
10113 49509
10114 2849
10115 49960
10116 58145
10117 49509
10118 53605
10119 33125
10120 17224
10121 2328
10122 54056
10123 53033
10124 50072
10125 50104
10126 25344
10127 17185
10128 19208
10129 27544
10130 60192
10131 49504
10132 53808
10133 49505
10134 19200
10135 53605
10136 59232
10137 2328
10138 55649
10139 56888
10140 64097
10141 63841
10142 27433
10143 19225
10144 2328
10145 2329
10146 64352
10147 51000
10148 64033
10149 2393
10150 55857
10151 61985
10152 19217
10153 10025
10154 54049
10155 26409
10156 49445
10157 27137
10158 25376
10159 824
10160 58144
10161 56681
10162 63265
10163 64865
10164 56617
10165 5472
10166 4984
10167 20225
10168 27488
10169 60264
10170 52001
10171 33125
10172 2393
10173 58112
10174 56617
10175 58145
10176 53605
10177 2904
10178 60193
10179 25560
10180 25496
10181 33061
10182 55080
10183 27137
10184 58144
10185 49952
10186 27425
10187 60192
10188 27392
10189 49509
10190 2329
10191 49953
10192 49509
10193 25376
10194 25560
10195 27424
10196 54049
10197 27544
10198 49509
10199 17189
10200 62392
10201 25472
10202 25344
10203 54048
10204 49952
10205 58144
10206 60193
10207 53541
10208 49957
10209 25376
10210 2968
10211 53605
10212 49953
10213 53032
10214 56617
10215 64865
10216 56889
10217 26409
10218 65121
10219 2377
10220 824
10221 8993
10222 28449
10223 2328
10224 51000
10225 53608
10226 19224
10227 28177
10228 11777
10229 50977
10230 19224
10231 58112
10232 10017
10233 56088
10234 25498
10235 54056
10236 2968
10237 8997
10238 16736
10239 52001
10240 53536
10241 58273
10242 27400
10243 55073
10244 62264
10245 864
10246 25368
10247 2328
10248 25376
10249 58121
10250 28177
10251 26401
10252 856
10253 53605
10254 56681
10255 58208
10256 24329
10257 28425
10258 27424
10259 56673
10260 59937
10261 62240
10262 49960
10263 25344
10264 5473
10265 2328
10266 65120
10267 49952
10268 24928
10269 49953
10270 49952
10271 27424
10272 54056
10273 25368
10274 25576
10275 56097
10276 55081
10277 58152
10278 58144
10279 27425
10280 58121
10281 49953
10282 58208
10283 17304
10284 53793
10285 2841
10286 64096
10287 49952
10288 19224
10289 23881
10290 53605
10291 1896
10292 62304
10293 25528
10294 56880
10295 31249
10296 56681
10297 58145
10298 65385
10299 9064
10300 25368
10301 56681
10302 25370
10303 51000
10304 4960
10305 2328
10306 2840
10307 53025
10308 54053
10309 25384
10310 56889
10311 25504
10312 65057
10313 18961
10314 49944
10315 49968
10316 33061
10317 25472
10318 17184
10319 55840
10320 9064
10321 64033
10322 63841
10323 59169
10324 25377
10325 57697
10326 17184
10327 58121
10328 25496
10329 25370
10330 27544
10331 25496
10332 19224
10333 61217
10334 49920
10335 59169
10336 54048
10337 25377
10338 25376
10339 58240
10340 51977
10341 25352
10342 25560
10343 65313
10344 57129
10345 25480
10346 56096
10347 64033
10348 25512
10349 53605
10350 19224
10351 19224
10352 50976
10353 49960
10354 49953
10355 17306
10356 52001
10357 49952
10358 25473
10359 55073
10360 33125
10361 52024
10362 56105
10363 52120
10364 53605
10365 49445
10366 58144
10367 49944
10368 19224
10369 49440
10370 54112
10371 19354
10372 17176
10373 17176
10374 54049
10375 26401
10376 2328
10377 792
10378 8984
10379 19233
10380 10021
10381 19224
10382 49445
10383 19209
10384 5984
10385 58152
10386 54833
10387 56096
10388 51976
10389 56881
10390 19224
10391 57701
10392 64033
10393 49952
10394 65312
10395 53605
10396 19240
10397 864
10398 55080
10399 37688
10400 51745
10401 59937
10402 63841
10403 2392
10404 4960
10405 4984
10406 54049
10407 25361
10408 19273
10409 25377
10410 25352
10411 33125
10412 25496
10413 61797
10414 33125
10415 18713
10416 55088
10417 56865
10418 27432
10419 62241
10420 53025
10421 19232
10422 55080
10423 51976
10424 25504
10425 56681
10426 26145
10427 62248
10428 52000
10429 19209
10430 33125
10431 19233
10432 33125
10433 52001
10434 33125
10435 58152
10436 55841
10437 19224
10438 49952
10439 58144
10440 27496
10441 54056
10442 26401
10443 49960
10444 58144
10445 25512
10446 49961
10447 28449
10448 56104
10449 60192
10450 54120
10451 49952
10452 25352
10453 58209
10454 51976
10455 54016
10456 2840
10457 49445
10458 824
10459 19224
10460 53793
10461 2328
10462 65025
10463 5984
10464 31233
10465 25434
10466 53545
10467 54837
10468 2313
10469 2328
10470 49952
10471 17153
10472 53793
10473 63841
10474 9000
10475 64865
10476 19224
10477 32257
10478 51000
10479 2328
10480 3873
10481 17178
10482 55077
10483 23041
10484 18961
10485 19785
10486 53176
10487 2328
10488 54817
10489 51000
10490 18713
10491 25385
10492 55072
10493 50017
10494 53605
10495 64097
10496 58113
10497 55585
10498 25368
10499 28177
10500 55072
10501 53604
10502 27520
10503 63840
10504 54049
10505 58209
10506 54120
10507 55073
10508 55841
10509 50977
10510 2857
10511 58145
10512 28177
10513 58240
10514 58152
10515 52000
10516 58120
10517 54048
10518 58213
10519 58144
10520 25472
10521 25512
10522 54049
10523 25560
10524 33125
10525 49957
10526 49969
10527 27432
10528 27425
10529 51976
10530 62252
10531 55073
10532 54049
10533 58144
10534 49953
10535 51000
10536 52009
10537 27520
10538 49952
10539 17177
10540 17185
10541 25496
10542 33125
10543 58273
10544 56673
10545 56617
10546 10017
10547 50072
10548 64033
10549 56681
10550 53281
10551 2328
10552 55096
10553 61797
10554 2313
10555 2840
10556 56880
10557 49976
10558 56881
10559 56673
10560 56881
10561 51000
10562 2313
10563 56865
10564 18776
10565 805
10566 65377
10567 51000
10568 25376
10569 49572
10570 8993
10571 53797
10572 293
10573 23337
10574 64865
10575 58725
10576 18761
10577 49944
10578 19336
10579 56881
10580 56881
10581 64097
10582 55096
10583 26401
10584 57185
10585 25512
10586 49508
10587 39713
10588 2329
10589 62305
10590 63585
10591 57129
10592 56681
10593 53605
10594 49953
10595 54072
10596 51968
10597 25370
10598 25496
10599 25512
10600 19209
10601 25512
10602 2328
10603 39713
10604 25496
10605 26413
10606 19224
10607 59169
10608 56073
10609 58144
10610 62305
10611 25480
10612 54065
10613 27425
10614 33125
10615 27424
10616 27464
10617 56096
10618 19201
10619 53025
10620 49957
10621 25528
10622 53809
10623 2328
10624 2328
10625 17185
10626 33125
10627 52000
10628 25496
10629 28177
10630 57184
10631 49509
10632 25376
10633 27464
10634 10017
10635 54069
10636 19240
10637 18945
10638 56609
10639 64097
10640 54056
10641 49976
10642 53605
10643 62312
10644 58264
10645 56881
10646 25488
10647 2329
10648 357
10649 25504
10650 57128
10651 19201
10652 4968
10653 53600
10654 18776
10655 792
10656 49953
10657 26401
10658 56865
10659 55840
10660 56881
10661 53605
10662 2328
10663 17176
10664 25376
10665 50072
10666 58152
10667 53605
10668 56681
10669 57701
10670 2328
10671 65377
10672 64033
10673 17184
10674 53024
10675 2329
10676 55072
10677 52001
10678 27424
10679 49953
10680 64865
10681 64865
10682 62240
10683 58144
10684 2328
10685 824
10686 19232
10687 33125
10688 25498
10689 18961
10690 29608
10691 63329
10692 54057
10693 27137
10694 25384
10695 59233
10696 49509
10697 52008
10698 19088
10699 801
10700 58209
10701 33125
10702 19208
10703 63840
10704 26157
10705 49960
10706 33125
10707 17189
10708 55840
10709 64033
10710 25512
10711 52001
10712 25496
10713 52001
10714 26472
10715 27425
10716 26401
10717 58145
10718 19201
10719 19233
10720 54032
10721 55072
10722 39713
10723 33125
10724 56097
10725 58145
10726 2841
10727 17169
10728 57697
10729 37688
10730 19241
10731 51745
10732 49445
10733 25512
10734 28193
10735 19208
10736 17304
10737 25368
10738 8984
10739 872
10740 49952
10741 53601
10742 65377
10743 17176
10744 59169
10745 55857
10746 54056
10747 26393
10748 60320
10749 55096
10750 25370
10751 56865
10752 25344
10753 53605
10754 49944
10755 50072
10756 19233
10757 54565
10758 2328
10759 19200
10760 49509
10761 17178
10762 54049
10763 53033
10764 49952
10765 62240
10766 17153
10767 61185
10768 25496
10769 33125
10770 58152
10771 27393
10772 19208
10773 53024
10774 60193
10775 62248
10776 49952
10777 27393
10778 58144
10779 49928
10780 58144
10781 49953
10782 62241
10783 17168
10784 49936
10785 59169
10786 33125
10787 33125
10788 26401
10789 27280
10790 25385
10791 27424
10792 7497
10793 25496
10794 49509
10795 25488
10796 2329
10797 1381
10798 19233
10799 54048
10800 27408
10801 54629
10802 59169
10803 25352
10804 27424
10805 53605
10806 62240
10807 19200
10808 58240
10809 25496
10810 56616
10811 49952
10812 18977
10813 25496
10814 49509
10815 50977
10816 25448
10817 62304
10818 17176
10819 49976
10820 55841
10821 17168
10822 17184
10823 55096
10824 5984
10825 49952
10826 49332
10827 27153
10828 25544
10829 19224
10830 27433
10831 52016
10832 19224
10833 54049
10834 19208
10835 61793
10836 25376
10837 17176
10838 17176
10839 19208
10840 53600
10841 15905
10842 7497
10843 2328
10844 56681
10845 2970
10846 28161
10847 25376
10848 56673
10849 49440
10850 49952
10851 2392
10852 52009
10853 65376
10854 25360
10855 14113
10856 56617
10857 888
10858 52001
10859 19200
10860 54048
10861 19201
10862 19232
10863 25496
10864 58152
10865 19209
10866 25560
10867 2329
10868 2328
10869 25441
10870 55072
10871 55080
10872 19240
10873 53605
10874 27432
10875 58144
10876 56065
10877 53605
10878 60257
10879 25560
10880 33125
10881 25345
10882 58152
10883 25512
10884 19088
10885 19233
10886 55072
10887 56881
10888 58144
10889 2329
10890 25488
10891 27528
10892 19233
10893 25376
10894 54056
10895 56088
10896 58112
10897 49960
10898 25344
10899 55144
10900 52008
10901 25472
10902 54049
10903 33125
10904 58144
10905 58145
10906 33125
10907 19200
10908 17304
10909 61792
10910 61224
10911 17176
10912 62240
10913 52000
10914 16676
10915 32273
10916 17185
10917 352
10918 25370
10919 26465
10920 64865
10921 2376
10922 2328
10923 49944
10924 56881
10925 23041
10926 2328
10927 64865
10928 16741
10929 25498
10930 53605
10931 5473
10932 4984
10933 49952
10934 19273
10935 51000
10936 56096
10937 56097
10938 17208
10939 19224
10940 56681
10941 64096
10942 17192
10943 26409
10944 25560
10945 64865
10946 49960
10947 55144
10948 56681
10949 56681
10950 58145
10951 65121
10952 57145
10953 49953
10954 55841
10955 64033
10956 856
10957 60193
10958 11793
10959 54049
10960 27400
10961 65377
10962 27296
10963 55136
10964 27392
10965 58144
10966 25496
10967 63405
10968 49509
10969 54057
10970 55080
10971 58145
10972 49952
10973 2328
10974 64289
10975 58144
10976 54049
10977 25344
10978 12065
10979 25496
10980 25496
10981 53541
10982 49952
10983 2328
10984 27400
10985 53793
10986 25498
10987 27152
10988 51976
10989 54048
10990 29473
10991 49953
10992 58209
10993 62248
10994 54832
10995 51041
10996 58112
10997 17152
10998 25368
10999 51000
11000 25496
11001 25376
11002 19233
11003 54064
11004 49953
11005 55080
11006 49960
11007 51976
11008 49952
11009 17161
11010 17192
11011 25376
11012 27489
11013 805
11014 10017
11015 33125
11016 55585
11017 53600
11018 62376
11019 17160
11020 25512
11021 19208
11022 54629
11023 2328
11024 55841
11025 25368
11026 18776
11027 49444
11028 49504
11029 16736
11030 23057
11031 51000
11032 57145
11033 64096
11034 49976
11035 53793
11036 17176
11037 17178
11038 51041
11039 56681
11040 17176
11041 17192
11042 18977
11043 53605
11044 64865
11045 10017
11046 12065
11047 25504
11048 52001
11049 54048
11050 52016
11051 65384
11052 9016
11053 62240
11054 54057
11055 58145
11056 2857
11057 55072
11058 25496
11059 17306
11060 2970
11061 25376
11062 27393
11063 19233
11064 16740
11065 33125
11066 27425
11067 49953
11068 58145
11069 53541
11070 19233
11071 25376
11072 37221
11073 58144
11074 54040
11075 54049
11076 25496
11077 49952
11078 25376
11079 51984
11080 58144
11081 26157
11082 56617
11083 58144
11084 52001
11085 27424
11086 54049
11087 33125
11088 49697
11089 25368
11090 54024
11091 19233
11092 59177
11093 64865
11094 27424
11095 49960
11096 17185
11097 49445
11098 19232
11099 49976
11100 2328
11101 56617
11102 64033
11103 2825
11104 12065
11105 19225
11106 27416
11107 61792
11108 58145
11109 53557
11110 18977
11111 51713
11112 49976
11113 2328
11114 28193
11115 64097
11116 4984
11117 55072
11118 17184
11119 56673
11120 856
11121 25370
11122 23881
11123 54040
11124 18945
11125 52000
11126 2377
11127 25377
11128 65025
11129 64353
11130 61225
11131 64096
11132 65377
11133 2328
11134 17248
11135 56681
11136 27425
11137 10025
11138 63272
11139 55825
11140 64289
11141 28449
11142 55073
11143 53025
11144 64033
11145 58144
11146 56881
11147 58149
11148 54040
11149 49952
11150 61797
11151 19216
11152 49953
11153 19232
11154 17185
11155 54057
11156 53793
11157 56097
11158 50024
11159 50080
11160 33125
11161 17248
11162 53541
11163 17184
11164 56104
11165 27432
11166 49960
11167 58144
11168 49952
11169 25352
11170 56881
11171 49953
11172 19224
11173 17306
11174 27393
11175 54049
11176 19233
11177 19232
11178 25472
11179 19201
11180 63272
11181 25496
11182 51969
11183 25480
11184 27489
11185 25377
11186 49953
11187 49960
11188 17184
11189 18712
11190 18760
11191 61797
11192 8993
11193 8985
11194 25448
11195 55073
11196 17153
11197 23881
11198 54073
11199 25370
11200 52016
11201 52009
11202 19288
11203 28177
11204 824
11205 25368
11206 56105
11207 19232
11208 51000
11209 53605
11210 18208
11211 64097
11212 4984
11213 28448
11214 25498
11215 2328
11216 65377
11217 63841
11218 792
11219 56616
11220 4453
11221 20837
11222 53604
11223 56673
11224 55073
11225 53536
11226 17185
11227 58216
11228 49952
11229 50080
11230 25490
11231 33125
11232 60193
11233 56865
11234 52001
11235 25370
11236 19200
11237 49961
11238 56104
11239 56097
11240 57696
11241 49509
11242 25496
11243 49509
11244 26409
11245 27488
11246 49960
11247 17185
11248 49509
11249 18760
11250 25377
11251 25345
11252 25368
11253 58208
11254 58144
11255 25512
11256 20256
11257 27265
11258 25504
11259 55073
11260 58209
11261 51969
11262 58216
11263 25480
11264 62241
11265 25512
11266 19201
11267 19200
11268 2328
11269 57121
11270 52000
11271 51993
11272 25480
11273 17185
11274 2840
11275 49928
11276 57145
11277 18761
11278 51000
11279 56353
11280 2328
11281 2328
11282 56673
11283 27416
11284 54837
11285 19224
11286 56681
11287 64033
11288 62240
11289 1381
11290 31233
11291 55857
11292 20265
11293 8985
11294 2328
11295 19225
11296 18945
11297 17765
11298 357
11299 2328
11300 64353
11301 8997
11302 17304
11303 63336
11304 26405
11305 64033
11306 10025
11307 2313
11308 54048
11309 62241
11310 27401
11311 27424
11312 25498
11313 33125
11314 26401
11315 62304
11316 19226
11317 18976
11318 33125
11319 49953
11320 49441
11321 19232
11322 2849
11323 27392
11324 17192
11325 25560
11326 49509
11327 17176
11328 25496
11329 50024
11330 54057
11331 33125
11332 54048
11333 25496
11334 25344
11335 50984
11336 57121
11337 801
11338 17192
11339 25344
11340 19209
11341 25384
11342 18217
11343 58144
11344 2329
11345 17184
11346 17176
11347 49952
11348 63272
11349 49968
11350 49952
11351 54049
11352 58149
11353 64289
11354 49968
11355 27457
11356 28513
11357 49445
11358 25512
11359 49952
11360 17192
11361 25576
11362 19224
11363 50072
11364 64288
11365 65384
11366 49953
11367 55585
11368 49444
11369 2376
11370 53601
11371 63329
11372 58144
11373 57128
11374 54056
11375 55072
11376 64865
11377 55841
11378 51000
11379 25400
11380 53541
11381 54120
11382 29480
11383 50072
11384 56673
11385 61797
11386 63265
11387 49961
11388 64865
11389 64865
11390 27424
11391 19354
11392 17178
11393 888
11394 25512
11395 49952
11396 63841
11397 54056
11398 49961
11399 27153
11400 54056
11401 62312
11402 58144
11403 54049
11404 51992
11405 58144
11406 64865
11407 33125
11408 19785
11409 56881
11410 28177
11411 21281
11412 17152
11413 51968
11414 15905
11415 50977
11416 54837
11417 27281
11418 62240
11419 25496
11420 25512
11421 62248
11422 62241
11423 51976
11424 27425
11425 52001
11426 53808
11427 53808
11428 56072
11429 25498
11430 60192
11431 29472
11432 49697
11433 49445
11434 58145
11435 58212
11436 25504
11437 25560
11438 49509
11439 26464
11440 49928
11441 33125
11442 59169
11443 53797
11444 25496
11445 58145
11446 62304
11447 17152
11448 49509
11449 2392
11450 17192
11451 51000
11452 58208
11453 18713
11454 19225
11455 61792
11456 54048
11457 60160
11458 50072
11459 58144
11460 25432
11461 54832
11462 2328
11463 19224
11464 4920
11465 2392
11466 59937
11467 65377
11468 2968
11469 2328
11470 19224
11471 50976
11472 18216
11473 19224
11474 63265
11475 54072
11476 5473
11477 53600
11478 54837
11479 27137
11480 31249
11481 25376
11482 56097
11483 55081
11484 56673
11485 27416
11486 365
11487 19224
11488 18713
11489 49445
11490 17306
11491 56681
11492 9016
11493 49509
11494 28177
11495 17176
11496 57144
11497 57144
11498 33125
11499 2328
11500 58112
11501 64289
11502 25360
11503 25376
11504 64097
11505 2328
11506 27528
11507 49445
11508 25352
11509 27408
11510 54072
11511 50024
11512 17184
11513 58144
11514 9112
11515 25512
11516 25352
11517 59168
11518 25496
11519 55073
11520 25560
11521 17185
11522 33125
11523 55073
11524 57097
11525 2329
11526 25345
11527 54817
11528 64289
11529 54052
11530 54048
11531 61797
11532 25480
11533 52025
11534 63272
11535 58145
11536 37157
11537 59233
11538 27425
11539 11809
11540 27424
11541 56096
11542 25440
11543 49697
11544 57129
11545 51000
11546 17176
11547 54032
11548 56673
11549 2840
11550 27401
11551 17208
11552 19241
11553 56609
11554 65121
11555 2328
11556 51000
11557 65025
11558 53608
11559 11825
11560 54629
11561 64097
11562 19232
11563 49944
11564 27137
11565 25512
11566 20233
11567 49944
11568 55080
11569 63841
11570 2392
11571 56681
11572 56064
11573 25370
11574 19224
11575 792
11576 64032
11577 17184
11578 19208
11579 19224
11580 19216
11581 19224
11582 17152
11583 62304
11584 2328
11585 2392
11586 17193
11587 27416
11588 25480
11589 49960
11590 54016
11591 53792
11592 28457
11593 17184
11594 17185
11595 28513
11596 25496
11597 53025
11598 53605
11599 56064
11600 25480
11601 25496
11602 25344
11603 54048
11604 2848
11605 60256
11606 61217
11607 25344
11608 52000
11609 49509
11610 19200
11611 19232
11612 60192
11613 25496
11614 49953
11615 57697
11616 29480
11617 64288
11618 64353
11619 19208
11620 17304
11621 17185
11622 53605
11623 64352
11624 58264
11625 1888
11626 55840
11627 2328
11628 19273
11629 50072
11630 50017
11631 2392
11632 58120
11633 49953
11634 56096
11635 49332
11636 54048
11637 2328
11638 2313
11639 64865
11640 26393
11641 26401
11642 17224
11643 8984
11644 56681
11645 2392
11646 17169
11647 19354
11648 56672
11649 14176
11650 62312
11651 53605
11652 49976
11653 54049
11654 54049
11655 17152
11656 57701
11657 56681
11658 32257
11659 33125
11660 54624
11661 2328
11662 54061
11663 19224
11664 9048
11665 49509
11666 19224
11667 49953
11668 63841
11669 19240
11670 64352
11671 51000
11672 2392
11673 63328
11674 54064
11675 60201
11676 19208
11677 9016
11678 58145
11679 19224
11680 60192
11681 57120
11682 25504
11683 33125
11684 33125
11685 25368
11686 25345
11687 19201
11688 25512
11689 64033
11690 63392
11691 55073
11692 25370
11693 59232
11694 58153
11695 25512
11696 58152
11697 56617
11698 17176
11699 55073
11700 17169
11701 33125
11702 33125
11703 54048
11704 25496
11705 2840
11706 25512
11707 27433
11708 64033
11709 25472
11710 25496
11711 49961
11712 23337
11713 33125
11714 25345
11715 25480
11716 53605
11717 49960
11718 49953
11719 50017
11720 54837
11721 27425
11722 49944
11723 28177
11724 56681
11725 25385
11726 57145
11727 57696
11728 65377
11729 25441
11730 49969
11731 33125
11732 54837
11733 51000
11734 824
11735 28513
11736 59176
11737 60161
11738 59177
11739 19233
11740 11797
11741 53605
11742 18960
11743 794
11744 19209
11745 61217
11746 2328
11747 56633
11748 56097
11749 33125
11750 17177
11751 49944
11752 17185
11753 25370
11754 2393
11755 64033
11756 2328
11757 19232
11758 25370
11759 25448
11760 54049
11761 27425
11762 54048
11763 19201
11764 58144
11765 49445
11766 49509
11767 55857
11768 19217
11769 25496
11770 52009
11771 23337
11772 25449
11773 54056
11774 25488
11775 52000
11776 62368
11777 63272
11778 18945
11779 51744
11780 49953
11781 25472
11782 17185
11783 62240
11784 33125
11785 54056
11786 17160
11787 53541
11788 2393
11789 27401
11790 25370
11791 25360
11792 33125
11793 25377
11794 64033
11795 49952
11796 62248
11797 25381
11798 58113
11799 54040
11800 2376
11801 27425
11802 60264
11803 19328
11804 33125
11805 2840
11806 56673
11807 25344
11808 61796
11809 27489
11810 25376
11811 53601
11812 27432
11813 25512
11814 27281
11815 54049
11816 53544
11817 25376
11818 52001
11819 54072
11820 11777
11821 2328
11822 25377
11823 19288
11824 65025
11825 64097
11826 17304
11827 54065
11828 27424
11829 62312
11830 19209
11831 26409
11832 54016
11833 19208
11834 56673
11835 888
11836 57696
11837 357
11838 64033
11839 28193
11840 64033
11841 27425
11842 17176
11843 56681
11844 64033
11845 19224
11846 20265
11847 2328
11848 2328
11849 2841
11850 53793
11851 19354
11852 56865
11853 19224
11854 28177
11855 55072
11856 17168
11857 56681
11858 65121
11859 49952
11860 56681
11861 27489
11862 58120
11863 49976
11864 19288
11865 25496
11866 26401
11867 25488
11868 25472
11869 27425
11870 19241
11871 19233
11872 17184
11873 49953
11874 49961
11875 56681
11876 49953
11877 55072
11878 19233
11879 28161
11880 21281
11881 27456
11882 25432
11883 11809
11884 53605
11885 54057
11886 25448
11887 53605
11888 62241
11889 2848
11890 62308
11891 25480
11892 57701
11893 25504
11894 56097
11895 56072
11896 27488
11897 25370
11898 58145
11899 19201
11900 19233
11901 17306
11902 62249
11903 57121
11904 25376
11905 25498
11906 56064
11907 52001
11908 19232
11909 53792
11910 59169
11911 20257
11912 58216
11913 58152
11914 17152
11915 58152
11916 20257
11917 56097
11918 33125
11919 25440
11920 51968
11921 53605
11922 29592
11923 25496
11924 50984
11925 28448
11926 54056
11927 19233
11928 53604
11929 54048
11930 25560
11931 19224
11932 54048
11933 52016
11934 53536
11935 25345
11936 52008
11937 2328
11938 19354
11939 54056
11940 55136
11941 10025
11942 19208
11943 58216
11944 49946
11945 50104
11946 56681
11947 51000
11948 52009
11949 25368
11950 54073
11951 27400
11952 56673
11953 23057
11954 49960
11955 53176
11956 58149
11957 27392
11958 19224
11959 60193
11960 64097
11961 25498
11962 60192
11963 25505
11964 56097
11965 56881
11966 64097
11967 25512
11968 54048
11969 50017
11970 53812
11971 58145
11972 27393
11973 25488
11974 27393
11975 58145
11976 63400
11977 58144
11978 56880
11979 60160
11980 49952
11981 49952
11982 60168
11983 26409
11984 25376
11985 25480
11986 19201
11987 49697
11988 49444
11989 52000
11990 25353
11991 27425
11992 52025
11993 25376
11994 64289
11995 54056
11996 25512
11997 49952
11998 53541
11999 58340
12000 25496
12001 19201
12002 61793
12003 56065
12004 25377
12005 59232
12006 61793
12007 27393
12008 17176
12009 49953
12010 25345
12011 28457
12012 19201
12013 59176
12014 25504
12015 25376
12016 55080
12017 1888
12018 63272
12019 64097
12020 54048
12021 63265
12022 50976
12023 11825
12024 54048
12025 27424
12026 55809
12027 27432
12028 65384
12029 49509
12030 49953
12031 25496
12032 25496
12033 58145
12034 25384
12035 25480
12036 25560
12037 49508
12038 17248
12039 2841
12040 4960
12041 25360
12042 26401
12043 17184
12044 25385
12045 54817
12046 19208
12047 64097
12048 50104
12049 62308
12050 2328
12051 64033
12052 55072
12053 58144
12054 26536
12055 52000
12056 56088
12057 62312
12058 54056
12059 25368
12060 54048
12061 25370
12062 49960
12063 56681
12064 27433
12065 50104
12066 64097
12067 17176
12068 49953
12069 64033
12070 23057
12071 56673
12072 54073
12073 55073
12074 64097
12075 25368
12076 56881
12077 51000
12078 25498
12079 25377
12080 64865
12081 64033
12082 57185
12083 19209
12084 58145
12085 54048
12086 50976
12087 60192
12088 54049
12089 58144
12090 26401
12091 54057
12092 54048
12093 17176
12094 17176
12095 49961
12096 794
12097 25472
12098 49969
12099 25370
12100 26400
12101 19208
12102 25440
12103 25360
12104 25480
12105 54040
12106 27424
12107 53284
12108 11809
12109 17192
12110 49953
12111 50976
12112 24097
12113 25440
12114 25480
12115 51968
12116 25361
12117 62240
12118 27425
12119 11793
12120 25440
12121 63392
12122 19336
12123 62312
12124 54048
12125 54049
12126 28417
12127 52008
12128 26408
12129 28449
12130 65025
12131 33061
12132 21288
12133 65312
12134 49508
12135 49952
12136 53605
12137 54049
12138 25434
12139 56881
12140 53541
12141 23336
12142 49936
12143 52008
12144 18945
12145 18944
12146 2393
12147 17152
12148 54056
12149 62208
12150 56681
12151 25512
12152 60193
12153 57144
12154 53605
12155 55096
12156 53537
12157 55073
12158 56096
12159 25496
12160 58216
12161 49953
12162 25432
12163 19201
12164 25376
12165 51000
12166 2328
12167 2377
12168 27400
12169 2329
12170 365
12171 64097
12172 55585
12173 2840
12174 25376
12175 28449
12176 18945
12177 14184
12178 49960
12179 57121
12180 17184
12181 19200
12182 59232
12183 17152
12184 61793
12185 10088
12186 2329
12187 2392
12188 51000
12189 27137
12190 29472
12191 27544
12192 19233
12193 64097
12194 28177
12195 2848
12196 49944
12197 25377
12198 53601
12199 17304
12200 2840
12201 55808
12202 60193
12203 49946
12204 17184
12205 17176
12206 26409
12207 25369
12208 19224
12209 25352
12210 25504
12211 25376
12212 2329
12213 58113
12214 794
12215 18217
12216 53541
12217 17177
12218 59177
12219 54053
12220 27416
12221 33125
12222 55080
12223 58144
12224 49952
12225 27392
12226 26157
12227 27393
12228 58152
12229 2329
12230 55096
12231 25368
12232 27425
12233 45977
12234 27392
12235 25370
12236 59168
12237 17184
12238 51969
12239 54821
12240 53793
12241 25504
12242 9112
12243 58144
12244 27392
12245 17192
12246 53601
12247 54048
12248 25377
12249 19232
12250 58152
12251 58209
12252 54833
12253 25377
12254 49953
12255 49952
12256 56881
12257 16741
12258 33125
12259 29544
12260 25376
12261 62248
12262 27392
12263 49953
12264 49952
12265 56673
12266 17168
12267 56120
12268 26145
12269 62312
12270 55080
12271 16677
12272 56097
12273 58144
12274 27425
12275 58144
12276 49937
12277 27392
12278 49961
12279 25472
12280 54056
12281 62241
12282 856
12283 33125
12284 51993
12285 54072
12286 17304
12287 2328
12288 58216
12289 2409
12290 62248
12291 25370
12292 2328
12293 58208
12294 27393
12295 53605
12296 58136
12297 54024
12298 357
12299 63272
12300 56833
12301 23881
12302 9064
12303 54053
12304 5984
12305 25360
12306 27424
12307 50104
12308 49952
12309 56617
12310 23185
12311 365
12312 17176
12313 19232
12314 65121
12315 53608
12316 49504
12317 25376
12318 54049
12319 19232
12320 58144
12321 62248
12322 19200
12323 64289
12324 27392
12325 58280
12326 58144
12327 2849
12328 49952
12329 54072
12330 25496
12331 25368
12332 58145
12333 49508
12334 59169
12335 61793
12336 26472
12337 17184
12338 53284
12339 27528
12340 17184
12341 27153
12342 58240
12343 25370
12344 55073
12345 27432
12346 53605
12347 53605
12348 19224
12349 49953
12350 52001
12351 25512
12352 54049
12353 58208
12354 59169
12355 58145
12356 25377
12357 58145
12358 25441
12359 27392
12360 49921
12361 58152
12362 58273
12363 19200
12364 4453
12365 17184
12366 49961
12367 49952
12368 58152
12369 54049
12370 62248
12371 62097
12372 55808
12373 56881
12374 17176
12375 26153
12376 58152
12377 51041
12378 25377
12379 25377
12380 49944
12381 27424
12382 19208
12383 58121
12384 54817
12385 17184
12386 49953
12387 49961
12388 25496
12389 57121
12390 27425
12391 52001
12392 49953
12393 27425
12394 27393
12395 33125
12396 59168
12397 49952
12398 49508
12399 25440
12400 62304
12401 60192
12402 52000
12403 25448
12404 61216
12405 17177
12406 53605
12407 54056
12408 55585
12409 26472
12410 56097
12411 19240
12412 25488
12413 19233
12414 2328
12415 64033
12416 54048
12417 2840
12418 51000
12419 50984
12420 53777
12421 49961
12422 49509
12423 61793
12424 49921
12425 365
12426 19224
12427 54624
12428 888
12429 352
12430 18944
12431 65377
12432 2904
12433 2329
12434 26405
12435 19288
12436 25440
12437 16736
12438 64865
12439 55096
12440 50016
12441 49844
12442 55072
12443 51977
12444 49961
12445 25377
12446 56681
12447 10025
12448 2376
12449 801
12450 25370
12451 56865
12452 25496
12453 2377
12454 57129
12455 58336
12456 19233
12457 49508
12458 25377
12459 25496
12460 23185
12461 25512
12462 62240
12463 25448
12464 17160
12465 58145
12466 49944
12467 54072
12468 27280
12469 49952
12470 17152
12471 9128
12472 27137
12473 56097
12474 19232
12475 54056
12476 19232
12477 53537
12478 58145
12479 25384
12480 25376
12481 54048
12482 17184
12483 25512
12484 25377
12485 58145
12486 49445
12487 19216
12488 58208
12489 58144
12490 55073
12491 58213
12492 17152
12493 63264
12494 54048
12495 19088
12496 33125
12497 52000
12498 58273
12499 19200
12500 19233
12501 25384
12502 25376
12503 28177
12504 20837
12505 17176
12506 9000
12507 25496
12508 49952
12509 27457
12510 55080
12511 25496
12512 27424
12513 55072
12514 54049
12515 25496
12516 61217
12517 27424
12518 52000
12519 50977
12520 49960
12521 25496
12522 33125
12523 63264
12524 56681
12525 58209
12526 49636
12527 49952
12528 33125
12529 58340
12530 61280
12531 62252
12532 357
12533 27424
12534 25376
12535 19225
12536 60264
12537 17185
12538 27560
12539 54112
12540 25440
12541 63585
12542 17176
12543 4960
12544 18945
12545 49444
12546 17178
12547 53601
12548 2840
12549 8985
12550 50016
12551 25560
12552 54057
12553 17176
12554 25370
12555 8985
12556 19209
12557 49953
12558 19233
12559 58113
12560 63336
12561 10017
12562 49952
12563 26409
12564 54048
12565 27425
12566 55088
12567 25512
12568 58264
12569 801
12570 18976
12571 30504
12572 49953
12573 58145
12574 60161
12575 25377
12576 62125
12577 56105
12578 64096
12579 58145
12580 28177
12581 58145
12582 62312
12583 54072
12584 49953
12585 50024
12586 62241
12587 25376
12588 63272
12589 49946
12590 17184
12591 53033
12592 11813
12593 27425
12594 26536
12595 25504
12596 25472
12597 25544
12598 27432
12599 54048
12600 19304
12601 56072
12602 25496
12603 19304
12604 54048
12605 27392
12606 58144
12607 25376
12608 5984
12609 58145
12610 64033
12611 27400
12612 25512
12613 64145
12614 63272
12615 56865
12616 19240
12617 27489
12618 54032
12619 62113
12620 49928
12621 17185
12622 26413
12623 62240
12624 58144
12625 25448
12626 53541
12627 58113
12628 25344
12629 49960
12630 25490
12631 54048
12632 25496
12633 49953
12634 27393
12635 49960
12636 28449
12637 54056
12638 58145
12639 49953
12640 54032
12641 62432
12642 64032
12643 27424
12644 54049
12645 56096
12646 25441
12647 25572
12648 25376
12649 56681
12650 50072
12651 56681
12652 2825
12653 25376
12654 53605
12655 25496
12656 27552
12657 58152
12658 2328
12659 56680
12660 792
12661 25480
12662 29592
12663 872
12664 17306
12665 56673
12666 65320
12667 26409
12668 19240
12669 23057
12670 19352
12671 28161
12672 29473
12673 56681
12674 19241
12675 27416
12676 19224
12677 51744
12678 37221
12679 19226
12680 19088
12681 64033
12682 2328
12683 49509
12684 58144
12685 52008
12686 54049
12687 49957
12688 50977
12689 58144
12690 54049
12691 27560
12692 61217
12693 58145
12694 1829
12695 27544
12696 10029
12697 56881
12698 33125
12699 27425
12700 32257
12701 11825
12702 57144
12703 25445
12704 63273
12705 32257
12706 62240
12707 33125
12708 25376
12709 25440
12710 49844
12711 2840
12712 49953
12713 25376
12714 25384
12715 62248
12716 57128
12717 58208
12718 49952
12719 54048
12720 27425
12721 25560
12722 52001
12723 19232
12724 27425
12725 49953
12726 18216
12727 54056
12728 56881
12729 58216
12730 61217
12731 52000
12732 58152
12733 25377
12734 56097
12735 49961
12736 25560
12737 63405
12738 11809
12739 58144
12740 58144
12741 19201
12742 28448
12743 33125
12744 25490
12745 63273
12746 62240
12747 58144
12748 58120
12749 33125
12750 25498
12751 59169
12752 58152
12753 55832
12754 25448
12755 25376
12756 64032
12757 61793
12758 54048
12759 27488
12760 53797
12761 29608
12762 33125
12763 28520
12764 19233
12765 25381
12766 17189
12767 54048
12768 49957
12769 16740
12770 27425
12771 25376
12772 25512
12773 19233
12774 49952
12775 54048
12776 17208
12777 58112
12778 365
12779 2328
12780 53604
12781 17184
12782 26401
12783 19233
12784 2393
12785 63328
12786 24928
12787 57700
12788 18697
12789 58145
12790 49572
12791 49952
12792 2328
12793 792
12794 25377
12795 6473
12796 19233
12797 50072
12798 51000
12799 18760
12800 57696
12801 49952
12802 58208
12803 63288
12804 27425
12805 23057
12806 62264
12807 49976
12808 33061
12809 51968
12810 2328
12811 17224
12812 25385
12813 62240
12814 19352
12815 54049
12816 17178
12817 52008
12818 54057
12819 37665
12820 60161
12821 53605
12822 49952
12823 23185
12824 49953
12825 62240
12826 53605
12827 33125
12828 53605
12829 17306
12830 56097
12831 49952
12832 52009
12833 58144
12834 19201
12835 27425
12836 51976
12837 54024
12838 49953
12839 19233
12840 60257
12841 56097
12842 50976
12843 16741
12844 52001
12845 25377
12846 2392
12847 27425
12848 60193
12849 25498
12850 58144
12851 25370
12852 25377
12853 25352
12854 58216
12855 17184
12856 19241
12857 25496
12858 54056
12859 60169
12860 56105
12861 2849
12862 54048
12863 53605
12864 52009
12865 19208
12866 25376
12867 25344
12868 27393
12869 33125
12870 47021
12871 23057
12872 58240
12873 29480
12874 25504
12875 25496
12876 60257
12877 54072
12878 49960
12879 58208
12880 28417
12881 19232
12882 62305
12883 28512
12884 50977
12885 27392
12886 26413
12887 60192
12888 54048
12889 58176
12890 62368
12891 25370
12892 56681
12893 17185
12894 19208
12895 19209
12896 17192
12897 62112
12898 58144
12899 25370
12900 54048
12901 17184
12902 23057
12903 52016
12904 19216
12905 19248
12906 25472
12907 27392
12908 54056
12909 27520
12910 17224
12911 64033
12912 55840
12913 17178
12914 2328
12915 53609
12916 17248
12917 54833
12918 49960
12919 25384
12920 28449
12921 57144
12922 888
12923 54056
12924 51744
12925 53601
12926 49921
12927 8984
12928 54057
12929 25385
12930 19241
12931 57701
12932 56681
12933 55073
12934 25368
12935 824
12936 51968
12937 27464
12938 49508
12939 4448
12940 56681
12941 63264
12942 19200
12943 2328
12944 56096
12945 25504
12946 27400
12947 65057
12948 19233
12949 19209
12950 57129
12951 52000
12952 25448
12953 49953
12954 27392
12955 33125
12956 53605
12957 64865
12958 19224
12959 46765
12960 2328
12961 54832
12962 19209
12963 55825
12964 53605
12965 63392
12966 33125
12967 58152
12968 49952
12969 55081
12970 26405
12971 49952
12972 49952
12973 56681
12974 25416
12975 17185
12976 59240
12977 55649
12978 62240
12979 63264
12980 50016
12981 47021
12982 63265
12983 54048
12984 63328
12985 54048
12986 58144
12987 55840
12988 19232
12989 64145
12990 49960
12991 58144
12992 53600
12993 58113
12994 33125
12995 27296
12996 61797
12997 25512
12998 2328
12999 27544
13000 2328
13001 58208
13002 58112
13003 17152
13004 63585
13005 54056
13006 19232
13007 19225
13008 25488
13009 19232
13010 58144
13011 17184
13012 52001
13013 27424
13014 49509
13015 58208
13016 58145
13017 49509
13018 62240
13019 62113
13020 56681
13021 54056
13022 25444
13023 52001
13024 25472
13025 25376
13026 25472
13027 25512
13028 57697
13029 49953
13030 53605
13031 58145
13032 54817
13033 60192
13034 49504
13035 63264
13036 58212
13037 17304
13038 19224
13039 53605
13040 65376
13041 62308
13042 19288
13043 23336
13044 27489
13045 54112
13046 54624
13047 26401
13048 55080
13049 49504
13050 23041
13051 25449
13052 17316
13053 25370
13054 49953
13055 53025
13056 27489
13057 26401
13058 19201
13059 58121
13060 26409
13061 49952
13062 25368
13063 27424
13064 65321
13065 57129
13066 25370
13067 25440
13068 58340
13069 19224
13070 25384
13071 25376
13072 2968
13073 33061
13074 49952
13075 53604
13076 58145
13077 27425
13078 25376
13079 60257
13080 2409
13081 58208
13082 25344
13083 33125
13084 25488
13085 17184
13086 49952
13087 49953
13088 58112
13089 49952
13090 54072
13091 56681
13092 53604
13093 58153
13094 17248
13095 58145
13096 25498
13097 49957
13098 59169
13099 9016
13100 62241
13101 58208
13102 49445
13103 28161
13104 25377
13105 25376
13106 51977
13107 49961
13108 27544
13109 37217
13110 63336
13111 49505
13112 19216
13113 25448
13114 53809
13115 54073
13116 49921
13117 59168
13118 29592
13119 62241
13120 57701
13121 54056
13122 17185
13123 62232
13124 58145
13125 25376
13126 25512
13127 56097
13128 19224
13129 25480
13130 49509
13131 37221
13132 19233
13133 60264
13134 28448
13135 10157
13136 25498
13137 54065
13138 54048
13139 57700
13140 51968
13141 17192
13142 25560
13143 792
13144 52000
13145 17161
13146 25376
13147 58209
13148 60192
13149 51969
13150 33125
13151 56105
13152 54048
13153 56880
13154 25370
13155 54072
13156 58208
13157 61792
13158 55077
13159 18945
13160 49953
13161 62241
13162 19232
13163 53613
13164 25376
13165 54049
13166 62240
13167 53605
13168 26408
13169 19241
13170 56881
13171 20836
13172 60160
13173 64033
13174 19272
13175 65313
13176 57697
13177 19224
13178 50072
13179 2328
13180 16676
13181 18776
13182 10081
13183 2328
13184 49957
13185 25344
13186 49509
13187 56353
13188 11809
13189 55081
13190 32273
13191 55840
13192 19233
13193 2840
13194 19232
13195 7497
13196 52001
13197 64353
13198 27416
13199 25353
13200 17184
13201 17304
13202 60193
13203 25504
13204 25472
13205 56681
13206 27432
13207 25376
13208 19224
13209 33061
13210 58144
13211 25384
13212 19224
13213 23328
13214 54112
13215 58208
13216 62121
13217 17184
13218 45977
13219 53604
13220 25377
13221 2328
13222 19240
13223 27392
13224 19352
13225 17185
13226 33125
13227 26413
13228 62240
13229 54048
13230 56881
13231 25496
13232 52000
13233 54053
13234 33125
13235 27425
13236 28177
13237 53033
13238 26401
13239 19233
13240 56097
13241 27392
13242 58144
13243 63264
13244 61797
13245 58145
13246 25416
13247 19232
13248 49953
13249 53793
13250 56097
13251 58144
13252 54056
13253 19201
13254 56609
13255 49952
13256 27544
13257 61797
13258 25384
13259 23337
13260 49960
13261 54048
13262 19200
13263 27424
13264 2328
13265 52001
13266 25512
13267 27280
13268 53605
13269 2328
13270 25512
13271 56673
13272 26464
13273 25496
13274 49952
13275 56097
13276 56097
13277 60193
13278 58112
13279 25352
13280 54056
13281 54056
13282 52000
13283 54048
13284 19225
13285 49509
13286 49953
13287 25440
13288 62252
13289 56096
13290 58144
13291 52001
13292 19240
13293 19233
13294 2328
13295 17304
13296 17306
13297 25370
13298 49953
13299 51000
13300 19785
13301 62376
13302 4448
13303 17306
13304 64865
13305 27401
13306 27153
13307 49960
13308 25449
13309 57697
13310 54049
13311 54057
13312 65121
13313 16736
13314 53605
13315 2328
13316 17185
13317 49960
13318 49953
13319 27425
13320 2329
13321 60192
13322 10017
13323 60192
13324 62368
13325 63329
13326 56880
13327 2377
13328 25377
13329 60160
13330 58213
13331 53601
13332 2970
13333 49960
13334 58216
13335 56096
13336 55585
13337 53792
13338 856
13339 25504
13340 57129
13341 51041
13342 25480
13343 25496
13344 53605
13345 55072
13346 19200
13347 26413
13348 27544
13349 55840
13350 52000
13351 7497
13352 62208
13353 19233
13354 58152
13355 49953
13356 58144
13357 49952
13358 61280
13359 62241
13360 50080
13361 33125
13362 58152
13363 19201
13364 53537
13365 62304
13366 10025
13367 52008
13368 51968
13369 54048
13370 17168
13371 56104
13372 25384
13373 25345
13374 49953
13375 28161
13376 58128
13377 54049
13378 58208
13379 49505
13380 25488
13381 17184
13382 25352
13383 49953
13384 25512
13385 58144
13386 54048
13387 49961
13388 27424
13389 33125
13390 62240
13391 19224
13392 27424
13393 57121
13394 27496
13395 27393
13396 53281
13397 19328
13398 54048
13399 58213
13400 17208
13401 19208
13402 51968
13403 17185
13404 51984
13405 50976
13406 53281
13407 19208
13408 19232
13409 62368
13410 25480
13411 53605
13412 25496
13413 60192
13414 54112
13415 2392
13416 25480
13417 27560
13418 19233
13419 2970
13420 60160
13421 49920
13422 25377
13423 27560
13424 25472
13425 62312
13426 28449
13427 17153
13428 27393
13429 56616
13430 56105
13431 56104
13432 25352
13433 25352
13434 27400
13435 60192
13436 9000
13437 54817
13438 63841
13439 24097
13440 25376
13441 33125
13442 25490
13443 37665
13444 19240
13445 20257
13446 17185
13447 27424
13448 63336
13449 53537
13450 26464
13451 19232
13452 53605
13453 60320
13454 27488
13455 49953
13456 27536
13457 54073
13458 54049
13459 49572
13460 54053
13461 64033
13462 59177
13463 25498
13464 53605
13465 50072
13466 17224
13467 25369
13468 27393
13469 62392
13470 2328
13471 49445
13472 49697
13473 25368
13474 2848
13475 49512
13476 28456
13477 17306
13478 21861
13479 25376
13480 25370
13481 52001
13482 17178
13483 53604
13484 63273
13485 2328
13486 33125
13487 64865
13488 60160
13489 64097
13490 49445
13491 19224
13492 27488
13493 26401
13494 62121
13495 19208
13496 54040
13497 55072
13498 58144
13499 55832
13500 25440
13501 2329
13502 2840
13503 50976
13504 58208
13505 51969
13506 33125
13507 62304
13508 58208
13509 53605
13510 18208
13511 63264
13512 54048
13513 54048
13514 53280
13515 17192
13516 53605
13517 33125
13518 57193
13519 23185
13520 25560
13521 56881
13522 19241
13523 5984
13524 10088
13525 27544
13526 64032
13527 62368
13528 62312
13529 824
13530 49953
13531 27424
13532 32257
13533 27432
13534 26408
13535 54048
13536 25498
13537 25498
13538 54048
13539 49952
13540 56096
13541 19233
13542 27400
13543 37665
13544 58145
13545 33125
13546 19240
13547 52000
13548 58152
13549 19233
13550 49953
13551 19088
13552 33125
13553 23185
13554 25448
13555 58208
13556 49952
13557 25376
13558 52008
13559 54049
13560 25376
13561 58152
13562 53605
13563 53605
13564 33125
13565 46765
13566 59168
13567 27393
13568 25368
13569 27496
13570 2904
13571 28177
13572 54056
13573 61216
13574 17189
13575 49953
13576 19354
13577 19240
13578 64033
13579 49445
13580 63264
13581 54048
13582 58120
13583 23881
13584 25480
13585 55073
13586 58153
13587 2848
13588 33125
13589 55072
13590 60193
13591 46765
13592 33125
13593 49952
13594 25488
13595 49952
13596 33125
13597 58152
13598 17185
13599 63273
13600 53605
13601 54629
13602 25488
13603 49505
13604 19248
13605 65313
13606 58144
13607 27393
13608 19201
13609 17185
13610 65320
13611 60256
13612 56681
13613 49968
13614 55809
13615 19288
13616 2328
13617 53605
13618 1829
13619 49976
13620 25480
13621 2328
13622 56681
13623 11825
13624 824
13625 17184
13626 25488
13627 19352
13628 26405
13629 63392
13630 2888
13631 59240
13632 64097
13633 56120
13634 58144
13635 17176
13636 53605
13637 54040
13638 25572
13639 28521
13640 25369
13641 56865
13642 53605
13643 26113
13644 25376
13645 63265
13646 26536
13647 62241
13648 27552
13649 53793
13650 54056
13651 2329
13652 25345
13653 49957
13654 19225
13655 19233
13656 54049
13657 58273
13658 54833
13659 62312
13660 54049
13661 49509
13662 27392
13663 60192
13664 19232
13665 49936
13666 54048
13667 63469
13668 46765
13669 58145
13670 2840
13671 62241
13672 49952
13673 27153
13674 62081
13675 39713
13676 54833
13677 49952
13678 27416
13679 19232
13680 62240
13681 25512
13682 25376
13683 25344
13684 2376
13685 58144
13686 19209
13687 17178
13688 49944
13689 65313
13690 49509
13691 25352
13692 25376
13693 58208
13694 62305
13695 29608
13696 27520
13697 49952
13698 58272
13699 33125
13700 49953
13701 25376
13702 25352
13703 19233
13704 19208
13705 49953
13706 49961
13707 25377
13708 16672
13709 62081
13710 16677
13711 54048
13712 59168
13713 58144
13714 52001
13715 56104
13716 61217
13717 49953
13718 27137
13719 50016
13720 62097
13721 2840
13722 53793
13723 49953
13724 57113
13725 28449
13726 25376
13727 25480
13728 28449
13729 64097
13730 27424
13731 19241
13732 53605
13733 27520
13734 63392
13735 56096
13736 49509
13737 25496
13738 17152
13739 27432
13740 17306
13741 17178
13742 51969
13743 19208
13744 56104
13745 49509
13746 49968
13747 28177
13748 49509
13749 63336
13750 27280
13751 49509
13752 54056
13753 16677
13754 27393
13755 49957
13756 25473
13757 57828
13758 49509
13759 27296
13760 52008
13761 49953
13762 31377
13763 17153
13764 25498
13765 62304
13766 62240
13767 19225
13768 64033
13769 17176
13770 19224
13771 357
13772 64097
13773 53605
13774 49960
13775 56681
13776 2329
13777 51000
13778 53605
13779 19208
13780 27528
13781 56681
13782 33125
13783 25496
13784 17224
13785 64097
13786 28161
13787 55080
13788 62308
13789 49509
13790 64097
13791 19224
13792 55136
13793 54053
13794 17185
13795 10017
13796 56089
13797 63265
13798 58176
13799 58113
13800 27488
13801 60192
13802 56105
13803 1888
13804 57097
13805 51745
13806 25370
13807 25377
13808 25368
13809 25376
13810 25472
13811 62241
13812 25384
13813 25572
13814 62241
13815 63264
13816 27393
13817 25384
13818 27544
13819 25432
13820 53605
13821 25440
13822 19224
13823 53605
13824 49937
13825 49969
13826 15905
13827 54048
13828 62097
13829 51969
13830 58145
13831 17178
13832 17152
13833 2328
13834 56417
13835 54048
13836 27425
13837 25376
13838 56104
13839 58144
13840 58144
13841 16736
13842 25377
13843 25448
13844 19208
13845 54048
13846 26401
13847 49952
13848 49512
13849 18945
13850 26405
13851 23328
13852 17184
13853 25377
13854 50985
13855 19217
13856 49952
13857 17192
13858 54049
13859 53808
13860 57121
13861 19201
13862 58209
13863 49944
13864 58280
13865 58272
13866 17169
13867 49945
13868 19232
13869 52000
13870 60193
13871 46765
13872 53605
13873 53605
13874 56865
13875 53605
13876 56617
13877 51969
13878 17192
13879 56097
13880 20265
13881 60161
13882 50017
13883 49952
13884 19232
13885 55072
13886 58144
13887 64001
13888 62304
13889 17185
13890 56105
13891 19288
13892 54072
13893 54048
13894 49920
13895 25528
13896 19233
13897 60169
13898 54056
13899 25504
13900 54056
13901 37221
13902 62240
13903 57184
13904 53025
13905 25444
13906 23185
13907 58152
13908 62097
13909 46765
13910 49960
13911 25440
13912 49952
13913 53605
13914 62240
13915 51993
13916 17185
13917 58144
13918 55841
13919 49508
13920 17176
13921 18961
13922 62304
13923 25440
13924 16672
13925 55857
13926 56681
13927 18761
13928 54072
13929 16736
13930 53605
13931 54049
13932 62240
13933 25370
13934 19232
13935 54048
13936 49512
13937 19224
13938 64033
13939 53600
13940 56104
13941 17184
13942 60200
13943 52000
13944 25370
13945 54048
13946 49504
13947 49961
13948 52024
13949 63265
13950 16672
13951 54049
13952 33125
13953 20233
13954 49952
13955 2840
13956 2392
13957 63265
13958 2329
13959 19233
13960 53605
13961 19201
13962 55072
13963 49953
13964 58216
13965 25352
13966 17178
13967 53605
13968 63265
13969 27560
13970 27400
13971 49953
13972 27424
13973 54048
13974 53812
13975 53032
13976 19225
13977 54837
13978 50072
13979 19232
13980 49952
13981 17185
13982 17153
13983 54625
13984 27552
13985 49953
13986 54056
13987 58113
13988 33061
13989 62113
13990 60160
13991 27281
13992 53605
13993 57696
13994 29472
13995 17184
13996 27392
13997 27392
13998 25368
13999 52001
14000 28520
14001 51968
14002 25384
14003 27400
14004 54049
14005 60264
14006 49952
14007 19288
14008 56096
14009 56065
14010 53541
14011 52000
14012 57696
14013 49960
14014 49952
14015 2849
14016 53601
14017 54049
14018 17192
14019 64257
14020 17153
14021 58145
14022 58145
14023 27488
14024 26409
14025 53024
14026 57828
14027 53601
14028 54061
14029 17153
14030 58145
14031 61792
14032 51969
14033 19240
14034 19209
14035 53604
14036 25473
14037 54056
14038 63328
14039 58145
14040 60192
14041 49946
14042 17152
14043 49936
14044 52000
14045 53605
14046 61797
14047 53605
14048 17184
14049 54057
14050 55857
14051 49953
14052 52000
14053 27496
14054 59176
14055 33125
14056 25512
14057 26401
14058 19240
14059 49960
14060 54049
14061 54064
14062 25368
14063 25377
14064 52001
14065 60193
14066 19304
14067 19233
14068 56881
14069 19297
14070 17153
14071 25480
14072 58145
14073 25376
14074 55073
14075 58152
14076 25385
14077 19209
14078 62240
14079 26413
14080 27281
14081 54049
14082 27425
14083 25560
14084 25376
14085 49944
14086 19233
14087 55080
14088 19233
14089 25472
14090 25512
14091 58149
14092 61793
14093 25440
14094 49509
14095 62304
14096 58145
14097 54048
14098 54056
14099 19233
14100 27520
14101 58272
14102 18712
14103 2377
14104 64289
14105 2392
14106 25498
14107 53601
14108 25384
14109 59169
14110 19208
14111 19232
14112 365
14113 56673
14114 10088
14115 25488
14116 18945
14117 62248
14118 25516
14119 9064
14120 17185
14121 19328
14122 64033
14123 64289
14124 62392
14125 56681
14126 63328
14127 52001
14128 25445
14129 59177
14130 54048
14131 26409
14132 19224
14133 49509
14134 54833
14135 33125
14136 1381
14137 55096
14138 20836
14139 25376
14140 49952
14141 27424
14142 25361
14143 824
14144 25472
14145 49928
14146 49921
14147 19273
14148 19208
14149 17176
14150 52008
14151 58144
14152 56097
14153 25352
14154 27424
14155 54072
14156 54072
14157 17185
14158 62241
14159 25376
14160 27265
14161 39713
14162 62241
14163 54048
14164 53033
14165 25376
14166 59169
14167 53605
14168 58216
14169 53605
14170 51744
14171 19088
14172 56609
14173 25496
14174 56088
14175 6473
14176 59168
14177 56673
14178 17160
14179 33125
14180 58145
14181 49953
14182 19232
14183 17184
14184 60192
14185 17185
14186 25448
14187 19201
14188 58145
14189 18960
14190 49952
14191 25344
14192 33125
14193 25377
14194 62208
14195 37157
14196 33125
14197 17184
14198 27393
14199 56105
14200 28177
14201 52001
14202 57129
14203 27456
14204 49953
14205 49952
14206 25344
14207 25448
14208 58152
14209 19232
14210 19088
14211 61792
14212 62817
14213 54049
14214 62376
14215 60193
14216 33061
14217 9128
14218 54048
14219 23328
14220 51976
14221 1896
14222 53605
14223 23328
14224 58144
14225 54048
14226 51041
14227 49952
14228 52000
14229 25376
14230 52001
14231 53600
14232 53537
14233 33125
14234 62249
14235 57097
14236 23336
14237 53605
14238 61288
14239 55073
14240 19233
14241 58209
14242 57193
14243 51713
14244 58144
14245 25516
14246 25376
14247 55073
14248 50984
14249 49953
14250 53605
14251 54048
14252 61797
14253 33125
14254 58145
14255 801
14256 53605
14257 33125
14258 62241
14259 54048
14260 62432
14261 58144
14262 19232
14263 17189
14264 58144
14265 27488
14266 49960
14267 56097
14268 58208
14269 20836
14270 56881
14271 25376
14272 49953
14273 52000
14274 50977
14275 56065
14276 58120
14277 17304
14278 25440
14279 54625
14280 25384
14281 57120
14282 25480
14283 18977
14284 856
14285 17184
14286 54072
14287 2840
14288 53605
14289 61797
14290 49952
14291 54072
14292 19224
14293 49445
14294 49509
14295 58144
14296 53605
14297 26409
14298 52024
14299 49953
14300 58216
14301 54025
14302 56865
14303 56681
14304 63265
14305 18697
14306 17176
14307 19233
14308 55081
14309 27425
14310 8993
14311 17160
14312 2841
14313 17185
14314 56088
14315 49961
14316 19201
14317 25377
14318 25376
14319 52000
14320 58216
14321 25480
14322 25441
14323 60193
14324 33125
14325 52001
14326 33125
14327 37221
14328 58144
14329 58144
14330 51000
14331 6689
14332 63265
14333 54049
14334 10021
14335 55073
14336 21280
14337 49952
14338 27425
14339 27425
14340 33125
14341 62248
14342 56097
14343 51984
14344 60193
14345 54048
14346 25560
14347 25512
14348 27424
14349 27544
14350 49952
14351 59168
14352 64145
14353 62240
14354 25568
14355 25528
14356 62097
14357 58153
14358 19240
14359 19233
14360 64033
14361 56097
14362 54056
14363 51969
14364 33125
14365 49509
14366 55585
14367 49952
14368 27153
14369 52001
14370 19233
14371 25400
14372 27425
14373 57193
14374 56889
14375 32289
14376 55072
14377 54057
14378 19288
14379 33125
14380 49509
14381 52001
14382 19241
14383 53797
14384 62248
14385 49445
14386 54049
14387 25560
14388 55073
14389 54053
14390 58144
14391 19240
14392 28449
14393 58121
14394 11797
14395 25370
14396 49952
14397 63405
14398 25377
14399 58336
14400 56105
14401 54040
14402 54048
14403 17185
14404 20257
14405 51977
14406 60192
14407 58144
14408 54056
14409 57696
14410 49953
14411 9000
14412 54057
14413 25498
14414 2328
14415 25376
14416 4984
14417 2328
14418 54049
14419 27393
14420 59169
14421 19354
14422 25472
14423 17208
14424 25498
14425 11793
14426 10017
14427 19224
14428 51000
14429 49976
14430 53605
14431 27416
14432 52001
14433 25440
14434 54049
14435 53601
14436 27433
14437 25512
14438 37688
14439 62241
14440 60200
14441 33061
14442 57701
14443 27392
14444 4960
14445 27392
14446 2968
14447 18945
14448 58145
14449 54049
14450 19208
14451 55073
14452 64289
14453 54049
14454 4448
14455 25376
14456 58272
14457 53600
14458 63265
14459 57185
14460 59233
14461 19208
14462 61216
14463 27425
14464 56881
14465 58112
14466 2848
14467 49952
14468 13228
14469 56096
14470 49920
14471 49960
14472 49952
14473 60192
14474 55840
14475 25344
14476 58152
14477 19208
14478 19201
14479 49960
14480 54048
14481 52001
14482 19240
14483 2840
14484 25370
14485 58145
14486 27433
14487 62097
14488 55072
14489 25352
14490 61216
14491 27393
14492 56681
14493 60320
14494 25441
14495 58144
14496 49953
14497 20257
14498 25384
14499 58144
14500 26401
14501 52001
14502 59169
14503 49961
14504 19201
14505 56097
14506 25384
14507 49440
14508 58144
14509 52008
14510 27425
14511 58152
14512 64289
14513 58208
14514 56064
14515 56889
14516 63264
14517 53605
14518 61797
14519 17185
14520 63405
14521 17306
14522 27433
14523 58112
14524 17192
14525 27424
14526 64865
14527 33125
14528 55857
14529 54048
14530 19201
14531 54040
14532 33125
14533 59169
14534 26401
14535 26401
14536 49953
14537 58152
14538 49953
14539 25441
14540 19224
14541 53604
14542 55953
14543 63405
14544 49953
14545 57696
14546 17189
14547 17168
14548 54049
14549 49961
14550 55856
14551 27393
14552 63585
14553 62249
14554 56096
14555 27425
14556 60192
14557 58144
14558 53605
14559 26393
14560 54049
14561 58144
14562 50024
14563 27400
14564 17185
14565 26400
14566 53605
14567 59169
14568 62308
14569 49960
14570 61217
14571 58152
14572 58208
14573 17200
14574 54048
14575 49968
14576 2393
14577 2409
14578 55073
14579 25369
14580 17304
14581 28177
14582 17192
14583 50072
14584 2392
14585 17193
14586 23057
14587 17184
14588 31233
14589 2840
14590 54064
14591 64873
14592 61224
14593 17184
14594 25384
14595 2328
14596 49944
14597 25368
14598 59169
14599 25377
14600 54048
14601 26401
14602 26408
14603 58144
14604 2329
14605 2849
14606 27496
14607 37665
14608 56073
14609 56105
14610 2328
14611 19225
14612 2392
14613 55072
14614 54053
14615 19208
14616 27392
14617 2329
14618 4960
14619 19225
14620 49952
14621 62241
14622 53600
14623 55073
14624 60192
14625 17192
14626 56673
14627 58144
14628 53605
14629 49953
14630 53605
14631 54837
14632 52008
14633 59176
14634 55077
14635 49445
14636 60193
14637 58144
14638 17184
14639 53024
14640 27552
14641 33061
14642 5984
14643 54049
14644 17153
14645 17152
14646 25384
14647 17184
14648 63265
14649 62240
14650 17185
14651 52000
14652 57701
14653 64257
14654 27400
14655 58145
14656 49960
14657 58145
14658 27392
14659 53605
14660 53024
14661 2840
14662 16740
14663 53605
14664 61797
14665 53605
14666 21281
14667 62308
14668 62249
14669 59169
14670 27401
14671 19201
14672 25377
14673 52000
14674 27401
14675 55081
14676 53025
14677 58112
14678 25352
14679 49952
14680 54056
14681 53604
14682 49952
14683 33061
14684 17185
14685 19240
14686 62304
14687 33125
14688 51993
14689 25384
14690 49961
14691 55073
14692 62125
14693 17160
14694 27393
14695 49508
14696 27544
14697 58145
14698 62240
14699 25440
14700 62241
14701 60192
14702 2313
14703 37665
14704 59233
14705 61217
14706 2329
14707 2328
14708 2840
14709 18712
14710 54016
14711 25361
14712 5477
14713 824
14714 18776
14715 18776
14716 53601
14717 25368
14718 20233
14719 2392
14720 57696
14721 6689
14722 56673
14723 19288
14724 16740
14725 25368
14726 19233
14727 49332
14728 10017
14729 18697
14730 57121
14731 49332
14732 49505
14733 65121
14734 2840
14735 56673
14736 54048
14737 2904
14738 64865
14739 64033
14740 50533
14741 37688
14742 58209
14743 54056
14744 53605
14745 12065
14746 61792
14747 17178
14748 18697
14749 58144
14750 19224
14751 60193
14752 52001
14753 25370
14754 53793
14755 56681
14756 19232
14757 2328
14758 57129
14759 18216
14760 59168
14761 53605
14762 25377
14763 54053
14764 58216
14765 62392
14766 58209
14767 29473
14768 25496
14769 63405
14770 27424
14771 58208
14772 55096
14773 27424
14774 56097
14775 56096
14776 57121
14777 64288
14778 25384
14779 56681
14780 54056
14781 63264
14782 62305
14783 58152
14784 23337
14785 49440
14786 49508
14787 33125
14788 27265
14789 62113
14790 58209
14791 17192
14792 2328
14793 19201
14794 58144
14795 49957
14796 58336
14797 58144
14798 27424
14799 58144
14800 17176
14801 56617
14802 58144
14803 64033
14804 49960
14805 52001
14806 17185
14807 61797
14808 58145
14809 25376
14810 25377
14811 19297
14812 50024
14813 19232
14814 25377
14815 25353
14816 58144
14817 62304
14818 49445
14819 49509
14820 52009
14821 52000
14822 25480
14823 54112
14824 54049
14825 27416
14826 19200
14827 19208
14828 56097
14829 27425
14830 26401
14831 16741
14832 58144
14833 33125
14834 27544
14835 33125
14836 53793
14837 28449
14838 56673
14839 55081
14840 51744
14841 25376
14842 56065
14843 27393
14844 58144
14845 19225
14846 60161
14847 25480
14848 27424
14849 57129
14850 65121
14851 57828
14852 53605
14853 54049
14854 25568
14855 25448
14856 60192
14857 62112
14858 53604
14859 25440
14860 60161
14861 25377
14862 54049
14863 50977
14864 62240
14865 52001
14866 11809
14867 25376
14868 56881
14869 49961
14870 54057
14871 17192
14872 19217
14873 19224
14874 17176
14875 58145
14876 27393
14877 18761
14878 58144
14879 64288
14880 49509
14881 58296
14882 25496
14883 27425
14884 61281
14885 25498
14886 856
14887 54072
14888 30504
14889 23041
14890 55081
14891 53605
14892 64865
14893 24928
14894 49952
14895 62304
14896 792
14897 49953
14898 55080
14899 53536
14900 25441
14901 27425
14902 18945
14903 25370
14904 49445
14905 55144
14906 49921
14907 25370
14908 58144
14909 27465
14910 25370
14911 25472
14912 56096
14913 17184
14914 55073
14915 62432
14916 63328
14917 17184
14918 56417
14919 27393
14920 57144
14921 25376
14922 54817
14923 19200
14924 49953
14925 19209
14926 11777
14927 62125
14928 17184
14929 27393
14930 51976
14931 63329
14932 11809
14933 58144
14934 25376
14935 54049
14936 25496
14937 64865
14938 19233
14939 60192
14940 49952
14941 27552
14942 27488
14943 49960
14944 53809
14945 25377
14946 27400
14947 58213
14948 49953
14949 25376
14950 25498
14951 19209
14952 49953
14953 25440
14954 10021
14955 58145
14956 54072
14957 19232
14958 32545
14959 57828
14960 49952
14961 19233
14962 63400
14963 27488
14964 54049
14965 62241
14966 58144
14967 27408
14968 46765
14969 54065
14970 58168
14971 33125
14972 58144
14973 52000
14974 25352
14975 49960
14976 33125
14977 25498
14978 63265
14979 31233
14980 17304
14981 2848
14982 54072
14983 25496
14984 49921
14985 60264
14986 27424
14987 54056
14988 54049
14989 19233
14990 54057
14991 19233
14992 19201
14993 60193
14994 52000
14995 17184
14996 55809
14997 56097
14998 25384
14999 25441
15000 62240
15001 58176
15002 17256
15003 61792
15004 58152
15005 60192
15006 55073
15007 54049
15008 25504
15009 49952
15010 27424
15011 59176
15012 25488
15013 63328
15014 26536
15015 59169
15016 19224
15017 49445
15018 19256
15019 62241
15020 20233
15021 2328
15022 63273
15023 17224
15024 54833
15025 57128
15026 18944
15027 25496
15028 49921
15029 9016
15030 25370
15031 20836
15032 16676
15033 54053
15034 49960
15035 19352
15036 64097
15037 17176
15038 51976
15039 51984
15040 64096
15041 37688
15042 17184
15043 26153
15044 10017
15045 50016
15046 33061
15047 58113
15048 49953
15049 53793
15050 17153
15051 53541
15052 54056
15053 49944
15054 50977
15055 25444
15056 27393
15057 49505
15058 25560
15059 63264
15060 25444
15061 54048
15062 62432
15063 56681
15064 61797
15065 58144
15066 27393
15067 19224
15068 61797
15069 27425
15070 2328
15071 58208
15072 50104
15073 27544
15074 28449
15075 52000
15076 55081
15077 19224
15078 25376
15079 19232
15080 27489
15081 25345
15082 52001
15083 58144
15084 49920
15085 51968
15086 60193
15087 19232
15088 2329
15089 18761
15090 54016
15091 27432
15092 52001
15093 32545
15094 58145
15095 25377
15096 51969
15097 24928
15098 53605
15099 27425
15100 51992
15101 55096
15102 17185
15103 19201
15104 17184
15105 25376
15106 19201
15107 60161
15108 56105
15109 49928
15110 25376
15111 25480
15112 56881
15113 17184
15114 17176
15115 17306
15116 59169
15117 62241
15118 2393
15119 26400
15120 26153
15121 49697
15122 56096
15123 56681
15124 63273
15125 58112
15126 28449
15127 52025
15128 58153
15129 27489
15130 63264
15131 54048
15132 49953
15133 27433
15134 25344
15135 53605
15136 53601
15137 25376
15138 17184
15139 49952
15140 55825
15141 51969
15142 49960
15143 58145
15144 19201
15145 2328
15146 25472
15147 27528
15148 56681
15149 53537
15150 19232
15151 27137
15152 54072
15153 53025
15154 58128
15155 65321
15156 19232
15157 17152
15158 27424
15159 17193
15160 52000
15161 19240
15162 49953
15163 58113
15164 27488
15165 17185
15166 56096
15167 19200
15168 56681
15169 49953
15170 49953
15171 11809
15172 56681
15173 57121
15174 27544
15175 25440
15176 5921
15177 27137
15178 56681
15179 5984
15180 2968
15181 54048
15182 49968
15183 64865
15184 49953
15185 17176
15186 26409
15187 19224
15188 11809
15189 55073
15190 21288
15191 25440
15192 54049
15193 64097
15194 37688
15195 58152
15196 56097
15197 2329
15198 2328
15199 25352
15200 6473
15201 58153
15202 2328
15203 19288
15204 25376
15205 49508
15206 51968
15207 19208
15208 55073
15209 54048
15210 2313
15211 25344
15212 49957
15213 49928
15214 19224
15215 54064
15216 56673
15217 27424
15218 59168
15219 27616
15220 39713
15221 56681
15222 56104
15223 58152
15224 14113
15225 63272
15226 54056
15227 33125
15228 52001
15229 27393
15230 17178
15231 60256
15232 58144
15233 49953
15234 17256
15235 25496
15236 53605
15237 49952
15238 27424
15239 27392
15240 60160
15241 56681
15242 26465
15243 49953
15244 56681
15245 17185
15246 62112
15247 27424
15248 27424
15249 27424
15250 53605
15251 60192
15252 61217
15253 49952
15254 19241
15255 25580
15256 60192
15257 25381
15258 17312
15259 25384
15260 27424
15261 52008
15262 54048
15263 58144
15264 19232
15265 64353
15266 51041
15267 63272
15268 27265
15269 19208
15270 33125
15271 58208
15272 27400
15273 2328
15274 50016
15275 58153
15276 17160
15277 53605
15278 58145
15279 17256
15280 57129
15281 49960
15282 58145
15283 17185
15284 54049
15285 58144
15286 49952
15287 52001
15288 25377
15289 62113
15290 27392
15291 49952
15292 25376
15293 49952
15294 62248
15295 62241
15296 49953
15297 25344
15298 62240
15299 49957
15300 49512
15301 25368
15302 49952
15303 64289
15304 54061
15305 26157
15306 53605
15307 17192
15308 49505
15309 63272
15310 49952
15311 27489
15312 56881
15313 19200
15314 19200
15315 54049
15316 28449
15317 25568
15318 2376
15319 17304
15320 56617
15321 16741
15322 27424
15323 55096
15324 24065
15325 33125
15326 53540
15327 52001
15328 27424
15329 28193
15330 54057
15331 17306
15332 6689
15333 25368
15334 56681
15335 59233
15336 51000
15337 25384
15338 64288
15339 19225
15340 49952
15341 16677
15342 64001
15343 57145
15344 59169
15345 49953
15346 19224
15347 17178
15348 27489
15349 19200
15350 1381
15351 26401
15352 61985
15353 49976
15354 2848
15355 11793
15356 25370
15357 58145
15358 62241
15359 27425
15360 49969
15361 49952
15362 60192
15363 25385
15364 17169
15365 25504
15366 53025
15367 54049
15368 50976
15369 25376
15370 59169
15371 60193
15372 25512
15373 25480
15374 61797
15375 58145
15376 52008
15377 56673
15378 52001
15379 51993
15380 33125
15381 17184
15382 27432
15383 62248
15384 56617
15385 18960
15386 54032
15387 27392
15388 49957
15389 58144
15390 52000
15391 61796
15392 49960
15393 27392
15394 49960
15395 17153
15396 52008
15397 62308
15398 58145
15399 56064
15400 16741
15401 58120
15402 56672
15403 53605
15404 61797
15405 25377
15406 19208
15407 60200
15408 49960
15409 57701
15410 58145
15411 27424
15412 52000
15413 58145
15414 56681
15415 60193
15416 49952
15417 27425
15418 62240
15419 58145
15420 25512
15421 61796
15422 60192
15423 53605
15424 53605
15425 19232
15426 62249
15427 59233
15428 58113
15429 17248
15430 25560
15431 59169
15432 56672
15433 19233
15434 59169
15435 51969
15436 17185
15437 62232
15438 56681
15439 39713
15440 62248
15441 27424
15442 62432
15443 27392
15444 63264
15445 49953
15446 27393
15447 54072
15448 58144
15449 55072
15450 25572
15451 17306
15452 19216
15453 54057
15454 60200
15455 61796
15456 49504
15457 53600
15458 18217
15459 60256
15460 49968
15461 58144
15462 56104
15463 58336
15464 27392
15465 17184
15466 20256
15467 25376
15468 58145
15469 53613
15470 19225
15471 19288
15472 61797
15473 2328
15474 17306
15475 19273
15476 10017
15477 56681
15478 19233
15479 2392
15480 49953
15481 53792
15482 59233
15483 19352
15484 17176
15485 11793
15486 49508
15487 25384
15488 12065
15489 56616
15490 49944
15491 53605
15492 58144
15493 62308
15494 51041
15495 28449
15496 17192
15497 17152
15498 53605
15499 17184
15500 55096
15501 63841
15502 27393
15503 53601
15504 62368
15505 52009
15506 26409
15507 53284
15508 33125
15509 56097
15510 49960
15511 17248
15512 17152
15513 17176
15514 25344
15515 29608
15516 50976
15517 17765
15518 8985
15519 25472
15520 49953
15521 25408
15522 62232
15523 27392
15524 51744
15525 58144
15526 63469
15527 25440
15528 25384
15529 19201
15530 60192
15531 54048
15532 55073
15533 59169
15534 56881
15535 61797
15536 56064
15537 27400
15538 58144
15539 53797
15540 25496
15541 19200
15542 25384
15543 25384
15544 52008
15545 17184
15546 19241
15547 20257
15548 58144
15549 58280
15550 54049
15551 58145
15552 58144
15553 11809
15554 58145
15555 58144
15556 56681
15557 61792
15558 25496
15559 37221
15560 27392
15561 19241
15562 49504
15563 58144
15564 25384
15565 49937
15566 57129
15567 25377
15568 49952
15569 58340
15570 25344
15571 49953
15572 58144
15573 49968
15574 51969
15575 58145
15576 57192
15577 25376
15578 49953
15579 19200
15580 55081
15581 61281
15582 56617
15583 58144
15584 57129
15585 54629
15586 19297
15587 53601
15588 25496
15589 63272
15590 49953
15591 58144
15592 60201
15593 49953
15594 33125
15595 29473
15596 9112
15597 57697
15598 27536
15599 64289
15600 49953
15601 60192
15602 52008
15603 58152
15604 62241
15605 62240
15606 29544
15607 60192
15608 19233
15609 62368
15610 58112
15611 18208
15612 17168
15613 25440
15614 49952
15615 49953
15616 58152
15617 19233
15618 49953
15619 27424
15620 50072
15621 58144
15622 52000
15623 49952
15624 19232
15625 25560
15626 25377
15627 62241
15628 53793
15629 9000
15630 51976
15631 56681
15632 18760
15633 54049
15634 17304
15635 17256
15636 2328
15637 26409
15638 2841
15639 801
15640 56681
15641 14184
15642 17178
15643 19224
15644 19224
15645 58120
15646 56673
15647 51713
15648 60264
15649 54053
15650 25360
15651 2840
15652 64865
15653 25344
15654 56105
15655 53601
15656 54049
15657 56673
15658 64033
15659 17176
15660 54821
15661 27528
15662 8984
15663 27544
15664 58176
15665 5921
15666 25377
15667 57129
15668 63272
15669 23057
15670 2840
15671 17176
15672 27393
15673 17304
15674 25353
15675 15905
15676 54120
15677 17176
15678 25496
15679 49953
15680 19240
15681 64865
15682 792
15683 33125
15684 53537
15685 59169
15686 49953
15687 49445
15688 49952
15689 25381
15690 25512
15691 53605
15692 27153
15693 62308
15694 26413
15695 25449
15696 25512
15697 28457
15698 53605
15699 63328
15700 52008
15701 62240
15702 19200
15703 49952
15704 32289
15705 53605
15706 54049
15707 58145
15708 19233
15709 56681
15710 49928
15711 17193
15712 53809
15713 17169
15714 53540
15715 25496
15716 49953
15717 49509
15718 58144
15719 58208
15720 54833
15721 54056
15722 58208
15723 53605
15724 17184
15725 52001
15726 56681
15727 53605
15728 51744
15729 55072
15730 53605
15731 52000
15732 49952
15733 56680
15734 63264
15735 49952
15736 63329
15737 28449
15738 27425
15739 54049
15740 65384
15741 16736
15742 58144
15743 49953
15744 58144
15745 58144
15746 56881
15747 52016
15748 27425
15749 17192
15750 54056
15751 28457
15752 53605
15753 56681
15754 25560
15755 23328
15756 57128
15757 63328
15758 53604
15759 17192
15760 27496
15761 56681
15762 58145
15763 49920
15764 52016
15765 56681
15766 56681
15767 62248
15768 53605
15769 53601
15770 26408
15771 52001
15772 18209
15773 32289
15774 53605
15775 17152
15776 49960
15777 49968
15778 19216
15779 33061
15780 53605
15781 49920
15782 55144
15783 56104
15784 19232
15785 53605
15786 53605
15787 17184
15788 52008
15789 49960
15790 49952
15791 60193
15792 56104
15793 49960
15794 59168
15795 25360
15796 55953
15797 51968
15798 58145
15799 52008
15800 27424
15801 53605
15802 19232
15803 25377
15804 17153
15805 17161
15806 49509
15807 51992
15808 64033
15809 49976
15810 64289
15811 27465
15812 52008
15813 2393
15814 19224
15815 25384
15816 18761
15817 19209
15818 17176
15819 25496
15820 56681
15821 365
15822 56681
15823 17224
15824 49976
15825 29480
15826 27424
15827 54040
15828 53605
15829 53609
15830 805
15831 1381
15832 2328
15833 63328
15834 64033
15835 65377
15836 25432
15837 58145
15838 49952
15839 54053
15840 26409
15841 60320
15842 26393
15843 4448
15844 58145
15845 14176
15846 25368
15847 53541
15848 55808
15849 53601
15850 27401
15851 19209
15852 49921
15853 54049
15854 54056
15855 54056
15856 25370
15857 63329
15858 52001
15859 62240
15860 25384
15861 27432
15862 50977
15863 2329
15864 2840
15865 33125
15866 62308
15867 17176
15868 57828
15869 25512
15870 51985
15871 19785
15872 52008
15873 2329
15874 62241
15875 25376
15876 19208
15877 18776
15878 60192
15879 54056
15880 49960
15881 49961
15882 52001
15883 56681
15884 58144
15885 20257
15886 58144
15887 59233
15888 49952
15889 8993
15890 26413
15891 53605
15892 25360
15893 19224
15894 52009
15895 25498
15896 49953
15897 54049
15898 19233
15899 65121
15900 28448
15901 54048
15902 56617
15903 55096
15904 51984
15905 62232
15906 25488
15907 56097
15908 52008
15909 58208
15910 25432
15911 58145
15912 58168
15913 27560
15914 33125
15915 62241
15916 52001
15917 60192
15918 53808
15919 52000
15920 58120
15921 58113
15922 19304
15923 58144
15924 52008
15925 53605
15926 49952
15927 53025
15928 27536
15929 58144
15930 60193
15931 25377
15932 63265
15933 49952
15934 61793
15935 27265
15936 49928
15937 54817
15938 54048
15939 25352
15940 58152
15941 27425
15942 25376
15943 25352
15944 63392
15945 49953
15946 27401
15947 58112
15948 49952
15949 62112
15950 56881
15951 33125
15952 19232
15953 51993
15954 54049
15955 19232
15956 57701
15957 54048
15958 55144
15959 62240
15960 55081
15961 27432
15962 53604
15963 54024
15964 19240
15965 55825
15966 32289
15967 17184
15968 54633
15969 53545
15970 25504
15971 49440
15972 9064
15973 56617
15974 25368
15975 27425
15976 28448
15977 8985
15978 53604
15979 25370
15980 55857
15981 25432
15982 805
15983 64288
15984 27528
15985 16740
15986 17765
15987 19208
15988 58128
15989 56617
15990 53284
15991 54056
15992 10025
15993 56097
15994 17189
15995 53793
15996 51985
15997 2393
15998 19232
15999 58144
16000 28177
16001 49445
16002 49961
16003 2840
16004 56881
16005 2328
16006 58145
16007 25568
16008 5921
16009 28177
16010 59240
16011 58120
16012 25441
16013 25369
16014 2825
16015 49952
16016 20233
16017 62240
16018 58144
16019 54048
16020 58144
16021 53601
16022 17185
16023 57697
16024 53600
16025 53285
16026 17306
16027 58144
16028 19232
16029 27137
16030 3401
16031 28449
16032 19224
16033 11809
16034 52001
16035 2329
16036 2328
16037 49953
16038 2328
16039 19224
16040 28177
16041 27425
16042 2328
16043 25496
16044 2329
16045 27401
16046 28161
16047 54040
16048 25496
16049 52000
16050 2328
16051 27416
16052 25352
16053 17152
16054 49441
16055 23057
16056 2968
16057 2328
16058 25370
16059 25344
16060 58152
16061 17178
16062 49445
16063 55857
16064 33125
16065 27424
16066 52008
16067 25408
16068 64865
16069 56617
16070 56617
16071 25344
16072 19248
16073 26400
16074 58145
16075 49952
16076 25560
16077 59169
16078 49957
16079 17185
16080 17184
16081 58216
16082 26145
16083 33061
16084 49969
16085 27393
16086 23328
16087 52001
16088 58144
16089 26409
16090 58152
16091 58144
16092 26409
16093 57120
16094 58208
16095 49952
16096 51968
16097 27544
16098 59169
16099 52000
16100 19232
16101 27528
16102 63265
16103 54049
16104 49952
16105 19240
16106 58144
16107 54049
16108 25496
16109 8993
16110 56105
16111 58208
16112 26401
16113 56096
16114 49952
16115 49960
16116 49953
16117 25440
16118 17153
16119 58208
16120 57129
16121 19232
16122 54112
16123 54833
16124 2392
16125 63273
16126 56104
16127 28177
16128 23057
16129 25512
16130 2393
16131 2328
16132 28449
16133 32273
16134 11793
16135 2328
16136 2328
16137 32289
16138 17306
16139 2840
16140 26153
16141 59177
16142 25368
16143 63265
16144 2329
16145 27265
16146 54057
16147 51992
16148 19225
16149 19208
16150 28177
16151 19209
16152 54049
16153 32257
16154 19209
16155 52000
16156 19224
16157 37221
16158 49505
16159 52009
16160 54072
16161 19288
16162 19232
16163 33125
16164 59232
16165 27408
16166 62241
16167 17184
16168 54056
16169 27408
16170 55080
16171 49976
16172 49928
16173 59169
16174 29480
16175 56105
16176 14113
16177 19233
16178 58153
16179 55073
16180 65320
16181 52001
16182 52009
16183 54056
16184 56097
16185 54064
16186 58144
16187 37221
16188 55073
16189 58272
16190 58145
16191 61217
16192 19233
16193 53541
16194 58208
16195 52001
16196 58145
16197 27424
16198 60193
16199 19216
16200 62241
16201 61793
16202 58216
16203 62308
16204 25377
16205 58144
16206 11793
16207 54061
16208 19200
16209 19240
16210 49509
16211 49953
16212 49976
16213 49952
16214 54048
16215 29472
16216 49952
16217 20257
16218 53025
16219 64097
16220 792
16221 25498
16222 58144
16223 25528
16224 19224
16225 23328
16226 26409
16227 49952
16228 50017
16229 2392
16230 63272
16231 49968
16232 17169
16233 64033
16234 65321
16235 54048
16236 19272
16237 17178
16238 64257
16239 27393
16240 23337
16241 58217
16242 53541
16243 54056
16244 56681
16245 53605
16246 25345
16247 27401
16248 58272
16249 56681
16250 62240
16251 52000
16252 17178
16253 50977
16254 28456
16255 61217
16256 54057
16257 19272
16258 2840
16259 25352
16260 293
16261 19785
16262 19224
16263 28457
16264 27456
16265 53024
16266 17192
16267 19233
16268 25440
16269 19241
16270 2840
16271 19208
16272 17176
16273 62248
16274 57145
16275 27401
16276 25344
16277 54048
16278 17160
16279 58208
16280 25560
16281 25568
16282 58144
16283 57145
16284 54056
16285 19233
16286 19233
16287 17178
16288 49960
16289 52000
16290 19233
16291 2328
16292 61216
16293 58145
16294 27424
16295 2968
16296 27424
16297 58209
16298 19208
16299 27424
16300 29592
16301 54053
16302 51976
16303 62113
16304 25441
16305 19232
16306 60257
16307 53605
16308 19233
16309 56681
16310 54057
16311 26393
16312 58152
16313 23185
16314 27153
16315 58145
16316 49944
16317 51976
16318 25505
16319 54056
16320 54056
16321 53605
16322 54057
16323 52009
16324 26409
16325 49921
16326 37221
16327 10017
16328 2840
16329 54048
16330 17184
16331 27392
16332 54048
16333 54057
16334 51968
16335 56617
16336 17192
16337 49944
16338 49960
16339 55073
16340 25376
16341 60193
16342 2328
16343 17185
16344 58145
16345 56097
16346 25384
16347 17184
16348 23041
16349 53024
16350 49944
16351 17184
16352 58273
16353 58145
16354 52008
16355 25344
16356 58144
16357 25344
16358 17189
16359 19240
16360 25498
16361 17184
16362 49937
16363 61225
16364 54040
16365 59168
16366 54048
16367 23041
16368 19233
16369 27393
16370 17176
16371 55073
16372 49953
16373 49952
16374 25480
16375 49957
16376 56681
16377 21281
16378 25504
16379 19233
16380 58145
16381 61797
16382 17184
16383 856
16384 30504
16385 51713
16386 53601
16387 58208
16388 58208
16389 61796
16390 51985
16391 27393
16392 19304
16393 49953
16394 62248
16395 54056
16396 17185
16397 58152
16398 52000
16399 25376
16400 25368
16401 27401
16402 27456
16403 52920
16404 17185
16405 56681
16406 49952
16407 17185
16408 50985
16409 53604
16410 27425
16411 2848
16412 25384
16413 18216
16414 25448
16415 49953
16416 51985
16417 65377
16418 57700
16419 63336
16420 62241
16421 19240
16422 19233
16423 27265
16424 56681
16425 19240
16426 25377
16427 58208
16428 19233
16429 54056
16430 56681
16431 18977
16432 29480
16433 17185
16434 49944
16435 25376
16436 55080
16437 64145
16438 53793
16439 53604
16440 58145
16441 56681
16442 61281
16443 27153
16444 26401
16445 27153
16446 28177
16447 25496
16448 49953
16449 55080
16450 56673
16451 25368
16452 51968
16453 50016
16454 50976
16455 54833
16456 53808
16457 25368
16458 27153
16459 54837
16460 55073
16461 27392
16462 17185
16463 56681
16464 27425
16465 54049
16466 52000
16467 58144
16468 57185
16469 20264
16470 19233
16471 27488
16472 17178
16473 51969
16474 60257
16475 60192
16476 49936
16477 25370
16478 63265
16479 54049
16480 19233
16481 19201
16482 23057
16483 55144
16484 25498
16485 57193
16486 27488
16487 52008
16488 58144
16489 58152
16490 62248
16491 25480
16492 18945
16493 54072
16494 64865
16495 58145
16496 60200
16497 25496
16498 25580
16499 59177
16500 58209
16501 57828
16502 54048
16503 53813
16504 11809
16505 27408
16506 57121
16507 58128
16508 25370
16509 63336
16510 49953
16511 56097
16512 58144
16513 56681
16514 25472
16515 26401
16516 17153
16517 21288
16518 51968
16519 888
16520 27137
16521 17192
16522 55073
16523 63264
16524 52000
16525 58144
16526 25504
16527 49957
16528 54056
16529 25496
16530 55088
16531 28177
16532 54048
16533 61796
16534 16736
16535 25472
16536 19232
16537 62312
16538 49960
16539 49509
16540 49952
16541 19272
16542 59233
16543 4984
16544 29544
16545 56681
16546 25384
16547 25376
16548 49952
16549 19232
16550 1888
16551 49509
16552 27424
16553 60192
16554 27265
16555 49953
16556 49445
16557 25377
16558 17189
16559 19201
16560 19232
16561 19233
16562 54048
16563 60192
16564 19200
16565 27425
16566 53604
16567 62312
16568 27488
16569 52001
16570 53792
16571 58144
16572 56681
16573 63272
16574 19225
16575 65057
16576 64289
16577 26393
16578 2328
16579 18209
16580 62241
16581 25432
16582 56104
16583 18761
16584 25370
16585 56097
16586 62113
16587 2377
16588 64097
16589 26409
16590 27424
16591 25370
16592 2328
16593 49976
16594 53608
16595 25504
16596 17184
16597 65376
16598 64097
16599 49445
16600 64033
16601 27520
16602 19233
16603 49960
16604 19352
16605 49957
16606 63273
16607 26409
16608 27137
16609 27137
16610 17178
16611 2328
16612 25496
16613 58208
16614 25377
16615 25376
16616 19233
16617 54040
16618 52008
16619 3873
16620 2392
16621 51977
16622 63272
16623 49961
16624 2840
16625 53777
16626 19232
16627 20233
16628 51992
16629 17153
16630 25448
16631 61224
16632 61797
16633 61797
16634 49961
16635 63264
16636 17178
16637 25416
16638 49952
16639 17304
16640 19233
16641 25352
16642 25496
16643 58144
16644 25496
16645 17185
16646 25376
16647 27392
16648 25376
16649 62248
16650 53605
16651 56072
16652 49508
16653 52009
16654 60192
16655 53033
16656 2328
16657 17184
16658 25376
16659 25440
16660 55857
16661 53536
16662 19224
16663 25440
16664 52001
16665 58152
16666 27424
16667 27488
16668 49952
16669 58145
16670 58145
16671 57113
16672 17185
16673 54049
16674 25440
16675 17184
16676 49920
16677 53600
16678 19233
16679 62113
16680 49968
16681 63329
16682 25376
16683 19201
16684 58208
16685 58145
16686 57144
16687 57097
16688 17185
16689 65377
16690 60192
16691 25377
16692 25448
16693 27528
16694 53557
16695 25377
16696 17178
16697 19297
16698 63264
16699 19240
16700 25377
16701 53605
16702 25381
16703 49953
16704 27425
16705 49960
16706 55841
16707 56681
16708 25352
16709 19233
16710 63264
16711 27528
16712 55080
16713 49952
16714 28177
16715 25345
16716 19232
16717 10017
16718 52001
16719 53793
16720 58144
16721 58209
16722 52001
16723 19209
16724 54049
16725 58144
16726 17160
16727 62240
16728 63336
16729 58208
16730 25344
16731 19352
16732 58112
16733 62305
16734 49961
16735 50016
16736 61797
16737 58145
16738 64289
16739 25352
16740 57113
16741 19232
16742 54069
16743 61216
16744 19201
16745 18945
16746 49509
16747 26409
16748 29480
16749 53605
16750 23057
16751 2849
16752 54049
16753 25440
16754 49509
16755 62304
16756 54064
16757 62241
16758 57828
16759 17248
16760 53540
16761 49957
16762 25352
16763 56681
16764 54049
16765 25496
16766 25448
16767 55072
16768 58216
16769 60160
16770 33125
16771 25384
16772 27400
16773 58145
16774 56681
16775 25448
16776 53600
16777 25576
16778 56673
16779 49961
16780 53600
16781 60169
16782 53605
16783 49445
16784 62241
16785 59232
16786 49953
16787 65313
16788 49953
16789 58152
16790 58145
16791 52008
16792 26464
16793 55081
16794 27425
16795 21288
16796 57696
16797 49960
16798 54633
16799 19233
16800 17192
16801 58145
16802 17248
16803 55081
16804 58112
16805 50977
16806 20836
16807 19233
16808 25232
16809 56681
16810 61225
16811 54048
16812 17185
16813 10017
16814 27393
16815 50984
16816 17152
16817 65385
16818 57128
16819 19272
16820 25496
16821 19200
16822 25360
16823 2328
16824 49928
16825 58144
16826 17184
16827 25368
16828 54048
16829 25384
16830 52024
16831 53541
16832 65313
16833 25370
16834 19232
16835 51992
16836 27425
16837 19224
16838 52008
16839 27137
16840 53605
16841 10081
16842 53605
16843 50080
16844 26145
16845 56681
16846 54048
16847 49952
16848 56105
16849 60192
16850 25376
16851 58144
16852 28177
16853 49445
16854 59169
16855 27520
16856 54048
16857 4453
16858 27392
16859 5921
16860 55081
16861 49961
16862 17193
16863 55825
16864 19224
16865 52001
16866 25377
16867 55072
16868 58216
16869 51976
16870 54072
16871 59240
16872 52001
16873 27528
16874 17185
16875 54048
16876 61796
16877 54032
16878 27424
16879 26393
16880 65321
16881 33125
16882 58145
16883 49960
16884 49953
16885 17184
16886 59169
16887 27400
16888 49921
16889 25384
16890 58144
16891 19232
16892 27457
16893 58149
16894 56097
16895 19297
16896 2393
16897 54056
16898 56681
16899 25376
16900 61793
16901 49976
16902 10017
16903 25377
16904 19232
16905 26401
16906 25580
16907 17189
16908 60160
16909 49953
16910 54056
16911 56104
16912 62240
16913 17189
16914 59168
16915 53033
16916 50024
16917 17184
16918 17161
16919 27424
16920 59177
16921 49953
16922 56681
16923 57193
16924 49509
16925 60192
16926 52009
16927 49960
16928 49953
16929 49936
16930 54833
16931 49953
16932 24928
16933 27489
16934 49952
16935 17184
16936 52001
16937 27616
16938 53609
16939 54629
16940 55073
16941 58144
16942 19216
16943 19233
16944 53793
16945 56681
16946 56681
16947 25377
16948 53605
16949 54049
16950 49953
16951 49952
16952 17224
16953 2328
16954 4920
16955 2840
16956 65057
16957 25496
16958 56681
16959 49960
16960 27425
16961 52120
16962 49572
16963 25368
16964 55077
16965 52000
16966 56681
16967 25360
16968 58144
16969 17185
16970 19248
16971 65377
16972 25505
16973 14113
16974 58120
16975 25385
16976 33125
16977 27432
16978 57193
16979 19224
16980 27425
16981 9016
16982 19200
16983 26401
16984 18760
16985 19224
16986 61793
16987 54040
16988 49952
16989 2841
16990 25370
16991 37688
16992 4960
16993 56088
16994 62240
16995 28425
16996 61216
16997 18776
16998 2329
16999 19209
17000 49504
17001 56617
17002 17189
17003 58144
17004 55073
17005 25376
17006 17306
17007 49961
17008 58136
17009 49504
17010 27489
17011 54112
17012 54049
17013 26401
17014 19232
17015 2825
17016 19224
17017 25384
17018 25516
17019 25376
17020 26401
17021 19208
17022 27496
17023 25368
17024 19233
17025 25572
17026 52001
17027 25384
17028 2840
17029 62240
17030 58112
17031 25376
17032 56681
17033 63264
17034 23185
17035 25377
17036 18945
17037 27281
17038 49953
17039 61217
17040 5992
17041 49953
17042 56681
17043 58144
17044 17160
17045 55072
17046 25448
17047 50984
17048 54049
17049 19241
17050 17160
17051 54072
17052 54049
17053 50977
17054 49953
17055 60193
17056 25376
17057 52001
17058 51976
17059 49960
17060 58208
17061 52000
17062 62304
17063 27392
17064 25504
17065 19088
17066 25377
17067 63288
17068 17176
17069 33125
17070 12065
17071 49952
17072 50016
17073 53605
17074 33125
17075 58144
17076 17312
17077 49952
17078 17185
17079 63265
17080 25344
17081 27489
17082 17184
17083 58212
17084 25344
17085 19233
17086 53605
17087 54049
17088 49504
17089 49960
17090 54053
17091 53605
17092 19201
17093 19201
17094 61185
17095 49953
17096 54056
17097 49960
17098 27153
17099 25377
17100 19232
17101 49936
17102 61797
17103 55081
17104 18217
17105 32257
17106 58121
17107 27400
17108 64865
17109 54049
17110 56617
17111 19201
17112 58144
17113 60168
17114 27392
17115 27425
17116 62368
17117 52000
17118 63337
17119 50016
17120 49952
17121 28449
17122 16736
17123 17193
17124 53605
17125 11793
17126 58113
17127 25496
17128 25568
17129 25352
17130 56617
17131 58144
17132 25572
17133 27424
17134 52001
17135 25480
17136 56681
17137 53604
17138 57120
17139 54056
17140 54048
17141 27425
17142 58144
17143 25504
17144 19201
17145 51992
17146 49952
17147 60320
17148 58145
17149 55072
17150 56681
17151 23057
17152 25360
17153 56681
17154 18961
17155 25576
17156 53809
17157 54817
17158 50977
17159 49952
17160 58208
17161 55073
17162 64865
17163 10088
17164 27392
17165 58144
17166 52009
17167 55073
17168 65320
17169 25368
17170 58112
17171 27400
17172 27552
17173 19240
17174 54049
17175 18944
17176 52001
17177 25576
17178 19226
17179 63265
17180 19233
17181 53541
17182 62304
17183 57193
17184 58152
17185 29473
17186 49961
17187 2328
17188 49961
17189 49509
17190 27392
17191 58144
17192 49952
17193 61793
17194 19201
17195 58153
17196 16677
17197 26401
17198 19297
17199 58209
17200 19232
17201 37665
17202 53032
17203 56105
17204 61793
17205 54056
17206 58112
17207 53605
17208 62248
17209 62241
17210 37221
17211 63337
17212 53605
17213 17184
17214 58145
17215 2328
17216 19240
17217 65312
17218 52001
17219 56681
17220 63328
17221 49960
17222 49440
17223 18209
17224 49952
17225 25504
17226 49504
17227 25377
17228 29480
17229 25344
17230 24329
17231 54049
17232 25512
17233 49952
17234 59232
17235 17160
17236 49953
17237 49953
17238 55081
17239 60192
17240 49936
17241 62248
17242 54624
17243 56681
17244 25384
17245 53600
17246 58340
17247 53605
17248 49952
17249 58152
17250 62240
17251 25444
17252 25344
17253 62240
17254 58145
17255 58145
17256 17248
17257 56617
17258 52016
17259 52000
17260 62240
17261 62240
17262 54629
17263 54049
17264 51000
17265 56681
17266 56881
17267 56681
17268 53605
17269 59177
17270 58168
17271 25376
17272 58113
17273 25376
17274 58152
17275 18961
17276 27393
17277 58113
17278 27425
17279 27520
17280 25369
17281 51000
17282 64353
17283 58145
17284 58144
17285 55073
17286 54072
17287 57113
17288 28449
17289 51000
17290 19288
17291 55077
17292 58128
17293 60168
17294 2840
17295 53025
17296 9016
17297 54040
17298 10017
17299 293
17300 49509
17301 49952
17302 17176
17303 10017
17304 56681
17305 5473
17306 54056
17307 37217
17308 54040
17309 49952
17310 27137
17311 54049
17312 26409
17313 2313
17314 17185
17315 52001
17316 58145
17317 2328
17318 7521
17319 17192
17320 58152
17321 17306
17322 58144
17323 56096
17324 19224
17325 25368
17326 2329
17327 62264
17328 62112
17329 25572
17330 27560
17331 50080
17332 25352
17333 59176
17334 62304
17335 49928
17336 37217
17337 58145
17338 17184
17339 25385
17340 27400
17341 49953
17342 27424
17343 2329
17344 57129
17345 19224
17346 60320
17347 58112
17348 58113
17349 17152
17350 60193
17351 49952
17352 62240
17353 61797
17354 50016
17355 49952
17356 49952
17357 10080
17358 23328
17359 27425
17360 25376
17361 62240
17362 19297
17363 6689
17364 62240
17365 49505
17366 27560
17367 54057
17368 56681
17369 52008
17370 27393
17371 56104
17372 2825
17373 25360
17374 33125
17375 25488
17376 56881
17377 56881
17378 23041
17379 60192
17380 2328
17381 25512
17382 65377
17383 25384
17384 60193
17385 26409
17386 25441
17387 61288
17388 49952
17389 49440
17390 19232
17391 52001
17392 26400
17393 56681
17394 58144
17395 25370
17396 17178
17397 23337
17398 27392
17399 59177
17400 28417
17401 27281
17402 52024
17403 14113
17404 62376
17405 25488
17406 49509
17407 56880
17408 53605
17409 65320
17410 27392
17411 23057
17412 60193
17413 49445
17414 19232
17415 23328
17416 55073
17417 52000
17418 19209
17419 54048
17420 27521
17421 62241
17422 52000
17423 58273
17424 56681
17425 49953
17426 20232
17427 33125
17428 58336
17429 53605
17430 33125
17431 51992
17432 25528
17433 56681
17434 52000
17435 58145
17436 60160
17437 27528
17438 25377
17439 49960
17440 27456
17441 64289
17442 19297
17443 17184
17444 59169
17445 26145
17446 58273
17447 19232
17448 54048
17449 19232
17450 58209
17451 27424
17452 19232
17453 58113
17454 50016
17455 57121
17456 58145
17457 17185
17458 27425
17459 49952
17460 19328
17461 17160
17462 61792
17463 54049
17464 49960
17465 27401
17466 58120
17467 58296
17468 54056
17469 17189
17470 25512
17471 60169
17472 53605
17473 53605
17474 58145
17475 25480
17476 59233
17477 62392
17478 56105
17479 17153
17480 49928
17481 50985
17482 55072
17483 19209
17484 17184
17485 19209
17486 58209
17487 19232
17488 54048
17489 17192
17490 17184
17491 18217
17492 19232
17493 58144
17494 19233
17495 49953
17496 63392
17497 55585
17498 25512
17499 56881
17500 60256
17501 56681
17502 54049
17503 45977
17504 9112
17505 19224
17506 59240
17507 55073
17508 52001
17509 25384
17510 27392
17511 54048
17512 18961
17513 51985
17514 53605
17515 25496
17516 49960
17517 17306
17518 54040
17519 54049
17520 49960
17521 49960
17522 27424
17523 27392
17524 58144
17525 49961
17526 25472
17527 25377
17528 56681
17529 17192
17530 49961
17531 52009
17532 18961
17533 18761
17534 49960
17535 25440
17536 27392
17537 27424
17538 54064
17539 51969
17540 55073
17541 63265
17542 63264
17543 60200
17544 25377
17545 56072
17546 54048
17547 20257
17548 55072
17549 61797
17550 25377
17551 55081
17552 49952
17553 50985
17554 33125
17555 52001
17556 28448
17557 33125
17558 19304
17559 60160
17560 51745
17561 27392
17562 26401
17563 56088
17564 5921
17565 26145
17566 49960
17567 25384
17568 58113
17569 25344
17570 52001
17571 52001
17572 53541
17573 62264
17574 17185
17575 17185
17576 54025
17577 56681
17578 54057
17579 19232
17580 25376
17581 49504
17582 57828
17583 27425
17584 17189
17585 49572
17586 52000
17587 53600
17588 25448
17589 58209
17590 19232
17591 27392
17592 54048
17593 60193
17594 60192
17595 54049
17596 25370
17597 17192
17598 32545
17599 58149
17600 64865
17601 19232
17602 19208
17603 19232
17604 17184
17605 17192
17606 59168
17607 56681
17608 58113
17609 52000
17610 19216
17611 49953
17612 62368
17613 56073
17614 49953
17615 57121
17616 25496
17617 25440
17618 53541
17619 56681
17620 27425
17621 63392
17622 49960
17623 19201
17624 19273
17625 18712
17626 57128
17627 49976
17628 19225
17629 19224
17630 28193
17631 62241
17632 56088
17633 18697
17634 28161
17635 51000
17636 56097
17637 2313
17638 62249
17639 25434
17640 65121
17641 2840
17642 57696
17643 63265
17644 56681
17645 26393
17646 57120
17647 56104
17648 49953
17649 50024
17650 17178
17651 49960
17652 19224
17653 49953
17654 25376
17655 58216
17656 25376
17657 58145
17658 58208
17659 27464
17660 2840
17661 19288
17662 62312
17663 4984
17664 55080
17665 59176
17666 19225
17667 23041
17668 19208
17669 19240
17670 19200
17671 53540
17672 19233
17673 19224
17674 8984
17675 49952
17676 53793
17677 49976
17678 58240
17679 49953
17680 25384
17681 52001
17682 49960
17683 60320
17684 23057
17685 21288
17686 27393
17687 54056
17688 19208
17689 61281
17690 2329
17691 25568
17692 62248
17693 49952
17694 49445
17695 39713
17696 49960
17697 58152
17698 50977
17699 54048
17700 62252
17701 49953
17702 16741
17703 54064
17704 25496
17705 27424
17706 59168
17707 58113
17708 19232
17709 49504
17710 30504
17711 27424
17712 10157
17713 55809
17714 53605
17715 63337
17716 27424
17717 55073
17718 25344
17719 51968
17720 20264
17721 49957
17722 54056
17723 56673
17724 62241
17725 60192
17726 49937
17727 28177
17728 25496
17729 59169
17730 55841
17731 54053
17732 52025
17733 56881
17734 54053
17735 58145
17736 19200
17737 25480
17738 54048
17739 25440
17740 49504
17741 64001
17742 27392
17743 23057
17744 54049
17745 27393
17746 49952
17747 27464
17748 52016
17749 54052
17750 25440
17751 49509
17752 49953
17753 62241
17754 8993
17755 49509
17756 58208
17757 61224
17758 60160
17759 39713
17760 57696
17761 54040
17762 27392
17763 58145
17764 58145
17765 63272
17766 25440
17767 53605
17768 62241
17769 19233
17770 54049
17771 27560
17772 25344
17773 25444
17774 25560
17775 54057
17776 19233
17777 58272
17778 58144
17779 19200
17780 53605
17781 19240
17782 61797
17783 11797
17784 39713
17785 49961
17786 56681
17787 19201
17788 53537
17789 62252
17790 49952
17791 57696
17792 54049
17793 17185
17794 60193
17795 60193
17796 49953
17797 57828
17798 58144
17799 58144
17800 19233
17801 49936
17802 58280
17803 49504
17804 25345
17805 60264
17806 25377
17807 52008
17808 53613
17809 56097
17810 61217
17811 49953
17812 25352
17813 54049
17814 25376
17815 49509
17816 27616
17817 25448
17818 19224
17819 53605
17820 26145
17821 19233
17822 52000
17823 54056
17824 49953
17825 49953
17826 60192
17827 49952
17828 61793
17829 62241
17830 57193
17831 51968
17832 49952
17833 21281
17834 25377
17835 49920
17836 61797
17837 54032
17838 52008
17839 54048
17840 49952
17841 49952
17842 25377
17843 27528
17844 55073
17845 49953
17846 65313
17847 56681
17848 53605
17849 58336
17850 19216
17851 54049
17852 17168
17853 57097
17854 62392
17855 56681
17856 52001
17857 25376
17858 49969
17859 53605
17860 56681
17861 8997
17862 52000
17863 62241
17864 53601
17865 64353
17866 27153
17867 23041
17868 63264
17869 51000
17870 58152
17871 49960
17872 25434
17873 54072
17874 58209
17875 17185
17876 58145
17877 57696
17878 27425
17879 56681
17880 16677
17881 25488
17882 56881
17883 49953
17884 26153
17885 49509
17886 49961
17887 62252
17888 58145
17889 52000
17890 54057
17891 19233
17892 54040
17893 27544
17894 54072
17895 19208
17896 19232
17897 27552
17898 60193
17899 62241
17900 62305
17901 25352
17902 11809
17903 19224
17904 25377
17905 58152
17906 19297
17907 17189
17908 27424
17909 55072
17910 17304
17911 21280
17912 54048
17913 27416
17914 62432
17915 17185
17916 49509
17917 26413
17918 62240
17919 56865
17920 26408
17921 52000
17922 17184
17923 25473
17924 49952
17925 49976
17926 25472
17927 27393
17928 60256
17929 19208
17930 49960
17931 58144
17932 28161
17933 49953
17934 58145
17935 29592
17936 62241
17937 49952
17938 26400
17939 58209
17940 58152
17941 62240
17942 53545
17943 20232
17944 54048
17945 25480
17946 51745
17947 49952
17948 57701
17949 52000
17950 53609
17951 54048
17952 52000
17953 19200
17954 58208
17955 55081
17956 58149
17957 57185
17958 56376
17959 25345
17960 17184
17961 58212
17962 27424
17963 62304
17964 58336
17965 27528
17966 25504
17967 54048
17968 58144
17969 25377
17970 57145
17971 52000
17972 56104
17973 25448
17974 53605
17975 55073
17976 19233
17977 25376
17978 58145
17979 53032
17980 56673
17981 49953
17982 65121
17983 53536
17984 51969
17985 61281
17986 54048
17987 19232
17988 58145
17989 27528
17990 55077
17991 2848
17992 17248
17993 49957
17994 49441
17995 19224
17996 52001
17997 58296
17998 50072
17999 19209
18000 2329
18001 51976
18002 18977
18003 55585
18004 56673
18005 54049
18006 25496
18007 27281
18008 65313
18009 53281
18010 2328
18011 54064
18012 56865
18013 51992
18014 10017
18015 19225
18016 49957
18017 55649
18018 56681
18019 26409
18020 54057
18021 49512
18022 25376
18023 59168
18024 58153
18025 2393
18026 55840
18027 15905
18028 19224
18029 27416
18030 52000
18031 50977
18032 25472
18033 54053
18034 49960
18035 49952
18036 19224
18037 1381
18038 60193
18039 25377
18040 25368
18041 49953
18042 2376
18043 2328
18044 25472
18045 56097
18046 53541
18047 25376
18048 52000
18049 61985
18050 49960
18051 49952
18052 27424
18053 58208
18054 792
18055 58144
18056 17304
18057 58144
18058 19209
18059 62264
18060 27393
18061 54040
18062 25344
18063 794
18064 25544
18065 63265
18066 54069
18067 29608
18068 57701
18069 19241
18070 52001
18071 19241
18072 19328
18073 19208
18074 58152
18075 58120
18076 25352
18077 58212
18078 19233
18079 19200
18080 49960
18081 60256
18082 56105
18083 60192
18084 49952
18085 52008
18086 25472
18087 54049
18088 25504
18089 19201
18090 20225
18091 58145
18092 58208
18093 27424
18094 58216
18095 27552
18096 54048
18097 25352
18098 19232
18099 19240
18100 25377
18101 58144
18102 58144
18103 54049
18104 25473
18105 56681
18106 19272
18107 54056
18108 56681
18109 25408
18110 55080
18111 52001
18112 63841
18113 9000
18114 49509
18115 58152
18116 54048
18117 52000
18118 56681
18119 33125
18120 53024
18121 53605
18122 19297
18123 17184
18124 19217
18125 51744
18126 58213
18127 21281
18128 17189
18129 60161
18130 28161
18131 59168
18132 54048
18133 62240
18134 17176
18135 59169
18136 17185
18137 19208
18138 54073
18139 49952
18140 49509
18141 53605
18142 56096
18143 19233
18144 19232
18145 26153
18146 25440
18147 55077
18148 25377
18149 60192
18150 54040
18151 17185
18152 54049
18153 63265
18154 63336
18155 17185
18156 54048
18157 25352
18158 25368
18159 54048
18160 57129
18161 62112
18162 27393
18163 49440
18164 56865
18165 54049
18166 49512
18167 17193
18168 17160
18169 54048
18170 56104
18171 60256
18172 58145
18173 25368
18174 60193
18175 62304
18176 25496
18177 54056
18178 50024
18179 49921
18180 17184
18181 27425
18182 25376
18183 53600
18184 53809
18185 2328
18186 25441
18187 54048
18188 53536
18189 25384
18190 56865
18191 17185
18192 53797
18193 58152
18194 58144
18195 49976
18196 59169
18197 62264
18198 56681
18199 27392
18200 19304
18201 61217
18202 25480
18203 61797
18204 54032
18205 26408
18206 56681
18207 25352
18208 54056
18209 58209
18210 824
18211 27424
18212 58112
18213 65385
18214 56681
18215 25496
18216 49944
18217 58336
18218 53601
18219 25368
18220 28521
18221 25376
18222 65313
18223 57828
18224 19241
18225 56096
18226 49960
18227 52008
18228 63264
18229 58145
18230 54053
18231 27425
18232 25377
18233 25377
18234 63272
18235 65312
18236 16676
18237 51744
18238 49952
18239 27425
18240 61281
18241 27424
18242 25232
18243 25377
18244 54040
18245 59176
18246 56681
18247 17193
18248 27393
18249 58144
18250 55081
18251 4968
18252 54049
18253 49953
18254 54064
18255 64873
18256 33125
18257 19232
18258 49952
18259 19200
18260 50984
18261 58144
18262 64257
18263 63272
18264 62304
18265 57128
18266 19201
18267 54049
18268 10017
18269 52000
18270 51745
18271 52008
18272 55809
18273 25376
18274 19224
18275 17185
18276 54056
18277 25377
18278 56681
18279 17152
18280 25496
18281 54056
18282 16741
18283 58208
18284 63265
18285 54049
18286 25376
18287 56104
18288 27424
18289 58208
18290 56881
18291 58145
18292 49944
18293 60192
18294 27424
18295 25352
18296 62241
18297 25345
18298 25496
18299 17184
18300 54056
18301 49960
18302 25498
18303 53793
18304 25441
18305 2840
18306 25448
18307 57828
18308 54048
18309 26400
18310 19200
18311 58216
18312 25384
18313 58145
18314 21280
18315 29473
18316 25440
18317 17168
18318 57121
18319 54048
18320 57129
18321 25496
18322 59169
18323 62817
18324 19240
18325 58216
18326 54048
18327 50984
18328 25376
18329 17192
18330 59233
18331 5984
18332 27137
18333 25504
18334 17189
18335 27400
18336 62240
18337 27393
18338 60201
18339 56681
18340 54048
18341 58145
18342 52000
18343 58152
18344 25472
18345 5473
18346 55809
18347 64865
18348 49952
18349 54120
18350 27400
18351 19240
18352 19241
18353 62248
18354 54057
18355 26401
18356 64865
18357 20265
18358 55072
18359 10021
18360 65312
18361 62248
18362 53024
18363 17184
18364 56673
18365 52008
18366 27425
18367 49952
18368 27393
18369 52000
18370 17184
18371 58216
18372 49936
18373 52001
18374 19201
18375 56681
18376 2840
18377 2328
18378 64289
18379 25504
18380 54629
18381 55080
18382 27433
18383 54064
18384 19288
18385 28177
18386 17176
18387 23041
18388 53176
18389 2840
18390 49508
18391 63272
18392 3401
18393 25370
18394 49960
18395 26409
18396 19224
18397 49953
18398 4984
18399 56609
18400 55081
18401 53809
18402 14176
18403 56681
18404 2840
18405 54073
18406 8985
18407 17153
18408 54049
18409 58217
18410 58208
18411 16741
18412 53605
18413 55096
18414 2329
18415 3873
18416 2825
18417 56065
18418 17192
18419 54040
18420 55096
18421 19224
18422 26413
18423 25504
18424 49953
18425 25384
18426 17306
18427 53541
18428 824
18429 17178
18430 18697
18431 62392
18432 55840
18433 61792
18434 58209
18435 63272
18436 49508
18437 18944
18438 54048
18439 53797
18440 27425
18441 26472
18442 25441
18443 52008
18444 54056
18445 53600
18446 57697
18447 58144
18448 54056
18449 25384
18450 58216
18451 25444
18452 25504
18453 25352
18454 25368
18455 50977
18456 54072
18457 1381
18458 56681
18459 27400
18460 61796
18461 63264
18462 52000
18463 58144
18464 59168
18465 58144
18466 57193
18467 56673
18468 49960
18469 49953
18470 52001
18471 54048
18472 49440
18473 58144
18474 54048
18475 54048
18476 49944
18477 23185
18478 62240
18479 888
18480 56681
18481 25472
18482 25496
18483 56097
18484 56104
18485 56681
18486 49969
18487 56889
18488 49953
18489 10017
18490 27425
18491 60193
18492 51977
18493 58145
18494 26401
18495 20233
18496 25384
18497 26409
18498 2328
18499 25344
18500 52000
18501 56681
18502 58145
18503 27496
18504 25480
18505 58144
18506 58145
18507 50977
18508 53605
18509 19224
18510 53605
18511 27528
18512 19200
18513 58144
18514 57121
18515 55081
18516 60168
18517 49445
18518 54048
18519 49952
18520 12065
18521 60193
18522 49961
18523 58168
18524 53809
18525 2376
18526 49953
18527 55073
18528 25376
18529 49509
18530 49944
18531 59169
18532 56088
18533 62312
18534 27424
18535 28177
18536 62248
18537 27520
18538 49953
18539 27392
18540 27520
18541 49953
18542 25384
18543 51969
18544 56881
18545 49952
18546 58272
18547 19240
18548 59168
18549 25344
18550 25384
18551 49952
18552 19232
18553 54049
18554 25376
18555 49960
18556 17168
18557 18961
18558 56681
18559 49509
18560 58144
18561 18961
18562 63273
18563 25377
18564 52000
18565 25490
18566 49960
18567 56097
18568 57700
18569 49953
18570 49445
18571 17184
18572 49960
18573 49953
18574 27393
18575 50984
18576 58144
18577 54056
18578 58120
18579 25377
18580 53605
18581 57697
18582 2848
18583 25376
18584 49952
18585 54056
18586 49953
18587 27425
18588 888
18589 62432
18590 60192
18591 49976
18592 19232
18593 49509
18594 62248
18595 25472
18596 53544
18597 52000
18598 19241
18599 28520
18600 25384
18601 50016
18602 27392
18603 54048
18604 60193
18605 50977
18606 60200
18607 55081
18608 27401
18609 49952
18610 54056
18611 23057
18612 49445
18613 62240
18614 27488
18615 27424
18616 60256
18617 55081
18618 19201
18619 49953
18620 25368
18621 49921
18622 54049
18623 57696
18624 56681
18625 62240
18626 56064
18627 52009
18628 52008
18629 52000
18630 58336
18631 19233
18632 49936
18633 50984
18634 60193
18635 58145
18636 49968
18637 59937
18638 54049
18639 54048
18640 58209
18641 63265
18642 55073
18643 19208
18644 54056
18645 20257
18646 56865
18647 63400
18648 56097
18649 56681
18650 37221
18651 64033
18652 19233
18653 55832
18654 53605
18655 27432
18656 10021
18657 19232
18658 62304
18659 59232
18660 26401
18661 19352
18662 33125
18663 11793
18664 2328
18665 17161
18666 61797
18667 27392
18668 27393
18669 25376
18670 19217
18671 25441
18672 27401
18673 54833
18674 58209
18675 27393
18676 56097
18677 19241
18678 28456
18679 25496
18680 27400
18681 19224
18682 28193
18683 27425
18684 27393
18685 54053
18686 49960
18687 56681
18688 25370
18689 49920
18690 2328
18691 54032
18692 27424
18693 53605
18694 25376
18695 52001
18696 59177
18697 63273
18698 52001
18699 49953
18700 25376
18701 49952
18702 26401
18703 26400
18704 49952
18705 17184
18706 25473
18707 54048
18708 25377
18709 49952
18710 25496
18711 58213
18712 54052
18713 27424
18714 27432
18715 25496
18716 54057
18717 49509
18718 60193
18719 52000
18720 53601
18721 25473
18722 18945
18723 56096
18724 61216
18725 25496
18726 63272
18727 58145
18728 51977
18729 59169
18730 25496
18731 58725
18732 17189
18733 17184
18734 25572
18735 49953
18736 19233
18737 53609
18738 58145
18739 57129
18740 49952
18741 60192
18742 54565
18743 17184
18744 56096
18745 52000
18746 54049
18747 27392
18748 56609
18749 49636
18750 49953
18751 25384
18752 18960
18753 33061
18754 17153
18755 60193
18756 59168
18757 60192
18758 55825
18759 19201
18760 29480
18761 60193
18762 62304
18763 27425
18764 58112
18765 58209
18766 25504
18767 27400
18768 62241
18769 9000
18770 55136
18771 27488
18772 54049
18773 57185
18774 27393
18775 58144
18776 25376
18777 63329
18778 56681
18779 57144
18780 27425
18781 27528
18782 65385
18783 49953
18784 27560
18785 58152
18786 54049
18787 28449
18788 62112
18789 33061
18790 49945
18791 58112
18792 25504
18793 27400
18794 52000
18795 49968
18796 54048
18797 58208
18798 25376
18799 49944
18800 62113
18801 27544
18802 17184
18803 58145
18804 25544
18805 25512
18806 49953
18807 56681
18808 16740
18809 17306
18810 56673
18811 23057
18812 26145
18813 56865
18814 50072
18815 51000
18816 17185
18817 19224
18818 49976
18819 51000
18820 25368
18821 54072
18822 49957
18823 32257
18824 25360
18825 19209
18826 27401
18827 2328
18828 55077
18829 58213
18830 20836
18831 64001
18832 58209
18833 54069
18834 64865
18835 8997
18836 61288
18837 17208
18838 49952
18839 63273
18840 9048
18841 54049
18842 27425
18843 55080
18844 17248
18845 25370
18846 49928
18847 53609
18848 60168
18849 25480
18850 17184
18851 58144
18852 19224
18853 17306
18854 17208
18855 57121
18856 20233
18857 25416
18858 19209
18859 56105
18860 17178
18861 49929
18862 49957
18863 53541
18864 52000
18865 23057
18866 53793
18867 59169
18868 55080
18869 25352
18870 19209
18871 58208
18872 56105
18873 58152
18874 52001
18875 52008
18876 54049
18877 18209
18878 49960
18879 55072
18880 54057
18881 54053
18882 61217
18883 17176
18884 49445
18885 19232
18886 60193
18887 58280
18888 24928
18889 63264
18890 49952
18891 58145
18892 27552
18893 19233
18894 19233
18895 37157
18896 52024
18897 801
18898 27401
18899 61793
18900 52000
18901 17192
18902 54072
18903 56681
18904 54625
18905 53605
18906 60193
18907 58144
18908 54032
18909 54040
18910 19224
18911 25352
18912 26400
18913 27424
18914 27392
18915 60193
18916 58145
18917 59168
18918 19233
18919 49952
18920 28449
18921 57701
18922 63336
18923 25512
18924 49968
18925 63336
18926 17185
18927 25512
18928 56881
18929 25512
18930 27432
18931 58120
18932 56865
18933 23041
18934 2392
18935 19240
18936 49957
18937 53809
18938 17184
18939 28161
18940 55072
18941 27528
18942 17184
18943 49952
18944 55841
18945 49957
18946 17185
18947 65121
18948 51969
18949 26401
18950 56881
18951 37157
18952 52008
18953 2328
18954 25353
18955 49505
18956 17765
18957 58144
18958 17185
18959 53605
18960 62241
18961 49952
18962 17184
18963 58144
18964 11809
18965 57129
18966 17177
18967 28449
18968 2329
18969 26464
18970 53608
18971 25440
18972 49920
18973 56617
18974 2328
18975 25376
18976 17176
18977 26413
18978 53024
18979 25381
18980 49504
18981 53604
18982 51968
18983 19241
18984 25440
18985 61224
18986 26465
18987 53792
18988 49953
18989 25488
18990 25376
18991 55073
18992 54049
18993 25400
18994 52000
18995 62376
18996 27464
18997 27392
18998 57700
18999 27560
19000 50017
19001 56097
19002 54065
19003 49976
19004 27425
19005 49921
19006 62432
19007 27432
19008 49960
19009 49953
19010 61224
19011 25376
19012 25344
19013 58264
19014 27488
19015 26401
19016 49445
19017 58340
19018 64288
19019 54048
19020 61216
19021 25440
19022 54048
19023 56681
19024 17192
19025 52001
19026 31233
19027 56681
19028 62240
19029 60200
19030 49953
19031 49445
19032 63264
19033 25384
19034 56681
19035 25377
19036 54049
19037 53600
19038 16676
19039 55841
19040 49953
19041 49976
19042 62305
19043 63336
19044 17184
19045 54061
19046 56609
19047 53605
19048 19216
19049 49952
19050 49929
19051 25440
19052 19201
19053 49952
19054 55080
19055 54048
19056 58145
19057 37221
19058 25440
19059 49944
19060 56104
19061 56681
19062 60193
19063 60257
19064 26401
19065 49952
19066 25384
19067 56881
19068 49960
19069 25344
19070 19232
19071 25376
19072 54040
19073 56681
19074 56881
19075 25498
19076 54049
19077 27393
19078 24097
19079 11797
19080 62241
19081 58209
19082 60193
19083 19232
19084 27393
19085 26400
19086 19208
19087 19209
19088 53605
19089 59168
19090 56096
19091 28417
19092 63264
19093 19208
19094 50016
19095 25376
19096 58144
19097 27393
19098 58144
19099 29496
19100 33125
19101 49952
19102 58152
19103 64865
19104 49960
19105 63265
19106 54048
19107 57193
19108 27392
19109 18977
19110 26401
19111 17192
19112 28448
19113 2840
19114 25448
19115 49952
19116 17184
19117 53604
19118 17184
19119 57120
19120 19273
19121 56105
19122 62304
19123 58144
19124 64096
19125 52001
19126 62312
19127 49952
19128 53545
19129 27432
19130 49953
19131 19273
19132 58152
19133 54837
19134 27137
19135 25345
19136 58145
19137 54057
19138 26401
19139 49953
19140 25496
19141 27393
19142 49952
19143 25385
19144 20256
19145 54056
19146 26401
19147 55073
19148 56881
19149 56681
19150 56681
19151 51993
19152 58280
19153 17152
19154 49445
19155 27424
19156 27392
19157 17208
19158 19216
19159 59169
19160 28521
19161 25376
19162 20836
19163 56681
19164 63329
19165 58145
19166 33125
19167 54056
19168 51977
19169 25384
19170 49512
19171 25472
19172 25345
19173 62304
19174 56617
19175 52001
19176 18960
19177 25376
19178 25440
19179 54048
19180 57701
19181 56681
19182 53605
19183 49504
19184 25345
19185 17193
19186 62240
19187 17184
19188 27528
19189 25352
19190 23057
19191 54048
19192 54049
19193 37217
19194 2409
19195 16740
19196 20225
19197 29472
19198 56120
19199 58144
19200 18961
19201 52000
19202 25384
19203 49928
19204 62241
19205 54056
19206 56105
19207 49953
19208 17153
19209 63329
19210 62240
19211 59169
19212 27424
19213 58176
19214 2888
19215 58209
19216 17160
19217 62252
19218 17185
19219 55073
19220 25384
19221 19232
19222 27520
19223 49920
19224 63265
19225 19224
19226 56681
19227 27400
19228 25368
19229 26409
19230 51000
19231 33125
19232 64033
19233 17304
19234 25352
19235 25370
19236 27433
19237 49952
19238 17153
19239 50017
19240 58120
19241 52009
19242 54049
19243 53600
19244 17168
19245 55073
19246 26409
19247 27153
19248 27137
19249 52000
19250 58152
19251 53793
19252 17304
19253 62304
19254 53604
19255 19288
19256 51968
19257 27425
19258 21861
19259 60193
19260 23057
19261 25370
19262 11793
19263 49953
19264 54072
19265 52000
19266 17193
19267 56104
19268 58209
19269 19209
19270 25370
19271 58112
19272 23057
19273 19224
19274 58153
19275 19200
19276 52000
19277 52001
19278 9064
19279 58272
19280 54053
19281 58152
19282 19201
19283 49508
19284 54048
19285 26401
19286 25377
19287 19297
19288 2840
19289 17193
19290 25377
19291 54072
19292 25376
19293 62112
19294 19224
19295 58144
19296 25376
19297 19233
19298 19200
19299 25384
19300 54057
19301 54112
19302 17185
19303 62392
19304 51041
19305 61797
19306 2888
19307 27392
19308 49952
19309 58336
19310 52000
19311 19232
19312 19240
19313 51041
19314 25376
19315 53601
19316 49960
19317 59240
19318 58144
19319 58208
19320 59240
19321 20257
19322 37221
19323 49953
19324 2409
19325 49953
19326 19240
19327 49960
19328 53605
19329 56104
19330 63336
19331 54833
19332 58217
19333 17185
19334 25376
19335 29608
19336 55073
19337 58208
19338 55081
19339 58208
19340 61797
19341 19216
19342 25377
19343 57701
19344 49957
19345 19232
19346 49952
19347 17189
19348 49952
19349 58144
19350 49508
19351 56104
19352 17184
19353 51969
19354 49953
19355 19233
19356 27424
19357 56889
19358 53605
19359 58145
19360 54821
19361 25360
19362 60160
19363 25344
19364 17176
19365 64096
19366 64865
19367 17248
19368 57121
19369 58144
19370 25352
19371 20233
19372 25496
19373 49952
19374 53604
19375 11797
19376 10021
19377 54053
19378 27488
19379 49921
19380 56881
19381 27393
19382 49960
19383 27464
19384 33125
19385 17184
19386 54049
19387 52000
19388 62305
19389 63265
19390 10021
19391 25376
19392 25384
19393 58213
19394 19201
19395 5992
19396 53541
19397 19200
19398 54049
19399 54048
19400 19208
19401 26401
19402 61797
19403 19232
19404 49921
19405 54837
19406 25376
19407 58145
19408 53793
19409 25384
19410 19232
19411 11793
19412 58149
19413 25384
19414 27425
19415 58112
19416 27152
19417 51976
19418 58145
19419 54049
19420 58340
19421 20225
19422 58208
19423 64353
19424 27464
19425 49960
19426 26413
19427 19232
19428 28177
19429 26408
19430 54049
19431 51968
19432 54053
19433 58144
19434 16736
19435 49952
19436 60193
19437 11793
19438 25504
19439 56681
19440 58144
19441 49952
19442 58209
19443 54072
19444 49953
19445 56096
19446 27456
19447 52000
19448 62240
19449 62240
19450 54049
19451 53541
19452 54048
19453 23057
19454 58145
19455 51993
19456 58149
19457 62312
19458 58128
19459 49928
19460 53792
19461 56681
19462 55136
19463 17192
19464 50017
19465 53809
19466 53536
19467 62432
19468 27528
19469 17184
19470 54024
19471 49961
19472 57121
19473 28512
19474 25576
19475 53604
19476 56681
19477 27456
19478 17189
19479 27425
19480 57120
19481 25385
19482 53605
19483 19232
19484 49952
19485 27496
19486 49952
19487 49953
19488 25376
19489 49953
19490 25361
19491 49976
19492 49953
19493 56681
19494 17185
19495 49952
19496 54072
19497 27520
19498 54049
19499 63265
19500 52001
19501 19224
19502 56681
19503 53792
19504 53605
19505 51000
19506 56865
19507 53809
19508 58152
19509 56889
19510 25376
19511 25377
19512 53793
19513 17176
19514 65121
19515 64865
19516 54072
19517 52008
19518 28449
19519 23881
19520 25496
19521 19201
19522 16736
19523 28457
19524 59169
19525 28161
19526 54061
19527 56673
19528 17184
19529 49952
19530 25498
19531 49509
19532 54072
19533 33125
19534 28449
19535 25512
19536 17169
19537 55841
19538 54049
19539 25496
19540 49952
19541 872
19542 21280
19543 19201
19544 49960
19545 57129
19546 62248
19547 27433
19548 54056
19549 25384
19550 51968
19551 19225
19552 62249
19553 23041
19554 55073
19555 58213
19556 53601
19557 58145
19558 49960
19559 25504
19560 27425
19561 57145
19562 49440
19563 56065
19564 25440
19565 37221
19566 60257
19567 53025
19568 27400
19569 49920
19570 56681
19571 49445
19572 28177
19573 49509
19574 17185
19575 28161
19576 27392
19577 56097
19578 54049
19579 19209
19580 24097
19581 62208
19582 17152
19583 53797
19584 59169
19585 49952
19586 52000
19587 58144
19588 64353
19589 53600
19590 57828
19591 19233
19592 27432
19593 19233
19594 51985
19595 25384
19596 50016
19597 11793
19598 25440
19599 54833
19600 56681
19601 58152
19602 62248
19603 55080
19604 27425
19605 49960
19606 56865
19607 54072
19608 27432
19609 25353
19610 49960
19611 54112
19612 25376
19613 27528
19614 62376
19615 56681
19616 58144
19617 27433
19618 17185
19619 49960
19620 57697
19621 65385
19622 25376
19623 54056
19624 49952
19625 27408
19626 53540
19627 54064
19628 25480
19629 63265
19630 62304
19631 53541
19632 17185
19633 49952
19634 19200
19635 58112
19636 63265
19637 49952
19638 33061
19639 19200
19640 53605
19641 49920
19642 49952
19643 49952
19644 27425
19645 49445
19646 49953
19647 27424
19648 52000
19649 2329
19650 19224
19651 61217
19652 19224
19653 54633
19654 30504
19655 55073
19656 26401
19657 49960
19658 51000
19659 25377
19660 56681
19661 64033
19662 63272
19663 2392
19664 25370
19665 49976
19666 9016
19667 60264
19668 56681
19669 57120
19670 10017
19671 6689
19672 2968
19673 16741
19674 49953
19675 25381
19676 28521
19677 54040
19678 27401
19679 57128
19680 27560
19681 25377
19682 365
19683 17178
19684 56865
19685 27424
19686 2840
19687 17153
19688 54064
19689 17192
19690 52008
19691 58152
19692 19200
19693 2840
19694 56681
19695 27400
19696 49509
19697 25384
19698 49976
19699 56681
19700 2329
19701 25370
19702 2392
19703 17176
19704 2328
19705 62248
19706 19232
19707 58272
19708 33125
19709 53792
19710 49444
19711 19224
19712 25376
19713 2392
19714 51744
19715 58152
19716 37221
19717 61797
19718 62312
19719 52000
19720 54056
19721 54072
19722 52001
19723 58144
19724 20232
19725 49509
19726 25498
19727 25480
19728 2857
19729 53605
19730 52001
19731 25384
19732 62241
19733 59232
19734 2392
19735 54048
19736 65377
19737 55077
19738 28448
19739 25580
19740 54056
19741 49953
19742 56673
19743 28449
19744 52001
19745 58272
19746 63272
19747 25384
19748 56673
19749 25504
19750 62248
19751 19233
19752 55081
19753 59176
19754 27432
19755 54120
19756 52009
19757 52001
19758 53032
19759 26401
19760 56673
19761 61217
19762 58144
19763 61797
19764 19232
19765 58128
19766 27425
19767 2377
19768 9000
19769 27424
19770 54049
19771 50016
19772 63264
19773 54049
19774 17160
19775 53605
19776 56064
19777 56681
19778 54049
19779 50016
19780 19200
19781 53284
19782 19208
19783 17184
19784 27425
19785 2328
19786 58145
19787 56881
19788 51992
19789 53797
19790 58144
19791 20225
19792 25368
19793 25370
19794 54057
19795 25480
19796 58145
19797 62249
19798 49509
19799 49445
19800 2328
19801 27393
19802 52001
19803 2392
19804 52001
19805 55081
19806 49953
19807 58144
19808 49953
19809 64032
19810 51985
19811 51969
19812 27432
19813 53809
19814 21280
19815 18208
19816 61225
19817 19216
19818 50976
19819 49953
19820 23041
19821 49945
19822 56096
19823 19201
19824 58145
19825 50984
19826 25376
19827 54052
19828 2840
19829 55081
19830 55136
19831 11777
19832 19232
19833 54052
19834 17189
19835 19233
19836 60161
19837 54048
19838 57701
19839 52001
19840 23057
19841 25376
19842 25376
19843 50977
19844 19200
19845 49512
19846 59937
19847 28449
19848 27424
19849 56681
19850 19201
19851 58145
19852 27392
19853 49953
19854 19232
19855 58144
19856 49969
19857 49509
19858 17185
19859 65385
19860 17185
19861 58144
19862 55144
19863 25384
19864 19233
19865 62240
19866 56681
19867 61281
19868 25440
19869 52008
19870 62249
19871 25345
19872 55080
19873 27488
19874 49445
19875 55136
19876 27265
19877 58336
19878 60192
19879 65385
19880 25488
19881 25480
19882 49509
19883 58128
19884 17192
19885 49937
19886 25512
19887 56681
19888 25376
19889 17185
19890 17184
19891 58272
19892 49960
19893 27433
19894 27544
19895 56681
19896 56681
19897 27489
19898 52009
19899 61792
19900 58144
19901 19233
19902 62240
19903 49961
19904 16676
19905 54049
19906 58153
19907 49928
19908 53605
19909 17316
19910 61216
19911 25376
19912 17192
19913 17185
19914 53605
19915 55080
19916 53605
19917 61796
19918 17765
19919 53605
19920 2328
19921 49957
19922 54064
19923 56833
19924 53813
19925 56881
19926 52016
19927 56881
19928 55832
19929 25370
19930 17176
19931 29480
19932 23337
19933 54053
19934 33125
19935 25528
19936 37221
19937 11809
19938 53793
19939 58145
19940 52001
19941 2328
19942 54056
19943 55073
19944 52008
19945 19209
19946 58144
19947 64097
19948 56865
19949 19272
19950 25344
19951 49504
19952 25370
19953 50080
19954 54061
19955 61216
19956 53537
19957 62304
19958 55809
19959 19233
19960 17185
19961 17185
19962 49944
19963 57696
19964 25384
19965 56681
19966 26401
19967 19224
19968 27488
19969 58121
19970 56617
19971 54048
19972 54061
19973 53777
19974 25376
19975 55096
19976 51985
19977 17184
19978 56881
19979 27425
19980 62241
19981 49960
19982 49952
19983 25376
19984 58208
19985 58272
19986 60192
19987 17192
19988 49961
19989 25504
19990 51744
19991 32545
19992 56681
19993 25353
19994 19224
19995 53600
19996 49953
19997 58152
19998 60192
19999 49929
20000 27393
20001 49445
20002 53605
20003 25572
20004 58145
20005 27425
20006 56680
20007 58216
20008 19232
20009 60192
20010 58152
20011 17192
20012 51969
20013 54057
20014 54057
20015 58216
20016 53605
20017 20256
20018 49944
20019 27489
20020 27425
20021 62240
20022 17185
20023 49952
20024 58209
20025 56681
20026 25504
20027 25444
20028 53605
20029 54048
20030 52001
20031 56681
20032 56681
20033 17184
20034 58144
20035 27392
20036 61288
20037 49960
20038 27432
20039 54057
20040 19208
20041 58152
20042 26400
20043 17193
20044 16740
20045 54057
20046 27400
20047 53024
20048 59168
20049 21281
20050 54048
20051 62112
20052 20256
20053 16677
20054 25488
20055 19200
20056 27281
20057 58209
20058 51000
20059 25384
20060 19208
20061 58216
20062 27544
20063 18761
20064 62240
20065 26401
20066 856
20067 56681
20068 1888
20069 26408
20070 58213
20071 50072
20072 2329
20073 17208
20074 58208
20075 25440
20076 57889
20077 25384
20078 55081
20079 51000
20080 9000
20081 49952
20082 19201
20083 17153
20084 25400
20085 59177
20086 10017
20087 60200
20088 32257
20089 57129
20090 19352
20091 49976
20092 58113
20093 19232
20094 25370
20095 25344
20096 58145
20097 28512
20098 872
20099 23328
20100 2393
20101 2841
20102 31233
20103 17178
20104 25496
20105 824
20106 57121
20107 19233
20108 49957
20109 28177
20110 51977
20111 2840
20112 27464
20113 53605
20114 49953
20115 25384
20116 19225
20117 25377
20118 26400
20119 19200
20120 54048
20121 53605
20122 28520
20123 25440
20124 58209
20125 19233
20126 27425
20127 58144
20128 53605
20129 19225
20130 49953
20131 56681
20132 55081
20133 57192
20134 64289
20135 18961
20136 57184
20137 58213
20138 19224
20139 60193
20140 25568
20141 56681
20142 49953
20143 25440
20144 57129
20145 57192
20146 49953
20147 63337
20148 49953
20149 55080
20150 53605
20151 25352
20152 49960
20153 25504
20154 17192
20155 51976
20156 17153
20157 27425
20158 58144
20159 58144
20160 49952
20161 58145
20162 63336
20163 53537
20164 49952
20165 33125
20166 64145
20167 58209
20168 55073
20169 26409
20170 25370
20171 49960
20172 19208
20173 58145
20174 58213
20175 58144
20176 62249
20177 45977
20178 54840
20179 27392
20180 2328
20181 25384
20182 56105
20183 49961
20184 49952
20185 27424
20186 27432
20187 19241
20188 33125
20189 11793
20190 11809
20191 49976
20192 31249
20193 25376
20194 51969
20195 61793
20196 62241
20197 17185
20198 25344
20199 49960
20200 33061
20201 64873
20202 25376
20203 2392
20204 64032
20205 25376
20206 59176
20207 53540
20208 62304
20209 49952
20210 52000
20211 53605
20212 49953
20213 54057
20214 52008
20215 60193
20216 17192
20217 28513
20218 54048
20219 2392
20220 25440
20221 25448
20222 56681
20223 62252
20224 53605
20225 53605
20226 17160
20227 54056
20228 19225
20229 54048
20230 50017
20231 49952
20232 49928
20233 52001
20234 19200
20235 25377
20236 17192
20237 62305
20238 58145
20239 63264
20240 56681
20241 56096
20242 19088
20243 19232
20244 54072
20245 19201
20246 53025
20247 51968
20248 56609
20249 21280
20250 25576
20251 25352
20252 52000
20253 56681
20254 49960
20255 25384
20256 17189
20257 63337
20258 63273
20259 56096
20260 28449
20261 25384
20262 25472
20263 27400
20264 52001
20265 10029
20266 17185
20267 49960
20268 54069
20269 25440
20270 62241
20271 49920
20272 58113
20273 49960
20274 49952
20275 58144
20276 51976
20277 25377
20278 65384
20279 49944
20280 52009
20281 57121
20282 23041
20283 16741
20284 49960
20285 51976
20286 55072
20287 59169
20288 19200
20289 25568
20290 49961
20291 56617
20292 63329
20293 54056
20294 57121
20295 54048
20296 62368
20297 55077
20298 25376
20299 25370
20300 17184
20301 54057
20302 49920
20303 49952
20304 52001
20305 58144
20306 63264
20307 54056
20308 49952
20309 25377
20310 54048
20311 4984
20312 64289
20313 25344
20314 57121
20315 53605
20316 58240
20317 65384
20318 62248
20319 54056
20320 63288
20321 49960
20322 53557
20323 25560
20324 19201
20325 53280
20326 28177
20327 25370
20328 53605
20329 49961
20330 25441
20331 65121
20332 52001
20333 56096
20334 53605
20335 19208
20336 53605
20337 55953
20338 19297
20339 53793
20340 27424
20341 49952
20342 27400
20343 18961
20344 27400
20345 25352
20346 58144
20347 33125
20348 26409
20349 19201
20350 27424
20351 10157
20352 25377
20353 53605
20354 25345
20355 17176
20356 52001
20357 21861
20358 49953
20359 16677
20360 17178
20361 26400
20362 26401
20363 63272
20364 53604
20365 17185
20366 21288
20367 54120
20368 53605
20369 55073
20370 25440
20371 20264
20372 49505
20373 59169
20374 53605
20375 19209
20376 19225
20377 60192
20378 16677
20379 27393
20380 56616
20381 49937
20382 52001
20383 25384
20384 49953
20385 50016
20386 17248
20387 55073
20388 49976
20389 17184
20390 19200
20391 27153
20392 56681
20393 58145
20394 61985
20395 58208
20396 54837
20397 59168
20398 59169
20399 27425
20400 49509
20401 49953
20402 56617
20403 25352
20404 60200
20405 51977
20406 49960
20407 54048
20408 54049
20409 25377
20410 58216
20411 58145
20412 19328
20413 19233
20414 65321
20415 16736
20416 25480
20417 18960
20418 53605
20419 32289
20420 60192
20421 49952
20422 25344
20423 27432
20424 57701
20425 49509
20426 54056
20427 63337
20428 65385
20429 16740
20430 52001
20431 25504
20432 53604
20433 49445
20434 64865
20435 17185
20436 28177
20437 49952
20438 62312
20439 54052
20440 37157
20441 57193
20442 49961
20443 61792
20444 56681
20445 56673
20446 19233
20447 49953
20448 2968
20449 58144
20450 50016
20451 52000
20452 51992
20453 50977
20454 59169
20455 49960
20456 56681
20457 55081
20458 58136
20459 17161
20460 58144
20461 55073
20462 62368
20463 59169
20464 58144
20465 62248
20466 55073
20467 53605
20468 57128
20469 56096
20470 55073
20471 49952
20472 51000
20473 49952
20474 2328
20475 2328
20476 56681
20477 19225
20478 2840
20479 19785
20480 19224
20481 62312
20482 53605
20483 64865
20484 26401
20485 25385
20486 56681
20487 27280
20488 49952
20489 25498
20490 57193
20491 25560
20492 59937
20493 49952
20494 52000
20495 888
20496 17178
20497 64352
20498 9000
20499 19224
20500 25345
20501 58121
20502 25368
20503 54048
20504 53813
20505 26393
20506 365
20507 54056
20508 55825
20509 49960
20510 58144
20511 17176
20512 58144
20513 25370
20514 57121
20515 58128
20516 17178
20517 49952
20518 54056
20519 2970
20520 50976
20521 28449
20522 24329
20523 2904
20524 53541
20525 27488
20526 49636
20527 6689
20528 19225
20529 25572
20530 54048
20531 25370
20532 25370
20533 54048
20534 55080
20535 2328
20536 59176
20537 25576
20538 58145
20539 25376
20540 60160
20541 57128
20542 54049
20543 49952
20544 25516
20545 25376
20546 27392
20547 37221
20548 25344
20549 25377
20550 55073
20551 49508
20552 25345
20553 19240
20554 65313
20555 4984
20556 56104
20557 17184
20558 27552
20559 58152
20560 20265
20561 2409
20562 28177
20563 27544
20564 63264
20565 25385
20566 54816
20567 19328
20568 49953
20569 25516
20570 52000
20571 58113
20572 62240
20573 19201
20574 58152
20575 57128
20576 49945
20577 53605
20578 53605
20579 27400
20580 61185
20581 49952
20582 54056
20583 59168
20584 49953
20585 17184
20586 54816
20587 57193
20588 58144
20589 25440
20590 61288
20591 60160
20592 63328
20593 58145
20594 19209
20595 58208
20596 17184
20597 57129
20598 49440
20599 33125
20600 56104
20601 27433
20602 19208
20603 60200
20604 9112
20605 17304
20606 21280
20607 25370
20608 49953
20609 64865
20610 52001
20611 58144
20612 55841
20613 49445
20614 51977
20615 54052
20616 27392
20617 26472
20618 2825
20619 49921
20620 856
20621 25370
20622 50976
20623 64289
20624 17192
20625 33125
20626 21281
20627 19785
20628 27520
20629 20233
20630 18960
20631 54817
20632 65312
20633 56680
20634 54048
20635 25384
20636 49960
20637 25384
20638 27488
20639 27424
20640 31249
20641 33125
20642 17185
20643 37221
20644 55081
20645 59169
20646 54056
20647 52001
20648 27456
20649 58144
20650 17193
20651 63265
20652 54817
20653 17176
20654 54048
20655 26401
20656 56096
20657 25345
20658 25441
20659 54049
20660 25377
20661 54049
20662 18208
20663 25360
20664 56617
20665 56681
20666 25376
20667 54833
20668 54048
20669 49944
20670 58208
20671 27488
20672 2840
20673 49961
20674 49952
20675 17185
20676 49508
20677 18761
20678 55073
20679 59169
20680 25473
20681 17185
20682 49921
20683 2392
20684 26409
20685 58112
20686 58208
20687 65377
20688 25480
20689 28449
20690 49509
20691 58144
20692 56097
20693 27280
20694 49976
20695 23881
20696 53600
20697 25498
20698 49960
20699 25377
20700 53540
20701 55081
20702 27425
20703 28177
20704 17192
20705 19200
20706 53605
20707 58149
20708 25512
20709 57129
20710 25368
20711 56096
20712 17185
20713 60193
20714 61792
20715 58144
20716 53541
20717 53601
20718 56681
20719 51976
20720 53793
20721 33061
20722 55841
20723 19224
20724 62432
20725 58144
20726 62312
20727 57121
20728 58209
20729 57129
20730 58113
20731 49953
20732 54048
20733 60192
20734 27425
20735 52008
20736 28449
20737 63336
20738 25448
20739 25376
20740 54048
20741 25576
20742 25368
20743 53813
20744 27392
20745 56097
20746 49952
20747 61217
20748 54048
20749 58144
20750 55144
20751 54048
20752 25440
20753 58144
20754 25480
20755 58152
20756 57185
20757 49953
20758 57696
20759 29480
20760 57129
20761 56617
20762 58145
20763 27400
20764 56681
20765 54048
20766 25376
20767 54057
20768 60192
20769 27392
20770 58112
20771 50016
20772 27392
20773 19224
20774 25376
20775 19208
20776 33125
20777 49952
20778 19208
20779 54048
20780 62113
20781 49952
20782 17169
20783 19224
20784 56673
20785 64033
20786 53285
20787 65376
20788 17152
20789 17193
20790 25344
20791 17185
20792 50016
20793 64033
20794 17184
20795 25498
20796 58213
20797 27401
20798 49509
20799 19248
20800 19785
20801 2328
20802 56888
20803 55841
20804 49445
20805 56681
20806 53605
20807 49952
20808 53604
20809 25345
20810 19240
20811 49920
20812 60264
20813 55856
20814 62249
20815 18209
20816 49953
20817 49509
20818 53605
20819 17153
20820 60192
20821 58336
20822 26401
20823 27457
20824 19240
20825 49957
20826 58209
20827 49504
20828 25344
20829 26413
20830 51969
20831 58240
20832 53284
20833 49953
20834 52000
20835 50976
20836 51985
20837 27408
20838 25345
20839 58144
20840 53601
20841 49960
20842 54049
20843 54053
20844 27488
20845 49504
20846 25480
20847 19297
20848 19224
20849 16677
20850 25376
20851 49697
20852 25377
20853 60193
20854 27488
20855 56097
20856 58208
20857 53605
20858 25496
20859 62241
20860 55072
20861 19224
20862 27425
20863 17192
20864 54056
20865 52000
20866 25384
20867 17192
20868 61792
20869 49952
20870 24097
20871 58144
20872 53605
20873 56617
20874 57120
20875 19201
20876 28193
20877 63336
20878 58145
20879 27424
20880 56681
20881 49953
20882 54048
20883 58216
20884 49509
20885 53541
20886 57113
20887 64865
20888 49952
20889 60256
20890 52001
20891 52000
20892 25345
20893 60201
20894 52001
20895 49952
20896 56681
20897 49952
20898 56097
20899 60193
20900 49960
20901 58264
20902 59176
20903 25376
20904 58213
20905 25448
20906 58145
20907 25448
20908 53605
20909 25360
20910 24065
20911 25376
20912 49953
20913 17193
20914 29592
20915 49929
20916 58216
20917 19233
20918 27400
20919 56681
20920 17256
20921 57193
20922 58145
20923 54056
20924 53777
20925 27489
20926 54048
20927 64865
20928 28449
20929 54048
20930 53604
20931 19256
20932 60200
20933 25376
20934 49960
20935 65385
20936 55144
20937 26408
20938 27425
20939 53605
20940 58112
20941 2840
20942 49952
20943 55832
20944 19240
20945 56681
20946 19209
20947 17176
20948 2377
20949 61797
20950 49952
20951 52001
20952 50976
20953 25496
20954 49946
20955 53793
20956 25472
20957 56681
20958 18945
20959 27280
20960 49953
20961 58113
20962 57185
20963 49441
20964 16676
20965 2328
20966 19233
20967 53613
20968 64033
20969 872
20970 17192
20971 19273
20972 49976
20973 52000
20974 17152
20975 54049
20976 62249
20977 63272
20978 27488
20979 49505
20980 25361
20981 52001
20982 58144
20983 19232
20984 17178
20985 55096
20986 53605
20987 27401
20988 19224
20989 2329
20990 53605
20991 28177
20992 51985
20993 26145
20994 54049
20995 19225
20996 49572
20997 16736
20998 49953
20999 49952
21000 31249
21001 27153
21002 792
21003 63841
21004 19352
21005 2329
21006 49920
21007 54056
21008 50984
21009 57128
21010 25376
21011 2328
21012 62304
21013 58144
21014 27392
21015 30504
21016 25512
21017 17152
21018 56104
21019 19233
21020 54016
21021 2328
21022 53541
21023 52008
21024 49952
21025 54049
21026 57697
21027 49444
21028 53777
21029 25368
21030 25352
21031 53605
21032 19224
21033 25576
21034 51976
21035 54065
21036 27393
21037 54048
21038 26409
21039 805
21040 55080
21041 25440
21042 2848
21043 25440
21044 11793
21045 29472
21046 56672
21047 50976
21048 58112
21049 25472
21050 6689
21051 11777
21052 57185
21053 56617
21054 63337
21055 19233
21056 27424
21057 58213
21058 27424
21059 17185
21060 58152
21061 60192
21062 58145
21063 54048
21064 56088
21065 55073
21066 58144
21067 52001
21068 63264
21069 61793
21070 55073
21071 55808
21072 19297
21073 49952
21074 33125
21075 56881
21076 23185
21077 25496
21078 57145
21079 33125
21080 19200
21081 52000
21082 33125
21083 19232
21084 49960
21085 15905
21086 60160
21087 23041
21088 25376
21089 31249
21090 25512
21091 25376
21092 17185
21093 27424
21094 58208
21095 11809
21096 49953
21097 56681
21098 19233
21099 54048
21100 19224
21101 49953
21102 26400
21103 33125
21104 2857
21105 60192
21106 51976
21107 64865
21108 49509
21109 65377
21110 57696
21111 27521
21112 58144
21113 801
21114 54049
21115 25377
21116 25504
21117 27432
21118 29592
21119 54057
21120 26409
21121 49960
21122 65313
21123 11793
21124 17184
21125 25344
21126 55072
21127 25448
21128 19200
21129 53600
21130 27424
21131 54024
21132 56681
21133 20256
21134 19240
21135 65376
21136 58144
21137 27392
21138 25360
21139 55080
21140 58144
21141 25504
21142 58144
21143 56681
21144 25345
21145 51977
21146 56681
21147 60192
21148 54056
21149 53813
21150 55080
21151 55072
21152 56881
21153 60193
21154 27392
21155 23337
21156 58208
21157 32289
21158 25440
21159 49953
21160 25377
21161 54040
21162 56681
21163 62241
21164 32257
21165 25416
21166 62112
21167 28193
21168 52001
21169 27424
21170 62241
21171 49445
21172 58152
21173 53541
21174 27401
21175 58144
21176 55825
21177 58144
21178 58272
21179 54072
21180 55081
21181 53605
21182 56681
21183 25496
21184 60201
21185 20225
21186 27392
21187 26145
21188 60160
21189 56681
21190 25496
21191 27424
21192 29472
21193 49508
21194 59177
21195 54112
21196 56097
21197 60200
21198 54061
21199 29592
21200 54072
21201 54112
21202 55072
21203 25444
21204 63272
21205 53601
21206 56681
21207 49952
21208 63329
21209 25345
21210 56881
21211 53025
21212 62240
21213 57828
21214 56681
21215 49957
21216 54049
21217 25377
21218 59177
21219 65377
21220 49953
21221 58144
21222 25384
21223 53604
21224 28512
21225 56681
21226 54629
21227 17184
21228 58144
21229 19224
21230 53032
21231 19241
21232 19200
21233 19224
21234 25376
21235 63264
21236 58216
21237 25345
21238 59176
21239 54833
21240 54056
21241 19241
21242 49952
21243 54052
21244 27424
21245 33125
21246 53812
21247 25498
21248 26536
21249 27137
21250 56681
21251 56881
21252 53605
21253 57129
21254 49957
21255 53285
21256 52008
21257 11793
21258 25385
21259 24065
21260 58145
21261 54833
21262 23057
21263 62232
21264 49509
21265 10021
21266 58213
21267 2857
21268 10021
21269 17184
21270 62248
21271 54048
21272 27432
21273 56096
21274 55073
21275 27153
21276 33125
21277 57697
21278 20257
21279 53777
21280 49952
21281 49952
21282 25384
21283 55072
21284 25376
21285 55080
21286 17184
21287 57701
21288 25544
21289 27496
21290 63265
21291 27280
21292 20257
21293 17184
21294 54041
21295 58144
21296 61216
21297 58216
21298 53605
21299 54048
21300 18945
21301 56681
21302 25440
21303 56681
21304 27400
21305 54057
21306 27281
21307 49509
21308 58113
21309 58145
21310 54048
21311 25504
21312 54049
21313 49921
21314 56096
21315 57700
21316 26401
21317 49961
21318 25440
21319 61217
21320 55081
21321 53600
21322 19232
21323 28456
21324 24065
21325 54048
21326 49920
21327 49953
21328 56681
21329 54049
21330 25345
21331 27137
21332 54057
21333 28457
21334 65384
21335 63265
21336 25416
21337 27432
21338 53541
21339 27392
21340 49953
21341 49960
21342 28456
21343 25377
21344 54049
21345 57696
21346 10017
21347 57128
21348 65385
21349 63400
21350 64865
21351 54048
21352 27424
21353 63336
21354 58113
21355 58208
21356 25352
21357 19240
21358 54053
21359 54048
21360 53545
21361 53604
21362 58144
21363 54048
21364 49509
21365 57121
21366 58149
21367 49444
21368 49952
21369 17152
21370 19201
21371 55072
21372 49969
21373 51745
21374 16740
21375 53605
21376 54056
21377 49445
21378 19201
21379 50976
21380 58145
21381 50976
21382 25384
21383 56633
21384 56888
21385 25576
21386 49952
21387 63265
21388 27424
21389 54057
21390 17185
21391 62248
21392 58144
21393 53285
21394 60160
21395 25376
21396 25344
21397 56097
21398 20233
21399 54112
21400 2328
21401 2328
21402 23057
21403 27280
21404 56681
21405 19224
21406 56681
21407 25480
21408 62240
21409 49944
21410 19256
21411 49944
21412 51000
21413 6689
21414 61792
21415 62252
21416 51000
21417 2393
21418 19224
21419 17160
21420 17189
21421 58208
21422 58216
21423 60161
21424 17184
21425 27416
21426 864
21427 26157
21428 53605
21429 26400
21430 54040
21431 49952
21432 27552
21433 63273
21434 26145
21435 19232
21436 49960
21437 2392
21438 25368
21439 19200
21440 59168
21441 19224
21442 49952
21443 17306
21444 54064
21445 2329
21446 49509
21447 23057
21448 17178
21449 17176
21450 60169
21451 60193
21452 2392
21453 2328
21454 49952
21455 49445
21456 58144
21457 25344
21458 2329
21459 58152
21460 54025
21461 49953
21462 2329
21463 62248
21464 57701
21465 54837
21466 28457
21467 293
21468 16676
21469 58145
21470 27392
21471 56888
21472 25377
21473 63328
21474 25449
21475 53609
21476 63265
21477 2329
21478 49928
21479 54049
21480 23041
21481 58144
21482 63273
21483 52000
21484 63336
21485 19208
21486 17193
21487 62240
21488 49960
21489 25377
21490 19328
21491 53605
21492 26408
21493 17184
21494 56616
21495 53025
21496 62305
21497 60193
21498 60201
21499 49504
21500 17184
21501 61796
21502 57129
21503 63272
21504 59232
21505 27616
21506 20233
21507 58144
21508 60193
21509 17176
21510 54048
21511 53605
21512 25504
21513 27424
21514 54048
21515 17256
21516 52000
21517 27425
21518 58208
21519 50984
21520 49952
21521 27433
21522 54833
21523 58144
21524 61280
21525 56881
21526 62240
21527 2328
21528 10081
21529 56105
21530 17193
21531 23185
21532 54049
21533 56673
21534 19224
21535 17178
21536 52008
21537 25512
21538 19233
21539 55081
21540 17169
21541 9176
21542 65121
21543 49952
21544 25377
21545 63273
21546 52000
21547 49920
21548 53793
21549 58213
21550 49960
21551 54053
21552 49960
21553 27400
21554 54049
21555 19224
21556 60160
21557 15905
21558 25376
21559 28449
21560 60161
21561 49952
21562 25376
21563 57128
21564 27393
21565 19241
21566 58145
21567 17153
21568 58280
21569 52001
21570 58145
21571 56865
21572 57700
21573 17256
21574 49960
21575 53792
21576 19233
21577 19233
21578 54048
21579 54049
21580 53536
21581 60320
21582 56097
21583 59169
21584 56681
21585 58144
21586 52000
21587 17160
21588 17192
21589 25448
21590 54837
21591 26409
21592 27424
21593 27265
21594 19232
21595 61288
21596 56096
21597 56681
21598 2376
21599 27393
21600 58208
21601 18977
21602 56681
21603 56096
21604 58336
21605 49952
21606 63264
21607 55809
21608 61797
21609 61797
21610 62248
21611 20257
21612 62241
21613 51968
21614 25384
21615 25445
21616 57185
21617 49509
21618 25384
21619 25496
21620 58340
21621 19233
21622 19240
21623 23057
21624 56681
21625 25344
21626 27400
21627 55072
21628 61216
21629 25504
21630 55073
21631 29480
21632 27425
21633 19200
21634 49960
21635 10017
21636 25369
21637 60320
21638 49944
21639 52001
21640 62248
21641 58208
21642 27544
21643 60257
21644 60161
21645 49928
21646 19200
21647 25385
21648 25544
21649 54056
21650 55073
21651 49953
21652 25480
21653 58145
21654 25376
21655 51969
21656 27393
21657 62240
21658 55081
21659 27392
21660 49961
21661 57121
21662 25440
21663 49445
21664 27393
21665 17184
21666 65376
21667 39713
21668 58240
21669 54049
21670 58145
21671 53605
21672 58336
21673 58152
21674 54049
21675 28448
21676 53809
21677 11813
21678 56888
21679 49957
21680 23057
21681 49953
21682 19232
21683 56097
21684 63272
21685 18713
21686 25370
21687 54832
21688 25512
21689 49961
21690 61216
21691 27393
21692 49509
21693 26145
21694 19217
21695 29608
21696 19297
21697 53605
21698 25344
21699 56097
21700 58272
21701 19232
21702 17184
21703 27425
21704 49953
21705 27425
21706 54048
21707 17153
21708 64288
21709 28177
21710 59168
21711 58152
21712 25504
21713 59169
21714 63272
21715 17185
21716 17152
21717 27424
21718 54049
21719 25440
21720 54056
21721 19232
21722 58144
21723 49957
21724 54112
21725 60168
21726 53541
21727 52001
21728 17169
21729 16736
21730 17192
21731 53605
21732 25344
21733 58120
21734 53605
21735 58144
21736 65385
21737 19232
21738 17248
21739 19241
21740 27425
21741 59177
21742 56088
21743 58144
21744 52008
21745 25360
21746 25544
21747 55081
21748 61797
21749 65376
21750 51745
21751 25345
21752 58149
21753 61797
21754 56681
21755 17184
21756 61793
21757 19209
21758 49936
21759 27392
21760 62248
21761 53541
21762 25377
21763 49508
21764 49953
21765 58144
21766 53609
21767 49921
21768 54049
21769 25376
21770 50017
21771 64001
21772 57129
21773 27432
21774 19241
21775 63328
21776 19233
21777 52001
21778 25384
21779 27424
21780 58145
21781 56681
21782 27425
21783 51984
21784 51993
21785 26401
21786 57128
21787 60161
21788 25376
21789 27456
21790 50016
21791 58216
21792 25344
21793 63264
21794 25441
21795 49961
21796 58145
21797 56617
21798 27424
21799 55073
21800 49953
21801 25344
21802 62112
21803 25377
21804 25376
21805 25472
21806 25384
21807 49952
21808 49952
21809 25344
21810 19208
21811 58208
21812 56673
21813 25448
21814 62240
21815 17152
21816 17184
21817 58208
21818 56681
21819 58144
21820 19233
21821 58280
21822 62240
21823 19201
21824 57193
21825 50072
21826 2328
21827 19224
21828 58168
21829 53176
21830 25480
21831 49928
21832 17208
21833 56680
21834 54817
21835 63585
21836 18977
21837 54837
21838 56865
21839 63272
21840 56097
21841 54072
21842 17178
21843 50072
21844 25448
21845 64289
21846 56681
21847 25370
21848 26401
21849 56681
21850 55073
21851 62264
21852 54040
21853 794
21854 57129
21855 49969
21856 25345
21857 62248
21858 2849
21859 54064
21860 54040
21861 56673
21862 28520
21863 17184
21864 56881
21865 2970
21866 61793
21867 12065
21868 54840
21869 25448
21870 17176
21871 17304
21872 54053
21873 25368
21874 49952
21875 56681
21876 49953
21877 8984
21878 23057
21879 17178
21880 65057
21881 25368
21882 25370
21883 52000
21884 58145
21885 27425
21886 2840
21887 54061
21888 49441
21889 2840
21890 55073
21891 24329
21892 19232
21893 28177
21894 53797
21895 49952
21896 27425
21897 54817
21898 57828
21899 54016
21900 54032
21901 56881
21902 19232
21903 54049
21904 25344
21905 19297
21906 25416
21907 54049
21908 61216
21909 62392
21910 55073
21911 53604
21912 19209
21913 49445
21914 65321
21915 24097
21916 51745
21917 61797
21918 17189
21919 58145
21920 25448
21921 2409
21922 16740
21923 58121
21924 54056
21925 49953
21926 58144
21927 55073
21928 52000
21929 27536
21930 27528
21931 25504
21932 57192
21933 25376
21934 19200
21935 19208
21936 54049
21937 49504
21938 49957
21939 56681
21940 28457
21941 55072
21942 54565
21943 19232
21944 52000
21945 61797
21946 49961
21947 49445
21948 64289
21949 16741
21950 19233
21951 49953
21952 25445
21953 49921
21954 62208
21955 49952
21956 54049
21957 58145
21958 53537
21959 50017
21960 62249
21961 54049
21962 50977
21963 64257
21964 49920
21965 58144
21966 27393
21967 16677
21968 49976
21969 58145
21970 58336
21971 54048
21972 27296
21973 10088
21974 50017
21975 63469
21976 25498
21977 25505
21978 19209
21979 54837
21980 55841
21981 11813
21982 27425
21983 11809
21984 2328
21985 56889
21986 25496
21987 27153
21988 25449
21989 49952
21990 55073
21991 63265
21992 55096
21993 26153
21994 57696
21995 25376
21996 19217
21997 27520
21998 54048
21999 19224
22000 54073
22001 52008
22002 58145
22003 17189
22004 9064
22005 61797
22006 60168
22007 11793
22008 56681
22009 17152
22010 16677
22011 56681
22012 49960
22013 55072
22014 55081
22015 27424
22016 2329
22017 53541
22018 49976
22019 37217
22020 16736
22021 11793
22022 25384
22023 27400
22024 25496
22025 17185
22026 52016
22027 25377
22028 49953
22029 65313
22030 2328
22031 27392
22032 2328
22033 25376
22034 11813
22035 55080
22036 56681
22037 27392
22038 50984
22039 17152
22040 2328
22041 27488
22042 49505
22043 54048
22044 27265
22045 23185
22046 58144
22047 54049
22048 28448
22049 27552
22050 49509
22051 65385
22052 53605
22053 64032
22054 49953
22055 9000
22056 62248
22057 29472
22058 28456
22059 53601
22060 65385
22061 25377
22062 49953
22063 54625
22064 27424
22065 52001
22066 58145
22067 54056
22068 62248
22069 49921
22070 49952
22071 54048
22072 49504
22073 58272
22074 53025
22075 25376
22076 53605
22077 58296
22078 49953
22079 57129
22080 18272
22081 58340
22082 25448
22083 49952
22084 52001
22085 17185
22086 53604
22087 54048
22088 58145
22089 53605
22090 60161
22091 58217
22092 54048
22093 58145
22094 17192
22095 58272
22096 62432
22097 19233
22098 17185
22099 54049
22100 17189
22101 25376
22102 55072
22103 61792
22104 58144
22105 25512
22106 51968
22107 25504
22108 19240
22109 56617
22110 19328
22111 27265
22112 17184
22113 57185
22114 17248
22115 25345
22116 16736
22117 60193
22118 18217
22119 24928
22120 54056
22121 27432
22122 25384
22123 25360
22124 49504
22125 856
22126 53793
22127 19088
22128 19240
22129 17176
22130 25512
22131 54833
22132 23185
22133 63328
22134 18961
22135 53605
22136 53604
22137 23057
22138 11813
22139 27496
22140 2328
22141 55073
22142 49960
22143 25496
22144 32273
22145 54328
22146 19240
22147 27425
22148 11793
22149 61797
22150 28449
22151 53605
22152 27281
22153 27520
22154 54837
22155 61985
22156 52000
22157 54048
22158 53605
22159 55808
22160 19233
22161 25344
22162 49920
22163 52000
22164 58145
22165 49920
22166 53601
22167 55136
22168 58144
22169 49953
22170 53541
22171 54056
22172 28161
22173 58144
22174 54049
22175 25512
22176 58144
22177 19201
22178 53604
22179 27424
22180 55081
22181 25376
22182 57193
22183 57145
22184 54069
22185 53793
22186 49953
22187 11813
22188 25496
22189 19241
22190 63265
22191 25377
22192 2329
22193 60160
22194 49968
22195 58145
22196 27520
22197 25377
22198 27520
22199 25496
22200 19232
22201 63328
22202 49952
22203 27425
22204 55073
22205 58144
22206 53605
22207 60200
22208 58208
22209 19232
22210 56073
22211 25480
22212 25384
22213 25400
22214 25496
22215 54112
22216 56681
22217 52009
22218 55136
22219 27433
22220 25352
22221 19232
22222 17192
22223 52000
22224 62112
22225 57696
22226 25384
22227 17184
22228 54048
22229 58144
22230 25441
22231 60264
22232 58272
22233 25472
22234 25400
22235 17192
22236 58296
22237 54048
22238 54057
22239 49445
22240 25384
22241 57193
22242 25344
22243 60193
22244 17184
22245 57701
22246 49953
22247 25512
22248 54056
22249 53605
22250 25384
22251 62248
22252 27424
22253 53024
22254 54049
22255 55073
22256 27528
22257 52000
22258 55072
22259 17184
22260 49952
22261 53604
22262 51041
22263 17248
22264 52001
22265 25384
22266 56088
22267 27393
22268 56096
22269 27425
22270 56681
22271 25488
22272 52001
22273 17184
22274 25376
22275 28448
22276 61797
22277 19232
22278 56881
22279 51976
22280 49508
22281 54057
22282 17152
22283 56097
22284 61796
22285 49509
22286 19224
22287 65384
22288 19224
22289 18761
22290 20257
22291 16741
22292 62248
22293 27552
22294 60193
22295 56673
22296 26393
22297 54633
22298 51000
22299 18760
22300 64001
22301 25498
22302 50977
22303 54057
22304 64033
22305 55073
22306 49953
22307 26400
22308 2840
22309 37665
22310 50016
22311 50976
22312 17184
22313 56681
22314 25370
22315 64353
22316 57185
22317 26401
22318 26409
22319 62252
22320 55649
22321 19224
22322 25370
22323 62232
22324 62249
22325 26405
22326 25377
22327 58208
22328 25370
22329 25449
22330 18760
22331 58145
22332 25368
22333 56089
22334 49944
22335 61217
22336 2840
22337 64001
22338 53605
22339 19224
22340 794
22341 57701
22342 31249
22343 49953
22344 19224
22345 60256
22346 794
22347 31233
22348 27416
22349 19226
22350 51984
22351 17185
22352 27393
22353 2328
22354 19208
22355 27544
22356 25377
22357 58145
22358 49968
22359 55841
22360 52000
22361 58152
22362 58136
22363 58153
22364 18713
22365 49508
22366 54049
22367 19304
22368 60200
22369 25369
22370 49953
22371 19209
22372 19201
22373 54016
22374 58217
22375 25512
22376 19328
22377 58144
22378 25345
22379 54064
22380 54053
22381 60193
22382 53793
22383 19233
22384 16677
22385 23041
22386 17168
22387 25440
22388 49952
22389 17185
22390 56609
22391 58144
22392 56089
22393 49953
22394 57128
22395 64288
22396 25344
22397 17304
22398 27432
22399 17200
22400 54048
22401 25384
22402 50016
22403 26465
22404 57128
22405 58272
22406 49952
22407 56681
22408 57697
22409 61797
22410 54112
22411 56673
22412 51000
22413 53809
22414 54048
22415 63336
22416 17184
22417 49444
22418 25384
22419 54049
22420 53032
22421 25352
22422 49445
22423 49440
22424 25448
22425 65385
22426 50977
22427 27425
22428 17189
22429 27520
22430 27552
22431 54049
22432 52008
22433 56096
22434 25376
22435 49976
22436 56681
22437 56673
22438 25376
22439 58152
22440 57697
22441 49441
22442 49952
22443 27424
22444 49445
22445 53536
22446 56881
22447 58145
22448 56889
22449 49445
22450 60160
22451 11809
22452 25384
22453 19232
22454 63265
22455 17192
22456 63265
22457 19200
22458 19241
22459 55096
22460 17160
22461 58144
22462 51000
22463 19241
22464 28177
22465 53604
22466 792
22467 19233
22468 54048
22469 2840
22470 19785
22471 62248
22472 56073
22473 56096
22474 25377
22475 55073
22476 62240
22477 27280
22478 25496
22479 64353
22480 25376
22481 9128
22482 27392
22483 53540
22484 54048
22485 55856
22486 55073
22487 37665
22488 10017
22489 59169
22490 21281
22491 25345
22492 49445
22493 58144
22494 19233
22495 58144
22496 57697
22497 59169
22498 62112
22499 51969
22500 49960
22501 25504
22502 19233
22503 56681
22504 58145
22505 49952
22506 58144
22507 50977
22508 25496
22509 52000
22510 49960
22511 25384
22512 53605
22513 58112
22514 58144
22515 58145
22516 56681
22517 62304
22518 49921
22519 19233
22520 58145
22521 52001
22522 55073
22523 56681
22524 24065
22525 54048
22526 18961
22527 58336
22528 49504
22529 49509
22530 55073
22531 54049
22532 61797
22533 59169
22534 27393
22535 27560
22536 18272
22537 28177
22538 51976
22539 25576
22540 58112
22541 52001
22542 28448
22543 18208
22544 25580
22545 53600
22546 59169
22547 27432
22548 28161
22549 10017
22550 56617
22551 62304
22552 50976
22553 25440
22554 49952
22555 25376
22556 25345
22557 49952
22558 27425
22559 25376
22560 54048
22561 27520
22562 54072
22563 60193
22564 57828
22565 50017
22566 54049
22567 50977
22568 59168
22569 27489
22570 60256
22571 25345
22572 53809
22573 49504
22574 25376
22575 59240
22576 17192
22577 27520
22578 27425
22579 54057
22580 52000
22581 62252
22582 19200
22583 19233
22584 54048
22585 54057
22586 49960
22587 26465
22588 58144
22589 25376
22590 25496
22591 27393
22592 17185
22593 54048
22594 64865
22595 65312
22596 65384
22597 63265
22598 50984
22599 33125
22600 49440
22601 53541
22602 19216
22603 64097
22604 64001
22605 58144
22606 2329
22607 25496
22608 18217
22609 49945
22610 56104
22611 49953
22612 27432
22613 25345
22614 62240
22615 25440
22616 53809
22617 19216
22618 27152
22619 53605
22620 17176
22621 55072
22622 59168
22623 57129
22624 54056
22625 25381
22626 27425
22627 52000
22628 63405
22629 25376
22630 56096
22631 63336
22632 56681
22633 57696
22634 25376
22635 365
22636 19233
22637 63329
22638 63264
22639 49921
22640 55073
22641 64288
22642 25440
22643 58216
22644 58212
22645 54025
22646 58144
22647 53601
22648 25384
22649 16740
22650 19225
22651 56633
22652 49445
22653 56681
22654 27425
22655 56105
22656 19208
22657 54057
22658 49952
22659 64353
22660 17208
22661 54057
22662 54049
22663 58112
22664 54625
22665 49953
22666 62368
22667 17200
22668 25377
22669 60193
22670 56681
22671 28177
22672 55080
22673 23041
22674 55081
22675 17176
22676 25448
22677 58144
22678 27393
22679 54112
22680 16676
22681 26408
22682 25360
22683 10080
22684 12065
22685 27392
22686 49960
22687 49508
22688 20836
22689 801
22690 61797
22691 19233
22692 888
22693 63336
22694 55073
22695 17152
22696 63328
22697 58144
22698 25480
22699 52008
22700 26153
22701 58144
22702 52001
22703 58153
22704 56088
22705 53605
22706 58144
22707 58240
22708 25448
22709 25440
22710 54048
22711 59233
22712 49952
22713 58336
22714 57121
22715 59176
22716 49504
22717 58145
22718 49944
22719 25376
22720 19297
22721 49445
22722 25576
22723 54072
22724 63336
22725 25512
22726 62240
22727 25512
22728 17184
22729 17168
22730 27425
22731 49953
22732 27425
22733 49440
22734 52001
22735 25480
22736 27392
22737 17152
22738 17193
22739 49953
22740 60193
22741 54048
22742 58153
22743 49504
22744 55073
22745 60193
22746 62248
22747 63336
22748 19224
22749 19224
22750 7497
22751 18776
22752 33125
22753 53176
22754 37688
22755 2392
22756 2392
22757 18945
22758 54112
22759 52120
22760 64865
22761 25370
22762 25498
22763 19224
22764 65385
22765 19224
22766 25368
22767 62432
22768 18209
22769 65121
22770 18961
22771 26409
22772 60160
22773 27416
22774 27416
22775 26409
22776 60193
22777 25370
22778 17161
22779 25368
22780 2328
22781 49960
22782 19225
22783 56673
22784 19224
22785 16741
22786 28177
22787 17177
22788 19352
22789 9048
22790 52000
22791 25498
22792 54056
22793 32257
22794 17306
22795 2848
22796 19208
22797 53541
22798 27392
22799 58216
22800 49952
22801 58145
22802 27153
22803 57121
22804 62368
22805 19272
22806 54816
22807 57696
22808 19233
22809 65121
22810 62304
22811 54049
22812 54072
22813 19209
22814 52001
22815 25512
22816 25345
22817 55072
22818 52009
22819 60201
22820 49944
22821 49944
22822 53605
22823 2825
22824 3401
22825 57129
22826 65025
22827 58144
22828 17185
22829 60192
22830 2409
22831 27393
22832 27552
22833 55144
22834 25408
22835 49952
22836 8997
22837 17312
22838 49508
22839 53605
22840 54049
22841 50017
22842 54056
22843 17184
22844 56681
22845 65384
22846 27265
22847 49953
22848 53537
22849 56680
22850 57696
22851 37221
22852 51745
22853 56681
22854 57700
22855 55072
22856 28449
22857 58144
22858 53600
22859 57128
22860 61217
22861 27424
22862 58208
22863 58152
22864 49952
22865 53608
22866 58145
22867 57696
22868 49952
22869 17192
22870 25472
22871 19225
22872 54052
22873 55841
22874 56096
22875 25376
22876 63264
22877 58336
22878 28449
22879 53025
22880 49952
22881 49960
22882 53537
22883 55072
22884 62240
22885 19200
22886 60200
22887 52008
22888 65385
22889 64097
22890 56881
22891 54065
22892 54837
22893 33125
22894 56881
22895 2857
22896 63265
22897 56681
22898 18761
22899 49953
22900 856
22901 2840
22902 25385
22903 53604
22904 27520
22905 49961
22906 33125
22907 51969
22908 25376
22909 63392
22910 25344
22911 33125
22912 25370
22913 53600
22914 19201
22915 10017
22916 53032
22917 56105
22918 53033
22919 27393
22920 25376
22921 55081
22922 25376
22923 50976
22924 27488
22925 25512
22926 26401
22927 50976
22928 56088
22929 61280
22930 55081
22931 52000
22932 27425
22933 57129
22934 52008
22935 25472
22936 58120
22937 64289
22938 19201
22939 19336
22940 27408
22941 25376
22942 57129
22943 62113
22944 28193
22945 53605
22946 17193
22947 19226
22948 54057
22949 62304
22950 49957
22951 63265
22952 62241
22953 60200
22954 57128
22955 20264
22956 49509
22957 19233
22958 58208
22959 56681
22960 51968
22961 49505
22962 28161
22963 25376
22964 25498
22965 55096
22966 60320
22967 52001
22968 52000
22969 26408
22970 49952
22971 58145
22972 49952
22973 25472
22974 62241
22975 25344
22976 58340
22977 59168
22978 53809
22979 49953
22980 58216
22981 27392
22982 49960
22983 56089
22984 49921
22985 53605
22986 58208
22987 15905
22988 17208
22989 54049
22990 62240
22991 49952
22992 58145
22993 49952
22994 56681
22995 49953
22996 19201
22997 19209
22998 57121
22999 61796
23000 19240
23001 54064
23002 62241
23003 25345
23004 63272
23005 54048
23006 49928
23007 27496
23008 54048
23009 65384
23010 55080
23011 28425
23012 57696
23013 54056
23014 49961
23015 57129
23016 55072
23017 49509
23018 16736
23019 25344
23020 53605
23021 57121
23022 25232
23023 17312
23024 17184
23025 25376
23026 54049
23027 54048
23028 49953
23029 56681
23030 55080
23031 49953
23032 49952
23033 17185
23034 27520
23035 28457
23036 54049
23037 53537
23038 26401
23039 54053
23040 53541
23041 19233
23042 53605
23043 57128
23044 60256
23045 19208
23046 25376
23047 56681
23048 56881
23049 4448
23050 52009
23051 56881
23052 53541
23053 56881
23054 56881
23055 53777
23056 27425
23057 49952
23058 49921
23059 51969
23060 49332
23061 2840
23062 49960
23063 19208
23064 58145
23065 17184
23066 25448
23067 16736
23068 25480
23069 20257
23070 60193
23071 49445
23072 62240
23073 49504
23074 2848
23075 58152
23076 57121
23077 56097
23078 25384
23079 49953
23080 54025
23081 54056
23082 56096
23083 58121
23084 49953
23085 58336
23086 25496
23087 60256
23088 17184
23089 49921
23090 56681
23091 53024
23092 54056
23093 53605
23094 53605
23095 56681
23096 26465
23097 25496
23098 17185
23099 54056
23100 64288
23101 56073
23102 19201
23103 17160
23104 59169
23105 49960
23106 56096
23107 19208
23108 56616
23109 26401
23110 60160
23111 17306
23112 52001
23113 49952
23114 55077
23115 25376
23116 56105
23117 27464
23118 18216
23119 60193
23120 25472
23121 19304
23122 49505
23123 63328
23124 56681
23125 56681
23126 27489
23127 25344
23128 53537
23129 27137
23130 59169
23131 16741
23132 54048
23133 19297
23134 54048
23135 16741
23136 56072
23137 56881
23138 54833
23139 29473
23140 49960
23141 58144
23142 49440
23143 17192
23144 19233
23145 25344
23146 27496
23147 20257
23148 53605
23149 19233
23150 53600
23151 54049
23152 20264
23153 56681
23154 25376
23155 53600
23156 49961
23157 55080
23158 19240
23159 56681
23160 17185
23161 26465
23162 49952
23163 53025
23164 17248
23165 57193
23166 60160
23167 25498
23168 25576
23169 27280
23170 58272
23171 58145
23172 25352
23173 19200
23174 57129
23175 52008
23176 54049
23177 25376
23178 54049
23179 49968
23180 54064
23181 54048
23182 61792
23183 28193
23184 27424
23185 17168
23186 2849
23187 60192
23188 20257
23189 63288
23190 25377
23191 54065
23192 56681
23193 19225
23194 56105
23195 59240
23196 54064
23197 53809
23198 54049
23199 54061
23200 54064
23201 17185
23202 19208
23203 59177
23204 55072
23205 49969
23206 25345
23207 54056
23208 54048
23209 62240
23210 52000
23211 49936
23212 25232
23213 53025
23214 56681
23215 2377
23216 2329
23217 59233
23218 27400
23219 50976
23220 20225
23221 19224
23222 50977
23223 54072
23224 18961
23225 26405
23226 57193
23227 19240
23228 58144
23229 25498
23230 58144
23231 62240
23232 27137
23233 25376
23234 25496
23235 63272
23236 64865
23237 25441
23238 26401
23239 28161
23240 10025
23241 52008
23242 54840
23243 17178
23244 26401
23245 18761
23246 53033
23247 19209
23248 19224
23249 29472
23250 53792
23251 49944
23252 19352
23253 60192
23254 19224
23255 18961
23256 19304
23257 25434
23258 25370
23259 25377
23260 19209
23261 25370
23262 20233
23263 8993
23264 26401
23265 19224
23266 19240
23267 56072
23268 25385
23269 25370
23270 28449
23271 6473
23272 49944
23273 60257
23274 805
23275 53604
23276 19225
23277 17192
23278 60192
23279 58144
23280 55080
23281 25440
23282 19288
23283 57889
23284 25368
23285 49952
23286 19200
23287 49944
23288 49968
23289 58144
23290 54048
23291 25504
23292 60192
23293 19240
23294 54048
23295 56097
23296 20233
23297 2328
23298 58208
23299 49952
23300 25504
23301 25376
23302 52001
23303 17185
23304 61792
23305 57192
23306 56609
23307 19233
23308 55081
23309 49953
23310 52009
23311 27544
23312 54049
23313 62240
23314 56681
23315 65377
23316 49952
23317 55073
23318 27424
23319 49953
23320 57121
23321 60193
23322 54056
23323 54032
23324 63336
23325 19232
23326 27400
23327 49953
23328 54049
23329 62241
23330 19233
23331 54048
23332 58336
23333 19233
23334 54624
23335 52009
23336 27433
23337 62240
23338 17192
23339 63272
23340 9000
23341 49920
23342 55081
23343 61185
23344 57097
23345 17306
23346 61797
23347 50976
23348 17184
23349 55136
23350 53605
23351 54053
23352 53536
23353 25381
23354 56681
23355 17208
23356 28457
23357 49953
23358 57129
23359 56072
23360 58144
23361 54049
23362 52000
23363 54048
23364 16676
23365 54049
23366 7521
23367 27392
23368 23185
23369 55857
23370 53605
23371 17185
23372 53605
23373 56681
23374 53809
23375 19224
23376 53605
23377 11793
23378 56681
23379 49961
23380 19200
23381 17248
23382 18712
23383 27496
23384 51968
23385 27424
23386 59169
23387 54041
23388 58145
23389 57121
23390 31249
23391 10017
23392 58144
23393 55080
23394 25352
23395 58168
23396 58149
23397 19088
23398 59169
23399 17184
23400 25377
23401 49960
23402 63273
23403 61225
23404 59169
23405 27496
23406 25512
23407 58144
23408 58112
23409 25488
23410 25376
23411 58208
23412 19200
23413 54056
23414 54057
23415 27496
23416 26145
23417 53605
23418 62392
23419 52008
23420 60169
23421 16736
23422 25376
23423 58145
23424 25512
23425 53541
23426 23881
23427 17176
23428 27137
23429 26409
23430 18960
23431 19288
23432 60257
23433 58152
23434 30504
23435 55072
23436 58112
23437 5472
23438 27416
23439 62304
23440 58272
23441 58272
23442 57121
23443 49952
23444 25376
23445 56681
23446 49921
23447 49952
23448 49508
23449 57144
23450 63272
23451 57129
23452 27400
23453 54056
23454 51968
23455 64873
23456 49509
23457 49920
23458 17192
23459 62241
23460 53605
23461 56865
23462 50017
23463 59168
23464 55841
23465 53605
23466 62248
23467 58145
23468 25345
23469 54048
23470 63265
23471 58144
23472 52000
23473 56097
23474 19200
23475 57828
23476 25441
23477 49953
23478 17184
23479 27392
23480 49512
23481 25576
23482 56881
23483 55081
23484 16676
23485 27433
23486 62249
23487 58208
23488 59177
23489 27432
23490 58212
23491 49953
23492 57128
23493 19201
23494 54056
23495 58144
23496 63264
23497 49953
23498 17169
23499 31233
23500 49953
23501 19208
23502 27424
23503 62305
23504 57701
23505 49960
23506 54053
23507 25376
23508 63264
23509 56681
23510 25376
23511 58152
23512 57121
23513 25504
23514 19200
23515 25440
23516 27528
23517 27616
23518 58144
23519 61797
23520 27393
23521 25345
23522 52001
23523 19200
23524 56681
23525 25376
23526 49957
23527 19232
23528 62125
23529 54049
23530 53605
23531 53605
23532 56673
23533 25370
23534 25376
23535 11813
23536 57128
23537 56105
23538 25473
23539 57128
23540 17176
23541 27400
23542 25512
23543 54833
23544 53541
23545 25384
23546 54048
23547 54112
23548 32289
23549 2968
23550 10017
23551 28417
23552 27560
23553 58144
23554 60256
23555 25377
23556 49509
23557 27544
23558 19233
23559 49937
23560 26400
23561 55073
23562 59168
23563 19297
23564 56096
23565 61217
23566 17306
23567 59168
23568 56681
23569 63329
23570 25384
23571 52001
23572 54056
23573 17185
23574 50984
23575 55077
23576 49968
23577 60192
23578 55857
23579 63264
23580 60160
23581 54056
23582 11793
23583 49952
23584 17176
23585 55080
23586 49952
23587 56617
23588 55080
23589 25368
23590 31233
23591 55073
23592 26401
23593 49508
23594 23336
23595 58145
23596 53777
23597 58145
23598 26393
23599 62241
23600 28512
23601 62392
23602 55073
23603 52001
23604 25440
23605 53605
23606 25504
23607 54048
23608 56681
23609 56105
23610 49445
23611 54048
23612 65377
23613 49952
23614 60193
23615 25352
23616 50017
23617 49952
23618 63264
23619 49953
23620 26145
23621 49509
23622 58144
23623 27392
23624 49953
23625 59240
23626 53285
23627 49504
23628 17185
23629 62248
23630 58144
23631 30504
23632 19232
23633 27425
23634 17192
23635 62241
23636 62248
23637 27424
23638 19241
23639 62240
23640 54032
23641 55072
23642 25381
23643 52000
23644 25352
23645 52001
23646 56673
23647 55096
23648 2329
23649 53600
23650 25448
23651 49960
23652 56681
23653 25345
23654 60161
23655 25376
23656 27536
23657 51976
23658 19233
23659 49509
23660 26465
23661 65313
23662 25345
23663 25377
23664 27425
23665 25377
23666 17192
23667 31233
23668 25440
23669 49961
23670 58144
23671 52008
23672 25376
23673 49440
23674 49505
23675 54120
23676 58112
23677 19200
23678 58144
23679 17184
23680 56681
23681 58144
23682 26400
23683 33125
23684 53601
23685 53608
23686 58144
23687 60161
23688 56617
23689 57184
23690 25444
23691 63273
23692 27465
23693 49944
23694 2329
23695 56065
23696 2825
23697 2329
23698 19208
23699 56616
23700 19240
23701 17178
23702 11793
23703 51000
23704 19209
23705 5984
23706 17176
23707 56681
23708 805
23709 25368
23710 55077
23711 49509
23712 56681
23713 49976
23714 18761
23715 19209
23716 53797
23717 25440
23718 64352
23719 19224
23720 63328
23721 8985
23722 18697
23723 27393
23724 26393
23725 60160
23726 8984
23727 18945
23728 2313
23729 20233
23730 18776
23731 19224
23732 54064
23733 2393
23734 17176
23735 11809
23736 62240
23737 58120
23738 17185
23739 49953
23740 28193
23741 27464
23742 49944
23743 58112
23744 19209
23745 17189
23746 49953
23747 55080
23748 25345
23749 52000
23750 20257
23751 58152
23752 2409
23753 25344
23754 2328
23755 51968
23756 25448
23757 27433
23758 53604
23759 25360
23760 56888
23761 25370
23762 58144
23763 63272
23764 63288
23765 27392
23766 27392
23767 58120
23768 53541
23769 53605
23770 17192
23771 17316
23772 26145
23773 19224
23774 55856
23775 59169
23776 62241
23777 53605
23778 19224
23779 19224
23780 17192
23781 25376
23782 27560
23783 25376
23784 25480
23785 56681
23786 25512
23787 54016
23788 63336
23789 19201
23790 1381
23791 18960
23792 27392
23793 62240
23794 56681
23795 51993
23796 61281
23797 55072
23798 19232
23799 37665
23800 65385
23801 54057
23802 25384
23803 25377
23804 50024
23805 56104
23806 57192
23807 17168
23808 54056
23809 19233
23810 49445
23811 54056
23812 25352
23813 27464
23814 57121
23815 25345
23816 60320
23817 56681
23818 53025
23819 27425
23820 56681
23821 57193
23822 37157
23823 25376
23824 19232
23825 49953
23826 56681
23827 57184
23828 56609
23829 50977
23830 2328
23831 54056
23832 56673
23833 51041
23834 25376
23835 59169
23836 62240
23837 49960
23838 16677
23839 62113
23840 55081
23841 54048
23842 63328
23843 17189
23844 56681
23845 58152
23846 63328
23847 26465
23848 49508
23849 58208
23850 25449
23851 54049
23852 56097
23853 39713
23854 54064
23855 49952
23856 58272
23857 17193
23858 56881
23859 25488
23860 57696
23861 49960
23862 49953
23863 18945
23864 33125
23865 25232
23866 56881
23867 2377
23868 62121
23869 53600
23870 55825
23871 10157
23872 27425
23873 14184
23874 55080
23875 49441
23876 11793
23877 56104
23878 27424
23879 27424
23880 55073
23881 19208
23882 26465
23883 58120
23884 54048
23885 17184
23886 25440
23887 25498
23888 27424
23889 27393
23890 55840
23891 49509
23892 19209
23893 58152
23894 45977
23895 54040
23896 62312
23897 50977
23898 52001
23899 19224
23900 19240
23901 19208
23902 49953
23903 54049
23904 49968
23905 25400
23906 25376
23907 52008
23908 62240
23909 62248
23910 53024
23911 19217
23912 56088
23913 17169
23914 56096
23915 52001
23916 49952
23917 53033
23918 19201
23919 25368
23920 56097
23921 62252
23922 56672
23923 52000
23924 54057
23925 56681
23926 57120
23927 56881
23928 58144
23929 24928
23930 10157
23931 54024
23932 25377
23933 54048
23934 54048
23935 33125
23936 58152
23937 20257
23938 56681
23939 56096
23940 56681
23941 49445
23942 30504
23943 58216
23944 50985
23945 49960
23946 54048
23947 57120
23948 58144
23949 53605
23950 49960
23951 59232
23952 62368
23953 25376
23954 54048
23955 17184
23956 49921
23957 2848
23958 27393
23959 17152
23960 49952
23961 53808
23962 54049
23963 17224
23964 1896
23965 50977
23966 54833
23967 25345
23968 25377
23969 53601
23970 54056
23971 18761
23972 49952
23973 27528
23974 33061
23975 19256
23976 25384
23977 54072
23978 25440
23979 25504
23980 59176
23981 25384
23982 293
23983 52000
23984 17185
23985 52025
23986 56681
23987 52008
23988 27393
23989 53600
23990 27400
23991 57184
23992 25368
23993 53605
23994 58144
23995 56681
23996 56673
23997 49957
23998 53604
23999 60168
24000 28449
24001 49953
24002 25512
24003 52001
24004 52009
24005 25444
24006 28521
24007 57193
24008 25345
24009 25504
24010 17184
24011 54056
24012 62368
24013 27425
24014 49508
24015 52000
24016 60193
24017 56096
24018 54049
24019 61288
24020 19232
24021 63336
24022 27544
24023 54624
24024 58336
24025 27489
24026 62240
24027 63265
24028 58336
24029 25440
24030 17192
24031 62248
24032 51968
24033 54048
24034 57121
24035 49636
24036 2329
24037 56680
24038 54024
24039 63265
24040 19232
24041 52001
24042 19208
24043 25376
24044 49952
24045 25376
24046 63265
24047 53605
24048 56889
24049 27281
24050 58280
24051 33125
24052 25496
24053 49509
24054 27153
24055 54629
24056 2328
24057 62125
24058 53605
24059 62241
24060 56681
24061 56072
24062 10021
24063 58144
24064 27424
24065 54112
24066 19209
24067 4968
24068 2840
24069 25377
24070 54072
24071 49445
24072 53793
24073 25496
24074 56881
24075 54048
24076 54049
24077 33125
24078 54112
24079 19224
24080 23185
24081 49953
24082 49944
24083 25441
24084 19201
24085 19224
24086 49960
24087 17185
24088 63272
24089 60192
24090 54048
24091 55072
24092 52001
24093 56681
24094 56673
24095 54833
24096 18945
24097 54056
24098 19224
24099 27425
24100 19201
24101 52025
24102 57193
24103 27425
24104 63265
24105 19232
24106 52008
24107 19240
24108 58208
24109 60192
24110 56881
24111 56681
24112 16740
24113 49968
24114 56881
24115 54040
24116 25376
24117 10017
24118 58145
24119 19201
24120 27424
24121 54821
24122 56673
24123 53601
24124 17184
24125 55072
24126 54048
24127 60320
24128 27424
24129 60192
24130 16740
24131 58144
24132 49508
24133 49952
24134 27392
24135 17192
24136 27400
24137 62252
24138 54056
24139 60201
24140 61224
24141 58145
24142 24928
24143 25512
24144 49929
24145 27392
24146 54053
24147 25384
24148 33061
24149 49332
24150 58152
24151 25377
24152 58208
24153 58208
24154 63265
24155 53605
24156 2328
24157 21288
24158 51976
24159 27392
24160 56681
24161 25377
24162 49953
24163 63264
24164 49928
24165 55073
24166 62208
24167 49952
24168 17153
24169 25384
24170 49960
24171 62392
24172 65385
24173 57696
24174 17189
24175 49509
24176 52008
24177 49509
24178 54048
24179 56681
24180 17168
24181 54016
24182 61797
24183 53605
24184 54565
24185 57193
24186 49952
24187 51968
24188 17168
24189 59240
24190 25376
24191 62240
24192 19208
24193 56681
24194 63328
24195 58296
24196 27520
24197 58120
24198 58144
24199 54049
24200 58120
24201 51713
24202 62304
24203 49960
24204 51985
24205 55072
24206 60200
24207 28520
24208 49952
24209 31377
24210 20264
24211 58152
24212 63329
24213 49440
24214 54049
24215 25376
24216 58208
24217 27425
24218 58280
24219 51977
24220 27433
24221 23328
24222 51976
24223 53032
24224 62248
24225 19232
24226 53604
24227 49976
24228 50984
24229 17192
24230 26400
24231 54049
24232 25504
24233 56681
24234 57129
24235 27393
24236 53605
24237 19208
24238 25449
24239 19224
24240 58112
24241 2840
24242 19224
24243 21861
24244 55096
24245 62264
24246 32257
24247 27544
24248 25368
24249 61280
24250 52000
24251 10017
24252 33061
24253 65385
24254 17178
24255 16736
24256 1829
24257 57129
24258 25370
24259 8985
24260 26472
24261 62232
24262 19224
24263 26401
24264 26401
24265 17176
24266 54040
24267 52000
24268 2840
24269 25498
24270 59169
24271 2840
24272 49952
24273 17176
24274 15905
24275 17176
24276 27544
24277 27392
24278 19224
24279 25512
24280 856
24281 19785
24282 25368
24283 56681
24284 54048
24285 25376
24286 27392
24287 58120
24288 49952
24289 54837
24290 58152
24291 54057
24292 49961
24293 58217
24294 54048
24295 62264
24296 62264
24297 19225
24298 49920
24299 62252
24300 25381
24301 59232
24302 17184
24303 54053
24304 28521
24305 19232
24306 49953
24307 58216
24308 56680
24309 62305
24310 25440
24311 49504
24312 19201
24313 27424
24314 18944
24315 63336
24316 53797
24317 61216
24318 58112
24319 63336
24320 53605
24321 49960
24322 27424
24323 63272
24324 64865
24325 65376
24326 19233
24327 49953
24328 52009
24329 63336
24330 19200
24331 49936
24332 57097
24333 19200
24334 56681
24335 49976
24336 25416
24337 54056
24338 19240
24339 52008
24340 65376
24341 53536
24342 49505
24343 54112
24344 56680
24345 19241
24346 55073
24347 61288
24348 25376
24349 57145
24350 49960
24351 53808
24352 17160
24353 49512
24354 64289
24355 64865
24356 61280
24357 57696
24358 17208
24359 52001
24360 65377
24361 17184
24362 63336
24363 56609
24364 62305
24365 53537
24366 25376
24367 25440
24368 17184
24369 53605
24370 65385
24371 49441
24372 56681
24373 25344
24374 25377
24375 61281
24376 49953
24377 64353
24378 57128
24379 25352
24380 54032
24381 57129
24382 62240
24383 57696
24384 59232
24385 53605
24386 25400
24387 49504
24388 49952
24389 56681
24390 58120
24391 56681
24392 55080
24393 57193
24394 54073
24395 54072
24396 19208
24397 29544
24398 25344
24399 805
24400 19241
24401 65384
24402 57184
24403 49952
24404 53808
24405 25504
24406 56681
24407 27153
24408 49509
24409 25370
24410 53605
24411 53605
24412 54048
24413 56120
24414 64289
24415 53540
24416 25377
24417 56072
24418 25377
24419 25384
24420 55081
24421 53604
24422 51969
24423 63400
24424 62241
24425 50977
24426 19233
24427 25352
24428 60161
24429 27392
24430 17185
24431 19217
24432 53793
24433 19209
24434 25496
24435 25488
24436 49953
24437 57185
24438 25448
24439 58145
24440 25496
24441 49944
24442 33061
24443 53793
24444 56097
24445 17193
24446 59168
24447 57700
24448 63272
24449 65377
24450 55841
24451 56881
24452 17208
24453 25376
24454 60192
24455 16736
24456 59176
24457 63264
24458 25576
24459 58145
24460 19232
24461 25496
24462 25377
24463 27401
24464 16736
24465 26465
24466 49953
24467 56096
24468 17189
24469 27424
24470 55841
24471 56673
24472 49961
24473 54057
24474 55073
24475 58145
24476 62304
24477 16736
24478 25376
24479 51984
24480 49512
24481 49952
24482 53032
24483 25480
24484 62376
24485 54048
24486 53541
24487 58213
24488 27544
24489 27520
24490 57129
24491 50080
24492 27280
24493 58144
24494 62240
24495 51976
24496 19241
24497 63272
24498 54049
24499 16736
24500 56833
24501 54040
24502 54112
24503 58152
24504 58145
24505 54056
24506 19201
24507 53541
24508 56681
24509 58336
24510 27496
24511 27457
24512 56096
24513 29592
24514 28456
24515 16672
24516 54633
24517 27425
24518 27137
24519 25504
24520 19224
24521 53808
24522 25376
24523 58144
24524 25384
24525 54049
24526 62304
24527 50977
24528 25448
24529 19232
24530 58152
24531 27432
24532 19304
24533 20225
24534 54048
24535 58208
24536 27432
24537 53793
24538 19328
24539 56681
24540 27265
24541 56097
24542 49445
24543 62304
24544 56681
24545 25480
24546 56681
24547 51984
24548 27392
24549 54841
24550 16736
24551 25448
24552 27496
24553 25344
24554 62249
24555 49960
24556 19233
24557 17184
24558 25376
24559 49952
24560 49952
24561 52001
24562 26465
24563 58144
24564 17184
24565 25440
24566 55073
24567 27393
24568 58144
24569 25384
24570 25384
24571 52000
24572 19297
24573 59169
24574 25504
24575 57121
24576 58145
24577 17177
24578 53605
24579 53605
24580 56681
24581 55081
24582 8985
24583 60192
24584 53541
24585 54057
24586 51969
24587 17185
24588 49509
24589 49509
24590 49505
24591 26536
24592 58209
24593 27424
24594 54057
24595 53809
24596 52008
24597 58144
24598 52001
24599 2329
24600 27393
24601 27432
24602 56888
24603 28457
24604 53604
24605 25377
24606 25345
24607 19297
24608 25448
24609 58145
24610 57696
24611 27393
24612 61224
24613 53025
24614 49952
24615 54049
24616 17304
24617 25480
24618 55072
24619 53024
24620 19224
24621 27392
24622 58216
24623 25444
24624 54048
24625 17192
24626 49440
24627 65384
24628 57193
24629 49952
24630 56104
24631 56097
24632 25377
24633 25352
24634 49952
24635 20257
24636 25441
24637 63272
24638 17193
24639 55080
24640 49952
24641 56681
24642 27424
24643 19232
24644 27265
24645 19201
24646 49929
24647 25352
24648 25444
24649 54056
24650 57129
24651 56681
24652 17192
24653 17169
24654 25385
24655 53605
24656 2328
24657 55585
24658 54056
24659 63336
24660 64145
24661 53033
24662 59233
24663 58145
24664 56681
24665 56673
24666 56097
24667 25376
24668 27400
24669 49509
24670 27432
24671 63337
24672 25377
24673 54048
24674 17248
24675 52024
24676 25384
24677 56865
24678 25416
24679 49936
24680 16741
24681 18209
24682 25440
24683 19240
24684 49957
24685 19241
24686 26401
24687 56681
24688 25480
24689 53557
24690 27433
24691 54056
24692 52000
24693 25376
24694 27552
24695 29472
24696 20225
24697 17185
24698 17189
24699 49921
24700 50016
24701 56681
24702 54120
24703 19233
24704 49441
24705 53032
24706 27488
24707 55081
24708 25376
24709 52001
24710 59233
24711 17185
24712 56089
24713 58144
24714 21280
24715 58264
24716 52001
24717 17184
24718 59169
24719 26408
24720 25480
24721 58152
24722 50977
24723 62312
24724 58208
24725 52000
24726 27488
24727 56681
24728 49957
24729 25376
24730 27424
24731 27425
24732 25376
24733 58208
24734 65385
24735 54056
24736 19240
24737 49937
24738 54048
24739 58208
24740 19232
24741 58272
24742 53604
24743 53604
24744 2392
24745 2329
24746 19224
24747 55096
24748 17224
24749 1888
24750 55809
24751 53605
24752 56681
24753 28449
24754 53797
24755 57193
24756 58152
24757 17152
24758 54049
24759 17160
24760 16741
24761 25434
24762 2328
24763 64033
24764 63265
24765 872
24766 28177
24767 25472
24768 49968
24769 19273
24770 49445
24771 62249
24772 19208
24773 19224
24774 59169
24775 51041
24776 19224
24777 60168
24778 27137
24779 11793
24780 54048
24781 19232
24782 52001
24783 25384
24784 10080
24785 58113
24786 25416
24787 19224
24788 19224
24789 27496
24790 1888
24791 25568
24792 49697
24793 27488
24794 49953
24795 51969
24796 51977
24797 54625
24798 50984
24799 28520
24800 20233
24801 27465
24802 28449
24803 25440
24804 25400
24805 27393
24806 19201
24807 60200
24808 54048
24809 2825
24810 2377
24811 58128
24812 19209
24813 57828
24814 56104
24815 58208
24816 19233
24817 19233
24818 55072
24819 56617
24820 60192
24821 56353
24822 37221
24823 27424
24824 53024
24825 27424
24826 27425
24827 17192
24828 62241
24829 49952
24830 17184
24831 25377
24832 49509
24833 58273
24834 25381
24835 17168
24836 19240
24837 50017
24838 25344
24839 52000
24840 55072
24841 49960
24842 27392
24843 57697
24844 54072
24845 63336
24846 49504
24847 17192
24848 56673
24849 17185
24850 26409
24851 53541
24852 25440
24853 54049
24854 25472
24855 49929
24856 58144
24857 63336
24858 53608
24859 19232
24860 50976
24861 53605
24862 55072
24863 60193
24864 49504
24865 59168
24866 57193
24867 19241
24868 49952
24869 54056
24870 49944
24871 51977
24872 18960
24873 25376
24874 25488
24875 65312
24876 49953
24877 17184
24878 54048
24879 58145
24880 57145
24881 53793
24882 17184
24883 50977
24884 55081
24885 27400
24886 18216
24887 62304
24888 19241
24889 59169
24890 54048
24891 56681
24892 56673
24893 54072
24894 25376
24895 55840
24896 17160
24897 55080
24898 54065
24899 25376
24900 16736
24901 49945
24902 31377
24903 17765
24904 49509
24905 53605
24906 25488
24907 58264
24908 62113
24909 28177
24910 25368
24911 49441
24912 49952
24913 53608
24914 2328
24915 53033
24916 56673
24917 56681
24918 27528
24919 51969
24920 25496
24921 28449
24922 62241
24923 58145
24924 17192
24925 27424
24926 19233
24927 25377
24928 25496
24929 2840
24930 27401
24931 16736
24932 56881
24933 25384
24934 54049
24935 64145
24936 55073
24937 29592
24938 62304
24939 25344
24940 33125
24941 17184
24942 54072
24943 52001
24944 54120
24945 57193
24946 49952
24947 52008
24948 17185
24949 53600
24950 19209
24951 54056
24952 25376
24953 49921
24954 17184
24955 17184
24956 61797
24957 27424
24958 54072
24959 49953
24960 54065
24961 56681
24962 19297
24963 2393
24964 27392
24965 54629
24966 20264
24967 63336
24968 49953
24969 52009
24970 27425
24971 60193
24972 53605
24973 25377
24974 56680
24975 19240
24976 57128
24977 21281
24978 19232
24979 60160
24980 56681
24981 58145
24982 20257
24983 27432
24984 25384
24985 53024
24986 65057
24987 49509
24988 28457
24989 54048
24990 49952
24991 26401
24992 28417
24993 56681
24994 56681
24995 25345
24996 49960
24997 61224
24998 52000
24999 25576
25000 58145
25001 28449
25002 56105
25003 50977
25004 57696
25005 56673
25006 25352
25007 25472
25008 54049
25009 19232
25010 49960
25011 65313
25012 27496
25013 62248
25014 20836
25015 62248
25016 25504
25017 19233
25018 17152
25019 25376
25020 1888
25021 28449
25022 62376
25023 60200
25024 49960
25025 54049
25026 64865
25027 55856
25028 63264
25029 25496
25030 27424
25031 19240
25032 51976
25033 58113
25034 19200
25035 58145
25036 56889
25037 58272
25038 37665
25039 62312
25040 53537
25041 49953
25042 25376
25043 25480
25044 50016
25045 53609
25046 19208
25047 17161
25048 49960
25049 53541
25050 27616
25051 49960
25052 17184
25053 53608
25054 54056
25055 57696
25056 27560
25057 53605
25058 25360
25059 25344
25060 17169
25061 54048
25062 2849
25063 53608
25064 25376
25065 19233
25066 27424
25067 19233
25068 19232
25069 25377
25070 54016
25071 49953
25072 32257
25073 57701
25074 60161
25075 59168
25076 17184
25077 49960
25078 25472
25079 63272
25080 11793
25081 58280
25082 62392
25083 60193
25084 25344
25085 57696
25086 64865
25087 25416
25088 17189
25089 52001
25090 56120
25091 52000
25092 58208
25093 56681
25094 49969
25095 58145
25096 58152
25097 19209
25098 54056
25099 53604
25100 58152
25101 56681
25102 25377
25103 27153
25104 19201
25105 49952
25106 57192
25107 49953
25108 56096
25109 23336
25110 25376
25111 49936
25112 53605
25113 29608
25114 1381
25115 58145
25116 54056
25117 25360
25118 19352
25119 31377
25120 27153
25121 63272
25122 26401
25123 54049
25124 53605
25125 49936
25126 54821
25127 49944
25128 18760
25129 57129
25130 25496
25131 53545
25132 25496
25133 56672
25134 53600
25135 19240
25136 55077
25137 58144
25138 25440
25139 49961
25140 58144
25141 50984
25142 25496
25143 49937
25144 49928
25145 19232
25146 23057
25147 19201
25148 26401
25149 19088
25150 27424
25151 25568
25152 49445
25153 18209
25154 54833
25155 25376
25156 54048
25157 25512
25158 49936
25159 52000
25160 49953
25161 49952
25162 25498
25163 49921
25164 56680
25165 25377
25166 50024
25167 53604
25168 61797
25169 25344
25170 49960
25171 55840
25172 49953
25173 21288
25174 58144
25175 58336
25176 19200
25177 56105
25178 49952
25179 58272
25180 25512
25181 62241
25182 51984
25183 53605
25184 53793
25185 56673
25186 25440
25187 56681
25188 49953
25189 27425
25190 49961
25191 53793
25192 56681
25193 2328
25194 19208
25195 25576
25196 17248
25197 25345
25198 57828
25199 49952
25200 25377
25201 60192
25202 53033
25203 52001
25204 60320
25205 49505
25206 60192
25207 58336
25208 27425
25209 49952
25210 59169
25211 58144
25212 65321
25213 63329
25214 62241
25215 52009
25216 25384
25217 63272
25218 54833
25219 25376
25220 64289
25221 19232
25222 54056
25223 61288
25224 25352
25225 27488
25226 54049
25227 58144
25228 54049
25229 19233
25230 856
25231 60256
25232 65312
25233 54072
25234 55073
25235 60160
25236 62252
25237 25360
25238 61288
25239 49944
25240 57129
25241 57129
25242 49968
25243 58272
25244 58152
25245 56104
25246 55072
25247 25384
25248 56681
25249 53536
25250 25377
25251 17192
25252 17160
25253 25512
25254 54049
25255 27424
25256 17153
25257 25512
25258 56673
25259 19208
25260 27424
25261 56097
25262 19233
25263 19233
25264 62376
25265 55081
25266 54072
25267 27425
25268 24928
25269 25352
25270 17153
25271 17176
25272 27400
25273 56881
25274 65376
25275 17185
25276 27392
25277 49944
25278 17185
25279 25376
25280 59176
25281 58144
25282 58272
25283 61216
25284 17193
25285 25377
25286 52008
25287 25448
25288 54120
25289 54040
25290 19233
25291 49953
25292 49509
25293 27496
25294 49952
25295 25344
25296 19240
25297 25512
25298 53604
25299 19232
25300 56681
25301 49953
25302 19233
25303 57129
25304 25344
25305 63272
25306 62232
25307 25352
25308 19209
25309 27392
25310 55081
25311 56681
25312 54048
25313 27424
25314 19233
25315 25377
25316 25496
25317 63272
25318 58212
25319 56681
25320 55073
25321 2328
25322 19201
25323 2841
25324 9048
25325 792
25326 25432
25327 59169
25328 56889
25329 801
25330 49957
25331 54049
25332 25370
25333 51713
25334 53600
25335 53541
25336 49953
25337 64001
25338 54053
25339 59168
25340 17304
25341 53808
25342 26405
25343 55096
25344 10017
25345 27552
25346 19232
25347 16736
25348 58145
25349 19288
25350 64097
25351 26409
25352 6473
25353 25377
25354 17178
25355 64097
25356 19208
25357 19224
25358 56681
25359 58145
25360 23041
25361 28177
25362 2328
25363 59168
25364 37157
25365 56617
25366 2840
25367 2393
25368 2904
25369 54057
25370 49509
25371 19209
25372 20233
25373 25370
25374 53540
25375 53604
25376 58144
25377 49920
25378 17193
25379 20232
25380 51968
25381 2392
25382 56065
25383 10017
25384 17185
25385 57701
25386 25368
25387 26401
25388 19224
25389 53605
25390 17192
25391 60193
25392 54120
25393 2328
25394 53605
25395 25580
25396 20265
25397 61224
25398 50024
25399 58208
25400 19241
25401 58208
25402 58144
25403 27393
25404 52000
25405 55080
25406 53024
25407 25512
25408 54049
25409 2328
25410 49953
25411 54040
25412 49952
25413 49953
25414 24065
25415 19256
25416 19201
25417 49952
25418 25440
25419 25352
25420 49509
25421 25488
25422 53608
25423 19233
25424 58112
25425 56881
25426 54049
25427 53284
25428 56680
25429 54057
25430 19209
25431 49953
25432 54049
25433 56681
25434 60257
25435 57185
25436 56673
25437 25370
25438 56097
25439 56681
25440 25376
25441 21288
25442 25344
25443 56681
25444 59232
25445 54064
25446 54061
25447 65385
25448 25368
25449 62817
25450 57129
25451 25361
25452 19232
25453 20256
25454 18944
25455 25344
25456 27392
25457 801
25458 58145
25459 25344
25460 56865
25461 56681
25462 58145
25463 25376
25464 53600
25465 58144
25466 56681
25467 56096
25468 61217
25469 58145
25470 58208
25471 54049
25472 54048
25473 65321
25474 27392
25475 59169
25476 49504
25477 55073
25478 52000
25479 60161
25480 20225
25481 52009
25482 57193
25483 58145
25484 54048
25485 26465
25486 54048
25487 54837
25488 56889
25489 25480
25490 4453
25491 56681
25492 57701
25493 53605
25494 53605
25495 53793
25496 10080
25497 51041
25498 53605
25499 53812
25500 63337
25501 58145
25502 49952
25503 17185
25504 25448
25505 17184
25506 62240
25507 28417
25508 27432
25509 62240
25510 58144
25511 19224
25512 56097
25513 18217
25514 58145
25515 55073
25516 17176
25517 50977
25518 54056
25519 19225
25520 49968
25521 58145
25522 59169
25523 60193
25524 27400
25525 58144
25526 28513
25527 51968
25528 18976
25529 25376
25530 54048
25531 17184
25532 56681
25533 25444
25534 29592
25535 53605
25536 53605
25537 54049
25538 65320
25539 60320
25540 62392
25541 49509
25542 25376
25543 58145
25544 25496
25545 55073
25546 53537
25547 49960
25548 10025
25549 52000
25550 52000
25551 25376
25552 19201
25553 49920
25554 55080
25555 59169
25556 49960
25557 50977
25558 55073
25559 17169
25560 54048
25561 824
25562 17168
25563 62304
25564 62241
25565 25376
25566 54112
25567 58144
25568 25496
25569 53793
25570 25568
25571 65385
25572 62308
25573 26408
25574 17184
25575 2329
25576 57121
25577 57696
25578 25376
25579 50024
25580 64353
25581 49953
25582 53605
25583 25384
25584 49953
25585 54832
25586 58144
25587 58336
25588 63265
25589 57696
25590 25441
25591 25368
25592 25384
25593 64257
25594 58145
25595 25385
25596 25408
25597 65385
25598 57129
25599 19208
25600 50016
25601 52000
25602 63264
25603 49957
25604 58340
25605 63265
25606 27425
25607 55856
25608 25504
25609 17184
25610 27425
25611 54041
25612 49952
25613 17185
25614 25377
25615 25344
25616 59168
25617 57192
25618 25352
25619 56681
25620 26401
25621 19208
25622 27281
25623 49960
25624 28448
25625 16740
25626 25377
25627 25376
25628 17152
25629 60192
25630 54112
25631 49952
25632 25377
25633 53609
25634 25512
25635 52000
25636 25568
25637 25448
25638 17193
25639 61797
25640 49937
25641 55072
25642 25504
25643 56880
25644 54833
25645 19241
25646 57701
25647 49953
25648 49952
25649 54625
25650 52000
25651 17192
25652 25448
25653 61796
25654 49953
25655 25448
25656 25376
25657 25377
25658 27408
25659 54064
25660 25504
25661 59177
25662 49960
25663 17160
25664 59168
25665 52001
25666 52008
25667 56104
25668 25504
25669 27464
25670 25377
25671 55073
25672 58144
25673 59168
25674 51992
25675 54056
25676 49509
25677 27520
25678 19240
25679 53809
25680 33125
25681 63400
25682 56681
25683 56865
25684 53605
25685 37221
25686 58144
25687 1896
25688 52001
25689 53605
25690 56096
25691 49952
25692 33125
25693 19209
25694 25377
25695 25381
25696 25376
25697 54056
25698 19241
25699 55144
25700 58216
25701 49953
25702 19232
25703 56097
25704 54049
25705 50977
25706 54048
25707 54057
25708 49920
25709 58145
25710 58113
25711 63272
25712 56097
25713 25345
25714 52008
25715 59177
25716 54049
25717 19232
25718 61224
25719 58145
25720 17184
25721 17185
25722 52001
25723 54049
25724 49976
25725 49953
25726 57697
25727 59232
25728 59240
25729 49936
25730 57128
25731 25376
25732 49952
25733 27528
25734 25376
25735 19233
25736 29608
25737 58145
25738 28177
25739 58144
25740 25512
25741 56681
25742 53537
25743 25504
25744 54065
25745 51968
25746 52000
25747 39713
25748 19232
25749 20257
25750 52009
25751 49953
25752 17185
25753 53605
25754 25576
25755 52001
25756 65313
25757 19232
25758 27552
25759 56088
25760 55080
25761 51976
25762 25444
25763 27544
25764 49960
25765 2328
25766 56096
25767 52000
25768 53605
25769 54053
25770 21288
25771 52001
25772 25440
25773 57701
25774 49957
25775 16736
25776 19201
25777 25384
25778 53600
25779 52001
25780 62240
25781 33061
25782 59169
25783 25352
25784 62240
25785 60192
25786 62232
25787 56681
25788 63265
25789 52001
25790 54049
25791 52001
25792 52008
25793 25344
25794 58144
25795 55144
25796 54056
25797 17168
25798 63273
25799 49920
25800 25440
25801 49952
25802 65312
25803 55081
25804 57185
25805 25376
25806 58144
25807 58113
25808 60160
25809 65385
25810 56681
25811 54040
25812 65384
25813 25368
25814 19248
25815 49508
25816 60200
25817 58208
25818 63272
25819 25377
25820 33125
25821 29592
25822 25448
25823 58145
25824 63265
25825 49960
25826 58144
25827 25376
25828 25384
25829 17185
25830 53605
25831 57121
25832 53025
25833 25444
25834 57120
25835 37665
25836 19200
25837 61797
25838 17184
25839 59169
25840 25505
25841 21288
25842 54057
25843 25376
25844 27425
25845 19208
25846 52001
25847 62125
25848 19233
25849 17169
25850 64033
25851 55080
25852 58113
25853 25384
25854 25488
25855 27392
25856 49961
25857 49952
25858 58208
25859 58152
25860 58152
25861 25472
25862 25376
25863 53601
25864 61185
25865 25580
25866 58208
25867 27393
25868 53605
25869 62312
25870 58144
25871 18761
25872 25512
25873 26401
25874 856
25875 53809
25876 58113
25877 56681
25878 53797
25879 56681
25880 18713
25881 58136
25882 54053
25883 49961
25884 4968
25885 55585
25886 55073
25887 26145
25888 25384
25889 53541
25890 54049
25891 58145
25892 19233
25893 19225
25894 25344
25895 25370
25896 19209
25897 6689
25898 2392
25899 54056
25900 49572
25901 25441
25902 2840
25903 19273
25904 2840
25905 60193
25906 2393
25907 52009
25908 52008
25909 54840
25910 25448
25911 49961
25912 58112
25913 54056
25914 58216
25915 2840
25916 57129
25917 52000
25918 18713
25919 49504
25920 59168
25921 58144
25922 57128
25923 62312
25924 27400
25925 54056
25926 25232
25927 49697
25928 28449
25929 27544
25930 2825
25931 2840
25932 2840
25933 56617
25934 52000
25935 58216
25936 54049
25937 27424
25938 27392
25939 54056
25940 25344
25941 27425
25942 56681
25943 19232
25944 14113
25945 56681
25946 23328
25947 28457
25948 56097
25949 25368
25950 17184
25951 25377
25952 52009
25953 56680
25954 60192
25955 58145
25956 49508
25957 49441
25958 53777
25959 27425
25960 57129
25961 25377
25962 63336
25963 2329
25964 55073
25965 49953
25966 49953
25967 53541
25968 56681
25969 52920
25970 61797
25971 58149
25972 57121
25973 17184
25974 49976
25975 54048
25976 54049
25977 27424
25978 53536
25979 58145
25980 49441
25981 18945
25982 63329
25983 26472
25984 54048
25985 58209
25986 25384
25987 55585
25988 53605
25989 49441
25990 53024
25991 25376
25992 58120
25993 25376
25994 49957
25995 49961
25996 65320
25997 17184
25998 57128
25999 58208
26000 54057
26001 25572
26002 62241
26003 54057
26004 55072
26005 55072
26006 25384
26007 25376
26008 53605
26009 53609
26010 53541
26011 58208
26012 17248
26013 27456
26014 24097
26015 54624
26016 49952
26017 56681
26018 59169
26019 19217
26020 49953
26021 27425
26022 49920
26023 17185
26024 56880
26025 56681
26026 51977
26027 54625
26028 52001
26029 56681
26030 60193
26031 63328
26032 59169
26033 54016
26034 54817
26035 53541
26036 56881
26037 25360
26038 26153
26039 17185
26040 25496
26041 45977
26042 56681
26043 53605
26044 25440
26045 28177
26046 52009
26047 17189
26048 2377
26049 19201
26050 49441
26051 53541
26052 54048
26053 63841
26054 55073
26055 19328
26056 60192
26057 61797
26058 25384
26059 54049
26060 27424
26061 57701
26062 17185
26063 58208
26064 49952
26065 54069
26066 58145
26067 19216
26068 25384
26069 2329
26070 64288
26071 58145
26072 54024
26073 50977
26074 59233
26075 54056
26076 57121
26077 57129
26078 56104
26079 25377
26080 27424
26081 63336
26082 17185
26083 56681
26084 25504
26085 25480
26086 16741
26087 56681
26088 27424
26089 49960
26090 29473
26091 49960
26092 25384
26093 64353
26094 17185
26095 56681
26096 53793
26097 60193
26098 25416
26099 58145
26100 54049
26101 17184
26102 49952
26103 19201
26104 54048
26105 55072
26106 53541
26107 28425
26108 52000
26109 54049
26110 49953
26111 49445
26112 27393
26113 59168
26114 53557
26115 27424
26116 56680
26117 49953
26118 52000
26119 25344
26120 27425
26121 27552
26122 19209
26123 58145
26124 58144
26125 54072
26126 54832
26127 53541
26128 59168
26129 25377
26130 56096
26131 49936
26132 55080
26133 56888
26134 62240
26135 26400
26136 25480
26137 55073
26138 49944
26139 58208
26140 17248
26141 20264
26142 54056
26143 19209
26144 25352
26145 65384
26146 54056
26147 61793
26148 62112
26149 25376
26150 62240
26151 58145
26152 33125
26153 58152
26154 52008
26155 57193
26156 11793
26157 25408
26158 58273
26159 54056
26160 54049
26161 25376
26162 19240
26163 55073
26164 19233
26165 53604
26166 54048
26167 54056
26168 2328
26169 27424
26170 65384
26171 50024
26172 58152
26173 19233
26174 63336
26175 54837
26176 49952
26177 61224
26178 25376
26179 63273
26180 58280
26181 57828
26182 19216
26183 49440
26184 54048
26185 53605
26186 20232
26187 27425
26188 27424
26189 14176
26190 54837
26191 56881
26192 28449
26193 56673
26194 49509
26195 27424
26196 25376
26197 21280
26198 25232
26199 56681
26200 58144
26201 56681
26202 53557
26203 19233
26204 56680
26205 19232
26206 19224
26207 54057
26208 27457
26209 58145
26210 55096
26211 58145
26212 49509
26213 27425
26214 17192
26215 27488
26216 19241
26217 65385
26218 54048
26219 27424
26220 29544
26221 52001
26222 54049
26223 56673
26224 58145
26225 27544
26226 65384
26227 54049
26228 56880
26229 56881
26230 25480
26231 27153
26232 49952
26233 27528
26234 56681
26235 56097
26236 23057
26237 56673
26238 52000
26239 53605
26240 2840
26241 23336
26242 51977
26243 27424
26244 17184
26245 53605
26246 25480
26247 58272
26248 49952
26249 59176
26250 27296
26251 54049
26252 60192
26253 54064
26254 58144
26255 58145
26256 17185
26257 55080
26258 58144
26259 25480
26260 17184
26261 49960
26262 49953
26263 52000
26264 52000
26265 17184
26266 2328
26267 25381
26268 25560
26269 52000
26270 53541
26271 17184
26272 56672
26273 17304
26274 21280
26275 60256
26276 49504
26277 49929
26278 26400
26279 54049
26280 58208
26281 49968
26282 17153
26283 19240
26284 49952
26285 27425
26286 55072
26287 26464
26288 58145
26289 49445
26290 19232
26291 54040
26292 25440
26293 50977
26294 17189
26295 25384
26296 50080
26297 25377
26298 52001
26299 54072
26300 60193
26301 19200
26302 25576
26303 25384
26304 54841
26305 25376
26306 65377
26307 56881
26308 49957
26309 53605
26310 17152
26311 19240
26312 25360
26313 60193
26314 62312
26315 54565
26316 58208
26317 63328
26318 25352
26319 53604
26320 52001
26321 56097
26322 57192
26323 20836
26324 59169
26325 49953
26326 55841
26327 65384
26328 53537
26329 53809
26330 49936
26331 52000
26332 54049
26333 25353
26334 49960
26335 56097
26336 25377
26337 60192
26338 49445
26339 17185
26340 54056
26341 50984
26342 23057
26343 56088
26344 49960
26345 27552
26346 28417
26347 55077
26348 49952
26349 27392
26350 53605
26351 55144
26352 25376
26353 39713
26354 53605
26355 58145
26356 27425
26357 2328
26358 56105
26359 63336
26360 49952
26361 49960
26362 54049
26363 17184
26364 53284
26365 27424
26366 27392
26367 49952
26368 54049
26369 55080
26370 52000
26371 53600
26372 62248
26373 49952
26374 53604
26375 25472
26376 27528
26377 25528
26378 25345
26379 53541
26380 55073
26381 17185
26382 56681
26383 59168
26384 20257
26385 58144
26386 17184
26387 25376
26388 56673
26389 49952
26390 21281
26391 53792
26392 19233
26393 19224
26394 19217
26395 17185
26396 56681
26397 63328
26398 62097
26399 27392
26400 57193
26401 55088
26402 63337
26403 54048
26404 50024
26405 50984
26406 25416
26407 19200
26408 57129
26409 49929
26410 54056
26411 28520
26412 25384
26413 25444
26414 62240
26415 49960
26416 58296
26417 57192
26418 25572
26419 365
26420 57696
26421 17185
26422 19224
26423 2329
26424 26409
26425 49936
26426 17192
26427 49968
26428 55857
26429 57193
26430 51000
26431 17176
26432 64033
26433 58209
26434 1381
26435 58136
26436 58209
26437 14176
26438 17304
26439 5984
26440 53284
26441 10029
26442 17248
26443 28177
26444 10088
26445 49944
26446 49509
26447 33125
26448 27137
26449 25370
26450 9064
26451 19273
26452 55073
26453 26409
26454 792
26455 49921
26456 27401
26457 2328
26458 19225
26459 58209
26460 49920
26461 65321
26462 19209
26463 27424
26464 52009
26465 19233
26466 26465
26467 27488
26468 17184
26469 62304
26470 54057
26471 54048
26472 49957
26473 54056
26474 33125
26475 58208
26476 58209
26477 58208
26478 27552
26479 19208
26480 58144
26481 19225
26482 60264
26483 19208
26484 19256
26485 17192
26486 58280
26487 27496
26488 49968
26489 55080
26490 25488
26491 62240
26492 25504
26493 58336
26494 55080
26495 54048
26496 52000
26497 64865
26498 31233
26499 27425
26500 62240
26501 57145
26502 2328
26503 50985
26504 31233
26505 62241
26506 56680
26507 56417
26508 52008
26509 62240
26510 27552
26511 19200
26512 25384
26513 54048
26514 60257
26515 58145
26516 54048
26517 63336
26518 56681
26519 19201
26520 50016
26521 54057
26522 60192
26523 56673
26524 54056
26525 5473
26526 58208
26527 28177
26528 25377
26529 27401
26530 56672
26531 54049
26532 55072
26533 64288
26534 17192
26535 58144
26536 29544
26537 56065
26538 56681
26539 63336
26540 65385
26541 51977
26542 17193
26543 56681
26544 56633
26545 53541
26546 56681
26547 62312
26548 55073
26549 56681
26550 25344
26551 27520
26552 58145
26553 54048
26554 27400
26555 25384
26556 49960
26557 56681
26558 25440
26559 54073
26560 27433
26561 49952
26562 33061
26563 17152
26564 54048
26565 60193
26566 49953
26567 53792
26568 17256
26569 49953
26570 56881
26571 63264
26572 55073
26573 53605
26574 53808
26575 56881
26576 64865
26577 25496
26578 17185
26579 25496
26580 49960
26581 57144
26582 11793
26583 26409
26584 27424
26585 33125
26586 53605
26587 54817
26588 58144
26589 55081
26590 61797
26591 19232
26592 25496
26593 19232
26594 58209
26595 17184
26596 60193
26597 53797
26598 61797
26599 58145
26600 25385
26601 62241
26602 25344
26603 49957
26604 49928
26605 52001
26606 17193
26607 25400
26608 17192
26609 60192
26610 49445
26611 56104
26612 26401
26613 49509
26614 55072
26615 52000
26616 27520
26617 16741
26618 54048
26619 27392
26620 25472
26621 57129
26622 19208
26623 19240
26624 32257
26625 17189
26626 27152
26627 33125
26628 19200
26629 52008
26630 23185
26631 2328
26632 27528
26633 56105
26634 26408
26635 51968
26636 19232
26637 17184
26638 62392
26639 56105
26640 28449
26641 49952
26642 27425
26643 58144
26644 19233
26645 52000
26646 62376
26647 52000
26648 19256
26649 17185
26650 63264
26651 58145
26652 55080
26653 27425
26654 56681
26655 17192
26656 60192
26657 27425
26658 54069
26659 23041
26660 56888
26661 26464
26662 17176
26663 58144
26664 62113
26665 54056
26666 25376
26667 61216
26668 19232
26669 27392
26670 54056
26671 62112
26672 27425
26673 27432
26674 58272
26675 872
26676 54821
26677 25384
26678 25232
26679 62312
26680 49509
26681 53605
26682 11825
26683 25472
26684 61792
26685 51969
26686 27488
26687 53285
26688 60201
26689 25352
26690 17184
26691 56681
26692 25512
26693 56681
26694 20265
26695 61792
26696 56681
26697 49957
26698 56617
26699 55073
26700 49509
26701 51968
26702 49953
26703 57120
26704 19240
26705 49445
26706 25352
26707 53536
26708 56681
26709 58216
26710 25377
26711 54048
26712 62308
26713 28513
26714 27393
26715 27528
26716 56096
26717 53541
26718 58272
26719 65384
26720 57193
26721 55856
26722 65384
26723 25376
26724 56681
26725 61224
26726 53813
26727 52008
26728 53808
26729 61792
26730 56681
26731 57828
26732 50984
26733 25352
26734 63265
26735 58144
26736 58144
26737 17176
26738 58144
26739 49445
26740 58264
26741 19209
26742 49952
26743 17189
26744 64873
26745 19352
26746 54064
26747 57193
26748 25352
26749 52008
26750 19240
26751 54057
26752 58144
26753 20257
26754 58209
26755 60169
26756 27400
26757 63328
26758 55080
26759 63336
26760 365
26761 17189
26762 56881
26763 55096
26764 33125
26765 19240
26766 54057
26767 49976
26768 56889
26769 25576
26770 58145
26771 25480
26772 17168
26773 56889
26774 10017
26775 62240
26776 53541
26777 17184
26778 25377
26779 33125
26780 54629
26781 12065
26782 53605
26783 49952
26784 51968
26785 27424
26786 58144
26787 52000
26788 55080
26789 58144
26790 19232
26791 54040
26792 25376
26793 55073
26794 17185
26795 56672
26796 25445
26797 25496
26798 58144
26799 58120
26800 25512
26801 51968
26802 58145
26803 25376
26804 49572
26805 56681
26806 54056
26807 17248
26808 17153
26809 54048
26810 27520
26811 56681
26812 19232
26813 25368
26814 57193
26815 11777
26816 55073
26817 27153
26818 50984
26819 58145
26820 58208
26821 2328
26822 58145
26823 58144
26824 65384
26825 25480
26826 19233
26827 49960
26828 25384
26829 25440
26830 54048
26831 52024
26832 19208
26833 19209
26834 58144
26835 54833
26836 27424
26837 63265
26838 62240
26839 25496
26840 62432
26841 56088
26842 57193
26843 54048
26844 53024
26845 50976
26846 54833
26847 58208
26848 25440
26849 25496
26850 11825
26851 57144
26852 58152
26853 17176
26854 27424
26855 25376
26856 49921
26857 52001
26858 25512
26859 63336
26860 58208
26861 25376
26862 52000
26863 27424
26864 54049
26865 27424
26866 58152
26867 17248
26868 54061
26869 63841
26870 61792
26871 56681
26872 57696
26873 33061
26874 16741
26875 28161
26876 57696
26877 54056
26878 50016
26879 58112
26880 58144
26881 17184
26882 62248
26883 50977
26884 19241
26885 56681
26886 56617
26887 49920
26888 25376
26889 65384
26890 61792
26891 25440
26892 62240
26893 29608
26894 17161
26895 18216
26896 49952
26897 56681
26898 63272
26899 25368
26900 19232
26901 54024
26902 2409
26903 59169
26904 62241
26905 54016
26906 25580
26907 17189
26908 27392
26909 57193
26910 25512
26911 57828
26912 49952
26913 27432
26914 49944
26915 17185
26916 56881
26917 58144
26918 56681
26919 54072
26920 27456
26921 26401
26922 49952
26923 57128
26924 49976
26925 49953
26926 19232
26927 25444
26928 16736
26929 57193
26930 49952
26931 49961
26932 57129
26933 53033
26934 17176
26935 49953
26936 57097
26937 53541
26938 54048
26939 17176
26940 25416
26941 27425
26942 25376
26943 27424
26944 25488
26945 62248
26946 49953
26947 54565
26948 2888
26949 19288
26950 52000
26951 52008
26952 2329
26953 2328
26954 19224
26955 17192
26956 19225
26957 49953
26958 52920
26959 58208
26960 52120
26961 49944
26962 54065
26963 56681
26964 27424
26965 58336
26966 64865
26967 57192
26968 49920
26969 25368
26970 65121
26971 17184
26972 10017
26973 8985
26974 17176
26975 27489
26976 63264
26977 49960
26978 2409
26979 2376
26980 49952
26981 25370
26982 58136
26983 27393
26984 17184
26985 49953
26986 27416
26987 17176
26988 54040
26989 19240
26990 49920
26991 25361
26992 28449
26993 17178
26994 2328
26995 888
26996 17178
26997 19240
26998 1888
26999 53176
27000 63329
27001 19208
27002 27416
27003 53605
27004 17184
27005 51985
27006 60193
27007 58336
27008 49944
27009 58144
27010 56888
27011 10017
27012 25370
27013 20233
27014 49953
27015 53605
27016 25376
27017 9064
27018 19240
27019 63329
27020 58273
27021 49952
27022 19248
27023 32545
27024 58208
27025 56088
27026 19224
27027 19224
27028 55585
27029 17189
27030 27392
27031 56097
27032 17184
27033 58144
27034 19233
27035 51968
27036 58128
27037 58153
27038 53025
27039 27392
27040 52000
27041 53537
27042 32257
27043 49928
27044 49960
27045 23337
27046 56681
27047 58145
27048 58144
27049 49961
27050 64257
27051 63328
27052 57697
27053 57185
27054 25441
27055 60192
27056 57696
27057 18209
27058 57120
27059 61216
27060 64353
27061 62241
27062 62312
27063 25408
27064 25480
27065 25512
27066 19224
27067 54057
27068 17153
27069 57192
27070 60193
27071 25441
27072 58145
27073 17185
27074 25376
27075 17306
27076 55081
27077 49953
27078 53601
27079 23057
27080 49969
27081 16676
27082 58113
27083 25377
27084 16741
27085 55080
27086 28456
27087 63265
27088 53541
27089 53605
27090 57121
27091 53813
27092 51992
27093 54053
27094 58144
27095 19232
27096 58145
27097 54057
27098 53601
27099 54048
27100 19233
27101 59232
27102 53605
27103 49957
27104 63337
27105 25376
27106 61225
27107 63337
27108 60168
27109 25344
27110 56673
27111 62312
27112 25376
27113 49957
27114 54049
27115 18713
27116 17184
27117 54048
27118 56681
27119 62248
27120 54056
27121 49952
27122 27425
27123 49953
27124 19240
27125 25384
27126 62240
27127 49960
27128 2848
27129 65377
27130 56097
27131 25376
27132 58280
27133 49961
27134 53557
27135 53536
27136 54069
27137 56681
27138 58144
27139 19240
27140 25376
27141 65384
27142 58121
27143 55857
27144 49953
27145 49636
27146 25376
27147 57700
27148 65376
27149 53284
27150 62240
27151 59169
27152 54049
27153 25360
27154 49953
27155 52009
27156 25345
27157 56673
27158 57185
27159 19232
27160 26408
27161 60193
27162 56888
27163 9112
27164 56888
27165 61797
27166 53605
27167 56617
27168 25576
27169 17185
27170 62081
27171 53605
27172 56881
27173 33125
27174 49960
27175 53797
27176 54837
27177 53809
27178 11813
27179 56681
27180 55841
27181 62248
27182 49969
27183 27392
27184 25560
27185 33125
27186 17184
27187 17304
27188 27392
27189 33125
27190 53605
27191 56681
27192 27393
27193 25377
27194 888
27195 10021
27196 58144
27197 49440
27198 27456
27199 54064
27200 63265
27201 57185
27202 19233
27203 52009
27204 49953
27205 28457
27206 25528
27207 63273
27208 56681
27209 58144
27210 11825
27211 27433
27212 58144
27213 19201
27214 61792
27215 49508
27216 58144
27217 49952
27218 62304
27219 53600
27220 63336
27221 56681
27222 57828
27223 58144
27224 63265
27225 55081
27226 19209
27227 56617
27228 58113
27229 19233
27230 62304
27231 19208
27232 49952
27233 51969
27234 49936
27235 16672
27236 27425
27237 58153
27238 58145
27239 25376
27240 25352
27241 58152
27242 27425
27243 53809
27244 49953
27245 49953
27246 25560
27247 52000
27248 60193
27249 49957
27250 62240
27251 54821
27252 49920
27253 19232
27254 58145
27255 25376
27256 56681
27257 25544
27258 25376
27259 19201
27260 49509
27261 49953
27262 17185
27263 54052
27264 49921
27265 25377
27266 64033
27267 58144
27268 20836
27269 62368
27270 57700
27271 27424
27272 37221
27273 32273
27274 25480
27275 17189
27276 54041
27277 54112
27278 11777
27279 49952
27280 49960
27281 27425
27282 58144
27283 52001
27284 65313
27285 53557
27286 49952
27287 60193
27288 27400
27289 17176
27290 25408
27291 17184
27292 19232
27293 58144
27294 60201
27295 54048
27296 52000
27297 56097
27298 25377
27299 25516
27300 28177
27301 65377
27302 54057
27303 60168
27304 58208
27305 58145
27306 56881
27307 62252
27308 2857
27309 58272
27310 53605
27311 32257
27312 25377
27313 60192
27314 55856
27315 58144
27316 60192
27317 50985
27318 58145
27319 58145
27320 25512
27321 26401
27322 19224
27323 58145
27324 17184
27325 54048
27326 24928
27327 51993
27328 52000
27329 27544
27330 49968
27331 60161
27332 56881
27333 49960
27334 55080
27335 57128
27336 61281
27337 52001
27338 60192
27339 25352
27340 58144
27341 49953
27342 49952
27343 23336
27344 25472
27345 17153
27346 25480
27347 17189
27348 25376
27349 18712
27350 54048
27351 49952
27352 55144
27353 61793
27354 25496
27355 65313
27356 58208
27357 25344
27358 62240
27359 25528
27360 49952
27361 54064
27362 54048
27363 54053
27364 56681
27365 49976
27366 59176
27367 25384
27368 26409
27369 54048
27370 17160
27371 25384
27372 58144
27373 56681
27374 19232
27375 25448
27376 27392
27377 49952
27378 19297
27379 54057
27380 58144
27381 49952
27382 56089
27383 49697
27384 25384
27385 59168
27386 55073
27387 56353
27388 64865
27389 57121
27390 54053
27391 29480
27392 9176
27393 56881
27394 19241
27395 62304
27396 56681
27397 27280
27398 25505
27399 53605
27400 56889
27401 53605
27402 54052
27403 56881
27404 25441
27405 54840
27406 26145
27407 54053
27408 49960
27409 50977
27410 25377
27411 25496
27412 33125
27413 54049
27414 59176
27415 19352
27416 49504
27417 25376
27418 56681
27419 55073
27420 49952
27421 25376
27422 17224
27423 26153
27424 56881
27425 26472
27426 49961
27427 62240
27428 19233
27429 58113
27430 54056
27431 58145
27432 27536
27433 17153
27434 52001
27435 56065
27436 27425
27437 55073
27438 28177
27439 58144
27440 56609
27441 49953
27442 19233
27443 53605
27444 59169
27445 60193
27446 49504
27447 56120
27448 62305
27449 56681
27450 54048
27451 25488
27452 57121
27453 27425
27454 62248
27455 58152
27456 58144
27457 54048
27458 19200
27459 63265
27460 54049
27461 55840
27462 19233
27463 58208
27464 54057
27465 49953
27466 19232
27467 25512
27468 53536
27469 49444
27470 49508
27471 63265
27472 25516
27473 54040
27474 56104
27475 25572
27476 19248
27477 49952
27478 54837
27479 17189
27480 54056
27481 53284
27482 49953
27483 53600
27484 63392
27485 25376
27486 62240
27487 58144
27488 53601
27489 58280
27490 52001
27491 27281
27492 51984
27493 17185
27494 54049
27495 60256
27496 19240
27497 54052
27498 54056
27499 49960
27500 52008
27501 25512
27502 25376
27503 53605
27504 28161
27505 58144
27506 16741
27507 55080
27508 17185
27509 28177
27510 62376
27511 19233
27512 57697
27513 25440
27514 25376
27515 58145
27516 25441
27517 27392
27518 25377
27519 27400
27520 25440
27521 56681
27522 49952
27523 62308
27524 27432
27525 9000
27526 25377
27527 17184
27528 49944
27529 62125
27530 58145
27531 29473
27532 56088
27533 58145
27534 49953
27535 58152
27536 58216
27537 17316
27538 55072
27539 25445
27540 25512
27541 49953
27542 28161
27543 23336
27544 62304
27545 53537
27546 57828
27547 25512
27548 49953
27549 54056
27550 54048
27551 54048
27552 58145
27553 58208
27554 25352
27555 19241
27556 63272
27557 54048
27558 59233
27559 53544
27560 56681
27561 63288
27562 56681
27563 53033
27564 54049
27565 25376
27566 49504
27567 52001
27568 54056
27569 53025
27570 17184
27571 52000
27572 28456
27573 63264
27574 55073
27575 58209
27576 27400
27577 54049
27578 25496
27579 56889
27580 17184
27581 27392
27582 49952
27583 59168
27584 53809
27585 59232
27586 52001
27587 52001
27588 25504
27589 61288
27590 49952
27591 53601
27592 53557
27593 10021
27594 58113
27595 49953
27596 56681
27597 54048
27598 56681
27599 54065
27600 49953
27601 25496
27602 54056
27603 54120
27604 54048
27605 25352
27606 57145
27607 60160
27608 58152
27609 49952
27610 53025
27611 19200
27612 55073
27613 54056
27614 2328
27615 2328
27616 56616
27617 9128
27618 33125
27619 2377
27620 26409
27621 27456
27622 51000
27623 9016
27624 19209
27625 4968
27626 19216
27627 872
27628 49953
27629 57193
27630 60193
27631 2328
27632 25370
27633 65121
27634 17184
27635 50016
27636 19208
27637 57696
27638 4984
27639 25377
27640 18977
27641 2841
27642 19225
27643 14184
27644 19224
27645 19233
27646 26401
27647 27392
27648 49509
27649 25344
27650 52000
27651 19233
27652 27400
27653 19209
27654 50977
27655 53604
27656 56417
27657 49976
27658 27152
27659 2328
27660 25368
27661 64001
27662 56673
27663 19233
27664 49960
27665 9000
27666 25370
27667 17178
27668 59176
27669 50104
27670 58145
27671 25368
27672 18760
27673 56105
27674 60200
27675 25376
27676 56064
27677 25448
27678 54048
27679 18761
27680 2825
27681 54024
27682 8993
27683 19240
27684 25444
27685 54048
27686 52009
27687 58296
27688 17184
27689 25377
27690 54048
27691 32273
27692 25504
27693 51977
27694 54072
27695 49953
27696 25488
27697 17224
27698 2376
27699 2377
27700 19273
27701 60193
27702 25505
27703 57128
27704 54120
27705 54053
27706 25444
27707 2328
27708 54048
27709 27552
27710 27393
27711 17184
27712 56104
27713 54025
27714 54049
27715 17184
27716 17184
27717 58280
27718 54049
27719 49445
27720 57121
27721 16736
27722 49976
27723 50976
27724 19225
27725 50976
27726 59168
27727 25440
27728 58209
27729 19233
27730 62817
27731 19232
27732 19208
27733 53032
27734 56681
27735 49953
27736 2392
27737 17192
27738 49953
27739 58145
27740 62368
27741 54120
27742 365
27743 25448
27744 49952
27745 21281
27746 25376
27747 25376
27748 57193
27749 55080
27750 58208
27751 49976
27752 56681
27753 53536
27754 25384
27755 61185
27756 24097
27757 25376
27758 57128
27759 19224
27760 56681
27761 54112
27762 57129
27763 62248
27764 60193
27765 55081
27766 63264
27767 16736
27768 49509
27769 25381
27770 55077
27771 15905
27772 54049
27773 49960
27774 37688
27775 52001
27776 62240
27777 27433
27778 58208
27779 26401
27780 54056
27781 60200
27782 49504
27783 53032
27784 25496
27785 55073
27786 58153
27787 54048
27788 65377
27789 54049
27790 64865
27791 19224
27792 55077
27793 56681
27794 25384
27795 54821
27796 55077
27797 55072
27798 58208
27799 54056
27800 58145
27801 58112
27802 56681
27803 53600
27804 62249
27805 57185
27806 54049
27807 58152
27808 50017
27809 27137
27810 49512
27811 56681
27812 29480
27813 2376
27814 19232
27815 31249
27816 27424
27817 63329
27818 55136
27819 17185
27820 53541
27821 56681
27822 27152
27823 56681
27824 25352
27825 293
27826 16676
27827 54049
27828 53557
27829 25377
27830 25376
27831 16676
27832 63273
27833 49953
27834 2328
27835 19241
27836 53537
27837 53541
27838 19241
27839 52001
27840 53605
27841 53613
27842 18209
27843 52001
27844 58145
27845 25496
27846 64001
27847 56857
27848 27393
27849 52008
27850 57129
27851 28448
27852 25377
27853 26153
27854 56881
27855 2840
27856 61216
27857 56880
27858 49953
27859 19232
27860 49944
27861 63841
27862 49953
27863 25376
27864 53541
27865 58112
27866 49920
27867 56889
27868 49957
27869 56681
27870 58144
27871 64865
27872 54049
27873 58336
27874 25345
27875 49952
27876 63329
27877 19201
27878 54833
27879 57128
27880 58272
27881 25352
27882 56681
27883 55073
27884 25345
27885 17184
27886 53605
27887 56681
27888 52000
27889 17168
27890 26401
27891 49953
27892 51993
27893 29544
27894 58209
27895 25376
27896 54049
27897 25512
27898 25377
27899 28448
27900 56681
27901 49953
27902 25504
27903 49952
27904 27464
27905 52000
27906 19232
27907 17185
27908 61280
27909 54049
27910 65120
27911 59176
27912 64865
27913 52001
27914 49952
27915 28177
27916 33125
27917 58216
27918 52008
27919 27425
27920 49960
27921 62248
27922 27393
27923 58208
27924 58145
27925 19232
27926 19224
27927 56617
27928 27424
27929 25488
27930 25496
27931 25496
27932 25384
27933 61797
27934 53541
27935 11793
27936 56681
27937 19240
27938 25345
27939 65313
27940 58145
27941 54048
27942 25440
27943 49957
27944 54120
27945 25376
27946 17152
27947 49928
27948 25377
27949 25445
27950 53024
27951 63264
27952 54048
27953 56096
27954 49509
27955 25385
27956 25496
27957 56097
27958 55081
27959 62240
27960 19304
27961 56097
27962 18209
27963 61797
27964 56096
27965 17160
27966 17189
27967 25360
27968 57121
27969 53540
27970 55840
27971 58145
27972 19200
27973 52009
27974 54048
27975 55080
27976 25440
27977 62241
27978 57121
27979 26401
27980 62241
27981 17185
27982 49960
27983 18976
27984 49953
27985 19233
27986 25472
27987 60161
27988 56880
27989 49952
27990 58216
27991 17185
27992 59232
27993 27488
27994 58112
27995 58145
27996 59177
27997 25580
27998 57828
27999 25384
28000 59168
28001 62241
28002 54049
28003 25384
28004 49953
28005 58144
28006 19216
28007 63336
28008 65313
28009 56417
28010 53605
28011 25472
28012 57889
28013 54064
28014 58113
28015 54056
28016 54056
28017 53604
28018 58149
28019 19232
28020 49440
28021 25448
28022 62312
28023 49953
28024 56865
28025 49920
28026 56881
28027 19232
28028 25472
28029 17185
28030 19304
28031 58208
28032 54053
28033 54056
28034 56881
28035 27393
28036 63337
28037 17200
28038 63329
28039 53537
28040 25488
28041 27520
28042 63328
28043 805
28044 27281
28045 26472
28046 54056
28047 58120
28048 27400
28049 62248
28050 49960
28051 27400
28052 17192
28053 19224
28054 54049
28055 54056
28056 55077
28057 49445
28058 52009
28059 64097
28060 56865
28061 25377
28062 25344
28063 60256
28064 54049
28065 19241
28066 17185
28067 19232
28068 11813
28069 58216
28070 25498
28071 54040
28072 56881
28073 57121
28074 16740
28075 49944
28076 55840
28077 49445
28078 53605
28079 50016
28080 61217
28081 17152
28082 56889
28083 25472
28084 25352
28085 17184
28086 25377
28087 56096
28088 27424
28089 59168
28090 17184
28091 58216
28092 49509
28093 25384
28094 49976
28095 19240
28096 54048
28097 49952
28098 56681
28099 56881
28100 56681
28101 27400
28102 62240
28103 27536
28104 58336
28105 56681
28106 62308
28107 59169
28108 25505
28109 56064
28110 27392
28111 17184
28112 49960
28113 49509
28114 27424
28115 17193
28116 27552
28117 49952
28118 56681
28119 25344
28120 19240
28121 59169
28122 25344
28123 27424
28124 56105
28125 56681
28126 17185
28127 64352
28128 61216
28129 56617
28130 56681
28131 18209
28132 59169
28133 11793
28134 53605
28135 54072
28136 49968
28137 54056
28138 25504
28139 58145
28140 25504
28141 37217
28142 26409
28143 58112
28144 59169
28145 50080
28146 49504
28147 25496
28148 19233
28149 52001
28150 27489
28151 55080
28152 27153
28153 49952
28154 54049
28155 49953
28156 55073
28157 58112
28158 54057
28159 62241
28160 58209
28161 49952
28162 17168
28163 54049
28164 26401
28165 27425
28166 49953
28167 55073
28168 54024
28169 49952
28170 53541
28171 49953
28172 25512
28173 27393
28174 65385
28175 25448
28176 25345
28177 54049
28178 17184
28179 53600
28180 54025
28181 57828
28182 54049
28183 55081
28184 63265
28185 53605
28186 54112
28187 53541
28188 59177
28189 25496
28190 54048
28191 59168
28192 49512
28193 52008
28194 65376
28195 52016
28196 58145
28197 60192
28198 53797
28199 55081
28200 54817
28201 52000
28202 65313
28203 55081
28204 54048
28205 54072
28206 19240
28207 25480
28208 16677
28209 25368
28210 49960
28211 58144
28212 27424
28213 62252
28214 58213
28215 52001
28216 57889
28217 49960
28218 59169
28219 53604
28220 19200
28221 19232
28222 58144
28223 25376
28224 53541
28225 49440
28226 55073
28227 56097
28228 53600
28229 58144
28230 19233
28231 56681
28232 59169
28233 58112
28234 59176
28235 49504
28236 53605
28237 56096
28238 62312
28239 58145
28240 60168
28241 65377
28242 49952
28243 56120
28244 27400
28245 49953
28246 53605
28247 25440
28248 27408
28249 54821
28250 19241
28251 53604
28252 58280
28253 49952
28254 56881
28255 58152
28256 56681
28257 60193
28258 54049
28259 25352
28260 62112
28261 25376
28262 53025
28263 54061
28264 27153
28265 27400
28266 53541
28267 49952
28268 62241
28269 56096
28270 27489
28271 57128
28272 27488
28273 49952
28274 60200
28275 25344
28276 27393
28277 25377
28278 49969
28279 26401
28280 49509
28281 2328
28282 2329
28283 50104
28284 2392
28285 57145
28286 2328
28287 18712
28288 49944
28289 25377
28290 19224
28291 55088
28292 26401
28293 2392
28294 49944
28295 61793
28296 49953
28297 59176
28298 26393
28299 9112
28300 49976
28301 54032
28302 53797
28303 64001
28304 61217
28305 10017
28306 25445
28307 9016
28308 17161
28309 17200
28310 10017
28311 54056
28312 25368
28313 27432
28314 25368
28315 53541
28316 49953
28317 19224
28318 25370
28319 50016
28320 58153
28321 2840
28322 56673
28323 50104
28324 56673
28325 2328
28326 55081
28327 17304
28328 54625
28329 49961
28330 54048
28331 27392
28332 63265
28333 19224
28334 53545
28335 49953
28336 18761
28337 27153
28338 25376
28339 27393
28340 25368
28341 19240
28342 16677
28343 25440
28344 53797
28345 18760
28346 62240
28347 26409
28348 58144
28349 49952
28350 52001
28351 58144
28352 25360
28353 58208
28354 25440
28355 25384
28356 25376
28357 25448
28358 54061
28359 27392
28360 27424
28361 18209
28362 56673
28363 25472
28364 62208
28365 53605
28366 49504
28367 57129
28368 52009
28369 53613
28370 27425
28371 55073
28372 49509
28373 27400
28374 24097
28375 53605
28376 63328
28377 54049
28378 25580
28379 25377
28380 27425
28381 25345
28382 2328
28383 65384
28384 52000
28385 63336
28386 25376
28387 25377
28388 57128
28389 55857
28390 49953
28391 19201
28392 25376
28393 60168
28394 49960
28395 56104
28396 63272
28397 2329
28398 52009
28399 49505
28400 27424
28401 27425
28402 55080
28403 56681
28404 52001
28405 62241
28406 19336
28407 17184
28408 17208
28409 23057
28410 49960
28411 57192
28412 65385
28413 57184
28414 28417
28415 49953
28416 58272
28417 58144
28418 26408
28419 25376
28420 53033
28421 58112
28422 25384
28423 56097
28424 49952
28425 56888
28426 54072
28427 20256
28428 50985
28429 54057
28430 56681
28431 29496
28432 49508
28433 8993
28434 58112
28435 17185
28436 27488
28437 49968
28438 49953
28439 19233
28440 49572
28441 2849
28442 57828
28443 17176
28444 55073
28445 57193
28446 62305
28447 25377
28448 56681
28449 58144
28450 49952
28451 17184
28452 19232
28453 49844
28454 52008
28455 54072
28456 49512
28457 62241
28458 27393
28459 56065
28460 49445
28461 59168
28462 29544
28463 2328
28464 25384
28465 17304
28466 2825
28467 54837
28468 51969
28469 53812
28470 54048
28471 2849
28472 801
28473 57129
28474 2376
28475 55081
28476 25345
28477 19209
28478 58152
28479 25512
28480 49953
28481 55080
28482 62241
28483 25376
28484 52000
28485 27552
28486 25376
28487 19232
28488 64288
28489 25376
28490 55072
28491 25376
28492 27424
28493 25504
28494 56881
28495 26401
28496 53541
28497 21281
28498 60200
28499 57700
28500 55073
28501 58153
28502 17153
28503 49952
28504 51969
28505 49697
28506 27528
28507 54049
28508 25416
28509 17152
28510 17192
28511 52001
28512 62241
28513 50977
28514 54048
28515 58217
28516 19224
28517 26145
28518 58208
28519 49921
28520 65313
28521 28456
28522 17152
28523 27424
28524 25376
28525 58217
28526 52001
28527 27392
28528 49961
28529 54040
28530 19224
28531 50016
28532 25344
28533 33125
28534 49508
28535 65384
28536 60320
28537 25512
28538 65384
28539 19241
28540 61225
28541 60193
28542 27425
28543 53613
28544 27425
28545 58144
28546 49953
28547 23041
28548 27392
28549 54052
28550 26401
28551 54048
28552 56681
28553 25376
28554 58145
28555 16677
28556 56097
28557 25384
28558 19241
28559 49953
28560 56617
28561 64865
28562 29496
28563 25488
28564 52001
28565 27425
28566 64873
28567 25488
28568 25376
28569 64033
28570 58212
28571 2849
28572 49960
28573 20257
28574 56096
28575 19209
28576 58112
28577 53541
28578 61797
28579 25377
28580 25480
28581 53536
28582 65320
28583 25384
28584 49444
28585 49960
28586 49440
28587 55080
28588 50976
28589 56097
28590 27425
28591 50977
28592 25360
28593 55077
28594 19200
28595 54048
28596 49509
28597 53544
28598 63272
28599 49952
28600 49953
28601 54064
28602 25580
28603 51713
28604 53605
28605 27424
28606 25381
28607 16676
28608 26401
28609 25376
28610 54048
28611 53284
28612 62112
28613 58216
28614 25473
28615 53793
28616 17193
28617 63272
28618 62112
28619 54048
28620 27425
28621 61224
28622 49953
28623 25440
28624 54041
28625 56096
28626 51000
28627 58152
28628 29472
28629 17185
28630 60264
28631 58152
28632 21281
28633 58152
28634 60256
28635 27425
28636 28449
28637 51041
28638 27393
28639 49445
28640 56617
28641 58144
28642 49952
28643 49952
28644 61225
28645 63337
28646 27416
28647 58120
28648 62308
28649 19233
28650 25344
28651 49944
28652 19200
28653 27401
28654 53605
28655 27528
28656 62248
28657 58336
28658 58208
28659 57185
28660 58136
28661 49953
28662 17192
28663 25368
28664 54048
28665 25440
28666 25472
28667 57185
28668 25384
28669 54120
28670 62241
28671 58144
28672 27457
28673 49953
28674 55825
28675 49440
28676 26400
28677 56105
28678 53025
28679 57121
28680 49445
28681 25448
28682 16676
28683 27433
28684 27400
28685 27425
28686 56673
28687 49960
28688 17185
28689 49928
28690 53809
28691 58152
28692 56889
28693 64257
28694 57701
28695 58216
28696 58144
28697 56097
28698 60160
28699 53601
28700 54061
28701 19233
28702 19217
28703 49952
28704 57828
28705 19200
28706 49920
28707 54053
28708 58272
28709 27432
28710 17184
28711 25444
28712 2392
28713 11793
28714 57192
28715 55073
28716 54624
28717 25360
28718 17184
28719 25376
28720 49952
28721 52000
28722 61216
28723 54040
28724 60201
28725 49961
28726 17153
28727 27432
28728 57129
28729 25441
28730 58208
28731 17184
28732 17192
28733 25440
28734 54056
28735 27424
28736 58280
28737 62264
28738 53604
28739 62248
28740 54072
28741 25480
28742 60264
28743 60193
28744 32273
28745 49508
28746 27528
28747 60193
28748 19216
28749 25472
28750 58144
28751 25345
28752 49921
28753 62241
28754 25352
28755 19209
28756 59169
28757 27488
28758 56681
28759 56681
28760 25368
28761 52000
28762 56681
28763 49953
28764 27424
28765 19208
28766 25377
28767 54069
28768 55073
28769 25496
28770 56681
28771 57193
28772 49929
28773 54057
28774 49512
28775 54040
28776 27432
28777 17185
28778 54056
28779 19233
28780 49952
28781 57701
28782 52000
28783 25376
28784 58144
28785 57121
28786 49960
28787 58128
28788 54056
28789 53604
28790 58152
28791 17184
28792 19233
28793 58113
28794 54056
28795 33125
28796 25377
28797 64865
28798 58145
28799 19208
28800 60160
28801 58112
28802 27560
28803 53605
28804 18976
28805 54048
28806 25440
28807 61792
28808 65377
28809 30504
28810 19200
28811 49960
28812 52000
28813 60192
28814 56881
28815 55080
28816 25384
28817 53813
28818 57145
28819 57701
28820 49960
28821 64353
28822 49976
28823 60192
28824 25384
28825 62240
28826 63265
28827 49504
28828 25440
28829 27400
28830 56681
28831 25377
28832 53604
28833 55080
28834 19232
28835 25384
28836 52001
28837 56096
28838 54821
28839 25376
28840 54056
28841 49960
28842 54049
28843 25496
28844 58280
28845 57121
28846 58216
28847 49505
28848 58144
28849 56680
28850 62304
28851 57120
28852 49953
28853 25544
28854 56681
28855 24928
28856 28449
28857 25444
28858 56681
28859 25496
28860 49953
28861 57185
28862 58152
28863 62121
28864 56681
28865 19241
28866 25528
28867 25376
28868 56681
28869 49953
28870 62248
28871 56681
28872 58144
28873 49509
28874 63328
28875 63273
28876 59169
28877 54064
28878 61288
28879 49960
28880 25488
28881 17152
28882 25384
28883 57128
28884 52000
28885 54048
28886 28449
28887 19232
28888 19233
28889 54057
28890 49944
28891 56681
28892 19224
28893 52001
28894 51000
28895 19288
28896 2392
28897 59937
28898 60193
28899 58113
28900 19273
28901 53613
28902 19272
28903 27137
28904 888
28905 19273
28906 65320
28907 23057
28908 50984
28909 64289
28910 19352
28911 26409
28912 64865
28913 54056
28914 53176
28915 17208
28916 18976
28917 19224
28918 19273
28919 27424
28920 53033
28921 51000
28922 27425
28923 63329
28924 58112
28925 51000
28926 2392
28927 49968
28928 25512
28929 53792
28930 2328
28931 49976
28932 25376
28933 805
28934 58145
28935 53545
28936 64865
28937 856
28938 17178
28939 62249
28940 17248
28941 26409
28942 53605
28943 19224
28944 2329
28945 25496
28946 64352
28947 26409
28948 62112
28949 64096
28950 19224
28951 27489
28952 49952
28953 49509
28954 792
28955 19240
28956 2393
28957 58113
28958 63329
28959 17185
28960 20264
28961 17304
28962 19232
28963 27433
28964 3873
28965 64097
28966 53793
28967 25377
28968 19209
28969 27425
28970 27425
28971 56681
28972 60193
28973 27432
28974 17176
28975 49952
28976 52000
28977 23057
28978 19209
28979 53605
28980 18761
28981 64865
28982 49572
28983 56096
28984 25416
28985 19224
28986 25368
28987 23337
28988 55072
28989 19209
28990 19241
28991 17184
28992 18713
28993 19233
28994 19217
28995 55081
28996 18961
28997 26472
28998 25488
28999 61217
29000 25370
29001 60161
29002 27424
29003 49952
29004 58272
29005 2392
29006 26401
29007 28193
29008 49944
29009 19352
29010 25385
29011 58145
29012 54049
29013 58216
29014 56088
29015 25370
29016 25377
29017 63265
29018 60192
29019 49961
29020 19224
29021 17192
29022 19208
29023 54057
29024 55081
29025 27393
29026 50976
29027 54049
29028 26400
29029 58112
29030 21280
29031 52008
29032 27152
29033 58144
29034 56065
29035 27424
29036 63336
29037 49952
29038 59937
29039 17184
29040 19225
29041 25441
29042 49952
29043 58152
29044 17185
29045 60193
29046 23057
29047 50977
29048 19233
29049 27392
29050 27425
29051 18945
29052 52001
29053 19201
29054 53608
29055 19225
29056 56673
29057 55088
29058 65384
29059 52008
29060 54048
29061 56672
29062 27425
29063 63336
29064 49960
29065 55841
29066 2841
29067 25580
29068 27424
29069 25376
29070 25376
29071 53284
29072 57120
29073 25440
29074 58208
29075 63329
29076 54040
29077 801
29078 25376
29079 60192
29080 17306
29081 54048
29082 2377
29083 53605
29084 62241
29085 54048
29086 49952
29087 58145
29088 25512
29089 55841
29090 58112
29091 50984
29092 55081
29093 65385
29094 63336
29095 53777
29096 49960
29097 58272
29098 57128
29099 62264
29100 25376
29101 54056
29102 17185
29103 58153
29104 25440
29105 56104
29106 54833
29107 49920
29108 53025
29109 54056
29110 60256
29111 25496
29112 25384
29113 19201
29114 57193
29115 26464
29116 19233
29117 25488
29118 58168
29119 62240
29120 25376
29121 49952
29122 58145
29123 56881
29124 63336
29125 56088
29126 25448
29127 17185
29128 54629
29129 60257
29130 55081
29131 58120
29132 17176
29133 27400
29134 63336
29135 53809
29136 54112
29137 27489
29138 25376
29139 56120
29140 56681
29141 56681
29142 23328
29143 32545
29144 49921
29145 52016
29146 57120
29147 25368
29148 54049
29149 27560
29150 17177
29151 63264
29152 25580
29153 27392
29154 2392
29155 56681
29156 49952
29157 60200
29158 57128
29159 63336
29160 27520
29161 28457
29162 25377
29163 5921
29164 27425
29165 25377
29166 61281
29167 25480
29168 27425
29169 62248
29170 27153
29171 56681
29172 53809
29173 54049
29174 56681
29175 17161
29176 37665
29177 49697
29178 57097
29179 57697
29180 58209
29181 53797
29182 65320
29183 52000
29184 2841
29185 49445
29186 57129
29187 26401
29188 55809
29189 62248
29190 25352
29191 17152
29192 17189
29193 49961
29194 58144
29195 57701
29196 25496
29197 54048
29198 19233
29199 19233
29200 27424
29201 53809
29202 29608
29203 33125
29204 57193
29205 50976
29206 53541
29207 57701
29208 49968
29209 16676
29210 63272
29211 49960
29212 53604
29213 16741
29214 25368
29215 19224
29216 27424
29217 62241
29218 27392
29219 27424
29220 25384
29221 52000
29222 19233
29223 51976
29224 64032
29225 58216
29226 49960
29227 54040
29228 19233
29229 54049
29230 62240
29231 19208
29232 49952
29233 50976
29234 27408
29235 56617
29236 56681
29237 2857
29238 20232
29239 16736
29240 54048
29241 49952
29242 25377
29243 57129
29244 53600
29245 58152
29246 25344
29247 56681
29248 17193
29249 52000
29250 19248
29251 11793
29252 25441
29253 25376
29254 54056
29255 17184
29256 58145
29257 49953
29258 18209
29259 58144
29260 53605
29261 55072
29262 25377
29263 61217
29264 49952
29265 17192
29266 51745
29267 62241
29268 58145
29269 49504
29270 18272
29271 53544
29272 50984
29273 49445
29274 17184
29275 56617
29276 54048
29277 52000
29278 58145
29279 53605
29280 52000
29281 17152
29282 25568
29283 25512
29284 60200
29285 53604
29286 57700
29287 25344
29288 49945
29289 54064
29290 27393
29291 57120
29292 58209
29293 56105
29294 25488
29295 49960
29296 49944
29297 53541
29298 54817
29299 54056
29300 61797
29301 58213
29302 25368
29303 57185
29304 53541
29305 25504
29306 58272
29307 19201
29308 14176
29309 19200
29310 19209
29311 27528
29312 53812
29313 19201
29314 27401
29315 49952
29316 52001
29317 25385
29318 62304
29319 58208
29320 58144
29321 50016
29322 25580
29323 63336
29324 25385
29325 58144
29326 17189
29327 62264
29328 57128
29329 28456
29330 19240
29331 27425
29332 54056
29333 25376
29334 65384
29335 49952
29336 25376
29337 25344
29338 56097
29339 2393
29340 25488
29341 17192
29342 25441
29343 49952
29344 28520
29345 19233
29346 29472
29347 62264
29348 53813
29349 54048
29350 53605
29351 53793
29352 51968
29353 62305
29354 49504
29355 54048
29356 25381
29357 19232
29358 64873
29359 25352
29360 54049
29361 54049
29362 25440
29363 54053
29364 60192
29365 54049
29366 58112
29367 33061
29368 62308
29369 57828
29370 53541
29371 19240
29372 58240
29373 25344
29374 58144
29375 58112
29376 16677
29377 19225
29378 19233
29379 25512
29380 62240
29381 357
29382 56881
29383 53541
29384 53536
29385 58144
29386 54049
29387 60160
29388 19232
29389 56681
29390 25352
29391 19209
29392 49953
29393 27433
29394 49953
29395 25504
29396 25440
29397 62113
29398 55077
29399 19233
29400 25576
29401 59233
29402 25352
29403 16672
29404 25472
29405 65377
29406 49960
29407 25472
29408 63272
29409 19201
29410 17184
29411 27425
29412 27521
29413 25376
29414 56681
29415 49921
29416 56104
29417 59169
29418 57144
29419 54120
29420 61224
29421 57097
29422 55144
29423 49976
29424 49953
29425 58216
29426 58168
29427 58208
29428 21288
29429 56681
29430 57129
29431 65384
29432 17168
29433 60192
29434 56681
29435 54048
29436 17184
29437 55856
29438 19224
29439 25376
29440 56673
29441 18209
29442 56881
29443 27560
29444 33125
29445 56673
29446 24065
29447 54629
29448 52001
29449 26401
29450 25345
29451 49952
29452 50104
29453 25408
29454 27521
29455 56097
29456 25345
29457 56681
29458 58145
29459 49952
29460 49952
29461 25376
29462 27425
29463 58216
29464 18697
29465 64865
29466 59169
29467 58145
29468 25528
29469 52000
29470 49952
29471 63329
29472 63265
29473 65313
29474 64096
29475 54064
29476 53777
29477 19233
29478 55081
29479 52001
29480 27432
29481 54040
29482 60169
29483 19240
29484 57129
29485 58144
29486 29544
29487 25368
29488 56681
29489 51968
29490 49952
29491 17153
29492 26401
29493 25344
29494 17168
29495 27425
29496 25376
29497 17185
29498 58120
29499 17184
29500 60264
29501 56888
29502 52008
29503 27424
29504 16736
29505 17185
29506 53605
29507 63273
29508 58145
29509 62240
29510 19233
29511 856
29512 56681
29513 49952
29514 50976
29515 25376
29516 52001
29517 17185
29518 2848
29519 58272
29520 53601
29521 19233
29522 25512
29523 25352
29524 56681
29525 49960
29526 50080
29527 63336
29528 54056
29529 58209
29530 25448
29531 17153
29532 65385
29533 54048
29534 27393
29535 49953
29536 19240
29537 54056
29538 53604
29539 61796
29540 49976
29541 49952
29542 58272
29543 58272
29544 57121
29545 54837
29546 54056
29547 54112
29548 49445
29549 2328
29550 49509
29551 18761
29552 25444
29553 49960
29554 58144
29555 53797
29556 52008
29557 56681
29558 49944
29559 58112
29560 19217
29561 27488
29562 49504
29563 49844
29564 55081
29565 58144
29566 19232
29567 59232
29568 55144
29569 56673
29570 49960
29571 62240
29572 52008
29573 56097
29574 58209
29575 49952
29576 63329
29577 59232
29578 49952
29579 55096
29580 2328
29581 52001
29582 25512
29583 25344
29584 25496
29585 56881
29586 8997
29587 28512
29588 49952
29589 17185
29590 53537
29591 58144
29592 49952
29593 49960
29594 58216
29595 61217
29596 49952
29597 53600
29598 25376
29599 17184
29600 63265
29601 54048
29602 53605
29603 19200
29604 55077
29605 60201
29606 55649
29607 19233
29608 27465
29609 58272
29610 49968
29611 54057
29612 60192
29613 54065
29614 53605
29615 19233
29616 2841
29617 57121
29618 56096
29619 17200
29620 63265
29621 59168
29622 54049
29623 54049
29624 53541
29625 27392
29626 25361
29627 27425
29628 49953
29629 63273
29630 56681
29631 23328
29632 27544
29633 58272
29634 56881
29635 56681
29636 25384
29637 52001
29638 63272
29639 63264
29640 19201
29641 61280
29642 54625
29643 50016
29644 53605
29645 54072
29646 25376
29647 63337
29648 27520
29649 17208
29650 61792
29651 801
29652 65385
29653 19088
29654 62304
29655 65320
29656 58208
29657 54049
29658 52001
29659 27432
29660 56617
29661 28448
29662 19209
29663 52000
29664 58144
29665 25472
29666 57185
29667 57129
29668 25440
29669 65376
29670 56617
29671 57121
29672 57120
29673 49952
29674 59169
29675 49960
29676 25377
29677 54057
29678 63329
29679 55096
29680 25488
29681 56681
