Point_ID Label
0 37664
1 37680
2 49953
3 53781
4 49936
5 37648
6 54048
7 54032
8 27425
9 39441
10 53796
11 53781
12 49952
13 54064
14 54064
15 27496
16 25377
17 27432
18 58184
19 54056
20 49960
21 37664
22 61224
23 27401
24 58216
25 27401
26 56088
27 37648
28 55809
29 37648
30 60200
31 58145
32 37648
33 59136
34 53033
35 37648
36 61225
37 37665
38 27400
39 27401
40 54049
41 27496
42 25360
43 54032
44 52056
45 53781
46 37648
47 60184
48 53781
49 27496
50 54016
51 60360
52 27496
53 27400
54 37648
55 37664
56 39441
57 27401
58 27401
59 53781
60 54049
61 53781
62 27401
63 57129
64 33569
65 58145
66 27425
67 53781
68 37664
69 49665
70 37648
71 53781
72 37393
73 54032
74 49953
75 37664
76 25377
77 55840
78 37648
79 37648
80 54032
81 37648
82 54032
83 37393
84 53781
85 37648
86 37648
87 56097
88 37648
89 27496
90 54032
91 27497
92 37648
93 37648
94 37648
95 54032
96 39440
97 54024
98 54032
99 37648
100 28521
101 60184
102 39441
103 27393
104 25377
105 53765
106 37664
107 17153
108 60184
109 27496
110 53781
111 54032
112 37664
113 53781
114 27401
115 49952
116 27497
117 27401
118 60184
119 27496
120 54048
121 62249
122 59169
123 65321
124 33584
125 27464
126 60184
127 27497
128 27432
129 28521
130 27497
131 49944
132 54048
133 60184
134 53781
135 53781
136 54049
137 27432
138 37393
139 28417
140 49952
141 53764
142 27624
143 49952
144 53777
145 49960
146 37664
147 27496
148 49952
149 49936
150 27401
151 27496
152 54032
153 27401
154 54032
155 19240
156 27496
157 37648
158 27624
159 60184
160 19224
161 60193
162 39441
163 37648
164 39441
165 54032
166 49936
167 58216
168 54049
169 39441
170 58144
171 55073
172 28512
173 53761
174 54032
175 27496
176 54064
177 56096
178 58145
179 37393
180 56152
181 19209
182 56097
183 27496
184 19240
185 17185
186 53781
187 54032
188 60184
189 27400
190 27496
191 28521
192 53761
193 27401
194 53777
195 27496
196 27497
197 27496
198 27400
199 37393
200 27496
201 33576
202 53781
203 49681
204 39441
205 27624
206 52000
207 60312
208 54032
209 51992
210 53765
211 52001
212 19209
213 37425
214 54049
215 27400
216 27496
217 27488
218 52120
219 54064
220 27497
221 54064
222 54048
223 54032
224 37648
225 54032
226 37392
227 54049
228 37665
229 60192
230 60312
231 19209
232 60265
233 37397
234 37393
235 51992
236 54064
237 27401
238 28513
239 37664
240 37664
241 53781
242 27496
243 63265
244 58145
245 54049
246 61225
247 54032
248 19224
249 53781
250 37664
251 49953
252 27401
253 53765
254 27401
255 37648
256 53781
257 54048
258 54032
259 27496
260 19201
261 53781
262 56096
263 19216
264 53776
265 37664
266 27392
267 19200
268 37648
269 54048
270 54032
271 37648
272 27401
273 27496
274 27400
275 59168
276 59168
277 60184
278 65313
279 60184
280 27401
281 27496
282 27497
283 37680
284 54048
285 37648
286 57128
287 28521
288 58200
289 27401
290 53781
291 53781
292 53781
293 37648
294 37648
295 54032
296 28449
297 37648
298 37393
299 54064
300 27496
301 28513
302 54032
303 58121
304 49953
305 53781
306 54048
307 37648
308 53781
309 37648
310 27624
311 54048
312 54064
313 25376
314 54048
315 35617
316 53781
317 17189
318 27496
319 62312
320 60193
321 60184
322 51712
323 27433
324 60328
325 54048
326 27497
327 60160
328 27400
329 27401
330 53781
331 49697
332 27401
333 17184
334 39457
335 37664
336 25377
337 53813
338 37648
339 53781
340 49960
341 54048
342 27433
343 19201
344 27496
345 54048
346 19232
347 58136
348 60312
349 27400
350 54048
351 37664
352 37648
353 17168
354 27496
355 52072
356 27425
357 54064
358 49968
359 50016
360 60184
361 27401
362 27401
363 19240
364 53781
365 37393
366 55072
367 60248
368 53781
369 27496
370 27496
371 37648
372 27432
373 39441
374 17184
375 49953
376 49969
377 54064
378 54056
379 54048
380 27433
381 27400
382 54057
383 27400
384 53781
385 37392
386 39441
387 37648
388 53781
389 54048
390 19248
391 19200
392 54032
393 37648
394 65313
395 27496
396 49952
397 55081
398 60184
399 53781
400 27496
401 58144
402 58200
403 54064
404 37664
405 54032
406 27400
407 53781
408 53781
409 49952
410 37648
411 37393
412 27624
413 54048
414 53781
415 27496
416 51992
417 53781
418 19209
419 26401
420 60248
421 37648
422 54032
423 54032
424 54032
425 54032
426 53781
427 39441
428 60264
429 54032
430 27624
431 53781
432 39441
433 53781
434 53781
435 37393
436 53797
437 53781
438 54032
439 37648
440 53781
441 37680
442 54049
443 54032
444 37648
445 53781
446 53781
447 39441
448 37648
449 37648
450 37648
451 60184
452 37648
453 27400
454 37648
455 60257
456 37648
457 53781
458 54032
459 53781
460 37648
461 60184
462 53781
463 37648
464 60232
465 37648
466 54064
467 53781
468 54032
469 53781
470 37397
471 54032
472 54032
473 37648
474 53781
475 63272
476 37393
477 54032
478 37392
479 37393
480 53781
481 52001
482 53781
483 53781
484 63328
485 53781
486 37648
487 53781
488 53781
489 53781
490 37648
491 58145
492 53781
493 49953
494 37648
495 37648
496 37648
497 27496
498 27401
499 60184
500 53781
501 53781
502 54032
503 53781
504 60161
505 53781
506 53781
507 53781
508 54032
509 53781
510 53781
511 37680
512 60312
513 53781
514 49936
515 54032
516 54048
517 53781
518 37681
519 53781
520 54048
521 54048
522 37648
523 19240
524 27496
525 27464
526 53797
527 27392
528 53764
529 27401
530 27496
531 28521
532 37680
533 56105
534 53781
535 53765
536 53781
537 33584
538 60184
539 54048
540 27392
541 64296
542 54048
543 54040
544 54032
545 37664
546 53781
547 55073
548 27489
549 27433
550 37648
551 60184
552 60184
553 27400
554 27433
555 27393
556 53781
557 54064
558 27592
559 37648
560 37664
561 51968
562 49944
563 37680
564 27432
565 27401
566 53781
567 27464
568 53781
569 37648
570 53781
571 37648
572 52008
573 54048
574 58144
575 49928
576 54032
577 53781
578 58113
579 27496
580 51992
581 54049
582 27424
583 53781
584 52072
585 54048
586 53781
587 37688
588 62232
589 27496
590 51992
591 60184
592 60184
593 60248
594 59232
595 28513
596 27400
597 53781
598 54033
599 60328
600 27401
601 37649
602 54049
603 37680
604 53781
605 27401
606 51968
607 60312
608 27432
609 27401
610 17169
611 60192
612 54056
613 60193
614 27400
615 49977
616 37664
617 53781
618 28457
619 52040
620 27425
621 53781
622 17184
623 37648
624 28521
625 53797
626 27401
627 58128
628 37392
629 28457
630 27425
631 53781
632 53781
633 60168
634 51744
635 60192
636 28449
637 60193
638 53781
639 53781
640 37648
641 27456
642 28521
643 60168
644 60248
645 54048
646 64280
647 27401
648 54048
649 54040
650 54032
651 37648
652 53781
653 37393
654 53781
655 19233
656 27433
657 53781
658 60312
659 33568
660 53781
661 53781
662 54032
663 56088
664 53781
665 60184
666 37680
667 54032
668 54032
669 54032
670 53781
671 37392
672 37648
673 27496
674 27489
675 37664
676 53781
677 49952
678 53781
679 27496
680 53781
681 37664
682 37648
683 54032
684 39441
685 54032
686 27592
687 17185
688 37648
689 53781
690 19240
691 53781
692 37648
693 54017
694 53781
695 27424
696 27393
697 37648
698 37648
699 59233
700 39441
701 53781
702 53765
703 37648
704 27401
705 53781
706 49953
707 27624
708 54032
709 53765
710 53781
711 53781
712 60248
713 33584
714 37393
715 37648
716 54048
717 37664
718 37648
719 28457
720 53765
721 27401
722 54032
723 54032
724 52056
725 19209
726 49920
727 54032
728 61281
729 27496
730 53761
731 53781
732 37393
733 54032
734 37392
735 37397
736 25376
737 53781
738 37393
739 55073
740 53781
741 53781
742 53781
743 51992
744 53781
745 52120
746 54032
747 49953
748 51984
749 33576
750 53781
751 51744
752 17185
753 37648
754 52001
755 61193
756 27401
757 27400
758 27496
759 49685
760 53781
761 53781
762 58152
763 49968
764 27400
765 60160
766 54032
767 37648
768 27401
769 37648
770 37648
771 54032
772 53781
773 54040
774 62232
775 54032
776 53781
777 37393
778 55080
779 37648
780 53781
781 37648
782 60160
783 53781
784 27432
785 27401
786 49953
787 37648
788 58129
789 54048
790 27432
791 19200
792 37664
793 54032
794 54048
795 27425
796 39440
797 60184
798 27401
799 27401
800 53781
801 27497
802 37648
803 62248
804 52072
805 54056
806 19208
807 53781
808 53781
809 65313
810 27400
811 60328
812 53781
813 37648
814 54048
815 53781
816 54056
817 53781
818 60192
819 60376
820 54048
821 19233
822 49936
823 27496
824 54032
825 62241
826 54032
827 28513
828 54032
829 60184
830 37664
831 53781
832 60200
833 25344
834 37413
835 27401
836 37664
837 27496
838 54032
839 53781
840 25345
841 27496
842 58112
843 27432
844 28457
845 57121
846 53813
847 54048
848 52120
849 54016
850 54048
851 27425
852 37664
853 53808
854 27432
855 53781
856 27401
857 53781
858 27432
859 25376
860 54048
861 60248
862 20264
863 49665
864 27433
865 19241
866 37648
867 59169
868 27433
869 37664
870 53781
871 60264
872 17192
873 54048
874 53781
875 37665
876 60161
877 27496
878 53780
879 63265
880 51992
881 53793
882 37664
883 27624
884 52120
885 27496
886 53765
887 52008
888 27496
889 27624
890 37393
891 49685
892 60200
893 27432
894 27392
895 58128
896 54040
897 54048
898 53781
899 27401
900 53781
901 53781
902 27401
903 53781
904 27400
905 27496
906 49936
907 27401
908 54048
909 60288
910 49685
911 60184
912 53781
913 53781
914 27496
915 19352
916 27432
917 27496
918 58145
919 53781
920 27401
921 37648
922 53781
923 37664
924 37648
925 37664
926 53781
927 49713
928 54048
929 25360
930 54056
931 54064
932 53781
933 37648
934 55064
935 54032
936 27400
937 58144
938 37664
939 53781
940 37648
941 53781
942 27393
943 53793
944 37688
945 53781
946 37648
947 60200
948 53781
949 49685
950 49952
951 54032
952 27401
953 37648
954 62296
955 37648
956 53781
957 53781
958 54032
959 56088
960 27400
961 60312
962 53781
963 27496
964 49953
965 37648
966 27497
967 27401
968 27424
969 19201
970 27465
971 53781
972 37648
973 62249
974 53781
975 53781
976 53781
977 53781
978 37664
979 25376
980 54032
981 53781
982 53781
983 37397
984 52000
985 25344
986 37409
987 27489
988 53781
989 54072
990 37648
991 37648
992 37664
993 54048
994 54048
995 54032
996 60184
997 53765
998 49952
999 49957
1000 55056
1001 50977
1002 37665
1003 53781
1004 37648
1005 53781
1006 54032
1007 53781
1008 27401
1009 37664
1010 27400
1011 60248
1012 27497
1013 17185
1014 37648
1015 37393
1016 27496
1017 27496
1018 54048
1019 54048
1020 27624
1021 54049
1022 37648
1023 27393
1024 54032
1025 27488
1026 37648
1027 53781
1028 53781
1029 53781
1030 17192
1031 37664
1032 53781
1033 37648
1034 54032
1035 54032
1036 54064
1037 37648
1038 58152
1039 37664
1040 37648
1041 27496
1042 37393
1043 37664
1044 37648
1045 37664
1046 53781
1047 53765
1048 37393
1049 53781
1050 53781
1051 37648
1052 58144
1053 58184
1054 53781
1055 37648
1056 49936
1057 37664
1058 27465
1059 54032
1060 27624
1061 53781
1062 60184
1063 53792
1064 60184
1065 27432
1066 62232
1067 37648
1068 19232
1069 60312
1070 27497
1071 54032
1072 55080
1073 54048
1074 55064
1075 25376
1076 49952
1077 54064
1078 53781
1079 62304
1080 49960
1081 54048
1082 25377
1083 54032
1084 53781
1085 53781
1086 64360
1087 54032
1088 19201
1089 53765
1090 27496
1091 54032
1092 60169
1093 39441
1094 21281
1095 58113
1096 63329
1097 27401
1098 37664
1099 27496
1100 19200
1101 53781
1102 25441
1103 37664
1104 54032
1105 17184
1106 54048
1107 11041
1108 19225
1109 53781
1110 49952
1111 16901
1112 54064
1113 58145
1114 53781
1115 54048
1116 54048
1117 61216
1118 62241
1119 49960
1120 27401
1121 49936
1122 60192
1123 51992
1124 60328
1125 57097
1126 27496
1127 60200
1128 55809
1129 60184
1130 27401
1131 37664
1132 56104
1133 53781
1134 54049
1135 53781
1136 55081
1137 52120
1138 27624
1139 54048
1140 27424
1141 27401
1142 37392
1143 49681
1144 27624
1145 51992
1146 53781
1147 53781
1148 60184
1149 60184
1150 49953
1151 27465
1152 37648
1153 62241
1154 59169
1155 52001
1156 53781
1157 27496
1158 27401
1159 27488
1160 54048
1161 27496
1162 54016
1163 60184
1164 53781
1165 37648
1166 53781
1167 27624
1168 54040
1169 60184
1170 51968
1171 27400
1172 26409
1173 58145
1174 62232
1175 53781
1176 54048
1177 55073
1178 49952
1179 37680
1180 39441
1181 53781
1182 25377
1183 27425
1184 27400
1185 54040
1186 27401
1187 53781
1188 54053
1189 60248
1190 51976
1191 27496
1192 27433
1193 27488
1194 60184
1195 58184
1196 37664
1197 37648
1198 27401
1199 27496
1200 37664
1201 37664
1202 54056
1203 37393
1204 53781
1205 37664
1206 27496
1207 54048
1208 27400
1209 52009
1210 19201
1211 49701
1212 53781
1213 53781
1214 19304
1215 53781
1216 55809
1217 53797
1218 37648
1219 55073
1220 37664
1221 28425
1222 19240
1223 58145
1224 25448
1225 37664
1226 49953
1227 53813
1228 54032
1229 54032
1230 53765
1231 53781
1232 27496
1233 37393
1234 37648
1235 37680
1236 54016
1237 28417
1238 54032
1239 28449
1240 53781
1241 53765
1242 19296
1243 37664
1244 27432
1245 27464
1246 27433
1247 27432
1248 27496
1249 37648
1250 53781
1251 37648
1252 54032
1253 54032
1254 53781
1255 53781
1256 37392
1257 53781
1258 800
1259 27624
1260 58145
1261 54048
1262 37393
1263 59176
1264 49936
1265 53781
1266 60184
1267 37664
1268 54048
1269 54048
1270 49952
1271 53797
1272 37648
1273 53033
1274 37648
1275 53781
1276 37664
1277 18945
1278 27400
1279 37664
1280 50985
1281 27401
1282 53781
1283 37393
1284 27496
1285 53781
1286 53781
1287 62240
1288 58113
1289 58208
1290 53781
1291 53781
1292 25377
1293 18216
1294 54048
1295 54032
1296 27425
1297 37392
1298 53781
1299 53781
1300 53781
1301 53781
1302 37664
1303 53781
1304 53781
1305 27400
1306 60184
1307 49665
1308 39457
1309 26408
1310 27401
1311 27401
1312 49953
1313 53781
1314 27401
1315 37648
1316 53781
1317 62249
1318 54032
1319 60248
1320 58144
1321 27401
1322 27488
1323 54032
1324 25377
1325 53781
1326 54032
1327 37648
1328 54032
1329 37664
1330 63272
1331 27400
1332 37393
1333 53781
1334 37393
1335 53781
1336 53781
1337 18945
1338 25384
1339 54064
1340 27401
1341 27465
1342 53781
1343 49936
1344 53813
1345 25377
1346 53781
1347 27496
1348 27497
1349 37664
1350 50977
1351 27496
1352 49961
1353 37664
1354 54032
1355 60192
1356 53781
1357 27401
1358 59176
1359 53781
1360 26401
1361 60184
1362 54032
1363 54048
1364 54048
1365 39713
1366 54048
1367 27489
1368 53781
1369 54049
1370 53781
1371 54048
1372 27624
1373 19240
1374 54032
1375 53781
1376 58120
1377 53776
1378 54040
1379 17168
1380 39441
1381 53781
1382 53781
1383 27425
1384 53776
1385 27488
1386 49952
1387 54049
1388 58200
1389 58152
1390 37664
1391 37664
1392 17256
1393 56097
1394 49953
1395 56064
1396 54032
1397 54064
1398 53781
1399 58144
1400 54056
1401 17184
1402 59168
1403 19241
1404 17184
1405 54049
1406 53781
1407 27497
1408 49944
1409 49944
1410 25344
1411 53813
1412 27496
1413 19240
1414 49945
1415 27425
1416 25376
1417 56088
1418 53781
1419 37680
1420 53781
1421 63272
1422 52000
1423 53781
1424 17168
1425 59137
1426 37648
1427 61193
1428 54048
1429 53781
1430 54040
1431 37672
1432 49936
1433 49952
1434 19248
1435 27489
1436 54040
1437 60184
1438 58145
1439 27433
1440 54049
1441 53797
1442 60248
1443 54032
1444 53781
1445 49952
1446 27496
1447 26408
1448 27392
1449 53781
1450 60192
1451 60169
1452 60184
1453 37688
1454 33568
1455 27401
1456 54040
1457 27401
1458 54032
1459 53781
1460 54032
1461 60248
1462 49952
1463 51977
1464 53781
1465 60312
1466 27401
1467 60248
1468 53781
1469 37680
1470 53781
1471 27433
1472 54032
1473 37648
1474 53777
1475 27496
1476 52120
1477 53781
1478 53781
1479 53781
1480 27624
1481 49960
1482 60232
1483 54032
1484 17185
1485 60192
1486 27401
1487 49685
1488 28457
1489 54048
1490 27488
1491 53781
1492 27401
1493 60184
1494 53781
1495 19233
1496 53781
1497 54032
1498 53781
1499 62240
1500 49952
1501 37393
1502 53813
1503 49685
1504 61216
1505 54056
1506 53781
1507 49953
1508 17153
1509 37393
1510 53781
1511 53781
1512 49968
1513 53780
1514 53781
1515 54049
1516 58144
1517 27496
1518 53777
1519 28456
1520 37393
1521 37664
1522 54032
1523 18945
1524 49936
1525 37664
1526 60360
1527 49952
1528 53761
1529 56088
1530 54040
1531 54032
1532 19241
1533 54048
1534 60184
1535 28456
1536 56080
1537 19208
1538 58144
1539 54049
1540 52120
1541 27401
1542 60184
1543 19241
1544 27489
1545 58112
1546 27496
1547 27496
1548 27401
1549 54048
1550 52000
1551 37649
1552 53781
1553 52008
1554 53813
1555 49920
1556 54032
1557 27496
1558 54064
1559 37648
1560 53781
1561 54032
1562 37648
1563 53781
1564 53781
1565 27497
1566 53781
1567 54032
1568 17168
1569 54032
1570 61217
1571 57120
1572 61288
1573 54048
1574 37680
1575 53781
1576 53781
1577 57120
1578 37664
1579 49953
1580 27425
1581 51992
1582 49952
1583 62240
1584 37393
1585 27496
1586 49952
1587 37397
1588 53781
1589 49701
1590 27433
1591 37648
1592 49952
1593 53781
1594 27425
1595 54032
1596 62240
1597 27496
1598 37648
1599 54049
1600 37648
1601 54048
1602 53781
1603 37648
1604 27496
1605 27496
1606 62304
1607 53781
1608 37648
1609 53781
1610 49936
1611 27465
1612 54032
1613 19233
1614 53781
1615 17256
1616 60392
1617 53781
1618 53781
1619 53764
1620 37664
1621 53781
1622 53765
1623 49936
1624 27624
1625 27401
1626 62249
1627 54032
1628 49936
1629 54032
1630 61225
1631 37393
1632 49920
1633 54048
1634 54064
1635 37393
1636 60201
1637 53781
1638 37648
1639 51976
1640 52000
1641 27624
1642 27432
1643 49668
1644 49952
1645 37648
1646 27496
1647 19240
1648 27433
1649 53781
1650 58145
1651 53781
1652 49952
1653 61217
1654 37648
1655 53781
1656 53781
1657 37672
1658 53781
1659 53781
1660 57121
1661 37648
1662 49952
1663 49953
1664 37648
1665 53781
1666 54064
1667 35617
1668 53781
1669 37665
1670 54048
1671 53796
1672 53781
1673 62240
1674 60184
1675 37664
1676 60312
1677 37648
1678 50976
1679 49685
1680 27401
1681 53781
1682 27401
1683 53781
1684 54056
1685 53781
1686 51992
1687 54048
1688 18209
1689 53777
1690 37649
1691 60192
1692 60184
1693 54048
1694 53797
1695 27465
1696 54032
1697 53781
1698 54048
1699 37648
1700 54057
1701 53781
1702 26400
1703 27464
1704 27488
1705 27400
1706 27401
1707 27401
1708 53781
1709 37664
1710 54056
1711 55080
1712 54032
1713 17160
1714 53781
1715 27401
1716 54064
1717 27401
1718 53781
1719 54048
1720 58112
1721 54049
1722 58145
1723 53781
1724 54032
1725 56088
1726 54048
1727 27592
1728 26400
1729 59169
1730 54048
1731 27456
1732 19240
1733 54049
1734 53781
1735 27496
1736 60184
1737 28457
1738 25377
1739 37648
1740 55064
1741 37648
1742 54032
1743 59137
1744 60184
1745 27401
1746 27496
1747 59169
1748 53781
1749 37664
1750 39441
1751 21281
1752 27496
1753 52120
1754 37672
1755 49928
1756 18961
1757 17189
1758 27401
1759 37648
1760 53781
1761 37409
1762 58136
1763 53781
1764 25384
1765 25376
1766 60184
1767 53032
1768 37393
1769 51977
1770 53781
1771 60184
1772 58144
1773 37648
1774 37648
1775 19201
1776 27624
1777 27400
1778 51992
1779 20256
1780 27392
1781 49665
1782 27401
1783 54064
1784 27496
1785 53781
1786 17184
1787 49685
1788 62240
1789 54032
1790 27400
1791 16897
1792 27496
1793 28425
1794 27432
1795 53781
1796 37648
1797 57097
1798 49952
1799 56065
1800 54053
1801 49960
1802 53781
1803 56088
1804 37665
1805 37664
1806 27496
1807 51992
1808 60184
1809 27496
1810 27624
1811 28449
1812 54065
1813 54032
1814 49665
1815 37648
1816 27497
1817 26409
1818 37393
1819 53781
1820 37664
1821 53781
1822 53781
1823 49713
1824 54048
1825 60184
1826 60168
1827 37664
1828 53765
1829 53781
1830 49952
1831 49961
1832 37648
1833 49936
1834 54048
1835 37648
1836 35617
1837 54032
1838 37664
1839 27496
1840 54032
1841 53781
1842 27401
1843 54048
1844 17160
1845 53781
1846 28520
1847 37664
1848 27432
1849 54032
1850 52072
1851 53781
1852 27496
1853 62241
1854 53781
1855 53797
1856 54065
1857 54032
1858 19296
1859 54032
1860 28425
1861 53781
1862 54032
1863 37664
1864 27400
1865 49953
1866 49936
1867 37648
1868 54032
1869 53781
1870 49669
1871 61225
1872 27489
1873 19304
1874 54032
1875 60161
1876 54032
1877 58129
1878 27393
1879 54049
1880 54048
1881 2848
1882 52120
1883 54048
1884 52120
1885 37393
1886 28457
1887 37680
1888 54048
1889 54032
1890 37648
1891 27393
1892 54032
1893 60192
1894 58144
1895 27496
1896 33576
1897 37672
1898 37393
1899 53781
1900 53781
1901 49952
1902 54032
1903 28456
1904 62208
1905 52008
1906 17152
1907 60184
1908 17184
1909 65385
1910 37648
1911 37664
1912 54064
1913 39440
1914 37648
1915 54048
1916 52001
1917 49960
1918 37648
1919 37648
1920 37648
1921 54032
1922 54032
1923 53781
1924 37664
1925 53781
1926 49952
1927 27401
1928 19225
1929 53781
1930 54032
1931 53761
1932 37392
1933 53781
1934 49976
1935 37664
1936 53781
1937 49921
1938 49952
1939 27425
1940 60184
1941 27401
1942 54048
1943 27424
1944 26401
1945 49953
1946 27401
1947 37664
1948 53781
1949 27401
1950 25377
1951 27464
1952 19201
1953 27401
1954 37665
1955 54032
1956 19241
1957 57128
1958 27400
1959 54064
1960 49961
1961 27496
1962 49668
1963 58145
1964 25384
1965 53781
1966 53781
1967 27433
1968 60248
1969 27424
1970 27465
1971 54040
1972 54048
1973 53781
1974 58113
1975 37648
1976 55841
1977 54033
1978 54064
1979 27496
1980 58176
1981 53781
1982 54048
1983 60232
1984 27400
1985 27497
1986 37664
1987 54040
1988 50016
1989 37648
1990 27433
1991 37680
1992 53781
1993 53781
1994 53781
1995 63265
1996 25352
1997 25344
1998 53781
1999 25089
2000 63264
2001 58216
2002 27392
2003 53764
2004 53781
2005 54049
2006 53781
2007 49953
2008 53780
2009 60312
2010 51992
2011 19233
2012 54032
2013 53781
2014 27400
2015 53781
2016 27488
2017 58209
2018 27424
2019 60296
2020 19216
2021 27496
2022 33568
2023 51992
2024 60200
2025 27496
2026 27433
2027 62304
2028 54064
2029 37648
2030 25089
2031 56088
2032 58144
2033 58144
2034 54032
2035 37688
2036 39440
2037 27624
2038 27400
2039 17185
2040 58112
2041 53781
2042 54032
2043 27496
2044 53781
2045 27497
2046 54032
2047 49957
2048 53781
2049 60184
2050 27496
2051 56088
2052 54048
2053 56080
2054 17184
2055 53781
2056 53765
2057 54048
2058 27497
2059 37672
2060 54064
2061 25376
2062 62240
2063 58144
2064 54040
2065 49665
2066 54056
2067 53781
2068 49937
2069 27425
2070 27433
2071 54032
2072 53781
2073 17184
2074 27528
2075 27401
2076 60264
2077 27424
2078 17192
2079 27425
2080 53781
2081 53781
2082 54048
2083 28457
2084 58144
2085 52000
2086 54064
2087 33568
2088 37664
2089 54049
2090 62232
2091 53781
2092 58145
2093 27496
2094 28521
2095 59232
2096 53781
2097 53781
2098 51992
2099 27497
2100 25385
2101 37648
2102 37664
2103 53781
2104 53781
2105 54072
2106 27425
2107 27401
2108 27488
2109 53781
2110 55080
2111 54057
2112 37648
2113 54032
2114 49685
2115 53781
2116 27433
2117 37680
2118 37664
2119 54049
2120 60200
2121 49953
2122 27496
2123 39440
2124 54049
2125 25377
2126 49685
2127 53781
2128 49953
2129 53781
2130 49668
2131 54032
2132 37648
2133 53781
2134 52008
2135 53781
2136 17189
2137 54032
2138 53765
2139 37648
2140 37664
2141 53781
2142 37664
2143 62296
2144 27401
2145 18209
2146 33568
2147 53781
2148 55809
2149 37664
2150 53781
2151 17185
2152 58152
2153 27456
2154 37648
2155 54032
2156 53781
2157 37393
2158 53781
2159 53765
2160 55840
2161 53781
2162 49968
2163 53781
2164 37392
2165 37680
2166 37648
2167 53781
2168 51993
2169 28520
2170 53781
2171 49952
2172 27401
2173 52008
2174 37664
2175 54032
2176 53781
2177 54016
2178 60248
2179 60184
2180 54104
2181 54032
2182 37664
2183 49952
2184 19201
2185 53781
2186 27433
2187 27496
2188 53765
2189 27400
2190 37664
2191 53781
2192 37664
2193 60168
2194 37688
2195 17152
2196 60184
2197 27401
2198 27401
2199 54048
2200 50024
2201 60200
2202 53781
2203 53781
2204 37664
2205 54065
2206 27489
2207 53781
2208 53797
2209 37648
2210 60248
2211 27465
2212 37664
2213 49936
2214 27488
2215 27496
2216 27433
2217 17160
2218 20256
2219 27496
2220 27401
2221 53781
2222 49976
2223 37648
2224 55056
2225 37664
2226 37664
2227 37665
2228 51976
2229 53781
2230 28521
2231 60248
2232 19233
2233 54056
2234 27496
2235 52120
2236 58153
2237 49685
2238 49953
2239 54032
2240 27401
2241 53781
2242 58136
2243 60312
2244 53781
2245 54048
2246 60312
2247 28457
2248 19233
2249 56064
2250 53781
2251 27496
2252 49944
2253 59177
2254 53781
2255 58144
2256 54032
2257 26464
2258 18945
2259 61216
2260 53781
2261 27624
2262 54048
2263 53781
2264 54048
2265 53781
2266 37664
2267 25377
2268 19225
2269 27401
2270 52001
2271 55080
2272 27401
2273 58144
2274 28521
2275 27392
2276 27400
2277 58120
2278 27432
2279 27497
2280 37648
2281 37393
2282 51976
2283 27496
2284 27624
2285 28521
2286 52000
2287 59233
2288 53777
2289 39441
2290 28457
2291 27496
2292 56097
2293 33584
2294 37648
2295 37648
2296 37664
2297 17185
2298 27465
2299 49685
2300 37680
2301 25448
2302 53781
2303 39713
2304 49936
2305 53781
2306 49921
2307 27401
2308 54040
2309 60184
2310 37665
2311 62241
2312 53781
2313 37664
2314 27520
2315 27497
2316 54032
2317 27496
2318 53781
2319 52008
2320 49961
2321 53781
2322 53781
2323 53781
2324 60360
2325 33568
2326 53793
2327 53781
2328 53781
2329 53781
2330 60168
2331 53777
2332 37688
2333 16917
2334 54048
2335 37648
2336 54048
2337 49953
2338 27496
2339 37664
2340 63272
2341 37393
2342 51992
2343 52008
2344 63265
2345 54048
2346 53781
2347 27393
2348 49968
2349 49960
2350 49952
2351 39457
2352 60328
2353 52000
2354 25344
2355 54048
2356 62241
2357 25344
2358 60184
2359 53781
2360 27433
2361 53797
2362 27592
2363 27465
2364 53781
2365 58144
2366 53781
2367 52008
2368 39441
2369 37393
2370 56105
2371 62241
2372 63328
2373 37648
2374 53765
2375 37393
2376 49968
2377 61216
2378 53792
2379 53781
2380 27433
2381 51992
2382 53776
2383 27425
2384 17185
2385 53777
2386 54056
2387 53781
2388 53781
2389 27465
2390 54064
2391 53781
2392 53781
2393 54032
2394 53781
2395 54032
2396 60160
2397 53781
2398 53781
2399 11041
2400 37664
2401 37648
2402 54032
2403 54032
2404 37664
2405 53781
2406 37648
2407 53781
2408 54049
2409 17189
2410 53781
2411 53765
2412 16901
2413 39441
2414 37649
2415 49952
2416 49953
2417 54048
2418 53781
2419 53781
2420 54032
2421 54064
2422 49953
2423 55073
2424 54048
2425 37648
2426 53781
2427 37648
2428 54032
2429 37648
2430 53781
2431 39441
2432 54033
2433 63256
2434 27401
2435 37393
2436 27592
2437 27496
2438 54048
2439 37393
2440 49952
2441 19233
2442 54048
2443 53781
2444 53781
2445 62241
2446 37648
2447 53781
2448 58144
2449 54032
2450 58144
2451 53781
2452 54032
2453 37664
2454 49668
2455 53781
2456 56152
2457 27496
2458 27488
2459 27496
2460 54064
2461 54048
2462 37680
2463 53781
2464 53781
2465 54048
2466 54048
2467 49680
2468 53809
2469 53797
2470 37664
2471 52000
2472 19233
2473 54032
2474 37664
2475 53781
2476 60312
2477 54032
2478 27401
2479 53781
2480 53032
2481 27488
2482 25344
2483 27497
2484 52009
2485 37680
2486 49936
2487 27496
2488 54064
2489 53781
2490 51992
2491 53781
2492 54049
2493 54048
2494 37648
2495 27392
2496 53781
2497 27496
2498 53797
2499 62240
2500 61289
2501 27497
2502 27401
2503 53776
2504 60168
2505 27401
2506 51745
2507 53781
2508 55809
2509 27401
2510 49969
2511 53781
2512 37648
2513 49952
2514 49936
2515 27496
2516 54048
2517 53780
2518 27496
2519 49952
2520 27496
2521 49944
2522 54040
2523 63264
2524 53781
2525 33569
2526 54049
2527 27401
2528 27432
2529 27457
2530 54056
2531 27496
2532 53781
2533 49960
2534 27496
2535 27433
2536 55072
2537 55841
2538 37648
2539 54064
2540 54064
2541 37648
2542 28513
2543 63264
2544 37393
2545 19233
2546 61288
2547 49952
2548 27624
2549 51977
2550 53765
2551 27497
2552 27624
2553 53781
2554 37649
2555 54032
2556 60160
2557 52120
2558 37664
2559 49953
2560 27432
2561 37680
2562 53781
2563 17185
2564 60248
2565 27393
2566 27584
2567 54032
2568 63265
2569 37648
2570 60264
2571 53765
2572 53781
2573 60264
2574 27496
2575 19232
2576 53781
2577 37664
2578 53781
2579 53781
2580 28521
2581 60184
2582 51968
2583 27496
2584 27496
2585 39441
2586 27520
2587 56097
2588 27401
2589 37648
2590 37664
2591 53781
2592 54032
2593 2857
2594 39713
2595 17184
2596 27496
2597 27401
2598 37664
2599 49952
2600 54032
2601 49960
2602 27496
2603 37680
2604 58145
2605 37664
2606 49681
2607 53781
2608 49936
2609 54048
2610 17189
2611 27584
2612 58144
2613 37397
2614 49960
2615 54056
2616 49960
2617 27425
2618 28513
2619 49952
2620 53781
2621 37393
2622 37393
2623 49685
2624 53781
2625 53781
2626 56073
2627 19216
2628 54048
2629 49953
2630 37392
2631 16897
2632 62240
2633 53781
2634 49921
2635 37648
2636 53781
2637 53781
2638 58112
2639 53781
2640 53781
2641 49952
2642 49976
2643 49681
2644 53781
2645 37648
2646 65321
2647 37648
2648 53776
2649 37664
2650 49936
2651 21281
2652 49685
2653 53776
2654 54056
2655 17184
2656 53781
2657 54032
2658 54032
2659 60184
2660 60184
2661 37672
2662 54032
2663 51992
2664 54032
2665 19208
2666 27624
2667 27497
2668 27496
2669 54032
2670 57121
2671 53781
2672 53781
2673 54032
2674 27424
2675 54032
2676 60184
2677 60184
2678 37648
2679 54049
2680 27497
2681 27624
2682 37665
2683 37648
2684 53781
2685 53781
2686 54048
2687 49953
2688 54048
2689 53781
2690 49952
2691 54049
2692 28520
2693 37664
2694 53809
2695 37397
2696 17168
2697 27592
2698 27432
2699 27401
2700 53781
2701 54032
2702 53781
2703 18208
2704 60184
2705 27497
2706 37392
2707 53765
2708 53781
2709 39441
2710 51992
2711 27465
2712 27496
2713 54048
2714 53776
2715 54048
2716 53781
2717 54032
2718 17185
2719 63328
2720 53781
2721 49952
2722 17161
2723 37664
2724 58145
2725 27496
2726 28457
2727 54032
2728 55073
2729 17192
2730 54032
2731 37680
2732 51976
2733 53781
2734 37680
2735 27400
2736 27496
2737 56105
2738 27401
2739 28456
2740 54064
2741 53781
2742 27401
2743 53781
2744 54048
2745 53781
2746 28513
2747 58153
2748 54032
2749 49952
2750 51992
2751 58136
2752 37413
2753 27465
2754 62296
2755 54048
2756 53781
2757 54049
2758 27401
2759 27400
2760 27392
2761 60312
2762 51976
2763 27433
2764 27624
2765 25440
2766 54032
2767 27401
2768 62248
2769 27496
2770 53781
2771 37648
2772 54048
2773 18209
2774 37648
2775 37393
2776 37413
2777 27592
2778 49921
2779 54032
2780 60184
2781 37664
2782 49953
2783 53781
2784 59177
2785 54016
2786 62296
2787 54064
2788 60200
2789 19240
2790 27497
2791 33584
2792 27496
2793 53781
2794 54048
2795 55841
2796 37648
2797 53781
2798 54032
2799 61217
2800 54032
2801 53781
2802 37664
2803 58145
2804 53781
2805 37392
2806 53781
2807 54048
2808 19241
2809 61217
2810 53764
2811 60264
2812 53781
2813 37648
2814 19209
2815 53781
2816 27433
2817 27496
2818 55825
2819 19233
2820 33569
2821 55072
2822 53781
2823 53781
2824 58144
2825 37393
2826 53781
2827 54049
2828 54049
2829 27393
2830 51969
2831 54040
2832 52001
2833 37648
2834 53781
2835 53781
2836 27393
2837 49952
2838 53781
2839 53781
2840 27433
2841 51992
2842 54032
2843 60184
2844 53781
2845 54048
2846 49952
2847 49669
2848 17185
2849 53781
2850 53777
2851 54040
2852 58209
2853 37664
2854 49953
2855 27432
2856 53781
2857 53781
2858 53797
2859 60184
2860 27496
2861 27425
2862 53780
2863 25376
2864 56088
2865 54032
2866 58144
2867 37648
2868 53781
2869 54032
2870 37680
2871 62248
2872 33568
2873 60193
2874 49953
2875 54032
2876 54064
2877 53781
2878 53765
2879 52120
2880 37393
2881 25384
2882 53781
2883 53781
2884 53781
2885 58113
2886 53781
2887 53781
2888 53781
2889 37648
2890 37648
2891 53781
2892 54064
2893 37680
2894 20264
2895 49669
2896 53781
2897 53781
2898 53781
2899 37664
2900 56065
2901 37648
2902 53813
2903 37648
2904 37648
2905 51993
2906 25089
2907 62240
2908 54049
2909 49960
2910 54032
2911 53781
2912 37648
2913 53781
2914 49921
2915 53781
2916 49681
2917 54065
2918 53781
2919 37648
2920 37648
2921 53797
2922 28449
2923 49952
2924 54032
2925 53781
2926 37681
2927 53781
2928 54064
2929 53781
2930 27496
2931 27401
2932 53781
2933 58145
2934 60288
2935 62232
2936 37680
2937 53781
2938 27456
2939 19296
2940 50984
2941 27401
2942 19232
2943 54049
2944 26401
2945 37664
2946 54048
2947 53781
2948 17192
2949 55096
2950 62249
2951 60168
2952 54048
2953 37664
2954 27464
2955 27392
2956 54048
2957 27464
2958 54048
2959 60264
2960 58145
2961 27465
2962 27401
2963 53781
2964 53781
2965 60176
2966 54064
2967 37664
2968 60288
2969 17168
2970 27424
2971 53781
2972 19232
2973 27496
2974 53781
2975 52008
2976 53781
2977 25344
2978 27592
2979 37648
2980 62240
2981 53781
2982 27401
2983 53781
2984 39440
2985 51992
2986 61289
2987 27560
2988 53781
2989 53781
2990 60264
2991 60193
2992 58200
2993 53781
2994 55081
2995 27401
2996 27496
2997 64289
2998 54048
2999 27465
3000 50977
3001 27401
3002 17152
3003 55064
3004 27425
3005 53813
3006 62232
3007 18208
3008 52000
3009 60184
3010 60184
3011 51992
3012 49952
3013 54032
3014 27496
3015 49936
3016 27401
3017 54032
3018 51968
3019 27496
3020 17192
3021 53781
3022 27496
3023 49952
3024 54032
3025 54056
3026 25377
3027 65321
3028 16901
3029 54032
3030 53781
3031 54049
3032 37392
3033 54048
3034 56152
3035 49953
3036 58144
3037 59168
3038 54064
3039 64297
3040 53765
3041 53781
3042 53781
3043 53780
3044 62240
3045 27425
3046 54064
3047 53781
3048 37648
3049 27496
3050 53765
3051 39441
3052 27496
3053 54049
3054 53781
3055 11041
3056 49960
3057 37392
3058 54048
3059 27465
3060 51992
3061 27592
3062 53781
3063 53781
3064 52056
3065 17184
3066 59168
3067 54049
3068 37648
3069 37680
3070 27401
3071 49681
3072 59176
3073 27401
3074 58144
3075 53781
3076 37648
3077 54056
3078 53781
3079 49952
3080 53777
3081 49936
3082 55809
3083 27464
3084 60184
3085 52001
3086 37648
3087 58144
3088 49685
3089 53781
3090 53781
3091 27560
3092 49968
3093 49669
3094 53781
3095 53780
3096 37648
3097 49953
3098 49952
3099 49960
3100 54056
3101 53781
3102 25377
3103 33569
3104 54048
3105 53781
3106 51992
3107 53781
3108 37648
3109 37680
3110 53797
3111 51729
3112 54056
3113 54064
3114 37648
3115 54016
3116 54040
3117 54049
3118 54048
3119 27624
3120 37648
3121 54048
3122 37680
3123 54032
3124 53781
3125 53781
3126 54032
3127 28449
3128 37680
3129 37688
3130 54048
3131 49936
3132 27497
3133 54048
3134 37648
3135 39713
3136 65385
3137 54057
3138 53781
3139 17189
3140 49952
3141 58112
3142 54032
3143 49953
3144 53781
3145 54032
3146 53781
3147 54032
3148 54032
3149 37680
3150 54064
3151 17185
3152 54048
3153 37648
3154 37664
3155 37664
3156 54064
3157 49936
3158 53797
3159 17189
3160 54049
3161 54032
3162 54032
3163 53781
3164 59233
3165 37393
3166 17192
3167 53781
3168 27497
3169 63256
3170 54048
3171 54048
3172 62304
3173 18961
3174 27400
3175 55857
3176 25344
3177 25377
3178 25344
3179 55081
3180 53813
3181 49952
3182 58112
3183 59233
3184 60169
3185 53777
3186 37680
3187 25376
3188 37664
3189 27496
3190 54048
3191 53781
3192 27496
3193 27401
3194 53781
3195 53781
3196 58144
3197 37680
3198 62240
3199 49685
3200 27496
3201 53781
3202 53781
3203 60184
3204 20265
3205 27401
3206 50984
3207 53781
3208 53781
3209 19208
3210 59169
3211 53776
3212 62232
3213 54032
3214 53781
3215 53781
3216 53781
3217 53780
3218 51992
3219 58144
3220 49681
3221 27401
3222 27584
3223 54048
3224 60184
3225 53781
3226 61225
3227 27496
3228 49685
3229 56088
3230 58128
3231 49920
3232 52120
3233 37393
3234 54064
3235 60192
3236 17185
3237 27401
3238 27497
3239 54032
3240 49936
3241 19232
3242 53797
3243 53781
3244 37648
3245 37664
3246 60184
3247 49953
3248 60184
3249 54032
3250 54032
3251 54064
3252 27496
3253 54048
3254 49952
3255 53781
3256 54056
3257 53781
3258 53809
3259 53781
3260 27496
3261 37648
3262 27496
3263 49976
3264 53781
3265 55072
3266 53781
3267 37664
3268 54053
3269 27464
3270 27624
3271 27496
3272 27401
3273 19233
3274 53781
3275 37649
3276 17192
3277 27408
3278 27401
3279 37648
3280 54049
3281 37648
3282 49920
3283 37648
3284 54032
3285 53781
3286 54064
3287 53781
3288 37664
3289 49953
3290 54056
3291 37648
3292 37648
3293 17161
3294 28489
3295 53781
3296 54048
3297 54016
3298 53781
3299 53781
3300 54032
3301 53781
3302 27400
3303 60264
3304 25385
3305 53781
3306 49952
3307 49952
3308 54049
3309 37648
3310 53813
3311 49957
3312 49952
3313 49952
3314 54017
3315 49952
3316 39713
3317 27489
3318 54049
3319 53781
3320 60176
3321 54032
3322 800
3323 27496
3324 37664
3325 54032
3326 49936
3327 37392
3328 53781
3329 54032
3330 53797
3331 37648
3332 27400
3333 54064
3334 49685
3335 53765
3336 54048
3337 54032
3338 53781
3339 49960
3340 54032
3341 53765
3342 37688
3343 53781
3344 16917
3345 19240
3346 58145
3347 53780
3348 53781
3349 53781
3350 49960
3351 17153
3352 54032
3353 37680
3354 37648
3355 39441
3356 53777
3357 53781
3358 58112
3359 53781
3360 53781
3361 53781
3362 37648
3363 37681
3364 37393
3365 53781
3366 55857
3367 49937
3368 54048
3369 37688
3370 26401
3371 53781
3372 19232
3373 53781
3374 49957
3375 53781
3376 25384
3377 53780
3378 54064
3379 28513
3380 53781
3381 33568
3382 51992
3383 49952
3384 52008
3385 49953
3386 60264
3387 27496
3388 54048
3389 54056
3390 53813
3391 27457
3392 27401
3393 53781
3394 62240
3395 53781
3396 54048
3397 27592
3398 28489
3399 27401
3400 54048
3401 52120
3402 53781
3403 55809
3404 37649
3405 49952
3406 60184
3407 60232
3408 53781
3409 53781
3410 58145
3411 37665
3412 54064
3413 53781
3414 60200
3415 53781
3416 53781
3417 53781
3418 58120
3419 27497
3420 60184
3421 53765
3422 60312
3423 25089
3424 54104
3425 53781
3426 49937
3427 28520
3428 60184
3429 19233
3430 27401
3431 54048
3432 58145
3433 27401
3434 61193
3435 54112
3436 27497
3437 60248
3438 59137
3439 27425
3440 37680
3441 37648
3442 27497
3443 54032
3444 27401
3445 39441
3446 27497
3447 37648
3448 27496
3449 53809
3450 37648
3451 54072
3452 49937
3453 37688
3454 54048
3455 53781
3456 53781
3457 53781
3458 53777
3459 25376
3460 60312
3461 49953
3462 27496
3463 49685
3464 60161
3465 27400
3466 16901
3467 19233
3468 49952
3469 27496
3470 53781
3471 37648
3472 37664
3473 54048
3474 49952
3475 54032
3476 58145
3477 53764
3478 27496
3479 49953
3480 37648
3481 37648
3482 17184
3483 54056
3484 16917
3485 37648
3486 52000
3487 61216
3488 51712
3489 25344
3490 53796
3491 53781
3492 19233
3493 27560
3494 37648
3495 49968
3496 16917
3497 27496
3498 49936
3499 53781
3500 17184
3501 53781
3502 37664
3503 17189
3504 54032
3505 53765
3506 52000
3507 53777
3508 54048
3509 27488
3510 17185
3511 37664
3512 37413
3513 54048
3514 37392
3515 37648
3516 51992
3517 49960
3518 54032
3519 54032
3520 54056
3521 18961
3522 53781
3523 49953
3524 53781
3525 54049
3526 54048
3527 53781
3528 28513
3529 37648
3530 53797
3531 60201
3532 27592
3533 54032
3534 25345
3535 53781
3536 53781
3537 53781
3538 54057
3539 37392
3540 54048
3541 53781
3542 49921
3543 54048
3544 62240
3545 53024
3546 49936
3547 37393
3548 49960
3549 53781
3550 54032
3551 59233
3552 37648
3553 17256
3554 17185
3555 55081
3556 27464
3557 37664
3558 54064
3559 62240
3560 62241
3561 27401
3562 56104
3563 53781
3564 54032
3565 53781
3566 49953
3567 53781
3568 49953
3569 54032
3570 52008
3571 53781
3572 49952
3573 54048
3574 53781
3575 51992
3576 49952
3577 51968
3578 55080
3579 51992
3580 27401
3581 54048
3582 49952
3583 58136
3584 60264
3585 53781
3586 54048
3587 2848
3588 60184
3589 37664
3590 53765
3591 60201
3592 20265
3593 54064
3594 58144
3595 54032
3596 37664
3597 60184
3598 53781
3599 27424
3600 17189
3601 53765
3602 54048
3603 53777
3604 53781
3605 57121
3606 55073
3607 60184
3608 27401
3609 59169
3610 54048
3611 53781
3612 56105
3613 27425
3614 53781
3615 49936
3616 37648
3617 60376
3618 27401
3619 17192
3620 49953
3621 52120
3622 53781
3623 54065
3624 27496
3625 27496
3626 54048
3627 27401
3628 37664
3629 58208
3630 54032
3631 19240
3632 27464
3633 53781
3634 53024
3635 54032
3636 39440
3637 27433
3638 27497
3639 53781
3640 53781
3641 54049
3642 49953
3643 55825
3644 53781
3645 62248
3646 54032
3647 27401
3648 58120
3649 55080
3650 17176
3651 54064
3652 27497
3653 27496
3654 27400
3655 54048
3656 27497
3657 51969
3658 19200
3659 53781
3660 54064
3661 27497
3662 21281
3663 49936
3664 27496
3665 52008
3666 37393
3667 61289
3668 25344
3669 54064
3670 54048
3671 53781
3672 54048
3673 28520
3674 54032
3675 17185
3676 62240
3677 54064
3678 37648
3679 54048
3680 53781
3681 19304
3682 54048
3683 49937
3684 27400
3685 37680
3686 33584
3687 57129
3688 59176
3689 49968
3690 49960
3691 37648
3692 54048
3693 27496
3694 27401
3695 37648
3696 49952
3697 53781
3698 54032
3699 54048
3700 54048
3701 54032
3702 53781
3703 49952
3704 51744
3705 27624
3706 60328
3707 17184
3708 37664
3709 54064
3710 54064
3711 53781
3712 54048
3713 53781
3714 19233
3715 60161
3716 59136
3717 53781
3718 54048
3719 49953
3720 59169
3721 54064
3722 28448
3723 53781
3724 27400
3725 54032
3726 53781
3727 53781
3728 54032
3729 53781
3730 28456
3731 27400
3732 37681
3733 25376
3734 60184
3735 55073
3736 54032
3737 62249
3738 54048
3739 52000
3740 37648
3741 37664
3742 58152
3743 53796
3744 53781
3745 58145
3746 54032
3747 49952
3748 18216
3749 53781
3750 58176
3751 53765
3752 49953
3753 53781
3754 54032
3755 56105
3756 51745
3757 53797
3758 19240
3759 53781
3760 54064
3761 53781
3762 53781
3763 53781
3764 37665
3765 62241
3766 53765
3767 27401
3768 37648
3769 53781
3770 54032
3771 49968
3772 49953
3773 54048
3774 53781
3775 53781
3776 49953
3777 27401
3778 37680
3779 53781
3780 60224
3781 54064
3782 26400
3783 27400
3784 19208
3785 54048
3786 49713
3787 19201
3788 54064
3789 37664
3790 19233
3791 52008
3792 37664
3793 37664
3794 27496
3795 25377
3796 28521
3797 27496
3798 52001
3799 49669
3800 58208
3801 63265
3802 37664
3803 19241
3804 62232
3805 61225
3806 49685
3807 54032
3808 53781
3809 60184
3810 49685
3811 49944
3812 49952
3813 53781
3814 53793
3815 27400
3816 54049
3817 27496
3818 53781
3819 27496
3820 54049
3821 49685
3822 27432
3823 49685
3824 53781
3825 26408
3826 53776
3827 11041
3828 33584
3829 60184
3830 54048
3831 27401
3832 49952
3833 49953
3834 61193
3835 27520
3836 27400
3837 27497
3838 49944
3839 53781
3840 54032
3841 52016
3842 37648
3843 55080
3844 27496
3845 37648
3846 27496
3847 49685
3848 53765
3849 49969
3850 60184
3851 17184
3852 53781
3853 54048
3854 49685
3855 27496
3856 54048
3857 51992
3858 27496
3859 61289
3860 56097
3861 27497
3862 27464
3863 27400
3864 53781
3865 53781
3866 27592
3867 39713
3868 52000
3869 19217
3870 54032
3871 53781
3872 27496
3873 27401
3874 53781
3875 53781
3876 54048
3877 53765
3878 27424
3879 27496
3880 37648
3881 27401
3882 27432
3883 54049
3884 37648
3885 53781
3886 37392
3887 53781
3888 37664
3889 57120
3890 56105
3891 27400
3892 49953
3893 53793
3894 25089
3895 27497
3896 53781
3897 25377
3898 28425
3899 58112
3900 49920
3901 49952
3902 49937
3903 54032
3904 54032
3905 53781
3906 27496
3907 54032
3908 54032
3909 53781
3910 53781
3911 58136
3912 39441
3913 53781
3914 54049
3915 53781
3916 53781
3917 53781
3918 28521
3919 54017
3920 49960
3921 53781
3922 49960
3923 64289
3924 54064
3925 60193
3926 49685
3927 27432
3928 37648
3929 17168
3930 53781
3931 54104
3932 53781
3933 37648
3934 37680
3935 53781
3936 53781
3937 37648
3938 49953
3939 49953
3940 27424
3941 53781
3942 54048
3943 19200
3944 54032
3945 37648
3946 53781
3947 58112
3948 27425
3949 19209
3950 53781
3951 54048
3952 49952
3953 54048
3954 54032
3955 60248
3956 37648
3957 49953
3958 54072
3959 54053
3960 37648
3961 49920
3962 53781
3963 54032
3964 28520
3965 56096
3966 37648
3967 53781
3968 37648
3969 61217
3970 37425
3971 37648
3972 49936
3973 54032
3974 37648
3975 53781
3976 63265
3977 54032
3978 53781
3979 62240
3980 27496
3981 37648
3982 27456
3983 49945
3984 37664
3985 27496
3986 49936
3987 53797
3988 54048
3989 54032
3990 27464
3991 59168
3992 58153
3993 53777
3994 51969
3995 28457
3996 37664
3997 58144
3998 54056
3999 54048
4000 37664
4001 27464
4002 19232
4003 27496
4004 27496
4005 49685
4006 25440
4007 53781
4008 53781
4009 27400
4010 53781
4011 60248
4012 28513
4013 49952
4014 27433
4015 27497
4016 53781
4017 53781
4018 60184
4019 49952
4020 27400
4021 63264
4022 60201
4023 19200
4024 53781
4025 51992
4026 37648
4027 49713
4028 27496
4029 55072
4030 37409
4031 27496
4032 60192
4033 51992
4034 53808
4035 58176
4036 54064
4037 60256
4038 54032
4039 54048
4040 49669
4041 39441
4042 53781
4043 19296
4044 53776
4045 58176
4046 59177
4047 53781
4048 27624
4049 27624
4050 27408
4051 17169
4052 53781
4053 27400
4054 37664
4055 60201
4056 55080
4057 49953
4058 27464
4059 54064
4060 54048
4061 25344
4062 54064
4063 51712
4064 54056
4065 37681
4066 17185
4067 60328
4068 57097
4069 60184
4070 27496
4071 54056
4072 27401
4073 19224
4074 53796
4075 49685
4076 37648
4077 49952
4078 53780
4079 58145
4080 51968
4081 49968
4082 58145
4083 37648
4084 19209
4085 37648
4086 37648
4087 64360
4088 53765
4089 58136
4090 37393
4091 25408
4092 39440
4093 49960
4094 27392
4095 53781
4096 33576
4097 49961
4098 37665
4099 51984
4100 49968
4101 53781
4102 37409
4103 39441
4104 54048
4105 49668
4106 33568
4107 53781
4108 62248
4109 39457
4110 49929
4111 49952
4112 58144
4113 37664
4114 27496
4115 49953
4116 54032
4117 54065
4118 17184
4119 54032
4120 49952
4121 53777
4122 27401
4123 37664
4124 52008
4125 54016
4126 52000
4127 53780
4128 37648
4129 54032
4130 54016
4131 54032
4132 37648
4133 37648
4134 53781
4135 53781
4136 37664
4137 53781
4138 39440
4139 27424
4140 37664
4141 54049
4142 49960
4143 16917
4144 37397
4145 27496
4146 53024
4147 25377
4148 37425
4149 25408
4150 53777
4151 27497
4152 54048
4153 53781
4154 53777
4155 37664
4156 55080
4157 37648
4158 54016
4159 54072
4160 53781
4161 27401
4162 26401
4163 54049
4164 54048
4165 39441
4166 37649
4167 19224
4168 53781
4169 53797
4170 49952
4171 54032
4172 60392
4173 27401
4174 53781
4175 51744
4176 60184
4177 58208
4178 60184
4179 19201
4180 53761
4181 56097
4182 60192
4183 54048
4184 37664
4185 27497
4186 27433
4187 26401
4188 53781
4189 60248
4190 27496
4191 60184
4192 19208
4193 60232
4194 27520
4195 27433
4196 27489
4197 37664
4198 53781
4199 49953
4200 60248
4201 60184
4202 53781
4203 53765
4204 27465
4205 25376
4206 60200
4207 27496
4208 53781
4209 53780
4210 52120
4211 39441
4212 49929
4213 33568
4214 27401
4215 53781
4216 27401
4217 52009
4218 54064
4219 27496
4220 49952
4221 54032
4222 27400
4223 56097
4224 54048
4225 27496
4226 54049
4227 19233
4228 39441
4229 52000
4230 27592
4231 56088
4232 60200
4233 54048
4234 27401
4235 54048
4236 27424
4237 58144
4238 37664
4239 27496
4240 54032
4241 49960
4242 53777
4243 27496
4244 54064
4245 53781
4246 53781
4247 33568
4248 53781
4249 17184
4250 37664
4251 49685
4252 27433
4253 54064
4254 37664
4255 53032
4256 58112
4257 27624
4258 27496
4259 54049
4260 19209
4261 37664
4262 53781
4263 61225
4264 17192
4265 53813
4266 37664
4267 51984
4268 56104
4269 27393
4270 53781
4271 60176
4272 53781
4273 58152
4274 62208
4275 49952
4276 27496
4277 53761
4278 53781
4279 27432
4280 37649
4281 27400
4282 37648
4283 54032
4284 53777
4285 56064
4286 53761
4287 58153
4288 60248
4289 17168
4290 49976
4291 54048
4292 53781
4293 19201
4294 27464
4295 21281
4296 54032
4297 54048
4298 55072
4299 49944
4300 60200
4301 52000
4302 54048
4303 49952
4304 55073
4305 37664
4306 49952
4307 17189
4308 49681
4309 19304
4310 53781
4311 59233
4312 53781
4313 37393
4314 58208
4315 64288
4316 53781
4317 54064
4318 53781
4319 53781
4320 53781
4321 28425
4322 53781
4323 60168
4324 37648
4325 27489
4326 19201
4327 60184
4328 54032
4329 54064
4330 37648
4331 53781
4332 53781
4333 19233
4334 58112
4335 53781
4336 33568
4337 17189
4338 54032
4339 27401
4340 54032
4341 49685
4342 55809
4343 60168
4344 27401
4345 51992
4346 49681
4347 53781
4348 60192
4349 52000
4350 49953
4351 53781
4352 37648
4353 54049
4354 53781
4355 58112
4356 37648
4357 49936
4358 27401
4359 39441
4360 27496
4361 27624
4362 58144
4363 37664
4364 17185
4365 33569
4366 53781
4367 37664
4368 37672
4369 53781
4370 37648
4371 27496
4372 27456
4373 27400
4374 37648
4375 53781
4376 49953
4377 54048
4378 37664
4379 37648
4380 53797
4381 54048
4382 54048
4383 60200
4384 51992
4385 49960
4386 17189
4387 27401
4388 60184
4389 37672
4390 37664
4391 28457
4392 60312
4393 60200
4394 37648
4395 37393
4396 27496
4397 49944
4398 53781
4399 53793
4400 53781
4401 37680
4402 51992
4403 56064
4404 50984
4405 27400
4406 54032
4407 63265
4408 58136
4409 27496
4410 53781
4411 27496
4412 27496
4413 54064
4414 53033
4415 27496
4416 54048
4417 58200
4418 25377
4419 53764
4420 51992
4421 54032
4422 49952
4423 51969
4424 54048
4425 54057
4426 27432
4427 62232
4428 60193
4429 53797
4430 37648
4431 27496
4432 27465
4433 27489
4434 53781
4435 37664
4436 54048
4437 37392
4438 49685
4439 53796
4440 37393
4441 27433
4442 51977
4443 49953
4444 54032
4445 37664
4446 51744
4447 27432
4448 53781
4449 37393
4450 25377
4451 19240
4452 27496
4453 37664
4454 51992
4455 27497
4456 37648
4457 49952
4458 53781
4459 53781
4460 53809
4461 54064
4462 37664
4463 27400
4464 49685
4465 54032
4466 37680
4467 56072
4468 54032
4469 27496
4470 49960
4471 49960
4472 27401
4473 25440
4474 61225
4475 54032
4476 25376
4477 49701
4478 27425
4479 26401
4480 37680
4481 37680
4482 60312
4483 55081
4484 27464
4485 37393
4486 51745
4487 49685
4488 49953
4489 54032
4490 53781
4491 49936
4492 52001
4493 54032
4494 53781
4495 54032
4496 55080
4497 54032
4498 62249
4499 49685
4500 49953
4501 55809
4502 53781
4503 25376
4504 58144
4505 27392
4506 16901
4507 16917
4508 26400
4509 27496
4510 53781
4511 65385
4512 58153
4513 49953
4514 58136
4515 54032
4516 62241
4517 53781
4518 25377
4519 59168
4520 37648
4521 54032
4522 53781
4523 49952
4524 16897
4525 37648
4526 49953
4527 37393
4528 60168
4529 26400
4530 53781
4531 53781
4532 37648
4533 53792
4534 27520
4535 53781
4536 53781
4537 49936
4538 37409
4539 60184
4540 53797
4541 49953
4542 53781
4543 58144
4544 37664
4545 49685
4546 37664
4547 62240
4548 54017
4549 49936
4550 53781
4551 25377
4552 19241
4553 60200
4554 60184
4555 28520
4556 54048
4557 27425
4558 49685
4559 49921
4560 2848
4561 19241
4562 53765
4563 54048
4564 51992
4565 39441
4566 26408
4567 53781
4568 53781
4569 49669
4570 27425
4571 55841
4572 64289
4573 60184
4574 17169
4575 49953
4576 58128
4577 17153
4578 60184
4579 54057
4580 58145
4581 54056
4582 25376
4583 53781
4584 25377
4585 53781
4586 27401
4587 27401
4588 39457
4589 49969
4590 37648
4591 25408
4592 49953
4593 25440
4594 58145
4595 53781
4596 53781
4597 54032
4598 57121
4599 60161
4600 37664
4601 53781
4602 53781
4603 37664
4604 37664
4605 19233
4606 56097
4607 53033
4608 19216
4609 19208
4610 25376
4611 28456
4612 54017
4613 49953
4614 19201
4615 49960
4616 53781
4617 58152
4618 37393
4619 54032
4620 27400
4621 49952
4622 19201
4623 39440
4624 60160
4625 55809
4626 37393
4627 27424
4628 53781
4629 37649
4630 17192
4631 62240
4632 53781
4633 60265
4634 27496
4635 37648
4636 53781
4637 54032
4638 37664
4639 56097
4640 39441
4641 19248
4642 53781
4643 49960
4644 54048
4645 58112
4646 800
4647 58144
4648 27401
4649 53793
4650 39441
4651 54056
4652 54032
4653 37664
4654 37393
4655 54048
4656 52024
4657 49952
4658 53781
4659 53781
4660 37648
4661 27401
4662 53781
4663 54048
4664 51984
4665 49953
4666 52008
4667 53781
4668 53781
4669 63256
4670 53781
4671 39441
4672 59169
4673 58145
4674 53781
4675 51976
4676 52000
4677 54040
4678 62249
4679 53781
4680 27433
4681 27392
4682 27465
4683 16917
4684 17192
4685 49957
4686 49921
4687 27424
4688 58112
4689 49953
4690 17193
4691 37648
4692 37648
4693 54048
4694 37680
4695 53781
4696 49960
4697 49952
4698 49952
4699 55080
4700 54032
4701 54032
4702 53781
4703 2848
4704 49936
4705 54032
4706 37664
4707 55825
4708 54032
4709 54072
4710 37648
4711 53781
4712 17200
4713 49953
4714 26465
4715 53781
4716 27496
4717 53781
4718 17189
4719 27592
4720 53781
4721 52000
4722 17160
4723 53781
4724 58152
4725 37665
4726 53781
4727 17152
4728 27496
4729 53781
4730 27424
4731 27497
4732 60184
4733 58152
4734 49685
4735 49928
4736 27433
4737 27497
4738 53781
4739 55840
4740 53781
4741 60248
4742 58144
4743 54032
4744 62232
4745 64289
4746 37664
4747 39713
4748 60201
4749 62240
4750 19208
4751 27424
4752 53781
4753 27433
4754 19232
4755 27584
4756 54032
4757 37664
4758 37664
4759 54032
4760 17185
4761 49953
4762 55073
4763 27624
4764 49952
4765 53813
4766 18945
4767 53781
4768 19232
4769 60169
4770 54032
4771 53781
4772 53765
4773 53765
4774 49937
4775 37664
4776 37672
4777 37648
4778 27520
4779 2848
4780 49921
4781 64360
4782 27496
4783 51992
4784 54032
4785 53781
4786 53781
4787 49685
4788 49953
4789 60184
4790 49952
4791 54032
4792 49952
4793 53781
4794 58208
4795 27592
4796 19208
4797 49685
4798 54064
4799 37393
4800 60312
4801 49952
4802 62249
4803 49945
4804 49937
4805 27433
4806 60184
4807 53781
4808 27401
4809 53781
4810 37648
4811 28449
4812 49952
4813 53781
4814 49953
4815 27624
4816 54032
4817 37648
4818 28417
4819 37648
4820 54049
4821 49957
4822 60169
4823 57121
4824 37664
4825 53781
4826 59168
4827 37680
4828 27425
4829 53781
4830 54049
4831 27496
4832 33584
4833 53781
4834 49953
4835 54056
4836 53781
4837 53781
4838 49968
4839 27393
4840 19201
4841 53781
4842 28457
4843 54032
4844 51992
4845 54049
4846 49953
4847 37648
4848 54032
4849 53781
4850 37665
4851 53781
4852 20257
4853 37648
4854 37648
4855 37648
4856 54032
4857 37393
4858 53781
4859 19233
4860 49944
4861 58129
4862 19304
4863 53781
4864 62296
4865 54040
4866 27496
4867 53781
4868 53777
4869 37664
4870 37664
4871 27496
4872 60200
4873 62241
4874 49952
4875 27424
4876 27401
4877 27401
4878 53781
4879 60184
4880 37664
4881 53781
4882 16901
4883 53781
4884 59169
4885 60224
4886 51992
4887 25377
4888 37648
4889 54040
4890 60184
4891 49936
4892 51984
4893 60161
4894 53781
4895 49953
4896 27400
4897 37648
4898 50976
4899 58113
4900 37648
4901 61217
4902 27400
4903 55073
4904 49961
4905 54032
4906 37393
4907 27496
4908 37664
4909 52001
4910 27400
4911 53765
4912 53781
4913 27624
4914 49936
4915 54064
4916 27496
4917 33568
4918 25441
4919 58112
4920 58144
4921 49953
4922 27433
4923 54032
4924 58152
4925 27496
4926 37664
4927 37392
4928 49669
4929 37672
4930 27624
4931 49953
4932 54032
4933 58184
4934 58184
4935 17192
4936 53797
4937 53765
4938 53781
4939 51713
4940 49952
4941 53781
4942 60296
4943 60201
4944 54048
4945 54057
4946 58153
4947 52009
4948 53797
4949 37664
4950 53781
4951 37397
4952 54064
4953 53781
4954 58144
4955 27401
4956 53781
4957 27496
4958 37664
4959 54032
4960 37393
4961 28521
4962 53761
4963 19240
4964 25377
4965 27401
4966 53781
4967 54032
4968 54048
4969 27424
4970 53781
4971 37664
4972 37664
4973 63272
4974 53781
4975 54016
4976 27496
4977 37425
4978 37393
4979 18961
4980 51713
4981 49968
4982 37664
4983 53781
4984 49953
4985 54064
4986 53761
4987 16901
4988 49921
4989 17168
4990 51968
4991 53781
4992 53781
4993 49669
4994 27592
4995 53781
4996 60168
4997 51712
4998 54032
4999 54032
5000 27425
5001 39457
5002 53765
5003 27400
5004 53781
5005 49952
5006 37672
5007 37648
5008 54048
5009 37648
5010 53781
5011 53777
5012 27497
5013 49936
5014 62241
5015 54056
5016 53781
5017 21281
5018 49952
5019 27496
5020 60265
5021 53781
5022 55056
5023 27552
5024 27496
5025 58145
5026 54032
5027 17185
5028 37664
5029 37665
5030 37664
5031 51744
5032 27400
5033 27400
5034 28513
5035 37680
5036 50977
5037 27400
5038 27496
5039 53781
5040 27497
5041 60160
5042 53781
5043 53764
5044 54040
5045 49953
5046 37649
5047 49936
5048 49669
5049 27497
5050 60168
5051 58153
5052 19208
5053 17184
5054 58112
5055 27497
5056 53797
5057 37664
5058 54056
5059 53781
5060 54048
5061 60200
5062 27401
5063 27400
5064 27425
5065 51713
5066 37648
5067 53781
5068 54048
5069 19200
5070 27497
5071 27496
5072 49957
5073 53780
5074 54048
5075 37648
5076 49960
5077 54048
5078 27496
5079 49961
5080 51992
5081 17160
5082 53781
5083 26401
5084 27401
5085 53765
5086 53781
5087 27496
5088 25377
5089 60192
5090 54048
5091 27400
5092 56073
5093 27497
5094 61217
5095 58153
5096 27425
5097 27464
5098 37664
5099 26465
5100 37648
5101 27497
5102 60192
5103 27496
5104 49952
5105 54032
5106 37648
5107 37680
5108 54048
5109 53781
5110 27401
5111 49697
5112 54048
5113 37648
5114 49952
5115 49944
5116 19216
5117 52008
5118 37680
5119 26401
5120 19232
5121 19200
5122 54048
5123 19233
5124 27489
5125 54032
5126 57121
5127 58145
5128 54048
5129 51976
5130 37393
5131 53781
5132 54032
5133 27496
5134 53781
5135 54032
5136 27457
5137 53781
5138 19352
5139 26465
5140 27497
5141 55136
5142 27496
5143 54032
5144 53781
5145 54032
5146 53781
5147 49952
5148 49976
5149 49953
5150 53781
5151 53781
5152 25377
5153 53781
5154 49952
5155 49968
5156 27401
5157 54049
5158 53781
5159 53797
5160 53781
5161 54032
5162 33568
5163 49952
5164 49665
5165 58112
5166 53781
5167 37680
5168 55857
5169 37393
5170 53781
5171 60264
5172 52040
5173 53781
5174 27464
5175 19304
5176 54048
5177 54032
5178 63265
5179 53781
5180 27624
5181 54033
5182 62241
5183 27400
5184 51992
5185 54048
5186 28449
5187 27401
5188 53781
5189 54032
5190 19201
5191 19240
5192 27496
5193 28449
5194 64297
5195 37664
5196 60184
5197 53781
5198 27400
5199 54032
5200 58145
5201 54048
5202 28513
5203 58145
5204 49685
5205 37648
5206 37664
5207 19233
5208 62249
5209 58216
5210 37393
5211 27496
5212 28456
5213 27401
5214 54040
5215 55073
5216 37664
5217 27433
5218 62232
5219 27496
5220 51992
5221 53781
5222 53765
5223 25376
5224 27401
5225 54032
5226 27401
5227 37680
5228 27400
5229 49944
5230 27401
5231 54048
5232 58153
5233 37664
5234 60160
5235 60184
5236 19208
5237 27464
5238 27616
5239 51744
5240 53781
5241 54032
5242 17184
5243 49936
5244 27496
5245 37664
5246 53781
5247 27401
5248 49944
5249 53781
5250 27496
5251 53796
5252 60184
5253 27624
5254 19233
5255 27496
5256 27496
5257 51992
5258 27465
5259 54049
5260 27497
5261 37680
5262 16917
5263 27496
5264 37664
5265 54049
5266 53792
5267 60176
5268 27496
5269 53765
5270 19240
5271 63256
5272 27393
5273 55072
5274 27496
5275 53781
5276 54032
5277 53781
5278 49961
5279 19233
5280 28449
5281 49952
5282 61216
5283 2857
5284 53781
5285 54048
5286 37648
5287 37648
5288 25441
5289 27401
5290 17185
5291 37648
5292 54048
5293 49936
5294 19232
5295 53777
5296 19304
5297 49960
5298 27401
5299 49952
5300 56096
5301 53781
5302 2857
5303 37649
5304 52120
5305 28449
5306 33568
5307 52000
5308 60248
5309 28521
5310 27400
5311 37649
5312 54032
5313 54048
5314 49936
5315 2857
5316 37648
5317 54048
5318 49952
5319 58152
5320 54032
5321 17185
5322 37648
5323 37648
5324 27424
5325 54032
5326 53781
5327 17189
5328 27400
5329 27401
5330 53813
5331 26401
5332 49681
5333 61281
5334 49685
5335 49953
5336 49961
5337 54048
5338 37664
5339 49961
5340 53777
5341 37648
5342 58113
5343 53781
5344 53781
5345 54048
5346 54032
5347 52001
5348 53781
5349 49953
5350 54032
5351 64280
5352 27400
5353 49953
5354 37648
5355 49953
5356 49952
5357 49701
5358 27497
5359 54032
5360 54032
5361 60184
5362 63329
5363 37648
5364 53781
5365 53781
5366 49953
5367 49960
5368 53761
5369 60168
5370 27424
5371 53776
5372 61193
5373 60184
5374 58216
5375 51976
5376 58145
5377 53781
5378 19209
5379 51984
5380 54048
5381 53781
5382 54053
5383 52001
5384 19233
5385 60160
5386 53797
5387 49697
5388 37664
5389 54057
5390 27560
5391 27433
5392 37664
5393 58145
5394 54056
5395 37648
5396 27401
5397 51992
5398 51984
5399 49669
5400 52000
5401 27496
5402 60288
5403 51968
5404 54016
5405 19208
5406 54024
5407 19200
5408 53781
5409 16901
5410 27433
5411 37680
5412 65313
5413 62240
5414 60184
5415 37664
5416 60232
5417 37665
5418 53781
5419 60192
5420 49668
5421 52008
5422 27400
5423 61225
5424 53764
5425 27496
5426 27497
5427 54048
5428 19240
5429 27401
5430 27401
5431 54048
5432 27401
5433 54032
5434 27424
5435 53781
5436 54049
5437 60376
5438 60184
5439 53781
5440 49953
5441 27401
5442 61216
5443 37680
5444 58112
5445 25384
5446 37664
5447 26401
5448 54049
5449 58145
5450 63273
5451 53781
5452 54056
5453 56089
5454 27424
5455 49953
5456 53781
5457 53781
5458 49953
5459 60192
5460 60232
5461 28521
5462 27424
5463 54048
5464 53781
5465 53781
5466 37648
5467 54032
5468 49952
5469 51977
5470 37665
5471 53781
5472 54032
5473 53781
5474 54048
5475 37664
5476 54064
5477 53777
5478 65321
5479 55073
5480 58145
5481 53781
5482 54048
5483 49685
5484 37392
5485 53781
5486 53776
5487 62241
5488 60248
5489 17192
5490 53793
5491 27552
5492 53781
5493 54049
5494 53781
5495 54064
5496 17184
5497 53781
5498 54064
5499 37648
5500 28520
5501 53781
5502 54064
5503 58113
5504 53781
5505 54032
5506 33568
5507 54064
5508 53781
5509 27433
5510 37648
5511 54032
5512 53781
5513 51992
5514 27392
5515 25448
5516 55081
5517 51992
5518 56089
5519 16917
5520 37413
5521 50976
5522 28513
5523 54032
5524 27400
5525 53781
5526 53781
5527 28520
5528 53781
5529 25376
5530 60296
5531 49680
5532 58144
5533 49952
5534 37664
5535 53777
5536 37664
5537 27496
5538 49685
5539 54040
5540 54032
5541 60248
5542 54072
5543 55809
5544 27488
5545 53781
5546 54057
5547 58136
5548 53781
5549 54048
5550 27400
5551 19208
5552 49961
5553 27488
5554 54032
5555 56080
5556 53781
5557 54064
5558 27496
5559 37393
5560 37672
5561 54064
5562 27392
5563 52120
5564 52000
5565 55809
5566 54032
5567 53781
5568 54065
5569 53781
5570 49968
5571 19232
5572 60392
5573 19209
5574 17153
5575 49960
5576 53781
5577 57121
5578 60161
5579 53781
5580 53781
5581 37680
5582 27393
5583 63264
5584 55073
5585 25408
5586 53781
5587 53781
5588 53797
5589 60184
5590 27400
5591 55096
5592 27400
5593 49669
5594 49952
5595 53781
5596 49952
5597 51992
5598 37648
5599 37393
5600 54049
5601 53781
5602 58144
5603 37648
5604 54064
5605 37648
5606 62249
5607 53780
5608 53781
5609 49685
5610 53781
5611 53781
5612 37648
5613 28449
5614 54048
5615 37393
5616 37648
5617 52001
5618 54049
5619 53781
5620 28521
5621 37648
5622 49953
5623 53781
5624 39441
5625 49953
5626 53781
5627 19216
5628 53780
5629 56089
5630 53781
5631 60184
5632 54064
5633 54048
5634 37664
5635 54048
5636 54032
5637 27497
5638 27401
5639 56097
5640 37664
5641 27496
5642 28513
5643 25504
5644 25440
5645 55809
5646 49685
5647 27425
5648 27464
5649 49936
5650 53781
5651 25504
5652 53809
5653 49960
5654 62296
5655 54064
5656 53765
5657 27432
5658 27401
5659 58145
5660 58145
5661 27489
5662 27401
5663 53032
5664 27489
5665 64280
5666 27392
5667 54048
5668 27424
5669 37664
5670 37664
5671 37664
5672 54048
5673 49701
5674 54049
5675 49685
5676 53781
5677 50024
5678 51976
5679 49953
5680 54048
5681 54048
5682 27424
5683 49936
5684 54040
5685 54032
5686 27496
5687 61224
5688 53764
5689 19233
5690 37648
5691 27488
5692 61224
5693 39440
5694 53793
5695 18961
5696 37648
5697 53777
5698 37664
5699 25440
5700 64289
5701 27624
5702 52001
5703 27496
5704 25441
5705 53765
5706 19304
5707 61193
5708 17192
5709 49669
5710 53781
5711 17185
5712 53781
5713 54040
5714 53781
5715 37664
5716 58144
5717 39441
5718 60264
5719 52001
5720 58113
5721 27424
5722 49952
5723 62240
5724 54048
5725 49953
5726 53781
5727 58152
5728 51984
5729 37648
5730 54072
5731 51976
5732 28489
5733 37648
5734 53781
5735 17185
5736 53781
5737 37648
5738 25504
5739 53781
5740 37680
5741 55841
5742 58120
5743 55072
5744 25353
5745 19209
5746 19304
5747 37664
5748 37664
5749 56088
5750 27401
5751 27400
5752 52000
5753 60184
5754 27424
5755 53765
5756 27592
5757 51992
5758 27520
5759 53777
5760 49944
5761 37397
5762 49952
5763 27400
5764 53781
5765 21281
5766 37664
5767 26408
5768 59169
5769 19201
5770 53808
5771 54053
5772 52120
5773 60248
5774 19233
5775 28521
5776 28513
5777 27496
5778 54032
5779 55080
5780 56088
5781 27424
5782 54049
5783 62296
5784 49960
5785 27496
5786 58176
5787 53781
5788 61289
5789 37664
5790 28457
5791 51968
5792 54032
5793 37648
5794 62208
5795 27497
5796 54048
5797 37648
5798 54032
5799 61225
5800 49952
5801 53781
5802 37393
5803 60312
5804 27489
5805 27497
5806 19233
5807 53781
5808 53793
5809 53777
5810 53781
5811 27424
5812 58113
5813 49944
5814 19232
5815 27497
5816 25448
5817 27592
5818 17185
5819 37665
5820 17184
5821 54048
5822 56080
5823 49957
5824 37648
5825 49968
5826 54065
5827 37648
5828 58144
5829 17185
5830 51976
5831 49952
5832 53764
5833 53765
5834 52120
5835 55809
5836 58120
5837 53781
5838 53781
5839 37648
5840 56096
5841 54064
5842 37648
5843 55073
5844 53776
5845 37648
5846 25376
5847 53797
5848 37648
5849 53781
5850 53781
5851 53781
5852 49685
5853 49957
5854 53781
5855 37664
5856 27401
5857 27433
5858 56089
5859 27496
5860 19224
5861 27400
5862 56088
5863 58112
5864 19233
5865 26401
5866 25345
5867 60184
5868 25376
5869 49952
5870 27401
5871 54040
5872 27401
5873 58153
5874 28521
5875 53761
5876 27496
5877 27401
5878 60184
5879 37680
5880 53781
5881 27432
5882 49952
5883 27424
5884 37680
5885 25376
5886 26464
5887 37648
5888 19233
5889 37664
5890 54033
5891 53765
5892 16901
5893 54032
5894 19240
5895 54072
5896 60184
5897 25376
5898 53797
5899 53781
5900 19232
5901 53781
5902 27489
5903 37393
5904 55857
5905 49685
5906 25344
5907 51976
5908 27624
5909 54032
5910 60232
5911 53776
5912 49953
5913 49936
5914 54056
5915 59232
5916 17189
5917 54032
5918 27497
5919 19201
5920 55825
5921 37664
5922 54032
5923 60184
5924 53793
5925 55809
5926 25089
5927 51744
5928 49921
5929 27497
5930 49953
5931 53765
5932 49921
5933 37648
5934 60169
5935 28513
5936 53781
5937 27552
5938 54032
5939 53781
5940 53781
5941 19201
5942 53781
5943 54048
5944 54032
5945 37393
5946 54032
5947 49944
5948 53781
5949 27496
5950 54032
5951 53765
5952 53781
5953 19201
5954 19232
5955 54048
5956 37664
5957 19241
5958 37664
5959 51992
5960 25377
5961 33576
5962 60248
5963 49952
5964 27400
5965 54048
5966 39713
5967 28449
5968 60248
5969 53781
5970 53777
5971 27424
5972 49937
5973 19233
5974 59168
5975 27496
5976 56073
5977 25360
5978 19225
5979 28513
5980 58113
5981 54032
5982 37664
5983 27592
5984 37397
5985 25441
5986 27425
5987 37648
5988 60184
5989 58136
5990 33576
5991 61288
5992 37648
5993 53781
5994 54048
5995 49953
5996 53781
5997 53764
5998 19201
5999 53781
6000 51968
6001 53765
6002 58152
6003 53777
6004 60192
6005 58208
6006 27496
6007 49960
6008 37680
6009 53813
6010 53776
6011 60193
6012 53777
6013 27401
6014 25089
6015 54032
6016 27496
6017 37393
6018 49953
6019 25385
6020 60193
6021 51968
6022 53813
6023 53781
6024 53797
6025 49968
6026 54056
6027 62241
6028 19201
6029 53781
6030 49953
6031 37397
6032 27624
6033 58144
6034 49669
6035 53797
6036 19240
6037 61224
6038 53781
6039 27496
6040 54064
6041 52001
6042 54032
6043 25353
6044 53781
6045 53781
6046 27400
6047 37393
6048 58144
6049 37648
6050 27424
6051 37392
6052 53781
6053 49936
6054 58136
6055 52008
6056 54056
6057 37648
6058 53781
6059 53781
6060 52000
6061 54049
6062 27497
6063 53765
6064 27401
6065 53781
6066 62232
6067 49952
6068 55072
6069 37648
6070 17184
6071 53781
6072 49952
6073 37688
6074 56105
6075 54048
6076 28489
6077 37664
6078 17176
6079 49952
6080 55081
6081 60184
6082 27401
6083 27425
6084 19216
6085 37648
6086 53781
6087 27433
6088 27496
6089 60184
6090 54048
6091 27401
6092 27400
6093 60168
6094 53796
6095 35617
6096 53781
6097 53781
6098 54056
6099 37664
6100 53765
6101 49952
6102 54032
6103 49961
6104 53797
6105 37409
6106 53781
6107 55072
6108 19304
6109 58144
6110 60184
6111 54040
6112 49952
6113 49952
6114 54048
6115 37648
6116 54032
6117 62241
6118 54048
6119 21281
6120 52040
6121 54064
6122 62241
6123 27432
6124 49681
6125 49976
6126 58208
6127 26409
6128 53781
6129 49953
6130 37664
6131 60184
6132 53781
6133 58144
6134 54048
6135 54064
6136 53781
6137 49953
6138 51976
6139 54032
6140 54057
6141 27392
6142 37648
6143 53813
6144 25377
6145 27496
6146 53780
6147 54032
6148 56105
6149 54048
6150 53813
6151 54064
6152 54064
6153 54048
6154 54040
6155 27497
6156 19233
6157 27392
6158 60200
6159 19233
6160 53797
6161 51992
6162 27401
6163 27401
6164 27393
6165 60184
6166 27401
6167 54048
6168 65321
6169 51992
6170 53761
6171 19224
6172 49953
6173 27401
6174 27424
6175 37664
6176 60184
6177 53781
6178 28425
6179 59169
6180 61225
6181 27592
6182 60161
6183 27433
6184 18945
6185 27401
6186 27393
6187 60184
6188 54040
6189 54048
6190 49969
6191 58152
6192 53781
6193 49953
6194 27401
6195 60200
6196 16897
6197 49937
6198 60200
6199 27496
6200 53765
6201 25376
6202 37648
6203 55056
6204 55072
6205 27489
6206 53781
6207 54049
6208 53781
6209 50977
6210 53777
6211 54033
6212 54032
6213 53781
6214 54064
6215 53780
6216 54064
6217 56080
6218 54056
6219 58144
6220 52008
6221 52009
6222 63273
6223 37648
6224 37648
6225 53781
6226 49960
6227 54064
6228 65321
6229 53781
6230 65321
6231 55857
6232 53793
6233 58136
6234 37393
6235 55809
6236 53781
6237 49697
6238 54049
6239 53781
6240 58145
6241 17152
6242 60201
6243 54064
6244 49685
6245 27488
6246 54048
6247 20265
6248 60312
6249 56088
6250 37664
6251 27401
6252 37664
6253 60200
6254 53776
6255 25377
6256 17184
6257 60184
6258 27497
6259 58112
6260 27496
6261 25353
6262 49953
6263 53781
6264 39441
6265 25352
6266 58152
6267 27624
6268 37664
6269 53781
6270 53781
6271 53781
6272 28449
6273 53781
6274 27400
6275 53781
6276 28449
6277 49952
6278 54048
6279 54065
6280 52120
6281 54048
6282 27400
6283 19209
6284 27392
6285 53781
6286 53813
6287 49957
6288 53781
6289 54032
6290 53765
6291 37648
6292 37648
6293 19232
6294 58216
6295 37681
6296 37648
6297 54032
6298 49920
6299 25344
6300 58216
6301 49953
6302 54064
6303 60192
6304 53781
6305 54053
6306 53781
6307 53781
6308 53777
6309 37393
6310 54048
6311 37664
6312 54049
6313 58145
6314 52001
6315 53781
6316 54048
6317 60296
6318 60264
6319 37648
6320 58113
6321 49953
6322 27401
6323 27392
6324 27496
6325 53765
6326 54049
6327 17184
6328 37680
6329 27584
6330 27401
6331 52000
6332 27400
6333 27400
6334 27433
6335 54056
6336 58200
6337 20265
6338 56088
6339 54048
6340 27400
6341 58144
6342 27393
6343 52000
6344 27464
6345 54064
6346 49920
6347 53781
6348 25377
6349 54049
6350 59169
6351 52000
6352 49944
6353 60193
6354 58145
6355 28457
6356 61225
6357 53781
6358 37649
6359 53777
6360 60193
6361 60184
6362 49669
6363 53777
6364 28489
6365 52024
6366 54048
6367 54032
6368 62208
6369 37649
6370 49685
6371 60168
6372 58144
6373 54064
6374 49921
6375 49957
6376 17184
6377 60184
6378 60248
6379 54032
6380 53765
6381 37680
6382 27465
6383 54064
6384 18961
6385 53781
6386 53781
6387 53781
6388 53781
6389 17185
6390 27425
6391 59176
6392 53781
6393 51968
6394 28513
6395 58144
6396 60168
6397 51968
6398 53781
6399 54032
6400 26401
6401 25344
6402 37664
6403 33584
6404 54048
6405 60184
6406 19233
6407 27433
6408 37648
6409 53797
6410 60161
6411 54048
6412 58145
6413 49920
6414 28521
6415 53797
6416 58113
6417 27496
6418 54032
6419 53781
6420 25089
6421 37664
6422 17184
6423 53765
6424 58144
6425 25376
6426 49685
6427 53781
6428 53781
6429 53781
6430 62248
6431 54040
6432 54049
6433 60176
6434 19240
6435 27425
6436 37392
6437 54048
6438 55073
6439 19209
6440 37664
6441 60168
6442 53781
6443 27393
6444 54032
6445 54032
6446 53781
6447 49936
6448 53781
6449 37664
6450 58136
6451 19240
6452 60176
6453 54049
6454 53781
6455 53033
6456 27496
6457 54040
6458 27401
6459 54033
6460 27392
6461 58208
6462 54048
6463 27433
6464 62241
6465 56089
6466 27401
6467 60184
6468 17192
6469 27433
6470 27425
6471 49969
6472 17192
6473 54049
6474 54032
6475 27425
6476 60200
6477 54048
6478 37648
6479 51744
6480 49685
6481 54064
6482 54049
6483 62296
6484 56097
6485 53033
6486 61217
6487 53781
6488 54048
6489 53761
6490 49952
6491 58145
6492 27497
6493 28449
6494 54032
6495 17189
6496 58145
6497 54048
6498 17192
6499 27489
6500 49936
6501 60192
6502 56097
6503 37648
6504 54048
6505 49953
6506 57121
6507 58208
6508 55080
6509 37648
6510 53781
6511 25376
6512 60232
6513 54064
6514 52001
6515 17185
6516 54032
6517 56088
6518 37648
6519 54048
6520 53781
6521 60328
6522 19232
6523 58208
6524 53781
6525 37681
6526 49968
6527 37664
6528 37664
6529 27401
6530 37425
6531 54064
6532 18945
6533 57121
6534 49937
6535 54048
6536 60264
6537 19200
6538 49968
6539 60265
6540 49960
6541 53797
6542 54056
6543 37672
6544 37664
6545 52000
6546 56152
6547 27401
6548 27432
6549 61216
6550 49685
6551 56096
6552 55825
6553 19241
6554 27488
6555 27432
6556 37409
6557 52001
6558 27496
6559 53764
6560 60168
6561 64289
6562 54049
6563 54032
6564 49921
6565 49921
6566 27400
6567 54064
6568 49953
6569 28521
6570 58145
6571 54049
6572 37648
6573 49952
6574 27432
6575 56097
6576 49936
6577 62240
6578 49921
6579 49953
6580 54064
6581 63256
6582 58144
6583 53793
6584 58144
6585 27496
6586 26465
6587 60184
6588 58113
6589 25377
6590 17192
6591 37648
6592 25440
6593 56105
6594 11041
6595 53765
6596 49685
6597 53765
6598 54017
6599 53797
6600 54032
6601 53765
6602 53764
6603 54064
6604 49952
6605 49953
6606 27464
6607 54064
6608 54048
6609 49669
6610 37392
6611 25440
6612 800
6613 53781
6614 53776
6615 27433
6616 58153
6617 37664
6618 59136
6619 49953
6620 27464
6621 49952
6622 11041
6623 55809
6624 52008
6625 53781
6626 58112
6627 25440
6628 27496
6629 60184
6630 19233
6631 54056
6632 27400
6633 64360
6634 53781
6635 27401
6636 53765
6637 27400
6638 54016
6639 54040
6640 58145
6641 19208
6642 53781
6643 27488
6644 54049
6645 58113
6646 59168
6647 60264
6648 62241
6649 49681
6650 58176
6651 25344
6652 54104
6653 54017
6654 58136
6655 58216
6656 19200
6657 53781
6658 49952
6659 63272
6660 61225
6661 54048
6662 17153
6663 39441
6664 53809
6665 49920
6666 53776
6667 27401
6668 37648
6669 16897
6670 55080
6671 49936
6672 61281
6673 54032
6674 25448
6675 25448
6676 54057
6677 37681
6678 16897
6679 16901
6680 64289
6681 27400
6682 53781
6683 60232
6684 49668
6685 28448
6686 49921
6687 54056
6688 53765
6689 49953
6690 53761
6691 27401
6692 17184
6693 49668
6694 25377
6695 53781
6696 55064
6697 53765
6698 49685
6699 53797
6700 37648
6701 53781
6702 53797
6703 49953
6704 19248
6705 27496
6706 58112
6707 11041
6708 54065
6709 37665
6710 54064
6711 58136
6712 64297
6713 28425
6714 64280
6715 28456
6716 27392
6717 49681
6718 49953
6719 60184
6720 60184
6721 57129
6722 53765
6723 50984
6724 19240
6725 27592
6726 19232
6727 25377
6728 16917
6729 52000
6730 27465
6731 27465
6732 56088
6733 53781
6734 52000
6735 60184
6736 60193
6737 53781
6738 54032
6739 60288
6740 53781
6741 54032
6742 58145
6743 54048
6744 60193
6745 54048
6746 53781
6747 54064
6748 49953
6749 54048
6750 27425
6751 37672
6752 27624
6753 19232
6754 53776
6755 27496
6756 54064
6757 54048
6758 58145
6759 25377
6760 50016
6761 53765
6762 37664
6763 58145
6764 53781
6765 37681
6766 53781
6767 27432
6768 54049
6769 53797
6770 27424
6771 17168
6772 39457
6773 53781
6774 58153
6775 54048
6776 51992
6777 27496
6778 58145
6779 49960
6780 28456
6781 27433
6782 53765
6783 19233
6784 52008
6785 54049
6786 54049
6787 54048
6788 28489
6789 53781
6790 61193
6791 55072
6792 54032
6793 27401
6794 27496
6795 27424
6796 52040
6797 58209
6798 54057
6799 19233
6800 27424
6801 37664
6802 54049
6803 53781
6804 19208
6805 37664
6806 17176
6807 17185
6808 54032
6809 54032
6810 61289
6811 49669
6812 55809
6813 49685
6814 25353
6815 53781
6816 17185
6817 37648
6818 25089
6819 53781
6820 60184
6821 25376
6822 65313
6823 49953
6824 57121
6825 27560
6826 50977
6827 54016
6828 52009
6829 55825
6830 53765
6831 49685
6832 53781
6833 17153
6834 27400
6835 58152
6836 27425
6837 54064
6838 53765
6839 27401
6840 54049
6841 60193
6842 54017
6843 61281
6844 37664
6845 25384
6846 60184
6847 27496
6848 17153
6849 54048
6850 53781
6851 51992
6852 59169
6853 49952
6854 27496
6855 27400
6856 27401
6857 55056
6858 54032
6859 17185
6860 27496
6861 58144
6862 49968
6863 59177
6864 56088
6865 33569
6866 37664
6867 19233
6868 27496
6869 28513
6870 49685
6871 49953
6872 17192
6873 55080
6874 19200
6875 19240
6876 56080
6877 37648
6878 60264
6879 49953
6880 54032
6881 49953
6882 56097
6883 53765
6884 53809
6885 60360
6886 49957
6887 55840
6888 54057
6889 49681
6890 49952
6891 53025
6892 60192
6893 53781
6894 59169
6895 53781
6896 53781
6897 27496
6898 60264
6899 27624
6900 37680
6901 49953
6902 54048
6903 17189
6904 54048
6905 52001
6906 25377
6907 58208
6908 60376
6909 62241
6910 28449
6911 27401
6912 19201
6913 53797
6914 25377
6915 17153
6916 60184
6917 53781
6918 37648
6919 54056
6920 37664
6921 53781
6922 19200
6923 19233
6924 17184
6925 58152
6926 27401
6927 53780
6928 53793
6929 49944
6930 54048
6931 53781
6932 53781
6933 39713
6934 51968
6935 49953
6936 17192
6937 58144
6938 49936
6939 49937
6940 54032
6941 56097
6942 49968
6943 50977
6944 49701
6945 59168
6946 53781
6947 53765
6948 37680
6949 53781
6950 27624
6951 27424
6952 26401
6953 54049
6954 28449
6955 54048
6956 54053
6957 53781
6958 55825
6959 53781
6960 19208
6961 53781
6962 54112
6963 53781
6964 60184
6965 49953
6966 27400
6967 19200
6968 27497
6969 61224
6970 53793
6971 53781
6972 60392
6973 53781
6974 49961
6975 27464
6976 51969
6977 27489
6978 28417
6979 53781
6980 27496
6981 60200
6982 54064
6983 53777
6984 49669
6985 16901
6986 58112
6987 54032
6988 37664
6989 60200
6990 49945
6991 55073
6992 2848
6993 62240
6994 52000
6995 49669
6996 17184
6997 27592
6998 54049
6999 53765
7000 49952
7001 53781
7002 60184
7003 27496
7004 37648
7005 62232
7006 49953
7007 59169
7008 27433
7009 49665
7010 60248
7011 49968
7012 51992
7013 19225
7014 49685
7015 54032
7016 54048
7017 27624
7018 37664
7019 62241
7020 60184
7021 53765
7022 27433
7023 49952
7024 63264
7025 37664
7026 51992
7027 49952
7028 51992
7029 25376
7030 53809
7031 27592
7032 60192
7033 51992
7034 58145
7035 57120
7036 28457
7037 54040
7038 17193
7039 58144
7040 54040
7041 57097
7042 21281
7043 58144
7044 18208
7045 53781
7046 54032
7047 53781
7048 54048
7049 57121
7050 19240
7051 27425
7052 49669
7053 54048
7054 53781
7055 53793
7056 53781
7057 27496
7058 27488
7059 17184
7060 54032
7061 16917
7062 19200
7063 49952
7064 53793
7065 53781
7066 37393
7067 53781
7068 58208
7069 53781
7070 25377
7071 58112
7072 49936
7073 54032
7074 17193
7075 49936
7076 49960
7077 52000
7078 19233
7079 54048
7080 60248
7081 27401
7082 27401
7083 54053
7084 53781
7085 54040
7086 58136
7087 60184
7088 27432
7089 27401
7090 59169
7091 25440
7092 54032
7093 51992
7094 37665
7095 49952
7096 58145
7097 54032
7098 60264
7099 51745
7100 37680
7101 27424
7102 49953
7103 27392
7104 25376
7105 27496
7106 49685
7107 53781
7108 27528
7109 49953
7110 52001
7111 60200
7112 53781
7113 51992
7114 19217
7115 19201
7116 27496
7117 49685
7118 58144
7119 27464
7120 53781
7121 55080
7122 54053
7123 25376
7124 54040
7125 27401
7126 58136
7127 37664
7128 54053
7129 27496
7130 53781
7131 53781
7132 53781
7133 58145
7134 54048
7135 53781
7136 27624
7137 25344
7138 27520
7139 53781
7140 27465
7141 37393
7142 53781
7143 49920
7144 53809
7145 20256
7146 53781
7147 27401
7148 27424
7149 27496
7150 27401
7151 53793
7152 53781
7153 49953
7154 55096
7155 800
7156 53781
7157 49952
7158 27496
7159 49952
7160 60184
7161 53781
7162 17189
7163 54064
7164 53781
7165 60248
7166 54048
7167 54017
7168 19232
7169 60184
7170 53764
7171 54040
7172 17184
7173 49953
7174 27401
7175 25353
7176 25376
7177 54064
7178 19233
7179 27432
7180 25384
7181 63264
7182 53781
7183 58113
7184 37664
7185 53809
7186 37664
7187 17185
7188 58152
7189 27401
7190 51713
7191 60264
7192 37680
7193 61216
7194 25377
7195 27400
7196 17152
7197 49960
7198 25441
7199 27496
7200 54032
7201 54064
7202 27400
7203 54064
7204 51976
7205 51744
7206 53781
7207 17184
7208 54056
7209 27400
7210 54053
7211 52008
7212 33568
7213 27528
7214 58208
7215 49960
7216 25376
7217 55072
7218 58144
7219 21281
7220 54049
7221 53781
7222 54049
7223 49936
7224 53781
7225 27433
7226 17185
7227 53797
7228 27496
7229 19304
7230 56080
7231 53781
7232 37672
7233 53781
7234 19240
7235 58144
7236 20264
7237 19233
7238 53781
7239 55081
7240 49937
7241 62240
7242 37680
7243 17184
7244 53781
7245 49952
7246 27497
7247 54065
7248 25377
7249 19352
7250 37680
7251 54048
7252 52072
7253 54048
7254 56152
7255 53781
7256 61281
7257 51976
7258 55072
7259 54064
7260 27401
7261 61288
7262 25384
7263 54056
7264 25377
7265 60248
7266 52024
7267 54048
7268 19209
7269 62240
7270 49680
7271 17153
7272 58152
7273 54120
7274 54032
7275 58113
7276 54048
7277 60193
7278 54040
7279 49952
7280 54032
7281 53781
7282 63272
7283 53781
7284 54064
7285 27497
7286 49952
7287 17168
7288 51992
7289 39440
7290 58136
7291 37648
7292 37648
7293 49960
7294 53781
7295 27432
7296 19216
7297 2848
7298 27424
7299 33569
7300 54053
7301 60192
7302 53793
7303 58145
7304 53777
7305 58144
7306 27496
7307 54048
7308 27401
7309 51968
7310 60184
7311 58144
7312 19200
7313 53777
7314 60184
7315 27401
7316 60312
7317 54040
7318 26409
7319 37680
7320 53781
7321 58144
7322 54056
7323 49952
7324 37664
7325 53765
7326 27496
7327 17184
7328 27432
7329 53781
7330 54064
7331 53781
7332 19296
7333 27497
7334 28512
7335 49665
7336 54040
7337 54048
7338 54048
7339 64289
7340 54056
7341 60184
7342 49936
7343 58144
7344 27497
7345 37648
7346 27496
7347 60312
7348 58216
7349 54048
7350 54072
7351 19233
7352 54032
7353 25448
7354 54032
7355 27400
7356 54048
7357 52000
7358 37664
7359 27400
7360 58184
7361 53781
7362 19233
7363 49936
7364 54065
7365 60184
7366 60248
7367 27392
7368 27424
7369 54057
7370 33576
7371 27400
7372 53781
7373 17169
7374 49945
7375 27401
7376 55073
7377 51992
7378 53764
7379 27497
7380 54048
7381 37425
7382 52024
7383 27392
7384 49968
7385 62296
7386 58128
7387 49952
7388 53764
7389 17185
7390 54048
7391 49669
7392 49952
7393 56089
7394 58144
7395 27496
7396 54032
7397 60184
7398 28521
7399 54040
7400 60192
7401 19216
7402 27528
7403 56088
7404 53781
7405 53777
7406 33576
7407 54056
7408 37664
7409 54057
7410 55840
7411 61288
7412 58145
7413 60328
7414 53781
7415 53780
7416 17200
7417 37680
7418 53781
7419 54048
7420 53781
7421 54048
7422 60248
7423 19296
7424 57129
7425 55073
7426 49953
7427 49952
7428 37664
7429 53781
7430 54033
7431 53781
7432 28449
7433 58152
7434 60200
7435 51992
7436 25345
7437 60200
7438 53777
7439 54048
7440 53776
7441 27497
7442 53025
7443 27496
7444 37648
7445 49936
7446 53781
7447 19216
7448 53781
7449 54064
7450 53781
7451 27401
7452 62240
7453 17160
7454 54072
7455 37648
7456 49952
7457 49668
7458 53781
7459 53781
7460 54032
7461 49968
7462 53781
7463 53781
7464 53781
7465 54032
7466 53781
7467 53781
7468 19304
7469 54048
7470 49977
7471 49936
7472 33568
7473 63336
7474 54032
7475 53776
7476 17256
7477 58145
7478 49685
7479 54048
7480 37688
7481 37664
7482 49968
7483 58144
7484 54049
7485 54048
7486 54064
7487 37648
7488 60184
7489 54048
7490 49936
7491 58152
7492 60184
7493 53781
7494 53781
7495 27425
7496 49952
7497 56073
7498 59168
7499 54048
7500 60392
7501 25385
7502 49952
7503 27425
7504 62312
7505 49936
7506 53781
7507 49953
7508 27496
7509 37688
7510 53781
7511 54032
7512 27489
7513 27496
7514 27496
7515 61225
7516 27465
7517 58112
7518 60192
7519 37664
7520 27497
7521 49952
7522 53777
7523 53781
7524 52120
7525 54048
7526 52000
7527 52009
7528 49669
7529 25353
7530 19201
7531 53793
7532 54048
7533 33576
7534 54032
7535 53781
7536 2857
7537 37393
7538 54032
7539 53781
7540 54048
7541 63336
7542 53781
7543 54048
7544 60168
7545 53781
7546 49685
7547 27392
7548 60176
7549 54032
7550 17152
7551 64360
7552 52000
7553 49936
7554 27393
7555 54053
7556 59137
7557 53781
7558 60184
7559 58112
7560 58129
7561 53765
7562 50985
7563 61225
7564 60193
7565 54049
7566 49669
7567 53781
7568 49953
7569 54032
7570 53781
7571 53781
7572 60288
7573 58144
7574 27464
7575 58145
7576 60201
7577 52000
7578 52120
7579 53781
7580 37397
7581 54032
7582 37648
7583 27392
7584 37664
7585 53781
7586 49685
7587 37409
7588 58113
7589 27401
7590 54064
7591 11041
7592 17153
7593 51992
7594 64288
7595 27496
7596 51984
7597 27488
7598 27432
7599 54048
7600 55809
7601 54048
7602 19201
7603 27465
7604 54064
7605 28512
7606 19200
7607 52001
7608 19233
7609 54049
7610 19233
7611 57121
7612 56072
7613 58128
7614 49697
7615 54049
7616 54048
7617 37680
7618 54048
7619 58128
7620 19200
7621 61217
7622 54032
7623 37648
7624 54032
7625 19200
7626 51977
7627 53781
7628 51992
7629 60184
7630 37665
7631 56105
7632 58144
7633 49936
7634 28456
7635 58145
7636 53781
7637 61281
7638 27496
7639 54048
7640 27401
7641 53781
7642 25344
7643 33576
7644 49665
7645 63272
7646 49669
7647 54056
7648 27433
7649 53765
7650 53793
7651 53797
7652 49685
7653 49665
7654 53025
7655 27425
7656 60193
7657 54048
7658 26465
7659 54049
7660 53781
7661 49961
7662 53781
7663 54056
7664 54048
7665 53781
7666 54040
7667 25352
7668 49960
7669 27432
7670 37664
7671 60184
7672 55857
7673 49952
7674 51984
7675 49697
7676 27424
7677 53032
7678 25384
7679 58144
7680 27433
7681 58113
7682 49952
7683 53781
7684 27393
7685 27497
7686 49921
7687 19217
7688 58216
7689 53781
7690 54049
7691 17192
7692 49952
7693 49953
7694 53781
7695 54049
7696 27400
7697 52000
7698 27400
7699 53809
7700 56104
7701 19233
7702 27432
7703 27464
7704 51744
7705 27400
7706 49968
7707 27496
7708 55072
7709 27496
7710 27424
7711 51992
7712 58128
7713 53781
7714 53781
7715 57120
7716 59169
7717 53781
7718 19209
7719 57129
7720 27592
7721 54065
7722 37392
7723 27393
7724 54048
7725 27400
7726 51992
7727 27401
7728 51976
7729 58209
7730 53761
7731 54048
7732 37664
7733 49685
7734 60176
7735 52008
7736 56097
7737 58152
7738 60392
7739 51992
7740 54049
7741 27393
7742 49668
7743 19233
7744 53781
7745 54016
7746 54032
7747 19241
7748 49968
7749 53781
7750 25440
7751 27433
7752 51992
7753 27401
7754 51976
7755 53781
7756 28449
7757 53025
7758 26401
7759 55080
7760 27616
7761 53781
7762 53781
7763 56104
7764 19240
7765 37649
7766 62240
7767 54040
7768 60184
7769 25384
7770 49936
7771 54040
7772 27424
7773 53777
7774 53781
7775 20256
7776 28457
7777 60168
7778 53781
7779 54048
7780 27496
7781 63256
7782 62304
7783 26401
7784 37409
7785 53809
7786 19233
7787 54040
7788 17160
7789 54048
7790 54053
7791 25385
7792 27496
7793 60184
7794 53025
7795 55809
7796 19200
7797 54057
7798 58136
7799 54064
7800 52001
7801 53781
7802 58144
7803 27393
7804 27433
7805 54053
7806 52016
7807 17185
7808 60312
7809 62248
7810 19233
7811 39441
7812 49685
7813 60184
7814 54032
7815 54048
7816 60201
7817 54072
7818 27400
7819 27465
7820 53765
7821 52120
7822 17185
7823 60200
7824 54049
7825 49920
7826 56088
7827 49921
7828 51968
7829 60184
7830 37680
7831 54024
7832 28448
7833 25385
7834 19304
7835 19232
7836 37665
7837 53781
7838 19208
7839 53025
7840 65313
7841 53797
7842 58144
7843 39441
7844 58112
7845 52000
7846 52000
7847 52016
7848 27393
7849 53776
7850 49953
7851 53765
7852 58145
7853 19208
7854 51969
7855 49920
7856 54056
7857 53780
7858 2848
7859 17185
7860 58144
7861 20257
7862 53781
7863 37664
7864 17176
7865 19225
7866 53781
7867 16917
7868 54049
7869 49952
7870 53781
7871 49960
7872 28456
7873 37664
7874 54048
7875 19232
7876 25376
7877 27392
7878 17168
7879 49953
7880 59176
7881 58144
7882 58128
7883 53781
7884 49953
7885 51992
7886 49936
7887 63264
7888 27432
7889 37648
7890 52040
7891 63265
7892 59176
7893 62248
7894 19352
7895 63265
7896 58145
7897 37648
7898 27496
7899 54072
7900 52000
7901 52001
7902 27401
7903 54032
7904 52000
7905 19233
7906 49953
7907 27425
7908 56105
7909 19233
7910 52001
7911 19201
7912 54048
7913 27392
7914 49960
7915 56097
7916 19240
7917 54048
7918 27432
7919 27425
7920 55072
7921 49685
7922 49944
7923 17168
7924 49961
7925 55096
7926 33568
7927 49669
7928 54048
7929 58144
7930 53813
7931 17185
7932 27392
7933 25360
7934 27496
7935 49952
7936 54049
7937 60193
7938 37648
7939 53781
7940 25376
7941 54032
7942 27392
7943 27489
7944 49953
7945 25384
7946 60312
7947 54048
7948 27496
7949 37648
7950 59168
7951 52001
7952 28457
7953 58128
7954 49960
7955 53781
7956 49968
7957 54048
7958 53781
7959 54048
7960 37664
7961 25377
7962 58208
7963 60296
7964 58152
7965 28513
7966 55073
7967 62240
7968 54032
7969 54048
7970 27424
7971 800
7972 27400
7973 19208
7974 60232
7975 60312
7976 27432
7977 19232
7978 54032
7979 27401
7980 56096
7981 54049
7982 54072
7983 51984
7984 53781
7985 54032
7986 53781
7987 60193
7988 54032
7989 54049
7990 19209
7991 54056
7992 54048
7993 49952
7994 58144
7995 49952
7996 53781
7997 53781
7998 58145
7999 54049
8000 49920
8001 59176
8002 49960
8003 37664
8004 53781
8005 52120
8006 60201
8007 25376
8008 58128
8009 28449
8010 58145
8011 58145
8012 53793
8013 52024
8014 62241
8015 53781
8016 61225
8017 59232
8018 53761
8019 52001
8020 27488
8021 54064
8022 19200
8023 17152
8024 27401
8025 61225
8026 58145
8027 54112
8028 49920
8029 37664
8030 54032
8031 53793
8032 49669
8033 65313
8034 19208
8035 37425
8036 56080
8037 52024
8038 37664
8039 17184
8040 49669
8041 64360
8042 49953
8043 53765
8044 800
8045 800
8046 49952
8047 19240
8048 49953
8049 53781
8050 55064
8051 59136
8052 49952
8053 53761
8054 60201
8055 49944
8056 28457
8057 19200
8058 49669
8059 61216
8060 49952
8061 27457
8062 54120
8063 54048
8064 27465
8065 49681
8066 62232
8067 54064
8068 27496
8069 25377
8070 49936
8071 49952
8072 49953
8073 52056
8074 53793
8075 49920
8076 26401
8077 54048
8078 64280
8079 55064
8080 49953
8081 59169
8082 49952
8083 49952
8084 53781
8085 25345
8086 54048
8087 25377
8088 54017
8089 49953
8090 19240
8091 58144
8092 49944
8093 49953
8094 54032
8095 27392
8096 56088
8097 60184
8098 19233
8099 27425
8100 25376
8101 27497
8102 37665
8103 53781
8104 25376
8105 60201
8106 60200
8107 49961
8108 49953
8109 28456
8110 54064
8111 27401
8112 20264
8113 49952
8114 54064
8115 58145
8116 53809
8117 56088
8118 54024
8119 60184
8120 49960
8121 37664
8122 54048
8123 49669
8124 54053
8125 54032
8126 49976
8127 53781
8128 54049
8129 61217
8130 37680
8131 54048
8132 37664
8133 52120
8134 54032
8135 26401
8136 60192
8137 27584
8138 54032
8139 60184
8140 49921
8141 27400
8142 27456
8143 37648
8144 52001
8145 17184
8146 54053
8147 28520
8148 55840
8149 27424
8150 27464
8151 25376
8152 52040
8153 60160
8154 59168
8155 58112
8156 19217
8157 61217
8158 27432
8159 51744
8160 54056
8161 25344
8162 27400
8163 49669
8164 54048
8165 27433
8166 54032
8167 27489
8168 65321
8169 53792
8170 54049
8171 53781
8172 53761
8173 39440
8174 52040
8175 25376
8176 37681
8177 55825
8178 25377
8179 54048
8180 19304
8181 19296
8182 19240
8183 27400
8184 60184
8185 37648
8186 28449
8187 51992
8188 58176
8189 25377
8190 63265
8191 54048
8192 18961
8193 17184
8194 53809
8195 27400
8196 49920
8197 62240
8198 58144
8199 25345
8200 27401
8201 53776
8202 17185
8203 53780
8204 17184
8205 27424
8206 55064
8207 54024
8208 55064
8209 54048
8210 27497
8211 60312
8212 54040
8213 52008
8214 52000
8215 27425
8216 17153
8217 56088
8218 49953
8219 62232
8220 19240
8221 49969
8222 33576
8223 19304
8224 52040
8225 60160
8226 60184
8227 28448
8228 53797
8229 53024
8230 49920
8231 49921
8232 49952
8233 49952
8234 19216
8235 53781
8236 54064
8237 49953
8238 54032
8239 53765
8240 17176
8241 25376
8242 53780
8243 33576
8244 60200
8245 49936
8246 53781
8247 54040
8248 51969
8249 28448
8250 19233
8251 27393
8252 49944
8253 52009
8254 55072
8255 27465
8256 49952
8257 62241
8258 19240
8259 17185
8260 37664
8261 19233
8262 53781
8263 49952
8264 33568
8265 51976
8266 53781
8267 49952
8268 28457
8269 54048
8270 54016
8271 16901
8272 37393
8273 27457
8274 50977
8275 21281
8276 49968
8277 27496
8278 27496
8279 19232
8280 49953
8281 60161
8282 49953
8283 53781
8284 37648
8285 19240
8286 51712
8287 54032
8288 49952
8289 25441
8290 54048
8291 54049
8292 58144
8293 27489
8294 19208
8295 62248
8296 49685
8297 17193
8298 49952
8299 49969
8300 56096
8301 51984
8302 11041
8303 54049
8304 19200
8305 54049
8306 51992
8307 60184
8308 64297
8309 27400
8310 54064
8311 19200
8312 54049
8313 49953
8314 27433
8315 19232
8316 54032
8317 59137
8318 49953
8319 25345
8320 16897
8321 49685
8322 37680
8323 27401
8324 53781
8325 59169
8326 54016
8327 58145
8328 53781
8329 58144
8330 53781
8331 53781
8332 49665
8333 17185
8334 54032
8335 25384
8336 37649
8337 49960
8338 58112
8339 27433
8340 49952
8341 49952
8342 27425
8343 27592
8344 19200
8345 49953
8346 54048
8347 28520
8348 57129
8349 37425
8350 53781
8351 27592
8352 64289
8353 60264
8354 52008
8355 18216
8356 65313
8357 60328
8358 52008
8359 19208
8360 28449
8361 27425
8362 61193
8363 49952
8364 27425
8365 27393
8366 17192
8367 49953
8368 61217
8369 58144
8370 17153
8371 37648
8372 49685
8373 54056
8374 54048
8375 58113
8376 49953
8377 54056
8378 60312
8379 49669
8380 37664
8381 58209
8382 27488
8383 37648
8384 60201
8385 27465
8386 19232
8387 54032
8388 27424
8389 49953
8390 56064
8391 49952
8392 37672
8393 26400
8394 53781
8395 37664
8396 27433
8397 58144
8398 62305
8399 63328
8400 49952
8401 55840
8402 61216
8403 19233
8404 37664
8405 21281
8406 49936
8407 49969
8408 800
8409 25377
8410 27464
8411 17185
8412 51976
8413 27393
8414 62249
8415 51992
8416 53796
8417 54032
8418 51968
8419 58152
8420 27392
8421 62241
8422 52000
8423 25353
8424 54064
8425 64288
8426 60201
8427 17256
8428 60192
8429 57097
8430 56096
8431 54064
8432 49921
8433 54049
8434 27432
8435 52000
8436 49945
8437 54049
8438 54064
8439 50977
8440 60184
8441 49952
8442 54048
8443 58144
8444 54065
8445 27424
8446 53813
8447 62304
8448 27496
8449 27425
8450 19233
8451 25376
8452 58152
8453 19201
8454 54056
8455 58145
8456 37648
8457 49952
8458 53781
8459 27424
8460 53796
8461 27496
8462 60264
8463 58128
8464 49953
8465 58120
8466 51992
8467 62240
8468 50984
8469 49953
8470 19216
8471 17160
8472 25344
8473 27400
8474 58136
8475 52000
8476 63264
8477 27401
8478 27496
8479 61225
8480 27425
8481 52001
8482 27425
8483 54057
8484 52001
8485 59169
8486 61217
8487 54048
8488 37664
8489 49936
8490 49953
8491 53813
8492 54048
8493 54032
8494 49960
8495 61217
8496 19200
8497 19233
8498 53781
8499 27528
8500 56088
8501 53781
8502 54048
8503 54048
8504 25376
8505 27496
8506 54048
8507 27392
8508 56152
8509 53781
8510 27497
8511 49680
8512 49953
8513 55136
8514 58128
8515 54048
8516 58136
8517 54048
8518 58144
8519 54053
8520 61289
8521 49701
8522 58120
8523 58153
8524 54049
8525 54048
8526 25385
8527 19201
8528 63264
8529 25441
8530 49920
8531 49685
8532 19233
8533 52000
8534 16917
8535 57129
8536 19240
8537 21281
8538 27528
8539 58112
8540 27400
8541 27496
8542 54048
8543 53781
8544 49953
8545 60328
8546 49928
8547 54048
8548 27400
8549 27401
8550 53781
8551 54032
8552 53025
8553 60184
8554 52000
8555 60193
8556 59137
8557 49953
8558 59233
8559 60184
8560 53781
8561 37664
8562 25377
8563 19201
8564 54072
8565 27497
8566 19232
8567 49937
8568 54056
8569 60192
8570 27465
8571 58128
8572 19248
8573 19240
8574 19200
8575 17184
8576 49953
8577 27496
8578 39457
8579 53781
8580 37672
8581 60193
8582 17153
8583 27528
8584 49701
8585 27424
8586 63329
8587 54064
8588 27496
8589 50016
8590 60312
8591 25448
8592 54056
8593 58144
8594 63329
8595 53781
8596 19240
8597 53777
8598 27424
8599 53780
8600 59176
8601 28457
8602 19304
8603 49968
8604 56097
8605 55840
8606 54048
8607 54048
8608 54065
8609 60200
8610 49920
8611 37664
8612 27496
8613 52000
8614 17152
8615 54064
8616 52000
8617 19233
8618 27401
8619 60184
8620 54032
8621 53765
8622 51992
8623 49936
8624 27400
8625 54032
8626 17256
8627 58145
8628 60248
8629 58208
8630 54032
8631 19233
8632 53781
8633 53765
8634 37672
8635 58136
8636 61224
8637 58153
8638 27432
8639 49936
8640 19225
8641 60312
8642 27520
8643 62240
8644 27496
8645 49936
8646 55073
8647 19241
8648 54048
8649 53764
8650 49921
8651 25344
8652 19200
8653 17184
8654 27425
8655 52009
8656 60184
8657 25376
8658 28513
8659 52000
8660 56104
8661 54104
8662 27496
8663 25376
8664 53813
8665 53813
8666 27425
8667 51968
8668 51992
8669 49944
8670 37680
8671 25408
8672 58136
8673 53797
8674 61224
8675 54057
8676 27624
8677 51985
8678 54040
8679 49953
8680 55072
8681 49952
8682 60184
8683 49920
8684 54048
8685 54048
8686 54048
8687 54048
8688 54072
8689 64297
8690 52009
8691 19233
8692 52120
8693 27424
8694 58144
8695 54048
8696 27624
8697 57121
8698 49952
8699 58112
8700 54056
8701 49920
8702 49968
8703 59168
8704 49952
8705 60184
8706 52001
8707 50977
8708 52120
8709 27496
8710 54049
8711 61217
8712 53765
8713 49936
8714 58208
8715 49920
8716 49952
8717 27392
8718 49952
8719 49953
8720 62241
8721 25376
8722 27392
8723 54049
8724 58144
8725 60264
8726 27401
8727 52001
8728 64289
8729 55072
8730 60184
8731 19217
8732 27496
8733 60160
8734 18945
8735 55081
8736 25345
8737 60248
8738 60296
8739 19200
8740 51992
8741 55064
8742 27497
8743 59168
8744 27584
8745 27496
8746 58208
8747 54048
8748 49944
8749 55080
8750 54032
8751 27465
8752 53765
8753 56064
8754 53781
8755 17153
8756 52120
8757 60176
8758 27497
8759 19232
8760 49968
8761 54040
8762 53025
8763 17169
8764 60200
8765 54040
8766 49665
8767 58209
8768 51976
8769 27425
8770 58112
8771 65385
8772 19201
8773 27616
8774 25353
8775 52001
8776 57121
8777 19240
8778 37680
8779 27464
8780 53797
8781 25377
8782 63329
8783 28449
8784 54056
8785 49669
8786 28521
8787 52001
8788 19233
8789 25376
8790 54048
8791 56096
8792 25384
8793 53765
8794 19240
8795 61288
8796 52001
8797 54032
8798 49944
8799 54065
8800 53033
8801 54048
8802 18209
8803 27592
8804 55136
8805 49953
8806 49960
8807 53761
8808 60184
8809 25344
8810 25377
8811 27496
8812 27465
8813 54056
8814 27408
8815 53781
8816 61216
8817 58144
8818 28513
8819 61224
8820 28448
8821 37688
8822 56105
8823 33576
8824 49936
8825 49669
8826 54017
8827 49952
8828 53781
8829 58145
8830 53797
8831 49953
8832 20257
8833 60256
8834 54032
8835 54053
8836 49968
8837 55056
8838 54064
8839 27488
8840 27424
8841 49953
8842 27528
8843 37664
8844 800
8845 60312
8846 19232
8847 25352
8848 27592
8849 19217
8850 49960
8851 49952
8852 54056
8853 53781
8854 28520
8855 27489
8856 60200
8857 27624
8858 19200
8859 19233
8860 27424
8861 58152
8862 27465
8863 27400
8864 54049
8865 61225
8866 27400
8867 27489
8868 37664
8869 37648
8870 19241
8871 53781
8872 37664
8873 51984
8874 27400
8875 27488
8876 60168
8877 19208
8878 17256
8879 20256
8880 54056
8881 60288
8882 28425
8883 52000
8884 27425
8885 61289
8886 53781
8887 58145
8888 37672
8889 25344
8890 54049
8891 27488
8892 25440
8893 62248
8894 51745
8895 53781
8896 54049
8897 63256
8898 52001
8899 27393
8900 53781
8901 27401
8902 49669
8903 58208
8904 19208
8905 58144
8906 27425
8907 53765
8908 59177
8909 55072
8910 53781
8911 27457
8912 49952
8913 53781
8914 60168
8915 60248
8916 52009
8917 27496
8918 60192
8919 53781
8920 27400
8921 25377
8922 54064
8923 52000
8924 58113
8925 54032
8926 18961
8927 17192
8928 49953
8929 49952
8930 54057
8931 60193
8932 56105
8933 51968
8934 60169
8935 61281
8936 27425
8937 58145
8938 27401
8939 25440
8940 51984
8941 60248
8942 49952
8943 58208
8944 800
8945 27401
8946 27401
8947 60184
8948 54016
8949 55073
8950 49936
8951 51992
8952 27497
8953 49685
8954 27400
8955 51992
8956 27400
8957 58112
8958 60184
8959 62232
8960 52000
8961 55073
8962 55809
8963 53777
8964 27496
8965 17160
8966 58145
8967 27401
8968 49936
8969 25377
8970 27400
8971 27488
8972 19233
8973 27496
8974 58112
8975 54032
8976 58145
8977 19232
8978 19200
8979 60184
8980 27401
8981 37665
8982 53781
8983 60184
8984 53761
8985 50985
8986 27560
8987 53781
8988 28489
8989 56072
8990 60176
8991 19216
8992 49953
8993 25376
8994 55080
8995 19241
8996 54064
8997 54048
8998 54053
8999 54056
9000 19240
9001 60161
9002 25376
9003 25376
9004 49953
9005 49936
9006 60200
9007 27401
9008 50985
9009 55073
9010 56088
9011 54064
9012 49921
9013 59177
9014 26401
9015 25377
9016 27497
9017 49920
9018 54032
9019 27425
9020 60193
9021 49685
9022 49937
9023 58184
9024 59169
9025 49960
9026 49953
9027 54048
9028 27425
9029 58145
9030 37648
9031 17184
9032 27497
9033 56088
9034 52120
9035 27464
9036 63264
9037 20257
9038 58136
9039 54056
9040 58112
9041 51968
9042 53765
9043 19232
9044 27425
9045 53761
9046 55080
9047 49952
9048 27497
9049 49952
9050 27624
9051 27400
9052 58144
9053 54072
9054 19201
9055 27400
9056 17189
9057 20265
9058 25377
9059 18961
9060 51992
9061 49668
9062 54048
9063 56088
9064 49960
9065 19233
9066 60168
9067 49952
9068 37648
9069 49952
9070 52120
9071 53793
9072 49953
9073 61224
9074 53024
9075 58208
9076 17184
9077 54032
9078 62249
9079 56073
9080 17184
9081 55136
9082 58208
9083 37672
9084 49961
9085 27392
9086 53781
9087 52009
9088 54056
9089 49953
9090 25384
9091 27401
9092 65385
9093 52008
9094 27432
9095 56097
9096 53780
9097 58144
9098 54048
9099 53781
9100 54057
9101 27488
9102 19233
9103 52008
9104 58145
9105 17153
9106 27424
9107 51968
9108 54048
9109 56104
9110 27401
9111 19201
9112 54016
9113 58144
9114 53781
9115 50976
9116 53781
9117 53797
9118 19304
9119 53781
9120 54049
9121 27392
9122 54049
9123 60201
9124 57120
9125 51977
9126 64288
9127 54048
9128 54056
9129 61216
9130 53781
9131 54049
9132 27433
9133 53781
9134 27497
9135 27496
9136 60232
9137 54048
9138 58144
9139 49953
9140 27401
9141 53761
9142 53792
9143 2848
9144 27424
9145 54032
9146 27401
9147 56089
9148 28457
9149 53781
9150 61281
9151 52009
9152 17184
9153 51729
9154 60200
9155 27400
9156 49665
9157 27464
9158 25344
9159 25345
9160 58208
9161 55073
9162 58145
9163 53793
9164 60328
9165 27496
9166 49953
9167 51712
9168 49953
9169 52008
9170 19241
9171 27392
9172 56088
9173 25376
9174 58128
9175 19241
9176 54048
9177 27424
9178 27592
9179 19208
9180 25376
9181 49953
9182 54072
9183 37672
9184 64296
9185 54016
9186 19201
9187 54048
9188 49960
9189 37680
9190 54048
9191 53781
9192 28513
9193 49920
9194 49953
9195 17153
9196 37648
9197 52008
9198 58145
9199 49953
9200 49952
9201 53781
9202 49920
9203 17193
9204 51976
9205 54048
9206 25384
9207 49952
9208 19200
9209 58216
9210 56097
9211 49960
9212 21281
9213 51729
9214 49953
9215 63265
9216 2848
9217 60201
9218 59169
9219 27624
9220 49936
9221 54049
9222 52001
9223 58145
9224 19201
9225 64288
9226 19240
9227 54057
9228 49960
9229 49921
9230 58153
9231 25440
9232 62240
9233 62232
9234 49953
9235 27408
9236 33576
9237 54049
9238 33569
9239 52000
9240 53765
9241 54048
9242 37393
9243 19240
9244 54049
9245 53781
9246 54032
9247 27400
9248 37664
9249 26465
9250 52008
9251 60264
9252 54048
9253 25376
9254 54049
9255 54057
9256 63264
9257 63265
9258 57120
9259 61225
9260 64289
9261 49953
9262 54049
9263 27408
9264 19232
9265 25376
9266 27392
9267 49953
9268 54024
9269 54024
9270 27432
9271 58112
9272 17153
9273 63329
9274 28448
9275 25376
9276 49953
9277 17152
9278 49953
9279 49952
9280 37648
9281 59232
9282 27425
9283 60256
9284 19201
9285 28520
9286 51977
9287 37413
9288 49952
9289 52000
9290 19200
9291 25376
9292 17185
9293 27425
9294 27464
9295 49953
9296 27400
9297 27457
9298 27592
9299 25440
9300 17184
9301 54112
9302 27400
9303 28417
9304 54056
9305 54048
9306 56072
9307 19224
9308 54048
9309 56097
9310 49953
9311 19232
9312 54048
9313 17185
9314 52000
9315 27489
9316 54048
9317 54048
9318 27496
9319 49953
9320 53777
9321 58176
9322 60192
9323 56104
9324 19201
9325 58144
9326 27425
9327 62240
9328 37664
9329 52000
9330 54064
9331 49685
9332 53781
9333 55072
9334 58144
9335 27520
9336 49952
9337 52024
9338 53781
9339 49953
9340 53765
9341 52072
9342 60168
9343 62240
9344 53776
9345 58144
9346 59233
9347 60200
9348 49961
9349 19209
9350 58144
9351 37688
9352 17192
9353 49937
9354 49685
9355 19233
9356 19233
9357 62241
9358 27433
9359 60376
9360 57121
9361 58144
9362 61225
9363 27400
9364 55840
9365 17160
9366 27393
9367 2857
9368 53033
9369 27393
9370 49945
9371 27624
9372 27400
9373 63272
9374 58113
9375 25376
9376 57121
9377 49669
9378 54049
9379 54048
9380 54057
9381 52000
9382 49953
9383 19240
9384 25344
9385 58144
9386 19233
9387 54048
9388 54064
9389 62240
9390 27488
9391 54049
9392 61281
9393 19232
9394 54056
9395 58152
9396 49945
9397 54048
9398 19296
9399 17152
9400 53765
9401 62241
9402 28449
9403 49680
9404 25377
9405 49936
9406 58208
9407 25377
9408 59176
9409 60184
9410 49937
9411 19233
9412 25344
9413 20264
9414 19241
9415 49953
9416 49960
9417 54032
9418 25377
9419 49953
9420 20265
9421 27392
9422 63264
9423 19233
9424 63329
9425 27465
9426 19233
9427 19241
9428 52000
9429 17256
9430 52000
9431 27425
9432 37680
9433 54032
9434 63265
9435 59169
9436 25376
9437 63329
9438 19232
9439 60160
9440 27497
9441 37664
9442 54048
9443 54048
9444 58144
9445 52001
9446 27433
9447 17185
9448 27497
9449 58112
9450 27489
9451 33568
9452 49685
9453 51992
9454 27400
9455 49920
9456 49944
9457 49952
9458 51745
9459 58152
9460 54056
9461 27400
9462 49928
9463 49960
9464 28456
9465 54040
9466 51977
9467 37648
9468 54048
9469 63264
9470 19233
9471 25376
9472 27424
9473 27392
9474 49952
9475 53764
9476 55073
9477 25344
9478 52120
9479 54040
9480 49944
9481 54048
9482 60288
9483 25344
9484 60232
9485 19233
9486 58208
9487 52001
9488 19208
9489 51992
9490 62240
9491 37664
9492 49953
9493 55080
9494 54032
9495 54032
9496 49936
9497 49952
9498 61224
9499 27424
9500 17184
9501 58216
9502 61225
9503 49952
9504 58153
9505 60201
9506 49944
9507 19208
9508 52009
9509 49936
9510 58216
9511 58113
9512 25376
9513 64288
9514 54017
9515 17184
9516 52000
9517 55081
9518 27401
9519 27401
9520 50024
9521 25377
9522 56097
9523 55073
9524 53793
9525 60200
9526 26400
9527 58113
9528 27433
9529 61225
9530 55072
9531 55136
9532 54032
9533 52008
9534 53781
9535 60265
9536 50984
9537 52000
9538 49952
9539 54032
9540 55073
9541 60200
9542 58152
9543 17184
9544 19232
9545 17184
9546 25376
9547 60200
9548 54048
9549 62241
9550 19201
9551 51968
9552 27425
9553 54049
9554 54120
9555 55096
9556 49936
9557 53781
9558 60200
9559 54049
9560 28521
9561 53781
9562 56064
9563 49685
9564 53781
9565 56088
9566 60184
9567 27433
9568 54024
9569 19232
9570 18216
9571 54048
9572 51968
9573 49960
9574 58144
9575 19233
9576 61225
9577 20265
9578 27400
9579 27496
9580 54072
9581 61225
9582 55064
9583 56104
9584 20256
9585 52000
9586 55073
9587 27400
9588 27400
9589 19240
9590 54056
9591 27425
9592 56088
9593 52000
9594 54064
9595 61224
9596 27425
9597 54048
9598 60264
9599 59177
9600 25384
9601 52008
9602 49953
9603 49921
9604 58145
9605 62305
9606 54048
9607 17193
9608 54053
9609 27624
9610 37664
9611 54064
9612 27424
9613 62241
9614 54048
9615 53781
9616 52000
9617 62241
9618 51976
9619 54049
9620 60193
9621 19233
9622 58153
9623 58144
9624 25344
9625 53781
9626 49960
9627 27425
9628 19201
9629 33576
9630 28513
9631 61224
9632 54048
9633 19201
9634 37413
9635 54049
9636 51992
9637 49960
9638 27393
9639 17184
9640 25376
9641 49960
9642 18945
9643 52000
9644 17185
9645 62312
9646 53765
9647 49685
9648 59168
9649 51992
9650 55080
9651 19208
9652 26464
9653 54049
9654 49937
9655 25377
9656 17152
9657 54112
9658 17169
9659 25377
9660 27393
9661 52008
9662 27400
9663 54064
9664 50024
9665 49928
9666 53781
9667 61216
9668 60392
9669 49953
9670 56088
9671 52000
9672 58144
9673 27496
9674 37648
9675 60168
9676 60200
9677 49920
9678 37664
9679 49960
9680 49929
9681 51976
9682 25377
9683 27584
9684 25377
9685 54024
9686 51976
9687 27432
9688 56104
9689 54064
9690 54056
9691 52000
9692 21281
9693 19233
9694 60232
9695 27424
9696 25377
9697 54048
9698 53793
9699 27392
9700 49952
9701 53781
9702 52000
9703 19201
9704 19240
9705 27496
9706 56065
9707 52008
9708 19200
9709 27425
9710 49920
9711 52000
9712 58145
9713 49920
9714 58112
9715 49952
9716 61216
9717 27464
9718 63264
9719 27392
9720 58145
9721 27401
9722 17168
9723 19232
9724 60288
9725 49920
9726 50024
9727 54032
9728 49952
9729 28457
9730 27496
9731 51992
9732 33576
9733 54048
9734 56089
9735 60168
9736 25376
9737 51969
9738 25377
9739 49968
9740 25376
9741 25441
9742 25352
9743 54048
9744 59136
9745 25376
9746 28425
9747 62312
9748 49952
9749 25376
9750 61289
9751 62241
9752 49953
9753 52009
9754 53032
9755 52008
9756 19232
9757 62248
9758 49669
9759 56105
9760 58145
9761 63336
9762 19240
9763 60169
9764 25376
9765 58144
9766 52000
9767 51969
9768 27393
9769 25440
9770 49952
9771 25345
9772 55072
9773 25377
9774 60193
9775 58113
9776 27424
9777 54048
9778 25377
9779 54049
9780 55080
9781 19200
9782 56096
9783 54016
9784 60392
9785 53765
9786 25377
9787 49953
9788 54048
9789 49952
9790 49961
9791 17184
9792 58144
9793 60184
9794 62232
9795 27392
9796 54032
9797 27393
9798 53793
9799 54049
9800 60192
9801 53781
9802 27424
9803 58144
9804 17189
9805 27465
9806 27496
9807 52001
9808 54049
9809 37664
9810 50976
9811 54049
9812 60392
9813 19209
9814 19216
9815 49952
9816 52000
9817 59177
9818 58144
9819 27497
9820 60200
9821 27392
9822 27497
9823 53765
9824 27497
9825 27393
9826 56105
9827 19240
9828 19232
9829 62240
9830 54056
9831 60193
9832 65313
9833 64296
9834 61281
9835 58200
9836 56080
9837 19240
9838 49952
9839 53793
9840 55073
9841 62240
9842 53796
9843 54048
9844 27425
9845 55081
9846 60192
9847 49953
9848 58144
9849 49944
9850 49953
9851 54048
9852 25440
9853 19241
9854 55080
9855 61289
9856 60200
9857 27400
9858 63265
9859 60192
9860 65313
9861 25376
9862 51976
9863 50977
9864 19225
9865 27393
9866 49953
9867 62249
9868 19240
9869 52001
9870 54056
9871 58145
9872 54072
9873 63256
9874 27425
9875 54057
9876 25376
9877 27496
9878 58144
9879 20264
9880 27425
9881 17169
9882 58209
9883 19201
9884 19233
9885 58152
9886 27392
9887 58145
9888 54048
9889 50977
9890 58145
9891 37680
9892 49668
9893 27401
9894 54064
9895 60160
9896 61225
9897 57129
9898 53781
9899 62232
9900 37648
9901 27400
9902 17184
9903 54049
9904 19233
9905 19200
9906 37672
9907 55072
9908 49960
9909 27400
9910 27489
9911 58144
9912 52024
9913 27424
9914 19241
9915 51976
9916 27592
9917 27392
9918 27432
9919 49957
9920 57121
9921 54049
9922 49952
9923 54032
9924 49961
9925 25377
9926 54057
9927 54048
9928 49961
9929 26400
9930 53792
9931 17184
9932 19216
9933 49961
9934 58144
9935 25377
9936 17184
9937 53032
9938 27624
9939 27393
9940 19240
9941 54048
9942 51977
9943 27393
9944 52000
9945 63265
9946 25353
9947 17184
9948 58144
9949 60232
9950 54048
9951 27400
9952 63336
9953 49952
9954 54048
9955 60193
9956 53781
9957 37665
9958 65385
9959 58153
9960 53813
9961 17185
9962 54048
9963 55081
9964 59232
9965 19233
9966 27624
9967 58120
9968 35617
9969 58145
9970 58152
9971 27488
9972 27433
9973 60169
9974 55081
9975 59168
9976 60192
9977 27464
9978 19232
9979 18208
9980 54048
9981 27496
9982 25377
9983 60184
9984 52008
9985 58144
9986 49952
9987 57129
9988 58152
9989 25376
9990 58112
9991 49952
9992 60192
9993 49953
9994 54048
9995 49952
9996 27464
9997 53781
9998 49944
9999 49681
10000 49952
10001 60256
10002 19233
10003 55080
10004 58144
10005 54056
10006 58144
10007 27424
10008 27425
10009 54040
10010 49957
10011 54049
10012 19233
10013 54016
10014 49953
10015 49952
10016 60184
10017 56104
10018 58113
10019 17153
10020 17161
10021 49952
10022 60192
10023 49701
10024 60192
10025 25440
10026 53025
10027 51976
10028 59169
10029 27464
10030 19216
10031 61193
10032 58136
10033 60200
10034 58145
10035 27496
10036 51744
10037 28520
10038 27433
10039 51976
10040 49697
10041 27400
10042 27624
10043 19233
10044 58113
10045 60192
10046 25377
10047 54057
10048 27425
10049 26401
10050 27433
10051 53797
10052 28521
10053 54056
10054 25376
10055 58152
10056 17193
10057 54056
10058 27393
10059 27425
10060 17152
10061 49681
10062 17184
10063 60256
10064 49953
10065 17168
10066 25377
10067 19216
10068 49952
10069 25344
10070 55081
10071 53793
10072 63264
10073 58145
10074 27393
10075 54056
10076 62240
10077 64288
10078 52001
10079 19216
10080 60192
10081 49969
10082 27624
10083 54048
10084 18945
10085 20264
10086 60201
10087 27425
10088 52000
10089 50024
10090 54064
10091 58136
10092 49921
10093 27424
10094 17161
10095 58152
10096 37648
10097 53761
10098 61288
10099 19216
10100 54048
10101 27489
10102 54048
10103 52000
10104 55080
10105 58145
10106 49952
10107 49960
10108 58144
10109 59136
10110 49960
10111 27433
10112 49952
10113 60192
10114 27393
10115 25385
10116 58145
10117 27401
10118 53025
10119 25377
10120 19296
10121 17152
10122 27401
10123 53025
10124 49953
10125 54048
10126 58112
10127 19233
10128 49960
10129 49944
10130 60192
10131 49952
10132 51976
10133 52001
10134 19208
10135 27497
10136 27489
10137 52000
10138 19233
10139 49920
10140 53033
10141 54053
10142 52000
10143 25376
10144 19200
10145 61281
10146 27496
10147 56096
10148 39713
10149 57129
10150 27408
10151 58144
10152 19217
10153 59136
10154 17185
10155 25345
10156 61216
10157 58144
10158 25376
10159 60192
10160 60184
10161 49952
10162 63265
10163 52000
10164 27432
10165 49952
10166 54049
10167 27465
10168 37648
10169 56097
10170 19200
10171 54064
10172 27400
10173 58112
10174 19232
10175 54048
10176 54048
10177 57121
10178 60193
10179 19208
10180 19233
10181 37664
10182 49665
10183 58145
10184 61224
10185 17184
10186 27425
10187 60192
10188 27392
10189 60193
10190 27401
10191 27456
10192 25377
10193 27496
10194 28457
10195 60312
10196 54049
10197 27457
10198 25377
10199 25376
10200 27408
10201 58145
10202 25344
10203 54048
10204 49952
10205 58144
10206 60193
10207 49953
10208 28513
10209 54049
10210 56097
10211 54024
10212 49953
10213 50976
10214 27400
10215 58144
10216 49665
10217 19209
10218 19296
10219 25376
10220 53792
10221 17185
10222 28449
10223 17189
10224 51992
10225 19304
10226 51992
10227 52009
10228 54048
10229 49953
10230 54056
10231 58112
10232 58145
10233 56097
10234 55072
10235 54056
10236 27424
10237 54048
10238 27464
10239 52001
10240 49952
10241 25377
10242 27400
10243 64280
10244 56104
10245 49961
10246 27400
10247 18209
10248 49952
10249 58145
10250 54048
10251 28449
10252 27392
10253 54040
10254 17185
10255 25376
10256 50977
10257 19201
10258 60184
10259 25448
10260 58112
10261 60200
10262 49960
10263 49952
10264 37664
10265 27528
10266 58144
10267 37648
10268 27616
10269 27489
10270 49952
10271 37664
10272 53765
10273 61193
10274 19240
10275 60193
10276 55081
10277 58152
10278 27496
10279 27425
10280 58121
10281 49953
10282 60232
10283 27424
10284 56072
10285 17168
10286 49952
10287 27497
10288 27424
10289 58152
10290 25376
10291 19201
10292 59232
10293 49968
10294 57120
10295 27496
10296 37648
10297 59233
10298 27401
10299 21281
10300 51968
10301 28457
10302 27464
10303 49952
10304 54048
10305 11041
10306 27392
10307 53025
10308 54056
10309 25384
10310 51993
10311 25377
10312 28449
10313 54049
10314 11041
10315 25376
10316 25440
10317 58144
10318 17184
10319 49953
10320 27464
10321 25376
10322 49961
10323 59169
10324 25377
10325 61281
10326 17184
10327 49929
10328 37688
10329 18216
10330 49920
10331 11041
10332 19233
10333 28521
10334 52120
10335 59169
10336 53792
10337 25377
10338 25352
10339 58144
10340 49929
10341 27496
10342 54048
10343 65313
10344 57129
10345 58144
10346 64280
10347 54056
10348 28449
10349 57121
10350 19201
10351 49960
10352 52040
10353 54056
10354 64288
10355 27401
10356 27497
10357 49952
10358 49953
10359 51976
10360 52001
10361 19209
10362 27425
10363 49960
10364 54049
10365 17184
10366 58144
10367 58144
10368 60160
10369 60200
10370 19240
10371 60265
10372 17184
10373 54048
10374 54049
10375 27496
10376 27392
10377 60184
10378 27488
10379 19240
10380 49960
10381 27401
10382 19232
10383 60192
10384 25345
10385 19208
10386 54049
10387 56096
10388 51976
10389 27401
10390 27457
10391 27401
10392 60184
10393 27496
10394 65312
10395 27497
10396 27497
10397 49952
10398 58144
10399 54048
10400 60200
10401 60193
10402 27393
10403 52072
10404 58145
10405 53025
10406 54049
10407 27393
10408 58152
10409 25377
10410 25376
10411 54048
10412 27624
10413 64280
10414 27496
10415 27496
10416 49952
10417 20264
10418 27432
10419 62241
10420 53025
10421 19232
10422 54057
10423 27400
10424 19216
10425 17161
10426 19216
10427 26400
10428 52008
10429 19209
10430 60184
10431 53024
10432 27401
10433 2848
10434 53781
10435 55080
10436 51992
10437 56104
10438 54048
10439 25448
10440 27496
10441 19208
10442 37680
10443 49960
10444 58144
10445 27425
10446 57129
10447 28449
10448 56104
10449 60192
10450 19208
10451 49952
10452 25352
10453 27465
10454 51976
10455 54016
10456 49961
10457 17152
10458 26464
10459 51976
10460 63265
10461 54032
10462 27497
10463 27424
10464 19233
10465 28513
10466 60161
10467 27552
10468 17184
10469 52008
10470 53032
10471 17153
10472 27457
10473 19232
10474 52000
10475 19232
10476 58152
10477 19232
10478 49953
10479 18216
10480 19217
10481 17184
10482 55073
10483 19209
10484 49968
10485 27496
10486 60192
10487 60192
10488 27520
10489 19208
10490 54049
10491 54049
10492 55080
10493 49960
10494 28449
10495 61217
10496 58113
10497 49953
10498 58112
10499 49961
10500 55072
10501 52008
10502 56096
10503 17184
10504 54072
10505 62241
10506 60232
10507 55081
10508 49953
10509 50977
10510 2857
10511 58145
10512 56097
10513 60161
10514 58152
10515 63256
10516 58136
10517 54056
10518 58113
10519 49976
10520 54048
10521 58144
10522 53781
10523 49960
10524 25352
10525 62232
10526 27400
10527 54120
10528 27425
10529 51976
10530 56088
10531 53765
10532 54049
10533 58144
10534 33576
10535 51992
10536 28521
10537 28520
10538 51968
10539 17161
10540 26401
10541 27592
10542 60193
10543 27393
10544 52008
10545 49665
10546 58145
10547 49953
10548 27401
10549 19216
10550 19240
10551 27433
10552 19304
10553 17184
10554 52001
10555 61225
10556 52001
10557 19233
10558 25376
10559 49953
10560 27400
10561 19248
10562 27497
10563 27496
10564 27624
10565 28457
10566 54048
10567 60200
10568 25376
10569 58120
10570 52040
10571 53780
10572 27465
10573 58152
10574 56065
10575 27424
10576 60192
10577 58145
10578 19208
10579 17192
10580 52001
10581 27425
10582 49977
10583 27624
10584 57120
10585 62240
10586 25384
10587 54048
10588 28449
10589 51992
10590 25377
10591 54049
10592 62304
10593 25377
10594 49953
10595 54056
10596 52120
10597 17161
10598 37649
10599 20257
10600 19201
10601 27488
10602 27497
10603 53781
10604 58152
10605 17184
10606 60176
10607 59168
10608 56073
10609 60184
10610 52001
10611 58145
10612 49977
10613 18209
10614 54056
10615 52000
10616 27464
10617 53781
10618 19201
10619 49665
10620 19201
10621 54065
10622 19232
10623 49920
10624 17153
10625 17185
10626 27432
10627 53781
10628 11041
10629 27425
10630 27496
10631 54112
10632 25376
10633 27464
10634 53793
10635 51744
10636 56073
10637 55073
10638 49953
10639 27432
10640 54056
10641 11041
10642 54049
10643 61225
10644 58152
10645 59168
10646 27624
10647 19232
10648 27392
10649 58145
10650 54112
10651 19201
10652 54049
10653 51976
10654 17185
10655 27425
10656 58144
10657 19232
10658 26401
10659 52008
10660 37688
10661 54049
10662 58145
10663 25353
10664 17189
10665 19233
10666 58152
10667 52000
10668 49953
10669 58144
10670 25376
10671 25344
10672 19233
10673 17184
10674 20256
10675 54072
10676 60232
10677 52001
10678 62232
10679 58136
10680 53777
10681 37680
10682 65313
10683 54064
10684 27401
10685 58145
10686 53781
10687 19352
10688 60184
10689 54032
10690 37648
10691 55064
10692 54057
10693 58136
10694 52008
10695 59233
10696 37664
10697 53809
10698 58112
10699 53797
10700 25345
10701 27432
10702 49952
10703 53813
10704 25376
10705 54032
10706 60296
10707 27433
10708 19208
10709 56105
10710 54049
10711 27433
10712 54064
10713 52001
10714 800
10715 27425
10716 26401
10717 58145
10718 21281
10719 19233
10720 53776
10721 54049
10722 55841
10723 49952
10724 25377
10725 58145
10726 27393
10727 49952
10728 55064
10729 54057
10730 19241
10731 60193
10732 28449
10733 54112
10734 25377
10735 52001
10736 17152
10737 27425
10738 49976
10739 60257
10740 60192
10741 27624
10742 53025
10743 63265
10744 50977
10745 49952
10746 54056
10747 49936
10748 52000
10749 60184
10750 58144
10751 58145
10752 27392
10753 57121
10754 49944
10755 49977
10756 19201
10757 35617
10758 63264
10759 19200
10760 19201
10761 17200
10762 27393
10763 60193
10764 49952
10765 25376
10766 58128
10767 49953
10768 33576
10769 28521
10770 60232
10771 54048
10772 51976
10773 53024
10774 39457
10775 54056
10776 54032
10777 27393
10778 62240
10779 49952
10780 53780
10781 17184
10782 59176
10783 49936
10784 49936
10785 60232
10786 53781
10787 25440
10788 26401
10789 27425
10790 51992
10791 27424
10792 54048
10793 49961
10794 27496
10795 49953
10796 49952
10797 25377
10798 27393
10799 27496
10800 49968
10801 53813
10802 27592
10803 25352
10804 19233
10805 27489
10806 54049
10807 19200
10808 49953
10809 28457
10810 57129
10811 49952
10812 27425
10813 49952
10814 62240
10815 28449
10816 58208
10817 27489
10818 17192
10819 54049
10820 19201
10821 19233
10822 27392
10823 62240
10824 17184
10825 49952
10826 49961
10827 27496
10828 58176
10829 27424
10830 27433
10831 52016
10832 54056
10833 54049
10834 19208
10835 49953
10836 25344
10837 64297
10838 60192
10839 27425
10840 63329
10841 19233
10842 56104
10843 58120
10844 27424
10845 49952
10846 25344
10847 27425
10848 54032
10849 25384
10850 19201
10851 27456
10852 52009
10853 55072
10854 27592
10855 64280
10856 56097
10857 27592
10858 53781
10859 49968
10860 64288
10861 19201
10862 19232
10863 19224
10864 49952
10865 19209
10866 52008
10867 51969
10868 54072
10869 26401
10870 55072
10871 27432
10872 19233
10873 54048
10874 27432
10875 27496
10876 18961
10877 27496
10878 52000
10879 37664
10880 57120
10881 25345
10882 58152
10883 58200
10884 52000
10885 54065
10886 49952
10887 49920
10888 49952
10889 19232
10890 62241
10891 25376
10892 19233
10893 25376
10894 54048
10895 49960
10896 58112
10897 49945
10898 25344
10899 55080
10900 56096
10901 58145
10902 52000
10903 19208
10904 63265
10905 60193
10906 58145
10907 19200
10908 17192
10909 52024
10910 49969
10911 27496
10912 25377
10913 19240
10914 19216
10915 53793
10916 51992
10917 49953
10918 17184
10919 27584
10920 17185
10921 58145
10922 49681
10923 27496
10924 55081
10925 49961
10926 49953
10927 49952
10928 49920
10929 49953
10930 37681
10931 49953
10932 54017
10933 58200
10934 25448
10935 27392
10936 54048
10937 54040
10938 52008
10939 17184
10940 60168
10941 28520
10942 27592
10943 54049
10944 19304
10945 60168
10946 49960
10947 49952
10948 54048
10949 62304
10950 16897
10951 60161
10952 50977
10953 25376
10954 54064
10955 35617
10956 25345
10957 53793
10958 56096
10959 27496
10960 58144
10961 51976
10962 52009
10963 61288
10964 51712
10965 52000
10966 19240
10967 25377
10968 58144
10969 60201
10970 55080
10971 58144
10972 49952
10973 54049
10974 37665
10975 58144
10976 56097
10977 25344
10978 27424
10979 49960
10980 27496
10981 27560
10982 50016
10983 58112
10984 27432
10985 27496
10986 27401
10987 25440
10988 53781
10989 54048
10990 27624
10991 49953
10992 58209
10993 60168
10994 58144
10995 49952
10996 58176
10997 53761
10998 18945
10999 55073
11000 25360
11001 25377
11002 19233
11003 19232
11004 49953
11005 64360
11006 54064
11007 51976
11008 60193
11009 27497
11010 17192
11011 58144
11012 800
11013 17184
11014 54053
11015 19209
11016 17185
11017 54016
11018 49976
11019 60265
11020 19200
11021 53780
11022 27497
11023 27496
11024 51992
11025 25384
11026 58144
11027 27496
11028 49928
11029 27624
11030 19208
11031 60161
11032 21281
11033 58144
11034 52008
11035 49953
11036 26401
11037 25376
11038 59233
11039 27392
11040 20257
11041 17185
11042 27496
11043 27489
11044 60200
11045 25377
11046 49976
11047 17184
11048 52001
11049 53792
11050 52016
11051 25353
11052 27497
11053 60312
11054 49953
11055 53781
11056 27432
11057 55072
11058 54048
11059 49952
11060 56096
11061 27401
11062 27424
11063 54120
11064 25344
11065 27465
11066 19240
11067 53781
11068 58145
11069 28448
11070 49960
11071 25376
11072 54120
11073 60200
11074 49960
11075 54048
11076 60192
11077 19232
11078 49701
11079 27496
11080 58144
11081 27496
11082 19225
11083 28521
11084 25377
11085 27424
11086 54049
11087 27496
11088 27401
11089 27393
11090 49929
11091 19233
11092 59177
11093 27401
11094 60192
11095 49976
11096 17161
11097 17193
11098 18945
11099 19208
11100 27401
11101 27560
11102 25441
11103 28449
11104 18945
11105 51969
11106 27425
11107 39457
11108 27497
11109 49960
11110 27497
11111 27520
11112 27424
11113 27392
11114 27488
11115 54016
11116 54057
11117 55072
11118 49685
11119 55072
11120 57097
11121 60192
11122 55072
11123 49977
11124 57121
11125 19232
11126 17256
11127 53793
11128 63273
11129 62304
11130 61225
11131 27592
11132 27497
11133 27584
11134 16901
11135 58128
11136 27425
11137 54048
11138 55073
11139 55825
11140 25377
11141 27592
11142 55073
11143 53025
11144 27497
11145 37688
11146 60193
11147 54056
11148 57121
11149 49952
11150 58145
11151 19216
11152 49953
11153 19232
11154 17185
11155 54057
11156 52001
11157 56097
11158 61224
11159 27464
11160 19232
11161 19216
11162 37664
11163 17192
11164 56096
11165 53781
11166 49960
11167 49960
11168 53797
11169 49960
11170 25440
11171 49968
11172 27457
11173 49921
11174 27393
11175 50984
11176 49953
11177 19232
11178 28489
11179 19201
11180 62296
11181 54057
11182 51969
11183 49952
11184 33576
11185 58129
11186 49953
11187 49960
11188 17189
11189 27393
11190 58145
11191 54048
11192 27488
11193 56088
11194 58144
11195 25377
11196 54032
11197 37688
11198 17185
11199 27424
11200 60184
11201 51993
11202 27488
11203 58144
11204 60200
11205 55073
11206 57121
11207 19232
11208 27401
11209 60312
11210 52008
11211 52001
11212 54057
11213 28448
11214 58145
11215 19201
11216 19233
11217 19208
11218 58144
11219 19241
11220 25385
11221 58144
11222 58144
11223 58145
11224 55073
11225 54056
11226 17185
11227 27488
11228 49952
11229 19233
11230 37688
11231 53781
11232 60193
11233 54049
11234 52001
11235 53024
11236 19200
11237 53809
11238 56104
11239 56096
11240 27400
11241 27424
11242 50976
11243 61193
11244 59177
11245 28520
11246 49681
11247 49953
11248 49960
11249 26401
11250 17185
11251 27497
11252 25353
11253 58152
11254 58144
11255 54048
11256 20256
11257 49953
11258 25376
11259 64288
11260 28457
11261 51969
11262 58216
11263 51976
11264 62240
11265 52008
11266 19201
11267 17152
11268 37672
11269 57121
11270 60256
11271 49952
11272 17184
11273 51992
11274 54048
11275 54048
11276 53781
11277 54032
11278 62240
11279 53781
11280 56105
11281 17168
11282 64297
11283 60184
11284 27464
11285 58113
11286 19240
11287 53032
11288 49952
11289 54048
11290 62240
11291 19201
11292 58144
11293 27408
11294 51745
11295 59169
11296 17153
11297 19201
11298 49669
11299 58112
11300 55825
11301 54048
11302 57121
11303 62248
11304 19232
11305 27624
11306 53781
11307 25376
11308 49953
11309 60193
11310 27401
11311 60312
11312 58136
11313 17184
11314 61224
11315 27496
11316 60200
11317 52000
11318 49920
11319 51984
11320 49953
11321 19232
11322 11041
11323 27392
11324 27401
11325 54056
11326 63264
11327 56097
11328 19240
11329 61288
11330 27433
11331 49952
11332 54048
11333 54049
11334 27425
11335 49953
11336 55080
11337 60192
11338 17256
11339 25344
11340 64297
11341 27496
11342 25377
11343 28521
11344 27489
11345 17184
11346 27592
11347 28512
11348 63272
11349 49968
11350 49952
11351 55073
11352 58113
11353 64289
11354 49968
11355 25441
11356 28513
11357 53797
11358 56088
11359 49952
11360 25352
11361 53797
11362 58144
11363 49936
11364 17152
11365 56065
11366 25385
11367 54049
11368 25377
11369 27432
11370 49953
11371 59168
11372 62241
11373 53025
11374 54032
11375 55072
11376 54049
11377 54048
11378 55080
11379 57129
11380 54049
11381 58120
11382 11041
11383 49928
11384 62240
11385 58112
11386 63265
11387 49961
11388 54033
11389 27400
11390 27464
11391 49960
11392 25377
11393 27497
11394 27624
11395 25377
11396 54064
11397 54056
11398 27592
11399 27392
11400 27624
11401 54049
11402 64296
11403 28521
11404 60169
11405 58144
11406 25376
11407 17185
11408 60192
11409 27464
11410 17152
11411 21281
11412 17152
11413 51968
11414 55073
11415 50977
11416 25377
11417 57121
11418 56105
11419 27624
11420 54049
11421 54056
11422 62241
11423 49976
11424 27489
11425 52001
11426 51744
11427 19240
11428 61281
11429 25376
11430 60192
11431 27488
11432 27392
11433 19201
11434 62240
11435 53781
11436 51992
11437 53781
11438 51977
11439 54120
11440 49928
11441 60360
11442 60200
11443 49953
11444 60168
11445 58145
11446 54056
11447 17152
11448 49920
11449 52008
11450 57129
11451 19240
11452 25448
11453 53765
11454 57129
11455 49669
11456 54048
11457 27392
11458 27400
11459 54048
11460 27424
11461 63264
11462 19240
11463 17184
11464 51968
11465 27432
11466 27393
11467 54048
11468 19240
11469 27488
11470 28449
11471 52120
11472 53764
11473 58129
11474 63265
11475 27400
11476 27424
11477 59169
11478 19209
11479 19304
11480 17200
11481 25376
11482 27489
11483 49953
11484 58144
11485 27424
11486 49936
11487 58144
11488 61288
11489 49952
11490 58145
11491 49953
11492 52000
11493 19233
11494 60192
11495 27560
11496 49936
11497 28513
11498 28521
11499 27624
11500 27592
11501 27496
11502 17185
11503 25376
11504 20257
11505 57129
11506 27433
11507 19208
11508 27392
11509 49952
11510 54072
11511 56096
11512 17168
11513 58144
11514 25345
11515 58145
11516 17256
11517 59168
11518 49944
11519 55073
11520 59168
11521 27393
11522 19233
11523 60161
11524 55081
11525 27425
11526 25345
11527 27592
11528 63265
11529 49952
11530 54048
11531 60192
11532 27424
11533 53781
11534 49953
11535 58144
11536 54049
11537 59169
11538 27425
11539 25377
11540 27424
11541 56096
11542 25440
11543 58145
11544 19209
11545 60193
11546 28417
11547 60193
11548 25377
11549 19233
11550 60192
11551 54053
11552 51992
11553 27496
11554 60184
11555 27496
11556 27497
11557 27392
11558 19241
11559 52000
11560 19201
11561 27424
11562 19232
11563 19232
11564 19233
11565 25376
11566 19233
11567 62241
11568 17185
11569 62305
11570 49960
11571 54056
11572 54017
11573 54049
11574 54032
11575 52008
11576 60168
11577 17184
11578 19208
11579 54049
11580 19216
11581 49952
11582 17152
11583 49953
11584 25345
11585 60200
11586 17160
11587 51729
11588 25504
11589 49960
11590 54016
11591 54048
11592 28457
11593 27592
11594 17185
11595 28449
11596 27424
11597 53793
11598 17193
11599 54016
11600 27624
11601 37648
11602 56089
11603 54048
11604 2848
11605 53764
11606 33568
11607 60248
11608 17192
11609 54048
11610 19200
11611 19248
11612 60192
11613 54104
11614 49953
11615 27424
11616 27424
11617 54048
11618 60184
11619 19208
11620 49952
11621 27425
11622 19241
11623 27465
11624 54056
11625 27400
11626 52009
11627 58144
11628 27400
11629 64289
11630 59169
11631 27424
11632 58120
11633 49953
11634 49952
11635 52001
11636 54048
11637 27424
11638 52001
11639 25345
11640 25376
11641 49953
11642 60192
11643 17152
11644 54048
11645 27425
11646 56080
11647 49961
11648 17161
11649 56097
11650 62240
11651 52009
11652 27560
11653 54049
11654 54049
11655 17168
11656 58152
11657 53781
11658 37680
11659 27496
11660 55136
11661 27488
11662 49928
11663 19240
11664 27425
11665 37688
11666 28449
11667 49953
11668 17185
11669 19240
11670 63264
11671 17185
11672 64289
11673 53809
11674 54064
11675 60193
11676 19241
11677 50016
11678 58145
11679 59169
11680 60192
11681 62208
11682 52000
11683 27393
11684 56097
11685 17184
11686 49921
11687 19201
11688 25376
11689 26401
11690 49952
11691 55073
11692 55081
11693 59232
11694 58153
11695 52008
11696 60200
11697 25377
11698 17168
11699 55073
11700 17169
11701 27496
11702 25377
11703 19304
11704 19224
11705 62240
11706 25377
11707 53761
11708 53761
11709 35617
11710 49952
11711 49961
11712 11041
11713 49920
11714 25345
11715 19233
11716 49960
11717 49960
11718 49953
11719 62241
11720 54032
11721 60224
11722 27496
11723 27496
11724 27497
11725 27624
11726 52001
11727 58152
11728 27424
11729 17256
11730 49969
11731 51745
11732 19232
11733 27400
11734 54048
11735 28449
11736 27424
11737 60160
11738 54049
11739 19233
11740 53813
11741 56097
11742 27520
11743 54049
11744 19209
11745 28449
11746 25448
11747 19233
11748 56097
11749 19232
11750 49945
11751 49961
11752 17185
11753 58145
11754 27432
11755 52000
11756 54056
11757 27424
11758 27497
11759 27624
11760 54049
11761 27425
11762 60256
11763 49685
11764 58144
11765 51744
11766 55073
11767 21281
11768 19217
11769 25408
11770 51993
11771 21281
11772 28521
11773 54056
11774 33576
11775 33576
11776 60161
11777 63264
11778 18945
11779 51744
11780 49953
11781 25344
11782 49960
11783 54048
11784 52000
11785 54056
11786 17160
11787 53777
11788 33576
11789 52008
11790 54056
11791 27392
11792 58144
11793 25377
11794 19216
11795 49952
11796 62240
11797 57129
11798 27457
11799 49944
11800 63329
11801 27425
11802 50024
11803 27520
11804 58144
11805 58216
11806 17185
11807 25344
11808 59233
11809 27489
11810 27432
11811 55073
11812 27432
11813 54049
11814 19201
11815 54049
11816 52009
11817 25376
11818 52001
11819 54072
11820 27497
11821 53025
11822 17185
11823 62312
11824 26465
11825 21281
11826 49960
11827 54065
11828 27424
11829 27624
11830 27624
11831 57097
11832 49920
11833 27592
11834 25376
11835 27497
11836 61217
11837 25376
11838 17184
11839 53813
11840 58144
11841 27489
11842 25360
11843 52001
11844 49952
11845 25344
11846 19233
11847 27457
11848 25360
11849 49952
11850 54049
11851 56065
11852 27425
11853 19232
11854 17185
11855 63264
11856 19216
11857 17185
11858 52001
11859 19216
11860 19233
11861 27489
11862 60169
11863 49976
11864 27457
11865 60192
11866 27465
11867 54064
11868 25376
11869 49685
11870 19241
11871 49957
11872 25384
11873 49953
11874 49961
11875 61281
11876 49961
11877 53777
11878 49713
11879 58145
11880 54049
11881 28513
11882 62240
11883 27496
11884 27616
11885 56105
11886 27624
11887 27497
11888 27497
11889 37680
11890 27497
11891 49953
11892 58144
11893 58176
11894 56097
11895 56072
11896 60264
11897 52000
11898 58145
11899 17185
11900 19233
11901 27425
11902 25377
11903 60232
11904 25376
11905 18961
11906 27624
11907 51985
11908 19232
11909 17184
11910 59169
11911 20257
11912 25384
11913 62248
11914 17152
11915 59176
11916 20264
11917 56097
11918 49960
11919 17185
11920 51969
11921 53025
11922 54048
11923 25376
11924 27624
11925 28448
11926 54056
11927 19233
11928 54064
11929 49952
11930 64360
11931 58144
11932 54048
11933 52016
11934 62304
11935 53781
11936 52001
11937 50016
11938 33569
11939 54120
11940 61216
11941 49952
11942 19209
11943 49952
11944 54056
11945 58112
11946 19233
11947 19216
11948 53777
11949 58144
11950 54048
11951 53765
11952 19232
11953 49960
11954 58144
11955 25376
11956 54065
11957 25376
11958 64288
11959 60193
11960 52009
11961 58144
11962 60192
11963 58145
11964 56065
11965 27433
11966 27497
11967 19200
11968 49944
11969 49953
11970 56105
11971 58145
11972 27392
11973 49921
11974 27393
11975 58145
11976 58145
11977 58144
11978 56096
11979 60160
11980 27432
11981 27624
11982 27496
11983 49961
11984 58144
11985 25377
11986 19201
11987 25376
11988 49929
11989 52000
11990 53777
11991 27497
11992 27496
11993 27624
11994 37409
11995 54056
11996 53813
11997 27496
11998 56097
11999 49953
12000 49920
12001 19201
12002 27424
12003 56065
12004 25377
12005 59169
12006 27497
12007 27457
12008 54049
12009 39713
12010 60160
12011 27497
12012 19201
12013 59176
12014 25377
12015 25377
12016 55080
12017 17160
12018 62208
12019 55073
12020 54048
12021 63265
12022 27592
12023 54048
12024 54048
12025 27424
12026 49976
12027 60200
12028 49953
12029 60169
12030 58152
12031 27496
12032 51968
12033 58145
12034 27424
12035 58144
12036 27496
12037 25344
12038 25376
12039 59177
12040 27496
12041 59176
12042 27497
12043 27496
12044 53777
12045 55080
12046 27624
12047 58145
12048 50977
12049 61281
12050 53777
12051 27456
12052 55072
12053 58144
12054 25376
12055 52000
12056 27592
12057 28520
12058 58152
12059 25352
12060 54016
12061 52024
12062 49957
12063 51969
12064 27433
12065 27433
12066 60192
12067 27624
12068 54049
12069 49952
12070 17185
12071 52001
12072 52000
12073 55073
12074 49928
12075 58112
12076 27400
12077 61289
12078 27624
12079 37665
12080 27464
12081 60193
12082 19201
12083 19209
12084 58145
12085 28521
12086 49961
12087 60192
12088 65313
12089 49953
12090 53781
12091 54057
12092 62240
12093 17192
12094 49952
12095 27401
12096 49685
12097 27464
12098 54032
12099 19232
12100 54053
12101 19208
12102 25440
12103 27392
12104 25376
12105 49953
12106 60192
12107 54048
12108 17185
12109 17192
12110 49685
12111 49952
12112 54048
12113 25440
12114 54048
12115 49668
12116 17185
12117 62240
12118 27424
12119 27401
12120 49952
12121 54049
12122 17185
12123 56104
12124 54048
12125 54049
12126 54032
12127 17192
12128 25376
12129 28449
12130 59169
12131 27496
12132 17256
12133 65312
12134 27457
12135 49952
12136 56104
12137 52016
12138 54032
12139 60200
12140 55073
12141 19240
12142 17184
12143 52008
12144 20257
12145 17200
12146 54056
12147 17152
12148 58152
12149 58120
12150 25377
12151 19296
12152 60193
12153 49960
12154 27488
12155 55073
12156 27393
12157 25440
12158 53777
12159 27392
12160 25377
12161 49953
12162 56105
12163 19201
12164 58144
12165 62241
12166 27592
12167 49953
12168 28449
12169 58145
12170 19224
12171 58152
12172 49697
12173 27456
12174 16901
12175 58145
12176 18945
12177 58145
12178 49952
12179 57121
12180 2848
12181 19200
12182 59232
12183 17152
12184 27496
12185 58144
12186 27401
12187 62241
12188 53781
12189 60192
12190 53781
12191 25385
12192 19233
12193 27552
12194 19201
12195 27496
12196 49944
12197 58145
12198 56097
12199 27496
12200 27624
12201 54016
12202 53781
12203 54048
12204 58144
12205 17176
12206 39713
12207 25345
12208 54056
12209 27433
12210 25377
12211 27488
12212 49952
12213 58113
12214 25440
12215 19241
12216 55080
12217 17160
12218 59177
12219 52001
12220 25352
12221 25344
12222 54072
12223 58144
12224 49952
12225 53761
12226 17184
12227 49669
12228 37665
12229 19201
12230 49976
12231 63264
12232 27425
12233 58145
12234 27392
12235 57120
12236 59168
12237 17184
12238 60288
12239 54057
12240 56105
12241 25376
12242 27624
12243 27424
12244 27392
12245 19232
12246 54049
12247 37409
12248 59169
12249 19232
12250 58152
12251 27425
12252 49953
12253 25377
12254 52001
12255 54056
12256 54048
12257 49961
12258 25376
12259 58152
12260 58120
12261 54048
12262 25448
12263 49953
12264 49952
12265 58144
12266 17168
12267 53808
12268 50976
12269 54056
12270 55080
12271 49697
12272 49960
12273 58144
12274 27425
12275 54032
12276 49953
12277 26465
12278 51992
12279 58113
12280 60200
12281 62249
12282 59136
12283 54048
12284 52016
12285 49953
12286 49944
12287 52056
12288 58216
12289 49952
12290 37397
12291 58208
12292 54049
12293 27425
12294 25345
12295 58145
12296 58112
12297 62248
12298 37664
12299 49952
12300 58209
12301 62241
12302 19232
12303 55081
12304 58113
12305 49920
12306 27584
12307 59169
12308 49968
12309 19208
12310 58145
12311 27393
12312 26408
12313 27496
12314 25441
12315 49960
12316 54032
12317 27624
12318 53781
12319 54032
12320 27496
12321 27616
12322 27497
12323 53765
12324 27392
12325 49961
12326 58208
12327 54057
12328 49952
12329 49969
12330 52000
12331 25352
12332 58145
12333 49952
12334 26401
12335 59168
12336 59168
12337 25376
12338 54048
12339 19233
12340 26465
12341 17185
12342 52000
12343 19232
12344 55073
12345 27432
12346 17192
12347 54049
12348 54048
12349 27496
12350 19241
12351 49953
12352 27592
12353 27624
12354 53765
12355 58145
12356 25377
12357 58145
12358 25377
12359 19201
12360 49921
12361 58152
12362 54049
12363 19201
12364 55081
12365 17184
12366 49961
12367 37688
12368 58152
12369 54049
12370 49953
12371 19208
12372 49952
12373 27433
12374 54049
12375 63265
12376 49928
12377 37680
12378 27496
12379 53781
12380 37648
12381 27496
12382 27496
12383 27497
12384 27497
12385 17184
12386 49952
12387 49961
12388 17169
12389 57121
12390 25377
12391 52001
12392 19200
12393 27425
12394 27393
12395 19232
12396 59168
12397 49952
12398 49920
12399 27424
12400 28513
12401 60192
12402 37680
12403 25440
12404 61216
12405 53777
12406 58145
12407 54056
12408 49953
12409 57121
12410 27496
12411 19240
12412 27424
12413 27393
12414 27424
12415 27393
12416 52000
12417 58145
12418 59168
12419 28521
12420 57120
12421 19209
12422 28417
12423 19232
12424 61281
12425 56097
12426 58144
12427 28513
12428 19304
12429 54049
12430 60264
12431 25377
12432 56096
12433 58145
12434 25344
12435 26465
12436 27393
12437 19232
12438 17184
12439 54049
12440 60200
12441 61217
12442 55072
12443 56105
12444 49961
12445 25377
12446 64296
12447 49968
12448 27584
12449 60192
12450 58144
12451 27496
12452 54056
12453 64297
12454 57129
12455 25385
12456 19233
12457 56097
12458 25377
12459 54048
12460 49952
12461 58145
12462 60200
12463 54048
12464 27401
12465 27425
12466 58152
12467 19352
12468 52009
12469 49952
12470 27465
12471 37664
12472 17185
12473 56097
12474 19232
12475 54056
12476 19232
12477 19208
12478 58145
12479 19240
12480 27496
12481 54048
12482 17184
12483 19241
12484 17185
12485 58145
12486 25377
12487 19216
12488 58144
12489 58144
12490 55073
12491 59176
12492 17152
12493 63264
12494 54048
12495 58112
12496 58209
12497 52000
12498 27456
12499 19200
12500 2857
12501 49937
12502 27496
12503 25344
12504 27624
12505 27496
12506 39713
12507 19232
12508 54048
12509 28513
12510 61288
12511 19201
12512 17184
12513 55072
12514 53781
12515 49953
12516 61217
12517 25376
12518 52000
12519 50977
12520 60184
12521 37665
12522 27424
12523 55072
12524 25440
12525 58209
12526 27424
12527 49952
12528 49952
12529 49953
12530 61281
12531 27624
12532 54056
12533 27424
12534 25376
12535 25376
12536 62240
12537 17185
12538 27624
12539 27496
12540 53776
12541 17169
12542 58145
12543 56096
12544 54049
12545 26401
12546 27496
12547 49952
12548 49960
12549 27496
12550 17184
12551 63265
12552 17193
12553 51985
12554 25377
12555 2857
12556 19209
12557 54057
12558 54033
12559 58216
12560 27496
12561 27496
12562 49952
12563 25376
12564 27496
12565 27425
12566 27497
12567 37409
12568 60168
12569 49921
12570 17184
12571 62241
12572 52001
12573 58145
12574 53809
12575 62241
12576 54048
12577 54056
12578 51992
12579 53797
12580 25384
12581 58145
12582 62312
12583 55840
12584 49953
12585 54048
12586 62241
12587 25376
12588 63272
12589 17184
12590 49953
12591 55073
12592 56104
12593 27425
12594 63272
12595 25376
12596 25376
12597 27425
12598 58145
12599 54048
12600 56072
12601 56072
12602 54033
12603 2857
12604 49952
12605 27392
12606 58144
12607 28521
12608 27488
12609 27616
12610 58144
12611 19201
12612 54072
12613 54064
12614 37664
12615 57121
12616 49953
12617 33568
12618 55072
12619 58145
12620 49944
12621 19240
12622 51992
12623 53024
12624 54016
12625 27424
12626 54033
12627 53781
12628 25344
12629 49960
12630 20257
12631 49960
12632 65385
12633 17192
12634 51745
12635 49953
12636 27424
12637 60200
12638 54048
12639 49952
12640 54072
12641 19200
12642 27552
12643 52000
12644 54049
12645 19240
12646 25441
12647 61225
12648 25376
12649 58152
12650 49713
12651 54064
12652 62240
12653 25376
12654 27425
12655 58145
12656 27425
12657 59176
12658 19232
12659 27392
12660 17184
12661 27425
12662 25376
12663 52001
12664 27424
12665 58144
12666 57120
12667 58144
12668 19240
12669 49968
12670 25376
12671 17185
12672 25377
12673 27432
12674 49961
12675 19232
12676 19208
12677 25376
12678 37648
12679 27497
12680 27496
12681 17185
12682 54048
12683 58209
12684 59168
12685 52008
12686 54048
12687 61193
12688 55841
12689 58144
12690 54049
12691 56104
12692 61217
12693 58145
12694 39713
12695 27489
12696 19208
12697 58145
12698 59176
12699 27425
12700 25376
12701 27424
12702 19240
12703 27520
12704 26401
12705 18209
12706 27488
12707 17185
12708 25377
12709 25440
12710 27425
12711 49952
12712 58145
12713 25376
12714 25384
12715 49952
12716 27497
12717 28521
12718 58112
12719 54048
12720 27425
12721 33576
12722 49681
12723 19232
12724 28449
12725 53781
12726 18216
12727 54057
12728 26465
12729 25385
12730 64288
12731 54064
12732 27624
12733 27489
12734 27496
12735 27496
12736 58112
12737 27592
12738 28425
12739 27496
12740 58144
12741 19201
12742 28448
12743 49977
12744 60161
12745 63273
12746 59168
12747 27496
12748 58120
12749 57121
12750 28513
12751 59169
12752 58152
12753 19224
12754 62248
12755 25376
12756 25344
12757 19233
12758 54048
12759 60192
12760 27496
12761 19200
12762 27624
12763 25448
12764 19232
12765 53797
12766 16901
12767 54048
12768 54057
12769 27425
12770 27425
12771 25376
12772 37680
12773 19233
12774 49952
12775 54049
12776 53781
12777 58112
12778 60193
12779 53777
12780 49952
12781 17184
12782 59168
12783 19233
12784 63265
12785 63265
12786 25376
12787 19208
12788 58145
12789 54048
12790 20257
12791 54049
12792 33568
12793 52009
12794 20265
12795 64280
12796 37648
12797 19232
12798 54017
12799 37648
12800 27488
12801 49952
12802 54048
12803 54064
12804 27425
12805 55072
12806 54065
12807 25408
12808 17169
12809 52000
12810 54048
12811 53765
12812 27425
12813 51976
12814 58113
12815 21281
12816 60184
12817 27400
12818 54057
12819 2857
12820 27465
12821 54056
12822 49952
12823 56152
12824 49953
12825 62240
12826 27401
12827 58200
12828 17184
12829 62241
12830 61225
12831 27400
12832 52009
12833 58144
12834 19201
12835 49685
12836 51984
12837 54024
12838 37681
12839 19233
12840 25440
12841 56097
12842 50976
12843 19208
12844 49952
12845 25377
12846 55072
12847 27425
12848 60193
12849 27496
12850 58144
12851 62240
12852 25384
12853 25360
12854 58152
12855 17184
12856 19241
12857 60224
12858 54056
12859 62241
12860 56105
12861 11041
12862 54048
12863 54048
12864 49953
12865 49937
12866 27464
12867 27432
12868 27393
12869 58144
12870 52000
12871 49936
12872 62241
12873 27432
12874 49960
12875 27425
12876 35617
12877 53781
12878 27496
12879 58208
12880 52000
12881 19232
12882 62240
12883 28512
12884 50977
12885 25376
12886 52000
12887 60192
12888 54048
12889 58176
12890 25345
12891 52001
12892 21281
12893 17185
12894 19209
12895 37688
12896 17192
12897 21281
12898 58144
12899 49952
12900 56096
12901 27496
12902 19233
12903 52016
12904 51968
12905 49968
12906 49961
12907 54049
12908 54049
12909 27497
12910 27496
12911 27432
12912 62240
12913 27496
12914 28513
12915 17189
12916 19241
12917 53777
12918 49961
12919 49920
12920 28457
12921 56097
12922 60160
12923 54048
12924 19233
12925 49953
12926 49921
12927 28521
12928 17193
12929 37409
12930 49685
12931 49953
12932 49952
12933 55073
12934 19201
12935 19232
12936 51968
12937 60168
12938 49952
12939 27425
12940 52000
12941 52000
12942 19200
12943 25377
12944 56096
12945 27552
12946 27392
12947 56065
12948 19233
12949 51993
12950 57129
12951 52000
12952 19304
12953 49713
12954 27392
12955 59137
12956 27425
12957 19224
12958 49953
12959 28520
12960 63329
12961 54048
12962 53781
12963 55072
12964 17152
12965 27425
12966 58152
12967 19240
12968 37425
12969 55081
12970 54032
12971 25448
12972 49952
12973 56105
12974 58216
12975 54049
12976 27425
12977 49952
12978 60192
12979 58208
12980 54048
12981 16901
12982 28513
12983 54049
12984 62304
12985 26400
12986 58144
12987 49961
12988 27488
12989 54057
12990 49960
12991 27496
12992 56097
12993 58113
12994 27433
12995 52000
12996 27393
12997 52001
12998 27465
12999 58144
13000 19232
13001 58208
13002 58112
13003 27400
13004 27400
13005 54056
13006 50024
13007 19225
13008 27616
13009 19232
13010 63264
13011 49937
13012 52001
13013 60256
13014 53797
13015 58208
13016 58145
13017 58152
13018 49953
13019 52001
13020 55081
13021 53765
13022 25441
13023 19201
13024 17153
13025 27465
13026 52000
13027 58145
13028 60193
13029 49953
13030 49952
13031 27489
13032 59137
13033 27624
13034 27496
13035 27497
13036 19201
13037 19200
13038 54057
13039 49952
13040 54017
13041 49952
13042 49953
13043 27592
13044 27488
13045 49952
13046 58145
13047 53025
13048 54057
13049 49960
13050 27496
13051 25441
13052 53781
13053 28521
13054 19233
13055 54049
13056 27489
13057 55073
13058 19201
13059 58121
13060 27432
13061 49952
13062 60264
13063 27424
13064 61225
13065 61225
13066 49944
13067 25440
13068 27425
13069 19208
13070 58144
13071 58144
13072 25345
13073 53797
13074 49952
13075 54056
13076 28513
13077 27425
13078 27425
13079 60193
13080 19233
13081 58216
13082 27393
13083 27424
13084 25344
13085 17184
13086 27496
13087 49953
13088 49920
13089 49952
13090 27496
13091 27496
13092 54016
13093 27424
13094 19240
13095 58145
13096 19232
13097 58145
13098 59169
13099 54056
13100 54049
13101 54048
13102 51969
13103 27496
13104 25377
13105 25376
13106 25377
13107 54016
13108 33584
13109 37393
13110 49953
13111 58145
13112 17152
13113 58145
13114 49952
13115 54072
13116 49921
13117 59168
13118 52001
13119 53797
13120 58145
13121 49976
13122 17185
13123 56104
13124 27496
13125 25376
13126 58113
13127 55825
13128 17184
13129 54048
13130 59169
13131 53793
13132 19233
13133 60264
13134 27496
13135 17153
13136 50977
13137 49953
13138 54048
13139 17184
13140 51968
13141 17192
13142 53777
13143 27465
13144 27496
13145 19241
13146 60184
13147 58209
13148 60192
13149 49952
13150 56097
13151 49957
13152 58145
13153 16901
13154 60192
13155 27401
13156 49960
13157 55080
13158 27424
13159 54057
13160 49953
13161 62241
13162 19232
13163 54056
13164 27392
13165 54049
13166 56097
13167 59169
13168 27528
13169 20257
13170 54056
13171 50976
13172 54032
13173 25345
13174 58144
13175 65312
13176 58144
13177 51968
13178 58145
13179 58208
13180 49945
13181 49936
13182 62304
13183 19200
13184 19200
13185 25377
13186 19233
13187 55841
13188 54048
13189 17185
13190 62208
13191 56073
13192 49952
13193 27392
13194 19232
13195 59136
13196 65321
13197 58145
13198 65321
13199 19200
13200 25376
13201 27425
13202 60193
13203 25345
13204 56097
13205 62241
13206 27432
13207 59169
13208 27496
13209 19232
13210 58144
13211 27592
13212 19224
13213 20257
13214 17192
13215 58208
13216 62241
13217 49952
13218 27624
13219 54072
13220 25377
13221 53761
13222 19240
13223 19209
13224 25377
13225 27592
13226 60192
13227 54057
13228 62240
13229 53792
13230 19248
13231 19200
13232 52016
13233 17192
13234 25377
13235 27425
13236 63273
13237 57121
13238 26401
13239 19233
13240 56097
13241 27408
13242 52000
13243 37664
13244 27497
13245 58145
13246 56104
13247 19232
13248 49953
13249 55841
13250 56097
13251 27432
13252 54056
13253 49921
13254 19233
13255 49952
13256 60224
13257 60257
13258 58152
13259 21281
13260 49960
13261 54048
13262 19200
13263 27496
13264 19233
13265 53781
13266 58144
13267 55825
13268 49968
13269 19233
13270 19241
13271 58112
13272 25344
13273 27496
13274 49952
13275 52001
13276 56097
13277 25504
13278 60192
13279 25352
13280 54056
13281 54056
13282 27592
13283 54048
13284 19225
13285 19233
13286 49953
13287 27392
13288 61217
13289 56096
13290 58144
13291 52001
13292 19240
13293 49953
13294 52001
13295 19217
13296 54049
13297 59169
13298 49921
13299 27496
13300 18208
13301 52001
13302 55841
13303 19233
13304 52000
13305 60169
13306 25376
13307 27400
13308 58152
13309 19248
13310 19240
13311 19208
13312 27488
13313 49952
13314 52000
13315 49953
13316 52001
13317 49960
13318 49953
13319 27425
13320 49952
13321 37664
13322 59168
13323 60192
13324 58184
13325 59232
13326 58144
13327 25376
13328 59168
13329 49952
13330 28449
13331 20265
13332 25376
13333 55841
13334 62312
13335 64288
13336 56097
13337 54048
13338 19232
13339 27424
13340 57129
13341 54032
13342 51968
13343 49953
13344 17192
13345 55072
13346 19200
13347 52024
13348 49960
13349 19232
13350 52000
13351 63265
13352 64288
13353 37665
13354 19304
13355 49953
13356 49920
13357 49952
13358 59177
13359 54049
13360 49952
13361 49936
13362 58152
13363 19201
13364 54057
13365 49952
13366 60192
13367 52008
13368 28521
13369 27489
13370 60160
13371 56104
13372 17192
13373 25345
13374 58145
13375 58208
13376 60328
13377 56097
13378 58208
13379 60160
13380 60168
13381 17184
13382 17152
13383 50976
13384 49960
13385 58144
13386 54048
13387 49961
13388 53781
13389 25376
13390 62240
13391 19200
13392 27433
13393 52001
13394 27496
13395 27425
13396 54016
13397 19200
13398 54049
13399 58144
13400 27424
13401 49685
13402 51968
13403 17185
13404 51969
13405 58144
13406 51969
13407 19208
13408 27496
13409 60192
13410 54048
13411 27425
13412 51985
13413 58144
13414 54112
13415 60264
13416 49953
13417 55081
13418 19201
13419 49960
13420 58113
13421 50977
13422 27432
13423 60184
13424 27392
13425 54016
13426 28449
13427 27400
13428 27392
13429 28520
13430 56105
13431 54048
13432 25353
13433 27424
13434 19209
13435 25385
13436 25377
13437 27496
13438 49953
13439 28521
13440 27592
13441 58145
13442 56097
13443 11041
13444 51984
13445 20257
13446 17185
13447 27424
13448 19240
13449 27496
13450 26464
13451 19232
13452 53777
13453 52001
13454 27488
13455 49953
13456 19224
13457 53781
13458 49953
13459 51976
13460 54049
13461 19296
13462 59177
13463 52009
13464 54048
13465 25384
13466 54064
13467 58152
13468 27393
13469 56105
13470 27424
13471 62240
13472 49953
13473 37665
13474 27496
13475 25344
13476 53781
13477 49936
13478 53793
13479 25376
13480 25440
13481 53781
13482 58144
13483 17256
13484 58121
13485 50976
13486 58112
13487 52000
13488 60160
13489 27488
13490 19209
13491 50984
13492 28520
13493 27497
13494 19208
13495 27425
13496 19233
13497 50977
13498 59233
13499 60296
13500 54120
13501 49952
13502 49952
13503 55073
13504 54048
13505 51969
13506 17184
13507 54048
13508 62241
13509 58144
13510 49953
13511 63265
13512 54048
13513 60192
13514 58112
13515 17185
13516 17184
13517 60161
13518 56104
13519 56104
13520 19240
13521 58112
13522 27497
13523 49960
13524 52000
13525 51992
13526 49960
13527 60193
13528 54057
13529 52008
13530 53777
13531 27424
13532 54048
13533 53781
13534 59169
13535 54048
13536 65312
13537 50985
13538 52000
13539 49952
13540 27400
13541 49953
13542 27400
13543 54048
13544 58145
13545 52000
13546 19240
13547 52000
13548 58152
13549 53761
13550 49953
13551 60192
13552 62241
13553 57120
13554 25441
13555 25344
13556 49952
13557 27624
13558 27408
13559 54049
13560 27401
13561 58152
13562 28417
13563 49936
13564 53797
13565 27425
13566 58145
13567 25353
13568 54040
13569 28448
13570 49953
13571 49953
13572 54056
13573 54032
13574 27464
13575 54049
13576 54048
13577 52009
13578 52008
13579 17192
13580 19233
13581 54048
13582 58120
13583 19200
13584 27425
13585 27496
13586 58153
13587 19233
13588 11041
13589 55072
13590 60193
13591 52000
13592 49960
13593 49952
13594 27424
13595 49952
13596 57129
13597 58152
13598 17185
13599 63273
13600 19233
13601 51744
13602 54016
13603 52001
13604 27400
13605 58184
13606 60264
13607 27393
13608 19201
13609 54040
13610 27496
13611 27496
13612 25376
13613 52009
13614 49968
13615 62304
13616 54056
13617 52000
13618 49952
13619 49976
13620 60296
13621 56105
13622 62249
13623 58152
13624 49952
13625 37688
13626 27497
13627 57097
13628 49953
13629 27624
13630 27592
13631 63329
13632 17184
13633 17184
13634 58144
13635 58152
13636 27424
13637 26400
13638 60192
13639 28521
13640 52000
13641 49952
13642 27465
13643 25344
13644 25504
13645 63265
13646 54064
13647 62241
13648 52001
13649 49952
13650 19232
13651 60193
13652 17185
13653 58145
13654 19240
13655 51745
13656 54049
13657 54049
13658 19201
13659 49952
13660 54049
13661 58112
13662 27392
13663 52001
13664 19232
13665 51968
13666 54048
13667 33576
13668 19240
13669 54048
13670 35617
13671 53761
13672 16917
13673 17185
13674 26464
13675 56097
13676 17184
13677 27552
13678 19233
13679 49952
13680 25352
13681 53777
13682 58152
13683 37393
13684 27393
13685 58144
13686 17184
13687 27488
13688 51976
13689 63265
13690 25376
13691 17152
13692 17184
13693 59169
13694 25384
13695 49952
13696 60161
13697 17192
13698 58144
13699 60264
13700 49953
13701 28417
13702 27432
13703 19241
13704 19208
13705 49953
13706 49961
13707 49936
13708 25376
13709 19233
13710 19304
13711 51976
13712 49952
13713 58144
13714 25377
13715 56104
13716 61217
13717 49953
13718 27425
13719 27425
13720 27401
13721 25440
13722 58145
13723 49921
13724 57097
13725 52001
13726 26464
13727 51976
13728 28449
13729 26409
13730 27424
13731 19241
13732 49953
13733 60160
13734 50976
13735 56096
13736 60193
13737 49952
13738 17153
13739 25384
13740 19232
13741 17184
13742 51969
13743 27496
13744 56104
13745 27464
13746 49952
13747 17192
13748 58145
13749 52000
13750 62241
13751 58145
13752 54056
13753 27392
13754 27624
13755 62241
13756 27520
13757 65313
13758 19233
13759 58145
13760 52008
13761 49953
13762 60232
13763 17153
13764 25377
13765 63265
13766 49957
13767 57129
13768 49957
13769 61224
13770 49944
13771 27425
13772 60264
13773 17193
13774 27560
13775 27465
13776 50977
13777 49952
13778 17185
13779 19200
13780 51968
13781 55072
13782 61217
13783 27489
13784 27497
13785 62240
13786 27393
13787 28520
13788 27624
13789 25376
13790 58144
13791 62240
13792 58144
13793 49952
13794 49952
13795 62241
13796 51977
13797 59169
13798 27464
13799 58113
13800 27488
13801 27496
13802 56105
13803 27424
13804 56072
13805 27496
13806 27401
13807 25377
13808 27496
13809 53761
13810 25377
13811 25376
13812 58113
13813 19201
13814 58144
13815 63264
13816 27393
13817 17192
13818 52001
13819 26464
13820 54049
13821 25345
13822 27624
13823 54056
13824 27401
13825 49969
13826 27488
13827 54048
13828 54049
13829 51969
13830 58144
13831 19232
13832 17152
13833 54056
13834 50977
13835 54064
13836 28513
13837 58144
13838 56104
13839 64288
13840 27497
13841 58153
13842 51713
13843 17193
13844 19201
13845 28513
13846 26401
13847 27624
13848 17192
13849 60161
13850 58113
13851 53792
13852 27592
13853 59233
13854 50985
13855 57121
13856 52001
13857 56097
13858 54049
13859 54056
13860 57121
13861 19201
13862 59169
13863 27497
13864 58152
13865 25504
13866 17169
13867 49945
13868 19232
13869 37664
13870 54048
13871 53809
13872 19232
13873 58144
13874 19201
13875 54064
13876 25377
13877 49920
13878 17192
13879 53793
13880 50985
13881 60160
13882 27424
13883 17153
13884 19233
13885 55072
13886 58144
13887 53781
13888 58145
13889 17192
13890 56097
13891 62240
13892 51729
13893 54048
13894 49920
13895 27400
13896 19233
13897 60169
13898 27528
13899 27392
13900 54056
13901 19233
13902 62240
13903 54049
13904 53025
13905 27424
13906 25384
13907 52008
13908 49929
13909 58152
13910 27432
13911 37665
13912 49952
13913 49953
13914 62241
13915 51993
13916 17185
13917 58144
13918 37688
13919 52000
13920 26409
13921 19233
13922 58112
13923 19201
13924 19233
13925 17184
13926 56097
13927 19232
13928 17176
13929 25376
13930 21281
13931 55073
13932 54048
13933 25352
13934 19232
13935 54048
13936 49960
13937 27400
13938 56065
13939 37688
13940 52008
13941 27432
13942 62232
13943 53781
13944 27624
13945 55857
13946 27496
13947 49961
13948 49953
13949 59232
13950 56096
13951 17192
13952 58144
13953 58145
13954 27496
13955 17200
13956 52000
13957 63265
13958 26401
13959 20257
13960 51976
13961 51992
13962 58144
13963 49953
13964 27496
13965 56104
13966 27425
13967 21281
13968 61217
13969 19240
13970 19200
13971 52009
13972 27425
13973 54049
13974 54064
13975 56096
13976 49961
13977 50977
13978 49968
13979 19232
13980 49952
13981 17185
13982 53781
13983 17185
13984 27616
13985 27616
13986 19304
13987 49921
13988 49953
13989 62240
13990 27393
13991 49921
13992 58144
13993 17185
13994 21281
13995 17185
13996 49952
13997 27392
13998 27393
13999 52001
14000 27432
14001 56088
14002 53781
14003 27400
14004 54049
14005 64296
14006 49952
14007 54048
14008 52001
14009 18961
14010 58144
14011 52000
14012 60192
14013 49960
14014 54032
14015 19232
14016 28520
14017 60184
14018 49668
14019 27624
14020 17153
14021 58145
14022 27496
14023 27488
14024 27393
14025 53024
14026 19241
14027 49953
14028 49713
14029 17153
14030 61288
14031 27401
14032 51969
14033 19240
14034 51977
14035 51992
14036 55081
14037 54056
14038 63328
14039 27496
14040 27496
14041 25384
14042 17152
14043 37664
14044 52000
14045 49928
14046 19232
14047 35617
14048 33568
14049 54057
14050 51729
14051 49953
14052 52000
14053 25385
14054 26408
14055 25376
14056 55072
14057 27496
14058 19240
14059 49960
14060 54049
14061 54064
14062 37672
14063 28513
14064 53777
14065 53781
14066 19232
14067 19233
14068 27465
14069 58209
14070 17153
14071 58145
14072 59169
14073 25377
14074 27496
14075 58152
14076 49953
14077 19209
14078 62240
14079 17192
14080 53024
14081 54049
14082 51713
14083 58113
14084 25377
14085 53781
14086 54049
14087 55080
14088 52000
14089 54064
14090 33584
14091 26400
14092 64289
14093 25376
14094 53781
14095 17184
14096 53797
14097 54048
14098 53765
14099 27425
14100 25441
14101 57128
14102 53797
14103 52008
14104 58145
14105 25440
14106 49957
14107 17185
14108 27432
14109 59169
14110 61281
14111 19232
14112 27497
14113 27433
14114 54048
14115 49953
14116 27456
14117 58152
14118 17193
14119 27433
14120 17185
14121 49713
14122 55080
14123 37648
14124 55840
14125 51985
14126 27424
14127 52001
14128 27425
14129 59177
14130 63272
14131 25376
14132 54056
14133 49920
14134 17184
14135 60192
14136 49960
14137 51968
14138 25376
14139 25376
14140 58144
14141 27424
14142 54032
14143 27400
14144 17185
14145 49928
14146 49921
14147 54056
14148 58144
14149 25376
14150 52008
14151 58144
14152 27425
14153 19200
14154 27424
14155 62248
14156 54072
14157 19233
14158 56097
14159 49953
14160 54048
14161 35617
14162 56097
14163 54048
14164 27496
14165 57121
14166 52001
14167 49953
14168 58216
14169 37664
14170 27520
14171 52000
14172 25377
14173 55073
14174 56104
14175 54048
14176 59168
14177 51993
14178 17160
14179 19233
14180 58145
14181 49952
14182 54048
14183 49952
14184 60192
14185 27425
14186 58144
14187 19201
14188 60376
14189 51744
14190 49952
14191 27464
14192 52000
14193 27393
14194 58113
14195 19248
14196 54049
14197 54033
14198 27393
14199 56105
14200 17185
14201 27401
14202 28520
14203 58144
14204 54049
14205 60160
14206 27488
14207 25376
14208 58152
14209 19232
14210 52008
14211 60264
14212 27496
14213 60232
14214 57120
14215 27432
14216 55841
14217 19233
14218 54048
14219 21281
14220 51976
14221 17184
14222 53813
14223 19232
14224 58144
14225 54048
14226 19200
14227 54048
14228 52000
14229 49952
14230 52016
14231 49960
14232 58176
14233 27401
14234 49960
14235 25344
14236 19241
14237 27432
14238 27424
14239 53797
14240 19233
14241 61225
14242 25377
14243 60193
14244 54048
14245 25352
14246 53765
14247 55073
14248 50984
14249 49953
14250 52040
14251 54048
14252 62241
14253 49953
14254 58145
14255 27401
14256 55081
14257 53793
14258 62241
14259 27497
14260 53780
14261 58144
14262 27497
14263 17185
14264 58144
14265 49668
14266 49960
14267 56096
14268 61216
14269 17200
14270 56104
14271 25376
14272 49953
14273 52000
14274 25377
14275 49944
14276 27592
14277 49953
14278 25377
14279 27624
14280 60161
14281 57120
14282 54049
14283 52009
14284 27496
14285 17184
14286 61225
14287 19232
14288 52009
14289 54057
14290 53777
14291 58152
14292 17184
14293 49921
14294 54057
14295 51744
14296 64296
14297 27560
14298 52024
14299 54016
14300 62240
14301 54032
14302 60192
14303 27464
14304 55073
14305 49921
14306 17192
14307 19233
14308 53765
14309 27425
14310 49953
14311 17160
14312 62240
14313 27425
14314 56088
14315 49961
14316 19209
14317 54048
14318 60168
14319 19296
14320 60169
14321 19208
14322 58144
14323 27424
14324 54048
14325 51969
14326 62240
14327 52001
14328 58144
14329 58144
14330 19232
14331 56097
14332 54048
14333 54049
14334 56097
14335 55073
14336 62249
14337 27456
14338 27392
14339 27425
14340 55073
14341 62240
14342 55081
14343 51984
14344 60193
14345 54048
14346 19200
14347 27408
14348 27424
14349 49952
14350 17184
14351 59168
14352 27496
14353 62240
14354 25376
14355 52001
14356 52008
14357 58153
14358 19240
14359 19233
14360 49936
14361 56097
14362 54056
14363 51969
14364 54049
14365 27489
14366 52008
14367 49952
14368 17184
14369 27457
14370 19233
14371 56097
14372 27425
14373 19200
14374 58144
14375 28449
14376 55072
14377 54057
14378 25441
14379 27425
14380 49952
14381 52001
14382 19241
14383 27432
14384 54056
14385 27624
14386 62248
14387 55081
14388 60200
14389 55064
14390 60200
14391 49968
14392 28449
14393 58121
14394 19240
14395 58144
14396 54016
14397 56073
14398 27425
14399 60200
14400 37409
14401 54040
14402 54048
14403 37648
14404 28449
14405 53761
14406 60192
14407 58144
14408 54056
14409 52001
14410 49953
14411 11041
14412 28521
14413 27393
14414 2848
14415 62240
14416 58113
14417 53780
14418 54049
14419 27393
14420 55080
14421 54048
14422 51968
14423 51984
14424 52024
14425 56072
14426 58145
14427 49968
14428 55073
14429 28449
14430 27496
14431 52001
14432 60200
14433 27489
14434 54049
14435 55841
14436 27433
14437 60192
14438 27496
14439 27497
14440 60200
14441 27425
14442 60193
14443 27392
14444 49681
14445 51968
14446 27425
14447 28520
14448 25377
14449 54049
14450 27433
14451 59169
14452 55840
14453 27489
14454 60257
14455 25376
14456 60192
14457 49953
14458 27464
14459 49936
14460 60193
14461 19208
14462 61216
14463 63329
14464 37665
14465 58112
14466 2848
14467 49952
14468 54048
14469 56096
14470 49920
14471 54064
14472 49952
14473 60192
14474 60192
14475 58112
14476 27497
14477 19208
14478 37393
14479 49960
14480 54048
14481 49953
14482 27497
14483 51968
14484 57121
14485 58145
14486 27433
14487 60192
14488 65385
14489 25352
14490 61216
14491 49685
14492 49952
14493 52000
14494 25441
14495 27488
14496 27457
14497 20257
14498 17185
14499 58144
14500 49952
14501 52001
14502 59169
14503 49961
14504 27401
14505 56097
14506 25376
14507 19233
14508 58144
14509 52008
14510 60312
14511 58152
14512 64289
14513 58176
14514 53781
14515 25376
14516 62240
14517 52000
14518 49952
14519 19233
14520 49960
14521 52024
14522 25448
14523 54048
14524 27497
14525 27424
14526 33584
14527 54032
14528 54048
14529 54048
14530 37648
14531 49936
14532 58112
14533 50977
14534 49920
14535 26401
14536 17192
14537 58152
14538 49953
14539 58152
14540 60264
14541 54064
14542 60161
14543 53781
14544 49685
14545 58144
14546 37664
14547 17169
14548 54049
14549 59168
14550 17184
14551 27401
14552 60161
14553 53781
14554 56096
14555 27425
14556 51744
14557 58208
14558 59177
14559 20256
14560 51985
14561 58145
14562 20265
14563 27400
14564 49953
14565 50977
14566 17184
14567 26401
14568 51969
14569 49960
14570 61217
14571 58152
14572 25376
14573 17152
14574 54048
14575 58152
14576 49952
14577 27433
14578 57129
14579 54057
14580 25376
14581 27424
14582 26464
14583 17185
14584 52000
14585 58152
14586 19240
14587 17184
14588 49953
14589 27425
14590 54064
14591 27496
14592 49960
14593 17184
14594 25377
14595 27497
14596 54049
14597 27392
14598 59169
14599 58216
14600 33568
14601 63265
14602 58145
14603 58144
14604 55073
14605 20257
14606 25376
14607 52000
14608 63273
14609 49929
14610 49961
14611 49952
14612 26401
14613 58144
14614 58208
14615 19209
14616 27432
14617 49960
14618 49976
14619 52009
14620 49952
14621 62304
14622 63264
14623 50984
14624 60160
14625 27488
14626 19240
14627 58112
14628 55073
14629 54065
14630 49961
14631 55072
14632 52008
14633 59168
14634 27488
14635 49961
14636 54049
14637 58144
14638 17184
14639 53024
14640 27528
14641 27488
14642 17192
14643 53813
14644 17153
14645 17152
14646 11041
14647 27424
14648 63265
14649 62240
14650 53781
14651 52008
14652 25353
14653 60161
14654 54048
14655 58145
14656 49960
14657 27624
14658 27392
14659 19208
14660 53024
14661 25377
14662 49952
14663 49953
14664 58209
14665 49953
14666 21281
14667 49952
14668 52009
14669 59169
14670 58121
14671 19201
14672 25377
14673 52000
14674 58145
14675 57097
14676 53025
14677 58112
14678 54024
14679 58144
14680 54040
14681 52000
14682 49952
14683 37665
14684 17185
14685 19241
14686 63273
14687 27425
14688 19224
14689 25384
14690 49961
14691 55073
14692 19240
14693 60376
14694 28449
14695 25377
14696 49713
14697 58145
14698 27464
14699 28520
14700 62241
14701 60328
14702 54049
14703 27497
14704 26465
14705 61217
14706 49969
14707 19201
14708 27393
14709 49960
14710 37664
14711 54048
14712 19241
14713 49669
14714 49960
14715 19232
14716 53032
14717 51993
14718 54049
14719 17184
14720 49957
14721 54048
14722 27496
14723 17161
14724 19352
14725 19232
14726 20257
14727 55080
14728 25352
14729 49953
14730 53761
14731 25377
14732 27424
14733 58144
14734 53780
14735 25384
14736 18208
14737 60192
14738 62241
14739 49960
14740 63273
14741 17168
14742 27393
14743 54056
14744 27392
14745 28449
14746 58145
14747 28417
14748 27496
14749 27616
14750 57097
14751 27425
14752 52001
14753 25376
14754 49936
14755 49952
14756 27496
14757 54033
14758 53793
14759 18216
14760 59168
14761 27392
14762 25377
14763 53797
14764 54024
14765 52009
14766 54048
14767 53761
14768 27464
14769 49953
14770 49952
14771 60257
14772 63272
14773 28457
14774 54049
14775 49920
14776 57121
14777 64288
14778 49921
14779 54016
14780 49685
14781 53025
14782 54049
14783 27401
14784 53797
14785 60192
14786 49713
14787 54033
14788 17152
14789 25377
14790 28512
14791 17192
14792 20265
14793 19201
14794 37648
14795 25344
14796 25376
14797 58144
14798 27424
14799 27400
14800 60200
14801 18209
14802 25376
14803 26409
14804 49960
14805 54048
14806 17185
14807 19232
14808 58145
14809 58144
14810 54048
14811 19201
14812 49960
14813 51984
14814 25377
14815 25353
14816 27496
14817 58144
14818 54064
14819 17193
14820 52009
14821 52000
14822 54048
14823 56096
14824 54064
14825 51992
14826 19200
14827 19208
14828 56097
14829 27425
14830 28417
14831 27425
14832 58144
14833 19200
14834 17168
14835 60161
14836 62241
14837 54048
14838 52001
14839 50985
14840 51744
14841 25376
14842 51969
14843 27393
14844 55073
14845 59169
14846 60161
14847 25376
14848 27425
14849 51969
14850 17168
14851 49952
14852 19233
14853 54064
14854 49936
14855 59169
14856 52001
14857 52000
14858 49952
14859 25384
14860 60161
14861 25377
14862 54048
14863 50977
14864 54064
14865 52001
14866 25376
14867 25376
14868 53781
14869 49961
14870 54057
14871 17189
14872 19217
14873 52000
14874 53777
14875 62241
14876 27393
14877 58145
14878 27488
14879 54056
14880 53781
14881 53781
14882 58113
14883 27425
14884 58112
14885 53781
14886 27592
14887 49952
14888 61225
14889 54104
14890 61224
14891 56064
14892 19201
14893 25377
14894 49952
14895 62240
14896 27496
14897 49953
14898 58144
14899 54049
14900 59169
14901 27425
14902 17184
14903 19208
14904 27425
14905 52001
14906 49921
14907 58145
14908 49952
14909 27424
14910 52000
14911 52001
14912 27496
14913 17184
14914 54048
14915 49953
14916 63265
14917 17184
14918 55073
14919 27424
14920 49960
14921 25376
14922 54049
14923 27624
14924 53797
14925 19209
14926 49952
14927 62248
14928 17184
14929 27393
14930 37664
14931 63329
14932 53781
14933 54048
14934 49680
14935 52001
14936 27624
14937 52000
14938 19233
14939 60192
14940 54064
14941 61217
14942 27488
14943 54053
14944 19304
14945 25377
14946 54024
14947 49957
14948 17161
14949 25376
14950 19200
14951 19209
14952 49953
14953 27465
14954 19241
14955 58145
14956 55080
14957 19232
14958 26465
14959 58112
14960 54048
14961 19233
14962 28521
14963 27496
14964 54049
14965 62241
14966 58144
14967 27408
14968 51985
14969 49920
14970 49977
14971 49952
14972 58144
14973 52001
14974 25352
14975 49960
14976 35617
14977 27465
14978 63265
14979 58145
14980 27392
14981 39713
14982 54072
14983 19200
14984 27393
14985 61281
14986 27424
14987 57129
14988 54049
14989 19233
14990 28449
14991 49697
14992 49957
14993 60193
14994 52000
14995 28456
14996 55809
14997 56097
14998 56088
14999 25376
15000 51969
15001 27392
15002 27488
15003 49961
15004 28417
15005 49685
15006 55073
15007 54048
15008 25377
15009 51984
15010 17185
15011 58136
15012 27400
15013 59168
15014 49952
15015 28417
15016 49960
15017 37664
15018 56097
15019 19201
15020 58145
15021 55080
15022 60193
15023 49952
15024 49952
15025 54048
15026 49936
15027 49952
15028 49921
15029 60192
15030 25376
15031 62249
15032 19201
15033 33569
15034 49961
15035 49669
15036 19233
15037 19208
15038 51976
15039 51984
15040 27392
15041 37664
15042 17184
15043 54048
15044 60192
15045 58112
15046 27425
15047 59137
15048 54049
15049 49952
15050 19201
15051 54048
15052 54056
15053 27456
15054 57120
15055 19201
15056 27393
15057 28449
15058 58144
15059 55073
15060 53793
15061 64289
15062 62240
15063 27425
15064 58145
15065 58144
15066 39440
15067 60161
15068 28457
15069 27425
15070 58144
15071 58208
15072 25384
15073 55073
15074 28449
15075 52000
15076 54057
15077 27425
15078 25376
15079 19232
15080 27489
15081 56097
15082 52001
15083 58144
15084 49920
15085 51968
15086 60193
15087 37649
15088 51968
15089 52000
15090 54016
15091 27432
15092 60200
15093 27496
15094 27432
15095 25376
15096 60192
15097 25448
15098 25089
15099 27425
15100 56088
15101 53777
15102 27401
15103 19208
15104 53809
15105 25376
15106 52120
15107 51969
15108 52009
15109 54032
15110 25376
15111 17184
15112 19241
15113 17184
15114 49952
15115 25377
15116 59169
15117 58145
15118 56065
15119 27624
15120 27488
15121 53793
15122 54048
15123 64297
15124 63273
15125 27592
15126 28449
15127 51993
15128 58153
15129 27425
15130 58152
15131 62248
15132 49953
15133 27400
15134 53781
15135 50985
15136 26465
15137 25376
15138 25376
15139 49952
15140 54064
15141 51729
15142 49952
15143 58145
15144 19201
15145 52000
15146 63265
15147 19216
15148 60224
15149 56097
15150 27400
15151 58112
15152 60232
15153 53025
15154 25360
15155 63273
15156 19232
15157 17152
15158 27497
15159 25345
15160 52000
15161 19240
15162 49953
15163 58113
15164 27488
15165 17185
15166 60200
15167 19200
15168 57129
15169 49921
15170 49953
15171 19200
15172 53781
15173 56097
15174 19240
15175 25376
15176 800
15177 27624
15178 19208
15179 27432
15180 37680
15181 60200
15182 53781
15183 25440
15184 54064
15185 25385
15186 54048
15187 27400
15188 60168
15189 55073
15190 56088
15191 25440
15192 57129
15193 55073
15194 58144
15195 58152
15196 27497
15197 65313
15198 17185
15199 25376
15200 54024
15201 58152
15202 27465
15203 27496
15204 27488
15205 27552
15206 51968
15207 49961
15208 55073
15209 58144
15210 27497
15211 25344
15212 60192
15213 19304
15214 25385
15215 54064
15216 60264
15217 27424
15218 58112
15219 27424
15220 35617
15221 58128
15222 56104
15223 25384
15224 65313
15225 49952
15226 54056
15227 27496
15228 20265
15229 27393
15230 54056
15231 60256
15232 58144
15233 49953
15234 17256
15235 55825
15236 17185
15237 53781
15238 27424
15239 27392
15240 51984
15241 27496
15242 28513
15243 49953
15244 60193
15245 17185
15246 60200
15247 27424
15248 27424
15249 27424
15250 27393
15251 60192
15252 27496
15253 49952
15254 27400
15255 49936
15256 19208
15257 17161
15258 49952
15259 17184
15260 58152
15261 2848
15262 54064
15263 53776
15264 19232
15265 49697
15266 17169
15267 55809
15268 17161
15269 53781
15270 56096
15271 58208
15272 27400
15273 27496
15274 50016
15275 58153
15276 27496
15277 27496
15278 60193
15279 17256
15280 37649
15281 49960
15282 60168
15283 17185
15284 37664
15285 27488
15286 49952
15287 52001
15288 54017
15289 25376
15290 27393
15291 49952
15292 58145
15293 54048
15294 64289
15295 54032
15296 17185
15297 27400
15298 37680
15299 37648
15300 54056
15301 19240
15302 49960
15303 56088
15304 17189
15305 19240
15306 17185
15307 17192
15308 62240
15309 49669
15310 49952
15311 11041
15312 63264
15313 19200
15314 19200
15315 54056
15316 51976
15317 27424
15318 56152
15319 62241
15320 54048
15321 27424
15322 19232
15323 17192
15324 49953
15325 54056
15326 54056
15327 27489
15328 37680
15329 27425
15330 54056
15331 58144
15332 52001
15333 63272
15334 49960
15335 58145
15336 56105
15337 19232
15338 52000
15339 25345
15340 49952
15341 17152
15342 26408
15343 27624
15344 61217
15345 49953
15346 56097
15347 55073
15348 27425
15349 19200
15350 27464
15351 25345
15352 51712
15353 53776
15354 19200
15355 19232
15356 33576
15357 63265
15358 62241
15359 27425
15360 49968
15361 49952
15362 60192
15363 25385
15364 53781
15365 58145
15366 20257
15367 51976
15368 50976
15369 50016
15370 53781
15371 37648
15372 54056
15373 51976
15374 49960
15375 28521
15376 20256
15377 27424
15378 61225
15379 51993
15380 25376
15381 20265
15382 27496
15383 57128
15384 55080
15385 54065
15386 54120
15387 27400
15388 49968
15389 19233
15390 52000
15391 27392
15392 49929
15393 60192
15394 54056
15395 17153
15396 52008
15397 54048
15398 58145
15399 56064
15400 27425
15401 50977
15402 53793
15403 59137
15404 28513
15405 62241
15406 54032
15407 60200
15408 49960
15409 27457
15410 26465
15411 27424
15412 28512
15413 58145
15414 49937
15415 60201
15416 49952
15417 53765
15418 62240
15419 61217
15420 54032
15421 39713
15422 60192
15423 56089
15424 59169
15425 19232
15426 62249
15427 58208
15428 57097
15429 25376
15430 49960
15431 27624
15432 52001
15433 17185
15434 61281
15435 51969
15436 17184
15437 49944
15438 64297
15439 11041
15440 62248
15441 27424
15442 27424
15443 27392
15444 63264
15445 49953
15446 27393
15447 54072
15448 58144
15449 55072
15450 17185
15451 17176
15452 53781
15453 27401
15454 55841
15455 49945
15456 54048
15457 27433
15458 17193
15459 54112
15460 52000
15461 58144
15462 56104
15463 28521
15464 27392
15465 61288
15466 19304
15467 25376
15468 27497
15469 54057
15470 60160
15471 64288
15472 52008
15473 55073
15474 49952
15475 59177
15476 58144
15477 54048
15478 19233
15479 16897
15480 49953
15481 58144
15482 59169
15483 27424
15484 19217
15485 56072
15486 2848
15487 55840
15488 60192
15489 58152
15490 27393
15491 25384
15492 53781
15493 27401
15494 28521
15495 28449
15496 27496
15497 17152
15498 19240
15499 17184
15500 50985
15501 19233
15502 27393
15503 53025
15504 49953
15505 52009
15506 27457
15507 19240
15508 49713
15509 54049
15510 49952
15511 54049
15512 17152
15513 17256
15514 27392
15515 58144
15516 49952
15517 51985
15518 19201
15519 54048
15520 49957
15521 27497
15522 54032
15523 27392
15524 51744
15525 58144
15526 58145
15527 27392
15528 52000
15529 19201
15530 60192
15531 54048
15532 54049
15533 58145
15534 53793
15535 63336
15536 56064
15537 27400
15538 17192
15539 52000
15540 28457
15541 53777
15542 55809
15543 25345
15544 57128
15545 49921
15546 19241
15547 20257
15548 58144
15549 58144
15550 56073
15551 58145
15552 61289
15553 58153
15554 60201
15555 58144
15556 62241
15557 27433
15558 49952
15559 49952
15560 27496
15561 19241
15562 19232
15563 49952
15564 49953
15565 49953
15566 53025
15567 58113
15568 51744
15569 60200
15570 19240
15571 49953
15572 58144
15573 49944
15574 17153
15575 58145
15576 59176
15577 25376
15578 49953
15579 17153
15580 58113
15581 27425
15582 54049
15583 58144
15584 57120
15585 58144
15586 27456
15587 61225
15588 17184
15589 53813
15590 49953
15591 27433
15592 60201
15593 49953
15594 25376
15595 17176
15596 37681
15597 59169
15598 27392
15599 61217
15600 49968
15601 49952
15602 52008
15603 58152
15604 64360
15605 62240
15606 54056
15607 60192
15608 19233
15609 58144
15610 58112
15611 18208
15612 49937
15613 25440
15614 49952
15615 17185
15616 58152
15617 19233
15618 49953
15619 19232
15620 49936
15621 58144
15622 52000
15623 49952
15624 19232
15625 27432
15626 51984
15627 27497
15628 53793
15629 63272
15630 51976
15631 17192
15632 17184
15633 49953
15634 27401
15635 19240
15636 17184
15637 17185
15638 27393
15639 27425
15640 51969
15641 58152
15642 49952
15643 17184
15644 52000
15645 64296
15646 58145
15647 58144
15648 64297
15649 49961
15650 28489
15651 54057
15652 25377
15653 51968
15654 56105
15655 54057
15656 51968
15657 62248
15658 52000
15659 19296
15660 54065
15661 27528
15662 49952
15663 27424
15664 25377
15665 49681
15666 25377
15667 49960
15668 65313
15669 17185
15670 25344
15671 49680
15672 51712
15673 58136
15674 17185
15675 56097
15676 56104
15677 58112
15678 25376
15679 49953
15680 19240
15681 25384
15682 54017
15683 27624
15684 19233
15685 59169
15686 27425
15687 25377
15688 49952
15689 26465
15690 17185
15691 17184
15692 59136
15693 39457
15694 49952
15695 27497
15696 60201
15697 28449
15698 28521
15699 60193
15700 51992
15701 53777
15702 19201
15703 27496
15704 26401
15705 27624
15706 54049
15707 58145
15708 19201
15709 61217
15710 17184
15711 49952
15712 17185
15713 56089
15714 27457
15715 35617
15716 49953
15717 58145
15718 58144
15719 60200
15720 27496
15721 54056
15722 58208
15723 60193
15724 17184
15725 49952
15726 58112
15727 58145
15728 27424
15729 50976
15730 49944
15731 51968
15732 17184
15733 54112
15734 59168
15735 49952
15736 62305
15737 28449
15738 27425
15739 54049
15740 17168
15741 27401
15742 19232
15743 49953
15744 58144
15745 58144
15746 27465
15747 52000
15748 27425
15749 17192
15750 54056
15751 39713
15752 25384
15753 55096
15754 25376
15755 21281
15756 27497
15757 58152
15758 27432
15759 49952
15760 27424
15761 59233
15762 58145
15763 25344
15764 52016
15765 56096
15766 58136
15767 55080
15768 52024
15769 25352
15770 26408
15771 49953
15772 18209
15773 49945
15774 19233
15775 27432
15776 49960
15777 54032
15778 53781
15779 53781
15780 27393
15781 25408
15782 55072
15783 54049
15784 17192
15785 54057
15786 55073
15787 54048
15788 53781
15789 54049
15790 27592
15791 58145
15792 56104
15793 49960
15794 59168
15795 49952
15796 52001
15797 54033
15798 49953
15799 52008
15800 51968
15801 57121
15802 19232
15803 25377
15804 17153
15805 54053
15806 58144
15807 56097
15808 19224
15809 58112
15810 27401
15811 64289
15812 52008
15813 27424
15814 19233
15815 17185
15816 58209
15817 27401
15818 54072
15819 49960
15820 17184
15821 54048
15822 50977
15823 17168
15824 54064
15825 54048
15826 39457
15827 37680
15828 49961
15829 54049
15830 54040
15831 49960
15832 63272
15833 37664
15834 49952
15835 57097
15836 54064
15837 58145
15838 49968
15839 17185
15840 49928
15841 60192
15842 54072
15843 27465
15844 58145
15845 49952
15846 27425
15847 54072
15848 60168
15849 62305
15850 60169
15851 52009
15852 49957
15853 54064
15854 37392
15855 54056
15856 58152
15857 63329
15858 53025
15859 27488
15860 33584
15861 60200
15862 50977
15863 54048
15864 49936
15865 56104
15866 52008
15867 58144
15868 54048
15869 53025
15870 53809
15871 63272
15872 52008
15873 25344
15874 62241
15875 17185
15876 54049
15877 27464
15878 60192
15879 49961
15880 19201
15881 54032
15882 49953
15883 11041
15884 49952
15885 20257
15886 58144
15887 27393
15888 58144
15889 27425
15890 19232
15891 25441
15892 37665
15893 19232
15894 52009
15895 52009
15896 54049
15897 51745
15898 20257
15899 27393
15900 28448
15901 54048
15902 19201
15903 58144
15904 51984
15905 49977
15906 25376
15907 56097
15908 52008
15909 49952
15910 56097
15911 58145
15912 58152
15913 52000
15914 49952
15915 63265
15916 39713
15917 52000
15918 52000
15919 52000
15920 58120
15921 58113
15922 57128
15923 58144
15924 52008
15925 55081
15926 49952
15927 53025
15928 19232
15929 54064
15930 25385
15931 49953
15932 63264
15933 49953
15934 54049
15935 52000
15936 27401
15937 59169
15938 54048
15939 58152
15940 58216
15941 25377
15942 27552
15943 25352
15944 25353
15945 52000
15946 17153
15947 53781
15948 49952
15949 54048
15950 53781
15951 19201
15952 19232
15953 53025
15954 56097
15955 19232
15956 28457
15957 54048
15958 20265
15959 60201
15960 53781
15961 28457
15962 54048
15963 49928
15964 27496
15965 53808
15966 59169
15967 49952
15968 55081
15969 27592
15970 25376
15971 49952
15972 25376
15973 19216
15974 25377
15975 27496
15976 58144
15977 19233
15978 56096
15979 17193
15980 51984
15981 60200
15982 62240
15983 64288
15984 60200
15985 25376
15986 25440
15987 52001
15988 27424
15989 63272
15990 27496
15991 49960
15992 26401
15993 54048
15994 54024
15995 51984
15996 51985
15997 27496
15998 27424
15999 27433
16000 49685
16001 19200
16002 49961
16003 35617
16004 27401
16005 53781
16006 58145
16007 58144
16008 58145
16009 51977
16010 63336
16011 58120
16012 28449
16013 58145
16014 19233
16015 49953
16016 25377
16017 55073
16018 58144
16019 54048
16020 58144
16021 62240
16022 27592
16023 58145
16024 49952
16025 60193
16026 51969
16027 27400
16028 27400
16029 58121
16030 56088
16031 28449
16032 19225
16033 37648
16034 52001
16035 27489
16036 54049
16037 58145
16038 61281
16039 25344
16040 49936
16041 49681
16042 27393
16043 63265
16044 19232
16045 63265
16046 51992
16047 54040
16048 27464
16049 27496
16050 27400
16051 62240
16052 33568
16053 54016
16054 17185
16055 26400
16056 49976
16057 17184
16058 17193
16059 27392
16060 58152
16061 49921
16062 49944
16063 27496
16064 52001
16065 53780
16066 52009
16067 25408
16068 49944
16069 27465
16070 27496
16071 25344
16072 19248
16073 26400
16074 58113
16075 58128
16076 52001
16077 59169
16078 26465
16079 49953
16080 17184
16081 25448
16082 54049
16083 49961
16084 49969
16085 27393
16086 19232
16087 52001
16088 58144
16089 55073
16090 58152
16091 62240
16092 54056
16093 54056
16094 60256
16095 49952
16096 27464
16097 19208
16098 59169
16099 52000
16100 19232
16101 19216
16102 54049
16103 56097
16104 60264
16105 19240
16106 58144
16107 54049
16108 27488
16109 50977
16110 27624
16111 58145
16112 49953
16113 51976
16114 53781
16115 49960
16116 58145
16117 58112
16118 17153
16119 58144
16120 57129
16121 52000
16122 54048
16123 19201
16124 26401
16125 54049
16126 56104
16127 49952
16128 62240
16129 52001
16130 27425
16131 19224
16132 59169
16133 27401
16134 60192
16135 49976
16136 58144
16137 55073
16138 37680
16139 54048
16140 54057
16141 27496
16142 27433
16143 54049
16144 58145
16145 19201
16146 54057
16147 51992
16148 19233
16149 60192
16150 19209
16151 51992
16152 54049
16153 58145
16154 49920
16155 52000
16156 54049
16157 60232
16158 56152
16159 51993
16160 54072
16161 28417
16162 27432
16163 61224
16164 53765
16165 25360
16166 49921
16167 27408
16168 50985
16169 19217
16170 55080
16171 49921
16172 27401
16173 54048
16174 54048
16175 56105
16176 53781
16177 27400
16178 58153
16179 61288
16180 56104
16181 52001
16182 52009
16183 54056
16184 56097
16185 54048
16186 58144
16187 54048
16188 37681
16189 56097
16190 49960
16191 61217
16192 19233
16193 54072
16194 54048
16195 51745
16196 58145
16197 27424
16198 51969
16199 49685
16200 62241
16201 49961
16202 54056
16203 49969
16204 25377
16205 58144
16206 19233
16207 54057
16208 19200
16209 19240
16210 49952
16211 49952
16212 49960
16213 49952
16214 54048
16215 25377
16216 58152
16217 28457
16218 53033
16219 27616
16220 49960
16221 27393
16222 58144
16223 27400
16224 60192
16225 54048
16226 26409
16227 49952
16228 54048
16229 52000
16230 57128
16231 27401
16232 17153
16233 49960
16234 25376
16235 54056
16236 55081
16237 59168
16238 64289
16239 27393
16240 56105
16241 60169
16242 49960
16243 27401
16244 17185
16245 54049
16246 54048
16247 17185
16248 58145
16249 60192
16250 62240
16251 52000
16252 58144
16253 59169
16254 27425
16255 28448
16256 54112
16257 49928
16258 56097
16259 19208
16260 56064
16261 60193
16262 19233
16263 28457
16264 59136
16265 53024
16266 17192
16267 27400
16268 25440
16269 19241
16270 54024
16271 19232
16272 17192
16273 27432
16274 52000
16275 27424
16276 17185
16277 54048
16278 17160
16279 58208
16280 25376
16281 58208
16282 60168
16283 56097
16284 54056
16285 19233
16286 19232
16287 59233
16288 49960
16289 52000
16290 19233
16291 17192
16292 65312
16293 58145
16294 27424
16295 19233
16296 27425
16297 52001
16298 27401
16299 27497
16300 49920
16301 57129
16302 27464
16303 27488
16304 25441
16305 19232
16306 27489
16307 58209
16308 19233
16309 54056
16310 53761
16311 17168
16312 58152
16313 54048
16314 19201
16315 58145
16316 49944
16317 51976
16318 27465
16319 54056
16320 54056
16321 19233
16322 54048
16323 51993
16324 52001
16325 54049
16326 58152
16327 58144
16328 54049
16329 54048
16330 54048
16331 27393
16332 54048
16333 54057
16334 51968
16335 21281
16336 17192
16337 25352
16338 54056
16339 55073
16340 25377
16341 37665
16342 27425
16343 27497
16344 58145
16345 54064
16346 25384
16347 17184
16348 56096
16349 60192
16350 63265
16351 17184
16352 27520
16353 37664
16354 52008
16355 25344
16356 58144
16357 11041
16358 58144
16359 19240
16360 53781
16361 17184
16362 49936
16363 60160
16364 54056
16365 59168
16366 54048
16367 17153
16368 27489
16369 27393
16370 60168
16371 55073
16372 49953
16373 54048
16374 27392
16375 19208
16376 54056
16377 21281
16378 58145
16379 19233
16380 58145
16381 58145
16382 17184
16383 50984
16384 17192
16385 54049
16386 49961
16387 58208
16388 62240
16389 49952
16390 27401
16391 27393
16392 17256
16393 49953
16394 49960
16395 54056
16396 19240
16397 58152
16398 52000
16399 60264
16400 27496
16401 27401
16402 27465
16403 27624
16404 27401
16405 49952
16406 49952
16407 17185
16408 50984
16409 52000
16410 28457
16411 2848
16412 60193
16413 17192
16414 49953
16415 27465
16416 51985
16417 59137
16418 25376
16419 63336
16420 54053
16421 37664
16422 19233
16423 58144
16424 60193
16425 27497
16426 25377
16427 58208
16428 19233
16429 55096
16430 49936
16431 27616
16432 62304
16433 59169
16434 19208
16435 21281
16436 55080
16437 49960
16438 54048
16439 52000
16440 58145
16441 49952
16442 25441
16443 56089
16444 17185
16445 53781
16446 28521
16447 19208
16448 49953
16449 54056
16450 58144
16451 56097
16452 52000
16453 52000
16454 25376
16455 56089
16456 27624
16457 25377
16458 52001
16459 52008
16460 27457
16461 27392
16462 27393
16463 49953
16464 27425
16465 54049
16466 53781
16467 27465
16468 27489
16469 19240
16470 19233
16471 27488
16472 17184
16473 55073
16474 27497
16475 58144
16476 49936
16477 54048
16478 63265
16479 54049
16480 19233
16481 19240
16482 19200
16483 27488
16484 59169
16485 17161
16486 27424
16487 53781
16488 58144
16489 58152
16490 54056
16491 17152
16492 19233
16493 54048
16494 61216
16495 58145
16496 60200
16497 49960
16498 58152
16499 59177
16500 28513
16501 54049
16502 54064
16503 53777
16504 58153
16505 27408
16506 56097
16507 54032
16508 28448
16509 58144
16510 59169
16511 56097
16512 60200
16513 54024
16514 49952
16515 26401
16516 49921
16517 54112
16518 52008
16519 49937
16520 25376
16521 17192
16522 55073
16523 54064
16524 27496
16525 49685
16526 25376
16527 49953
16528 57128
16529 59168
16530 49968
16531 17184
16532 54048
16533 19240
16534 25376
16535 49952
16536 49668
16537 55080
16538 54064
16539 27624
16540 49952
16541 58152
16542 58144
16543 25345
16544 27489
16545 49928
16546 58208
16547 25376
16548 54032
16549 19232
16550 25440
16551 19225
16552 27424
16553 60192
16554 26465
16555 49953
16556 54048
16557 49952
16558 19233
16559 19201
16560 19232
16561 19233
16562 54048
16563 60192
16564 19200
16565 37680
16566 64360
16567 54048
16568 49952
16569 54032
16570 49952
16571 58144
16572 57128
16573 49960
16574 19233
16575 27401
16576 54017
16577 59137
16578 56104
16579 18209
16580 62241
16581 60193
16582 52008
16583 59169
16584 37672
16585 17185
16586 52009
16587 55073
16588 49921
16589 55081
16590 27425
16591 59169
16592 58144
16593 27400
16594 54056
16595 17185
16596 17184
16597 58144
16598 25377
16599 17193
16600 49952
16601 51712
16602 19233
16603 52000
16604 61216
16605 17185
16606 51977
16607 49953
16608 58145
16609 52001
16610 54056
16611 19233
16612 25376
16613 58208
16614 28449
16615 25376
16616 19233
16617 60184
16618 52008
16619 52000
16620 17192
16621 52008
16622 63273
16623 49961
16624 19241
16625 58113
16626 19232
16627 62305
16628 54048
16629 17153
16630 54056
16631 49960
16632 27392
16633 25376
16634 52008
16635 63264
16636 52000
16637 58120
16638 49952
16639 49952
16640 53033
16641 49960
16642 58152
16643 62208
16644 54112
16645 17185
16646 58145
16647 19248
16648 25377
16649 62248
16650 19233
16651 55072
16652 27401
16653 19225
16654 60192
16655 28457
16656 25385
16657 17184
16658 28457
16659 25441
16660 54040
16661 52000
16662 19224
16663 27424
16664 52000
16665 53797
16666 27424
16667 53765
16668 58144
16669 49665
16670 27401
16671 49921
16672 27401
16673 54049
16674 25440
16675 17184
16676 58112
16677 49953
16678 27433
16679 49952
16680 49968
16681 63329
16682 54048
16683 19201
16684 49936
16685 58145
16686 17184
16687 54049
16688 58113
16689 60193
16690 54048
16691 27425
16692 25385
16693 51969
16694 58145
16695 25377
16696 19241
16697 27425
16698 63264
16699 49936
16700 17153
16701 25376
16702 25377
16703 49953
16704 27465
16705 49960
16706 19233
16707 27424
16708 25384
16709 35617
16710 28449
16711 19233
16712 55080
16713 54049
16714 51977
16715 25345
16716 54048
16717 26401
16718 52001
16719 54049
16720 58128
16721 60193
16722 52001
16723 19233
16724 54049
16725 58144
16726 17160
16727 62240
16728 63272
16729 60192
16730 25344
16731 27592
16732 58112
16733 62305
16734 27592
16735 50016
16736 49968
16737 49952
16738 64289
16739 25360
16740 61225
16741 19232
16742 54032
16743 61216
16744 51976
16745 25377
16746 49960
16747 25440
16748 25384
16749 27392
16750 19217
16751 27465
16752 54032
16753 58144
16754 50016
16755 54049
16756 54064
16757 54049
16758 49960
16759 27400
16760 60264
16761 25376
16762 49921
16763 56096
16764 54049
16765 58145
16766 62249
16767 49960
16768 28521
16769 51968
16770 60193
16771 59177
16772 19200
16773 62241
16774 53793
16775 60360
16776 52000
16777 60256
16778 25376
16779 54049
16780 20264
16781 63273
16782 57121
16783 52008
16784 62241
16785 62240
16786 49953
16787 54048
16788 49953
16789 58152
16790 58145
16791 52008
16792 26464
16793 54057
16794 27425
16795 54048
16796 51969
16797 17168
16798 62305
16799 19296
16800 19200
16801 58144
16802 17184
16803 54049
16804 58112
16805 61216
16806 60264
16807 19233
16808 27425
16809 49952
16810 27497
16811 54048
16812 37664
16813 58144
16814 27393
16815 50984
16816 17152
16817 27432
16818 54056
16819 19200
16820 19217
16821 58145
16822 49952
16823 27393
16824 49928
16825 54064
16826 17184
16827 49921
16828 54048
16829 49928
16830 53809
16831 59233
16832 61224
16833 49960
16834 19232
16835 51992
16836 27401
16837 19224
16838 52001
16839 27424
16840 18208
16841 27496
16842 52001
16843 60192
16844 17185
16845 17185
16846 54048
16847 49952
16848 56105
16849 60201
16850 49952
16851 58144
16852 27424
16853 53777
16854 61224
16855 27552
16856 54048
16857 62249
16858 27392
16859 19232
16860 49953
16861 49961
16862 17193
16863 49665
16864 16901
16865 53793
16866 17185
16867 55072
16868 58216
16869 60161
16870 54048
16871 27432
16872 19232
16873 19209
16874 49953
16875 54048
16876 60328
16877 54032
16878 27496
16879 49976
16880 56089
16881 58209
16882 49953
16883 49960
16884 49953
16885 17184
16886 63265
16887 27432
16888 49952
16889 54064
16890 52056
16891 19232
16892 19233
16893 27393
16894 51745
16895 57121
16896 60200
16897 54056
16898 59232
16899 25377
16900 54048
16901 49976
16902 52008
16903 62241
16904 19232
16905 27464
16906 27456
16907 25344
16908 60160
16909 17185
16910 54056
16911 52000
16912 62240
16913 49961
16914 54049
16915 27424
16916 54048
16917 51992
16918 49960
16919 27424
16920 58128
16921 49953
16922 25440
16923 58145
16924 17160
16925 60192
16926 49960
16927 49960
16928 49953
16929 49944
16930 54048
16931 19241
16932 17184
16933 27457
16934 49952
16935 17184
16936 52001
16937 19233
16938 57129
16939 59233
16940 55073
16941 58144
16942 19200
16943 19233
16944 53797
16945 25352
16946 54048
16947 25377
16948 17192
16949 54049
16950 49953
16951 51984
16952 19225
16953 20257
16954 54049
16955 58144
16956 27464
16957 54048
16958 54056
16959 49960
16960 27401
16961 58145
16962 49920
16963 27401
16964 49952
16965 52000
16966 25377
16967 18945
16968 58144
16969 19248
16970 55841
16971 61225
16972 25377
16973 56096
16974 51976
16975 58112
16976 18945
16977 27425
16978 58145
16979 27392
16980 27425
16981 49944
16982 17184
16983 49944
16984 28512
16985 27393
16986 62241
16987 58144
16988 49952
16989 27424
16990 58144
16991 37688
16992 59168
16993 56097
16994 62240
16995 27401
16996 27424
16997 17184
16998 59169
16999 58145
17000 54048
17001 49953
17002 17153
17003 27424
17004 55073
17005 58120
17006 54049
17007 51976
17008 60193
17009 28456
17010 54048
17011 27400
17012 54049
17013 25376
17014 27392
17015 27425
17016 62240
17017 54056
17018 25376
17019 49936
17020 27401
17021 57129
17022 27400
17023 61193
17024 19209
17025 27464
17026 52001
17027 25384
17028 65321
17029 51712
17030 27392
17031 25344
17032 53032
17033 63264
17034 60201
17035 27392
17036 19232
17037 60193
17038 51976
17039 58145
17040 52009
17041 25377
17042 52001
17043 27392
17044 25345
17045 28456
17046 25377
17047 55080
17048 51969
17049 19241
17050 19200
17051 54072
17052 54049
17053 50977
17054 25376
17055 60193
17056 25376
17057 49953
17058 51977
17059 52008
17060 52008
17061 19304
17062 62304
17063 19201
17064 58144
17065 54057
17066 25377
17067 63272
17068 25376
17069 49968
17070 27393
17071 49952
17072 50016
17073 27392
17074 19232
17075 27616
17076 17184
17077 49952
17078 17185
17079 63265
17080 25344
17081 51977
17082 17184
17083 25448
17084 19232
17085 19233
17086 49957
17087 54049
17088 27464
17089 56104
17090 61225
17091 27424
17092 27393
17093 19201
17094 59169
17095 49953
17096 54056
17097 27496
17098 27464
17099 27497
17100 19232
17101 54032
17102 27624
17103 49953
17104 49961
17105 28425
17106 58153
17107 27433
17108 27488
17109 64289
17110 49952
17111 19201
17112 58144
17113 27400
17114 27392
17115 27425
17116 58144
17117 52000
17118 54032
17119 50016
17120 49952
17121 28449
17122 49952
17123 17193
17124 17184
17125 19233
17126 58113
17127 62248
17128 27392
17129 49961
17130 49953
17131 58145
17132 55073
17133 60193
17134 52001
17135 49952
17136 27401
17137 49936
17138 49936
17139 27401
17140 49960
17141 25377
17142 58144
17143 19232
17144 19225
17145 51992
17146 53025
17147 52016
17148 58145
17149 54048
17150 54048
17151 17184
17152 64288
17153 19201
17154 26401
17155 49952
17156 17184
17157 64288
17158 20257
17159 49952
17160 58145
17161 55073
17162 49952
17163 19208
17164 49685
17165 28520
17166 53781
17167 18209
17168 65312
17169 52000
17170 60192
17171 27400
17172 60193
17173 19240
17174 54049
17175 52008
17176 27401
17177 58145
17178 58144
17179 63265
17180 19233
17181 27496
17182 49953
17183 60224
17184 58216
17185 54048
17186 49961
17187 52008
17188 58153
17189 56096
17190 27392
17191 58144
17192 53781
17193 59233
17194 51969
17195 58145
17196 52000
17197 26401
17198 51968
17199 37409
17200 19232
17201 37665
17202 53032
17203 56105
17204 58209
17205 27464
17206 58112
17207 27457
17208 54072
17209 62241
17210 58145
17211 27401
17212 27424
17213 17184
17214 16901
17215 17184
17216 35617
17217 65312
17218 52001
17219 19233
17220 63265
17221 49960
17222 51976
17223 28457
17224 49952
17225 27401
17226 27393
17227 27496
17228 17185
17229 27488
17230 19233
17231 54049
17232 49968
17233 49952
17234 59232
17235 37664
17236 49953
17237 27496
17238 55073
17239 58112
17240 49968
17241 58153
17242 63328
17243 25376
17244 25384
17245 49960
17246 17184
17247 60193
17248 49952
17249 58152
17250 62240
17251 27496
17252 27392
17253 58144
17254 62241
17255 62240
17256 19296
17257 49681
17258 55064
17259 52000
17260 60376
17261 62241
17262 52000
17263 53765
17264 54064
17265 54049
17266 52120
17267 27496
17268 37665
17269 59137
17270 58208
17271 25376
17272 53776
17273 25376
17274 54048
17275 17153
17276 27393
17277 58113
17278 60200
17279 49685
17280 53776
17281 49921
17282 25377
17283 54049
17284 54048
17285 55073
17286 54048
17287 53781
17288 60193
17289 54048
17290 61216
17291 54049
17292 27401
17293 53765
17294 54048
17295 54048
17296 55073
17297 54048
17298 50977
17299 19232
17300 25376
17301 17184
17302 54064
17303 57128
17304 54120
17305 49953
17306 54048
17307 37648
17308 49961
17309 19200
17310 58208
17311 52056
17312 58145
17313 49953
17314 19201
17315 55841
17316 54048
17317 49952
17318 37393
17319 28449
17320 58152
17321 59169
17322 58144
17323 52000
17324 60184
17325 25376
17326 58145
17327 54048
17328 52001
17329 37664
17330 17160
17331 54048
17332 54072
17333 59169
17334 51977
17335 49928
17336 800
17337 49960
17338 17184
17339 25385
17340 37664
17341 49953
17342 19248
17343 19200
17344 49953
17345 59168
17346 55840
17347 54048
17348 58113
17349 17152
17350 27393
17351 54048
17352 54048
17353 37680
17354 49952
17355 49960
17356 49952
17357 58152
17358 17184
17359 19232
17360 37680
17361 62240
17362 51969
17363 39713
17364 54048
17365 50024
17366 56096
17367 54057
17368 49937
17369 52008
17370 27393
17371 56104
17372 52009
17373 63265
17374 54112
17375 49953
17376 16897
17377 50977
17378 56073
17379 19240
17380 19240
17381 19232
17382 27432
17383 54048
17384 60193
17385 26409
17386 25384
17387 60264
17388 49952
17389 19200
17390 49952
17391 54033
17392 28449
17393 49928
17394 58144
17395 49977
17396 56064
17397 62249
17398 27392
17399 59177
17400 28417
17401 54049
17402 52024
17403 56096
17404 52000
17405 60288
17406 49953
17407 19232
17408 60193
17409 61224
17410 19296
17411 58153
17412 60257
17413 37680
17414 19240
17415 55840
17416 50977
17417 52000
17418 60168
17419 54048
17420 60161
17421 62241
17422 52000
17423 27425
17424 54040
17425 54049
17426 58144
17427 53025
17428 27424
17429 54057
17430 60288
17431 49952
17432 51729
17433 49952
17434 60200
17435 58145
17436 27392
17437 27393
17438 25377
17439 49952
17440 27456
17441 64289
17442 27497
17443 17184
17444 59169
17445 58112
17446 53781
17447 19232
17448 49953
17449 19232
17450 58145
17451 27424
17452 19232
17453 58113
17454 58145
17455 59169
17456 58145
17457 49952
17458 64289
17459 49952
17460 27392
17461 17160
17462 53025
17463 54112
17464 49960
17465 27401
17466 58121
17467 61224
17468 54056
17469 26401
17470 54049
17471 60169
17472 54049
17473 49952
17474 58145
17475 17184
17476 59233
17477 49960
17478 65385
17479 17153
17480 49944
17481 50985
17482 55072
17483 19209
17484 49952
17485 19209
17486 58209
17487 19232
17488 54048
17489 17185
17490 17184
17491 25377
17492 19232
17493 58145
17494 27425
17495 49953
17496 58144
17497 52001
17498 59177
17499 49920
17500 27424
17501 60161
17502 54049
17503 27425
17504 52001
17505 49936
17506 25376
17507 49952
17508 52001
17509 25384
17510 27392
17511 54048
17512 56072
17513 51985
17514 49953
17515 25360
17516 58144
17517 52009
17518 54056
17519 27497
17520 25385
17521 58216
17522 27496
17523 25344
17524 27401
17525 27401
17526 27400
17527 25377
17528 53781
17529 17192
17530 49961
17531 52009
17532 17184
17533 25504
17534 49960
17535 28448
17536 27392
17537 27424
17538 54064
17539 51969
17540 61224
17541 54048
17542 63264
17543 60200
17544 25377
17545 56072
17546 27496
17547 20257
17548 55080
17549 60192
17550 25377
17551 55073
17552 49952
17553 57128
17554 27496
17555 52001
17556 28448
17557 60200
17558 58144
17559 27433
17560 60192
17561 27425
17562 27425
17563 19224
17564 35617
17565 49952
17566 49960
17567 58145
17568 58113
17569 25344
17570 52001
17571 51977
17572 27496
17573 54048
17574 27424
17575 17185
17576 49929
17577 25376
17578 54057
17579 19232
17580 27592
17581 19201
17582 60192
17583 27425
17584 25504
17585 27592
17586 27552
17587 61224
17588 27432
17589 49669
17590 19232
17591 27392
17592 54049
17593 58145
17594 60192
17595 49953
17596 62304
17597 17192
17598 26401
17599 58144
17600 27432
17601 19233
17602 19208
17603 27432
17604 17184
17605 17184
17606 59168
17607 49953
17608 28521
17609 52000
17610 19216
17611 49953
17612 49952
17613 49937
17614 49953
17615 39457
17616 58145
17617 25440
17618 49952
17619 52001
17620 27425
17621 59176
17622 49960
17623 19209
17624 57129
17625 27465
17626 18208
17627 54048
17628 25345
17629 19208
17630 63265
17631 62240
17632 57121
17633 59177
17634 25441
17635 49953
17636 55841
17637 54112
17638 49953
17639 58208
17640 18209
17641 11041
17642 58113
17643 27497
17644 27497
17645 27592
17646 61288
17647 27401
17648 27401
17649 49960
17650 27465
17651 49960
17652 53781
17653 49953
17654 19201
17655 25376
17656 49701
17657 58145
17658 58144
17659 49952
17660 19233
17661 17185
17662 57129
17663 52000
17664 26401
17665 58145
17666 49921
17667 54049
17668 17185
17669 19240
17670 27592
17671 56104
17672 54048
17673 54033
17674 55809
17675 49952
17676 54048
17677 27624
17678 27497
17679 61225
17680 27488
17681 53033
17682 49960
17683 39713
17684 54072
17685 25384
17686 27496
17687 54048
17688 20256
17689 61281
17690 53765
17691 27592
17692 49936
17693 54064
17694 25345
17695 39713
17696 49953
17697 58152
17698 58144
17699 54048
17700 58153
17701 52000
17702 27520
17703 54064
17704 17152
17705 52001
17706 58145
17707 58113
17708 19232
17709 49968
17710 54049
17711 28449
17712 27401
17713 51968
17714 27392
17715 54017
17716 27424
17717 54049
17718 49920
17719 19209
17720 17193
17721 49960
17722 54056
17723 58209
17724 62241
17725 60192
17726 19240
17727 27400
17728 25360
17729 27497
17730 49952
17731 63264
17732 27560
17733 52001
17734 58145
17735 58145
17736 27392
17737 19209
17738 54048
17739 25440
17740 19201
17741 27393
17742 27392
17743 25360
17744 54049
17745 27393
17746 49920
17747 58113
17748 52024
17749 60201
17750 27488
17751 52009
17752 49928
17753 63265
17754 49960
17755 17160
17756 60192
17757 61224
17758 27592
17759 56097
17760 25376
17761 2848
17762 27393
17763 58145
