Point_ID Label
0 62241
1 49952
2 49953
3 52001
4 27393
5 62249
6 58144
7 49952
8 27425
9 23329
10 54056
11 58144
12 57120
13 17153
14 55073
15 27425
16 25377
17 49960
18 58208
19 52009
20 49960
21 60192
22 55072
23 19240
24 58112
25 17184
26 17192
27 17184
28 58144
29 54049
30 55081
31 58145
32 49952
33 28424
34 49961
35 49952
36 55073
37 17185
38 52000
39 52000
40 49953
41 25384
42 49968
43 62240
44 49960
45 54049
46 58144
47 25344
48 53809
49 60200
50 54016
51 49952
52 49961
53 49960
54 49952
55 49952
56 54017
57 27401
58 50976
59 54049
60 54057
61 54048
62 49952
63 57129
64 17185
65 58145
66 27425
67 53793
68 62240
69 51745
70 800
71 17185
72 58145
73 54048
74 49952
75 59168
76 60256
77 56096
78 49952
79 49952
80 54064
81 54049
82 49936
83 58144
84 54053
85 37664
86 49953
87 56097
88 54056
89 25441
90 49953
91 27433
92 54049
93 54049
94 62241
95 62312
96 62304
97 51969
98 55073
99 54048
100 60201
101 60192
102 37664
103 27393
104 25377
105 54049
106 25377
107 17153
108 58144
109 27432
110 54049
111 59169
112 58153
113 52016
114 60160
115 19201
116 27425
117 60192
118 27424
119 19232
120 54048
121 54049
122 59169
123 59233
124 58144
125 51976
126 58112
127 19241
128 49960
129 58145
130 19233
131 17160
132 58144
133 58144
134 53793
135 54049
136 63265
137 49960
138 62240
139 28417
140 49952
141 54061
142 27433
143 49952
144 52008
145 49960
146 17184
147 27425
148 25376
149 59169
150 52000
151 27424
152 58112
153 52000
154 49952
155 19240
156 27425
157 54048
158 19240
159 60192
160 25360
161 60193
162 62241
163 49952
164 58145
165 59169
166 27425
167 58208
168 54049
169 52001
170 58144
171 57120
172 28449
173 51969
174 58144
175 19232
176 54056
177 19232
178 25449
179 62240
180 60168
181 19209
182 56097
183 19240
184 19232
185 17185
186 55088
187 55072
188 58144
189 52001
190 19232
191 58153
192 19232
193 49952
194 51968
195 19233
196 54048
197 17192
198 17152
199 17193
200 19233
201 58152
202 49953
203 49937
204 54016
205 27424
206 52000
207 58144
208 25377
209 49952
210 49953
211 52001
212 19209
213 49961
214 58144
215 49952
216 25376
217 27425
218 51968
219 27424
220 27424
221 49952
222 58144
223 49953
224 49921
225 52000
226 54048
227 22305
228 17193
229 60192
230 27520
231 19209
232 60201
233 49953
234 25384
235 25352
236 54048
237 52000
238 26465
239 49952
240 17185
241 49953
242 27425
243 63329
244 58145
245 54049
246 55081
247 17185
248 19224
249 53793
250 52008
251 49952
252 27392
253 58145
254 17185
255 49952
256 55072
257 58144
258 54049
259 27424
260 19201
261 54049
262 52000
263 17168
264 55072
265 49960
266 27392
267 19200
268 49952
269 54048
270 58144
271 54049
272 52000
273 27424
274 58120
275 59168
276 59168
277 58112
278 65312
279 58144
280 18216
281 27424
282 27425
283 17185
284 17184
285 49952
286 56105
287 19233
288 54112
289 49952
290 54049
291 54049
292 53797
293 49952
294 49952
295 54048
296 28449
297 54049
298 25377
299 25345
300 17184
301 28513
302 54048
303 25448
304 19233
305 49953
306 49952
307 17184
308 49952
309 52000
310 51744
311 54049
312 58216
313 25376
314 58144
315 19241
316 54049
317 58145
318 27425
319 54056
320 60193
321 58144
322 19232
323 19241
324 27520
325 27424
326 52001
327 50976
328 49936
329 52009
330 54049
331 49953
332 58152
333 17184
334 6945
335 17184
336 25377
337 54057
338 49952
339 54049
340 49960
341 58144
342 52000
343 19201
344 27425
345 54048
346 19232
347 49921
348 27392
349 52000
350 49953
351 49960
352 54049
353 17168
354 27425
355 56104
356 27425
357 49952
358 17160
359 50016
360 27424
361 25376
362 49960
363 19240
364 53793
365 17152
366 18209
367 58144
368 62241
369 60192
370 27496
371 49952
372 17184
373 54049
374 17184
375 49953
376 25376
377 63272
378 49952
379 52000
380 58145
381 52000
382 54057
383 19232
384 54049
385 54049
386 49681
387 58144
388 58145
389 58144
390 19248
391 19200
392 49952
393 49952
394 57121
395 27424
396 17184
397 55081
398 49952
399 49953
400 52008
401 59168
402 17184
403 49953
404 58144
405 49952
406 58144
407 54049
408 49953
409 49960
410 49952
411 17153
412 27424
413 19241
414 54049
415 19241
416 19233
417 17185
418 52001
419 26401
420 58144
421 49953
422 54048
423 54048
424 49952
425 54048
426 54049
427 37665
428 52064
429 49953
430 58145
431 54049
432 63265
433 54049
434 49953
435 17185
436 63265
437 55073
438 49952
439 49952
440 54048
441 52000
442 49952
443 49953
444 54049
445 55073
446 55073
447 54049
448 49952
449 54049
450 58145
451 27424
452 54048
453 58144
454 49952
455 58145
456 54048
457 54049
458 49920
459 54049
460 49952
461 60160
462 49953
463 49921
464 60168
465 58145
466 49952
467 54049
468 58144
469 54048
470 62241
471 54064
472 54048
473 49953
474 49953
475 58145
476 54049
477 49960
478 17184
479 49953
480 53809
481 52001
482 49697
483 54049
484 63328
485 54049
486 49952
487 49953
488 55073
489 62241
490 58144
491 58145
492 49953
493 19200
494 58144
495 49953
496 49952
497 27425
498 25377
499 27424
500 51969
501 49952
502 49952
503 54048
504 60193
505 49953
506 54049
507 54049
508 58144
509 49953
510 49953
511 52000
512 27392
513 53792
514 25345
515 49952
516 54048
517 54049
518 49952
519 55073
520 58144
521 58152
522 54048
523 27424
524 19240
525 27392
526 55072
527 25344
528 54049
529 49961
530 27425
531 52001
532 49952
533 21289
534 17185
535 58145
536 55081
537 27392
538 25353
539 49952
540 27392
541 60264
542 58144
543 51976
544 49937
545 54048
546 54049
547 55073
548 52001
549 60201
550 54032
551 27424
552 27424
553 25344
554 52008
555 27393
556 54049
557 54057
558 27424
559 54048
560 49960
561 51968
562 25353
563 54048
564 60192
565 58144
566 58145
567 50016
568 51745
569 54048
570 55073
571 49952
572 52008
573 49952
574 58144
575 49928
576 49953
577 54049
578 58112
579 27425
580 51968
581 54113
582 27424
583 49953
584 52000
585 56096
586 53809
587 54072
588 25352
589 27424
590 19232
591 58112
592 27424
593 58208
594 25377
595 26464
596 52001
597 54048
598 63272
599 64288
600 58145
601 56096
602 49953
603 20265
604 49952
605 49952
606 51968
607 60160
608 25376
609 52009
610 25376
611 52000
612 19233
613 51745
614 49928
615 56120
616 52000
617 54049
618 19233
619 58216
620 27401
621 49952
622 17184
623 49953
624 19233
625 62241
626 27424
627 58113
628 54061
629 61217
630 27424
631 49953
632 17185
633 49920
634 18945
635 49953
636 27425
637 52000
638 49953
639 54049
640 54056
641 54048
642 62249
643 49920
644 27424
645 54049
646 61225
647 19232
648 54049
649 25377
650 49953
651 54048
652 54049
653 54049
654 54064
655 19233
656 49952
657 54048
658 60160
659 27425
660 54049
661 54049
662 58113
663 49921
664 49953
665 58144
666 54048
667 58144
668 62240
669 55080
670 52001
671 49952
672 50976
673 19232
674 62240
675 58145
676 54064
677 49952
678 54049
679 27425
680 54049
681 19200
682 49952
683 54048
684 54817
685 49952
686 27425
687 25377
688 49953
689 54049
690 51992
691 49953
692 49952
693 58120
694 54049
695 58144
696 18945
697 49953
698 49952
699 59233
700 54048
701 54049
702 21281
703 49952
704 51969
705 54049
706 49953
707 19208
708 28449
709 62240
710 54049
711 56097
712 25376
713 25376
714 54048
715 54048
716 54048
717 55080
718 17184
719 61217
720 55073
721 49960
722 49920
723 49953
724 17153
725 19237
726 49920
727 58121
728 54113
729 27425
730 55072
731 54049
732 17153
733 62241
734 63264
735 53809
736 25376
737 54048
738 17153
739 59169
740 49968
741 49952
742 54049
743 49968
744 55073
745 25376
746 49952
747 49952
748 51984
749 27432
750 54049
751 19201
752 17185
753 58144
754 52001
755 25377
756 51976
757 49960
758 27489
759 54049
760 49953
761 54049
762 58152
763 49960
764 51992
765 60160
766 25377
767 49928
768 49953
769 49952
770 49936
771 54048
772 17185
773 49921
774 58144
775 28417
776 54049
777 49953
778 55081
779 54048
780 54049
781 52000
782 28456
783 54817
784 60192
785 19208
786 60193
787 17185
788 49920
789 49953
790 49952
791 19200
792 58144
793 49936
794 58144
795 27425
796 55072
797 58144
798 58144
799 52000
800 58144
801 27424
802 49952
803 58152
804 52064
805 54048
806 51992
807 54049
808 17189
809 62248
810 60200
811 58144
812 19209
813 58144
814 49952
815 19233
816 49960
817 54049
818 25376
819 60160
820 49952
821 19232
822 17152
823 19232
824 58145
825 63265
826 49952
827 60192
828 54048
829 25376
830 49952
831 54057
832 49960
833 25344
834 54049
835 19200
836 19240
837 19241
838 54064
839 54049
840 25345
841 23337
842 58112
843 58152
844 63273
845 20257
846 49953
847 58144
848 58144
849 54113
850 54057
851 27393
852 54048
853 52000
854 25504
855 54049
856 27393
857 53793
858 25384
859 25376
860 54056
861 60192
862 57120
863 60193
864 52000
865 19241
866 49952
867 25377
868 56105
869 52008
870 54048
871 49960
872 54056
873 49952
874 54049
875 56097
876 60161
877 19233
878 54048
879 63265
880 49952
881 50976
882 49952
883 58145
884 52001
885 60193
886 54057
887 52008
888 19232
889 27424
890 49952
891 49952
892 58144
893 27425
894 27393
895 25344
896 49920
897 25376
898 53793
899 27424
900 54049
901 62241
902 27393
903 54049
904 19232
905 26465
906 49952
907 27401
908 54049
909 51968
910 49953
911 58144
912 54048
913 52001
914 19232
915 17152
916 52000
917 19232
918 59168
919 54049
920 19232
921 49929
922 49953
923 49960
924 25377
925 49952
926 54049
927 63264
928 54048
929 25376
930 49960
931 19200
932 55073
933 59169
934 59168
935 49952
936 17152
937 60193
938 49960
939 54049
940 49952
941 54048
942 27393
943 54048
944 58112
945 19233
946 58144
947 58152
948 54049
949 25377
950 49952
951 49953
952 49953
953 49952
954 49936
955 54048
956 58145
957 54049
958 49952
959 49976
960 51976
961 25344
962 49953
963 19232
964 19232
965 49952
966 56097
967 51977
968 49952
969 19201
970 58145
971 49953
972 59169
973 54049
974 49953
975 55072
976 54048
977 54049
978 27424
979 27392
980 49952
981 54049
982 54048
983 53793
984 52000
985 25344
986 49953
987 27424
988 58145
989 17176
990 49952
991 49952
992 54049
993 54048
994 54048
995 49953
996 60192
997 27393
998 49952
999 25381
1000 55096
1001 55073
1002 17185
1003 49953
1004 49968
1005 58145
1006 49952
1007 54049
1008 54048
1009 49952
1010 58112
1011 58208
1012 19233
1013 17184
1014 54048
1015 49953
1016 19240
1017 25377
1018 54049
1019 58144
1020 52000
1021 62241
1022 49953
1023 19201
1024 49952
1025 17184
1026 17185
1027 49953
1028 49953
1029 54049
1030 17192
1031 49952
1032 49952
1033 49952
1034 49953
1035 58144
1036 49953
1037 51968
1038 58152
1039 19233
1040 27393
1041 27489
1042 54048
1043 26401
1044 58113
1045 17152
1046 56097
1047 58113
1048 17185
1049 53797
1050 49953
1051 49952
1052 58144
1053 58144
1054 58145
1055 25376
1056 19224
1057 58144
1058 27425
1059 49952
1060 27425
1061 54049
1062 58144
1063 62241
1064 27392
1065 25384
1066 58145
1067 60193
1068 19232
1069 27424
1070 52001
1071 49952
1072 50985
1073 25376
1074 55080
1075 25376
1076 58145
1077 54048
1078 55072
1079 62305
1080 49960
1081 49952
1082 27425
1083 49952
1084 54048
1085 51745
1086 58152
1087 25344
1088 19201
1089 17184
1090 27424
1091 49953
1092 51968
1093 23337
1094 23337
1095 58113
1096 28513
1097 27400
1098 58144
1099 19240
1100 19200
1101 54049
1102 27424
1103 60193
1104 49952
1105 17184
1106 58152
1107 27425
1108 19248
1109 19232
1110 49952
1111 27425
1112 49952
1113 58145
1114 17185
1115 49952
1116 54048
1117 61216
1118 62241
1119 49960
1120 49961
1121 59168
1122 60192
1123 49952
1124 63265
1125 61185
1126 52000
1127 54056
1128 26408
1129 25344
1130 49953
1131 49952
1132 2849
1133 49920
1134 49953
1135 63265
1136 55081
1137 51968
1138 27432
1139 54048
1140 17184
1141 27393
1142 17152
1143 25344
1144 19241
1145 51992
1146 54817
1147 54049
1148 25344
1149 17152
1150 58144
1151 18945
1152 49952
1153 60193
1154 59168
1155 53025
1156 54049
1157 27424
1158 60192
1159 27489
1160 59168
1161 60200
1162 62209
1163 49952
1164 55080
1165 17185
1166 25376
1167 27424
1168 49928
1169 52000
1170 49952
1171 49952
1172 26409
1173 58145
1174 49952
1175 17193
1176 49952
1177 55073
1178 49952
1179 55088
1180 54065
1181 55073
1182 25377
1183 19241
1184 49960
1185 49920
1186 49953
1187 49953
1188 60193
1189 58144
1190 19201
1191 27424
1192 52001
1193 25376
1194 58112
1195 59232
1196 2848
1197 49921
1198 27393
1199 60193
1200 62241
1201 17184
1202 58144
1203 54049
1204 54048
1205 49960
1206 19232
1207 55072
1208 49952
1209 52009
1210 27425
1211 52001
1212 53793
1213 17189
1214 19232
1215 54049
1216 54049
1217 49953
1218 54049
1219 55073
1220 49921
1221 53032
1222 19240
1223 59169
1224 27425
1225 54048
1226 25376
1227 57121
1228 54048
1229 54048
1230 64289
1231 17185
1232 19232
1233 49953
1234 54049
1235 58144
1236 55073
1237 53025
1238 17184
1239 59169
1240 54049
1241 52001
1242 19232
1243 49952
1244 56104
1245 27400
1246 49953
1247 25376
1248 52001
1249 54048
1250 54065
1251 49920
1252 49952
1253 58144
1254 54049
1255 54049
1256 54048
1257 49953
1258 25344
1259 52000
1260 58145
1261 54032
1262 56097
1263 61224
1264 49936
1265 55073
1266 49952
1267 49952
1268 54049
1269 58144
1270 58144
1271 55073
1272 54048
1273 54049
1274 49952
1275 54049
1276 49960
1277 19232
1278 27424
1279 54048
1280 53025
1281 19200
1282 49953
1283 37665
1284 27425
1285 49953
1286 54049
1287 58145
1288 61185
1289 25408
1290 49952
1291 49953
1292 25377
1293 17184
1294 49952
1295 63265
1296 27425
1297 62241
1298 53793
1299 56097
1300 53793
1301 54057
1302 25376
1303 49952
1304 25377
1305 52000
1306 58112
1307 17185
1308 2848
1309 26408
1310 49953
1311 52001
1312 49953
1313 53808
1314 19201
1315 49952
1316 54049
1317 63273
1318 49952
1319 60192
1320 58144
1321 17185
1322 58144
1323 49952
1324 58144
1325 56097
1326 49920
1327 49952
1328 49952
1329 54048
1330 56088
1331 54017
1332 54049
1333 21281
1334 62240
1335 54048
1336 49953
1337 18945
1338 25384
1339 54048
1340 58152
1341 58152
1342 54049
1343 49937
1344 49960
1345 25377
1346 49953
1347 60200
1348 25377
1349 49952
1350 50977
1351 25377
1352 49961
1353 25376
1354 58145
1355 60192
1356 49953
1357 58145
1358 59176
1359 54065
1360 26401
1361 27424
1362 17184
1363 49952
1364 27424
1365 54049
1366 49952
1367 27425
1368 49953
1369 54049
1370 49953
1371 49952
1372 27425
1373 49952
1374 54048
1375 54049
1376 58120
1377 49952
1378 49944
1379 17168
1380 49953
1381 49953
1382 54064
1383 27425
1384 49681
1385 58144
1386 49952
1387 54049
1388 17184
1389 25376
1390 27425
1391 19232
1392 54120
1393 56064
1394 58145
1395 56064
1396 25376
1397 54048
1398 53793
1399 49952
1400 52008
1401 27424
1402 59168
1403 19241
1404 17184
1405 54049
1406 62305
1407 19232
1408 49944
1409 49944
1410 25376
1411 53793
1412 27425
1413 52000
1414 49945
1415 27425
1416 25376
1417 49952
1418 55073
1419 49952
1420 54049
1421 63272
1422 52000
1423 54048
1424 19225
1425 61217
1426 54048
1427 49937
1428 52000
1429 17185
1430 60200
1431 62249
1432 49936
1433 19240
1434 19248
1435 25377
1436 49960
1437 58120
1438 58145
1439 25384
1440 25345
1441 49952
1442 25376
1443 17169
1444 56097
1445 49960
1446 27425
1447 28449
1448 27392
1449 55073
1450 58144
1451 52008
1452 27392
1453 50024
1454 17184
1455 27392
1456 49944
1457 58145
1458 58144
1459 58145
1460 49953
1461 27424
1462 58144
1463 19208
1464 54049
1465 58112
1466 19241
1467 25344
1468 49953
1469 49952
1470 54048
1471 49952
1472 17200
1473 54048
1474 56097
1475 20256
1476 51968
1477 49953
1478 54065
1479 53793
1480 27496
1481 49960
1482 27488
1483 58152
1484 17185
1485 58144
1486 58144
1487 49953
1488 27392
1489 49953
1490 27424
1491 54049
1492 58144
1493 58112
1494 54064
1495 19232
1496 49952
1497 49952
1498 49952
1499 62240
1500 49952
1501 54049
1502 17185
1503 49921
1504 52000
1505 54053
1506 49953
1507 58144
1508 51969
1509 54049
1510 50977
1511 55073
1512 49968
1513 49928
1514 53793
1515 21289
1516 58144
1517 58145
1518 49968
1519 28448
1520 54049
1521 49952
1522 49952
1523 19233
1524 58128
1525 17185
1526 25504
1527 49952
1528 58145
1529 52009
1530 17152
1531 54049
1532 19241
1533 49952
1534 60160
1535 25384
1536 51984
1537 19201
1538 27425
1539 17185
1540 19200
1541 17192
1542 49960
1543 19241
1544 27489
1545 25344
1546 27425
1547 19240
1548 52008
1549 58144
1550 57120
1551 49953
1552 53793
1553 52008
1554 53809
1555 49920
1556 52000
1557 27424
1558 49952
1559 62240
1560 54049
1561 2849
1562 54049
1563 62241
1564 17185
1565 25377
1566 25377
1567 50977
1568 17152
1569 54048
1570 61217
1571 57120
1572 58208
1573 62241
1574 55073
1575 49953
1576 54817
1577 57121
1578 49952
1579 49953
1580 27425
1581 19233
1582 49952
1583 59168
1584 49944
1585 19240
1586 17189
1587 54057
1588 49952
1589 17185
1590 25376
1591 58144
1592 49952
1593 53797
1594 19233
1595 54048
1596 58144
1597 27433
1598 17185
1599 25377
1600 56096
1601 49952
1602 54049
1603 17184
1604 60200
1605 27425
1606 62304
1607 54049
1608 19240
1609 53793
1610 49968
1611 27393
1612 49953
1613 19233
1614 53793
1615 17184
1616 49952
1617 55841
1618 49953
1619 19233
1620 49952
1621 54048
1622 58145
1623 27424
1624 61217
1625 27392
1626 56105
1627 62241
1628 58113
1629 62241
1630 63264
1631 49953
1632 49952
1633 54049
1634 49920
1635 49953
1636 52009
1637 62240
1638 54049
1639 51976
1640 52000
1641 64288
1642 27424
1643 49961
1644 49952
1645 55072
1646 49953
1647 52000
1648 52008
1649 49952
1650 58145
1651 54048
1652 49952
1653 53033
1654 49952
1655 62240
1656 49960
1657 62249
1658 54049
1659 54049
1660 57121
1661 58145
1662 49952
1663 60192
1664 54048
1665 54049
1666 49952
1667 2849
1668 54048
1669 49952
1670 49952
1671 60200
1672 54049
1673 25377
1674 58144
1675 19233
1676 27424
1677 54049
1678 20264
1679 49953
1680 52009
1681 55073
1682 27424
1683 54049
1684 49960
1685 49953
1686 27424
1687 52001
1688 18209
1689 49952
1690 20265
1691 53792
1692 27408
1693 54048
1694 55072
1695 25440
1696 58145
1697 53808
1698 27424
1699 25345
1700 58145
1701 49953
1702 59168
1703 27488
1704 27488
1705 49952
1706 58145
1707 49952
1708 53793
1709 25376
1710 50984
1711 50984
1712 49952
1713 49976
1714 53793
1715 27401
1716 58144
1717 52000
1718 49681
1719 54048
1720 58112
1721 58144
1722 58145
1723 17185
1724 49953
1725 50977
1726 49952
1727 27464
1728 26400
1729 63265
1730 49952
1731 25441
1732 27432
1733 54049
1734 54049
1735 27432
1736 59136
1737 20257
1738 25377
1739 49953
1740 54056
1741 49953
1742 49960
1743 59168
1744 58144
1745 19240
1746 60200
1747 59169
1748 54049
1749 49960
1750 54817
1751 23329
1752 27425
1753 17184
1754 51976
1755 49928
1756 19240
1757 25377
1758 19208
1759 54048
1760 54049
1761 19232
1762 59136
1763 55096
1764 28424
1765 25376
1766 58144
1767 51976
1768 54049
1769 51969
1770 54049
1771 49952
1772 58144
1773 49953
1774 58144
1775 19201
1776 19233
1777 49952
1778 19233
1779 20256
1780 27392
1781 59169
1782 17192
1783 49952
1784 19233
1785 25377
1786 17184
1787 49936
1788 58145
1789 58145
1790 56104
1791 55073
1792 60193
1793 55080
1794 27432
1795 17185
1796 54048
1797 20225
1798 49952
1799 56065
1800 54057
1801 49952
1802 49952
1803 49952
1804 63272
1805 49952
1806 27425
1807 61224
1808 49952
1809 17184
1810 60192
1811 28449
1812 49697
1813 54048
1814 58113
1815 25377
1816 27488
1817 26464
1818 17153
1819 54053
1820 17184
1821 49952
1822 19233
1823 19232
1824 58144
1825 27392
1826 27401
1827 49952
1828 17184
1829 54048
1830 50977
1831 49961
1832 19233
1833 25345
1834 49960
1835 49952
1836 27425
1837 58152
1838 52008
1839 25376
1840 58112
1841 54065
1842 60161
1843 54048
1844 17160
1845 49937
1846 17192
1847 55072
1848 60192
1849 58144
1850 56104
1851 54049
1852 27425
1853 62241
1854 54064
1855 64289
1856 25377
1857 49952
1858 49952
1859 54048
1860 20265
1861 54049
1862 49952
1863 49952
1864 49952
1865 49953
1866 60192
1867 54049
1868 62240
1869 54049
1870 17185
1871 60193
1872 27457
1873 54048
1874 49953
1875 61185
1876 54049
1877 58113
1878 27425
1879 54049
1880 54048
1881 52001
1882 19201
1883 49960
1884 51984
1885 54049
1886 28449
1887 54049
1888 54056
1889 49953
1890 58144
1891 27393
1892 54064
1893 60192
1894 58144
1895 49960
1896 49960
1897 27432
1898 17184
1899 54049
1900 54049
1901 49952
1902 54048
1903 58145
1904 26369
1905 54048
1906 17152
1907 27392
1908 25376
1909 57120
1910 49953
1911 29472
1912 49952
1913 60161
1914 17185
1915 52001
1916 52001
1917 54057
1918 17184
1919 62241
1920 49952
1921 17184
1922 17184
1923 53792
1924 25377
1925 17184
1926 49952
1927 27393
1928 23337
1929 55841
1930 49952
1931 49953
1932 54049
1933 49953
1934 49976
1935 60192
1936 54048
1937 25376
1938 49952
1939 27425
1940 25384
1941 27424
1942 49952
1943 27488
1944 26401
1945 17185
1946 52000
1947 49952
1948 49968
1949 52001
1950 27424
1951 58144
1952 19201
1953 17153
1954 52001
1955 17153
1956 19241
1957 57128
1958 58144
1959 49936
1960 49961
1961 27425
1962 49952
1963 58145
1964 25376
1965 54065
1966 54048
1967 19241
1968 49952
1969 27424
1970 25385
1971 19208
1972 54048
1973 54049
1974 58113
1975 49952
1976 63265
1977 54025
1978 54064
1979 27425
1980 27520
1981 51969
1982 49952
1983 25352
1984 19200
1985 59168
1986 19233
1987 49920
1988 50016
1989 49920
1990 60193
1991 54048
1992 54053
1993 17185
1994 49953
1995 59169
1996 25345
1997 25344
1998 58145
1999 63265
2000 63264
2001 59177
2002 27392
2003 54048
2004 54049
2005 54048
2006 49681
2007 49953
2008 56096
2009 25344
2010 49920
2011 19232
2012 54064
2013 49952
2014 49920
2015 17153
2016 25376
2017 58209
2018 27424
2019 58113
2020 19200
2021 27497
2022 27489
2023 58112
2024 58145
2025 19233
2026 58145
2027 63328
2028 58145
2029 58144
2030 55072
2031 62240
2032 58144
2033 58144
2034 49961
2035 25385
2036 37664
2037 58145
2038 51968
2039 17185
2040 25344
2041 55073
2042 54048
2043 27432
2044 53793
2045 60201
2046 54016
2047 54048
2048 17185
2049 58112
2050 19241
2051 49952
2052 54048
2053 56065
2054 19233
2055 27425
2056 54048
2057 54048
2058 27489
2059 25376
2060 25384
2061 25384
2062 62240
2063 58144
2064 49928
2065 49952
2066 17184
2067 49681
2068 25376
2069 25377
2070 27433
2071 49952
2072 54049
2073 20256
2074 51976
2075 25345
2076 54056
2077 27424
2078 19240
2079 27424
2080 49953
2081 17185
2082 62240
2083 59169
2084 58144
2085 52000
2086 17184
2087 27400
2088 49953
2089 52001
2090 55080
2091 54049
2092 58145
2093 27424
2094 65312
2095 62304
2096 54049
2097 53793
2098 52000
2099 25377
2100 25376
2101 17184
2102 52008
2103 54049
2104 54049
2105 55080
2106 27425
2107 60265
2108 27488
2109 54049
2110 55080
2111 23337
2112 25377
2113 54048
2114 49953
2115 49953
2116 27433
2117 49952
2118 49952
2119 63265
2120 49952
2121 52001
2122 27433
2123 55072
2124 20225
2125 25377
2126 49920
2127 49953
2128 49953
2129 19233
2130 58144
2131 49952
2132 49953
2133 54049
2134 52008
2135 54049
2136 52008
2137 58112
2138 49953
2139 49953
2140 54049
2141 17185
2142 58145
2143 58216
2144 27392
2145 59177
2146 17184
2147 54049
2148 65313
2149 49952
2150 49953
2151 25377
2152 58152
2153 27456
2154 62240
2155 49952
2156 49953
2157 49936
2158 54048
2159 49953
2160 56104
2161 49953
2162 58144
2163 54064
2164 54048
2165 17185
2166 49952
2167 51745
2168 51993
2169 60224
2170 49953
2171 49952
2172 19233
2173 52008
2174 49929
2175 49952
2176 54049
2177 54048
2178 58144
2179 19232
2180 49928
2181 62209
2182 49952
2183 19232
2184 19201
2185 52001
2186 61217
2187 54120
2188 54049
2189 56104
2190 52001
2191 17185
2192 49952
2193 49960
2194 55080
2195 17152
2196 27392
2197 25344
2198 49952
2199 49952
2200 50024
2201 52008
2202 54024
2203 17185
2204 54048
2205 19241
2206 27425
2207 54049
2208 54057
2209 58145
2210 25376
2211 27425
2212 49953
2213 49928
2214 27488
2215 27425
2216 19240
2217 17160
2218 50945
2219 52008
2220 49952
2221 51969
2222 49976
2223 49952
2224 58112
2225 27432
2226 49952
2227 25377
2228 51976
2229 49921
2230 19241
2231 58216
2232 19233
2233 54056
2234 27424
2235 19200
2236 58153
2237 49953
2238 52001
2239 58144
2240 25377
2241 54049
2242 58112
2243 60160
2244 49952
2245 49952
2246 60200
2247 50984
2248 19233
2249 56064
2250 21281
2251 52000
2252 49952
2253 59177
2254 54049
2255 26464
2256 62240
2257 49952
2258 27393
2259 61217
2260 55073
2261 27424
2262 63265
2263 54049
2264 49952
2265 54049
2266 54048
2267 27425
2268 19225
2269 51968
2270 52001
2271 62240
2272 49952
2273 58144
2274 59168
2275 27392
2276 27424
2277 58120
2278 58144
2279 60193
2280 54048
2281 27424
2282 54024
2283 27433
2284 60201
2285 2856
2286 27424
2287 59233
2288 58145
2289 49952
2290 58152
2291 19240
2292 56097
2293 49953
2294 49920
2295 19216
2296 49952
2297 26400
2298 27392
2299 52000
2300 49976
2301 58145
2302 18945
2303 2849
2304 17193
2305 17185
2306 59169
2307 27401
2308 49920
2309 49920
2310 6945
2311 62241
2312 56097
2313 58144
2314 49952
2315 25441
2316 17152
2317 27424
2318 17185
2319 49952
2320 58145
2321 55072
2322 54049
2323 55073
2324 25376
2325 25441
2326 55072
2327 54049
2328 52001
2329 55081
2330 49920
2331 53793
2332 17160
2333 17184
2334 54064
2335 54072
2336 58145
2337 49952
2338 52008
2339 54048
2340 63272
2341 52001
2342 49944
2343 49952
2344 58145
2345 54056
2346 49952
2347 19201
2348 52016
2349 49960
2350 49928
2351 58152
2352 52016
2353 52000
2354 27392
2355 49952
2356 58144
2357 25344
2358 58145
2359 53813
2360 27425
2361 62241
2362 25376
2363 52001
2364 49953
2365 49952
2366 55073
2367 19240
2368 54049
2369 17185
2370 56105
2371 58209
2372 63328
2373 54049
2374 65313
2375 49961
2376 49952
2377 20257
2378 52000
2379 53813
2380 58144
2381 49976
2382 54072
2383 19233
2384 17185
2385 55073
2386 58208
2387 49953
2388 54049
2389 25440
2390 49952
2391 54049
2392 58145
2393 58152
2394 49953
2395 49952
2396 60160
2397 28449
2398 49953
2399 11041
2400 52000
2401 58144
2402 17185
2403 58144
2404 49952
2405 53797
2406 54048
2407 54049
2408 58145
2409 17185
2410 55073
2411 63264
2412 27393
2413 49952
2414 49952
2415 49952
2416 58144
2417 54040
2418 49953
2419 54049
2420 49952
2421 17185
2422 17185
2423 55073
2424 54048
2425 49953
2426 53793
2427 49952
2428 54048
2429 27425
2430 49952
2431 54048
2432 54049
2433 59177
2434 49961
2435 54065
2436 27489
2437 60193
2438 25376
2439 49953
2440 49952
2441 19233
2442 49952
2443 55080
2444 54049
2445 62241
2446 49952
2447 49953
2448 25376
2449 49952
2450 58144
2451 54057
2452 49953
2453 60200
2454 52008
2455 49952
2456 49961
2457 49960
2458 27424
2459 27520
2460 49952
2461 58145
2462 19201
2463 54049
2464 49953
2465 49952
2466 49952
2467 49944
2468 54049
2469 62241
2470 58144
2471 52000
2472 19233
2473 49952
2474 49952
2475 54048
2476 27392
2477 49953
2478 58144
2479 57121
2480 51992
2481 25376
2482 25344
2483 27425
2484 56104
2485 55088
2486 59168
2487 58144
2488 54064
2489 54049
2490 58112
2491 58145
2492 59169
2493 52008
2494 58145
2495 25376
2496 63265
2497 19233
2498 17184
2499 59169
2500 59233
2501 27425
2502 49929
2503 51976
2504 54024
2505 49952
2506 19233
2507 54817
2508 54048
2509 25377
2510 49969
2511 17184
2512 49952
2513 49952
2514 58152
2515 27424
2516 54049
2517 49952
2518 27432
2519 19233
2520 19233
2521 49944
2522 54056
2523 63265
2524 53809
2525 19241
2526 58144
2527 51969
2528 17184
2529 19208
2530 54056
2531 27425
2532 54049
2533 54064
2534 58208
2535 25384
2536 50976
2537 55841
2538 49952
2539 59169
2540 54056
2541 18209
2542 27489
2543 26408
2544 54049
2545 19233
2546 58144
2547 49952
2548 25384
2549 49921
2550 49953
2551 54049
2552 27488
2553 49953
2554 55073
2555 58144
2556 60192
2557 27488
2558 49953
2559 49952
2560 58152
2561 19201
2562 19233
2563 17185
2564 25352
2565 27393
2566 27520
2567 54017
2568 59233
2569 63264
2570 61216
2571 54049
2572 49960
2573 52000
2574 58144
2575 19232
2576 25345
2577 54048
2578 49953
2579 19233
2580 17185
2581 58152
2582 51968
2583 19232
2584 19233
2585 19233
2586 27392
2587 56097
2588 17160
2589 58144
2590 49952
2591 17185
2592 55096
2593 19208
2594 27425
2595 17184
2596 19232
2597 52001
2598 49952
2599 49952
2600 17152
2601 59176
2602 58152
2603 62240
2604 25377
2605 27489
2606 17185
2607 52001
2608 27393
2609 25377
2610 56097
2611 58208
2612 58144
2613 51969
2614 52008
2615 54056
2616 19240
2617 49953
2618 28448
2619 49953
2620 53792
2621 800
2622 54048
2623 49953
2624 52001
2625 49936
2626 54061
2627 19237
2628 56097
2629 56097
2630 49952
2631 53025
2632 62240
2633 52000
2634 49960
2635 17185
2636 53813
2637 54057
2638 60200
2639 53793
2640 54049
2641 58144
2642 58144
2643 49953
2644 54049
2645 54048
2646 65321
2647 54048
2648 49936
2649 58145
2650 58112
2651 19232
2652 49952
2653 54049
2654 54056
2655 17184
2656 19233
2657 49952
2658 59169
2659 19232
2660 27393
2661 49960
2662 49953
2663 19240
2664 58144
2665 19208
2666 60193
2667 27489
2668 27425
2669 54049
2670 57121
2671 54048
2672 54049
2673 54048
2674 59136
2675 49952
2676 49952
2677 27392
2678 51968
2679 54049
2680 27425
2681 19232
2682 54049
2683 49952
2684 54049
2685 54049
2686 58144
2687 49953
2688 49953
2689 49953
2690 49952
2691 49953
2692 55072
2693 49952
2694 54057
2695 18977
2696 19240
2697 60192
2698 58144
2699 58144
2700 49953
2701 49952
2702 49953
2703 55080
2704 27425
2705 27488
2706 49952
2707 54057
2708 54048
2709 19217
2710 49952
2711 25344
2712 27424
2713 25376
2714 49952
2715 52000
2716 17185
2717 52000
2718 17185
2719 63328
2720 54053
2721 49952
2722 21289
2723 49952
2724 58145
2725 27424
2726 27425
2727 54048
2728 54048
2729 25384
2730 54025
2731 49960
2732 54056
2733 54049
2734 58144
2735 52008
2736 27425
2737 56105
2738 25376
2739 25377
2740 54048
2741 55073
2742 49920
2743 49952
2744 59169
2745 49953
2746 26401
2747 58152
2748 49952
2749 49952
2750 52000
2751 25344
2752 17184
2753 58144
2754 54048
2755 49953
2756 54049
2757 54049
2758 49952
2759 49920
2760 27392
2761 27408
2762 51968
2763 54048
2764 27424
2765 25440
2766 54049
2767 60169
2768 54056
2769 25376
2770 62241
2771 54048
2772 58112
2773 18209
2774 49937
2775 50977
2776 21281
2777 19209
2778 49921
2779 54049
2780 27392
2781 49952
2782 49953
2783 49953
2784 62248
2785 54016
2786 58144
2787 49952
2788 54048
2789 19232
2790 27488
2791 17200
2792 49960
2793 54049
2794 49953
2795 60192
2796 54049
2797 49953
2798 49952
2799 59169
2800 54048
2801 54049
2802 58144
2803 60193
2804 54049
2805 17184
2806 54048
2807 62304
2808 19241
2809 51745
2810 54048
2811 58144
2812 49953
2813 54048
2814 19209
2815 54049
2816 49952
2817 27425
2818 65312
2819 19233
2820 19233
2821 63265
2822 17185
2823 54049
2824 27424
2825 63264
2826 54049
2827 65313
2828 54057
2829 27393
2830 54073
2831 49936
2832 52001
2833 54048
2834 54049
2835 54049
2836 27393
2837 49953
2838 54049
2839 54049
2840 58145
2841 54056
2842 49953
2843 60168
2844 51985
2845 49960
2846 58145
2847 51745
2848 28449
2849 55073
2850 54049
2851 52008
2852 58209
2853 19200
2854 49953
2855 25376
2856 49953
2857 17185
2858 64288
2859 58144
2860 19233
2861 27425
2862 56064
2863 25376
2864 58144
2865 54048
2866 58144
2867 49952
2868 25376
2869 59169
2870 58145
2871 58144
2872 58145
2873 60193
2874 49953
2875 58145
2876 58145
2877 25377
2878 52000
2879 54048
2880 49953
2881 58144
2882 54049
2883 53793
2884 49953
2885 25345
2886 58145
2887 58145
2888 49953
2889 49952
2890 54048
2891 54049
2892 58145
2893 49953
2894 19209
2895 54049
2896 49953
2897 49953
2898 25376
2899 52000
2900 51968
2901 54048
2902 54049
2903 54048
2904 54017
2905 2857
2906 62240
2907 58152
2908 54057
2909 49952
2910 54048
2911 54049
2912 49953
2913 54049
2914 49952
2915 54049
2916 25385
2917 49953
2918 54049
2919 54048
2920 49952
2921 49952
2922 26401
2923 49952
2924 49952
2925 54049
2926 54065
2927 54049
2928 58145
2929 54049
2930 27424
2931 52001
2932 56096
2933 58145
2934 58144
2935 58113
2936 56096
2937 49953
2938 19232
2939 52064
2940 50984
2941 27425
2942 19232
2943 54049
2944 26401
2945 63329
2946 49960
2947 54049
2948 49960
2949 49952
2950 62249
2951 54048
2952 49952
2953 52001
2954 25384
2955 60192
2956 49952
2957 27496
2958 50024
2959 58145
2960 58145
2961 58144
2962 58152
2963 49953
2964 54049
2965 58144
2966 58144
2967 58145
2968 49952
2969 17168
2970 27424
2971 54033
2972 49952
2973 19241
2974 54065
2975 52008
2976 53793
2977 27400
2978 27392
2979 49952
2980 62241
2981 53793
2982 19232
2983 53793
2984 54056
2985 51968
2986 65321
2987 25448
2988 49697
2989 54049
2990 27520
2991 60193
2992 58144
2993 49953
2994 55081
2995 52001
2996 27425
2997 64289
2998 56104
2999 27425
3000 50977
3001 52001
3002 17152
3003 49936
3004 60160
3005 55073
3006 59168
3007 20257
3008 52000
3009 49952
3010 49920
3011 49952
3012 49952
3013 49952
3014 19233
3015 25376
3016 27424
3017 49920
3018 51968
3019 27425
3020 17192
3021 25377
3022 27425
3023 49960
3024 49952
3025 49960
3026 58120
3027 65321
3028 25377
3029 58145
3030 54048
3031 49952
3032 49953
3033 52001
3034 58144
3035 50976
3036 58144
3037 58144
3038 49952
3039 54057
3040 17184
3041 54049
3042 54049
3043 54072
3044 59233
3045 27425
3046 56096
3047 54817
3048 62241
3049 27425
3050 52001
3051 51969
3052 19232
3053 17185
3054 53793
3055 11041
3056 19241
3057 54048
3058 54048
3059 27489
3060 49944
3061 25345
3062 6945
3063 54048
3064 25344
3065 19200
3066 59168
3067 49953
3068 58145
3069 65313
3070 60201
3071 49921
3072 49952
3073 19217
3074 58144
3075 62241
3076 54032
3077 58145
3078 49953
3079 49952
3080 52001
3081 17152
3082 59169
3083 27464
3084 58144
3085 53025
3086 49952
3087 58144
3088 27425
3089 54048
3090 58145
3091 28456
3092 49960
3093 18209
3094 53793
3095 54056
3096 58145
3097 49952
3098 52000
3099 49960
3100 54056
3101 17185
3102 27488
3103 27433
3104 49953
3105 52000
3106 19225
3107 53797
3108 49953
3109 54048
3110 49953
3111 19201
3112 54056
3113 49952
3114 49952
3115 27425
3116 49968
3117 54048
3118 54048
3119 60201
3120 54048
3121 49952
3122 58144
3123 54056
3124 54048
3125 17185
3126 58144
3127 28449
3128 58144
3129 58112
3130 59168
3131 25504
3132 27489
3133 52000
3134 59169
3135 52001
3136 63265
3137 49953
3138 54048
3139 49953
3140 58120
3141 58144
3142 49952
3143 19241
3144 49953
3145 49953
3146 58145
3147 49953
3148 49952
3149 49952
3150 60192
3151 17185
3152 49961
3153 58145
3154 49952
3155 49953
3156 49952
3157 27400
3158 54056
3159 19233
3160 54049
3161 49952
3162 54064
3163 62240
3164 58112
3165 49921
3166 54056
3167 54049
3168 25377
3169 61185
3170 58144
3171 17185
3172 62240
3173 17161
3174 27400
3175 54073
3176 25344
3177 25377
3178 25344
3179 55081
3180 54048
3181 59232
3182 58112
3183 60192
3184 60265
3185 54048
3186 49953
3187 25376
3188 58144
3189 19232
3190 54048
3191 53809
3192 58208
3193 52009
3194 49953
3195 49953
3196 58144
3197 54049
3198 62240
3199 60160
3200 52008
3201 49953
3202 62240
3203 25344
3204 53033
3205 19201
3206 50984
3207 49697
3208 62249
3209 19232
3210 50977
3211 49936
3212 59136
3213 54048
3214 17185
3215 53793
3216 53793
3217 54064
3218 52008
3219 58144
3220 60161
3221 51968
3222 58145
3223 49952
3224 25376
3225 62241
3226 63273
3227 56096
3228 49937
3229 28457
3230 49936
3231 49920
3232 27424
3233 17185
3234 54056
3235 27425
3236 17185
3237 58145
3238 19233
3239 54048
3240 49936
3241 19232
3242 19232
3243 21281
3244 50977
3245 49960
3246 49921
3247 25376
3248 51968
3249 49920
3250 55072
3251 58144
3252 52000
3253 49952
3254 49952
3255 59169
3256 54056
3257 53809
3258 62240
3259 62241
3260 49961
3261 54049
3262 19232
3263 58128
3264 54048
3265 50976
3266 53809
3267 58208
3268 54072
3269 19240
3270 27425
3271 27425
3272 17161
3273 19233
3274 54048
3275 50977
3276 17192
3277 27408
3278 27425
3279 54048
3280 54049
3281 49953
3282 49920
3283 17152
3284 25376
3285 53793
3286 49952
3287 54049
3288 58145
3289 49952
3290 54056
3291 49953
3292 49953
3293 17161
3294 26401
3295 54049
3296 59169
3297 59232
3298 49953
3299 54817
3300 54040
3301 54065
3302 52000
3303 58208
3304 49960
3305 55073
3306 49952
3307 49952
3308 54049
3309 49952
3310 54049
3311 49953
3312 52001
3313 54056
3314 54017
3315 19200
3316 19201
3317 27425
3318 56096
3319 49953
3320 61216
3321 62241
3322 19232
3323 49960
3324 49952
3325 49952
3326 58144
3327 54064
3328 49968
3329 49952
3330 54048
3331 49952
3332 27400
3333 56097
3334 26401
3335 49952
3336 63264
3337 54048
3338 55072
3339 19232
3340 54048
3341 23329
3342 25344
3343 54048
3344 53797
3345 52000
3346 58113
3347 54017
3348 54049
3349 54049
3350 49952
3351 25345
3352 49952
3353 49952
3354 49928
3355 54048
3356 54049
3357 54048
3358 58112
3359 54048
3360 54049
3361 58145
3362 17185
3363 27425
3364 54048
3365 54049
3366 51745
3367 52001
3368 49952
3369 62248
3370 26464
3371 25377
3372 19232
3373 49953
3374 58144
3375 49953
3376 25384
3377 49976
3378 54048
3379 62241
3380 55073
3381 27425
3382 51976
3383 49952
3384 49952
3385 17185
3386 56096
3387 27424
3388 54048
3389 54049
3390 53793
3391 27393
3392 49953
3393 49968
3394 27432
3395 54048
3396 62312
3397 19216
3398 25449
3399 27401
3400 58144
3401 19208
3402 49953
3403 63264
3404 49953
3405 49952
3406 58144
3407 25440
3408 52001
3409 49953
3410 28449
3411 17153
3412 54048
3413 54048
3414 54056
3415 54064
3416 55073
3417 53793
3418 58120
3419 54057
3420 58144
3421 25377
3422 60192
3423 60193
3424 55073
3425 54049
3426 17185
3427 27496
3428 58144
3429 19233
3430 51968
3431 49952
3432 58145
3433 52000
3434 49944
3435 54112
3436 27496
3437 51968
3438 59169
3439 25376
3440 19233
3441 19233
3442 27425
3443 54072
3444 25345
3445 17185
3446 27424
3447 54049
3448 60193
3449 54065
3450 58145
3451 57120
3452 49921
3453 58209
3454 54048
3455 54048
3456 54049
3457 54056
3458 17185
3459 25376
3460 27392
3461 49953
3462 49952
3463 25377
3464 51969
3465 52000
3466 19201
3467 19232
3468 19208
3469 27424
3470 54049
3471 49952
3472 58113
3473 52008
3474 25376
3475 27424
3476 58145
3477 28448
3478 19241
3479 49952
3480 49953
3481 54056
3482 17184
3483 54056
3484 25377
3485 49952
3486 52008
3487 61216
3488 65313
3489 25344
3490 58144
3491 60193
3492 51968
3493 52000
3494 49952
3495 49968
3496 63264
3497 27425
3498 25377
3499 53813
3500 17184
3501 53797
3502 49953
3503 19233
3504 54048
3505 54048
3506 52000
3507 54056
3508 49953
3509 27488
3510 27424
3511 17184
3512 21281
3513 49952
3514 17184
3515 49953
3516 49952
3517 17192
3518 55073
3519 58144
3520 19232
3521 26401
3522 49953
3523 49953
3524 49953
3525 54049
3526 49953
3527 54049
3528 60193
3529 63264
3530 52001
3531 58145
3532 27425
3533 62241
3534 25345
3535 55073
3536 49681
3537 17153
3538 54057
3539 19200
3540 62240
3541 54048
3542 58112
3543 19232
3544 54048
3545 53024
3546 49952
3547 49937
3548 52000
3549 54048
3550 49952
3551 58208
3552 49952
3553 25441
3554 27425
3555 55080
3556 52008
3557 17192
3558 58144
3559 58112
3560 63264
3561 58145
3562 52000
3563 54049
3564 52001
3565 54049
3566 49953
3567 17185
3568 49952
3569 58128
3570 54056
3571 56105
3572 49952
3573 49952
3574 49953
3575 54024
3576 49953
3577 51968
3578 55096
3579 49936
3580 56105
3581 58144
3582 27424
3583 58136
3584 58144
3585 63264
3586 58144
3587 19232
3588 49952
3589 49952
3590 52001
3591 58145
3592 20257
3593 54048
3594 63265
3595 58113
3596 17184
3597 58144
3598 54041
3599 25376
3600 25381
3601 51969
3602 49952
3603 49953
3604 54049
3605 2849
3606 55073
3607 49953
3608 52001
3609 59169
3610 27424
3611 58144
3612 54048
3613 27425
3614 58144
3615 17176
3616 49929
3617 27424
3618 58144
3619 49960
3620 49953
3621 58112
3622 54064
3623 62241
3624 25376
3625 52000
3626 49960
3627 25345
3628 49952
3629 58208
3630 54064
3631 2849
3632 58144
3633 49953
3634 52001
3635 49968
3636 63264
3637 49961
3638 27425
3639 49952
3640 54049
3641 55073
3642 49953
3643 51984
3644 54817
3645 55080
3646 54064
3647 19233
3648 49961
3649 49960
3650 17176
3651 49952
3652 27433
3653 27432
3654 25385
3655 59169
3656 19233
3657 51969
3658 49920
3659 54049
3660 54056
3661 19233
3662 23329
3663 52001
3664 27489
3665 52008
3666 62240
3667 59232
3668 25344
3669 49952
3670 49953
3671 54049
3672 58145
3673 28448
3674 49937
3675 60193
3676 62240
3677 63265
3678 54048
3679 49960
3680 54049
3681 19232
3682 49953
3683 49976
3684 19208
3685 54048
3686 19240
3687 54056
3688 59176
3689 53033
3690 49960
3691 54048
3692 49952
3693 17200
3694 25376
3695 54048
3696 49952
3697 54049
3698 49961
3699 49960
3700 54048
3701 58112
3702 49953
3703 49960
3704 56105
3705 19232
3706 56096
3707 17184
3708 54057
3709 49920
3710 49952
3711 56097
3712 49960
3713 54049
3714 52000
3715 60161
3716 60161
3717 54048
3718 49960
3719 25376
3720 63264
3721 54048
3722 25376
3723 17185
3724 60224
3725 49952
3726 58145
3727 54049
3728 58144
3729 49953
3730 28456
3731 60192
3732 54049
3733 25376
3734 60192
3735 54049
3736 17153
3737 62248
3738 49952
3739 52000
3740 49952
3741 19240
3742 58152
3743 54112
3744 54049
3745 58145
3746 58144
3747 49952
3748 55080
3749 58145
3750 58176
3751 49953
3752 49952
3753 49953
3754 58152
3755 52009
3756 51744
3757 54049
3758 49960
3759 17153
3760 49952
3761 54048
3762 55080
3763 49952
3764 19233
3765 62241
3766 25377
3767 58121
3768 54048
3769 54049
3770 49952
3771 25377
3772 49952
3773 52000
3774 54065
3775 54049
3776 58145
3777 19209
3778 51968
3779 19201
3780 58113
3781 54049
3782 27392
3783 19232
3784 19208
3785 63264
3786 50016
3787 19201
3788 49952
3789 49952
3790 60192
3791 60200
3792 49952
3793 58144
3794 27425
3795 25377
3796 28449
3797 17184
3798 52001
3799 62241
3800 58144
3801 63265
3802 49952
3803 19233
3804 49953
3805 58145
3806 49953
3807 58208
3808 21281
3809 52000
3810 25384
3811 49944
3812 52000
3813 54065
3814 56096
3815 27393
3816 50977
3817 27432
3818 49952
3819 54053
3820 54064
3821 49953
3822 58144
3823 58145
3824 54049
3825 26408
3826 54048
3827 6945
3828 27497
3829 58144
3830 58144
3831 58144
3832 25376
3833 49953
3834 51993
3835 19200
3836 49920
3837 27425
3838 51984
3839 49953
3840 58144
3841 52016
3842 49953
3843 55081
3844 27432
3845 51984
3846 27393
3847 55073
3848 54049
3849 18209
3850 27424
3851 27424
3852 59169
3853 54048
3854 49953
3855 27425
3856 58145
3857 49960
3858 27424
3859 17185
3860 56097
3861 58144
3862 19209
3863 52000
3864 55073
3865 17185
3866 27425
3867 56097
3868 55072
3869 19217
3870 49920
3871 54049
3872 63265
3873 25352
3874 49953
3875 54072
3876 58113
3877 49953
3878 27424
3879 27425
3880 49921
3881 58120
3882 49952
3883 63273
3884 55072
3885 49681
3886 54048
3887 49953
3888 58152
3889 57120
3890 56105
3891 58152
3892 60193
3893 49953
3894 27393
3895 58145
3896 54049
3897 25385
3898 25377
3899 60160
3900 58112
3901 49952
3902 49937
3903 59169
3904 58144
3905 54049
3906 27424
3907 54048
3908 17184
3909 54049
3910 54049
3911 52024
3912 11041
3913 55088
3914 54049
3915 25377
3916 54817
3917 18945
3918 60193
3919 19208
3920 49960
3921 54049
3922 19232
3923 64289
3924 50976
3925 60193
3926 19201
3927 49952
3928 26401
3929 25377
3930 54049
3931 17248
3932 49953
3933 49952
3934 54049
3935 63264
3936 54049
3937 58144
3938 52001
3939 58145
3940 27425
3941 59233
3942 49952
3943 19233
3944 54048
3945 54048
3946 54049
3947 27497
3948 19201
3949 54049
3950 60192
3951 58144
3952 49960
3953 54048
3954 49953
3955 61216
3956 49936
3957 52000
3958 54072
3959 54049
3960 17185
3961 58144
3962 49681
3963 54048
3964 27425
3965 56096
3966 49952
3967 49953
3968 62241
3969 60257
3970 63265
3971 54049
3972 17152
3973 58112
3974 49952
3975 54048
3976 63265
3977 25377
3978 17185
3979 62240
3980 25377
3981 51968
3982 27456
3983 49945
3984 49960
3985 60193
3986 17208
3987 17189
3988 49952
3989 19200
3990 49920
3991 28448
3992 58153
3993 51968
3994 51969
3995 59169
3996 17184
3997 58144
3998 54056
3999 52001
4000 49953
4001 27392
4002 19232
4003 27425
4004 52000
4005 49937
4006 25376
4007 55073
4008 54048
4009 51984
4010 53809
4011 27496
4012 61217
4013 25377
4014 49952
4015 27489
4016 54057
4017 49697
4018 60160
4019 60193
4020 52000
4021 62240
4022 52001
4023 19233
4024 54057
4025 25352
4026 54048
4027 58112
4028 27520
4029 55072
4030 52008
4031 59168
4032 49952
4033 52000
4034 49968
4035 58112
4036 54048
4037 25376
4038 54049
4039 52000
4040 25377
4041 56065
4042 54057
4043 50976
4044 17160
4045 25440
4046 59177
4047 20257
4048 27432
4049 27489
4050 19216
4051 17169
4052 54049
4053 27400
4054 27424
4055 52009
4056 55080
4057 49953
4058 25352
4059 54064
4060 49952
4061 25344
4062 49952
4063 60160
4064 54056
4065 56097
4066 17184
4067 49952
4068 51977
4069 26401
4070 25376
4071 49952
4072 27424
4073 19224
4074 62240
4075 58145
4076 49953
4077 17184
4078 54056
4079 58144
4080 60169
4081 49952
4082 58145
4083 17185
4084 27433
4085 58144
4086 54049
4087 58128
4088 58145
4089 58144
4090 54049
4091 25344
4092 54049
4093 52008
4094 27392
4095 49953
4096 49960
4097 49961
4098 27425
4099 52016
4100 49944
4101 49953
4102 54049
4103 19232
4104 54048
4105 25381
4106 19232
4107 49952
4108 60200
4109 27425
4110 49961
4111 49952
4112 58144
4113 49952
4114 52000
4115 49952
4116 49952
4117 49953
4118 17184
4119 25384
4120 58144
4121 51745
4122 27433
4123 25376
4124 52000
4125 58176
4126 52000
4127 54049
4128 27393
4129 58145
4130 17168
4131 25376
4132 55073
4133 54049
4134 54049
4135 49953
4136 58120
4137 49952
4138 54048
4139 58144
4140 54048
4141 54049
4142 52000
4143 27424
4144 54049
4145 60200
4146 53024
4147 19233
4148 49961
4149 58112
4150 17169
4151 49961
4152 54048
4153 62240
4154 54056
4155 17184
4156 55080
4157 54048
4158 55080
4159 54056
4160 49953
4161 19233
4162 26401
4163 62241
4164 58144
4165 63265
4166 54048
4167 19216
4168 49953
4169 52001
4170 49952
4171 49952
4172 58152
4173 25344
4174 54049
4175 49697
4176 27392
4177 58208
4178 58144
4179 49953
4180 19241
4181 56097
4182 49952
4183 62240
4184 52000
4185 26401
4186 27433
4187 26401
4188 17185
4189 58216
4190 19232
4191 27392
4192 49952
4193 58120
4194 27408
4195 52000
4196 27425
4197 54056
4198 49952
4199 49953
4200 17152
4201 51984
4202 54065
4203 54049
4204 60265
4205 25376
4206 49952
4207 27425
4208 58145
4209 58112
4210 27392
4211 62240
4212 49929
4213 58121
4214 58144
4215 49952
4216 58120
4217 49953
4218 58145
4219 27424
4220 49952
4221 25376
4222 19233
4223 61216
4224 58145
4225 27432
4226 54049
4227 19233
4228 19233
4229 19232
4230 51968
4231 50945
4232 49960
4233 58145
4234 58208
4235 49952
4236 27424
4237 58144
4238 25376
4239 64288
4240 49928
4241 49960
4242 54048
4243 19232
4244 49952
4245 53793
4246 17153
4247 17176
4248 54049
4249 17184
4250 49952
4251 55073
4252 52001
4253 54056
4254 49952
4255 53032
4256 58112
4257 27496
4258 28513
4259 54049
4260 52009
4261 54049
4262 49952
4263 28449
4264 52000
4265 54065
4266 17185
4267 51984
4268 23336
4269 60160
4270 54049
4271 27393
4272 49952
4273 58152
4274 62209
4275 49952
4276 52009
4277 26401
4278 54049
4279 52000
4280 27392
4281 25376
4282 58144
4283 49953
4284 49953
4285 56073
4286 50977
4287 25381
4288 58208
4289 52024
4290 18217
4291 17184
4292 54049
4293 19201
4294 60192
4295 2848
4296 49952
4297 49952
4298 56096
4299 49944
4300 49960
4301 52000
4302 49953
4303 58144
4304 55073
4305 49952
4306 17153
4307 49952
4308 54017
4309 57129
4310 49953
4311 49953
4312 53813
4313 19200
4314 58208
4315 61216
4316 54049
4317 54049
4318 54057
4319 54056
4320 53797
4321 27393
4322 54048
4323 19216
4324 29472
4325 63265
4326 19201
4327 60192
4328 49920
4329 54048
4330 58144
4331 54064
4332 49953
4333 19233
4334 58144
4335 54049
4336 25377
4337 25504
4338 49953
4339 19208
4340 49952
4341 25376
4342 59168
4343 52000
4344 58113
4345 17153
4346 49953
4347 49953
4348 60192
4349 52000
4350 54048
4351 54048
4352 49952
4353 54049
4354 55073
4355 58128
4356 49952
4357 26401
4358 27425
4359 49952
4360 58152
4361 25376
4362 58144
4363 25376
4364 17185
4365 25384
4366 54049
4367 54056
4368 20264
4369 54049
4370 54048
4371 27432
4372 27456
4373 19200
4374 54048
4375 55073
4376 49953
4377 54048
4378 58144
4379 62240
4380 54049
4381 25377
4382 58145
4383 60192
4384 56088
4385 25376
4386 27424
4387 27393
4388 58144
4389 59232
4390 54048
4391 65313
4392 60168
4393 49953
4394 49952
4395 49953
4396 52001
4397 19225
4398 52001
4399 49953
4400 54049
4401 49920
4402 58152
4403 56064
4404 49952
4405 19200
4406 54064
4407 63265
4408 58144
4409 27496
4410 17185
4411 27425
4412 52000
4413 54048
4414 52009
4415 19232
4416 49952
4417 58112
4418 25377
4419 17153
4420 49944
4421 49952
4422 58144
4423 51969
4424 49952
4425 54057
4426 52000
4427 60160
4428 27425
4429 63265
4430 54048
4431 19233
4432 60265
4433 27425
4434 49953
4435 52000
4436 58152
4437 17185
4438 54049
4439 49952
4440 54048
4441 17185
4442 19201
4443 49953
4444 49936
4445 17184
4446 49952
4447 58144
4448 54049
4449 49968
4450 25377
4451 27425
4452 27488
4453 55081
4454 49920
4455 19201
4456 54048
4457 49952
4458 17185
4459 49952
4460 49697
4461 49952
4462 62248
4463 49928
4464 49952
4465 52008
4466 25376
4467 56064
4468 49953
4469 52001
4470 49960
4471 49960
4472 19233
4473 25440
4474 59176
4475 49952
4476 25376
4477 17185
4478 27425
4479 26401
4480 55073
4481 54056
4482 25376
4483 55081
4484 27401
4485 19232
4486 60193
4487 58145
4488 49953
4489 49952
4490 54049
4491 25376
4492 52001
4493 58144
4494 49952
4495 17153
4496 54056
4497 54049
4498 58153
4499 49920
4500 27424
4501 62240
4502 55073
4503 25376
4504 58144
4505 27392
4506 17185
4507 49937
4508 26400
4509 19232
4510 54049
4511 53032
4512 58153
4513 49953
4514 58120
4515 49960
4516 62241
4517 54017
4518 19241
4519 59168
4520 58145
4521 49936
4522 54048
4523 49952
4524 49920
4525 49952
4526 19233
4527 52001
4528 58144
4529 26400
4530 17185
4531 17185
4532 54048
4533 54048
4534 27520
4535 54049
4536 54049
4537 58209
4538 23329
4539 25376
4540 54049
4541 49953
4542 54049
4543 25376
4544 49952
4545 17185
4546 50976
4547 64289
4548 54049
4549 49952
4550 49920
4551 25377
4552 56097
4553 55072
4554 19232
4555 19233
4556 58144
4557 27425
4558 49697
4559 49921
4560 52000
4561 23336
4562 49952
4563 49952
4564 49952
4565 55072
4566 18216
4567 19233
4568 60193
4569 58145
4570 25377
4571 52001
4572 65313
4573 62240
4574 58113
4575 19233
4576 58112
4577 17153
4578 58112
4579 54057
4580 58145
4581 54056
4582 25376
4583 49953
4584 25377
4585 54049
4586 27425
4587 19233
4588 58121
4589 17153
4590 54048
4591 58113
4592 49952
4593 25440
4594 58145
4595 53792
4596 56097
4597 54048
4598 57121
4599 60161
4600 21288
4601 25376
4602 49697
4603 49952
4604 59169
4605 52001
4606 52000
4607 54056
4608 19216
4609 19200
4610 25376
4611 55080
4612 19209
4613 58144
4614 19201
4615 49960
4616 49953
4617 58152
4618 58145
4619 54057
4620 25376
4621 52001
4622 19201
4623 56097
4624 27393
4625 55073
4626 58145
4627 27424
4628 49953
4629 58145
4630 19208
4631 59169
4632 17185
4633 63328
4634 19232
4635 58144
4636 51745
4637 49952
4638 49960
4639 56097
4640 57129
4641 17184
4642 54049
4643 58152
4644 49952
4645 60193
4646 25376
4647 58144
4648 60201
4649 49697
4650 54048
4651 23337
4652 49952
4653 25377
4654 49953
4655 54048
4656 19233
4657 17184
4658 49953
4659 17185
4660 37664
4661 51969
4662 49952
4663 49953
4664 19224
4665 25376
4666 52008
4667 49953
4668 49953
4669 50945
4670 49952
4671 54048
4672 59177
4673 58145
4674 54049
4675 19233
4676 52000
4677 49968
4678 25385
4679 54048
4680 49960
4681 27392
4682 27456
4683 49681
4684 19233
4685 19233
4686 27393
4687 27424
4688 25440
4689 19233
4690 17193
4691 54049
4692 54048
4693 62240
4694 54056
4695 56097
4696 52000
4697 49952
4698 49952
4699 55080
4700 58144
4701 54049
4702 54049
4703 2849
4704 49953
4705 54048
4706 58144
4707 54048
4708 62241
4709 54056
4710 58145
4711 54049
4712 17200
4713 19233
4714 26401
4715 54049
4716 19240
4717 25377
4718 49952
4719 60192
4720 58145
4721 52000
4722 17160
4723 19232
4724 25377
4725 55081
4726 63265
4727 17152
4728 27425
4729 49936
4730 27424
4731 19237
4732 58144
4733 58152
4734 54065
4735 49944
4736 52001
4737 27489
4738 53809
4739 56096
4740 62241
4741 19200
4742 59176
4743 49952
4744 49953
4745 60193
4746 49952
4747 2849
4748 59176
4749 62240
4750 19233
4751 27424
4752 54049
4753 27433
4754 19232
4755 19200
4756 54048
4757 58144
4758 17185
4759 17152
4760 26401
4761 19233
4762 50977
4763 27401
4764 49952
4765 54049
4766 27425
4767 53809
4768 19232
4769 60161
4770 25376
4771 18977
4772 55073
4773 54049
4774 49937
4775 25377
4776 62312
4777 58144
4778 55840
4779 23328
4780 19240
4781 62240
4782 27424
4783 49920
4784 49953
4785 55088
4786 54048
4787 17184
4788 49952
4789 25376
4790 49952
4791 49952
4792 49952
4793 49953
4794 58208
4795 27424
4796 19208
4797 51969
4798 54064
4799 49952
4800 60160
4801 52008
4802 25385
4803 49929
4804 49937
4805 27433
4806 58144
4807 54049
4808 49961
4809 54049
4810 49952
4811 28449
4812 49952
4813 54049
4814 59169
4815 27488
4816 49952
4817 54017
4818 28417
4819 2849
4820 55072
4821 49952
4822 49952
4823 57129
4824 49952
4825 17185
4826 28449
4827 54048
4828 11041
4829 49953
4830 54048
4831 49960
4832 58208
4833 59169
4834 58145
4835 49960
4836 49953
4837 17185
4838 49968
4839 27393
4840 49953
4841 62241
4842 20257
4843 54048
4844 58144
4845 52001
4846 49953
4847 54048
4848 49952
4849 49952
4850 52001
4851 49953
4852 54049
4853 58145
4854 49952
4855 49953
4856 49952
4857 23328
4858 54049
4859 19232
4860 49944
4861 28417
4862 56105
4863 49953
4864 60168
4865 27520
4866 58144
4867 54049
4868 54065
4869 56096
4870 25376
4871 19233
4872 57128
4873 62241
4874 49952
4875 27424
4876 19241
4877 27425
4878 54016
4879 60161
4880 27424
4881 58145
4882 49960
4883 54049
4884 59169
4885 59137
4886 58144
4887 25377
4888 49952
4889 58112
4890 49952
4891 25376
4892 49936
4893 25377
4894 27425
4895 49953
4896 25376
4897 54048
4898 50976
4899 58113
4900 54048
4901 61217
4902 27392
4903 55073
4904 49961
4905 17184
4906 58113
4907 27424
4908 58152
4909 52000
4910 19224
4911 17185
4912 54033
4913 52000
4914 25376
4915 54057
4916 25440
4917 52000
4918 58208
4919 27392
4920 27393
4921 49953
4922 49952
4923 54049
4924 58152
4925 27393
4926 59168
4927 54048
4928 49953
4929 50976
4930 19233
4931 49953
4932 58145
4933 59169
4934 25352
4935 19232
4936 58145
4937 49952
4938 54049
4939 19201
4940 58144
4941 19233
4942 53792
4943 58153
4944 62241
4945 54057
4946 58153
4947 53033
4948 55073
4949 58144
4950 49681
4951 55073
4952 49952
4953 17185
4954 58144
4955 52008
4956 49952
4957 25440
4958 58152
4959 19208
4960 49968
4961 52001
4962 17184
4963 19232
4964 27425
4965 17160
4966 49953
4967 49953
4968 49952
4969 27424
4970 54049
4971 49953
4972 54048
4973 58144
4974 60193
4975 58112
4976 49952
4977 54049
4978 54049
4979 19217
4980 18945
4981 49968
4982 49952
4983 54064
4984 49953
4985 49952
4986 17185
4987 25376
4988 49953
4989 17168
4990 51968
4991 53793
4992 54048
4993 49953
4994 27393
4995 56097
4996 58113
4997 52000
4998 19232
4999 54048
5000 60193
5001 19233
5002 49953
5003 52008
5004 49953
5005 49952
5006 49960
5007 54048
5008 62304
5009 54048
5010 63265
5011 49953
5012 19232
5013 49952
5014 49952
5015 49960
5016 54049
5017 21281
5018 49952
5019 25377
5020 60257
5021 54065
5022 53024
5023 27520
5024 19233
5025 58145
5026 21288
5027 17185
5028 49952
5029 54049
5030 49952
5031 51744
5032 60160
5033 58144
5034 59169
5035 49952
5036 53025
5037 49952
5038 25376
5039 63265
5040 27425
5041 60160
5042 49953
5043 54061
5044 49952
5045 49953
5046 49681
5047 49920
5048 27392
5049 52000
5050 59136
5051 58153
5052 27393
5053 17184
5054 58112
5055 27425
5056 55073
5057 19201
5058 54056
5059 49953
5060 52000
5061 62240
5062 27393
5063 17192
5064 27425
5065 53025
5066 58145
5067 54064
5068 49952
5069 17192
5070 25377
5071 26408
5072 52001
5073 54032
5074 49952
5075 58145
5076 17193
5077 58144
5078 27425
5079 49961
5080 49976
5081 17160
5082 25377
5083 55073
5084 49937
5085 25377
5086 54065
5087 19232
5088 26401
5089 60192
5090 17184
5091 17184
5092 54057
5093 19201
5094 59169
5095 58153
5096 27425
5097 27424
5098 49952
5099 26465
5100 49952
5101 27425
5102 60192
5103 27488
5104 49952
5105 49969
5106 27424
5107 54056
5108 49952
5109 54049
5110 58144
5111 62241
5112 49952
5113 49952
5114 49952
5115 49944
5116 19216
5117 49960
5118 49960
5119 26401
5120 19232
5121 19200
5122 54057
5123 25384
5124 27489
5125 58144
5126 57120
5127 27424
5128 52001
5129 49928
5130 54056
5131 49953
5132 58145
5133 58145
5134 49937
5135 49952
5136 58145
5137 54049
5138 19216
5139 26465
5140 27425
5141 63328
5142 27489
5143 17185
5144 54072
5145 17184
5146 55073
5147 49953
5148 49952
5149 49952
5150 63265
5151 49953
5152 49953
5153 54049
5154 49952
5155 25377
5156 58145
5157 54049
5158 49681
5159 54049
5160 49953
5161 54048
5162 25377
5163 58144
5164 27393
5165 58112
5166 62241
5167 54048
5168 52000
5169 49953
5170 53793
5171 27489
5172 20257
5173 54048
5174 27392
5175 51976
5176 50976
5177 49952
5178 63265
5179 49952
5180 27393
5181 49953
5182 62241
5183 27400
5184 27393
5185 52000
5186 25377
5187 49960
5188 49953
5189 25377
5190 19201
5191 27393
5192 27424
5193 28449
5194 23336
5195 17192
5196 58144
5197 49953
5198 25344
5199 54049
5200 25377
5201 49953
5202 27489
5203 58145
5204 54049
5205 26464
5206 49952
5207 49920
5208 49961
5209 52000
5210 54048
5211 27424
5212 25384
5213 60200
5214 50945
5215 55073
5216 25376
5217 19241
5218 49952
5219 58153
5220 49960
5221 53793
5222 54053
5223 25376
5224 51969
5225 54048
5226 27393
5227 54048
5228 25376
5229 49952
5230 49953
5231 19233
5232 58153
5233 49952
5234 58145
5235 58144
5236 19224
5237 27392
5238 27488
5239 19200
5240 54048
5241 62241
5242 17184
5243 27393
5244 27497
5245 58144
5246 54049
5247 49953
5248 49952
5249 55073
5250 19233
5251 55072
5252 27424
5253 60192
5254 19233
5255 52000
5256 60193
5257 52008
5258 17185
5259 54057
5260 19240
5261 54048
5262 17152
5263 27425
5264 49952
5265 23329
5266 17184
5267 28449
5268 19233
5269 54017
5270 20264
5271 26401
5272 27393
5273 54048
5274 27424
5275 49953
5276 49920
5277 54049
5278 49961
5279 19232
5280 28449
5281 49960
5282 58145
5283 27425
5284 49953
5285 49952
5286 49952
5287 49952
5288 25377
5289 54041
5290 17185
5291 49953
5292 58144
5293 49921
5294 27424
5295 25377
5296 19240
5297 49960
5298 27392
5299 17184
5300 56096
5301 49952
5302 23337
5303 26401
5304 60160
5305 20257
5306 58144
5307 52000
5308 58112
5309 26464
5310 19200
5311 49969
5312 54056
5313 54048
5314 49936
5315 19241
5316 54056
5317 58144
5318 49952
5319 58152
5320 54120
5321 17185
5322 37664
5323 62240
5324 27424
5325 49960
5326 62241
5327 49953
5328 54064
5329 52000
5330 53025
5331 59168
5332 19233
5333 49953
5334 18209
5335 59169
5336 49976
5337 54056
5338 49952
5339 49961
5340 54048
5341 62240
5342 58113
5343 49952
5344 17185
5345 52008
5346 62240
5347 52001
5348 54049
5349 49953
5350 49952
5351 28449
5352 27392
5353 49953
5354 49952
5355 19233
5356 58144
5357 26401
5358 52008
5359 54048
5360 58145
5361 60160
5362 63329
5363 49953
5364 58145
5365 54049
5366 49952
5367 49960
5368 55073
5369 60161
5370 27424
5371 54048
5372 50977
5373 19240
5374 58145
5375 52008
5376 58145
5377 54048
5378 19209
5379 52000
5380 49953
5381 54049
5382 54056
5383 52001
5384 19232
5385 27425
5386 54053
5387 52001
5388 17184
5389 54057
5390 25377
5391 25377
5392 49953
5393 58145
5394 27424
5395 49952
5396 58145
5397 19232
5398 51984
5399 52001
5400 52000
5401 60201
5402 19208
5403 27425
5404 54057
5405 19201
5406 56072
5407 19200
5408 51745
5409 27393
5410 54057
5411 63265
5412 57121
5413 25376
5414 28448
5415 58145
5416 52008
5417 56104
5418 54049
5419 60192
5420 58144
5421 54048
5422 19208
5423 62241
5424 54048
5425 52008
5426 27425
5427 58144
5428 19232
5429 27424
5430 52001
5431 49952
5432 56097
5433 54048
5434 27424
5435 53808
5436 54049
5437 27456
5438 49960
5439 54049
5440 60161
5441 19201
5442 61216
5443 17192
5444 58112
5445 25384
5446 25376
5447 28449
5448 49960
5449 58145
5450 63273
5451 54049
5452 54056
5453 56105
5454 27424
5455 52000
5456 54053
5457 54049
5458 49952
5459 60192
5460 58208
5461 26401
5462 27424
5463 49968
5464 56097
5465 54049
5466 54049
5467 49952
5468 49952
5469 49960
5470 52000
5471 17153
5472 58144
5473 49953
5474 54057
5475 59169
5476 63264
5477 19232
5478 63272
5479 55073
5480 59169
5481 49952
5482 58144
5483 25377
5484 54049
5485 49952
5486 25384
5487 62241
5488 58144
5489 17192
5490 49952
5491 27424
5492 54049
5493 55073
5494 53793
5495 54056
5496 19232
5497 54048
5498 49953
5499 49952
5500 49952
5501 49953
5502 49952
5503 58144
5504 49953
5505 49952
5506 27392
5507 53793
5508 54049
5509 27433
5510 54048
5511 49952
5512 54049
5513 49952
5514 27392
5515 25448
5516 55081
5517 58120
5518 51993
5519 58113
5520 800
5521 53025
5522 28513
5523 49953
5524 58144
5525 54049
5526 55073
5527 28449
5528 54049
5529 25376
5530 49953
5531 17168
5532 58144
5533 58152
5534 62240
5535 54065
5536 25376
5537 19232
5538 27425
5539 54048
5540 54049
5541 60192
5542 54072
5543 56105
5544 19201
5545 49953
5546 54057
5547 50945
5548 54048
5549 58145
5550 19208
5551 56064
5552 49961
5553 17184
5554 49953
5555 52001
5556 54049
5557 54048
5558 27425
5559 54048
5560 60192
5561 49953
5562 18977
5563 49920
5564 49952
5565 54049
5566 57128
5567 58145
5568 54049
5569 54049
5570 49968
5571 27424
5572 25440
5573 19209
5574 17153
5575 49960
5576 54049
5577 56097
5578 60161
5579 49960
5580 54064
5581 17184
5582 27425
5583 63264
5584 49953
5585 17185
5586 49953
5587 53792
5588 54049
5589 49928
5590 49920
5591 54064
5592 19248
5593 19233
5594 19232
5595 54049
5596 49952
5597 51968
5598 37664
5599 49969
5600 54048
5601 54049
5602 60192
5603 55073
5604 62249
5605 58144
5606 62249
5607 58120
5608 54049
5609 49953
5610 54016
5611 49952
5612 54048
5613 26401
5614 62241
5615 25376
5616 25377
5617 52001
5618 54049
5619 49953
5620 53025
5621 52001
5622 49952
5623 53797
5624 54049
5625 52001
5626 49953
5627 49952
5628 21281
5629 58112
5630 49937
5631 60161
5632 54056
5633 49952
5634 49952
5635 49921
5636 17153
5637 27425
5638 49952
5639 56097
5640 58145
5641 27424
5642 65313
5643 25504
5644 25440
5645 62249
5646 54017
5647 27425
5648 25384
5649 51968
5650 58153
5651 58145
5652 54049
5653 54072
5654 17248
5655 58145
5656 49921
5657 17192
5658 65313
5659 58145
5660 58145
5661 27489
5662 49952
5663 50984
5664 52001
5665 49952
5666 25376
5667 58145
5668 27424
5669 58144
5670 49960
5671 25377
5672 49952
5673 18977
5674 54049
5675 25345
5676 54049
5677 25448
5678 27393
5679 52000
5680 49952
5681 54048
5682 27424
5683 19232
5684 55096
5685 49952
5686 27425
5687 61224
5688 54049
5689 19233
5690 49952
5691 27392
5692 49960
5693 54048
5694 58145
5695 27425
5696 58144
5697 54049
5698 49952
5699 25376
5700 62209
5701 19232
5702 52001
5703 27424
5704 25441
5705 49953
5706 17192
5707 55088
5708 49953
5709 49937
5710 54049
5711 19232
5712 27425
5713 54040
5714 49952
5715 49953
5716 58144
5717 18977
5718 58144
5719 49953
5720 58113
5721 27424
5722 60192
5723 63265
5724 54048
5725 58144
5726 54048
5727 58152
5728 51968
5729 49952
5730 55072
5731 51976
5732 20225
5733 49953
5734 49953
5735 49952
5736 54049
5737 58128
5738 25504
5739 54049
5740 49952
5741 62241
5742 58145
5743 58144
5744 17152
5745 49944
5746 52009
5747 19232
5748 17184
5749 19224
5750 49960
5751 27392
5752 52000
5753 58144
5754 27424
5755 55072
5756 27496
5757 52000
5758 25376
5759 49921
5760 49929
5761 55841
5762 49952
5763 25376
5764 54049
5765 23329
5766 49960
5767 17160
5768 59169
5769 19201
5770 53808
5771 58153
5772 27393
5773 58144
5774 19233
5775 27425
5776 61217
5777 27433
5778 56105
5779 55081
5780 49944
5781 27424
5782 50945
5783 58144
5784 49960
5785 27424
5786 19201
5787 55073
5788 63328
5789 27489
5790 60192
5791 52000
5792 49920
5793 49953
5794 54016
5795 19208
5796 49953
5797 49952
5798 59169
5799 55073
5800 49952
5801 53809
5802 54049
5803 27392
5804 27489
5805 27425
5806 19233
5807 54049
5808 54048
5809 54033
5810 54048
5811 27424
5812 58113
5813 17168
5814 19232
5815 27425
5816 25448
5817 58144
5818 27425
5819 56097
5820 17184
5821 56096
5822 60193
5823 49953
5824 49952
5825 17193
5826 49960
5827 49952
5828 58144
5829 17185
5830 17185
5831 58144
5832 54048
5833 62241
5834 49928
5835 29472
5836 58152
5837 49953
5838 54049
5839 58113
5840 52008
5841 49952
5842 54048
5843 55073
5844 62240
5845 25344
5846 25384
5847 21281
5848 49936
5849 49953
5850 55073
5851 49953
5852 49953
5853 52000
5854 49697
5855 58153
5856 60161
5857 49952
5858 49977
5859 27424
5860 19224
5861 19240
5862 54048
5863 58112
5864 19233
5865 26401
5866 25345
5867 58144
5868 25376
5869 49952
5870 27400
5871 49953
5872 58144
5873 58153
5874 27424
5875 54049
5876 27424
5877 27424
5878 60160
5879 17152
5880 54049
5881 53793
5882 25376
5883 27424
5884 17192
5885 27424
5886 49952
5887 52000
5888 19233
5889 60192
5890 26401
5891 58145
5892 63265
5893 49953
5894 19208
5895 18208
5896 25344
5897 25376
5898 54048
5899 54049
5900 19232
5901 54049
5902 27489
5903 54049
5904 19233
5905 49953
5906 25344
5907 49953
5908 27425
5909 49952
5910 19232
5911 54048
5912 49952
5913 25344
5914 54056
5915 59168
5916 52000
5917 49952
5918 28449
5919 27400
5920 56105
5921 56097
5922 59176
5923 56080
5924 63265
5925 63328
5926 49953
5927 53808
5928 58113
5929 27393
5930 19233
5931 58145
5932 49921
5933 37664
5934 58152
5935 59169
5936 54053
5937 60193
5938 54049
5939 25377
5940 54049
5941 23329
5942 56097
5943 19232
5944 49929
5945 56104
5946 58113
5947 49936
5948 54049
5949 27425
5950 58144
5951 57128
5952 54049
5953 51985
5954 19232
5955 54049
5956 49952
5957 2857
5958 49952
5959 51968
5960 25377
5961 17193
5962 60168
5963 49952
5964 58144
5965 49952
5966 54048
5967 28448
5968 25344
5969 55073
5970 59168
5971 27424
5972 17153
5973 19233
5974 59168
5975 54048
5976 56073
5977 25376
5978 19225
5979 61217
5980 58145
5981 58144
5982 19232
5983 27400
5984 63273
5985 25441
5986 27425
5987 17185
5988 58112
5989 59168
5990 25384
5991 55072
5992 49953
5993 52008
5994 49952
5995 49952
5996 53809
5997 54048
5998 51968
5999 54065
6000 51968
6001 63265
6002 58152
6003 27393
6004 27424
6005 58208
6006 27424
6007 49960
6008 54048
6009 54049
6010 54048
6011 60193
6012 49697
6013 27401
6014 28449
6015 49952
6016 27425
6017 37665
6018 49952
6019 26409
6020 52001
6021 52001
6022 54073
6023 62241
6024 54017
6025 17184
6026 54056
6027 58145
6028 17185
6029 54049
6030 49953
6031 54817
6032 27424
6033 49952
6034 17185
6035 55073
6036 19232
6037 61217
6038 19233
6039 25376
6040 49968
6041 52001
6042 60161
6043 58112
6044 53808
6045 25381
6046 19232
6047 17185
6048 58144
6049 58208
6050 27424
6051 54048
6052 49953
6053 60161
6054 58152
6055 52008
6056 54056
6057 49952
6058 49953
6059 49953
6060 49952
6061 54049
6062 58145
6063 19200
6064 27392
6065 54049
6066 49921
6067 49952
6068 59168
6069 49920
6070 27424
6071 55841
6072 49952
6073 28417
6074 54056
6075 58145
6076 28513
6077 49952
6078 17176
6079 49952
6080 54061
6081 27424
6082 54017
6083 27425
6084 19248
6085 54049
6086 49953
6087 20265
6088 53025
6089 60160
6090 54049
6091 27393
6092 27392
6093 49952
6094 54056
6095 27488
6096 54033
6097 49953
6098 62248
6099 55073
6100 58144
6101 49953
6102 17168
6103 49961
6104 55073
6105 6945
6106 49953
6107 55072
6108 19240
6109 58144
6110 28456
6111 49920
6112 19232
6113 49952
6114 63264
6115 54048
6116 63264
6117 62241
6118 54056
6119 65313
6120 50016
6121 58144
6122 62241
6123 52001
6124 19216
6125 49976
6126 58208
6127 18216
6128 54056
6129 60192
6130 37664
6131 51976
6132 54048
6133 58144
6134 58144
6135 49952
6136 54049
6137 27424
6138 19240
6139 25344
6140 54057
6141 27392
6142 54048
6143 54049
6144 25377
6145 19232
6146 49936
6147 54048
6148 52001
6149 49952
6150 17200
6151 49961
6152 60192
6153 54048
6154 54032
6155 17153
6156 19233
6157 27456
6158 60192
6159 19233
6160 17185
6161 51993
6162 58144
6163 52000
6164 27393
6165 58112
6166 25377
6167 49953
6168 55841
6169 49920
6170 50977
6171 19224
6172 52001
6173 17185
6174 27424
6175 58152
6176 58112
6177 54049
6178 61217
6179 59169
6180 27425
6181 27392
6182 60161
6183 52009
6184 54049
6185 52001
6186 51745
6187 25376
6188 49944
6189 49952
6190 49969
6191 58152
6192 49960
6193 58145
6194 27392
6195 54048
6196 25377
6197 58145
6198 49953
6199 25448
6200 17192
6201 25376
6202 49952
6203 58144
6204 55073
6205 25377
6206 17185
6207 54049
6208 54049
6209 53025
6210 63265
6211 54049
6212 54040
6213 49953
6214 49952
6215 53793
6216 49960
6217 56097
6218 54056
6219 58144
6220 54049
6221 52009
6222 55080
6223 54048
6224 54048
6225 54049
6226 49960
6227 54048
6228 54048
6229 54049
6230 49960
6231 56104
6232 62241
6233 25353
6234 49953
6235 59169
6236 17185
6237 50977
6238 54049
6239 54049
6240 58144
6241 25344
6242 58145
6243 49952
6244 49952
6245 27488
6246 49952
6247 50985
6248 25377
6249 53808
6250 49952
6251 27425
6252 17184
6253 54048
6254 55072
6255 25377
6256 17184
6257 27400
6258 58145
6259 58112
6260 27425
6261 25353
6262 52000
6263 54049
6264 54049
6265 25352
6266 58152
6267 60257
6268 49953
6269 55073
6270 19233
6271 52009
6272 28449
6273 53793
6274 52008
6275 49681
6276 28449
6277 49952
6278 17184
6279 55073
6280 52008
6281 54048
6282 58112
6283 49953
6284 27392
6285 51969
6286 63265
6287 49952
6288 49953
6289 62240
6290 55073
6291 49952
6292 19232
6293 19232
6294 58209
6295 54049
6296 49952
6297 25376
6298 49952
6299 25440
6300 58216
6301 52000
6302 49952
6303 60192
6304 53793
6305 25377
6306 54049
6307 55073
6308 58145
6309 54064
6310 54016
6311 58144
6312 54049
6313 60193
6314 19233
6315 53809
6316 25384
6317 60200
6318 58144
6319 49953
6320 62241
6321 49952
6322 52000
6323 27392
6324 27425
6325 54049
6326 54049
6327 17184
6328 56072
6329 27392
6330 51976
6331 52001
6332 52008
6333 49960
6334 60161
6335 54056
6336 17184
6337 54049
6338 17176
6339 58144
6340 52000
6341 58144
6342 25345
6343 52000
6344 56096
6345 59169
6346 27425
6347 58145
6348 25377
6349 54049
6350 59168
6351 52008
6352 49944
6353 58145
6354 58145
6355 52001
6356 64289
6357 19233
6358 54057
6359 52001
6360 52001
6361 17185
6362 25377
6363 54048
6364 28417
6365 54049
6366 54072
6367 49953
6368 62241
6369 58145
6370 49952
6371 17185
6372 58144
6373 49952
6374 58145
6375 52001
6376 25384
6377 60192
6378 58208
6379 54041
6380 62241
6381 57128
6382 49921
6383 52008
6384 19217
6385 54049
6386 54049
6387 54048
6388 17185
6389 17185
6390 27425
6391 60200
6392 54817
6393 51968
6394 25376
6395 58144
6396 27392
6397 27424
6398 54017
6399 17152
6400 26401
6401 27456
6402 25376
6403 58144
6404 17184
6405 58144
6406 19233
6407 58145
6408 54048
6409 21281
6410 61185
6411 63265
6412 58145
6413 49920
6414 27393
6415 49952
6416 58145
6417 27425
6418 54016
6419 54049
6420 27393
6421 17184
6422 17192
6423 54049
6424 58144
6425 25376
6426 49968
6427 55073
6428 49681
6429 58144
6430 62248
6431 54072
6432 54049
6433 58112
6434 19240
6435 27425
6436 52000
6437 49952
6438 55073
6439 19209
6440 17185
6441 49937
6442 53793
6443 27393
6444 49937
6445 49952
6446 54049
6447 17184
6448 49953
6449 25377
6450 58120
6451 19240
6452 49936
6453 55080
6454 57121
6455 50977
6456 27424
6457 50945
6458 49952
6459 55096
6460 17184
6461 59233
6462 54048
6463 52001
6464 62305
6465 23329
6466 27424
6467 58144
6468 17192
6469 49952
6470 17185
6471 51745
6472 17192
6473 58145
6474 49920
6475 17184
6476 60192
6477 54048
6478 54048
6479 52009
6480 49961
6481 54057
6482 54049
6483 50976
6484 56097
6485 50985
6486 61217
6487 49953
6488 49952
6489 56105
6490 49960
6491 58145
6492 17185
6493 28449
6494 55080
6495 17189
6496 58145
6497 58152
6498 25384
6499 27393
6500 49936
6501 25377
6502 56097
6503 49952
6504 58144
6505 52001
6506 57121
6507 58208
6508 54024
6509 58144
6510 54049
6511 25376
6512 58208
6513 52009
6514 52001
6515 17184
6516 49952
6517 17160
6518 50976
6519 54056
6520 58144
6521 49968
6522 19232
6523 58208
6524 49953
6525 52000
6526 49968
6527 25376
6528 52000
6529 17193
6530 19201
6531 49952
6532 51745
6533 57121
6534 49952
6535 49952
6536 62240
6537 19200
6538 25376
6539 60265
6540 49960
6541 54048
6542 54049
6543 19240
6544 58145
6545 52000
6546 59169
6547 52000
6548 52000
6549 28449
6550 54065
6551 56096
6552 52001
6553 56097
6554 60192
6555 25376
6556 54056
6557 52001
6558 27424
6559 49952
6560 60193
6561 64289
6562 54049
6563 54048
6564 58144
6565 49953
6566 52008
6567 54064
6568 49952
6569 49921
6570 25377
6571 54049
6572 49952
6573 49952
6574 60264
6575 56097
6576 17184
6577 62248
6578 58153
6579 49953
6580 54072
6581 59168
6582 58144
6583 54048
6584 58144
6585 19240
6586 58145
6587 27392
6588 25345
6589 26401
6590 17192
6591 54049
6592 25377
6593 56105
6594 29472
6595 19232
6596 54049
6597 54049
6598 60193
6599 54048
6600 54048
6601 54049
6602 62240
6603 54048
6604 49952
6605 52000
6606 27424
6607 54064
6608 49952
6609 49953
6610 58145
6611 25440
6612 28448
6613 54049
6614 52016
6615 27433
6616 58153
6617 26401
6618 25345
6619 49952
6620 25440
6621 49952
6622 27424
6623 19233
6624 52008
6625 54049
6626 25448
6627 25376
6628 19233
6629 25344
6630 19232
6631 49960
6632 49920
6633 54048
6634 54049
6635 60193
6636 19233
6637 25344
6638 63264
6639 54040
6640 58145
6641 52000
6642 54056
6643 58144
6644 54049
6645 58145
6646 59168
6647 58208
6648 62241
6649 49961
6650 58112
6651 27432
6652 55073
6653 54049
6654 25344
6655 58208
6656 19200
6657 58144
6658 49952
6659 63272
6660 49953
6661 49960
6662 17153
6663 58144
6664 56104
6665 49960
6666 52016
6667 27401
6668 54049
6669 19233
6670 49953
6671 54065
6672 56097
6673 49944
6674 58120
6675 25448
6676 54057
6677 54049
6678 49953
6679 17193
6680 58145
6681 49952
6682 54048
6683 58144
6684 19232
6685 28448
6686 19233
6687 54056
6688 19233
6689 52008
6690 64289
6691 60192
6692 17248
6693 54048
6694 25377
6695 53797
6696 58144
6697 49953
6698 49953
6699 19232
6700 49929
6701 54048
6702 54049
6703 49952
6704 19248
6705 19232
6706 58112
6707 27432
6708 54049
6709 58144
6710 49952
6711 49928
6712 54024
6713 58113
6714 61185
6715 59176
6716 27392
6717 25385
6718 49953
6719 52000
6720 58112
6721 57129
6722 54017
6723 19232
6724 19232
6725 27392
6726 19232
6727 25377
6728 49681
6729 52000
6730 60193
6731 25449
6732 49944
6733 54049
6734 52000
6735 27424
6736 60193
6737 17185
6738 25376
6739 58144
6740 25345
6741 58144
6742 58145
6743 58144
6744 60193
6745 54048
6746 49953
6747 54048
6748 17185
6749 29472
6750 27425
6751 54048
6752 28448
6753 19232
6754 49936
6755 19209
6756 49952
6757 54048
6758 58144
6759 27425
6760 49920
6761 54017
6762 19233
6763 58144
6764 54049
6765 63265
6766 53792
6767 52000
6768 50977
6769 54049
6770 27424
6771 17168
6772 37665
6773 54049
6774 59177
6775 58144
6776 52008
6777 56104
6778 58145
6779 49961
6780 26409
6781 58145
6782 58145
6783 19233
6784 54056
6785 57121
6786 54049
6787 54048
6788 27393
6789 49968
6790 20225
6791 55072
6792 49960
6793 54057
6794 54056
6795 25377
6796 56104
6797 54113
6798 54057
6799 52000
6800 51744
6801 49952
6802 63273
6803 49953
6804 56080
6805 49952
6806 17160
6807 17185
6808 54048
6809 58144
6810 53025
6811 17152
6812 27425
6813 21281
6814 49952
6815 54057
6816 17185
6817 49952
6818 58112
6819 19232
6820 49952
6821 25376
6822 65313
6823 49952
6824 57121
6825 17184
6826 50977
6827 58144
6828 52009
6829 65313
6830 17185
6831 49952
6832 54048
6833 17153
6834 49920
6835 58152
6836 28448
6837 54049
6838 58145
6839 54017
6840 49952
6841 60193
6842 17161
6843 61281
6844 54049
6845 25384
6846 49960
6847 53024
6848 17153
6849 54048
6850 25384
6851 58112
6852 59169
6853 54048
6854 60200
6855 27424
6856 49952
6857 54033
6858 58121
6859 62241
6860 25377
6861 58144
6862 60192
6863 59177
6864 20225
6865 20257
6866 49952
6867 19233
6868 19232
6869 27425
6870 58145
6871 25376
6872 19241
6873 58153
6874 27392
6875 19240
6876 52016
6877 54024
6878 54056
6879 49952
6880 55080
6881 52001
6882 56096
6883 54056
6884 54049
6885 19209
6886 54053
6887 51968
6888 54057
6889 17153
6890 49952
6891 53025
6892 49952
6893 55073
6894 59169
6895 22305
6896 54048
6897 27432
6898 58152
6899 19240
6900 56097
6901 19241
6902 49952
6903 52001
6904 49960
6905 52001
6906 25377
6907 62240
6908 19208
6909 59169
6910 28449
6911 60200
6912 19201
6913 54048
6914 19232
6915 17153
6916 49920
6917 54049
6918 49952
6919 49960
6920 54048
6921 49953
6922 19200
6923 19233
6924 17184
6925 58152
6926 27393
6927 54072
6928 49953
6929 49944
6930 17184
6931 49953
6932 54049
6933 63265
6934 52000
6935 52000
6936 17152
6937 58152
6938 60200
6939 49953
6940 49952
6941 54049
6942 52016
6943 50977
6944 49953
6945 27424
6946 54049
6947 17161
6948 49952
6949 49953
6950 19240
6951 27424
6952 26401
6953 54049
6954 59169
6955 49960
6956 54113
6957 49953
6958 53809
6959 62241
6960 56096
6961 56097
6962 60256
6963 53808
6964 58144
6965 25344
6966 19200
6967 19200
6968 27424
6969 27401
6970 54048
6971 55073
6972 19240
6973 54049
6974 51977
6975 27456
6976 19201
6977 25377
6978 28417
6979 54049
6980 27424
6981 52008
6982 49960
6983 55073
6984 58145
6985 17168
6986 27392
6987 17153
6988 60192
6989 49960
6990 51993
6991 55073
6992 2848
6993 58144
6994 52000
6995 17185
6996 17184
6997 52009
6998 54057
6999 54049
7000 49952
7001 54049
7002 49952
7003 19233
7004 49952
7005 63272
7006 49952
7007 59177
7008 58152
7009 58145
7010 59136
7011 49968
7012 56073
7013 54073
7014 17200
7015 49952
7016 49952
7017 58144
7018 25376
7019 58144
7020 58144
7021 54049
7022 52001
7023 52000
7024 63264
7025 19233
7026 60160
7027 49952
7028 19208
7029 25376
7030 54064
7031 27392
7032 60192
7033 60161
7034 58145
7035 56096
7036 19233
7037 55073
7038 17208
7039 60193
7040 19201
7041 20225
7042 21281
7043 58145
7044 18208
7045 18977
7046 49952
7047 49953
7048 63264
7049 57121
7050 52024
7051 27424
7052 25381
7053 58144
7054 53793
7055 56097
7056 56096
7057 19233
7058 27488
7059 27424
7060 49952
7061 53797
7062 17192
7063 49952
7064 55840
7065 53797
7066 54065
7067 54049
7068 49952
7069 57121
7070 25377
7071 58112
7072 17168
7073 49952
7074 17193
7075 49936
7076 49960
7077 52000
7078 19233
7079 25344
7080 49952
7081 58145
7082 25385
7083 63265
7084 53025
7085 49945
7086 49952
7087 58144
7088 27424
7089 17160
7090 59169
7091 25440
7092 49920
7093 51968
7094 55081
7095 49952
7096 58145
7097 54048
7098 50024
7099 51745
7100 37664
7101 27424
7102 58208
7103 27424
7104 25376
7105 27424
7106 17184
7107 49953
7108 19201
7109 49953
7110 18945
7111 49960
7112 54048
7113 19201
7114 20265
7115 27393
7116 27393
7117 49953
7118 25440
7119 19208
7120 54049
7121 55080
7122 49953
7123 25376
7124 59169
7125 19201
7126 58144
7127 52000
7128 54057
7129 58144
7130 54032
7131 21281
7132 56097
7133 58145
7134 49952
7135 19233
7136 27489
7137 25344
7138 58152
7139 54049
7140 50016
7141 17185
7142 54049
7143 27424
7144 49952
7145 20256
7146 55073
7147 19232
7148 27424
7149 25376
7150 19201
7151 62241
7152 49953
7153 49952
7154 17192
7155 27424
7156 52001
7157 49960
7158 27424
7159 49952
7160 60160
7161 53809
7162 17185
7163 54064
7164 54049
7165 27456
7166 62240
7167 53033
7168 19232
7169 49952
7170 54049
7171 51984
7172 19232
7173 49953
7174 27393
7175 25377
7176 25376
7177 55072
7178 19233
7179 27432
7180 25384
7181 63264
7182 54053
7183 58113
7184 62241
7185 55840
7186 25376
7187 17185
7188 58152
7189 19201
7190 27425
7191 25376
7192 27424
7193 61216
7194 25377
7195 19232
7196 17152
7197 49960
7198 25441
7199 60192
7200 54048
7201 49952
7202 27392
7203 54064
7204 54024
7205 51744
7206 54048
7207 17184
7208 54048
7209 60161
7210 50976
7211 49960
7212 19232
7213 19241
7214 58145
7215 49953
7216 25376
7217 55072
7218 61216
7219 54056
7220 58145
7221 17185
7222 58144
7223 17184
7224 54048
7225 25377
7226 17185
7227 62305
7228 19233
7229 52009
7230 17152
7231 54049
7232 49952
7233 49953
7234 54048
7235 58144
7236 55073
7237 19233
7238 59169
7239 55073
7240 25377
7241 58209
7242 17185
7243 17184
7244 54817
7245 49952
7246 27425
7247 49952
7248 25377
7249 19200
7250 59176
7251 49952
7252 54120
7253 19232
7254 49952
7255 54065
7256 54017
7257 54048
7258 55072
7259 54072
7260 27400
7261 59176
7262 25384
7263 25384
7264 25377
7265 28456
7266 52024
7267 49952
7268 54072
7269 62240
7270 63264
7271 17153
7272 58152
7273 54048
7274 54072
7275 25344
7276 55072
7277 60193
7278 60192
7279 58144
7280 49953
7281 53793
7282 63272
7283 53797
7284 17152
7285 19201
7286 49952
7287 49952
7288 49920
7289 54048
7290 25376
7291 49952
7292 56097
7293 49961
7294 55073
7295 27425
7296 19216
7297 2856
7298 27424
7299 17184
7300 19233
7301 60192
7302 55073
7303 28449
7304 49961
7305 58144
7306 25377
7307 58144
7308 52000
7309 51968
7310 58144
7311 58144
7312 19232
7313 25376
7314 58145
7315 25376
7316 60192
7317 49960
7318 26409
7319 54048
7320 58145
7321 58144
7322 62248
7323 49952
7324 23328
7325 49953
7326 52000
7327 49952
7328 49960
7329 55073
7330 58152
7331 54049
7332 52064
7333 60193
7334 59168
7335 27425
7336 49937
7337 52000
7338 55073
7339 64289
7340 54056
7341 61224
7342 60192
7343 25376
7344 58113
7345 49953
7346 19240
7347 27393
7348 25448
7349 54056
7350 54064
7351 19233
7352 19232
7353 17248
7354 52008
7355 27400
7356 58144
7357 52000
7358 64288
7359 49960
7360 28417
7361 49952
7362 19233
7363 51992
7364 49952
7365 27392
7366 27400
7367 17152
7368 27424
7369 54057
7370 49960
7371 25408
7372 63273
7373 17168
7374 19209
7375 49953
7376 53033
7377 19232
7378 50976
7379 27424
7380 49952
7381 49953
7382 52024
7383 27392
7384 49952
7385 60192
7386 25344
7387 58208
7388 49952
7389 49952
7390 17192
7391 58145
7392 49952
7393 56088
7394 58144
7395 27425
7396 49953
7397 19200
7398 19233
7399 49952
7400 60192
7401 19216
7402 25352
7403 62241
7404 59168
7405 54049
7406 62241
7407 54048
7408 58152
7409 54057
7410 52000
7411 49952
7412 58209
7413 54040
7414 54817
7415 54048
7416 17184
7417 56104
7418 54048
7419 49952
7420 58145
7421 54049
7422 58144
7423 61281
7424 56097
7425 55073
7426 49953
7427 49952
7428 25376
7429 17153
7430 49977
7431 17185
7432 65313
7433 49952
7434 55072
7435 25377
7436 25345
7437 49952
7438 61216
7439 49952
7440 25376
7441 54057
7442 53025
7443 25376
7444 27432
7445 51984
7446 62241
7447 19200
7448 49697
7449 49952
7450 54049
7451 11041
7452 62240
7453 17160
7454 54072
7455 49952
7456 49952
7457 54053
7458 57121
7459 54049
7460 62240
7461 17200
7462 49952
7463 22305
7464 54057
7465 52008
7466 63265
7467 54049
7468 37665
7469 54048
7470 49977
7471 54049
7472 58144
7473 54056
7474 49968
7475 17168
7476 27488
7477 58145
7478 19233
7479 19232
7480 17153
7481 60192
7482 49920
7483 58144
7484 54113
7485 54049
7486 49960
7487 50976
7488 58152
7489 59137
7490 49960
7491 58144
7492 25376
7493 54017
7494 54048
7495 27425
7496 49952
7497 56065
7498 59168
7499 49952
7500 58144
7501 27425
7502 52000
7503 27425
7504 62312
7505 49921
7506 49969
7507 49953
7508 27424
7509 19224
7510 55073
7511 54048
7512 25377
7513 27489
7514 19232
7515 58144
7516 19233
7517 58112
7518 60192
7519 58144
7520 27489
7521 49952
7522 55073
7523 54017
7524 52000
7525 58145
7526 52000
7527 52009
7528 58145
7529 19209
7530 19201
7531 49953
7532 59232
7533 17176
7534 49952
7535 17185
7536 27497
7537 19233
7538 54057
7539 54049
7540 54048
7541 54049
7542 54049
7543 58152
7544 27432
7545 55073
7546 17184
7547 27425
7548 49952
7549 17184
7550 17152
7551 54049
7552 52000
7553 49936
7554 27425
7555 54049
7556 59136
7557 56104
7558 28456
7559 59232
7560 58113
7561 55073
7562 55080
7563 58145
7564 60193
7565 54049
7566 19201
7567 55073
7568 49953
7569 49952
7570 54032
7571 49953
7572 60192
7573 58144
7574 25344
7575 58145
7576 49952
7577 52000
7578 25344
7579 17184
7580 57129
7581 49953
7582 54056
7583 27424
7584 49952
7585 26401
7586 25377
7587 17193
7588 58145
7589 17185
7590 55072
7591 2857
7592 17153
7593 49920
7594 64288
7595 20257
7596 19201
7597 27488
7598 52000
7599 54048
7600 23329
7601 49953
7602 19201
7603 58144
7604 26401
7605 61216
7606 19200
7607 52001
7608 19233
7609 54049
7610 19232
7611 57121
7612 56072
7613 58112
7614 49953
7615 49953
7616 50984
7617 49960
7618 62248
7619 25344
7620 19201
7621 61217
7622 62240
7623 54048
7624 54048
7625 19200
7626 49921
7627 54049
7628 49920
7629 58145
7630 62248
7631 54049
7632 58144
7633 58136
7634 27424
7635 58145
7636 54049
7637 58145
7638 23336
7639 54056
7640 49929
7641 52001
7642 25344
7643 49936
7644 58145
7645 58145
7646 52001
7647 49960
7648 52000
7649 19209
7650 58144
7651 49960
7652 55841
7653 25345
7654 52000
7655 27425
7656 27424
7657 54048
7658 26465
7659 54049
7660 54049
7661 49961
7662 54049
7663 49960
7664 54048
7665 54049
7666 54040
7667 25352
7668 19200
7669 27432
7670 54048
7671 60200
7672 55081
7673 49952
7674 59168
7675 25376
7676 27424
7677 53032
7678 25384
7679 59168
7680 19241
7681 58113
7682 52000
7683 56104
7684 27393
7685 60264
7686 49921
7687 19217
7688 58145
7689 63265
7690 56097
7691 49960
7692 49952
7693 52000
7694 49953
7695 54049
7696 49960
7697 52000
7698 19208
7699 53808
7700 56104
7701 19233
7702 60160
7703 17152
7704 52008
7705 27520
7706 25440
7707 21288
7708 55072
7709 58152
7710 27424
7711 51976
7712 25345
7713 55072
7714 54064
7715 57120
7716 58145
7717 54049
7718 19209
7719 56097
7720 27393
7721 49952
7722 58144
7723 27393
7724 55072
7725 25376
7726 19240
7727 23337
7728 49928
7729 27425
7730 58145
7731 54048
7732 49953
7733 51985
7734 27392
7735 52008
7736 56097
7737 58152
7738 58145
7739 52000
7740 54049
7741 27393
7742 49968
7743 19233
7744 54041
7745 49928
7746 18208
7747 49952
7748 49952
7749 54048
7750 25440
7751 27425
7752 17152
7753 58152
7754 49928
7755 58145
7756 28449
7757 53025
7758 26401
7759 55080
7760 27393
7761 49920
7762 49953
7763 56104
7764 19224
7765 49961
7766 58144
7767 59136
7768 27424
7769 25384
7770 17169
7771 54057
7772 27424
7773 49976
7774 49920
7775 50024
7776 26401
7777 58144
7778 52001
7779 49952
7780 27424
7781 50945
7782 62304
7783 60192
7784 54049
7785 54049
7786 20257
7787 51968
7788 25384
7789 52000
7790 54057
7791 27401
7792 60193
7793 25376
7794 53025
7795 62240
7796 17184
7797 54057
7798 58152
7799 50977
7800 52001
7801 21281
7802 58144
7803 27392
7804 60200
7805 49953
7806 52016
7807 17185
7808 58112
7809 62248
7810 54049
7811 54049
7812 52001
7813 52008
7814 62241
7815 58144
7816 54048
7817 54072
7818 25376
7819 27392
7820 63329
7821 27400
7822 17185
7823 60200
7824 54056
7825 58144
7826 17153
7827 59169
7828 51968
7829 49952
7830 54048
7831 54024
7832 58144
7833 62240
7834 21281
7835 19232
7836 26401
7837 54049
7838 60200
7839 53025
7840 56097
7841 54049
7842 58144
7843 19233
7844 27392
7845 52000
7846 52001
7847 52016
7848 27393
7849 53792
7850 60192
7851 19233
7852 60193
7853 19208
7854 51969
7855 49928
7856 49961
7857 58144
7858 2848
7859 17185
7860 58145
7861 20257
7862 49960
7863 62241
7864 17160
7865 19225
7866 55073
7867 49961
7868 54049
7869 49952
7870 49960
7871 49960
7872 58144
7873 19232
7874 25376
7875 19232
7876 25376
7877 27392
7878 19216
7879 49953
7880 27432
7881 58144
7882 25376
7883 49920
7884 49953
7885 51968
7886 49920
7887 63264
7888 25376
7889 49952
7890 54056
7891 63273
7892 59176
7893 62248
7894 19232
7895 63265
7896 58145
7897 49952
7898 27425
7899 55088
7900 52000
7901 52001
7902 49960
7903 55088
7904 52000
7905 19233
7906 49961
7907 27425
7908 56105
7909 27425
7910 52001
7911 19201
7912 19233
7913 19232
7914 49960
7915 56097
7916 19240
7917 49952
7918 27424
7919 27425
7920 54048
7921 18945
7922 52000
7923 49920
7924 19201
7925 49968
7926 58120
7927 25377
7928 49960
7929 25376
7930 49953
7931 25377
7932 19232
7933 25344
7934 19233
7935 58144
7936 58152
7937 60193
7938 49952
7939 55073
7940 25376
7941 54048
7942 27392
7943 28513
7944 49953
7945 25384
7946 27392
7947 58208
7948 27489
7949 49953
7950 59168
7951 19233
7952 27425
7953 58112
7954 54072
7955 54048
7956 52008
7957 54048
7958 17185
7959 54049
7960 27425
7961 25377
7962 58208
7963 62240
7964 54048
7965 25377
7966 55073
7967 62240
7968 58152
7969 54048
7970 27424
7971 22305
7972 19240
7973 19208
7974 51968
7975 17192
7976 54048
7977 19232
7978 62240
7979 25377
7980 56096
7981 54049
7982 55080
7983 51969
7984 49953
7985 58144
7986 54049
7987 60193
7988 49952
7989 49953
7990 27433
7991 58152
7992 59168
7993 17185
7994 58144
7995 17184
7996 54049
7997 54048
7998 58145
7999 54048
8000 49920
8001 61224
8002 49960
8003 55080
8004 49961
8005 58209
8006 27425
8007 25376
8008 58144
8009 28449
8010 58145
8011 58145
8012 62240
8013 52024
8014 62241
8015 54048
8016 59169
8017 59232
8018 58144
8019 19232
8020 27488
8021 19240
8022 19200
8023 17152
8024 27393
8025 65313
8026 49953
8027 54112
8028 49952
8029 54048
8030 49936
8031 50976
8032 25377
8033 62241
8034 19201
8035 52009
8036 49936
8037 52000
8038 19232
8039 17184
8040 25377
8041 54056
8042 60193
8043 27425
8044 25376
8045 27400
8046 17192
8047 52000
8048 49953
8049 17184
8050 55072
8051 58112
8052 49952
8053 55073
8054 49961
8055 49952
8056 52000
8057 19200
8058 60193
8059 65312
8060 49952
8061 58113
8062 54120
8063 54048
8064 25376
8065 50977
8066 49936
8067 49952
8068 27432
8069 25377
8070 49960
8071 49952
8072 49953
8073 19232
8074 55073
8075 17184
8076 26401
8077 58208
8078 58144
8079 62304
8080 49953
8081 59169
8082 49961
8083 49952
8084 49953
8085 28417
8086 49953
8087 25377
8088 49953
8089 25385
8090 19200
8091 60192
8092 49976
8093 17185
8094 49952
8095 18945
8096 55072
8097 58112
8098 19201
8099 27424
8100 25376
8101 25376
8102 62241
8103 58144
8104 25376
8105 49952
8106 49960
8107 49961
8108 49953
8109 52008
8110 49953
8111 49960
8112 20264
8113 19241
8114 54064
8115 58145
8116 17200
8117 56097
8118 54024
8119 58144
8120 49960
8121 54056
8122 49952
8123 49921
8124 25377
8125 17153
8126 49968
8127 53793
8128 55073
8129 61217
8130 58120
8131 54048
8132 25376
8133 54049
8134 49952
8135 59169
8136 52000
8137 27425
8138 19233
8139 25344
8140 60169
8141 19240
8142 27425
8143 58144
8144 52001
8145 17184
8146 25376
8147 61216
8148 55840
8149 51968
8150 19233
8151 25376
8152 54048
8153 60160
8154 59168
8155 59168
8156 19217
8157 61217
8158 17185
8159 52000
8160 58144
8161 25344
8162 25376
8163 49953
8164 58152
8165 27424
8166 49953
8167 27489
8168 64288
8169 49953
8170 54056
8171 54048
8172 49953
8173 54049
8174 17152
8175 25376
8176 54057
8177 56064
8178 25377
8179 54048
8180 2856
8181 19233
8182 19240
8183 25344
8184 27424
8185 49952
8186 28449
8187 51968
8188 27520
8189 17185
8190 63265
8191 54048
8192 19232
8193 17184
8194 49952
8195 27400
8196 49920
8197 62240
8198 58144
8199 27393
8200 56105
8201 51968
8202 17185
8203 49952
8204 17184
8205 27424
8206 55073
8207 25352
8208 57121
8209 49952
8210 25377
8211 58112
8212 49976
8213 19241
8214 52000
8215 27425
8216 17153
8217 49952
8218 49953
8219 58112
8220 51968
8221 49969
8222 25385
8223 19233
8224 26409
8225 27393
8226 53032
8227 28448
8228 49952
8229 53024
8230 25344
8231 59177
8232 59168
8233 49952
8234 19216
8235 49953
8236 49952
8237 49953
8238 49952
8239 27425
8240 17176
8241 25376
8242 54032
8243 27488
8244 49976
8245 49952
8246 54049
8247 49944
8248 51969
8249 28448
8250 28449
8251 27393
8252 49952
8253 52009
8254 54048
8255 27425
8256 58145
8257 62241
8258 19240
8259 49953
8260 18208
8261 19233
8262 54049
8263 49952
8264 19232
8265 60200
8266 54049
8267 49952
8268 28448
8269 49952
8270 64289
8271 49968
8272 57120
8273 51969
8274 50977
8275 2849
8276 49936
8277 27488
8278 49952
8279 19232
8280 58152
8281 60161
8282 19233
8283 49953
8284 49952
8285 21289
8286 53808
8287 54064
8288 49952
8289 25441
8290 26401
8291 54056
8292 58144
8293 27489
8294 19240
8295 54056
8296 25377
8297 21289
8298 49952
8299 49969
8300 54048
8301 58128
8302 11041
8303 54049
8304 19200
8305 54049
8306 25448
8307 49952
8308 54025
8309 49952
8310 49960
8311 19233
8312 54049
8313 19233
8314 60169
8315 19232
8316 49920
8317 19201
8318 56096
8319 25345
8320 19201
8321 17185
8322 21281
8323 25377
8324 54057
8325 26401
8326 49960
8327 25377
8328 54064
8329 58144
8330 54049
8331 49937
8332 17184
8333 58144
8334 49952
8335 25384
8336 49953
8337 49952
8338 58144
8339 60193
8340 49952
8341 49952
8342 27425
8343 27520
8344 19200
8345 17184
8346 54048
8347 52072
8348 57129
8349 54049
8350 58144
8351 58112
8352 64289
8353 58208
8354 52008
8355 26401
8356 62241
8357 55080
8358 52008
8359 19208
8360 28449
8361 27425
8362 60161
8363 49952
8364 27425
8365 27393
8366 19240
8367 52000
8368 61217
8369 26400
8370 17153
8371 55073
8372 59169
8373 49960
8374 54048
8375 58113
8376 49953
8377 54056
8378 27424
8379 54048
8380 49960
8381 59233
8382 25376
8383 49952
8384 49953
8385 19241
8386 51984
8387 49952
8388 27424
8389 49953
8390 54017
8391 58144
8392 60256
8393 26400
8394 54049
8395 58144
8396 25381
8397 62240
8398 62305
8399 63328
8400 49952
8401 49952
8402 61216
8403 19233
8404 49952
8405 21281
8406 17200
8407 52001
8408 800
8409 25376
8410 25345
8411 17185
8412 52016
8413 27393
8414 62249
8415 49960
8416 56096
8417 49952
8418 19232
8419 58153
8420 27392
8421 62241
8422 52000
8423 58144
8424 54064
8425 62240
8426 49961
8427 2857
8428 60192
8429 53032
8430 52000
8431 49961
8432 49921
8433 54049
8434 2849
8435 52000
8436 49945
8437 54049
8438 49952
8439 50977
8440 58144
8441 49952
8442 54048
8443 58144
8444 49976
8445 27424
8446 54049
8447 18217
8448 19233
8449 27425
8450 19233
8451 25376
8452 58152
8453 17185
8454 54041
8455 60193
8456 49953
8457 49952
8458 17184
8459 27424
8460 54048
8461 27424
8462 52000
8463 60160
8464 49953
8465 58120
8466 52000
8467 62304
8468 27433
8469 19233
8470 19216
8471 17160
8472 25344
8473 62209
8474 49928
8475 52000
8476 59168
8477 19224
8478 19240
8479 55073
8480 27393
8481 52001
8482 27425
8483 54057
8484 52001
8485 59169
8486 65313
8487 54048
8488 49952
8489 25344
8490 49953
8491 54064
8492 49953
8493 54016
8494 49960
8495 61217
8496 19200
8497 19233
8498 54049
8499 19200
8500 49952
8501 49953
8502 49952
8503 21288
8504 25376
8505 27488
8506 54048
8507 51968
8508 18217
8509 54049
8510 25376
8511 49936
8512 49953
8513 49953
8514 27520
8515 54048
8516 27392
8517 54048
8518 58144
8519 19201
8520 58208
8521 28448
8522 28424
8523 58153
8524 54049
8525 54048
8526 25504
8527 19201
8528 63272
8529 25441
8530 49920
8531 49952
8532 19233
8533 52000
8534 25345
8535 57129
8536 52000
8537 49969
8538 19201
8539 58113
8540 27392
8541 27496
8542 54048
8543 55081
8544 49952
8545 27520
8546 49928
8547 63329
8548 25377
8549 27392
8550 27424
8551 49952
8552 57121
8553 58144
8554 52000
8555 60161
8556 59137
8557 49953
8558 59233
8559 58144
8560 54048
8561 2848
8562 25377
8563 27425
8564 54072
8565 27425
8566 25377
8567 25377
8568 49960
8569 49952
8570 19241
8571 58113
8572 19232
8573 19240
8574 19200
8575 17184
8576 59169
8577 27496
8578 56096
8579 54049
8580 49960
8581 60192
8582 17153
8583 49960
8584 19232
8585 27424
8586 63329
8587 49953
8588 27432
8589 50016
8590 52000
8591 52000
8592 54048
8593 58144
8594 63329
8595 54065
8596 27432
8597 28449
8598 27424
8599 49952
8600 25344
8601 54048
8602 19240
8603 49952
8604 56105
8605 55840
8606 49960
8607 54048
8608 54065
8609 58152
8610 49952
8611 49952
8612 49960
8613 52000
8614 17152
8615 27392
8616 19233
8617 19233
8618 51969
8619 49952
8620 54016
8621 63265
8622 52000
8623 19200
8624 17192
8625 58144
8626 49960
8627 58145
8628 2849
8629 58208
8630 49960
8631 19233
8632 54049
8633 54048
8634 19241
8635 49952
8636 61224
8637 58153
8638 25385
8639 17160
8640 28456
8641 60160
8642 49936
8643 63264
8644 25376
8645 49936
8646 55073
8647 60200
8648 49952
8649 17189
8650 58144
8651 25376
8652 17184
8653 17184
8654 25377
8655 52009
8656 25376
8657 58144
8658 28449
8659 52000
8660 2848
8661 52008
8662 27424
8663 25376
8664 49953
8665 54049
8666 27393
8667 49953
8668 49952
8669 54040
8670 54048
8671 25441
8672 49936
8673 28513
8674 59169
8675 21281
8676 58153
8677 51985
8678 49960
8679 52000
8680 55072
8681 49952
8682 58144
8683 49920
8684 49952
8685 49952
8686 54048
8687 54048
8688 54072
8689 56096
8690 52009
8691 19233
8692 49944
8693 27424
8694 58144
8695 54048
8696 19240
8697 20265
8698 58144
8699 58112
8700 54056
8701 58144
8702 49968
8703 59168
8704 49952
8705 58144
8706 52001
8707 50977
8708 19200
8709 27424
8710 63273
8711 57121
8712 62241
8713 49952
8714 58208
8715 51968
8716 17184
8717 27393
8718 59168
8719 49953
8720 62241
8721 25376
8722 27392
8723 54049
8724 58144
8725 60264
8726 49920
8727 52001
8728 27520
8729 57120
8730 58144
8731 17177
8732 59169
8733 49952
8734 19216
8735 55081
8736 25345
8737 58112
8738 62248
8739 19200
8740 49968
8741 63273
8742 49952
8743 59168
8744 25345
8745 58208
8746 25376
8747 17184
8748 50976
8749 55080
8750 49952
8751 19232
8752 49953
8753 54017
8754 55072
8755 17153
8756 27488
8757 27393
8758 49960
8759 19232
8760 49968
8761 49952
8762 53025
8763 17169
8764 27424
8765 54040
8766 17185
8767 58209
8768 52072
8769 27425
8770 58112
8771 58209
8772 19201
8773 27424
8774 25353
8775 52001
8776 53025
8777 19240
8778 25353
8779 25352
8780 54112
8781 25377
8782 63264
8783 59169
8784 49952
8785 19233
8786 28449
8787 19233
8788 19233
8789 25376
8790 54048
8791 56096
8792 25384
8793 49953
8794 19240
8795 49952
8796 52001
8797 58145
8798 17160
8799 55073
8800 19241
8801 54048
8802 55073
8803 25344
8804 54112
8805 49953
8806 49960
8807 49953
8808 58144
8809 25344
8810 25377
8811 49952
8812 25345
8813 54056
8814 54032
8815 55073
8816 61216
8817 58144
8818 27489
8819 58152
8820 28448
8821 27408
8822 54049
8823 25384
8824 25377
8825 25377
8826 54057
8827 19233
8828 17185
8829 58145
8830 18208
8831 49953
8832 20257
8833 25440
8834 62248
8835 62241
8836 17152
8837 59168
8838 49952
8839 27488
8840 27424
8841 50976
8842 17184
8843 800
8844 17160
8845 60160
8846 19232
8847 25352
8848 19232
8849 19217
8850 49960
8851 49952
8852 54056
8853 49929
8854 17184
8855 27489
8856 60200
8857 25440
8858 19233
8859 19233
8860 27424
8861 58152
8862 58216
8863 25376
8864 54049
8865 57121
8866 17152
8867 27425
8868 52009
8869 52001
8870 17208
8871 49953
8872 25376
8873 51984
8874 19232
8875 25440
8876 52008
8877 17168
8878 17184
8879 20257
8880 54056
8881 27424
8882 19209
8883 52000
8884 27425
8885 65321
8886 54065
8887 60193
8888 59168
8889 58112
8890 54049
8891 25440
8892 25440
8893 62240
8894 25377
8895 54049
8896 54048
8897 59169
8898 52001
8899 27393
8900 49953
8901 27401
8902 60193
8903 58208
8904 19208
8905 58144
8906 27425
8907 62241
8908 25385
8909 55072
8910 49697
8911 56097
8912 49952
8913 55072
8914 56096
8915 59232
8916 54056
8917 27424
8918 58144
8919 54056
8920 27432
8921 58145
8922 49952
8923 20256
8924 58113
8925 58152
8926 19225
8927 17192
8928 26401
8929 49952
8930 54057
8931 60193
8932 56105
8933 51968
8934 17152
8935 63265
8936 27425
8937 25385
8938 52001
8939 25376
8940 51968
8941 49952
8942 49952
8943 58144
8944 27400
8945 57121
8946 19240
8947 58144
8948 54016
8949 55073
8950 49936
8951 49952
8952 17192
8953 19201
8954 58152
8955 51968
8956 27392
8957 58144
8958 26464
8959 58112
8960 57120
8961 55073
8962 56105
8963 63265
8964 60160
8965 17160
8966 58145
8967 52008
8968 49936
8969 25377
8970 19208
8971 27488
8972 19233
8973 49952
8974 58112
8975 58145
8976 58145
8977 19232
8978 19200
8979 27424
8980 25353
8981 54049
8982 56097
8983 58144
8984 54032
8985 50985
8986 17185
8987 54049
8988 28513
8989 6945
8990 17184
8991 49921
8992 49952
8993 25376
8994 63272
8995 19201
8996 54073
8997 54048
8998 26408
8999 54056
9000 19248
9001 60161
9002 25376
9003 25376
9004 49953
9005 19201
9006 60200
9007 52025
9008 50985
9009 55073
9010 49953
9011 54056
9012 49921
9013 59177
9014 26401
9015 25377
9016 19233
9017 49920
9018 58145
9019 27425
9020 60193
9021 54041
9022 49960
9023 58113
9024 58145
9025 49920
9026 25408
9027 54048
9028 19233
9029 49953
9030 49952
9031 17184
9032 27393
9033 54064
9034 49952
9035 58144
9036 58144
9037 53025
9038 58120
9039 54056
9040 58112
9041 51968
9042 58145
9043 19232
9044 27425
9045 55073
9046 55080
9047 49952
9048 58152
9049 49952
9050 25440
9051 27392
9052 58144
9053 54072
9054 27393
9055 50016
9056 17189
9057 50977
9058 25377
9059 19201
9060 19224
9061 27392
9062 17185
9063 56104
9064 49960
9065 19233
9066 25345
9067 58145
9068 54048
9069 25376
9070 49952
9071 54049
9072 58145
9073 52000
9074 53025
9075 58208
9076 17184
9077 58136
9078 62240
9079 56073
9080 17184
9081 52072
9082 58145
9083 58144
9084 49961
9085 27392
9086 54049
9087 49961
9088 54056
9089 49953
9090 25384
9091 19201
9092 55072
9093 49952
9094 27432
9095 56097
9096 53793
9097 58144
9098 54048
9099 49953
9100 54057
9101 52000
9102 19232
9103 52008
9104 58145
9105 17153
9106 27424
9107 51968
9108 54048
9109 54056
9110 19201
9111 19233
9112 54016
9113 58144
9114 54049
9115 50976
9116 54048
9117 58145
9118 54056
9119 54049
9120 54049
9121 27392
9122 54049
9123 60193
9124 52000
9125 51977
9126 64288
9127 58152
9128 54056
9129 61217
9130 49952
9131 60256
9132 27433
9133 49953
9134 60192
9135 25448
9136 25385
9137 62240
9138 58152
9139 26401
9140 19201
9141 54017
9142 49952
9143 19232
9144 27424
9145 49928
9146 27401
9147 49976
9148 49961
9149 54048
9150 61281
9151 52009
9152 17184
9153 49952
9154 54056
9155 56104
9156 60193
9157 26464
9158 25344
9159 25345
9160 58208
9161 55073
9162 58145
9163 52001
9164 58144
9165 19232
9166 49953
9167 51744
9168 51969
9169 52008
9170 19241
9171 27392
9172 49960
9173 25376
9174 58128
9175 19241
9176 54048
9177 27424
9178 58113
9179 19208
9180 25376
9181 49953
9182 54072
9183 56105
9184 60265
9185 58144
9186 19201
9187 56104
9188 49960
9189 49929
9190 54056
9191 54048
9192 28449
9193 25376
9194 49953
9195 17153
9196 49953
9197 52008
9198 58145
9199 49953
9200 25377
9201 25376
9202 49952
9203 17193
9204 56104
9205 54048
9206 25384
9207 49952
9208 19200
9209 58216
9210 56097
9211 49960
9212 22305
9213 51984
9214 49953
9215 63265
9216 2848
9217 52001
9218 59169
9219 17152
9220 49936
9221 58145
9222 52001
9223 58145
9224 19201
9225 62241
9226 19240
9227 54057
9228 49960
9229 49921
9230 58153
9231 25440
9232 62240
9233 59168
9234 49953
9235 51968
9236 49960
9237 25377
9238 25353
9239 56096
9240 21281
9241 54048
9242 49953
9243 19240
9244 54048
9245 49953
9246 49952
9247 52000
9248 56080
9249 26465
9250 56105
9251 27496
9252 54048
9253 25376
9254 54049
9255 54057
9256 63264
9257 63265
9258 57120
9259 56072
9260 18977
9261 49953
9262 55073
9263 27392
9264 19232
9265 25376
9266 27392
9267 49953
9268 54120
9269 54024
9270 27432
9271 58112
9272 17153
9273 59169
9274 28448
9275 25376
9276 49953
9277 27392
9278 49953
9279 49952
9280 49953
9281 59169
9282 27425
9283 2849
9284 19201
9285 59232
9286 54049
9287 25441
9288 49952
9289 52000
9290 52008
9291 25376
9292 27424
9293 25377
9294 51968
9295 49953
9296 25344
9297 60193
9298 25504
9299 58144
9300 17184
9301 54112
9302 27520
9303 58145
9304 54056
9305 54048
9306 56072
9307 19224
9308 54048
9309 56097
9310 49953
9311 19232
9312 54048
9313 17185
9314 52000
9315 25344
9316 54048
9317 54048
9318 61217
9319 49953
9320 60160
9321 62304
9322 60192
9323 56104
9324 19201
9325 58144
9326 27425
9327 62240
9328 27425
9329 52000
9330 49952
9331 17153
9332 54049
9333 55072
9334 58144
9335 49960
9336 49952
9337 56104
9338 54048
9339 49953
9340 22305
9341 52072
9342 17160
9343 62240
9344 55072
9345 58144
9346 59233
9347 60193
9348 49961
9349 19209
9350 58144
9351 2848
9352 19209
9353 60161
9354 19233
9355 19233
9356 19233
9357 62241
9358 17185
9359 25440
9360 57121
9361 58144
9362 65321
9363 20265
9364 55840
9365 17160
9366 27393
9367 2857
9368 54057
9369 27393
9370 49945
9371 27425
9372 58144
9373 63272
9374 58113
9375 25376
9376 53025
9377 49953
9378 54049
9379 54048
9380 54057
9381 52000
9382 49953
9383 19240
9384 25344
9385 58144
9386 52001
9387 54048
9388 54056
9389 62240
9390 60192
9391 54049
9392 61281
9393 19232
9394 54056
9395 58152
9396 19241
9397 54048
9398 52000
9399 28417
9400 60193
9401 63264
9402 27424
9403 53813
9404 25377
9405 20225
9406 58208
9407 25377
9408 60264
9409 50985
9410 54073
9411 19233
9412 25344
9413 53024
9414 19241
9415 49952
9416 49960
9417 54032
9418 25377
9419 49953
9420 20257
9421 27392
9422 63264
9423 19233
9424 63329
9425 25440
9426 19233
9427 25377
9428 52000
9429 21289
9430 52000
9431 27425
9432 49952
9433 25344
9434 63265
9435 59169
9436 25376
9437 62305
9438 19232
9439 60160
9440 27488
9441 25384
9442 58144
9443 54048
9444 58144
9445 52001
9446 27425
9447 17185
9448 19233
9449 58112
9450 25377
9451 17153
9452 19201
9453 51984
9454 58152
9455 49920
9456 19224
9457 49952
9458 49952
9459 58152
9460 54056
9461 60168
9462 49928
9463 49960
9464 28456
9465 54048
9466 56097
9467 49952
9468 54048
9469 63264
9470 19233
9471 25376
9472 27424
9473 27392
9474 49952
9475 62304
9476 55073
9477 25344
9478 19201
9479 49936
9480 19237
9481 49952
9482 51968
9483 25344
9484 27393
9485 19233
9486 54112
9487 52001
9488 19208
9489 54056
9490 62240
9491 55073
9492 58144
9493 50984
9494 49953
9495 49920
9496 49944
9497 49952
9498 49952
9499 27425
9500 17184
9501 62248
9502 61217
9503 49952
9504 58145
9505 49953
9506 49936
9507 56080
9508 52009
9509 17160
9510 58216
9511 58113
9512 25376
9513 64288
9514 51969
9515 17184
9516 52000
9517 54049
9518 27425
9519 49921
9520 58216
9521 25377
9522 56097
9523 54049
9524 53793
9525 58145
9526 26400
9527 58153
9528 54056
9529 49953
9530 55072
9531 55072
9532 17192
9533 49960
9534 58145
9535 54049
9536 55080
9537 52000
9538 49952
9539 58113
9540 55073
9541 52008
9542 58152
9543 17184
9544 19232
9545 17184
9546 25376
9547 58144
9548 54048
9549 62241
9550 19201
9551 56096
9552 27425
9553 54049
9554 25377
9555 49961
9556 58112
9557 19200
9558 58145
9559 54049
9560 61217
9561 54049
9562 56064
9563 17153
9564 54049
9565 51976
9566 26369
9567 62241
9568 54056
9569 19232
9570 58144
9571 49952
9572 52024
9573 49960
9574 58144
9575 19233
9576 60193
9577 19233
9578 27392
9579 56097
9580 54072
9581 54049
9582 59137
9583 56104
9584 20256
9585 52000
9586 55073
9587 27393
9588 27424
9589 19240
9590 54056
9591 27425
9592 56088
9593 52000
9594 54064
9595 61216
9596 27425
9597 54048
9598 58144
9599 59177
9600 25384
9601 52008
9602 49953
9603 49953
9604 58145
9605 54049
9606 58144
9607 17185
9608 49953
9609 17192
9610 49953
9611 54048
9612 25376
9613 63264
9614 62240
9615 54049
9616 52000
9617 62241
9618 49936
9619 54049
9620 60193
9621 19233
9622 27433
9623 27464
9624 49921
9625 49953
9626 49960
9627 27425
9628 52001
9629 25441
9630 28513
9631 58152
9632 54048
9633 53025
9634 37665
9635 54049
9636 51993
9637 49960
9638 27393
9639 17184
9640 25376
9641 49960
9642 51744
9643 52000
9644 17185
9645 62312
9646 54049
9647 17184
9648 59168
9649 52008
9650 55080
9651 49920
9652 29472
9653 58145
9654 49944
9655 25377
9656 17152
9657 54112
9658 17169
9659 25377
9660 27393
9661 50976
9662 60264
9663 25377
9664 49952
9665 49928
9666 55841
9667 61216
9668 25376
9669 49953
9670 51976
9671 19232
9672 49952
9673 52008
9674 49953
9675 27424
9676 58152
9677 49920
9678 49952
9679 49960
9680 54049
9681 54016
9682 25377
9683 27424
9684 25377
9685 54024
9686 52008
9687 27432
9688 56104
9689 54064
9690 54056
9691 52000
9692 55072
9693 19233
9694 54048
9695 27424
9696 25377
9697 54048
9698 64289
9699 27392
9700 49952
9701 54049
9702 52000
9703 19201
9704 19240
9705 58152
9706 56065
9707 52008
9708 19237
9709 27425
9710 58144
9711 52000
9712 58145
9713 49920
9714 58112
9715 49952
9716 61216
9717 27392
9718 63264
9719 27392
9720 58145
9721 27401
9722 17168
9723 19232
9724 49953
9725 58112
9726 55081
9727 19233
9728 49953
9729 25352
9730 25441
9731 25376
9732 19241
9733 54048
9734 62248
9735 27424
9736 25376
9737 51969
9738 25377
9739 19216
9740 25376
9741 25441
9742 25352
9743 49952
9744 63272
9745 25376
9746 28417
9747 62312
9748 49952
9749 25376
9750 58209
9751 62241
9752 49953
9753 49961
9754 53032
9755 52000
9756 19232
9757 62248
9758 25376
9759 56105
9760 58145
9761 61216
9762 19240
9763 49961
9764 25376
9765 58144
9766 52000
9767 51969
9768 27393
9769 25440
9770 49952
9771 25345
9772 55072
9773 25377
9774 60193
9775 58113
9776 27424
9777 54048
9778 25377
9779 54049
9780 55080
9781 19200
9782 56096
9783 54016
9784 58152
9785 55841
9786 25377
9787 49953
9788 54048
9789 49952
9790 25381
9791 17184
9792 58144
9793 52000
9794 58120
9795 27392
9796 49952
9797 27393
9798 60192
9799 54057
9800 60192
9801 53809
9802 27424
9803 58144
9804 19233
9805 58145
9806 27425
9807 52001
9808 57121
9809 25376
9810 59168
9811 54049
9812 60192
9813 19209
9814 19216
9815 49953
9816 52000
9817 50985
9818 58144
9819 60200
9820 60200
9821 27392
9822 17184
9823 62241
9824 60193
9825 27425
9826 62240
9827 19232
9828 19232
9829 62240
9830 54056
9831 60193
9832 65313
9833 63272
9834 58209
9835 58112
9836 56065
9837 19208
9838 53025
9839 27424
9840 55073
9841 58144
9842 17184
9843 49952
9844 28449
9845 55081
9846 60256
9847 17193
9848 50016
9849 49944
9850 49953
9851 54048
9852 25440
9853 19240
9854 55080
9855 63329
9856 54048
9857 27392
9858 63265
9859 60192
9860 56080
9861 25376
9862 51976
9863 50977
9864 19233
9865 27393
9866 49953
9867 62249
9868 19240
9869 52001
9870 54056
9871 58145
9872 54072
9873 63265
9874 27425
9875 54057
9876 25376
9877 27433
9878 58144
9879 20264
9880 27425
9881 17176
9882 58209
9883 19201
9884 19233
9885 58152
9886 27392
9887 58145
9888 54048
9889 50977
9890 58145
9891 55072
9892 51969
9893 19241
9894 62240
9895 64288
9896 58145
9897 58152
9898 17153
9899 58153
9900 49952
9901 25344
9902 17184
9903 54049
9904 19233
9905 19200
9906 56104
9907 55072
9908 49960
9909 17192
9910 27425
9911 58144
9912 52024
9913 19232
9914 19241
9915 51993
9916 25441
9917 27392
9918 27424
9919 49961
9920 57129
9921 54056
9922 49952
9923 58208
9924 49961
9925 25377
9926 54057
9927 54048
9928 49961
9929 26400
9930 54048
9931 17184
9932 19216
9933 49961
9934 58144
9935 25377
9936 17184
9937 61217
9938 19201
9939 60161
9940 19240
9941 54048
9942 51977
9943 27393
9944 52000
9945 63265
9946 25353
9947 17184
9948 58144
9949 27424
9950 49952
9951 27392
9952 63328
9953 49952
9954 49961
9955 60193
9956 49952
9957 27489
9958 55072
9959 58153
9960 55841
9961 17185
9962 54048
9963 55081
9964 59168
9965 19233
9966 27489
9967 58120
9968 6945
9969 58145
9970 62240
9971 27424
9972 25377
9973 58113
9974 55081
9975 59168
9976 60192
9977 54048
9978 19232
9979 18208
9980 54048
9981 50024
9982 25377
9983 59168
9984 52008
9985 58144
9986 49952
9987 54057
9988 58152
9989 25376
9990 58112
9991 49952
9992 60192
9993 49953
9994 54048
9995 49952
9996 25384
9997 25376
9998 49952
9999 58144
10000 49952
10001 64288
10002 19233
10003 55080
10004 58144
10005 54056
10006 58144
10007 27424
10008 27425
10009 54048
10010 49953
10011 63264
10012 19233
10013 54016
10014 49953
10015 49952
10016 25344
10017 56104
10018 58113
10019 25344
10020 17161
10021 49952
10022 60192
10023 49961
10024 60192
10025 58144
10026 53025
10027 51968
10028 59169
10029 27400
10030 19216
10031 49921
10032 17184
10033 60200
10034 58152
10035 27488
10036 51744
10037 28513
10038 25377
10039 51976
10040 54048
10041 27424
10042 58145
10043 19233
10044 27400
10045 60192
10046 25377
10047 54057
10048 27425
10049 26401
10050 52000
10051 55073
10052 27489
10053 54056
10054 25376
10055 58152
10056 17193
10057 54056
10058 27393
10059 27425
10060 17152
10061 49953
10062 17184
10063 60256
10064 49953
10065 17168
10066 58145
10067 19216
10068 49952
10069 25344
10070 55081
10071 62241
10072 63264
10073 58145
10074 18945
10075 54056
10076 62240
10077 64288
10078 52001
10079 19216
10080 60192
10081 17184
10082 25376
10083 54048
10084 19233
10085 17184
10086 27425
10087 51745
10088 52000
10089 50024
10090 54064
10091 49952
10092 49921
10093 27424
10094 17160
10095 27425
10096 19217
10097 25376
10098 61216
10099 19216
10100 19232
10101 27425
10102 54056
10103 19232
10104 54024
10105 58145
10106 49952
10107 49952
10108 58144
10109 59136
10110 49952
10111 25377
10112 49952
10113 60192
10114 27393
10115 17192
10116 58145
10117 25353
10118 53025
10119 25377
10120 52072
10121 17152
10122 51992
10123 53025
10124 49953
10125 54048
10126 58112
10127 19233
10128 49960
10129 49944
10130 60192
10131 49952
10132 51976
10133 52001
10134 19208
10135 56105
10136 58208
10137 52001
10138 19233
10139 49920
10140 60265
10141 49953
10142 52000
10143 25376
10144 19200
10145 28513
10146 17192
10147 56096
10148 57121
10149 57129
10150 27408
10151 58144
10152 19217
10153 59136
10154 17185
10155 25345
10156 60193
10157 58144
10158 25376
10159 60192
10160 58144
10161 49952
10162 63265
10163 52000
10164 52000
10165 25376
10166 54049
10167 20225
10168 49952
10169 52001
10170 19200
10171 54056
10172 17176
10173 58112
10174 23328
10175 49952
10176 54048
10177 57121
10178 60193
10179 19201
10180 19233
10181 52000
10182 58145
10183 58145
10184 59169
10185 49952
10186 27425
10187 60192
10188 27392
10189 60193
10190 17169
10191 27424
10192 25449
10193 27488
10194 28457
10195 27488
10196 54049
10197 27393
10198 25377
10199 25376
10200 27408
10201 58145
10202 25344
10203 54048
10204 49952
10205 58144
10206 60193
10207 49953
10208 61217
10209 54049
10210 56097
10211 58121
10212 49953
10213 49952
10214 27392
10215 58144
10216 58145
10217 19209
10218 27457
10219 25376
10220 23336
10221 17185
10222 28449
10223 19237
10224 17192
10225 23336
10226 51992
10227 52009
10228 54048
10229 58145
10230 54056
10231 58112
10232 58145
10233 56097
10234 55072
10235 54056
10236 27424
10237 54048
10238 19208
10239 52001
10240 49952
10241 25377
10242 27400
10243 58145
10244 56104
10245 49961
10246 27400
10247 18209
10248 49952
10249 58145
10250 54048
10251 56097
10252 27392
10253 54040
10254 17185
10255 25376
10256 50977
10257 19201
10258 58128
10259 25504
10260 58112
10261 62240
10262 49960
10263 49952
10264 27424
10265 49936
10266 59168
10267 54056
10268 58144
10269 19233
10270 49952
10271 28449
10272 54049
10273 61185
10274 19240
10275 56097
10276 55081
10277 58152
10278 27393
10279 27425
10280 58121
10281 49953
10282 27488
10283 19232
10284 54057
10285 17168
10286 49952
10287 19232
10288 27424
10289 58152
10290 25376
10291 19201
10292 59232
10293 49968
10294 57120
10295 19209
10296 54048
10297 49953
10298 28457
10299 21288
10300 51968
10301 25385
10302 60192
10303 49952
10304 54048
10305 21288
10306 27392
10307 53025
10308 54056
10309 25384
10310 51993
10311 25377
10312 28449
10313 54049
10314 28449
10315 25376
10316 58208
10317 58144
10318 17184
10319 49953
10320 27400
10321 25376
10322 49961
10323 59169
10324 25377
10325 27457
10326 17184
10327 58113
10328 17161
10329 17185
10330 49920
10331 51985
10332 19233
10333 28457
10334 51968
10335 59169
10336 54048
10337 25377
10338 25352
10339 58144
10340 49929
10341 19208
10342 54048
10343 65313
10344 57129
10345 58144
10346 58144
10347 49953
10348 28449
10349 56097
10350 19201
10351 49960
10352 53032
10353 49976
10354 62241
10355 60200
10356 49952
10357 49952
10358 49953
10359 49953
10360 52001
10361 19225
10362 60193
10363 49960
10364 54049
10365 17184
10366 58144
10367 58144
10368 60161
10369 56096
10370 49952
10371 60265
10372 17184
10373 54048
10374 54049
10375 60257
10376 27392
10377 25376
10378 58144
10379 19240
10380 49960
10381 19225
10382 52000
10383 60192
10384 25345
10385 17192
10386 54049
10387 56096
10388 51976
10389 27393
10390 56097
10391 19201
10392 58112
10393 27424
10394 65312
10395 60192
10396 19233
10397 49952
10398 58144
10399 54048
10400 27424
10401 27425
10402 27393
10403 52072
10404 58145
10405 53025
10406 54049
10407 27393
10408 58152
10409 25377
10410 25376
10411 54048
10412 27432
10413 59176
10414 52000
10415 63265
10416 49952
10417 23336
10418 27432
10419 62241
10420 53025
10421 19232
10422 54057
10423 27400
10424 19216
10425 21289
10426 19216
10427 26400
10428 52000
10429 19209
10430 58144
10431 53024
10432 27425
10433 19201
10434 49952
10435 54056
10436 19200
10437 56104
10438 49952
10439 58152
10440 27496
10441 51976
10442 54049
10443 49960
10444 58144
10445 27489
10446 55081
10447 28449
10448 56104
10449 60192
10450 49960
10451 49952
10452 25352
10453 27497
10454 52000
10455 54016
10456 49961
10457 17152
10458 26464
10459 51976
10460 62241
10461 54048
10462 52001
10463 27424
10464 19233
10465 28449
10466 27393
10467 52000
10468 17184
10469 52008
10470 53032
10471 17153
10472 60193
10473 19232
10474 52000
10475 19232
10476 58152
10477 19232
10478 49953
10479 18216
10480 19217
10481 17184
10482 55073
10483 19209
10484 49968
10485 56096
10486 60192
10487 60192
10488 27520
10489 19208
10490 54049
10491 54049
10492 55080
10493 49960
10494 28449
10495 61217
10496 58113
10497 49953
10498 58112
10499 49961
10500 55072
10501 54048
10502 56096
10503 17184
10504 54072
10505 62241
10506 20257
10507 55081
10508 49953
10509 50977
10510 2857
10511 58145
10512 56097
10513 27520
10514 58152
10515 51968
10516 25344
10517 49945
10518 58113
10519 49968
10520 49960
10521 58144
10522 54049
10523 49960
10524 25352
10525 59176
10526 17192
10527 62248
10528 27425
10529 51976
10530 56072
10531 55073
10532 54049
10533 58144
10534 25377
10535 51992
10536 53033
10537 27496
10538 49952
10539 17177
10540 26401
10541 17153
10542 60193
10543 27393
10544 49952
10545 51745
10546 58145
10547 49953
10548 58120
10549 49968
10550 49952
10551 49961
10552 52008
10553 17184
10554 52001
10555 54049
10556 52001
10557 19233
10558 25376
10559 49953
10560 27400
10561 18216
10562 28449
10563 49952
10564 27424
10565 65312
10566 52008
10567 52001
10568 25376
10569 58120
10570 56096
10571 21288
10572 56072
10573 58152
10574 62209
10575 27424
10576 60192
10577 58145
10578 19208
10579 17192
10580 52001
10581 27425
10582 49977
10583 27432
10584 55096
10585 62240
10586 25384
10587 49952
10588 26401
10589 19217
10590 25377
10591 54049
10592 58144
10593 25377
10594 49953
10595 54056
10596 51968
10597 19237
10598 65313
10599 20257
10600 19201
10601 27488
10602 27489
10603 52001
10604 58152
10605 58145
10606 28417
10607 59168
10608 56073
10609 58144
10610 52001
10611 58145
10612 54073
10613 27425
10614 54056
10615 60192
10616 27464
10617 56096
10618 19201
10619 51969
10620 27401
10621 54065
10622 19232
10623 49920
10624 17153
10625 17185
10626 58144
10627 54048
10628 6945
10629 27425
10630 54112
10631 54113
10632 25376
10633 27464
10634 54049
10635 51745
10636 56072
10637 54049
10638 49953
10639 27432
10640 54056
10641 25448
10642 54049
10643 61225
10644 58152
10645 59168
10646 27425
10647 19200
10648 27392
10649 58145
10650 54112
10651 19201
10652 54048
10653 51969
10654 18209
10655 27425
10656 58144
10657 19232
10658 26401
10659 52008
10660 54056
10661 54049
10662 58145
10663 17160
10664 25377
10665 19233
10666 58152
10667 52000
10668 49953
10669 58144
10670 25376
10671 25344
10672 19233
10673 17184
10674 28424
10675 54072
10676 63265
10677 52001
10678 61216
10679 58112
10680 49968
10681 17208
10682 62240
10683 49952
10684 19201
10685 58145
10686 52001
10687 19216
10688 27425
10689 59168
10690 49953
10691 59169
10692 54057
10693 27393
10694 52008
10695 59233
10696 25448
10697 54049
10698 58112
10699 17185
10700 25345
10701 27424
10702 17193
10703 55080
10704 25376
10705 49952
10706 52001
10707 17185
10708 17152
10709 56105
10710 54049
10711 52001
10712 49960
10713 52001
10714 26464
10715 27425
10716 26401
10717 58145
10718 21281
10719 19233
10720 54032
10721 55073
10722 55841
10723 49952
10724 25377
10725 58145
10726 27393
10727 49952
10728 54025
10729 54057
10730 19241
10731 60193
10732 28449
10733 50016
10734 25377
10735 52001
10736 25344
10737 27425
10738 49976
10739 60257
10740 60192
10741 27425
10742 53025
10743 55081
10744 50977
10745 49952
10746 54056
10747 49936
10748 52000
10749 52000
10750 58144
10751 58145
10752 25344
10753 57121
10754 49944
10755 49977
10756 19201
10757 6945
10758 63264
10759 19200
10760 27392
10761 17200
10762 27393
10763 60193
10764 49952
10765 25376
10766 58113
10767 59169
10768 19240
10769 54112
10770 58113
10771 49952
10772 19225
10773 53024
10774 56097
10775 54056
10776 49952
10777 27393
10778 58144
10779 49952
10780 53792
10781 25376
10782 63265
10783 17168
10784 49936
10785 59169
10786 55073
10787 58208
10788 26401
10789 27425
10790 17192
10791 27424
10792 54048
10793 19201
10794 27392
10795 49953
10796 49952
10797 27425
10798 27425
10799 25376
10800 49960
10801 55073
10802 58145
10803 25352
10804 27424
10805 19233
10806 54049
10807 19200
10808 49953
10809 27425
10810 57129
10811 49952
10812 19233
10813 49952
10814 62240
10815 28449
10816 58208
10817 62240
10818 17192
10819 54049
10820 19201
10821 19233
10822 27392
10823 62240
10824 17184
10825 49952
10826 49961
10827 27425
10828 58176
10829 27424
10830 27433
10831 52016
10832 54056
10833 54049
10834 19208
10835 49953
10836 25344
10837 54056
10838 60192
10839 27425
10840 63265
10841 19233
10842 56104
10843 58120
10844 25376
10845 49952
10846 25344
10847 27425
10848 62240
10849 25384
10850 19232
10851 58208
10852 52009
10853 55072
10854 27392
10855 26400
10856 54049
10857 27489
10858 54049
10859 19240
10860 54048
10861 19201
10862 19232
10863 51992
10864 49952
10865 19209
10866 52008
10867 51969
10868 54072
10869 25377
10870 55072
10871 27424
10872 19233
10873 54048
10874 27432
10875 19232
10876 20225
10877 27425
10878 60193
10879 55073
10880 57120
10881 25345
10882 58152
10883 25344
10884 52000
10885 17185
10886 49952
10887 49920
10888 49952
10889 19232
10890 62241
10891 25376
10892 19233
10893 25376
10894 49952
10895 49960
10896 58112
10897 54057
10898 25344
10899 55080
10900 56096
10901 58145
10902 52000
10903 19209
10904 58144
10905 60193
10906 58145
10907 19200
10908 17192
10909 52024
10910 49969
10911 27425
10912 25377
10913 19241
10914 19216
10915 62240
10916 17185
10917 60193
10918 17184
10919 25440
10920 17185
10921 58145
10922 52001
10923 25376
10924 55081
10925 56073
10926 49953
10927 49952
10928 49920
10929 49953
10930 49960
10931 49953
10932 54017
10933 58112
10934 27496
10935 27392
10936 49952
10937 17161
10938 52008
10939 17184
10940 25376
10941 19232
10942 27392
10943 54048
10944 52008
10945 27400
10946 49960
10947 58152
10948 58144
10949 49952
10950 49953
10951 60161
10952 50977
10953 25376
10954 54064
10955 37665
10956 25345
10957 62241
10958 56096
10959 56104
10960 58144
10961 51976
10962 52009
10963 59169
10964 27520
10965 52000
10966 19240
10967 25377
10968 58144
10969 54057
10970 55080
10971 58145
10972 49952
10973 49953
10974 64289
10975 58144
10976 56097
10977 25344
10978 27424
10979 49960
10980 18977
10981 19232
10982 54048
10983 58112
10984 27432
10985 19241
10986 60201
10987 25440
10988 49921
10989 54048
10990 25377
10991 49953
10992 58209
10993 56104
10994 58144
10995 49952
10996 58112
10997 51969
10998 18945
10999 55073
11000 25360
11001 25377
11002 19233
11003 19232
11004 49953
11005 55080
11006 54064
11007 51976
11008 58144
11009 27425
11010 17192
11011 58144
11012 64289
11013 17184
11014 54053
11015 19209
11016 17185
11017 54016
11018 49976
11019 27497
11020 19200
11021 54048
11022 60200
11023 19240
11024 58144
11025 25384
11026 58144
11027 19232
11028 49936
11029 60200
11030 19200
11031 60161
11032 21281
11033 58144
11034 19237
11035 49953
11036 26401
11037 25376
11038 59233
11039 27392
11040 20257
11041 17185
11042 54048
11043 27489
11044 60200
11045 25377
11046 49976
11047 17184
11048 52001
11049 54048
11050 52016
11051 54025
11052 49953
11053 60160
11054 54056
11055 54065
11056 27432
11057 55072
11058 17192
11059 49952
11060 52000
11061 25352
11062 27424
11063 19233
11064 25344
11065 19240
11066 20257
11067 49953
11068 58145
11069 28448
11070 19233
11071 25376
11072 17192
11073 27424
11074 49960
11075 54048
11076 60192
11077 49952
11078 27424
11079 52000
11080 58144
11081 27424
11082 19225
11083 59169
11084 25377
11085 27424
11086 54049
11087 19240
11088 58145
11089 27393
11090 49929
11091 19233
11092 59177
11093 49961
11094 60192
11095 49960
11096 17193
11097 17193
11098 18945
11099 20256
11100 49961
11101 25504
11102 58144
11103 65313
11104 19216
11105 51969
11106 27425
11107 56097
11108 60161
11109 49960
11110 27425
11111 60161
11112 60192
11113 27392
11114 27424
11115 54016
11116 54057
11117 55072
11118 17184
11119 55072
11120 54056
11121 60192
11122 55072
11123 25504
11124 57121
11125 19232
11126 50024
11127 54049
11128 63273
11129 62304
11130 61225
11131 19240
11132 27425
11133 27424
11134 17161
11135 58112
11136 27425
11137 49952
11138 55073
11139 51985
11140 25377
11141 27425
11142 55073
11143 53025
11144 27393
11145 28417
11146 60193
11147 54056
11148 57121
11149 49952
11150 58145
11151 19216
11152 49953
11153 19232
11154 17185
11155 54057
11156 52001
11157 56097
11158 61224
11159 19208
11160 19232
11161 17184
11162 37665
11163 17184
11164 56120
11165 56105
11166 49960
11167 17192
11168 54048
11169 49960
11170 25440
11171 49968
11172 27425
11173 49921
11174 27393
11175 55073
11176 52000
11177 19232
11178 58144
11179 19201
11180 55080
11181 54057
11182 51969
11183 49952
11184 27425
11185 25377
11186 49953
11187 49960
11188 53792
11189 27393
11190 58145
11191 54056
11192 27488
11193 51992
11194 58144
11195 27425
11196 49921
11197 17161
11198 17185
11199 52000
11200 52000
11201 19237
11202 27488
11203 58144
11204 49960
11205 55073
11206 57121
11207 19232
11208 19201
11209 27392
11210 52008
11211 52001
11212 54057
11213 28448
11214 58145
11215 19201
11216 19233
11217 19208
11218 58144
11219 19241
11220 21289
11221 58144
11222 58208
11223 59169
11224 55073
11225 54056
11226 17185
11227 25376
11228 49952
11229 19233
11230 54056
11231 49953
11232 61216
11233 54049
11234 52001
11235 53024
11236 19200
11237 49961
11238 56104
11239 56096
11240 19200
11241 27424
11242 50976
11243 58113
11244 59177
11245 26465
11246 49952
11247 49953
11248 49960
11249 26401
11250 17185
11251 27425
11252 25353
11253 58152
11254 58144
11255 54048
11256 20256
11257 49953
11258 25376
11259 64288
11260 61225
11261 51969
11262 58216
11263 51976
11264 62305
11265 56097
11266 19201
11267 19200
11268 54056
11269 57121
11270 52000
11271 49952
11272 25376
11273 19216
11274 54048
11275 49920
11276 58145
11277 58144
11278 62240
11279 54048
11280 56105
11281 19200
11282 58144
11283 58144
11284 25345
11285 58113
11286 19240
11287 52009
11288 49952
11289 54056
11290 62240
11291 19201
11292 58144
11293 27392
11294 51745
11295 59169
11296 25377
11297 17152
11298 51745
11299 58112
11300 17168
11301 54048
11302 57121
11303 62248
11304 17185
11305 19232
11306 17153
11307 58144
11308 49953
11309 60193
11310 27401
11311 27392
11312 25344
11313 17184
11314 53025
11315 58208
11316 60264
11317 52000
11318 49920
11319 19233
11320 49953
11321 19232
11322 2849
11323 27392
11324 19232
11325 54056
11326 59176
11327 56097
11328 49960
11329 50984
11330 23337
11331 19240
11332 54048
11333 54049
11334 27425
11335 49953
11336 55080
11337 60192
11338 17248
11339 25344
11340 64289
11341 27424
11342 17185
11343 60200
11344 54048
11345 17184
11346 27400
11347 61216
11348 63272
11349 49968
11350 49952
11351 55073
11352 58113
11353 64289
11354 49968
11355 25441
11356 28513
11357 54049
11358 52000
11359 49952
11360 25352
11361 54057
11362 58144
11363 49944
11364 17152
11365 57121
11366 58145
11367 55072
11368 25377
11369 27432
11370 49953
11371 59168
11372 62241
11373 53025
11374 54048
11375 55072
11376 54049
11377 54048
11378 55080
11379 54817
11380 54049
11381 58120
11382 11041
11383 49928
11384 25376
11385 58112
11386 63265
11387 49961
11388 54033
11389 27400
11390 27424
11391 49960
11392 25377
11393 60192
11394 59169
11395 25376
11396 62241
11397 54048
11398 27433
11399 27392
11400 52008
11401 54049
11402 58144
11403 55072
11404 56072
11405 58144
11406 25376
11407 17185
11408 60192
11409 27488
11410 17152
11411 21281
11412 17152
11413 51968
11414 55073
11415 50977
11416 25377
11417 55073
11418 56105
11419 25384
11420 54049
11421 54056
11422 62241
11423 49976
11424 27425
11425 52001
11426 51992
11427 19240
11428 54113
11429 25376
11430 60192
11431 29472
11432 27392
11433 19201
11434 58144
11435 53809
11436 51984
11437 54049
11438 19209
11439 25408
11440 49928
11441 58152
11442 25384
11443 49953
11444 54016
11445 58145
11446 58144
11447 17152
11448 49928
11449 52008
11450 56097
11451 19240
11452 25440
11453 54049
11454 53033
11455 25376
11456 54048
11457 27392
11458 58144
11459 49953
11460 27424
11461 59169
11462 51968
11463 17184
11464 51968
11465 19232
11466 27393
11467 54048
11468 19240
11469 27488
11470 28449
11471 25376
11472 49952
11473 58136
11474 63265
11475 54024
11476 27424
11477 59169
11478 52009
11479 54120
11480 17200
11481 25376
11482 2849
11483 49953
11484 58144
11485 27424
11486 17184
11487 19232
11488 52009
11489 49952
11490 58145
11491 49953
11492 52000
11493 19233
11494 60192
11495 52008
11496 27408
11497 63265
11498 20264
11499 60192
11500 27520
11501 19233
11502 17185
11503 25376
11504 52001
11505 57129
11506 27433
11507 19208
11508 27392
11509 49952
11510 54072
11511 56096
11512 17168
11513 58144
11514 17169
11515 58145
11516 27497
11517 59168
11518 49944
11519 55073
11520 55072
11521 19201
11522 19233
11523 50945
11524 55081
11525 27425
11526 25345
11527 19200
11528 63265
11529 49952
11530 54048
11531 60192
11532 27424
11533 54057
11534 49953
11535 58144
11536 54049
11537 59169
11538 27425
11539 25377
11540 27424
11541 56096
11542 25440
11543 58145
11544 19209
11545 60193
11546 28417
11547 49953
11548 25377
11549 19233
11550 60192
11551 56105
11552 51977
11553 19232
11554 58153
11555 19241
11556 19240
11557 27392
11558 52025
11559 52000
11560 19201
11561 27424
11562 19232
11563 19232
11564 19233
11565 25376
11566 19233
11567 62241
11568 17185
11569 62305
11570 49960
11571 54056
11572 54017
11573 54049
11574 55088
11575 56104
11576 60168
11577 17184
11578 19208
11579 54049
11580 19216
11581 49952
11582 17152
11583 49953
11584 17169
11585 60200
11586 17160
11587 19216
11588 25504
11589 49960
11590 54016
11591 54048
11592 28457
11593 27424
11594 17185
11595 28449
11596 27424
11597 57121
11598 17193
11599 56064
11600 19232
11601 49952
11602 54048
11603 54048
11604 2856
11605 61281
11606 59168
11607 27456
11608 19232
11609 49952
11610 19200
11611 19232
11612 60192
11613 55080
11614 49953
11615 27424
11616 19232
11617 54048
11618 60160
11619 19208
11620 49952
11621 27425
11622 19237
11623 19201
11624 54048
11625 19200
11626 52001
11627 58144
11628 19232
11629 64289
11630 59169
11631 27424
11632 58120
11633 49953
11634 49952
11635 52001
11636 54048
11637 27424
11638 52001
11639 25377
11640 25376
11641 49953
11642 60192
11643 17152
11644 58145
11645 27425
11646 56080
11647 49961
11648 54048
11649 56097
11650 62240
11651 52009
11652 17184
11653 54049
11654 54049
11655 17168
11656 58152
11657 49953
11658 28417
11659 52008
11660 63328
11661 19201
11662 49928
11663 19240
11664 27425
11665 50977
11666 28449
11667 49953
11668 17185
11669 23336
11670 63264
11671 17185
11672 64289
11673 55073
11674 54064
11675 60193
11676 19241
11677 50016
11678 58145
11679 59169
11680 60192
11681 61185
11682 52000
11683 27393
11684 56097
11685 17184
11686 49921
11687 19201
11688 25384
11689 26401
11690 49952
11691 55073
11692 55073
11693 59232
11694 58153
11695 60265
11696 58152
11697 25377
11698 17176
11699 55073
11700 17169
11701 27424
11702 25377
11703 23328
11704 19224
11705 62240
11706 25377
11707 27425
11708 58144
11709 37665
11710 49952
11711 49961
11712 23329
11713 58112
11714 25345
11715 19233
11716 60200
11717 49960
11718 49953
11719 62241
11720 54048
11721 27424
11722 62240
11723 27433
11724 27393
11725 25504
11726 52001
11727 58152
11728 27424
11729 37664
11730 49969
11731 52001
11732 19232
11733 51976
11734 54048
11735 28449
11736 27424
11737 60160
11738 59177
11739 19233
11740 49953
11741 56097
11742 51985
11743 54049
11744 19209
11745 28449
11746 27497
11747 19233
11748 56097
11749 19232
11750 17177
11751 49961
11752 17185
11753 58145
11754 27432
11755 52000
11756 54056
11757 27424
11758 54053
11759 27424
11760 54049
11761 27425
11762 54048
11763 49953
11764 58144
11765 51744
11766 55073
11767 21281
11768 19217
11769 25344
11770 52009
11771 23337
11772 61281
11773 54056
11774 58144
11775 58144
11776 60161
11777 63272
11778 18945
11779 51744
11780 49953
11781 25344
11782 58145
11783 62240
11784 52000
11785 54056
11786 17160
11787 53809
11788 25376
11789 52008
11790 54056
11791 27392
11792 59233
11793 25377
11794 19216
11795 49952
11796 62240
11797 57129
11798 25345
11799 49944
11800 63329
11801 27425
11802 27497
11803 27520
11804 58144
11805 58216
11806 17185
11807 25344
11808 62241
11809 27489
11810 25376
11811 55073
11812 27432
11813 54049
11814 19201
11815 54049
11816 52064
11817 25376
11818 52001
11819 54072
11820 25385
11821 28449
11822 17185
11823 62312
11824 58145
11825 23328
11826 49960
11827 54065
11828 27424
11829 58208
11830 27432
11831 57129
11832 49920
11833 19232
11834 25376
11835 26401
11836 19233
11837 25376
11838 17184
11839 53793
11840 58144
11841 25377
11842 17208
11843 52000
11844 49952
11845 25344
11846 19233
11847 19233
11848 25344
11849 58145
11850 54049
11851 56097
11852 27425
11853 19232
11854 17185
11855 63264
11856 19216
11857 17185
11858 52001
11859 19216
11860 19233
11861 27489
11862 60169
11863 49976
11864 27457
11865 60192
11866 27425
11867 54064
11868 25376
11869 27425
11870 19241
11871 19233
11872 25384
11873 49953
11874 49961
11875 2849
11876 49961
11877 55088
11878 19233
11879 58145
11880 54049
11881 27424
11882 63264
11883 2857
11884 60256
11885 56105
11886 58144
11887 19233
11888 58153
11889 800
11890 27425
11891 49953
11892 58144
11893 58113
11894 56097
11895 56072
11896 60256
11897 52000
11898 58145
11899 19201
11900 19233
11901 27425
11902 27433
11903 25441
11904 25376
11905 27392
11906 52001
11907 52001
11908 19232
11909 19232
11910 59169
11911 20257
11912 25384
11913 62248
11914 17152
11915 58152
11916 20256
11917 56097
11918 49960
11919 17185
11920 51968
11921 55841
11922 54048
11923 25376
11924 52008
11925 28448
11926 54056
11927 19233
11928 54048
11929 49952
11930 56096
11931 58144
11932 54048
11933 51984
11934 62304
11935 49953
11936 52001
11937 52064
11938 58153
11939 54056
11940 63264
11941 49920
11942 19209
11943 49952
11944 58153
11945 58112
11946 27425
11947 19200
11948 54072
11949 58144
11950 49944
11951 54049
11952 19232
11953 49960
11954 49952
11955 25376
11956 54065
11957 25376
11958 63265
11959 60193
11960 52009
11961 58144
11962 60192
11963 58145
11964 56065
11965 25377
11966 27497
11967 19200
11968 49952
11969 49953
11970 56105
11971 58153
11972 27392
11973 49921
11974 27393
11975 58145
11976 58145
11977 58144
11978 56096
11979 60160
11980 59176
11981 49953
11982 60200
11983 49961
11984 27424
11985 25377
11986 19201
11987 25376
11988 49929
11989 52000
11990 49929
11991 54049
11992 19241
11993 27425
11994 21281
11995 54056
11996 54057
11997 52000
11998 56097
11999 49953
12000 49920
12001 19201
12002 27424
12003 56065
12004 25377
12005 59169
12006 27393
12007 27393
12008 54049
12009 55073
12010 60160
12011 19241
12012 19201
12013 59176
12014 25377
12015 25377
12016 55080
12017 17160
12018 55073
12019 55073
12020 54048
12021 63265
12022 49952
12023 54048
12024 54048
12025 27424
12026 49976
12027 60200
12028 49953
12029 60169
12030 58152
12031 27425
12032 51968
12033 58145
12034 27424
12035 58144
12036 26464
12037 25344
12038 25376
12039 59177
12040 19232
12041 49952
12042 25377
12043 25377
12044 18217
12045 55080
12046 27424
12047 58145
12048 50977
12049 65312
12050 49944
12051 27392
12052 55072
12053 58144
12054 25376
12055 52000
12056 27424
12057 61224
12058 58152
12059 25352
12060 54016
12061 49960
12062 49961
12063 51969
12064 27433
12065 27433
12066 25504
12067 27520
12068 54049
12069 49952
12070 17185
12071 52001
12072 52000
12073 55073
12074 49928
12075 58112
12076 27401
12077 61217
12078 27424
12079 56097
12080 27433
12081 60193
12082 27425
12083 19209
12084 58145
12085 54048
12086 49961
12087 60192
12088 62241
12089 49953
12090 49953
12091 54057
12092 54048
12093 17192
12094 49952
12095 19209
12096 54049
12097 27424
12098 49952
12099 19232
12100 58144
12101 19208
12102 25440
12103 27392
12104 25376
12105 49953
12106 27424
12107 54048
12108 17185
12109 17192
12110 49921
12111 50976
12112 63264
12113 25440
12114 49952
12115 49952
12116 49953
12117 62240
12118 27424
12119 27393
12120 49952
12121 54049
12122 17185
12123 54056
12124 54048
12125 54049
12126 49952
12127 17192
12128 25376
12129 28449
12130 59169
12131 52001
12132 21288
12133 65312
12134 50016
12135 49952
12136 56104
12137 54049
12138 54032
12139 49960
12140 55073
12141 23336
12142 49936
12143 52008
12144 22305
12145 17200
12146 54056
12147 17152
12148 54056
12149 58120
12150 25377
12151 19232
12152 60193
12153 49960
12154 19232
12155 55073
12156 25345
12157 25440
12158 56096
12159 25376
12160 25377
12161 49953
12162 56105
12163 19201
12164 58144
12165 62241
12166 19201
12167 49953
12168 28449
12169 58145
12170 19237
12171 58152
12172 26401
12173 25441
12174 25377
12175 58145
12176 18945
12177 58145
12178 49952
12179 57121
12180 19232
12181 19200
12182 59232
12183 17152
12184 60192
12185 58144
12186 27401
12187 62241
12188 54049
12189 60192
12190 54049
12191 25385
12192 19233
12193 58145
12194 19201
12195 52000
12196 49944
12197 58145
12198 56097
12199 27496
12200 27425
12201 56064
12202 62241
12203 54048
12204 58144
12205 17176
12206 64288
12207 25345
12208 54056
12209 27425
12210 25377
12211 58208
12212 49952
12213 58113
12214 25440
12215 19241
12216 55080
12217 17160
12218 59177
12219 52001
12220 25352
12221 25376
12222 54072
12223 58144
12224 49952
12225 27392
12226 17184
12227 27424
12228 19233
12229 19201
12230 54048
12231 63264
12232 27425
12233 58145
12234 27392
12235 54048
12236 59168
12237 17184
12238 19232
12239 54049
12240 56105
12241 25376
12242 58144
12243 25376
12244 27392
12245 19232
12246 54049
12247 64288
12248 59169
12249 19232
12250 58152
12251 60257
12252 49953
12253 25377
12254 52001
12255 49960
12256 49952
12257 19241
12258 25376
12259 58152
12260 58144
12261 54048
12262 25344
12263 49953
12264 49952
12265 58144
12266 17168
12267 54064
12268 50976
12269 49961
12270 55080
12271 18977
12272 49952
12273 58144
12274 27425
12275 49952
12276 49953
12277 26465
12278 49961
12279 58113
12280 54048
12281 62249
12282 58136
12283 54048
12284 52016
12285 49953
12286 49944
12287 27488
12288 58216
12289 49952
12290 54048
12291 58208
12292 54049
12293 27425
12294 27393
12295 58145
12296 58112
12297 54048
12298 19232
12299 27424
12300 58209
12301 62241
12302 49952
12303 55081
12304 58113
12305 49920
12306 25344
12307 59169
12308 49968
12309 17168
12310 58145
12311 27392
12312 17161
12313 19232
12314 25441
12315 49960
12316 58113
12317 25440
12318 54049
12319 17152
12320 27424
12321 58144
12322 19241
12323 62241
12324 27392
12325 49961
12326 25440
12327 54049
12328 49952
12329 58144
12330 52000
12331 25352
12332 58145
12333 49952
12334 26401
12335 59168
12336 59168
12337 25376
12338 54048
12339 19233
12340 25377
12341 17185
12342 52000
12343 19232
12344 55073
12345 27432
12346 17192
12347 54049
12348 54048
12349 52001
12350 19241
12351 49953
12352 58145
12353 26464
12354 59169
12355 58145
12356 25377
12357 58145
12358 25377
12359 19201
12360 49921
12361 58152
12362 58145
12363 19201
12364 55081
12365 17184
12366 49961
12367 49953
12368 58152
12369 54049
12370 49953
12371 19208
12372 49952
12373 27433
12374 54049
12375 63265
12376 49928
12377 55073
12378 27424
12379 58145
12380 53025
12381 27424
12382 27496
12383 58145
12384 27425
12385 17184
12386 49952
12387 49961
12388 26369
12389 57121
12390 27425
12391 52001
12392 19200
12393 27425
12394 27393
12395 19232
12396 59168
12397 49952
12398 49920
12399 27424
12400 65312
12401 60192
12402 49960
12403 25440
12404 61216
12405 17177
12406 59169
12407 54056
12408 49953
12409 57120
12410 52001
12411 19240
12412 27425
12413 19201
12414 27424
12415 27393
12416 52000
12417 58145
12418 59168
12419 19232
12420 57120
12421 19209
12422 28417
12423 19232
12424 55073
12425 56097
12426 58144
12427 58144
12428 21288
12429 54049
12430 60264
12431 25377
12432 56096
12433 58145
12434 25344
12435 26465
12436 25345
12437 19232
12438 17185
12439 54049
12440 60200
12441 52001
12442 55072
12443 56105
12444 49961
12445 25377
12446 63272
12447 49968
12448 19237
12449 60192
12450 58144
12451 27425
12452 54056
12453 60201
12454 57129
12455 17193
12456 19233
12457 56097
12458 25377
12459 58144
12460 49952
12461 58145
12462 62240
12463 58144
12464 25353
12465 25377
12466 58152
12467 54040
12468 52009
12469 49952
12470 25344
12471 54057
12472 17185
12473 56097
12474 19232
12475 54056
12476 19232
12477 52008
12478 58145
12479 19240
12480 27488
12481 54048
12482 17184
12483 19241
12484 17185
12485 58145
12486 25377
12487 19216
12488 58144
12489 58144
12490 55073
12491 59177
12492 17152
12493 63264
12494 54048
12495 58112
12496 58209
12497 52000
12498 19232
12499 19200
12500 2849
12501 49937
12502 27424
12503 25344
12504 19241
12505 60192
12506 57121
12507 19232
12508 54048
12509 25377
12510 65321
12511 19201
12512 19232
12513 55072
12514 54049
12515 49953
12516 61217
12517 27425
12518 52000
12519 50977
12520 49960
12521 37665
12522 27424
12523 55072
12524 25440
12525 58209
12526 27424
12527 49952
12528 49952
12529 17185
12530 61281
12531 27488
12532 54056
12533 27424
12534 25376
12535 25376
12536 62240
12537 17185
12538 60201
12539 27424
12540 17184
12541 17168
12542 58112
12543 56104
12544 54049
12545 26401
12546 19233
12547 49952
12548 49960
12549 27432
12550 17184
12551 63265
12552 17193
12553 56120
12554 25441
12555 2857
12556 19209
12557 54057
12558 54049
12559 58216
12560 58152
12561 27425
12562 49952
12563 25376
12564 27488
12565 27425
12566 55080
12567 19233
12568 54056
12569 49921
12570 17184
12571 62241
12572 52001
12573 58145
12574 57121
12575 62241
12576 54048
12577 54056
12578 51992
12579 25377
12580 25384
12581 58145
12582 62312
12583 56096
12584 49953
12585 58144
12586 62241
12587 25376
12588 63272
12589 17184
12590 49953
12591 57129
12592 56104
12593 27425
12594 63272
12595 25376
12596 25376
12597 27425
12598 58145
12599 54048
12600 56072
12601 56072
12602 49952
12603 2849
12604 49952
12605 27392
12606 58144
12607 25384
12608 27488
12609 19233
12610 58144
12611 19201
12612 49976
12613 55072
12614 58144
12615 57121
12616 19232
12617 27489
12618 54016
12619 58145
12620 49944
12621 19241
12622 51985
12623 58112
12624 49920
12625 28448
12626 54057
12627 49921
12628 25344
12629 49960
12630 20257
12631 52000
12632 65313
12633 19201
12634 27393
12635 58144
12636 28449
12637 58152
12638 49952
12639 49952
12640 49944
12641 19200
12642 27520
12643 52000
12644 54049
12645 2856
12646 25441
12647 56105
12648 25376
12649 58152
12650 49969
12651 54049
12652 62240
12653 25376
12654 27425
12655 58145
12656 27425
12657 59176
12658 19232
12659 27392
12660 17184
12661 27425
12662 25376
12663 19241
12664 27424
12665 58144
12666 57120
12667 58144
12668 19240
12669 49968
12670 25376
12671 17185
12672 25377
12673 19248
12674 19233
12675 19232
12676 19208
12677 25376
12678 28417
12679 27489
12680 19232
12681 17185
12682 58144
12683 58209
12684 59168
12685 52008
12686 54048
12687 58113
12688 53025
12689 58144
12690 54049
12691 56096
12692 61217
12693 58145
12694 17184
12695 27393
12696 19208
12697 58145
12698 59176
12699 27425
12700 25376
12701 27424
12702 19232
12703 27425
12704 26401
12705 59168
12706 27488
12707 17185
12708 25377
12709 25440
12710 27425
12711 49952
12712 58145
12713 25376
12714 25384
12715 49960
12716 27425
12717 60200
12718 58144
12719 54048
12720 27425
12721 2857
12722 52001
12723 19232
12724 27425
12725 49961
12726 18216
12727 54057
12728 59169
12729 58121
12730 65313
12731 54048
12732 27496
12733 27425
12734 57120
12735 19241
12736 25376
12737 20225
12738 20257
12739 60192
12740 58144
12741 19201
12742 28448
12743 49977
12744 60161
12745 63273
12746 54048
12747 27424
12748 58120
12749 57121
12750 51745
12751 59169
12752 58152
12753 52024
12754 62248
12755 25376
12756 25344
12757 19233
12758 54048
12759 27488
12760 58144
12761 27393
12762 64289
12763 25448
12764 19232
12765 17189
12766 25345
12767 54048
12768 54057
12769 27425
12770 27425
12771 25376
12772 28417
12773 19233
12774 49952
12775 54049
12776 49936
12777 58112
12778 60193
12779 26408
12780 49952
12781 17184
12782 59168
12783 19233
12784 63265
12785 63265
12786 25376
12787 19208
12788 58145
12789 49952
12790 19233
12791 54049
12792 17160
12793 52009
12794 25377
12795 54048
12796 49952
12797 19232
12798 57121
12799 49952
12800 27488
12801 49952
12802 54048
12803 54072
12804 27425
12805 57121
12806 54065
12807 25408
12808 22305
12809 52000
12810 58144
12811 26400
12812 27425
12813 51976
12814 58113
12815 21281
12816 25344
12817 60160
12818 54057
12819 2857
12820 27393
12821 54056
12822 49952
12823 25345
12824 49953
12825 62240
12826 28417
12827 25352
12828 17184
12829 62241
12830 55073
12831 25376
12832 52009
12833 58144
12834 19201
12835 58144
12836 51976
12837 54024
12838 56097
12839 19233
12840 25440
12841 56097
12842 50976
12843 19224
12844 49952
12845 25377
12846 55072
12847 27425
12848 60193
12849 17192
12850 58144
12851 62240
12852 25376
12853 25360
12854 58152
12855 17184
12856 19241
12857 60224
12858 54056
12859 62241
12860 56105
12861 11041
12862 54048
12863 54048
12864 52009
12865 19216
12866 25376
12867 27432
12868 27393
12869 58144
12870 52000
12871 58144
12872 62241
12873 27432
12874 49960
12875 27425
12876 60256
12877 54065
12878 25440
12879 58208
12880 52000
12881 19232
12882 62240
12883 26464
12884 50977
12885 25376
12886 52000
12887 60192
12888 54048
12889 58176
12890 25345
12891 52001
12892 2849
12893 17185
12894 19208
12895 53032
12896 17192
12897 23336
12898 58144
12899 49952
12900 56096
12901 25448
12902 19233
12903 52016
12904 51968
12905 17208
12906 49961
12907 21281
12908 54048
12909 27425
12910 25440
12911 27432
12912 62240
12913 26401
12914 28449
12915 19237
12916 19241
12917 49952
12918 49961
12919 49920
12920 28449
12921 56097
12922 60160
12923 54048
12924 17185
12925 49953
12926 49921
12927 52000
12928 17193
12929 54049
12930 17193
12931 49953
12932 49952
12933 55073
12934 19201
12935 19232
12936 51968
12937 25344
12938 49952
12939 27425
12940 52000
12941 52000
12942 19200
12943 25377
12944 56096
12945 27520
12946 27392
12947 57129
12948 19233
12949 51977
12950 57129
12951 52000
12952 60264
12953 49953
12954 27392
12955 59137
12956 27425
12957 17208
12958 49953
12959 18209
12960 62241
12961 54048
12962 49953
12963 55080
12964 17152
12965 27425
12966 58152
12967 49960
12968 54048
12969 55081
12970 58145
12971 25376
12972 49952
12973 58216
12974 60192
12975 17185
12976 27425
12977 49952
12978 58144
12979 52000
12980 49952
12981 20265
12982 65313
12983 54049
12984 62304
12985 59168
12986 58144
12987 49961
12988 19232
12989 54073
12990 49960
12991 27424
12992 56096
12993 58113
12994 25377
12995 52000
12996 27393
12997 49960
12998 27425
12999 60161
13000 19232
13001 58208
13002 58112
13003 17168
13004 60168
13005 54056
13006 52000
13007 19225
13008 17184
13009 19232
13010 58144
13011 49953
13012 52001
13013 27425
13014 52000
13015 58208
13016 58145
13017 27432
13018 49953
13019 52001
13020 56105
13021 55081
13022 25441
13023 51985
13024 17153
13025 27401
13026 52000
13027 58145
13028 60193
13029 49953
13030 49952
13031 52001
13032 59137
13033 60192
13034 60192
13035 19240
13036 19201
13037 19200
13038 54057
13039 49952
13040 62240
13041 49952
13042 49953
13043 19233
13044 27488
13045 49952
13046 58145
13047 53025
13048 54057
13049 49960
13050 25449
13051 25449
13052 54048
13053 57129
13054 19233
13055 50977
13056 27489
13057 55073
13058 19201
13059 58121
13060 27432
13061 49952
13062 54048
13063 27424
13064 61225
13065 61225
13066 17177
13067 25440
13068 27425
13069 19233
13070 58208
13071 58144
13072 17189
13073 54049
13074 49952
13075 54056
13076 27489
13077 19233
13078 27425
13079 60193
13080 19233
13081 58152
13082 27393
13083 27424
13084 25344
13085 17184
13086 27432
13087 49953
13088 49920
13089 49952
13090 17184
13091 27425
13092 54016
13093 27424
13094 17185
13095 58145
13096 19201
13097 58145
13098 59169
13099 54056
13100 54049
13101 49952
13102 51969
13103 27425
13104 25377
13105 25376
13106 49960
13107 54056
13108 27400
13109 19233
13110 49953
13111 58145
13112 17152
13113 58145
13114 49952
13115 56120
13116 49921
13117 59168
13118 52001
13119 54049
13120 58145
13121 49960
13122 17185
13123 56104
13124 58145
13125 25376
13126 60161
13127 55841
13128 19233
13129 54048
13130 59169
13131 62241
13132 19233
13133 60264
13134 27488
13135 25376
13136 50977
13137 49952
13138 54048
13139 17184
13140 51968
13141 17192
13142 55073
13143 27393
13144 27424
13145 17192
13146 27424
13147 58209
13148 60192
13149 52001
13150 60193
13151 52001
13152 58145
13153 19200
13154 59168
13155 49928
13156 49960
13157 55080
13158 27424
13159 54056
13160 49953
13161 62241
13162 19232
13163 54056
13164 25344
13165 54049
13166 54049
13167 59169
13168 58152
13169 18209
13170 54056
13171 50976
13172 51968
13173 25345
13174 58144
13175 65312
13176 58144
13177 51968
13178 59169
13179 58208
13180 49945
13181 49936
13182 28513
13183 19200
13184 19200
13185 25377
13186 19233
13187 55841
13188 54048
13189 17185
13190 62209
13191 54025
13192 19232
13193 27392
13194 19232
13195 26369
13196 52001
13197 58145
13198 17177
13199 19200
13200 25376
13201 27425
13202 60193
13203 25345
13204 56097
13205 62241
13206 27424
13207 59169
13208 17184
13209 19232
13210 58144
13211 27392
13212 19224
13213 6945
13214 17192
13215 58208
13216 58145
13217 49952
13218 25440
13219 54072
13220 25377
13221 62240
13222 19240
13223 19209
13224 58145
13225 19233
13226 60192
13227 54053
13228 62240
13229 54048
13230 2856
13231 19200
13232 52000
13233 17192
13234 25377
13235 27425
13236 63273
13237 57129
13238 26401
13239 19233
13240 56097
13241 27392
13242 52000
13243 54048
13244 58209
13245 58145
13246 56104
13247 19232
13248 49953
13249 55841
13250 56097
13251 58144
13252 54056
13253 49921
13254 19233
13255 49952
13256 60224
13257 58209
13258 58152
13259 6945
13260 49960
13261 54048
13262 19200
13263 27488
13264 19233
13265 49953
13266 58144
13267 52025
13268 49968
13269 19233
13270 19241
13271 62240
13272 26400
13273 25344
13274 49952
13275 52001
13276 56097
13277 25504
13278 60161
13279 25352
13280 54056
13281 54056
13282 52008
13283 54048
13284 19225
13285 19233
13286 49953
13287 27392
13288 61185
13289 56096
13290 58144
13291 52001
13292 19240
13293 49953
13294 52001
13295 19217
13296 54049
13297 59169
13298 17153
13299 19233
13300 18208
13301 52001
13302 56105
13303 19233
13304 52000
13305 60169
13306 27392
13307 25344
13308 58152
13309 19248
13310 58144
13311 49921
13312 19200
13313 49952
13314 52000
13315 49953
13316 52001
13317 49960
13318 49953
13319 27425
13320 60193
13321 62240
13322 59168
13323 60192
13324 58153
13325 59232
13326 58144
13327 25376
13328 59168
13329 60192
13330 28449
13331 20265
13332 25376
13333 57121
13334 62312
13335 64288
13336 56096
13337 54048
13338 19232
13339 27424
13340 57129
13341 54056
13342 51968
13343 49952
13344 17192
13345 55088
13346 19200
13347 52024
13348 49960
13349 19232
13350 52000
13351 63265
13352 61216
13353 17185
13354 53025
13355 49953
13356 49921
13357 49952
13358 28449
13359 62241
13360 49952
13361 49952
13362 58152
13363 19201
13364 54057
13365 49952
13366 60192
13367 52008
13368 52008
13369 60193
13370 25376
13371 56104
13372 17192
13373 25345
13374 58145
13375 58208
13376 58128
13377 56097
13378 58208
13379 60160
13380 27392
13381 17184
13382 17176
13383 50976
13384 49960
13385 58144
13386 54048
13387 49961
13388 49952
13389 25376
13390 62240
13391 19200
13392 19233
13393 52001
13394 19240
13395 27425
13396 54016
13397 27520
13398 54048
13399 58144
13400 27424
13401 19209
13402 51968
13403 17185
13404 51969
13405 58144
13406 51969
13407 19208
13408 27425
13409 60192
13410 58144
13411 58145
13412 51969
13413 58144
13414 54112
13415 60224
13416 49953
13417 55081
13418 19201
13419 49960
13420 60160
13421 50977
13422 25384
13423 27392
13424 27392
13425 50024
13426 28449
13427 19224
13428 27392
13429 58144
13430 56105
13431 54056
13432 25345
13433 17184
13434 19209
13435 25376
13436 25377
13437 19232
13438 49953
13439 62241
13440 25376
13441 58145
13442 56097
13443 2856
13444 19240
13445 20257
13446 17185
13447 27424
13448 19240
13449 19240
13450 26464
13451 19232
13452 56073
13453 52001
13454 27488
13455 49953
13456 19224
13457 54073
13458 49953
13459 51976
13460 54049
13461 27456
13462 59177
13463 49961
13464 58144
13465 25384
13466 54064
13467 58121
13468 27393
13469 54048
13470 27424
13471 59177
13472 49953
13473 19240
13474 27393
13475 25344
13476 49945
13477 27393
13478 19233
13479 25376
13480 25440
13481 52001
13482 58144
13483 49976
13484 58145
13485 50976
13486 58112
13487 52000
13488 60160
13489 27488
13490 19209
13491 50984
13492 27488
13493 25377
13494 19216
13495 27425
13496 19233
13497 50977
13498 58145
13499 58144
13500 54120
13501 49952
13502 49952
13503 55073
13504 54048
13505 51969
13506 17184
13507 62240
13508 58209
13509 58144
13510 49953
13511 63265
13512 54048
13513 60192
13514 58112
13515 17153
13516 17184
13517 60224
13518 56104
13519 54057
13520 19240
13521 58112
13522 19241
13523 49960
13524 52000
13525 51992
13526 49960
13527 60193
13528 54057
13529 52008
13530 54049
13531 27424
13532 54048
13533 17184
13534 59169
13535 54048
13536 63265
13537 50985
13538 49952
13539 49952
13540 19208
13541 49953
13542 27400
13543 54048
13544 58145
13545 52000
13546 19240
13547 52000
13548 58152
13549 23329
13550 49953
13551 60192
13552 62241
13553 23328
13554 25441
13555 25344
13556 49952
13557 25376
13558 28456
13559 54049
13560 27424
13561 58152
13562 28417
13563 17168
13564 50976
13565 27425
13566 26400
13567 17208
13568 54040
13569 28448
13570 49953
13571 50977
13572 54056
13573 58144
13574 52008
13575 49953
13576 54048
13577 52009
13578 52008
13579 17192
13580 19233
13581 54048
13582 58120
13583 19200
13584 27425
13585 28449
13586 58153
13587 19233
13588 11041
13589 55072
13590 60193
13591 52000
13592 49960
13593 49952
13594 27424
13595 49952
13596 57129
13597 58152
13598 17185
13599 63273
13600 19233
13601 51744
13602 58145
13603 52001
13604 17184
13605 59233
13606 58152
13607 27393
13608 19201
13609 49953
13610 27488
13611 60192
13612 25376
13613 52009
13614 49952
13615 62304
13616 54056
13617 52000
13618 49952
13619 49976
13620 53792
13621 56105
13622 62249
13623 58152
13624 49952
13625 49921
13626 27489
13627 56088
13628 49953
13629 58144
13630 27425
13631 63329
13632 17184
13633 17184
13634 58144
13635 58152
13636 27424
13637 26400
13638 60192
13639 27457
13640 52000
13641 49952
13642 25345
13643 27392
13644 25376
13645 63265
13646 54064
13647 62241
13648 52001
13649 49952
13650 19232
13651 60193
13652 17185
13653 58145
13654 17185
13655 19233
13656 54049
13657 54049
13658 19201
13659 49952
13660 54049
13661 58144
13662 27392
13663 52001
13664 19232
13665 51968
13666 54049
13667 54120
13668 19240
13669 58145
13670 2848
13671 54057
13672 49953
13673 17184
13674 25376
13675 56097
13676 17184
13677 19232
13678 19233
13679 19232
13680 27393
13681 50977
13682 25376
13683 49952
13684 27392
13685 58144
13686 25376
13687 28448
13688 49920
13689 63265
13690 25376
13691 17152
13692 18208
13693 59169
13694 25384
13695 49952
13696 60161
13697 17192
13698 58144
13699 49952
13700 49953
13701 27424
13702 58152
13703 19233
13704 19208
13705 49953
13706 49961
13707 19201
13708 25376
13709 19233
13710 23329
13711 51976
13712 59168
13713 58144
13714 25377
13715 56104
13716 61217
13717 49953
13718 27425
13719 27425
13720 27401
13721 25440
13722 58145
13723 49921
13724 20225
13725 52001
13726 25376
13727 51976
13728 28449
13729 63273
13730 27424
13731 19241
13732 49953
13733 60160
13734 50976
13735 56096
13736 60193
13737 49952
13738 17153
13739 25384
13740 19232
13741 17184
13742 51969
13743 27432
13744 56104
13745 58112
13746 49952
13747 17192
13748 58145
13749 52000
13750 62241
13751 58145
13752 54056
13753 17152
13754 27425
13755 62241
13756 27520
13757 65313
13758 19233
13759 58145
13760 52008
13761 49953
13762 60265
13763 17153
13764 25377
13765 63265
13766 62240
13767 56097
13768 58145
13769 28424
13770 49944
13771 27425
13772 57121
13773 17193
13774 25504
13775 56065
13776 50977
13777 49952
13778 17185
13779 19200
13780 19233
13781 55072
13782 28448
13783 25377
13784 27489
13785 59136
13786 27393
13787 55080
13788 27424
13789 49952
13790 58144
13791 62240
13792 58144
13793 49952
13794 49952
13795 58144
13796 51977
13797 59169
13798 49921
13799 58113
13800 27488
13801 27425
13802 56105
13803 27424
13804 56072
13805 19232
13806 27433
13807 25376
13808 27392
13809 58144
13810 25377
13811 25376
13812 58112
13813 19201
13814 58144
13815 63264
13816 27393
13817 17192
13818 52000
13819 17248
13820 54049
13821 25345
13822 19232
13823 55080
13824 58121
13825 49969
13826 27488
13827 54048
13828 54049
13829 51969
13830 58144
13831 19232
13832 17152
13833 54056
13834 50977
13835 54048
13836 27425
13837 58144
13838 56104
13839 60192
13840 59169
13841 58153
13842 51745
13843 17193
13844 19201
13845 55072
13846 26401
13847 27424
13848 17192
13849 60161
13850 58113
13851 23328
13852 17192
13853 63265
13854 50985
13855 57129
13856 49952
13857 56097
13858 54049
13859 54056
13860 57121
13861 19201
13862 59169
13863 49928
13864 58152
13865 25504
13866 17169
13867 49945
13868 19232
13869 52000
13870 49952
13871 49953
13872 19232
13873 58144
13874 19201
13875 56096
13876 25377
13877 49920
13878 17192
13879 54049
13880 50985
13881 60160
13882 27424
13883 17184
13884 19232
13885 55072
13886 58144
13887 49953
13888 58145
13889 17192
13890 56097
13891 62240
13892 51745
13893 54048
13894 49920
13895 49960
13896 19233
13897 60169
13898 54056
13899 27424
13900 54056
13901 19233
13902 62240
13903 55072
13904 53025
13905 27424
13906 19200
13907 49960
13908 49929
13909 58152
13910 58152
13911 37664
13912 49952
13913 49953
13914 62241
13915 51993
13916 17185
13917 58144
13918 54072
13919 52000
13920 26409
13921 19233
13922 58112
13923 19201
13924 19233
13925 17184
13926 60161
13927 19232
13928 17176
13929 25376
13930 11041
13931 55073
13932 54048
13933 25352
13934 19232
13935 54048
13936 49960
13937 27400
13938 56065
13939 63265
13940 52008
13941 19232
13942 58120
13943 54048
13944 27425
13945 52001
13946 60193
13947 49961
13948 49953
13949 63328
13950 56096
13951 17185
13952 58144
13953 58145
13954 52000
13955 17184
13956 52000
13957 63265
13958 26401
13959 20257
13960 51985
13961 19200
13962 58144
13963 49953
13964 17192
13965 56104
13966 52001
13967 2849
13968 61217
13969 19240
13970 19200
13971 52009
13972 27425
13973 54049
13974 54064
13975 56096
13976 49961
13977 50977
13978 49968
13979 19232
13980 49952
13981 17185
13982 49921
13983 25376
13984 27424
13985 19233
13986 56104
13987 49921
13988 58144
13989 62240
13990 27393
13991 49921
13992 58144
13993 17185
13994 29472
13995 17185
13996 60160
13997 27392
13998 27393
13999 52001
14000 28424
14001 51968
14002 49961
14003 27400
14004 54049
14005 60200
14006 49952
14007 54048
14008 52001
14009 20225
14010 58144
14011 49952
14012 58144
14013 49960
14014 49952
14015 19232
14016 26401
14017 25376
14018 49952
14019 60193
14020 17153
14021 58145
14022 58144
14023 27488
14024 27393
14025 53024
14026 19241
14027 49953
14028 53797
14029 17153
14030 61216
14031 50984
14032 51969
14033 19240
14034 51969
14035 52016
14036 55081
14037 54056
14038 63328
14039 27424
14040 52008
14041 49960
14042 17152
14043 17184
14044 52000
14045 58120
14046 19232
14047 37665
14048 25376
14049 54057
14050 54065
14051 49953
14052 52000
14053 25385
14054 26408
14055 25376
14056 55072
14057 28513
14058 19240
14059 49960
14060 56097
14061 54064
14062 6945
14063 26401
14064 57121
14065 54049
14066 19232
14067 19233
14068 19209
14069 58209
14070 17153
14071 58145
14072 59169
14073 25376
14074 25441
14075 58152
14076 49953
14077 19209
14078 62240
14079 17192
14080 18209
14081 54049
14082 27393
14083 27393
14084 25377
14085 54025
14086 49952
14087 55080
14088 19232
14089 60193
14090 17208
14091 26400
14092 64289
14093 25376
14094 56073
14095 19232
14096 49953
14097 54048
14098 55081
14099 19233
14100 25441
14101 56096
14102 17189
14103 19232
14104 58145
14105 25440
14106 18209
14107 17185
14108 58145
14109 59169
14110 61281
14111 19232
14112 60257
14113 58145
14114 25384
14115 49953
14116 58208
14117 58152
14118 17193
14119 49961
14120 17185
14121 49697
14122 54025
14123 54049
14124 55840
14125 51985
14126 27424
14127 52001
14128 27425
14129 59177
14130 54056
14131 25376
14132 54056
14133 49920
14134 17184
14135 60192
14136 49960
14137 51968
14138 25376
14139 25376
14140 58144
14141 27424
14142 49953
14143 17208
14144 17185
14145 49928
14146 49921
14147 54056
14148 58144
14149 25376
14150 52008
14151 58144
14152 49953
14153 19200
14154 27424
14155 62248
14156 54072
14157 19233
14158 56097
14159 49953
14160 54048
14161 2848
14162 56097
14163 54048
14164 20265
14165 57121
14166 52001
14167 49953
14168 58216
14169 19233
14170 27520
14171 52064
14172 25384
14173 55073
14174 23336
14175 54048
14176 59168
14177 51993
14178 17160
14179 19233
14180 58145
14181 49952
14182 23328
14183 17184
14184 60192
14185 27425
14186 58144
14187 19201
14188 27488
14189 19248
14190 49952
14191 27457
14192 52000
14193 27393
14194 58113
14195 19248
14196 58145
14197 17153
14198 27393
14199 56105
14200 17185
14201 19233
14202 57121
14203 58144
14204 54049
14205 60160
14206 25376
14207 25376
14208 58152
14209 19232
14210 52008
14211 58208
14212 28513
14213 49953
14214 57120
14215 60192
14216 56097
14217 19233
14218 54048
14219 23328
14220 51976
14221 17184
14222 55080
14223 23328
14224 58144
14225 54048
14226 19200
14227 54048
14228 52000
14229 19232
14230 52000
14231 49960
14232 58144
14233 52001
14234 49960
14235 25344
14236 19241
14237 49960
14238 27424
14239 55073
14240 19233
14241 58209
14242 25377
14243 60193
14244 58144
14245 25352
14246 25376
14247 55073
14248 50984
14249 49953
14250 54017
14251 54048
14252 62241
14253 49953
14254 58145
14255 27401
14256 55081
14257 54049
14258 62241
14259 54049
14260 52008
14261 58144
14262 52001
14263 18208
14264 58144
14265 49952
14266 49960
14267 56096
14268 64288
14269 49968
14270 56104
14271 25376
14272 49953
14273 52000
14274 58145
14275 49944
14276 25352
14277 49953
14278 25377
14279 27392
14280 58113
14281 57120
14282 54049
14283 52009
14284 27433
14285 17184
14286 49961
14287 19232
14288 52009
14289 54057
14290 52000
14291 58152
14292 17184
14293 58145
14294 58153
14295 49952
14296 28424
14297 58152
14298 52024
14299 49953
14300 58209
14301 49920
14302 60192
14303 51976
14304 59169
14305 49921
14306 17192
14307 19233
14308 54061
14309 27425
14310 58144
14311 17160
14312 62240
14313 27425
14314 56088
14315 49961
14316 19209
14317 54048
14318 58144
14319 52008
14320 54025
14321 19208
14322 58144
14323 27424
14324 54049
14325 51969
14326 62240
14327 52001
14328 58144
14329 58144
14330 19232
14331 56097
14332 58144
14333 54049
14334 62241
14335 55073
14336 62249
14337 19232
14338 27425
14339 27425
14340 55073
14341 62240
14342 57129
14343 51984
14344 60193
14345 54048
14346 19200
14347 60160
14348 27424
14349 49952
14350 17184
14351 59168
14352 58145
14353 62240
14354 25376
14355 52001
14356 52008
14357 58153
14358 19240
14359 19233
14360 49936
14361 56097
14362 54056
14363 51969
14364 54049
14365 27489
14366 56105
14367 49952
14368 17184
14369 19201
14370 19233
14371 56097
14372 27425
14373 19200
14374 58144
14375 28449
14376 55072
14377 54057
14378 25441
14379 27425
14380 49952
14381 52001
14382 19241
14383 58152
14384 54056
14385 49921
14386 54048
14387 55081
14388 61217
14389 18217
14390 58144
14391 52000
14392 28449
14393 58121
14394 19232
14395 49952
14396 54016
14397 54024
14398 27425
14399 60200
14400 54049
14401 54040
14402 54048
14403 28417
14404 28449
14405 25376
14406 60192
14407 58144
14408 54056
14409 52001
14410 49953
14411 11041
14412 57121
14413 27393
14414 2849
14415 62240
14416 58113
14417 54072
14418 54049
14419 27393
14420 54048
14421 54048
14422 51968
14423 51984
14424 52024
14425 56072
14426 58145
14427 49968
14428 55073
14429 28449
14430 27425
14431 52001
14432 56096
14433 27489
14434 54049
14435 56097
14436 27433
14437 60192
14438 27425
14439 58145
14440 60200
14441 27425
14442 60193
14443 27392
14444 58152
14445 51968
14446 27425
14447 20257
14448 25377
14449 54049
14450 58144
14451 59169
14452 56096
14453 49953
14454 60257
14455 25376
14456 58144
14457 49953
14458 58112
14459 52001
14460 60193
14461 19208
14462 61216
14463 61217
14464 37665
14465 58112
14466 2848
14467 49952
14468 54048
14469 56096
14470 49920
14471 49952
14472 49952
14473 60192
14474 60192
14475 25344
14476 49960
14477 19208
14478 19201
14479 49960
14480 54048
14481 52001
14482 19241
14483 27392
14484 57121
14485 58145
14486 27433
14487 60192
14488 55073
14489 25352
14490 61216
14491 25345
14492 49952
14493 52000
14494 25441
14495 58144
14496 19201
14497 20257
14498 17185
14499 58144
14500 49952
14501 52001
14502 59169
14503 49961
14504 51976
14505 56097
14506 25376
14507 19233
14508 58144
14509 52008
14510 28449
14511 58152
14512 64289
14513 58176
14514 23328
14515 25384
14516 62240
14517 52000
14518 49952
14519 19233
14520 49960
14521 52008
14522 25385
14523 54048
14524 17184
14525 27424
14526 25384
14527 62248
14528 49952
14529 54048
14530 19201
14531 56080
14532 58145
14533 53025
14534 59169
14535 26401
14536 49960
14537 58152
14538 49953
14539 58113
14540 54048
14541 54064
14542 60161
14543 54041
14544 25381
14545 58144
14546 52001
14547 19217
14548 54049
14549 58145
14550 49952
14551 27393
14552 60161
14553 56105
14554 56096
14555 27425
14556 49952
14557 25440
14558 25384
14559 20256
14560 54049
14561 58145
14562 49960
14563 27400
14564 49953
14565 50977
14566 17184
14567 26401
14568 51969
14569 49960
14570 61217
14571 58152
14572 27424
14573 17152
14574 54048
14575 58152
14576 49952
14577 27433
14578 55073
14579 54057
14580 25376
14581 27424
14582 29472
14583 17185
14584 52000
14585 49960
14586 19240
14587 17184
14588 49953
14589 27425
14590 54064
14591 58208
14592 61224
14593 17184
14594 25377
14595 19233
14596 54049
14597 27392
14598 59169
14599 62304
14600 2856
14601 63265
14602 58145
14603 58144
14604 55073
14605 20257
14606 25376
14607 52000
14608 63273
14609 49929
14610 49961
14611 49952
14612 26401
14613 49952
14614 62241
14615 19209
14616 27424
14617 49960
14618 49976
14619 52009
14620 49952
14621 62304
14622 63264
14623 50984
14624 60192
14625 49952
14626 19240
14627 58112
14628 55073
14629 49953
14630 49961
14631 55072
14632 52008
14633 59176
14634 27488
14635 49961
14636 64289
14637 58144
14638 17184
14639 53024
14640 19200
14641 56096
14642 17192
14643 54049
14644 17153
14645 17152
14646 800
14647 27424
14648 63265
14649 62240
14650 22305
14651 52008
14652 25353
14653 60161
14654 59176
14655 58145
14656 49960
14657 27425
14658 27392
14659 49952
14660 53024
14661 25377
14662 49952
14663 49953
14664 58209
14665 49953
14666 21281
14667 49952
14668 52009
14669 59169
14670 25385
14671 19201
14672 25377
14673 52000
14674 58145
14675 19225
14676 53025
14677 58112
14678 58120
14679 58144
14680 54040
14681 52000
14682 49952
14683 52001
14684 17185
14685 19241
14686 54048
14687 27425
14688 51992
14689 25384
14690 49961
14691 55073
14692 19240
14693 25344
14694 28449
14695 25377
14696 51744
14697 58145
14698 58112
14699 27496
14700 62241
14701 60192
14702 54049
14703 25449
14704 26465
14705 61217
14706 49953
14707 19201
14708 19233
14709 49960
14710 17152
14711 49952
14712 19237
14713 49953
14714 49960
14715 19232
14716 17185
14717 51993
14718 54049
14719 17184
14720 58144
14721 54048
14722 52064
14723 17161
14724 19248
14725 19232
14726 19233
14727 55080
14728 25352
14729 49953
14730 54016
14731 25377
14732 27424
14733 58144
14734 54048
14735 25384
14736 18208
14737 60192
14738 55073
14739 49960
14740 63273
14741 17168
14742 27393
14743 54056
14744 27392
14745 28449
14746 58145
14747 28417
14748 52000
14749 58144
14750 57128
14751 27425
14752 52001
14753 25376
14754 49936
14755 49952
14756 19232
14757 50977
14758 55073
14759 18216
14760 59168
14761 27392
14762 25377
14763 55841
14764 62209
14765 52009
14766 50024
14767 49953
14768 27392
14769 49953
14770 27432
14771 60257
14772 63272
14773 18208
14774 60257
14775 51976
14776 57121
14777 64288
14778 25384
14779 51968
14780 49953
14781 53025
14782 23337
14783 58120
14784 19241
14785 51745
14786 49936
14787 54049
14788 17152
14789 25377
14790 27489
14791 17192
14792 25376
14793 19201
14794 58144
14795 25344
14796 25376
14797 58144
14798 27424
14799 27392
14800 62248
14801 17169
14802 58144
14803 26409
14804 49960
14805 57121
14806 17185
14807 19232
14808 58145
14809 25376
14810 17184
14811 19201
14812 49960
14813 19232
14814 25377
14815 25353
14816 27424
14817 58144
14818 54048
14819 54057
14820 52009
14821 52000
14822 58144
14823 56096
14824 54049
14825 19216
14826 19200
14827 19208
14828 56097
14829 27425
14830 28417
14831 27425
14832 58144
14833 19200
14834 27408
14835 60161
14836 62241
14837 60193
14838 49953
14839 50985
14840 51744
14841 25376
14842 51969
14843 27393
14844 55073
14845 59169
14846 60161
14847 25376
14848 27425
14849 52001
14850 17168
14851 49952
14852 51969
14853 54049
14854 25344
14855 59169
14856 52001
14857 52000
14858 49952
14859 25384
14860 60161
14861 25377
14862 54048
14863 50977
14864 54048
14865 52001
14866 25376
14867 25376
14868 49969
14869 49961
14870 54057
14871 17192
14872 19217
14873 52000
14874 55073
14875 63265
14876 27393
14877 58145
14878 27424
14879 54056
14880 19233
14881 49960
14882 49921
14883 27425
14884 58112
14885 49952
14886 25408
14887 49952
14888 55080
14889 63265
14890 55080
14891 56064
14892 19201
14893 25377
14894 49952
14895 62240
14896 27488
14897 49953
14898 58144
14899 54049
14900 59169
14901 27425
14902 17184
14903 19232
14904 58112
14905 52001
14906 49921
14907 58145
14908 49952
14909 27424
14910 60192
14911 52001
14912 56096
14913 17184
14914 50977
14915 49953
14916 59168
14917 17184
14918 55073
14919 27424
14920 49960
14921 25376
14922 54049
14923 19200
14924 54049
14925 19209
14926 49952
14927 62248
14928 17184
14929 27393
14930 51976
14931 63329
14932 17153
14933 58144
14934 25376
14935 52001
14936 27424
14937 52000
14938 19233
14939 60192
14940 54048
14941 61217
14942 27488
14943 54053
14944 54056
14945 25377
14946 19208
14947 25377
14948 58145
14949 25376
14950 19200
14951 19209
14952 49953
14953 27489
14954 19241
14955 58145
14956 55080
14957 19232
14958 21281
14959 58112
14960 54048
14961 19233
14962 28457
14963 27425
14964 54049
14965 62241
14966 58144
14967 27408
14968 51985
14969 49920
14970 49961
14971 49920
14972 58144
14973 52000
14974 25352
14975 49960
14976 19233
14977 27425
14978 63265
14979 58145
14980 27392
14981 20256
14982 54072
14983 19200
14984 27393
14985 61281
14986 27424
14987 54056
14988 54049
14989 19233
14990 60193
14991 17185
14992 19201
14993 60193
14994 52000
14995 17184
14996 18945
14997 56097
14998 19224
14999 25440
15000 51969
15001 27392
15002 17248
15003 49961
15004 19232
15005 60193
15006 55073
15007 54049
15008 25377
15009 51984
15010 11041
15011 58120
15012 49936
15013 59168
15014 49952
15015 60161
15016 49960
15017 49953
15018 57121
15019 19216
15020 58145
15021 55080
15022 60193
15023 49952
15024 49952
15025 54048
15026 52008
15027 49952
15028 49921
15029 60192
15030 25376
15031 62249
15032 19233
15033 19216
15034 49961
15035 49953
15036 19233
15037 19200
15038 51976
15039 51984
15040 27392
15041 58152
15042 17184
15043 54048
15044 60192
15045 58112
15046 27425
15047 26369
15048 54049
15049 54048
15050 19201
15051 54048
15052 54056
15053 49952
15054 57120
15055 19201
15056 27393
15057 28449
15058 58144
15059 55073
15060 54048
15061 64289
15062 62240
15063 27425
15064 58145
15065 58144
15066 60256
15067 60161
15068 28457
15069 27425
15070 58144
15071 58208
15072 25384
15073 55073
15074 28449
15075 52000
15076 54057
15077 27425
15078 25376
15079 19232
15080 27489
15081 25345
15082 52001
15083 58144
15084 49920
15085 51968
15086 60193
15087 27393
15088 51968
15089 52000
15090 54016
15091 27432
15092 58144
15093 28417
15094 58144
15095 25377
15096 60192
15097 25440
15098 58145
15099 27425
15100 56088
15101 55080
15102 19233
15103 19217
15104 51744
15105 25376
15106 19200
15107 60161
15108 56105
15109 49928
15110 25376
15111 17184
15112 19241
15113 17184
15114 49952
15115 25377
15116 59169
15117 58145
15118 56065
15119 25376
15120 27425
15121 49697
15122 56096
15123 60169
15124 63273
15125 27392
15126 28449
15127 52025
15128 58153
15129 27425
15130 58152
15131 54056
15132 49953
15133 27400
15134 58144
15135 50985
15136 26409
15137 25376
15138 25376
15139 49952
15140 54064
15141 60161
15142 49952
15143 58145
15144 19201
15145 52000
15146 26401
15147 19200
15148 60224
15149 52000
15150 27392
15151 58112
15152 58120
15153 53025
15154 25360
15155 63273
15156 19232
15157 17152
15158 27425
15159 25345
15160 52000
15161 19240
15162 49953
15163 58113
15164 27488
15165 17185
15166 56104
15167 19200
15168 57129
15169 49921
15170 49953
15171 19200
15172 55081
15173 56097
15174 19240
15175 25376
15176 800
15177 60192
15178 19208
15179 58152
15180 56088
15181 52009
15182 49952
15183 58144
15184 49952
15185 25385
15186 54048
15187 49920
15188 60160
15189 55073
15190 56088
15191 25440
15192 54057
15193 50977
15194 58144
15195 58152
15196 52008
15197 55073
15198 17185
15199 25376
15200 54061
15201 58152
15202 27393
15203 56096
15204 25440
15205 27520
15206 51968
15207 49961
15208 55073
15209 58144
15210 27425
15211 25344
15212 52000
15213 17184
15214 58153
15215 54064
15216 60192
15217 27424
15218 25377
15219 27424
15220 56096
15221 54048
15222 56104
15223 25384
15224 65313
15225 49952
15226 54056
15227 60200
15228 20265
15229 27393
15230 54056
15231 60256
15232 58144
15233 49953
15234 21289
15235 64289
15236 18209
15237 54048
15238 27424
15239 27392
15240 51968
15241 60265
15242 26465
15243 49953
15244 60193
15245 17185
15246 52000
15247 27424
15248 27424
15249 27424
15250 27393
15251 60192
15252 28449
15253 49952
15254 26369
15255 49929
15256 19200
15257 19237
15258 25376
15259 17184
15260 60201
15261 37664
15262 54064
15263 54016
15264 19232
15265 52001
15266 28417
15267 28448
15268 17185
15269 49960
15270 56096
15271 58208
15272 27400
15273 27496
15274 50016
15275 58153
15276 25440
15277 19240
15278 60193
15279 17248
15280 57121
15281 49960
15282 60160
15283 17185
15284 62240
15285 25440
15286 49952
15287 52001
15288 58145
15289 25376
15290 27393
15291 49952
15292 58145
15293 49952
15294 64289
15295 62241
15296 17185
15297 25344
15298 54056
15299 58145
15300 54056
15301 19240
15302 49960
15303 56104
15304 17189
15305 23337
15306 17185
15307 17192
15308 62240
15309 57121
15310 49952
15311 27425
15312 63264
15313 19200
15314 19200
15315 54056
15316 51969
15317 27424
15318 58144
15319 62241
15320 54048
15321 27424
15322 19232
15323 17192
15324 19233
15325 54056
15326 54056
15327 27489
15328 52000
15329 27425
15330 54056
15331 58144
15332 52001
15333 63272
15334 49960
15335 58145
15336 56105
15337 19232
15338 52000
15339 27401
15340 49952
15341 17152
15342 26408
15343 52009
15344 61217
15345 49953
15346 56097
15347 54049
15348 27425
15349 19200
15350 27400
15351 25345
15352 51744
15353 54072
15354 19200
15355 19232
15356 26401
15357 63265
15358 62241
15359 27425
15360 49968
15361 49952
15362 60192
15363 25385
15364 49945
15365 58145
15366 20257
15367 51976
15368 50976
15369 50016
15370 59169
15371 37664
15372 54056
15373 54024
15374 54048
15375 63265
15376 52000
15377 27424
15378 19209
15379 51993
15380 25376
15381 19201
15382 27496
15383 54048
15384 55080
15385 54065
15386 49960
15387 27392
15388 49953
15389 19233
15390 52000
15391 27392
15392 49929
15393 60192
15394 54056
15395 17153
15396 52008
15397 52000
15398 58145
15399 56064
15400 27425
15401 50977
15402 54049
15403 59169
15404 28513
15405 62241
15406 19232
15407 60200
15408 49960
15409 27393
15410 58145
15411 27424
15412 62240
15413 58145
15414 17152
15415 54049
15416 49952
15417 62241
15418 62240
15419 61217
15420 54056
15421 55841
15422 60192
15423 17161
15424 59169
15425 19232
15426 62249
15427 58208
15428 50945
15429 25376
15430 19240
15431 61217
15432 52000
15433 17185
15434 63265
15435 51969
15436 17184
15437 49944
15438 63328
15439 6945
15440 62248
15441 27424
15442 27424
15443 27392
15444 63264
15445 49953
15446 27393
15447 54072
15448 58144
15449 55072
15450 17185
15451 17176
15452 18945
15453 54057
15454 57129
15455 54049
15456 56096
15457 52064
15458 17193
15459 25408
15460 49952
15461 58144
15462 56104
15463 58209
15464 27392
15465 50976
15466 52072
15467 25376
15468 27425
15469 54057
15470 25345
15471 64288
15472 52008
15473 55073
15474 49952
15475 61225
15476 58144
15477 54048
15478 19233
15479 17185
15480 49953
15481 58144
15482 59169
15483 27424
15484 19217
15485 56072
15486 52000
15487 52000
15488 60192
15489 17193
15490 28417
15491 25384
15492 62240
15493 52008
15494 53025
15495 28449
15496 27488
15497 17152
15498 49960
15499 17184
15500 50985
15501 19233
15502 27393
15503 53025
15504 49953
15505 52009
15506 27457
15507 19240
15508 17185
15509 54049
15510 49960
15511 54049
15512 17152
15513 17248
15514 25344
15515 58144
15516 49952
15517 50945
15518 19201
15519 54048
15520 49953
15521 25377
15522 54032
15523 27392
15524 51744
15525 58144
15526 59169
15527 27424
15528 52000
15529 19201
15530 60192
15531 54048
15532 49953
15533 59169
15534 57121
15535 58144
15536 56064
15537 27400
15538 49976
15539 52000
15540 28457
15541 54033
15542 25345
15543 17153
15544 57128
15545 27393
15546 19241
15547 20257
15548 58144
15549 58144
15550 51977
15551 58145
15552 58145
15553 49953
15554 60193
15555 58144
15556 62241
15557 27425
15558 49952
15559 49952
15560 58144
15561 19241
15562 19232
15563 49952
15564 49953
15565 49953
15566 53025
15567 58145
15568 49952
15569 60200
15570 19208
15571 49953
15572 58144
15573 49944
15574 17153
15575 58145
15576 59176
15577 25376
15578 49953
15579 17152
15580 58113
15581 27425
15582 54049
15583 58144
15584 57120
15585 58144
15586 27456
15587 52001
15588 17184
15589 55081
15590 49953
15591 58145
15592 60201
15593 49953
15594 27424
15595 17161
15596 23337
15597 59169
15598 27393
15599 61217
15600 49968
15601 52000
15602 52008
15603 58152
15604 56097
15605 62240
15606 54056
15607 60192
15608 19233
15609 58144
15610 58112
15611 18208
15612 49937
15613 25440
15614 49952
15615 17185
15616 58152
15617 19233
15618 49953
15619 19232
15620 49936
15621 58144
15622 52000
15623 49952
15624 19232
15625 27432
15626 25345
15627 58209
15628 53793
15629 63272
15630 51976
15631 17192
15632 17184
15633 49953
15634 27401
15635 19240
15636 17184
15637 17185
15638 27393
15639 27425
15640 51969
15641 60200
15642 49952
15643 17184
15644 52000
15645 60169
15646 58145
15647 58144
15648 60265
15649 49961
15650 28449
15651 54057
15652 25377
15653 51968
15654 56105
15655 54057
15656 51744
15657 54056
15658 52000
15659 49952
15660 54065
15661 27401
15662 49952
15663 27424
15664 25377
15665 51992
15666 25377
15667 49960
15668 65313
15669 17185
15670 25344
15671 49952
15672 27393
15673 58136
15674 17185
15675 56097
15676 56104
15677 58112
15678 25376
15679 49953
15680 19240
15681 25384
15682 25377
15683 25376
15684 19233
15685 59169
15686 25377
15687 25377
15688 49952
15689 26465
15690 25377
15691 17184
15692 59136
15693 25377
15694 49952
15695 25449
15696 60201
15697 28449
15698 25377
15699 60193
15700 51992
15701 54048
15702 19201
15703 58144
15704 26401
15705 25440
15706 54049
15707 58145
15708 19233
15709 61216
15710 17184
15711 17193
15712 17185
15713 19225
15714 25344
15715 37664
15716 49953
15717 58145
15718 58144
15719 60200
15720 17193
15721 54056
15722 58208
15723 60193
15724 25376
15725 52001
15726 58120
15727 58145
15728 27424
15729 50976
15730 49944
15731 51968
15732 17184
15733 54112
15734 59168
15735 49952
15736 54113
15737 28449
15738 27425
15739 54049
15740 17168
15741 27393
15742 19232
15743 49953
15744 58144
15745 58144
15746 60201
15747 52000
15748 27425
15749 17192
15750 54056
15751 28457
15752 25384
15753 55096
15754 25376
15755 21288
15756 60193
15757 54056
15758 27432
15759 49952
15760 27424
15761 59233
15762 58145
15763 25344
15764 52016
15765 56096
15766 58136
15767 55080
15768 50985
15769 25384
15770 26408
15771 52001
15772 18209
15773 17161
15774 19233
15775 17152
15776 49960
15777 49936
15778 54032
15779 62241
15780 27393
15781 17152
15782 55072
15783 54049
15784 19240
15785 54057
15786 55073
15787 17184
15788 49952
15789 54056
15790 49952
15791 27425
15792 56104
15793 49960
15794 59168
15795 49952
15796 52001
15797 56065
15798 49953
15799 52008
15800 27424
15801 54049
15802 19232
15803 25377
15804 17153
15805 54057
15806 58144
15807 56097
15808 17168
15809 58112
15810 27393
15811 64289
15812 52008
15813 27424
15814 19233
15815 17185
15816 58209
15817 27392
15818 54072
15819 49960
15820 17184
15821 54048
15822 50977
15823 17168
15824 17185
15825 17185
15826 19233
15827 54073
15828 49961
15829 54057
15830 54065
15831 52008
15832 63265
15833 62304
15834 49952
15835 28424
15836 55073
15837 58145
15838 49968
15839 17185
15840 58152
15841 60192
15842 54072
15843 25385
15844 58145
15845 49952
15846 27425
15847 54072
15848 54032
15849 58209
15850 60169
15851 52009
15852 17153
15853 55073
15854 49952
15855 54056
15856 58152
15857 63329
15858 53025
15859 27488
15860 58152
15861 60200
15862 50977
15863 54048
15864 25345
15865 56104
15866 49960
15867 58144
15868 49952
15869 53025
15870 54065
15871 63272
15872 52008
15873 25345
15874 62241
15875 17185
15876 54049
15877 17184
15878 60192
15879 54056
15880 19201
15881 49953
15882 49953
15883 11041
15884 49952
15885 20257
15886 58144
15887 27393
15888 58144
15889 27425
15890 19232
15891 58209
15892 17193
15893 19232
15894 52009
15895 52009
15896 49953
15897 51745
15898 20257
15899 27393
15900 28448
15901 54048
15902 19201
15903 58144
15904 51984
15905 54073
15906 25376
15907 56097
15908 52008
15909 49952
15910 56097
15911 58145
15912 58136
15913 52000
15914 49952
15915 63265
15916 52001
15917 52000
15918 52000
15919 52000
15920 58120
15921 58113
15922 57128
15923 58144
15924 52008
15925 55081
15926 49952
15927 53025
15928 19232
15929 49952
15930 25377
15931 25377
15932 63264
15933 49953
15934 54049
15935 52000
15936 27401
15937 59169
15938 54048
15939 58152
15940 62312
15941 25377
15942 25376
15943 25352
15944 58121
15945 52000
15946 19241
15947 49921
15948 49952
15949 25376
15950 54049
15951 19201
15952 19232
15953 53025
15954 56097
15955 19232
15956 27433
15957 54048
15958 53033
15959 60193
15960 55073
15961 52009
15962 54048
15963 49928
15964 27425
15965 53808
15966 59169
15967 49952
15968 55081
15969 51976
15970 25376
15971 49952
15972 25376
15973 19216
15974 25377
15975 27425
15976 26400
15977 19233
15978 56096
15979 17193
15980 51968
15981 60200
15982 62240
15983 64288
15984 60200
15985 25376
15986 25440
15987 52001
15988 27424
15989 63272
15990 60265
15991 54057
15992 26401
15993 54048
15994 59137
15995 51968
15996 51985
15997 60257
15998 19232
15999 25377
16000 59169
16001 19200
16002 49961
16003 2849
16004 58145
16005 49968
16006 58145
16007 25376
16008 58145
16009 54041
16010 59232
16011 58120
16012 28449
16013 58145
16014 2849
16015 49953
16016 25377
16017 55073
16018 58144
16019 54048
16020 58144
16021 62240
16022 27393
16023 58145
16024 49960
16025 60193
16026 51969
16027 19200
16028 19232
16029 58121
16030 54048
16031 28449
16032 19225
16033 51968
16034 52001
16035 60201
16036 54049
16037 58145
16038 63273
16039 25344
16040 49936
16041 25377
16042 27393
16043 63265
16044 19232
16045 63265
16046 52001
16047 49928
16048 58216
16049 19232
16050 51968
16051 54016
16052 25352
16053 49920
16054 17185
16055 26400
16056 50985
16057 17184
16058 21289
16059 25344
16060 58152
16061 49921
16062 25345
16063 19233
16064 52001
16065 17184
16066 52001
16067 25408
16068 49944
16069 25344
16070 27488
16071 25344
16072 19248
16073 26400
16074 58145
16075 49968
16076 52001
16077 59169
16078 25441
16079 17185
16080 17184
16081 25448
16082 54049
16083 49961
16084 49969
16085 27393
16086 19232
16087 52001
16088 58144
16089 55073
16090 58152
16091 58144
16092 54056
16093 54056
16094 27488
16095 49952
16096 51976
16097 19200
16098 59169
16099 52000
16100 19232
16101 19216
16102 62241
16103 56097
16104 49952
16105 19240
16106 58144
16107 54049
16108 27424
16109 50985
16110 60200
16111 58145
16112 49953
16113 51968
16114 49952
16115 49960
16116 58145
16117 58208
16118 17153
16119 58144
16120 57129
16121 52000
16122 54048
16123 19201
16124 26401
16125 55073
16126 56104
16127 49952
16128 62240
16129 52001
16130 27425
16131 19224
16132 59169
16133 49960
16134 60192
16135 49976
16136 58144
16137 55073
16138 59232
16139 54048
16140 54057
16141 61225
16142 62249
16143 55081
16144 58145
16145 19233
16146 54057
16147 51992
16148 19233
16149 60192
16150 19209
16151 20225
16152 54049
16153 58145
16154 17152
16155 52000
16156 54049
16157 58208
16158 49953
16159 51993
16160 54072
16161 28417
16162 27432
16163 57121
16164 63265
16165 25360
16166 49921
16167 27520
16168 52009
16169 19217
16170 55080
16171 27425
16172 49928
16173 54049
16174 19232
16175 56105
16176 54048
16177 27424
16178 58153
16179 57121
16180 56104
16181 52001
16182 52009
16183 54056
16184 56097
16185 49952
16186 58144
16187 54048
16188 55073
16189 56097
16190 49960
16191 61217
16192 19233
16193 49968
16194 62240
16195 56120
16196 58145
16197 27424
16198 51969
16199 49936
16200 62241
16201 49961
16202 54056
16203 49969
16204 25377
16205 58144
16206 19233
16207 54057
16208 19200
16209 19240
16210 49952
16211 49952
16212 49960
16213 49952
16214 54048
16215 25377
16216 58152
16217 20257
16218 53025
16219 59233
16220 49960
16221 27393
16222 58144
16223 25376
16224 60192
16225 54120
16226 26409
16227 49952
16228 54048
16229 52000
16230 57128
16231 19200
16232 17153
16233 49960
16234 25376
16235 54056
16236 55081
16237 59168
16238 63272
16239 27393
16240 23337
16241 60169
16242 49960
16243 49960
16244 17185
16245 54049
16246 54048
16247 17185
16248 58145
16249 60192
16250 62240
16251 52000
16252 58144
16253 59169
16254 27425
16255 28448
16256 21289
16257 49928
16258 56097
16259 19208
16260 2848
16261 60193
16262 19233
16263 28457
16264 59136
16265 57128
16266 17192
16267 56104
16268 25440
16269 19241
16270 54024
16271 19232
16272 17192
16273 49960
16274 52000
16275 27424
16276 17153
16277 54048
16278 17160
16279 58208
16280 25376
16281 58208
16282 58144
16283 56097
16284 54056
16285 19233
16286 19232
16287 59233
16288 49960
16289 52000
16290 19233
16291 17192
16292 61217
16293 58145
16294 27424
16295 19233
16296 27425
16297 52001
16298 49920
16299 19233
16300 49920
16301 57121
16302 19200
16303 27424
16304 25441
16305 19232
16306 60256
16307 58209
16308 19233
16309 54057
16310 54049
16311 17168
16312 58152
16313 54048
16314 19201
16315 58145
16316 49944
16317 51976
16318 27393
16319 54056
16320 54056
16321 19233
16322 54048
16323 56105
16324 52001
16325 54049
16326 58152
16327 58144
16328 54057
16329 54048
16330 49952
16331 27393
16332 54048
16333 54057
16334 51968
16335 21288
16336 17192
16337 25352
16338 54056
16339 55073
16340 25377
16341 62241
16342 27425
16343 27424
16344 58145
16345 56097
16346 25384
16347 17184
16348 56096
16349 50976
16350 63265
16351 17184
16352 58145
16353 58144
16354 52008
16355 25344
16356 58144
16357 25381
16358 58144
16359 19240
16360 58145
16361 17184
16362 49937
16363 60160
16364 54056
16365 59168
16366 54048
16367 49952
16368 19233
16369 27393
16370 55096
16371 55073
16372 49953
16373 54048
16374 27392
16375 19200
16376 54056
16377 21281
16378 58145
16379 19233
16380 62241
16381 58145
16382 17184
16383 50984
16384 25448
16385 56065
16386 49961
16387 58208
16388 59168
16389 49952
16390 51993
16391 27393
16392 19237
16393 49953
16394 49960
16395 54056
16396 19240
16397 58152
16398 52000
16399 58216
16400 19232
16401 27401
16402 27456
16403 19232
16404 27393
16405 49952
16406 49952
16407 17185
16408 50984
16409 52000
16410 27425
16411 2848
16412 60193
16413 17184
16414 49960
16415 49953
16416 51985
16417 62209
16418 25376
16419 65321
16420 54049
16421 2856
16422 19233
16423 58144
16424 27425
16425 19233
16426 25377
16427 58208
16428 19233
16429 55096
16430 49936
16431 19232
16432 54120
16433 59169
16434 17176
16435 25376
16436 55080
16437 49960
16438 17184
16439 52000
16440 58145
16441 49952
16442 25441
16443 17177
16444 17185
16445 54049
16446 19241
16447 19208
16448 49953
16449 54056
16450 58144
16451 56097
16452 52000
16453 52000
16454 25376
16455 56073
16456 52008
16457 25377
16458 52001
16459 52008
16460 58112
16461 27392
16462 27393
16463 49953
16464 27425
16465 54049
16466 56097
16467 25448
16468 60193
16469 19240
16470 19233
16471 27488
16472 17184
16473 55073
16474 27489
16475 58144
16476 49936
16477 54048
16478 63265
16479 54049
16480 19233
16481 19233
16482 19232
16483 25441
16484 59169
16485 17161
16486 27424
16487 55072
16488 58144
16489 58152
16490 54056
16491 17152
16492 19233
16493 54048
16494 61216
16495 58145
16496 60200
16497 49960
16498 58152
16499 59177
16500 60257
16501 54049
16502 54048
16503 17185
16504 58153
16505 27408
16506 64289
16507 63264
16508 28448
16509 58144
16510 59169
16511 56097
16512 58144
16513 54056
16514 58144
16515 26401
16516 17153
16517 21288
16518 52008
16519 17177
16520 25376
16521 17192
16522 55073
16523 63265
16524 19232
16525 17185
16526 25376
16527 49953
16528 55080
16529 59168
16530 49968
16531 17184
16532 49952
16533 19240
16534 25376
16535 49953
16536 19232
16537 55080
16538 54056
16539 27393
16540 49952
16541 58152
16542 58144
16543 58145
16544 27489
16545 49928
16546 58208
16547 25376
16548 54048
16549 19232
16550 58208
16551 17177
16552 27424
16553 60192
16554 54049
16555 49953
16556 54057
16557 49952
16558 19233
16559 19201
16560 19232
16561 19233
16562 54048
16563 60192
16564 19200
16565 25384
16566 62240
16567 54048
16568 28456
16569 50977
16570 19232
16571 58144
16572 57120
16573 49960
16574 19233
16575 51969
16576 54017
16577 59137
16578 54061
16579 18209
16580 62241
16581 60193
16582 51992
16583 59169
16584 25352
16585 17185
16586 52009
16587 55073
16588 49921
16589 55081
16590 27425
16591 59169
16592 58144
16593 52000
16594 54056
16595 17185
16596 17184
16597 58144
16598 25377
16599 17193
16600 49952
16601 60160
16602 19233
16603 52000
16604 61216
16605 17185
16606 49961
16607 49953
16608 58145
16609 52001
16610 54056
16611 19233
16612 25376
16613 58208
16614 28449
16615 25376
16616 19233
16617 49952
16618 52008
16619 52000
16620 17192
16621 52008
16622 63273
16623 49961
16624 19241
16625 58113
16626 19232
16627 62305
16628 54048
16629 17153
16630 54056
16631 49960
16632 27392
16633 25376
16634 52008
16635 63264
16636 52000
16637 58120
16638 49952
16639 49952
16640 19233
16641 49960
16642 58152
16643 63264
16644 54112
16645 17185
16646 58145
16647 19248
16648 25377
16649 62248
16650 19233
16651 55072
16652 19240
16653 49945
16654 60192
16655 28457
16656 25385
16657 17184
16658 28449
16659 25441
16660 54064
16661 52000
16662 19224
16663 27424
16664 52000
16665 55073
16666 27424
16667 55080
16668 58144
16669 25377
16670 58144
16671 49921
16672 49953
16673 54049
16674 25440
16675 17184
16676 58112
16677 49953
16678 19233
16679 49952
16680 49968
16681 63329
16682 54048
16683 19201
16684 25376
16685 58145
16686 17192
16687 55081
16688 58145
16689 60193
16690 52001
16691 27425
16692 25385
16693 19233
16694 59168
16695 25377
16696 19241
16697 19232
16698 63264
16699 19224
16700 25377
16701 25376
16702 25377
16703 49953
16704 27393
16705 49960
16706 19233
16707 27424
16708 25384
16709 19233
16710 58144
16711 19233
16712 55080
16713 62240
16714 54057
16715 25345
16716 49952
16717 26401
16718 52001
16719 54049
16720 58144
16721 60193
16722 52001
16723 19233
16724 54049
16725 58144
16726 17160
16727 62240
16728 63272
16729 60192
16730 25344
16731 27520
16732 58112
16733 62305
16734 60201
16735 50016
16736 49952
16737 60193
16738 64289
16739 25352
16740 55081
16741 19232
16742 54032
16743 61216
16744 51976
16745 25377
16746 49960
16747 25440
16748 62249
16749 27392
16750 6945
16751 27425
16752 58145
16753 25376
16754 50016
16755 54049
16756 54064
16757 54049
16758 49960
16759 19240
16760 54056
16761 25376
16762 25352
16763 56096
16764 54049
16765 58145
16766 62249
16767 55080
16768 59176
16769 52000
16770 60193
16771 59177
16772 19200
16773 58145
16774 55073
16775 27464
16776 52000
16777 60256
16778 25376
16779 54049
16780 20264
16781 54057
16782 57121
16783 52008
16784 62241
16785 58144
16786 49953
16787 63264
16788 49953
16789 58152
16790 58145
16791 52008
16792 26464
16793 54057
16794 27425
16795 54048
16796 49953
16797 19200
16798 50024
16799 19232
16800 19200
16801 58144
16802 17248
16803 55081
16804 58112
16805 59168
16806 29472
16807 19233
16808 27425
16809 49952
16810 60265
16811 54048
16812 49952
16813 58144
16814 27393
16815 50984
16816 17152
16817 27432
16818 54056
16819 19200
16820 19201
16821 58145
16822 49952
16823 27393
16824 49928
16825 49952
16826 17184
16827 49921
16828 54048
16829 49928
16830 19232
16831 58209
16832 61224
16833 49960
16834 19232
16835 51992
16836 60193
16837 19224
16838 52001
16839 27424
16840 55088
16841 27497
16842 52001
16843 60192
16844 17185
16845 17185
16846 54048
16847 49952
16848 56105
16849 60200
16850 58144
16851 58144
16852 27424
16853 49953
16854 49929
16855 27520
16856 54048
16857 54073
16858 27392
16859 27424
16860 49953
16861 49961
16862 17193
16863 25345
16864 17176
16865 56097
16866 17185
16867 55072
16868 58216
16869 60161
16870 54048
16871 59168
16872 19232
16873 19209
16874 49953
16875 54048
16876 27424
16877 54032
16878 27424
16879 49944
16880 56104
16881 60257
16882 49953
16883 49960
16884 49953
16885 17184
16886 59169
16887 27432
16888 49953
16889 49960
16890 58176
16891 19232
16892 19233
16893 27393
16894 52001
16895 57121
16896 65312
16897 54056
16898 59232
16899 25377
16900 62240
16901 49976
16902 52008
16903 62241
16904 19232
16905 27393
16906 27456
16907 25344
16908 60160
16909 17185
16910 54056
16911 52000
16912 62240
16913 49960
16914 55072
16915 27424
16916 50024
16917 17184
16918 19224
16919 27424
16920 25344
16921 49953
16922 25440
16923 58145
16924 17160
16925 60192
16926 52009
16927 49960
16928 49953
16929 49944
16930 54048
16931 49953
16932 17184
16933 19201
16934 49952
16935 17184
16936 52001
16937 19233
16938 57129
16939 59233
16940 55073
16941 58144
16942 19200
16943 19233
16944 53797
16945 25352
16946 54048
16947 25377
16948 17192
16949 54049
16950 49953
16951 49968
16952 19225
16953 20257
16954 54049
16955 58144
16956 27424
16957 54048
16958 55080
16959 49960
16960 25377
16961 58145
16962 49920
16963 27401
16964 49952
16965 52000
16966 25377
16967 18945
16968 58144
16969 19248
16970 55841
16971 61225
16972 25504
16973 56096
16974 51976
16975 58112
16976 17184
16977 27425
16978 58145
16979 27392
16980 27425
16981 49944
16982 17184
16983 49944
16984 27488
16985 58145
16986 62241
16987 58144
16988 49952
16989 27424
16990 58144
16991 2856
16992 59168
16993 56097
16994 62240
16995 27401
16996 27424
16997 17184
16998 59169
16999 58145
17000 54048
17001 49953
17002 17153
17003 58144
17004 55073
17005 58120
17006 54049
17007 51976
17008 60193
17009 28456
17010 52000
17011 27400
17012 54049
17013 25376
17014 25344
17015 27425
17016 62240
17017 54056
17018 25376
17019 25344
17020 52000
17021 56097
17022 27400
17023 59169
17024 19201
17025 54056
17026 52001
17027 25384
17028 61185
17029 51744
17030 59136
17031 58144
17032 53032
17033 63264
17034 58145
17035 27392
17036 19232
17037 60193
17038 61185
17039 58145
17040 52009
17041 25377
17042 52001
17043 58145
17044 25345
17045 55072
17046 25377
17047 55080
17048 54049
17049 19241
17050 27457
17051 54072
17052 54049
17053 50977
17054 25376
17055 60193
17056 25376
17057 49953
17058 51977
17059 52008
17060 52008
17061 52000
17062 62304
17063 19233
17064 58144
17065 54057
17066 25377
17067 62248
17068 25376
17069 49960
17070 27393
17071 49952
17072 50016
17073 27425
17074 19232
17075 58144
17076 17184
17077 49952
17078 17185
17079 63265
17080 25344
17081 52009
17082 17184
17083 25448
17084 19232
17085 19233
17086 19233
17087 54049
17088 19201
17089 56120
17090 54048
17091 27424
17092 27393
17093 19201
17094 59169
17095 49953
17096 54056
17097 27432
17098 27401
17099 25385
17100 19232
17101 49936
17102 58208
17103 49953
17104 18217
17105 28457
17106 58153
17107 17184
17108 27488
17109 62241
17110 49952
17111 19201
17112 58144
17113 27400
17114 27392
17115 27425
17116 58144
17117 52000
17118 25376
17119 50016
17120 49952
17121 28449
17122 49952
17123 17193
17124 17184
17125 19233
17126 58113
17127 62248
17128 27392
17129 49961
17130 49953
17131 58145
17132 55073
17133 60193
17134 52001
17135 49952
17136 60193
17137 49936
17138 49921
17139 52008
17140 54048
17141 25377
17142 58144
17143 49952
17144 17185
17145 51992
17146 57120
17147 52024
17148 58145
17149 54048
17150 54048
17151 17184
17152 60192
17153 19201
17154 26401
17155 49952
17156 17184
17157 60192
17158 61217
17159 49952
17160 58145
17161 55073
17162 49952
17163 17168
17164 58113
17165 58144
17166 49953
17167 50985
17168 65312
17169 52000
17170 60192
17171 27400
17172 60193
17173 19240
17174 54049
17175 51992
17176 19233
17177 58145
17178 58144
17179 63265
17180 19233
17181 52000
17182 49953
17183 56065
17184 58216
17185 54048
17186 49961
17187 52008
17188 58152
17189 56096
17190 27392
17191 58144
17192 49952
17193 59169
17194 51969
17195 58153
17196 52000
17197 26401
17198 51968
17199 49953
17200 19232
17201 37665
17202 53032
17203 56105
17204 58209
17205 17192
17206 58112
17207 54113
17208 54072
17209 62241
17210 58145
17211 25344
17212 19232
17213 17184
17214 58145
17215 17184
17216 19240
17217 65312
17218 52001
17219 51969
17220 63265
17221 49960
17222 51976
17223 20265
17224 49952
17225 52001
17226 27393
17227 25448
17228 17185
17229 25344
17230 19233
17231 54049
17232 49968
17233 49952
17234 59232
17235 49960
17236 49953
17237 58144
17238 55073
17239 58112
17240 49968
17241 58121
17242 63328
17243 25376
17244 25384
17245 49960
17246 17184
17247 60193
17248 49952
17249 58152
17250 62240
17251 19240
17252 27392
17253 58144
17254 58145
17255 58144
17256 52064
17257 49968
17258 52016
17259 52000
17260 27488
17261 62241
17262 52000
17263 54049
17264 49960
17265 54049
17266 19233
17267 800
17268 55081
17269 59137
17270 58208
17271 25376
17272 17152
17273 25376
17274 54048
17275 17153
17276 27393
17277 62209
17278 60192
17279 17184
17280 54057
17281 49921
17282 25377
17283 54049
17284 49952
17285 55073
17286 54048
17287 52001
17288 60193
17289 49952
17290 61216
17291 54049
17292 58112
17293 49929
17294 19232
17295 52001
17296 55073
17297 54048
17298 55073
17299 19232
17300 25376
17301 17184
17302 49952
17303 56096
17304 63328
17305 49953
17306 54048
17307 52000
17308 49961
17309 19200
17310 58208
17311 25408
17312 58145
17313 49953
17314 19201
17315 52001
17316 58113
17317 17184
17318 65313
17319 58145
17320 58152
17321 59169
17322 58144
17323 52000
17324 58112
17325 58144
17326 58145
17327 54048
17328 52001
17329 49952
17330 17160
17331 54048
17332 62248
17333 59169
17334 51977
17335 49928
17336 800
17337 49952
17338 17200
17339 25385
17340 49952
17341 49953
17342 17184
17343 19200
17344 54049
17345 59168
17346 55840
17347 54048
17348 58113
17349 17152
17350 27425
17351 49952
17352 54048
17353 49952
17354 49952
17355 49952
17356 49952
17357 58152
17358 17184
17359 19232
17360 49960
17361 62240
17362 51969
17363 23328
17364 49952
17365 54057
17366 56096
17367 54057
17368 49937
17369 52008
17370 27393
17371 56104
17372 52009
17373 63265
17374 54112
17375 49953
17376 21281
17377 54041
17378 56073
17379 19240
17380 19240
17381 19232
17382 27424
17383 17192
17384 60193
17385 26409
17386 25384
17387 60264
17388 49952
17389 19200
17390 49952
17391 49953
17392 28449
17393 49928
17394 58144
17395 52025
17396 56064
17397 23337
17398 27392
17399 59177
17400 28417
17401 52001
17402 52024
17403 56096
17404 52000
17405 27520
17406 49953
17407 19232
17408 60193
17409 61224
17410 27424
17411 58153
17412 60193
17413 55080
17414 2856
17415 23328
17416 50977
17417 52000
17418 49961
17419 54048
17420 60193
17421 62241
17422 52000
17423 27425
17424 54040
17425 54049
17426 49952
17427 53025
17428 27424
17429 54057
17430 27488
17431 49952
17432 52001
17433 49952
17434 60192
17435 58145
17436 27392
17437 27393
17438 25377
17439 49952
17440 27456
17441 64289
17442 27497
17443 17184
17444 59169
17445 58112
17446 49953
17447 19232
17448 49953
17449 19232
17450 58145
17451 27424
17452 19232
17453 58113
17454 58145
17455 59169
17456 58145
17457 25376
17458 64289
17459 49952
17460 27392
17461 17160
17462 53025
17463 53792
17464 49960
17465 27401
17466 58121
17467 50984
17468 54056
17469 26401
17470 54049
17471 60169
17472 54049
17473 49952
17474 58145
17475 19232
17476 59233
17477 49960
17478 65321
17479 17153
17480 49944
17481 50985
17482 55072
17483 19209
17484 49952
17485 19209
17486 58209
17487 19232
17488 54048
17489 17185
17490 17184
17491 25377
17492 19232
17493 58145
17494 27425
17495 49953
17496 58144
17497 52001
17498 49960
17499 49920
17500 27424
17501 60161
17502 54049
17503 27425
17504 52001
17505 49936
17506 25376
17507 49952
17508 52001
17509 25384
17510 27392
17511 54048
17512 56072
17513 51985
17514 49953
17515 25360
17516 58144
17517 19232
17518 54056
17519 54049
17520 58144
17521 54120
17522 27424
17523 25344
17524 25376
17525 25385
17526 19200
17527 25377
17528 54049
17529 17192
17530 49961
17531 52009
17532 17184
17533 25504
17534 49960
17535 28424
17536 27392
17537 27424
17538 54064
17539 51969
17540 50977
17541 54048
17542 63264
17543 60200
17544 25377
17545 56072
17546 56104
17547 20257
17548 55080
17549 60192
17550 25377
17551 55073
17552 49952
17553 55072
17554 20257
17555 52001
17556 28448
17557 49952
17558 58144
17559 17161
17560 60192
17561 27424
17562 52000
17563 51992
17564 2848
17565 49952
17566 49960
17567 58153
17568 58113
17569 25344
17570 52001
17571 52001
17572 60192
17573 54048
17574 27424
17575 17185
17576 54025
17577 25376
17578 54057
17579 19232
17580 27488
17581 27393
17582 60192
17583 27425
17584 27520
17585 25344
17586 23328
17587 63272
17588 27432
17589 62241
17590 19232
17591 27392
17592 54057
17593 60193
17594 60192
17595 58145
17596 54048
17597 17192
17598 61281
17599 58144
17600 19240
17601 19233
17602 19208
17603 19232
17604 17184
17605 17192
17606 59168
17607 49953
17608 25345
17609 52000
17610 19216
17611 49953
17612 49952
17613 19208
17614 49953
17615 57128
17616 25377
17617 25440
17618 49952
17619 52001
17620 27425
17621 59176
17622 49960
17623 19209
17624 53033
17625 54056
17626 18208
17627 54048
17628 26369
17629 25344
17630 63265
17631 62240
17632 57121
17633 59177
17634 25441
17635 49953
17636 56097
17637 49952
17638 49953
17639 58208
17640 18209
17641 25440
17642 58112
17643 60193
17644 52001
17645 19208
17646 65312
17647 52009
17648 49921
17649 49960
17650 27433
17651 49960
17652 53797
17653 49953
17654 19201
17655 25376
17656 49952
17657 58145
17658 58144
17659 49952
17660 19233
17661 17185
17662 57129
17663 52000
17664 26401
17665 58145
17666 25345
17667 54049
17668 17185
17669 19240
17670 19200
17671 56104
17672 49952
17673 19201
17674 60193
17675 49952
17676 54048
17677 19240
17678 25377
17679 49953
17680 27488
17681 54049
17682 49960
17683 52008
17684 54072
17685 25384
17686 25377
17687 54048
17688 20256
17689 61281
17690 62241
17691 27456
17692 49921
17693 49968
17694 25345
17695 2849
17696 49953
17697 58152
17698 49953
17699 54048
17700 58153
17701 52000
17702 27520
17703 54064
17704 17152
17705 52001
17706 58145
17707 58113
17708 19232
17709 49968
17710 54048
17711 28449
17712 60193
17713 51968
17714 27464
17715 61185
17716 27424
17717 54049
17718 49920
17719 19209
17720 17193
17721 49960
17722 54056
17723 58209
17724 62241
17725 60192
17726 52001
17727 49952
17728 25360
17729 26465
17730 49952
17731 63264
17732 19232
17733 52001
17734 58145
17735 58145
17736 27393
17737 19209
17738 54048
17739 25440
17740 19233
17741 27393
17742 27392
17743 25344
17744 54049
17745 27393
17746 49920
17747 58113
17748 52024
17749 54061
17750 27488
17751 52009
17752 49928
17753 63265
17754 49960
17755 17160
17756 60192
17757 61224
17758 27456
17759 56097
17760 25376
17761 52024
17762 27393
17763 58145
