Point_ID Label
0 63265
1 49952
2 54049
3 60193
4 19233
5 54049
6 49920
7 19232
8 27425
9 19233
10 54056
11 19233
12 50976
13 58145
14 63264
15 18945
16 25377
17 60192
18 58144
19 19233
20 49960
21 27393
22 54049
23 25352
24 17192
25 18209
26 54048
27 17184
28 25376
29 49960
30 54048
31 59169
32 52000
33 19208
34 54048
35 17192
36 49952
37 49953
38 51977
39 25377
40 52000
41 54048
42 49968
43 54048
44 52000
45 49953
46 49960
47 27424
48 52000
49 59176
50 56096
51 58152
52 54057
53 17184
54 54048
55 52001
56 27393
57 25385
58 49960
59 50977
60 49953
61 49960
62 49952
63 55072
64 17185
65 55073
66 17184
67 55073
68 59168
69 51745
70 49952
71 19233
72 27425
73 58144
74 21280
75 65320
76 49952
77 19232
78 19233
79 54048
80 54048
81 49697
82 52000
83 25377
84 19233
85 28449
86 56096
87 60201
88 54048
89 58217
90 49953
91 60193
92 19233
93 49961
94 51745
95 17184
96 58272
97 19201
98 25376
99 52000
100 60201
101 58144
102 54048
103 27393
104 27393
105 25377
106 58145
107 17153
108 51744
109 53032
110 54065
111 60193
112 49952
113 54057
114 28448
115 19200
116 19233
117 58152
118 19232
119 19200
120 55080
121 21280
122 18217
123 55073
124 28449
125 49920
126 25377
127 60168
128 49976
129 49953
130 19209
131 17161
132 58145
133 49952
134 55072
135 52000
136 54048
137 49960
138 27424
139 27425
140 53792
141 49952
142 25345
143 50080
144 52000
145 54056
146 25376
147 54056
148 25376
149 26401
150 53032
151 52000
152 59137
153 60193
154 54048
155 17192
156 28449
157 49960
158 58145
159 60193
160 25352
161 19233
162 18944
163 54048
164 27137
165 57121
166 27392
167 58152
168 57121
169 27425
170 59168
171 53024
172 27137
173 56097
174 62305
175 54048
176 49960
177 18945
178 25345
179 64296
180 60201
181 49928
182 56097
183 51744
184 19232
185 17153
186 49960
187 58145
188 25377
189 58145
190 55080
191 18209
192 58152
193 49952
194 60192
195 52008
196 54049
197 58153
198 49952
199 19233
200 19209
201 49961
202 61224
203 49952
204 49936
205 17192
206 60193
207 63264
208 49952
209 49960
210 27489
211 25377
212 52001
213 52009
214 49952
215 49953
216 58144
217 25376
218 58145
219 18944
220 25352
221 58144
222 27552
223 17193
224 27408
225 51969
226 54049
227 21281
228 19233
229 25376
230 27552
231 19241
232 27425
233 49952
234 25376
235 25377
236 54048
237 54048
238 49952
239 19232
240 19201
241 49952
242 52009
243 63265
244 27425
245 54049
246 57128
247 59169
248 17161
249 54049
250 19240
251 19233
252 20264
253 19232
254 49952
255 54016
256 49952
257 58152
258 56097
259 49936
260 19233
261 19233
262 50976
263 49952
264 54048
265 17192
266 58145
267 19200
268 58144
269 54048
270 60193
271 25377
272 27401
273 59177
274 58120
275 49952
276 55072
277 58145
278 58112
279 49952
280 18208
281 52000
282 25377
283 17192
284 52000
285 49960
286 55840
287 53024
288 54048
289 49952
290 19209
291 50976
292 17184
293 51968
294 27393
295 49952
296 58145
297 49953
298 25377
299 51977
300 19233
301 61280
302 49952
303 56105
304 49953
305 49952
306 58145
307 19232
308 61216
309 52001
310 49696
311 49977
312 59233
313 25377
314 27433
315 54057
316 49976
317 58152
318 19233
319 54056
320 52001
321 49953
322 52008
323 49953
324 49952
325 27425
326 54049
327 49952
328 58144
329 56105
330 17152
331 49960
332 60201
333 17184
334 52009
335 19240
336 53793
337 57129
338 27400
339 64296
340 25416
341 25345
342 56097
343 18977
344 63264
345 17153
346 17192
347 17184
348 25377
349 55072
350 55073
351 25352
352 17189
353 19248
354 58145
355 19233
356 27393
357 58144
358 19200
359 49952
360 27425
361 49952
362 49957
363 19232
364 52000
365 51968
366 17185
367 50976
368 63328
369 49952
370 58152
371 49952
372 52000
373 58144
374 49952
375 49952
376 17184
377 63265
378 17152
379 19233
380 52001
381 19232
382 54057
383 19232
384 54049
385 58112
386 58113
387 58208
388 49952
389 25344
390 17184
391 54048
392 19240
393 52000
394 53025
395 27424
396 49952
397 55081
398 54049
399 58176
400 54048
401 63264
402 49952
403 17185
404 54048
405 52001
406 49952
407 54056
408 17184
409 52008
410 50977
411 27425
412 49960
413 17184
414 56104
415 17193
416 49953
417 17184
418 17185
419 49952
420 55072
421 19241
422 54048
423 62304
424 49952
425 54048
426 49952
427 56097
428 49952
429 63264
430 21281
431 49952
432 50976
433 49952
434 49968
435 56105
436 19240
437 55073
438 53024
439 50977
440 49952
441 60192
442 49976
443 57121
444 54049
445 50976
446 27425
447 55073
448 52001
449 57129
450 25376
451 49952
452 56096
453 52000
454 52000
455 56096
456 56096
457 49952
458 52000
459 52001
460 49952
461 60160
462 49952
463 25376
464 60169
465 19233
466 49960
467 52000
468 52000
469 56096
470 62240
471 54056
472 23328
473 52000
474 19232
475 54049
476 54049
477 54056
478 60168
479 54049
480 52000
481 49952
482 62240
483 56105
484 50984
485 50976
486 49953
487 54056
488 57120
489 25409
490 60192
491 59169
492 50976
493 19224
494 19240
495 55841
496 51984
497 50976
498 54049
499 25376
500 60161
501 50976
502 49952
503 54048
504 52001
505 52001
506 58120
507 60192
508 49952
509 58153
510 58145
511 19240
512 17169
513 52000
514 25377
515 52001
516 56096
517 49952
518 52000
519 54048
520 25376
521 55080
522 58145
523 17153
524 54056
525 17193
526 63272
527 17152
528 49952
529 25377
530 54056
531 49953
532 58153
533 50024
534 19328
535 58145
536 17184
537 28417
538 25353
539 49960
540 17168
541 60200
542 17185
543 49952
544 52000
545 17184
546 49952
547 55073
548 52001
549 56096
550 51728
551 19233
552 52000
553 49920
554 52008
555 19232
556 52000
557 54057
558 58145
559 49952
560 52008
561 52001
562 25376
563 54048
564 58145
565 58144
566 58145
567 52000
568 51728
569 60192
570 19241
571 49921
572 19201
573 62248
574 58144
575 17152
576 17184
577 54049
578 58144
579 27393
580 60168
581 53793
582 25376
583 55841
584 54053
585 49960
586 54064
587 58145
588 25384
589 28417
590 19216
591 49920
592 25449
593 25376
594 52000
595 59232
596 52000
597 25384
598 49960
599 54056
600 62241
601 19232
602 49953
603 19241
604 49952
605 49952
606 49952
607 49952
608 25376
609 58145
610 25376
611 52000
612 19201
613 49953
614 19232
615 52025
616 19232
617 54048
618 50977
619 49960
620 27432
621 49952
622 17184
623 52009
624 20257
625 58144
626 59168
627 25344
628 19233
629 58144
630 27392
631 25376
632 25376
633 54024
634 49936
635 54049
636 49952
637 52000
638 49960
639 55081
640 55840
641 58145
642 55072
643 54048
644 52000
645 54049
646 53025
647 49952
648 49952
649 52000
650 19201
651 56096
652 17185
653 54049
654 51744
655 50080
656 25385
657 58144
658 49952
659 19233
660 19201
661 56096
662 27393
663 56097
664 17200
665 49953
666 54048
667 25361
668 50976
669 50984
670 55072
671 17177
672 49952
673 54048
674 23329
675 49953
676 49952
677 49952
678 49953
679 54048
680 49921
681 39720
682 52000
683 49952
684 52000
685 58144
686 27425
687 17185
688 58145
689 21281
690 49952
691 49952
692 53024
693 58136
694 58217
695 27425
696 19201
697 52000
698 19200
699 59233
700 49952
701 58145
702 56096
703 60192
704 49953
705 49952
706 19232
707 52008
708 52000
709 17184
710 52000
711 64289
712 25376
713 27424
714 49960
715 54048
716 49952
717 57129
718 19233
719 57120
720 55073
721 49952
722 18944
723 49952
724 52001
725 19201
726 51992
727 61225
728 65313
729 58152
730 56096
731 17185
732 19232
733 49952
734 54048
735 59168
736 25376
737 50024
738 19201
739 59177
740 60201
741 19208
742 55072
743 56104
744 52009
745 55073
746 56096
747 27393
748 49937
749 19233
750 58145
751 19216
752 49952
753 49960
754 52001
755 17184
756 58144
757 49960
758 52000
759 19233
760 25345
761 17185
762 58152
763 49952
764 56104
765 52000
766 58152
767 49928
768 58145
769 57128
770 27392
771 54056
772 25448
773 60192
774 49952
775 61224
776 49952
777 58153
778 57129
779 54048
780 58145
781 52000
782 25377
783 59169
784 60192
785 19232
786 27425
787 19233
788 58113
789 17185
790 27393
791 19216
792 49953
793 49952
794 58145
795 27425
796 58144
797 62240
798 60192
799 19200
800 50080
801 25376
802 54048
803 27464
804 27488
805 49952
806 56104
807 49953
808 49952
809 60192
810 52000
811 60193
812 52008
813 19233
814 49953
815 58153
816 49960
817 58145
818 52000
819 58144
820 19217
821 19216
822 19232
823 56096
824 59169
825 17168
826 58217
827 58144
828 54049
829 17200
830 58152
831 56104
832 49953
833 25344
834 19232
835 19200
836 49960
837 19209
838 49936
839 54057
840 58145
841 56105
842 58144
843 54056
844 58153
845 20257
846 58112
847 25344
848 59169
849 54049
850 49961
851 19201
852 54048
853 52000
854 49952
855 57121
856 27393
857 19209
858 17184
859 49952
860 54056
861 60192
862 19240
863 58145
864 49952
865 19209
866 50976
867 58144
868 56097
869 54016
870 49952
871 54057
872 49960
873 19201
874 55073
875 56097
876 49953
877 52008
878 49968
879 56097
880 55073
881 49952
882 56096
883 58145
884 52001
885 56096
886 17153
887 49960
888 23328
889 63272
890 52000
891 58120
892 58145
893 56097
894 49968
895 27424
896 17184
897 58144
898 58145
899 19232
900 49953
901 59169
902 27137
903 49960
904 17184
905 55072
906 49952
907 18216
908 19232
909 49952
910 49952
911 58145
912 17185
913 19233
914 25345
915 19232
916 50976
917 54056
918 49952
919 17184
920 20257
921 27425
922 25377
923 17184
924 52000
925 39720
926 54049
927 25376
928 54048
929 25384
930 19232
931 17152
932 53025
933 63264
934 49952
935 49952
936 51968
937 52008
938 2849
939 59169
940 25376
941 49952
942 60193
943 54048
944 58144
945 52000
946 49952
947 52000
948 51985
949 49960
950 49952
951 54056
952 58144
953 25352
954 55072
955 56096
956 49953
957 54049
958 18944
959 54048
960 51977
961 60192
962 19328
963 56104
964 19232
965 49952
966 54049
967 52008
968 60200
969 19201
970 58208
971 54056
972 59169
973 54048
974 49952
975 60201
976 58144
977 49952
978 52001
979 49952
980 50976
981 56096
982 49952
983 54049
984 19232
985 58144
986 25377
987 58145
988 49960
989 49952
990 49953
991 49953
992 17184
993 54048
994 49952
995 25377
996 27392
997 60160
998 54064
999 49957
1000 54056
1001 52009
1002 49952
1003 17184
1004 49952
1005 54048
1006 49952
1007 55080
1008 49952
1009 49960
1010 59168
1011 49952
1012 50977
1013 17184
1014 49953
1015 52001
1016 56104
1017 54057
1018 54064
1019 58145
1020 49960
1021 58145
1022 49953
1023 19209
1024 52000
1025 58144
1026 58144
1027 50016
1028 49921
1029 59169
1030 17192
1031 58145
1032 27456
1033 58145
1034 52000
1035 54048
1036 57129
1037 51977
1038 49960
1039 60193
1040 27393
1041 60257
1042 52000
1043 28449
1044 53025
1045 18944
1046 56096
1047 19233
1048 27425
1049 58145
1050 49952
1051 27432
1052 49952
1053 17185
1054 27425
1055 27425
1056 57128
1057 19232
1058 49952
1059 60192
1060 17185
1061 56096
1062 25376
1063 58145
1064 52000
1065 58144
1066 58145
1067 27392
1068 49952
1069 27425
1070 57128
1071 25376
1072 59177
1073 27424
1074 55080
1075 54048
1076 49953
1077 55080
1078 58144
1079 25377
1080 49952
1081 25352
1082 27425
1083 19241
1084 52008
1085 18944
1086 19232
1087 25344
1088 19201
1089 25376
1090 17153
1091 49952
1092 20257
1093 17185
1094 17193
1095 58144
1096 25441
1097 28457
1098 49953
1099 62249
1100 19208
1101 19233
1102 52000
1103 25377
1104 57120
1105 17184
1106 55080
1107 17184
1108 54065
1109 19232
1110 49952
1111 19241
1112 49960
1113 58145
1114 49952
1115 17184
1116 49960
1117 65320
1118 55072
1119 49960
1120 54057
1121 49968
1122 27392
1123 54049
1124 62241
1125 57128
1126 52000
1127 54056
1128 17177
1129 25377
1130 49961
1131 54048
1132 39720
1133 49952
1134 17152
1135 26401
1136 57129
1137 53792
1138 50080
1139 49952
1140 49952
1141 19217
1142 25345
1143 27392
1144 56097
1145 52008
1146 54057
1147 21280
1148 25344
1149 49968
1150 63265
1151 18944
1152 17185
1153 60193
1154 55072
1155 52001
1156 19200
1157 25376
1158 58145
1159 27488
1160 59169
1161 64296
1162 51969
1163 49952
1164 58152
1165 52001
1166 58208
1167 50976
1168 25352
1169 53024
1170 49952
1171 62240
1172 26408
1173 52000
1174 58153
1175 19240
1176 52001
1177 57120
1178 49952
1179 21288
1180 49952
1181 26408
1182 25377
1183 19208
1184 49968
1185 54056
1186 54064
1187 17161
1188 17153
1189 58145
1190 52008
1191 54048
1192 19232
1193 25376
1194 52000
1195 49960
1196 19232
1197 19232
1198 17184
1199 60193
1200 26401
1201 25360
1202 61217
1203 50984
1204 58152
1205 17192
1206 19256
1207 53024
1208 58144
1209 49953
1210 27424
1211 52000
1212 49953
1213 17189
1214 52000
1215 49952
1216 56097
1217 54053
1218 52009
1219 60201
1220 19201
1221 55072
1222 19240
1223 25344
1224 54048
1225 49953
1226 25376
1227 56097
1228 54056
1229 60193
1230 27425
1231 17185
1232 49960
1233 19233
1234 17185
1235 49953
1236 17153
1237 57121
1238 49960
1239 25345
1240 49952
1241 56064
1242 49696
1243 58145
1244 54048
1245 19208
1246 55072
1247 19240
1248 63265
1249 54048
1250 49936
1251 17152
1252 49952
1253 49952
1254 54048
1255 58153
1256 62305
1257 54064
1258 19233
1259 62240
1260 58145
1261 25361
1262 52000
1263 59176
1264 58144
1265 55081
1266 49928
1267 49952
1268 54056
1269 25376
1270 49952
1271 62249
1272 54048
1273 55081
1274 63264
1275 54056
1276 19201
1277 19200
1278 52000
1279 19200
1280 17153
1281 60201
1282 49953
1283 17169
1284 28449
1285 49953
1286 59169
1287 60192
1288 27393
1289 18944
1290 54048
1291 60168
1292 49953
1293 51968
1294 60160
1295 52001
1296 27457
1297 62241
1298 50977
1299 65313
1300 54049
1301 51744
1302 18944
1303 54048
1304 25345
1305 60192
1306 49952
1307 60193
1308 54048
1309 17192
1310 17169
1311 49961
1312 58145
1313 49952
1314 52000
1315 19240
1316 52000
1317 59177
1318 52000
1319 19232
1320 25376
1321 21280
1322 58144
1323 60192
1324 58145
1325 52009
1326 17176
1327 56096
1328 51968
1329 56096
1330 52008
1331 49953
1332 55841
1333 19232
1334 49952
1335 54048
1336 54048
1337 19200
1338 19233
1339 49952
1340 49960
1341 54056
1342 52000
1343 19232
1344 49976
1345 25441
1346 19241
1347 49952
1348 58208
1349 56097
1350 49960
1351 49953
1352 49953
1353 49953
1354 19233
1355 61216
1356 54049
1357 49953
1358 49960
1359 17184
1360 25376
1361 19233
1362 17185
1363 21281
1364 25377
1365 55081
1366 49952
1367 53025
1368 60161
1369 54048
1370 49952
1371 49952
1372 49953
1373 52000
1374 55080
1375 49953
1376 62248
1377 19201
1378 19233
1379 21280
1380 17185
1381 19233
1382 49952
1383 27425
1384 52001
1385 49952
1386 58144
1387 54049
1388 49952
1389 54048
1390 19233
1391 52000
1392 50024
1393 56104
1394 49952
1395 61280
1396 27488
1397 63265
1398 52008
1399 55072
1400 52008
1401 19200
1402 61217
1403 19241
1404 17184
1405 49952
1406 17192
1407 52001
1408 54056
1409 17168
1410 49952
1411 54049
1412 53024
1413 17184
1414 49945
1415 27425
1416 25376
1417 54056
1418 57120
1419 27424
1420 50977
1421 49952
1422 52000
1423 49952
1424 54065
1425 25377
1426 49960
1427 49953
1428 53024
1429 27393
1430 19232
1431 49953
1432 58112
1433 52008
1434 18976
1435 49953
1436 52009
1437 27432
1438 58145
1439 25385
1440 25344
1441 49952
1442 25376
1443 19201
1444 52008
1445 50016
1446 25377
1447 50977
1448 58144
1449 17200
1450 59169
1451 52001
1452 25344
1453 56096
1454 17192
1455 60193
1456 19216
1457 54048
1458 49920
1459 17184
1460 18209
1461 25377
1462 49952
1463 19232
1464 49952
1465 54056
1466 20265
1467 25376
1468 49957
1469 52001
1470 55072
1471 54049
1472 19232
1473 54048
1474 54049
1475 20256
1476 60161
1477 58145
1478 49961
1479 49953
1480 27432
1481 54056
1482 49953
1483 27400
1484 27457
1485 52000
1486 19201
1487 58144
1488 49961
1489 17153
1490 27424
1491 49953
1492 58144
1493 54048
1494 49952
1495 19200
1496 49952
1497 49952
1498 17184
1499 62241
1500 49952
1501 17192
1502 19233
1503 58145
1504 49696
1505 62249
1506 54025
1507 52000
1508 51985
1509 59177
1510 18216
1511 28456
1512 58144
1513 51976
1514 50977
1515 56104
1516 25376
1517 59169
1518 49952
1519 28448
1520 54057
1521 52000
1522 49920
1523 52000
1524 58144
1525 21281
1526 25352
1527 49952
1528 19200
1529 53032
1530 17184
1531 61217
1532 19241
1533 54072
1534 27424
1535 25384
1536 51712
1537 19201
1538 53025
1539 25377
1540 19328
1541 19240
1542 54024
1543 17185
1544 53033
1545 25352
1546 60193
1547 55072
1548 52008
1549 54049
1550 55841
1551 58145
1552 19232
1553 58145
1554 54024
1555 49952
1556 58144
1557 19248
1558 49952
1559 54056
1560 21280
1561 2849
1562 25377
1563 58144
1564 17185
1565 59168
1566 58144
1567 51969
1568 54048
1569 54032
1570 58208
1571 52000
1572 58144
1573 58144
1574 17185
1575 49960
1576 57121
1577 55073
1578 49952
1579 49952
1580 27433
1581 19233
1582 27433
1583 63264
1584 60168
1585 52024
1586 25440
1587 54056
1588 49952
1589 58144
1590 25376
1591 17184
1592 58145
1593 55073
1594 17184
1595 49952
1596 58145
1597 58153
1598 17184
1599 55073
1600 56096
1601 49952
1602 25345
1603 58145
1604 52008
1605 27488
1606 58209
1607 23328
1608 56104
1609 60192
1610 55072
1611 60193
1612 58152
1613 52009
1614 54048
1615 25344
1616 50977
1617 19200
1618 17184
1619 52000
1620 54048
1621 59176
1622 52000
1623 57120
1624 59169
1625 58113
1626 56097
1627 54049
1628 51745
1629 61217
1630 55072
1631 52001
1632 58144
1633 60193
1634 17168
1635 52001
1636 17161
1637 58152
1638 56113
1639 61185
1640 54048
1641 62241
1642 49952
1643 55073
1644 49953
1645 55072
1646 49952
1647 49952
1648 19233
1649 49952
1650 52000
1651 54048
1652 59168
1653 54049
1654 27400
1655 59168
1656 49960
1657 58145
1658 52000
1659 55840
1660 55073
1661 49953
1662 49952
1663 58144
1664 27425
1665 60169
1666 49952
1667 54048
1668 56096
1669 49960
1670 25377
1671 52001
1672 54072
1673 28449
1674 63336
1675 19233
1676 19233
1677 49953
1678 19200
1679 49952
1680 53033
1681 62240
1682 19233
1683 25377
1684 49960
1685 53024
1686 60192
1687 52001
1688 18209
1689 58144
1690 53025
1691 54048
1692 49968
1693 54048
1694 53024
1695 27425
1696 60193
1697 17184
1698 19200
1699 27425
1700 49953
1701 49953
1702 58145
1703 19232
1704 27488
1705 54048
1706 58112
1707 54056
1708 51728
1709 25440
1710 55080
1711 49960
1712 49952
1713 49976
1714 54048
1715 27425
1716 25440
1717 60192
1718 17153
1719 49960
1720 58144
1721 58113
1722 58145
1723 52000
1724 60193
1725 55073
1726 58128
1727 19240
1728 50976
1729 55073
1730 49952
1731 25376
1732 52008
1733 49953
1734 49952
1735 19240
1736 49977
1737 49953
1738 58145
1739 49945
1740 62240
1741 52000
1742 49960
1743 25377
1744 58144
1745 25376
1746 49976
1747 59169
1748 54057
1749 25376
1750 49961
1751 49952
1752 53025
1753 58145
1754 17168
1755 49928
1756 17192
1757 52001
1758 49952
1759 49952
1760 49960
1761 19200
1762 49936
1763 50984
1764 20265
1765 25376
1766 62248
1767 56105
1768 50977
1769 19201
1770 25376
1771 54048
1772 58152
1773 58145
1774 17192
1775 19209
1776 27393
1777 19233
1778 18977
1779 19232
1780 25376
1781 52001
1782 49976
1783 50976
1784 54048
1785 58145
1786 49952
1787 17168
1788 58145
1789 19201
1790 54056
1791 54049
1792 54048
1793 53024
1794 52008
1795 17184
1796 58153
1797 19217
1798 17184
1799 51969
1800 52009
1801 54056
1802 58144
1803 17184
1804 62248
1805 54049
1806 55073
1807 53025
1808 58113
1809 17192
1810 58144
1811 53025
1812 27137
1813 49952
1814 60161
1815 58144
1816 62313
1817 58217
1818 19209
1819 54048
1820 25376
1821 19240
1822 60193
1823 52000
1824 25377
1825 49960
1826 27393
1827 52000
1828 19232
1829 56096
1830 25377
1831 54048
1832 27393
1833 25344
1834 55080
1835 17152
1836 27425
1837 60200
1838 23329
1839 25376
1840 19200
1841 49976
1842 60193
1843 49953
1844 27400
1845 51977
1846 17184
1847 63265
1848 56097
1849 58216
1850 52008
1851 54048
1852 58209
1853 62240
1854 49952
1855 19233
1856 27425
1857 58144
1858 54048
1859 54048
1860 53025
1861 49952
1862 53024
1863 55841
1864 27408
1865 50976
1866 58272
1867 50016
1868 58145
1869 52000
1870 49961
1871 62241
1872 27392
1873 54048
1874 60192
1875 62240
1876 54049
1877 58121
1878 27425
1879 49953
1880 49952
1881 19241
1882 52001
1883 50977
1884 56096
1885 52001
1886 27425
1887 53792
1888 54056
1889 19233
1890 58145
1891 17152
1892 49952
1893 50976
1894 49976
1895 54049
1896 49952
1897 52008
1898 58144
1899 52000
1900 49952
1901 19232
1902 54065
1903 62241
1904 27425
1905 51969
1906 17208
1907 19233
1908 54048
1909 57121
1910 52000
1911 54056
1912 52000
1913 54049
1914 19233
1915 52016
1916 52001
1917 17185
1918 49968
1919 58145
1920 52000
1921 52000
1922 17184
1923 54048
1924 25377
1925 25376
1926 56104
1927 49953
1928 19209
1929 56065
1930 52000
1931 58145
1932 54049
1933 58144
1934 54072
1935 52000
1936 49952
1937 49960
1938 59168
1939 49697
1940 25344
1941 19200
1942 27392
1943 52008
1944 26401
1945 19233
1946 51969
1947 56096
1948 58128
1949 56097
1950 49952
1951 49952
1952 19201
1953 19201
1954 52001
1955 54017
1956 54057
1957 56096
1958 52000
1959 19200
1960 49961
1961 19201
1962 52000
1963 58145
1964 54048
1965 49968
1966 57128
1967 19241
1968 56104
1969 52000
1970 49953
1971 20257
1972 49952
1973 59168
1974 58112
1975 49952
1976 17185
1977 17153
1978 17185
1979 52001
1980 49952
1981 60161
1982 52000
1983 49952
1984 51969
1985 63264
1986 19217
1987 49952
1988 25448
1989 54049
1990 64288
1991 56096
1992 17192
1993 19200
1994 25384
1995 55081
1996 58112
1997 58216
1998 17184
1999 63265
2000 54048
2001 59177
2002 17161
2003 58145
2004 49944
2005 54057
2006 52000
2007 49952
2008 52001
2009 50984
2010 17184
2011 58144
2012 52008
2013 60192
2014 49937
2015 19232
2016 49952
2017 58208
2018 60192
2019 58144
2020 17168
2021 27433
2022 25376
2023 49953
2024 62241
2025 52001
2026 58144
2027 49968
2028 58145
2029 62241
2030 50976
2031 58112
2032 58144
2033 54048
2034 52008
2035 19209
2036 17184
2037 59176
2038 58144
2039 17201
2040 49952
2041 54057
2042 55073
2043 17184
2044 54049
2045 52008
2046 55073
2047 54048
2048 19233
2049 60193
2050 19209
2051 54057
2052 52000
2053 56097
2054 17185
2055 60161
2056 54048
2057 55072
2058 27489
2059 19232
2060 25384
2061 25384
2062 49952
2063 58144
2064 55081
2065 49952
2066 50024
2067 51985
2068 49960
2069 17185
2070 27401
2071 25440
2072 19233
2073 58153
2074 56104
2075 25344
2076 19232
2077 58144
2078 25448
2079 27425
2080 49952
2081 28449
2082 49968
2083 62241
2084 58272
2085 52001
2086 19232
2087 60169
2088 49961
2089 49953
2090 62248
2091 54056
2092 17185
2093 27392
2094 27496
2095 55080
2096 54049
2097 52001
2098 50984
2099 17184
2100 58272
2101 27392
2102 19201
2103 49960
2104 54049
2105 54056
2106 27425
2107 19208
2108 27488
2109 52001
2110 49968
2111 54057
2112 58145
2113 63272
2114 49960
2115 19232
2116 19232
2117 54056
2118 62240
2119 62241
2120 54057
2121 19233
2122 25344
2123 49952
2124 57121
2125 17189
2126 60200
2127 56096
2128 52001
2129 20265
2130 58209
2131 27425
2132 49960
2133 56065
2134 52016
2135 56113
2136 58144
2137 25344
2138 49952
2139 27400
2140 54049
2141 19232
2142 53025
2143 49953
2144 27408
2145 58144
2146 49952
2147 50977
2148 28449
2149 49952
2150 58153
2151 52001
2152 49976
2153 19240
2154 58145
2155 19232
2156 49960
2157 17168
2158 52000
2159 49952
2160 49936
2161 17184
2162 54048
2163 52000
2164 27424
2165 19240
2166 58216
2167 52001
2168 60161
2169 65312
2170 19233
2171 49952
2172 17185
2173 55840
2174 54057
2175 49952
2176 19232
2177 52000
2178 49960
2179 49953
2180 54048
2181 63273
2182 49953
2183 52001
2184 19201
2185 19217
2186 61217
2187 56105
2188 49953
2189 56104
2190 52000
2191 57128
2192 25377
2193 55072
2194 54048
2195 17152
2196 49952
2197 25384
2198 49960
2199 27393
2200 55080
2201 58152
2202 54048
2203 27400
2204 49952
2205 19201
2206 61217
2207 49953
2208 49952
2209 49953
2210 17184
2211 57128
2212 54049
2213 58112
2214 27424
2215 58145
2216 19240
2217 17184
2218 20256
2219 52001
2220 49952
2221 27393
2222 54064
2223 19201
2224 49952
2225 17192
2226 52001
2227 25376
2228 49952
2229 17153
2230 19208
2231 63336
2232 17185
2233 54056
2234 27432
2235 52000
2236 27401
2237 17185
2238 49953
2239 62248
2240 27433
2241 19232
2242 17160
2243 58112
2244 17184
2245 49952
2246 52000
2247 58120
2248 49953
2249 56064
2250 19233
2251 49968
2252 58113
2253 51992
2254 17185
2255 25376
2256 58144
2257 49953
2258 19232
2259 19233
2260 50977
2261 58145
2262 63264
2263 54057
2264 55072
2265 58145
2266 52001
2267 27401
2268 58153
2269 52000
2270 2849
2271 58144
2272 58145
2273 25376
2274 58144
2275 49952
2276 27425
2277 58272
2278 54048
2279 50984
2280 55073
2281 49960
2282 57120
2283 25384
2284 52001
2285 62248
2286 17184
2287 59169
2288 54049
2289 49952
2290 55072
2291 60200
2292 52001
2293 52001
2294 17184
2295 56112
2296 51969
2297 25376
2298 27392
2299 19232
2300 49952
2301 28449
2302 19201
2303 17184
2304 50984
2305 49952
2306 59168
2307 27401
2308 56064
2309 49969
2310 2849
2311 63264
2312 60200
2313 58144
2314 58144
2315 25376
2316 25376
2317 52000
2318 20264
2319 54049
2320 58145
2321 55072
2322 17153
2323 57120
2324 49953
2325 58209
2326 50976
2327 52001
2328 60201
2329 62249
2330 58144
2331 19241
2332 17192
2333 25376
2334 49968
2335 19216
2336 25345
2337 27393
2338 60193
2339 52000
2340 58136
2341 27433
2342 52008
2343 54048
2344 54048
2345 58112
2346 52000
2347 49953
2348 52000
2349 54057
2350 49952
2351 58152
2352 52016
2353 49952
2354 18976
2355 54056
2356 27424
2357 25344
2358 62248
2359 50985
2360 27433
2361 54049
2362 52000
2363 58209
2364 49961
2365 59169
2366 55073
2367 19232
2368 60161
2369 49952
2370 56105
2371 56097
2372 63328
2373 55081
2374 28449
2375 49953
2376 52000
2377 52001
2378 19232
2379 27425
2380 60192
2381 53792
2382 54048
2383 19208
2384 50977
2385 58144
2386 60193
2387 17185
2388 54049
2389 25376
2390 19232
2391 55072
2392 58144
2393 58152
2394 52000
2395 58153
2396 49960
2397 27497
2398 17185
2399 27424
2400 17168
2401 58144
2402 25377
2403 52000
2404 49952
2405 25377
2406 17184
2407 25377
2408 25353
2409 19232
2410 19233
2411 54048
2412 58144
2413 49936
2414 28449
2415 58145
2416 50984
2417 58120
2418 58145
2419 19240
2420 49960
2421 21280
2422 58144
2423 54048
2424 49952
2425 19201
2426 54049
2427 19232
2428 49936
2429 19232
2430 49952
2431 27552
2432 55073
2433 58152
2434 50985
2435 49953
2436 58144
2437 58145
2438 49952
2439 27424
2440 25377
2441 58145
2442 54048
2443 17184
2444 50985
2445 50976
2446 19201
2447 52000
2448 58144
2449 62248
2450 54048
2451 56104
2452 49952
2453 19232
2454 52008
2455 49952
2456 55073
2457 49952
2458 64288
2459 58144
2460 58145
2461 52001
2462 53033
2463 49952
2464 49952
2465 49952
2466 20265
2467 51992
2468 54048
2469 58145
2470 52008
2471 52000
2472 18945
2473 52000
2474 19233
2475 49952
2476 27496
2477 54049
2478 54049
2479 56096
2480 51992
2481 19233
2482 25344
2483 55072
2484 56096
2485 27424
2486 54048
2487 50976
2488 49952
2489 17193
2490 17185
2491 60193
2492 50976
2493 49961
2494 61217
2495 49952
2496 63265
2497 50080
2498 17193
2499 58144
2500 58152
2501 17185
2502 54057
2503 56088
2504 54056
2505 19241
2506 19233
2507 55073
2508 58145
2509 61217
2510 49953
2511 17200
2512 49960
2513 49952
2514 25384
2515 25377
2516 49953
2517 27424
2518 52008
2519 52001
2520 54049
2521 17152
2522 56104
2523 63264
2524 49937
2525 56112
2526 26464
2527 52001
2528 17184
2529 17152
2530 25376
2531 27425
2532 25377
2533 54064
2534 58208
2535 26409
2536 49968
2537 54049
2538 17184
2539 62240
2540 49952
2541 28449
2542 19232
2543 58152
2544 55073
2545 19233
2546 58144
2547 54056
2548 19208
2549 58113
2550 27425
2551 49921
2552 58144
2553 19241
2554 54049
2555 49952
2556 58144
2557 49953
2558 52001
2559 54049
2560 49928
2561 52001
2562 27392
2563 17184
2564 58152
2565 27425
2566 49952
2567 52001
2568 59233
2569 59177
2570 58144
2571 28513
2572 52008
2573 49937
2574 58152
2575 19232
2576 27552
2577 54048
2578 52008
2579 19233
2580 58145
2581 58152
2582 19216
2583 17176
2584 52001
2585 27392
2586 27425
2587 60193
2588 54048
2589 27424
2590 55072
2591 19233
2592 54057
2593 19232
2594 19233
2595 17184
2596 19200
2597 51969
2598 60192
2599 49953
2600 27393
2601 59176
2602 57120
2603 52000
2604 25384
2605 56097
2606 17184
2607 17185
2608 19232
2609 62240
2610 55081
2611 27392
2612 58153
2613 60201
2614 49960
2615 49936
2616 27432
2617 53793
2618 59169
2619 54032
2620 56096
2621 25344
2622 60193
2623 49953
2624 19201
2625 60168
2626 25441
2627 49953
2628 51969
2629 56096
2630 17184
2631 53025
2632 62240
2633 59168
2634 58153
2635 53024
2636 49969
2637 49960
2638 52000
2639 19232
2640 58208
2641 49952
2642 59168
2643 27424
2644 55073
2645 49960
2646 57129
2647 54048
2648 49968
2649 27424
2650 17184
2651 20257
2652 19328
2653 25344
2654 54056
2655 17184
2656 19233
2657 54040
2658 65313
2659 53025
2660 27425
2661 54056
2662 25377
2663 54056
2664 49960
2665 19208
2666 58145
2667 65313
2668 52001
2669 49952
2670 57121
2671 50976
2672 50984
2673 54048
2674 25376
2675 55081
2676 49952
2677 60193
2678 51968
2679 54049
2680 52000
2681 19233
2682 51993
2683 50976
2684 49953
2685 54056
2686 17185
2687 59168
2688 53025
2689 65312
2690 56104
2691 27425
2692 55072
2693 60192
2694 49953
2695 52000
2696 52001
2697 62240
2698 54048
2699 58144
2700 49952
2701 49952
2702 25345
2703 18217
2704 27393
2705 52001
2706 59168
2707 54056
2708 54048
2709 51976
2710 19233
2711 17168
2712 19232
2713 19201
2714 54048
2715 58144
2716 52008
2717 51976
2718 17169
2719 62241
2720 56097
2721 54048
2722 52001
2723 54048
2724 58145
2725 56096
2726 57121
2727 49952
2728 55072
2729 25376
2730 54056
2731 54056
2732 49952
2733 54057
2734 58144
2735 52008
2736 54048
2737 52001
2738 51993
2739 49953
2740 60200
2741 58136
2742 17152
2743 25376
2744 50977
2745 54056
2746 50977
2747 19232
2748 54056
2749 49920
2750 52000
2751 17184
2752 17185
2753 58145
2754 49952
2755 49952
2756 54049
2757 55073
2758 49952
2759 17153
2760 19200
2761 18209
2762 52000
2763 49952
2764 49952
2765 58208
2766 54056
2767 53024
2768 54048
2769 55072
2770 58144
2771 58153
2772 19232
2773 20257
2774 56113
2775 19233
2776 19201
2777 19209
2778 54017
2779 54049
2780 49953
2781 17184
2782 54048
2783 49953
2784 58153
2785 54016
2786 58144
2787 25377
2788 54056
2789 19232
2790 17184
2791 52017
2792 49960
2793 17192
2794 49953
2795 49952
2796 19201
2797 52000
2798 39712
2799 49952
2800 55072
2801 58145
2802 59168
2803 60193
2804 49952
2805 27552
2806 49952
2807 49952
2808 49952
2809 60193
2810 49960
2811 62240
2812 49957
2813 49960
2814 19240
2815 49968
2816 49953
2817 19233
2818 60193
2819 19233
2820 17184
2821 59169
2822 19208
2823 19233
2824 19232
2825 54048
2826 62248
2827 51745
2828 54056
2829 28449
2830 52009
2831 54048
2832 53025
2833 54048
2834 27393
2835 54048
2836 27393
2837 54049
2838 25376
2839 54049
2840 64289
2841 49952
2842 17153
2843 49952
2844 19233
2845 53032
2846 56096
2847 51744
2848 17153
2849 49953
2850 57121
2851 52008
2852 60192
2853 52000
2854 25377
2855 25376
2856 17184
2857 19240
2858 58144
2859 58144
2860 54049
2861 27424
2862 54049
2863 19208
2864 60193
2865 62312
2866 64288
2867 49952
2868 25345
2869 25376
2870 17185
2871 58113
2872 25377
2873 51745
2874 49953
2875 55081
2876 65313
2877 60200
2878 52000
2879 49952
2880 58121
2881 49960
2882 60192
2883 60160
2884 58144
2885 49953
2886 49952
2887 19240
2888 52000
2889 19240
2890 49952
2891 55080
2892 54048
2893 54048
2894 58144
2895 54049
2896 49696
2897 52001
2898 27392
2899 19232
2900 51968
2901 54056
2902 54049
2903 52008
2904 49952
2905 39720
2906 62248
2907 55080
2908 52009
2909 19201
2910 19240
2911 49929
2912 19233
2913 54048
2914 25344
2915 58144
2916 54048
2917 54049
2918 60192
2919 55073
2920 17152
2921 49960
2922 26465
2923 54048
2924 49952
2925 54049
2926 58145
2927 19200
2928 27425
2929 18209
2930 63264
2931 56097
2932 57120
2933 17185
2934 53025
2935 58113
2936 56097
2937 19233
2938 52001
2939 19304
2940 49952
2941 27433
2942 19232
2943 54049
2944 19232
2945 49952
2946 55073
2947 54064
2948 49960
2949 62304
2950 54048
2951 25376
2952 49952
2953 54064
2954 58152
2955 57128
2956 55081
2957 17248
2958 52001
2959 60192
2960 55072
2961 17184
2962 25344
2963 49952
2964 49952
2965 49952
2966 52000
2967 27424
2968 49952
2969 17168
2970 27425
2971 19208
2972 27137
2973 49953
2974 52000
2975 52008
2976 19232
2977 49952
2978 49952
2979 17184
2980 55072
2981 55841
2982 27424
2983 52000
2984 49952
2985 49960
2986 54056
2987 25376
2988 55840
2989 49953
2990 52001
2991 60193
2992 58144
2993 58144
2994 50984
2995 55073
2996 63329
2997 56096
2998 17160
2999 52000
3000 50977
3001 57121
3002 21280
3003 54048
3004 60160
3005 50977
3006 49952
3007 18209
3008 60192
3009 50976
3010 49952
3011 58153
3012 58144
3013 49952
3014 52001
3015 17192
3016 52009
3017 49952
3018 52000
3019 52000
3020 54056
3021 25344
3022 25344
3023 17168
3024 52008
3025 49952
3026 49960
3027 49961
3028 27425
3029 58145
3030 49936
3031 49960
3032 27425
3033 28449
3034 58144
3035 54048
3036 58152
3037 49952
3038 19240
3039 62241
3040 25377
3041 17176
3042 49953
3043 62249
3044 58216
3045 27425
3046 60256
3047 65313
3048 19232
3049 49953
3050 49953
3051 51969
3052 17184
3053 25377
3054 53025
3055 25376
3056 57129
3057 54056
3058 49952
3059 60161
3060 49944
3061 25345
3062 27432
3063 54056
3064 25440
3065 49952
3066 58144
3067 49961
3068 58145
3069 18208
3070 58145
3071 49952
3072 17184
3073 19233
3074 58145
3075 58145
3076 19240
3077 58144
3078 49952
3079 52009
3080 52001
3081 52001
3082 54032
3083 28513
3084 17184
3085 57121
3086 58144
3087 49952
3088 19240
3089 64288
3090 58145
3091 52008
3092 19232
3093 49952
3094 19208
3095 25344
3096 25376
3097 49952
3098 52008
3099 57128
3100 49960
3101 27401
3102 17177
3103 19232
3104 17185
3105 51968
3106 19225
3107 25361
3108 60201
3109 17184
3110 60201
3111 52008
3112 52008
3113 56096
3114 56112
3115 20257
3116 54056
3117 54056
3118 54049
3119 50080
3120 58144
3121 54048
3122 27424
3123 54056
3124 62304
3125 25441
3126 56096
3127 49953
3128 61217
3129 58145
3130 58144
3131 27424
3132 49952
3133 52001
3134 52000
3135 27425
3136 50985
3137 49961
3138 54048
3139 50976
3140 25376
3141 54048
3142 52000
3143 17192
3144 17160
3145 17185
3146 26400
3147 56097
3148 58145
3149 52000
3150 58144
3151 27425
3152 50984
3153 27425
3154 49952
3155 17201
3156 58145
3157 19208
3158 50080
3159 19233
3160 49952
3161 58144
3162 52009
3163 54048
3164 58136
3165 51712
3166 17184
3167 52008
3168 27137
3169 61217
3170 27432
3171 19232
3172 58144
3173 25344
3174 52008
3175 55841
3176 25376
3177 17193
3178 49952
3179 49921
3180 49952
3181 49960
3182 49952
3183 50976
3184 17185
3185 25377
3186 52001
3187 25376
3188 52000
3189 54056
3190 49960
3191 56088
3192 55072
3193 52009
3194 49953
3195 49953
3196 49952
3197 55841
3198 54048
3199 60160
3200 56096
3201 25376
3202 58144
3203 25377
3204 55072
3205 54056
3206 55080
3207 52001
3208 49960
3209 17153
3210 55073
3211 50976
3212 58152
3213 54056
3214 59169
3215 27425
3216 51968
3217 49952
3218 56105
3219 58144
3220 49961
3221 49952
3222 17184
3223 49960
3224 25352
3225 58208
3226 63273
3227 49960
3228 25360
3229 17193
3230 49953
3231 49952
3232 19232
3233 19233
3234 17208
3235 27425
3236 50985
3237 49921
3238 52009
3239 55080
3240 49952
3241 17176
3242 59169
3243 50984
3244 19232
3245 54056
3246 49929
3247 25377
3248 19208
3249 25376
3250 54048
3251 58145
3252 56112
3253 49952
3254 49952
3255 26401
3256 54057
3257 49952
3258 58152
3259 58208
3260 54048
3261 52000
3262 58144
3263 49952
3264 54048
3265 50977
3266 19232
3267 17160
3268 49952
3269 60168
3270 19201
3271 59169
3272 17184
3273 52001
3274 55072
3275 59177
3276 28513
3277 27392
3278 55072
3279 49952
3280 55073
3281 58153
3282 49920
3283 52000
3284 25384
3285 25377
3286 49921
3287 19233
3288 53025
3289 19233
3290 58144
3291 19233
3292 49953
3293 19240
3294 58153
3295 58153
3296 49953
3297 25377
3298 59176
3299 19248
3300 19240
3301 19232
3302 52000
3303 49952
3304 49961
3305 23328
3306 49960
3307 19240
3308 60201
3309 49952
3310 55072
3311 59168
3312 49952
3313 58153
3314 54049
3315 17184
3316 19201
3317 56096
3318 54048
3319 49960
3320 65313
3321 49952
3322 19232
3323 49952
3324 56096
3325 58152
3326 58272
3327 56112
3328 52000
3329 60192
3330 54048
3331 58144
3332 27400
3333 54048
3334 59233
3335 57120
3336 62240
3337 49952
3338 54048
3339 19233
3340 54048
3341 19240
3342 25376
3343 54048
3344 18945
3345 25377
3346 58112
3347 19201
3348 58152
3349 49953
3350 50016
3351 25345
3352 27392
3353 17201
3354 54048
3355 59176
3356 49937
3357 58144
3358 50976
3359 49952
3360 54049
3361 58144
3362 52000
3363 19232
3364 52000
3365 17200
3366 60193
3367 49953
3368 49952
3369 53792
3370 25377
3371 54049
3372 19201
3373 49961
3374 27425
3375 17192
3376 49960
3377 52000
3378 17152
3379 62241
3380 19233
3381 60193
3382 49953
3383 53024
3384 19232
3385 26400
3386 56096
3387 58152
3388 54048
3389 55073
3390 52000
3391 27464
3392 58144
3393 52008
3394 61216
3395 58153
3396 62305
3397 19217
3398 26409
3399 55080
3400 52000
3401 19200
3402 19328
3403 17184
3404 49961
3405 17153
3406 56096
3407 49952
3408 60161
3409 18209
3410 61217
3411 49952
3412 52000
3413 54048
3414 63328
3415 54056
3416 54049
3417 52001
3418 49952
3419 54048
3420 63264
3421 25344
3422 60192
3423 52001
3424 49952
3425 58145
3426 52008
3427 58145
3428 54048
3429 19232
3430 23328
3431 54048
3432 49952
3433 56096
3434 25376
3435 49952
3436 52000
3437 21280
3438 26401
3439 25376
3440 20257
3441 19241
3442 27433
3443 56104
3444 54049
3445 49952
3446 58144
3447 54048
3448 54049
3449 52000
3450 63264
3451 57128
3452 52009
3453 54056
3454 49952
3455 27432
3456 54016
3457 49960
3458 19201
3459 17185
3460 27424
3461 49969
3462 17185
3463 25344
3464 56105
3465 49952
3466 19217
3467 49952
3468 19200
3469 60192
3470 17169
3471 50024
3472 17153
3473 51992
3474 49952
3475 27425
3476 49953
3477 27392
3478 52009
3479 49952
3480 55072
3481 52008
3482 49952
3483 58144
3484 25376
3485 19233
3486 19208
3487 52009
3488 58144
3489 25353
3490 58216
3491 28457
3492 52009
3493 54049
3494 25449
3495 54064
3496 17184
3497 58145
3498 28513
3499 19200
3500 52001
3501 17185
3502 27425
3503 17184
3504 56097
3505 62240
3506 52001
3507 49953
3508 19233
3509 27488
3510 2849
3511 17184
3512 2849
3513 54048
3514 27424
3515 58113
3516 17184
3517 27401
3518 55073
3519 25376
3520 52000
3521 27424
3522 19233
3523 23328
3524 27432
3525 52001
3526 56097
3527 52000
3528 52008
3529 55080
3530 19208
3531 49952
3532 27425
3533 17184
3534 58121
3535 62249
3536 54057
3537 27401
3538 54072
3539 27137
3540 58144
3541 62240
3542 25376
3543 54048
3544 56096
3545 50976
3546 17168
3547 49968
3548 20257
3549 52008
3550 58176
3551 58216
3552 54056
3553 17189
3554 19233
3555 55080
3556 52000
3557 19208
3558 50985
3559 58113
3560 58145
3561 54049
3562 56104
3563 19233
3564 60193
3565 56065
3566 49952
3567 17184
3568 54048
3569 49952
3570 54048
3571 19240
3572 50016
3573 49960
3574 20257
3575 54048
3576 49953
3577 19232
3578 49952
3579 58153
3580 61281
3581 25376
3582 27424
3583 17160
3584 60192
3585 58144
3586 49952
3587 56104
3588 54048
3589 58144
3590 27424
3591 54049
3592 20257
3593 52000
3594 59169
3595 54057
3596 17184
3597 49952
3598 17176
3599 25376
3600 25377
3601 51969
3602 52000
3603 52000
3604 27489
3605 27424
3606 53025
3607 55073
3608 49953
3609 59168
3610 19233
3611 49952
3612 49961
3613 49960
3614 17184
3615 58152
3616 58145
3617 49952
3618 50976
3619 49960
3620 54049
3621 49921
3622 51992
3623 54049
3624 49952
3625 56105
3626 49960
3627 58145
3628 49952
3629 59168
3630 49952
3631 52009
3632 25440
3633 52000
3634 56097
3635 52000
3636 57120
3637 58145
3638 26465
3639 19240
3640 54056
3641 55081
3642 55081
3643 52000
3644 50977
3645 54048
3646 49952
3647 56097
3648 19209
3649 56105
3650 17176
3651 58144
3652 58145
3653 49952
3654 52000
3655 54049
3656 54048
3657 52001
3658 49952
3659 55081
3660 49952
3661 54056
3662 25345
3663 49953
3664 49953
3665 52000
3666 27424
3667 55080
3668 58113
3669 58144
3670 49953
3671 55840
3672 49952
3673 56096
3674 19233
3675 58145
3676 63272
3677 55081
3678 49952
3679 55081
3680 49952
3681 19224
3682 52001
3683 49952
3684 17160
3685 54112
3686 17184
3687 54057
3688 59169
3689 49952
3690 49960
3691 56104
3692 17184
3693 17184
3694 25377
3695 56097
3696 17168
3697 52000
3698 52001
3699 49960
3700 17185
3701 53024
3702 49953
3703 52008
3704 56113
3705 19232
3706 52000
3707 49960
3708 55073
3709 49937
3710 49937
3711 17185
3712 58144
3713 58144
3714 54048
3715 52001
3716 60161
3717 60200
3718 58144
3719 26465
3720 58152
3721 25376
3722 58152
3723 19233
3724 58176
3725 17152
3726 27425
3727 19233
3728 25376
3729 58145
3730 19232
3731 60161
3732 54049
3733 25377
3734 27425
3735 55073
3736 17153
3737 59233
3738 49952
3739 52000
3740 25344
3741 19241
3742 58152
3743 54112
3744 49696
3745 60192
3746 63264
3747 49953
3748 54056
3749 27393
3750 49953
3751 27137
3752 52000
3753 25345
3754 49961
3755 49953
3756 17184
3757 54049
3758 19256
3759 25344
3760 25440
3761 58145
3762 62249
3763 60192
3764 60192
3765 58113
3766 49921
3767 56073
3768 54048
3769 56096
3770 59168
3771 17184
3772 50016
3773 56096
3774 58121
3775 52000
3776 49928
3777 52009
3778 19216
3779 19200
3780 19233
3781 54049
3782 27425
3783 52000
3784 50984
3785 55072
3786 50080
3787 19209
3788 17184
3789 54048
3790 49944
3791 27392
3792 49961
3793 49952
3794 19232
3795 25377
3796 63265
3797 54049
3798 60193
3799 58145
3800 18944
3801 63265
3802 52008
3803 54049
3804 57121
3805 58144
3806 52000
3807 58144
3808 25377
3809 53032
3810 25376
3811 54049
3812 19232
3813 49953
3814 56096
3815 58113
3816 55073
3817 49952
3818 49952
3819 54048
3820 54049
3821 25377
3822 52000
3823 49952
3824 19233
3825 61217
3826 49952
3827 57121
3828 63265
3829 58145
3830 49960
3831 58112
3832 19233
3833 49960
3834 49961
3835 54048
3836 49952
3837 56097
3838 49952
3839 17184
3840 58144
3841 18976
3842 53025
3843 55081
3844 58144
3845 63264
3846 52008
3847 17184
3848 58144
3849 49960
3850 58144
3851 49952
3852 49953
3853 54048
3854 25376
3855 49952
3856 49953
3857 49952
3858 58152
3859 54049
3860 49953
3861 49952
3862 17161
3863 19232
3864 58145
3865 27425
3866 17184
3867 56097
3868 50976
3869 19232
3870 49952
3871 56096
3872 49952
3873 25384
3874 49952
3875 52008
3876 54049
3877 49961
3878 27424
3879 50977
3880 49961
3881 49977
3882 55080
3883 50984
3884 17168
3885 25360
3886 49936
3887 19224
3888 25377
3889 21280
3890 54049
3891 62248
3892 52000
3893 49952
3894 19232
3895 62305
3896 27425
3897 25449
3898 17153
3899 27393
3900 58144
3901 49960
3902 50977
3903 60193
3904 25384
3905 58144
3906 25448
3907 25376
3908 25353
3909 56113
3910 19233
3911 19216
3912 63264
3913 19216
3914 62241
3915 60192
3916 54048
3917 51976
3918 58144
3919 26408
3920 58145
3921 58152
3922 19232
3923 64289
3924 49952
3925 27425
3926 27393
3927 54048
3928 52001
3929 17192
3930 60193
3931 49952
3932 58145
3933 51969
3934 58145
3935 27424
3936 52000
3937 27392
3938 55073
3939 25345
3940 27425
3941 25377
3942 49944
3943 17193
3944 58144
3945 54048
3946 26465
3947 58217
3948 50976
3949 54048
3950 49952
3951 58145
3952 52008
3953 21288
3954 49953
3955 56097
3956 54057
3957 27457
3958 64296
3959 49953
3960 19233
3961 58144
3962 27392
3963 49953
3964 27425
3965 54048
3966 60192
3967 52009
3968 17153
3969 56097
3970 58144
3971 49953
3972 17184
3973 19200
3974 55072
3975 51992
3976 63265
3977 49953
3978 19232
3979 49952
3980 50977
3981 27392
3982 27425
3983 52008
3984 54072
3985 50984
3986 25376
3987 17152
3988 19241
3989 19200
3990 49952
3991 28449
3992 17184
3993 18944
3994 52001
3995 52001
3996 49969
3997 49952
3998 49952
3999 52000
4000 54049
4001 58152
4002 52008
4003 17160
4004 55080
4005 58113
4006 17192
4007 49953
4008 58144
4009 54072
4010 54072
4011 25384
4012 52001
4013 26400
4014 17184
4015 58209
4016 56097
4017 49952
4018 60161
4019 60160
4020 49952
4021 54048
4022 53025
4023 49952
4024 25368
4025 17184
4026 17184
4027 52000
4028 50080
4029 55840
4030 52008
4031 50976
4032 19232
4033 19233
4034 49968
4035 54049
4036 19232
4037 19232
4038 49953
4039 53032
4040 49952
4041 51984
4042 19217
4043 50977
4044 25384
4045 59232
4046 63273
4047 20256
4048 58144
4049 27432
4050 19216
4051 17169
4052 59176
4053 19208
4054 27392
4055 27433
4056 49952
4057 49953
4058 17160
4059 52000
4060 49952
4061 17184
4062 49952
4063 51744
4064 17153
4065 52009
4066 19232
4067 49952
4068 57120
4069 17185
4070 49952
4071 54056
4072 52000
4073 19216
4074 52000
4075 25377
4076 58113
4077 49952
4078 49960
4079 49952
4080 49952
4081 49952
4082 58145
4083 49953
4084 26401
4085 53024
4086 52009
4087 54056
4088 49953
4089 54048
4090 18209
4091 25376
4092 49953
4093 19240
4094 52000
4095 25352
4096 49960
4097 52009
4098 49953
4099 52000
4100 49921
4101 58120
4102 17153
4103 17192
4104 17184
4105 19232
4106 19208
4107 58144
4108 58144
4109 17153
4110 58145
4111 52001
4112 58144
4113 62240
4114 54049
4115 49952
4116 19232
4117 53024
4118 58145
4119 25352
4120 26409
4121 60192
4122 27401
4123 49953
4124 54048
4125 58145
4126 27424
4127 25377
4128 27393
4129 17185
4130 17185
4131 25377
4132 18217
4133 59169
4134 55841
4135 52008
4136 52000
4137 49952
4138 52000
4139 54048
4140 54048
4141 56097
4142 58145
4143 27424
4144 51968
4145 49960
4146 53024
4147 54048
4148 49928
4149 52000
4150 25377
4151 55081
4152 54048
4153 58144
4154 52009
4155 18208
4156 54048
4157 49944
4158 56073
4159 54056
4160 49920
4161 17192
4162 26400
4163 54049
4164 49952
4165 49921
4166 54053
4167 19216
4168 25384
4169 54048
4170 49952
4171 58113
4172 60201
4173 25376
4174 17184
4175 54048
4176 27424
4177 58144
4178 52001
4179 52001
4180 49960
4181 55841
4182 52000
4183 54048
4184 25345
4185 55072
4186 60193
4187 25345
4188 17192
4189 27433
4190 49952
4191 19233
4192 52000
4193 58216
4194 25344
4195 19232
4196 27425
4197 17192
4198 27424
4199 54048
4200 49952
4201 49944
4202 49976
4203 25345
4204 49952
4205 49952
4206 49952
4207 27425
4208 19232
4209 54048
4210 27393
4211 52008
4212 49929
4213 58153
4214 58144
4215 49952
4216 51976
4217 49952
4218 58145
4219 25376
4220 49920
4221 25376
4222 52001
4223 61216
4224 49952
4225 25376
4226 54049
4227 51969
4228 52000
4229 52001
4230 19224
4231 54056
4232 54048
4233 58113
4234 58145
4235 25376
4236 27392
4237 58152
4238 59168
4239 49952
4240 19232
4241 52000
4242 54048
4243 49952
4244 49952
4245 56097
4246 52000
4247 17168
4248 17184
4249 49953
4250 52000
4251 53025
4252 55840
4253 49952
4254 54056
4255 52008
4256 25344
4257 54056
4258 63329
4259 54049
4260 51977
4261 54049
4262 49952
4263 61217
4264 52000
4265 54065
4266 49920
4267 49953
4268 19240
4269 49952
4270 49961
4271 27393
4272 17192
4273 54048
4274 58145
4275 50080
4276 57129
4277 27424
4278 54048
4279 50976
4280 27456
4281 49952
4282 49952
4283 54048
4284 17184
4285 54049
4286 19233
4287 25377
4288 27488
4289 49936
4290 18217
4291 49960
4292 54053
4293 19217
4294 49952
4295 54056
4296 58144
4297 56096
4298 52000
4299 49952
4300 59177
4301 52000
4302 53025
4303 49953
4304 55073
4305 52001
4306 49952
4307 52000
4308 49936
4309 17185
4310 52000
4311 25344
4312 49952
4313 17152
4314 58144
4315 27424
4316 49952
4317 60193
4318 58136
4319 60168
4320 27424
4321 27393
4322 52008
4323 52000
4324 58153
4325 55072
4326 19233
4327 19216
4328 58152
4329 49952
4330 60192
4331 52000
4332 49952
4333 19233
4334 49960
4335 49953
4336 54049
4337 49952
4338 49952
4339 52008
4340 52001
4341 58112
4342 61217
4343 17200
4344 17184
4345 19233
4346 17184
4347 49960
4348 60192
4349 52000
4350 39720
4351 58144
4352 20256
4353 54064
4354 26409
4355 49968
4356 49952
4357 50976
4358 19233
4359 54056
4360 25384
4361 25376
4362 25344
4363 26401
4364 50985
4365 58144
4366 52000
4367 39712
4368 27433
4369 19232
4370 58145
4371 27432
4372 27456
4373 19208
4374 49968
4375 55073
4376 58145
4377 56097
4378 27489
4379 49952
4380 50985
4381 25377
4382 60161
4383 49952
4384 54048
4385 49961
4386 27424
4387 27425
4388 49960
4389 59232
4390 58152
4391 55072
4392 58152
4393 58153
4394 56097
4395 49960
4396 52009
4397 19233
4398 52001
4399 25376
4400 49952
4401 49921
4402 58145
4403 54048
4404 25376
4405 49920
4406 54048
4407 52000
4408 53025
4409 25384
4410 27425
4411 58176
4412 49960
4413 58145
4414 52008
4415 19232
4416 49960
4417 58112
4418 49953
4419 17152
4420 54056
4421 58144
4422 17184
4423 52001
4424 49952
4425 54057
4426 52000
4427 52000
4428 25377
4429 63265
4430 54049
4431 25361
4432 52008
4433 58145
4434 25368
4435 49952
4436 49952
4437 17189
4438 63264
4439 17184
4440 52000
4441 27425
4442 52000
4443 49952
4444 58128
4445 49952
4446 49968
4447 58144
4448 49920
4449 21280
4450 19233
4451 27425
4452 25376
4453 59169
4454 17153
4455 49953
4456 57129
4457 49952
4458 27424
4459 49953
4460 49952
4461 17248
4462 64296
4463 58120
4464 52008
4465 54056
4466 17185
4467 54048
4468 25377
4469 50984
4470 54056
4471 52001
4472 52001
4473 27424
4474 56096
4475 58144
4476 60192
4477 17184
4478 28449
4479 17185
4480 52000
4481 54048
4482 27425
4483 54024
4484 19233
4485 49953
4486 60193
4487 58144
4488 49953
4489 50976
4490 20264
4491 27393
4492 27392
4493 25440
4494 49952
4495 19201
4496 54048
4497 49952
4498 25377
4499 52000
4500 60192
4501 62240
4502 50977
4503 25376
4504 49953
4505 60160
4506 19232
4507 27488
4508 55072
4509 56096
4510 49952
4511 55073
4512 49953
4513 60193
4514 58120
4515 17160
4516 60161
4517 58112
4518 52001
4519 58145
4520 52000
4521 58145
4522 54048
4523 50976
4524 27424
4525 58144
4526 19208
4527 52009
4528 60160
4529 58144
4530 52000
4531 28513
4532 49952
4533 58144
4534 64296
4535 49953
4536 49952
4537 27552
4538 60169
4539 61185
4540 58209
4541 56096
4542 49952
4543 17153
4544 49960
4545 25376
4546 59169
4547 58145
4548 54049
4549 58144
4550 56096
4551 58145
4552 28456
4553 54056
4554 19240
4555 64289
4556 25384
4557 27425
4558 49953
4559 49921
4560 52000
4561 54056
4562 58112
4563 55073
4564 19233
4565 25376
4566 25384
4567 17153
4568 58144
4569 25376
4570 52000
4571 52000
4572 58145
4573 58144
4574 49952
4575 52000
4576 58113
4577 19209
4578 57120
4579 53793
4580 58145
4581 54056
4582 25376
4583 25377
4584 17152
4585 52017
4586 27425
4587 17192
4588 56097
4589 17153
4590 50984
4591 49952
4592 50976
4593 25376
4594 60192
4595 60256
4596 64289
4597 17185
4598 60201
4599 60161
4600 17184
4601 60169
4602 58121
4603 54064
4604 26401
4605 56097
4606 52001
4607 54056
4608 19200
4609 51969
4610 25376
4611 54056
4612 60169
4613 49928
4614 27401
4615 49960
4616 19233
4617 58152
4618 19233
4619 49952
4620 58144
4621 52001
4622 51969
4623 54049
4624 52001
4625 55073
4626 58145
4627 60192
4628 58144
4629 63265
4630 51968
4631 25377
4632 19233
4633 54048
4634 58144
4635 60192
4636 52000
4637 55072
4638 58152
4639 54049
4640 50977
4641 52000
4642 52008
4643 58144
4644 54048
4645 58145
4646 60192
4647 58144
4648 58145
4649 49952
4650 52000
4651 52008
4652 49952
4653 25377
4654 17184
4655 17184
4656 52009
4657 52000
4658 25344
4659 25440
4660 19232
4661 19232
4662 49953
4663 55073
4664 51992
4665 58144
4666 52008
4667 55080
4668 58144
4669 52008
4670 17184
4671 27424
4672 59176
4673 58145
4674 54057
4675 27433
4676 52000
4677 19233
4678 59176
4679 49960
4680 17192
4681 25344
4682 49952
4683 50985
4684 52001
4685 20257
4686 19209
4687 27424
4688 58144
4689 19224
4690 19240
4691 56104
4692 58145
4693 65312
4694 49920
4695 56105
4696 49969
4697 55081
4698 49920
4699 54056
4700 58152
4701 54049
4702 56096
4703 53032
4704 58145
4705 54048
4706 25377
4707 49952
4708 49952
4709 55081
4710 49928
4711 54048
4712 17185
4713 19233
4714 59169
4715 49952
4716 54048
4717 25385
4718 49976
4719 64289
4720 51977
4721 52000
4722 52008
4723 27456
4724 18976
4725 17185
4726 63264
4727 49960
4728 49952
4729 49968
4730 58144
4731 52000
4732 55073
4733 54056
4734 50976
4735 49944
4736 58144
4737 25441
4738 17201
4739 57128
4740 58152
4741 55072
4742 50984
4743 51969
4744 54049
4745 60193
4746 50976
4747 2849
4748 60201
4749 63265
4750 19233
4751 19200
4752 49952
4753 28449
4754 56105
4755 27137
4756 54056
4757 25376
4758 27425
4759 19232
4760 49952
4761 17185
4762 56113
4763 19224
4764 54048
4765 49953
4766 27425
4767 54064
4768 17184
4769 27425
4770 27488
4771 19201
4772 58144
4773 54048
4774 56097
4775 49952
4776 63272
4777 17193
4778 49953
4779 19248
4780 49929
4781 52000
4782 49952
4783 20265
4784 57128
4785 52000
4786 58144
4787 49960
4788 54056
4789 27456
4790 52000
4791 58272
4792 52008
4793 49953
4794 58144
4795 52001
4796 19232
4797 49953
4798 58144
4799 25449
4800 60193
4801 57120
4802 25384
4803 17161
4804 17169
4805 65312
4806 49952
4807 62304
4808 54048
4809 17184
4810 53025
4811 20256
4812 49952
4813 53025
4814 50976
4815 52000
4816 49952
4817 49960
4818 28417
4819 19240
4820 27408
4821 49953
4822 54048
4823 56104
4824 27424
4825 58145
4826 18209
4827 54056
4828 57129
4829 25352
4830 65321
4831 49952
4832 60193
4833 17184
4834 25345
4835 49952
4836 49952
4837 25377
4838 49968
4839 25377
4840 54049
4841 62240
4842 27425
4843 58144
4844 54048
4845 52001
4846 49697
4847 54056
4848 49952
4849 17185
4850 51992
4851 61216
4852 62313
4853 58209
4854 18209
4855 17189
4856 25344
4857 56096
4858 58144
4859 49952
4860 49944
4861 27425
4862 56105
4863 58145
4864 60193
4865 58272
4866 58144
4867 25409
4868 49969
4869 57121
4870 19201
4871 52000
4872 60192
4873 54017
4874 49952
4875 52000
4876 20265
4877 17184
4878 58112
4879 19241
4880 51968
4881 49953
4882 49960
4883 55080
4884 52001
4885 27393
4886 49952
4887 26409
4888 17168
4889 58145
4890 17184
4891 19216
4892 49952
4893 58145
4894 27425
4895 19233
4896 25377
4897 49952
4898 50977
4899 25345
4900 53032
4901 58145
4902 60160
4903 49953
4904 58145
4905 19232
4906 25368
4907 52000
4908 58145
4909 55073
4910 53024
4911 17184
4912 52008
4913 54032
4914 27424
4915 50985
4916 58208
4917 19232
4918 58144
4919 27392
4920 52001
4921 17185
4922 25377
4923 54057
4924 58152
4925 27393
4926 52000
4927 51728
4928 52000
4929 49952
4930 49960
4931 49952
4932 25377
4933 49953
4934 25344
4935 19200
4936 25377
4937 49953
4938 17185
4939 52001
4940 25441
4941 27425
4942 54064
4943 59169
4944 58145
4945 49952
4946 54056
4947 53033
4948 55073
4949 52000
4950 25377
4951 55081
4952 54064
4953 19232
4954 58144
4955 52000
4956 49920
4957 52000
4958 52000
4959 19200
4960 49968
4961 17185
4962 19232
4963 56097
4964 52009
4965 54048
4966 58144
4967 50976
4968 17152
4969 27424
4970 52000
4971 53025
4972 49968
4973 25344
4974 52000
4975 49921
4976 54056
4977 17256
4978 56096
4979 19248
4980 51712
4981 55072
4982 25377
4983 49952
4984 54048
4985 63265
4986 19232
4987 19200
4988 49961
4989 49952
4990 53032
4991 54049
4992 59168
4993 49953
4994 52001
4995 50976
4996 60169
4997 60192
4998 27424
4999 49960
5000 52001
5001 51977
5002 25377
5003 49952
5004 19201
5005 58208
5006 52009
5007 60193
5008 17184
5009 49952
5010 58152
5011 27425
5012 17153
5013 21280
5014 54048
5015 49952
5016 17192
5017 58145
5018 25384
5019 62241
5020 25377
5021 54073
5022 52001
5023 17200
5024 49953
5025 59169
5026 19208
5027 17185
5028 54056
5029 18217
5030 19232
5031 17200
5032 27432
5033 55072
5034 25377
5035 49952
5036 17184
5037 51985
5038 17185
5039 25377
5040 58153
5041 53024
5042 17184
5043 54112
5044 25376
5045 49953
5046 54065
5047 58121
5048 27393
5049 54049
5050 54017
5051 58153
5052 19201
5053 49953
5054 25345
5055 19232
5056 23329
5057 19200
5058 62241
5059 27424
5060 55081
5061 62240
5062 19232
5063 49976
5064 19233
5065 49952
5066 59168
5067 55073
5068 54049
5069 25360
5070 49953
5071 17192
5072 49953
5073 58144
5074 58144
5075 25377
5076 50977
5077 65313
5078 52001
5079 49960
5080 17184
5081 56104
5082 62249
5083 56096
5084 49937
5085 25353
5086 49936
5087 17153
5088 26401
5089 52000
5090 19233
5091 25377
5092 49960
5093 49952
5094 59169
5095 17177
5096 27489
5097 49952
5098 19200
5099 26465
5100 49952
5101 49953
5102 27424
5103 20256
5104 58144
5105 52000
5106 19232
5107 54048
5108 58144
5109 49952
5110 49921
5111 55080
5112 54048
5113 62241
5114 49937
5115 51992
5116 17168
5117 54057
5118 17193
5119 52001
5120 49952
5121 17153
5122 49952
5123 19240
5124 27393
5125 54048
5126 56096
5127 19232
5128 52001
5129 49920
5130 17176
5131 19201
5132 60193
5133 54049
5134 51984
5135 49952
5136 49921
5137 27424
5138 18976
5139 25377
5140 17184
5141 49960
5142 26465
5143 17185
5144 49952
5145 51992
5146 54048
5147 51745
5148 49952
5149 54049
5150 49953
5151 19216
5152 53025
5153 55072
5154 58144
5155 49952
5156 58128
5157 54049
5158 58113
5159 54064
5160 25377
5161 54056
5162 27392
5163 58144
5164 27457
5165 58144
5166 25353
5167 49952
5168 53024
5169 51728
5170 52000
5171 28449
5172 53025
5173 19232
5174 25360
5175 49936
5176 19232
5177 19200
5178 55072
5179 60193
5180 27137
5181 49928
5182 63264
5183 27392
5184 19233
5185 19200
5186 27425
5187 54053
5188 56112
5189 58145
5190 17153
5191 27393
5192 56096
5193 28449
5194 55073
5195 19240
5196 60193
5197 49961
5198 49921
5199 49952
5200 25385
5201 49952
5202 27393
5203 49952
5204 25377
5205 21288
5206 17192
5207 60161
5208 51728
5209 17185
5210 54056
5211 49952
5212 27432
5213 27432
5214 56065
5215 55073
5216 49976
5217 19233
5218 17200
5219 63265
5220 49953
5221 19217
5222 58145
5223 17184
5224 19201
5225 17192
5226 19208
5227 19232
5228 17184
5229 54049
5230 54048
5231 18977
5232 25352
5233 58113
5234 54053
5235 18217
5236 54056
5237 25344
5238 60256
5239 52000
5240 54064
5241 63264
5242 17184
5243 17152
5244 52009
5245 28448
5246 60161
5247 18217
5248 52000
5249 49953
5250 17185
5251 55072
5252 19233
5253 52000
5254 52017
5255 54048
5256 60192
5257 49960
5258 17185
5259 61225
5260 25376
5261 49952
5262 52008
5263 27425
5264 52000
5265 49953
5266 27425
5267 20256
5268 56104
5269 19232
5270 49953
5271 49953
5272 27425
5273 55072
5274 65313
5275 53025
5276 27432
5277 51977
5278 54056
5279 19232
5280 27424
5281 54053
5282 49952
5283 25377
5284 17184
5285 25441
5286 49961
5287 49952
5288 25376
5289 54057
5290 19233
5291 49953
5292 58144
5293 58113
5294 49952
5295 25345
5296 49952
5297 49960
5298 58144
5299 52000
5300 62240
5301 58144
5302 21288
5303 20256
5304 49952
5305 17169
5306 18944
5307 19232
5308 60256
5309 17184
5310 19201
5311 60201
5312 58144
5313 56104
5314 54048
5315 19241
5316 54056
5317 58145
5318 19200
5319 53032
5320 52000
5321 19233
5322 49968
5323 19208
5324 25344
5325 49960
5326 58145
5327 50977
5328 49976
5329 49944
5330 51985
5331 58152
5332 19233
5333 49952
5334 17168
5335 27424
5336 49960
5337 60201
5338 64288
5339 50080
5340 54072
5341 62240
5342 60201
5343 58144
5344 17185
5345 27401
5346 62240
5347 25377
5348 39712
5349 54049
5350 49960
5351 60193
5352 25344
5353 49953
5354 52001
5355 27425
5356 53024
5357 28449
5358 50016
5359 54048
5360 59169
5361 53024
5362 58145
5363 17184
5364 49697
5365 56104
5366 49952
5367 19232
5368 55073
5369 19200
5370 60193
5371 49960
5372 50977
5373 52009
5374 58145
5375 49952
5376 58145
5377 25448
5378 27433
5379 55841
5380 27425
5381 49953
5382 52008
5383 19241
5384 52001
5385 27425
5386 25440
5387 49952
5388 58144
5389 54049
5390 18976
5391 17193
5392 57120
5393 58144
5394 25360
5395 52000
5396 27425
5397 19232
5398 51969
5399 17185
5400 49952
5401 64288
5402 49952
5403 19233
5404 49952
5405 19225
5406 19208
5407 19200
5408 52000
5409 27393
5410 55081
5411 27424
5412 57128
5413 58144
5414 18209
5415 25344
5416 60201
5417 19232
5418 54057
5419 58112
5420 25376
5421 17184
5422 49952
5423 62241
5424 54048
5425 58153
5426 19232
5427 49952
5428 19233
5429 27425
5430 54048
5431 49953
5432 54048
5433 58121
5434 27424
5435 54048
5436 54049
5437 51712
5438 49960
5439 60193
5440 58145
5441 49953
5442 58145
5443 19240
5444 58144
5445 25376
5446 25377
5447 27432
5448 54056
5449 25377
5450 55073
5451 54048
5452 54048
5453 57129
5454 27424
5455 27392
5456 25376
5457 54056
5458 49952
5459 52008
5460 59232
5461 59169
5462 27424
5463 54056
5464 52000
5465 25376
5466 55081
5467 52000
5468 54048
5469 54049
5470 52001
5471 49936
5472 55072
5473 49952
5474 57128
5475 19233
5476 54048
5477 19240
5478 55081
5479 59169
5480 54056
5481 49960
5482 19232
5483 17169
5484 49952
5485 52008
5486 25384
5487 54049
5488 27488
5489 49952
5490 52000
5491 52000
5492 17192
5493 54048
5494 27425
5495 58152
5496 19232
5497 49960
5498 58144
5499 17192
5500 49953
5501 58144
5502 58144
5503 58144
5504 55080
5505 58144
5506 19201
5507 51712
5508 19232
5509 25377
5510 49953
5511 49953
5512 17161
5513 54057
5514 17184
5515 17256
5516 49952
5517 58152
5518 49945
5519 62241
5520 17184
5521 49952
5522 27425
5523 17185
5524 49960
5525 49961
5526 53033
5527 53033
5528 19232
5529 49952
5530 54049
5531 19232
5532 58144
5533 58145
5534 62304
5535 49953
5536 28513
5537 49952
5538 19201
5539 54048
5540 19233
5541 60193
5542 54040
5543 55080
5544 17185
5545 25377
5546 54056
5547 19200
5548 25448
5549 61217
5550 19208
5551 49953
5552 58112
5553 19232
5554 49953
5555 25345
5556 49953
5557 62240
5558 27425
5559 19232
5560 27425
5561 49953
5562 25377
5563 49952
5564 49952
5565 54057
5566 28456
5567 58145
5568 58144
5569 58145
5570 17200
5571 27424
5572 50976
5573 19200
5574 17153
5575 49952
5576 49952
5577 53025
5578 60161
5579 49697
5580 49952
5581 49952
5582 25376
5583 63264
5584 58145
5585 17184
5586 50984
5587 58113
5588 58145
5589 49960
5590 58120
5591 58272
5592 17200
5593 27432
5594 60200
5595 50976
5596 52000
5597 54048
5598 64288
5599 19233
5600 49952
5601 17184
5602 54049
5603 49952
5604 54056
5605 19232
5606 54048
5607 19208
5608 54048
5609 25377
5610 49952
5611 58145
5612 49960
5613 52001
5614 59169
5615 27392
5616 58145
5617 58144
5618 49936
5619 49952
5620 56096
5621 58145
5622 49952
5623 52001
5624 25344
5625 19232
5626 17161
5627 49952
5628 25376
5629 49952
5630 49953
5631 19232
5632 54056
5633 52000
5634 55072
5635 49953
5636 19201
5637 27424
5638 56097
5639 55073
5640 62241
5641 19200
5642 62241
5643 25376
5644 25376
5645 49920
5646 54049
5647 52001
5648 49952
5649 52000
5650 63273
5651 59169
5652 54048
5653 54048
5654 19232
5655 51745
5656 49921
5657 49952
5658 57121
5659 63264
5660 58144
5661 60193
5662 58209
5663 17192
5664 49953
5665 55072
5666 25377
5667 63265
5668 58144
5669 49952
5670 55080
5671 17168
5672 18217
5673 52000
5674 56104
5675 58113
5676 58144
5677 25377
5678 52001
5679 51728
5680 50016
5681 54056
5682 27424
5683 25360
5684 57120
5685 18944
5686 19233
5687 61224
5688 63264
5689 19232
5690 19201
5691 19200
5692 54056
5693 60200
5694 49952
5695 27424
5696 49937
5697 49952
5698 52008
5699 17152
5700 49953
5701 19304
5702 58144
5703 17184
5704 58145
5705 49953
5706 49952
5707 58112
5708 54049
5709 27393
5710 49960
5711 56096
5712 27425
5713 49936
5714 58144
5715 55081
5716 25384
5717 27393
5718 58144
5719 58144
5720 49921
5721 19328
5722 59169
5723 58144
5724 54049
5725 49952
5726 49960
5727 25384
5728 51968
5729 25376
5730 54048
5731 51976
5732 53032
5733 52000
5734 58144
5735 49952
5736 25377
5737 62240
5738 27552
5739 58144
5740 17208
5741 54048
5742 19233
5743 27424
5744 49952
5745 49953
5746 52001
5747 58144
5748 60192
5749 19225
5750 54056
5751 27393
5752 52000
5753 54056
5754 19232
5755 26464
5756 54048
5757 52000
5758 17185
5759 49953
5760 49921
5761 50080
5762 49952
5763 17185
5764 49953
5765 21281
5766 49960
5767 54016
5768 59169
5769 27425
5770 54064
5771 49953
5772 27393
5773 57121
5774 52001
5775 25376
5776 27425
5777 57129
5778 19209
5779 58145
5780 52008
5781 27424
5782 25361
5783 25344
5784 52000
5785 17192
5786 19233
5787 27424
5788 63264
5789 28449
5790 55072
5791 51968
5792 54048
5793 58209
5794 54049
5795 17176
5796 58144
5797 51968
5798 25345
5799 55072
5800 61217
5801 21281
5802 58145
5803 56097
5804 58153
5805 27425
5806 58145
5807 49960
5808 49952
5809 52008
5810 49952
5811 27424
5812 51969
5813 21281
5814 17184
5815 25377
5816 25440
5817 58144
5818 19233
5819 62313
5820 17184
5821 54049
5822 27489
5823 49953
5824 54040
5825 20264
5826 50984
5827 54056
5828 25344
5829 19233
5830 17184
5831 60192
5832 55072
5833 53792
5834 19232
5835 52000
5836 49961
5837 19232
5838 54048
5839 27424
5840 52008
5841 60200
5842 49952
5843 55073
5844 62240
5845 57120
5846 25360
5847 26401
5848 49968
5849 49953
5850 59169
5851 58113
5852 59169
5853 60192
5854 17185
5855 25385
5856 27424
5857 49952
5858 56113
5859 56096
5860 19240
5861 49960
5862 49953
5863 58112
5864 19233
5865 59168
5866 25345
5867 49952
5868 25448
5869 49952
5870 25352
5871 49953
5872 62240
5873 58153
5874 49952
5875 50976
5876 25376
5877 49952
5878 55080
5879 19232
5880 58145
5881 52001
5882 49953
5883 53024
5884 49928
5885 17184
5886 50984
5887 27425
5888 51745
5889 49952
5890 58145
5891 27424
5892 63265
5893 49953
5894 52000
5895 18208
5896 25344
5897 25376
5898 49936
5899 49953
5900 27392
5901 49952
5902 27425
5903 20265
5904 17201
5905 25345
5906 25376
5907 19233
5908 52001
5909 49952
5910 19232
5911 58176
5912 27425
5913 27393
5914 54056
5915 19232
5916 49960
5917 25376
5918 19233
5919 25345
5920 19240
5921 60161
5922 65312
5923 61185
5924 58145
5925 58176
5926 19200
5927 49952
5928 58113
5929 58113
5930 52001
5931 49953
5932 49921
5933 27425
5934 58153
5935 59169
5936 52000
5937 52017
5938 54048
5939 27425
5940 49960
5941 57121
5942 52001
5943 50016
5944 49953
5945 52000
5946 49953
5947 49952
5948 25377
5949 58152
5950 51969
5951 19208
5952 49953
5953 49937
5954 52008
5955 54049
5956 19233
5957 19233
5958 54048
5959 52001
5960 50080
5961 49969
5962 53032
5963 49952
5964 54048
5965 17184
5966 54048
5967 53025
5968 58144
5969 49960
5970 59168
5971 27488
5972 52001
5973 19233
5974 59168
5975 54048
5976 54056
5977 17168
5978 19225
5979 20265
5980 49953
5981 63329
5982 19232
5983 27432
5984 27497
5985 59233
5986 25441
5987 19232
5988 49937
5989 59168
5990 27424
5991 18209
5992 56096
5993 53032
5994 19240
5995 56097
5996 19232
5997 19232
5998 54048
5999 62240
6000 52000
6001 55072
6002 60192
6003 28417
6004 27425
6005 25377
6006 19201
6007 49953
6008 53025
6009 25440
6010 49952
6011 52001
6012 17185
6013 19209
6014 20257
6015 59169
6016 25344
6017 54049
6018 58153
6019 26401
6020 52001
6021 27425
6022 54073
6023 27424
6024 54057
6025 18208
6026 17168
6027 60193
6028 51985
6029 17185
6030 58144
6031 61217
6032 60192
6033 54056
6034 27433
6035 62241
6036 19240
6037 51993
6038 20265
6039 58144
6040 49952
6041 52009
6042 53032
6043 27424
6044 17160
6045 25376
6046 26464
6047 28449
6048 17168
6049 27424
6050 25376
6051 54064
6052 25376
6053 52016
6054 50984
6055 49952
6056 62249
6057 55072
6058 53792
6059 49952
6060 49952
6061 54048
6062 52001
6063 27497
6064 58145
6065 49952
6066 56097
6067 58144
6068 25345
6069 19200
6070 27425
6071 52009
6072 49952
6073 28417
6074 52000
6075 63273
6076 28513
6077 49960
6078 19232
6079 49952
6080 54057
6081 25440
6082 49953
6083 27425
6084 49968
6085 17184
6086 49952
6087 53033
6088 49953
6089 52000
6090 54049
6091 49952
6092 52000
6093 49960
6094 49960
6095 59233
6096 61185
6097 49960
6098 55081
6099 54048
6100 50024
6101 19233
6102 49952
6103 52000
6104 54049
6105 57121
6106 49952
6107 57121
6108 52000
6109 59168
6110 19233
6111 54049
6112 53032
6113 28449
6114 62304
6115 50976
6116 19240
6117 62241
6118 17185
6119 55073
6120 25344
6121 49952
6122 62241
6123 52001
6124 17184
6125 49960
6126 17184
6127 18208
6128 49952
6129 58144
6130 56096
6131 49944
6132 49976
6133 49696
6134 58145
6135 49952
6136 17184
6137 58152
6138 52008
6139 17184
6140 49961
6141 25352
6142 17185
6143 55073
6144 26401
6145 19232
6146 17160
6147 56097
6148 49961
6149 27400
6150 52017
6151 49953
6152 18944
6153 49953
6154 17153
6155 49921
6156 52000
6157 27424
6158 64289
6159 19232
6160 55072
6161 19209
6162 49952
6163 65320
6164 19201
6165 54064
6166 27425
6167 52000
6168 56096
6169 49921
6170 61185
6171 19224
6172 53025
6173 25344
6174 58144
6175 63265
6176 27393
6177 27400
6178 60160
6179 58145
6180 53025
6181 49952
6182 27425
6183 49961
6184 54056
6185 49953
6186 19232
6187 28456
6188 17152
6189 51968
6190 50080
6191 58152
6192 27400
6193 60257
6194 19232
6195 62304
6196 50977
6197 25376
6198 54049
6199 62312
6200 19240
6201 49952
6202 17185
6203 49952
6204 49969
6205 49953
6206 25384
6207 54049
6208 50984
6209 59169
6210 63273
6211 55073
6212 25361
6213 25345
6214 49952
6215 54049
6216 59176
6217 56097
6218 54056
6219 49936
6220 58144
6221 56105
6222 62248
6223 59137
6224 62248
6225 49960
6226 49952
6227 25384
6228 54056
6229 17168
6230 49961
6231 53792
6232 55072
6233 49953
6234 17185
6235 59169
6236 52000
6237 49953
6238 49969
6239 17169
6240 26401
6241 49952
6242 58145
6243 49952
6244 17185
6245 58144
6246 49952
6247 17192
6248 58145
6249 56097
6250 25384
6251 27424
6252 19240
6253 54056
6254 57121
6255 26401
6256 21280
6257 60192
6258 58144
6259 17185
6260 64289
6261 25353
6262 49953
6263 58144
6264 54048
6265 49944
6266 54056
6267 58145
6268 49953
6269 63265
6270 19232
6271 56073
6272 25377
6273 52000
6274 52008
6275 17185
6276 28449
6277 58113
6278 52000
6279 55073
6280 52000
6281 54048
6282 17168
6283 49952
6284 19232
6285 52000
6286 58145
6287 54048
6288 50977
6289 62240
6290 49953
6291 17184
6292 27424
6293 27424
6294 58153
6295 57120
6296 52008
6297 25376
6298 17184
6299 25344
6300 65321
6301 55840
6302 49961
6303 51968
6304 27424
6305 27425
6306 49952
6307 52001
6308 27425
6309 52017
6310 49920
6311 59232
6312 54049
6313 60193
6314 52008
6315 17152
6316 25385
6317 60200
6318 25344
6319 19240
6320 49960
6321 27425
6322 27433
6323 51744
6324 57129
6325 54049
6326 54049
6327 17184
6328 56073
6329 19200
6330 51984
6331 54073
6332 19208
6333 54056
6334 27393
6335 49960
6336 17184
6337 54048
6338 49952
6339 58145
6340 27137
6341 54048
6342 25377
6343 58144
6344 56104
6345 25377
6346 49952
6347 25384
6348 59169
6349 49953
6350 65321
6351 52008
6352 49976
6353 27425
6354 58145
6355 19232
6356 62241
6357 61217
6358 20265
6359 52025
6360 54056
6361 27552
6362 27489
6363 27424
6364 58145
6365 54049
6366 17168
6367 19233
6368 49953
6369 60193
6370 25377
6371 27425
6372 58145
6373 17185
6374 49960
6375 52001
6376 25449
6377 56096
6378 58208
6379 54057
6380 62240
6381 57129
6382 54016
6383 52009
6384 25361
6385 58112
6386 55073
6387 57120
6388 25377
6389 17185
6390 27393
6391 52000
6392 55081
6393 58153
6394 49952
6395 25344
6396 27424
6397 17184
6398 19217
6399 55073
6400 26401
6401 55080
6402 25377
6403 58144
6404 25376
6405 49953
6406 17184
6407 58145
6408 54048
6409 25377
6410 52001
6411 63265
6412 58145
6413 58112
6414 49976
6415 49952
6416 54049
6417 27424
6418 54056
6419 60169
6420 27424
6421 25376
6422 17184
6423 52000
6424 58144
6425 58144
6426 54056
6427 49960
6428 18944
6429 49952
6430 62248
6431 54064
6432 58145
6433 17185
6434 19233
6435 20265
6436 58144
6437 49953
6438 49953
6439 19209
6440 19233
6441 49976
6442 54049
6443 27393
6444 51969
6445 17184
6446 52001
6447 17184
6448 52009
6449 26400
6450 49960
6451 19240
6452 49920
6453 49929
6454 53025
6455 57120
6456 55080
6457 59169
6458 54048
6459 53033
6460 17184
6461 58145
6462 54048
6463 52000
6464 58144
6465 17152
6466 50984
6467 58128
6468 58144
6469 54048
6470 17185
6471 27137
6472 19240
6473 25376
6474 51968
6475 17184
6476 58112
6477 54048
6478 19240
6479 59177
6480 17160
6481 56097
6482 54049
6483 49961
6484 55841
6485 55081
6486 53032
6487 25376
6488 27489
6489 19233
6490 27432
6491 27393
6492 54049
6493 61217
6494 55080
6495 17189
6496 49952
6497 49960
6498 62312
6499 54049
6500 49968
6501 59169
6502 52000
6503 52025
6504 25345
6505 57129
6506 56097
6507 58152
6508 54049
6509 25384
6510 56104
6511 25376
6512 50024
6513 51968
6514 52001
6515 49960
6516 50984
6517 49960
6518 61216
6519 62248
6520 58144
6521 49952
6522 19232
6523 58144
6524 17153
6525 25376
6526 54065
6527 50976
6528 56096
6529 49960
6530 27393
6531 60192
6532 27408
6533 57121
6534 49960
6535 49953
6536 54048
6537 19232
6538 27392
6539 58144
6540 49960
6541 49953
6542 54049
6543 51976
6544 56105
6545 52000
6546 63265
6547 56097
6548 2849
6549 27425
6550 54065
6551 52000
6552 51968
6553 54049
6554 49952
6555 25376
6556 54056
6557 56097
6558 49952
6559 58113
6560 58145
6561 64289
6562 58145
6563 62248
6564 25376
6565 50985
6566 17200
6567 56096
6568 17152
6569 19201
6570 17184
6571 62241
6572 49952
6573 54048
6574 49696
6575 55841
6576 25344
6577 62240
6578 49921
6579 58145
6580 49952
6581 58145
6582 25344
6583 49952
6584 17184
6585 49960
6586 54025
6587 21280
6588 58144
6589 59168
6590 49960
6591 49961
6592 27425
6593 56105
6594 25376
6595 19208
6596 49921
6597 54048
6598 25409
6599 54048
6600 49952
6601 17192
6602 62240
6603 49968
6604 56096
6605 55840
6606 17184
6607 54032
6608 19232
6609 58145
6610 25385
6611 50024
6612 25377
6613 49960
6614 50080
6615 60201
6616 58145
6617 17184
6618 59169
6619 58144
6620 58208
6621 53024
6622 27424
6623 52001
6624 52024
6625 52008
6626 17160
6627 25376
6628 49937
6629 58144
6630 58152
6631 59176
6632 49936
6633 54056
6634 53025
6635 64289
6636 19232
6637 19232
6638 63264
6639 56096
6640 58145
6641 54056
6642 60200
6643 58144
6644 54057
6645 63273
6646 59168
6647 58208
6648 58144
6649 27392
6650 49952
6651 19232
6652 54049
6653 55081
6654 25448
6655 58208
6656 17152
6657 54064
6658 49952
6659 54048
6660 59169
6661 50984
6662 26465
6663 27424
6664 49960
6665 60200
6666 19232
6667 60201
6668 27393
6669 27424
6670 49953
6671 58145
6672 54048
6673 49944
6674 50080
6675 25376
6676 55081
6677 49953
6678 19233
6679 17153
6680 25377
6681 25376
6682 54048
6683 62240
6684 53024
6685 28448
6686 17185
6687 62248
6688 27392
6689 19232
6690 56105
6691 25360
6692 19232
6693 49952
6694 58145
6695 50977
6696 49952
6697 25353
6698 17153
6699 19232
6700 49961
6701 49961
6702 54049
6703 54057
6704 27552
6705 19233
6706 49936
6707 28456
6708 49953
6709 49952
6710 58144
6711 49952
6712 17176
6713 49921
6714 61185
6715 50984
6716 27392
6717 59177
6718 58145
6719 57121
6720 17184
6721 57121
6722 17160
6723 19208
6724 49952
6725 27424
6726 19232
6727 19233
6728 17153
6729 58144
6730 52000
6731 54049
6732 25345
6733 49953
6734 54048
6735 17184
6736 60192
6737 25344
6738 52008
6739 58145
6740 25344
6741 25377
6742 25441
6743 58144
6744 59169
6745 49960
6746 58209
6747 17185
6748 25377
6749 17184
6750 27425
6751 54048
6752 52000
6753 20256
6754 17176
6755 54057
6756 19232
6757 49976
6758 58144
6759 58144
6760 58145
6761 54049
6762 57121
6763 51984
6764 52008
6765 63265
6766 49960
6767 49952
6768 49952
6769 54049
6770 60193
6771 19216
6772 56104
6773 49953
6774 61225
6775 58144
6776 52008
6777 49960
6778 50977
6779 49952
6780 59232
6781 49953
6782 58144
6783 19233
6784 54056
6785 55073
6786 54049
6787 54048
6788 19217
6789 19232
6790 55073
6791 55080
6792 52009
6793 55080
6794 55072
6795 27425
6796 52008
6797 62304
6798 54073
6799 60192
6800 64289
6801 58144
6802 53025
6803 52001
6804 54048
6805 56105
6806 51992
6807 17185
6808 52000
6809 58144
6810 54049
6811 52000
6812 27401
6813 58120
6814 54048
6815 52008
6816 23329
6817 49952
6818 58145
6819 25344
6820 55080
6821 17184
6822 57121
6823 58145
6824 57121
6825 19232
6826 53024
6827 49953
6828 19200
6829 57121
6830 25377
6831 49952
6832 17184
6833 17185
6834 49920
6835 58216
6836 58208
6837 52000
6838 27392
6839 54049
6840 54048
6841 52001
6842 17161
6843 17153
6844 56097
6845 27424
6846 28448
6847 56097
6848 17185
6849 54049
6850 19224
6851 54049
6852 27393
6853 17184
6854 58152
6855 49953
6856 49928
6857 49952
6858 55072
6859 55073
6860 49960
6861 25377
6862 28449
6863 59176
6864 49953
6865 28449
6866 49952
6867 49952
6868 52000
6869 49952
6870 50977
6871 59168
6872 19233
6873 58152
6874 25344
6875 20256
6876 51728
6877 2849
6878 55080
6879 49920
6880 53032
6881 18977
6882 49696
6883 56104
6884 53792
6885 52008
6886 52001
6887 62240
6888 25377
6889 49953
6890 49952
6891 56097
6892 52000
6893 54048
6894 49953
6895 17192
6896 52000
6897 49952
6898 59169
6899 20256
6900 56113
6901 51992
6902 19232
6903 19232
6904 58152
6905 2849
6906 58145
6907 54049
6908 17160
6909 59168
6910 58145
6911 49953
6912 19201
6913 52000
6914 60192
6915 49952
6916 19200
6917 25376
6918 62241
6919 49960
6920 25440
6921 19240
6922 51968
6923 27425
6924 18208
6925 25384
6926 17185
6927 17184
6928 60161
6929 54057
6930 19241
6931 17161
6932 52001
6933 63265
6934 52000
6935 55080
6936 19208
6937 49960
6938 52008
6939 52001
6940 49952
6941 49953
6942 49952
6943 54049
6944 25376
6945 27393
6946 54064
6947 49952
6948 49953
6949 58144
6950 27432
6951 26400
6952 27425
6953 54048
6954 49961
6955 49953
6956 56096
6957 25360
6958 54064
6959 54049
6960 52008
6961 27425
6962 62304
6963 49944
6964 58112
6965 25344
6966 51984
6967 19216
6968 53032
6969 25416
6970 58144
6971 49952
6972 19241
6973 49953
6974 19201
6975 49952
6976 27424
6977 17185
6978 61217
6979 49952
6980 58144
6981 52008
6982 50080
6983 55081
6984 25377
6985 19240
6986 60193
6987 19208
6988 25376
6989 56104
6990 60161
6991 50985
6992 39712
6993 17192
6994 51744
6995 49921
6996 19232
6997 56073
6998 49952
6999 55072
7000 19233
7001 62240
7002 49953
7003 54049
7004 52008
7005 63265
7006 49952
7007 25385
7008 54048
7009 58145
7010 17185
7011 54072
7012 52001
7013 54025
7014 49953
7015 25376
7016 52001
7017 55072
7018 59168
7019 58144
7020 49952
7021 52000
7022 49952
7023 52000
7024 59169
7025 19232
7026 51744
7027 49952
7028 19241
7029 25376
7030 52000
7031 19232
7032 27424
7033 49953
7034 58113
7035 52001
7036 27425
7037 53025
7038 17208
7039 19233
7040 28449
7041 19233
7042 26401
7043 52000
7044 18208
7045 27392
7046 54049
7047 58145
7048 63328
7049 63265
7050 55080
7051 56104
7052 27432
7053 54048
7054 56105
7055 60193
7056 56096
7057 56097
7058 25385
7059 25376
7060 57121
7061 25441
7062 17184
7063 49960
7064 60192
7065 19200
7066 27424
7067 58145
7068 50016
7069 56097
7070 18209
7071 58112
7072 17200
7073 52016
7074 17193
7075 54048
7076 17192
7077 52008
7078 19233
7079 25345
7080 49952
7081 59177
7082 17185
7083 55073
7084 53024
7085 49952
7086 49953
7087 59137
7088 49953
7089 25344
7090 59169
7091 25440
7092 49953
7093 52000
7094 54057
7095 49952
7096 49953
7097 60192
7098 25384
7099 18977
7100 52009
7101 27424
7102 50976
7103 27488
7104 17185
7105 56096
7106 19240
7107 58145
7108 49952
7109 51745
7110 18945
7111 49960
7112 58144
7113 19232
7114 57129
7115 60192
7116 27424
7117 19256
7118 25409
7119 17192
7120 49960
7121 55080
7122 49953
7123 49960
7124 54057
7125 19233
7126 57120
7127 52001
7128 49960
7129 58145
7130 58144
7131 17192
7132 54048
7133 58145
7134 49952
7135 27425
7136 60193
7137 17160
7138 27392
7139 17184
7140 56096
7141 19241
7142 17184
7143 25376
7144 62240
7145 27424
7146 57129
7147 56097
7148 52000
7149 55073
7150 19233
7151 52001
7152 17184
7153 49952
7154 52000
7155 20257
7156 52000
7157 51976
7158 54056
7159 49961
7160 49953
7161 52008
7162 25377
7163 54056
7164 54049
7165 25377
7166 54048
7167 60193
7168 17185
7169 49952
7170 61185
7171 54064
7172 19232
7173 17184
7174 28417
7175 49953
7176 25376
7177 55073
7178 19233
7179 27424
7180 17192
7181 59168
7182 54049
7183 25345
7184 55073
7185 55072
7186 17184
7187 17185
7188 49960
7189 19208
7190 19200
7191 58144
7192 54048
7193 65312
7194 53025
7195 49952
7196 49952
7197 54056
7198 58145
7199 54048
7200 53793
7201 49952
7202 58145
7203 54073
7204 54056
7205 56073
7206 54048
7207 52000
7208 49952
7209 56097
7210 62241
7211 58152
7212 19240
7213 19241
7214 58145
7215 49960
7216 25376
7217 17184
7218 58144
7219 21288
7220 49952
7221 19232
7222 58144
7223 49952
7224 49952
7225 59169
7226 49952
7227 54048
7228 17185
7229 19241
7230 52025
7231 59169
7232 25376
7233 49953
7234 54073
7235 52000
7236 58145
7237 17193
7238 52001
7239 55073
7240 27424
7241 58208
7242 27489
7243 17184
7244 63265
7245 51968
7246 21288
7247 60192
7248 25377
7249 19241
7250 26409
7251 60169
7252 62312
7253 28456
7254 62313
7255 58113
7256 55073
7257 20264
7258 63265
7259 49960
7260 25353
7261 50984
7262 17192
7263 27432
7264 17185
7265 28457
7266 56088
7267 17152
7268 54040
7269 55072
7270 54024
7271 17153
7272 58152
7273 49960
7274 49952
7275 27400
7276 55073
7277 19232
7278 27424
7279 21280
7280 52001
7281 62304
7282 63265
7283 51728
7284 51976
7285 19201
7286 49952
7287 49952
7288 54048
7289 55080
7290 58144
7291 27392
7292 53025
7293 54056
7294 49920
7295 49953
7296 19216
7297 27432
7298 52000
7299 17248
7300 19232
7301 49952
7302 59169
7303 60193
7304 51977
7305 25376
7306 58144
7307 58112
7308 52000
7309 49952
7310 25377
7311 54048
7312 27393
7313 25360
7314 19256
7315 25376
7316 27424
7317 49961
7318 17192
7319 55080
7320 25376
7321 58144
7322 49952
7323 49952
7324 56096
7325 27393
7326 54049
7327 49952
7328 54048
7329 58145
7330 58144
7331 64289
7332 52000
7333 49952
7334 19233
7335 27392
7336 54049
7337 19200
7338 58152
7339 56097
7340 49961
7341 25384
7342 60192
7343 58145
7344 49952
7345 19201
7346 49952
7347 53025
7348 52009
7349 49952
7350 58152
7351 49953
7352 49952
7353 50016
7354 19232
7355 19201
7356 58144
7357 56105
7358 19232
7359 17153
7360 25345
7361 49960
7362 19233
7363 49952
7364 60192
7365 52000
7366 19208
7367 49952
7368 27424
7369 54057
7370 49952
7371 25416
7372 28457
7373 49976
7374 19209
7375 55073
7376 53032
7377 25345
7378 19232
7379 49952
7380 49952
7381 58145
7382 51992
7383 25344
7384 60192
7385 27392
7386 27392
7387 62240
7388 17152
7389 54056
7390 17193
7391 25384
7392 58144
7393 56065
7394 59168
7395 58153
7396 17189
7397 19232
7398 54049
7399 19233
7400 50976
7401 27393
7402 25344
7403 62241
7404 50984
7405 52000
7406 58209
7407 55081
7408 61217
7409 55081
7410 17256
7411 49952
7412 58216
7413 54040
7414 56097
7415 56096
7416 19233
7417 19304
7418 54048
7419 49952
7420 58144
7421 58144
7422 17184
7423 57120
7424 54049
7425 55073
7426 17169
7427 58144
7428 27488
7429 19201
7430 51976
7431 51969
7432 61217
7433 49952
7434 55072
7435 27393
7436 25345
7437 49952
7438 61216
7439 55073
7440 25384
7441 54057
7442 49969
7443 50976
7444 25376
7445 51984
7446 58209
7447 19200
7448 49696
7449 55072
7450 52001
7451 49952
7452 63264
7453 49960
7454 49944
7455 54032
7456 17152
7457 49960
7458 52000
7459 49976
7460 49952
7461 23329
7462 19232
7463 54056
7464 49961
7465 25384
7466 27489
7467 49952
7468 56096
7469 54049
7470 52017
7471 54048
7472 58144
7473 54057
7474 25376
7475 25376
7476 28512
7477 49953
7478 17184
7479 51968
7480 27392
7481 56064
7482 52000
7483 58144
7484 58217
7485 49953
7486 55080
7487 49952
7488 58144
7489 26408
7490 52008
7491 25384
7492 27424
7493 54048
7494 19232
7495 20257
7496 58144
7497 52000
7498 49952
7499 49952
7500 25376
7501 19232
7502 52008
7503 28449
7504 63272
7505 17185
7506 25377
7507 54049
7508 49952
7509 19225
7510 55073
7511 54048
7512 49961
7513 58208
7514 19232
7515 58144
7516 49953
7517 49968
7518 60192
7519 58208
7520 27425
7521 49953
7522 63265
7523 19200
7524 17185
7525 25345
7526 19200
7527 52008
7528 59137
7529 17168
7530 19201
7531 28449
7532 49952
7533 17160
7534 54048
7535 27393
7536 62312
7537 19201
7538 57129
7539 52001
7540 49921
7541 49921
7542 54048
7543 58152
7544 25384
7545 26408
7546 19232
7547 60192
7548 58112
7549 49952
7550 49952
7551 58145
7552 25377
7553 49936
7554 52001
7555 49953
7556 63265
7557 52008
7558 61224
7559 55073
7560 58113
7561 59169
7562 58144
7563 17189
7564 60193
7565 49953
7566 19201
7567 49952
7568 49953
7569 53032
7570 19224
7571 58272
7572 49960
7573 58144
7574 17153
7575 49952
7576 55080
7577 52000
7578 25344
7579 19232
7580 57129
7581 49961
7582 19208
7583 27424
7584 52000
7585 49961
7586 50976
7587 58145
7588 52001
7589 17192
7590 58145
7591 19233
7592 17185
7593 49928
7594 56096
7595 18217
7596 58145
7597 25344
7598 49952
7599 54073
7600 56097
7601 19233
7602 19201
7603 58113
7604 20256
7605 60192
7606 19328
7607 17153
7608 27393
7609 52001
7610 25376
7611 57121
7612 56072
7613 49952
7614 59169
7615 27424
7616 53024
7617 52009
7618 25384
7619 25376
7620 54049
7621 61217
7622 54048
7623 17176
7624 49952
7625 19233
7626 19233
7627 58144
7628 49936
7629 59169
7630 49952
7631 52008
7632 58113
7633 58112
7634 27433
7635 17161
7636 54073
7637 58145
7638 54056
7639 19208
7640 54073
7641 49953
7642 58112
7643 49953
7644 58145
7645 58145
7646 27393
7647 49960
7648 55073
7649 21288
7650 61217
7651 49961
7652 56096
7653 27424
7654 52000
7655 27425
7656 27424
7657 55072
7658 58217
7659 49952
7660 54049
7661 49961
7662 49953
7663 58152
7664 58112
7665 54056
7666 49977
7667 17152
7668 49952
7669 52000
7670 62240
7671 19209
7672 17169
7673 49953
7674 49953
7675 25376
7676 27424
7677 56096
7678 25344
7679 58144
7680 49953
7681 54032
7682 60257
7683 52008
7684 27393
7685 19240
7686 49921
7687 19217
7688 56105
7689 61225
7690 60193
7691 17185
7692 49952
7693 27392
7694 49936
7695 54049
7696 49960
7697 52000
7698 19232
7699 49969
7700 56104
7701 19232
7702 49952
7703 49953
7704 27488
7705 49952
7706 19200
7707 54072
7708 54048
7709 58152
7710 27425
7711 58144
7712 49937
7713 49952
7714 54072
7715 53025
7716 49952
7717 49953
7718 19209
7719 56097
7720 27392
7721 52000
7722 58144
7723 27393
7724 55072
7725 58144
7726 55080
7727 56097
7728 52009
7729 58145
7730 54056
7731 54048
7732 17169
7733 19217
7734 60192
7735 19225
7736 56097
7737 58152
7738 58145
7739 52000
7740 49952
7741 27393
7742 49968
7743 19233
7744 51969
7745 49960
7746 28448
7747 55073
7748 49952
7749 54048
7750 26464
7751 25384
7752 17152
7753 58153
7754 25344
7755 27425
7756 58113
7757 53025
7758 25377
7759 50984
7760 25360
7761 19217
7762 58144
7763 56104
7764 52008
7765 19232
7766 25384
7767 26401
7768 17192
7769 25376
7770 58152
7771 49952
7772 27424
7773 51992
7774 17168
7775 63336
7776 59169
7777 58144
7778 53033
7779 49952
7780 64288
7781 25345
7782 55072
7783 54056
7784 54049
7785 54049
7786 20257
7787 19233
7788 27432
7789 49952
7790 54057
7791 27497
7792 58145
7793 27425
7794 61225
7795 27424
7796 60201
7797 54056
7798 49960
7799 17169
7800 52001
7801 27400
7802 58144
7803 27488
7804 52009
7805 17185
7806 52016
7807 19201
7808 49697
7809 58209
7810 17152
7811 54048
7812 51969
7813 49960
7814 62241
7815 58144
7816 54048
7817 54072
7818 19216
7819 49952
7820 60257
7821 17184
7822 49953
7823 60200
7824 58216
7825 54048
7826 17169
7827 59168
7828 56104
7829 58145
7830 54048
7831 54024
7832 58144
7833 62240
7834 56097
7835 52000
7836 49952
7837 55073
7838 60192
7839 55073
7840 52001
7841 49953
7842 49960
7843 19241
7844 27488
7845 52009
7846 53024
7847 19248
7848 25344
7849 51744
7850 64288
7851 19233
7852 28457
7853 19232
7854 52001
7855 49961
7856 25377
7857 58144
7858 58144
7859 49953
7860 58145
7861 20265
7862 19240
7863 49960
7864 49960
7865 19217
7866 63265
7867 52009
7868 54049
7869 49952
7870 54057
7871 49968
7872 58144
7873 27392
7874 25384
7875 19232
7876 25344
7877 27392
7878 19216
7879 49953
7880 28457
7881 58144
7882 17184
7883 27392
7884 54048
7885 19233
7886 60161
7887 19232
7888 27432
7889 52008
7890 54056
7891 50985
7892 59176
7893 62248
7894 17184
7895 57121
7896 59169
7897 58152
7898 58145
7899 54056
7900 58208
7901 52001
7902 49952
7903 51992
7904 52000
7905 19233
7906 49960
7907 58217
7908 56105
7909 28513
7910 52001
7911 19201
7912 25377
7913 52001
7914 49960
7915 54056
7916 19225
7917 55841
7918 27425
7919 27425
7920 54049
7921 52000
7922 25376
7923 54049
7924 27393
7925 17192
7926 56088
7927 17185
7928 49952
7929 60192
7930 61225
7931 25377
7932 19208
7933 25345
7934 19233
7935 58145
7936 17192
7937 64289
7938 54064
7939 25384
7940 17184
7941 49952
7942 27392
7943 27393
7944 49952
7945 25384
7946 27424
7947 26400
7948 58209
7949 54057
7950 26400
7951 19233
7952 27393
7953 49920
7954 54072
7955 54056
7956 52008
7957 49952
7958 19233
7959 55073
7960 19201
7961 17185
7962 59168
7963 63265
7964 17192
7965 21281
7966 55073
7967 54048
7968 54049
7969 54048
7970 58152
7971 21280
7972 52009
7973 19241
7974 49952
7975 54048
7976 54049
7977 19232
7978 58112
7979 17185
7980 54072
7981 49953
7982 50976
7983 19233
7984 25377
7985 55072
7986 61217
7987 60193
7988 49952
7989 49952
7990 19241
7991 49960
7992 55073
7993 17185
7994 58144
7995 17184
7996 56113
7997 17184
7998 58145
7999 25448
8000 49921
8001 60192
8002 50024
8003 21288
8004 28456
8005 26465
8006 52017
8007 17184
8008 49953
8009 23329
8010 59169
8011 54048
8012 49952
8013 52025
8014 54049
8015 63264
8016 49953
8017 58144
8018 49952
8019 27424
8020 27424
8021 19240
8022 19233
8023 49952
8024 27401
8025 55081
8026 53793
8027 54048
8028 49952
8029 54049
8030 54056
8031 28448
8032 27425
8033 54049
8034 19232
8035 56105
8036 49960
8037 52000
8038 52001
8039 17192
8040 27137
8041 49968
8042 60201
8043 27425
8044 19201
8045 49952
8046 17184
8047 52008
8048 54057
8049 19232
8050 55081
8051 25344
8052 59169
8053 49953
8054 17169
8055 49952
8056 53025
8057 19232
8058 58113
8059 60200
8060 17184
8061 49952
8062 54048
8063 54048
8064 58145
8065 49953
8066 17185
8067 58145
8068 27432
8069 17184
8070 50977
8071 17200
8072 50976
8073 53025
8074 63265
8075 58144
8076 27425
8077 17248
8078 49952
8079 58112
8080 54048
8081 58145
8082 52000
8083 49953
8084 53025
8085 28417
8086 25441
8087 25377
8088 49921
8089 52000
8090 19232
8091 64289
8092 55081
8093 49953
8094 17185
8095 51968
8096 53793
8097 49937
8098 17185
8099 27433
8100 52001
8101 49952
8102 59137
8103 58145
8104 25344
8105 49968
8106 52008
8107 58153
8108 49953
8109 28448
8110 51968
8111 49960
8112 19240
8113 19232
8114 49976
8115 58145
8116 17168
8117 52000
8118 55080
8119 19233
8120 49960
8121 54048
8122 49960
8123 52001
8124 59169
8125 49952
8126 49969
8127 49953
8128 55073
8129 61217
8130 58120
8131 49952
8132 18208
8133 54049
8134 60161
8135 59177
8136 52001
8137 17185
8138 56096
8139 25377
8140 27401
8141 19208
8142 19232
8143 28449
8144 52001
8145 17184
8146 25440
8147 61217
8148 55840
8149 52000
8150 17176
8151 25376
8152 49920
8153 49952
8154 59168
8155 59169
8156 19217
8157 61217
8158 17185
8159 49968
8160 59169
8161 25344
8162 25376
8163 58145
8164 60193
8165 19208
8166 55073
8167 27489
8168 60192
8169 52001
8170 49952
8171 49960
8172 25385
8173 54057
8174 49952
8175 25376
8176 54057
8177 56065
8178 25377
8179 54056
8180 52008
8181 52001
8182 19240
8183 17192
8184 27424
8185 58145
8186 20257
8187 49952
8188 58272
8189 19296
8190 58145
8191 54048
8192 28448
8193 17184
8194 49952
8195 27392
8196 49920
8197 62240
8198 58272
8199 19209
8200 19233
8201 52016
8202 19201
8203 49952
8204 17184
8205 27424
8206 49921
8207 21288
8208 55841
8209 49952
8210 25441
8211 50984
8212 54048
8213 52001
8214 53024
8215 27425
8216 17153
8217 50976
8218 49952
8219 25376
8220 49944
8221 49969
8222 27393
8223 56105
8224 49952
8225 49953
8226 52000
8227 28448
8228 54048
8229 53024
8230 17152
8231 53024
8232 50977
8233 17192
8234 19216
8235 52000
8236 52009
8237 49953
8238 63265
8239 27392
8240 25360
8241 25376
8242 49920
8243 27489
8244 54072
8245 49952
8246 23328
8247 17192
8248 52001
8249 60193
8250 61281
8251 27400
8252 49952
8253 52009
8254 54049
8255 19201
8256 58209
8257 62241
8258 19232
8259 19232
8260 17192
8261 52001
8262 60161
8263 49952
8264 27401
8265 59177
8266 19240
8267 49953
8268 25377
8269 62240
8270 58144
8271 49936
8272 52008
8273 58145
8274 50977
8275 18217
8276 52000
8277 17184
8278 49953
8279 19232
8280 62248
8281 27401
8282 19200
8283 60161
8284 52009
8285 54049
8286 51728
8287 27425
8288 63265
8289 17152
8290 58144
8291 62248
8292 55072
8293 28449
8294 19241
8295 54056
8296 49952
8297 17193
8298 49952
8299 49969
8300 54048
8301 54048
8302 52009
8303 54048
8304 19200
8305 54049
8306 52008
8307 49953
8308 52000
8309 17192
8310 58144
8311 56097
8312 54049
8313 49977
8314 58153
8315 19233
8316 54048
8317 19201
8318 52000
8319 25345
8320 19232
8321 54057
8322 17185
8323 17185
8324 49961
8325 17153
8326 17256
8327 25376
8328 49944
8329 58144
8330 49960
8331 54049
8332 49952
8333 49952
8334 49936
8335 17153
8336 52000
8337 49952
8338 51984
8339 52001
8340 49952
8341 50976
8342 19233
8343 58272
8344 49952
8345 52008
8346 62241
8347 52000
8348 57129
8349 56097
8350 49952
8351 17184
8352 60161
8353 58144
8354 52008
8355 17184
8356 49952
8357 55072
8358 49957
8359 19208
8360 27425
8361 27425
8362 49921
8363 49960
8364 25368
8365 17185
8366 19241
8367 27424
8368 61217
8369 25344
8370 17153
8371 57121
8372 26401
8373 49960
8374 54056
8375 58113
8376 49953
8377 54056
8378 49952
8379 58145
8380 49960
8381 49952
8382 58144
8383 19240
8384 54049
8385 19233
8386 19216
8387 49952
8388 27424
8389 50977
8390 56104
8391 58145
8392 58176
8393 26400
8394 49953
8395 27392
8396 17189
8397 62240
8398 58208
8399 27424
8400 49953
8401 49952
8402 61216
8403 19233
8404 19232
8405 54048
8406 17184
8407 49953
8408 19232
8409 25376
8410 49952
8411 25344
8412 49952
8413 19201
8414 62240
8415 63328
8416 60257
8417 25384
8418 51969
8419 49961
8420 27392
8421 62241
8422 52000
8423 63264
8424 54064
8425 58144
8426 55081
8427 19304
8428 60192
8429 53032
8430 52000
8431 49952
8432 49921
8433 63265
8434 19233
8435 54056
8436 49945
8437 54049
8438 50016
8439 50977
8440 58145
8441 49952
8442 54048
8443 58152
8444 54056
8445 19232
8446 54048
8447 26465
8448 58144
8449 18208
8450 19233
8451 25376
8452 25384
8453 17185
8454 53024
8455 58145
8456 49952
8457 17184
8458 27392
8459 19232
8460 55080
8461 60160
8462 52000
8463 60168
8464 49952
8465 58152
8466 52000
8467 62240
8468 27401
8469 27393
8470 19216
8471 27400
8472 17185
8473 25384
8474 25377
8475 19233
8476 63272
8477 54056
8478 19208
8479 55073
8480 27393
8481 52001
8482 58145
8483 54057
8484 52000
8485 52001
8486 63265
8487 62240
8488 58144
8489 49952
8490 49953
8491 49936
8492 49953
8493 49952
8494 58152
8495 58144
8496 19208
8497 19233
8498 49953
8499 27392
8500 54049
8501 49969
8502 50984
8503 17152
8504 49952
8505 49952
8506 54048
8507 49960
8508 49952
8509 49953
8510 25376
8511 49953
8512 49952
8513 54049
8514 25344
8515 54048
8516 27424
8517 54056
8518 58144
8519 19201
8520 62240
8521 28449
8522 27496
8523 58153
8524 49952
8525 54048
8526 27552
8527 19201
8528 58144
8529 25441
8530 49920
8531 60257
8532 52009
8533 52000
8534 27393
8535 57129
8536 27425
8537 19216
8538 19241
8539 58112
8540 25344
8541 19240
8542 54056
8543 55072
8544 58152
8545 60192
8546 49936
8547 25377
8548 58144
8549 2849
8550 27424
8551 49960
8552 49960
8553 62240
8554 49952
8555 49921
8556 58145
8557 49953
8558 59176
8559 50080
8560 49952
8561 19232
8562 25377
8563 27393
8564 54072
8565 27401
8566 25377
8567 26400
8568 49952
8569 56096
8570 19241
8571 49921
8572 19232
8573 19240
8574 51968
8575 17184
8576 55081
8577 25376
8578 56096
8579 59168
8580 54048
8581 60192
8582 17153
8583 49952
8584 19232
8585 60193
8586 59233
8587 57121
8588 58152
8589 50016
8590 64296
8591 58144
8592 55080
8593 54048
8594 63329
8595 49952
8596 27432
8597 28449
8598 27424
8599 58209
8600 49936
8601 28448
8602 49960
8603 49952
8604 60257
8605 51712
8606 19200
8607 54048
8608 54065
8609 54056
8610 60192
8611 49952
8612 49928
8613 52001
8614 49952
8615 27392
8616 56096
8617 19233
8618 19200
8619 54057
8620 49952
8621 25440
8622 49952
8623 27400
8624 58152
8625 58113
8626 19233
8627 55072
8628 21288
8629 58208
8630 19233
8631 19233
8632 27425
8633 56097
8634 49960
8635 60193
8636 57121
8637 59168
8638 17193
8639 25353
8640 28457
8641 52000
8642 58112
8643 49952
8644 27408
8645 28417
8646 50977
8647 59176
8648 59168
8649 19200
8650 58144
8651 49953
8652 58144
8653 17184
8654 58145
8655 52009
8656 60201
8657 58144
8658 63264
8659 27433
8660 54049
8661 19224
8662 60192
8663 25376
8664 54049
8665 49960
8666 27393
8667 17185
8668 55072
8669 56073
8670 49952
8671 25377
8672 54048
8673 25376
8674 59169
8675 19233
8676 58153
8677 56073
8678 56104
8679 60168
8680 55072
8681 49952
8682 25344
8683 52001
8684 49920
8685 53025
8686 54048
8687 54056
8688 19224
8689 56096
8690 52009
8691 19201
8692 49920
8693 25344
8694 58144
8695 52000
8696 18217
8697 20265
8698 52000
8699 25345
8700 55081
8701 58152
8702 49968
8703 59169
8704 54048
8705 54049
8706 52001
8707 55073
8708 19200
8709 58144
8710 25376
8711 61281
8712 63265
8713 49952
8714 58144
8715 49937
8716 17184
8717 19233
8718 26400
8719 49953
8720 58209
8721 25376
8722 17184
8723 54049
8724 58144
8725 59232
8726 49920
8727 52001
8728 56064
8729 55073
8730 49952
8731 21288
8732 49953
8733 49952
8734 51744
8735 55081
8736 25345
8737 58144
8738 62248
8739 19200
8740 54049
8741 54048
8742 49953
8743 25377
8744 25345
8745 50080
8746 25377
8747 19201
8748 50016
8749 54056
8750 25377
8751 19232
8752 25441
8753 54048
8754 56104
8755 19208
8756 52000
8757 17169
8758 50024
8759 17184
8760 49968
8761 49952
8762 53025
8763 49921
8764 27424
8765 54040
8766 19201
8767 23328
8768 52008
8769 61185
8770 58112
8771 58145
8772 52001
8773 25344
8774 27401
8775 17153
8776 53025
8777 52000
8778 25345
8779 49953
8780 54048
8781 25377
8782 54049
8783 58113
8784 58112
8785 52000
8786 49953
8787 19232
8788 17185
8789 25344
8790 54048
8791 56097
8792 25384
8793 52001
8794 19233
8795 55073
8796 56104
8797 51977
8798 19240
8799 60161
8800 56105
8801 54056
8802 55073
8803 19200
8804 54048
8805 49952
8806 49960
8807 49921
8808 25377
8809 25344
8810 25377
8811 56096
8812 25377
8813 52000
8814 54032
8815 55081
8816 61216
8817 25376
8818 28512
8819 62248
8820 28448
8821 25384
8822 54057
8823 25345
8824 27425
8825 27425
8826 25361
8827 27392
8828 17184
8829 17185
8830 17184
8831 49953
8832 27424
8833 59168
8834 62240
8835 54049
8836 17184
8837 25377
8838 54048
8839 27488
8840 25377
8841 59168
8842 17184
8843 62249
8844 17176
8845 61217
8846 19232
8847 25352
8848 17184
8849 19217
8850 49960
8851 25376
8852 54056
8853 25345
8854 17184
8855 25441
8856 51992
8857 27425
8858 51969
8859 19233
8860 27424
8861 58152
8862 58217
8863 49952
8864 54049
8865 49952
8866 27393
8867 58152
8868 27432
8869 20256
8870 19232
8871 49697
8872 25440
8873 51992
8874 19232
8875 25376
8876 53032
8877 49944
8878 18976
8879 28449
8880 54056
8881 27393
8882 51977
8883 52000
8884 60200
8885 62241
8886 54056
8887 49953
8888 61216
8889 58144
8890 58145
8891 58216
8892 58144
8893 59169
8894 49953
8895 58145
8896 63265
8897 59169
8898 51977
8899 27425
8900 49952
8901 49929
8902 27425
8903 58208
8904 27401
8905 58144
8906 27425
8907 28448
8908 26409
8909 55073
8910 58145
8911 54049
8912 58216
8913 59168
8914 54049
8915 58208
8916 54057
8917 52000
8918 60192
8919 58144
8920 60201
8921 59169
8922 51968
8923 19233
8924 58145
8925 58152
8926 19256
8927 54056
8928 26409
8929 52000
8930 55081
8931 60193
8932 54057
8933 19200
8934 25377
8935 63329
8936 58112
8937 25385
8938 25377
8939 17184
8940 51968
8941 58144
8942 17185
8943 54048
8944 19224
8945 57121
8946 19233
8947 27432
8948 56097
8949 55073
8950 49952
8951 49953
8952 17192
8953 19233
8954 58144
8955 19216
8956 25344
8957 58152
8958 60192
8959 51976
8960 28448
8961 49953
8962 56105
8963 63265
8964 49952
8965 55080
8966 58145
8967 17152
8968 18977
8969 25344
8970 52008
8971 27488
8972 19233
8973 19240
8974 25376
8975 55080
8976 58145
8977 19232
8978 49952
8979 58144
8980 25384
8981 51969
8982 56096
8983 53025
8984 54017
8985 50985
8986 17193
8987 19200
8988 28449
8989 54057
8990 49936
8991 17185
8992 49929
8993 25376
8994 55080
8995 19217
8996 54073
8997 17192
8998 27393
8999 54056
9000 19232
9001 54016
9002 17184
9003 25376
9004 58153
9005 19217
9006 27424
9007 19256
9008 58121
9009 55073
9010 49953
9011 49944
9012 49921
9013 59177
9014 25345
9015 25377
9016 19225
9017 51969
9018 25344
9019 27425
9020 60193
9021 51969
9022 49960
9023 58145
9024 49953
9025 58144
9026 25409
9027 54048
9028 17152
9029 19233
9030 61217
9031 17184
9032 17184
9033 19232
9034 54065
9035 63264
9036 58144
9037 17185
9038 49928
9039 54056
9040 58112
9041 51968
9042 58113
9043 58153
9044 27425
9045 60193
9046 55080
9047 49952
9048 49944
9049 49952
9050 58144
9051 25376
9052 58144
9053 54072
9054 27393
9055 49952
9056 17189
9057 19233
9058 25377
9059 52001
9060 20264
9061 27392
9062 17168
9063 19256
9064 51992
9065 19201
9066 25353
9067 58145
9068 54048
9069 19233
9070 17184
9071 49953
9072 58145
9073 52000
9074 50977
9075 58208
9076 17184
9077 58152
9078 62305
9079 51993
9080 17184
9081 52008
9082 63273
9083 60192
9084 49961
9085 27392
9086 54056
9087 17185
9088 52000
9089 19328
9090 25376
9091 19241
9092 55072
9093 17184
9094 61216
9095 56097
9096 51968
9097 59232
9098 49952
9099 25377
9100 54057
9101 49952
9102 19233
9103 52008
9104 58145
9105 17153
9106 27392
9107 17152
9108 52008
9109 58152
9110 27393
9111 19241
9112 49920
9113 58144
9114 52001
9115 50976
9116 52008
9117 25377
9118 54057
9119 55081
9120 50977
9121 27400
9122 54049
9123 60193
9124 55073
9125 51977
9126 19240
9127 54048
9128 54056
9129 59169
9130 25344
9131 17185
9132 27425
9133 61185
9134 49953
9135 25376
9136 17193
9137 49952
9138 54049
9139 21281
9140 52001
9141 49920
9142 58144
9143 19200
9144 19232
9145 49961
9146 27393
9147 49937
9148 49961
9149 49952
9150 61281
9151 25377
9152 17184
9153 49952
9154 55080
9155 19232
9156 19233
9157 58145
9158 17184
9159 49921
9160 58208
9161 19201
9162 58145
9163 49953
9164 25384
9165 52001
9166 54048
9167 18944
9168 52000
9169 52008
9170 19241
9171 62240
9172 27425
9173 59168
9174 54040
9175 19241
9176 54057
9177 27424
9178 58145
9179 19208
9180 25377
9181 49961
9182 54072
9183 57129
9184 56104
9185 58144
9186 19233
9187 52000
9188 49960
9189 25376
9190 65313
9191 55080
9192 19232
9193 25377
9194 19233
9195 17153
9196 25344
9197 52008
9198 50977
9199 17185
9200 25377
9201 25384
9202 49953
9203 17193
9204 54056
9205 56064
9206 25384
9207 49952
9208 19200
9209 62312
9210 56065
9211 52008
9212 65313
9213 58145
9214 49953
9215 55073
9216 19240
9217 52008
9218 59169
9219 25377
9220 49968
9221 25377
9222 52001
9223 58144
9224 27392
9225 62249
9226 50976
9227 54057
9228 49961
9229 52000
9230 17192
9231 58208
9232 54048
9233 63272
9234 49953
9235 27425
9236 54064
9237 25377
9238 17168
9239 54056
9240 25377
9241 54048
9242 52001
9243 27552
9244 54049
9245 19232
9246 54048
9247 49920
9248 56112
9249 26465
9250 54057
9251 27424
9252 63264
9253 25376
9254 54049
9255 57129
9256 63265
9257 55073
9258 57120
9259 55081
9260 53793
9261 54049
9262 63265
9263 19200
9264 52000
9265 25376
9266 27392
9267 17185
9268 50024
9269 49936
9270 27432
9271 49936
9272 17153
9273 59169
9274 28448
9275 58144
9276 55073
9277 51968
9278 49953
9279 49952
9280 25345
9281 58145
9282 18945
9283 27489
9284 19201
9285 62240
9286 54049
9287 60193
9288 49952
9289 60192
9290 56105
9291 25344
9292 60201
9293 51969
9294 51968
9295 49953
9296 25344
9297 52001
9298 49952
9299 58144
9300 17184
9301 54057
9302 58176
9303 58145
9304 54056
9305 54048
9306 56072
9307 19224
9308 54048
9309 49953
9310 17169
9311 17184
9312 54048
9313 17185
9314 60193
9315 58112
9316 54048
9317 58144
9318 63265
9319 49953
9320 58112
9321 62304
9322 60192
9323 56104
9324 19201
9325 49952
9326 27425
9327 62240
9328 51728
9329 49952
9330 27432
9331 19201
9332 54048
9333 55072
9334 58144
9335 52008
9336 54057
9337 54056
9338 49968
9339 27425
9340 19232
9341 60256
9342 19209
9343 58145
9344 63264
9345 58144
9346 59233
9347 58145
9348 58153
9349 19209
9350 60192
9351 49977
9352 49953
9353 27393
9354 27424
9355 19233
9356 19233
9357 62240
9358 17185
9359 25440
9360 57121
9361 58144
9362 60201
9363 19233
9364 55840
9365 17161
9366 27393
9367 2849
9368 56097
9369 27393
9370 49945
9371 27425
9372 51968
9373 63272
9374 58113
9375 25376
9376 53025
9377 58145
9378 54049
9379 54048
9380 54057
9381 52000
9382 49953
9383 20264
9384 25344
9385 58144
9386 52001
9387 58112
9388 49952
9389 49936
9390 49953
9391 63264
9392 61281
9393 50984
9394 54056
9395 25368
9396 19233
9397 54048
9398 52000
9399 58113
9400 27424
9401 64289
9402 19232
9403 54048
9404 26401
9405 60160
9406 63336
9407 25376
9408 25448
9409 55073
9410 54057
9411 19233
9412 25344
9413 50977
9414 19209
9415 52001
9416 52009
9417 54064
9418 25377
9419 49929
9420 55073
9421 27392
9422 58144
9423 19233
9424 62313
9425 58144
9426 19233
9427 27425
9428 49952
9429 17256
9430 17184
9431 27425
9432 17160
9433 27457
9434 63265
9435 59169
9436 25376
9437 62241
9438 17208
9439 60160
9440 25376
9441 27425
9442 58145
9443 54048
9444 25376
9445 19233
9446 19233
9447 17185
9448 20257
9449 58112
9450 49953
9451 19232
9452 19233
9453 19232
9454 58152
9455 49920
9456 52024
9457 49952
9458 49952
9459 58152
9460 54056
9461 49928
9462 17184
9463 49929
9464 50984
9465 56113
9466 52000
9467 58144
9468 54048
9469 63264
9470 19233
9471 17184
9472 27392
9473 27392
9474 49952
9475 50016
9476 55073
9477 25344
9478 19201
9479 52000
9480 54053
9481 27425
9482 51977
9483 25376
9484 60169
9485 27489
9486 54048
9487 52001
9488 19208
9489 49960
9490 54016
9491 57121
9492 52001
9493 56104
9494 19240
9495 25345
9496 58120
9497 49952
9498 54056
9499 27393
9500 17184
9501 64289
9502 59168
9503 49960
9504 54049
9505 49953
9506 51984
9507 56072
9508 52009
9509 49960
9510 58216
9511 58145
9512 25376
9513 64288
9514 52009
9515 49952
9516 17185
9517 49969
9518 25377
9519 58121
9520 49960
9521 25377
9522 56097
9523 54048
9524 54049
9525 62249
9526 17184
9527 27433
9528 55080
9529 52000
9530 54048
9531 49952
9532 25384
9533 54056
9534 49952
9535 56105
9536 55080
9537 58112
9538 49937
9539 60161
9540 54048
9541 59176
9542 58152
9543 17184
9544 19232
9545 58152
9546 25376
9547 61216
9548 54048
9549 54049
9550 19201
9551 52001
9552 27425
9553 54049
9554 27393
9555 17184
9556 58112
9557 27392
9558 60192
9559 54049
9560 50976
9561 54049
9562 56064
9563 25360
9564 54049
9565 19208
9566 63265
9567 62240
9568 54048
9569 52000
9570 58144
9571 19241
9572 51984
9573 17184
9574 58144
9575 19233
9576 58144
9577 19233
9578 26401
9579 58209
9580 55080
9581 54049
9582 26401
9583 56104
9584 19201
9585 52000
9586 54049
9587 62240
9588 19232
9589 19240
9590 54056
9591 61281
9592 19225
9593 52000
9594 54064
9595 53025
9596 27425
9597 54048
9598 54048
9599 58120
9600 25384
9601 52008
9602 49953
9603 49921
9604 58145
9605 54049
9606 52000
9607 17185
9608 49953
9609 17208
9610 52000
9611 21280
9612 25376
9613 58144
9614 62248
9615 54049
9616 52000
9617 62241
9618 58112
9619 54049
9620 60193
9621 19233
9622 17185
9623 27433
9624 50977
9625 63328
9626 49960
9627 27393
9628 52001
9629 27425
9630 28513
9631 25384
9632 54048
9633 57121
9634 54049
9635 54049
9636 25377
9637 49957
9638 27425
9639 17184
9640 25376
9641 49960
9642 25345
9643 51744
9644 19233
9645 58152
9646 49953
9647 58144
9648 50976
9649 49960
9650 55073
9651 19216
9652 21288
9653 59177
9654 51992
9655 25377
9656 17152
9657 21288
9658 17169
9659 25377
9660 17185
9661 21281
9662 58153
9663 58144
9664 49952
9665 49928
9666 51745
9667 52000
9668 58144
9669 49953
9670 17168
9671 19232
9672 58144
9673 49952
9674 49961
9675 27424
9676 49961
9677 49920
9678 49952
9679 49960
9680 54049
9681 54016
9682 25377
9683 27425
9684 25377
9685 54024
9686 52008
9687 27432
9688 56104
9689 54064
9690 54056
9691 52000
9692 55072
9693 27425
9694 52008
9695 27424
9696 17193
9697 17185
9698 58145
9699 27424
9700 49952
9701 58145
9702 49696
9703 49921
9704 19232
9705 56104
9706 56105
9707 57128
9708 2849
9709 27425
9710 17152
9711 52000
9712 58209
9713 52008
9714 49952
9715 17185
9716 59232
9717 49944
9718 27424
9719 27392
9720 58145
9721 27401
9722 17169
9723 19232
9724 19233
9725 58208
9726 54049
9727 19201
9728 19233
9729 49952
9730 58144
9731 17192
9732 17177
9733 54048
9734 58112
9735 25376
9736 25376
9737 51969
9738 25377
9739 54048
9740 27488
9741 25441
9742 25352
9743 58208
9744 56104
9745 60192
9746 28449
9747 62312
9748 49952
9749 25376
9750 28449
9751 58145
9752 49953
9753 19233
9754 27424
9755 52009
9756 19232
9757 62248
9758 27424
9759 56105
9760 58145
9761 61280
9762 19240
9763 49929
9764 17153
9765 58144
9766 52000
9767 51977
9768 27393
9769 25440
9770 49952
9771 25345
9772 55072
9773 25377
9774 60193
9775 58113
9776 27424
9777 54048
9778 25377
9779 54049
9780 55080
9781 19216
9782 56096
9783 54016
9784 54056
9785 55840
9786 25377
9787 49953
9788 54048
9789 49952
9790 19233
9791 17184
9792 58144
9793 52001
9794 25376
9795 27392
9796 17189
9797 19217
9798 19201
9799 56105
9800 60192
9801 54057
9802 27400
9803 59176
9804 19241
9805 58217
9806 25377
9807 52001
9808 17153
9809 17161
9810 27425
9811 51969
9812 58144
9813 52000
9814 51984
9815 49961
9816 52000
9817 50985
9818 58144
9819 52008
9820 60200
9821 27392
9822 26400
9823 62313
9824 52000
9825 17184
9826 58144
9827 19232
9828 19232
9829 62240
9830 54056
9831 27393
9832 65313
9833 55080
9834 58209
9835 58209
9836 54025
9837 19240
9838 52001
9839 61224
9840 55073
9841 25376
9842 17184
9843 49953
9844 27425
9845 55081
9846 60256
9847 59169
9848 63329
9849 49944
9850 49953
9851 54048
9852 25440
9853 19232
9854 54056
9855 55073
9856 55072
9857 17184
9858 55073
9859 60192
9860 52001
9861 25440
9862 52008
9863 54048
9864 19233
9865 25377
9866 49953
9867 62249
9868 19240
9869 19233
9870 54056
9871 58145
9872 54032
9873 55073
9874 27425
9875 54056
9876 58153
9877 25384
9878 58152
9879 60200
9880 27425
9881 17177
9882 58209
9883 19201
9884 19232
9885 58144
9886 27392
9887 58145
9888 54048
9889 50977
9890 58145
9891 55072
9892 52001
9893 17193
9894 25352
9895 64288
9896 58145
9897 58144
9898 17152
9899 58145
9900 26400
9901 25376
9902 17184
9903 54049
9904 19201
9905 19200
9906 49976
9907 55072
9908 49960
9909 54056
9910 49953
9911 58145
9912 52016
9913 19233
9914 49920
9915 54056
9916 60201
9917 27392
9918 60192
9919 49957
9920 28457
9921 60193
9922 58144
9923 62304
9924 49961
9925 49953
9926 62313
9927 55072
9928 49960
9929 27424
9930 54048
9931 17184
9932 27392
9933 49961
9934 49952
9935 25385
9936 17184
9937 26401
9938 19217
9939 60161
9940 60201
9941 25360
9942 51977
9943 27393
9944 49952
9945 63265
9946 63272
9947 17184
9948 49952
9949 19200
9950 49952
9951 58112
9952 55080
9953 54056
9954 54056
9955 60193
9956 56112
9957 27488
9958 55072
9959 58217
9960 52001
9961 17185
9962 58144
9963 55081
9964 25376
9965 19233
9966 19232
9967 58120
9968 39712
9969 58145
9970 62248
9971 17184
9972 58144
9973 58112
9974 55081
9975 59168
9976 27424
9977 58112
9978 19232
9979 20256
9980 55840
9981 62248
9982 25345
9983 59168
9984 52008
9985 49952
9986 49952
9987 52024
9988 58152
9989 25376
9990 58112
9991 58144
9992 27425
9993 49953
9994 54048
9995 49968
9996 25376
9997 58144
9998 49952
9999 49953
10000 58144
10001 60192
10002 19233
10003 50024
10004 58144
10005 54056
10006 58144
10007 27424
10008 58145
10009 54048
10010 49953
10011 54049
10012 19233
10013 49928
10014 49953
10015 49952
10016 58145
10017 56104
10018 58113
10019 25376
10020 17161
10021 49952
10022 60192
10023 49961
10024 60193
10025 49960
10026 53025
10027 49936
10028 59169
10029 27393
10030 19216
10031 49957
10032 50976
10033 58216
10034 58152
10035 60256
10036 56064
10037 19304
10038 58144
10039 27400
10040 19200
10041 27424
10042 54048
10043 19233
10044 60192
10045 27424
10046 58209
10047 54057
10048 27552
10049 26401
10050 52000
10051 55072
10052 27425
10053 54056
10054 62249
10055 58152
10056 25377
10057 54056
10058 19201
10059 27425
10060 17152
10061 49953
10062 17184
10063 60256
10064 49953
10065 17168
10066 58145
10067 19216
10068 49952
10069 25344
10070 54049
10071 62241
10072 63264
10073 60193
10074 27137
10075 54056
10076 62240
10077 64288
10078 52001
10079 19216
10080 60192
10081 58144
10082 25344
10083 54048
10084 19240
10085 19232
10086 52001
10087 54049
10088 51976
10089 49928
10090 49920
10091 49960
10092 54049
10093 27424
10094 17160
10095 25376
10096 19216
10097 25376
10098 59168
10099 19216
10100 19224
10101 58145
10102 54048
10103 19232
10104 17168
10105 58145
10106 49952
10107 49952
10108 58144
10109 58128
10110 49952
10111 58145
10112 49952
10113 60192
10114 27393
10115 49960
10116 49953
10117 49936
10118 53025
10119 27393
10120 19296
10121 17152
10122 49960
10123 52000
10124 49953
10125 54048
10126 49952
10127 19233
10128 49952
10129 49944
10130 60192
10131 54056
10132 51976
10133 52001
10134 28456
10135 54057
10136 58144
10137 49953
10138 49960
10139 49920
10140 52009
10141 54057
10142 27425
10143 25384
10144 27424
10145 27425
10146 17184
10147 56096
10148 54049
10149 57129
10150 27392
10151 58144
10152 17169
10153 59137
10154 17185
10155 25345
10156 49953
10157 17184
10158 25376
10159 60192
10160 58145
10161 49952
10162 63265
10163 59169
10164 49952
10165 57121
10166 54049
10167 18209
10168 58144
10169 19232
10170 51968
10171 54056
10172 25344
10173 58112
10174 23328
10175 58145
10176 54048
10177 57121
10178 19232
10179 27424
10180 19233
10181 17200
10182 49960
10183 58145
10184 58144
10185 17189
10186 27425
10187 60192
10188 27392
10189 60193
10190 19216
10191 49953
10192 27489
10193 25376
10194 25385
10195 27424
10196 54049
10197 19233
10198 25377
10199 25345
10200 27408
10201 58145
10202 25376
10203 54048
10204 49952
10205 25360
10206 58145
10207 49953
10208 61217
10209 56097
10210 56096
10211 54024
10212 49953
10213 49952
10214 27424
10215 19240
10216 25377
10217 19209
10218 19296
10219 25376
10220 56104
10221 17185
10222 28449
10223 17189
10224 49960
10225 54053
10226 51992
10227 19209
10228 54048
10229 59169
10230 54056
10231 27392
10232 58145
10233 56097
10234 55072
10235 49952
10236 27425
10237 54048
10238 19208
10239 52001
10240 49952
10241 25377
10242 27400
10243 55073
10244 56104
10245 49961
10246 27400
10247 18209
10248 51744
10249 58145
10250 54048
10251 62241
10252 19200
10253 54040
10254 17193
10255 25376
10256 50977
10257 19201
10258 27408
10259 50080
10260 60160
10261 62240
10262 17184
10263 49952
10264 25344
10265 17200
10266 18208
10267 49960
10268 25440
10269 49953
10270 17153
10271 27424
10272 17185
10273 59169
10274 17152
10275 57129
10276 56105
10277 58152
10278 58112
10279 25441
10280 58121
10281 55073
10282 25376
10283 19232
10284 54049
10285 49952
10286 49952
10287 49921
10288 19232
10289 58152
10290 25376
10291 51968
10292 58208
10293 49968
10294 57120
10295 21281
10296 19240
10297 49953
10298 25353
10299 21280
10300 19200
10301 25384
10302 60192
10303 49952
10304 54048
10305 54072
10306 19200
10307 53025
10308 17176
10309 25384
10310 51993
10311 25377
10312 28449
10313 49953
10314 25376
10315 25376
10316 58208
10317 58144
10318 17184
10319 49953
10320 27464
10321 25376
10322 49961
10323 59169
10324 25377
10325 27457
10326 17184
10327 58113
10328 19208
10329 18209
10330 49920
10331 49920
10332 19233
10333 61217
10334 49920
10335 59169
10336 54048
10337 25377
10338 25352
10339 58144
10340 49952
10341 19201
10342 54048
10343 61217
10344 57129
10345 58144
10346 56105
10347 52001
10348 28449
10349 56097
10350 19201
10351 52001
10352 50976
10353 49960
10354 49953
10355 52001
10356 52001
10357 54048
10358 52001
10359 55073
10360 52001
10361 17168
10362 56105
10363 49928
10364 54049
10365 49952
10366 58144
10367 58144
10368 51969
10369 56096
10370 55080
10371 60201
10372 17192
10373 54048
10374 49952
10375 60192
10376 27392
10377 27433
10378 49952
10379 19208
10380 49960
10381 19225
10382 52000
10383 58112
10384 25345
10385 27496
10386 54049
10387 56096
10388 51976
10389 60192
10390 56097
10391 19200
10392 51968
10393 54056
10394 65312
10395 49952
10396 19240
10397 19304
10398 49952
10399 54048
10400 27424
10401 27424
10402 27393
10403 27496
10404 58145
10405 53025
10406 54049
10407 51969
10408 58152
10409 19233
10410 25440
10411 54048
10412 25384
10413 63264
10414 49952
10415 55073
10416 49952
10417 21288
10418 27432
10419 62241
10420 53025
10421 19232
10422 54057
10423 27400
10424 25360
10425 21288
10426 19216
10427 26400
10428 50977
10429 19209
10430 63265
10431 53024
10432 27425
10433 56097
10434 27424
10435 58152
10436 52001
10437 56104
10438 49952
10439 63272
10440 27424
10441 54056
10442 50977
10443 25352
10444 25440
10445 27489
10446 63265
10447 28449
10448 54048
10449 60192
10450 50024
10451 49952
10452 17192
10453 58209
10454 51976
10455 17160
10456 49961
10457 17152
10458 26400
10459 60168
10460 54049
10461 62240
10462 49953
10463 27552
10464 19201
10465 28449
10466 19241
10467 51968
10468 19232
10469 52008
10470 52008
10471 17153
10472 62241
10473 19240
10474 52000
10475 19232
10476 58152
10477 60193
10478 58113
10479 17192
10480 19241
10481 49952
10482 59169
10483 19209
10484 49968
10485 52000
10486 60192
10487 60192
10488 60160
10489 19208
10490 49937
10491 54049
10492 55080
10493 59177
10494 25377
10495 60193
10496 58113
10497 49953
10498 58112
10499 49961
10500 55072
10501 56104
10502 54048
10503 25440
10504 49976
10505 62241
10506 50977
10507 63265
10508 54048
10509 50977
10510 17193
10511 58145
10512 56097
10513 25344
10514 49960
10515 52000
10516 25449
10517 49945
10518 54048
10519 58144
10520 58152
10521 58144
10522 54049
10523 49960
10524 27400
10525 54056
10526 17192
10527 60192
10528 52001
10529 51976
10530 57128
10531 55073
10532 58144
10533 58144
10534 49953
10535 51992
10536 19209
10537 27424
10538 49952
10539 49944
10540 26401
10541 17161
10542 60193
10543 27393
10544 49952
10545 52001
10546 58145
10547 49953
10548 25384
10549 17200
10550 17185
10551 52009
10552 55073
10553 17184
10554 52001
10555 52001
10556 52001
10557 52001
10558 25376
10559 49953
10560 27497
10561 19256
10562 50977
10563 54048
10564 58144
10565 25376
10566 60200
10567 54056
10568 25376
10569 58120
10570 54056
10571 17160
10572 21280
10573 58152
10574 54017
10575 27424
10576 60192
10577 58153
10578 19208
10579 17192
10580 52001
10581 27425
10582 49977
10583 54024
10584 57129
10585 58152
10586 58152
10587 58145
10588 26401
10589 54048
10590 25377
10591 54049
10592 60192
10593 25377
10594 49953
10595 54056
10596 52000
10597 17189
10598 52000
10599 20257
10600 19201
10601 27488
10602 49953
10603 27392
10604 58152
10605 58144
10606 28449
10607 59169
10608 56073
10609 58144
10610 52001
10611 58145
10612 56113
10613 27425
10614 54056
10615 60192
10616 27464
10617 52000
10618 27392
10619 61217
10620 25345
10621 54065
10622 19232
10623 58128
10624 17153
10625 17185
10626 58144
10627 58145
10628 62304
10629 27425
10630 63328
10631 54112
10632 25376
10633 27464
10634 54049
10635 51745
10636 56104
10637 52001
10638 49953
10639 27432
10640 54056
10641 25352
10642 54049
10643 61225
10644 49960
10645 59168
10646 28449
10647 27432
10648 27392
10649 58145
10650 54112
10651 27393
10652 54048
10653 49953
10654 18209
10655 52000
10656 19208
10657 53024
10658 26401
10659 52008
10660 49945
10661 55081
10662 58144
10663 17152
10664 25376
10665 19233
10666 62248
10667 52000
10668 58145
10669 49952
10670 26401
10671 25344
10672 19233
10673 49960
10674 28456
10675 54072
10676 55072
10677 52001
10678 27424
10679 58145
10680 49928
10681 17192
10682 58209
10683 58144
10684 49920
10685 58145
10686 19232
10687 39712
10688 26401
10689 51976
10690 58113
10691 63329
10692 62249
10693 27425
10694 49960
10695 59233
10696 52008
10697 52008
10698 58112
10699 25377
10700 25345
10701 60192
10702 60161
10703 54056
10704 25376
10705 49960
10706 52000
10707 49960
10708 17184
10709 60201
10710 54048
10711 52001
10712 27433
10713 52001
10714 26465
10715 27425
10716 58153
10717 58145
10718 27393
10719 17185
10720 54032
10721 55072
10722 55841
10723 59168
10724 25377
10725 58145
10726 27393
10727 49952
10728 61225
10729 54057
10730 17153
10731 27393
10732 27425
10733 49952
10734 27425
10735 19233
10736 17160
10737 27425
10738 52008
10739 58208
10740 60192
10741 49953
10742 53024
10743 54053
10744 50977
10745 49960
10746 19233
10747 49944
10748 51984
10749 54064
10750 54056
10751 58144
10752 17184
10753 57121
10754 49944
10755 54072
10756 19201
10757 2849
10758 63264
10759 19200
10760 19296
10761 49968
10762 27393
10763 60193
10764 49952
10765 25376
10766 17153
10767 28457
10768 19240
10769 63328
10770 58152
10771 27393
10772 19208
10773 53024
10774 58144
10775 62248
10776 49952
10777 27393
10778 58112
10779 56104
10780 58144
10781 49953
10782 63265
10783 17168
10784 49936
10785 58145
10786 53025
10787 49952
10788 26401
10789 27425
10790 25385
10791 27424
10792 54048
10793 20257
10794 25344
10795 49953
10796 49952
10797 27425
10798 19201
10799 54048
10800 58152
10801 55073
10802 59169
10803 25344
10804 27424
10805 56097
10806 54049
10807 19200
10808 49953
10809 17153
10810 57128
10811 58144
10812 18977
10813 49952
10814 54048
10815 20256
10816 58208
10817 62241
10818 17192
10819 54049
10820 19201
10821 19233
10822 19232
10823 62240
10824 17184
10825 49968
10826 49961
10827 52000
10828 25409
10829 27424
10830 27433
10831 52016
10832 54057
10833 54049
10834 19208
10835 49953
10836 25344
10837 56104
10838 60192
10839 27425
10840 55072
10841 19233
10842 57129
10843 58120
10844 17184
10845 54048
10846 25344
10847 50976
10848 60192
10849 58152
10850 49952
10851 17184
10852 52009
10853 55080
10854 25361
10855 25377
10856 54049
10857 27424
10858 56097
10859 27400
10860 62240
10861 19201
10862 23328
10863 52024
10864 58144
10865 19209
10866 19208
10867 51969
10868 54072
10869 25441
10870 55072
10871 55080
10872 19233
10873 54048
10874 19240
10875 58144
10876 19201
10877 53025
10878 49952
10879 53025
10880 57120
10881 17185
10882 58152
10883 58176
10884 52000
10885 19233
10886 49952
10887 49920
10888 49952
10889 19232
10890 58145
10891 25376
10892 19233
10893 27552
10894 49953
10895 49960
10896 58112
10897 49960
10898 25344
10899 55080
10900 56096
10901 58145
10902 52001
10903 52009
10904 58144
10905 60161
10906 58145
10907 19200
10908 17192
10909 52024
10910 49952
10911 19233
10912 25377
10913 52000
10914 19216
10915 61216
10916 17185
10917 60193
10918 25344
10919 25376
10920 17185
10921 62241
10922 52001
10923 17184
10924 55081
10925 52009
10926 49953
10927 49952
10928 49920
10929 49953
10930 49960
10931 50977
10932 57121
10933 59169
10934 25345
10935 17152
10936 58112
10937 19233
10938 49960
10939 17184
10940 58152
10941 19216
10942 49920
10943 54048
10944 49960
10945 27401
10946 49960
10947 62312
10948 25344
10949 19240
10950 52001
10951 27392
10952 50977
10953 25376
10954 54064
10955 52001
10956 25377
10957 54048
10958 56096
10959 54049
10960 58144
10961 51976
10962 52009
10963 59233
10964 27392
10965 52000
10966 27392
10967 25377
10968 58144
10969 54057
10970 49952
10971 58145
10972 49952
10973 58144
10974 64289
10975 56096
10976 58145
10977 17152
10978 51968
10979 49960
10980 18976
10981 52000
10982 49952
10983 58112
10984 27432
10985 19240
10986 49961
10987 25440
10988 51976
10989 54048
10990 21281
10991 49953
10992 58209
10993 56104
10994 58144
10995 49952
10996 58112
10997 19201
10998 19201
10999 54049
11000 25360
11001 25345
11002 19233
11003 19232
11004 49953
11005 55080
11006 54064
11007 51976
11008 49952
11009 60161
11010 17192
11011 49952
11012 56097
11013 17184
11014 54053
11015 19201
11016 25345
11017 54016
11018 49976
11019 56105
11020 19200
11021 52000
11022 52008
11023 56104
11024 54056
11025 25384
11026 58144
11027 17200
11028 49952
11029 25376
11030 52008
11031 60161
11032 21281
11033 54056
11034 54053
11035 49953
11036 26401
11037 19232
11038 59233
11039 27392
11040 20264
11041 17185
11042 51968
11043 28449
11044 60200
11045 25377
11046 17184
11047 17184
11048 52000
11049 60192
11050 56088
11051 54025
11052 55072
11053 60192
11054 49960
11055 63265
11056 27432
11057 55072
11058 50976
11059 49920
11060 52000
11061 25376
11062 27393
11063 19233
11064 27392
11065 25377
11066 27425
11067 49953
11068 25416
11069 60200
11070 19233
11071 25377
11072 19240
11073 49952
11074 49960
11075 54048
11076 58144
11077 49952
11078 27424
11079 52000
11080 58144
11081 52000
11082 17176
11083 58144
11084 52001
11085 27424
11086 54049
11087 49928
11088 58144
11089 27393
11090 56073
11091 19233
11092 59177
11093 58153
11094 60192
11095 49960
11096 25441
11097 17193
11098 19232
11099 19232
11100 49977
11101 49952
11102 58144
11103 28449
11104 17160
11105 51969
11106 27425
11107 54049
11108 25377
11109 49960
11110 27424
11111 27393
11112 52001
11113 27457
11114 27424
11115 49952
11116 54057
11117 55072
11118 17184
11119 55072
11120 54056
11121 60192
11122 55080
11123 50080
11124 19233
11125 19232
11126 17256
11127 25377
11128 59177
11129 62304
11130 52009
11131 51984
11132 49961
11133 27393
11134 17161
11135 49953
11136 27425
11137 25353
11138 55073
11139 56065
11140 27393
11141 19233
11142 55073
11143 27433
11144 19208
11145 58145
11146 60193
11147 62240
11148 57121
11149 49952
11150 58145
11151 27408
11152 49953
11153 19232
11154 19201
11155 54073
11156 52001
11157 19233
11158 52008
11159 49921
11160 19304
11161 25440
11162 39712
11163 17184
11164 62248
11165 56105
11166 58152
11167 58144
11168 49952
11169 49960
11170 28512
11171 54064
11172 54049
11173 49929
11174 27393
11175 53793
11176 19240
11177 19232
11178 54048
11179 19201
11180 58153
11181 52001
11182 54025
11183 49952
11184 27489
11185 25345
11186 49953
11187 49960
11188 17248
11189 27393
11190 49953
11191 49960
11192 27488
11193 19208
11194 49952
11195 25377
11196 25345
11197 49921
11198 49953
11199 60192
11200 52016
11201 54053
11202 27488
11203 58144
11204 49952
11205 55073
11206 57121
11207 19201
11208 19201
11209 27433
11210 52008
11211 52001
11212 54057
11213 28449
11214 51712
11215 19201
11216 19233
11217 19208
11218 58144
11219 19241
11220 62313
11221 58144
11222 58208
11223 55073
11224 55073
11225 54056
11226 17185
11227 58144
11228 49952
11229 19233
11230 49953
11231 19200
11232 60193
11233 54049
11234 60161
11235 53024
11236 27392
11237 52009
11238 19256
11239 56096
11240 19232
11241 27424
11242 50976
11243 58113
11244 49961
11245 27488
11246 49960
11247 49953
11248 50016
11249 25377
11250 25377
11251 25345
11252 25353
11253 58152
11254 58144
11255 54048
11256 17184
11257 49953
11258 25376
11259 62240
11260 61225
11261 53025
11262 49968
11263 17152
11264 62241
11265 54049
11266 19201
11267 19200
11268 52025
11269 55840
11270 52000
11271 60161
11272 27424
11273 19232
11274 54056
11275 49928
11276 27425
11277 58144
11278 54048
11279 54017
11280 56105
11281 49952
11282 25376
11283 58152
11284 25377
11285 58113
11286 19240
11287 61225
11288 56096
11289 54056
11290 62240
11291 19201
11292 58144
11293 27392
11294 19233
11295 59169
11296 25377
11297 17184
11298 52000
11299 58112
11300 25353
11301 54048
11302 53024
11303 62248
11304 49953
11305 56096
11306 49961
11307 58144
11308 58144
11309 60193
11310 27401
11311 19232
11312 58112
11313 49953
11314 19232
11315 62304
11316 60256
11317 52000
11318 49920
11319 17185
11320 56096
11321 19232
11322 2849
11323 27392
11324 49952
11325 57128
11326 58208
11327 56097
11328 49960
11329 55080
11330 54057
11331 19232
11332 54056
11333 54049
11334 25344
11335 49953
11336 55080
11337 61216
11338 17256
11339 25344
11340 54049
11341 25384
11342 18217
11343 59169
11344 52001
11345 25345
11346 17176
11347 49952
11348 63272
11349 49968
11350 49952
11351 54049
11352 60161
11353 60193
11354 49968
11355 25409
11356 27497
11357 54057
11358 52000
11359 49952
11360 25352
11361 54048
11362 59168
11363 17168
11364 19216
11365 56105
11366 49953
11367 54025
11368 25376
11369 27401
11370 49953
11371 59168
11372 65313
11373 53033
11374 25360
11375 55072
11376 54049
11377 54048
11378 55080
11379 53033
11380 49953
11381 58120
11382 39712
11383 49976
11384 27424
11385 58112
11386 63265
11387 49961
11388 49945
11389 27400
11390 52001
11391 17192
11392 59169
11393 60193
11394 58152
11395 49952
11396 49696
11397 56096
11398 49961
11399 19201
11400 54056
11401 54049
11402 58144
11403 54049
11404 51992
11405 58144
11406 25376
11407 17185
11408 49952
11409 19232
11410 17152
11411 56096
11412 17152
11413 52000
11414 55073
11415 20257
11416 26401
11417 65313
11418 62240
11419 25384
11420 54049
11421 54056
11422 25361
11423 49976
11424 19233
11425 52001
11426 50080
11427 19240
11428 54049
11429 25376
11430 52000
11431 21280
11432 27392
11433 56065
11434 58145
11435 58144
11436 19216
11437 52000
11438 19209
11439 18208
11440 51992
11441 52008
11442 59169
11443 49953
11444 54048
11445 58209
11446 58144
11447 49928
11448 17176
11449 49960
11450 20257
11451 50024
11452 58208
11453 25377
11454 52001
11455 49960
11456 54049
11457 27393
11458 54048
11459 58145
11460 27424
11461 59169
11462 52001
11463 17184
11464 51968
11465 49952
11466 27393
11467 62240
11468 19240
11469 27488
11470 28449
11471 25376
11472 49952
11473 59137
11474 63265
11475 54040
11476 27424
11477 57121
11478 19240
11479 50016
11480 17200
11481 25376
11482 19241
11483 49953
11484 58144
11485 27424
11486 58144
11487 19232
11488 58145
11489 49952
11490 58145
11491 49953
11492 49952
11493 19201
11494 52008
11495 52000
11496 49944
11497 19240
11498 50976
11499 52000
11500 58112
11501 19201
11502 17185
11503 25376
11504 52017
11505 57129
11506 27433
11507 19208
11508 27392
11509 19233
11510 54072
11511 57120
11512 19200
11513 58144
11514 25377
11515 26465
11516 19304
11517 59169
11518 49944
11519 17169
11520 50976
11521 17185
11522 19232
11523 59137
11524 55081
11525 27425
11526 25345
11527 25344
11528 25377
11529 49952
11530 54048
11531 60192
11532 27424
11533 52025
11534 49953
11535 58208
11536 54049
11537 63265
11538 60257
11539 25377
11540 27425
11541 56096
11542 25440
11543 58113
11544 19233
11545 58144
11546 28417
11547 52001
11548 17185
11549 49953
11550 60192
11551 27425
11552 19241
11553 52000
11554 25384
11555 49961
11556 52009
11557 27392
11558 52009
11559 52000
11560 19201
11561 27424
11562 19232
11563 19233
11564 19233
11565 25376
11566 19233
11567 63265
11568 25384
11569 62305
11570 49960
11571 54056
11572 54017
11573 54049
11574 19216
11575 63264
11576 60168
11577 17184
11578 19208
11579 54049
11580 27408
11581 56096
11582 17152
11583 58145
11584 17169
11585 27432
11586 17160
11587 27408
11588 58272
11589 49960
11590 17152
11591 54048
11592 28457
11593 49953
11594 17185
11595 28449
11596 56096
11597 19233
11598 54053
11599 49953
11600 25376
11601 27393
11602 19201
11603 55072
11604 19248
11605 60256
11606 59169
11607 25344
11608 52000
11609 49960
11610 17168
11611 19232
11612 60160
11613 54057
11614 58145
11615 27424
11616 23329
11617 58113
11618 60192
11619 19208
11620 49952
11621 25385
11622 19233
11623 19209
11624 49952
11625 27457
11626 54049
11627 58144
11628 17184
11629 64289
11630 59169
11631 27424
11632 58120
11633 49953
11634 49952
11635 19233
11636 54048
11637 27424
11638 52001
11639 25377
11640 25376
11641 49953
11642 60192
11643 17152
11644 58145
11645 19233
11646 17192
11647 54057
11648 54064
11649 62241
11650 62240
11651 52009
11652 17184
11653 54049
11654 54049
11655 25360
11656 58145
11657 25352
11658 65320
11659 49928
11660 63328
11661 27457
11662 49928
11663 19240
11664 27425
11665 58144
11666 28449
11667 17185
11668 17185
11669 56104
11670 63264
11671 52001
11672 54049
11673 54049
11674 49952
11675 60193
11676 19241
11677 50016
11678 25377
11679 59169
11680 60192
11681 58112
11682 19233
11683 52000
11684 19201
11685 27392
11686 49921
11687 27393
11688 25384
11689 63264
11690 49952
11691 54048
11692 55073
11693 25448
11694 58153
11695 27425
11696 58152
11697 25377
11698 17176
11699 55073
11700 17169
11701 25376
11702 25377
11703 19200
11704 19224
11705 62241
11706 25377
11707 27433
11708 58144
11709 2849
11710 49952
11711 49961
11712 56105
11713 58113
11714 25345
11715 19233
11716 52008
11717 49960
11718 52001
11719 62305
11720 49952
11721 27425
11722 54048
11723 19241
11724 19200
11725 58272
11726 52001
11727 58144
11728 27424
11729 25441
11730 49969
11731 56097
11732 19232
11733 52001
11734 54048
11735 28449
11736 27424
11737 60160
11738 59177
11739 52008
11740 52000
11741 56097
11742 51728
11743 54049
11744 19209
11745 28449
11746 60201
11747 55081
11748 56097
11749 19232
11750 17176
11751 49961
11752 49953
11753 58145
11754 27432
11755 19248
11756 54056
11757 19232
11758 54056
11759 27424
11760 54049
11761 59137
11762 54048
11763 52001
11764 58144
11765 49696
11766 49953
11767 21281
11768 19217
11769 25344
11770 52009
11771 21281
11772 19304
11773 54056
11774 58144
11775 52000
11776 60161
11777 63272
11778 18945
11779 51712
11780 49921
11781 25344
11782 17185
11783 56096
11784 52000
11785 54056
11786 17160
11787 54049
11788 19201
11789 52008
11790 54056
11791 27392
11792 17193
11793 25353
11794 19200
11795 49952
11796 62240
11797 57129
11798 58113
11799 52024
11800 63329
11801 49952
11802 19304
11803 19328
11804 52000
11805 58216
11806 52001
11807 17184
11808 59169
11809 27489
11810 25376
11811 55073
11812 27433
11813 54049
11814 19201
11815 17185
11816 52009
11817 25376
11818 49952
11819 51984
11820 49929
11821 26465
11822 25377
11823 62312
11824 58145
11825 56096
11826 49960
11827 49937
11828 25376
11829 62312
11830 19209
11831 52008
11832 49920
11833 49952
11834 25376
11835 49960
11836 17185
11837 25376
11838 59169
11839 54049
11840 58144
11841 27425
11842 25368
11843 52008
11844 49952
11845 19208
11846 19201
11847 54057
11848 25344
11849 27433
11850 54048
11851 56097
11852 27425
11853 19232
11854 17185
11855 55072
11856 19216
11857 17185
11858 52000
11859 19208
11860 28513
11861 27489
11862 60169
11863 54064
11864 62305
11865 60160
11866 26401
11867 49952
11868 25376
11869 27425
11870 17161
11871 19233
11872 58120
11873 49952
11874 52009
11875 27457
11876 49961
11877 55072
11878 19233
11879 58145
11880 54049
11881 27392
11882 63264
11883 39720
11884 52001
11885 56105
11886 52001
11887 50977
11888 49953
11889 39712
11890 25377
11891 49953
11892 58144
11893 60193
11894 56097
11895 56072
11896 27488
11897 52000
11898 25377
11899 19201
11900 19233
11901 27425
11902 58152
11903 54049
11904 27488
11905 27392
11906 52000
11907 52001
11908 19200
11909 19232
11910 59169
11911 20257
11912 25384
11913 58208
11914 58112
11915 58152
11916 20257
11917 56097
11918 49960
11919 25440
11920 51968
11921 57121
11922 62241
11923 25376
11924 50984
11925 28448
11926 54056
11927 19233
11928 54056
11929 49952
11930 39720
11931 58144
11932 54048
11933 51984
11934 62304
11935 27393
11936 52001
11937 60256
11938 52000
11939 54056
11940 59168
11941 51984
11942 51992
11943 49952
11944 58145
11945 58112
11946 19233
11947 19232
11948 49960
11949 58152
11950 51992
11951 58145
11952 19232
11953 49960
11954 49920
11955 19232
11956 54065
11957 25376
11958 62241
11959 61217
11960 52009
11961 62304
11962 60192
11963 58145
11964 51969
11965 25377
11966 19209
11967 51993
11968 54048
11969 49953
11970 57129
11971 58145
11972 61185
11973 49945
11974 27393
11975 58145
11976 58145
11977 58144
11978 52001
11979 60160
11980 49960
11981 49952
11982 60168
11983 49961
11984 58144
11985 58144
11986 19208
11987 25376
11988 49929
11989 52000
11990 25353
11991 27425
11992 52025
11993 25376
11994 19233
11995 54056
11996 52001
11997 49952
11998 56097
11999 49953
12000 49920
12001 19201
12002 27424
12003 56064
12004 25377
12005 59169
12006 25385
12007 27393
12008 53793
12009 58145
12010 52000
12011 28457
12012 19208
12013 50976
12014 25345
12015 25376
12016 62241
12017 17160
12018 55073
12019 63273
12020 54048
12021 59137
12022 50976
12023 54048
12024 54056
12025 27424
12026 49976
12027 60200
12028 49953
12029 52001
12030 58152
12031 58144
12032 51968
12033 25377
12034 27424
12035 58144
12036 25376
12037 25344
12038 25376
12039 59177
12040 56096
12041 49952
12042 26401
12043 17184
12044 25385
12045 55080
12046 60192
12047 27425
12048 50977
12049 60192
12050 51992
12051 19200
12052 55072
12053 58144
12054 25440
12055 49952
12056 58120
12057 62312
12058 58216
12059 25352
12060 54016
12061 49976
12062 49961
12063 60161
12064 27433
12065 27433
12066 50080
12067 51968
12068 54049
12069 49952
12070 17185
12071 52001
12072 52000
12073 54048
12074 49928
12075 58112
12076 52001
12077 55072
12078 25376
12079 52001
12080 27432
12081 60193
12082 27497
12083 19209
12084 58145
12085 54048
12086 49961
12087 60192
12088 49953
12089 49953
12090 49953
12091 54057
12092 54048
12093 17192
12094 49952
12095 49961
12096 25376
12097 25344
12098 52017
12099 19232
12100 26400
12101 17160
12102 25440
12103 27392
12104 27424
12105 49953
12106 27424
12107 54112
12108 17185
12109 17192
12110 49953
12111 53024
12112 25376
12113 25440
12114 58144
12115 58144
12116 17185
12117 58216
12118 27425
12119 27393
12120 49952
12121 58145
12122 17185
12123 54056
12124 54048
12125 19233
12126 20256
12127 52009
12128 49952
12129 28449
12130 63265
12131 52001
12132 17193
12133 65312
12134 19296
12135 53024
12136 54048
12137 54049
12138 17177
12139 17160
12140 55073
12141 21288
12142 17152
12143 52008
12144 18977
12145 17200
12146 54056
12147 17152
12148 49953
12149 54048
12150 25377
12151 27488
12152 60193
12153 49960
12154 52001
12155 53025
12156 17184
12157 62241
12158 56096
12159 25376
12160 25376
12161 49920
12162 56105
12163 19201
12164 58144
12165 62241
12166 52008
12167 54057
12168 25384
12169 58145
12170 19209
12171 60200
12172 19232
12173 27393
12174 25376
12175 60257
12176 27393
12177 58145
12178 60193
12179 52001
12180 52000
12181 19200
12182 59232
12183 17152
12184 52001
12185 25448
12186 27401
12187 62241
12188 49953
12189 60192
12190 49953
12191 25385
12192 52001
12193 58145
12194 19201
12195 56104
12196 49976
12197 58145
12198 56097
12199 27496
12200 27425
12201 56064
12202 25376
12203 54048
12204 49952
12205 17176
12206 60192
12207 60192
12208 54056
12209 58121
12210 26401
12211 58144
12212 49953
12213 58113
12214 25441
12215 19241
12216 55080
12217 54072
12218 59177
12219 52001
12220 27400
12221 25376
12222 54072
12223 58144
12224 49952
12225 27392
12226 25377
12227 27393
12228 19233
12229 19233
12230 54049
12231 63264
12232 23329
12233 49953
12234 27392
12235 54048
12236 59168
12237 19232
12238 51969
12239 52008
12240 56105
12241 25376
12242 49952
12243 25376
12244 27392
12245 19232
12246 58145
12247 54048
12248 59169
12249 19232
12250 49944
12251 25409
12252 49953
12253 25377
12254 49952
12255 49952
12256 27392
12257 17161
12258 25376
12259 17161
12260 25376
12261 54048
12262 49952
12263 49953
12264 49952
12265 58144
12266 17168
12267 49936
12268 49952
12269 25449
12270 55080
12271 18977
12272 56097
12273 25377
12274 61217
12275 58144
12276 49953
12277 26465
12278 58153
12279 58272
12280 54056
12281 62249
12282 50984
12283 54048
12284 56113
12285 49953
12286 49960
12287 19232
12288 58216
12289 49952
12290 62248
12291 58176
12292 54048
12293 27425
12294 27393
12295 25376
12296 58112
12297 49928
12298 17184
12299 25440
12300 25440
12301 62241
12302 49952
12303 49961
12304 58113
12305 18944
12306 27489
12307 59169
12308 49968
12309 19232
12310 54049
12311 27392
12312 26408
12313 19232
12314 59233
12315 49952
12316 58153
12317 25384
12318 55073
12319 19232
12320 58145
12321 65312
12322 27393
12323 63265
12324 27425
12325 58145
12326 58144
12327 54057
12328 49952
12329 49976
12330 52000
12331 25352
12332 58145
12333 58144
12334 26401
12335 59168
12336 59168
12337 25376
12338 54048
12339 19233
12340 54048
12341 17185
12342 60192
12343 19232
12344 55073
12345 27432
12346 17192
12347 54049
12348 54048
12349 49953
12350 19233
12351 49953
12352 54049
12353 59232
12354 59169
12355 58145
12356 25377
12357 49953
12358 25377
12359 27392
12360 49953
12361 58152
12362 58272
12363 19200
12364 55081
12365 49952
12366 49961
12367 25377
12368 58152
12369 58145
12370 50977
12371 18209
12372 49952
12373 27433
12374 27424
12375 63273
12376 58121
12377 53024
12378 25377
12379 25377
12380 52000
12381 25376
12382 52008
12383 58121
12384 27425
12385 17184
12386 49952
12387 49961
12388 52016
12389 49961
12390 27425
12391 52001
12392 25345
12393 27425
12394 27393
12395 19232
12396 59168
12397 49952
12398 49920
12399 27424
12400 57120
12401 60192
12402 52000
12403 25440
12404 61216
12405 17177
12406 59169
12407 54056
12408 49953
12409 61216
12410 52009
12411 19240
12412 58145
12413 19233
12414 27424
12415 27393
12416 52000
12417 58145
12418 59168
12419 49952
12420 57120
12421 49929
12422 20256
12423 19232
12424 17153
12425 64289
12426 62240
12427 58144
12428 54056
12429 52008
12430 52008
12431 25377
12432 56096
12433 58145
12434 25376
12435 26465
12436 25377
12437 52000
12438 17184
12439 51969
12440 49928
12441 27425
12442 55072
12443 56105
12444 49961
12445 25377
12446 64296
12447 49968
12448 19328
12449 61217
12450 58144
12451 57121
12452 54056
12453 58152
12454 65321
12455 17189
12456 19233
12457 56097
12458 25377
12459 25344
12460 49952
12461 58145
12462 54048
12463 50024
12464 17160
12465 58145
12466 58152
12467 54072
12468 52009
12469 49952
12470 17152
12471 54057
12472 49961
12473 53025
12474 61217
12475 54056
12476 19232
12477 49953
12478 58145
12479 19240
12480 19240
12481 49952
12482 19232
12483 19241
12484 25377
12485 58145
12486 58113
12487 19216
12488 58144
12489 58144
12490 49953
12491 61225
12492 17184
12493 62312
12494 54048
12495 62240
12496 58209
12497 52000
12498 49952
12499 27400
12500 52009
12501 49937
12502 25376
12503 25344
12504 52009
12505 54056
12506 52000
12507 19232
12508 54048
12509 25345
12510 55080
12511 19201
12512 27424
12513 55072
12514 56097
12515 49953
12516 61217
12517 27424
12518 54049
12519 50977
12520 49960
12521 39712
12522 27424
12523 55072
12524 25440
12525 58209
12526 52000
12527 54056
12528 49952
12529 17185
12530 61280
12531 54025
12532 54056
12533 27424
12534 25376
12535 27424
12536 65312
12537 17185
12538 19328
12539 27424
12540 27424
12541 25360
12542 58144
12543 56104
12544 54049
12545 26401
12546 52001
12547 49952
12548 49960
12549 25384
12550 17184
12551 63265
12552 50977
12553 51992
12554 25441
12555 19208
12556 19209
12557 54057
12558 19233
12559 58113
12560 58152
12561 27425
12562 50976
12563 28448
12564 52000
12565 27425
12566 25376
12567 19200
12568 49944
12569 49921
12570 17184
12571 62241
12572 52001
12573 58145
12574 53025
12575 62241
12576 54048
12577 54056
12578 51992
12579 58145
12580 25384
12581 58145
12582 62312
12583 56104
12584 49953
12585 49952
12586 58145
12587 25376
12588 55080
12589 25376
12590 54048
12591 53033
12592 54048
12593 27425
12594 63272
12595 58128
12596 25440
12597 19201
12598 58145
12599 52001
12600 56072
12601 56104
12602 58144
12603 23328
12604 49952
12605 25376
12606 58144
12607 27424
12608 27488
12609 58145
12610 58145
12611 19201
12612 25384
12613 54048
12614 49952
12615 57121
12616 19240
12617 19296
12618 58112
12619 25377
12620 19208
12621 17185
12622 25376
12623 58112
12624 58144
12625 28448
12626 54048
12627 58112
12628 25344
12629 27432
12630 20257
12631 54048
12632 27464
12633 49953
12634 27393
12635 49960
12636 26401
12637 54056
12638 49952
12639 49952
12640 49936
12641 27392
12642 61217
12643 56096
12644 54049
12645 56096
12646 25441
12647 56097
12648 25376
12649 59168
12650 49969
12651 54048
12652 62240
12653 25376
12654 19233
12655 58145
12656 27425
12657 54072
12658 17184
12659 27393
12660 49952
12661 60201
12662 25376
12663 58153
12664 27424
12665 58144
12666 57120
12667 58144
12668 19240
12669 49968
12670 25376
12671 26465
12672 25377
12673 21280
12674 17184
12675 19232
12676 27400
12677 25376
12678 27425
12679 17185
12680 17200
12681 17185
12682 58144
12683 58209
12684 59168
12685 52008
12686 54048
12687 60161
12688 53025
12689 58144
12690 54049
12691 56096
12692 61217
12693 58145
12694 19248
12695 58112
12696 19208
12697 63265
12698 59176
12699 27425
12700 26465
12701 60192
12702 20264
12703 27425
12704 26401
12705 59168
12706 62240
12707 19233
12708 25376
12709 25440
12710 27425
12711 58144
12712 51969
12713 56096
12714 25384
12715 49952
12716 21288
12717 58208
12718 49952
12719 25376
12720 27425
12721 21288
12722 19201
12723 19233
12724 27425
12725 49953
12726 18216
12727 54057
12728 58145
12729 58216
12730 61217
12731 52000
12732 25385
12733 25377
12734 56097
12735 49961
12736 25376
12737 20256
12738 53025
12739 58144
12740 58144
12741 19201
12742 28448
12743 49977
12744 51969
12745 63273
12746 54048
12747 58144
12748 58120
12749 57121
12750 56097
12751 59169
12752 58152
12753 60168
12754 60192
12755 25376
12756 25376
12757 19233
12758 54048
12759 27488
12760 54049
12761 60160
12762 62241
12763 25448
12764 17185
12765 17185
12766 25345
12767 54048
12768 54057
12769 27425
12770 27425
12771 25376
12772 27392
12773 19233
12774 52000
12775 49952
12776 17176
12777 58112
12778 60193
12779 27425
12780 49952
12781 17185
12782 59168
12783 19233
12784 63265
12785 55073
12786 25376
12787 27400
12788 25345
12789 60193
12790 17185
12791 25377
12792 17160
12793 52009
12794 25377
12795 62240
12796 19233
12797 19200
12798 54049
12799 17184
12800 27488
12801 49952
12802 25376
12803 49952
12804 27425
12805 57121
12806 51985
12807 25416
12808 55073
12809 51968
12810 27424
12811 27400
12812 27425
12813 54040
12814 58113
12815 25377
12816 25377
12817 52008
12818 54057
12819 23328
12820 60161
12821 54056
12822 54048
12823 27425
12824 49953
12825 62240
12826 52000
12827 27432
12828 17184
12829 62241
12830 56097
12831 58145
12832 56097
12833 25440
12834 19201
12835 27425
12836 51976
12837 54056
12838 49953
12839 19233
12840 25440
12841 56097
12842 50976
12843 17185
12844 49952
12845 25377
12846 65320
12847 27425
12848 19233
12849 19256
12850 58144
12851 62240
12852 25377
12853 25352
12854 58152
12855 17184
12856 19241
12857 27457
12858 49952
12859 62241
12860 56105
12861 2849
12862 54048
12863 54048
12864 52009
12865 19208
12866 25376
12867 58216
12868 27393
12869 58144
12870 52000
12871 58144
12872 62241
12873 19208
12874 49960
12875 60193
12876 60257
12877 54072
12878 49960
12879 58208
12880 52000
12881 54048
12882 58145
12883 28512
12884 50977
12885 25376
12886 52000
12887 52000
12888 49952
12889 58208
12890 25345
12891 52001
12892 2849
12893 17185
12894 19208
12895 60192
12896 17192
12897 21288
12898 60160
12899 49952
12900 56096
12901 17184
12902 19233
12903 52016
12904 19208
12905 19248
12906 49961
12907 17185
12908 54056
12909 27425
12910 62304
12911 27432
12912 62240
12913 50976
12914 53033
12915 17189
12916 19241
12917 17185
12918 49957
12919 54048
12920 28449
12921 54049
12922 60160
12923 54048
12924 52000
12925 49928
12926 58113
12927 49952
12928 49961
12929 56097
12930 19241
12931 49953
12932 49952
12933 55080
12934 19201
12935 19232
12936 51968
12937 25345
12938 49920
12939 27425
12940 60193
12941 58145
12942 19200
12943 25377
12944 56096
12945 27552
12946 60192
12947 55073
12948 19201
12949 19256
12950 57129
12951 52000
12952 60200
12953 49953
12954 51976
12955 61185
12956 27425
12957 19224
12958 17185
12959 55072
12960 52008
12961 54048
12962 28417
12963 55073
12964 17168
12965 27425
12966 58152
12967 58152
12968 58144
12969 54057
12970 58145
12971 49952
12972 49952
12973 58216
12974 62313
12975 17185
12976 18208
12977 49952
12978 58144
12979 61216
12980 50016
12981 25377
12982 63265
12983 54049
12984 62304
12985 49952
12986 58144
12987 49961
12988 19232
12989 54057
12990 52008
12991 60200
12992 52008
12993 58113
12994 17185
12995 58145
12996 27393
12997 49952
12998 27425
12999 58145
13000 26401
13001 58144
13002 17184
13003 19208
13004 51976
13005 54056
13006 27424
13007 19225
13008 25377
13009 19233
13010 58144
13011 25376
13012 52001
13013 60193
13014 52000
13015 58208
13016 58145
13017 25385
13018 49953
13019 52001
13020 56105
13021 25449
13022 25441
13023 52001
13024 17153
13025 25376
13026 56096
13027 58145
13028 60193
13029 49953
13030 49952
13031 49953
13032 59137
13033 60192
13034 49952
13035 55072
13036 19201
13037 27392
13038 54057
13039 49952
13040 58208
13041 49952
13042 49953
13043 23329
13044 27488
13045 49952
13046 58145
13047 53025
13048 54057
13049 59168
13050 58216
13051 25449
13052 54064
13053 60169
13054 18209
13055 53025
13056 27489
13057 55073
13058 19201
13059 58120
13060 27432
13061 58144
13062 49952
13063 27424
13064 65321
13065 61225
13066 17161
13067 25440
13068 27425
13069 52009
13070 58216
13071 25448
13072 58272
13073 49953
13074 49952
13075 54049
13076 58145
13077 27425
13078 27425
13079 60193
13080 19233
13081 58144
13082 27393
13083 61216
13084 25344
13085 17184
13086 49960
13087 49953
13088 49920
13089 49952
13090 54056
13091 19233
13092 54016
13093 27424
13094 25376
13095 58145
13096 27401
13097 58145
13098 59169
13099 54056
13100 54049
13101 17200
13102 52001
13103 19200
13104 25377
13105 25376
13106 52001
13107 49952
13108 25384
13109 21280
13110 52001
13111 58145
13112 17152
13113 58145
13114 49960
13115 54073
13116 49921
13117 49952
13118 60193
13119 62241
13120 25377
13121 54056
13122 17153
13123 56104
13124 25377
13125 25376
13126 52001
13127 56097
13128 17185
13129 62312
13130 58144
13131 58145
13132 27433
13133 52000
13134 60192
13135 58144
13136 50977
13137 49953
13138 54048
13139 17184
13140 51968
13141 25384
13142 49952
13143 27393
13144 52000
13145 17161
13146 25376
13147 58209
13148 60192
13149 19232
13150 60193
13151 56105
13152 54057
13153 27392
13154 63264
13155 49960
13156 49960
13157 55080
13158 19232
13159 49960
13160 49953
13161 62241
13162 25377
13163 49953
13164 58144
13165 54049
13166 62240
13167 59169
13168 26408
13169 19241
13170 63264
13171 49953
13172 56096
13173 25377
13174 58144
13175 61216
13176 60160
13177 51969
13178 58145
13179 58208
13180 49945
13181 49936
13182 62304
13183 19200
13184 19232
13185 25377
13186 19233
13187 55840
13188 54048
13189 17185
13190 54024
13191 54025
13192 19233
13193 27392
13194 19232
13195 59137
13196 52001
13197 58145
13198 49945
13199 19200
13200 25376
13201 27425
13202 60193
13203 25345
13204 56097
13205 64288
13206 27424
13207 28449
13208 19200
13209 19232
13210 58152
13211 17184
13212 19224
13213 39712
13214 17184
13215 58208
13216 55073
13217 49952
13218 17184
13219 54072
13220 25377
13221 54016
13222 19240
13223 27392
13224 58145
13225 49953
13226 60192
13227 54053
13228 62240
13229 54112
13230 52017
13231 19200
13232 52000
13233 17192
13234 61281
13235 27425
13236 39712
13237 53025
13238 25440
13239 27425
13240 60161
13241 27424
13242 52001
13243 55072
13244 58209
13245 61217
13246 56104
13247 19232
13248 52001
13249 54049
13250 56097
13251 58144
13252 54056
13253 19201
13254 19233
13255 49952
13256 60168
13257 58209
13258 25384
13259 23329
13260 49960
13261 60160
13262 19200
13263 19233
13264 23329
13265 52001
13266 58208
13267 52001
13268 49968
13269 19233
13270 19241
13271 58144
13272 26400
13273 58144
13274 49952
13275 52009
13276 56097
13277 58272
13278 58112
13279 17160
13280 54056
13281 54056
13282 52000
13283 54048
13284 19225
13285 27425
13286 19233
13287 27392
13288 61185
13289 62248
13290 58144
13291 52001
13292 19240
13293 19233
13294 52001
13295 19201
13296 54049
13297 59169
13298 17185
13299 19232
13300 18208
13301 52001
13302 56104
13303 19233
13304 17184
13305 60169
13306 27392
13307 58112
13308 25384
13309 19248
13310 56097
13311 54057
13312 20257
13313 49952
13314 52000
13315 49961
13316 52001
13317 49960
13318 54049
13319 27425
13320 28417
13321 60168
13322 59168
13323 60200
13324 54049
13325 59232
13326 58144
13327 25377
13328 49952
13329 60192
13330 28449
13331 20265
13332 25376
13333 53033
13334 62312
13335 19296
13336 56097
13337 54048
13338 19232
13339 19232
13340 57129
13341 19304
13342 52000
13343 19233
13344 25385
13345 53024
13346 19200
13347 52016
13348 49960
13349 19232
13350 60193
13351 63265
13352 61216
13353 19233
13354 49961
13355 49953
13356 19201
13357 49952
13358 61217
13359 54049
13360 49953
13361 49952
13362 58152
13363 19201
13364 54057
13365 49952
13366 60192
13367 52008
13368 51968
13369 54048
13370 25376
13371 56096
13372 17192
13373 25345
13374 19233
13375 58208
13376 58128
13377 56097
13378 58208
13379 25344
13380 27392
13381 17200
13382 25352
13383 50976
13384 49960
13385 27488
13386 51969
13387 49961
13388 49952
13389 25376
13390 54048
13391 19240
13392 19232
13393 52001
13394 27497
13395 27425
13396 54016
13397 19328
13398 54048
13399 58145
13400 27424
13401 19209
13402 51968
13403 17160
13404 51984
13405 25376
13406 60169
13407 19208
13408 19232
13409 60192
13410 25376
13411 19240
13412 49921
13413 58144
13414 49952
13415 27392
13416 49953
13417 55081
13418 19201
13419 49960
13420 60160
13421 49953
13422 25377
13423 27392
13424 27392
13425 62312
13426 28449
13427 51968
13428 27392
13429 25344
13430 56105
13431 56104
13432 25377
13433 25352
13434 19209
13435 60192
13436 25377
13437 19232
13438 49953
13439 54049
13440 25376
13441 58145
13442 55841
13443 27425
13444 17184
13445 20257
13446 17185
13447 25376
13448 19240
13449 19233
13450 26464
13451 19232
13452 51969
13453 52001
13454 27488
13455 49953
13456 19224
13457 54073
13458 49953
13459 51976
13460 54049
13461 19296
13462 59177
13463 50080
13464 49953
13465 58152
13466 54064
13467 58153
13468 27393
13469 49953
13470 27424
13471 59169
13472 49953
13473 19240
13474 60169
13475 19233
13476 19208
13477 27456
13478 20257
13479 25376
13480 25440
13481 52001
13482 59232
13483 49976
13484 49953
13485 50984
13486 58112
13487 52000
13488 27393
13489 27392
13490 17169
13491 28456
13492 27496
13493 25377
13494 49944
13495 27425
13496 19233
13497 18209
13498 58144
13499 49969
13500 21288
13501 49952
13502 49952
13503 55073
13504 54048
13505 51969
13506 49952
13507 62240
13508 58209
13509 59169
13510 49953
13511 63265
13512 54048
13513 60192
13514 58112
13515 17185
13516 17184
13517 58217
13518 56104
13519 25352
13520 19240
13521 58112
13522 17192
13523 49960
13524 52000
13525 51992
13526 49960
13527 60193
13528 54057
13529 19240
13530 49953
13531 27424
13532 54048
13533 19232
13534 59169
13535 49952
13536 62249
13537 18217
13538 54048
13539 49952
13540 56096
13541 49953
13542 25352
13543 54048
13544 58145
13545 51969
13546 19240
13547 52000
13548 59176
13549 19233
13550 49953
13551 60192
13552 58144
13553 57120
13554 25440
13555 25344
13556 49952
13557 25376
13558 28457
13559 54049
13560 25376
13561 49960
13562 27400
13563 25360
13564 17185
13565 27425
13566 26400
13567 17176
13568 54040
13569 28448
13570 49953
13571 50977
13572 54056
13573 27424
13574 51976
13575 49953
13576 49952
13577 19225
13578 52008
13579 49952
13580 52001
13581 54048
13582 58120
13583 17184
13584 27425
13585 55073
13586 58153
13587 19233
13588 19248
13589 55072
13590 27393
13591 52000
13592 49960
13593 49952
13594 60193
13595 49952
13596 57121
13597 58152
13598 19225
13599 55081
13600 19233
13601 18976
13602 58145
13603 19233
13604 19248
13605 55072
13606 49952
13607 52008
13608 19233
13609 17185
13610 58208
13611 60192
13612 25376
13613 52009
13614 17184
13615 62304
13616 54056
13617 49952
13618 49952
13619 49976
13620 58144
13621 56105
13622 62249
13623 58152
13624 49952
13625 17184
13626 25377
13627 56096
13628 49953
13629 58144
13630 27424
13631 63329
13632 17152
13633 17184
13634 58144
13635 17184
13636 27392
13637 25440
13638 60192
13639 28457
13640 52000
13641 49952
13642 58113
13643 28417
13644 25376
13645 58145
13646 54064
13647 65313
13648 52001
13649 49952
13650 19240
13651 60193
13652 18209
13653 58145
13654 49953
13655 17184
13656 54049
13657 62241
13658 19201
13659 49952
13660 54049
13661 25376
13662 27392
13663 52001
13664 19232
13665 49936
13666 54048
13667 54056
13668 19240
13669 62241
13670 19248
13671 49961
13672 49952
13673 19233
13674 62304
13675 56097
13676 17184
13677 50080
13678 19232
13679 19232
13680 49953
13681 59169
13682 25376
13683 27392
13684 58144
13685 58144
13686 17184
13687 19201
13688 49928
13689 63265
13690 25376
13691 17152
13692 18208
13693 60201
13694 25384
13695 50976
13696 49953
13697 17192
13698 58144
13699 49960
13700 49952
13701 25376
13702 54056
13703 19232
13704 19208
13705 25385
13706 49961
13707 52001
13708 25376
13709 19233
13710 54048
13711 27401
13712 59168
13713 49952
13714 58145
13715 56104
13716 61217
13717 49953
13718 27425
13719 27425
13720 23329
13721 25440
13722 58145
13723 58145
13724 19225
13725 54057
13726 25376
13727 51976
13728 28449
13729 61224
13730 25376
13731 19241
13732 58113
13733 58217
13734 55072
13735 56096
13736 27489
13737 54048
13738 17153
13739 25384
13740 2849
13741 17184
13742 51969
13743 19208
13744 56104
13745 58145
13746 49952
13747 17160
13748 58145
13749 52000
13750 62241
13751 60257
13752 54056
13753 25344
13754 27393
13755 58113
13756 27393
13757 65313
13758 19233
13759 58145
13760 52001
13761 49953
13762 60169
13763 17153
13764 25377
13765 63264
13766 62240
13767 52001
13768 63272
13769 27401
13770 49944
13771 27433
13772 56096
13773 17193
13774 49960
13775 54049
13776 50977
13777 49952
13778 54049
13779 19200
13780 52001
13781 55072
13782 27425
13783 25377
13784 62313
13785 58144
13786 27392
13787 63273
13788 19232
13789 58144
13790 60160
13791 58144
13792 58144
13793 54049
13794 49952
13795 58144
13796 51977
13797 59169
13798 58112
13799 27393
13800 27488
13801 19233
13802 56105
13803 27424
13804 54024
13805 17176
13806 25385
13807 25376
13808 60161
13809 58144
13810 25377
13811 58144
13812 25344
13813 19201
13814 62240
13815 63264
13816 19224
13817 25384
13818 52000
13819 17192
13820 54049
13821 25345
13822 25376
13823 58152
13824 49937
13825 49976
13826 27488
13827 54048
13828 54048
13829 51969
13830 58144
13831 19232
13832 17152
13833 49960
13834 50977
13835 54048
13836 27425
13837 58144
13838 56104
13839 54048
13840 58144
13841 17184
13842 27137
13843 17193
13844 51976
13845 55072
13846 26401
13847 49952
13848 17192
13849 60161
13850 49921
13851 57120
13852 49952
13853 59169
13854 54073
13855 57121
13856 49952
13857 57129
13858 55073
13859 58120
13860 57121
13861 19233
13862 62240
13863 49944
13864 58152
13865 50080
13866 17169
13867 49945
13868 19232
13869 52000
13870 60193
13871 19233
13872 19232
13873 58153
13874 51969
13875 60192
13876 17189
13877 49920
13878 17192
13879 56097
13880 50985
13881 60160
13882 26400
13883 49952
13884 19232
13885 55072
13886 25376
13887 17192
13888 58145
13889 19201
13890 56097
13891 62240
13892 52001
13893 62240
13894 49920
13895 49952
13896 19233
13897 60169
13898 54056
13899 17184
13900 54056
13901 19233
13902 62240
13903 61280
13904 53025
13905 25344
13906 19216
13907 55080
13908 49929
13909 58152
13910 49960
13911 25440
13912 52000
13913 49953
13914 57120
13915 51993
13916 19232
13917 58144
13918 49976
13919 60200
13920 26409
13921 19233
13922 54024
13923 19233
13924 19233
13925 17184
13926 27393
13927 19232
13928 17176
13929 25376
13930 23329
13931 49953
13932 54048
13933 25352
13934 19232
13935 54048
13936 49960
13937 27400
13938 56065
13939 58152
13940 52008
13941 49936
13942 60200
13943 49952
13944 25377
13945 54048
13946 60192
13947 49961
13948 49953
13949 55072
13950 56104
13951 54049
13952 58144
13953 58145
13954 49952
13955 25376
13956 49952
13957 26401
13958 26401
13959 20257
13960 49945
13961 19233
13962 58144
13963 49953
13964 49960
13965 27425
13966 49953
13967 21281
13968 61217
13969 19240
13970 27400
13971 51976
13972 60193
13973 54049
13974 54064
13975 56096
13976 49961
13977 50977
13978 56112
13979 19232
13980 49952
13981 17185
13982 49953
13983 25376
13984 27425
13985 49953
13986 54056
13987 49953
13988 25376
13989 62240
13990 60161
13991 49921
13992 58144
13993 54049
13994 21280
13995 17185
13996 27392
13997 27392
13998 58145
13999 52001
14000 27464
14001 60168
14002 17185
14003 60168
14004 54049
14005 64296
14006 49952
14007 54048
14008 52001
14009 56065
14010 58144
14011 49952
14012 58144
14013 17192
14014 49952
14015 19232
14016 61217
14017 54049
14018 49960
14019 60193
14020 17153
14021 58208
14022 58145
14023 27488
14024 27393
14025 53024
14026 19241
14027 49953
14028 49961
14029 17169
14030 60193
14031 55072
14032 51969
14033 20264
14034 19209
14035 49952
14036 55081
14037 17208
14038 55080
14039 52001
14040 19232
14041 49952
14042 17152
14043 49952
14044 52000
14045 58120
14046 19232
14047 54053
14048 17184
14049 54057
14050 56113
14051 49952
14052 52000
14053 25385
14054 59176
14055 25376
14056 55072
14057 26401
14058 19240
14059 49961
14060 56097
14061 53025
14062 17208
14063 25377
14064 52001
14065 60193
14066 19232
14067 19233
14068 19209
14069 25409
14070 25361
14071 58145
14072 59169
14073 25376
14074 49953
14075 58145
14076 49953
14077 57129
14078 62240
14079 17192
14080 18217
14081 54049
14082 27425
14083 27393
14084 25377
14085 49928
14086 17185
14087 63273
14088 19233
14089 27425
14090 17192
14091 26400
14092 64289
14093 25376
14094 52009
14095 19232
14096 49952
14097 39712
14098 54056
14099 19233
14100 58209
14101 54048
14102 49921
14103 52000
14104 58145
14105 25440
14106 55080
14107 49953
14108 58145
14109 59169
14110 61281
14111 19232
14112 60192
14113 58145
14114 25448
14115 49953
14116 58208
14117 58152
14118 17193
14119 49952
14120 17185
14121 49696
14122 49977
14123 54048
14124 56096
14125 51985
14126 27424
14127 52001
14128 27425
14129 59177
14130 58152
14131 25440
14132 54056
14133 49920
14134 17184
14135 52000
14136 49960
14137 51968
14138 25376
14139 25376
14140 58144
14141 27424
14142 25345
14143 49968
14144 17185
14145 17160
14146 49921
14147 55080
14148 58144
14149 25376
14150 52008
14151 58144
14152 55073
14153 19200
14154 27424
14155 62248
14156 54072
14157 19233
14158 56097
14159 49953
14160 54056
14161 39712
14162 56097
14163 54048
14164 19241
14165 57121
14166 52001
14167 49953
14168 58216
14169 27425
14170 51712
14171 52008
14172 25384
14173 55073
14174 21288
14175 54048
14176 59168
14177 51993
14178 17160
14179 28449
14180 58145
14181 49952
14182 19232
14183 17185
14184 60192
14185 27425
14186 58144
14187 19201
14188 27488
14189 18976
14190 49952
14191 25344
14192 52000
14193 27393
14194 58113
14195 54056
14196 58145
14197 17184
14198 27393
14199 56105
14200 58145
14201 51969
14202 57121
14203 19233
14204 54049
14205 19224
14206 25376
14207 25377
14208 58144
14209 49952
14210 52008
14211 25377
14212 28417
14213 49953
14214 57120
14215 19233
14216 56096
14217 19233
14218 54048
14219 21280
14220 19328
14221 49952
14222 55080
14223 17200
14224 58144
14225 54049
14226 19200
14227 49952
14228 49952
14229 25376
14230 52001
14231 49960
14232 58144
14233 54057
14234 49960
14235 25344
14236 54056
14237 49961
14238 25377
14239 54049
14240 25377
14241 58145
14242 25377
14243 60193
14244 58144
14245 25344
14246 25377
14247 55073
14248 50984
14249 58145
14250 54016
14251 55072
14252 54053
14253 49952
14254 58145
14255 27401
14256 55080
14257 64289
14258 62241
14259 49952
14260 19240
14261 59232
14262 19233
14263 18208
14264 58144
14265 27488
14266 49976
14267 56096
14268 61280
14269 17200
14270 60200
14271 25376
14272 49953
14273 52000
14274 49953
14275 49944
14276 58120
14277 49953
14278 25377
14279 49936
14280 58113
14281 57120
14282 60193
14283 52009
14284 52001
14285 49953
14286 55073
14287 19232
14288 52009
14289 49961
14290 52000
14291 58152
14292 17184
14293 58145
14294 58153
14295 58144
14296 65320
14297 49945
14298 54072
14299 49953
14300 58209
14301 54025
14302 60192
14303 49960
14304 63265
14305 51969
14306 17192
14307 19233
14308 55081
14309 27425
14310 58145
14311 17160
14312 62240
14313 27425
14314 56088
14315 58121
14316 51969
14317 54048
14318 25376
14319 52000
14320 60168
14321 49928
14322 25376
14323 27424
14324 54049
14325 52001
14326 62240
14327 52001
14328 58144
14329 25352
14330 19233
14331 56097
14332 62241
14333 55073
14334 64289
14335 55073
14336 62249
14337 54048
14338 26409
14339 27425
14340 55073
14341 62240
14342 56097
14343 51984
14344 60193
14345 54048
14346 19232
14347 60160
14348 19232
14349 49952
14350 17184
14351 59168
14352 58113
14353 56096
14354 25376
14355 51977
14356 19240
14357 62241
14358 19240
14359 19233
14360 49936
14361 56097
14362 54056
14363 51969
14364 54049
14365 58209
14366 56097
14367 49952
14368 17184
14369 51969
14370 19233
14371 56097
14372 27425
14373 19200
14374 58152
14375 28449
14376 55072
14377 54057
14378 25409
14379 27425
14380 49952
14381 52000
14382 52001
14383 58152
14384 54056
14385 49921
14386 54048
14387 55081
14388 55073
14389 25377
14390 58144
14391 52000
14392 27425
14393 25353
14394 49977
14395 58144
14396 49952
14397 54024
14398 27425
14399 60200
14400 60257
14401 54040
14402 54048
14403 17185
14404 28449
14405 19200
14406 60192
14407 58144
14408 59168
14409 52001
14410 49953
14411 2849
14412 55081
14413 27393
14414 19296
14415 62240
14416 58113
14417 56112
14418 54049
14419 27393
14420 59169
14421 52000
14422 51984
14423 51984
14424 49960
14425 56072
14426 58145
14427 49968
14428 53025
14429 28449
14430 17185
14431 52001
14432 52001
14433 25377
14434 54049
14435 56097
14436 27433
14437 61216
14438 17184
14439 62241
14440 19240
14441 19233
14442 60193
14443 19209
14444 49960
14445 51968
14446 27425
14447 53025
14448 58145
14449 55081
14450 58144
14451 59169
14452 52000
14453 55073
14454 58209
14455 58144
14456 58144
14457 49953
14458 59176
14459 52000
14460 60193
14461 19240
14462 53024
14463 27393
14464 17185
14465 58112
14466 39712
14467 51976
14468 49952
14469 56096
14470 49920
14471 54056
14472 52000
14473 60192
14474 52000
14475 17152
14476 58152
14477 17184
14478 19217
14479 49960
14480 49952
14481 52001
14482 19240
14483 27392
14484 57121
14485 58145
14486 27433
14487 60192
14488 54048
14489 25352
14490 28448
14491 25345
14492 49952
14493 52000
14494 25441
14495 58144
14496 19201
14497 20257
14498 17185
14499 58144
14500 49952
14501 52001
14502 59169
14503 49961
14504 19201
14505 56097
14506 25376
14507 19232
14508 58144
14509 49952
14510 27425
14511 58152
14512 51969
14513 58112
14514 23329
14515 25384
14516 62240
14517 52000
14518 49952
14519 19233
14520 49960
14521 52008
14522 27433
14523 58112
14524 19232
14525 27424
14526 25384
14527 58272
14528 19232
14529 49968
14530 19201
14531 54040
14532 49945
14533 61217
14534 25376
14535 59169
14536 49953
14537 58152
14538 54049
14539 58113
14540 54048
14541 54056
14542 27393
14543 19240
14544 17184
14545 55072
14546 60193
14547 17168
14548 54049
14549 49953
14550 19224
14551 27425
14552 49952
14553 57129
14554 56096
14555 27425
14556 56096
14557 58144
14558 25384
14559 19240
14560 54049
14561 58145
14562 17152
14563 27400
14564 49953
14565 50977
14566 25377
14567 58145
14568 51969
14569 49960
14570 61217
14571 58152
14572 58208
14573 17184
14574 54048
14575 58152
14576 49952
14577 27433
14578 55072
14579 54057
14580 25376
14581 27424
14582 17192
14583 49953
14584 60192
14585 17193
14586 19240
14587 27392
14588 49953
14589 27425
14590 54064
14591 25440
14592 61225
14593 25448
14594 25377
14595 19232
14596 54056
14597 27392
14598 59169
14599 58209
14600 60257
14601 62241
14602 60193
14603 58144
14604 55073
14605 20257
14606 17192
14607 52000
14608 55073
14609 49929
14610 49961
14611 49952
14612 26401
14613 55080
14614 52001
14615 19208
14616 19232
14617 49960
14618 49969
14619 52001
14620 49952
14621 62304
14622 54072
14623 50985
14624 60192
14625 17192
14626 19232
14627 58112
14628 62249
14629 49953
14630 49961
14631 55072
14632 52008
14633 59176
14634 27488
14635 49961
14636 60193
14637 58144
14638 17184
14639 55073
14640 19240
14641 27393
14642 25416
14643 54049
14644 52000
14645 17168
14646 58144
14647 27424
14648 63265
14649 62240
14650 25377
14651 52008
14652 25353
14653 27401
14654 27400
14655 25377
14656 49960
14657 58145
14658 27392
14659 49968
14660 53025
14661 25377
14662 49952
14663 49957
14664 58145
14665 49953
14666 21281
14667 49952
14668 51969
14669 59169
14670 17161
14671 19201
14672 25376
14673 52000
14674 58145
14675 49929
14676 53025
14677 49920
14678 27400
14679 49952
14680 56073
14681 52000
14682 49969
14683 52001
14684 19201
14685 17193
14686 62304
14687 27392
14688 51993
14689 49960
14690 49960
14691 55073
14692 27433
14693 17160
14694 26401
14695 58144
14696 58144
14697 58145
14698 62240
14699 25440
14700 54049
14701 60201
14702 54049
14703 19304
14704 25377
14705 61217
14706 49953
14707 19201
14708 49952
14709 49960
14710 19200
14711 49936
14712 54049
14713 19233
14714 17192
14715 19232
14716 17184
14717 51993
14718 54049
14719 17184
14720 58144
14721 54048
14722 49952
14723 17161
14724 19328
14725 19200
14726 19233
14727 55080
14728 25368
14729 49953
14730 54017
14731 25377
14732 60200
14733 58144
14734 49952
14735 25384
14736 18208
14737 58144
14738 62241
14739 58152
14740 63273
14741 17168
14742 27393
14743 49920
14744 27392
14745 27489
14746 25345
14747 19209
14748 56097
14749 58144
14750 60161
14751 27425
14752 52001
14753 25384
14754 58112
14755 58152
14756 19232
14757 53025
14758 54049
14759 25368
14760 59168
14761 27392
14762 25377
14763 57121
14764 54024
14765 52009
14766 62305
14767 53025
14768 27393
14769 58145
14770 27432
14771 61281
14772 63272
14773 27424
14774 52025
14775 52000
14776 57121
14777 64288
14778 25384
14779 51968
14780 54072
14781 59169
14782 62305
14783 58152
14784 28457
14785 58144
14786 49952
14787 54048
14788 17152
14789 27425
14790 53025
14791 17192
14792 25376
14793 19217
14794 58144
14795 25344
14796 25376
14797 58145
14798 27424
14799 58145
14800 54056
14801 54065
14802 58208
14803 18217
14804 49960
14805 53025
14806 17185
14807 19232
14808 58145
14809 25376
14810 17184
14811 27393
14812 49960
14813 19232
14814 17185
14815 58153
14816 58144
14817 58144
14818 49952
14819 54057
14820 51977
14821 51976
14822 58144
14823 56096
14824 49952
14825 19233
14826 19200
14827 19208
14828 56064
14829 27425
14830 28417
14831 52001
14832 58144
14833 19200
14834 27400
14835 60160
14836 62241
14837 28449
14838 17185
14839 50985
14840 51744
14841 25376
14842 51969
14843 27425
14844 58144
14845 59168
14846 60161
14847 25376
14848 27425
14849 52009
14850 17168
14851 49952
14852 56097
14853 54049
14854 27392
14855 59169
14856 52001
14857 52000
14858 49952
14859 25384
14860 60161
14861 17189
14862 54048
14863 50977
14864 62240
14865 60201
14866 25376
14867 25376
14868 56097
14869 17193
14870 54057
14871 17192
14872 19217
14873 52008
14874 50977
14875 58145
14876 27393
14877 49953
14878 58144
14879 54056
14880 58145
14881 58144
14882 58112
14883 27425
14884 58144
14885 52000
14886 17152
14887 49952
14888 55081
14889 54049
14890 55081
14891 56065
14892 19201
14893 25377
14894 49952
14895 62240
14896 25376
14897 49953
14898 55072
14899 54049
14900 59169
14901 27425
14902 58152
14903 54057
14904 49920
14905 52001
14906 25376
14907 58145
14908 49952
14909 27392
14910 25376
14911 52001
14912 56096
14913 49953
14914 55073
14915 54049
14916 58217
14917 49952
14918 55073
14919 60200
14920 17193
14921 25376
14922 56097
14923 19200
14924 17185
14925 52008
14926 49952
14927 58145
14928 49952
14929 27393
14930 51976
14931 65321
14932 19201
14933 21280
14934 58144
14935 52001
14936 52008
14937 52000
14938 19233
14939 60192
14940 49952
14941 61217
14942 27424
14943 49960
14944 56105
14945 25377
14946 27400
14947 58145
14948 49953
14949 25376
14950 19200
14951 19209
14952 49953
14953 25377
14954 19241
14955 60193
14956 55080
14957 19232
14958 17185
14959 58272
14960 50976
14961 19233
14962 53024
14963 27488
14964 54049
14965 62304
14966 58144
14967 27408
14968 51985
14969 49920
14970 49960
14971 25344
14972 58208
14973 58144
14974 19208
14975 49960
14976 19233
14977 27425
14978 59233
14979 58145
14980 27392
14981 19232
14982 58136
14983 19200
14984 27393
14985 50016
14986 27424
14987 54056
14988 54049
14989 19233
14990 17185
14991 19233
14992 52001
14993 60193
14994 19240
14995 17184
14996 18945
14997 56097
14998 19224
14999 25441
15000 49921
15001 27392
15002 17256
15003 17201
15004 52008
15005 60192
15006 63265
15007 54049
15008 25377
15009 51728
15010 27424
15011 59176
15012 55840
15013 61216
15014 49952
15015 59169
15016 52008
15017 49953
15018 63265
15019 27432
15020 58145
15021 55080
15022 60193
15023 49952
15024 49952
15025 54048
15026 51976
15027 49952
15028 49921
15029 60192
15030 25376
15031 27401
15032 19241
15033 19232
15034 49957
15035 27393
15036 19233
15037 52000
15038 51976
15039 51984
15040 27392
15041 60201
15042 49952
15043 54048
15044 60192
15045 52000
15046 27425
15047 25345
15048 54049
15049 49953
15050 27393
15051 54048
15052 54056
15053 18217
15054 57128
15055 19201
15056 27393
15057 28449
15058 58144
15059 55073
15060 17152
15061 60193
15062 62240
15063 27425
15064 58145
15065 58144
15066 27393
15067 60161
15068 28457
15069 27425
15070 58144
15071 58208
15072 25384
15073 55073
15074 28449
15075 52000
15076 55081
15077 19232
15078 25376
15079 19232
15080 27489
15081 19201
15082 52001
15083 25376
15084 54016
15085 27392
15086 60193
15087 19232
15088 51968
15089 52000
15090 54016
15091 27432
15092 60201
15093 18977
15094 58145
15095 25377
15096 17184
15097 27424
15098 58145
15099 55841
15100 56088
15101 51993
15102 17153
15103 19217
15104 17184
15105 17184
15106 19233
15107 60161
15108 60201
15109 49928
15110 27392
15111 17184
15112 19248
15113 17184
15114 49952
15115 25377
15116 59169
15117 58145
15118 56065
15119 25376
15120 27137
15121 49953
15122 54048
15123 65321
15124 63273
15125 58112
15126 28449
15127 51993
15128 58153
15129 27425
15130 63264
15131 54056
15132 49953
15133 27400
15134 27392
15135 50985
15136 25376
15137 25376
15138 25376
15139 49952
15140 54064
15141 51969
15142 49952
15143 58145
15144 19201
15145 57128
15146 59233
15147 19200
15148 58176
15149 52000
15150 19232
15151 60160
15152 52008
15153 53025
15154 25360
15155 65321
15156 19232
15157 17152
15158 19232
15159 25345
15160 52000
15161 19240
15162 49953
15163 58113
15164 27392
15165 17185
15166 49952
15167 19200
15168 57129
15169 49921
15170 49953
15171 19200
15172 52009
15173 56097
15174 19232
15175 25440
15176 21281
15177 61217
15178 19224
15179 28456
15180 54072
15181 54056
15182 49952
15183 58153
15184 52000
15185 25352
15186 54056
15187 60192
15188 60192
15189 55073
15190 56088
15191 25440
15192 54049
15193 50985
15194 49960
15195 58152
15196 56097
15197 62241
15198 17185
15199 25376
15200 54024
15201 25352
15202 27393
15203 62313
15204 25376
15205 27424
15206 51968
15207 17184
15208 55073
15209 58144
15210 25377
15211 25376
15212 52001
15213 49960
15214 25449
15215 54064
15216 60161
15217 27425
15218 25376
15219 27424
15220 39712
15221 62241
15222 49953
15223 25384
15224 60193
15225 49953
15226 54056
15227 52000
15228 20265
15229 27392
15230 54056
15231 60256
15232 58144
15233 49953
15234 17256
15235 60161
15236 18208
15237 49952
15238 27424
15239 27424
15240 60160
15241 55081
15242 26465
15243 49953
15244 60193
15245 25376
15246 54065
15247 27424
15248 27424
15249 27424
15250 19209
15251 60192
15252 60193
15253 49952
15254 19241
15255 19240
15256 52000
15257 17189
15258 50080
15259 17184
15260 27424
15261 52008
15262 54048
15263 58144
15264 27425
15265 50976
15266 25449
15267 60192
15268 58145
15269 19208
15270 19232
15271 58216
15272 27424
15273 58152
15274 50016
15275 49961
15276 17192
15277 52008
15278 60193
15279 19304
15280 56113
15281 49960
15282 52001
15283 17185
15284 54049
15285 58144
15286 49952
15287 52001
15288 27425
15289 25376
15290 27393
15291 49960
15292 25376
15293 49960
15294 64289
15295 62241
15296 54049
15297 25344
15298 25440
15299 25376
15300 54056
15301 19240
15302 49960
15303 64289
15304 17189
15305 19248
15306 17185
15307 19232
15308 62248
15309 57129
15310 49952
15311 27489
15312 63264
15313 19200
15314 19200
15315 49960
15316 18209
15317 27424
15318 25376
15319 62241
15320 54049
15321 27424
15322 19232
15323 17192
15324 27425
15325 54056
15326 54056
15327 27489
15328 60192
15329 27425
15330 54056
15331 58144
15332 52001
15333 63272
15334 49960
15335 58145
15336 56105
15337 19232
15338 52000
15339 56073
15340 49952
15341 58144
15342 26408
15343 49961
15344 61217
15345 49953
15346 19241
15347 54049
15348 27425
15349 19201
15350 27392
15351 25345
15352 51712
15353 54072
15354 19200
15355 19232
15356 26401
15357 63265
15358 49952
15359 27425
15360 49968
15361 52000
15362 60192
15363 25385
15364 54053
15365 58145
15366 19201
15367 60201
15368 58144
15369 50016
15370 59233
15371 60193
15372 49952
15373 49928
15374 54048
15375 58145
15376 52008
15377 27424
15378 50080
15379 51993
15380 25376
15381 17184
15382 27496
15383 49952
15384 55080
15385 54064
15386 54064
15387 27392
15388 49953
15389 19233
15390 52000
15391 27392
15392 49952
15393 60192
15394 54056
15395 17153
15396 52008
15397 50976
15398 58145
15399 56064
15400 27425
15401 50977
15402 54048
15403 25345
15404 27497
15405 62241
15406 19208
15407 60200
15408 49960
15409 27393
15410 58145
15411 27424
15412 52000
15413 49953
15414 17152
15415 60193
15416 49952
15417 27425
15418 62240
15419 58145
15420 54056
15421 56096
15422 58145
15423 51993
15424 59169
15425 49953
15426 59177
15427 62304
15428 61185
15429 25376
15430 19240
15431 59169
15432 19232
15433 19233
15434 49953
15435 51969
15436 17152
15437 49929
15438 62241
15439 39720
15440 62248
15441 52000
15442 27424
15443 25377
15444 63264
15445 49953
15446 27393
15447 54072
15448 58144
15449 55072
15450 54048
15451 17176
15452 19216
15453 54057
15454 57128
15455 54049
15456 54056
15457 50016
15458 25385
15459 54112
15460 49961
15461 58144
15462 54048
15463 58145
15464 27392
15465 17184
15466 20256
15467 25376
15468 58145
15469 55081
15470 49921
15471 64288
15472 60256
15473 55073
15474 49952
15475 58153
15476 49952
15477 54048
15478 19201
15479 25377
15480 49953
15481 58144
15482 59169
15483 27424
15484 19200
15485 56088
15486 52001
15487 52000
15488 27424
15489 19209
15490 26408
15491 25384
15492 58144
15493 25377
15494 53024
15495 28449
15496 25384
15497 17177
15498 54056
15499 17184
15500 50985
15501 19233
15502 27393
15503 53025
15504 49953
15505 52009
15506 27457
15507 19232
15508 17184
15509 54049
15510 49960
15511 54049
15512 17152
15513 17248
15514 25344
15515 58144
15516 50976
15517 51993
15518 19201
15519 55080
15520 49953
15521 25409
15522 54032
15523 27392
15524 51744
15525 58144
15526 63265
15527 58208
15528 60193
15529 19201
15530 27424
15531 49952
15532 55073
15533 59169
15534 19201
15535 58144
15536 56064
15537 17184
15538 58152
15539 54049
15540 27433
15541 19200
15542 25384
15543 17153
15544 57128
15545 27425
15546 19241
15547 19233
15548 58144
15549 58144
15550 51977
15551 58145
15552 58144
15553 58145
15554 58145
15555 58144
15556 62241
15557 27425
15558 49952
15559 49952
15560 27392
15561 19241
15562 19232
15563 58144
15564 49953
15565 49953
15566 53024
15567 25377
15568 49952
15569 49960
15570 25344
15571 58153
15572 58144
15573 49944
15574 51969
15575 58145
15576 54056
15577 25376
15578 17185
15579 19200
15580 58113
15581 27425
15582 54049
15583 58144
15584 57120
15585 58144
15586 27456
15587 50977
15588 19296
15589 62248
15590 58145
15591 58144
15592 60201
15593 49953
15594 27424
15595 17176
15596 23329
15597 55073
15598 58112
15599 60193
15600 49968
15601 49952
15602 65320
15603 58144
15604 64289
15605 62240
15606 54056
15607 52008
15608 19233
15609 49952
15610 58112
15611 18208
15612 25345
15613 25440
15614 17184
15615 17185
15616 58152
15617 19233
15618 49953
15619 19232
15620 49936
15621 58144
15622 23328
15623 49952
15624 19232
15625 27432
15626 25377
15627 62241
15628 53793
15629 63272
15630 51976
15631 17192
15632 17184
15633 49953
15634 27401
15635 19240
15636 17192
15637 17185
15638 27393
15639 19241
15640 27392
15641 25352
15642 49952
15643 25384
15644 52000
15645 54024
15646 58145
15647 58144
15648 62313
15649 49961
15650 28449
15651 54057
15652 25377
15653 19216
15654 56104
15655 54057
15656 49953
15657 54056
15658 49952
15659 49952
15660 54065
15661 19328
15662 59169
15663 27424
15664 25377
15665 54049
15666 25377
15667 49960
15668 65313
15669 17185
15670 25344
15671 49952
15672 27392
15673 49976
15674 17193
15675 52001
15676 56104
15677 25344
15678 25376
15679 49953
15680 19233
15681 19200
15682 25377
15683 58144
15684 52001
15685 62240
15686 50977
15687 25377
15688 17184
15689 21281
15690 25376
15691 49952
15692 54048
15693 25377
15694 49952
15695 17161
15696 60201
15697 28457
15698 49953
15699 60193
15700 51992
15701 62240
15702 19200
15703 49952
15704 26401
15705 17184
15706 54049
15707 59177
15708 19200
15709 61216
15710 17153
15711 17193
15712 17185
15713 19225
15714 58145
15715 54053
15716 49953
15717 58145
15718 58144
15719 60200
15720 49968
15721 54056
15722 58208
15723 52001
15724 25376
15725 52001
15726 58121
15727 58145
15728 27424
15729 50976
15730 49944
15731 51968
15732 17192
15733 54112
15734 59168
15735 49952
15736 62305
15737 28449
15738 27425
15739 54049
15740 17168
15741 27425
15742 19232
15743 49953
15744 58144
15745 58144
15746 58152
15747 19200
15748 27425
15749 17192
15750 54056
15751 28457
15752 25384
15753 57128
15754 58152
15755 21288
15756 60160
15757 55072
15758 27432
15759 49952
15760 27424
15761 59233
15762 50977
15763 25344
15764 56112
15765 56096
15766 58136
15767 55080
15768 50985
15769 62248
15770 26408
15771 52001
15772 18209
15773 54053
15774 27425
15775 19232
15776 49960
15777 49968
15778 19216
15779 49961
15780 27393
15781 49920
15782 55072
15783 54049
15784 19232
15785 54072
15786 55073
15787 17152
15788 17184
15789 49960
15790 54048
15791 52001
15792 52008
15793 17192
15794 59168
15795 49952
15796 52001
15797 51969
15798 49953
15799 52008
15800 27424
15801 54049
15802 19232
15803 25377
15804 17153
15805 55081
15806 58144
15807 56097
15808 17168
15809 58112
15810 58145
15811 56097
15812 49928
15813 27424
15814 19233
15815 17185
15816 58209
15817 58113
15818 54072
15819 52008
15820 27424
15821 49952
15822 50977
15823 17184
15824 18217
15825 17185
15826 27424
15827 19225
15828 49961
15829 54048
15830 54065
15831 52008
15832 63265
15833 63328
15834 17184
15835 28417
15836 55081
15837 58145
15838 49976
15839 17185
15840 58152
15841 60192
15842 54072
15843 17192
15844 58145
15845 49952
15846 60161
15847 54072
15848 54017
15849 62313
15850 60169
15851 52009
15852 17153
15853 54049
15854 54056
15855 49928
15856 25376
15857 17185
15858 60201
15859 27488
15860 25384
15861 60200
15862 49953
15863 54048
15864 25345
15865 52008
15866 18216
15867 58144
15868 49952
15869 53025
15870 49952
15871 63272
15872 52008
15873 25345
15874 62241
15875 17185
15876 54049
15877 49960
15878 60192
15879 54056
15880 51977
15881 49961
15882 52001
15883 2849
15884 58112
15885 53025
15886 58144
15887 25345
15888 58144
15889 27425
15890 19232
15891 27489
15892 63273
15893 19232
15894 27433
15895 51976
15896 49953
15897 51745
15898 20257
15899 27400
15900 55072
15901 51977
15902 27392
15903 56096
15904 51984
15905 54073
15906 25376
15907 58144
15908 52008
15909 49952
15910 56097
15911 58145
15912 58136
15913 52000
15914 49952
15915 63265
15916 52009
15917 49952
15918 52000
15919 52000
15920 58120
15921 58112
15922 57128
15923 58144
15924 52008
15925 55081
15926 58152
15927 53025
15928 19232
15929 58144
15930 58144
15931 27425
15932 62240
15933 49953
15934 54049
15935 52000
15936 60169
15937 59169
15938 54056
15939 58152
15940 58216
15941 25377
15942 25376
15943 25353
15944 25353
15945 52000
15946 27433
15947 58112
15948 49952
15949 25376
15950 54056
15951 19328
15952 19232
15953 61185
15954 56097
15955 19232
15956 25377
15957 54048
15958 20264
15959 62240
15960 49952
15961 27433
15962 54048
15963 49936
15964 19240
15965 54032
15966 59169
15967 49952
15968 55081
15969 54040
15970 25376
15971 49952
15972 25440
15973 19216
15974 25377
15975 27425
15976 28448
15977 19233
15978 56104
15979 25385
15980 51968
15981 60200
15982 62240
15983 64288
15984 60200
15985 25376
15986 17248
15987 52000
15988 60200
15989 63272
15990 54049
15991 54056
15992 26401
15993 54048
15994 26408
15995 51968
15996 51985
15997 54048
15998 19232
15999 49952
16000 28449
16001 19200
16002 49961
16003 2849
16004 21281
16005 58144
16006 58145
16007 25376
16008 58145
16009 49929
16010 63336
16011 58120
16012 28449
16013 58145
16014 19233
16015 49953
16016 25377
16017 55073
16018 58144
16019 56112
16020 58144
16021 62240
16022 27393
16023 58145
16024 49960
16025 60193
16026 51969
16027 27456
16028 52000
16029 58121
16030 54049
16031 28449
16032 19225
16033 49920
16034 60193
16035 27425
16036 54049
16037 60161
16038 25352
16039 25376
16040 49936
16041 27425
16042 27393
16043 63265
16044 19232
16045 63265
16046 54049
16047 49960
16048 62248
16049 19240
16050 51985
16051 17152
16052 17184
16053 17152
16054 17185
16055 17184
16056 63272
16057 17184
16058 21288
16059 25360
16060 58152
16061 49921
16062 19233
16063 17185
16064 52001
16065 27424
16066 52008
16067 25416
16068 51992
16069 51969
16070 27424
16071 25344
16072 19248
16073 18216
16074 58145
16075 19232
16076 58145
16077 59169
16078 62305
16079 17185
16080 60201
16081 58216
16082 58145
16083 49961
16084 49952
16085 27393
16086 19232
16087 52001
16088 58144
16089 55073
16090 58152
16091 58144
16092 54056
16093 54056
16094 25440
16095 49952
16096 51968
16097 19200
16098 59169
16099 59177
16100 19232
16101 19224
16102 60193
16103 49953
16104 49952
16105 19240
16106 58152
16107 54049
16108 17184
16109 49960
16110 56105
16111 54024
16112 49953
16113 52000
16114 49952
16115 49960
16116 58145
16117 25440
16118 17153
16119 58144
16120 57129
16121 52000
16122 54048
16123 19217
16124 26401
16125 63273
16126 56104
16127 58144
16128 62240
16129 60193
16130 60200
16131 19208
16132 59177
16133 54057
16134 60192
16135 49976
16136 58144
16137 54057
16138 25376
16139 54048
16140 54057
16141 59177
16142 25385
16143 50985
16144 58145
16145 19232
16146 54056
16147 51992
16148 19233
16149 60192
16150 19209
16151 19241
16152 54064
16153 58145
16154 17153
16155 52000
16156 54049
16157 62241
16158 49953
16159 51977
16160 54072
16161 27457
16162 27432
16163 57120
16164 59233
16165 25368
16166 49921
16167 19200
16168 56105
16169 19217
16170 65320
16171 58113
16172 49928
16173 54049
16174 19232
16175 56105
16176 54016
16177 19233
16178 58153
16179 55073
16180 56104
16181 52001
16182 27425
16183 58152
16184 56097
16185 54064
16186 59232
16187 54048
16188 59169
16189 55073
16190 25385
16191 61217
16192 19233
16193 49945
16194 58144
16195 52001
16196 58145
16197 19232
16198 51969
16199 19216
16200 62241
16201 49961
16202 54056
16203 49969
16204 25377
16205 58144
16206 19233
16207 54057
16208 19200
16209 19240
16210 49952
16211 49953
16212 58120
16213 49952
16214 54048
16215 25377
16216 49952
16217 26409
16218 53025
16219 59233
16220 49960
16221 27393
16222 58144
16223 49952
16224 64288
16225 56096
16226 26409
16227 54049
16228 62241
16229 52000
16230 53032
16231 49976
16232 17152
16233 49960
16234 27424
16235 56104
16236 55081
16237 59168
16238 59137
16239 27393
16240 23329
16241 60169
16242 49960
16243 54056
16244 17184
16245 54049
16246 25377
16247 17185
16248 58145
16249 60192
16250 62240
16251 52000
16252 58144
16253 59169
16254 27425
16255 28448
16256 54057
16257 49928
16258 56097
16259 19208
16260 21281
16261 60193
16262 19201
16263 19233
16264 59232
16265 17184
16266 17192
16267 19233
16268 25440
16269 19241
16270 54024
16271 27489
16272 17192
16273 49960
16274 52000
16275 25376
16276 25344
16277 54048
16278 17160
16279 58208
16280 62304
16281 58208
16282 55072
16283 56097
16284 54057
16285 19233
16286 19233
16287 59233
16288 49960
16289 52000
16290 19233
16291 49960
16292 61217
16293 58145
16294 27424
16295 49953
16296 58176
16297 52001
16298 49952
16299 27424
16300 58144
16301 57121
16302 49921
16303 19232
16304 58144
16305 19200
16306 60200
16307 58209
16308 54049
16309 56097
16310 54049
16311 17168
16312 58152
16313 52000
16314 19201
16315 25377
16316 49944
16317 51976
16318 27425
16319 54056
16320 54056
16321 19233
16322 55080
16323 39720
16324 52001
16325 54049
16326 58152
16327 58144
16328 49921
16329 54072
16330 49952
16331 27393
16332 49952
16333 49945
16334 51968
16335 21288
16336 17192
16337 17184
16338 54056
16339 55081
16340 25376
16341 25385
16342 27425
16343 19232
16344 58145
16345 57121
16346 25384
16347 17184
16348 56096
16349 49968
16350 63265
16351 17184
16352 49953
16353 58272
16354 58153
16355 28449
16356 58144
16357 25385
16358 58144
16359 19240
16360 17185
16361 17184
16362 51728
16363 60160
16364 54056
16365 59168
16366 54048
16367 52000
16368 19233
16369 27393
16370 54072
16371 55073
16372 63329
16373 54048
16374 49952
16375 19200
16376 54056
16377 21281
16378 58145
16379 19233
16380 58145
16381 58145
16382 17184
16383 50984
16384 25448
16385 56064
16386 54048
16387 58208
16388 58144
16389 49952
16390 51985
16391 27393
16392 17189
16393 49953
16394 58217
16395 54056
16396 19240
16397 58152
16398 52000
16399 49952
16400 17184
16401 27401
16402 27456
16403 19232
16404 17185
16405 49952
16406 49952
16407 17185
16408 50984
16409 49952
16410 27425
16411 39720
16412 58152
16413 18216
16414 25384
16415 49953
16416 19217
16417 54025
16418 25376
16419 65321
16420 62241
16421 27392
16422 19233
16423 58144
16424 27425
16425 27433
16426 25377
16427 58208
16428 19233
16429 54073
16430 49936
16431 19232
16432 62313
16433 63336
16434 49944
16435 25376
16436 55080
16437 49960
16438 17184
16439 52000
16440 25377
16441 49952
16442 62305
16443 19225
16444 17185
16445 58145
16446 2849
16447 19208
16448 49953
16449 54056
16450 58144
16451 56105
16452 51968
16453 52000
16454 25376
16455 56073
16456 54072
16457 25377
16458 52001
16459 52008
16460 55080
16461 27392
16462 27393
16463 49953
16464 27425
16465 49953
16466 52000
16467 27424
16468 58145
16469 19240
16470 19233
16471 25440
16472 17184
16473 55073
16474 60257
16475 58144
16476 49936
16477 54048
16478 63265
16479 49953
16480 19233
16481 19201
16482 19232
16483 25376
16484 50977
16485 25353
16486 27424
16487 52008
16488 58144
16489 58152
16490 54048
16491 17152
16492 19233
16493 54048
16494 61216
16495 58209
16496 58144
16497 49960
16498 58152
16499 59177
16500 52001
16501 25377
16502 17185
16503 25345
16504 58153
16505 25368
16506 49697
16507 59168
16508 28448
16509 58144
16510 59168
16511 56097
16512 58144
16513 54056
16514 58144
16515 26401
16516 17153
16517 21288
16518 19201
16519 49969
16520 25376
16521 17192
16522 17184
16523 63264
16524 52000
16525 58144
16526 25376
16527 49953
16528 55080
16529 59168
16530 49968
16531 17184
16532 54048
16533 17184
16534 25376
16535 49953
16536 19232
16537 62248
16538 49960
16539 25376
16540 49952
16541 58152
16542 58144
16543 58145
16544 27489
16545 49928
16546 55072
16547 19232
16548 49952
16549 19232
16550 58208
16551 21280
16552 27488
16553 60192
16554 54049
16555 49953
16556 54056
16557 49953
16558 19233
16559 19201
16560 19232
16561 19200
16562 54048
16563 60192
16564 51968
16565 27425
16566 62240
16567 54048
16568 27456
16569 18209
16570 60256
16571 58144
16572 57128
16573 49960
16574 19233
16575 56064
16576 54017
16577 59137
16578 39720
16579 18209
16580 62304
16581 58144
16582 56104
16583 59169
16584 54056
16585 17185
16586 52009
16587 55073
16588 17153
16589 25353
16590 27425
16591 59169
16592 58144
16593 39712
16594 54056
16595 17185
16596 17184
16597 58144
16598 25377
16599 17193
16600 49952
16601 19328
16602 19233
16603 52000
16604 61216
16605 17185
16606 58145
16607 49961
16608 58145
16609 52001
16610 54056
16611 19241
16612 17184
16613 58208
16614 25376
16615 25376
16616 19233
16617 54048
16618 56104
16619 52000
16620 17192
16621 60168
16622 62313
16623 49961
16624 17192
16625 27393
16626 27424
16627 62305
16628 49952
16629 17153
16630 54056
16631 49928
16632 19200
16633 25376
16634 52008
16635 58144
16636 52000
16637 58120
16638 49952
16639 49952
16640 18945
16641 49960
16642 54072
16643 58144
16644 54112
16645 17185
16646 58145
16647 58112
16648 25377
16649 62248
16650 19233
16651 55072
16652 27424
16653 52009
16654 60192
16655 28457
16656 25385
16657 17152
16658 28448
16659 25441
16660 56112
16661 52000
16662 19224
16663 27424
16664 52000
16665 49953
16666 25344
16667 27488
16668 58144
16669 25345
16670 58145
16671 17153
16672 17185
16673 54049
16674 27424
16675 17184
16676 58112
16677 54049
16678 19233
16679 49952
16680 54064
16681 63329
16682 58144
16683 51969
16684 58208
16685 58145
16686 17192
16687 54057
16688 27400
16689 60193
16690 27425
16691 27425
16692 26409
16693 19233
16694 52000
16695 25377
16696 19241
16697 19232
16698 63264
16699 19240
16700 25377
16701 25376
16702 25377
16703 49953
16704 27497
16705 52008
16706 19233
16707 27424
16708 25448
16709 19233
16710 63264
16711 19233
16712 55080
16713 59169
16714 54057
16715 25345
16716 19208
16717 59177
16718 52001
16719 54049
16720 58144
16721 60193
16722 52001
16723 19233
16724 54049
16725 58144
16726 17160
16727 62240
16728 63272
16729 58144
16730 25352
16731 19224
16732 58112
16733 27425
16734 61225
16735 50016
16736 52016
16737 60193
16738 64289
16739 25344
16740 27433
16741 19233
16742 51968
16743 61216
16744 52009
16745 25377
16746 49960
16747 25440
16748 21288
16749 27392
16750 2849
16751 27425
16752 54049
16753 25440
16754 52000
16755 54048
16756 54064
16757 54049
16758 49961
16759 19240
16760 54048
16761 25376
16762 25416
16763 56096
16764 55080
16765 58145
16766 62313
16767 54048
16768 58216
16769 60160
16770 65313
16771 59177
16772 19200
16773 58145
16774 62241
16775 19304
16776 52000
16777 60256
16778 25376
16779 54049
16780 28449
16781 60169
16782 55081
16783 52008
16784 62241
16785 59232
16786 49953
16787 65313
16788 49953
16789 58152
16790 58145
16791 52008
16792 26464
16793 58153
16794 27425
16795 54048
16796 52009
16797 49960
16798 62305
16799 19233
16800 19200
16801 58144
16802 17248
16803 52009
16804 58112
16805 50977
16806 62240
16807 19233
16808 27425
16809 52000
16810 28449
16811 54048
16812 25377
16813 58144
16814 27393
16815 50984
16816 17152
16817 27432
16818 54056
16819 19200
16820 49953
16821 19200
16822 49952
16823 27393
16824 19328
16825 50976
16826 17184
16827 49921
16828 54048
16829 49928
16830 19232
16831 58145
16832 61224
16833 49960
16834 19232
16835 56088
16836 27425
16837 19224
16838 60169
16839 27424
16840 17201
16841 54057
16842 19233
16843 50080
16844 17185
16845 17185
16846 58144
16847 49952
16848 19241
16849 58144
16850 58144
16851 58144
16852 27424
16853 19232
16854 59169
16855 60160
16856 54040
16857 17161
16858 27392
16859 27392
16860 54049
16861 49960
16862 17193
16863 27425
16864 19224
16865 58145
16866 52001
16867 56097
16868 49960
16869 27401
16870 54048
16871 59168
16872 52000
16873 19209
16874 50985
16875 54048
16876 60193
16877 54032
16878 60192
16879 52008
16880 52000
16881 27489
16882 49953
16883 49960
16884 49953
16885 17184
16886 59169
16887 27400
16888 49921
16889 58152
16890 58144
16891 19232
16892 19233
16893 27393
16894 56097
16895 57121
16896 52000
16897 56104
16898 59232
16899 25377
16900 62240
16901 49976
16902 19240
16903 54048
16904 19232
16905 19200
16906 19296
16907 25344
16908 60160
16909 17185
16910 54056
16911 52000
16912 58144
16913 17193
16914 59168
16915 27424
16916 50024
16917 17184
16918 17161
16919 27424
16920 60200
16921 49952
16922 25440
16923 28417
16924 17160
16925 60192
16926 52009
16927 49960
16928 49953
16929 17168
16930 54048
16931 49953
16932 25376
16933 27393
16934 49952
16935 17184
16936 52001
16937 19233
16938 57129
16939 59233
16940 59168
16941 58144
16942 19200
16943 19233
16944 53793
16945 25352
16946 54048
16947 25377
16948 17192
16949 54048
16950 49921
16951 49952
16952 19225
16953 19233
16954 54049
16955 58144
16956 27393
16957 54048
16958 54056
16959 49961
16960 17185
16961 58145
16962 49920
16963 27401
16964 49968
16965 52000
16966 25377
16967 25345
16968 58144
16969 19248
16970 55841
16971 61225
16972 58272
16973 56096
16974 51976
16975 58112
16976 54056
16977 27393
16978 58145
16979 27425
16980 27433
16981 49960
16982 17184
16983 49944
16984 28512
16985 62241
16986 62241
16987 25440
16988 49952
16989 27425
16990 58144
16991 39720
16992 59168
16993 23329
16994 62240
16995 28457
16996 61281
16997 17184
16998 59169
16999 58145
17000 54048
17001 25376
17002 25345
17003 58144
17004 55073
17005 58120
17006 54049
17007 51969
17008 60193
17009 28456
17010 19240
17011 19208
17012 54049
17013 58152
17014 19232
17015 27433
17016 62240
17017 54056
17018 25376
17019 25344
17020 27392
17021 23328
17022 27424
17023 59169
17024 19233
17025 49936
17026 52001
17027 25384
17028 61185
17029 51712
17030 58112
17031 25384
17032 53032
17033 63264
17034 49953
17035 27401
17036 19200
17037 58144
17038 49953
17039 65313
17040 19241
17041 25377
17042 52001
17043 49952
17044 25345
17045 55072
17046 25377
17047 50984
17048 25345
17049 19241
17050 54048
17051 54072
17052 54049
17053 50976
17054 20256
17055 53025
17056 17184
17057 49953
17058 51977
17059 52008
17060 52008
17061 58153
17062 62304
17063 19233
17064 58144
17065 54049
17066 25377
17067 62248
17068 25376
17069 58152
17070 27393
17071 49952
17072 50016
17073 19240
17074 52000
17075 58144
17076 17184
17077 49952
17078 17185
17079 63265
17080 25344
17081 19304
17082 17184
17083 25448
17084 19232
17085 19233
17086 19232
17087 54049
17088 17152
17089 19240
17090 54053
17091 27424
17092 19201
17093 19201
17094 17185
17095 49953
17096 54056
17097 49960
17098 25353
17099 58145
17100 17184
17101 54032
17102 62313
17103 49953
17104 18217
17105 27433
17106 58153
17107 49960
17108 27488
17109 49952
17110 49952
17111 19201
17112 58144
17113 27392
17114 19232
17115 27425
17116 59168
17117 52000
17118 25376
17119 54048
17120 49952
17121 28449
17122 49952
17123 17193
17124 17184
17125 19233
17126 58113
17127 62248
17128 27424
17129 49961
17130 49953
17131 58145
17132 55073
17133 60193
17134 52001
17135 49952
17136 60161
17137 49936
17138 49952
17139 54056
17140 54048
17141 27425
17142 58144
17143 58144
17144 19201
17145 49960
17146 49960
17147 49960
17148 58145
17149 55080
17150 54048
17151 25376
17152 60192
17153 19233
17154 26401
17155 49952
17156 17184
17157 58112
17158 18209
17159 49952
17160 25377
17161 55073
17162 49952
17163 49952
17164 27392
17165 58144
17166 56105
17167 50984
17168 65320
17169 52009
17170 52000
17171 27400
17172 61217
17173 19240
17174 49961
17175 49952
17176 49953
17177 49953
17178 58144
17179 55073
17180 19233
17181 54049
17182 49953
17183 54016
17184 58216
17185 62241
17186 49961
17187 52008
17188 49961
17189 39720
17190 27392
17191 58144
17192 49952
17193 58145
17194 51969
17195 58145
17196 56096
17197 25377
17198 51968
17199 58209
17200 19232
17201 39712
17202 53032
17203 56105
17204 58209
17205 54056
17206 58112
17207 53025
17208 54072
17209 62241
17210 58145
17211 25344
17212 54048
17213 17184
17214 58145
17215 17184
17216 19240
17217 60192
17218 52001
17219 51969
17220 55073
17221 49960
17222 51976
17223 18209
17224 52000
17225 52001
17226 27401
17227 58144
17228 17185
17229 25344
17230 19233
17231 54049
17232 49968
17233 49952
17234 59232
17235 17192
17236 49953
17237 58144
17238 55073
17239 58112
17240 49968
17241 62248
17242 63328
17243 25376
17244 17192
17245 17192
17246 17184
17247 60193
17248 49952
17249 59168
17250 62240
17251 17192
17252 27392
17253 58144
17254 58145
17255 58145
17256 19304
17257 49952
17258 52016
17259 52000
17260 55072
17261 58145
17262 52000
17263 54049
17264 49960
17265 54057
17266 52001
17267 17184
17268 54057
17269 59137
17270 49960
17271 25344
17272 58113
17273 25376
17274 54048
17275 52016
17276 19201
17277 58113
17278 27425
17279 19208
17280 54056
17281 49921
17282 25377
