# .PCD v0.7 - Point Cloud Data file
VERSION 0.7
FIELDS x y z label edge
SIZE 4 4 4 4 4
TYPE F F F I F
COUNT 1 1 1 1 1
WIDTH 8130
HEIGHT 1
VIEWPOINT 0 0 0 1 0 0 0
POINTS 8130
DATA ascii
0.995777 0.744900 0.493575 1 0.000000
0.997198 0.762325 0.500144 1 0.000000
0.996361 0.740725 0.504523 1 0.000000
0.994357 0.727475 0.487005 1 0.000000
0.995194 0.749076 0.482626 1 0.000000
0.906196 0.705729 0.451593 2 0.000000
0.884313 0.723443 0.450938 2 0.000000
0.926625 0.731006 0.452681 2 0.000000
0.928080 0.688015 0.452248 2 0.000000
0.885768 0.680453 0.450506 2 0.000000
0.958546 0.200957 0.465381 3 0.122688
0.943683 0.200496 0.463687 3 0.122688
0.957841 0.200861 0.471592 3 0.122688
0.973409 0.201419 0.467074 3 0.122688
0.959251 0.201054 0.459170 3 0.122688
0.997925 0.406185 0.495141 1 0.000000
0.918273 0.252182 0.549078 4 0.000000
0.926290 0.265480 0.549269 4 0.000000
0.937385 0.240669 0.548559 4 0.000000
0.910257 0.238883 0.548886 4 0.000000
0.899161 0.263694 0.549596 4 0.000000
0.952850 0.202539 0.499702 5 0.000000
0.944504 0.202612 0.483607 5 0.000000
0.939187 0.201740 0.506784 5 0.000000
0.961197 0.202467 0.515797 5 0.000000
0.966513 0.203338 0.492620 5 0.000000
0.994490 0.232164 0.494909 1 0.000000
0.995117 0.242604 0.493518 1 0.000000
0.992121 0.234235 0.509385 1 0.000000
0.993862 0.221723 0.496301 1 0.000000
0.996858 0.230092 0.480434 1 0.000000
0.002777 0.202571 0.452908 6 0.998921
0.675854 0.799676 0.499865 7 0.000079
0.955952 0.797580 0.525516 8 0.063939
0.970949 0.796665 0.524637 8 0.063939
0.956516 0.798555 0.534123 8 0.063939
0.940955 0.798495 0.526395 8 0.063939
0.955388 0.796605 0.516908 8 0.063939
0.988852 0.794439 0.499631 8 0.000182
0.992850 0.795942 0.499781 8 0.000182
0.987970 0.795376 0.513654 8 0.000182
0.984853 0.792936 0.499480 8 0.000182
0.989733 0.793502 0.485607 8 0.000182
0.803602 0.652541 0.526709 4 0.000003
0.121118 0.689510 0.449425 9 0.000000
0.104052 0.716459 0.450468 9 0.000000
0.086319 0.667461 0.449715 9 0.000000
0.138184 0.662561 0.448381 9 0.000000
0.155917 0.711559 0.449134 9 0.000000
0.654287 0.316812 0.484732 9 0.000000
0.654312 0.354108 0.485019 9 0.000000
0.556298 0.316842 0.489437 9 0.000000
0.654262 0.279516 0.484444 9 0.000000
0.752276 0.316782 0.480026 9 0.000000
0.480032 0.796472 0.522542 7 0.000000
0.953013 0.797515 0.513222 8 0.000894
0.938370 0.797161 0.509047 8 0.000894
0.949654 0.798412 0.524928 8 0.000894
0.967655 0.797868 0.517396 8 0.000894
0.956372 0.796617 0.501516 8 0.000894
0.996570 0.334032 0.494680 1 0.000000
0.149454 0.229721 0.504755 10 0.000001
0.145723 0.238631 0.494332 10 0.000001
0.177700 0.234430 0.498669 10 0.000001
0.153184 0.220812 0.515177 10 0.000001
0.121207 0.225013 0.510840 10 0.000001
0.063778 0.203297 0.457122 3 0.983600
0.516284 0.798483 0.500574 8 0.000000
0.019989 0.777993 0.470457 7 0.000000
0.013810 0.775350 0.470554 7 0.000000
0.022893 0.771471 0.477697 7 0.000000
0.026168 0.780637 0.470359 7 0.000000
0.017084 0.784516 0.463216 7 0.000000
0.983136 0.678888 0.455342 1 0.000000
0.956790 0.773100 0.502774 7 0.019859
0.968645 0.781319 0.510178 7 0.019859
0.951460 0.771707 0.512857 7 0.019859
0.944935 0.764881 0.495371 7 0.019859
0.962120 0.774493 0.492692 7 0.019859
0.311236 0.798104 0.506353 8 0.000000
0.625874 0.798361 0.500812 7 0.000000
0.008966 0.582562 0.455075 2 0.847789
0.994090 0.766690 0.486926 1 0.000000
0.994191 0.778039 0.488382 1 0.000000
0.994868 0.765203 0.498469 1 0.000000
0.993989 0.755341 0.485471 1 0.000000
0.993312 0.768177 0.475384 1 0.000000
0.843628 0.694219 0.450757 2 0.000000
0.795705 0.696654 0.448715 2 0.000000
0.841979 0.660554 0.449312 2 0.000000
0.891550 0.691784 0.452799 2 0.000000
0.845277 0.727884 0.452203 2 0.000000
0.794897 0.699545 0.486071 9 0.000000
0.592316 0.562287 0.495170 2 0.000000
0.570113 0.624750 0.499657 2 0.000000
0.571145 0.554762 0.495161 2 0.000000
0.614519 0.499823 0.490683 2 0.000000
0.613487 0.569812 0.495178 2 0.000000
0.112029 0.228499 0.488763 10 0.000001
0.294728 0.252683 0.496853 9 0.000160
0.297318 0.257282 0.495432 9 0.000160
0.304539 0.251768 0.511765 9 0.000160
0.292138 0.248085 0.498275 9 0.000160
0.284917 0.253599 0.481942 9 0.000160
0.573620 0.710009 0.497908 4 0.000000
0.574765 0.739685 0.497432 4 0.000000
0.670295 0.706395 0.504988 4 0.000000
0.572476 0.680334 0.498384 4 0.000000
0.476946 0.713624 0.490829 4 0.000000
0.310577 0.678575 0.451452 9 0.000000
0.179345 0.199925 0.499559 3 0.000000
0.242378 0.244952 0.450099 9 0.000000
0.266025 0.202914 0.500980 3 0.000000
0.905204 0.705111 0.453407 9 0.000000
0.922260 0.732024 0.454156 9 0.000000
0.929630 0.689619 0.453864 9 0.000000
0.888148 0.678198 0.452658 9 0.000000
0.880778 0.720604 0.452950 9 0.000000
0.209375 0.327444 0.449382 9 0.000000
0.220791 0.359645 0.448858 9 0.000000
0.273630 0.304655 0.448814 9 0.000000
0.197959 0.295242 0.449907 9 0.000000
0.145120 0.350233 0.449950 9 0.000000
0.528760 0.691106 0.551828 4 0.000000
0.032198 0.761375 0.454929 9 0.000000
0.034300 0.774717 0.455278 9 0.000000
0.042926 0.759697 0.454463 9 0.000000
0.030096 0.748033 0.454580 9 0.000000
0.021470 0.763053 0.455396 9 0.000000
0.245299 0.714965 0.449222 9 0.000000
0.246613 0.741386 0.449897 9 0.000000
0.323147 0.711129 0.447836 9 0.000000
0.243985 0.688544 0.448546 9 0.000000
0.167450 0.718801 0.450608 9 0.000000
0.003390 0.730239 0.459820 11 0.351083
0.957885 0.723522 0.499567 9 0.000001
0.947743 0.720208 0.499100 9 0.000001
0.950000 0.746541 0.507478 9 0.000001
0.968027 0.726837 0.500033 9 0.000001
0.965771 0.700504 0.491656 9 0.000001
0.005148 0.715542 0.473338 11 0.000137
0.996497 0.326596 0.494177 1 0.000000
0.240204 0.204090 0.457011 12 1.000000
0.865195 0.796209 0.529482 8 0.000001
0.282044 0.201179 0.499039 3 0.000000
0.304449 0.798107 0.511791 7 0.000000
0.413905 0.733997 0.514924 4 0.999840
0.406056 0.749453 0.527834 4 0.999840
0.437222 0.730226 0.533614 4 0.999840
0.421754 0.718540 0.502013 4 0.999840
0.390588 0.737767 0.496233 4 0.999840
0.376665 0.201847 0.501970 5 0.000000
0.892318 0.796063 0.535504 7 0.999921
0.876566 0.795517 0.536848 7 0.999921
0.892710 0.797824 0.540802 7 0.999921
0.908071 0.796608 0.534159 7 0.999921
0.891927 0.794301 0.530206 7 0.999921
0.457742 0.199573 0.499433 5 0.000000
-0.001552 0.545402 0.454543 6 1.000000
0.003943 0.386108 0.492971 6 0.000793
0.965127 0.552579 0.500888 4 0.001123
0.969850 0.577620 0.505938 4 0.001123
0.957059 0.551186 0.515343 4 0.001123
0.960403 0.527538 0.495839 4 0.001123
0.973195 0.553972 0.486434 4 0.001123
0.123066 0.649325 0.476511 9 0.000000
0.123733 0.693200 0.475207 9 0.000000
0.086308 0.649978 0.479685 9 0.000000
0.122399 0.605450 0.477815 9 0.000000
0.159824 0.648671 0.473337 9 0.000000
0.412466 0.575593 0.448702 2 0.000000
0.414039 0.645447 0.448931 2 0.000000
0.381061 0.576300 0.448522 2 0.000000
0.410894 0.505739 0.448473 2 0.000000
0.443871 0.574885 0.448881 2 0.000000
0.003410 0.791004 0.496051 11 0.005358
0.957012 0.230394 0.452624 9 0.000000
0.961007 0.239707 0.452646 9 0.000000
0.943384 0.236238 0.453613 9 0.000000
0.953017 0.221080 0.452603 9 0.000000
0.970641 0.224550 0.451635 9 0.000000
0.994331 0.765061 0.502224 1 0.000000
0.994043 0.773258 0.495957 1 0.000000
0.994026 0.773401 0.513146 1 0.000000
0.994619 0.756864 0.508491 1 0.000000
0.994636 0.756721 0.491301 1 0.000000
0.791537 0.198957 0.505794 5 0.000000
0.052709 0.796907 0.500538 8 0.000000
0.068317 0.797982 0.507618 8 0.000000
0.045590 0.796695 0.516266 8 0.000000
0.037101 0.795832 0.493459 8 0.000000
0.059828 0.797119 0.484811 8 0.000000
0.243222 0.240719 0.454996 2 0.000000
0.760207 0.798733 0.500543 8 0.000000
0.156874 0.198522 0.500336 5 0.000000
0.202503 0.199166 0.498853 5 0.000000
0.157410 0.198282 0.516726 5 0.000000
0.111245 0.197879 0.501818 5 0.000000
0.156338 0.198763 0.483946 5 0.000000
0.272899 0.799548 0.501532 8 0.000000
0.871369 0.797537 0.460722 7 0.999996
0.948553 0.474832 0.504174 4 0.000544
0.940513 0.503720 0.503677 4 0.000544
0.938040 0.471993 0.509234 4 0.000544
0.956593 0.445944 0.504672 4 0.000544
0.959067 0.477671 0.499115 4 0.000544
0.251802 0.227985 0.503894 9 0.001266
0.275931 0.235084 0.507033 9 0.001266
0.250382 0.227771 0.515289 9 0.001266
0.227673 0.220885 0.500755 9 0.001266
0.253222 0.228198 0.492498 9 0.001266
0.301417 0.283842 0.457611 9 0.000000
0.968671 0.202751 0.501602 5 0.000000
0.979582 0.203893 0.501507 5 0.000000
0.968840 0.202591 0.519079 5 0.000000
0.957761 0.201608 0.501697 5 0.000000
0.968503 0.202910 0.484125 5 0.000000
0.103428 0.681004 0.480707 9 0.000000
0.102778 0.717156 0.480625 9 0.000000
0.138048 0.681623 0.479221 9 0.000000
0.104078 0.644853 0.480789 9 0.000000
0.068808 0.680385 0.482193 9 0.000000
0.004690 0.244344 0.493432 6 0.000002
0.005252 0.257786 0.503847 6 0.000002
0.005474 0.236411 0.503627 6 0.000002
0.004127 0.230902 0.483016 6 0.000002
0.003905 0.252277 0.483236 6 0.000002
0.856431 0.198704 0.506636 5 0.000000
0.856789 0.198682 0.492097 5 0.000000
0.902282 0.199551 0.507765 5 0.000000
0.856072 0.198727 0.521175 5 0.000000
0.810579 0.197857 0.505507 5 0.000000
0.438969 0.795122 0.500031 8 0.000000
0.396981 0.794923 0.495322 7 0.000000
0.536198 0.711453 0.495426 4 0.000000
0.231236 0.199426 0.499585 5 0.000000
0.903621 0.202703 0.498155 5 0.000000
0.905917 0.202419 0.514798 5 0.000000
0.934458 0.205076 0.493942 5 0.000000
0.901326 0.202987 0.481512 5 0.000000
0.872784 0.200330 0.502368 5 0.000000
0.760129 0.198956 0.504191 10 0.145480
0.734666 0.195985 0.494979 10 0.145480
0.756846 0.198638 0.513368 10 0.145480
0.785592 0.201928 0.513403 10 0.145480
0.763412 0.199274 0.495013 10 0.145480
0.630115 0.684027 0.552381 4 0.000000
0.633125 0.719484 0.551314 4 0.000000
0.523506 0.693146 0.554750 4 0.000000
0.627106 0.648570 0.553448 4 0.000000
0.736725 0.674908 0.550013 4 0.000000
0.988240 0.202918 0.512901 10 0.657401
0.506849 0.200004 0.499361 5 0.000000
0.575408 0.799274 0.500415 7 0.000000
0.288819 0.200584 0.500281 5 0.000000
0.003037 0.407234 0.492549 6 0.000006
0.875362 0.348339 0.449496 2 0.000000
0.839392 0.358898 0.448797 2 0.000000
0.888616 0.393467 0.449239 2 0.000000
0.911333 0.337779 0.450194 2 0.000000
0.862109 0.303210 0.449753 2 0.000000
0.996778 0.355683 0.495022 1 0.000000
0.029412 0.282861 0.487663 6 0.000005
0.992031 0.675375 0.497144 1 0.000000
0.002395 0.523452 0.491475 11 0.000000
0.961146 0.723056 0.488381 9 0.000006
0.955363 0.732934 0.489720 9 0.000006
0.949413 0.716199 0.488297 9 0.000006
0.966928 0.713178 0.487042 9 0.000006
0.972878 0.729913 0.488465 9 0.000006
0.031746 0.756615 0.472836 8 0.000805
0.022607 0.768260 0.464833 8 0.000805
0.037829 0.761403 0.472856 8 0.000805
0.040884 0.744970 0.480838 8 0.000805
0.025662 0.751827 0.472815 8 0.000805
0.033671 0.216800 0.499341 3 0.347967
0.034451 0.221588 0.482529 3 0.347967
0.044165 0.220798 0.500966 3 0.347967
0.032892 0.212013 0.516154 3 0.347967
0.023177 0.212803 0.497717 3 0.347967
0.095453 0.255940 0.464106 9 0.000000
0.065249 0.264257 0.467143 9 0.000000
0.090536 0.238654 0.462548 9 0.000000
0.125657 0.247623 0.461068 9 0.000000
0.100369 0.273226 0.465664 9 0.000000
0.005736 0.751390 0.494806 6 0.000000
0.005736 0.766807 0.490531 6 0.000000
0.005742 0.755204 0.508561 6 0.000000
0.005736 0.735972 0.499080 6 0.000000
0.005729 0.747576 0.481051 6 0.000000
0.986737 0.573474 0.468615 9 0.999998
0.167553 0.794099 0.533334 7 0.000004
0.125674 0.223603 0.491023 3 0.000012
0.128055 0.232029 0.498727 3 0.000012
0.102545 0.225808 0.495757 3 0.000012
0.123294 0.215176 0.483318 3 0.000012
0.148804 0.221398 0.486288 3 0.000012
0.996189 0.739601 0.498007 1 0.000000
0.997032 0.742208 0.508744 1 0.000000
0.994549 0.721096 0.502629 1 0.000000
0.995345 0.736994 0.487270 1 0.000000
0.997828 0.758106 0.493385 1 0.000000
0.876917 0.671474 0.448448 2 0.000000
0.876967 0.710682 0.448810 2 0.000000
0.915118 0.671420 0.449019 2 0.000000
0.876866 0.632266 0.448086 2 0.000000
0.838715 0.671529 0.447877 2 0.000000
0.996644 0.326632 0.494470 1 0.000000
0.997120 0.365921 0.491914 1 0.000000
0.996739 0.327515 0.508051 1 0.000000
0.996167 0.287344 0.497027 1 0.000000
0.996548 0.325750 0.480890 1 0.000000
0.866280 0.293144 0.552800 13 0.000000
0.877461 0.320196 0.554026 13 0.000000
0.900757 0.278976 0.550985 13 0.000000
0.855099 0.266093 0.551573 13 0.000000
0.831803 0.307313 0.554614 13 0.000000
0.995925 0.223851 0.495555 1 0.000000
0.996904 0.231453 0.494526 1 0.000000
0.993914 0.226099 0.510248 1 0.000000
0.994947 0.216249 0.496584 1 0.000000
0.997937 0.221603 0.480863 1 0.000000
0.978922 0.796870 0.518420 8 0.002178
0.985768 0.796657 0.521055 8 0.002178
0.974884 0.798522 0.529045 8 0.002178
0.972076 0.797083 0.515784 8 0.002178
0.982961 0.795218 0.507794 8 0.002178
0.270276 0.225074 0.548282 4 0.000038
0.992106 0.791422 0.497132 1 0.058946
0.332826 0.797736 0.512636 7 0.000000
0.915224 0.686077 0.553556 13 0.000000
0.895143 0.686282 0.554632 13 0.000000
0.914944 0.650883 0.555014 13 0.000000
0.935306 0.685873 0.552479 13 0.000000
0.915504 0.721272 0.552097 13 0.000000
0.684785 0.799672 0.512032 8 0.000000
0.025895 0.608448 0.453519 9 0.000000
0.182709 0.680977 0.550009 4 0.000000
0.182264 0.717481 0.549888 4 0.000000
0.132181 0.680359 0.549550 4 0.000000
0.183155 0.644473 0.550129 4 0.000000
0.233238 0.681595 0.550468 4 0.000000
0.995021 0.754488 0.518096 1 0.000000
0.995387 0.769186 0.518317 1 0.000000
0.994661 0.754423 0.523057 1 0.000000
0.994655 0.739790 0.517876 1 0.000000
0.995380 0.754553 0.513135 1 0.000000
0.004877 0.774138 0.524225 6 0.440814
0.004132 0.774874 0.527099 6 0.440814
0.002730 0.767303 0.525420 6 0.440814
0.005622 0.773402 0.521352 6 0.440814
0.007024 0.780973 0.523031 6 0.440814
0.994031 0.210869 0.479548 1 0.000009
0.994651 0.214793 0.479580 1 0.000009
0.993195 0.210917 0.489706 1 0.000009
0.993411 0.206946 0.479515 1 0.000009
0.994867 0.210822 0.469390 1 0.000009
0.438511 0.694311 0.447054 9 0.000000
0.440385 0.726943 0.448330 9 0.000000
0.540772 0.688495 0.445632 9 0.000000
0.436638 0.661680 0.445777 9 0.000000
0.336251 0.700127 0.448475 9 0.000000
0.876424 0.232956 0.450338 9 0.000000
0.045330 0.795812 0.499678 7 0.000006
0.060432 0.795831 0.499037 7 0.000006
0.046060 0.796482 0.516882 7 0.000006
0.030228 0.795793 0.500320 7 0.000006
0.044600 0.795142 0.482475 7 0.000006
0.062554 0.201182 0.473464 5 0.000000
0.083847 0.200004 0.471946 5 0.000000
0.063176 0.200535 0.482685 5 0.000000
0.041261 0.202360 0.474983 5 0.000000
0.061932 0.201829 0.464244 5 0.000000
0.354943 0.799127 0.500389 8 0.000000
0.014033 0.797114 0.454293 8 0.969447
0.020869 0.797408 0.455111 8 0.969447
0.013869 0.795313 0.456307 8 0.969447
0.007196 0.796820 0.453476 8 0.969447
0.014196 0.798914 0.452279 8 0.969447
0.004430 0.245008 0.493783 6 0.000031
0.005053 0.253294 0.506007 6 0.000031
0.005144 0.232322 0.502345 6 0.000031
0.003808 0.236722 0.481558 6 0.000031
0.003717 0.257693 0.485220 6 0.000031
0.170506 0.198829 0.481123 5 0.000000
0.003379 0.542019 0.487309 6 0.000111
0.910348 0.312668 0.553206 4 0.000000
0.902534 0.348269 0.554921 4 0.000000
0.930990 0.317230 0.552562 4 0.000000
0.918162 0.277068 0.551492 4 0.000000
0.889706 0.308107 0.553850 4 0.000000
0.301259 0.200758 0.500898 3 0.000000
0.002504 0.202886 0.489532 11 0.999988
0.039701 0.303239 0.475022 9 0.000001
0.038842 0.335530 0.482996 9 0.000001
0.026503 0.302806 0.475356 9 0.000001
0.040560 0.270948 0.467047 9 0.000001
0.052900 0.303673 0.474688 9 0.000001
0.005169 0.729874 0.517327 6 0.000003
0.227734 0.798178 0.499540 7 0.000000
0.722107 0.675964 0.549735 13 0.000000
0.640574 0.692152 0.551622 13 0.000000
0.728595 0.708699 0.549212 13 0.000000
0.803641 0.659776 0.547847 13 0.000000
0.715620 0.643229 0.550257 13 0.000000
0.564244 0.624605 0.542615 4 0.000000
0.591081 0.660189 0.542032 4 0.000000
0.604332 0.594366 0.542342 4 0.000000
0.537407 0.589021 0.543198 4 0.000000
0.524157 0.654843 0.542888 4 0.000000
0.830400 0.240381 0.509339 10 0.994297
0.780035 0.295544 0.447650 9 0.000000
0.846290 0.297428 0.448475 9 0.000000
0.779203 0.325438 0.446213 9 0.000000
0.713781 0.293659 0.446826 9 0.000000
0.780868 0.265649 0.449088 9 0.000000
0.870782 0.213535 0.548540 14 0.993411
0.676973 0.733488 0.450250 9 0.000000
0.779865 0.736490 0.449231 2 0.000000
0.779720 0.757095 0.449874 2 0.000000
0.847287 0.736950 0.449626 2 0.000000
0.780009 0.715886 0.448589 2 0.000000
0.712442 0.736031 0.448837 2 0.000000
0.996220 0.345794 0.494372 1 0.000000
0.915561 0.264752 0.550934 13 0.000000
0.931064 0.277285 0.550812 13 0.000000
0.928704 0.248477 0.549297 13 0.000000
0.900057 0.252220 0.551057 13 0.000000
0.902417 0.281028 0.552571 13 0.000000
0.904595 0.200782 0.498719 5 0.000000
0.904029 0.201259 0.481984 5 0.000000
0.873842 0.200166 0.499743 5 0.000000
0.905162 0.200305 0.515454 5 0.000000
0.935349 0.201399 0.497695 5 0.000000
0.935152 0.769519 0.503818 7 0.841581
0.954292 0.778788 0.507260 7 0.841581
0.933213 0.769685 0.514153 7 0.841581
0.916012 0.760249 0.500376 7 0.841581
0.937091 0.769353 0.493483 7 0.841581
0.034064 0.200493 0.514713 5 0.000000
0.025052 0.200957 0.520333 5 0.000000
0.041378 0.201153 0.526385 5 0.000000
0.043076 0.200028 0.509093 5 0.000000
0.026751 0.199833 0.503041 5 0.000000
0.777906 0.797374 0.456880 7 0.577561
0.649935 0.800055 0.508816 8 0.000000
0.996972 0.741476 0.494966 1 0.000000
0.998621 0.758959 0.485905 1 0.000000
0.997318 0.747240 0.506151 1 0.000000
0.995322 0.723993 0.504027 1 0.000000
0.996625 0.735712 0.483781 1 0.000000
0.636433 0.797291 0.471021 7 0.133936
0.008697 0.787935 0.490256 11 0.000004
0.006313 0.792273 0.490257 11 0.000004
0.007626 0.787344 0.504877 11 0.000004
0.011080 0.783597 0.490255 11 0.000004
0.009767 0.788527 0.475635 11 0.000004
0.996907 0.269803 0.493211 1 0.000000
0.997771 0.272155 0.480247 1 0.000000
0.998668 0.291828 0.497325 1 0.000000
0.996043 0.267450 0.506176 1 0.000000
0.995146 0.247777 0.489097 1 0.000000
0.023218 0.202790 0.453242 12 1.000000
0.159158 0.198646 0.508431 5 0.000000
0.178738 0.795189 0.534301 8 0.000000
0.775694 0.219379 0.451706 9 0.000000
0.002238 0.201592 0.488962 12 0.999633
0.114219 0.328331 0.482543 2 0.000000
0.137624 0.342830 0.480355 2 0.000000
0.123471 0.313857 0.485591 2 0.000000
0.090815 0.313832 0.484730 2 0.000000
0.104968 0.342806 0.479494 2 0.000000
0.005862 0.228677 0.471379 6 0.000718
0.006432 0.238370 0.476540 6 0.000718
0.005806 0.226050 0.476320 6 0.000718
0.005291 0.218983 0.466219 6 0.000718
0.005917 0.231303 0.466439 6 0.000718
0.568778 0.798416 0.499615 7 0.000000
0.484160 0.797586 0.497967 8 0.000000
0.980753 0.395632 0.535857 1 0.000082
0.494433 0.639205 0.551429 13 0.000000
0.496727 0.687347 0.550793 13 0.000000
0.418041 0.642853 0.552038 13 0.000000
0.492139 0.591063 0.552064 13 0.000000
0.570825 0.635558 0.550820 13 0.000000
0.960632 0.298681 0.547713 4 0.001961
0.841222 0.363675 0.449331 2 0.000000
0.821616 0.384839 0.448692 2 0.000000
0.885637 0.404833 0.449754 2 0.000000
0.860829 0.342511 0.449969 2 0.000000
0.796807 0.322516 0.448907 2 0.000000
0.245848 0.227549 0.452911 2 0.002759
0.138335 0.293455 0.478249 9 0.000000
0.096436 0.275832 0.471691 9 0.000000
0.149373 0.268117 0.475820 9 0.000000
0.180234 0.311078 0.484807 9 0.000000
0.127297 0.318793 0.480678 9 0.000000
0.002496 0.758546 0.453465 6 0.999867
0.809754 0.679958 0.448858 9 0.000000
0.810891 0.716841 0.448932 9 0.000000
0.867507 0.678177 0.449096 9 0.000000
0.808617 0.643075 0.448784 9 0.000000
0.752000 0.681739 0.448619 9 0.000000
0.973530 0.799954 0.453849 8 0.999997
0.263971 0.796699 0.525156 8 0.000000
0.929261 0.745324 0.549541 4 0.000000
0.917648 0.754280 0.549481 4 0.000000
0.917373 0.729911 0.549825 4 0.000000
0.940874 0.736369 0.549601 4 0.000000
0.941149 0.760738 0.549258 4 0.000000
0.019050 0.500179 0.453750 9 0.002697
0.238782 0.668908 0.550903 4 0.000000
0.250819 0.693525 0.551250 4 0.000000
0.171528 0.701804 0.550062 4 0.000000
0.226745 0.644290 0.550556 4 0.000000
0.306036 0.636012 0.551744 4 0.000000
0.194603 0.263494 0.448745 9 0.000000
0.194326 0.284508 0.448097 9 0.000000
0.255090 0.264291 0.448682 9 0.000000
0.194881 0.242480 0.449393 9 0.000000
0.134116 0.262697 0.448809 9 0.000000
0.006810 0.795004 0.491032 8 0.638055
0.813901 0.231764 0.452131 9 0.000000
0.006612 0.795555 0.493581 8 0.442304
0.199658 0.199765 0.499974 5 0.000000
0.995586 0.205085 0.526329 1 0.675138
0.995100 0.207187 0.526006 1 0.675138
0.993619 0.205668 0.533075 1 0.675138
0.996071 0.202982 0.526652 1 0.675138
0.997552 0.204502 0.519583 1 0.675138
0.852882 0.309866 0.552851 4 0.000000
0.863149 0.342343 0.554017 4 0.000000
0.891872 0.297604 0.551080 4 0.000000
0.842615 0.277389 0.551684 4 0.000000
0.813892 0.322129 0.554621 4 0.000000
0.145269 0.200382 0.452615 3 0.999999
0.989029 0.252237 0.520865 1 0.000000
0.694694 0.675190 0.554344 4 0.000000
0.687696 0.709570 0.553479 4 0.000000
0.782673 0.693073 0.553353 4 0.000000
0.701692 0.640810 0.555208 4 0.000000
0.606716 0.657307 0.555334 4 0.000000
0.797630 0.296784 0.550044 4 0.000000
0.802160 0.327118 0.551139 4 0.000000
0.740741 0.305251 0.550817 4 0.000000
0.793101 0.266450 0.548949 4 0.000000
0.854519 0.288318 0.549271 4 0.000000
0.030950 0.310168 0.483104 6 0.000001
0.039097 0.329989 0.491305 6 0.000001
0.036138 0.305926 0.488200 6 0.000001
0.022802 0.290346 0.474903 6 0.000001
0.025761 0.314409 0.478008 6 0.000001
0.659896 0.643329 0.445187 2 0.000000
0.745326 0.681009 0.447751 2 0.000000
0.646952 0.672720 0.444538 2 0.000000
0.574466 0.605650 0.442622 2 0.000000
0.672839 0.613939 0.445835 2 0.000000
0.763412 0.671376 0.527963 4 0.000000
0.689329 0.686325 0.528569 4 0.000000
0.770147 0.704758 0.527798 4 0.000000
0.837495 0.656427 0.527357 4 0.000000
0.756677 0.637994 0.528128 4 0.000000
0.726499 0.606305 0.526130 15 0.000060
0.725389 0.621471 0.528356 15 0.000060
0.701510 0.603928 0.529853 15 0.000060
0.727610 0.591139 0.523903 15 0.000060
0.751488 0.608682 0.522406 15 0.000060
0.206123 0.610801 0.550126 13 0.000000
0.107002 0.507860 0.547185 13 0.000000
0.494892 0.571928 0.450792 9 0.000000
0.489936 0.632591 0.451838 9 0.000000
0.467618 0.569705 0.450452 9 0.000000
0.499848 0.511264 0.449746 9 0.000000
0.522166 0.574150 0.451132 9 0.000000
0.142727 0.505528 0.447105 9 0.000000
0.597433 0.498149 0.551439 4 0.000000
0.302472 0.795175 0.478007 7 0.000020
0.971617 0.602142 0.540038 4 0.000000
0.463004 0.321200 0.554082 4 0.000000
0.005668 0.233569 0.462449 6 0.000458
0.162123 0.351679 0.449231 2 0.000000
0.116164 0.389627 0.449825 2 0.000000
0.141087 0.326195 0.449744 2 0.000000
0.208081 0.313731 0.448638 2 0.000000
0.183158 0.377163 0.448719 2 0.000000
0.737131 0.318102 0.448458 2 0.000000
0.816873 0.311877 0.448896 2 0.000000
0.739889 0.353392 0.447943 2 0.000000
0.657389 0.324327 0.448020 2 0.000000
0.734373 0.282812 0.448973 2 0.000000
0.321858 0.338558 0.448464 9 0.000000
0.312696 0.371585 0.448274 9 0.000000
0.222334 0.310955 0.449480 9 0.000000
0.331020 0.305532 0.448653 9 0.000000
0.421382 0.366162 0.447447 9 0.000000
0.494220 0.614963 0.449302 9 0.000000
0.571443 0.613227 0.449508 9 0.000000
0.493380 0.577713 0.450319 9 0.000000
0.416997 0.616699 0.449097 9 0.000000
0.495060 0.652213 0.448286 9 0.000000
0.343045 0.333378 0.552723 4 0.000000
0.335746 0.369092 0.552867 4 0.000000
0.441801 0.353552 0.555438 4 0.000000
0.350345 0.297665 0.552579 4 0.000000
0.244289 0.313204 0.550008 4 0.000000
0.504995 0.422530 0.451946 2 0.000000
0.477628 0.419254 0.451642 2 0.000000
0.497465 0.485533 0.450839 2 0.000000
0.532361 0.425806 0.452251 2 0.000000
0.512524 0.359527 0.453054 2 0.000000
0.472834 0.591071 0.540434 4 0.000000
0.509429 0.633491 0.540535 4 0.000000
0.510942 0.558196 0.539740 4 0.000000
0.436238 0.548652 0.540333 4 0.000000
0.434725 0.623946 0.541128 4 0.000000
0.702494 0.669657 0.448391 2 0.000000
0.694012 0.702765 0.448388 2 0.000000
0.615364 0.647336 0.447257 2 0.000000
0.710975 0.636549 0.448394 2 0.000000
0.789623 0.691978 0.449525 2 0.000000
0.446421 0.392029 0.556183 13 0.000000
0.414330 0.427407 0.556424 13 0.000000
0.484299 0.426383 0.556666 13 0.000000
0.478512 0.356650 0.555942 13 0.000000
0.408544 0.357674 0.555700 13 0.000000
0.023751 0.512706 0.528667 6 0.000317
0.836636 0.390115 0.550572 4 0.000000
0.854676 0.377664 0.550280 4 0.000000
0.796818 0.332436 0.550177 4 0.000000
0.818596 0.402567 0.550865 4 0.000000
0.876454 0.447795 0.550968 4 0.000000
0.787252 0.277668 0.550604 13 0.000000
0.789588 0.302978 0.552019 13 0.000000
0.847118 0.272192 0.549723 13 0.000000
0.784916 0.252357 0.549189 13 0.000000
0.727386 0.283144 0.551485 13 0.000000
0.215223 0.673523 0.447255 9 0.000000
0.226288 0.697618 0.447130 9 0.000000
0.281299 0.643171 0.445989 9 0.000000
0.204157 0.649428 0.447380 9 0.000000
0.149147 0.703874 0.448521 9 0.000000
0.119181 0.392499 0.480900 9 0.000000
0.358931 0.322984 0.449116 2 0.000000
0.509235 0.316518 0.501268 4 0.000000
0.915970 0.499783 0.451548 2 0.000000
0.835111 0.626700 0.448246 9 0.000000
0.788683 0.673988 0.447595 9 0.000000
0.816389 0.608306 0.447352 9 0.000000
0.881540 0.579413 0.448897 9 0.000000
0.853834 0.645095 0.449140 9 0.000000
0.609157 0.535700 0.551630 4 0.000000
0.738283 0.217760 0.451331 9 0.000540
0.118013 0.464955 0.449979 2 0.000000
0.165993 0.199217 0.466980 5 0.000674
0.086232 0.536812 0.448926 2 0.000000
0.084396 0.617210 0.448723 2 0.000000
0.058964 0.536191 0.449550 2 0.000000
0.088068 0.456414 0.449129 2 0.000000
0.113500 0.537433 0.448302 2 0.000000
0.663904 0.301802 0.448883 9 0.000000
0.661142 0.332908 0.448259 9 0.000000
0.563683 0.292881 0.447668 9 0.000000
0.666665 0.270695 0.449507 9 0.000000
0.764124 0.310723 0.450098 9 0.000000
0.760099 0.796680 0.529359 8 0.000000
0.808017 0.661895 0.445450 2 0.000000
0.815773 0.693112 0.446365 2 0.000000
0.749844 0.676399 0.443764 2 0.000000
0.800260 0.630678 0.444535 2 0.000000
0.866189 0.647392 0.447136 2 0.000000
0.865726 0.800145 0.500915 8 0.000000
0.613891 0.222399 0.451927 9 0.000001
0.020653 0.553678 0.455987 2 0.000004
0.390022 0.294358 0.447124 9 0.000000
0.003783 0.405499 0.510707 6 0.000001
0.413582 0.513861 0.449612 2 0.000000
0.442970 0.508862 0.450099 2 0.000000
0.398914 0.427638 0.449584 2 0.000000
0.384193 0.518861 0.449125 2 0.000000
0.428250 0.600085 0.449640 2 0.000000
0.811079 0.476999 0.464374 16 0.002572
0.742483 0.198951 0.503644 5 0.000000
0.956521 0.201814 0.532367 5 0.000003
0.972111 0.202890 0.529334 5 0.000003
0.957740 0.201537 0.538534 5 0.000003
0.940930 0.200739 0.535400 5 0.000003
0.955302 0.202092 0.526200 5 0.000003
0.984764 0.794645 0.497024 7 0.000002
0.990137 0.796081 0.497210 7 0.000002
0.983955 0.795660 0.512623 7 0.000002
0.979392 0.793210 0.496839 7 0.000002
0.985574 0.793630 0.481426 7 0.000002
0.007180 0.498881 0.498737 6 0.000002
0.442282 0.542810 0.451063 2 0.000000
0.390987 0.583620 0.449970 2 0.000000
0.462307 0.567982 0.451148 2 0.000000
0.493577 0.502000 0.452156 2 0.000000
0.422257 0.517639 0.450978 2 0.000000
0.576539 0.799926 0.500507 7 0.000000
0.274638 0.228550 0.548490 4 0.000001
0.954030 0.500305 0.453954 2 0.000000
0.276773 0.799865 0.482106 8 0.000011
0.248542 0.734455 0.549648 4 0.000000
0.038226 0.200702 0.515936 5 0.000000
0.030070 0.200208 0.525249 5 0.000000
0.046946 0.200983 0.523588 5 0.000000
0.046381 0.201196 0.506624 5 0.000000
0.029505 0.200422 0.508284 5 0.000000
0.006161 0.768279 0.497581 6 0.000001
0.005140 0.778562 0.499941 6 0.000001
0.007318 0.765009 0.512333 6 0.000001
0.007182 0.757996 0.495221 6 0.000001
0.005004 0.771549 0.482829 6 0.000001
0.869666 0.797333 0.526882 8 0.000001
0.913608 0.250653 0.450679 9 0.000000
0.917669 0.266917 0.450522 9 0.000000
0.886547 0.257394 0.449093 9 0.000000
0.909548 0.234389 0.450835 9 0.000000
0.940669 0.243912 0.452264 9 0.000000
0.970663 0.766187 0.472703 2 0.988084
0.977920 0.776137 0.464908 2 0.988084
0.964515 0.771569 0.473849 2 0.988084
0.963406 0.756236 0.480498 2 0.988084
0.976811 0.760805 0.471556 2 0.988084
0.218723 0.268130 0.548900 13 0.000000
0.220363 0.289784 0.549834 13 0.000000
0.153615 0.273195 0.545825 13 0.000000
0.217082 0.246476 0.547967 13 0.000000
0.283830 0.263065 0.551976 13 0.000000
0.016146 0.202386 0.496141 5 0.000000
0.021569 0.202437 0.495905 5 0.000000
0.016853 0.203469 0.512686 5 0.000000
0.010722 0.202334 0.496376 5 0.000000
0.015438 0.201302 0.479595 5 0.000000
0.004512 0.589155 0.455915 6 0.999981
0.006825 0.219768 0.468943 6 0.000189
0.009059 0.225988 0.473526 6 0.000189
0.007663 0.216237 0.473326 6 0.000189
0.004591 0.213547 0.464360 6 0.000189
0.005987 0.223298 0.464560 6 0.000189
0.521572 0.797462 0.465676 8 0.048193
0.003394 0.619764 0.490225 6 0.000000
0.270439 0.200376 0.499816 5 0.000000
0.003885 0.280880 0.492248 6 0.000006
0.002802 0.307390 0.488137 6 0.000006
0.004485 0.283010 0.505824 6 0.000006
0.004968 0.254371 0.496359 6 0.000006
0.003284 0.278751 0.478673 6 0.000006
0.996052 0.268495 0.489044 1 0.000000
0.994677 0.290169 0.492875 1 0.000000
0.995124 0.266330 0.500957 1 0.000000
0.997427 0.246821 0.485213 1 0.000000
0.996980 0.270660 0.477131 1 0.000000
0.025424 0.743389 0.544689 11 0.907684
0.038230 0.797580 0.528434 8 0.000706
0.035855 0.798709 0.535371 8 0.000706
0.050657 0.796881 0.532802 8 0.000706
0.040606 0.796452 0.521496 8 0.000706
0.025804 0.798280 0.524065 8 0.000706
0.993782 0.773109 0.520154 1 0.000003
0.993656 0.771867 0.524779 1 0.000003
0.994073 0.763930 0.517697 1 0.000003
0.993908 0.774351 0.515530 1 0.000003
0.993491 0.782289 0.522612 1 0.000003
0.988064 0.623338 0.453776 1 0.001300
0.309371 0.259973 0.450143 9 0.000000
0.995087 0.229433 0.462247 1 0.000000
0.997216 0.240568 0.460946 1 0.000000
0.995219 0.229902 0.466479 1 0.000000
0.992959 0.218299 0.463548 1 0.000000
0.994956 0.228964 0.458015 1 0.000000
0.854331 0.799124 0.504371 8 0.000000
0.029788 0.201355 0.528763 5 0.002164
0.019983 0.202173 0.522272 5 0.002164
0.025790 0.203225 0.535039 5 0.002164
0.039593 0.200537 0.535253 5 0.002164
0.033787 0.199486 0.522486 5 0.002164
0.066031 0.199989 0.499499 5 0.000000
0.087736 0.198757 0.500940 5 0.000000
0.064899 0.199974 0.516528 5 0.000000
0.044325 0.201221 0.498058 5 0.000000
0.067162 0.200004 0.482469 5 0.000000
0.995053 0.256374 0.524110 1 0.008139
0.789908 0.231043 0.451277 9 0.000000
0.947731 0.797385 0.511365 8 0.000000
0.931038 0.796891 0.508915 8 0.000000
0.945824 0.798169 0.524197 8 0.000000
0.964423 0.797879 0.513815 8 0.000000
0.949637 0.796602 0.498533 8 0.000000
0.001881 0.499751 0.490674 11 0.000000
0.316788 0.796890 0.535419 8 0.000000
0.165635 0.200411 0.499086 5 0.000000
0.003924 0.303844 0.464884 6 0.000000
0.752075 0.712504 0.447617 2 0.000000
0.753621 0.740076 0.448797 2 0.000000
0.828051 0.708213 0.448376 2 0.000000
0.750529 0.684933 0.446438 2 0.000000
0.676099 0.716796 0.446859 2 0.000000
0.791180 0.198894 0.505348 5 0.000000
0.005006 0.409267 0.521390 6 0.000014
0.315595 0.201059 0.502029 5 0.000000
0.758622 0.775696 0.451930 9 0.000000
0.738939 0.798801 0.500000 8 0.000000
0.947932 0.636146 0.524089 14 0.000007
0.962967 0.797125 0.501901 8 0.000001
0.950731 0.797054 0.503865 8 0.000001
0.965486 0.798170 0.517630 8 0.000001
0.975203 0.797196 0.499937 8 0.000001
0.960449 0.796080 0.486172 8 0.000001
0.036762 0.200709 0.498533 5 0.000000
0.048401 0.200829 0.500217 5 0.000000
0.034271 0.200293 0.515784 5 0.000000
0.025123 0.200589 0.496850 5 0.000000
0.039253 0.201126 0.481282 5 0.000000
0.994741 0.224352 0.453495 1 0.999966
0.617851 0.797418 0.508984 8 0.000000
0.703892 0.673572 0.447654 2 0.000000
0.704348 0.707364 0.447570 2 0.000000
0.793472 0.672368 0.448897 2 0.000000
0.703437 0.639779 0.447737 2 0.000000
0.614313 0.674775 0.446411 2 0.000000
0.832359 0.721263 0.552838 13 0.000000
0.833029 0.746787 0.551488 13 0.000000
0.784637 0.722638 0.555152 13 0.000000
0.831689 0.695740 0.554188 13 0.000000
0.880081 0.719888 0.550524 13 0.000000
0.268042 0.674566 0.551044 4 0.000000
0.277368 0.706891 0.550938 4 0.000000
0.191034 0.696780 0.550296 4 0.000000
0.258717 0.642241 0.551150 4 0.000000
0.345050 0.652352 0.551792 4 0.000000
0.035583 0.202447 0.545559 3 0.876873
0.001881 0.240119 0.453177 6 0.999933
0.004845 0.210427 0.490659 6 0.051886
0.073530 0.202832 0.451419 9 1.000000
0.115546 0.199092 0.499785 5 0.000000
0.079073 0.200247 0.498640 5 0.000000
0.115030 0.199113 0.516244 5 0.000000
0.152020 0.197937 0.500930 5 0.000000
0.116062 0.199072 0.483327 5 0.000000
0.812362 0.775468 0.531042 14 0.868005
0.898257 0.378466 0.450113 2 0.000000
0.866876 0.375981 0.449958 2 0.000000
0.893880 0.433730 0.450040 2 0.000000
0.929637 0.380952 0.450268 2 0.000000
0.902634 0.323203 0.450186 2 0.000000
0.965920 0.618811 0.547330 4 0.000006
0.969098 0.795056 0.466935 8 0.533130
0.979585 0.796808 0.462606 8 0.533130
0.970838 0.794113 0.470767 8 0.533130
0.958612 0.793304 0.471265 8 0.533130
0.967359 0.796000 0.463104 8 0.533130
0.671302 0.226680 0.452302 9 0.000000
0.263136 0.796621 0.455088 8 0.999726
0.207008 0.199816 0.508139 5 0.000000
0.085597 0.278766 0.449708 2 0.000000
0.094013 0.303237 0.449065 2 0.000000
0.058803 0.287997 0.450304 2 0.000000
0.077180 0.254294 0.450352 2 0.000000
0.112391 0.269535 0.449113 2 0.000000
0.888483 0.227005 0.547936 13 0.000000
0.822013 0.466810 0.454075 16 0.999900
0.248012 0.754096 0.448079 9 0.000000
0.921234 0.798199 0.517966 8 0.000000
0.946002 0.798364 0.520592 8 0.000000
0.920153 0.798837 0.528122 8 0.000000
0.896467 0.798033 0.515340 8 0.000000
0.922316 0.797560 0.507810 8 0.000000
0.616759 0.230270 0.451829 2 0.000000
0.840767 0.274957 0.448792 9 0.000000
0.890482 0.272498 0.449841 9 0.000000
0.841968 0.299043 0.448305 9 0.000000
0.791052 0.277415 0.447744 9 0.000000
0.839566 0.250870 0.449280 9 0.000000
0.300503 0.549281 0.451634 17 0.002184
0.576763 0.271227 0.448482 2 0.000000
0.036063 0.499730 0.453425 9 0.000000
0.674718 0.797857 0.527259 8 0.000000
0.912201 0.797970 0.518186 7 0.000000
0.939591 0.798450 0.521194 7 0.000000
0.911043 0.798348 0.528674 7 0.000000
0.884811 0.797490 0.515178 7 0.000000
0.913359 0.797592 0.507698 7 0.000000
0.269125 0.200479 0.499826 5 0.000000
0.673370 0.270265 0.448848 2 0.000000
0.472962 0.739339 0.448815 9 0.000000
0.066515 0.203741 0.543775 10 0.000010
0.362113 0.308870 0.448699 2 0.000000
0.340406 0.797466 0.526544 8 0.999937
0.271854 0.673482 0.448256 2 0.000000
0.270437 0.706739 0.448388 2 0.000000
0.189521 0.669968 0.449684 2 0.000000
0.273271 0.640225 0.448123 2 0.000000
0.354187 0.676996 0.446827 2 0.000000
0.478914 0.799359 0.500481 8 0.000000
0.926873 0.544422 0.550882 4 0.000000
0.011454 0.376207 0.525996 6 0.000001
0.006393 0.472879 0.481138 6 0.000000
0.269337 0.311757 0.448572 2 0.000000
0.272364 0.345913 0.447525 2 0.000000
0.186755 0.319118 0.449933 2 0.000000
0.266310 0.277602 0.449619 2 0.000000
0.351919 0.304397 0.447211 2 0.000000
0.992228 0.719033 0.459988 1 0.000000
0.123213 0.654405 0.448496 2 0.000000
0.143244 0.695572 0.448099 2 0.000000
0.156623 0.638140 0.447624 2 0.000000
0.103182 0.613238 0.448893 2 0.000000
0.089802 0.670670 0.449367 2 0.000000
0.775599 0.799556 0.493552 7 0.000000
0.308116 0.796378 0.513688 7 0.000000
0.993311 0.525787 0.526627 1 0.000000
0.615095 0.297739 0.447863 2 0.000000
0.660741 0.566416 0.550388 4 0.000000
0.949571 0.381833 0.475256 1 0.000000
0.778416 0.762955 0.449907 2 0.000000
0.782627 0.614055 0.447190 9 0.000000
0.129060 0.796338 0.457503 8 0.951394
0.923781 0.414887 0.452311 9 0.000000
0.930835 0.483025 0.451300 9 0.000000
0.900435 0.417301 0.452064 9 0.000000
0.916727 0.346750 0.453321 9 0.000000
0.947128 0.412474 0.452557 9 0.000000
0.735038 0.255492 0.449791 9 0.000000
0.727587 0.199496 0.500514 5 0.000000
0.994392 0.674216 0.477228 1 0.000000
0.312784 0.223841 0.459448 9 0.000000
0.540310 0.797174 0.519352 8 0.000000
0.464682 0.510237 0.447471 9 0.000000
0.481472 0.595545 0.448137 9 0.000000
0.418532 0.519320 0.447463 9 0.000000
0.447892 0.424929 0.446804 9 0.000000
0.510833 0.501154 0.447478 9 0.000000
0.693767 0.686645 0.450320 9 0.000000
0.700203 0.715421 0.451102 9 0.000000
0.603833 0.706748 0.450742 9 0.000000
0.687330 0.657869 0.449538 9 0.000000
0.783700 0.666542 0.449898 9 0.000000
0.819601 0.235103 0.549185 13 0.000000
0.497659 0.243981 0.451382 9 0.000000
0.863227 0.206185 0.453090 9 0.014371
0.001950 0.539917 0.460885 6 0.074959
0.940763 0.796935 0.534111 8 0.004772
0.302540 0.200732 0.500794 3 0.000000
0.683490 0.796752 0.499894 8 0.000000
0.903981 0.700392 0.548276 4 0.000000
0.887371 0.729560 0.549431 4 0.000000
0.882618 0.688133 0.550641 4 0.000000
0.920591 0.671224 0.547121 4 0.000000
0.925344 0.712651 0.545912 4 0.000000
0.005823 0.751333 0.495022 11 0.000000
0.005667 0.755960 0.508416 11 0.000000
0.005975 0.736042 0.500306 11 0.000000
0.005978 0.746706 0.481628 11 0.000000
0.005670 0.766624 0.489738 11 0.000000
0.996385 0.257356 0.494735 1 0.000000
0.997572 0.261968 0.482078 1 0.000000
0.997749 0.275125 0.501338 1 0.000000
0.995198 0.252744 0.507392 1 0.000000
0.995022 0.239587 0.488133 1 0.000000
0.833921 0.796137 0.532021 8 0.000000
0.803380 0.249457 0.451115 9 0.000000
0.185962 0.200503 0.458034 3 0.771594
0.006337 0.213610 0.473985 6 0.000083
0.007037 0.217200 0.482362 6 0.000083
0.005723 0.209692 0.475715 6 0.000083
0.005637 0.210021 0.465608 6 0.000083
0.006951 0.217529 0.472254 6 0.000083
0.436754 0.794729 0.497367 7 0.000000
0.996786 0.539138 0.500255 1 0.000000
0.003652 0.337914 0.463117 6 0.000192
0.703590 0.333281 0.448713 9 0.000000
0.612732 0.361472 0.445485 9 0.000000
0.713471 0.365085 0.448336 9 0.000000
0.794448 0.305090 0.451941 9 0.000000
0.693709 0.301477 0.449090 9 0.000000
0.992662 0.715752 0.492446 1 0.000000
0.993946 0.742471 0.500894 1 0.000000
0.993746 0.712561 0.502376 1 0.000000
0.991378 0.689034 0.483999 1 0.000000
0.991578 0.718944 0.482517 1 0.000000
0.701038 0.453534 0.502221 15 0.838053
0.688269 0.457909 0.501357 15 0.838053
0.699732 0.452832 0.517962 15 0.838053
0.713807 0.449160 0.503084 15 0.838053
0.702344 0.454237 0.486479 15 0.838053
0.116286 0.797435 0.462572 7 0.231127
0.234055 0.204245 0.457083 12 0.999999
0.828507 0.764319 0.450912 2 0.000000
0.994758 0.222333 0.460801 1 0.000000
0.996666 0.223314 0.457172 1 0.000000
0.993743 0.230346 0.462432 1 0.000000
0.992851 0.221353 0.464430 1 0.000000
0.995774 0.214320 0.459170 1 0.000000
0.150350 0.199675 0.473084 5 0.006765
0.975381 0.332070 0.454522 9 0.000000
0.003846 0.212525 0.465933 6 0.001470
0.982686 0.274687 0.539513 13 0.000002
0.744512 0.244269 0.451121 2 0.000000
0.002492 0.545225 0.491050 6 0.000000
0.006986 0.627408 0.469410 6 0.978169
0.850190 0.718450 0.448686 2 0.000000
0.850534 0.744488 0.449398 2 0.000000
0.897034 0.717814 0.449310 2 0.000000
0.849846 0.692411 0.447975 2 0.000000
0.803346 0.719086 0.448063 2 0.000000
0.002487 0.413843 0.491607 6 0.000000
0.708718 0.209125 0.527343 3 0.000000
0.947076 0.797869 0.516551 7 0.000000
0.929671 0.798041 0.515469 7 0.000000
0.946382 0.798816 0.527865 7 0.000000
0.964481 0.797697 0.517633 7 0.000000
0.947770 0.796922 0.505238 7 0.000000
0.014552 0.202488 0.529253 10 0.000014
0.017111 0.201878 0.527433 10 0.000014
0.018642 0.199964 0.535846 10 0.000014
0.011993 0.203097 0.531074 10 0.000014
0.010462 0.205012 0.522660 10 0.000014
0.875432 0.212304 0.451272 9 0.004145
0.003370 0.637266 0.490349 6 0.000403
0.180309 0.796195 0.540038 7 0.707027
0.980326 0.470937 0.532707 1 0.999660
0.967176 0.798013 0.537503 8 0.540893
0.117899 0.773018 0.451957 9 0.000039
0.773542 0.739798 0.551854 14 0.000000
0.774079 0.759517 0.550797 14 0.000000
0.708426 0.741667 0.553610 14 0.000000
0.773004 0.720079 0.552911 14 0.000000
0.838658 0.737929 0.550098 14 0.000000
0.063211 0.603459 0.452734 2 0.000000
0.751403 0.199166 0.535208 5 0.000000
0.193338 0.798896 0.510384 7 0.000000
0.305186 0.206491 0.462195 5 0.999988
0.002368 0.379302 0.471746 6 0.000001
-0.000472 0.497567 0.531000 6 0.999989
0.185376 0.202704 0.521229 3 0.000000
0.993321 0.760539 0.460359 1 0.000000
0.007222 0.673216 0.463475 6 0.015857
0.171738 0.199434 0.472062 5 0.000002
0.393839 0.309149 0.552404 4 0.000000
0.259092 0.200691 0.499428 5 0.000000
0.156929 0.644790 0.547529 4 0.000000
0.195526 0.685162 0.548339 4 0.000000
0.179822 0.622882 0.548578 4 0.000000
0.118331 0.604419 0.546718 4 0.000000
0.134035 0.666699 0.546480 4 0.000000
0.824939 0.795892 0.532022 8 0.000000
0.792251 0.450580 0.468524 16 0.000399
0.808782 0.459838 0.464883 16 0.000399
0.792472 0.452729 0.474991 16 0.000399
0.775720 0.441322 0.472165 16 0.000399
0.792030 0.448431 0.462057 16 0.000399
0.001160 0.783170 0.453556 6 0.999985
0.115385 0.792674 0.454116 9 0.320392
0.106369 0.417304 0.449958 2 0.000000
0.091025 0.483124 0.449958 2 0.000000
0.135418 0.424076 0.449382 2 0.000000
0.121714 0.351483 0.449957 2 0.000000
0.077321 0.410531 0.450533 2 0.000000
0.979286 0.211621 0.454082 1 0.011583
0.987285 0.211518 0.456652 1 0.011583
0.979123 0.206245 0.454374 1 0.011583
0.971286 0.211723 0.451513 1 0.011583
0.979448 0.216996 0.453791 1 0.011583
0.997611 0.201820 0.489738 1 0.999976
0.687979 0.234190 0.451212 2 0.000000
0.012256 0.605777 0.507254 6 0.000003
0.994474 0.719592 0.492661 1 0.000000
0.995635 0.744894 0.495876 1 0.000000
0.995071 0.717959 0.505304 1 0.000000
0.993313 0.694291 0.489447 1 0.000000
0.993877 0.721226 0.480019 1 0.000000
0.002551 0.546083 0.491265 11 0.000000
0.990450 0.795096 0.493633 8 0.000019
0.226077 0.703043 0.549736 4 0.000000
0.219863 0.729252 0.549059 4 0.000000
0.164938 0.688533 0.549129 4 0.000000
0.232290 0.676833 0.550413 4 0.000000
0.287216 0.717553 0.550343 4 0.000000
0.261632 0.285737 0.448756 2 0.000000
0.264130 0.312085 0.447313 2 0.000000
0.342810 0.277994 0.447936 2 0.000000
0.259133 0.259390 0.450198 2 0.000000
0.180454 0.293480 0.449575 2 0.000000
0.110001 0.214314 0.455967 9 0.108856
0.937753 0.793228 0.490779 8 0.509330
0.927872 0.794827 0.493480 8 0.509330
0.938988 0.797207 0.492940 8 0.509330
0.947635 0.791629 0.488077 8 0.509330
0.936518 0.789249 0.488617 8 0.509330
0.692636 0.794744 0.452911 8 0.924534
0.773487 0.245979 0.549322 4 0.000000
0.533037 0.240574 0.550282 13 0.000000
0.002325 0.202606 0.489670 6 0.999952
0.508371 0.232211 0.451135 2 0.000000
0.457860 0.252511 0.548509 4 0.000000
0.358807 0.798678 0.485510 7 0.000000
0.004287 0.782190 0.494296 6 0.000009
0.005668 0.781441 0.509497 6 0.000009
0.005379 0.775975 0.493891 6 0.000009
0.002905 0.782938 0.479095 6 0.000009
0.003195 0.788405 0.494701 6 0.000009
0.728287 0.228309 0.451352 9 0.000000
0.997180 0.419836 0.495176 1 0.000000
0.923620 0.378577 0.549999 14 0.000000
0.645562 0.729876 0.547882 4 0.000000
0.066412 0.626356 0.481445 9 0.000000
0.005114 0.348158 0.496551 6 0.000000
0.147664 0.501865 0.448009 2 0.000000
0.993144 0.576430 0.470843 1 0.000000
0.002025 0.487704 0.456860 6 0.013737
0.670907 0.232388 0.450651 2 0.000000
0.921562 0.527149 0.550481 4 0.000000
0.938670 0.420072 0.551658 4 0.000000
0.094944 0.201633 0.530399 5 0.000000
0.930365 0.799568 0.495333 8 0.000000
0.952177 0.798816 0.490748 8 0.000000
0.933238 0.799857 0.508953 8 0.000000
0.908554 0.800319 0.499917 8 0.000000
0.927492 0.799278 0.481712 8 0.000000
0.995695 0.668309 0.491285 1 0.000000
0.997102 0.695693 0.488790 1 0.000000
0.997315 0.669389 0.504052 1 0.000000
0.994288 0.640925 0.493780 1 0.000000
0.994075 0.667229 0.478518 1 0.000000
0.804221 0.797957 0.497180 8 0.000000
0.625762 0.268750 0.549779 13 0.000000
0.927086 0.392955 0.550851 4 0.000000
0.994673 0.224243 0.453551 1 0.999573
0.994359 0.224717 0.453711 1 0.999842
0.024930 0.683121 0.488801 11 0.300790
0.732707 0.797506 0.534583 8 0.000000
0.343218 0.319952 0.552323 13 0.000000
0.343422 0.356488 0.552888 13 0.000000
0.241166 0.320563 0.549611 13 0.000000
0.343014 0.283417 0.551757 13 0.000000
0.445270 0.319341 0.555034 13 0.000000
0.988779 0.551625 0.459647 2 0.000102
0.017063 0.606771 0.469599 6 0.000000
0.021384 0.326075 0.501098 6 0.000000
0.710235 0.223272 0.454118 9 0.000000
0.995721 0.644542 0.494402 1 0.000000
0.049850 0.790540 0.524802 7 0.000000
0.065529 0.793440 0.525550 7 0.000000
0.049007 0.792960 0.533087 7 0.000000
0.034170 0.787641 0.524055 7 0.000000
0.050692 0.788120 0.516517 7 0.000000
0.007066 0.500597 0.484301 11 0.000000
0.138050 0.199174 0.533676 5 0.000096
0.301985 0.670509 0.447201 2 0.000000
0.310109 0.703492 0.447599 2 0.000000
0.392629 0.648194 0.446325 2 0.000000
0.293861 0.637526 0.446803 2 0.000000
0.211341 0.692824 0.448078 2 0.000000
0.623613 0.312464 0.447154 2 0.000000
0.276569 0.795030 0.468298 8 0.067735
0.925958 0.380712 0.540343 4 0.000000
0.003255 0.211691 0.455819 6 0.999989
0.002285 0.217314 0.455494 6 0.999989
0.005000 0.212107 0.457807 6 0.999989
0.004226 0.206069 0.456143 6 0.999989
0.001511 0.211275 0.453831 6 0.999989
0.975199 0.618802 0.541402 13 0.000001
0.466574 0.756540 0.477035 9 0.999913
0.877344 0.373071 0.510658 4 0.000000
0.882790 0.420466 0.512817 4 0.000000
0.852609 0.375950 0.509843 4 0.000000
0.871898 0.325675 0.508499 4 0.000000
0.902079 0.370191 0.511473 4 0.000000
0.293613 0.709838 0.450667 9 0.000000
0.345766 0.716020 0.550266 13 0.000000
0.342596 0.770767 0.450161 9 0.000000
0.467035 0.203608 0.465456 3 0.005117
0.994257 0.454093 0.526048 1 0.000000
0.502834 0.497055 0.448092 2 0.000000
0.493606 0.586776 0.448160 2 0.000000
0.445540 0.491161 0.447893 2 0.000000
0.512063 0.407334 0.448024 2 0.000000
0.560129 0.502948 0.448291 2 0.000000
0.442217 0.198853 0.514906 5 0.000000
0.275128 0.794815 0.453419 8 0.000546
0.971165 0.630588 0.538973 4 0.000000
0.655928 0.218837 0.452140 9 0.000004
0.166549 0.772524 0.453410 9 0.000000
0.050558 0.202867 0.537243 3 0.014421
0.035226 0.204709 0.535034 3 0.014421
0.049764 0.203411 0.543211 3 0.014421
0.065890 0.201025 0.539451 3 0.014421
0.051353 0.202323 0.531274 3 0.014421
0.217739 0.199665 0.525616 3 0.000000
0.411162 0.502401 0.549411 4 0.000000
0.571329 0.668442 0.550753 13 0.000000
0.569014 0.707599 0.550639 13 0.000000
0.697220 0.675884 0.549578 13 0.000000
0.573645 0.629286 0.550866 13 0.000000
0.445439 0.661001 0.551927 13 0.000000
0.994128 0.481034 0.469060 1 0.000000
0.436237 0.797028 0.525460 8 0.000000
0.010457 0.594634 0.514717 6 0.002572
0.005027 0.344248 0.515661 6 0.000000
0.004889 0.322921 0.510303 11 0.000000
0.824857 0.794847 0.538767 8 0.000001
0.006395 0.444141 0.524968 6 0.000000
0.996216 0.461043 0.475321 1 0.000000
0.314832 0.252800 0.449226 9 0.000000
0.537880 0.291181 0.448382 9 0.000000
0.784370 0.796446 0.535212 8 0.000000
0.692807 0.605816 0.555471 4 0.000000
0.055284 0.738981 0.509860 11 0.000011
0.194247 0.691485 0.447543 2 0.000000
0.195618 0.724632 0.448687 2 0.000000
0.135578 0.693835 0.449790 2 0.000000
0.192876 0.658338 0.446399 2 0.000000
0.252916 0.689135 0.445296 2 0.000000
0.155149 0.483767 0.548074 13 0.000000
0.912667 0.246796 0.517465 5 0.000000
0.919283 0.256167 0.511001 5 0.000000
0.937355 0.234551 0.524982 5 0.000000
0.906051 0.237425 0.523928 5 0.000000
0.887979 0.259042 0.509947 5 0.000000
0.896593 0.470280 0.549136 13 0.000000
0.785093 0.799153 0.497732 8 0.000000
0.002430 0.581783 0.490526 11 0.000000
0.186696 0.199384 0.504590 5 0.000000
0.857361 0.795954 0.536946 7 0.000051
0.996249 0.344336 0.493237 1 0.000000
0.996229 0.343712 0.506588 1 0.000000
0.997050 0.299963 0.491164 1 0.000000
0.996269 0.344960 0.479885 1 0.000000
0.995448 0.388708 0.495309 1 0.000000
0.430738 0.798619 0.500420 7 0.000000
0.982019 0.202945 0.498437 3 0.066624
0.988568 0.202863 0.499088 3 0.066624
0.980229 0.203402 0.516509 3 0.066624
0.975471 0.203027 0.497786 3 0.066624
0.983809 0.202488 0.480365 3 0.066624
0.632732 0.722062 0.552682 14 0.000000
0.384958 0.755428 0.539212 4 0.000000
0.741808 0.786317 0.483241 7 0.999996
0.425920 0.200444 0.499760 5 0.000000
0.596062 0.754960 0.551429 14 0.000000
0.458894 0.702817 0.551170 14 0.000000
0.648271 0.229455 0.548712 4 0.000000
0.381858 0.702816 0.448583 2 0.000000
0.376342 0.235535 0.451443 2 0.000000
0.448433 0.278041 0.448884 9 0.000000
0.458224 0.312880 0.451253 2 0.000000
0.004449 0.465433 0.463156 6 0.000001
0.155463 0.202171 0.512010 5 0.000000
0.994235 0.575272 0.467229 1 0.000000
0.936503 0.739351 0.454235 2 0.000000
0.925262 0.757528 0.453835 2 0.000000
0.953327 0.749789 0.455712 2 0.000000
0.947745 0.721175 0.454636 2 0.000000
0.919680 0.728914 0.452758 2 0.000000
0.012714 0.205936 0.467754 12 0.137693
0.007974 0.205195 0.468694 12 0.137693
0.013752 0.208011 0.474627 12 0.137693
0.017455 0.206677 0.466815 12 0.137693
0.011676 0.203861 0.460882 12 0.137693
0.005615 0.378610 0.512155 6 0.000000
0.808668 0.793735 0.454774 9 0.574898
0.931697 0.729748 0.457031 2 0.000000
0.912580 0.739477 0.456518 2 0.000000
0.920603 0.707872 0.455604 2 0.000000
0.950815 0.720019 0.457545 2 0.000000
0.942791 0.751623 0.458459 2 0.000000
0.031009 0.723926 0.454662 2 0.000000
0.027213 0.748785 0.455913 2 0.000000
0.021264 0.722413 0.455156 2 0.000000
0.034805 0.699067 0.453411 2 0.000000
0.040754 0.725439 0.454167 2 0.000000
0.006029 0.766200 0.517704 6 0.005057
0.004883 0.777670 0.518577 6 0.005057
0.005361 0.765697 0.523441 6 0.005057
0.007175 0.754730 0.516831 6 0.005057
0.006696 0.766704 0.511967 6 0.005057
0.997182 0.258495 0.492351 1 0.000000
0.998049 0.275956 0.482814 1 0.000000
0.998258 0.263734 0.502039 1 0.000000
0.996315 0.241035 0.501888 1 0.000000
0.996106 0.253257 0.482663 1 0.000000
0.925582 0.797367 0.506775 7 0.000000
0.902083 0.796763 0.501165 7 0.000000
0.922405 0.797973 0.520020 7 0.000000
0.949081 0.797972 0.512385 7 0.000000
0.928759 0.796762 0.493530 7 0.000000
0.331439 0.797037 0.519723 8 0.000000
0.204228 0.322700 0.549441 4 0.000000
0.209526 0.358958 0.549727 4 0.000000
0.143301 0.331624 0.546655 4 0.000000
0.198931 0.286443 0.549154 4 0.000000
0.265156 0.313776 0.552226 4 0.000000
0.004550 0.612457 0.505564 6 0.000000
0.418823 0.797309 0.531849 7 0.000000
0.994454 0.210959 0.493895 1 0.000006
0.003814 0.677183 0.491135 11 0.000000
0.003801 0.676318 0.477376 11 0.000000
0.005550 0.716256 0.488679 11 0.000000
0.003827 0.678047 0.504894 11 0.000000
0.002078 0.638110 0.493591 11 0.000000
0.004178 0.350324 0.492671 6 0.000002
0.994577 0.279374 0.520802 1 0.000000
0.993888 0.708155 0.493673 1 0.000000
0.001148 0.756969 0.452885 6 0.999998
0.306294 0.796431 0.491821 7 0.000000
0.665485 0.797468 0.530323 7 0.000000
0.287269 0.670851 0.551292 4 0.000000
0.296597 0.702856 0.550736 4 0.000000
0.204137 0.695060 0.550127 4 0.000000
0.277941 0.638846 0.551848 4 0.000000
0.370401 0.646642 0.552457 4 0.000000
0.996522 0.244831 0.488937 1 0.000000
0.998216 0.250012 0.477772 1 0.000000
0.996086 0.258355 0.495147 1 0.000000
0.994828 0.239650 0.500102 1 0.000000
0.996957 0.231307 0.482727 1 0.000000
0.995513 0.795234 0.489725 1 0.885929
0.802516 0.280970 0.448327 9 0.000000
0.862648 0.272327 0.449636 9 0.000000
0.806044 0.305432 0.447772 9 0.000000
0.742383 0.289613 0.447018 9 0.000000
0.798988 0.256509 0.448882 9 0.000000
0.442254 0.797532 0.476113 7 0.000001
0.995221 0.216855 0.522726 1 0.000000
0.995657 0.222886 0.519751 1 0.000000
0.994634 0.219287 0.527571 1 0.000000
0.994785 0.210823 0.525700 1 0.000000
0.995808 0.214423 0.517880 1 0.000000
0.952043 0.435180 0.550676 4 0.000000
0.853324 0.271942 0.449171 2 0.000000
0.850541 0.294054 0.448145 2 0.000000
0.807667 0.266178 0.448797 2 0.000000
0.856107 0.249830 0.450196 2 0.000000
0.898982 0.277707 0.449544 2 0.000000
0.964395 0.796649 0.479070 8 0.000001
0.952650 0.797349 0.482375 8 0.000001
0.967100 0.797921 0.488415 8 0.000001
0.976141 0.795950 0.475765 8 0.000001
0.961690 0.795378 0.469725 8 0.000001
0.796227 0.782131 0.541332 4 0.000000
0.185122 0.200053 0.490350 5 0.000000
0.005104 0.483206 0.516402 6 0.000000
0.103190 0.206699 0.550341 4 0.962038
0.961596 0.793278 0.473733 7 0.086813
0.948798 0.792024 0.476690 7 0.086813
0.962909 0.794154 0.479786 7 0.086813
0.974394 0.794533 0.470776 7 0.086813
0.960284 0.792403 0.467681 7 0.086813
0.995741 0.733710 0.493943 1 0.000000
0.995956 0.755412 0.492498 1 0.000000
0.997261 0.734557 0.506892 1 0.000000
0.995526 0.712008 0.495389 1 0.000000
0.994221 0.732863 0.480995 1 0.000000
0.875084 0.779208 0.454065 2 0.000000
0.219422 0.759377 0.450636 9 0.000000
0.002374 0.202757 0.490378 11 0.999992
0.933874 0.800189 0.453568 8 0.999961
0.030592 0.452491 0.451931 9 0.000001
0.229781 0.202721 0.500144 3 0.000000
0.682589 0.239030 0.451558 2 0.000000
0.911253 0.349193 0.536494 4 0.000000
0.900992 0.392837 0.539079 4 0.000000
0.886499 0.343316 0.537447 4 0.000000
0.921515 0.305548 0.533910 4 0.000000
0.936008 0.355069 0.535542 4 0.000000
0.667008 0.583965 0.461400 9 0.000000
0.442610 0.795479 0.536598 8 0.999145
0.988760 0.776457 0.455898 1 0.117020
0.988252 0.785824 0.456942 1 0.117020
0.984462 0.776015 0.457770 1 0.117020
0.989267 0.767090 0.454853 1 0.117020
0.993057 0.776898 0.454025 1 0.117020
0.005223 0.349340 0.456068 6 0.999311
0.806955 0.527983 0.484385 15 0.000339
0.801508 0.546793 0.487516 15 0.000339
0.806189 0.525864 0.495786 15 0.000339
0.812401 0.509173 0.481255 15 0.000339
0.807721 0.530102 0.472985 15 0.000339
0.992050 0.299500 0.528445 1 0.000207
0.790943 0.796289 0.519062 8 0.000000
0.329966 0.799356 0.500605 7 0.000000
0.270371 0.796898 0.452969 9 0.991230
0.996170 0.742558 0.492824 1 0.000000
0.996346 0.761595 0.493371 1 0.000000
0.997645 0.742175 0.505659 1 0.000000
0.995994 0.723521 0.492277 1 0.000000
0.994695 0.742940 0.479990 1 0.000000
0.993834 0.759935 0.519451 1 0.000000
0.993916 0.766157 0.524785 1 0.000000
0.993804 0.756694 0.523234 1 0.000000
0.993751 0.753713 0.514118 1 0.000000
0.993863 0.763177 0.515669 1 0.000000
0.096798 0.766750 0.453174 9 0.000000
0.096845 0.777956 0.454097 9 0.000000
0.126553 0.766806 0.450979 9 0.000000
0.096751 0.755545 0.452251 9 0.000000
0.067043 0.766695 0.455369 9 0.000000
0.153288 0.793312 0.533751 7 0.000000
0.953366 0.609072 0.549821 4 0.000000
0.775454 0.228720 0.548421 13 0.000000
0.286713 0.799969 0.501474 7 0.000000
0.995959 0.738069 0.453184 1 0.992270
0.965016 0.793732 0.463312 8 0.901822
0.002889 0.590287 0.490198 11 0.000000
0.448341 0.793338 0.509952 8 0.000000
0.007939 0.624576 0.520695 6 0.000001
0.899473 0.582179 0.550046 4 0.000000
0.895366 0.646969 0.550342 4 0.000000
0.874309 0.580582 0.550562 4 0.000000
0.903580 0.517389 0.549749 4 0.000000
0.924637 0.583776 0.549530 4 0.000000
0.161848 0.203664 0.533209 3 0.000000
0.977894 0.490374 0.454815 1 0.000000
0.694881 0.236692 0.452246 9 0.000000
0.726804 0.223610 0.451896 2 0.000000
0.002284 0.791145 0.453321 11 0.997528
0.002344 0.796066 0.452974 11 0.997528
0.003938 0.791239 0.454932 11 0.997528
0.002223 0.786225 0.453668 11 0.997528
0.000629 0.791052 0.451710 11 0.997528
0.976934 0.768881 0.542652 4 0.000000
0.976357 0.779614 0.544313 4 0.000000
0.969219 0.767947 0.546002 4 0.000000
0.977512 0.758148 0.540992 4 0.000000
0.984649 0.769814 0.539303 4 0.000000
0.262679 0.739177 0.550092 14 0.000000
0.996439 0.751277 0.477776 1 0.000000
0.998029 0.766643 0.471253 1 0.000000
0.996488 0.754065 0.484358 1 0.000000
0.994848 0.735910 0.484299 1 0.000000
0.996390 0.748488 0.471194 1 0.000000
0.495296 0.254627 0.550485 4 0.000000
0.935833 0.552301 0.550611 14 0.000000
0.159966 0.198647 0.489061 5 0.000000
0.815006 0.800205 0.499696 8 0.000000
0.982994 0.628933 0.454451 1 0.000001
0.195308 0.204851 0.457884 10 0.999993
0.995748 0.671192 0.479786 1 0.000000
0.993350 0.790585 0.459583 1 0.000000
0.993903 0.793770 0.457241 1 0.000000
0.993533 0.792461 0.462178 1 0.000000
0.992796 0.787399 0.461926 1 0.000000
0.993167 0.788708 0.456989 1 0.000000
0.187680 0.204260 0.467453 3 0.999314
0.724167 0.797225 0.520707 8 0.000000
0.001299 0.498362 0.490683 6 0.000002
0.512458 0.198851 0.527999 5 0.000000
0.936661 0.423111 0.517151 4 0.000080
0.994527 0.767564 0.483828 1 0.000000
0.994735 0.778427 0.480398 1 0.000000
0.995636 0.770820 0.494206 1 0.000000
0.994319 0.756701 0.487258 1 0.000000
0.993418 0.764308 0.473450 1 0.000000
0.278682 0.200616 0.499059 5 0.000000
0.828377 0.796872 0.520917 8 0.000000
0.032258 0.795747 0.466238 7 0.191926
0.019811 0.794684 0.467267 7 0.191926
0.032855 0.794909 0.472602 7 0.191926
0.044706 0.796810 0.465210 7 0.191926
0.031661 0.796585 0.459874 7 0.191926
0.004605 0.376057 0.489954 11 0.000001
0.267164 0.200315 0.499100 5 0.000000
0.321257 0.200209 0.500156 5 0.000000
0.995527 0.713982 0.505553 1 0.000000
0.996817 0.740994 0.508193 1 0.000000
0.995111 0.713081 0.514977 1 0.000000
0.994237 0.686971 0.502913 1 0.000000
0.995943 0.714884 0.496129 1 0.000000
0.001484 0.389472 0.465126 6 0.103629
0.994395 0.298754 0.467835 1 0.000000
0.992925 0.200755 0.454371 10 0.999999
0.988766 0.199772 0.453039 10 0.999999
0.992097 0.201300 0.456554 10 0.999999
0.997085 0.201738 0.455703 10 0.999999
0.993754 0.200209 0.452188 10 0.999999
0.329908 0.200648 0.500048 3 0.000000
0.552307 0.267936 0.549216 4 0.000000
0.884683 0.637995 0.524603 4 0.000009
0.887938 0.639226 0.530218 4 0.000009
0.887511 0.618879 0.527155 4 0.000009
0.881428 0.636763 0.518988 4 0.000009
0.881854 0.657111 0.522051 4 0.000009
0.760285 0.795148 0.538322 8 0.000000
0.008075 0.278293 0.522666 6 0.000000
0.063832 0.201139 0.528570 5 0.000000
0.083873 0.200019 0.529380 5 0.000000
0.063485 0.201549 0.537719 5 0.000000
0.043791 0.202259 0.527759 5 0.000000
0.064179 0.200730 0.519421 5 0.000000
0.996920 0.386021 0.494512 1 0.000000
0.003175 0.458212 0.491287 6 0.000504
0.994053 0.594982 0.452850 1 0.999884
0.612924 0.733791 0.449002 2 0.000000
0.335191 0.776531 0.454207 2 0.000025
0.386130 0.765032 0.449472 9 0.000000
0.064119 0.218178 0.486567 10 0.000013
0.484258 0.715949 0.448911 9 0.000000
0.468970 0.321381 0.451185 2 0.000000
0.315988 0.517361 0.472504 17 0.000027
0.318193 0.536417 0.471572 17 0.000027
0.315492 0.517817 0.480662 17 0.000027
0.313783 0.498305 0.473435 17 0.000027
0.316483 0.516905 0.464345 17 0.000027
0.926973 0.796531 0.482652 8 0.000001
0.951391 0.794466 0.486246 8 0.000001
0.925466 0.796784 0.493033 8 0.000001
0.902554 0.798597 0.479058 8 0.000001
0.928479 0.796279 0.472271 8 0.000001
0.929031 0.798314 0.474659 8 0.000000
0.001714 0.580681 0.466314 6 0.000001
0.772906 0.201007 0.469684 5 0.000081
0.707354 0.617994 0.446776 9 0.000000
0.712605 0.221374 0.451558 2 0.000008
0.913092 0.775374 0.520415 4 0.000002
0.853669 0.616009 0.448997 2 0.000000
0.814088 0.670206 0.448262 2 0.000000
0.831655 0.599923 0.448330 2 0.000000
0.893250 0.561813 0.449732 2 0.000000
0.875683 0.632096 0.449665 2 0.000000
0.443003 0.475423 0.550678 13 0.000000
0.432104 0.558990 0.550554 13 0.000000
0.481818 0.480484 0.550193 13 0.000000
0.453903 0.391855 0.550802 13 0.000000
0.404189 0.470361 0.551163 13 0.000000
0.581666 0.230207 0.451692 9 0.000000
0.022733 0.695691 0.454360 9 0.000000
0.370189 0.776277 0.547711 14 0.000000
0.773436 0.732039 0.549836 4 0.000000
0.996193 0.557948 0.502896 1 0.000000
0.176921 0.725449 0.448367 2 0.000000
0.178665 0.748645 0.449181 2 0.000000
0.121289 0.729598 0.449312 2 0.000000
0.175176 0.702252 0.447553 2 0.000000
0.232552 0.721299 0.447421 2 0.000000
0.300622 0.771169 0.452848 2 0.000000
0.080185 0.492816 0.450095 9 0.000000
0.995127 0.467622 0.456123 9 0.999997
0.578200 0.714598 0.446878 2 0.000000
0.422572 0.202367 0.470362 3 0.000004
0.932321 0.798817 0.499902 8 0.000000
0.910267 0.799124 0.494029 8 0.000000
0.928318 0.799104 0.514950 8 0.000000
0.954375 0.798511 0.505775 8 0.000000
0.936325 0.798531 0.484853 8 0.000000
0.066102 0.694778 0.451740 9 0.000000
0.059428 0.727578 0.452720 9 0.000000
0.086463 0.698946 0.450880 9 0.000000
0.072777 0.661977 0.450759 9 0.000000
0.045742 0.690609 0.452599 9 0.000000
0.852555 0.611396 0.448468 2 0.000000
0.812772 0.661801 0.447124 2 0.000000
0.832116 0.595255 0.448102 2 0.000000
0.892338 0.560992 0.449811 2 0.000000
0.872994 0.627538 0.448833 2 0.000000
0.620950 0.662721 0.447883 2 0.000000
0.613816 0.699468 0.448390 2 0.000000
0.724835 0.682882 0.448395 2 0.000000
0.628085 0.625973 0.447376 2 0.000000
0.517066 0.642559 0.447370 2 0.000000
0.982434 0.437593 0.542193 4 0.000000
0.682417 0.308385 0.555369 4 0.000000
0.151142 0.798267 0.501054 7 0.000000
0.199368 0.799575 0.499740 7 0.000000
0.151593 0.798526 0.517869 7 0.000000
0.102917 0.796960 0.502367 7 0.000000
0.150692 0.798009 0.484239 7 0.000000
0.801779 0.538085 0.501324 15 0.045419
0.804283 0.535864 0.517807 15 0.045419
0.812256 0.525579 0.498048 15 0.045419
0.799276 0.540305 0.484841 15 0.045419
0.791303 0.550590 0.504600 15 0.045419
0.810173 0.484428 0.501861 16 0.036129
0.809422 0.482839 0.485932 16 0.036129
0.814661 0.498922 0.500205 16 0.036129
0.810925 0.486016 0.517791 16 0.036129
0.805686 0.469933 0.503518 16 0.036129
0.804328 0.721547 0.551599 4 0.000000
0.861066 0.715924 0.549105 4 0.000000
0.806701 0.746337 0.549688 4 0.000000
0.747590 0.727170 0.554093 4 0.000000
0.801955 0.696757 0.553510 4 0.000000
0.984973 0.463863 0.463624 9 0.998816
0.329326 0.201477 0.499392 5 0.000000
0.519306 0.430962 0.549892 4 0.000000
0.528979 0.496288 0.549651 4 0.000000
0.468458 0.438487 0.548798 4 0.000000
0.509632 0.365636 0.550133 4 0.000000
0.570153 0.423436 0.550986 4 0.000000
0.538563 0.662428 0.448818 9 0.000000
0.535581 0.701949 0.449130 9 0.000000
0.430997 0.654307 0.449238 9 0.000000
0.541546 0.622908 0.448506 9 0.000000
0.646130 0.670550 0.448398 9 0.000000
0.548352 0.200485 0.499100 5 0.000000
0.994207 0.652127 0.474987 1 0.000000
0.039085 0.551287 0.454065 9 0.000000
0.787530 0.767591 0.548155 4 0.000000
0.992315 0.667823 0.464581 1 0.000000
0.916316 0.536946 0.514799 4 0.000000
0.262039 0.718298 0.456374 9 0.000000
0.995355 0.627205 0.525770 1 0.001903
0.861516 0.736134 0.551063 4 0.000000
0.822704 0.737070 0.553273 4 0.000000
0.861970 0.757335 0.550056 4 0.000000
0.900327 0.735198 0.548853 4 0.000000
0.861061 0.714933 0.552069 4 0.000000
0.313771 0.199152 0.520342 5 0.000000
0.566207 0.798555 0.519104 8 0.000000
0.628366 0.743252 0.550170 4 0.000000
0.824661 0.683844 0.447757 9 0.000000
0.816454 0.717259 0.448003 9 0.000000
0.877276 0.696758 0.448892 9 0.000000
0.832868 0.650430 0.447511 9 0.000000
0.772046 0.670930 0.446621 9 0.000000
0.950208 0.799568 0.450887 8 0.999987
0.131602 0.743464 0.548148 4 0.000000
0.134558 0.761205 0.548072 4 0.000000
0.094441 0.749648 0.546615 4 0.000000
0.128646 0.725723 0.548224 4 0.000000
0.168763 0.737280 0.549681 4 0.000000
0.995733 0.372404 0.494194 1 0.000000
0.346644 0.799198 0.493375 7 0.000000
0.990518 0.704043 0.491697 1 0.000000
0.991085 0.734407 0.498969 1 0.000000
0.991126 0.701580 0.501933 1 0.000000
0.989950 0.673679 0.484426 1 0.000000
0.989909 0.706506 0.481462 1 0.000000
0.892664 0.306486 0.449674 2 0.000000
0.917116 0.327258 0.449824 2 0.000000
0.870010 0.333161 0.448627 2 0.000000
0.868212 0.285714 0.449525 2 0.000000
0.915318 0.279811 0.450722 2 0.000000
0.113983 0.797622 0.500542 7 0.000000
0.150568 0.798800 0.507024 7 0.000000
0.111263 0.797638 0.515890 7 0.000000
0.077398 0.796444 0.494060 7 0.000000
0.116703 0.797605 0.485194 7 0.000000
0.771167 0.678433 0.449167 9 0.000000
0.762308 0.709441 0.448943 9 0.000000
0.841193 0.698447 0.449994 9 0.000000
0.780027 0.647425 0.449391 9 0.000000
0.701142 0.658420 0.448339 9 0.000000
0.995001 0.796927 0.464972 7 0.978701
0.996888 0.798319 0.464529 7 0.978701
0.996965 0.796382 0.471627 7 0.978701
0.993115 0.795535 0.465415 7 0.978701
0.993038 0.797472 0.458317 7 0.978701
0.765359 0.799297 0.467722 8 0.000052
0.994902 0.220019 0.517023 1 0.000000
0.995312 0.223849 0.510243 1 0.000000
0.994557 0.226263 0.520530 1 0.000000
0.994491 0.216188 0.523803 1 0.000000
0.995246 0.213775 0.513516 1 0.000000
0.140651 0.309470 0.547642 4 0.000000
0.099817 0.316950 0.545192 4 0.000000
0.134709 0.276860 0.547105 4 0.000000
0.181484 0.301990 0.550092 4 0.000000
0.146592 0.342079 0.548179 4 0.000000
0.736839 0.290269 0.448193 2 0.000000
0.737763 0.319226 0.446593 2 0.000000
0.655284 0.292777 0.446448 2 0.000000
0.735914 0.261312 0.449793 2 0.000000
0.818394 0.287761 0.449938 2 0.000000
0.721289 0.745991 0.448416 2 0.000000
0.002838 0.438372 0.490215 6 0.000000
0.578245 0.214988 0.496868 5 0.000000
0.961020 0.714805 0.548746 4 0.000001
0.973612 0.793474 0.478035 8 0.000023
0.964832 0.791864 0.481838 8 0.000023
0.976950 0.794730 0.486271 8 0.000023
0.982391 0.795083 0.474231 8 0.000023
0.970274 0.792217 0.469799 8 0.000023
0.269837 0.203149 0.456782 3 0.999961
0.004122 0.404839 0.516109 6 0.000004
0.005301 0.209849 0.489941 6 0.001769
0.965926 0.766875 0.457742 1 0.000000
0.964165 0.779411 0.458294 1 0.000000
0.954249 0.765234 0.457745 1 0.000000
0.967687 0.754338 0.457191 1 0.000000
0.977603 0.768515 0.457739 1 0.000000
0.995259 0.785272 0.453317 2 0.999967
0.996039 0.791795 0.453154 2 0.999967
0.997627 0.784949 0.451692 2 0.999967
0.994480 0.778749 0.453480 2 0.999967
0.992891 0.785596 0.454943 2 0.999967
0.948761 0.633398 0.549806 4 0.000000
0.011658 0.551817 0.454072 2 0.009828
0.995534 0.236759 0.495687 1 0.000000
0.997168 0.248566 0.493326 1 0.000000
0.994132 0.239923 0.510532 1 0.000000
0.993900 0.224951 0.498049 1 0.000000
0.996936 0.233595 0.480843 1 0.000000
0.445238 0.796221 0.472082 8 0.000001
0.164368 0.198596 0.509786 5 0.000000
0.027006 0.260674 0.529326 11 0.000000
0.023097 0.265610 0.524098 11 0.000000
0.025478 0.263019 0.532684 11 0.000000
0.030915 0.255737 0.534555 11 0.000000
0.028534 0.258328 0.525969 11 0.000000
0.944233 0.505705 0.549542 4 0.000000
0.813886 0.213086 0.451692 2 0.000024
0.814226 0.491712 0.463021 16 0.244258
0.817760 0.504246 0.465884 16 0.244258
0.811601 0.491496 0.467207 16 0.244258
0.810691 0.479179 0.460159 16 0.244258
0.816850 0.491928 0.458835 16 0.244258
0.995509 0.265218 0.471228 1 0.000000
0.995981 0.286536 0.471044 1 0.000000
0.997355 0.265242 0.478685 1 0.000000
0.995036 0.243900 0.471412 1 0.000000
0.993663 0.265195 0.463772 1 0.000000
0.995815 0.201300 0.461306 12 1.000000
0.993859 0.202275 0.461465 12 1.000000
0.996295 0.201380 0.466694 12 1.000000
0.997772 0.200326 0.461146 12 1.000000
0.995336 0.201220 0.455918 12 1.000000
0.954058 0.248860 0.549147 4 0.000025
0.950914 0.265522 0.549728 4 0.000025
0.963324 0.250625 0.548659 4 0.000025
0.957202 0.232197 0.548565 4 0.000025
0.944792 0.247094 0.549634 4 0.000025
0.986904 0.270692 0.455507 1 0.000000
0.997908 0.248289 0.451005 1 1.000000
0.039836 0.216080 0.508538 3 0.021775
0.028900 0.221182 0.518152 3 0.021775
0.045704 0.219473 0.513411 3 0.021775
0.050772 0.210977 0.498923 3 0.021775
0.033967 0.212686 0.503664 3 0.021775
0.898357 0.201881 0.459498 10 0.221931
0.137107 0.761918 0.450298 9 0.000000
0.995731 0.206273 0.517066 1 0.408831
0.469094 0.288254 0.550941 14 0.000000
0.995706 0.742961 0.492873 1 0.000000
0.996892 0.761374 0.493697 1 0.000000
0.997222 0.742298 0.505497 1 0.000000
0.994521 0.724548 0.492049 1 0.000000
0.994191 0.743623 0.480249 1 0.000000
0.702333 0.798257 0.520329 8 0.000000
0.383433 0.797590 0.526114 8 0.000000
0.803422 0.302378 0.453575 9 0.000000
0.802289 0.335395 0.452507 9 0.000000
0.864156 0.304439 0.452862 9 0.000000
0.804554 0.269362 0.454643 9 0.000000
0.742687 0.300318 0.454288 9 0.000000
0.181130 0.763327 0.450817 9 0.000000
0.007784 0.532871 0.518450 6 0.000002
0.002571 0.543677 0.475135 11 0.000000
0.680984 0.795785 0.497083 8 0.000000
0.126461 0.790924 0.454593 9 0.826840
0.994406 0.765995 0.486473 1 0.000000
0.994509 0.776525 0.481652 1 0.000000
0.995255 0.770814 0.497019 1 0.000000
0.994303 0.755464 0.491293 1 0.000000
0.993558 0.761175 0.475926 1 0.000000
0.995098 0.210713 0.495114 1 0.000400
0.041042 0.393745 0.452855 9 0.000000
0.695114 0.757063 0.549512 4 0.000000
0.995846 0.755096 0.492613 1 0.000000
0.996749 0.769791 0.491821 1 0.000000
0.996723 0.755757 0.505880 1 0.000000
0.994943 0.740402 0.493405 1 0.000000
0.994970 0.754435 0.479346 1 0.000000
0.800829 0.764891 0.548211 13 0.000000
0.011811 0.260601 0.454154 9 0.119009
0.213326 0.715061 0.550293 4 0.000000
0.272442 0.721045 0.550952 4 0.000000
0.210782 0.740269 0.549654 4 0.000000
0.154211 0.709076 0.549634 4 0.000000
0.215871 0.689853 0.550932 4 0.000000
0.783390 0.214571 0.452175 9 0.000000
0.873869 0.801713 0.488270 8 0.000000
0.957788 0.470497 0.533515 4 0.000000
0.774782 0.797179 0.524448 8 0.000000
0.024425 0.705981 0.541019 6 0.000007
0.668306 0.259696 0.547297 4 0.000000
0.669255 0.277842 0.548951 4 0.000000
0.715733 0.257244 0.546998 4 0.000000
0.667357 0.241551 0.545643 4 0.000000
0.620879 0.262149 0.547596 4 0.000000
0.996178 0.406746 0.481321 1 0.000000
0.426707 0.732475 0.448569 9 0.000000
0.410921 0.669880 0.551606 4 0.000000
0.414950 0.708328 0.550961 4 0.000000
0.531942 0.657208 0.552207 4 0.000000
0.406892 0.631433 0.552250 4 0.000000
0.289900 0.682553 0.551005 4 0.000000
0.596344 0.199031 0.517976 3 0.000000
0.137760 0.197586 0.520198 5 0.000000
0.761942 0.231073 0.548491 4 0.000000
0.299536 0.735701 0.449071 9 0.000000
0.503806 0.222489 0.452497 9 0.000000
0.924418 0.201885 0.525711 5 0.000000
0.949323 0.202427 0.525139 5 0.000000
0.924632 0.201586 0.534738 5 0.000000
0.899513 0.201343 0.526283 5 0.000000
0.924204 0.202184 0.516684 5 0.000000
0.317224 0.211942 0.470306 12 0.116368
0.813333 0.277804 0.449004 2 0.000000
0.813901 0.302783 0.448254 2 0.000000
0.755408 0.279093 0.448059 2 0.000000
0.812765 0.252825 0.449754 2 0.000000
0.871259 0.276514 0.449949 2 0.000000
0.978608 0.412886 0.540972 4 0.000000
0.759564 0.216832 0.451280 2 0.004085
0.995845 0.733308 0.493801 1 0.000000
0.995891 0.755130 0.492056 1 0.000000
0.997406 0.734329 0.506606 1 0.000000
0.995799 0.711486 0.495547 1 0.000000
0.994284 0.732287 0.480997 1 0.000000
0.917327 0.344614 0.452753 2 0.000000
0.912748 0.390217 0.451891 2 0.000000
0.942596 0.347176 0.454100 2 0.000000
0.921905 0.299011 0.453616 2 0.000000
0.892057 0.342052 0.451406 2 0.000000
0.918769 0.629486 0.544805 4 0.000000
0.900740 0.680591 0.546984 4 0.000000
0.901755 0.623398 0.546799 4 0.000000
0.936799 0.578380 0.542625 4 0.000000
0.935784 0.635573 0.542810 4 0.000000
0.982893 0.515466 0.454220 1 0.000000
0.818476 0.220191 0.451036 2 0.000000
0.996393 0.632245 0.502020 1 0.000000
0.600635 0.245770 0.450953 9 0.000000
0.829836 0.800764 0.500747 8 0.000000
0.005139 0.613258 0.512480 6 0.000000
0.405374 0.795572 0.520085 7 0.000000
0.099066 0.470949 0.472091 9 0.000000
0.086972 0.554852 0.474857 9 0.000000
0.071102 0.466866 0.473649 9 0.000000
0.111160 0.387045 0.469325 9 0.000000
0.127030 0.475031 0.470533 9 0.000000
0.625756 0.198544 0.512522 5 0.000000
0.614809 0.795480 0.470200 7 0.000581
0.815072 0.795957 0.506476 7 0.000000
0.462062 0.774419 0.546671 4 0.000000
0.971810 0.733805 0.511806 9 0.000011
0.971729 0.752105 0.517729 9 0.000011
0.973533 0.730658 0.521551 9 0.000011
0.971891 0.715505 0.505883 9 0.000011
0.970087 0.736951 0.502060 9 0.000011
0.851302 0.202551 0.453440 2 1.000000
0.307952 0.759624 0.448248 2 0.000000
0.211847 0.203241 0.477961 3 0.020952
0.684449 0.210336 0.497118 3 0.000000
0.395546 0.272888 0.449248 9 0.000000
0.764381 0.294300 0.552771 14 0.000000
0.769267 0.322164 0.554037 14 0.000000
0.830624 0.282706 0.552301 14 0.000000
0.759495 0.266436 0.551505 14 0.000000
0.698139 0.305894 0.553241 14 0.000000
0.076804 0.614346 0.449743 9 0.000000
0.072058 0.670621 0.449593 9 0.000000
0.052456 0.612294 0.450491 9 0.000000
0.081550 0.558070 0.449893 9 0.000000
0.101151 0.616397 0.448995 9 0.000000
0.549480 0.200306 0.498907 5 0.000000
0.199497 0.677834 0.448222 2 0.000000
0.200377 0.713095 0.448332 2 0.000000
0.137297 0.679382 0.448871 2 0.000000
0.198618 0.642573 0.448112 2 0.000000
0.261698 0.676285 0.447573 2 0.000000
0.478812 0.200481 0.473584 5 0.000000
0.192566 0.462208 0.505377 17 0.024645
0.191254 0.462925 0.489964 17 0.024645
0.182363 0.470635 0.506638 17 0.024645
0.193879 0.461491 0.520789 17 0.024645
0.202770 0.453781 0.504116 17 0.024645
0.011982 0.553226 0.476305 6 0.000000
0.737008 0.214202 0.526310 3 0.000005
0.971504 0.342713 0.454906 9 0.000000
0.079951 0.599875 0.451988 2 0.000000
0.088501 0.660829 0.451281 2 0.000000
0.055962 0.603256 0.453333 2 0.000000
0.071402 0.538922 0.452696 2 0.000000
0.103940 0.596495 0.450644 2 0.000000
0.995777 0.540377 0.472035 1 0.000000
0.916675 0.257943 0.549921 4 0.000000
0.925168 0.267395 0.550080 4 0.000000
0.935345 0.241171 0.549646 4 0.000000
0.908182 0.248492 0.549763 4 0.000000
0.898005 0.274715 0.550197 4 0.000000
0.549109 0.199815 0.484852 3 0.000000
0.934531 0.483938 0.452931 9 0.000000
0.916108 0.498890 0.544457 4 0.000214
0.506377 0.669696 0.551607 14 0.000000
0.506756 0.710030 0.551017 14 0.000000
0.614944 0.668703 0.553509 14 0.000000
0.505998 0.629361 0.552198 14 0.000000
0.397810 0.670689 0.549705 14 0.000000
0.213530 0.198628 0.471367 5 0.000000
0.374807 0.200827 0.501520 5 0.000000
0.289928 0.795651 0.462694 7 0.999847
0.320313 0.666007 0.551533 13 0.000000
0.227438 0.691522 0.551247 13 0.000000
0.311109 0.632508 0.551913 13 0.000000
0.413187 0.640492 0.551820 13 0.000000
0.329517 0.699506 0.551154 13 0.000000
0.005124 0.548234 0.470692 11 0.000000
0.767001 0.789979 0.456530 9 0.068334
0.993469 0.484229 0.518366 1 0.000000
0.899459 0.498767 0.450621 9 0.000000
0.806687 0.217912 0.548819 13 0.002590
0.731939 0.652155 0.448712 2 0.000000
0.926082 0.436120 0.452530 9 0.000000
0.093858 0.553464 0.449879 9 0.000000
0.080487 0.628226 0.449994 9 0.000000
0.067778 0.548799 0.450110 9 0.000000
0.107230 0.478702 0.449763 9 0.000000
0.119939 0.558129 0.449647 9 0.000000
0.168569 0.570001 0.548854 4 0.000000
0.581787 0.776520 0.466410 2 0.999718
0.513881 0.669454 0.448986 9 0.000000
0.509525 0.709053 0.449548 9 0.000000
0.425932 0.659805 0.447142 9 0.000000
0.518237 0.629854 0.448423 9 0.000000
0.601830 0.679103 0.450829 9 0.000000
0.165129 0.729202 0.449243 9 0.000000
0.162717 0.751022 0.450324 9 0.000000
0.114798 0.723604 0.449958 9 0.000000
0.167541 0.707382 0.448162 9 0.000000
0.215460 0.734801 0.448528 9 0.000000
0.266441 0.794032 0.454645 9 0.798045
0.321903 0.200335 0.500040 5 0.000000
0.002638 0.601727 0.453821 6 0.998570
0.802376 0.396455 0.449169 9 0.000000
0.264341 0.796076 0.459937 7 0.000025
0.005637 0.726366 0.481826 11 0.000001
0.006109 0.750533 0.478625 11 0.000001
0.005887 0.727710 0.492012 11 0.000001
0.005166 0.702199 0.485028 11 0.000001
0.005388 0.725021 0.471640 11 0.000001
0.996240 0.645298 0.491352 1 0.000000
0.710601 0.240114 0.548791 13 0.000000
0.684265 0.467634 0.549840 16 0.076752
0.959370 0.621263 0.511604 9 0.000038
0.107649 0.324759 0.482526 9 0.000000
0.120854 0.365549 0.489615 9 0.000000
0.139176 0.314740 0.481452 9 0.000000
0.094444 0.283969 0.475437 9 0.000000
0.076122 0.334779 0.483600 9 0.000000
0.966768 0.432873 0.455379 1 0.000000
0.316523 0.781948 0.451454 9 0.000322
0.503199 0.726271 0.553060 4 0.000000
0.991777 0.201280 0.490109 10 0.904985
0.935708 0.287255 0.452456 2 0.000000
0.924886 0.314092 0.453435 2 0.000000
0.918735 0.280423 0.452125 2 0.000000
0.946530 0.260418 0.451477 2 0.000000
0.952681 0.294087 0.452787 2 0.000000
0.195849 0.267383 0.550006 4 0.000000
0.139506 0.270790 0.547718 4 0.000000
0.194618 0.246540 0.549288 4 0.000000
0.252192 0.263975 0.552294 4 0.000000
0.197080 0.288225 0.550723 4 0.000000
0.027535 0.203949 0.456119 3 0.999972
0.004561 0.219360 0.493145 6 0.000475
0.005189 0.226051 0.493787 6 0.000475
0.004570 0.217951 0.507807 6 0.000475
0.003933 0.212668 0.492502 6 0.000475
0.004552 0.220769 0.478483 6 0.000475
0.986212 0.676022 0.498100 1 0.000000
0.987609 0.711506 0.497771 1 0.000000
0.986851 0.676134 0.512802 1 0.000000
0.984816 0.640538 0.498430 1 0.000000
0.985573 0.675911 0.483398 1 0.000000
0.996637 0.204117 0.525998 1 0.990410
0.253896 0.203579 0.456826 3 1.000000
0.933488 0.320115 0.551882 4 0.000000
0.948802 0.321009 0.551116 4 0.000000
0.931369 0.357384 0.553017 4 0.000000
0.918173 0.319221 0.552648 4 0.000000
0.935606 0.282847 0.550746 4 0.000000
0.939784 0.797950 0.503092 8 0.000000
0.919778 0.798131 0.499721 8 0.000000
0.937251 0.798461 0.518148 8 0.000000
0.959789 0.797768 0.506463 8 0.000000
0.942316 0.797438 0.488037 8 0.000000
0.207568 0.203398 0.460844 12 0.998950
0.844486 0.758655 0.548477 13 0.000000
0.938782 0.797651 0.509895 8 0.000000
0.919047 0.797402 0.505677 8 0.000000
0.936145 0.798352 0.522187 8 0.000000
0.958517 0.797900 0.514114 8 0.000000
0.941418 0.796950 0.497603 8 0.000000
0.978083 0.783559 0.514618 8 0.109896
0.985710 0.784059 0.515705 8 0.109896
0.976096 0.789087 0.526015 8 0.109896
0.970455 0.783059 0.513532 8 0.109896
0.980069 0.778031 0.503222 8 0.109896
0.010942 0.204043 0.495406 3 0.000000
0.830043 0.677045 0.494091 9 0.000000
0.816336 0.706878 0.493929 9 0.000000
0.780339 0.654279 0.506853 9 0.000000
0.843749 0.647211 0.494253 9 0.000000
0.879747 0.699811 0.481329 9 0.000000
0.085108 0.602500 0.450265 9 0.000000
0.072678 0.661632 0.450189 9 0.000000
0.061083 0.597451 0.451038 9 0.000000
0.097538 0.543369 0.450341 9 0.000000
0.109132 0.607550 0.449492 9 0.000000
0.995688 0.224759 0.491829 1 0.000000
0.997337 0.233667 0.489929 1 0.000000
0.997506 0.227347 0.505541 1 0.000000
0.994039 0.215851 0.493728 1 0.000000
0.993869 0.222171 0.478116 1 0.000000
0.991263 0.201304 0.467288 10 0.992889
0.987549 0.201931 0.467722 10 0.992889
0.992228 0.201343 0.475494 10 0.992889
0.994977 0.200678 0.466854 10 0.992889
0.990298 0.201265 0.459082 10 0.992889
0.003801 0.202112 0.527368 6 0.999999
0.151483 0.229332 0.451836 2 0.000000
0.710852 0.796127 0.541192 8 0.000007
0.180784 0.398808 0.448015 9 0.000000
0.237525 0.199750 0.499706 5 0.000000
0.003338 0.330844 0.491655 6 0.000000
0.710696 0.558246 0.449662 15 0.350574
0.991786 0.766513 0.463694 1 0.000000
0.812835 0.471158 0.457386 16 0.001252
0.106380 0.206277 0.458305 3 0.999991
0.995461 0.202592 0.467935 12 0.993033
0.993069 0.203569 0.468106 12 0.993033
0.995796 0.201919 0.476445 12 0.993033
0.997853 0.201616 0.467764 12 0.993033
0.995126 0.203266 0.459425 12 0.993033
0.004514 0.421812 0.460821 6 0.000024
0.885514 0.234068 0.547489 13 0.000000
0.097737 0.212719 0.552379 4 0.998076
0.993347 0.757008 0.512347 1 0.000000
0.992369 0.758736 0.520234 1 0.000000
0.993095 0.743179 0.515346 1 0.000000
0.994324 0.755279 0.504459 1 0.000000
0.993598 0.770836 0.509347 1 0.000000
0.023048 0.555101 0.457580 9 0.986419
0.981860 0.272306 0.545272 4 0.999116
0.798303 0.199882 0.473224 5 0.000106
0.942092 0.377998 0.453247 9 0.000000
0.994897 0.588318 0.481447 1 0.000000
0.007355 0.605329 0.465661 11 0.000583
0.152759 0.632655 0.530437 13 0.000000
0.192132 0.679690 0.533642 13 0.000000
0.128044 0.653477 0.528490 13 0.000000
0.113386 0.585621 0.527231 13 0.000000
0.177474 0.611833 0.532384 13 0.000000
0.601700 0.201699 0.475252 5 0.000000
0.597360 0.690312 0.447265 9 0.000000
0.597638 0.724640 0.448306 9 0.000000
0.496991 0.691108 0.447864 9 0.000000
0.597082 0.655985 0.446224 9 0.000000
0.697729 0.689517 0.446667 9 0.000000
0.107829 0.228703 0.548858 14 0.000023
0.106362 0.239423 0.549633 14 0.000023
0.074554 0.224338 0.546252 14 0.000023
0.109295 0.217982 0.548084 14 0.000023
0.141103 0.233067 0.551465 14 0.000023
0.030068 0.582085 0.455009 9 0.000000
0.380690 0.705810 0.448528 9 0.000000
0.212419 0.283976 0.549565 4 0.000000
0.209725 0.309559 0.550424 4 0.000000
0.151766 0.277647 0.547831 4 0.000000
0.215113 0.258393 0.548706 4 0.000000
0.273072 0.290305 0.551298 4 0.000000
0.861081 0.801630 0.471272 8 0.000000
0.009006 0.684812 0.523892 11 0.999968
0.769051 0.799960 0.501378 8 0.000000
0.534258 0.792365 0.531365 7 0.000006
0.238905 0.252234 0.548787 13 0.000000
0.874039 0.800519 0.501358 8 0.000000
0.834126 0.801226 0.500183 8 0.000000
0.873580 0.800146 0.516731 8 0.000000
0.913952 0.799813 0.502532 8 0.000000
0.874498 0.800893 0.485985 8 0.000000
0.994415 0.522681 0.523536 1 0.000000
0.962381 0.541626 0.525123 14 0.000056
0.996285 0.202275 0.484276 10 0.994805
0.454202 0.199711 0.499656 5 0.000000
0.365210 0.199806 0.479581 5 0.000000
0.115076 0.798031 0.451964 8 0.999009
0.837496 0.795338 0.530761 8 0.000000
0.250979 0.735381 0.449444 9 0.000000
0.488390 0.212193 0.472222 3 0.000056
0.847561 0.217523 0.498826 5 0.000000
0.741102 0.199094 0.483434 5 0.000000
0.002851 0.471222 0.491555 6 0.015571
0.984456 0.300636 0.542732 4 0.648833
0.006728 0.770675 0.471293 11 0.000000
0.006422 0.769175 0.464098 11 0.000000
0.005992 0.780957 0.469181 11 0.000000
0.007034 0.772175 0.478488 11 0.000000
0.007464 0.760393 0.473406 11 0.000000
0.447685 0.798411 0.487181 7 0.000000
0.605856 0.200419 0.499283 5 0.000000
0.922757 0.244139 0.510051 3 0.966558
0.444092 0.199978 0.515569 5 0.000000
0.451051 0.719138 0.547423 4 0.000000
0.039520 0.507308 0.453866 9 0.000000
0.944278 0.669807 0.453042 1 0.000000
0.941146 0.711434 0.452851 1 0.000000
0.926620 0.668476 0.452540 1 0.000000
0.947410 0.628181 0.453232 1 0.000000
0.961937 0.671138 0.453544 1 0.000000
0.899581 0.467125 0.545138 4 0.000000
0.944615 0.375515 0.549314 4 0.000000
0.813342 0.512371 0.465717 16 0.000150
0.772784 0.669450 0.551827 4 0.000000
0.784839 0.698644 0.551073 4 0.000000
0.834875 0.643800 0.551423 4 0.000000
0.760728 0.640256 0.552582 4 0.000000
0.710692 0.695100 0.552232 4 0.000000
0.924390 0.795142 0.469263 7 0.999898
0.933212 0.366213 0.517141 4 0.000000
0.762849 0.752382 0.471276 9 0.000011
0.701851 0.198108 0.508280 5 0.000000
0.948377 0.405565 0.549499 4 0.000000
0.997085 0.505933 0.516330 1 0.000000
0.452871 0.200653 0.469608 5 0.000000
0.560674 0.702006 0.454572 9 0.000000
0.187731 0.518303 0.484317 17 0.000006
0.187958 0.523333 0.472613 17 0.000006
0.195049 0.532026 0.490357 17 0.000006
0.187504 0.513273 0.496021 17 0.000006
0.180412 0.504580 0.478277 17 0.000006
0.262032 0.200950 0.500296 3 0.000000
0.466479 0.756879 0.549508 4 0.000000
0.286967 0.773275 0.451417 9 0.000000
0.647784 0.277246 0.550552 4 0.000000
0.967706 0.268428 0.454521 9 0.000000
0.967259 0.286149 0.453383 9 0.000000
0.956861 0.268079 0.453352 9 0.000000
0.968153 0.250706 0.455660 9 0.000000
0.978550 0.268776 0.455691 9 0.000000
0.469946 0.742280 0.456560 9 0.000000
0.939797 0.432115 0.453549 9 0.000000
0.000030 0.486042 0.461312 6 0.730457
0.131591 0.628032 0.448991 2 0.000000
0.160147 0.676930 0.449189 2 0.000000
0.103555 0.644401 0.449870 2 0.000000
0.103034 0.579134 0.448793 2 0.000000
0.159626 0.611663 0.448112 2 0.000000
0.936713 0.487966 0.452005 9 0.000000
0.636449 0.238448 0.451803 9 0.000000
0.006030 0.511791 0.509391 6 0.001192
0.634021 0.744228 0.449555 9 0.000000
0.921223 0.789849 0.545546 14 0.992585
0.463694 0.251249 0.450202 9 0.000000
0.135308 0.537700 0.447598 2 0.000000
0.378103 0.655802 0.467905 9 0.000000
0.397270 0.693258 0.471773 9 0.000000
0.432549 0.628054 0.466806 9 0.000000
0.358936 0.618346 0.464038 9 0.000000
0.323657 0.683550 0.469005 9 0.000000
0.002449 0.499637 0.490791 11 0.000000
0.001025 0.559960 0.459987 11 0.004992
0.846599 0.537356 0.449555 9 0.000000
0.902689 0.499521 0.450803 2 0.000000
0.629942 0.226617 0.451491 2 0.000000
0.249323 0.596226 0.550044 13 0.000000
0.437476 0.762406 0.449359 9 0.000000
0.410545 0.564015 0.556399 14 0.000000
0.377401 0.633488 0.555193 14 0.000000
0.380421 0.549652 0.556890 14 0.000000
0.443689 0.494543 0.557604 14 0.000000
0.440669 0.578378 0.555907 14 0.000000
0.242151 0.707316 0.448086 9 0.000000
0.314338 0.719352 0.447896 9 0.000000
0.237893 0.732870 0.449224 9 0.000000
0.169965 0.695280 0.448275 9 0.000000
0.246409 0.681761 0.446948 9 0.000000
0.672600 0.275836 0.448756 9 0.000000
0.120039 0.405757 0.450035 9 0.000000
0.095110 0.467336 0.450190 9 0.000000
0.146968 0.416660 0.449612 9 0.000000
0.144968 0.344178 0.449880 9 0.000000
0.093111 0.394854 0.450458 9 0.000000
0.904084 0.546039 0.554520 13 0.000000
0.893057 0.588940 0.555675 13 0.000000
0.881841 0.540294 0.555585 13 0.000000
0.915110 0.503138 0.553365 13 0.000000
0.926327 0.551785 0.553454 13 0.000000
0.197606 0.455451 0.483294 17 0.091099
0.195390 0.458317 0.488392 17 0.091099
0.192263 0.460165 0.478321 17 0.091099
0.199822 0.452585 0.478196 17 0.091099
0.202949 0.450737 0.488266 17 0.091099
0.361784 0.610727 0.553164 4 0.000000
0.216473 0.323384 0.449561 2 0.000000
0.149214 0.340589 0.450011 2 0.000000
0.225280 0.357827 0.449073 2 0.000000
0.283733 0.306179 0.449111 2 0.000000
0.207666 0.288941 0.450049 2 0.000000
0.431636 0.695063 0.552275 4 0.000000
0.051997 0.316564 0.545262 14 0.000002
0.039121 0.316160 0.544891 14 0.000002
0.050773 0.355151 0.545730 14 0.000002
0.064873 0.316968 0.545633 14 0.000002
0.053221 0.277977 0.544794 14 0.000002
0.887795 0.751920 0.451902 2 0.000000
0.886613 0.768326 0.452294 2 0.000000
0.923750 0.754444 0.454638 2 0.000000
0.888977 0.735514 0.451509 2 0.000000
0.851840 0.749395 0.449166 2 0.000000
0.855014 0.776956 0.545340 14 0.000000
0.003133 0.656634 0.490946 6 0.000000
0.995108 0.256145 0.489786 1 0.000000
0.994822 0.272432 0.484068 1 0.000000
0.993099 0.260172 0.501357 1 0.000000
0.995395 0.239858 0.495503 1 0.000000
0.997118 0.252118 0.478214 1 0.000000
0.990629 0.698170 0.491670 1 0.000000
0.989675 0.730477 0.493340 1 0.000000
0.991224 0.697512 0.504739 1 0.000000
0.991582 0.665863 0.490000 1 0.000000
0.990033 0.698828 0.478601 1 0.000000
0.717648 0.446081 0.477811 15 0.195929
0.705955 0.450984 0.477530 15 0.195929
0.717826 0.447065 0.487595 15 0.195929
0.729341 0.441178 0.478092 15 0.195929
0.717470 0.445097 0.468028 15 0.195929
0.716680 0.799715 0.500622 7 0.000000
0.995280 0.216624 0.521816 1 0.000000
0.995327 0.222513 0.519199 1 0.000000
0.994954 0.218894 0.526917 1 0.000000
0.995234 0.210735 0.524433 1 0.000000
0.995607 0.214354 0.516715 1 0.000000
0.982252 0.556603 0.542545 4 0.000000
0.002925 0.453324 0.490867 6 0.000080
0.949820 0.716991 0.549200 4 0.000000
0.945856 0.742812 0.549928 4 0.000000
0.939763 0.715430 0.549794 4 0.000000
0.953784 0.691170 0.548473 4 0.000000
0.959878 0.718552 0.548607 4 0.000000
0.415536 0.798538 0.500166 7 0.000000
0.036588 0.201267 0.478112 5 0.000000
0.049599 0.200186 0.476222 5 0.000000
0.038102 0.201154 0.488603 5 0.000000
0.023577 0.202348 0.480002 5 0.000000
0.035073 0.201380 0.467620 5 0.000000
0.546255 0.797725 0.464319 8 0.001684
0.872888 0.800378 0.501235 8 0.000000
0.911945 0.800411 0.497432 8 0.000000
0.874323 0.799874 0.515963 8 0.000000
0.833831 0.800344 0.505039 8 0.000000
0.871454 0.800881 0.486508 8 0.000000
0.034257 0.442052 0.454871 2 0.000001
0.021771 0.461642 0.500935 6 0.000006
0.863132 0.797758 0.510372 8 0.000000
0.227064 0.200178 0.499524 5 0.000000
0.004381 0.375011 0.490947 6 0.000000
0.614974 0.258234 0.549993 4 0.000000
0.728052 0.713507 0.549540 4 0.000000
0.816509 0.521424 0.450220 15 0.964567
0.654041 0.795029 0.502648 7 0.000000
0.457321 0.202736 0.457985 3 0.999989
0.998693 0.797845 0.491226 1 0.999998
0.993545 0.781142 0.516799 1 0.000000
0.993114 0.785728 0.523120 1 0.000000
0.994085 0.776282 0.520360 1 0.000000
0.993976 0.776557 0.510477 1 0.000000
0.993005 0.786002 0.513237 1 0.000000
0.995708 0.235070 0.526424 1 0.080638
0.476119 0.228488 0.548475 4 0.000000
0.993930 0.342287 0.460840 1 0.000000
0.002782 0.517818 0.492314 6 0.000163
0.912082 0.365546 0.450497 9 0.000000
0.907316 0.416853 0.450416 9 0.000000
0.884885 0.363020 0.450343 9 0.000000
0.916848 0.314240 0.450578 9 0.000000
0.939278 0.368073 0.450651 9 0.000000
0.349036 0.796410 0.523478 7 0.000000
0.758435 0.235688 0.451212 2 0.000000
0.019150 0.557556 0.454472 9 0.000560
0.753319 0.796371 0.524981 8 0.000000
0.125875 0.366165 0.449507 2 0.000000
0.101878 0.414999 0.449528 2 0.000000
0.156863 0.381393 0.448817 2 0.000000
0.149871 0.317332 0.449487 2 0.000000
0.094886 0.350938 0.450198 2 0.000000
0.078519 0.608927 0.449405 9 0.000000
0.070934 0.667174 0.449558 9 0.000000
0.054424 0.605789 0.449814 9 0.000000
0.086104 0.550681 0.449253 9 0.000000
0.102615 0.612066 0.448997 9 0.000000
0.032942 0.203631 0.536420 10 0.157653
0.144703 0.202504 0.454336 3 0.999994
0.141561 0.645750 0.547970 14 0.000000
0.169938 0.688890 0.548844 14 0.000000
0.112841 0.664667 0.546729 14 0.000000
0.113183 0.602610 0.547096 14 0.000000
0.170281 0.626832 0.549212 14 0.000000
0.992711 0.695842 0.493966 1 0.000000
0.992438 0.729182 0.497654 1 0.000000
0.992698 0.694389 0.507097 1 0.000000
0.992985 0.662503 0.490277 1 0.000000
0.992724 0.697295 0.480834 1 0.000000
0.813072 0.795138 0.538000 8 0.000000
0.309732 0.199954 0.499406 5 0.000000
0.288745 0.791444 0.529242 8 0.000926
0.868466 0.798293 0.462514 8 0.000000
0.753484 0.265840 0.550253 4 0.000000
0.881118 0.773254 0.497277 2 0.000143
0.863290 0.770944 0.500733 2 0.000143
0.884505 0.768469 0.511552 2 0.000143
0.898947 0.775563 0.493821 2 0.000143
0.877731 0.778038 0.483002 2 0.000143
0.005372 0.535100 0.469766 6 0.000000
0.994273 0.775270 0.455534 9 0.000000
0.995494 0.545289 0.495919 1 0.000000
0.665179 0.201400 0.464015 3 0.040414
0.688308 0.198643 0.490169 5 0.000000
0.994107 0.752342 0.462588 1 0.000000
0.501437 0.790854 0.548428 8 0.999872
0.004131 0.315750 0.451827 9 1.000000
0.929729 0.334519 0.551944 4 0.000000
0.924448 0.377004 0.553175 4 0.000000
0.914540 0.332611 0.552644 4 0.000000
0.935010 0.292034 0.550712 4 0.000000
0.944918 0.336428 0.551243 4 0.000000
0.000146 0.388233 0.456840 11 0.642930
0.004407 0.709569 0.456535 6 0.998666
0.384520 0.798307 0.499213 8 0.000000
0.268663 0.799948 0.475674 8 0.000450
0.919647 0.249994 0.548808 4 0.000000
0.927269 0.260307 0.549109 4 0.000000
0.901160 0.263642 0.549363 4 0.000000
0.912026 0.239682 0.548506 4 0.000000
0.938135 0.236347 0.548252 4 0.000000
0.613888 0.794091 0.492914 8 0.000000
0.694848 0.744068 0.550359 14 0.000000
0.664782 0.261870 0.497254 4 0.000011
0.166470 0.220883 0.549872 14 0.003596
0.424228 0.342875 0.448407 2 0.000000
0.419545 0.380212 0.447953 2 0.000000
0.317544 0.329493 0.448322 2 0.000000
0.428911 0.305538 0.448862 2 0.000000
0.530912 0.356257 0.448492 2 0.000000
0.948033 0.795950 0.472203 8 0.042159
0.964856 0.795371 0.468849 8 0.042159
0.949334 0.795618 0.478787 8 0.042159
0.931211 0.796529 0.475557 8 0.042159
0.946732 0.796282 0.465619 8 0.042159
0.948470 0.385731 0.535161 4 0.000000
0.955241 0.403162 0.547430 4 0.000000
0.849090 0.232613 0.513808 3 0.000000
0.026859 0.320916 0.454075 9 0.000000
0.205246 0.795198 0.530506 7 0.000000
0.182827 0.682301 0.451511 2 0.000000
0.170981 0.708991 0.452124 2 0.000000
0.126811 0.657447 0.451179 2 0.000000
0.194673 0.655610 0.450898 2 0.000000
0.238842 0.707155 0.451843 2 0.000000
0.992542 0.706365 0.464455 1 0.000000
0.299008 0.461250 0.505210 17 0.007464
0.307702 0.471936 0.506593 17 0.007464
0.298675 0.459609 0.519978 17 0.007464
0.290314 0.450564 0.503826 17 0.007464
0.299341 0.462891 0.490441 17 0.007464
0.941981 0.201942 0.517203 5 0.000000
0.922716 0.200970 0.515929 5 0.000000
0.941233 0.201546 0.528811 5 0.000000
0.961246 0.202914 0.518478 5 0.000000
0.942729 0.202337 0.505596 5 0.000000
0.994353 0.398927 0.469316 1 0.000000
0.755737 0.405971 0.552482 4 0.000000
0.003321 0.660394 0.491052 11 0.000000
0.001522 0.370495 0.471537 6 0.000243
0.432256 0.637828 0.553531 4 0.000000
0.446933 0.677508 0.552636 4 0.000000
0.512419 0.608190 0.554165 4 0.000000
0.417578 0.598147 0.554426 4 0.000000
0.352093 0.667465 0.552896 4 0.000000
0.073933 0.735683 0.452388 9 0.000000
0.076951 0.756215 0.453196 9 0.000000
0.050629 0.739074 0.453297 9 0.000000
0.070914 0.715151 0.451579 9 0.000000
0.097236 0.732293 0.451478 9 0.000000
0.945227 0.595408 0.551146 13 0.000000
0.639492 0.663877 0.553320 4 0.000000
0.535751 0.642245 0.553774 4 0.000000
0.632049 0.699558 0.552750 4 0.000000
0.743232 0.685509 0.552866 4 0.000000
0.646934 0.628196 0.553890 4 0.000000
0.433050 0.420238 0.552576 4 0.000000
0.407843 0.409353 0.552965 4 0.000000
0.402942 0.489975 0.552914 4 0.000000
0.458257 0.431123 0.552187 4 0.000000
0.463158 0.350502 0.552238 4 0.000000
0.303773 0.541758 0.475940 17 0.005876
0.288181 0.553354 0.475399 17 0.005876
0.302837 0.540942 0.485404 17 0.005876
0.319366 0.530163 0.476481 17 0.005876
0.304709 0.542575 0.466476 17 0.005876
0.267697 0.590680 0.448326 9 0.000000
0.787442 0.553936 0.451960 16 0.999104
0.256782 0.437330 0.463380 17 0.001235
0.268220 0.439823 0.465180 17 0.001235
0.255678 0.438462 0.468829 17 0.001235
0.245345 0.434836 0.461580 17 0.001235
0.257887 0.436197 0.457930 17 0.001235
0.003384 0.471621 0.461368 11 0.000003
0.069278 0.592329 0.451104 9 0.000000
0.064351 0.655946 0.450978 9 0.000000
0.047504 0.590643 0.451114 9 0.000000
0.074205 0.528712 0.451230 9 0.000000
0.091052 0.594015 0.451095 9 0.000000
0.744830 0.681117 0.555853 13 0.000000
0.736989 0.712452 0.554723 13 0.000000
0.672315 0.663048 0.558013 13 0.000000
0.752672 0.649782 0.556982 13 0.000000
0.817345 0.699186 0.553692 13 0.000000
0.757618 0.781425 0.469313 9 0.998459
0.996002 0.631918 0.496142 1 0.000000
0.867311 0.543958 0.550506 14 0.000000
0.287719 0.788270 0.456718 9 0.999622
0.343689 0.353020 0.552942 4 0.000000
0.334078 0.383994 0.552684 4 0.000000
0.441931 0.383522 0.555110 4 0.000000
0.353300 0.322046 0.553201 4 0.000000
0.245448 0.322518 0.550774 4 0.000000
0.379521 0.798196 0.537576 7 0.000000
0.030252 0.520469 0.453217 9 0.000000
0.670588 0.779721 0.469186 2 0.999947
0.671728 0.786898 0.468710 2 0.999947
0.653469 0.781996 0.462520 2 0.999947
0.669448 0.772543 0.469663 2 0.999947
0.687706 0.777445 0.475853 2 0.999947
0.314582 0.499593 0.512019 17 0.000000
0.315362 0.512921 0.511472 17 0.000000
0.315022 0.500156 0.526377 17 0.000000
0.313802 0.486265 0.512565 17 0.000000
0.314143 0.499030 0.497660 17 0.000000
0.287115 0.450619 0.514915 17 0.000246
0.297927 0.459534 0.514501 17 0.000246
0.288117 0.449975 0.527180 17 0.000246
0.276303 0.441704 0.515330 17 0.000246
0.286113 0.451263 0.502651 17 0.000246
0.846180 0.526098 0.449759 2 0.000000
0.808341 0.557140 0.449327 9 0.000000
0.839284 0.776300 0.451957 2 0.000000
0.952768 0.752182 0.459012 1 0.000000
0.937826 0.757083 0.458458 1 0.000000
0.947361 0.735680 0.458844 1 0.000000
0.967709 0.747281 0.459566 1 0.000000
0.958175 0.768685 0.459180 1 0.000000
0.959541 0.264807 0.452528 9 0.000000
0.953177 0.285488 0.453638 9 0.000000
0.947873 0.261209 0.452653 9 0.000000
0.965906 0.244126 0.451418 9 0.000000
0.971209 0.268404 0.452403 9 0.000000
0.967561 0.278365 0.546564 14 0.997814
0.976619 0.292455 0.544744 14 0.997814
0.963435 0.281351 0.549148 14 0.997814
0.958504 0.264275 0.548385 14 0.997814
0.971687 0.275380 0.543981 14 0.997814
0.002312 0.674394 0.460700 11 0.112737
0.996396 0.450736 0.501763 1 0.000000
0.995264 0.247454 0.510469 1 0.000000
0.996496 0.262918 0.507612 1 0.000000
0.993716 0.249472 0.520724 1 0.000000
0.994033 0.231991 0.513326 1 0.000000
0.996812 0.245436 0.500215 1 0.000000
0.995272 0.756091 0.475819 1 0.000000
0.996686 0.770169 0.469332 1 0.000000
0.995417 0.758600 0.481294 1 0.000000
0.993857 0.742013 0.482305 1 0.000000
0.995126 0.753583 0.470343 1 0.000000
0.748546 0.428202 0.480009 16 0.999567
0.741954 0.434497 0.491956 16 0.999567
0.754622 0.427696 0.483628 16 0.999567
0.755137 0.421907 0.468062 16 0.999567
0.742470 0.428708 0.476390 16 0.999567
0.004773 0.210068 0.491150 6 0.014771
0.034904 0.244995 0.530427 6 0.999987
0.030181 0.248366 0.529355 6 0.999987
0.045028 0.258854 0.529406 6 0.999987
0.039628 0.241623 0.531499 6 0.999987
0.024781 0.231135 0.531449 6 0.999987
0.920073 0.796944 0.536797 8 0.000003
0.994542 0.761559 0.526509 1 0.000001
0.024521 0.251530 0.527544 11 0.000036
0.020473 0.258736 0.521982 11 0.000036
0.028927 0.256148 0.530319 11 0.000036
0.028568 0.244325 0.533107 11 0.000036
0.020114 0.246913 0.524770 11 0.000036
0.003485 0.305038 0.493371 6 0.000073
0.003182 0.338129 0.492126 6 0.000073
0.004584 0.305574 0.507350 6 0.000073
0.003789 0.271947 0.494616 6 0.000073
0.002386 0.304502 0.479393 6 0.000073
0.002830 0.203047 0.489777 6 0.999938
0.100307 0.794965 0.535023 8 0.000087
0.992451 0.783351 0.517387 1 0.000000
0.992428 0.787564 0.524592 1 0.000000
0.992740 0.779786 0.519473 1 0.000000
0.992473 0.779138 0.510182 1 0.000000
0.992161 0.786917 0.515301 1 0.000000
0.230094 0.798285 0.499637 7 0.000000
0.023957 0.542340 0.454288 9 0.000000
0.004453 0.793539 0.489797 11 0.000073
0.995057 0.256611 0.464234 1 0.000000
0.993940 0.302411 0.459089 1 0.000000
0.241156 0.245462 0.451718 2 0.000000
0.001239 0.385202 0.467040 6 0.000006
0.960198 0.515658 0.546175 13 0.000000
0.992790 0.768598 0.462486 1 0.000000
0.804997 0.535096 0.467873 16 0.046422
0.796997 0.549861 0.468753 16 0.046422
0.803071 0.533618 0.475170 16 0.046422
0.812996 0.520331 0.466993 16 0.046422
0.806922 0.536574 0.460575 16 0.046422
0.995123 0.474327 0.466776 1 0.000000
0.968126 0.258599 0.545057 4 0.002596
0.965704 0.278487 0.547602 4 0.002596
0.976871 0.259935 0.542939 4 0.002596
0.970548 0.238711 0.542511 4 0.002596
0.959381 0.257263 0.547175 4 0.002596
0.639612 0.802165 0.487219 7 0.000000
0.895416 0.687806 0.553398 14 0.000000
0.899938 0.722026 0.551648 14 0.000000
0.870447 0.691162 0.554498 14 0.000000
0.890895 0.653587 0.555147 14 0.000000
0.920386 0.684451 0.552298 14 0.000000
0.020880 0.201798 0.470942 3 0.008265
0.028608 0.201632 0.473735 3 0.008265
0.017952 0.202571 0.479090 3 0.008265
0.013152 0.201963 0.468150 3 0.008265
0.023808 0.201024 0.462795 3 0.008265
0.920884 0.249457 0.548813 4 0.000000
0.928649 0.261328 0.549466 4 0.000000
0.901833 0.261851 0.550015 4 0.000000
0.913120 0.237585 0.548160 4 0.000000
0.939936 0.237063 0.547611 4 0.000000
0.994124 0.571277 0.468457 1 0.000000
0.001656 0.462381 0.455576 6 0.305271
0.980182 0.219721 0.541968 13 0.000000
0.979956 0.227022 0.540863 13 0.000000
0.977467 0.220130 0.545226 13 0.000000
0.980408 0.212419 0.543073 13 0.000000
0.982897 0.219312 0.538710 13 0.000000
0.017068 0.319148 0.452670 2 0.000063
0.949418 0.626512 0.540593 14 0.000000
0.200620 0.777174 0.546522 4 0.000000
0.500607 0.235792 0.549298 4 0.000000
0.490598 0.221476 0.453278 9 0.000000
0.976022 0.393411 0.456332 9 0.000000
0.663612 0.236148 0.549064 4 0.000000
0.772684 0.267943 0.449167 9 0.000000
0.995291 0.437805 0.493152 1 0.000000
0.707127 0.800374 0.466626 8 0.004729
0.033157 0.734071 0.513290 6 0.000004
0.037492 0.752331 0.514015 6 0.000004
0.038238 0.732621 0.519418 6 0.000004
0.028821 0.715811 0.512565 6 0.000004
0.028076 0.735521 0.507163 6 0.000004
0.985316 0.794866 0.495516 7 0.000002
0.671417 0.719302 0.521570 4 0.000000
0.676720 0.739678 0.524342 4 0.000000
0.729825 0.705093 0.514270 4 0.000000
0.666113 0.698926 0.518797 4 0.000000
0.613009 0.733511 0.528869 4 0.000000
0.766946 0.800607 0.499674 7 0.000000
0.259468 0.270415 0.549013 4 0.000000
0.003241 0.672430 0.465185 11 0.000965
0.994189 0.717387 0.476147 1 0.000000
0.138527 0.198501 0.516806 5 0.000000
0.512823 0.265244 0.449822 9 0.000000
0.347674 0.731457 0.550835 4 0.000000
0.748233 0.779121 0.546262 4 0.000000
0.920285 0.596453 0.450663 2 0.000000
0.928662 0.659946 0.450595 2 0.000000
0.896442 0.599598 0.450080 2 0.000000
0.911909 0.532960 0.450731 2 0.000000
0.944129 0.593308 0.451245 2 0.000000
0.821673 0.772553 0.546434 14 0.000000
0.118246 0.209750 0.514327 12 0.000000
0.398299 0.737119 0.447141 9 0.000000
0.187570 0.794085 0.533150 8 0.000006
0.998448 0.201290 0.487863 1 1.000000
0.598641 0.199741 0.486842 5 0.000000
0.482022 0.201502 0.469479 5 0.000005
0.395383 0.233274 0.452375 9 0.000000
0.380869 0.201243 0.530079 5 0.000000
0.402634 0.754485 0.549184 4 0.000000
0.112594 0.354313 0.448770 9 0.000000
0.105107 0.402073 0.448372 9 0.000000
0.147503 0.359779 0.447930 9 0.000000
0.120082 0.306554 0.449167 9 0.000000
0.077686 0.348848 0.449610 9 0.000000
0.157599 0.796935 0.453383 8 0.999979
0.783565 0.448150 0.479858 16 0.000000
0.784814 0.446467 0.469116 16 0.000000
0.797399 0.458252 0.479882 16 0.000000
0.782317 0.449834 0.490599 16 0.000000
0.769731 0.438049 0.479833 16 0.000000
0.069610 0.595476 0.450782 9 0.000000
0.063827 0.657940 0.450653 9 0.000000
0.048138 0.593488 0.450781 9 0.000000
0.075393 0.533012 0.450911 9 0.000000
0.091082 0.597464 0.450784 9 0.000000
0.742381 0.778278 0.534065 7 0.000007
0.864822 0.765511 0.547813 4 0.000000
0.148628 0.797849 0.453580 8 0.999368
0.467544 0.200321 0.498713 3 0.000000
0.015308 0.480214 0.458808 9 0.545929
0.249942 0.787285 0.497076 7 0.000059
0.662300 0.206445 0.530858 5 0.000000
0.085734 0.481983 0.450516 2 0.000000
0.994427 0.727788 0.492538 1 0.000000
0.994893 0.751341 0.494239 1 0.000000
0.996728 0.726824 0.505252 1 0.000000
0.993962 0.704234 0.490837 1 0.000000
0.992126 0.728751 0.479824 1 0.000000
0.550133 0.748102 0.452340 9 0.000000
0.320125 0.706220 0.447624 2 0.000000
0.321043 0.735337 0.449227 2 0.000000
0.237476 0.708861 0.447002 2 0.000000
0.319207 0.677103 0.446020 2 0.000000
0.402774 0.703580 0.448245 2 0.000000
0.949469 0.364856 0.517567 4 0.000002
0.958383 0.365204 0.525623 4 0.000002
0.952556 0.331557 0.515589 4 0.000002
0.940555 0.364508 0.509511 4 0.000002
0.946381 0.398154 0.519545 4 0.000002
0.345277 0.757608 0.547594 13 0.000000
0.491849 0.760357 0.547520 4 0.000000
0.776755 0.794491 0.456044 7 0.286801
0.204926 0.449007 0.490688 17 0.505211
0.206822 0.449040 0.497101 17 0.505211
0.202168 0.451006 0.491493 17 0.505211
0.203030 0.448975 0.484275 17 0.505211
0.207684 0.447008 0.489883 17 0.505211
0.972146 0.207260 0.477058 5 0.000000
0.963833 0.208715 0.482271 5 0.000000
0.977984 0.208803 0.485938 5 0.000000
0.980458 0.205805 0.471846 5 0.000000
0.966307 0.205717 0.468179 5 0.000000
0.336692 0.796872 0.520438 8 0.000000
0.992662 0.777192 0.465587 1 0.000000
0.992483 0.785210 0.465950 1 0.000000
0.993542 0.776972 0.470869 1 0.000000
0.992840 0.769173 0.465225 1 0.000000
0.991781 0.777411 0.460306 1 0.000000
0.740715 0.797208 0.452953 9 0.991944
0.107161 0.483601 0.448887 2 0.000000
0.803289 0.249158 0.450413 2 0.000000
0.956960 0.680832 0.486869 9 0.999994
0.537535 0.264757 0.450405 9 0.000000
0.715226 0.242180 0.548824 4 0.000000
0.781348 0.442932 0.452743 16 0.212854
0.257412 0.753271 0.451109 9 0.000000
0.276664 0.796462 0.458446 8 0.188439
0.055913 0.391190 0.451149 9 0.000000
0.612040 0.763729 0.456446 9 0.000000
0.036939 0.556800 0.452128 9 0.000000
0.494164 0.744676 0.449633 9 0.000000
0.479538 0.798324 0.454454 8 0.999293
0.797491 0.199516 0.526517 5 0.000000
0.111413 0.800659 0.453732 8 0.999811
0.621226 0.714979 0.448748 2 0.000000
0.911336 0.776627 0.546953 14 0.000000
0.278311 0.765452 0.455384 9 0.000000
0.487486 0.793953 0.451787 9 0.992881
0.990973 0.556811 0.457927 1 0.000000
0.350762 0.782029 0.451094 9 0.000403
0.771336 0.560384 0.501642 15 0.071859
0.785386 0.554545 0.503423 15 0.071859
0.769432 0.560922 0.518426 15 0.071859
0.757286 0.566224 0.499862 15 0.071859
0.773239 0.559847 0.484858 15 0.071859
0.994484 0.489385 0.495018 1 0.000000
0.742460 0.424300 0.552759 16 0.000000
0.376326 0.797666 0.516090 7 0.000000
0.328900 0.794717 0.523542 7 0.000000
0.162029 0.697017 0.468282 9 0.000000
0.211602 0.687032 0.467578 9 0.000000
0.155954 0.667030 0.465847 9 0.000000
0.112455 0.707003 0.468986 9 0.000000
0.168103 0.727004 0.470716 9 0.000000
0.510014 0.265375 0.454642 9 0.000000
0.741317 0.201314 0.471642 5 0.000058
0.535131 0.627832 0.451320 2 0.000000
0.526536 0.670242 0.450970 2 0.000000
0.456010 0.611807 0.452629 2 0.000000
0.543726 0.585421 0.451671 2 0.000000
0.614251 0.643856 0.450011 2 0.000000
0.358792 0.774188 0.450483 9 0.000000
0.995547 0.361834 0.511851 1 0.000000
0.672630 0.453239 0.550784 4 0.000000
0.220657 0.419546 0.514596 17 0.048471
0.527300 0.797939 0.517437 8 0.000000
0.967277 0.661822 0.453022 1 0.000000
0.914101 0.751040 0.549013 4 0.000000
0.910037 0.766131 0.549049 4 0.000000
0.892613 0.745253 0.549553 4 0.000000
0.918164 0.735950 0.548978 4 0.000000
0.935589 0.756827 0.548473 4 0.000000
0.722949 0.797831 0.524349 7 0.000000
0.235857 0.795782 0.529693 8 0.000000
0.995322 0.758635 0.511444 1 0.000001
0.996728 0.771670 0.512844 1 0.000001
0.994915 0.757749 0.520100 1 0.000001
0.993916 0.745599 0.510043 1 0.000001
0.995729 0.759521 0.502788 1 0.000001
0.992586 0.704634 0.492195 1 0.000000
0.991582 0.735131 0.498779 1 0.000000
0.993210 0.702217 0.503486 1 0.000000
0.993589 0.674138 0.485611 1 0.000000
0.991961 0.707051 0.480904 1 0.000000
0.839710 0.222586 0.452071 9 0.000000
0.061809 0.352521 0.546116 4 0.000003
0.921374 0.250311 0.548880 14 0.000000
0.928429 0.264727 0.549250 14 0.000000
0.940708 0.240886 0.547451 14 0.000000
0.914319 0.235895 0.548510 14 0.000000
0.902040 0.259736 0.550308 14 0.000000
0.021363 0.225394 0.463649 6 0.000000
0.027480 0.228200 0.464590 6 0.000000
0.025853 0.216213 0.461847 6 0.000000
0.015247 0.222588 0.462708 6 0.000000
0.016873 0.234576 0.465451 6 0.000000
0.734233 0.436911 0.478120 15 0.528849
0.727429 0.439709 0.489467 15 0.528849
0.738368 0.436009 0.480822 15 0.528849
0.741038 0.434113 0.466773 15 0.528849
0.730099 0.437813 0.475418 15 0.528849
0.060967 0.796704 0.537294 8 0.001928
0.489074 0.796735 0.530307 8 0.000000
0.762687 0.791384 0.458817 9 0.995773
0.995037 0.244424 0.458507 1 0.000000
0.438937 0.797912 0.499771 7 0.000000
0.865845 0.311962 0.552282 4 0.000000
0.888563 0.336738 0.552697 4 0.000000
0.893055 0.287041 0.550597 4 0.000000
0.843127 0.287185 0.551867 4 0.000000
0.838635 0.336883 0.553966 4 0.000000
0.938678 0.798918 0.454302 8 0.999948
0.948078 0.647025 0.525404 4 0.000000
0.939851 0.689153 0.518102 4 0.000000
0.933479 0.644881 0.529478 4 0.000000
0.956304 0.604898 0.532707 4 0.000000
0.962676 0.649170 0.521330 4 0.000000
0.002914 0.452263 0.490187 11 0.000000
0.865083 0.788255 0.454853 2 0.000282
0.061423 0.796686 0.548226 8 0.999999
0.005106 0.576775 0.510382 6 0.000000
0.532435 0.790093 0.482075 7 0.999793
0.829785 0.785957 0.543325 4 0.000000
0.009975 0.521793 0.455036 6 0.008089
0.074982 0.791198 0.529650 8 0.006975
0.995972 0.371859 0.474079 1 0.000000
0.002598 0.573801 0.525479 6 0.999034
0.793072 0.795149 0.473166 7 0.000000
0.969828 0.535745 0.542856 4 0.000000
0.812180 0.502914 0.474655 16 0.000029
0.813624 0.522449 0.478506 16 0.000029
0.810797 0.501534 0.482172 16 0.000029
0.810735 0.483379 0.470804 16 0.000029
0.813562 0.504294 0.467137 16 0.000029
0.993846 0.459732 0.457471 2 0.000000
0.967433 0.216129 0.532686 10 0.000004
0.964405 0.220321 0.527838 10 0.000004
0.977970 0.219677 0.529175 10 0.000004
0.970460 0.211936 0.537535 10 0.000004
0.956896 0.212580 0.536198 10 0.000004
0.655470 0.799136 0.499580 8 0.000000
0.927419 0.747711 0.549138 4 0.000000
0.918349 0.756542 0.549196 4 0.000000
0.913429 0.733345 0.548861 4 0.000000
0.936488 0.738880 0.549079 4 0.000000
0.941408 0.762077 0.549415 4 0.000000
0.997017 0.518341 0.482197 1 0.000000
0.963702 0.251786 0.454708 9 0.000000
0.963778 0.270826 0.454134 9 0.000000
0.976029 0.251719 0.454131 9 0.000000
0.963626 0.232746 0.455283 9 0.000000
0.951375 0.251852 0.455286 9 0.000000
0.510494 0.798120 0.480541 7 0.000002
0.001175 0.449491 0.473189 6 0.000026
0.917570 0.796624 0.454129 9 0.998205
0.996982 0.203977 0.496913 1 0.997205
0.088003 0.201080 0.536169 5 0.000000
0.980968 0.656911 0.475176 9 0.000002
0.979212 0.668010 0.476985 9 0.000002
0.980411 0.655801 0.481448 9 0.000002
0.982724 0.645812 0.473368 9 0.000002
0.981526 0.658021 0.468905 9 0.000002
0.775412 0.795960 0.539392 8 0.000000
0.993861 0.373627 0.467261 1 0.000000
0.220585 0.200586 0.507098 3 0.000000
0.010828 0.517111 0.466694 6 0.010379
0.446666 0.201395 0.500661 5 0.000000
0.624708 0.511832 0.474479 9 0.000000
0.777887 0.222361 0.548188 4 0.000000
0.913328 0.323855 0.552924 4 0.000000
0.932825 0.327871 0.552202 4 0.000000
0.905447 0.362380 0.554414 4 0.000000
0.893830 0.319839 0.553645 4 0.000000
0.921208 0.285330 0.551433 4 0.000000
0.021629 0.621693 0.529728 11 0.012554
0.050787 0.215385 0.513988 10 0.000000
0.035874 0.210281 0.518825 10 0.000000
0.055293 0.213151 0.525525 10 0.000000
0.065699 0.220490 0.509152 10 0.000000
0.046280 0.217619 0.502452 10 0.000000
0.832905 0.219388 0.451788 9 0.000004
0.711116 0.268663 0.550113 13 0.000000
0.657452 0.265148 0.449980 2 0.000000
0.211392 0.219321 0.507834 12 0.000001
0.879036 0.795939 0.535562 7 0.000000
0.909639 0.248830 0.548649 14 0.000000
0.916351 0.258887 0.548437 14 0.000000
0.928352 0.236342 0.548654 14 0.000000
0.902928 0.238773 0.548862 14 0.000000
0.890927 0.261318 0.548645 14 0.000000
0.702602 0.762706 0.452246 9 0.000000
0.738114 0.240685 0.523353 3 0.000000
0.018762 0.271427 0.481086 6 0.000000
0.799640 0.795833 0.538089 8 0.000000
0.126352 0.354782 0.477461 9 0.000000
0.113627 0.393932 0.482194 9 0.000000
0.162708 0.366533 0.478006 9 0.000000
0.139076 0.315632 0.472727 9 0.000000
0.089995 0.343031 0.476915 9 0.000000
0.576115 0.210270 0.530388 10 0.000000
0.764102 0.199534 0.482851 5 0.000000
0.004356 0.468721 0.514748 6 0.000000
0.042657 0.296697 0.495219 6 0.000000
0.461049 0.200064 0.483505 5 0.000000
0.274800 0.797369 0.455767 8 0.999976
0.972546 0.646143 0.498741 9 0.000022
0.407256 0.773073 0.544396 4 0.000000
0.750897 0.199918 0.538802 3 0.007252
0.623655 0.780145 0.537769 7 0.000013
0.266502 0.298331 0.550934 4 0.000000
0.265413 0.329683 0.551904 4 0.000000
0.189287 0.295679 0.550014 4 0.000000
0.267590 0.266980 0.549965 4 0.000000
0.343717 0.300984 0.551854 4 0.000000
0.995154 0.262093 0.483483 1 0.000000
0.993452 0.282030 0.480917 1 0.000000
0.996372 0.263544 0.493949 1 0.000000
0.996856 0.242157 0.486048 1 0.000000
0.993936 0.260642 0.473016 1 0.000000
0.940514 0.435334 0.538177 4 0.000000
0.267667 0.436070 0.458429 17 0.000082
0.606225 0.202544 0.539848 10 0.999979
0.004473 0.780518 0.510273 6 0.000779
0.003145 0.780424 0.500000 6 0.000779
0.003560 0.787227 0.510330 6 0.000779
0.005801 0.780612 0.520547 6 0.000779
0.005387 0.773809 0.510217 6 0.000779
0.840824 0.796939 0.451698 9 0.999928
0.992082 0.768735 0.535528 13 0.000000
0.993597 0.780368 0.534028 13 0.000000
0.987880 0.770037 0.541382 13 0.000000
0.990567 0.757102 0.537028 13 0.000000
0.996284 0.767433 0.529674 13 0.000000
0.108946 0.779592 0.490175 7 0.957583
0.134635 0.779557 0.489364 7 0.957583
0.109286 0.779730 0.500917 7 0.957583
0.083257 0.779627 0.490986 7 0.957583
0.108607 0.779453 0.479433 7 0.957583
0.976833 0.382086 0.456343 9 0.000000
0.328301 0.776110 0.483096 7 0.999888
0.778825 0.406203 0.553113 4 0.000000
0.827799 0.554232 0.448868 2 0.000000
0.976886 0.397630 0.516171 1 0.000000
0.942696 0.630132 0.550055 4 0.000000
0.063524 0.382846 0.452044 2 0.000000
0.057350 0.441170 0.450375 2 0.000000
0.083677 0.384942 0.450756 2 0.000000
0.069699 0.324521 0.453713 2 0.000000
0.043372 0.380749 0.453332 2 0.000000
0.039554 0.423130 0.466966 2 0.000000
0.693750 0.199371 0.516977 3 0.000000
0.938608 0.303440 0.492635 13 0.987261
0.921225 0.297218 0.496970 13 0.987261
0.947273 0.270056 0.479461 13 0.987261
0.955991 0.309663 0.488300 13 0.987261
0.929943 0.336824 0.505810 13 0.987261
0.638060 0.759195 0.547278 4 0.000000
0.778039 0.433832 0.544836 15 0.000000
0.342599 0.399884 0.552551 4 0.000000
0.594183 0.673503 0.449235 9 0.000000
0.592396 0.711831 0.449892 9 0.000000
0.488650 0.668606 0.447831 9 0.000000
0.595971 0.635176 0.448579 9 0.000000
0.699716 0.678401 0.450640 9 0.000000
0.923564 0.405640 0.484966 4 0.000000
0.700089 0.733242 0.449696 9 0.000000
0.003990 0.677585 0.491285 11 0.000000
0.004669 0.716384 0.488650 11 0.000000
0.004244 0.678506 0.504902 11 0.000000
0.003312 0.638786 0.493921 11 0.000000
0.003737 0.676665 0.477668 11 0.000000
0.918337 0.484306 0.451093 9 0.000000
0.068546 0.607661 0.547203 4 0.000000
0.949666 0.626018 0.540998 14 0.000000
0.107095 0.481093 0.546089 13 0.000000
0.890026 0.798637 0.463666 8 0.000050
0.973597 0.267971 0.457656 13 0.000000
0.971525 0.286234 0.460499 13 0.000000
0.965018 0.266908 0.458230 13 0.000000
0.975669 0.249708 0.454812 13 0.000000
0.982176 0.269034 0.457081 13 0.000000
0.915025 0.496311 0.450917 9 0.000000
0.448857 0.765633 0.452107 9 0.000000
0.379674 0.764123 0.450797 9 0.000000
0.647064 0.791619 0.453080 9 0.666591
0.957510 0.411514 0.547175 4 0.000000
0.991877 0.626488 0.458196 1 0.000000
0.306536 0.775446 0.451628 9 0.000000
0.327290 0.650381 0.552782 14 0.000000
0.338298 0.679738 0.552557 14 0.000000
0.421587 0.615030 0.553766 14 0.000000
0.316282 0.621025 0.553006 14 0.000000
0.232992 0.685732 0.551797 14 0.000000
0.986786 0.505582 0.465183 9 0.000001
0.242818 0.396189 0.448190 2 0.000000
0.175473 0.553120 0.549135 4 0.000000
0.237469 0.437398 0.522612 17 0.000000
0.259485 0.435616 0.520587 17 0.000000
0.238339 0.437068 0.532369 17 0.000000
0.215452 0.439181 0.524637 17 0.000000
0.236598 0.437729 0.512855 17 0.000000
0.924148 0.530978 0.450847 9 0.000000
0.769382 0.800710 0.500838 8 0.000000
0.023512 0.744213 0.500374 6 0.000000
0.025300 0.745999 0.487079 6 0.000000
0.022676 0.750582 0.501117 6 0.000000
0.021723 0.742428 0.513669 6 0.000000
0.024348 0.737845 0.499631 6 0.000000
0.920156 0.453633 0.451289 9 0.000000
0.894912 0.453941 0.451368 9 0.000000
0.921092 0.530458 0.451396 9 0.000000
0.945399 0.453326 0.451209 9 0.000000
0.919219 0.376809 0.451181 9 0.000000
0.952844 0.509472 0.548133 4 0.000011
0.014200 0.318769 0.452981 9 0.030558
0.417763 0.779725 0.451103 9 0.000046
0.211172 0.381452 0.494239 9 0.000000
0.241447 0.392490 0.492145 9 0.000000
0.210370 0.386035 0.506805 9 0.000000
0.180897 0.370414 0.496333 9 0.000000
0.211974 0.376869 0.481673 9 0.000000
0.824282 0.200334 0.530207 5 0.000000
0.992941 0.782878 0.503658 1 0.000001
0.992281 0.788125 0.502630 1 0.000001
0.992831 0.785213 0.515646 1 0.000001
0.993602 0.777630 0.504686 1 0.000001
0.993051 0.780542 0.491669 1 0.000001
0.382709 0.797005 0.535294 8 0.999950
0.994438 0.590430 0.495246 1 0.000000
0.756220 0.324930 0.454027 9 0.000000
0.681740 0.306596 0.454214 9 0.000000
0.748154 0.357699 0.454201 9 0.000000
0.830700 0.343264 0.453839 9 0.000000
0.764286 0.292161 0.453852 9 0.000000
0.996270 0.247372 0.488357 1 0.000000
0.997840 0.252997 0.479532 1 0.000000
0.994971 0.261359 0.497042 1 0.000000
0.994700 0.241746 0.497183 1 0.000000
0.997569 0.233385 0.479673 1 0.000000
0.984199 0.640520 0.486568 9 0.000000
0.984071 0.660430 0.481753 9 0.000000
0.983290 0.642546 0.494968 9 0.000000
0.984327 0.620610 0.491383 9 0.000000
0.985108 0.638494 0.478168 9 0.000000
0.112838 0.796932 0.531419 8 0.000000
0.912556 0.359302 0.552654 13 0.000000
0.913481 0.409588 0.554332 13 0.000000
0.934418 0.358954 0.551018 13 0.000000
0.911631 0.309015 0.550975 13 0.000000
0.890694 0.359649 0.554289 13 0.000000
0.049548 0.202497 0.453836 3 0.999998
0.003825 0.250196 0.451570 9 1.000000
0.853247 0.799048 0.500892 8 0.000000
0.935658 0.677018 0.507867 9 0.000002
0.938713 0.697440 0.504590 9 0.000002
0.936341 0.678341 0.516750 9 0.000002
0.932603 0.656597 0.511144 9 0.000002
0.934975 0.675695 0.498984 9 0.000002
0.994473 0.768238 0.495688 1 0.000000
0.993951 0.777393 0.491818 1 0.000000
0.994463 0.773994 0.509303 1 0.000000
0.994995 0.759084 0.499559 1 0.000000
0.994483 0.762483 0.482074 1 0.000000
0.995385 0.218030 0.460987 1 0.000000
0.993798 0.219857 0.456978 1 0.000000
0.997284 0.225402 0.463594 1 0.000000
0.996972 0.216204 0.464996 1 0.000000
0.993485 0.210658 0.458380 1 0.000000
0.342607 0.796073 0.520348 7 0.000000
0.059798 0.798811 0.453077 8 0.999588
0.199148 0.788298 0.537389 7 0.000000
0.220384 0.200792 0.458416 3 0.960833
0.996840 0.741654 0.481205 1 0.000000
0.998904 0.759711 0.474863 1 0.000000
0.997019 0.744452 0.489232 1 0.000000
0.994777 0.723596 0.487547 1 0.000000
0.996661 0.738855 0.473179 1 0.000000
0.916218 0.799122 0.499891 8 0.000000
0.942990 0.798362 0.509649 8 0.000000
0.911271 0.799865 0.513521 8 0.000000
0.889446 0.799882 0.490134 8 0.000000
0.921165 0.798379 0.486261 8 0.000000
0.002858 0.670880 0.450778 9 0.999998
0.000535 0.541570 0.475988 6 0.000011
0.992964 0.771774 0.526041 1 0.000780
0.101363 0.738930 0.450702 2 0.000000
0.101935 0.758216 0.450950 2 0.000000
0.133982 0.737966 0.450408 2 0.000000
0.100791 0.719644 0.450454 2 0.000000
0.068745 0.739894 0.450996 2 0.000000
0.053786 0.212573 0.454489 9 0.342427
0.209524 0.286644 0.488813 9 0.000000
0.147494 0.289230 0.492419 9 0.000000
0.211074 0.315688 0.494646 9 0.000000
0.271554 0.284058 0.485207 9 0.000000
0.207974 0.257600 0.482980 9 0.000000
0.996240 0.794636 0.470150 1 0.797117
0.997966 0.796984 0.469931 1 0.797117
0.997826 0.794222 0.478209 1 0.797117
0.994515 0.792288 0.470369 1 0.797117
0.994655 0.795050 0.462091 1 0.797117
0.708669 0.798505 0.461345 8 0.000000
0.996739 0.387545 0.475712 1 0.000000
0.211463 0.724099 0.447413 9 0.000000
0.211555 0.747824 0.448319 9 0.000000
0.273491 0.723870 0.447138 9 0.000000
0.211372 0.700374 0.446507 9 0.000000
0.149435 0.724328 0.447687 9 0.000000
0.958737 0.794139 0.464723 8 0.951900
0.668591 0.199857 0.499153 3 0.000000
0.995445 0.669462 0.498299 1 0.000000
0.993924 0.700557 0.502491 1 0.000000
0.996482 0.667706 0.511699 1 0.000000
0.996966 0.638367 0.494107 1 0.000000
0.994409 0.671218 0.484899 1 0.000000
0.002215 0.340656 0.452850 6 0.999917
0.778564 0.285665 0.448312 2 0.000000
0.783496 0.306419 0.447857 2 0.000000
0.712159 0.301419 0.447132 2 0.000000
0.773632 0.264910 0.448767 2 0.000000
0.844968 0.269910 0.449492 2 0.000000
0.996821 0.633151 0.502049 1 0.000000
0.885843 0.796411 0.538249 8 0.021888
0.002944 0.571868 0.491815 6 0.000006
0.463543 0.795832 0.486867 8 0.000000
0.282463 0.687740 0.448944 9 0.000000
0.282916 0.723410 0.449997 9 0.000000
0.196953 0.688778 0.450631 9 0.000000
0.282009 0.652071 0.447892 9 0.000000
0.367972 0.686703 0.447258 9 0.000000
0.891351 0.742073 0.547623 13 0.000000
0.922701 0.738324 0.544828 13 0.000000
0.893537 0.760732 0.547109 13 0.000000
0.860001 0.745822 0.550417 13 0.000000
0.889165 0.723414 0.548137 13 0.000000
0.759965 0.771561 0.455123 2 0.000000
0.749805 0.200403 0.458510 10 0.486187
0.589064 0.199652 0.511483 5 0.000000
0.335126 0.209477 0.478851 12 0.000188
0.189129 0.797082 0.527136 8 0.000000
0.003677 0.576452 0.491811 6 0.000000
0.004476 0.238529 0.528623 11 1.000000
0.002064 0.487179 0.491695 6 0.000004
0.962870 0.554746 0.531808 4 0.000006
0.045379 0.590937 0.475426 9 0.000002
0.046079 0.627766 0.471805 9 0.000002
0.031029 0.591192 0.475246 9 0.000002
0.044678 0.554107 0.479046 9 0.000002
0.059729 0.590681 0.475605 9 0.000002
0.460004 0.775173 0.543412 4 0.000000
0.421693 0.274033 0.453383 9 0.000000
0.735838 0.200281 0.492801 5 0.000000
0.476138 0.201186 0.499529 5 0.000000
0.140558 0.243341 0.450725 9 0.000000
0.141408 0.258435 0.449828 9 0.000000
0.185674 0.240781 0.450426 9 0.000000
0.139707 0.228247 0.451622 9 0.000000
0.095441 0.245902 0.451024 9 0.000000
0.709274 0.444867 0.490363 16 0.594026
0.698115 0.447413 0.476227 16 0.594026
0.702909 0.445386 0.495482 16 0.594026
0.720434 0.442321 0.504499 16 0.594026
0.715640 0.444348 0.485244 16 0.594026
0.559954 0.238592 0.451232 2 0.000000
0.988660 0.720621 0.531491 13 0.000031
0.807693 0.479099 0.478948 16 0.030678
0.810160 0.483069 0.471264 16 0.030678
0.811353 0.492370 0.486979 16 0.030678
0.805226 0.475129 0.486633 16 0.030678
0.804034 0.465828 0.470917 16 0.030678
0.477986 0.229846 0.455277 9 0.000000
0.951631 0.198665 0.453535 10 1.000000
0.397555 0.200182 0.500155 5 0.000000
0.993301 0.790864 0.476907 1 0.000192
0.993611 0.794459 0.476746 1 0.000192
0.994333 0.791190 0.486149 1 0.000192
0.992991 0.787269 0.477068 1 0.000192
0.992268 0.790538 0.467665 1 0.000192
0.000405 0.527753 0.473341 11 0.001765
0.272166 0.573691 0.549345 14 0.000000
0.744455 0.560577 0.521186 16 0.000000
0.758038 0.562818 0.526689 16 0.000000
0.741192 0.561064 0.529040 16 0.000000
0.730873 0.558336 0.515682 16 0.000000
0.747718 0.560089 0.513331 16 0.000000
0.003398 0.402821 0.460004 6 0.004043
-0.000683 0.542575 0.463307 6 0.000001
0.357984 0.799085 0.512848 8 0.000000
0.927603 0.598014 0.544839 4 0.000000
0.743628 0.430384 0.543675 16 0.999630
0.415248 0.776510 0.451695 9 0.000020
0.969320 0.423464 0.488256 14 0.000001
0.949096 0.372894 0.453878 2 0.000000
0.973692 0.609990 0.455264 1 0.000000
0.723315 0.785609 0.452923 2 0.000002
0.683703 0.705078 0.448559 2 0.000000
0.679287 0.731436 0.449568 2 0.000000
0.595990 0.690429 0.447395 2 0.000000
0.688118 0.678720 0.447549 2 0.000000
0.771415 0.719727 0.449723 2 0.000000
0.212838 0.403810 0.549556 13 0.000000
0.270229 0.662181 0.545495 13 0.000000
0.270403 0.692642 0.545035 13 0.000000
0.347273 0.661758 0.546667 13 0.000000
0.270054 0.631720 0.545956 13 0.000000
0.193185 0.662604 0.544324 13 0.000000
0.898758 0.637778 0.529356 4 0.000000
0.885172 0.685418 0.526546 4 0.000000
0.871037 0.629926 0.530253 4 0.000000
0.912344 0.590138 0.532167 4 0.000000
0.926479 0.645631 0.528459 4 0.000000
0.267956 0.635626 0.446511 9 0.000000
0.001710 0.639662 0.456935 11 0.298169
0.974620 0.391480 0.456791 1 0.000000
0.774592 0.737185 0.449836 9 0.000000
0.287829 0.453051 0.493163 17 0.008711
0.297082 0.460035 0.497256 17 0.008711
0.284329 0.450657 0.505160 17 0.008711
0.278576 0.446067 0.489070 17 0.008711
0.291329 0.455445 0.481165 17 0.008711
0.749179 0.431456 0.458663 16 0.005999
0.597553 0.472152 0.466685 9 0.000000
0.570822 0.475080 0.465985 9 0.000000
0.606546 0.555121 0.470349 9 0.000000
0.624283 0.469223 0.467384 9 0.000000
0.588559 0.389182 0.463020 9 0.000000
0.989509 0.616958 0.460565 1 0.000000
0.492861 0.757588 0.449216 9 0.000000
0.809694 0.529764 0.453742 16 0.920952
0.994153 0.484367 0.466646 9 0.000000
0.309064 0.200351 0.499173 5 0.000000
0.268044 0.200018 0.521932 3 0.000000
0.711283 0.442812 0.450281 16 0.216487
0.138619 0.450103 0.548196 4 0.000000
0.543184 0.732560 0.448095 9 0.000000
0.304724 0.353110 0.552211 13 0.000000
0.295442 0.380447 0.551714 13 0.000000
0.391034 0.382436 0.553367 13 0.000000
0.314006 0.325772 0.552707 13 0.000000
0.218414 0.323783 0.551054 13 0.000000
0.389308 0.471556 0.454266 9 0.000000
0.725066 0.435231 0.535319 16 0.893580
0.616721 0.198170 0.524832 5 0.000000
0.767861 0.200020 0.500530 5 0.000000
0.191436 0.217178 0.454371 9 0.004846
0.924369 0.777593 0.455209 2 0.000000
0.924717 0.786255 0.455426 2 0.000000
0.898877 0.778664 0.453287 2 0.000000
0.924021 0.768931 0.454991 2 0.000000
0.949861 0.776522 0.457130 2 0.000000
0.996252 0.662639 0.498157 1 0.000000
0.097521 0.273552 0.545771 14 0.000000
0.069986 0.263147 0.543416 14 0.000000
0.105978 0.251032 0.546402 14 0.000000
0.125056 0.283958 0.548127 14 0.000000
0.089064 0.296073 0.545141 14 0.000000
0.995501 0.487474 0.493582 1 0.000000
0.935162 0.290790 0.551839 4 0.000000
0.929730 0.320109 0.553059 4 0.000000
0.948919 0.293364 0.551243 4 0.000000
0.940594 0.261472 0.550620 4 0.000000
0.921406 0.288217 0.552436 4 0.000000
0.031780 0.303078 0.490748 6 0.000060
0.002922 0.452638 0.490330 6 0.000000
0.757024 0.440754 0.489319 16 0.029134
0.743513 0.438665 0.495724 16 0.029134
0.761477 0.442126 0.499159 16 0.029134
0.770536 0.442844 0.482914 16 0.029134
0.752572 0.439382 0.479479 16 0.029134
0.670046 0.801908 0.476831 8 0.001250
0.443974 0.798997 0.476335 8 0.000006
0.910232 0.736372 0.548250 4 0.000000
0.913255 0.756688 0.548081 4 0.000000
0.886773 0.739875 0.549696 4 0.000000
0.907209 0.716056 0.548419 4 0.000000
0.933691 0.732869 0.546805 4 0.000000
0.991905 0.782420 0.505395 1 0.000000
0.991624 0.787411 0.504170 1 0.000000
0.990908 0.785397 0.517756 1 0.000000
0.992187 0.777429 0.506620 1 0.000000
0.992903 0.779443 0.493034 1 0.000000
0.988054 0.202196 0.532964 3 0.999423
0.985822 0.203279 0.531274 3 0.999423
0.982851 0.202038 0.539736 3 0.999423
0.990286 0.201113 0.534653 3 0.999423
0.993258 0.202355 0.526191 3 0.999423
0.000619 0.454848 0.470156 11 0.000007
0.072124 0.227647 0.454334 9 0.000000
0.047116 0.226774 0.456890 9 0.000000
0.071694 0.238628 0.453874 9 0.000000
0.097132 0.228519 0.451778 9 0.000000
0.072554 0.216666 0.454795 9 0.000000
0.241094 0.203925 0.462353 3 0.975990
0.794446 0.796486 0.529635 8 0.000000
0.944874 0.262989 0.452443 9 0.000000
0.954195 0.283507 0.452524 9 0.000000
0.959969 0.256133 0.452380 9 0.000000
0.935554 0.242471 0.452362 9 0.000000
0.929780 0.269845 0.452506 9 0.000000
0.982862 0.311707 0.540351 4 0.000161
0.633324 0.798017 0.521129 7 0.000000
0.994941 0.212579 0.508646 1 0.000000
0.994967 0.216871 0.509556 1 0.000000
0.994827 0.210373 0.519049 1 0.000000
0.994914 0.208288 0.507735 1 0.000000
0.995054 0.214786 0.498243 1 0.000000
0.919945 0.686719 0.501618 2 0.000001
0.932615 0.710475 0.497931 2 0.000001
0.919430 0.688701 0.512618 2 0.000001
0.907275 0.662964 0.505304 2 0.000001
0.920461 0.684737 0.490617 2 0.000001
0.420531 0.230440 0.550199 4 0.000000
0.747838 0.796982 0.527414 7 0.000000
0.903202 0.226388 0.548020 13 0.000000
0.902948 0.235402 0.547886 13 0.000000
0.927937 0.227072 0.547199 13 0.000000
0.903456 0.217374 0.548153 13 0.000000
0.878467 0.225704 0.548840 13 0.000000
0.992150 0.271918 0.460448 1 0.000000
0.750736 0.199864 0.528468 3 0.000000
0.338854 0.200620 0.473715 5 0.000001
0.100521 0.421775 0.449226 9 0.000000
0.091146 0.488885 0.449106 9 0.000000
0.070913 0.417640 0.449820 9 0.000000
0.109895 0.354664 0.449346 9 0.000000
0.130128 0.425909 0.448633 9 0.000000
0.298833 0.446997 0.549539 17 0.992738
0.256080 0.797205 0.524703 8 0.000000
0.993462 0.759010 0.467125 1 0.000000
0.993302 0.772535 0.464181 1 0.000000
0.993898 0.760035 0.471811 1 0.000000
0.993622 0.745484 0.470069 1 0.000000
0.993026 0.757985 0.462439 1 0.000000
0.051926 0.253567 0.451061 9 0.000000
0.039962 0.263379 0.451026 9 0.000000
0.064766 0.269223 0.450789 9 0.000000
0.063889 0.243756 0.451096 9 0.000000
0.039085 0.237911 0.451334 9 0.000000
0.782306 0.797703 0.517340 8 0.000000
0.387157 0.282161 0.550993 4 0.000000
0.882656 0.792601 0.453810 9 0.463743
0.822035 0.225874 0.452171 2 0.000000
0.765824 0.261900 0.449041 2 0.000000
0.995444 0.651328 0.462063 1 0.000000
0.219420 0.798653 0.525785 7 0.000000
0.889806 0.236197 0.525509 3 0.000000
0.029767 0.525405 0.454190 9 0.000000
0.657638 0.792704 0.534709 8 0.000002
0.336910 0.795668 0.526525 8 0.000000
0.005067 0.348913 0.514282 11 0.000000
0.875706 0.797241 0.514471 8 0.008097
0.002938 0.612081 0.490488 6 0.000000
0.182221 0.795283 0.531859 7 0.000000
0.685000 0.787769 0.459524 9 0.994242
0.576968 0.200518 0.500579 5 0.000000
0.683597 0.228518 0.455391 9 0.000000
0.541601 0.200334 0.501055 3 0.000000
0.888749 0.209038 0.452492 9 0.056366
0.421828 0.245167 0.451533 9 0.000000
0.343393 0.226194 0.452164 2 0.000029
0.582140 0.778361 0.541672 8 0.998040
0.065656 0.409843 0.534297 4 0.000000
0.784348 0.438769 0.451047 15 0.018243
0.949135 0.196611 0.544395 3 0.999998
0.063969 0.531669 0.451680 9 0.000000
0.315250 0.508262 0.503080 17 0.001796
0.315090 0.516282 0.500451 17 0.001796
0.315074 0.513958 0.520467 17 0.001796
0.315411 0.500243 0.505708 17 0.001796
0.315427 0.502567 0.485692 17 0.001796
0.894975 0.202348 0.465678 3 0.052506
0.797129 0.795415 0.524247 8 0.000000
0.983477 0.765989 0.455113 1 0.000000
0.981665 0.779295 0.456369 1 0.000000
0.977705 0.765078 0.456441 1 0.000000
0.985290 0.752683 0.453857 1 0.000000
0.989250 0.766901 0.453785 1 0.000000
0.796456 0.797642 0.516989 8 0.000000
0.284942 0.443382 0.531663 17 0.000361
0.968397 0.202921 0.499541 5 0.000000
0.979519 0.203487 0.499351 5 0.000000
0.968688 0.203174 0.517280 5 0.000000
0.957275 0.202355 0.499732 5 0.000000
0.968107 0.202669 0.481802 5 0.000000
0.314141 0.470995 0.549647 17 0.837565
0.809188 0.575149 0.448580 2 0.000000
0.000401 0.496272 0.479124 11 0.000030
0.798484 0.436745 0.544171 15 0.000000
0.995008 0.453294 0.471477 1 0.000000
0.264508 0.439950 0.508280 17 0.000010
0.282017 0.445958 0.504252 17 0.000010
0.267576 0.439916 0.521563 17 0.000010
0.246999 0.433943 0.512308 17 0.000010
0.261441 0.439984 0.494997 17 0.000010
0.952993 0.619131 0.547490 14 0.000000
0.615425 0.792966 0.454693 9 0.999711
0.053228 0.695643 0.473779 9 0.000000
0.957098 0.732767 0.546315 4 0.000000
0.949790 0.733730 0.545961 4 0.000000
0.954348 0.711409 0.545013 4 0.000000
0.964406 0.731804 0.546670 4 0.000000
0.959848 0.754125 0.547617 4 0.000000
0.223830 0.211314 0.501108 3 0.000000
0.047355 0.415306 0.451713 9 0.000000
0.781690 0.751032 0.491770 14 0.001614
0.811999 0.741523 0.491479 14 0.001614
0.778587 0.740779 0.503724 14 0.001614
0.751381 0.760542 0.492061 14 0.001614
0.784792 0.761286 0.479816 14 0.001614
0.031798 0.285220 0.503600 6 0.000041
0.008452 0.519787 0.526388 6 0.000003
0.744694 0.443910 0.473845 15 0.993053
0.755504 0.442241 0.470895 15 0.993053
0.746755 0.445523 0.480483 15 0.993053
0.733885 0.445580 0.476795 15 0.993053
0.742633 0.442298 0.467206 15 0.993053
0.179711 0.504776 0.547715 17 0.000000
0.300182 0.448714 0.452401 9 0.019565
0.016657 0.598287 0.508155 6 0.000001
-0.000135 0.294223 0.459017 6 0.986256
0.994715 0.601281 0.495321 1 0.000000
0.866000 0.491132 0.551262 14 0.000000
0.691961 0.468145 0.488775 15 0.162277
0.685060 0.478327 0.490132 15 0.162277
0.694889 0.468231 0.503015 15 0.162277
0.698863 0.457963 0.487419 15 0.162277
0.689034 0.468058 0.474536 15 0.162277
0.243127 0.567514 0.532641 17 0.000563
0.229895 0.567100 0.533312 17 0.000563
0.243456 0.569891 0.540598 17 0.000563
0.256358 0.567928 0.531970 17 0.000563
0.242798 0.565137 0.524683 17 0.000563
0.235658 0.429448 0.547736 17 0.999398
0.322225 0.507240 0.501935 17 0.000000
0.323245 0.522768 0.504599 17 0.000000
0.320826 0.504366 0.519221 17 0.000000
0.321204 0.491712 0.499271 17 0.000000
0.323623 0.510114 0.484648 17 0.000000
0.410132 0.499158 0.549826 4 0.000000
0.007687 0.458626 0.521926 6 0.000000
0.982486 0.307604 0.539647 14 0.000310
0.004377 0.652878 0.511165 6 0.000000
0.993767 0.507786 0.496280 1 0.000000
0.019387 0.793423 0.482254 8 0.130641
0.019771 0.793495 0.494402 8 0.130641
0.026269 0.793240 0.482038 8 0.130641
0.019003 0.793350 0.470107 8 0.130641
0.012505 0.793605 0.482471 8 0.130641
0.853743 0.271229 0.449289 2 0.000000
0.857641 0.292437 0.448897 2 0.000000
0.808346 0.279556 0.448450 2 0.000000
0.849845 0.250020 0.449680 2 0.000000
0.899140 0.262901 0.450128 2 0.000000
0.827173 0.276408 0.549027 13 0.000000
0.826662 0.301970 0.550584 13 0.000000
0.778145 0.275344 0.550409 13 0.000000
0.827684 0.250846 0.547470 13 0.000000
0.876200 0.277472 0.547645 13 0.000000
0.996322 0.495099 0.467604 1 0.000000
0.157242 0.777755 0.546879 4 0.000000
0.996275 0.437586 0.457750 1 0.000000
0.965859 0.794976 0.468540 8 0.152693
0.977662 0.795894 0.465217 8 0.152693
0.967371 0.794932 0.473899 8 0.152693
0.954055 0.794058 0.471863 8 0.152693
0.964346 0.795020 0.463180 8 0.152693
0.604487 0.799610 0.500777 7 0.000000
0.391827 0.234375 0.550680 14 0.000000
0.087966 0.206143 0.458196 3 0.999929
0.944821 0.655198 0.517249 4 0.000008
0.937314 0.688032 0.512586 4 0.000008
0.929209 0.652597 0.524065 4 0.000008
0.952328 0.622364 0.521912 4 0.000008
0.960433 0.657800 0.510433 4 0.000008
0.002556 0.201413 0.473684 10 0.999997
0.002947 0.385992 0.481607 11 0.000068
0.993640 0.783024 0.523838 1 0.000001
0.993313 0.788737 0.526406 1 0.000001
0.993729 0.781611 0.526992 1 0.000001
0.993967 0.777311 0.521270 1 0.000001
0.993551 0.784437 0.520683 1 0.000001
0.456937 0.787978 0.498850 7 0.000001
0.116989 0.767469 0.452070 9 0.000000
0.374987 0.289863 0.551198 4 0.000000
0.996554 0.338017 0.473082 1 0.000000
0.267104 0.199957 0.520392 5 0.000000
0.703054 0.199129 0.481867 5 0.000000
0.337388 0.201091 0.500716 5 0.000000
0.024813 0.546088 0.453898 9 0.000000
0.677246 0.493953 0.449495 2 0.000000
0.018276 0.520529 0.454419 9 0.000525
0.560730 0.798502 0.509223 7 0.000000
0.897632 0.321155 0.549614 4 0.000000
0.896753 0.359236 0.550774 4 0.000000
0.870583 0.320481 0.551248 4 0.000000
0.898511 0.283074 0.548453 4 0.000000
0.924681 0.321829 0.547979 4 0.000000
0.523146 0.201784 0.498676 5 0.000000
0.050914 0.297607 0.476081 9 0.000000
0.037076 0.301780 0.476023 9 0.000000
0.060015 0.327911 0.484683 9 0.000000
0.064752 0.293435 0.476139 9 0.000000
0.041813 0.267303 0.467479 9 0.000000
0.484394 0.236845 0.549774 4 0.000000
0.837665 0.793767 0.462425 8 0.999830
0.996113 0.201918 0.478664 3 0.999265
0.574071 0.798063 0.524823 8 0.000000
0.353735 0.319809 0.548662 4 0.000000
0.247924 0.319518 0.545570 4 0.000000
0.353621 0.357759 0.548988 4 0.000000
0.459545 0.320099 0.551754 4 0.000000
0.353848 0.281858 0.548336 4 0.000000
0.919610 0.311540 0.451246 2 0.000000
0.913034 0.346577 0.451301 2 0.000000
0.895707 0.307054 0.450990 2 0.000000
0.926187 0.276503 0.451191 2 0.000000
0.943513 0.316026 0.451502 2 0.000000
0.993409 0.394263 0.527200 1 0.000000
0.995981 0.555677 0.473816 1 0.000000
0.777434 0.798843 0.497264 8 0.000000
0.001603 0.441970 0.466893 6 0.000050
0.743156 0.198535 0.492606 5 0.000000
0.191899 0.796809 0.472785 8 0.000025
0.776335 0.272369 0.550103 4 0.000000
0.781002 0.292352 0.551274 4 0.000000
0.830335 0.259748 0.550262 4 0.000000
0.771668 0.252386 0.548932 4 0.000000
0.722335 0.284989 0.549945 4 0.000000
0.993900 0.262936 0.453843 1 0.999491
0.994363 0.560904 0.526109 1 0.000000
0.995196 0.572658 0.471535 1 0.000000
0.317447 0.251895 0.449117 9 0.000000
0.478986 0.200051 0.480051 5 0.000000
0.943425 0.253920 0.549235 14 0.000000
0.955712 0.257174 0.548764 14 0.000000
0.948140 0.235861 0.547472 14 0.000000
0.931137 0.250665 0.549707 14 0.000000
0.938709 0.271979 0.550999 14 0.000000
0.920754 0.538877 0.547086 4 0.000000
0.800676 0.464110 0.498125 16 0.043702
0.800100 0.462485 0.482708 16 0.043702
0.810869 0.476653 0.496422 16 0.043702
0.801252 0.465735 0.513542 16 0.043702
0.790483 0.451566 0.499828 16 0.043702
0.993213 0.644267 0.498626 1 0.000000
0.050598 0.531241 0.451627 9 0.000000
0.034919 0.409746 0.455274 9 0.000000
0.563111 0.200419 0.499784 5 0.000000
0.722187 0.776085 0.548071 4 0.000000
0.340182 0.200448 0.500270 5 0.000000
0.758933 0.796961 0.524500 8 0.000000
0.991341 0.776762 0.462720 1 0.000000
0.991029 0.784681 0.460005 1 0.000000
0.991643 0.777923 0.466072 1 0.000000
0.991652 0.768842 0.465435 1 0.000000
0.991039 0.775601 0.459368 1 0.000000
0.314799 0.202442 0.515469 3 0.000000
0.763309 0.242407 0.549026 13 0.000000
0.283549 0.203869 0.518846 3 0.000000
0.270798 0.773272 0.455356 9 0.000000
0.002839 0.645658 0.489158 6 0.000000
0.982875 0.323694 0.454845 2 0.000000
0.005396 0.246033 0.468253 6 0.000001
0.003244 0.260731 0.469715 6 0.000001
0.005788 0.245597 0.473218 6 0.000001
0.007548 0.231336 0.466792 6 0.000001
0.005005 0.246470 0.463289 6 0.000001
0.371487 0.737107 0.448603 9 0.000000
0.578237 0.779269 0.490327 7 0.986779
0.972667 0.635194 0.472858 9 0.000000
0.270373 0.441177 0.517211 17 0.000000
0.288802 0.450412 0.513240 17 0.000000
0.272617 0.441279 0.527863 17 0.000000
0.251944 0.431941 0.521181 17 0.000000
0.268129 0.441075 0.506558 17 0.000000
0.213209 0.789230 0.455246 9 0.000026
0.785984 0.411714 0.520972 4 0.000002
0.784506 0.420937 0.511558 4 0.000002
0.760477 0.402402 0.515855 4 0.000002
0.787462 0.402492 0.530387 4 0.000002
0.811491 0.421026 0.526090 4 0.000002
0.790347 0.385455 0.449654 9 0.000000
0.170265 0.506940 0.548665 13 0.000000
0.127039 0.432065 0.546779 4 0.000000
0.022387 0.264017 0.524889 11 0.000006
0.710953 0.276702 0.550523 13 0.000000
0.715361 0.297204 0.551490 13 0.000000
0.777671 0.262383 0.549964 13 0.000000
0.706545 0.256199 0.549556 13 0.000000
0.644235 0.291020 0.551083 13 0.000000
0.003954 0.576248 0.513081 6 0.000000
0.479482 0.228591 0.452123 9 0.000000
0.263362 0.199002 0.521559 5 0.000000
0.247084 0.431541 0.537003 17 0.000001
0.993347 0.533843 0.466747 1 0.000000
0.157683 0.453685 0.547598 4 0.000000
0.271690 0.200946 0.472906 5 0.000141
0.358494 0.587783 0.554671 4 0.000000
0.002610 0.577618 0.490826 6 0.000000
0.040559 0.558652 0.454435 9 0.000000
0.757195 0.406513 0.554367 16 0.000000
0.051850 0.597768 0.452302 2 0.000000
0.171319 0.507577 0.471439 17 0.002104
0.021572 0.565403 0.454157 9 0.000000
0.164200 0.508937 0.447806 2 0.000000
0.794046 0.549172 0.501948 15 0.015256
0.778131 0.559087 0.503098 15 0.015256
0.795119 0.548846 0.519597 15 0.015256
0.809961 0.539257 0.500798 15 0.015256
0.792973 0.549498 0.484299 15 0.015256
0.816923 0.540597 0.450338 2 0.000000
0.162819 0.490547 0.448196 2 0.000000
0.680807 0.517274 0.550085 15 0.078073
0.336451 0.489972 0.554962 4 0.000000
0.206458 0.433280 0.550111 4 0.000000
0.496513 0.498804 0.548240 14 0.000000
0.480626 0.524494 0.548493 14 0.000000
0.520552 0.513674 0.547848 14 0.000000
0.512399 0.473114 0.547988 14 0.000000
0.472473 0.483934 0.548633 14 0.000000
0.279149 0.800766 0.485704 8 0.000000
0.073838 0.354940 0.546057 4 0.000000
0.064904 0.401575 0.545066 4 0.000000
0.055592 0.351434 0.545537 4 0.000000
0.082771 0.308305 0.547047 4 0.000000
0.092084 0.358446 0.546576 4 0.000000
0.939059 0.265783 0.548293 14 0.000000
0.932335 0.287260 0.549775 14 0.000000
0.952597 0.270074 0.547525 14 0.000000
0.945782 0.244305 0.546810 14 0.000000
0.925520 0.261491 0.549060 14 0.000000
0.082429 0.796788 0.455710 8 0.535775
0.407761 0.796514 0.519750 8 0.000000
0.002395 0.200109 0.481098 12 0.999997
0.995581 0.735580 0.498236 1 0.000000
0.997320 0.755432 0.502025 1 0.000000
0.995266 0.733455 0.509518 1 0.000000
0.993843 0.715729 0.494447 1 0.000000
0.995896 0.737706 0.486955 1 0.000000
0.007673 0.397197 0.482638 6 0.000003
0.279611 0.797947 0.539875 7 0.000001
0.006075 0.769365 0.523254 6 0.753465
0.006422 0.776381 0.522942 6 0.753465
0.003691 0.769628 0.526497 6 0.753465
0.005728 0.762350 0.523567 6 0.753465
0.008459 0.769103 0.520011 6 0.753465
0.994831 0.209664 0.476524 1 0.000001
0.994782 0.213304 0.476280 1 0.000001
0.996157 0.210309 0.485901 1 0.000001
0.994880 0.206023 0.476767 1 0.000001
0.993505 0.209018 0.467147 1 0.000001
0.002505 0.499321 0.490722 6 0.000000
0.826129 0.796945 0.526784 7 0.000000
0.003741 0.260449 0.515882 6 0.000007
0.991223 0.499613 0.457294 1 0.000000
0.871945 0.690825 0.553811 13 0.000000
0.849549 0.711403 0.553662 13 0.000000
0.846884 0.663561 0.555433 13 0.000000
0.894341 0.670248 0.553960 13 0.000000
0.897006 0.718089 0.552189 13 0.000000
0.003902 0.374626 0.490433 6 0.000000
0.465347 0.797938 0.514148 7 0.000000
0.189296 0.199208 0.484651 5 0.000000
0.980639 0.702793 0.466885 9 0.000000
0.286941 0.279152 0.464218 9 0.000000
0.995119 0.796780 0.455068 7 0.999106
0.997865 0.798146 0.452781 7 0.999106
0.996034 0.798092 0.456950 7 0.999106
0.992372 0.795414 0.457356 7 0.999106
0.994204 0.795468 0.453186 7 0.999106
0.993774 0.262083 0.459237 1 0.000000
0.714737 0.303176 0.447741 2 0.000000
0.801969 0.292980 0.448855 2 0.000000
0.718359 0.334055 0.446684 2 0.000000
0.627504 0.313372 0.446627 2 0.000000
0.711114 0.272297 0.448799 2 0.000000
0.048767 0.502897 0.453895 9 0.000000
0.014956 0.572852 0.456497 2 0.000000
0.957668 0.271598 0.456771 9 0.000000
0.966403 0.275504 0.456548 9 0.000000
0.950673 0.287393 0.459433 9 0.000000
0.948933 0.267692 0.456995 9 0.000000
0.964663 0.255803 0.454110 9 0.000000
0.003030 0.379706 0.453374 6 0.999877
0.717818 0.785864 0.490636 7 0.999898
0.994784 0.207041 0.513867 1 0.104179
0.993622 0.209884 0.514062 1 0.104179
0.995433 0.206709 0.522536 1 0.104179
0.995946 0.204197 0.513671 1 0.104179
0.994136 0.207372 0.505197 1 0.104179
0.917423 0.789338 0.501996 7 0.000011
0.891868 0.785604 0.509784 7 0.000011
0.921650 0.790096 0.516231 7 0.000011
0.942979 0.793072 0.494208 7 0.000011
0.913196 0.788580 0.487762 7 0.000011
0.723290 0.761435 0.549408 14 0.000000
0.329950 0.797757 0.500587 8 0.000000
0.004309 0.309149 0.506344 6 0.000000
0.162136 0.795716 0.532560 8 0.000000
0.136797 0.795644 0.460570 7 0.515275
0.996043 0.778539 0.452453 2 0.999999
0.987246 0.460094 0.541303 13 0.999893
0.627287 0.775869 0.500194 7 0.756672
0.497685 0.199971 0.499710 5 0.000000
0.615887 0.670806 0.537591 4 0.000000
0.610903 0.707555 0.537262 4 0.000000
0.502375 0.655389 0.535020 4 0.000000
0.620871 0.634057 0.537919 4 0.000000
0.729400 0.686223 0.540161 4 0.000000
0.855997 0.268186 0.550654 4 0.000000
0.858253 0.290094 0.551561 4 0.000000
0.894728 0.264235 0.549755 4 0.000000
0.853741 0.246278 0.549746 4 0.000000
0.817266 0.272136 0.551552 4 0.000000
0.359060 0.767326 0.547815 13 0.000000
0.335011 0.249935 0.451041 2 0.000000
0.267983 0.225325 0.453327 9 0.002266
0.759867 0.438669 0.467876 16 0.000360
0.759228 0.435921 0.460352 16 0.000360
0.770696 0.440707 0.466211 16 0.000360
0.760506 0.441417 0.475400 16 0.000360
0.749039 0.436630 0.469541 16 0.000360
0.062385 0.386085 0.450427 9 0.000000
0.050178 0.534730 0.454537 9 0.000000
0.313255 0.488196 0.515164 17 0.000000
0.317593 0.502243 0.517050 17 0.000000
0.313247 0.486509 0.527750 17 0.000000
0.308918 0.474149 0.513278 17 0.000000
0.313264 0.489883 0.502578 17 0.000000
0.461328 0.755599 0.457622 9 0.000000
0.002967 0.785217 0.455696 6 0.999927
0.002945 0.791817 0.456286 6 0.999927
0.004762 0.785008 0.458095 6 0.999927
0.002990 0.778618 0.455105 6 0.999927
0.001173 0.785426 0.453297 6 0.999927
0.995139 0.766140 0.453808 2 0.992261
0.626468 0.200308 0.515777 3 0.000000
0.661023 0.244794 0.525802 14 0.046746
0.529240 0.789547 0.454946 9 0.134687
0.319136 0.513076 0.544330 4 0.000030
0.771352 0.576425 0.451683 16 0.000000
0.850316 0.790667 0.485214 7 0.999999
0.960818 0.547983 0.501100 14 0.000262
0.957320 0.576820 0.499755 14 0.000262
0.957983 0.548432 0.518092 14 0.000262
0.964315 0.519145 0.502446 14 0.000262
0.963652 0.547534 0.484109 14 0.000262
0.995922 0.444921 0.495655 1 0.000000
0.970531 0.709222 0.542893 4 0.000000
0.646708 0.480475 0.551983 4 0.000000
0.237314 0.438260 0.507142 17 0.000028
0.257781 0.438731 0.505325 17 0.000028
0.238620 0.437482 0.521655 17 0.000028
0.216848 0.437789 0.508958 17 0.000028
0.236008 0.439038 0.492628 17 0.000028
0.985948 0.714555 0.471650 9 0.000000
0.181444 0.492893 0.474033 17 0.001514
0.181766 0.493644 0.465213 17 0.001514
0.184225 0.511950 0.475758 17 0.001514
0.181122 0.492142 0.482854 17 0.001514
0.178663 0.473835 0.472309 17 0.001514
0.381555 0.227896 0.452465 2 0.000028
0.905513 0.795936 0.531385 7 0.000000
0.425485 0.798191 0.485467 8 0.000003
0.354054 0.678616 0.550228 14 0.000000
0.359140 0.712138 0.549740 14 0.000000
0.457893 0.662874 0.551201 14 0.000000
0.348967 0.645094 0.550716 14 0.000000
0.250215 0.694358 0.549256 14 0.000000
0.228694 0.677670 0.447772 2 0.000000
0.221800 0.711081 0.448418 2 0.000000
0.297212 0.691818 0.447325 2 0.000000
0.235589 0.644260 0.447126 2 0.000000
0.160176 0.663523 0.448218 2 0.000000
0.401353 0.293440 0.453226 9 0.000000
0.742541 0.437589 0.483961 15 0.007493
0.751341 0.438608 0.490386 15 0.007493
0.734720 0.438844 0.494472 15 0.007493
0.733741 0.436570 0.477535 15 0.007493
0.750361 0.436334 0.473449 15 0.007493
0.310887 0.467282 0.548902 17 0.979650
0.235676 0.585468 0.447150 2 0.000000
0.709944 0.406241 0.453369 9 0.000000
0.880209 0.796971 0.524908 8 0.000000
0.908759 0.414922 0.539779 4 0.000000
0.901970 0.479124 0.536362 4 0.000000
0.885909 0.412519 0.540026 4 0.000000
0.915549 0.350720 0.543195 4 0.000000
0.931609 0.417325 0.539531 4 0.000000
0.990800 0.695787 0.455863 2 0.000000
0.004148 0.485309 0.512323 11 0.000011
0.278619 0.765281 0.449770 9 0.000000
0.440011 0.199948 0.485284 5 0.000000
0.391880 0.520606 0.450181 9 0.000000
0.251129 0.614456 0.446769 9 0.000000
0.338053 0.596058 0.450542 2 0.000000
0.886191 0.765894 0.546591 14 0.000000
0.886243 0.777704 0.545814 14 0.000000
0.851467 0.766267 0.549947 14 0.000000
0.886139 0.754083 0.547368 14 0.000000
0.920915 0.765520 0.543235 14 0.000000
0.980608 0.790671 0.493200 8 0.000000
0.986963 0.790645 0.494331 8 0.000000
0.978085 0.794577 0.507477 8 0.000000
0.974254 0.790698 0.492070 8 0.000000
0.983131 0.786766 0.478924 8 0.000000
0.990784 0.685315 0.494041 1 0.000000
0.202900 0.235899 0.452158 2 0.000000
0.007476 0.762572 0.517185 11 0.537172
0.719424 0.410204 0.455298 9 0.000000
0.929907 0.761385 0.545366 13 0.000000
0.909584 0.768047 0.547847 13 0.000000
0.926461 0.750613 0.546059 13 0.000000
0.950231 0.754723 0.542885 13 0.000000
0.933353 0.772156 0.544673 13 0.000000
0.017044 0.798424 0.519081 7 1.000000
0.003380 0.268026 0.474637 6 0.000184
0.002091 0.291278 0.474259 6 0.000184
0.004469 0.268223 0.483025 6 0.000184
0.004669 0.244774 0.475015 6 0.000184
0.002291 0.267829 0.466250 6 0.000184
0.993243 0.774458 0.526438 1 0.001102
0.994700 0.207246 0.495038 1 0.001164
0.003313 0.336637 0.469938 6 0.009646
0.996575 0.726674 0.484895 1 0.000000
0.998701 0.749401 0.477082 1 0.000000
0.996934 0.729427 0.493001 1 0.000000
0.994449 0.703947 0.492708 1 0.000000
0.996216 0.723921 0.476788 1 0.000000
0.601561 0.801261 0.473000 8 0.000534
0.002613 0.418275 0.492135 6 0.000000
0.984692 0.732705 0.454317 1 0.000000
0.224272 0.752139 0.448269 9 0.000000
0.151294 0.208907 0.450781 9 0.084684
0.718890 0.795199 0.527853 8 0.000000
0.992830 0.491498 0.458300 1 0.000000
0.847407 0.800053 0.500271 7 0.000000
0.168713 0.795820 0.479364 7 0.000000
0.253612 0.200429 0.515141 5 0.000000
0.030852 0.528590 0.453835 9 0.000038
0.984021 0.694559 0.499343 9 0.000004
0.983850 0.712127 0.494706 9 0.000004
0.982867 0.696356 0.506193 9 0.000004
0.984192 0.676992 0.503980 9 0.000004
0.985175 0.692762 0.492493 9 0.000004
0.003937 0.622029 0.490879 6 0.000000
0.982058 0.403118 0.536145 1 0.000015
0.014255 0.385048 0.453983 9 0.010674
0.422117 0.223729 0.455517 9 0.000000
0.675602 0.527553 0.449384 2 0.000000
0.001601 0.547168 0.479378 11 0.000000
0.746033 0.762407 0.548621 4 0.000000
0.642390 0.793531 0.489772 8 0.000000
0.289781 0.799522 0.501506 8 0.000000
0.318663 0.791115 0.531043 7 0.999996
0.428677 0.201352 0.470861 5 0.000000
0.996266 0.273790 0.451516 1 1.000000
0.004297 0.661898 0.517557 6 0.000000
0.003151 0.450465 0.503299 6 0.000001
0.595573 0.201384 0.461958 3 0.306928
0.672756 0.202493 0.484565 12 0.000000
0.401598 0.199950 0.524096 5 0.000000
0.766834 0.801586 0.466450 7 0.000048
0.272061 0.198609 0.518431 5 0.000000
0.961519 0.391271 0.512408 4 0.000013
0.558209 0.222049 0.451621 9 0.000000
0.050785 0.450961 0.450965 9 0.000000
0.134038 0.798061 0.453440 8 0.999740
0.432709 0.200656 0.480044 5 0.000000
0.543793 0.205693 0.533748 12 0.000000
0.271468 0.794718 0.540632 8 0.998747
0.561647 0.797483 0.527532 7 0.000000
0.744971 0.251464 0.547725 4 0.000000
0.952667 0.387966 0.538141 4 0.000001
0.234227 0.559507 0.516288 17 0.054765
0.241806 0.560476 0.507289 17 0.054765
0.241913 0.562455 0.523079 17 0.054765
0.226648 0.558537 0.525287 17 0.054765
0.226541 0.556558 0.509497 17 0.054765
0.435796 0.797768 0.508723 7 0.000000
0.069968 0.432139 0.546987 4 0.000000
0.605620 0.769551 0.450223 2 0.000000
0.549532 0.797057 0.530103 7 0.999840
0.238940 0.689361 0.549865 4 0.000000
0.236262 0.722978 0.549123 4 0.000000
0.307772 0.694871 0.551041 4 0.000000
0.241618 0.655744 0.550608 4 0.000000
0.170108 0.683851 0.548690 4 0.000000
0.277592 0.715468 0.550787 4 0.000000
0.281010 0.739664 0.550269 4 0.000000
0.357010 0.704257 0.551156 4 0.000000
0.274174 0.691272 0.551306 4 0.000000
0.198174 0.726679 0.550419 4 0.000000
0.060250 0.500536 0.547622 4 0.000003
0.292944 0.453458 0.467618 17 0.001587
0.302651 0.462062 0.467149 17 0.001587
0.292574 0.454223 0.474006 17 0.001587
0.283237 0.444854 0.468088 17 0.001587
0.293314 0.452692 0.461231 17 0.001587
0.190621 0.461016 0.548603 17 0.260409
0.319691 0.796494 0.452083 9 0.999991
0.204070 0.642712 0.461234 2 0.000000
0.266247 0.668099 0.458018 2 0.000000
0.214208 0.617788 0.460481 2 0.000000
0.141893 0.617324 0.464450 2 0.000000
0.193932 0.667636 0.461988 2 0.000000
0.988197 0.730774 0.464078 1 0.000000
0.029067 0.254969 0.452614 9 0.000000
0.018933 0.253691 0.453515 9 0.000000
0.026507 0.274604 0.451680 9 0.000000
0.039200 0.256247 0.451714 9 0.000000
0.031627 0.235333 0.453549 9 0.000000
0.170865 0.399404 0.449590 2 0.000000
0.980405 0.747597 0.541175 13 0.000000
0.974001 0.748163 0.545000 13 0.000000
0.978476 0.729778 0.540583 13 0.000000
0.986809 0.747030 0.537349 13 0.000000
0.982335 0.765415 0.541766 13 0.000000
0.092851 0.795514 0.472713 8 0.853383
0.310275 0.247865 0.479677 2 0.000000
0.313564 0.462144 0.548859 17 0.854558
0.424780 0.240209 0.551942 4 0.000000
0.752733 0.242848 0.548903 4 0.000000
0.722405 0.564172 0.517809 16 0.000000
0.737727 0.567559 0.523717 16 0.000000
0.718747 0.563437 0.527716 16 0.000000
0.707083 0.560785 0.511901 16 0.000000
0.726063 0.564906 0.507903 16 0.000000
0.238121 0.564504 0.538641 17 0.000000
0.223368 0.560764 0.538746 17 0.000000
0.237599 0.566746 0.545132 17 0.000000
0.252874 0.568244 0.538536 17 0.000000
0.238643 0.562261 0.532150 17 0.000000
0.826821 0.477688 0.499263 15 0.000000
0.826709 0.478998 0.515714 15 0.000000
0.819403 0.447526 0.501615 15 0.000000
0.826932 0.476378 0.482812 15 0.000000
0.834239 0.507849 0.496912 15 0.000000
0.176020 0.501237 0.449022 17 0.000000
0.813712 0.516628 0.535421 16 0.007519
0.813492 0.533332 0.535856 16 0.007519
0.814405 0.516456 0.542379 16 0.007519
0.813931 0.499924 0.534986 16 0.007519
0.813018 0.516800 0.528463 16 0.007519
0.279578 0.600657 0.464391 9 0.000000
0.062486 0.541103 0.547556 4 0.000000
0.546922 0.265997 0.551571 14 0.000000
0.291612 0.549159 0.529358 17 0.001388
0.277550 0.562636 0.528813 17 0.001388
0.291866 0.549769 0.537848 17 0.001388
0.305673 0.535682 0.529903 17 0.001388
0.291357 0.548550 0.520869 17 0.001388
0.200800 0.443814 0.548838 4 0.000000
0.166918 0.599265 0.464635 2 0.000000
0.159056 0.618090 0.465244 2 0.000000
0.114813 0.577426 0.467030 2 0.000000
0.174780 0.580440 0.464025 2 0.000000
0.219023 0.621104 0.462239 2 0.000000
0.953532 0.498549 0.452320 2 0.000000
0.934880 0.740633 0.549718 14 0.000000
0.919583 0.737669 0.551380 14 0.000000
0.938718 0.721390 0.550722 14 0.000000
0.950177 0.743597 0.548056 14 0.000000
0.931042 0.759875 0.548714 14 0.000000
0.097104 0.349233 0.543909 4 0.000000
0.089860 0.393048 0.543366 4 0.000000
0.067905 0.344370 0.541054 4 0.000000
0.104347 0.305417 0.544452 4 0.000000
0.126302 0.354095 0.546765 4 0.000000
0.431112 0.795254 0.515858 8 0.000000
0.172847 0.341657 0.548257 4 0.000000
0.191946 0.370303 0.549243 4 0.000000
0.124885 0.373707 0.546146 4 0.000000
0.153747 0.313010 0.547270 4 0.000000
0.220808 0.309607 0.550367 4 0.000000
0.012221 0.595130 0.527159 6 0.000010
0.003139 0.393571 0.519301 6 0.000000
0.346376 0.799401 0.488779 8 0.000000
0.010085 0.485368 0.452849 2 0.000907
0.431207 0.261713 0.449872 2 0.000000
0.262775 0.774704 0.546544 4 0.000000
0.995807 0.632962 0.497756 1 0.000000
0.416474 0.794130 0.488217 8 0.000000
0.578130 0.799144 0.500010 8 0.000000
0.216677 0.233581 0.527305 13 0.000004
0.952972 0.797548 0.543530 8 0.999949
0.554375 0.800478 0.501947 8 0.000000
0.168058 0.199401 0.499976 5 0.000000
0.625426 0.798676 0.497767 8 0.000000
0.836016 0.231853 0.450356 9 0.000000
0.990110 0.781891 0.465297 1 0.000000
0.988818 0.788376 0.464601 1 0.000000
0.990059 0.782391 0.470053 1 0.000000
0.991403 0.775405 0.465994 1 0.000000
0.990162 0.781390 0.460541 1 0.000000
0.929431 0.254495 0.518898 5 0.000001
0.939731 0.264905 0.512743 5 0.000001
0.911624 0.267847 0.511681 5 0.000001
0.919131 0.244084 0.525053 5 0.000001
0.947238 0.241142 0.526115 5 0.000001
0.739939 0.198955 0.493933 5 0.000000
0.997722 0.249433 0.482484 1 0.000000
0.998020 0.266081 0.480384 1 0.000000
0.998933 0.250761 0.493175 1 0.000000
0.997424 0.232786 0.484585 1 0.000000
0.996511 0.248106 0.471794 1 0.000000
0.103710 0.525162 0.494467 2 0.000001
0.777514 0.797666 0.462053 8 0.000000
0.935464 0.797453 0.529487 8 0.000053
0.916268 0.796616 0.528913 8 0.000053
0.935206 0.798374 0.536771 8 0.000053
0.954660 0.798290 0.530061 8 0.000053
0.935722 0.796532 0.522203 8 0.000053
0.003914 0.208854 0.452803 6 0.998948
0.004484 0.213880 0.453264 6 0.998948
0.006098 0.208452 0.454482 6 0.998948
0.003344 0.203827 0.452342 6 0.998948
0.001729 0.209255 0.451125 6 0.998948
0.857130 0.208316 0.547014 14 0.994618
0.478113 0.794088 0.528153 7 0.000000
0.584426 0.737126 0.552586 14 0.000000
0.373234 0.798435 0.500421 7 0.000000
0.356362 0.202278 0.499296 5 0.000000
0.719491 0.768839 0.548630 4 0.000000
0.982664 0.201543 0.464146 10 0.521646
0.981761 0.201821 0.470738 10 0.521646
0.989681 0.202891 0.465050 10 0.521646
0.983567 0.201264 0.457554 10 0.521646
0.975648 0.200194 0.463242 10 0.521646
0.630141 0.199788 0.519171 5 0.000000
0.003961 0.351583 0.467361 6 0.000135
0.842769 0.243164 0.548951 14 0.000000
0.980018 0.353772 0.521191 1 0.487859
0.995729 0.538516 0.495429 1 0.000000
0.674266 0.791095 0.509674 7 0.000000
0.675329 0.198604 0.499370 5 0.000000
0.733286 0.222357 0.493027 12 0.000001
0.439012 0.668706 0.515039 4 0.000000
0.438882 0.710393 0.510592 4 0.000000
0.512062 0.668549 0.511429 4 0.000000
0.439142 0.627019 0.519486 4 0.000000
0.365962 0.668863 0.518648 4 0.000000
0.434126 0.203648 0.462171 12 0.003126
0.309345 0.524003 0.479616 17 0.001164
0.304325 0.538845 0.485707 17 0.001164
0.309647 0.520542 0.488298 17 0.001164
0.314366 0.509160 0.473525 17 0.001164
0.309043 0.527463 0.470935 17 0.001164
0.178154 0.200227 0.529970 5 0.000000
0.004604 0.683391 0.454733 11 0.998392
0.303520 0.311538 0.498731 9 0.000000
0.897190 0.795406 0.533162 7 0.000000
0.054290 0.498877 0.449980 9 0.000000
0.285108 0.791269 0.510951 7 0.000000
0.002873 0.434071 0.491623 6 0.000000
0.182991 0.489171 0.482365 17 0.090424
0.183851 0.486541 0.472024 17 0.090424
0.176040 0.505208 0.477708 17 0.090424
0.182130 0.491802 0.492706 17 0.090424
0.189941 0.473135 0.487023 17 0.090424
0.549582 0.207287 0.524013 12 0.000000
0.995467 0.354419 0.473830 1 0.000000
0.664330 0.778900 0.548611 4 0.000000
0.977552 0.379076 0.455865 9 0.000000
0.995457 0.740434 0.492853 1 0.000000
0.996973 0.759303 0.491967 1 0.000000
0.996904 0.740935 0.505986 1 0.000000
0.993941 0.721566 0.493739 1 0.000000
0.994010 0.739934 0.479721 1 0.000000
0.698657 0.785542 0.547174 13 0.000000
0.266260 0.618818 0.551541 4 0.000000
0.648558 0.199100 0.529111 5 0.000000
0.975998 0.687442 0.522631 4 0.000002
0.986070 0.328965 0.455932 1 0.000000
0.991342 0.601998 0.460551 9 0.000000
0.556897 0.757594 0.451181 9 0.000000
0.280437 0.555300 0.518471 17 0.031341
0.265096 0.562407 0.514345 17 0.031341
0.278359 0.557119 0.529329 17 0.031341
0.295779 0.548194 0.522597 17 0.031341
0.282516 0.553482 0.507612 17 0.031341
0.340074 0.647024 0.449153 9 0.000000
0.946236 0.666133 0.542336 14 0.000000
0.932027 0.664774 0.545842 14 0.000000
0.951652 0.620007 0.546400 14 0.000000
0.960445 0.667493 0.538831 14 0.000000
0.940821 0.712260 0.538272 14 0.000000
0.280586 0.761614 0.548706 14 0.000000
0.161904 0.795351 0.534343 8 0.000000
0.727757 0.559877 0.538089 16 0.052927
0.738689 0.562015 0.535063 16 0.052927
0.728909 0.561561 0.543440 16 0.052927
0.716825 0.557739 0.541115 16 0.052927
0.726605 0.558193 0.532738 16 0.052927
0.310294 0.477405 0.526993 17 0.006429
0.316758 0.492374 0.525083 17 0.006429
0.311276 0.478185 0.536421 17 0.006429
0.303831 0.462436 0.528903 17 0.006429
0.309313 0.476626 0.517564 17 0.006429
0.979352 0.719328 0.520532 1 0.985239
0.985531 0.744664 0.523656 1 0.985239
0.975094 0.719299 0.529193 1 0.985239
0.973172 0.693991 0.517408 1 0.985239
0.983610 0.719357 0.511871 1 0.985239
0.142429 0.198419 0.520543 5 0.000000
0.350695 0.539461 0.556864 14 0.000000
0.001463 0.449896 0.470199 6 0.000003
0.238508 0.419942 0.550182 4 0.000000
0.809602 0.636343 0.548088 4 0.000000
0.755240 0.678501 0.550190 4 0.000000
0.826013 0.657514 0.547888 4 0.000000
0.863964 0.594184 0.545986 4 0.000000
0.793191 0.615171 0.548289 4 0.000000
0.128413 0.792508 0.543938 7 0.000001
0.275636 0.442384 0.463385 17 0.145719
0.286142 0.446597 0.461111 17 0.145719
0.276280 0.443349 0.468148 17 0.145719
0.265130 0.438171 0.465659 17 0.145719
0.274992 0.441418 0.458623 17 0.145719
0.992960 0.551995 0.466900 2 0.000000
0.204406 0.564417 0.452736 9 0.000000
0.621142 0.227564 0.541982 14 0.000000
0.994506 0.401270 0.483402 1 0.000000
0.450030 0.764478 0.450719 9 0.000000
0.306664 0.471831 0.482900 17 0.008858
0.311233 0.479900 0.483826 17 0.008858
0.305025 0.471332 0.495343 17 0.008858
0.302096 0.463762 0.481975 17 0.008858
0.308304 0.472330 0.470458 17 0.008858
0.414189 0.488151 0.449810 2 0.000000
0.004380 0.669306 0.455367 11 0.999184
0.949062 0.372938 0.454115 9 0.000000
0.004395 0.428525 0.468834 6 0.000019
0.838758 0.442973 0.552039 14 0.000000
0.996549 0.330732 0.493613 1 0.000000
0.864759 0.520518 0.552235 4 0.000000
0.698708 0.366121 0.553735 4 0.000000
0.098958 0.497489 0.450705 2 0.000000
0.900809 0.443520 0.451540 9 0.000000
0.910608 0.518215 0.451793 9 0.000000
0.929283 0.439784 0.451647 9 0.000000
0.891011 0.368824 0.451287 9 0.000000
0.872336 0.447255 0.451434 9 0.000000
0.069071 0.528534 0.452534 9 0.000000
0.734035 0.568182 0.550054 16 0.148126
0.002888 0.635358 0.490409 6 0.000254
0.932227 0.414727 0.453036 2 0.000000
0.865673 0.503288 0.535886 4 0.000000
0.745433 0.388862 0.554501 4 0.000000
0.098012 0.449768 0.450207 2 0.000000
0.086093 0.526356 0.450297 2 0.000000
0.069694 0.445360 0.450912 2 0.000000
0.109931 0.373179 0.450118 2 0.000000
0.126330 0.454175 0.449502 2 0.000000
0.977961 0.482040 0.453544 2 0.000000
0.018101 0.497819 0.453151 2 0.000006
0.780372 0.567568 0.549812 4 0.000000
0.281729 0.557729 0.500844 17 0.000103
0.267290 0.569114 0.501150 17 0.000103
0.281980 0.557600 0.517544 17 0.000103
0.296167 0.546344 0.500538 17 0.000103
0.281477 0.557859 0.484143 17 0.000103
0.684530 0.463792 0.505371 15 0.999988
0.200480 0.582367 0.540969 14 0.000000
0.190236 0.466892 0.465700 17 0.032128
0.155107 0.357369 0.547768 4 0.000000
0.116441 0.398122 0.546955 4 0.000000
0.131567 0.335011 0.546561 4 0.000000
0.193772 0.316616 0.548581 4 0.000000
0.178647 0.379727 0.548975 4 0.000000
0.974222 0.318538 0.538487 1 0.000005
0.004517 0.761456 0.474672 11 0.000034
0.004551 0.774375 0.478852 11 0.000034
0.004703 0.758886 0.482612 11 0.000034
0.004484 0.748536 0.470492 11 0.000034
0.004332 0.764025 0.466732 11 0.000034
0.052550 0.798089 0.527079 8 0.000000
0.051528 0.798822 0.535333 8 0.000000
0.069544 0.797596 0.529228 8 0.000000
0.053573 0.797357 0.518824 8 0.000000
0.035557 0.798583 0.524930 8 0.000000
0.960079 0.534959 0.452942 2 0.000000
0.003068 0.448218 0.490628 6 0.000004
0.995725 0.758928 0.482966 1 0.000000
0.997088 0.771617 0.474840 1 0.000000
0.995799 0.763354 0.489889 1 0.000000
0.994362 0.746239 0.491092 1 0.000000
0.995651 0.754503 0.476042 1 0.000000
0.019666 0.413476 0.526511 6 0.000001
0.004989 0.250780 0.461332 6 0.000211
0.920436 0.796596 0.453032 9 0.999993
0.065366 0.595071 0.451867 9 0.000000
0.060059 0.654924 0.449932 9 0.000000
0.044743 0.593287 0.453240 9 0.000000
0.070673 0.535218 0.453803 9 0.000000
0.085989 0.596855 0.450494 9 0.000000
0.997114 0.216314 0.470621 1 0.000000
0.995638 0.221639 0.468628 1 0.000000
0.999179 0.219796 0.478393 1 0.000000
0.998591 0.210989 0.472615 1 0.000000
0.995049 0.212832 0.462849 1 0.000000
0.770061 0.798644 0.500492 7 0.000000
0.167209 0.198454 0.480647 5 0.000000
0.584469 0.800941 0.474795 7 0.000145
0.414991 0.797493 0.479390 8 0.000267
0.171559 0.727910 0.448637 9 0.000000
0.173373 0.750060 0.449229 9 0.000000
0.224651 0.723571 0.448288 9 0.000000
0.169745 0.705759 0.448045 9 0.000000
0.118467 0.732248 0.448986 9 0.000000
0.104306 0.200579 0.477128 5 0.000000
0.315390 0.796328 0.522002 8 0.000000
0.772275 0.228843 0.547828 14 0.000000
0.775136 0.217316 0.451368 9 0.000000
0.701219 0.452216 0.498611 15 0.762548
0.700470 0.451473 0.490958 15 0.762548
0.695168 0.458762 0.498567 15 0.762548
0.701968 0.452959 0.506264 15 0.762548
0.707270 0.445670 0.498655 15 0.762548
0.003088 0.706767 0.453357 2 0.998594
0.977344 0.348145 0.543233 4 0.000283
0.863684 0.778053 0.545264 4 0.000000
0.819695 0.801772 0.480097 7 0.000000
0.770466 0.794122 0.453586 9 0.541071
0.711446 0.801407 0.489475 8 0.000000
0.292797 0.734677 0.550207 4 0.000000
0.341078 0.798181 0.514679 7 0.000000
0.594520 0.218969 0.480580 3 0.000000
0.132397 0.797528 0.477397 8 0.000057
0.980101 0.651265 0.455316 1 0.000001
0.568079 0.792570 0.488909 7 0.000000
0.039259 0.487588 0.454580 2 0.000000
0.712835 0.198836 0.499782 5 0.000000
0.704554 0.199194 0.500034 5 0.000000
0.995785 0.510690 0.495562 1 0.000000
0.295441 0.550758 0.510725 17 0.000002
0.284451 0.570868 0.508500 17 0.000002
0.295485 0.552382 0.525179 17 0.000002
0.306431 0.530648 0.512949 17 0.000002
0.295396 0.549134 0.496270 17 0.000002
0.042097 0.348832 0.450953 2 0.000000
0.011560 0.798538 0.452653 7 0.999919
0.503692 0.798141 0.460175 7 0.871602
0.660075 0.797338 0.453992 9 0.997981
0.773242 0.442825 0.469204 16 0.021732
0.772214 0.440518 0.462644 16 0.021732
0.786039 0.446742 0.465822 16 0.021732
0.774270 0.445132 0.475765 16 0.021732
0.760445 0.438908 0.472587 16 0.021732
0.967591 0.402635 0.541577 1 0.000010
0.879121 0.202011 0.531834 5 0.000001
0.995398 0.480073 0.495546 1 0.000000
0.046276 0.296453 0.451435 2 0.000000
0.045941 0.328092 0.450231 2 0.000000
0.062295 0.296604 0.450930 2 0.000000
0.046611 0.264814 0.452639 2 0.000000
0.030257 0.296303 0.451940 2 0.000000
0.314085 0.521051 0.458983 17 0.074233
0.378763 0.798402 0.500131 7 0.000000
0.291726 0.796370 0.525319 8 0.000000
0.523351 0.797720 0.521360 7 0.000000
0.988375 0.542614 0.466077 9 0.000002
0.755222 0.207555 0.531614 5 0.000000
0.957308 0.710300 0.511219 4 0.000001
0.883893 0.789633 0.506476 8 0.000000
0.985135 0.548488 0.464537 9 0.000002
0.388393 0.752079 0.449027 9 0.000000
0.454310 0.785313 0.458166 9 0.984670
0.269197 0.561582 0.539887 17 0.064472
0.001080 0.401353 0.464193 6 0.000052
0.453349 0.722354 0.448883 2 0.000000
0.764784 0.439881 0.484098 16 0.000998
0.765358 0.438589 0.472768 16 0.000998
0.779360 0.444825 0.484273 16 0.000998
0.764210 0.441172 0.495428 16 0.000998
0.750208 0.434937 0.483923 16 0.000998
0.724463 0.396792 0.450417 9 0.000000
0.812716 0.475698 0.549215 16 0.992226
0.232169 0.440713 0.501148 17 0.144140
0.243033 0.438619 0.500395 17 0.144140
0.233091 0.439979 0.516483 17 0.144140
0.221305 0.442808 0.501901 17 0.144140
0.231248 0.441448 0.485813 17 0.144140
0.711599 0.438424 0.538312 15 0.998005
0.040027 0.795978 0.535484 7 0.188218
0.984709 0.380886 0.468932 1 0.000000
0.065286 0.456735 0.455918 2 0.000000
0.074713 0.494249 0.452540 2 0.000000
0.080769 0.452802 0.455436 2 0.000000
0.055860 0.419222 0.459296 2 0.000000
0.049804 0.460669 0.456400 2 0.000000
0.245077 0.780298 0.513098 7 0.000000
0.003359 0.548554 0.491142 6 0.000000
0.936400 0.389883 0.453374 2 0.000000
0.437744 0.750998 0.449067 9 0.000000
0.188362 0.562464 0.447184 2 0.000000
0.998060 0.250701 0.481539 1 0.000000
0.999729 0.251787 0.492846 1 0.000000
0.996741 0.233087 0.483425 1 0.000000
0.996392 0.249616 0.470233 1 0.000000
0.999379 0.268315 0.479654 1 0.000000
0.004183 0.553253 0.496924 11 0.000001
0.089278 0.539050 0.449969 2 0.000000
0.086446 0.617981 0.450308 2 0.000000
0.061590 0.538054 0.450630 2 0.000000
0.092109 0.460120 0.449631 2 0.000000
0.116966 0.540047 0.449309 2 0.000000
0.005934 0.537063 0.516240 11 0.029913
0.771918 0.366016 0.555851 13 0.000000
0.963062 0.511057 0.547930 4 0.000000
0.247101 0.630340 0.446422 2 0.000000
0.002096 0.702292 0.453695 9 0.999532
0.001993 0.729626 0.453750 6 0.999998
0.096704 0.400126 0.545527 4 0.000000
0.080524 0.462744 0.545897 4 0.000000
0.073597 0.394164 0.544051 4 0.000000
0.112885 0.337508 0.545157 4 0.000000
0.119812 0.406088 0.547003 4 0.000000
0.977838 0.288971 0.539236 1 0.000256
0.006143 0.725049 0.517449 11 0.000000
0.978639 0.387238 0.531328 14 0.996948
0.984895 0.411585 0.529073 14 0.996948
0.972191 0.389502 0.537879 14 0.996948
0.972384 0.362891 0.533583 14 0.996948
0.985087 0.384975 0.524777 14 0.996948
0.002717 0.468752 0.491918 6 0.000164
0.925844 0.742401 0.549553 4 0.000000
0.912927 0.752469 0.549594 4 0.000000
0.913694 0.726812 0.549692 4 0.000000
0.938761 0.732333 0.549511 4 0.000000
0.937994 0.757990 0.549414 4 0.000000
0.996786 0.646650 0.511943 1 0.000000
0.983718 0.317658 0.525267 1 0.989600
0.002359 0.381666 0.457782 6 0.009776
0.273244 0.200590 0.499114 5 0.000000
0.014210 0.497726 0.458374 9 0.000000
0.895730 0.211230 0.549068 14 0.999527
0.932778 0.650186 0.453933 2 0.000000
0.938339 0.697805 0.454389 2 0.000000
0.912066 0.652616 0.452745 2 0.000000
0.927217 0.602567 0.453478 2 0.000000
0.953489 0.647756 0.455121 2 0.000000
0.012057 0.756618 0.528197 11 0.999286
0.981753 0.654299 0.480386 9 0.000009
0.994369 0.533137 0.466972 1 0.000000
0.996092 0.728522 0.472119 1 0.000000
0.088905 0.796967 0.500961 7 0.000006
0.060322 0.796369 0.501530 7 0.000006
0.089237 0.797316 0.518061 7 0.000006
0.117488 0.797564 0.500393 7 0.000006
0.088572 0.796617 0.483862 7 0.000006
0.228698 0.224411 0.548660 4 0.000007
0.004589 0.249357 0.462771 6 0.053065
0.586573 0.235641 0.544497 14 0.000000
0.523535 0.250691 0.453540 9 0.000000
0.196895 0.797481 0.453904 7 0.933004
0.004311 0.308121 0.516224 6 0.000000
0.585179 0.205293 0.463457 3 0.449049
0.633737 0.762808 0.548408 4 0.000000
0.959529 0.507629 0.537651 4 0.000000
0.544719 0.201220 0.509555 3 0.000000
0.009458 0.647307 0.513743 6 0.000000
0.334242 0.241067 0.453537 9 0.000002
0.745407 0.199480 0.475159 5 0.000000
0.655970 0.201066 0.469836 5 0.000256
0.378357 0.229970 0.452648 9 0.000008
0.410792 0.772063 0.547708 4 0.000000
0.034130 0.493678 0.454000 9 0.000012
0.003366 0.787578 0.452590 6 0.999966
0.002950 0.793386 0.452587 6 0.999966
0.005122 0.787704 0.454079 6 0.999966
0.003782 0.781770 0.452594 6 0.999966
0.001610 0.787451 0.451102 6 0.999966
0.793407 0.200447 0.532918 5 0.000022
0.995436 0.493959 0.484055 1 0.000000
0.553415 0.795236 0.497914 7 0.000000
0.054154 0.557660 0.547630 4 0.000000
-0.000176 0.534227 0.470027 11 0.000003
0.299080 0.769457 0.458298 9 0.000000
0.759156 0.198781 0.533554 5 0.000000
0.831109 0.199934 0.483727 5 0.000000
0.991679 0.545577 0.457843 1 0.000000
0.245470 0.432719 0.533154 17 0.000000
0.000724 0.263996 0.456703 6 0.998839
0.428556 0.795543 0.517598 8 0.000000
0.973365 0.644094 0.542323 14 0.000000
0.617303 0.776041 0.545573 4 0.000000
0.445523 0.763471 0.539576 4 0.000000
0.358708 0.717638 0.447728 2 0.000000
0.740229 0.563324 0.532590 15 0.000000
0.754113 0.565917 0.534737 15 0.000000
0.739006 0.564245 0.539384 15 0.000000
0.726345 0.560730 0.530444 15 0.000000
0.741451 0.562402 0.525796 15 0.000000
0.987347 0.256064 0.516827 1 0.000000
0.982862 0.563247 0.492065 4 0.000002
0.301226 0.463973 0.477406 17 0.001213
0.308782 0.473256 0.477617 17 0.001213
0.300331 0.464482 0.487038 17 0.001213
0.293670 0.454689 0.477195 17 0.001213
0.302121 0.463463 0.467774 17 0.001213
0.325771 0.794493 0.521914 7 0.000000
0.287823 0.558801 0.469084 17 0.072998
0.426290 0.768261 0.463360 2 0.000026
0.260238 0.433618 0.533878 17 0.005257
0.990423 0.566437 0.459002 9 0.000000
0.176877 0.523911 0.548899 4 0.000000
0.689202 0.630373 0.445431 9 0.000000
0.811663 0.552898 0.447902 2 0.000003
0.838394 0.777471 0.503904 7 0.999876
0.994816 0.551971 0.468583 1 0.000000
0.746456 0.638051 0.445662 2 0.000000
0.467627 0.204447 0.521917 12 0.000000
0.403849 0.282300 0.449898 2 0.000000
0.053325 0.589911 0.452319 9 0.000000
0.725446 0.302860 0.551784 4 0.000000
0.730261 0.333899 0.552990 4 0.000000
0.803149 0.290843 0.550849 4 0.000000
0.720632 0.271820 0.550578 4 0.000000
0.647744 0.314876 0.552719 4 0.000000
0.610476 0.251809 0.450177 2 0.000000
0.828422 0.763585 0.548270 14 0.000000
0.938577 0.411502 0.538121 4 0.000000
0.990091 0.547149 0.522308 13 0.000000
0.742609 0.261704 0.549981 13 0.000000
0.937894 0.778356 0.531481 7 0.999819
0.963182 0.199250 0.453262 10 1.000000
0.666250 0.779338 0.452410 9 0.000000
0.163487 0.492930 0.448292 9 0.000000
0.205806 0.586427 0.447698 2 0.000000
0.151668 0.231151 0.551769 4 0.000000
0.996862 0.305544 0.525951 1 0.999800
0.004649 0.780548 0.462426 11 0.150049
0.004200 0.787575 0.463105 11 0.150049
0.005889 0.780178 0.467076 11 0.150049
0.005098 0.773522 0.461747 11 0.150049
0.003409 0.780919 0.457777 11 0.150049
0.257011 0.798405 0.479607 7 0.000908
0.998634 0.797983 0.488020 1 1.000000
0.877399 0.283218 0.551923 4 0.000000
0.888724 0.305556 0.552612 4 0.000000
0.907484 0.267994 0.550991 4 0.000000
0.866074 0.260879 0.551233 4 0.000000
0.847314 0.298441 0.552854 4 0.000000
0.982013 0.781915 0.521481 1 0.000042
0.981032 0.785139 0.524546 1 0.000042
0.979066 0.777394 0.525292 1 0.000042
0.982995 0.778690 0.518416 1 0.000042
0.984960 0.786435 0.517669 1 0.000042
0.982646 0.243789 0.524533 1 0.999900
0.988780 0.243510 0.518043 1 0.999900
0.978705 0.225875 0.521579 1 0.999900
0.976513 0.244068 0.531023 1 0.999900
0.986587 0.261702 0.527487 1 0.999900
0.005100 0.242549 0.511112 6 0.000124
0.004569 0.257037 0.506293 6 0.000124
0.005976 0.245599 0.520187 6 0.000124
0.005631 0.228061 0.515932 6 0.000124
0.004224 0.239498 0.502038 6 0.000124
0.933417 0.318507 0.551382 4 0.000000
0.932640 0.353700 0.552694 4 0.000000
0.918285 0.318139 0.552306 4 0.000000
0.934194 0.283315 0.550071 4 0.000000
0.948549 0.318876 0.550459 4 0.000000
0.010878 0.743129 0.527080 6 0.959435
0.903982 0.637596 0.549230 4 0.000000
0.882675 0.687576 0.550268 4 0.000000
0.885628 0.629719 0.551717 4 0.000000
0.925290 0.587616 0.548191 4 0.000000
0.922336 0.645472 0.546742 4 0.000000
0.954219 0.617126 0.510962 9 0.000003
0.951881 0.650300 0.510184 9 0.000003
0.940266 0.616346 0.519641 9 0.000003
0.956557 0.583952 0.511741 9 0.000003
0.968172 0.617906 0.502284 9 0.000003
0.041716 0.214626 0.505561 3 0.001296
0.038951 0.220236 0.508245 3 0.001296
0.049592 0.217491 0.507688 3 0.001296
0.044481 0.209017 0.502877 3 0.001296
0.033840 0.211762 0.503434 3 0.001296
0.118219 0.768580 0.452016 9 0.000000
0.994786 0.325050 0.465723 1 0.000000
0.658281 0.199525 0.522656 3 0.000000
0.131880 0.306176 0.448532 2 0.000000
0.124523 0.338922 0.447943 2 0.000000
0.173739 0.315561 0.447469 2 0.000000
0.139237 0.273430 0.449120 2 0.000000
0.090021 0.296791 0.449595 2 0.000000
0.436813 0.675599 0.448795 9 0.000000
0.437812 0.714077 0.449698 9 0.000000
0.352096 0.677828 0.447560 9 0.000000
0.435814 0.637121 0.447892 9 0.000000
0.521530 0.673370 0.450030 9 0.000000
0.280861 0.199484 0.521096 5 0.000000
0.054077 0.503555 0.450606 9 0.000000
0.025072 0.452487 0.454369 9 0.000000
0.989313 0.203356 0.455901 10 0.999689
0.984210 0.203355 0.453790 10 0.999689
0.988573 0.205015 0.457691 10 0.999689
0.994416 0.203356 0.458012 10 0.999689
0.990053 0.201696 0.454112 10 0.999689
0.923812 0.398851 0.552756 4 0.000000
0.534042 0.201095 0.468174 5 0.046416
0.943440 0.796306 0.542888 7 0.998752
0.569095 0.797627 0.518237 8 0.000000
0.246137 0.799298 0.495214 7 0.000000
0.556296 0.255464 0.549325 13 0.000000
0.373234 0.795276 0.450213 9 0.996496
0.971199 0.559709 0.544936 4 0.000000
0.630378 0.199488 0.513445 5 0.000000
0.002614 0.493403 0.491120 6 0.000000
0.001610 0.635578 0.456424 6 0.905309
0.002203 0.547070 0.471561 6 0.000067
0.994072 0.296713 0.511848 1 0.000000
0.394320 0.246117 0.453083 2 0.000001
0.924172 0.201003 0.498045 5 0.000000
0.948581 0.201358 0.499175 5 0.000000
0.923397 0.200461 0.514951 5 0.000000
0.899764 0.200648 0.496915 5 0.000000
0.924947 0.201545 0.481139 5 0.000000
0.611692 0.199808 0.499690 5 0.000000
0.628634 0.210868 0.496278 3 0.000000
0.002557 0.797332 0.506592 6 0.999790
0.906251 0.619805 0.550756 4 0.000000
0.892493 0.674511 0.550537 4 0.000000
0.886945 0.614953 0.551448 4 0.000000
0.920008 0.565099 0.550975 4 0.000000
0.925556 0.624658 0.550063 4 0.000000
0.004654 0.551511 0.473521 6 0.000004
0.997273 0.433964 0.494946 1 0.000000
0.259845 0.781961 0.454564 9 0.000000
0.003883 0.518095 0.526542 11 0.999998
0.114908 0.600981 0.546370 4 0.000000
0.133370 0.662480 0.547338 4 0.000000
0.144114 0.592189 0.547902 4 0.000000
0.096445 0.539481 0.545403 4 0.000000
0.085702 0.609773 0.544838 4 0.000000
0.679052 0.199710 0.499790 5 0.000000
0.810751 0.466719 0.450705 16 0.000194
0.274062 0.796612 0.531791 8 0.000000
0.002891 0.534462 0.490916 6 0.000000
0.477259 0.209983 0.523342 10 0.000000
0.293560 0.199564 0.482895 5 0.000000
0.519600 0.770735 0.542277 4 0.000000
0.283453 0.350993 0.448115 9 0.000000
0.772305 0.199027 0.503417 5 0.000000
0.335313 0.199284 0.513617 5 0.000000
0.840319 0.801642 0.470584 8 0.000000
0.445077 0.796164 0.519955 8 0.000000
0.971458 0.630912 0.540632 4 0.000000
0.507289 0.692958 0.446800 9 0.000000
0.508266 0.726688 0.448097 9 0.000000
0.604550 0.690206 0.445114 9 0.000000
0.506312 0.659227 0.445502 9 0.000000
0.410028 0.695710 0.448485 9 0.000000
0.271605 0.440703 0.465142 17 0.001588
0.281581 0.444556 0.464701 17 0.001588
0.271370 0.441962 0.470832 17 0.001588
0.261628 0.436850 0.465583 17 0.001588
0.271839 0.439444 0.459452 17 0.001588
0.491794 0.199231 0.514591 5 0.000000
0.627922 0.459377 0.467461 9 0.000000
0.230916 0.200288 0.519402 5 0.000000
0.763329 0.411225 0.552062 4 0.000000
0.733292 0.588888 0.449612 9 0.000000
0.023507 0.633970 0.453669 9 0.000000
0.802769 0.561773 0.550162 4 0.000000
0.801001 0.548359 0.450701 15 0.215253
0.265261 0.368289 0.551809 4 0.000000
0.005049 0.230234 0.463478 6 0.005794
0.003167 0.241167 0.463696 6 0.005794
0.006087 0.230338 0.467199 6 0.005794
0.006932 0.219301 0.463259 6 0.005794
0.004011 0.230130 0.459756 6 0.005794
0.414598 0.200950 0.499553 3 0.000000
0.814603 0.416393 0.551400 4 0.000000
0.199249 0.459400 0.472507 17 0.040490
0.190989 0.470544 0.473463 17 0.040490
0.198412 0.459457 0.464613 17 0.040490
0.207509 0.448256 0.471551 17 0.040490
0.200086 0.459343 0.480400 17 0.040490
0.996954 0.347126 0.499445 1 0.000000
0.193596 0.795249 0.473139 7 0.000001
0.084917 0.347221 0.542633 4 0.000000
0.080044 0.391966 0.542002 4 0.000000
0.058674 0.344323 0.539815 4 0.000000
0.089790 0.302477 0.543265 4 0.000000
0.111160 0.350119 0.545452 4 0.000000
0.974819 0.327960 0.526807 1 0.999987
0.003917 0.436004 0.515924 6 0.000000
0.975717 0.226264 0.543914 14 0.000003
0.973317 0.235663 0.543015 14 0.000003
0.973201 0.225840 0.546198 14 0.000003
0.978117 0.216865 0.544814 14 0.000003
0.978233 0.226688 0.541630 14 0.000003
0.005248 0.686545 0.509321 6 0.000000
0.045625 0.791169 0.499637 7 0.000000
0.060547 0.792531 0.497088 7 0.000000
0.048437 0.792004 0.516541 7 0.000000
0.030703 0.789807 0.502187 7 0.000000
0.042814 0.790333 0.482734 7 0.000000
0.786479 0.795839 0.522670 7 0.000000
0.974068 0.405448 0.540989 4 0.000000
0.996409 0.730288 0.494750 1 0.000000
0.997747 0.731204 0.507624 1 0.000000
0.998181 0.706827 0.496235 1 0.000000
0.995072 0.729372 0.481875 1 0.000000
0.994637 0.753749 0.493265 1 0.000000
0.997258 0.799546 0.491616 8 1.000000
0.993127 0.785653 0.488519 1 0.000028
0.992617 0.790529 0.489214 1 0.000028
0.993231 0.783906 0.500861 1 0.000028
0.993637 0.780777 0.487825 1 0.000028
0.993023 0.787401 0.476178 1 0.000028
0.463401 0.798731 0.519441 8 0.000000
0.129813 0.767492 0.452414 2 0.000000
0.442524 0.241920 0.451258 2 0.000000
0.331200 0.796962 0.458382 8 0.993363
0.993060 0.609578 0.512141 1 0.000000
0.997248 0.662261 0.517823 1 0.000000
0.996649 0.237502 0.468837 1 0.000000
0.998783 0.250906 0.468490 1 0.000000
0.997484 0.237550 0.475819 1 0.000000
0.994516 0.224099 0.469184 1 0.000000
0.995815 0.237454 0.461856 1 0.000000
0.165496 0.777907 0.547719 4 0.000000
0.762404 0.791971 0.510129 8 0.999928
0.928879 0.396781 0.552865 4 0.000000
0.362263 0.797007 0.519123 8 0.000000
0.727162 0.769577 0.539256 7 0.000000
0.916342 0.624817 0.539348 4 0.000000
0.490131 0.262264 0.550229 13 0.000000
0.337923 0.202134 0.514525 5 0.000000
0.913004 0.506386 0.544914 4 0.000000
0.914249 0.574194 0.545228 4 0.000000
0.890342 0.506799 0.545531 4 0.000000
0.911759 0.438578 0.544599 4 0.000000
0.935665 0.505973 0.544297 4 0.000000
0.298755 0.796838 0.458279 8 0.000782
0.278178 0.741774 0.448231 2 0.000000
0.884003 0.775421 0.545324 14 0.000151
0.835284 0.409585 0.499340 14 0.000000
0.515403 0.703625 0.543929 14 0.000000
0.819457 0.529768 0.449751 9 0.000000
0.085418 0.791240 0.541527 7 0.000000
0.729380 0.571691 0.486790 16 0.999606
0.735553 0.574241 0.490004 16 0.999606
0.722352 0.573518 0.498840 16 0.999606
0.723208 0.569141 0.483577 16 0.999606
0.736409 0.569864 0.474741 16 0.999606
0.002833 0.219892 0.455052 6 0.999944
0.968904 0.595176 0.540956 4 0.000000
0.175554 0.731932 0.448263 2 0.000000
0.177871 0.752741 0.449089 2 0.000000
0.120103 0.738088 0.448744 2 0.000000
0.173236 0.711123 0.447436 2 0.000000
0.231005 0.725776 0.447782 2 0.000000
0.387436 0.780007 0.453068 2 0.000065
0.278279 0.439723 0.535901 17 0.000032
0.026121 0.592033 0.453981 9 0.000019
0.767959 0.794336 0.457736 7 0.180841
0.681340 0.751006 0.547463 4 0.000000
0.364096 0.471208 0.448689 2 0.000000
0.402953 0.590425 0.445428 2 0.000000
0.430677 0.609174 0.445387 2 0.000000
0.375179 0.631493 0.444455 2 0.000000
0.375229 0.571676 0.445468 2 0.000000
0.430727 0.549357 0.446401 2 0.000000
0.786514 0.449540 0.520553 15 0.005097
0.799164 0.461359 0.516074 15 0.005097
0.789350 0.450389 0.530805 15 0.005097
0.773864 0.437721 0.525032 15 0.005097
0.783678 0.448690 0.510302 15 0.005097
0.226744 0.787432 0.525155 7 0.000004
0.080681 0.797753 0.452958 8 0.994657
0.699867 0.798011 0.540598 8 0.212066
0.047410 0.249701 0.491885 11 0.000000
0.060340 0.263375 0.500519 11 0.000000
0.049223 0.241121 0.502759 11 0.000000
0.034479 0.236027 0.483251 11 0.000000
0.045596 0.258282 0.481012 11 0.000000
0.834422 0.759212 0.548706 4 0.000000
0.950549 0.383289 0.454415 9 0.000000
0.700463 0.454909 0.493914 15 0.520698
0.695416 0.458785 0.494249 15 0.520698
0.702385 0.456596 0.503347 15 0.520698
0.705509 0.451032 0.493579 15 0.520698
0.698541 0.453222 0.484481 15 0.520698
0.951359 0.256263 0.501101 10 0.000009
0.967050 0.268068 0.509993 10 0.000009
0.948209 0.254559 0.508920 10 0.000009
0.935668 0.244457 0.492209 10 0.000009
0.954509 0.257966 0.493281 10 0.000009
0.002288 0.378295 0.470173 6 0.000115
0.995493 0.762327 0.493231 1 0.000000
0.995004 0.774933 0.491019 1 0.000000
0.996032 0.764692 0.506588 1 0.000000
0.995981 0.749721 0.495443 1 0.000000
0.994953 0.759962 0.479875 1 0.000000
0.919520 0.357207 0.543406 4 0.000000
0.923176 0.400543 0.542682 4 0.000000
0.900531 0.358831 0.544755 4 0.000000
0.915865 0.313871 0.544130 4 0.000000
0.938509 0.355582 0.542057 4 0.000000
0.162372 0.200835 0.534128 3 0.000000
0.040751 0.757028 0.452218 9 0.000000
0.052573 0.763317 0.452277 9 0.000000
0.047771 0.743832 0.452281 9 0.000000
0.028928 0.750738 0.452159 9 0.000000
0.033731 0.770224 0.452155 9 0.000000
0.992714 0.791482 0.482703 1 0.002864
0.031866 0.202010 0.540680 10 0.418016
0.947326 0.775334 0.471460 1 0.000001
0.962299 0.775294 0.470356 1 0.000001
0.947399 0.784107 0.472133 1 0.000001
0.932352 0.775374 0.472564 1 0.000001
0.947253 0.766561 0.470787 1 0.000001
0.993130 0.517227 0.457747 1 0.000000
0.020970 0.306436 0.477592 6 0.000001
0.018223 0.314107 0.475069 6 0.000001
0.027830 0.309526 0.479517 6 0.000001
0.023718 0.298765 0.480115 6 0.000001
0.014111 0.303346 0.475667 6 0.000001
0.496958 0.200124 0.458067 5 0.078842
0.042639 0.477598 0.452942 2 0.000000
0.782842 0.764762 0.450226 2 0.000000
0.632049 0.798781 0.513933 7 0.000000
0.524610 0.799677 0.481858 8 0.000000
0.715850 0.242468 0.450245 2 0.000000
0.722435 0.260192 0.550008 13 0.000000
0.522379 0.790810 0.507440 7 0.000000
0.735759 0.199497 0.520977 3 0.000000
0.260985 0.799768 0.501626 7 0.000000
0.095430 0.797750 0.521130 7 0.000000
0.126029 0.798615 0.521707 7 0.000000
0.095218 0.798228 0.531638 7 0.000000
0.064830 0.796884 0.520554 7 0.000000
0.095641 0.797271 0.510622 7 0.000000
0.003788 0.602620 0.502217 11 0.000000
0.003950 0.382756 0.489726 6 0.000000
0.497670 0.279122 0.451177 2 0.000000
0.687346 0.797628 0.460742 8 0.000011
0.309854 0.525210 0.490962 17 0.000016
0.304256 0.536802 0.501039 17 0.000016
0.313010 0.517936 0.501084 17 0.000016
0.315453 0.513618 0.480885 17 0.000016
0.306698 0.532485 0.480841 17 0.000016
0.007457 0.475940 0.524889 6 0.330059
0.636603 0.798400 0.523095 8 0.000000
0.355965 0.752915 0.451228 9 0.000000
0.182305 0.727369 0.449698 2 0.000000
0.180065 0.749833 0.450952 2 0.000000
0.128785 0.721973 0.450749 2 0.000000
0.184545 0.704905 0.448444 2 0.000000
0.235825 0.732765 0.448646 2 0.000000
0.445846 0.747399 0.450613 2 0.000000
0.540212 0.777361 0.501971 7 0.000956
0.193016 0.789041 0.455157 7 0.021531
0.622450 0.798120 0.527308 7 0.000000
0.994893 0.458308 0.493466 1 0.000000
0.894283 0.796665 0.472443 8 0.000000
0.313203 0.484216 0.488689 17 0.000072
0.314125 0.492548 0.501726 17 0.000072
0.310352 0.477398 0.493247 17 0.000072
0.312282 0.475884 0.475651 17 0.000072
0.316055 0.491033 0.484130 17 0.000072
0.330629 0.200098 0.490842 5 0.000000
0.207302 0.413597 0.528308 13 0.000000
0.712161 0.432110 0.549280 4 0.000000
0.201115 0.452014 0.507660 17 0.002343
0.296676 0.575866 0.448428 9 0.000000
0.901757 0.202251 0.454211 3 0.999995
0.079250 0.678183 0.483283 2 0.000000
0.910378 0.578363 0.550693 4 0.000000
0.626936 0.450857 0.457191 9 0.000000
0.260802 0.575202 0.548995 4 0.000000
0.062621 0.393639 0.546934 4 0.000000
0.002561 0.459156 0.476500 6 0.000000
0.984865 0.416403 0.512640 1 0.000000
0.790224 0.437897 0.459757 15 0.999580
0.543854 0.690468 0.450544 9 0.000000
0.612188 0.689972 0.449530 9 0.000000
0.544132 0.725328 0.452233 9 0.000000
0.475521 0.690964 0.451559 9 0.000000
0.543576 0.655607 0.448856 9 0.000000
0.000972 0.400525 0.453701 9 0.986236
0.943435 0.267569 0.549787 14 0.000003
0.936896 0.289529 0.551966 14 0.000003
0.954930 0.271017 0.549532 14 0.000003
0.949974 0.245608 0.547609 14 0.000003
0.931940 0.264121 0.550043 14 0.000003
0.859227 0.672693 0.553654 4 0.000000
0.828703 0.693636 0.554207 4 0.000000
0.836216 0.639119 0.555052 4 0.000000
0.889750 0.651751 0.553100 4 0.000000
0.882238 0.706268 0.552256 4 0.000000
0.128633 0.377988 0.546778 13 0.000000
0.103983 0.429831 0.545465 13 0.000000
0.100028 0.364345 0.545122 13 0.000000
0.153283 0.326144 0.548090 13 0.000000
0.157237 0.391630 0.548433 13 0.000000
0.002283 0.674402 0.452907 6 0.999987
0.017528 0.206665 0.453201 2 0.999979
0.017233 0.209746 0.455210 2 0.999979
0.025895 0.207819 0.452659 2 0.999979
0.017823 0.203585 0.451191 2 0.999979
0.009161 0.205512 0.453742 2 0.999979
0.993314 0.782500 0.472441 1 0.000000
0.994824 0.786156 0.479766 1 0.000000
0.993884 0.776945 0.475096 1 0.000000
0.991804 0.778843 0.465115 1 0.000000
0.992744 0.788055 0.469785 1 0.000000
0.970454 0.402728 0.540802 4 0.000000
0.269260 0.200640 0.521480 10 0.000000
0.993873 0.771989 0.497541 1 0.000000
0.993670 0.775921 0.511594 1 0.000000
0.994525 0.763443 0.499941 1 0.000000
0.994077 0.768058 0.483489 1 0.000000
0.993222 0.780535 0.495141 1 0.000000
0.459528 0.790989 0.511842 7 0.000000
0.994458 0.408723 0.472698 1 0.000000
0.759210 0.215336 0.498589 10 0.000000
0.801598 0.216626 0.497988 10 0.000000
0.759523 0.212247 0.514034 10 0.000000
0.716822 0.214046 0.499189 10 0.000000
0.758897 0.218425 0.483143 10 0.000000
0.325785 0.794512 0.523960 7 0.000000
0.431696 0.200203 0.520762 3 0.000000
0.002037 0.622845 0.466067 11 0.000251
0.009601 0.681266 0.454633 11 0.039878
0.070618 0.211759 0.549651 14 0.999313
0.995325 0.230302 0.494803 1 0.000000
0.996282 0.240274 0.494002 1 0.000000
0.996210 0.231303 0.508322 1 0.000000
0.994368 0.220329 0.495604 1 0.000000
0.994440 0.229301 0.481284 1 0.000000
0.098318 0.797145 0.458327 7 0.569056
0.481929 0.236984 0.451466 2 0.000000
0.755454 0.761135 0.450124 2 0.000000
0.239323 0.216690 0.456906 2 0.000000
0.532786 0.797011 0.505520 8 0.000000
0.000942 0.450077 0.460865 6 0.000049
0.026128 0.795308 0.498399 8 0.000795
0.035060 0.796340 0.498397 8 0.000795
0.026130 0.795331 0.515316 8 0.000795
0.017197 0.794276 0.498401 8 0.000795
0.026127 0.795285 0.481481 8 0.000795
0.004514 0.228369 0.500466 6 0.000000
0.005913 0.237848 0.498607 6 0.000000
0.004056 0.230669 0.511849 6 0.000000
0.003115 0.218890 0.502325 6 0.000000
0.004972 0.226068 0.489082 6 0.000000
0.033028 0.772373 0.537623 6 0.999917
0.040250 0.776051 0.536556 6 0.999917
0.034841 0.769107 0.538632 6 0.999917
0.025807 0.768696 0.538690 6 0.999917
0.031216 0.775640 0.536614 6 0.999917
0.001873 0.511613 0.474434 11 0.000003
0.262737 0.799429 0.500403 8 0.000000
0.004848 0.596301 0.517799 6 0.000000
0.738017 0.796973 0.520137 8 0.000000
0.695000 0.200142 0.477429 5 0.000000
0.206515 0.759171 0.450449 9 0.000000
0.004920 0.686595 0.518764 6 0.009340
0.312267 0.516976 0.501806 17 0.053643
0.310209 0.524107 0.498891 17 0.053643
0.310762 0.523579 0.519022 17 0.053643
0.314324 0.509845 0.504721 17 0.053643
0.313772 0.510373 0.484590 17 0.053643
0.798841 0.796033 0.532853 8 0.000000
0.200024 0.540960 0.481742 17 0.046264
0.201549 0.544452 0.478118 17 0.046264
0.208863 0.549537 0.493726 17 0.046264
0.198500 0.537468 0.485365 17 0.046264
0.191186 0.532384 0.469758 17 0.046264
0.945040 0.411425 0.543396 4 0.000000
0.003651 0.528616 0.491763 11 0.000000
0.538568 0.250896 0.450261 9 0.000000
0.857104 0.796600 0.525376 8 0.000000
0.310337 0.530345 0.509172 17 0.000000
0.303025 0.543811 0.507974 17 0.000000
0.311274 0.532249 0.524868 17 0.000000
0.317650 0.516879 0.510369 17 0.000000
0.309401 0.528441 0.493475 17 0.000000
0.008467 0.205792 0.491182 10 0.000001
0.956449 0.730228 0.548236 4 0.000000
0.948642 0.730825 0.547861 4 0.000000
0.954794 0.708185 0.547624 4 0.000000
0.964255 0.729632 0.548611 4 0.000000
0.958104 0.752272 0.548848 4 0.000000
0.416844 0.773855 0.543415 4 0.000000
0.240679 0.574633 0.449382 2 0.000000
0.154381 0.796609 0.538093 8 0.000029
0.684895 0.504045 0.540964 16 0.999991
0.995405 0.717681 0.491862 1 0.000000
0.993723 0.744825 0.488445 1 0.000000
0.996441 0.719308 0.504272 1 0.000000
0.997088 0.690537 0.495278 1 0.000000
0.994370 0.716055 0.479452 1 0.000000
0.029744 0.559426 0.528798 6 0.001464
0.991452 0.635503 0.471806 1 0.000000
0.667560 0.452596 0.448622 16 0.000000
0.260132 0.199763 0.518765 5 0.000000
0.308825 0.477488 0.497816 17 0.104053
0.313188 0.486702 0.501759 17 0.104053
0.306346 0.472183 0.512955 17 0.104053
0.304463 0.468273 0.493873 17 0.104053
0.311305 0.482792 0.482677 17 0.104053
0.900697 0.796042 0.534360 8 0.002684
0.151184 0.688951 0.447586 2 0.000000
0.149167 0.722738 0.448354 2 0.000000
0.104649 0.686155 0.448375 2 0.000000
0.153201 0.655164 0.446818 2 0.000000
0.197719 0.691747 0.446796 2 0.000000
0.244818 0.764666 0.547995 14 0.000000
0.804998 0.471558 0.513466 15 0.002268
0.813237 0.487494 0.511668 15 0.002268
0.806735 0.472155 0.526713 15 0.002268
0.796760 0.455622 0.515265 15 0.002268
0.803261 0.470961 0.500219 15 0.002268
0.950278 0.685103 0.550327 14 0.000000
0.703109 0.436204 0.550361 4 0.000000
0.854284 0.716695 0.545965 4 0.000000
0.896721 0.701702 0.542889 4 0.000000
0.861985 0.738711 0.544885 4 0.000000
0.811848 0.731689 0.549041 4 0.000000
0.846584 0.694680 0.547046 4 0.000000
0.229547 0.784483 0.455843 9 1.000000
0.017232 0.230698 0.453830 9 0.100259
0.014825 0.241612 0.454814 9 0.100259
0.023500 0.232005 0.454664 9 0.100259
0.019638 0.219783 0.452845 9 0.100259
0.010963 0.229391 0.452995 9 0.100259
0.283913 0.579710 0.448558 9 0.000000
0.575661 0.791075 0.456567 9 0.869841
0.024081 0.602456 0.454218 9 0.000000
0.961493 0.509424 0.540582 14 0.000000
0.944433 0.583710 0.505183 14 0.000000
0.953404 0.616606 0.503313 14 0.000000
0.945619 0.584168 0.518940 14 0.000000
0.935462 0.550814 0.507052 14 0.000000
0.943246 0.583252 0.491425 14 0.000000
0.102002 0.561512 0.546260 4 0.000000
0.107953 0.634910 0.547031 4 0.000000
0.130332 0.559206 0.547210 4 0.000000
0.096052 0.488115 0.545489 4 0.000000
0.073673 0.563819 0.545309 4 0.000000
0.742634 0.752651 0.449774 9 0.000000
0.005348 0.460000 0.473054 6 0.000000
0.509217 0.237682 0.451250 9 0.000000
0.109030 0.435687 0.546366 4 0.000000
0.082083 0.428417 0.544697 4 0.000000
0.090065 0.506290 0.545046 4 0.000000
0.135978 0.442957 0.548036 4 0.000000
0.127996 0.365084 0.547686 4 0.000000
0.676618 0.763987 0.450008 2 0.000000
0.822087 0.582749 0.551447 13 0.000000
0.759670 0.199124 0.501094 5 0.000000
0.885575 0.727322 0.551215 4 0.000000
0.886182 0.750991 0.550778 4 0.000000
0.855807 0.728099 0.551942 4 0.000000
0.884968 0.703653 0.551651 4 0.000000
0.915343 0.726545 0.550488 4 0.000000
0.998368 0.797891 0.487609 1 0.999808
0.938185 0.280290 0.551100 4 0.000000
0.934099 0.306093 0.551969 4 0.000000
0.951489 0.282413 0.550626 4 0.000000
0.942272 0.254487 0.550232 4 0.000000
0.924881 0.278167 0.551575 4 0.000000
0.839209 0.796695 0.537201 8 0.000001
0.030357 0.310187 0.531525 13 0.008005
0.029955 0.318499 0.533686 13 0.008005
0.027209 0.308414 0.537759 13 0.008005
0.030760 0.301875 0.529363 13 0.008005
0.033506 0.311960 0.525290 13 0.008005
0.002905 0.525928 0.491368 6 0.000000
0.969902 0.627350 0.527190 14 0.000141
0.450844 0.796021 0.523101 8 0.000000
0.912564 0.201975 0.538504 3 0.009918
0.004800 0.230145 0.453124 6 0.999977
0.982790 0.661075 0.476193 9 0.000000
0.981664 0.677446 0.477388 9 0.000000
0.983440 0.660594 0.483396 9 0.000000
0.983916 0.644705 0.474999 9 0.000000
0.982140 0.661556 0.468990 9 0.000000
0.653010 0.299729 0.457204 9 0.000000
0.032194 0.535636 0.453865 9 0.000000
0.777875 0.223565 0.452986 9 0.000000
0.782385 0.780717 0.456427 2 0.000001
0.586749 0.800057 0.489470 7 0.000000
0.004247 0.255808 0.451777 11 0.998555
0.997068 0.543027 0.492178 1 0.000000
0.902318 0.795630 0.537042 8 0.039857
0.004249 0.208327 0.453270 6 0.999993
0.004600 0.212428 0.453815 6 0.999993
0.006271 0.207894 0.455232 6 0.999993
0.003898 0.204227 0.452726 6 0.999993
0.002228 0.208761 0.451308 6 0.999993
0.432561 0.798481 0.543797 8 0.967365
0.398794 0.220040 0.485519 3 0.000000
0.942416 0.556638 0.543642 14 0.000000
0.225782 0.797048 0.465473 8 0.058056
0.333257 0.203700 0.455907 5 0.999999
0.003611 0.549548 0.519554 11 0.000160
0.774939 0.233784 0.453873 2 0.000000
0.697778 0.799473 0.500560 8 0.000000
0.211254 0.199585 0.464659 5 0.000210
0.724627 0.230042 0.451160 2 0.000000
0.988277 0.597765 0.499382 1 0.000000
0.783903 0.798795 0.499999 8 0.000000
0.894409 0.796373 0.528656 8 0.000000
0.002873 0.692497 0.480702 6 0.000003
0.025191 0.531408 0.458342 2 0.019908
0.265028 0.797239 0.523768 7 0.000000
0.232196 0.375771 0.447988 2 0.000000
0.960270 0.428027 0.546313 4 0.000000
0.191125 0.576888 0.474440 9 0.000000
0.968471 0.787216 0.535605 7 0.999916
0.660179 0.199108 0.523093 5 0.000000
0.243560 0.438069 0.469669 17 0.009912
0.256059 0.437454 0.468496 17 0.009912
0.244327 0.439674 0.476996 17 0.009912
0.231062 0.438684 0.470843 17 0.009912
0.242793 0.436464 0.462343 17 0.009912
0.047892 0.409647 0.452248 9 0.000000
0.341759 0.790544 0.453897 8 0.000051
0.991153 0.701254 0.487270 1 0.000000
0.987566 0.731080 0.489598 1 0.000000
0.992071 0.700511 0.498203 1 0.000000
0.994740 0.671427 0.484942 1 0.000000
0.990235 0.701997 0.476338 1 0.000000
0.911656 0.789381 0.496037 7 0.000160
0.695184 0.447164 0.450445 2 0.000000
0.758471 0.430812 0.548117 15 0.999049
0.296272 0.450862 0.539733 17 0.000001
0.743621 0.397824 0.448544 9 0.000000
0.682914 0.484252 0.548533 16 0.783732
0.070784 0.343485 0.545651 4 0.000000
0.063353 0.387356 0.544806 4 0.000000
0.053064 0.340476 0.545264 4 0.000000
0.078216 0.299614 0.546497 4 0.000000
0.088505 0.346495 0.546039 4 0.000000
0.772049 0.561399 0.538132 15 0.062935
0.784695 0.559181 0.537362 15 0.062935
0.772718 0.562978 0.544568 15 0.062935
0.759404 0.563616 0.538901 15 0.062935
0.771381 0.559819 0.531695 15 0.062935
0.283525 0.583906 0.448772 2 0.000000
0.951195 0.502888 0.533454 14 0.000459
0.314546 0.200090 0.518159 5 0.000000
0.306407 0.539318 0.500125 17 0.137003
0.290117 0.550387 0.495526 17 0.137003
0.303255 0.541181 0.515774 17 0.137003
0.322697 0.528250 0.504724 17 0.137003
0.309559 0.537455 0.484476 17 0.137003
0.530672 0.734423 0.547076 4 0.000000
0.433278 0.798187 0.455868 8 0.999848
0.076539 0.407227 0.544497 4 0.000000
0.992524 0.316424 0.461107 1 0.000000
0.656521 0.767376 0.455183 2 0.000000
0.177695 0.497383 0.451211 17 0.060395
0.191476 0.419824 0.549420 4 0.000000
0.165241 0.463988 0.449542 9 0.000000
0.987275 0.794294 0.472866 7 0.005908
0.991423 0.795021 0.472897 7 0.005908
0.987217 0.794262 0.481187 7 0.005908
0.983127 0.793567 0.472834 7 0.005908
0.987333 0.794325 0.464544 7 0.005908
0.870353 0.689272 0.524044 4 0.000000
0.887764 0.711940 0.521070 4 0.000000
0.840165 0.712212 0.522168 4 0.000000
0.852942 0.666603 0.527018 4 0.000000
0.900541 0.666331 0.525920 4 0.000000
0.924816 0.750553 0.517566 14 0.000003
0.917776 0.760066 0.525327 14 0.000003
0.912856 0.738520 0.521468 14 0.000003
0.931855 0.741040 0.509805 14 0.000003
0.936775 0.762586 0.513665 14 0.000003
0.995115 0.693056 0.508674 1 0.000000
0.005897 0.212951 0.456479 6 0.066307
0.005713 0.217511 0.455725 6 0.066307
0.006966 0.213219 0.457834 6 0.066307
0.006082 0.208391 0.457233 6 0.066307
0.004828 0.212684 0.455124 6 0.066307
0.832557 0.775961 0.523245 4 0.000178
0.500626 0.798356 0.499234 7 0.000000
0.927910 0.797298 0.518029 8 0.000000
0.950747 0.797858 0.519887 8 0.000000
0.927038 0.797999 0.528540 8 0.000000
0.905073 0.796738 0.516171 8 0.000000
0.928782 0.796597 0.507517 8 0.000000
0.441819 0.798633 0.479811 7 0.000000
0.593331 0.200569 0.528954 5 0.000000
0.993259 0.292771 0.526623 1 0.002413
0.572029 0.797186 0.522863 8 0.998148
0.535914 0.279467 0.535152 14 0.000000
0.537673 0.305453 0.537796 14 0.000000
0.603090 0.274833 0.536006 14 0.000000
0.534155 0.253480 0.532508 14 0.000000
0.468737 0.284101 0.534298 14 0.000000
0.994886 0.663600 0.473460 1 0.000000
0.658771 0.279929 0.454664 9 0.000000
0.255480 0.797904 0.518328 8 0.000000
0.331160 0.200208 0.485939 3 0.000000
0.688951 0.774103 0.545856 4 0.000000
0.998194 0.255623 0.451219 1 1.000000
0.606425 0.200615 0.518575 3 0.000000
0.092647 0.797910 0.451854 8 0.999652
0.980338 0.609845 0.474010 9 0.000000
0.003818 0.714993 0.456304 11 0.999916
0.824581 0.795000 0.522287 7 0.000000
0.000530 0.231578 0.451442 11 1.000000
0.769508 0.199339 0.529520 5 0.000000
0.758451 0.798427 0.500861 7 0.000000
0.871899 0.796573 0.532377 7 0.000001
0.558280 0.792685 0.530448 7 0.000002
0.821807 0.261671 0.550059 4 0.000000
0.823900 0.280453 0.551125 4 0.000000
0.859807 0.257448 0.549829 4 0.000000
0.819713 0.242888 0.548993 4 0.000000
0.783806 0.265894 0.550290 4 0.000000
0.374651 0.798977 0.490311 8 0.000000
0.230506 0.798323 0.499695 8 0.000000
0.554918 0.677808 0.501226 9 0.000000
0.481620 0.679225 0.510971 9 0.000000
0.555573 0.708006 0.501758 9 0.000000
0.628216 0.676390 0.491482 9 0.000000
0.554263 0.647609 0.500694 9 0.000000
0.191742 0.550634 0.452330 2 0.000000
0.994693 0.372756 0.466660 1 0.000000
0.976306 0.723398 0.476023 1 0.000000
0.974887 0.731796 0.473714 1 0.000000
0.976176 0.724709 0.480872 1 0.000000
0.977725 0.715000 0.478333 1 0.000000
0.976435 0.722086 0.471175 1 0.000000
0.722370 0.441370 0.483670 15 0.997781
0.292983 0.744150 0.548661 4 0.000000
0.379167 0.754457 0.485335 9 0.000000
0.879410 0.201775 0.471894 5 0.000083
0.302412 0.465313 0.467924 17 0.070066
0.307966 0.474191 0.472441 17 0.070066
0.300424 0.463757 0.473428 17 0.070066
0.296859 0.456435 0.463408 17 0.070066
0.304401 0.466869 0.462421 17 0.070066
0.165005 0.198493 0.518614 5 0.000000
0.774428 0.411654 0.550727 4 0.000000
0.297894 0.458535 0.519696 17 0.000002
0.306937 0.470910 0.518799 17 0.000002
0.298880 0.458606 0.530605 17 0.000002
0.288852 0.446161 0.520592 17 0.000002
0.296909 0.458465 0.508786 17 0.000002
0.440524 0.201028 0.500713 5 0.000000
0.189384 0.596419 0.495228 17 0.000000
0.337960 0.436128 0.552752 4 0.000000
0.824759 0.512991 0.456948 16 0.000001
0.768776 0.419593 0.449713 16 0.000000
0.809288 0.544526 0.452411 15 0.508795
0.738927 0.796016 0.517862 8 0.000000
0.649512 0.801269 0.481504 8 0.000000
0.992407 0.333382 0.457981 1 0.000000
0.939319 0.764433 0.543923 14 0.999989
0.952083 0.767784 0.546643 14 0.999989
0.937932 0.769626 0.544034 14 0.999989
0.926555 0.761082 0.541203 14 0.999989
0.940706 0.759241 0.543812 14 0.999989
0.038336 0.402150 0.452352 9 0.000000
0.383216 0.200059 0.489398 5 0.000000
0.808439 0.777320 0.546629 14 0.999997
0.807635 0.783924 0.548903 14 0.999997
0.825862 0.779407 0.546735 14 0.999997
0.809244 0.770716 0.544355 14 0.999997
0.791017 0.775234 0.546523 14 0.999997
0.004997 0.327239 0.511079 6 0.000000
0.879970 0.800263 0.450898 9 1.000000
0.955626 0.530908 0.452719 1 0.000000
0.281071 0.796461 0.464230 7 1.000000
0.066027 0.240460 0.533527 3 0.000090
0.994029 0.618963 0.467823 1 0.000000
0.979231 0.507149 0.540779 4 0.000000
0.278001 0.331373 0.551477 4 0.000000
0.267825 0.362093 0.551163 4 0.000000
0.199537 0.305372 0.550667 4 0.000000
0.288178 0.300652 0.551791 4 0.000000
0.356465 0.357373 0.552287 4 0.000000
0.995290 0.494213 0.475597 1 0.000000
0.681634 0.790221 0.456938 9 0.999174
0.988169 0.428670 0.458630 2 0.998886
0.180884 0.510686 0.451644 2 0.000036
0.257528 0.622652 0.550656 4 0.000000
0.505526 0.256897 0.450546 2 0.000000
0.991282 0.775948 0.461195 1 0.000000
0.990671 0.784234 0.458672 1 0.000000
0.991837 0.776885 0.464139 1 0.000000
0.991893 0.767662 0.463718 1 0.000000
0.990727 0.775011 0.458251 1 0.000000
0.294329 0.629559 0.552489 4 0.000000
0.994282 0.530033 0.496587 1 0.000000
0.461849 0.465067 0.446755 2 0.000000
0.506520 0.502464 0.448000 2 0.000000
0.483907 0.438709 0.447074 2 0.000000
0.417179 0.427670 0.445511 2 0.000000
0.439792 0.491426 0.446436 2 0.000000
0.924801 0.743301 0.549467 4 0.000000
0.914306 0.757836 0.549928 4 0.000000
0.908742 0.731661 0.550880 4 0.000000
0.935295 0.728767 0.549007 4 0.000000
0.940860 0.754942 0.548055 4 0.000000
0.755700 0.803810 0.479704 8 0.000000
0.023538 0.263249 0.523197 6 0.000040
0.023141 0.265938 0.522671 6 0.000040
0.031099 0.264891 0.525871 6 0.000040
0.023936 0.260561 0.523723 6 0.000040
0.015978 0.261608 0.520523 6 0.000040
0.172074 0.794115 0.531391 7 0.000000
0.883751 0.693734 0.550787 4 0.000000
0.863611 0.723223 0.551008 4 0.000000
0.860184 0.677623 0.552919 4 0.000000
0.903890 0.664244 0.550566 4 0.000000
0.907318 0.709844 0.548654 4 0.000000
0.995410 0.243635 0.453527 1 1.000000
0.946235 0.742045 0.550251 4 0.000000
0.935191 0.743684 0.550592 4 0.000000
0.943494 0.723595 0.550099 4 0.000000
0.957279 0.740407 0.549909 4 0.000000
0.948976 0.760496 0.550403 4 0.000000
0.066279 0.350302 0.543911 4 0.000000
0.059580 0.398007 0.544126 4 0.000000
0.048142 0.347761 0.542561 4 0.000000
0.072978 0.302596 0.543696 4 0.000000
0.084416 0.352843 0.545262 4 0.000000
0.915191 0.210236 0.550004 14 0.999723
0.023461 0.277461 0.500957 6 0.000004
0.997296 0.799053 0.491783 7 1.000000
0.996534 0.797798 0.486311 1 0.998756
0.292628 0.794718 0.540280 8 0.003084
0.994816 0.748003 0.460990 1 0.000000
0.913327 0.205204 0.451750 2 0.000547
0.977517 0.611474 0.542291 14 0.000000
0.661316 0.796779 0.526931 8 0.000000
0.345117 0.250830 0.551219 4 0.000000
0.583847 0.242808 0.536988 13 0.000000
0.585258 0.256991 0.538750 13 0.000000
0.629985 0.238514 0.534595 13 0.000000
0.582436 0.228625 0.535226 13 0.000000
0.537709 0.247101 0.539381 13 0.000000
0.005160 0.218727 0.457269 6 0.000171
0.004695 0.226024 0.457308 6 0.000171
0.007011 0.218832 0.459823 6 0.000171
0.005625 0.211431 0.457230 6 0.000171
0.003309 0.218623 0.454715 6 0.000171
0.965315 0.355914 0.454296 9 0.000000
0.776967 0.795265 0.523668 8 0.000000
0.646908 0.201660 0.468967 5 0.000007
0.002460 0.312450 0.452520 6 0.999358
0.988294 0.249126 0.479689 14 0.999998
0.991227 0.263912 0.473893 14 0.999998
0.991675 0.245121 0.471182 14 0.999998
0.985361 0.234341 0.485484 14 0.999998
0.984913 0.253131 0.488195 14 0.999998
0.849377 0.795872 0.527345 7 0.000000
0.221390 0.771694 0.453802 2 0.000000
0.794274 0.545529 0.479439 16 0.011104
0.805356 0.534780 0.476022 16 0.011104
0.795536 0.543646 0.489457 16 0.011104
0.783192 0.556278 0.482856 16 0.011104
0.793012 0.547413 0.469421 16 0.011104
0.223337 0.211402 0.545562 14 0.977540
0.262937 0.752778 0.451487 2 0.000000
0.995131 0.527170 0.466273 1 0.000000
0.031523 0.798503 0.453030 7 0.999998
0.675093 0.472679 0.447013 16 0.000001
0.860676 0.798416 0.457203 8 0.999981
0.252808 0.433724 0.488887 17 0.007335
0.266280 0.435818 0.490898 17 0.007335
0.250683 0.434556 0.502256 17 0.007335
0.239336 0.431630 0.486876 17 0.007335
0.254933 0.432892 0.475517 17 0.007335
0.808281 0.451283 0.470142 15 0.000019
0.806939 0.452902 0.462927 15 0.000019
0.823219 0.462736 0.469933 15 0.000019
0.809623 0.449665 0.477356 15 0.000019
0.793344 0.439831 0.470351 15 0.000019
0.264391 0.561837 0.497319 17 0.045834
0.253154 0.566002 0.489857 17 0.045834
0.256070 0.564141 0.511134 17 0.045834
0.275627 0.557672 0.504781 17 0.045834
0.272711 0.559533 0.483504 17 0.045834
0.087387 0.782796 0.530666 7 0.000005
0.366642 0.200352 0.524390 3 0.000000
0.748059 0.427957 0.548559 4 0.000503
0.491696 0.786486 0.525387 8 0.999999
0.799329 0.415676 0.450865 9 0.000001
0.819489 0.484402 0.550746 16 0.245014
0.816946 0.463918 0.545855 16 0.989050
0.483039 0.797940 0.512226 7 0.000000
0.994547 0.612551 0.470455 1 0.000000
0.996303 0.562564 0.495641 1 0.000000
0.244222 0.798011 0.458163 7 0.997207
0.954925 0.203500 0.455494 10 0.999982
0.986920 0.543509 0.541329 4 0.000168
0.208081 0.609544 0.459472 9 0.000000
0.972197 0.534516 0.532990 4 0.000001
0.123812 0.796252 0.450794 9 1.000000
0.127393 0.402757 0.546632 4 0.000000
0.101700 0.390943 0.545453 4 0.000000
0.099174 0.464317 0.544744 4 0.000000
0.153086 0.414571 0.547811 4 0.000000
0.155612 0.341197 0.548521 4 0.000000
0.992150 0.691585 0.494259 1 0.000000
0.989814 0.726646 0.489277 1 0.000000
0.992336 0.693452 0.507307 1 0.000000
0.994485 0.656525 0.499241 1 0.000000
0.991963 0.689719 0.481211 1 0.000000
0.985183 0.560026 0.466145 1 0.999722
0.727361 0.798647 0.475010 8 0.000000
0.996173 0.567896 0.523272 1 0.000000
0.269419 0.781621 0.545719 4 0.000000
0.995175 0.571783 0.466130 1 0.000000
0.174725 0.569730 0.446688 2 0.000000
0.852202 0.378558 0.451319 9 0.000000
0.891991 0.431686 0.451727 9 0.000000
0.829206 0.395779 0.451483 9 0.000000
0.812413 0.325430 0.450912 9 0.000000
0.875198 0.361337 0.451156 9 0.000000
0.315628 0.781520 0.545369 4 0.000000
0.906567 0.440660 0.451229 9 0.000000
0.906734 0.514637 0.451203 9 0.000000
0.877235 0.440726 0.451172 9 0.000000
0.906400 0.366683 0.451254 9 0.000000
0.935898 0.440594 0.451285 9 0.000000
0.954444 0.511217 0.542068 4 0.000000
0.974964 0.724271 0.541747 4 0.000001
0.969373 0.735589 0.543085 4 0.000001
0.968373 0.720576 0.545463 4 0.000001
0.980555 0.712953 0.540410 4 0.000001
0.981555 0.727966 0.538032 4 0.000001
0.035847 0.761767 0.519717 7 0.999199
0.046127 0.776783 0.515848 7 0.999199
0.042165 0.759035 0.525902 7 0.999199
0.025567 0.746751 0.523585 7 0.999199
0.029529 0.764499 0.513531 7 0.999199
0.347074 0.796899 0.517201 7 0.000000
0.009019 0.634273 0.480489 6 0.000001
0.747624 0.788459 0.485176 7 0.999973
0.993793 0.790094 0.457950 1 0.091827
0.953120 0.463181 0.453981 9 0.000000
0.023120 0.576941 0.454307 9 0.000000
0.003470 0.400645 0.492561 6 0.000000
0.951477 0.362026 0.549109 14 0.000000
0.025232 0.538875 0.454944 9 0.000000
0.997123 0.441955 0.483979 1 0.000000
0.786210 0.796073 0.524627 8 0.000000
0.005085 0.686507 0.511156 6 0.000002
0.995297 0.619360 0.494984 1 0.000000
0.003864 0.583028 0.510533 6 0.000000
0.994541 0.436038 0.468099 1 0.000000
0.117767 0.763412 0.547212 4 0.000000
0.150418 0.765017 0.548597 4 0.000000
0.117187 0.775341 0.547077 4 0.000000
0.085117 0.761807 0.545826 4 0.000000
0.118348 0.751484 0.547347 4 0.000000
0.662436 0.768125 0.536301 14 0.096358
0.227943 0.791986 0.522926 7 0.000001
0.891417 0.760558 0.547749 13 0.000000
0.924332 0.760272 0.544101 13 0.000000
0.891455 0.773999 0.547044 13 0.000000
0.858501 0.760844 0.551397 13 0.000000
0.891378 0.747117 0.548455 13 0.000000
0.818465 0.798278 0.456742 8 1.000000
0.191137 0.447883 0.549155 4 0.000000
0.017255 0.459542 0.500933 6 0.000000
0.460342 0.229581 0.451685 9 0.000000
0.273935 0.797440 0.454815 8 0.997881
0.043015 0.350789 0.452539 2 0.000000
0.395242 0.763471 0.456359 2 0.000000
0.100098 0.508561 0.545990 13 0.000000
0.198441 0.797756 0.453672 8 0.995866
0.177221 0.202352 0.537296 10 0.000000
0.727848 0.394638 0.447723 2 0.000000
0.925508 0.768655 0.547559 4 0.000000
0.927053 0.778837 0.547936 4 0.000000
0.904800 0.771744 0.549023 4 0.000000
0.923963 0.758473 0.547183 4 0.000000
0.946216 0.765566 0.546096 4 0.000000
0.899130 0.781871 0.546119 14 0.000001
0.990767 0.710687 0.505168 1 0.000000
0.024140 0.309854 0.472023 6 0.000002
0.042379 0.786796 0.513074 7 0.032798
0.054555 0.783637 0.507274 7 0.032798
0.048238 0.790386 0.523419 7 0.032798
0.030203 0.789956 0.518874 7 0.032798
0.036520 0.783207 0.502728 7 0.032798
0.973443 0.378326 0.546448 4 0.276105
0.970926 0.795437 0.513798 8 0.999255
0.970938 0.795436 0.513793 8 0.999255
0.970940 0.795440 0.513833 8 0.999255
0.970913 0.795438 0.513803 8 0.999255
0.970912 0.795433 0.513762 8 0.999255
0.376967 0.796837 0.514589 8 0.000000
0.950729 0.200480 0.476894 5 0.000031
0.968076 0.201424 0.478801 5 0.000031
0.949642 0.200006 0.487015 5 0.000031
0.933381 0.199535 0.474988 5 0.000031
0.951815 0.200953 0.466774 5 0.000031
0.248098 0.793087 0.519822 7 0.000000
0.010710 0.229922 0.515640 6 0.998053
0.008404 0.227123 0.508588 6 0.998053
0.014204 0.240404 0.510337 6 0.998053
0.013015 0.232721 0.522691 6 0.998053
0.007215 0.219440 0.520942 6 0.998053
0.995233 0.274426 0.521835 1 0.000020
0.995489 0.203265 0.484307 1 0.989998
0.012182 0.388671 0.453873 9 0.354852
-0.000726 0.541972 0.461405 11 0.000001
0.267699 0.198685 0.515220 5 0.000000
0.840009 0.200407 0.538242 5 0.000109
0.868392 0.795707 0.536350 8 0.012342
0.503078 0.791685 0.522956 8 0.000004
0.111545 0.778077 0.546595 4 0.000000
0.940052 0.788136 0.546946 14 0.625333
0.994434 0.415530 0.475587 1 0.000000
0.714848 0.199183 0.533469 3 0.000000
0.994851 0.531744 0.466232 1 0.000000
0.246515 0.432342 0.462305 17 0.000001
0.253549 0.432284 0.461833 17 0.000001
0.246791 0.433840 0.466242 17 0.000001
0.239480 0.432400 0.462777 17 0.000001
0.246239 0.430845 0.458369 17 0.000001
0.978481 0.602937 0.542048 14 0.000000
0.002803 0.621178 0.467593 6 0.000001
0.336329 0.758827 0.450182 9 0.000000
0.471978 0.198750 0.528443 5 0.000000
0.043832 0.789876 0.540918 8 0.000006
0.532110 0.721824 0.553551 13 0.000000
0.955404 0.490702 0.529773 9 0.001171
0.762568 0.776352 0.548173 13 0.000000
0.954952 0.754184 0.475392 2 0.999792
0.944647 0.762706 0.475327 2 0.999792
0.943942 0.740940 0.484669 2 0.999792
0.965257 0.745661 0.475456 2 0.999792
0.965962 0.767427 0.466114 2 0.999792
0.732956 0.198168 0.528726 5 0.000000
0.994968 0.745131 0.507049 1 0.000000
0.996437 0.762133 0.510239 1 0.000000
0.993854 0.743430 0.516626 1 0.000000
0.993499 0.728130 0.503858 1 0.000000
0.996082 0.746832 0.497471 1 0.000000
0.156571 0.797461 0.453424 7 0.999446
0.205043 0.404476 0.548149 4 0.000000
0.980754 0.569577 0.543016 4 0.000006
0.006040 0.464514 0.483842 6 0.000001
0.394443 0.795541 0.527705 7 0.000000
0.908404 0.500270 0.469145 9 0.000000
0.182468 0.535862 0.549351 4 0.000000
0.335551 0.477436 0.449736 2 0.000000
0.322069 0.601327 0.552867 13 0.000000
0.989760 0.410802 0.536261 4 0.000003
0.366845 0.543497 0.449229 2 0.000000
0.026229 0.797612 0.457922 8 0.550068
0.015612 0.797371 0.458234 8 0.550068
0.026353 0.796602 0.461352 8 0.550068
0.036847 0.797854 0.457609 8 0.550068
0.026105 0.798623 0.454491 8 0.550068
0.979573 0.741440 0.536141 14 0.000009
0.975004 0.747027 0.539043 14 0.000009
0.974343 0.734860 0.540572 14 0.000009
0.984143 0.735854 0.533239 14 0.000009
0.984803 0.748020 0.531709 14 0.000009
0.994276 0.726913 0.515743 1 0.000000
0.003253 0.204733 0.470090 6 0.999977
0.001210 0.528601 0.471860 6 0.000176
0.005986 0.722876 0.514463 11 0.000000
0.505413 0.799021 0.510417 7 0.000000
0.925508 0.751236 0.548499 4 0.000000
0.907011 0.757529 0.549837 4 0.000000
0.920498 0.736380 0.549125 4 0.000000
0.944004 0.744943 0.547160 4 0.000000
0.930517 0.766092 0.547872 4 0.000000
0.136372 0.209852 0.550788 4 0.759115
0.507784 0.797185 0.540177 7 0.007918
0.995665 0.206171 0.454242 1 0.999441
0.995952 0.209499 0.456413 1 0.999441
0.992977 0.205466 0.455678 1 0.999441
0.995379 0.202843 0.452071 1 0.999441
0.998353 0.206876 0.452806 1 0.999441
0.838978 0.800911 0.491763 8 0.000000
0.375775 0.794395 0.478011 8 0.001708
0.225638 0.200411 0.519101 5 0.000000
0.996859 0.385640 0.478743 1 0.000000
0.943441 0.289213 0.544838 4 0.000000
0.957761 0.290301 0.543719 4 0.000000
0.941281 0.317637 0.544831 4 0.000000
0.929122 0.288125 0.545957 4 0.000000
0.945602 0.260789 0.544845 4 0.000000
0.756389 0.796983 0.529252 7 0.000000
0.014477 0.520647 0.453375 9 0.003004
0.270374 0.761127 0.548176 13 0.000000
0.000813 0.389037 0.452454 6 0.986608
0.877451 0.786947 0.544399 4 0.000000
0.287844 0.798466 0.503732 8 0.000000
0.284417 0.200342 0.516531 5 0.000000
0.995294 0.721202 0.512992 1 0.000000
0.996567 0.746181 0.511172 1 0.000000
0.994289 0.721883 0.521633 1 0.000000
0.994022 0.696223 0.514811 1 0.000000
0.996300 0.720521 0.504350 1 0.000000
0.005137 0.318500 0.495926 6 0.000001
0.836776 0.510262 0.550520 4 0.000000
0.002297 0.331321 0.452541 6 1.000000
0.444153 0.797586 0.538400 8 0.000000
0.051430 0.597496 0.452151 2 0.000000
0.584480 0.777018 0.548872 7 0.000000
0.097583 0.795455 0.450638 9 0.999997
0.250513 0.773656 0.532857 14 0.000000
0.196560 0.796007 0.536121 7 0.000000
0.042380 0.667417 0.453246 9 0.000000
0.040435 0.709365 0.454339 9 0.000000
0.027733 0.666715 0.454134 9 0.000000
0.044324 0.625470 0.452153 9 0.000000
0.057026 0.668119 0.452358 9 0.000000
0.164586 0.505958 0.448002 9 0.000000
0.976186 0.734893 0.454576 1 0.000000
0.977000 0.757233 0.453708 1 0.000000
0.967730 0.735251 0.455868 1 0.000000
0.975373 0.712553 0.455443 1 0.000000
0.984642 0.734535 0.453283 1 0.000000
0.004328 0.671185 0.492373 6 0.000000
0.004415 0.712111 0.493271 6 0.000000
0.005094 0.670872 0.506592 6 0.000000
0.004241 0.630259 0.491474 6 0.000000
0.003561 0.671499 0.478153 6 0.000000
0.309725 0.540950 0.455502 17 0.000030
0.005471 0.410224 0.478347 6 0.000000
0.619028 0.199789 0.478356 5 0.000000
0.004758 0.315862 0.504981 6 0.000000
0.774440 0.199944 0.469198 5 0.000255
0.369285 0.768153 0.457586 9 0.000000
0.748753 0.794662 0.469123 7 0.000059
0.732437 0.251094 0.450082 2 0.000000
0.676690 0.792944 0.526449 8 0.000000
0.000459 0.495419 0.466551 6 0.200020
0.462492 0.780389 0.457590 9 0.991273
0.992566 0.748955 0.467697 1 0.000000
0.814958 0.512015 0.458751 16 0.043718
0.645736 0.209438 0.526353 10 0.000000
0.016362 0.772984 0.537685 6 0.998322
0.009751 0.778271 0.533380 6 0.998322
0.019660 0.777710 0.538425 6 0.998322
0.022974 0.767696 0.541991 6 0.998322
0.013064 0.768257 0.536946 6 0.998322
0.050893 0.400096 0.546450 4 0.000000
0.001340 0.474837 0.481554 6 0.000000
0.855820 0.467794 0.551859 4 0.000000
0.886145 0.799296 0.456986 8 0.999438
0.014531 0.621967 0.454098 9 0.009850
0.369049 0.768640 0.546492 4 0.000000
0.773061 0.592049 0.449282 9 0.000000
0.675587 0.468888 0.551337 4 0.000000
0.072857 0.521028 0.546956 4 0.000000
0.307738 0.770751 0.535827 4 0.000000
0.171179 0.522584 0.446888 2 0.000000
0.994949 0.455002 0.468201 1 0.000000
0.696557 0.773176 0.548048 14 0.000000
0.645923 0.742141 0.513839 4 0.000001
0.975410 0.467222 0.465612 9 0.000002
0.228717 0.402389 0.452996 9 0.000000
0.727685 0.403842 0.450110 9 0.000000
0.151550 0.766765 0.451408 9 0.000000
0.780249 0.384968 0.446978 2 0.000000
0.721964 0.434598 0.466344 15 0.999728
0.980643 0.376087 0.535448 1 0.000001
0.958178 0.342519 0.547781 4 0.000001
0.667485 0.247693 0.452314 9 0.000000
0.298971 0.452120 0.542291 17 0.880899
0.004308 0.586233 0.498505 6 0.000000
0.688514 0.546360 0.450710 2 0.000019
0.802119 0.266152 0.449925 2 0.000000
0.803429 0.287293 0.449454 2 0.000000
0.741054 0.269921 0.449230 2 0.000000
0.800809 0.245012 0.450396 2 0.000000
0.863185 0.262383 0.450619 2 0.000000
0.548470 0.785389 0.460263 9 0.765579
0.018023 0.333974 0.526781 6 0.000020
0.692237 0.800394 0.488238 8 0.000000
0.446935 0.744964 0.467515 9 0.000000
0.259113 0.233173 0.495416 9 0.000047
0.218063 0.439844 0.533185 17 0.000001
0.152135 0.791379 0.455642 8 0.001533
0.357189 0.786594 0.455437 7 0.999739
0.014011 0.227609 0.515739 6 0.000000
0.014833 0.236899 0.512242 6 0.000000
0.015545 0.230430 0.523594 6 0.000000
0.013188 0.218319 0.519236 6 0.000000
0.012476 0.224788 0.507884 6 0.000000
0.205744 0.793246 0.468698 7 0.999997
0.327818 0.207458 0.530105 12 0.000186
0.256566 0.561555 0.519851 17 0.029873
0.240381 0.561730 0.513304 17 0.029873
0.252768 0.563211 0.529283 17 0.029873
0.272751 0.561381 0.526398 17 0.029873
0.260364 0.559900 0.510419 17 0.029873
0.947979 0.412611 0.550761 4 0.000000
0.994285 0.397707 0.472118 1 0.000000
0.115599 0.215398 0.496062 12 0.000000
0.101096 0.215665 0.493833 12 0.000000
0.114737 0.215615 0.501696 12 0.000000
0.130102 0.215131 0.498291 12 0.000000
0.116461 0.215181 0.490428 12 0.000000
0.160256 0.475784 0.547927 13 0.000000
0.994156 0.748244 0.456246 1 0.000000
0.994954 0.267255 0.525303 1 0.999843
0.995908 0.272410 0.524519 1 0.999843
0.997476 0.267025 0.526857 1 0.999843
0.994000 0.262100 0.526087 1 0.999843
0.992433 0.267485 0.523749 1 0.999843
0.959935 0.593650 0.533518 4 0.000013
0.901044 0.218223 0.451721 9 0.000000
0.962483 0.634909 0.536691 4 0.000001
0.204029 0.365969 0.459626 9 0.000000
0.702658 0.452984 0.459313 15 0.517711
0.960372 0.300359 0.534538 4 0.000000
0.994752 0.741629 0.456432 1 0.000000
0.901156 0.528933 0.540386 4 0.000000
0.003536 0.648816 0.491125 6 0.000258
0.006934 0.382555 0.520862 6 0.000000
0.974736 0.422457 0.547252 1 0.999610
0.973984 0.201652 0.452338 12 0.999999
0.989246 0.307791 0.455730 1 0.000556
0.650684 0.789332 0.532046 7 0.000040
0.549441 0.791827 0.527939 7 0.006945
0.324700 0.795704 0.525140 8 0.000000
0.696020 0.541720 0.462034 16 0.059042
0.994226 0.731065 0.514580 1 0.000000
0.021023 0.467606 0.525121 6 0.000971
0.422175 0.200179 0.490765 3 0.000000
0.195902 0.554905 0.549501 4 0.000000
0.817277 0.475805 0.451309 16 0.969309
0.240277 0.219302 0.549075 14 1.000000
0.324067 0.419922 0.448369 2 0.000000
0.835964 0.484479 0.544848 4 0.000000
0.741169 0.565405 0.543076 15 0.056191
0.757210 0.563637 0.543607 15 0.056191
0.741274 0.567876 0.548129 15 0.056191
0.725128 0.567173 0.542545 15 0.056191
0.741064 0.562934 0.538023 15 0.056191
0.992496 0.612927 0.507375 1 0.000000
0.997068 0.642987 0.505638 1 0.000000
0.991545 0.613774 0.519511 1 0.000000
0.987924 0.582868 0.509112 1 0.000000
0.993447 0.612081 0.495239 1 0.000000
0.979557 0.412326 0.540257 1 0.999176
0.604389 0.783383 0.548123 4 0.999992
0.995978 0.745238 0.514126 1 0.000000
0.997165 0.762196 0.512832 1 0.000000
0.995397 0.745811 0.521108 1 0.000000
0.994791 0.728279 0.515420 1 0.000000
0.996559 0.744664 0.507144 1 0.000000
0.863160 0.798146 0.459792 8 1.000000
0.004021 0.274880 0.451521 9 1.000000
0.097762 0.354392 0.543401 4 0.000000
0.094711 0.401092 0.543405 4 0.000000
0.067784 0.352434 0.540640 4 0.000000
0.100813 0.307692 0.543397 4 0.000000
0.127740 0.356350 0.546161 4 0.000000
0.995796 0.472724 0.470190 1 0.000000
0.001768 0.471990 0.481258 6 0.000004
0.824022 0.508213 0.548212 4 0.000006
0.989544 0.217506 0.485070 1 0.000000
0.986997 0.223435 0.485556 1 0.000000
0.993182 0.218044 0.497586 1 0.000000
0.992091 0.211577 0.484585 1 0.000000
0.985906 0.216969 0.472554 1 0.000000
0.988021 0.643894 0.541354 13 0.091142
0.919814 0.405696 0.522916 4 0.000000
0.924872 0.460307 0.527552 4 0.000000
0.938195 0.404079 0.521907 4 0.000000
0.914757 0.351085 0.518279 4 0.000000
0.901434 0.407312 0.523925 4 0.000000
0.510731 0.691036 0.547579 4 0.000000
0.508624 0.722733 0.547415 4 0.000000
0.604444 0.697272 0.548623 4 0.000000
0.512839 0.659340 0.547743 4 0.000000
0.417019 0.684801 0.546535 4 0.000000
0.993739 0.673348 0.465314 1 0.000000
0.575079 0.775524 0.540806 4 0.000000
0.199354 0.796455 0.534347 7 0.000000
0.974718 0.722198 0.510984 4 0.000009
0.970634 0.262308 0.547438 14 0.999899
0.942095 0.307293 0.550658 4 0.000004
0.942590 0.341685 0.551024 4 0.000004
0.954944 0.307113 0.550157 4 0.000004
0.941601 0.272900 0.550293 4 0.000004
0.929247 0.307472 0.551160 4 0.000004
0.626789 0.219764 0.454275 9 0.000000
0.264475 0.227345 0.534113 4 0.000035
0.966659 0.773326 0.544389 4 0.000003
0.954801 0.775097 0.547986 4 0.000003
0.965617 0.762883 0.546098 4 0.000003
0.978517 0.771555 0.540791 4 0.000003
0.967700 0.783768 0.542680 4 0.000003
0.977985 0.307833 0.513541 2 0.000000
0.316559 0.490588 0.457845 17 0.066900
0.474686 0.788237 0.547149 7 0.918781
0.003563 0.304662 0.493235 6 0.000000
0.003377 0.338145 0.497285 6 0.000000
0.004716 0.303024 0.506827 6 0.000000
0.003749 0.271180 0.489184 6 0.000000
0.002410 0.306300 0.479642 6 0.000000
0.545905 0.200064 0.535627 5 0.000000
0.001113 0.581106 0.472799 11 0.000000
0.077162 0.796687 0.534464 7 0.000018
0.709439 0.797570 0.523525 8 0.000000
0.526314 0.216401 0.452626 9 0.000000
0.232804 0.439267 0.470343 17 0.027187
0.242941 0.435815 0.466088 17 0.027187
0.235981 0.440005 0.477316 17 0.027187
0.222666 0.442719 0.474597 17 0.027187
0.229626 0.438529 0.463369 17 0.027187
0.252380 0.770616 0.548196 4 0.000000
0.756391 0.432744 0.540787 15 0.894686
0.836256 0.795493 0.540113 8 0.999783
0.975035 0.716785 0.541483 4 0.000038
0.329387 0.795883 0.483758 7 0.000000
0.180685 0.469082 0.549119 4 0.000000
0.988087 0.600629 0.503567 2 0.000000
0.259256 0.793215 0.453699 9 0.999021
0.838862 0.798937 0.455946 8 1.000000
0.484432 0.769667 0.533487 7 0.000000
0.564912 0.764460 0.458561 2 0.000000
0.563445 0.775210 0.459311 2 0.000000
0.531597 0.760162 0.455003 2 0.000000
0.566379 0.753710 0.457811 2 0.000000
0.598228 0.768758 0.462120 2 0.000000
0.996183 0.449602 0.497213 1 0.000000
0.026418 0.690158 0.525646 11 0.000000
0.786201 0.799768 0.463440 8 0.008274
0.537111 0.797258 0.533529 8 0.000000
0.995812 0.405672 0.495902 1 0.000000
0.003363 0.260648 0.451387 9 1.000000
0.398027 0.794428 0.520133 7 0.000000
0.087339 0.793018 0.452106 9 0.976176
0.005132 0.314552 0.516168 11 0.999643
0.766961 0.199354 0.482700 5 0.000000
0.001431 0.365249 0.467091 6 0.000296
0.018273 0.266015 0.504299 11 0.000001
0.979179 0.786136 0.455746 1 0.000035
0.978194 0.791919 0.455543 1 0.000035
0.971372 0.784831 0.456446 1 0.000035
0.980164 0.780352 0.455948 1 0.000035
0.986987 0.787441 0.455045 1 0.000035
0.710010 0.199366 0.482494 5 0.000000
0.992996 0.792871 0.459701 1 0.000001
0.993902 0.795149 0.456883 1 0.000001
0.994427 0.794762 0.461689 1 0.000001
0.992090 0.790594 0.462519 1 0.000001
0.991565 0.790981 0.457713 1 0.000001
0.397109 0.200135 0.515568 5 0.000000
0.410084 0.200484 0.500535 3 0.000000
0.291309 0.566004 0.546976 17 0.912460
0.340929 0.431345 0.448364 2 0.000000
0.836284 0.513685 0.549497 4 0.000000
0.994269 0.385696 0.462894 1 0.000000
0.907794 0.795027 0.524234 7 0.000008
0.071513 0.550363 0.452418 2 0.000000
0.983577 0.245095 0.454554 9 0.000000
0.982631 0.262797 0.452453 9 0.000000
0.977119 0.244591 0.453217 9 0.000000
0.984524 0.227393 0.456655 9 0.000000
0.990036 0.245599 0.455891 9 0.000000
0.290514 0.797206 0.541630 8 0.000000
0.254463 0.439194 0.481096 17 0.003517
0.268912 0.443445 0.487839 17 0.003517
0.250411 0.439387 0.489660 17 0.003517
0.240015 0.434943 0.474354 17 0.003517
0.258516 0.439001 0.472533 17 0.003517
0.759754 0.778759 0.545622 4 0.000000
0.990586 0.719798 0.458116 1 0.000000
0.995806 0.566138 0.468377 1 0.000000
0.845535 0.494772 0.548537 4 0.000000
0.696982 0.595006 0.554863 13 0.000000
0.040737 0.329924 0.541679 14 0.981416
0.835770 0.535724 0.550518 4 0.000000
0.003638 0.350768 0.453387 9 0.999294
0.305233 0.217786 0.549325 4 0.043447
0.308730 0.474571 0.465560 17 0.060592
0.312434 0.481403 0.469542 17 0.060592
0.307521 0.473158 0.469110 17 0.060592
0.305026 0.467740 0.461579 17 0.060592
0.309940 0.475985 0.462011 17 0.060592
0.005924 0.209894 0.452394 2 1.000000
0.004744 0.214551 0.451987 2 1.000000
0.008190 0.210590 0.453784 2 1.000000
0.007105 0.205237 0.452801 2 1.000000
0.003658 0.209198 0.451004 2 1.000000
0.002411 0.398711 0.469990 6 0.000002
0.003005 0.567546 0.491390 6 0.000000
0.977036 0.658287 0.486482 9 0.000000
0.939951 0.689003 0.543148 4 0.000000
0.926973 0.684708 0.545253 4 0.000000
0.951731 0.652710 0.541726 4 0.000000
0.952929 0.693298 0.541042 4 0.000000
0.928172 0.725295 0.544570 4 0.000000
0.919422 0.785232 0.545400 14 0.023889
0.988028 0.422253 0.493673 1 0.000000
0.951444 0.710582 0.507276 4 0.000000
0.074553 0.796546 0.472254 7 0.010427
0.703985 0.606526 0.553563 4 0.000000
0.003018 0.237989 0.452782 11 1.000000
0.348762 0.799003 0.453560 7 0.999701
0.607471 0.791122 0.458402 2 0.828788
0.207864 0.451044 0.482086 17 0.000000
0.200627 0.456329 0.480796 17 0.000000
0.207008 0.452829 0.494210 17 0.000000
0.215101 0.445758 0.483375 17 0.000000
0.208720 0.449258 0.469961 17 0.000000
0.973966 0.254475 0.544428 4 0.036443
0.974463 0.273980 0.546296 4 0.036443
0.981715 0.254569 0.541380 4 0.036443
0.973469 0.234970 0.542559 4 0.036443
0.966217 0.254380 0.547476 4 0.036443
0.153642 0.204478 0.482840 5 0.000000
0.996971 0.200616 0.473143 10 1.000000
0.035849 0.401719 0.454305 9 0.000001
0.971728 0.760604 0.541159 13 0.000002
0.966889 0.764066 0.543003 13 0.000002
0.963409 0.747007 0.544851 13 0.000002
0.976568 0.757142 0.539316 13 0.000002
0.980048 0.774201 0.537468 13 0.000002
0.686625 0.199527 0.500924 5 0.000000
0.208222 0.795554 0.528618 8 0.000000
0.678099 0.201702 0.476504 5 0.000000
0.994638 0.712833 0.526079 1 0.000000
0.823023 0.212914 0.549740 14 0.999770
0.211144 0.537639 0.503715 17 0.559478
0.210589 0.535911 0.496986 17 0.559478
0.216259 0.541666 0.502259 17 0.559478
0.211699 0.539366 0.510444 17 0.559478
0.206029 0.533611 0.505171 17 0.559478
0.814394 0.524810 0.452631 16 0.101312
0.801661 0.216089 0.453009 9 0.000014
0.732843 0.435312 0.461553 15 0.485334
0.733898 0.437495 0.465767 15 0.485334
0.744086 0.433310 0.459778 15 0.485334
0.731789 0.433129 0.457340 15 0.485334
0.721600 0.437314 0.463329 15 0.485334
0.366225 0.378437 0.447373 2 0.000000
0.341117 0.397159 0.447341 2 0.000000
0.404238 0.429414 0.446884 2 0.000000
0.391332 0.359715 0.447406 2 0.000000
0.328211 0.327460 0.447863 2 0.000000
0.953685 0.725074 0.546273 4 0.000000
0.945138 0.726084 0.546115 4 0.000000
0.950938 0.701629 0.544910 4 0.000000
0.962231 0.724063 0.546431 4 0.000000
0.956432 0.748518 0.547637 4 0.000000
0.970671 0.380337 0.529046 1 0.000000
0.996028 0.657559 0.485497 1 0.000000
0.019657 0.351955 0.523272 6 0.000093
0.303632 0.800548 0.479473 8 0.000000
0.233534 0.795673 0.531315 8 0.000000
0.004414 0.571152 0.511801 6 0.000000
0.811365 0.732490 0.545748 4 0.000000
0.813267 0.752473 0.544966 4 0.000000
0.754688 0.738022 0.549256 4 0.000000
0.809463 0.712506 0.546531 4 0.000000
0.868042 0.726958 0.542240 4 0.000000
0.980114 0.669375 0.544698 13 0.999975
0.942081 0.296766 0.550250 4 0.000000
0.937813 0.328327 0.551529 4 0.000000
0.929906 0.295108 0.550511 4 0.000000
0.946350 0.265204 0.548972 4 0.000000
0.954257 0.298423 0.549990 4 0.000000
0.605534 0.258969 0.458784 2 0.000000
0.988971 0.523894 0.529846 1 0.791842
0.995744 0.798326 0.481923 7 0.999828
0.207681 0.797172 0.526436 7 0.000000
0.123017 0.795066 0.534263 8 0.000004
0.017843 0.335030 0.455557 9 0.014298
0.655124 0.524652 0.446993 15 0.000000
0.997187 0.501760 0.495346 1 0.000000
0.016135 0.736003 0.534707 6 0.999997
0.011088 0.738269 0.534270 6 0.999997
0.019407 0.743496 0.535774 6 0.999997
0.021181 0.733737 0.535143 6 0.999997
0.012862 0.728510 0.533639 6 0.999997
0.365521 0.792884 0.525316 8 0.000000
0.987039 0.638494 0.525712 1 0.998833
0.018842 0.480861 0.454069 9 0.001564
0.777337 0.253890 0.450631 2 0.000000
0.315779 0.500879 0.528279 17 0.005406
0.316321 0.517151 0.529673 17 0.005406
0.315895 0.500107 0.537248 17 0.005406
0.315238 0.484608 0.526885 17 0.005406
0.315664 0.501651 0.519309 17 0.005406
0.737504 0.586531 0.498354 15 0.999471
0.752079 0.594403 0.501710 15 0.999471
0.735393 0.584842 0.511483 15 0.999471
0.722929 0.578660 0.494997 15 0.999471
0.739615 0.588221 0.485224 15 0.999471
0.992067 0.696578 0.454455 2 0.429632
0.734391 0.796606 0.452183 9 0.994895
0.041461 0.249176 0.545143 4 0.876838
0.039533 0.249233 0.545202 4 0.876838
0.041361 0.245553 0.545324 4 0.876838
0.043389 0.249120 0.545084 4 0.876838
0.041562 0.252800 0.544962 4 0.876838
0.285229 0.796930 0.534460 7 0.000000
0.262429 0.436132 0.456218 17 0.963354
0.812565 0.444382 0.457008 2 0.000038
0.746125 0.768481 0.548771 14 0.000000
0.814894 0.426113 0.537295 4 0.293564
0.956433 0.677653 0.549272 4 0.000000
0.354705 0.795809 0.529091 7 0.000000
0.014674 0.248803 0.532662 6 0.012229
0.977021 0.621569 0.542258 4 0.000000
0.437341 0.227467 0.451706 9 0.000000
0.995716 0.411352 0.495468 1 0.000000
0.487377 0.790560 0.512326 7 0.000000
0.979939 0.402545 0.546026 14 0.999983
0.991511 0.716271 0.458942 1 0.000000
0.147278 0.499405 0.483764 9 0.000000
0.148613 0.522207 0.487437 9 0.000000
0.156451 0.496455 0.498744 9 0.000000
0.145943 0.476603 0.480090 9 0.000000
0.138106 0.502356 0.468783 9 0.000000
0.732497 0.438042 0.468607 15 0.349533
0.729442 0.437958 0.465654 15 0.349533
0.730410 0.438651 0.470749 15 0.349533
0.735553 0.438125 0.471559 15 0.349533
0.734585 0.437432 0.466464 15 0.349533
0.976955 0.746762 0.541115 4 0.000000
0.972346 0.765847 0.542234 4 0.000000
0.970412 0.744978 0.544596 4 0.000000
0.981564 0.727676 0.539996 4 0.000000
0.983498 0.748546 0.537634 4 0.000000
0.954997 0.251857 0.528784 12 0.027599
0.995158 0.736857 0.521617 1 0.000000
0.988021 0.302724 0.520826 14 0.997808
0.975150 0.773843 0.546248 14 0.899075
0.971706 0.773685 0.545800 14 0.899075
0.975786 0.764721 0.544586 14 0.899075
0.978595 0.774001 0.546696 14 0.899075
0.974515 0.782965 0.547910 14 0.899075
0.995382 0.270709 0.518376 1 0.000000
0.004022 0.402436 0.494450 6 0.000001
0.684079 0.541670 0.449888 2 0.000000
0.003597 0.213079 0.452509 6 0.999796
0.003941 0.219239 0.452683 6 0.999796
0.005521 0.212927 0.454105 6 0.999796
0.003254 0.206919 0.452335 6 0.999796
0.001673 0.213231 0.450913 6 0.999796
0.003657 0.312635 0.494052 6 0.000000
0.002507 0.347698 0.487088 6 0.000000
0.004558 0.315071 0.506169 6 0.000000
0.004808 0.277572 0.501016 6 0.000000
0.002756 0.310199 0.481934 6 0.000000
0.958811 0.584853 0.548062 4 0.000000
0.695650 0.199855 0.474462 3 0.000002
0.004545 0.208151 0.527018 6 0.999400
0.005028 0.211163 0.524240 6 0.999400
0.006533 0.210188 0.529571 6 0.999400
0.004061 0.205140 0.529796 6 0.999400
0.002557 0.206115 0.524464 6 0.999400
0.387238 0.790479 0.517402 7 0.000000
0.008941 0.495446 0.458410 2 0.999992
0.522104 0.798975 0.499905 8 0.000000
0.289271 0.781377 0.457484 9 0.997597
0.982883 0.204474 0.542842 14 0.999999
0.982590 0.206351 0.541993 14 0.999999
0.987306 0.203622 0.539434 14 0.999999
0.983176 0.202597 0.543691 14 0.999999
0.978460 0.205325 0.546250 14 0.999999
0.983400 0.538700 0.541700 14 0.000000
0.184600 0.209800 0.518363 3 0.000000
0.774887 0.430698 0.455044 16 0.000001
0.883875 0.201828 0.535429 5 0.000153
0.818985 0.448754 0.547516 4 0.000000
0.001837 0.490030 0.490472 6 0.000003
0.978078 0.766865 0.543003 4 0.002398
0.572310 0.798731 0.470513 8 0.020112
0.217091 0.443981 0.476438 17 0.023683
0.221040 0.443283 0.481284 17 0.023683
0.207753 0.448186 0.484651 17 0.023683
0.213143 0.444679 0.471591 17 0.023683
0.226429 0.439776 0.468224 17 0.023683
0.994057 0.558654 0.458633 9 0.000000
0.054966 0.223739 0.548756 4 0.999989
0.055260 0.230813 0.550936 4 0.999989
0.039147 0.223938 0.550243 4 0.999989
0.054672 0.216666 0.546575 4 0.999989
0.070784 0.223541 0.547269 4 0.999989
0.355849 0.774628 0.457221 9 0.000000
0.404413 0.796920 0.523680 7 0.000000
0.245871 0.439330 0.486059 17 0.001257
0.262354 0.440033 0.492416 17 0.001257
0.241974 0.440067 0.496082 17 0.001257
0.229388 0.438626 0.479702 17 0.001257
0.249768 0.438592 0.476036 17 0.001257
0.767596 0.794780 0.455111 8 0.568503
0.216573 0.769292 0.546669 4 0.000000
0.013525 0.564439 0.484711 6 0.000000
0.260808 0.798571 0.518034 8 0.000000
0.979154 0.352726 0.541716 4 0.000571
0.216477 0.199341 0.511370 5 0.000000
0.930187 0.200156 0.454529 10 0.999996
0.447789 0.790905 0.455213 8 0.000005
0.921017 0.688791 0.552172 14 0.000000
0.903045 0.685726 0.553371 14 0.000000
0.927085 0.653582 0.553120 14 0.000000
0.938990 0.691856 0.550972 14 0.000000
0.914950 0.723999 0.551223 14 0.000000
0.833738 0.210819 0.548101 14 0.999289
0.910807 0.782913 0.545588 14 0.001341
0.996008 0.331988 0.497859 1 0.000000
0.138570 0.796863 0.454320 7 0.999775
0.020251 0.372175 0.454372 2 0.000027
0.003969 0.611736 0.528689 11 1.000000
0.696046 0.544039 0.451206 15 0.236478
0.002602 0.364398 0.458914 6 0.000000
0.984370 0.505427 0.466994 9 0.000009
0.841084 0.215509 0.548580 4 0.000000
0.003651 0.329279 0.453647 6 1.000000
0.340711 0.235908 0.551448 4 0.000000
0.084334 0.777336 0.455251 9 0.000005
0.576458 0.794528 0.533825 7 0.968254
0.972564 0.201763 0.453980 12 1.000000
0.299247 0.462344 0.492548 17 0.014090
0.306852 0.471579 0.495870 17 0.014090
0.296477 0.459942 0.505568 17 0.014090
0.291642 0.453109 0.489227 17 0.014090
0.302017 0.464746 0.479529 17 0.014090
0.782965 0.442640 0.460495 16 0.086936
0.004042 0.242585 0.515768 6 0.000605
0.003868 0.257591 0.514815 6 0.000605
0.005258 0.243152 0.524471 6 0.000605
0.004215 0.227578 0.516722 6 0.000605
0.002825 0.242018 0.507065 6 0.000605
0.996738 0.612570 0.496324 1 0.000000
0.552713 0.787544 0.458573 9 0.015520
0.051983 0.221941 0.549917 4 0.998862
0.038583 0.225529 0.550861 4 0.998862
0.050611 0.217157 0.548620 4 0.998862
0.065384 0.218353 0.548973 4 0.998862
0.053355 0.226724 0.551214 4 0.998862
0.334916 0.431381 0.448968 2 0.000000
0.977381 0.648670 0.542601 4 0.000000
0.362320 0.796132 0.464635 7 0.999898
0.209826 0.449337 0.472024 17 0.015967
0.211851 0.448756 0.479317 17 0.015967
0.199144 0.455712 0.475498 17 0.015967
0.207801 0.449918 0.464732 17 0.015967
0.220508 0.442961 0.468551 17 0.015967
0.995725 0.718442 0.518993 1 0.000000
0.182883 0.491627 0.530038 17 0.000000
0.183996 0.491275 0.522352 17 0.000000
0.188180 0.514448 0.529759 17 0.000000
0.181771 0.491980 0.537724 17 0.000000
0.177587 0.468807 0.530317 17 0.000000
0.218247 0.443469 0.503749 17 0.000040
0.235172 0.438172 0.502556 17 0.000040
0.219171 0.442831 0.519700 17 0.000040
0.201321 0.448765 0.504941 17 0.000040
0.217322 0.444106 0.487798 17 0.000040
0.336535 0.479970 0.449171 9 0.000000
0.973040 0.492240 0.544378 4 0.000000
0.918094 0.615562 0.544720 4 0.000000
0.991594 0.578456 0.458036 1 0.000000
0.964477 0.688960 0.537151 1 0.000000
0.807478 0.557671 0.547127 15 0.000000
0.186795 0.586397 0.549251 4 0.000000
0.827266 0.491455 0.548478 4 0.000001
0.169998 0.470856 0.453922 2 0.000000
0.909104 0.758241 0.548672 4 0.000000
0.887245 0.756484 0.548689 4 0.000000
0.910233 0.744187 0.548470 4 0.000000
0.930962 0.759998 0.548654 4 0.000000
0.907974 0.772295 0.548873 4 0.000000
0.976314 0.738077 0.514199 4 0.996991
0.056490 0.200135 0.498785 5 0.000000
0.037992 0.200841 0.500054 5 0.000000
0.057657 0.199862 0.515957 5 0.000000
0.074987 0.199430 0.497516 5 0.000000
0.055322 0.200409 0.481613 5 0.000000
0.997847 0.298416 0.492011 1 0.000000
1.000031 0.330477 0.490642 1 0.000000
0.997383 0.299014 0.505277 1 0.000000
0.995662 0.266356 0.493380 1 0.000000
0.998310 0.297819 0.478745 1 0.000000
0.616956 0.237967 0.451514 2 0.000000
0.783740 0.199749 0.528902 5 0.000025
0.003914 0.428940 0.519595 6 0.000000
0.694086 0.202257 0.469519 5 0.000004
0.026073 0.573737 0.453940 9 0.000000
0.249190 0.786324 0.454617 9 0.996977
0.310897 0.533229 0.537116 4 0.117250
0.311544 0.535597 0.538976 4 0.117250
0.311780 0.528621 0.542675 4 0.117250
0.310251 0.530861 0.535256 4 0.117250
0.310014 0.537836 0.531556 4 0.117250
0.812651 0.497275 0.487442 16 0.000328
0.814156 0.513218 0.491168 16 0.000328
0.814127 0.500033 0.475047 16 0.000328
0.811147 0.481333 0.483716 16 0.000328
0.811176 0.494518 0.499837 16 0.000328
0.680424 0.475684 0.529804 16 0.000003
0.690523 0.199812 0.500329 5 0.000000
0.224303 0.441941 0.500179 17 0.014278
0.237988 0.438198 0.498976 17 0.014278
0.225517 0.441335 0.515869 17 0.014278
0.210619 0.445685 0.501382 17 0.014278
0.223089 0.442548 0.484489 17 0.014278
0.920492 0.459387 0.552503 14 0.000000
0.595508 0.215486 0.451372 2 0.000001
0.971149 0.386411 0.542220 13 0.000002
0.008104 0.400655 0.453571 6 0.058335
0.975280 0.583228 0.541135 4 0.000000
0.995897 0.300049 0.521535 1 0.008377
0.706004 0.792695 0.534683 7 0.000000
0.276373 0.208883 0.539654 10 0.000007
0.482185 0.796915 0.461542 8 0.147295
0.996876 0.314948 0.502250 1 0.000000
0.996125 0.316423 0.514441 1 0.000000
0.994732 0.279278 0.506435 1 0.000000
0.997627 0.313473 0.490060 1 0.000000
0.999019 0.350618 0.498066 1 0.000000
0.984521 0.688218 0.538538 4 0.196722
0.771455 0.587375 0.551605 4 0.000000
0.983314 0.565230 0.495133 4 0.000000
0.354026 0.209933 0.468023 12 0.969791
0.282630 0.751054 0.448762 9 0.000000
0.286074 0.449774 0.477347 17 0.000013
0.298571 0.460376 0.480449 17 0.000013
0.284075 0.449518 0.486272 17 0.000013
0.273577 0.439171 0.474245 17 0.000013
0.288072 0.450029 0.468422 17 0.000013
0.920256 0.766362 0.547588 4 0.000000
0.939839 0.770709 0.547985 4 0.000000
0.917977 0.776549 0.548465 4 0.000000
0.900672 0.762015 0.547192 4 0.000000
0.922535 0.756175 0.546711 4 0.000000
0.007004 0.548519 0.459016 11 0.999441
0.526309 0.216073 0.451847 9 0.000000
0.799358 0.223916 0.468065 10 0.007991
0.922749 0.425789 0.552583 14 0.000000
0.976465 0.608905 0.541532 4 0.000001
0.217594 0.564376 0.452902 17 0.008425
0.027564 0.576338 0.453627 9 0.000000
0.977838 0.647814 0.542338 4 0.000000
0.029369 0.261527 0.531821 6 0.419963
0.018099 0.392376 0.454272 2 0.000014
0.210918 0.241359 0.548921 4 0.000000
0.615776 0.210383 0.518716 10 0.000000
0.948847 0.776411 0.511845 8 0.965253
0.947078 0.780974 0.514977 8 0.965253
0.932939 0.769312 0.513202 8 0.965253
0.950616 0.771849 0.508714 8 0.965253
0.964756 0.783511 0.510489 8 0.965253
0.993412 0.340611 0.527959 1 0.000025
0.091205 0.201346 0.540044 3 0.022431
0.002247 0.334200 0.451832 11 0.999926
0.531391 0.198515 0.527787 5 0.000000
0.000839 0.663035 0.449166 2 1.000000
0.665908 0.481993 0.549349 4 0.000003
0.200090 0.449346 0.548873 17 0.999243
0.348268 0.758910 0.455943 9 0.000000
0.932295 0.787076 0.546053 14 0.819112
0.920860 0.773885 0.546288 13 0.000002
0.896258 0.776531 0.549397 13 0.000002
0.920044 0.764928 0.547457 13 0.000002
0.945461 0.771238 0.543179 13 0.000002
0.921676 0.782842 0.545119 13 0.000002
0.404205 0.796613 0.513717 7 0.000000
0.312714 0.484148 0.462361 17 0.026392
0.314262 0.489906 0.464813 17 0.026392
0.311365 0.482637 0.466764 17 0.026392
0.311166 0.478391 0.459909 17 0.026392
0.314063 0.485660 0.457959 17 0.026392
0.718924 0.436424 0.530468 15 0.011247
0.739035 0.198719 0.528728 5 0.000000
0.313447 0.246376 0.550666 4 0.000000
0.994321 0.384470 0.522917 1 0.000000
0.677925 0.244015 0.549348 13 0.000000
0.224994 0.564547 0.452272 17 0.698194
0.174751 0.770994 0.451429 9 0.000000
0.994983 0.735459 0.515633 1 0.000000
0.996815 0.755392 0.515001 1 0.000000
0.994086 0.735755 0.522352 1 0.000000
0.993150 0.715527 0.516265 1 0.000000
0.995880 0.735164 0.508913 1 0.000000
0.018489 0.316766 0.523721 6 0.000410
0.951912 0.446552 0.517934 4 0.000167
0.335918 0.295851 0.456335 9 0.000000
0.344876 0.281672 0.448488 2 0.000000
0.971781 0.597450 0.550257 1 0.999894
0.165210 0.465566 0.452230 2 0.000000
0.950927 0.492386 0.549437 4 0.000000
0.978850 0.682323 0.542886 4 0.000000
0.957284 0.760855 0.548816 4 0.000000
0.949179 0.761647 0.548947 4 0.000000
0.956076 0.748611 0.548101 4 0.000000
0.965389 0.760063 0.548686 4 0.000000
0.958493 0.773099 0.549531 4 0.000000
0.988009 0.338743 0.538751 13 0.000110
0.963544 0.343313 0.547177 4 0.000027
0.040776 0.427218 0.454110 2 0.000000
0.995268 0.335362 0.522640 1 0.000750
0.734132 0.218114 0.548585 14 0.000000
0.004433 0.269772 0.521297 6 0.000000
0.770273 0.223783 0.547650 14 0.000000
0.511375 0.796554 0.532264 8 0.999182
0.738184 0.785351 0.526602 7 0.999985
0.725613 0.561694 0.475439 16 0.202995
0.730764 0.564075 0.475952 16 0.202995
0.724828 0.561239 0.485435 16 0.202995
0.720463 0.559312 0.474926 16 0.202995
0.726399 0.562149 0.465443 16 0.202995
0.994789 0.319328 0.516402 1 0.000000
0.112541 0.215470 0.548591 4 0.000068
0.305527 0.457826 0.549612 17 0.976369
0.409265 0.797485 0.454231 7 0.999529
0.012144 0.267105 0.468170 6 0.000050
0.276026 0.443378 0.466565 17 0.000941
0.285294 0.448505 0.467391 17 0.000941
0.274936 0.444382 0.472559 17 0.000941
0.266757 0.438251 0.465738 17 0.000941
0.277115 0.442375 0.460570 17 0.000941
0.920001 0.589834 0.456516 9 0.000000
0.912288 0.655445 0.457170 9 0.000000
0.895671 0.586984 0.455626 9 0.000000
0.927713 0.524224 0.455862 9 0.000000
0.944330 0.592685 0.457406 9 0.000000
0.026601 0.444897 0.454864 2 0.000002
0.816790 0.519450 0.548632 16 0.061361
0.863547 0.790424 0.536966 8 0.999960
0.670288 0.786072 0.547270 4 0.991559
0.005408 0.336670 0.454662 11 0.998351
0.820398 0.491004 0.545164 14 0.000001
0.004968 0.751823 0.521294 6 0.000000
0.977659 0.368132 0.542923 1 0.009503
0.007279 0.553950 0.476107 11 0.000000
0.995695 0.306049 0.515238 1 0.000000
0.045066 0.419696 0.492079 2 0.000000
0.994476 0.365826 0.497386 1 0.000000
0.971647 0.684367 0.511718 2 0.000377
0.965831 0.696876 0.519937 2 0.000377
0.965531 0.678505 0.516312 2 0.000377
0.977463 0.671858 0.503499 2 0.000377
0.977763 0.690229 0.507124 2 0.000377
0.730984 0.198224 0.522976 5 0.000000
0.856129 0.204884 0.541038 10 0.970106
0.778447 0.562261 0.451881 16 0.999981
0.994444 0.543756 0.525649 1 0.000001
0.363198 0.200852 0.523970 3 0.977435
0.980290 0.283363 0.454053 2 0.000000
0.002325 0.354157 0.452202 6 1.000000
0.978491 0.341994 0.542071 13 0.000088
0.998066 0.203169 0.527006 1 0.999998
0.182719 0.200056 0.522903 5 0.000000
0.295430 0.441551 0.457660 17 0.999836
0.343022 0.792796 0.532867 8 1.000000
0.994698 0.710429 0.524067 1 0.000000
0.033998 0.241648 0.543377 13 0.000000
0.029314 0.256253 0.542358 13 0.000000
0.025038 0.238656 0.541679 13 0.000000
0.038682 0.227044 0.544396 13 0.000000
0.042958 0.244641 0.545075 13 0.000000
0.729346 0.434834 0.541588 16 0.077656
0.729067 0.435400 0.538026 16 0.077656
0.717956 0.434976 0.542501 16 0.077656
0.729624 0.434268 0.545149 16 0.077656
0.740736 0.434692 0.540675 16 0.077656
0.834414 0.530331 0.550364 4 0.000000
0.125012 0.201330 0.549262 4 1.000000
0.006117 0.742773 0.524229 6 0.999995
0.187439 0.517645 0.483775 17 0.028771
0.186538 0.520228 0.471181 17 0.028771
0.192913 0.529700 0.485856 17 0.028771
0.188341 0.515061 0.496369 17 0.028771
0.181965 0.505589 0.481694 17 0.028771
0.973099 0.471141 0.544722 4 0.000000
0.702577 0.453325 0.468541 15 0.960655
0.701107 0.451484 0.461662 15 0.960655
0.689242 0.463480 0.468673 15 0.960655
0.704047 0.455166 0.475420 15 0.960655
0.715912 0.443170 0.468409 15 0.960655
0.056622 0.207904 0.502535 3 0.000000
0.073187 0.206603 0.506268 3 0.000000
0.052865 0.206134 0.518591 3 0.000000
0.040058 0.209205 0.498802 3 0.000000
0.060380 0.209675 0.486478 3 0.000000
0.667806 0.497776 0.551490 4 0.000000
0.509544 0.797291 0.538096 8 0.000113
0.976689 0.296474 0.541923 1 0.002061
0.811100 0.458759 0.550316 4 0.000014
0.989758 0.689849 0.495942 1 0.000000
0.992881 0.597722 0.517895 1 0.000000
0.369394 0.772726 0.454906 2 0.000000
0.980752 0.723795 0.541410 4 0.000000
0.303893 0.797863 0.531292 7 0.000000
0.003368 0.423656 0.507082 11 0.000000
0.450902 0.796943 0.450571 9 0.999801
0.744555 0.427067 0.538763 16 0.949931
0.186968 0.473554 0.459930 17 0.100551
0.996576 0.797687 0.486571 1 0.999930
0.328667 0.791743 0.529466 7 0.999997
0.004924 0.702770 0.507786 11 0.000000
0.005152 0.703016 0.517216 11 0.000000
0.002742 0.671504 0.508655 11 0.000000
0.004696 0.702524 0.498355 11 0.000000
0.007106 0.734036 0.506917 11 0.000000
0.037092 0.486126 0.454371 9 0.000001
0.754662 0.797135 0.451696 9 0.999948
0.980034 0.672200 0.487195 2 0.000001
0.752134 0.205520 0.540886 4 0.002745
0.004574 0.433994 0.458282 6 0.000011
0.057199 0.793819 0.537239 8 0.592300
0.266062 0.441733 0.476611 17 0.015797
0.277418 0.446586 0.480440 17 0.015797
0.263205 0.442066 0.484659 17 0.015797
0.254705 0.436880 0.472781 17 0.015797
0.268918 0.441400 0.468563 17 0.015797
0.279031 0.563237 0.458265 17 0.000000
0.802669 0.455130 0.461928 16 0.437321
0.807291 0.467488 0.463124 16 0.437321
0.800335 0.455626 0.465821 16 0.437321
0.798047 0.442772 0.460732 16 0.437321
0.805003 0.454634 0.458035 16 0.437321
0.681946 0.491452 0.546701 16 0.997933
0.988001 0.697246 0.523731 1 0.000000
0.982029 0.712438 0.538671 14 0.000501
0.308114 0.792171 0.520373 7 0.000097
0.977377 0.455713 0.542602 4 0.000000
0.948289 0.536415 0.490214 4 0.000097
0.944489 0.561456 0.479394 4 0.000097
0.938248 0.536686 0.494367 4 0.000097
0.952089 0.511374 0.501035 4 0.000097
0.958331 0.536145 0.486062 4 0.000097
0.985377 0.225011 0.530171 1 0.999955
0.307969 0.201166 0.529160 3 0.000000
0.022503 0.216132 0.495450 10 0.001362
0.018831 0.223711 0.494512 10 0.001362
0.025364 0.217603 0.496136 10 0.001362
0.026174 0.208554 0.496388 10 0.001362
0.019642 0.214661 0.494764 10 0.001362
0.012616 0.518322 0.454972 9 0.065937
0.996753 0.511626 0.502250 1 0.000000
0.700541 0.198976 0.532556 5 0.000000
0.816289 0.772816 0.547405 14 0.000000
0.274950 0.444236 0.492274 17 0.000001
0.289631 0.451953 0.498474 17 0.000001
0.271001 0.442771 0.503449 17 0.000001
0.260269 0.436519 0.486075 17 0.000001
0.278899 0.445701 0.481099 17 0.000001
0.020433 0.244005 0.523832 6 0.002394
0.004036 0.348554 0.453869 6 1.000000
0.987593 0.217386 0.529156 1 0.999999
0.991964 0.219166 0.529647 1 0.999999
0.990282 0.211329 0.527167 1 0.999999
0.983222 0.215607 0.528664 1 0.999999
0.984904 0.223443 0.531144 1 0.999999
0.301414 0.554895 0.451527 2 0.000000
0.530670 0.780753 0.547823 8 0.061010
0.927122 0.796706 0.531346 8 0.008375
0.696710 0.567114 0.551772 4 0.000000
0.255556 0.563123 0.495570 17 0.003096
0.239547 0.564489 0.493187 17 0.003096
0.253277 0.562529 0.510541 17 0.003096
0.271566 0.561756 0.497954 17 0.003096
0.257836 0.563716 0.480599 17 0.003096
0.713495 0.428114 0.537163 4 0.978505
0.685296 0.779457 0.544335 14 0.000000
0.029792 0.514970 0.530975 6 0.000003
0.823278 0.535256 0.549430 4 0.000000
0.977166 0.358344 0.546159 4 0.999989
0.793731 0.204056 0.453955 9 1.000000
0.978130 0.619244 0.545051 1 0.999993
0.401438 0.199977 0.524911 5 0.000000
0.012656 0.584804 0.476654 6 0.000476
0.006769 0.414335 0.455412 9 0.998233
0.988235 0.751784 0.529407 1 0.334244
0.005850 0.746049 0.520502 6 0.000001
0.002431 0.763216 0.455095 6 0.944229
0.966891 0.766340 0.542351 4 0.997525
0.962018 0.767570 0.543723 4 0.997525
0.963467 0.756638 0.538893 4 0.997525
0.971764 0.765109 0.540979 4 0.997525
0.970314 0.776041 0.545810 4 0.997525
0.361015 0.258272 0.450665 2 0.000000
0.005701 0.413461 0.457232 6 0.999981
0.012615 0.202430 0.454249 12 0.999933
0.010980 0.203973 0.455618 12 0.999933
0.015227 0.203683 0.455954 12 0.999933
0.014250 0.200886 0.452879 12 0.999933
0.010004 0.201176 0.452543 12 0.999933
0.001313 0.201828 0.476190 11 1.000000
0.828105 0.423159 0.552801 4 0.000000
0.061208 0.316996 0.544953 4 0.000000
0.060392 0.354982 0.545144 4 0.000000
0.045040 0.316653 0.544225 4 0.000000
0.062023 0.279010 0.544762 4 0.000000
0.077375 0.317340 0.545681 4 0.000000
0.984264 0.657150 0.519333 1 0.938773
0.718918 0.781888 0.528638 7 1.000000
0.184509 0.214682 0.550772 14 0.999977
0.817555 0.779145 0.547447 4 1.000000
0.816167 0.785073 0.549317 4 1.000000
0.830014 0.782047 0.547493 4 1.000000
0.818943 0.773216 0.545577 4 1.000000
0.805096 0.776242 0.547401 4 1.000000
0.364946 0.204239 0.508849 10 0.000000
0.939497 0.274823 0.550884 14 0.000000
0.929956 0.299062 0.551517 14 0.000000
0.949063 0.278590 0.550829 14 0.000000
0.949039 0.250583 0.550251 14 0.000000
0.929931 0.271056 0.550939 14 0.000000
0.946899 0.780222 0.540222 14 0.995513
0.939039 0.783336 0.544594 14 0.995513
0.944962 0.773819 0.541301 14 0.995513
0.954759 0.777108 0.535850 14 0.995513
0.948835 0.786626 0.539143 14 0.995513
0.115715 0.201287 0.535251 5 0.000020
0.000224 0.548760 0.462551 6 0.000374
0.460891 0.205952 0.455977 2 1.000000
0.002365 0.381055 0.519168 11 0.058339
0.378037 0.200800 0.535820 3 0.000000
0.694633 0.551394 0.454035 16 0.000001
0.950796 0.206515 0.541666 10 0.999998
0.791660 0.555708 0.451217 16 0.023990
0.186818 0.562615 0.447054 2 0.000000
0.716521 0.566863 0.538681 16 0.000002
0.994631 0.701698 0.519445 1 0.000000
0.822912 0.513763 0.451416 16 0.000034
0.430160 0.795170 0.539047 8 0.999036
0.218168 0.795947 0.451731 9 0.999862
0.976790 0.357989 0.542821 13 0.000002
0.994890 0.229254 0.521994 1 0.000000
0.992871 0.238728 0.519813 1 0.000000
0.995115 0.230151 0.525683 1 0.000000
0.996909 0.219779 0.524174 1 0.000000
0.994665 0.228357 0.518304 1 0.000000
0.883523 0.203313 0.453171 9 1.000000
0.993290 0.780001 0.458256 2 0.000000
0.000138 0.249620 0.454274 6 1.000000
0.234993 0.569050 0.450532 17 0.131372
0.988104 0.609006 0.468465 1 0.000000
0.003262 0.350889 0.453410 6 1.000000
0.778502 0.786503 0.527927 8 1.000000
0.974389 0.457324 0.492500 14 0.000004
0.371652 0.791053 0.528218 8 0.999998
0.208545 0.788434 0.536566 7 0.000000
0.800266 0.463749 0.481636 16 0.000013
0.802929 0.464931 0.470701 16 0.000013
0.808615 0.475421 0.484931 16 0.000013
0.797603 0.462568 0.492571 16 0.000013
0.791917 0.452077 0.478342 16 0.000013
0.261187 0.431216 0.546678 17 0.999997
0.993033 0.394097 0.454410 9 0.995427
0.002159 0.386030 0.461397 6 0.000032
0.710869 0.215418 0.548305 4 0.000000
0.957366 0.471166 0.541299 4 0.000001
0.001110 0.798183 0.495185 6 0.999994
0.212714 0.222248 0.548556 4 0.003526
0.615200 0.203479 0.540859 12 0.999998
0.233988 0.216866 0.535363 10 0.005799
0.329523 0.794890 0.529657 7 0.000000
0.993394 0.489766 0.458763 1 0.000000
0.003184 0.203446 0.490296 11 0.989516
0.298249 0.444643 0.540268 17 0.994224
0.213381 0.769272 0.548165 14 0.000000
0.218462 0.795333 0.533175 8 0.000004
0.694405 0.459711 0.450822 16 0.029259
0.885558 0.789766 0.548561 14 0.999985
0.824455 0.521691 0.550281 4 0.000000
0.006681 0.784205 0.516432 6 0.040489
0.004512 0.789708 0.516136 6 0.040489
0.007393 0.784874 0.523639 6 0.040489
0.008851 0.778702 0.516729 6 0.040489
0.005969 0.783535 0.509226 6 0.040489
0.985911 0.770258 0.538524 13 0.000390
0.988014 0.780590 0.539046 13 0.000390
0.980567 0.771098 0.543434 13 0.000390
0.983809 0.759926 0.538002 13 0.000390
0.991255 0.769419 0.533614 13 0.000390
0.006286 0.203268 0.526542 12 0.992086
0.008501 0.205348 0.525891 12 0.992086
0.007701 0.203335 0.531567 12 0.992086
0.004071 0.201188 0.527193 12 0.992086
0.004872 0.203201 0.521517 12 0.992086
0.130068 0.199486 0.544426 10 0.746762
0.997424 0.201862 0.496232 1 0.999988
0.960924 0.441185 0.547726 4 0.000008
0.313404 0.223694 0.547470 4 0.058039
0.733468 0.213641 0.528023 12 0.000001
0.209975 0.786377 0.454581 7 0.000083
0.582411 0.780801 0.521838 7 1.000000
0.981174 0.304722 0.540839 13 0.000048
0.989874 0.688354 0.516285 1 0.000000
0.984330 0.531095 0.540750 4 0.000001
0.198251 0.205571 0.537529 12 0.000000
0.726148 0.198214 0.526472 3 0.000000
0.002965 0.352469 0.452539 2 1.000000
0.946857 0.444994 0.545270 4 0.000000
0.994364 0.304583 0.523674 1 0.000004
0.004196 0.510165 0.458399 9 0.999999
0.996335 0.741480 0.524574 1 0.045095
0.290027 0.443425 0.543440 17 0.999718
0.994777 0.327004 0.526870 1 0.018988
0.149930 0.198831 0.451995 10 1.000000
0.862475 0.780271 0.544723 14 0.999999
0.999319 0.694093 0.450036 2 1.000000
0.853020 0.199381 0.457786 3 0.022706
0.965622 0.677321 0.538459 4 0.001496
0.308607 0.223726 0.453394 9 0.000009
0.981260 0.661345 0.541149 4 0.000007
0.203044 0.783954 0.547332 4 1.000000
0.013605 0.485851 0.452947 9 0.019968
0.114880 0.796016 0.458635 8 0.009354
0.866230 0.203024 0.452829 9 1.000000
0.005406 0.488048 0.516579 6 0.000000
0.317767 0.797374 0.535615 7 0.000000
0.709648 0.449069 0.482778 15 0.544270
0.710472 0.448957 0.472870 15 0.544270
0.701437 0.453865 0.482042 15 0.544270
0.708825 0.449180 0.492686 15 0.544270
0.717860 0.444272 0.483514 15 0.544270
0.824000 0.473660 0.549737 4 0.000000
0.309425 0.790879 0.536115 7 0.999999
0.021665 0.707942 0.527244 6 0.006499
0.988916 0.594696 0.458406 2 0.000000
0.210584 0.564125 0.451867 9 0.000000
0.009655 0.670048 0.511361 6 0.998011
0.007832 0.689903 0.512056 6 0.998011
0.006297 0.669488 0.518545 6 0.998011
0.011478 0.650193 0.510666 6 0.998011
0.013013 0.670608 0.504177 6 0.998011
0.176344 0.795737 0.531616 7 0.000000
0.803602 0.439282 0.453767 16 0.022399
0.993725 0.715755 0.507419 1 0.000000
0.055687 0.490780 0.535814 4 0.999997
0.199848 0.790535 0.544152 8 0.000239
0.275454 0.589826 0.449188 2 0.000000
0.702679 0.776293 0.545608 14 1.000000
0.250998 0.575391 0.451226 9 0.000000
0.997253 0.798072 0.486654 1 0.999993
0.344779 0.793559 0.533497 7 0.999995
0.597658 0.798407 0.456157 8 0.999999
0.996511 0.555703 0.504168 1 0.000000
0.130745 0.794155 0.542243 8 0.739634
0.170030 0.485496 0.532802 17 0.000054
0.808478 0.593984 0.448525 9 0.000000
0.240461 0.571225 0.471544 17 0.998074
0.233591 0.571870 0.474178 17 0.998074
0.243234 0.574575 0.477959 17 0.998074
0.247331 0.570580 0.468911 17 0.998074
0.237688 0.567875 0.465130 17 0.998074
0.982051 0.202130 0.455548 10 1.000000
0.989343 0.201809 0.456993 10 1.000000
0.981671 0.203372 0.457739 10 1.000000
0.974759 0.202452 0.454102 10 1.000000
0.982431 0.200889 0.453356 10 1.000000
0.995473 0.566006 0.527182 1 0.999993
0.172956 0.530937 0.450529 9 0.000000
0.890023 0.200070 0.452901 10 1.000000
0.989372 0.515698 0.468533 9 0.004099
0.986580 0.368188 0.536242 1 0.000250
0.920127 0.796864 0.543824 8 0.999811
0.977279 0.790323 0.543481 14 0.998839
0.968959 0.790657 0.547063 14 0.998839
0.976614 0.786814 0.542263 14 0.998839
0.985599 0.789990 0.539900 14 0.998839
0.977944 0.793833 0.544699 14 0.998839
0.006415 0.324269 0.517875 11 0.999998
0.004933 0.352209 0.510046 11 0.000000
0.798222 0.442728 0.454341 16 0.999078
0.787023 0.556497 0.459677 16 0.000080
0.431269 0.785198 0.524631 7 0.999997
0.332936 0.471833 0.449002 2 0.000000
0.977323 0.394406 0.547127 13 0.999998
0.994145 0.706309 0.527926 1 0.000007
0.367781 0.786503 0.528091 8 1.000000
0.906893 0.202789 0.546003 3 0.999997
0.733993 0.795999 0.544432 8 1.000000
0.219018 0.561659 0.464387 17 0.000000
0.229158 0.566765 0.462761 17 0.000000
0.220312 0.560961 0.470265 17 0.000000
0.208878 0.556553 0.466013 17 0.000000
0.217724 0.562357 0.458510 17 0.000000
0.932821 0.788013 0.543785 14 0.420832
0.808071 0.551147 0.470223 16 0.030006
0.346018 0.798687 0.467557 8 0.000105
0.819533 0.463769 0.460829 15 0.998058
0.159017 0.792977 0.535363 7 0.999243
0.795115 0.787743 0.545392 4 0.000000
0.561481 0.219814 0.543592 14 0.999999
0.981313 0.425378 0.542231 4 0.000042
0.203906 0.201052 0.531640 10 0.000000
0.891453 0.200703 0.453474 10 1.000000
0.346284 0.795513 0.542398 8 0.998201
0.343632 0.219290 0.452609 9 0.000000
0.184291 0.498953 0.517258 17 0.013824
0.184556 0.497754 0.505924 17 0.013824
0.192982 0.523603 0.514855 17 0.013824
0.184026 0.500151 0.528592 17 0.013824
0.175600 0.474302 0.519661 17 0.013824
0.497050 0.503772 0.453650 9 0.000000
0.502670 0.515842 0.454414 9 0.000000
0.510224 0.497689 0.452853 9 0.000000
0.491431 0.491703 0.452886 9 0.000000
0.483876 0.509856 0.454447 9 0.000000
0.995787 0.311969 0.511896 1 0.000000
0.007780 0.731319 0.525656 11 0.999985
0.960608 0.208371 0.538420 3 1.000000
0.213059 0.447848 0.512113 17 0.999920
0.219489 0.446534 0.508592 17 0.999920
0.217781 0.446239 0.521338 17 0.999920
0.206629 0.449163 0.515634 17 0.999920
0.208337 0.449458 0.502888 17 0.999920
0.749295 0.425033 0.545122 16 0.998224
0.821342 0.788278 0.544421 4 0.000000
0.995909 0.733282 0.522424 1 0.000002
0.006207 0.355291 0.518988 6 0.999601
0.830675 0.205407 0.547963 14 0.991980
0.003792 0.207225 0.454221 6 1.000000
0.003103 0.210347 0.452526 6 1.000000
0.006069 0.208633 0.455887 6 1.000000
0.004481 0.204104 0.455915 6 1.000000
0.001514 0.205818 0.452554 6 1.000000
0.997419 0.800470 0.480527 8 1.000000
0.040326 0.225553 0.547261 4 0.987080
0.004206 0.412603 0.516333 6 0.000001
0.766372 0.198713 0.530200 5 0.000000
0.217751 0.440399 0.523504 17 1.000000
0.822388 0.475111 0.540323 4 0.000580
0.004889 0.495057 0.458604 6 0.999992
0.000409 0.494267 0.453013 6 1.000000
0.289599 0.792086 0.530046 8 0.999999
0.268238 0.580767 0.455801 9 0.000000
0.170685 0.559608 0.454986 2 0.000000
0.222100 0.574312 0.462617 9 0.000001
0.180173 0.793126 0.537812 8 0.999994
0.249839 0.210017 0.467621 3 1.000000
0.995360 0.254792 0.527276 1 0.323013
0.974597 0.727565 0.541961 4 0.000000
0.967071 0.726891 0.545770 4 0.000000
0.977202 0.702414 0.542654 4 0.000000
0.982122 0.728240 0.538151 4 0.000000
0.971991 0.752716 0.541268 4 0.000000
0.997520 0.340404 0.507582 1 0.000000
0.225197 0.567750 0.547695 17 0.668418
0.984243 0.725966 0.519060 1 0.002237
0.253859 0.200596 0.519584 5 0.000000
-0.007952 0.241964 0.450864 6 1.000000
0.978599 0.265851 0.547295 1 0.999999
0.997797 0.798867 0.492370 7 1.000000
0.973944 0.709719 0.543485 4 0.000000
0.003419 0.398460 0.516756 6 0.000001
0.987840 0.219100 0.530065 1 0.999999
0.988976 0.221835 0.529735 1 0.999999
0.992947 0.216883 0.529286 1 0.999999
0.986703 0.216364 0.530395 1 0.999999
0.982733 0.221316 0.530844 1 0.999999
0.769064 0.206687 0.531265 3 0.000000
0.760335 0.205228 0.542148 5 0.999421
0.222476 0.568841 0.536525 17 0.000449
0.229041 0.571343 0.536942 17 0.000449
0.223416 0.566271 0.537156 17 0.000449
0.215911 0.566340 0.536108 17 0.000449
0.221537 0.571412 0.535894 17 0.000449
0.807129 0.442819 0.543621 4 0.000046
0.044417 0.615162 0.535519 14 0.999732
0.322776 0.502111 0.451346 17 0.000001
0.909917 0.787675 0.545868 14 0.999307
0.772991 0.198555 0.528796 5 0.000000
0.986601 0.216292 0.531109 1 1.000000
0.982253 0.222545 0.532713 1 1.000000
0.989522 0.218368 0.530931 1 1.000000
0.990950 0.210038 0.529506 1 1.000000
0.983681 0.214215 0.531288 1 1.000000
0.400576 0.786498 0.526653 8 0.999971
0.980027 0.681639 0.542766 4 0.000000
0.004592 0.408797 0.525160 6 0.000016
0.004376 0.318820 0.515923 6 0.000000
0.785665 0.559827 0.450638 15 0.615385
0.745263 0.418420 0.548137 4 0.000000
0.994337 0.603603 0.505990 1 0.000000
0.995114 0.633846 0.500741 1 0.000000
0.995234 0.605364 0.516265 1 0.000000
0.993561 0.573361 0.511238 1 0.000000
0.993440 0.601843 0.495714 1 0.000000
0.995418 0.431107 0.523177 1 0.000000
0.198159 0.442392 0.547058 13 0.797410
0.008070 0.753476 0.526723 6 1.000000
0.006707 0.763473 0.525008 6 1.000000
0.011463 0.754623 0.530714 6 1.000000
0.009434 0.743478 0.528437 6 1.000000
0.004678 0.752328 0.522731 6 1.000000
0.003204 0.306241 0.453236 6 1.000000
0.293504 0.564079 0.546584 4 0.999991
0.044504 0.203693 0.451637 9 1.000000
0.326345 0.594989 0.448666 9 0.000000
0.794362 0.561219 0.456345 16 0.000001
0.250790 0.572500 0.457767 17 0.000000
0.675012 0.526774 0.547336 4 0.000000
0.272418 0.199564 0.523036 5 0.000000
0.844124 0.203397 0.452649 9 1.000000
0.004074 0.260566 0.454303 6 1.000000
0.844273 0.792198 0.532610 8 0.330794
0.998526 0.797802 0.487712 1 1.000000
0.314220 0.556039 0.451323 2 0.000000
0.003644 0.495554 0.456592 11 0.210445
0.959766 0.739003 0.546687 4 0.000000
0.953198 0.739796 0.546223 4 0.000000
0.957469 0.719372 0.545614 4 0.000000
0.966333 0.738209 0.547152 4 0.000000
0.962062 0.758633 0.547761 4 0.000000
0.002499 0.333534 0.452648 11 0.998764
0.998020 0.741694 0.450702 2 1.000000
0.196729 0.201175 0.454749 10 1.000000
0.190703 0.781631 0.547905 4 0.999733
0.798526 0.209307 0.545265 14 0.999993
0.033339 0.555651 0.454260 9 0.000000
0.007537 0.573038 0.458424 9 1.000000
0.997523 0.429947 0.496909 1 0.000000
0.785152 0.557394 0.462854 16 0.000372
0.036140 0.501278 0.453467 9 0.000000
0.003046 0.638266 0.453057 9 1.000000
0.197811 0.460405 0.463430 17 0.000573
1.000437 0.701838 0.450931 1 1.000000
0.852917 0.777218 0.545850 4 1.000000
0.557127 0.475084 0.450816 2 0.000000
0.585629 0.531232 0.450547 2 0.000000
0.586168 0.460336 0.449544 2 0.000000
0.528624 0.418936 0.451085 2 0.000000
0.528086 0.489832 0.452087 2 0.000000
0.977733 0.412149 0.537008 4 0.000168
0.293367 0.560579 0.448957 2 0.000000
0.687054 0.533072 0.451311 15 0.191125
0.004243 0.372631 0.494190 6 0.000000
0.092364 0.800504 0.457503 8 0.999979
0.108679 0.791607 0.533841 7 0.999998
0.995093 0.544694 0.518409 1 0.000000
0.184232 0.203149 0.546352 3 1.000000
0.004138 0.695253 0.451704 9 0.999997
0.004705 0.333185 0.452058 6 0.990547
0.006830 0.411376 0.519046 11 0.001193
0.915084 0.201678 0.455572 10 1.000000
0.018026 0.423252 0.454540 9 0.000339
0.010613 0.639269 0.528271 11 0.024792
0.005015 0.395371 0.527749 6 0.999956
0.181454 0.522831 0.447240 17 0.000000
0.216829 0.784291 0.549059 4 1.000000
0.003460 0.348510 0.452882 9 1.000000
0.310918 0.436149 0.544198 4 0.131061
0.001318 0.701304 0.454012 6 0.999999
0.289705 0.794029 0.541366 8 0.999997
0.292111 0.550032 0.539888 17 0.999956
0.193659 0.563207 0.448499 2 0.000000
0.557621 0.799021 0.451384 9 0.999997
0.234306 0.784904 0.546813 4 1.000000
0.996403 0.569237 0.529399 4 0.999999
0.539486 0.798838 0.461687 8 0.029048
0.989927 0.551305 0.453844 1 0.000147
0.862781 0.202014 0.455306 12 0.999998
0.312873 0.555258 0.449568 9 0.000000
0.639542 0.220828 0.545714 4 0.999987
0.040880 0.601551 0.521869 6 0.997040
0.778409 0.433586 0.544945 16 0.998704
0.003740 0.525718 0.524185 6 0.973636
0.981577 0.400369 0.536657 1 0.000010
0.143198 0.788670 0.458776 7 0.000612
0.002802 0.665250 0.453222 6 1.000000
0.015032 0.456751 0.552215 13 1.000000
0.314119 0.487352 0.452828 17 0.999766
0.973299 0.788131 0.547824 14 0.999846
0.004070 0.633066 0.525330 6 0.992435
0.838428 0.788231 0.530189 7 0.001320
0.770520 0.209838 0.546886 14 0.999999
0.343449 0.788776 0.525225 7 0.999993
0.004620 0.359001 0.493237 6 0.000000
0.120971 0.204317 0.541835 10 0.000000
0.006217 0.708698 0.521914 6 0.000163
0.008680 0.748794 0.527775 11 0.999945
0.004831 0.467883 0.517018 11 0.998016
0.770849 0.566921 0.460097 16 0.000001
0.963597 0.769687 0.535302 4 1.000000
0.958414 0.775691 0.540666 4 1.000000
0.953370 0.761878 0.534162 4 1.000000
0.968779 0.763683 0.529938 4 1.000000
0.973824 0.777495 0.536442 4 1.000000
0.014809 0.630333 0.528739 11 0.582244
0.614334 0.788056 0.543090 7 0.000045
0.395386 0.221192 0.451438 9 0.000025
0.276136 0.203740 0.457005 3 1.000000
0.980609 0.404913 0.538780 4 0.000023
0.997496 0.798113 0.490886 1 1.000000
0.313417 0.559941 0.449436 2 0.000000
0.243752 0.792024 0.537001 8 0.999998
0.004070 0.749806 0.527617 6 1.000000
0.172650 0.527903 0.452216 2 0.000000
0.404792 0.797940 0.451838 9 1.000000
0.699150 0.781745 0.525431 7 1.000000
0.767285 0.786411 0.549418 4 1.000000
0.756814 0.216577 0.451557 2 0.002408
0.188534 0.795483 0.452172 7 0.999998
0.982791 0.388470 0.537004 13 0.000043
0.004708 0.662204 0.520749 6 0.252602
0.140854 0.202979 0.542062 3 1.000000
0.696405 0.555288 0.450430 2 0.002699
0.004186 0.352369 0.520934 6 0.000048
0.003607 0.543257 0.520629 6 0.223479
0.927091 0.203599 0.544697 3 0.999999
0.808393 0.784402 0.530733 8 0.999948
0.346286 0.215941 0.541009 4 0.999988
0.389627 0.212806 0.543614 14 1.000000
0.988881 0.246224 0.522687 1 0.000001
0.747288 0.572977 0.456722 16 0.000001
0.692323 0.797190 0.543752 8 1.000000
0.914520 0.202758 0.545323 10 0.974511
0.768331 0.785250 0.549422 4 1.000000
0.389401 0.212707 0.519408 10 0.000000
0.983984 0.381253 0.537204 13 0.000435
0.519470 0.796440 0.452514 9 0.999998
0.371844 0.782372 0.549570 4 1.000000
0.984656 0.579631 0.454483 1 0.000000
0.996684 0.204654 0.499583 1 0.999974
0.003333 0.206019 0.454696 6 0.999999
0.003353 0.210148 0.454298 6 0.999999
0.005754 0.206254 0.457258 6 0.999999
0.003312 0.201889 0.455095 6 0.999999
0.000911 0.205784 0.452135 6 0.999999
0.003927 0.678613 0.524740 6 0.334812
0.978877 0.545298 0.542980 1 0.999953
0.993867 0.500176 0.524858 1 0.000000
0.992825 0.201664 0.520104 3 0.999966
0.921904 0.792381 0.536982 7 0.999978
0.242119 0.793516 0.461970 7 0.392133
0.359826 0.206289 0.458496 3 1.000000
0.043627 0.211444 0.536046 12 0.000000
0.055508 0.211096 0.535850 12 0.000000
0.043661 0.209816 0.541060 12 0.000000
0.031745 0.211792 0.536241 12 0.000000
0.043592 0.213072 0.531032 12 0.000000
0.987404 0.482983 0.453889 1 0.000000
0.025098 0.514817 0.544142 11 0.974632
0.337386 0.204784 0.456418 5 0.996835
0.268030 0.781259 0.546789 4 0.999853
0.779762 0.797111 0.453571 9 0.991900
0.060232 0.799640 0.545548 7 0.999999
0.722677 0.564708 0.529128 15 0.738163
0.719783 0.563620 0.529800 15 0.738163
0.721939 0.562313 0.522072 15 0.738163
0.725572 0.565796 0.528456 15 0.738163
0.723415 0.567104 0.536184 15 0.738163
0.004729 0.641784 0.450486 9 0.999999
0.005802 0.706231 0.524344 6 0.000107
0.780805 0.782577 0.530960 8 0.999984
0.706251 0.787442 0.548530 14 1.000000
0.199198 0.203238 0.456772 12 1.000000
0.004027 0.244470 0.453474 6 1.000000
0.851175 0.787736 0.537692 14 0.929693
0.027450 0.352945 0.547288 13 0.994938
0.637043 0.786187 0.526540 8 1.000000
0.359870 0.789795 0.529627 7 1.000000
0.006710 0.297334 0.525364 6 0.000000
0.006548 0.372021 0.456840 2 0.019669
0.987215 0.323005 0.456950 1 0.000068
0.485423 0.789384 0.546722 7 0.993188
0.266377 0.204614 0.457678 2 1.000000
0.504795 0.791929 0.527313 8 1.000000
0.791344 0.440641 0.551424 16 0.486980
0.394808 0.784958 0.525384 7 1.000000
0.301920 0.204548 0.456664 3 1.000000
0.996073 0.208353 0.492794 1 0.999913
0.005240 0.338368 0.520329 6 0.000308
0.002711 0.266284 0.514972 11 0.988063
0.002973 0.388867 0.461629 6 0.000008
0.217112 0.208093 0.541173 3 0.978470
0.219887 0.200151 0.542177 10 0.958396
0.001134 0.345318 0.452205 6 1.000000
0.008839 0.351222 0.526174 11 0.000000
0.997181 0.766836 0.452150 1 1.000000
0.978137 0.481243 0.545607 1 1.000000
0.632024 0.787634 0.525968 7 1.000000
0.012331 0.402391 0.524992 11 0.999975
0.232171 0.790888 0.537112 8 0.999999
0.586132 0.779111 0.542998 14 0.999977
0.501042 0.204968 0.454140 9 1.000000
0.985530 0.349253 0.541472 4 0.000372
0.734345 0.801180 0.542090 7 0.999998
0.009580 0.655315 0.520227 11 0.002476
0.453074 0.794145 0.469065 7 0.999997
0.270047 0.796428 0.543265 8 0.999988
0.994350 0.510782 0.527072 1 0.000000
0.202146 0.205202 0.543731 12 0.000000
0.982715 0.469376 0.544339 1 1.000000
0.998310 0.466830 0.451698 1 0.999735
0.160712 0.209032 0.545115 4 0.001174
0.994959 0.495286 0.524808 1 0.001095
0.755473 0.794651 0.544995 8 0.995439
0.872588 0.203531 0.454234 2 1.000000
0.728618 0.428670 0.541823 4 0.001141
0.989050 0.671567 0.532413 4 0.000007
0.280111 0.791394 0.540845 8 0.999997
0.641529 0.213267 0.544228 14 1.000000
0.256034 0.792274 0.535177 7 1.000000
0.006095 0.588629 0.520738 6 0.000002
0.003305 0.506730 0.520927 6 0.000002
0.265926 0.203712 0.460226 5 1.000000
0.006530 0.495452 0.523272 11 0.000010
0.467763 0.789348 0.456049 2 0.994078
0.268377 0.430898 0.547992 17 0.999135
0.992476 0.314237 0.531853 4 0.999985
0.019974 0.515057 0.548365 13 0.999999
0.010485 0.641998 0.516620 6 0.000000
0.121407 0.202668 0.543733 3 0.999990
0.587394 0.783258 0.524993 8 1.000000
0.535095 0.799068 0.456378 7 0.548952
0.711116 0.200066 0.542829 3 0.000000
0.418632 0.788328 0.523660 8 1.000000
0.718995 0.205222 0.458518 12 1.000000
0.981519 0.386522 0.535480 1 0.000018
0.018072 0.617753 0.518906 6 0.994522
0.841108 0.785850 0.535968 8 0.999959
0.590797 0.782423 0.522272 7 1.000000
0.004899 0.423029 0.459663 6 0.000024
0.012410 0.606252 0.521603 11 0.999844
0.995090 0.316002 0.452689 1 1.000000
0.098792 0.793447 0.532398 7 0.994632
0.325605 0.496124 0.450415 17 0.000000
0.476981 0.799482 0.542296 7 0.998819
0.781959 0.200862 0.541896 5 0.000000
0.002139 0.656532 0.526811 6 0.999936
0.265274 0.202381 0.458311 3 1.000000
0.003971 0.342012 0.453893 6 1.000000
0.997081 0.691180 0.524112 1 0.999944
0.902308 0.199877 0.545844 3 0.999999
0.058288 0.201813 0.547464 10 1.000000
0.299912 0.546698 0.547237 17 0.999669
0.971028 0.206874 0.542103 5 0.999487
0.661910 0.782548 0.548410 4 1.000000
0.002710 0.368390 0.452916 2 1.000000
0.269742 0.205535 0.458203 3 1.000000
0.493080 0.203664 0.543043 10 1.000000
0.842447 0.199063 0.454953 10 1.000000
0.211029 0.208429 0.455199 2 1.000000
0.984353 0.383733 0.538969 4 0.000006
-0.001197 0.207507 0.524601 6 0.999992
0.001456 0.214569 0.524021 6 0.999992
-0.000499 0.207542 0.528229 6 0.999992
-0.003850 0.200445 0.525180 6 0.999992
-0.001895 0.207471 0.520972 6 0.999992
0.183430 0.448988 0.535652 13 0.000014
0.317023 0.532111 0.452164 2 0.000000
0.991244 0.549295 0.540382 4 1.000000
0.978668 0.293087 0.544795 4 1.000000
0.254526 0.204227 0.457629 10 1.000000
0.738172 0.204787 0.463293 10 0.991068
0.786829 0.781720 0.529052 7 0.003682
0.307209 0.540585 0.450349 17 0.358241
0.008774 0.625575 0.518345 6 0.190390
0.256020 0.793182 0.534800 7 1.000000
0.002936 0.473292 0.453561 6 1.000000
0.314369 0.213293 0.454728 2 0.000027
0.002882 0.248859 0.451630 11 0.999973
0.757658 0.211183 0.542208 4 0.148010
0.246144 0.568283 0.549847 17 0.999751
0.817758 0.795736 0.542283 7 1.000000
0.980866 0.607232 0.546039 1 1.000000
0.993565 0.456669 0.529874 4 1.000000
0.695713 0.782667 0.525835 8 1.000000
0.914386 0.797224 0.545013 8 1.000000
0.731753 0.784675 0.541366 4 1.000000
0.270179 0.786258 0.542336 8 1.000000
0.002485 0.341004 0.452075 9 1.000000
0.001776 0.332042 0.452921 11 0.999986
0.721287 0.795009 0.541586 7 1.000000
0.991138 0.712952 0.521980 1 0.009279
0.765658 0.427506 0.542027 16 0.000028
0.133236 0.219587 0.549448 14 0.022449
0.925330 0.789539 0.538463 8 0.998631
0.727125 0.205853 0.535306 12 0.999996
0.996800 0.397558 0.525363 2 0.999933
0.751828 0.199656 0.545035 3 1.000000
0.002649 0.352924 0.453032 6 1.000000
0.003455 0.396106 0.455490 6 1.000000
0.878110 0.202603 0.458823 12 1.000000
0.003044 0.585041 0.522445 6 0.323712
0.013616 0.720585 0.527919 11 0.999932
0.148373 0.201765 0.542706 12 0.016861
0.003837 0.402653 0.448745 9 1.000000
0.016975 0.315132 0.532402 11 0.987331
0.011741 0.690005 0.532366 11 0.326050
0.988172 0.698174 0.541657 1 0.999997
0.003568 0.540847 0.454976 6 1.000000
0.882269 0.202496 0.453362 3 1.000000
0.980115 0.778383 0.546494 4 0.999527
0.199616 0.219423 0.548675 4 0.000554
0.983111 0.228612 0.544559 4 0.999971
0.984654 0.234916 0.542463 4 0.999971
0.982430 0.229525 0.546804 4 0.999971
0.981569 0.222308 0.546654 4 0.999971
0.983792 0.227699 0.542314 4 0.999971
0.282646 0.792559 0.534555 7 0.999995
0.754140 0.787236 0.533768 7 0.031218
0.795770 0.447996 0.457894 16 0.001003
0.773950 0.798232 0.452135 8 0.999951
0.978608 0.257949 0.547912 1 1.000000
0.991867 0.285646 0.530137 1 0.999982
0.835459 0.784375 0.529879 7 0.994671
0.262530 0.793264 0.537213 7 0.999992
0.046304 0.218569 0.548354 14 0.999996
0.211472 0.208082 0.463788 10 1.000000
0.006493 0.484582 0.516674 6 1.000000
0.596464 0.785126 0.525839 8 1.000000
0.353365 0.786867 0.528834 8 1.000000
0.248524 0.793358 0.535805 7 1.000000
0.003511 0.381642 0.454655 6 1.000000
0.209621 0.793470 0.535462 8 0.998776
0.999057 0.681738 0.450864 2 1.000000
0.888668 0.202467 0.454312 10 1.000000
0.230659 0.793708 0.531742 7 0.999990
0.003084 0.529976 0.455359 6 1.000000
0.787357 0.201574 0.459442 12 0.836156
0.193830 0.793253 0.450649 9 0.999979
0.003220 0.354943 0.452568 6 1.000000
0.354510 0.206113 0.467106 12 1.000000
0.769148 0.800134 0.548887 8 1.000000
0.598011 0.783739 0.526367 7 1.000000
0.757179 0.208297 0.536425 10 0.999926
0.003795 0.381949 0.453625 6 1.000000
0.678172 0.208249 0.537284 10 0.999564
0.770776 0.199887 0.461575 3 0.058737
0.000779 0.556616 0.454121 9 0.999890
0.996439 0.728254 0.451906 1 1.000000
0.058597 0.795613 0.540052 8 0.987624
0.229782 0.435606 0.532225 17 0.999998
0.003232 0.586102 0.454446 11 1.000000
0.997999 0.423099 0.525629 9 0.999997
0.002136 0.664670 0.452510 6 1.000000
0.363046 0.211287 0.466047 12 1.000000
0.244549 0.793129 0.533679 8 0.999992
0.288417 0.213681 0.543275 4 0.999996
0.682595 0.201063 0.457588 3 0.999988
0.773368 0.202514 0.453099 10 1.000000
0.693530 0.218917 0.451684 9 0.000029
0.005424 0.592063 0.460883 6 0.000321
0.791954 0.203121 0.459625 3 1.000000
0.974086 0.527920 0.543472 14 0.999973
0.705743 0.799049 0.546536 8 1.000000
0.612556 0.779154 0.546025 4 0.999989
0.593815 0.797904 0.543763 8 1.000000
0.002479 0.561277 0.454279 6 1.000000
0.329261 0.788539 0.535279 7 0.999990
0.254747 0.203731 0.458203 10 1.000000
0.405040 0.204365 0.454646 12 1.000000
0.562669 0.214410 0.451504 9 0.001355
0.256968 0.199790 0.453718 3 1.000000
0.004505 0.720521 0.524844 6 0.196548
0.791424 0.790390 0.537195 7 0.995994
0.887160 0.203414 0.454473 3 1.000000
0.119966 0.797252 0.543331 8 0.500549
-0.000455 0.706644 0.526829 6 0.999989
0.109095 0.799425 0.547639 7 1.000000
0.180350 0.518842 0.450573 2 0.000002
0.280659 0.200769 0.453395 3 1.000000
0.360877 0.797405 0.543446 8 0.999998
0.089691 0.796256 0.540310 8 0.886959
0.001884 0.643136 0.452925 6 1.000000
0.506771 0.789935 0.549669 4 1.000000
0.002340 0.326509 0.455166 6 0.057059
0.264035 0.204237 0.542574 12 0.000028
0.406896 0.206578 0.456889 12 1.000000
0.260620 0.204485 0.457273 10 1.000000
0.004831 0.497297 0.455795 2 1.000000
0.907422 0.204255 0.546014 12 0.085410
0.168312 0.796483 0.450552 9 1.000000
0.189809 0.553080 0.453404 9 0.000005
0.094498 0.202480 0.547897 3 1.000000
0.002892 0.507777 0.529134 6 1.000000
0.002614 0.433154 0.527669 11 0.999034
0.513138 0.201899 0.542579 3 1.000000
0.273530 0.211518 0.546542 10 0.999999
0.010979 0.498307 0.455711 11 0.990804
0.007137 0.492810 0.455607 9 0.995120
0.002871 0.620127 0.525733 6 0.993149
0.852488 0.202845 0.454433 9 1.000000
0.274629 0.790758 0.536050 8 0.999971
0.287862 0.205503 0.457864 10 1.000000
0.298180 0.205278 0.545763 14 1.000000
0.518844 0.208063 0.457135 9 1.000000
0.258937 0.205621 0.464659 3 0.706251
0.973439 0.485461 0.454809 2 0.000000
0.799395 0.203821 0.463086 10 1.000000
0.004012 0.355392 0.454316 6 1.000000
0.985596 0.514030 0.452884 1 0.000000
0.810372 0.201658 0.454080 10 1.000000
0.979258 0.750815 0.549041 1 0.999995
0.837506 0.796465 0.544922 8 1.000000
0.981735 0.439093 0.542695 1 0.999990
0.238636 0.204116 0.458986 12 1.000000
0.216447 0.794887 0.544861 8 1.000000
0.117177 0.203578 0.456402 10 1.000000
0.326858 0.205771 0.458393 10 1.000000
0.268573 0.204733 0.457574 10 1.000000
0.726092 0.786020 0.547064 14 1.000000
0.264410 0.790763 0.539911 8 1.000000
0.755703 0.206633 0.452322 9 1.000000
0.014903 0.650769 0.510730 6 0.000187
0.924076 0.790098 0.546627 14 0.999999
0.851363 0.202472 0.453725 2 1.000000
0.255042 0.204202 0.457243 3 1.000000
0.267641 0.205564 0.460810 12 1.000000
0.389383 0.211727 0.544059 14 0.599171
0.010626 0.560596 0.459201 9 0.999998
0.004426 0.293211 0.458548 6 1.000000
0.008004 0.349855 0.458108 6 0.000023
0.003296 0.364366 0.452261 9 1.000000
0.002964 0.365117 0.453521 9 1.000000
0.685436 0.206591 0.453161 9 0.027154
0.357460 0.202869 0.456777 12 1.000000
0.251577 0.204286 0.457584 12 1.000000
0.004104 0.631042 0.514612 11 0.000084
0.981825 0.391738 0.541703 13 0.999985
0.777704 0.795229 0.543777 7 1.000000
0.374499 0.205272 0.456873 12 1.000000
0.172625 0.211388 0.551861 4 0.999669
0.306614 0.204944 0.457009 3 1.000000
0.184987 0.201962 0.546311 3 1.000000
0.307621 0.208129 0.465503 5 1.000000
0.251781 0.791009 0.537442 8 1.000000
0.331140 0.204517 0.464306 12 0.006629
0.412932 0.257415 0.453800 9 0.000000
0.850721 0.207854 0.547019 12 0.999927
0.388414 0.203839 0.471370 5 0.000000
0.381994 0.206168 0.462306 3 0.937355
0.224899 0.200649 0.465906 3 0.147544
0.006493 0.469029 0.520527 11 1.000000
0.770999 0.208003 0.535582 10 0.999998
0.262859 0.204121 0.465536 3 1.000000
0.251061 0.200006 0.455908 5 0.995890
0.997215 0.799443 0.491873 8 1.000000
0.005911 0.676136 0.520350 6 0.001020
0.024888 0.570538 0.453965 9 0.000000
0.747785 0.199863 0.531576 5 0.000000
0.843093 0.789004 0.546951 14 0.981918
0.604934 0.798643 0.545418 8 1.000000
0.018693 0.326754 0.536446 11 0.999994
0.027202 0.491824 0.548869 14 0.999958
0.469805 0.201310 0.543727 10 1.000000
0.251274 0.202445 0.466897 5 0.347849
0.451551 0.202802 0.466034 10 1.000000
0.394502 0.200335 0.463284 5 0.000000
0.595463 0.206640 0.540375 14 0.999998
0.846131 0.201889 0.455126 3 1.000000
0.615766 0.207442 0.461988 10 1.000000
0.231183 0.199481 0.474756 5 0.000000
0.281370 0.572094 0.451132 17 0.999396
0.183864 0.205732 0.457189 9 1.000000
0.156012 0.799181 0.449282 8 1.000000
0.000697 0.419817 0.464469 11 0.999966
0.245058 0.215792 0.452723 9 0.000047
0.996769 0.525155 0.453982 1 1.000000
0.637863 0.213087 0.453876 2 0.996566
0.251432 0.207446 0.463325 3 1.000000
0.006557 0.344294 0.454646 6 0.999999
0.251409 0.205852 0.461183 12 0.999998
0.004336 0.641571 0.521377 6 0.314089
0.822988 0.204830 0.547943 3 0.918552
0.697772 0.795718 0.451360 9 1.000000
0.334176 0.204210 0.456783 3 1.000000
0.313137 0.204232 0.539714 10 0.999998
0.009959 0.651323 0.519108 6 0.999999
-0.000297 0.335827 0.452775 6 1.000000
0.630980 0.219934 0.453075 9 0.000004
0.610534 0.200163 0.488509 5 0.000000
0.011496 0.456460 0.456019 2 0.149974
0.849590 0.203763 0.455937 10 1.000000
0.261559 0.796206 0.451952 9 1.000000
0.809201 0.205398 0.453600 9 1.000000
0.003503 0.358957 0.454625 11 1.000000
0.703124 0.208290 0.454254 9 1.000000
0.005309 0.246476 0.514445 11 1.000000
0.020205 0.501955 0.546915 4 0.999999
0.003081 0.563292 0.454791 6 0.999999
0.407774 0.799070 0.545630 8 1.000000
0.983191 0.378331 0.538969 4 0.101872
0.254342 0.204386 0.456581 5 1.000000
0.288946 0.204432 0.456330 3 1.000000
0.220380 0.790587 0.541567 8 0.999927
0.333449 0.199871 0.469499 5 0.000002
0.393451 0.200750 0.501759 3 0.000000
0.335693 0.198768 0.461975 3 0.082720
0.244508 0.204789 0.540824 3 1.000000
0.517943 0.210019 0.463094 10 1.000000
0.687061 0.203500 0.456512 10 1.000000
0.519807 0.200978 0.467000 3 0.000074
0.291927 0.199540 0.479256 5 0.000000
0.786289 0.202986 0.545523 10 1.000000
0.629824 0.204378 0.459804 5 0.999999
0.792856 0.200951 0.453226 2 1.000000
0.106565 0.206284 0.545131 10 0.011767
0.166683 0.796953 0.451881 8 1.000000
0.997379 0.749372 0.452315 2 1.000000
0.337450 0.205439 0.456902 3 1.000000
0.103169 0.229356 0.551960 4 0.260339
0.153828 0.199759 0.543092 5 1.000000
0.301283 0.204461 0.458214 3 1.000000
0.807167 0.785192 0.547915 4 1.000000
0.709620 0.785517 0.547826 4 1.000000
0.284416 0.791111 0.541275 8 1.000000
0.252540 0.799435 0.546978 7 1.000000
0.242447 0.203343 0.459799 12 1.000000
0.824324 0.203759 0.451322 9 1.000000
0.533274 0.203689 0.455473 9 0.151772
0.359470 0.202209 0.454536 3 1.000000
0.647048 0.201830 0.455172 5 1.000000
0.208540 0.202335 0.471445 5 0.207807
0.999327 0.291088 0.527348 4 0.999997
0.513389 0.788102 0.539828 7 0.999999
0.006628 0.688972 0.524159 6 0.000000
0.479392 0.218737 0.452105 9 0.000000
0.513533 0.208943 0.460992 5 0.000068
0.695847 0.209218 0.451523 2 0.303555
0.656580 0.212041 0.540316 4 1.000000
0.524445 0.788125 0.539401 8 0.999793
0.372538 0.213935 0.454276 9 0.000067
0.742137 0.202043 0.456220 3 1.000000
0.550371 0.225997 0.451871 9 0.000000
0.320738 0.205810 0.458378 12 1.000000
0.833081 0.201000 0.454991 10 1.000000
0.255260 0.206299 0.460723 12 1.000000
0.454989 0.220837 0.451616 9 0.000015
0.901347 0.198888 0.453489 10 1.000000
0.907358 0.181083 0.446681 12 1.000000
0.840097 0.203839 0.453964 3 1.000000
0.098301 0.802058 0.546939 7 0.999952
0.211800 0.204493 0.455961 2 1.000000
0.304750 0.205352 0.536079 12 0.999971
0.997491 0.576137 0.452049 1 1.000000
0.268981 0.204503 0.456971 12 1.000000
0.009640 0.647174 0.528342 6 0.999990
0.198938 0.793156 0.540130 8 0.995638
0.211398 0.196672 0.449620 10 1.000000
0.253248 0.200295 0.464369 3 0.000010
0.406288 0.204500 0.456323 10 1.000000
0.006128 0.410549 0.522970 6 0.000000
0.367703 0.208805 0.452259 9 0.000054
0.003355 0.495546 0.455186 6 1.000000
0.675230 0.203625 0.456936 12 1.000000
0.973180 0.479012 0.542378 1 0.000000
0.267899 0.203677 0.456213 10 1.000000
0.585868 0.797617 0.453588 8 1.000000
0.280535 0.797248 0.475792 7 0.998620
0.389189 0.211020 0.452060 9 0.000083
0.997661 0.312733 0.528108 4 0.999992
0.235329 0.199445 0.464823 5 0.004540
0.083069 0.798077 0.547950 7 0.995180
0.199507 0.204416 0.457087 10 0.999992
0.248103 0.425870 0.537347 13 0.982162
0.979446 0.744399 0.547696 1 0.999988
0.229060 0.566553 0.450759 17 0.000013
0.013844 0.446594 0.526021 6 0.024089
0.401757 0.204934 0.455104 10 1.000000
0.299376 0.203959 0.456533 3 1.000000
0.826896 0.200564 0.455239 10 1.000000
0.012405 0.583199 0.524082 11 0.999998
0.294745 0.230258 0.454478 9 0.107422
0.251135 0.206498 0.541905 10 1.000000
-0.001174 0.309977 0.451926 6 1.000000
0.000601 0.282660 0.453598 6 0.999982
0.111123 0.196064 0.451363 3 1.000000
0.207017 0.197307 0.449616 3 1.000000
0.318649 0.801769 0.450977 8 0.999999
0.366250 0.224252 0.454123 9 0.000000
0.677082 0.199027 0.476669 5 0.000000
0.325458 0.206103 0.463479 12 1.000000
0.271062 0.200160 0.461766 10 0.000000
0.745984 0.202046 0.473313 12 1.000000
0.595265 0.217955 0.451517 2 0.000000
0.419655 0.230410 0.453513 9 0.000000
0.622713 0.199814 0.484003 5 0.000000
0.003635 0.390313 0.453703 6 1.000000
0.269162 0.220978 0.455965 9 0.001880
0.779421 0.203457 0.459692 12 1.000000
0.940579 0.197998 0.450275 3 1.000000
0.237868 0.790526 0.538270 8 0.999997
0.866915 0.781066 0.545842 14 0.998874
0.926963 0.797967 0.547347 8 1.000000
0.977383 0.437639 0.547208 1 0.999999
0.841275 0.202383 0.454228 12 1.000000
0.035513 0.402202 0.545869 4 0.999836
0.001558 0.408579 0.527905 11 1.000000
0.152150 0.792426 0.542099 8 0.999995
0.001646 0.545743 0.450077 2 1.000000
0.233812 0.791594 0.542580 8 1.000000
0.331402 0.799816 0.545114 7 1.000000
0.052381 0.193791 0.453328 5 1.000000
0.081942 0.191267 0.449638 5 1.000000
0.585099 0.190014 0.555436 3 1.000000
0.612536 0.190522 0.556943 3 1.000000
0.116481 0.219494 0.542963 4 1.000000
0.821070 0.200594 0.458148 12 1.000000
0.656983 0.210309 0.452235 9 0.486649
0.004265 0.513928 0.456023 6 1.000000
0.508108 0.201167 0.456497 3 1.000000
0.287893 0.203792 0.456344 3 1.000000
0.003698 0.377731 0.454856 6 0.035268
0.461829 0.206337 0.549788 14 1.000000
0.338535 0.206982 0.458587 2 1.000000
0.591605 0.208731 0.455683 9 1.000000
0.814467 0.205077 0.454876 2 1.000000
0.766660 0.200552 0.452269 9 1.000000
0.845107 0.206671 0.451465 9 0.206846
0.305469 0.209974 0.454598 9 0.331945
0.913134 0.794116 0.546530 14 0.999996
0.995839 0.396233 0.523719 1 0.999874
0.998776 0.556857 0.527817 1 1.000000
0.797794 0.797034 0.452646 8 0.999972
0.334193 0.789420 0.538874 7 1.000000
0.293394 0.790771 0.536254 8 1.000000
0.591945 0.201143 0.479642 3 0.000000
0.178896 0.204190 0.457900 10 0.999990
0.840896 0.203576 0.453932 2 1.000000
0.307758 0.199659 0.461812 3 0.061056
0.003808 0.585572 0.455147 11 1.000000
0.094175 0.795304 0.542630 7 0.124106
0.442062 0.202560 0.522404 10 0.000000
0.519118 0.203700 0.461428 12 0.920507
0.227392 0.799279 0.452037 8 0.999999
0.556438 0.208104 0.463140 12 1.000000
0.001537 0.494360 0.454909 11 1.000000
0.668311 0.204344 0.455889 10 1.000000
0.499017 0.204805 0.541747 13 1.000000
0.203704 0.204907 0.457834 2 1.000000
0.998633 0.295473 0.528000 1 0.999986
0.228747 0.436841 0.549059 4 0.999975
0.229541 0.439041 0.548468 4 0.999975
0.232064 0.436016 0.550446 4 0.999975
0.227952 0.434642 0.549651 4 0.999975
0.225430 0.437666 0.547672 4 0.999975
0.001798 0.559191 0.526173 6 0.999290
0.995738 0.443179 0.526394 4 0.999998
0.033786 0.409929 0.544382 4 0.999791
0.196594 0.205948 0.460401 10 1.000000
0.981976 0.552112 0.544226 1 1.000000
0.146051 0.198500 0.463208 10 0.000618
0.996409 0.589375 0.452008 9 1.000000
0.263467 0.201490 0.456836 3 1.000000
0.398962 0.222028 0.548525 4 0.000063
0.246647 0.199513 0.472445 5 0.000000
0.390840 0.202618 0.461962 12 0.000609
0.402475 0.205299 0.455339 12 1.000000
0.437954 0.213125 0.452844 9 0.000083
0.849271 0.202883 0.454584 9 1.000000
0.754038 0.202029 0.549408 14 1.000000
0.759904 0.202534 0.454233 12 1.000000
0.003108 0.404281 0.455778 6 1.000000
0.297782 0.199283 0.468168 5 0.013419
0.541813 0.201279 0.459177 5 0.252104
0.002902 0.495104 0.454275 6 1.000000
0.262734 0.201918 0.454976 10 1.000000
0.456503 0.213724 0.546578 4 1.000000
0.389594 0.200768 0.453937 12 1.000000
0.195818 0.202320 0.455542 10 1.000000
0.195295 0.203476 0.456381 3 1.000000
0.185587 0.204628 0.456904 3 0.999997
0.565724 0.794222 0.451552 9 0.999994
0.981627 0.458169 0.544267 1 0.999999
0.377184 0.792731 0.544518 4 0.996349
0.181860 0.203234 0.455136 3 1.000000
1.001156 0.491810 0.452975 1 1.000000
0.303561 0.204314 0.457262 3 1.000000
0.998427 0.288296 0.451434 2 1.000000
0.239415 0.792201 0.534289 8 1.000000
0.331501 0.192178 0.513430 5 1.000000
0.998238 0.513966 0.451176 1 1.000000
0.560648 0.198850 0.523117 5 0.000000
0.579499 0.205822 0.536680 10 0.000755
0.326443 0.206800 0.548897 14 1.000000
0.807248 0.202254 0.455923 3 1.000000
0.572138 0.216058 0.546663 14 1.000000
0.230500 0.207079 0.453313 2 0.005023
0.585947 0.202074 0.455469 5 1.000000
0.507049 0.198771 0.528789 5 0.000000
0.242651 0.207660 0.462692 3 1.000000
0.771757 0.200691 0.456882 3 0.830725
0.252337 0.204133 0.456368 12 1.000000
0.758760 0.784451 0.544182 4 1.000000
0.982080 0.562102 0.547393 1 0.999998
0.278196 0.576983 0.464555 9 0.000001
0.978398 0.445409 0.542646 1 0.999999
0.003979 0.560343 0.523945 11 0.998743
0.982060 0.392775 0.541638 4 0.998312
0.850912 0.200481 0.453112 12 1.000000
0.003156 0.358932 0.453123 2 1.000000
0.003444 0.610724 0.455163 11 1.000000
0.201563 0.792611 0.538025 7 0.999999
0.134259 0.196645 0.450502 10 1.000000
0.942779 0.194288 0.449515 12 1.000000
0.007888 0.371029 0.455135 9 0.002313
0.684207 0.199601 0.529650 5 0.000000
0.742877 0.206809 0.548203 14 1.000000
0.260063 0.200859 0.455195 3 0.999972
0.829987 0.204321 0.456961 12 1.000000
0.656536 0.212433 0.451887 2 0.334591
0.830906 0.204394 0.454172 10 1.000000
0.538231 0.224611 0.552678 14 1.000000
0.384656 0.199222 0.533396 3 0.000000
0.732198 0.212508 0.548892 4 0.000001
0.813824 0.202008 0.452263 9 1.000000
0.454521 0.206112 0.455860 2 1.000000
0.432587 0.202812 0.454049 3 1.000000
0.975113 0.225483 0.548061 13 1.000000
0.886530 0.205428 0.457609 12 1.000000
0.240722 0.428667 0.540524 17 0.999995
0.001263 0.584611 0.453045 6 0.999738
0.976171 0.664877 0.539392 4 0.930194
0.843946 0.202737 0.459841 10 0.007218
0.815709 0.202341 0.453975 12 1.000000
0.003434 0.380298 0.454193 6 1.000000
0.118767 0.196509 0.451698 3 1.000000
0.675332 0.201269 0.543075 3 1.000000
0.769283 0.207320 0.540742 5 1.000000
0.527077 0.226682 0.552496 14 1.000000
0.622764 0.208692 0.549626 4 1.000000
0.322945 0.204566 0.463079 10 1.000000
0.665554 0.201564 0.456553 5 1.000000
0.775548 0.200195 0.459521 12 0.402162
0.349010 0.206518 0.455255 9 0.054429
0.251583 0.215548 0.543221 4 1.000000
0.505002 0.220931 0.544996 14 0.999928
0.743496 0.794459 0.454042 9 0.999984
0.262086 0.206261 0.455529 9 0.010718
0.808450 0.200910 0.460550 12 0.970431
0.745519 0.200318 0.460372 3 0.001113
0.771905 0.209058 0.542481 13 1.000000
0.708290 0.208002 0.548371 4 1.000000
0.776414 0.200705 0.448305 2 1.000000
0.455718 0.209320 0.542495 5 1.000000
0.208849 0.204513 0.456303 12 0.999999
0.858516 0.204531 0.454000 10 1.000000
0.857849 0.783048 0.543977 14 0.994997
0.979499 0.411256 0.542073 1 0.999999
0.681392 0.794431 0.454813 9 0.999998
0.004786 0.560229 0.523567 11 0.998026
0.986896 0.329554 0.543653 1 1.000000
0.841893 0.201140 0.458217 12 0.000642
0.828461 0.201902 0.456035 12 1.000000
0.001742 0.647870 0.452931 6 1.000000
0.997485 0.360469 0.451399 9 1.000000
0.752262 0.206592 0.550743 14 1.000000
0.223586 0.230006 0.547248 14 0.999992
0.747568 0.200815 0.537294 5 0.000001
0.521455 0.204636 0.529928 12 0.000031
0.003036 0.577231 0.454815 6 1.000000
0.614427 0.206311 0.545751 4 1.000000
0.538637 0.203260 0.546304 3 1.000000
0.760391 0.204571 0.456152 10 1.000000
0.257857 0.215338 0.505901 5 0.000000
0.451604 0.226179 0.452069 9 0.000000
0.604772 0.206495 0.538978 10 0.013164
0.645912 0.204533 0.545149 14 1.000000
0.300598 0.200243 0.449421 10 1.000000
0.429382 0.215770 0.542227 13 1.000000
0.448468 0.199315 0.451928 12 1.000000
0.002511 0.203038 0.489508 6 0.999999
0.000374 0.551530 0.526779 11 0.996840
0.000985 0.652461 0.523761 6 0.999653
0.255929 0.204490 0.457379 10 1.000000
1.001914 0.454887 0.451848 1 1.000000
0.966327 0.187204 0.452944 10 1.000000
0.559400 0.189896 0.556068 5 1.000000
0.049125 0.190963 0.449180 3 1.000000
0.455665 0.218687 0.453308 9 0.000000
0.006810 0.400793 0.456430 2 0.000181
0.386056 0.212670 0.546264 4 1.000000
0.441432 0.211590 0.458188 9 0.031154
0.460842 0.208737 0.542172 10 1.000000
0.004805 0.625732 0.455043 11 1.000000
0.218020 0.202800 0.545210 3 0.999953
0.359303 0.202173 0.540359 12 1.000000
0.751815 0.206703 0.453384 9 1.000000
0.353894 0.786597 0.549232 4 1.000000
0.823689 0.204863 0.544912 5 0.999993
0.774443 0.209615 0.538680 12 1.000000
0.539078 0.202733 0.455882 3 1.000000
0.003094 0.257229 0.515864 6 0.999995
0.846407 0.206991 0.545771 14 0.544729
0.035102 0.441029 0.544495 14 0.999854
-0.000004 0.709874 0.452550 11 1.000000
0.973001 0.191597 0.450201 5 1.000000
0.708007 0.189922 0.559687 5 1.000000
0.150705 0.196497 0.451217 3 1.000000
0.008207 0.457520 0.462337 11 1.000000
0.103510 0.193896 0.450594 3 1.000000
0.610621 0.201189 0.473935 5 0.000000
0.252561 0.795395 0.453732 9 1.000000
0.518932 0.799950 0.449160 8 1.000000
1.001796 0.398253 0.450733 1 1.000000
0.003965 0.464524 0.455656 9 1.000000
0.998945 0.634638 0.452301 1 1.000000
0.186810 0.199005 0.545579 10 1.000000
0.498459 0.208260 0.547102 4 1.000000
0.685767 0.200553 0.469744 5 0.002493
0.259315 0.211525 0.549490 14 0.936702
0.903530 0.202167 0.542826 12 0.999981
0.738849 0.205526 0.540757 10 0.999992
0.380966 0.202947 0.458452 12 1.000000
0.161432 0.208033 0.462078 10 1.000000
0.003269 0.424217 0.454081 6 1.000000
0.176815 0.198442 0.546335 5 1.000000
0.281807 0.427957 0.546953 13 0.000827
0.210807 0.205542 0.457712 10 0.999999
0.984099 0.387312 0.531423 14 0.518545
0.200275 0.791412 0.539431 8 0.999996
0.555315 0.792584 0.548899 4 1.000000
-0.001358 0.512427 0.452367 6 1.000000
0.996944 0.362478 0.455056 1 1.000000
0.156829 0.204220 0.453951 9 1.000000
0.800197 0.205010 0.539894 3 1.000000
0.130675 0.195568 0.449589 3 1.000000
0.430916 0.222408 0.457019 9 0.000002
0.685328 0.219352 0.548024 14 0.999400
0.506828 0.204692 0.454761 3 1.000000
0.721057 0.207766 0.548677 4 1.000000
0.569892 0.202931 0.453143 12 1.000000
0.996611 0.500325 0.452937 1 1.000000
0.656913 0.206524 0.450038 9 1.000000
0.728643 0.202261 0.533061 3 0.000000
0.511891 0.207068 0.458615 12 1.000000
0.641222 0.208503 0.548985 4 1.000000
0.164803 0.209535 0.541919 10 1.000000
0.597155 0.219269 0.452082 9 0.000000
0.225834 0.200417 0.536845 3 0.000142
0.462205 0.780108 0.535869 4 0.052558
0.326145 0.207551 0.541934 3 1.000000
0.693122 0.203038 0.452473 12 1.000000
0.697416 0.206803 0.547921 14 1.000000
0.679902 0.203450 0.455465 3 1.000000
0.697807 0.204398 0.453728 9 1.000000
0.612360 0.216696 0.546541 14 1.000000
0.202176 0.204695 0.459486 12 0.999997
-0.001711 0.557896 0.452977 11 1.000000
0.297202 0.799225 0.540455 8 0.991573
0.179840 0.202102 0.548677 13 1.000000
0.968767 0.194184 0.453219 10 1.000000
0.769898 0.203446 0.544096 3 1.000000
0.241809 0.203758 0.544009 12 1.000000
0.115766 0.197528 0.546494 10 1.000000
0.290101 0.201891 0.459898 5 1.000000
0.354305 0.202151 0.465460 5 0.001941
0.718709 0.201327 0.545097 12 1.000000
0.579000 0.204179 0.455466 12 1.000000
-0.006178 0.458347 0.449274 11 1.000000
0.778963 0.199936 0.451735 12 1.000000
0.549979 0.192057 0.554501 10 1.000000
0.389953 0.790260 0.542838 8 1.000000
0.154213 0.209041 0.548808 4 1.000000
0.646768 0.213420 0.451623 9 0.038019
0.715665 0.206755 0.546535 13 1.000000
0.543998 0.210956 0.545377 4 1.000000
0.501397 0.200230 0.453446 12 1.000000
0.573315 0.202152 0.542273 12 1.000000
0.323921 0.203780 0.545651 10 1.000000
0.582879 0.217450 0.549457 14 0.000000
0.318184 0.200516 0.459555 3 0.001870
0.184136 0.201670 0.546400 3 1.000000
0.755776 0.205021 0.453913 10 1.000000
0.984309 0.295719 0.548701 1 1.000000
0.268930 0.432615 0.546584 17 0.999430
0.201967 0.201125 0.520113 5 0.000000
0.263022 0.247919 0.450729 2 0.000000
0.985227 0.322571 0.546715 14 1.000000
0.551912 0.799065 0.456321 8 1.000000
0.812274 0.202484 0.460729 3 0.002004
0.904540 0.799387 0.546762 8 1.000000
0.099945 0.792714 0.545080 7 0.999599
0.264772 0.204239 0.456947 3 1.000000
0.125922 0.796522 0.547154 7 0.999999
0.250859 0.214470 0.453638 9 0.000190
0.229098 0.199789 0.460958 5 0.002030
0.351745 0.193683 0.554948 3 1.000000
0.004651 0.397663 0.459597 6 1.000000
0.230220 0.206334 0.545582 10 1.000000
0.221190 0.229298 0.461437 2 0.040210
0.351721 0.200614 0.534966 3 0.000000
0.002673 0.495551 0.455997 6 1.000000
0.928481 0.198674 0.452692 12 1.000000
0.221996 0.202162 0.543765 10 1.000000
0.307211 0.204575 0.544061 3 1.000000
0.557113 0.205428 0.544135 4 1.000000
0.313420 0.206368 0.545423 3 1.000000
0.285195 0.788719 0.540690 4 0.999817
0.281179 0.229320 0.547741 4 0.000000
0.319081 0.202216 0.543278 3 0.000000
0.347178 0.199768 0.536170 5 0.000000
0.149142 0.204199 0.545746 3 1.000000
0.232701 0.796915 0.453377 8 0.999855
0.371627 0.204387 0.455883 3 1.000000
0.315886 0.199770 0.459640 10 0.697518
0.937679 0.199036 0.454909 10 1.000000
0.776357 0.209056 0.450899 9 0.012856
0.473419 0.209900 0.546351 4 0.999999
0.410412 0.210532 0.545561 3 0.000000
0.106022 0.201593 0.546928 3 1.000000
0.205447 0.206883 0.461201 12 0.999999
0.863525 0.773902 0.544243 4 0.887674
0.982739 0.357233 0.541173 4 0.837553
0.466295 0.798669 0.544083 8 1.000000
0.762326 0.782759 0.541090 4 1.000000
0.995488 0.541317 0.453206 2 1.000000
0.993726 0.452929 0.457689 2 1.000000
0.999704 0.669121 0.450233 1 1.000000
0.995155 0.677935 0.453422 2 1.000000
0.644468 0.790255 0.551057 4 1.000000
0.324232 0.794025 0.546901 4 1.000000
0.858316 0.181961 0.554432 14 1.000000
0.086632 0.196141 0.550084 10 1.000000
0.856414 0.188926 0.553399 3 1.000000
0.236086 0.202044 0.541179 12 0.000000
0.296334 0.193104 0.554130 10 1.000000
0.997280 0.547606 0.451312 1 1.000000
0.298814 0.204501 0.459596 12 0.011578
0.154350 0.202455 0.546055 14 0.999993
0.343566 0.206599 0.463201 12 0.749182
0.500461 0.202662 0.454198 12 1.000000
0.780359 0.204863 0.457486 5 0.003398
0.562057 0.203785 0.546645 14 0.008670
0.197134 0.215584 0.549874 4 0.377071
0.797705 0.200440 0.454237 12 1.000000
0.292439 0.201038 0.539791 3 0.329077
0.582646 0.199724 0.539210 5 0.001157
0.462118 0.201138 0.463681 3 0.000010
0.567892 0.201989 0.455514 5 1.000000
0.890535 0.202021 0.451786 2 1.000000
0.001647 0.576560 0.455410 11 0.999885
0.203736 0.200113 0.531318 5 0.000000
0.876810 0.785634 0.545852 14 0.999997
0.977283 0.462718 0.543763 1 0.999977
0.248986 0.205435 0.546136 5 1.000000
0.757276 0.779121 0.545211 14 1.000000
0.856545 0.202745 0.453496 10 1.000000
0.214776 0.196964 0.547018 3 1.000000
0.108096 0.190174 0.551185 12 1.000000
0.410382 0.201366 0.545333 10 0.997653
0.451783 0.202911 0.452975 2 1.000000
0.756032 0.204963 0.458827 10 1.000000
0.403591 0.212556 0.455565 9 0.022097
0.996834 0.483038 0.454266 1 1.000000
0.427479 0.199335 0.531590 12 0.000000
0.516897 0.203071 0.453773 10 1.000000
0.389769 0.199212 0.454652 12 1.000000
0.478524 0.221327 0.545907 14 0.000002
0.473951 0.800048 0.451856 8 1.000000
0.320025 0.785347 0.545108 4 0.999667
0.025002 0.470549 0.455027 2 0.000149
0.542947 0.199649 0.544219 10 0.999309
0.000513 0.322423 0.454238 6 1.000000
0.667974 0.203990 0.456670 12 1.000000
0.502994 0.206695 0.451378 9 0.001241
0.429140 0.217643 0.451964 9 0.000008
0.770125 0.199976 0.451123 9 1.000000
0.780980 0.198014 0.453658 10 1.000000
0.702285 0.201047 0.454218 3 1.000000
0.209522 0.199477 0.462151 3 0.000978
0.655254 0.800745 0.456879 8 0.999996
0.018445 0.332377 0.547527 11 0.999998
0.977007 0.326745 0.545431 4 1.000000
0.023786 0.448732 0.548314 14 0.999997
0.496720 0.792674 0.543215 7 1.000000
0.803788 0.782957 0.548576 4 1.000000
0.803595 0.788799 0.550204 4 1.000000
0.821419 0.783314 0.549392 4 1.000000
0.803982 0.777115 0.546949 4 1.000000
0.786158 0.782600 0.547761 4 1.000000
0.998182 0.721161 0.453234 1 1.000000
0.889938 0.195609 0.449174 10 1.000000
0.244632 0.210427 0.457432 9 0.864682
0.000106 0.369111 0.452051 6 1.000000
0.194167 0.203489 0.457232 10 1.000000
-0.015518 0.322596 0.452271 6 1.000000
0.088760 0.196686 0.549803 10 1.000000
-0.000764 0.364511 0.452638 6 1.000000
0.244573 0.792897 0.452409 9 0.999216
0.498298 0.204269 0.456795 12 1.000000
0.640931 0.206673 0.450513 2 0.999937
0.995695 0.464502 0.455050 1 1.000000
0.354452 0.198558 0.451418 5 1.000000
0.003026 0.514565 0.454497 11 1.000000
0.523344 0.203990 0.454258 12 1.000000
0.364002 0.238784 0.554219 14 1.000000
0.882292 0.795275 0.551518 4 0.999998
0.574129 0.809438 0.448834 2 1.000000
0.976887 0.461260 0.543444 1 0.999973
0.001720 0.540770 0.524861 6 0.959217
0.035258 0.458497 0.544069 14 0.999974
0.247923 0.203936 0.457914 3 1.000000
0.437394 0.196814 0.548585 3 1.000000
0.148428 0.199258 0.546529 4 1.000000
0.258573 0.193410 0.553041 5 1.000000
0.197029 0.200669 0.544554 3 1.000000
0.147057 0.194978 0.449963 3 1.000000
0.244834 0.798852 0.448703 9 1.000000
0.866579 0.800801 0.460869 7 0.999988
0.332627 0.790275 0.540807 8 0.000308
0.001410 0.454617 0.453682 6 0.955534
0.788997 0.204240 0.542508 12 1.000000
0.274800 0.199422 0.532813 5 0.000000
0.205167 0.794969 0.547467 4 1.000000
0.750758 0.200898 0.459326 3 0.999988
0.301983 0.798383 0.545031 8 1.000000
0.798856 0.203181 0.539182 12 1.000000
0.996189 0.434862 0.453214 1 0.999999
0.292850 0.206307 0.545533 12 1.000000
0.668297 0.205838 0.546182 3 1.000000
0.278695 0.199703 0.535120 3 0.000347
0.154667 0.205334 0.542991 10 1.000000
0.225177 0.204157 0.542525 3 1.000000
0.124189 0.210007 0.542834 12 1.000000
0.301611 0.202103 0.541097 10 0.999997
0.313925 0.213839 0.537973 14 0.024480
0.505766 0.198476 0.450327 3 1.000000
0.778203 0.198201 0.453620 5 1.000000
0.539987 0.213853 0.544999 14 1.000000
0.308091 0.791919 0.545296 8 0.998509
0.309589 0.200045 0.518872 5 0.000000
0.167416 0.201084 0.543535 12 0.968992
0.997202 0.471784 0.455629 2 1.000000
0.383096 0.216522 0.542872 14 1.000000
0.620644 0.207980 0.548749 4 1.000000
0.681837 0.205177 0.549986 5 1.000000
0.409990 0.202900 0.548713 3 1.000000
0.276710 0.201217 0.535513 3 0.000000
0.628620 0.214997 0.546943 4 1.000000
0.807405 0.791838 0.547728 14 0.999987
0.029118 0.397792 0.541095 14 0.999833
0.980688 0.372564 0.541373 1 0.999997
0.766142 0.783352 0.545100 4 1.000000
0.188590 0.791872 0.542061 8 0.999824
0.003081 0.477739 0.531750 6 1.000000
0.167120 0.197999 0.449983 5 1.000000
0.113047 0.199280 0.548082 12 1.000000
0.997470 0.669057 0.453614 9 1.000000
0.335278 0.795835 0.454086 9 0.910940
0.326739 0.204886 0.526390 10 0.000000
0.706744 0.211001 0.450917 9 0.320915
0.000486 0.394888 0.453580 6 0.998350
0.549069 0.786482 0.546548 13 0.999999
0.390812 0.205471 0.455596 12 1.000000
0.248115 0.791471 0.546919 7 1.000000
1.002213 0.588665 0.450873 1 1.000000
0.420434 0.214285 0.453032 9 0.000461
0.504723 0.203893 0.455652 12 1.000000
0.997969 0.625348 0.451679 1 1.000000
0.996898 0.486382 0.454531 2 1.000000
0.407223 0.198412 0.452540 10 1.000000
0.363914 0.204031 0.460760 12 1.000000
0.360617 0.207417 0.542359 10 1.000000
0.340505 0.200354 0.453491 12 1.000000
0.648476 0.207249 0.543446 12 1.000000
0.669993 0.203142 0.453936 12 1.000000
0.154649 0.207051 0.548291 4 1.000000
0.668183 0.206301 0.547213 14 1.000000
0.717152 0.201838 0.453087 10 1.000000
0.290730 0.199768 0.528098 5 0.000000
0.627011 0.205110 0.465643 12 0.002217
0.349200 0.212896 0.456117 9 0.043185
0.007587 0.496776 0.460957 9 1.000000
0.535027 0.203287 0.544512 3 1.000000
0.400827 0.205300 0.544009 5 1.000000
0.524343 0.202677 0.544179 5 1.000000
0.662763 0.203135 0.540266 3 1.000000
0.696312 0.193467 0.529458 3 1.000000
0.095151 0.205540 0.457551 12 1.000000
0.916995 0.202490 0.543921 5 0.998845
0.969676 0.530837 0.544204 14 0.999954
0.022246 0.403330 0.549462 13 0.999996
0.429742 0.232921 0.554106 14 1.000000
0.825262 0.206140 0.460571 10 1.000000
-0.001502 0.363278 0.454039 6 1.000000
0.128626 0.194641 0.449196 3 1.000000
0.757731 0.199340 0.545505 10 1.000000
0.201894 0.207399 0.547074 4 0.884283
0.006947 0.574889 0.461158 11 0.355433
0.005458 0.514722 0.456218 11 1.000000
0.619782 0.207445 0.451804 9 0.031570
0.202085 0.207980 0.455787 9 0.277250
0.348302 0.791912 0.545388 7 1.000000
0.540496 0.792118 0.452018 9 1.000000
0.995783 0.401596 0.452598 1 1.000000
0.766361 0.212438 0.545536 4 1.000000
0.366806 0.206086 0.545789 4 1.000000
0.209714 0.205043 0.456892 10 1.000000
0.002475 0.530527 0.452866 9 0.999971
0.256721 0.200103 0.546042 12 0.999998
0.173708 0.203780 0.541562 10 1.000000
0.686144 0.197620 0.451746 10 1.000000
0.004976 0.532496 0.458597 6 1.000000
0.745893 0.200265 0.453272 10 1.000000
0.596716 0.206038 0.451978 9 0.976520
0.700455 0.202905 0.548180 3 1.000000
0.510561 0.201729 0.458100 5 1.000000
0.705588 0.208206 0.548600 4 1.000000
0.542262 0.219056 0.540961 14 1.000000
0.265998 0.199865 0.449255 2 1.000000
0.094723 0.203991 0.456838 3 1.000000
0.127991 0.200816 0.538550 3 0.004164
0.002057 0.677315 0.532057 11 0.999998
0.001442 0.582746 0.453517 6 0.999959
0.861738 0.202683 0.543493 12 0.999515
0.694320 0.799587 0.456626 8 0.999995
0.913607 0.787049 0.546475 4 1.000000
0.001147 0.547723 0.526061 6 0.999925
0.228434 0.204362 0.457537 10 1.000000
0.983858 0.475929 0.540787 1 1.000000
0.126679 0.796000 0.547100 7 0.999993
0.263962 0.201838 0.454655 5 1.000000
0.184223 0.196622 0.450087 3 1.000000
0.109494 0.194755 0.450271 3 1.000000
0.861767 0.200791 0.548374 5 1.000000
0.316441 0.190645 0.554255 3 1.000000
0.995958 0.566501 0.453559 1 1.000000
0.621851 0.209352 0.552890 13 1.000000
0.103380 0.197227 0.546822 3 1.000000
0.214846 0.196924 0.449810 10 1.000000
0.303476 0.793095 0.543363 7 1.000000
0.221990 0.809075 0.555373 13 1.000000
0.255462 0.796632 0.451229 9 1.000000
0.837588 0.199571 0.456071 10 0.728239
0.217408 0.199141 0.543856 3 0.999978
0.685106 0.200869 0.545634 3 1.000000
0.305667 0.208532 0.543067 5 0.999997
0.212770 0.200374 0.549283 3 1.000000
0.235138 0.200310 0.547495 5 1.000000
0.535612 0.201890 0.540490 3 0.002250
0.211393 0.225123 0.542540 4 0.000000
0.271175 0.204141 0.545787 10 1.000000
0.630844 0.201051 0.454641 10 1.000000
0.390642 0.199070 0.449799 10 1.000000
0.514511 0.200354 0.453238 12 1.000000
0.796862 0.802047 0.458704 8 0.459546
0.311664 0.212955 0.548868 14 0.076291
0.466317 0.219643 0.455736 9 0.000040
0.003125 0.399797 0.454709 6 1.000000
0.785166 0.198770 0.454255 12 1.000000
0.697337 0.208759 0.551982 14 1.000000
0.577241 0.202687 0.454567 12 1.000000
0.305498 0.205489 0.541992 10 0.000006
0.003412 0.495652 0.455409 6 1.000000
0.010778 0.439646 0.455335 2 1.000000
0.541100 0.208000 0.548734 4 1.000000
0.886112 0.197471 0.456217 10 1.000000
0.004025 0.693359 0.454330 11 0.999999
0.976573 0.762867 0.547795 1 0.999993
0.917013 0.202583 0.451633 2 1.000000
0.998121 0.713486 0.526977 1 0.999974
0.002460 0.652851 0.453189 6 1.000000
0.977585 0.387655 0.543514 4 0.999995
0.888124 0.199440 0.452945 10 1.000000
0.236553 0.196198 0.550188 5 1.000000
0.219304 0.204134 0.457067 3 1.000000
0.131411 0.195822 0.449374 3 1.000000
0.202946 0.205808 0.546968 14 1.000000
0.225790 0.793080 0.534000 7 1.000000
0.097800 0.201569 0.453719 3 0.999999
-0.002986 0.343257 0.451720 6 1.000000
0.997297 0.714836 0.451384 2 1.000000
1.000060 0.489478 0.451806 2 1.000000
0.413114 0.796677 0.542017 8 1.000000
0.915199 0.199844 0.448182 9 1.000000
0.332862 0.795332 0.451639 9 0.999954
0.071059 0.797609 0.543279 7 1.000000
0.728828 0.202603 0.453419 10 1.000000
0.438391 0.798651 0.452374 9 1.000000
0.596687 0.207439 0.529720 12 0.000000
0.784368 0.202142 0.450419 2 1.000000
0.692468 0.218692 0.452233 9 0.000055
0.005234 0.534439 0.459429 6 1.000000
0.507834 0.200895 0.452825 12 1.000000
0.632012 0.204409 0.453941 2 1.000000
0.495558 0.207583 0.445767 2 1.000000
0.797071 0.199175 0.452580 5 1.000000
0.514641 0.203416 0.452820 9 1.000000
0.635379 0.205960 0.457051 12 1.000000
0.614307 0.200876 0.452643 12 1.000000
0.575074 0.211627 0.549382 14 1.000000
0.674249 0.203412 0.545890 3 1.000000
0.237376 0.199807 0.521314 3 0.000000
0.810329 0.797136 0.450478 9 1.000000
0.492054 0.206302 0.545269 10 1.000000
0.234785 0.200489 0.456024 3 0.999976
0.164219 0.197095 0.449918 3 1.000000
0.624651 0.202947 0.537749 3 0.970870
0.768200 0.208322 0.451053 2 0.320281
0.670597 0.201615 0.453994 10 1.000000
0.314863 0.193737 0.445792 5 1.000000
0.996343 0.391087 0.453846 9 1.000000
0.562454 0.211510 0.544355 12 1.000000
0.139363 0.197918 0.450485 10 1.000000
0.154580 0.206562 0.457210 3 1.000000
0.639431 0.799228 0.456773 8 0.999999
0.716021 0.793098 0.544841 7 1.000000
0.785399 0.793381 0.545766 8 1.000000
0.981225 0.673185 0.542436 13 0.999091
0.113923 0.204497 0.547093 5 0.999591
0.368712 0.191265 0.554300 5 1.000000
0.096983 0.194993 0.551355 3 1.000000
0.328826 0.798735 0.453002 8 0.999971
0.113789 0.803518 0.550387 7 1.000000
0.114626 0.200545 0.547768 12 1.000000
0.020146 0.808666 0.556523 11 1.000000
0.330588 0.199386 0.549546 3 1.000000
0.215676 0.199964 0.520090 5 0.000000
0.257481 0.788215 0.538023 8 0.999996
0.419288 0.200641 0.549109 12 1.000000
0.003767 0.496719 0.456646 6 1.000000
0.510099 0.204806 0.452483 9 1.000000
0.304387 0.797248 0.452452 7 0.999639
0.153418 0.202227 0.545846 3 1.000000
0.526818 0.206447 0.545045 4 1.000000
0.526706 0.200932 0.452595 10 1.000000
0.679361 0.203912 0.457609 10 1.000000
0.271364 0.792796 0.539837 7 1.000000
0.638305 0.198368 0.453684 3 1.000000
0.216910 0.791013 0.527580 7 0.000006
0.433513 0.798750 0.453880 9 0.999994
0.447078 0.191591 0.555376 5 1.000000
0.409906 0.206921 0.549337 4 1.000000
0.370555 0.203008 0.462313 3 1.000000
0.001057 0.493224 0.454150 6 1.000000
0.751757 0.203967 0.452404 9 1.000000
0.792298 0.198120 0.452340 5 1.000000
0.403917 0.200648 0.452349 10 1.000000
0.324405 0.790419 0.546998 7 1.000000
0.220121 0.200568 0.455606 3 1.000000
0.980034 0.741402 0.548334 1 0.999997
0.867078 0.796059 0.450938 9 0.999951
0.994069 0.397851 0.527623 1 1.000000
0.973589 0.538859 0.545285 4 0.999995
0.783548 0.796432 0.543079 7 0.997642
0.975335 0.429366 0.542406 1 1.000000
0.788234 0.799127 0.547644 8 1.000000
-0.001182 0.287380 0.451573 6 1.000000
0.244973 0.204623 0.457411 3 1.000000
0.002135 0.396799 0.453488 6 1.000000
0.781452 0.800502 0.458090 8 0.999999
0.000585 0.456664 0.456994 6 1.000000
0.249397 0.798784 0.452611 9 0.999984
0.495756 0.191733 0.555096 5 1.000000
0.086618 0.196537 0.545598 10 1.000000
0.323779 0.794371 0.449989 9 1.000000
0.162999 0.791762 0.539832 8 0.748930
0.003486 0.495318 0.456571 6 1.000000
0.460973 0.804384 0.450294 7 1.000000
0.996476 0.585914 0.456475 1 1.000000
0.703577 0.204929 0.452956 10 0.157260
0.601431 0.206766 0.545532 4 1.000000
0.097283 0.197532 0.451686 3 1.000000
0.641306 0.203606 0.546491 10 1.000000
0.007732 0.457863 0.456036 9 0.999995
0.356504 0.798813 0.450531 2 0.999998
0.194353 0.203891 0.542570 3 0.009819
0.415255 0.791447 0.547250 7 1.000000
0.800223 0.204430 0.542274 12 1.000000
0.264437 0.205696 0.536766 5 0.999985
0.474788 0.201713 0.538421 3 0.000000
0.003582 0.352218 0.453696 9 1.000000
0.289916 0.793460 0.532446 7 1.000000
-0.000147 0.335679 0.451139 6 1.000000
0.678616 0.201678 0.542680 3 1.000000
0.555748 0.199638 0.450143 12 1.000000
0.769998 0.201118 0.536703 12 1.000000
0.514258 0.211916 0.451795 9 0.004675
0.696891 0.202374 0.453124 10 1.000000
0.551807 0.203196 0.545296 3 1.000000
0.454882 0.199294 0.450269 12 1.000000
0.224596 0.200207 0.534805 3 0.000000
0.461545 0.211750 0.549403 4 1.000000
0.870316 0.198121 0.451502 3 1.000000
0.508381 0.798332 0.456333 8 0.999997
0.089001 0.201975 0.545592 10 1.000000
0.981530 0.372169 0.541456 4 0.998557
0.254503 0.203947 0.457011 3 1.000000
0.089465 0.200148 0.546071 10 0.999963
0.192698 0.213248 0.550363 14 0.999997
1.005791 0.464582 0.450873 1 1.000000
0.096857 0.196064 0.550553 3 1.000000
0.258054 0.796342 0.452705 9 0.999984
0.590082 0.800010 0.546558 8 1.000000
0.255659 0.804866 0.553146 14 1.000000
0.675496 0.799724 0.549319 8 1.000000
0.227445 0.804975 0.558990 8 1.000000
0.362516 0.204678 0.543266 10 0.000381
0.422406 0.204725 0.546788 12 1.000000
0.744804 0.203234 0.459703 12 1.000000
0.424803 0.202311 0.548041 3 1.000000
0.720843 0.210800 0.552712 14 1.000000
0.462409 0.205431 0.546435 5 1.000000
0.239295 0.205567 0.545889 10 1.000000
0.563482 0.209018 0.545776 10 1.000000
0.556613 0.788989 0.526912 8 1.000000
0.600932 0.781269 0.526399 7 1.000000
0.692416 0.787197 0.543551 14 1.000000
0.653736 0.200971 0.451737 12 1.000000
0.330736 0.204345 0.541761 3 1.000000
0.429763 0.202009 0.455194 10 1.000000
0.428572 0.205102 0.551440 12 1.000000
0.005103 0.557119 0.457140 9 1.000000
0.781315 0.205231 0.541818 5 1.000000
0.448700 0.794830 0.451659 9 1.000000
0.336002 0.204882 0.542293 3 1.000000
0.846297 0.802547 0.549441 8 1.000000
0.542977 0.203172 0.455632 3 1.000000
0.451543 0.210101 0.548852 4 1.000000
0.285816 0.198148 0.451103 10 1.000000
0.234806 0.203683 0.544794 3 1.000000
0.501907 0.208973 0.549230 4 1.000000
0.002455 0.202106 0.489448 12 0.999895
0.843941 0.201223 0.544596 12 0.999727
0.802465 0.787925 0.541897 7 0.999988
0.998401 0.594154 0.451698 1 1.000000
-0.001790 0.315047 0.454851 6 1.000000
0.761891 0.187537 0.556523 12 1.000000
0.079247 0.198446 0.549319 10 1.000000
0.202616 0.207915 0.544597 4 1.000000
0.248687 0.797045 0.450863 9 1.000000
0.089349 0.195129 0.550051 10 1.000000
0.667294 0.788179 0.549822 4 1.000000
0.663846 0.799241 0.536893 8 1.000000
0.237130 0.199785 0.545586 10 1.000000
0.262122 0.796105 0.454111 9 1.000000
0.787912 0.798092 0.550283 8 1.000000
0.996041 0.616500 0.453676 1 0.999597
0.556537 0.793351 0.511235 7 0.000000
0.750057 0.789325 0.544979 8 0.999996
0.510284 0.793968 0.518953 7 0.000004
0.260487 0.797837 0.540524 8 0.999999
0.451469 0.199596 0.521957 5 0.000000
0.490864 0.794405 0.539394 7 1.000000
0.470683 0.197653 0.454421 3 1.000000
0.201077 0.201048 0.546091 10 1.000000
0.321366 0.216021 0.543520 14 1.000000
0.680168 0.198942 0.453011 10 1.000000
0.125430 0.202486 0.543648 3 1.000000
0.588534 0.201921 0.455204 10 1.000000
0.605403 0.199625 0.450242 10 1.000000
0.285541 0.205932 0.545734 3 1.000000
0.226983 0.197932 0.450153 3 1.000000
0.643499 0.207925 0.534808 10 0.000000
0.720659 0.798775 0.515622 7 0.000000
0.590141 0.796844 0.544271 7 1.000000
0.003319 0.355205 0.453553 9 1.000000
0.307006 0.798684 0.547219 8 1.000000
0.478981 0.199549 0.528643 5 0.000000
0.365741 0.198352 0.451188 3 1.000000
0.472524 0.209644 0.549193 4 1.000000
0.455758 0.202801 0.452501 9 1.000000
0.760203 0.204963 0.455709 9 1.000000
0.467623 0.200483 0.447656 9 1.000000
0.961639 0.201594 0.452763 12 1.000000
0.092694 0.203094 0.546838 10 1.000000
0.980249 0.357568 0.540632 1 0.999998
0.981381 0.787934 0.543553 13 1.000000
0.980529 0.793030 0.545382 13 1.000000
0.982508 0.787520 0.545234 13 1.000000
0.982233 0.782839 0.541724 13 1.000000
0.980255 0.788349 0.541873 13 1.000000
0.262810 0.204077 0.457377 3 1.000000
0.036325 0.393156 0.544793 4 0.999967
0.998392 0.582818 0.451909 9 1.000000
-0.002799 0.463612 0.456186 11 1.000000
0.095151 0.184187 0.450895 3 1.000000
0.952115 0.194594 0.448992 5 1.000000
0.003628 0.376458 0.453101 2 1.000000
0.214955 0.202888 0.454125 2 1.000000
0.263728 0.195019 0.528547 12 1.000000
0.992140 0.368233 0.453012 2 0.999999
-0.010129 0.338006 0.445533 9 1.000000
0.240037 0.797823 0.452287 9 0.999999
0.229283 0.804449 0.547954 8 1.000000
0.000972 0.473492 0.459376 6 1.000000
0.621631 0.206660 0.449971 9 1.000000
0.791264 0.806864 0.538645 8 1.000000
0.136051 0.799246 0.554151 8 1.000000
0.860623 0.191662 0.556095 4 1.000000
0.539392 0.200276 0.530678 3 0.000000
0.650880 0.797450 0.518425 8 0.000000
0.445289 0.200441 0.540976 3 0.000000
0.002960 0.338106 0.459409 11 1.000000
0.504869 0.797148 0.534941 7 0.000000
0.163220 0.792270 0.539567 7 0.999959
0.749391 0.201304 0.455162 3 1.000000
0.005289 0.405509 0.459570 6 1.000000
0.812570 0.206316 0.453901 9 1.000000
0.910951 0.204297 0.545129 12 1.000000
0.003284 0.477660 0.452807 9 1.000000
0.372796 0.201432 0.541087 10 0.022794
0.561387 0.199704 0.450546 3 1.000000
0.404046 0.792641 0.545291 8 1.000000
0.554994 0.198096 0.452601 10 1.000000
0.139173 0.196161 0.451005 5 1.000000
0.308231 0.199721 0.453800 3 0.999994
0.390950 0.790691 0.545232 7 1.000000
0.763464 0.197183 0.451007 12 1.000000
0.640374 0.796306 0.540319 8 0.000709
0.572015 0.199107 0.534096 5 0.000000
0.247426 0.790784 0.542307 8 1.000000
0.643809 0.211281 0.548557 14 1.000000
-0.006997 0.393596 0.449767 6 1.000000
0.546952 0.202618 0.544165 3 1.000000
0.544007 0.205431 0.543063 3 1.000000
0.715356 0.201977 0.541927 5 1.000000
0.233041 0.204182 0.543155 3 1.000000
0.373817 0.202305 0.453784 5 1.000000
0.522109 0.783032 0.547151 8 1.000000
0.231474 0.200968 0.540902 10 0.007764
0.006036 0.408261 0.451815 9 1.000000
0.497958 0.199648 0.450777 9 1.000000
0.795477 0.199021 0.454196 12 1.000000
0.244539 0.203128 0.448516 9 1.000000
0.183434 0.201509 0.458846 10 0.874225
0.992840 0.316451 0.522199 1 0.039415
0.004980 0.691739 0.455718 6 1.000000
0.001009 0.640280 0.453092 11 1.000000
0.762025 0.793285 0.545762 7 1.000000
0.977627 0.430241 0.541670 1 0.999999
0.187115 0.201563 0.524093 5 0.000000
1.000178 0.321456 0.449471 1 1.000000
0.072658 0.201109 0.545405 10 1.000000
1.004474 0.283394 0.450300 1 1.000000
0.981675 0.323626 0.544609 13 1.000000
0.025205 0.439345 0.547484 4 0.999998
0.996431 0.407600 0.451070 9 1.000000
0.999279 0.556973 0.450855 1 1.000000
-0.000264 0.298435 0.452521 2 1.000000
0.068535 0.191588 0.448654 5 1.000000
1.006918 0.521919 0.449313 1 1.000000
0.001526 0.594250 0.453420 6 0.999992
1.003802 0.400259 0.449949 1 1.000000
0.849247 0.198693 0.450629 12 1.000000
-0.004262 0.605355 0.450785 11 1.000000
-0.004042 0.357684 0.450438 6 1.000000
0.346554 0.194711 0.443907 12 1.000000
1.002783 0.387313 0.449867 1 1.000000
0.159327 0.217091 0.454672 2 0.000712
0.249636 0.798457 0.451267 9 1.000000
0.660723 0.801839 0.541717 7 1.000000
0.001725 0.475930 0.459147 6 1.000000
0.082662 0.197484 0.549788 12 1.000000
0.506751 0.794827 0.549060 8 1.000000
0.325728 0.799029 0.539223 7 1.000000
0.676805 0.800257 0.542685 7 1.000000
0.184414 0.807979 0.558233 8 1.000000
0.620031 0.202261 0.545595 3 1.000000
0.610902 0.204568 0.450611 9 1.000000
0.266561 0.800890 0.545166 8 1.000000
0.581053 0.794470 0.550531 8 1.000000
0.118764 0.802834 0.548935 8 1.000000
0.448425 0.794012 0.551340 4 1.000000
0.350352 0.798943 0.537595 8 1.000000
0.302036 0.795006 0.549622 4 1.000000
0.694765 0.781920 0.552028 4 1.000000
0.922126 0.205199 0.543149 10 1.000000
-0.001345 0.596518 0.454044 11 1.000000
0.785909 0.800674 0.548192 8 1.000000
0.380490 0.209596 0.453614 9 0.989680
0.640267 0.272088 0.547772 14 0.000000
0.638795 0.281677 0.548027 14 0.000000
0.671100 0.276809 0.548288 14 0.000000
0.641740 0.262500 0.547517 14 0.000000
0.609434 0.267368 0.547256 14 0.000000
0.349529 0.797393 0.456515 7 0.999985
0.158655 0.201525 0.520862 3 0.000000
0.644445 0.201467 0.535845 3 0.000000
0.178391 0.782010 0.545166 4 0.999998
0.453250 0.205268 0.455916 9 1.000000
0.005018 0.537519 0.457080 11 1.000000
0.577544 0.204565 0.457025 12 1.000000
0.760585 0.200083 0.450996 10 1.000000
0.003060 0.496655 0.453559 6 1.000000
0.234913 0.795150 0.535865 7 1.000000
0.273568 0.804032 0.446437 9 1.000000
0.590727 0.209815 0.548387 4 1.000000
0.004414 0.398778 0.456875 11 0.030485
0.532464 0.208697 0.548389 13 1.000000
0.544519 0.202777 0.452363 9 1.000000
0.358363 0.206708 0.457810 9 0.970810
0.693179 0.198597 0.527500 5 0.000000
0.383248 0.798640 0.451143 9 1.000000
0.671904 0.794075 0.453451 9 1.000000
0.003491 0.498237 0.454808 6 1.000000
0.003362 0.531247 0.454838 6 1.000000
0.148582 0.793214 0.545119 8 0.999985
0.873324 0.180027 0.555076 14 1.000000
0.999012 0.451839 0.451095 1 1.000000
0.503320 0.200068 0.541716 3 0.000000
0.247455 0.801725 0.450403 8 1.000000
0.679723 0.201025 0.449757 9 1.000000
0.345270 0.210732 0.549104 4 0.802011
0.312244 0.210657 0.542167 14 1.000000
0.456962 0.214661 0.547144 4 0.999790
0.473599 0.198952 0.452072 12 1.000000
0.376203 0.208116 0.543469 5 1.000000
0.771037 0.202973 0.543882 5 1.000000
0.544754 0.204128 0.453738 9 1.000000
0.688776 0.199889 0.451760 3 1.000000
