# Created by Open3D 
# object name: pipeline_results
# number of vertices: 10632
# number of triangles: 20800
v 0.984085 0.205567 0.544527 0 0 1
v 0.98533 0.794151 0.542142 0 0 1
v 0.989085 0.205556 0.544538 0 0 1
v 0.987613 0.205574 0.54807 0 0 1
v 0.984075 0.205587 0.549527 0 0 1
v 0.980542 0.205589 0.548055 0 0 1
v 0.979085 0.205577 0.544517 0 0 1
v 0.980557 0.20556 0.540984 0 0 1
v 0.984096 0.205547 0.539527 0 0 1
v 0.987628 0.205545 0.540999 0 0 1
v 0.989396 0.352702 0.543941 0 0 1
v 0.987924 0.35272 0.547474 0 0 1
v 0.984386 0.352733 0.548931 0 0 1
v 0.980853 0.352735 0.547459 0 0 1
v 0.979396 0.352723 0.54392 0 0 1
v 0.980868 0.352706 0.540388 0 0 1
v 0.984407 0.352693 0.538931 0 0 1
v 0.987939 0.352691 0.540403 0 0 1
v 0.989707 0.499849 0.543345 0 0 1
v 0.988236 0.499866 0.546877 0 0 1
v 0.984697 0.499879 0.548334 0 0 1
v 0.981165 0.499881 0.546862 0 0 1
v 0.979708 0.49987 0.543324 0 0 1
v 0.981179 0.499852 0.539792 0 0 1
v 0.984718 0.499839 0.538335 0 0 1
v 0.98825 0.499837 0.539806 0 0 1
v 0.990019 0.646995 0.542749 0 0 1
v 0.988547 0.647012 0.546281 0 0 1
v 0.985008 0.647025 0.547738 0 0 1
v 0.981476 0.647027 0.546266 0 0 1
v 0.980019 0.647016 0.542727 0 0 1
v 0.981491 0.646998 0.539195 0 0 1
v 0.985029 0.646985 0.537738 0 0 1
v 0.988562 0.646983 0.53921 0 0 1
v 0.99033 0.794141 0.542152 0 0 1
v 0.988858 0.794158 0.545685 0 0 1
v 0.985319 0.794172 0.547142 0 0 1
v 0.981787 0.794173 0.54567 0 0 1
v 0.98033 0.794162 0.542131 0 0 1
v 0.981802 0.794144 0.538599 0 0 1
v 0.98534 0.794131 0.537142 0 0 1
v 0.988873 0.794129 0.538614 0 0 1
v 0.995631 0.205805 0.449559 0 0 1
v 0.984085 0.205567 0.544527 0 0 1
v 0.990671 0.2056 0.448956 0 0 1
v 0.991979 0.209192 0.449124 0 0 1
v 0.995425 0.210801 0.449547 0 0 1
v 0.998992 0.209483 0.449977 0 0 1
v 1.00059 0.206011 0.450162 0 0 1
v 0.999283 0.202418 0.449995 0 0 1
v 0.995836 0.20081 0.449571 0 0 1
v 0.992269 0.202127 0.449141 0 0 1
v 0.987785 0.20554 0.472698 0 0 1
v 0.989092 0.209133 0.472866 0 0 1
v 0.992539 0.210741 0.473289 0 0 1
v 0.996106 0.209424 0.473719 0 0 1
v 0.997703 0.205951 0.473905 0 0 1
v 0.996396 0.202359 0.473737 0 0 1
v 0.99295 0.20075 0.473314 0 0 1
v 0.989383 0.202068 0.472883 0 0 1
v 0.984899 0.20548 0.49644 0 0 1
v 0.986206 0.209073 0.496608 0 0 1
v 0.989652 0.210682 0.497031 0 0 1
v 0.993219 0.209364 0.497461 0 0 1
v 0.994817 0.205892 0.497647 0 0 1
v 0.99351 0.202299 0.497479 0 0 1
v 0.990064 0.20069 0.497056 0 0 1
v 0.986497 0.202008 0.496625 0 0 1
v 0.982012 0.205421 0.520182 0 0 1
v 0.983319 0.209014 0.52035 0 0 1
v 0.986766 0.210622 0.520773 0 0 1
v 0.990333 0.209304 0.521203 0 0 1
v 0.991931 0.205832 0.521389 0 0 1
v 0.990624 0.202239 0.521221 0 0 1
v 0.987177 0.200631 0.520798 0 0 1
v 0.98361 0.201948 0.520367 0 0 1
v 0.979126 0.205361 0.543924 0 0 1
v 0.980433 0.208954 0.544092 0 0 1
v 0.983879 0.210563 0.544515 0 0 1
v 0.987446 0.209245 0.544945 0 0 1
v 0.989044 0.205773 0.545131 0 0 1
v 0.987737 0.20218 0.544963 0 0 1
v 0.984291 0.200571 0.54454 0 0 1
v 0.980724 0.201889 0.544109 0 0 1
v 0.98533 0.794151 0.542142 0 0 1
v 0.996987 0.799298 0.446321 0 0 1
v 0.990293 0.794135 0.542745 0 0 1
v 0.988828 0.79767 0.542756 0 0 1
v 0.985314 0.799144 0.542408 0 0 1
v 0.981809 0.797693 0.541903 0 0 1
v 0.980366 0.794167 0.541539 0 0 1
v 0.981832 0.790632 0.541527 0 0 1
v 0.985346 0.789158 0.541875 0 0 1
v 0.988851 0.790609 0.54238 0 0 1
v 0.993208 0.795422 0.518789 0 0 1
v 0.991742 0.798957 0.518801 0 0 1
v 0.988228 0.800431 0.518453 0 0 1
v 0.984723 0.79898 0.517948 0 0 1
v 0.983281 0.795454 0.517583 0 0 1
v 0.984746 0.791919 0.517572 0 0 1
v 0.98826 0.790445 0.51792 0 0 1
v 0.991765 0.791896 0.518425 0 0 1
v 0.996122 0.796709 0.494834 0 0 1
v 0.994657 0.800244 0.494846 0 0 1
v 0.991142 0.801718 0.494497 0 0 1
v 0.987637 0.800267 0.493993 0 0 1
v 0.986195 0.796741 0.493628 0 0 1
v 0.98766 0.793206 0.493617 0 0 1
v 0.991174 0.791732 0.493965 0 0 1
v 0.994679 0.793183 0.494469 0 0 1
v 0.999036 0.797995 0.470879 0 0 1
v 0.997571 0.80153 0.470891 0 0 1
v 0.994057 0.803004 0.470542 0 0 1
v 0.990552 0.801553 0.470038 0 0 1
v 0.989109 0.798027 0.469673 0 0 1
v 0.990574 0.794492 0.469661 0 0 1
v 0.994089 0.793018 0.47001 0 0 1
v 0.997594 0.794469 0.470514 0 0 1
v 1.00195 0.799282 0.446924 0 0 1
v 1.00049 0.802817 0.446936 0 0 1
v 0.996971 0.804291 0.446587 0 0 1
v 0.993466 0.80284 0.446083 0 0 1
v 0.992023 0.799314 0.445718 0 0 1
v 0.993489 0.795779 0.445706 0 0 1
v 0.997003 0.794305 0.446055 0 0 1
v 1.00051 0.795756 0.446559 0 0 1
v 0.996987 0.799298 0.446321 0 0 1
v 0.995631 0.205805 0.449559 0 0 1
v 1.00199 0.799287 0.446309 0 0 1
v 1.00051 0.799271 0.442777 0 0 1
v 0.996975 0.799271 0.441321 0 0 1
v 0.993443 0.799287 0.442794 0 0 1
v 0.991987 0.79931 0.446332 0 0 1
v 0.99346 0.799325 0.449864 0 0 1
v 0.996998 0.799325 0.451321 0 0 1
v 1.00053 0.799309 0.449848 0 0 1
v 1.00165 0.650913 0.447119 0 0 1
v 1.00018 0.650897 0.443587 0 0 1
v 0.996636 0.650898 0.442131 0 0 1
v 0.993104 0.650914 0.443603 0 0 1
v 0.991648 0.650936 0.447142 0 0 1
v 0.99312 0.650952 0.450674 0 0 1
v 0.996659 0.650952 0.45213 0 0 1
v 1.00019 0.650936 0.450658 0 0 1
v 1.00131 0.50254 0.447929 0 0 1
v 0.999836 0.502524 0.444396 0 0 1
v 0.996297 0.502524 0.44294 0 0 1
v 0.992765 0.502541 0.444413 0 0 1
v 0.991309 0.502563 0.447951 0 0 1
v 0.992781 0.502579 0.451484 0 0 1
v 0.99632 0.502579 0.45294 0 0 1
v 0.999852 0.502563 0.451467 0 0 1
v 1.00097 0.354167 0.448738 0 0 1
v 0.999497 0.354151 0.445206 0 0 1
v 0.995958 0.354151 0.44375 0 0 1
v 0.992426 0.354167 0.445222 0 0 1
v 0.99097 0.35419 0.448761 0 0 1
v 0.992442 0.354206 0.452293 0 0 1
v 0.995981 0.354206 0.453749 0 0 1
v 0.999513 0.35419 0.452277 0 0 1
v 1.00063 0.205794 0.449548 0 0 1
v 0.999158 0.205778 0.446015 0 0 1
v 0.995619 0.205778 0.444559 0 0 1
v 0.992087 0.205794 0.446032 0 0 1
v 0.990631 0.205817 0.44957 0 0 1
v 0.992103 0.205833 0.453103 0 0 1
v 0.995642 0.205833 0.454559 0 0 1
v 0.999174 0.205816 0.453086 0 0 1
v 0.984085 0.205567 0.544527 0 0 1
v 0.0241812 0.198075 0.549054 0 0 1
v 0.984062 0.205528 0.539528 0 0 1
v 0.984041 0.209074 0.540964 0 0 1
v 0.984046 0.210567 0.544488 0 0 1
v 0.984074 0.20913 0.548035 0 0 1
v 0.984108 0.205606 0.549527 0 0 1
v 0.984129 0.202059 0.54809 0 0 1
v 0.984124 0.200567 0.544566 0 0 1
v 0.984096 0.202004 0.54102 0 0 1
v 0.744086 0.203655 0.540659 0 0 1
v 0.744065 0.207202 0.542096 0 0 1
v 0.74407 0.208694 0.54562 0 0 1
v 0.744098 0.207257 0.549167 0 0 1
v 0.744132 0.203733 0.550659 0 0 1
v 0.744153 0.200186 0.549222 0 0 1
v 0.744148 0.198694 0.545698 0 0 1
v 0.74412 0.200131 0.542151 0 0 1
v 0.50411 0.201782 0.541791 0 0 1
v 0.504089 0.205329 0.543228 0 0 1
v 0.504094 0.206821 0.546752 0 0 1
v 0.504122 0.205384 0.550299 0 0 1
v 0.504156 0.20186 0.551791 0 0 1
v 0.504177 0.198314 0.550354 0 0 1
v 0.504172 0.196821 0.54683 0 0 1
v 0.504144 0.198258 0.543283 0 0 1
v 0.264134 0.199909 0.542923 0 0 1
v 0.264113 0.203456 0.54436 0 0 1
v 0.264118 0.204948 0.547884 0 0 1
v 0.264146 0.203511 0.55143 0 0 1
v 0.26418 0.199987 0.552922 0 0 1
v 0.264201 0.196441 0.551486 0 0 1
v 0.264196 0.194949 0.547962 0 0 1
v 0.264168 0.196385 0.544415 0 0 1
v 0.024158 0.198036 0.544055 0 0 1
v 0.0241371 0.201583 0.545491 0 0 1
v 0.024142 0.203075 0.549015 0 0 1
v 0.02417 0.201638 0.552562 0 0 1
v 0.0242045 0.198115 0.554054 0 0 1
v 0.0242254 0.194568 0.552617 0 0 1
v 0.0242204 0.193076 0.549093 0 0 1
v 0.0241925 0.194512 0.545547 0 0 1
v 0.0190928 0.789129 0.546688 0 0 1
v 0.98533 0.794151 0.542142 0 0 1
v 0.0191165 0.789103 0.551688 0 0 1
v 0.0190913 0.792646 0.550242 0 0 1
v 0.019067 0.794129 0.546714 0 0 1
v 0.0190578 0.792683 0.543171 0 0 1
v 0.0190692 0.789155 0.541688 0 0 1
v 0.0190944 0.785612 0.543135 0 0 1
v 0.0191187 0.784129 0.546662 0 0 1
v 0.0191278 0.785575 0.550205 0 0 1
v 0.260676 0.790359 0.550552 0 0 1
v 0.260651 0.793902 0.549105 0 0 1
v 0.260626 0.795384 0.545578 0 0 1
v 0.260617 0.793938 0.542035 0 0 1
v 0.260628 0.79041 0.540552 0 0 1
v 0.260654 0.786867 0.541998 0 0 1
v 0.260678 0.785385 0.545526 0 0 1
v 0.260687 0.786831 0.549069 0 0 1
v 0.502235 0.791614 0.549415 0 0 1
v 0.50221 0.795157 0.547969 0 0 1
v 0.502185 0.79664 0.544441 0 0 1
v 0.502176 0.795194 0.540898 0 0 1
v 0.502188 0.791666 0.539415 0 0 1
v 0.502213 0.788123 0.540861 0 0 1
v 0.502237 0.78664 0.544389 0 0 1
v 0.502246 0.788086 0.547932 0 0 1
v 0.743794 0.79287 0.548278 0 0 1
v 0.743769 0.796413 0.546832 0 0 1
v 0.743745 0.797896 0.543304 0 0 1
v 0.743736 0.796449 0.539761 0 0 1
v 0.743747 0.792922 0.538278 0 0 1
v 0.743772 0.789379 0.539724 0 0 1
v 0.743796 0.787896 0.543252 0 0 1
v 0.743806 0.789342 0.546795 0 0 1
v 0.985353 0.794125 0.547141 0 0 1
v 0.985328 0.797668 0.545695 0 0 1
v 0.985304 0.799151 0.542168 0 0 1
v 0.985295 0.797705 0.538625 0 0 1
v 0.985306 0.794177 0.537142 0 0 1
v 0.985331 0.790634 0.538588 0 0 1
v 0.985356 0.789151 0.542116 0 0 1
v 0.985365 0.790598 0.545659 0 0 1
v 0.0241812 0.198075 0.549054 0 0 1
v 0.0190928 0.789129 0.546688 0 0 1
v 0.0291809 0.198118 0.549011 0 0 1
v 0.0277468 0.19812 0.552559 0 0 1
v 0.0242241 0.198096 0.554054 0 0 1
v 0.0206763 0.198059 0.55262 0 0 1
v 0.0191816 0.198033 0.549097 0 0 1
v 0.0206157 0.198031 0.545549 0 0 1
v 0.0241384 0.198055 0.544055 0 0 1
v 0.0276862 0.198091 0.545489 0 0 1
v 0.0279088 0.345882 0.54842 0 0 1
v 0.0264747 0.345884 0.551968 0 0 1
v 0.022952 0.345859 0.553463 0 0 1
v 0.0194042 0.345823 0.552029 0 0 1
v 0.0179095 0.345796 0.548506 0 0 1
v 0.0193435 0.345794 0.544958 0 0 1
v 0.0228663 0.345818 0.543463 0 0 1
v 0.0264141 0.345855 0.544897 0 0 1
v 0.0266367 0.493645 0.547828 0 0 1
v 0.0252026 0.493647 0.551376 0 0 1
v 0.0216799 0.493623 0.552871 0 0 1
v 0.0181321 0.493586 0.551437 0 0 1
v 0.0166374 0.493559 0.547914 0 0 1
v 0.0180714 0.493557 0.544366 0 0 1
v 0.0215942 0.493582 0.542872 0 0 1
v 0.025142 0.493618 0.544306 0 0 1
v 0.0253646 0.641408 0.547237 0 0 1
v 0.0239305 0.64141 0.550785 0 0 1
v 0.0204078 0.641386 0.55228 0 0 1
v 0.01686 0.64135 0.550846 0 0 1
v 0.0153653 0.641323 0.547323 0 0 1
v 0.0167993 0.641321 0.543775 0 0 1
v 0.0203221 0.641345 0.54228 0 0 1
v 0.0238699 0.641381 0.543714 0 0 1
v 0.0240924 0.789172 0.546645 0 0 1
v 0.0226584 0.789174 0.550193 0 0 1
v 0.0191357 0.789149 0.551688 0 0 1
v 0.0155879 0.789113 0.550254 0 0 1
v 0.0140932 0.789086 0.546731 0 0 1
v 0.0155272 0.789084 0.543183 0 0 1
v 0.0190499 0.789109 0.541689 0 0 1
v 0.0225978 0.789145 0.543123 0 0 1
v -0.00343656 0.198011 0.452448 0 0 1
v 0.0241812 0.198075 0.549054 0 0 1
v -0.00824391 0.197988 0.453823 0 0 1
v -0.00685202 0.20153 0.453422 0 0 1
v -0.0034594 0.203011 0.452452 0 0 1
v -5.33946e-05 0.201563 0.451479 0 0 1
v 0.00137079 0.198034 0.451074 0 0 1
v -2.11003e-05 0.194492 0.451474 0 0 1
v -0.00341372 0.193011 0.452445 0 0 1
v -0.00681973 0.194459 0.453418 0 0 1
v -0.00133946 0.198004 0.477974 0 0 1
v 5.24301e-05 0.201547 0.477574 0 0 1
v 0.00344505 0.203027 0.476603 0 0 1
v 0.00685106 0.201579 0.47563 0 0 1
v 0.00827524 0.19805 0.475226 0 0 1
v 0.00688335 0.194508 0.475626 0 0 1
v 0.00349073 0.193027 0.476597 0 0 1
v 8.47244e-05 0.194476 0.477569 0 0 1
v 0.00556499 0.19802 0.502126 0 0 1
v 0.00695688 0.201563 0.501725 0 0 1
v 0.0103495 0.203043 0.500755 0 0 1
v 0.0137555 0.201595 0.499782 0 0 1
v 0.0151797 0.198066 0.499377 0 0 1
v 0.0137878 0.194524 0.499777 0 0 1
v 0.0103952 0.193043 0.500748 0 0 1
v 0.00698917 0.194492 0.501721 0 0 1
v 0.0124694 0.198036 0.526277 0 0 1
v 0.0138613 0.201579 0.525877 0 0 1
v 0.017254 0.203059 0.524906 0 0 1
v 0.02066 0.201611 0.523933 0 0 1
v 0.0220841 0.198082 0.523529 0 0 1
v 0.0206923 0.19454 0.523929 0 0 1
v 0.0172996 0.193059 0.5249 0 0 1
v 0.0138936 0.194508 0.525872 0 0 1
v 0.0193739 0.198053 0.550429 0 0 1
v 0.0207658 0.201595 0.550028 0 0 1
v 0.0241584 0.203075 0.549058 0 0 1
v 0.0275644 0.201627 0.548085 0 0 1
v 0.0289886 0.198098 0.54768 0 0 1
v 0.0275967 0.194556 0.54808 0 0 1
v 0.0242041 0.193075 0.549051 0 0 1
v 0.0207981 0.194524 0.550024 0 0 1
v 0.995631 0.205805 0.449559 0 0 1
v -0.00343656 0.198011 0.452448 0 0 1
v 0.995617 0.205766 0.444559 0 0 1
v 0.995593 0.209313 0.445996 0 0 1
v 0.995592 0.210805 0.44952 0 0 1
v 0.995613 0.209368 0.453067 0 0 1
v 0.995645 0.205844 0.454559 0 0 1
v 0.995668 0.202298 0.453122 0 0 1
v 0.99567 0.200806 0.449598 0 0 1
v 0.995648 0.202242 0.446051 0 0 1
v 0.74585 0.203818 0.445282 0 0 1
v 0.745826 0.207364 0.446718 0 0 1
v 0.745825 0.208856 0.450242 0 0 1
v 0.745846 0.20742 0.453789 0 0 1
v 0.745878 0.203896 0.455281 0 0 1
v 0.745902 0.200349 0.453844 0 0 1
v 0.745903 0.198857 0.45032 0 0 1
v 0.745882 0.200294 0.446774 0 0 1
v 0.496083 0.201869 0.446004 0 0 1
v 0.496059 0.205416 0.447441 0 0 1
v 0.496058 0.206908 0.450965 0 0 1
v 0.496079 0.205471 0.454512 0 0 1
v 0.496111 0.201947 0.456004 0 0 1
v 0.496135 0.198401 0.454567 0 0 1
v 0.496136 0.196909 0.451043 0 0 1
v 0.496115 0.198345 0.447496 0 0 1
v 0.246316 0.199921 0.446726 0 0 1
v 0.246293 0.203467 0.448163 0 0 1
v 0.246291 0.204959 0.451687 0 0 1
v 0.246313 0.203523 0.455234 0 0 1
v 0.246344 0.199999 0.456726 0 0 1
v 0.246368 0.196452 0.455289 0 0 1
v 0.246369 0.19496 0.451765 0 0 1
v 0.246348 0.196397 0.448218 0 0 1
v -0.00345071 0.197972 0.447449 0 0 1
v -0.00347423 0.201519 0.448885 0 0 1
v -0.00347568 0.203011 0.452409 0 0 1
v -0.00345421 0.201574 0.455956 0 0 1
v -0.00342241 0.19805 0.457448 0 0 1
v -0.00339889 0.194503 0.456011 0 0 1
v -0.00339744 0.193011 0.452487 0 0 1
v -0.00341891 0.194448 0.448941 0 0 1
v 0.0190928 0.789129 0.546688 0 0 1
v -0.00881105 0.794168 0.449215 0 0 1
v 0.0239001 0.789164 0.545314 0 0 1
v 0.0225167 0.792685 0.545892 0 0 1
v 0.0191276 0.794123 0.546937 0 0 1
v 0.0157182 0.792635 0.547836 0 0 1
v 0.0142855 0.789094 0.548063 0 0 1
v 0.015669 0.785573 0.547485 0 0 1
v 0.019058 0.784135 0.54644 0 0 1
v 0.0224675 0.785622 0.545541 0 0 1
v 0.0169241 0.790423 0.520946 0 0 1
v 0.0155407 0.793944 0.521524 0 0 1
v 0.0121517 0.795382 0.522568 0 0 1
v 0.00874221 0.793895 0.523467 0 0 1
v 0.00730958 0.790354 0.523694 0 0 1
v 0.00869299 0.786833 0.523116 0 0 1
v 0.012082 0.785395 0.522072 0 0 1
v 0.0154915 0.786882 0.521173 0 0 1
v 0.00994815 0.791683 0.496577 0 0 1
v 0.00856475 0.795204 0.497155 0 0 1
v 0.00517569 0.796642 0.4982 0 0 1
v 0.00176624 0.795155 0.499099 0 0 1
v 0.000333612 0.791614 0.499326 0 0 1
v 0.00171702 0.788093 0.498748 0 0 1
v 0.00510608 0.786655 0.497703 0 0 1
v 0.00851553 0.788142 0.496804 0 0 1
v 0.00297219 0.792943 0.472209 0 0 1
v 0.00158878 0.796464 0.472787 0 0 1
v -0.00180028 0.797902 0.473831 0 0 1
v -0.00520973 0.796415 0.474731 0 0 1
v -0.00664235 0.792873 0.474958 0 0 1
v -0.00525895 0.789352 0.47438 0 0 1
v -0.00186989 0.787914 0.473335 0 0 1
v 0.00153956 0.789402 0.472436 0 0 1
v -0.00400378 0.794203 0.447841 0 0 1
v -0.00538719 0.797723 0.448419 0 0 1
v -0.00877625 0.799161 0.449463 0 0 1
v -0.0121857 0.797674 0.450362 0 0 1
v -0.0136183 0.794133 0.450589 0 0 1
v -0.0122349 0.790612 0.450011 0 0 1
v -0.00884585 0.789174 0.448967 0 0 1
v -0.00543641 0.790661 0.448068 0 0 1
v -0.00881105 0.794168 0.449215 0 0 1
v 0.996987 0.799298 0.446321 0 0 1
v -0.00879653 0.794142 0.454215 0 0 1
v -0.00881877 0.797685 0.452768 0 0 1
v -0.00883648 0.799168 0.44924 0 0 1
v -0.0088393 0.797721 0.445698 0 0 1
v -0.00882557 0.794193 0.444215 0 0 1
v -0.00880333 0.79065 0.445661 0 0 1
v -0.00878562 0.789168 0.449189 0 0 1
v -0.0087828 0.790614 0.452732 0 0 1
v 0.242653 0.795425 0.453491 0 0 1
v 0.242631 0.798968 0.452045 0 0 1
v 0.242613 0.80045 0.448517 0 0 1
v 0.24261 0.799004 0.444974 0 0 1
v 0.242624 0.795476 0.443492 0 0 1
v 0.242646 0.791933 0.444938 0 0 1
v 0.242664 0.79045 0.448466 0 0 1
v 0.242667 0.791897 0.452009 0 0 1
v 0.494102 0.796707 0.452768 0 0 1
v 0.49408 0.80025 0.451321 0 0 1
v 0.494063 0.801733 0.447793 0 0 1
v 0.49406 0.800286 0.44425 0 0 1
v 0.494073 0.796758 0.442768 0 0 1
v 0.494096 0.793215 0.444214 0 0 1
v 0.494113 0.791733 0.447742 0 0 1
v 0.494116 0.793179 0.451285 0 0 1
v 0.745552 0.79799 0.452044 0 0 1
v 0.74553 0.801533 0.450598 0 0 1
v 0.745512 0.803015 0.44707 0 0 1
v 0.745509 0.801569 0.443527 0 0 1
v 0.745523 0.798041 0.442045 0 0 1
v 0.745545 0.794498 0.443491 0 0 1
v 0.745563 0.793016 0.447019 0 0 1
v 0.745566 0.794462 0.450562 0 0 1
v 0.997001 0.799273 0.451321 0 0 1
v 0.996979 0.802816 0.449874 0 0 1
v 0.996962 0.804298 0.446346 0 0 1
v 0.996959 0.802851 0.442803 0 0 1
v 0.996972 0.799323 0.441321 0 0 1
v 0.996995 0.795781 0.442767 0 0 1
v 0.997012 0.794298 0.446295 0 0 1
v 0.997015 0.795745 0.449838 0 0 1
v -0.00343656 0.198011 0.452448 0 0 1
v -0.00881105 0.794168 0.449215 0 0 1
v 0.00156304 0.198056 0.452403 0 0 1
v 0.000130386 0.198062 0.455952 0 0 1
v -0.00339173 0.198039 0.457448 0 0 1
v -0.00694011 0.197999 0.456016 0 0 1
v -0.00843616 0.197966 0.452493 0 0 1
v -0.00700351 0.19796 0.448945 0 0 1
v -0.00348139 0.197984 0.447449 0 0 1
v 6.69897e-05 0.198023 0.448881 0 0 1
v 0.000219413 0.347095 0.451595 0 0 1
v -0.00121324 0.347101 0.455143 0 0 1
v -0.00473535 0.347078 0.45664 0 0 1
v -0.00828373 0.347038 0.455207 0 0 1
v -0.00977978 0.347005 0.451685 0 0 1
v -0.00834713 0.346999 0.448137 0 0 1
v -0.00482501 0.347023 0.44664 0 0 1
v -0.00127663 0.347062 0.448073 0 0 1
v -0.00112421 0.496134 0.450787 0 0 1
v -0.00255686 0.496141 0.454335 0 0 1
v -0.00607898 0.496117 0.455831 0 0 1
v -0.00962735 0.496077 0.454399 0 0 1
v -0.0111234 0.496045 0.450877 0 0 1
v -0.00969075 0.496038 0.447328 0 0 1
v -0.00616863 0.496062 0.445832 0 0 1
v -0.00262026 0.496102 0.447264 0 0 1
v -0.00246783 0.645173 0.449978 0 0 1
v -0.00390048 0.64518 0.453527 0 0 1
v -0.0074226 0.645156 0.455023 0 0 1
v -0.010971 0.645116 0.453591 0 0 1
v -0.012467 0.645084 0.450068 0 0 1
v -0.0110344 0.645077 0.44652 0 0 1
v -0.00751226 0.645101 0.445024 0 0 1
v -0.00396388 0.645141 0.446456 0 0 1
v -0.00381145 0.794213 0.44917 0 0 1
v -0.0052441 0.794219 0.452718 0 0 1
v -0.00876622 0.794195 0.454215 0 0 1
v -0.0123146 0.794156 0.452782 0 0 1
v -0.0138106 0.794123 0.44926 0 0 1
v -0.012378 0.794117 0.445711 0 0 1
v -0.00885588 0.79414 0.444215 0 0 1
v -0.0053075 0.79418 0.445648 0 0 1
v 0.98533 0.794151 0.552142 1 0 0
v 0.98533 0.794151 0.532142 1 0 0
v 0.986894 0.794151 0.552018 1 0 0
v 0.986875 0.794396 0.552018 1 0 0
v 0.986818 0.794635 0.552018 1 0 0
v 0.986724 0.794861 0.552018 1 0 0
v 0.986595 0.795071 0.552018 1 0 0
v 0.986436 0.795257 0.552018 1 0 0
v 0.986249 0.795417 0.552018 1 0 0
v 0.98604 0.795545 0.552018 1 0 0
v 0.985813 0.795639 0.552018 1 0 0
v 0.985575 0.795696 0.552018 1 0 0
v 0.98533 0.795716 0.552018 1 0 0
v 0.985085 0.795696 0.552018 1 0 0
v 0.984846 0.795639 0.552018 1 0 0
v 0.98462 0.795545 0.552018 1 0 0
v 0.98441 0.795417 0.552018 1 0 0
v 0.984224 0.795257 0.552018 1 0 0
v 0.984064 0.795071 0.552018 1 0 0
v 0.983936 0.794861 0.552018 1 0 0
v 0.983842 0.794635 0.552018 1 0 0
v 0.983785 0.794396 0.552018 1 0 0
v 0.983765 0.794151 0.552018 1 0 0
v 0.983785 0.793907 0.552018 1 0 0
v 0.983842 0.793668 0.552018 1 0 0
v 0.983936 0.793441 0.552018 1 0 0
v 0.984064 0.793232 0.552018 1 0 0
v 0.984224 0.793045 0.552018 1 0 0
v 0.98441 0.792886 0.552018 1 0 0
v 0.98462 0.792757 0.552018 1 0 0
v 0.984846 0.792663 0.552018 1 0 0
v 0.985085 0.792606 0.552018 1 0 0
v 0.98533 0.792587 0.552018 1 0 0
v 0.985575 0.792606 0.552018 1 0 0
v 0.985813 0.792663 0.552018 1 0 0
v 0.98604 0.792757 0.552018 1 0 0
v 0.986249 0.792886 0.552018 1 0 0
v 0.986436 0.793045 0.552018 1 0 0
v 0.986595 0.793232 0.552018 1 0 0
v 0.986724 0.793441 0.552018 1 0 0
v 0.986818 0.793668 0.552018 1 0 0
v 0.986875 0.793907 0.552018 1 0 0
v 0.98842 0.794151 0.551652 1 0 0
v 0.988382 0.794635 0.551652 1 0 0
v 0.988269 0.795106 0.551652 1 0 0
v 0.988083 0.795554 0.551652 1 0 0
v 0.98783 0.795968 0.551652 1 0 0
v 0.987515 0.796336 0.551652 1 0 0
v 0.987146 0.796651 0.551652 1 0 0
v 0.986733 0.796905 0.551652 1 0 0
v 0.986285 0.79709 0.551652 1 0 0
v 0.985813 0.797203 0.551652 1 0 0
v 0.98533 0.797241 0.551652 1 0 0
v 0.984846 0.797203 0.551652 1 0 0
v 0.984375 0.79709 0.551652 1 0 0
v 0.983927 0.796905 0.551652 1 0 0
v 0.983513 0.796651 0.551652 1 0 0
v 0.983145 0.796336 0.551652 1 0 0
v 0.98283 0.795968 0.551652 1 0 0
v 0.982576 0.795554 0.551652 1 0 0
v 0.982391 0.795106 0.551652 1 0 0
v 0.982278 0.794635 0.551652 1 0 0
v 0.98224 0.794151 0.551652 1 0 0
v 0.982278 0.793668 0.551652 1 0 0
v 0.982391 0.793196 0.551652 1 0 0
v 0.982576 0.792748 0.551652 1 0 0
v 0.98283 0.792335 0.551652 1 0 0
v 0.983145 0.791966 0.551652 1 0 0
v 0.983513 0.791651 0.551652 1 0 0
v 0.983927 0.791398 0.551652 1 0 0
v 0.984375 0.791212 0.551652 1 0 0
v 0.984846 0.791099 0.551652 1 0 0
v 0.98533 0.791061 0.551652 1 0 0
v 0.985813 0.791099 0.551652 1 0 0
v 0.986285 0.791212 0.551652 1 0 0
v 0.986733 0.791398 0.551652 1 0 0
v 0.987146 0.791651 0.551652 1 0 0
v 0.987515 0.791966 0.551652 1 0 0
v 0.98783 0.792335 0.551652 1 0 0
v 0.988083 0.792748 0.551652 1 0 0
v 0.988269 0.793196 0.551652 1 0 0
v 0.988382 0.793668 0.551652 1 0 0
v 0.98987 0.794151 0.551052 1 0 0
v 0.989814 0.794861 0.551052 1 0 0
v 0.989648 0.795554 0.551052 1 0 0
v 0.989375 0.796212 0.551052 1 0 0
v 0.989003 0.79682 0.551052 1 0 0
v 0.98854 0.797361 0.551052 1 0 0
v 0.987998 0.797824 0.551052 1 0 0
v 0.987391 0.798196 0.551052 1 0 0
v 0.986733 0.798469 0.551052 1 0 0
v 0.98604 0.798635 0.551052 1 0 0
v 0.98533 0.798691 0.551052 1 0 0
v 0.98462 0.798635 0.551052 1 0 0
v 0.983927 0.798469 0.551052 1 0 0
v 0.983269 0.798196 0.551052 1 0 0
v 0.982661 0.797824 0.551052 1 0 0
v 0.98212 0.797361 0.551052 1 0 0
v 0.981657 0.79682 0.551052 1 0 0
v 0.981285 0.796212 0.551052 1 0 0
v 0.981012 0.795554 0.551052 1 0 0
v 0.980846 0.794861 0.551052 1 0 0
v 0.98079 0.794151 0.551052 1 0 0
v 0.980846 0.793441 0.551052 1 0 0
v 0.981012 0.792748 0.551052 1 0 0
v 0.981285 0.79209 0.551052 1 0 0
v 0.981657 0.791483 0.551052 1 0 0
v 0.98212 0.790941 0.551052 1 0 0
v 0.982661 0.790478 0.551052 1 0 0
v 0.983269 0.790106 0.551052 1 0 0
v 0.983927 0.789834 0.551052 1 0 0
v 0.98462 0.789667 0.551052 1 0 0
v 0.98533 0.789611 0.551052 1 0 0
v 0.98604 0.789667 0.551052 1 0 0
v 0.986733 0.789834 0.551052 1 0 0
v 0.987391 0.790106 0.551052 1 0 0
v 0.987998 0.790478 0.551052 1 0 0
v 0.98854 0.790941 0.551052 1 0 0
v 0.989003 0.791483 0.551052 1 0 0
v 0.989375 0.79209 0.551052 1 0 0
v 0.989648 0.792748 0.551052 1 0 0
v 0.989814 0.793441 0.551052 1 0 0
v 0.991208 0.794151 0.550232 1 0 0
v 0.991135 0.795071 0.550232 1 0 0
v 0.99092 0.795968 0.550232 1 0 0
v 0.990567 0.79682 0.550232 1 0 0
v 0.990085 0.797606 0.550232 1 0 0
v 0.989486 0.798308 0.550232 1 0 0
v 0.988785 0.798907 0.550232 1 0 0
v 0.987998 0.799388 0.550232 1 0 0
v 0.987146 0.799741 0.550232 1 0 0
v 0.986249 0.799957 0.550232 1 0 0
v 0.98533 0.800029 0.550232 1 0 0
v 0.98441 0.799957 0.550232 1 0 0
v 0.983513 0.799741 0.550232 1 0 0
v 0.982661 0.799388 0.550232 1 0 0
v 0.981875 0.798907 0.550232 1 0 0
v 0.981174 0.798308 0.550232 1 0 0
v 0.980575 0.797606 0.550232 1 0 0
v 0.980093 0.79682 0.550232 1 0 0
v 0.97974 0.795968 0.550232 1 0 0
v 0.979524 0.795071 0.550232 1 0 0
v 0.979452 0.794151 0.550232 1 0 0
v 0.979524 0.793232 0.550232 1 0 0
v 0.97974 0.792335 0.550232 1 0 0
v 0.980093 0.791483 0.550232 1 0 0
v 0.980575 0.790696 0.550232 1 0 0
v 0.981174 0.789995 0.550232 1 0 0
v 0.981875 0.789396 0.550232 1 0 0
v 0.982661 0.788914 0.550232 1 0 0
v 0.983513 0.788561 0.550232 1 0 0
v 0.98441 0.788346 0.550232 1 0 0
v 0.98533 0.788273 0.550232 1 0 0
v 0.986249 0.788346 0.550232 1 0 0
v 0.987146 0.788561 0.550232 1 0 0
v 0.987998 0.788914 0.550232 1 0 0
v 0.988785 0.789396 0.550232 1 0 0
v 0.989486 0.789995 0.550232 1 0 0
v 0.990085 0.790696 0.550232 1 0 0
v 0.990567 0.791483 0.550232 1 0 0
v 0.99092 0.792335 0.550232 1 0 0
v 0.991135 0.793232 0.550232 1 0 0
v 0.992401 0.794151 0.549213 1 0 0
v 0.992314 0.795257 0.549213 1 0 0
v 0.992055 0.796336 0.549213 1 0 0
v 0.99163 0.797361 0.549213 1 0 0
v 0.99105 0.798308 0.549213 1 0 0
v 0.99033 0.799151 0.549213 1 0 0
v 0.989486 0.799872 0.549213 1 0 0
v 0.98854 0.800452 0.549213 1 0 0
v 0.987515 0.800876 0.549213 1 0 0
v 0.986436 0.801135 0.549213 1 0 0
v 0.98533 0.801222 0.549213 1 0 0
v 0.984224 0.801135 0.549213 1 0 0
v 0.983145 0.800876 0.549213 1 0 0
v 0.98212 0.800452 0.549213 1 0 0
v 0.981174 0.799872 0.549213 1 0 0
v 0.98033 0.799151 0.549213 1 0 0
v 0.979609 0.798308 0.549213 1 0 0
v 0.979029 0.797361 0.549213 1 0 0
v 0.978605 0.796336 0.549213 1 0 0
v 0.978346 0.795257 0.549213 1 0 0
v 0.978259 0.794151 0.549213 1 0 0
v 0.978346 0.793045 0.549213 1 0 0
v 0.978605 0.791966 0.549213 1 0 0
v 0.979029 0.790941 0.549213 1 0 0
v 0.979609 0.789995 0.549213 1 0 0
v 0.98033 0.789151 0.549213 1 0 0
v 0.981174 0.788431 0.549213 1 0 0
v 0.98212 0.787851 0.549213 1 0 0
v 0.983145 0.787426 0.549213 1 0 0
v 0.984224 0.787167 0.549213 1 0 0
v 0.98533 0.78708 0.549213 1 0 0
v 0.986436 0.787167 0.549213 1 0 0
v 0.987515 0.787426 0.549213 1 0 0
v 0.98854 0.787851 0.549213 1 0 0
v 0.989486 0.788431 0.549213 1 0 0
v 0.99033 0.789151 0.549213 1 0 0
v 0.99105 0.789995 0.549213 1 0 0
v 0.99163 0.790941 0.549213 1 0 0
v 0.992055 0.791966 0.549213 1 0 0
v 0.992314 0.793045 0.549213 1 0 0
v 0.99342 0.794151 0.548019 1 0 0
v 0.99332 0.795417 0.548019 1 0 0
v 0.993024 0.796651 0.548019 1 0 0
v 0.992538 0.797824 0.548019 1 0 0
v 0.991875 0.798907 0.548019 1 0 0
v 0.99105 0.799872 0.548019 1 0 0
v 0.990085 0.800696 0.548019 1 0 0
v 0.989003 0.80136 0.548019 1 0 0
v 0.98783 0.801845 0.548019 1 0 0
v 0.986595 0.802142 0.548019 1 0 0
v 0.98533 0.802241 0.548019 1 0 0
v 0.984064 0.802142 0.548019 1 0 0
v 0.98283 0.801845 0.548019 1 0 0
v 0.981657 0.80136 0.548019 1 0 0
v 0.980575 0.800696 0.548019 1 0 0
v 0.979609 0.799872 0.548019 1 0 0
v 0.978785 0.798907 0.548019 1 0 0
v 0.978121 0.797824 0.548019 1 0 0
v 0.977636 0.796651 0.548019 1 0 0
v 0.977339 0.795417 0.548019 1 0 0
v 0.97724 0.794151 0.548019 1 0 0
v 0.977339 0.792886 0.548019 1 0 0
v 0.977636 0.791651 0.548019 1 0 0
v 0.978121 0.790478 0.548019 1 0 0
v 0.978785 0.789396 0.548019 1 0 0
v 0.979609 0.788431 0.548019 1 0 0
v 0.980575 0.787606 0.548019 1 0 0
v 0.981657 0.786943 0.548019 1 0 0
v 0.98283 0.786457 0.548019 1 0 0
v 0.984064 0.786161 0.548019 1 0 0
v 0.98533 0.786061 0.548019 1 0 0
v 0.986595 0.786161 0.548019 1 0 0
v 0.98783 0.786457 0.548019 1 0 0
v 0.989003 0.786943 0.548019 1 0 0
v 0.990085 0.787606 0.548019 1 0 0
v 0.99105 0.788431 0.548019 1 0 0
v 0.991875 0.789396 0.548019 1 0 0
v 0.992538 0.790478 0.548019 1 0 0
v 0.993024 0.791651 0.548019 1 0 0
v 0.99332 0.792886 0.548019 1 0 0
v 0.99424 0.794151 0.546682 1 0 0
v 0.99413 0.795545 0.546682 1 0 0
v 0.993804 0.796905 0.546682 1 0 0
v 0.993269 0.798196 0.546682 1 0 0
v 0.992538 0.799388 0.546682 1 0 0
v 0.99163 0.800452 0.546682 1 0 0
v 0.990567 0.80136 0.546682 1 0 0
v 0.989375 0.80209 0.546682 1 0 0
v 0.988083 0.802625 0.546682 1 0 0
v 0.986724 0.802952 0.546682 1 0 0
v 0.98533 0.803061 0.546682 1 0 0
v 0.983936 0.802952 0.546682 1 0 0
v 0.982576 0.802625 0.546682 1 0 0
v 0.981285 0.80209 0.546682 1 0 0
v 0.980093 0.80136 0.546682 1 0 0
v 0.979029 0.800452 0.546682 1 0 0
v 0.978121 0.799388 0.546682 1 0 0
v 0.977391 0.798196 0.546682 1 0 0
v 0.976856 0.796905 0.546682 1 0 0
v 0.976529 0.795545 0.546682 1 0 0
v 0.97642 0.794151 0.546682 1 0 0
v 0.976529 0.792757 0.546682 1 0 0
v 0.976856 0.791398 0.546682 1 0 0
v 0.977391 0.790106 0.546682 1 0 0
v 0.978121 0.788914 0.546682 1 0 0
v 0.979029 0.787851 0.546682 1 0 0
v 0.980093 0.786943 0.546682 1 0 0
v 0.981285 0.786212 0.546682 1 0 0
v 0.982576 0.785677 0.546682 1 0 0
v 0.983936 0.785351 0.546682 1 0 0
v 0.98533 0.785241 0.546682 1 0 0
v 0.986724 0.785351 0.546682 1 0 0
v 0.988083 0.785677 0.546682 1 0 0
v 0.989375 0.786212 0.546682 1 0 0
v 0.990567 0.786943 0.546682 1 0 0
v 0.99163 0.787851 0.546682 1 0 0
v 0.992538 0.788914 0.546682 1 0 0
v 0.993269 0.790106 0.546682 1 0 0
v 0.993804 0.791398 0.546682 1 0 0
v 0.99413 0.792757 0.546682 1 0 0
v 0.99484 0.794151 0.545232 1 0 0
v 0.994723 0.795639 0.545232 1 0 0
v 0.994375 0.79709 0.545232 1 0 0
v 0.993804 0.798469 0.545232 1 0 0
v 0.993024 0.799741 0.545232 1 0 0
v 0.992055 0.800876 0.545232 1 0 0
v 0.99092 0.801845 0.545232 1 0 0
v 0.989648 0.802625 0.545232 1 0 0
v 0.988269 0.803196 0.545232 1 0 0
v 0.986818 0.803545 0.545232 1 0 0
v 0.98533 0.803662 0.545232 1 0 0
v 0.983842 0.803545 0.545232 1 0 0
v 0.982391 0.803196 0.545232 1 0 0
v 0.981012 0.802625 0.545232 1 0 0
v 0.97974 0.801845 0.545232 1 0 0
v 0.978605 0.800876 0.545232 1 0 0
v 0.977636 0.799741 0.545232 1 0 0
v 0.976856 0.798469 0.545232 1 0 0
v 0.976285 0.79709 0.545232 1 0 0
v 0.975936 0.795639 0.545232 1 0 0
v 0.975819 0.794151 0.545232 1 0 0
v 0.975936 0.792663 0.545232 1 0 0
v 0.976285 0.791212 0.545232 1 0 0
v 0.976856 0.789834 0.545232 1 0 0
v 0.977636 0.788561 0.545232 1 0 0
v 0.978605 0.787426 0.545232 1 0 0
v 0.97974 0.786457 0.545232 1 0 0
v 0.981012 0.785677 0.545232 1 0 0
v 0.982391 0.785106 0.545232 1 0 0
v 0.983842 0.784758 0.545232 1 0 0
v 0.98533 0.784641 0.545232 1 0 0
v 0.986818 0.784758 0.545232 1 0 0
v 0.988269 0.785106 0.545232 1 0 0
v 0.989648 0.785677 0.545232 1 0 0
v 0.99092 0.786457 0.545232 1 0 0
v 0.992055 0.787426 0.545232 1 0 0
v 0.993024 0.788561 0.545232 1 0 0
v 0.993804 0.789834 0.545232 1 0 0
v 0.994375 0.791212 0.545232 1 0 0
v 0.994723 0.792663 0.545232 1 0 0
v 0.995207 0.794151 0.543706 1 0 0
v 0.995085 0.795696 0.543706 1 0 0
v 0.994723 0.797203 0.543706 1 0 0
v 0.99413 0.798635 0.543706 1 0 0
v 0.99332 0.799957 0.543706 1 0 0
v 0.992314 0.801135 0.543706 1 0 0
v 0.991135 0.802142 0.543706 1 0 0
v 0.989814 0.802952 0.543706 1 0 0
v 0.988382 0.803545 0.543706 1 0 0
v 0.986875 0.803907 0.543706 1 0 0
v 0.98533 0.804028 0.543706 1 0 0
v 0.983785 0.803907 0.543706 1 0 0
v 0.982278 0.803545 0.543706 1 0 0
v 0.980846 0.802952 0.543706 1 0 0
v 0.979524 0.802142 0.543706 1 0 0
v 0.978346 0.801135 0.543706 1 0 0
v 0.977339 0.799957 0.543706 1 0 0
v 0.976529 0.798635 0.543706 1 0 0
v 0.975936 0.797203 0.543706 1 0 0
v 0.975575 0.795696 0.543706 1 0 0
v 0.975453 0.794151 0.543706 1 0 0
v 0.975575 0.792606 0.543706 1 0 0
v 0.975936 0.791099 0.543706 1 0 0
v 0.976529 0.789667 0.543706 1 0 0
v 0.977339 0.788346 0.543706 1 0 0
v 0.978346 0.787167 0.543706 1 0 0
v 0.979524 0.786161 0.543706 1 0 0
v 0.980846 0.785351 0.543706 1 0 0
v 0.982278 0.784758 0.543706 1 0 0
v 0.983785 0.784396 0.543706 1 0 0
v 0.98533 0.784274 0.543706 1 0 0
v 0.986875 0.784396 0.543706 1 0 0
v 0.988382 0.784758 0.543706 1 0 0
v 0.989814 0.785351 0.543706 1 0 0
v 0.991135 0.786161 0.543706 1 0 0
v 0.992314 0.787167 0.543706 1 0 0
v 0.99332 0.788346 0.543706 1 0 0
v 0.99413 0.789667 0.543706 1 0 0
v 0.994723 0.791099 0.543706 1 0 0
v 0.995085 0.792606 0.543706 1 0 0
v 0.99533 0.794151 0.542142 1 0 0
v 0.995207 0.795716 0.542142 1 0 0
v 0.99484 0.797241 0.542142 1 0 0
v 0.99424 0.798691 0.542142 1 0 0
v 0.99342 0.800029 0.542142 1 0 0
v 0.992401 0.801222 0.542142 1 0 0
v 0.991208 0.802241 0.542142 1 0 0
v 0.98987 0.803061 0.542142 1 0 0
v 0.98842 0.803662 0.542142 1 0 0
v 0.986894 0.804028 0.542142 1 0 0
v 0.98533 0.804151 0.542142 1 0 0
v 0.983765 0.804028 0.542142 1 0 0
v 0.98224 0.803662 0.542142 1 0 0
v 0.98079 0.803061 0.542142 1 0 0
v 0.979452 0.802241 0.542142 1 0 0
v 0.978259 0.801222 0.542142 1 0 0
v 0.97724 0.800029 0.542142 1 0 0
v 0.97642 0.798691 0.542142 1 0 0
v 0.975819 0.797241 0.542142 1 0 0
v 0.975453 0.795716 0.542142 1 0 0
v 0.97533 0.794151 0.542142 1 0 0
v 0.975453 0.792587 0.542142 1 0 0
v 0.975819 0.791061 0.542142 1 0 0
v 0.97642 0.789611 0.542142 1 0 0
v 0.97724 0.788273 0.542142 1 0 0
v 0.978259 0.78708 0.542142 1 0 0
v 0.979452 0.786061 0.542142 1 0 0
v 0.98079 0.785241 0.542142 1 0 0
v 0.98224 0.784641 0.542142 1 0 0
v 0.983765 0.784274 0.542142 1 0 0
v 0.98533 0.784151 0.542142 1 0 0
v 0.986894 0.784274 0.542142 1 0 0
v 0.98842 0.784641 0.542142 1 0 0
v 0.98987 0.785241 0.542142 1 0 0
v 0.991208 0.786061 0.542142 1 0 0
v 0.992401 0.78708 0.542142 1 0 0
v 0.99342 0.788273 0.542142 1 0 0
v 0.99424 0.789611 0.542142 1 0 0
v 0.99484 0.791061 0.542142 1 0 0
v 0.995207 0.792587 0.542142 1 0 0
v 0.995207 0.794151 0.540577 1 0 0
v 0.995085 0.795696 0.540577 1 0 0
v 0.994723 0.797203 0.540577 1 0 0
v 0.99413 0.798635 0.540577 1 0 0
v 0.99332 0.799957 0.540577 1 0 0
v 0.992314 0.801135 0.540577 1 0 0
v 0.991135 0.802142 0.540577 1 0 0
v 0.989814 0.802952 0.540577 1 0 0
v 0.988382 0.803545 0.540577 1 0 0
v 0.986875 0.803907 0.540577 1 0 0
v 0.98533 0.804028 0.540577 1 0 0
v 0.983785 0.803907 0.540577 1 0 0
v 0.982278 0.803545 0.540577 1 0 0
v 0.980846 0.802952 0.540577 1 0 0
v 0.979524 0.802142 0.540577 1 0 0
v 0.978346 0.801135 0.540577 1 0 0
v 0.977339 0.799957 0.540577 1 0 0
v 0.976529 0.798635 0.540577 1 0 0
v 0.975936 0.797203 0.540577 1 0 0
v 0.975575 0.795696 0.540577 1 0 0
v 0.975453 0.794151 0.540577 1 0 0
v 0.975575 0.792606 0.540577 1 0 0
v 0.975936 0.791099 0.540577 1 0 0
v 0.976529 0.789667 0.540577 1 0 0
v 0.977339 0.788346 0.540577 1 0 0
v 0.978346 0.787167 0.540577 1 0 0
v 0.979524 0.786161 0.540577 1 0 0
v 0.980846 0.785351 0.540577 1 0 0
v 0.982278 0.784758 0.540577 1 0 0
v 0.983785 0.784396 0.540577 1 0 0
v 0.98533 0.784274 0.540577 1 0 0
v 0.986875 0.784396 0.540577 1 0 0
v 0.988382 0.784758 0.540577 1 0 0
v 0.989814 0.785351 0.540577 1 0 0
v 0.991135 0.786161 0.540577 1 0 0
v 0.992314 0.787167 0.540577 1 0 0
v 0.99332 0.788346 0.540577 1 0 0
v 0.99413 0.789667 0.540577 1 0 0
v 0.994723 0.791099 0.540577 1 0 0
v 0.995085 0.792606 0.540577 1 0 0
v 0.99484 0.794151 0.539051 1 0 0
v 0.994723 0.795639 0.539051 1 0 0
v 0.994375 0.79709 0.539051 1 0 0
v 0.993804 0.798469 0.539051 1 0 0
v 0.993024 0.799741 0.539051 1 0 0
v 0.992055 0.800876 0.539051 1 0 0
v 0.99092 0.801845 0.539051 1 0 0
v 0.989648 0.802625 0.539051 1 0 0
v 0.988269 0.803196 0.539051 1 0 0
v 0.986818 0.803545 0.539051 1 0 0
v 0.98533 0.803662 0.539051 1 0 0
v 0.983842 0.803545 0.539051 1 0 0
v 0.982391 0.803196 0.539051 1 0 0
v 0.981012 0.802625 0.539051 1 0 0
v 0.97974 0.801845 0.539051 1 0 0
v 0.978605 0.800876 0.539051 1 0 0
v 0.977636 0.799741 0.539051 1 0 0
v 0.976856 0.798469 0.539051 1 0 0
v 0.976285 0.79709 0.539051 1 0 0
v 0.975936 0.795639 0.539051 1 0 0
v 0.975819 0.794151 0.539051 1 0 0
v 0.975936 0.792663 0.539051 1 0 0
v 0.976285 0.791212 0.539051 1 0 0
v 0.976856 0.789834 0.539051 1 0 0
v 0.977636 0.788561 0.539051 1 0 0
v 0.978605 0.787426 0.539051 1 0 0
v 0.97974 0.786457 0.539051 1 0 0
v 0.981012 0.785677 0.539051 1 0 0
v 0.982391 0.785106 0.539051 1 0 0
v 0.983842 0.784758 0.539051 1 0 0
v 0.98533 0.784641 0.539051 1 0 0
v 0.986818 0.784758 0.539051 1 0 0
v 0.988269 0.785106 0.539051 1 0 0
v 0.989648 0.785677 0.539051 1 0 0
v 0.99092 0.786457 0.539051 1 0 0
v 0.992055 0.787426 0.539051 1 0 0
v 0.993024 0.788561 0.539051 1 0 0
v 0.993804 0.789834 0.539051 1 0 0
v 0.994375 0.791212 0.539051 1 0 0
v 0.994723 0.792663 0.539051 1 0 0
v 0.99424 0.794151 0.537602 1 0 0
v 0.99413 0.795545 0.537602 1 0 0
v 0.993804 0.796905 0.537602 1 0 0
v 0.993269 0.798196 0.537602 1 0 0
v 0.992538 0.799388 0.537602 1 0 0
v 0.99163 0.800452 0.537602 1 0 0
v 0.990567 0.80136 0.537602 1 0 0
v 0.989375 0.80209 0.537602 1 0 0
v 0.988083 0.802625 0.537602 1 0 0
v 0.986724 0.802952 0.537602 1 0 0
v 0.98533 0.803061 0.537602 1 0 0
v 0.983936 0.802952 0.537602 1 0 0
v 0.982576 0.802625 0.537602 1 0 0
v 0.981285 0.80209 0.537602 1 0 0
v 0.980093 0.80136 0.537602 1 0 0
v 0.979029 0.800452 0.537602 1 0 0
v 0.978121 0.799388 0.537602 1 0 0
v 0.977391 0.798196 0.537602 1 0 0
v 0.976856 0.796905 0.537602 1 0 0
v 0.976529 0.795545 0.537602 1 0 0
v 0.97642 0.794151 0.537602 1 0 0
v 0.976529 0.792757 0.537602 1 0 0
v 0.976856 0.791398 0.537602 1 0 0
v 0.977391 0.790106 0.537602 1 0 0
v 0.978121 0.788914 0.537602 1 0 0
v 0.979029 0.787851 0.537602 1 0 0
v 0.980093 0.786943 0.537602 1 0 0
v 0.981285 0.786212 0.537602 1 0 0
v 0.982576 0.785677 0.537602 1 0 0
v 0.983936 0.785351 0.537602 1 0 0
v 0.98533 0.785241 0.537602 1 0 0
v 0.986724 0.785351 0.537602 1 0 0
v 0.988083 0.785677 0.537602 1 0 0
v 0.989375 0.786212 0.537602 1 0 0
v 0.990567 0.786943 0.537602 1 0 0
v 0.99163 0.787851 0.537602 1 0 0
v 0.992538 0.788914 0.537602 1 0 0
v 0.993269 0.790106 0.537602 1 0 0
v 0.993804 0.791398 0.537602 1 0 0
v 0.99413 0.792757 0.537602 1 0 0
v 0.99342 0.794151 0.536264 1 0 0
v 0.99332 0.795417 0.536264 1 0 0
v 0.993024 0.796651 0.536264 1 0 0
v 0.992538 0.797824 0.536264 1 0 0
v 0.991875 0.798907 0.536264 1 0 0
v 0.99105 0.799872 0.536264 1 0 0
v 0.990085 0.800696 0.536264 1 0 0
v 0.989003 0.80136 0.536264 1 0 0
v 0.98783 0.801845 0.536264 1 0 0
v 0.986595 0.802142 0.536264 1 0 0
v 0.98533 0.802241 0.536264 1 0 0
v 0.984064 0.802142 0.536264 1 0 0
v 0.98283 0.801845 0.536264 1 0 0
v 0.981657 0.80136 0.536264 1 0 0
v 0.980575 0.800696 0.536264 1 0 0
v 0.979609 0.799872 0.536264 1 0 0
v 0.978785 0.798907 0.536264 1 0 0
v 0.978121 0.797824 0.536264 1 0 0
v 0.977636 0.796651 0.536264 1 0 0
v 0.977339 0.795417 0.536264 1 0 0
v 0.97724 0.794151 0.536264 1 0 0
v 0.977339 0.792886 0.536264 1 0 0
v 0.977636 0.791651 0.536264 1 0 0
v 0.978121 0.790478 0.536264 1 0 0
v 0.978785 0.789396 0.536264 1 0 0
v 0.979609 0.788431 0.536264 1 0 0
v 0.980575 0.787606 0.536264 1 0 0
v 0.981657 0.786943 0.536264 1 0 0
v 0.98283 0.786457 0.536264 1 0 0
v 0.984064 0.786161 0.536264 1 0 0
v 0.98533 0.786061 0.536264 1 0 0
v 0.986595 0.786161 0.536264 1 0 0
v 0.98783 0.786457 0.536264 1 0 0
v 0.989003 0.786943 0.536264 1 0 0
v 0.990085 0.787606 0.536264 1 0 0
v 0.99105 0.788431 0.536264 1 0 0
v 0.991875 0.789396 0.536264 1 0 0
v 0.992538 0.790478 0.536264 1 0 0
v 0.993024 0.791651 0.536264 1 0 0
v 0.99332 0.792886 0.536264 1 0 0
v 0.992401 0.794151 0.535071 1 0 0
v 0.992314 0.795257 0.535071 1 0 0
v 0.992055 0.796336 0.535071 1 0 0
v 0.99163 0.797361 0.535071 1 0 0
v 0.99105 0.798308 0.535071 1 0 0
v 0.99033 0.799151 0.535071 1 0 0
v 0.989486 0.799872 0.535071 1 0 0
v 0.98854 0.800452 0.535071 1 0 0
v 0.987515 0.800876 0.535071 1 0 0
v 0.986436 0.801135 0.535071 1 0 0
v 0.98533 0.801222 0.535071 1 0 0
v 0.984224 0.801135 0.535071 1 0 0
v 0.983145 0.800876 0.535071 1 0 0
v 0.98212 0.800452 0.535071 1 0 0
v 0.981174 0.799872 0.535071 1 0 0
v 0.98033 0.799151 0.535071 1 0 0
v 0.979609 0.798308 0.535071 1 0 0
v 0.979029 0.797361 0.535071 1 0 0
v 0.978605 0.796336 0.535071 1 0 0
v 0.978346 0.795257 0.535071 1 0 0
v 0.978259 0.794151 0.535071 1 0 0
v 0.978346 0.793045 0.535071 1 0 0
v 0.978605 0.791966 0.535071 1 0 0
v 0.979029 0.790941 0.535071 1 0 0
v 0.979609 0.789995 0.535071 1 0 0
v 0.98033 0.789151 0.535071 1 0 0
v 0.981174 0.788431 0.535071 1 0 0
v 0.98212 0.787851 0.535071 1 0 0
v 0.983145 0.787426 0.535071 1 0 0
v 0.984224 0.787167 0.535071 1 0 0
v 0.98533 0.78708 0.535071 1 0 0
v 0.986436 0.787167 0.535071 1 0 0
v 0.987515 0.787426 0.535071 1 0 0
v 0.98854 0.787851 0.535071 1 0 0
v 0.989486 0.788431 0.535071 1 0 0
v 0.99033 0.789151 0.535071 1 0 0
v 0.99105 0.789995 0.535071 1 0 0
v 0.99163 0.790941 0.535071 1 0 0
v 0.992055 0.791966 0.535071 1 0 0
v 0.992314 0.793045 0.535071 1 0 0
v 0.991208 0.794151 0.534051 1 0 0
v 0.991135 0.795071 0.534051 1 0 0
v 0.99092 0.795968 0.534051 1 0 0
v 0.990567 0.79682 0.534051 1 0 0
v 0.990085 0.797606 0.534051 1 0 0
v 0.989486 0.798308 0.534051 1 0 0
v 0.988785 0.798907 0.534051 1 0 0
v 0.987998 0.799388 0.534051 1 0 0
v 0.987146 0.799741 0.534051 1 0 0
v 0.986249 0.799957 0.534051 1 0 0
v 0.98533 0.800029 0.534051 1 0 0
v 0.98441 0.799957 0.534051 1 0 0
v 0.983513 0.799741 0.534051 1 0 0
v 0.982661 0.799388 0.534051 1 0 0
v 0.981875 0.798907 0.534051 1 0 0
v 0.981174 0.798308 0.534051 1 0 0
v 0.980575 0.797606 0.534051 1 0 0
v 0.980093 0.79682 0.534051 1 0 0
v 0.97974 0.795968 0.534051 1 0 0
v 0.979524 0.795071 0.534051 1 0 0
v 0.979452 0.794151 0.534051 1 0 0
v 0.979524 0.793232 0.534051 1 0 0
v 0.97974 0.792335 0.534051 1 0 0
v 0.980093 0.791483 0.534051 1 0 0
v 0.980575 0.790696 0.534051 1 0 0
v 0.981174 0.789995 0.534051 1 0 0
v 0.981875 0.789396 0.534051 1 0 0
v 0.982661 0.788914 0.534051 1 0 0
v 0.983513 0.788561 0.534051 1 0 0
v 0.98441 0.788346 0.534051 1 0 0
v 0.98533 0.788273 0.534051 1 0 0
v 0.986249 0.788346 0.534051 1 0 0
v 0.987146 0.788561 0.534051 1 0 0
v 0.987998 0.788914 0.534051 1 0 0
v 0.988785 0.789396 0.534051 1 0 0
v 0.989486 0.789995 0.534051 1 0 0
v 0.990085 0.790696 0.534051 1 0 0
v 0.990567 0.791483 0.534051 1 0 0
v 0.99092 0.792335 0.534051 1 0 0
v 0.991135 0.793232 0.534051 1 0 0
v 0.98987 0.794151 0.533232 1 0 0
v 0.989814 0.794861 0.533232 1 0 0
v 0.989648 0.795554 0.533232 1 0 0
v 0.989375 0.796212 0.533232 1 0 0
v 0.989003 0.79682 0.533232 1 0 0
v 0.98854 0.797361 0.533232 1 0 0
v 0.987998 0.797824 0.533232 1 0 0
v 0.987391 0.798196 0.533232 1 0 0
v 0.986733 0.798469 0.533232 1 0 0
v 0.98604 0.798635 0.533232 1 0 0
v 0.98533 0.798691 0.533232 1 0 0
v 0.98462 0.798635 0.533232 1 0 0
v 0.983927 0.798469 0.533232 1 0 0
v 0.983269 0.798196 0.533232 1 0 0
v 0.982661 0.797824 0.533232 1 0 0
v 0.98212 0.797361 0.533232 1 0 0
v 0.981657 0.79682 0.533232 1 0 0
v 0.981285 0.796212 0.533232 1 0 0
v 0.981012 0.795554 0.533232 1 0 0
v 0.980846 0.794861 0.533232 1 0 0
v 0.98079 0.794151 0.533232 1 0 0
v 0.980846 0.793441 0.533232 1 0 0
v 0.981012 0.792748 0.533232 1 0 0
v 0.981285 0.79209 0.533232 1 0 0
v 0.981657 0.791483 0.533232 1 0 0
v 0.98212 0.790941 0.533232 1 0 0
v 0.982661 0.790478 0.533232 1 0 0
v 0.983269 0.790106 0.533232 1 0 0
v 0.983927 0.789834 0.533232 1 0 0
v 0.98462 0.789667 0.533232 1 0 0
v 0.98533 0.789611 0.533232 1 0 0
v 0.98604 0.789667 0.533232 1 0 0
v 0.986733 0.789834 0.533232 1 0 0
v 0.987391 0.790106 0.533232 1 0 0
v 0.987998 0.790478 0.533232 1 0 0
v 0.98854 0.790941 0.533232 1 0 0
v 0.989003 0.791483 0.533232 1 0 0
v 0.989375 0.79209 0.533232 1 0 0
v 0.989648 0.792748 0.533232 1 0 0
v 0.989814 0.793441 0.533232 1 0 0
v 0.98842 0.794151 0.532631 1 0 0
v 0.988382 0.794635 0.532631 1 0 0
v 0.988269 0.795106 0.532631 1 0 0
v 0.988083 0.795554 0.532631 1 0 0
v 0.98783 0.795968 0.532631 1 0 0
v 0.987515 0.796336 0.532631 1 0 0
v 0.987146 0.796651 0.532631 1 0 0
v 0.986733 0.796905 0.532631 1 0 0
v 0.986285 0.79709 0.532631 1 0 0
v 0.985813 0.797203 0.532631 1 0 0
v 0.98533 0.797241 0.532631 1 0 0
v 0.984846 0.797203 0.532631 1 0 0
v 0.984375 0.79709 0.532631 1 0 0
v 0.983927 0.796905 0.532631 1 0 0
v 0.983513 0.796651 0.532631 1 0 0
v 0.983145 0.796336 0.532631 1 0 0
v 0.98283 0.795968 0.532631 1 0 0
v 0.982576 0.795554 0.532631 1 0 0
v 0.982391 0.795106 0.532631 1 0 0
v 0.982278 0.794635 0.532631 1 0 0
v 0.98224 0.794151 0.532631 1 0 0
v 0.982278 0.793668 0.532631 1 0 0
v 0.982391 0.793196 0.532631 1 0 0
v 0.982576 0.792748 0.532631 1 0 0
v 0.98283 0.792335 0.532631 1 0 0
v 0.983145 0.791966 0.532631 1 0 0
v 0.983513 0.791651 0.532631 1 0 0
v 0.983927 0.791398 0.532631 1 0 0
v 0.984375 0.791212 0.532631 1 0 0
v 0.984846 0.791099 0.532631 1 0 0
v 0.98533 0.791061 0.532631 1 0 0
v 0.985813 0.791099 0.532631 1 0 0
v 0.986285 0.791212 0.532631 1 0 0
v 0.986733 0.791398 0.532631 1 0 0
v 0.987146 0.791651 0.532631 1 0 0
v 0.987515 0.791966 0.532631 1 0 0
v 0.98783 0.792335 0.532631 1 0 0
v 0.988083 0.792748 0.532631 1 0 0
v 0.988269 0.793196 0.532631 1 0 0
v 0.988382 0.793668 0.532631 1 0 0
v 0.986894 0.794151 0.532265 1 0 0
v 0.986875 0.794396 0.532265 1 0 0
v 0.986818 0.794635 0.532265 1 0 0
v 0.986724 0.794861 0.532265 1 0 0
v 0.986595 0.795071 0.532265 1 0 0
v 0.986436 0.795257 0.532265 1 0 0
v 0.986249 0.795417 0.532265 1 0 0
v 0.98604 0.795545 0.532265 1 0 0
v 0.985813 0.795639 0.532265 1 0 0
v 0.985575 0.795696 0.532265 1 0 0
v 0.98533 0.795716 0.532265 1 0 0
v 0.985085 0.795696 0.532265 1 0 0
v 0.984846 0.795639 0.532265 1 0 0
v 0.98462 0.795545 0.532265 1 0 0
v 0.98441 0.795417 0.532265 1 0 0
v 0.984224 0.795257 0.532265 1 0 0
v 0.984064 0.795071 0.532265 1 0 0
v 0.983936 0.794861 0.532265 1 0 0
v 0.983842 0.794635 0.532265 1 0 0
v 0.983785 0.794396 0.532265 1 0 0
v 0.983765 0.794151 0.532265 1 0 0
v 0.983785 0.793907 0.532265 1 0 0
v 0.983842 0.793668 0.532265 1 0 0
v 0.983936 0.793441 0.532265 1 0 0
v 0.984064 0.793232 0.532265 1 0 0
v 0.984224 0.793045 0.532265 1 0 0
v 0.98441 0.792886 0.532265 1 0 0
v 0.98462 0.792757 0.532265 1 0 0
v 0.984846 0.792663 0.532265 1 0 0
v 0.985085 0.792606 0.532265 1 0 0
v 0.98533 0.792587 0.532265 1 0 0
v 0.985575 0.792606 0.532265 1 0 0
v 0.985813 0.792663 0.532265 1 0 0
v 0.98604 0.792757 0.532265 1 0 0
v 0.986249 0.792886 0.532265 1 0 0
v 0.986436 0.793045 0.532265 1 0 0
v 0.986595 0.793232 0.532265 1 0 0
v 0.986724 0.793441 0.532265 1 0 0
v 0.986818 0.793668 0.532265 1 0 0
v 0.986875 0.793907 0.532265 1 0 0
v 0.984085 0.205567 0.554527 1 0 0
v 0.984085 0.205567 0.534527 1 0 0
v 0.985649 0.205567 0.554404 1 0 0
v 0.98563 0.205812 0.554404 1 0 0
v 0.985573 0.20605 0.554404 1 0 0
v 0.985479 0.206277 0.554404 1 0 0
v 0.985351 0.206486 0.554404 1 0 0
v 0.985191 0.206673 0.554404 1 0 0
v 0.985005 0.206832 0.554404 1 0 0
v 0.984795 0.206961 0.554404 1 0 0
v 0.984569 0.207055 0.554404 1 0 0
v 0.98433 0.207112 0.554404 1 0 0
v 0.984085 0.207131 0.554404 1 0 0
v 0.98384 0.207112 0.554404 1 0 0
v 0.983602 0.207055 0.554404 1 0 0
v 0.983375 0.206961 0.554404 1 0 0
v 0.983166 0.206832 0.554404 1 0 0
v 0.982979 0.206673 0.554404 1 0 0
v 0.98282 0.206486 0.554404 1 0 0
v 0.982691 0.206277 0.554404 1 0 0
v 0.982597 0.20605 0.554404 1 0 0
v 0.98254 0.205812 0.554404 1 0 0
v 0.982521 0.205567 0.554404 1 0 0
v 0.98254 0.205322 0.554404 1 0 0
v 0.982597 0.205083 0.554404 1 0 0
v 0.982691 0.204857 0.554404 1 0 0
v 0.98282 0.204647 0.554404 1 0 0
v 0.982979 0.204461 0.554404 1 0 0
v 0.983166 0.204301 0.554404 1 0 0
v 0.983375 0.204173 0.554404 1 0 0
v 0.983602 0.204079 0.554404 1 0 0
v 0.98384 0.204022 0.554404 1 0 0
v 0.984085 0.204002 0.554404 1 0 0
v 0.98433 0.204022 0.554404 1 0 0
v 0.984569 0.204079 0.554404 1 0 0
v 0.984795 0.204173 0.554404 1 0 0
v 0.985005 0.204301 0.554404 1 0 0
v 0.985191 0.204461 0.554404 1 0 0
v 0.985351 0.204647 0.554404 1 0 0
v 0.985479 0.204857 0.554404 1 0 0
v 0.985573 0.205083 0.554404 1 0 0
v 0.98563 0.205322 0.554404 1 0 0
v 0.987175 0.205567 0.554038 1 0 0
v 0.987137 0.20605 0.554038 1 0 0
v 0.987024 0.206522 0.554038 1 0 0
v 0.986838 0.20697 0.554038 1 0 0
v 0.986585 0.207383 0.554038 1 0 0
v 0.98627 0.207752 0.554038 1 0 0
v 0.985901 0.208067 0.554038 1 0 0
v 0.985488 0.20832 0.554038 1 0 0
v 0.98504 0.208506 0.554038 1 0 0
v 0.984569 0.208619 0.554038 1 0 0
v 0.984085 0.208657 0.554038 1 0 0
v 0.983602 0.208619 0.554038 1 0 0
v 0.98313 0.208506 0.554038 1 0 0
v 0.982682 0.20832 0.554038 1 0 0
v 0.982269 0.208067 0.554038 1 0 0
v 0.9819 0.207752 0.554038 1 0 0
v 0.981585 0.207383 0.554038 1 0 0
v 0.981332 0.20697 0.554038 1 0 0
v 0.981146 0.206522 0.554038 1 0 0
v 0.981033 0.20605 0.554038 1 0 0
v 0.980995 0.205567 0.554038 1 0 0
v 0.981033 0.205083 0.554038 1 0 0
v 0.981146 0.204612 0.554038 1 0 0
v 0.981332 0.204164 0.554038 1 0 0
v 0.981585 0.20375 0.554038 1 0 0
v 0.9819 0.203382 0.554038 1 0 0
v 0.982269 0.203067 0.554038 1 0 0
v 0.982682 0.202813 0.554038 1 0 0
v 0.98313 0.202628 0.554038 1 0 0
v 0.983602 0.202515 0.554038 1 0 0
v 0.984085 0.202477 0.554038 1 0 0
v 0.984569 0.202515 0.554038 1 0 0
v 0.98504 0.202628 0.554038 1 0 0
v 0.985488 0.202813 0.554038 1 0 0
v 0.985901 0.203067 0.554038 1 0 0
v 0.98627 0.203382 0.554038 1 0 0
v 0.986585 0.20375 0.554038 1 0 0
v 0.986838 0.204164 0.554038 1 0 0
v 0.987024 0.204612 0.554038 1 0 0
v 0.987137 0.205083 0.554038 1 0 0
v 0.988625 0.205567 0.553437 1 0 0
v 0.988569 0.206277 0.553437 1 0 0
v 0.988403 0.20697 0.553437 1 0 0
v 0.98813 0.207628 0.553437 1 0 0
v 0.987758 0.208235 0.553437 1 0 0
v 0.987295 0.208777 0.553437 1 0 0
v 0.986754 0.20924 0.553437 1 0 0
v 0.986146 0.209612 0.553437 1 0 0
v 0.985488 0.209885 0.553437 1 0 0
v 0.984795 0.210051 0.553437 1 0 0
v 0.984085 0.210107 0.553437 1 0 0
v 0.983375 0.210051 0.553437 1 0 0
v 0.982682 0.209885 0.553437 1 0 0
v 0.982024 0.209612 0.553437 1 0 0
v 0.981417 0.20924 0.553437 1 0 0
v 0.980875 0.208777 0.553437 1 0 0
v 0.980412 0.208235 0.553437 1 0 0
v 0.98004 0.207628 0.553437 1 0 0
v 0.979767 0.20697 0.553437 1 0 0
v 0.979601 0.206277 0.553437 1 0 0
v 0.979545 0.205567 0.553437 1 0 0
v 0.979601 0.204857 0.553437 1 0 0
v 0.979767 0.204164 0.553437 1 0 0
v 0.98004 0.203506 0.553437 1 0 0
v 0.980412 0.202898 0.553437 1 0 0
v 0.980875 0.202357 0.553437 1 0 0
v 0.981417 0.201894 0.553437 1 0 0
v 0.982024 0.201522 0.553437 1 0 0
v 0.982682 0.201249 0.553437 1 0 0
v 0.983375 0.201083 0.553437 1 0 0
v 0.984085 0.201027 0.553437 1 0 0
v 0.984795 0.201083 0.553437 1 0 0
v 0.985488 0.201249 0.553437 1 0 0
v 0.986146 0.201522 0.553437 1 0 0
v 0.986754 0.201894 0.553437 1 0 0
v 0.987295 0.202357 0.553437 1 0 0
v 0.987758 0.202898 0.553437 1 0 0
v 0.98813 0.203506 0.553437 1 0 0
v 0.988403 0.204164 0.553437 1 0 0
v 0.988569 0.204857 0.553437 1 0 0
v 0.989963 0.205567 0.552618 1 0 0
v 0.989891 0.206486 0.552618 1 0 0
v 0.989675 0.207383 0.552618 1 0 0
v 0.989322 0.208235 0.552618 1 0 0
v 0.98884 0.209022 0.552618 1 0 0
v 0.988241 0.209723 0.552618 1 0 0
v 0.98754 0.210322 0.552618 1 0 0
v 0.986754 0.210804 0.552618 1 0 0
v 0.985901 0.211157 0.552618 1 0 0
v 0.985005 0.211372 0.552618 1 0 0
v 0.984085 0.211445 0.552618 1 0 0
v 0.983166 0.211372 0.552618 1 0 0
v 0.982269 0.211157 0.552618 1 0 0
v 0.981417 0.210804 0.552618 1 0 0
v 0.98063 0.210322 0.552618 1 0 0
v 0.979929 0.209723 0.552618 1 0 0
v 0.97933 0.209022 0.552618 1 0 0
v 0.978848 0.208235 0.552618 1 0 0
v 0.978495 0.207383 0.552618 1 0 0
v 0.97828 0.206486 0.552618 1 0 0
v 0.978207 0.205567 0.552618 1 0 0
v 0.97828 0.204647 0.552618 1 0 0
v 0.978495 0.20375 0.552618 1 0 0
v 0.978848 0.202898 0.552618 1 0 0
v 0.97933 0.202112 0.552618 1 0 0
v 0.979929 0.201411 0.552618 1 0 0
v 0.98063 0.200812 0.552618 1 0 0
v 0.981417 0.20033 0.552618 1 0 0
v 0.982269 0.199977 0.552618 1 0 0
v 0.983166 0.199761 0.552618 1 0 0
v 0.984085 0.199689 0.552618 1 0 0
v 0.985005 0.199761 0.552618 1 0 0
v 0.985901 0.199977 0.552618 1 0 0
v 0.986754 0.20033 0.552618 1 0 0
v 0.98754 0.200812 0.552618 1 0 0
v 0.988241 0.201411 0.552618 1 0 0
v 0.98884 0.202112 0.552618 1 0 0
v 0.989322 0.202898 0.552618 1 0 0
v 0.989675 0.20375 0.552618 1 0 0
v 0.989891 0.204647 0.552618 1 0 0
v 0.991156 0.205567 0.551598 1 0 0
v 0.991069 0.206673 0.551598 1 0 0
v 0.99081 0.207752 0.551598 1 0 0
v 0.990386 0.208777 0.551598 1 0 0
v 0.989806 0.209723 0.551598 1 0 0
v 0.989085 0.210567 0.551598 1 0 0
v 0.988241 0.211287 0.551598 1 0 0
v 0.987295 0.211867 0.551598 1 0 0
v 0.98627 0.212292 0.551598 1 0 0
v 0.985191 0.212551 0.551598 1 0 0
v 0.984085 0.212638 0.551598 1 0 0
v 0.982979 0.212551 0.551598 1 0 0
v 0.9819 0.212292 0.551598 1 0 0
v 0.980875 0.211867 0.551598 1 0 0
v 0.979929 0.211287 0.551598 1 0 0
v 0.979085 0.210567 0.551598 1 0 0
v 0.978365 0.209723 0.551598 1 0 0
v 0.977785 0.208777 0.551598 1 0 0
v 0.97736 0.207752 0.551598 1 0 0
v 0.977101 0.206673 0.551598 1 0 0
v 0.977014 0.205567 0.551598 1 0 0
v 0.977101 0.204461 0.551598 1 0 0
v 0.97736 0.203382 0.551598 1 0 0
v 0.977785 0.202357 0.551598 1 0 0
v 0.978365 0.201411 0.551598 1 0 0
v 0.979085 0.200567 0.551598 1 0 0
v 0.979929 0.199846 0.551598 1 0 0
v 0.980875 0.199266 0.551598 1 0 0
v 0.9819 0.198842 0.551598 1 0 0
v 0.982979 0.198583 0.551598 1 0 0
v 0.984085 0.198496 0.551598 1 0 0
v 0.985191 0.198583 0.551598 1 0 0
v 0.98627 0.198842 0.551598 1 0 0
v 0.987295 0.199266 0.551598 1 0 0
v 0.988241 0.199846 0.551598 1 0 0
v 0.989085 0.200567 0.551598 1 0 0
v 0.989806 0.201411 0.551598 1 0 0
v 0.990386 0.202357 0.551598 1 0 0
v 0.99081 0.203382 0.551598 1 0 0
v 0.991069 0.204461 0.551598 1 0 0
v 0.992175 0.205567 0.550405 1 0 0
v 0.992076 0.206832 0.550405 1 0 0
v 0.991779 0.208067 0.550405 1 0 0
v 0.991294 0.20924 0.550405 1 0 0
v 0.99063 0.210322 0.550405 1 0 0
v 0.989806 0.211287 0.550405 1 0 0
v 0.98884 0.212112 0.550405 1 0 0
v 0.987758 0.212775 0.550405 1 0 0
v 0.986585 0.213261 0.550405 1 0 0
v 0.985351 0.213557 0.550405 1 0 0
v 0.984085 0.213657 0.550405 1 0 0
v 0.98282 0.213557 0.550405 1 0 0
v 0.981585 0.213261 0.550405 1 0 0
v 0.980412 0.212775 0.550405 1 0 0
v 0.97933 0.212112 0.550405 1 0 0
v 0.978365 0.211287 0.550405 1 0 0
v 0.97754 0.210322 0.550405 1 0 0
v 0.976877 0.20924 0.550405 1 0 0
v 0.976391 0.208067 0.550405 1 0 0
v 0.976095 0.206832 0.550405 1 0 0
v 0.975995 0.205567 0.550405 1 0 0
v 0.976095 0.204301 0.550405 1 0 0
v 0.976391 0.203067 0.550405 1 0 0
v 0.976877 0.201894 0.550405 1 0 0
v 0.97754 0.200812 0.550405 1 0 0
v 0.978365 0.199846 0.550405 1 0 0
v 0.97933 0.199022 0.550405 1 0 0
v 0.980412 0.198358 0.550405 1 0 0
v 0.981585 0.197873 0.550405 1 0 0
v 0.98282 0.197576 0.550405 1 0 0
v 0.984085 0.197477 0.550405 1 0 0
v 0.985351 0.197576 0.550405 1 0 0
v 0.986585 0.197873 0.550405 1 0 0
v 0.987758 0.198358 0.550405 1 0 0
v 0.98884 0.199022 0.550405 1 0 0
v 0.989806 0.199846 0.550405 1 0 0
v 0.99063 0.200812 0.550405 1 0 0
v 0.991294 0.201894 0.550405 1 0 0
v 0.991779 0.203067 0.550405 1 0 0
v 0.992076 0.204301 0.550405 1 0 0
v 0.992995 0.205567 0.549067 1 0 0
v 0.992886 0.206961 0.549067 1 0 0
v 0.992559 0.20832 0.549067 1 0 0
v 0.992024 0.209612 0.549067 1 0 0
v 0.991294 0.210804 0.549067 1 0 0
v 0.990386 0.211867 0.549067 1 0 0
v 0.989322 0.212775 0.549067 1 0 0
v 0.98813 0.213506 0.549067 1 0 0
v 0.986838 0.214041 0.549067 1 0 0
v 0.985479 0.214367 0.549067 1 0 0
v 0.984085 0.214477 0.549067 1 0 0
v 0.982691 0.214367 0.549067 1 0 0
v 0.981332 0.214041 0.549067 1 0 0
v 0.98004 0.213506 0.549067 1 0 0
v 0.978848 0.212775 0.549067 1 0 0
v 0.977785 0.211867 0.549067 1 0 0
v 0.976877 0.210804 0.549067 1 0 0
v 0.976146 0.209612 0.549067 1 0 0
v 0.975611 0.20832 0.549067 1 0 0
v 0.975285 0.206961 0.549067 1 0 0
v 0.975175 0.205567 0.549067 1 0 0
v 0.975285 0.204173 0.549067 1 0 0
v 0.975611 0.202813 0.549067 1 0 0
v 0.976146 0.201522 0.549067 1 0 0
v 0.976877 0.20033 0.549067 1 0 0
v 0.977785 0.199266 0.549067 1 0 0
v 0.978848 0.198358 0.549067 1 0 0
v 0.98004 0.197628 0.549067 1 0 0
v 0.981332 0.197093 0.549067 1 0 0
v 0.982691 0.196766 0.549067 1 0 0
v 0.984085 0.196657 0.549067 1 0 0
v 0.985479 0.196766 0.549067 1 0 0
v 0.986838 0.197093 0.549067 1 0 0
v 0.98813 0.197628 0.549067 1 0 0
v 0.989322 0.198358 0.549067 1 0 0
v 0.990386 0.199266 0.549067 1 0 0
v 0.991294 0.20033 0.549067 1 0 0
v 0.992024 0.201522 0.549067 1 0 0
v 0.992559 0.202813 0.549067 1 0 0
v 0.992886 0.204173 0.549067 1 0 0
v 0.993596 0.205567 0.547618 1 0 0
v 0.993479 0.207055 0.547618 1 0 0
v 0.99313 0.208506 0.547618 1 0 0
v 0.992559 0.209885 0.547618 1 0 0
v 0.991779 0.211157 0.547618 1 0 0
v 0.99081 0.212292 0.547618 1 0 0
v 0.989675 0.213261 0.547618 1 0 0
v 0.988403 0.214041 0.547618 1 0 0
v 0.987024 0.214612 0.547618 1 0 0
v 0.985573 0.21496 0.547618 1 0 0
v 0.984085 0.215077 0.547618 1 0 0
v 0.982597 0.21496 0.547618 1 0 0
v 0.981146 0.214612 0.547618 1 0 0
v 0.979767 0.214041 0.547618 1 0 0
v 0.978495 0.213261 0.547618 1 0 0
v 0.97736 0.212292 0.547618 1 0 0
v 0.976391 0.211157 0.547618 1 0 0
v 0.975611 0.209885 0.547618 1 0 0
v 0.97504 0.208506 0.547618 1 0 0
v 0.974692 0.207055 0.547618 1 0 0
v 0.974575 0.205567 0.547618 1 0 0
v 0.974692 0.204079 0.547618 1 0 0
v 0.97504 0.202628 0.547618 1 0 0
v 0.975611 0.201249 0.547618 1 0 0
v 0.976391 0.199977 0.547618 1 0 0
v 0.97736 0.198842 0.547618 1 0 0
v 0.978495 0.197873 0.547618 1 0 0
v 0.979767 0.197093 0.547618 1 0 0
v 0.981146 0.196522 0.547618 1 0 0
v 0.982597 0.196173 0.547618 1 0 0
v 0.984085 0.196056 0.547618 1 0 0
v 0.985573 0.196173 0.547618 1 0 0
v 0.987024 0.196522 0.547618 1 0 0
v 0.988403 0.197093 0.547618 1 0 0
v 0.989675 0.197873 0.547618 1 0 0
v 0.99081 0.198842 0.547618 1 0 0
v 0.991779 0.199977 0.547618 1 0 0
v 0.992559 0.201249 0.547618 1 0 0
v 0.99313 0.202628 0.547618 1 0 0
v 0.993479 0.204079 0.547618 1 0 0
v 0.993962 0.205567 0.546092 1 0 0
v 0.99384 0.207112 0.546092 1 0 0
v 0.993479 0.208619 0.546092 1 0 0
v 0.992886 0.210051 0.546092 1 0 0
v 0.992076 0.211372 0.546092 1 0 0
v 0.991069 0.212551 0.546092 1 0 0
v 0.989891 0.213557 0.546092 1 0 0
v 0.988569 0.214367 0.546092 1 0 0
v 0.987137 0.21496 0.546092 1 0 0
v 0.98563 0.215322 0.546092 1 0 0
v 0.984085 0.215444 0.546092 1 0 0
v 0.98254 0.215322 0.546092 1 0 0
v 0.981033 0.21496 0.546092 1 0 0
v 0.979601 0.214367 0.546092 1 0 0
v 0.97828 0.213557 0.546092 1 0 0
v 0.977101 0.212551 0.546092 1 0 0
v 0.976095 0.211372 0.546092 1 0 0
v 0.975285 0.210051 0.546092 1 0 0
v 0.974692 0.208619 0.546092 1 0 0
v 0.97433 0.207112 0.546092 1 0 0
v 0.974208 0.205567 0.546092 1 0 0
v 0.97433 0.204022 0.546092 1 0 0
v 0.974692 0.202515 0.546092 1 0 0
v 0.975285 0.201083 0.546092 1 0 0
v 0.976095 0.199761 0.546092 1 0 0
v 0.977101 0.198583 0.546092 1 0 0
v 0.97828 0.197576 0.546092 1 0 0
v 0.979601 0.196766 0.546092 1 0 0
v 0.981033 0.196173 0.546092 1 0 0
v 0.98254 0.195812 0.546092 1 0 0
v 0.984085 0.19569 0.546092 1 0 0
v 0.98563 0.195812 0.546092 1 0 0
v 0.987137 0.196173 0.546092 1 0 0
v 0.988569 0.196766 0.546092 1 0 0
v 0.989891 0.197576 0.546092 1 0 0
v 0.991069 0.198583 0.546092 1 0 0
v 0.992076 0.199761 0.546092 1 0 0
v 0.992886 0.201083 0.546092 1 0 0
v 0.993479 0.202515 0.546092 1 0 0
v 0.99384 0.204022 0.546092 1 0 0
v 0.994085 0.205567 0.544527 1 0 0
v 0.993962 0.207131 0.544527 1 0 0
v 0.993596 0.208657 0.544527 1 0 0
v 0.992995 0.210107 0.544527 1 0 0
v 0.992175 0.211445 0.544527 1 0 0
v 0.991156 0.212638 0.544527 1 0 0
v 0.989963 0.213657 0.544527 1 0 0
v 0.988625 0.214477 0.544527 1 0 0
v 0.987175 0.215077 0.544527 1 0 0
v 0.985649 0.215444 0.544527 1 0 0
v 0.984085 0.215567 0.544527 1 0 0
v 0.982521 0.215444 0.544527 1 0 0
v 0.980995 0.215077 0.544527 1 0 0
v 0.979545 0.214477 0.544527 1 0 0
v 0.978207 0.213657 0.544527 1 0 0
v 0.977014 0.212638 0.544527 1 0 0
v 0.975995 0.211445 0.544527 1 0 0
v 0.975175 0.210107 0.544527 1 0 0
v 0.974575 0.208657 0.544527 1 0 0
v 0.974208 0.207131 0.544527 1 0 0
v 0.974085 0.205567 0.544527 1 0 0
v 0.974208 0.204002 0.544527 1 0 0
v 0.974575 0.202477 0.544527 1 0 0
v 0.975175 0.201027 0.544527 1 0 0
v 0.975995 0.199689 0.544527 1 0 0
v 0.977014 0.198496 0.544527 1 0 0
v 0.978207 0.197477 0.544527 1 0 0
v 0.979545 0.196657 0.544527 1 0 0
v 0.980995 0.196056 0.544527 1 0 0
v 0.982521 0.19569 0.544527 1 0 0
v 0.984085 0.195567 0.544527 1 0 0
v 0.985649 0.19569 0.544527 1 0 0
v 0.987175 0.196056 0.544527 1 0 0
v 0.988625 0.196657 0.544527 1 0 0
v 0.989963 0.197477 0.544527 1 0 0
v 0.991156 0.198496 0.544527 1 0 0
v 0.992175 0.199689 0.544527 1 0 0
v 0.992995 0.201027 0.544527 1 0 0
v 0.993596 0.202477 0.544527 1 0 0
v 0.993962 0.204002 0.544527 1 0 0
v 0.993962 0.205567 0.542963 1 0 0
v 0.99384 0.207112 0.542963 1 0 0
v 0.993479 0.208619 0.542963 1 0 0
v 0.992886 0.210051 0.542963 1 0 0
v 0.992076 0.211372 0.542963 1 0 0
v 0.991069 0.212551 0.542963 1 0 0
v 0.989891 0.213557 0.542963 1 0 0
v 0.988569 0.214367 0.542963 1 0 0
v 0.987137 0.21496 0.542963 1 0 0
v 0.98563 0.215322 0.542963 1 0 0
v 0.984085 0.215444 0.542963 1 0 0
v 0.98254 0.215322 0.542963 1 0 0
v 0.981033 0.21496 0.542963 1 0 0
v 0.979601 0.214367 0.542963 1 0 0
v 0.97828 0.213557 0.542963 1 0 0
v 0.977101 0.212551 0.542963 1 0 0
v 0.976095 0.211372 0.542963 1 0 0
v 0.975285 0.210051 0.542963 1 0 0
v 0.974692 0.208619 0.542963 1 0 0
v 0.97433 0.207112 0.542963 1 0 0
v 0.974208 0.205567 0.542963 1 0 0
v 0.97433 0.204022 0.542963 1 0 0
v 0.974692 0.202515 0.542963 1 0 0
v 0.975285 0.201083 0.542963 1 0 0
v 0.976095 0.199761 0.542963 1 0 0
v 0.977101 0.198583 0.542963 1 0 0
v 0.97828 0.197576 0.542963 1 0 0
v 0.979601 0.196766 0.542963 1 0 0
v 0.981033 0.196173 0.542963 1 0 0
v 0.98254 0.195812 0.542963 1 0 0
v 0.984085 0.19569 0.542963 1 0 0
v 0.98563 0.195812 0.542963 1 0 0
v 0.987137 0.196173 0.542963 1 0 0
v 0.988569 0.196766 0.542963 1 0 0
v 0.989891 0.197576 0.542963 1 0 0
v 0.991069 0.198583 0.542963 1 0 0
v 0.992076 0.199761 0.542963 1 0 0
v 0.992886 0.201083 0.542963 1 0 0
v 0.993479 0.202515 0.542963 1 0 0
v 0.99384 0.204022 0.542963 1 0 0
v 0.993596 0.205567 0.541437 1 0 0
v 0.993479 0.207055 0.541437 1 0 0
v 0.99313 0.208506 0.541437 1 0 0
v 0.992559 0.209885 0.541437 1 0 0
v 0.991779 0.211157 0.541437 1 0 0
v 0.99081 0.212292 0.541437 1 0 0
v 0.989675 0.213261 0.541437 1 0 0
v 0.988403 0.214041 0.541437 1 0 0
v 0.987024 0.214612 0.541437 1 0 0
v 0.985573 0.21496 0.541437 1 0 0
v 0.984085 0.215077 0.541437 1 0 0
v 0.982597 0.21496 0.541437 1 0 0
v 0.981146 0.214612 0.541437 1 0 0
v 0.979767 0.214041 0.541437 1 0 0
v 0.978495 0.213261 0.541437 1 0 0
v 0.97736 0.212292 0.541437 1 0 0
v 0.976391 0.211157 0.541437 1 0 0
v 0.975611 0.209885 0.541437 1 0 0
v 0.97504 0.208506 0.541437 1 0 0
v 0.974692 0.207055 0.541437 1 0 0
v 0.974575 0.205567 0.541437 1 0 0
v 0.974692 0.204079 0.541437 1 0 0
v 0.97504 0.202628 0.541437 1 0 0
v 0.975611 0.201249 0.541437 1 0 0
v 0.976391 0.199977 0.541437 1 0 0
v 0.97736 0.198842 0.541437 1 0 0
v 0.978495 0.197873 0.541437 1 0 0
v 0.979767 0.197093 0.541437 1 0 0
v 0.981146 0.196522 0.541437 1 0 0
v 0.982597 0.196173 0.541437 1 0 0
v 0.984085 0.196056 0.541437 1 0 0
v 0.985573 0.196173 0.541437 1 0 0
v 0.987024 0.196522 0.541437 1 0 0
v 0.988403 0.197093 0.541437 1 0 0
v 0.989675 0.197873 0.541437 1 0 0
v 0.99081 0.198842 0.541437 1 0 0
v 0.991779 0.199977 0.541437 1 0 0
v 0.992559 0.201249 0.541437 1 0 0
v 0.99313 0.202628 0.541437 1 0 0
v 0.993479 0.204079 0.541437 1 0 0
v 0.992995 0.205567 0.539987 1 0 0
v 0.992886 0.206961 0.539987 1 0 0
v 0.992559 0.20832 0.539987 1 0 0
v 0.992024 0.209612 0.539987 1 0 0
v 0.991294 0.210804 0.539987 1 0 0
v 0.990386 0.211867 0.539987 1 0 0
v 0.989322 0.212775 0.539987 1 0 0
v 0.98813 0.213506 0.539987 1 0 0
v 0.986838 0.214041 0.539987 1 0 0
v 0.985479 0.214367 0.539987 1 0 0
v 0.984085 0.214477 0.539987 1 0 0
v 0.982691 0.214367 0.539987 1 0 0
v 0.981332 0.214041 0.539987 1 0 0
v 0.98004 0.213506 0.539987 1 0 0
v 0.978848 0.212775 0.539987 1 0 0
v 0.977785 0.211867 0.539987 1 0 0
v 0.976877 0.210804 0.539987 1 0 0
v 0.976146 0.209612 0.539987 1 0 0
v 0.975611 0.20832 0.539987 1 0 0
v 0.975285 0.206961 0.539987 1 0 0
v 0.975175 0.205567 0.539987 1 0 0
v 0.975285 0.204173 0.539987 1 0 0
v 0.975611 0.202813 0.539987 1 0 0
v 0.976146 0.201522 0.539987 1 0 0
v 0.976877 0.20033 0.539987 1 0 0
v 0.977785 0.199266 0.539987 1 0 0
v 0.978848 0.198358 0.539987 1 0 0
v 0.98004 0.197628 0.539987 1 0 0
v 0.981332 0.197093 0.539987 1 0 0
v 0.982691 0.196766 0.539987 1 0 0
v 0.984085 0.196657 0.539987 1 0 0
v 0.985479 0.196766 0.539987 1 0 0
v 0.986838 0.197093 0.539987 1 0 0
v 0.98813 0.197628 0.539987 1 0 0
v 0.989322 0.198358 0.539987 1 0 0
v 0.990386 0.199266 0.539987 1 0 0
v 0.991294 0.20033 0.539987 1 0 0
v 0.992024 0.201522 0.539987 1 0 0
v 0.992559 0.202813 0.539987 1 0 0
v 0.992886 0.204173 0.539987 1 0 0
v 0.992175 0.205567 0.538649 1 0 0
v 0.992076 0.206832 0.538649 1 0 0
v 0.991779 0.208067 0.538649 1 0 0
v 0.991294 0.20924 0.538649 1 0 0
v 0.99063 0.210322 0.538649 1 0 0
v 0.989806 0.211287 0.538649 1 0 0
v 0.98884 0.212112 0.538649 1 0 0
v 0.987758 0.212775 0.538649 1 0 0
v 0.986585 0.213261 0.538649 1 0 0
v 0.985351 0.213557 0.538649 1 0 0
v 0.984085 0.213657 0.538649 1 0 0
v 0.98282 0.213557 0.538649 1 0 0
v 0.981585 0.213261 0.538649 1 0 0
v 0.980412 0.212775 0.538649 1 0 0
v 0.97933 0.212112 0.538649 1 0 0
v 0.978365 0.211287 0.538649 1 0 0
v 0.97754 0.210322 0.538649 1 0 0
v 0.976877 0.20924 0.538649 1 0 0
v 0.976391 0.208067 0.538649 1 0 0
v 0.976095 0.206832 0.538649 1 0 0
v 0.975995 0.205567 0.538649 1 0 0
v 0.976095 0.204301 0.538649 1 0 0
v 0.976391 0.203067 0.538649 1 0 0
v 0.976877 0.201894 0.538649 1 0 0
v 0.97754 0.200812 0.538649 1 0 0
v 0.978365 0.199846 0.538649 1 0 0
v 0.97933 0.199022 0.538649 1 0 0
v 0.980412 0.198358 0.538649 1 0 0
v 0.981585 0.197873 0.538649 1 0 0
v 0.98282 0.197576 0.538649 1 0 0
v 0.984085 0.197477 0.538649 1 0 0
v 0.985351 0.197576 0.538649 1 0 0
v 0.986585 0.197873 0.538649 1 0 0
v 0.987758 0.198358 0.538649 1 0 0
v 0.98884 0.199022 0.538649 1 0 0
v 0.989806 0.199846 0.538649 1 0 0
v 0.99063 0.200812 0.538649 1 0 0
v 0.991294 0.201894 0.538649 1 0 0
v 0.991779 0.203067 0.538649 1 0 0
v 0.992076 0.204301 0.538649 1 0 0
v 0.991156 0.205567 0.537456 1 0 0
v 0.991069 0.206673 0.537456 1 0 0
v 0.99081 0.207752 0.537456 1 0 0
v 0.990386 0.208777 0.537456 1 0 0
v 0.989806 0.209723 0.537456 1 0 0
v 0.989085 0.210567 0.537456 1 0 0
v 0.988241 0.211287 0.537456 1 0 0
v 0.987295 0.211867 0.537456 1 0 0
v 0.98627 0.212292 0.537456 1 0 0
v 0.985191 0.212551 0.537456 1 0 0
v 0.984085 0.212638 0.537456 1 0 0
v 0.982979 0.212551 0.537456 1 0 0
v 0.9819 0.212292 0.537456 1 0 0
v 0.980875 0.211867 0.537456 1 0 0
v 0.979929 0.211287 0.537456 1 0 0
v 0.979085 0.210567 0.537456 1 0 0
v 0.978365 0.209723 0.537456 1 0 0
v 0.977785 0.208777 0.537456 1 0 0
v 0.97736 0.207752 0.537456 1 0 0
v 0.977101 0.206673 0.537456 1 0 0
v 0.977014 0.205567 0.537456 1 0 0
v 0.977101 0.204461 0.537456 1 0 0
v 0.97736 0.203382 0.537456 1 0 0
v 0.977785 0.202357 0.537456 1 0 0
v 0.978365 0.201411 0.537456 1 0 0
v 0.979085 0.200567 0.537456 1 0 0
v 0.979929 0.199846 0.537456 1 0 0
v 0.980875 0.199266 0.537456 1 0 0
v 0.9819 0.198842 0.537456 1 0 0
v 0.982979 0.198583 0.537456 1 0 0
v 0.984085 0.198496 0.537456 1 0 0
v 0.985191 0.198583 0.537456 1 0 0
v 0.98627 0.198842 0.537456 1 0 0
v 0.987295 0.199266 0.537456 1 0 0
v 0.988241 0.199846 0.537456 1 0 0
v 0.989085 0.200567 0.537456 1 0 0
v 0.989806 0.201411 0.537456 1 0 0
v 0.990386 0.202357 0.537456 1 0 0
v 0.99081 0.203382 0.537456 1 0 0
v 0.991069 0.204461 0.537456 1 0 0
v 0.989963 0.205567 0.536437 1 0 0
v 0.989891 0.206486 0.536437 1 0 0
v 0.989675 0.207383 0.536437 1 0 0
v 0.989322 0.208235 0.536437 1 0 0
v 0.98884 0.209022 0.536437 1 0 0
v 0.988241 0.209723 0.536437 1 0 0
v 0.98754 0.210322 0.536437 1 0 0
v 0.986754 0.210804 0.536437 1 0 0
v 0.985901 0.211157 0.536437 1 0 0
v 0.985005 0.211372 0.536437 1 0 0
v 0.984085 0.211445 0.536437 1 0 0
v 0.983166 0.211372 0.536437 1 0 0
v 0.982269 0.211157 0.536437 1 0 0
v 0.981417 0.210804 0.536437 1 0 0
v 0.98063 0.210322 0.536437 1 0 0
v 0.979929 0.209723 0.536437 1 0 0
v 0.97933 0.209022 0.536437 1 0 0
v 0.978848 0.208235 0.536437 1 0 0
v 0.978495 0.207383 0.536437 1 0 0
v 0.97828 0.206486 0.536437 1 0 0
v 0.978207 0.205567 0.536437 1 0 0
v 0.97828 0.204647 0.536437 1 0 0
v 0.978495 0.20375 0.536437 1 0 0
v 0.978848 0.202898 0.536437 1 0 0
v 0.97933 0.202112 0.536437 1 0 0
v 0.979929 0.201411 0.536437 1 0 0
v 0.98063 0.200812 0.536437 1 0 0
v 0.981417 0.20033 0.536437 1 0 0
v 0.982269 0.199977 0.536437 1 0 0
v 0.983166 0.199761 0.536437 1 0 0
v 0.984085 0.199689 0.536437 1 0 0
v 0.985005 0.199761 0.536437 1 0 0
v 0.985901 0.199977 0.536437 1 0 0
v 0.986754 0.20033 0.536437 1 0 0
v 0.98754 0.200812 0.536437 1 0 0
v 0.988241 0.201411 0.536437 1 0 0
v 0.98884 0.202112 0.536437 1 0 0
v 0.989322 0.202898 0.536437 1 0 0
v 0.989675 0.20375 0.536437 1 0 0
v 0.989891 0.204647 0.536437 1 0 0
v 0.988625 0.205567 0.535617 1 0 0
v 0.988569 0.206277 0.535617 1 0 0
v 0.988403 0.20697 0.535617 1 0 0
v 0.98813 0.207628 0.535617 1 0 0
v 0.987758 0.208235 0.535617 1 0 0
v 0.987295 0.208777 0.535617 1 0 0
v 0.986754 0.20924 0.535617 1 0 0
v 0.986146 0.209612 0.535617 1 0 0
v 0.985488 0.209885 0.535617 1 0 0
v 0.984795 0.210051 0.535617 1 0 0
v 0.984085 0.210107 0.535617 1 0 0
v 0.983375 0.210051 0.535617 1 0 0
v 0.982682 0.209885 0.535617 1 0 0
v 0.982024 0.209612 0.535617 1 0 0
v 0.981417 0.20924 0.535617 1 0 0
v 0.980875 0.208777 0.535617 1 0 0
v 0.980412 0.208235 0.535617 1 0 0
v 0.98004 0.207628 0.535617 1 0 0
v 0.979767 0.20697 0.535617 1 0 0
v 0.979601 0.206277 0.535617 1 0 0
v 0.979545 0.205567 0.535617 1 0 0
v 0.979601 0.204857 0.535617 1 0 0
v 0.979767 0.204164 0.535617 1 0 0
v 0.98004 0.203506 0.535617 1 0 0
v 0.980412 0.202898 0.535617 1 0 0
v 0.980875 0.202357 0.535617 1 0 0
v 0.981417 0.201894 0.535617 1 0 0
v 0.982024 0.201522 0.535617 1 0 0
v 0.982682 0.201249 0.535617 1 0 0
v 0.983375 0.201083 0.535617 1 0 0
v 0.984085 0.201027 0.535617 1 0 0
v 0.984795 0.201083 0.535617 1 0 0
v 0.985488 0.201249 0.535617 1 0 0
v 0.986146 0.201522 0.535617 1 0 0
v 0.986754 0.201894 0.535617 1 0 0
v 0.987295 0.202357 0.535617 1 0 0
v 0.987758 0.202898 0.535617 1 0 0
v 0.98813 0.203506 0.535617 1 0 0
v 0.988403 0.204164 0.535617 1 0 0
v 0.988569 0.204857 0.535617 1 0 0
v 0.987175 0.205567 0.535017 1 0 0
v 0.987137 0.20605 0.535017 1 0 0
v 0.987024 0.206522 0.535017 1 0 0
v 0.986838 0.20697 0.535017 1 0 0
v 0.986585 0.207383 0.535017 1 0 0
v 0.98627 0.207752 0.535017 1 0 0
v 0.985901 0.208067 0.535017 1 0 0
v 0.985488 0.20832 0.535017 1 0 0
v 0.98504 0.208506 0.535017 1 0 0
v 0.984569 0.208619 0.535017 1 0 0
v 0.984085 0.208657 0.535017 1 0 0
v 0.983602 0.208619 0.535017 1 0 0
v 0.98313 0.208506 0.535017 1 0 0
v 0.982682 0.20832 0.535017 1 0 0
v 0.982269 0.208067 0.535017 1 0 0
v 0.9819 0.207752 0.535017 1 0 0
v 0.981585 0.207383 0.535017 1 0 0
v 0.981332 0.20697 0.535017 1 0 0
v 0.981146 0.206522 0.535017 1 0 0
v 0.981033 0.20605 0.535017 1 0 0
v 0.980995 0.205567 0.535017 1 0 0
v 0.981033 0.205083 0.535017 1 0 0
v 0.981146 0.204612 0.535017 1 0 0
v 0.981332 0.204164 0.535017 1 0 0
v 0.981585 0.20375 0.535017 1 0 0
v 0.9819 0.203382 0.535017 1 0 0
v 0.982269 0.203067 0.535017 1 0 0
v 0.982682 0.202813 0.535017 1 0 0
v 0.98313 0.202628 0.535017 1 0 0
v 0.983602 0.202515 0.535017 1 0 0
v 0.984085 0.202477 0.535017 1 0 0
v 0.984569 0.202515 0.535017 1 0 0
v 0.98504 0.202628 0.535017 1 0 0
v 0.985488 0.202813 0.535017 1 0 0
v 0.985901 0.203067 0.535017 1 0 0
v 0.98627 0.203382 0.535017 1 0 0
v 0.986585 0.20375 0.535017 1 0 0
v 0.986838 0.204164 0.535017 1 0 0
v 0.987024 0.204612 0.535017 1 0 0
v 0.987137 0.205083 0.535017 1 0 0
v 0.985649 0.205567 0.53465 1 0 0
v 0.98563 0.205812 0.53465 1 0 0
v 0.985573 0.20605 0.53465 1 0 0
v 0.985479 0.206277 0.53465 1 0 0
v 0.985351 0.206486 0.53465 1 0 0
v 0.985191 0.206673 0.53465 1 0 0
v 0.985005 0.206832 0.53465 1 0 0
v 0.984795 0.206961 0.53465 1 0 0
v 0.984569 0.207055 0.53465 1 0 0
v 0.98433 0.207112 0.53465 1 0 0
v 0.984085 0.207131 0.53465 1 0 0
v 0.98384 0.207112 0.53465 1 0 0
v 0.983602 0.207055 0.53465 1 0 0
v 0.983375 0.206961 0.53465 1 0 0
v 0.983166 0.206832 0.53465 1 0 0
v 0.982979 0.206673 0.53465 1 0 0
v 0.98282 0.206486 0.53465 1 0 0
v 0.982691 0.206277 0.53465 1 0 0
v 0.982597 0.20605 0.53465 1 0 0
v 0.98254 0.205812 0.53465 1 0 0
v 0.982521 0.205567 0.53465 1 0 0
v 0.98254 0.205322 0.53465 1 0 0
v 0.982597 0.205083 0.53465 1 0 0
v 0.982691 0.204857 0.53465 1 0 0
v 0.98282 0.204647 0.53465 1 0 0
v 0.982979 0.204461 0.53465 1 0 0
v 0.983166 0.204301 0.53465 1 0 0
v 0.983375 0.204173 0.53465 1 0 0
v 0.983602 0.204079 0.53465 1 0 0
v 0.98384 0.204022 0.53465 1 0 0
v 0.984085 0.204002 0.53465 1 0 0
v 0.98433 0.204022 0.53465 1 0 0
v 0.984569 0.204079 0.53465 1 0 0
v 0.984795 0.204173 0.53465 1 0 0
v 0.985005 0.204301 0.53465 1 0 0
v 0.985191 0.204461 0.53465 1 0 0
v 0.985351 0.204647 0.53465 1 0 0
v 0.985479 0.204857 0.53465 1 0 0
v 0.985573 0.205083 0.53465 1 0 0
v 0.98563 0.205322 0.53465 1 0 0
v 0.995631 0.205805 0.459559 1 0 0
v 0.995631 0.205805 0.439559 1 0 0
v 0.997195 0.205805 0.459436 1 0 0
v 0.997176 0.20605 0.459436 1 0 0
v 0.997118 0.206289 0.459436 1 0 0
v 0.997025 0.206516 0.459436 1 0 0
v 0.996896 0.206725 0.459436 1 0 0
v 0.996737 0.206911 0.459436 1 0 0
v 0.99655 0.207071 0.459436 1 0 0
v 0.996341 0.207199 0.459436 1 0 0
v 0.996114 0.207293 0.459436 1 0 0
v 0.995875 0.20735 0.459436 1 0 0
v 0.995631 0.20737 0.459436 1 0 0
v 0.995386 0.20735 0.459436 1 0 0
v 0.995147 0.207293 0.459436 1 0 0
v 0.99492 0.207199 0.459436 1 0 0
v 0.994711 0.207071 0.459436 1 0 0
v 0.994525 0.206911 0.459436 1 0 0
v 0.994365 0.206725 0.459436 1 0 0
v 0.994237 0.206516 0.459436 1 0 0
v 0.994143 0.206289 0.459436 1 0 0
v 0.994086 0.20605 0.459436 1 0 0
v 0.994066 0.205805 0.459436 1 0 0
v 0.994086 0.205561 0.459436 1 0 0
v 0.994143 0.205322 0.459436 1 0 0
v 0.994237 0.205095 0.459436 1 0 0
v 0.994365 0.204886 0.459436 1 0 0
v 0.994525 0.204699 0.459436 1 0 0
v 0.994711 0.20454 0.459436 1 0 0
v 0.99492 0.204411 0.459436 1 0 0
v 0.995147 0.204318 0.459436 1 0 0
v 0.995386 0.20426 0.459436 1 0 0
v 0.995631 0.204241 0.459436 1 0 0
v 0.995875 0.20426 0.459436 1 0 0
v 0.996114 0.204318 0.459436 1 0 0
v 0.996341 0.204411 0.459436 1 0 0
v 0.99655 0.20454 0.459436 1 0 0
v 0.996737 0.204699 0.459436 1 0 0
v 0.996896 0.204886 0.459436 1 0 0
v 0.997025 0.205095 0.459436 1 0 0
v 0.997118 0.205322 0.459436 1 0 0
v 0.997176 0.205561 0.459436 1 0 0
v 0.998721 0.205805 0.45907 1 0 0
v 0.998683 0.206289 0.45907 1 0 0
v 0.99857 0.20676 0.45907 1 0 0
v 0.998384 0.207208 0.45907 1 0 0
v 0.998131 0.207622 0.45907 1 0 0
v 0.997816 0.20799 0.45907 1 0 0
v 0.997447 0.208305 0.45907 1 0 0
v 0.997034 0.208559 0.45907 1 0 0
v 0.996586 0.208744 0.45907 1 0 0
v 0.996114 0.208857 0.45907 1 0 0
v 0.995631 0.208895 0.45907 1 0 0
v 0.995147 0.208857 0.45907 1 0 0
v 0.994676 0.208744 0.45907 1 0 0
v 0.994228 0.208559 0.45907 1 0 0
v 0.993814 0.208305 0.45907 1 0 0
v 0.993446 0.20799 0.45907 1 0 0
v 0.993131 0.207622 0.45907 1 0 0
v 0.992877 0.207208 0.45907 1 0 0
v 0.992692 0.20676 0.45907 1 0 0
v 0.992579 0.206289 0.45907 1 0 0
v 0.992541 0.205805 0.45907 1 0 0
v 0.992579 0.205322 0.45907 1 0 0
v 0.992692 0.20485 0.45907 1 0 0
v 0.992877 0.204402 0.45907 1 0 0
v 0.993131 0.203989 0.45907 1 0 0
v 0.993446 0.20362 0.45907 1 0 0
v 0.993814 0.203305 0.45907 1 0 0
v 0.994228 0.203052 0.45907 1 0 0
v 0.994676 0.202866 0.45907 1 0 0
v 0.995147 0.202753 0.45907 1 0 0
v 0.995631 0.202715 0.45907 1 0 0
v 0.996114 0.202753 0.45907 1 0 0
v 0.996586 0.202866 0.45907 1 0 0
v 0.997034 0.203052 0.45907 1 0 0
v 0.997447 0.203305 0.45907 1 0 0
v 0.997816 0.20362 0.45907 1 0 0
v 0.998131 0.203989 0.45907 1 0 0
v 0.998384 0.204402 0.45907 1 0 0
v 0.99857 0.20485 0.45907 1 0 0
v 0.998683 0.205322 0.45907 1 0 0
v 1.00017 0.205805 0.458469 1 0 0
v 1.00011 0.206516 0.458469 1 0 0
v 0.999948 0.207208 0.458469 1 0 0
v 0.999676 0.207866 0.458469 1 0 0
v 0.999304 0.208474 0.458469 1 0 0
v 0.998841 0.209016 0.458469 1 0 0
v 0.998299 0.209478 0.458469 1 0 0
v 0.997692 0.20985 0.458469 1 0 0
v 0.997034 0.210123 0.458469 1 0 0
v 0.996341 0.210289 0.458469 1 0 0
v 0.995631 0.210345 0.458469 1 0 0
v 0.99492 0.210289 0.458469 1 0 0
v 0.994228 0.210123 0.458469 1 0 0
v 0.99357 0.20985 0.458469 1 0 0
v 0.992962 0.209478 0.458469 1 0 0
v 0.99242 0.209016 0.458469 1 0 0
v 0.991958 0.208474 0.458469 1 0 0
v 0.991586 0.207866 0.458469 1 0 0
v 0.991313 0.207208 0.458469 1 0 0
v 0.991147 0.206516 0.458469 1 0 0
v 0.991091 0.205805 0.458469 1 0 0
v 0.991147 0.205095 0.458469 1 0 0
v 0.991313 0.204402 0.458469 1 0 0
v 0.991586 0.203744 0.458469 1 0 0
v 0.991958 0.203137 0.458469 1 0 0
v 0.99242 0.202595 0.458469 1 0 0
v 0.992962 0.202132 0.458469 1 0 0
v 0.99357 0.20176 0.458469 1 0 0
v 0.994228 0.201488 0.458469 1 0 0
v 0.99492 0.201321 0.458469 1 0 0
v 0.995631 0.201265 0.458469 1 0 0
v 0.996341 0.201321 0.458469 1 0 0
v 0.997034 0.201488 0.458469 1 0 0
v 0.997692 0.20176 0.458469 1 0 0
v 0.998299 0.202132 0.458469 1 0 0
v 0.998841 0.202595 0.458469 1 0 0
v 0.999304 0.203137 0.458469 1 0 0
v 0.999676 0.203744 0.458469 1 0 0
v 0.999948 0.204402 0.458469 1 0 0
v 1.00011 0.205095 0.458469 1 0 0
v 1.00151 0.205805 0.457649 1 0 0
v 1.00144 0.206725 0.457649 1 0 0
v 1.00122 0.207622 0.457649 1 0 0
v 1.00087 0.208474 0.457649 1 0 0
v 1.00039 0.20926 0.457649 1 0 0
v 0.999787 0.209962 0.457649 1 0 0
v 0.999086 0.210561 0.457649 1 0 0
v 0.998299 0.211043 0.457649 1 0 0
v 0.997447 0.211395 0.457649 1 0 0
v 0.99655 0.211611 0.457649 1 0 0
v 0.995631 0.211683 0.457649 1 0 0
v 0.994711 0.211611 0.457649 1 0 0
v 0.993814 0.211395 0.457649 1 0 0
v 0.992962 0.211043 0.457649 1 0 0
v 0.992176 0.210561 0.457649 1 0 0
v 0.991474 0.209962 0.457649 1 0 0
v 0.990875 0.20926 0.457649 1 0 0
v 0.990393 0.208474 0.457649 1 0 0
v 0.990041 0.207622 0.457649 1 0 0
v 0.989825 0.206725 0.457649 1 0 0
v 0.989753 0.205805 0.457649 1 0 0
v 0.989825 0.204886 0.457649 1 0 0
v 0.990041 0.203989 0.457649 1 0 0
v 0.990393 0.203137 0.457649 1 0 0
v 0.990875 0.20235 0.457649 1 0 0
v 0.991474 0.201649 0.457649 1 0 0
v 0.992176 0.20105 0.457649 1 0 0
v 0.992962 0.200568 0.457649 1 0 0
v 0.993814 0.200215 0.457649 1 0 0
v 0.994711 0.2 0.457649 1 0 0
v 0.995631 0.199927 0.457649 1 0 0
v 0.99655 0.2 0.457649 1 0 0
v 0.997447 0.200215 0.457649 1 0 0
v 0.998299 0.200568 0.457649 1 0 0
v 0.999086 0.20105 0.457649 1 0 0
v 0.999787 0.201649 0.457649 1 0 0
v 1.00039 0.20235 0.457649 1 0 0
v 1.00087 0.203137 0.457649 1 0 0
v 1.00122 0.203989 0.457649 1 0 0
v 1.00144 0.204886 0.457649 1 0 0
v 1.0027 0.205805 0.45663 1 0 0
v 1.00261 0.206911 0.45663 1 0 0
v 1.00236 0.20799 0.45663 1 0 0
v 1.00193 0.209016 0.45663 1 0 0
v 1.00135 0.209962 0.45663 1 0 0
v 1.00063 0.210805 0.45663 1 0 0
v 0.999787 0.211526 0.45663 1 0 0
v 0.998841 0.212106 0.45663 1 0 0
v 0.997816 0.21253 0.45663 1 0 0
v 0.996737 0.212789 0.45663 1 0 0
v 0.995631 0.212876 0.45663 1 0 0
v 0.994525 0.212789 0.45663 1 0 0
v 0.993446 0.21253 0.45663 1 0 0
v 0.99242 0.212106 0.45663 1 0 0
v 0.991474 0.211526 0.45663 1 0 0
v 0.990631 0.210805 0.45663 1 0 0
v 0.98991 0.209962 0.45663 1 0 0
v 0.98933 0.209016 0.45663 1 0 0
v 0.988906 0.20799 0.45663 1 0 0
v 0.988647 0.206911 0.45663 1 0 0
v 0.98856 0.205805 0.45663 1 0 0
v 0.988647 0.204699 0.45663 1 0 0
v 0.988906 0.20362 0.45663 1 0 0
v 0.98933 0.202595 0.45663 1 0 0
v 0.98991 0.201649 0.45663 1 0 0
v 0.990631 0.200805 0.45663 1 0 0
v 0.991474 0.200085 0.45663 1 0 0
v 0.99242 0.199505 0.45663 1 0 0
v 0.993446 0.19908 0.45663 1 0 0
v 0.994525 0.198821 0.45663 1 0 0
v 0.995631 0.198734 0.45663 1 0 0
v 0.996737 0.198821 0.45663 1 0 0
v 0.997816 0.19908 0.45663 1 0 0
v 0.998841 0.199505 0.45663 1 0 0
v 0.999787 0.200085 0.45663 1 0 0
v 1.00063 0.200805 0.45663 1 0 0
v 1.00135 0.201649 0.45663 1 0 0
v 1.00193 0.202595 0.45663 1 0 0
v 1.00236 0.20362 0.45663 1 0 0
v 1.00261 0.204699 0.45663 1 0 0
v 1.00372 0.205805 0.455437 1 0 0
v 1.00362 0.207071 0.455437 1 0 0
v 1.00332 0.208305 0.455437 1 0 0
v 1.00284 0.209478 0.455437 1 0 0
v 1.00218 0.210561 0.455437 1 0 0
v 1.00135 0.211526 0.455437 1 0 0
v 1.00039 0.21235 0.455437 1 0 0
v 0.999304 0.213014 0.455437 1 0 0
v 0.998131 0.2135 0.455437 1 0 0
v 0.996896 0.213796 0.455437 1 0 0
v 0.995631 0.213895 0.455437 1 0 0
v 0.994365 0.213796 0.455437 1 0 0
v 0.993131 0.2135 0.455437 1 0 0
v 0.991958 0.213014 0.455437 1 0 0
v 0.990875 0.21235 0.455437 1 0 0
v 0.98991 0.211526 0.455437 1 0 0
v 0.989086 0.210561 0.455437 1 0 0
v 0.988422 0.209478 0.455437 1 0 0
v 0.987936 0.208305 0.455437 1 0 0
v 0.98764 0.207071 0.455437 1 0 0
v 0.987541 0.205805 0.455437 1 0 0
v 0.98764 0.20454 0.455437 1 0 0
v 0.987936 0.203305 0.455437 1 0 0
v 0.988422 0.202132 0.455437 1 0 0
v 0.989086 0.20105 0.455437 1 0 0
v 0.98991 0.200085 0.455437 1 0 0
v 0.990875 0.19926 0.455437 1 0 0
v 0.991958 0.198597 0.455437 1 0 0
v 0.993131 0.198111 0.455437 1 0 0
v 0.994365 0.197815 0.455437 1 0 0
v 0.995631 0.197715 0.455437 1 0 0
v 0.996896 0.197815 0.455437 1 0 0
v 0.998131 0.198111 0.455437 1 0 0
v 0.999304 0.198597 0.455437 1 0 0
v 1.00039 0.19926 0.455437 1 0 0
v 1.00135 0.200085 0.455437 1 0 0
v 1.00218 0.20105 0.455437 1 0 0
v 1.00284 0.202132 0.455437 1 0 0
v 1.00332 0.203305 0.455437 1 0 0
v 1.00362 0.20454 0.455437 1 0 0
v 1.00454 0.205805 0.454099 1 0 0
v 1.00443 0.207199 0.454099 1 0 0
v 1.0041 0.208559 0.454099 1 0 0
v 1.00357 0.20985 0.454099 1 0 0
v 1.00284 0.211043 0.454099 1 0 0
v 1.00193 0.212106 0.454099 1 0 0
v 1.00087 0.213014 0.454099 1 0 0
v 0.999676 0.213744 0.454099 1 0 0
v 0.998384 0.214279 0.454099 1 0 0
v 0.997025 0.214606 0.454099 1 0 0
v 0.995631 0.214715 0.454099 1 0 0
v 0.994237 0.214606 0.454099 1 0 0
v 0.992877 0.214279 0.454099 1 0 0
v 0.991586 0.213744 0.454099 1 0 0
v 0.990393 0.213014 0.454099 1 0 0
v 0.98933 0.212106 0.454099 1 0 0
v 0.988422 0.211043 0.454099 1 0 0
v 0.987692 0.20985 0.454099 1 0 0
v 0.987157 0.208559 0.454099 1 0 0
v 0.98683 0.207199 0.454099 1 0 0
v 0.986721 0.205805 0.454099 1 0 0
v 0.98683 0.204411 0.454099 1 0 0
v 0.987157 0.203052 0.454099 1 0 0
v 0.987692 0.20176 0.454099 1 0 0
v 0.988422 0.200568 0.454099 1 0 0
v 0.98933 0.199505 0.454099 1 0 0
v 0.990393 0.198597 0.454099 1 0 0
v 0.991586 0.197866 0.454099 1 0 0
v 0.992877 0.197331 0.454099 1 0 0
v 0.994237 0.197005 0.454099 1 0 0
v 0.995631 0.196895 0.454099 1 0 0
v 0.997025 0.197005 0.454099 1 0 0
v 0.998384 0.197331 0.454099 1 0 0
v 0.999676 0.197866 0.454099 1 0 0
v 1.00087 0.198597 0.454099 1 0 0
v 1.00193 0.199505 0.454099 1 0 0
v 1.00284 0.200568 0.454099 1 0 0
v 1.00357 0.20176 0.454099 1 0 0
v 1.0041 0.203052 0.454099 1 0 0
v 1.00443 0.204411 0.454099 1 0 0
v 1.00514 0.205805 0.452649 1 0 0
v 1.00502 0.207293 0.452649 1 0 0
v 1.00468 0.208744 0.452649 1 0 0
v 1.0041 0.210123 0.452649 1 0 0
v 1.00332 0.211395 0.452649 1 0 0
v 1.00236 0.21253 0.452649 1 0 0
v 1.00122 0.2135 0.452649 1 0 0
v 0.999948 0.214279 0.452649 1 0 0
v 0.99857 0.21485 0.452649 1 0 0
v 0.997118 0.215199 0.452649 1 0 0
v 0.995631 0.215316 0.452649 1 0 0
v 0.994143 0.215199 0.452649 1 0 0
v 0.992692 0.21485 0.452649 1 0 0
v 0.991313 0.214279 0.452649 1 0 0
v 0.990041 0.2135 0.452649 1 0 0
v 0.988906 0.21253 0.452649 1 0 0
v 0.987936 0.211395 0.452649 1 0 0
v 0.987157 0.210123 0.452649 1 0 0
v 0.986586 0.208744 0.452649 1 0 0
v 0.986237 0.207293 0.452649 1 0 0
v 0.98612 0.205805 0.452649 1 0 0
v 0.986237 0.204318 0.452649 1 0 0
v 0.986586 0.202866 0.452649 1 0 0
v 0.987157 0.201488 0.452649 1 0 0
v 0.987936 0.200215 0.452649 1 0 0
v 0.988906 0.19908 0.452649 1 0 0
v 0.990041 0.198111 0.452649 1 0 0
v 0.991313 0.197331 0.452649 1 0 0
v 0.992692 0.19676 0.452649 1 0 0
v 0.994143 0.196412 0.452649 1 0 0
v 0.995631 0.196295 0.452649 1 0 0
v 0.997118 0.196412 0.452649 1 0 0
v 0.99857 0.19676 0.452649 1 0 0
v 0.999948 0.197331 0.452649 1 0 0
v 1.00122 0.198111 0.452649 1 0 0
v 1.00236 0.19908 0.452649 1 0 0
v 1.00332 0.200215 0.452649 1 0 0
v 1.0041 0.201488 0.452649 1 0 0
v 1.00468 0.202866 0.452649 1 0 0
v 1.00502 0.204318 0.452649 1 0 0
v 1.00551 0.205805 0.451123 1 0 0
v 1.00539 0.20735 0.451123 1 0 0
v 1.00502 0.208857 0.451123 1 0 0
v 1.00443 0.210289 0.451123 1 0 0
v 1.00362 0.211611 0.451123 1 0 0
v 1.00261 0.212789 0.451123 1 0 0
v 1.00144 0.213796 0.451123 1 0 0
v 1.00011 0.214606 0.451123 1 0 0
v 0.998683 0.215199 0.451123 1 0 0
v 0.997176 0.215561 0.451123 1 0 0
v 0.995631 0.215682 0.451123 1 0 0
v 0.994086 0.215561 0.451123 1 0 0
v 0.992579 0.215199 0.451123 1 0 0
v 0.991147 0.214606 0.451123 1 0 0
v 0.989825 0.213796 0.451123 1 0 0
v 0.988647 0.212789 0.451123 1 0 0
v 0.98764 0.211611 0.451123 1 0 0
v 0.98683 0.210289 0.451123 1 0 0
v 0.986237 0.208857 0.451123 1 0 0
v 0.985875 0.20735 0.451123 1 0 0
v 0.985754 0.205805 0.451123 1 0 0
v 0.985875 0.20426 0.451123 1 0 0
v 0.986237 0.202753 0.451123 1 0 0
v 0.98683 0.201321 0.451123 1 0 0
v 0.98764 0.2 0.451123 1 0 0
v 0.988647 0.198821 0.451123 1 0 0
v 0.989825 0.197815 0.451123 1 0 0
v 0.991147 0.197005 0.451123 1 0 0
v 0.992579 0.196412 0.451123 1 0 0
v 0.994086 0.19605 0.451123 1 0 0
v 0.995631 0.195928 0.451123 1 0 0
v 0.997176 0.19605 0.451123 1 0 0
v 0.998683 0.196412 0.451123 1 0 0
v 1.00011 0.197005 0.451123 1 0 0
v 1.00144 0.197815 0.451123 1 0 0
v 1.00261 0.198821 0.451123 1 0 0
v 1.00362 0.2 0.451123 1 0 0
v 1.00443 0.201321 0.451123 1 0 0
v 1.00502 0.202753 0.451123 1 0 0
v 1.00539 0.20426 0.451123 1 0 0
v 1.00563 0.205805 0.449559 1 0 0
v 1.00551 0.20737 0.449559 1 0 0
v 1.00514 0.208895 0.449559 1 0 0
v 1.00454 0.210345 0.449559 1 0 0
v 1.00372 0.211683 0.449559 1 0 0
v 1.0027 0.212876 0.449559 1 0 0
v 1.00151 0.213895 0.449559 1 0 0
v 1.00017 0.214715 0.449559 1 0 0
v 0.998721 0.215316 0.449559 1 0 0
v 0.997195 0.215682 0.449559 1 0 0
v 0.995631 0.215805 0.449559 1 0 0
v 0.994066 0.215682 0.449559 1 0 0
v 0.992541 0.215316 0.449559 1 0 0
v 0.991091 0.214715 0.449559 1 0 0
v 0.989753 0.213895 0.449559 1 0 0
v 0.98856 0.212876 0.449559 1 0 0
v 0.987541 0.211683 0.449559 1 0 0
v 0.986721 0.210345 0.449559 1 0 0
v 0.98612 0.208895 0.449559 1 0 0
v 0.985754 0.20737 0.449559 1 0 0
v 0.985631 0.205805 0.449559 1 0 0
v 0.985754 0.204241 0.449559 1 0 0
v 0.98612 0.202715 0.449559 1 0 0
v 0.986721 0.201265 0.449559 1 0 0
v 0.987541 0.199927 0.449559 1 0 0
v 0.98856 0.198734 0.449559 1 0 0
v 0.989753 0.197715 0.449559 1 0 0
v 0.991091 0.196895 0.449559 1 0 0
v 0.992541 0.196295 0.449559 1 0 0
v 0.994066 0.195928 0.449559 1 0 0
v 0.995631 0.195805 0.449559 1 0 0
v 0.997195 0.195928 0.449559 1 0 0
v 0.998721 0.196295 0.449559 1 0 0
v 1.00017 0.196895 0.449559 1 0 0
v 1.00151 0.197715 0.449559 1 0 0
v 1.0027 0.198734 0.449559 1 0 0
v 1.00372 0.199927 0.449559 1 0 0
v 1.00454 0.201265 0.449559 1 0 0
v 1.00514 0.202715 0.449559 1 0 0
v 1.00551 0.204241 0.449559 1 0 0
v 1.00551 0.205805 0.447995 1 0 0
v 1.00539 0.20735 0.447995 1 0 0
v 1.00502 0.208857 0.447995 1 0 0
v 1.00443 0.210289 0.447995 1 0 0
v 1.00362 0.211611 0.447995 1 0 0
v 1.00261 0.212789 0.447995 1 0 0
v 1.00144 0.213796 0.447995 1 0 0
v 1.00011 0.214606 0.447995 1 0 0
v 0.998683 0.215199 0.447995 1 0 0
v 0.997176 0.215561 0.447995 1 0 0
v 0.995631 0.215682 0.447995 1 0 0
v 0.994086 0.215561 0.447995 1 0 0
v 0.992579 0.215199 0.447995 1 0 0
v 0.991147 0.214606 0.447995 1 0 0
v 0.989825 0.213796 0.447995 1 0 0
v 0.988647 0.212789 0.447995 1 0 0
v 0.98764 0.211611 0.447995 1 0 0
v 0.98683 0.210289 0.447995 1 0 0
v 0.986237 0.208857 0.447995 1 0 0
v 0.985875 0.20735 0.447995 1 0 0
v 0.985754 0.205805 0.447995 1 0 0
v 0.985875 0.20426 0.447995 1 0 0
v 0.986237 0.202753 0.447995 1 0 0
v 0.98683 0.201321 0.447995 1 0 0
v 0.98764 0.2 0.447995 1 0 0
v 0.988647 0.198821 0.447995 1 0 0
v 0.989825 0.197815 0.447995 1 0 0
v 0.991147 0.197005 0.447995 1 0 0
v 0.992579 0.196412 0.447995 1 0 0
v 0.994086 0.19605 0.447995 1 0 0
v 0.995631 0.195928 0.447995 1 0 0
v 0.997176 0.19605 0.447995 1 0 0
v 0.998683 0.196412 0.447995 1 0 0
v 1.00011 0.197005 0.447995 1 0 0
v 1.00144 0.197815 0.447995 1 0 0
v 1.00261 0.198821 0.447995 1 0 0
v 1.00362 0.2 0.447995 1 0 0
v 1.00443 0.201321 0.447995 1 0 0
v 1.00502 0.202753 0.447995 1 0 0
v 1.00539 0.20426 0.447995 1 0 0
v 1.00514 0.205805 0.446469 1 0 0
v 1.00502 0.207293 0.446469 1 0 0
v 1.00468 0.208744 0.446469 1 0 0
v 1.0041 0.210123 0.446469 1 0 0
v 1.00332 0.211395 0.446469 1 0 0
v 1.00236 0.21253 0.446469 1 0 0
v 1.00122 0.2135 0.446469 1 0 0
v 0.999948 0.214279 0.446469 1 0 0
v 0.99857 0.21485 0.446469 1 0 0
v 0.997118 0.215199 0.446469 1 0 0
v 0.995631 0.215316 0.446469 1 0 0
v 0.994143 0.215199 0.446469 1 0 0
v 0.992692 0.21485 0.446469 1 0 0
v 0.991313 0.214279 0.446469 1 0 0
v 0.990041 0.2135 0.446469 1 0 0
v 0.988906 0.21253 0.446469 1 0 0
v 0.987936 0.211395 0.446469 1 0 0
v 0.987157 0.210123 0.446469 1 0 0
v 0.986586 0.208744 0.446469 1 0 0
v 0.986237 0.207293 0.446469 1 0 0
v 0.98612 0.205805 0.446469 1 0 0
v 0.986237 0.204318 0.446469 1 0 0
v 0.986586 0.202866 0.446469 1 0 0
v 0.987157 0.201488 0.446469 1 0 0
v 0.987936 0.200215 0.446469 1 0 0
v 0.988906 0.19908 0.446469 1 0 0
v 0.990041 0.198111 0.446469 1 0 0
v 0.991313 0.197331 0.446469 1 0 0
v 0.992692 0.19676 0.446469 1 0 0
v 0.994143 0.196412 0.446469 1 0 0
v 0.995631 0.196295 0.446469 1 0 0
v 0.997118 0.196412 0.446469 1 0 0
v 0.99857 0.19676 0.446469 1 0 0
v 0.999948 0.197331 0.446469 1 0 0
v 1.00122 0.198111 0.446469 1 0 0
v 1.00236 0.19908 0.446469 1 0 0
v 1.00332 0.200215 0.446469 1 0 0
v 1.0041 0.201488 0.446469 1 0 0
v 1.00468 0.202866 0.446469 1 0 0
v 1.00502 0.204318 0.446469 1 0 0
v 1.00454 0.205805 0.445019 1 0 0
v 1.00443 0.207199 0.445019 1 0 0
v 1.0041 0.208559 0.445019 1 0 0
v 1.00357 0.20985 0.445019 1 0 0
v 1.00284 0.211043 0.445019 1 0 0
v 1.00193 0.212106 0.445019 1 0 0
v 1.00087 0.213014 0.445019 1 0 0
v 0.999676 0.213744 0.445019 1 0 0
v 0.998384 0.214279 0.445019 1 0 0
v 0.997025 0.214606 0.445019 1 0 0
v 0.995631 0.214715 0.445019 1 0 0
v 0.994237 0.214606 0.445019 1 0 0
v 0.992877 0.214279 0.445019 1 0 0
v 0.991586 0.213744 0.445019 1 0 0
v 0.990393 0.213014 0.445019 1 0 0
v 0.98933 0.212106 0.445019 1 0 0
v 0.988422 0.211043 0.445019 1 0 0
v 0.987692 0.20985 0.445019 1 0 0
v 0.987157 0.208559 0.445019 1 0 0
v 0.98683 0.207199 0.445019 1 0 0
v 0.986721 0.205805 0.445019 1 0 0
v 0.98683 0.204411 0.445019 1 0 0
v 0.987157 0.203052 0.445019 1 0 0
v 0.987692 0.20176 0.445019 1 0 0
v 0.988422 0.200568 0.445019 1 0 0
v 0.98933 0.199505 0.445019 1 0 0
v 0.990393 0.198597 0.445019 1 0 0
v 0.991586 0.197866 0.445019 1 0 0
v 0.992877 0.197331 0.445019 1 0 0
v 0.994237 0.197005 0.445019 1 0 0
v 0.995631 0.196895 0.445019 1 0 0
v 0.997025 0.197005 0.445019 1 0 0
v 0.998384 0.197331 0.445019 1 0 0
v 0.999676 0.197866 0.445019 1 0 0
v 1.00087 0.198597 0.445019 1 0 0
v 1.00193 0.199505 0.445019 1 0 0
v 1.00284 0.200568 0.445019 1 0 0
v 1.00357 0.20176 0.445019 1 0 0
v 1.0041 0.203052 0.445019 1 0 0
v 1.00443 0.204411 0.445019 1 0 0
v 1.00372 0.205805 0.443681 1 0 0
v 1.00362 0.207071 0.443681 1 0 0
v 1.00332 0.208305 0.443681 1 0 0
v 1.00284 0.209478 0.443681 1 0 0
v 1.00218 0.210561 0.443681 1 0 0
v 1.00135 0.211526 0.443681 1 0 0
v 1.00039 0.21235 0.443681 1 0 0
v 0.999304 0.213014 0.443681 1 0 0
v 0.998131 0.2135 0.443681 1 0 0
v 0.996896 0.213796 0.443681 1 0 0
v 0.995631 0.213895 0.443681 1 0 0
v 0.994365 0.213796 0.443681 1 0 0
v 0.993131 0.2135 0.443681 1 0 0
v 0.991958 0.213014 0.443681 1 0 0
v 0.990875 0.21235 0.443681 1 0 0
v 0.98991 0.211526 0.443681 1 0 0
v 0.989086 0.210561 0.443681 1 0 0
v 0.988422 0.209478 0.443681 1 0 0
v 0.987936 0.208305 0.443681 1 0 0
v 0.98764 0.207071 0.443681 1 0 0
v 0.987541 0.205805 0.443681 1 0 0
v 0.98764 0.20454 0.443681 1 0 0
v 0.987936 0.203305 0.443681 1 0 0
v 0.988422 0.202132 0.443681 1 0 0
v 0.989086 0.20105 0.443681 1 0 0
v 0.98991 0.200085 0.443681 1 0 0
v 0.990875 0.19926 0.443681 1 0 0
v 0.991958 0.198597 0.443681 1 0 0
v 0.993131 0.198111 0.443681 1 0 0
v 0.994365 0.197815 0.443681 1 0 0
v 0.995631 0.197715 0.443681 1 0 0
v 0.996896 0.197815 0.443681 1 0 0
v 0.998131 0.198111 0.443681 1 0 0
v 0.999304 0.198597 0.443681 1 0 0
v 1.00039 0.19926 0.443681 1 0 0
v 1.00135 0.200085 0.443681 1 0 0
v 1.00218 0.20105 0.443681 1 0 0
v 1.00284 0.202132 0.443681 1 0 0
v 1.00332 0.203305 0.443681 1 0 0
v 1.00362 0.20454 0.443681 1 0 0
v 1.0027 0.205805 0.442488 1 0 0
v 1.00261 0.206911 0.442488 1 0 0
v 1.00236 0.20799 0.442488 1 0 0
v 1.00193 0.209016 0.442488 1 0 0
v 1.00135 0.209962 0.442488 1 0 0
v 1.00063 0.210805 0.442488 1 0 0
v 0.999787 0.211526 0.442488 1 0 0
v 0.998841 0.212106 0.442488 1 0 0
v 0.997816 0.21253 0.442488 1 0 0
v 0.996737 0.212789 0.442488 1 0 0
v 0.995631 0.212876 0.442488 1 0 0
v 0.994525 0.212789 0.442488 1 0 0
v 0.993446 0.21253 0.442488 1 0 0
v 0.99242 0.212106 0.442488 1 0 0
v 0.991474 0.211526 0.442488 1 0 0
v 0.990631 0.210805 0.442488 1 0 0
v 0.98991 0.209962 0.442488 1 0 0
v 0.98933 0.209016 0.442488 1 0 0
v 0.988906 0.20799 0.442488 1 0 0
v 0.988647 0.206911 0.442488 1 0 0
v 0.98856 0.205805 0.442488 1 0 0
v 0.988647 0.204699 0.442488 1 0 0
v 0.988906 0.20362 0.442488 1 0 0
v 0.98933 0.202595 0.442488 1 0 0
v 0.98991 0.201649 0.442488 1 0 0
v 0.990631 0.200805 0.442488 1 0 0
v 0.991474 0.200085 0.442488 1 0 0
v 0.99242 0.199505 0.442488 1 0 0
v 0.993446 0.19908 0.442488 1 0 0
v 0.994525 0.198821 0.442488 1 0 0
v 0.995631 0.198734 0.442488 1 0 0
v 0.996737 0.198821 0.442488 1 0 0
v 0.997816 0.19908 0.442488 1 0 0
v 0.998841 0.199505 0.442488 1 0 0
v 0.999787 0.200085 0.442488 1 0 0
v 1.00063 0.200805 0.442488 1 0 0
v 1.00135 0.201649 0.442488 1 0 0
v 1.00193 0.202595 0.442488 1 0 0
v 1.00236 0.20362 0.442488 1 0 0
v 1.00261 0.204699 0.442488 1 0 0
v 1.00151 0.205805 0.441469 1 0 0
v 1.00144 0.206725 0.441469 1 0 0
v 1.00122 0.207622 0.441469 1 0 0
v 1.00087 0.208474 0.441469 1 0 0
v 1.00039 0.20926 0.441469 1 0 0
v 0.999787 0.209962 0.441469 1 0 0
v 0.999086 0.210561 0.441469 1 0 0
v 0.998299 0.211043 0.441469 1 0 0
v 0.997447 0.211395 0.441469 1 0 0
v 0.99655 0.211611 0.441469 1 0 0
v 0.995631 0.211683 0.441469 1 0 0
v 0.994711 0.211611 0.441469 1 0 0
v 0.993814 0.211395 0.441469 1 0 0
v 0.992962 0.211043 0.441469 1 0 0
v 0.992176 0.210561 0.441469 1 0 0
v 0.991474 0.209962 0.441469 1 0 0
v 0.990875 0.20926 0.441469 1 0 0
v 0.990393 0.208474 0.441469 1 0 0
v 0.990041 0.207622 0.441469 1 0 0
v 0.989825 0.206725 0.441469 1 0 0
v 0.989753 0.205805 0.441469 1 0 0
v 0.989825 0.204886 0.441469 1 0 0
v 0.990041 0.203989 0.441469 1 0 0
v 0.990393 0.203137 0.441469 1 0 0
v 0.990875 0.20235 0.441469 1 0 0
v 0.991474 0.201649 0.441469 1 0 0
v 0.992176 0.20105 0.441469 1 0 0
v 0.992962 0.200568 0.441469 1 0 0
v 0.993814 0.200215 0.441469 1 0 0
v 0.994711 0.2 0.441469 1 0 0
v 0.995631 0.199927 0.441469 1 0 0
v 0.99655 0.2 0.441469 1 0 0
v 0.997447 0.200215 0.441469 1 0 0
v 0.998299 0.200568 0.441469 1 0 0
v 0.999086 0.20105 0.441469 1 0 0
v 0.999787 0.201649 0.441469 1 0 0
v 1.00039 0.20235 0.441469 1 0 0
v 1.00087 0.203137 0.441469 1 0 0
v 1.00122 0.203989 0.441469 1 0 0
v 1.00144 0.204886 0.441469 1 0 0
v 1.00017 0.205805 0.440649 1 0 0
v 1.00011 0.206516 0.440649 1 0 0
v 0.999948 0.207208 0.440649 1 0 0
v 0.999676 0.207866 0.440649 1 0 0
v 0.999304 0.208474 0.440649 1 0 0
v 0.998841 0.209016 0.440649 1 0 0
v 0.998299 0.209478 0.440649 1 0 0
v 0.997692 0.20985 0.440649 1 0 0
v 0.997034 0.210123 0.440649 1 0 0
v 0.996341 0.210289 0.440649 1 0 0
v 0.995631 0.210345 0.440649 1 0 0
v 0.99492 0.210289 0.440649 1 0 0
v 0.994228 0.210123 0.440649 1 0 0
v 0.99357 0.20985 0.440649 1 0 0
v 0.992962 0.209478 0.440649 1 0 0
v 0.99242 0.209016 0.440649 1 0 0
v 0.991958 0.208474 0.440649 1 0 0
v 0.991586 0.207866 0.440649 1 0 0
v 0.991313 0.207208 0.440649 1 0 0
v 0.991147 0.206516 0.440649 1 0 0
v 0.991091 0.205805 0.440649 1 0 0
v 0.991147 0.205095 0.440649 1 0 0
v 0.991313 0.204402 0.440649 1 0 0
v 0.991586 0.203744 0.440649 1 0 0
v 0.991958 0.203137 0.440649 1 0 0
v 0.99242 0.202595 0.440649 1 0 0
v 0.992962 0.202132 0.440649 1 0 0
v 0.99357 0.20176 0.440649 1 0 0
v 0.994228 0.201488 0.440649 1 0 0
v 0.99492 0.201321 0.440649 1 0 0
v 0.995631 0.201265 0.440649 1 0 0
v 0.996341 0.201321 0.440649 1 0 0
v 0.997034 0.201488 0.440649 1 0 0
v 0.997692 0.20176 0.440649 1 0 0
v 0.998299 0.202132 0.440649 1 0 0
v 0.998841 0.202595 0.440649 1 0 0
v 0.999304 0.203137 0.440649 1 0 0
v 0.999676 0.203744 0.440649 1 0 0
v 0.999948 0.204402 0.440649 1 0 0
v 1.00011 0.205095 0.440649 1 0 0
v 0.998721 0.205805 0.440048 1 0 0
v 0.998683 0.206289 0.440048 1 0 0
v 0.99857 0.20676 0.440048 1 0 0
v 0.998384 0.207208 0.440048 1 0 0
v 0.998131 0.207622 0.440048 1 0 0
v 0.997816 0.20799 0.440048 1 0 0
v 0.997447 0.208305 0.440048 1 0 0
v 0.997034 0.208559 0.440048 1 0 0
v 0.996586 0.208744 0.440048 1 0 0
v 0.996114 0.208857 0.440048 1 0 0
v 0.995631 0.208895 0.440048 1 0 0
v 0.995147 0.208857 0.440048 1 0 0
v 0.994676 0.208744 0.440048 1 0 0
v 0.994228 0.208559 0.440048 1 0 0
v 0.993814 0.208305 0.440048 1 0 0
v 0.993446 0.20799 0.440048 1 0 0
v 0.993131 0.207622 0.440048 1 0 0
v 0.992877 0.207208 0.440048 1 0 0
v 0.992692 0.20676 0.440048 1 0 0
v 0.992579 0.206289 0.440048 1 0 0
v 0.992541 0.205805 0.440048 1 0 0
v 0.992579 0.205322 0.440048 1 0 0
v 0.992692 0.20485 0.440048 1 0 0
v 0.992877 0.204402 0.440048 1 0 0
v 0.993131 0.203989 0.440048 1 0 0
v 0.993446 0.20362 0.440048 1 0 0
v 0.993814 0.203305 0.440048 1 0 0
v 0.994228 0.203052 0.440048 1 0 0
v 0.994676 0.202866 0.440048 1 0 0
v 0.995147 0.202753 0.440048 1 0 0
v 0.995631 0.202715 0.440048 1 0 0
v 0.996114 0.202753 0.440048 1 0 0
v 0.996586 0.202866 0.440048 1 0 0
v 0.997034 0.203052 0.440048 1 0 0
v 0.997447 0.203305 0.440048 1 0 0
v 0.997816 0.20362 0.440048 1 0 0
v 0.998131 0.203989 0.440048 1 0 0
v 0.998384 0.204402 0.440048 1 0 0
v 0.99857 0.20485 0.440048 1 0 0
v 0.998683 0.205322 0.440048 1 0 0
v 0.997195 0.205805 0.439682 1 0 0
v 0.997176 0.20605 0.439682 1 0 0
v 0.997118 0.206289 0.439682 1 0 0
v 0.997025 0.206516 0.439682 1 0 0
v 0.996896 0.206725 0.439682 1 0 0
v 0.996737 0.206911 0.439682 1 0 0
v 0.99655 0.207071 0.439682 1 0 0
v 0.996341 0.207199 0.439682 1 0 0
v 0.996114 0.207293 0.439682 1 0 0
v 0.995875 0.20735 0.439682 1 0 0
v 0.995631 0.20737 0.439682 1 0 0
v 0.995386 0.20735 0.439682 1 0 0
v 0.995147 0.207293 0.439682 1 0 0
v 0.99492 0.207199 0.439682 1 0 0
v 0.994711 0.207071 0.439682 1 0 0
v 0.994525 0.206911 0.439682 1 0 0
v 0.994365 0.206725 0.439682 1 0 0
v 0.994237 0.206516 0.439682 1 0 0
v 0.994143 0.206289 0.439682 1 0 0
v 0.994086 0.20605 0.439682 1 0 0
v 0.994066 0.205805 0.439682 1 0 0
v 0.994086 0.205561 0.439682 1 0 0
v 0.994143 0.205322 0.439682 1 0 0
v 0.994237 0.205095 0.439682 1 0 0
v 0.994365 0.204886 0.439682 1 0 0
v 0.994525 0.204699 0.439682 1 0 0
v 0.994711 0.20454 0.439682 1 0 0
v 0.99492 0.204411 0.439682 1 0 0
v 0.995147 0.204318 0.439682 1 0 0
v 0.995386 0.20426 0.439682 1 0 0
v 0.995631 0.204241 0.439682 1 0 0
v 0.995875 0.20426 0.439682 1 0 0
v 0.996114 0.204318 0.439682 1 0 0
v 0.996341 0.204411 0.439682 1 0 0
v 0.99655 0.20454 0.439682 1 0 0
v 0.996737 0.204699 0.439682 1 0 0
v 0.996896 0.204886 0.439682 1 0 0
v 0.997025 0.205095 0.439682 1 0 0
v 0.997118 0.205322 0.439682 1 0 0
v 0.997176 0.205561 0.439682 1 0 0
v 0.996987 0.799298 0.456321 1 0 0
v 0.996987 0.799298 0.436321 1 0 0
v 0.998551 0.799298 0.456198 1 0 0
v 0.998532 0.799543 0.456198 1 0 0
v 0.998475 0.799781 0.456198 1 0 0
v 0.998381 0.800008 0.456198 1 0 0
v 0.998253 0.800218 0.456198 1 0 0
v 0.998093 0.800404 0.456198 1 0 0
v 0.997906 0.800564 0.456198 1 0 0
v 0.997697 0.800692 0.456198 1 0 0
v 0.99747 0.800786 0.456198 1 0 0
v 0.997232 0.800843 0.456198 1 0 0
v 0.996987 0.800862 0.456198 1 0 0
v 0.996742 0.800843 0.456198 1 0 0
v 0.996504 0.800786 0.456198 1 0 0
v 0.996277 0.800692 0.456198 1 0 0
v 0.996067 0.800564 0.456198 1 0 0
v 0.995881 0.800404 0.456198 1 0 0
v 0.995721 0.800218 0.456198 1 0 0
v 0.995593 0.800008 0.456198 1 0 0
v 0.995499 0.799781 0.456198 1 0 0
v 0.995442 0.799543 0.456198 1 0 0
v 0.995423 0.799298 0.456198 1 0 0
v 0.995442 0.799053 0.456198 1 0 0
v 0.995499 0.798815 0.456198 1 0 0
v 0.995593 0.798588 0.456198 1 0 0
v 0.995721 0.798379 0.456198 1 0 0
v 0.995881 0.798192 0.456198 1 0 0
v 0.996067 0.798032 0.456198 1 0 0
v 0.996277 0.797904 0.456198 1 0 0
v 0.996504 0.79781 0.456198 1 0 0
v 0.996742 0.797753 0.456198 1 0 0
v 0.996987 0.797734 0.456198 1 0 0
v 0.997232 0.797753 0.456198 1 0 0
v 0.99747 0.79781 0.456198 1 0 0
v 0.997697 0.797904 0.456198 1 0 0
v 0.997906 0.798032 0.456198 1 0 0
v 0.998093 0.798192 0.456198 1 0 0
v 0.998253 0.798379 0.456198 1 0 0
v 0.998381 0.798588 0.456198 1 0 0
v 0.998475 0.798815 0.456198 1 0 0
v 0.998532 0.799053 0.456198 1 0 0
v 1.00008 0.799298 0.455831 1 0 0
v 1.00004 0.799781 0.455831 1 0 0
v 0.999926 0.800253 0.455831 1 0 0
v 0.99974 0.800701 0.455831 1 0 0
v 0.999487 0.801114 0.455831 1 0 0
v 0.999172 0.801483 0.455831 1 0 0
v 0.998803 0.801798 0.455831 1 0 0
v 0.99839 0.802051 0.455831 1 0 0
v 0.997942 0.802237 0.455831 1 0 0
v 0.99747 0.80235 0.455831 1 0 0
v 0.996987 0.802388 0.455831 1 0 0
v 0.996504 0.80235 0.455831 1 0 0
v 0.996032 0.802237 0.455831 1 0 0
v 0.995584 0.802051 0.455831 1 0 0
v 0.995171 0.801798 0.455831 1 0 0
v 0.994802 0.801483 0.455831 1 0 0
v 0.994487 0.801114 0.455831 1 0 0
v 0.994234 0.800701 0.455831 1 0 0
v 0.994048 0.800253 0.455831 1 0 0
v 0.993935 0.799781 0.455831 1 0 0
v 0.993897 0.799298 0.455831 1 0 0
v 0.993935 0.798815 0.455831 1 0 0
v 0.994048 0.798343 0.455831 1 0 0
v 0.994234 0.797895 0.455831 1 0 0
v 0.994487 0.797482 0.455831 1 0 0
v 0.994802 0.797113 0.455831 1 0 0
v 0.995171 0.796798 0.455831 1 0 0
v 0.995584 0.796545 0.455831 1 0 0
v 0.996032 0.796359 0.455831 1 0 0
v 0.996504 0.796246 0.455831 1 0 0
v 0.996987 0.796208 0.455831 1 0 0
v 0.99747 0.796246 0.455831 1 0 0
v 0.997942 0.796359 0.455831 1 0 0
v 0.99839 0.796545 0.455831 1 0 0
v 0.998803 0.796798 0.455831 1 0 0
v 0.999172 0.797113 0.455831 1 0 0
v 0.999487 0.797482 0.455831 1 0 0
v 0.99974 0.797895 0.455831 1 0 0
v 0.999926 0.798343 0.455831 1 0 0
v 1.00004 0.798815 0.455831 1 0 0
v 1.00153 0.799298 0.455231 1 0 0
v 1.00147 0.800008 0.455231 1 0 0
v 1.0013 0.800701 0.455231 1 0 0
v 1.00103 0.801359 0.455231 1 0 0
v 1.00066 0.801967 0.455231 1 0 0
v 1.0002 0.802508 0.455231 1 0 0
v 0.999655 0.802971 0.455231 1 0 0
v 0.999048 0.803343 0.455231 1 0 0
v 0.99839 0.803616 0.455231 1 0 0
v 0.997697 0.803782 0.455231 1 0 0
v 0.996987 0.803838 0.455231 1 0 0
v 0.996277 0.803782 0.455231 1 0 0
v 0.995584 0.803616 0.455231 1 0 0
v 0.994926 0.803343 0.455231 1 0 0
v 0.994318 0.802971 0.455231 1 0 0
v 0.993777 0.802508 0.455231 1 0 0
v 0.993314 0.801967 0.455231 1 0 0
v 0.992942 0.801359 0.455231 1 0 0
v 0.992669 0.800701 0.455231 1 0 0
v 0.992503 0.800008 0.455231 1 0 0
v 0.992447 0.799298 0.455231 1 0 0
v 0.992503 0.798588 0.455231 1 0 0
v 0.992669 0.797895 0.455231 1 0 0
v 0.992942 0.797237 0.455231 1 0 0
v 0.993314 0.79663 0.455231 1 0 0
v 0.993777 0.796088 0.455231 1 0 0
v 0.994318 0.795625 0.455231 1 0 0
v 0.994926 0.795253 0.455231 1 0 0
v 0.995584 0.79498 0.455231 1 0 0
v 0.996277 0.794814 0.455231 1 0 0
v 0.996987 0.794758 0.455231 1 0 0
v 0.997697 0.794814 0.455231 1 0 0
v 0.99839 0.79498 0.455231 1 0 0
v 0.999048 0.795253 0.455231 1 0 0
v 0.999655 0.795625 0.455231 1 0 0
v 1.0002 0.796088 0.455231 1 0 0
v 1.00066 0.79663 0.455231 1 0 0
v 1.00103 0.797237 0.455231 1 0 0
v 1.0013 0.797895 0.455231 1 0 0
v 1.00147 0.798588 0.455231 1 0 0
v 1.00286 0.799298 0.454411 1 0 0
v 1.00279 0.800218 0.454411 1 0 0
v 1.00258 0.801114 0.454411 1 0 0
v 1.00222 0.801967 0.454411 1 0 0
v 1.00174 0.802753 0.454411 1 0 0
v 1.00114 0.803454 0.454411 1 0 0
v 1.00044 0.804053 0.454411 1 0 0
v 0.999655 0.804535 0.454411 1 0 0
v 0.998803 0.804888 0.454411 1 0 0
v 0.997906 0.805104 0.454411 1 0 0
v 0.996987 0.805176 0.454411 1 0 0
v 0.996067 0.805104 0.454411 1 0 0
v 0.995171 0.804888 0.454411 1 0 0
v 0.994318 0.804535 0.454411 1 0 0
v 0.993532 0.804053 0.454411 1 0 0
v 0.992831 0.803454 0.454411 1 0 0
v 0.992232 0.802753 0.454411 1 0 0
v 0.99175 0.801967 0.454411 1 0 0
v 0.991397 0.801114 0.454411 1 0 0
v 0.991181 0.800218 0.454411 1 0 0
v 0.991109 0.799298 0.454411 1 0 0
v 0.991181 0.798379 0.454411 1 0 0
v 0.991397 0.797482 0.454411 1 0 0
v 0.99175 0.79663 0.454411 1 0 0
v 0.992232 0.795843 0.454411 1 0 0
v 0.992831 0.795142 0.454411 1 0 0
v 0.993532 0.794543 0.454411 1 0 0
v 0.994318 0.794061 0.454411 1 0 0
v 0.995171 0.793708 0.454411 1 0 0
v 0.996067 0.793493 0.454411 1 0 0
v 0.996987 0.79342 0.454411 1 0 0
v 0.997906 0.793493 0.454411 1 0 0
v 0.998803 0.793708 0.454411 1 0 0
v 0.999655 0.794061 0.454411 1 0 0
v 1.00044 0.794543 0.454411 1 0 0
v 1.00114 0.795142 0.454411 1 0 0
v 1.00174 0.795843 0.454411 1 0 0
v 1.00222 0.79663 0.454411 1 0 0
v 1.00258 0.797482 0.454411 1 0 0
v 1.00279 0.798379 0.454411 1 0 0
v 1.00406 0.799298 0.453392 1 0 0
v 1.00397 0.800404 0.453392 1 0 0
v 1.00371 0.801483 0.453392 1 0 0
v 1.00329 0.802508 0.453392 1 0 0
v 1.00271 0.803454 0.453392 1 0 0
v 1.00199 0.804298 0.453392 1 0 0
v 1.00114 0.805019 0.453392 1 0 0
v 1.0002 0.805598 0.453392 1 0 0
v 0.999172 0.806023 0.453392 1 0 0
v 0.998093 0.806282 0.453392 1 0 0
v 0.996987 0.806369 0.453392 1 0 0
v 0.995881 0.806282 0.453392 1 0 0
v 0.994802 0.806023 0.453392 1 0 0
v 0.993777 0.805598 0.453392 1 0 0
v 0.992831 0.805019 0.453392 1 0 0
v 0.991987 0.804298 0.453392 1 0 0
v 0.991266 0.803454 0.453392 1 0 0
v 0.990687 0.802508 0.453392 1 0 0
v 0.990262 0.801483 0.453392 1 0 0
v 0.990003 0.800404 0.453392 1 0 0
v 0.989916 0.799298 0.453392 1 0 0
v 0.990003 0.798192 0.453392 1 0 0
v 0.990262 0.797113 0.453392 1 0 0
v 0.990687 0.796088 0.453392 1 0 0
v 0.991266 0.795142 0.453392 1 0 0
v 0.991987 0.794298 0.453392 1 0 0
v 0.992831 0.793577 0.453392 1 0 0
v 0.993777 0.792998 0.453392 1 0 0
v 0.994802 0.792573 0.453392 1 0 0
v 0.995881 0.792314 0.453392 1 0 0
v 0.996987 0.792227 0.453392 1 0 0
v 0.998093 0.792314 0.453392 1 0 0
v 0.999172 0.792573 0.453392 1 0 0
v 1.0002 0.792998 0.453392 1 0 0
v 1.00114 0.793577 0.453392 1 0 0
v 1.00199 0.794298 0.453392 1 0 0
v 1.00271 0.795142 0.453392 1 0 0
v 1.00329 0.796088 0.453392 1 0 0
v 1.00371 0.797113 0.453392 1 0 0
v 1.00397 0.798192 0.453392 1 0 0
v 1.00508 0.799298 0.452199 1 0 0
v 1.00498 0.800564 0.452199 1 0 0
v 1.00468 0.801798 0.452199 1 0 0
v 1.0042 0.802971 0.452199 1 0 0
v 1.00353 0.804053 0.452199 1 0 0
v 1.00271 0.805019 0.452199 1 0 0
v 1.00174 0.805843 0.452199 1 0 0
v 1.00066 0.806506 0.452199 1 0 0
v 0.999487 0.806992 0.452199 1 0 0
v 0.998253 0.807289 0.452199 1 0 0
v 0.996987 0.807388 0.452199 1 0 0
v 0.995721 0.807289 0.452199 1 0 0
v 0.994487 0.806992 0.452199 1 0 0
v 0.993314 0.806506 0.452199 1 0 0
v 0.992232 0.805843 0.452199 1 0 0
v 0.991266 0.805019 0.452199 1 0 0
v 0.990442 0.804053 0.452199 1 0 0
v 0.989779 0.802971 0.452199 1 0 0
v 0.989293 0.801798 0.452199 1 0 0
v 0.988996 0.800564 0.452199 1 0 0
v 0.988897 0.799298 0.452199 1 0 0
v 0.988996 0.798032 0.452199 1 0 0
v 0.989293 0.796798 0.452199 1 0 0
v 0.989779 0.795625 0.452199 1 0 0
v 0.990442 0.794543 0.452199 1 0 0
v 0.991266 0.793577 0.452199 1 0 0
v 0.992232 0.792753 0.452199 1 0 0
v 0.993314 0.79209 0.452199 1 0 0
v 0.994487 0.791604 0.452199 1 0 0
v 0.995721 0.791307 0.452199 1 0 0
v 0.996987 0.791208 0.452199 1 0 0
v 0.998253 0.791307 0.452199 1 0 0
v 0.999487 0.791604 0.452199 1 0 0
v 1.00066 0.79209 0.452199 1 0 0
v 1.00174 0.792753 0.452199 1 0 0
v 1.00271 0.793577 0.452199 1 0 0
v 1.00353 0.794543 0.452199 1 0 0
v 1.0042 0.795625 0.452199 1 0 0
v 1.00468 0.796798 0.452199 1 0 0
v 1.00498 0.798032 0.452199 1 0 0
v 1.0059 0.799298 0.450861 1 0 0
v 1.00579 0.800692 0.450861 1 0 0
v 1.00546 0.802051 0.450861 1 0 0
v 1.00493 0.803343 0.450861 1 0 0
v 1.0042 0.804535 0.450861 1 0 0
v 1.00329 0.805598 0.450861 1 0 0
v 1.00222 0.806506 0.450861 1 0 0
v 1.00103 0.807237 0.450861 1 0 0
v 0.99974 0.807772 0.450861 1 0 0
v 0.998381 0.808098 0.450861 1 0 0
v 0.996987 0.808208 0.450861 1 0 0
v 0.995593 0.808098 0.450861 1 0 0
v 0.994234 0.807772 0.450861 1 0 0
v 0.992942 0.807237 0.450861 1 0 0
v 0.99175 0.806506 0.450861 1 0 0
v 0.990687 0.805598 0.450861 1 0 0
v 0.989779 0.804535 0.450861 1 0 0
v 0.989048 0.803343 0.450861 1 0 0
v 0.988513 0.802051 0.450861 1 0 0
v 0.988187 0.800692 0.450861 1 0 0
v 0.988077 0.799298 0.450861 1 0 0
v 0.988187 0.797904 0.450861 1 0 0
v 0.988513 0.796545 0.450861 1 0 0
v 0.989048 0.795253 0.450861 1 0 0
v 0.989779 0.794061 0.450861 1 0 0
v 0.990687 0.792998 0.450861 1 0 0
v 0.99175 0.79209 0.450861 1 0 0
v 0.992942 0.791359 0.450861 1 0 0
v 0.994234 0.790824 0.450861 1 0 0
v 0.995593 0.790498 0.450861 1 0 0
v 0.996987 0.790388 0.450861 1 0 0
v 0.998381 0.790498 0.450861 1 0 0
v 0.99974 0.790824 0.450861 1 0 0
v 1.00103 0.791359 0.450861 1 0 0
v 1.00222 0.79209 0.450861 1 0 0
v 1.00329 0.792998 0.450861 1 0 0
v 1.0042 0.794061 0.450861 1 0 0
v 1.00493 0.795253 0.450861 1 0 0
v 1.00546 0.796545 0.450861 1 0 0
v 1.00579 0.797904 0.450861 1 0 0
v 1.0065 0.799298 0.449411 1 0 0
v 1.00638 0.800786 0.449411 1 0 0
v 1.00603 0.802237 0.449411 1 0 0
v 1.00546 0.803616 0.449411 1 0 0
v 1.00468 0.804888 0.449411 1 0 0
v 1.00371 0.806023 0.449411 1 0 0
v 1.00258 0.806992 0.449411 1 0 0
v 1.0013 0.807772 0.449411 1 0 0
v 0.999926 0.808343 0.449411 1 0 0
v 0.998475 0.808692 0.449411 1 0 0
v 0.996987 0.808809 0.449411 1 0 0
v 0.995499 0.808692 0.449411 1 0 0
v 0.994048 0.808343 0.449411 1 0 0
v 0.992669 0.807772 0.449411 1 0 0
v 0.991397 0.806992 0.449411 1 0 0
v 0.990262 0.806023 0.449411 1 0 0
v 0.989293 0.804888 0.449411 1 0 0
v 0.988513 0.803616 0.449411 1 0 0
v 0.987942 0.802237 0.449411 1 0 0
v 0.987593 0.800786 0.449411 1 0 0
v 0.987476 0.799298 0.449411 1 0 0
v 0.987593 0.79781 0.449411 1 0 0
v 0.987942 0.796359 0.449411 1 0 0
v 0.988513 0.79498 0.449411 1 0 0
v 0.989293 0.793708 0.449411 1 0 0
v 0.990262 0.792573 0.449411 1 0 0
v 0.991397 0.791604 0.449411 1 0 0
v 0.992669 0.790824 0.449411 1 0 0
v 0.994048 0.790253 0.449411 1 0 0
v 0.995499 0.789905 0.449411 1 0 0
v 0.996987 0.789787 0.449411 1 0 0
v 0.998475 0.789905 0.449411 1 0 0
v 0.999926 0.790253 0.449411 1 0 0
v 1.0013 0.790824 0.449411 1 0 0
v 1.00258 0.791604 0.449411 1 0 0
v 1.00371 0.792573 0.449411 1 0 0
v 1.00468 0.793708 0.449411 1 0 0
v 1.00546 0.79498 0.449411 1 0 0
v 1.00603 0.796359 0.449411 1 0 0
v 1.00638 0.79781 0.449411 1 0 0
v 1.00686 0.799298 0.447885 1 0 0
v 1.00674 0.800843 0.447885 1 0 0
v 1.00638 0.80235 0.447885 1 0 0
v 1.00579 0.803782 0.447885 1 0 0
v 1.00498 0.805104 0.447885 1 0 0
v 1.00397 0.806282 0.447885 1 0 0
v 1.00279 0.807289 0.447885 1 0 0
v 1.00147 0.808098 0.447885 1 0 0
v 1.00004 0.808692 0.447885 1 0 0
v 0.998532 0.809053 0.447885 1 0 0
v 0.996987 0.809175 0.447885 1 0 0
v 0.995442 0.809053 0.447885 1 0 0
v 0.993935 0.808692 0.447885 1 0 0
v 0.992503 0.808098 0.447885 1 0 0
v 0.991181 0.807289 0.447885 1 0 0
v 0.990003 0.806282 0.447885 1 0 0
v 0.988996 0.805104 0.447885 1 0 0
v 0.988187 0.803782 0.447885 1 0 0
v 0.987593 0.80235 0.447885 1 0 0
v 0.987232 0.800843 0.447885 1 0 0
v 0.98711 0.799298 0.447885 1 0 0
v 0.987232 0.797753 0.447885 1 0 0
v 0.987593 0.796246 0.447885 1 0 0
v 0.988187 0.794814 0.447885 1 0 0
v 0.988996 0.793493 0.447885 1 0 0
v 0.990003 0.792314 0.447885 1 0 0
v 0.991181 0.791307 0.447885 1 0 0
v 0.992503 0.790498 0.447885 1 0 0
v 0.993935 0.789905 0.447885 1 0 0
v 0.995442 0.789543 0.447885 1 0 0
v 0.996987 0.789421 0.447885 1 0 0
v 0.998532 0.789543 0.447885 1 0 0
v 1.00004 0.789905 0.447885 1 0 0
v 1.00147 0.790498 0.447885 1 0 0
v 1.00279 0.791307 0.447885 1 0 0
v 1.00397 0.792314 0.447885 1 0 0
v 1.00498 0.793493 0.447885 1 0 0
v 1.00579 0.794814 0.447885 1 0 0
v 1.00638 0.796246 0.447885 1 0 0
v 1.00674 0.797753 0.447885 1 0 0
v 1.00699 0.799298 0.446321 1 0 0
v 1.00686 0.800862 0.446321 1 0 0
v 1.0065 0.802388 0.446321 1 0 0
v 1.0059 0.803838 0.446321 1 0 0
v 1.00508 0.805176 0.446321 1 0 0
v 1.00406 0.806369 0.446321 1 0 0
v 1.00286 0.807388 0.446321 1 0 0
v 1.00153 0.808208 0.446321 1 0 0
v 1.00008 0.808809 0.446321 1 0 0
v 0.998551 0.809175 0.446321 1 0 0
v 0.996987 0.809298 0.446321 1 0 0
v 0.995423 0.809175 0.446321 1 0 0
v 0.993897 0.808809 0.446321 1 0 0
v 0.992447 0.808208 0.446321 1 0 0
v 0.991109 0.807388 0.446321 1 0 0
v 0.989916 0.806369 0.446321 1 0 0
v 0.988897 0.805176 0.446321 1 0 0
v 0.988077 0.803838 0.446321 1 0 0
v 0.987476 0.802388 0.446321 1 0 0
v 0.98711 0.800862 0.446321 1 0 0
v 0.986987 0.799298 0.446321 1 0 0
v 0.98711 0.797734 0.446321 1 0 0
v 0.987476 0.796208 0.446321 1 0 0
v 0.988077 0.794758 0.446321 1 0 0
v 0.988897 0.79342 0.446321 1 0 0
v 0.989916 0.792227 0.446321 1 0 0
v 0.991109 0.791208 0.446321 1 0 0
v 0.992447 0.790388 0.446321 1 0 0
v 0.993897 0.789787 0.446321 1 0 0
v 0.995423 0.789421 0.446321 1 0 0
v 0.996987 0.789298 0.446321 1 0 0
v 0.998551 0.789421 0.446321 1 0 0
v 1.00008 0.789787 0.446321 1 0 0
v 1.00153 0.790388 0.446321 1 0 0
v 1.00286 0.791208 0.446321 1 0 0
v 1.00406 0.792227 0.446321 1 0 0
v 1.00508 0.79342 0.446321 1 0 0
v 1.0059 0.794758 0.446321 1 0 0
v 1.0065 0.796208 0.446321 1 0 0
v 1.00686 0.797734 0.446321 1 0 0
v 1.00686 0.799298 0.444757 1 0 0
v 1.00674 0.800843 0.444757 1 0 0
v 1.00638 0.80235 0.444757 1 0 0
v 1.00579 0.803782 0.444757 1 0 0
v 1.00498 0.805104 0.444757 1 0 0
v 1.00397 0.806282 0.444757 1 0 0
v 1.00279 0.807289 0.444757 1 0 0
v 1.00147 0.808098 0.444757 1 0 0
v 1.00004 0.808692 0.444757 1 0 0
v 0.998532 0.809053 0.444757 1 0 0
v 0.996987 0.809175 0.444757 1 0 0
v 0.995442 0.809053 0.444757 1 0 0
v 0.993935 0.808692 0.444757 1 0 0
v 0.992503 0.808098 0.444757 1 0 0
v 0.991181 0.807289 0.444757 1 0 0
v 0.990003 0.806282 0.444757 1 0 0
v 0.988996 0.805104 0.444757 1 0 0
v 0.988187 0.803782 0.444757 1 0 0
v 0.987593 0.80235 0.444757 1 0 0
v 0.987232 0.800843 0.444757 1 0 0
v 0.98711 0.799298 0.444757 1 0 0
v 0.987232 0.797753 0.444757 1 0 0
v 0.987593 0.796246 0.444757 1 0 0
v 0.988187 0.794814 0.444757 1 0 0
v 0.988996 0.793493 0.444757 1 0 0
v 0.990003 0.792314 0.444757 1 0 0
v 0.991181 0.791307 0.444757 1 0 0
v 0.992503 0.790498 0.444757 1 0 0
v 0.993935 0.789905 0.444757 1 0 0
v 0.995442 0.789543 0.444757 1 0 0
v 0.996987 0.789421 0.444757 1 0 0
v 0.998532 0.789543 0.444757 1 0 0
v 1.00004 0.789905 0.444757 1 0 0
v 1.00147 0.790498 0.444757 1 0 0
v 1.00279 0.791307 0.444757 1 0 0
v 1.00397 0.792314 0.444757 1 0 0
v 1.00498 0.793493 0.444757 1 0 0
v 1.00579 0.794814 0.444757 1 0 0
v 1.00638 0.796246 0.444757 1 0 0
v 1.00674 0.797753 0.444757 1 0 0
v 1.0065 0.799298 0.443231 1 0 0
v 1.00638 0.800786 0.443231 1 0 0
v 1.00603 0.802237 0.443231 1 0 0
v 1.00546 0.803616 0.443231 1 0 0
v 1.00468 0.804888 0.443231 1 0 0
v 1.00371 0.806023 0.443231 1 0 0
v 1.00258 0.806992 0.443231 1 0 0
v 1.0013 0.807772 0.443231 1 0 0
v 0.999926 0.808343 0.443231 1 0 0
v 0.998475 0.808692 0.443231 1 0 0
v 0.996987 0.808809 0.443231 1 0 0
v 0.995499 0.808692 0.443231 1 0 0
v 0.994048 0.808343 0.443231 1 0 0
v 0.992669 0.807772 0.443231 1 0 0
v 0.991397 0.806992 0.443231 1 0 0
v 0.990262 0.806023 0.443231 1 0 0
v 0.989293 0.804888 0.443231 1 0 0
v 0.988513 0.803616 0.443231 1 0 0
v 0.987942 0.802237 0.443231 1 0 0
v 0.987593 0.800786 0.443231 1 0 0
v 0.987476 0.799298 0.443231 1 0 0
v 0.987593 0.79781 0.443231 1 0 0
v 0.987942 0.796359 0.443231 1 0 0
v 0.988513 0.79498 0.443231 1 0 0
v 0.989293 0.793708 0.443231 1 0 0
v 0.990262 0.792573 0.443231 1 0 0
v 0.991397 0.791604 0.443231 1 0 0
v 0.992669 0.790824 0.443231 1 0 0
v 0.994048 0.790253 0.443231 1 0 0
v 0.995499 0.789905 0.443231 1 0 0
v 0.996987 0.789787 0.443231 1 0 0
v 0.998475 0.789905 0.443231 1 0 0
v 0.999926 0.790253 0.443231 1 0 0
v 1.0013 0.790824 0.443231 1 0 0
v 1.00258 0.791604 0.443231 1 0 0
v 1.00371 0.792573 0.443231 1 0 0
v 1.00468 0.793708 0.443231 1 0 0
v 1.00546 0.79498 0.443231 1 0 0
v 1.00603 0.796359 0.443231 1 0 0
v 1.00638 0.79781 0.443231 1 0 0
v 1.0059 0.799298 0.441781 1 0 0
v 1.00579 0.800692 0.441781 1 0 0
v 1.00546 0.802051 0.441781 1 0 0
v 1.00493 0.803343 0.441781 1 0 0
v 1.0042 0.804535 0.441781 1 0 0
v 1.00329 0.805598 0.441781 1 0 0
v 1.00222 0.806506 0.441781 1 0 0
v 1.00103 0.807237 0.441781 1 0 0
v 0.99974 0.807772 0.441781 1 0 0
v 0.998381 0.808098 0.441781 1 0 0
v 0.996987 0.808208 0.441781 1 0 0
v 0.995593 0.808098 0.441781 1 0 0
v 0.994234 0.807772 0.441781 1 0 0
v 0.992942 0.807237 0.441781 1 0 0
v 0.99175 0.806506 0.441781 1 0 0
v 0.990687 0.805598 0.441781 1 0 0
v 0.989779 0.804535 0.441781 1 0 0
v 0.989048 0.803343 0.441781 1 0 0
v 0.988513 0.802051 0.441781 1 0 0
v 0.988187 0.800692 0.441781 1 0 0
v 0.988077 0.799298 0.441781 1 0 0
v 0.988187 0.797904 0.441781 1 0 0
v 0.988513 0.796545 0.441781 1 0 0
v 0.989048 0.795253 0.441781 1 0 0
v 0.989779 0.794061 0.441781 1 0 0
v 0.990687 0.792998 0.441781 1 0 0
v 0.99175 0.79209 0.441781 1 0 0
v 0.992942 0.791359 0.441781 1 0 0
v 0.994234 0.790824 0.441781 1 0 0
v 0.995593 0.790498 0.441781 1 0 0
v 0.996987 0.790388 0.441781 1 0 0
v 0.998381 0.790498 0.441781 1 0 0
v 0.99974 0.790824 0.441781 1 0 0
v 1.00103 0.791359 0.441781 1 0 0
v 1.00222 0.79209 0.441781 1 0 0
v 1.00329 0.792998 0.441781 1 0 0
v 1.0042 0.794061 0.441781 1 0 0
v 1.00493 0.795253 0.441781 1 0 0
v 1.00546 0.796545 0.441781 1 0 0
v 1.00579 0.797904 0.441781 1 0 0
v 1.00508 0.799298 0.440443 1 0 0
v 1.00498 0.800564 0.440443 1 0 0
v 1.00468 0.801798 0.440443 1 0 0
v 1.0042 0.802971 0.440443 1 0 0
v 1.00353 0.804053 0.440443 1 0 0
v 1.00271 0.805019 0.440443 1 0 0
v 1.00174 0.805843 0.440443 1 0 0
v 1.00066 0.806506 0.440443 1 0 0
v 0.999487 0.806992 0.440443 1 0 0
v 0.998253 0.807289 0.440443 1 0 0
v 0.996987 0.807388 0.440443 1 0 0
v 0.995721 0.807289 0.440443 1 0 0
v 0.994487 0.806992 0.440443 1 0 0
v 0.993314 0.806506 0.440443 1 0 0
v 0.992232 0.805843 0.440443 1 0 0
v 0.991266 0.805019 0.440443 1 0 0
v 0.990442 0.804053 0.440443 1 0 0
v 0.989779 0.802971 0.440443 1 0 0
v 0.989293 0.801798 0.440443 1 0 0
v 0.988996 0.800564 0.440443 1 0 0
v 0.988897 0.799298 0.440443 1 0 0
v 0.988996 0.798032 0.440443 1 0 0
v 0.989293 0.796798 0.440443 1 0 0
v 0.989779 0.795625 0.440443 1 0 0
v 0.990442 0.794543 0.440443 1 0 0
v 0.991266 0.793577 0.440443 1 0 0
v 0.992232 0.792753 0.440443 1 0 0
v 0.993314 0.79209 0.440443 1 0 0
v 0.994487 0.791604 0.440443 1 0 0
v 0.995721 0.791307 0.440443 1 0 0
v 0.996987 0.791208 0.440443 1 0 0
v 0.998253 0.791307 0.440443 1 0 0
v 0.999487 0.791604 0.440443 1 0 0
v 1.00066 0.79209 0.440443 1 0 0
v 1.00174 0.792753 0.440443 1 0 0
v 1.00271 0.793577 0.440443 1 0 0
v 1.00353 0.794543 0.440443 1 0 0
v 1.0042 0.795625 0.440443 1 0 0
v 1.00468 0.796798 0.440443 1 0 0
v 1.00498 0.798032 0.440443 1 0 0
v 1.00406 0.799298 0.43925 1 0 0
v 1.00397 0.800404 0.43925 1 0 0
v 1.00371 0.801483 0.43925 1 0 0
v 1.00329 0.802508 0.43925 1 0 0
v 1.00271 0.803454 0.43925 1 0 0
v 1.00199 0.804298 0.43925 1 0 0
v 1.00114 0.805019 0.43925 1 0 0
v 1.0002 0.805598 0.43925 1 0 0
v 0.999172 0.806023 0.43925 1 0 0
v 0.998093 0.806282 0.43925 1 0 0
v 0.996987 0.806369 0.43925 1 0 0
v 0.995881 0.806282 0.43925 1 0 0
v 0.994802 0.806023 0.43925 1 0 0
v 0.993777 0.805598 0.43925 1 0 0
v 0.992831 0.805019 0.43925 1 0 0
v 0.991987 0.804298 0.43925 1 0 0
v 0.991266 0.803454 0.43925 1 0 0
v 0.990687 0.802508 0.43925 1 0 0
v 0.990262 0.801483 0.43925 1 0 0
v 0.990003 0.800404 0.43925 1 0 0
v 0.989916 0.799298 0.43925 1 0 0
v 0.990003 0.798192 0.43925 1 0 0
v 0.990262 0.797113 0.43925 1 0 0
v 0.990687 0.796088 0.43925 1 0 0
v 0.991266 0.795142 0.43925 1 0 0
v 0.991987 0.794298 0.43925 1 0 0
v 0.992831 0.793577 0.43925 1 0 0
v 0.993777 0.792998 0.43925 1 0 0
v 0.994802 0.792573 0.43925 1 0 0
v 0.995881 0.792314 0.43925 1 0 0
v 0.996987 0.792227 0.43925 1 0 0
v 0.998093 0.792314 0.43925 1 0 0
v 0.999172 0.792573 0.43925 1 0 0
v 1.0002 0.792998 0.43925 1 0 0
v 1.00114 0.793577 0.43925 1 0 0
v 1.00199 0.794298 0.43925 1 0 0
v 1.00271 0.795142 0.43925 1 0 0
v 1.00329 0.796088 0.43925 1 0 0
v 1.00371 0.797113 0.43925 1 0 0
v 1.00397 0.798192 0.43925 1 0 0
v 1.00286 0.799298 0.438231 1 0 0
v 1.00279 0.800218 0.438231 1 0 0
v 1.00258 0.801114 0.438231 1 0 0
v 1.00222 0.801967 0.438231 1 0 0
v 1.00174 0.802753 0.438231 1 0 0
v 1.00114 0.803454 0.438231 1 0 0
v 1.00044 0.804053 0.438231 1 0 0
v 0.999655 0.804535 0.438231 1 0 0
v 0.998803 0.804888 0.438231 1 0 0
v 0.997906 0.805104 0.438231 1 0 0
v 0.996987 0.805176 0.438231 1 0 0
v 0.996067 0.805104 0.438231 1 0 0
v 0.995171 0.804888 0.438231 1 0 0
v 0.994318 0.804535 0.438231 1 0 0
v 0.993532 0.804053 0.438231 1 0 0
v 0.992831 0.803454 0.438231 1 0 0
v 0.992232 0.802753 0.438231 1 0 0
v 0.99175 0.801967 0.438231 1 0 0
v 0.991397 0.801114 0.438231 1 0 0
v 0.991181 0.800218 0.438231 1 0 0
v 0.991109 0.799298 0.438231 1 0 0
v 0.991181 0.798379 0.438231 1 0 0
v 0.991397 0.797482 0.438231 1 0 0
v 0.99175 0.79663 0.438231 1 0 0
v 0.992232 0.795843 0.438231 1 0 0
v 0.992831 0.795142 0.438231 1 0 0
v 0.993532 0.794543 0.438231 1 0 0
v 0.994318 0.794061 0.438231 1 0 0
v 0.995171 0.793708 0.438231 1 0 0
v 0.996067 0.793493 0.438231 1 0 0
v 0.996987 0.79342 0.438231 1 0 0
v 0.997906 0.793493 0.438231 1 0 0
v 0.998803 0.793708 0.438231 1 0 0
v 0.999655 0.794061 0.438231 1 0 0
v 1.00044 0.794543 0.438231 1 0 0
v 1.00114 0.795142 0.438231 1 0 0
v 1.00174 0.795843 0.438231 1 0 0
v 1.00222 0.79663 0.438231 1 0 0
v 1.00258 0.797482 0.438231 1 0 0
v 1.00279 0.798379 0.438231 1 0 0
v 1.00153 0.799298 0.437411 1 0 0
v 1.00147 0.800008 0.437411 1 0 0
v 1.0013 0.800701 0.437411 1 0 0
v 1.00103 0.801359 0.437411 1 0 0
v 1.00066 0.801967 0.437411 1 0 0
v 1.0002 0.802508 0.437411 1 0 0
v 0.999655 0.802971 0.437411 1 0 0
v 0.999048 0.803343 0.437411 1 0 0
v 0.99839 0.803616 0.437411 1 0 0
v 0.997697 0.803782 0.437411 1 0 0
v 0.996987 0.803838 0.437411 1 0 0
v 0.996277 0.803782 0.437411 1 0 0
v 0.995584 0.803616 0.437411 1 0 0
v 0.994926 0.803343 0.437411 1 0 0
v 0.994318 0.802971 0.437411 1 0 0
v 0.993777 0.802508 0.437411 1 0 0
v 0.993314 0.801967 0.437411 1 0 0
v 0.992942 0.801359 0.437411 1 0 0
v 0.992669 0.800701 0.437411 1 0 0
v 0.992503 0.800008 0.437411 1 0 0
v 0.992447 0.799298 0.437411 1 0 0
v 0.992503 0.798588 0.437411 1 0 0
v 0.992669 0.797895 0.437411 1 0 0
v 0.992942 0.797237 0.437411 1 0 0
v 0.993314 0.79663 0.437411 1 0 0
v 0.993777 0.796088 0.437411 1 0 0
v 0.994318 0.795625 0.437411 1 0 0
v 0.994926 0.795253 0.437411 1 0 0
v 0.995584 0.79498 0.437411 1 0 0
v 0.996277 0.794814 0.437411 1 0 0
v 0.996987 0.794758 0.437411 1 0 0
v 0.997697 0.794814 0.437411 1 0 0
v 0.99839 0.79498 0.437411 1 0 0
v 0.999048 0.795253 0.437411 1 0 0
v 0.999655 0.795625 0.437411 1 0 0
v 1.0002 0.796088 0.437411 1 0 0
v 1.00066 0.79663 0.437411 1 0 0
v 1.00103 0.797237 0.437411 1 0 0
v 1.0013 0.797895 0.437411 1 0 0
v 1.00147 0.798588 0.437411 1 0 0
v 1.00008 0.799298 0.43681 1 0 0
v 1.00004 0.799781 0.43681 1 0 0
v 0.999926 0.800253 0.43681 1 0 0
v 0.99974 0.800701 0.43681 1 0 0
v 0.999487 0.801114 0.43681 1 0 0
v 0.999172 0.801483 0.43681 1 0 0
v 0.998803 0.801798 0.43681 1 0 0
v 0.99839 0.802051 0.43681 1 0 0
v 0.997942 0.802237 0.43681 1 0 0
v 0.99747 0.80235 0.43681 1 0 0
v 0.996987 0.802388 0.43681 1 0 0
v 0.996504 0.80235 0.43681 1 0 0
v 0.996032 0.802237 0.43681 1 0 0
v 0.995584 0.802051 0.43681 1 0 0
v 0.995171 0.801798 0.43681 1 0 0
v 0.994802 0.801483 0.43681 1 0 0
v 0.994487 0.801114 0.43681 1 0 0
v 0.994234 0.800701 0.43681 1 0 0
v 0.994048 0.800253 0.43681 1 0 0
v 0.993935 0.799781 0.43681 1 0 0
v 0.993897 0.799298 0.43681 1 0 0
v 0.993935 0.798815 0.43681 1 0 0
v 0.994048 0.798343 0.43681 1 0 0
v 0.994234 0.797895 0.43681 1 0 0
v 0.994487 0.797482 0.43681 1 0 0
v 0.994802 0.797113 0.43681 1 0 0
v 0.995171 0.796798 0.43681 1 0 0
v 0.995584 0.796545 0.43681 1 0 0
v 0.996032 0.796359 0.43681 1 0 0
v 0.996504 0.796246 0.43681 1 0 0
v 0.996987 0.796208 0.43681 1 0 0
v 0.99747 0.796246 0.43681 1 0 0
v 0.997942 0.796359 0.43681 1 0 0
v 0.99839 0.796545 0.43681 1 0 0
v 0.998803 0.796798 0.43681 1 0 0
v 0.999172 0.797113 0.43681 1 0 0
v 0.999487 0.797482 0.43681 1 0 0
v 0.99974 0.797895 0.43681 1 0 0
v 0.999926 0.798343 0.43681 1 0 0
v 1.00004 0.798815 0.43681 1 0 0
v 0.998551 0.799298 0.436444 1 0 0
v 0.998532 0.799543 0.436444 1 0 0
v 0.998475 0.799781 0.436444 1 0 0
v 0.998381 0.800008 0.436444 1 0 0
v 0.998253 0.800218 0.436444 1 0 0
v 0.998093 0.800404 0.436444 1 0 0
v 0.997906 0.800564 0.436444 1 0 0
v 0.997697 0.800692 0.436444 1 0 0
v 0.99747 0.800786 0.436444 1 0 0
v 0.997232 0.800843 0.436444 1 0 0
v 0.996987 0.800862 0.436444 1 0 0
v 0.996742 0.800843 0.436444 1 0 0
v 0.996504 0.800786 0.436444 1 0 0
v 0.996277 0.800692 0.436444 1 0 0
v 0.996067 0.800564 0.436444 1 0 0
v 0.995881 0.800404 0.436444 1 0 0
v 0.995721 0.800218 0.436444 1 0 0
v 0.995593 0.800008 0.436444 1 0 0
v 0.995499 0.799781 0.436444 1 0 0
v 0.995442 0.799543 0.436444 1 0 0
v 0.995423 0.799298 0.436444 1 0 0
v 0.995442 0.799053 0.436444 1 0 0
v 0.995499 0.798815 0.436444 1 0 0
v 0.995593 0.798588 0.436444 1 0 0
v 0.995721 0.798379 0.436444 1 0 0
v 0.995881 0.798192 0.436444 1 0 0
v 0.996067 0.798032 0.436444 1 0 0
v 0.996277 0.797904 0.436444 1 0 0
v 0.996504 0.79781 0.436444 1 0 0
v 0.996742 0.797753 0.436444 1 0 0
v 0.996987 0.797734 0.436444 1 0 0
v 0.997232 0.797753 0.436444 1 0 0
v 0.99747 0.79781 0.436444 1 0 0
v 0.997697 0.797904 0.436444 1 0 0
v 0.997906 0.798032 0.436444 1 0 0
v 0.998093 0.798192 0.436444 1 0 0
v 0.998253 0.798379 0.436444 1 0 0
v 0.998381 0.798588 0.436444 1 0 0
v 0.998475 0.798815 0.436444 1 0 0
v 0.998532 0.799053 0.436444 1 0 0
v 0.0241812 0.198075 0.559054 1 0 0
v 0.0241812 0.198075 0.539054 1 0 0
v 0.0257456 0.198075 0.558931 1 0 0
v 0.0257263 0.19832 0.558931 1 0 0
v 0.025669 0.198559 0.558931 1 0 0
v 0.0255751 0.198786 0.558931 1 0 0
v 0.0254468 0.198995 0.558931 1 0 0
v 0.0252874 0.199182 0.558931 1 0 0
v 0.0251007 0.199341 0.558931 1 0 0
v 0.0248914 0.199469 0.558931 1 0 0
v 0.0246646 0.199563 0.558931 1 0 0
v 0.024426 0.19962 0.558931 1 0 0
v 0.0241812 0.19964 0.558931 1 0 0
v 0.0239365 0.19962 0.558931 1 0 0
v 0.0236978 0.199563 0.558931 1 0 0
v 0.023471 0.199469 0.558931 1 0 0
v 0.0232617 0.199341 0.558931 1 0 0
v 0.0230751 0.199182 0.558931 1 0 0
v 0.0229157 0.198995 0.558931 1 0 0
v 0.0227874 0.198786 0.558931 1 0 0
v 0.0226935 0.198559 0.558931 1 0 0
v 0.0226362 0.19832 0.558931 1 0 0
v 0.0226169 0.198075 0.558931 1 0 0
v 0.0226362 0.197831 0.558931 1 0 0
v 0.0226935 0.197592 0.558931 1 0 0
v 0.0227874 0.197365 0.558931 1 0 0
v 0.0229157 0.197156 0.558931 1 0 0
v 0.0230751 0.196969 0.558931 1 0 0
v 0.0232617 0.19681 0.558931 1 0 0
v 0.023471 0.196682 0.558931 1 0 0
v 0.0236978 0.196588 0.558931 1 0 0
v 0.0239365 0.19653 0.558931 1 0 0
v 0.0241812 0.196511 0.558931 1 0 0
v 0.024426 0.19653 0.558931 1 0 0
v 0.0246646 0.196588 0.558931 1 0 0
v 0.0248914 0.196682 0.558931 1 0 0
v 0.0251007 0.19681 0.558931 1 0 0
v 0.0252874 0.196969 0.558931 1 0 0
v 0.0254468 0.197156 0.558931 1 0 0
v 0.0255751 0.197365 0.558931 1 0 0
v 0.025669 0.197592 0.558931 1 0 0
v 0.0257263 0.197831 0.558931 1 0 0
v 0.0272714 0.198075 0.558565 1 0 0
v 0.0272334 0.198559 0.558565 1 0 0
v 0.0271202 0.19903 0.558565 1 0 0
v 0.0269346 0.199478 0.558565 1 0 0
v 0.0266812 0.199892 0.558565 1 0 0
v 0.0263663 0.20026 0.558565 1 0 0
v 0.0259976 0.200575 0.558565 1 0 0
v 0.0255841 0.200829 0.558565 1 0 0
v 0.0251362 0.201014 0.558565 1 0 0
v 0.0246646 0.201128 0.558565 1 0 0
v 0.0241812 0.201166 0.558565 1 0 0
v 0.0236978 0.201128 0.558565 1 0 0
v 0.0232263 0.201014 0.558565 1 0 0
v 0.0227783 0.200829 0.558565 1 0 0
v 0.0223649 0.200575 0.558565 1 0 0
v 0.0219962 0.20026 0.558565 1 0 0
v 0.0216812 0.199892 0.558565 1 0 0
v 0.0214279 0.199478 0.558565 1 0 0
v 0.0212423 0.19903 0.558565 1 0 0
v 0.0211291 0.198559 0.558565 1 0 0
v 0.0210911 0.198075 0.558565 1 0 0
v 0.0211291 0.197592 0.558565 1 0 0
v 0.0212423 0.19712 0.558565 1 0 0
v 0.0214279 0.196672 0.558565 1 0 0
v 0.0216812 0.196259 0.558565 1 0 0
v 0.0219962 0.19589 0.558565 1 0 0
v 0.0223649 0.195575 0.558565 1 0 0
v 0.0227783 0.195322 0.558565 1 0 0
v 0.0232263 0.195136 0.558565 1 0 0
v 0.0236978 0.195023 0.558565 1 0 0
v 0.0241812 0.194985 0.558565 1 0 0
v 0.0246646 0.195023 0.558565 1 0 0
v 0.0251362 0.195136 0.558565 1 0 0
v 0.0255841 0.195322 0.558565 1 0 0
v 0.0259976 0.195575 0.558565 1 0 0
v 0.0263663 0.19589 0.558565 1 0 0
v 0.0266812 0.196259 0.558565 1 0 0
v 0.0269346 0.196672 0.558565 1 0 0
v 0.0271202 0.19712 0.558565 1 0 0
v 0.0272334 0.197592 0.558565 1 0 0
v 0.0287211 0.198075 0.557964 1 0 0
v 0.0286653 0.198786 0.557964 1 0 0
v 0.0284989 0.199478 0.557964 1 0 0
v 0.0282263 0.200136 0.557964 1 0 0
v 0.0278541 0.200744 0.557964 1 0 0
v 0.0273914 0.201286 0.557964 1 0 0
v 0.0268497 0.201748 0.557964 1 0 0
v 0.0262423 0.20212 0.557964 1 0 0
v 0.0255841 0.202393 0.557964 1 0 0
v 0.0248914 0.202559 0.557964 1 0 0
v 0.0241812 0.202615 0.557964 1 0 0
v 0.023471 0.202559 0.557964 1 0 0
v 0.0227783 0.202393 0.557964 1 0 0
v 0.0221202 0.20212 0.557964 1 0 0
v 0.0215128 0.201748 0.557964 1 0 0
v 0.020971 0.201286 0.557964 1 0 0
v 0.0205084 0.200744 0.557964 1 0 0
v 0.0201362 0.200136 0.557964 1 0 0
v 0.0198635 0.199478 0.557964 1 0 0
v 0.0196972 0.198786 0.557964 1 0 0
v 0.0196413 0.198075 0.557964 1 0 0
v 0.0196972 0.197365 0.557964 1 0 0
v 0.0198635 0.196672 0.557964 1 0 0
v 0.0201362 0.196014 0.557964 1 0 0
v 0.0205084 0.195407 0.557964 1 0 0
v 0.020971 0.194865 0.557964 1 0 0
v 0.0215128 0.194403 0.557964 1 0 0
v 0.0221202 0.19403 0.557964 1 0 0
v 0.0227783 0.193758 0.557964 1 0 0
v 0.023471 0.193591 0.557964 1 0 0
v 0.0241812 0.193535 0.557964 1 0 0
v 0.0248914 0.193591 0.557964 1 0 0
v 0.0255841 0.193758 0.557964 1 0 0
v 0.0262423 0.19403 0.557964 1 0 0
v 0.0268497 0.194403 0.557964 1 0 0
v 0.0273914 0.194865 0.557964 1 0 0
v 0.0278541 0.195407 0.557964 1 0 0
v 0.0282263 0.196014 0.557964 1 0 0
v 0.0284989 0.196672 0.557964 1 0 0
v 0.0286653 0.197365 0.557964 1 0 0
v 0.0300591 0.198075 0.557145 1 0 0
v 0.0299867 0.198995 0.557145 1 0 0
v 0.0297714 0.199892 0.557145 1 0 0
v 0.0294184 0.200744 0.557145 1 0 0
v 0.0289365 0.20153 0.557145 1 0 0
v 0.0283375 0.202232 0.557145 1 0 0
v 0.0276362 0.202831 0.557145 1 0 0
v 0.0268497 0.203313 0.557145 1 0 0
v 0.0259976 0.203666 0.557145 1 0 0
v 0.0251007 0.203881 0.557145 1 0 0
v 0.0241812 0.203953 0.557145 1 0 0
v 0.0232617 0.203881 0.557145 1 0 0
v 0.0223649 0.203666 0.557145 1 0 0
v 0.0215128 0.203313 0.557145 1 0 0
v 0.0207263 0.202831 0.557145 1 0 0
v 0.020025 0.202232 0.557145 1 0 0
v 0.019426 0.20153 0.557145 1 0 0
v 0.018944 0.200744 0.557145 1 0 0
v 0.0185911 0.199892 0.557145 1 0 0
v 0.0183758 0.198995 0.557145 1 0 0
v 0.0183034 0.198075 0.557145 1 0 0
v 0.0183758 0.197156 0.557145 1 0 0
v 0.0185911 0.196259 0.557145 1 0 0
v 0.018944 0.195407 0.557145 1 0 0
v 0.019426 0.19462 0.557145 1 0 0
v 0.020025 0.193919 0.557145 1 0 0
v 0.0207263 0.19332 0.557145 1 0 0
v 0.0215128 0.192838 0.557145 1 0 0
v 0.0223649 0.192485 0.557145 1 0 0
v 0.0232617 0.19227 0.557145 1 0 0
v 0.0241812 0.192198 0.557145 1 0 0
v 0.0251007 0.19227 0.557145 1 0 0
v 0.0259976 0.192485 0.557145 1 0 0
v 0.0268497 0.192838 0.557145 1 0 0
v 0.0276362 0.19332 0.557145 1 0 0
v 0.0283375 0.193919 0.557145 1 0 0
v 0.0289365 0.19462 0.557145 1 0 0
v 0.0294184 0.195407 0.557145 1 0 0
v 0.0297714 0.196259 0.557145 1 0 0
v 0.0299867 0.197156 0.557145 1 0 0
v 0.0312523 0.198075 0.556125 1 0 0
v 0.0311653 0.199182 0.556125 1 0 0
v 0.0309062 0.20026 0.556125 1 0 0
v 0.0304816 0.201286 0.556125 1 0 0
v 0.0299019 0.202232 0.556125 1 0 0
v 0.0291812 0.203075 0.556125 1 0 0
v 0.0283375 0.203796 0.556125 1 0 0
v 0.0273914 0.204376 0.556125 1 0 0
v 0.0263663 0.2048 0.556125 1 0 0
v 0.0252874 0.205059 0.556125 1 0 0
v 0.0241812 0.205146 0.556125 1 0 0
v 0.0230751 0.205059 0.556125 1 0 0
v 0.0219962 0.2048 0.556125 1 0 0
v 0.020971 0.204376 0.556125 1 0 0
v 0.020025 0.203796 0.556125 1 0 0
v 0.0191812 0.203075 0.556125 1 0 0
v 0.0184606 0.202232 0.556125 1 0 0
v 0.0178809 0.201286 0.556125 1 0 0
v 0.0174563 0.20026 0.556125 1 0 0
v 0.0171972 0.199182 0.556125 1 0 0
v 0.0171102 0.198075 0.556125 1 0 0
v 0.0171972 0.196969 0.556125 1 0 0
v 0.0174563 0.19589 0.556125 1 0 0
v 0.0178809 0.194865 0.556125 1 0 0
v 0.0184606 0.193919 0.556125 1 0 0
v 0.0191812 0.193075 0.556125 1 0 0
v 0.020025 0.192355 0.556125 1 0 0
v 0.020971 0.191775 0.556125 1 0 0
v 0.0219962 0.19135 0.556125 1 0 0
v 0.0230751 0.191091 0.556125 1 0 0
v 0.0241812 0.191004 0.556125 1 0 0
v 0.0252874 0.191091 0.556125 1 0 0
v 0.0263663 0.19135 0.556125 1 0 0
v 0.0273914 0.191775 0.556125 1 0 0
v 0.0283375 0.192355 0.556125 1 0 0
v 0.0291812 0.193075 0.556125 1 0 0
v 0.0299019 0.193919 0.556125 1 0 0
v 0.0304816 0.194865 0.556125 1 0 0
v 0.0309062 0.19589 0.556125 1 0 0
v 0.0311653 0.196969 0.556125 1 0 0
v 0.0322714 0.198075 0.554932 1 0 0
v 0.0321718 0.199341 0.554932 1 0 0
v 0.0318754 0.200575 0.554932 1 0 0
v 0.0313896 0.201748 0.554932 1 0 0
v 0.0307263 0.202831 0.554932 1 0 0
v 0.0299019 0.203796 0.554932 1 0 0
v 0.0289365 0.20462 0.554932 1 0 0
v 0.0278541 0.205284 0.554932 1 0 0
v 0.0266812 0.20577 0.554932 1 0 0
v 0.0254468 0.206066 0.554932 1 0 0
v 0.0241812 0.206166 0.554932 1 0 0
v 0.0229157 0.206066 0.554932 1 0 0
v 0.0216812 0.20577 0.554932 1 0 0
v 0.0205084 0.205284 0.554932 1 0 0
v 0.019426 0.20462 0.554932 1 0 0
v 0.0184606 0.203796 0.554932 1 0 0
v 0.0176362 0.202831 0.554932 1 0 0
v 0.0169728 0.201748 0.554932 1 0 0
v 0.016487 0.200575 0.554932 1 0 0
v 0.0161907 0.199341 0.554932 1 0 0
v 0.0160911 0.198075 0.554932 1 0 0
v 0.0161907 0.19681 0.554932 1 0 0
v 0.016487 0.195575 0.554932 1 0 0
v 0.0169728 0.194403 0.554932 1 0 0
v 0.0176362 0.19332 0.554932 1 0 0
v 0.0184606 0.192355 0.554932 1 0 0
v 0.019426 0.19153 0.554932 1 0 0
v 0.0205084 0.190867 0.554932 1 0 0
v 0.0216812 0.190381 0.554932 1 0 0
v 0.0229157 0.190085 0.554932 1 0 0
v 0.0241812 0.189985 0.554932 1 0 0
v 0.0254468 0.190085 0.554932 1 0 0
v 0.0266812 0.190381 0.554932 1 0 0
v 0.0278541 0.190867 0.554932 1 0 0
v 0.0289365 0.19153 0.554932 1 0 0
v 0.0299019 0.192355 0.554932 1 0 0
v 0.0307263 0.19332 0.554932 1 0 0
v 0.0313896 0.194403 0.554932 1 0 0
v 0.0318754 0.195575 0.554932 1 0 0
v 0.0321718 0.19681 0.554932 1 0 0
v 0.0330913 0.198075 0.553594 1 0 0
v 0.0329816 0.199469 0.553594 1 0 0
v 0.0326552 0.200829 0.553594 1 0 0
v 0.0321202 0.20212 0.553594 1 0 0
v 0.0313896 0.203313 0.553594 1 0 0
v 0.0304816 0.204376 0.553594 1 0 0
v 0.0294184 0.205284 0.553594 1 0 0
v 0.0282263 0.206014 0.553594 1 0 0
v 0.0269346 0.206549 0.553594 1 0 0
v 0.0255751 0.206876 0.553594 1 0 0
v 0.0241812 0.206985 0.553594 1 0 0
v 0.0227874 0.206876 0.553594 1 0 0
v 0.0214279 0.206549 0.553594 1 0 0
v 0.0201362 0.206014 0.553594 1 0 0
v 0.018944 0.205284 0.553594 1 0 0
v 0.0178809 0.204376 0.553594 1 0 0
v 0.0169728 0.203313 0.553594 1 0 0
v 0.0162423 0.20212 0.553594 1 0 0
v 0.0157073 0.200829 0.553594 1 0 0
v 0.0153809 0.199469 0.553594 1 0 0
v 0.0152712 0.198075 0.553594 1 0 0
v 0.0153809 0.196682 0.553594 1 0 0
v 0.0157073 0.195322 0.553594 1 0 0
v 0.0162423 0.19403 0.553594 1 0 0
v 0.0169728 0.192838 0.553594 1 0 0
v 0.0178809 0.191775 0.553594 1 0 0
v 0.018944 0.190867 0.553594 1 0 0
v 0.0201362 0.190136 0.553594 1 0 0
v 0.0214279 0.189601 0.553594 1 0 0
v 0.0227874 0.189275 0.553594 1 0 0
v 0.0241812 0.189165 0.553594 1 0 0
v 0.0255751 0.189275 0.553594 1 0 0
v 0.0269346 0.189601 0.553594 1 0 0
v 0.0282263 0.190136 0.553594 1 0 0
v 0.0294184 0.190867 0.553594 1 0 0
v 0.0304816 0.191775 0.553594 1 0 0
v 0.0313896 0.192838 0.553594 1 0 0
v 0.0321202 0.19403 0.553594 1 0 0
v 0.0326552 0.195322 0.553594 1 0 0
v 0.0329816 0.196682 0.553594 1 0 0
v 0.0336918 0.198075 0.552145 1 0 0
v 0.0335747 0.199563 0.552145 1 0 0
v 0.0332263 0.201014 0.552145 1 0 0
v 0.0326552 0.202393 0.552145 1 0 0
v 0.0318754 0.203666 0.552145 1 0 0
v 0.0309062 0.2048 0.552145 1 0 0
v 0.0297714 0.20577 0.552145 1 0 0
v 0.0284989 0.206549 0.552145 1 0 0
v 0.0271202 0.20712 0.552145 1 0 0
v 0.025669 0.207469 0.552145 1 0 0
v 0.0241812 0.207586 0.552145 1 0 0
v 0.0226935 0.207469 0.552145 1 0 0
v 0.0212423 0.20712 0.552145 1 0 0
v 0.0198635 0.206549 0.552145 1 0 0
v 0.0185911 0.20577 0.552145 1 0 0
v 0.0174563 0.2048 0.552145 1 0 0
v 0.016487 0.203666 0.552145 1 0 0
v 0.0157073 0.202393 0.552145 1 0 0
v 0.0151362 0.201014 0.552145 1 0 0
v 0.0147878 0.199563 0.552145 1 0 0
v 0.0146707 0.198075 0.552145 1 0 0
v 0.0147878 0.196588 0.552145 1 0 0
v 0.0151362 0.195136 0.552145 1 0 0
v 0.0157073 0.193758 0.552145 1 0 0
v 0.016487 0.192485 0.552145 1 0 0
v 0.0174563 0.19135 0.552145 1 0 0
v 0.0185911 0.190381 0.552145 1 0 0
v 0.0198635 0.189601 0.552145 1 0 0
v 0.0212423 0.18903 0.552145 1 0 0
v 0.0226935 0.188682 0.552145 1 0 0
v 0.0241812 0.188565 0.552145 1 0 0
v 0.025669 0.188682 0.552145 1 0 0
v 0.0271202 0.18903 0.552145 1 0 0
v 0.0284989 0.189601 0.552145 1 0 0
v 0.0297714 0.190381 0.552145 1 0 0
v 0.0309062 0.19135 0.552145 1 0 0
v 0.0318754 0.192485 0.552145 1 0 0
v 0.0326552 0.193758 0.552145 1 0 0
v 0.0332263 0.195136 0.552145 1 0 0
v 0.0335747 0.196588 0.552145 1 0 0
v 0.0340581 0.198075 0.550619 1 0 0
v 0.0339365 0.19962 0.550619 1 0 0
v 0.0335747 0.201128 0.550619 1 0 0
v 0.0329816 0.202559 0.550619 1 0 0
v 0.0321718 0.203881 0.550619 1 0 0
v 0.0311653 0.205059 0.550619 1 0 0
v 0.0299867 0.206066 0.550619 1 0 0
v 0.0286653 0.206876 0.550619 1 0 0
v 0.0272334 0.207469 0.550619 1 0 0
v 0.0257263 0.207831 0.550619 1 0 0
v 0.0241812 0.207952 0.550619 1 0 0
v 0.0226362 0.207831 0.550619 1 0 0
v 0.0211291 0.207469 0.550619 1 0 0
v 0.0196972 0.206876 0.550619 1 0 0
v 0.0183758 0.206066 0.550619 1 0 0
v 0.0171972 0.205059 0.550619 1 0 0
v 0.0161907 0.203881 0.550619 1 0 0
v 0.0153809 0.202559 0.550619 1 0 0
v 0.0147878 0.201128 0.550619 1 0 0
v 0.014426 0.19962 0.550619 1 0 0
v 0.0143044 0.198075 0.550619 1 0 0
v 0.014426 0.19653 0.550619 1 0 0
v 0.0147878 0.195023 0.550619 1 0 0
v 0.0153809 0.193591 0.550619 1 0 0
v 0.0161907 0.19227 0.550619 1 0 0
v 0.0171972 0.191091 0.550619 1 0 0
v 0.0183758 0.190085 0.550619 1 0 0
v 0.0196972 0.189275 0.550619 1 0 0
v 0.0211291 0.188682 0.550619 1 0 0
v 0.0226362 0.18832 0.550619 1 0 0
v 0.0241812 0.188199 0.550619 1 0 0
v 0.0257263 0.18832 0.550619 1 0 0
v 0.0272334 0.188682 0.550619 1 0 0
v 0.0286653 0.189275 0.550619 1 0 0
v 0.0299867 0.190085 0.550619 1 0 0
v 0.0311653 0.191091 0.550619 1 0 0
v 0.0321718 0.19227 0.550619 1 0 0
v 0.0329816 0.193591 0.550619 1 0 0
v 0.0335747 0.195023 0.550619 1 0 0
v 0.0339365 0.19653 0.550619 1 0 0
v 0.0341812 0.198075 0.549054 1 0 0
v 0.0340581 0.19964 0.549054 1 0 0
v 0.0336918 0.201166 0.549054 1 0 0
v 0.0330913 0.202615 0.549054 1 0 0
v 0.0322714 0.203953 0.549054 1 0 0
v 0.0312523 0.205146 0.549054 1 0 0
v 0.0300591 0.206166 0.549054 1 0 0
v 0.0287211 0.206985 0.549054 1 0 0
v 0.0272714 0.207586 0.549054 1 0 0
v 0.0257456 0.207952 0.549054 1 0 0
v 0.0241812 0.208075 0.549054 1 0 0
v 0.0226169 0.207952 0.549054 1 0 0
v 0.0210911 0.207586 0.549054 1 0 0
v 0.0196413 0.206985 0.549054 1 0 0
v 0.0183034 0.206166 0.549054 1 0 0
v 0.0171102 0.205146 0.549054 1 0 0
v 0.0160911 0.203953 0.549054 1 0 0
v 0.0152712 0.202615 0.549054 1 0 0
v 0.0146707 0.201166 0.549054 1 0 0
v 0.0143044 0.19964 0.549054 1 0 0
v 0.0141812 0.198075 0.549054 1 0 0
v 0.0143044 0.196511 0.549054 1 0 0
v 0.0146707 0.194985 0.549054 1 0 0
v 0.0152712 0.193535 0.549054 1 0 0
v 0.0160911 0.192198 0.549054 1 0 0
v 0.0171102 0.191004 0.549054 1 0 0
v 0.0183034 0.189985 0.549054 1 0 0
v 0.0196413 0.189165 0.549054 1 0 0
v 0.0210911 0.188565 0.549054 1 0 0
v 0.0226169 0.188199 0.549054 1 0 0
v 0.0241812 0.188075 0.549054 1 0 0
v 0.0257456 0.188199 0.549054 1 0 0
v 0.0272714 0.188565 0.549054 1 0 0
v 0.0287211 0.189165 0.549054 1 0 0
v 0.0300591 0.189985 0.549054 1 0 0
v 0.0312523 0.191004 0.549054 1 0 0
v 0.0322714 0.192198 0.549054 1 0 0
v 0.0330913 0.193535 0.549054 1 0 0
v 0.0336918 0.194985 0.549054 1 0 0
v 0.0340581 0.196511 0.549054 1 0 0
v 0.0340581 0.198075 0.54749 1 0 0
v 0.0339365 0.19962 0.54749 1 0 0
v 0.0335747 0.201128 0.54749 1 0 0
v 0.0329816 0.202559 0.54749 1 0 0
v 0.0321718 0.203881 0.54749 1 0 0
v 0.0311653 0.205059 0.54749 1 0 0
v 0.0299867 0.206066 0.54749 1 0 0
v 0.0286653 0.206876 0.54749 1 0 0
v 0.0272334 0.207469 0.54749 1 0 0
v 0.0257263 0.207831 0.54749 1 0 0
v 0.0241812 0.207952 0.54749 1 0 0
v 0.0226362 0.207831 0.54749 1 0 0
v 0.0211291 0.207469 0.54749 1 0 0
v 0.0196972 0.206876 0.54749 1 0 0
v 0.0183758 0.206066 0.54749 1 0 0
v 0.0171972 0.205059 0.54749 1 0 0
v 0.0161907 0.203881 0.54749 1 0 0
v 0.0153809 0.202559 0.54749 1 0 0
v 0.0147878 0.201128 0.54749 1 0 0
v 0.014426 0.19962 0.54749 1 0 0
v 0.0143044 0.198075 0.54749 1 0 0
v 0.014426 0.19653 0.54749 1 0 0
v 0.0147878 0.195023 0.54749 1 0 0
v 0.0153809 0.193591 0.54749 1 0 0
v 0.0161907 0.19227 0.54749 1 0 0
v 0.0171972 0.191091 0.54749 1 0 0
v 0.0183758 0.190085 0.54749 1 0 0
v 0.0196972 0.189275 0.54749 1 0 0
v 0.0211291 0.188682 0.54749 1 0 0
v 0.0226362 0.18832 0.54749 1 0 0
v 0.0241812 0.188199 0.54749 1 0 0
v 0.0257263 0.18832 0.54749 1 0 0
v 0.0272334 0.188682 0.54749 1 0 0
v 0.0286653 0.189275 0.54749 1 0 0
v 0.0299867 0.190085 0.54749 1 0 0
v 0.0311653 0.191091 0.54749 1 0 0
v 0.0321718 0.19227 0.54749 1 0 0
v 0.0329816 0.193591 0.54749 1 0 0
v 0.0335747 0.195023 0.54749 1 0 0
v 0.0339365 0.19653 0.54749 1 0 0
v 0.0336918 0.198075 0.545964 1 0 0
v 0.0335747 0.199563 0.545964 1 0 0
v 0.0332263 0.201014 0.545964 1 0 0
v 0.0326552 0.202393 0.545964 1 0 0
v 0.0318754 0.203666 0.545964 1 0 0
v 0.0309062 0.2048 0.545964 1 0 0
v 0.0297714 0.20577 0.545964 1 0 0
v 0.0284989 0.206549 0.545964 1 0 0
v 0.0271202 0.20712 0.545964 1 0 0
v 0.025669 0.207469 0.545964 1 0 0
v 0.0241812 0.207586 0.545964 1 0 0
v 0.0226935 0.207469 0.545964 1 0 0
v 0.0212423 0.20712 0.545964 1 0 0
v 0.0198635 0.206549 0.545964 1 0 0
v 0.0185911 0.20577 0.545964 1 0 0
v 0.0174563 0.2048 0.545964 1 0 0
v 0.016487 0.203666 0.545964 1 0 0
v 0.0157073 0.202393 0.545964 1 0 0
v 0.0151362 0.201014 0.545964 1 0 0
v 0.0147878 0.199563 0.545964 1 0 0
v 0.0146707 0.198075 0.545964 1 0 0
v 0.0147878 0.196588 0.545964 1 0 0
v 0.0151362 0.195136 0.545964 1 0 0
v 0.0157073 0.193758 0.545964 1 0 0
v 0.016487 0.192485 0.545964 1 0 0
v 0.0174563 0.19135 0.545964 1 0 0
v 0.0185911 0.190381 0.545964 1 0 0
v 0.0198635 0.189601 0.545964 1 0 0
v 0.0212423 0.18903 0.545964 1 0 0
v 0.0226935 0.188682 0.545964 1 0 0
v 0.0241812 0.188565 0.545964 1 0 0
v 0.025669 0.188682 0.545964 1 0 0
v 0.0271202 0.18903 0.545964 1 0 0
v 0.0284989 0.189601 0.545964 1 0 0
v 0.0297714 0.190381 0.545964 1 0 0
v 0.0309062 0.19135 0.545964 1 0 0
v 0.0318754 0.192485 0.545964 1 0 0
v 0.0326552 0.193758 0.545964 1 0 0
v 0.0332263 0.195136 0.545964 1 0 0
v 0.0335747 0.196588 0.545964 1 0 0
v 0.0330913 0.198075 0.544515 1 0 0
v 0.0329816 0.199469 0.544515 1 0 0
v 0.0326552 0.200829 0.544515 1 0 0
v 0.0321202 0.20212 0.544515 1 0 0
v 0.0313896 0.203313 0.544515 1 0 0
v 0.0304816 0.204376 0.544515 1 0 0
v 0.0294184 0.205284 0.544515 1 0 0
v 0.0282263 0.206014 0.544515 1 0 0
v 0.0269346 0.206549 0.544515 1 0 0
v 0.0255751 0.206876 0.544515 1 0 0
v 0.0241812 0.206985 0.544515 1 0 0
v 0.0227874 0.206876 0.544515 1 0 0
v 0.0214279 0.206549 0.544515 1 0 0
v 0.0201362 0.206014 0.544515 1 0 0
v 0.018944 0.205284 0.544515 1 0 0
v 0.0178809 0.204376 0.544515 1 0 0
v 0.0169728 0.203313 0.544515 1 0 0
v 0.0162423 0.20212 0.544515 1 0 0
v 0.0157073 0.200829 0.544515 1 0 0
v 0.0153809 0.199469 0.544515 1 0 0
v 0.0152712 0.198075 0.544515 1 0 0
v 0.0153809 0.196682 0.544515 1 0 0
v 0.0157073 0.195322 0.544515 1 0 0
v 0.0162423 0.19403 0.544515 1 0 0
v 0.0169728 0.192838 0.544515 1 0 0
v 0.0178809 0.191775 0.544515 1 0 0
v 0.018944 0.190867 0.544515 1 0 0
v 0.0201362 0.190136 0.544515 1 0 0
v 0.0214279 0.189601 0.544515 1 0 0
v 0.0227874 0.189275 0.544515 1 0 0
v 0.0241812 0.189165 0.544515 1 0 0
v 0.0255751 0.189275 0.544515 1 0 0
v 0.0269346 0.189601 0.544515 1 0 0
v 0.0282263 0.190136 0.544515 1 0 0
v 0.0294184 0.190867 0.544515 1 0 0
v 0.0304816 0.191775 0.544515 1 0 0
v 0.0313896 0.192838 0.544515 1 0 0
v 0.0321202 0.19403 0.544515 1 0 0
v 0.0326552 0.195322 0.544515 1 0 0
v 0.0329816 0.196682 0.544515 1 0 0
v 0.0322714 0.198075 0.543177 1 0 0
v 0.0321718 0.199341 0.543177 1 0 0
v 0.0318754 0.200575 0.543177 1 0 0
v 0.0313896 0.201748 0.543177 1 0 0
v 0.0307263 0.202831 0.543177 1 0 0
v 0.0299019 0.203796 0.543177 1 0 0
v 0.0289365 0.20462 0.543177 1 0 0
v 0.0278541 0.205284 0.543177 1 0 0
v 0.0266812 0.20577 0.543177 1 0 0
v 0.0254468 0.206066 0.543177 1 0 0
v 0.0241812 0.206166 0.543177 1 0 0
v 0.0229157 0.206066 0.543177 1 0 0
v 0.0216812 0.20577 0.543177 1 0 0
v 0.0205084 0.205284 0.543177 1 0 0
v 0.019426 0.20462 0.543177 1 0 0
v 0.0184606 0.203796 0.543177 1 0 0
v 0.0176362 0.202831 0.543177 1 0 0
v 0.0169728 0.201748 0.543177 1 0 0
v 0.016487 0.200575 0.543177 1 0 0
v 0.0161907 0.199341 0.543177 1 0 0
v 0.0160911 0.198075 0.543177 1 0 0
v 0.0161907 0.19681 0.543177 1 0 0
v 0.016487 0.195575 0.543177 1 0 0
v 0.0169728 0.194403 0.543177 1 0 0
v 0.0176362 0.19332 0.543177 1 0 0
v 0.0184606 0.192355 0.543177 1 0 0
v 0.019426 0.19153 0.543177 1 0 0
v 0.0205084 0.190867 0.543177 1 0 0
v 0.0216812 0.190381 0.543177 1 0 0
v 0.0229157 0.190085 0.543177 1 0 0
v 0.0241812 0.189985 0.543177 1 0 0
v 0.0254468 0.190085 0.543177 1 0 0
v 0.0266812 0.190381 0.543177 1 0 0
v 0.0278541 0.190867 0.543177 1 0 0
v 0.0289365 0.19153 0.543177 1 0 0
v 0.0299019 0.192355 0.543177 1 0 0
v 0.0307263 0.19332 0.543177 1 0 0
v 0.0313896 0.194403 0.543177 1 0 0
v 0.0318754 0.195575 0.543177 1 0 0
v 0.0321718 0.19681 0.543177 1 0 0
v 0.0312523 0.198075 0.541983 1 0 0
v 0.0311653 0.199182 0.541983 1 0 0
v 0.0309062 0.20026 0.541983 1 0 0
v 0.0304816 0.201286 0.541983 1 0 0
v 0.0299019 0.202232 0.541983 1 0 0
v 0.0291812 0.203075 0.541983 1 0 0
v 0.0283375 0.203796 0.541983 1 0 0
v 0.0273914 0.204376 0.541983 1 0 0
v 0.0263663 0.2048 0.541983 1 0 0
v 0.0252874 0.205059 0.541983 1 0 0
v 0.0241812 0.205146 0.541983 1 0 0
v 0.0230751 0.205059 0.541983 1 0 0
v 0.0219962 0.2048 0.541983 1 0 0
v 0.020971 0.204376 0.541983 1 0 0
v 0.020025 0.203796 0.541983 1 0 0
v 0.0191812 0.203075 0.541983 1 0 0
v 0.0184606 0.202232 0.541983 1 0 0
v 0.0178809 0.201286 0.541983 1 0 0
v 0.0174563 0.20026 0.541983 1 0 0
v 0.0171972 0.199182 0.541983 1 0 0
v 0.0171102 0.198075 0.541983 1 0 0
v 0.0171972 0.196969 0.541983 1 0 0
v 0.0174563 0.19589 0.541983 1 0 0
v 0.0178809 0.194865 0.541983 1 0 0
v 0.0184606 0.193919 0.541983 1 0 0
v 0.0191812 0.193075 0.541983 1 0 0
v 0.020025 0.192355 0.541983 1 0 0
v 0.020971 0.191775 0.541983 1 0 0
v 0.0219962 0.19135 0.541983 1 0 0
v 0.0230751 0.191091 0.541983 1 0 0
v 0.0241812 0.191004 0.541983 1 0 0
v 0.0252874 0.191091 0.541983 1 0 0
v 0.0263663 0.19135 0.541983 1 0 0
v 0.0273914 0.191775 0.541983 1 0 0
v 0.0283375 0.192355 0.541983 1 0 0
v 0.0291812 0.193075 0.541983 1 0 0
v 0.0299019 0.193919 0.541983 1 0 0
v 0.0304816 0.194865 0.541983 1 0 0
v 0.0309062 0.19589 0.541983 1 0 0
v 0.0311653 0.196969 0.541983 1 0 0
v 0.0300591 0.198075 0.540964 1 0 0
v 0.0299867 0.198995 0.540964 1 0 0
v 0.0297714 0.199892 0.540964 1 0 0
v 0.0294184 0.200744 0.540964 1 0 0
v 0.0289365 0.20153 0.540964 1 0 0
v 0.0283375 0.202232 0.540964 1 0 0
v 0.0276362 0.202831 0.540964 1 0 0
v 0.0268497 0.203313 0.540964 1 0 0
v 0.0259976 0.203666 0.540964 1 0 0
v 0.0251007 0.203881 0.540964 1 0 0
v 0.0241812 0.203953 0.540964 1 0 0
v 0.0232617 0.203881 0.540964 1 0 0
v 0.0223649 0.203666 0.540964 1 0 0
v 0.0215128 0.203313 0.540964 1 0 0
v 0.0207263 0.202831 0.540964 1 0 0
v 0.020025 0.202232 0.540964 1 0 0
v 0.019426 0.20153 0.540964 1 0 0
v 0.018944 0.200744 0.540964 1 0 0
v 0.0185911 0.199892 0.540964 1 0 0
v 0.0183758 0.198995 0.540964 1 0 0
v 0.0183034 0.198075 0.540964 1 0 0
v 0.0183758 0.197156 0.540964 1 0 0
v 0.0185911 0.196259 0.540964 1 0 0
v 0.018944 0.195407 0.540964 1 0 0
v 0.019426 0.19462 0.540964 1 0 0
v 0.020025 0.193919 0.540964 1 0 0
v 0.0207263 0.19332 0.540964 1 0 0
v 0.0215128 0.192838 0.540964 1 0 0
v 0.0223649 0.192485 0.540964 1 0 0
v 0.0232617 0.19227 0.540964 1 0 0
v 0.0241812 0.192198 0.540964 1 0 0
v 0.0251007 0.19227 0.540964 1 0 0
v 0.0259976 0.192485 0.540964 1 0 0
v 0.0268497 0.192838 0.540964 1 0 0
v 0.0276362 0.19332 0.540964 1 0 0
v 0.0283375 0.193919 0.540964 1 0 0
v 0.0289365 0.19462 0.540964 1 0 0
v 0.0294184 0.195407 0.540964 1 0 0
v 0.0297714 0.196259 0.540964 1 0 0
v 0.0299867 0.197156 0.540964 1 0 0
v 0.0287211 0.198075 0.540144 1 0 0
v 0.0286653 0.198786 0.540144 1 0 0
v 0.0284989 0.199478 0.540144 1 0 0
v 0.0282263 0.200136 0.540144 1 0 0
v 0.0278541 0.200744 0.540144 1 0 0
v 0.0273914 0.201286 0.540144 1 0 0
v 0.0268497 0.201748 0.540144 1 0 0
v 0.0262423 0.20212 0.540144 1 0 0
v 0.0255841 0.202393 0.540144 1 0 0
v 0.0248914 0.202559 0.540144 1 0 0
v 0.0241812 0.202615 0.540144 1 0 0
v 0.023471 0.202559 0.540144 1 0 0
v 0.0227783 0.202393 0.540144 1 0 0
v 0.0221202 0.20212 0.540144 1 0 0
v 0.0215128 0.201748 0.540144 1 0 0
v 0.020971 0.201286 0.540144 1 0 0
v 0.0205084 0.200744 0.540144 1 0 0
v 0.0201362 0.200136 0.540144 1 0 0
v 0.0198635 0.199478 0.540144 1 0 0
v 0.0196972 0.198786 0.540144 1 0 0
v 0.0196413 0.198075 0.540144 1 0 0
v 0.0196972 0.197365 0.540144 1 0 0
v 0.0198635 0.196672 0.540144 1 0 0
v 0.0201362 0.196014 0.540144 1 0 0
v 0.0205084 0.195407 0.540144 1 0 0
v 0.020971 0.194865 0.540144 1 0 0
v 0.0215128 0.194403 0.540144 1 0 0
v 0.0221202 0.19403 0.540144 1 0 0
v 0.0227783 0.193758 0.540144 1 0 0
v 0.023471 0.193591 0.540144 1 0 0
v 0.0241812 0.193535 0.540144 1 0 0
v 0.0248914 0.193591 0.540144 1 0 0
v 0.0255841 0.193758 0.540144 1 0 0
v 0.0262423 0.19403 0.540144 1 0 0
v 0.0268497 0.194403 0.540144 1 0 0
v 0.0273914 0.194865 0.540144 1 0 0
v 0.0278541 0.195407 0.540144 1 0 0
v 0.0282263 0.196014 0.540144 1 0 0
v 0.0284989 0.196672 0.540144 1 0 0
v 0.0286653 0.197365 0.540144 1 0 0
v 0.0272714 0.198075 0.539544 1 0 0
v 0.0272334 0.198559 0.539544 1 0 0
v 0.0271202 0.19903 0.539544 1 0 0
v 0.0269346 0.199478 0.539544 1 0 0
v 0.0266812 0.199892 0.539544 1 0 0
v 0.0263663 0.20026 0.539544 1 0 0
v 0.0259976 0.200575 0.539544 1 0 0
v 0.0255841 0.200829 0.539544 1 0 0
v 0.0251362 0.201014 0.539544 1 0 0
v 0.0246646 0.201128 0.539544 1 0 0
v 0.0241812 0.201166 0.539544 1 0 0
v 0.0236978 0.201128 0.539544 1 0 0
v 0.0232263 0.201014 0.539544 1 0 0
v 0.0227783 0.200829 0.539544 1 0 0
v 0.0223649 0.200575 0.539544 1 0 0
v 0.0219962 0.20026 0.539544 1 0 0
v 0.0216812 0.199892 0.539544 1 0 0
v 0.0214279 0.199478 0.539544 1 0 0
v 0.0212423 0.19903 0.539544 1 0 0
v 0.0211291 0.198559 0.539544 1 0 0
v 0.0210911 0.198075 0.539544 1 0 0
v 0.0211291 0.197592 0.539544 1 0 0
v 0.0212423 0.19712 0.539544 1 0 0
v 0.0214279 0.196672 0.539544 1 0 0
v 0.0216812 0.196259 0.539544 1 0 0
v 0.0219962 0.19589 0.539544 1 0 0
v 0.0223649 0.195575 0.539544 1 0 0
v 0.0227783 0.195322 0.539544 1 0 0
v 0.0232263 0.195136 0.539544 1 0 0
v 0.0236978 0.195023 0.539544 1 0 0
v 0.0241812 0.194985 0.539544 1 0 0
v 0.0246646 0.195023 0.539544 1 0 0
v 0.0251362 0.195136 0.539544 1 0 0
v 0.0255841 0.195322 0.539544 1 0 0
v 0.0259976 0.195575 0.539544 1 0 0
v 0.0263663 0.19589 0.539544 1 0 0
v 0.0266812 0.196259 0.539544 1 0 0
v 0.0269346 0.196672 0.539544 1 0 0
v 0.0271202 0.19712 0.539544 1 0 0
v 0.0272334 0.197592 0.539544 1 0 0
v 0.0257456 0.198075 0.539178 1 0 0
v 0.0257263 0.19832 0.539178 1 0 0
v 0.025669 0.198559 0.539178 1 0 0
v 0.0255751 0.198786 0.539178 1 0 0
v 0.0254468 0.198995 0.539178 1 0 0
v 0.0252874 0.199182 0.539178 1 0 0
v 0.0251007 0.199341 0.539178 1 0 0
v 0.0248914 0.199469 0.539178 1 0 0
v 0.0246646 0.199563 0.539178 1 0 0
v 0.024426 0.19962 0.539178 1 0 0
v 0.0241812 0.19964 0.539178 1 0 0
v 0.0239365 0.19962 0.539178 1 0 0
v 0.0236978 0.199563 0.539178 1 0 0
v 0.023471 0.199469 0.539178 1 0 0
v 0.0232617 0.199341 0.539178 1 0 0
v 0.0230751 0.199182 0.539178 1 0 0
v 0.0229157 0.198995 0.539178 1 0 0
v 0.0227874 0.198786 0.539178 1 0 0
v 0.0226935 0.198559 0.539178 1 0 0
v 0.0226362 0.19832 0.539178 1 0 0
v 0.0226169 0.198075 0.539178 1 0 0
v 0.0226362 0.197831 0.539178 1 0 0
v 0.0226935 0.197592 0.539178 1 0 0
v 0.0227874 0.197365 0.539178 1 0 0
v 0.0229157 0.197156 0.539178 1 0 0
v 0.0230751 0.196969 0.539178 1 0 0
v 0.0232617 0.19681 0.539178 1 0 0
v 0.023471 0.196682 0.539178 1 0 0
v 0.0236978 0.196588 0.539178 1 0 0
v 0.0239365 0.19653 0.539178 1 0 0
v 0.0241812 0.196511 0.539178 1 0 0
v 0.024426 0.19653 0.539178 1 0 0
v 0.0246646 0.196588 0.539178 1 0 0
v 0.0248914 0.196682 0.539178 1 0 0
v 0.0251007 0.19681 0.539178 1 0 0
v 0.0252874 0.196969 0.539178 1 0 0
v 0.0254468 0.197156 0.539178 1 0 0
v 0.0255751 0.197365 0.539178 1 0 0
v 0.025669 0.197592 0.539178 1 0 0
v 0.0257263 0.197831 0.539178 1 0 0
v 0.0190928 0.789129 0.556688 1 0 0
v 0.0190928 0.789129 0.536688 1 0 0
v 0.0206572 0.789129 0.556565 1 0 0
v 0.0206379 0.789374 0.556565 1 0 0
v 0.0205806 0.789612 0.556565 1 0 0
v 0.0204867 0.789839 0.556565 1 0 0
v 0.0203584 0.790048 0.556565 1 0 0
v 0.020199 0.790235 0.556565 1 0 0
v 0.0200123 0.790394 0.556565 1 0 0
v 0.019803 0.790523 0.556565 1 0 0
v 0.0195762 0.790617 0.556565 1 0 0
v 0.0193375 0.790674 0.556565 1 0 0
v 0.0190928 0.790693 0.556565 1 0 0
v 0.0188481 0.790674 0.556565 1 0 0
v 0.0186094 0.790617 0.556565 1 0 0
v 0.0183826 0.790523 0.556565 1 0 0
v 0.0181733 0.790394 0.556565 1 0 0
v 0.0179867 0.790235 0.556565 1 0 0
v 0.0178272 0.790048 0.556565 1 0 0
v 0.017699 0.789839 0.556565 1 0 0
v 0.017605 0.789612 0.556565 1 0 0
v 0.0175477 0.789374 0.556565 1 0 0
v 0.0175285 0.789129 0.556565 1 0 0
v 0.0175477 0.788884 0.556565 1 0 0
v 0.017605 0.788646 0.556565 1 0 0
v 0.017699 0.788419 0.556565 1 0 0
v 0.0178272 0.788209 0.556565 1 0 0
v 0.0179867 0.788023 0.556565 1 0 0
v 0.0181733 0.787863 0.556565 1 0 0
v 0.0183826 0.787735 0.556565 1 0 0
v 0.0186094 0.787641 0.556565 1 0 0
v 0.0188481 0.787584 0.556565 1 0 0
v 0.0190928 0.787565 0.556565 1 0 0
v 0.0193375 0.787584 0.556565 1 0 0
v 0.0195762 0.787641 0.556565 1 0 0
v 0.019803 0.787735 0.556565 1 0 0
v 0.0200123 0.787863 0.556565 1 0 0
v 0.020199 0.788023 0.556565 1 0 0
v 0.0203584 0.788209 0.556565 1 0 0
v 0.0204867 0.788419 0.556565 1 0 0
v 0.0205806 0.788646 0.556565 1 0 0
v 0.0206379 0.788884 0.556565 1 0 0
v 0.022183 0.789129 0.556199 1 0 0
v 0.0221449 0.789612 0.556199 1 0 0
v 0.0220317 0.790084 0.556199 1 0 0
v 0.0218462 0.790532 0.556199 1 0 0
v 0.0215928 0.790945 0.556199 1 0 0
v 0.0212779 0.791314 0.556199 1 0 0
v 0.0209092 0.791629 0.556199 1 0 0
v 0.0204957 0.791882 0.556199 1 0 0
v 0.0200477 0.792068 0.556199 1 0 0
v 0.0195762 0.792181 0.556199 1 0 0
v 0.0190928 0.792219 0.556199 1 0 0
v 0.0186094 0.792181 0.556199 1 0 0
v 0.0181379 0.792068 0.556199 1 0 0
v 0.0176899 0.791882 0.556199 1 0 0
v 0.0172765 0.791629 0.556199 1 0 0
v 0.0169077 0.791314 0.556199 1 0 0
v 0.0165928 0.790945 0.556199 1 0 0
v 0.0163395 0.790532 0.556199 1 0 0
v 0.0161539 0.790084 0.556199 1 0 0
v 0.0160407 0.789612 0.556199 1 0 0
v 0.0160026 0.789129 0.556199 1 0 0
v 0.0160407 0.788646 0.556199 1 0 0
v 0.0161539 0.788174 0.556199 1 0 0
v 0.0163395 0.787726 0.556199 1 0 0
v 0.0165928 0.787313 0.556199 1 0 0
v 0.0169077 0.786944 0.556199 1 0 0
v 0.0172765 0.786629 0.556199 1 0 0
v 0.0176899 0.786376 0.556199 1 0 0
v 0.0181379 0.78619 0.556199 1 0 0
v 0.0186094 0.786077 0.556199 1 0 0
v 0.0190928 0.786039 0.556199 1 0 0
v 0.0195762 0.786077 0.556199 1 0 0
v 0.0200477 0.78619 0.556199 1 0 0
v 0.0204957 0.786376 0.556199 1 0 0
v 0.0209092 0.786629 0.556199 1 0 0
v 0.0212779 0.786944 0.556199 1 0 0
v 0.0215928 0.787313 0.556199 1 0 0
v 0.0218462 0.787726 0.556199 1 0 0
v 0.0220317 0.788174 0.556199 1 0 0
v 0.0221449 0.788646 0.556199 1 0 0
v 0.0236327 0.789129 0.555598 1 0 0
v 0.0235768 0.789839 0.555598 1 0 0
v 0.0234105 0.790532 0.555598 1 0 0
v 0.0231379 0.79119 0.555598 1 0 0
v 0.0227657 0.791797 0.555598 1 0 0
v 0.022303 0.792339 0.555598 1 0 0
v 0.0217613 0.792802 0.555598 1 0 0
v 0.0211539 0.793174 0.555598 1 0 0
v 0.0204957 0.793447 0.555598 1 0 0
v 0.019803 0.793613 0.555598 1 0 0
v 0.0190928 0.793669 0.555598 1 0 0
v 0.0183826 0.793613 0.555598 1 0 0
v 0.0176899 0.793447 0.555598 1 0 0
v 0.0170317 0.793174 0.555598 1 0 0
v 0.0164243 0.792802 0.555598 1 0 0
v 0.0158826 0.792339 0.555598 1 0 0
v 0.01542 0.791797 0.555598 1 0 0
v 0.0150477 0.79119 0.555598 1 0 0
v 0.0147751 0.790532 0.555598 1 0 0
v 0.0146088 0.789839 0.555598 1 0 0
v 0.0145529 0.789129 0.555598 1 0 0
v 0.0146088 0.788419 0.555598 1 0 0
v 0.0147751 0.787726 0.555598 1 0 0
v 0.0150477 0.787068 0.555598 1 0 0
v 0.01542 0.78646 0.555598 1 0 0
v 0.0158826 0.785919 0.555598 1 0 0
v 0.0164243 0.785456 0.555598 1 0 0
v 0.0170317 0.785084 0.555598 1 0 0
v 0.0176899 0.784811 0.555598 1 0 0
v 0.0183826 0.784645 0.555598 1 0 0
v 0.0190928 0.784589 0.555598 1 0 0
v 0.019803 0.784645 0.555598 1 0 0
v 0.0204957 0.784811 0.555598 1 0 0
v 0.0211539 0.785084 0.555598 1 0 0
v 0.0217613 0.785456 0.555598 1 0 0
v 0.022303 0.785919 0.555598 1 0 0
v 0.0227657 0.78646 0.555598 1 0 0
v 0.0231379 0.787068 0.555598 1 0 0
v 0.0234105 0.787726 0.555598 1 0 0
v 0.0235768 0.788419 0.555598 1 0 0
v 0.0249707 0.789129 0.554779 1 0 0
v 0.0248983 0.790048 0.554779 1 0 0
v 0.024683 0.790945 0.554779 1 0 0
v 0.02433 0.791797 0.554779 1 0 0
v 0.0238481 0.792584 0.554779 1 0 0
v 0.0232491 0.793285 0.554779 1 0 0
v 0.0225477 0.793884 0.554779 1 0 0
v 0.0217613 0.794366 0.554779 1 0 0
v 0.0209092 0.794719 0.554779 1 0 0
v 0.0200123 0.794934 0.554779 1 0 0
v 0.0190928 0.795007 0.554779 1 0 0
v 0.0181733 0.794934 0.554779 1 0 0
v 0.0172765 0.794719 0.554779 1 0 0
v 0.0164243 0.794366 0.554779 1 0 0
v 0.0156379 0.793884 0.554779 1 0 0
v 0.0149365 0.793285 0.554779 1 0 0
v 0.0143375 0.792584 0.554779 1 0 0
v 0.0138556 0.791797 0.554779 1 0 0
v 0.0135026 0.790945 0.554779 1 0 0
v 0.0132873 0.790048 0.554779 1 0 0
v 0.013215 0.789129 0.554779 1 0 0
v 0.0132873 0.788209 0.554779 1 0 0
v 0.0135026 0.787313 0.554779 1 0 0
v 0.0138556 0.78646 0.554779 1 0 0
v 0.0143375 0.785674 0.554779 1 0 0
v 0.0149365 0.784973 0.554779 1 0 0
v 0.0156379 0.784374 0.554779 1 0 0
v 0.0164243 0.783892 0.554779 1 0 0
v 0.0172765 0.783539 0.554779 1 0 0
v 0.0181733 0.783323 0.554779 1 0 0
v 0.0190928 0.783251 0.554779 1 0 0
v 0.0200123 0.783323 0.554779 1 0 0
v 0.0209092 0.783539 0.554779 1 0 0
v 0.0217613 0.783892 0.554779 1 0 0
v 0.0225477 0.784374 0.554779 1 0 0
v 0.0232491 0.784973 0.554779 1 0 0
v 0.0238481 0.785674 0.554779 1 0 0
v 0.02433 0.78646 0.554779 1 0 0
v 0.024683 0.787313 0.554779 1 0 0
v 0.0248983 0.788209 0.554779 1 0 0
v 0.0261639 0.789129 0.553759 1 0 0
v 0.0260768 0.790235 0.553759 1 0 0
v 0.0258178 0.791314 0.553759 1 0 0
v 0.0253932 0.792339 0.553759 1 0 0
v 0.0248134 0.793285 0.553759 1 0 0
v 0.0240928 0.794129 0.553759 1 0 0
v 0.0232491 0.79485 0.553759 1 0 0
v 0.022303 0.795429 0.553759 1 0 0
v 0.0212779 0.795854 0.553759 1 0 0
v 0.020199 0.796113 0.553759 1 0 0
v 0.0190928 0.7962 0.553759 1 0 0
v 0.0179867 0.796113 0.553759 1 0 0
v 0.0169077 0.795854 0.553759 1 0 0
v 0.0158826 0.795429 0.553759 1 0 0
v 0.0149365 0.79485 0.553759 1 0 0
v 0.0140928 0.794129 0.553759 1 0 0
v 0.0133722 0.793285 0.553759 1 0 0
v 0.0127924 0.792339 0.553759 1 0 0
v 0.0123678 0.791314 0.553759 1 0 0
v 0.0121088 0.790235 0.553759 1 0 0
v 0.0120217 0.789129 0.553759 1 0 0
v 0.0121088 0.788023 0.553759 1 0 0
v 0.0123678 0.786944 0.553759 1 0 0
v 0.0127924 0.785919 0.553759 1 0 0
v 0.0133722 0.784973 0.553759 1 0 0
v 0.0140928 0.784129 0.553759 1 0 0
v 0.0149365 0.783408 0.553759 1 0 0
v 0.0158826 0.782829 0.553759 1 0 0
v 0.0169077 0.782404 0.553759 1 0 0
v 0.0179867 0.782145 0.553759 1 0 0
v 0.0190928 0.782058 0.553759 1 0 0
v 0.020199 0.782145 0.553759 1 0 0
v 0.0212779 0.782404 0.553759 1 0 0
v 0.022303 0.782829 0.553759 1 0 0
v 0.0232491 0.783408 0.553759 1 0 0
v 0.0240928 0.784129 0.553759 1 0 0
v 0.0248134 0.784973 0.553759 1 0 0
v 0.0253932 0.785919 0.553759 1 0 0
v 0.0258178 0.786944 0.553759 1 0 0
v 0.0260768 0.788023 0.553759 1 0 0
v 0.027183 0.789129 0.552566 1 0 0
v 0.0270834 0.790394 0.552566 1 0 0
v 0.026787 0.791629 0.552566 1 0 0
v 0.0263012 0.792802 0.552566 1 0 0
v 0.0256379 0.793884 0.552566 1 0 0
v 0.0248134 0.79485 0.552566 1 0 0
v 0.0238481 0.795674 0.552566 1 0 0
v 0.0227657 0.796337 0.552566 1 0 0
v 0.0215928 0.796823 0.552566 1 0 0
v 0.0203584 0.797119 0.552566 1 0 0
v 0.0190928 0.797219 0.552566 1 0 0
v 0.0178272 0.797119 0.552566 1 0 0
v 0.0165928 0.796823 0.552566 1 0 0
v 0.01542 0.796337 0.552566 1 0 0
v 0.0143375 0.795674 0.552566 1 0 0
v 0.0133722 0.79485 0.552566 1 0 0
v 0.0125477 0.793884 0.552566 1 0 0
v 0.0118844 0.792802 0.552566 1 0 0
v 0.0113986 0.791629 0.552566 1 0 0
v 0.0111022 0.790394 0.552566 1 0 0
v 0.0110026 0.789129 0.552566 1 0 0
v 0.0111022 0.787863 0.552566 1 0 0
v 0.0113986 0.786629 0.552566 1 0 0
v 0.0118844 0.785456 0.552566 1 0 0
v 0.0125477 0.784374 0.552566 1 0 0
v 0.0133722 0.783408 0.552566 1 0 0
v 0.0143375 0.782584 0.552566 1 0 0
v 0.01542 0.781921 0.552566 1 0 0
v 0.0165928 0.781435 0.552566 1 0 0
v 0.0178272 0.781138 0.552566 1 0 0
v 0.0190928 0.781039 0.552566 1 0 0
v 0.0203584 0.781138 0.552566 1 0 0
v 0.0215928 0.781435 0.552566 1 0 0
v 0.0227657 0.781921 0.552566 1 0 0
v 0.0238481 0.782584 0.552566 1 0 0
v 0.0248134 0.783408 0.552566 1 0 0
v 0.0256379 0.784374 0.552566 1 0 0
v 0.0263012 0.785456 0.552566 1 0 0
v 0.026787 0.786629 0.552566 1 0 0
v 0.0270834 0.787863 0.552566 1 0 0
v 0.0280029 0.789129 0.551228 1 0 0
v 0.0278932 0.790523 0.551228 1 0 0
v 0.0275668 0.791882 0.551228 1 0 0
v 0.0270317 0.793174 0.551228 1 0 0
v 0.0263012 0.794366 0.551228 1 0 0
v 0.0253932 0.795429 0.551228 1 0 0
v 0.02433 0.796337 0.551228 1 0 0
v 0.0231379 0.797068 0.551228 1 0 0
v 0.0218462 0.797603 0.551228 1 0 0
v 0.0204867 0.797929 0.551228 1 0 0
v 0.0190928 0.798039 0.551228 1 0 0
v 0.017699 0.797929 0.551228 1 0 0
v 0.0163395 0.797603 0.551228 1 0 0
v 0.0150477 0.797068 0.551228 1 0 0
v 0.0138556 0.796337 0.551228 1 0 0
v 0.0127924 0.795429 0.551228 1 0 0
v 0.0118844 0.794366 0.551228 1 0 0
v 0.0111539 0.793174 0.551228 1 0 0
v 0.0106188 0.791882 0.551228 1 0 0
v 0.0102924 0.790523 0.551228 1 0 0
v 0.0101828 0.789129 0.551228 1 0 0
v 0.0102924 0.787735 0.551228 1 0 0
v 0.0106188 0.786376 0.551228 1 0 0
v 0.0111539 0.785084 0.551228 1 0 0
v 0.0118844 0.783892 0.551228 1 0 0
v 0.0127924 0.782829 0.551228 1 0 0
v 0.0138556 0.781921 0.551228 1 0 0
v 0.0150477 0.78119 0.551228 1 0 0
v 0.0163395 0.780655 0.551228 1 0 0
v 0.017699 0.780329 0.551228 1 0 0
v 0.0190928 0.780219 0.551228 1 0 0
v 0.0204867 0.780329 0.551228 1 0 0
v 0.0218462 0.780655 0.551228 1 0 0
v 0.0231379 0.78119 0.551228 1 0 0
v 0.02433 0.781921 0.551228 1 0 0
v 0.0253932 0.782829 0.551228 1 0 0
v 0.0263012 0.783892 0.551228 1 0 0
v 0.0270317 0.785084 0.551228 1 0 0
v 0.0275668 0.786376 0.551228 1 0 0
v 0.0278932 0.787735 0.551228 1 0 0
v 0.0286034 0.789129 0.549779 1 0 0
v 0.0284863 0.790617 0.549779 1 0 0
v 0.0281379 0.792068 0.549779 1 0 0
v 0.0275668 0.793447 0.549779 1 0 0
v 0.026787 0.794719 0.549779 1 0 0
v 0.0258178 0.795854 0.549779 1 0 0
v 0.024683 0.796823 0.549779 1 0 0
v 0.0234105 0.797603 0.549779 1 0 0
v 0.0220317 0.798174 0.549779 1 0 0
v 0.0205806 0.798522 0.549779 1 0 0
v 0.0190928 0.798639 0.549779 1 0 0
v 0.017605 0.798522 0.549779 1 0 0
v 0.0161539 0.798174 0.549779 1 0 0
v 0.0147751 0.797603 0.549779 1 0 0
v 0.0135026 0.796823 0.549779 1 0 0
v 0.0123678 0.795854 0.549779 1 0 0
v 0.0113986 0.794719 0.549779 1 0 0
v 0.0106188 0.793447 0.549779 1 0 0
v 0.0100477 0.792068 0.549779 1 0 0
v 0.00969934 0.790617 0.549779 1 0 0
v 0.00958225 0.789129 0.549779 1 0 0
v 0.00969934 0.787641 0.549779 1 0 0
v 0.0100477 0.78619 0.549779 1 0 0
v 0.0106188 0.784811 0.549779 1 0 0
v 0.0113986 0.783539 0.549779 1 0 0
v 0.0123678 0.782404 0.549779 1 0 0
v 0.0135026 0.781435 0.549779 1 0 0
v 0.0147751 0.780655 0.549779 1 0 0
v 0.0161539 0.780084 0.549779 1 0 0
v 0.017605 0.779735 0.549779 1 0 0
v 0.0190928 0.779618 0.549779 1 0 0
v 0.0205806 0.779735 0.549779 1 0 0
v 0.0220317 0.780084 0.549779 1 0 0
v 0.0234105 0.780655 0.549779 1 0 0
v 0.024683 0.781435 0.549779 1 0 0
v 0.0258178 0.782404 0.549779 1 0 0
v 0.026787 0.783539 0.549779 1 0 0
v 0.0275668 0.784811 0.549779 1 0 0
v 0.0281379 0.78619 0.549779 1 0 0
v 0.0284863 0.787641 0.549779 1 0 0
v 0.0289697 0.789129 0.548253 1 0 0
v 0.0288481 0.790674 0.548253 1 0 0
v 0.0284863 0.792181 0.548253 1 0 0
v 0.0278932 0.793613 0.548253 1 0 0
v 0.0270834 0.794934 0.548253 1 0 0
v 0.0260768 0.796113 0.548253 1 0 0
v 0.0248983 0.797119 0.548253 1 0 0
v 0.0235768 0.797929 0.548253 1 0 0
v 0.0221449 0.798522 0.548253 1 0 0
v 0.0206379 0.798884 0.548253 1 0 0
v 0.0190928 0.799006 0.548253 1 0 0
v 0.0175477 0.798884 0.548253 1 0 0
v 0.0160407 0.798522 0.548253 1 0 0
v 0.0146088 0.797929 0.548253 1 0 0
v 0.0132873 0.797119 0.548253 1 0 0
v 0.0121088 0.796113 0.548253 1 0 0
v 0.0111022 0.794934 0.548253 1 0 0
v 0.0102924 0.793613 0.548253 1 0 0
v 0.00969934 0.792181 0.548253 1 0 0
v 0.00933753 0.790674 0.548253 1 0 0
v 0.00921593 0.789129 0.548253 1 0 0
v 0.00933753 0.787584 0.548253 1 0 0
v 0.00969934 0.786077 0.548253 1 0 0
v 0.0102924 0.784645 0.548253 1 0 0
v 0.0111022 0.783323 0.548253 1 0 0
v 0.0121088 0.782145 0.548253 1 0 0
v 0.0132873 0.781138 0.548253 1 0 0
v 0.0146088 0.780329 0.548253 1 0 0
v 0.0160407 0.779735 0.548253 1 0 0
v 0.0175477 0.779374 0.548253 1 0 0
v 0.0190928 0.779252 0.548253 1 0 0
v 0.0206379 0.779374 0.548253 1 0 0
v 0.0221449 0.779735 0.548253 1 0 0
v 0.0235768 0.780329 0.548253 1 0 0
v 0.0248983 0.781138 0.548253 1 0 0
v 0.0260768 0.782145 0.548253 1 0 0
v 0.0270834 0.783323 0.548253 1 0 0
v 0.0278932 0.784645 0.548253 1 0 0
v 0.0284863 0.786077 0.548253 1 0 0
v 0.0288481 0.787584 0.548253 1 0 0
v 0.0290928 0.789129 0.546688 1 0 0
v 0.0289697 0.790693 0.546688 1 0 0
v 0.0286034 0.792219 0.546688 1 0 0
v 0.0280029 0.793669 0.546688 1 0 0
v 0.027183 0.795007 0.546688 1 0 0
v 0.0261639 0.7962 0.546688 1 0 0
v 0.0249707 0.797219 0.546688 1 0 0
v 0.0236327 0.798039 0.546688 1 0 0
v 0.022183 0.798639 0.546688 1 0 0
v 0.0206572 0.799006 0.546688 1 0 0
v 0.0190928 0.799129 0.546688 1 0 0
v 0.0175285 0.799006 0.546688 1 0 0
v 0.0160026 0.798639 0.546688 1 0 0
v 0.0145529 0.798039 0.546688 1 0 0
v 0.013215 0.797219 0.546688 1 0 0
v 0.0120217 0.7962 0.546688 1 0 0
v 0.0110026 0.795007 0.546688 1 0 0
v 0.0101828 0.793669 0.546688 1 0 0
v 0.00958225 0.792219 0.546688 1 0 0
v 0.00921593 0.790693 0.546688 1 0 0
v 0.00909282 0.789129 0.546688 1 0 0
v 0.00921593 0.787565 0.546688 1 0 0
v 0.00958225 0.786039 0.546688 1 0 0
v 0.0101828 0.784589 0.546688 1 0 0
v 0.0110026 0.783251 0.546688 1 0 0
v 0.0120217 0.782058 0.546688 1 0 0
v 0.013215 0.781039 0.546688 1 0 0
v 0.0145529 0.780219 0.546688 1 0 0
v 0.0160026 0.779618 0.546688 1 0 0
v 0.0175285 0.779252 0.546688 1 0 0
v 0.0190928 0.779129 0.546688 1 0 0
v 0.0206572 0.779252 0.546688 1 0 0
v 0.022183 0.779618 0.546688 1 0 0
v 0.0236327 0.780219 0.546688 1 0 0
v 0.0249707 0.781039 0.546688 1 0 0
v 0.0261639 0.782058 0.546688 1 0 0
v 0.027183 0.783251 0.546688 1 0 0
v 0.0280029 0.784589 0.546688 1 0 0
v 0.0286034 0.786039 0.546688 1 0 0
v 0.0289697 0.787565 0.546688 1 0 0
v 0.0289697 0.789129 0.545124 1 0 0
v 0.0288481 0.790674 0.545124 1 0 0
v 0.0284863 0.792181 0.545124 1 0 0
v 0.0278932 0.793613 0.545124 1 0 0
v 0.0270834 0.794934 0.545124 1 0 0
v 0.0260768 0.796113 0.545124 1 0 0
v 0.0248983 0.797119 0.545124 1 0 0
v 0.0235768 0.797929 0.545124 1 0 0
v 0.0221449 0.798522 0.545124 1 0 0
v 0.0206379 0.798884 0.545124 1 0 0
v 0.0190928 0.799006 0.545124 1 0 0
v 0.0175477 0.798884 0.545124 1 0 0
v 0.0160407 0.798522 0.545124 1 0 0
v 0.0146088 0.797929 0.545124 1 0 0
v 0.0132873 0.797119 0.545124 1 0 0
v 0.0121088 0.796113 0.545124 1 0 0
v 0.0111022 0.794934 0.545124 1 0 0
v 0.0102924 0.793613 0.545124 1 0 0
v 0.00969934 0.792181 0.545124 1 0 0
v 0.00933753 0.790674 0.545124 1 0 0
v 0.00921593 0.789129 0.545124 1 0 0
v 0.00933753 0.787584 0.545124 1 0 0
v 0.00969934 0.786077 0.545124 1 0 0
v 0.0102924 0.784645 0.545124 1 0 0
v 0.0111022 0.783323 0.545124 1 0 0
v 0.0121088 0.782145 0.545124 1 0 0
v 0.0132873 0.781138 0.545124 1 0 0
v 0.0146088 0.780329 0.545124 1 0 0
v 0.0160407 0.779735 0.545124 1 0 0
v 0.0175477 0.779374 0.545124 1 0 0
v 0.0190928 0.779252 0.545124 1 0 0
v 0.0206379 0.779374 0.545124 1 0 0
v 0.0221449 0.779735 0.545124 1 0 0
v 0.0235768 0.780329 0.545124 1 0 0
v 0.0248983 0.781138 0.545124 1 0 0
v 0.0260768 0.782145 0.545124 1 0 0
v 0.0270834 0.783323 0.545124 1 0 0
v 0.0278932 0.784645 0.545124 1 0 0
v 0.0284863 0.786077 0.545124 1 0 0
v 0.0288481 0.787584 0.545124 1 0 0
v 0.0286034 0.789129 0.543598 1 0 0
v 0.0284863 0.790617 0.543598 1 0 0
v 0.0281379 0.792068 0.543598 1 0 0
v 0.0275668 0.793447 0.543598 1 0 0
v 0.026787 0.794719 0.543598 1 0 0
v 0.0258178 0.795854 0.543598 1 0 0
v 0.024683 0.796823 0.543598 1 0 0
v 0.0234105 0.797603 0.543598 1 0 0
v 0.0220317 0.798174 0.543598 1 0 0
v 0.0205806 0.798522 0.543598 1 0 0
v 0.0190928 0.798639 0.543598 1 0 0
v 0.017605 0.798522 0.543598 1 0 0
v 0.0161539 0.798174 0.543598 1 0 0
v 0.0147751 0.797603 0.543598 1 0 0
v 0.0135026 0.796823 0.543598 1 0 0
v 0.0123678 0.795854 0.543598 1 0 0
v 0.0113986 0.794719 0.543598 1 0 0
v 0.0106188 0.793447 0.543598 1 0 0
v 0.0100477 0.792068 0.543598 1 0 0
v 0.00969934 0.790617 0.543598 1 0 0
v 0.00958225 0.789129 0.543598 1 0 0
v 0.00969934 0.787641 0.543598 1 0 0
v 0.0100477 0.78619 0.543598 1 0 0
v 0.0106188 0.784811 0.543598 1 0 0
v 0.0113986 0.783539 0.543598 1 0 0
v 0.0123678 0.782404 0.543598 1 0 0
v 0.0135026 0.781435 0.543598 1 0 0
v 0.0147751 0.780655 0.543598 1 0 0
v 0.0161539 0.780084 0.543598 1 0 0
v 0.017605 0.779735 0.543598 1 0 0
v 0.0190928 0.779618 0.543598 1 0 0
v 0.0205806 0.779735 0.543598 1 0 0
v 0.0220317 0.780084 0.543598 1 0 0
v 0.0234105 0.780655 0.543598 1 0 0
v 0.024683 0.781435 0.543598 1 0 0
v 0.0258178 0.782404 0.543598 1 0 0
v 0.026787 0.783539 0.543598 1 0 0
v 0.0275668 0.784811 0.543598 1 0 0
v 0.0281379 0.78619 0.543598 1 0 0
v 0.0284863 0.787641 0.543598 1 0 0
v 0.0280029 0.789129 0.542148 1 0 0
v 0.0278932 0.790523 0.542148 1 0 0
v 0.0275668 0.791882 0.542148 1 0 0
v 0.0270317 0.793174 0.542148 1 0 0
v 0.0263012 0.794366 0.542148 1 0 0
v 0.0253932 0.795429 0.542148 1 0 0
v 0.02433 0.796337 0.542148 1 0 0
v 0.0231379 0.797068 0.542148 1 0 0
v 0.0218462 0.797603 0.542148 1 0 0
v 0.0204867 0.797929 0.542148 1 0 0
v 0.0190928 0.798039 0.542148 1 0 0
v 0.017699 0.797929 0.542148 1 0 0
v 0.0163395 0.797603 0.542148 1 0 0
v 0.0150477 0.797068 0.542148 1 0 0
v 0.0138556 0.796337 0.542148 1 0 0
v 0.0127924 0.795429 0.542148 1 0 0
v 0.0118844 0.794366 0.542148 1 0 0
v 0.0111539 0.793174 0.542148 1 0 0
v 0.0106188 0.791882 0.542148 1 0 0
v 0.0102924 0.790523 0.542148 1 0 0
v 0.0101828 0.789129 0.542148 1 0 0
v 0.0102924 0.787735 0.542148 1 0 0
v 0.0106188 0.786376 0.542148 1 0 0
v 0.0111539 0.785084 0.542148 1 0 0
v 0.0118844 0.783892 0.542148 1 0 0
v 0.0127924 0.782829 0.542148 1 0 0
v 0.0138556 0.781921 0.542148 1 0 0
v 0.0150477 0.78119 0.542148 1 0 0
v 0.0163395 0.780655 0.542148 1 0 0
v 0.017699 0.780329 0.542148 1 0 0
v 0.0190928 0.780219 0.542148 1 0 0
v 0.0204867 0.780329 0.542148 1 0 0
v 0.0218462 0.780655 0.542148 1 0 0
v 0.0231379 0.78119 0.542148 1 0 0
v 0.02433 0.781921 0.542148 1 0 0
v 0.0253932 0.782829 0.542148 1 0 0
v 0.0263012 0.783892 0.542148 1 0 0
v 0.0270317 0.785084 0.542148 1 0 0
v 0.0275668 0.786376 0.542148 1 0 0
v 0.0278932 0.787735 0.542148 1 0 0
v 0.027183 0.789129 0.540811 1 0 0
v 0.0270834 0.790394 0.540811 1 0 0
v 0.026787 0.791629 0.540811 1 0 0
v 0.0263012 0.792802 0.540811 1 0 0
v 0.0256379 0.793884 0.540811 1 0 0
v 0.0248134 0.79485 0.540811 1 0 0
v 0.0238481 0.795674 0.540811 1 0 0
v 0.0227657 0.796337 0.540811 1 0 0
v 0.0215928 0.796823 0.540811 1 0 0
v 0.0203584 0.797119 0.540811 1 0 0
v 0.0190928 0.797219 0.540811 1 0 0
v 0.0178272 0.797119 0.540811 1 0 0
v 0.0165928 0.796823 0.540811 1 0 0
v 0.01542 0.796337 0.540811 1 0 0
v 0.0143375 0.795674 0.540811 1 0 0
v 0.0133722 0.79485 0.540811 1 0 0
v 0.0125477 0.793884 0.540811 1 0 0
v 0.0118844 0.792802 0.540811 1 0 0
v 0.0113986 0.791629 0.540811 1 0 0
v 0.0111022 0.790394 0.540811 1 0 0
v 0.0110026 0.789129 0.540811 1 0 0
v 0.0111022 0.787863 0.540811 1 0 0
v 0.0113986 0.786629 0.540811 1 0 0
v 0.0118844 0.785456 0.540811 1 0 0
v 0.0125477 0.784374 0.540811 1 0 0
v 0.0133722 0.783408 0.540811 1 0 0
v 0.0143375 0.782584 0.540811 1 0 0
v 0.01542 0.781921 0.540811 1 0 0
v 0.0165928 0.781435 0.540811 1 0 0
v 0.0178272 0.781138 0.540811 1 0 0
v 0.0190928 0.781039 0.540811 1 0 0
v 0.0203584 0.781138 0.540811 1 0 0
v 0.0215928 0.781435 0.540811 1 0 0
v 0.0227657 0.781921 0.540811 1 0 0
v 0.0238481 0.782584 0.540811 1 0 0
v 0.0248134 0.783408 0.540811 1 0 0
v 0.0256379 0.784374 0.540811 1 0 0
v 0.0263012 0.785456 0.540811 1 0 0
v 0.026787 0.786629 0.540811 1 0 0
v 0.0270834 0.787863 0.540811 1 0 0
v 0.0261639 0.789129 0.539617 1 0 0
v 0.0260768 0.790235 0.539617 1 0 0
v 0.0258178 0.791314 0.539617 1 0 0
v 0.0253932 0.792339 0.539617 1 0 0
v 0.0248134 0.793285 0.539617 1 0 0
v 0.0240928 0.794129 0.539617 1 0 0
v 0.0232491 0.79485 0.539617 1 0 0
v 0.022303 0.795429 0.539617 1 0 0
v 0.0212779 0.795854 0.539617 1 0 0
v 0.020199 0.796113 0.539617 1 0 0
v 0.0190928 0.7962 0.539617 1 0 0
v 0.0179867 0.796113 0.539617 1 0 0
v 0.0169077 0.795854 0.539617 1 0 0
v 0.0158826 0.795429 0.539617 1 0 0
v 0.0149365 0.79485 0.539617 1 0 0
v 0.0140928 0.794129 0.539617 1 0 0
v 0.0133722 0.793285 0.539617 1 0 0
v 0.0127924 0.792339 0.539617 1 0 0
v 0.0123678 0.791314 0.539617 1 0 0
v 0.0121088 0.790235 0.539617 1 0 0
v 0.0120217 0.789129 0.539617 1 0 0
v 0.0121088 0.788023 0.539617 1 0 0
v 0.0123678 0.786944 0.539617 1 0 0
v 0.0127924 0.785919 0.539617 1 0 0
v 0.0133722 0.784973 0.539617 1 0 0
v 0.0140928 0.784129 0.539617 1 0 0
v 0.0149365 0.783408 0.539617 1 0 0
v 0.0158826 0.782829 0.539617 1 0 0
v 0.0169077 0.782404 0.539617 1 0 0
v 0.0179867 0.782145 0.539617 1 0 0
v 0.0190928 0.782058 0.539617 1 0 0
v 0.020199 0.782145 0.539617 1 0 0
v 0.0212779 0.782404 0.539617 1 0 0
v 0.022303 0.782829 0.539617 1 0 0
v 0.0232491 0.783408 0.539617 1 0 0
v 0.0240928 0.784129 0.539617 1 0 0
v 0.0248134 0.784973 0.539617 1 0 0
v 0.0253932 0.785919 0.539617 1 0 0
v 0.0258178 0.786944 0.539617 1 0 0
v 0.0260768 0.788023 0.539617 1 0 0
v 0.0249707 0.789129 0.538598 1 0 0
v 0.0248983 0.790048 0.538598 1 0 0
v 0.024683 0.790945 0.538598 1 0 0
v 0.02433 0.791797 0.538598 1 0 0
v 0.0238481 0.792584 0.538598 1 0 0
v 0.0232491 0.793285 0.538598 1 0 0
v 0.0225477 0.793884 0.538598 1 0 0
v 0.0217613 0.794366 0.538598 1 0 0
v 0.0209092 0.794719 0.538598 1 0 0
v 0.0200123 0.794934 0.538598 1 0 0
v 0.0190928 0.795007 0.538598 1 0 0
v 0.0181733 0.794934 0.538598 1 0 0
v 0.0172765 0.794719 0.538598 1 0 0
v 0.0164243 0.794366 0.538598 1 0 0
v 0.0156379 0.793884 0.538598 1 0 0
v 0.0149365 0.793285 0.538598 1 0 0
v 0.0143375 0.792584 0.538598 1 0 0
v 0.0138556 0.791797 0.538598 1 0 0
v 0.0135026 0.790945 0.538598 1 0 0
v 0.0132873 0.790048 0.538598 1 0 0
v 0.013215 0.789129 0.538598 1 0 0
v 0.0132873 0.788209 0.538598 1 0 0
v 0.0135026 0.787313 0.538598 1 0 0
v 0.0138556 0.78646 0.538598 1 0 0
v 0.0143375 0.785674 0.538598 1 0 0
v 0.0149365 0.784973 0.538598 1 0 0
v 0.0156379 0.784374 0.538598 1 0 0
v 0.0164243 0.783892 0.538598 1 0 0
v 0.0172765 0.783539 0.538598 1 0 0
v 0.0181733 0.783323 0.538598 1 0 0
v 0.0190928 0.783251 0.538598 1 0 0
v 0.0200123 0.783323 0.538598 1 0 0
v 0.0209092 0.783539 0.538598 1 0 0
v 0.0217613 0.783892 0.538598 1 0 0
v 0.0225477 0.784374 0.538598 1 0 0
v 0.0232491 0.784973 0.538598 1 0 0
v 0.0238481 0.785674 0.538598 1 0 0
v 0.02433 0.78646 0.538598 1 0 0
v 0.024683 0.787313 0.538598 1 0 0
v 0.0248983 0.788209 0.538598 1 0 0
v 0.0236327 0.789129 0.537778 1 0 0
v 0.0235768 0.789839 0.537778 1 0 0
v 0.0234105 0.790532 0.537778 1 0 0
v 0.0231379 0.79119 0.537778 1 0 0
v 0.0227657 0.791797 0.537778 1 0 0
v 0.022303 0.792339 0.537778 1 0 0
v 0.0217613 0.792802 0.537778 1 0 0
v 0.0211539 0.793174 0.537778 1 0 0
v 0.0204957 0.793447 0.537778 1 0 0
v 0.019803 0.793613 0.537778 1 0 0
v 0.0190928 0.793669 0.537778 1 0 0
v 0.0183826 0.793613 0.537778 1 0 0
v 0.0176899 0.793447 0.537778 1 0 0
v 0.0170317 0.793174 0.537778 1 0 0
v 0.0164243 0.792802 0.537778 1 0 0
v 0.0158826 0.792339 0.537778 1 0 0
v 0.01542 0.791797 0.537778 1 0 0
v 0.0150477 0.79119 0.537778 1 0 0
v 0.0147751 0.790532 0.537778 1 0 0
v 0.0146088 0.789839 0.537778 1 0 0
v 0.0145529 0.789129 0.537778 1 0 0
v 0.0146088 0.788419 0.537778 1 0 0
v 0.0147751 0.787726 0.537778 1 0 0
v 0.0150477 0.787068 0.537778 1 0 0
v 0.01542 0.78646 0.537778 1 0 0
v 0.0158826 0.785919 0.537778 1 0 0
v 0.0164243 0.785456 0.537778 1 0 0
v 0.0170317 0.785084 0.537778 1 0 0
v 0.0176899 0.784811 0.537778 1 0 0
v 0.0183826 0.784645 0.537778 1 0 0
v 0.0190928 0.784589 0.537778 1 0 0
v 0.019803 0.784645 0.537778 1 0 0
v 0.0204957 0.784811 0.537778 1 0 0
v 0.0211539 0.785084 0.537778 1 0 0
v 0.0217613 0.785456 0.537778 1 0 0
v 0.022303 0.785919 0.537778 1 0 0
v 0.0227657 0.78646 0.537778 1 0 0
v 0.0231379 0.787068 0.537778 1 0 0
v 0.0234105 0.787726 0.537778 1 0 0
v 0.0235768 0.788419 0.537778 1 0 0
v 0.022183 0.789129 0.537178 1 0 0
v 0.0221449 0.789612 0.537178 1 0 0
v 0.0220317 0.790084 0.537178 1 0 0
v 0.0218462 0.790532 0.537178 1 0 0
v 0.0215928 0.790945 0.537178 1 0 0
v 0.0212779 0.791314 0.537178 1 0 0
v 0.0209092 0.791629 0.537178 1 0 0
v 0.0204957 0.791882 0.537178 1 0 0
v 0.0200477 0.792068 0.537178 1 0 0
v 0.0195762 0.792181 0.537178 1 0 0
v 0.0190928 0.792219 0.537178 1 0 0
v 0.0186094 0.792181 0.537178 1 0 0
v 0.0181379 0.792068 0.537178 1 0 0
v 0.0176899 0.791882 0.537178 1 0 0
v 0.0172765 0.791629 0.537178 1 0 0
v 0.0169077 0.791314 0.537178 1 0 0
v 0.0165928 0.790945 0.537178 1 0 0
v 0.0163395 0.790532 0.537178 1 0 0
v 0.0161539 0.790084 0.537178 1 0 0
v 0.0160407 0.789612 0.537178 1 0 0
v 0.0160026 0.789129 0.537178 1 0 0
v 0.0160407 0.788646 0.537178 1 0 0
v 0.0161539 0.788174 0.537178 1 0 0
v 0.0163395 0.787726 0.537178 1 0 0
v 0.0165928 0.787313 0.537178 1 0 0
v 0.0169077 0.786944 0.537178 1 0 0
v 0.0172765 0.786629 0.537178 1 0 0
v 0.0176899 0.786376 0.537178 1 0 0
v 0.0181379 0.78619 0.537178 1 0 0
v 0.0186094 0.786077 0.537178 1 0 0
v 0.0190928 0.786039 0.537178 1 0 0
v 0.0195762 0.786077 0.537178 1 0 0
v 0.0200477 0.78619 0.537178 1 0 0
v 0.0204957 0.786376 0.537178 1 0 0
v 0.0209092 0.786629 0.537178 1 0 0
v 0.0212779 0.786944 0.537178 1 0 0
v 0.0215928 0.787313 0.537178 1 0 0
v 0.0218462 0.787726 0.537178 1 0 0
v 0.0220317 0.788174 0.537178 1 0 0
v 0.0221449 0.788646 0.537178 1 0 0
v 0.0206572 0.789129 0.536811 1 0 0
v 0.0206379 0.789374 0.536811 1 0 0
v 0.0205806 0.789612 0.536811 1 0 0
v 0.0204867 0.789839 0.536811 1 0 0
v 0.0203584 0.790048 0.536811 1 0 0
v 0.020199 0.790235 0.536811 1 0 0
v 0.0200123 0.790394 0.536811 1 0 0
v 0.019803 0.790523 0.536811 1 0 0
v 0.0195762 0.790617 0.536811 1 0 0
v 0.0193375 0.790674 0.536811 1 0 0
v 0.0190928 0.790693 0.536811 1 0 0
v 0.0188481 0.790674 0.536811 1 0 0
v 0.0186094 0.790617 0.536811 1 0 0
v 0.0183826 0.790523 0.536811 1 0 0
v 0.0181733 0.790394 0.536811 1 0 0
v 0.0179867 0.790235 0.536811 1 0 0
v 0.0178272 0.790048 0.536811 1 0 0
v 0.017699 0.789839 0.536811 1 0 0
v 0.017605 0.789612 0.536811 1 0 0
v 0.0175477 0.789374 0.536811 1 0 0
v 0.0175285 0.789129 0.536811 1 0 0
v 0.0175477 0.788884 0.536811 1 0 0
v 0.017605 0.788646 0.536811 1 0 0
v 0.017699 0.788419 0.536811 1 0 0
v 0.0178272 0.788209 0.536811 1 0 0
v 0.0179867 0.788023 0.536811 1 0 0
v 0.0181733 0.787863 0.536811 1 0 0
v 0.0183826 0.787735 0.536811 1 0 0
v 0.0186094 0.787641 0.536811 1 0 0
v 0.0188481 0.787584 0.536811 1 0 0
v 0.0190928 0.787565 0.536811 1 0 0
v 0.0193375 0.787584 0.536811 1 0 0
v 0.0195762 0.787641 0.536811 1 0 0
v 0.019803 0.787735 0.536811 1 0 0
v 0.0200123 0.787863 0.536811 1 0 0
v 0.020199 0.788023 0.536811 1 0 0
v 0.0203584 0.788209 0.536811 1 0 0
v 0.0204867 0.788419 0.536811 1 0 0
v 0.0205806 0.788646 0.536811 1 0 0
v 0.0206379 0.788884 0.536811 1 0 0
v -0.00343656 0.198011 0.462448 1 0 0
v -0.00343656 0.198011 0.442448 1 0 0
v -0.00187222 0.198011 0.462325 1 0 0
v -0.00189148 0.198256 0.462325 1 0 0
v -0.00194878 0.198495 0.462325 1 0 0
v -0.00204272 0.198721 0.462325 1 0 0
v -0.00217098 0.198931 0.462325 1 0 0
v -0.0023304 0.199117 0.462325 1 0 0
v -0.00251706 0.199277 0.462325 1 0 0
v -0.00272636 0.199405 0.462325 1 0 0
v -0.00295315 0.199499 0.462325 1 0 0
v -0.00319184 0.199556 0.462325 1 0 0
v -0.00343656 0.199575 0.462325 1 0 0
v -0.00368128 0.199556 0.462325 1 0 0
v -0.00391997 0.199499 0.462325 1 0 0
v -0.00414676 0.199405 0.462325 1 0 0
v -0.00435606 0.199277 0.462325 1 0 0
v -0.00454272 0.199117 0.462325 1 0 0
v -0.00470214 0.198931 0.462325 1 0 0
v -0.0048304 0.198721 0.462325 1 0 0
v -0.00492434 0.198495 0.462325 1 0 0
v -0.00498165 0.198256 0.462325 1 0 0
v -0.0050009 0.198011 0.462325 1 0 0
v -0.00498165 0.197766 0.462325 1 0 0
v -0.00492434 0.197528 0.462325 1 0 0
v -0.0048304 0.197301 0.462325 1 0 0
v -0.00470214 0.197092 0.462325 1 0 0
v -0.00454272 0.196905 0.462325 1 0 0
v -0.00435606 0.196746 0.462325 1 0 0
v -0.00414676 0.196617 0.462325 1 0 0
v -0.00391997 0.196523 0.462325 1 0 0
v -0.00368128 0.196466 0.462325 1 0 0
v -0.00343656 0.196447 0.462325 1 0 0
v -0.00319184 0.196466 0.462325 1 0 0
v -0.00295315 0.196523 0.462325 1 0 0
v -0.00272636 0.196617 0.462325 1 0 0
v -0.00251706 0.196746 0.462325 1 0 0
v -0.0023304 0.196905 0.462325 1 0 0
v -0.00217098 0.197092 0.462325 1 0 0
v -0.00204272 0.197301 0.462325 1 0 0
v -0.00194878 0.197528 0.462325 1 0 0
v -0.00189148 0.197766 0.462325 1 0 0
v -0.00034639 0.198011 0.461959 1 0 0
v -0.000384435 0.198495 0.461959 1 0 0
v -0.000497634 0.198966 0.461959 1 0 0
v -0.000683199 0.199414 0.461959 1 0 0
v -0.00093656 0.199827 0.461959 1 0 0
v -0.00125148 0.200196 0.461959 1 0 0
v -0.0016202 0.200511 0.461959 1 0 0
v -0.00203365 0.200764 0.461959 1 0 0
v -0.00248165 0.20095 0.461959 1 0 0
v -0.00295315 0.201063 0.461959 1 0 0
v -0.00343656 0.201101 0.461959 1 0 0
v -0.00391997 0.201063 0.461959 1 0 0
v -0.00439148 0.20095 0.461959 1 0 0
v -0.00483947 0.200764 0.461959 1 0 0
v -0.00525292 0.200511 0.461959 1 0 0
v -0.00562164 0.200196 0.461959 1 0 0
v -0.00593656 0.199827 0.461959 1 0 0
v -0.00618992 0.199414 0.461959 1 0 0
v -0.00637549 0.198966 0.461959 1 0 0
v -0.00648869 0.198495 0.461959 1 0 0
v -0.00652673 0.198011 0.461959 1 0 0
v -0.00648869 0.197528 0.461959 1 0 0
v -0.00637549 0.197056 0.461959 1 0 0
v -0.00618992 0.196608 0.461959 1 0 0
v -0.00593656 0.196195 0.461959 1 0 0
v -0.00562164 0.195826 0.461959 1 0 0
v -0.00525292 0.195511 0.461959 1 0 0
v -0.00483947 0.195258 0.461959 1 0 0
v -0.00439148 0.195072 0.461959 1 0 0
v -0.00391997 0.194959 0.461959 1 0 0
v -0.00343656 0.194921 0.461959 1 0 0
v -0.00295315 0.194959 0.461959 1 0 0
v -0.00248165 0.195072 0.461959 1 0 0
v -0.00203365 0.195258 0.461959 1 0 0
v -0.0016202 0.195511 0.461959 1 0 0
v -0.00125148 0.195826 0.461959 1 0 0
v -0.00093656 0.196195 0.461959 1 0 0
v -0.000683199 0.196608 0.461959 1 0 0
v -0.000497634 0.197056 0.461959 1 0 0
v -0.000384435 0.197528 0.461959 1 0 0
v 0.00110334 0.198011 0.461358 1 0 0
v 0.00104745 0.198721 0.461358 1 0 0
v 0.000881146 0.199414 0.461358 1 0 0
v 0.000608525 0.200072 0.461358 1 0 0
v 0.0002363 0.20068 0.461358 1 0 0
v -0.000226363 0.201221 0.461358 1 0 0
v -0.000768071 0.201684 0.461358 1 0 0
v -0.00137549 0.202056 0.461358 1 0 0
v -0.00203365 0.202329 0.461358 1 0 0
v -0.00272636 0.202495 0.461358 1 0 0
v -0.00343656 0.202551 0.461358 1 0 0
v -0.00414676 0.202495 0.461358 1 0 0
v -0.00483947 0.202329 0.461358 1 0 0
v -0.00549763 0.202056 0.461358 1 0 0
v -0.00610505 0.201684 0.461358 1 0 0
v -0.00664676 0.201221 0.461358 1 0 0
v -0.00710942 0.20068 0.461358 1 0 0
v -0.00748165 0.200072 0.461358 1 0 0
v -0.00775427 0.199414 0.461358 1 0 0
v -0.00792057 0.198721 0.461358 1 0 0
v -0.00797647 0.198011 0.461358 1 0 0
v -0.00792057 0.197301 0.461358 1 0 0
v -0.00775427 0.196608 0.461358 1 0 0
v -0.00748165 0.19595 0.461358 1 0 0
v -0.00710942 0.195343 0.461358 1 0 0
v -0.00664676 0.194801 0.461358 1 0 0
v -0.00610505 0.194338 0.461358 1 0 0
v -0.00549763 0.193966 0.461358 1 0 0
v -0.00483947 0.193693 0.461358 1 0 0
v -0.00414676 0.193527 0.461358 1 0 0
v -0.00343656 0.193471 0.461358 1 0 0
v -0.00272636 0.193527 0.461358 1 0 0
v -0.00203365 0.193693 0.461358 1 0 0
v -0.00137549 0.193966 0.461358 1 0 0
v -0.000768071 0.194338 0.461358 1 0 0
v -0.000226363 0.194801 0.461358 1 0 0
v 0.0002363 0.195343 0.461358 1 0 0
v 0.000608525 0.19595 0.461358 1 0 0
v 0.000881146 0.196608 0.461358 1 0 0
v 0.00104745 0.197301 0.461358 1 0 0
v 0.00244129 0.198011 0.460539 1 0 0
v 0.00236893 0.198931 0.460539 1 0 0
v 0.00215361 0.199827 0.460539 1 0 0
v 0.00180064 0.20068 0.460539 1 0 0
v 0.00131872 0.201466 0.460539 1 0 0
v 0.000719709 0.202167 0.460539 1 0 0
v 1.83548e-05 0.202766 0.460539 1 0 0
v -0.000768071 0.203248 0.460539 1 0 0
v -0.0016202 0.203601 0.460539 1 0 0
v -0.00251706 0.203817 0.460539 1 0 0
v -0.00343656 0.203889 0.460539 1 0 0
v -0.00435606 0.203817 0.460539 1 0 0
v -0.00525292 0.203601 0.460539 1 0 0
v -0.00610505 0.203248 0.460539 1 0 0
v -0.00689148 0.202766 0.460539 1 0 0
v -0.00759283 0.202167 0.460539 1 0 0
v -0.00819184 0.201466 0.460539 1 0 0
v -0.00867377 0.20068 0.460539 1 0 0
v -0.00902673 0.199827 0.460539 1 0 0
v -0.00924205 0.198931 0.460539 1 0 0
v -0.00931441 0.198011 0.460539 1 0 0
v -0.00924205 0.197092 0.460539 1 0 0
v -0.00902673 0.196195 0.460539 1 0 0
v -0.00867377 0.195343 0.460539 1 0 0
v -0.00819184 0.194556 0.460539 1 0 0
v -0.00759283 0.193855 0.460539 1 0 0
v -0.00689148 0.193256 0.460539 1 0 0
v -0.00610505 0.192774 0.460539 1 0 0
v -0.00525292 0.192421 0.460539 1 0 0
v -0.00435606 0.192206 0.460539 1 0 0
v -0.00343656 0.192133 0.460539 1 0 0
v -0.00251706 0.192206 0.460539 1 0 0
v -0.0016202 0.192421 0.460539 1 0 0
v -0.000768071 0.192774 0.460539 1 0 0
v 1.83548e-05 0.193256 0.460539 1 0 0
v 0.000719709 0.193855 0.460539 1 0 0
v 0.00131872 0.194556 0.460539 1 0 0
v 0.00180064 0.195343 0.460539 1 0 0
v 0.00215361 0.196195 0.460539 1 0 0
v 0.00236893 0.197092 0.460539 1 0 0
v 0.00363451 0.198011 0.459519 1 0 0
v 0.00354745 0.199117 0.459519 1 0 0
v 0.00328842 0.200196 0.459519 1 0 0
v 0.00286381 0.201221 0.459519 1 0 0
v 0.00228405 0.202167 0.459519 1 0 0
v 0.00156344 0.203011 0.459519 1 0 0
v 0.000719709 0.203732 0.459519 1 0 0
v -0.000226363 0.204311 0.459519 1 0 0
v -0.00125148 0.204736 0.459519 1 0 0
v -0.0023304 0.204995 0.459519 1 0 0
v -0.00343656 0.205082 0.459519 1 0 0
v -0.00454272 0.204995 0.459519 1 0 0
v -0.00562164 0.204736 0.459519 1 0 0
v -0.00664676 0.204311 0.459519 1 0 0
v -0.00759283 0.203732 0.459519 1 0 0
v -0.00843656 0.203011 0.459519 1 0 0
v -0.00915717 0.202167 0.459519 1 0 0
v -0.00973693 0.201221 0.459519 1 0 0
v -0.0101615 0.200196 0.459519 1 0 0
v -0.0104206 0.199117 0.459519 1 0 0
v -0.0105076 0.198011 0.459519 1 0 0
v -0.0104206 0.196905 0.459519 1 0 0
v -0.0101615 0.195826 0.459519 1 0 0
v -0.00973693 0.194801 0.459519 1 0 0
v -0.00915717 0.193855 0.459519 1 0 0
v -0.00843656 0.193011 0.459519 1 0 0
v -0.00759283 0.19229 0.459519 1 0 0
v -0.00664676 0.191711 0.459519 1 0 0
v -0.00562164 0.191286 0.459519 1 0 0
v -0.00454272 0.191027 0.459519 1 0 0
v -0.00343656 0.19094 0.459519 1 0 0
v -0.0023304 0.191027 0.459519 1 0 0
v -0.00125148 0.191286 0.459519 1 0 0
v -0.000226363 0.191711 0.459519 1 0 0
v 0.000719709 0.19229 0.459519 1 0 0
v 0.00156344 0.193011 0.459519 1 0 0
v 0.00228405 0.193855 0.459519 1 0 0
v 0.00286381 0.194801 0.459519 1 0 0
v 0.00328842 0.195826 0.459519 1 0 0
v 0.00354745 0.196905 0.459519 1 0 0
v 0.00465361 0.198011 0.458326 1 0 0
v 0.00455401 0.199277 0.458326 1 0 0
v 0.00425765 0.200511 0.458326 1 0 0
v 0.00377183 0.201684 0.458326 1 0 0
v 0.00310852 0.202766 0.458326 1 0 0
v 0.00228405 0.203732 0.458326 1 0 0
v 0.00131872 0.204556 0.458326 1 0 0
v 0.0002363 0.205219 0.458326 1 0 0
v -0.00093656 0.205705 0.458326 1 0 0
v -0.00217098 0.206002 0.458326 1 0 0
v -0.00343656 0.206101 0.458326 1 0 0
v -0.00470214 0.206002 0.458326 1 0 0
v -0.00593656 0.205705 0.458326 1 0 0
v -0.00710942 0.205219 0.458326 1 0 0
v -0.00819184 0.204556 0.458326 1 0 0
v -0.00915717 0.203732 0.458326 1 0 0
v -0.00998165 0.202766 0.458326 1 0 0
v -0.010645 0.201684 0.458326 1 0 0
v -0.0111308 0.200511 0.458326 1 0 0
v -0.0114271 0.199277 0.458326 1 0 0
v -0.0115267 0.198011 0.458326 1 0 0
v -0.0114271 0.196746 0.458326 1 0 0
v -0.0111308 0.195511 0.458326 1 0 0
v -0.010645 0.194338 0.458326 1 0 0
v -0.00998165 0.193256 0.458326 1 0 0
v -0.00915717 0.19229 0.458326 1 0 0
v -0.00819184 0.191466 0.458326 1 0 0
v -0.00710942 0.190803 0.458326 1 0 0
v -0.00593656 0.190317 0.458326 1 0 0
v -0.00470214 0.190021 0.458326 1 0 0
v -0.00343656 0.189921 0.458326 1 0 0
v -0.00217098 0.190021 0.458326 1 0 0
v -0.00093656 0.190317 0.458326 1 0 0
v 0.0002363 0.190803 0.458326 1 0 0
v 0.00131872 0.191466 0.458326 1 0 0
v 0.00228405 0.19229 0.458326 1 0 0
v 0.00310852 0.193256 0.458326 1 0 0
v 0.00377183 0.194338 0.458326 1 0 0
v 0.00425765 0.195511 0.458326 1 0 0
v 0.00455401 0.196746 0.458326 1 0 0
v 0.00547351 0.198011 0.456988 1 0 0
v 0.00536381 0.199405 0.456988 1 0 0
v 0.00503742 0.200764 0.456988 1 0 0
v 0.00450237 0.202056 0.456988 1 0 0
v 0.00377183 0.203248 0.456988 1 0 0
v 0.00286381 0.204311 0.456988 1 0 0
v 0.00180064 0.205219 0.456988 1 0 0
v 0.000608525 0.20595 0.456988 1 0 0
v -0.000683199 0.206485 0.456988 1 0 0
v -0.00204272 0.206811 0.456988 1 0 0
v -0.00343656 0.206921 0.456988 1 0 0
v -0.0048304 0.206811 0.456988 1 0 0
v -0.00618992 0.206485 0.456988 1 0 0
v -0.00748165 0.20595 0.456988 1 0 0
v -0.00867377 0.205219 0.456988 1 0 0
v -0.00973693 0.204311 0.456988 1 0 0
v -0.010645 0.203248 0.456988 1 0 0
v -0.0113755 0.202056 0.456988 1 0 0
v -0.0119105 0.200764 0.456988 1 0 0
v -0.0122369 0.199405 0.456988 1 0 0
v -0.0123466 0.198011 0.456988 1 0 0
v -0.0122369 0.196617 0.456988 1 0 0
v -0.0119105 0.195258 0.456988 1 0 0
v -0.0113755 0.193966 0.456988 1 0 0
v -0.010645 0.192774 0.456988 1 0 0
v -0.00973693 0.191711 0.456988 1 0 0
v -0.00867377 0.190803 0.456988 1 0 0
v -0.00748165 0.190072 0.456988 1 0 0
v -0.00618992 0.189537 0.456988 1 0 0
v -0.0048304 0.189211 0.456988 1 0 0
v -0.00343656 0.189101 0.456988 1 0 0
v -0.00204272 0.189211 0.456988 1 0 0
v -0.000683199 0.189537 0.456988 1 0 0
v 0.000608525 0.190072 0.456988 1 0 0
v 0.00180064 0.190803 0.456988 1 0 0
v 0.00286381 0.191711 0.456988 1 0 0
v 0.00377183 0.192774 0.456988 1 0 0
v 0.00450237 0.193966 0.456988 1 0 0
v 0.00503742 0.195258 0.456988 1 0 0
v 0.00536381 0.196617 0.456988 1 0 0
v 0.006074 0.198011 0.455539 1 0 0
v 0.00595691 0.199499 0.455539 1 0 0
v 0.00560852 0.20095 0.455539 1 0 0
v 0.00503742 0.202329 0.455539 1 0 0
v 0.00425765 0.203601 0.455539 1 0 0
v 0.00328842 0.204736 0.455539 1 0 0
v 0.00215361 0.205705 0.455539 1 0 0
v 0.000881146 0.206485 0.455539 1 0 0
v -0.000497634 0.207056 0.455539 1 0 0
v -0.00194878 0.207405 0.455539 1 0 0
v -0.00343656 0.207522 0.455539 1 0 0
v -0.00492434 0.207405 0.455539 1 0 0
v -0.00637549 0.207056 0.455539 1 0 0
v -0.00775427 0.206485 0.455539 1 0 0
v -0.00902673 0.205705 0.455539 1 0 0
v -0.0101615 0.204736 0.455539 1 0 0
v -0.0111308 0.203601 0.455539 1 0 0
v -0.0119105 0.202329 0.455539 1 0 0
v -0.0124816 0.20095 0.455539 1 0 0
v -0.01283 0.199499 0.455539 1 0 0
v -0.0129471 0.198011 0.455539 1 0 0
v -0.01283 0.196523 0.455539 1 0 0
v -0.0124816 0.195072 0.455539 1 0 0
v -0.0119105 0.193693 0.455539 1 0 0
v -0.0111308 0.192421 0.455539 1 0 0
v -0.0101615 0.191286 0.455539 1 0 0
v -0.00902673 0.190317 0.455539 1 0 0
v -0.00775427 0.189537 0.455539 1 0 0
v -0.00637549 0.188966 0.455539 1 0 0
v -0.00492434 0.188618 0.455539 1 0 0
v -0.00343656 0.188501 0.455539 1 0 0
v -0.00194878 0.188618 0.455539 1 0 0
v -0.000497634 0.188966 0.455539 1 0 0
v 0.000881146 0.189537 0.455539 1 0 0
v 0.00215361 0.190317 0.455539 1 0 0
v 0.00328842 0.191286 0.455539 1 0 0
v 0.00425765 0.192421 0.455539 1 0 0
v 0.00503742 0.193693 0.455539 1 0 0
v 0.00560852 0.195072 0.455539 1 0 0
v 0.00595691 0.196523 0.455539 1 0 0
v 0.00644032 0.198011 0.454013 1 0 0
v 0.00631872 0.199556 0.454013 1 0 0
v 0.00595691 0.201063 0.454013 1 0 0
v 0.00536381 0.202495 0.454013 1 0 0
v 0.00455401 0.203817 0.454013 1 0 0
v 0.00354745 0.204995 0.454013 1 0 0
v 0.00236893 0.206002 0.454013 1 0 0
v 0.00104745 0.206811 0.454013 1 0 0
v -0.000384435 0.207405 0.454013 1 0 0
v -0.00189148 0.207766 0.454013 1 0 0
v -0.00343656 0.207888 0.454013 1 0 0
v -0.00498165 0.207766 0.454013 1 0 0
v -0.00648869 0.207405 0.454013 1 0 0
v -0.00792057 0.206811 0.454013 1 0 0
v -0.00924205 0.206002 0.454013 1 0 0
v -0.0104206 0.204995 0.454013 1 0 0
v -0.0114271 0.203817 0.454013 1 0 0
v -0.0122369 0.202495 0.454013 1 0 0
v -0.01283 0.201063 0.454013 1 0 0
v -0.0131918 0.199556 0.454013 1 0 0
v -0.0133134 0.198011 0.454013 1 0 0
v -0.0131918 0.196466 0.454013 1 0 0
v -0.01283 0.194959 0.454013 1 0 0
v -0.0122369 0.193527 0.454013 1 0 0
v -0.0114271 0.192206 0.454013 1 0 0
v -0.0104206 0.191027 0.454013 1 0 0
v -0.00924205 0.190021 0.454013 1 0 0
v -0.00792057 0.189211 0.454013 1 0 0
v -0.00648869 0.188618 0.454013 1 0 0
v -0.00498165 0.188256 0.454013 1 0 0
v -0.00343656 0.188134 0.454013 1 0 0
v -0.00189148 0.188256 0.454013 1 0 0
v -0.000384435 0.188618 0.454013 1 0 0
v 0.00104745 0.189211 0.454013 1 0 0
v 0.00236893 0.190021 0.454013 1 0 0
v 0.00354745 0.191027 0.454013 1 0 0
v 0.00455401 0.192206 0.454013 1 0 0
v 0.00536381 0.193527 0.454013 1 0 0
v 0.00595691 0.194959 0.454013 1 0 0
v 0.00631872 0.196466 0.454013 1 0 0
v 0.00656344 0.198011 0.452448 1 0 0
v 0.00644032 0.199575 0.452448 1 0 0
v 0.006074 0.201101 0.452448 1 0 0
v 0.00547351 0.202551 0.452448 1 0 0
v 0.00465361 0.203889 0.452448 1 0 0
v 0.00363451 0.205082 0.452448 1 0 0
v 0.00244129 0.206101 0.452448 1 0 0
v 0.00110334 0.206921 0.452448 1 0 0
v -0.00034639 0.207522 0.452448 1 0 0
v -0.00187222 0.207888 0.452448 1 0 0
v -0.00343656 0.208011 0.452448 1 0 0
v -0.0050009 0.207888 0.452448 1 0 0
v -0.00652673 0.207522 0.452448 1 0 0
v -0.00797647 0.206921 0.452448 1 0 0
v -0.00931441 0.206101 0.452448 1 0 0
v -0.0105076 0.205082 0.452448 1 0 0
v -0.0115267 0.203889 0.452448 1 0 0
v -0.0123466 0.202551 0.452448 1 0 0
v -0.0129471 0.201101 0.452448 1 0 0
v -0.0133134 0.199575 0.452448 1 0 0
v -0.0134366 0.198011 0.452448 1 0 0
v -0.0133134 0.196447 0.452448 1 0 0
v -0.0129471 0.194921 0.452448 1 0 0
v -0.0123466 0.193471 0.452448 1 0 0
v -0.0115267 0.192133 0.452448 1 0 0
v -0.0105076 0.19094 0.452448 1 0 0
v -0.00931441 0.189921 0.452448 1 0 0
v -0.00797647 0.189101 0.452448 1 0 0
v -0.00652673 0.188501 0.452448 1 0 0
v -0.0050009 0.188134 0.452448 1 0 0
v -0.00343656 0.188011 0.452448 1 0 0
v -0.00187222 0.188134 0.452448 1 0 0
v -0.00034639 0.188501 0.452448 1 0 0
v 0.00110334 0.189101 0.452448 1 0 0
v 0.00244129 0.189921 0.452448 1 0 0
v 0.00363451 0.19094 0.452448 1 0 0
v 0.00465361 0.192133 0.452448 1 0 0
v 0.00547351 0.193471 0.452448 1 0 0
v 0.006074 0.194921 0.452448 1 0 0
v 0.00644032 0.196447 0.452448 1 0 0
v 0.00644032 0.198011 0.450884 1 0 0
v 0.00631872 0.199556 0.450884 1 0 0
v 0.00595691 0.201063 0.450884 1 0 0
v 0.00536381 0.202495 0.450884 1 0 0
v 0.00455401 0.203817 0.450884 1 0 0
v 0.00354745 0.204995 0.450884 1 0 0
v 0.00236893 0.206002 0.450884 1 0 0
v 0.00104745 0.206811 0.450884 1 0 0
v -0.000384435 0.207405 0.450884 1 0 0
v -0.00189148 0.207766 0.450884 1 0 0
v -0.00343656 0.207888 0.450884 1 0 0
v -0.00498165 0.207766 0.450884 1 0 0
v -0.00648869 0.207405 0.450884 1 0 0
v -0.00792057 0.206811 0.450884 1 0 0
v -0.00924205 0.206002 0.450884 1 0 0
v -0.0104206 0.204995 0.450884 1 0 0
v -0.0114271 0.203817 0.450884 1 0 0
v -0.0122369 0.202495 0.450884 1 0 0
v -0.01283 0.201063 0.450884 1 0 0
v -0.0131918 0.199556 0.450884 1 0 0
v -0.0133134 0.198011 0.450884 1 0 0
v -0.0131918 0.196466 0.450884 1 0 0
v -0.01283 0.194959 0.450884 1 0 0
v -0.0122369 0.193527 0.450884 1 0 0
v -0.0114271 0.192206 0.450884 1 0 0
v -0.0104206 0.191027 0.450884 1 0 0
v -0.00924205 0.190021 0.450884 1 0 0
v -0.00792057 0.189211 0.450884 1 0 0
v -0.00648869 0.188618 0.450884 1 0 0
v -0.00498165 0.188256 0.450884 1 0 0
v -0.00343656 0.188134 0.450884 1 0 0
v -0.00189148 0.188256 0.450884 1 0 0
v -0.000384435 0.188618 0.450884 1 0 0
v 0.00104745 0.189211 0.450884 1 0 0
v 0.00236893 0.190021 0.450884 1 0 0
v 0.00354745 0.191027 0.450884 1 0 0
v 0.00455401 0.192206 0.450884 1 0 0
v 0.00536381 0.193527 0.450884 1 0 0
v 0.00595691 0.194959 0.450884 1 0 0
v 0.00631872 0.196466 0.450884 1 0 0
v 0.006074 0.198011 0.449358 1 0 0
v 0.00595691 0.199499 0.449358 1 0 0
v 0.00560852 0.20095 0.449358 1 0 0
v 0.00503742 0.202329 0.449358 1 0 0
v 0.00425765 0.203601 0.449358 1 0 0
v 0.00328842 0.204736 0.449358 1 0 0
v 0.00215361 0.205705 0.449358 1 0 0
v 0.000881146 0.206485 0.449358 1 0 0
v -0.000497634 0.207056 0.449358 1 0 0
v -0.00194878 0.207405 0.449358 1 0 0
v -0.00343656 0.207522 0.449358 1 0 0
v -0.00492434 0.207405 0.449358 1 0 0
v -0.00637549 0.207056 0.449358 1 0 0
v -0.00775427 0.206485 0.449358 1 0 0
v -0.00902673 0.205705 0.449358 1 0 0
v -0.0101615 0.204736 0.449358 1 0 0
v -0.0111308 0.203601 0.449358 1 0 0
v -0.0119105 0.202329 0.449358 1 0 0
v -0.0124816 0.20095 0.449358 1 0 0
v -0.01283 0.199499 0.449358 1 0 0
v -0.0129471 0.198011 0.449358 1 0 0
v -0.01283 0.196523 0.449358 1 0 0
v -0.0124816 0.195072 0.449358 1 0 0
v -0.0119105 0.193693 0.449358 1 0 0
v -0.0111308 0.192421 0.449358 1 0 0
v -0.0101615 0.191286 0.449358 1 0 0
v -0.00902673 0.190317 0.449358 1 0 0
v -0.00775427 0.189537 0.449358 1 0 0
v -0.00637549 0.188966 0.449358 1 0 0
v -0.00492434 0.188618 0.449358 1 0 0
v -0.00343656 0.188501 0.449358 1 0 0
v -0.00194878 0.188618 0.449358 1 0 0
v -0.000497634 0.188966 0.449358 1 0 0
v 0.000881146 0.189537 0.449358 1 0 0
v 0.00215361 0.190317 0.449358 1 0 0
v 0.00328842 0.191286 0.449358 1 0 0
v 0.00425765 0.192421 0.449358 1 0 0
v 0.00503742 0.193693 0.449358 1 0 0
v 0.00560852 0.195072 0.449358 1 0 0
v 0.00595691 0.196523 0.449358 1 0 0
v 0.00547351 0.198011 0.447908 1 0 0
v 0.00536381 0.199405 0.447908 1 0 0
v 0.00503742 0.200764 0.447908 1 0 0
v 0.00450237 0.202056 0.447908 1 0 0
v 0.00377183 0.203248 0.447908 1 0 0
v 0.00286381 0.204311 0.447908 1 0 0
v 0.00180064 0.205219 0.447908 1 0 0
v 0.000608525 0.20595 0.447908 1 0 0
v -0.000683199 0.206485 0.447908 1 0 0
v -0.00204272 0.206811 0.447908 1 0 0
v -0.00343656 0.206921 0.447908 1 0 0
v -0.0048304 0.206811 0.447908 1 0 0
v -0.00618992 0.206485 0.447908 1 0 0
v -0.00748165 0.20595 0.447908 1 0 0
v -0.00867377 0.205219 0.447908 1 0 0
v -0.00973693 0.204311 0.447908 1 0 0
v -0.010645 0.203248 0.447908 1 0 0
v -0.0113755 0.202056 0.447908 1 0 0
v -0.0119105 0.200764 0.447908 1 0 0
v -0.0122369 0.199405 0.447908 1 0 0
v -0.0123466 0.198011 0.447908 1 0 0
v -0.0122369 0.196617 0.447908 1 0 0
v -0.0119105 0.195258 0.447908 1 0 0
v -0.0113755 0.193966 0.447908 1 0 0
v -0.010645 0.192774 0.447908 1 0 0
v -0.00973693 0.191711 0.447908 1 0 0
v -0.00867377 0.190803 0.447908 1 0 0
v -0.00748165 0.190072 0.447908 1 0 0
v -0.00618992 0.189537 0.447908 1 0 0
v -0.0048304 0.189211 0.447908 1 0 0
v -0.00343656 0.189101 0.447908 1 0 0
v -0.00204272 0.189211 0.447908 1 0 0
v -0.000683199 0.189537 0.447908 1 0 0
v 0.000608525 0.190072 0.447908 1 0 0
v 0.00180064 0.190803 0.447908 1 0 0
v 0.00286381 0.191711 0.447908 1 0 0
v 0.00377183 0.192774 0.447908 1 0 0
v 0.00450237 0.193966 0.447908 1 0 0
v 0.00503742 0.195258 0.447908 1 0 0
v 0.00536381 0.196617 0.447908 1 0 0
v 0.00465361 0.198011 0.446571 1 0 0
v 0.00455401 0.199277 0.446571 1 0 0
v 0.00425765 0.200511 0.446571 1 0 0
v 0.00377183 0.201684 0.446571 1 0 0
v 0.00310852 0.202766 0.446571 1 0 0
v 0.00228405 0.203732 0.446571 1 0 0
v 0.00131872 0.204556 0.446571 1 0 0
v 0.0002363 0.205219 0.446571 1 0 0
v -0.00093656 0.205705 0.446571 1 0 0
v -0.00217098 0.206002 0.446571 1 0 0
v -0.00343656 0.206101 0.446571 1 0 0
v -0.00470214 0.206002 0.446571 1 0 0
v -0.00593656 0.205705 0.446571 1 0 0
v -0.00710942 0.205219 0.446571 1 0 0
v -0.00819184 0.204556 0.446571 1 0 0
v -0.00915717 0.203732 0.446571 1 0 0
v -0.00998165 0.202766 0.446571 1 0 0
v -0.010645 0.201684 0.446571 1 0 0
v -0.0111308 0.200511 0.446571 1 0 0
v -0.0114271 0.199277 0.446571 1 0 0
v -0.0115267 0.198011 0.446571 1 0 0
v -0.0114271 0.196746 0.446571 1 0 0
v -0.0111308 0.195511 0.446571 1 0 0
v -0.010645 0.194338 0.446571 1 0 0
v -0.00998165 0.193256 0.446571 1 0 0
v -0.00915717 0.19229 0.446571 1 0 0
v -0.00819184 0.191466 0.446571 1 0 0
v -0.00710942 0.190803 0.446571 1 0 0
v -0.00593656 0.190317 0.446571 1 0 0
v -0.00470214 0.190021 0.446571 1 0 0
v -0.00343656 0.189921 0.446571 1 0 0
v -0.00217098 0.190021 0.446571 1 0 0
v -0.00093656 0.190317 0.446571 1 0 0
v 0.0002363 0.190803 0.446571 1 0 0
v 0.00131872 0.191466 0.446571 1 0 0
v 0.00228405 0.19229 0.446571 1 0 0
v 0.00310852 0.193256 0.446571 1 0 0
v 0.00377183 0.194338 0.446571 1 0 0
v 0.00425765 0.195511 0.446571 1 0 0
v 0.00455401 0.196746 0.446571 1 0 0
v 0.00363451 0.198011 0.445377 1 0 0
v 0.00354745 0.199117 0.445377 1 0 0
v 0.00328842 0.200196 0.445377 1 0 0
v 0.00286381 0.201221 0.445377 1 0 0
v 0.00228405 0.202167 0.445377 1 0 0
v 0.00156344 0.203011 0.445377 1 0 0
v 0.000719709 0.203732 0.445377 1 0 0
v -0.000226363 0.204311 0.445377 1 0 0
v -0.00125148 0.204736 0.445377 1 0 0
v -0.0023304 0.204995 0.445377 1 0 0
v -0.00343656 0.205082 0.445377 1 0 0
v -0.00454272 0.204995 0.445377 1 0 0
v -0.00562164 0.204736 0.445377 1 0 0
v -0.00664676 0.204311 0.445377 1 0 0
v -0.00759283 0.203732 0.445377 1 0 0
v -0.00843656 0.203011 0.445377 1 0 0
v -0.00915717 0.202167 0.445377 1 0 0
v -0.00973693 0.201221 0.445377 1 0 0
v -0.0101615 0.200196 0.445377 1 0 0
v -0.0104206 0.199117 0.445377 1 0 0
v -0.0105076 0.198011 0.445377 1 0 0
v -0.0104206 0.196905 0.445377 1 0 0
v -0.0101615 0.195826 0.445377 1 0 0
v -0.00973693 0.194801 0.445377 1 0 0
v -0.00915717 0.193855 0.445377 1 0 0
v -0.00843656 0.193011 0.445377 1 0 0
v -0.00759283 0.19229 0.445377 1 0 0
v -0.00664676 0.191711 0.445377 1 0 0
v -0.00562164 0.191286 0.445377 1 0 0
v -0.00454272 0.191027 0.445377 1 0 0
v -0.00343656 0.19094 0.445377 1 0 0
v -0.0023304 0.191027 0.445377 1 0 0
v -0.00125148 0.191286 0.445377 1 0 0
v -0.000226363 0.191711 0.445377 1 0 0
v 0.000719709 0.19229 0.445377 1 0 0
v 0.00156344 0.193011 0.445377 1 0 0
v 0.00228405 0.193855 0.445377 1 0 0
v 0.00286381 0.194801 0.445377 1 0 0
v 0.00328842 0.195826 0.445377 1 0 0
v 0.00354745 0.196905 0.445377 1 0 0
v 0.00244129 0.198011 0.444358 1 0 0
v 0.00236893 0.198931 0.444358 1 0 0
v 0.00215361 0.199827 0.444358 1 0 0
v 0.00180064 0.20068 0.444358 1 0 0
v 0.00131872 0.201466 0.444358 1 0 0
v 0.000719709 0.202167 0.444358 1 0 0
v 1.83548e-05 0.202766 0.444358 1 0 0
v -0.000768071 0.203248 0.444358 1 0 0
v -0.0016202 0.203601 0.444358 1 0 0
v -0.00251706 0.203817 0.444358 1 0 0
v -0.00343656 0.203889 0.444358 1 0 0
v -0.00435606 0.203817 0.444358 1 0 0
v -0.00525292 0.203601 0.444358 1 0 0
v -0.00610505 0.203248 0.444358 1 0 0
v -0.00689148 0.202766 0.444358 1 0 0
v -0.00759283 0.202167 0.444358 1 0 0
v -0.00819184 0.201466 0.444358 1 0 0
v -0.00867377 0.20068 0.444358 1 0 0
v -0.00902673 0.199827 0.444358 1 0 0
v -0.00924205 0.198931 0.444358 1 0 0
v -0.00931441 0.198011 0.444358 1 0 0
v -0.00924205 0.197092 0.444358 1 0 0
v -0.00902673 0.196195 0.444358 1 0 0
v -0.00867377 0.195343 0.444358 1 0 0
v -0.00819184 0.194556 0.444358 1 0 0
v -0.00759283 0.193855 0.444358 1 0 0
v -0.00689148 0.193256 0.444358 1 0 0
v -0.00610505 0.192774 0.444358 1 0 0
v -0.00525292 0.192421 0.444358 1 0 0
v -0.00435606 0.192206 0.444358 1 0 0
v -0.00343656 0.192133 0.444358 1 0 0
v -0.00251706 0.192206 0.444358 1 0 0
v -0.0016202 0.192421 0.444358 1 0 0
v -0.000768071 0.192774 0.444358 1 0 0
v 1.83548e-05 0.193256 0.444358 1 0 0
v 0.000719709 0.193855 0.444358 1 0 0
v 0.00131872 0.194556 0.444358 1 0 0
v 0.00180064 0.195343 0.444358 1 0 0
v 0.00215361 0.196195 0.444358 1 0 0
v 0.00236893 0.197092 0.444358 1 0 0
v 0.00110334 0.198011 0.443538 1 0 0
v 0.00104745 0.198721 0.443538 1 0 0
v 0.000881146 0.199414 0.443538 1 0 0
v 0.000608525 0.200072 0.443538 1 0 0
v 0.0002363 0.20068 0.443538 1 0 0
v -0.000226363 0.201221 0.443538 1 0 0
v -0.000768071 0.201684 0.443538 1 0 0
v -0.00137549 0.202056 0.443538 1 0 0
v -0.00203365 0.202329 0.443538 1 0 0
v -0.00272636 0.202495 0.443538 1 0 0
v -0.00343656 0.202551 0.443538 1 0 0
v -0.00414676 0.202495 0.443538 1 0 0
v -0.00483947 0.202329 0.443538 1 0 0
v -0.00549763 0.202056 0.443538 1 0 0
v -0.00610505 0.201684 0.443538 1 0 0
v -0.00664676 0.201221 0.443538 1 0 0
v -0.00710942 0.20068 0.443538 1 0 0
v -0.00748165 0.200072 0.443538 1 0 0
v -0.00775427 0.199414 0.443538 1 0 0
v -0.00792057 0.198721 0.443538 1 0 0
v -0.00797647 0.198011 0.443538 1 0 0
v -0.00792057 0.197301 0.443538 1 0 0
v -0.00775427 0.196608 0.443538 1 0 0
v -0.00748165 0.19595 0.443538 1 0 0
v -0.00710942 0.195343 0.443538 1 0 0
v -0.00664676 0.194801 0.443538 1 0 0
v -0.00610505 0.194338 0.443538 1 0 0
v -0.00549763 0.193966 0.443538 1 0 0
v -0.00483947 0.193693 0.443538 1 0 0
v -0.00414676 0.193527 0.443538 1 0 0
v -0.00343656 0.193471 0.443538 1 0 0
v -0.00272636 0.193527 0.443538 1 0 0
v -0.00203365 0.193693 0.443538 1 0 0
v -0.00137549 0.193966 0.443538 1 0 0
v -0.000768071 0.194338 0.443538 1 0 0
v -0.000226363 0.194801 0.443538 1 0 0
v 0.0002363 0.195343 0.443538 1 0 0
v 0.000608525 0.19595 0.443538 1 0 0
v 0.000881146 0.196608 0.443538 1 0 0
v 0.00104745 0.197301 0.443538 1 0 0
v -0.00034639 0.198011 0.442938 1 0 0
v -0.000384435 0.198495 0.442938 1 0 0
v -0.000497634 0.198966 0.442938 1 0 0
v -0.000683199 0.199414 0.442938 1 0 0
v -0.00093656 0.199827 0.442938 1 0 0
v -0.00125148 0.200196 0.442938 1 0 0
v -0.0016202 0.200511 0.442938 1 0 0
v -0.00203365 0.200764 0.442938 1 0 0
v -0.00248165 0.20095 0.442938 1 0 0
v -0.00295315 0.201063 0.442938 1 0 0
v -0.00343656 0.201101 0.442938 1 0 0
v -0.00391997 0.201063 0.442938 1 0 0
v -0.00439148 0.20095 0.442938 1 0 0
v -0.00483947 0.200764 0.442938 1 0 0
v -0.00525292 0.200511 0.442938 1 0 0
v -0.00562164 0.200196 0.442938 1 0 0
v -0.00593656 0.199827 0.442938 1 0 0
v -0.00618992 0.199414 0.442938 1 0 0
v -0.00637549 0.198966 0.442938 1 0 0
v -0.00648869 0.198495 0.442938 1 0 0
v -0.00652673 0.198011 0.442938 1 0 0
v -0.00648869 0.197528 0.442938 1 0 0
v -0.00637549 0.197056 0.442938 1 0 0
v -0.00618992 0.196608 0.442938 1 0 0
v -0.00593656 0.196195 0.442938 1 0 0
v -0.00562164 0.195826 0.442938 1 0 0
v -0.00525292 0.195511 0.442938 1 0 0
v -0.00483947 0.195258 0.442938 1 0 0
v -0.00439148 0.195072 0.442938 1 0 0
v -0.00391997 0.194959 0.442938 1 0 0
v -0.00343656 0.194921 0.442938 1 0 0
v -0.00295315 0.194959 0.442938 1 0 0
v -0.00248165 0.195072 0.442938 1 0 0
v -0.00203365 0.195258 0.442938 1 0 0
v -0.0016202 0.195511 0.442938 1 0 0
v -0.00125148 0.195826 0.442938 1 0 0
v -0.00093656 0.196195 0.442938 1 0 0
v -0.000683199 0.196608 0.442938 1 0 0
v -0.000497634 0.197056 0.442938 1 0 0
v -0.000384435 0.197528 0.442938 1 0 0
v -0.00187222 0.198011 0.442571 1 0 0
v -0.00189148 0.198256 0.442571 1 0 0
v -0.00194878 0.198495 0.442571 1 0 0
v -0.00204272 0.198721 0.442571 1 0 0
v -0.00217098 0.198931 0.442571 1 0 0
v -0.0023304 0.199117 0.442571 1 0 0
v -0.00251706 0.199277 0.442571 1 0 0
v -0.00272636 0.199405 0.442571 1 0 0
v -0.00295315 0.199499 0.442571 1 0 0
v -0.00319184 0.199556 0.442571 1 0 0
v -0.00343656 0.199575 0.442571 1 0 0
v -0.00368128 0.199556 0.442571 1 0 0
v -0.00391997 0.199499 0.442571 1 0 0
v -0.00414676 0.199405 0.442571 1 0 0
v -0.00435606 0.199277 0.442571 1 0 0
v -0.00454272 0.199117 0.442571 1 0 0
v -0.00470214 0.198931 0.442571 1 0 0
v -0.0048304 0.198721 0.442571 1 0 0
v -0.00492434 0.198495 0.442571 1 0 0
v -0.00498165 0.198256 0.442571 1 0 0
v -0.0050009 0.198011 0.442571 1 0 0
v -0.00498165 0.197766 0.442571 1 0 0
v -0.00492434 0.197528 0.442571 1 0 0
v -0.0048304 0.197301 0.442571 1 0 0
v -0.00470214 0.197092 0.442571 1 0 0
v -0.00454272 0.196905 0.442571 1 0 0
v -0.00435606 0.196746 0.442571 1 0 0
v -0.00414676 0.196617 0.442571 1 0 0
v -0.00391997 0.196523 0.442571 1 0 0
v -0.00368128 0.196466 0.442571 1 0 0
v -0.00343656 0.196447 0.442571 1 0 0
v -0.00319184 0.196466 0.442571 1 0 0
v -0.00295315 0.196523 0.442571 1 0 0
v -0.00272636 0.196617 0.442571 1 0 0
v -0.00251706 0.196746 0.442571 1 0 0
v -0.0023304 0.196905 0.442571 1 0 0
v -0.00217098 0.197092 0.442571 1 0 0
v -0.00204272 0.197301 0.442571 1 0 0
v -0.00194878 0.197528 0.442571 1 0 0
v -0.00189148 0.197766 0.442571 1 0 0
v -0.00881105 0.794168 0.459215 1 0 0
v -0.00881105 0.794168 0.439215 1 0 0
v -0.00724671 0.794168 0.459092 1 0 0
v -0.00726596 0.794412 0.459092 1 0 0
v -0.00732327 0.794651 0.459092 1 0 0
v -0.00741721 0.794878 0.459092 1 0 0
v -0.00754547 0.795087 0.459092 1 0 0
v -0.00770489 0.795274 0.459092 1 0 0
v -0.00789155 0.795433 0.459092 1 0 0
v -0.00810085 0.795562 0.459092 1 0 0
v -0.00832764 0.795656 0.459092 1 0 0
v -0.00856633 0.795713 0.459092 1 0 0
v -0.00881105 0.795732 0.459092 1 0 0
v -0.00905577 0.795713 0.459092 1 0 0
v -0.00929446 0.795656 0.459092 1 0 0
v -0.00952125 0.795562 0.459092 1 0 0
v -0.00973055 0.795433 0.459092 1 0 0
v -0.00991721 0.795274 0.459092 1 0 0
v -0.0100766 0.795087 0.459092 1 0 0
v -0.0102049 0.794878 0.459092 1 0 0
v -0.0102988 0.794651 0.459092 1 0 0
v -0.0103561 0.794412 0.459092 1 0 0
v -0.0103754 0.794168 0.459092 1 0 0
v -0.0103561 0.793923 0.459092 1 0 0
v -0.0102988 0.793684 0.459092 1 0 0
v -0.0102049 0.793458 0.459092 1 0 0
v -0.0100766 0.793248 0.459092 1 0 0
v -0.00991721 0.793062 0.459092 1 0 0
v -0.00973055 0.792902 0.459092 1 0 0
v -0.00952125 0.792774 0.459092 1 0 0
v -0.00929446 0.79268 0.459092 1 0 0
v -0.00905577 0.792623 0.459092 1 0 0
v -0.00881105 0.792603 0.459092 1 0 0
v -0.00856633 0.792623 0.459092 1 0 0
v -0.00832764 0.79268 0.459092 1 0 0
v -0.00810085 0.792774 0.459092 1 0 0
v -0.00789155 0.792902 0.459092 1 0 0
v -0.00770489 0.793062 0.459092 1 0 0
v -0.00754547 0.793248 0.459092 1 0 0
v -0.00741721 0.793458 0.459092 1 0 0
v -0.00732327 0.793684 0.459092 1 0 0
v -0.00726596 0.793923 0.459092 1 0 0
v -0.00572088 0.794168 0.458726 1 0 0
v -0.00575893 0.794651 0.458726 1 0 0
v -0.00587212 0.795123 0.458726 1 0 0
v -0.00605769 0.795571 0.458726 1 0 0
v -0.00631105 0.795984 0.458726 1 0 0
v -0.00662597 0.796353 0.458726 1 0 0
v -0.00699469 0.796668 0.458726 1 0 0
v -0.00740814 0.796921 0.458726 1 0 0
v -0.00785613 0.797107 0.458726 1 0 0
v -0.00832764 0.79722 0.458726 1 0 0
v -0.00881105 0.797258 0.458726 1 0 0
v -0.00929446 0.79722 0.458726 1 0 0
v -0.00976596 0.797107 0.458726 1 0 0
v -0.010214 0.796921 0.458726 1 0 0
v -0.0106274 0.796668 0.458726 1 0 0
v -0.0109961 0.796353 0.458726 1 0 0
v -0.011311 0.795984 0.458726 1 0 0
v -0.0115644 0.795571 0.458726 1 0 0
v -0.01175 0.795123 0.458726 1 0 0
v -0.0118632 0.794651 0.458726 1 0 0
v -0.0119012 0.794168 0.458726 1 0 0
v -0.0118632 0.793684 0.458726 1 0 0
v -0.01175 0.793213 0.458726 1 0 0
v -0.0115644 0.792765 0.458726 1 0 0
v -0.011311 0.792351 0.458726 1 0 0
v -0.0109961 0.791983 0.458726 1 0 0
v -0.0106274 0.791668 0.458726 1 0 0
v -0.010214 0.791414 0.458726 1 0 0
v -0.00976596 0.791229 0.458726 1 0 0
v -0.00929446 0.791116 0.458726 1 0 0
v -0.00881105 0.791078 0.458726 1 0 0
v -0.00832764 0.791116 0.458726 1 0 0
v -0.00785613 0.791229 0.458726 1 0 0
v -0.00740814 0.791414 0.458726 1 0 0
v -0.00699469 0.791668 0.458726 1 0 0
v -0.00662597 0.791983 0.458726 1 0 0
v -0.00631105 0.792351 0.458726 1 0 0
v -0.00605769 0.792765 0.458726 1 0 0
v -0.00587212 0.793213 0.458726 1 0 0
v -0.00575893 0.793684 0.458726 1 0 0
v -0.00427114 0.794168 0.458125 1 0 0
v -0.00432704 0.794878 0.458125 1 0 0
v -0.00449334 0.795571 0.458125 1 0 0
v -0.00476596 0.796229 0.458125 1 0 0
v -0.00513819 0.796836 0.458125 1 0 0
v -0.00560085 0.797378 0.458125 1 0 0
v -0.00614256 0.797841 0.458125 1 0 0
v -0.00674998 0.798213 0.458125 1 0 0
v -0.00740814 0.798485 0.458125 1 0 0
v -0.00810085 0.798652 0.458125 1 0 0
v -0.00881105 0.798708 0.458125 1 0 0
v -0.00952125 0.798652 0.458125 1 0 0
v -0.010214 0.798485 0.458125 1 0 0
v -0.0108721 0.798213 0.458125 1 0 0
v -0.0114795 0.797841 0.458125 1 0 0
v -0.0120212 0.797378 0.458125 1 0 0
v -0.0124839 0.796836 0.458125 1 0 0
v -0.0128561 0.796229 0.458125 1 0 0
v -0.0131288 0.795571 0.458125 1 0 0
v -0.0132951 0.794878 0.458125 1 0 0
v -0.013351 0.794168 0.458125 1 0 0
v -0.0132951 0.793458 0.458125 1 0 0
v -0.0131288 0.792765 0.458125 1 0 0
v -0.0128561 0.792107 0.458125 1 0 0
v -0.0124839 0.791499 0.458125 1 0 0
v -0.0120212 0.790958 0.458125 1 0 0
v -0.0114795 0.790495 0.458125 1 0 0
v -0.0108721 0.790123 0.458125 1 0 0
v -0.010214 0.78985 0.458125 1 0 0
v -0.00952125 0.789684 0.458125 1 0 0
v -0.00881105 0.789628 0.458125 1 0 0
v -0.00810085 0.789684 0.458125 1 0 0
v -0.00740814 0.78985 0.458125 1 0 0
v -0.00674998 0.790123 0.458125 1 0 0
v -0.00614256 0.790495 0.458125 1 0 0
v -0.00560085 0.790958 0.458125 1 0 0
v -0.00513819 0.791499 0.458125 1 0 0
v -0.00476596 0.792107 0.458125 1 0 0
v -0.00449334 0.792765 0.458125 1 0 0
v -0.00432704 0.793458 0.458125 1 0 0
v -0.0029332 0.794168 0.457305 1 0 0
v -0.00300556 0.795087 0.457305 1 0 0
v -0.00322088 0.795984 0.457305 1 0 0
v -0.00357384 0.796836 0.457305 1 0 0
v -0.00405577 0.797623 0.457305 1 0 0
v -0.00465478 0.798324 0.457305 1 0 0
v -0.00535613 0.798923 0.457305 1 0 0
v -0.00614256 0.799405 0.457305 1 0 0
v -0.00699469 0.799758 0.457305 1 0 0
v -0.00789155 0.799973 0.457305 1 0 0
v -0.00881105 0.800046 0.457305 1 0 0
v -0.00973055 0.799973 0.457305 1 0 0
v -0.0106274 0.799758 0.457305 1 0 0
v -0.0114795 0.799405 0.457305 1 0 0
v -0.012266 0.798923 0.457305 1 0 0
v -0.0129673 0.798324 0.457305 1 0 0
v -0.0135663 0.797623 0.457305 1 0 0
v -0.0140483 0.796836 0.457305 1 0 0
v -0.0144012 0.795984 0.457305 1 0 0
v -0.0146165 0.795087 0.457305 1 0 0
v -0.0146889 0.794168 0.457305 1 0 0
v -0.0146165 0.793248 0.457305 1 0 0
v -0.0144012 0.792351 0.457305 1 0 0
v -0.0140483 0.791499 0.457305 1 0 0
v -0.0135663 0.790713 0.457305 1 0 0
v -0.0129673 0.790011 0.457305 1 0 0
v -0.012266 0.789412 0.457305 1 0 0
v -0.0114795 0.788931 0.457305 1 0 0
v -0.0106274 0.788578 0.457305 1 0 0
v -0.00973055 0.788362 0.457305 1 0 0
v -0.00881105 0.78829 0.457305 1 0 0
v -0.00789155 0.788362 0.457305 1 0 0
v -0.00699469 0.788578 0.457305 1 0 0
v -0.00614256 0.788931 0.457305 1 0 0
v -0.00535613 0.789412 0.457305 1 0 0
v -0.00465478 0.790011 0.457305 1 0 0
v -0.00405577 0.790713 0.457305 1 0 0
v -0.00357384 0.791499 0.457305 1 0 0
v -0.00322088 0.792351 0.457305 1 0 0
v -0.00300556 0.793248 0.457305 1 0 0
v -0.00173998 0.794168 0.456286 1 0 0
v -0.00182704 0.795274 0.456286 1 0 0
v -0.00208606 0.796353 0.456286 1 0 0
v -0.00251068 0.797378 0.456286 1 0 0
v -0.00309044 0.798324 0.456286 1 0 0
v -0.00381105 0.799168 0.456286 1 0 0
v -0.00465478 0.799888 0.456286 1 0 0
v -0.00560085 0.800468 0.456286 1 0 0
v -0.00662597 0.800893 0.456286 1 0 0
v -0.00770489 0.801152 0.456286 1 0 0
v -0.00881105 0.801239 0.456286 1 0 0
v -0.00991721 0.801152 0.456286 1 0 0
v -0.0109961 0.800893 0.456286 1 0 0
v -0.0120212 0.800468 0.456286 1 0 0
v -0.0129673 0.799888 0.456286 1 0 0
v -0.013811 0.799168 0.456286 1 0 0
v -0.0145317 0.798324 0.456286 1 0 0
v -0.0151114 0.797378 0.456286 1 0 0
v -0.015536 0.796353 0.456286 1 0 0
v -0.0157951 0.795274 0.456286 1 0 0
v -0.0158821 0.794168 0.456286 1 0 0
v -0.0157951 0.793062 0.456286 1 0 0
v -0.015536 0.791983 0.456286 1 0 0
v -0.0151114 0.790958 0.456286 1 0 0
v -0.0145317 0.790011 0.456286 1 0 0
v -0.013811 0.789168 0.456286 1 0 0
v -0.0129673 0.788447 0.456286 1 0 0
v -0.0120212 0.787867 0.456286 1 0 0
v -0.0109961 0.787443 0.456286 1 0 0
v -0.00991721 0.787184 0.456286 1 0 0
v -0.00881105 0.787097 0.456286 1 0 0
v -0.00770489 0.787184 0.456286 1 0 0
v -0.00662597 0.787443 0.456286 1 0 0
v -0.00560085 0.787867 0.456286 1 0 0
v -0.00465478 0.788447 0.456286 1 0 0
v -0.00381105 0.789168 0.456286 1 0 0
v -0.00309044 0.790011 0.456286 1 0 0
v -0.00251068 0.790958 0.456286 1 0 0
v -0.00208606 0.791983 0.456286 1 0 0
v -0.00182704 0.793062 0.456286 1 0 0
v -0.00072088 0.794168 0.455093 1 0 0
v -0.000820483 0.795433 0.455093 1 0 0
v -0.00111684 0.796668 0.455093 1 0 0
v -0.00160266 0.797841 0.455093 1 0 0
v -0.00226596 0.798923 0.455093 1 0 0
v -0.00309044 0.799888 0.455093 1 0 0
v -0.00405577 0.800713 0.455093 1 0 0
v -0.00513819 0.801376 0.455093 1 0 0
v -0.00631105 0.801862 0.455093 1 0 0
v -0.00754547 0.802158 0.455093 1 0 0
v -0.00881105 0.802258 0.455093 1 0 0
v -0.0100766 0.802158 0.455093 1 0 0
v -0.011311 0.801862 0.455093 1 0 0
v -0.0124839 0.801376 0.455093 1 0 0
v -0.0135663 0.800713 0.455093 1 0 0
v -0.0145317 0.799888 0.455093 1 0 0
v -0.0153561 0.798923 0.455093 1 0 0
v -0.0160194 0.797841 0.455093 1 0 0
v -0.0165053 0.796668 0.455093 1 0 0
v -0.0168016 0.795433 0.455093 1 0 0
v -0.0169012 0.794168 0.455093 1 0 0
v -0.0168016 0.792902 0.455093 1 0 0
v -0.0165053 0.791668 0.455093 1 0 0
v -0.0160194 0.790495 0.455093 1 0 0
v -0.0153561 0.789412 0.455093 1 0 0
v -0.0145317 0.788447 0.455093 1 0 0
v -0.0135663 0.787623 0.455093 1 0 0
v -0.0124839 0.786959 0.455093 1 0 0
v -0.011311 0.786474 0.455093 1 0 0
v -0.0100766 0.786177 0.455093 1 0 0
v -0.00881105 0.786078 0.455093 1 0 0
v -0.00754547 0.786177 0.455093 1 0 0
v -0.00631105 0.786474 0.455093 1 0 0
v -0.00513819 0.786959 0.455093 1 0 0
v -0.00405577 0.787623 0.455093 1 0 0
v -0.00309044 0.788447 0.455093 1 0 0
v -0.00226596 0.789412 0.455093 1 0 0
v -0.00160266 0.790495 0.455093 1 0 0
v -0.00111684 0.791668 0.455093 1 0 0
v -0.000820483 0.792902 0.455093 1 0 0
v 9.90154e-05 0.794168 0.453755 1 0 0
v -1.06823e-05 0.795562 0.453755 1 0 0
v -0.000337074 0.796921 0.453755 1 0 0
v -0.000872124 0.798213 0.453755 1 0 0
v -0.00160266 0.799405 0.453755 1 0 0
v -0.00251068 0.800468 0.453755 1 0 0
v -0.00357384 0.801376 0.453755 1 0 0
v -0.00476596 0.802107 0.453755 1 0 0
v -0.00605769 0.802642 0.453755 1 0 0
v -0.00741721 0.802968 0.453755 1 0 0
v -0.00881105 0.803078 0.453755 1 0 0
v -0.0102049 0.802968 0.453755 1 0 0
v -0.0115644 0.802642 0.453755 1 0 0
v -0.0128561 0.802107 0.453755 1 0 0
v -0.0140483 0.801376 0.453755 1 0 0
v -0.0151114 0.800468 0.453755 1 0 0
v -0.0160194 0.799405 0.453755 1 0 0
v -0.01675 0.798213 0.453755 1 0 0
v -0.017285 0.796921 0.453755 1 0 0
v -0.0176114 0.795562 0.453755 1 0 0
v -0.0177211 0.794168 0.453755 1 0 0
v -0.0176114 0.792774 0.453755 1 0 0
v -0.017285 0.791414 0.453755 1 0 0
v -0.01675 0.790123 0.453755 1 0 0
v -0.0160194 0.788931 0.453755 1 0 0
v -0.0151114 0.787867 0.453755 1 0 0
v -0.0140483 0.786959 0.453755 1 0 0
v -0.0128561 0.786229 0.453755 1 0 0
v -0.0115644 0.785694 0.453755 1 0 0
v -0.0102049 0.785367 0.453755 1 0 0
v -0.00881105 0.785258 0.453755 1 0 0
v -0.00741721 0.785367 0.453755 1 0 0
v -0.00605769 0.785694 0.453755 1 0 0
v -0.00476596 0.786229 0.453755 1 0 0
v -0.00357384 0.786959 0.453755 1 0 0
v -0.00251068 0.787867 0.453755 1 0 0
v -0.00160266 0.788931 0.453755 1 0 0
v -0.000872124 0.790123 0.453755 1 0 0
v -0.000337074 0.791414 0.453755 1 0 0
v -1.06823e-05 0.792774 0.453755 1 0 0
v 0.000699515 0.794168 0.452305 1 0 0
v 0.000582424 0.795656 0.452305 1 0 0
v 0.000234035 0.797107 0.452305 1 0 0
v -0.000337074 0.798485 0.452305 1 0 0
v -0.00111684 0.799758 0.452305 1 0 0
v -0.00208606 0.800893 0.452305 1 0 0
v -0.00322088 0.801862 0.452305 1 0 0
v -0.00449334 0.802642 0.452305 1 0 0
v -0.00587212 0.803213 0.452305 1 0 0
v -0.00732327 0.803561 0.452305 1 0 0
v -0.00881105 0.803678 0.452305 1 0 0
v -0.0102988 0.803561 0.452305 1 0 0
v -0.01175 0.803213 0.452305 1 0 0
v -0.0131288 0.802642 0.452305 1 0 0
v -0.0144012 0.801862 0.452305 1 0 0
v -0.015536 0.800893 0.452305 1 0 0
v -0.0165053 0.799758 0.452305 1 0 0
v -0.017285 0.798485 0.452305 1 0 0
v -0.0178561 0.797107 0.452305 1 0 0
v -0.0182045 0.795656 0.452305 1 0 0
v -0.0183216 0.794168 0.452305 1 0 0
v -0.0182045 0.79268 0.452305 1 0 0
v -0.0178561 0.791229 0.452305 1 0 0
v -0.017285 0.78985 0.452305 1 0 0
v -0.0165053 0.788578 0.452305 1 0 0
v -0.015536 0.787443 0.452305 1 0 0
v -0.0144012 0.786474 0.452305 1 0 0
v -0.0131288 0.785694 0.452305 1 0 0
v -0.01175 0.785123 0.452305 1 0 0
v -0.0102988 0.784774 0.452305 1 0 0
v -0.00881105 0.784657 0.452305 1 0 0
v -0.00732327 0.784774 0.452305 1 0 0
v -0.00587212 0.785123 0.452305 1 0 0
v -0.00449334 0.785694 0.452305 1 0 0
v -0.00322088 0.786474 0.452305 1 0 0
v -0.00208606 0.787443 0.452305 1 0 0
v -0.00111684 0.788578 0.452305 1 0 0
v -0.000337074 0.78985 0.452305 1 0 0
v 0.000234035 0.791229 0.452305 1 0 0
v 0.000582424 0.79268 0.452305 1 0 0
v 0.00106583 0.794168 0.450779 1 0 0
v 0.000944233 0.795713 0.450779 1 0 0
v 0.000582424 0.79722 0.450779 1 0 0
v -1.06823e-05 0.798652 0.450779 1 0 0
v -0.000820483 0.799973 0.450779 1 0 0
v -0.00182704 0.801152 0.450779 1 0 0
v -0.00300556 0.802158 0.450779 1 0 0
v -0.00432704 0.802968 0.450779 1 0 0
v -0.00575893 0.803561 0.450779 1 0 0
v -0.00726596 0.803923 0.450779 1 0 0
v -0.00881105 0.804045 0.450779 1 0 0
v -0.0103561 0.803923 0.450779 1 0 0
v -0.0118632 0.803561 0.450779 1 0 0
v -0.0132951 0.802968 0.450779 1 0 0
v -0.0146165 0.802158 0.450779 1 0 0
v -0.0157951 0.801152 0.450779 1 0 0
v -0.0168016 0.799973 0.450779 1 0 0
v -0.0176114 0.798652 0.450779 1 0 0
v -0.0182045 0.79722 0.450779 1 0 0
v -0.0185663 0.795713 0.450779 1 0 0
v -0.0186879 0.794168 0.450779 1 0 0
v -0.0185663 0.792623 0.450779 1 0 0
v -0.0182045 0.791116 0.450779 1 0 0
v -0.0176114 0.789684 0.450779 1 0 0
v -0.0168016 0.788362 0.450779 1 0 0
v -0.0157951 0.787184 0.450779 1 0 0
v -0.0146165 0.786177 0.450779 1 0 0
v -0.0132951 0.785367 0.450779 1 0 0
v -0.0118632 0.784774 0.450779 1 0 0
v -0.0103561 0.784412 0.450779 1 0 0
v -0.00881105 0.784291 0.450779 1 0 0
v -0.00726596 0.784412 0.450779 1 0 0
v -0.00575893 0.784774 0.450779 1 0 0
v -0.00432704 0.785367 0.450779 1 0 0
v -0.00300556 0.786177 0.450779 1 0 0
v -0.00182704 0.787184 0.450779 1 0 0
v -0.000820483 0.788362 0.450779 1 0 0
v -1.06823e-05 0.789684 0.450779 1 0 0
v 0.000582424 0.791116 0.450779 1 0 0
v 0.000944233 0.792623 0.450779 1 0 0
v 0.00118895 0.794168 0.449215 1 0 0
v 0.00106583 0.795732 0.449215 1 0 0
v 0.000699515 0.797258 0.449215 1 0 0
v 9.90154e-05 0.798708 0.449215 1 0 0
v -0.00072088 0.800046 0.449215 1 0 0
v -0.00173998 0.801239 0.449215 1 0 0
v -0.0029332 0.802258 0.449215 1 0 0
v -0.00427114 0.803078 0.449215 1 0 0
v -0.00572088 0.803678 0.449215 1 0 0
v -0.00724671 0.804045 0.449215 1 0 0
v -0.00881105 0.804168 0.449215 1 0 0
v -0.0103754 0.804045 0.449215 1 0 0
v -0.0119012 0.803678 0.449215 1 0 0
v -0.013351 0.803078 0.449215 1 0 0
v -0.0146889 0.802258 0.449215 1 0 0
v -0.0158821 0.801239 0.449215 1 0 0
v -0.0169012 0.800046 0.449215 1 0 0
v -0.0177211 0.798708 0.449215 1 0 0
v -0.0183216 0.797258 0.449215 1 0 0
v -0.0186879 0.795732 0.449215 1 0 0
v -0.018811 0.794168 0.449215 1 0 0
v -0.0186879 0.792603 0.449215 1 0 0
v -0.0183216 0.791078 0.449215 1 0 0
v -0.0177211 0.789628 0.449215 1 0 0
v -0.0169012 0.78829 0.449215 1 0 0
v -0.0158821 0.787097 0.449215 1 0 0
v -0.0146889 0.786078 0.449215 1 0 0
v -0.013351 0.785258 0.449215 1 0 0
v -0.0119012 0.784657 0.449215 1 0 0
v -0.0103754 0.784291 0.449215 1 0 0
v -0.00881105 0.784168 0.449215 1 0 0
v -0.00724671 0.784291 0.449215 1 0 0
v -0.00572088 0.784657 0.449215 1 0 0
v -0.00427114 0.785258 0.449215 1 0 0
v -0.0029332 0.786078 0.449215 1 0 0
v -0.00173998 0.787097 0.449215 1 0 0
v -0.00072088 0.78829 0.449215 1 0 0
v 9.90154e-05 0.789628 0.449215 1 0 0
v 0.000699515 0.791078 0.449215 1 0 0
v 0.00106583 0.792603 0.449215 1 0 0
v 0.00106583 0.794168 0.447651 1 0 0
v 0.000944233 0.795713 0.447651 1 0 0
v 0.000582424 0.79722 0.447651 1 0 0
v -1.06823e-05 0.798652 0.447651 1 0 0
v -0.000820483 0.799973 0.447651 1 0 0
v -0.00182704 0.801152 0.447651 1 0 0
v -0.00300556 0.802158 0.447651 1 0 0
v -0.00432704 0.802968 0.447651 1 0 0
v -0.00575893 0.803561 0.447651 1 0 0
v -0.00726596 0.803923 0.447651 1 0 0
v -0.00881105 0.804045 0.447651 1 0 0
v -0.0103561 0.803923 0.447651 1 0 0
v -0.0118632 0.803561 0.447651 1 0 0
v -0.0132951 0.802968 0.447651 1 0 0
v -0.0146165 0.802158 0.447651 1 0 0
v -0.0157951 0.801152 0.447651 1 0 0
v -0.0168016 0.799973 0.447651 1 0 0
v -0.0176114 0.798652 0.447651 1 0 0
v -0.0182045 0.79722 0.447651 1 0 0
v -0.0185663 0.795713 0.447651 1 0 0
v -0.0186879 0.794168 0.447651 1 0 0
v -0.0185663 0.792623 0.447651 1 0 0
v -0.0182045 0.791116 0.447651 1 0 0
v -0.0176114 0.789684 0.447651 1 0 0
v -0.0168016 0.788362 0.447651 1 0 0
v -0.0157951 0.787184 0.447651 1 0 0
v -0.0146165 0.786177 0.447651 1 0 0
v -0.0132951 0.785367 0.447651 1 0 0
v -0.0118632 0.784774 0.447651 1 0 0
v -0.0103561 0.784412 0.447651 1 0 0
v -0.00881105 0.784291 0.447651 1 0 0
v -0.00726596 0.784412 0.447651 1 0 0
v -0.00575893 0.784774 0.447651 1 0 0
v -0.00432704 0.785367 0.447651 1 0 0
v -0.00300556 0.786177 0.447651 1 0 0
v -0.00182704 0.787184 0.447651 1 0 0
v -0.000820483 0.788362 0.447651 1 0 0
v -1.06823e-05 0.789684 0.447651 1 0 0
v 0.000582424 0.791116 0.447651 1 0 0
v 0.000944233 0.792623 0.447651 1 0 0
v 0.000699515 0.794168 0.446125 1 0 0
v 0.000582424 0.795656 0.446125 1 0 0
v 0.000234035 0.797107 0.446125 1 0 0
v -0.000337074 0.798485 0.446125 1 0 0
v -0.00111684 0.799758 0.446125 1 0 0
v -0.00208606 0.800893 0.446125 1 0 0
v -0.00322088 0.801862 0.446125 1 0 0
v -0.00449334 0.802642 0.446125 1 0 0
v -0.00587212 0.803213 0.446125 1 0 0
v -0.00732327 0.803561 0.446125 1 0 0
v -0.00881105 0.803678 0.446125 1 0 0
v -0.0102988 0.803561 0.446125 1 0 0
v -0.01175 0.803213 0.446125 1 0 0
v -0.0131288 0.802642 0.446125 1 0 0
v -0.0144012 0.801862 0.446125 1 0 0
v -0.015536 0.800893 0.446125 1 0 0
v -0.0165053 0.799758 0.446125 1 0 0
v -0.017285 0.798485 0.446125 1 0 0
v -0.0178561 0.797107 0.446125 1 0 0
v -0.0182045 0.795656 0.446125 1 0 0
v -0.0183216 0.794168 0.446125 1 0 0
v -0.0182045 0.79268 0.446125 1 0 0
v -0.0178561 0.791229 0.446125 1 0 0
v -0.017285 0.78985 0.446125 1 0 0
v -0.0165053 0.788578 0.446125 1 0 0
v -0.015536 0.787443 0.446125 1 0 0
v -0.0144012 0.786474 0.446125 1 0 0
v -0.0131288 0.785694 0.446125 1 0 0
v -0.01175 0.785123 0.446125 1 0 0
v -0.0102988 0.784774 0.446125 1 0 0
v -0.00881105 0.784657 0.446125 1 0 0
v -0.00732327 0.784774 0.446125 1 0 0
v -0.00587212 0.785123 0.446125 1 0 0
v -0.00449334 0.785694 0.446125 1 0 0
v -0.00322088 0.786474 0.446125 1 0 0
v -0.00208606 0.787443 0.446125 1 0 0
v -0.00111684 0.788578 0.446125 1 0 0
v -0.000337074 0.78985 0.446125 1 0 0
v 0.000234035 0.791229 0.446125 1 0 0
v 0.000582424 0.79268 0.446125 1 0 0
v 9.90154e-05 0.794168 0.444675 1 0 0
v -1.06823e-05 0.795562 0.444675 1 0 0
v -0.000337074 0.796921 0.444675 1 0 0
v -0.000872124 0.798213 0.444675 1 0 0
v -0.00160266 0.799405 0.444675 1 0 0
v -0.00251068 0.800468 0.444675 1 0 0
v -0.00357384 0.801376 0.444675 1 0 0
v -0.00476596 0.802107 0.444675 1 0 0
v -0.00605769 0.802642 0.444675 1 0 0
v -0.00741721 0.802968 0.444675 1 0 0
v -0.00881105 0.803078 0.444675 1 0 0
v -0.0102049 0.802968 0.444675 1 0 0
v -0.0115644 0.802642 0.444675 1 0 0
v -0.0128561 0.802107 0.444675 1 0 0
v -0.0140483 0.801376 0.444675 1 0 0
v -0.0151114 0.800468 0.444675 1 0 0
v -0.0160194 0.799405 0.444675 1 0 0
v -0.01675 0.798213 0.444675 1 0 0
v -0.017285 0.796921 0.444675 1 0 0
v -0.0176114 0.795562 0.444675 1 0 0
v -0.0177211 0.794168 0.444675 1 0 0
v -0.0176114 0.792774 0.444675 1 0 0
v -0.017285 0.791414 0.444675 1 0 0
v -0.01675 0.790123 0.444675 1 0 0
v -0.0160194 0.788931 0.444675 1 0 0
v -0.0151114 0.787867 0.444675 1 0 0
v -0.0140483 0.786959 0.444675 1 0 0
v -0.0128561 0.786229 0.444675 1 0 0
v -0.0115644 0.785694 0.444675 1 0 0
v -0.0102049 0.785367 0.444675 1 0 0
v -0.00881105 0.785258 0.444675 1 0 0
v -0.00741721 0.785367 0.444675 1 0 0
v -0.00605769 0.785694 0.444675 1 0 0
v -0.00476596 0.786229 0.444675 1 0 0
v -0.00357384 0.786959 0.444675 1 0 0
v -0.00251068 0.787867 0.444675 1 0 0
v -0.00160266 0.788931 0.444675 1 0 0
v -0.000872124 0.790123 0.444675 1 0 0
v -0.000337074 0.791414 0.444675 1 0 0
v -1.06823e-05 0.792774 0.444675 1 0 0
v -0.00072088 0.794168 0.443337 1 0 0
v -0.000820483 0.795433 0.443337 1 0 0
v -0.00111684 0.796668 0.443337 1 0 0
v -0.00160266 0.797841 0.443337 1 0 0
v -0.00226596 0.798923 0.443337 1 0 0
v -0.00309044 0.799888 0.443337 1 0 0
v -0.00405577 0.800713 0.443337 1 0 0
v -0.00513819 0.801376 0.443337 1 0 0
v -0.00631105 0.801862 0.443337 1 0 0
v -0.00754547 0.802158 0.443337 1 0 0
v -0.00881105 0.802258 0.443337 1 0 0
v -0.0100766 0.802158 0.443337 1 0 0
v -0.011311 0.801862 0.443337 1 0 0
v -0.0124839 0.801376 0.443337 1 0 0
v -0.0135663 0.800713 0.443337 1 0 0
v -0.0145317 0.799888 0.443337 1 0 0
v -0.0153561 0.798923 0.443337 1 0 0
v -0.0160194 0.797841 0.443337 1 0 0
v -0.0165053 0.796668 0.443337 1 0 0
v -0.0168016 0.795433 0.443337 1 0 0
v -0.0169012 0.794168 0.443337 1 0 0
v -0.0168016 0.792902 0.443337 1 0 0
v -0.0165053 0.791668 0.443337 1 0 0
v -0.0160194 0.790495 0.443337 1 0 0
v -0.0153561 0.789412 0.443337 1 0 0
v -0.0145317 0.788447 0.443337 1 0 0
v -0.0135663 0.787623 0.443337 1 0 0
v -0.0124839 0.786959 0.443337 1 0 0
v -0.011311 0.786474 0.443337 1 0 0
v -0.0100766 0.786177 0.443337 1 0 0
v -0.00881105 0.786078 0.443337 1 0 0
v -0.00754547 0.786177 0.443337 1 0 0
v -0.00631105 0.786474 0.443337 1 0 0
v -0.00513819 0.786959 0.443337 1 0 0
v -0.00405577 0.787623 0.443337 1 0 0
v -0.00309044 0.788447 0.443337 1 0 0
v -0.00226596 0.789412 0.443337 1 0 0
v -0.00160266 0.790495 0.443337 1 0 0
v -0.00111684 0.791668 0.443337 1 0 0
v -0.000820483 0.792902 0.443337 1 0 0
v -0.00173998 0.794168 0.442144 1 0 0
v -0.00182704 0.795274 0.442144 1 0 0
v -0.00208606 0.796353 0.442144 1 0 0
v -0.00251068 0.797378 0.442144 1 0 0
v -0.00309044 0.798324 0.442144 1 0 0
v -0.00381105 0.799168 0.442144 1 0 0
v -0.00465478 0.799888 0.442144 1 0 0
v -0.00560085 0.800468 0.442144 1 0 0
v -0.00662597 0.800893 0.442144 1 0 0
v -0.00770489 0.801152 0.442144 1 0 0
v -0.00881105 0.801239 0.442144 1 0 0
v -0.00991721 0.801152 0.442144 1 0 0
v -0.0109961 0.800893 0.442144 1 0 0
v -0.0120212 0.800468 0.442144 1 0 0
v -0.0129673 0.799888 0.442144 1 0 0
v -0.013811 0.799168 0.442144 1 0 0
v -0.0145317 0.798324 0.442144 1 0 0
v -0.0151114 0.797378 0.442144 1 0 0
v -0.015536 0.796353 0.442144 1 0 0
v -0.0157951 0.795274 0.442144 1 0 0
v -0.0158821 0.794168 0.442144 1 0 0
v -0.0157951 0.793062 0.442144 1 0 0
v -0.015536 0.791983 0.442144 1 0 0
v -0.0151114 0.790958 0.442144 1 0 0
v -0.0145317 0.790011 0.442144 1 0 0
v -0.013811 0.789168 0.442144 1 0 0
v -0.0129673 0.788447 0.442144 1 0 0
v -0.0120212 0.787867 0.442144 1 0 0
v -0.0109961 0.787443 0.442144 1 0 0
v -0.00991721 0.787184 0.442144 1 0 0
v -0.00881105 0.787097 0.442144 1 0 0
v -0.00770489 0.787184 0.442144 1 0 0
v -0.00662597 0.787443 0.442144 1 0 0
v -0.00560085 0.787867 0.442144 1 0 0
v -0.00465478 0.788447 0.442144 1 0 0
v -0.00381105 0.789168 0.442144 1 0 0
v -0.00309044 0.790011 0.442144 1 0 0
v -0.00251068 0.790958 0.442144 1 0 0
v -0.00208606 0.791983 0.442144 1 0 0
v -0.00182704 0.793062 0.442144 1 0 0
v -0.0029332 0.794168 0.441125 1 0 0
v -0.00300556 0.795087 0.441125 1 0 0
v -0.00322088 0.795984 0.441125 1 0 0
v -0.00357384 0.796836 0.441125 1 0 0
v -0.00405577 0.797623 0.441125 1 0 0
v -0.00465478 0.798324 0.441125 1 0 0
v -0.00535613 0.798923 0.441125 1 0 0
v -0.00614256 0.799405 0.441125 1 0 0
v -0.00699469 0.799758 0.441125 1 0 0
v -0.00789155 0.799973 0.441125 1 0 0
v -0.00881105 0.800046 0.441125 1 0 0
v -0.00973055 0.799973 0.441125 1 0 0
v -0.0106274 0.799758 0.441125 1 0 0
v -0.0114795 0.799405 0.441125 1 0 0
v -0.012266 0.798923 0.441125 1 0 0
v -0.0129673 0.798324 0.441125 1 0 0
v -0.0135663 0.797623 0.441125 1 0 0
v -0.0140483 0.796836 0.441125 1 0 0
v -0.0144012 0.795984 0.441125 1 0 0
v -0.0146165 0.795087 0.441125 1 0 0
v -0.0146889 0.794168 0.441125 1 0 0
v -0.0146165 0.793248 0.441125 1 0 0
v -0.0144012 0.792351 0.441125 1 0 0
v -0.0140483 0.791499 0.441125 1 0 0
v -0.0135663 0.790713 0.441125 1 0 0
v -0.0129673 0.790011 0.441125 1 0 0
v -0.012266 0.789412 0.441125 1 0 0
v -0.0114795 0.788931 0.441125 1 0 0
v -0.0106274 0.788578 0.441125 1 0 0
v -0.00973055 0.788362 0.441125 1 0 0
v -0.00881105 0.78829 0.441125 1 0 0
v -0.00789155 0.788362 0.441125 1 0 0
v -0.00699469 0.788578 0.441125 1 0 0
v -0.00614256 0.788931 0.441125 1 0 0
v -0.00535613 0.789412 0.441125 1 0 0
v -0.00465478 0.790011 0.441125 1 0 0
v -0.00405577 0.790713 0.441125 1 0 0
v -0.00357384 0.791499 0.441125 1 0 0
v -0.00322088 0.792351 0.441125 1 0 0
v -0.00300556 0.793248 0.441125 1 0 0
v -0.00427114 0.794168 0.440305 1 0 0
v -0.00432704 0.794878 0.440305 1 0 0
v -0.00449334 0.795571 0.440305 1 0 0
v -0.00476596 0.796229 0.440305 1 0 0
v -0.00513819 0.796836 0.440305 1 0 0
v -0.00560085 0.797378 0.440305 1 0 0
v -0.00614256 0.797841 0.440305 1 0 0
v -0.00674998 0.798213 0.440305 1 0 0
v -0.00740814 0.798485 0.440305 1 0 0
v -0.00810085 0.798652 0.440305 1 0 0
v -0.00881105 0.798708 0.440305 1 0 0
v -0.00952125 0.798652 0.440305 1 0 0
v -0.010214 0.798485 0.440305 1 0 0
v -0.0108721 0.798213 0.440305 1 0 0
v -0.0114795 0.797841 0.440305 1 0 0
v -0.0120212 0.797378 0.440305 1 0 0
v -0.0124839 0.796836 0.440305 1 0 0
v -0.0128561 0.796229 0.440305 1 0 0
v -0.0131288 0.795571 0.440305 1 0 0
v -0.0132951 0.794878 0.440305 1 0 0
v -0.013351 0.794168 0.440305 1 0 0
v -0.0132951 0.793458 0.440305 1 0 0
v -0.0131288 0.792765 0.440305 1 0 0
v -0.0128561 0.792107 0.440305 1 0 0
v -0.0124839 0.791499 0.440305 1 0 0
v -0.0120212 0.790958 0.440305 1 0 0
v -0.0114795 0.790495 0.440305 1 0 0
v -0.0108721 0.790123 0.440305 1 0 0
v -0.010214 0.78985 0.440305 1 0 0
v -0.00952125 0.789684 0.440305 1 0 0
v -0.00881105 0.789628 0.440305 1 0 0
v -0.00810085 0.789684 0.440305 1 0 0
v -0.00740814 0.78985 0.440305 1 0 0
v -0.00674998 0.790123 0.440305 1 0 0
v -0.00614256 0.790495 0.440305 1 0 0
v -0.00560085 0.790958 0.440305 1 0 0
v -0.00513819 0.791499 0.440305 1 0 0
v -0.00476596 0.792107 0.440305 1 0 0
v -0.00449334 0.792765 0.440305 1 0 0
v -0.00432704 0.793458 0.440305 1 0 0
v -0.00572088 0.794168 0.439704 1 0 0
v -0.00575893 0.794651 0.439704 1 0 0
v -0.00587212 0.795123 0.439704 1 0 0
v -0.00605769 0.795571 0.439704 1 0 0
v -0.00631105 0.795984 0.439704 1 0 0
v -0.00662597 0.796353 0.439704 1 0 0
v -0.00699469 0.796668 0.439704 1 0 0
v -0.00740814 0.796921 0.439704 1 0 0
v -0.00785613 0.797107 0.439704 1 0 0
v -0.00832764 0.79722 0.439704 1 0 0
v -0.00881105 0.797258 0.439704 1 0 0
v -0.00929446 0.79722 0.439704 1 0 0
v -0.00976596 0.797107 0.439704 1 0 0
v -0.010214 0.796921 0.439704 1 0 0
v -0.0106274 0.796668 0.439704 1 0 0
v -0.0109961 0.796353 0.439704 1 0 0
v -0.011311 0.795984 0.439704 1 0 0
v -0.0115644 0.795571 0.439704 1 0 0
v -0.01175 0.795123 0.439704 1 0 0
v -0.0118632 0.794651 0.439704 1 0 0
v -0.0119012 0.794168 0.439704 1 0 0
v -0.0118632 0.793684 0.439704 1 0 0
v -0.01175 0.793213 0.439704 1 0 0
v -0.0115644 0.792765 0.439704 1 0 0
v -0.011311 0.792351 0.439704 1 0 0
v -0.0109961 0.791983 0.439704 1 0 0
v -0.0106274 0.791668 0.439704 1 0 0
v -0.010214 0.791414 0.439704 1 0 0
v -0.00976596 0.791229 0.439704 1 0 0
v -0.00929446 0.791116 0.439704 1 0 0
v -0.00881105 0.791078 0.439704 1 0 0
v -0.00832764 0.791116 0.439704 1 0 0
v -0.00785613 0.791229 0.439704 1 0 0
v -0.00740814 0.791414 0.439704 1 0 0
v -0.00699469 0.791668 0.439704 1 0 0
v -0.00662597 0.791983 0.439704 1 0 0
v -0.00631105 0.792351 0.439704 1 0 0
v -0.00605769 0.792765 0.439704 1 0 0
v -0.00587212 0.793213 0.439704 1 0 0
v -0.00575893 0.793684 0.439704 1 0 0
v -0.00724671 0.794168 0.439338 1 0 0
v -0.00726596 0.794412 0.439338 1 0 0
v -0.00732327 0.794651 0.439338 1 0 0
v -0.00741721 0.794878 0.439338 1 0 0
v -0.00754547 0.795087 0.439338 1 0 0
v -0.00770489 0.795274 0.439338 1 0 0
v -0.00789155 0.795433 0.439338 1 0 0
v -0.00810085 0.795562 0.439338 1 0 0
v -0.00832764 0.795656 0.439338 1 0 0
v -0.00856633 0.795713 0.439338 1 0 0
v -0.00881105 0.795732 0.439338 1 0 0
v -0.00905577 0.795713 0.439338 1 0 0
v -0.00929446 0.795656 0.439338 1 0 0
v -0.00952125 0.795562 0.439338 1 0 0
v -0.00973055 0.795433 0.439338 1 0 0
v -0.00991721 0.795274 0.439338 1 0 0
v -0.0100766 0.795087 0.439338 1 0 0
v -0.0102049 0.794878 0.439338 1 0 0
v -0.0102988 0.794651 0.439338 1 0 0
v -0.0103561 0.794412 0.439338 1 0 0
v -0.0103754 0.794168 0.439338 1 0 0
v -0.0103561 0.793923 0.439338 1 0 0
v -0.0102988 0.793684 0.439338 1 0 0
v -0.0102049 0.793458 0.439338 1 0 0
v -0.0100766 0.793248 0.439338 1 0 0
v -0.00991721 0.793062 0.439338 1 0 0
v -0.00973055 0.792902 0.439338 1 0 0
v -0.00952125 0.792774 0.439338 1 0 0
v -0.00929446 0.79268 0.439338 1 0 0
v -0.00905577 0.792623 0.439338 1 0 0
v -0.00881105 0.792603 0.439338 1 0 0
v -0.00856633 0.792623 0.439338 1 0 0
v -0.00832764 0.79268 0.439338 1 0 0
v -0.00810085 0.792774 0.439338 1 0 0
v -0.00789155 0.792902 0.439338 1 0 0
v -0.00770489 0.793062 0.439338 1 0 0
v -0.00754547 0.793248 0.439338 1 0 0
v -0.00741721 0.793458 0.439338 1 0 0
v -0.00732327 0.793684 0.439338 1 0 0
v -0.00726596 0.793923 0.439338 1 0 0
v 0.314605 0.511746 0.546426 0 0 1
v 0.31519 0.502829 0.546459 0 0 1
v 0.319584 0.512074 0.546753 0 0 1
v 0.318357 0.51198 0.543129 0 0 1
v 0.314933 0.511749 0.541436 0 0 1
v 0.311317 0.511517 0.542666 0 0 1
v 0.309627 0.511419 0.546099 0 0 1
v 0.310854 0.511513 0.549722 0 0 1
v 0.314278 0.511743 0.551415 0 0 1
v 0.317894 0.511976 0.550185 0 0 1
v 0.31973 0.509844 0.546761 0 0 1
v 0.318504 0.509751 0.543137 0 0 1
v 0.315079 0.50952 0.541445 0 0 1
v 0.311463 0.509287 0.542675 0 0 1
v 0.309773 0.509189 0.546107 0 0 1
v 0.311 0.509283 0.549731 0 0 1
v 0.314424 0.509514 0.551423 0 0 1
v 0.31804 0.509747 0.550193 0 0 1
v 0.319876 0.507615 0.546769 0 0 1
v 0.31865 0.507521 0.543146 0 0 1
v 0.315225 0.50729 0.541453 0 0 1
v 0.311609 0.507058 0.542683 0 0 1
v 0.309919 0.50696 0.546115 0 0 1
v 0.311146 0.507054 0.549739 0 0 1
v 0.31457 0.507285 0.551431 0 0 1
v 0.318186 0.507517 0.550201 0 0 1
v 0.320022 0.505386 0.546778 0 0 1
v 0.318796 0.505292 0.543154 0 0 1
v 0.315371 0.505061 0.541461 0 0 1
v 0.311755 0.504829 0.542691 0 0 1
v 0.310065 0.504731 0.546124 0 0 1
v 0.311292 0.504825 0.549747 0 0 1
v 0.314716 0.505055 0.55144 0 0 1
v 0.318333 0.505288 0.55021 0 0 1
v 0.320168 0.503157 0.546786 0 0 1
v 0.318942 0.503063 0.543162 0 0 1
v 0.315517 0.502832 0.54147 0 0 1
v 0.311901 0.502599 0.5427 0 0 1
v 0.310211 0.502501 0.546132 0 0 1
v 0.311438 0.502595 0.549756 0 0 1
v 0.314862 0.502826 0.551448 0 0 1
v 0.318479 0.503059 0.550218 0 0 1
v 0.312862 0.520511 0.546398 0 0 1
v 0.314605 0.511746 0.546426 0 0 1
v 0.317671 0.521471 0.547374 0 0 1
v 0.316941 0.521314 0.54362 0 0 1
v 0.313822 0.520687 0.541494 0 0 1
v 0.31014 0.519957 0.542241 0 0 1
v 0.308053 0.519551 0.545423 0 0 1
v 0.308783 0.519708 0.549176 0 0 1
v 0.311902 0.520335 0.551302 0 0 1
v 0.315584 0.521065 0.550556 0 0 1
v 0.318107 0.519279 0.547381 0 0 1
v 0.317377 0.519123 0.543627 0 0 1
v 0.314258 0.518495 0.541501 0 0 1
v 0.310576 0.517765 0.542248 0 0 1
v 0.308489 0.51736 0.54543 0 0 1
v 0.309219 0.517517 0.549183 0 0 1
v 0.312338 0.518144 0.551309 0 0 1
v 0.31602 0.518874 0.550562 0 0 1
v 0.318543 0.517088 0.547387 0 0 1
v 0.317813 0.516931 0.543634 0 0 1
v 0.314693 0.516304 0.541508 0 0 1
v 0.311012 0.515574 0.542255 0 0 1
v 0.308925 0.515169 0.545437 0 0 1
v 0.309655 0.515326 0.54919 0 0 1
v 0.312774 0.515953 0.551316 0 0 1
v 0.316456 0.516683 0.550569 0 0 1
v 0.318979 0.514897 0.547394 0 0 1
v 0.318249 0.51474 0.543641 0 0 1
v 0.315129 0.514113 0.541515 0 0 1
v 0.311448 0.513383 0.542261 0 0 1
v 0.30936 0.512978 0.545443 0 0 1
v 0.310091 0.513135 0.549197 0 0 1
v 0.31321 0.513762 0.551323 0 0 1
v 0.316892 0.514492 0.550576 0 0 1
v 0.319415 0.512706 0.547401 0 0 1
v 0.318685 0.512549 0.543648 0 0 1
v 0.315565 0.511922 0.541522 0 0 1
v 0.311883 0.511192 0.542268 0 0 1
v 0.309796 0.510787 0.54545 0 0 1
v 0.310526 0.510944 0.549203 0 0 1
v 0.313646 0.511571 0.551329 0 0 1
v 0.317327 0.512301 0.550583 0 0 1
v 0.30999 0.528973 0.546378 0 0 1
v 0.312862 0.520511 0.546398 0 0 1
v 0.314472 0.530499 0.547985 0 0 1
v 0.314238 0.53041 0.544166 0 0 1
v 0.311515 0.529479 0.541643 0 0 1
v 0.307899 0.528253 0.541893 0 0 1
v 0.305507 0.527448 0.54477 0 0 1
v 0.305742 0.527537 0.548589 0 0 1
v 0.308464 0.528467 0.551112 0 0 1
v 0.31208 0.529694 0.550862 0 0 1
v 0.31519 0.528383 0.54799 0 0 1
v 0.314956 0.528294 0.544171 0 0 1
v 0.312233 0.527364 0.541648 0 0 1
v 0.308617 0.526137 0.541898 0 0 1
v 0.306225 0.525332 0.544776 0 0 1
v 0.30646 0.525421 0.548594 0 0 1
v 0.309182 0.526351 0.551117 0 0 1
v 0.312798 0.527578 0.550867 0 0 1
v 0.315908 0.526268 0.547995 0 0 1
v 0.315674 0.526179 0.544176 0 0 1
v 0.312951 0.525248 0.541653 0 0 1
v 0.309335 0.524021 0.541904 0 0 1
v 0.306944 0.523217 0.544781 0 0 1
v 0.307178 0.523306 0.548599 0 0 1
v 0.3099 0.524236 0.551123 0 0 1
v 0.313517 0.525463 0.550872 0 0 1
v 0.316626 0.524152 0.548 0 0 1
v 0.316392 0.524063 0.544182 0 0 1
v 0.313669 0.523133 0.541658 0 0 1
v 0.310053 0.521906 0.541909 0 0 1
v 0.307662 0.521101 0.544786 0 0 1
v 0.307896 0.52119 0.548605 0 0 1
v 0.310619 0.52212 0.551128 0 0 1
v 0.314235 0.523347 0.550877 0 0 1
v 0.317344 0.522036 0.548005 0 0 1
v 0.31711 0.521948 0.544187 0 0 1
v 0.314387 0.521017 0.541664 0 0 1
v 0.310771 0.51979 0.541914 0 0 1
v 0.30838 0.518986 0.544791 0 0 1
v 0.308614 0.519074 0.54861 0 0 1
v 0.311337 0.520005 0.551133 0 0 1
v 0.314953 0.521232 0.550883 0 0 1
v 0.306037 0.536988 0.546364 0 0 1
v 0.30999 0.528973 0.546378 0 0 1
v 0.310057 0.538975 0.548575 0 0 1
v 0.310285 0.53908 0.544756 0 0 1
v 0.308024 0.53796 0.541879 0 0 1
v 0.304599 0.536271 0.541629 0 0 1
v 0.302017 0.535002 0.544152 0 0 1
v 0.30179 0.534896 0.547971 0 0 1
v 0.304051 0.536016 0.550848 0 0 1
v 0.307475 0.537706 0.551098 0 0 1
v 0.311046 0.536971 0.548579 0 0 1
v 0.311273 0.537076 0.54476 0 0 1
v 0.309012 0.535956 0.541883 0 0 1
v 0.305587 0.534267 0.541632 0 0 1
v 0.303005 0.532998 0.544156 0 0 1
v 0.302778 0.532893 0.547974 0 0 1
v 0.305039 0.534013 0.550851 0 0 1
v 0.308463 0.535702 0.551102 0 0 1
v 0.312034 0.534967 0.548582 0 0 1
v 0.312261 0.535073 0.544763 0 0 1
v 0.31 0.533953 0.541886 0 0 1
v 0.306575 0.532263 0.541636 0 0 1
v 0.303993 0.530994 0.544159 0 0 1
v 0.303766 0.530889 0.547978 0 0 1
v 0.306027 0.532009 0.550855 0 0 1
v 0.309452 0.533698 0.551105 0 0 1
v 0.313022 0.532963 0.548585 0 0 1
v 0.313249 0.533069 0.544767 0 0 1
v 0.310988 0.531949 0.54189 0 0 1
v 0.307563 0.53026 0.541639 0 0 1
v 0.304981 0.528991 0.544163 0 0 1
v 0.304754 0.528885 0.547981 0 0 1
v 0.307015 0.530005 0.550858 0 0 1
v 0.31044 0.531694 0.551109 0 0 1
v 0.31401 0.53096 0.548589 0 0 1
v 0.314237 0.531065 0.54477 0 0 1
v 0.311976 0.529945 0.541893 0 0 1
v 0.308551 0.528256 0.541643 0 0 1
v 0.305969 0.526987 0.544166 0 0 1
v 0.305742 0.526881 0.547985 0 0 1
v 0.308003 0.528001 0.550862 0 0 1
v 0.311428 0.529691 0.551112 0 0 1
v 0.301072 0.544419 0.546357 0 0 1
v 0.306037 0.536988 0.546364 0 0 1
v 0.304528 0.54673 0.549135 0 0 1
v 0.30515 0.547142 0.545381 0 0 1
v 0.303384 0.545959 0.5422 0 0 1
v 0.300263 0.543874 0.541453 0 0 1
v 0.297617 0.542107 0.543579 0 0 1
v 0.296994 0.541695 0.547332 0 0 1
v 0.298761 0.542878 0.550514 0 0 1
v 0.301881 0.544964 0.551261 0 0 1
v 0.305769 0.544872 0.549136 0 0 1
v 0.306391 0.545285 0.545383 0 0 1
v 0.304625 0.544102 0.542201 0 0 1
v 0.301504 0.542016 0.541455 0 0 1
v 0.298858 0.54025 0.543581 0 0 1
v 0.298236 0.539837 0.547334 0 0 1
v 0.300002 0.54102 0.550516 0 0 1
v 0.303123 0.543106 0.551262 0 0 1
v 0.30701 0.543015 0.549138 0 0 1
v 0.307633 0.543427 0.545385 0 0 1
v 0.305866 0.542244 0.542203 0 0 1
v 0.302746 0.540158 0.541456 0 0 1
v 0.300099 0.538392 0.543582 0 0 1
v 0.299477 0.53798 0.547336 0 0 1
v 0.301243 0.539163 0.550518 0 0 1
v 0.304364 0.541248 0.551264 0 0 1
v 0.308251 0.541157 0.54914 0 0 1
v 0.308874 0.54157 0.545386 0 0 1
v 0.307107 0.540386 0.542205 0 0 1
v 0.303987 0.538301 0.541458 0 0 1
v 0.30134 0.536534 0.543584 0 0 1
v 0.300718 0.536122 0.547337 0 0 1
v 0.302484 0.537305 0.550519 0 0 1
v 0.305605 0.539391 0.551266 0 0 1
v 0.309493 0.5393 0.549141 0 0 1
v 0.310115 0.539712 0.545388 0 0 1
v 0.308349 0.538529 0.542206 0 0 1
v 0.305228 0.536443 0.54146 0 0 1
v 0.302582 0.534677 0.543586 0 0 1
v 0.301959 0.534264 0.547339 0 0 1
v 0.303726 0.535448 0.550521 0 0 1
v 0.306846 0.537533 0.551268 0 0 1
v 0.29518 0.551137 0.546357 0 0 1
v 0.301072 0.544419 0.546357 0 0 1
v 0.298007 0.553616 0.549654 0 0 1
v 0.298931 0.554427 0.54603 0 0 1
v 0.297659 0.553311 0.542598 0 0 1
v 0.294934 0.550922 0.541368 0 0 1
v 0.292354 0.548659 0.543061 0 0 1
v 0.291429 0.547848 0.546684 0 0 1
v 0.292702 0.548964 0.550117 0 0 1
v 0.295426 0.551353 0.551347 0 0 1
v 0.29948 0.551936 0.549654 0 0 1
v 0.300404 0.552747 0.54603 0 0 1
v 0.299132 0.551632 0.542598 0 0 1
v 0.296407 0.549242 0.541368 0 0 1
v 0.293827 0.546979 0.543061 0 0 1
v 0.292902 0.546168 0.546684 0 0 1
v 0.294175 0.547284 0.550116 0 0 1
v 0.296899 0.549673 0.551346 0 0 1
v 0.300953 0.550257 0.549654 0 0 1
v 0.301877 0.551068 0.54603 0 0 1
v 0.300605 0.549952 0.542598 0 0 1
v 0.29788 0.547563 0.541368 0 0 1
v 0.2953 0.5453 0.54306 0 0 1
v 0.294375 0.544488 0.546684 0 0 1
v 0.295648 0.545604 0.550116 0 0 1
v 0.298372 0.547993 0.551346 0 0 1
v 0.302426 0.548577 0.549654 0 0 1
v 0.30335 0.549388 0.54603 0 0 1
v 0.302078 0.548272 0.542598 0 0 1
v 0.299353 0.545883 0.541368 0 0 1
v 0.296773 0.54362 0.54306 0 0 1
v 0.295848 0.542809 0.546684 0 0 1
v 0.297121 0.543925 0.550116 0 0 1
v 0.299845 0.546314 0.551346 0 0 1
v 0.303899 0.546897 0.549654 0 0 1
v 0.304823 0.547708 0.54603 0 0 1
v 0.303551 0.546592 0.542598 0 0 1
v 0.300826 0.544203 0.541368 0 0 1
v 0.298246 0.54194 0.54306 0 0 1
v 0.297321 0.541129 0.546684 0 0 1
v 0.298594 0.542245 0.550116 0 0 1
v 0.301318 0.544634 0.551346 0 0 1
v 0.288461 0.55703 0.546365 0 0 1
v 0.29518 0.551137 0.546357 0 0 1
v 0.290638 0.559506 0.550124 0 0 1
v 0.291751 0.560781 0.546692 0 0 1
v 0.290938 0.559858 0.543068 0 0 1
v 0.288674 0.557278 0.541376 0 0 1
v 0.286285 0.554553 0.542606 0 0 1
v 0.285171 0.553279 0.546038 0 0 1
v 0.285985 0.554202 0.549662 0 0 1
v 0.288249 0.556781 0.551354 0 0 1
v 0.292317 0.558033 0.550122 0 0 1
v 0.293431 0.559308 0.54669 0 0 1
v 0.292618 0.558385 0.543066 0 0 1
v 0.290353 0.555805 0.541374 0 0 1
v 0.287965 0.55308 0.542604 0 0 1
v 0.286851 0.551806 0.546036 0 0 1
v 0.287665 0.552729 0.54966 0 0 1
v 0.289929 0.555308 0.551352 0 0 1
v 0.293997 0.55656 0.55012 0 0 1
v 0.295111 0.557835 0.546688 0 0 1
v 0.294297 0.556912 0.543064 0 0 1
v 0.292033 0.554332 0.541372 0 0 1
v 0.289645 0.551607 0.542602 0 0 1
v 0.288531 0.550333 0.546034 0 0 1
v 0.289344 0.551256 0.549658 0 0 1
v 0.291608 0.553835 0.55135 0 0 1
v 0.295677 0.555087 0.550118 0 0 1
v 0.29679 0.556361 0.546686 0 0 1
v 0.295977 0.555439 0.543062 0 0 1
v 0.293713 0.552859 0.54137 0 0 1
v 0.291324 0.550134 0.5426 0 0 1
v 0.290211 0.54886 0.546032 0 0 1
v 0.291024 0.549782 0.549656 0 0 1
v 0.293288 0.552362 0.551349 0 0 1
v 0.297356 0.553614 0.550116 0 0 1
v 0.29847 0.554888 0.546684 0 0 1
v 0.297657 0.553966 0.543061 0 0 1
v 0.295392 0.551386 0.541368 0 0 1
v 0.293004 0.548661 0.542598 0 0 1
v 0.29189 0.547387 0.54603 0 0 1
v 0.292704 0.548309 0.549654 0 0 1
v 0.294968 0.550889 0.551347 0 0 1
v 0.281031 0.561995 0.54638 0 0 1
v 0.288461 0.55703 0.546365 0 0 1
v 0.28258 0.564301 0.550537 0 0 1
v 0.283757 0.566071 0.547355 0 0 1
v 0.283337 0.565454 0.543602 0 0 1
v 0.281566 0.56281 0.541476 0 0 1
v 0.279482 0.559689 0.542222 0 0 1
v 0.278305 0.557918 0.545404 0 0 1
v 0.278725 0.558536 0.549158 0 0 1
v 0.280496 0.561179 0.551284 0 0 1
v 0.284438 0.563059 0.550533 0 0 1
v 0.285615 0.56483 0.547351 0 0 1
v 0.285195 0.564213 0.543598 0 0 1
v 0.283424 0.561569 0.541472 0 0 1
v 0.28134 0.558448 0.542219 0 0 1
v 0.280163 0.556677 0.545401 0 0 1
v 0.280583 0.557294 0.549154 0 0 1
v 0.282353 0.559938 0.55128 0 0 1
v 0.286295 0.561818 0.55053 0 0 1
v 0.287472 0.563589 0.547348 0 0 1
v 0.287052 0.562971 0.543594 0 0 1
v 0.285281 0.560328 0.541468 0 0 1
v 0.283197 0.557206 0.542215 0 0 1
v 0.28202 0.555436 0.545397 0 0 1
v 0.28244 0.556053 0.54915 0 0 1
v 0.284211 0.558697 0.551276 0 0 1
v 0.288153 0.560577 0.550526 0 0 1
v 0.28933 0.562348 0.547344 0 0 1
v 0.28891 0.56173 0.543591 0 0 1
v 0.287139 0.559086 0.541465 0 0 1
v 0.285055 0.555965 0.542211 0 0 1
v 0.283878 0.554194 0.545393 0 0 1
v 0.284298 0.554812 0.549147 0 0 1
v 0.286069 0.557456 0.551273 0 0 1
v 0.29001 0.559336 0.550522 0 0 1
v 0.291187 0.561106 0.54734 0 0 1
v 0.290767 0.560489 0.543587 0 0 1
v 0.288997 0.557845 0.541461 0 0 1
v 0.286912 0.554724 0.542208 0 0 1
v 0.285736 0.552953 0.54539 0 0 1
v 0.286155 0.553571 0.549143 0 0 1
v 0.287926 0.556214 0.551269 0 0 1
v 0.273016 0.565947 0.546401 0 0 1
v 0.281031 0.561995 0.54638 0 0 1
v 0.274004 0.567926 0.550886 0 0 1
v 0.275114 0.570192 0.548008 0 0 1
v 0.274995 0.569972 0.54419 0 0 1
v 0.273717 0.567394 0.541667 0 0 1
v 0.272028 0.563969 0.541917 0 0 1
v 0.270919 0.561703 0.544794 0 0 1
v 0.271038 0.561923 0.548613 0 0 1
v 0.272316 0.564501 0.551136 0 0 1
v 0.276008 0.566938 0.55088 0 0 1
v 0.277118 0.569204 0.548003 0 0 1
v 0.276999 0.568983 0.544184 0 0 1
v 0.275721 0.566406 0.541661 0 0 1
v 0.274032 0.562981 0.541912 0 0 1
v 0.272922 0.560715 0.544789 0 0 1
v 0.273041 0.560935 0.548607 0 0 1
v 0.274319 0.563513 0.551131 0 0 1
v 0.278012 0.56595 0.550875 0 0 1
v 0.279121 0.568216 0.547998 0 0 1
v 0.279002 0.567995 0.544179 0 0 1
v 0.277724 0.565417 0.541656 0 0 1
v 0.276036 0.561992 0.541906 0 0 1
v 0.274926 0.559726 0.544783 0 0 1
v 0.275045 0.559947 0.548602 0 0 1
v 0.276323 0.562525 0.551125 0 0 1
v 0.280015 0.564962 0.550869 0 0 1
v 0.281125 0.567228 0.547992 0 0 1
v 0.281006 0.567007 0.544174 0 0 1
v 0.279728 0.564429 0.54165 0 0 1
v 0.278039 0.561004 0.541901 0 0 1
v 0.27693 0.558738 0.544778 0 0 1
v 0.277049 0.558959 0.548597 0 0 1
v 0.278327 0.561536 0.55112 0 0 1
v 0.282019 0.563973 0.550864 0 0 1
v 0.283129 0.566239 0.547987 0 0 1
v 0.28301 0.566019 0.544168 0 0 1
v 0.281732 0.563441 0.541645 0 0 1
v 0.280043 0.560016 0.541895 0 0 1
v 0.278933 0.55775 0.544773 0 0 1
v 0.279052 0.557971 0.548591 0 0 1
v 0.28033 0.560548 0.551114 0 0 1
v 0.264554 0.56882 0.546429 0 0 1
v 0.273016 0.565947 0.546401 0 0 1
v 0.265085 0.570337 0.551164 0 0 1
v 0.266002 0.573064 0.548641 0 0 1
v 0.266071 0.573305 0.544822 0 0 1
v 0.265252 0.570919 0.541945 0 0 1
v 0.264023 0.567303 0.541695 0 0 1
v 0.263106 0.564576 0.544218 0 0 1
v 0.263037 0.564335 0.548037 0 0 1
v 0.263857 0.566722 0.550914 0 0 1
v 0.2672 0.569619 0.551157 0 0 1
v 0.268118 0.572346 0.548634 0 0 1
v 0.268187 0.572587 0.544815 0 0 1
v 0.267367 0.5702 0.541938 0 0 1
v 0.266139 0.566585 0.541688 0 0 1
v 0.265222 0.563858 0.544211 0 0 1
v 0.265152 0.563617 0.54803 0 0 1
v 0.265972 0.566003 0.550907 0 0 1
v 0.269316 0.568901 0.55115 0 0 1
v 0.270233 0.571628 0.548627 0 0 1
v 0.270302 0.571869 0.544808 0 0 1
v 0.269483 0.569482 0.541931 0 0 1
v 0.268254 0.565866 0.541681 0 0 1
v 0.267337 0.56314 0.544204 0 0 1
v 0.267268 0.562899 0.548023 0 0 1
v 0.268088 0.565285 0.5509 0 0 1
v 0.271431 0.568183 0.551143 0 0 1
v 0.272349 0.57091 0.54862 0 0 1
v 0.272418 0.57115 0.544801 0 0 1
v 0.271598 0.568764 0.541924 0 0 1
v 0.27037 0.565148 0.541674 0 0 1
v 0.269453 0.562421 0.544197 0 0 1
v 0.269384 0.562181 0.548016 0 0 1
v 0.270203 0.564567 0.550893 0 0 1
v 0.273547 0.567465 0.551136 0 0 1
v 0.274464 0.570192 0.548613 0 0 1
v 0.274533 0.570432 0.544794 0 0 1
v 0.273714 0.568046 0.541917 0 0 1
v 0.272486 0.56443 0.541667 0 0 1
v 0.271568 0.561703 0.54419 0 0 1
v 0.271499 0.561462 0.548009 0 0 1
v 0.272319 0.563849 0.550886 0 0 1
v 0.255789 0.570564 0.546463 0 0 1
v 0.264554 0.56882 0.546429 0 0 1
v 0.255998 0.571517 0.551367 0 0 1
v 0.256611 0.574639 0.549241 0 0 1
v 0.256743 0.575374 0.545488 0 0 1
v 0.256316 0.573291 0.542306 0 0 1
v 0.255581 0.56961 0.541559 0 0 1
v 0.254968 0.566488 0.543686 0 0 1
v 0.254836 0.565753 0.547439 0 0 1
v 0.255263 0.567836 0.550621 0 0 1
v 0.258189 0.571081 0.551359 0 0 1
v 0.258802 0.574203 0.549233 0 0 1
v 0.258934 0.574938 0.545479 0 0 1
v 0.258507 0.572855 0.542297 0 0 1
v 0.257772 0.569175 0.541551 0 0 1
v 0.257159 0.566052 0.543677 0 0 1
v 0.257027 0.565317 0.54743 0 0 1
v 0.257454 0.5674 0.550612 0 0 1
v 0.26038 0.570645 0.55135 0 0 1
v 0.260993 0.573767 0.549224 0 0 1
v 0.261125 0.574502 0.545471 0 0 1
v 0.260698 0.572419 0.542289 0 0 1
v 0.259963 0.568739 0.541542 0 0 1
v 0.25935 0.565616 0.543669 0 0 1
v 0.259219 0.564881 0.547422 0 0 1
v 0.259645 0.566964 0.550604 0 0 1
v 0.262572 0.570209 0.551342 0 0 1
v 0.263184 0.573331 0.549216 0 0 1
v 0.263316 0.574066 0.545462 0 0 1
v 0.262889 0.571983 0.54228 0 0 1
v 0.262154 0.568303 0.541534 0 0 1
v 0.261541 0.56518 0.54366 0 0 1
v 0.26141 0.564446 0.547413 0 0 1
v 0.261836 0.566528 0.550595 0 0 1
v 0.264763 0.569773 0.551333 0 0 1
v 0.265376 0.572895 0.549207 0 0 1
v 0.265507 0.57363 0.545454 0 0 1
v 0.265081 0.571548 0.542272 0 0 1
v 0.264345 0.567867 0.541525 0 0 1
v 0.263733 0.564745 0.543652 0 0 1
v 0.263601 0.56401 0.547405 0 0 1
v 0.264028 0.566093 0.550587 0 0 1
v 0.246872 0.571148 0.546503 0 0 1
v 0.255789 0.570564 0.546463 0 0 1
v 0.246916 0.571473 0.551492 0 0 1
v 0.247133 0.574898 0.549799 0 0 1
v 0.247197 0.576127 0.546176 0 0 1
v 0.247071 0.574439 0.542743 0 0 1
v 0.246829 0.570823 0.541513 0 0 1
v 0.246612 0.567398 0.543206 0 0 1
v 0.246547 0.56617 0.54683 0 0 1
v 0.246673 0.567858 0.550262 0 0 1
v 0.249145 0.571327 0.551482 0 0 1
v 0.249362 0.574752 0.549789 0 0 1
v 0.249426 0.575981 0.546166 0 0 1
v 0.249301 0.574293 0.542734 0 0 1
v 0.249058 0.570677 0.541504 0 0 1
v 0.248841 0.567252 0.543196 0 0 1
v 0.248777 0.566023 0.54682 0 0 1
v 0.248902 0.567711 0.550252 0 0 1
v 0.251374 0.571181 0.551472 0 0 1
v 0.251591 0.574606 0.54978 0 0 1
v 0.251656 0.575835 0.546156 0 0 1
v 0.25153 0.574147 0.542724 0 0 1
v 0.251287 0.570531 0.541494 0 0 1
v 0.25107 0.567106 0.543186 0 0 1
v 0.251006 0.565877 0.54681 0 0 1
v 0.251132 0.567565 0.550242 0 0 1
v 0.253603 0.571035 0.551462 0 0 1
v 0.253821 0.57446 0.54977 0 0 1
v 0.253885 0.575688 0.546146 0 0 1
v 0.253759 0.574 0.542714 0 0 1
v 0.253517 0.570385 0.541484 0 0 1
v 0.2533 0.56696 0.543177 0 0 1
v 0.253235 0.565731 0.5468 0 0 1
v 0.253361 0.567419 0.550232 0 0 1
v 0.255833 0.570889 0.551453 0 0 1
v 0.25605 0.574314 0.54976 0 0 1
v 0.256114 0.575542 0.546136 0 0 1
v 0.255989 0.573854 0.542704 0 0 1
v 0.255746 0.570239 0.541474 0 0 1
v 0.255529 0.566813 0.543167 0 0 1
v 0.255464 0.565585 0.54679 0 0 1
v 0.25559 0.567273 0.550223 0 0 1
v 0.237955 0.570564 0.546547 0 0 1
v 0.246872 0.571148 0.546503 0 0 1
v 0.238001 0.570239 0.551536 0 0 1
v 0.237758 0.573855 0.550306 0 0 1
v 0.23763 0.575543 0.546874 0 0 1
v 0.237693 0.574314 0.54325 0 0 1
v 0.237909 0.570889 0.541558 0 0 1
v 0.238152 0.567273 0.542788 0 0 1
v 0.23828 0.565585 0.54622 0 0 1
v 0.238217 0.566814 0.549844 0 0 1
v 0.24023 0.570385 0.551525 0 0 1
v 0.239987 0.574001 0.550295 0 0 1
v 0.23986 0.575689 0.546863 0 0 1
v 0.239922 0.57446 0.543239 0 0 1
v 0.240138 0.571035 0.541547 0 0 1
v 0.240381 0.567419 0.542777 0 0 1
v 0.240509 0.565731 0.546209 0 0 1
v 0.240446 0.56696 0.549833 0 0 1
v 0.24246 0.570531 0.551514 0 0 1
v 0.242217 0.574147 0.550284 0 0 1
v 0.242089 0.575835 0.546852 0 0 1
v 0.242152 0.574606 0.543228 0 0 1
v 0.242368 0.571181 0.541536 0 0 1
v 0.242611 0.567565 0.542766 0 0 1
v 0.242738 0.565877 0.546198 0 0 1
v 0.242676 0.567106 0.549822 0 0 1
v 0.244689 0.570678 0.551503 0 0 1
v 0.244446 0.574293 0.550273 0 0 1
v 0.244318 0.575981 0.546841 0 0 1
v 0.244381 0.574752 0.543217 0 0 1
v 0.244597 0.571327 0.541524 0 0 1
v 0.24484 0.567711 0.542755 0 0 1
v 0.244967 0.566023 0.546187 0 0 1
v 0.244905 0.567252 0.54981 0 0 1
v 0.246918 0.570824 0.551492 0 0 1
v 0.246675 0.574439 0.550262 0 0 1
v 0.246548 0.576127 0.54683 0 0 1
v 0.24661 0.574898 0.543206 0 0 1
v 0.246826 0.571473 0.541513 0 0 1
v 0.247069 0.567857 0.542744 0 0 1
v 0.247197 0.56617 0.546176 0 0 1
v 0.247134 0.567398 0.549799 0 0 1
v 0.22919 0.568821 0.546595 0 0 1
v 0.237955 0.570564 0.546547 0 0 1
v 0.229406 0.567869 0.551499 0 0 1
v 0.22867 0.57155 0.550752 0 0 1
v 0.228239 0.573631 0.54757 0 0 1
v 0.228365 0.572895 0.543817 0 0 1
v 0.228974 0.569772 0.541691 0 0 1
v 0.22971 0.566092 0.542438 0 0 1
v 0.230142 0.56401 0.54562 0 0 1
v 0.230016 0.564746 0.549373 0 0 1
v 0.231598 0.568305 0.551487 0 0 1
v 0.230861 0.571985 0.55074 0 0 1
v 0.23043 0.574067 0.547558 0 0 1
v 0.230556 0.573331 0.543805 0 0 1
v 0.231165 0.570208 0.541679 0 0 1
v 0.231901 0.566528 0.542426 0 0 1
v 0.232333 0.564446 0.545608 0 0 1
v 0.232207 0.565182 0.549361 0 0 1
v 0.233789 0.568741 0.551475 0 0 1
v 0.233053 0.572421 0.550728 0 0 1
v 0.232621 0.574503 0.547546 0 0 1
v 0.232747 0.573767 0.543793 0 0 1
v 0.233356 0.570644 0.541667 0 0 1
v 0.234093 0.566963 0.542414 0 0 1
v 0.234524 0.564882 0.545596 0 0 1
v 0.234398 0.565618 0.549349 0 0 1
v 0.23598 0.569177 0.551463 0 0 1
v 0.235244 0.572857 0.550716 0 0 1
v 0.234812 0.574939 0.547534 0 0 1
v 0.234938 0.574203 0.543781 0 0 1
v 0.235548 0.57108 0.541655 0 0 1
v 0.236284 0.567399 0.542402 0 0 1
v 0.236715 0.565317 0.545584 0 0 1
v 0.236589 0.566054 0.549337 0 0 1
v 0.238171 0.569612 0.551451 0 0 1
v 0.237435 0.573293 0.550704 0 0 1
v 0.237003 0.575375 0.547522 0 0 1
v 0.237129 0.574638 0.543769 0 0 1
v 0.237739 0.571515 0.541643 0 0 1
v 0.238475 0.567835 0.54239 0 0 1
v 0.238906 0.565753 0.545571 0 0 1
v 0.238781 0.566489 0.549325 0 0 1
v 0.220728 0.565948 0.546646 0 0 1
v 0.22919 0.568821 0.546595 0 0 1
v 0.22127 0.564435 0.551381 0 0 1
v 0.220042 0.568051 0.55113 0 0 1
v 0.219215 0.570435 0.548253 0 0 1
v 0.219275 0.570191 0.544435 0 0 1
v 0.220186 0.567461 0.541912 0 0 1
v 0.221415 0.563846 0.542162 0 0 1
v 0.222241 0.561462 0.545039 0 0 1
v 0.222181 0.561706 0.548858 0 0 1
v 0.223386 0.565153 0.551368 0 0 1
v 0.222157 0.568769 0.551118 0 0 1
v 0.221331 0.571153 0.54824 0 0 1
v 0.22139 0.570909 0.544422 0 0 1
v 0.222301 0.56818 0.541899 0 0 1
v 0.22353 0.564564 0.542149 0 0 1
v 0.224357 0.56218 0.545026 0 0 1
v 0.224297 0.562424 0.548845 0 0 1
v 0.225501 0.565871 0.551355 0 0 1
v 0.224273 0.569487 0.551105 0 0 1
v 0.223446 0.571871 0.548228 0 0 1
v 0.223506 0.571627 0.544409 0 0 1
v 0.224417 0.568898 0.541886 0 0 1
v 0.225646 0.565282 0.542136 0 0 1
v 0.226472 0.562898 0.545013 0 0 1
v 0.226413 0.563142 0.548832 0 0 1
v 0.227617 0.566589 0.551342 0 0 1
v 0.226388 0.570205 0.551092 0 0 1
v 0.225562 0.572589 0.548215 0 0 1
v 0.225621 0.572345 0.544396 0 0 1
v 0.226532 0.569616 0.541873 0 0 1
v 0.227761 0.566 0.542124 0 0 1
v 0.228588 0.563616 0.545001 0 0 1
v 0.228528 0.56386 0.548819 0 0 1
v 0.229733 0.567308 0.55133 0 0 1
v 0.228504 0.570923 0.551079 0 0 1
v 0.227677 0.573307 0.548202 0 0 1
v 0.227737 0.573063 0.544383 0 0 1
v 0.228648 0.570334 0.54186 0 0 1
v 0.229877 0.566718 0.542111 0 0 1
v 0.230703 0.564334 0.544988 0 0 1
v 0.230644 0.564578 0.548806 0 0 1
v 0.212713 0.561996 0.5467 0 0 1
v 0.220728 0.565948 0.546646 0 0 1
v 0.213715 0.560025 0.551184 0 0 1
v 0.212028 0.56345 0.551434 0 0 1
v 0.210742 0.566024 0.548911 0 0 1
v 0.210611 0.566238 0.545092 0 0 1
v 0.211711 0.563967 0.542215 0 0 1
v 0.213399 0.560542 0.541965 0 0 1
v 0.214685 0.557968 0.544488 0 0 1
v 0.214816 0.557754 0.548307 0 0 1
v 0.215719 0.561013 0.551171 0 0 1
v 0.214032 0.564438 0.551421 0 0 1
v 0.212746 0.567012 0.548898 0 0 1
v 0.212614 0.567226 0.545079 0 0 1
v 0.213715 0.564956 0.542202 0 0 1
v 0.215402 0.56153 0.541952 0 0 1
v 0.216688 0.558956 0.544475 0 0 1
v 0.21682 0.558742 0.548294 0 0 1
v 0.217723 0.562001 0.551157 0 0 1
v 0.216035 0.565426 0.551408 0 0 1
v 0.214749 0.568 0.548884 0 0 1
v 0.214618 0.568214 0.545066 0 0 1
v 0.215719 0.565944 0.542189 0 0 1
v 0.217406 0.562518 0.541938 0 0 1
v 0.218692 0.559944 0.544462 0 0 1
v 0.218823 0.55973 0.54828 0 0 1
v 0.219727 0.562989 0.551144 0 0 1
v 0.218039 0.566414 0.551394 0 0 1
v 0.216753 0.568988 0.548871 0 0 1
v 0.216622 0.569202 0.545052 0 0 1
v 0.217722 0.566932 0.542175 0 0 1
v 0.21941 0.563506 0.541925 0 0 1
v 0.220696 0.560932 0.544448 0 0 1
v 0.220827 0.560718 0.548267 0 0 1
v 0.22173 0.563977 0.551131 0 0 1
v 0.220043 0.567402 0.551381 0 0 1
v 0.218757 0.569976 0.548858 0 0 1
v 0.218625 0.57019 0.545039 0 0 1
v 0.219726 0.56792 0.542162 0 0 1
v 0.221414 0.564494 0.541912 0 0 1
v 0.2227 0.561921 0.544435 0 0 1
v 0.222831 0.561706 0.548253 0 0 1
v 0.205283 0.557031 0.546755 0 0 1
v 0.212713 0.561996 0.5467 0 0 1
v 0.206847 0.554736 0.550912 0 0 1
v 0.204766 0.557859 0.551658 0 0 1
v 0.202987 0.560498 0.549532 0 0 1
v 0.202554 0.561106 0.545779 0 0 1
v 0.203718 0.559327 0.542597 0 0 1
v 0.2058 0.556204 0.541851 0 0 1
v 0.207578 0.553565 0.543977 0 0 1
v 0.208012 0.552957 0.54773 0 0 1
v 0.208705 0.555977 0.550898 0 0 1
v 0.206624 0.5591 0.551645 0 0 1
v 0.204845 0.561739 0.549519 0 0 1
v 0.204411 0.562347 0.545765 0 0 1
v 0.205576 0.560568 0.542584 0 0 1
v 0.207657 0.557445 0.541837 0 0 1
v 0.209436 0.554806 0.543963 0 0 1
v 0.20987 0.554198 0.547716 0 0 1
v 0.210563 0.557218 0.550884 0 0 1
v 0.208481 0.560342 0.551631 0 0 1
v 0.206703 0.56298 0.549505 0 0 1
v 0.206269 0.563588 0.545752 0 0 1
v 0.207434 0.561809 0.54257 0 0 1
v 0.209515 0.558686 0.541823 0 0 1
v 0.211294 0.556047 0.543949 0 0 1
v 0.211728 0.55544 0.547703 0 0 1
v 0.21242 0.558459 0.550871 0 0 1
v 0.210339 0.561583 0.551617 0 0 1
v 0.20856 0.564221 0.549491 0 0 1
v 0.208126 0.564829 0.545738 0 0 1
v 0.209291 0.56305 0.542556 0 0 1
v 0.211373 0.559927 0.54181 0 0 1
v 0.213151 0.557289 0.543936 0 0 1
v 0.213585 0.556681 0.547689 0 0 1
v 0.214278 0.559701 0.550857 0 0 1
v 0.212196 0.562824 0.551604 0 0 1
v 0.210418 0.565462 0.549477 0 0 1
v 0.209984 0.56607 0.545724 0 0 1
v 0.211149 0.564292 0.542542 0 0 1
v 0.21323 0.561168 0.541796 0 0 1
v 0.215009 0.55853 0.543922 0 0 1
v 0.215443 0.557922 0.547675 0 0 1
v 0.198564 0.551139 0.54681 0 0 1
v 0.205283 0.557031 0.546755 0 0 1
v 0.200755 0.548676 0.550569 0 0 1
v 0.198372 0.551406 0.551799 0 0 1
v 0.196101 0.553979 0.550107 0 0 1
v 0.195273 0.554889 0.546483 0 0 1
v 0.196373 0.553603 0.543051 0 0 1
v 0.198757 0.550873 0.541821 0 0 1
v 0.201027 0.548299 0.543513 0 0 1
v 0.201855 0.547389 0.547137 0 0 1
v 0.202435 0.550149 0.550555 0 0 1
v 0.200051 0.552879 0.551785 0 0 1
v 0.197781 0.555452 0.550093 0 0 1
v 0.196953 0.556362 0.546469 0 0 1
v 0.198053 0.555076 0.543037 0 0 1
v 0.200436 0.552346 0.541807 0 0 1
v 0.202707 0.549772 0.543499 0 0 1
v 0.203535 0.548862 0.547123 0 0 1
v 0.204115 0.551622 0.550541 0 0 1
v 0.201731 0.554352 0.551771 0 0 1
v 0.19946 0.556925 0.550079 0 0 1
v 0.198632 0.557835 0.546455 0 0 1
v 0.199732 0.556549 0.543023 0 0 1
v 0.202116 0.553819 0.541793 0 0 1
v 0.204387 0.551246 0.543486 0 0 1
v 0.205215 0.550335 0.547109 0 0 1
v 0.205794 0.553095 0.550528 0 0 1
v 0.203411 0.555825 0.551758 0 0 1
v 0.20114 0.558398 0.550065 0 0 1
v 0.200312 0.559308 0.546441 0 0 1
v 0.201412 0.558022 0.543009 0 0 1
v 0.203796 0.555292 0.541779 0 0 1
v 0.206067 0.552719 0.543472 0 0 1
v 0.206894 0.551808 0.547095 0 0 1
v 0.207474 0.554568 0.550514 0 0 1
v 0.205091 0.557298 0.551744 0 0 1
v 0.20282 0.559871 0.550051 0 0 1
v 0.201992 0.560781 0.546428 0 0 1
v 0.203092 0.559495 0.542995 0 0 1
v 0.205475 0.556765 0.541765 0 0 1
v 0.207746 0.554192 0.543458 0 0 1
v 0.208574 0.553282 0.547082 0 0 1
v 0.192672 0.544421 0.546865 0 0 1
v 0.198564 0.551139 0.54681 0 0 1
v 0.195512 0.541957 0.550161 0 0 1
v 0.192938 0.544228 0.551854 0 0 1
v 0.190209 0.546612 0.550624 0 0 1
v 0.188922 0.547712 0.547192 0 0 1
v 0.189832 0.546884 0.543568 0 0 1
v 0.192406 0.544613 0.541875 0 0 1
v 0.195135 0.54223 0.543106 0 0 1
v 0.196422 0.541129 0.546538 0 0 1
v 0.196985 0.543637 0.550148 0 0 1
v 0.194411 0.545908 0.55184 0 0 1
v 0.191682 0.548291 0.55061 0 0 1
v 0.190395 0.549392 0.547178 0 0 1
v 0.191305 0.548564 0.543554 0 0 1
v 0.193879 0.546293 0.541862 0 0 1
v 0.196609 0.543909 0.543092 0 0 1
v 0.197895 0.542809 0.546524 0 0 1
v 0.198458 0.545317 0.550134 0 0 1
v 0.195884 0.547587 0.551826 0 0 1
v 0.193155 0.549971 0.550596 0 0 1
v 0.191868 0.551071 0.547164 0 0 1
v 0.192779 0.550243 0.543541 0 0 1
v 0.195352 0.547973 0.541848 0 0 1
v 0.198082 0.545589 0.543078 0 0 1
v 0.199368 0.544489 0.54651 0 0 1
v 0.199931 0.546996 0.55012 0 0 1
v 0.197357 0.549267 0.551813 0 0 1
v 0.194628 0.551651 0.550583 0 0 1
v 0.193341 0.552751 0.547151 0 0 1
v 0.194252 0.551923 0.543527 0 0 1
v 0.196825 0.549652 0.541834 0 0 1
v 0.199555 0.547269 0.543064 0 0 1
v 0.200841 0.546168 0.546497 0 0 1
v 0.201404 0.548676 0.550107 0 0 1
v 0.19883 0.550947 0.551799 0 0 1
v 0.196101 0.55333 0.550569 0 0 1
v 0.194814 0.55443 0.547137 0 0 1
v 0.195725 0.553603 0.543513 0 0 1
v 0.198298 0.551332 0.541821 0 0 1
v 0.201028 0.548948 0.543051 0 0 1
v 0.202314 0.547848 0.546483 0 0 1
v 0.187707 0.53699 0.546918 0 0 1
v 0.192672 0.544421 0.546865 0 0 1
v 0.191173 0.534694 0.549696 0 0 1
v 0.188535 0.536473 0.551822 0 0 1
v 0.185411 0.538554 0.551075 0 0 1
v 0.183633 0.53972 0.547893 0 0 1
v 0.184241 0.539286 0.54414 0 0 1
v 0.18688 0.537508 0.542014 0 0 1
v 0.190003 0.535426 0.542761 0 0 1
v 0.191781 0.534261 0.545943 0 0 1
v 0.192414 0.536552 0.549682 0 0 1
v 0.189776 0.53833 0.551808 0 0 1
v 0.186653 0.540412 0.551062 0 0 1
v 0.184874 0.541577 0.54788 0 0 1
v 0.185483 0.541144 0.544127 0 0 1
v 0.188121 0.539366 0.542001 0 0 1
v 0.191244 0.537284 0.542747 0 0 1
v 0.193023 0.536119 0.545929 0 0 1
v 0.193656 0.53841 0.549669 0 0 1
v 0.191017 0.540188 0.551795 0 0 1
v 0.187894 0.542269 0.551049 0 0 1
v 0.186115 0.543435 0.547867 0 0 1
v 0.186724 0.543001 0.544114 0 0 1
v 0.189362 0.541223 0.541987 0 0 1
v 0.192486 0.539142 0.542734 0 0 1
v 0.194264 0.537976 0.545916 0 0 1
v 0.194897 0.540267 0.549656 0 0 1
v 0.192258 0.542045 0.551782 0 0 1
v 0.189135 0.544127 0.551035 0 0 1
v 0.187357 0.545292 0.547853 0 0 1
v 0.187965 0.544859 0.5441 0 0 1
v 0.190604 0.543081 0.541974 0 0 1
v 0.193727 0.540999 0.542721 0 0 1
v 0.195505 0.539834 0.545903 0 0 1
v 0.196138 0.542125 0.549642 0 0 1
v 0.193499 0.543903 0.551769 0 0 1
v 0.190376 0.545985 0.551022 0 0 1
v 0.188598 0.54715 0.54784 0 0 1
v 0.189206 0.546717 0.544087 0 0 1
v 0.191845 0.544938 0.541961 0 0 1
v 0.194968 0.542857 0.542707 0 0 1
v 0.196746 0.541691 0.545889 0 0 1
v 0.183755 0.528976 0.546969 0 0 1
v 0.187707 0.53699 0.546918 0 0 1
v 0.187782 0.527004 0.54918 0 0 1
v 0.185208 0.528289 0.551703 0 0 1
v 0.181783 0.529977 0.551453 0 0 1
v 0.179512 0.531078 0.548576 0 0 1
v 0.179727 0.530948 0.544757 0 0 1
v 0.182301 0.529662 0.542234 0 0 1
v 0.185727 0.527975 0.542485 0 0 1
v 0.187997 0.526873 0.545362 0 0 1
v 0.18877 0.529007 0.549168 0 0 1
v 0.186196 0.530293 0.551691 0 0 1
v 0.182771 0.53198 0.55144 0 0 1
v 0.180501 0.533082 0.548563 0 0 1
v 0.180715 0.532951 0.544745 0 0 1
v 0.18329 0.531666 0.542222 0 0 1
v 0.186715 0.529978 0.542472 0 0 1
v 0.188985 0.528877 0.545349 0 0 1
v 0.189758 0.531011 0.549155 0 0 1
v 0.187184 0.532296 0.551678 0 0 1
v 0.183759 0.533984 0.551428 0 0 1
v 0.181489 0.535085 0.548551 0 0 1
v 0.181704 0.534955 0.544732 0 0 1
v 0.184278 0.53367 0.542209 0 0 1
v 0.187703 0.531982 0.542459 0 0 1
v 0.189973 0.530881 0.545336 0 0 1
v 0.190747 0.533015 0.549142 0 0 1
v 0.188173 0.5343 0.551665 0 0 1
v 0.184747 0.535988 0.551415 0 0 1
v 0.182477 0.537089 0.548538 0 0 1
v 0.182692 0.536959 0.544719 0 0 1
v 0.185266 0.535673 0.542196 0 0 1
v 0.188691 0.533986 0.542446 0 0 1
v 0.190961 0.532884 0.545324 0 0 1
v 0.191735 0.535018 0.549129 0 0 1
v 0.189161 0.536304 0.551653 0 0 1
v 0.185735 0.537991 0.551402 0 0 1
v 0.183465 0.539093 0.548525 0 0 1
v 0.18368 0.538962 0.544707 0 0 1
v 0.186254 0.537677 0.542183 0 0 1
v 0.189679 0.535989 0.542434 0 0 1
v 0.19195 0.534888 0.545311 0 0 1
v 0.180882 0.520514 0.547017 0 0 1
v 0.183755 0.528976 0.546969 0 0 1
v 0.185368 0.519 0.548624 0 0 1
v 0.182984 0.519825 0.551501 0 0 1
v 0.179368 0.521054 0.551751 0 0 1
v 0.17664 0.521966 0.549228 0 0 1
v 0.176396 0.522027 0.545409 0 0 1
v 0.178781 0.521202 0.542532 0 0 1
v 0.182396 0.519973 0.542282 0 0 1
v 0.185125 0.519061 0.544805 0 0 1
v 0.186087 0.521115 0.548612 0 0 1
v 0.183702 0.521941 0.551489 0 0 1
v 0.180087 0.52317 0.551739 0 0 1
v 0.177358 0.524082 0.549216 0 0 1
v 0.177114 0.524143 0.545397 0 0 1
v 0.179499 0.523317 0.54252 0 0 1
v 0.183114 0.522089 0.54227 0 0 1
v 0.185843 0.521176 0.544793 0 0 1
v 0.186805 0.523231 0.5486 0 0 1
v 0.18442 0.524056 0.551477 0 0 1
v 0.180805 0.525285 0.551727 0 0 1
v 0.178076 0.526197 0.549204 0 0 1
v 0.177832 0.526258 0.545386 0 0 1
v 0.180217 0.525433 0.542508 0 0 1
v 0.183832 0.524204 0.542258 0 0 1
v 0.186561 0.523292 0.544781 0 0 1
v 0.187523 0.525346 0.548588 0 0 1
v 0.185138 0.526172 0.551465 0 0 1
v 0.181523 0.527401 0.551715 0 0 1
v 0.178794 0.528313 0.549192 0 0 1
v 0.178551 0.528374 0.545374 0 0 1
v 0.180935 0.527548 0.542497 0 0 1
v 0.18455 0.52632 0.542246 0 0 1
v 0.187279 0.525407 0.544769 0 0 1
v 0.188241 0.527462 0.548576 0 0 1
v 0.185857 0.528287 0.551453 0 0 1
v 0.182241 0.529516 0.551703 0 0 1
v 0.179512 0.530428 0.54918 0 0 1
v 0.179269 0.530489 0.545362 0 0 1
v 0.181653 0.529664 0.542485 0 0 1
v 0.185269 0.528435 0.542234 0 0 1
v 0.187997 0.527523 0.544757 0 0 1
v 0.179139 0.511749 0.54706 0 0 1
v 0.180882 0.520514 0.547017 0 0 1
v 0.18395 0.510797 0.548036 0 0 1
v 0.181867 0.511227 0.551217 0 0 1
v 0.178187 0.511963 0.551964 0 0 1
v 0.175064 0.512573 0.549838 0 0 1
v 0.174328 0.512701 0.546085 0 0 1
v 0.17641 0.512271 0.542903 0 0 1
v 0.180091 0.511535 0.542156 0 0 1
v 0.183214 0.510924 0.544282 0 0 1
v 0.184385 0.512988 0.548025 0 0 1
v 0.182303 0.513418 0.551207 0 0 1
v 0.178623 0.514154 0.551953 0 0 1
v 0.1755 0.514764 0.549827 0 0 1
v 0.174764 0.514892 0.546074 0 0 1
v 0.176846 0.514462 0.542892 0 0 1
v 0.180527 0.513726 0.542145 0 0 1
v 0.18365 0.513116 0.544271 0 0 1
v 0.184821 0.515179 0.548014 0 0 1
v 0.182739 0.515609 0.551196 0 0 1
v 0.179059 0.516345 0.551942 0 0 1
v 0.175936 0.516956 0.549816 0 0 1
v 0.1752 0.517083 0.546063 0 0 1
v 0.177282 0.516653 0.542881 0 0 1
v 0.180963 0.515917 0.542135 0 0 1
v 0.184085 0.515307 0.544261 0 0 1
v 0.185257 0.51737 0.548003 0 0 1
v 0.183175 0.5178 0.551185 0 0 1
v 0.179494 0.518536 0.551931 0 0 1
v 0.176372 0.519147 0.549805 0 0 1
v 0.175636 0.519274 0.546052 0 0 1
v 0.177718 0.518844 0.54287 0 0 1
v 0.181398 0.518109 0.542124 0 0 1
v 0.184521 0.517498 0.54425 0 0 1
v 0.185693 0.519561 0.547992 0 0 1
v 0.183611 0.519991 0.551174 0 0 1
v 0.17993 0.520727 0.55192 0 0 1
v 0.176807 0.521338 0.549794 0 0 1
v 0.176072 0.521466 0.546041 0 0 1
v 0.178154 0.521036 0.542859 0 0 1
v 0.181834 0.5203 0.542113 0 0 1
v 0.184957 0.519689 0.544239 0 0 1
v 0.178554 0.502832 0.547099 0 0 1
v 0.179139 0.511749 0.54706 0 0 1
v 0.183533 0.502507 0.547426 0 0 1
v 0.181845 0.502632 0.550858 0 0 1
v 0.17823 0.502875 0.552088 0 0 1
v 0.174804 0.503092 0.550396 0 0 1
v 0.173576 0.503156 0.546772 0 0 1
v 0.175264 0.503031 0.54334 0 0 1
v 0.178879 0.502789 0.54211 0 0 1
v 0.182305 0.502571 0.543802 0 0 1
v 0.183679 0.504736 0.547416 0 0 1
v 0.181991 0.504862 0.550848 0 0 1
v 0.178376 0.505104 0.552079 0 0 1
v 0.17495 0.505321 0.550386 0 0 1
v 0.173722 0.505386 0.546762 0 0 1
v 0.17541 0.50526 0.54333 0 0 1
v 0.179025 0.505018 0.5421 0 0 1
v 0.182451 0.504801 0.543793 0 0 1
v 0.183825 0.506965 0.547407 0 0 1
v 0.182137 0.507091 0.550839 0 0 1
v 0.178522 0.507333 0.552069 0 0 1
v 0.175096 0.50755 0.550376 0 0 1
v 0.173868 0.507615 0.546753 0 0 1
v 0.175556 0.50749 0.54332 0 0 1
v 0.179172 0.507247 0.54209 0 0 1
v 0.182597 0.50703 0.543783 0 0 1
v 0.183971 0.509195 0.547397 0 0 1
v 0.182284 0.50932 0.550829 0 0 1
v 0.178668 0.509563 0.552059 0 0 1
v 0.175243 0.50978 0.550367 0 0 1
v 0.174014 0.509844 0.546743 0 0 1
v 0.175702 0.509719 0.543311 0 0 1
v 0.179318 0.509477 0.542081 0 0 1
v 0.182743 0.509259 0.543773 0 0 1
v 0.184118 0.511424 0.547387 0 0 1
v 0.18243 0.51155 0.550819 0 0 1
v 0.178814 0.511792 0.552049 0 0 1
v 0.175389 0.512009 0.550357 0 0 1
v 0.17416 0.512074 0.546733 0 0 1
v 0.175848 0.511948 0.543301 0 0 1
v 0.179464 0.511706 0.542071 0 0 1
v 0.182889 0.511489 0.543763 0 0 1
v 0.179139 0.493914 0.547132 0 0 1
v 0.178554 0.502832 0.547099 0 0 1
v 0.184118 0.494239 0.546805 0 0 1
v 0.182889 0.494172 0.550429 0 0 1
v 0.179464 0.493954 0.552122 0 0 1
v 0.175848 0.493713 0.550891 0 0 1
v 0.17416 0.493589 0.547459 0 0 1
v 0.175389 0.493656 0.543836 0 0 1
v 0.178814 0.493874 0.542143 0 0 1
v 0.182429 0.494116 0.543373 0 0 1
v 0.183971 0.496469 0.546797 0 0 1
v 0.182743 0.496402 0.550421 0 0 1
v 0.179318 0.496184 0.552113 0 0 1
v 0.175702 0.495942 0.550883 0 0 1
v 0.174014 0.495819 0.547451 0 0 1
v 0.175242 0.495885 0.543827 0 0 1
v 0.178668 0.496104 0.542135 0 0 1
v 0.182283 0.496345 0.543365 0 0 1
v 0.183825 0.498698 0.546789 0 0 1
v 0.182597 0.498631 0.550412 0 0 1
v 0.179172 0.498413 0.552105 0 0 1
v 0.175556 0.498171 0.550875 0 0 1
v 0.173868 0.498048 0.547443 0 0 1
v 0.175096 0.498115 0.543819 0 0 1
v 0.178522 0.498333 0.542126 0 0 1
v 0.182137 0.498575 0.543356 0 0 1
v 0.183679 0.500927 0.54678 0 0 1
v 0.182451 0.50086 0.550404 0 0 1
v 0.179026 0.500642 0.552097 0 0 1
v 0.17541 0.500401 0.550866 0 0 1
v 0.173722 0.500277 0.547434 0 0 1
v 0.17495 0.500344 0.543811 0 0 1
v 0.178375 0.500562 0.542118 0 0 1
v 0.181991 0.500804 0.543348 0 0 1
v 0.183533 0.503157 0.546772 0 0 1
v 0.182305 0.50309 0.550396 0 0 1
v 0.17888 0.502872 0.552088 0 0 1
v 0.175264 0.50263 0.550858 0 0 1
v 0.173576 0.502506 0.547426 0 0 1
v 0.174804 0.502573 0.543802 0 0 1
v 0.178229 0.502792 0.54211 0 0 1
v 0.181845 0.503033 0.54334 0 0 1
v 0.180882 0.48515 0.54716 0 0 1
v 0.179139 0.493914 0.547132 0 0 1
v 0.185693 0.486103 0.546184 0 0 1
v 0.184958 0.485969 0.549937 0 0 1
v 0.181836 0.485355 0.552063 0 0 1
v 0.178155 0.48462 0.551317 0 0 1
v 0.176072 0.484196 0.548135 0 0 1
v 0.176806 0.48433 0.544382 0 0 1
v 0.179929 0.484945 0.542256 0 0 1
v 0.183609 0.485679 0.543002 0 0 1
v 0.185257 0.488295 0.546177 0 0 1
v 0.184522 0.48816 0.549931 0 0 1
v 0.1814 0.487546 0.552057 0 0 1
v 0.177719 0.486811 0.55131 0 0 1
v 0.175636 0.486387 0.548128 0 0 1
v 0.176371 0.486521 0.544375 0 0 1
v 0.179493 0.487136 0.542249 0 0 1
v 0.183173 0.48787 0.542995 0 0 1
v 0.184821 0.490486 0.54617 0 0 1
v 0.184086 0.490351 0.549924 0 0 1
v 0.180964 0.489737 0.55205 0 0 1
v 0.177284 0.489002 0.551303 0 0 1
v 0.1752 0.488578 0.548121 0 0 1
v 0.175935 0.488713 0.544368 0 0 1
v 0.179057 0.489327 0.542242 0 0 1
v 0.182738 0.490061 0.542989 0 0 1
v 0.184385 0.492677 0.546164 0 0 1
v 0.183651 0.492542 0.549917 0 0 1
v 0.180529 0.491928 0.552043 0 0 1
v 0.176848 0.491194 0.551296 0 0 1
v 0.174764 0.490769 0.548115 0 0 1
v 0.175499 0.490904 0.544361 0 0 1
v 0.178621 0.491518 0.542235 0 0 1
v 0.182302 0.492253 0.542982 0 0 1
v 0.183949 0.494868 0.546157 0 0 1
v 0.183215 0.494734 0.54991 0 0 1
v 0.180093 0.494119 0.552036 0 0 1
v 0.176412 0.493385 0.55129 0 0 1
v 0.174329 0.492961 0.548108 0 0 1
v 0.175063 0.493095 0.544354 0 0 1
v 0.178185 0.493709 0.542228 0 0 1
v 0.181866 0.494444 0.542975 0 0 1
v 0.183755 0.476687 0.54718 0 0 1
v 0.180882 0.48515 0.54716 0 0 1
v 0.188239 0.478206 0.545573 0 0 1
v 0.188 0.478134 0.549392 0 0 1
v 0.185273 0.477214 0.551915 0 0 1
v 0.181657 0.475986 0.551665 0 0 1
v 0.17927 0.475169 0.548788 0 0 1
v 0.17951 0.475241 0.544969 0 0 1
v 0.182236 0.47616 0.542446 0 0 1
v 0.185852 0.477388 0.542696 0 0 1
v 0.187521 0.480321 0.545568 0 0 1
v 0.187281 0.480249 0.549387 0 0 1
v 0.184555 0.47933 0.55191 0 0 1
v 0.180939 0.478102 0.551659 0 0 1
v 0.178552 0.477285 0.548782 0 0 1
v 0.178792 0.477357 0.544964 0 0 1
v 0.181518 0.478276 0.54244 0 0 1
v 0.185134 0.479504 0.542691 0 0 1
v 0.186803 0.482437 0.545563 0 0 1
v 0.186563 0.482365 0.549381 0 0 1
v 0.183837 0.481445 0.551905 0 0 1
v 0.180221 0.480217 0.551654 0 0 1
v 0.177834 0.4794 0.548777 0 0 1
v 0.178074 0.479472 0.544958 0 0 1
v 0.1808 0.480391 0.542435 0 0 1
v 0.184416 0.481619 0.542686 0 0 1
v 0.186085 0.484552 0.545558 0 0 1
v 0.185845 0.48448 0.549376 0 0 1
v 0.183119 0.483561 0.551899 0 0 1
v 0.179503 0.482333 0.551649 0 0 1
v 0.177116 0.481516 0.548772 0 0 1
v 0.177356 0.481588 0.544953 0 0 1
v 0.180082 0.482507 0.54243 0 0 1
v 0.183698 0.483735 0.54268 0 0 1
v 0.185367 0.486668 0.545552 0 0 1
v 0.185127 0.486596 0.549371 0 0 1
v 0.182401 0.485677 0.551894 0 0 1
v 0.178785 0.484449 0.551644 0 0 1
v 0.176398 0.483631 0.548767 0 0 1
v 0.176638 0.483703 0.544948 0 0 1
v 0.179364 0.484623 0.542425 0 0 1
v 0.18298 0.485851 0.542675 0 0 1
v 0.187707 0.468672 0.547194 0 0 1
v 0.183755 0.476687 0.54718 0 0 1
v 0.191731 0.470653 0.544983 0 0 1
v 0.191953 0.470769 0.548801 0 0 1
v 0.189688 0.469657 0.551679 0 0 1
v 0.186263 0.467968 0.551929 0 0 1
v 0.183684 0.466692 0.549406 0 0 1
v 0.183462 0.466576 0.545587 0 0 1
v 0.185727 0.467688 0.54271 0 0 1
v 0.189152 0.469377 0.54246 0 0 1
v 0.190743 0.472656 0.544979 0 0 1
v 0.190964 0.472772 0.548798 0 0 1
v 0.188699 0.47166 0.551675 0 0 1
v 0.185274 0.469972 0.551925 0 0 1
v 0.182696 0.468696 0.549402 0 0 1
v 0.182474 0.46858 0.545584 0 0 1
v 0.184739 0.469692 0.542706 0 0 1
v 0.188164 0.47138 0.542456 0 0 1
v 0.189754 0.47466 0.544976 0 0 1
v 0.189976 0.474776 0.548794 0 0 1
v 0.187711 0.473664 0.551672 0 0 1
v 0.184286 0.471976 0.551922 0 0 1
v 0.181708 0.4707 0.549399 0 0 1
v 0.181486 0.470584 0.54558 0 0 1
v 0.183751 0.471696 0.542703 0 0 1
v 0.187176 0.473384 0.542453 0 0 1
v 0.188766 0.476664 0.544972 0 0 1
v 0.188988 0.47678 0.548791 0 0 1
v 0.186723 0.475668 0.551668 0 0 1
v 0.183298 0.473979 0.551918 0 0 1
v 0.180719 0.472703 0.549395 0 0 1
v 0.180498 0.472587 0.545577 0 0 1
v 0.182763 0.473699 0.542699 0 0 1
v 0.186188 0.475388 0.542449 0 0 1
v 0.187778 0.478668 0.544969 0 0 1
v 0.188 0.478784 0.548788 0 0 1
v 0.185735 0.477672 0.551665 0 0 1
v 0.18231 0.475983 0.551915 0 0 1
v 0.179731 0.474707 0.549392 0 0 1
v 0.17951 0.474591 0.545573 0 0 1
v 0.181775 0.475703 0.542696 0 0 1
v 0.1852 0.477392 0.542446 0 0 1
v 0.192672 0.461242 0.547201 0 0 1
v 0.187707 0.468672 0.547194 0 0 1
v 0.19613 0.46355 0.544423 0 0 1
v 0.196749 0.463967 0.548176 0 0 1
v 0.19498 0.462788 0.551358 0 0 1
v 0.191859 0.460703 0.552105 0 0 1
v 0.189214 0.458934 0.549979 0 0 1
v 0.188595 0.458517 0.546226 0 0 1
v 0.190364 0.459696 0.543044 0 0 1
v 0.193485 0.461781 0.542297 0 0 1
v 0.194889 0.465408 0.544421 0 0 1
v 0.195508 0.465825 0.548175 0 0 1
v 0.193739 0.464645 0.551357 0 0 1
v 0.190618 0.462561 0.552103 0 0 1
v 0.187973 0.460792 0.549977 0 0 1
v 0.187354 0.460375 0.546224 0 0 1
v 0.189123 0.461554 0.543042 0 0 1
v 0.192244 0.463638 0.542295 0 0 1
v 0.193648 0.467265 0.54442 0 0 1
v 0.194267 0.467682 0.548173 0 0 1
v 0.192498 0.466503 0.551355 0 0 1
v 0.189376 0.464418 0.552102 0 0 1
v 0.186732 0.462649 0.549975 0 0 1
v 0.186113 0.462232 0.546222 0 0 1
v 0.187882 0.463411 0.54304 0 0 1
v 0.191003 0.465496 0.542294 0 0 1
v 0.192406 0.469123 0.544418 0 0 1
v 0.193026 0.46954 0.548171 0 0 1
v 0.191256 0.468361 0.551353 0 0 1
v 0.188135 0.466276 0.5521 0 0 1
v 0.185491 0.464507 0.549974 0 0 1
v 0.184871 0.46409 0.54622 0 0 1
v 0.186641 0.465269 0.543039 0 0 1
v 0.189762 0.467354 0.542292 0 0 1
v 0.191165 0.47098 0.544416 0 0 1
v 0.191784 0.471397 0.54817 0 0 1
v 0.190015 0.470218 0.551352 0 0 1
v 0.186894 0.468134 0.552098 0 0 1
v 0.184249 0.466364 0.549972 0 0 1
v 0.18363 0.465947 0.546219 0 0 1
v 0.185399 0.467127 0.543037 0 0 1
v 0.18852 0.469211 0.54229 0 0 1
v 0.198564 0.454523 0.547201 0 0 1
v 0.192672 0.461242 0.547201 0 0 1
v 0.20139 0.457002 0.543904 0 0 1
v 0.202315 0.457813 0.547528 0 0 1
v 0.201043 0.456697 0.55096 0 0 1
v 0.198318 0.454307 0.55219 0 0 1
v 0.195738 0.452044 0.550497 0 0 1
v 0.194813 0.451233 0.546874 0 0 1
v 0.196085 0.45235 0.543441 0 0 1
v 0.19881 0.454739 0.542211 0 0 1
v 0.199917 0.458682 0.543904 0 0 1
v 0.200842 0.459492 0.547528 0 0 1
v 0.19957 0.458376 0.55096 0 0 1
v 0.196845 0.455987 0.55219 0 0 1
v 0.194265 0.453724 0.550497 0 0 1
v 0.19334 0.452913 0.546874 0 0 1
v 0.194612 0.454029 0.543441 0 0 1
v 0.197337 0.456419 0.542211 0 0 1
v 0.198444 0.460361 0.543904 0 0 1
v 0.199369 0.461172 0.547528 0 0 1
v 0.198097 0.460056 0.55096 0 0 1
v 0.195372 0.457667 0.55219 0 0 1
v 0.192792 0.455404 0.550497 0 0 1
v 0.191867 0.454593 0.546874 0 0 1
v 0.193139 0.455709 0.543442 0 0 1
v 0.195864 0.458098 0.542211 0 0 1
v 0.196971 0.462041 0.543904 0 0 1
v 0.197896 0.462852 0.547528 0 0 1
v 0.196624 0.461736 0.55096 0 0 1
v 0.193899 0.459346 0.55219 0 0 1
v 0.191319 0.457084 0.550498 0 0 1
v 0.190394 0.456273 0.546874 0 0 1
v 0.191666 0.457389 0.543442 0 0 1
v 0.194391 0.459778 0.542212 0 0 1
v 0.195498 0.463721 0.543904 0 0 1
v 0.196423 0.464532 0.547528 0 0 1
v 0.195151 0.463415 0.55096 0 0 1
v 0.192426 0.461026 0.55219 0 0 1
v 0.189846 0.458763 0.550498 0 0 1
v 0.188921 0.457952 0.546874 0 0 1
v 0.190193 0.459068 0.543442 0 0 1
v 0.192918 0.461458 0.542212 0 0 1
v 0.205283 0.448631 0.547193 0 0 1
v 0.198564 0.454523 0.547201 0 0 1
v 0.207454 0.451112 0.543434 0 0 1
v 0.208572 0.452382 0.546866 0 0 1
v 0.207764 0.451455 0.55049 0 0 1
v 0.205502 0.448874 0.552182 0 0 1
v 0.203112 0.44615 0.550952 0 0 1
v 0.201993 0.444879 0.54752 0 0 1
v 0.202802 0.445806 0.543896 0 0 1
v 0.205064 0.448388 0.542204 0 0 1
v 0.205775 0.452585 0.543436 0 0 1
v 0.206893 0.453855 0.546868 0 0 1
v 0.206084 0.452928 0.550492 0 0 1
v 0.203822 0.450347 0.552184 0 0 1
v 0.201432 0.447623 0.550954 0 0 1
v 0.200314 0.446353 0.547522 0 0 1
v 0.201123 0.447279 0.543898 0 0 1
v 0.203384 0.449861 0.542206 0 0 1
v 0.204095 0.454058 0.543438 0 0 1
v 0.205213 0.455328 0.54687 0 0 1
v 0.204404 0.454401 0.550494 0 0 1
v 0.202142 0.45182 0.552186 0 0 1
v 0.199752 0.449096 0.550956 0 0 1
v 0.198634 0.447826 0.547524 0 0 1
v 0.199443 0.448753 0.5439 0 0 1
v 0.201705 0.451334 0.542207 0 0 1
v 0.202415 0.455531 0.543439 0 0 1
v 0.203533 0.456801 0.546872 0 0 1
v 0.202725 0.455874 0.550495 0 0 1
v 0.200463 0.453293 0.552188 0 0 1
v 0.198073 0.450569 0.550958 0 0 1
v 0.196954 0.449299 0.547526 0 0 1
v 0.197763 0.450226 0.543902 0 0 1
v 0.200025 0.452807 0.542209 0 0 1
v 0.200736 0.457004 0.543441 0 0 1
v 0.201854 0.458274 0.546874 0 0 1
v 0.201045 0.457348 0.550497 0 0 1
v 0.198783 0.454766 0.55219 0 0 1
v 0.196393 0.452042 0.55096 0 0 1
v 0.195275 0.450772 0.547528 0 0 1
v 0.196083 0.451699 0.543904 0 0 1
v 0.198345 0.45428 0.542211 0 0 1
v 0.212713 0.443666 0.547178 0 0 1
v 0.205283 0.448631 0.547193 0 0 1
v 0.214251 0.445979 0.543021 0 0 1
v 0.215436 0.447744 0.546203 0 0 1
v 0.215027 0.44712 0.549956 0 0 1
v 0.213262 0.444472 0.552082 0 0 1
v 0.211176 0.441352 0.551335 0 0 1
v 0.20999 0.439588 0.548154 0 0 1
v 0.2104 0.440212 0.5444 0 0 1
v 0.212165 0.442859 0.542274 0 0 1
v 0.212393 0.447221 0.543025 0 0 1
v 0.213579 0.448985 0.546206 0 0 1
v 0.213169 0.448361 0.54996 0 0 1
v 0.211404 0.445714 0.552086 0 0 1
v 0.209318 0.442594 0.551339 0 0 1
v 0.208133 0.440829 0.548157 0 0 1
v 0.208542 0.441453 0.544404 0 0 1
v 0.210307 0.444101 0.542278 0 0 1
v 0.210536 0.448462 0.543028 0 0 1
v 0.211721 0.450227 0.54621 0 0 1
v 0.211312 0.449602 0.549963 0 0 1
v 0.209547 0.446955 0.552089 0 0 1
v 0.20746 0.443835 0.551343 0 0 1
v 0.206275 0.44207 0.548161 0 0 1
v 0.206685 0.442694 0.544408 0 0 1
v 0.208449 0.445342 0.542282 0 0 1
v 0.208678 0.449703 0.543032 0 0 1
v 0.209864 0.451468 0.546214 0 0 1
v 0.209454 0.450844 0.549967 0 0 1
v 0.207689 0.448196 0.552093 0 0 1
v 0.205603 0.445076 0.551347 0 0 1
v 0.204417 0.443311 0.548165 0 0 1
v 0.204827 0.443935 0.544411 0 0 1
v 0.206592 0.446583 0.542285 0 0 1
v 0.206821 0.450944 0.543036 0 0 1
v 0.208006 0.452709 0.546218 0 0 1
v 0.207596 0.452085 0.549971 0 0 1
v 0.205832 0.449437 0.552097 0 0 1
v 0.203745 0.446317 0.55135 0 0 1
v 0.20256 0.444552 0.548168 0 0 1
v 0.202969 0.445177 0.544415 0 0 1
v 0.204734 0.447824 0.542289 0 0 1
v 0.220728 0.439713 0.547157 0 0 1
v 0.212713 0.443666 0.547178 0 0 1
v 0.221697 0.441701 0.542672 0 0 1
v 0.222819 0.443961 0.54555 0 0 1
v 0.222716 0.443733 0.549368 0 0 1
v 0.221449 0.44115 0.551891 0 0 1
v 0.21976 0.437725 0.551641 0 0 1
v 0.218637 0.435465 0.548764 0 0 1
v 0.21874 0.435694 0.544945 0 0 1
v 0.220007 0.438277 0.542422 0 0 1
v 0.219693 0.44269 0.542678 0 0 1
v 0.220815 0.444949 0.545555 0 0 1
v 0.220713 0.444721 0.549374 0 0 1
v 0.219445 0.442138 0.551897 0 0 1
v 0.217756 0.438713 0.551646 0 0 1
v 0.216634 0.436453 0.548769 0 0 1
v 0.216736 0.436682 0.544951 0 0 1
v 0.218003 0.439265 0.542427 0 0 1
v 0.217689 0.443678 0.542683 0 0 1
v 0.218811 0.445938 0.54556 0 0 1
v 0.218709 0.445709 0.549379 0 0 1
v 0.217442 0.443126 0.551902 0 0 1
v 0.215752 0.439701 0.551652 0 0 1
v 0.21463 0.437441 0.548775 0 0 1
v 0.214732 0.43767 0.544956 0 0 1
v 0.216 0.440253 0.542433 0 0 1
v 0.215685 0.444666 0.542688 0 0 1
v 0.216808 0.446926 0.545566 0 0 1
v 0.216705 0.446697 0.549384 0 0 1
v 0.215438 0.444114 0.551907 0 0 1
v 0.213749 0.440689 0.551657 0 0 1
v 0.212626 0.43843 0.54878 0 0 1
v 0.212729 0.438658 0.544961 0 0 1
v 0.213996 0.441241 0.542438 0 0 1
v 0.213682 0.445654 0.542694 0 0 1
v 0.214804 0.447914 0.545571 0 0 1
v 0.214702 0.447685 0.54939 0 0 1
v 0.213434 0.445102 0.551913 0 0 1
v 0.211745 0.441678 0.551662 0 0 1
v 0.210623 0.439418 0.548785 0 0 1
v 0.210725 0.439646 0.544967 0 0 1
v 0.211992 0.44223 0.542444 0 0 1
v 0.22919 0.436841 0.547129 0 0 1
v 0.220728 0.439713 0.547157 0 0 1
v 0.229693 0.438367 0.542394 0 0 1
v 0.230625 0.441089 0.544917 0 0 1
v 0.230717 0.441322 0.548736 0 0 1
v 0.229914 0.43893 0.551613 0 0 1
v 0.228688 0.435314 0.551863 0 0 1
v 0.227755 0.432592 0.54934 0 0 1
v 0.227663 0.432359 0.545521 0 0 1
v 0.228466 0.434751 0.542644 0 0 1
v 0.227577 0.439085 0.542401 0 0 1
v 0.22851 0.441807 0.544924 0 0 1
v 0.228601 0.44204 0.548743 0 0 1
v 0.227799 0.439648 0.55162 0 0 1
v 0.226572 0.436032 0.55187 0 0 1
v 0.22564 0.43331 0.549347 0 0 1
v 0.225548 0.433077 0.545528 0 0 1
v 0.226351 0.435469 0.542651 0 0 1
v 0.225462 0.439804 0.542408 0 0 1
v 0.226394 0.442526 0.544931 0 0 1
v 0.226486 0.442759 0.54875 0 0 1
v 0.225683 0.440366 0.551627 0 0 1
v 0.224457 0.43675 0.551877 0 0 1
v 0.223524 0.434028 0.549354 0 0 1
v 0.223432 0.433795 0.545535 0 0 1
v 0.224235 0.436187 0.542658 0 0 1
v 0.223346 0.440522 0.542415 0 0 1
v 0.224279 0.443244 0.544938 0 0 1
v 0.22437 0.443477 0.548757 0 0 1
v 0.223568 0.441085 0.551634 0 0 1
v 0.222341 0.437468 0.551884 0 0 1
v 0.221409 0.434746 0.549361 0 0 1
v 0.221317 0.434513 0.545542 0 0 1
v 0.222119 0.436906 0.542665 0 0 1
v 0.221231 0.44124 0.542422 0 0 1
v 0.222163 0.443962 0.544945 0 0 1
v 0.222255 0.444195 0.548764 0 0 1
v 0.221452 0.441803 0.551641 0 0 1
v 0.220225 0.438186 0.551891 0 0 1
v 0.219293 0.435465 0.549368 0 0 1
v 0.219201 0.435232 0.545549 0 0 1
v 0.220004 0.437624 0.542672 0 0 1
v 0.237955 0.435097 0.547095 0 0 1
v 0.22919 0.436841 0.547129 0 0 1
v 0.238127 0.436057 0.542191 0 0 1
v 0.238756 0.439177 0.544317 0 0 1
v 0.238915 0.439906 0.54807 0 0 1
v 0.238512 0.437818 0.551252 0 0 1
v 0.237783 0.434137 0.551998 0 0 1
v 0.237154 0.431017 0.549872 0 0 1
v 0.236994 0.430288 0.546119 0 0 1
v 0.237397 0.432376 0.542937 0 0 1
v 0.235936 0.436493 0.542199 0 0 1
v 0.236565 0.439612 0.544325 0 0 1
v 0.236724 0.440342 0.548079 0 0 1
v 0.236321 0.438254 0.55126 0 0 1
v 0.235592 0.434572 0.552007 0 0 1
v 0.234963 0.431453 0.549881 0 0 1
v 0.234803 0.430724 0.546128 0 0 1
v 0.235206 0.432812 0.542946 0 0 1
v 0.233745 0.436929 0.542208 0 0 1
v 0.234373 0.440048 0.544334 0 0 1
v 0.234533 0.440778 0.548087 0 0 1
v 0.23413 0.43869 0.551269 0 0 1
v 0.233401 0.435008 0.552015 0 0 1
v 0.232772 0.431889 0.549889 0 0 1
v 0.232612 0.43116 0.546136 0 0 1
v 0.233015 0.433247 0.542954 0 0 1
v 0.231553 0.437365 0.542216 0 0 1
v 0.232182 0.440484 0.544342 0 0 1
v 0.232342 0.441214 0.548096 0 0 1
v 0.231939 0.439126 0.551277 0 0 1
v 0.231209 0.435444 0.552024 0 0 1
v 0.230581 0.432325 0.549898 0 0 1
v 0.230421 0.431596 0.546145 0 0 1
v 0.230824 0.433683 0.542963 0 0 1
v 0.229362 0.437801 0.542225 0 0 1
v 0.229991 0.44092 0.544351 0 0 1
v 0.230151 0.441649 0.548104 0 0 1
v 0.229748 0.439562 0.551286 0 0 1
v 0.229018 0.43588 0.552032 0 0 1
v 0.228389 0.432761 0.549906 0 0 1
v 0.22823 0.432032 0.546153 0 0 1
v 0.228633 0.434119 0.542971 0 0 1
v 0.246872 0.434512 0.547055 0 0 1
v 0.237955 0.435097 0.547095 0 0 1
v 0.246872 0.43484 0.542066 0 0 1
v 0.247104 0.438264 0.543759 0 0 1
v 0.2472 0.439491 0.547382 0 0 1
v 0.247104 0.437801 0.550814 0 0 1
v 0.246873 0.434184 0.552044 0 0 1
v 0.246641 0.43076 0.550352 0 0 1
v 0.246544 0.429534 0.546728 0 0 1
v 0.24664 0.431224 0.543296 0 0 1
v 0.244642 0.434986 0.542076 0 0 1
v 0.244874 0.438411 0.543768 0 0 1
v 0.244971 0.439637 0.547392 0 0 1
v 0.244875 0.437947 0.550824 0 0 1
v 0.244643 0.434331 0.552054 0 0 1
v 0.244411 0.430906 0.550362 0 0 1
v 0.244315 0.42968 0.546738 0 0 1
v 0.244411 0.43137 0.543306 0 0 1
v 0.242413 0.435133 0.542086 0 0 1
v 0.242645 0.438557 0.543778 0 0 1
v 0.242741 0.439783 0.547402 0 0 1
v 0.242646 0.438093 0.550834 0 0 1
v 0.242414 0.434477 0.552064 0 0 1
v 0.242182 0.431052 0.550372 0 0 1
v 0.242086 0.429826 0.546748 0 0 1
v 0.242181 0.431516 0.543316 0 0 1
v 0.240184 0.435279 0.542095 0 0 1
v 0.240416 0.438703 0.543788 0 0 1
v 0.240512 0.439929 0.547412 0 0 1
v 0.240416 0.438239 0.550844 0 0 1
v 0.240185 0.434623 0.552074 0 0 1
v 0.239953 0.431199 0.550381 0 0 1
v 0.239856 0.429972 0.546758 0 0 1
v 0.239952 0.431662 0.543326 0 0 1
v 0.237954 0.435425 0.542105 0 0 1
v 0.238186 0.438849 0.543798 0 0 1
v 0.238283 0.440075 0.547422 0 0 1
v 0.238187 0.438385 0.550854 0 0 1
v 0.237955 0.434769 0.552084 0 0 1
v 0.237723 0.431345 0.550391 0 0 1
v 0.237627 0.430118 0.546767 0 0 1
v 0.237723 0.431808 0.543335 0 0 1
v 0.255789 0.435097 0.547011 0 0 1
v 0.246872 0.434512 0.547055 0 0 1
v 0.255786 0.434769 0.542022 0 0 1
v 0.255555 0.438385 0.543252 0 0 1
v 0.255462 0.440075 0.546684 0 0 1
v 0.25556 0.438849 0.550308 0 0 1
v 0.255793 0.435424 0.552 0 0 1
v 0.256024 0.431808 0.55077 0 0 1
v 0.256117 0.430118 0.547338 0 0 1
v 0.256019 0.431344 0.543714 0 0 1
v 0.253557 0.434623 0.542033 0 0 1
v 0.253326 0.438239 0.543263 0 0 1
v 0.253232 0.439929 0.546695 0 0 1
v 0.253331 0.438703 0.550319 0 0 1
v 0.253563 0.435278 0.552011 0 0 1
v 0.253794 0.431662 0.550781 0 0 1
v 0.253888 0.429972 0.547349 0 0 1
v 0.25379 0.431198 0.543725 0 0 1
v 0.251328 0.434477 0.542044 0 0 1
v 0.251097 0.438093 0.543274 0 0 1
v 0.251003 0.439783 0.546706 0 0 1
v 0.251101 0.438557 0.55033 0 0 1
v 0.251334 0.435132 0.552022 0 0 1
v 0.251565 0.431516 0.550792 0 0 1
v 0.251659 0.429826 0.54736 0 0 1
v 0.25156 0.431052 0.543736 0 0 1
v 0.249098 0.434331 0.542055 0 0 1
v 0.248867 0.437947 0.543285 0 0 1
v 0.248774 0.439637 0.546717 0 0 1
v 0.248872 0.438411 0.550341 0 0 1
v 0.249105 0.434986 0.552033 0 0 1
v 0.249336 0.43137 0.550803 0 0 1
v 0.249429 0.42968 0.547371 0 0 1
v 0.249331 0.430906 0.543747 0 0 1
v 0.246869 0.434184 0.542066 0 0 1
v 0.246638 0.437801 0.543296 0 0 1
v 0.246544 0.439491 0.546728 0 0 1
v 0.246643 0.438264 0.550352 0 0 1
v 0.246875 0.43484 0.552044 0 0 1
v 0.247106 0.431224 0.550814 0 0 1
v 0.2472 0.429534 0.547382 0 0 1
v 0.247102 0.43076 0.543758 0 0 1
v 0.264554 0.43684 0.546963 0 0 1
v 0.255789 0.435097 0.547011 0 0 1
v 0.264718 0.435878 0.542059 0 0 1
v 0.26399 0.43956 0.542806 0 0 1
v 0.263592 0.441649 0.545988 0 0 1
v 0.263758 0.44092 0.549741 0 0 1
v 0.26439 0.437802 0.551867 0 0 1
v 0.265118 0.43412 0.55112 0 0 1
v 0.265516 0.432031 0.547938 0 0 1
v 0.26535 0.43276 0.544185 0 0 1
v 0.262527 0.435442 0.542071 0 0 1
v 0.261799 0.439124 0.542818 0 0 1
v 0.261401 0.441213 0.546 0 0 1
v 0.261567 0.440484 0.549753 0 0 1
v 0.262199 0.437366 0.551879 0 0 1
v 0.262927 0.433684 0.551132 0 0 1
v 0.263325 0.431595 0.54795 0 0 1
v 0.263159 0.432324 0.544197 0 0 1
v 0.260336 0.435006 0.542083 0 0 1
v 0.259608 0.438688 0.54283 0 0 1
v 0.25921 0.440777 0.546012 0 0 1
v 0.259375 0.440049 0.549765 0 0 1
v 0.260007 0.43693 0.551891 0 0 1
v 0.260736 0.433248 0.551144 0 0 1
v 0.261134 0.43116 0.547962 0 0 1
v 0.260968 0.431888 0.544209 0 0 1
v 0.258145 0.434571 0.542095 0 0 1
v 0.257417 0.438253 0.542842 0 0 1
v 0.257019 0.440341 0.546024 0 0 1
v 0.257184 0.439613 0.549777 0 0 1
v 0.257816 0.436494 0.551903 0 0 1
v 0.258544 0.432812 0.551156 0 0 1
v 0.258942 0.430724 0.547974 0 0 1
v 0.258777 0.431452 0.544221 0 0 1
v 0.255954 0.434135 0.542107 0 0 1
v 0.255226 0.437817 0.542854 0 0 1
v 0.254828 0.439905 0.546036 0 0 1
v 0.254993 0.439177 0.549789 0 0 1
v 0.255625 0.436058 0.551915 0 0 1
v 0.256353 0.432376 0.551168 0 0 1
v 0.256751 0.430288 0.547986 0 0 1
v 0.256586 0.431016 0.544233 0 0 1
v 0.273016 0.439712 0.546912 0 0 1
v 0.264554 0.43684 0.546963 0 0 1
v 0.273507 0.438182 0.542177 0 0 1
v 0.272281 0.441798 0.542427 0 0 1
v 0.271486 0.444193 0.545305 0 0 1
v 0.271587 0.443963 0.549123 0 0 1
v 0.272525 0.441243 0.551646 0 0 1
v 0.273751 0.437626 0.551396 0 0 1
v 0.274547 0.435232 0.548519 0 0 1
v 0.274446 0.435462 0.5447 0 0 1
v 0.271392 0.437464 0.54219 0 0 1
v 0.270166 0.44108 0.54244 0 0 1
v 0.26937 0.443475 0.545317 0 0 1
v 0.269471 0.443245 0.549136 0 0 1
v 0.27041 0.440525 0.551659 0 0 1
v 0.271636 0.436908 0.551409 0 0 1
v 0.272431 0.434514 0.548532 0 0 1
v 0.27233 0.434744 0.544713 0 0 1
v 0.269276 0.436745 0.542203 0 0 1
v 0.26805 0.440362 0.542453 0 0 1
v 0.267255 0.442757 0.54533 0 0 1
v 0.267356 0.442526 0.549149 0 0 1
v 0.268294 0.439807 0.551672 0 0 1
v 0.26952 0.43619 0.551422 0 0 1
v 0.270316 0.433796 0.548544 0 0 1
v 0.270215 0.434026 0.544726 0 0 1
v 0.267161 0.436027 0.542216 0 0 1
v 0.265934 0.439644 0.542466 0 0 1
v 0.265139 0.442038 0.545343 0 0 1
v 0.26524 0.441808 0.549162 0 0 1
v 0.266179 0.439089 0.551685 0 0 1
v 0.267405 0.435472 0.551434 0 0 1
v 0.2682 0.433077 0.548557 0 0 1
v 0.268099 0.433308 0.544739 0 0 1
v 0.265045 0.435309 0.542228 0 0 1
v 0.263819 0.438926 0.542479 0 0 1
v 0.263024 0.44132 0.545356 0 0 1
v 0.263125 0.44109 0.549174 0 0 1
v 0.264063 0.43837 0.551698 0 0 1
v 0.265289 0.434754 0.551447 0 0 1
v 0.266085 0.432359 0.54857 0 0 1
v 0.265983 0.432589 0.544751 0 0 1
v 0.281031 0.443665 0.546858 0 0 1
v 0.273016 0.439712 0.546912 0 0 1
v 0.281985 0.441669 0.542374 0 0 1
v 0.280295 0.445094 0.542124 0 0 1
v 0.279036 0.447681 0.544647 0 0 1
v 0.278946 0.447915 0.548465 0 0 1
v 0.280077 0.44566 0.551342 0 0 1
v 0.281767 0.442236 0.551593 0 0 1
v 0.283026 0.439648 0.549069 0 0 1
v 0.283116 0.439414 0.545251 0 0 1
v 0.279981 0.440681 0.542387 0 0 1
v 0.278291 0.444105 0.542137 0 0 1
v 0.277032 0.446693 0.54466 0 0 1
v 0.276942 0.446927 0.548479 0 0 1
v 0.278073 0.444672 0.551356 0 0 1
v 0.279764 0.441247 0.551606 0 0 1
v 0.281023 0.43866 0.549083 0 0 1
v 0.281113 0.438426 0.545264 0 0 1
v 0.277978 0.439693 0.542401 0 0 1
v 0.276287 0.443117 0.54215 0 0 1
v 0.275028 0.445704 0.544674 0 0 1
v 0.274938 0.445939 0.548492 0 0 1
v 0.27607 0.443684 0.551369 0 0 1
v 0.27776 0.440259 0.551619 0 0 1
v 0.279019 0.437672 0.549096 0 0 1
v 0.279109 0.437438 0.545278 0 0 1
v 0.275974 0.438705 0.542414 0 0 1
v 0.274284 0.442129 0.542164 0 0 1
v 0.273025 0.444716 0.544687 0 0 1
v 0.272935 0.444951 0.548506 0 0 1
v 0.274066 0.442696 0.551383 0 0 1
v 0.275756 0.439271 0.551633 0 0 1
v 0.277015 0.436684 0.54911 0 0 1
v 0.277105 0.43645 0.545291 0 0 1
v 0.27397 0.437717 0.542427 0 0 1
v 0.27228 0.441141 0.542177 0 0 1
v 0.271021 0.443728 0.5447 0 0 1
v 0.270931 0.443963 0.548519 0 0 1
v 0.272062 0.441707 0.551396 0 0 1
v 0.273753 0.438283 0.551646 0 0 1
v 0.275011 0.435696 0.549123 0 0 1
v 0.275102 0.435462 0.545304 0 0 1
v 0.288461 0.448629 0.546803 0 0 1
v 0.281031 0.443665 0.546858 0 0 1
v 0.289983 0.446305 0.542646 0 0 1
v 0.287894 0.449424 0.541899 0 0 1
v 0.286138 0.452077 0.544026 0 0 1
v 0.285742 0.45271 0.547779 0 0 1
v 0.286939 0.450953 0.550961 0 0 1
v 0.289028 0.447835 0.551707 0 0 1
v 0.290785 0.445182 0.549581 0 0 1
v 0.291181 0.444548 0.545828 0 0 1
v 0.288126 0.445064 0.54266 0 0 1
v 0.286037 0.448182 0.541913 0 0 1
v 0.28428 0.450835 0.544039 0 0 1
v 0.283884 0.451469 0.547792 0 0 1
v 0.285082 0.449712 0.550974 0 0 1
v 0.287171 0.446594 0.551721 0 0 1
v 0.288928 0.443941 0.549595 0 0 1
v 0.289323 0.443307 0.545841 0 0 1
v 0.286268 0.443823 0.542673 0 0 1
v 0.284179 0.446941 0.541927 0 0 1
v 0.282422 0.449594 0.544053 0 0 1
v 0.282027 0.450228 0.547806 0 0 1
v 0.283224 0.448471 0.550988 0 0 1
v 0.285313 0.445353 0.551735 0 0 1
v 0.28707 0.4427 0.549608 0 0 1
v 0.287466 0.442066 0.545855 0 0 1
v 0.284411 0.442582 0.542687 0 0 1
v 0.282322 0.4457 0.541941 0 0 1
v 0.280565 0.448353 0.544067 0 0 1
v 0.280169 0.448987 0.54782 0 0 1
v 0.281367 0.44723 0.551002 0 0 1
v 0.283456 0.444111 0.551748 0 0 1
v 0.285213 0.441458 0.549622 0 0 1
v 0.285608 0.440825 0.545869 0 0 1
v 0.282553 0.441341 0.542701 0 0 1
v 0.280464 0.444459 0.541954 0 0 1
v 0.278707 0.447112 0.54408 0 0 1
v 0.278312 0.447745 0.547834 0 0 1
v 0.279509 0.445988 0.551015 0 0 1
v 0.281598 0.44287 0.551762 0 0 1
v 0.283355 0.440217 0.549636 0 0 1
v 0.28375 0.439584 0.545883 0 0 1
v 0.29518 0.454521 0.546748 0 0 1
v 0.288461 0.448629 0.546803 0 0 1
v 0.297336 0.452027 0.542989 0 0 1
v 0.294941 0.454747 0.541759 0 0 1
v 0.292686 0.457334 0.543451 0 0 1
v 0.291892 0.458274 0.547075 0 0 1
v 0.293024 0.457015 0.550507 0 0 1
v 0.295419 0.454296 0.551737 0 0 1
v 0.297674 0.451708 0.550045 0 0 1
v 0.298468 0.450769 0.546421 0 0 1
v 0.295657 0.450554 0.543003 0 0 1
v 0.293262 0.453274 0.541773 0 0 1
v 0.291007 0.455861 0.543465 0 0 1
v 0.290212 0.456801 0.547089 0 0 1
v 0.291344 0.455542 0.550521 0 0 1
v 0.293739 0.452823 0.551751 0 0 1
v 0.295994 0.450235 0.550058 0 0 1
v 0.296789 0.449296 0.546435 0 0 1
v 0.293977 0.449081 0.543016 0 0 1
v 0.291582 0.451801 0.541786 0 0 1
v 0.289327 0.454388 0.543479 0 0 1
v 0.288533 0.455328 0.547103 0 0 1
v 0.289665 0.454069 0.550535 0 0 1
v 0.29206 0.45135 0.551765 0 0 1
v 0.294315 0.448762 0.550072 0 0 1
v 0.295109 0.447823 0.546449 0 0 1
v 0.292297 0.447608 0.54303 0 0 1
v 0.289902 0.450328 0.5418 0 0 1
v 0.287647 0.452915 0.543493 0 0 1
v 0.286853 0.453855 0.547116 0 0 1
v 0.287985 0.452596 0.550549 0 0 1
v 0.29038 0.449877 0.551779 0 0 1
v 0.292635 0.447289 0.550086 0 0 1
v 0.293429 0.44635 0.546462 0 0 1
v 0.290618 0.446135 0.543044 0 0 1
v 0.288223 0.448855 0.541814 0 0 1
v 0.285967 0.451442 0.543507 0 0 1
v 0.285173 0.452382 0.54713 0 0 1
v 0.286305 0.451123 0.550562 0 0 1
v 0.2887 0.448404 0.551792 0 0 1
v 0.290955 0.445816 0.5501 0 0 1
v 0.29175 0.444877 0.546476 0 0 1
v 0.301072 0.46124 0.546693 0 0 1
v 0.29518 0.454521 0.546748 0 0 1
v 0.303885 0.458746 0.543397 0 0 1
v 0.301298 0.461001 0.541704 0 0 1
v 0.298578 0.463396 0.542934 0 0 1
v 0.29732 0.464528 0.546366 0 0 1
v 0.298259 0.463734 0.54999 0 0 1
v 0.300847 0.461479 0.551682 0 0 1
v 0.303566 0.459084 0.550452 0 0 1
v 0.304825 0.457952 0.54702 0 0 1
v 0.302412 0.457066 0.54341 0 0 1
v 0.299825 0.459322 0.541718 0 0 1
v 0.297105 0.461717 0.542948 0 0 1
v 0.295847 0.462848 0.54638 0 0 1
v 0.296786 0.462054 0.550004 0 0 1
v 0.299374 0.459799 0.551696 0 0 1
v 0.302093 0.457404 0.550466 0 0 1
v 0.303352 0.456272 0.547034 0 0 1
v 0.300939 0.455387 0.543424 0 0 1
v 0.298352 0.457642 0.541731 0 0 1
v 0.295632 0.460037 0.542961 0 0 1
v 0.294374 0.461169 0.546394 0 0 1
v 0.295313 0.460374 0.550017 0 0 1
v 0.297901 0.458119 0.55171 0 0 1
v 0.30062 0.455724 0.55048 0 0 1
v 0.301879 0.454592 0.547048 0 0 1
v 0.299466 0.453707 0.543438 0 0 1
v 0.296879 0.455962 0.541745 0 0 1
v 0.294159 0.458357 0.542975 0 0 1
v 0.292901 0.459489 0.546407 0 0 1
v 0.29384 0.458695 0.550031 0 0 1
v 0.296427 0.45644 0.551723 0 0 1
v 0.299147 0.454045 0.550493 0 0 1
v 0.300406 0.452913 0.547061 0 0 1
v 0.297993 0.452027 0.543451 0 0 1
v 0.295406 0.454283 0.541759 0 0 1
v 0.292686 0.456678 0.542989 0 0 1
v 0.291428 0.457809 0.546421 0 0 1
v 0.292367 0.457015 0.550045 0 0 1
v 0.294954 0.45476 0.551737 0 0 1
v 0.297674 0.452365 0.550507 0 0 1
v 0.298933 0.451233 0.547075 0 0 1
v 0.306037 0.46867 0.54664 0 0 1
v 0.301072 0.46124 0.546693 0 0 1
v 0.309485 0.466347 0.543862 0 0 1
v 0.306832 0.468104 0.541736 0 0 1
v 0.303714 0.470193 0.542483 0 0 1
v 0.301956 0.47139 0.545664 0 0 1
v 0.30259 0.470994 0.549418 0 0 1
v 0.305242 0.469236 0.551544 0 0 1
v 0.308361 0.467147 0.550797 0 0 1
v 0.310118 0.465951 0.547615 0 0 1
v 0.308243 0.464489 0.543875 0 0 1
v 0.305591 0.466246 0.541749 0 0 1
v 0.302472 0.468335 0.542496 0 0 1
v 0.300715 0.469532 0.545678 0 0 1
v 0.301348 0.469136 0.549431 0 0 1
v 0.304001 0.467379 0.551557 0 0 1
v 0.307119 0.46529 0.55081 0 0 1
v 0.308877 0.464093 0.547629 0 0 1
v 0.307002 0.462632 0.543889 0 0 1
v 0.304349 0.464389 0.541763 0 0 1
v 0.301231 0.466478 0.542509 0 0 1
v 0.299474 0.467675 0.545691 0 0 1
v 0.300107 0.467279 0.549444 0 0 1
v 0.30276 0.465521 0.55157 0 0 1
v 0.305878 0.463432 0.550824 0 0 1
v 0.307635 0.462235 0.547642 0 0 1
v 0.305761 0.460774 0.543902 0 0 1
v 0.303108 0.462531 0.541776 0 0 1
v 0.29999 0.46462 0.542523 0 0 1
v 0.298233 0.465817 0.545704 0 0 1
v 0.298866 0.465421 0.549458 0 0 1
v 0.301519 0.463664 0.551584 0 0 1
v 0.304637 0.461575 0.550837 0 0 1
v 0.306394 0.460378 0.547655 0 0 1
v 0.30452 0.458916 0.543915 0 0 1
v 0.301867 0.460674 0.541789 0 0 1
v 0.298749 0.462763 0.542536 0 0 1
v 0.296992 0.46396 0.545718 0 0 1
v 0.297625 0.463563 0.549471 0 0 1
v 0.300278 0.461806 0.551597 0 0 1
v 0.303396 0.459717 0.55085 0 0 1
v 0.305153 0.45852 0.547669 0 0 1
v 0.30999 0.476685 0.546589 0 0 1
v 0.306037 0.46867 0.54664 0 0 1
v 0.314006 0.47469 0.544378 0 0 1
v 0.311419 0.47595 0.541854 0 0 1
v 0.307995 0.47764 0.542105 0 0 1
v 0.305739 0.478771 0.544982 0 0 1
v 0.305973 0.47868 0.5488 0 0 1
v 0.30856 0.47742 0.551324 0 0 1
v 0.311984 0.47573 0.551073 0 0 1
v 0.31424 0.474599 0.548196 0 0 1
v 0.313018 0.472687 0.54439 0 0 1
v 0.310431 0.473946 0.541867 0 0 1
v 0.307007 0.475636 0.542117 0 0 1
v 0.304751 0.476767 0.544995 0 0 1
v 0.304985 0.476676 0.548813 0 0 1
v 0.307572 0.475416 0.551336 0 0 1
v 0.310996 0.473726 0.551086 0 0 1
v 0.313252 0.472595 0.548209 0 0 1
v 0.31203 0.470683 0.544403 0 0 1
v 0.309443 0.471943 0.54188 0 0 1
v 0.306019 0.473633 0.54213 0 0 1
v 0.303763 0.474763 0.545007 0 0 1
v 0.303997 0.474672 0.548826 0 0 1
v 0.306584 0.473413 0.551349 0 0 1
v 0.310008 0.471722 0.551099 0 0 1
v 0.312264 0.470592 0.548222 0 0 1
v 0.311042 0.468679 0.544416 0 0 1
v 0.308455 0.469939 0.541893 0 0 1
v 0.305031 0.471629 0.542143 0 0 1
v 0.302775 0.47276 0.54502 0 0 1
v 0.303009 0.472669 0.548839 0 0 1
v 0.305596 0.471409 0.551362 0 0 1
v 0.30902 0.469719 0.551111 0 0 1
v 0.311276 0.468588 0.548234 0 0 1
v 0.310053 0.466675 0.544428 0 0 1
v 0.307467 0.467935 0.541905 0 0 1
v 0.304042 0.469625 0.542156 0 0 1
v 0.301787 0.470756 0.545033 0 0 1
v 0.302021 0.470665 0.548851 0 0 1
v 0.304608 0.469405 0.551374 0 0 1
v 0.308032 0.467715 0.551124 0 0 1
v 0.310288 0.466584 0.548247 0 0 1
v 0.312862 0.485147 0.546541 0 0 1
v 0.30999 0.476685 0.546589 0 0 1
v 0.317343 0.483617 0.544934 0 0 1
v 0.314948 0.484414 0.542057 0 0 1
v 0.311332 0.48564 0.541807 0 0 1
v 0.308612 0.486577 0.54433 0 0 1
v 0.308381 0.486677 0.548148 0 0 1
v 0.310776 0.485881 0.551026 0 0 1
v 0.314392 0.484654 0.551276 0 0 1
v 0.317112 0.483717 0.548753 0 0 1
v 0.316625 0.481501 0.544946 0 0 1
v 0.31423 0.482298 0.542069 0 0 1
v 0.310614 0.483524 0.541819 0 0 1
v 0.307894 0.484462 0.544342 0 0 1
v 0.307663 0.484562 0.54816 0 0 1
v 0.310058 0.483765 0.551038 0 0 1
v 0.313674 0.482539 0.551288 0 0 1
v 0.316394 0.481601 0.548765 0 0 1
v 0.315906 0.479386 0.544958 0 0 1
v 0.313512 0.480182 0.542081 0 0 1
v 0.309896 0.481409 0.541831 0 0 1
v 0.307176 0.482346 0.544354 0 0 1
v 0.306945 0.482446 0.548172 0 0 1
v 0.309339 0.481649 0.551049 0 0 1
v 0.312956 0.480423 0.5513 0 0 1
v 0.315676 0.479486 0.548777 0 0 1
v 0.315188 0.47727 0.54497 0 0 1
v 0.312794 0.478067 0.542093 0 0 1
v 0.309178 0.479293 0.541842 0 0 1
v 0.306458 0.480231 0.544366 0 0 1
v 0.306227 0.48033 0.548184 0 0 1
v 0.308621 0.479534 0.551061 0 0 1
v 0.312238 0.478308 0.551312 0 0 1
v 0.314958 0.47737 0.548788 0 0 1
v 0.31447 0.475155 0.544982 0 0 1
v 0.312076 0.475951 0.542105 0 0 1
v 0.30846 0.477178 0.541854 0 0 1
v 0.305739 0.478115 0.544378 0 0 1
v 0.305509 0.478215 0.548196 0 0 1
v 0.307903 0.477418 0.551073 0 0 1
v 0.31152 0.476192 0.551324 0 0 1
v 0.31424 0.475255 0.5488 0 0 1
v 0.314605 0.493912 0.546498 0 0 1
v 0.312862 0.485147 0.546541 0 0 1
v 0.319414 0.49295 0.545522 0 0 1
v 0.317326 0.49335 0.54234 0 0 1
v 0.313644 0.494079 0.541594 0 0 1
v 0.310525 0.494709 0.54372 0 0 1
v 0.309797 0.494873 0.547473 0 0 1
v 0.311885 0.494474 0.550655 0 0 1
v 0.315567 0.493745 0.551402 0 0 1
v 0.318686 0.493114 0.549276 0 0 1
v 0.318978 0.490759 0.545533 0 0 1
v 0.31689 0.491159 0.542351 0 0 1
v 0.313208 0.491887 0.541605 0 0 1
v 0.31009 0.492518 0.543731 0 0 1
v 0.309361 0.492682 0.547484 0 0 1
v 0.311449 0.492282 0.550666 0 0 1
v 0.315131 0.491554 0.551412 0 0 1
v 0.31825 0.490923 0.549286 0 0 1
v 0.318543 0.488568 0.545544 0 0 1
v 0.316454 0.488968 0.542362 0 0 1
v 0.312772 0.489696 0.541616 0 0 1
v 0.309654 0.490327 0.543742 0 0 1
v 0.308925 0.490491 0.547495 0 0 1
v 0.311013 0.490091 0.550677 0 0 1
v 0.314695 0.489363 0.551423 0 0 1
v 0.317814 0.488732 0.549297 0 0 1
v 0.318107 0.486377 0.545555 0 0 1
v 0.316018 0.486776 0.542373 0 0 1
v 0.312337 0.487505 0.541627 0 0 1
v 0.309218 0.488136 0.543753 0 0 1
v 0.308489 0.4883 0.547506 0 0 1
v 0.310577 0.4879 0.550688 0 0 1
v 0.314259 0.487171 0.551434 0 0 1
v 0.317378 0.48654 0.549308 0 0 1
v 0.317671 0.484186 0.545566 0 0 1
v 0.315583 0.484585 0.542384 0 0 1
v 0.311901 0.485314 0.541637 0 0 1
v 0.308782 0.485945 0.543763 0 0 1
v 0.308053 0.486108 0.547517 0 0 1
v 0.310142 0.485709 0.550699 0 0 1
v 0.313823 0.48498 0.551445 0 0 1
v 0.316942 0.484349 0.549319 0 0 1
v 0.31519 0.502829 0.546459 0 0 1
v 0.314605 0.493912 0.546498 0 0 1
v 0.320168 0.502501 0.546132 0 0 1
v 0.318479 0.502597 0.5427 0 0 1
v 0.314862 0.502829 0.54147 0 0 1
v 0.311438 0.503061 0.543162 0 0 1
v 0.310211 0.503157 0.546786 0 0 1
v 0.311901 0.503061 0.550218 0 0 1
v 0.315518 0.502829 0.551448 0 0 1
v 0.318942 0.502597 0.549756 0 0 1
v 0.320022 0.500272 0.546142 0 0 1
v 0.318332 0.500368 0.542709 0 0 1
v 0.314716 0.500599 0.541479 0 0 1
v 0.311292 0.500831 0.543172 0 0 1
v 0.310065 0.500927 0.546796 0 0 1
v 0.311755 0.500832 0.550228 0 0 1
v 0.315372 0.5006 0.551458 0 0 1
v 0.318796 0.500368 0.549765 0 0 1
v 0.319876 0.498043 0.546151 0 0 1
v 0.318186 0.498138 0.542719 0 0 1
v 0.31457 0.49837 0.541489 0 0 1
v 0.311146 0.498602 0.543182 0 0 1
v 0.309919 0.498698 0.546805 0 0 1
v 0.311609 0.498602 0.550237 0 0 1
v 0.315225 0.498371 0.551468 0 0 1
v 0.31865 0.498139 0.549775 0 0 1
v 0.31973 0.495813 0.546161 0 0 1
v 0.31804 0.495909 0.542729 0 0 1
v 0.314424 0.496141 0.541499 0 0 1
v 0.311 0.496373 0.543191 0 0 1
v 0.309773 0.496469 0.546815 0 0 1
v 0.311463 0.496373 0.550247 0 0 1
v 0.315079 0.496141 0.551477 0 0 1
v 0.318504 0.495909 0.549785 0 0 1
v 0.319584 0.493584 0.546171 0 0 1
v 0.317894 0.49368 0.542739 0 0 1
v 0.314278 0.493911 0.541508 0 0 1
v 0.310853 0.494143 0.543201 0 0 1
v 0.309627 0.494239 0.546825 0 0 1
v 0.311317 0.494144 0.550257 0 0 1
v 0.314933 0.493912 0.551487 0 0 1
v 0.318358 0.49368 0.549794 0 0 1
v 0.315325 0.487538 0.449962 0 0 1
v 0.31591 0.496455 0.449912 0 0 1
v 0.320304 0.487214 0.450289 0 0 1
v 0.318616 0.487344 0.453721 0 0 1
v 0.315001 0.487587 0.454951 0 0 1
v 0.311575 0.487802 0.453259 0 0 1
v 0.310347 0.487863 0.449635 0 0 1
v 0.312034 0.487733 0.446203 0 0 1
v 0.31565 0.487489 0.444973 0 0 1
v 0.319075 0.487274 0.446666 0 0 1
v 0.32045 0.489443 0.450277 0 0 1
v 0.318762 0.489573 0.453709 0 0 1
v 0.315147 0.489817 0.454939 0 0 1
v 0.311721 0.490032 0.453246 0 0 1
v 0.310493 0.490092 0.449623 0 0 1
v 0.31218 0.489962 0.446191 0 0 1
v 0.315796 0.489718 0.44496 0 0 1
v 0.319221 0.489503 0.446653 0 0 1
v 0.320596 0.491672 0.450264 0 0 1
v 0.318909 0.491802 0.453696 0 0 1
v 0.315293 0.492046 0.454926 0 0 1
v 0.311868 0.492261 0.453234 0 0 1
v 0.310639 0.492321 0.44961 0 0 1
v 0.312326 0.492191 0.446178 0 0 1
v 0.315942 0.491947 0.444948 0 0 1
v 0.319367 0.491732 0.44664 0 0 1
v 0.320742 0.493901 0.450252 0 0 1
v 0.319055 0.494031 0.453684 0 0 1
v 0.315439 0.494275 0.454914 0 0 1
v 0.312014 0.49449 0.453221 0 0 1
v 0.310785 0.49455 0.449598 0 0 1
v 0.312473 0.49442 0.446165 0 0 1
v 0.316088 0.494177 0.444935 0 0 1
v 0.319514 0.493962 0.446628 0 0 1
v 0.320888 0.496131 0.450239 0 0 1
v 0.319201 0.496261 0.453671 0 0 1
v 0.315585 0.496505 0.454901 0 0 1
v 0.31216 0.49672 0.453209 0 0 1
v 0.310931 0.49678 0.449585 0 0 1
v 0.312619 0.49665 0.446153 0 0 1
v 0.316234 0.496406 0.444923 0 0 1
v 0.31966 0.496191 0.446615 0 0 1
v 0.313582 0.478773 0.450015 0 0 1
v 0.315325 0.487538 0.449962 0 0 1
v 0.318393 0.477822 0.45099 0 0 1
v 0.316311 0.478256 0.454172 0 0 1
v 0.312631 0.478992 0.454919 0 0 1
v 0.309508 0.479601 0.452793 0 0 1
v 0.308771 0.479725 0.44904 0 0 1
v 0.310853 0.479291 0.445858 0 0 1
v 0.314533 0.478555 0.445111 0 0 1
v 0.317656 0.477946 0.447237 0 0 1
v 0.318828 0.480014 0.450977 0 0 1
v 0.316747 0.480447 0.454159 0 0 1
v 0.313067 0.481183 0.454906 0 0 1
v 0.309943 0.481792 0.45278 0 0 1
v 0.309207 0.481916 0.449026 0 0 1
v 0.311288 0.481482 0.445845 0 0 1
v 0.314969 0.480746 0.445098 0 0 1
v 0.318092 0.480137 0.447224 0 0 1
v 0.319264 0.482205 0.450964 0 0 1
v 0.317183 0.482638 0.454146 0 0 1
v 0.313502 0.483374 0.454892 0 0 1
v 0.310379 0.483983 0.452766 0 0 1
v 0.309643 0.484107 0.449013 0 0 1
v 0.311724 0.483674 0.445831 0 0 1
v 0.315405 0.482937 0.445085 0 0 1
v 0.318528 0.482329 0.447211 0 0 1
v 0.3197 0.484396 0.450951 0 0 1
v 0.317619 0.484829 0.454133 0 0 1
v 0.313938 0.485566 0.454879 0 0 1
v 0.310815 0.486174 0.452753 0 0 1
v 0.310079 0.486298 0.449 0 0 1
v 0.31216 0.485865 0.445818 0 0 1
v 0.31584 0.485128 0.445072 0 0 1
v 0.318964 0.48452 0.447198 0 0 1
v 0.320136 0.486587 0.450938 0 0 1
v 0.318054 0.48702 0.45412 0 0 1
v 0.314374 0.487757 0.454866 0 0 1
v 0.311251 0.488365 0.45274 0 0 1
v 0.310514 0.488489 0.448987 0 0 1
v 0.312596 0.488056 0.445805 0 0 1
v 0.316276 0.487319 0.445058 0 0 1
v 0.3194 0.486711 0.447184 0 0 1
v 0.310709 0.470311 0.450069 0 0 1
v 0.313582 0.478773 0.450015 0 0 1
v 0.315196 0.468799 0.451676 0 0 1
v 0.312812 0.469626 0.454554 0 0 1
v 0.309197 0.470855 0.454804 0 0 1
v 0.306467 0.471766 0.452281 0 0 1
v 0.306223 0.471824 0.448462 0 0 1
v 0.308606 0.470996 0.445585 0 0 1
v 0.312222 0.469767 0.445335 0 0 1
v 0.314951 0.468857 0.447858 0 0 1
v 0.315914 0.470914 0.451663 0 0 1
v 0.31353 0.471742 0.45454 0 0 1
v 0.309915 0.472971 0.45479 0 0 1
v 0.307185 0.473881 0.452267 0 0 1
v 0.306941 0.47394 0.448449 0 0 1
v 0.309325 0.473112 0.445571 0 0 1
v 0.31294 0.471883 0.445321 0 0 1
v 0.315669 0.470973 0.447844 0 0 1
v 0.316632 0.47303 0.451649 0 0 1
v 0.314248 0.473857 0.454526 0 0 1
v 0.310633 0.475086 0.454777 0 0 1
v 0.307903 0.475997 0.452254 0 0 1
v 0.307659 0.476055 0.448435 0 0 1
v 0.310043 0.475227 0.445558 0 0 1
v 0.313658 0.473999 0.445308 0 0 1
v 0.316388 0.473088 0.447831 0 0 1
v 0.31735 0.475145 0.451636 0 0 1
v 0.314967 0.475973 0.454513 0 0 1
v 0.311351 0.477202 0.454763 0 0 1
v 0.308622 0.478112 0.45224 0 0 1
v 0.308377 0.478171 0.448421 0 0 1
v 0.310761 0.477343 0.445544 0 0 1
v 0.314376 0.476114 0.445294 0 0 1
v 0.317106 0.475204 0.447817 0 0 1
v 0.318068 0.477261 0.451622 0 0 1
v 0.315685 0.478088 0.454499 0 0 1
v 0.312069 0.479317 0.45475 0 0 1
v 0.30934 0.480228 0.452226 0 0 1
v 0.309095 0.480286 0.448408 0 0 1
v 0.311479 0.479458 0.445531 0 0 1
v 0.315095 0.47823 0.44528 0 0 1
v 0.317824 0.477319 0.447804 0 0 1
v 0.306757 0.462297 0.450124 0 0 1
v 0.310709 0.470311 0.450069 0 0 1
v 0.310785 0.460325 0.452336 0 0 1
v 0.308211 0.461612 0.454859 0 0 1
v 0.304786 0.4633 0.454609 0 0 1
v 0.302515 0.4644 0.451731 0 0 1
v 0.302729 0.464268 0.447913 0 0 1
v 0.305303 0.462981 0.44539 0 0 1
v 0.308728 0.461294 0.44564 0 0 1
v 0.310999 0.460194 0.448517 0 0 1
v 0.311773 0.462329 0.452322 0 0 1
v 0.309199 0.463616 0.454845 0 0 1
v 0.305774 0.465303 0.454595 0 0 1
v 0.303503 0.466403 0.451718 0 0 1
v 0.303717 0.466272 0.447899 0 0 1
v 0.306291 0.464985 0.445376 0 0 1
v 0.309716 0.463297 0.445626 0 0 1
v 0.311987 0.462197 0.448503 0 0 1
v 0.312761 0.464333 0.452308 0 0 1
v 0.310187 0.465619 0.454831 0 0 1
v 0.306762 0.467307 0.454581 0 0 1
v 0.304491 0.468407 0.451704 0 0 1
v 0.304705 0.468275 0.447885 0 0 1
v 0.307279 0.466989 0.445362 0 0 1
v 0.310704 0.465301 0.445613 0 0 1
v 0.312975 0.464201 0.44849 0 0 1
v 0.313749 0.466336 0.452294 0 0 1
v 0.311175 0.467623 0.454818 0 0 1
v 0.30775 0.469311 0.454567 0 0 1
v 0.305479 0.470411 0.45169 0 0 1
v 0.305693 0.470279 0.447872 0 0 1
v 0.308267 0.468992 0.445348 0 0 1
v 0.311692 0.467305 0.445599 0 0 1
v 0.313963 0.466205 0.448476 0 0 1
v 0.314737 0.46834 0.452281 0 0 1
v 0.312164 0.469627 0.454804 0 0 1
v 0.308738 0.471314 0.454554 0 0 1
v 0.306467 0.472414 0.451676 0 0 1
v 0.306681 0.472283 0.447858 0 0 1
v 0.309255 0.470996 0.445335 0 0 1
v 0.312681 0.469309 0.445585 0 0 1
v 0.314951 0.468208 0.448462 0 0 1
v 0.301792 0.454866 0.450179 0 0 1
v 0.306757 0.462297 0.450124 0 0 1
v 0.305258 0.452571 0.452957 0 0 1
v 0.30262 0.454349 0.455083 0 0 1
v 0.299496 0.456431 0.454336 0 0 1
v 0.297718 0.457596 0.451154 0 0 1
v 0.298326 0.457162 0.447401 0 0 1
v 0.300964 0.455383 0.445275 0 0 1
v 0.304088 0.453302 0.446022 0 0 1
v 0.305866 0.452137 0.449204 0 0 1
v 0.306499 0.454428 0.452943 0 0 1
v 0.303861 0.456207 0.455069 0 0 1
v 0.300738 0.458288 0.454322 0 0 1
v 0.298959 0.459453 0.451141 0 0 1
v 0.299567 0.45902 0.447387 0 0 1
v 0.302206 0.457241 0.445261 0 0 1
v 0.305329 0.45516 0.446008 0 0 1
v 0.307107 0.453995 0.44919 0 0 1
v 0.30774 0.456286 0.452929 0 0 1
v 0.305102 0.458065 0.455055 0 0 1
v 0.301979 0.460146 0.454309 0 0 1
v 0.3002 0.461311 0.451127 0 0 1
v 0.300808 0.460877 0.447374 0 0 1
v 0.303447 0.459099 0.445248 0 0 1
v 0.30657 0.457017 0.445994 0 0 1
v 0.308349 0.455852 0.449176 0 0 1
v 0.308982 0.458144 0.452916 0 0 1
v 0.306343 0.459922 0.455042 0 0 1
v 0.30322 0.462004 0.454295 0 0 1
v 0.301441 0.463169 0.451113 0 0 1
v 0.302049 0.462735 0.44736 0 0 1
v 0.304688 0.460956 0.445234 0 0 1
v 0.307811 0.458875 0.445981 0 0 1
v 0.30959 0.45771 0.449163 0 0 1
v 0.310223 0.460001 0.452902 0 0 1
v 0.307584 0.46178 0.455028 0 0 1
v 0.304461 0.463861 0.454281 0 0 1
v 0.302683 0.465026 0.4511 0 0 1
v 0.303291 0.464592 0.447346 0 0 1
v 0.305929 0.462814 0.44522 0 0 1
v 0.309052 0.460732 0.445967 0 0 1
v 0.310831 0.459567 0.449149 0 0 1
v 0.2959 0.448148 0.450232 0 0 1
v 0.301792 0.454866 0.450179 0 0 1
v 0.298739 0.445684 0.453529 0 0 1
v 0.296165 0.447955 0.455221 0 0 1
v 0.293436 0.450338 0.453991 0 0 1
v 0.29215 0.451439 0.450559 0 0 1
v 0.293061 0.450612 0.446936 0 0 1
v 0.295634 0.448341 0.445243 0 0 1
v 0.298364 0.445957 0.446473 0 0 1
v 0.29965 0.444857 0.449905 0 0 1
v 0.300212 0.447364 0.453516 0 0 1
v 0.297638 0.449634 0.455208 0 0 1
v 0.294909 0.452018 0.453978 0 0 1
v 0.293623 0.453119 0.450546 0 0 1
v 0.294534 0.452291 0.446922 0 0 1
v 0.297107 0.450021 0.44523 0 0 1
v 0.299837 0.447637 0.44646 0 0 1
v 0.301123 0.446536 0.449892 0 0 1
v 0.301685 0.449043 0.453502 0 0 1
v 0.299111 0.451314 0.455195 0 0 1
v 0.296382 0.453698 0.453965 0 0 1
v 0.295096 0.454798 0.450533 0 0 1
v 0.296007 0.453971 0.446909 0 0 1
v 0.29858 0.4517 0.445216 0 0 1
v 0.30131 0.449316 0.446446 0 0 1
v 0.302596 0.448216 0.449879 0 0 1
v 0.303158 0.450723 0.453489 0 0 1
v 0.300584 0.452994 0.455181 0 0 1
v 0.297855 0.455377 0.453951 0 0 1
v 0.296569 0.456478 0.450519 0 0 1
v 0.29748 0.455651 0.446896 0 0 1
v 0.300053 0.45338 0.445203 0 0 1
v 0.302783 0.450996 0.446433 0 0 1
v 0.304069 0.449896 0.449865 0 0 1
v 0.304631 0.452403 0.453476 0 0 1
v 0.302057 0.454673 0.455168 0 0 1
v 0.299328 0.457057 0.453938 0 0 1
v 0.298042 0.458158 0.450506 0 0 1
v 0.298953 0.45733 0.446882 0 0 1
v 0.301527 0.45506 0.44519 0 0 1
v 0.304256 0.452676 0.44642 0 0 1
v 0.305542 0.451575 0.449852 0 0 1
v 0.289181 0.442256 0.450284 0 0 1
v 0.2959 0.448148 0.450232 0 0 1
v 0.291371 0.439791 0.454043 0 0 1
v 0.288987 0.442521 0.455273 0 0 1
v 0.286717 0.445095 0.45358 0 0 1
v 0.28589 0.446006 0.449956 0 0 1
v 0.286991 0.44472 0.446524 0 0 1
v 0.289375 0.441991 0.445294 0 0 1
v 0.291645 0.439417 0.446987 0 0 1
v 0.292472 0.438506 0.450611 0 0 1
v 0.293051 0.441264 0.45403 0 0 1
v 0.290667 0.443994 0.45526 0 0 1
v 0.288396 0.446568 0.453567 0 0 1
v 0.28757 0.447479 0.449944 0 0 1
v 0.288671 0.446193 0.446512 0 0 1
v 0.291055 0.443464 0.445282 0 0 1
v 0.293325 0.44089 0.446974 0 0 1
v 0.294152 0.439979 0.450598 0 0 1
v 0.29473 0.442737 0.454017 0 0 1
v 0.292346 0.445467 0.455247 0 0 1
v 0.290076 0.448041 0.453555 0 0 1
v 0.289249 0.448952 0.449931 0 0 1
v 0.290351 0.447666 0.446499 0 0 1
v 0.292735 0.444937 0.445269 0 0 1
v 0.295005 0.442363 0.446961 0 0 1
v 0.295831 0.441452 0.450585 0 0 1
v 0.29641 0.44421 0.454004 0 0 1
v 0.294026 0.44694 0.455234 0 0 1
v 0.291756 0.449514 0.453542 0 0 1
v 0.290929 0.450425 0.449918 0 0 1
v 0.29203 0.449139 0.446486 0 0 1
v 0.294414 0.44641 0.445256 0 0 1
v 0.296684 0.443836 0.446948 0 0 1
v 0.297511 0.442925 0.450572 0 0 1
v 0.29809 0.445683 0.453991 0 0 1
v 0.295706 0.448413 0.455221 0 0 1
v 0.293435 0.450987 0.453529 0 0 1
v 0.292609 0.451898 0.449905 0 0 1
v 0.29371 0.450612 0.446473 0 0 1
v 0.296094 0.447883 0.445243 0 0 1
v 0.298364 0.445309 0.446936 0 0 1
v 0.299191 0.444398 0.450559 0 0 1
v 0.281751 0.437291 0.450332 0 0 1
v 0.289181 0.442256 0.450284 0 0 1
v 0.283312 0.434994 0.454489 0 0 1
v 0.281231 0.438117 0.455236 0 0 1
v 0.279453 0.440756 0.45311 0 0 1
v 0.279022 0.441366 0.449356 0 0 1
v 0.280189 0.439588 0.446174 0 0 1
v 0.282271 0.436465 0.445428 0 0 1
v 0.284048 0.433826 0.447554 0 0 1
v 0.284479 0.433217 0.451307 0 0 1
v 0.28517 0.436235 0.454477 0 0 1
v 0.283088 0.439358 0.455224 0 0 1
v 0.281311 0.441997 0.453097 0 0 1
v 0.280879 0.442607 0.449344 0 0 1
v 0.282046 0.440829 0.446162 0 0 1
v 0.284128 0.437706 0.445416 0 0 1
v 0.285905 0.435067 0.447542 0 0 1
v 0.286337 0.434458 0.451295 0 0 1
v 0.287028 0.437476 0.454465 0 0 1
v 0.284946 0.440599 0.455211 0 0 1
v 0.283169 0.443239 0.453085 0 0 1
v 0.282737 0.443848 0.449332 0 0 1
v 0.283904 0.442071 0.44615 0 0 1
v 0.285986 0.438948 0.445404 0 0 1
v 0.287763 0.436308 0.44753 0 0 1
v 0.288195 0.435699 0.451283 0 0 1
v 0.288885 0.438717 0.454453 0 0 1
v 0.286803 0.44184 0.455199 0 0 1
v 0.285026 0.44448 0.453073 0 0 1
v 0.284595 0.445089 0.44932 0 0 1
v 0.285762 0.443312 0.446138 0 0 1
v 0.287843 0.440189 0.445392 0 0 1
v 0.289621 0.437549 0.447518 0 0 1
v 0.290052 0.43694 0.451271 0 0 1
v 0.290743 0.439959 0.454441 0 0 1
v 0.288661 0.443082 0.455187 0 0 1
v 0.286884 0.445721 0.453061 0 0 1
v 0.286452 0.44633 0.449308 0 0 1
v 0.287619 0.444553 0.446126 0 0 1
v 0.289701 0.44143 0.44538 0 0 1
v 0.291478 0.438791 0.447506 0 0 1
v 0.29191 0.438181 0.451259 0 0 1
v 0.273736 0.433339 0.450376 0 0 1
v 0.281751 0.437291 0.450332 0 0 1
v 0.274734 0.431365 0.45486 0 0 1
v 0.273046 0.434791 0.455111 0 0 1
v 0.271762 0.437366 0.452587 0 0 1
v 0.271635 0.437582 0.448769 0 0 1
v 0.272738 0.435312 0.445892 0 0 1
v 0.274426 0.431887 0.445642 0 0 1
v 0.275709 0.429312 0.448165 0 0 1
v 0.275837 0.429096 0.451983 0 0 1
v 0.276737 0.432353 0.454849 0 0 1
v 0.27505 0.435779 0.4551 0 0 1
v 0.273766 0.438354 0.452576 0 0 1
v 0.273638 0.43857 0.448758 0 0 1
v 0.274741 0.4363 0.445881 0 0 1
v 0.276429 0.432875 0.44563 0 0 1
v 0.277713 0.4303 0.448154 0 0 1
v 0.277841 0.430084 0.451972 0 0 1
v 0.278741 0.433341 0.454838 0 0 1
v 0.277053 0.436767 0.455089 0 0 1
v 0.27577 0.439342 0.452565 0 0 1
v 0.275642 0.439558 0.448747 0 0 1
v 0.276745 0.437288 0.44587 0 0 1
v 0.278433 0.433863 0.445619 0 0 1
v 0.279717 0.431288 0.448143 0 0 1
v 0.279844 0.431072 0.451961 0 0 1
v 0.280745 0.43433 0.454827 0 0 1
v 0.279057 0.437755 0.455077 0 0 1
v 0.277773 0.44033 0.452554 0 0 1
v 0.277646 0.440546 0.448736 0 0 1
v 0.278749 0.438277 0.445859 0 0 1
v 0.280437 0.434851 0.445608 0 0 1
v 0.28172 0.432276 0.448132 0 0 1
v 0.281848 0.43206 0.45195 0 0 1
v 0.282749 0.435318 0.454816 0 0 1
v 0.281061 0.438743 0.455066 0 0 1
v 0.279777 0.441318 0.452543 0 0 1
v 0.279649 0.441534 0.448725 0 0 1
v 0.280753 0.439265 0.445847 0 0 1
v 0.28244 0.435839 0.445597 0 0 1
v 0.283724 0.433264 0.44812 0 0 1
v 0.283852 0.433048 0.451939 0 0 1
v 0.265274 0.430466 0.450416 0 0 1
v 0.273736 0.433339 0.450376 0 0 1
v 0.26581 0.428951 0.455151 0 0 1
v 0.264582 0.432567 0.4549 0 0 1
v 0.263758 0.434952 0.452023 0 0 1
v 0.263823 0.43471 0.448204 0 0 1
v 0.264737 0.431981 0.445681 0 0 1
v 0.265965 0.428366 0.445932 0 0 1
v 0.266789 0.425981 0.448809 0 0 1
v 0.266724 0.426223 0.452627 0 0 1
v 0.267926 0.429669 0.455141 0 0 1
v 0.266697 0.433285 0.45489 0 0 1
v 0.265874 0.43567 0.452013 0 0 1
v 0.265938 0.435428 0.448194 0 0 1
v 0.266853 0.4327 0.445671 0 0 1
v 0.268081 0.429084 0.445922 0 0 1
v 0.268904 0.426699 0.448799 0 0 1
v 0.26884 0.426941 0.452617 0 0 1
v 0.270041 0.430388 0.455131 0 0 1
v 0.268813 0.434003 0.45488 0 0 1
v 0.26799 0.436388 0.452003 0 0 1
v 0.268054 0.436146 0.448185 0 0 1
v 0.268968 0.433418 0.445661 0 0 1
v 0.270197 0.429802 0.445912 0 0 1
v 0.27102 0.427417 0.448789 0 0 1
v 0.270955 0.427659 0.452608 0 0 1
v 0.272157 0.431106 0.455121 0 0 1
v 0.270928 0.434721 0.45487 0 0 1
v 0.270105 0.437106 0.451993 0 0 1
v 0.27017 0.436864 0.448175 0 0 1
v 0.271084 0.434136 0.445651 0 0 1
v 0.272312 0.43052 0.445902 0 0 1
v 0.273135 0.428135 0.448779 0 0 1
v 0.273071 0.428377 0.452598 0 0 1
v 0.274272 0.431824 0.455111 0 0 1
v 0.273044 0.435439 0.45486 0 0 1
v 0.272221 0.437825 0.451983 0 0 1
v 0.272285 0.437582 0.448165 0 0 1
v 0.273199 0.434854 0.445642 0 0 1
v 0.274428 0.431238 0.445892 0 0 1
v 0.275251 0.428853 0.448769 0 0 1
v 0.275186 0.429096 0.452588 0 0 1
v 0.256509 0.428723 0.45045 0 0 1
v 0.265274 0.430466 0.450416 0 0 1
v 0.256718 0.42777 0.455354 0 0 1
v 0.255983 0.431451 0.454608 0 0 1
v 0.255556 0.433534 0.451426 0 0 1
v 0.255687 0.432798 0.447672 0 0 1
v 0.2563 0.429676 0.445546 0 0 1
v 0.257035 0.425995 0.446293 0 0 1
v 0.257462 0.423913 0.449475 0 0 1
v 0.25733 0.424648 0.453228 0 0 1
v 0.258909 0.428206 0.455346 0 0 1
v 0.258174 0.431887 0.454599 0 0 1
v 0.257747 0.433969 0.451417 0 0 1
v 0.257878 0.433234 0.447664 0 0 1
v 0.258491 0.430112 0.445538 0 0 1
v 0.259226 0.426431 0.446285 0 0 1
v 0.259653 0.424349 0.449466 0 0 1
v 0.259521 0.425084 0.45322 0 0 1
v 0.2611 0.428642 0.455337 0 0 1
v 0.260365 0.432322 0.45459 0 0 1
v 0.259938 0.434405 0.451409 0 0 1
v 0.26007 0.43367 0.447655 0 0 1
v 0.260682 0.430548 0.445529 0 0 1
v 0.261417 0.426867 0.446276 0 0 1
v 0.261844 0.424784 0.449458 0 0 1
v 0.261713 0.425519 0.453211 0 0 1
v 0.263291 0.429078 0.455328 0 0 1
v 0.262556 0.432758 0.454582 0 0 1
v 0.262129 0.434841 0.4514 0 0 1
v 0.262261 0.434106 0.447647 0 0 1
v 0.262874 0.430984 0.445521 0 0 1
v 0.263609 0.427303 0.446267 0 0 1
v 0.264035 0.42522 0.449449 0 0 1
v 0.263904 0.425955 0.453202 0 0 1
v 0.265482 0.429513 0.45532 0 0 1
v 0.264747 0.433194 0.454573 0 0 1
v 0.264321 0.435277 0.451391 0 0 1
v 0.264452 0.434542 0.447638 0 0 1
v 0.265065 0.431419 0.445512 0 0 1
v 0.2658 0.427739 0.446259 0 0 1
v 0.266226 0.425656 0.449441 0 0 1
v 0.266095 0.426391 0.453194 0 0 1
v 0.247591 0.428139 0.450479 0 0 1
v 0.256509 0.428723 0.45045 0 0 1
v 0.247629 0.427814 0.455468 0 0 1
v 0.247388 0.431429 0.454238 0 0 1
v 0.247266 0.433118 0.450806 0 0 1
v 0.247335 0.431889 0.447182 0 0 1
v 0.247554 0.428464 0.44549 0 0 1
v 0.247795 0.424848 0.44672 0 0 1
v 0.247917 0.42316 0.450152 0 0 1
v 0.247848 0.424388 0.453776 0 0 1
v 0.249858 0.42796 0.455461 0 0 1
v 0.249617 0.431575 0.454231 0 0 1
v 0.249496 0.433264 0.450799 0 0 1
v 0.249564 0.432035 0.447175 0 0 1
v 0.249784 0.42861 0.445483 0 0 1
v 0.250024 0.424994 0.446713 0 0 1
v 0.250146 0.423306 0.450145 0 0 1
v 0.250077 0.424534 0.453769 0 0 1
v 0.252087 0.428106 0.455454 0 0 1
v 0.251847 0.431722 0.454224 0 0 1
v 0.251725 0.43341 0.450792 0 0 1
v 0.251794 0.432181 0.447168 0 0 1
v 0.252013 0.428756 0.445475 0 0 1
v 0.252254 0.42514 0.446706 0 0 1
v 0.252375 0.423452 0.450138 0 0 1
v 0.252306 0.424681 0.453761 0 0 1
v 0.254317 0.428252 0.455447 0 0 1
v 0.254076 0.431868 0.454217 0 0 1
v 0.253954 0.433556 0.450784 0 0 1
v 0.254023 0.432327 0.447161 0 0 1
v 0.254242 0.428902 0.445468 0 0 1
v 0.254483 0.425287 0.446698 0 0 1
v 0.254605 0.423598 0.450131 0 0 1
v 0.254536 0.424827 0.453754 0 0 1
v 0.256546 0.428398 0.45544 0 0 1
v 0.256305 0.432014 0.45421 0 0 1
v 0.256184 0.433702 0.450777 0 0 1
v 0.256252 0.432474 0.447154 0 0 1
v 0.256471 0.429048 0.445461 0 0 1
v 0.256712 0.425433 0.446691 0 0 1
v 0.256834 0.423744 0.450123 0 0 1
v 0.256765 0.424973 0.453747 0 0 1
v 0.238674 0.428723 0.450501 0 0 1
v 0.247591 0.428139 0.450479 0 0 1
v 0.238708 0.429049 0.45549 0 0 1
v 0.238928 0.432474 0.453798 0 0 1
v 0.239 0.433702 0.450174 0 0 1
v 0.23888 0.432014 0.446742 0 0 1
v 0.23864 0.428398 0.445512 0 0 1
v 0.23842 0.424973 0.447205 0 0 1
v 0.238349 0.423745 0.450828 0 0 1
v 0.238468 0.425433 0.45426 0 0 1
v 0.240937 0.428903 0.455485 0 0 1
v 0.241158 0.432328 0.453792 0 0 1
v 0.241229 0.433556 0.450169 0 0 1
v 0.24111 0.431868 0.446736 0 0 1
v 0.24087 0.428252 0.445506 0 0 1
v 0.240649 0.424827 0.447199 0 0 1
v 0.240578 0.423599 0.450823 0 0 1
v 0.240697 0.425287 0.454255 0 0 1
v 0.243167 0.428757 0.455479 0 0 1
v 0.243387 0.432182 0.453787 0 0 1
v 0.243458 0.43341 0.450163 0 0 1
v 0.243339 0.431721 0.446731 0 0 1
v 0.243099 0.428106 0.445501 0 0 1
v 0.242879 0.42468 0.447193 0 0 1
v 0.242807 0.423452 0.450817 0 0 1
v 0.242926 0.425141 0.454249 0 0 1
v 0.245396 0.428611 0.455474 0 0 1
v 0.245616 0.432036 0.453781 0 0 1
v 0.245688 0.433264 0.450157 0 0 1
v 0.245568 0.431575 0.446725 0 0 1
v 0.245328 0.427959 0.445495 0 0 1
v 0.245108 0.424534 0.447188 0 0 1
v 0.245037 0.423306 0.450812 0 0 1
v 0.245156 0.424995 0.454244 0 0 1
v 0.247625 0.428464 0.455468 0 0 1
v 0.247846 0.431889 0.453776 0 0 1
v 0.247917 0.433117 0.450152 0 0 1
v 0.247798 0.431429 0.44672 0 0 1
v 0.247558 0.427813 0.44549 0 0 1
v 0.247337 0.424388 0.447182 0 0 1
v 0.247266 0.42316 0.450806 0 0 1
v 0.247385 0.424849 0.454238 0 0 1
v 0.229909 0.430467 0.450517 0 0 1
v 0.238674 0.428723 0.450501 0 0 1
v 0.230108 0.431422 0.455421 0 0 1
v 0.230725 0.434544 0.453294 0 0 1
v 0.230865 0.435277 0.449541 0 0 1
v 0.230444 0.433193 0.446359 0 0 1
v 0.229711 0.429512 0.445613 0 0 1
v 0.229094 0.42639 0.447739 0 0 1
v 0.228954 0.425657 0.451492 0 0 1
v 0.229375 0.427741 0.454674 0 0 1
v 0.232299 0.430986 0.455417 0 0 1
v 0.232916 0.434108 0.453291 0 0 1
v 0.233056 0.434841 0.449537 0 0 1
v 0.232635 0.432757 0.446355 0 0 1
v 0.231902 0.429076 0.445609 0 0 1
v 0.231285 0.425955 0.447735 0 0 1
v 0.231145 0.425221 0.451488 0 0 1
v 0.231566 0.427305 0.45467 0 0 1
v 0.23449 0.43055 0.455413 0 0 1
v 0.235108 0.433672 0.453287 0 0 1
v 0.235247 0.434405 0.449533 0 0 1
v 0.234827 0.432321 0.446352 0 0 1
v 0.234093 0.42864 0.445605 0 0 1
v 0.233476 0.425519 0.447731 0 0 1
v 0.233337 0.424785 0.451484 0 0 1
v 0.233757 0.426869 0.454666 0 0 1
v 0.236682 0.430114 0.455409 0 0 1
v 0.237299 0.433236 0.453283 0 0 1
v 0.237438 0.433969 0.44953 0 0 1
v 0.237018 0.431885 0.446348 0 0 1
v 0.236284 0.428204 0.445601 0 0 1
v 0.235667 0.425083 0.447727 0 0 1
v 0.235528 0.424349 0.451481 0 0 1
v 0.235948 0.426433 0.454662 0 0 1
v 0.238873 0.429679 0.455405 0 0 1
v 0.23949 0.4328 0.453279 0 0 1
v 0.239629 0.433533 0.449526 0 0 1
v 0.239209 0.431449 0.446344 0 0 1
v 0.238476 0.427768 0.445597 0 0 1
v 0.237858 0.424647 0.447723 0 0 1
v 0.237719 0.423913 0.451477 0 0 1
v 0.238139 0.425998 0.454659 0 0 1
v 0.221447 0.43334 0.450525 0 0 1
v 0.229909 0.430467 0.450517 0 0 1
v 0.221968 0.43486 0.45526 0 0 1
v 0.222891 0.437585 0.452737 0 0 1
v 0.222968 0.437823 0.448918 0 0 1
v 0.222154 0.435435 0.446041 0 0 1
v 0.220926 0.431819 0.445791 0 0 1
v 0.220004 0.429094 0.448314 0 0 1
v 0.219927 0.428856 0.452132 0 0 1
v 0.22074 0.431244 0.45501 0 0 1
v 0.224084 0.434142 0.455258 0 0 1
v 0.225006 0.436867 0.452734 0 0 1
v 0.225083 0.437105 0.448916 0 0 1
v 0.22427 0.434717 0.446039 0 0 1
v 0.223042 0.431101 0.445788 0 0 1
v 0.222119 0.428376 0.448312 0 0 1
v 0.222042 0.428138 0.45213 0 0 1
v 0.222856 0.430526 0.455007 0 0 1
v 0.226199 0.433424 0.455256 0 0 1
v 0.227122 0.436149 0.452732 0 0 1
v 0.227199 0.436387 0.448914 0 0 1
v 0.226385 0.433999 0.446037 0 0 1
v 0.225157 0.430383 0.445786 0 0 1
v 0.224235 0.427658 0.44831 0 0 1
v 0.224158 0.427419 0.452128 0 0 1
v 0.224971 0.429808 0.455005 0 0 1
v 0.228315 0.432706 0.455253 0 0 1
v 0.229237 0.435431 0.45273 0 0 1
v 0.229314 0.435669 0.448912 0 0 1
v 0.228501 0.433281 0.446034 0 0 1
v 0.227273 0.429665 0.445784 0 0 1
v 0.22635 0.426939 0.448307 0 0 1
v 0.226273 0.426701 0.452126 0 0 1
v 0.227087 0.42909 0.455003 0 0 1
v 0.23043 0.431987 0.455251 0 0 1
v 0.231353 0.434713 0.452728 0 0 1
v 0.23143 0.434951 0.448909 0 0 1
v 0.230616 0.432562 0.446032 0 0 1
v 0.229389 0.428946 0.445782 0 0 1
v 0.228466 0.426221 0.448305 0 0 1
v 0.228389 0.425983 0.452124 0 0 1
v 0.229203 0.428372 0.455001 0 0 1
v 0.213432 0.437292 0.450526 0 0 1
v 0.221447 0.43334 0.450525 0 0 1
v 0.214411 0.439275 0.455011 0 0 1
v 0.215527 0.441538 0.452134 0 0 1
v 0.215415 0.441314 0.448315 0 0 1
v 0.214143 0.438734 0.445792 0 0 1
v 0.212454 0.435309 0.446042 0 0 1
v 0.211338 0.433046 0.448919 0 0 1
v 0.211449 0.43327 0.452738 0 0 1
v 0.212722 0.43585 0.455261 0 0 1
v 0.216415 0.438287 0.45501 0 0 1
v 0.21753 0.44055 0.452133 0 0 1
v 0.217419 0.440326 0.448315 0 0 1
v 0.216146 0.437746 0.445791 0 0 1
v 0.214457 0.434321 0.446042 0 0 1
v 0.213342 0.432058 0.448919 0 0 1
v 0.213453 0.432282 0.452738 0 0 1
v 0.214726 0.434862 0.455261 0 0 1
v 0.218419 0.437299 0.45501 0 0 1
v 0.219534 0.439562 0.452133 0 0 1
v 0.219423 0.439338 0.448314 0 0 1
v 0.21815 0.436758 0.445791 0 0 1
v 0.216461 0.433333 0.446041 0 0 1
v 0.215345 0.43107 0.448919 0 0 1
v 0.215457 0.431294 0.452737 0 0 1
v 0.21673 0.433874 0.45526 0 0 1
v 0.220422 0.436311 0.45501 0 0 1
v 0.221538 0.438574 0.452133 0 0 1
v 0.221427 0.43835 0.448314 0 0 1
v 0.220154 0.435769 0.445791 0 0 1
v 0.218465 0.432345 0.446041 0 0 1
v 0.217349 0.430081 0.448918 0 0 1
v 0.21746 0.430306 0.452737 0 0 1
v 0.218733 0.432886 0.45526 0 0 1
v 0.222426 0.435323 0.455009 0 0 1
v 0.223542 0.437586 0.452132 0 0 1
v 0.22343 0.437362 0.448314 0 0 1
v 0.222157 0.434781 0.44579 0 0 1
v 0.220469 0.431356 0.446041 0 0 1
v 0.219353 0.429093 0.448918 0 0 1
v 0.219464 0.429318 0.452737 0 0 1
v 0.220737 0.431898 0.45526 0 0 1
v 0.206002 0.442257 0.450521 0 0 1
v 0.213432 0.437292 0.450526 0 0 1
v 0.207543 0.444568 0.454678 0 0 1
v 0.208726 0.446335 0.451496 0 0 1
v 0.208313 0.445713 0.447743 0 0 1
v 0.206547 0.443066 0.445617 0 0 1
v 0.204461 0.439946 0.446363 0 0 1
v 0.203278 0.438179 0.449545 0 0 1
v 0.203691 0.438801 0.453298 0 0 1
v 0.205457 0.441448 0.455424 0 0 1
v 0.209401 0.443327 0.454679 0 0 1
v 0.210584 0.445094 0.451497 0 0 1
v 0.210171 0.444472 0.447744 0 0 1
v 0.208404 0.441825 0.445618 0 0 1
v 0.206319 0.438705 0.446365 0 0 1
v 0.205136 0.436938 0.449547 0 0 1
v 0.205548 0.43756 0.4533 0 0 1
v 0.207315 0.440207 0.455426 0 0 1
v 0.211258 0.442086 0.454681 0 0 1
v 0.212441 0.443852 0.451499 0 0 1
v 0.212028 0.44323 0.447746 0 0 1
v 0.210262 0.440584 0.44562 0 0 1
v 0.208176 0.437463 0.446366 0 0 1
v 0.206993 0.435697 0.449548 0 0 1
v 0.207406 0.436319 0.453301 0 0 1
v 0.209173 0.438965 0.455427 0 0 1
v 0.213116 0.440845 0.454682 0 0 1
v 0.214299 0.442611 0.4515 0 0 1
v 0.213886 0.441989 0.447747 0 0 1
v 0.212119 0.439343 0.445621 0 0 1
v 0.210034 0.436222 0.446368 0 0 1
v 0.208851 0.434456 0.44955 0 0 1
v 0.209264 0.435078 0.453303 0 0 1
v 0.21103 0.437724 0.455429 0 0 1
v 0.214973 0.439603 0.454684 0 0 1
v 0.216156 0.44137 0.451502 0 0 1
v 0.215744 0.440748 0.447749 0 0 1
v 0.213977 0.438101 0.445623 0 0 1
v 0.211891 0.434981 0.446369 0 0 1
v 0.210708 0.433214 0.449551 0 0 1
v 0.211121 0.433837 0.453304 0 0 1
v 0.212888 0.436483 0.45543 0 0 1
v 0.199283 0.448149 0.450508 0 0 1
v 0.206002 0.442257 0.450521 0 0 1
v 0.201453 0.450632 0.454267 0 0 1
v 0.202573 0.451901 0.450835 0 0 1
v 0.201765 0.450972 0.447211 0 0 1
v 0.199504 0.44839 0.445518 0 0 1
v 0.197114 0.445667 0.446748 0 0 1
v 0.195994 0.444398 0.450181 0 0 1
v 0.196801 0.445326 0.453804 0 0 1
v 0.199062 0.447908 0.455497 0 0 1
v 0.203132 0.449158 0.45427 0 0 1
v 0.204252 0.450428 0.450838 0 0 1
v 0.203445 0.449499 0.447214 0 0 1
v 0.201184 0.446917 0.445522 0 0 1
v 0.198793 0.444194 0.446752 0 0 1
v 0.197674 0.442925 0.450184 0 0 1
v 0.198481 0.443853 0.453808 0 0 1
v 0.200742 0.446435 0.4555 0 0 1
v 0.204812 0.447685 0.454273 0 0 1
v 0.205932 0.448955 0.450841 0 0 1
v 0.205125 0.448026 0.447217 0 0 1
v 0.202864 0.445444 0.445525 0 0 1
v 0.200473 0.442721 0.446755 0 0 1
v 0.199353 0.441452 0.450187 0 0 1
v 0.20016 0.44238 0.453811 0 0 1
v 0.202422 0.444962 0.455503 0 0 1
v 0.206492 0.446212 0.454277 0 0 1
v 0.207612 0.447482 0.450844 0 0 1
v 0.206804 0.446553 0.447221 0 0 1
v 0.204543 0.443971 0.445528 0 0 1
v 0.202153 0.441248 0.446758 0 0 1
v 0.201033 0.439979 0.45019 0 0 1
v 0.20184 0.440907 0.453814 0 0 1
v 0.204101 0.443489 0.455507 0 0 1
v 0.208172 0.444739 0.45428 0 0 1
v 0.209291 0.446009 0.450848 0 0 1
v 0.208484 0.44508 0.447224 0 0 1
v 0.206223 0.442498 0.445531 0 0 1
v 0.203832 0.439775 0.446761 0 0 1
v 0.202713 0.438506 0.450194 0 0 1
v 0.20352 0.439434 0.453817 0 0 1
v 0.205781 0.442016 0.45551 0 0 1
v 0.193391 0.454868 0.450488 0 0 1
v 0.199283 0.448149 0.450508 0 0 1
v 0.196212 0.457352 0.453784 0 0 1
v 0.197143 0.458157 0.450161 0 0 1
v 0.195875 0.457036 0.446729 0 0 1
v 0.193152 0.454644 0.445498 0 0 1
v 0.190569 0.452384 0.447191 0 0 1
v 0.189639 0.451579 0.450815 0 0 1
v 0.190907 0.452701 0.454247 0 0 1
v 0.19363 0.455092 0.455477 0 0 1
v 0.197686 0.455673 0.453789 0 0 1
v 0.198616 0.456478 0.450166 0 0 1
v 0.197348 0.455356 0.446734 0 0 1
v 0.194625 0.452964 0.445503 0 0 1
v 0.192043 0.450704 0.447196 0 0 1
v 0.191112 0.449899 0.45082 0 0 1
v 0.19238 0.451021 0.454252 0 0 1
v 0.195103 0.453412 0.455482 0 0 1
v 0.199159 0.453993 0.453794 0 0 1
v 0.200089 0.454798 0.450171 0 0 1
v 0.198821 0.453676 0.446738 0 0 1
v 0.196099 0.451285 0.445508 0 0 1
v 0.193516 0.449025 0.447201 0 0 1
v 0.192585 0.44822 0.450825 0 0 1
v 0.193853 0.449341 0.454257 0 0 1
v 0.196576 0.451733 0.455487 0 0 1
v 0.200632 0.452313 0.453799 0 0 1
v 0.201562 0.453118 0.450176 0 0 1
v 0.200294 0.451996 0.446743 0 0 1
v 0.197572 0.449605 0.445513 0 0 1
v 0.194989 0.447345 0.447206 0 0 1
v 0.194059 0.44654 0.45083 0 0 1
v 0.195326 0.447662 0.454262 0 0 1
v 0.198049 0.450053 0.455492 0 0 1
v 0.202105 0.450633 0.453804 0 0 1
v 0.203035 0.451438 0.450181 0 0 1
v 0.201767 0.450317 0.446748 0 0 1
v 0.199045 0.447925 0.445518 0 0 1
v 0.196462 0.445665 0.447211 0 0 1
v 0.195532 0.44486 0.450835 0 0 1
v 0.196799 0.445982 0.454267 0 0 1
v 0.199522 0.448373 0.455497 0 0 1
v 0.188426 0.462298 0.450461 0 0 1
v 0.193391 0.454868 0.450488 0 0 1
v 0.191878 0.464615 0.453239 0 0 1
v 0.192505 0.465021 0.449486 0 0 1
v 0.190743 0.463832 0.446304 0 0 1
v 0.187623 0.461745 0.445558 0 0 1
v 0.184974 0.459982 0.447684 0 0 1
v 0.184347 0.459576 0.451437 0 0 1
v 0.18611 0.460765 0.454619 0 0 1
v 0.189229 0.462852 0.455365 0 0 1
v 0.19312 0.462757 0.453246 0 0 1
v 0.193746 0.463163 0.449493 0 0 1
v 0.191984 0.461974 0.446311 0 0 1
v 0.188864 0.459887 0.445564 0 0 1
v 0.186215 0.458124 0.44769 0 0 1
v 0.185588 0.457719 0.451443 0 0 1
v 0.187351 0.458908 0.454625 0 0 1
v 0.19047 0.460995 0.455372 0 0 1
v 0.194361 0.4609 0.453252 0 0 1
v 0.194988 0.461305 0.449499 0 0 1
v 0.193225 0.460116 0.446317 0 0 1
v 0.190106 0.458029 0.445571 0 0 1
v 0.187456 0.456267 0.447697 0 0 1
v 0.18683 0.455861 0.45145 0 0 1
v 0.188592 0.45705 0.454632 0 0 1
v 0.191712 0.459137 0.455379 0 0 1
v 0.195602 0.459042 0.453259 0 0 1
v 0.196229 0.459448 0.449506 0 0 1
v 0.194466 0.458259 0.446324 0 0 1
v 0.191347 0.456172 0.445577 0 0 1
v 0.188698 0.454409 0.447703 0 0 1
v 0.188071 0.454004 0.451457 0 0 1
v 0.189833 0.455193 0.454639 0 0 1
v 0.192953 0.45728 0.455385 0 0 1
v 0.196843 0.457185 0.453266 0 0 1
v 0.19747 0.45759 0.449512 0 0 1
v 0.195707 0.456401 0.44633 0 0 1
v 0.192588 0.454314 0.445584 0 0 1
v 0.189939 0.452552 0.44771 0 0 1
v 0.189312 0.452146 0.451463 0 0 1
v 0.191074 0.453335 0.454645 0 0 1
v 0.194194 0.455422 0.455392 0 0 1
v 0.184474 0.470313 0.450429 0 0 1
v 0.188426 0.462298 0.450461 0 0 1
v 0.188492 0.472304 0.45264 0 0 1
v 0.188723 0.472402 0.448822 0 0 1
v 0.186464 0.471277 0.445945 0 0 1
v 0.18304 0.469587 0.445694 0 0 1
v 0.180455 0.468323 0.448218 0 0 1
v 0.180225 0.468224 0.452036 0 0 1
v 0.182483 0.46935 0.454913 0 0 1
v 0.185908 0.47104 0.455164 0 0 1
v 0.18948 0.4703 0.452649 0 0 1
v 0.189711 0.470398 0.44883 0 0 1
v 0.187452 0.469273 0.445953 0 0 1
v 0.184028 0.467583 0.445702 0 0 1
v 0.181443 0.466319 0.448226 0 0 1
v 0.181213 0.466221 0.452044 0 0 1
v 0.183471 0.467346 0.454921 0 0 1
v 0.186896 0.469036 0.455172 0 0 1
v 0.190468 0.468296 0.452657 0 0 1
v 0.190699 0.468395 0.448838 0 0 1
v 0.18844 0.467269 0.445961 0 0 1
v 0.185016 0.46558 0.445711 0 0 1
v 0.182432 0.464315 0.448234 0 0 1
v 0.182201 0.464217 0.452052 0 0 1
v 0.184459 0.465342 0.45493 0 0 1
v 0.187884 0.467032 0.45518 0 0 1
v 0.191456 0.466293 0.452665 0 0 1
v 0.191687 0.466391 0.448846 0 0 1
v 0.189429 0.465266 0.445969 0 0 1
v 0.186004 0.463576 0.445719 0 0 1
v 0.18342 0.462312 0.448242 0 0 1
v 0.183189 0.462213 0.452061 0 0 1
v 0.185447 0.463339 0.454938 0 0 1
v 0.188872 0.465028 0.455188 0 0 1
v 0.192445 0.464289 0.452673 0 0 1
v 0.192675 0.464387 0.448854 0 0 1
v 0.190417 0.463262 0.445977 0 0 1
v 0.186992 0.461572 0.445727 0 0 1
v 0.184408 0.460308 0.44825 0 0 1
v 0.184177 0.46021 0.452069 0 0 1
v 0.186436 0.461335 0.454946 0 0 1
v 0.18986 0.463025 0.455196 0 0 1
v 0.181601 0.478775 0.450391 0 0 1
v 0.184474 0.470313 0.450429 0 0 1
v 0.186082 0.480304 0.451998 0 0 1
v 0.185851 0.480208 0.44818 0 0 1
v 0.18313 0.479273 0.445656 0 0 1
v 0.179513 0.478047 0.445907 0 0 1
v 0.17712 0.477247 0.448784 0 0 1
v 0.177352 0.477343 0.452603 0 0 1
v 0.180073 0.478278 0.455126 0 0 1
v 0.183689 0.479504 0.454875 0 0 1
v 0.1868 0.478188 0.452008 0 0 1
v 0.186569 0.478093 0.448189 0 0 1
v 0.183848 0.477158 0.445666 0 0 1
v 0.180231 0.475931 0.445916 0 0 1
v 0.177838 0.475132 0.448793 0 0 1
v 0.17807 0.475227 0.452612 0 0 1
v 0.180791 0.476162 0.455135 0 0 1
v 0.184407 0.477389 0.454885 0 0 1
v 0.187519 0.476073 0.452017 0 0 1
v 0.187287 0.475977 0.448199 0 0 1
v 0.184566 0.475042 0.445675 0 0 1
v 0.180949 0.473816 0.445926 0 0 1
v 0.178556 0.473016 0.448803 0 0 1
v 0.178788 0.473112 0.452621 0 0 1
v 0.181509 0.474047 0.455145 0 0 1
v 0.185125 0.475273 0.454894 0 0 1
v 0.188237 0.473957 0.452027 0 0 1
v 0.188005 0.473861 0.448208 0 0 1
v 0.185284 0.472926 0.445685 0 0 1
v 0.181668 0.4717 0.445935 0 0 1
v 0.179274 0.4709 0.448812 0 0 1
v 0.179506 0.470996 0.452631 0 0 1
v 0.182227 0.471931 0.455154 0 0 1
v 0.185843 0.473158 0.454904 0 0 1
v 0.188955 0.471842 0.452036 0 0 1
v 0.188723 0.471746 0.448218 0 0 1
v 0.186002 0.470811 0.445694 0 0 1
v 0.182386 0.469584 0.445945 0 0 1
v 0.179992 0.468785 0.448822 0 0 1
v 0.180224 0.468881 0.45264 0 0 1
v 0.182945 0.469816 0.455164 0 0 1
v 0.186562 0.471042 0.454913 0 0 1
v 0.179858 0.48754 0.450348 0 0 1
v 0.181601 0.478775 0.450391 0 0 1
v 0.184667 0.488501 0.451324 0 0 1
v 0.183938 0.488338 0.44757 0 0 1
v 0.180819 0.487707 0.445444 0 0 1
v 0.177137 0.486979 0.446191 0 0 1
v 0.175049 0.486579 0.449373 0 0 1
v 0.175778 0.486742 0.453126 0 0 1
v 0.178896 0.487373 0.455252 0 0 1
v 0.182578 0.488102 0.454506 0 0 1
v 0.185102 0.48631 0.451334 0 0 1
v 0.184374 0.486147 0.447581 0 0 1
v 0.181255 0.485516 0.445455 0 0 1
v 0.177573 0.484788 0.446202 0 0 1
v 0.175485 0.484388 0.449384 0 0 1
v 0.176214 0.484551 0.453137 0 0 1
v 0.179332 0.485182 0.455263 0 0 1
v 0.183014 0.48591 0.454516 0 0 1
v 0.185538 0.484119 0.451345 0 0 1
v 0.184809 0.483956 0.447592 0 0 1
v 0.181691 0.483325 0.445466 0 0 1
v 0.178009 0.482596 0.446212 0 0 1
v 0.175921 0.482197 0.449394 0 0 1
v 0.176649 0.48236 0.453148 0 0 1
v 0.179768 0.482991 0.455274 0 0 1
v 0.18345 0.483719 0.454527 0 0 1
v 0.185974 0.481928 0.451356 0 0 1
v 0.185245 0.481765 0.447603 0 0 1
v 0.182127 0.481134 0.445477 0 0 1
v 0.178445 0.480405 0.446223 0 0 1
v 0.176356 0.480005 0.449405 0 0 1
v 0.177085 0.480169 0.453158 0 0 1
v 0.180204 0.480799 0.455284 0 0 1
v 0.183886 0.481528 0.454538 0 0 1
v 0.18641 0.479737 0.451367 0 0 1
v 0.185681 0.479574 0.447613 0 0 1
v 0.182562 0.478943 0.445487 0 0 1
v 0.178881 0.478214 0.446234 0 0 1
v 0.176792 0.477814 0.449416 0 0 1
v 0.177521 0.477977 0.453169 0 0 1
v 0.18064 0.478608 0.455295 0 0 1
v 0.184322 0.479337 0.454548 0 0 1
v 0.179273 0.496457 0.450301 0 0 1
v 0.179858 0.48754 0.450348 0 0 1
v 0.184252 0.496785 0.450628 0 0 1
v 0.183026 0.496686 0.447005 0 0 1
v 0.179601 0.496453 0.445312 0 0 1
v 0.175985 0.496222 0.446542 0 0 1
v 0.174295 0.496129 0.449974 0 0 1
v 0.175521 0.496229 0.453598 0 0 1
v 0.178945 0.496462 0.455291 0 0 1
v 0.182562 0.496693 0.454061 0 0 1
v 0.184398 0.494556 0.45064 0 0 1
v 0.183172 0.494457 0.447016 0 0 1
v 0.179747 0.494223 0.445324 0 0 1
v 0.176131 0.493993 0.446554 0 0 1
v 0.174441 0.4939 0.449986 0 0 1
v 0.175667 0.493999 0.45361 0 0 1
v 0.179091 0.494233 0.455302 0 0 1
v 0.182708 0.494463 0.454072 0 0 1
v 0.184544 0.492327 0.450652 0 0 1
v 0.183318 0.492227 0.447028 0 0 1
v 0.179894 0.491994 0.445336 0 0 1
v 0.176277 0.491763 0.446566 0 0 1
v 0.174587 0.491671 0.449998 0 0 1
v 0.175813 0.49177 0.453622 0 0 1
v 0.179237 0.492004 0.455314 0 0 1
v 0.182854 0.492234 0.454084 0 0 1
v 0.18469 0.490097 0.450664 0 0 1
v 0.183464 0.489998 0.44704 0 0 1
v 0.18004 0.489765 0.445347 0 0 1
v 0.176423 0.489534 0.446577 0 0 1
v 0.174733 0.489441 0.45001 0 0 1
v 0.175959 0.489541 0.453633 0 0 1
v 0.179384 0.489774 0.455326 0 0 1
v 0.183 0.490005 0.454096 0 0 1
v 0.184836 0.487868 0.450675 0 0 1
v 0.18361 0.487769 0.447052 0 0 1
v 0.180186 0.487535 0.445359 0 0 1
v 0.176569 0.487305 0.446589 0 0 1
v 0.174879 0.487212 0.450021 0 0 1
v 0.176105 0.487312 0.453645 0 0 1
v 0.17953 0.487545 0.455338 0 0 1
v 0.183146 0.487775 0.454107 0 0 1
v 0.179858 0.505375 0.450251 0 0 1
v 0.179273 0.496457 0.450301 0 0 1
v 0.184836 0.505046 0.449924 0 0 1
v 0.183146 0.505138 0.446492 0 0 1
v 0.17953 0.505368 0.445262 0 0 1
v 0.176105 0.505602 0.446954 0 0 1
v 0.174879 0.505703 0.450578 0 0 1
v 0.176569 0.505611 0.45401 0 0 1
v 0.180186 0.505381 0.45524 0 0 1
v 0.18361 0.505147 0.453548 0 0 1
v 0.18469 0.502817 0.449937 0 0 1
v 0.183 0.502909 0.446505 0 0 1
v 0.179383 0.503139 0.445274 0 0 1
v 0.175959 0.503373 0.446967 0 0 1
v 0.174733 0.503473 0.450591 0 0 1
v 0.176423 0.503382 0.454023 0 0 1
v 0.18004 0.503152 0.455253 0 0 1
v 0.183464 0.502918 0.45356 0 0 1
v 0.184544 0.500588 0.449949 0 0 1
v 0.182854 0.500679 0.446517 0 0 1
v 0.179237 0.500909 0.445287 0 0 1
v 0.175813 0.501143 0.44698 0 0 1
v 0.174587 0.501244 0.450603 0 0 1
v 0.176277 0.501153 0.454035 0 0 1
v 0.179894 0.500923 0.455265 0 0 1
v 0.183318 0.500689 0.453573 0 0 1
v 0.184398 0.498359 0.449962 0 0 1
v 0.182708 0.49845 0.44653 0 0 1
v 0.179091 0.49868 0.4453 0 0 1
v 0.175667 0.498914 0.446992 0 0 1
v 0.174441 0.499015 0.450616 0 0 1
v 0.176131 0.498923 0.454048 0 0 1
v 0.179748 0.498693 0.455278 0 0 1
v 0.183172 0.498459 0.453585 0 0 1
v 0.184252 0.496129 0.449974 0 0 1
v 0.182562 0.496221 0.446542 0 0 1
v 0.178945 0.496451 0.445312 0 0 1
v 0.175521 0.496685 0.447005 0 0 1
v 0.174295 0.496786 0.450628 0 0 1
v 0.175985 0.496694 0.454061 0 0 1
v 0.179601 0.496464 0.455291 0 0 1
v 0.183026 0.49623 0.453598 0 0 1
v 0.181601 0.514139 0.450198 0 0 1
v 0.179858 0.505375 0.450251 0 0 1
v 0.18641 0.513177 0.449223 0 0 1
v 0.184321 0.513573 0.446041 0 0 1
v 0.180639 0.514301 0.445295 0 0 1
v 0.17752 0.514934 0.447421 0 0 1
v 0.176793 0.515102 0.451174 0 0 1
v 0.178881 0.514705 0.454356 0 0 1
v 0.182563 0.513977 0.455102 0 0 1
v 0.185682 0.513344 0.452976 0 0 1
v 0.185974 0.510986 0.449236 0 0 1
v 0.183885 0.511382 0.446054 0 0 1
v 0.180203 0.51211 0.445308 0 0 1
v 0.177085 0.512743 0.447434 0 0 1
v 0.176357 0.51291 0.451187 0 0 1
v 0.178446 0.512514 0.454369 0 0 1
v 0.182128 0.511786 0.455115 0 0 1
v 0.185246 0.511153 0.452989 0 0 1
v 0.185538 0.508795 0.449249 0 0 1
v 0.183449 0.509191 0.446067 0 0 1
v 0.179767 0.509919 0.445321 0 0 1
v 0.176649 0.510552 0.447447 0 0 1
v 0.175921 0.510719 0.4512 0 0 1
v 0.17801 0.510323 0.454382 0 0 1
v 0.181692 0.509595 0.455129 0 0 1
v 0.18481 0.508962 0.453003 0 0 1
v 0.185102 0.506603 0.449262 0 0 1
v 0.183013 0.507 0.446081 0 0 1
v 0.179331 0.507728 0.445334 0 0 1
v 0.176213 0.508361 0.44746 0 0 1
v 0.175485 0.508528 0.451213 0 0 1
v 0.177574 0.508132 0.454395 0 0 1
v 0.181256 0.507404 0.455142 0 0 1
v 0.184374 0.506771 0.453016 0 0 1
v 0.184666 0.504412 0.449276 0 0 1
v 0.182577 0.504809 0.446094 0 0 1
v 0.178895 0.505537 0.445347 0 0 1
v 0.175777 0.50617 0.447473 0 0 1
v 0.175049 0.506337 0.451227 0 0 1
v 0.177138 0.505941 0.454408 0 0 1
v 0.18082 0.505213 0.455155 0 0 1
v 0.183938 0.50458 0.453029 0 0 1
v 0.184474 0.522601 0.450144 0 0 1
v 0.181601 0.514139 0.450198 0 0 1
v 0.188954 0.52107 0.448537 0 0 1
v 0.186559 0.521865 0.44566 0 0 1
v 0.182942 0.523091 0.44541 0 0 1
v 0.180223 0.52403 0.447933 0 0 1
v 0.179993 0.524132 0.451751 0 0 1
v 0.182388 0.523338 0.454628 0 0 1
v 0.186005 0.522112 0.454879 0 0 1
v 0.188724 0.521173 0.452355 0 0 1
v 0.188236 0.518955 0.44855 0 0 1
v 0.185841 0.519749 0.445673 0 0 1
v 0.182224 0.520975 0.445423 0 0 1
v 0.179505 0.521915 0.447946 0 0 1
v 0.179275 0.522017 0.451765 0 0 1
v 0.18167 0.521222 0.454642 0 0 1
v 0.185287 0.519996 0.454892 0 0 1
v 0.188006 0.519057 0.452369 0 0 1
v 0.187518 0.516839 0.448564 0 0 1
v 0.185123 0.517634 0.445687 0 0 1
v 0.181506 0.51886 0.445437 0 0 1
v 0.178787 0.519799 0.44796 0 0 1
v 0.178557 0.519901 0.451778 0 0 1
v 0.180952 0.519107 0.454656 0 0 1
v 0.184569 0.517881 0.454906 0 0 1
v 0.187288 0.516941 0.452383 0 0 1
v 0.186799 0.514724 0.448578 0 0 1
v 0.184405 0.515518 0.445701 0 0 1
v 0.180788 0.516744 0.44545 0 0 1
v 0.178069 0.517683 0.447973 0 0 1
v 0.177839 0.517786 0.451792 0 0 1
v 0.180234 0.516991 0.454669 0 0 1
v 0.18385 0.515765 0.454919 0 0 1
v 0.18657 0.514826 0.452396 0 0 1
v 0.186081 0.512608 0.448591 0 0 1
v 0.183686 0.513403 0.445714 0 0 1
v 0.18007 0.514629 0.445464 0 0 1
v 0.17735 0.515568 0.447987 0 0 1
v 0.177121 0.51567 0.451806 0 0 1
v 0.179516 0.514876 0.454683 0 0 1
v 0.183132 0.51365 0.454933 0 0 1
v 0.185852 0.51271 0.45241 0 0 1
v 0.188426 0.530616 0.450089 0 0 1
v 0.184474 0.522601 0.450144 0 0 1
v 0.192442 0.52862 0.447878 0 0 1
v 0.189855 0.529879 0.445355 0 0 1
v 0.186431 0.531569 0.445605 0 0 1
v 0.184175 0.532701 0.448482 0 0 1
v 0.18441 0.532612 0.452301 0 0 1
v 0.186998 0.531353 0.454824 0 0 1
v 0.190422 0.529663 0.454573 0 0 1
v 0.192677 0.528531 0.451696 0 0 1
v 0.191454 0.526617 0.447891 0 0 1
v 0.188867 0.527875 0.445368 0 0 1
v 0.185442 0.529566 0.445619 0 0 1
v 0.183187 0.530698 0.448496 0 0 1
v 0.183422 0.530608 0.452314 0 0 1
v 0.186009 0.529349 0.454837 0 0 1
v 0.189434 0.527659 0.454587 0 0 1
v 0.191689 0.526527 0.45171 0 0 1
v 0.190466 0.524613 0.447905 0 0 1
v 0.187878 0.525872 0.445382 0 0 1
v 0.184454 0.527562 0.445632 0 0 1
v 0.182199 0.528694 0.448509 0 0 1
v 0.182434 0.528604 0.452328 0 0 1
v 0.185021 0.527346 0.454851 0 0 1
v 0.188446 0.525655 0.454601 0 0 1
v 0.190701 0.524523 0.451724 0 0 1
v 0.189478 0.522609 0.447919 0 0 1
v 0.18689 0.523868 0.445396 0 0 1
v 0.183466 0.525558 0.445646 0 0 1
v 0.181211 0.52669 0.448523 0 0 1
v 0.181446 0.526601 0.452342 0 0 1
v 0.184033 0.525342 0.454865 0 0 1
v 0.187457 0.523652 0.454615 0 0 1
v 0.189713 0.52252 0.451737 0 0 1
v 0.18849 0.520606 0.447933 0 0 1
v 0.185902 0.521864 0.445409 0 0 1
v 0.182478 0.523555 0.44566 0 0 1
v 0.180223 0.524687 0.448537 0 0 1
v 0.180458 0.524597 0.452356 0 0 1
v 0.183045 0.523338 0.454879 0 0 1
v 0.186469 0.521648 0.454628 0 0 1
v 0.188724 0.520516 0.451751 0 0 1
v 0.193391 0.538046 0.450034 0 0 1
v 0.188426 0.530616 0.450089 0 0 1
v 0.196838 0.535722 0.447257 0 0 1
v 0.194185 0.537479 0.445131 0 0 1
v 0.191067 0.539568 0.445877 0 0 1
v 0.18931 0.540766 0.449059 0 0 1
v 0.189944 0.54037 0.452812 0 0 1
v 0.192597 0.538613 0.454938 0 0 1
v 0.195715 0.536524 0.454192 0 0 1
v 0.197472 0.535327 0.45101 0 0 1
v 0.195597 0.533865 0.44727 0 0 1
v 0.192944 0.535622 0.445144 0 0 1
v 0.189826 0.537711 0.445891 0 0 1
v 0.188069 0.538908 0.449073 0 0 1
v 0.188703 0.538513 0.452826 0 0 1
v 0.191355 0.536756 0.454952 0 0 1
v 0.194474 0.534666 0.454205 0 0 1
v 0.196231 0.533469 0.451024 0 0 1
v 0.194356 0.532007 0.447284 0 0 1
v 0.191703 0.533764 0.445158 0 0 1
v 0.188585 0.535853 0.445905 0 0 1
v 0.186828 0.537051 0.449086 0 0 1
v 0.187461 0.536655 0.45284 0 0 1
v 0.190114 0.534898 0.454966 0 0 1
v 0.193232 0.532809 0.454219 0 0 1
v 0.194989 0.531612 0.451037 0 0 1
v 0.193115 0.53015 0.447298 0 0 1
v 0.190462 0.531907 0.445172 0 0 1
v 0.187344 0.533996 0.445918 0 0 1
v 0.185587 0.535193 0.4491 0 0 1
v 0.18622 0.534797 0.452853 0 0 1
v 0.188873 0.53304 0.454979 0 0 1
v 0.191991 0.530951 0.454233 0 0 1
v 0.193748 0.529754 0.451051 0 0 1
v 0.191873 0.528292 0.447311 0 0 1
v 0.189221 0.530049 0.445185 0 0 1
v 0.186102 0.532138 0.445932 0 0 1
v 0.184345 0.533336 0.449114 0 0 1
v 0.184979 0.53294 0.452867 0 0 1
v 0.187632 0.531183 0.454993 0 0 1
v 0.19075 0.529094 0.454246 0 0 1
v 0.192507 0.527896 0.451065 0 0 1
v 0.199283 0.544765 0.449981 0 0 1
v 0.193391 0.538046 0.450034 0 0 1
v 0.202096 0.542271 0.446684 0 0 1
v 0.199509 0.544527 0.444992 0 0 1
v 0.19679 0.546922 0.446222 0 0 1
v 0.195531 0.548053 0.449654 0 0 1
v 0.19647 0.547258 0.453278 0 0 1
v 0.199057 0.545003 0.45497 0 0 1
v 0.201777 0.542608 0.45374 0 0 1
v 0.203036 0.541477 0.450308 0 0 1
v 0.200623 0.540592 0.446698 0 0 1
v 0.198036 0.542847 0.445005 0 0 1
v 0.195317 0.545242 0.446235 0 0 1
v 0.194058 0.546373 0.449667 0 0 1
v 0.194997 0.545579 0.453291 0 0 1
v 0.197584 0.543323 0.454984 0 0 1
v 0.200304 0.540928 0.453754 0 0 1
v 0.201563 0.539797 0.450321 0 0 1
v 0.19915 0.538912 0.446711 0 0 1
v 0.196563 0.541168 0.445019 0 0 1
v 0.193844 0.543562 0.446249 0 0 1
v 0.192585 0.544694 0.449681 0 0 1
v 0.193524 0.543899 0.453305 0 0 1
v 0.196111 0.541644 0.454997 0 0 1
v 0.198831 0.539249 0.453767 0 0 1
v 0.200089 0.538117 0.450335 0 0 1
v 0.197677 0.537232 0.446724 0 0 1
v 0.19509 0.539488 0.445032 0 0 1
v 0.192371 0.541883 0.446262 0 0 1
v 0.191112 0.543014 0.449694 0 0 1
v 0.192051 0.542219 0.453318 0 0 1
v 0.194638 0.539964 0.45501 0 0 1
v 0.197357 0.537569 0.45378 0 0 1
v 0.198616 0.536438 0.450348 0 0 1
v 0.196204 0.535553 0.446738 0 0 1
v 0.193617 0.537808 0.445045 0 0 1
v 0.190898 0.540203 0.446275 0 0 1
v 0.189639 0.541334 0.449708 0 0 1
v 0.190578 0.54054 0.453331 0 0 1
v 0.193165 0.538284 0.455024 0 0 1
v 0.195884 0.535889 0.453794 0 0 1
v 0.197143 0.534758 0.450361 0 0 1
v 0.206002 0.550657 0.44993 0 0 1
v 0.199283 0.544765 0.449981 0 0 1
v 0.208159 0.548164 0.446171 0 0 1
v 0.205765 0.550884 0.444941 0 0 1
v 0.203509 0.553471 0.446633 0 0 1
v 0.202714 0.554409 0.450257 0 0 1
v 0.203845 0.55315 0.453689 0 0 1
v 0.206239 0.55043 0.454919 0 0 1
v 0.208495 0.547843 0.453226 0 0 1
v 0.20929 0.546904 0.449603 0 0 1
v 0.20648 0.546691 0.446183 0 0 1
v 0.204085 0.549411 0.444953 0 0 1
v 0.201829 0.551998 0.446646 0 0 1
v 0.201034 0.552936 0.45027 0 0 1
v 0.202165 0.551677 0.453702 0 0 1
v 0.204559 0.548957 0.454932 0 0 1
v 0.206815 0.54637 0.453239 0 0 1
v 0.20761 0.545431 0.449616 0 0 1
v 0.2048 0.545218 0.446196 0 0 1
v 0.202405 0.547938 0.444966 0 0 1
v 0.20015 0.550525 0.446659 0 0 1
v 0.199354 0.551463 0.450283 0 0 1
v 0.200485 0.550204 0.453715 0 0 1
v 0.20288 0.547484 0.454945 0 0 1
v 0.205135 0.544897 0.453252 0 0 1
v 0.205931 0.543958 0.449628 0 0 1
v 0.20312 0.543745 0.446209 0 0 1
v 0.200726 0.546465 0.444979 0 0 1
v 0.19847 0.549052 0.446672 0 0 1
v 0.197675 0.54999 0.450295 0 0 1
v 0.198805 0.548731 0.453727 0 0 1
v 0.2012 0.546011 0.454957 0 0 1
v 0.203456 0.543424 0.453265 0 0 1
v 0.204251 0.542485 0.449641 0 0 1
v 0.201441 0.542272 0.446222 0 0 1
v 0.199046 0.544992 0.444992 0 0 1
v 0.19679 0.547579 0.446684 0 0 1
v 0.195995 0.548517 0.450308 0 0 1
v 0.197126 0.547258 0.45374 0 0 1
v 0.19952 0.544538 0.45497 0 0 1
v 0.201776 0.541951 0.453278 0 0 1
v 0.202571 0.541012 0.449654 0 0 1
v 0.213432 0.555622 0.449882 0 0 1
v 0.206002 0.550657 0.44993 0 0 1
v 0.214957 0.553299 0.445724 0 0 1
v 0.212868 0.556418 0.444978 0 0 1
v 0.21111 0.55907 0.447104 0 0 1
v 0.210712 0.559702 0.450857 0 0 1
v 0.211908 0.557944 0.454039 0 0 1
v 0.213996 0.554825 0.454785 0 0 1
v 0.215754 0.552173 0.452659 0 0 1
v 0.216152 0.551541 0.448906 0 0 1
v 0.213099 0.552058 0.445736 0 0 1
v 0.211011 0.555177 0.44499 0 0 1
v 0.209253 0.557829 0.447116 0 0 1
v 0.208855 0.558461 0.450869 0 0 1
v 0.21005 0.556703 0.454051 0 0 1
v 0.212139 0.553584 0.454798 0 0 1
v 0.213897 0.550932 0.452671 0 0 1
v 0.214295 0.5503 0.448918 0 0 1
v 0.211242 0.550817 0.445748 0 0 1
v 0.209153 0.553936 0.445002 0 0 1
v 0.207395 0.556588 0.447128 0 0 1
v 0.206997 0.55722 0.450881 0 0 1
v 0.208193 0.555461 0.454063 0 0 1
v 0.210281 0.552343 0.45481 0 0 1
v 0.212039 0.549691 0.452683 0 0 1
v 0.212437 0.549059 0.44893 0 0 1
v 0.209384 0.549576 0.44576 0 0 1
v 0.207296 0.552694 0.445014 0 0 1
v 0.205537 0.555347 0.44714 0 0 1
v 0.20514 0.555978 0.450893 0 0 1
v 0.206335 0.55422 0.454075 0 0 1
v 0.208424 0.551102 0.454822 0 0 1
v 0.210182 0.54845 0.452696 0 0 1
v 0.21058 0.547818 0.448942 0 0 1
v 0.207527 0.548335 0.445773 0 0 1
v 0.205438 0.551453 0.445026 0 0 1
v 0.20368 0.554105 0.447152 0 0 1
v 0.203282 0.554737 0.450905 0 0 1
v 0.204477 0.552979 0.454087 0 0 1
v 0.206566 0.54986 0.454834 0 0 1
v 0.208324 0.547208 0.452708 0 0 1
v 0.208722 0.546576 0.448954 0 0 1
v 0.221447 0.559574 0.449837 0 0 1
v 0.213432 0.555622 0.449882 0 0 1
v 0.222405 0.557581 0.445353 0 0 1
v 0.220715 0.561005 0.445103 0 0 1
v 0.219454 0.563591 0.447626 0 0 1
v 0.21936 0.563824 0.451444 0 0 1
v 0.220489 0.561567 0.454322 0 0 1
v 0.222179 0.558143 0.454572 0 0 1
v 0.22344 0.555557 0.452049 0 0 1
v 0.223534 0.555324 0.44823 0 0 1
v 0.220402 0.556593 0.445364 0 0 1
v 0.218712 0.560017 0.445114 0 0 1
v 0.21745 0.562603 0.447637 0 0 1
v 0.217357 0.562836 0.451456 0 0 1
v 0.218485 0.560579 0.454333 0 0 1
v 0.220175 0.557155 0.454583 0 0 1
v 0.221437 0.554569 0.45206 0 0 1
v 0.22153 0.554336 0.448241 0 0 1
v 0.218398 0.555605 0.445375 0 0 1
v 0.216708 0.559029 0.445125 0 0 1
v 0.215447 0.561615 0.447648 0 0 1
v 0.215353 0.561848 0.451467 0 0 1
v 0.216482 0.559591 0.454344 0 0 1
v 0.218172 0.556167 0.454594 0 0 1
v 0.219433 0.553581 0.452071 0 0 1
v 0.219527 0.553348 0.448252 0 0 1
v 0.216394 0.554616 0.445386 0 0 1
v 0.214704 0.558041 0.445136 0 0 1
v 0.213443 0.560627 0.447659 0 0 1
v 0.213349 0.56086 0.451478 0 0 1
v 0.214478 0.558603 0.454355 0 0 1
v 0.216168 0.555178 0.454605 0 0 1
v 0.217429 0.552593 0.452082 0 0 1
v 0.217523 0.55236 0.448263 0 0 1
v 0.21439 0.553628 0.445397 0 0 1
v 0.2127 0.557053 0.445147 0 0 1
v 0.211439 0.559639 0.44767 0 0 1
v 0.211346 0.559871 0.451489 0 0 1
v 0.212474 0.557615 0.454366 0 0 1
v 0.214164 0.55419 0.454616 0 0 1
v 0.215426 0.551604 0.452093 0 0 1
v 0.215519 0.551372 0.448274 0 0 1
v 0.229909 0.562446 0.449797 0 0 1
v 0.221447 0.559574 0.449837 0 0 1
v 0.230406 0.560918 0.445063 0 0 1
v 0.22918 0.564534 0.445313 0 0 1
v 0.228381 0.566927 0.44819 0 0 1
v 0.228477 0.566696 0.452009 0 0 1
v 0.229413 0.563975 0.454532 0 0 1
v 0.230639 0.560358 0.454282 0 0 1
v 0.231438 0.557965 0.451405 0 0 1
v 0.231341 0.558197 0.447586 0 0 1
v 0.22829 0.5602 0.445073 0 0 1
v 0.227064 0.563816 0.445323 0 0 1
v 0.226265 0.566209 0.4482 0 0 1
v 0.226362 0.565978 0.452019 0 0 1
v 0.227297 0.563257 0.454542 0 0 1
v 0.228524 0.55964 0.454292 0 0 1
v 0.229322 0.557247 0.451415 0 0 1
v 0.229226 0.557479 0.447596 0 0 1
v 0.226175 0.559481 0.445083 0 0 1
v 0.224949 0.563098 0.445333 0 0 1
v 0.22415 0.565491 0.44821 0 0 1
v 0.224246 0.56526 0.452029 0 0 1
v 0.225182 0.562539 0.454552 0 0 1
v 0.226408 0.558922 0.454302 0 0 1
v 0.227207 0.556529 0.451424 0 0 1
v 0.22711 0.556761 0.447606 0 0 1
v 0.224059 0.558763 0.445093 0 0 1
v 0.222833 0.56238 0.445343 0 0 1
v 0.222034 0.564773 0.44822 0 0 1
v 0.222131 0.564541 0.452039 0 0 1
v 0.223066 0.561821 0.454562 0 0 1
v 0.224293 0.558204 0.454312 0 0 1
v 0.225091 0.555811 0.451434 0 0 1
v 0.224995 0.556042 0.447616 0 0 1
v 0.221944 0.558045 0.445103 0 0 1
v 0.220717 0.561662 0.445353 0 0 1
v 0.219919 0.564055 0.44823 0 0 1
v 0.220015 0.563823 0.452049 0 0 1
v 0.220951 0.561102 0.454572 0 0 1
v 0.222177 0.557486 0.454322 0 0 1
v 0.222976 0.555093 0.451444 0 0 1
v 0.222879 0.555324 0.447626 0 0 1
v 0.238674 0.564189 0.449763 0 0 1
v 0.229909 0.562446 0.449797 0 0 1
v 0.238846 0.563229 0.444859 0 0 1
v 0.238117 0.566911 0.445606 0 0 1
v 0.237714 0.568998 0.448788 0 0 1
v 0.237874 0.568269 0.452541 0 0 1
v 0.238502 0.56515 0.454667 0 0 1
v 0.239232 0.561468 0.45392 0 0 1
v 0.239634 0.559381 0.450738 0 0 1
v 0.239475 0.56011 0.446985 0 0 1
v 0.236655 0.562793 0.444868 0 0 1
v 0.235925 0.566475 0.445614 0 0 1
v 0.235523 0.568563 0.448796 0 0 1
v 0.235683 0.567833 0.45255 0 0 1
v 0.236311 0.564714 0.454676 0 0 1
v 0.237041 0.561032 0.453929 0 0 1
v 0.237443 0.558945 0.450747 0 0 1
v 0.237283 0.559674 0.446994 0 0 1
v 0.234464 0.562358 0.444876 0 0 1
v 0.233734 0.566039 0.445623 0 0 1
v 0.233331 0.568127 0.448805 0 0 1
v 0.233491 0.567397 0.452558 0 0 1
v 0.23412 0.564278 0.454684 0 0 1
v 0.234849 0.560596 0.453937 0 0 1
v 0.235252 0.558509 0.450756 0 0 1
v 0.235092 0.559238 0.447002 0 0 1
v 0.232272 0.561922 0.444885 0 0 1
v 0.231543 0.565603 0.445632 0 0 1
v 0.23114 0.567691 0.448813 0 0 1
v 0.2313 0.566962 0.452567 0 0 1
v 0.231929 0.563842 0.454693 0 0 1
v 0.232658 0.560161 0.453946 0 0 1
v 0.233061 0.558073 0.450764 0 0 1
v 0.232901 0.558803 0.447011 0 0 1
v 0.230081 0.561486 0.444894 0 0 1
v 0.229352 0.565168 0.44564 0 0 1
v 0.228949 0.567255 0.448822 0 0 1
v 0.229109 0.566526 0.452575 0 0 1
v 0.229738 0.563407 0.454701 0 0 1
v 0.230467 0.559725 0.453955 0 0 1
v 0.23087 0.557637 0.450773 0 0 1
v 0.23071 0.558367 0.44702 0 0 1
v 0.247591 0.564774 0.449734 0 0 1
v 0.238674 0.564189 0.449763 0 0 1
v 0.247597 0.564447 0.444745 0 0 1
v 0.247364 0.568063 0.445975 0 0 1
v 0.247264 0.569752 0.449407 0 0 1
v 0.247356 0.568526 0.453031 0 0 1
v 0.247586 0.565101 0.454724 0 0 1
v 0.247819 0.561485 0.453494 0 0 1
v 0.247919 0.559795 0.450061 0 0 1
v 0.247827 0.561022 0.446438 0 0 1
v 0.245368 0.5643 0.444752 0 0 1
v 0.245135 0.567917 0.445982 0 0 1
v 0.245035 0.569606 0.449415 0 0 1
v 0.245127 0.56838 0.453038 0 0 1
v 0.245357 0.564955 0.454731 0 0 1
v 0.24559 0.561339 0.453501 0 0 1
v 0.245689 0.559649 0.450068 0 0 1
v 0.245597 0.560876 0.446445 0 0 1
v 0.243138 0.564154 0.444759 0 0 1
v 0.242905 0.567771 0.44599 0 0 1
v 0.242806 0.56946 0.449422 0 0 1
v 0.242898 0.568233 0.453045 0 0 1
v 0.243127 0.564809 0.454738 0 0 1
v 0.24336 0.561193 0.453508 0 0 1
v 0.24346 0.559503 0.450076 0 0 1
v 0.243368 0.56073 0.446452 0 0 1
v 0.240909 0.564008 0.444767 0 0 1
v 0.240676 0.567625 0.445997 0 0 1
v 0.240576 0.569314 0.449429 0 0 1
v 0.240668 0.568087 0.453053 0 0 1
v 0.240898 0.564663 0.454745 0 0 1
v 0.241131 0.561047 0.453515 0 0 1
v 0.241231 0.559357 0.450083 0 0 1
v 0.241139 0.560584 0.446459 0 0 1
v 0.23868 0.563862 0.444774 0 0 1
v 0.238447 0.567478 0.446004 0 0 1
v 0.238347 0.569168 0.449436 0 0 1
v 0.238439 0.567941 0.45306 0 0 1
v 0.238669 0.564517 0.454752 0 0 1
v 0.238902 0.560901 0.453522 0 0 1
v 0.239001 0.559211 0.45009 0 0 1
v 0.238909 0.560438 0.446466 0 0 1
v 0.256509 0.564189 0.449712 0 0 1
v 0.247591 0.564774 0.449734 0 0 1
v 0.256518 0.564516 0.444723 0 0 1
v 0.256747 0.567941 0.446416 0 0 1
v 0.256836 0.569168 0.450039 0 0 1
v 0.256734 0.567478 0.453471 0 0 1
v 0.2565 0.563862 0.454701 0 0 1
v 0.256271 0.560437 0.453009 0 0 1
v 0.256182 0.559211 0.449385 0 0 1
v 0.256284 0.5609 0.445953 0 0 1
v 0.254288 0.564663 0.444728 0 0 1
v 0.254517 0.568087 0.446421 0 0 1
v 0.254607 0.569314 0.450045 0 0 1
v 0.254504 0.567624 0.453477 0 0 1
v 0.25427 0.564008 0.454707 0 0 1
v 0.254042 0.560584 0.453014 0 0 1
v 0.253952 0.559357 0.449391 0 0 1
v 0.254054 0.561046 0.445958 0 0 1
v 0.252059 0.564809 0.444734 0 0 1
v 0.252288 0.568233 0.446427 0 0 1
v 0.252377 0.56946 0.45005 0 0 1
v 0.252275 0.567771 0.453483 0 0 1
v 0.252041 0.564154 0.454713 0 0 1
v 0.251812 0.56073 0.45302 0 0 1
v 0.251723 0.559503 0.449396 0 0 1
v 0.251825 0.561193 0.445964 0 0 1
v 0.24983 0.564955 0.44474 0 0 1
v 0.250059 0.568379 0.446432 0 0 1
v 0.250148 0.569606 0.450056 0 0 1
v 0.250046 0.567917 0.453488 0 0 1
v 0.249812 0.5643 0.454718 0 0 1
v 0.249583 0.560876 0.453026 0 0 1
v 0.249494 0.559649 0.449402 0 0 1
v 0.249596 0.561339 0.44597 0 0 1
v 0.2476 0.565101 0.444745 0 0 1
v 0.247829 0.568526 0.446438 0 0 1
v 0.247919 0.569752 0.450061 0 0 1
v 0.247816 0.568063 0.453494 0 0 1
v 0.247582 0.564447 0.454724 0 0 1
v 0.247354 0.561022 0.453031 0 0 1
v 0.247264 0.559795 0.449407 0 0 1
v 0.247366 0.561485 0.445975 0 0 1
v 0.265274 0.562446 0.449697 0 0 1
v 0.256509 0.564189 0.449712 0 0 1
v 0.265456 0.563404 0.444793 0 0 1
v 0.26608 0.566524 0.446919 0 0 1
v 0.266232 0.567255 0.450672 0 0 1
v 0.265823 0.565169 0.453854 0 0 1
v 0.265092 0.561487 0.454601 0 0 1
v 0.264467 0.558367 0.452474 0 0 1
v 0.264315 0.557636 0.448721 0 0 1
v 0.264725 0.559723 0.445539 0 0 1
v 0.263264 0.56384 0.444797 0 0 1
v 0.263889 0.56696 0.446923 0 0 1
v 0.264041 0.567691 0.450676 0 0 1
v 0.263631 0.565605 0.453858 0 0 1
v 0.2629 0.561923 0.454604 0 0 1
v 0.262276 0.558803 0.452478 0 0 1
v 0.262124 0.558072 0.448725 0 0 1
v 0.262533 0.560159 0.445543 0 0 1
v 0.261073 0.564276 0.444801 0 0 1
v 0.261698 0.567396 0.446927 0 0 1
v 0.26185 0.568127 0.45068 0 0 1
v 0.26144 0.56604 0.453862 0 0 1
v 0.260709 0.562359 0.454608 0 0 1
v 0.260085 0.559239 0.452482 0 0 1
v 0.259933 0.558508 0.448729 0 0 1
v 0.260342 0.560594 0.445547 0 0 1
v 0.258882 0.564712 0.444804 0 0 1
v 0.259506 0.567832 0.446931 0 0 1
v 0.259658 0.568563 0.450684 0 0 1
v 0.259249 0.566476 0.453866 0 0 1
v 0.258518 0.562795 0.454612 0 0 1
v 0.257894 0.559675 0.452486 0 0 1
v 0.257742 0.558944 0.448733 0 0 1
v 0.258151 0.56103 0.445551 0 0 1
v 0.256691 0.565148 0.444808 0 0 1
v 0.257315 0.568268 0.446934 0 0 1
v 0.257467 0.568999 0.450688 0 0 1
v 0.257058 0.566912 0.45387 0 0 1
v 0.256327 0.563231 0.454616 0 0 1
v 0.255702 0.560111 0.45249 0 0 1
v 0.25555 0.55938 0.448737 0 0 1
v 0.25596 0.561466 0.445555 0 0 1
v 0.273736 0.559573 0.449688 0 0 1
v 0.265274 0.562446 0.449697 0 0 1
v 0.274248 0.561096 0.444954 0 0 1
v 0.275175 0.56382 0.447477 0 0 1
v 0.275259 0.564056 0.451295 0 0 1
v 0.274451 0.561666 0.454173 0 0 1
v 0.273223 0.55805 0.454423 0 0 1
v 0.272296 0.555326 0.4519 0 0 1
v 0.272212 0.55509 0.448081 0 0 1
v 0.273021 0.55748 0.445204 0 0 1
v 0.272133 0.561815 0.444956 0 0 1
v 0.27306 0.564538 0.447479 0 0 1
v 0.273144 0.564774 0.451298 0 0 1
v 0.272335 0.562384 0.454175 0 0 1
v 0.271108 0.558768 0.454425 0 0 1
v 0.270181 0.556044 0.451902 0 0 1
v 0.270097 0.555808 0.448083 0 0 1
v 0.270905 0.558199 0.445206 0 0 1
v 0.270017 0.562533 0.444958 0 0 1
v 0.270944 0.565256 0.447481 0 0 1
v 0.271028 0.565492 0.4513 0 0 1
v 0.27022 0.563102 0.454177 0 0 1
v 0.268992 0.559486 0.454427 0 0 1
v 0.268065 0.556762 0.451904 0 0 1
v 0.267981 0.556527 0.448085 0 0 1
v 0.26879 0.558917 0.445208 0 0 1
v 0.267901 0.563251 0.44496 0 0 1
v 0.268829 0.565975 0.447483 0 0 1
v 0.268912 0.56621 0.451302 0 0 1
v 0.268104 0.56382 0.454179 0 0 1
v 0.266877 0.560204 0.454429 0 0 1
v 0.26595 0.55748 0.451906 0 0 1
v 0.265866 0.557245 0.448087 0 0 1
v 0.266674 0.559635 0.44521 0 0 1
v 0.265786 0.563969 0.444962 0 0 1
v 0.266713 0.566693 0.447485 0 0 1
v 0.266797 0.566929 0.451304 0 0 1
v 0.265988 0.564538 0.454181 0 0 1
v 0.264761 0.560922 0.454431 0 0 1
v 0.263834 0.558199 0.451908 0 0 1
v 0.26375 0.557963 0.448089 0 0 1
v 0.264559 0.560353 0.445212 0 0 1
v 0.281751 0.55562 0.449687 0 0 1
v 0.273736 0.559573 0.449688 0 0 1
v 0.282728 0.557604 0.445203 0 0 1
v 0.283845 0.559867 0.44808 0 0 1
v 0.283734 0.559642 0.451898 0 0 1
v 0.282462 0.557062 0.454422 0 0 1
v 0.280773 0.553637 0.454171 0 0 1
v 0.279657 0.551374 0.451294 0 0 1
v 0.279767 0.551599 0.447475 0 0 1
v 0.281039 0.554179 0.444952 0 0 1
v 0.280724 0.558592 0.445203 0 0 1
v 0.281841 0.560855 0.44808 0 0 1
v 0.281731 0.56063 0.451899 0 0 1
v 0.280458 0.55805 0.454422 0 0 1
v 0.278769 0.554625 0.454172 0 0 1
v 0.277653 0.552362 0.451294 0 0 1
v 0.277763 0.552587 0.447476 0 0 1
v 0.279035 0.555168 0.444953 0 0 1
v 0.278721 0.55958 0.445203 0 0 1
v 0.279837 0.561843 0.44808 0 0 1
v 0.279727 0.561619 0.451899 0 0 1
v 0.278455 0.559038 0.454422 0 0 1
v 0.276766 0.555613 0.454172 0 0 1
v 0.275649 0.55335 0.451295 0 0 1
v 0.275759 0.553575 0.447476 0 0 1
v 0.277032 0.556156 0.444953 0 0 1
v 0.276717 0.560569 0.445204 0 0 1
v 0.277833 0.562831 0.448081 0 0 1
v 0.277723 0.562607 0.451899 0 0 1
v 0.276451 0.560026 0.454423 0 0 1
v 0.274762 0.556601 0.454172 0 0 1
v 0.273646 0.554338 0.451295 0 0 1
v 0.273756 0.554563 0.447476 0 0 1
v 0.275028 0.557144 0.444953 0 0 1
v 0.274713 0.561557 0.445204 0 0 1
v 0.27583 0.56382 0.448081 0 0 1
v 0.275719 0.563595 0.4519 0 0 1
v 0.274447 0.561014 0.454423 0 0 1
v 0.272758 0.557589 0.454173 0 0 1
v 0.271642 0.555327 0.451295 0 0 1
v 0.271752 0.555551 0.447477 0 0 1
v 0.273024 0.558132 0.444954 0 0 1
v 0.289181 0.550656 0.449693 0 0 1
v 0.281751 0.55562 0.449687 0 0 1
v 0.290727 0.552964 0.445535 0 0 1
v 0.291906 0.554733 0.448717 0 0 1
v 0.291489 0.554113 0.452471 0 0 1
v 0.28972 0.551468 0.454597 0 0 1
v 0.287635 0.548347 0.45385 0 0 1
v 0.286456 0.546578 0.450668 0 0 1
v 0.286873 0.547198 0.446915 0 0 1
v 0.288642 0.549843 0.444789 0 0 1
v 0.288869 0.554205 0.445534 0 0 1
v 0.290048 0.555974 0.448716 0 0 1
v 0.289632 0.555355 0.452469 0 0 1
v 0.287863 0.55271 0.454595 0 0 1
v 0.285778 0.549589 0.453849 0 0 1
v 0.284598 0.54782 0.450667 0 0 1
v 0.285015 0.548439 0.446913 0 0 1
v 0.286784 0.551084 0.444787 0 0 1
v 0.287011 0.555446 0.445533 0 0 1
v 0.288191 0.557215 0.448714 0 0 1
v 0.287774 0.556596 0.452468 0 0 1
v 0.286005 0.553951 0.454594 0 0 1
v 0.28392 0.55083 0.453847 0 0 1
v 0.282741 0.549061 0.450665 0 0 1
v 0.283158 0.54968 0.446912 0 0 1
v 0.284927 0.552325 0.444786 0 0 1
v 0.285154 0.556687 0.445531 0 0 1
v 0.286333 0.558456 0.448713 0 0 1
v 0.285916 0.557837 0.452466 0 0 1
v 0.284147 0.555192 0.454592 0 0 1
v 0.282063 0.552071 0.453846 0 0 1
v 0.280883 0.550302 0.450664 0 0 1
v 0.2813 0.550922 0.446911 0 0 1
v 0.283069 0.553566 0.444784 0 0 1
v 0.283296 0.557929 0.44553 0 0 1
v 0.284476 0.559698 0.448712 0 0 1
v 0.284059 0.559078 0.452465 0 0 1
v 0.28229 0.556433 0.454591 0 0 1
v 0.280205 0.553312 0.453844 0 0 1
v 0.279026 0.551543 0.450662 0 0 1
v 0.279442 0.552163 0.446909 0 0 1
v 0.281211 0.554808 0.444783 0 0 1
v 0.2959 0.544763 0.449706 0 0 1
v 0.289181 0.550656 0.449693 0 0 1
v 0.298078 0.547238 0.445947 0 0 1
v 0.29919 0.548514 0.449379 0 0 1
v 0.298375 0.547593 0.453003 0 0 1
v 0.29611 0.545014 0.454695 0 0 1
v 0.293722 0.542288 0.453465 0 0 1
v 0.29261 0.541013 0.450033 0 0 1
v 0.293425 0.541934 0.446409 0 0 1
v 0.29569 0.544513 0.444716 0 0 1
v 0.296398 0.548711 0.445943 0 0 1
v 0.29751 0.549987 0.449376 0 0 1
v 0.296695 0.549066 0.452999 0 0 1
v 0.29443 0.546487 0.454692 0 0 1
v 0.292042 0.543761 0.453462 0 0 1
v 0.29093 0.542486 0.45003 0 0 1
v 0.291745 0.543407 0.446406 0 0 1
v 0.29401 0.545986 0.444713 0 0 1
v 0.294718 0.550184 0.44594 0 0 1
v 0.29583 0.55146 0.449372 0 0 1
v 0.295015 0.550539 0.452996 0 0 1
v 0.292751 0.54796 0.454689 0 0 1
v 0.290363 0.545234 0.453458 0 0 1
v 0.28925 0.543959 0.450026 0 0 1
v 0.290065 0.54488 0.446403 0 0 1
v 0.29233 0.547459 0.44471 0 0 1
v 0.293038 0.551658 0.445937 0 0 1
v 0.294151 0.552933 0.449369 0 0 1
v 0.293336 0.552012 0.452993 0 0 1
v 0.291071 0.549433 0.454685 0 0 1
v 0.288683 0.546708 0.453455 0 0 1
v 0.287571 0.545432 0.450023 0 0 1
v 0.288386 0.546353 0.446399 0 0 1
v 0.290651 0.548932 0.444707 0 0 1
v 0.291359 0.553131 0.445934 0 0 1
v 0.292471 0.554406 0.449366 0 0 1
v 0.291656 0.553485 0.45299 0 0 1
v 0.289391 0.550906 0.454682 0 0 1
v 0.287003 0.548181 0.453452 0 0 1
v 0.285891 0.546905 0.45002 0 0 1
v 0.286706 0.547826 0.446396 0 0 1
v 0.288971 0.550405 0.444704 0 0 1
v 0.301792 0.538045 0.449726 0 0 1
v 0.2959 0.544763 0.449706 0 0 1
v 0.304623 0.540518 0.446429 0 0 1
v 0.305543 0.541335 0.450053 0 0 1
v 0.304265 0.540224 0.453485 0 0 1
v 0.301539 0.537837 0.454715 0 0 1
v 0.298961 0.535571 0.453022 0 0 1
v 0.298041 0.534754 0.449399 0 0 1
v 0.299319 0.535865 0.445966 0 0 1
v 0.302045 0.538252 0.444736 0 0 1
v 0.30315 0.542197 0.446424 0 0 1
v 0.30407 0.543014 0.450048 0 0 1
v 0.302792 0.541904 0.45348 0 0 1
v 0.300066 0.539517 0.45471 0 0 1
v 0.297488 0.537251 0.453017 0 0 1
v 0.296568 0.536434 0.449394 0 0 1
v 0.297846 0.537544 0.445961 0 0 1
v 0.300572 0.539932 0.444731 0 0 1
v 0.301677 0.543877 0.446419 0 0 1
v 0.302597 0.544694 0.450043 0 0 1
v 0.301319 0.543584 0.453475 0 0 1
v 0.298593 0.541197 0.454705 0 0 1
v 0.296015 0.538931 0.453012 0 0 1
v 0.295095 0.538114 0.449389 0 0 1
v 0.296373 0.539224 0.445957 0 0 1
v 0.299099 0.541611 0.444726 0 0 1
v 0.300204 0.545557 0.446414 0 0 1
v 0.301123 0.546374 0.450038 0 0 1
v 0.299846 0.545264 0.45347 0 0 1
v 0.29712 0.542876 0.4547 0 0 1
v 0.294542 0.540611 0.453007 0 0 1
v 0.293622 0.539793 0.449384 0 0 1
v 0.2949 0.540904 0.445952 0 0 1
v 0.297626 0.543291 0.444721 0 0 1
v 0.298731 0.547236 0.446409 0 0 1
v 0.29965 0.548054 0.450033 0 0 1
v 0.298373 0.546943 0.453465 0 0 1
v 0.295647 0.544556 0.454695 0 0 1
v 0.293069 0.54229 0.453002 0 0 1
v 0.292149 0.541473 0.449379 0 0 1
v 0.293427 0.542583 0.445947 0 0 1
v 0.296153 0.544971 0.444717 0 0 1
v 0.306757 0.530614 0.449752 0 0 1
v 0.301792 0.538045 0.449726 0 0 1
v 0.310218 0.532917 0.446974 0 0 1
v 0.310833 0.533341 0.450727 0 0 1
v 0.30906 0.532168 0.453909 0 0 1
v 0.305938 0.530084 0.454656 0 0 1
v 0.303296 0.528311 0.45253 0 0 1
v 0.302681 0.527887 0.448777 0 0 1
v 0.304454 0.529061 0.445595 0 0 1
v 0.307576 0.531144 0.444848 0 0 1
v 0.308977 0.534775 0.446968 0 0 1
v 0.309591 0.535199 0.450721 0 0 1
v 0.307818 0.534025 0.453903 0 0 1
v 0.304697 0.531942 0.454649 0 0 1
v 0.302054 0.530169 0.452523 0 0 1
v 0.30144 0.529745 0.44877 0 0 1
v 0.303213 0.530918 0.445588 0 0 1
v 0.306335 0.533002 0.444841 0 0 1
v 0.307736 0.536632 0.446961 0 0 1
v 0.30835 0.537056 0.450714 0 0 1
v 0.306577 0.535883 0.453896 0 0 1
v 0.303455 0.533799 0.454643 0 0 1
v 0.300813 0.532026 0.452517 0 0 1
v 0.300199 0.531602 0.448763 0 0 1
v 0.301972 0.532776 0.445581 0 0 1
v 0.305093 0.534859 0.444835 0 0 1
v 0.306494 0.53849 0.446954 0 0 1
v 0.307109 0.538914 0.450708 0 0 1
v 0.305336 0.53774 0.45389 0 0 1
v 0.302214 0.535657 0.454636 0 0 1
v 0.299572 0.533884 0.45251 0 0 1
v 0.298957 0.53346 0.448757 0 0 1
v 0.30073 0.534633 0.445575 0 0 1
v 0.303852 0.536717 0.444828 0 0 1
v 0.305253 0.540347 0.446948 0 0 1
v 0.305868 0.540771 0.450701 0 0 1
v 0.304095 0.539598 0.453883 0 0 1
v 0.300973 0.537515 0.45463 0 0 1
v 0.298331 0.535742 0.452503 0 0 1
v 0.297716 0.535318 0.44875 0 0 1
v 0.299489 0.536491 0.445568 0 0 1
v 0.302611 0.538574 0.444822 0 0 1
v 0.310709 0.522599 0.449784 0 0 1
v 0.306757 0.530614 0.449752 0 0 1
v 0.314735 0.524576 0.447573 0 0 1
v 0.314953 0.524699 0.451392 0 0 1
v 0.312685 0.523592 0.454269 0 0 1
v 0.30926 0.521904 0.454519 0 0 1
v 0.306684 0.520623 0.451996 0 0 1
v 0.306465 0.5205 0.448177 0 0 1
v 0.308733 0.521607 0.4453 0 0 1
v 0.312158 0.523295 0.44505 0 0 1
v 0.313747 0.526579 0.447565 0 0 1
v 0.313965 0.526702 0.451383 0 0 1
v 0.311697 0.525596 0.454261 0 0 1
v 0.308272 0.523908 0.454511 0 0 1
v 0.305696 0.522627 0.451988 0 0 1
v 0.305477 0.522504 0.448169 0 0 1
v 0.307745 0.52361 0.445292 0 0 1
v 0.31117 0.525298 0.445042 0 0 1
v 0.312758 0.528583 0.447557 0 0 1
v 0.312977 0.528706 0.451375 0 0 1
v 0.310709 0.527599 0.454252 0 0 1
v 0.307284 0.525911 0.454503 0 0 1
v 0.304708 0.524631 0.45198 0 0 1
v 0.304489 0.524507 0.448161 0 0 1
v 0.306757 0.525614 0.445284 0 0 1
v 0.310182 0.527302 0.445034 0 0 1
v 0.31177 0.530587 0.447549 0 0 1
v 0.311989 0.53071 0.451367 0 0 1
v 0.309721 0.529603 0.454244 0 0 1
v 0.306296 0.527915 0.454495 0 0 1
v 0.303719 0.526634 0.451971 0 0 1
v 0.303501 0.526511 0.448153 0 0 1
v 0.305769 0.527618 0.445276 0 0 1
v 0.309194 0.529306 0.445025 0 0 1
v 0.310782 0.53259 0.447541 0 0 1
v 0.311001 0.532713 0.451359 0 0 1
v 0.308733 0.531607 0.454236 0 0 1
v 0.305308 0.529919 0.454487 0 0 1
v 0.302731 0.528638 0.451963 0 0 1
v 0.302513 0.528515 0.448145 0 0 1
v 0.304781 0.529621 0.445268 0 0 1
v 0.308206 0.53131 0.445017 0 0 1
v 0.313582 0.514137 0.449822 0 0 1
v 0.310709 0.522599 0.449784 0 0 1
v 0.318067 0.515653 0.448215 0 0 1
v 0.317825 0.515588 0.452034 0 0 1
v 0.315097 0.514673 0.454557 0 0 1
v 0.311482 0.513444 0.454307 0 0 1
v 0.309096 0.512622 0.451429 0 0 1
v 0.309338 0.512687 0.447611 0 0 1
v 0.312066 0.513602 0.445088 0 0 1
v 0.315682 0.51483 0.445338 0 0 1
v 0.317349 0.517768 0.448206 0 0 1
v 0.317107 0.517703 0.452024 0 0 1
v 0.314379 0.516788 0.454547 0 0 1
v 0.310764 0.51556 0.454297 0 0 1
v 0.308378 0.514737 0.45142 0 0 1
v 0.30862 0.514802 0.447601 0 0 1
v 0.311348 0.515717 0.445078 0 0 1
v 0.314964 0.516946 0.445328 0 0 1
v 0.316631 0.519884 0.448196 0 0 1
v 0.316389 0.519819 0.452015 0 0 1
v 0.313661 0.518904 0.454538 0 0 1
v 0.310045 0.517675 0.454288 0 0 1
v 0.30766 0.516853 0.451411 0 0 1
v 0.307902 0.516918 0.447592 0 0 1
v 0.31063 0.517833 0.445069 0 0 1
v 0.314246 0.519061 0.445319 0 0 1
v 0.315913 0.521999 0.448187 0 0 1
v 0.315671 0.521934 0.452005 0 0 1
v 0.312943 0.521019 0.454528 0 0 1
v 0.309327 0.519791 0.454278 0 0 1
v 0.306942 0.518968 0.451401 0 0 1
v 0.307184 0.519033 0.447582 0 0 1
v 0.309912 0.519948 0.445059 0 0 1
v 0.313528 0.521177 0.44531 0 0 1
v 0.315195 0.524115 0.448177 0 0 1
v 0.314953 0.52405 0.451996 0 0 1
v 0.312225 0.523135 0.454519 0 0 1
v 0.308609 0.521906 0.454269 0 0 1
v 0.306224 0.521084 0.451392 0 0 1
v 0.306466 0.521149 0.447573 0 0 1
v 0.309194 0.522064 0.44505 0 0 1
v 0.312809 0.523292 0.4453 0 0 1
v 0.315325 0.505372 0.449865 0 0 1
v 0.313582 0.514137 0.449822 0 0 1
v 0.320136 0.506325 0.44889 0 0 1
v 0.3194 0.506197 0.452643 0 0 1
v 0.316277 0.505586 0.454769 0 0 1
v 0.312597 0.50485 0.454022 0 0 1
v 0.310515 0.50442 0.450841 0 0 1
v 0.31125 0.504548 0.447087 0 0 1
v 0.314373 0.505159 0.444961 0 0 1
v 0.318054 0.505895 0.445708 0 0 1
v 0.3197 0.508516 0.448879 0 0 1
v 0.318964 0.508388 0.452632 0 0 1
v 0.315842 0.507777 0.454758 0 0 1
v 0.312161 0.507041 0.454012 0 0 1
v 0.310079 0.506612 0.45083 0 0 1
v 0.310815 0.50674 0.447077 0 0 1
v 0.313937 0.50735 0.444951 0 0 1
v 0.317618 0.508086 0.445697 0 0 1
v 0.319264 0.510707 0.448868 0 0 1
v 0.318528 0.510579 0.452622 0 0 1
v 0.315406 0.509968 0.454748 0 0 1
v 0.311725 0.509232 0.454001 0 0 1
v 0.309643 0.508803 0.450819 0 0 1
v 0.310379 0.508931 0.447066 0 0 1
v 0.313501 0.509541 0.44494 0 0 1
v 0.317182 0.510277 0.445686 0 0 1
v 0.318828 0.512898 0.448858 0 0 1
v 0.318093 0.51277 0.452611 0 0 1
v 0.31497 0.512159 0.454737 0 0 1
v 0.311289 0.511424 0.45399 0 0 1
v 0.309207 0.510994 0.450808 0 0 1
v 0.309943 0.511122 0.447055 0 0 1
v 0.313066 0.511733 0.444929 0 0 1
v 0.316746 0.512468 0.445676 0 0 1
v 0.318392 0.515089 0.448847 0 0 1
v 0.317657 0.514961 0.4526 0 0 1
v 0.314534 0.514351 0.454726 0 0 1
v 0.310853 0.513615 0.45398 0 0 1
v 0.308771 0.513185 0.450798 0 0 1
v 0.309507 0.513313 0.447044 0 0 1
v 0.31263 0.513924 0.444918 0 0 1
v 0.31631 0.51466 0.445665 0 0 1
v 0.31591 0.496455 0.449912 0 0 1
v 0.315325 0.505372 0.449865 0 0 1
v 0.320888 0.49678 0.449585 0 0 1
v 0.31966 0.496718 0.453209 0 0 1
v 0.316234 0.496503 0.454901 0 0 1
v 0.312619 0.496259 0.453671 0 0 1
v 0.310931 0.496131 0.450239 0 0 1
v 0.31216 0.496192 0.446615 0 0 1
v 0.315585 0.496408 0.444923 0 0 1
v 0.319201 0.496651 0.446153 0 0 1
v 0.320742 0.499009 0.449573 0 0 1
v 0.319514 0.498948 0.453197 0 0 1
v 0.316088 0.498732 0.45489 0 0 1
v 0.312473 0.498489 0.453659 0 0 1
v 0.310785 0.49836 0.450227 0 0 1
v 0.312014 0.498421 0.446604 0 0 1
v 0.315439 0.498637 0.444911 0 0 1
v 0.319055 0.49888 0.446141 0 0 1
v 0.320596 0.501238 0.449562 0 0 1
v 0.319367 0.501177 0.453185 0 0 1
v 0.315942 0.500961 0.454878 0 0 1
v 0.312327 0.500718 0.453648 0 0 1
v 0.310639 0.500589 0.450216 0 0 1
v 0.311867 0.500651 0.446592 0 0 1
v 0.315293 0.500866 0.444899 0 0 1
v 0.318908 0.50111 0.446129 0 0 1
v 0.32045 0.503468 0.44955 0 0 1
v 0.319221 0.503406 0.453174 0 0 1
v 0.315796 0.503191 0.454866 0 0 1
v 0.31218 0.502947 0.453636 0 0 1
v 0.310493 0.502819 0.450204 0 0 1
v 0.311721 0.50288 0.44658 0 0 1
v 0.315147 0.503096 0.444888 0 0 1
v 0.318762 0.503339 0.446118 0 0 1
v 0.320304 0.505697 0.449538 0 0 1
v 0.319075 0.505636 0.453162 0 0 1
v 0.31565 0.50542 0.454854 0 0 1
v 0.312034 0.505177 0.453624 0 0 1
v 0.310347 0.505048 0.450192 0 0 1
v 0.311575 0.505109 0.446568 0 0 1
v 0.315001 0.505325 0.444876 0 0 1
v 0.318616 0.505568 0.446106 0 0 1
f 1 3 4
f 2 36 35
f 1 4 5
f 2 37 36
f 1 5 6
f 2 38 37
f 1 6 7
f 2 39 38
f 1 7 8
f 2 40 39
f 1 8 9
f 2 41 40
f 1 9 10
f 2 42 41
f 1 10 3
f 2 35 42
f 11 4 3
f 11 12 4
f 12 5 4
f 12 13 5
f 13 6 5
f 13 14 6
f 14 7 6
f 14 15 7
f 15 8 7
f 15 16 8
f 16 9 8
f 16 17 9
f 17 10 9
f 17 18 10
f 18 3 10
f 18 11 3
f 19 12 11
f 19 20 12
f 20 13 12
f 20 21 13
f 21 14 13
f 21 22 14
f 22 15 14
f 22 23 15
f 23 16 15
f 23 24 16
f 24 17 16
f 24 25 17
f 25 18 17
f 25 26 18
f 26 11 18
f 26 19 11
f 27 20 19
f 27 28 20
f 28 21 20
f 28 29 21
f 29 22 21
f 29 30 22
f 30 23 22
f 30 31 23
f 31 24 23
f 31 32 24
f 32 25 24
f 32 33 25
f 33 26 25
f 33 34 26
f 34 19 26
f 34 27 19
f 35 28 27
f 35 36 28
f 36 29 28
f 36 37 29
f 37 30 29
f 37 38 30
f 38 31 30
f 38 39 31
f 39 32 31
f 39 40 32
f 40 33 32
f 40 41 33
f 41 34 33
f 41 42 34
f 42 27 34
f 42 35 27
f 43 45 46
f 44 78 77
f 43 46 47
f 44 79 78
f 43 47 48
f 44 80 79
f 43 48 49
f 44 81 80
f 43 49 50
f 44 82 81
f 43 50 51
f 44 83 82
f 43 51 52
f 44 84 83
f 43 52 45
f 44 77 84
f 53 46 45
f 53 54 46
f 54 47 46
f 54 55 47
f 55 48 47
f 55 56 48
f 56 49 48
f 56 57 49
f 57 50 49
f 57 58 50
f 58 51 50
f 58 59 51
f 59 52 51
f 59 60 52
f 60 45 52
f 60 53 45
f 61 54 53
f 61 62 54
f 62 55 54
f 62 63 55
f 63 56 55
f 63 64 56
f 64 57 56
f 64 65 57
f 65 58 57
f 65 66 58
f 66 59 58
f 66 67 59
f 67 60 59
f 67 68 60
f 68 53 60
f 68 61 53
f 69 62 61
f 69 70 62
f 70 63 62
f 70 71 63
f 71 64 63
f 71 72 64
f 72 65 64
f 72 73 65
f 73 66 65
f 73 74 66
f 74 67 66
f 74 75 67
f 75 68 67
f 75 76 68
f 76 61 68
f 76 69 61
f 77 70 69
f 77 78 70
f 78 71 70
f 78 79 71
f 79 72 71
f 79 80 72
f 80 73 72
f 80 81 73
f 81 74 73
f 81 82 74
f 82 75 74
f 82 83 75
f 83 76 75
f 83 84 76
f 84 69 76
f 84 77 69
f 85 87 88
f 86 120 119
f 85 88 89
f 86 121 120
f 85 89 90
f 86 122 121
f 85 90 91
f 86 123 122
f 85 91 92
f 86 124 123
f 85 92 93
f 86 125 124
f 85 93 94
f 86 126 125
f 85 94 87
f 86 119 126
f 95 88 87
f 95 96 88
f 96 89 88
f 96 97 89
f 97 90 89
f 97 98 90
f 98 91 90
f 98 99 91
f 99 92 91
f 99 100 92
f 100 93 92
f 100 101 93
f 101 94 93
f 101 102 94
f 102 87 94
f 102 95 87
f 103 96 95
f 103 104 96
f 104 97 96
f 104 105 97
f 105 98 97
f 105 106 98
f 106 99 98
f 106 107 99
f 107 100 99
f 107 108 100
f 108 101 100
f 108 109 101
f 109 102 101
f 109 110 102
f 110 95 102
f 110 103 95
f 111 104 103
f 111 112 104
f 112 105 104
f 112 113 105
f 113 106 105
f 113 114 106
f 114 107 106
f 114 115 107
f 115 108 107
f 115 116 108
f 116 109 108
f 116 117 109
f 117 110 109
f 117 118 110
f 118 103 110
f 118 111 103
f 119 112 111
f 119 120 112
f 120 113 112
f 120 121 113
f 121 114 113
f 121 122 114
f 122 115 114
f 122 123 115
f 123 116 115
f 123 124 116
f 124 117 116
f 124 125 117
f 125 118 117
f 125 126 118
f 126 111 118
f 126 119 111
f 127 129 130
f 128 162 161
f 127 130 131
f 128 163 162
f 127 131 132
f 128 164 163
f 127 132 133
f 128 165 164
f 127 133 134
f 128 166 165
f 127 134 135
f 128 167 166
f 127 135 136
f 128 168 167
f 127 136 129
f 128 161 168
f 137 130 129
f 137 138 130
f 138 131 130
f 138 139 131
f 139 132 131
f 139 140 132
f 140 133 132
f 140 141 133
f 141 134 133
f 141 142 134
f 142 135 134
f 142 143 135
f 143 136 135
f 143 144 136
f 144 129 136
f 144 137 129
f 145 138 137
f 145 146 138
f 146 139 138
f 146 147 139
f 147 140 139
f 147 148 140
f 148 141 140
f 148 149 141
f 149 142 141
f 149 150 142
f 150 143 142
f 150 151 143
f 151 144 143
f 151 152 144
f 152 137 144
f 152 145 137
f 153 146 145
f 153 154 146
f 154 147 146
f 154 155 147
f 155 148 147
f 155 156 148
f 156 149 148
f 156 157 149
f 157 150 149
f 157 158 150
f 158 151 150
f 158 159 151
f 159 152 151
f 159 160 152
f 160 145 152
f 160 153 145
f 161 154 153
f 161 162 154
f 162 155 154
f 162 163 155
f 163 156 155
f 163 164 156
f 164 157 156
f 164 165 157
f 165 158 157
f 165 166 158
f 166 159 158
f 166 167 159
f 167 160 159
f 167 168 160
f 168 153 160
f 168 161 153
f 169 171 172
f 170 204 203
f 169 172 173
f 170 205 204
f 169 173 174
f 170 206 205
f 169 174 175
f 170 207 206
f 169 175 176
f 170 208 207
f 169 176 177
f 170 209 208
f 169 177 178
f 170 210 209
f 169 178 171
f 170 203 210
f 179 172 171
f 179 180 172
f 180 173 172
f 180 181 173
f 181 174 173
f 181 182 174
f 182 175 174
f 182 183 175
f 183 176 175
f 183 184 176
f 184 177 176
f 184 185 177
f 185 178 177
f 185 186 178
f 186 171 178
f 186 179 171
f 187 180 179
f 187 188 180
f 188 181 180
f 188 189 181
f 189 182 181
f 189 190 182
f 190 183 182
f 190 191 183
f 191 184 183
f 191 192 184
f 192 185 184
f 192 193 185
f 193 186 185
f 193 194 186
f 194 179 186
f 194 187 179
f 195 188 187
f 195 196 188
f 196 189 188
f 196 197 189
f 197 190 189
f 197 198 190
f 198 191 190
f 198 199 191
f 199 192 191
f 199 200 192
f 200 193 192
f 200 201 193
f 201 194 193
f 201 202 194
f 202 187 194
f 202 195 187
f 203 196 195
f 203 204 196
f 204 197 196
f 204 205 197
f 205 198 197
f 205 206 198
f 206 199 198
f 206 207 199
f 207 200 199
f 207 208 200
f 208 201 200
f 208 209 201
f 209 202 201
f 209 210 202
f 210 195 202
f 210 203 195
f 211 213 214
f 212 246 245
f 211 214 215
f 212 247 246
f 211 215 216
f 212 248 247
f 211 216 217
f 212 249 248
f 211 217 218
f 212 250 249
f 211 218 219
f 212 251 250
f 211 219 220
f 212 252 251
f 211 220 213
f 212 245 252
f 221 214 213
f 221 222 214
f 222 215 214
f 222 223 215
f 223 216 215
f 223 224 216
f 224 217 216
f 224 225 217
f 225 218 217
f 225 226 218
f 226 219 218
f 226 227 219
f 227 220 219
f 227 228 220
f 228 213 220
f 228 221 213
f 229 222 221
f 229 230 222
f 230 223 222
f 230 231 223
f 231 224 223
f 231 232 224
f 232 225 224
f 232 233 225
f 233 226 225
f 233 234 226
f 234 227 226
f 234 235 227
f 235 228 227
f 235 236 228
f 236 221 228
f 236 229 221
f 237 230 229
f 237 238 230
f 238 231 230
f 238 239 231
f 239 232 231
f 239 240 232
f 240 233 232
f 240 241 233
f 241 234 233
f 241 242 234
f 242 235 234
f 242 243 235
f 243 236 235
f 243 244 236
f 244 229 236
f 244 237 229
f 245 238 237
f 245 246 238
f 246 239 238
f 246 247 239
f 247 240 239
f 247 248 240
f 248 241 240
f 248 249 241
f 249 242 241
f 249 250 242
f 250 243 242
f 250 251 243
f 251 244 243
f 251 252 244
f 252 237 244
f 252 245 237
f 253 255 256
f 254 288 287
f 253 256 257
f 254 289 288
f 253 257 258
f 254 290 289
f 253 258 259
f 254 291 290
f 253 259 260
f 254 292 291
f 253 260 261
f 254 293 292
f 253 261 262
f 254 294 293
f 253 262 255
f 254 287 294
f 263 256 255
f 263 264 256
f 264 257 256
f 264 265 257
f 265 258 257
f 265 266 258
f 266 259 258
f 266 267 259
f 267 260 259
f 267 268 260
f 268 261 260
f 268 269 261
f 269 262 261
f 269 270 262
f 270 255 262
f 270 263 255
f 271 264 263
f 271 272 264
f 272 265 264
f 272 273 265
f 273 266 265
f 273 274 266
f 274 267 266
f 274 275 267
f 275 268 267
f 275 276 268
f 276 269 268
f 276 277 269
f 277 270 269
f 277 278 270
f 278 263 270
f 278 271 263
f 279 272 271
f 279 280 272
f 280 273 272
f 280 281 273
f 281 274 273
f 281 282 274
f 282 275 274
f 282 283 275
f 283 276 275
f 283 284 276
f 284 277 276
f 284 285 277
f 285 278 277
f 285 286 278
f 286 271 278
f 286 279 271
f 287 280 279
f 287 288 280
f 288 281 280
f 288 289 281
f 289 282 281
f 289 290 282
f 290 283 282
f 290 291 283
f 291 284 283
f 291 292 284
f 292 285 284
f 292 293 285
f 293 286 285
f 293 294 286
f 294 279 286
f 294 287 279
f 295 297 298
f 296 330 329
f 295 298 299
f 296 331 330
f 295 299 300
f 296 332 331
f 295 300 301
f 296 333 332
f 295 301 302
f 296 334 333
f 295 302 303
f 296 335 334
f 295 303 304
f 296 336 335
f 295 304 297
f 296 329 336
f 305 298 297
f 305 306 298
f 306 299 298
f 306 307 299
f 307 300 299
f 307 308 300
f 308 301 300
f 308 309 301
f 309 302 301
f 309 310 302
f 310 303 302
f 310 311 303
f 311 304 303
f 311 312 304
f 312 297 304
f 312 305 297
f 313 306 305
f 313 314 306
f 314 307 306
f 314 315 307
f 315 308 307
f 315 316 308
f 316 309 308
f 316 317 309
f 317 310 309
f 317 318 310
f 318 311 310
f 318 319 311
f 319 312 311
f 319 320 312
f 320 305 312
f 320 313 305
f 321 314 313
f 321 322 314
f 322 315 314
f 322 323 315
f 323 316 315
f 323 324 316
f 324 317 316
f 324 325 317
f 325 318 317
f 325 326 318
f 326 319 318
f 326 327 319
f 327 320 319
f 327 328 320
f 328 313 320
f 328 321 313
f 329 322 321
f 329 330 322
f 330 323 322
f 330 331 323
f 331 324 323
f 331 332 324
f 332 325 324
f 332 333 325
f 333 326 325
f 333 334 326
f 334 327 326
f 334 335 327
f 335 328 327
f 335 336 328
f 336 321 328
f 336 329 321
f 337 339 340
f 338 372 371
f 337 340 341
f 338 373 372
f 337 341 342
f 338 374 373
f 337 342 343
f 338 375 374
f 337 343 344
f 338 376 375
f 337 344 345
f 338 377 376
f 337 345 346
f 338 378 377
f 337 346 339
f 338 371 378
f 347 340 339
f 347 348 340
f 348 341 340
f 348 349 341
f 349 342 341
f 349 350 342
f 350 343 342
f 350 351 343
f 351 344 343
f 351 352 344
f 352 345 344
f 352 353 345
f 353 346 345
f 353 354 346
f 354 339 346
f 354 347 339
f 355 348 347
f 355 356 348
f 356 349 348
f 356 357 349
f 357 350 349
f 357 358 350
f 358 351 350
f 358 359 351
f 359 352 351
f 359 360 352
f 360 353 352
f 360 361 353
f 361 354 353
f 361 362 354
f 362 347 354
f 362 355 347
f 363 356 355
f 363 364 356
f 364 357 356
f 364 365 357
f 365 358 357
f 365 366 358
f 366 359 358
f 366 367 359
f 367 360 359
f 367 368 360
f 368 361 360
f 368 369 361
f 369 362 361
f 369 370 362
f 370 355 362
f 370 363 355
f 371 364 363
f 371 372 364
f 372 365 364
f 372 373 365
f 373 366 365
f 373 374 366
f 374 367 366
f 374 375 367
f 375 368 367
f 375 376 368
f 376 369 368
f 376 377 369
f 377 370 369
f 377 378 370
f 378 363 370
f 378 371 363
f 379 381 382
f 380 414 413
f 379 382 383
f 380 415 414
f 379 383 384
f 380 416 415
f 379 384 385
f 380 417 416
f 379 385 386
f 380 418 417
f 379 386 387
f 380 419 418
f 379 387 388
f 380 420 419
f 379 388 381
f 380 413 420
f 389 382 381
f 389 390 382
f 390 383 382
f 390 391 383
f 391 384 383
f 391 392 384
f 392 385 384
f 392 393 385
f 393 386 385
f 393 394 386
f 394 387 386
f 394 395 387
f 395 388 387
f 395 396 388
f 396 381 388
f 396 389 381
f 397 390 389
f 397 398 390
f 398 391 390
f 398 399 391
f 399 392 391
f 399 400 392
f 400 393 392
f 400 401 393
f 401 394 393
f 401 402 394
f 402 395 394
f 402 403 395
f 403 396 395
f 403 404 396
f 404 389 396
f 404 397 389
f 405 398 397
f 405 406 398
f 406 399 398
f 406 407 399
f 407 400 399
f 407 408 400
f 408 401 400
f 408 409 401
f 409 402 401
f 409 410 402
f 410 403 402
f 410 411 403
f 411 404 403
f 411 412 404
f 412 397 404
f 412 405 397
f 413 406 405
f 413 414 406
f 414 407 406
f 414 415 407
f 415 408 407
f 415 416 408
f 416 409 408
f 416 417 409
f 417 410 409
f 417 418 410
f 418 411 410
f 418 419 411
f 419 412 411
f 419 420 412
f 420 405 412
f 420 413 405
f 421 423 424
f 422 456 455
f 421 424 425
f 422 457 456
f 421 425 426
f 422 458 457
f 421 426 427
f 422 459 458
f 421 427 428
f 422 460 459
f 421 428 429
f 422 461 460
f 421 429 430
f 422 462 461
f 421 430 423
f 422 455 462
f 431 424 423
f 431 432 424
f 432 425 424
f 432 433 425
f 433 426 425
f 433 434 426
f 434 427 426
f 434 435 427
f 435 428 427
f 435 436 428
f 436 429 428
f 436 437 429
f 437 430 429
f 437 438 430
f 438 423 430
f 438 431 423
f 439 432 431
f 439 440 432
f 440 433 432
f 440 441 433
f 441 434 433
f 441 442 434
f 442 435 434
f 442 443 435
f 443 436 435
f 443 444 436
f 444 437 436
f 444 445 437
f 445 438 437
f 445 446 438
f 446 431 438
f 446 439 431
f 447 440 439
f 447 448 440
f 448 441 440
f 448 449 441
f 449 442 441
f 449 450 442
f 450 443 442
f 450 451 443
f 451 444 443
f 451 452 444
f 452 445 444
f 452 453 445
f 453 446 445
f 453 454 446
f 454 439 446
f 454 447 439
f 455 448 447
f 455 456 448
f 456 449 448
f 456 457 449
f 457 450 449
f 457 458 450
f 458 451 450
f 458 459 451
f 459 452 451
f 459 460 452
f 460 453 452
f 460 461 453
f 461 454 453
f 461 462 454
f 462 447 454
f 462 455 447
f 463 465 466
f 464 498 497
f 463 466 467
f 464 499 498
f 463 467 468
f 464 500 499
f 463 468 469
f 464 501 500
f 463 469 470
f 464 502 501
f 463 470 471
f 464 503 502
f 463 471 472
f 464 504 503
f 463 472 465
f 464 497 504
f 473 466 465
f 473 474 466
f 474 467 466
f 474 475 467
f 475 468 467
f 475 476 468
f 476 469 468
f 476 477 469
f 477 470 469
f 477 478 470
f 478 471 470
f 478 479 471
f 479 472 471
f 479 480 472
f 480 465 472
f 480 473 465
f 481 474 473
f 481 482 474
f 482 475 474
f 482 483 475
f 483 476 475
f 483 484 476
f 484 477 476
f 484 485 477
f 485 478 477
f 485 486 478
f 486 479 478
f 486 487 479
f 487 480 479
f 487 488 480
f 488 473 480
f 488 481 473
f 489 482 481
f 489 490 482
f 490 483 482
f 490 491 483
f 491 484 483
f 491 492 484
f 492 485 484
f 492 493 485
f 493 486 485
f 493 494 486
f 494 487 486
f 494 495 487
f 495 488 487
f 495 496 488
f 496 481 488
f 496 489 481
f 497 490 489
f 497 498 490
f 498 491 490
f 498 499 491
f 499 492 491
f 499 500 492
f 500 493 492
f 500 501 493
f 501 494 493
f 501 502 494
f 502 495 494
f 502 503 495
f 503 496 495
f 503 504 496
f 504 489 496
f 504 497 489
f 505 507 508
f 506 1228 1227
f 505 508 509
f 506 1229 1228
f 505 509 510
f 506 1230 1229
f 505 510 511
f 506 1231 1230
f 505 511 512
f 506 1232 1231
f 505 512 513
f 506 1233 1232
f 505 513 514
f 506 1234 1233
f 505 514 515
f 506 1235 1234
f 505 515 516
f 506 1236 1235
f 505 516 517
f 506 1237 1236
f 505 517 518
f 506 1238 1237
f 505 518 519
f 506 1239 1238
f 505 519 520
f 506 1240 1239
f 505 520 521
f 506 1241 1240
f 505 521 522
f 506 1242 1241
f 505 522 523
f 506 1243 1242
f 505 523 524
f 506 1244 1243
f 505 524 525
f 506 1245 1244
f 505 525 526
f 506 1246 1245
f 505 526 527
f 506 1247 1246
f 505 527 528
f 506 1248 1247
f 505 528 529
f 506 1249 1248
f 505 529 530
f 506 1250 1249
f 505 530 531
f 506 1251 1250
f 505 531 532
f 506 1252 1251
f 505 532 533
f 506 1253 1252
f 505 533 534
f 506 1254 1253
f 505 534 535
f 506 1255 1254
f 505 535 536
f 506 1256 1255
f 505 536 537
f 506 1257 1256
f 505 537 538
f 506 1258 1257
f 505 538 539
f 506 1259 1258
f 505 539 540
f 506 1260 1259
f 505 540 541
f 506 1261 1260
f 505 541 542
f 506 1262 1261
f 505 542 543
f 506 1263 1262
f 505 543 544
f 506 1264 1263
f 505 544 545
f 506 1265 1264
f 505 545 546
f 506 1266 1265
f 505 546 507
f 506 1227 1266
f 547 508 507
f 547 548 508
f 548 509 508
f 548 549 509
f 549 510 509
f 549 550 510
f 550 511 510
f 550 551 511
f 551 512 511
f 551 552 512
f 552 513 512
f 552 553 513
f 553 514 513
f 553 554 514
f 554 515 514
f 554 555 515
f 555 516 515
f 555 556 516
f 556 517 516
f 556 557 517
f 557 518 517
f 557 558 518
f 558 519 518
f 558 559 519
f 559 520 519
f 559 560 520
f 560 521 520
f 560 561 521
f 561 522 521
f 561 562 522
f 562 523 522
f 562 563 523
f 563 524 523
f 563 564 524
f 564 525 524
f 564 565 525
f 565 526 525
f 565 566 526
f 566 527 526
f 566 567 527
f 567 528 527
f 567 568 528
f 568 529 528
f 568 569 529
f 569 530 529
f 569 570 530
f 570 531 530
f 570 571 531
f 571 532 531
f 571 572 532
f 572 533 532
f 572 573 533
f 573 534 533
f 573 574 534
f 574 535 534
f 574 575 535
f 575 536 535
f 575 576 536
f 576 537 536
f 576 577 537
f 577 538 537
f 577 578 538
f 578 539 538
f 578 579 539
f 579 540 539
f 579 580 540
f 580 541 540
f 580 581 541
f 581 542 541
f 581 582 542
f 582 543 542
f 582 583 543
f 583 544 543
f 583 584 544
f 584 545 544
f 584 585 545
f 585 546 545
f 585 586 546
f 586 507 546
f 586 547 507
f 587 548 547
f 587 588 548
f 588 549 548
f 588 589 549
f 589 550 549
f 589 590 550
f 590 551 550
f 590 591 551
f 591 552 551
f 591 592 552
f 592 553 552
f 592 593 553
f 593 554 553
f 593 594 554
f 594 555 554
f 594 595 555
f 595 556 555
f 595 596 556
f 596 557 556
f 596 597 557
f 597 558 557
f 597 598 558
f 598 559 558
f 598 599 559
f 599 560 559
f 599 600 560
f 600 561 560
f 600 601 561
f 601 562 561
f 601 602 562
f 602 563 562
f 602 603 563
f 603 564 563
f 603 604 564
f 604 565 564
f 604 605 565
f 605 566 565
f 605 606 566
f 606 567 566
f 606 607 567
f 607 568 567
f 607 608 568
f 608 569 568
f 608 609 569
f 609 570 569
f 609 610 570
f 610 571 570
f 610 611 571
f 611 572 571
f 611 612 572
f 612 573 572
f 612 613 573
f 613 574 573
f 613 614 574
f 614 575 574
f 614 615 575
f 615 576 575
f 615 616 576
f 616 577 576
f 616 617 577
f 617 578 577
f 617 618 578
f 618 579 578
f 618 619 579
f 619 580 579
f 619 620 580
f 620 581 580
f 620 621 581
f 621 582 581
f 621 622 582
f 622 583 582
f 622 623 583
f 623 584 583
f 623 624 584
f 624 585 584
f 624 625 585
f 625 586 585
f 625 626 586
f 626 547 586
f 626 587 547
f 627 588 587
f 627 628 588
f 628 589 588
f 628 629 589
f 629 590 589
f 629 630 590
f 630 591 590
f 630 631 591
f 631 592 591
f 631 632 592
f 632 593 592
f 632 633 593
f 633 594 593
f 633 634 594
f 634 595 594
f 634 635 595
f 635 596 595
f 635 636 596
f 636 597 596
f 636 637 597
f 637 598 597
f 637 638 598
f 638 599 598
f 638 639 599
f 639 600 599
f 639 640 600
f 640 601 600
f 640 641 601
f 641 602 601
f 641 642 602
f 642 603 602
f 642 643 603
f 643 604 603
f 643 644 604
f 644 605 604
f 644 645 605
f 645 606 605
f 645 646 606
f 646 607 606
f 646 647 607
f 647 608 607
f 647 648 608
f 648 609 608
f 648 649 609
f 649 610 609
f 649 650 610
f 650 611 610
f 650 651 611
f 651 612 611
f 651 652 612
f 652 613 612
f 652 653 613
f 653 614 613
f 653 654 614
f 654 615 614
f 654 655 615
f 655 616 615
f 655 656 616
f 656 617 616
f 656 657 617
f 657 618 617
f 657 658 618
f 658 619 618
f 658 659 619
f 659 620 619
f 659 660 620
f 660 621 620
f 660 661 621
f 661 622 621
f 661 662 622
f 662 623 622
f 662 663 623
f 663 624 623
f 663 664 624
f 664 625 624
f 664 665 625
f 665 626 625
f 665 666 626
f 666 587 626
f 666 627 587
f 667 628 627
f 667 668 628
f 668 629 628
f 668 669 629
f 669 630 629
f 669 670 630
f 670 631 630
f 670 671 631
f 671 632 631
f 671 672 632
f 672 633 632
f 672 673 633
f 673 634 633
f 673 674 634
f 674 635 634
f 674 675 635
f 675 636 635
f 675 676 636
f 676 637 636
f 676 677 637
f 677 638 637
f 677 678 638
f 678 639 638
f 678 679 639
f 679 640 639
f 679 680 640
f 680 641 640
f 680 681 641
f 681 642 641
f 681 682 642
f 682 643 642
f 682 683 643
f 683 644 643
f 683 684 644
f 684 645 644
f 684 685 645
f 685 646 645
f 685 686 646
f 686 647 646
f 686 687 647
f 687 648 647
f 687 688 648
f 688 649 648
f 688 689 649
f 689 650 649
f 689 690 650
f 690 651 650
f 690 691 651
f 691 652 651
f 691 692 652
f 692 653 652
f 692 693 653
f 693 654 653
f 693 694 654
f 694 655 654
f 694 695 655
f 695 656 655
f 695 696 656
f 696 657 656
f 696 697 657
f 697 658 657
f 697 698 658
f 698 659 658
f 698 699 659
f 699 660 659
f 699 700 660
f 700 661 660
f 700 701 661
f 701 662 661
f 701 702 662
f 702 663 662
f 702 703 663
f 703 664 663
f 703 704 664
f 704 665 664
f 704 705 665
f 705 666 665
f 705 706 666
f 706 627 666
f 706 667 627
f 707 668 667
f 707 708 668
f 708 669 668
f 708 709 669
f 709 670 669
f 709 710 670
f 710 671 670
f 710 711 671
f 711 672 671
f 711 712 672
f 712 673 672
f 712 713 673
f 713 674 673
f 713 714 674
f 714 675 674
f 714 715 675
f 715 676 675
f 715 716 676
f 716 677 676
f 716 717 677
f 717 678 677
f 717 718 678
f 718 679 678
f 718 719 679
f 719 680 679
f 719 720 680
f 720 681 680
f 720 721 681
f 721 682 681
f 721 722 682
f 722 683 682
f 722 723 683
f 723 684 683
f 723 724 684
f 724 685 684
f 724 725 685
f 725 686 685
f 725 726 686
f 726 687 686
f 726 727 687
f 727 688 687
f 727 728 688
f 728 689 688
f 728 729 689
f 729 690 689
f 729 730 690
f 730 691 690
f 730 731 691
f 731 692 691
f 731 732 692
f 732 693 692
f 732 733 693
f 733 694 693
f 733 734 694
f 734 695 694
f 734 735 695
f 735 696 695
f 735 736 696
f 736 697 696
f 736 737 697
f 737 698 697
f 737 738 698
f 738 699 698
f 738 739 699
f 739 700 699
f 739 740 700
f 740 701 700
f 740 741 701
f 741 702 701
f 741 742 702
f 742 703 702
f 742 743 703
f 743 704 703
f 743 744 704
f 744 705 704
f 744 745 705
f 745 706 705
f 745 746 706
f 746 667 706
f 746 707 667
f 747 708 707
f 747 748 708
f 748 709 708
f 748 749 709
f 749 710 709
f 749 750 710
f 750 711 710
f 750 751 711
f 751 712 711
f 751 752 712
f 752 713 712
f 752 753 713
f 753 714 713
f 753 754 714
f 754 715 714
f 754 755 715
f 755 716 715
f 755 756 716
f 756 717 716
f 756 757 717
f 757 718 717
f 757 758 718
f 758 719 718
f 758 759 719
f 759 720 719
f 759 760 720
f 760 721 720
f 760 761 721
f 761 722 721
f 761 762 722
f 762 723 722
f 762 763 723
f 763 724 723
f 763 764 724
f 764 725 724
f 764 765 725
f 765 726 725
f 765 766 726
f 766 727 726
f 766 767 727
f 767 728 727
f 767 768 728
f 768 729 728
f 768 769 729
f 769 730 729
f 769 770 730
f 770 731 730
f 770 771 731
f 771 732 731
f 771 772 732
f 772 733 732
f 772 773 733
f 773 734 733
f 773 774 734
f 774 735 734
f 774 775 735
f 775 736 735
f 775 776 736
f 776 737 736
f 776 777 737
f 777 738 737
f 777 778 738
f 778 739 738
f 778 779 739
f 779 740 739
f 779 780 740
f 780 741 740
f 780 781 741
f 781 742 741
f 781 782 742
f 782 743 742
f 782 783 743
f 783 744 743
f 783 784 744
f 784 745 744
f 784 785 745
f 785 746 745
f 785 786 746
f 786 707 746
f 786 747 707
f 787 748 747
f 787 788 748
f 788 749 748
f 788 789 749
f 789 750 749
f 789 790 750
f 790 751 750
f 790 791 751
f 791 752 751
f 791 792 752
f 792 753 752
f 792 793 753
f 793 754 753
f 793 794 754
f 794 755 754
f 794 795 755
f 795 756 755
f 795 796 756
f 796 757 756
f 796 797 757
f 797 758 757
f 797 798 758
f 798 759 758
f 798 799 759
f 799 760 759
f 799 800 760
f 800 761 760
f 800 801 761
f 801 762 761
f 801 802 762
f 802 763 762
f 802 803 763
f 803 764 763
f 803 804 764
f 804 765 764
f 804 805 765
f 805 766 765
f 805 806 766
f 806 767 766
f 806 807 767
f 807 768 767
f 807 808 768
f 808 769 768
f 808 809 769
f 809 770 769
f 809 810 770
f 810 771 770
f 810 811 771
f 811 772 771
f 811 812 772
f 812 773 772
f 812 813 773
f 813 774 773
f 813 814 774
f 814 775 774
f 814 815 775
f 815 776 775
f 815 816 776
f 816 777 776
f 816 817 777
f 817 778 777
f 817 818 778
f 818 779 778
f 818 819 779
f 819 780 779
f 819 820 780
f 820 781 780
f 820 821 781
f 821 782 781
f 821 822 782
f 822 783 782
f 822 823 783
f 823 784 783
f 823 824 784
f 824 785 784
f 824 825 785
f 825 786 785
f 825 826 786
f 826 747 786
f 826 787 747
f 827 788 787
f 827 828 788
f 828 789 788
f 828 829 789
f 829 790 789
f 829 830 790
f 830 791 790
f 830 831 791
f 831 792 791
f 831 832 792
f 832 793 792
f 832 833 793
f 833 794 793
f 833 834 794
f 834 795 794
f 834 835 795
f 835 796 795
f 835 836 796
f 836 797 796
f 836 837 797
f 837 798 797
f 837 838 798
f 838 799 798
f 838 839 799
f 839 800 799
f 839 840 800
f 840 801 800
f 840 841 801
f 841 802 801
f 841 842 802
f 842 803 802
f 842 843 803
f 843 804 803
f 843 844 804
f 844 805 804
f 844 845 805
f 845 806 805
f 845 846 806
f 846 807 806
f 846 847 807
f 847 808 807
f 847 848 808
f 848 809 808
f 848 849 809
f 849 810 809
f 849 850 810
f 850 811 810
f 850 851 811
f 851 812 811
f 851 852 812
f 852 813 812
f 852 853 813
f 853 814 813
f 853 854 814
f 854 815 814
f 854 855 815
f 855 816 815
f 855 856 816
f 856 817 816
f 856 857 817
f 857 818 817
f 857 858 818
f 858 819 818
f 858 859 819
f 859 820 819
f 859 860 820
f 860 821 820
f 860 861 821
f 861 822 821
f 861 862 822
f 862 823 822
f 862 863 823
f 863 824 823
f 863 864 824
f 864 825 824
f 864 865 825
f 865 826 825
f 865 866 826
f 866 787 826
f 866 827 787
f 867 828 827
f 867 868 828
f 868 829 828
f 868 869 829
f 869 830 829
f 869 870 830
f 870 831 830
f 870 871 831
f 871 832 831
f 871 872 832
f 872 833 832
f 872 873 833
f 873 834 833
f 873 874 834
f 874 835 834
f 874 875 835
f 875 836 835
f 875 876 836
f 876 837 836
f 876 877 837
f 877 838 837
f 877 878 838
f 878 839 838
f 878 879 839
f 879 840 839
f 879 880 840
f 880 841 840
f 880 881 841
f 881 842 841
f 881 882 842
f 882 843 842
f 882 883 843
f 883 844 843
f 883 884 844
f 884 845 844
f 884 885 845
f 885 846 845
f 885 886 846
f 886 847 846
f 886 887 847
f 887 848 847
f 887 888 848
f 888 849 848
f 888 889 849
f 889 850 849
f 889 890 850
f 890 851 850
f 890 891 851
f 891 852 851
f 891 892 852
f 892 853 852
f 892 893 853
f 893 854 853
f 893 894 854
f 894 855 854
f 894 895 855
f 895 856 855
f 895 896 856
f 896 857 856
f 896 897 857
f 897 858 857
f 897 898 858
f 898 859 858
f 898 899 859
f 899 860 859
f 899 900 860
f 900 861 860
f 900 901 861
f 901 862 861
f 901 902 862
f 902 863 862
f 902 903 863
f 903 864 863
f 903 904 864
f 904 865 864
f 904 905 865
f 905 866 865
f 905 906 866
f 906 827 866
f 906 867 827
f 907 868 867
f 907 908 868
f 908 869 868
f 908 909 869
f 909 870 869
f 909 910 870
f 910 871 870
f 910 911 871
f 911 872 871
f 911 912 872
f 912 873 872
f 912 913 873
f 913 874 873
f 913 914 874
f 914 875 874
f 914 915 875
f 915 876 875
f 915 916 876
f 916 877 876
f 916 917 877
f 917 878 877
f 917 918 878
f 918 879 878
f 918 919 879
f 919 880 879
f 919 920 880
f 920 881 880
f 920 921 881
f 921 882 881
f 921 922 882
f 922 883 882
f 922 923 883
f 923 884 883
f 923 924 884
f 924 885 884
f 924 925 885
f 925 886 885
f 925 926 886
f 926 887 886
f 926 927 887
f 927 888 887
f 927 928 888
f 928 889 888
f 928 929 889
f 929 890 889
f 929 930 890
f 930 891 890
f 930 931 891
f 931 892 891
f 931 932 892
f 932 893 892
f 932 933 893
f 933 894 893
f 933 934 894
f 934 895 894
f 934 935 895
f 935 896 895
f 935 936 896
f 936 897 896
f 936 937 897
f 937 898 897
f 937 938 898
f 938 899 898
f 938 939 899
f 939 900 899
f 939 940 900
f 940 901 900
f 940 941 901
f 941 902 901
f 941 942 902
f 942 903 902
f 942 943 903
f 943 904 903
f 943 944 904
f 944 905 904
f 944 945 905
f 945 906 905
f 945 946 906
f 946 867 906
f 946 907 867
f 947 908 907
f 947 948 908
f 948 909 908
f 948 949 909
f 949 910 909
f 949 950 910
f 950 911 910
f 950 951 911
f 951 912 911
f 951 952 912
f 952 913 912
f 952 953 913
f 953 914 913
f 953 954 914
f 954 915 914
f 954 955 915
f 955 916 915
f 955 956 916
f 956 917 916
f 956 957 917
f 957 918 917
f 957 958 918
f 958 919 918
f 958 959 919
f 959 920 919
f 959 960 920
f 960 921 920
f 960 961 921
f 961 922 921
f 961 962 922
f 962 923 922
f 962 963 923
f 963 924 923
f 963 964 924
f 964 925 924
f 964 965 925
f 965 926 925
f 965 966 926
f 966 927 926
f 966 967 927
f 967 928 927
f 967 968 928
f 968 929 928
f 968 969 929
f 969 930 929
f 969 970 930
f 970 931 930
f 970 971 931
f 971 932 931
f 971 972 932
f 972 933 932
f 972 973 933
f 973 934 933
f 973 974 934
f 974 935 934
f 974 975 935
f 975 936 935
f 975 976 936
f 976 937 936
f 976 977 937
f 977 938 937
f 977 978 938
f 978 939 938
f 978 979 939
f 979 940 939
f 979 980 940
f 980 941 940
f 980 981 941
f 981 942 941
f 981 982 942
f 982 943 942
f 982 983 943
f 983 944 943
f 983 984 944
f 984 945 944
f 984 985 945
f 985 946 945
f 985 986 946
f 986 907 946
f 986 947 907
f 987 948 947
f 987 988 948
f 988 949 948
f 988 989 949
f 989 950 949
f 989 990 950
f 990 951 950
f 990 991 951
f 991 952 951
f 991 992 952
f 992 953 952
f 992 993 953
f 993 954 953
f 993 994 954
f 994 955 954
f 994 995 955
f 995 956 955
f 995 996 956
f 996 957 956
f 996 997 957
f 997 958 957
f 997 998 958
f 998 959 958
f 998 999 959
f 999 960 959
f 999 1000 960
f 1000 961 960
f 1000 1001 961
f 1001 962 961
f 1001 1002 962
f 1002 963 962
f 1002 1003 963
f 1003 964 963
f 1003 1004 964
f 1004 965 964
f 1004 1005 965
f 1005 966 965
f 1005 1006 966
f 1006 967 966
f 1006 1007 967
f 1007 968 967
f 1007 1008 968
f 1008 969 968
f 1008 1009 969
f 1009 970 969
f 1009 1010 970
f 1010 971 970
f 1010 1011 971
f 1011 972 971
f 1011 1012 972
f 1012 973 972
f 1012 1013 973
f 1013 974 973
f 1013 1014 974
f 1014 975 974
f 1014 1015 975
f 1015 976 975
f 1015 1016 976
f 1016 977 976
f 1016 1017 977
f 1017 978 977
f 1017 1018 978
f 1018 979 978
f 1018 1019 979
f 1019 980 979
f 1019 1020 980
f 1020 981 980
f 1020 1021 981
f 1021 982 981
f 1021 1022 982
f 1022 983 982
f 1022 1023 983
f 1023 984 983
f 1023 1024 984
f 1024 985 984
f 1024 1025 985
f 1025 986 985
f 1025 1026 986
f 1026 947 986
f 1026 987 947
f 1027 988 987
f 1027 1028 988
f 1028 989 988
f 1028 1029 989
f 1029 990 989
f 1029 1030 990
f 1030 991 990
f 1030 1031 991
f 1031 992 991
f 1031 1032 992
f 1032 993 992
f 1032 1033 993
f 1033 994 993
f 1033 1034 994
f 1034 995 994
f 1034 1035 995
f 1035 996 995
f 1035 1036 996
f 1036 997 996
f 1036 1037 997
f 1037 998 997
f 1037 1038 998
f 1038 999 998
f 1038 1039 999
f 1039 1000 999
f 1039 1040 1000
f 1040 1001 1000
f 1040 1041 1001
f 1041 1002 1001
f 1041 1042 1002
f 1042 1003 1002
f 1042 1043 1003
f 1043 1004 1003
f 1043 1044 1004
f 1044 1005 1004
f 1044 1045 1005
f 1045 1006 1005
f 1045 1046 1006
f 1046 1007 1006
f 1046 1047 1007
f 1047 1008 1007
f 1047 1048 1008
f 1048 1009 1008
f 1048 1049 1009
f 1049 1010 1009
f 1049 1050 1010
f 1050 1011 1010
f 1050 1051 1011
f 1051 1012 1011
f 1051 1052 1012
f 1052 1013 1012
f 1052 1053 1013
f 1053 1014 1013
f 1053 1054 1014
f 1054 1015 1014
f 1054 1055 1015
f 1055 1016 1015
f 1055 1056 1016
f 1056 1017 1016
f 1056 1057 1017
f 1057 1018 1017
f 1057 1058 1018
f 1058 1019 1018
f 1058 1059 1019
f 1059 1020 1019
f 1059 1060 1020
f 1060 1021 1020
f 1060 1061 1021
f 1061 1022 1021
f 1061 1062 1022
f 1062 1023 1022
f 1062 1063 1023
f 1063 1024 1023
f 1063 1064 1024
f 1064 1025 1024
f 1064 1065 1025
f 1065 1026 1025
f 1065 1066 1026
f 1066 987 1026
f 1066 1027 987
f 1067 1028 1027
f 1067 1068 1028
f 1068 1029 1028
f 1068 1069 1029
f 1069 1030 1029
f 1069 1070 1030
f 1070 1031 1030
f 1070 1071 1031
f 1071 1032 1031
f 1071 1072 1032
f 1072 1033 1032
f 1072 1073 1033
f 1073 1034 1033
f 1073 1074 1034
f 1074 1035 1034
f 1074 1075 1035
f 1075 1036 1035
f 1075 1076 1036
f 1076 1037 1036
f 1076 1077 1037
f 1077 1038 1037
f 1077 1078 1038
f 1078 1039 1038
f 1078 1079 1039
f 1079 1040 1039
f 1079 1080 1040
f 1080 1041 1040
f 1080 1081 1041
f 1081 1042 1041
f 1081 1082 1042
f 1082 1043 1042
f 1082 1083 1043
f 1083 1044 1043
f 1083 1084 1044
f 1084 1045 1044
f 1084 1085 1045
f 1085 1046 1045
f 1085 1086 1046
f 1086 1047 1046
f 1086 1087 1047
f 1087 1048 1047
f 1087 1088 1048
f 1088 1049 1048
f 1088 1089 1049
f 1089 1050 1049
f 1089 1090 1050
f 1090 1051 1050
f 1090 1091 1051
f 1091 1052 1051
f 1091 1092 1052
f 1092 1053 1052
f 1092 1093 1053
f 1093 1054 1053
f 1093 1094 1054
f 1094 1055 1054
f 1094 1095 1055
f 1095 1056 1055
f 1095 1096 1056
f 1096 1057 1056
f 1096 1097 1057
f 1097 1058 1057
f 1097 1098 1058
f 1098 1059 1058
f 1098 1099 1059
f 1099 1060 1059
f 1099 1100 1060
f 1100 1061 1060
f 1100 1101 1061
f 1101 1062 1061
f 1101 1102 1062
f 1102 1063 1062
f 1102 1103 1063
f 1103 1064 1063
f 1103 1104 1064
f 1104 1065 1064
f 1104 1105 1065
f 1105 1066 1065
f 1105 1106 1066
f 1106 1027 1066
f 1106 1067 1027
f 1107 1068 1067
f 1107 1108 1068
f 1108 1069 1068
f 1108 1109 1069
f 1109 1070 1069
f 1109 1110 1070
f 1110 1071 1070
f 1110 1111 1071
f 1111 1072 1071
f 1111 1112 1072
f 1112 1073 1072
f 1112 1113 1073
f 1113 1074 1073
f 1113 1114 1074
f 1114 1075 1074
f 1114 1115 1075
f 1115 1076 1075
f 1115 1116 1076
f 1116 1077 1076
f 1116 1117 1077
f 1117 1078 1077
f 1117 1118 1078
f 1118 1079 1078
f 1118 1119 1079
f 1119 1080 1079
f 1119 1120 1080
f 1120 1081 1080
f 1120 1121 1081
f 1121 1082 1081
f 1121 1122 1082
f 1122 1083 1082
f 1122 1123 1083
f 1123 1084 1083
f 1123 1124 1084
f 1124 1085 1084
f 1124 1125 1085
f 1125 1086 1085
f 1125 1126 1086
f 1126 1087 1086
f 1126 1127 1087
f 1127 1088 1087
f 1127 1128 1088
f 1128 1089 1088
f 1128 1129 1089
f 1129 1090 1089
f 1129 1130 1090
f 1130 1091 1090
f 1130 1131 1091
f 1131 1092 1091
f 1131 1132 1092
f 1132 1093 1092
f 1132 1133 1093
f 1133 1094 1093
f 1133 1134 1094
f 1134 1095 1094
f 1134 1135 1095
f 1135 1096 1095
f 1135 1136 1096
f 1136 1097 1096
f 1136 1137 1097
f 1137 1098 1097
f 1137 1138 1098
f 1138 1099 1098
f 1138 1139 1099
f 1139 1100 1099
f 1139 1140 1100
f 1140 1101 1100
f 1140 1141 1101
f 1141 1102 1101
f 1141 1142 1102
f 1142 1103 1102
f 1142 1143 1103
f 1143 1104 1103
f 1143 1144 1104
f 1144 1105 1104
f 1144 1145 1105
f 1145 1106 1105
f 1145 1146 1106
f 1146 1067 1106
f 1146 1107 1067
f 1147 1108 1107
f 1147 1148 1108
f 1148 1109 1108
f 1148 1149 1109
f 1149 1110 1109
f 1149 1150 1110
f 1150 1111 1110
f 1150 1151 1111
f 1151 1112 1111
f 1151 1152 1112
f 1152 1113 1112
f 1152 1153 1113
f 1153 1114 1113
f 1153 1154 1114
f 1154 1115 1114
f 1154 1155 1115
f 1155 1116 1115
f 1155 1156 1116
f 1156 1117 1116
f 1156 1157 1117
f 1157 1118 1117
f 1157 1158 1118
f 1158 1119 1118
f 1158 1159 1119
f 1159 1120 1119
f 1159 1160 1120
f 1160 1121 1120
f 1160 1161 1121
f 1161 1122 1121
f 1161 1162 1122
f 1162 1123 1122
f 1162 1163 1123
f 1163 1124 1123
f 1163 1164 1124
f 1164 1125 1124
f 1164 1165 1125
f 1165 1126 1125
f 1165 1166 1126
f 1166 1127 1126
f 1166 1167 1127
f 1167 1128 1127
f 1167 1168 1128
f 1168 1129 1128
f 1168 1169 1129
f 1169 1130 1129
f 1169 1170 1130
f 1170 1131 1130
f 1170 1171 1131
f 1171 1132 1131
f 1171 1172 1132
f 1172 1133 1132
f 1172 1173 1133
f 1173 1134 1133
f 1173 1174 1134
f 1174 1135 1134
f 1174 1175 1135
f 1175 1136 1135
f 1175 1176 1136
f 1176 1137 1136
f 1176 1177 1137
f 1177 1138 1137
f 1177 1178 1138
f 1178 1139 1138
f 1178 1179 1139
f 1179 1140 1139
f 1179 1180 1140
f 1180 1141 1140
f 1180 1181 1141
f 1181 1142 1141
f 1181 1182 1142
f 1182 1143 1142
f 1182 1183 1143
f 1183 1144 1143
f 1183 1184 1144
f 1184 1145 1144
f 1184 1185 1145
f 1185 1146 1145
f 1185 1186 1146
f 1186 1107 1146
f 1186 1147 1107
f 1187 1148 1147
f 1187 1188 1148
f 1188 1149 1148
f 1188 1189 1149
f 1189 1150 1149
f 1189 1190 1150
f 1190 1151 1150
f 1190 1191 1151
f 1191 1152 1151
f 1191 1192 1152
f 1192 1153 1152
f 1192 1193 1153
f 1193 1154 1153
f 1193 1194 1154
f 1194 1155 1154
f 1194 1195 1155
f 1195 1156 1155
f 1195 1196 1156
f 1196 1157 1156
f 1196 1197 1157
f 1197 1158 1157
f 1197 1198 1158
f 1198 1159 1158
f 1198 1199 1159
f 1199 1160 1159
f 1199 1200 1160
f 1200 1161 1160
f 1200 1201 1161
f 1201 1162 1161
f 1201 1202 1162
f 1202 1163 1162
f 1202 1203 1163
f 1203 1164 1163
f 1203 1204 1164
f 1204 1165 1164
f 1204 1205 1165
f 1205 1166 1165
f 1205 1206 1166
f 1206 1167 1166
f 1206 1207 1167
f 1207 1168 1167
f 1207 1208 1168
f 1208 1169 1168
f 1208 1209 1169
f 1209 1170 1169
f 1209 1210 1170
f 1210 1171 1170
f 1210 1211 1171
f 1211 1172 1171
f 1211 1212 1172
f 1212 1173 1172
f 1212 1213 1173
f 1213 1174 1173
f 1213 1214 1174
f 1214 1175 1174
f 1214 1215 1175
f 1215 1176 1175
f 1215 1216 1176
f 1216 1177 1176
f 1216 1217 1177
f 1217 1178 1177
f 1217 1218 1178
f 1218 1179 1178
f 1218 1219 1179
f 1219 1180 1179
f 1219 1220 1180
f 1220 1181 1180
f 1220 1221 1181
f 1221 1182 1181
f 1221 1222 1182
f 1222 1183 1182
f 1222 1223 1183
f 1223 1184 1183
f 1223 1224 1184
f 1224 1185 1184
f 1224 1225 1185
f 1225 1186 1185
f 1225 1226 1186
f 1226 1147 1186
f 1226 1187 1147
f 1227 1188 1187
f 1227 1228 1188
f 1228 1189 1188
f 1228 1229 1189
f 1229 1190 1189
f 1229 1230 1190
f 1230 1191 1190
f 1230 1231 1191
f 1231 1192 1191
f 1231 1232 1192
f 1232 1193 1192
f 1232 1233 1193
f 1233 1194 1193
f 1233 1234 1194
f 1234 1195 1194
f 1234 1235 1195
f 1235 1196 1195
f 1235 1236 1196
f 1236 1197 1196
f 1236 1237 1197
f 1237 1198 1197
f 1237 1238 1198
f 1238 1199 1198
f 1238 1239 1199
f 1239 1200 1199
f 1239 1240 1200
f 1240 1201 1200
f 1240 1241 1201
f 1241 1202 1201
f 1241 1242 1202
f 1242 1203 1202
f 1242 1243 1203
f 1243 1204 1203
f 1243 1244 1204
f 1244 1205 1204
f 1244 1245 1205
f 1245 1206 1205
f 1245 1246 1206
f 1246 1207 1206
f 1246 1247 1207
f 1247 1208 1207
f 1247 1248 1208
f 1248 1209 1208
f 1248 1249 1209
f 1249 1210 1209
f 1249 1250 1210
f 1250 1211 1210
f 1250 1251 1211
f 1251 1212 1211
f 1251 1252 1212
f 1252 1213 1212
f 1252 1253 1213
f 1253 1214 1213
f 1253 1254 1214
f 1254 1215 1214
f 1254 1255 1215
f 1255 1216 1215
f 1255 1256 1216
f 1256 1217 1216
f 1256 1257 1217
f 1257 1218 1217
f 1257 1258 1218
f 1258 1219 1218
f 1258 1259 1219
f 1259 1220 1219
f 1259 1260 1220
f 1260 1221 1220
f 1260 1261 1221
f 1261 1222 1221
f 1261 1262 1222
f 1262 1223 1222
f 1262 1263 1223
f 1263 1224 1223
f 1263 1264 1224
f 1264 1225 1224
f 1264 1265 1225
f 1265 1226 1225
f 1265 1266 1226
f 1266 1187 1226
f 1266 1227 1187
f 1267 1269 1270
f 1268 1990 1989
f 1267 1270 1271
f 1268 1991 1990
f 1267 1271 1272
f 1268 1992 1991
f 1267 1272 1273
f 1268 1993 1992
f 1267 1273 1274
f 1268 1994 1993
f 1267 1274 1275
f 1268 1995 1994
f 1267 1275 1276
f 1268 1996 1995
f 1267 1276 1277
f 1268 1997 1996
f 1267 1277 1278
f 1268 1998 1997
f 1267 1278 1279
f 1268 1999 1998
f 1267 1279 1280
f 1268 2000 1999
f 1267 1280 1281
f 1268 2001 2000
f 1267 1281 1282
f 1268 2002 2001
f 1267 1282 1283
f 1268 2003 2002
f 1267 1283 1284
f 1268 2004 2003
f 1267 1284 1285
f 1268 2005 2004
f 1267 1285 1286
f 1268 2006 2005
f 1267 1286 1287
f 1268 2007 2006
f 1267 1287 1288
f 1268 2008 2007
f 1267 1288 1289
f 1268 2009 2008
f 1267 1289 1290
f 1268 2010 2009
f 1267 1290 1291
f 1268 2011 2010
f 1267 1291 1292
f 1268 2012 2011
f 1267 1292 1293
f 1268 2013 2012
f 1267 1293 1294
f 1268 2014 2013
f 1267 1294 1295
f 1268 2015 2014
f 1267 1295 1296
f 1268 2016 2015
f 1267 1296 1297
f 1268 2017 2016
f 1267 1297 1298
f 1268 2018 2017
f 1267 1298 1299
f 1268 2019 2018
f 1267 1299 1300
f 1268 2020 2019
f 1267 1300 1301
f 1268 2021 2020
f 1267 1301 1302
f 1268 2022 2021
f 1267 1302 1303
f 1268 2023 2022
f 1267 1303 1304
f 1268 2024 2023
f 1267 1304 1305
f 1268 2025 2024
f 1267 1305 1306
f 1268 2026 2025
f 1267 1306 1307
f 1268 2027 2026
f 1267 1307 1308
f 1268 2028 2027
f 1267 1308 1269
f 1268 1989 2028
f 1309 1270 1269
f 1309 1310 1270
f 1310 1271 1270
f 1310 1311 1271
f 1311 1272 1271
f 1311 1312 1272
f 1312 1273 1272
f 1312 1313 1273
f 1313 1274 1273
f 1313 1314 1274
f 1314 1275 1274
f 1314 1315 1275
f 1315 1276 1275
f 1315 1316 1276
f 1316 1277 1276
f 1316 1317 1277
f 1317 1278 1277
f 1317 1318 1278
f 1318 1279 1278
f 1318 1319 1279
f 1319 1280 1279
f 1319 1320 1280
f 1320 1281 1280
f 1320 1321 1281
f 1321 1282 1281
f 1321 1322 1282
f 1322 1283 1282
f 1322 1323 1283
f 1323 1284 1283
f 1323 1324 1284
f 1324 1285 1284
f 1324 1325 1285
f 1325 1286 1285
f 1325 1326 1286
f 1326 1287 1286
f 1326 1327 1287
f 1327 1288 1287
f 1327 1328 1288
f 1328 1289 1288
f 1328 1329 1289
f 1329 1290 1289
f 1329 1330 1290
f 1330 1291 1290
f 1330 1331 1291
f 1331 1292 1291
f 1331 1332 1292
f 1332 1293 1292
f 1332 1333 1293
f 1333 1294 1293
f 1333 1334 1294
f 1334 1295 1294
f 1334 1335 1295
f 1335 1296 1295
f 1335 1336 1296
f 1336 1297 1296
f 1336 1337 1297
f 1337 1298 1297
f 1337 1338 1298
f 1338 1299 1298
f 1338 1339 1299
f 1339 1300 1299
f 1339 1340 1300
f 1340 1301 1300
f 1340 1341 1301
f 1341 1302 1301
f 1341 1342 1302
f 1342 1303 1302
f 1342 1343 1303
f 1343 1304 1303
f 1343 1344 1304
f 1344 1305 1304
f 1344 1345 1305
f 1345 1306 1305
f 1345 1346 1306
f 1346 1307 1306
f 1346 1347 1307
f 1347 1308 1307
f 1347 1348 1308
f 1348 1269 1308
f 1348 1309 1269
f 1349 1310 1309
f 1349 1350 1310
f 1350 1311 1310
f 1350 1351 1311
f 1351 1312 1311
f 1351 1352 1312
f 1352 1313 1312
f 1352 1353 1313
f 1353 1314 1313
f 1353 1354 1314
f 1354 1315 1314
f 1354 1355 1315
f 1355 1316 1315
f 1355 1356 1316
f 1356 1317 1316
f 1356 1357 1317
f 1357 1318 1317
f 1357 1358 1318
f 1358 1319 1318
f 1358 1359 1319
f 1359 1320 1319
f 1359 1360 1320
f 1360 1321 1320
f 1360 1361 1321
f 1361 1322 1321
f 1361 1362 1322
f 1362 1323 1322
f 1362 1363 1323
f 1363 1324 1323
f 1363 1364 1324
f 1364 1325 1324
f 1364 1365 1325
f 1365 1326 1325
f 1365 1366 1326
f 1366 1327 1326
f 1366 1367 1327
f 1367 1328 1327
f 1367 1368 1328
f 1368 1329 1328
f 1368 1369 1329
f 1369 1330 1329
f 1369 1370 1330
f 1370 1331 1330
f 1370 1371 1331
f 1371 1332 1331
f 1371 1372 1332
f 1372 1333 1332
f 1372 1373 1333
f 1373 1334 1333
f 1373 1374 1334
f 1374 1335 1334
f 1374 1375 1335
f 1375 1336 1335
f 1375 1376 1336
f 1376 1337 1336
f 1376 1377 1337
f 1377 1338 1337
f 1377 1378 1338
f 1378 1339 1338
f 1378 1379 1339
f 1379 1340 1339
f 1379 1380 1340
f 1380 1341 1340
f 1380 1381 1341
f 1381 1342 1341
f 1381 1382 1342
f 1382 1343 1342
f 1382 1383 1343
f 1383 1344 1343
f 1383 1384 1344
f 1384 1345 1344
f 1384 1385 1345
f 1385 1346 1345
f 1385 1386 1346
f 1386 1347 1346
f 1386 1387 1347
f 1387 1348 1347
f 1387 1388 1348
f 1388 1309 1348
f 1388 1349 1309
f 1389 1350 1349
f 1389 1390 1350
f 1390 1351 1350
f 1390 1391 1351
f 1391 1352 1351
f 1391 1392 1352
f 1392 1353 1352
f 1392 1393 1353
f 1393 1354 1353
f 1393 1394 1354
f 1394 1355 1354
f 1394 1395 1355
f 1395 1356 1355
f 1395 1396 1356
f 1396 1357 1356
f 1396 1397 1357
f 1397 1358 1357
f 1397 1398 1358
f 1398 1359 1358
f 1398 1399 1359
f 1399 1360 1359
f 1399 1400 1360
f 1400 1361 1360
f 1400 1401 1361
f 1401 1362 1361
f 1401 1402 1362
f 1402 1363 1362
f 1402 1403 1363
f 1403 1364 1363
f 1403 1404 1364
f 1404 1365 1364
f 1404 1405 1365
f 1405 1366 1365
f 1405 1406 1366
f 1406 1367 1366
f 1406 1407 1367
f 1407 1368 1367
f 1407 1408 1368
f 1408 1369 1368
f 1408 1409 1369
f 1409 1370 1369
f 1409 1410 1370
f 1410 1371 1370
f 1410 1411 1371
f 1411 1372 1371
f 1411 1412 1372
f 1412 1373 1372
f 1412 1413 1373
f 1413 1374 1373
f 1413 1414 1374
f 1414 1375 1374
f 1414 1415 1375
f 1415 1376 1375
f 1415 1416 1376
f 1416 1377 1376
f 1416 1417 1377
f 1417 1378 1377
f 1417 1418 1378
f 1418 1379 1378
f 1418 1419 1379
f 1419 1380 1379
f 1419 1420 1380
f 1420 1381 1380
f 1420 1421 1381
f 1421 1382 1381
f 1421 1422 1382
f 1422 1383 1382
f 1422 1423 1383
f 1423 1384 1383
f 1423 1424 1384
f 1424 1385 1384
f 1424 1425 1385
f 1425 1386 1385
f 1425 1426 1386
f 1426 1387 1386
f 1426 1427 1387
f 1427 1388 1387
f 1427 1428 1388
f 1428 1349 1388
f 1428 1389 1349
f 1429 1390 1389
f 1429 1430 1390
f 1430 1391 1390
f 1430 1431 1391
f 1431 1392 1391
f 1431 1432 1392
f 1432 1393 1392
f 1432 1433 1393
f 1433 1394 1393
f 1433 1434 1394
f 1434 1395 1394
f 1434 1435 1395
f 1435 1396 1395
f 1435 1436 1396
f 1436 1397 1396
f 1436 1437 1397
f 1437 1398 1397
f 1437 1438 1398
f 1438 1399 1398
f 1438 1439 1399
f 1439 1400 1399
f 1439 1440 1400
f 1440 1401 1400
f 1440 1441 1401
f 1441 1402 1401
f 1441 1442 1402
f 1442 1403 1402
f 1442 1443 1403
f 1443 1404 1403
f 1443 1444 1404
f 1444 1405 1404
f 1444 1445 1405
f 1445 1406 1405
f 1445 1446 1406
f 1446 1407 1406
f 1446 1447 1407
f 1447 1408 1407
f 1447 1448 1408
f 1448 1409 1408
f 1448 1449 1409
f 1449 1410 1409
f 1449 1450 1410
f 1450 1411 1410
f 1450 1451 1411
f 1451 1412 1411
f 1451 1452 1412
f 1452 1413 1412
f 1452 1453 1413
f 1453 1414 1413
f 1453 1454 1414
f 1454 1415 1414
f 1454 1455 1415
f 1455 1416 1415
f 1455 1456 1416
f 1456 1417 1416
f 1456 1457 1417
f 1457 1418 1417
f 1457 1458 1418
f 1458 1419 1418
f 1458 1459 1419
f 1459 1420 1419
f 1459 1460 1420
f 1460 1421 1420
f 1460 1461 1421
f 1461 1422 1421
f 1461 1462 1422
f 1462 1423 1422
f 1462 1463 1423
f 1463 1424 1423
f 1463 1464 1424
f 1464 1425 1424
f 1464 1465 1425
f 1465 1426 1425
f 1465 1466 1426
f 1466 1427 1426
f 1466 1467 1427
f 1467 1428 1427
f 1467 1468 1428
f 1468 1389 1428
f 1468 1429 1389
f 1469 1430 1429
f 1469 1470 1430
f 1470 1431 1430
f 1470 1471 1431
f 1471 1432 1431
f 1471 1472 1432
f 1472 1433 1432
f 1472 1473 1433
f 1473 1434 1433
f 1473 1474 1434
f 1474 1435 1434
f 1474 1475 1435
f 1475 1436 1435
f 1475 1476 1436
f 1476 1437 1436
f 1476 1477 1437
f 1477 1438 1437
f 1477 1478 1438
f 1478 1439 1438
f 1478 1479 1439
f 1479 1440 1439
f 1479 1480 1440
f 1480 1441 1440
f 1480 1481 1441
f 1481 1442 1441
f 1481 1482 1442
f 1482 1443 1442
f 1482 1483 1443
f 1483 1444 1443
f 1483 1484 1444
f 1484 1445 1444
f 1484 1485 1445
f 1485 1446 1445
f 1485 1486 1446
f 1486 1447 1446
f 1486 1487 1447
f 1487 1448 1447
f 1487 1488 1448
f 1488 1449 1448
f 1488 1489 1449
f 1489 1450 1449
f 1489 1490 1450
f 1490 1451 1450
f 1490 1491 1451
f 1491 1452 1451
f 1491 1492 1452
f 1492 1453 1452
f 1492 1493 1453
f 1493 1454 1453
f 1493 1494 1454
f 1494 1455 1454
f 1494 1495 1455
f 1495 1456 1455
f 1495 1496 1456
f 1496 1457 1456
f 1496 1497 1457
f 1497 1458 1457
f 1497 1498 1458
f 1498 1459 1458
f 1498 1499 1459
f 1499 1460 1459
f 1499 1500 1460
f 1500 1461 1460
f 1500 1501 1461
f 1501 1462 1461
f 1501 1502 1462
f 1502 1463 1462
f 1502 1503 1463
f 1503 1464 1463
f 1503 1504 1464
f 1504 1465 1464
f 1504 1505 1465
f 1505 1466 1465
f 1505 1506 1466
f 1506 1467 1466
f 1506 1507 1467
f 1507 1468 1467
f 1507 1508 1468
f 1508 1429 1468
f 1508 1469 1429
f 1509 1470 1469
f 1509 1510 1470
f 1510 1471 1470
f 1510 1511 1471
f 1511 1472 1471
f 1511 1512 1472
f 1512 1473 1472
f 1512 1513 1473
f 1513 1474 1473
f 1513 1514 1474
f 1514 1475 1474
f 1514 1515 1475
f 1515 1476 1475
f 1515 1516 1476
f 1516 1477 1476
f 1516 1517 1477
f 1517 1478 1477
f 1517 1518 1478
f 1518 1479 1478
f 1518 1519 1479
f 1519 1480 1479
f 1519 1520 1480
f 1520 1481 1480
f 1520 1521 1481
f 1521 1482 1481
f 1521 1522 1482
f 1522 1483 1482
f 1522 1523 1483
f 1523 1484 1483
f 1523 1524 1484
f 1524 1485 1484
f 1524 1525 1485
f 1525 1486 1485
f 1525 1526 1486
f 1526 1487 1486
f 1526 1527 1487
f 1527 1488 1487
f 1527 1528 1488
f 1528 1489 1488
f 1528 1529 1489
f 1529 1490 1489
f 1529 1530 1490
f 1530 1491 1490
f 1530 1531 1491
f 1531 1492 1491
f 1531 1532 1492
f 1532 1493 1492
f 1532 1533 1493
f 1533 1494 1493
f 1533 1534 1494
f 1534 1495 1494
f 1534 1535 1495
f 1535 1496 1495
f 1535 1536 1496
f 1536 1497 1496
f 1536 1537 1497
f 1537 1498 1497
f 1537 1538 1498
f 1538 1499 1498
f 1538 1539 1499
f 1539 1500 1499
f 1539 1540 1500
f 1540 1501 1500
f 1540 1541 1501
f 1541 1502 1501
f 1541 1542 1502
f 1542 1503 1502
f 1542 1543 1503
f 1543 1504 1503
f 1543 1544 1504
f 1544 1505 1504
f 1544 1545 1505
f 1545 1506 1505
f 1545 1546 1506
f 1546 1507 1506
f 1546 1547 1507
f 1547 1508 1507
f 1547 1548 1508
f 1548 1469 1508
f 1548 1509 1469
f 1549 1510 1509
f 1549 1550 1510
f 1550 1511 1510
f 1550 1551 1511
f 1551 1512 1511
f 1551 1552 1512
f 1552 1513 1512
f 1552 1553 1513
f 1553 1514 1513
f 1553 1554 1514
f 1554 1515 1514
f 1554 1555 1515
f 1555 1516 1515
f 1555 1556 1516
f 1556 1517 1516
f 1556 1557 1517
f 1557 1518 1517
f 1557 1558 1518
f 1558 1519 1518
f 1558 1559 1519
f 1559 1520 1519
f 1559 1560 1520
f 1560 1521 1520
f 1560 1561 1521
f 1561 1522 1521
f 1561 1562 1522
f 1562 1523 1522
f 1562 1563 1523
f 1563 1524 1523
f 1563 1564 1524
f 1564 1525 1524
f 1564 1565 1525
f 1565 1526 1525
f 1565 1566 1526
f 1566 1527 1526
f 1566 1567 1527
f 1567 1528 1527
f 1567 1568 1528
f 1568 1529 1528
f 1568 1569 1529
f 1569 1530 1529
f 1569 1570 1530
f 1570 1531 1530
f 1570 1571 1531
f 1571 1532 1531
f 1571 1572 1532
f 1572 1533 1532
f 1572 1573 1533
f 1573 1534 1533
f 1573 1574 1534
f 1574 1535 1534
f 1574 1575 1535
f 1575 1536 1535
f 1575 1576 1536
f 1576 1537 1536
f 1576 1577 1537
f 1577 1538 1537
f 1577 1578 1538
f 1578 1539 1538
f 1578 1579 1539
f 1579 1540 1539
f 1579 1580 1540
f 1580 1541 1540
f 1580 1581 1541
f 1581 1542 1541
f 1581 1582 1542
f 1582 1543 1542
f 1582 1583 1543
f 1583 1544 1543
f 1583 1584 1544
f 1584 1545 1544
f 1584 1585 1545
f 1585 1546 1545
f 1585 1586 1546
f 1586 1547 1546
f 1586 1587 1547
f 1587 1548 1547
f 1587 1588 1548
f 1588 1509 1548
f 1588 1549 1509
f 1589 1550 1549
f 1589 1590 1550
f 1590 1551 1550
f 1590 1591 1551
f 1591 1552 1551
f 1591 1592 1552
f 1592 1553 1552
f 1592 1593 1553
f 1593 1554 1553
f 1593 1594 1554
f 1594 1555 1554
f 1594 1595 1555
f 1595 1556 1555
f 1595 1596 1556
f 1596 1557 1556
f 1596 1597 1557
f 1597 1558 1557
f 1597 1598 1558
f 1598 1559 1558
f 1598 1599 1559
f 1599 1560 1559
f 1599 1600 1560
f 1600 1561 1560
f 1600 1601 1561
f 1601 1562 1561
f 1601 1602 1562
f 1602 1563 1562
f 1602 1603 1563
f 1603 1564 1563
f 1603 1604 1564
f 1604 1565 1564
f 1604 1605 1565
f 1605 1566 1565
f 1605 1606 1566
f 1606 1567 1566
f 1606 1607 1567
f 1607 1568 1567
f 1607 1608 1568
f 1608 1569 1568
f 1608 1609 1569
f 1609 1570 1569
f 1609 1610 1570
f 1610 1571 1570
f 1610 1611 1571
f 1611 1572 1571
f 1611 1612 1572
f 1612 1573 1572
f 1612 1613 1573
f 1613 1574 1573
f 1613 1614 1574
f 1614 1575 1574
f 1614 1615 1575
f 1615 1576 1575
f 1615 1616 1576
f 1616 1577 1576
f 1616 1617 1577
f 1617 1578 1577
f 1617 1618 1578
f 1618 1579 1578
f 1618 1619 1579
f 1619 1580 1579
f 1619 1620 1580
f 1620 1581 1580
f 1620 1621 1581
f 1621 1582 1581
f 1621 1622 1582
f 1622 1583 1582
f 1622 1623 1583
f 1623 1584 1583
f 1623 1624 1584
f 1624 1585 1584
f 1624 1625 1585
f 1625 1586 1585
f 1625 1626 1586
f 1626 1587 1586
f 1626 1627 1587
f 1627 1588 1587
f 1627 1628 1588
f 1628 1549 1588
f 1628 1589 1549
f 1629 1590 1589
f 1629 1630 1590
f 1630 1591 1590
f 1630 1631 1591
f 1631 1592 1591
f 1631 1632 1592
f 1632 1593 1592
f 1632 1633 1593
f 1633 1594 1593
f 1633 1634 1594
f 1634 1595 1594
f 1634 1635 1595
f 1635 1596 1595
f 1635 1636 1596
f 1636 1597 1596
f 1636 1637 1597
f 1637 1598 1597
f 1637 1638 1598
f 1638 1599 1598
f 1638 1639 1599
f 1639 1600 1599
f 1639 1640 1600
f 1640 1601 1600
f 1640 1641 1601
f 1641 1602 1601
f 1641 1642 1602
f 1642 1603 1602
f 1642 1643 1603
f 1643 1604 1603
f 1643 1644 1604
f 1644 1605 1604
f 1644 1645 1605
f 1645 1606 1605
f 1645 1646 1606
f 1646 1607 1606
f 1646 1647 1607
f 1647 1608 1607
f 1647 1648 1608
f 1648 1609 1608
f 1648 1649 1609
f 1649 1610 1609
f 1649 1650 1610
f 1650 1611 1610
f 1650 1651 1611
f 1651 1612 1611
f 1651 1652 1612
f 1652 1613 1612
f 1652 1653 1613
f 1653 1614 1613
f 1653 1654 1614
f 1654 1615 1614
f 1654 1655 1615
f 1655 1616 1615
f 1655 1656 1616
f 1656 1617 1616
f 1656 1657 1617
f 1657 1618 1617
f 1657 1658 1618
f 1658 1619 1618
f 1658 1659 1619
f 1659 1620 1619
f 1659 1660 1620
f 1660 1621 1620
f 1660 1661 1621
f 1661 1622 1621
f 1661 1662 1622
f 1662 1623 1622
f 1662 1663 1623
f 1663 1624 1623
f 1663 1664 1624
f 1664 1625 1624
f 1664 1665 1625
f 1665 1626 1625
f 1665 1666 1626
f 1666 1627 1626
f 1666 1667 1627
f 1667 1628 1627
f 1667 1668 1628
f 1668 1589 1628
f 1668 1629 1589
f 1669 1630 1629
f 1669 1670 1630
f 1670 1631 1630
f 1670 1671 1631
f 1671 1632 1631
f 1671 1672 1632
f 1672 1633 1632
f 1672 1673 1633
f 1673 1634 1633
f 1673 1674 1634
f 1674 1635 1634
f 1674 1675 1635
f 1675 1636 1635
f 1675 1676 1636
f 1676 1637 1636
f 1676 1677 1637
f 1677 1638 1637
f 1677 1678 1638
f 1678 1639 1638
f 1678 1679 1639
f 1679 1640 1639
f 1679 1680 1640
f 1680 1641 1640
f 1680 1681 1641
f 1681 1642 1641
f 1681 1682 1642
f 1682 1643 1642
f 1682 1683 1643
f 1683 1644 1643
f 1683 1684 1644
f 1684 1645 1644
f 1684 1685 1645
f 1685 1646 1645
f 1685 1686 1646
f 1686 1647 1646
f 1686 1687 1647
f 1687 1648 1647
f 1687 1688 1648
f 1688 1649 1648
f 1688 1689 1649
f 1689 1650 1649
f 1689 1690 1650
f 1690 1651 1650
f 1690 1691 1651
f 1691 1652 1651
f 1691 1692 1652
f 1692 1653 1652
f 1692 1693 1653
f 1693 1654 1653
f 1693 1694 1654
f 1694 1655 1654
f 1694 1695 1655
f 1695 1656 1655
f 1695 1696 1656
f 1696 1657 1656
f 1696 1697 1657
f 1697 1658 1657
f 1697 1698 1658
f 1698 1659 1658
f 1698 1699 1659
f 1699 1660 1659
f 1699 1700 1660
f 1700 1661 1660
f 1700 1701 1661
f 1701 1662 1661
f 1701 1702 1662
f 1702 1663 1662
f 1702 1703 1663
f 1703 1664 1663
f 1703 1704 1664
f 1704 1665 1664
f 1704 1705 1665
f 1705 1666 1665
f 1705 1706 1666
f 1706 1667 1666
f 1706 1707 1667
f 1707 1668 1667
f 1707 1708 1668
f 1708 1629 1668
f 1708 1669 1629
f 1709 1670 1669
f 1709 1710 1670
f 1710 1671 1670
f 1710 1711 1671
f 1711 1672 1671
f 1711 1712 1672
f 1712 1673 1672
f 1712 1713 1673
f 1713 1674 1673
f 1713 1714 1674
f 1714 1675 1674
f 1714 1715 1675
f 1715 1676 1675
f 1715 1716 1676
f 1716 1677 1676
f 1716 1717 1677
f 1717 1678 1677
f 1717 1718 1678
f 1718 1679 1678
f 1718 1719 1679
f 1719 1680 1679
f 1719 1720 1680
f 1720 1681 1680
f 1720 1721 1681
f 1721 1682 1681
f 1721 1722 1682
f 1722 1683 1682
f 1722 1723 1683
f 1723 1684 1683
f 1723 1724 1684
f 1724 1685 1684
f 1724 1725 1685
f 1725 1686 1685
f 1725 1726 1686
f 1726 1687 1686
f 1726 1727 1687
f 1727 1688 1687
f 1727 1728 1688
f 1728 1689 1688
f 1728 1729 1689
f 1729 1690 1689
f 1729 1730 1690
f 1730 1691 1690
f 1730 1731 1691
f 1731 1692 1691
f 1731 1732 1692
f 1732 1693 1692
f 1732 1733 1693
f 1733 1694 1693
f 1733 1734 1694
f 1734 1695 1694
f 1734 1735 1695
f 1735 1696 1695
f 1735 1736 1696
f 1736 1697 1696
f 1736 1737 1697
f 1737 1698 1697
f 1737 1738 1698
f 1738 1699 1698
f 1738 1739 1699
f 1739 1700 1699
f 1739 1740 1700
f 1740 1701 1700
f 1740 1741 1701
f 1741 1702 1701
f 1741 1742 1702
f 1742 1703 1702
f 1742 1743 1703
f 1743 1704 1703
f 1743 1744 1704
f 1744 1705 1704
f 1744 1745 1705
f 1745 1706 1705
f 1745 1746 1706
f 1746 1707 1706
f 1746 1747 1707
f 1747 1708 1707
f 1747 1748 1708
f 1748 1669 1708
f 1748 1709 1669
f 1749 1710 1709
f 1749 1750 1710
f 1750 1711 1710
f 1750 1751 1711
f 1751 1712 1711
f 1751 1752 1712
f 1752 1713 1712
f 1752 1753 1713
f 1753 1714 1713
f 1753 1754 1714
f 1754 1715 1714
f 1754 1755 1715
f 1755 1716 1715
f 1755 1756 1716
f 1756 1717 1716
f 1756 1757 1717
f 1757 1718 1717
f 1757 1758 1718
f 1758 1719 1718
f 1758 1759 1719
f 1759 1720 1719
f 1759 1760 1720
f 1760 1721 1720
f 1760 1761 1721
f 1761 1722 1721
f 1761 1762 1722
f 1762 1723 1722
f 1762 1763 1723
f 1763 1724 1723
f 1763 1764 1724
f 1764 1725 1724
f 1764 1765 1725
f 1765 1726 1725
f 1765 1766 1726
f 1766 1727 1726
f 1766 1767 1727
f 1767 1728 1727
f 1767 1768 1728
f 1768 1729 1728
f 1768 1769 1729
f 1769 1730 1729
f 1769 1770 1730
f 1770 1731 1730
f 1770 1771 1731
f 1771 1732 1731
f 1771 1772 1732
f 1772 1733 1732
f 1772 1773 1733
f 1773 1734 1733
f 1773 1774 1734
f 1774 1735 1734
f 1774 1775 1735
f 1775 1736 1735
f 1775 1776 1736
f 1776 1737 1736
f 1776 1777 1737
f 1777 1738 1737
f 1777 1778 1738
f 1778 1739 1738
f 1778 1779 1739
f 1779 1740 1739
f 1779 1780 1740
f 1780 1741 1740
f 1780 1781 1741
f 1781 1742 1741
f 1781 1782 1742
f 1782 1743 1742
f 1782 1783 1743
f 1783 1744 1743
f 1783 1784 1744
f 1784 1745 1744
f 1784 1785 1745
f 1785 1746 1745
f 1785 1786 1746
f 1786 1747 1746
f 1786 1787 1747
f 1787 1748 1747
f 1787 1788 1748
f 1788 1709 1748
f 1788 1749 1709
f 1789 1750 1749
f 1789 1790 1750
f 1790 1751 1750
f 1790 1791 1751
f 1791 1752 1751
f 1791 1792 1752
f 1792 1753 1752
f 1792 1793 1753
f 1793 1754 1753
f 1793 1794 1754
f 1794 1755 1754
f 1794 1795 1755
f 1795 1756 1755
f 1795 1796 1756
f 1796 1757 1756
f 1796 1797 1757
f 1797 1758 1757
f 1797 1798 1758
f 1798 1759 1758
f 1798 1799 1759
f 1799 1760 1759
f 1799 1800 1760
f 1800 1761 1760
f 1800 1801 1761
f 1801 1762 1761
f 1801 1802 1762
f 1802 1763 1762
f 1802 1803 1763
f 1803 1764 1763
f 1803 1804 1764
f 1804 1765 1764
f 1804 1805 1765
f 1805 1766 1765
f 1805 1806 1766
f 1806 1767 1766
f 1806 1807 1767
f 1807 1768 1767
f 1807 1808 1768
f 1808 1769 1768
f 1808 1809 1769
f 1809 1770 1769
f 1809 1810 1770
f 1810 1771 1770
f 1810 1811 1771
f 1811 1772 1771
f 1811 1812 1772
f 1812 1773 1772
f 1812 1813 1773
f 1813 1774 1773
f 1813 1814 1774
f 1814 1775 1774
f 1814 1815 1775
f 1815 1776 1775
f 1815 1816 1776
f 1816 1777 1776
f 1816 1817 1777
f 1817 1778 1777
f 1817 1818 1778
f 1818 1779 1778
f 1818 1819 1779
f 1819 1780 1779
f 1819 1820 1780
f 1820 1781 1780
f 1820 1821 1781
f 1821 1782 1781
f 1821 1822 1782
f 1822 1783 1782
f 1822 1823 1783
f 1823 1784 1783
f 1823 1824 1784
f 1824 1785 1784
f 1824 1825 1785
f 1825 1786 1785
f 1825 1826 1786
f 1826 1787 1786
f 1826 1827 1787
f 1827 1788 1787
f 1827 1828 1788
f 1828 1749 1788
f 1828 1789 1749
f 1829 1790 1789
f 1829 1830 1790
f 1830 1791 1790
f 1830 1831 1791
f 1831 1792 1791
f 1831 1832 1792
f 1832 1793 1792
f 1832 1833 1793
f 1833 1794 1793
f 1833 1834 1794
f 1834 1795 1794
f 1834 1835 1795
f 1835 1796 1795
f 1835 1836 1796
f 1836 1797 1796
f 1836 1837 1797
f 1837 1798 1797
f 1837 1838 1798
f 1838 1799 1798
f 1838 1839 1799
f 1839 1800 1799
f 1839 1840 1800
f 1840 1801 1800
f 1840 1841 1801
f 1841 1802 1801
f 1841 1842 1802
f 1842 1803 1802
f 1842 1843 1803
f 1843 1804 1803
f 1843 1844 1804
f 1844 1805 1804
f 1844 1845 1805
f 1845 1806 1805
f 1845 1846 1806
f 1846 1807 1806
f 1846 1847 1807
f 1847 1808 1807
f 1847 1848 1808
f 1848 1809 1808
f 1848 1849 1809
f 1849 1810 1809
f 1849 1850 1810
f 1850 1811 1810
f 1850 1851 1811
f 1851 1812 1811
f 1851 1852 1812
f 1852 1813 1812
f 1852 1853 1813
f 1853 1814 1813
f 1853 1854 1814
f 1854 1815 1814
f 1854 1855 1815
f 1855 1816 1815
f 1855 1856 1816
f 1856 1817 1816
f 1856 1857 1817
f 1857 1818 1817
f 1857 1858 1818
f 1858 1819 1818
f 1858 1859 1819
f 1859 1820 1819
f 1859 1860 1820
f 1860 1821 1820
f 1860 1861 1821
f 1861 1822 1821
f 1861 1862 1822
f 1862 1823 1822
f 1862 1863 1823
f 1863 1824 1823
f 1863 1864 1824
f 1864 1825 1824
f 1864 1865 1825
f 1865 1826 1825
f 1865 1866 1826
f 1866 1827 1826
f 1866 1867 1827
f 1867 1828 1827
f 1867 1868 1828
f 1868 1789 1828
f 1868 1829 1789
f 1869 1830 1829
f 1869 1870 1830
f 1870 1831 1830
f 1870 1871 1831
f 1871 1832 1831
f 1871 1872 1832
f 1872 1833 1832
f 1872 1873 1833
f 1873 1834 1833
f 1873 1874 1834
f 1874 1835 1834
f 1874 1875 1835
f 1875 1836 1835
f 1875 1876 1836
f 1876 1837 1836
f 1876 1877 1837
f 1877 1838 1837
f 1877 1878 1838
f 1878 1839 1838
f 1878 1879 1839
f 1879 1840 1839
f 1879 1880 1840
f 1880 1841 1840
f 1880 1881 1841
f 1881 1842 1841
f 1881 1882 1842
f 1882 1843 1842
f 1882 1883 1843
f 1883 1844 1843
f 1883 1884 1844
f 1884 1845 1844
f 1884 1885 1845
f 1885 1846 1845
f 1885 1886 1846
f 1886 1847 1846
f 1886 1887 1847
f 1887 1848 1847
f 1887 1888 1848
f 1888 1849 1848
f 1888 1889 1849
f 1889 1850 1849
f 1889 1890 1850
f 1890 1851 1850
f 1890 1891 1851
f 1891 1852 1851
f 1891 1892 1852
f 1892 1853 1852
f 1892 1893 1853
f 1893 1854 1853
f 1893 1894 1854
f 1894 1855 1854
f 1894 1895 1855
f 1895 1856 1855
f 1895 1896 1856
f 1896 1857 1856
f 1896 1897 1857
f 1897 1858 1857
f 1897 1898 1858
f 1898 1859 1858
f 1898 1899 1859
f 1899 1860 1859
f 1899 1900 1860
f 1900 1861 1860
f 1900 1901 1861
f 1901 1862 1861
f 1901 1902 1862
f 1902 1863 1862
f 1902 1903 1863
f 1903 1864 1863
f 1903 1904 1864
f 1904 1865 1864
f 1904 1905 1865
f 1905 1866 1865
f 1905 1906 1866
f 1906 1867 1866
f 1906 1907 1867
f 1907 1868 1867
f 1907 1908 1868
f 1908 1829 1868
f 1908 1869 1829
f 1909 1870 1869
f 1909 1910 1870
f 1910 1871 1870
f 1910 1911 1871
f 1911 1872 1871
f 1911 1912 1872
f 1912 1873 1872
f 1912 1913 1873
f 1913 1874 1873
f 1913 1914 1874
f 1914 1875 1874
f 1914 1915 1875
f 1915 1876 1875
f 1915 1916 1876
f 1916 1877 1876
f 1916 1917 1877
f 1917 1878 1877
f 1917 1918 1878
f 1918 1879 1878
f 1918 1919 1879
f 1919 1880 1879
f 1919 1920 1880
f 1920 1881 1880
f 1920 1921 1881
f 1921 1882 1881
f 1921 1922 1882
f 1922 1883 1882
f 1922 1923 1883
f 1923 1884 1883
f 1923 1924 1884
f 1924 1885 1884
f 1924 1925 1885
f 1925 1886 1885
f 1925 1926 1886
f 1926 1887 1886
f 1926 1927 1887
f 1927 1888 1887
f 1927 1928 1888
f 1928 1889 1888
f 1928 1929 1889
f 1929 1890 1889
f 1929 1930 1890
f 1930 1891 1890
f 1930 1931 1891
f 1931 1892 1891
f 1931 1932 1892
f 1932 1893 1892
f 1932 1933 1893
f 1933 1894 1893
f 1933 1934 1894
f 1934 1895 1894
f 1934 1935 1895
f 1935 1896 1895
f 1935 1936 1896
f 1936 1897 1896
f 1936 1937 1897
f 1937 1898 1897
f 1937 1938 1898
f 1938 1899 1898
f 1938 1939 1899
f 1939 1900 1899
f 1939 1940 1900
f 1940 1901 1900
f 1940 1941 1901
f 1941 1902 1901
f 1941 1942 1902
f 1942 1903 1902
f 1942 1943 1903
f 1943 1904 1903
f 1943 1944 1904
f 1944 1905 1904
f 1944 1945 1905
f 1945 1906 1905
f 1945 1946 1906
f 1946 1907 1906
f 1946 1947 1907
f 1947 1908 1907
f 1947 1948 1908
f 1948 1869 1908
f 1948 1909 1869
f 1949 1910 1909
f 1949 1950 1910
f 1950 1911 1910
f 1950 1951 1911
f 1951 1912 1911
f 1951 1952 1912
f 1952 1913 1912
f 1952 1953 1913
f 1953 1914 1913
f 1953 1954 1914
f 1954 1915 1914
f 1954 1955 1915
f 1955 1916 1915
f 1955 1956 1916
f 1956 1917 1916
f 1956 1957 1917
f 1957 1918 1917
f 1957 1958 1918
f 1958 1919 1918
f 1958 1959 1919
f 1959 1920 1919
f 1959 1960 1920
f 1960 1921 1920
f 1960 1961 1921
f 1961 1922 1921
f 1961 1962 1922
f 1962 1923 1922
f 1962 1963 1923
f 1963 1924 1923
f 1963 1964 1924
f 1964 1925 1924
f 1964 1965 1925
f 1965 1926 1925
f 1965 1966 1926
f 1966 1927 1926
f 1966 1967 1927
f 1967 1928 1927
f 1967 1968 1928
f 1968 1929 1928
f 1968 1969 1929
f 1969 1930 1929
f 1969 1970 1930
f 1970 1931 1930
f 1970 1971 1931
f 1971 1932 1931
f 1971 1972 1932
f 1972 1933 1932
f 1972 1973 1933
f 1973 1934 1933
f 1973 1974 1934
f 1974 1935 1934
f 1974 1975 1935
f 1975 1936 1935
f 1975 1976 1936
f 1976 1937 1936
f 1976 1977 1937
f 1977 1938 1937
f 1977 1978 1938
f 1978 1939 1938
f 1978 1979 1939
f 1979 1940 1939
f 1979 1980 1940
f 1980 1941 1940
f 1980 1981 1941
f 1981 1942 1941
f 1981 1982 1942
f 1982 1943 1942
f 1982 1983 1943
f 1983 1944 1943
f 1983 1984 1944
f 1984 1945 1944
f 1984 1985 1945
f 1985 1946 1945
f 1985 1986 1946
f 1986 1947 1946
f 1986 1987 1947
f 1987 1948 1947
f 1987 1988 1948
f 1988 1909 1948
f 1988 1949 1909
f 1989 1950 1949
f 1989 1990 1950
f 1990 1951 1950
f 1990 1991 1951
f 1991 1952 1951
f 1991 1992 1952
f 1992 1953 1952
f 1992 1993 1953
f 1993 1954 1953
f 1993 1994 1954
f 1994 1955 1954
f 1994 1995 1955
f 1995 1956 1955
f 1995 1996 1956
f 1996 1957 1956
f 1996 1997 1957
f 1997 1958 1957
f 1997 1998 1958
f 1998 1959 1958
f 1998 1999 1959
f 1999 1960 1959
f 1999 2000 1960
f 2000 1961 1960
f 2000 2001 1961
f 2001 1962 1961
f 2001 2002 1962
f 2002 1963 1962
f 2002 2003 1963
f 2003 1964 1963
f 2003 2004 1964
f 2004 1965 1964
f 2004 2005 1965
f 2005 1966 1965
f 2005 2006 1966
f 2006 1967 1966
f 2006 2007 1967
f 2007 1968 1967
f 2007 2008 1968
f 2008 1969 1968
f 2008 2009 1969
f 2009 1970 1969
f 2009 2010 1970
f 2010 1971 1970
f 2010 2011 1971
f 2011 1972 1971
f 2011 2012 1972
f 2012 1973 1972
f 2012 2013 1973
f 2013 1974 1973
f 2013 2014 1974
f 2014 1975 1974
f 2014 2015 1975
f 2015 1976 1975
f 2015 2016 1976
f 2016 1977 1976
f 2016 2017 1977
f 2017 1978 1977
f 2017 2018 1978
f 2018 1979 1978
f 2018 2019 1979
f 2019 1980 1979
f 2019 2020 1980
f 2020 1981 1980
f 2020 2021 1981
f 2021 1982 1981
f 2021 2022 1982
f 2022 1983 1982
f 2022 2023 1983
f 2023 1984 1983
f 2023 2024 1984
f 2024 1985 1984
f 2024 2025 1985
f 2025 1986 1985
f 2025 2026 1986
f 2026 1987 1986
f 2026 2027 1987
f 2027 1988 1987
f 2027 2028 1988
f 2028 1949 1988
f 2028 1989 1949
f 2029 2031 2032
f 2030 2752 2751
f 2029 2032 2033
f 2030 2753 2752
f 2029 2033 2034
f 2030 2754 2753
f 2029 2034 2035
f 2030 2755 2754
f 2029 2035 2036
f 2030 2756 2755
f 2029 2036 2037
f 2030 2757 2756
f 2029 2037 2038
f 2030 2758 2757
f 2029 2038 2039
f 2030 2759 2758
f 2029 2039 2040
f 2030 2760 2759
f 2029 2040 2041
f 2030 2761 2760
f 2029 2041 2042
f 2030 2762 2761
f 2029 2042 2043
f 2030 2763 2762
f 2029 2043 2044
f 2030 2764 2763
f 2029 2044 2045
f 2030 2765 2764
f 2029 2045 2046
f 2030 2766 2765
f 2029 2046 2047
f 2030 2767 2766
f 2029 2047 2048
f 2030 2768 2767
f 2029 2048 2049
f 2030 2769 2768
f 2029 2049 2050
f 2030 2770 2769
f 2029 2050 2051
f 2030 2771 2770
f 2029 2051 2052
f 2030 2772 2771
f 2029 2052 2053
f 2030 2773 2772
f 2029 2053 2054
f 2030 2774 2773
f 2029 2054 2055
f 2030 2775 2774
f 2029 2055 2056
f 2030 2776 2775
f 2029 2056 2057
f 2030 2777 2776
f 2029 2057 2058
f 2030 2778 2777
f 2029 2058 2059
f 2030 2779 2778
f 2029 2059 2060
f 2030 2780 2779
f 2029 2060 2061
f 2030 2781 2780
f 2029 2061 2062
f 2030 2782 2781
f 2029 2062 2063
f 2030 2783 2782
f 2029 2063 2064
f 2030 2784 2783
f 2029 2064 2065
f 2030 2785 2784
f 2029 2065 2066
f 2030 2786 2785
f 2029 2066 2067
f 2030 2787 2786
f 2029 2067 2068
f 2030 2788 2787
f 2029 2068 2069
f 2030 2789 2788
f 2029 2069 2070
f 2030 2790 2789
f 2029 2070 2031
f 2030 2751 2790
f 2071 2032 2031
f 2071 2072 2032
f 2072 2033 2032
f 2072 2073 2033
f 2073 2034 2033
f 2073 2074 2034
f 2074 2035 2034
f 2074 2075 2035
f 2075 2036 2035
f 2075 2076 2036
f 2076 2037 2036
f 2076 2077 2037
f 2077 2038 2037
f 2077 2078 2038
f 2078 2039 2038
f 2078 2079 2039
f 2079 2040 2039
f 2079 2080 2040
f 2080 2041 2040
f 2080 2081 2041
f 2081 2042 2041
f 2081 2082 2042
f 2082 2043 2042
f 2082 2083 2043
f 2083 2044 2043
f 2083 2084 2044
f 2084 2045 2044
f 2084 2085 2045
f 2085 2046 2045
f 2085 2086 2046
f 2086 2047 2046
f 2086 2087 2047
f 2087 2048 2047
f 2087 2088 2048
f 2088 2049 2048
f 2088 2089 2049
f 2089 2050 2049
f 2089 2090 2050
f 2090 2051 2050
f 2090 2091 2051
f 2091 2052 2051
f 2091 2092 2052
f 2092 2053 2052
f 2092 2093 2053
f 2093 2054 2053
f 2093 2094 2054
f 2094 2055 2054
f 2094 2095 2055
f 2095 2056 2055
f 2095 2096 2056
f 2096 2057 2056
f 2096 2097 2057
f 2097 2058 2057
f 2097 2098 2058
f 2098 2059 2058
f 2098 2099 2059
f 2099 2060 2059
f 2099 2100 2060
f 2100 2061 2060
f 2100 2101 2061
f 2101 2062 2061
f 2101 2102 2062
f 2102 2063 2062
f 2102 2103 2063
f 2103 2064 2063
f 2103 2104 2064
f 2104 2065 2064
f 2104 2105 2065
f 2105 2066 2065
f 2105 2106 2066
f 2106 2067 2066
f 2106 2107 2067
f 2107 2068 2067
f 2107 2108 2068
f 2108 2069 2068
f 2108 2109 2069
f 2109 2070 2069
f 2109 2110 2070
f 2110 2031 2070
f 2110 2071 2031
f 2111 2072 2071
f 2111 2112 2072
f 2112 2073 2072
f 2112 2113 2073
f 2113 2074 2073
f 2113 2114 2074
f 2114 2075 2074
f 2114 2115 2075
f 2115 2076 2075
f 2115 2116 2076
f 2116 2077 2076
f 2116 2117 2077
f 2117 2078 2077
f 2117 2118 2078
f 2118 2079 2078
f 2118 2119 2079
f 2119 2080 2079
f 2119 2120 2080
f 2120 2081 2080
f 2120 2121 2081
f 2121 2082 2081
f 2121 2122 2082
f 2122 2083 2082
f 2122 2123 2083
f 2123 2084 2083
f 2123 2124 2084
f 2124 2085 2084
f 2124 2125 2085
f 2125 2086 2085
f 2125 2126 2086
f 2126 2087 2086
f 2126 2127 2087
f 2127 2088 2087
f 2127 2128 2088
f 2128 2089 2088
f 2128 2129 2089
f 2129 2090 2089
f 2129 2130 2090
f 2130 2091 2090
f 2130 2131 2091
f 2131 2092 2091
f 2131 2132 2092
f 2132 2093 2092
f 2132 2133 2093
f 2133 2094 2093
f 2133 2134 2094
f 2134 2095 2094
f 2134 2135 2095
f 2135 2096 2095
f 2135 2136 2096
f 2136 2097 2096
f 2136 2137 2097
f 2137 2098 2097
f 2137 2138 2098
f 2138 2099 2098
f 2138 2139 2099
f 2139 2100 2099
f 2139 2140 2100
f 2140 2101 2100
f 2140 2141 2101
f 2141 2102 2101
f 2141 2142 2102
f 2142 2103 2102
f 2142 2143 2103
f 2143 2104 2103
f 2143 2144 2104
f 2144 2105 2104
f 2144 2145 2105
f 2145 2106 2105
f 2145 2146 2106
f 2146 2107 2106
f 2146 2147 2107
f 2147 2108 2107
f 2147 2148 2108
f 2148 2109 2108
f 2148 2149 2109
f 2149 2110 2109
f 2149 2150 2110
f 2150 2071 2110
f 2150 2111 2071
f 2151 2112 2111
f 2151 2152 2112
f 2152 2113 2112
f 2152 2153 2113
f 2153 2114 2113
f 2153 2154 2114
f 2154 2115 2114
f 2154 2155 2115
f 2155 2116 2115
f 2155 2156 2116
f 2156 2117 2116
f 2156 2157 2117
f 2157 2118 2117
f 2157 2158 2118
f 2158 2119 2118
f 2158 2159 2119
f 2159 2120 2119
f 2159 2160 2120
f 2160 2121 2120
f 2160 2161 2121
f 2161 2122 2121
f 2161 2162 2122
f 2162 2123 2122
f 2162 2163 2123
f 2163 2124 2123
f 2163 2164 2124
f 2164 2125 2124
f 2164 2165 2125
f 2165 2126 2125
f 2165 2166 2126
f 2166 2127 2126
f 2166 2167 2127
f 2167 2128 2127
f 2167 2168 2128
f 2168 2129 2128
f 2168 2169 2129
f 2169 2130 2129
f 2169 2170 2130
f 2170 2131 2130
f 2170 2171 2131
f 2171 2132 2131
f 2171 2172 2132
f 2172 2133 2132
f 2172 2173 2133
f 2173 2134 2133
f 2173 2174 2134
f 2174 2135 2134
f 2174 2175 2135
f 2175 2136 2135
f 2175 2176 2136
f 2176 2137 2136
f 2176 2177 2137
f 2177 2138 2137
f 2177 2178 2138
f 2178 2139 2138
f 2178 2179 2139
f 2179 2140 2139
f 2179 2180 2140
f 2180 2141 2140
f 2180 2181 2141
f 2181 2142 2141
f 2181 2182 2142
f 2182 2143 2142
f 2182 2183 2143
f 2183 2144 2143
f 2183 2184 2144
f 2184 2145 2144
f 2184 2185 2145
f 2185 2146 2145
f 2185 2186 2146
f 2186 2147 2146
f 2186 2187 2147
f 2187 2148 2147
f 2187 2188 2148
f 2188 2149 2148
f 2188 2189 2149
f 2189 2150 2149
f 2189 2190 2150
f 2190 2111 2150
f 2190 2151 2111
f 2191 2152 2151
f 2191 2192 2152
f 2192 2153 2152
f 2192 2193 2153
f 2193 2154 2153
f 2193 2194 2154
f 2194 2155 2154
f 2194 2195 2155
f 2195 2156 2155
f 2195 2196 2156
f 2196 2157 2156
f 2196 2197 2157
f 2197 2158 2157
f 2197 2198 2158
f 2198 2159 2158
f 2198 2199 2159
f 2199 2160 2159
f 2199 2200 2160
f 2200 2161 2160
f 2200 2201 2161
f 2201 2162 2161
f 2201 2202 2162
f 2202 2163 2162
f 2202 2203 2163
f 2203 2164 2163
f 2203 2204 2164
f 2204 2165 2164
f 2204 2205 2165
f 2205 2166 2165
f 2205 2206 2166
f 2206 2167 2166
f 2206 2207 2167
f 2207 2168 2167
f 2207 2208 2168
f 2208 2169 2168
f 2208 2209 2169
f 2209 2170 2169
f 2209 2210 2170
f 2210 2171 2170
f 2210 2211 2171
f 2211 2172 2171
f 2211 2212 2172
f 2212 2173 2172
f 2212 2213 2173
f 2213 2174 2173
f 2213 2214 2174
f 2214 2175 2174
f 2214 2215 2175
f 2215 2176 2175
f 2215 2216 2176
f 2216 2177 2176
f 2216 2217 2177
f 2217 2178 2177
f 2217 2218 2178
f 2218 2179 2178
f 2218 2219 2179
f 2219 2180 2179
f 2219 2220 2180
f 2220 2181 2180
f 2220 2221 2181
f 2221 2182 2181
f 2221 2222 2182
f 2222 2183 2182
f 2222 2223 2183
f 2223 2184 2183
f 2223 2224 2184
f 2224 2185 2184
f 2224 2225 2185
f 2225 2186 2185
f 2225 2226 2186
f 2226 2187 2186
f 2226 2227 2187
f 2227 2188 2187
f 2227 2228 2188
f 2228 2189 2188
f 2228 2229 2189
f 2229 2190 2189
f 2229 2230 2190
f 2230 2151 2190
f 2230 2191 2151
f 2231 2192 2191
f 2231 2232 2192
f 2232 2193 2192
f 2232 2233 2193
f 2233 2194 2193
f 2233 2234 2194
f 2234 2195 2194
f 2234 2235 2195
f 2235 2196 2195
f 2235 2236 2196
f 2236 2197 2196
f 2236 2237 2197
f 2237 2198 2197
f 2237 2238 2198
f 2238 2199 2198
f 2238 2239 2199
f 2239 2200 2199
f 2239 2240 2200
f 2240 2201 2200
f 2240 2241 2201
f 2241 2202 2201
f 2241 2242 2202
f 2242 2203 2202
f 2242 2243 2203
f 2243 2204 2203
f 2243 2244 2204
f 2244 2205 2204
f 2244 2245 2205
f 2245 2206 2205
f 2245 2246 2206
f 2246 2207 2206
f 2246 2247 2207
f 2247 2208 2207
f 2247 2248 2208
f 2248 2209 2208
f 2248 2249 2209
f 2249 2210 2209
f 2249 2250 2210
f 2250 2211 2210
f 2250 2251 2211
f 2251 2212 2211
f 2251 2252 2212
f 2252 2213 2212
f 2252 2253 2213
f 2253 2214 2213
f 2253 2254 2214
f 2254 2215 2214
f 2254 2255 2215
f 2255 2216 2215
f 2255 2256 2216
f 2256 2217 2216
f 2256 2257 2217
f 2257 2218 2217
f 2257 2258 2218
f 2258 2219 2218
f 2258 2259 2219
f 2259 2220 2219
f 2259 2260 2220
f 2260 2221 2220
f 2260 2261 2221
f 2261 2222 2221
f 2261 2262 2222
f 2262 2223 2222
f 2262 2263 2223
f 2263 2224 2223
f 2263 2264 2224
f 2264 2225 2224
f 2264 2265 2225
f 2265 2226 2225
f 2265 2266 2226
f 2266 2227 2226
f 2266 2267 2227
f 2267 2228 2227
f 2267 2268 2228
f 2268 2229 2228
f 2268 2269 2229
f 2269 2230 2229
f 2269 2270 2230
f 2270 2191 2230
f 2270 2231 2191
f 2271 2232 2231
f 2271 2272 2232
f 2272 2233 2232
f 2272 2273 2233
f 2273 2234 2233
f 2273 2274 2234
f 2274 2235 2234
f 2274 2275 2235
f 2275 2236 2235
f 2275 2276 2236
f 2276 2237 2236
f 2276 2277 2237
f 2277 2238 2237
f 2277 2278 2238
f 2278 2239 2238
f 2278 2279 2239
f 2279 2240 2239
f 2279 2280 2240
f 2280 2241 2240
f 2280 2281 2241
f 2281 2242 2241
f 2281 2282 2242
f 2282 2243 2242
f 2282 2283 2243
f 2283 2244 2243
f 2283 2284 2244
f 2284 2245 2244
f 2284 2285 2245
f 2285 2246 2245
f 2285 2286 2246
f 2286 2247 2246
f 2286 2287 2247
f 2287 2248 2247
f 2287 2288 2248
f 2288 2249 2248
f 2288 2289 2249
f 2289 2250 2249
f 2289 2290 2250
f 2290 2251 2250
f 2290 2291 2251
f 2291 2252 2251
f 2291 2292 2252
f 2292 2253 2252
f 2292 2293 2253
f 2293 2254 2253
f 2293 2294 2254
f 2294 2255 2254
f 2294 2295 2255
f 2295 2256 2255
f 2295 2296 2256
f 2296 2257 2256
f 2296 2297 2257
f 2297 2258 2257
f 2297 2298 2258
f 2298 2259 2258
f 2298 2299 2259
f 2299 2260 2259
f 2299 2300 2260
f 2300 2261 2260
f 2300 2301 2261
f 2301 2262 2261
f 2301 2302 2262
f 2302 2263 2262
f 2302 2303 2263
f 2303 2264 2263
f 2303 2304 2264
f 2304 2265 2264
f 2304 2305 2265
f 2305 2266 2265
f 2305 2306 2266
f 2306 2267 2266
f 2306 2307 2267
f 2307 2268 2267
f 2307 2308 2268
f 2308 2269 2268
f 2308 2309 2269
f 2309 2270 2269
f 2309 2310 2270
f 2310 2231 2270
f 2310 2271 2231
f 2311 2272 2271
f 2311 2312 2272
f 2312 2273 2272
f 2312 2313 2273
f 2313 2274 2273
f 2313 2314 2274
f 2314 2275 2274
f 2314 2315 2275
f 2315 2276 2275
f 2315 2316 2276
f 2316 2277 2276
f 2316 2317 2277
f 2317 2278 2277
f 2317 2318 2278
f 2318 2279 2278
f 2318 2319 2279
f 2319 2280 2279
f 2319 2320 2280
f 2320 2281 2280
f 2320 2321 2281
f 2321 2282 2281
f 2321 2322 2282
f 2322 2283 2282
f 2322 2323 2283
f 2323 2284 2283
f 2323 2324 2284
f 2324 2285 2284
f 2324 2325 2285
f 2325 2286 2285
f 2325 2326 2286
f 2326 2287 2286
f 2326 2327 2287
f 2327 2288 2287
f 2327 2328 2288
f 2328 2289 2288
f 2328 2329 2289
f 2329 2290 2289
f 2329 2330 2290
f 2330 2291 2290
f 2330 2331 2291
f 2331 2292 2291
f 2331 2332 2292
f 2332 2293 2292
f 2332 2333 2293
f 2333 2294 2293
f 2333 2334 2294
f 2334 2295 2294
f 2334 2335 2295
f 2335 2296 2295
f 2335 2336 2296
f 2336 2297 2296
f 2336 2337 2297
f 2337 2298 2297
f 2337 2338 2298
f 2338 2299 2298
f 2338 2339 2299
f 2339 2300 2299
f 2339 2340 2300
f 2340 2301 2300
f 2340 2341 2301
f 2341 2302 2301
f 2341 2342 2302
f 2342 2303 2302
f 2342 2343 2303
f 2343 2304 2303
f 2343 2344 2304
f 2344 2305 2304
f 2344 2345 2305
f 2345 2306 2305
f 2345 2346 2306
f 2346 2307 2306
f 2346 2347 2307
f 2347 2308 2307
f 2347 2348 2308
f 2348 2309 2308
f 2348 2349 2309
f 2349 2310 2309
f 2349 2350 2310
f 2350 2271 2310
f 2350 2311 2271
f 2351 2312 2311
f 2351 2352 2312
f 2352 2313 2312
f 2352 2353 2313
f 2353 2314 2313
f 2353 2354 2314
f 2354 2315 2314
f 2354 2355 2315
f 2355 2316 2315
f 2355 2356 2316
f 2356 2317 2316
f 2356 2357 2317
f 2357 2318 2317
f 2357 2358 2318
f 2358 2319 2318
f 2358 2359 2319
f 2359 2320 2319
f 2359 2360 2320
f 2360 2321 2320
f 2360 2361 2321
f 2361 2322 2321
f 2361 2362 2322
f 2362 2323 2322
f 2362 2363 2323
f 2363 2324 2323
f 2363 2364 2324
f 2364 2325 2324
f 2364 2365 2325
f 2365 2326 2325
f 2365 2366 2326
f 2366 2327 2326
f 2366 2367 2327
f 2367 2328 2327
f 2367 2368 2328
f 2368 2329 2328
f 2368 2369 2329
f 2369 2330 2329
f 2369 2370 2330
f 2370 2331 2330
f 2370 2371 2331
f 2371 2332 2331
f 2371 2372 2332
f 2372 2333 2332
f 2372 2373 2333
f 2373 2334 2333
f 2373 2374 2334
f 2374 2335 2334
f 2374 2375 2335
f 2375 2336 2335
f 2375 2376 2336
f 2376 2337 2336
f 2376 2377 2337
f 2377 2338 2337
f 2377 2378 2338
f 2378 2339 2338
f 2378 2379 2339
f 2379 2340 2339
f 2379 2380 2340
f 2380 2341 2340
f 2380 2381 2341
f 2381 2342 2341
f 2381 2382 2342
f 2382 2343 2342
f 2382 2383 2343
f 2383 2344 2343
f 2383 2384 2344
f 2384 2345 2344
f 2384 2385 2345
f 2385 2346 2345
f 2385 2386 2346
f 2386 2347 2346
f 2386 2387 2347
f 2387 2348 2347
f 2387 2388 2348
f 2388 2349 2348
f 2388 2389 2349
f 2389 2350 2349
f 2389 2390 2350
f 2390 2311 2350
f 2390 2351 2311
f 2391 2352 2351
f 2391 2392 2352
f 2392 2353 2352
f 2392 2393 2353
f 2393 2354 2353
f 2393 2394 2354
f 2394 2355 2354
f 2394 2395 2355
f 2395 2356 2355
f 2395 2396 2356
f 2396 2357 2356
f 2396 2397 2357
f 2397 2358 2357
f 2397 2398 2358
f 2398 2359 2358
f 2398 2399 2359
f 2399 2360 2359
f 2399 2400 2360
f 2400 2361 2360
f 2400 2401 2361
f 2401 2362 2361
f 2401 2402 2362
f 2402 2363 2362
f 2402 2403 2363
f 2403 2364 2363
f 2403 2404 2364
f 2404 2365 2364
f 2404 2405 2365
f 2405 2366 2365
f 2405 2406 2366
f 2406 2367 2366
f 2406 2407 2367
f 2407 2368 2367
f 2407 2408 2368
f 2408 2369 2368
f 2408 2409 2369
f 2409 2370 2369
f 2409 2410 2370
f 2410 2371 2370
f 2410 2411 2371
f 2411 2372 2371
f 2411 2412 2372
f 2412 2373 2372
f 2412 2413 2373
f 2413 2374 2373
f 2413 2414 2374
f 2414 2375 2374
f 2414 2415 2375
f 2415 2376 2375
f 2415 2416 2376
f 2416 2377 2376
f 2416 2417 2377
f 2417 2378 2377
f 2417 2418 2378
f 2418 2379 2378
f 2418 2419 2379
f 2419 2380 2379
f 2419 2420 2380
f 2420 2381 2380
f 2420 2421 2381
f 2421 2382 2381
f 2421 2422 2382
f 2422 2383 2382
f 2422 2423 2383
f 2423 2384 2383
f 2423 2424 2384
f 2424 2385 2384
f 2424 2425 2385
f 2425 2386 2385
f 2425 2426 2386
f 2426 2387 2386
f 2426 2427 2387
f 2427 2388 2387
f 2427 2428 2388
f 2428 2389 2388
f 2428 2429 2389
f 2429 2390 2389
f 2429 2430 2390
f 2430 2351 2390
f 2430 2391 2351
f 2431 2392 2391
f 2431 2432 2392
f 2432 2393 2392
f 2432 2433 2393
f 2433 2394 2393
f 2433 2434 2394
f 2434 2395 2394
f 2434 2435 2395
f 2435 2396 2395
f 2435 2436 2396
f 2436 2397 2396
f 2436 2437 2397
f 2437 2398 2397
f 2437 2438 2398
f 2438 2399 2398
f 2438 2439 2399
f 2439 2400 2399
f 2439 2440 2400
f 2440 2401 2400
f 2440 2441 2401
f 2441 2402 2401
f 2441 2442 2402
f 2442 2403 2402
f 2442 2443 2403
f 2443 2404 2403
f 2443 2444 2404
f 2444 2405 2404
f 2444 2445 2405
f 2445 2406 2405
f 2445 2446 2406
f 2446 2407 2406
f 2446 2447 2407
f 2447 2408 2407
f 2447 2448 2408
f 2448 2409 2408
f 2448 2449 2409
f 2449 2410 2409
f 2449 2450 2410
f 2450 2411 2410
f 2450 2451 2411
f 2451 2412 2411
f 2451 2452 2412
f 2452 2413 2412
f 2452 2453 2413
f 2453 2414 2413
f 2453 2454 2414
f 2454 2415 2414
f 2454 2455 2415
f 2455 2416 2415
f 2455 2456 2416
f 2456 2417 2416
f 2456 2457 2417
f 2457 2418 2417
f 2457 2458 2418
f 2458 2419 2418
f 2458 2459 2419
f 2459 2420 2419
f 2459 2460 2420
f 2460 2421 2420
f 2460 2461 2421
f 2461 2422 2421
f 2461 2462 2422
f 2462 2423 2422
f 2462 2463 2423
f 2463 2424 2423
f 2463 2464 2424
f 2464 2425 2424
f 2464 2465 2425
f 2465 2426 2425
f 2465 2466 2426
f 2466 2427 2426
f 2466 2467 2427
f 2467 2428 2427
f 2467 2468 2428
f 2468 2429 2428
f 2468 2469 2429
f 2469 2430 2429
f 2469 2470 2430
f 2470 2391 2430
f 2470 2431 2391
f 2471 2432 2431
f 2471 2472 2432
f 2472 2433 2432
f 2472 2473 2433
f 2473 2434 2433
f 2473 2474 2434
f 2474 2435 2434
f 2474 2475 2435
f 2475 2436 2435
f 2475 2476 2436
f 2476 2437 2436
f 2476 2477 2437
f 2477 2438 2437
f 2477 2478 2438
f 2478 2439 2438
f 2478 2479 2439
f 2479 2440 2439
f 2479 2480 2440
f 2480 2441 2440
f 2480 2481 2441
f 2481 2442 2441
f 2481 2482 2442
f 2482 2443 2442
f 2482 2483 2443
f 2483 2444 2443
f 2483 2484 2444
f 2484 2445 2444
f 2484 2485 2445
f 2485 2446 2445
f 2485 2486 2446
f 2486 2447 2446
f 2486 2487 2447
f 2487 2448 2447
f 2487 2488 2448
f 2488 2449 2448
f 2488 2489 2449
f 2489 2450 2449
f 2489 2490 2450
f 2490 2451 2450
f 2490 2491 2451
f 2491 2452 2451
f 2491 2492 2452
f 2492 2453 2452
f 2492 2493 2453
f 2493 2454 2453
f 2493 2494 2454
f 2494 2455 2454
f 2494 2495 2455
f 2495 2456 2455
f 2495 2496 2456
f 2496 2457 2456
f 2496 2497 2457
f 2497 2458 2457
f 2497 2498 2458
f 2498 2459 2458
f 2498 2499 2459
f 2499 2460 2459
f 2499 2500 2460
f 2500 2461 2460
f 2500 2501 2461
f 2501 2462 2461
f 2501 2502 2462
f 2502 2463 2462
f 2502 2503 2463
f 2503 2464 2463
f 2503 2504 2464
f 2504 2465 2464
f 2504 2505 2465
f 2505 2466 2465
f 2505 2506 2466
f 2506 2467 2466
f 2506 2507 2467
f 2507 2468 2467
f 2507 2508 2468
f 2508 2469 2468
f 2508 2509 2469
f 2509 2470 2469
f 2509 2510 2470
f 2510 2431 2470
f 2510 2471 2431
f 2511 2472 2471
f 2511 2512 2472
f 2512 2473 2472
f 2512 2513 2473
f 2513 2474 2473
f 2513 2514 2474
f 2514 2475 2474
f 2514 2515 2475
f 2515 2476 2475
f 2515 2516 2476
f 2516 2477 2476
f 2516 2517 2477
f 2517 2478 2477
f 2517 2518 2478
f 2518 2479 2478
f 2518 2519 2479
f 2519 2480 2479
f 2519 2520 2480
f 2520 2481 2480
f 2520 2521 2481
f 2521 2482 2481
f 2521 2522 2482
f 2522 2483 2482
f 2522 2523 2483
f 2523 2484 2483
f 2523 2524 2484
f 2524 2485 2484
f 2524 2525 2485
f 2525 2486 2485
f 2525 2526 2486
f 2526 2487 2486
f 2526 2527 2487
f 2527 2488 2487
f 2527 2528 2488
f 2528 2489 2488
f 2528 2529 2489
f 2529 2490 2489
f 2529 2530 2490
f 2530 2491 2490
f 2530 2531 2491
f 2531 2492 2491
f 2531 2532 2492
f 2532 2493 2492
f 2532 2533 2493
f 2533 2494 2493
f 2533 2534 2494
f 2534 2495 2494
f 2534 2535 2495
f 2535 2496 2495
f 2535 2536 2496
f 2536 2497 2496
f 2536 2537 2497
f 2537 2498 2497
f 2537 2538 2498
f 2538 2499 2498
f 2538 2539 2499
f 2539 2500 2499
f 2539 2540 2500
f 2540 2501 2500
f 2540 2541 2501
f 2541 2502 2501
f 2541 2542 2502
f 2542 2503 2502
f 2542 2543 2503
f 2543 2504 2503
f 2543 2544 2504
f 2544 2505 2504
f 2544 2545 2505
f 2545 2506 2505
f 2545 2546 2506
f 2546 2507 2506
f 2546 2547 2507
f 2547 2508 2507
f 2547 2548 2508
f 2548 2509 2508
f 2548 2549 2509
f 2549 2510 2509
f 2549 2550 2510
f 2550 2471 2510
f 2550 2511 2471
f 2551 2512 2511
f 2551 2552 2512
f 2552 2513 2512
f 2552 2553 2513
f 2553 2514 2513
f 2553 2554 2514
f 2554 2515 2514
f 2554 2555 2515
f 2555 2516 2515
f 2555 2556 2516
f 2556 2517 2516
f 2556 2557 2517
f 2557 2518 2517
f 2557 2558 2518
f 2558 2519 2518
f 2558 2559 2519
f 2559 2520 2519
f 2559 2560 2520
f 2560 2521 2520
f 2560 2561 2521
f 2561 2522 2521
f 2561 2562 2522
f 2562 2523 2522
f 2562 2563 2523
f 2563 2524 2523
f 2563 2564 2524
f 2564 2525 2524
f 2564 2565 2525
f 2565 2526 2525
f 2565 2566 2526
f 2566 2527 2526
f 2566 2567 2527
f 2567 2528 2527
f 2567 2568 2528
f 2568 2529 2528
f 2568 2569 2529
f 2569 2530 2529
f 2569 2570 2530
f 2570 2531 2530
f 2570 2571 2531
f 2571 2532 2531
f 2571 2572 2532
f 2572 2533 2532
f 2572 2573 2533
f 2573 2534 2533
f 2573 2574 2534
f 2574 2535 2534
f 2574 2575 2535
f 2575 2536 2535
f 2575 2576 2536
f 2576 2537 2536
f 2576 2577 2537
f 2577 2538 2537
f 2577 2578 2538
f 2578 2539 2538
f 2578 2579 2539
f 2579 2540 2539
f 2579 2580 2540
f 2580 2541 2540
f 2580 2581 2541
f 2581 2542 2541
f 2581 2582 2542
f 2582 2543 2542
f 2582 2583 2543
f 2583 2544 2543
f 2583 2584 2544
f 2584 2545 2544
f 2584 2585 2545
f 2585 2546 2545
f 2585 2586 2546
f 2586 2547 2546
f 2586 2587 2547
f 2587 2548 2547
f 2587 2588 2548
f 2588 2549 2548
f 2588 2589 2549
f 2589 2550 2549
f 2589 2590 2550
f 2590 2511 2550
f 2590 2551 2511
f 2591 2552 2551
f 2591 2592 2552
f 2592 2553 2552
f 2592 2593 2553
f 2593 2554 2553
f 2593 2594 2554
f 2594 2555 2554
f 2594 2595 2555
f 2595 2556 2555
f 2595 2596 2556
f 2596 2557 2556
f 2596 2597 2557
f 2597 2558 2557
f 2597 2598 2558
f 2598 2559 2558
f 2598 2599 2559
f 2599 2560 2559
f 2599 2600 2560
f 2600 2561 2560
f 2600 2601 2561
f 2601 2562 2561
f 2601 2602 2562
f 2602 2563 2562
f 2602 2603 2563
f 2603 2564 2563
f 2603 2604 2564
f 2604 2565 2564
f 2604 2605 2565
f 2605 2566 2565
f 2605 2606 2566
f 2606 2567 2566
f 2606 2607 2567
f 2607 2568 2567
f 2607 2608 2568
f 2608 2569 2568
f 2608 2609 2569
f 2609 2570 2569
f 2609 2610 2570
f 2610 2571 2570
f 2610 2611 2571
f 2611 2572 2571
f 2611 2612 2572
f 2612 2573 2572
f 2612 2613 2573
f 2613 2574 2573
f 2613 2614 2574
f 2614 2575 2574
f 2614 2615 2575
f 2615 2576 2575
f 2615 2616 2576
f 2616 2577 2576
f 2616 2617 2577
f 2617 2578 2577
f 2617 2618 2578
f 2618 2579 2578
f 2618 2619 2579
f 2619 2580 2579
f 2619 2620 2580
f 2620 2581 2580
f 2620 2621 2581
f 2621 2582 2581
f 2621 2622 2582
f 2622 2583 2582
f 2622 2623 2583
f 2623 2584 2583
f 2623 2624 2584
f 2624 2585 2584
f 2624 2625 2585
f 2625 2586 2585
f 2625 2626 2586
f 2626 2587 2586
f 2626 2627 2587
f 2627 2588 2587
f 2627 2628 2588
f 2628 2589 2588
f 2628 2629 2589
f 2629 2590 2589
f 2629 2630 2590
f 2630 2551 2590
f 2630 2591 2551
f 2631 2592 2591
f 2631 2632 2592
f 2632 2593 2592
f 2632 2633 2593
f 2633 2594 2593
f 2633 2634 2594
f 2634 2595 2594
f 2634 2635 2595
f 2635 2596 2595
f 2635 2636 2596
f 2636 2597 2596
f 2636 2637 2597
f 2637 2598 2597
f 2637 2638 2598
f 2638 2599 2598
f 2638 2639 2599
f 2639 2600 2599
f 2639 2640 2600
f 2640 2601 2600
f 2640 2641 2601
f 2641 2602 2601
f 2641 2642 2602
f 2642 2603 2602
f 2642 2643 2603
f 2643 2604 2603
f 2643 2644 2604
f 2644 2605 2604
f 2644 2645 2605
f 2645 2606 2605
f 2645 2646 2606
f 2646 2607 2606
f 2646 2647 2607
f 2647 2608 2607
f 2647 2648 2608
f 2648 2609 2608
f 2648 2649 2609
f 2649 2610 2609
f 2649 2650 2610
f 2650 2611 2610
f 2650 2651 2611
f 2651 2612 2611
f 2651 2652 2612
f 2652 2613 2612
f 2652 2653 2613
f 2653 2614 2613
f 2653 2654 2614
f 2654 2615 2614
f 2654 2655 2615
f 2655 2616 2615
f 2655 2656 2616
f 2656 2617 2616
f 2656 2657 2617
f 2657 2618 2617
f 2657 2658 2618
f 2658 2619 2618
f 2658 2659 2619
f 2659 2620 2619
f 2659 2660 2620
f 2660 2621 2620
f 2660 2661 2621
f 2661 2622 2621
f 2661 2662 2622
f 2662 2623 2622
f 2662 2663 2623
f 2663 2624 2623
f 2663 2664 2624
f 2664 2625 2624
f 2664 2665 2625
f 2665 2626 2625
f 2665 2666 2626
f 2666 2627 2626
f 2666 2667 2627
f 2667 2628 2627
f 2667 2668 2628
f 2668 2629 2628
f 2668 2669 2629
f 2669 2630 2629
f 2669 2670 2630
f 2670 2591 2630
f 2670 2631 2591
f 2671 2632 2631
f 2671 2672 2632
f 2672 2633 2632
f 2672 2673 2633
f 2673 2634 2633
f 2673 2674 2634
f 2674 2635 2634
f 2674 2675 2635
f 2675 2636 2635
f 2675 2676 2636
f 2676 2637 2636
f 2676 2677 2637
f 2677 2638 2637
f 2677 2678 2638
f 2678 2639 2638
f 2678 2679 2639
f 2679 2640 2639
f 2679 2680 2640
f 2680 2641 2640
f 2680 2681 2641
f 2681 2642 2641
f 2681 2682 2642
f 2682 2643 2642
f 2682 2683 2643
f 2683 2644 2643
f 2683 2684 2644
f 2684 2645 2644
f 2684 2685 2645
f 2685 2646 2645
f 2685 2686 2646
f 2686 2647 2646
f 2686 2687 2647
f 2687 2648 2647
f 2687 2688 2648
f 2688 2649 2648
f 2688 2689 2649
f 2689 2650 2649
f 2689 2690 2650
f 2690 2651 2650
f 2690 2691 2651
f 2691 2652 2651
f 2691 2692 2652
f 2692 2653 2652
f 2692 2693 2653
f 2693 2654 2653
f 2693 2694 2654
f 2694 2655 2654
f 2694 2695 2655
f 2695 2656 2655
f 2695 2696 2656
f 2696 2657 2656
f 2696 2697 2657
f 2697 2658 2657
f 2697 2698 2658
f 2698 2659 2658
f 2698 2699 2659
f 2699 2660 2659
f 2699 2700 2660
f 2700 2661 2660
f 2700 2701 2661
f 2701 2662 2661
f 2701 2702 2662
f 2702 2663 2662
f 2702 2703 2663
f 2703 2664 2663
f 2703 2704 2664
f 2704 2665 2664
f 2704 2705 2665
f 2705 2666 2665
f 2705 2706 2666
f 2706 2667 2666
f 2706 2707 2667
f 2707 2668 2667
f 2707 2708 2668
f 2708 2669 2668
f 2708 2709 2669
f 2709 2670 2669
f 2709 2710 2670
f 2710 2631 2670
f 2710 2671 2631
f 2711 2672 2671
f 2711 2712 2672
f 2712 2673 2672
f 2712 2713 2673
f 2713 2674 2673
f 2713 2714 2674
f 2714 2675 2674
f 2714 2715 2675
f 2715 2676 2675
f 2715 2716 2676
f 2716 2677 2676
f 2716 2717 2677
f 2717 2678 2677
f 2717 2718 2678
f 2718 2679 2678
f 2718 2719 2679
f 2719 2680 2679
f 2719 2720 2680
f 2720 2681 2680
f 2720 2721 2681
f 2721 2682 2681
f 2721 2722 2682
f 2722 2683 2682
f 2722 2723 2683
f 2723 2684 2683
f 2723 2724 2684
f 2724 2685 2684
f 2724 2725 2685
f 2725 2686 2685
f 2725 2726 2686
f 2726 2687 2686
f 2726 2727 2687
f 2727 2688 2687
f 2727 2728 2688
f 2728 2689 2688
f 2728 2729 2689
f 2729 2690 2689
f 2729 2730 2690
f 2730 2691 2690
f 2730 2731 2691
f 2731 2692 2691
f 2731 2732 2692
f 2732 2693 2692
f 2732 2733 2693
f 2733 2694 2693
f 2733 2734 2694
f 2734 2695 2694
f 2734 2735 2695
f 2735 2696 2695
f 2735 2736 2696
f 2736 2697 2696
f 2736 2737 2697
f 2737 2698 2697
f 2737 2738 2698
f 2738 2699 2698
f 2738 2739 2699
f 2739 2700 2699
f 2739 2740 2700
f 2740 2701 2700
f 2740 2741 2701
f 2741 2702 2701
f 2741 2742 2702
f 2742 2703 2702
f 2742 2743 2703
f 2743 2704 2703
f 2743 2744 2704
f 2744 2705 2704
f 2744 2745 2705
f 2745 2706 2705
f 2745 2746 2706
f 2746 2707 2706
f 2746 2747 2707
f 2747 2708 2707
f 2747 2748 2708
f 2748 2709 2708
f 2748 2749 2709
f 2749 2710 2709
f 2749 2750 2710
f 2750 2671 2710
f 2750 2711 2671
f 2751 2712 2711
f 2751 2752 2712
f 2752 2713 2712
f 2752 2753 2713
f 2753 2714 2713
f 2753 2754 2714
f 2754 2715 2714
f 2754 2755 2715
f 2755 2716 2715
f 2755 2756 2716
f 2756 2717 2716
f 2756 2757 2717
f 2757 2718 2717
f 2757 2758 2718
f 2758 2719 2718
f 2758 2759 2719
f 2759 2720 2719
f 2759 2760 2720
f 2760 2721 2720
f 2760 2761 2721
f 2761 2722 2721
f 2761 2762 2722
f 2762 2723 2722
f 2762 2763 2723
f 2763 2724 2723
f 2763 2764 2724
f 2764 2725 2724
f 2764 2765 2725
f 2765 2726 2725
f 2765 2766 2726
f 2766 2727 2726
f 2766 2767 2727
f 2767 2728 2727
f 2767 2768 2728
f 2768 2729 2728
f 2768 2769 2729
f 2769 2730 2729
f 2769 2770 2730
f 2770 2731 2730
f 2770 2771 2731
f 2771 2732 2731
f 2771 2772 2732
f 2772 2733 2732
f 2772 2773 2733
f 2773 2734 2733
f 2773 2774 2734
f 2774 2735 2734
f 2774 2775 2735
f 2775 2736 2735
f 2775 2776 2736
f 2776 2737 2736
f 2776 2777 2737
f 2777 2738 2737
f 2777 2778 2738
f 2778 2739 2738
f 2778 2779 2739
f 2779 2740 2739
f 2779 2780 2740
f 2780 2741 2740
f 2780 2781 2741
f 2781 2742 2741
f 2781 2782 2742
f 2782 2743 2742
f 2782 2783 2743
f 2783 2744 2743
f 2783 2784 2744
f 2784 2745 2744
f 2784 2785 2745
f 2785 2746 2745
f 2785 2786 2746
f 2786 2747 2746
f 2786 2787 2747
f 2787 2748 2747
f 2787 2788 2748
f 2788 2749 2748
f 2788 2789 2749
f 2789 2750 2749
f 2789 2790 2750
f 2790 2711 2750
f 2790 2751 2711
f 2791 2793 2794
f 2792 3514 3513
f 2791 2794 2795
f 2792 3515 3514
f 2791 2795 2796
f 2792 3516 3515
f 2791 2796 2797
f 2792 3517 3516
f 2791 2797 2798
f 2792 3518 3517
f 2791 2798 2799
f 2792 3519 3518
f 2791 2799 2800
f 2792 3520 3519
f 2791 2800 2801
f 2792 3521 3520
f 2791 2801 2802
f 2792 3522 3521
f 2791 2802 2803
f 2792 3523 3522
f 2791 2803 2804
f 2792 3524 3523
f 2791 2804 2805
f 2792 3525 3524
f 2791 2805 2806
f 2792 3526 3525
f 2791 2806 2807
f 2792 3527 3526
f 2791 2807 2808
f 2792 3528 3527
f 2791 2808 2809
f 2792 3529 3528
f 2791 2809 2810
f 2792 3530 3529
f 2791 2810 2811
f 2792 3531 3530
f 2791 2811 2812
f 2792 3532 3531
f 2791 2812 2813
f 2792 3533 3532
f 2791 2813 2814
f 2792 3534 3533
f 2791 2814 2815
f 2792 3535 3534
f 2791 2815 2816
f 2792 3536 3535
f 2791 2816 2817
f 2792 3537 3536
f 2791 2817 2818
f 2792 3538 3537
f 2791 2818 2819
f 2792 3539 3538
f 2791 2819 2820
f 2792 3540 3539
f 2791 2820 2821
f 2792 3541 3540
f 2791 2821 2822
f 2792 3542 3541
f 2791 2822 2823
f 2792 3543 3542
f 2791 2823 2824
f 2792 3544 3543
f 2791 2824 2825
f 2792 3545 3544
f 2791 2825 2826
f 2792 3546 3545
f 2791 2826 2827
f 2792 3547 3546
f 2791 2827 2828
f 2792 3548 3547
f 2791 2828 2829
f 2792 3549 3548
f 2791 2829 2830
f 2792 3550 3549
f 2791 2830 2831
f 2792 3551 3550
f 2791 2831 2832
f 2792 3552 3551
f 2791 2832 2793
f 2792 3513 3552
f 2833 2794 2793
f 2833 2834 2794
f 2834 2795 2794
f 2834 2835 2795
f 2835 2796 2795
f 2835 2836 2796
f 2836 2797 2796
f 2836 2837 2797
f 2837 2798 2797
f 2837 2838 2798
f 2838 2799 2798
f 2838 2839 2799
f 2839 2800 2799
f 2839 2840 2800
f 2840 2801 2800
f 2840 2841 2801
f 2841 2802 2801
f 2841 2842 2802
f 2842 2803 2802
f 2842 2843 2803
f 2843 2804 2803
f 2843 2844 2804
f 2844 2805 2804
f 2844 2845 2805
f 2845 2806 2805
f 2845 2846 2806
f 2846 2807 2806
f 2846 2847 2807
f 2847 2808 2807
f 2847 2848 2808
f 2848 2809 2808
f 2848 2849 2809
f 2849 2810 2809
f 2849 2850 2810
f 2850 2811 2810
f 2850 2851 2811
f 2851 2812 2811
f 2851 2852 2812
f 2852 2813 2812
f 2852 2853 2813
f 2853 2814 2813
f 2853 2854 2814
f 2854 2815 2814
f 2854 2855 2815
f 2855 2816 2815
f 2855 2856 2816
f 2856 2817 2816
f 2856 2857 2817
f 2857 2818 2817
f 2857 2858 2818
f 2858 2819 2818
f 2858 2859 2819
f 2859 2820 2819
f 2859 2860 2820
f 2860 2821 2820
f 2860 2861 2821
f 2861 2822 2821
f 2861 2862 2822
f 2862 2823 2822
f 2862 2863 2823
f 2863 2824 2823
f 2863 2864 2824
f 2864 2825 2824
f 2864 2865 2825
f 2865 2826 2825
f 2865 2866 2826
f 2866 2827 2826
f 2866 2867 2827
f 2867 2828 2827
f 2867 2868 2828
f 2868 2829 2828
f 2868 2869 2829
f 2869 2830 2829
f 2869 2870 2830
f 2870 2831 2830
f 2870 2871 2831
f 2871 2832 2831
f 2871 2872 2832
f 2872 2793 2832
f 2872 2833 2793
f 2873 2834 2833
f 2873 2874 2834
f 2874 2835 2834
f 2874 2875 2835
f 2875 2836 2835
f 2875 2876 2836
f 2876 2837 2836
f 2876 2877 2837
f 2877 2838 2837
f 2877 2878 2838
f 2878 2839 2838
f 2878 2879 2839
f 2879 2840 2839
f 2879 2880 2840
f 2880 2841 2840
f 2880 2881 2841
f 2881 2842 2841
f 2881 2882 2842
f 2882 2843 2842
f 2882 2883 2843
f 2883 2844 2843
f 2883 2884 2844
f 2884 2845 2844
f 2884 2885 2845
f 2885 2846 2845
f 2885 2886 2846
f 2886 2847 2846
f 2886 2887 2847
f 2887 2848 2847
f 2887 2888 2848
f 2888 2849 2848
f 2888 2889 2849
f 2889 2850 2849
f 2889 2890 2850
f 2890 2851 2850
f 2890 2891 2851
f 2891 2852 2851
f 2891 2892 2852
f 2892 2853 2852
f 2892 2893 2853
f 2893 2854 2853
f 2893 2894 2854
f 2894 2855 2854
f 2894 2895 2855
f 2895 2856 2855
f 2895 2896 2856
f 2896 2857 2856
f 2896 2897 2857
f 2897 2858 2857
f 2897 2898 2858
f 2898 2859 2858
f 2898 2899 2859
f 2899 2860 2859
f 2899 2900 2860
f 2900 2861 2860
f 2900 2901 2861
f 2901 2862 2861
f 2901 2902 2862
f 2902 2863 2862
f 2902 2903 2863
f 2903 2864 2863
f 2903 2904 2864
f 2904 2865 2864
f 2904 2905 2865
f 2905 2866 2865
f 2905 2906 2866
f 2906 2867 2866
f 2906 2907 2867
f 2907 2868 2867
f 2907 2908 2868
f 2908 2869 2868
f 2908 2909 2869
f 2909 2870 2869
f 2909 2910 2870
f 2910 2871 2870
f 2910 2911 2871
f 2911 2872 2871
f 2911 2912 2872
f 2912 2833 2872
f 2912 2873 2833
f 2913 2874 2873
f 2913 2914 2874
f 2914 2875 2874
f 2914 2915 2875
f 2915 2876 2875
f 2915 2916 2876
f 2916 2877 2876
f 2916 2917 2877
f 2917 2878 2877
f 2917 2918 2878
f 2918 2879 2878
f 2918 2919 2879
f 2919 2880 2879
f 2919 2920 2880
f 2920 2881 2880
f 2920 2921 2881
f 2921 2882 2881
f 2921 2922 2882
f 2922 2883 2882
f 2922 2923 2883
f 2923 2884 2883
f 2923 2924 2884
f 2924 2885 2884
f 2924 2925 2885
f 2925 2886 2885
f 2925 2926 2886
f 2926 2887 2886
f 2926 2927 2887
f 2927 2888 2887
f 2927 2928 2888
f 2928 2889 2888
f 2928 2929 2889
f 2929 2890 2889
f 2929 2930 2890
f 2930 2891 2890
f 2930 2931 2891
f 2931 2892 2891
f 2931 2932 2892
f 2932 2893 2892
f 2932 2933 2893
f 2933 2894 2893
f 2933 2934 2894
f 2934 2895 2894
f 2934 2935 2895
f 2935 2896 2895
f 2935 2936 2896
f 2936 2897 2896
f 2936 2937 2897
f 2937 2898 2897
f 2937 2938 2898
f 2938 2899 2898
f 2938 2939 2899
f 2939 2900 2899
f 2939 2940 2900
f 2940 2901 2900
f 2940 2941 2901
f 2941 2902 2901
f 2941 2942 2902
f 2942 2903 2902
f 2942 2943 2903
f 2943 2904 2903
f 2943 2944 2904
f 2944 2905 2904
f 2944 2945 2905
f 2945 2906 2905
f 2945 2946 2906
f 2946 2907 2906
f 2946 2947 2907
f 2947 2908 2907
f 2947 2948 2908
f 2948 2909 2908
f 2948 2949 2909
f 2949 2910 2909
f 2949 2950 2910
f 2950 2911 2910
f 2950 2951 2911
f 2951 2912 2911
f 2951 2952 2912
f 2952 2873 2912
f 2952 2913 2873
f 2953 2914 2913
f 2953 2954 2914
f 2954 2915 2914
f 2954 2955 2915
f 2955 2916 2915
f 2955 2956 2916
f 2956 2917 2916
f 2956 2957 2917
f 2957 2918 2917
f 2957 2958 2918
f 2958 2919 2918
f 2958 2959 2919
f 2959 2920 2919
f 2959 2960 2920
f 2960 2921 2920
f 2960 2961 2921
f 2961 2922 2921
f 2961 2962 2922
f 2962 2923 2922
f 2962 2963 2923
f 2963 2924 2923
f 2963 2964 2924
f 2964 2925 2924
f 2964 2965 2925
f 2965 2926 2925
f 2965 2966 2926
f 2966 2927 2926
f 2966 2967 2927
f 2967 2928 2927
f 2967 2968 2928
f 2968 2929 2928
f 2968 2969 2929
f 2969 2930 2929
f 2969 2970 2930
f 2970 2931 2930
f 2970 2971 2931
f 2971 2932 2931
f 2971 2972 2932
f 2972 2933 2932
f 2972 2973 2933
f 2973 2934 2933
f 2973 2974 2934
f 2974 2935 2934
f 2974 2975 2935
f 2975 2936 2935
f 2975 2976 2936
f 2976 2937 2936
f 2976 2977 2937
f 2977 2938 2937
f 2977 2978 2938
f 2978 2939 2938
f 2978 2979 2939
f 2979 2940 2939
f 2979 2980 2940
f 2980 2941 2940
f 2980 2981 2941
f 2981 2942 2941
f 2981 2982 2942
f 2982 2943 2942
f 2982 2983 2943
f 2983 2944 2943
f 2983 2984 2944
f 2984 2945 2944
f 2984 2985 2945
f 2985 2946 2945
f 2985 2986 2946
f 2986 2947 2946
f 2986 2987 2947
f 2987 2948 2947
f 2987 2988 2948
f 2988 2949 2948
f 2988 2989 2949
f 2989 2950 2949
f 2989 2990 2950
f 2990 2951 2950
f 2990 2991 2951
f 2991 2952 2951
f 2991 2992 2952
f 2992 2913 2952
f 2992 2953 2913
f 2993 2954 2953
f 2993 2994 2954
f 2994 2955 2954
f 2994 2995 2955
f 2995 2956 2955
f 2995 2996 2956
f 2996 2957 2956
f 2996 2997 2957
f 2997 2958 2957
f 2997 2998 2958
f 2998 2959 2958
f 2998 2999 2959
f 2999 2960 2959
f 2999 3000 2960
f 3000 2961 2960
f 3000 3001 2961
f 3001 2962 2961
f 3001 3002 2962
f 3002 2963 2962
f 3002 3003 2963
f 3003 2964 2963
f 3003 3004 2964
f 3004 2965 2964
f 3004 3005 2965
f 3005 2966 2965
f 3005 3006 2966
f 3006 2967 2966
f 3006 3007 2967
f 3007 2968 2967
f 3007 3008 2968
f 3008 2969 2968
f 3008 3009 2969
f 3009 2970 2969
f 3009 3010 2970
f 3010 2971 2970
f 3010 3011 2971
f 3011 2972 2971
f 3011 3012 2972
f 3012 2973 2972
f 3012 3013 2973
f 3013 2974 2973
f 3013 3014 2974
f 3014 2975 2974
f 3014 3015 2975
f 3015 2976 2975
f 3015 3016 2976
f 3016 2977 2976
f 3016 3017 2977
f 3017 2978 2977
f 3017 3018 2978
f 3018 2979 2978
f 3018 3019 2979
f 3019 2980 2979
f 3019 3020 2980
f 3020 2981 2980
f 3020 3021 2981
f 3021 2982 2981
f 3021 3022 2982
f 3022 2983 2982
f 3022 3023 2983
f 3023 2984 2983
f 3023 3024 2984
f 3024 2985 2984
f 3024 3025 2985
f 3025 2986 2985
f 3025 3026 2986
f 3026 2987 2986
f 3026 3027 2987
f 3027 2988 2987
f 3027 3028 2988
f 3028 2989 2988
f 3028 3029 2989
f 3029 2990 2989
f 3029 3030 2990
f 3030 2991 2990
f 3030 3031 2991
f 3031 2992 2991
f 3031 3032 2992
f 3032 2953 2992
f 3032 2993 2953
f 3033 2994 2993
f 3033 3034 2994
f 3034 2995 2994
f 3034 3035 2995
f 3035 2996 2995
f 3035 3036 2996
f 3036 2997 2996
f 3036 3037 2997
f 3037 2998 2997
f 3037 3038 2998
f 3038 2999 2998
f 3038 3039 2999
f 3039 3000 2999
f 3039 3040 3000
f 3040 3001 3000
f 3040 3041 3001
f 3041 3002 3001
f 3041 3042 3002
f 3042 3003 3002
f 3042 3043 3003
f 3043 3004 3003
f 3043 3044 3004
f 3044 3005 3004
f 3044 3045 3005
f 3045 3006 3005
f 3045 3046 3006
f 3046 3007 3006
f 3046 3047 3007
f 3047 3008 3007
f 3047 3048 3008
f 3048 3009 3008
f 3048 3049 3009
f 3049 3010 3009
f 3049 3050 3010
f 3050 3011 3010
f 3050 3051 3011
f 3051 3012 3011
f 3051 3052 3012
f 3052 3013 3012
f 3052 3053 3013
f 3053 3014 3013
f 3053 3054 3014
f 3054 3015 3014
f 3054 3055 3015
f 3055 3016 3015
f 3055 3056 3016
f 3056 3017 3016
f 3056 3057 3017
f 3057 3018 3017
f 3057 3058 3018
f 3058 3019 3018
f 3058 3059 3019
f 3059 3020 3019
f 3059 3060 3020
f 3060 3021 3020
f 3060 3061 3021
f 3061 3022 3021
f 3061 3062 3022
f 3062 3023 3022
f 3062 3063 3023
f 3063 3024 3023
f 3063 3064 3024
f 3064 3025 3024
f 3064 3065 3025
f 3065 3026 3025
f 3065 3066 3026
f 3066 3027 3026
f 3066 3067 3027
f 3067 3028 3027
f 3067 3068 3028
f 3068 3029 3028
f 3068 3069 3029
f 3069 3030 3029
f 3069 3070 3030
f 3070 3031 3030
f 3070 3071 3031
f 3071 3032 3031
f 3071 3072 3032
f 3072 2993 3032
f 3072 3033 2993
f 3073 3034 3033
f 3073 3074 3034
f 3074 3035 3034
f 3074 3075 3035
f 3075 3036 3035
f 3075 3076 3036
f 3076 3037 3036
f 3076 3077 3037
f 3077 3038 3037
f 3077 3078 3038
f 3078 3039 3038
f 3078 3079 3039
f 3079 3040 3039
f 3079 3080 3040
f 3080 3041 3040
f 3080 3081 3041
f 3081 3042 3041
f 3081 3082 3042
f 3082 3043 3042
f 3082 3083 3043
f 3083 3044 3043
f 3083 3084 3044
f 3084 3045 3044
f 3084 3085 3045
f 3085 3046 3045
f 3085 3086 3046
f 3086 3047 3046
f 3086 3087 3047
f 3087 3048 3047
f 3087 3088 3048
f 3088 3049 3048
f 3088 3089 3049
f 3089 3050 3049
f 3089 3090 3050
f 3090 3051 3050
f 3090 3091 3051
f 3091 3052 3051
f 3091 3092 3052
f 3092 3053 3052
f 3092 3093 3053
f 3093 3054 3053
f 3093 3094 3054
f 3094 3055 3054
f 3094 3095 3055
f 3095 3056 3055
f 3095 3096 3056
f 3096 3057 3056
f 3096 3097 3057
f 3097 3058 3057
f 3097 3098 3058
f 3098 3059 3058
f 3098 3099 3059
f 3099 3060 3059
f 3099 3100 3060
f 3100 3061 3060
f 3100 3101 3061
f 3101 3062 3061
f 3101 3102 3062
f 3102 3063 3062
f 3102 3103 3063
f 3103 3064 3063
f 3103 3104 3064
f 3104 3065 3064
f 3104 3105 3065
f 3105 3066 3065
f 3105 3106 3066
f 3106 3067 3066
f 3106 3107 3067
f 3107 3068 3067
f 3107 3108 3068
f 3108 3069 3068
f 3108 3109 3069
f 3109 3070 3069
f 3109 3110 3070
f 3110 3071 3070
f 3110 3111 3071
f 3111 3072 3071
f 3111 3112 3072
f 3112 3033 3072
f 3112 3073 3033
f 3113 3074 3073
f 3113 3114 3074
f 3114 3075 3074
f 3114 3115 3075
f 3115 3076 3075
f 3115 3116 3076
f 3116 3077 3076
f 3116 3117 3077
f 3117 3078 3077
f 3117 3118 3078
f 3118 3079 3078
f 3118 3119 3079
f 3119 3080 3079
f 3119 3120 3080
f 3120 3081 3080
f 3120 3121 3081
f 3121 3082 3081
f 3121 3122 3082
f 3122 3083 3082
f 3122 3123 3083
f 3123 3084 3083
f 3123 3124 3084
f 3124 3085 3084
f 3124 3125 3085
f 3125 3086 3085
f 3125 3126 3086
f 3126 3087 3086
f 3126 3127 3087
f 3127 3088 3087
f 3127 3128 3088
f 3128 3089 3088
f 3128 3129 3089
f 3129 3090 3089
f 3129 3130 3090
f 3130 3091 3090
f 3130 3131 3091
f 3131 3092 3091
f 3131 3132 3092
f 3132 3093 3092
f 3132 3133 3093
f 3133 3094 3093
f 3133 3134 3094
f 3134 3095 3094
f 3134 3135 3095
f 3135 3096 3095
f 3135 3136 3096
f 3136 3097 3096
f 3136 3137 3097
f 3137 3098 3097
f 3137 3138 3098
f 3138 3099 3098
f 3138 3139 3099
f 3139 3100 3099
f 3139 3140 3100
f 3140 3101 3100
f 3140 3141 3101
f 3141 3102 3101
f 3141 3142 3102
f 3142 3103 3102
f 3142 3143 3103
f 3143 3104 3103
f 3143 3144 3104
f 3144 3105 3104
f 3144 3145 3105
f 3145 3106 3105
f 3145 3146 3106
f 3146 3107 3106
f 3146 3147 3107
f 3147 3108 3107
f 3147 3148 3108
f 3148 3109 3108
f 3148 3149 3109
f 3149 3110 3109
f 3149 3150 3110
f 3150 3111 3110
f 3150 3151 3111
f 3151 3112 3111
f 3151 3152 3112
f 3152 3073 3112
f 3152 3113 3073
f 3153 3114 3113
f 3153 3154 3114
f 3154 3115 3114
f 3154 3155 3115
f 3155 3116 3115
f 3155 3156 3116
f 3156 3117 3116
f 3156 3157 3117
f 3157 3118 3117
f 3157 3158 3118
f 3158 3119 3118
f 3158 3159 3119
f 3159 3120 3119
f 3159 3160 3120
f 3160 3121 3120
f 3160 3161 3121
f 3161 3122 3121
f 3161 3162 3122
f 3162 3123 3122
f 3162 3163 3123
f 3163 3124 3123
f 3163 3164 3124
f 3164 3125 3124
f 3164 3165 3125
f 3165 3126 3125
f 3165 3166 3126
f 3166 3127 3126
f 3166 3167 3127
f 3167 3128 3127
f 3167 3168 3128
f 3168 3129 3128
f 3168 3169 3129
f 3169 3130 3129
f 3169 3170 3130
f 3170 3131 3130
f 3170 3171 3131
f 3171 3132 3131
f 3171 3172 3132
f 3172 3133 3132
f 3172 3173 3133
f 3173 3134 3133
f 3173 3174 3134
f 3174 3135 3134
f 3174 3175 3135
f 3175 3136 3135
f 3175 3176 3136
f 3176 3137 3136
f 3176 3177 3137
f 3177 3138 3137
f 3177 3178 3138
f 3178 3139 3138
f 3178 3179 3139
f 3179 3140 3139
f 3179 3180 3140
f 3180 3141 3140
f 3180 3181 3141
f 3181 3142 3141
f 3181 3182 3142
f 3182 3143 3142
f 3182 3183 3143
f 3183 3144 3143
f 3183 3184 3144
f 3184 3145 3144
f 3184 3185 3145
f 3185 3146 3145
f 3185 3186 3146
f 3186 3147 3146
f 3186 3187 3147
f 3187 3148 3147
f 3187 3188 3148
f 3188 3149 3148
f 3188 3189 3149
f 3189 3150 3149
f 3189 3190 3150
f 3190 3151 3150
f 3190 3191 3151
f 3191 3152 3151
f 3191 3192 3152
f 3192 3113 3152
f 3192 3153 3113
f 3193 3154 3153
f 3193 3194 3154
f 3194 3155 3154
f 3194 3195 3155
f 3195 3156 3155
f 3195 3196 3156
f 3196 3157 3156
f 3196 3197 3157
f 3197 3158 3157
f 3197 3198 3158
f 3198 3159 3158
f 3198 3199 3159
f 3199 3160 3159
f 3199 3200 3160
f 3200 3161 3160
f 3200 3201 3161
f 3201 3162 3161
f 3201 3202 3162
f 3202 3163 3162
f 3202 3203 3163
f 3203 3164 3163
f 3203 3204 3164
f 3204 3165 3164
f 3204 3205 3165
f 3205 3166 3165
f 3205 3206 3166
f 3206 3167 3166
f 3206 3207 3167
f 3207 3168 3167
f 3207 3208 3168
f 3208 3169 3168
f 3208 3209 3169
f 3209 3170 3169
f 3209 3210 3170
f 3210 3171 3170
f 3210 3211 3171
f 3211 3172 3171
f 3211 3212 3172
f 3212 3173 3172
f 3212 3213 3173
f 3213 3174 3173
f 3213 3214 3174
f 3214 3175 3174
f 3214 3215 3175
f 3215 3176 3175
f 3215 3216 3176
f 3216 3177 3176
f 3216 3217 3177
f 3217 3178 3177
f 3217 3218 3178
f 3218 3179 3178
f 3218 3219 3179
f 3219 3180 3179
f 3219 3220 3180
f 3220 3181 3180
f 3220 3221 3181
f 3221 3182 3181
f 3221 3222 3182
f 3222 3183 3182
f 3222 3223 3183
f 3223 3184 3183
f 3223 3224 3184
f 3224 3185 3184
f 3224 3225 3185
f 3225 3186 3185
f 3225 3226 3186
f 3226 3187 3186
f 3226 3227 3187
f 3227 3188 3187
f 3227 3228 3188
f 3228 3189 3188
f 3228 3229 3189
f 3229 3190 3189
f 3229 3230 3190
f 3230 3191 3190
f 3230 3231 3191
f 3231 3192 3191
f 3231 3232 3192
f 3232 3153 3192
f 3232 3193 3153
f 3233 3194 3193
f 3233 3234 3194
f 3234 3195 3194
f 3234 3235 3195
f 3235 3196 3195
f 3235 3236 3196
f 3236 3197 3196
f 3236 3237 3197
f 3237 3198 3197
f 3237 3238 3198
f 3238 3199 3198
f 3238 3239 3199
f 3239 3200 3199
f 3239 3240 3200
f 3240 3201 3200
f 3240 3241 3201
f 3241 3202 3201
f 3241 3242 3202
f 3242 3203 3202
f 3242 3243 3203
f 3243 3204 3203
f 3243 3244 3204
f 3244 3205 3204
f 3244 3245 3205
f 3245 3206 3205
f 3245 3246 3206
f 3246 3207 3206
f 3246 3247 3207
f 3247 3208 3207
f 3247 3248 3208
f 3248 3209 3208
f 3248 3249 3209
f 3249 3210 3209
f 3249 3250 3210
f 3250 3211 3210
f 3250 3251 3211
f 3251 3212 3211
f 3251 3252 3212
f 3252 3213 3212
f 3252 3253 3213
f 3253 3214 3213
f 3253 3254 3214
f 3254 3215 3214
f 3254 3255 3215
f 3255 3216 3215
f 3255 3256 3216
f 3256 3217 3216
f 3256 3257 3217
f 3257 3218 3217
f 3257 3258 3218
f 3258 3219 3218
f 3258 3259 3219
f 3259 3220 3219
f 3259 3260 3220
f 3260 3221 3220
f 3260 3261 3221
f 3261 3222 3221
f 3261 3262 3222
f 3262 3223 3222
f 3262 3263 3223
f 3263 3224 3223
f 3263 3264 3224
f 3264 3225 3224
f 3264 3265 3225
f 3265 3226 3225
f 3265 3266 3226
f 3266 3227 3226
f 3266 3267 3227
f 3267 3228 3227
f 3267 3268 3228
f 3268 3229 3228
f 3268 3269 3229
f 3269 3230 3229
f 3269 3270 3230
f 3270 3231 3230
f 3270 3271 3231
f 3271 3232 3231
f 3271 3272 3232
f 3272 3193 3232
f 3272 3233 3193
f 3273 3234 3233
f 3273 3274 3234
f 3274 3235 3234
f 3274 3275 3235
f 3275 3236 3235
f 3275 3276 3236
f 3276 3237 3236
f 3276 3277 3237
f 3277 3238 3237
f 3277 3278 3238
f 3278 3239 3238
f 3278 3279 3239
f 3279 3240 3239
f 3279 3280 3240
f 3280 3241 3240
f 3280 3281 3241
f 3281 3242 3241
f 3281 3282 3242
f 3282 3243 3242
f 3282 3283 3243
f 3283 3244 3243
f 3283 3284 3244
f 3284 3245 3244
f 3284 3285 3245
f 3285 3246 3245
f 3285 3286 3246
f 3286 3247 3246
f 3286 3287 3247
f 3287 3248 3247
f 3287 3288 3248
f 3288 3249 3248
f 3288 3289 3249
f 3289 3250 3249
f 3289 3290 3250
f 3290 3251 3250
f 3290 3291 3251
f 3291 3252 3251
f 3291 3292 3252
f 3292 3253 3252
f 3292 3293 3253
f 3293 3254 3253
f 3293 3294 3254
f 3294 3255 3254
f 3294 3295 3255
f 3295 3256 3255
f 3295 3296 3256
f 3296 3257 3256
f 3296 3297 3257
f 3297 3258 3257
f 3297 3298 3258
f 3298 3259 3258
f 3298 3299 3259
f 3299 3260 3259
f 3299 3300 3260
f 3300 3261 3260
f 3300 3301 3261
f 3301 3262 3261
f 3301 3302 3262
f 3302 3263 3262
f 3302 3303 3263
f 3303 3264 3263
f 3303 3304 3264
f 3304 3265 3264
f 3304 3305 3265
f 3305 3266 3265
f 3305 3306 3266
f 3306 3267 3266
f 3306 3307 3267
f 3307 3268 3267
f 3307 3308 3268
f 3308 3269 3268
f 3308 3309 3269
f 3309 3270 3269
f 3309 3310 3270
f 3310 3271 3270
f 3310 3311 3271
f 3311 3272 3271
f 3311 3312 3272
f 3312 3233 3272
f 3312 3273 3233
f 3313 3274 3273
f 3313 3314 3274
f 3314 3275 3274
f 3314 3315 3275
f 3315 3276 3275
f 3315 3316 3276
f 3316 3277 3276
f 3316 3317 3277
f 3317 3278 3277
f 3317 3318 3278
f 3318 3279 3278
f 3318 3319 3279
f 3319 3280 3279
f 3319 3320 3280
f 3320 3281 3280
f 3320 3321 3281
f 3321 3282 3281
f 3321 3322 3282
f 3322 3283 3282
f 3322 3323 3283
f 3323 3284 3283
f 3323 3324 3284
f 3324 3285 3284
f 3324 3325 3285
f 3325 3286 3285
f 3325 3326 3286
f 3326 3287 3286
f 3326 3327 3287
f 3327 3288 3287
f 3327 3328 3288
f 3328 3289 3288
f 3328 3329 3289
f 3329 3290 3289
f 3329 3330 3290
f 3330 3291 3290
f 3330 3331 3291
f 3331 3292 3291
f 3331 3332 3292
f 3332 3293 3292
f 3332 3333 3293
f 3333 3294 3293
f 3333 3334 3294
f 3334 3295 3294
f 3334 3335 3295
f 3335 3296 3295
f 3335 3336 3296
f 3336 3297 3296
f 3336 3337 3297
f 3337 3298 3297
f 3337 3338 3298
f 3338 3299 3298
f 3338 3339 3299
f 3339 3300 3299
f 3339 3340 3300
f 3340 3301 3300
f 3340 3341 3301
f 3341 3302 3301
f 3341 3342 3302
f 3342 3303 3302
f 3342 3343 3303
f 3343 3304 3303
f 3343 3344 3304
f 3344 3305 3304
f 3344 3345 3305
f 3345 3306 3305
f 3345 3346 3306
f 3346 3307 3306
f 3346 3347 3307
f 3347 3308 3307
f 3347 3348 3308
f 3348 3309 3308
f 3348 3349 3309
f 3349 3310 3309
f 3349 3350 3310
f 3350 3311 3310
f 3350 3351 3311
f 3351 3312 3311
f 3351 3352 3312
f 3352 3273 3312
f 3352 3313 3273
f 3353 3314 3313
f 3353 3354 3314
f 3354 3315 3314
f 3354 3355 3315
f 3355 3316 3315
f 3355 3356 3316
f 3356 3317 3316
f 3356 3357 3317
f 3357 3318 3317
f 3357 3358 3318
f 3358 3319 3318
f 3358 3359 3319
f 3359 3320 3319
f 3359 3360 3320
f 3360 3321 3320
f 3360 3361 3321
f 3361 3322 3321
f 3361 3362 3322
f 3362 3323 3322
f 3362 3363 3323
f 3363 3324 3323
f 3363 3364 3324
f 3364 3325 3324
f 3364 3365 3325
f 3365 3326 3325
f 3365 3366 3326
f 3366 3327 3326
f 3366 3367 3327
f 3367 3328 3327
f 3367 3368 3328
f 3368 3329 3328
f 3368 3369 3329
f 3369 3330 3329
f 3369 3370 3330
f 3370 3331 3330
f 3370 3371 3331
f 3371 3332 3331
f 3371 3372 3332
f 3372 3333 3332
f 3372 3373 3333
f 3373 3334 3333
f 3373 3374 3334
f 3374 3335 3334
f 3374 3375 3335
f 3375 3336 3335
f 3375 3376 3336
f 3376 3337 3336
f 3376 3377 3337
f 3377 3338 3337
f 3377 3378 3338
f 3378 3339 3338
f 3378 3379 3339
f 3379 3340 3339
f 3379 3380 3340
f 3380 3341 3340
f 3380 3381 3341
f 3381 3342 3341
f 3381 3382 3342
f 3382 3343 3342
f 3382 3383 3343
f 3383 3344 3343
f 3383 3384 3344
f 3384 3345 3344
f 3384 3385 3345
f 3385 3346 3345
f 3385 3386 3346
f 3386 3347 3346
f 3386 3387 3347
f 3387 3348 3347
f 3387 3388 3348
f 3388 3349 3348
f 3388 3389 3349
f 3389 3350 3349
f 3389 3390 3350
f 3390 3351 3350
f 3390 3391 3351
f 3391 3352 3351
f 3391 3392 3352
f 3392 3313 3352
f 3392 3353 3313
f 3393 3354 3353
f 3393 3394 3354
f 3394 3355 3354
f 3394 3395 3355
f 3395 3356 3355
f 3395 3396 3356
f 3396 3357 3356
f 3396 3397 3357
f 3397 3358 3357
f 3397 3398 3358
f 3398 3359 3358
f 3398 3399 3359
f 3399 3360 3359
f 3399 3400 3360
f 3400 3361 3360
f 3400 3401 3361
f 3401 3362 3361
f 3401 3402 3362
f 3402 3363 3362
f 3402 3403 3363
f 3403 3364 3363
f 3403 3404 3364
f 3404 3365 3364
f 3404 3405 3365
f 3405 3366 3365
f 3405 3406 3366
f 3406 3367 3366
f 3406 3407 3367
f 3407 3368 3367
f 3407 3408 3368
f 3408 3369 3368
f 3408 3409 3369
f 3409 3370 3369
f 3409 3410 3370
f 3410 3371 3370
f 3410 3411 3371
f 3411 3372 3371
f 3411 3412 3372
f 3412 3373 3372
f 3412 3413 3373
f 3413 3374 3373
f 3413 3414 3374
f 3414 3375 3374
f 3414 3415 3375
f 3415 3376 3375
f 3415 3416 3376
f 3416 3377 3376
f 3416 3417 3377
f 3417 3378 3377
f 3417 3418 3378
f 3418 3379 3378
f 3418 3419 3379
f 3419 3380 3379
f 3419 3420 3380
f 3420 3381 3380
f 3420 3421 3381
f 3421 3382 3381
f 3421 3422 3382
f 3422 3383 3382
f 3422 3423 3383
f 3423 3384 3383
f 3423 3424 3384
f 3424 3385 3384
f 3424 3425 3385
f 3425 3386 3385
f 3425 3426 3386
f 3426 3387 3386
f 3426 3427 3387
f 3427 3388 3387
f 3427 3428 3388
f 3428 3389 3388
f 3428 3429 3389
f 3429 3390 3389
f 3429 3430 3390
f 3430 3391 3390
f 3430 3431 3391
f 3431 3392 3391
f 3431 3432 3392
f 3432 3353 3392
f 3432 3393 3353
f 3433 3394 3393
f 3433 3434 3394
f 3434 3395 3394
f 3434 3435 3395
f 3435 3396 3395
f 3435 3436 3396
f 3436 3397 3396
f 3436 3437 3397
f 3437 3398 3397
f 3437 3438 3398
f 3438 3399 3398
f 3438 3439 3399
f 3439 3400 3399
f 3439 3440 3400
f 3440 3401 3400
f 3440 3441 3401
f 3441 3402 3401
f 3441 3442 3402
f 3442 3403 3402
f 3442 3443 3403
f 3443 3404 3403
f 3443 3444 3404
f 3444 3405 3404
f 3444 3445 3405
f 3445 3406 3405
f 3445 3446 3406
f 3446 3407 3406
f 3446 3447 3407
f 3447 3408 3407
f 3447 3448 3408
f 3448 3409 3408
f 3448 3449 3409
f 3449 3410 3409
f 3449 3450 3410
f 3450 3411 3410
f 3450 3451 3411
f 3451 3412 3411
f 3451 3452 3412
f 3452 3413 3412
f 3452 3453 3413
f 3453 3414 3413
f 3453 3454 3414
f 3454 3415 3414
f 3454 3455 3415
f 3455 3416 3415
f 3455 3456 3416
f 3456 3417 3416
f 3456 3457 3417
f 3457 3418 3417
f 3457 3458 3418
f 3458 3419 3418
f 3458 3459 3419
f 3459 3420 3419
f 3459 3460 3420
f 3460 3421 3420
f 3460 3461 3421
f 3461 3422 3421
f 3461 3462 3422
f 3462 3423 3422
f 3462 3463 3423
f 3463 3424 3423
f 3463 3464 3424
f 3464 3425 3424
f 3464 3465 3425
f 3465 3426 3425
f 3465 3466 3426
f 3466 3427 3426
f 3466 3467 3427
f 3467 3428 3427
f 3467 3468 3428
f 3468 3429 3428
f 3468 3469 3429
f 3469 3430 3429
f 3469 3470 3430
f 3470 3431 3430
f 3470 3471 3431
f 3471 3432 3431
f 3471 3472 3432
f 3472 3393 3432
f 3472 3433 3393
f 3473 3434 3433
f 3473 3474 3434
f 3474 3435 3434
f 3474 3475 3435
f 3475 3436 3435
f 3475 3476 3436
f 3476 3437 3436
f 3476 3477 3437
f 3477 3438 3437
f 3477 3478 3438
f 3478 3439 3438
f 3478 3479 3439
f 3479 3440 3439
f 3479 3480 3440
f 3480 3441 3440
f 3480 3481 3441
f 3481 3442 3441
f 3481 3482 3442
f 3482 3443 3442
f 3482 3483 3443
f 3483 3444 3443
f 3483 3484 3444
f 3484 3445 3444
f 3484 3485 3445
f 3485 3446 3445
f 3485 3486 3446
f 3486 3447 3446
f 3486 3487 3447
f 3487 3448 3447
f 3487 3488 3448
f 3488 3449 3448
f 3488 3489 3449
f 3489 3450 3449
f 3489 3490 3450
f 3490 3451 3450
f 3490 3491 3451
f 3491 3452 3451
f 3491 3492 3452
f 3492 3453 3452
f 3492 3493 3453
f 3493 3454 3453
f 3493 3494 3454
f 3494 3455 3454
f 3494 3495 3455
f 3495 3456 3455
f 3495 3496 3456
f 3496 3457 3456
f 3496 3497 3457
f 3497 3458 3457
f 3497 3498 3458
f 3498 3459 3458
f 3498 3499 3459
f 3499 3460 3459
f 3499 3500 3460
f 3500 3461 3460
f 3500 3501 3461
f 3501 3462 3461
f 3501 3502 3462
f 3502 3463 3462
f 3502 3503 3463
f 3503 3464 3463
f 3503 3504 3464
f 3504 3465 3464
f 3504 3505 3465
f 3505 3466 3465
f 3505 3506 3466
f 3506 3467 3466
f 3506 3507 3467
f 3507 3468 3467
f 3507 3508 3468
f 3508 3469 3468
f 3508 3509 3469
f 3509 3470 3469
f 3509 3510 3470
f 3510 3471 3470
f 3510 3511 3471
f 3511 3472 3471
f 3511 3512 3472
f 3512 3433 3472
f 3512 3473 3433
f 3513 3474 3473
f 3513 3514 3474
f 3514 3475 3474
f 3514 3515 3475
f 3515 3476 3475
f 3515 3516 3476
f 3516 3477 3476
f 3516 3517 3477
f 3517 3478 3477
f 3517 3518 3478
f 3518 3479 3478
f 3518 3519 3479
f 3519 3480 3479
f 3519 3520 3480
f 3520 3481 3480
f 3520 3521 3481
f 3521 3482 3481
f 3521 3522 3482
f 3522 3483 3482
f 3522 3523 3483
f 3523 3484 3483
f 3523 3524 3484
f 3524 3485 3484
f 3524 3525 3485
f 3525 3486 3485
f 3525 3526 3486
f 3526 3487 3486
f 3526 3527 3487
f 3527 3488 3487
f 3527 3528 3488
f 3528 3489 3488
f 3528 3529 3489
f 3529 3490 3489
f 3529 3530 3490
f 3530 3491 3490
f 3530 3531 3491
f 3531 3492 3491
f 3531 3532 3492
f 3532 3493 3492
f 3532 3533 3493
f 3533 3494 3493
f 3533 3534 3494
f 3534 3495 3494
f 3534 3535 3495
f 3535 3496 3495
f 3535 3536 3496
f 3536 3497 3496
f 3536 3537 3497
f 3537 3498 3497
f 3537 3538 3498
f 3538 3499 3498
f 3538 3539 3499
f 3539 3500 3499
f 3539 3540 3500
f 3540 3501 3500
f 3540 3541 3501
f 3541 3502 3501
f 3541 3542 3502
f 3542 3503 3502
f 3542 3543 3503
f 3543 3504 3503
f 3543 3544 3504
f 3544 3505 3504
f 3544 3545 3505
f 3545 3506 3505
f 3545 3546 3506
f 3546 3507 3506
f 3546 3547 3507
f 3547 3508 3507
f 3547 3548 3508
f 3548 3509 3508
f 3548 3549 3509
f 3549 3510 3509
f 3549 3550 3510
f 3550 3511 3510
f 3550 3551 3511
f 3551 3512 3511
f 3551 3552 3512
f 3552 3473 3512
f 3552 3513 3473
f 3553 3555 3556
f 3554 4276 4275
f 3553 3556 3557
f 3554 4277 4276
f 3553 3557 3558
f 3554 4278 4277
f 3553 3558 3559
f 3554 4279 4278
f 3553 3559 3560
f 3554 4280 4279
f 3553 3560 3561
f 3554 4281 4280
f 3553 3561 3562
f 3554 4282 4281
f 3553 3562 3563
f 3554 4283 4282
f 3553 3563 3564
f 3554 4284 4283
f 3553 3564 3565
f 3554 4285 4284
f 3553 3565 3566
f 3554 4286 4285
f 3553 3566 3567
f 3554 4287 4286
f 3553 3567 3568
f 3554 4288 4287
f 3553 3568 3569
f 3554 4289 4288
f 3553 3569 3570
f 3554 4290 4289
f 3553 3570 3571
f 3554 4291 4290
f 3553 3571 3572
f 3554 4292 4291
f 3553 3572 3573
f 3554 4293 4292
f 3553 3573 3574
f 3554 4294 4293
f 3553 3574 3575
f 3554 4295 4294
f 3553 3575 3576
f 3554 4296 4295
f 3553 3576 3577
f 3554 4297 4296
f 3553 3577 3578
f 3554 4298 4297
f 3553 3578 3579
f 3554 4299 4298
f 3553 3579 3580
f 3554 4300 4299
f 3553 3580 3581
f 3554 4301 4300
f 3553 3581 3582
f 3554 4302 4301
f 3553 3582 3583
f 3554 4303 4302
f 3553 3583 3584
f 3554 4304 4303
f 3553 3584 3585
f 3554 4305 4304
f 3553 3585 3586
f 3554 4306 4305
f 3553 3586 3587
f 3554 4307 4306
f 3553 3587 3588
f 3554 4308 4307
f 3553 3588 3589
f 3554 4309 4308
f 3553 3589 3590
f 3554 4310 4309
f 3553 3590 3591
f 3554 4311 4310
f 3553 3591 3592
f 3554 4312 4311
f 3553 3592 3593
f 3554 4313 4312
f 3553 3593 3594
f 3554 4314 4313
f 3553 3594 3555
f 3554 4275 4314
f 3595 3556 3555
f 3595 3596 3556
f 3596 3557 3556
f 3596 3597 3557
f 3597 3558 3557
f 3597 3598 3558
f 3598 3559 3558
f 3598 3599 3559
f 3599 3560 3559
f 3599 3600 3560
f 3600 3561 3560
f 3600 3601 3561
f 3601 3562 3561
f 3601 3602 3562
f 3602 3563 3562
f 3602 3603 3563
f 3603 3564 3563
f 3603 3604 3564
f 3604 3565 3564
f 3604 3605 3565
f 3605 3566 3565
f 3605 3606 3566
f 3606 3567 3566
f 3606 3607 3567
f 3607 3568 3567
f 3607 3608 3568
f 3608 3569 3568
f 3608 3609 3569
f 3609 3570 3569
f 3609 3610 3570
f 3610 3571 3570
f 3610 3611 3571
f 3611 3572 3571
f 3611 3612 3572
f 3612 3573 3572
f 3612 3613 3573
f 3613 3574 3573
f 3613 3614 3574
f 3614 3575 3574
f 3614 3615 3575
f 3615 3576 3575
f 3615 3616 3576
f 3616 3577 3576
f 3616 3617 3577
f 3617 3578 3577
f 3617 3618 3578
f 3618 3579 3578
f 3618 3619 3579
f 3619 3580 3579
f 3619 3620 3580
f 3620 3581 3580
f 3620 3621 3581
f 3621 3582 3581
f 3621 3622 3582
f 3622 3583 3582
f 3622 3623 3583
f 3623 3584 3583
f 3623 3624 3584
f 3624 3585 3584
f 3624 3625 3585
f 3625 3586 3585
f 3625 3626 3586
f 3626 3587 3586
f 3626 3627 3587
f 3627 3588 3587
f 3627 3628 3588
f 3628 3589 3588
f 3628 3629 3589
f 3629 3590 3589
f 3629 3630 3590
f 3630 3591 3590
f 3630 3631 3591
f 3631 3592 3591
f 3631 3632 3592
f 3632 3593 3592
f 3632 3633 3593
f 3633 3594 3593
f 3633 3634 3594
f 3634 3555 3594
f 3634 3595 3555
f 3635 3596 3595
f 3635 3636 3596
f 3636 3597 3596
f 3636 3637 3597
f 3637 3598 3597
f 3637 3638 3598
f 3638 3599 3598
f 3638 3639 3599
f 3639 3600 3599
f 3639 3640 3600
f 3640 3601 3600
f 3640 3641 3601
f 3641 3602 3601
f 3641 3642 3602
f 3642 3603 3602
f 3642 3643 3603
f 3643 3604 3603
f 3643 3644 3604
f 3644 3605 3604
f 3644 3645 3605
f 3645 3606 3605
f 3645 3646 3606
f 3646 3607 3606
f 3646 3647 3607
f 3647 3608 3607
f 3647 3648 3608
f 3648 3609 3608
f 3648 3649 3609
f 3649 3610 3609
f 3649 3650 3610
f 3650 3611 3610
f 3650 3651 3611
f 3651 3612 3611
f 3651 3652 3612
f 3652 3613 3612
f 3652 3653 3613
f 3653 3614 3613
f 3653 3654 3614
f 3654 3615 3614
f 3654 3655 3615
f 3655 3616 3615
f 3655 3656 3616
f 3656 3617 3616
f 3656 3657 3617
f 3657 3618 3617
f 3657 3658 3618
f 3658 3619 3618
f 3658 3659 3619
f 3659 3620 3619
f 3659 3660 3620
f 3660 3621 3620
f 3660 3661 3621
f 3661 3622 3621
f 3661 3662 3622
f 3662 3623 3622
f 3662 3663 3623
f 3663 3624 3623
f 3663 3664 3624
f 3664 3625 3624
f 3664 3665 3625
f 3665 3626 3625
f 3665 3666 3626
f 3666 3627 3626
f 3666 3667 3627
f 3667 3628 3627
f 3667 3668 3628
f 3668 3629 3628
f 3668 3669 3629
f 3669 3630 3629
f 3669 3670 3630
f 3670 3631 3630
f 3670 3671 3631
f 3671 3632 3631
f 3671 3672 3632
f 3672 3633 3632
f 3672 3673 3633
f 3673 3634 3633
f 3673 3674 3634
f 3674 3595 3634
f 3674 3635 3595
f 3675 3636 3635
f 3675 3676 3636
f 3676 3637 3636
f 3676 3677 3637
f 3677 3638 3637
f 3677 3678 3638
f 3678 3639 3638
f 3678 3679 3639
f 3679 3640 3639
f 3679 3680 3640
f 3680 3641 3640
f 3680 3681 3641
f 3681 3642 3641
f 3681 3682 3642
f 3682 3643 3642
f 3682 3683 3643
f 3683 3644 3643
f 3683 3684 3644
f 3684 3645 3644
f 3684 3685 3645
f 3685 3646 3645
f 3685 3686 3646
f 3686 3647 3646
f 3686 3687 3647
f 3687 3648 3647
f 3687 3688 3648
f 3688 3649 3648
f 3688 3689 3649
f 3689 3650 3649
f 3689 3690 3650
f 3690 3651 3650
f 3690 3691 3651
f 3691 3652 3651
f 3691 3692 3652
f 3692 3653 3652
f 3692 3693 3653
f 3693 3654 3653
f 3693 3694 3654
f 3694 3655 3654
f 3694 3695 3655
f 3695 3656 3655
f 3695 3696 3656
f 3696 3657 3656
f 3696 3697 3657
f 3697 3658 3657
f 3697 3698 3658
f 3698 3659 3658
f 3698 3699 3659
f 3699 3660 3659
f 3699 3700 3660
f 3700 3661 3660
f 3700 3701 3661
f 3701 3662 3661
f 3701 3702 3662
f 3702 3663 3662
f 3702 3703 3663
f 3703 3664 3663
f 3703 3704 3664
f 3704 3665 3664
f 3704 3705 3665
f 3705 3666 3665
f 3705 3706 3666
f 3706 3667 3666
f 3706 3707 3667
f 3707 3668 3667
f 3707 3708 3668
f 3708 3669 3668
f 3708 3709 3669
f 3709 3670 3669
f 3709 3710 3670
f 3710 3671 3670
f 3710 3711 3671
f 3711 3672 3671
f 3711 3712 3672
f 3712 3673 3672
f 3712 3713 3673
f 3713 3674 3673
f 3713 3714 3674
f 3714 3635 3674
f 3714 3675 3635
f 3715 3676 3675
f 3715 3716 3676
f 3716 3677 3676
f 3716 3717 3677
f 3717 3678 3677
f 3717 3718 3678
f 3718 3679 3678
f 3718 3719 3679
f 3719 3680 3679
f 3719 3720 3680
f 3720 3681 3680
f 3720 3721 3681
f 3721 3682 3681
f 3721 3722 3682
f 3722 3683 3682
f 3722 3723 3683
f 3723 3684 3683
f 3723 3724 3684
f 3724 3685 3684
f 3724 3725 3685
f 3725 3686 3685
f 3725 3726 3686
f 3726 3687 3686
f 3726 3727 3687
f 3727 3688 3687
f 3727 3728 3688
f 3728 3689 3688
f 3728 3729 3689
f 3729 3690 3689
f 3729 3730 3690
f 3730 3691 3690
f 3730 3731 3691
f 3731 3692 3691
f 3731 3732 3692
f 3732 3693 3692
f 3732 3733 3693
f 3733 3694 3693
f 3733 3734 3694
f 3734 3695 3694
f 3734 3735 3695
f 3735 3696 3695
f 3735 3736 3696
f 3736 3697 3696
f 3736 3737 3697
f 3737 3698 3697
f 3737 3738 3698
f 3738 3699 3698
f 3738 3739 3699
f 3739 3700 3699
f 3739 3740 3700
f 3740 3701 3700
f 3740 3741 3701
f 3741 3702 3701
f 3741 3742 3702
f 3742 3703 3702
f 3742 3743 3703
f 3743 3704 3703
f 3743 3744 3704
f 3744 3705 3704
f 3744 3745 3705
f 3745 3706 3705
f 3745 3746 3706
f 3746 3707 3706
f 3746 3747 3707
f 3747 3708 3707
f 3747 3748 3708
f 3748 3709 3708
f 3748 3749 3709
f 3749 3710 3709
f 3749 3750 3710
f 3750 3711 3710
f 3750 3751 3711
f 3751 3712 3711
f 3751 3752 3712
f 3752 3713 3712
f 3752 3753 3713
f 3753 3714 3713
f 3753 3754 3714
f 3754 3675 3714
f 3754 3715 3675
f 3755 3716 3715
f 3755 3756 3716
f 3756 3717 3716
f 3756 3757 3717
f 3757 3718 3717
f 3757 3758 3718
f 3758 3719 3718
f 3758 3759 3719
f 3759 3720 3719
f 3759 3760 3720
f 3760 3721 3720
f 3760 3761 3721
f 3761 3722 3721
f 3761 3762 3722
f 3762 3723 3722
f 3762 3763 3723
f 3763 3724 3723
f 3763 3764 3724
f 3764 3725 3724
f 3764 3765 3725
f 3765 3726 3725
f 3765 3766 3726
f 3766 3727 3726
f 3766 3767 3727
f 3767 3728 3727
f 3767 3768 3728
f 3768 3729 3728
f 3768 3769 3729
f 3769 3730 3729
f 3769 3770 3730
f 3770 3731 3730
f 3770 3771 3731
f 3771 3732 3731
f 3771 3772 3732
f 3772 3733 3732
f 3772 3773 3733
f 3773 3734 3733
f 3773 3774 3734
f 3774 3735 3734
f 3774 3775 3735
f 3775 3736 3735
f 3775 3776 3736
f 3776 3737 3736
f 3776 3777 3737
f 3777 3738 3737
f 3777 3778 3738
f 3778 3739 3738
f 3778 3779 3739
f 3779 3740 3739
f 3779 3780 3740
f 3780 3741 3740
f 3780 3781 3741
f 3781 3742 3741
f 3781 3782 3742
f 3782 3743 3742
f 3782 3783 3743
f 3783 3744 3743
f 3783 3784 3744
f 3784 3745 3744
f 3784 3785 3745
f 3785 3746 3745
f 3785 3786 3746
f 3786 3747 3746
f 3786 3787 3747
f 3787 3748 3747
f 3787 3788 3748
f 3788 3749 3748
f 3788 3789 3749
f 3789 3750 3749
f 3789 3790 3750
f 3790 3751 3750
f 3790 3791 3751
f 3791 3752 3751
f 3791 3792 3752
f 3792 3753 3752
f 3792 3793 3753
f 3793 3754 3753
f 3793 3794 3754
f 3794 3715 3754
f 3794 3755 3715
f 3795 3756 3755
f 3795 3796 3756
f 3796 3757 3756
f 3796 3797 3757
f 3797 3758 3757
f 3797 3798 3758
f 3798 3759 3758
f 3798 3799 3759
f 3799 3760 3759
f 3799 3800 3760
f 3800 3761 3760
f 3800 3801 3761
f 3801 3762 3761
f 3801 3802 3762
f 3802 3763 3762
f 3802 3803 3763
f 3803 3764 3763
f 3803 3804 3764
f 3804 3765 3764
f 3804 3805 3765
f 3805 3766 3765
f 3805 3806 3766
f 3806 3767 3766
f 3806 3807 3767
f 3807 3768 3767
f 3807 3808 3768
f 3808 3769 3768
f 3808 3809 3769
f 3809 3770 3769
f 3809 3810 3770
f 3810 3771 3770
f 3810 3811 3771
f 3811 3772 3771
f 3811 3812 3772
f 3812 3773 3772
f 3812 3813 3773
f 3813 3774 3773
f 3813 3814 3774
f 3814 3775 3774
f 3814 3815 3775
f 3815 3776 3775
f 3815 3816 3776
f 3816 3777 3776
f 3816 3817 3777
f 3817 3778 3777
f 3817 3818 3778
f 3818 3779 3778
f 3818 3819 3779
f 3819 3780 3779
f 3819 3820 3780
f 3820 3781 3780
f 3820 3821 3781
f 3821 3782 3781
f 3821 3822 3782
f 3822 3783 3782
f 3822 3823 3783
f 3823 3784 3783
f 3823 3824 3784
f 3824 3785 3784
f 3824 3825 3785
f 3825 3786 3785
f 3825 3826 3786
f 3826 3787 3786
f 3826 3827 3787
f 3827 3788 3787
f 3827 3828 3788
f 3828 3789 3788
f 3828 3829 3789
f 3829 3790 3789
f 3829 3830 3790
f 3830 3791 3790
f 3830 3831 3791
f 3831 3792 3791
f 3831 3832 3792
f 3832 3793 3792
f 3832 3833 3793
f 3833 3794 3793
f 3833 3834 3794
f 3834 3755 3794
f 3834 3795 3755
f 3835 3796 3795
f 3835 3836 3796
f 3836 3797 3796
f 3836 3837 3797
f 3837 3798 3797
f 3837 3838 3798
f 3838 3799 3798
f 3838 3839 3799
f 3839 3800 3799
f 3839 3840 3800
f 3840 3801 3800
f 3840 3841 3801
f 3841 3802 3801
f 3841 3842 3802
f 3842 3803 3802
f 3842 3843 3803
f 3843 3804 3803
f 3843 3844 3804
f 3844 3805 3804
f 3844 3845 3805
f 3845 3806 3805
f 3845 3846 3806
f 3846 3807 3806
f 3846 3847 3807
f 3847 3808 3807
f 3847 3848 3808
f 3848 3809 3808
f 3848 3849 3809
f 3849 3810 3809
f 3849 3850 3810
f 3850 3811 3810
f 3850 3851 3811
f 3851 3812 3811
f 3851 3852 3812
f 3852 3813 3812
f 3852 3853 3813
f 3853 3814 3813
f 3853 3854 3814
f 3854 3815 3814
f 3854 3855 3815
f 3855 3816 3815
f 3855 3856 3816
f 3856 3817 3816
f 3856 3857 3817
f 3857 3818 3817
f 3857 3858 3818
f 3858 3819 3818
f 3858 3859 3819
f 3859 3820 3819
f 3859 3860 3820
f 3860 3821 3820
f 3860 3861 3821
f 3861 3822 3821
f 3861 3862 3822
f 3862 3823 3822
f 3862 3863 3823
f 3863 3824 3823
f 3863 3864 3824
f 3864 3825 3824
f 3864 3865 3825
f 3865 3826 3825
f 3865 3866 3826
f 3866 3827 3826
f 3866 3867 3827
f 3867 3828 3827
f 3867 3868 3828
f 3868 3829 3828
f 3868 3869 3829
f 3869 3830 3829
f 3869 3870 3830
f 3870 3831 3830
f 3870 3871 3831
f 3871 3832 3831
f 3871 3872 3832
f 3872 3833 3832
f 3872 3873 3833
f 3873 3834 3833
f 3873 3874 3834
f 3874 3795 3834
f 3874 3835 3795
f 3875 3836 3835
f 3875 3876 3836
f 3876 3837 3836
f 3876 3877 3837
f 3877 3838 3837
f 3877 3878 3838
f 3878 3839 3838
f 3878 3879 3839
f 3879 3840 3839
f 3879 3880 3840
f 3880 3841 3840
f 3880 3881 3841
f 3881 3842 3841
f 3881 3882 3842
f 3882 3843 3842
f 3882 3883 3843
f 3883 3844 3843
f 3883 3884 3844
f 3884 3845 3844
f 3884 3885 3845
f 3885 3846 3845
f 3885 3886 3846
f 3886 3847 3846
f 3886 3887 3847
f 3887 3848 3847
f 3887 3888 3848
f 3888 3849 3848
f 3888 3889 3849
f 3889 3850 3849
f 3889 3890 3850
f 3890 3851 3850
f 3890 3891 3851
f 3891 3852 3851
f 3891 3892 3852
f 3892 3853 3852
f 3892 3893 3853
f 3893 3854 3853
f 3893 3894 3854
f 3894 3855 3854
f 3894 3895 3855
f 3895 3856 3855
f 3895 3896 3856
f 3896 3857 3856
f 3896 3897 3857
f 3897 3858 3857
f 3897 3898 3858
f 3898 3859 3858
f 3898 3899 3859
f 3899 3860 3859
f 3899 3900 3860
f 3900 3861 3860
f 3900 3901 3861
f 3901 3862 3861
f 3901 3902 3862
f 3902 3863 3862
f 3902 3903 3863
f 3903 3864 3863
f 3903 3904 3864
f 3904 3865 3864
f 3904 3905 3865
f 3905 3866 3865
f 3905 3906 3866
f 3906 3867 3866
f 3906 3907 3867
f 3907 3868 3867
f 3907 3908 3868
f 3908 3869 3868
f 3908 3909 3869
f 3909 3870 3869
f 3909 3910 3870
f 3910 3871 3870
f 3910 3911 3871
f 3911 3872 3871
f 3911 3912 3872
f 3912 3873 3872
f 3912 3913 3873
f 3913 3874 3873
f 3913 3914 3874
f 3914 3835 3874
f 3914 3875 3835
f 3915 3876 3875
f 3915 3916 3876
f 3916 3877 3876
f 3916 3917 3877
f 3917 3878 3877
f 3917 3918 3878
f 3918 3879 3878
f 3918 3919 3879
f 3919 3880 3879
f 3919 3920 3880
f 3920 3881 3880
f 3920 3921 3881
f 3921 3882 3881
f 3921 3922 3882
f 3922 3883 3882
f 3922 3923 3883
f 3923 3884 3883
f 3923 3924 3884
f 3924 3885 3884
f 3924 3925 3885
f 3925 3886 3885
f 3925 3926 3886
f 3926 3887 3886
f 3926 3927 3887
f 3927 3888 3887
f 3927 3928 3888
f 3928 3889 3888
f 3928 3929 3889
f 3929 3890 3889
f 3929 3930 3890
f 3930 3891 3890
f 3930 3931 3891
f 3931 3892 3891
f 3931 3932 3892
f 3932 3893 3892
f 3932 3933 3893
f 3933 3894 3893
f 3933 3934 3894
f 3934 3895 3894
f 3934 3935 3895
f 3935 3896 3895
f 3935 3936 3896
f 3936 3897 3896
f 3936 3937 3897
f 3937 3898 3897
f 3937 3938 3898
f 3938 3899 3898
f 3938 3939 3899
f 3939 3900 3899
f 3939 3940 3900
f 3940 3901 3900
f 3940 3941 3901
f 3941 3902 3901
f 3941 3942 3902
f 3942 3903 3902
f 3942 3943 3903
f 3943 3904 3903
f 3943 3944 3904
f 3944 3905 3904
f 3944 3945 3905
f 3945 3906 3905
f 3945 3946 3906
f 3946 3907 3906
f 3946 3947 3907
f 3947 3908 3907
f 3947 3948 3908
f 3948 3909 3908
f 3948 3949 3909
f 3949 3910 3909
f 3949 3950 3910
f 3950 3911 3910
f 3950 3951 3911
f 3951 3912 3911
f 3951 3952 3912
f 3952 3913 3912
f 3952 3953 3913
f 3953 3914 3913
f 3953 3954 3914
f 3954 3875 3914
f 3954 3915 3875
f 3955 3916 3915
f 3955 3956 3916
f 3956 3917 3916
f 3956 3957 3917
f 3957 3918 3917
f 3957 3958 3918
f 3958 3919 3918
f 3958 3959 3919
f 3959 3920 3919
f 3959 3960 3920
f 3960 3921 3920
f 3960 3961 3921
f 3961 3922 3921
f 3961 3962 3922
f 3962 3923 3922
f 3962 3963 3923
f 3963 3924 3923
f 3963 3964 3924
f 3964 3925 3924
f 3964 3965 3925
f 3965 3926 3925
f 3965 3966 3926
f 3966 3927 3926
f 3966 3967 3927
f 3967 3928 3927
f 3967 3968 3928
f 3968 3929 3928
f 3968 3969 3929
f 3969 3930 3929
f 3969 3970 3930
f 3970 3931 3930
f 3970 3971 3931
f 3971 3932 3931
f 3971 3972 3932
f 3972 3933 3932
f 3972 3973 3933
f 3973 3934 3933
f 3973 3974 3934
f 3974 3935 3934
f 3974 3975 3935
f 3975 3936 3935
f 3975 3976 3936
f 3976 3937 3936
f 3976 3977 3937
f 3977 3938 3937
f 3977 3978 3938
f 3978 3939 3938
f 3978 3979 3939
f 3979 3940 3939
f 3979 3980 3940
f 3980 3941 3940
f 3980 3981 3941
f 3981 3942 3941
f 3981 3982 3942
f 3982 3943 3942
f 3982 3983 3943
f 3983 3944 3943
f 3983 3984 3944
f 3984 3945 3944
f 3984 3985 3945
f 3985 3946 3945
f 3985 3986 3946
f 3986 3947 3946
f 3986 3987 3947
f 3987 3948 3947
f 3987 3988 3948
f 3988 3949 3948
f 3988 3989 3949
f 3989 3950 3949
f 3989 3990 3950
f 3990 3951 3950
f 3990 3991 3951
f 3991 3952 3951
f 3991 3992 3952
f 3992 3953 3952
f 3992 3993 3953
f 3993 3954 3953
f 3993 3994 3954
f 3994 3915 3954
f 3994 3955 3915
f 3995 3956 3955
f 3995 3996 3956
f 3996 3957 3956
f 3996 3997 3957
f 3997 3958 3957
f 3997 3998 3958
f 3998 3959 3958
f 3998 3999 3959
f 3999 3960 3959
f 3999 4000 3960
f 4000 3961 3960
f 4000 4001 3961
f 4001 3962 3961
f 4001 4002 3962
f 4002 3963 3962
f 4002 4003 3963
f 4003 3964 3963
f 4003 4004 3964
f 4004 3965 3964
f 4004 4005 3965
f 4005 3966 3965
f 4005 4006 3966
f 4006 3967 3966
f 4006 4007 3967
f 4007 3968 3967
f 4007 4008 3968
f 4008 3969 3968
f 4008 4009 3969
f 4009 3970 3969
f 4009 4010 3970
f 4010 3971 3970
f 4010 4011 3971
f 4011 3972 3971
f 4011 4012 3972
f 4012 3973 3972
f 4012 4013 3973
f 4013 3974 3973
f 4013 4014 3974
f 4014 3975 3974
f 4014 4015 3975
f 4015 3976 3975
f 4015 4016 3976
f 4016 3977 3976
f 4016 4017 3977
f 4017 3978 3977
f 4017 4018 3978
f 4018 3979 3978
f 4018 4019 3979
f 4019 3980 3979
f 4019 4020 3980
f 4020 3981 3980
f 4020 4021 3981
f 4021 3982 3981
f 4021 4022 3982
f 4022 3983 3982
f 4022 4023 3983
f 4023 3984 3983
f 4023 4024 3984
f 4024 3985 3984
f 4024 4025 3985
f 4025 3986 3985
f 4025 4026 3986
f 4026 3987 3986
f 4026 4027 3987
f 4027 3988 3987
f 4027 4028 3988
f 4028 3989 3988
f 4028 4029 3989
f 4029 3990 3989
f 4029 4030 3990
f 4030 3991 3990
f 4030 4031 3991
f 4031 3992 3991
f 4031 4032 3992
f 4032 3993 3992
f 4032 4033 3993
f 4033 3994 3993
f 4033 4034 3994
f 4034 3955 3994
f 4034 3995 3955
f 4035 3996 3995
f 4035 4036 3996
f 4036 3997 3996
f 4036 4037 3997
f 4037 3998 3997
f 4037 4038 3998
f 4038 3999 3998
f 4038 4039 3999
f 4039 4000 3999
f 4039 4040 4000
f 4040 4001 4000
f 4040 4041 4001
f 4041 4002 4001
f 4041 4042 4002
f 4042 4003 4002
f 4042 4043 4003
f 4043 4004 4003
f 4043 4044 4004
f 4044 4005 4004
f 4044 4045 4005
f 4045 4006 4005
f 4045 4046 4006
f 4046 4007 4006
f 4046 4047 4007
f 4047 4008 4007
f 4047 4048 4008
f 4048 4009 4008
f 4048 4049 4009
f 4049 4010 4009
f 4049 4050 4010
f 4050 4011 4010
f 4050 4051 4011
f 4051 4012 4011
f 4051 4052 4012
f 4052 4013 4012
f 4052 4053 4013
f 4053 4014 4013
f 4053 4054 4014
f 4054 4015 4014
f 4054 4055 4015
f 4055 4016 4015
f 4055 4056 4016
f 4056 4017 4016
f 4056 4057 4017
f 4057 4018 4017
f 4057 4058 4018
f 4058 4019 4018
f 4058 4059 4019
f 4059 4020 4019
f 4059 4060 4020
f 4060 4021 4020
f 4060 4061 4021
f 4061 4022 4021
f 4061 4062 4022
f 4062 4023 4022
f 4062 4063 4023
f 4063 4024 4023
f 4063 4064 4024
f 4064 4025 4024
f 4064 4065 4025
f 4065 4026 4025
f 4065 4066 4026
f 4066 4027 4026
f 4066 4067 4027
f 4067 4028 4027
f 4067 4068 4028
f 4068 4029 4028
f 4068 4069 4029
f 4069 4030 4029
f 4069 4070 4030
f 4070 4031 4030
f 4070 4071 4031
f 4071 4032 4031
f 4071 4072 4032
f 4072 4033 4032
f 4072 4073 4033
f 4073 4034 4033
f 4073 4074 4034
f 4074 3995 4034
f 4074 4035 3995
f 4075 4036 4035
f 4075 4076 4036
f 4076 4037 4036
f 4076 4077 4037
f 4077 4038 4037
f 4077 4078 4038
f 4078 4039 4038
f 4078 4079 4039
f 4079 4040 4039
f 4079 4080 4040
f 4080 4041 4040
f 4080 4081 4041
f 4081 4042 4041
f 4081 4082 4042
f 4082 4043 4042
f 4082 4083 4043
f 4083 4044 4043
f 4083 4084 4044
f 4084 4045 4044
f 4084 4085 4045
f 4085 4046 4045
f 4085 4086 4046
f 4086 4047 4046
f 4086 4087 4047
f 4087 4048 4047
f 4087 4088 4048
f 4088 4049 4048
f 4088 4089 4049
f 4089 4050 4049
f 4089 4090 4050
f 4090 4051 4050
f 4090 4091 4051
f 4091 4052 4051
f 4091 4092 4052
f 4092 4053 4052
f 4092 4093 4053
f 4093 4054 4053
f 4093 4094 4054
f 4094 4055 4054
f 4094 4095 4055
f 4095 4056 4055
f 4095 4096 4056
f 4096 4057 4056
f 4096 4097 4057
f 4097 4058 4057
f 4097 4098 4058
f 4098 4059 4058
f 4098 4099 4059
f 4099 4060 4059
f 4099 4100 4060
f 4100 4061 4060
f 4100 4101 4061
f 4101 4062 4061
f 4101 4102 4062
f 4102 4063 4062
f 4102 4103 4063
f 4103 4064 4063
f 4103 4104 4064
f 4104 4065 4064
f 4104 4105 4065
f 4105 4066 4065
f 4105 4106 4066
f 4106 4067 4066
f 4106 4107 4067
f 4107 4068 4067
f 4107 4108 4068
f 4108 4069 4068
f 4108 4109 4069
f 4109 4070 4069
f 4109 4110 4070
f 4110 4071 4070
f 4110 4111 4071
f 4111 4072 4071
f 4111 4112 4072
f 4112 4073 4072
f 4112 4113 4073
f 4113 4074 4073
f 4113 4114 4074
f 4114 4035 4074
f 4114 4075 4035
f 4115 4076 4075
f 4115 4116 4076
f 4116 4077 4076
f 4116 4117 4077
f 4117 4078 4077
f 4117 4118 4078
f 4118 4079 4078
f 4118 4119 4079
f 4119 4080 4079
f 4119 4120 4080
f 4120 4081 4080
f 4120 4121 4081
f 4121 4082 4081
f 4121 4122 4082
f 4122 4083 4082
f 4122 4123 4083
f 4123 4084 4083
f 4123 4124 4084
f 4124 4085 4084
f 4124 4125 4085
f 4125 4086 4085
f 4125 4126 4086
f 4126 4087 4086
f 4126 4127 4087
f 4127 4088 4087
f 4127 4128 4088
f 4128 4089 4088
f 4128 4129 4089
f 4129 4090 4089
f 4129 4130 4090
f 4130 4091 4090
f 4130 4131 4091
f 4131 4092 4091
f 4131 4132 4092
f 4132 4093 4092
f 4132 4133 4093
f 4133 4094 4093
f 4133 4134 4094
f 4134 4095 4094
f 4134 4135 4095
f 4135 4096 4095
f 4135 4136 4096
f 4136 4097 4096
f 4136 4137 4097
f 4137 4098 4097
f 4137 4138 4098
f 4138 4099 4098
f 4138 4139 4099
f 4139 4100 4099
f 4139 4140 4100
f 4140 4101 4100
f 4140 4141 4101
f 4141 4102 4101
f 4141 4142 4102
f 4142 4103 4102
f 4142 4143 4103
f 4143 4104 4103
f 4143 4144 4104
f 4144 4105 4104
f 4144 4145 4105
f 4145 4106 4105
f 4145 4146 4106
f 4146 4107 4106
f 4146 4147 4107
f 4147 4108 4107
f 4147 4148 4108
f 4148 4109 4108
f 4148 4149 4109
f 4149 4110 4109
f 4149 4150 4110
f 4150 4111 4110
f 4150 4151 4111
f 4151 4112 4111
f 4151 4152 4112
f 4152 4113 4112
f 4152 4153 4113
f 4153 4114 4113
f 4153 4154 4114
f 4154 4075 4114
f 4154 4115 4075
f 4155 4116 4115
f 4155 4156 4116
f 4156 4117 4116
f 4156 4157 4117
f 4157 4118 4117
f 4157 4158 4118
f 4158 4119 4118
f 4158 4159 4119
f 4159 4120 4119
f 4159 4160 4120
f 4160 4121 4120
f 4160 4161 4121
f 4161 4122 4121
f 4161 4162 4122
f 4162 4123 4122
f 4162 4163 4123
f 4163 4124 4123
f 4163 4164 4124
f 4164 4125 4124
f 4164 4165 4125
f 4165 4126 4125
f 4165 4166 4126
f 4166 4127 4126
f 4166 4167 4127
f 4167 4128 4127
f 4167 4168 4128
f 4168 4129 4128
f 4168 4169 4129
f 4169 4130 4129
f 4169 4170 4130
f 4170 4131 4130
f 4170 4171 4131
f 4171 4132 4131
f 4171 4172 4132
f 4172 4133 4132
f 4172 4173 4133
f 4173 4134 4133
f 4173 4174 4134
f 4174 4135 4134
f 4174 4175 4135
f 4175 4136 4135
f 4175 4176 4136
f 4176 4137 4136
f 4176 4177 4137
f 4177 4138 4137
f 4177 4178 4138
f 4178 4139 4138
f 4178 4179 4139
f 4179 4140 4139
f 4179 4180 4140
f 4180 4141 4140
f 4180 4181 4141
f 4181 4142 4141
f 4181 4182 4142
f 4182 4143 4142
f 4182 4183 4143
f 4183 4144 4143
f 4183 4184 4144
f 4184 4145 4144
f 4184 4185 4145
f 4185 4146 4145
f 4185 4186 4146
f 4186 4147 4146
f 4186 4187 4147
f 4187 4148 4147
f 4187 4188 4148
f 4188 4149 4148
f 4188 4189 4149
f 4189 4150 4149
f 4189 4190 4150
f 4190 4151 4150
f 4190 4191 4151
f 4191 4152 4151
f 4191 4192 4152
f 4192 4153 4152
f 4192 4193 4153
f 4193 4154 4153
f 4193 4194 4154
f 4194 4115 4154
f 4194 4155 4115
f 4195 4156 4155
f 4195 4196 4156
f 4196 4157 4156
f 4196 4197 4157
f 4197 4158 4157
f 4197 4198 4158
f 4198 4159 4158
f 4198 4199 4159
f 4199 4160 4159
f 4199 4200 4160
f 4200 4161 4160
f 4200 4201 4161
f 4201 4162 4161
f 4201 4202 4162
f 4202 4163 4162
f 4202 4203 4163
f 4203 4164 4163
f 4203 4204 4164
f 4204 4165 4164
f 4204 4205 4165
f 4205 4166 4165
f 4205 4206 4166
f 4206 4167 4166
f 4206 4207 4167
f 4207 4168 4167
f 4207 4208 4168
f 4208 4169 4168
f 4208 4209 4169
f 4209 4170 4169
f 4209 4210 4170
f 4210 4171 4170
f 4210 4211 4171
f 4211 4172 4171
f 4211 4212 4172
f 4212 4173 4172
f 4212 4213 4173
f 4213 4174 4173
f 4213 4214 4174
f 4214 4175 4174
f 4214 4215 4175
f 4215 4176 4175
f 4215 4216 4176
f 4216 4177 4176
f 4216 4217 4177
f 4217 4178 4177
f 4217 4218 4178
f 4218 4179 4178
f 4218 4219 4179
f 4219 4180 4179
f 4219 4220 4180
f 4220 4181 4180
f 4220 4221 4181
f 4221 4182 4181
f 4221 4222 4182
f 4222 4183 4182
f 4222 4223 4183
f 4223 4184 4183
f 4223 4224 4184
f 4224 4185 4184
f 4224 4225 4185
f 4225 4186 4185
f 4225 4226 4186
f 4226 4187 4186
f 4226 4227 4187
f 4227 4188 4187
f 4227 4228 4188
f 4228 4189 4188
f 4228 4229 4189
f 4229 4190 4189
f 4229 4230 4190
f 4230 4191 4190
f 4230 4231 4191
f 4231 4192 4191
f 4231 4232 4192
f 4232 4193 4192
f 4232 4233 4193
f 4233 4194 4193
f 4233 4234 4194
f 4234 4155 4194
f 4234 4195 4155
f 4235 4196 4195
f 4235 4236 4196
f 4236 4197 4196
f 4236 4237 4197
f 4237 4198 4197
f 4237 4238 4198
f 4238 4199 4198
f 4238 4239 4199
f 4239 4200 4199
f 4239 4240 4200
f 4240 4201 4200
f 4240 4241 4201
f 4241 4202 4201
f 4241 4242 4202
f 4242 4203 4202
f 4242 4243 4203
f 4243 4204 4203
f 4243 4244 4204
f 4244 4205 4204
f 4244 4245 4205
f 4245 4206 4205
f 4245 4246 4206
f 4246 4207 4206
f 4246 4247 4207
f 4247 4208 4207
f 4247 4248 4208
f 4248 4209 4208
f 4248 4249 4209
f 4249 4210 4209
f 4249 4250 4210
f 4250 4211 4210
f 4250 4251 4211
f 4251 4212 4211
f 4251 4252 4212
f 4252 4213 4212
f 4252 4253 4213
f 4253 4214 4213
f 4253 4254 4214
f 4254 4215 4214
f 4254 4255 4215
f 4255 4216 4215
f 4255 4256 4216
f 4256 4217 4216
f 4256 4257 4217
f 4257 4218 4217
f 4257 4258 4218
f 4258 4219 4218
f 4258 4259 4219
f 4259 4220 4219
f 4259 4260 4220
f 4260 4221 4220
f 4260 4261 4221
f 4261 4222 4221
f 4261 4262 4222
f 4262 4223 4222
f 4262 4263 4223
f 4263 4224 4223
f 4263 4264 4224
f 4264 4225 4224
f 4264 4265 4225
f 4265 4226 4225
f 4265 4266 4226
f 4266 4227 4226
f 4266 4267 4227
f 4267 4228 4227
f 4267 4268 4228
f 4268 4229 4228
f 4268 4269 4229
f 4269 4230 4229
f 4269 4270 4230
f 4270 4231 4230
f 4270 4271 4231
f 4271 4232 4231
f 4271 4272 4232
f 4272 4233 4232
f 4272 4273 4233
f 4273 4234 4233
f 4273 4274 4234
f 4274 4195 4234
f 4274 4235 4195
f 4275 4236 4235
f 4275 4276 4236
f 4276 4237 4236
f 4276 4277 4237
f 4277 4238 4237
f 4277 4278 4238
f 4278 4239 4238
f 4278 4279 4239
f 4279 4240 4239
f 4279 4280 4240
f 4280 4241 4240
f 4280 4281 4241
f 4281 4242 4241
f 4281 4282 4242
f 4282 4243 4242
f 4282 4283 4243
f 4283 4244 4243
f 4283 4284 4244
f 4284 4245 4244
f 4284 4285 4245
f 4285 4246 4245
f 4285 4286 4246
f 4286 4247 4246
f 4286 4287 4247
f 4287 4248 4247
f 4287 4288 4248
f 4288 4249 4248
f 4288 4289 4249
f 4289 4250 4249
f 4289 4290 4250
f 4290 4251 4250
f 4290 4291 4251
f 4291 4252 4251
f 4291 4292 4252
f 4292 4253 4252
f 4292 4293 4253
f 4293 4254 4253
f 4293 4294 4254
f 4294 4255 4254
f 4294 4295 4255
f 4295 4256 4255
f 4295 4296 4256
f 4296 4257 4256
f 4296 4297 4257
f 4297 4258 4257
f 4297 4298 4258
f 4298 4259 4258
f 4298 4299 4259
f 4299 4260 4259
f 4299 4300 4260
f 4300 4261 4260
f 4300 4301 4261
f 4301 4262 4261
f 4301 4302 4262
f 4302 4263 4262
f 4302 4303 4263
f 4303 4264 4263
f 4303 4304 4264
f 4304 4265 4264
f 4304 4305 4265
f 4305 4266 4265
f 4305 4306 4266
f 4306 4267 4266
f 4306 4307 4267
f 4307 4268 4267
f 4307 4308 4268
f 4308 4269 4268
f 4308 4309 4269
f 4309 4270 4269
f 4309 4310 4270
f 4310 4271 4270
f 4310 4311 4271
f 4311 4272 4271
f 4311 4312 4272
f 4312 4273 4272
f 4312 4313 4273
f 4313 4274 4273
f 4313 4314 4274
f 4314 4235 4274
f 4314 4275 4235
f 4315 4317 4318
f 4316 5038 5037
f 4315 4318 4319
f 4316 5039 5038
f 4315 4319 4320
f 4316 5040 5039
f 4315 4320 4321
f 4316 5041 5040
f 4315 4321 4322
f 4316 5042 5041
f 4315 4322 4323
f 4316 5043 5042
f 4315 4323 4324
f 4316 5044 5043
f 4315 4324 4325
f 4316 5045 5044
f 4315 4325 4326
f 4316 5046 5045
f 4315 4326 4327
f 4316 5047 5046
f 4315 4327 4328
f 4316 5048 5047
f 4315 4328 4329
f 4316 5049 5048
f 4315 4329 4330
f 4316 5050 5049
f 4315 4330 4331
f 4316 5051 5050
f 4315 4331 4332
f 4316 5052 5051
f 4315 4332 4333
f 4316 5053 5052
f 4315 4333 4334
f 4316 5054 5053
f 4315 4334 4335
f 4316 5055 5054
f 4315 4335 4336
f 4316 5056 5055
f 4315 4336 4337
f 4316 5057 5056
f 4315 4337 4338
f 4316 5058 5057
f 4315 4338 4339
f 4316 5059 5058
f 4315 4339 4340
f 4316 5060 5059
f 4315 4340 4341
f 4316 5061 5060
f 4315 4341 4342
f 4316 5062 5061
f 4315 4342 4343
f 4316 5063 5062
f 4315 4343 4344
f 4316 5064 5063
f 4315 4344 4345
f 4316 5065 5064
f 4315 4345 4346
f 4316 5066 5065
f 4315 4346 4347
f 4316 5067 5066
f 4315 4347 4348
f 4316 5068 5067
f 4315 4348 4349
f 4316 5069 5068
f 4315 4349 4350
f 4316 5070 5069
f 4315 4350 4351
f 4316 5071 5070
f 4315 4351 4352
f 4316 5072 5071
f 4315 4352 4353
f 4316 5073 5072
f 4315 4353 4354
f 4316 5074 5073
f 4315 4354 4355
f 4316 5075 5074
f 4315 4355 4356
f 4316 5076 5075
f 4315 4356 4317
f 4316 5037 5076
f 4357 4318 4317
f 4357 4358 4318
f 4358 4319 4318
f 4358 4359 4319
f 4359 4320 4319
f 4359 4360 4320
f 4360 4321 4320
f 4360 4361 4321
f 4361 4322 4321
f 4361 4362 4322
f 4362 4323 4322
f 4362 4363 4323
f 4363 4324 4323
f 4363 4364 4324
f 4364 4325 4324
f 4364 4365 4325
f 4365 4326 4325
f 4365 4366 4326
f 4366 4327 4326
f 4366 4367 4327
f 4367 4328 4327
f 4367 4368 4328
f 4368 4329 4328
f 4368 4369 4329
f 4369 4330 4329
f 4369 4370 4330
f 4370 4331 4330
f 4370 4371 4331
f 4371 4332 4331
f 4371 4372 4332
f 4372 4333 4332
f 4372 4373 4333
f 4373 4334 4333
f 4373 4374 4334
f 4374 4335 4334
f 4374 4375 4335
f 4375 4336 4335
f 4375 4376 4336
f 4376 4337 4336
f 4376 4377 4337
f 4377 4338 4337
f 4377 4378 4338
f 4378 4339 4338
f 4378 4379 4339
f 4379 4340 4339
f 4379 4380 4340
f 4380 4341 4340
f 4380 4381 4341
f 4381 4342 4341
f 4381 4382 4342
f 4382 4343 4342
f 4382 4383 4343
f 4383 4344 4343
f 4383 4384 4344
f 4384 4345 4344
f 4384 4385 4345
f 4385 4346 4345
f 4385 4386 4346
f 4386 4347 4346
f 4386 4387 4347
f 4387 4348 4347
f 4387 4388 4348
f 4388 4349 4348
f 4388 4389 4349
f 4389 4350 4349
f 4389 4390 4350
f 4390 4351 4350
f 4390 4391 4351
f 4391 4352 4351
f 4391 4392 4352
f 4392 4353 4352
f 4392 4393 4353
f 4393 4354 4353
f 4393 4394 4354
f 4394 4355 4354
f 4394 4395 4355
f 4395 4356 4355
f 4395 4396 4356
f 4396 4317 4356
f 4396 4357 4317
f 4397 4358 4357
f 4397 4398 4358
f 4398 4359 4358
f 4398 4399 4359
f 4399 4360 4359
f 4399 4400 4360
f 4400 4361 4360
f 4400 4401 4361
f 4401 4362 4361
f 4401 4402 4362
f 4402 4363 4362
f 4402 4403 4363
f 4403 4364 4363
f 4403 4404 4364
f 4404 4365 4364
f 4404 4405 4365
f 4405 4366 4365
f 4405 4406 4366
f 4406 4367 4366
f 4406 4407 4367
f 4407 4368 4367
f 4407 4408 4368
f 4408 4369 4368
f 4408 4409 4369
f 4409 4370 4369
f 4409 4410 4370
f 4410 4371 4370
f 4410 4411 4371
f 4411 4372 4371
f 4411 4412 4372
f 4412 4373 4372
f 4412 4413 4373
f 4413 4374 4373
f 4413 4414 4374
f 4414 4375 4374
f 4414 4415 4375
f 4415 4376 4375
f 4415 4416 4376
f 4416 4377 4376
f 4416 4417 4377
f 4417 4378 4377
f 4417 4418 4378
f 4418 4379 4378
f 4418 4419 4379
f 4419 4380 4379
f 4419 4420 4380
f 4420 4381 4380
f 4420 4421 4381
f 4421 4382 4381
f 4421 4422 4382
f 4422 4383 4382
f 4422 4423 4383
f 4423 4384 4383
f 4423 4424 4384
f 4424 4385 4384
f 4424 4425 4385
f 4425 4386 4385
f 4425 4426 4386
f 4426 4387 4386
f 4426 4427 4387
f 4427 4388 4387
f 4427 4428 4388
f 4428 4389 4388
f 4428 4429 4389
f 4429 4390 4389
f 4429 4430 4390
f 4430 4391 4390
f 4430 4431 4391
f 4431 4392 4391
f 4431 4432 4392
f 4432 4393 4392
f 4432 4433 4393
f 4433 4394 4393
f 4433 4434 4394
f 4434 4395 4394
f 4434 4435 4395
f 4435 4396 4395
f 4435 4436 4396
f 4436 4357 4396
f 4436 4397 4357
f 4437 4398 4397
f 4437 4438 4398
f 4438 4399 4398
f 4438 4439 4399
f 4439 4400 4399
f 4439 4440 4400
f 4440 4401 4400
f 4440 4441 4401
f 4441 4402 4401
f 4441 4442 4402
f 4442 4403 4402
f 4442 4443 4403
f 4443 4404 4403
f 4443 4444 4404
f 4444 4405 4404
f 4444 4445 4405
f 4445 4406 4405
f 4445 4446 4406
f 4446 4407 4406
f 4446 4447 4407
f 4447 4408 4407
f 4447 4448 4408
f 4448 4409 4408
f 4448 4449 4409
f 4449 4410 4409
f 4449 4450 4410
f 4450 4411 4410
f 4450 4451 4411
f 4451 4412 4411
f 4451 4452 4412
f 4452 4413 4412
f 4452 4453 4413
f 4453 4414 4413
f 4453 4454 4414
f 4454 4415 4414
f 4454 4455 4415
f 4455 4416 4415
f 4455 4456 4416
f 4456 4417 4416
f 4456 4457 4417
f 4457 4418 4417
f 4457 4458 4418
f 4458 4419 4418
f 4458 4459 4419
f 4459 4420 4419
f 4459 4460 4420
f 4460 4421 4420
f 4460 4461 4421
f 4461 4422 4421
f 4461 4462 4422
f 4462 4423 4422
f 4462 4463 4423
f 4463 4424 4423
f 4463 4464 4424
f 4464 4425 4424
f 4464 4465 4425
f 4465 4426 4425
f 4465 4466 4426
f 4466 4427 4426
f 4466 4467 4427
f 4467 4428 4427
f 4467 4468 4428
f 4468 4429 4428
f 4468 4469 4429
f 4469 4430 4429
f 4469 4470 4430
f 4470 4431 4430
f 4470 4471 4431
f 4471 4432 4431
f 4471 4472 4432
f 4472 4433 4432
f 4472 4473 4433
f 4473 4434 4433
f 4473 4474 4434
f 4474 4435 4434
f 4474 4475 4435
f 4475 4436 4435
f 4475 4476 4436
f 4476 4397 4436
f 4476 4437 4397
f 4477 4438 4437
f 4477 4478 4438
f 4478 4439 4438
f 4478 4479 4439
f 4479 4440 4439
f 4479 4480 4440
f 4480 4441 4440
f 4480 4481 4441
f 4481 4442 4441
f 4481 4482 4442
f 4482 4443 4442
f 4482 4483 4443
f 4483 4444 4443
f 4483 4484 4444
f 4484 4445 4444
f 4484 4485 4445
f 4485 4446 4445
f 4485 4486 4446
f 4486 4447 4446
f 4486 4487 4447
f 4487 4448 4447
f 4487 4488 4448
f 4488 4449 4448
f 4488 4489 4449
f 4489 4450 4449
f 4489 4490 4450
f 4490 4451 4450
f 4490 4491 4451
f 4491 4452 4451
f 4491 4492 4452
f 4492 4453 4452
f 4492 4493 4453
f 4493 4454 4453
f 4493 4494 4454
f 4494 4455 4454
f 4494 4495 4455
f 4495 4456 4455
f 4495 4496 4456
f 4496 4457 4456
f 4496 4497 4457
f 4497 4458 4457
f 4497 4498 4458
f 4498 4459 4458
f 4498 4499 4459
f 4499 4460 4459
f 4499 4500 4460
f 4500 4461 4460
f 4500 4501 4461
f 4501 4462 4461
f 4501 4502 4462
f 4502 4463 4462
f 4502 4503 4463
f 4503 4464 4463
f 4503 4504 4464
f 4504 4465 4464
f 4504 4505 4465
f 4505 4466 4465
f 4505 4506 4466
f 4506 4467 4466
f 4506 4507 4467
f 4507 4468 4467
f 4507 4508 4468
f 4508 4469 4468
f 4508 4509 4469
f 4509 4470 4469
f 4509 4510 4470
f 4510 4471 4470
f 4510 4511 4471
f 4511 4472 4471
f 4511 4512 4472
f 4512 4473 4472
f 4512 4513 4473
f 4513 4474 4473
f 4513 4514 4474
f 4514 4475 4474
f 4514 4515 4475
f 4515 4476 4475
f 4515 4516 4476
f 4516 4437 4476
f 4516 4477 4437
f 4517 4478 4477
f 4517 4518 4478
f 4518 4479 4478
f 4518 4519 4479
f 4519 4480 4479
f 4519 4520 4480
f 4520 4481 4480
f 4520 4521 4481
f 4521 4482 4481
f 4521 4522 4482
f 4522 4483 4482
f 4522 4523 4483
f 4523 4484 4483
f 4523 4524 4484
f 4524 4485 4484
f 4524 4525 4485
f 4525 4486 4485
f 4525 4526 4486
f 4526 4487 4486
f 4526 4527 4487
f 4527 4488 4487
f 4527 4528 4488
f 4528 4489 4488
f 4528 4529 4489
f 4529 4490 4489
f 4529 4530 4490
f 4530 4491 4490
f 4530 4531 4491
f 4531 4492 4491
f 4531 4532 4492
f 4532 4493 4492
f 4532 4533 4493
f 4533 4494 4493
f 4533 4534 4494
f 4534 4495 4494
f 4534 4535 4495
f 4535 4496 4495
f 4535 4536 4496
f 4536 4497 4496
f 4536 4537 4497
f 4537 4498 4497
f 4537 4538 4498
f 4538 4499 4498
f 4538 4539 4499
f 4539 4500 4499
f 4539 4540 4500
f 4540 4501 4500
f 4540 4541 4501
f 4541 4502 4501
f 4541 4542 4502
f 4542 4503 4502
f 4542 4543 4503
f 4543 4504 4503
f 4543 4544 4504
f 4544 4505 4504
f 4544 4545 4505
f 4545 4506 4505
f 4545 4546 4506
f 4546 4507 4506
f 4546 4547 4507
f 4547 4508 4507
f 4547 4548 4508
f 4548 4509 4508
f 4548 4549 4509
f 4549 4510 4509
f 4549 4550 4510
f 4550 4511 4510
f 4550 4551 4511
f 4551 4512 4511
f 4551 4552 4512
f 4552 4513 4512
f 4552 4553 4513
f 4553 4514 4513
f 4553 4554 4514
f 4554 4515 4514
f 4554 4555 4515
f 4555 4516 4515
f 4555 4556 4516
f 4556 4477 4516
f 4556 4517 4477
f 4557 4518 4517
f 4557 4558 4518
f 4558 4519 4518
f 4558 4559 4519
f 4559 4520 4519
f 4559 4560 4520
f 4560 4521 4520
f 4560 4561 4521
f 4561 4522 4521
f 4561 4562 4522
f 4562 4523 4522
f 4562 4563 4523
f 4563 4524 4523
f 4563 4564 4524
f 4564 4525 4524
f 4564 4565 4525
f 4565 4526 4525
f 4565 4566 4526
f 4566 4527 4526
f 4566 4567 4527
f 4567 4528 4527
f 4567 4568 4528
f 4568 4529 4528
f 4568 4569 4529
f 4569 4530 4529
f 4569 4570 4530
f 4570 4531 4530
f 4570 4571 4531
f 4571 4532 4531
f 4571 4572 4532
f 4572 4533 4532
f 4572 4573 4533
f 4573 4534 4533
f 4573 4574 4534
f 4574 4535 4534
f 4574 4575 4535
f 4575 4536 4535
f 4575 4576 4536
f 4576 4537 4536
f 4576 4577 4537
f 4577 4538 4537
f 4577 4578 4538
f 4578 4539 4538
f 4578 4579 4539
f 4579 4540 4539
f 4579 4580 4540
f 4580 4541 4540
f 4580 4581 4541
f 4581 4542 4541
f 4581 4582 4542
f 4582 4543 4542
f 4582 4583 4543
f 4583 4544 4543
f 4583 4584 4544
f 4584 4545 4544
f 4584 4585 4545
f 4585 4546 4545
f 4585 4586 4546
f 4586 4547 4546
f 4586 4587 4547
f 4587 4548 4547
f 4587 4588 4548
f 4588 4549 4548
f 4588 4589 4549
f 4589 4550 4549
f 4589 4590 4550
f 4590 4551 4550
f 4590 4591 4551
f 4591 4552 4551
f 4591 4592 4552
f 4592 4553 4552
f 4592 4593 4553
f 4593 4554 4553
f 4593 4594 4554
f 4594 4555 4554
f 4594 4595 4555
f 4595 4556 4555
f 4595 4596 4556
f 4596 4517 4556
f 4596 4557 4517
f 4597 4558 4557
f 4597 4598 4558
f 4598 4559 4558
f 4598 4599 4559
f 4599 4560 4559
f 4599 4600 4560
f 4600 4561 4560
f 4600 4601 4561
f 4601 4562 4561
f 4601 4602 4562
f 4602 4563 4562
f 4602 4603 4563
f 4603 4564 4563
f 4603 4604 4564
f 4604 4565 4564
f 4604 4605 4565
f 4605 4566 4565
f 4605 4606 4566
f 4606 4567 4566
f 4606 4607 4567
f 4607 4568 4567
f 4607 4608 4568
f 4608 4569 4568
f 4608 4609 4569
f 4609 4570 4569
f 4609 4610 4570
f 4610 4571 4570
f 4610 4611 4571
f 4611 4572 4571
f 4611 4612 4572
f 4612 4573 4572
f 4612 4613 4573
f 4613 4574 4573
f 4613 4614 4574
f 4614 4575 4574
f 4614 4615 4575
f 4615 4576 4575
f 4615 4616 4576
f 4616 4577 4576
f 4616 4617 4577
f 4617 4578 4577
f 4617 4618 4578
f 4618 4579 4578
f 4618 4619 4579
f 4619 4580 4579
f 4619 4620 4580
f 4620 4581 4580
f 4620 4621 4581
f 4621 4582 4581
f 4621 4622 4582
f 4622 4583 4582
f 4622 4623 4583
f 4623 4584 4583
f 4623 4624 4584
f 4624 4585 4584
f 4624 4625 4585
f 4625 4586 4585
f 4625 4626 4586
f 4626 4587 4586
f 4626 4627 4587
f 4627 4588 4587
f 4627 4628 4588
f 4628 4589 4588
f 4628 4629 4589
f 4629 4590 4589
f 4629 4630 4590
f 4630 4591 4590
f 4630 4631 4591
f 4631 4592 4591
f 4631 4632 4592
f 4632 4593 4592
f 4632 4633 4593
f 4633 4594 4593
f 4633 4634 4594
f 4634 4595 4594
f 4634 4635 4595
f 4635 4596 4595
f 4635 4636 4596
f 4636 4557 4596
f 4636 4597 4557
f 4637 4598 4597
f 4637 4638 4598
f 4638 4599 4598
f 4638 4639 4599
f 4639 4600 4599
f 4639 4640 4600
f 4640 4601 4600
f 4640 4641 4601
f 4641 4602 4601
f 4641 4642 4602
f 4642 4603 4602
f 4642 4643 4603
f 4643 4604 4603
f 4643 4644 4604
f 4644 4605 4604
f 4644 4645 4605
f 4645 4606 4605
f 4645 4646 4606
f 4646 4607 4606
f 4646 4647 4607
f 4647 4608 4607
f 4647 4648 4608
f 4648 4609 4608
f 4648 4649 4609
f 4649 4610 4609
f 4649 4650 4610
f 4650 4611 4610
f 4650 4651 4611
f 4651 4612 4611
f 4651 4652 4612
f 4652 4613 4612
f 4652 4653 4613
f 4653 4614 4613
f 4653 4654 4614
f 4654 4615 4614
f 4654 4655 4615
f 4655 4616 4615
f 4655 4656 4616
f 4656 4617 4616
f 4656 4657 4617
f 4657 4618 4617
f 4657 4658 4618
f 4658 4619 4618
f 4658 4659 4619
f 4659 4620 4619
f 4659 4660 4620
f 4660 4621 4620
f 4660 4661 4621
f 4661 4622 4621
f 4661 4662 4622
f 4662 4623 4622
f 4662 4663 4623
f 4663 4624 4623
f 4663 4664 4624
f 4664 4625 4624
f 4664 4665 4625
f 4665 4626 4625
f 4665 4666 4626
f 4666 4627 4626
f 4666 4667 4627
f 4667 4628 4627
f 4667 4668 4628
f 4668 4629 4628
f 4668 4669 4629
f 4669 4630 4629
f 4669 4670 4630
f 4670 4631 4630
f 4670 4671 4631
f 4671 4632 4631
f 4671 4672 4632
f 4672 4633 4632
f 4672 4673 4633
f 4673 4634 4633
f 4673 4674 4634
f 4674 4635 4634
f 4674 4675 4635
f 4675 4636 4635
f 4675 4676 4636
f 4676 4597 4636
f 4676 4637 4597
f 4677 4638 4637
f 4677 4678 4638
f 4678 4639 4638
f 4678 4679 4639
f 4679 4640 4639
f 4679 4680 4640
f 4680 4641 4640
f 4680 4681 4641
f 4681 4642 4641
f 4681 4682 4642
f 4682 4643 4642
f 4682 4683 4643
f 4683 4644 4643
f 4683 4684 4644
f 4684 4645 4644
f 4684 4685 4645
f 4685 4646 4645
f 4685 4686 4646
f 4686 4647 4646
f 4686 4687 4647
f 4687 4648 4647
f 4687 4688 4648
f 4688 4649 4648
f 4688 4689 4649
f 4689 4650 4649
f 4689 4690 4650
f 4690 4651 4650
f 4690 4691 4651
f 4691 4652 4651
f 4691 4692 4652
f 4692 4653 4652
f 4692 4693 4653
f 4693 4654 4653
f 4693 4694 4654
f 4694 4655 4654
f 4694 4695 4655
f 4695 4656 4655
f 4695 4696 4656
f 4696 4657 4656
f 4696 4697 4657
f 4697 4658 4657
f 4697 4698 4658
f 4698 4659 4658
f 4698 4699 4659
f 4699 4660 4659
f 4699 4700 4660
f 4700 4661 4660
f 4700 4701 4661
f 4701 4662 4661
f 4701 4702 4662
f 4702 4663 4662
f 4702 4703 4663
f 4703 4664 4663
f 4703 4704 4664
f 4704 4665 4664
f 4704 4705 4665
f 4705 4666 4665
f 4705 4706 4666
f 4706 4667 4666
f 4706 4707 4667
f 4707 4668 4667
f 4707 4708 4668
f 4708 4669 4668
f 4708 4709 4669
f 4709 4670 4669
f 4709 4710 4670
f 4710 4671 4670
f 4710 4711 4671
f 4711 4672 4671
f 4711 4712 4672
f 4712 4673 4672
f 4712 4713 4673
f 4713 4674 4673
f 4713 4714 4674
f 4714 4675 4674
f 4714 4715 4675
f 4715 4676 4675
f 4715 4716 4676
f 4716 4637 4676
f 4716 4677 4637
f 4717 4678 4677
f 4717 4718 4678
f 4718 4679 4678
f 4718 4719 4679
f 4719 4680 4679
f 4719 4720 4680
f 4720 4681 4680
f 4720 4721 4681
f 4721 4682 4681
f 4721 4722 4682
f 4722 4683 4682
f 4722 4723 4683
f 4723 4684 4683
f 4723 4724 4684
f 4724 4685 4684
f 4724 4725 4685
f 4725 4686 4685
f 4725 4726 4686
f 4726 4687 4686
f 4726 4727 4687
f 4727 4688 4687
f 4727 4728 4688
f 4728 4689 4688
f 4728 4729 4689
f 4729 4690 4689
f 4729 4730 4690
f 4730 4691 4690
f 4730 4731 4691
f 4731 4692 4691
f 4731 4732 4692
f 4732 4693 4692
f 4732 4733 4693
f 4733 4694 4693
f 4733 4734 4694
f 4734 4695 4694
f 4734 4735 4695
f 4735 4696 4695
f 4735 4736 4696
f 4736 4697 4696
f 4736 4737 4697
f 4737 4698 4697
f 4737 4738 4698
f 4738 4699 4698
f 4738 4739 4699
f 4739 4700 4699
f 4739 4740 4700
f 4740 4701 4700
f 4740 4741 4701
f 4741 4702 4701
f 4741 4742 4702
f 4742 4703 4702
f 4742 4743 4703
f 4743 4704 4703
f 4743 4744 4704
f 4744 4705 4704
f 4744 4745 4705
f 4745 4706 4705
f 4745 4746 4706
f 4746 4707 4706
f 4746 4747 4707
f 4747 4708 4707
f 4747 4748 4708
f 4748 4709 4708
f 4748 4749 4709
f 4749 4710 4709
f 4749 4750 4710
f 4750 4711 4710
f 4750 4751 4711
f 4751 4712 4711
f 4751 4752 4712
f 4752 4713 4712
f 4752 4753 4713
f 4753 4714 4713
f 4753 4754 4714
f 4754 4715 4714
f 4754 4755 4715
f 4755 4716 4715
f 4755 4756 4716
f 4756 4677 4716
f 4756 4717 4677
f 4757 4718 4717
f 4757 4758 4718
f 4758 4719 4718
f 4758 4759 4719
f 4759 4720 4719
f 4759 4760 4720
f 4760 4721 4720
f 4760 4761 4721
f 4761 4722 4721
f 4761 4762 4722
f 4762 4723 4722
f 4762 4763 4723
f 4763 4724 4723
f 4763 4764 4724
f 4764 4725 4724
f 4764 4765 4725
f 4765 4726 4725
f 4765 4766 4726
f 4766 4727 4726
f 4766 4767 4727
f 4767 4728 4727
f 4767 4768 4728
f 4768 4729 4728
f 4768 4769 4729
f 4769 4730 4729
f 4769 4770 4730
f 4770 4731 4730
f 4770 4771 4731
f 4771 4732 4731
f 4771 4772 4732
f 4772 4733 4732
f 4772 4773 4733
f 4773 4734 4733
f 4773 4774 4734
f 4774 4735 4734
f 4774 4775 4735
f 4775 4736 4735
f 4775 4776 4736
f 4776 4737 4736
f 4776 4777 4737
f 4777 4738 4737
f 4777 4778 4738
f 4778 4739 4738
f 4778 4779 4739
f 4779 4740 4739
f 4779 4780 4740
f 4780 4741 4740
f 4780 4781 4741
f 4781 4742 4741
f 4781 4782 4742
f 4782 4743 4742
f 4782 4783 4743
f 4783 4744 4743
f 4783 4784 4744
f 4784 4745 4744
f 4784 4785 4745
f 4785 4746 4745
f 4785 4786 4746
f 4786 4747 4746
f 4786 4787 4747
f 4787 4748 4747
f 4787 4788 4748
f 4788 4749 4748
f 4788 4789 4749
f 4789 4750 4749
f 4789 4790 4750
f 4790 4751 4750
f 4790 4791 4751
f 4791 4752 4751
f 4791 4792 4752
f 4792 4753 4752
f 4792 4793 4753
f 4793 4754 4753
f 4793 4794 4754
f 4794 4755 4754
f 4794 4795 4755
f 4795 4756 4755
f 4795 4796 4756
f 4796 4717 4756
f 4796 4757 4717
f 4797 4758 4757
f 4797 4798 4758
f 4798 4759 4758
f 4798 4799 4759
f 4799 4760 4759
f 4799 4800 4760
f 4800 4761 4760
f 4800 4801 4761
f 4801 4762 4761
f 4801 4802 4762
f 4802 4763 4762
f 4802 4803 4763
f 4803 4764 4763
f 4803 4804 4764
f 4804 4765 4764
f 4804 4805 4765
f 4805 4766 4765
f 4805 4806 4766
f 4806 4767 4766
f 4806 4807 4767
f 4807 4768 4767
f 4807 4808 4768
f 4808 4769 4768
f 4808 4809 4769
f 4809 4770 4769
f 4809 4810 4770
f 4810 4771 4770
f 4810 4811 4771
f 4811 4772 4771
f 4811 4812 4772
f 4812 4773 4772
f 4812 4813 4773
f 4813 4774 4773
f 4813 4814 4774
f 4814 4775 4774
f 4814 4815 4775
f 4815 4776 4775
f 4815 4816 4776
f 4816 4777 4776
f 4816 4817 4777
f 4817 4778 4777
f 4817 4818 4778
f 4818 4779 4778
f 4818 4819 4779
f 4819 4780 4779
f 4819 4820 4780
f 4820 4781 4780
f 4820 4821 4781
f 4821 4782 4781
f 4821 4822 4782
f 4822 4783 4782
f 4822 4823 4783
f 4823 4784 4783
f 4823 4824 4784
f 4824 4785 4784
f 4824 4825 4785
f 4825 4786 4785
f 4825 4826 4786
f 4826 4787 4786
f 4826 4827 4787
f 4827 4788 4787
f 4827 4828 4788
f 4828 4789 4788
f 4828 4829 4789
f 4829 4790 4789
f 4829 4830 4790
f 4830 4791 4790
f 4830 4831 4791
f 4831 4792 4791
f 4831 4832 4792
f 4832 4793 4792
f 4832 4833 4793
f 4833 4794 4793
f 4833 4834 4794
f 4834 4795 4794
f 4834 4835 4795
f 4835 4796 4795
f 4835 4836 4796
f 4836 4757 4796
f 4836 4797 4757
f 4837 4798 4797
f 4837 4838 4798
f 4838 4799 4798
f 4838 4839 4799
f 4839 4800 4799
f 4839 4840 4800
f 4840 4801 4800
f 4840 4841 4801
f 4841 4802 4801
f 4841 4842 4802
f 4842 4803 4802
f 4842 4843 4803
f 4843 4804 4803
f 4843 4844 4804
f 4844 4805 4804
f 4844 4845 4805
f 4845 4806 4805
f 4845 4846 4806
f 4846 4807 4806
f 4846 4847 4807
f 4847 4808 4807
f 4847 4848 4808
f 4848 4809 4808
f 4848 4849 4809
f 4849 4810 4809
f 4849 4850 4810
f 4850 4811 4810
f 4850 4851 4811
f 4851 4812 4811
f 4851 4852 4812
f 4852 4813 4812
f 4852 4853 4813
f 4853 4814 4813
f 4853 4854 4814
f 4854 4815 4814
f 4854 4855 4815
f 4855 4816 4815
f 4855 4856 4816
f 4856 4817 4816
f 4856 4857 4817
f 4857 4818 4817
f 4857 4858 4818
f 4858 4819 4818
f 4858 4859 4819
f 4859 4820 4819
f 4859 4860 4820
f 4860 4821 4820
f 4860 4861 4821
f 4861 4822 4821
f 4861 4862 4822
f 4862 4823 4822
f 4862 4863 4823
f 4863 4824 4823
f 4863 4864 4824
f 4864 4825 4824
f 4864 4865 4825
f 4865 4826 4825
f 4865 4866 4826
f 4866 4827 4826
f 4866 4867 4827
f 4867 4828 4827
f 4867 4868 4828
f 4868 4829 4828
f 4868 4869 4829
f 4869 4830 4829
f 4869 4870 4830
f 4870 4831 4830
f 4870 4871 4831
f 4871 4832 4831
f 4871 4872 4832
f 4872 4833 4832
f 4872 4873 4833
f 4873 4834 4833
f 4873 4874 4834
f 4874 4835 4834
f 4874 4875 4835
f 4875 4836 4835
f 4875 4876 4836
f 4876 4797 4836
f 4876 4837 4797
f 4877 4838 4837
f 4877 4878 4838
f 4878 4839 4838
f 4878 4879 4839
f 4879 4840 4839
f 4879 4880 4840
f 4880 4841 4840
f 4880 4881 4841
f 4881 4842 4841
f 4881 4882 4842
f 4882 4843 4842
f 4882 4883 4843
f 4883 4844 4843
f 4883 4884 4844
f 4884 4845 4844
f 4884 4885 4845
f 4885 4846 4845
f 4885 4886 4846
f 4886 4847 4846
f 4886 4887 4847
f 4887 4848 4847
f 4887 4888 4848
f 4888 4849 4848
f 4888 4889 4849
f 4889 4850 4849
f 4889 4890 4850
f 4890 4851 4850
f 4890 4891 4851
f 4891 4852 4851
f 4891 4892 4852
f 4892 4853 4852
f 4892 4893 4853
f 4893 4854 4853
f 4893 4894 4854
f 4894 4855 4854
f 4894 4895 4855
f 4895 4856 4855
f 4895 4896 4856
f 4896 4857 4856
f 4896 4897 4857
f 4897 4858 4857
f 4897 4898 4858
f 4898 4859 4858
f 4898 4899 4859
f 4899 4860 4859
f 4899 4900 4860
f 4900 4861 4860
f 4900 4901 4861
f 4901 4862 4861
f 4901 4902 4862
f 4902 4863 4862
f 4902 4903 4863
f 4903 4864 4863
f 4903 4904 4864
f 4904 4865 4864
f 4904 4905 4865
f 4905 4866 4865
f 4905 4906 4866
f 4906 4867 4866
f 4906 4907 4867
f 4907 4868 4867
f 4907 4908 4868
f 4908 4869 4868
f 4908 4909 4869
f 4909 4870 4869
f 4909 4910 4870
f 4910 4871 4870
f 4910 4911 4871
f 4911 4872 4871
f 4911 4912 4872
f 4912 4873 4872
f 4912 4913 4873
f 4913 4874 4873
f 4913 4914 4874
f 4914 4875 4874
f 4914 4915 4875
f 4915 4876 4875
f 4915 4916 4876
f 4916 4837 4876
f 4916 4877 4837
f 4917 4878 4877
f 4917 4918 4878
f 4918 4879 4878
f 4918 4919 4879
f 4919 4880 4879
f 4919 4920 4880
f 4920 4881 4880
f 4920 4921 4881
f 4921 4882 4881
f 4921 4922 4882
f 4922 4883 4882
f 4922 4923 4883
f 4923 4884 4883
f 4923 4924 4884
f 4924 4885 4884
f 4924 4925 4885
f 4925 4886 4885
f 4925 4926 4886
f 4926 4887 4886
f 4926 4927 4887
f 4927 4888 4887
f 4927 4928 4888
f 4928 4889 4888
f 4928 4929 4889
f 4929 4890 4889
f 4929 4930 4890
f 4930 4891 4890
f 4930 4931 4891
f 4931 4892 4891
f 4931 4932 4892
f 4932 4893 4892
f 4932 4933 4893
f 4933 4894 4893
f 4933 4934 4894
f 4934 4895 4894
f 4934 4935 4895
f 4935 4896 4895
f 4935 4936 4896
f 4936 4897 4896
f 4936 4937 4897
f 4937 4898 4897
f 4937 4938 4898
f 4938 4899 4898
f 4938 4939 4899
f 4939 4900 4899
f 4939 4940 4900
f 4940 4901 4900
f 4940 4941 4901
f 4941 4902 4901
f 4941 4942 4902
f 4942 4903 4902
f 4942 4943 4903
f 4943 4904 4903
f 4943 4944 4904
f 4944 4905 4904
f 4944 4945 4905
f 4945 4906 4905
f 4945 4946 4906
f 4946 4907 4906
f 4946 4947 4907
f 4947 4908 4907
f 4947 4948 4908
f 4948 4909 4908
f 4948 4949 4909
f 4949 4910 4909
f 4949 4950 4910
f 4950 4911 4910
f 4950 4951 4911
f 4951 4912 4911
f 4951 4952 4912
f 4952 4913 4912
f 4952 4953 4913
f 4953 4914 4913
f 4953 4954 4914
f 4954 4915 4914
f 4954 4955 4915
f 4955 4916 4915
f 4955 4956 4916
f 4956 4877 4916
f 4956 4917 4877
f 4957 4918 4917
f 4957 4958 4918
f 4958 4919 4918
f 4958 4959 4919
f 4959 4920 4919
f 4959 4960 4920
f 4960 4921 4920
f 4960 4961 4921
f 4961 4922 4921
f 4961 4962 4922
f 4962 4923 4922
f 4962 4963 4923
f 4963 4924 4923
f 4963 4964 4924
f 4964 4925 4924
f 4964 4965 4925
f 4965 4926 4925
f 4965 4966 4926
f 4966 4927 4926
f 4966 4967 4927
f 4967 4928 4927
f 4967 4968 4928
f 4968 4929 4928
f 4968 4969 4929
f 4969 4930 4929
f 4969 4970 4930
f 4970 4931 4930
f 4970 4971 4931
f 4971 4932 4931
f 4971 4972 4932
f 4972 4933 4932
f 4972 4973 4933
f 4973 4934 4933
f 4973 4974 4934
f 4974 4935 4934
f 4974 4975 4935
f 4975 4936 4935
f 4975 4976 4936
f 4976 4937 4936
f 4976 4977 4937
f 4977 4938 4937
f 4977 4978 4938
f 4978 4939 4938
f 4978 4979 4939
f 4979 4940 4939
f 4979 4980 4940
f 4980 4941 4940
f 4980 4981 4941
f 4981 4942 4941
f 4981 4982 4942
f 4982 4943 4942
f 4982 4983 4943
f 4983 4944 4943
f 4983 4984 4944
f 4984 4945 4944
f 4984 4985 4945
f 4985 4946 4945
f 4985 4986 4946
f 4986 4947 4946
f 4986 4987 4947
f 4987 4948 4947
f 4987 4988 4948
f 4988 4949 4948
f 4988 4989 4949
f 4989 4950 4949
f 4989 4990 4950
f 4990 4951 4950
f 4990 4991 4951
f 4991 4952 4951
f 4991 4992 4952
f 4992 4953 4952
f 4992 4993 4953
f 4993 4954 4953
f 4993 4994 4954
f 4994 4955 4954
f 4994 4995 4955
f 4995 4956 4955
f 4995 4996 4956
f 4996 4917 4956
f 4996 4957 4917
f 4997 4958 4957
f 4997 4998 4958
f 4998 4959 4958
f 4998 4999 4959
f 4999 4960 4959
f 4999 5000 4960
f 5000 4961 4960
f 5000 5001 4961
f 5001 4962 4961
f 5001 5002 4962
f 5002 4963 4962
f 5002 5003 4963
f 5003 4964 4963
f 5003 5004 4964
f 5004 4965 4964
f 5004 5005 4965
f 5005 4966 4965
f 5005 5006 4966
f 5006 4967 4966
f 5006 5007 4967
f 5007 4968 4967
f 5007 5008 4968
f 5008 4969 4968
f 5008 5009 4969
f 5009 4970 4969
f 5009 5010 4970
f 5010 4971 4970
f 5010 5011 4971
f 5011 4972 4971
f 5011 5012 4972
f 5012 4973 4972
f 5012 5013 4973
f 5013 4974 4973
f 5013 5014 4974
f 5014 4975 4974
f 5014 5015 4975
f 5015 4976 4975
f 5015 5016 4976
f 5016 4977 4976
f 5016 5017 4977
f 5017 4978 4977
f 5017 5018 4978
f 5018 4979 4978
f 5018 5019 4979
f 5019 4980 4979
f 5019 5020 4980
f 5020 4981 4980
f 5020 5021 4981
f 5021 4982 4981
f 5021 5022 4982
f 5022 4983 4982
f 5022 5023 4983
f 5023 4984 4983
f 5023 5024 4984
f 5024 4985 4984
f 5024 5025 4985
f 5025 4986 4985
f 5025 5026 4986
f 5026 4987 4986
f 5026 5027 4987
f 5027 4988 4987
f 5027 5028 4988
f 5028 4989 4988
f 5028 5029 4989
f 5029 4990 4989
f 5029 5030 4990
f 5030 4991 4990
f 5030 5031 4991
f 5031 4992 4991
f 5031 5032 4992
f 5032 4993 4992
f 5032 5033 4993
f 5033 4994 4993
f 5033 5034 4994
f 5034 4995 4994
f 5034 5035 4995
f 5035 4996 4995
f 5035 5036 4996
f 5036 4957 4996
f 5036 4997 4957
f 5037 4998 4997
f 5037 5038 4998
f 5038 4999 4998
f 5038 5039 4999
f 5039 5000 4999
f 5039 5040 5000
f 5040 5001 5000
f 5040 5041 5001
f 5041 5002 5001
f 5041 5042 5002
f 5042 5003 5002
f 5042 5043 5003
f 5043 5004 5003
f 5043 5044 5004
f 5044 5005 5004
f 5044 5045 5005
f 5045 5006 5005
f 5045 5046 5006
f 5046 5007 5006
f 5046 5047 5007
f 5047 5008 5007
f 5047 5048 5008
f 5048 5009 5008
f 5048 5049 5009
f 5049 5010 5009
f 5049 5050 5010
f 5050 5011 5010
f 5050 5051 5011
f 5051 5012 5011
f 5051 5052 5012
f 5052 5013 5012
f 5052 5053 5013
f 5053 5014 5013
f 5053 5054 5014
f 5054 5015 5014
f 5054 5055 5015
f 5055 5016 5015
f 5055 5056 5016
f 5056 5017 5016
f 5056 5057 5017
f 5057 5018 5017
f 5057 5058 5018
f 5058 5019 5018
f 5058 5059 5019
f 5059 5020 5019
f 5059 5060 5020
f 5060 5021 5020
f 5060 5061 5021
f 5061 5022 5021
f 5061 5062 5022
f 5062 5023 5022
f 5062 5063 5023
f 5063 5024 5023
f 5063 5064 5024
f 5064 5025 5024
f 5064 5065 5025
f 5065 5026 5025
f 5065 5066 5026
f 5066 5027 5026
f 5066 5067 5027
f 5067 5028 5027
f 5067 5068 5028
f 5068 5029 5028
f 5068 5069 5029
f 5069 5030 5029
f 5069 5070 5030
f 5070 5031 5030
f 5070 5071 5031
f 5071 5032 5031
f 5071 5072 5032
f 5072 5033 5032
f 5072 5073 5033
f 5073 5034 5033
f 5073 5074 5034
f 5074 5035 5034
f 5074 5075 5035
f 5075 5036 5035
f 5075 5076 5036
f 5076 4997 5036
f 5076 5037 4997
f 5077 5079 5080
f 5078 5800 5799
f 5077 5080 5081
f 5078 5801 5800
f 5077 5081 5082
f 5078 5802 5801
f 5077 5082 5083
f 5078 5803 5802
f 5077 5083 5084
f 5078 5804 5803
f 5077 5084 5085
f 5078 5805 5804
f 5077 5085 5086
f 5078 5806 5805
f 5077 5086 5087
f 5078 5807 5806
f 5077 5087 5088
f 5078 5808 5807
f 5077 5088 5089
f 5078 5809 5808
f 5077 5089 5090
f 5078 5810 5809
f 5077 5090 5091
f 5078 5811 5810
f 5077 5091 5092
f 5078 5812 5811
f 5077 5092 5093
f 5078 5813 5812
f 5077 5093 5094
f 5078 5814 5813
f 5077 5094 5095
f 5078 5815 5814
f 5077 5095 5096
f 5078 5816 5815
f 5077 5096 5097
f 5078 5817 5816
f 5077 5097 5098
f 5078 5818 5817
f 5077 5098 5099
f 5078 5819 5818
f 5077 5099 5100
f 5078 5820 5819
f 5077 5100 5101
f 5078 5821 5820
f 5077 5101 5102
f 5078 5822 5821
f 5077 5102 5103
f 5078 5823 5822
f 5077 5103 5104
f 5078 5824 5823
f 5077 5104 5105
f 5078 5825 5824
f 5077 5105 5106
f 5078 5826 5825
f 5077 5106 5107
f 5078 5827 5826
f 5077 5107 5108
f 5078 5828 5827
f 5077 5108 5109
f 5078 5829 5828
f 5077 5109 5110
f 5078 5830 5829
f 5077 5110 5111
f 5078 5831 5830
f 5077 5111 5112
f 5078 5832 5831
f 5077 5112 5113
f 5078 5833 5832
f 5077 5113 5114
f 5078 5834 5833
f 5077 5114 5115
f 5078 5835 5834
f 5077 5115 5116
f 5078 5836 5835
f 5077 5116 5117
f 5078 5837 5836
f 5077 5117 5118
f 5078 5838 5837
f 5077 5118 5079
f 5078 5799 5838
f 5119 5080 5079
f 5119 5120 5080
f 5120 5081 5080
f 5120 5121 5081
f 5121 5082 5081
f 5121 5122 5082
f 5122 5083 5082
f 5122 5123 5083
f 5123 5084 5083
f 5123 5124 5084
f 5124 5085 5084
f 5124 5125 5085
f 5125 5086 5085
f 5125 5126 5086
f 5126 5087 5086
f 5126 5127 5087
f 5127 5088 5087
f 5127 5128 5088
f 5128 5089 5088
f 5128 5129 5089
f 5129 5090 5089
f 5129 5130 5090
f 5130 5091 5090
f 5130 5131 5091
f 5131 5092 5091
f 5131 5132 5092
f 5132 5093 5092
f 5132 5133 5093
f 5133 5094 5093
f 5133 5134 5094
f 5134 5095 5094
f 5134 5135 5095
f 5135 5096 5095
f 5135 5136 5096
f 5136 5097 5096
f 5136 5137 5097
f 5137 5098 5097
f 5137 5138 5098
f 5138 5099 5098
f 5138 5139 5099
f 5139 5100 5099
f 5139 5140 5100
f 5140 5101 5100
f 5140 5141 5101
f 5141 5102 5101
f 5141 5142 5102
f 5142 5103 5102
f 5142 5143 5103
f 5143 5104 5103
f 5143 5144 5104
f 5144 5105 5104
f 5144 5145 5105
f 5145 5106 5105
f 5145 5146 5106
f 5146 5107 5106
f 5146 5147 5107
f 5147 5108 5107
f 5147 5148 5108
f 5148 5109 5108
f 5148 5149 5109
f 5149 5110 5109
f 5149 5150 5110
f 5150 5111 5110
f 5150 5151 5111
f 5151 5112 5111
f 5151 5152 5112
f 5152 5113 5112
f 5152 5153 5113
f 5153 5114 5113
f 5153 5154 5114
f 5154 5115 5114
f 5154 5155 5115
f 5155 5116 5115
f 5155 5156 5116
f 5156 5117 5116
f 5156 5157 5117
f 5157 5118 5117
f 5157 5158 5118
f 5158 5079 5118
f 5158 5119 5079
f 5159 5120 5119
f 5159 5160 5120
f 5160 5121 5120
f 5160 5161 5121
f 5161 5122 5121
f 5161 5162 5122
f 5162 5123 5122
f 5162 5163 5123
f 5163 5124 5123
f 5163 5164 5124
f 5164 5125 5124
f 5164 5165 5125
f 5165 5126 5125
f 5165 5166 5126
f 5166 5127 5126
f 5166 5167 5127
f 5167 5128 5127
f 5167 5168 5128
f 5168 5129 5128
f 5168 5169 5129
f 5169 5130 5129
f 5169 5170 5130
f 5170 5131 5130
f 5170 5171 5131
f 5171 5132 5131
f 5171 5172 5132
f 5172 5133 5132
f 5172 5173 5133
f 5173 5134 5133
f 5173 5174 5134
f 5174 5135 5134
f 5174 5175 5135
f 5175 5136 5135
f 5175 5176 5136
f 5176 5137 5136
f 5176 5177 5137
f 5177 5138 5137
f 5177 5178 5138
f 5178 5139 5138
f 5178 5179 5139
f 5179 5140 5139
f 5179 5180 5140
f 5180 5141 5140
f 5180 5181 5141
f 5181 5142 5141
f 5181 5182 5142
f 5182 5143 5142
f 5182 5183 5143
f 5183 5144 5143
f 5183 5184 5144
f 5184 5145 5144
f 5184 5185 5145
f 5185 5146 5145
f 5185 5186 5146
f 5186 5147 5146
f 5186 5187 5147
f 5187 5148 5147
f 5187 5188 5148
f 5188 5149 5148
f 5188 5189 5149
f 5189 5150 5149
f 5189 5190 5150
f 5190 5151 5150
f 5190 5191 5151
f 5191 5152 5151
f 5191 5192 5152
f 5192 5153 5152
f 5192 5193 5153
f 5193 5154 5153
f 5193 5194 5154
f 5194 5155 5154
f 5194 5195 5155
f 5195 5156 5155
f 5195 5196 5156
f 5196 5157 5156
f 5196 5197 5157
f 5197 5158 5157
f 5197 5198 5158
f 5198 5119 5158
f 5198 5159 5119
f 5199 5160 5159
f 5199 5200 5160
f 5200 5161 5160
f 5200 5201 5161
f 5201 5162 5161
f 5201 5202 5162
f 5202 5163 5162
f 5202 5203 5163
f 5203 5164 5163
f 5203 5204 5164
f 5204 5165 5164
f 5204 5205 5165
f 5205 5166 5165
f 5205 5206 5166
f 5206 5167 5166
f 5206 5207 5167
f 5207 5168 5167
f 5207 5208 5168
f 5208 5169 5168
f 5208 5209 5169
f 5209 5170 5169
f 5209 5210 5170
f 5210 5171 5170
f 5210 5211 5171
f 5211 5172 5171
f 5211 5212 5172
f 5212 5173 5172
f 5212 5213 5173
f 5213 5174 5173
f 5213 5214 5174
f 5214 5175 5174
f 5214 5215 5175
f 5215 5176 5175
f 5215 5216 5176
f 5216 5177 5176
f 5216 5217 5177
f 5217 5178 5177
f 5217 5218 5178
f 5218 5179 5178
f 5218 5219 5179
f 5219 5180 5179
f 5219 5220 5180
f 5220 5181 5180
f 5220 5221 5181
f 5221 5182 5181
f 5221 5222 5182
f 5222 5183 5182
f 5222 5223 5183
f 5223 5184 5183
f 5223 5224 5184
f 5224 5185 5184
f 5224 5225 5185
f 5225 5186 5185
f 5225 5226 5186
f 5226 5187 5186
f 5226 5227 5187
f 5227 5188 5187
f 5227 5228 5188
f 5228 5189 5188
f 5228 5229 5189
f 5229 5190 5189
f 5229 5230 5190
f 5230 5191 5190
f 5230 5231 5191
f 5231 5192 5191
f 5231 5232 5192
f 5232 5193 5192
f 5232 5233 5193
f 5233 5194 5193
f 5233 5234 5194
f 5234 5195 5194
f 5234 5235 5195
f 5235 5196 5195
f 5235 5236 5196
f 5236 5197 5196
f 5236 5237 5197
f 5237 5198 5197
f 5237 5238 5198
f 5238 5159 5198
f 5238 5199 5159
f 5239 5200 5199
f 5239 5240 5200
f 5240 5201 5200
f 5240 5241 5201
f 5241 5202 5201
f 5241 5242 5202
f 5242 5203 5202
f 5242 5243 5203
f 5243 5204 5203
f 5243 5244 5204
f 5244 5205 5204
f 5244 5245 5205
f 5245 5206 5205
f 5245 5246 5206
f 5246 5207 5206
f 5246 5247 5207
f 5247 5208 5207
f 5247 5248 5208
f 5248 5209 5208
f 5248 5249 5209
f 5249 5210 5209
f 5249 5250 5210
f 5250 5211 5210
f 5250 5251 5211
f 5251 5212 5211
f 5251 5252 5212
f 5252 5213 5212
f 5252 5253 5213
f 5253 5214 5213
f 5253 5254 5214
f 5254 5215 5214
f 5254 5255 5215
f 5255 5216 5215
f 5255 5256 5216
f 5256 5217 5216
f 5256 5257 5217
f 5257 5218 5217
f 5257 5258 5218
f 5258 5219 5218
f 5258 5259 5219
f 5259 5220 5219
f 5259 5260 5220
f 5260 5221 5220
f 5260 5261 5221
f 5261 5222 5221
f 5261 5262 5222
f 5262 5223 5222
f 5262 5263 5223
f 5263 5224 5223
f 5263 5264 5224
f 5264 5225 5224
f 5264 5265 5225
f 5265 5226 5225
f 5265 5266 5226
f 5266 5227 5226
f 5266 5267 5227
f 5267 5228 5227
f 5267 5268 5228
f 5268 5229 5228
f 5268 5269 5229
f 5269 5230 5229
f 5269 5270 5230
f 5270 5231 5230
f 5270 5271 5231
f 5271 5232 5231
f 5271 5272 5232
f 5272 5233 5232
f 5272 5273 5233
f 5273 5234 5233
f 5273 5274 5234
f 5274 5235 5234
f 5274 5275 5235
f 5275 5236 5235
f 5275 5276 5236
f 5276 5237 5236
f 5276 5277 5237
f 5277 5238 5237
f 5277 5278 5238
f 5278 5199 5238
f 5278 5239 5199
f 5279 5240 5239
f 5279 5280 5240
f 5280 5241 5240
f 5280 5281 5241
f 5281 5242 5241
f 5281 5282 5242
f 5282 5243 5242
f 5282 5283 5243
f 5283 5244 5243
f 5283 5284 5244
f 5284 5245 5244
f 5284 5285 5245
f 5285 5246 5245
f 5285 5286 5246
f 5286 5247 5246
f 5286 5287 5247
f 5287 5248 5247
f 5287 5288 5248
f 5288 5249 5248
f 5288 5289 5249
f 5289 5250 5249
f 5289 5290 5250
f 5290 5251 5250
f 5290 5291 5251
f 5291 5252 5251
f 5291 5292 5252
f 5292 5253 5252
f 5292 5293 5253
f 5293 5254 5253
f 5293 5294 5254
f 5294 5255 5254
f 5294 5295 5255
f 5295 5256 5255
f 5295 5296 5256
f 5296 5257 5256
f 5296 5297 5257
f 5297 5258 5257
f 5297 5298 5258
f 5298 5259 5258
f 5298 5299 5259
f 5299 5260 5259
f 5299 5300 5260
f 5300 5261 5260
f 5300 5301 5261
f 5301 5262 5261
f 5301 5302 5262
f 5302 5263 5262
f 5302 5303 5263
f 5303 5264 5263
f 5303 5304 5264
f 5304 5265 5264
f 5304 5305 5265
f 5305 5266 5265
f 5305 5306 5266
f 5306 5267 5266
f 5306 5307 5267
f 5307 5268 5267
f 5307 5308 5268
f 5308 5269 5268
f 5308 5309 5269
f 5309 5270 5269
f 5309 5310 5270
f 5310 5271 5270
f 5310 5311 5271
f 5311 5272 5271
f 5311 5312 5272
f 5312 5273 5272
f 5312 5313 5273
f 5313 5274 5273
f 5313 5314 5274
f 5314 5275 5274
f 5314 5315 5275
f 5315 5276 5275
f 5315 5316 5276
f 5316 5277 5276
f 5316 5317 5277
f 5317 5278 5277
f 5317 5318 5278
f 5318 5239 5278
f 5318 5279 5239
f 5319 5280 5279
f 5319 5320 5280
f 5320 5281 5280
f 5320 5321 5281
f 5321 5282 5281
f 5321 5322 5282
f 5322 5283 5282
f 5322 5323 5283
f 5323 5284 5283
f 5323 5324 5284
f 5324 5285 5284
f 5324 5325 5285
f 5325 5286 5285
f 5325 5326 5286
f 5326 5287 5286
f 5326 5327 5287
f 5327 5288 5287
f 5327 5328 5288
f 5328 5289 5288
f 5328 5329 5289
f 5329 5290 5289
f 5329 5330 5290
f 5330 5291 5290
f 5330 5331 5291
f 5331 5292 5291
f 5331 5332 5292
f 5332 5293 5292
f 5332 5333 5293
f 5333 5294 5293
f 5333 5334 5294
f 5334 5295 5294
f 5334 5335 5295
f 5335 5296 5295
f 5335 5336 5296
f 5336 5297 5296
f 5336 5337 5297
f 5337 5298 5297
f 5337 5338 5298
f 5338 5299 5298
f 5338 5339 5299
f 5339 5300 5299
f 5339 5340 5300
f 5340 5301 5300
f 5340 5341 5301
f 5341 5302 5301
f 5341 5342 5302
f 5342 5303 5302
f 5342 5343 5303
f 5343 5304 5303
f 5343 5344 5304
f 5344 5305 5304
f 5344 5345 5305
f 5345 5306 5305
f 5345 5346 5306
f 5346 5307 5306
f 5346 5347 5307
f 5347 5308 5307
f 5347 5348 5308
f 5348 5309 5308
f 5348 5349 5309
f 5349 5310 5309
f 5349 5350 5310
f 5350 5311 5310
f 5350 5351 5311
f 5351 5312 5311
f 5351 5352 5312
f 5352 5313 5312
f 5352 5353 5313
f 5353 5314 5313
f 5353 5354 5314
f 5354 5315 5314
f 5354 5355 5315
f 5355 5316 5315
f 5355 5356 5316
f 5356 5317 5316
f 5356 5357 5317
f 5357 5318 5317
f 5357 5358 5318
f 5358 5279 5318
f 5358 5319 5279
f 5359 5320 5319
f 5359 5360 5320
f 5360 5321 5320
f 5360 5361 5321
f 5361 5322 5321
f 5361 5362 5322
f 5362 5323 5322
f 5362 5363 5323
f 5363 5324 5323
f 5363 5364 5324
f 5364 5325 5324
f 5364 5365 5325
f 5365 5326 5325
f 5365 5366 5326
f 5366 5327 5326
f 5366 5367 5327
f 5367 5328 5327
f 5367 5368 5328
f 5368 5329 5328
f 5368 5369 5329
f 5369 5330 5329
f 5369 5370 5330
f 5370 5331 5330
f 5370 5371 5331
f 5371 5332 5331
f 5371 5372 5332
f 5372 5333 5332
f 5372 5373 5333
f 5373 5334 5333
f 5373 5374 5334
f 5374 5335 5334
f 5374 5375 5335
f 5375 5336 5335
f 5375 5376 5336
f 5376 5337 5336
f 5376 5377 5337
f 5377 5338 5337
f 5377 5378 5338
f 5378 5339 5338
f 5378 5379 5339
f 5379 5340 5339
f 5379 5380 5340
f 5380 5341 5340
f 5380 5381 5341
f 5381 5342 5341
f 5381 5382 5342
f 5382 5343 5342
f 5382 5383 5343
f 5383 5344 5343
f 5383 5384 5344
f 5384 5345 5344
f 5384 5385 5345
f 5385 5346 5345
f 5385 5386 5346
f 5386 5347 5346
f 5386 5387 5347
f 5387 5348 5347
f 5387 5388 5348
f 5388 5349 5348
f 5388 5389 5349
f 5389 5350 5349
f 5389 5390 5350
f 5390 5351 5350
f 5390 5391 5351
f 5391 5352 5351
f 5391 5392 5352
f 5392 5353 5352
f 5392 5393 5353
f 5393 5354 5353
f 5393 5394 5354
f 5394 5355 5354
f 5394 5395 5355
f 5395 5356 5355
f 5395 5396 5356
f 5396 5357 5356
f 5396 5397 5357
f 5397 5358 5357
f 5397 5398 5358
f 5398 5319 5358
f 5398 5359 5319
f 5399 5360 5359
f 5399 5400 5360
f 5400 5361 5360
f 5400 5401 5361
f 5401 5362 5361
f 5401 5402 5362
f 5402 5363 5362
f 5402 5403 5363
f 5403 5364 5363
f 5403 5404 5364
f 5404 5365 5364
f 5404 5405 5365
f 5405 5366 5365
f 5405 5406 5366
f 5406 5367 5366
f 5406 5407 5367
f 5407 5368 5367
f 5407 5408 5368
f 5408 5369 5368
f 5408 5409 5369
f 5409 5370 5369
f 5409 5410 5370
f 5410 5371 5370
f 5410 5411 5371
f 5411 5372 5371
f 5411 5412 5372
f 5412 5373 5372
f 5412 5413 5373
f 5413 5374 5373
f 5413 5414 5374
f 5414 5375 5374
f 5414 5415 5375
f 5415 5376 5375
f 5415 5416 5376
f 5416 5377 5376
f 5416 5417 5377
f 5417 5378 5377
f 5417 5418 5378
f 5418 5379 5378
f 5418 5419 5379
f 5419 5380 5379
f 5419 5420 5380
f 5420 5381 5380
f 5420 5421 5381
f 5421 5382 5381
f 5421 5422 5382
f 5422 5383 5382
f 5422 5423 5383
f 5423 5384 5383
f 5423 5424 5384
f 5424 5385 5384
f 5424 5425 5385
f 5425 5386 5385
f 5425 5426 5386
f 5426 5387 5386
f 5426 5427 5387
f 5427 5388 5387
f 5427 5428 5388
f 5428 5389 5388
f 5428 5429 5389
f 5429 5390 5389
f 5429 5430 5390
f 5430 5391 5390
f 5430 5431 5391
f 5431 5392 5391
f 5431 5432 5392
f 5432 5393 5392
f 5432 5433 5393
f 5433 5394 5393
f 5433 5434 5394
f 5434 5395 5394
f 5434 5435 5395
f 5435 5396 5395
f 5435 5436 5396
f 5436 5397 5396
f 5436 5437 5397
f 5437 5398 5397
f 5437 5438 5398
f 5438 5359 5398
f 5438 5399 5359
f 5439 5400 5399
f 5439 5440 5400
f 5440 5401 5400
f 5440 5441 5401
f 5441 5402 5401
f 5441 5442 5402
f 5442 5403 5402
f 5442 5443 5403
f 5443 5404 5403
f 5443 5444 5404
f 5444 5405 5404
f 5444 5445 5405
f 5445 5406 5405
f 5445 5446 5406
f 5446 5407 5406
f 5446 5447 5407
f 5447 5408 5407
f 5447 5448 5408
f 5448 5409 5408
f 5448 5449 5409
f 5449 5410 5409
f 5449 5450 5410
f 5450 5411 5410
f 5450 5451 5411
f 5451 5412 5411
f 5451 5452 5412
f 5452 5413 5412
f 5452 5453 5413
f 5453 5414 5413
f 5453 5454 5414
f 5454 5415 5414
f 5454 5455 5415
f 5455 5416 5415
f 5455 5456 5416
f 5456 5417 5416
f 5456 5457 5417
f 5457 5418 5417
f 5457 5458 5418
f 5458 5419 5418
f 5458 5459 5419
f 5459 5420 5419
f 5459 5460 5420
f 5460 5421 5420
f 5460 5461 5421
f 5461 5422 5421
f 5461 5462 5422
f 5462 5423 5422
f 5462 5463 5423
f 5463 5424 5423
f 5463 5464 5424
f 5464 5425 5424
f 5464 5465 5425
f 5465 5426 5425
f 5465 5466 5426
f 5466 5427 5426
f 5466 5467 5427
f 5467 5428 5427
f 5467 5468 5428
f 5468 5429 5428
f 5468 5469 5429
f 5469 5430 5429
f 5469 5470 5430
f 5470 5431 5430
f 5470 5471 5431
f 5471 5432 5431
f 5471 5472 5432
f 5472 5433 5432
f 5472 5473 5433
f 5473 5434 5433
f 5473 5474 5434
f 5474 5435 5434
f 5474 5475 5435
f 5475 5436 5435
f 5475 5476 5436
f 5476 5437 5436
f 5476 5477 5437
f 5477 5438 5437
f 5477 5478 5438
f 5478 5399 5438
f 5478 5439 5399
f 5479 5440 5439
f 5479 5480 5440
f 5480 5441 5440
f 5480 5481 5441
f 5481 5442 5441
f 5481 5482 5442
f 5482 5443 5442
f 5482 5483 5443
f 5483 5444 5443
f 5483 5484 5444
f 5484 5445 5444
f 5484 5485 5445
f 5485 5446 5445
f 5485 5486 5446
f 5486 5447 5446
f 5486 5487 5447
f 5487 5448 5447
f 5487 5488 5448
f 5488 5449 5448
f 5488 5489 5449
f 5489 5450 5449
f 5489 5490 5450
f 5490 5451 5450
f 5490 5491 5451
f 5491 5452 5451
f 5491 5492 5452
f 5492 5453 5452
f 5492 5493 5453
f 5493 5454 5453
f 5493 5494 5454
f 5494 5455 5454
f 5494 5495 5455
f 5495 5456 5455
f 5495 5496 5456
f 5496 5457 5456
f 5496 5497 5457
f 5497 5458 5457
f 5497 5498 5458
f 5498 5459 5458
f 5498 5499 5459
f 5499 5460 5459
f 5499 5500 5460
f 5500 5461 5460
f 5500 5501 5461
f 5501 5462 5461
f 5501 5502 5462
f 5502 5463 5462
f 5502 5503 5463
f 5503 5464 5463
f 5503 5504 5464
f 5504 5465 5464
f 5504 5505 5465
f 5505 5466 5465
f 5505 5506 5466
f 5506 5467 5466
f 5506 5507 5467
f 5507 5468 5467
f 5507 5508 5468
f 5508 5469 5468
f 5508 5509 5469
f 5509 5470 5469
f 5509 5510 5470
f 5510 5471 5470
f 5510 5511 5471
f 5511 5472 5471
f 5511 5512 5472
f 5512 5473 5472
f 5512 5513 5473
f 5513 5474 5473
f 5513 5514 5474
f 5514 5475 5474
f 5514 5515 5475
f 5515 5476 5475
f 5515 5516 5476
f 5516 5477 5476
f 5516 5517 5477
f 5517 5478 5477
f 5517 5518 5478
f 5518 5439 5478
f 5518 5479 5439
f 5519 5480 5479
f 5519 5520 5480
f 5520 5481 5480
f 5520 5521 5481
f 5521 5482 5481
f 5521 5522 5482
f 5522 5483 5482
f 5522 5523 5483
f 5523 5484 5483
f 5523 5524 5484
f 5524 5485 5484
f 5524 5525 5485
f 5525 5486 5485
f 5525 5526 5486
f 5526 5487 5486
f 5526 5527 5487
f 5527 5488 5487
f 5527 5528 5488
f 5528 5489 5488
f 5528 5529 5489
f 5529 5490 5489
f 5529 5530 5490
f 5530 5491 5490
f 5530 5531 5491
f 5531 5492 5491
f 5531 5532 5492
f 5532 5493 5492
f 5532 5533 5493
f 5533 5494 5493
f 5533 5534 5494
f 5534 5495 5494
f 5534 5535 5495
f 5535 5496 5495
f 5535 5536 5496
f 5536 5497 5496
f 5536 5537 5497
f 5537 5498 5497
f 5537 5538 5498
f 5538 5499 5498
f 5538 5539 5499
f 5539 5500 5499
f 5539 5540 5500
f 5540 5501 5500
f 5540 5541 5501
f 5541 5502 5501
f 5541 5542 5502
f 5542 5503 5502
f 5542 5543 5503
f 5543 5504 5503
f 5543 5544 5504
f 5544 5505 5504
f 5544 5545 5505
f 5545 5506 5505
f 5545 5546 5506
f 5546 5507 5506
f 5546 5547 5507
f 5547 5508 5507
f 5547 5548 5508
f 5548 5509 5508
f 5548 5549 5509
f 5549 5510 5509
f 5549 5550 5510
f 5550 5511 5510
f 5550 5551 5511
f 5551 5512 5511
f 5551 5552 5512
f 5552 5513 5512
f 5552 5553 5513
f 5553 5514 5513
f 5553 5554 5514
f 5554 5515 5514
f 5554 5555 5515
f 5555 5516 5515
f 5555 5556 5516
f 5556 5517 5516
f 5556 5557 5517
f 5557 5518 5517
f 5557 5558 5518
f 5558 5479 5518
f 5558 5519 5479
f 5559 5520 5519
f 5559 5560 5520
f 5560 5521 5520
f 5560 5561 5521
f 5561 5522 5521
f 5561 5562 5522
f 5562 5523 5522
f 5562 5563 5523
f 5563 5524 5523
f 5563 5564 5524
f 5564 5525 5524
f 5564 5565 5525
f 5565 5526 5525
f 5565 5566 5526
f 5566 5527 5526
f 5566 5567 5527
f 5567 5528 5527
f 5567 5568 5528
f 5568 5529 5528
f 5568 5569 5529
f 5569 5530 5529
f 5569 5570 5530
f 5570 5531 5530
f 5570 5571 5531
f 5571 5532 5531
f 5571 5572 5532
f 5572 5533 5532
f 5572 5573 5533
f 5573 5534 5533
f 5573 5574 5534
f 5574 5535 5534
f 5574 5575 5535
f 5575 5536 5535
f 5575 5576 5536
f 5576 5537 5536
f 5576 5577 5537
f 5577 5538 5537
f 5577 5578 5538
f 5578 5539 5538
f 5578 5579 5539
f 5579 5540 5539
f 5579 5580 5540
f 5580 5541 5540
f 5580 5581 5541
f 5581 5542 5541
f 5581 5582 5542
f 5582 5543 5542
f 5582 5583 5543
f 5583 5544 5543
f 5583 5584 5544
f 5584 5545 5544
f 5584 5585 5545
f 5585 5546 5545
f 5585 5586 5546
f 5586 5547 5546
f 5586 5587 5547
f 5587 5548 5547
f 5587 5588 5548
f 5588 5549 5548
f 5588 5589 5549
f 5589 5550 5549
f 5589 5590 5550
f 5590 5551 5550
f 5590 5591 5551
f 5591 5552 5551
f 5591 5592 5552
f 5592 5553 5552
f 5592 5593 5553
f 5593 5554 5553
f 5593 5594 5554
f 5594 5555 5554
f 5594 5595 5555
f 5595 5556 5555
f 5595 5596 5556
f 5596 5557 5556
f 5596 5597 5557
f 5597 5558 5557
f 5597 5598 5558
f 5598 5519 5558
f 5598 5559 5519
f 5599 5560 5559
f 5599 5600 5560
f 5600 5561 5560
f 5600 5601 5561
f 5601 5562 5561
f 5601 5602 5562
f 5602 5563 5562
f 5602 5603 5563
f 5603 5564 5563
f 5603 5604 5564
f 5604 5565 5564
f 5604 5605 5565
f 5605 5566 5565
f 5605 5606 5566
f 5606 5567 5566
f 5606 5607 5567
f 5607 5568 5567
f 5607 5608 5568
f 5608 5569 5568
f 5608 5609 5569
f 5609 5570 5569
f 5609 5610 5570
f 5610 5571 5570
f 5610 5611 5571
f 5611 5572 5571
f 5611 5612 5572
f 5612 5573 5572
f 5612 5613 5573
f 5613 5574 5573
f 5613 5614 5574
f 5614 5575 5574
f 5614 5615 5575
f 5615 5576 5575
f 5615 5616 5576
f 5616 5577 5576
f 5616 5617 5577
f 5617 5578 5577
f 5617 5618 5578
f 5618 5579 5578
f 5618 5619 5579
f 5619 5580 5579
f 5619 5620 5580
f 5620 5581 5580
f 5620 5621 5581
f 5621 5582 5581
f 5621 5622 5582
f 5622 5583 5582
f 5622 5623 5583
f 5623 5584 5583
f 5623 5624 5584
f 5624 5585 5584
f 5624 5625 5585
f 5625 5586 5585
f 5625 5626 5586
f 5626 5587 5586
f 5626 5627 5587
f 5627 5588 5587
f 5627 5628 5588
f 5628 5589 5588
f 5628 5629 5589
f 5629 5590 5589
f 5629 5630 5590
f 5630 5591 5590
f 5630 5631 5591
f 5631 5592 5591
f 5631 5632 5592
f 5632 5593 5592
f 5632 5633 5593
f 5633 5594 5593
f 5633 5634 5594
f 5634 5595 5594
f 5634 5635 5595
f 5635 5596 5595
f 5635 5636 5596
f 5636 5597 5596
f 5636 5637 5597
f 5637 5598 5597
f 5637 5638 5598
f 5638 5559 5598
f 5638 5599 5559
f 5639 5600 5599
f 5639 5640 5600
f 5640 5601 5600
f 5640 5641 5601
f 5641 5602 5601
f 5641 5642 5602
f 5642 5603 5602
f 5642 5643 5603
f 5643 5604 5603
f 5643 5644 5604
f 5644 5605 5604
f 5644 5645 5605
f 5645 5606 5605
f 5645 5646 5606
f 5646 5607 5606
f 5646 5647 5607
f 5647 5608 5607
f 5647 5648 5608
f 5648 5609 5608
f 5648 5649 5609
f 5649 5610 5609
f 5649 5650 5610
f 5650 5611 5610
f 5650 5651 5611
f 5651 5612 5611
f 5651 5652 5612
f 5652 5613 5612
f 5652 5653 5613
f 5653 5614 5613
f 5653 5654 5614
f 5654 5615 5614
f 5654 5655 5615
f 5655 5616 5615
f 5655 5656 5616
f 5656 5617 5616
f 5656 5657 5617
f 5657 5618 5617
f 5657 5658 5618
f 5658 5619 5618
f 5658 5659 5619
f 5659 5620 5619
f 5659 5660 5620
f 5660 5621 5620
f 5660 5661 5621
f 5661 5622 5621
f 5661 5662 5622
f 5662 5623 5622
f 5662 5663 5623
f 5663 5624 5623
f 5663 5664 5624
f 5664 5625 5624
f 5664 5665 5625
f 5665 5626 5625
f 5665 5666 5626
f 5666 5627 5626
f 5666 5667 5627
f 5667 5628 5627
f 5667 5668 5628
f 5668 5629 5628
f 5668 5669 5629
f 5669 5630 5629
f 5669 5670 5630
f 5670 5631 5630
f 5670 5671 5631
f 5671 5632 5631
f 5671 5672 5632
f 5672 5633 5632
f 5672 5673 5633
f 5673 5634 5633
f 5673 5674 5634
f 5674 5635 5634
f 5674 5675 5635
f 5675 5636 5635
f 5675 5676 5636
f 5676 5637 5636
f 5676 5677 5637
f 5677 5638 5637
f 5677 5678 5638
f 5678 5599 5638
f 5678 5639 5599
f 5679 5640 5639
f 5679 5680 5640
f 5680 5641 5640
f 5680 5681 5641
f 5681 5642 5641
f 5681 5682 5642
f 5682 5643 5642
f 5682 5683 5643
f 5683 5644 5643
f 5683 5684 5644
f 5684 5645 5644
f 5684 5685 5645
f 5685 5646 5645
f 5685 5686 5646
f 5686 5647 5646
f 5686 5687 5647
f 5687 5648 5647
f 5687 5688 5648
f 5688 5649 5648
f 5688 5689 5649
f 5689 5650 5649
f 5689 5690 5650
f 5690 5651 5650
f 5690 5691 5651
f 5691 5652 5651
f 5691 5692 5652
f 5692 5653 5652
f 5692 5693 5653
f 5693 5654 5653
f 5693 5694 5654
f 5694 5655 5654
f 5694 5695 5655
f 5695 5656 5655
f 5695 5696 5656
f 5696 5657 5656
f 5696 5697 5657
f 5697 5658 5657
f 5697 5698 5658
f 5698 5659 5658
f 5698 5699 5659
f 5699 5660 5659
f 5699 5700 5660
f 5700 5661 5660
f 5700 5701 5661
f 5701 5662 5661
f 5701 5702 5662
f 5702 5663 5662
f 5702 5703 5663
f 5703 5664 5663
f 5703 5704 5664
f 5704 5665 5664
f 5704 5705 5665
f 5705 5666 5665
f 5705 5706 5666
f 5706 5667 5666
f 5706 5707 5667
f 5707 5668 5667
f 5707 5708 5668
f 5708 5669 5668
f 5708 5709 5669
f 5709 5670 5669
f 5709 5710 5670
f 5710 5671 5670
f 5710 5711 5671
f 5711 5672 5671
f 5711 5712 5672
f 5712 5673 5672
f 5712 5713 5673
f 5713 5674 5673
f 5713 5714 5674
f 5714 5675 5674
f 5714 5715 5675
f 5715 5676 5675
f 5715 5716 5676
f 5716 5677 5676
f 5716 5717 5677
f 5717 5678 5677
f 5717 5718 5678
f 5718 5639 5678
f 5718 5679 5639
f 5719 5680 5679
f 5719 5720 5680
f 5720 5681 5680
f 5720 5721 5681
f 5721 5682 5681
f 5721 5722 5682
f 5722 5683 5682
f 5722 5723 5683
f 5723 5684 5683
f 5723 5724 5684
f 5724 5685 5684
f 5724 5725 5685
f 5725 5686 5685
f 5725 5726 5686
f 5726 5687 5686
f 5726 5727 5687
f 5727 5688 5687
f 5727 5728 5688
f 5728 5689 5688
f 5728 5729 5689
f 5729 5690 5689
f 5729 5730 5690
f 5730 5691 5690
f 5730 5731 5691
f 5731 5692 5691
f 5731 5732 5692
f 5732 5693 5692
f 5732 5733 5693
f 5733 5694 5693
f 5733 5734 5694
f 5734 5695 5694
f 5734 5735 5695
f 5735 5696 5695
f 5735 5736 5696
f 5736 5697 5696
f 5736 5737 5697
f 5737 5698 5697
f 5737 5738 5698
f 5738 5699 5698
f 5738 5739 5699
f 5739 5700 5699
f 5739 5740 5700
f 5740 5701 5700
f 5740 5741 5701
f 5741 5702 5701
f 5741 5742 5702
f 5742 5703 5702
f 5742 5743 5703
f 5743 5704 5703
f 5743 5744 5704
f 5744 5705 5704
f 5744 5745 5705
f 5745 5706 5705
f 5745 5746 5706
f 5746 5707 5706
f 5746 5747 5707
f 5747 5708 5707
f 5747 5748 5708
f 5748 5709 5708
f 5748 5749 5709
f 5749 5710 5709
f 5749 5750 5710
f 5750 5711 5710
f 5750 5751 5711
f 5751 5712 5711
f 5751 5752 5712
f 5752 5713 5712
f 5752 5753 5713
f 5753 5714 5713
f 5753 5754 5714
f 5754 5715 5714
f 5754 5755 5715
f 5755 5716 5715
f 5755 5756 5716
f 5756 5717 5716
f 5756 5757 5717
f 5757 5718 5717
f 5757 5758 5718
f 5758 5679 5718
f 5758 5719 5679
f 5759 5720 5719
f 5759 5760 5720
f 5760 5721 5720
f 5760 5761 5721
f 5761 5722 5721
f 5761 5762 5722
f 5762 5723 5722
f 5762 5763 5723
f 5763 5724 5723
f 5763 5764 5724
f 5764 5725 5724
f 5764 5765 5725
f 5765 5726 5725
f 5765 5766 5726
f 5766 5727 5726
f 5766 5767 5727
f 5767 5728 5727
f 5767 5768 5728
f 5768 5729 5728
f 5768 5769 5729
f 5769 5730 5729
f 5769 5770 5730
f 5770 5731 5730
f 5770 5771 5731
f 5771 5732 5731
f 5771 5772 5732
f 5772 5733 5732
f 5772 5773 5733
f 5773 5734 5733
f 5773 5774 5734
f 5774 5735 5734
f 5774 5775 5735
f 5775 5736 5735
f 5775 5776 5736
f 5776 5737 5736
f 5776 5777 5737
f 5777 5738 5737
f 5777 5778 5738
f 5778 5739 5738
f 5778 5779 5739
f 5779 5740 5739
f 5779 5780 5740
f 5780 5741 5740
f 5780 5781 5741
f 5781 5742 5741
f 5781 5782 5742
f 5782 5743 5742
f 5782 5783 5743
f 5783 5744 5743
f 5783 5784 5744
f 5784 5745 5744
f 5784 5785 5745
f 5785 5746 5745
f 5785 5786 5746
f 5786 5747 5746
f 5786 5787 5747
f 5787 5748 5747
f 5787 5788 5748
f 5788 5749 5748
f 5788 5789 5749
f 5789 5750 5749
f 5789 5790 5750
f 5790 5751 5750
f 5790 5791 5751
f 5791 5752 5751
f 5791 5792 5752
f 5792 5753 5752
f 5792 5793 5753
f 5793 5754 5753
f 5793 5794 5754
f 5794 5755 5754
f 5794 5795 5755
f 5795 5756 5755
f 5795 5796 5756
f 5796 5757 5756
f 5796 5797 5757
f 5797 5758 5757
f 5797 5798 5758
f 5798 5719 5758
f 5798 5759 5719
f 5799 5760 5759
f 5799 5800 5760
f 5800 5761 5760
f 5800 5801 5761
f 5801 5762 5761
f 5801 5802 5762
f 5802 5763 5762
f 5802 5803 5763
f 5803 5764 5763
f 5803 5804 5764
f 5804 5765 5764
f 5804 5805 5765
f 5805 5766 5765
f 5805 5806 5766
f 5806 5767 5766
f 5806 5807 5767
f 5807 5768 5767
f 5807 5808 5768
f 5808 5769 5768
f 5808 5809 5769
f 5809 5770 5769
f 5809 5810 5770
f 5810 5771 5770
f 5810 5811 5771
f 5811 5772 5771
f 5811 5812 5772
f 5812 5773 5772
f 5812 5813 5773
f 5813 5774 5773
f 5813 5814 5774
f 5814 5775 5774
f 5814 5815 5775
f 5815 5776 5775
f 5815 5816 5776
f 5816 5777 5776
f 5816 5817 5777
f 5817 5778 5777
f 5817 5818 5778
f 5818 5779 5778
f 5818 5819 5779
f 5819 5780 5779
f 5819 5820 5780
f 5820 5781 5780
f 5820 5821 5781
f 5821 5782 5781
f 5821 5822 5782
f 5822 5783 5782
f 5822 5823 5783
f 5823 5784 5783
f 5823 5824 5784
f 5824 5785 5784
f 5824 5825 5785
f 5825 5786 5785
f 5825 5826 5786
f 5826 5787 5786
f 5826 5827 5787
f 5827 5788 5787
f 5827 5828 5788
f 5828 5789 5788
f 5828 5829 5789
f 5829 5790 5789
f 5829 5830 5790
f 5830 5791 5790
f 5830 5831 5791
f 5831 5792 5791
f 5831 5832 5792
f 5832 5793 5792
f 5832 5833 5793
f 5833 5794 5793
f 5833 5834 5794
f 5834 5795 5794
f 5834 5835 5795
f 5835 5796 5795
f 5835 5836 5796
f 5836 5797 5796
f 5836 5837 5797
f 5837 5798 5797
f 5837 5838 5798
f 5838 5759 5798
f 5838 5799 5759
f 5839 5841 5842
f 5840 6562 6561
f 5839 5842 5843
f 5840 6563 6562
f 5839 5843 5844
f 5840 6564 6563
f 5839 5844 5845
f 5840 6565 6564
f 5839 5845 5846
f 5840 6566 6565
f 5839 5846 5847
f 5840 6567 6566
f 5839 5847 5848
f 5840 6568 6567
f 5839 5848 5849
f 5840 6569 6568
f 5839 5849 5850
f 5840 6570 6569
f 5839 5850 5851
f 5840 6571 6570
f 5839 5851 5852
f 5840 6572 6571
f 5839 5852 5853
f 5840 6573 6572
f 5839 5853 5854
f 5840 6574 6573
f 5839 5854 5855
f 5840 6575 6574
f 5839 5855 5856
f 5840 6576 6575
f 5839 5856 5857
f 5840 6577 6576
f 5839 5857 5858
f 5840 6578 6577
f 5839 5858 5859
f 5840 6579 6578
f 5839 5859 5860
f 5840 6580 6579
f 5839 5860 5861
f 5840 6581 6580
f 5839 5861 5862
f 5840 6582 6581
f 5839 5862 5863
f 5840 6583 6582
f 5839 5863 5864
f 5840 6584 6583
f 5839 5864 5865
f 5840 6585 6584
f 5839 5865 5866
f 5840 6586 6585
f 5839 5866 5867
f 5840 6587 6586
f 5839 5867 5868
f 5840 6588 6587
f 5839 5868 5869
f 5840 6589 6588
f 5839 5869 5870
f 5840 6590 6589
f 5839 5870 5871
f 5840 6591 6590
f 5839 5871 5872
f 5840 6592 6591
f 5839 5872 5873
f 5840 6593 6592
f 5839 5873 5874
f 5840 6594 6593
f 5839 5874 5875
f 5840 6595 6594
f 5839 5875 5876
f 5840 6596 6595
f 5839 5876 5877
f 5840 6597 6596
f 5839 5877 5878
f 5840 6598 6597
f 5839 5878 5879
f 5840 6599 6598
f 5839 5879 5880
f 5840 6600 6599
f 5839 5880 5841
f 5840 6561 6600
f 5881 5842 5841
f 5881 5882 5842
f 5882 5843 5842
f 5882 5883 5843
f 5883 5844 5843
f 5883 5884 5844
f 5884 5845 5844
f 5884 5885 5845
f 5885 5846 5845
f 5885 5886 5846
f 5886 5847 5846
f 5886 5887 5847
f 5887 5848 5847
f 5887 5888 5848
f 5888 5849 5848
f 5888 5889 5849
f 5889 5850 5849
f 5889 5890 5850
f 5890 5851 5850
f 5890 5891 5851
f 5891 5852 5851
f 5891 5892 5852
f 5892 5853 5852
f 5892 5893 5853
f 5893 5854 5853
f 5893 5894 5854
f 5894 5855 5854
f 5894 5895 5855
f 5895 5856 5855
f 5895 5896 5856
f 5896 5857 5856
f 5896 5897 5857
f 5897 5858 5857
f 5897 5898 5858
f 5898 5859 5858
f 5898 5899 5859
f 5899 5860 5859
f 5899 5900 5860
f 5900 5861 5860
f 5900 5901 5861
f 5901 5862 5861
f 5901 5902 5862
f 5902 5863 5862
f 5902 5903 5863
f 5903 5864 5863
f 5903 5904 5864
f 5904 5865 5864
f 5904 5905 5865
f 5905 5866 5865
f 5905 5906 5866
f 5906 5867 5866
f 5906 5907 5867
f 5907 5868 5867
f 5907 5908 5868
f 5908 5869 5868
f 5908 5909 5869
f 5909 5870 5869
f 5909 5910 5870
f 5910 5871 5870
f 5910 5911 5871
f 5911 5872 5871
f 5911 5912 5872
f 5912 5873 5872
f 5912 5913 5873
f 5913 5874 5873
f 5913 5914 5874
f 5914 5875 5874
f 5914 5915 5875
f 5915 5876 5875
f 5915 5916 5876
f 5916 5877 5876
f 5916 5917 5877
f 5917 5878 5877
f 5917 5918 5878
f 5918 5879 5878
f 5918 5919 5879
f 5919 5880 5879
f 5919 5920 5880
f 5920 5841 5880
f 5920 5881 5841
f 5921 5882 5881
f 5921 5922 5882
f 5922 5883 5882
f 5922 5923 5883
f 5923 5884 5883
f 5923 5924 5884
f 5924 5885 5884
f 5924 5925 5885
f 5925 5886 5885
f 5925 5926 5886
f 5926 5887 5886
f 5926 5927 5887
f 5927 5888 5887
f 5927 5928 5888
f 5928 5889 5888
f 5928 5929 5889
f 5929 5890 5889
f 5929 5930 5890
f 5930 5891 5890
f 5930 5931 5891
f 5931 5892 5891
f 5931 5932 5892
f 5932 5893 5892
f 5932 5933 5893
f 5933 5894 5893
f 5933 5934 5894
f 5934 5895 5894
f 5934 5935 5895
f 5935 5896 5895
f 5935 5936 5896
f 5936 5897 5896
f 5936 5937 5897
f 5937 5898 5897
f 5937 5938 5898
f 5938 5899 5898
f 5938 5939 5899
f 5939 5900 5899
f 5939 5940 5900
f 5940 5901 5900
f 5940 5941 5901
f 5941 5902 5901
f 5941 5942 5902
f 5942 5903 5902
f 5942 5943 5903
f 5943 5904 5903
f 5943 5944 5904
f 5944 5905 5904
f 5944 5945 5905
f 5945 5906 5905
f 5945 5946 5906
f 5946 5907 5906
f 5946 5947 5907
f 5947 5908 5907
f 5947 5948 5908
f 5948 5909 5908
f 5948 5949 5909
f 5949 5910 5909
f 5949 5950 5910
f 5950 5911 5910
f 5950 5951 5911
f 5951 5912 5911
f 5951 5952 5912
f 5952 5913 5912
f 5952 5953 5913
f 5953 5914 5913
f 5953 5954 5914
f 5954 5915 5914
f 5954 5955 5915
f 5955 5916 5915
f 5955 5956 5916
f 5956 5917 5916
f 5956 5957 5917
f 5957 5918 5917
f 5957 5958 5918
f 5958 5919 5918
f 5958 5959 5919
f 5959 5920 5919
f 5959 5960 5920
f 5960 5881 5920
f 5960 5921 5881
f 5961 5922 5921
f 5961 5962 5922
f 5962 5923 5922
f 5962 5963 5923
f 5963 5924 5923
f 5963 5964 5924
f 5964 5925 5924
f 5964 5965 5925
f 5965 5926 5925
f 5965 5966 5926
f 5966 5927 5926
f 5966 5967 5927
f 5967 5928 5927
f 5967 5968 5928
f 5968 5929 5928
f 5968 5969 5929
f 5969 5930 5929
f 5969 5970 5930
f 5970 5931 5930
f 5970 5971 5931
f 5971 5932 5931
f 5971 5972 5932
f 5972 5933 5932
f 5972 5973 5933
f 5973 5934 5933
f 5973 5974 5934
f 5974 5935 5934
f 5974 5975 5935
f 5975 5936 5935
f 5975 5976 5936
f 5976 5937 5936
f 5976 5977 5937
f 5977 5938 5937
f 5977 5978 5938
f 5978 5939 5938
f 5978 5979 5939
f 5979 5940 5939
f 5979 5980 5940
f 5980 5941 5940
f 5980 5981 5941
f 5981 5942 5941
f 5981 5982 5942
f 5982 5943 5942
f 5982 5983 5943
f 5983 5944 5943
f 5983 5984 5944
f 5984 5945 5944
f 5984 5985 5945
f 5985 5946 5945
f 5985 5986 5946
f 5986 5947 5946
f 5986 5987 5947
f 5987 5948 5947
f 5987 5988 5948
f 5988 5949 5948
f 5988 5989 5949
f 5989 5950 5949
f 5989 5990 5950
f 5990 5951 5950
f 5990 5991 5951
f 5991 5952 5951
f 5991 5992 5952
f 5992 5953 5952
f 5992 5993 5953
f 5993 5954 5953
f 5993 5994 5954
f 5994 5955 5954
f 5994 5995 5955
f 5995 5956 5955
f 5995 5996 5956
f 5996 5957 5956
f 5996 5997 5957
f 5997 5958 5957
f 5997 5998 5958
f 5998 5959 5958
f 5998 5999 5959
f 5999 5960 5959
f 5999 6000 5960
f 6000 5921 5960
f 6000 5961 5921
f 6001 5962 5961
f 6001 6002 5962
f 6002 5963 5962
f 6002 6003 5963
f 6003 5964 5963
f 6003 6004 5964
f 6004 5965 5964
f 6004 6005 5965
f 6005 5966 5965
f 6005 6006 5966
f 6006 5967 5966
f 6006 6007 5967
f 6007 5968 5967
f 6007 6008 5968
f 6008 5969 5968
f 6008 6009 5969
f 6009 5970 5969
f 6009 6010 5970
f 6010 5971 5970
f 6010 6011 5971
f 6011 5972 5971
f 6011 6012 5972
f 6012 5973 5972
f 6012 6013 5973
f 6013 5974 5973
f 6013 6014 5974
f 6014 5975 5974
f 6014 6015 5975
f 6015 5976 5975
f 6015 6016 5976
f 6016 5977 5976
f 6016 6017 5977
f 6017 5978 5977
f 6017 6018 5978
f 6018 5979 5978
f 6018 6019 5979
f 6019 5980 5979
f 6019 6020 5980
f 6020 5981 5980
f 6020 6021 5981
f 6021 5982 5981
f 6021 6022 5982
f 6022 5983 5982
f 6022 6023 5983
f 6023 5984 5983
f 6023 6024 5984
f 6024 5985 5984
f 6024 6025 5985
f 6025 5986 5985
f 6025 6026 5986
f 6026 5987 5986
f 6026 6027 5987
f 6027 5988 5987
f 6027 6028 5988
f 6028 5989 5988
f 6028 6029 5989
f 6029 5990 5989
f 6029 6030 5990
f 6030 5991 5990
f 6030 6031 5991
f 6031 5992 5991
f 6031 6032 5992
f 6032 5993 5992
f 6032 6033 5993
f 6033 5994 5993
f 6033 6034 5994
f 6034 5995 5994
f 6034 6035 5995
f 6035 5996 5995
f 6035 6036 5996
f 6036 5997 5996
f 6036 6037 5997
f 6037 5998 5997
f 6037 6038 5998
f 6038 5999 5998
f 6038 6039 5999
f 6039 6000 5999
f 6039 6040 6000
f 6040 5961 6000
f 6040 6001 5961
f 6041 6002 6001
f 6041 6042 6002
f 6042 6003 6002
f 6042 6043 6003
f 6043 6004 6003
f 6043 6044 6004
f 6044 6005 6004
f 6044 6045 6005
f 6045 6006 6005
f 6045 6046 6006
f 6046 6007 6006
f 6046 6047 6007
f 6047 6008 6007
f 6047 6048 6008
f 6048 6009 6008
f 6048 6049 6009
f 6049 6010 6009
f 6049 6050 6010
f 6050 6011 6010
f 6050 6051 6011
f 6051 6012 6011
f 6051 6052 6012
f 6052 6013 6012
f 6052 6053 6013
f 6053 6014 6013
f 6053 6054 6014
f 6054 6015 6014
f 6054 6055 6015
f 6055 6016 6015
f 6055 6056 6016
f 6056 6017 6016
f 6056 6057 6017
f 6057 6018 6017
f 6057 6058 6018
f 6058 6019 6018
f 6058 6059 6019
f 6059 6020 6019
f 6059 6060 6020
f 6060 6021 6020
f 6060 6061 6021
f 6061 6022 6021
f 6061 6062 6022
f 6062 6023 6022
f 6062 6063 6023
f 6063 6024 6023
f 6063 6064 6024
f 6064 6025 6024
f 6064 6065 6025
f 6065 6026 6025
f 6065 6066 6026
f 6066 6027 6026
f 6066 6067 6027
f 6067 6028 6027
f 6067 6068 6028
f 6068 6029 6028
f 6068 6069 6029
f 6069 6030 6029
f 6069 6070 6030
f 6070 6031 6030
f 6070 6071 6031
f 6071 6032 6031
f 6071 6072 6032
f 6072 6033 6032
f 6072 6073 6033
f 6073 6034 6033
f 6073 6074 6034
f 6074 6035 6034
f 6074 6075 6035
f 6075 6036 6035
f 6075 6076 6036
f 6076 6037 6036
f 6076 6077 6037
f 6077 6038 6037
f 6077 6078 6038
f 6078 6039 6038
f 6078 6079 6039
f 6079 6040 6039
f 6079 6080 6040
f 6080 6001 6040
f 6080 6041 6001
f 6081 6042 6041
f 6081 6082 6042
f 6082 6043 6042
f 6082 6083 6043
f 6083 6044 6043
f 6083 6084 6044
f 6084 6045 6044
f 6084 6085 6045
f 6085 6046 6045
f 6085 6086 6046
f 6086 6047 6046
f 6086 6087 6047
f 6087 6048 6047
f 6087 6088 6048
f 6088 6049 6048
f 6088 6089 6049
f 6089 6050 6049
f 6089 6090 6050
f 6090 6051 6050
f 6090 6091 6051
f 6091 6052 6051
f 6091 6092 6052
f 6092 6053 6052
f 6092 6093 6053
f 6093 6054 6053
f 6093 6094 6054
f 6094 6055 6054
f 6094 6095 6055
f 6095 6056 6055
f 6095 6096 6056
f 6096 6057 6056
f 6096 6097 6057
f 6097 6058 6057
f 6097 6098 6058
f 6098 6059 6058
f 6098 6099 6059
f 6099 6060 6059
f 6099 6100 6060
f 6100 6061 6060
f 6100 6101 6061
f 6101 6062 6061
f 6101 6102 6062
f 6102 6063 6062
f 6102 6103 6063
f 6103 6064 6063
f 6103 6104 6064
f 6104 6065 6064
f 6104 6105 6065
f 6105 6066 6065
f 6105 6106 6066
f 6106 6067 6066
f 6106 6107 6067
f 6107 6068 6067
f 6107 6108 6068
f 6108 6069 6068
f 6108 6109 6069
f 6109 6070 6069
f 6109 6110 6070
f 6110 6071 6070
f 6110 6111 6071
f 6111 6072 6071
f 6111 6112 6072
f 6112 6073 6072
f 6112 6113 6073
f 6113 6074 6073
f 6113 6114 6074
f 6114 6075 6074
f 6114 6115 6075
f 6115 6076 6075
f 6115 6116 6076
f 6116 6077 6076
f 6116 6117 6077
f 6117 6078 6077
f 6117 6118 6078
f 6118 6079 6078
f 6118 6119 6079
f 6119 6080 6079
f 6119 6120 6080
f 6120 6041 6080
f 6120 6081 6041
f 6121 6082 6081
f 6121 6122 6082
f 6122 6083 6082
f 6122 6123 6083
f 6123 6084 6083
f 6123 6124 6084
f 6124 6085 6084
f 6124 6125 6085
f 6125 6086 6085
f 6125 6126 6086
f 6126 6087 6086
f 6126 6127 6087
f 6127 6088 6087
f 6127 6128 6088
f 6128 6089 6088
f 6128 6129 6089
f 6129 6090 6089
f 6129 6130 6090
f 6130 6091 6090
f 6130 6131 6091
f 6131 6092 6091
f 6131 6132 6092
f 6132 6093 6092
f 6132 6133 6093
f 6133 6094 6093
f 6133 6134 6094
f 6134 6095 6094
f 6134 6135 6095
f 6135 6096 6095
f 6135 6136 6096
f 6136 6097 6096
f 6136 6137 6097
f 6137 6098 6097
f 6137 6138 6098
f 6138 6099 6098
f 6138 6139 6099
f 6139 6100 6099
f 6139 6140 6100
f 6140 6101 6100
f 6140 6141 6101
f 6141 6102 6101
f 6141 6142 6102
f 6142 6103 6102
f 6142 6143 6103
f 6143 6104 6103
f 6143 6144 6104
f 6144 6105 6104
f 6144 6145 6105
f 6145 6106 6105
f 6145 6146 6106
f 6146 6107 6106
f 6146 6147 6107
f 6147 6108 6107
f 6147 6148 6108
f 6148 6109 6108
f 6148 6149 6109
f 6149 6110 6109
f 6149 6150 6110
f 6150 6111 6110
f 6150 6151 6111
f 6151 6112 6111
f 6151 6152 6112
f 6152 6113 6112
f 6152 6153 6113
f 6153 6114 6113
f 6153 6154 6114
f 6154 6115 6114
f 6154 6155 6115
f 6155 6116 6115
f 6155 6156 6116
f 6156 6117 6116
f 6156 6157 6117
f 6157 6118 6117
f 6157 6158 6118
f 6158 6119 6118
f 6158 6159 6119
f 6159 6120 6119
f 6159 6160 6120
f 6160 6081 6120
f 6160 6121 6081
f 6161 6122 6121
f 6161 6162 6122
f 6162 6123 6122
f 6162 6163 6123
f 6163 6124 6123
f 6163 6164 6124
f 6164 6125 6124
f 6164 6165 6125
f 6165 6126 6125
f 6165 6166 6126
f 6166 6127 6126
f 6166 6167 6127
f 6167 6128 6127
f 6167 6168 6128
f 6168 6129 6128
f 6168 6169 6129
f 6169 6130 6129
f 6169 6170 6130
f 6170 6131 6130
f 6170 6171 6131
f 6171 6132 6131
f 6171 6172 6132
f 6172 6133 6132
f 6172 6173 6133
f 6173 6134 6133
f 6173 6174 6134
f 6174 6135 6134
f 6174 6175 6135
f 6175 6136 6135
f 6175 6176 6136
f 6176 6137 6136
f 6176 6177 6137
f 6177 6138 6137
f 6177 6178 6138
f 6178 6139 6138
f 6178 6179 6139
f 6179 6140 6139
f 6179 6180 6140
f 6180 6141 6140
f 6180 6181 6141
f 6181 6142 6141
f 6181 6182 6142
f 6182 6143 6142
f 6182 6183 6143
f 6183 6144 6143
f 6183 6184 6144
f 6184 6145 6144
f 6184 6185 6145
f 6185 6146 6145
f 6185 6186 6146
f 6186 6147 6146
f 6186 6187 6147
f 6187 6148 6147
f 6187 6188 6148
f 6188 6149 6148
f 6188 6189 6149
f 6189 6150 6149
f 6189 6190 6150
f 6190 6151 6150
f 6190 6191 6151
f 6191 6152 6151
f 6191 6192 6152
f 6192 6153 6152
f 6192 6193 6153
f 6193 6154 6153
f 6193 6194 6154
f 6194 6155 6154
f 6194 6195 6155
f 6195 6156 6155
f 6195 6196 6156
f 6196 6157 6156
f 6196 6197 6157
f 6197 6158 6157
f 6197 6198 6158
f 6198 6159 6158
f 6198 6199 6159
f 6199 6160 6159
f 6199 6200 6160
f 6200 6121 6160
f 6200 6161 6121
f 6201 6162 6161
f 6201 6202 6162
f 6202 6163 6162
f 6202 6203 6163
f 6203 6164 6163
f 6203 6204 6164
f 6204 6165 6164
f 6204 6205 6165
f 6205 6166 6165
f 6205 6206 6166
f 6206 6167 6166
f 6206 6207 6167
f 6207 6168 6167
f 6207 6208 6168
f 6208 6169 6168
f 6208 6209 6169
f 6209 6170 6169
f 6209 6210 6170
f 6210 6171 6170
f 6210 6211 6171
f 6211 6172 6171
f 6211 6212 6172
f 6212 6173 6172
f 6212 6213 6173
f 6213 6174 6173
f 6213 6214 6174
f 6214 6175 6174
f 6214 6215 6175
f 6215 6176 6175
f 6215 6216 6176
f 6216 6177 6176
f 6216 6217 6177
f 6217 6178 6177
f 6217 6218 6178
f 6218 6179 6178
f 6218 6219 6179
f 6219 6180 6179
f 6219 6220 6180
f 6220 6181 6180
f 6220 6221 6181
f 6221 6182 6181
f 6221 6222 6182
f 6222 6183 6182
f 6222 6223 6183
f 6223 6184 6183
f 6223 6224 6184
f 6224 6185 6184
f 6224 6225 6185
f 6225 6186 6185
f 6225 6226 6186
f 6226 6187 6186
f 6226 6227 6187
f 6227 6188 6187
f 6227 6228 6188
f 6228 6189 6188
f 6228 6229 6189
f 6229 6190 6189
f 6229 6230 6190
f 6230 6191 6190
f 6230 6231 6191
f 6231 6192 6191
f 6231 6232 6192
f 6232 6193 6192
f 6232 6233 6193
f 6233 6194 6193
f 6233 6234 6194
f 6234 6195 6194
f 6234 6235 6195
f 6235 6196 6195
f 6235 6236 6196
f 6236 6197 6196
f 6236 6237 6197
f 6237 6198 6197
f 6237 6238 6198
f 6238 6199 6198
f 6238 6239 6199
f 6239 6200 6199
f 6239 6240 6200
f 6240 6161 6200
f 6240 6201 6161
f 6241 6202 6201
f 6241 6242 6202
f 6242 6203 6202
f 6242 6243 6203
f 6243 6204 6203
f 6243 6244 6204
f 6244 6205 6204
f 6244 6245 6205
f 6245 6206 6205
f 6245 6246 6206
f 6246 6207 6206
f 6246 6247 6207
f 6247 6208 6207
f 6247 6248 6208
f 6248 6209 6208
f 6248 6249 6209
f 6249 6210 6209
f 6249 6250 6210
f 6250 6211 6210
f 6250 6251 6211
f 6251 6212 6211
f 6251 6252 6212
f 6252 6213 6212
f 6252 6253 6213
f 6253 6214 6213
f 6253 6254 6214
f 6254 6215 6214
f 6254 6255 6215
f 6255 6216 6215
f 6255 6256 6216
f 6256 6217 6216
f 6256 6257 6217
f 6257 6218 6217
f 6257 6258 6218
f 6258 6219 6218
f 6258 6259 6219
f 6259 6220 6219
f 6259 6260 6220
f 6260 6221 6220
f 6260 6261 6221
f 6261 6222 6221
f 6261 6262 6222
f 6262 6223 6222
f 6262 6263 6223
f 6263 6224 6223
f 6263 6264 6224
f 6264 6225 6224
f 6264 6265 6225
f 6265 6226 6225
f 6265 6266 6226
f 6266 6227 6226
f 6266 6267 6227
f 6267 6228 6227
f 6267 6268 6228
f 6268 6229 6228
f 6268 6269 6229
f 6269 6230 6229
f 6269 6270 6230
f 6270 6231 6230
f 6270 6271 6231
f 6271 6232 6231
f 6271 6272 6232
f 6272 6233 6232
f 6272 6273 6233
f 6273 6234 6233
f 6273 6274 6234
f 6274 6235 6234
f 6274 6275 6235
f 6275 6236 6235
f 6275 6276 6236
f 6276 6237 6236
f 6276 6277 6237
f 6277 6238 6237
f 6277 6278 6238
f 6278 6239 6238
f 6278 6279 6239
f 6279 6240 6239
f 6279 6280 6240
f 6280 6201 6240
f 6280 6241 6201
f 6281 6242 6241
f 6281 6282 6242
f 6282 6243 6242
f 6282 6283 6243
f 6283 6244 6243
f 6283 6284 6244
f 6284 6245 6244
f 6284 6285 6245
f 6285 6246 6245
f 6285 6286 6246
f 6286 6247 6246
f 6286 6287 6247
f 6287 6248 6247
f 6287 6288 6248
f 6288 6249 6248
f 6288 6289 6249
f 6289 6250 6249
f 6289 6290 6250
f 6290 6251 6250
f 6290 6291 6251
f 6291 6252 6251
f 6291 6292 6252
f 6292 6253 6252
f 6292 6293 6253
f 6293 6254 6253
f 6293 6294 6254
f 6294 6255 6254
f 6294 6295 6255
f 6295 6256 6255
f 6295 6296 6256
f 6296 6257 6256
f 6296 6297 6257
f 6297 6258 6257
f 6297 6298 6258
f 6298 6259 6258
f 6298 6299 6259
f 6299 6260 6259
f 6299 6300 6260
f 6300 6261 6260
f 6300 6301 6261
f 6301 6262 6261
f 6301 6302 6262
f 6302 6263 6262
f 6302 6303 6263
f 6303 6264 6263
f 6303 6304 6264
f 6304 6265 6264
f 6304 6305 6265
f 6305 6266 6265
f 6305 6306 6266
f 6306 6267 6266
f 6306 6307 6267
f 6307 6268 6267
f 6307 6308 6268
f 6308 6269 6268
f 6308 6309 6269
f 6309 6270 6269
f 6309 6310 6270
f 6310 6271 6270
f 6310 6311 6271
f 6311 6272 6271
f 6311 6312 6272
f 6312 6273 6272
f 6312 6313 6273
f 6313 6274 6273
f 6313 6314 6274
f 6314 6275 6274
f 6314 6315 6275
f 6315 6276 6275
f 6315 6316 6276
f 6316 6277 6276
f 6316 6317 6277
f 6317 6278 6277
f 6317 6318 6278
f 6318 6279 6278
f 6318 6319 6279
f 6319 6280 6279
f 6319 6320 6280
f 6320 6241 6280
f 6320 6281 6241
f 6321 6282 6281
f 6321 6322 6282
f 6322 6283 6282
f 6322 6323 6283
f 6323 6284 6283
f 6323 6324 6284
f 6324 6285 6284
f 6324 6325 6285
f 6325 6286 6285
f 6325 6326 6286
f 6326 6287 6286
f 6326 6327 6287
f 6327 6288 6287
f 6327 6328 6288
f 6328 6289 6288
f 6328 6329 6289
f 6329 6290 6289
f 6329 6330 6290
f 6330 6291 6290
f 6330 6331 6291
f 6331 6292 6291
f 6331 6332 6292
f 6332 6293 6292
f 6332 6333 6293
f 6333 6294 6293
f 6333 6334 6294
f 6334 6295 6294
f 6334 6335 6295
f 6335 6296 6295
f 6335 6336 6296
f 6336 6297 6296
f 6336 6337 6297
f 6337 6298 6297
f 6337 6338 6298
f 6338 6299 6298
f 6338 6339 6299
f 6339 6300 6299
f 6339 6340 6300
f 6340 6301 6300
f 6340 6341 6301
f 6341 6302 6301
f 6341 6342 6302
f 6342 6303 6302
f 6342 6343 6303
f 6343 6304 6303
f 6343 6344 6304
f 6344 6305 6304
f 6344 6345 6305
f 6345 6306 6305
f 6345 6346 6306
f 6346 6307 6306
f 6346 6347 6307
f 6347 6308 6307
f 6347 6348 6308
f 6348 6309 6308
f 6348 6349 6309
f 6349 6310 6309
f 6349 6350 6310
f 6350 6311 6310
f 6350 6351 6311
f 6351 6312 6311
f 6351 6352 6312
f 6352 6313 6312
f 6352 6353 6313
f 6353 6314 6313
f 6353 6354 6314
f 6354 6315 6314
f 6354 6355 6315
f 6355 6316 6315
f 6355 6356 6316
f 6356 6317 6316
f 6356 6357 6317
f 6357 6318 6317
f 6357 6358 6318
f 6358 6319 6318
f 6358 6359 6319
f 6359 6320 6319
f 6359 6360 6320
f 6360 6281 6320
f 6360 6321 6281
f 6361 6322 6321
f 6361 6362 6322
f 6362 6323 6322
f 6362 6363 6323
f 6363 6324 6323
f 6363 6364 6324
f 6364 6325 6324
f 6364 6365 6325
f 6365 6326 6325
f 6365 6366 6326
f 6366 6327 6326
f 6366 6367 6327
f 6367 6328 6327
f 6367 6368 6328
f 6368 6329 6328
f 6368 6369 6329
f 6369 6330 6329
f 6369 6370 6330
f 6370 6331 6330
f 6370 6371 6331
f 6371 6332 6331
f 6371 6372 6332
f 6372 6333 6332
f 6372 6373 6333
f 6373 6334 6333
f 6373 6374 6334
f 6374 6335 6334
f 6374 6375 6335
f 6375 6336 6335
f 6375 6376 6336
f 6376 6337 6336
f 6376 6377 6337
f 6377 6338 6337
f 6377 6378 6338
f 6378 6339 6338
f 6378 6379 6339
f 6379 6340 6339
f 6379 6380 6340
f 6380 6341 6340
f 6380 6381 6341
f 6381 6342 6341
f 6381 6382 6342
f 6382 6343 6342
f 6382 6383 6343
f 6383 6344 6343
f 6383 6384 6344
f 6384 6345 6344
f 6384 6385 6345
f 6385 6346 6345
f 6385 6386 6346
f 6386 6347 6346
f 6386 6387 6347
f 6387 6348 6347
f 6387 6388 6348
f 6388 6349 6348
f 6388 6389 6349
f 6389 6350 6349
f 6389 6390 6350
f 6390 6351 6350
f 6390 6391 6351
f 6391 6352 6351
f 6391 6392 6352
f 6392 6353 6352
f 6392 6393 6353
f 6393 6354 6353
f 6393 6394 6354
f 6394 6355 6354
f 6394 6395 6355
f 6395 6356 6355
f 6395 6396 6356
f 6396 6357 6356
f 6396 6397 6357
f 6397 6358 6357
f 6397 6398 6358
f 6398 6359 6358
f 6398 6399 6359
f 6399 6360 6359
f 6399 6400 6360
f 6400 6321 6360
f 6400 6361 6321
f 6401 6362 6361
f 6401 6402 6362
f 6402 6363 6362
f 6402 6403 6363
f 6403 6364 6363
f 6403 6404 6364
f 6404 6365 6364
f 6404 6405 6365
f 6405 6366 6365
f 6405 6406 6366
f 6406 6367 6366
f 6406 6407 6367
f 6407 6368 6367
f 6407 6408 6368
f 6408 6369 6368
f 6408 6409 6369
f 6409 6370 6369
f 6409 6410 6370
f 6410 6371 6370
f 6410 6411 6371
f 6411 6372 6371
f 6411 6412 6372
f 6412 6373 6372
f 6412 6413 6373
f 6413 6374 6373
f 6413 6414 6374
f 6414 6375 6374
f 6414 6415 6375
f 6415 6376 6375
f 6415 6416 6376
f 6416 6377 6376
f 6416 6417 6377
f 6417 6378 6377
f 6417 6418 6378
f 6418 6379 6378
f 6418 6419 6379
f 6419 6380 6379
f 6419 6420 6380
f 6420 6381 6380
f 6420 6421 6381
f 6421 6382 6381
f 6421 6422 6382
f 6422 6383 6382
f 6422 6423 6383
f 6423 6384 6383
f 6423 6424 6384
f 6424 6385 6384
f 6424 6425 6385
f 6425 6386 6385
f 6425 6426 6386
f 6426 6387 6386
f 6426 6427 6387
f 6427 6388 6387
f 6427 6428 6388
f 6428 6389 6388
f 6428 6429 6389
f 6429 6390 6389
f 6429 6430 6390
f 6430 6391 6390
f 6430 6431 6391
f 6431 6392 6391
f 6431 6432 6392
f 6432 6393 6392
f 6432 6433 6393
f 6433 6394 6393
f 6433 6434 6394
f 6434 6395 6394
f 6434 6435 6395
f 6435 6396 6395
f 6435 6436 6396
f 6436 6397 6396
f 6436 6437 6397
f 6437 6398 6397
f 6437 6438 6398
f 6438 6399 6398
f 6438 6439 6399
f 6439 6400 6399
f 6439 6440 6400
f 6440 6361 6400
f 6440 6401 6361
f 6441 6402 6401
f 6441 6442 6402
f 6442 6403 6402
f 6442 6443 6403
f 6443 6404 6403
f 6443 6444 6404
f 6444 6405 6404
f 6444 6445 6405
f 6445 6406 6405
f 6445 6446 6406
f 6446 6407 6406
f 6446 6447 6407
f 6447 6408 6407
f 6447 6448 6408
f 6448 6409 6408
f 6448 6449 6409
f 6449 6410 6409
f 6449 6450 6410
f 6450 6411 6410
f 6450 6451 6411
f 6451 6412 6411
f 6451 6452 6412
f 6452 6413 6412
f 6452 6453 6413
f 6453 6414 6413
f 6453 6454 6414
f 6454 6415 6414
f 6454 6455 6415
f 6455 6416 6415
f 6455 6456 6416
f 6456 6417 6416
f 6456 6457 6417
f 6457 6418 6417
f 6457 6458 6418
f 6458 6419 6418
f 6458 6459 6419
f 6459 6420 6419
f 6459 6460 6420
f 6460 6421 6420
f 6460 6461 6421
f 6461 6422 6421
f 6461 6462 6422
f 6462 6423 6422
f 6462 6463 6423
f 6463 6424 6423
f 6463 6464 6424
f 6464 6425 6424
f 6464 6465 6425
f 6465 6426 6425
f 6465 6466 6426
f 6466 6427 6426
f 6466 6467 6427
f 6467 6428 6427
f 6467 6468 6428
f 6468 6429 6428
f 6468 6469 6429
f 6469 6430 6429
f 6469 6470 6430
f 6470 6431 6430
f 6470 6471 6431
f 6471 6432 6431
f 6471 6472 6432
f 6472 6433 6432
f 6472 6473 6433
f 6473 6434 6433
f 6473 6474 6434
f 6474 6435 6434
f 6474 6475 6435
f 6475 6436 6435
f 6475 6476 6436
f 6476 6437 6436
f 6476 6477 6437
f 6477 6438 6437
f 6477 6478 6438
f 6478 6439 6438
f 6478 6479 6439
f 6479 6440 6439
f 6479 6480 6440
f 6480 6401 6440
f 6480 6441 6401
f 6481 6442 6441
f 6481 6482 6442
f 6482 6443 6442
f 6482 6483 6443
f 6483 6444 6443
f 6483 6484 6444
f 6484 6445 6444
f 6484 6485 6445
f 6485 6446 6445
f 6485 6486 6446
f 6486 6447 6446
f 6486 6487 6447
f 6487 6448 6447
f 6487 6488 6448
f 6488 6449 6448
f 6488 6489 6449
f 6489 6450 6449
f 6489 6490 6450
f 6490 6451 6450
f 6490 6491 6451
f 6491 6452 6451
f 6491 6492 6452
f 6492 6453 6452
f 6492 6493 6453
f 6493 6454 6453
f 6493 6494 6454
f 6494 6455 6454
f 6494 6495 6455
f 6495 6456 6455
f 6495 6496 6456
f 6496 6457 6456
f 6496 6497 6457
f 6497 6458 6457
f 6497 6498 6458
f 6498 6459 6458
f 6498 6499 6459
f 6499 6460 6459
f 6499 6500 6460
f 6500 6461 6460
f 6500 6501 6461
f 6501 6462 6461
f 6501 6502 6462
f 6502 6463 6462
f 6502 6503 6463
f 6503 6464 6463
f 6503 6504 6464
f 6504 6465 6464
f 6504 6505 6465
f 6505 6466 6465
f 6505 6506 6466
f 6506 6467 6466
f 6506 6507 6467
f 6507 6468 6467
f 6507 6508 6468
f 6508 6469 6468
f 6508 6509 6469
f 6509 6470 6469
f 6509 6510 6470
f 6510 6471 6470
f 6510 6511 6471
f 6511 6472 6471
f 6511 6512 6472
f 6512 6473 6472
f 6512 6513 6473
f 6513 6474 6473
f 6513 6514 6474
f 6514 6475 6474
f 6514 6515 6475
f 6515 6476 6475
f 6515 6516 6476
f 6516 6477 6476
f 6516 6517 6477
f 6517 6478 6477
f 6517 6518 6478
f 6518 6479 6478
f 6518 6519 6479
f 6519 6480 6479
f 6519 6520 6480
f 6520 6441 6480
f 6520 6481 6441
f 6521 6482 6481
f 6521 6522 6482
f 6522 6483 6482
f 6522 6523 6483
f 6523 6484 6483
f 6523 6524 6484
f 6524 6485 6484
f 6524 6525 6485
f 6525 6486 6485
f 6525 6526 6486
f 6526 6487 6486
f 6526 6527 6487
f 6527 6488 6487
f 6527 6528 6488
f 6528 6489 6488
f 6528 6529 6489
f 6529 6490 6489
f 6529 6530 6490
f 6530 6491 6490
f 6530 6531 6491
f 6531 6492 6491
f 6531 6532 6492
f 6532 6493 6492
f 6532 6533 6493
f 6533 6494 6493
f 6533 6534 6494
f 6534 6495 6494
f 6534 6535 6495
f 6535 6496 6495
f 6535 6536 6496
f 6536 6497 6496
f 6536 6537 6497
f 6537 6498 6497
f 6537 6538 6498
f 6538 6499 6498
f 6538 6539 6499
f 6539 6500 6499
f 6539 6540 6500
f 6540 6501 6500
f 6540 6541 6501
f 6541 6502 6501
f 6541 6542 6502
f 6542 6503 6502
f 6542 6543 6503
f 6543 6504 6503
f 6543 6544 6504
f 6544 6505 6504
f 6544 6545 6505
f 6545 6506 6505
f 6545 6546 6506
f 6546 6507 6506
f 6546 6547 6507
f 6547 6508 6507
f 6547 6548 6508
f 6548 6509 6508
f 6548 6549 6509
f 6549 6510 6509
f 6549 6550 6510
f 6550 6511 6510
f 6550 6551 6511
f 6551 6512 6511
f 6551 6552 6512
f 6552 6513 6512
f 6552 6553 6513
f 6553 6514 6513
f 6553 6554 6514
f 6554 6515 6514
f 6554 6555 6515
f 6555 6516 6515
f 6555 6556 6516
f 6556 6517 6516
f 6556 6557 6517
f 6557 6518 6517
f 6557 6558 6518
f 6558 6519 6518
f 6558 6559 6519
f 6559 6520 6519
f 6559 6560 6520
f 6560 6481 6520
f 6560 6521 6481
f 6561 6522 6521
f 6561 6562 6522
f 6562 6523 6522
f 6562 6563 6523
f 6563 6524 6523
f 6563 6564 6524
f 6564 6525 6524
f 6564 6565 6525
f 6565 6526 6525
f 6565 6566 6526
f 6566 6527 6526
f 6566 6567 6527
f 6567 6528 6527
f 6567 6568 6528
f 6568 6529 6528
f 6568 6569 6529
f 6569 6530 6529
f 6569 6570 6530
f 6570 6531 6530
f 6570 6571 6531
f 6571 6532 6531
f 6571 6572 6532
f 6572 6533 6532
f 6572 6573 6533
f 6573 6534 6533
f 6573 6574 6534
f 6574 6535 6534
f 6574 6575 6535
f 6575 6536 6535
f 6575 6576 6536
f 6576 6537 6536
f 6576 6577 6537
f 6577 6538 6537
f 6577 6578 6538
f 6578 6539 6538
f 6578 6579 6539
f 6579 6540 6539
f 6579 6580 6540
f 6580 6541 6540
f 6580 6581 6541
f 6581 6542 6541
f 6581 6582 6542
f 6582 6543 6542
f 6582 6583 6543
f 6583 6544 6543
f 6583 6584 6544
f 6584 6545 6544
f 6584 6585 6545
f 6585 6546 6545
f 6585 6586 6546
f 6586 6547 6546
f 6586 6587 6547
f 6587 6548 6547
f 6587 6588 6548
f 6588 6549 6548
f 6588 6589 6549
f 6589 6550 6549
f 6589 6590 6550
f 6590 6551 6550
f 6590 6591 6551
f 6591 6552 6551
f 6591 6592 6552
f 6592 6553 6552
f 6592 6593 6553
f 6593 6554 6553
f 6593 6594 6554
f 6594 6555 6554
f 6594 6595 6555
f 6595 6556 6555
f 6595 6596 6556
f 6596 6557 6556
f 6596 6597 6557
f 6597 6558 6557
f 6597 6598 6558
f 6598 6559 6558
f 6598 6599 6559
f 6599 6560 6559
f 6599 6600 6560
f 6600 6521 6560
f 6600 6561 6521
f 6601 6603 6604
f 6602 6636 6635
f 6601 6604 6605
f 6602 6637 6636
f 6601 6605 6606
f 6602 6638 6637
f 6601 6606 6607
f 6602 6639 6638
f 6601 6607 6608
f 6602 6640 6639
f 6601 6608 6609
f 6602 6641 6640
f 6601 6609 6610
f 6602 6642 6641
f 6601 6610 6603
f 6602 6635 6642
f 6611 6604 6603
f 6611 6612 6604
f 6612 6605 6604
f 6612 6613 6605
f 6613 6606 6605
f 6613 6614 6606
f 6614 6607 6606
f 6614 6615 6607
f 6615 6608 6607
f 6615 6616 6608
f 6616 6609 6608
f 6616 6617 6609
f 6617 6610 6609
f 6617 6618 6610
f 6618 6603 6610
f 6618 6611 6603
f 6619 6612 6611
f 6619 6620 6612
f 6620 6613 6612
f 6620 6621 6613
f 6621 6614 6613
f 6621 6622 6614
f 6622 6615 6614
f 6622 6623 6615
f 6623 6616 6615
f 6623 6624 6616
f 6624 6617 6616
f 6624 6625 6617
f 6625 6618 6617
f 6625 6626 6618
f 6626 6611 6618
f 6626 6619 6611
f 6627 6620 6619
f 6627 6628 6620
f 6628 6621 6620
f 6628 6629 6621
f 6629 6622 6621
f 6629 6630 6622
f 6630 6623 6622
f 6630 6631 6623
f 6631 6624 6623
f 6631 6632 6624
f 6632 6625 6624
f 6632 6633 6625
f 6633 6626 6625
f 6633 6634 6626
f 6634 6619 6626
f 6634 6627 6619
f 6635 6628 6627
f 6635 6636 6628
f 6636 6629 6628
f 6636 6637 6629
f 6637 6630 6629
f 6637 6638 6630
f 6638 6631 6630
f 6638 6639 6631
f 6639 6632 6631
f 6639 6640 6632
f 6640 6633 6632
f 6640 6641 6633
f 6641 6634 6633
f 6641 6642 6634
f 6642 6627 6634
f 6642 6635 6627
f 6643 6645 6646
f 6644 6678 6677
f 6643 6646 6647
f 6644 6679 6678
f 6643 6647 6648
f 6644 6680 6679
f 6643 6648 6649
f 6644 6681 6680
f 6643 6649 6650
f 6644 6682 6681
f 6643 6650 6651
f 6644 6683 6682
f 6643 6651 6652
f 6644 6684 6683
f 6643 6652 6645
f 6644 6677 6684
f 6653 6646 6645
f 6653 6654 6646
f 6654 6647 6646
f 6654 6655 6647
f 6655 6648 6647
f 6655 6656 6648
f 6656 6649 6648
f 6656 6657 6649
f 6657 6650 6649
f 6657 6658 6650
f 6658 6651 6650
f 6658 6659 6651
f 6659 6652 6651
f 6659 6660 6652
f 6660 6645 6652
f 6660 6653 6645
f 6661 6654 6653
f 6661 6662 6654
f 6662 6655 6654
f 6662 6663 6655
f 6663 6656 6655
f 6663 6664 6656
f 6664 6657 6656
f 6664 6665 6657
f 6665 6658 6657
f 6665 6666 6658
f 6666 6659 6658
f 6666 6667 6659
f 6667 6660 6659
f 6667 6668 6660
f 6668 6653 6660
f 6668 6661 6653
f 6669 6662 6661
f 6669 6670 6662
f 6670 6663 6662
f 6670 6671 6663
f 6671 6664 6663
f 6671 6672 6664
f 6672 6665 6664
f 6672 6673 6665
f 6673 6666 6665
f 6673 6674 6666
f 6674 6667 6666
f 6674 6675 6667
f 6675 6668 6667
f 6675 6676 6668
f 6676 6661 6668
f 6676 6669 6661
f 6677 6670 6669
f 6677 6678 6670
f 6678 6671 6670
f 6678 6679 6671
f 6679 6672 6671
f 6679 6680 6672
f 6680 6673 6672
f 6680 6681 6673
f 6681 6674 6673
f 6681 6682 6674
f 6682 6675 6674
f 6682 6683 6675
f 6683 6676 6675
f 6683 6684 6676
f 6684 6669 6676
f 6684 6677 6669
f 6685 6687 6688
f 6686 6720 6719
f 6685 6688 6689
f 6686 6721 6720
f 6685 6689 6690
f 6686 6722 6721
f 6685 6690 6691
f 6686 6723 6722
f 6685 6691 6692
f 6686 6724 6723
f 6685 6692 6693
f 6686 6725 6724
f 6685 6693 6694
f 6686 6726 6725
f 6685 6694 6687
f 6686 6719 6726
f 6695 6688 6687
f 6695 6696 6688
f 6696 6689 6688
f 6696 6697 6689
f 6697 6690 6689
f 6697 6698 6690
f 6698 6691 6690
f 6698 6699 6691
f 6699 6692 6691
f 6699 6700 6692
f 6700 6693 6692
f 6700 6701 6693
f 6701 6694 6693
f 6701 6702 6694
f 6702 6687 6694
f 6702 6695 6687
f 6703 6696 6695
f 6703 6704 6696
f 6704 6697 6696
f 6704 6705 6697
f 6705 6698 6697
f 6705 6706 6698
f 6706 6699 6698
f 6706 6707 6699
f 6707 6700 6699
f 6707 6708 6700
f 6708 6701 6700
f 6708 6709 6701
f 6709 6702 6701
f 6709 6710 6702
f 6710 6695 6702
f 6710 6703 6695
f 6711 6704 6703
f 6711 6712 6704
f 6712 6705 6704
f 6712 6713 6705
f 6713 6706 6705
f 6713 6714 6706
f 6714 6707 6706
f 6714 6715 6707
f 6715 6708 6707
f 6715 6716 6708
f 6716 6709 6708
f 6716 6717 6709
f 6717 6710 6709
f 6717 6718 6710
f 6718 6703 6710
f 6718 6711 6703
f 6719 6712 6711
f 6719 6720 6712
f 6720 6713 6712
f 6720 6721 6713
f 6721 6714 6713
f 6721 6722 6714
f 6722 6715 6714
f 6722 6723 6715
f 6723 6716 6715
f 6723 6724 6716
f 6724 6717 6716
f 6724 6725 6717
f 6725 6718 6717
f 6725 6726 6718
f 6726 6711 6718
f 6726 6719 6711
f 6727 6729 6730
f 6728 6762 6761
f 6727 6730 6731
f 6728 6763 6762
f 6727 6731 6732
f 6728 6764 6763
f 6727 6732 6733
f 6728 6765 6764
f 6727 6733 6734
f 6728 6766 6765
f 6727 6734 6735
f 6728 6767 6766
f 6727 6735 6736
f 6728 6768 6767
f 6727 6736 6729
f 6728 6761 6768
f 6737 6730 6729
f 6737 6738 6730
f 6738 6731 6730
f 6738 6739 6731
f 6739 6732 6731
f 6739 6740 6732
f 6740 6733 6732
f 6740 6741 6733
f 6741 6734 6733
f 6741 6742 6734
f 6742 6735 6734
f 6742 6743 6735
f 6743 6736 6735
f 6743 6744 6736
f 6744 6729 6736
f 6744 6737 6729
f 6745 6738 6737
f 6745 6746 6738
f 6746 6739 6738
f 6746 6747 6739
f 6747 6740 6739
f 6747 6748 6740
f 6748 6741 6740
f 6748 6749 6741
f 6749 6742 6741
f 6749 6750 6742
f 6750 6743 6742
f 6750 6751 6743
f 6751 6744 6743
f 6751 6752 6744
f 6752 6737 6744
f 6752 6745 6737
f 6753 6746 6745
f 6753 6754 6746
f 6754 6747 6746
f 6754 6755 6747
f 6755 6748 6747
f 6755 6756 6748
f 6756 6749 6748
f 6756 6757 6749
f 6757 6750 6749
f 6757 6758 6750
f 6758 6751 6750
f 6758 6759 6751
f 6759 6752 6751
f 6759 6760 6752
f 6760 6745 6752
f 6760 6753 6745
f 6761 6754 6753
f 6761 6762 6754
f 6762 6755 6754
f 6762 6763 6755
f 6763 6756 6755
f 6763 6764 6756
f 6764 6757 6756
f 6764 6765 6757
f 6765 6758 6757
f 6765 6766 6758
f 6766 6759 6758
f 6766 6767 6759
f 6767 6760 6759
f 6767 6768 6760
f 6768 6753 6760
f 6768 6761 6753
f 6769 6771 6772
f 6770 6804 6803
f 6769 6772 6773
f 6770 6805 6804
f 6769 6773 6774
f 6770 6806 6805
f 6769 6774 6775
f 6770 6807 6806
f 6769 6775 6776
f 6770 6808 6807
f 6769 6776 6777
f 6770 6809 6808
f 6769 6777 6778
f 6770 6810 6809
f 6769 6778 6771
f 6770 6803 6810
f 6779 6772 6771
f 6779 6780 6772
f 6780 6773 6772
f 6780 6781 6773
f 6781 6774 6773
f 6781 6782 6774
f 6782 6775 6774
f 6782 6783 6775
f 6783 6776 6775
f 6783 6784 6776
f 6784 6777 6776
f 6784 6785 6777
f 6785 6778 6777
f 6785 6786 6778
f 6786 6771 6778
f 6786 6779 6771
f 6787 6780 6779
f 6787 6788 6780
f 6788 6781 6780
f 6788 6789 6781
f 6789 6782 6781
f 6789 6790 6782
f 6790 6783 6782
f 6790 6791 6783
f 6791 6784 6783
f 6791 6792 6784
f 6792 6785 6784
f 6792 6793 6785
f 6793 6786 6785
f 6793 6794 6786
f 6794 6779 6786
f 6794 6787 6779
f 6795 6788 6787
f 6795 6796 6788
f 6796 6789 6788
f 6796 6797 6789
f 6797 6790 6789
f 6797 6798 6790
f 6798 6791 6790
f 6798 6799 6791
f 6799 6792 6791
f 6799 6800 6792
f 6800 6793 6792
f 6800 6801 6793
f 6801 6794 6793
f 6801 6802 6794
f 6802 6787 6794
f 6802 6795 6787
f 6803 6796 6795
f 6803 6804 6796
f 6804 6797 6796
f 6804 6805 6797
f 6805 6798 6797
f 6805 6806 6798
f 6806 6799 6798
f 6806 6807 6799
f 6807 6800 6799
f 6807 6808 6800
f 6808 6801 6800
f 6808 6809 6801
f 6809 6802 6801
f 6809 6810 6802
f 6810 6795 6802
f 6810 6803 6795
f 6811 6813 6814
f 6812 6846 6845
f 6811 6814 6815
f 6812 6847 6846
f 6811 6815 6816
f 6812 6848 6847
f 6811 6816 6817
f 6812 6849 6848
f 6811 6817 6818
f 6812 6850 6849
f 6811 6818 6819
f 6812 6851 6850
f 6811 6819 6820
f 6812 6852 6851
f 6811 6820 6813
f 6812 6845 6852
f 6821 6814 6813
f 6821 6822 6814
f 6822 6815 6814
f 6822 6823 6815
f 6823 6816 6815
f 6823 6824 6816
f 6824 6817 6816
f 6824 6825 6817
f 6825 6818 6817
f 6825 6826 6818
f 6826 6819 6818
f 6826 6827 6819
f 6827 6820 6819
f 6827 6828 6820
f 6828 6813 6820
f 6828 6821 6813
f 6829 6822 6821
f 6829 6830 6822
f 6830 6823 6822
f 6830 6831 6823
f 6831 6824 6823
f 6831 6832 6824
f 6832 6825 6824
f 6832 6833 6825
f 6833 6826 6825
f 6833 6834 6826
f 6834 6827 6826
f 6834 6835 6827
f 6835 6828 6827
f 6835 6836 6828
f 6836 6821 6828
f 6836 6829 6821
f 6837 6830 6829
f 6837 6838 6830
f 6838 6831 6830
f 6838 6839 6831
f 6839 6832 6831
f 6839 6840 6832
f 6840 6833 6832
f 6840 6841 6833
f 6841 6834 6833
f 6841 6842 6834
f 6842 6835 6834
f 6842 6843 6835
f 6843 6836 6835
f 6843 6844 6836
f 6844 6829 6836
f 6844 6837 6829
f 6845 6838 6837
f 6845 6846 6838
f 6846 6839 6838
f 6846 6847 6839
f 6847 6840 6839
f 6847 6848 6840
f 6848 6841 6840
f 6848 6849 6841
f 6849 6842 6841
f 6849 6850 6842
f 6850 6843 6842
f 6850 6851 6843
f 6851 6844 6843
f 6851 6852 6844
f 6852 6837 6844
f 6852 6845 6837
f 6853 6855 6856
f 6854 6888 6887
f 6853 6856 6857
f 6854 6889 6888
f 6853 6857 6858
f 6854 6890 6889
f 6853 6858 6859
f 6854 6891 6890
f 6853 6859 6860
f 6854 6892 6891
f 6853 6860 6861
f 6854 6893 6892
f 6853 6861 6862
f 6854 6894 6893
f 6853 6862 6855
f 6854 6887 6894
f 6863 6856 6855
f 6863 6864 6856
f 6864 6857 6856
f 6864 6865 6857
f 6865 6858 6857
f 6865 6866 6858
f 6866 6859 6858
f 6866 6867 6859
f 6867 6860 6859
f 6867 6868 6860
f 6868 6861 6860
f 6868 6869 6861
f 6869 6862 6861
f 6869 6870 6862
f 6870 6855 6862
f 6870 6863 6855
f 6871 6864 6863
f 6871 6872 6864
f 6872 6865 6864
f 6872 6873 6865
f 6873 6866 6865
f 6873 6874 6866
f 6874 6867 6866
f 6874 6875 6867
f 6875 6868 6867
f 6875 6876 6868
f 6876 6869 6868
f 6876 6877 6869
f 6877 6870 6869
f 6877 6878 6870
f 6878 6863 6870
f 6878 6871 6863
f 6879 6872 6871
f 6879 6880 6872
f 6880 6873 6872
f 6880 6881 6873
f 6881 6874 6873
f 6881 6882 6874
f 6882 6875 6874
f 6882 6883 6875
f 6883 6876 6875
f 6883 6884 6876
f 6884 6877 6876
f 6884 6885 6877
f 6885 6878 6877
f 6885 6886 6878
f 6886 6871 6878
f 6886 6879 6871
f 6887 6880 6879
f 6887 6888 6880
f 6888 6881 6880
f 6888 6889 6881
f 6889 6882 6881
f 6889 6890 6882
f 6890 6883 6882
f 6890 6891 6883
f 6891 6884 6883
f 6891 6892 6884
f 6892 6885 6884
f 6892 6893 6885
f 6893 6886 6885
f 6893 6894 6886
f 6894 6879 6886
f 6894 6887 6879
f 6895 6897 6898
f 6896 6930 6929
f 6895 6898 6899
f 6896 6931 6930
f 6895 6899 6900
f 6896 6932 6931
f 6895 6900 6901
f 6896 6933 6932
f 6895 6901 6902
f 6896 6934 6933
f 6895 6902 6903
f 6896 6935 6934
f 6895 6903 6904
f 6896 6936 6935
f 6895 6904 6897
f 6896 6929 6936
f 6905 6898 6897
f 6905 6906 6898
f 6906 6899 6898
f 6906 6907 6899
f 6907 6900 6899
f 6907 6908 6900
f 6908 6901 6900
f 6908 6909 6901
f 6909 6902 6901
f 6909 6910 6902
f 6910 6903 6902
f 6910 6911 6903
f 6911 6904 6903
f 6911 6912 6904
f 6912 6897 6904
f 6912 6905 6897
f 6913 6906 6905
f 6913 6914 6906
f 6914 6907 6906
f 6914 6915 6907
f 6915 6908 6907
f 6915 6916 6908
f 6916 6909 6908
f 6916 6917 6909
f 6917 6910 6909
f 6917 6918 6910
f 6918 6911 6910
f 6918 6919 6911
f 6919 6912 6911
f 6919 6920 6912
f 6920 6905 6912
f 6920 6913 6905
f 6921 6914 6913
f 6921 6922 6914
f 6922 6915 6914
f 6922 6923 6915
f 6923 6916 6915
f 6923 6924 6916
f 6924 6917 6916
f 6924 6925 6917
f 6925 6918 6917
f 6925 6926 6918
f 6926 6919 6918
f 6926 6927 6919
f 6927 6920 6919
f 6927 6928 6920
f 6928 6913 6920
f 6928 6921 6913
f 6929 6922 6921
f 6929 6930 6922
f 6930 6923 6922
f 6930 6931 6923
f 6931 6924 6923
f 6931 6932 6924
f 6932 6925 6924
f 6932 6933 6925
f 6933 6926 6925
f 6933 6934 6926
f 6934 6927 6926
f 6934 6935 6927
f 6935 6928 6927
f 6935 6936 6928
f 6936 6921 6928
f 6936 6929 6921
f 6937 6939 6940
f 6938 6972 6971
f 6937 6940 6941
f 6938 6973 6972
f 6937 6941 6942
f 6938 6974 6973
f 6937 6942 6943
f 6938 6975 6974
f 6937 6943 6944
f 6938 6976 6975
f 6937 6944 6945
f 6938 6977 6976
f 6937 6945 6946
f 6938 6978 6977
f 6937 6946 6939
f 6938 6971 6978
f 6947 6940 6939
f 6947 6948 6940
f 6948 6941 6940
f 6948 6949 6941
f 6949 6942 6941
f 6949 6950 6942
f 6950 6943 6942
f 6950 6951 6943
f 6951 6944 6943
f 6951 6952 6944
f 6952 6945 6944
f 6952 6953 6945
f 6953 6946 6945
f 6953 6954 6946
f 6954 6939 6946
f 6954 6947 6939
f 6955 6948 6947
f 6955 6956 6948
f 6956 6949 6948
f 6956 6957 6949
f 6957 6950 6949
f 6957 6958 6950
f 6958 6951 6950
f 6958 6959 6951
f 6959 6952 6951
f 6959 6960 6952
f 6960 6953 6952
f 6960 6961 6953
f 6961 6954 6953
f 6961 6962 6954
f 6962 6947 6954
f 6962 6955 6947
f 6963 6956 6955
f 6963 6964 6956
f 6964 6957 6956
f 6964 6965 6957
f 6965 6958 6957
f 6965 6966 6958
f 6966 6959 6958
f 6966 6967 6959
f 6967 6960 6959
f 6967 6968 6960
f 6968 6961 6960
f 6968 6969 6961
f 6969 6962 6961
f 6969 6970 6962
f 6970 6955 6962
f 6970 6963 6955
f 6971 6964 6963
f 6971 6972 6964
f 6972 6965 6964
f 6972 6973 6965
f 6973 6966 6965
f 6973 6974 6966
f 6974 6967 6966
f 6974 6975 6967
f 6975 6968 6967
f 6975 6976 6968
f 6976 6969 6968
f 6976 6977 6969
f 6977 6970 6969
f 6977 6978 6970
f 6978 6963 6970
f 6978 6971 6963
f 6979 6981 6982
f 6980 7014 7013
f 6979 6982 6983
f 6980 7015 7014
f 6979 6983 6984
f 6980 7016 7015
f 6979 6984 6985
f 6980 7017 7016
f 6979 6985 6986
f 6980 7018 7017
f 6979 6986 6987
f 6980 7019 7018
f 6979 6987 6988
f 6980 7020 7019
f 6979 6988 6981
f 6980 7013 7020
f 6989 6982 6981
f 6989 6990 6982
f 6990 6983 6982
f 6990 6991 6983
f 6991 6984 6983
f 6991 6992 6984
f 6992 6985 6984
f 6992 6993 6985
f 6993 6986 6985
f 6993 6994 6986
f 6994 6987 6986
f 6994 6995 6987
f 6995 6988 6987
f 6995 6996 6988
f 6996 6981 6988
f 6996 6989 6981
f 6997 6990 6989
f 6997 6998 6990
f 6998 6991 6990
f 6998 6999 6991
f 6999 6992 6991
f 6999 7000 6992
f 7000 6993 6992
f 7000 7001 6993
f 7001 6994 6993
f 7001 7002 6994
f 7002 6995 6994
f 7002 7003 6995
f 7003 6996 6995
f 7003 7004 6996
f 7004 6989 6996
f 7004 6997 6989
f 7005 6998 6997
f 7005 7006 6998
f 7006 6999 6998
f 7006 7007 6999
f 7007 7000 6999
f 7007 7008 7000
f 7008 7001 7000
f 7008 7009 7001
f 7009 7002 7001
f 7009 7010 7002
f 7010 7003 7002
f 7010 7011 7003
f 7011 7004 7003
f 7011 7012 7004
f 7012 6997 7004
f 7012 7005 6997
f 7013 7006 7005
f 7013 7014 7006
f 7014 7007 7006
f 7014 7015 7007
f 7015 7008 7007
f 7015 7016 7008
f 7016 7009 7008
f 7016 7017 7009
f 7017 7010 7009
f 7017 7018 7010
f 7018 7011 7010
f 7018 7019 7011
f 7019 7012 7011
f 7019 7020 7012
f 7020 7005 7012
f 7020 7013 7005
f 7021 7023 7024
f 7022 7056 7055
f 7021 7024 7025
f 7022 7057 7056
f 7021 7025 7026
f 7022 7058 7057
f 7021 7026 7027
f 7022 7059 7058
f 7021 7027 7028
f 7022 7060 7059
f 7021 7028 7029
f 7022 7061 7060
f 7021 7029 7030
f 7022 7062 7061
f 7021 7030 7023
f 7022 7055 7062
f 7031 7024 7023
f 7031 7032 7024
f 7032 7025 7024
f 7032 7033 7025
f 7033 7026 7025
f 7033 7034 7026
f 7034 7027 7026
f 7034 7035 7027
f 7035 7028 7027
f 7035 7036 7028
f 7036 7029 7028
f 7036 7037 7029
f 7037 7030 7029
f 7037 7038 7030
f 7038 7023 7030
f 7038 7031 7023
f 7039 7032 7031
f 7039 7040 7032
f 7040 7033 7032
f 7040 7041 7033
f 7041 7034 7033
f 7041 7042 7034
f 7042 7035 7034
f 7042 7043 7035
f 7043 7036 7035
f 7043 7044 7036
f 7044 7037 7036
f 7044 7045 7037
f 7045 7038 7037
f 7045 7046 7038
f 7046 7031 7038
f 7046 7039 7031
f 7047 7040 7039
f 7047 7048 7040
f 7048 7041 7040
f 7048 7049 7041
f 7049 7042 7041
f 7049 7050 7042
f 7050 7043 7042
f 7050 7051 7043
f 7051 7044 7043
f 7051 7052 7044
f 7052 7045 7044
f 7052 7053 7045
f 7053 7046 7045
f 7053 7054 7046
f 7054 7039 7046
f 7054 7047 7039
f 7055 7048 7047
f 7055 7056 7048
f 7056 7049 7048
f 7056 7057 7049
f 7057 7050 7049
f 7057 7058 7050
f 7058 7051 7050
f 7058 7059 7051
f 7059 7052 7051
f 7059 7060 7052
f 7060 7053 7052
f 7060 7061 7053
f 7061 7054 7053
f 7061 7062 7054
f 7062 7047 7054
f 7062 7055 7047
f 7063 7065 7066
f 7064 7098 7097
f 7063 7066 7067
f 7064 7099 7098
f 7063 7067 7068
f 7064 7100 7099
f 7063 7068 7069
f 7064 7101 7100
f 7063 7069 7070
f 7064 7102 7101
f 7063 7070 7071
f 7064 7103 7102
f 7063 7071 7072
f 7064 7104 7103
f 7063 7072 7065
f 7064 7097 7104
f 7073 7066 7065
f 7073 7074 7066
f 7074 7067 7066
f 7074 7075 7067
f 7075 7068 7067
f 7075 7076 7068
f 7076 7069 7068
f 7076 7077 7069
f 7077 7070 7069
f 7077 7078 7070
f 7078 7071 7070
f 7078 7079 7071
f 7079 7072 7071
f 7079 7080 7072
f 7080 7065 7072
f 7080 7073 7065
f 7081 7074 7073
f 7081 7082 7074
f 7082 7075 7074
f 7082 7083 7075
f 7083 7076 7075
f 7083 7084 7076
f 7084 7077 7076
f 7084 7085 7077
f 7085 7078 7077
f 7085 7086 7078
f 7086 7079 7078
f 7086 7087 7079
f 7087 7080 7079
f 7087 7088 7080
f 7088 7073 7080
f 7088 7081 7073
f 7089 7082 7081
f 7089 7090 7082
f 7090 7083 7082
f 7090 7091 7083
f 7091 7084 7083
f 7091 7092 7084
f 7092 7085 7084
f 7092 7093 7085
f 7093 7086 7085
f 7093 7094 7086
f 7094 7087 7086
f 7094 7095 7087
f 7095 7088 7087
f 7095 7096 7088
f 7096 7081 7088
f 7096 7089 7081
f 7097 7090 7089
f 7097 7098 7090
f 7098 7091 7090
f 7098 7099 7091
f 7099 7092 7091
f 7099 7100 7092
f 7100 7093 7092
f 7100 7101 7093
f 7101 7094 7093
f 7101 7102 7094
f 7102 7095 7094
f 7102 7103 7095
f 7103 7096 7095
f 7103 7104 7096
f 7104 7089 7096
f 7104 7097 7089
f 7105 7107 7108
f 7106 7140 7139
f 7105 7108 7109
f 7106 7141 7140
f 7105 7109 7110
f 7106 7142 7141
f 7105 7110 7111
f 7106 7143 7142
f 7105 7111 7112
f 7106 7144 7143
f 7105 7112 7113
f 7106 7145 7144
f 7105 7113 7114
f 7106 7146 7145
f 7105 7114 7107
f 7106 7139 7146
f 7115 7108 7107
f 7115 7116 7108
f 7116 7109 7108
f 7116 7117 7109
f 7117 7110 7109
f 7117 7118 7110
f 7118 7111 7110
f 7118 7119 7111
f 7119 7112 7111
f 7119 7120 7112
f 7120 7113 7112
f 7120 7121 7113
f 7121 7114 7113
f 7121 7122 7114
f 7122 7107 7114
f 7122 7115 7107
f 7123 7116 7115
f 7123 7124 7116
f 7124 7117 7116
f 7124 7125 7117
f 7125 7118 7117
f 7125 7126 7118
f 7126 7119 7118
f 7126 7127 7119
f 7127 7120 7119
f 7127 7128 7120
f 7128 7121 7120
f 7128 7129 7121
f 7129 7122 7121
f 7129 7130 7122
f 7130 7115 7122
f 7130 7123 7115
f 7131 7124 7123
f 7131 7132 7124
f 7132 7125 7124
f 7132 7133 7125
f 7133 7126 7125
f 7133 7134 7126
f 7134 7127 7126
f 7134 7135 7127
f 7135 7128 7127
f 7135 7136 7128
f 7136 7129 7128
f 7136 7137 7129
f 7137 7130 7129
f 7137 7138 7130
f 7138 7123 7130
f 7138 7131 7123
f 7139 7132 7131
f 7139 7140 7132
f 7140 7133 7132
f 7140 7141 7133
f 7141 7134 7133
f 7141 7142 7134
f 7142 7135 7134
f 7142 7143 7135
f 7143 7136 7135
f 7143 7144 7136
f 7144 7137 7136
f 7144 7145 7137
f 7145 7138 7137
f 7145 7146 7138
f 7146 7131 7138
f 7146 7139 7131
f 7147 7149 7150
f 7148 7182 7181
f 7147 7150 7151
f 7148 7183 7182
f 7147 7151 7152
f 7148 7184 7183
f 7147 7152 7153
f 7148 7185 7184
f 7147 7153 7154
f 7148 7186 7185
f 7147 7154 7155
f 7148 7187 7186
f 7147 7155 7156
f 7148 7188 7187
f 7147 7156 7149
f 7148 7181 7188
f 7157 7150 7149
f 7157 7158 7150
f 7158 7151 7150
f 7158 7159 7151
f 7159 7152 7151
f 7159 7160 7152
f 7160 7153 7152
f 7160 7161 7153
f 7161 7154 7153
f 7161 7162 7154
f 7162 7155 7154
f 7162 7163 7155
f 7163 7156 7155
f 7163 7164 7156
f 7164 7149 7156
f 7164 7157 7149
f 7165 7158 7157
f 7165 7166 7158
f 7166 7159 7158
f 7166 7167 7159
f 7167 7160 7159
f 7167 7168 7160
f 7168 7161 7160
f 7168 7169 7161
f 7169 7162 7161
f 7169 7170 7162
f 7170 7163 7162
f 7170 7171 7163
f 7171 7164 7163
f 7171 7172 7164
f 7172 7157 7164
f 7172 7165 7157
f 7173 7166 7165
f 7173 7174 7166
f 7174 7167 7166
f 7174 7175 7167
f 7175 7168 7167
f 7175 7176 7168
f 7176 7169 7168
f 7176 7177 7169
f 7177 7170 7169
f 7177 7178 7170
f 7178 7171 7170
f 7178 7179 7171
f 7179 7172 7171
f 7179 7180 7172
f 7180 7165 7172
f 7180 7173 7165
f 7181 7174 7173
f 7181 7182 7174
f 7182 7175 7174
f 7182 7183 7175
f 7183 7176 7175
f 7183 7184 7176
f 7184 7177 7176
f 7184 7185 7177
f 7185 7178 7177
f 7185 7186 7178
f 7186 7179 7178
f 7186 7187 7179
f 7187 7180 7179
f 7187 7188 7180
f 7188 7173 7180
f 7188 7181 7173
f 7189 7191 7192
f 7190 7224 7223
f 7189 7192 7193
f 7190 7225 7224
f 7189 7193 7194
f 7190 7226 7225
f 7189 7194 7195
f 7190 7227 7226
f 7189 7195 7196
f 7190 7228 7227
f 7189 7196 7197
f 7190 7229 7228
f 7189 7197 7198
f 7190 7230 7229
f 7189 7198 7191
f 7190 7223 7230
f 7199 7192 7191
f 7199 7200 7192
f 7200 7193 7192
f 7200 7201 7193
f 7201 7194 7193
f 7201 7202 7194
f 7202 7195 7194
f 7202 7203 7195
f 7203 7196 7195
f 7203 7204 7196
f 7204 7197 7196
f 7204 7205 7197
f 7205 7198 7197
f 7205 7206 7198
f 7206 7191 7198
f 7206 7199 7191
f 7207 7200 7199
f 7207 7208 7200
f 7208 7201 7200
f 7208 7209 7201
f 7209 7202 7201
f 7209 7210 7202
f 7210 7203 7202
f 7210 7211 7203
f 7211 7204 7203
f 7211 7212 7204
f 7212 7205 7204
f 7212 7213 7205
f 7213 7206 7205
f 7213 7214 7206
f 7214 7199 7206
f 7214 7207 7199
f 7215 7208 7207
f 7215 7216 7208
f 7216 7209 7208
f 7216 7217 7209
f 7217 7210 7209
f 7217 7218 7210
f 7218 7211 7210
f 7218 7219 7211
f 7219 7212 7211
f 7219 7220 7212
f 7220 7213 7212
f 7220 7221 7213
f 7221 7214 7213
f 7221 7222 7214
f 7222 7207 7214
f 7222 7215 7207
f 7223 7216 7215
f 7223 7224 7216
f 7224 7217 7216
f 7224 7225 7217
f 7225 7218 7217
f 7225 7226 7218
f 7226 7219 7218
f 7226 7227 7219
f 7227 7220 7219
f 7227 7228 7220
f 7228 7221 7220
f 7228 7229 7221
f 7229 7222 7221
f 7229 7230 7222
f 7230 7215 7222
f 7230 7223 7215
f 7231 7233 7234
f 7232 7266 7265
f 7231 7234 7235
f 7232 7267 7266
f 7231 7235 7236
f 7232 7268 7267
f 7231 7236 7237
f 7232 7269 7268
f 7231 7237 7238
f 7232 7270 7269
f 7231 7238 7239
f 7232 7271 7270
f 7231 7239 7240
f 7232 7272 7271
f 7231 7240 7233
f 7232 7265 7272
f 7241 7234 7233
f 7241 7242 7234
f 7242 7235 7234
f 7242 7243 7235
f 7243 7236 7235
f 7243 7244 7236
f 7244 7237 7236
f 7244 7245 7237
f 7245 7238 7237
f 7245 7246 7238
f 7246 7239 7238
f 7246 7247 7239
f 7247 7240 7239
f 7247 7248 7240
f 7248 7233 7240
f 7248 7241 7233
f 7249 7242 7241
f 7249 7250 7242
f 7250 7243 7242
f 7250 7251 7243
f 7251 7244 7243
f 7251 7252 7244
f 7252 7245 7244
f 7252 7253 7245
f 7253 7246 7245
f 7253 7254 7246
f 7254 7247 7246
f 7254 7255 7247
f 7255 7248 7247
f 7255 7256 7248
f 7256 7241 7248
f 7256 7249 7241
f 7257 7250 7249
f 7257 7258 7250
f 7258 7251 7250
f 7258 7259 7251
f 7259 7252 7251
f 7259 7260 7252
f 7260 7253 7252
f 7260 7261 7253
f 7261 7254 7253
f 7261 7262 7254
f 7262 7255 7254
f 7262 7263 7255
f 7263 7256 7255
f 7263 7264 7256
f 7264 7249 7256
f 7264 7257 7249
f 7265 7258 7257
f 7265 7266 7258
f 7266 7259 7258
f 7266 7267 7259
f 7267 7260 7259
f 7267 7268 7260
f 7268 7261 7260
f 7268 7269 7261
f 7269 7262 7261
f 7269 7270 7262
f 7270 7263 7262
f 7270 7271 7263
f 7271 7264 7263
f 7271 7272 7264
f 7272 7257 7264
f 7272 7265 7257
f 7273 7275 7276
f 7274 7308 7307
f 7273 7276 7277
f 7274 7309 7308
f 7273 7277 7278
f 7274 7310 7309
f 7273 7278 7279
f 7274 7311 7310
f 7273 7279 7280
f 7274 7312 7311
f 7273 7280 7281
f 7274 7313 7312
f 7273 7281 7282
f 7274 7314 7313
f 7273 7282 7275
f 7274 7307 7314
f 7283 7276 7275
f 7283 7284 7276
f 7284 7277 7276
f 7284 7285 7277
f 7285 7278 7277
f 7285 7286 7278
f 7286 7279 7278
f 7286 7287 7279
f 7287 7280 7279
f 7287 7288 7280
f 7288 7281 7280
f 7288 7289 7281
f 7289 7282 7281
f 7289 7290 7282
f 7290 7275 7282
f 7290 7283 7275
f 7291 7284 7283
f 7291 7292 7284
f 7292 7285 7284
f 7292 7293 7285
f 7293 7286 7285
f 7293 7294 7286
f 7294 7287 7286
f 7294 7295 7287
f 7295 7288 7287
f 7295 7296 7288
f 7296 7289 7288
f 7296 7297 7289
f 7297 7290 7289
f 7297 7298 7290
f 7298 7283 7290
f 7298 7291 7283
f 7299 7292 7291
f 7299 7300 7292
f 7300 7293 7292
f 7300 7301 7293
f 7301 7294 7293
f 7301 7302 7294
f 7302 7295 7294
f 7302 7303 7295
f 7303 7296 7295
f 7303 7304 7296
f 7304 7297 7296
f 7304 7305 7297
f 7305 7298 7297
f 7305 7306 7298
f 7306 7291 7298
f 7306 7299 7291
f 7307 7300 7299
f 7307 7308 7300
f 7308 7301 7300
f 7308 7309 7301
f 7309 7302 7301
f 7309 7310 7302
f 7310 7303 7302
f 7310 7311 7303
f 7311 7304 7303
f 7311 7312 7304
f 7312 7305 7304
f 7312 7313 7305
f 7313 7306 7305
f 7313 7314 7306
f 7314 7299 7306
f 7314 7307 7299
f 7315 7317 7318
f 7316 7350 7349
f 7315 7318 7319
f 7316 7351 7350
f 7315 7319 7320
f 7316 7352 7351
f 7315 7320 7321
f 7316 7353 7352
f 7315 7321 7322
f 7316 7354 7353
f 7315 7322 7323
f 7316 7355 7354
f 7315 7323 7324
f 7316 7356 7355
f 7315 7324 7317
f 7316 7349 7356
f 7325 7318 7317
f 7325 7326 7318
f 7326 7319 7318
f 7326 7327 7319
f 7327 7320 7319
f 7327 7328 7320
f 7328 7321 7320
f 7328 7329 7321
f 7329 7322 7321
f 7329 7330 7322
f 7330 7323 7322
f 7330 7331 7323
f 7331 7324 7323
f 7331 7332 7324
f 7332 7317 7324
f 7332 7325 7317
f 7333 7326 7325
f 7333 7334 7326
f 7334 7327 7326
f 7334 7335 7327
f 7335 7328 7327
f 7335 7336 7328
f 7336 7329 7328
f 7336 7337 7329
f 7337 7330 7329
f 7337 7338 7330
f 7338 7331 7330
f 7338 7339 7331
f 7339 7332 7331
f 7339 7340 7332
f 7340 7325 7332
f 7340 7333 7325
f 7341 7334 7333
f 7341 7342 7334
f 7342 7335 7334
f 7342 7343 7335
f 7343 7336 7335
f 7343 7344 7336
f 7344 7337 7336
f 7344 7345 7337
f 7345 7338 7337
f 7345 7346 7338
f 7346 7339 7338
f 7346 7347 7339
f 7347 7340 7339
f 7347 7348 7340
f 7348 7333 7340
f 7348 7341 7333
f 7349 7342 7341
f 7349 7350 7342
f 7350 7343 7342
f 7350 7351 7343
f 7351 7344 7343
f 7351 7352 7344
f 7352 7345 7344
f 7352 7353 7345
f 7353 7346 7345
f 7353 7354 7346
f 7354 7347 7346
f 7354 7355 7347
f 7355 7348 7347
f 7355 7356 7348
f 7356 7341 7348
f 7356 7349 7341
f 7357 7359 7360
f 7358 7392 7391
f 7357 7360 7361
f 7358 7393 7392
f 7357 7361 7362
f 7358 7394 7393
f 7357 7362 7363
f 7358 7395 7394
f 7357 7363 7364
f 7358 7396 7395
f 7357 7364 7365
f 7358 7397 7396
f 7357 7365 7366
f 7358 7398 7397
f 7357 7366 7359
f 7358 7391 7398
f 7367 7360 7359
f 7367 7368 7360
f 7368 7361 7360
f 7368 7369 7361
f 7369 7362 7361
f 7369 7370 7362
f 7370 7363 7362
f 7370 7371 7363
f 7371 7364 7363
f 7371 7372 7364
f 7372 7365 7364
f 7372 7373 7365
f 7373 7366 7365
f 7373 7374 7366
f 7374 7359 7366
f 7374 7367 7359
f 7375 7368 7367
f 7375 7376 7368
f 7376 7369 7368
f 7376 7377 7369
f 7377 7370 7369
f 7377 7378 7370
f 7378 7371 7370
f 7378 7379 7371
f 7379 7372 7371
f 7379 7380 7372
f 7380 7373 7372
f 7380 7381 7373
f 7381 7374 7373
f 7381 7382 7374
f 7382 7367 7374
f 7382 7375 7367
f 7383 7376 7375
f 7383 7384 7376
f 7384 7377 7376
f 7384 7385 7377
f 7385 7378 7377
f 7385 7386 7378
f 7386 7379 7378
f 7386 7387 7379
f 7387 7380 7379
f 7387 7388 7380
f 7388 7381 7380
f 7388 7389 7381
f 7389 7382 7381
f 7389 7390 7382
f 7390 7375 7382
f 7390 7383 7375
f 7391 7384 7383
f 7391 7392 7384
f 7392 7385 7384
f 7392 7393 7385
f 7393 7386 7385
f 7393 7394 7386
f 7394 7387 7386
f 7394 7395 7387
f 7395 7388 7387
f 7395 7396 7388
f 7396 7389 7388
f 7396 7397 7389
f 7397 7390 7389
f 7397 7398 7390
f 7398 7383 7390
f 7398 7391 7383
f 7399 7401 7402
f 7400 7434 7433
f 7399 7402 7403
f 7400 7435 7434
f 7399 7403 7404
f 7400 7436 7435
f 7399 7404 7405
f 7400 7437 7436
f 7399 7405 7406
f 7400 7438 7437
f 7399 7406 7407
f 7400 7439 7438
f 7399 7407 7408
f 7400 7440 7439
f 7399 7408 7401
f 7400 7433 7440
f 7409 7402 7401
f 7409 7410 7402
f 7410 7403 7402
f 7410 7411 7403
f 7411 7404 7403
f 7411 7412 7404
f 7412 7405 7404
f 7412 7413 7405
f 7413 7406 7405
f 7413 7414 7406
f 7414 7407 7406
f 7414 7415 7407
f 7415 7408 7407
f 7415 7416 7408
f 7416 7401 7408
f 7416 7409 7401
f 7417 7410 7409
f 7417 7418 7410
f 7418 7411 7410
f 7418 7419 7411
f 7419 7412 7411
f 7419 7420 7412
f 7420 7413 7412
f 7420 7421 7413
f 7421 7414 7413
f 7421 7422 7414
f 7422 7415 7414
f 7422 7423 7415
f 7423 7416 7415
f 7423 7424 7416
f 7424 7409 7416
f 7424 7417 7409
f 7425 7418 7417
f 7425 7426 7418
f 7426 7419 7418
f 7426 7427 7419
f 7427 7420 7419
f 7427 7428 7420
f 7428 7421 7420
f 7428 7429 7421
f 7429 7422 7421
f 7429 7430 7422
f 7430 7423 7422
f 7430 7431 7423
f 7431 7424 7423
f 7431 7432 7424
f 7432 7417 7424
f 7432 7425 7417
f 7433 7426 7425
f 7433 7434 7426
f 7434 7427 7426
f 7434 7435 7427
f 7435 7428 7427
f 7435 7436 7428
f 7436 7429 7428
f 7436 7437 7429
f 7437 7430 7429
f 7437 7438 7430
f 7438 7431 7430
f 7438 7439 7431
f 7439 7432 7431
f 7439 7440 7432
f 7440 7425 7432
f 7440 7433 7425
f 7441 7443 7444
f 7442 7476 7475
f 7441 7444 7445
f 7442 7477 7476
f 7441 7445 7446
f 7442 7478 7477
f 7441 7446 7447
f 7442 7479 7478
f 7441 7447 7448
f 7442 7480 7479
f 7441 7448 7449
f 7442 7481 7480
f 7441 7449 7450
f 7442 7482 7481
f 7441 7450 7443
f 7442 7475 7482
f 7451 7444 7443
f 7451 7452 7444
f 7452 7445 7444
f 7452 7453 7445
f 7453 7446 7445
f 7453 7454 7446
f 7454 7447 7446
f 7454 7455 7447
f 7455 7448 7447
f 7455 7456 7448
f 7456 7449 7448
f 7456 7457 7449
f 7457 7450 7449
f 7457 7458 7450
f 7458 7443 7450
f 7458 7451 7443
f 7459 7452 7451
f 7459 7460 7452
f 7460 7453 7452
f 7460 7461 7453
f 7461 7454 7453
f 7461 7462 7454
f 7462 7455 7454
f 7462 7463 7455
f 7463 7456 7455
f 7463 7464 7456
f 7464 7457 7456
f 7464 7465 7457
f 7465 7458 7457
f 7465 7466 7458
f 7466 7451 7458
f 7466 7459 7451
f 7467 7460 7459
f 7467 7468 7460
f 7468 7461 7460
f 7468 7469 7461
f 7469 7462 7461
f 7469 7470 7462
f 7470 7463 7462
f 7470 7471 7463
f 7471 7464 7463
f 7471 7472 7464
f 7472 7465 7464
f 7472 7473 7465
f 7473 7466 7465
f 7473 7474 7466
f 7474 7459 7466
f 7474 7467 7459
f 7475 7468 7467
f 7475 7476 7468
f 7476 7469 7468
f 7476 7477 7469
f 7477 7470 7469
f 7477 7478 7470
f 7478 7471 7470
f 7478 7479 7471
f 7479 7472 7471
f 7479 7480 7472
f 7480 7473 7472
f 7480 7481 7473
f 7481 7474 7473
f 7481 7482 7474
f 7482 7467 7474
f 7482 7475 7467
f 7483 7485 7486
f 7484 7518 7517
f 7483 7486 7487
f 7484 7519 7518
f 7483 7487 7488
f 7484 7520 7519
f 7483 7488 7489
f 7484 7521 7520
f 7483 7489 7490
f 7484 7522 7521
f 7483 7490 7491
f 7484 7523 7522
f 7483 7491 7492
f 7484 7524 7523
f 7483 7492 7485
f 7484 7517 7524
f 7493 7486 7485
f 7493 7494 7486
f 7494 7487 7486
f 7494 7495 7487
f 7495 7488 7487
f 7495 7496 7488
f 7496 7489 7488
f 7496 7497 7489
f 7497 7490 7489
f 7497 7498 7490
f 7498 7491 7490
f 7498 7499 7491
f 7499 7492 7491
f 7499 7500 7492
f 7500 7485 7492
f 7500 7493 7485
f 7501 7494 7493
f 7501 7502 7494
f 7502 7495 7494
f 7502 7503 7495
f 7503 7496 7495
f 7503 7504 7496
f 7504 7497 7496
f 7504 7505 7497
f 7505 7498 7497
f 7505 7506 7498
f 7506 7499 7498
f 7506 7507 7499
f 7507 7500 7499
f 7507 7508 7500
f 7508 7493 7500
f 7508 7501 7493
f 7509 7502 7501
f 7509 7510 7502
f 7510 7503 7502
f 7510 7511 7503
f 7511 7504 7503
f 7511 7512 7504
f 7512 7505 7504
f 7512 7513 7505
f 7513 7506 7505
f 7513 7514 7506
f 7514 7507 7506
f 7514 7515 7507
f 7515 7508 7507
f 7515 7516 7508
f 7516 7501 7508
f 7516 7509 7501
f 7517 7510 7509
f 7517 7518 7510
f 7518 7511 7510
f 7518 7519 7511
f 7519 7512 7511
f 7519 7520 7512
f 7520 7513 7512
f 7520 7521 7513
f 7521 7514 7513
f 7521 7522 7514
f 7522 7515 7514
f 7522 7523 7515
f 7523 7516 7515
f 7523 7524 7516
f 7524 7509 7516
f 7524 7517 7509
f 7525 7527 7528
f 7526 7560 7559
f 7525 7528 7529
f 7526 7561 7560
f 7525 7529 7530
f 7526 7562 7561
f 7525 7530 7531
f 7526 7563 7562
f 7525 7531 7532
f 7526 7564 7563
f 7525 7532 7533
f 7526 7565 7564
f 7525 7533 7534
f 7526 7566 7565
f 7525 7534 7527
f 7526 7559 7566
f 7535 7528 7527
f 7535 7536 7528
f 7536 7529 7528
f 7536 7537 7529
f 7537 7530 7529
f 7537 7538 7530
f 7538 7531 7530
f 7538 7539 7531
f 7539 7532 7531
f 7539 7540 7532
f 7540 7533 7532
f 7540 7541 7533
f 7541 7534 7533
f 7541 7542 7534
f 7542 7527 7534
f 7542 7535 7527
f 7543 7536 7535
f 7543 7544 7536
f 7544 7537 7536
f 7544 7545 7537
f 7545 7538 7537
f 7545 7546 7538
f 7546 7539 7538
f 7546 7547 7539
f 7547 7540 7539
f 7547 7548 7540
f 7548 7541 7540
f 7548 7549 7541
f 7549 7542 7541
f 7549 7550 7542
f 7550 7535 7542
f 7550 7543 7535
f 7551 7544 7543
f 7551 7552 7544
f 7552 7545 7544
f 7552 7553 7545
f 7553 7546 7545
f 7553 7554 7546
f 7554 7547 7546
f 7554 7555 7547
f 7555 7548 7547
f 7555 7556 7548
f 7556 7549 7548
f 7556 7557 7549
f 7557 7550 7549
f 7557 7558 7550
f 7558 7543 7550
f 7558 7551 7543
f 7559 7552 7551
f 7559 7560 7552
f 7560 7553 7552
f 7560 7561 7553
f 7561 7554 7553
f 7561 7562 7554
f 7562 7555 7554
f 7562 7563 7555
f 7563 7556 7555
f 7563 7564 7556
f 7564 7557 7556
f 7564 7565 7557
f 7565 7558 7557
f 7565 7566 7558
f 7566 7551 7558
f 7566 7559 7551
f 7567 7569 7570
f 7568 7602 7601
f 7567 7570 7571
f 7568 7603 7602
f 7567 7571 7572
f 7568 7604 7603
f 7567 7572 7573
f 7568 7605 7604
f 7567 7573 7574
f 7568 7606 7605
f 7567 7574 7575
f 7568 7607 7606
f 7567 7575 7576
f 7568 7608 7607
f 7567 7576 7569
f 7568 7601 7608
f 7577 7570 7569
f 7577 7578 7570
f 7578 7571 7570
f 7578 7579 7571
f 7579 7572 7571
f 7579 7580 7572
f 7580 7573 7572
f 7580 7581 7573
f 7581 7574 7573
f 7581 7582 7574
f 7582 7575 7574
f 7582 7583 7575
f 7583 7576 7575
f 7583 7584 7576
f 7584 7569 7576
f 7584 7577 7569
f 7585 7578 7577
f 7585 7586 7578
f 7586 7579 7578
f 7586 7587 7579
f 7587 7580 7579
f 7587 7588 7580
f 7588 7581 7580
f 7588 7589 7581
f 7589 7582 7581
f 7589 7590 7582
f 7590 7583 7582
f 7590 7591 7583
f 7591 7584 7583
f 7591 7592 7584
f 7592 7577 7584
f 7592 7585 7577
f 7593 7586 7585
f 7593 7594 7586
f 7594 7587 7586
f 7594 7595 7587
f 7595 7588 7587
f 7595 7596 7588
f 7596 7589 7588
f 7596 7597 7589
f 7597 7590 7589
f 7597 7598 7590
f 7598 7591 7590
f 7598 7599 7591
f 7599 7592 7591
f 7599 7600 7592
f 7600 7585 7592
f 7600 7593 7585
f 7601 7594 7593
f 7601 7602 7594
f 7602 7595 7594
f 7602 7603 7595
f 7603 7596 7595
f 7603 7604 7596
f 7604 7597 7596
f 7604 7605 7597
f 7605 7598 7597
f 7605 7606 7598
f 7606 7599 7598
f 7606 7607 7599
f 7607 7600 7599
f 7607 7608 7600
f 7608 7593 7600
f 7608 7601 7593
f 7609 7611 7612
f 7610 7644 7643
f 7609 7612 7613
f 7610 7645 7644
f 7609 7613 7614
f 7610 7646 7645
f 7609 7614 7615
f 7610 7647 7646
f 7609 7615 7616
f 7610 7648 7647
f 7609 7616 7617
f 7610 7649 7648
f 7609 7617 7618
f 7610 7650 7649
f 7609 7618 7611
f 7610 7643 7650
f 7619 7612 7611
f 7619 7620 7612
f 7620 7613 7612
f 7620 7621 7613
f 7621 7614 7613
f 7621 7622 7614
f 7622 7615 7614
f 7622 7623 7615
f 7623 7616 7615
f 7623 7624 7616
f 7624 7617 7616
f 7624 7625 7617
f 7625 7618 7617
f 7625 7626 7618
f 7626 7611 7618
f 7626 7619 7611
f 7627 7620 7619
f 7627 7628 7620
f 7628 7621 7620
f 7628 7629 7621
f 7629 7622 7621
f 7629 7630 7622
f 7630 7623 7622
f 7630 7631 7623
f 7631 7624 7623
f 7631 7632 7624
f 7632 7625 7624
f 7632 7633 7625
f 7633 7626 7625
f 7633 7634 7626
f 7634 7619 7626
f 7634 7627 7619
f 7635 7628 7627
f 7635 7636 7628
f 7636 7629 7628
f 7636 7637 7629
f 7637 7630 7629
f 7637 7638 7630
f 7638 7631 7630
f 7638 7639 7631
f 7639 7632 7631
f 7639 7640 7632
f 7640 7633 7632
f 7640 7641 7633
f 7641 7634 7633
f 7641 7642 7634
f 7642 7627 7634
f 7642 7635 7627
f 7643 7636 7635
f 7643 7644 7636
f 7644 7637 7636
f 7644 7645 7637
f 7645 7638 7637
f 7645 7646 7638
f 7646 7639 7638
f 7646 7647 7639
f 7647 7640 7639
f 7647 7648 7640
f 7648 7641 7640
f 7648 7649 7641
f 7649 7642 7641
f 7649 7650 7642
f 7650 7635 7642
f 7650 7643 7635
f 7651 7653 7654
f 7652 7686 7685
f 7651 7654 7655
f 7652 7687 7686
f 7651 7655 7656
f 7652 7688 7687
f 7651 7656 7657
f 7652 7689 7688
f 7651 7657 7658
f 7652 7690 7689
f 7651 7658 7659
f 7652 7691 7690
f 7651 7659 7660
f 7652 7692 7691
f 7651 7660 7653
f 7652 7685 7692
f 7661 7654 7653
f 7661 7662 7654
f 7662 7655 7654
f 7662 7663 7655
f 7663 7656 7655
f 7663 7664 7656
f 7664 7657 7656
f 7664 7665 7657
f 7665 7658 7657
f 7665 7666 7658
f 7666 7659 7658
f 7666 7667 7659
f 7667 7660 7659
f 7667 7668 7660
f 7668 7653 7660
f 7668 7661 7653
f 7669 7662 7661
f 7669 7670 7662
f 7670 7663 7662
f 7670 7671 7663
f 7671 7664 7663
f 7671 7672 7664
f 7672 7665 7664
f 7672 7673 7665
f 7673 7666 7665
f 7673 7674 7666
f 7674 7667 7666
f 7674 7675 7667
f 7675 7668 7667
f 7675 7676 7668
f 7676 7661 7668
f 7676 7669 7661
f 7677 7670 7669
f 7677 7678 7670
f 7678 7671 7670
f 7678 7679 7671
f 7679 7672 7671
f 7679 7680 7672
f 7680 7673 7672
f 7680 7681 7673
f 7681 7674 7673
f 7681 7682 7674
f 7682 7675 7674
f 7682 7683 7675
f 7683 7676 7675
f 7683 7684 7676
f 7684 7669 7676
f 7684 7677 7669
f 7685 7678 7677
f 7685 7686 7678
f 7686 7679 7678
f 7686 7687 7679
f 7687 7680 7679
f 7687 7688 7680
f 7688 7681 7680
f 7688 7689 7681
f 7689 7682 7681
f 7689 7690 7682
f 7690 7683 7682
f 7690 7691 7683
f 7691 7684 7683
f 7691 7692 7684
f 7692 7677 7684
f 7692 7685 7677
f 7693 7695 7696
f 7694 7728 7727
f 7693 7696 7697
f 7694 7729 7728
f 7693 7697 7698
f 7694 7730 7729
f 7693 7698 7699
f 7694 7731 7730
f 7693 7699 7700
f 7694 7732 7731
f 7693 7700 7701
f 7694 7733 7732
f 7693 7701 7702
f 7694 7734 7733
f 7693 7702 7695
f 7694 7727 7734
f 7703 7696 7695
f 7703 7704 7696
f 7704 7697 7696
f 7704 7705 7697
f 7705 7698 7697
f 7705 7706 7698
f 7706 7699 7698
f 7706 7707 7699
f 7707 7700 7699
f 7707 7708 7700
f 7708 7701 7700
f 7708 7709 7701
f 7709 7702 7701
f 7709 7710 7702
f 7710 7695 7702
f 7710 7703 7695
f 7711 7704 7703
f 7711 7712 7704
f 7712 7705 7704
f 7712 7713 7705
f 7713 7706 7705
f 7713 7714 7706
f 7714 7707 7706
f 7714 7715 7707
f 7715 7708 7707
f 7715 7716 7708
f 7716 7709 7708
f 7716 7717 7709
f 7717 7710 7709
f 7717 7718 7710
f 7718 7703 7710
f 7718 7711 7703
f 7719 7712 7711
f 7719 7720 7712
f 7720 7713 7712
f 7720 7721 7713
f 7721 7714 7713
f 7721 7722 7714
f 7722 7715 7714
f 7722 7723 7715
f 7723 7716 7715
f 7723 7724 7716
f 7724 7717 7716
f 7724 7725 7717
f 7725 7718 7717
f 7725 7726 7718
f 7726 7711 7718
f 7726 7719 7711
f 7727 7720 7719
f 7727 7728 7720
f 7728 7721 7720
f 7728 7729 7721
f 7729 7722 7721
f 7729 7730 7722
f 7730 7723 7722
f 7730 7731 7723
f 7731 7724 7723
f 7731 7732 7724
f 7732 7725 7724
f 7732 7733 7725
f 7733 7726 7725
f 7733 7734 7726
f 7734 7719 7726
f 7734 7727 7719
f 7735 7737 7738
f 7736 7770 7769
f 7735 7738 7739
f 7736 7771 7770
f 7735 7739 7740
f 7736 7772 7771
f 7735 7740 7741
f 7736 7773 7772
f 7735 7741 7742
f 7736 7774 7773
f 7735 7742 7743
f 7736 7775 7774
f 7735 7743 7744
f 7736 7776 7775
f 7735 7744 7737
f 7736 7769 7776
f 7745 7738 7737
f 7745 7746 7738
f 7746 7739 7738
f 7746 7747 7739
f 7747 7740 7739
f 7747 7748 7740
f 7748 7741 7740
f 7748 7749 7741
f 7749 7742 7741
f 7749 7750 7742
f 7750 7743 7742
f 7750 7751 7743
f 7751 7744 7743
f 7751 7752 7744
f 7752 7737 7744
f 7752 7745 7737
f 7753 7746 7745
f 7753 7754 7746
f 7754 7747 7746
f 7754 7755 7747
f 7755 7748 7747
f 7755 7756 7748
f 7756 7749 7748
f 7756 7757 7749
f 7757 7750 7749
f 7757 7758 7750
f 7758 7751 7750
f 7758 7759 7751
f 7759 7752 7751
f 7759 7760 7752
f 7760 7745 7752
f 7760 7753 7745
f 7761 7754 7753
f 7761 7762 7754
f 7762 7755 7754
f 7762 7763 7755
f 7763 7756 7755
f 7763 7764 7756
f 7764 7757 7756
f 7764 7765 7757
f 7765 7758 7757
f 7765 7766 7758
f 7766 7759 7758
f 7766 7767 7759
f 7767 7760 7759
f 7767 7768 7760
f 7768 7753 7760
f 7768 7761 7753
f 7769 7762 7761
f 7769 7770 7762
f 7770 7763 7762
f 7770 7771 7763
f 7771 7764 7763
f 7771 7772 7764
f 7772 7765 7764
f 7772 7773 7765
f 7773 7766 7765
f 7773 7774 7766
f 7774 7767 7766
f 7774 7775 7767
f 7775 7768 7767
f 7775 7776 7768
f 7776 7761 7768
f 7776 7769 7761
f 7777 7779 7780
f 7778 7812 7811
f 7777 7780 7781
f 7778 7813 7812
f 7777 7781 7782
f 7778 7814 7813
f 7777 7782 7783
f 7778 7815 7814
f 7777 7783 7784
f 7778 7816 7815
f 7777 7784 7785
f 7778 7817 7816
f 7777 7785 7786
f 7778 7818 7817
f 7777 7786 7779
f 7778 7811 7818
f 7787 7780 7779
f 7787 7788 7780
f 7788 7781 7780
f 7788 7789 7781
f 7789 7782 7781
f 7789 7790 7782
f 7790 7783 7782
f 7790 7791 7783
f 7791 7784 7783
f 7791 7792 7784
f 7792 7785 7784
f 7792 7793 7785
f 7793 7786 7785
f 7793 7794 7786
f 7794 7779 7786
f 7794 7787 7779
f 7795 7788 7787
f 7795 7796 7788
f 7796 7789 7788
f 7796 7797 7789
f 7797 7790 7789
f 7797 7798 7790
f 7798 7791 7790
f 7798 7799 7791
f 7799 7792 7791
f 7799 7800 7792
f 7800 7793 7792
f 7800 7801 7793
f 7801 7794 7793
f 7801 7802 7794
f 7802 7787 7794
f 7802 7795 7787
f 7803 7796 7795
f 7803 7804 7796
f 7804 7797 7796
f 7804 7805 7797
f 7805 7798 7797
f 7805 7806 7798
f 7806 7799 7798
f 7806 7807 7799
f 7807 7800 7799
f 7807 7808 7800
f 7808 7801 7800
f 7808 7809 7801
f 7809 7802 7801
f 7809 7810 7802
f 7810 7795 7802
f 7810 7803 7795
f 7811 7804 7803
f 7811 7812 7804
f 7812 7805 7804
f 7812 7813 7805
f 7813 7806 7805
f 7813 7814 7806
f 7814 7807 7806
f 7814 7815 7807
f 7815 7808 7807
f 7815 7816 7808
f 7816 7809 7808
f 7816 7817 7809
f 7817 7810 7809
f 7817 7818 7810
f 7818 7803 7810
f 7818 7811 7803
f 7819 7821 7822
f 7820 7854 7853
f 7819 7822 7823
f 7820 7855 7854
f 7819 7823 7824
f 7820 7856 7855
f 7819 7824 7825
f 7820 7857 7856
f 7819 7825 7826
f 7820 7858 7857
f 7819 7826 7827
f 7820 7859 7858
f 7819 7827 7828
f 7820 7860 7859
f 7819 7828 7821
f 7820 7853 7860
f 7829 7822 7821
f 7829 7830 7822
f 7830 7823 7822
f 7830 7831 7823
f 7831 7824 7823
f 7831 7832 7824
f 7832 7825 7824
f 7832 7833 7825
f 7833 7826 7825
f 7833 7834 7826
f 7834 7827 7826
f 7834 7835 7827
f 7835 7828 7827
f 7835 7836 7828
f 7836 7821 7828
f 7836 7829 7821
f 7837 7830 7829
f 7837 7838 7830
f 7838 7831 7830
f 7838 7839 7831
f 7839 7832 7831
f 7839 7840 7832
f 7840 7833 7832
f 7840 7841 7833
f 7841 7834 7833
f 7841 7842 7834
f 7842 7835 7834
f 7842 7843 7835
f 7843 7836 7835
f 7843 7844 7836
f 7844 7829 7836
f 7844 7837 7829
f 7845 7838 7837
f 7845 7846 7838
f 7846 7839 7838
f 7846 7847 7839
f 7847 7840 7839
f 7847 7848 7840
f 7848 7841 7840
f 7848 7849 7841
f 7849 7842 7841
f 7849 7850 7842
f 7850 7843 7842
f 7850 7851 7843
f 7851 7844 7843
f 7851 7852 7844
f 7852 7837 7844
f 7852 7845 7837
f 7853 7846 7845
f 7853 7854 7846
f 7854 7847 7846
f 7854 7855 7847
f 7855 7848 7847
f 7855 7856 7848
f 7856 7849 7848
f 7856 7857 7849
f 7857 7850 7849
f 7857 7858 7850
f 7858 7851 7850
f 7858 7859 7851
f 7859 7852 7851
f 7859 7860 7852
f 7860 7845 7852
f 7860 7853 7845
f 7861 7863 7864
f 7862 7896 7895
f 7861 7864 7865
f 7862 7897 7896
f 7861 7865 7866
f 7862 7898 7897
f 7861 7866 7867
f 7862 7899 7898
f 7861 7867 7868
f 7862 7900 7899
f 7861 7868 7869
f 7862 7901 7900
f 7861 7869 7870
f 7862 7902 7901
f 7861 7870 7863
f 7862 7895 7902
f 7871 7864 7863
f 7871 7872 7864
f 7872 7865 7864
f 7872 7873 7865
f 7873 7866 7865
f 7873 7874 7866
f 7874 7867 7866
f 7874 7875 7867
f 7875 7868 7867
f 7875 7876 7868
f 7876 7869 7868
f 7876 7877 7869
f 7877 7870 7869
f 7877 7878 7870
f 7878 7863 7870
f 7878 7871 7863
f 7879 7872 7871
f 7879 7880 7872
f 7880 7873 7872
f 7880 7881 7873
f 7881 7874 7873
f 7881 7882 7874
f 7882 7875 7874
f 7882 7883 7875
f 7883 7876 7875
f 7883 7884 7876
f 7884 7877 7876
f 7884 7885 7877
f 7885 7878 7877
f 7885 7886 7878
f 7886 7871 7878
f 7886 7879 7871
f 7887 7880 7879
f 7887 7888 7880
f 7888 7881 7880
f 7888 7889 7881
f 7889 7882 7881
f 7889 7890 7882
f 7890 7883 7882
f 7890 7891 7883
f 7891 7884 7883
f 7891 7892 7884
f 7892 7885 7884
f 7892 7893 7885
f 7893 7886 7885
f 7893 7894 7886
f 7894 7879 7886
f 7894 7887 7879
f 7895 7888 7887
f 7895 7896 7888
f 7896 7889 7888
f 7896 7897 7889
f 7897 7890 7889
f 7897 7898 7890
f 7898 7891 7890
f 7898 7899 7891
f 7899 7892 7891
f 7899 7900 7892
f 7900 7893 7892
f 7900 7901 7893
f 7901 7894 7893
f 7901 7902 7894
f 7902 7887 7894
f 7902 7895 7887
f 7903 7905 7906
f 7904 7938 7937
f 7903 7906 7907
f 7904 7939 7938
f 7903 7907 7908
f 7904 7940 7939
f 7903 7908 7909
f 7904 7941 7940
f 7903 7909 7910
f 7904 7942 7941
f 7903 7910 7911
f 7904 7943 7942
f 7903 7911 7912
f 7904 7944 7943
f 7903 7912 7905
f 7904 7937 7944
f 7913 7906 7905
f 7913 7914 7906
f 7914 7907 7906
f 7914 7915 7907
f 7915 7908 7907
f 7915 7916 7908
f 7916 7909 7908
f 7916 7917 7909
f 7917 7910 7909
f 7917 7918 7910
f 7918 7911 7910
f 7918 7919 7911
f 7919 7912 7911
f 7919 7920 7912
f 7920 7905 7912
f 7920 7913 7905
f 7921 7914 7913
f 7921 7922 7914
f 7922 7915 7914
f 7922 7923 7915
f 7923 7916 7915
f 7923 7924 7916
f 7924 7917 7916
f 7924 7925 7917
f 7925 7918 7917
f 7925 7926 7918
f 7926 7919 7918
f 7926 7927 7919
f 7927 7920 7919
f 7927 7928 7920
f 7928 7913 7920
f 7928 7921 7913
f 7929 7922 7921
f 7929 7930 7922
f 7930 7923 7922
f 7930 7931 7923
f 7931 7924 7923
f 7931 7932 7924
f 7932 7925 7924
f 7932 7933 7925
f 7933 7926 7925
f 7933 7934 7926
f 7934 7927 7926
f 7934 7935 7927
f 7935 7928 7927
f 7935 7936 7928
f 7936 7921 7928
f 7936 7929 7921
f 7937 7930 7929
f 7937 7938 7930
f 7938 7931 7930
f 7938 7939 7931
f 7939 7932 7931
f 7939 7940 7932
f 7940 7933 7932
f 7940 7941 7933
f 7941 7934 7933
f 7941 7942 7934
f 7942 7935 7934
f 7942 7943 7935
f 7943 7936 7935
f 7943 7944 7936
f 7944 7929 7936
f 7944 7937 7929
f 7945 7947 7948
f 7946 7980 7979
f 7945 7948 7949
f 7946 7981 7980
f 7945 7949 7950
f 7946 7982 7981
f 7945 7950 7951
f 7946 7983 7982
f 7945 7951 7952
f 7946 7984 7983
f 7945 7952 7953
f 7946 7985 7984
f 7945 7953 7954
f 7946 7986 7985
f 7945 7954 7947
f 7946 7979 7986
f 7955 7948 7947
f 7955 7956 7948
f 7956 7949 7948
f 7956 7957 7949
f 7957 7950 7949
f 7957 7958 7950
f 7958 7951 7950
f 7958 7959 7951
f 7959 7952 7951
f 7959 7960 7952
f 7960 7953 7952
f 7960 7961 7953
f 7961 7954 7953
f 7961 7962 7954
f 7962 7947 7954
f 7962 7955 7947
f 7963 7956 7955
f 7963 7964 7956
f 7964 7957 7956
f 7964 7965 7957
f 7965 7958 7957
f 7965 7966 7958
f 7966 7959 7958
f 7966 7967 7959
f 7967 7960 7959
f 7967 7968 7960
f 7968 7961 7960
f 7968 7969 7961
f 7969 7962 7961
f 7969 7970 7962
f 7970 7955 7962
f 7970 7963 7955
f 7971 7964 7963
f 7971 7972 7964
f 7972 7965 7964
f 7972 7973 7965
f 7973 7966 7965
f 7973 7974 7966
f 7974 7967 7966
f 7974 7975 7967
f 7975 7968 7967
f 7975 7976 7968
f 7976 7969 7968
f 7976 7977 7969
f 7977 7970 7969
f 7977 7978 7970
f 7978 7963 7970
f 7978 7971 7963
f 7979 7972 7971
f 7979 7980 7972
f 7980 7973 7972
f 7980 7981 7973
f 7981 7974 7973
f 7981 7982 7974
f 7982 7975 7974
f 7982 7983 7975
f 7983 7976 7975
f 7983 7984 7976
f 7984 7977 7976
f 7984 7985 7977
f 7985 7978 7977
f 7985 7986 7978
f 7986 7971 7978
f 7986 7979 7971
f 7987 7989 7990
f 7988 8022 8021
f 7987 7990 7991
f 7988 8023 8022
f 7987 7991 7992
f 7988 8024 8023
f 7987 7992 7993
f 7988 8025 8024
f 7987 7993 7994
f 7988 8026 8025
f 7987 7994 7995
f 7988 8027 8026
f 7987 7995 7996
f 7988 8028 8027
f 7987 7996 7989
f 7988 8021 8028
f 7997 7990 7989
f 7997 7998 7990
f 7998 7991 7990
f 7998 7999 7991
f 7999 7992 7991
f 7999 8000 7992
f 8000 7993 7992
f 8000 8001 7993
f 8001 7994 7993
f 8001 8002 7994
f 8002 7995 7994
f 8002 8003 7995
f 8003 7996 7995
f 8003 8004 7996
f 8004 7989 7996
f 8004 7997 7989
f 8005 7998 7997
f 8005 8006 7998
f 8006 7999 7998
f 8006 8007 7999
f 8007 8000 7999
f 8007 8008 8000
f 8008 8001 8000
f 8008 8009 8001
f 8009 8002 8001
f 8009 8010 8002
f 8010 8003 8002
f 8010 8011 8003
f 8011 8004 8003
f 8011 8012 8004
f 8012 7997 8004
f 8012 8005 7997
f 8013 8006 8005
f 8013 8014 8006
f 8014 8007 8006
f 8014 8015 8007
f 8015 8008 8007
f 8015 8016 8008
f 8016 8009 8008
f 8016 8017 8009
f 8017 8010 8009
f 8017 8018 8010
f 8018 8011 8010
f 8018 8019 8011
f 8019 8012 8011
f 8019 8020 8012
f 8020 8005 8012
f 8020 8013 8005
f 8021 8014 8013
f 8021 8022 8014
f 8022 8015 8014
f 8022 8023 8015
f 8023 8016 8015
f 8023 8024 8016
f 8024 8017 8016
f 8024 8025 8017
f 8025 8018 8017
f 8025 8026 8018
f 8026 8019 8018
f 8026 8027 8019
f 8027 8020 8019
f 8027 8028 8020
f 8028 8013 8020
f 8028 8021 8013
f 8029 8031 8032
f 8030 8064 8063
f 8029 8032 8033
f 8030 8065 8064
f 8029 8033 8034
f 8030 8066 8065
f 8029 8034 8035
f 8030 8067 8066
f 8029 8035 8036
f 8030 8068 8067
f 8029 8036 8037
f 8030 8069 8068
f 8029 8037 8038
f 8030 8070 8069
f 8029 8038 8031
f 8030 8063 8070
f 8039 8032 8031
f 8039 8040 8032
f 8040 8033 8032
f 8040 8041 8033
f 8041 8034 8033
f 8041 8042 8034
f 8042 8035 8034
f 8042 8043 8035
f 8043 8036 8035
f 8043 8044 8036
f 8044 8037 8036
f 8044 8045 8037
f 8045 8038 8037
f 8045 8046 8038
f 8046 8031 8038
f 8046 8039 8031
f 8047 8040 8039
f 8047 8048 8040
f 8048 8041 8040
f 8048 8049 8041
f 8049 8042 8041
f 8049 8050 8042
f 8050 8043 8042
f 8050 8051 8043
f 8051 8044 8043
f 8051 8052 8044
f 8052 8045 8044
f 8052 8053 8045
f 8053 8046 8045
f 8053 8054 8046
f 8054 8039 8046
f 8054 8047 8039
f 8055 8048 8047
f 8055 8056 8048
f 8056 8049 8048
f 8056 8057 8049
f 8057 8050 8049
f 8057 8058 8050
f 8058 8051 8050
f 8058 8059 8051
f 8059 8052 8051
f 8059 8060 8052
f 8060 8053 8052
f 8060 8061 8053
f 8061 8054 8053
f 8061 8062 8054
f 8062 8047 8054
f 8062 8055 8047
f 8063 8056 8055
f 8063 8064 8056
f 8064 8057 8056
f 8064 8065 8057
f 8065 8058 8057
f 8065 8066 8058
f 8066 8059 8058
f 8066 8067 8059
f 8067 8060 8059
f 8067 8068 8060
f 8068 8061 8060
f 8068 8069 8061
f 8069 8062 8061
f 8069 8070 8062
f 8070 8055 8062
f 8070 8063 8055
f 8071 8073 8074
f 8072 8106 8105
f 8071 8074 8075
f 8072 8107 8106
f 8071 8075 8076
f 8072 8108 8107
f 8071 8076 8077
f 8072 8109 8108
f 8071 8077 8078
f 8072 8110 8109
f 8071 8078 8079
f 8072 8111 8110
f 8071 8079 8080
f 8072 8112 8111
f 8071 8080 8073
f 8072 8105 8112
f 8081 8074 8073
f 8081 8082 8074
f 8082 8075 8074
f 8082 8083 8075
f 8083 8076 8075
f 8083 8084 8076
f 8084 8077 8076
f 8084 8085 8077
f 8085 8078 8077
f 8085 8086 8078
f 8086 8079 8078
f 8086 8087 8079
f 8087 8080 8079
f 8087 8088 8080
f 8088 8073 8080
f 8088 8081 8073
f 8089 8082 8081
f 8089 8090 8082
f 8090 8083 8082
f 8090 8091 8083
f 8091 8084 8083
f 8091 8092 8084
f 8092 8085 8084
f 8092 8093 8085
f 8093 8086 8085
f 8093 8094 8086
f 8094 8087 8086
f 8094 8095 8087
f 8095 8088 8087
f 8095 8096 8088
f 8096 8081 8088
f 8096 8089 8081
f 8097 8090 8089
f 8097 8098 8090
f 8098 8091 8090
f 8098 8099 8091
f 8099 8092 8091
f 8099 8100 8092
f 8100 8093 8092
f 8100 8101 8093
f 8101 8094 8093
f 8101 8102 8094
f 8102 8095 8094
f 8102 8103 8095
f 8103 8096 8095
f 8103 8104 8096
f 8104 8089 8096
f 8104 8097 8089
f 8105 8098 8097
f 8105 8106 8098
f 8106 8099 8098
f 8106 8107 8099
f 8107 8100 8099
f 8107 8108 8100
f 8108 8101 8100
f 8108 8109 8101
f 8109 8102 8101
f 8109 8110 8102
f 8110 8103 8102
f 8110 8111 8103
f 8111 8104 8103
f 8111 8112 8104
f 8112 8097 8104
f 8112 8105 8097
f 8113 8115 8116
f 8114 8148 8147
f 8113 8116 8117
f 8114 8149 8148
f 8113 8117 8118
f 8114 8150 8149
f 8113 8118 8119
f 8114 8151 8150
f 8113 8119 8120
f 8114 8152 8151
f 8113 8120 8121
f 8114 8153 8152
f 8113 8121 8122
f 8114 8154 8153
f 8113 8122 8115
f 8114 8147 8154
f 8123 8116 8115
f 8123 8124 8116
f 8124 8117 8116
f 8124 8125 8117
f 8125 8118 8117
f 8125 8126 8118
f 8126 8119 8118
f 8126 8127 8119
f 8127 8120 8119
f 8127 8128 8120
f 8128 8121 8120
f 8128 8129 8121
f 8129 8122 8121
f 8129 8130 8122
f 8130 8115 8122
f 8130 8123 8115
f 8131 8124 8123
f 8131 8132 8124
f 8132 8125 8124
f 8132 8133 8125
f 8133 8126 8125
f 8133 8134 8126
f 8134 8127 8126
f 8134 8135 8127
f 8135 8128 8127
f 8135 8136 8128
f 8136 8129 8128
f 8136 8137 8129
f 8137 8130 8129
f 8137 8138 8130
f 8138 8123 8130
f 8138 8131 8123
f 8139 8132 8131
f 8139 8140 8132
f 8140 8133 8132
f 8140 8141 8133
f 8141 8134 8133
f 8141 8142 8134
f 8142 8135 8134
f 8142 8143 8135
f 8143 8136 8135
f 8143 8144 8136
f 8144 8137 8136
f 8144 8145 8137
f 8145 8138 8137
f 8145 8146 8138
f 8146 8131 8138
f 8146 8139 8131
f 8147 8140 8139
f 8147 8148 8140
f 8148 8141 8140
f 8148 8149 8141
f 8149 8142 8141
f 8149 8150 8142
f 8150 8143 8142
f 8150 8151 8143
f 8151 8144 8143
f 8151 8152 8144
f 8152 8145 8144
f 8152 8153 8145
f 8153 8146 8145
f 8153 8154 8146
f 8154 8139 8146
f 8154 8147 8139
f 8155 8157 8158
f 8156 8190 8189
f 8155 8158 8159
f 8156 8191 8190
f 8155 8159 8160
f 8156 8192 8191
f 8155 8160 8161
f 8156 8193 8192
f 8155 8161 8162
f 8156 8194 8193
f 8155 8162 8163
f 8156 8195 8194
f 8155 8163 8164
f 8156 8196 8195
f 8155 8164 8157
f 8156 8189 8196
f 8165 8158 8157
f 8165 8166 8158
f 8166 8159 8158
f 8166 8167 8159
f 8167 8160 8159
f 8167 8168 8160
f 8168 8161 8160
f 8168 8169 8161
f 8169 8162 8161
f 8169 8170 8162
f 8170 8163 8162
f 8170 8171 8163
f 8171 8164 8163
f 8171 8172 8164
f 8172 8157 8164
f 8172 8165 8157
f 8173 8166 8165
f 8173 8174 8166
f 8174 8167 8166
f 8174 8175 8167
f 8175 8168 8167
f 8175 8176 8168
f 8176 8169 8168
f 8176 8177 8169
f 8177 8170 8169
f 8177 8178 8170
f 8178 8171 8170
f 8178 8179 8171
f 8179 8172 8171
f 8179 8180 8172
f 8180 8165 8172
f 8180 8173 8165
f 8181 8174 8173
f 8181 8182 8174
f 8182 8175 8174
f 8182 8183 8175
f 8183 8176 8175
f 8183 8184 8176
f 8184 8177 8176
f 8184 8185 8177
f 8185 8178 8177
f 8185 8186 8178
f 8186 8179 8178
f 8186 8187 8179
f 8187 8180 8179
f 8187 8188 8180
f 8188 8173 8180
f 8188 8181 8173
f 8189 8182 8181
f 8189 8190 8182
f 8190 8183 8182
f 8190 8191 8183
f 8191 8184 8183
f 8191 8192 8184
f 8192 8185 8184
f 8192 8193 8185
f 8193 8186 8185
f 8193 8194 8186
f 8194 8187 8186
f 8194 8195 8187
f 8195 8188 8187
f 8195 8196 8188
f 8196 8181 8188
f 8196 8189 8181
f 8197 8199 8200
f 8198 8232 8231
f 8197 8200 8201
f 8198 8233 8232
f 8197 8201 8202
f 8198 8234 8233
f 8197 8202 8203
f 8198 8235 8234
f 8197 8203 8204
f 8198 8236 8235
f 8197 8204 8205
f 8198 8237 8236
f 8197 8205 8206
f 8198 8238 8237
f 8197 8206 8199
f 8198 8231 8238
f 8207 8200 8199
f 8207 8208 8200
f 8208 8201 8200
f 8208 8209 8201
f 8209 8202 8201
f 8209 8210 8202
f 8210 8203 8202
f 8210 8211 8203
f 8211 8204 8203
f 8211 8212 8204
f 8212 8205 8204
f 8212 8213 8205
f 8213 8206 8205
f 8213 8214 8206
f 8214 8199 8206
f 8214 8207 8199
f 8215 8208 8207
f 8215 8216 8208
f 8216 8209 8208
f 8216 8217 8209
f 8217 8210 8209
f 8217 8218 8210
f 8218 8211 8210
f 8218 8219 8211
f 8219 8212 8211
f 8219 8220 8212
f 8220 8213 8212
f 8220 8221 8213
f 8221 8214 8213
f 8221 8222 8214
f 8222 8207 8214
f 8222 8215 8207
f 8223 8216 8215
f 8223 8224 8216
f 8224 8217 8216
f 8224 8225 8217
f 8225 8218 8217
f 8225 8226 8218
f 8226 8219 8218
f 8226 8227 8219
f 8227 8220 8219
f 8227 8228 8220
f 8228 8221 8220
f 8228 8229 8221
f 8229 8222 8221
f 8229 8230 8222
f 8230 8215 8222
f 8230 8223 8215
f 8231 8224 8223
f 8231 8232 8224
f 8232 8225 8224
f 8232 8233 8225
f 8233 8226 8225
f 8233 8234 8226
f 8234 8227 8226
f 8234 8235 8227
f 8235 8228 8227
f 8235 8236 8228
f 8236 8229 8228
f 8236 8237 8229
f 8237 8230 8229
f 8237 8238 8230
f 8238 8223 8230
f 8238 8231 8223
f 8239 8241 8242
f 8240 8274 8273
f 8239 8242 8243
f 8240 8275 8274
f 8239 8243 8244
f 8240 8276 8275
f 8239 8244 8245
f 8240 8277 8276
f 8239 8245 8246
f 8240 8278 8277
f 8239 8246 8247
f 8240 8279 8278
f 8239 8247 8248
f 8240 8280 8279
f 8239 8248 8241
f 8240 8273 8280
f 8249 8242 8241
f 8249 8250 8242
f 8250 8243 8242
f 8250 8251 8243
f 8251 8244 8243
f 8251 8252 8244
f 8252 8245 8244
f 8252 8253 8245
f 8253 8246 8245
f 8253 8254 8246
f 8254 8247 8246
f 8254 8255 8247
f 8255 8248 8247
f 8255 8256 8248
f 8256 8241 8248
f 8256 8249 8241
f 8257 8250 8249
f 8257 8258 8250
f 8258 8251 8250
f 8258 8259 8251
f 8259 8252 8251
f 8259 8260 8252
f 8260 8253 8252
f 8260 8261 8253
f 8261 8254 8253
f 8261 8262 8254
f 8262 8255 8254
f 8262 8263 8255
f 8263 8256 8255
f 8263 8264 8256
f 8264 8249 8256
f 8264 8257 8249
f 8265 8258 8257
f 8265 8266 8258
f 8266 8259 8258
f 8266 8267 8259
f 8267 8260 8259
f 8267 8268 8260
f 8268 8261 8260
f 8268 8269 8261
f 8269 8262 8261
f 8269 8270 8262
f 8270 8263 8262
f 8270 8271 8263
f 8271 8264 8263
f 8271 8272 8264
f 8272 8257 8264
f 8272 8265 8257
f 8273 8266 8265
f 8273 8274 8266
f 8274 8267 8266
f 8274 8275 8267
f 8275 8268 8267
f 8275 8276 8268
f 8276 8269 8268
f 8276 8277 8269
f 8277 8270 8269
f 8277 8278 8270
f 8278 8271 8270
f 8278 8279 8271
f 8279 8272 8271
f 8279 8280 8272
f 8280 8265 8272
f 8280 8273 8265
f 8281 8283 8284
f 8282 8316 8315
f 8281 8284 8285
f 8282 8317 8316
f 8281 8285 8286
f 8282 8318 8317
f 8281 8286 8287
f 8282 8319 8318
f 8281 8287 8288
f 8282 8320 8319
f 8281 8288 8289
f 8282 8321 8320
f 8281 8289 8290
f 8282 8322 8321
f 8281 8290 8283
f 8282 8315 8322
f 8291 8284 8283
f 8291 8292 8284
f 8292 8285 8284
f 8292 8293 8285
f 8293 8286 8285
f 8293 8294 8286
f 8294 8287 8286
f 8294 8295 8287
f 8295 8288 8287
f 8295 8296 8288
f 8296 8289 8288
f 8296 8297 8289
f 8297 8290 8289
f 8297 8298 8290
f 8298 8283 8290
f 8298 8291 8283
f 8299 8292 8291
f 8299 8300 8292
f 8300 8293 8292
f 8300 8301 8293
f 8301 8294 8293
f 8301 8302 8294
f 8302 8295 8294
f 8302 8303 8295
f 8303 8296 8295
f 8303 8304 8296
f 8304 8297 8296
f 8304 8305 8297
f 8305 8298 8297
f 8305 8306 8298
f 8306 8291 8298
f 8306 8299 8291
f 8307 8300 8299
f 8307 8308 8300
f 8308 8301 8300
f 8308 8309 8301
f 8309 8302 8301
f 8309 8310 8302
f 8310 8303 8302
f 8310 8311 8303
f 8311 8304 8303
f 8311 8312 8304
f 8312 8305 8304
f 8312 8313 8305
f 8313 8306 8305
f 8313 8314 8306
f 8314 8299 8306
f 8314 8307 8299
f 8315 8308 8307
f 8315 8316 8308
f 8316 8309 8308
f 8316 8317 8309
f 8317 8310 8309
f 8317 8318 8310
f 8318 8311 8310
f 8318 8319 8311
f 8319 8312 8311
f 8319 8320 8312
f 8320 8313 8312
f 8320 8321 8313
f 8321 8314 8313
f 8321 8322 8314
f 8322 8307 8314
f 8322 8315 8307
f 8323 8325 8326
f 8324 8358 8357
f 8323 8326 8327
f 8324 8359 8358
f 8323 8327 8328
f 8324 8360 8359
f 8323 8328 8329
f 8324 8361 8360
f 8323 8329 8330
f 8324 8362 8361
f 8323 8330 8331
f 8324 8363 8362
f 8323 8331 8332
f 8324 8364 8363
f 8323 8332 8325
f 8324 8357 8364
f 8333 8326 8325
f 8333 8334 8326
f 8334 8327 8326
f 8334 8335 8327
f 8335 8328 8327
f 8335 8336 8328
f 8336 8329 8328
f 8336 8337 8329
f 8337 8330 8329
f 8337 8338 8330
f 8338 8331 8330
f 8338 8339 8331
f 8339 8332 8331
f 8339 8340 8332
f 8340 8325 8332
f 8340 8333 8325
f 8341 8334 8333
f 8341 8342 8334
f 8342 8335 8334
f 8342 8343 8335
f 8343 8336 8335
f 8343 8344 8336
f 8344 8337 8336
f 8344 8345 8337
f 8345 8338 8337
f 8345 8346 8338
f 8346 8339 8338
f 8346 8347 8339
f 8347 8340 8339
f 8347 8348 8340
f 8348 8333 8340
f 8348 8341 8333
f 8349 8342 8341
f 8349 8350 8342
f 8350 8343 8342
f 8350 8351 8343
f 8351 8344 8343
f 8351 8352 8344
f 8352 8345 8344
f 8352 8353 8345
f 8353 8346 8345
f 8353 8354 8346
f 8354 8347 8346
f 8354 8355 8347
f 8355 8348 8347
f 8355 8356 8348
f 8356 8341 8348
f 8356 8349 8341
f 8357 8350 8349
f 8357 8358 8350
f 8358 8351 8350
f 8358 8359 8351
f 8359 8352 8351
f 8359 8360 8352
f 8360 8353 8352
f 8360 8361 8353
f 8361 8354 8353
f 8361 8362 8354
f 8362 8355 8354
f 8362 8363 8355
f 8363 8356 8355
f 8363 8364 8356
f 8364 8349 8356
f 8364 8357 8349
f 8365 8367 8368
f 8366 8400 8399
f 8365 8368 8369
f 8366 8401 8400
f 8365 8369 8370
f 8366 8402 8401
f 8365 8370 8371
f 8366 8403 8402
f 8365 8371 8372
f 8366 8404 8403
f 8365 8372 8373
f 8366 8405 8404
f 8365 8373 8374
f 8366 8406 8405
f 8365 8374 8367
f 8366 8399 8406
f 8375 8368 8367
f 8375 8376 8368
f 8376 8369 8368
f 8376 8377 8369
f 8377 8370 8369
f 8377 8378 8370
f 8378 8371 8370
f 8378 8379 8371
f 8379 8372 8371
f 8379 8380 8372
f 8380 8373 8372
f 8380 8381 8373
f 8381 8374 8373
f 8381 8382 8374
f 8382 8367 8374
f 8382 8375 8367
f 8383 8376 8375
f 8383 8384 8376
f 8384 8377 8376
f 8384 8385 8377
f 8385 8378 8377
f 8385 8386 8378
f 8386 8379 8378
f 8386 8387 8379
f 8387 8380 8379
f 8387 8388 8380
f 8388 8381 8380
f 8388 8389 8381
f 8389 8382 8381
f 8389 8390 8382
f 8390 8375 8382
f 8390 8383 8375
f 8391 8384 8383
f 8391 8392 8384
f 8392 8385 8384
f 8392 8393 8385
f 8393 8386 8385
f 8393 8394 8386
f 8394 8387 8386
f 8394 8395 8387
f 8395 8388 8387
f 8395 8396 8388
f 8396 8389 8388
f 8396 8397 8389
f 8397 8390 8389
f 8397 8398 8390
f 8398 8383 8390
f 8398 8391 8383
f 8399 8392 8391
f 8399 8400 8392
f 8400 8393 8392
f 8400 8401 8393
f 8401 8394 8393
f 8401 8402 8394
f 8402 8395 8394
f 8402 8403 8395
f 8403 8396 8395
f 8403 8404 8396
f 8404 8397 8396
f 8404 8405 8397
f 8405 8398 8397
f 8405 8406 8398
f 8406 8391 8398
f 8406 8399 8391
f 8407 8409 8410
f 8408 8442 8441
f 8407 8410 8411
f 8408 8443 8442
f 8407 8411 8412
f 8408 8444 8443
f 8407 8412 8413
f 8408 8445 8444
f 8407 8413 8414
f 8408 8446 8445
f 8407 8414 8415
f 8408 8447 8446
f 8407 8415 8416
f 8408 8448 8447
f 8407 8416 8409
f 8408 8441 8448
f 8417 8410 8409
f 8417 8418 8410
f 8418 8411 8410
f 8418 8419 8411
f 8419 8412 8411
f 8419 8420 8412
f 8420 8413 8412
f 8420 8421 8413
f 8421 8414 8413
f 8421 8422 8414
f 8422 8415 8414
f 8422 8423 8415
f 8423 8416 8415
f 8423 8424 8416
f 8424 8409 8416
f 8424 8417 8409
f 8425 8418 8417
f 8425 8426 8418
f 8426 8419 8418
f 8426 8427 8419
f 8427 8420 8419
f 8427 8428 8420
f 8428 8421 8420
f 8428 8429 8421
f 8429 8422 8421
f 8429 8430 8422
f 8430 8423 8422
f 8430 8431 8423
f 8431 8424 8423
f 8431 8432 8424
f 8432 8417 8424
f 8432 8425 8417
f 8433 8426 8425
f 8433 8434 8426
f 8434 8427 8426
f 8434 8435 8427
f 8435 8428 8427
f 8435 8436 8428
f 8436 8429 8428
f 8436 8437 8429
f 8437 8430 8429
f 8437 8438 8430
f 8438 8431 8430
f 8438 8439 8431
f 8439 8432 8431
f 8439 8440 8432
f 8440 8425 8432
f 8440 8433 8425
f 8441 8434 8433
f 8441 8442 8434
f 8442 8435 8434
f 8442 8443 8435
f 8443 8436 8435
f 8443 8444 8436
f 8444 8437 8436
f 8444 8445 8437
f 8445 8438 8437
f 8445 8446 8438
f 8446 8439 8438
f 8446 8447 8439
f 8447 8440 8439
f 8447 8448 8440
f 8448 8433 8440
f 8448 8441 8433
f 8449 8451 8452
f 8450 8484 8483
f 8449 8452 8453
f 8450 8485 8484
f 8449 8453 8454
f 8450 8486 8485
f 8449 8454 8455
f 8450 8487 8486
f 8449 8455 8456
f 8450 8488 8487
f 8449 8456 8457
f 8450 8489 8488
f 8449 8457 8458
f 8450 8490 8489
f 8449 8458 8451
f 8450 8483 8490
f 8459 8452 8451
f 8459 8460 8452
f 8460 8453 8452
f 8460 8461 8453
f 8461 8454 8453
f 8461 8462 8454
f 8462 8455 8454
f 8462 8463 8455
f 8463 8456 8455
f 8463 8464 8456
f 8464 8457 8456
f 8464 8465 8457
f 8465 8458 8457
f 8465 8466 8458
f 8466 8451 8458
f 8466 8459 8451
f 8467 8460 8459
f 8467 8468 8460
f 8468 8461 8460
f 8468 8469 8461
f 8469 8462 8461
f 8469 8470 8462
f 8470 8463 8462
f 8470 8471 8463
f 8471 8464 8463
f 8471 8472 8464
f 8472 8465 8464
f 8472 8473 8465
f 8473 8466 8465
f 8473 8474 8466
f 8474 8459 8466
f 8474 8467 8459
f 8475 8468 8467
f 8475 8476 8468
f 8476 8469 8468
f 8476 8477 8469
f 8477 8470 8469
f 8477 8478 8470
f 8478 8471 8470
f 8478 8479 8471
f 8479 8472 8471
f 8479 8480 8472
f 8480 8473 8472
f 8480 8481 8473
f 8481 8474 8473
f 8481 8482 8474
f 8482 8467 8474
f 8482 8475 8467
f 8483 8476 8475
f 8483 8484 8476
f 8484 8477 8476
f 8484 8485 8477
f 8485 8478 8477
f 8485 8486 8478
f 8486 8479 8478
f 8486 8487 8479
f 8487 8480 8479
f 8487 8488 8480
f 8488 8481 8480
f 8488 8489 8481
f 8489 8482 8481
f 8489 8490 8482
f 8490 8475 8482
f 8490 8483 8475
f 8491 8493 8494
f 8492 8526 8525
f 8491 8494 8495
f 8492 8527 8526
f 8491 8495 8496
f 8492 8528 8527
f 8491 8496 8497
f 8492 8529 8528
f 8491 8497 8498
f 8492 8530 8529
f 8491 8498 8499
f 8492 8531 8530
f 8491 8499 8500
f 8492 8532 8531
f 8491 8500 8493
f 8492 8525 8532
f 8501 8494 8493
f 8501 8502 8494
f 8502 8495 8494
f 8502 8503 8495
f 8503 8496 8495
f 8503 8504 8496
f 8504 8497 8496
f 8504 8505 8497
f 8505 8498 8497
f 8505 8506 8498
f 8506 8499 8498
f 8506 8507 8499
f 8507 8500 8499
f 8507 8508 8500
f 8508 8493 8500
f 8508 8501 8493
f 8509 8502 8501
f 8509 8510 8502
f 8510 8503 8502
f 8510 8511 8503
f 8511 8504 8503
f 8511 8512 8504
f 8512 8505 8504
f 8512 8513 8505
f 8513 8506 8505
f 8513 8514 8506
f 8514 8507 8506
f 8514 8515 8507
f 8515 8508 8507
f 8515 8516 8508
f 8516 8501 8508
f 8516 8509 8501
f 8517 8510 8509
f 8517 8518 8510
f 8518 8511 8510
f 8518 8519 8511
f 8519 8512 8511
f 8519 8520 8512
f 8520 8513 8512
f 8520 8521 8513
f 8521 8514 8513
f 8521 8522 8514
f 8522 8515 8514
f 8522 8523 8515
f 8523 8516 8515
f 8523 8524 8516
f 8524 8509 8516
f 8524 8517 8509
f 8525 8518 8517
f 8525 8526 8518
f 8526 8519 8518
f 8526 8527 8519
f 8527 8520 8519
f 8527 8528 8520
f 8528 8521 8520
f 8528 8529 8521
f 8529 8522 8521
f 8529 8530 8522
f 8530 8523 8522
f 8530 8531 8523
f 8531 8524 8523
f 8531 8532 8524
f 8532 8517 8524
f 8532 8525 8517
f 8533 8535 8536
f 8534 8568 8567
f 8533 8536 8537
f 8534 8569 8568
f 8533 8537 8538
f 8534 8570 8569
f 8533 8538 8539
f 8534 8571 8570
f 8533 8539 8540
f 8534 8572 8571
f 8533 8540 8541
f 8534 8573 8572
f 8533 8541 8542
f 8534 8574 8573
f 8533 8542 8535
f 8534 8567 8574
f 8543 8536 8535
f 8543 8544 8536
f 8544 8537 8536
f 8544 8545 8537
f 8545 8538 8537
f 8545 8546 8538
f 8546 8539 8538
f 8546 8547 8539
f 8547 8540 8539
f 8547 8548 8540
f 8548 8541 8540
f 8548 8549 8541
f 8549 8542 8541
f 8549 8550 8542
f 8550 8535 8542
f 8550 8543 8535
f 8551 8544 8543
f 8551 8552 8544
f 8552 8545 8544
f 8552 8553 8545
f 8553 8546 8545
f 8553 8554 8546
f 8554 8547 8546
f 8554 8555 8547
f 8555 8548 8547
f 8555 8556 8548
f 8556 8549 8548
f 8556 8557 8549
f 8557 8550 8549
f 8557 8558 8550
f 8558 8543 8550
f 8558 8551 8543
f 8559 8552 8551
f 8559 8560 8552
f 8560 8553 8552
f 8560 8561 8553
f 8561 8554 8553
f 8561 8562 8554
f 8562 8555 8554
f 8562 8563 8555
f 8563 8556 8555
f 8563 8564 8556
f 8564 8557 8556
f 8564 8565 8557
f 8565 8558 8557
f 8565 8566 8558
f 8566 8551 8558
f 8566 8559 8551
f 8567 8560 8559
f 8567 8568 8560
f 8568 8561 8560
f 8568 8569 8561
f 8569 8562 8561
f 8569 8570 8562
f 8570 8563 8562
f 8570 8571 8563
f 8571 8564 8563
f 8571 8572 8564
f 8572 8565 8564
f 8572 8573 8565
f 8573 8566 8565
f 8573 8574 8566
f 8574 8559 8566
f 8574 8567 8559
f 8575 8577 8578
f 8576 8610 8609
f 8575 8578 8579
f 8576 8611 8610
f 8575 8579 8580
f 8576 8612 8611
f 8575 8580 8581
f 8576 8613 8612
f 8575 8581 8582
f 8576 8614 8613
f 8575 8582 8583
f 8576 8615 8614
f 8575 8583 8584
f 8576 8616 8615
f 8575 8584 8577
f 8576 8609 8616
f 8585 8578 8577
f 8585 8586 8578
f 8586 8579 8578
f 8586 8587 8579
f 8587 8580 8579
f 8587 8588 8580
f 8588 8581 8580
f 8588 8589 8581
f 8589 8582 8581
f 8589 8590 8582
f 8590 8583 8582
f 8590 8591 8583
f 8591 8584 8583
f 8591 8592 8584
f 8592 8577 8584
f 8592 8585 8577
f 8593 8586 8585
f 8593 8594 8586
f 8594 8587 8586
f 8594 8595 8587
f 8595 8588 8587
f 8595 8596 8588
f 8596 8589 8588
f 8596 8597 8589
f 8597 8590 8589
f 8597 8598 8590
f 8598 8591 8590
f 8598 8599 8591
f 8599 8592 8591
f 8599 8600 8592
f 8600 8585 8592
f 8600 8593 8585
f 8601 8594 8593
f 8601 8602 8594
f 8602 8595 8594
f 8602 8603 8595
f 8603 8596 8595
f 8603 8604 8596
f 8604 8597 8596
f 8604 8605 8597
f 8605 8598 8597
f 8605 8606 8598
f 8606 8599 8598
f 8606 8607 8599
f 8607 8600 8599
f 8607 8608 8600
f 8608 8593 8600
f 8608 8601 8593
f 8609 8602 8601
f 8609 8610 8602
f 8610 8603 8602
f 8610 8611 8603
f 8611 8604 8603
f 8611 8612 8604
f 8612 8605 8604
f 8612 8613 8605
f 8613 8606 8605
f 8613 8614 8606
f 8614 8607 8606
f 8614 8615 8607
f 8615 8608 8607
f 8615 8616 8608
f 8616 8601 8608
f 8616 8609 8601
f 8617 8619 8620
f 8618 8652 8651
f 8617 8620 8621
f 8618 8653 8652
f 8617 8621 8622
f 8618 8654 8653
f 8617 8622 8623
f 8618 8655 8654
f 8617 8623 8624
f 8618 8656 8655
f 8617 8624 8625
f 8618 8657 8656
f 8617 8625 8626
f 8618 8658 8657
f 8617 8626 8619
f 8618 8651 8658
f 8627 8620 8619
f 8627 8628 8620
f 8628 8621 8620
f 8628 8629 8621
f 8629 8622 8621
f 8629 8630 8622
f 8630 8623 8622
f 8630 8631 8623
f 8631 8624 8623
f 8631 8632 8624
f 8632 8625 8624
f 8632 8633 8625
f 8633 8626 8625
f 8633 8634 8626
f 8634 8619 8626
f 8634 8627 8619
f 8635 8628 8627
f 8635 8636 8628
f 8636 8629 8628
f 8636 8637 8629
f 8637 8630 8629
f 8637 8638 8630
f 8638 8631 8630
f 8638 8639 8631
f 8639 8632 8631
f 8639 8640 8632
f 8640 8633 8632
f 8640 8641 8633
f 8641 8634 8633
f 8641 8642 8634
f 8642 8627 8634
f 8642 8635 8627
f 8643 8636 8635
f 8643 8644 8636
f 8644 8637 8636
f 8644 8645 8637
f 8645 8638 8637
f 8645 8646 8638
f 8646 8639 8638
f 8646 8647 8639
f 8647 8640 8639
f 8647 8648 8640
f 8648 8641 8640
f 8648 8649 8641
f 8649 8642 8641
f 8649 8650 8642
f 8650 8635 8642
f 8650 8643 8635
f 8651 8644 8643
f 8651 8652 8644
f 8652 8645 8644
f 8652 8653 8645
f 8653 8646 8645
f 8653 8654 8646
f 8654 8647 8646
f 8654 8655 8647
f 8655 8648 8647
f 8655 8656 8648
f 8656 8649 8648
f 8656 8657 8649
f 8657 8650 8649
f 8657 8658 8650
f 8658 8643 8650
f 8658 8651 8643
f 8659 8661 8662
f 8660 8694 8693
f 8659 8662 8663
f 8660 8695 8694
f 8659 8663 8664
f 8660 8696 8695
f 8659 8664 8665
f 8660 8697 8696
f 8659 8665 8666
f 8660 8698 8697
f 8659 8666 8667
f 8660 8699 8698
f 8659 8667 8668
f 8660 8700 8699
f 8659 8668 8661
f 8660 8693 8700
f 8669 8662 8661
f 8669 8670 8662
f 8670 8663 8662
f 8670 8671 8663
f 8671 8664 8663
f 8671 8672 8664
f 8672 8665 8664
f 8672 8673 8665
f 8673 8666 8665
f 8673 8674 8666
f 8674 8667 8666
f 8674 8675 8667
f 8675 8668 8667
f 8675 8676 8668
f 8676 8661 8668
f 8676 8669 8661
f 8677 8670 8669
f 8677 8678 8670
f 8678 8671 8670
f 8678 8679 8671
f 8679 8672 8671
f 8679 8680 8672
f 8680 8673 8672
f 8680 8681 8673
f 8681 8674 8673
f 8681 8682 8674
f 8682 8675 8674
f 8682 8683 8675
f 8683 8676 8675
f 8683 8684 8676
f 8684 8669 8676
f 8684 8677 8669
f 8685 8678 8677
f 8685 8686 8678
f 8686 8679 8678
f 8686 8687 8679
f 8687 8680 8679
f 8687 8688 8680
f 8688 8681 8680
f 8688 8689 8681
f 8689 8682 8681
f 8689 8690 8682
f 8690 8683 8682
f 8690 8691 8683
f 8691 8684 8683
f 8691 8692 8684
f 8692 8677 8684
f 8692 8685 8677
f 8693 8686 8685
f 8693 8694 8686
f 8694 8687 8686
f 8694 8695 8687
f 8695 8688 8687
f 8695 8696 8688
f 8696 8689 8688
f 8696 8697 8689
f 8697 8690 8689
f 8697 8698 8690
f 8698 8691 8690
f 8698 8699 8691
f 8699 8692 8691
f 8699 8700 8692
f 8700 8685 8692
f 8700 8693 8685
f 8701 8703 8704
f 8702 8736 8735
f 8701 8704 8705
f 8702 8737 8736
f 8701 8705 8706
f 8702 8738 8737
f 8701 8706 8707
f 8702 8739 8738
f 8701 8707 8708
f 8702 8740 8739
f 8701 8708 8709
f 8702 8741 8740
f 8701 8709 8710
f 8702 8742 8741
f 8701 8710 8703
f 8702 8735 8742
f 8711 8704 8703
f 8711 8712 8704
f 8712 8705 8704
f 8712 8713 8705
f 8713 8706 8705
f 8713 8714 8706
f 8714 8707 8706
f 8714 8715 8707
f 8715 8708 8707
f 8715 8716 8708
f 8716 8709 8708
f 8716 8717 8709
f 8717 8710 8709
f 8717 8718 8710
f 8718 8703 8710
f 8718 8711 8703
f 8719 8712 8711
f 8719 8720 8712
f 8720 8713 8712
f 8720 8721 8713
f 8721 8714 8713
f 8721 8722 8714
f 8722 8715 8714
f 8722 8723 8715
f 8723 8716 8715
f 8723 8724 8716
f 8724 8717 8716
f 8724 8725 8717
f 8725 8718 8717
f 8725 8726 8718
f 8726 8711 8718
f 8726 8719 8711
f 8727 8720 8719
f 8727 8728 8720
f 8728 8721 8720
f 8728 8729 8721
f 8729 8722 8721
f 8729 8730 8722
f 8730 8723 8722
f 8730 8731 8723
f 8731 8724 8723
f 8731 8732 8724
f 8732 8725 8724
f 8732 8733 8725
f 8733 8726 8725
f 8733 8734 8726
f 8734 8719 8726
f 8734 8727 8719
f 8735 8728 8727
f 8735 8736 8728
f 8736 8729 8728
f 8736 8737 8729
f 8737 8730 8729
f 8737 8738 8730
f 8738 8731 8730
f 8738 8739 8731
f 8739 8732 8731
f 8739 8740 8732
f 8740 8733 8732
f 8740 8741 8733
f 8741 8734 8733
f 8741 8742 8734
f 8742 8727 8734
f 8742 8735 8727
f 8743 8745 8746
f 8744 8778 8777
f 8743 8746 8747
f 8744 8779 8778
f 8743 8747 8748
f 8744 8780 8779
f 8743 8748 8749
f 8744 8781 8780
f 8743 8749 8750
f 8744 8782 8781
f 8743 8750 8751
f 8744 8783 8782
f 8743 8751 8752
f 8744 8784 8783
f 8743 8752 8745
f 8744 8777 8784
f 8753 8746 8745
f 8753 8754 8746
f 8754 8747 8746
f 8754 8755 8747
f 8755 8748 8747
f 8755 8756 8748
f 8756 8749 8748
f 8756 8757 8749
f 8757 8750 8749
f 8757 8758 8750
f 8758 8751 8750
f 8758 8759 8751
f 8759 8752 8751
f 8759 8760 8752
f 8760 8745 8752
f 8760 8753 8745
f 8761 8754 8753
f 8761 8762 8754
f 8762 8755 8754
f 8762 8763 8755
f 8763 8756 8755
f 8763 8764 8756
f 8764 8757 8756
f 8764 8765 8757
f 8765 8758 8757
f 8765 8766 8758
f 8766 8759 8758
f 8766 8767 8759
f 8767 8760 8759
f 8767 8768 8760
f 8768 8753 8760
f 8768 8761 8753
f 8769 8762 8761
f 8769 8770 8762
f 8770 8763 8762
f 8770 8771 8763
f 8771 8764 8763
f 8771 8772 8764
f 8772 8765 8764
f 8772 8773 8765
f 8773 8766 8765
f 8773 8774 8766
f 8774 8767 8766
f 8774 8775 8767
f 8775 8768 8767
f 8775 8776 8768
f 8776 8761 8768
f 8776 8769 8761
f 8777 8770 8769
f 8777 8778 8770
f 8778 8771 8770
f 8778 8779 8771
f 8779 8772 8771
f 8779 8780 8772
f 8780 8773 8772
f 8780 8781 8773
f 8781 8774 8773
f 8781 8782 8774
f 8782 8775 8774
f 8782 8783 8775
f 8783 8776 8775
f 8783 8784 8776
f 8784 8769 8776
f 8784 8777 8769
f 8785 8787 8788
f 8786 8820 8819
f 8785 8788 8789
f 8786 8821 8820
f 8785 8789 8790
f 8786 8822 8821
f 8785 8790 8791
f 8786 8823 8822
f 8785 8791 8792
f 8786 8824 8823
f 8785 8792 8793
f 8786 8825 8824
f 8785 8793 8794
f 8786 8826 8825
f 8785 8794 8787
f 8786 8819 8826
f 8795 8788 8787
f 8795 8796 8788
f 8796 8789 8788
f 8796 8797 8789
f 8797 8790 8789
f 8797 8798 8790
f 8798 8791 8790
f 8798 8799 8791
f 8799 8792 8791
f 8799 8800 8792
f 8800 8793 8792
f 8800 8801 8793
f 8801 8794 8793
f 8801 8802 8794
f 8802 8787 8794
f 8802 8795 8787
f 8803 8796 8795
f 8803 8804 8796
f 8804 8797 8796
f 8804 8805 8797
f 8805 8798 8797
f 8805 8806 8798
f 8806 8799 8798
f 8806 8807 8799
f 8807 8800 8799
f 8807 8808 8800
f 8808 8801 8800
f 8808 8809 8801
f 8809 8802 8801
f 8809 8810 8802
f 8810 8795 8802
f 8810 8803 8795
f 8811 8804 8803
f 8811 8812 8804
f 8812 8805 8804
f 8812 8813 8805
f 8813 8806 8805
f 8813 8814 8806
f 8814 8807 8806
f 8814 8815 8807
f 8815 8808 8807
f 8815 8816 8808
f 8816 8809 8808
f 8816 8817 8809
f 8817 8810 8809
f 8817 8818 8810
f 8818 8803 8810
f 8818 8811 8803
f 8819 8812 8811
f 8819 8820 8812
f 8820 8813 8812
f 8820 8821 8813
f 8821 8814 8813
f 8821 8822 8814
f 8822 8815 8814
f 8822 8823 8815
f 8823 8816 8815
f 8823 8824 8816
f 8824 8817 8816
f 8824 8825 8817
f 8825 8818 8817
f 8825 8826 8818
f 8826 8811 8818
f 8826 8819 8811
f 8827 8829 8830
f 8828 8862 8861
f 8827 8830 8831
f 8828 8863 8862
f 8827 8831 8832
f 8828 8864 8863
f 8827 8832 8833
f 8828 8865 8864
f 8827 8833 8834
f 8828 8866 8865
f 8827 8834 8835
f 8828 8867 8866
f 8827 8835 8836
f 8828 8868 8867
f 8827 8836 8829
f 8828 8861 8868
f 8837 8830 8829
f 8837 8838 8830
f 8838 8831 8830
f 8838 8839 8831
f 8839 8832 8831
f 8839 8840 8832
f 8840 8833 8832
f 8840 8841 8833
f 8841 8834 8833
f 8841 8842 8834
f 8842 8835 8834
f 8842 8843 8835
f 8843 8836 8835
f 8843 8844 8836
f 8844 8829 8836
f 8844 8837 8829
f 8845 8838 8837
f 8845 8846 8838
f 8846 8839 8838
f 8846 8847 8839
f 8847 8840 8839
f 8847 8848 8840
f 8848 8841 8840
f 8848 8849 8841
f 8849 8842 8841
f 8849 8850 8842
f 8850 8843 8842
f 8850 8851 8843
f 8851 8844 8843
f 8851 8852 8844
f 8852 8837 8844
f 8852 8845 8837
f 8853 8846 8845
f 8853 8854 8846
f 8854 8847 8846
f 8854 8855 8847
f 8855 8848 8847
f 8855 8856 8848
f 8856 8849 8848
f 8856 8857 8849
f 8857 8850 8849
f 8857 8858 8850
f 8858 8851 8850
f 8858 8859 8851
f 8859 8852 8851
f 8859 8860 8852
f 8860 8845 8852
f 8860 8853 8845
f 8861 8854 8853
f 8861 8862 8854
f 8862 8855 8854
f 8862 8863 8855
f 8863 8856 8855
f 8863 8864 8856
f 8864 8857 8856
f 8864 8865 8857
f 8865 8858 8857
f 8865 8866 8858
f 8866 8859 8858
f 8866 8867 8859
f 8867 8860 8859
f 8867 8868 8860
f 8868 8853 8860
f 8868 8861 8853
f 8869 8871 8872
f 8870 8904 8903
f 8869 8872 8873
f 8870 8905 8904
f 8869 8873 8874
f 8870 8906 8905
f 8869 8874 8875
f 8870 8907 8906
f 8869 8875 8876
f 8870 8908 8907
f 8869 8876 8877
f 8870 8909 8908
f 8869 8877 8878
f 8870 8910 8909
f 8869 8878 8871
f 8870 8903 8910
f 8879 8872 8871
f 8879 8880 8872
f 8880 8873 8872
f 8880 8881 8873
f 8881 8874 8873
f 8881 8882 8874
f 8882 8875 8874
f 8882 8883 8875
f 8883 8876 8875
f 8883 8884 8876
f 8884 8877 8876
f 8884 8885 8877
f 8885 8878 8877
f 8885 8886 8878
f 8886 8871 8878
f 8886 8879 8871
f 8887 8880 8879
f 8887 8888 8880
f 8888 8881 8880
f 8888 8889 8881
f 8889 8882 8881
f 8889 8890 8882
f 8890 8883 8882
f 8890 8891 8883
f 8891 8884 8883
f 8891 8892 8884
f 8892 8885 8884
f 8892 8893 8885
f 8893 8886 8885
f 8893 8894 8886
f 8894 8879 8886
f 8894 8887 8879
f 8895 8888 8887
f 8895 8896 8888
f 8896 8889 8888
f 8896 8897 8889
f 8897 8890 8889
f 8897 8898 8890
f 8898 8891 8890
f 8898 8899 8891
f 8899 8892 8891
f 8899 8900 8892
f 8900 8893 8892
f 8900 8901 8893
f 8901 8894 8893
f 8901 8902 8894
f 8902 8887 8894
f 8902 8895 8887
f 8903 8896 8895
f 8903 8904 8896
f 8904 8897 8896
f 8904 8905 8897
f 8905 8898 8897
f 8905 8906 8898
f 8906 8899 8898
f 8906 8907 8899
f 8907 8900 8899
f 8907 8908 8900
f 8908 8901 8900
f 8908 8909 8901
f 8909 8902 8901
f 8909 8910 8902
f 8910 8895 8902
f 8910 8903 8895
f 8911 8913 8914
f 8912 8946 8945
f 8911 8914 8915
f 8912 8947 8946
f 8911 8915 8916
f 8912 8948 8947
f 8911 8916 8917
f 8912 8949 8948
f 8911 8917 8918
f 8912 8950 8949
f 8911 8918 8919
f 8912 8951 8950
f 8911 8919 8920
f 8912 8952 8951
f 8911 8920 8913
f 8912 8945 8952
f 8921 8914 8913
f 8921 8922 8914
f 8922 8915 8914
f 8922 8923 8915
f 8923 8916 8915
f 8923 8924 8916
f 8924 8917 8916
f 8924 8925 8917
f 8925 8918 8917
f 8925 8926 8918
f 8926 8919 8918
f 8926 8927 8919
f 8927 8920 8919
f 8927 8928 8920
f 8928 8913 8920
f 8928 8921 8913
f 8929 8922 8921
f 8929 8930 8922
f 8930 8923 8922
f 8930 8931 8923
f 8931 8924 8923
f 8931 8932 8924
f 8932 8925 8924
f 8932 8933 8925
f 8933 8926 8925
f 8933 8934 8926
f 8934 8927 8926
f 8934 8935 8927
f 8935 8928 8927
f 8935 8936 8928
f 8936 8921 8928
f 8936 8929 8921
f 8937 8930 8929
f 8937 8938 8930
f 8938 8931 8930
f 8938 8939 8931
f 8939 8932 8931
f 8939 8940 8932
f 8940 8933 8932
f 8940 8941 8933
f 8941 8934 8933
f 8941 8942 8934
f 8942 8935 8934
f 8942 8943 8935
f 8943 8936 8935
f 8943 8944 8936
f 8944 8929 8936
f 8944 8937 8929
f 8945 8938 8937
f 8945 8946 8938
f 8946 8939 8938
f 8946 8947 8939
f 8947 8940 8939
f 8947 8948 8940
f 8948 8941 8940
f 8948 8949 8941
f 8949 8942 8941
f 8949 8950 8942
f 8950 8943 8942
f 8950 8951 8943
f 8951 8944 8943
f 8951 8952 8944
f 8952 8937 8944
f 8952 8945 8937
f 8953 8955 8956
f 8954 8988 8987
f 8953 8956 8957
f 8954 8989 8988
f 8953 8957 8958
f 8954 8990 8989
f 8953 8958 8959
f 8954 8991 8990
f 8953 8959 8960
f 8954 8992 8991
f 8953 8960 8961
f 8954 8993 8992
f 8953 8961 8962
f 8954 8994 8993
f 8953 8962 8955
f 8954 8987 8994
f 8963 8956 8955
f 8963 8964 8956
f 8964 8957 8956
f 8964 8965 8957
f 8965 8958 8957
f 8965 8966 8958
f 8966 8959 8958
f 8966 8967 8959
f 8967 8960 8959
f 8967 8968 8960
f 8968 8961 8960
f 8968 8969 8961
f 8969 8962 8961
f 8969 8970 8962
f 8970 8955 8962
f 8970 8963 8955
f 8971 8964 8963
f 8971 8972 8964
f 8972 8965 8964
f 8972 8973 8965
f 8973 8966 8965
f 8973 8974 8966
f 8974 8967 8966
f 8974 8975 8967
f 8975 8968 8967
f 8975 8976 8968
f 8976 8969 8968
f 8976 8977 8969
f 8977 8970 8969
f 8977 8978 8970
f 8978 8963 8970
f 8978 8971 8963
f 8979 8972 8971
f 8979 8980 8972
f 8980 8973 8972
f 8980 8981 8973
f 8981 8974 8973
f 8981 8982 8974
f 8982 8975 8974
f 8982 8983 8975
f 8983 8976 8975
f 8983 8984 8976
f 8984 8977 8976
f 8984 8985 8977
f 8985 8978 8977
f 8985 8986 8978
f 8986 8971 8978
f 8986 8979 8971
f 8987 8980 8979
f 8987 8988 8980
f 8988 8981 8980
f 8988 8989 8981
f 8989 8982 8981
f 8989 8990 8982
f 8990 8983 8982
f 8990 8991 8983
f 8991 8984 8983
f 8991 8992 8984
f 8992 8985 8984
f 8992 8993 8985
f 8993 8986 8985
f 8993 8994 8986
f 8994 8979 8986
f 8994 8987 8979
f 8995 8997 8998
f 8996 9030 9029
f 8995 8998 8999
f 8996 9031 9030
f 8995 8999 9000
f 8996 9032 9031
f 8995 9000 9001
f 8996 9033 9032
f 8995 9001 9002
f 8996 9034 9033
f 8995 9002 9003
f 8996 9035 9034
f 8995 9003 9004
f 8996 9036 9035
f 8995 9004 8997
f 8996 9029 9036
f 9005 8998 8997
f 9005 9006 8998
f 9006 8999 8998
f 9006 9007 8999
f 9007 9000 8999
f 9007 9008 9000
f 9008 9001 9000
f 9008 9009 9001
f 9009 9002 9001
f 9009 9010 9002
f 9010 9003 9002
f 9010 9011 9003
f 9011 9004 9003
f 9011 9012 9004
f 9012 8997 9004
f 9012 9005 8997
f 9013 9006 9005
f 9013 9014 9006
f 9014 9007 9006
f 9014 9015 9007
f 9015 9008 9007
f 9015 9016 9008
f 9016 9009 9008
f 9016 9017 9009
f 9017 9010 9009
f 9017 9018 9010
f 9018 9011 9010
f 9018 9019 9011
f 9019 9012 9011
f 9019 9020 9012
f 9020 9005 9012
f 9020 9013 9005
f 9021 9014 9013
f 9021 9022 9014
f 9022 9015 9014
f 9022 9023 9015
f 9023 9016 9015
f 9023 9024 9016
f 9024 9017 9016
f 9024 9025 9017
f 9025 9018 9017
f 9025 9026 9018
f 9026 9019 9018
f 9026 9027 9019
f 9027 9020 9019
f 9027 9028 9020
f 9028 9013 9020
f 9028 9021 9013
f 9029 9022 9021
f 9029 9030 9022
f 9030 9023 9022
f 9030 9031 9023
f 9031 9024 9023
f 9031 9032 9024
f 9032 9025 9024
f 9032 9033 9025
f 9033 9026 9025
f 9033 9034 9026
f 9034 9027 9026
f 9034 9035 9027
f 9035 9028 9027
f 9035 9036 9028
f 9036 9021 9028
f 9036 9029 9021
f 9037 9039 9040
f 9038 9072 9071
f 9037 9040 9041
f 9038 9073 9072
f 9037 9041 9042
f 9038 9074 9073
f 9037 9042 9043
f 9038 9075 9074
f 9037 9043 9044
f 9038 9076 9075
f 9037 9044 9045
f 9038 9077 9076
f 9037 9045 9046
f 9038 9078 9077
f 9037 9046 9039
f 9038 9071 9078
f 9047 9040 9039
f 9047 9048 9040
f 9048 9041 9040
f 9048 9049 9041
f 9049 9042 9041
f 9049 9050 9042
f 9050 9043 9042
f 9050 9051 9043
f 9051 9044 9043
f 9051 9052 9044
f 9052 9045 9044
f 9052 9053 9045
f 9053 9046 9045
f 9053 9054 9046
f 9054 9039 9046
f 9054 9047 9039
f 9055 9048 9047
f 9055 9056 9048
f 9056 9049 9048
f 9056 9057 9049
f 9057 9050 9049
f 9057 9058 9050
f 9058 9051 9050
f 9058 9059 9051
f 9059 9052 9051
f 9059 9060 9052
f 9060 9053 9052
f 9060 9061 9053
f 9061 9054 9053
f 9061 9062 9054
f 9062 9047 9054
f 9062 9055 9047
f 9063 9056 9055
f 9063 9064 9056
f 9064 9057 9056
f 9064 9065 9057
f 9065 9058 9057
f 9065 9066 9058
f 9066 9059 9058
f 9066 9067 9059
f 9067 9060 9059
f 9067 9068 9060
f 9068 9061 9060
f 9068 9069 9061
f 9069 9062 9061
f 9069 9070 9062
f 9070 9055 9062
f 9070 9063 9055
f 9071 9064 9063
f 9071 9072 9064
f 9072 9065 9064
f 9072 9073 9065
f 9073 9066 9065
f 9073 9074 9066
f 9074 9067 9066
f 9074 9075 9067
f 9075 9068 9067
f 9075 9076 9068
f 9076 9069 9068
f 9076 9077 9069
f 9077 9070 9069
f 9077 9078 9070
f 9078 9063 9070
f 9078 9071 9063
f 9079 9081 9082
f 9080 9114 9113
f 9079 9082 9083
f 9080 9115 9114
f 9079 9083 9084
f 9080 9116 9115
f 9079 9084 9085
f 9080 9117 9116
f 9079 9085 9086
f 9080 9118 9117
f 9079 9086 9087
f 9080 9119 9118
f 9079 9087 9088
f 9080 9120 9119
f 9079 9088 9081
f 9080 9113 9120
f 9089 9082 9081
f 9089 9090 9082
f 9090 9083 9082
f 9090 9091 9083
f 9091 9084 9083
f 9091 9092 9084
f 9092 9085 9084
f 9092 9093 9085
f 9093 9086 9085
f 9093 9094 9086
f 9094 9087 9086
f 9094 9095 9087
f 9095 9088 9087
f 9095 9096 9088
f 9096 9081 9088
f 9096 9089 9081
f 9097 9090 9089
f 9097 9098 9090
f 9098 9091 9090
f 9098 9099 9091
f 9099 9092 9091
f 9099 9100 9092
f 9100 9093 9092
f 9100 9101 9093
f 9101 9094 9093
f 9101 9102 9094
f 9102 9095 9094
f 9102 9103 9095
f 9103 9096 9095
f 9103 9104 9096
f 9104 9089 9096
f 9104 9097 9089
f 9105 9098 9097
f 9105 9106 9098
f 9106 9099 9098
f 9106 9107 9099
f 9107 9100 9099
f 9107 9108 9100
f 9108 9101 9100
f 9108 9109 9101
f 9109 9102 9101
f 9109 9110 9102
f 9110 9103 9102
f 9110 9111 9103
f 9111 9104 9103
f 9111 9112 9104
f 9112 9097 9104
f 9112 9105 9097
f 9113 9106 9105
f 9113 9114 9106
f 9114 9107 9106
f 9114 9115 9107
f 9115 9108 9107
f 9115 9116 9108
f 9116 9109 9108
f 9116 9117 9109
f 9117 9110 9109
f 9117 9118 9110
f 9118 9111 9110
f 9118 9119 9111
f 9119 9112 9111
f 9119 9120 9112
f 9120 9105 9112
f 9120 9113 9105
f 9121 9123 9124
f 9122 9156 9155
f 9121 9124 9125
f 9122 9157 9156
f 9121 9125 9126
f 9122 9158 9157
f 9121 9126 9127
f 9122 9159 9158
f 9121 9127 9128
f 9122 9160 9159
f 9121 9128 9129
f 9122 9161 9160
f 9121 9129 9130
f 9122 9162 9161
f 9121 9130 9123
f 9122 9155 9162
f 9131 9124 9123
f 9131 9132 9124
f 9132 9125 9124
f 9132 9133 9125
f 9133 9126 9125
f 9133 9134 9126
f 9134 9127 9126
f 9134 9135 9127
f 9135 9128 9127
f 9135 9136 9128
f 9136 9129 9128
f 9136 9137 9129
f 9137 9130 9129
f 9137 9138 9130
f 9138 9123 9130
f 9138 9131 9123
f 9139 9132 9131
f 9139 9140 9132
f 9140 9133 9132
f 9140 9141 9133
f 9141 9134 9133
f 9141 9142 9134
f 9142 9135 9134
f 9142 9143 9135
f 9143 9136 9135
f 9143 9144 9136
f 9144 9137 9136
f 9144 9145 9137
f 9145 9138 9137
f 9145 9146 9138
f 9146 9131 9138
f 9146 9139 9131
f 9147 9140 9139
f 9147 9148 9140
f 9148 9141 9140
f 9148 9149 9141
f 9149 9142 9141
f 9149 9150 9142
f 9150 9143 9142
f 9150 9151 9143
f 9151 9144 9143
f 9151 9152 9144
f 9152 9145 9144
f 9152 9153 9145
f 9153 9146 9145
f 9153 9154 9146
f 9154 9139 9146
f 9154 9147 9139
f 9155 9148 9147
f 9155 9156 9148
f 9156 9149 9148
f 9156 9157 9149
f 9157 9150 9149
f 9157 9158 9150
f 9158 9151 9150
f 9158 9159 9151
f 9159 9152 9151
f 9159 9160 9152
f 9160 9153 9152
f 9160 9161 9153
f 9161 9154 9153
f 9161 9162 9154
f 9162 9147 9154
f 9162 9155 9147
f 9163 9165 9166
f 9164 9198 9197
f 9163 9166 9167
f 9164 9199 9198
f 9163 9167 9168
f 9164 9200 9199
f 9163 9168 9169
f 9164 9201 9200
f 9163 9169 9170
f 9164 9202 9201
f 9163 9170 9171
f 9164 9203 9202
f 9163 9171 9172
f 9164 9204 9203
f 9163 9172 9165
f 9164 9197 9204
f 9173 9166 9165
f 9173 9174 9166
f 9174 9167 9166
f 9174 9175 9167
f 9175 9168 9167
f 9175 9176 9168
f 9176 9169 9168
f 9176 9177 9169
f 9177 9170 9169
f 9177 9178 9170
f 9178 9171 9170
f 9178 9179 9171
f 9179 9172 9171
f 9179 9180 9172
f 9180 9165 9172
f 9180 9173 9165
f 9181 9174 9173
f 9181 9182 9174
f 9182 9175 9174
f 9182 9183 9175
f 9183 9176 9175
f 9183 9184 9176
f 9184 9177 9176
f 9184 9185 9177
f 9185 9178 9177
f 9185 9186 9178
f 9186 9179 9178
f 9186 9187 9179
f 9187 9180 9179
f 9187 9188 9180
f 9188 9173 9180
f 9188 9181 9173
f 9189 9182 9181
f 9189 9190 9182
f 9190 9183 9182
f 9190 9191 9183
f 9191 9184 9183
f 9191 9192 9184
f 9192 9185 9184
f 9192 9193 9185
f 9193 9186 9185
f 9193 9194 9186
f 9194 9187 9186
f 9194 9195 9187
f 9195 9188 9187
f 9195 9196 9188
f 9196 9181 9188
f 9196 9189 9181
f 9197 9190 9189
f 9197 9198 9190
f 9198 9191 9190
f 9198 9199 9191
f 9199 9192 9191
f 9199 9200 9192
f 9200 9193 9192
f 9200 9201 9193
f 9201 9194 9193
f 9201 9202 9194
f 9202 9195 9194
f 9202 9203 9195
f 9203 9196 9195
f 9203 9204 9196
f 9204 9189 9196
f 9204 9197 9189
f 9205 9207 9208
f 9206 9240 9239
f 9205 9208 9209
f 9206 9241 9240
f 9205 9209 9210
f 9206 9242 9241
f 9205 9210 9211
f 9206 9243 9242
f 9205 9211 9212
f 9206 9244 9243
f 9205 9212 9213
f 9206 9245 9244
f 9205 9213 9214
f 9206 9246 9245
f 9205 9214 9207
f 9206 9239 9246
f 9215 9208 9207
f 9215 9216 9208
f 9216 9209 9208
f 9216 9217 9209
f 9217 9210 9209
f 9217 9218 9210
f 9218 9211 9210
f 9218 9219 9211
f 9219 9212 9211
f 9219 9220 9212
f 9220 9213 9212
f 9220 9221 9213
f 9221 9214 9213
f 9221 9222 9214
f 9222 9207 9214
f 9222 9215 9207
f 9223 9216 9215
f 9223 9224 9216
f 9224 9217 9216
f 9224 9225 9217
f 9225 9218 9217
f 9225 9226 9218
f 9226 9219 9218
f 9226 9227 9219
f 9227 9220 9219
f 9227 9228 9220
f 9228 9221 9220
f 9228 9229 9221
f 9229 9222 9221
f 9229 9230 9222
f 9230 9215 9222
f 9230 9223 9215
f 9231 9224 9223
f 9231 9232 9224
f 9232 9225 9224
f 9232 9233 9225
f 9233 9226 9225
f 9233 9234 9226
f 9234 9227 9226
f 9234 9235 9227
f 9235 9228 9227
f 9235 9236 9228
f 9236 9229 9228
f 9236 9237 9229
f 9237 9230 9229
f 9237 9238 9230
f 9238 9223 9230
f 9238 9231 9223
f 9239 9232 9231
f 9239 9240 9232
f 9240 9233 9232
f 9240 9241 9233
f 9241 9234 9233
f 9241 9242 9234
f 9242 9235 9234
f 9242 9243 9235
f 9243 9236 9235
f 9243 9244 9236
f 9244 9237 9236
f 9244 9245 9237
f 9245 9238 9237
f 9245 9246 9238
f 9246 9231 9238
f 9246 9239 9231
f 9247 9249 9250
f 9248 9282 9281
f 9247 9250 9251
f 9248 9283 9282
f 9247 9251 9252
f 9248 9284 9283
f 9247 9252 9253
f 9248 9285 9284
f 9247 9253 9254
f 9248 9286 9285
f 9247 9254 9255
f 9248 9287 9286
f 9247 9255 9256
f 9248 9288 9287
f 9247 9256 9249
f 9248 9281 9288
f 9257 9250 9249
f 9257 9258 9250
f 9258 9251 9250
f 9258 9259 9251
f 9259 9252 9251
f 9259 9260 9252
f 9260 9253 9252
f 9260 9261 9253
f 9261 9254 9253
f 9261 9262 9254
f 9262 9255 9254
f 9262 9263 9255
f 9263 9256 9255
f 9263 9264 9256
f 9264 9249 9256
f 9264 9257 9249
f 9265 9258 9257
f 9265 9266 9258
f 9266 9259 9258
f 9266 9267 9259
f 9267 9260 9259
f 9267 9268 9260
f 9268 9261 9260
f 9268 9269 9261
f 9269 9262 9261
f 9269 9270 9262
f 9270 9263 9262
f 9270 9271 9263
f 9271 9264 9263
f 9271 9272 9264
f 9272 9257 9264
f 9272 9265 9257
f 9273 9266 9265
f 9273 9274 9266
f 9274 9267 9266
f 9274 9275 9267
f 9275 9268 9267
f 9275 9276 9268
f 9276 9269 9268
f 9276 9277 9269
f 9277 9270 9269
f 9277 9278 9270
f 9278 9271 9270
f 9278 9279 9271
f 9279 9272 9271
f 9279 9280 9272
f 9280 9265 9272
f 9280 9273 9265
f 9281 9274 9273
f 9281 9282 9274
f 9282 9275 9274
f 9282 9283 9275
f 9283 9276 9275
f 9283 9284 9276
f 9284 9277 9276
f 9284 9285 9277
f 9285 9278 9277
f 9285 9286 9278
f 9286 9279 9278
f 9286 9287 9279
f 9287 9280 9279
f 9287 9288 9280
f 9288 9273 9280
f 9288 9281 9273
f 9289 9291 9292
f 9290 9324 9323
f 9289 9292 9293
f 9290 9325 9324
f 9289 9293 9294
f 9290 9326 9325
f 9289 9294 9295
f 9290 9327 9326
f 9289 9295 9296
f 9290 9328 9327
f 9289 9296 9297
f 9290 9329 9328
f 9289 9297 9298
f 9290 9330 9329
f 9289 9298 9291
f 9290 9323 9330
f 9299 9292 9291
f 9299 9300 9292
f 9300 9293 9292
f 9300 9301 9293
f 9301 9294 9293
f 9301 9302 9294
f 9302 9295 9294
f 9302 9303 9295
f 9303 9296 9295
f 9303 9304 9296
f 9304 9297 9296
f 9304 9305 9297
f 9305 9298 9297
f 9305 9306 9298
f 9306 9291 9298
f 9306 9299 9291
f 9307 9300 9299
f 9307 9308 9300
f 9308 9301 9300
f 9308 9309 9301
f 9309 9302 9301
f 9309 9310 9302
f 9310 9303 9302
f 9310 9311 9303
f 9311 9304 9303
f 9311 9312 9304
f 9312 9305 9304
f 9312 9313 9305
f 9313 9306 9305
f 9313 9314 9306
f 9314 9299 9306
f 9314 9307 9299
f 9315 9308 9307
f 9315 9316 9308
f 9316 9309 9308
f 9316 9317 9309
f 9317 9310 9309
f 9317 9318 9310
f 9318 9311 9310
f 9318 9319 9311
f 9319 9312 9311
f 9319 9320 9312
f 9320 9313 9312
f 9320 9321 9313
f 9321 9314 9313
f 9321 9322 9314
f 9322 9307 9314
f 9322 9315 9307
f 9323 9316 9315
f 9323 9324 9316
f 9324 9317 9316
f 9324 9325 9317
f 9325 9318 9317
f 9325 9326 9318
f 9326 9319 9318
f 9326 9327 9319
f 9327 9320 9319
f 9327 9328 9320
f 9328 9321 9320
f 9328 9329 9321
f 9329 9322 9321
f 9329 9330 9322
f 9330 9315 9322
f 9330 9323 9315
f 9331 9333 9334
f 9332 9366 9365
f 9331 9334 9335
f 9332 9367 9366
f 9331 9335 9336
f 9332 9368 9367
f 9331 9336 9337
f 9332 9369 9368
f 9331 9337 9338
f 9332 9370 9369
f 9331 9338 9339
f 9332 9371 9370
f 9331 9339 9340
f 9332 9372 9371
f 9331 9340 9333
f 9332 9365 9372
f 9341 9334 9333
f 9341 9342 9334
f 9342 9335 9334
f 9342 9343 9335
f 9343 9336 9335
f 9343 9344 9336
f 9344 9337 9336
f 9344 9345 9337
f 9345 9338 9337
f 9345 9346 9338
f 9346 9339 9338
f 9346 9347 9339
f 9347 9340 9339
f 9347 9348 9340
f 9348 9333 9340
f 9348 9341 9333
f 9349 9342 9341
f 9349 9350 9342
f 9350 9343 9342
f 9350 9351 9343
f 9351 9344 9343
f 9351 9352 9344
f 9352 9345 9344
f 9352 9353 9345
f 9353 9346 9345
f 9353 9354 9346
f 9354 9347 9346
f 9354 9355 9347
f 9355 9348 9347
f 9355 9356 9348
f 9356 9341 9348
f 9356 9349 9341
f 9357 9350 9349
f 9357 9358 9350
f 9358 9351 9350
f 9358 9359 9351
f 9359 9352 9351
f 9359 9360 9352
f 9360 9353 9352
f 9360 9361 9353
f 9361 9354 9353
f 9361 9362 9354
f 9362 9355 9354
f 9362 9363 9355
f 9363 9356 9355
f 9363 9364 9356
f 9364 9349 9356
f 9364 9357 9349
f 9365 9358 9357
f 9365 9366 9358
f 9366 9359 9358
f 9366 9367 9359
f 9367 9360 9359
f 9367 9368 9360
f 9368 9361 9360
f 9368 9369 9361
f 9369 9362 9361
f 9369 9370 9362
f 9370 9363 9362
f 9370 9371 9363
f 9371 9364 9363
f 9371 9372 9364
f 9372 9357 9364
f 9372 9365 9357
f 9373 9375 9376
f 9374 9408 9407
f 9373 9376 9377
f 9374 9409 9408
f 9373 9377 9378
f 9374 9410 9409
f 9373 9378 9379
f 9374 9411 9410
f 9373 9379 9380
f 9374 9412 9411
f 9373 9380 9381
f 9374 9413 9412
f 9373 9381 9382
f 9374 9414 9413
f 9373 9382 9375
f 9374 9407 9414
f 9383 9376 9375
f 9383 9384 9376
f 9384 9377 9376
f 9384 9385 9377
f 9385 9378 9377
f 9385 9386 9378
f 9386 9379 9378
f 9386 9387 9379
f 9387 9380 9379
f 9387 9388 9380
f 9388 9381 9380
f 9388 9389 9381
f 9389 9382 9381
f 9389 9390 9382
f 9390 9375 9382
f 9390 9383 9375
f 9391 9384 9383
f 9391 9392 9384
f 9392 9385 9384
f 9392 9393 9385
f 9393 9386 9385
f 9393 9394 9386
f 9394 9387 9386
f 9394 9395 9387
f 9395 9388 9387
f 9395 9396 9388
f 9396 9389 9388
f 9396 9397 9389
f 9397 9390 9389
f 9397 9398 9390
f 9398 9383 9390
f 9398 9391 9383
f 9399 9392 9391
f 9399 9400 9392
f 9400 9393 9392
f 9400 9401 9393
f 9401 9394 9393
f 9401 9402 9394
f 9402 9395 9394
f 9402 9403 9395
f 9403 9396 9395
f 9403 9404 9396
f 9404 9397 9396
f 9404 9405 9397
f 9405 9398 9397
f 9405 9406 9398
f 9406 9391 9398
f 9406 9399 9391
f 9407 9400 9399
f 9407 9408 9400
f 9408 9401 9400
f 9408 9409 9401
f 9409 9402 9401
f 9409 9410 9402
f 9410 9403 9402
f 9410 9411 9403
f 9411 9404 9403
f 9411 9412 9404
f 9412 9405 9404
f 9412 9413 9405
f 9413 9406 9405
f 9413 9414 9406
f 9414 9399 9406
f 9414 9407 9399
f 9415 9417 9418
f 9416 9450 9449
f 9415 9418 9419
f 9416 9451 9450
f 9415 9419 9420
f 9416 9452 9451
f 9415 9420 9421
f 9416 9453 9452
f 9415 9421 9422
f 9416 9454 9453
f 9415 9422 9423
f 9416 9455 9454
f 9415 9423 9424
f 9416 9456 9455
f 9415 9424 9417
f 9416 9449 9456
f 9425 9418 9417
f 9425 9426 9418
f 9426 9419 9418
f 9426 9427 9419
f 9427 9420 9419
f 9427 9428 9420
f 9428 9421 9420
f 9428 9429 9421
f 9429 9422 9421
f 9429 9430 9422
f 9430 9423 9422
f 9430 9431 9423
f 9431 9424 9423
f 9431 9432 9424
f 9432 9417 9424
f 9432 9425 9417
f 9433 9426 9425
f 9433 9434 9426
f 9434 9427 9426
f 9434 9435 9427
f 9435 9428 9427
f 9435 9436 9428
f 9436 9429 9428
f 9436 9437 9429
f 9437 9430 9429
f 9437 9438 9430
f 9438 9431 9430
f 9438 9439 9431
f 9439 9432 9431
f 9439 9440 9432
f 9440 9425 9432
f 9440 9433 9425
f 9441 9434 9433
f 9441 9442 9434
f 9442 9435 9434
f 9442 9443 9435
f 9443 9436 9435
f 9443 9444 9436
f 9444 9437 9436
f 9444 9445 9437
f 9445 9438 9437
f 9445 9446 9438
f 9446 9439 9438
f 9446 9447 9439
f 9447 9440 9439
f 9447 9448 9440
f 9448 9433 9440
f 9448 9441 9433
f 9449 9442 9441
f 9449 9450 9442
f 9450 9443 9442
f 9450 9451 9443
f 9451 9444 9443
f 9451 9452 9444
f 9452 9445 9444
f 9452 9453 9445
f 9453 9446 9445
f 9453 9454 9446
f 9454 9447 9446
f 9454 9455 9447
f 9455 9448 9447
f 9455 9456 9448
f 9456 9441 9448
f 9456 9449 9441
f 9457 9459 9460
f 9458 9492 9491
f 9457 9460 9461
f 9458 9493 9492
f 9457 9461 9462
f 9458 9494 9493
f 9457 9462 9463
f 9458 9495 9494
f 9457 9463 9464
f 9458 9496 9495
f 9457 9464 9465
f 9458 9497 9496
f 9457 9465 9466
f 9458 9498 9497
f 9457 9466 9459
f 9458 9491 9498
f 9467 9460 9459
f 9467 9468 9460
f 9468 9461 9460
f 9468 9469 9461
f 9469 9462 9461
f 9469 9470 9462
f 9470 9463 9462
f 9470 9471 9463
f 9471 9464 9463
f 9471 9472 9464
f 9472 9465 9464
f 9472 9473 9465
f 9473 9466 9465
f 9473 9474 9466
f 9474 9459 9466
f 9474 9467 9459
f 9475 9468 9467
f 9475 9476 9468
f 9476 9469 9468
f 9476 9477 9469
f 9477 9470 9469
f 9477 9478 9470
f 9478 9471 9470
f 9478 9479 9471
f 9479 9472 9471
f 9479 9480 9472
f 9480 9473 9472
f 9480 9481 9473
f 9481 9474 9473
f 9481 9482 9474
f 9482 9467 9474
f 9482 9475 9467
f 9483 9476 9475
f 9483 9484 9476
f 9484 9477 9476
f 9484 9485 9477
f 9485 9478 9477
f 9485 9486 9478
f 9486 9479 9478
f 9486 9487 9479
f 9487 9480 9479
f 9487 9488 9480
f 9488 9481 9480
f 9488 9489 9481
f 9489 9482 9481
f 9489 9490 9482
f 9490 9475 9482
f 9490 9483 9475
f 9491 9484 9483
f 9491 9492 9484
f 9492 9485 9484
f 9492 9493 9485
f 9493 9486 9485
f 9493 9494 9486
f 9494 9487 9486
f 9494 9495 9487
f 9495 9488 9487
f 9495 9496 9488
f 9496 9489 9488
f 9496 9497 9489
f 9497 9490 9489
f 9497 9498 9490
f 9498 9483 9490
f 9498 9491 9483
f 9499 9501 9502
f 9500 9534 9533
f 9499 9502 9503
f 9500 9535 9534
f 9499 9503 9504
f 9500 9536 9535
f 9499 9504 9505
f 9500 9537 9536
f 9499 9505 9506
f 9500 9538 9537
f 9499 9506 9507
f 9500 9539 9538
f 9499 9507 9508
f 9500 9540 9539
f 9499 9508 9501
f 9500 9533 9540
f 9509 9502 9501
f 9509 9510 9502
f 9510 9503 9502
f 9510 9511 9503
f 9511 9504 9503
f 9511 9512 9504
f 9512 9505 9504
f 9512 9513 9505
f 9513 9506 9505
f 9513 9514 9506
f 9514 9507 9506
f 9514 9515 9507
f 9515 9508 9507
f 9515 9516 9508
f 9516 9501 9508
f 9516 9509 9501
f 9517 9510 9509
f 9517 9518 9510
f 9518 9511 9510
f 9518 9519 9511
f 9519 9512 9511
f 9519 9520 9512
f 9520 9513 9512
f 9520 9521 9513
f 9521 9514 9513
f 9521 9522 9514
f 9522 9515 9514
f 9522 9523 9515
f 9523 9516 9515
f 9523 9524 9516
f 9524 9509 9516
f 9524 9517 9509
f 9525 9518 9517
f 9525 9526 9518
f 9526 9519 9518
f 9526 9527 9519
f 9527 9520 9519
f 9527 9528 9520
f 9528 9521 9520
f 9528 9529 9521
f 9529 9522 9521
f 9529 9530 9522
f 9530 9523 9522
f 9530 9531 9523
f 9531 9524 9523
f 9531 9532 9524
f 9532 9517 9524
f 9532 9525 9517
f 9533 9526 9525
f 9533 9534 9526
f 9534 9527 9526
f 9534 9535 9527
f 9535 9528 9527
f 9535 9536 9528
f 9536 9529 9528
f 9536 9537 9529
f 9537 9530 9529
f 9537 9538 9530
f 9538 9531 9530
f 9538 9539 9531
f 9539 9532 9531
f 9539 9540 9532
f 9540 9525 9532
f 9540 9533 9525
f 9541 9543 9544
f 9542 9576 9575
f 9541 9544 9545
f 9542 9577 9576
f 9541 9545 9546
f 9542 9578 9577
f 9541 9546 9547
f 9542 9579 9578
f 9541 9547 9548
f 9542 9580 9579
f 9541 9548 9549
f 9542 9581 9580
f 9541 9549 9550
f 9542 9582 9581
f 9541 9550 9543
f 9542 9575 9582
f 9551 9544 9543
f 9551 9552 9544
f 9552 9545 9544
f 9552 9553 9545
f 9553 9546 9545
f 9553 9554 9546
f 9554 9547 9546
f 9554 9555 9547
f 9555 9548 9547
f 9555 9556 9548
f 9556 9549 9548
f 9556 9557 9549
f 9557 9550 9549
f 9557 9558 9550
f 9558 9543 9550
f 9558 9551 9543
f 9559 9552 9551
f 9559 9560 9552
f 9560 9553 9552
f 9560 9561 9553
f 9561 9554 9553
f 9561 9562 9554
f 9562 9555 9554
f 9562 9563 9555
f 9563 9556 9555
f 9563 9564 9556
f 9564 9557 9556
f 9564 9565 9557
f 9565 9558 9557
f 9565 9566 9558
f 9566 9551 9558
f 9566 9559 9551
f 9567 9560 9559
f 9567 9568 9560
f 9568 9561 9560
f 9568 9569 9561
f 9569 9562 9561
f 9569 9570 9562
f 9570 9563 9562
f 9570 9571 9563
f 9571 9564 9563
f 9571 9572 9564
f 9572 9565 9564
f 9572 9573 9565
f 9573 9566 9565
f 9573 9574 9566
f 9574 9559 9566
f 9574 9567 9559
f 9575 9568 9567
f 9575 9576 9568
f 9576 9569 9568
f 9576 9577 9569
f 9577 9570 9569
f 9577 9578 9570
f 9578 9571 9570
f 9578 9579 9571
f 9579 9572 9571
f 9579 9580 9572
f 9580 9573 9572
f 9580 9581 9573
f 9581 9574 9573
f 9581 9582 9574
f 9582 9567 9574
f 9582 9575 9567
f 9583 9585 9586
f 9584 9618 9617
f 9583 9586 9587
f 9584 9619 9618
f 9583 9587 9588
f 9584 9620 9619
f 9583 9588 9589
f 9584 9621 9620
f 9583 9589 9590
f 9584 9622 9621
f 9583 9590 9591
f 9584 9623 9622
f 9583 9591 9592
f 9584 9624 9623
f 9583 9592 9585
f 9584 9617 9624
f 9593 9586 9585
f 9593 9594 9586
f 9594 9587 9586
f 9594 9595 9587
f 9595 9588 9587
f 9595 9596 9588
f 9596 9589 9588
f 9596 9597 9589
f 9597 9590 9589
f 9597 9598 9590
f 9598 9591 9590
f 9598 9599 9591
f 9599 9592 9591
f 9599 9600 9592
f 9600 9585 9592
f 9600 9593 9585
f 9601 9594 9593
f 9601 9602 9594
f 9602 9595 9594
f 9602 9603 9595
f 9603 9596 9595
f 9603 9604 9596
f 9604 9597 9596
f 9604 9605 9597
f 9605 9598 9597
f 9605 9606 9598
f 9606 9599 9598
f 9606 9607 9599
f 9607 9600 9599
f 9607 9608 9600
f 9608 9593 9600
f 9608 9601 9593
f 9609 9602 9601
f 9609 9610 9602
f 9610 9603 9602
f 9610 9611 9603
f 9611 9604 9603
f 9611 9612 9604
f 9612 9605 9604
f 9612 9613 9605
f 9613 9606 9605
f 9613 9614 9606
f 9614 9607 9606
f 9614 9615 9607
f 9615 9608 9607
f 9615 9616 9608
f 9616 9601 9608
f 9616 9609 9601
f 9617 9610 9609
f 9617 9618 9610
f 9618 9611 9610
f 9618 9619 9611
f 9619 9612 9611
f 9619 9620 9612
f 9620 9613 9612
f 9620 9621 9613
f 9621 9614 9613
f 9621 9622 9614
f 9622 9615 9614
f 9622 9623 9615
f 9623 9616 9615
f 9623 9624 9616
f 9624 9609 9616
f 9624 9617 9609
f 9625 9627 9628
f 9626 9660 9659
f 9625 9628 9629
f 9626 9661 9660
f 9625 9629 9630
f 9626 9662 9661
f 9625 9630 9631
f 9626 9663 9662
f 9625 9631 9632
f 9626 9664 9663
f 9625 9632 9633
f 9626 9665 9664
f 9625 9633 9634
f 9626 9666 9665
f 9625 9634 9627
f 9626 9659 9666
f 9635 9628 9627
f 9635 9636 9628
f 9636 9629 9628
f 9636 9637 9629
f 9637 9630 9629
f 9637 9638 9630
f 9638 9631 9630
f 9638 9639 9631
f 9639 9632 9631
f 9639 9640 9632
f 9640 9633 9632
f 9640 9641 9633
f 9641 9634 9633
f 9641 9642 9634
f 9642 9627 9634
f 9642 9635 9627
f 9643 9636 9635
f 9643 9644 9636
f 9644 9637 9636
f 9644 9645 9637
f 9645 9638 9637
f 9645 9646 9638
f 9646 9639 9638
f 9646 9647 9639
f 9647 9640 9639
f 9647 9648 9640
f 9648 9641 9640
f 9648 9649 9641
f 9649 9642 9641
f 9649 9650 9642
f 9650 9635 9642
f 9650 9643 9635
f 9651 9644 9643
f 9651 9652 9644
f 9652 9645 9644
f 9652 9653 9645
f 9653 9646 9645
f 9653 9654 9646
f 9654 9647 9646
f 9654 9655 9647
f 9655 9648 9647
f 9655 9656 9648
f 9656 9649 9648
f 9656 9657 9649
f 9657 9650 9649
f 9657 9658 9650
f 9658 9643 9650
f 9658 9651 9643
f 9659 9652 9651
f 9659 9660 9652
f 9660 9653 9652
f 9660 9661 9653
f 9661 9654 9653
f 9661 9662 9654
f 9662 9655 9654
f 9662 9663 9655
f 9663 9656 9655
f 9663 9664 9656
f 9664 9657 9656
f 9664 9665 9657
f 9665 9658 9657
f 9665 9666 9658
f 9666 9651 9658
f 9666 9659 9651
f 9667 9669 9670
f 9668 9702 9701
f 9667 9670 9671
f 9668 9703 9702
f 9667 9671 9672
f 9668 9704 9703
f 9667 9672 9673
f 9668 9705 9704
f 9667 9673 9674
f 9668 9706 9705
f 9667 9674 9675
f 9668 9707 9706
f 9667 9675 9676
f 9668 9708 9707
f 9667 9676 9669
f 9668 9701 9708
f 9677 9670 9669
f 9677 9678 9670
f 9678 9671 9670
f 9678 9679 9671
f 9679 9672 9671
f 9679 9680 9672
f 9680 9673 9672
f 9680 9681 9673
f 9681 9674 9673
f 9681 9682 9674
f 9682 9675 9674
f 9682 9683 9675
f 9683 9676 9675
f 9683 9684 9676
f 9684 9669 9676
f 9684 9677 9669
f 9685 9678 9677
f 9685 9686 9678
f 9686 9679 9678
f 9686 9687 9679
f 9687 9680 9679
f 9687 9688 9680
f 9688 9681 9680
f 9688 9689 9681
f 9689 9682 9681
f 9689 9690 9682
f 9690 9683 9682
f 9690 9691 9683
f 9691 9684 9683
f 9691 9692 9684
f 9692 9677 9684
f 9692 9685 9677
f 9693 9686 9685
f 9693 9694 9686
f 9694 9687 9686
f 9694 9695 9687
f 9695 9688 9687
f 9695 9696 9688
f 9696 9689 9688
f 9696 9697 9689
f 9697 9690 9689
f 9697 9698 9690
f 9698 9691 9690
f 9698 9699 9691
f 9699 9692 9691
f 9699 9700 9692
f 9700 9685 9692
f 9700 9693 9685
f 9701 9694 9693
f 9701 9702 9694
f 9702 9695 9694
f 9702 9703 9695
f 9703 9696 9695
f 9703 9704 9696
f 9704 9697 9696
f 9704 9705 9697
f 9705 9698 9697
f 9705 9706 9698
f 9706 9699 9698
f 9706 9707 9699
f 9707 9700 9699
f 9707 9708 9700
f 9708 9693 9700
f 9708 9701 9693
f 9709 9711 9712
f 9710 9744 9743
f 9709 9712 9713
f 9710 9745 9744
f 9709 9713 9714
f 9710 9746 9745
f 9709 9714 9715
f 9710 9747 9746
f 9709 9715 9716
f 9710 9748 9747
f 9709 9716 9717
f 9710 9749 9748
f 9709 9717 9718
f 9710 9750 9749
f 9709 9718 9711
f 9710 9743 9750
f 9719 9712 9711
f 9719 9720 9712
f 9720 9713 9712
f 9720 9721 9713
f 9721 9714 9713
f 9721 9722 9714
f 9722 9715 9714
f 9722 9723 9715
f 9723 9716 9715
f 9723 9724 9716
f 9724 9717 9716
f 9724 9725 9717
f 9725 9718 9717
f 9725 9726 9718
f 9726 9711 9718
f 9726 9719 9711
f 9727 9720 9719
f 9727 9728 9720
f 9728 9721 9720
f 9728 9729 9721
f 9729 9722 9721
f 9729 9730 9722
f 9730 9723 9722
f 9730 9731 9723
f 9731 9724 9723
f 9731 9732 9724
f 9732 9725 9724
f 9732 9733 9725
f 9733 9726 9725
f 9733 9734 9726
f 9734 9719 9726
f 9734 9727 9719
f 9735 9728 9727
f 9735 9736 9728
f 9736 9729 9728
f 9736 9737 9729
f 9737 9730 9729
f 9737 9738 9730
f 9738 9731 9730
f 9738 9739 9731
f 9739 9732 9731
f 9739 9740 9732
f 9740 9733 9732
f 9740 9741 9733
f 9741 9734 9733
f 9741 9742 9734
f 9742 9727 9734
f 9742 9735 9727
f 9743 9736 9735
f 9743 9744 9736
f 9744 9737 9736
f 9744 9745 9737
f 9745 9738 9737
f 9745 9746 9738
f 9746 9739 9738
f 9746 9747 9739
f 9747 9740 9739
f 9747 9748 9740
f 9748 9741 9740
f 9748 9749 9741
f 9749 9742 9741
f 9749 9750 9742
f 9750 9735 9742
f 9750 9743 9735
f 9751 9753 9754
f 9752 9786 9785
f 9751 9754 9755
f 9752 9787 9786
f 9751 9755 9756
f 9752 9788 9787
f 9751 9756 9757
f 9752 9789 9788
f 9751 9757 9758
f 9752 9790 9789
f 9751 9758 9759
f 9752 9791 9790
f 9751 9759 9760
f 9752 9792 9791
f 9751 9760 9753
f 9752 9785 9792
f 9761 9754 9753
f 9761 9762 9754
f 9762 9755 9754
f 9762 9763 9755
f 9763 9756 9755
f 9763 9764 9756
f 9764 9757 9756
f 9764 9765 9757
f 9765 9758 9757
f 9765 9766 9758
f 9766 9759 9758
f 9766 9767 9759
f 9767 9760 9759
f 9767 9768 9760
f 9768 9753 9760
f 9768 9761 9753
f 9769 9762 9761
f 9769 9770 9762
f 9770 9763 9762
f 9770 9771 9763
f 9771 9764 9763
f 9771 9772 9764
f 9772 9765 9764
f 9772 9773 9765
f 9773 9766 9765
f 9773 9774 9766
f 9774 9767 9766
f 9774 9775 9767
f 9775 9768 9767
f 9775 9776 9768
f 9776 9761 9768
f 9776 9769 9761
f 9777 9770 9769
f 9777 9778 9770
f 9778 9771 9770
f 9778 9779 9771
f 9779 9772 9771
f 9779 9780 9772
f 9780 9773 9772
f 9780 9781 9773
f 9781 9774 9773
f 9781 9782 9774
f 9782 9775 9774
f 9782 9783 9775
f 9783 9776 9775
f 9783 9784 9776
f 9784 9769 9776
f 9784 9777 9769
f 9785 9778 9777
f 9785 9786 9778
f 9786 9779 9778
f 9786 9787 9779
f 9787 9780 9779
f 9787 9788 9780
f 9788 9781 9780
f 9788 9789 9781
f 9789 9782 9781
f 9789 9790 9782
f 9790 9783 9782
f 9790 9791 9783
f 9791 9784 9783
f 9791 9792 9784
f 9792 9777 9784
f 9792 9785 9777
f 9793 9795 9796
f 9794 9828 9827
f 9793 9796 9797
f 9794 9829 9828
f 9793 9797 9798
f 9794 9830 9829
f 9793 9798 9799
f 9794 9831 9830
f 9793 9799 9800
f 9794 9832 9831
f 9793 9800 9801
f 9794 9833 9832
f 9793 9801 9802
f 9794 9834 9833
f 9793 9802 9795
f 9794 9827 9834
f 9803 9796 9795
f 9803 9804 9796
f 9804 9797 9796
f 9804 9805 9797
f 9805 9798 9797
f 9805 9806 9798
f 9806 9799 9798
f 9806 9807 9799
f 9807 9800 9799
f 9807 9808 9800
f 9808 9801 9800
f 9808 9809 9801
f 9809 9802 9801
f 9809 9810 9802
f 9810 9795 9802
f 9810 9803 9795
f 9811 9804 9803
f 9811 9812 9804
f 9812 9805 9804
f 9812 9813 9805
f 9813 9806 9805
f 9813 9814 9806
f 9814 9807 9806
f 9814 9815 9807
f 9815 9808 9807
f 9815 9816 9808
f 9816 9809 9808
f 9816 9817 9809
f 9817 9810 9809
f 9817 9818 9810
f 9818 9803 9810
f 9818 9811 9803
f 9819 9812 9811
f 9819 9820 9812
f 9820 9813 9812
f 9820 9821 9813
f 9821 9814 9813
f 9821 9822 9814
f 9822 9815 9814
f 9822 9823 9815
f 9823 9816 9815
f 9823 9824 9816
f 9824 9817 9816
f 9824 9825 9817
f 9825 9818 9817
f 9825 9826 9818
f 9826 9811 9818
f 9826 9819 9811
f 9827 9820 9819
f 9827 9828 9820
f 9828 9821 9820
f 9828 9829 9821
f 9829 9822 9821
f 9829 9830 9822
f 9830 9823 9822
f 9830 9831 9823
f 9831 9824 9823
f 9831 9832 9824
f 9832 9825 9824
f 9832 9833 9825
f 9833 9826 9825
f 9833 9834 9826
f 9834 9819 9826
f 9834 9827 9819
f 9835 9837 9838
f 9836 9870 9869
f 9835 9838 9839
f 9836 9871 9870
f 9835 9839 9840
f 9836 9872 9871
f 9835 9840 9841
f 9836 9873 9872
f 9835 9841 9842
f 9836 9874 9873
f 9835 9842 9843
f 9836 9875 9874
f 9835 9843 9844
f 9836 9876 9875
f 9835 9844 9837
f 9836 9869 9876
f 9845 9838 9837
f 9845 9846 9838
f 9846 9839 9838
f 9846 9847 9839
f 9847 9840 9839
f 9847 9848 9840
f 9848 9841 9840
f 9848 9849 9841
f 9849 9842 9841
f 9849 9850 9842
f 9850 9843 9842
f 9850 9851 9843
f 9851 9844 9843
f 9851 9852 9844
f 9852 9837 9844
f 9852 9845 9837
f 9853 9846 9845
f 9853 9854 9846
f 9854 9847 9846
f 9854 9855 9847
f 9855 9848 9847
f 9855 9856 9848
f 9856 9849 9848
f 9856 9857 9849
f 9857 9850 9849
f 9857 9858 9850
f 9858 9851 9850
f 9858 9859 9851
f 9859 9852 9851
f 9859 9860 9852
f 9860 9845 9852
f 9860 9853 9845
f 9861 9854 9853
f 9861 9862 9854
f 9862 9855 9854
f 9862 9863 9855
f 9863 9856 9855
f 9863 9864 9856
f 9864 9857 9856
f 9864 9865 9857
f 9865 9858 9857
f 9865 9866 9858
f 9866 9859 9858
f 9866 9867 9859
f 9867 9860 9859
f 9867 9868 9860
f 9868 9853 9860
f 9868 9861 9853
f 9869 9862 9861
f 9869 9870 9862
f 9870 9863 9862
f 9870 9871 9863
f 9871 9864 9863
f 9871 9872 9864
f 9872 9865 9864
f 9872 9873 9865
f 9873 9866 9865
f 9873 9874 9866
f 9874 9867 9866
f 9874 9875 9867
f 9875 9868 9867
f 9875 9876 9868
f 9876 9861 9868
f 9876 9869 9861
f 9877 9879 9880
f 9878 9912 9911
f 9877 9880 9881
f 9878 9913 9912
f 9877 9881 9882
f 9878 9914 9913
f 9877 9882 9883
f 9878 9915 9914
f 9877 9883 9884
f 9878 9916 9915
f 9877 9884 9885
f 9878 9917 9916
f 9877 9885 9886
f 9878 9918 9917
f 9877 9886 9879
f 9878 9911 9918
f 9887 9880 9879
f 9887 9888 9880
f 9888 9881 9880
f 9888 9889 9881
f 9889 9882 9881
f 9889 9890 9882
f 9890 9883 9882
f 9890 9891 9883
f 9891 9884 9883
f 9891 9892 9884
f 9892 9885 9884
f 9892 9893 9885
f 9893 9886 9885
f 9893 9894 9886
f 9894 9879 9886
f 9894 9887 9879
f 9895 9888 9887
f 9895 9896 9888
f 9896 9889 9888
f 9896 9897 9889
f 9897 9890 9889
f 9897 9898 9890
f 9898 9891 9890
f 9898 9899 9891
f 9899 9892 9891
f 9899 9900 9892
f 9900 9893 9892
f 9900 9901 9893
f 9901 9894 9893
f 9901 9902 9894
f 9902 9887 9894
f 9902 9895 9887
f 9903 9896 9895
f 9903 9904 9896
f 9904 9897 9896
f 9904 9905 9897
f 9905 9898 9897
f 9905 9906 9898
f 9906 9899 9898
f 9906 9907 9899
f 9907 9900 9899
f 9907 9908 9900
f 9908 9901 9900
f 9908 9909 9901
f 9909 9902 9901
f 9909 9910 9902
f 9910 9895 9902
f 9910 9903 9895
f 9911 9904 9903
f 9911 9912 9904
f 9912 9905 9904
f 9912 9913 9905
f 9913 9906 9905
f 9913 9914 9906
f 9914 9907 9906
f 9914 9915 9907
f 9915 9908 9907
f 9915 9916 9908
f 9916 9909 9908
f 9916 9917 9909
f 9917 9910 9909
f 9917 9918 9910
f 9918 9903 9910
f 9918 9911 9903
f 9919 9921 9922
f 9920 9954 9953
f 9919 9922 9923
f 9920 9955 9954
f 9919 9923 9924
f 9920 9956 9955
f 9919 9924 9925
f 9920 9957 9956
f 9919 9925 9926
f 9920 9958 9957
f 9919 9926 9927
f 9920 9959 9958
f 9919 9927 9928
f 9920 9960 9959
f 9919 9928 9921
f 9920 9953 9960
f 9929 9922 9921
f 9929 9930 9922
f 9930 9923 9922
f 9930 9931 9923
f 9931 9924 9923
f 9931 9932 9924
f 9932 9925 9924
f 9932 9933 9925
f 9933 9926 9925
f 9933 9934 9926
f 9934 9927 9926
f 9934 9935 9927
f 9935 9928 9927
f 9935 9936 9928
f 9936 9921 9928
f 9936 9929 9921
f 9937 9930 9929
f 9937 9938 9930
f 9938 9931 9930
f 9938 9939 9931
f 9939 9932 9931
f 9939 9940 9932
f 9940 9933 9932
f 9940 9941 9933
f 9941 9934 9933
f 9941 9942 9934
f 9942 9935 9934
f 9942 9943 9935
f 9943 9936 9935
f 9943 9944 9936
f 9944 9929 9936
f 9944 9937 9929
f 9945 9938 9937
f 9945 9946 9938
f 9946 9939 9938
f 9946 9947 9939
f 9947 9940 9939
f 9947 9948 9940
f 9948 9941 9940
f 9948 9949 9941
f 9949 9942 9941
f 9949 9950 9942
f 9950 9943 9942
f 9950 9951 9943
f 9951 9944 9943
f 9951 9952 9944
f 9952 9937 9944
f 9952 9945 9937
f 9953 9946 9945
f 9953 9954 9946
f 9954 9947 9946
f 9954 9955 9947
f 9955 9948 9947
f 9955 9956 9948
f 9956 9949 9948
f 9956 9957 9949
f 9957 9950 9949
f 9957 9958 9950
f 9958 9951 9950
f 9958 9959 9951
f 9959 9952 9951
f 9959 9960 9952
f 9960 9945 9952
f 9960 9953 9945
f 9961 9963 9964
f 9962 9996 9995
f 9961 9964 9965
f 9962 9997 9996
f 9961 9965 9966
f 9962 9998 9997
f 9961 9966 9967
f 9962 9999 9998
f 9961 9967 9968
f 9962 10000 9999
f 9961 9968 9969
f 9962 10001 10000
f 9961 9969 9970
f 9962 10002 10001
f 9961 9970 9963
f 9962 9995 10002
f 9971 9964 9963
f 9971 9972 9964
f 9972 9965 9964
f 9972 9973 9965
f 9973 9966 9965
f 9973 9974 9966
f 9974 9967 9966
f 9974 9975 9967
f 9975 9968 9967
f 9975 9976 9968
f 9976 9969 9968
f 9976 9977 9969
f 9977 9970 9969
f 9977 9978 9970
f 9978 9963 9970
f 9978 9971 9963
f 9979 9972 9971
f 9979 9980 9972
f 9980 9973 9972
f 9980 9981 9973
f 9981 9974 9973
f 9981 9982 9974
f 9982 9975 9974
f 9982 9983 9975
f 9983 9976 9975
f 9983 9984 9976
f 9984 9977 9976
f 9984 9985 9977
f 9985 9978 9977
f 9985 9986 9978
f 9986 9971 9978
f 9986 9979 9971
f 9987 9980 9979
f 9987 9988 9980
f 9988 9981 9980
f 9988 9989 9981
f 9989 9982 9981
f 9989 9990 9982
f 9990 9983 9982
f 9990 9991 9983
f 9991 9984 9983
f 9991 9992 9984
f 9992 9985 9984
f 9992 9993 9985
f 9993 9986 9985
f 9993 9994 9986
f 9994 9979 9986
f 9994 9987 9979
f 9995 9988 9987
f 9995 9996 9988
f 9996 9989 9988
f 9996 9997 9989
f 9997 9990 9989
f 9997 9998 9990
f 9998 9991 9990
f 9998 9999 9991
f 9999 9992 9991
f 9999 10000 9992
f 10000 9993 9992
f 10000 10001 9993
f 10001 9994 9993
f 10001 10002 9994
f 10002 9987 9994
f 10002 9995 9987
f 10003 10005 10006
f 10004 10038 10037
f 10003 10006 10007
f 10004 10039 10038
f 10003 10007 10008
f 10004 10040 10039
f 10003 10008 10009
f 10004 10041 10040
f 10003 10009 10010
f 10004 10042 10041
f 10003 10010 10011
f 10004 10043 10042
f 10003 10011 10012
f 10004 10044 10043
f 10003 10012 10005
f 10004 10037 10044
f 10013 10006 10005
f 10013 10014 10006
f 10014 10007 10006
f 10014 10015 10007
f 10015 10008 10007
f 10015 10016 10008
f 10016 10009 10008
f 10016 10017 10009
f 10017 10010 10009
f 10017 10018 10010
f 10018 10011 10010
f 10018 10019 10011
f 10019 10012 10011
f 10019 10020 10012
f 10020 10005 10012
f 10020 10013 10005
f 10021 10014 10013
f 10021 10022 10014
f 10022 10015 10014
f 10022 10023 10015
f 10023 10016 10015
f 10023 10024 10016
f 10024 10017 10016
f 10024 10025 10017
f 10025 10018 10017
f 10025 10026 10018
f 10026 10019 10018
f 10026 10027 10019
f 10027 10020 10019
f 10027 10028 10020
f 10028 10013 10020
f 10028 10021 10013
f 10029 10022 10021
f 10029 10030 10022
f 10030 10023 10022
f 10030 10031 10023
f 10031 10024 10023
f 10031 10032 10024
f 10032 10025 10024
f 10032 10033 10025
f 10033 10026 10025
f 10033 10034 10026
f 10034 10027 10026
f 10034 10035 10027
f 10035 10028 10027
f 10035 10036 10028
f 10036 10021 10028
f 10036 10029 10021
f 10037 10030 10029
f 10037 10038 10030
f 10038 10031 10030
f 10038 10039 10031
f 10039 10032 10031
f 10039 10040 10032
f 10040 10033 10032
f 10040 10041 10033
f 10041 10034 10033
f 10041 10042 10034
f 10042 10035 10034
f 10042 10043 10035
f 10043 10036 10035
f 10043 10044 10036
f 10044 10029 10036
f 10044 10037 10029
f 10045 10047 10048
f 10046 10080 10079
f 10045 10048 10049
f 10046 10081 10080
f 10045 10049 10050
f 10046 10082 10081
f 10045 10050 10051
f 10046 10083 10082
f 10045 10051 10052
f 10046 10084 10083
f 10045 10052 10053
f 10046 10085 10084
f 10045 10053 10054
f 10046 10086 10085
f 10045 10054 10047
f 10046 10079 10086
f 10055 10048 10047
f 10055 10056 10048
f 10056 10049 10048
f 10056 10057 10049
f 10057 10050 10049
f 10057 10058 10050
f 10058 10051 10050
f 10058 10059 10051
f 10059 10052 10051
f 10059 10060 10052
f 10060 10053 10052
f 10060 10061 10053
f 10061 10054 10053
f 10061 10062 10054
f 10062 10047 10054
f 10062 10055 10047
f 10063 10056 10055
f 10063 10064 10056
f 10064 10057 10056
f 10064 10065 10057
f 10065 10058 10057
f 10065 10066 10058
f 10066 10059 10058
f 10066 10067 10059
f 10067 10060 10059
f 10067 10068 10060
f 10068 10061 10060
f 10068 10069 10061
f 10069 10062 10061
f 10069 10070 10062
f 10070 10055 10062
f 10070 10063 10055
f 10071 10064 10063
f 10071 10072 10064
f 10072 10065 10064
f 10072 10073 10065
f 10073 10066 10065
f 10073 10074 10066
f 10074 10067 10066
f 10074 10075 10067
f 10075 10068 10067
f 10075 10076 10068
f 10076 10069 10068
f 10076 10077 10069
f 10077 10070 10069
f 10077 10078 10070
f 10078 10063 10070
f 10078 10071 10063
f 10079 10072 10071
f 10079 10080 10072
f 10080 10073 10072
f 10080 10081 10073
f 10081 10074 10073
f 10081 10082 10074
f 10082 10075 10074
f 10082 10083 10075
f 10083 10076 10075
f 10083 10084 10076
f 10084 10077 10076
f 10084 10085 10077
f 10085 10078 10077
f 10085 10086 10078
f 10086 10071 10078
f 10086 10079 10071
f 10087 10089 10090
f 10088 10122 10121
f 10087 10090 10091
f 10088 10123 10122
f 10087 10091 10092
f 10088 10124 10123
f 10087 10092 10093
f 10088 10125 10124
f 10087 10093 10094
f 10088 10126 10125
f 10087 10094 10095
f 10088 10127 10126
f 10087 10095 10096
f 10088 10128 10127
f 10087 10096 10089
f 10088 10121 10128
f 10097 10090 10089
f 10097 10098 10090
f 10098 10091 10090
f 10098 10099 10091
f 10099 10092 10091
f 10099 10100 10092
f 10100 10093 10092
f 10100 10101 10093
f 10101 10094 10093
f 10101 10102 10094
f 10102 10095 10094
f 10102 10103 10095
f 10103 10096 10095
f 10103 10104 10096
f 10104 10089 10096
f 10104 10097 10089
f 10105 10098 10097
f 10105 10106 10098
f 10106 10099 10098
f 10106 10107 10099
f 10107 10100 10099
f 10107 10108 10100
f 10108 10101 10100
f 10108 10109 10101
f 10109 10102 10101
f 10109 10110 10102
f 10110 10103 10102
f 10110 10111 10103
f 10111 10104 10103
f 10111 10112 10104
f 10112 10097 10104
f 10112 10105 10097
f 10113 10106 10105
f 10113 10114 10106
f 10114 10107 10106
f 10114 10115 10107
f 10115 10108 10107
f 10115 10116 10108
f 10116 10109 10108
f 10116 10117 10109
f 10117 10110 10109
f 10117 10118 10110
f 10118 10111 10110
f 10118 10119 10111
f 10119 10112 10111
f 10119 10120 10112
f 10120 10105 10112
f 10120 10113 10105
f 10121 10114 10113
f 10121 10122 10114
f 10122 10115 10114
f 10122 10123 10115
f 10123 10116 10115
f 10123 10124 10116
f 10124 10117 10116
f 10124 10125 10117
f 10125 10118 10117
f 10125 10126 10118
f 10126 10119 10118
f 10126 10127 10119
f 10127 10120 10119
f 10127 10128 10120
f 10128 10113 10120
f 10128 10121 10113
f 10129 10131 10132
f 10130 10164 10163
f 10129 10132 10133
f 10130 10165 10164
f 10129 10133 10134
f 10130 10166 10165
f 10129 10134 10135
f 10130 10167 10166
f 10129 10135 10136
f 10130 10168 10167
f 10129 10136 10137
f 10130 10169 10168
f 10129 10137 10138
f 10130 10170 10169
f 10129 10138 10131
f 10130 10163 10170
f 10139 10132 10131
f 10139 10140 10132
f 10140 10133 10132
f 10140 10141 10133
f 10141 10134 10133
f 10141 10142 10134
f 10142 10135 10134
f 10142 10143 10135
f 10143 10136 10135
f 10143 10144 10136
f 10144 10137 10136
f 10144 10145 10137
f 10145 10138 10137
f 10145 10146 10138
f 10146 10131 10138
f 10146 10139 10131
f 10147 10140 10139
f 10147 10148 10140
f 10148 10141 10140
f 10148 10149 10141
f 10149 10142 10141
f 10149 10150 10142
f 10150 10143 10142
f 10150 10151 10143
f 10151 10144 10143
f 10151 10152 10144
f 10152 10145 10144
f 10152 10153 10145
f 10153 10146 10145
f 10153 10154 10146
f 10154 10139 10146
f 10154 10147 10139
f 10155 10148 10147
f 10155 10156 10148
f 10156 10149 10148
f 10156 10157 10149
f 10157 10150 10149
f 10157 10158 10150
f 10158 10151 10150
f 10158 10159 10151
f 10159 10152 10151
f 10159 10160 10152
f 10160 10153 10152
f 10160 10161 10153
f 10161 10154 10153
f 10161 10162 10154
f 10162 10147 10154
f 10162 10155 10147
f 10163 10156 10155
f 10163 10164 10156
f 10164 10157 10156
f 10164 10165 10157
f 10165 10158 10157
f 10165 10166 10158
f 10166 10159 10158
f 10166 10167 10159
f 10167 10160 10159
f 10167 10168 10160
f 10168 10161 10160
f 10168 10169 10161
f 10169 10162 10161
f 10169 10170 10162
f 10170 10155 10162
f 10170 10163 10155
f 10171 10173 10174
f 10172 10206 10205
f 10171 10174 10175
f 10172 10207 10206
f 10171 10175 10176
f 10172 10208 10207
f 10171 10176 10177
f 10172 10209 10208
f 10171 10177 10178
f 10172 10210 10209
f 10171 10178 10179
f 10172 10211 10210
f 10171 10179 10180
f 10172 10212 10211
f 10171 10180 10173
f 10172 10205 10212
f 10181 10174 10173
f 10181 10182 10174
f 10182 10175 10174
f 10182 10183 10175
f 10183 10176 10175
f 10183 10184 10176
f 10184 10177 10176
f 10184 10185 10177
f 10185 10178 10177
f 10185 10186 10178
f 10186 10179 10178
f 10186 10187 10179
f 10187 10180 10179
f 10187 10188 10180
f 10188 10173 10180
f 10188 10181 10173
f 10189 10182 10181
f 10189 10190 10182
f 10190 10183 10182
f 10190 10191 10183
f 10191 10184 10183
f 10191 10192 10184
f 10192 10185 10184
f 10192 10193 10185
f 10193 10186 10185
f 10193 10194 10186
f 10194 10187 10186
f 10194 10195 10187
f 10195 10188 10187
f 10195 10196 10188
f 10196 10181 10188
f 10196 10189 10181
f 10197 10190 10189
f 10197 10198 10190
f 10198 10191 10190
f 10198 10199 10191
f 10199 10192 10191
f 10199 10200 10192
f 10200 10193 10192
f 10200 10201 10193
f 10201 10194 10193
f 10201 10202 10194
f 10202 10195 10194
f 10202 10203 10195
f 10203 10196 10195
f 10203 10204 10196
f 10204 10189 10196
f 10204 10197 10189
f 10205 10198 10197
f 10205 10206 10198
f 10206 10199 10198
f 10206 10207 10199
f 10207 10200 10199
f 10207 10208 10200
f 10208 10201 10200
f 10208 10209 10201
f 10209 10202 10201
f 10209 10210 10202
f 10210 10203 10202
f 10210 10211 10203
f 10211 10204 10203
f 10211 10212 10204
f 10212 10197 10204
f 10212 10205 10197
f 10213 10215 10216
f 10214 10248 10247
f 10213 10216 10217
f 10214 10249 10248
f 10213 10217 10218
f 10214 10250 10249
f 10213 10218 10219
f 10214 10251 10250
f 10213 10219 10220
f 10214 10252 10251
f 10213 10220 10221
f 10214 10253 10252
f 10213 10221 10222
f 10214 10254 10253
f 10213 10222 10215
f 10214 10247 10254
f 10223 10216 10215
f 10223 10224 10216
f 10224 10217 10216
f 10224 10225 10217
f 10225 10218 10217
f 10225 10226 10218
f 10226 10219 10218
f 10226 10227 10219
f 10227 10220 10219
f 10227 10228 10220
f 10228 10221 10220
f 10228 10229 10221
f 10229 10222 10221
f 10229 10230 10222
f 10230 10215 10222
f 10230 10223 10215
f 10231 10224 10223
f 10231 10232 10224
f 10232 10225 10224
f 10232 10233 10225
f 10233 10226 10225
f 10233 10234 10226
f 10234 10227 10226
f 10234 10235 10227
f 10235 10228 10227
f 10235 10236 10228
f 10236 10229 10228
f 10236 10237 10229
f 10237 10230 10229
f 10237 10238 10230
f 10238 10223 10230
f 10238 10231 10223
f 10239 10232 10231
f 10239 10240 10232
f 10240 10233 10232
f 10240 10241 10233
f 10241 10234 10233
f 10241 10242 10234
f 10242 10235 10234
f 10242 10243 10235
f 10243 10236 10235
f 10243 10244 10236
f 10244 10237 10236
f 10244 10245 10237
f 10245 10238 10237
f 10245 10246 10238
f 10246 10231 10238
f 10246 10239 10231
f 10247 10240 10239
f 10247 10248 10240
f 10248 10241 10240
f 10248 10249 10241
f 10249 10242 10241
f 10249 10250 10242
f 10250 10243 10242
f 10250 10251 10243
f 10251 10244 10243
f 10251 10252 10244
f 10252 10245 10244
f 10252 10253 10245
f 10253 10246 10245
f 10253 10254 10246
f 10254 10239 10246
f 10254 10247 10239
f 10255 10257 10258
f 10256 10290 10289
f 10255 10258 10259
f 10256 10291 10290
f 10255 10259 10260
f 10256 10292 10291
f 10255 10260 10261
f 10256 10293 10292
f 10255 10261 10262
f 10256 10294 10293
f 10255 10262 10263
f 10256 10295 10294
f 10255 10263 10264
f 10256 10296 10295
f 10255 10264 10257
f 10256 10289 10296
f 10265 10258 10257
f 10265 10266 10258
f 10266 10259 10258
f 10266 10267 10259
f 10267 10260 10259
f 10267 10268 10260
f 10268 10261 10260
f 10268 10269 10261
f 10269 10262 10261
f 10269 10270 10262
f 10270 10263 10262
f 10270 10271 10263
f 10271 10264 10263
f 10271 10272 10264
f 10272 10257 10264
f 10272 10265 10257
f 10273 10266 10265
f 10273 10274 10266
f 10274 10267 10266
f 10274 10275 10267
f 10275 10268 10267
f 10275 10276 10268
f 10276 10269 10268
f 10276 10277 10269
f 10277 10270 10269
f 10277 10278 10270
f 10278 10271 10270
f 10278 10279 10271
f 10279 10272 10271
f 10279 10280 10272
f 10280 10265 10272
f 10280 10273 10265
f 10281 10274 10273
f 10281 10282 10274
f 10282 10275 10274
f 10282 10283 10275
f 10283 10276 10275
f 10283 10284 10276
f 10284 10277 10276
f 10284 10285 10277
f 10285 10278 10277
f 10285 10286 10278
f 10286 10279 10278
f 10286 10287 10279
f 10287 10280 10279
f 10287 10288 10280
f 10288 10273 10280
f 10288 10281 10273
f 10289 10282 10281
f 10289 10290 10282
f 10290 10283 10282
f 10290 10291 10283
f 10291 10284 10283
f 10291 10292 10284
f 10292 10285 10284
f 10292 10293 10285
f 10293 10286 10285
f 10293 10294 10286
f 10294 10287 10286
f 10294 10295 10287
f 10295 10288 10287
f 10295 10296 10288
f 10296 10281 10288
f 10296 10289 10281
f 10297 10299 10300
f 10298 10332 10331
f 10297 10300 10301
f 10298 10333 10332
f 10297 10301 10302
f 10298 10334 10333
f 10297 10302 10303
f 10298 10335 10334
f 10297 10303 10304
f 10298 10336 10335
f 10297 10304 10305
f 10298 10337 10336
f 10297 10305 10306
f 10298 10338 10337
f 10297 10306 10299
f 10298 10331 10338
f 10307 10300 10299
f 10307 10308 10300
f 10308 10301 10300
f 10308 10309 10301
f 10309 10302 10301
f 10309 10310 10302
f 10310 10303 10302
f 10310 10311 10303
f 10311 10304 10303
f 10311 10312 10304
f 10312 10305 10304
f 10312 10313 10305
f 10313 10306 10305
f 10313 10314 10306
f 10314 10299 10306
f 10314 10307 10299
f 10315 10308 10307
f 10315 10316 10308
f 10316 10309 10308
f 10316 10317 10309
f 10317 10310 10309
f 10317 10318 10310
f 10318 10311 10310
f 10318 10319 10311
f 10319 10312 10311
f 10319 10320 10312
f 10320 10313 10312
f 10320 10321 10313
f 10321 10314 10313
f 10321 10322 10314
f 10322 10307 10314
f 10322 10315 10307
f 10323 10316 10315
f 10323 10324 10316
f 10324 10317 10316
f 10324 10325 10317
f 10325 10318 10317
f 10325 10326 10318
f 10326 10319 10318
f 10326 10327 10319
f 10327 10320 10319
f 10327 10328 10320
f 10328 10321 10320
f 10328 10329 10321
f 10329 10322 10321
f 10329 10330 10322
f 10330 10315 10322
f 10330 10323 10315
f 10331 10324 10323
f 10331 10332 10324
f 10332 10325 10324
f 10332 10333 10325
f 10333 10326 10325
f 10333 10334 10326
f 10334 10327 10326
f 10334 10335 10327
f 10335 10328 10327
f 10335 10336 10328
f 10336 10329 10328
f 10336 10337 10329
f 10337 10330 10329
f 10337 10338 10330
f 10338 10323 10330
f 10338 10331 10323
f 10339 10341 10342
f 10340 10374 10373
f 10339 10342 10343
f 10340 10375 10374
f 10339 10343 10344
f 10340 10376 10375
f 10339 10344 10345
f 10340 10377 10376
f 10339 10345 10346
f 10340 10378 10377
f 10339 10346 10347
f 10340 10379 10378
f 10339 10347 10348
f 10340 10380 10379
f 10339 10348 10341
f 10340 10373 10380
f 10349 10342 10341
f 10349 10350 10342
f 10350 10343 10342
f 10350 10351 10343
f 10351 10344 10343
f 10351 10352 10344
f 10352 10345 10344
f 10352 10353 10345
f 10353 10346 10345
f 10353 10354 10346
f 10354 10347 10346
f 10354 10355 10347
f 10355 10348 10347
f 10355 10356 10348
f 10356 10341 10348
f 10356 10349 10341
f 10357 10350 10349
f 10357 10358 10350
f 10358 10351 10350
f 10358 10359 10351
f 10359 10352 10351
f 10359 10360 10352
f 10360 10353 10352
f 10360 10361 10353
f 10361 10354 10353
f 10361 10362 10354
f 10362 10355 10354
f 10362 10363 10355
f 10363 10356 10355
f 10363 10364 10356
f 10364 10349 10356
f 10364 10357 10349
f 10365 10358 10357
f 10365 10366 10358
f 10366 10359 10358
f 10366 10367 10359
f 10367 10360 10359
f 10367 10368 10360
f 10368 10361 10360
f 10368 10369 10361
f 10369 10362 10361
f 10369 10370 10362
f 10370 10363 10362
f 10370 10371 10363
f 10371 10364 10363
f 10371 10372 10364
f 10372 10357 10364
f 10372 10365 10357
f 10373 10366 10365
f 10373 10374 10366
f 10374 10367 10366
f 10374 10375 10367
f 10375 10368 10367
f 10375 10376 10368
f 10376 10369 10368
f 10376 10377 10369
f 10377 10370 10369
f 10377 10378 10370
f 10378 10371 10370
f 10378 10379 10371
f 10379 10372 10371
f 10379 10380 10372
f 10380 10365 10372
f 10380 10373 10365
f 10381 10383 10384
f 10382 10416 10415
f 10381 10384 10385
f 10382 10417 10416
f 10381 10385 10386
f 10382 10418 10417
f 10381 10386 10387
f 10382 10419 10418
f 10381 10387 10388
f 10382 10420 10419
f 10381 10388 10389
f 10382 10421 10420
f 10381 10389 10390
f 10382 10422 10421
f 10381 10390 10383
f 10382 10415 10422
f 10391 10384 10383
f 10391 10392 10384
f 10392 10385 10384
f 10392 10393 10385
f 10393 10386 10385
f 10393 10394 10386
f 10394 10387 10386
f 10394 10395 10387
f 10395 10388 10387
f 10395 10396 10388
f 10396 10389 10388
f 10396 10397 10389
f 10397 10390 10389
f 10397 10398 10390
f 10398 10383 10390
f 10398 10391 10383
f 10399 10392 10391
f 10399 10400 10392
f 10400 10393 10392
f 10400 10401 10393
f 10401 10394 10393
f 10401 10402 10394
f 10402 10395 10394
f 10402 10403 10395
f 10403 10396 10395
f 10403 10404 10396
f 10404 10397 10396
f 10404 10405 10397
f 10405 10398 10397
f 10405 10406 10398
f 10406 10391 10398
f 10406 10399 10391
f 10407 10400 10399
f 10407 10408 10400
f 10408 10401 10400
f 10408 10409 10401
f 10409 10402 10401
f 10409 10410 10402
f 10410 10403 10402
f 10410 10411 10403
f 10411 10404 10403
f 10411 10412 10404
f 10412 10405 10404
f 10412 10413 10405
f 10413 10406 10405
f 10413 10414 10406
f 10414 10399 10406
f 10414 10407 10399
f 10415 10408 10407
f 10415 10416 10408
f 10416 10409 10408
f 10416 10417 10409
f 10417 10410 10409
f 10417 10418 10410
f 10418 10411 10410
f 10418 10419 10411
f 10419 10412 10411
f 10419 10420 10412
f 10420 10413 10412
f 10420 10421 10413
f 10421 10414 10413
f 10421 10422 10414
f 10422 10407 10414
f 10422 10415 10407
f 10423 10425 10426
f 10424 10458 10457
f 10423 10426 10427
f 10424 10459 10458
f 10423 10427 10428
f 10424 10460 10459
f 10423 10428 10429
f 10424 10461 10460
f 10423 10429 10430
f 10424 10462 10461
f 10423 10430 10431
f 10424 10463 10462
f 10423 10431 10432
f 10424 10464 10463
f 10423 10432 10425
f 10424 10457 10464
f 10433 10426 10425
f 10433 10434 10426
f 10434 10427 10426
f 10434 10435 10427
f 10435 10428 10427
f 10435 10436 10428
f 10436 10429 10428
f 10436 10437 10429
f 10437 10430 10429
f 10437 10438 10430
f 10438 10431 10430
f 10438 10439 10431
f 10439 10432 10431
f 10439 10440 10432
f 10440 10425 10432
f 10440 10433 10425
f 10441 10434 10433
f 10441 10442 10434
f 10442 10435 10434
f 10442 10443 10435
f 10443 10436 10435
f 10443 10444 10436
f 10444 10437 10436
f 10444 10445 10437
f 10445 10438 10437
f 10445 10446 10438
f 10446 10439 10438
f 10446 10447 10439
f 10447 10440 10439
f 10447 10448 10440
f 10448 10433 10440
f 10448 10441 10433
f 10449 10442 10441
f 10449 10450 10442
f 10450 10443 10442
f 10450 10451 10443
f 10451 10444 10443
f 10451 10452 10444
f 10452 10445 10444
f 10452 10453 10445
f 10453 10446 10445
f 10453 10454 10446
f 10454 10447 10446
f 10454 10455 10447
f 10455 10448 10447
f 10455 10456 10448
f 10456 10441 10448
f 10456 10449 10441
f 10457 10450 10449
f 10457 10458 10450
f 10458 10451 10450
f 10458 10459 10451
f 10459 10452 10451
f 10459 10460 10452
f 10460 10453 10452
f 10460 10461 10453
f 10461 10454 10453
f 10461 10462 10454
f 10462 10455 10454
f 10462 10463 10455
f 10463 10456 10455
f 10463 10464 10456
f 10464 10449 10456
f 10464 10457 10449
f 10465 10467 10468
f 10466 10500 10499
f 10465 10468 10469
f 10466 10501 10500
f 10465 10469 10470
f 10466 10502 10501
f 10465 10470 10471
f 10466 10503 10502
f 10465 10471 10472
f 10466 10504 10503
f 10465 10472 10473
f 10466 10505 10504
f 10465 10473 10474
f 10466 10506 10505
f 10465 10474 10467
f 10466 10499 10506
f 10475 10468 10467
f 10475 10476 10468
f 10476 10469 10468
f 10476 10477 10469
f 10477 10470 10469
f 10477 10478 10470
f 10478 10471 10470
f 10478 10479 10471
f 10479 10472 10471
f 10479 10480 10472
f 10480 10473 10472
f 10480 10481 10473
f 10481 10474 10473
f 10481 10482 10474
f 10482 10467 10474
f 10482 10475 10467
f 10483 10476 10475
f 10483 10484 10476
f 10484 10477 10476
f 10484 10485 10477
f 10485 10478 10477
f 10485 10486 10478
f 10486 10479 10478
f 10486 10487 10479
f 10487 10480 10479
f 10487 10488 10480
f 10488 10481 10480
f 10488 10489 10481
f 10489 10482 10481
f 10489 10490 10482
f 10490 10475 10482
f 10490 10483 10475
f 10491 10484 10483
f 10491 10492 10484
f 10492 10485 10484
f 10492 10493 10485
f 10493 10486 10485
f 10493 10494 10486
f 10494 10487 10486
f 10494 10495 10487
f 10495 10488 10487
f 10495 10496 10488
f 10496 10489 10488
f 10496 10497 10489
f 10497 10490 10489
f 10497 10498 10490
f 10498 10483 10490
f 10498 10491 10483
f 10499 10492 10491
f 10499 10500 10492
f 10500 10493 10492
f 10500 10501 10493
f 10501 10494 10493
f 10501 10502 10494
f 10502 10495 10494
f 10502 10503 10495
f 10503 10496 10495
f 10503 10504 10496
f 10504 10497 10496
f 10504 10505 10497
f 10505 10498 10497
f 10505 10506 10498
f 10506 10491 10498
f 10506 10499 10491
f 10507 10509 10510
f 10508 10542 10541
f 10507 10510 10511
f 10508 10543 10542
f 10507 10511 10512
f 10508 10544 10543
f 10507 10512 10513
f 10508 10545 10544
f 10507 10513 10514
f 10508 10546 10545
f 10507 10514 10515
f 10508 10547 10546
f 10507 10515 10516
f 10508 10548 10547
f 10507 10516 10509
f 10508 10541 10548
f 10517 10510 10509
f 10517 10518 10510
f 10518 10511 10510
f 10518 10519 10511
f 10519 10512 10511
f 10519 10520 10512
f 10520 10513 10512
f 10520 10521 10513
f 10521 10514 10513
f 10521 10522 10514
f 10522 10515 10514
f 10522 10523 10515
f 10523 10516 10515
f 10523 10524 10516
f 10524 10509 10516
f 10524 10517 10509
f 10525 10518 10517
f 10525 10526 10518
f 10526 10519 10518
f 10526 10527 10519
f 10527 10520 10519
f 10527 10528 10520
f 10528 10521 10520
f 10528 10529 10521
f 10529 10522 10521
f 10529 10530 10522
f 10530 10523 10522
f 10530 10531 10523
f 10531 10524 10523
f 10531 10532 10524
f 10532 10517 10524
f 10532 10525 10517
f 10533 10526 10525
f 10533 10534 10526
f 10534 10527 10526
f 10534 10535 10527
f 10535 10528 10527
f 10535 10536 10528
f 10536 10529 10528
f 10536 10537 10529
f 10537 10530 10529
f 10537 10538 10530
f 10538 10531 10530
f 10538 10539 10531
f 10539 10532 10531
f 10539 10540 10532
f 10540 10525 10532
f 10540 10533 10525
f 10541 10534 10533
f 10541 10542 10534
f 10542 10535 10534
f 10542 10543 10535
f 10543 10536 10535
f 10543 10544 10536
f 10544 10537 10536
f 10544 10545 10537
f 10545 10538 10537
f 10545 10546 10538
f 10546 10539 10538
f 10546 10547 10539
f 10547 10540 10539
f 10547 10548 10540
f 10548 10533 10540
f 10548 10541 10533
f 10549 10551 10552
f 10550 10584 10583
f 10549 10552 10553
f 10550 10585 10584
f 10549 10553 10554
f 10550 10586 10585
f 10549 10554 10555
f 10550 10587 10586
f 10549 10555 10556
f 10550 10588 10587
f 10549 10556 10557
f 10550 10589 10588
f 10549 10557 10558
f 10550 10590 10589
f 10549 10558 10551
f 10550 10583 10590
f 10559 10552 10551
f 10559 10560 10552
f 10560 10553 10552
f 10560 10561 10553
f 10561 10554 10553
f 10561 10562 10554
f 10562 10555 10554
f 10562 10563 10555
f 10563 10556 10555
f 10563 10564 10556
f 10564 10557 10556
f 10564 10565 10557
f 10565 10558 10557
f 10565 10566 10558
f 10566 10551 10558
f 10566 10559 10551
f 10567 10560 10559
f 10567 10568 10560
f 10568 10561 10560
f 10568 10569 10561
f 10569 10562 10561
f 10569 10570 10562
f 10570 10563 10562
f 10570 10571 10563
f 10571 10564 10563
f 10571 10572 10564
f 10572 10565 10564
f 10572 10573 10565
f 10573 10566 10565
f 10573 10574 10566
f 10574 10559 10566
f 10574 10567 10559
f 10575 10568 10567
f 10575 10576 10568
f 10576 10569 10568
f 10576 10577 10569
f 10577 10570 10569
f 10577 10578 10570
f 10578 10571 10570
f 10578 10579 10571
f 10579 10572 10571
f 10579 10580 10572
f 10580 10573 10572
f 10580 10581 10573
f 10581 10574 10573
f 10581 10582 10574
f 10582 10567 10574
f 10582 10575 10567
f 10583 10576 10575
f 10583 10584 10576
f 10584 10577 10576
f 10584 10585 10577
f 10585 10578 10577
f 10585 10586 10578
f 10586 10579 10578
f 10586 10587 10579
f 10587 10580 10579
f 10587 10588 10580
f 10588 10581 10580
f 10588 10589 10581
f 10589 10582 10581
f 10589 10590 10582
f 10590 10575 10582
f 10590 10583 10575
f 10591 10593 10594
f 10592 10626 10625
f 10591 10594 10595
f 10592 10627 10626
f 10591 10595 10596
f 10592 10628 10627
f 10591 10596 10597
f 10592 10629 10628
f 10591 10597 10598
f 10592 10630 10629
f 10591 10598 10599
f 10592 10631 10630
f 10591 10599 10600
f 10592 10632 10631
f 10591 10600 10593
f 10592 10625 10632
f 10601 10594 10593
f 10601 10602 10594
f 10602 10595 10594
f 10602 10603 10595
f 10603 10596 10595
f 10603 10604 10596
f 10604 10597 10596
f 10604 10605 10597
f 10605 10598 10597
f 10605 10606 10598
f 10606 10599 10598
f 10606 10607 10599
f 10607 10600 10599
f 10607 10608 10600
f 10608 10593 10600
f 10608 10601 10593
f 10609 10602 10601
f 10609 10610 10602
f 10610 10603 10602
f 10610 10611 10603
f 10611 10604 10603
f 10611 10612 10604
f 10612 10605 10604
f 10612 10613 10605
f 10613 10606 10605
f 10613 10614 10606
f 10614 10607 10606
f 10614 10615 10607
f 10615 10608 10607
f 10615 10616 10608
f 10616 10601 10608
f 10616 10609 10601
f 10617 10610 10609
f 10617 10618 10610
f 10618 10611 10610
f 10618 10619 10611
f 10619 10612 10611
f 10619 10620 10612
f 10620 10613 10612
f 10620 10621 10613
f 10621 10614 10613
f 10621 10622 10614
f 10622 10615 10614
f 10622 10623 10615
f 10623 10616 10615
f 10623 10624 10616
f 10624 10609 10616
f 10624 10617 10609
f 10625 10618 10617
f 10625 10626 10618
f 10626 10619 10618
f 10626 10627 10619
f 10627 10620 10619
f 10627 10628 10620
f 10628 10621 10620
f 10628 10629 10621
f 10629 10622 10621
f 10629 10630 10622
f 10630 10623 10622
f 10630 10631 10623
f 10631 10624 10623
f 10631 10632 10624
f 10632 10617 10624
f 10632 10625 10617
